Unnamed: 0,Time,Frame,EyeTrackingEnabled,EyeCalibrationValid,EyeTrackingEnabledAndValid,EyeTrackingDataValid,GazeInputSource,EyeGazeOrigin.x,EyeGazeOrigin.y,EyeGazeOrigin.z,EyeGazeDirection.x,EyeGazeDirection.y,EyeGazeDirection.z,EyeHitInfo.distance,EyeHitPosition.x,EyeHitPosition.y,EyeHitPosition.z,EyeHitNormal.x,EyeHitNormal.y,EyeHitNormal.z,LocalEyeHitPosition.x,LocalEyeHitPosition.y,LocalEyeHitPosition.z,HeadGazeOrigin.x,HeadGazeOrigin.y,HeadGazeOrigin.z,HeadRotation.x,HeadRotation.y,HeadRotation.z,HeadRotation.w,HeadEulerAngles.x,HeadEulerAngles.y,HeadEulerAngles.z,HeadMovementDirection.x,HeadMovementDirection.y,HeadMovementDirection.z,HeadVelocity.x,HeadVelocity.y,HeadVelocity.z,transform.position.x,transform.position.y,transform.position.z,localTransform.position.x,localTransform.position.y,localTransform.position.z,localXAxis.x,localXAxis.y,localXAxis.z,localYAxis.x,localYAxis.y,localYAxis.z,localZAxis.x,localZAxis.y,localZAxis.z,Movement,GazeAngleX,GazeAngleY,TargetAngleX,TargetAngleY,CalibratedGazeAngleX,CalibratedGazeAngleY
0,05/17/2023 13:16:09.306406,212,True,True,True,True,Eyes,1.316006,-0.2754701,-2.998541,-0.3174667,-0.04957604,0.9469727,0.0,0.0,0.0,0.0,0.0,0.0,0.0,-1.271895,1.062153,2.846386,1.3155,-0.274524,-3.006974,0.133542,-0.007481178,-0.0004319883,0.9910148,15.34781,359.1121,359.8304,0.401381,-0.08399395,-0.9120508,0,0,0,0.7068905,-0.3932231,-1.06293,-0.5796,0.4008,1.915,0.9998877,-0.002854317,0.01471254,-0.00114189,0.9643326,0.2646908,-0.01494329,-0.2646778,0.9642211,static,-18.53341,-2.996821,-16.83913,11.82109,-2.177108158134203,9.721952608875005
1,05/17/2023 13:16:09.317265,213,True,True,True,True,Eyes,1.315994,-0.2754696,-2.998541,-0.3174222,-0.04957946,0.9469873,0.0,0.0,0.0,0.0,0.0,0.0,0.0,-1.272633,1.061505,2.846284,1.315499,-0.2744865,-3.006966,0.13347,-0.007370318,-0.0004936585,0.9910254,15.33944,359.1242,359.825,0.4012896,-0.08397723,-0.9120926,0,0,0,0.707338,-0.3928475,-1.062761,-0.5796001,0.4008001,1.915,0.9998909,-0.002945889,0.01447657,-0.0009889764,0.964371,0.2645516,-0.01474012,-0.2645371,0.9642629,static,-18.53072,-2.99698,-16.83914,11.82109,-2.176869219911601,9.721959027784765
2,05/17/2023 13:16:09.336270,214,True,True,True,True,Eyes,1.315982,-0.2754693,-2.998541,-0.3173681,-0.04964205,0.9470022,0.0,0.0,0.0,0.0,0.0,0.0,0.0,-1.273283,1.06122,2.846068,1.315503,-0.2744817,-3.006934,0.133421,-0.007257163,-0.0004750718,0.9910328,15.33382,359.1378,359.829,0.4012069,-0.08396217,-0.9121304,0,0,0,0.7077771,-0.3926901,-1.062584,-0.5796,0.4008001,1.915,0.9998943,-0.00287814,0.0142574,-0.000994893,0.9643973,0.2644562,-0.01451094,-0.2644423,0.9642923,static,-18.52751,-3.00071,-16.83913,11.82109,-2.1764197263111225,9.721787292704748
3,05/17/2023 13:16:09.356532,215,True,True,True,True,Eyes,1.315971,-0.2754692,-2.998539,-0.317313,-0.04970618,0.9470173,0.0,0.0,0.0,0.0,0.0,0.0,0.0,-1.273626,1.060959,2.846013,1.315445,-0.2744817,-3.006961,0.1333215,-0.007159435,-0.0003443955,0.991047,15.32244,359.1515,359.846,0.4011323,-0.08394863,-0.9121644,0,0,0,0.7080619,-0.3924681,-1.06249,-0.5796,0.4008002,1.915,0.9998972,-0.002591638,0.01409884,-0.001226389,0.9644505,0.2642607,-0.0142825,-0.2642508,0.9643483,static,-18.52423,-3.004532,-16.83913,11.82109,-2.175959935729185,9.72161127242964
4,05/17/2023 13:16:09.366265,216,True,True,True,True,Eyes,1.315964,-0.2754686,-2.998536,-0.317271,-0.04980031,0.9470264,0.0,0.0,0.0,0.0,0.0,0.0,0.0,-1.273837,1.061246,2.845751,1.31543,-0.2744868,-3.006909,0.133364,-0.007115641,-0.0003179807,0.9910417,15.32738,359.157,359.8498,0.4010648,-0.08393645,-0.9121953,0,0,0,0.7082097,-0.3926784,-1.0624,-0.5796,0.4008,1.915,0.9998986,-0.002528205,0.01401898,-0.001267677,0.9644279,0.2643431,-0.01418861,-0.2643341,0.9643268,static,-18.52178,-3.010182,-16.83913,11.82109,-2.1754867218856964,9.721338155880538
5,05/17/2023 13:16:09.386346,217,True,True,True,True,Eyes,1.315956,-0.275472,-2.998531,-0.3172414,-0.04990051,0.947031,0.0,0.0,0.0,0.0,0.0,0.0,0.0,-1.273533,1.061527,2.845744,1.315418,-0.2744675,-3.00688,0.1334098,-0.007162477,-0.0003065385,0.9910352,15.33268,359.1517,359.8504,0.4010039,-0.08392549,-0.912223,0,0,0,0.7080122,-0.3928452,-1.06244,-0.5796,0.4008,1.915,0.9998972,-0.00251867,0.01411474,-0.001303509,0.9644035,0.264432,-0.01427832,-0.2644232,0.964301,static,-18.52009,-3.016213,-16.83913,11.82109,-2.1750612401444056,9.721041643185618
6,05/17/2023 13:16:09.396577,218,True,True,True,True,Eyes,1.315955,-0.2754664,-2.998528,-0.3172307,-0.04999918,0.9470295,0.0,0.0,0.0,0.0,0.0,0.0,0.0,-1.272452,1.062579,2.84578,1.315378,-0.2745646,-3.006837,0.1334737,-0.007288733,-8.827094e-05,0.9910256,15.34024,359.1403,359.874,0.400949,-0.08391574,-0.9122481,0,0,0,0.7074191,-0.3934304,-1.0626,-0.5796001,0.4008,1.915,0.9998938,-0.002120666,0.01442308,-0.001770751,0.9643695,0.2645531,-0.01447021,-0.2645505,0.9642633,static,-18.51953,-3.022171,-16.83913,11.82109,-2.174736418453441,9.720742748656674
7,05/17/2023 13:16:09.416381,219,True,True,True,True,Eyes,1.315959,-0.2754638,-2.998523,-0.3172341,-0.05008477,0.9470237,0.0,0.0,0.0,0.0,0.0,0.0,0.0,-1.271086,1.062053,2.846623,1.315427,-0.2743406,-3.00687,0.1332951,-0.007470291,0.0001618536,0.9910483,15.31979,359.1229,359.9008,0.4008996,-0.08390681,-0.9122707,0,0,0,0.7066923,-0.3927696,-1.062849,-0.5796,0.4007999,1.915,0.9998884,-0.001670697,0.01484999,-0.002312316,0.9644648,0.2642013,-0.01476369,-0.2642062,0.9643532,static,-18.51982,-3.027353,-16.83913,11.82109,-2.1745207930336328,9.720478602001466
8,05/17/2023 13:16:09.435849,220,True,True,True,True,Eyes,1.315941,-0.2754583,-2.998516,-0.3172314,-0.05016949,0.9470202,0.0,0.0,0.0,0.0,0.0,0.0,0.0,-1.270041,1.061612,2.847264,1.315558,-0.274416,-3.006816,0.1331473,-0.007643249,0.000274019,0.9910669,15.30278,359.1044,359.9113,0.4008552,-0.0838987,-0.9122909,0,0,0,0.7061198,-0.3923687,-1.062986,-0.5796001,0.4007999,1.915,0.9998831,-0.001492213,0.01522291,-0.002578498,0.9645434,0.2639115,-0.01507697,-0.2639199,0.9644268,static,-18.51974,-3.032475,-16.83913,11.82109,-2.1742761035418727,9.720219486814942
9,05/17/2023 13:16:09.456033,221,True,True,True,True,Eyes,1.31592,-0.2754524,-2.998505,-0.3172039,-0.05025506,0.9470249,0.0,0.0,0.0,0.0,0.0,0.0,0.0,-1.271007,1.059508,2.84764,1.315717,-0.2743492,-3.006775,0.1331937,-0.007712385,-0.0006308104,0.9910599,15.30731,359.0819,359.8037,0.400815,-0.08389127,-0.9123093,0,0,0,0.7062674,-0.3914075,-1.062894,-0.5796,0.4008,1.915,0.9998803,-0.003304824,0.01511883,-0.0008041408,0.9645181,0.2640156,-0.01545491,-0.2639961,0.9643999,static,-18.51816,-3.037623,-16.83913,11.82109,-2.173901086366766,9.719967126185708
10,05/17/2023 13:16:09.466288,222,True,True,True,True,Eyes,1.315905,-0.2754569,-2.998497,-0.3171672,-0.05038705,0.9470302,0.0,0.0,0.0,0.0,0.0,0.0,0.0,-1.273547,1.059067,2.846537,1.315636,-0.2743284,-3.006686,0.1334787,-0.007441842,-0.001385367,0.9910228,15.33964,359.1017,359.7188,0.4007783,-0.08388446,-0.9123261,0,0,0,0.7074524,-0.3916634,-1.062426,-0.5796001,0.4008,1.915,0.9998854,-0.004732516,0.01438024,0.0007592053,0.964363,0.2645816,-0.0151199,-0.2645403,0.9642562,static,-18.51607,-3.045569,-16.83913,11.82109,-2.173352263287338,9.719575727769215
11,05/17/2023 13:16:09.486306,223,True,True,True,True,Eyes,1.315892,-0.2754602,-2.998492,-0.3171176,-0.05054265,0.9470385,0.0,0.0,0.0,0.0,0.0,0.0,0.0,-1.273967,1.061305,2.845533,1.31549,-0.2745653,-3.006746,0.1337162,-0.00728616,-0.001116593,0.9909923,15.36738,359.1241,359.7527,0.400745,-0.08387849,-0.9123413,0,0,0,0.7078326,-0.3931755,-1.062398,-0.5796,0.4008,1.915,0.9998913,-0.004161626,0.01414244,0.0002645153,0.9642375,0.2650397,-0.01473967,-0.2650072,0.9641338,static,-18.51322,-3.054929,-16.83913,11.82109,-2.1726723702501918,9.719116767957757
12,05/17/2023 13:16:09.496152,224,True,True,True,True,Eyes,1.315895,-0.2754588,-2.998488,-0.3170396,-0.05069511,0.9470565,0.0,0.0,0.0,0.0,0.0,0.0,0.0,-1.274726,1.063631,2.844388,1.315504,-0.2745337,-3.006802,0.1339443,-0.007062207,-0.0006823252,0.9909635,15.39418,359.1573,359.8072,0.4007148,-0.08387326,-0.9123551,0,0,0,0.7085916,-0.3945877,-1.062311,-0.5796,0.4008001,1.915,0.9998993,-0.003244204,0.01381399,-0.0005395662,0.9641169,0.2654775,-0.01417957,-0.2654582,0.9640181,static,-18.50864,-3.064069,-16.83913,11.82109,-2.171853772276213,9.718678265907904
13,05/17/2023 13:16:09.516600,225,True,True,True,True,Eyes,1.315895,-0.2754564,-2.998491,-0.316959,-0.05083767,0.9470757,0.0,0.0,0.0,0.0,0.0,0.0,0.0,-1.275972,1.064145,2.843663,1.315486,-0.2744029,-3.006847,0.1339916,-0.006809136,-0.0005083942,0.990959,15.39984,359.1899,359.8317,0.4006877,-0.0838685,-0.9123675,0,0,0,0.7095082,-0.394888,-1.062091,-0.5796,0.4008,1.915,0.9999068,-0.00283233,0.01335891,-0.0008171385,0.964092,0.2655673,-0.01363139,-0.2655534,0.9639998,static,-18.50391,-3.072606,-16.83913,11.82109,-2.171050258194236,9.718271126715841
14,05/17/2023 13:16:09.535840,226,True,True,True,True,Eyes,1.315889,-0.2754506,-2.998492,-0.3168713,-0.05095824,0.9470986,0.0,0.0,0.0,0.0,0.0,0.0,0.0,-1.276333,1.063821,2.843717,1.315399,-0.2743785,-3.006977,0.1339423,-0.006735408,-0.0005188251,0.9909662,15.39414,359.1984,359.8317,0.4006633,-0.08386414,-0.9123787,0,0,0,0.7097107,-0.3946693,-1.062119,-0.5796,0.4008001,1.915,0.9999087,-0.002832588,0.01321014,-0.0007760357,0.9641184,0.2654715,-0.01348811,-0.2654575,0.9640282,static,-18.49872,-3.079806,-16.83913,11.82109,-2.1702692210748804,9.717934212384755
15,05/17/2023 13:16:09.556176,227,True,True,True,True,Eyes,1.315882,-0.2754475,-2.998494,-0.3168016,-0.0510707,0.9471159,0.0,0.0,0.0,0.0,0.0,0.0,0.0,-1.27571,1.063663,2.843988,1.315313,-0.2742926,-3.006958,0.1338786,-0.0068021,-0.0004133922,0.9909744,15.38686,359.1923,359.8431,0.4006412,-0.08386004,-0.9123887,0,0,0,0.7093362,-0.394446,-1.062181,-0.5796,0.4007999,1.915,0.9999071,-0.002640634,0.01337073,-0.001001989,0.9641527,0.2653461,-0.0135921,-0.2653349,0.9640605,static,-18.49462,-3.086533,-16.83913,11.82109,-2.169603971900752,9.717615400564128
16,05/17/2023 13:16:09.566426,228,True,True,True,True,Eyes,1.315877,-0.2754464,-2.998495,-0.3167527,-0.05114852,0.9471281,0.0,0.0,0.0,0.0,0.0,0.0,0.0,-1.274319,1.063775,2.844584,1.31528,-0.2743588,-3.00698,0.1337639,-0.006974495,-0.0001644575,0.9909887,15.37377,359.1759,359.8698,0.4006211,-0.08385626,-0.9123979,0,0,0,0.7085633,-0.394326,-1.062423,-0.5796,0.4008,1.915,0.9999027,-0.002191822,0.01377929,-0.00153992,0.9642144,0.2651193,-0.01386729,-0.2651147,0.9641171,static,-18.49173,-3.091187,-16.83913,11.82109,-2.1691391247562075,9.71739512184958
17,05/17/2023 13:16:09.586109,229,True,True,True,True,Eyes,1.315874,-0.2754441,-2.998494,-0.3167188,-0.05121231,0.9471359,0.0,0.0,0.0,0.0,0.0,0.0,0.0,-1.272702,1.0624,2.845818,1.315354,-0.2744081,-3.00694,0.1334175,-0.007216285,2.571329e-05,0.9910337,15.33385,359.1506,359.8886,0.4006028,-0.08385283,-0.9124063,0,0,0,0.7076449,-0.3931983,-1.06262,-0.5796,0.4008001,1.915,0.9998959,-0.001874592,0.01431002,-0.001976523,0.9643996,0.2644421,-0.0142963,-0.2644429,0.9642954,static,-18.48975,-3.095009,-16.83913,11.82109,-2.1687912386606496,9.717212105799428
18,05/17/2023 13:16:09.606374,230,True,True,True,True,Eyes,1.315897,-0.2754441,-2.998491,-0.3166897,-0.05127984,0.947142,0.0,0.0,0.0,0.0,0.0,0.0,0.0,-1.271704,1.061652,2.846513,1.315382,-0.2743827,-3.006901,0.1332828,-0.007389538,2.495749e-05,0.9910506,15.31824,359.1302,359.8859,0.4005864,-0.08384968,-0.9124138,0,0,0,0.7069998,-0.3926148,-1.062757,-0.5796001,0.4008,1.915,0.9998908,-0.001920327,0.01465346,-0.002019264,0.9644714,0.2641795,-0.01464016,-0.2641803,0.9643622,static,-18.48805,-3.099063,-16.83913,11.82109,-2.168456683826128,9.717015826894833
19,05/17/2023 13:16:09.616322,231,True,True,True,True,Eyes,1.31592,-0.2754447,-2.99849,-0.3166632,-0.05135179,0.947147,0.0,0.0,0.0,0.0,0.0,0.0,0.0,-1.271141,1.061741,2.84671,1.315475,-0.2744171,-3.006838,0.133314,-0.007513683,-3.32005e-05,0.9910455,15.3218,359.1147,359.8771,0.4005722,-0.08384682,-0.9124203,0,0,0,0.7066272,-0.3926839,-1.062842,-0.5796,0.4008,1.915,0.9998871,-0.002069165,0.01488395,-0.001937552,0.9644548,0.264241,-0.01490165,-0.26424,0.9643418,static,-18.48652,-3.103387,-16.83913,11.82109,-2.16812422715605,9.716804951522455
20,05/17/2023 13:16:09.635955,232,True,True,True,True,Eyes,1.315965,-0.2754458,-2.998491,-0.3166178,-0.05143155,0.9471579,0.0,0.0,0.0,0.0,0.0,0.0,0.0,-1.271149,1.06224,2.84658,1.315509,-0.2744321,-3.006878,0.1334412,-0.007541592,-0.0001365295,0.9910282,15.3364,359.1097,359.8643,0.40056,-0.08384425,-0.9124259,0,0,0,0.7065816,-0.3930728,-1.06293,-0.5796,0.4008001,1.915,0.9998863,-0.002283327,0.01491142,-0.001742109,0.9643869,0.26449,-0.0149843,-0.2644859,0.9642732,static,-18.48385,-3.108161,-16.83913,11.82109,-2.167672746360857,9.716577408180557
21,05/17/2023 13:16:09.655291,233,True,True,True,True,Eyes,1.316007,-0.2754404,-2.99849,-0.3165646,-0.05151146,0.9471713,0.0,0.0,0.0,0.0,0.0,0.0,0.0,-1.271746,1.063046,2.846038,1.315481,-0.2744198,-3.006915,0.1336686,-0.007478349,-0.000320703,0.9909979,15.36255,359.1142,359.8434,0.4005501,-0.08384192,-0.9124305,0,0,0,0.7068506,-0.3937481,-1.062916,-0.5796,0.4008,1.915,0.9998879,-0.002634873,0.01473632,-0.001363609,0.9642651,0.2649355,-0.01490779,-0.2649259,0.9641535,static,-18.48071,-3.112937,-16.83913,11.82109,-2.1671807149342697,9.716352292734957
22,05/17/2023 13:16:09.666531,234,True,True,True,True,Eyes,1.316059,-0.2754432,-2.998487,-0.3165033,-0.05159216,0.9471873,0.0,0.0,0.0,0.0,0.0,0.0,0.0,-1.272455,1.063085,2.845646,1.315486,-0.2742568,-3.006871,0.1336918,-0.007348977,-0.0002735948,0.9909958,15.36528,359.1301,359.851,0.4005423,-0.08383963,-0.9124341,0,0,0,0.7073452,-0.3937523,-1.062729,-0.5796001,0.4008001,1.915,0.9998919,-0.002507258,0.01449245,-0.001422733,0.9642528,0.26498,-0.01463876,-0.2649719,0.964145,static,-18.47709,-3.117752,-16.83913,11.82109,-2.1666455542448846,9.716127784108496
23,05/17/2023 13:16:09.685826,235,True,True,True,True,Eyes,1.31611,-0.2754377,-2.998483,-0.3164409,-0.05164447,0.9472054,0.0,0.0,0.0,0.0,0.0,0.0,0.0,-1.272192,1.063441,2.845645,1.315567,-0.2744519,-3.006831,0.133635,-0.007362904,-7.937245e-05,0.9910034,15.35889,359.1316,359.8737,0.4005367,-0.08383759,-0.9124368,0,0,0,0.7073172,-0.3939504,-1.062723,-0.5796,0.4008,1.915,0.9998916,-0.0021252,0.01457211,-0.001810567,0.9642833,0.2648666,-0.01461454,-0.2648643,0.9641749,static,-18.47336,-3.120847,-16.83913,11.82109,-2.166180780486766,9.715991024518662
24,05/17/2023 13:16:09.696516,236,True,True,True,True,Eyes,1.316152,-0.2754401,-2.99848,-0.3163699,-0.05170804,0.9472257,0.0,0.0,0.0,0.0,0.0,0.0,0.0,-1.272884,1.061047,2.846182,1.315625,-0.274251,-3.006779,0.1334344,-0.007346964,-0.0004819757,0.9910303,15.33535,359.1272,359.8268,0.400533,-0.08383556,-0.9124386,0,0,0,0.7075519,-0.3924896,-1.062539,-0.5796001,0.4008,1.915,0.9998916,-0.002915981,0.0144335,-0.001005371,0.96439,0.2644822,-0.01469075,-0.264468,0.9642826,static,-18.46913,-3.124614,-16.83913,11.82109,-2.1656417670770045,9.71582290354056
25,05/17/2023 13:16:09.716322,237,True,True,True,True,Eyes,1.316193,-0.2754413,-2.998475,-0.3163018,-0.05178025,0.9472445,0.0,0.0,0.0,0.0,0.0,0.0,0.0,-1.27365,1.060565,2.846009,1.315521,-0.2744414,-3.006799,0.1334489,-0.007264085,-0.0007644374,0.9910288,15.33679,359.1324,359.7948,0.4005308,-0.08383376,-0.9124398,0,0,0,0.70785,-0.3924182,-1.062417,-0.5796,0.4008,1.915,0.9998933,-0.003453928,0.01419381,-0.0004236097,0.9643816,0.2645146,-0.01460186,-0.2644924,0.9642773,static,-18.46508,-3.128907,-16.83913,11.82109,-2.1650938271251143,9.715627160063509
26,05/17/2023 13:16:09.737410,238,True,True,True,True,Eyes,1.316229,-0.2754431,-2.998473,-0.3162338,-0.0518604,0.9472628,0.0,0.0,0.0,0.0,0.0,0.0,0.0,-1.273623,1.061375,2.84567,1.315503,-0.2744119,-3.006762,0.1335883,-0.007261681,-0.0007450276,0.9910101,15.35293,359.133,359.797,0.4005298,-0.08383215,-0.9124404,0,0,0,0.7078354,-0.3929601,-1.062414,-0.5796,0.4008002,1.915,0.9998934,-0.003416812,0.01419374,-0.0004634923,0.9643072,0.2647856,-0.01459185,-0.264764,0.9642028,static,-18.46105,-3.13368,-16.83913,11.82109,-2.1645253234488684,9.715406986051306
27,05/17/2023 13:16:09.756095,239,True,True,True,True,Eyes,1.316264,-0.2754433,-2.99847,-0.3161719,-0.05193952,0.9472791,0.0,0.0,0.0,0.0,0.0,0.0,0.0,-1.273291,1.062027,2.845646,1.315502,-0.2744298,-3.006828,0.1336093,-0.007273837,-0.0005525437,0.9910072,15.35552,359.1346,359.8194,0.4005299,-0.08383073,-0.9124405,0,0,0,0.7077329,-0.3932848,-1.062531,-0.5796001,0.4008,1.915,0.9998936,-0.003038854,0.0142692,-0.000848555,0.9642965,0.2648236,-0.0145645,-0.2648075,0.9641913,static,-18.45738,-3.138398,-16.83913,11.82109,-2.1639903622349186,9.715187661747409
28,05/17/2023 13:16:09.766341,240,True,True,True,True,Eyes,1.316311,-0.2754437,-2.998469,-0.3160959,-0.05204216,0.9472988,0.0,0.0,0.0,0.0,0.0,0.0,0.0,-1.272951,1.062246,2.8457,1.315518,-0.2743919,-3.006809,0.1336058,-0.007310226,-0.000447949,0.9910075,15.3552,359.132,359.8312,0.4005309,-0.08382943,-0.9124402,0,0,0,0.7075773,-0.3933504,-1.062571,-0.5796,0.4008,1.915,0.9998928,-0.002841219,0.01436928,-0.001065536,0.9642985,0.2648153,-0.01460867,-0.2648022,0.9641921,static,-18.45289,-3.144522,-16.83913,11.82109,-2.163319537662998,9.714901504312271
29,05/17/2023 13:16:09.786127,241,True,True,True,True,Eyes,1.316357,-0.2754464,-2.998468,-0.3160288,-0.05213624,0.947316,0.0,0.0,0.0,0.0,0.0,0.0,0.0,-1.272844,1.062274,2.845739,1.315445,-0.2743772,-3.006844,0.1336198,-0.007320435,-0.0004679482,0.9910056,15.3568,359.1304,359.8286,0.4005331,-0.08382821,-0.9124393,0,0,0,0.7074701,-0.3933654,-1.062619,-0.5796001,0.4008001,1.915,0.9998924,-0.002883788,0.01438413,-0.001028831,0.964291,0.2648427,-0.01463424,-0.2648291,0.9641843,static,-18.44893,-3.150138,-16.83913,11.82109,-2.1627179209989005,9.714638236497594
30,05/17/2023 13:16:09.797174,242,True,True,True,True,Eyes,1.316399,-0.2754467,-2.998462,-0.3159414,-0.05222525,0.9473403,0.0,0.0,0.0,0.0,0.0,0.0,0.0,-1.272285,1.062106,2.846049,1.315428,-0.2744384,-3.006844,0.1335375,-0.007392145,-0.000382142,0.9910162,15.34734,359.1234,359.8377,0.4005362,-0.08382716,-0.912438,0,0,0,0.7071505,-0.3931926,-1.062699,-0.5796,0.4008,1.915,0.9998904,-0.002731675,0.01454941,-0.00121684,0.9643351,0.2646813,-0.01475353,-0.26467,0.9642262,static,-18.44373,-3.155425,-16.83913,11.82109,-2.162024839408736,9.714398312902453
31,05/17/2023 13:16:09.816757,243,True,True,True,True,Eyes,1.31644,-0.2754474,-2.998457,-0.31586,-0.05230644,0.9473629,0.0,0.0,0.0,0.0,0.0,0.0,0.0,-1.271895,1.061849,2.846215,1.315477,-0.2743831,-3.006728,0.1334778,-0.007453463,-0.0003247538,0.9910238,15.34048,359.1171,359.8435,0.4005402,-0.08382619,-0.9124364,0,0,0,0.7069451,-0.3929601,-1.062652,-0.5796,0.4008,1.915,0.9998887,-0.002633421,0.01468642,-0.001346066,0.9643672,0.2645641,-0.01485981,-0.2645544,0.9642563,static,-18.43889,-3.160245,-16.83913,11.82109,-2.1613844285240296,9.714180116178182
32,05/17/2023 13:16:09.836396,244,True,True,True,True,Eyes,1.316484,-0.2754512,-2.99845,-0.3157794,-0.05239584,0.9473848,0.0,0.0,0.0,0.0,0.0,0.0,0.0,-1.271698,1.061563,2.846411,1.315483,-0.2743956,-3.006726,0.1334241,-0.007487832,-0.0003257122,0.9910308,15.33426,359.1131,359.8429,0.4005448,-0.08382531,-0.9124345,0,0,0,0.7068179,-0.3927549,-1.062679,-0.5796,0.4008001,1.915,0.9998877,-0.002643696,0.01475443,-0.001352533,0.9643958,0.2644596,-0.01492826,-0.2644499,0.9642839,static,-18.4341,-3.165562,-16.83913,11.82109,-2.160725247054022,9.71393646604148
33,05/17/2023 13:16:09.856349,245,True,True,True,True,Eyes,1.316526,-0.2754541,-2.998442,-0.3156991,-0.05249097,0.9474063,0.0,0.0,0.0,0.0,0.0,0.0,0.0,-1.272033,1.061544,2.846231,1.315469,-0.2744678,-3.00669,0.1334643,-0.007455495,-0.0004420313,0.9910256,15.33882,359.115,359.8297,0.4005502,-0.0838246,-0.9124322,0,0,0,0.7069625,-0.3928536,-1.062594,-0.5796001,0.4008001,1.915,0.9998885,-0.002866214,0.01465918,-0.001113957,0.9643742,0.2645397,-0.01489516,-0.2645265,0.9642634,static,-18.42934,-3.171226,-16.83913,11.82109,-2.1600525375574295,9.713675071028353
34,05/17/2023 13:16:09.865923,246,True,True,True,True,Eyes,1.316577,-0.2754581,-2.998433,-0.3156097,-0.05259967,0.9474301,0.0,0.0,0.0,0.0,0.0,0.0,0.0,-1.272345,1.06211,2.845838,1.315459,-0.2744441,-3.006656,0.1336174,-0.007425203,-0.0005463811,0.9910051,15.35643,359.1169,359.8177,0.4005562,-0.08382403,-0.9124296,0,0,0,0.7070993,-0.393314,-1.062544,-0.5796,0.4008,1.915,0.9998892,-0.003067205,0.01457081,-0.0009013399,0.9642922,0.2648392,-0.01486284,-0.2648229,0.9641825,static,-18.42404,-3.177699,-16.83913,11.82109,-2.1592957845891005,9.713375587718296
35,05/17/2023 13:16:09.886342,247,True,True,True,True,Eyes,1.316626,-0.2754612,-2.998427,-0.3155208,-0.05271015,0.9474536,0.0,0.0,0.0,0.0,0.0,0.0,0.0,-1.272859,1.062826,2.845303,1.315442,-0.2744636,-3.006626,0.1337368,-0.007331244,-0.0005251474,0.9909897,15.37027,359.1282,359.8216,0.400563,-0.08382361,-0.9124267,0,0,0,0.7074416,-0.3938429,-1.062433,-0.5796001,0.4008,1.915,0.999892,-0.003001745,0.01438991,-0.0009200823,0.9642285,0.2650712,-0.01467084,-0.2650558,0.9641214,static,-18.41878,-3.184282,-16.83913,11.82109,-2.1585373677805233,9.71307031515391
36,05/17/2023 13:16:09.906048,248,True,True,True,True,Eyes,1.316683,-0.2754639,-2.998422,-0.3154046,-0.05284335,0.9474849,0.0,0.0,0.0,0.0,0.0,0.0,0.0,-1.273003,1.063319,2.845105,1.315422,-0.2744465,-3.006684,0.1337871,-0.007283749,-0.0004381341,0.9909833,15.37617,359.1352,359.8326,0.4005704,-0.08382328,-0.9124234,0,0,0,0.7075809,-0.3941336,-1.06246,-0.5796,0.4008,1.915,0.9998935,-0.002817309,0.01431891,-0.001080576,0.9642017,0.2651679,-0.01455338,-0.2651551,0.964096,static,-18.41189,-3.192207,-16.83913,11.82109,-2.1575763338885023,9.712705811418653
37,05/17/2023 13:16:09.916383,249,True,True,True,True,Eyes,1.316737,-0.2754644,-2.998422,-0.3152972,-0.05296864,0.9475136,0.0,0.0,0.0,0.0,0.0,0.0,0.0,-1.273616,1.063247,2.844839,1.315386,-0.2744261,-3.006684,0.1337753,-0.007169303,-0.0004167846,0.9909858,15.37484,359.149,359.8369,0.4005786,-0.08382303,-0.9124199,0,0,0,0.7079836,-0.3941102,-1.062323,-0.5796,0.4008001,1.915,0.9998969,-0.002744206,0.01409784,-0.001092096,0.9642081,0.2651447,-0.01432086,-0.2651328,0.9641055,static,-18.40552,-3.199663,-16.83913,11.82109,-2.1566818364173512,9.712362274881245
38,05/17/2023 13:16:09.935917,250,True,True,True,True,Eyes,1.316795,-0.2754675,-2.99842,-0.31516,-0.05309852,0.947552,0.0,0.0,0.0,0.0,0.0,0.0,0.0,-1.273199,1.063132,2.845204,1.31536,-0.2743772,-3.006828,0.1337191,-0.007217165,-0.0003391613,0.9909931,15.3684,359.1446,359.8454,0.4005874,-0.08382275,-0.912416,0,0,0,0.7077502,-0.393924,-1.062523,-0.5796,0.4008,1.915,0.9998956,-0.002602358,0.01421361,-0.001257932,0.9642382,0.2650343,-0.01439502,-0.2650244,0.9641342,static,-18.39735,-3.207362,-16.83913,11.82109,-2.1556211123235083,9.712016111329502
39,05/17/2023 13:16:09.955637,251,True,True,True,True,Eyes,1.316851,-0.2754686,-2.998419,-0.3150323,-0.05321835,0.9475877,0.0,0.0,0.0,0.0,0.0,0.0,0.0,-1.273499,1.062877,2.845083,1.315336,-0.2744368,-3.006756,0.1336607,-0.007157101,-0.0003151093,0.9910014,15.36168,359.1521,359.8492,0.4005968,-0.08382254,-0.9124119,0,0,0,0.7079528,-0.3937919,-1.062369,-0.5796001,0.4008001,1.915,0.9998974,-0.002537793,0.01410116,-0.001288699,0.9642695,0.2649204,-0.01426963,-0.2649114,0.9641672,static,-18.38976,-3.214464,-16.83913,11.82109,-2.1546380322281395,9.711697078202441
40,05/17/2023 13:16:09.966221,252,True,True,True,True,Eyes,1.316918,-0.2754705,-2.998418,-0.314911,-0.05335523,0.9476203,0.0,0.0,0.0,0.0,0.0,0.0,0.0,-1.273048,1.062606,2.84541,1.315316,-0.2743936,-3.006791,0.133559,-0.007200524,-0.0001868944,0.9910148,15.35003,359.149,359.8637,0.4006067,-0.08382233,-0.9124076,0,0,0,0.7077282,-0.3934925,-1.062452,-0.5796001,0.4008001,1.915,0.9998963,-0.00229382,0.01422173,-0.001552959,0.9643239,0.2647206,-0.01432157,-0.2647152,0.9642203,static,-18.38256,-3.222604,-16.83914,11.82109,-2.1536403314485844,9.71132334805466
41,05/17/2023 13:16:09.986504,253,True,True,True,True,Eyes,1.316982,-0.2754734,-2.998416,-0.3147988,-0.05348306,0.9476504,0.0,0.0,0.0,0.0,0.0,0.0,0.0,-1.272172,1.062715,2.845767,1.315347,-0.27441,-3.006782,0.1335051,-0.007321384,-4.56772e-05,0.9910212,15.34391,359.1371,359.8785,0.4006173,-0.08382214,-0.9124029,0,0,0,0.7072496,-0.3934439,-1.062598,-0.5796001,0.4008,1.915,0.9998928,-0.002045418,0.0144991,-0.00186435,0.9643527,0.2646134,-0.01452349,-0.2646121,0.9642456,static,-18.37591,-3.230206,-16.83913,11.82109,-2.152714953017573,9.71097392008177
42,05/17/2023 13:16:09.996324,254,True,True,True,True,Eyes,1.317067,-0.2754779,-2.998415,-0.314691,-0.05361514,0.9476787,0.0,0.0,0.0,0.0,0.0,0.0,0.0,-1.271816,1.062522,2.845959,1.31536,-0.2744355,-3.006736,0.1334494,-0.007375282,-8.99024e-06,0.9910282,15.33749,359.1313,359.882,0.4006285,-0.08382199,-0.912398,0,0,0,0.7070428,-0.3932853,-1.06261,-0.5796,0.4007999,1.915,0.9998913,-0.001986273,0.01461582,-0.001950635,0.9643825,0.2645044,-0.01462062,-0.2645042,0.9642738,static,-18.36952,-3.23807,-16.83913,11.82109,-2.1517997914068756,9.710609816700007
43,05/17/2023 13:16:10.016266,255,True,True,True,True,Eyes,1.317148,-0.2754819,-2.998414,-0.3145926,-0.05374265,0.9477042,0.0,0.0,0.0,0.0,0.0,0.0,0.0,-1.271047,1.063106,2.846119,1.315356,-0.2744597,-3.00677,0.1335366,-0.007503525,-5.459298e-06,0.9910156,15.34756,359.1162,359.8803,0.4006408,-0.08382191,-0.9123927,0,0,0,0.7065388,-0.3936359,-1.06282,-0.5796,0.4008,1.915,0.9998875,-0.002014811,0.01487076,-0.00199317,0.964336,0.2646738,-0.01487368,-0.2646736,0.9642233,static,-18.3637,-3.245667,-16.83913,11.82109,-2.1509460918252725,9.71025617555744
44,05/17/2023 13:16:10.035975,256,True,True,True,True,Eyes,1.317206,-0.2754811,-2.998411,-0.3145669,-0.05383207,0.9477077,0.0,0.0,0.0,0.0,0.0,0.0,0.0,-1.270679,1.063182,2.846269,1.315373,-0.2744526,-3.006775,0.1335543,-0.007572687,-2.273047e-05,0.9910127,15.34958,359.1078,359.8771,0.4006539,-0.08382187,-0.912387,0,0,0,0.7062926,-0.3936672,-1.06291,-0.5796001,0.4008001,1.915,0.9998854,-0.002067782,0.01500319,-0.001977678,0.9643265,0.2647084,-0.01501533,-0.2647077,0.9642118,static,-18.36224,-3.251044,-16.83913,11.82109,-2.1505707723346634,9.709991565110407
45,05/17/2023 13:16:10.046068,257,True,True,True,True,Eyes,1.317263,-0.2754826,-2.998409,-0.3145394,-0.05392078,0.9477118,0.0,0.0,0.0,0.0,0.0,0.0,0.0,-1.270554,1.063225,2.846251,1.315411,-0.2743558,-3.006712,0.1336627,-0.007644178,-0.000214765,0.9909974,15.36193,359.0963,359.8533,0.4006672,-0.08382177,-0.9123811,0,0,0,0.7061071,-0.3937588,-1.062929,-0.5796,0.4008,1.915,0.9998831,-0.002469145,0.01509331,-0.001617819,0.9642685,0.264922,-0.01520813,-0.2649154,0.9641517,static,-18.36067,-3.256377,-16.83913,11.82109,-2.1501880268249844,9.709729776213456
46,05/17/2023 13:16:10.066503,258,True,True,True,True,Eyes,1.31731,-0.2754835,-2.998407,-0.3145765,-0.05398213,0.9476959,0.0,0.0,0.0,0.0,0.0,0.0,0.0,-1.270776,1.06349,2.84609,1.315428,-0.2744097,-3.006736,0.1336921,-0.00760504,-0.0001945283,0.9909937,15.36535,359.1012,359.8563,0.4006807,-0.08382166,-0.9123752,0,0,0,0.7062705,-0.3939586,-1.062916,-0.5796,0.4008,1.915,0.9998842,-0.00241902,0.01502108,-0.001647915,0.9642527,0.264979,-0.01512511,-0.2649731,0.9641371,static,-18.36298,-3.260128,-16.83913,11.82109,-2.1502127219064784,9.7095272718691
47,05/17/2023 13:16:10.086239,259,True,True,True,True,Eyes,1.317357,-0.2754856,-2.998404,-0.3146052,-0.05404196,0.947683,0.0,0.0,0.0,0.0,0.0,0.0,0.0,-1.271015,1.062879,2.846223,1.315429,-0.2744096,-3.006746,0.1335812,-0.007561165,-0.0001802547,0.9910091,15.35255,359.1067,359.8587,0.400694,-0.08382155,-0.9123693,0,0,0,0.7064373,-0.3935463,-1.062848,-0.5796001,0.4008001,1.915,0.9998856,-0.002377327,0.01493821,-0.001662791,0.964312,0.2647631,-0.01503452,-0.2647577,0.9641978,static,-18.36477,-3.263777,-16.83913,11.82109,-2.1501973908264365,9.709332734452678
48,05/17/2023 13:16:10.096594,260,True,True,True,True,Eyes,1.317383,-0.2754879,-2.998401,-0.3146769,-0.05408071,0.947657,0.0,0.0,0.0,0.0,0.0,0.0,0.0,-1.271599,1.062895,2.845935,1.315449,-0.2744391,-3.006715,0.1335996,-0.007473063,-0.0002110536,0.9910073,15.35467,359.1165,359.8565,0.4007073,-0.08382148,-0.9123635,0,0,0,0.7068084,-0.393626,-1.06271,-0.5796,0.4008001,1.915,0.9998882,-0.002415108,0.01475532,-0.001578486,0.9643022,0.2647996,-0.01486811,-0.2647933,0.9641905,static,-18.36915,-3.266202,-16.83913,11.82109,-2.1504618355116003,9.709186282714812
49,05/17/2023 13:16:10.116511,261,True,True,True,True,Eyes,1.317407,-0.2754886,-2.998397,-0.3147412,-0.05411759,0.9476334,0.0,0.0,0.0,0.0,0.0,0.0,0.0,-1.272029,1.062627,2.845867,1.315466,-0.274467,-3.006728,0.1335585,-0.007406951,-0.000226688,0.9910133,15.3499,359.1241,359.8557,0.4007199,-0.08382146,-0.912358,0,0,0,0.7070873,-0.3934841,-1.062631,-0.5796001,0.4008001,1.915,0.9998902,-0.002427824,0.01462022,-0.00152922,0.9643242,0.2647198,-0.01474133,-0.264713,0.9642146,static,-18.37308,-3.268506,-16.83913,11.82109,-2.1506931617891354,9.709048383991073
50,05/17/2023 13:16:10.136405,262,True,True,True,True,Eyes,1.31743,-0.2754909,-2.998394,-0.3148275,-0.05414101,0.9476035,0.0,0.0,0.0,0.0,0.0,0.0,0.0,-1.272413,1.062501,2.845703,1.315472,-0.2744304,-3.006691,0.1335635,-0.007351092,-0.0002618311,0.9910131,15.35046,359.1301,359.8525,0.4007319,-0.08382145,-0.9123527,0,0,0,0.7073199,-0.3934348,-1.062523,-0.5796,0.4008,1.915,0.9998918,-0.00248263,0.01450011,-0.001444718,0.9643214,0.2647301,-0.01464,-0.2647224,0.9642136,static,-18.37831,-3.27002,-16.83913,11.82109,-2.151073070495035,9.708943520944773
51,05/17/2023 13:16:10.146995,263,True,True,True,True,Eyes,1.317451,-0.275492,-2.998392,-0.3149126,-0.05416472,0.9475738,0.0,0.0,0.0,0.0,0.0,0.0,0.0,-1.272576,1.062179,2.845752,1.315423,-0.2744716,-3.006711,0.1335326,-0.007331633,-0.0003334652,0.9910173,15.34683,359.1313,359.8444,0.4007433,-0.08382148,-0.9123477,0,0,0,0.7073672,-0.3932736,-1.062499,-0.5796,0.4008001,1.915,0.9998923,-0.002618964,0.01444249,-0.001297085,0.9643379,0.2646712,-0.01462061,-0.2646614,0.9642306,static,-18.38349,-3.271551,-16.83913,11.82109,-2.151447885910058,9.708838065530427
52,05/17/2023 13:16:10.166363,264,True,True,True,True,Eyes,1.317457,-0.2754942,-2.99839,-0.315004,-0.05417526,0.9475428,0.0,0.0,0.0,0.0,0.0,0.0,0.0,-1.272415,1.06224,2.845793,1.315417,-0.2744477,-3.006708,0.1335611,-0.007365678,-0.00036849,0.9910132,15.3501,359.1267,359.8397,0.4007541,-0.08382154,-0.912343,0,0,0,0.7072381,-0.3933151,-1.062539,-0.5796,0.4008,1.915,0.9998913,-0.002697894,0.01450054,-0.00123718,0.9643226,0.2647271,-0.0146974,-0.2647163,0.9642143,static,-18.38903,-3.272293,-16.83913,11.82109,-2.1518903217739807,9.708770653604292
53,05/17/2023 13:16:10.186027,265,True,True,True,True,Eyes,1.317463,-0.2754955,-2.998386,-0.3150905,-0.05418916,0.9475133,0.0,0.0,0.0,0.0,0.0,0.0,0.0,-1.272298,1.062023,2.845934,1.315392,-0.274488,-3.006722,0.1335188,-0.007383303,-0.0003779703,0.9910188,15.34518,359.1245,359.8383,0.400764,-0.08382166,-0.9123386,0,0,0,0.707148,-0.3931749,-1.062563,-0.5796001,0.4008,1.915,0.9998907,-0.00272077,0.01453305,-0.001222468,0.9643452,0.2646448,-0.01473492,-0.2646337,0.9642365,static,-18.39427,-3.273233,-16.83913,11.82109,-2.152297740826278,9.708694822888301
54,05/17/2023 13:16:10.205974,266,True,True,True,True,Eyes,1.31745,-0.2754942,-2.998382,-0.3151583,-0.05417169,0.9474918,0.0,0.0,0.0,0.0,0.0,0.0,0.0,-1.272436,1.062222,2.845746,1.315376,-0.2744663,-3.006681,0.1335866,-0.007371041,-0.0004375796,0.9910097,15.35297,359.125,359.8315,0.4007732,-0.0838218,-0.9123346,0,0,0,0.707196,-0.3933515,-1.062514,-0.5796001,0.4008001,1.915,0.999891,-0.002836635,0.01449263,-0.001102052,0.9643089,0.2647776,-0.01472645,-0.2647647,0.9642006,static,-18.39835,-3.272254,-16.83913,11.82109,-2.152694401544156,9.708722475514836
55,05/17/2023 13:16:10.216550,267,True,True,True,True,Eyes,1.317436,-0.2754927,-2.998377,-0.3152215,-0.05415748,0.9474715,0.0,0.0,0.0,0.0,0.0,0.0,0.0,-1.272563,1.062642,2.845509,1.315359,-0.2744217,-3.006671,0.1336536,-0.00733859,-0.0004011124,0.991001,15.36076,359.1294,359.8362,0.4007811,-0.08382192,-0.912331,0,0,0,0.7072946,-0.3936187,-1.062487,-0.5796001,0.4008001,1.915,0.999892,-0.002756663,0.01443788,-0.001166653,0.964273,0.2649076,-0.01465232,-0.2648958,0.9641657,static,-18.40216,-3.271468,-16.83913,11.82109,-2.1530588600005065,9.708741801274174
56,05/17/2023 13:16:10.236492,268,True,True,True,True,Eyes,1.317394,-0.2754917,-2.998373,-0.3152819,-0.05413051,0.947453,0.0,0.0,0.0,0.0,0.0,0.0,0.0,-1.272592,1.062871,2.845391,1.315328,-0.2744151,-3.006666,0.1336579,-0.007308738,-0.0003143168,0.9910007,15.36133,359.1342,359.8469,0.4007879,-0.083822,-0.912328,0,0,0,0.7073549,-0.3937356,-1.062461,-0.5796001,0.4008001,1.915,0.999893,-0.002576716,0.01440191,-0.001330764,0.9642709,0.2649146,-0.01456995,-0.2649054,0.9641643,static,-18.40578,-3.269906,-16.83913,11.82109,-2.1534429911389106,9.708801471527286
57,05/17/2023 13:16:10.246496,269,True,True,True,True,Eyes,1.317353,-0.2754904,-2.998369,-0.3153405,-0.05410529,0.947435,0.0,0.0,0.0,0.0,0.0,0.0,0.0,-1.272198,1.063032,2.845489,1.315245,-0.2744525,-3.006683,0.1335932,-0.007317823,-0.0001241235,0.9910093,15.35402,359.1362,359.8692,0.4007931,-0.0838221,-0.9123257,0,0,0,0.7071827,-0.3937411,-1.062504,-0.5796002,0.4008001,1.915,0.9998929,-0.002201238,0.0144709,-0.001709208,0.9643056,0.2647861,-0.01453722,-0.2647824,0.9641986,static,-18.4093,-3.268447,-16.83914,11.82109,-2.1538137321791098,9.708856460626297
58,05/17/2023 13:16:10.266428,270,True,True,True,True,Eyes,1.317268,-0.2754912,-2.998367,-0.3153854,-0.05408666,0.9474211,0.0,0.0,0.0,0.0,0.0,0.0,0.0,-1.272065,1.063124,2.845495,1.315221,-0.2744456,-3.006676,0.1335812,-0.007321487,-5.850531e-05,0.9910108,15.35269,359.1368,359.8769,0.4007967,-0.08382221,-0.9123241,0,0,0,0.7071265,-0.3937635,-1.062509,-0.5796,0.4008001,1.915,0.9998928,-0.002071984,0.01449572,-0.001840067,0.9643121,0.2647616,-0.01452698,-0.2647599,0.964205,static,-18.412,-3.267373,-16.83913,11.82109,-2.154096012619271,9.708896353445958
59,05/17/2023 13:16:10.285973,271,True,True,True,True,Eyes,1.317185,-0.2754913,-2.998364,-0.3154355,-0.05407143,0.9474052,0.0,0.0,0.0,0.0,0.0,0.0,0.0,-1.271746,1.063529,2.845531,1.315163,-0.274534,-3.006735,0.1335956,-0.007346431,2.489998e-05,0.9910088,15.35442,359.1352,359.8863,0.4007978,-0.08382241,-0.9123237,0,0,0,0.7069475,-0.3940028,-1.062615,-0.5796,0.4008,1.915,0.9998921,-0.001913548,0.01456741,-0.002012253,0.9643044,0.2647884,-0.0145541,-0.2647891,0.9641966,static,-18.41501,-3.266509,-16.83913,11.82109,-2.154395228142735,9.708923936770155
60,05/17/2023 13:16:10.306252,272,True,True,True,True,Eyes,1.317069,-0.2754853,-2.998363,-0.3154816,-0.05404084,0.9473916,0.0,0.0,0.0,0.0,0.0,0.0,0.0,-1.271039,1.063872,2.8457,1.315141,-0.2745169,-3.006728,0.1335822,-0.007425589,0.0001850214,0.99101,15.353,359.1284,359.9039,0.4007967,-0.08382268,-0.9123241,0,0,0,0.7065735,-0.3941089,-1.062726,-0.5796,0.4008001,1.915,0.9998897,-0.001617136,0.0147671,-0.002350568,0.9643115,0.2647597,-0.01466823,-0.2647652,0.9642013,static,-18.41777,-3.264712,-16.83913,11.82109,-2.154716240686426,9.709000143087826
61,05/17/2023 13:16:10.316611,273,True,True,True,True,Eyes,1.316963,-0.2754837,-2.99836,-0.3155371,-0.05400283,0.9473753,0.0,0.0,0.0,0.0,0.0,0.0,0.0,-1.26986,1.063019,2.846604,1.315196,-0.2744015,-3.006771,0.1333398,-0.007581824,0.0004117865,0.9910414,15.32517,359.1137,359.9284,0.4007927,-0.08382288,-0.9123259,0,0,0,0.7059574,-0.3932829,-1.062935,-0.5796001,0.4008001,1.915,0.9998847,-0.001205722,0.01513761,-0.002838112,0.9644407,0.2642842,-0.01491799,-0.2642967,0.964326,static,-18.42109,-3.262476,-16.83913,11.82109,-2.1551058400327117,9.709095581166991
62,05/17/2023 13:16:10.336263,274,True,True,True,True,Eyes,1.316823,-0.2754746,-2.998355,-0.3155413,-0.05396907,0.9473759,0.0,0.0,0.0,0.0,0.0,0.0,0.0,-1.269124,1.062545,2.847138,1.315331,-0.2745052,-3.00673,0.1332345,-0.007729862,0.000407408,0.9910544,15.31298,359.0963,359.9256,0.4007865,-0.08382311,-0.9123285,0,0,0,0.7055189,-0.3929445,-1.063047,-0.5796001,0.4008,1.915,0.9998802,-0.001252241,0.01542999,-0.002867296,0.9644968,0.264079,-0.01521287,-0.2640916,0.9643776,static,-18.4213,-3.260439,-16.83913,11.82109,-2.155218490288271,9.709197671420405
63,05/17/2023 13:16:10.356523,275,True,True,True,True,Eyes,1.316684,-0.2754665,-2.998347,-0.3155183,-0.05394042,0.9473851,0.0,0.0,0.0,0.0,0.0,0.0,0.0,-1.270267,1.060866,2.847273,1.315435,-0.2743566,-3.006716,0.1334018,-0.007776854,-0.0005714227,0.9910314,15.33141,359.0751,359.8094,0.4007774,-0.08382321,-0.9123325,0,0,0,0.7057173,-0.3922925,-1.062972,-0.5796,0.4008001,1.915,0.9998785,-0.003207488,0.01526175,-0.0009422966,0.9644073,0.2644196,-0.01556667,-0.2644018,0.964287,static,-18.41989,-3.258681,-16.83913,11.82109,-2.155178736988596,9.709294341795616
64,05/17/2023 13:16:10.366391,276,True,True,True,True,Eyes,1.316575,-0.275468,-2.998342,-0.3154958,-0.05394225,0.9473926,0.0,0.0,0.0,0.0,0.0,0.0,0.0,-1.272808,1.06051,2.846121,1.315343,-0.2743674,-3.006613,0.1336229,-0.007465545,-0.001155152,0.9910036,15.35651,359.1024,359.7454,0.4007658,-0.08382321,-0.9123377,0,0,0,0.7069997,-0.3925362,-1.062454,-0.5796,0.4008,1.915,0.9998859,-0.004284654,0.01448805,0.0002943834,0.9642872,0.2648588,-0.01510547,-0.2648243,0.9641784,static,-18.41853,-3.258765,-16.83913,11.82109,-2.155057767746697,9.709297403943715
65,05/17/2023 13:16:10.386239,277,True,True,True,True,Eyes,1.316472,-0.2754675,-2.998338,-0.3154567,-0.05396675,0.9474041,0.0,0.0,0.0,0.0,0.0,0.0,0.0,-1.273344,1.062624,2.845155,1.315291,-0.2745768,-3.006675,0.1338053,-0.007285893,-0.0007983122,0.9909806,15.37796,359.1292,359.7901,0.4007526,-0.08382338,-0.9123434,0,0,0,0.7075431,-0.3939115,-1.062401,-0.5796,0.4008,1.915,0.9998926,-0.003532005,0.01422672,-0.0003675577,0.9641911,0.2652084,-0.01465399,-0.2651852,0.9640861,static,-18.41619,-3.260203,-16.83913,11.82109,-2.154789576531248,9.709237128960725
66,05/17/2023 13:16:10.396612,278,True,True,True,True,Eyes,1.316378,-0.2754657,-2.998336,-0.3154192,-0.05402226,0.9474136,0.0,0.0,0.0,0.0,0.0,0.0,0.0,-1.274435,1.064398,2.844046,1.315337,-0.2745236,-3.006701,0.133972,-0.007025165,-0.0004258388,0.9909602,15.39761,359.1657,359.838,0.4007381,-0.08382363,-0.9123498,0,0,0,0.7084966,-0.3949939,-1.062212,-0.5796,0.4008001,1.915,0.9999009,-0.00272633,0.01380921,-0.001038373,0.9641026,0.2655279,-0.01403742,-0.2655159,0.9640043,static,-18.41397,-3.263516,-16.83913,11.82109,-2.1544446628832006,9.709081196855129
67,05/17/2023 13:16:10.416622,279,True,True,True,True,Eyes,1.316283,-0.2754616,-2.998336,-0.3153788,-0.05407223,0.9474241,0.0,0.0,0.0,0.0,0.0,0.0,0.0,-1.275676,1.064832,2.843352,1.315311,-0.2744839,-3.006739,0.1340128,-0.00678337,-0.0003036568,0.9909564,15.40246,359.1962,359.8562,0.4007227,-0.0838239,-0.9123565,0,0,0,0.7093759,-0.3952968,-1.06199,-0.5796,0.4008,1.915,0.9999078,-0.002419938,0.01336266,-0.001216295,0.9640809,0.2656057,-0.01352543,-0.2655975,0.9639891,static,-18.41158,-3.266492,-16.83913,11.82109,-2.1541007617316117,9.708943256289867
68,05/17/2023 13:16:10.436183,280,True,True,True,True,Eyes,1.316211,-0.275456,-2.99834,-0.3153573,-0.05414356,0.9474272,0.0,0.0,0.0,0.0,0.0,0.0,0.0,-1.275971,1.064457,2.843365,1.315206,-0.2744276,-3.006795,0.1339912,-0.006732799,-0.0003793597,0.9909596,15.39991,359.2009,359.8481,0.4007064,-0.08382412,-0.9123636,0,0,0,0.7094889,-0.3950747,-1.061968,-0.5796001,0.4008001,1.915,0.999909,-0.002556131,0.0132422,-0.001052411,0.9640924,0.2655648,-0.01344552,-0.2655546,0.9640021,static,-18.41036,-3.270781,-16.83913,11.82109,-2.1537966149496306,9.708732486239574
69,05/17/2023 13:16:10.455985,281,True,True,True,True,Eyes,1.316141,-0.275452,-2.998343,-0.3153553,-0.0542033,0.9474244,0.0,0.0,0.0,0.0,0.0,0.0,0.0,-1.274591,1.064624,2.843952,1.315132,-0.2743667,-3.006862,0.1339717,-0.006930952,-0.0002818003,0.9909609,15.39771,359.1791,359.8564,0.4006899,-0.08382421,-0.9123709,0,0,0,0.7086173,-0.3950201,-1.062284,-0.5796,0.4008001,1.915,0.9999038,-0.002415609,0.0136611,-0.001298596,0.964103,0.2655253,-0.01381211,-0.2655175,0.9640071,static,-18.4103,-3.274392,-16.83913,11.82109,-2.1536237994328706,9.708549829912718
70,05/17/2023 13:16:10.466529,282,True,True,True,True,Eyes,1.316082,-0.2754471,-2.998348,-0.3153721,-0.05424821,0.9474163,0.0,0.0,0.0,0.0,0.0,0.0,0.0,-1.272902,1.064333,2.844818,1.315135,-0.2744048,-3.006859,0.1337866,-0.007158255,-2.706078e-05,0.9909843,15.37649,359.1565,359.883,0.4006732,-0.08382423,-0.9123782,0,0,0,0.7076648,-0.3945935,-1.06255,-0.5796002,0.4008001,1.915,0.9998975,-0.001968991,0.0141802,-0.001861724,0.9642023,0.2651613,-0.01419468,-0.2651605,0.9640998,static,-18.41136,-3.277127,-16.83914,11.82109,-2.1535880646657506,9.7084055357634
71,05/17/2023 13:16:10.486401,283,True,True,True,True,Eyes,1.316029,-0.2754438,-2.998351,-0.3154047,-0.05428351,0.9474033,0.0,0.0,0.0,0.0,0.0,0.0,0.0,-1.270791,1.063487,2.84612,1.31514,-0.2743764,-3.006898,0.1335625,-0.007484758,0.0001061949,0.9910122,15.35066,359.1202,359.8937,0.4006566,-0.08382416,-0.9123855,0,0,0,0.706365,-0.3937891,-1.06295,-0.5796,0.4008,1.915,0.9998879,-0.001788886,0.01486334,-0.002209847,0.9643221,0.2647226,-0.0148066,-0.2647258,0.9642101,static,-18.41337,-3.279299,-16.83913,11.82109,-2.1536602450911975,9.708284658060924
72,05/17/2023 13:16:10.506135,284,True,True,True,True,Eyes,1.315997,-0.2754392,-2.998352,-0.315445,-0.05430736,0.9473886,0.0,0.0,0.0,0.0,0.0,0.0,0.0,-1.269565,1.063076,2.846823,1.315224,-0.2744139,-3.00686,0.1334621,-0.007700082,0.0001307843,0.9910241,15.33905,359.0953,359.8933,0.4006403,-0.08382404,-0.9123926,0,0,0,0.7056048,-0.3934267,-1.063152,-0.5796002,0.4008,1.915,0.9998814,-0.001796118,0.01529684,-0.002314559,0.9643757,0.2645264,-0.01522702,-0.2645304,0.9642571,static,-18.41583,-3.280788,-16.83914,11.82109,-2.153802871855102,9.708195968214957
73,05/17/2023 13:16:10.516539,285,True,True,True,True,Eyes,1.315966,-0.275437,-2.998353,-0.3154797,-0.05433722,0.9473753,0.0,0.0,0.0,0.0,0.0,0.0,0.0,-1.269191,1.062426,2.847192,1.31529,-0.2743646,-3.006797,0.1333809,-0.007787806,7.177576e-05,0.9910343,15.32959,359.084,359.885,0.4006248,-0.08382382,-0.9123995,0,0,0,0.7053477,-0.3929744,-1.063166,-0.5796,0.4008,1.915,0.9998787,-0.001935224,0.01545511,-0.002219753,0.9644191,0.2643689,-0.01541682,-0.2643712,0.9642978,static,-18.41796,-3.282634,-16.83913,11.82109,-2.153900517379986,9.708090964056872
74,05/17/2023 13:16:10.536132,286,True,True,True,True,Eyes,1.315948,-0.275437,-2.998356,-0.3154843,-0.05440455,0.9473699,0.0,0.0,0.0,0.0,0.0,0.0,0.0,-1.269589,1.062901,2.84686,1.315285,-0.2744197,-3.006817,0.1335041,-0.007744245,-3.531721e-05,0.9910181,15.34375,359.0874,359.873,0.4006101,-0.08382358,-0.912406,0,0,0,0.7055416,-0.3933949,-1.063145,-0.5796,0.4008,1.915,0.9998801,-0.002137777,0.01533994,-0.001997777,0.9643533,0.2646106,-0.0153588,-0.2646095,0.9642334,static,-18.41831,-3.286711,-16.83913,11.82109,-2.1537413594736297,9.707882487880498
75,05/17/2023 13:16:10.556751,287,True,True,True,True,Eyes,1.315933,-0.2754332,-2.998357,-0.3154745,-0.05446433,0.9473698,0.0,0.0,0.0,0.0,0.0,0.0,0.0,-1.270777,1.063312,2.846202,1.315301,-0.2744589,-3.00683,0.1336372,-0.007576462,-0.0001657004,0.9910014,15.35904,359.1051,359.8602,0.4005963,-0.08382339,-0.912412,0,0,0,0.7062459,-0.3938304,-1.062966,-0.5796001,0.4008,1.915,0.9998851,-0.002353413,0.01497228,-0.001696575,0.9642822,0.2648718,-0.01506086,-0.2648667,0.9641674,static,-18.41778,-3.290315,-16.83913,11.82109,-2.1535284111754476,9.707702715504462
76,05/17/2023 13:16:10.576213,288,True,True,True,True,Eyes,1.315934,-0.2754373,-2.998358,-0.3154521,-0.05455039,0.9473723,0.0,0.0,0.0,0.0,0.0,0.0,0.0,-1.27189,1.062768,2.845888,1.315343,-0.2743641,-3.006801,0.1335538,-0.007386973,-0.0001274309,0.9910142,15.34945,359.128,359.8678,0.4005835,-0.08382311,-0.9124176,0,0,0,0.707014,-0.3934828,-1.062695,-0.5796,0.4008001,1.915,0.9998908,-0.002225687,0.01460715,-0.001720545,0.9643267,0.2647092,-0.01467523,-0.2647054,0.9642176,static,-18.41651,-3.295494,-16.83913,11.82109,-2.153178639655308,9.707447115797484
77,05/17/2023 13:16:10.586516,289,True,True,True,True,Eyes,1.315938,-0.2754345,-2.998362,-0.3154337,-0.05461535,0.9473746,0.0,0.0,0.0,0.0,0.0,0.0,0.0,-1.272005,1.063323,2.845664,1.315358,-0.2745458,-3.006812,0.1335302,-0.007322466,8.12505e-05,0.9910178,15.34691,359.1389,359.8934,0.400572,-0.08382297,-0.9124227,0,0,0,0.7072197,-0.3938277,-1.062656,-0.5796,0.4008001,1.915,0.9998928,-0.001794499,0.01453509,-0.002116582,0.9643394,0.2646604,-0.01449169,-0.2646627,0.9642321,static,-18.41547,-3.299402,-16.83913,11.82109,-2.152907676322818,9.707254683409513
78,05/17/2023 13:16:10.606252,290,True,True,True,True,Eyes,1.315965,-0.2754357,-2.998363,-0.3153915,-0.05469189,0.9473844,0.0,0.0,0.0,0.0,0.0,0.0,0.0,-1.272173,1.061601,2.846285,1.315415,-0.2743794,-3.006852,0.1334303,-0.007394257,-0.0003188571,0.9910307,15.335,359.1242,359.8452,0.4005617,-0.08382276,-0.9124272,0,0,0,0.7071117,-0.3927861,-1.062694,-0.5796,0.4008001,1.915,0.9998904,-0.00260523,0.01457078,-0.001341241,0.9643925,0.2644717,-0.01474096,-0.2644623,0.9642833,static,-18.41299,-3.303981,-16.83913,11.82109,-2.152481604214771,9.707035998789495
79,05/17/2023 13:16:10.616547,291,True,True,True,True,Eyes,1.315989,-0.2754405,-2.998367,-0.3153606,-0.05477924,0.9473895,0.0,0.0,0.0,0.0,0.0,0.0,0.0,-1.273096,1.060877,2.846045,1.315314,-0.2744499,-3.006798,0.1334333,-0.007288796,-0.0006146671,0.9910309,15.33511,359.1319,359.812,0.4005532,-0.08382258,-0.912431,0,0,0,0.7075046,-0.3925374,-1.062466,-0.5796,0.4008,1.915,0.999893,-0.003163444,0.01428281,-0.0007268279,0.9643903,0.264482,-0.01461088,-0.2644641,0.9642848,static,-18.41122,-3.309229,-16.83913,11.82109,-2.1520855889911106,9.706779593347223
80,05/17/2023 13:16:10.636055,292,True,True,True,True,Eyes,1.316048,-0.2754453,-2.99837,-0.3153414,-0.05489349,0.9473893,0.0,0.0,0.0,0.0,0.0,0.0,0.0,-1.272103,1.062212,2.846025,1.315237,-0.2745389,-3.006854,0.1335652,-0.00740479,-0.0004435699,0.9910124,15.35049,359.1209,359.8302,0.400546,-0.08382252,-0.9124341,0,0,0,0.7069282,-0.3933277,-1.062722,-0.5796001,0.4008,1.915,0.99989,-0.00285721,0.01455798,-0.001098878,0.9643203,0.264736,-0.01479497,-0.2647229,0.964211,static,-18.41018,-3.316116,-16.83913,11.82109,-2.1516763173178974,9.706436206912462
81,05/17/2023 13:16:10.656158,293,True,True,True,True,Eyes,1.316107,-0.2754484,-2.998374,-0.3153328,-0.05500482,0.9473857,0.0,0.0,0.0,0.0,0.0,0.0,0.0,-1.271683,1.063422,2.845725,1.315232,-0.2745087,-3.006826,0.1336877,-0.00742752,-0.0002337496,0.9909957,15.36484,359.1215,359.8545,0.400541,-0.08382255,-0.9124363,0,0,0,0.7067748,-0.3940224,-1.062785,-0.5796,0.4008002,1.915,0.9998896,-0.002449226,0.01465878,-0.001522646,0.9642551,0.2649713,-0.01478378,-0.2649644,0.9641448,static,-18.40977,-3.322839,-16.83913,11.82109,-2.1513288904354355,9.706097740544333
82,05/17/2023 13:16:10.665976,294,True,True,True,True,Eyes,1.316198,-0.2754502,-2.998376,-0.3153169,-0.055118,0.9473845,0.0,0.0,0.0,0.0,0.0,0.0,0.0,-1.270803,1.06373,2.846038,1.315294,-0.2744765,-3.006836,0.1336521,-0.007541898,-3.821173e-05,0.9909997,15.36088,359.1112,359.8757,0.400538,-0.0838226,-0.9124377,0,0,0,0.7063375,-0.3940622,-1.062955,-0.5796,0.4008001,1.915,0.9998863,-0.002091717,0.01493782,-0.001940245,0.9642742,0.264899,-0.01495825,-0.2648978,0.9641604,static,-18.40893,-3.329665,-16.83913,11.82109,-2.150939666931304,9.705756368872693
83,05/17/2023 13:16:10.686269,295,True,True,True,True,Eyes,1.316283,-0.2754534,-2.998377,-0.3153028,-0.05522139,0.9473831,0.0,0.0,0.0,0.0,0.0,0.0,0.0,-1.271315,1.063501,2.845835,1.315285,-0.2744161,-3.006788,0.1336567,-0.007468105,-0.0001003045,0.9909996,15.36136,359.1189,359.8696,0.4005376,-0.0838226,-0.9124379,0,0,0,0.7066321,-0.3939585,-1.06281,-0.5796001,0.4008001,1.915,0.9998885,-0.002195128,0.01477497,-0.001797521,0.9642718,0.2649089,-0.01482859,-0.2649059,0.9641603,static,-18.40819,-3.335901,-16.83913,11.82109,-2.1505864438516378,9.705444355972066
84,05/17/2023 13:16:10.706529,296,True,True,True,True,Eyes,1.316382,-0.2754574,-2.998378,-0.3152906,-0.05532559,0.9473811,0.0,0.0,0.0,0.0,0.0,0.0,0.0,-1.271153,1.063174,2.845983,1.315246,-0.2744541,-3.006757,0.1335748,-0.007479243,-5.75665e-05,0.9910105,15.35193,359.1183,359.8745,0.4005394,-0.08382261,-0.9124371,0,0,0,0.7065386,-0.3937229,-1.062779,-0.5796001,0.4008001,1.915,0.9998881,-0.002112174,0.01480864,-0.001883978,0.9643156,0.2647488,-0.0148394,-0.2647471,0.9642037,static,-18.40756,-3.342189,-16.83913,11.82109,-2.1502402753688443,9.70512911613956
85,05/17/2023 13:16:10.716034,297,True,True,True,True,Eyes,1.316476,-0.2754653,-2.998377,-0.3152722,-0.05543277,0.9473809,0.0,0.0,0.0,0.0,0.0,0.0,0.0,-1.27082,1.062382,2.846435,1.31525,-0.2744634,-3.006762,0.133412,-0.00752571,-1.305697e-05,0.9910321,15.33315,359.1136,359.8792,0.4005435,-0.08382263,-0.9124352,0,0,0,0.7063495,-0.3931373,-1.062808,-0.5796,0.4008001,1.915,0.9998868,-0.00203392,0.01491296,-0.001982161,0.9644025,0.2644314,-0.01491992,-0.264431,0.9642892,static,-18.40656,-3.348649,-16.83913,11.82109,-2.1498542715703777,9.704807151703616
86,05/17/2023 13:16:10.736603,298,True,True,True,True,Eyes,1.316571,-0.2754707,-2.998375,-0.3152173,-0.05553793,0.9473931,0.0,0.0,0.0,0.0,0.0,0.0,0.0,-1.27136,1.062934,2.845929,1.315245,-0.2745666,-3.006699,0.1335066,-0.007437794,-2.979688e-05,0.9910201,15.34408,359.1236,359.8785,0.4005496,-0.08382279,-0.9124325,0,0,0,0.7066904,-0.3936067,-1.062659,-0.5796001,0.4008,1.915,0.9998894,-0.002045048,0.01473405,-0.001926931,0.964352,0.2646159,-0.01474996,-0.264615,0.9642414,static,-18.40335,-3.354944,-16.83913,11.82109,-2.1492856907278863,9.704505441084823
87,05/17/2023 13:16:10.756415,299,True,True,True,True,Eyes,1.316662,-0.275477,-2.998373,-0.3151574,-0.05564452,0.9474068,0.0,0.0,0.0,0.0,0.0,0.0,0.0,-1.271564,1.062516,2.845967,1.315229,-0.2745036,-3.006686,0.1334928,-0.007424585,-0.000135157,0.991022,15.34239,359.1235,359.8663,0.4005575,-0.08382301,-0.912429,0,0,0,0.7067554,-0.3933677,-1.06261,-0.5796,0.4008,1.915,0.9998897,-0.002250145,0.01467977,-0.001714371,0.9643593,0.2645907,-0.01475194,-0.2645867,0.9642491,static,-18.39985,-3.36132,-16.83913,11.82109,-2.1486883859271475,9.704201186571302
88,05/17/2023 13:16:10.766179,300,True,True,True,True,Eyes,1.316741,-0.2754823,-2.998375,-0.3150796,-0.055778,0.9474248,0.0,0.0,0.0,0.0,0.0,0.0,0.0,-1.272168,1.062866,2.84556,1.315228,-0.2745309,-3.006679,0.1335799,-0.007335144,-0.0001905945,0.991011,15.35243,359.1331,359.8611,0.400567,-0.08382331,-0.9124248,0,0,0,0.7071173,-0.3936863,-1.062506,-0.5796,0.4008001,1.915,0.9998924,-0.002337418,0.0144875,-0.001581894,0.9643127,0.2647611,-0.01458933,-0.2647555,0.9642052,static,-18.39528,-3.369301,-16.83913,11.82109,-2.1479244585477453,9.703821360395688
89,05/17/2023 13:16:10.786138,301,True,True,True,True,Eyes,1.316815,-0.2754865,-2.99838,-0.315001,-0.05590938,0.9474431,0.0,0.0,0.0,0.0,0.0,0.0,0.0,-1.272659,1.063451,2.845197,1.315194,-0.2745119,-3.006766,0.1336969,-0.007252062,-0.0002141382,0.9909958,15.36594,359.1425,359.8596,0.4005776,-0.08382365,-0.9124202,0,0,0,0.7074134,-0.3941129,-1.062518,-0.5796001,0.4008,1.915,0.9998947,-0.002363576,0.01431627,-0.001514736,0.9642501,0.2649892,-0.01443078,-0.264983,0.9641451,static,-18.39067,-3.377154,-16.83913,11.82109,-2.1471630307085343,9.703448235583448
90,05/17/2023 13:16:10.796526,302,True,True,True,True,Eyes,1.316895,-0.2754904,-2.998387,-0.3149168,-0.0560389,0.9474635,0.0,0.0,0.0,0.0,0.0,0.0,0.0,-1.2729,1.063686,2.845077,1.315159,-0.2744908,-3.006855,0.1337282,-0.007199009,-0.0001863406,0.990992,15.36959,359.1492,359.8636,0.4005889,-0.08382401,-0.9124152,0,0,0,0.7075762,-0.3942559,-1.062555,-0.5796,0.4008,1.915,0.9998963,-0.002294745,0.01421848,-0.001556097,0.9642335,0.2650497,-0.01431816,-0.2650444,0.9641299,static,-18.38571,-3.384886,-16.83913,11.82109,-2.14637709249911,9.703083125648789
91,05/17/2023 13:16:10.816529,303,True,True,True,True,Eyes,1.316973,-0.2754942,-2.998393,-0.3148387,-0.05615931,0.9474823,0.0,0.0,0.0,0.0,0.0,0.0,0.0,-1.273151,1.063565,2.845037,1.31511,-0.2744781,-3.006903,0.1336631,-0.007123475,-7.79059e-05,0.9910013,15.36217,359.1598,359.8777,0.400601,-0.08382434,-0.9124098,0,0,0,0.7077904,-0.3941269,-1.062514,-0.5796,0.4008,1.915,0.9998986,-0.002058701,0.01409792,-0.001749882,0.9642683,0.2649217,-0.01413957,-0.2649195,0.9641669,static,-18.38112,-3.392075,-16.83913,11.82109,-2.145648214309759,9.702743539898421
92,05/17/2023 13:16:10.836586,304,True,True,True,True,Eyes,1.317052,-0.2754993,-2.9984,-0.3147701,-0.05627325,0.9474983,0.0,0.0,0.0,0.0,0.0,0.0,0.0,-1.27281,1.063398,2.845251,1.315118,-0.2744834,-3.006898,0.1335687,-0.007150403,6.237605e-05,0.9910138,15.35137,359.1589,359.8939,0.4006138,-0.08382466,-0.9124042,0,0,0,0.7076545,-0.3939218,-1.062541,-0.5796,0.4008,1.915,0.9998977,-0.001786509,0.01418896,-0.002033771,0.9643188,0.264736,-0.01415563,-0.2647378,0.9642165,static,-18.37709,-3.398884,-16.83913,11.82109,-2.1449851836842972,9.702420196218792
93,05/17/2023 13:16:10.856188,305,True,True,True,True,Eyes,1.31713,-0.2755015,-2.998405,-0.3147092,-0.05637751,0.9475123,0.0,0.0,0.0,0.0,0.0,0.0,0.0,-1.272375,1.063284,2.845507,1.315097,-0.2745129,-3.006922,0.1334735,-0.007185882,0.0002121626,0.9910264,15.34048,359.1571,359.911,0.4006274,-0.08382501,-0.9123982,0,0,0,0.707453,-0.3937472,-1.062609,-0.5796,0.4008001,1.915,0.9998966,-0.001497732,0.01429943,-0.002338767,0.9643696,0.2645484,-0.01418616,-0.2645545,0.9642664,static,-18.37353,-3.405116,-16.83913,11.82109,-2.1443893996606613,9.70212356145955
94,05/17/2023 13:16:10.866360,306,True,True,True,True,Eyes,1.31721,-0.2755035,-2.998414,-0.3146667,-0.05647926,0.9475204,0.0,0.0,0.0,0.0,0.0,0.0,0.0,-1.271977,1.06288,2.845779,1.315108,-0.2744482,-3.00687,0.1334025,-0.00724996,0.0002341838,0.9910355,15.3323,359.15,359.9127,0.4006414,-0.0838253,-0.912392,0,0,0,0.7072088,-0.3934195,-1.06262,-0.5796001,0.4008,1.915,0.9998948,-0.001470157,0.01443242,-0.002398495,0.9644074,0.2644099,-0.01430745,-0.2644167,0.9643024,static,-18.37106,-3.411218,-16.83913,11.82109,-2.143893478855542,9.701827648466205
95,05/17/2023 13:16:10.886133,307,True,True,True,True,Eyes,1.317288,-0.275507,-2.998421,-0.3146318,-0.05657765,0.9475262,0.0,0.0,0.0,0.0,0.0,0.0,0.0,-1.2709,1.063015,2.846297,1.3151,-0.2744417,-3.006956,0.1333824,-0.007414479,0.0003030833,0.991037,15.33001,359.1317,359.9182,0.400656,-0.08382552,-0.9123856,0,0,0,0.7065423,-0.3933892,-1.062911,-0.5796,0.4008,1.915,0.9998899,-0.001377189,0.0147769,-0.002578656,0.9644181,0.2643694,-0.01461519,-0.2643783,0.9643083,static,-18.36906,-3.417125,-16.83913,11.82109,-2.1434470692423275,9.701539087412424
96,05/17/2023 13:16:10.906182,308,True,True,True,True,Eyes,1.317369,-0.2755098,-2.998429,-0.3145998,-0.05668602,0.9475304,0.0,0.0,0.0,0.0,0.0,0.0,0.0,-1.270463,1.063157,2.846448,1.315135,-0.2744793,-3.006946,0.1333896,-0.007490451,0.0003193815,0.9910354,15.33086,359.123,359.9189,0.4006711,-0.08382573,-0.912379,0,0,0,0.7062779,-0.3934623,-1.062998,-0.5796,0.4008001,1.915,0.9998876,-0.00136526,0.01493181,-0.002631333,0.9644142,0.2643829,-0.0147614,-0.2643925,0.9643022,static,-18.36724,-3.42364,-16.83913,11.82109,-2.142987926009461,9.701218748696268
97,05/17/2023 13:16:10.916652,309,True,True,True,True,Eyes,1.317446,-0.2755139,-2.998439,-0.3145748,-0.05679625,0.947532,0.0,0.0,0.0,0.0,0.0,0.0,0.0,-1.270362,1.063436,2.84642,1.315139,-0.2744588,-3.006976,0.13348,-0.007529487,0.0002255999,0.9910229,15.34122,359.1169,359.9071,0.4006866,-0.0838259,-0.9123722,0,0,0,0.7061556,-0.3936804,-1.063081,-0.5796,0.4008002,1.915,0.9998866,-0.001562922,0.01498401,-0.002457221,0.9643661,0.2645601,-0.01486356,-0.2645668,0.9642528,static,-18.36585,-3.430276,-16.83913,11.82109,-2.1425601795767397,9.700889964593296
98,05/17/2023 13:16:10.936197,310,True,True,True,True,Eyes,1.317527,-0.275517,-2.998448,-0.3145829,-0.0568962,0.9475233,0.0,0.0,0.0,0.0,0.0,0.0,0.0,-1.269952,1.063964,2.846446,1.315154,-0.2744921,-3.007004,0.1335729,-0.007607698,0.0001978044,0.9910098,15.35193,359.1072,359.9025,0.4007024,-0.08382608,-0.9123652,0,0,0,0.705875,-0.3940341,-1.063222,-0.5796,0.4008,1.915,0.9998842,-0.001640313,0.01513145,-0.002424417,0.9643165,0.2647412,-0.01502576,-0.2647472,0.9642009,static,-18.36645,-3.43633,-16.83913,11.82109,-2.1423307540534076,9.700579963098896
99,05/17/2023 13:16:10.956114,311,True,True,True,True,Eyes,1.317608,-0.2755203,-2.998455,-0.3145865,-0.05698682,0.9475166,0.0,0.0,0.0,0.0,0.0,0.0,0.0,-1.269881,1.063937,2.846509,1.31518,-0.2744646,-3.007016,0.1335794,-0.007628297,0.0001791992,0.9910088,15.35266,359.1045,359.9,0.4007187,-0.08382622,-0.912358,0,0,0,0.7058263,-0.394007,-1.063257,-0.5796,0.4007999,1.915,0.9998836,-0.001682791,0.01516729,-0.002393143,0.964313,0.264754,-0.01507154,-0.2647595,0.9641967,static,-18.36676,-3.441814,-16.83913,11.82109,-2.142102829053133,9.700300405653529
100,05/17/2023 13:16:10.966069,312,True,True,True,True,Eyes,1.317673,-0.2755198,-2.998461,-0.3145989,-0.05707343,0.9475074,0.0,0.0,0.0,0.0,0.0,0.0,0.0,-1.270314,1.063485,2.846461,1.315269,-0.2744764,-3.006953,0.133514,-0.007574917,0.0001582007,0.9910181,15.34508,359.1104,359.8984,0.4007352,-0.08382635,-0.9123508,0,0,0,0.7061283,-0.3937453,-1.06311,-0.5796,0.4008001,1.915,0.9998853,-0.001709156,0.015056,-0.002336274,0.964348,0.2646272,-0.01497151,-0.264632,0.9642333,static,-18.36761,-3.447066,-16.83913,11.82109,-2.1419321586986153,9.700029698342957
101,05/17/2023 13:16:10.986211,313,True,True,True,True,Eyes,1.317737,-0.2755229,-2.998466,-0.3146031,-0.05715386,0.9475011,0.0,0.0,0.0,0.0,0.0,0.0,0.0,-1.270729,1.063219,2.846385,1.315291,-0.2743944,-3.00696,0.1335496,-0.007542622,9.261632e-06,0.9910135,15.34906,359.1119,359.8814,0.4007517,-0.08382637,-0.9123435,0,0,0,0.7063182,-0.3936328,-1.063063,-0.5796001,0.4008,1.915,0.9998863,-0.001996271,0.01495215,-0.002032985,0.964329,0.2646987,-0.01494721,-0.264699,0.9642152,static,-18.36795,-3.451935,-16.83913,11.82109,-2.1417353691909837,9.6997811431823
102,05/17/2023 13:16:10.996159,314,True,True,True,True,Eyes,1.317793,-0.2755286,-2.998471,-0.3145932,-0.05721942,0.9475004,0.0,0.0,0.0,0.0,0.0,0.0,0.0,-1.271484,1.062946,2.846137,1.315324,-0.2744817,-3.006926,0.1335487,-0.007448404,-0.0001118587,0.9910144,15.34887,359.1211,359.8686,0.4007682,-0.08382641,-0.9123362,0,0,0,0.7067519,-0.393589,-1.062895,-0.5796,0.4008,1.915,0.999889,-0.002211156,0.01473307,-0.001767742,0.9643294,0.264699,-0.01479283,-0.2646956,0.9642186,static,-18.36742,-3.455887,-16.83913,11.82109,-2.1415062640272184,9.699583736698079
103,05/17/2023 13:16:11.016377,315,True,True,True,True,Eyes,1.317847,-0.2755303,-2.998475,-0.3145818,-0.0572817,0.9475004,0.0,0.0,0.0,0.0,0.0,0.0,0.0,-1.271976,1.062905,2.845954,1.315325,-0.2745578,-3.006939,0.1335244,-0.00736077,-9.172045e-05,0.9910183,15.34608,359.1317,359.8724,0.4007844,-0.08382655,-0.9123291,0,0,0,0.707087,-0.3936071,-1.0628,-0.5796,0.4008,1.915,0.9998916,-0.002147478,0.01456482,-0.001783891,0.9643425,0.2646515,-0.01461381,-0.2646488,0.9642341,static,-18.3668,-3.45964,-16.83913,11.82109,-2.14127865075694,9.699396898408956
104,05/17/2023 13:16:11.035850,316,True,True,True,True,Eyes,1.317886,-0.2755294,-2.998479,-0.3145548,-0.05732918,0.9475065,0.0,0.0,0.0,0.0,0.0,0.0,0.0,-1.272236,1.062695,2.845922,1.315363,-0.2744621,-3.006937,0.1335395,-0.007340801,-0.0001685422,0.9910164,15.34777,359.1328,359.8637,0.4008003,-0.08382666,-0.912322,0,0,0,0.7072246,-0.3934835,-1.062765,-0.5796,0.4008001,1.915,0.9998922,-0.00229463,0.01450469,-0.001626517,0.9643344,0.2646821,-0.01459472,-0.2646771,0.9642267,static,-18.36522,-3.462478,-16.83913,11.82109,-2.1410108817413063,9.699261591773709
105,05/17/2023 13:16:11.056278,317,True,True,True,True,Eyes,1.317923,-0.2755295,-2.99848,-0.3145306,-0.05737497,0.9475119,0.0,0.0,0.0,0.0,0.0,0.0,0.0,-1.272432,1.062601,2.845849,1.315352,-0.2744112,-3.006927,0.1335378,-0.007307843,-0.0001767446,0.9910168,15.34757,359.1366,359.8632,0.4008155,-0.08382668,-0.9123154,0,0,0,0.7073442,-0.3934216,-1.062713,-0.5796001,0.4008,1.915,0.9998932,-0.00230206,0.01443719,-0.001601432,0.9643353,0.2646789,-0.01453159,-0.2646738,0.9642285,static,-18.36381,-3.465217,-16.83913,11.82109,-2.1407623427389675,9.699130386906083
106,05/17/2023 13:16:11.066298,318,True,True,True,True,Eyes,1.317963,-0.2755306,-2.998481,-0.3145049,-0.05742735,0.9475172,0.0,0.0,0.0,0.0,0.0,0.0,0.0,-1.272333,1.062615,2.845819,1.315365,-0.274435,-3.006854,0.1335497,-0.007332844,-0.000202638,0.9910151,15.34892,359.1332,359.8598,0.4008301,-0.08382667,-0.9123089,0,0,0,0.7072673,-0.3934578,-1.06267,-0.5796,0.4008,1.915,0.9998924,-0.002360233,0.01447979,-0.001556964,0.9643288,0.2647025,-0.01458804,-0.2646966,0.9642214,static,-18.36231,-3.468354,-16.83913,11.82109,-2.1404875782486403,9.698979498616925
107,05/17/2023 13:16:11.086174,319,True,True,True,True,Eyes,1.318002,-0.2755331,-2.998481,-0.3144819,-0.05748777,0.9475211,0.0,0.0,0.0,0.0,0.0,0.0,0.0,-1.272032,1.062875,2.845879,1.315364,-0.2744556,-3.006873,0.1335926,-0.007386042,-0.0002141683,0.9910089,15.35386,359.1267,359.8575,0.4008443,-0.08382664,-0.9123027,0,0,0,0.7070625,-0.3936251,-1.062761,-0.5796,0.4008001,1.915,0.9998908,-0.002397926,0.01458204,-0.001548956,0.9643059,0.2647861,-0.01469649,-0.2647797,0.9641969,static,-18.36099,-3.47198,-16.83913,11.82109,-2.140205605043847,9.698802862719628
108,05/17/2023 13:16:11.095851,320,True,True,True,True,Eyes,1.318027,-0.2755333,-2.998484,-0.314441,-0.0575601,0.9475304,0.0,0.0,0.0,0.0,0.0,0.0,0.0,-1.271872,1.063675,2.845594,1.315335,-0.2744888,-3.006829,0.1337223,-0.007405828,-0.0002022958,0.9909912,15.36887,359.1246,359.8585,0.4008581,-0.08382665,-0.9122967,0,0,0,0.7069527,-0.3941792,-1.062774,-0.5796,0.4008001,1.915,0.9998903,-0.002381596,0.01462412,-0.001579702,0.9642367,0.2650383,-0.01473232,-0.2650323,0.964127,static,-18.35859,-3.476304,-16.83913,11.82109,-2.1397982584482698,9.698596669135167
109,05/17/2023 13:16:11.116150,321,True,True,True,True,Eyes,1.318053,-0.2755295,-2.998485,-0.3144057,-0.0576242,0.9475382,0.0,0.0,0.0,0.0,0.0,0.0,0.0,-1.271031,1.063976,2.84593,1.315307,-0.2744437,-3.006914,0.1337594,-0.007537248,-0.0001772475,0.9909852,15.37316,359.1095,359.8593,0.4008711,-0.08382663,-0.9122909,0,0,0,0.7064077,-0.3942882,-1.063031,-0.5796,0.4008001,1.915,0.9998863,-0.002367654,0.01489118,-0.001665056,0.9642168,0.2651098,-0.01498602,-0.2651044,0.9641032,static,-18.35653,-3.480136,-16.83913,11.82109,-2.1394430216450337,9.698413576867
110,05/17/2023 13:16:11.136256,322,True,True,True,True,Eyes,1.318078,-0.2755274,-2.998484,-0.3143738,-0.05765976,0.9475466,0.0,0.0,0.0,0.0,0.0,0.0,0.0,-1.270785,1.063478,2.846176,1.315341,-0.2743465,-3.00686,0.1337013,-0.007591171,-0.0002068211,0.9909927,15.36641,359.1027,359.855,0.4008834,-0.08382647,-0.9122855,0,0,0,0.7062406,-0.3939191,-1.063024,-0.5796001,0.4008001,1.915,0.9998847,-0.002439814,0.01499028,-0.001619982,0.9642478,0.2649971,-0.01510089,-0.2649907,0.9641327,static,-18.35464,-3.482248,-16.83913,11.82109,-2.1391822742778235,9.698316726853143
111,05/17/2023 13:16:11.155392,323,True,True,True,True,Eyes,1.318104,-0.2755255,-2.998484,-0.3143447,-0.05769081,0.9475543,0.0,0.0,0.0,0.0,0.0,0.0,0.0,-1.270445,1.063008,2.846484,1.315349,-0.2743849,-3.006835,0.1336198,-0.00765472,-0.0002287677,0.9910032,15.35696,359.0949,359.8515,0.4008952,-0.08382624,-0.9122804,0,0,0,0.7060076,-0.3936013,-1.063052,-0.5796,0.4008001,1.915,0.9998827,-0.002499063,0.01511057,-0.001592226,0.9642914,0.2648388,-0.01523284,-0.2648318,0.9641743,static,-18.35291,-3.48409,-16.83913,11.82109,-2.1389478352696343,9.69823269745648
112,05/17/2023 13:16:11.166151,324,True,True,True,True,Eyes,1.318128,-0.2755234,-2.998482,-0.3142995,-0.05772651,0.9475672,0.0,0.0,0.0,0.0,0.0,0.0,0.0,-1.270433,1.062755,2.846606,1.315411,-0.2743902,-3.006828,0.1335979,-0.007679744,-0.0002832613,0.9910059,15.35438,359.0911,359.8447,0.4009065,-0.08382595,-0.9122754,0,0,0,0.7059885,-0.3934523,-1.063061,-0.5796,0.4008,1.915,0.9998819,-0.002613423,0.01514565,-0.001490569,0.964303,0.264797,-0.01529703,-0.2647883,0.9641852,static,-18.35022,-3.486194,-16.83913,11.82109,-2.138618595025311,9.698140557916757
113,05/17/2023 13:16:11.186185,325,True,True,True,True,Eyes,1.318148,-0.275521,-2.998481,-0.3142467,-0.05776773,0.9475821,0.0,0.0,0.0,0.0,0.0,0.0,0.0,-1.271328,1.062723,2.846208,1.315431,-0.2743826,-3.006811,0.1336553,-0.00755942,-0.0004031127,0.990999,15.36091,359.1033,359.8325,0.4009173,-0.08382561,-0.9122707,0,0,0,0.7065095,-0.3935483,-1.062893,-0.5796,0.4008001,1.915,0.9998854,-0.002819681,0.014875,-0.001221744,0.9642722,0.2649106,-0.01509051,-0.2648984,0.9641582,static,-18.34707,-3.488622,-16.83913,11.82109,-2.138234715209893,9.698034475842334
114,05/17/2023 13:16:11.206074,326,True,True,True,True,Eyes,1.318159,-0.275517,-2.99848,-0.3141689,-0.05780759,0.9476055,0.0,0.0,0.0,0.0,0.0,0.0,0.0,-1.271992,1.063141,2.8457,1.315345,-0.2743717,-3.006798,0.1337458,-0.007436689,-0.000419754,0.9909878,15.37138,359.1175,359.8324,0.4009275,-0.08382521,-0.9122663,0,0,0,0.7069045,-0.3938935,-1.062751,-0.5796,0.4008,1.915,0.999889,-0.002821193,0.01462706,-0.001157309,0.9642238,0.2650871,-0.01485162,-0.2650746,0.9641135,static,-18.34241,-3.490937,-16.83913,11.82109,-2.1377261003680643,9.697942245647583
115,05/17/2023 13:16:11.216325,327,True,True,True,True,Eyes,1.318169,-0.2755152,-2.998481,-0.3140834,-0.05784278,0.9476317,0.0,0.0,0.0,0.0,0.0,0.0,0.0,-1.272648,1.06335,2.845356,1.315332,-0.2743397,-3.006832,0.1337814,-0.007317899,-0.0003934379,0.9909838,15.37556,359.1319,359.8373,0.400937,-0.08382472,-0.9122621,0,0,0,0.7073455,-0.3940518,-1.062655,-0.5796001,0.4008001,1.915,0.9998927,-0.002737779,0.01439857,-0.001178217,0.9642048,0.2651563,-0.01460911,-0.2651447,0.9640979,static,-18.33728,-3.492961,-16.83913,11.82109,-2.137190538232818,9.69786729045746
116,05/17/2023 13:16:11.236099,328,True,True,True,True,Eyes,1.318179,-0.275511,-2.998482,-0.3140028,-0.0578828,0.947656,0.0,0.0,0.0,0.0,0.0,0.0,0.0,-1.273389,1.063165,2.845113,1.315322,-0.2743891,-3.00685,0.1337,-0.007165736,-0.0002832918,0.9909959,15.36625,359.1516,359.8528,0.4009458,-0.0838242,-0.9122583,0,0,0,0.7078954,-0.3939345,-1.062488,-0.5796001,0.4008001,1.915,0.9998972,-0.002477599,0.01412668,-0.001354635,0.9642484,0.2649963,-0.01427818,-0.2649881,0.964146,static,-18.33245,-3.495283,-16.83913,11.82109,-2.136666964732963,9.697775620385759
117,05/17/2023 13:16:11.255787,329,True,True,True,True,Eyes,1.318184,-0.2755092,-2.998483,-0.3139218,-0.05792729,0.9476801,0.0,0.0,0.0,0.0,0.0,0.0,0.0,-1.273452,1.063084,2.845135,1.315284,-0.2743315,-3.00689,0.133691,-0.007146737,-0.0002747161,0.9909974,15.36522,359.1539,359.8541,0.4009539,-0.08382361,-0.9122548,0,0,0,0.707929,-0.3938548,-1.062504,-0.5796001,0.4008,1.915,0.9998977,-0.002455394,0.01409134,-0.001366423,0.9642532,0.2649787,-0.01423825,-0.2649708,0.9641513,static,-18.32761,-3.497873,-16.83913,11.82109,-2.1361300877857565,9.6976704238375
118,05/17/2023 13:16:11.266401,330,True,True,True,True,Eyes,1.31819,-0.2755099,-2.998485,-0.3138572,-0.05796538,0.9476992,0.0,0.0,0.0,0.0,0.0,0.0,0.0,-1.273627,1.06358,2.844809,1.315209,-0.2743843,-3.00686,0.1337538,-0.0070948,-0.0002310996,0.9909892,15.37253,359.1607,359.86,0.4009614,-0.083823,-0.9122516,0,0,0,0.7080436,-0.3942142,-1.062434,-0.5796,0.4008001,1.915,0.9998993,-0.002355947,0.01399992,-0.001439878,0.9642197,0.2651004,-0.01412356,-0.2650939,0.9641191,static,-18.32374,-3.500097,-16.83913,11.82109,-2.135693701366991,9.697578553582012
119,05/17/2023 13:16:11.306321,331,True,True,True,True,Eyes,1.318188,-0.275503,-2.998486,-0.3138065,-0.05797241,0.9477155,0.0,0.0,0.0,0.0,0.0,0.0,0.0,-1.272577,1.063715,2.845239,1.315172,-0.2744465,-3.00688,0.1337048,-0.007239229,-0.000114367,0.9909949,15.36694,359.1456,359.8715,0.4009682,-0.08382247,-0.9122486,0,0,0,0.7074128,-0.3941979,-1.062635,-0.5796,0.4008,1.915,0.9998952,-0.002162513,0.01431749,-0.001709165,0.964246,0.2650031,-0.01437866,-0.2649998,0.9641412,static,-18.32068,-3.500461,-16.83913,11.82109,-2.1354133957121517,9.69757657568842
120,05/17/2023 13:16:11.836167,363,True,True,True,True,Eyes,1.316404,-0.2776612,-2.998537,-0.1823558,-0.3333835,0.9249875,0.0,0.0,0.0,0.0,0.0,0.0,0.0,-1.275939,1.067968,2.842046,1.315464,-0.2745005,-3.00666,0.1347393,-0.006858892,-0.0007092317,0.9908572,15.48613,359.1805,359.8065,0.4008961,-0.08414768,-0.9122503,0,0,0,0.9398329,-1.048915,-0.9922794,-0.34608,-0.2082399,2.153,0.9999049,-0.00325382,0.01340124,-0.0004428308,0.9636896,0.2670246,-0.01378349,-0.2670051,0.9635965,static,-11.15251,-19.82015,-9.131787,-5.524508,-0.7606877967522018,8.909188010467684
121,05/17/2023 13:16:11.856208,364,True,True,True,True,Eyes,1.316358,-0.277662,-2.998531,-0.1822816,-0.3334432,0.9249805,0.0,0.0,0.0,0.0,0.0,0.0,0.0,-1.275978,1.067332,2.842227,1.31544,-0.2744676,-3.006635,0.134611,-0.006835202,-0.0006529519,0.9908748,15.47134,359.1842,359.8137,0.4008611,-0.08418139,-0.9122626,0,0,0,0.9399645,-1.048402,-0.9920412,-0.3460799,-0.2082397,2.153,0.9999058,-0.003134174,0.01336987,-0.0005461994,0.9637589,0.2667741,-0.01372144,-0.2667563,0.9636663,static,-11.14817,-19.82356,-9.131786,-5.524505,-0.7601558892168401,8.909038571602485
122,05/17/2023 13:16:11.866329,365,True,True,True,True,Eyes,1.316273,-0.2776613,-2.998525,-0.1822342,-0.3336798,0.9249046,0.0,0.0,0.0,0.0,0.0,0.0,0.0,-1.275158,1.067582,2.842506,1.315405,-0.2745228,-3.00665,0.1345862,-0.006941259,-0.0005372108,0.9908775,15.46855,359.1736,359.8256,0.4008285,-0.08421181,-0.9122742,0,0,0,0.9395977,-1.048429,-0.9921073,-0.34608,-0.2082399,2.153,0.9999031,-0.002933016,0.01361127,-0.0008037753,0.9637725,0.2667243,-0.01390048,-0.2667094,0.9636768,static,-11.14623,-19.83803,-9.131789,-5.524508,-0.7593170833916262,8.908315777125436
123,05/17/2023 13:16:11.886204,366,True,True,True,True,Eyes,1.316191,-0.2776592,-2.998519,-0.1821974,-0.3339128,0.9248277,0.0,0.0,0.0,0.0,0.0,0.0,0.0,-1.274885,1.067888,2.842505,1.315392,-0.2745067,-3.006649,0.1346469,-0.006989011,-0.0005533983,0.9908689,15.47555,359.1677,359.8229,0.400797,-0.08423927,-0.9122855,0,0,0,0.9393687,-1.048644,-0.9922354,-0.3460799,-0.2082397,2.153,0.9999017,-0.002978788,0.01370136,-0.0007854071,0.9637398,0.2668426,-0.01399941,-0.2668271,0.9636427,static,-11.14494,-19.85233,-9.131786,-5.524504,-0.7585421225312947,8.907598099124055
124,05/17/2023 13:16:11.906235,367,True,True,True,True,Eyes,1.316077,-0.2776546,-2.998511,-0.182168,-0.3342327,0.924718,0.0,0.0,0.0,0.0,0.0,0.0,0.0,-1.273963,1.068523,2.842693,1.315386,-0.2744702,-3.006668,0.1347149,-0.00712337,-0.0004642938,0.9908588,15.48346,359.1533,359.8312,0.4007666,-0.08426402,-0.9122966,0,0,0,0.9388869,-1.048934,-0.9924689,-0.3460799,-0.2082398,2.153,0.9998981,-0.002839347,0.01399141,-0.0009991487,0.9637034,0.2669734,-0.0142416,-0.2669602,0.9636024,static,-11.14448,-19.87203,-9.131787,-5.524507,-0.7575878983983125,8.906602321876163
125,05/17/2023 13:16:11.916005,368,True,True,True,True,Eyes,1.315969,-0.2776532,-2.998505,-0.1821465,-0.3345402,0.924611,0.0,0.0,0.0,0.0,0.0,0.0,0.0,-1.273539,1.068536,2.842846,1.315414,-0.2744272,-3.00663,0.1347314,-0.007205119,-0.000486876,0.990856,15.48534,359.1432,359.8272,0.4007365,-0.08428629,-0.9123078,0,0,0,0.9385494,-1.048934,-0.9925151,-0.3460799,-0.2082396,2.153,0.9998958,-0.002906359,0.01414727,-0.0009766635,0.9636945,0.2670058,-0.01440966,-0.2669918,0.9635911,static,-11.14445,-19.891,-9.131785,-5.524499,-0.7567045811017141,8.905641221730146
126,05/17/2023 13:16:11.936128,369,True,True,True,True,Eyes,1.315833,-0.2776499,-2.998499,-0.1821212,-0.334938,0.924472,0.0,0.0,0.0,0.0,0.0,0.0,0.0,-1.27301,1.068719,2.843078,1.31543,-0.2745011,-3.006676,0.1347385,-0.007294575,-0.0004763955,0.9908543,15.48615,359.1329,359.827,0.4007066,-0.08430641,-0.912319,0,0,0,0.9382002,-1.049036,-0.9926407,-0.34608,-0.2082399,2.153,0.9998932,-0.002909797,0.01432734,-0.001021642,0.9636906,0.2670193,-0.0145841,-0.2670054,0.9635847,static,-11.14458,-19.91555,-9.131788,-5.52451,-0.7555759696823531,8.904396506762009
127,05/17/2023 13:16:11.955547,370,True,True,True,True,Eyes,1.315705,-0.2776473,-2.998491,-0.1820965,-0.3353191,0.9243386,0.0,0.0,0.0,0.0,0.0,0.0,0.0,-1.273022,1.068407,2.843207,1.315459,-0.2744729,-3.006682,0.1347328,-0.007321018,-0.0005790112,0.9908548,15.4854,359.1281,359.8145,0.4006764,-0.08432458,-0.9123306,0,0,0,0.9380167,-1.048908,-0.992648,-0.3460799,-0.2082399,2.153,0.9998921,-0.003120194,0.01435211,-0.0008253303,0.9636935,0.2670097,-0.01466415,-0.2669928,0.963587,static,-11.14467,-19.93908,-9.131786,-5.524511,-0.7544912713781837,8.90320369322765
128,05/17/2023 13:16:11.966477,371,True,True,True,True,Eyes,1.315492,-0.2776415,-2.998481,-0.1820351,-0.3357617,0.9241902,0.0,0.0,0.0,0.0,0.0,0.0,0.0,-1.27315,1.06834,2.843164,1.315531,-0.2744882,-3.006639,0.1347247,-0.007313339,-0.0005872401,0.990856,15.48446,359.1289,359.8137,0.400646,-0.084341,-0.9123424,0,0,0,0.9381123,-1.048885,-0.9925857,-0.3460799,-0.2082397,2.153,0.9998924,-0.003134315,0.0143347,-0.0008068339,0.9636979,0.2669941,-0.01465116,-0.2669769,0.9635916,static,-11.14275,-19.96627,-9.131785,-5.524505,-0.7530636258667277,8.901836234065497
129,05/17/2023 13:16:11.986218,372,True,True,True,True,Eyes,1.315287,-0.2776359,-2.998472,-0.1819741,-0.3361832,0.9240488,0.0,0.0,0.0,0.0,0.0,0.0,0.0,-1.27378,1.06791,2.843081,1.315553,-0.2744666,-3.006667,0.1346914,-0.007227969,-0.0006638287,0.9908611,15.48056,359.1378,359.806,0.4006134,-0.08435585,-0.9123554,0,0,0,0.9384167,-1.048682,-0.992491,-0.3460799,-0.2082398,2.153,0.9998946,-0.003262615,0.014145,-0.0006315667,0.9637156,0.2669305,-0.01450265,-0.2669113,0.963612,static,-11.14077,-19.99217,-9.131785,-5.524507,-0.7516907073621398,8.900534465600092
130,05/17/2023 13:16:11.996794,373,True,True,True,True,Eyes,1.315038,-0.2776276,-2.99846,-0.1819066,-0.3366281,0.9239002,0.0,0.0,0.0,0.0,0.0,0.0,0.0,-1.273975,1.067643,2.843113,1.315578,-0.2744682,-3.006674,0.1346491,-0.007200796,-0.0006711893,0.9908671,15.47566,359.1408,359.8056,0.4005788,-0.08436928,-0.9123693,0,0,0,0.9385481,-1.048508,-0.9924105,-0.3460799,-0.2082397,2.153,0.9998955,-0.00326928,0.01408931,-0.0006090427,0.9637384,0.2668483,-0.01445081,-0.266829,0.9636355,static,-11.13848,-20.01949,-9.131788,-5.524504,-0.7502251765015466,8.899162410088937
131,05/17/2023 13:16:12.016018,374,True,True,True,True,Eyes,1.314798,-0.2776199,-2.998449,-0.1818421,-0.3370515,0.9237585,0.0,0.0,0.0,0.0,0.0,0.0,0.0,-1.274307,1.067282,2.843071,1.315574,-0.2744268,-3.006652,0.134616,-0.007153835,-0.000713843,0.9908719,15.4718,359.1457,359.8014,0.4005415,-0.08438139,-0.9123845,0,0,0,0.9386989,-1.048306,-0.9922982,-0.3460799,-0.2082398,2.153,0.9998966,-0.003340694,0.01398488,-0.0005113872,0.9637561,0.2667845,-0.01436926,-0.2667641,0.9636547,static,-11.1363,-20.04549,-9.131785,-5.524506,-0.7488303991446649,8.897856650624151
132,05/17/2023 13:16:12.036243,375,True,True,True,True,Eyes,1.314577,-0.2776129,-2.99844,-0.181785,-0.3375022,0.9236051,0.0,0.0,0.0,0.0,0.0,0.0,0.0,-1.274332,1.066994,2.843194,1.315578,-0.2744387,-3.006674,0.1345717,-0.007154732,-0.0007339952,0.9908779,15.46666,359.1453,359.799,0.4005019,-0.08439234,-0.9124008,0,0,0,0.9386793,-1.048123,-0.9922498,-0.3460799,-0.2082398,2.153,0.9998966,-0.003380248,0.01398138,-0.0004710498,0.9637799,0.2666987,-0.01437648,-0.2666777,0.9636785,static,-11.1347,-20.07323,-9.131786,-5.524506,-0.7474047640768678,8.896459599426496
133,05/17/2023 13:16:12.046140,376,True,True,True,True,Eyes,1.314365,-0.2776066,-2.998432,-0.1817361,-0.3379363,0.923456,0.0,0.0,0.0,0.0,0.0,0.0,0.0,-1.274143,1.067124,2.843233,1.315543,-0.2744301,-3.006693,0.1345872,-0.00717752,-0.0007197974,0.9908756,15.46846,359.1429,359.8004,0.4004608,-0.08440223,-0.912418,0,0,0,0.9385624,-1.048186,-0.9923108,-0.3460799,-0.2082396,2.153,0.999896,-0.003358464,0.0140303,-0.0005055454,0.9637716,0.2667287,-0.01441781,-0.266708,0.9636695,static,-11.13353,-20.09997,-9.131785,-5.524499,-0.7460625713446138,8.895110906966378
134,05/17/2023 13:16:12.066174,377,True,True,True,True,Eyes,1.314157,-0.2775991,-2.998424,-0.1817213,-0.3383957,0.9232906,0.0,0.0,0.0,0.0,0.0,0.0,0.0,-1.273429,1.067442,2.843468,1.315547,-0.2744395,-3.006723,0.1345918,-0.007277464,-0.0006267224,0.9908743,15.46906,359.1325,359.8097,0.4004184,-0.08441117,-0.9124358,0,0,0,0.9382395,-1.048271,-0.992432,-0.3460799,-0.2082397,2.153,0.9998934,-0.00320098,0.0142534,-0.0007169684,0.9637693,0.2667363,-0.01459081,-0.266718,0.9636641,static,-11.13459,-20.12842,-9.131785,-5.524505,-0.7448329463520117,8.893663563702189
135,05/17/2023 13:16:12.086270,378,True,True,True,True,Eyes,1.313957,-0.2775918,-2.998418,-0.1817113,-0.3388382,0.9231303,0.0,0.0,0.0,0.0,0.0,0.0,0.0,-1.273404,1.067296,2.843535,1.315598,-0.2744029,-3.006705,0.1346055,-0.007307632,-0.0007025936,0.9908722,15.47056,359.1278,359.8003,0.400375,-0.08441923,-0.912454,0,0,0,0.9380885,-1.048232,-0.9924509,-0.3460799,-0.2082399,2.153,0.9998922,-0.003359655,0.01429271,-0.0005749334,0.9637618,0.2667639,-0.014671,-0.2667433,0.9636559,static,-11.13588,-20.15584,-9.131785,-5.524508,-0.7436709404533651,8.892267175630362
136,05/17/2023 13:16:12.096639,379,True,True,True,True,Eyes,1.313778,-0.2775848,-2.998411,-0.1817335,-0.3392882,0.9229606,0.0,0.0,0.0,0.0,0.0,0.0,0.0,-1.273199,1.067378,2.843634,1.315593,-0.2744001,-3.006743,0.1346367,-0.007352042,-0.0007490176,0.9908676,15.47412,359.1218,359.7941,0.400331,-0.08442648,-0.9124727,0,0,0,0.9378511,-1.048319,-0.9925669,-0.3460799,-0.2082398,2.153,0.9998908,-0.003464064,0.01436811,-0.0004953545,0.9637448,0.2668253,-0.01477149,-0.2668032,0.9636378,static,-11.1392,-20.18386,-9.131787,-5.524507,-0.74265582104942,8.890829459751929
137,05/17/2023 13:16:12.116152,380,True,True,True,True,Eyes,1.313606,-0.2775779,-2.998403,-0.1817545,-0.3397218,0.922797,0.0,0.0,0.0,0.0,0.0,0.0,0.0,-1.273497,1.067247,2.843496,1.31562,-0.274385,-3.006682,0.1346401,-0.007315884,-0.0007908822,0.9908673,15.4745,359.1254,359.7897,0.4002869,-0.084433,-0.9124914,0,0,0,0.9379882,-1.048291,-0.9924803,-0.3460799,-0.2082398,2.153,0.9998918,-0.003537342,0.01428517,-0.0004027046,0.9637429,0.2668326,-0.01471111,-0.2668094,0.963637,static,-11.14238,-20.21086,-9.131787,-5.524507,-0.7416760067232524,8.88944418344382
138,05/17/2023 13:16:12.136437,381,True,True,True,True,Eyes,1.313462,-0.2775732,-2.998397,-0.1817856,-0.3401559,0.922631,0.0,0.0,0.0,0.0,0.0,0.0,0.0,-1.273612,1.067319,2.84341,1.315622,-0.2743811,-3.006674,0.1346685,-0.007304042,-0.000822211,0.9908634,15.47776,359.1263,359.7862,0.4002428,-0.08443885,-0.9125102,0,0,0,0.9380091,-1.048382,-0.9925051,-0.34608,-0.2082399,2.153,0.999892,-0.003596647,0.01425316,-0.0003378513,0.9637274,0.2668882,-0.01469607,-0.2668642,0.9636221,static,-11.14619,-20.23794,-9.13179,-5.524509,-0.7407467088108189,8.88805146305752
139,05/17/2023 13:16:12.156199,382,True,True,True,True,Eyes,1.313323,-0.2775687,-2.998392,-0.1818068,-0.3405761,0.9224718,0.0,0.0,0.0,0.0,0.0,0.0,0.0,-1.274034,1.067425,2.843217,1.315647,-0.2744043,-3.006695,0.1347029,-0.007245807,-0.0008605014,0.9908593,15.48171,359.1325,359.7826,0.4001996,-0.08444414,-0.9125288,0,0,0,0.9382412,-1.048523,-0.9925326,-0.34608,-0.2082397,2.153,0.9998935,-0.003657334,0.01412732,-0.0002467908,0.9637088,0.2669557,-0.01459097,-0.2669308,0.9636052,static,-11.14934,-20.26412,-9.131788,-5.524505,-0.7398023828486519,8.886707899824602
140,05/17/2023 13:16:12.166017,383,True,True,True,True,Eyes,1.313173,-0.2775628,-2.998387,-0.1818181,-0.3409984,0.9223135,0.0,0.0,0.0,0.0,0.0,0.0,0.0,-1.274566,1.067708,2.842872,1.315634,-0.2744046,-3.006701,0.1347396,-0.007144377,-0.000818688,0.990855,15.48601,359.1451,359.7891,0.4001572,-0.08444891,-0.9125469,0,0,0,0.9386959,-1.048713,-0.9925242,-0.34608,-0.2082398,2.153,0.9998966,-0.003547663,0.01393746,-0.000302859,0.9636891,0.2670266,-0.0143787,-0.2670032,0.9635884,static,-11.15188,-20.2904,-9.131789,-5.524507,-0.7388009050807941,8.885362551952122
141,05/17/2023 13:16:12.186155,384,True,True,True,True,Eyes,1.313027,-0.2775579,-2.998382,-0.1818238,-0.3413996,0.922164,0.0,0.0,0.0,0.0,0.0,0.0,0.0,-1.275006,1.067527,2.842709,1.315577,-0.2743709,-3.006697,0.1347059,-0.007053336,-0.0007884163,0.9908603,15.48216,359.1563,359.7941,0.4001152,-0.0844532,-0.9125649,0,0,0,0.9390506,-1.048573,-0.9924024,-0.34608,-0.2082399,2.153,0.9998993,-0.003462673,0.01376533,-0.0003378312,0.9637074,0.2669606,-0.01419015,-0.2669384,0.9636092,static,-11.15398,-20.31535,-9.131788,-5.524508,-0.737823300888619,8.884086966604238
142,05/17/2023 13:16:12.196603,385,True,True,True,True,Eyes,1.312896,-0.2775535,-2.998377,-0.1818133,-0.3417994,0.9220179,0.0,0.0,0.0,0.0,0.0,0.0,0.0,-1.275156,1.067325,2.842721,1.315549,-0.274389,-3.006711,0.1346348,-0.007005285,-0.0007104133,0.9908704,15.47401,359.1633,359.8042,0.4000738,-0.08445707,-0.9125827,0,0,0,0.9393017,-1.048362,-0.9922765,-0.3460799,-0.2082397,2.153,0.9999009,-0.003294165,0.01369137,-0.0004784558,0.963746,0.2668212,-0.01407395,-0.2668013,0.9636487,static,-11.15508,-20.34015,-9.131786,-5.524505,-0.7367665804885056,8.882824363530474
143,05/17/2023 13:16:12.216288,386,True,True,True,True,Eyes,1.312769,-0.2775483,-2.998371,-0.1818049,-0.3421816,0.9218779,0.0,0.0,0.0,0.0,0.0,0.0,0.0,-1.2752,1.067358,2.842658,1.315573,-0.2743879,-3.006671,0.1346078,-0.00698375,-0.0006301053,0.9908742,15.47096,359.1671,359.814,0.4000332,-0.08446056,-0.9126002,0,0,0,0.9394961,-1.048311,-0.9921854,-0.34608,-0.2082398,2.153,0.9999017,-0.003128845,0.0136704,-0.0006314249,0.9637607,0.2667677,-0.01400967,-0.26675,0.9636639,static,-11.15622,-20.36386,-9.131789,-5.524507,-0.7357639095777415,8.881616778471985
144,05/17/2023 13:16:12.235986,387,True,True,True,True,Eyes,1.312676,-0.2775472,-2.998366,-0.181818,-0.3425612,0.9217342,0.0,0.0,0.0,0.0,0.0,0.0,0.0,-1.275135,1.067152,2.842718,1.315524,-0.2743652,-3.00665,0.1345938,-0.006995448,-0.0006699654,0.990876,15.46931,359.1651,359.8091,0.3999935,-0.08446369,-0.9126173,0,0,0,0.9393582,-1.048202,-0.9921474,-0.3460799,-0.2082397,2.153,0.9999013,-0.003210793,0.0136829,-0.0005553827,0.9637681,0.2667409,-0.01404359,-0.2667221,0.9636711,static,-11.1587,-20.38751,-9.131786,-5.524503,-0.7348793720348018,8.880405022747311
145,05/17/2023 13:16:12.256369,388,True,True,True,True,Eyes,1.312588,-0.2775434,-2.998359,-0.1818433,-0.3429165,0.9215971,0.0,0.0,0.0,0.0,0.0,0.0,0.0,-1.274255,1.06778,2.842881,1.315545,-0.2744391,-3.006639,0.134557,-0.007081872,-0.000381328,0.9908805,15.46529,359.1595,359.8418,0.3999555,-0.08446659,-0.9126337,0,0,0,0.9393018,-1.048324,-0.9921692,-0.3460799,-0.2082398,2.153,0.9998994,-0.002661532,0.01393196,-0.00115013,0.9637885,0.2666653,-0.0141372,-0.2666544,0.9636885,static,-11.16183,-20.4097,-9.131787,-5.524507,-0.7341185712860608,8.87926375131313
146,05/17/2023 13:16:12.266291,389,True,True,True,True,Eyes,1.312551,-0.277538,-2.998352,-0.1819042,-0.3432341,0.9214669,0.0,0.0,0.0,0.0,0.0,0.0,0.0,-1.272758,1.067412,2.84367,1.31558,-0.2743711,-3.006611,0.1344031,-0.007294885,-0.0001824558,0.9909,15.44763,359.1377,359.8619,0.399919,-0.08446918,-0.9126493,0,0,0,0.9386387,-1.047751,-0.9920782,-0.3460799,-0.2082399,2.153,0.9998935,-0.002322501,0.01440796,-0.00159932,0.9638715,0.2663628,-0.01450605,-0.2663575,0.9637651,static,-11.16702,-20.42969,-9.131787,-5.524508,-0.7336372372123044,8.878222874260457
147,05/17/2023 13:16:12.285984,390,True,True,True,True,Eyes,1.312517,-0.2775349,-2.998346,-0.1819792,-0.3435359,0.9213396,0.0,0.0,0.0,0.0,0.0,0.0,0.0,-1.272352,1.066268,2.844219,1.315613,-0.274296,-3.006545,0.1342422,-0.007383434,-0.0002462478,0.990921,15.42895,359.1263,359.8532,0.3998854,-0.08447142,-0.9126639,0,0,0,0.9382353,-1.046966,-0.9918218,-0.3460799,-0.2082399,2.153,0.9998909,-0.002470361,0.01456669,-0.001494312,0.963958,0.2660504,-0.01469891,-0.2660431,0.963849,static,-11.17301,-20.44876,-9.131786,-5.524508,-0.7332674809905487,8.877224311022143
148,05/17/2023 13:16:12.296675,391,True,True,True,True,Eyes,1.31254,-0.2775318,-2.99834,-0.1820755,-0.3438472,0.9212044,0.0,0.0,0.0,0.0,0.0,0.0,0.0,-1.27227,1.065531,2.844571,1.315668,-0.2743489,-3.006553,0.1342826,-0.007501045,-0.0006610339,0.9909146,15.43323,359.1058,359.8024,0.3998543,-0.08447339,-0.9126773,0,0,0,0.9373854,-1.046874,-0.9919437,-0.3460799,-0.2082399,2.153,0.9998866,-0.003324576,0.01468826,-0.000704464,0.9639355,0.2661352,-0.01504332,-0.2661153,0.9638238,static,-11.18037,-20.4685,-9.131788,-5.524511,-0.732984548272337,8.876184424587676
149,05/17/2023 13:16:12.315987,392,True,True,True,True,Eyes,1.31256,-0.277532,-2.998337,-0.1821596,-0.3441657,0.9210688,0.0,0.0,0.0,0.0,0.0,0.0,0.0,-1.274204,1.065848,2.843502,1.315609,-0.2742999,-3.006503,0.134585,-0.007278327,-0.001157758,0.9908747,15.46781,359.124,359.7471,0.399827,-0.08447505,-0.9126891,0,0,0,0.9377715,-1.047722,-0.9921541,-0.3460799,-0.2082397,2.153,0.9998914,-0.004253493,0.01411219,0.0003352791,0.9637711,0.2667306,-0.01473545,-0.2666969,0.9636678,static,-11.18701,-20.48866,-9.131785,-5.524505,-0.7326201380193875,8.875127130191949
150,05/17/2023 13:16:12.335948,393,True,True,True,True,Eyes,1.312615,-0.2775318,-2.998337,-0.1822115,-0.3444777,0.920942,0.0,0.0,0.0,0.0,0.0,0.0,0.0,-1.274716,1.067476,2.842747,1.315585,-0.2743748,-3.006588,0.1348407,-0.007178898,-0.001116265,0.9908408,15.49743,359.1362,359.7534,0.399803,-0.08447654,-0.9126995,0,0,0,0.9382064,-1.048877,-0.9925678,-0.3460799,-0.2082399,2.153,0.9998944,-0.004148096,0.01392525,0.0002760669,0.9636335,0.2672272,-0.01452733,-0.2671952,0.9635329,static,-11.19162,-20.50827,-9.131786,-5.524508,-0.7321065198830032,8.874108629966594
151,05/17/2023 13:16:12.346322,394,True,True,True,True,Eyes,1.312666,-0.2775297,-2.998339,-0.1822486,-0.3447799,0.9208215,0.0,0.0,0.0,0.0,0.0,0.0,0.0,-1.275458,1.068685,2.842018,1.315638,-0.274334,-3.006624,0.1349747,-0.00701591,-0.0009096704,0.9908239,15.51316,359.1587,359.7802,0.3997827,-0.08447782,-0.9127083,0,0,0,0.9391499,-1.049547,-0.9927103,-0.3460799,-0.2082397,2.153,0.9998999,-0.003696588,0.0136575,-9.129528e-05,0.963562,0.2674851,-0.01414863,-0.2674596,0.9634652,static,-11.19527,-20.52723,-9.131787,-5.524503,-0.7315404426409785,8.873128233123078
152,05/17/2023 13:16:12.366254,395,True,True,True,True,Eyes,1.312745,-0.2775294,-2.998344,-0.1822972,-0.3450478,0.9207116,0.0,0.0,0.0,0.0,0.0,0.0,0.0,-1.27624,1.068905,2.841636,1.315634,-0.2742871,-3.006678,0.1349958,-0.006866783,-0.0008385284,0.9908221,15.51568,359.1774,359.791,0.3997658,-0.08447885,-0.9127156,0,0,0,0.9398432,-1.049652,-0.9926933,-0.3460799,-0.2082397,2.153,0.9999043,-0.003515638,0.01338113,-0.0001923087,0.9635509,0.2675251,-0.01383392,-0.267502,0.963458,static,-11.19948,-20.54409,-9.131785,-5.524503,-0.7311200687352648,8.872251235436732
153,05/17/2023 13:16:12.386034,396,True,True,True,True,Eyes,1.312819,-0.2775298,-2.998353,-0.1823474,-0.3452988,0.9206074,0.0,0.0,0.0,0.0,0.0,0.0,0.0,-1.276489,1.068321,2.841794,1.315591,-0.274306,-3.006744,0.1348772,-0.006809885,-0.0008079118,0.9908387,15.502,359.1846,359.7956,0.3997526,-0.08447967,-0.9127213,0,0,0,0.9400686,-1.049216,-0.9925335,-0.3460799,-0.2082398,2.153,0.999906,-0.003438016,0.01327706,-0.0002359757,0.9636149,0.267294,-0.01371293,-0.2672721,0.9635236,static,-11.20373,-20.55992,-9.131787,-5.524507,-0.7307509586524206,8.871426215402177
154,05/17/2023 13:16:12.406057,397,True,True,True,True,Eyes,1.312921,-0.2775301,-2.998363,-0.1824408,-0.3455375,0.9204994,0.0,0.0,0.0,0.0,0.0,0.0,0.0,-1.27594,1.068045,2.842201,1.31555,-0.2743255,-3.006813,0.1347822,-0.006877091,-0.0007271768,0.9908512,15.49106,359.178,359.8041,0.3997425,-0.08448033,-0.9127257,0,0,0,0.9398255,-1.0489,-0.9925112,-0.34608,-0.2082398,2.153,0.9999044,-0.003294866,0.01343232,-0.0004127705,0.9636664,0.2671081,-0.01382437,-0.2670882,0.963573,static,-11.2106,-20.57515,-9.131787,-5.524506,-0.7306352358146156,8.870617499825025
155,05/17/2023 13:16:12.416196,398,True,True,True,True,Eyes,1.313018,-0.2775306,-2.998372,-0.1825414,-0.3457612,0.9203955,0.0,0.0,0.0,0.0,0.0,0.0,0.0,-1.274676,1.067769,2.842932,1.315584,-0.2742996,-3.006857,0.1346938,-0.007080812,-0.000661079,0.9908618,15.48087,359.1551,359.8087,0.3997358,-0.0844808,-0.9127285,0,0,0,0.9390689,-1.048541,-0.9925757,-0.34608,-0.20824,2.153,0.9998989,-0.003217559,0.01385413,-0.0005974079,0.9637143,0.2669353,-0.0142103,-0.2669165,0.9636149,static,-11.21786,-20.58949,-9.131788,-5.524511,-0.7305944050421753,8.869851784240312
156,05/17/2023 13:16:12.436312,399,True,True,True,True,Eyes,1.313105,-0.2775297,-2.99838,-0.1826383,-0.345957,0.9203027,0.0,0.0,0.0,0.0,0.0,0.0,0.0,-1.273606,1.067562,2.84348,1.315586,-0.2743052,-3.006847,0.1346112,-0.007243405,-0.0005806779,0.9908719,15.47135,359.1373,359.8156,0.3997323,-0.08448112,-0.9127301,0,0,0,0.938467,-1.048252,-0.9925651,-0.34608,-0.2082398,2.153,0.9998944,-0.003100842,0.01419824,-0.000799332,0.963759,0.2667733,-0.0145109,-0.2667565,0.9636547,static,-11.22477,-20.60207,-9.131788,-5.524507,-0.7306051590221951,8.869177136128917
157,05/17/2023 13:16:12.456305,400,True,True,True,True,Eyes,1.31319,-0.2775302,-2.998388,-0.182739,-0.3461435,0.9202126,0.0,0.0,0.0,0.0,0.0,0.0,0.0,-1.272563,1.067013,2.844145,1.315602,-0.2742796,-3.006835,0.1344646,-0.007398534,-0.000478165,0.9908907,15.45446,359.1207,359.8254,0.3997312,-0.08448127,-0.9127306,0,0,0,0.9379327,-1.047687,-0.9924487,-0.3460799,-0.2082397,2.153,0.9998901,-0.0029373,0.01453368,-0.001042063,0.963838,0.2664865,-0.01479087,-0.2664723,0.9637291,static,-11.23187,-20.61409,-9.131785,-5.524505,-0.7306582678271132,8.868529842283905
158,05/17/2023 13:16:12.466143,401,True,True,True,True,Eyes,1.313294,-0.2775298,-2.998398,-0.1828621,-0.3462896,0.9201331,0.0,0.0,0.0,0.0,0.0,0.0,0.0,-1.271673,1.067183,2.844506,1.315637,-0.2743126,-3.006842,0.1344255,-0.00752649,-0.000355062,0.9908951,15.45002,359.1076,359.8379,0.3997323,-0.08448131,-0.9127301,0,0,0,0.9375519,-1.047637,-0.9925016,-0.3460799,-0.2082396,2.153,0.9998865,-0.002727162,0.01482047,-0.001319846,0.9638593,0.2664084,-0.01501138,-0.2663977,0.9637463,static,-11.24019,-20.62369,-9.131786,-5.524499,-0.7309287499031657,8.867998611166781
159,05/17/2023 13:16:12.486286,402,True,True,True,True,Eyes,1.313393,-0.2775301,-2.998407,-0.1829784,-0.346431,0.9200568,0.0,0.0,0.0,0.0,0.0,0.0,0.0,-1.271257,1.066975,2.844845,1.315685,-0.2742739,-3.006895,0.1344039,-0.007612864,-0.0003907895,0.9908974,15.44748,359.0969,359.8323,0.3997358,-0.08448122,-0.9127286,0,0,0,0.9372017,-1.047476,-0.9925827,-0.3460799,-0.2082399,2.153,0.9998838,-0.002820861,0.01498209,-0.001271932,0.9638709,0.2663669,-0.01519218,-0.266355,0.9637553,static,-11.24806,-20.63297,-9.131784,-5.524508,-0.7311753526987487,8.86748601693599
160,05/17/2023 13:16:12.506300,403,True,True,True,True,Eyes,1.313535,-0.2775297,-2.998417,-0.1831107,-0.3465411,0.919989,0.0,0.0,0.0,0.0,0.0,0.0,0.0,-1.271911,1.066761,2.844617,1.315688,-0.2742907,-3.006877,0.1344524,-0.007545648,-0.0005783241,0.9908913,15.45293,359.1018,359.8112,0.3997415,-0.08448101,-0.9127262,0,0,0,0.937301,-1.047563,-0.9925736,-0.3460799,-0.2082398,2.153,0.9998855,-0.003175174,0.01479832,-0.0008829486,0.9638444,0.2664642,-0.01510935,-0.2664467,0.9637312,static,-11.2568,-20.64037,-9.131786,-5.524506,-0.7315841296361996,8.86706400563966
161,05/17/2023 13:16:12.516342,404,True,True,True,True,Eyes,1.313672,-0.2775342,-2.998426,-0.183231,-0.3466486,0.9199246,0.0,0.0,0.0,0.0,0.0,0.0,0.0,-1.272184,1.06669,2.844517,1.315672,-0.274237,-3.006885,0.1344445,-0.007493047,-0.0005615531,0.9908927,15.45204,359.1082,359.8141,0.3997501,-0.08448064,-0.9127224,0,0,0,0.9375226,-1.047494,-0.9925307,-0.3460799,-0.2082397,2.153,0.9998871,-0.003127675,0.01469862,-0.0009019201,0.9638487,0.2664485,-0.01500061,-0.2664317,0.9637371,static,-11.26478,-20.64756,-9.131787,-5.524503,-0.7319372353219854,8.866656725453232
162,05/17/2023 13:16:12.536241,405,True,True,True,True,Eyes,1.313857,-0.2775376,-2.998438,-0.1833633,-0.3467379,0.9198645,0.0,0.0,0.0,0.0,0.0,0.0,0.0,-1.27222,1.067199,2.84431,1.315712,-0.2743587,-3.006856,0.1344301,-0.007449706,-0.0003676532,0.9908951,15.45056,359.1165,359.8376,0.3997612,-0.08448029,-0.9127176,0,0,0,0.937937,-1.0477,-0.9924647,-0.3460799,-0.2082396,2.153,0.9998888,-0.00273154,0.01466491,-0.001274318,0.9638568,0.2664177,-0.0148626,-0.2664067,0.9637461,static,-11.27342,-20.65366,-9.131785,-5.524502,-0.7323977603290858,8.866301126835516
163,05/17/2023 13:16:12.556405,406,True,True,True,True,Eyes,1.314033,-0.2775417,-2.998449,-0.1834858,-0.3468193,0.9198095,0.0,0.0,0.0,0.0,0.0,0.0,0.0,-1.272767,1.066597,2.844389,1.315781,-0.2742928,-3.006926,0.1344426,-0.007423832,-0.0006094437,0.9908935,15.45179,359.1157,359.8095,0.3997758,-0.08447985,-0.9127113,0,0,0,0.9378747,-1.047514,-0.9925124,-0.3460799,-0.2082397,2.153,0.999889,-0.003203946,0.01454858,-0.000788371,0.9638496,0.2664456,-0.01487632,-0.2664275,0.9637401,static,-11.28142,-20.65923,-9.131788,-5.524506,-0.7328278006173097,8.865975828835744
164,05/17/2023 13:16:12.566282,407,True,True,True,True,Eyes,1.314222,-0.2775466,-2.99846,-0.1835982,-0.3468767,0.9197654,0.0,0.0,0.0,0.0,0.0,0.0,0.0,-1.273842,1.065811,2.844187,1.315751,-0.2743142,-3.006922,0.1344337,-0.007300435,-0.0008865548,0.9908954,15.45055,359.1258,359.7789,0.3997933,-0.08447938,-0.9127036,0,0,0,0.9380885,-1.047313,-0.9923778,-0.3460799,-0.2082399,2.153,0.9998919,-0.003719815,0.01422957,-0.000205883,0.9638535,0.2664324,-0.0147063,-0.2664065,0.9637486,static,-11.28867,-20.66327,-9.131785,-5.524508,-0.7332643151201661,8.86573209612878
165,05/17/2023 13:16:12.586284,408,True,True,True,True,Eyes,1.314404,-0.2775532,-2.998471,-0.1836976,-0.3469341,0.9197238,0.0,0.0,0.0,0.0,0.0,0.0,0.0,-1.274249,1.065487,2.844085,1.315665,-0.2743201,-3.00692,0.1344181,-0.007236485,-0.0009713693,0.9908978,15.44868,359.132,359.7699,0.3998138,-0.08447888,-0.9126947,0,0,0,0.9381877,-1.047201,-0.9922959,-0.3460799,-0.2082399,2.153,0.9998934,-0.003870485,0.0140801,-2.037402e-05,0.9638616,0.2664033,-0.01460237,-0.2663752,0.9637588,static,-11.29513,-20.66726,-9.131787,-5.524511,-0.7336351475161871,8.865495148336734
166,05/17/2023 13:16:12.605905,409,True,True,True,True,Eyes,1.314593,-0.2775592,-2.99848,-0.1837908,-0.3469743,0.91969,0.0,0.0,0.0,0.0,0.0,0.0,0.0,-1.274474,1.065899,2.843832,1.315651,-0.2743658,-3.006924,0.1344198,-0.007162106,-0.0008217925,0.9908983,15.44902,359.1431,359.7887,0.3998367,-0.08447841,-0.9126847,0,0,0,0.9386343,-1.047368,-0.9922601,-0.3460799,-0.2082397,2.153,0.999896,-0.003554083,0.01397291,-0.0002968319,0.9638613,0.2664045,-0.01441476,-0.2663809,0.96376,static,-11.30111,-20.67014,-9.131786,-5.524506,-0.7340161961624986,8.865317030324471
167,05/17/2023 13:16:12.616345,410,True,True,True,True,Eyes,1.314775,-0.2775637,-2.998488,-0.1838779,-0.3470068,0.9196604,0.0,0.0,0.0,0.0,0.0,0.0,0.0,-1.274345,1.066444,2.843647,1.315652,-0.2743446,-3.00689,0.1344588,-0.007152671,-0.000683751,0.9908932,15.45366,359.1464,359.8051,0.3998621,-0.08447796,-0.9126736,0,0,0,0.9388112,-1.047606,-0.9922922,-0.3460799,-0.20824,2.153,0.9998968,-0.003278528,0.01399119,-0.0005684311,0.9638407,0.2664784,-0.01435894,-0.2664589,0.9637393,static,-11.30668,-20.67252,-9.131788,-5.524512,-0.7343851657427458,8.865166455034366
168,05/17/2023 13:16:12.636079,411,True,True,True,True,Eyes,1.314967,-0.2775691,-2.998495,-0.1839823,-0.3470303,0.9196306,0.0,0.0,0.0,0.0,0.0,0.0,0.0,-1.274544,1.0659,2.843724,1.315637,-0.2743134,-3.006863,0.1343785,-0.007119673,-0.0006976076,0.9909043,15.44437,359.1501,359.8041,0.3998894,-0.08447748,-0.9126616,0,0,0,0.9389214,-1.047241,-0.9921142,-0.34608,-0.2082397,2.153,0.9998977,-0.003295987,0.01392234,-0.0005309379,0.9638838,0.2663225,-0.01429732,-0.2663026,0.9637835,static,-11.31329,-20.67442,-9.131789,-5.524506,-0.7348659442439348,8.865034606032065
169,05/17/2023 13:16:12.645893,412,True,True,True,True,Eyes,1.315151,-0.2775743,-2.998501,-0.184084,-0.3470446,0.9196049,0.0,0.0,0.0,0.0,0.0,0.0,0.0,-1.274414,1.066027,2.843709,1.315613,-0.2743248,-3.006847,0.1343958,-0.00713623,-0.0006915835,0.9909018,15.44637,359.1483,359.8045,0.3999189,-0.084477,-0.9126488,0,0,0,0.9388335,-1.047326,-0.9921386,-0.3460799,-0.2082399,2.153,0.9998972,-0.003288741,0.01395671,-0.0005475761,0.9638745,0.2663559,-0.0143285,-0.2663362,0.9637737,static,-11.3197,-20.67573,-9.131786,-5.524509,-0.7353568990573479,8.864933730210403
170,05/17/2023 13:16:12.666150,413,True,True,True,True,Eyes,1.315367,-0.2775803,-2.998506,-0.1842905,-0.347065,0.9195558,0.0,0.0,0.0,0.0,0.0,0.0,0.0,-1.27419,1.065446,2.844009,1.3156,-0.2743286,-3.006836,0.1342773,-0.007163972,-0.0006578311,0.9909178,15.43269,359.1456,359.8082,0.3999501,-0.08447652,-0.9126352,0,0,0,0.9387372,-1.046868,-0.9919657,-0.34608,-0.2082397,2.153,0.9998965,-0.003227631,0.01402115,-0.0006202049,0.9639384,0.266125,-0.01437448,-0.2661061,0.9638366,static,-11.33266,-20.67785,-9.131788,-5.524503,-0.7363740738238859,8.864756561538254
171,05/17/2023 13:16:12.686231,414,True,True,True,True,Eyes,1.315574,-0.2775861,-2.998509,-0.1844855,-0.3470844,0.9195093,0.0,0.0,0.0,0.0,0.0,0.0,0.0,-1.274139,1.065559,2.843905,1.315583,-0.2743219,-3.006764,0.1343117,-0.007175454,-0.0006821817,0.990913,15.43664,359.1438,359.8051,0.3999836,-0.08447604,-0.9126206,0,0,0,0.9386474,-1.046983,-0.991954,-0.3460799,-0.20824,2.153,0.9998961,-0.00327946,0.01403725,-0.0005755297,0.9639198,0.2661922,-0.01440375,-0.2661726,0.9638178,static,-11.3449,-20.67987,-9.131784,-5.524513,-0.7373339134985107,8.864588334721676
172,05/17/2023 13:16:12.696567,415,True,True,True,True,Eyes,1.315786,-0.2775953,-2.998513,-0.1847207,-0.3471256,0.9194466,0.0,0.0,0.0,0.0,0.0,0.0,0.0,-1.274239,1.065611,2.843826,1.315576,-0.2743251,-3.006753,0.1342986,-0.007145192,-0.0006281596,0.9909151,15.43517,359.1483,359.8119,0.400019,-0.08447556,-0.9126051,0,0,0,0.9388212,-1.046975,-0.9919046,-0.3460799,-0.20824,2.153,0.9998971,-0.003164084,0.01399183,-0.0006742725,0.963927,0.2661659,-0.01432928,-0.2661479,0.9638257,static,-11.35974,-20.68341,-9.131787,-5.524511,-0.7384469919284047,8.864329093813506
173,05/17/2023 13:16:12.716569,416,True,True,True,True,Eyes,1.315989,-0.2776032,-2.998518,-0.1849465,-0.3471725,0.9193835,0.0,0.0,0.0,0.0,0.0,0.0,0.0,-1.274217,1.066011,2.843699,1.315612,-0.274405,-3.006743,0.1343451,-0.007149923,-0.0006058051,0.9909087,15.44057,359.148,359.8145,0.4000562,-0.08447518,-0.9125888,0,0,0,0.9388594,-1.04726,-0.9919727,-0.3460799,-0.20824,2.153,0.9998971,-0.00312171,0.01400707,-0.0007205196,0.963902,0.2662562,-0.01433262,-0.2662389,0.9638005,static,-11.37403,-20.68726,-9.131785,-5.524513,-0.7394983335423769,8.86405710411167
174,05/17/2023 13:16:12.736310,417,True,True,True,True,Eyes,1.316195,-0.2776111,-2.998522,-0.1851804,-0.3472368,0.9193122,0.0,0.0,0.0,0.0,0.0,0.0,0.0,-1.274137,1.066584,2.843537,1.315598,-0.2743808,-3.006767,0.1344387,-0.007156673,-0.0005856183,0.990896,15.45141,359.1475,359.8166,0.4000949,-0.08447486,-0.9125719,0,0,0,0.9388379,-1.04763,-0.9921496,-0.3460799,-0.2082397,2.153,0.9998969,-0.00308484,0.01402558,-0.0007636938,0.9638517,0.2664379,-0.01434049,-0.266421,0.9637501,static,-11.38889,-20.69224,-9.131786,-5.524506,-0.7405462775842375,8.863724786852668
175,05/17/2023 13:16:12.756272,418,True,True,True,True,Eyes,1.316391,-0.2776205,-2.998527,-0.1854015,-0.3473011,0.9192433,0.0,0.0,0.0,0.0,0.0,0.0,0.0,-1.274513,1.066961,2.843211,1.315573,-0.2743784,-3.006762,0.1345218,-0.00709581,-0.0006141826,0.9908851,15.46101,359.1542,359.8141,0.4001348,-0.08447459,-0.9125544,0,0,0,0.9390405,-1.047952,-0.9922269,-0.3460799,-0.2082399,2.153,0.9998986,-0.003126251,0.01389702,-0.0006919134,0.963807,0.2666,-0.01422751,-0.2665825,0.963707,static,-11.40297,-20.69716,-9.131787,-5.524508,-0.7415298646007505,8.863399707422174
176,05/17/2023 13:16:12.766623,419,True,True,True,True,Eyes,1.316606,-0.2776282,-2.998531,-0.1856235,-0.3473622,0.9191754,0.0,0.0,0.0,0.0,0.0,0.0,0.0,-1.274715,1.06722,2.84304,1.315571,-0.2744254,-3.006776,0.1345516,-0.007056459,-0.0005932545,0.9908813,15.46449,359.1591,359.8172,0.4001758,-0.08447441,-0.9125364,0,0,0,0.9392242,-1.048139,-0.9922599,-0.3460799,-0.2082398,2.153,0.9998997,-0.003074606,0.01382458,-0.0007232268,0.963791,0.2666578,-0.01414387,-0.266641,0.9636921,static,-11.41708,-20.70189,-9.131787,-5.524507,-0.742524855305674,8.863084094368405
177,05/17/2023 13:16:12.786326,420,True,True,True,True,Eyes,1.316812,-0.2776365,-2.998535,-0.1858306,-0.3474173,0.9191127,0.0,0.0,0.0,0.0,0.0,0.0,0.0,-1.275111,1.066803,2.842981,1.315557,-0.2743708,-3.00675,0.1345213,-0.007001916,-0.0006577478,0.9908859,15.46093,359.1646,359.8105,0.4002181,-0.08447424,-0.912518,0,0,0,0.9393752,-1.04792,-0.9921402,-0.3460799,-0.2082397,2.153,0.9999011,-0.003187319,0.01369924,-0.0005803076,0.9638072,0.2665997,-0.01405316,-0.2665813,0.96371,static,-11.43025,-20.7062,-9.131785,-5.524503,-0.7434584301242666,8.862794822342492
178,05/17/2023 13:16:12.806395,421,True,True,True,True,Eyes,1.317016,-0.2776443,-2.99854,-0.1860588,-0.3474628,0.9190494,0.0,0.0,0.0,0.0,0.0,0.0,0.0,-1.275323,1.066656,2.842931,1.315549,-0.2743964,-3.006742,0.1344558,-0.006944613,-0.0005696624,0.9908951,15.45344,359.1727,359.8219,0.4002613,-0.08447413,-0.912499,0,0,0,0.9396958,-1.047748,-0.9919945,-0.3460799,-0.2082399,2.153,0.999903,-0.002996437,0.01360958,-0.0007385348,0.9638426,0.266471,-0.01391595,-0.2664551,0.9637468,static,-11.44468,-20.70998,-9.131785,-5.524508,-0.7445250729348446,8.862525626340224
179,05/17/2023 13:16:12.816360,422,True,True,True,True,Eyes,1.317213,-0.2776517,-2.998544,-0.1862784,-0.3475033,0.9189895,0.0,0.0,0.0,0.0,0.0,0.0,0.0,-1.275159,1.066414,2.843122,1.315573,-0.2743928,-3.006757,0.1343866,-0.006963251,-0.0005126213,0.9909045,15.44548,359.1715,359.8284,0.4003054,-0.08447404,-0.9124796,0,0,0,0.9396973,-1.047502,-0.9919204,-0.3460799,-0.20824,2.153,0.9999025,-0.002887452,0.01366205,-0.0008556176,0.9638799,0.2663357,-0.01393761,-0.2663214,0.9637835,static,-11.45856,-20.71342,-9.131787,-5.524512,-0.7455601569830327,8.862276618815326
180,05/17/2023 13:16:12.836278,423,True,True,True,True,Eyes,1.317419,-0.2776585,-2.998549,-0.1865253,-0.3475312,0.9189289,0.0,0.0,0.0,0.0,0.0,0.0,0.0,-1.274843,1.066329,2.843292,1.31557,-0.2743901,-3.006756,0.134326,-0.006993333,-0.0004135353,0.9909126,15.43855,359.1696,359.8396,0.4003501,-0.08447398,-0.91246,0,0,0,0.939666,-1.04732,-0.991856,-0.3460799,-0.20824,2.153,0.9999019,-0.002698327,0.01374846,-0.001059218,0.9639127,0.2662163,-0.01397066,-0.2662048,0.9638153,static,-11.47408,-20.7162,-9.131785,-5.524511,-0.7467670551760849,8.862052229849418
181,05/17/2023 13:16:12.856401,424,True,True,True,True,Eyes,1.317616,-0.2776669,-2.998554,-0.1867696,-0.3475569,0.9188696,0.0,0.0,0.0,0.0,0.0,0.0,0.0,-1.274409,1.066258,2.843556,1.315627,-0.2743743,-3.006772,0.1343034,-0.007072508,-0.0003976878,0.990915,15.43594,359.1605,359.8402,0.4003955,-0.08447389,-0.9124401,0,0,0,0.9394059,-1.047216,-0.9918979,-0.34608,-0.2082398,2.153,0.9998997,-0.002687873,0.01390969,-0.001111574,0.9639249,0.2661721,-0.01412333,-0.2661609,0.9638252,static,-11.48943,-20.71882,-9.131788,-5.524507,-0.7479667481494798,8.86183686335158
182,05/17/2023 13:16:12.866288,425,True,True,True,True,Eyes,1.317805,-0.2776761,-2.998558,-0.1870298,-0.3476046,0.9187986,0.0,0.0,0.0,0.0,0.0,0.0,0.0,-1.27384,1.066259,2.843788,1.315624,-0.2744208,-3.006748,0.1342907,-0.007167872,-0.0003966301,0.9909161,15.43446,359.1493,359.8388,0.4004413,-0.08447386,-0.91242,0,0,0,0.939003,-1.047202,-0.9919254,-0.3460799,-0.2082399,2.153,0.9998969,-0.002711211,0.01409899,-0.001139103,0.9639317,0.2661473,-0.01431204,-0.2661359,0.9638293,static,-11.50587,-20.72289,-9.131786,-5.524508,-0.7491929484574222,8.861542155714663
183,05/17/2023 13:16:12.886361,426,True,True,True,True,Eyes,1.317987,-0.2776855,-2.998562,-0.1872876,-0.3476563,0.9187266,0.0,0.0,0.0,0.0,0.0,0.0,0.0,-1.273268,1.066359,2.844019,1.315628,-0.2744497,-3.006755,0.1342895,-0.007261317,-0.0003794699,0.9909155,15.43433,359.1385,359.8394,0.4004872,-0.08447391,-0.9123998,0,0,0,0.9386315,-1.04723,-0.9920019,-0.34608,-0.20824,2.153,0.9998943,-0.002702283,0.01428879,-0.001198193,0.9639323,0.2661447,-0.01449262,-0.2661337,0.9638272,static,-11.52219,-20.72719,-9.131787,-5.524511,-0.7503981407322954,8.861236439114922
184,05/17/2023 13:16:12.896694,427,True,True,True,True,Eyes,1.318175,-0.2776942,-2.998567,-0.1875276,-0.3476966,0.9186623,0.0,0.0,0.0,0.0,0.0,0.0,0.0,-1.272671,1.06688,2.844096,1.315645,-0.2744651,-3.006751,0.134373,-0.007365646,-0.0003822926,0.9909035,15.44396,359.1262,359.8373,0.4005332,-0.08447403,-0.9123796,0,0,0,0.9382077,-1.047572,-0.9922063,-0.3460799,-0.2082398,2.153,0.9998913,-0.002737118,0.01449455,-0.001221858,0.9638875,0.266307,-0.01470003,-0.2662957,0.9637793,static,-11.53734,-20.73073,-9.131785,-5.524507,-0.7515379040781719,8.860975529983472
185,05/17/2023 13:16:12.916000,428,True,True,True,True,Eyes,1.318356,-0.2777027,-2.998573,-0.1877623,-0.3477356,0.9185996,0.0,0.0,0.0,0.0,0.0,0.0,0.0,-1.272599,1.066771,2.844171,1.315639,-0.2744446,-3.006758,0.1343838,-0.007391172,-0.0004452938,0.9909018,15.44514,359.1222,359.8295,0.4005793,-0.08447421,-0.9123594,0,0,0,0.9380321,-1.047548,-0.9922429,-0.3460799,-0.2082397,2.153,0.9998904,-0.002868992,0.01452817,-0.001104022,0.9638816,0.2663288,-0.01476753,-0.2663156,0.9637727,static,-11.55217,-20.73414,-9.131786,-5.524503,-0.7526561573150308,8.860722930343163
186,05/17/2023 13:16:12.935932,429,True,True,True,True,Eyes,1.318538,-0.2777123,-2.998578,-0.1879728,-0.347763,0.9185462,0.0,0.0,0.0,0.0,0.0,0.0,0.0,-1.272452,1.066728,2.844295,1.315654,-0.2744479,-3.006791,0.1344003,-0.007433,-0.0005092468,0.9908992,15.44699,359.1162,359.8212,0.4006254,-0.08447441,-0.9123392,0,0,0,0.9378082,-1.047568,-0.9923274,-0.34608,-0.2082398,2.153,0.999889,-0.003007219,0.01459382,-0.0009887699,0.9638726,0.2663618,-0.01486759,-0.2663466,0.9637626,static,-11.56542,-20.73674,-9.131788,-5.524507,-0.7536760100582297,8.860519878167201
187,05/17/2023 13:16:12.946524,430,True,True,True,True,Eyes,1.318714,-0.2777209,-2.998583,-0.1881703,-0.34779,0.9184955,0.0,0.0,0.0,0.0,0.0,0.0,0.0,-1.273004,1.066367,2.844169,1.315678,-0.2744801,-3.006764,0.1343667,-0.007358699,-0.0005740902,0.9909042,15.44306,359.1239,359.8148,0.4006714,-0.08447469,-0.9123189,0,0,0,0.9380801,-1.047425,-0.9921865,-0.34608,-0.2082398,2.153,0.9998911,-0.003115265,0.01442925,-0.0008397917,0.9638905,0.2662975,-0.01473781,-0.2662806,0.9637829,static,-11.57787,-20.73927,-9.131788,-5.524507,-0.754630248446345,8.860324678174303
188,05/17/2023 13:16:12.965892,431,True,True,True,True,Eyes,1.318887,-0.2777278,-2.998587,-0.1883553,-0.3478289,0.9184429,0.0,0.0,0.0,0.0,0.0,0.0,0.0,-1.273478,1.066314,2.843981,1.315692,-0.2744638,-3.006763,0.1343834,-0.007290788,-0.0006166745,0.9909025,15.44496,359.1312,359.8109,0.4007173,-0.08447502,-0.9122987,0,0,0,0.9383368,-1.047452,-0.9921573,-0.3460799,-0.2082397,2.153,0.999893,-0.003181649,0.01428318,-0.0007373923,0.9638814,0.2663306,-0.01461466,-0.2663126,0.9637759,static,-11.58958,-20.74247,-9.131786,-5.524505,-0.7554896807485735,8.860099509666288
189,05/17/2023 13:16:12.987923,432,True,True,True,True,Eyes,1.319053,-0.2777339,-2.998591,-0.1885283,-0.3478648,0.9183938,0.0,0.0,0.0,0.0,0.0,0.0,0.0,-1.273857,1.066297,2.843808,1.315714,-0.274427,-3.006747,0.1343787,-0.007224032,-0.0005882414,0.9909037,15.44445,359.1396,359.8153,0.4007629,-0.08447532,-0.9122787,0,0,0,0.938668,-1.047423,-0.9920868,-0.34608,-0.2082399,2.153,0.999895,-0.003107293,0.01415855,-0.0007757305,0.9638841,0.2663211,-0.01447473,-0.2663041,0.9637804,static,-11.60054,-20.74545,-9.131789,-5.524511,-0.7562947668806248,8.859889525181764
190,05/17/2023 13:16:12.996137,433,True,True,True,True,Eyes,1.31921,-0.2777423,-2.998594,-0.1886923,-0.3479199,0.9183393,0.0,0.0,0.0,0.0,0.0,0.0,0.0,-1.2743,1.066096,2.843668,1.315718,-0.2744156,-3.006731,0.1343655,-0.007157635,-0.0006221792,0.9909059,15.44292,359.1469,359.8124,0.4008082,-0.08447561,-0.9122587,0,0,0,0.9389171,-1.047341,-0.9919972,-0.3460799,-0.2082399,2.153,0.9998968,-0.003156521,0.01401789,-0.0006904365,0.963891,0.266296,-0.01435228,-0.2662782,0.9637893,static,-11.61104,-20.74957,-9.131784,-5.524509,-0.7570073283774558,8.85962424921921
191,05/17/2023 13:16:13.015986,434,True,True,True,True,Eyes,1.31936,-0.2777498,-2.998596,-0.1888494,-0.3479744,0.9182863,0.0,0.0,0.0,0.0,0.0,0.0,0.0,-1.274662,1.066205,2.843456,1.315694,-0.274484,-3.006727,0.1343564,-0.007081646,-0.0005741861,0.9909077,15.44192,359.1566,359.8192,0.4008529,-0.08447594,-0.912239,0,0,0,0.9392599,-1.047414,-0.9919264,-0.3460799,-0.2082399,2.153,0.999899,-0.003040859,0.01388022,-0.000764998,0.963896,0.2662777,-0.0141888,-0.2662614,0.9637964,static,-11.62109,-20.75365,-9.131786,-5.52451,-0.7576830108169115,8.859363421780083
192,05/17/2023 13:16:13.035875,435,True,True,True,True,Eyes,1.319498,-0.2777564,-2.998596,-0.1889812,-0.3480499,0.9182305,0.0,0.0,0.0,0.0,0.0,0.0,0.0,-1.27473,1.066288,2.843366,1.31568,-0.2744667,-3.006708,0.1343834,-0.00707183,-0.0005920156,0.9909041,15.44503,359.1574,359.8173,0.4008969,-0.08447631,-0.9122196,0,0,0,0.9392695,-1.047495,-0.9919407,-0.3460799,-0.20824,2.153,0.9998993,-0.003073935,0.0138559,-0.0007274121,0.9638815,0.2663305,-0.01417412,-0.2663138,0.9637822,static,-11.62967,-20.75892,-9.131785,-5.524511,-0.7581769060545346,8.859050204405769
193,05/17/2023 13:16:13.056078,436,True,True,True,True,Eyes,1.31963,-0.2777649,-2.998597,-0.1891134,-0.3481237,0.9181754,0.0,0.0,0.0,0.0,0.0,0.0,0.0,-1.274653,1.06617,2.843396,1.315678,-0.2744597,-3.006663,0.1343839,-0.007094495,-0.0006350249,0.9909039,15.44505,359.1541,359.8119,0.4009401,-0.08447671,-0.9122006,0,0,0,0.9391294,-1.047457,-0.9919096,-0.3460799,-0.2082397,2.153,0.9998986,-0.003165269,0.01388925,-0.000648275,0.9638811,0.2663321,-0.0142306,-0.266314,0.9637812,static,-11.63826,-20.76409,-9.131787,-5.524505,-0.7586763048733652,8.858742000490265
194,05/17/2023 13:16:13.066447,437,True,True,True,True,Eyes,1.31977,-0.2777722,-2.9986,-0.1892488,-0.348209,0.9181151,0.0,0.0,0.0,0.0,0.0,0.0,0.0,-1.274196,1.066372,2.843541,1.315668,-0.2745124,-3.006677,0.1344022,-0.007168585,-0.0006287714,0.9909009,15.44716,359.1454,359.8114,0.4009823,-0.08447719,-0.912182,0,0,0,0.9388152,-1.047581,-0.9920082,-0.3460799,-0.2082399,2.153,0.9998965,-0.003173048,0.01403769,-0.0006808476,0.9638713,0.2663676,-0.01437573,-0.2663496,0.9637693,static,-11.64711,-20.76999,-9.131785,-5.524508,-0.7591641923139671,8.858395406330745
195,05/17/2023 13:16:13.086143,438,True,True,True,True,Eyes,1.319905,-0.2777805,-2.998602,-0.1893791,-0.3482959,0.9180552,0.0,0.0,0.0,0.0,0.0,0.0,0.0,-1.274255,1.066332,2.843553,1.315663,-0.2744794,-3.006706,0.1344293,-0.007173018,-0.0006957219,0.9908971,15.45023,359.1438,359.8034,0.4010237,-0.08447768,-0.9121637,0,0,0,0.9387252,-1.04761,-0.992076,-0.34608,-0.2082399,2.153,0.9998962,-0.003307305,0.01402839,-0.0005497501,0.9638565,0.2664212,-0.01440249,-0.2664012,0.9637546,static,-11.65565,-20.77597,-9.131788,-5.524508,-0.7596216806166135,8.85804642657653
196,05/17/2023 13:16:13.096688,439,True,True,True,True,Eyes,1.320025,-0.2777869,-2.998603,-0.1894941,-0.3483897,0.917996,0.0,0.0,0.0,0.0,0.0,0.0,0.0,-1.274211,1.066774,2.843418,1.315664,-0.2745121,-3.006712,0.1344956,-0.007178356,-0.0006848398,0.9908881,15.4579,359.1433,359.8045,0.4010645,-0.08447823,-0.9121458,0,0,0,0.938715,-1.04792,-0.9921907,-0.34608,-0.2082398,2.153,0.999896,-0.003288113,0.01404168,-0.0005737152,0.9638209,0.2665499,-0.01441011,-0.2665302,0.9637188,static,-11.66326,-20.78231,-9.131788,-5.524507,-0.7599824001724325,8.857684209311277
197,05/17/2023 13:16:13.116160,440,True,True,True,True,Eyes,1.32014,-0.2777941,-2.998604,-0.1895967,-0.3484827,0.9179395,0.0,0.0,0.0,0.0,0.0,0.0,0.0,-1.274805,1.066669,2.843178,1.315704,-0.2744825,-3.006685,0.1345097,-0.007095686,-0.000731977,0.9908867,15.45951,359.1523,359.8003,0.4011042,-0.08447879,-0.9121283,0,0,0,0.9390557,-1.047922,-0.9921201,-0.3460799,-0.20824,2.153,0.9998983,-0.00335949,0.01386512,-0.0004582653,0.9638131,0.2665782,-0.01425895,-0.2665574,0.9637135,static,-11.67011,-20.78855,-9.131785,-5.524511,-0.7602823414213732,8.85733114915621
198,05/17/2023 13:16:13.135987,441,True,True,True,True,Eyes,1.320236,-0.2778013,-2.998604,-0.1896775,-0.3485895,0.9178823,0.0,0.0,0.0,0.0,0.0,0.0,0.0,-1.275274,1.066932,2.842851,1.315682,-0.2745096,-3.006675,0.1345393,-0.007003636,-0.0006920284,0.9908834,15.46298,359.1638,359.8064,0.4011429,-0.08447939,-0.9121112,0,0,0,0.93946,-1.048108,-0.9920914,-0.3460799,-0.2082397,2.153,0.9999009,-0.003255967,0.01369336,-0.0005130896,0.9637975,0.2666351,-0.01406578,-0.2666157,0.9637002,static,-11.67565,-20.79556,-9.131785,-5.524505,-0.7604337679937025,8.856946120591848
199,05/17/2023 13:16:13.156188,442,True,True,True,True,Eyes,1.320327,-0.2778071,-2.998603,-0.1897459,-0.3486898,0.91783,0.0,0.0,0.0,0.0,0.0,0.0,0.0,-1.275549,1.066841,2.84276,1.315673,-0.274531,-3.006675,0.134471,-0.006928478,-0.0005731399,0.9908932,15.45521,359.1746,359.8217,0.4011801,-0.08448005,-0.9120948,0,0,0,0.9398839,-1.047944,-0.9919398,-0.34608,-0.20824,2.153,0.9999034,-0.0029992,0.01357662,-0.0007275185,0.9638344,0.2665008,-0.01388491,-0.2664849,0.963739,static,-11.68039,-20.80212,-9.131789,-5.524513,-0.7605372227653201,8.856588199845923
200,05/17/2023 13:16:13.166113,443,True,True,True,True,Eyes,1.320366,-0.2778131,-2.9986,-0.1897928,-0.3487851,0.9177841,0.0,0.0,0.0,0.0,0.0,0.0,0.0,-1.275936,1.066758,2.842582,1.315659,-0.2745082,-3.00665,0.1344173,-0.006835261,-0.000461747,0.9909013,15.44909,359.1873,359.8364,0.4012159,-0.08448073,-0.912079,0,0,0,0.9403712,-1.047791,-0.9917709,-0.3460799,-0.2082397,2.153,0.9999061,-0.002752645,0.013422,-0.0009224631,0.9638636,0.2663948,-0.01367027,-0.2663822,0.9637705,static,-11.68377,-20.80827,-9.131785,-5.524503,-0.7605426436157227,8.856258373574086
201,05/17/2023 13:16:13.186321,444,True,True,True,True,Eyes,1.320402,-0.2778224,-2.998599,-0.1898383,-0.3488826,0.9177377,0.0,0.0,0.0,0.0,0.0,0.0,0.0,-1.27636,1.066603,2.842431,1.31566,-0.2745591,-3.006627,0.1343895,-0.006765113,-0.0004671413,0.9909055,15.44589,359.1956,359.8369,0.4012492,-0.08448149,-0.9120643,0,0,0,0.9406621,-1.047732,-0.9916515,-0.34608,-0.2082399,2.153,0.9999081,-0.002744106,0.01328162,-0.0008925342,0.9638785,0.2663408,-0.01353273,-0.2663282,0.9637874,static,-11.68707,-20.81455,-9.13179,-5.52451,-0.7605351424254879,8.855922390357275
202,05/17/2023 13:16:13.206519,445,True,True,True,True,Eyes,1.320427,-0.2778285,-2.998595,-0.1898863,-0.3489644,0.9176967,0.0,0.0,0.0,0.0,0.0,0.0,0.0,-1.275795,1.067441,2.842401,1.315627,-0.2746493,-3.006663,0.1344357,-0.006814081,-0.0002881833,0.9908989,15.45138,359.1926,359.8571,0.4012801,-0.08448242,-0.9120506,0,0,0,0.9406006,-1.048134,-0.991812,-0.3460799,-0.2082399,2.153,0.999907,-0.002403233,0.01342664,-0.001260991,0.9638539,0.2664283,-0.01358161,-0.2664204,0.9637612,static,-11.69045,-20.81986,-9.131785,-5.524508,-0.7605795626066083,8.855635129174159
203,05/17/2023 13:16:13.216156,446,True,True,True,True,Eyes,1.320452,-0.277831,-2.998589,-0.1899408,-0.3490321,0.9176596,0.0,0.0,0.0,0.0,0.0,0.0,0.0,-1.275022,1.067354,2.842728,1.315651,-0.274592,-3.006608,0.1343353,-0.006901824,-8.289101e-05,0.990912,15.43992,359.1856,359.88,0.4013085,-0.08448342,-0.912038,0,0,0,0.9404585,-1.047806,-0.9916841,-0.3460799,-0.20824,2.153,0.9999048,-0.002018593,0.01365593,-0.001690042,0.9639081,0.26623,-0.01370047,-0.2662278,0.9638128,static,-11.69417,-20.82433,-9.131784,-5.524511,-0.7606922494456531,8.855388603415523
204,05/17/2023 13:16:13.236691,447,True,True,True,True,Eyes,1.32047,-0.277835,-2.998583,-0.1900245,-0.3490953,0.9176183,0.0,0.0,0.0,0.0,0.0,0.0,0.0,-1.273986,1.066738,2.8434,1.315699,-0.2745139,-3.006571,0.1341627,-0.007048735,7.472964e-05,0.9909344,15.42007,359.1709,359.8964,0.4013348,-0.08448438,-0.9120264,0,0,0,0.9400443,-1.047124,-0.991502,-0.3460799,-0.2082398,2.153,0.9999006,-0.00174325,0.01398972,-0.002039459,0.9640008,0.2658918,-0.01394962,-0.2658939,0.9639013,static,-11.6997,-20.82863,-9.131785,-5.524507,-0.7609686344835799,8.85514095174867
205,05/17/2023 13:16:13.256587,448,True,True,True,True,Eyes,1.320488,-0.2778363,-2.998576,-0.1901109,-0.3491545,0.9175779,0.0,0.0,0.0,0.0,0.0,0.0,0.0,-1.273329,1.06627,2.843954,1.315887,-0.2745637,-3.006564,0.1341876,-0.007256357,-0.0002094042,0.9909294,15.42269,359.1419,359.8596,0.401359,-0.08448537,-0.9120157,0,0,0,0.9390795,-1.047051,-0.9916636,-0.34608,-0.2082399,2.153,0.9998946,-0.002362436,0.01432488,-0.001532417,0.9639873,0.2659439,-0.01443727,-0.2659379,0.963882,static,-11.70537,-20.8327,-9.131788,-5.52451,-0.7612677491620589,8.85490420141733
206,05/17/2023 13:16:13.266126,449,True,True,True,True,Eyes,1.320479,-0.2778387,-2.998569,-0.1901665,-0.3491915,0.9175522,0.0,0.0,0.0,0.0,0.0,0.0,0.0,-1.274862,1.065009,2.843693,1.315916,-0.2744896,-3.006515,0.134309,-0.007165713,-0.0009262143,0.9909132,15.43613,359.1411,359.7765,0.4013813,-0.0844863,-0.9120058,0,0,0,0.9387797,-1.046966,-0.9916717,-0.3460799,-0.2082399,2.153,0.9998956,-0.003760436,0.0139524,-8.924428e-05,0.9639205,0.2661904,-0.01445,-0.2661639,0.9638195,static,-11.70902,-20.83525,-9.131787,-5.52451,-0.7614635517022686,8.854755343985639
207,05/17/2023 13:16:13.286610,450,True,True,True,True,Eyes,1.320471,-0.2778424,-2.998562,-0.1902035,-0.3492402,0.9175259,0.0,0.0,0.0,0.0,0.0,0.0,0.0,-1.275943,1.065509,2.842989,1.315776,-0.2745324,-3.006541,0.1344984,-0.007011194,-0.001150986,0.9908884,15.45787,359.1556,359.7523,0.4014013,-0.08448723,-0.911997,0,0,0,0.9390669,-1.047634,-0.9918579,-0.3460799,-0.2082398,2.153,0.999899,-0.004166985,0.01358501,0.0003950077,0.9638177,0.2665619,-0.01420423,-0.2665296,0.9637221,static,-11.71156,-20.83845,-9.131785,-5.524507,-0.761533626973654,8.854579522598529
208,05/17/2023 13:16:13.305984,451,True,True,True,True,Eyes,1.320438,-0.2778469,-2.998555,-0.1902007,-0.349309,0.9175004,0.0,0.0,0.0,0.0,0.0,0.0,0.0,-1.27677,1.066723,2.842164,1.315797,-0.2745686,-3.006531,0.1346391,-0.006836545,-0.0009800503,0.9908708,15.47432,359.1788,359.7751,0.4014191,-0.08448821,-0.911989,0,0,0,0.9399912,-1.048383,-0.9919523,-0.34608,-0.20824,2.153,0.9999046,-0.003783139,0.01328436,0.0001012735,0.9637427,0.2668333,-0.01381217,-0.2668065,0.9636511,static,-11.71171,-20.84273,-9.131788,-5.524511,-0.7613478281542132,8.854361836132131
209,05/17/2023 13:16:13.316509,452,True,True,True,True,Eyes,1.320406,-0.2778512,-2.998549,-0.1901814,-0.3493769,0.9174786,0.0,0.0,0.0,0.0,0.0,0.0,0.0,-1.277722,1.067834,2.841375,1.31584,-0.2746105,-3.006561,0.134765,-0.006646927,-0.0008204969,0.9908551,15.48904,359.2037,359.7968,0.4014343,-0.08448926,-0.9119822,0,0,0,0.9409897,-1.049071,-0.9920532,-0.3460799,-0.2082396,2.153,0.9999104,-0.003417533,0.01295113,-0.0001655588,0.9636755,0.267076,-0.01339343,-0.2670542,0.9635884,static,-11.71082,-20.84689,-9.131785,-5.524502,-0.7610780770786287,8.85415582701273
210,05/17/2023 13:16:13.336274,453,True,True,True,True,Eyes,1.320341,-0.2778523,-2.998545,-0.190146,-0.3494474,0.917459,0.0,0.0,0.0,0.0,0.0,0.0,0.0,-1.278906,1.067928,2.840803,1.315827,-0.2746125,-3.006562,0.1347789,-0.006437115,-0.000786703,0.9908546,15.49073,359.2289,359.8041,0.4014473,-0.0844904,-0.9119764,0,0,0,0.941892,-1.049175,-0.9919234,-0.3460799,-0.20824,2.153,0.9999159,-0.003294191,0.01254443,-0.0001761582,0.963668,0.2671027,-0.01296855,-0.2670825,0.9635864,static,-11.70894,-20.85114,-9.131785,-5.524511,-0.7607189279329282,8.853950584899875
211,05/17/2023 13:16:13.356173,454,True,True,True,True,Eyes,1.320279,-0.2778531,-2.99854,-0.1901162,-0.3495113,0.9174409,0.0,0.0,0.0,0.0,0.0,0.0,0.0,-1.278838,1.068143,2.840797,1.31579,-0.2745608,-3.006625,0.1347938,-0.006427396,-0.0007220953,0.9908526,15.4925,359.2311,359.8119,0.4014574,-0.08449153,-0.9119719,0,0,0,0.9419597,-1.049231,-0.9920082,-0.3460799,-0.2082397,2.153,0.9999164,-0.003163726,0.01254253,-0.0003017658,0.9636602,0.2671308,-0.01293187,-0.2671122,0.9635786,static,-11.70739,-20.85501,-9.131786,-5.524506,-0.7604058278650653,8.853762822571808
212,05/17/2023 13:16:13.366060,455,True,True,True,True,Eyes,1.320199,-0.2778533,-2.998536,-0.190084,-0.3495772,0.9174224,0.0,0.0,0.0,0.0,0.0,0.0,0.0,-1.278036,1.068142,2.841135,1.315782,-0.2745589,-3.006608,0.134712,-0.006522275,-0.0005508409,0.9908633,15.48316,359.2227,359.8306,0.4014649,-0.08449265,-0.9119685,0,0,0,0.9417228,-1.049009,-0.9919485,-0.3460799,-0.2082399,2.153,0.9999143,-0.002848874,0.01277695,-0.0006656417,0.9637048,0.2669696,-0.01307377,-0.2669552,0.9636203,static,-11.70568,-20.85898,-9.131786,-5.524509,-0.7600743121598741,8.853570853989739
213,05/17/2023 13:16:13.386375,456,True,True,True,True,Eyes,1.320122,-0.277853,-2.998531,-0.1900666,-0.3496321,0.917405,0.0,0.0,0.0,0.0,0.0,0.0,0.0,-1.276911,1.067484,2.84195,1.315814,-0.2745619,-3.006651,0.134547,-0.006698914,-0.0004696721,0.9908845,15.46412,359.2032,359.8375,0.4014697,-0.08449375,-0.9119662,0,0,0,0.9410923,-1.048381,-0.9918727,-0.34608,-0.20824,2.153,0.9999098,-0.00273342,0.01314931,-0.0008718566,0.9637938,0.2666474,-0.01340209,-0.2666349,0.9637044,static,-11.70486,-20.86234,-9.131788,-5.524513,-0.7598477289302105,8.853405006354494
214,05/17/2023 13:16:13.396127,457,True,True,True,True,Eyes,1.320008,-0.2778531,-2.998525,-0.1900593,-0.3496908,0.9173843,0.0,0.0,0.0,0.0,0.0,0.0,0.0,-1.275897,1.066897,2.842605,1.315819,-0.2745512,-3.00663,0.1344417,-0.006873554,-0.0004816277,0.9908976,15.4519,359.1825,359.8334,0.4014721,-0.08449482,-0.911965,0,0,0,0.940351,-1.047916,-0.9918163,-0.34608,-0.2082399,2.153,0.999905,-0.002802672,0.01349247,-0.0008936975,0.9638504,0.2664426,-0.01375148,-0.2664293,0.9637563,static,-11.70468,-20.86597,-9.131789,-5.524511,-0.7596637016408357,8.85322203300972
215,05/17/2023 13:16:13.416359,458,True,True,True,True,Eyes,1.3199,-0.2778516,-2.998519,-0.1900614,-0.3497431,0.9173638,0.0,0.0,0.0,0.0,0.0,0.0,0.0,-1.274976,1.06678,2.843059,1.315794,-0.274595,-3.006635,0.1343674,-0.007005126,-0.0003964062,0.9909068,15.44336,359.1684,359.8414,0.4014714,-0.08449592,-0.9119652,0,0,0,0.9398568,-1.047705,-0.9918104,-0.3460799,-0.2082399,2.153,0.9999015,-0.002668124,0.01377632,-0.001096918,0.9638905,0.2662967,-0.01398938,-0.2662855,0.9637927,static,-11.70506,-20.86925,-9.131787,-5.52451,-0.7595441290821103,8.853053781553944
216,05/17/2023 13:16:13.436528,459,True,True,True,True,Eyes,1.319797,-0.2778514,-2.998514,-0.1900482,-0.3497837,0.9173511,0.0,0.0,0.0,0.0,0.0,0.0,0.0,-1.274429,1.066416,2.843451,1.315842,-0.2745526,-3.006627,0.134323,-0.007114985,-0.000437567,0.990912,15.43817,359.1548,359.8348,0.4014681,-0.08449699,-0.9119666,0,0,0,0.9394025,-1.047441,-0.9918116,-0.3460799,-0.20824,2.153,0.9998984,-0.002778593,0.0139831,-0.001044231,0.9639143,0.2662107,-0.0142182,-0.2661982,0.9638134,static,-11.70443,-20.87173,-9.131788,-5.524512,-0.7593747575652372,8.852931503456979
217,05/17/2023 13:16:13.455933,460,True,True,True,True,Eyes,1.319699,-0.2778535,-2.998507,-0.1900293,-0.3498314,0.9173368,0.0,0.0,0.0,0.0,0.0,0.0,0.0,-1.274713,1.066331,2.843365,1.315842,-0.2745841,-3.006634,0.1343537,-0.007092373,-0.0005485613,0.990908,15.44163,359.1557,359.8221,0.4014626,-0.08449806,-0.9119689,0,0,0,0.9393881,-1.047521,-0.9918391,-0.3460799,-0.2082399,2.153,0.9998989,-0.00299292,0.01390837,-0.0008186256,0.9638976,0.2662721,-0.01420318,-0.2662565,0.9637976,static,-11.70347,-20.87462,-9.131786,-5.524509,-0.7591579441372862,8.85279022539349
218,05/17/2023 13:16:13.466071,461,True,True,True,True,Eyes,1.31959,-0.2778519,-2.998502,-0.1899718,-0.3498867,0.9173276,0.0,0.0,0.0,0.0,0.0,0.0,0.0,-1.275595,1.066789,2.842792,1.315858,-0.2746372,-3.006616,0.1344951,-0.006978269,-0.0006876023,0.9908896,15.45788,359.1669,359.8074,0.4014552,-0.08449921,-0.9119721,0,0,0,0.9397464,-1.048061,-0.9919441,-0.3460799,-0.2082399,2.153,0.9999017,-0.003239762,0.01364443,-0.0005144102,0.9638212,0.2665492,-0.01401435,-0.26653,0.9637248,static,-11.70015,-20.87783,-9.131786,-5.524508,-0.7587231241384779,8.852645432080497
219,05/17/2023 13:16:13.485987,462,True,True,True,True,Eyes,1.319487,-0.2778538,-2.998496,-0.189911,-0.349944,0.9173183,0.0,0.0,0.0,0.0,0.0,0.0,0.0,-1.276163,1.066764,2.842553,1.31585,-0.2745562,-3.006633,0.1345051,-0.006878594,-0.0006773036,0.9908889,15.45907,359.1788,359.8102,0.4014458,-0.08450033,-0.9119761,0,0,0,0.9401677,-1.048038,-0.9919043,-0.34608,-0.2082397,2.153,0.9999045,-0.003192677,0.01344964,-0.000508147,0.9638158,0.2665685,-0.01381405,-0.2665499,0.9637221,static,-11.69662,-20.88115,-9.131788,-5.524503,-0.7582651202058873,8.852496194854528
220,05/17/2023 13:16:13.505984,463,True,True,True,True,Eyes,1.319379,-0.2778523,-2.99849,-0.1898146,-0.3500138,0.9173118,0.0,0.0,0.0,0.0,0.0,0.0,0.0,-1.276118,1.06742,2.842341,1.315874,-0.2746426,-3.006629,0.1345241,-0.00684793,-0.0004918996,0.9908866,15.46142,359.1853,359.8325,0.4014347,-0.08450151,-0.9119809,0,0,0,0.9405037,-1.048338,-0.9919234,-0.34608,-0.2082399,2.153,0.9999057,-0.002817256,0.0134387,-0.0008675897,0.9638061,0.2666029,-0.01370339,-0.2665894,0.9637128,static,-11.69092,-20.88509,-9.13179,-5.524511,-0.7575915366411263,8.852327218102229
221,05/17/2023 13:16:13.516569,464,True,True,True,True,Eyes,1.319274,-0.2778504,-2.998482,-0.189714,-0.3500755,0.917309,0.0,0.0,0.0,0.0,0.0,0.0,0.0,-1.275892,1.066447,2.842816,1.315884,-0.2745641,-3.006639,0.1344332,-0.006923606,-0.0006503865,0.9908983,15.45076,359.1739,359.8127,0.4014221,-0.08450265,-0.9119864,0,0,0,0.9400381,-1.047768,-0.9918334,-0.3460799,-0.20824,2.153,0.9999033,-0.003150458,0.01354631,-0.0005725905,0.9638546,0.2664281,-0.01389604,-0.2664101,0.9637596,static,-11.68494,-20.88851,-9.131787,-5.524512,-0.7569179930144322,8.852186097949073
222,05/17/2023 13:16:13.536356,465,True,True,True,True,Eyes,1.319171,-0.277851,-2.998476,-0.1896047,-0.3501258,0.9173124,0.0,0.0,0.0,0.0,0.0,0.0,0.0,-1.277313,1.065487,2.84246,1.315869,-0.2745516,-3.006573,0.1344154,-0.006749305,-0.0009490235,0.9909018,15.44849,359.1897,359.7803,0.4014082,-0.08450375,-0.9119924,0,0,0,0.9404604,-1.047487,-0.9915828,-0.3460799,-0.2082399,2.153,0.9999071,-0.003695199,0.01312067,6.635705e-05,0.9638632,0.2663977,-0.01363092,-0.2663721,0.9637739,static,-11.67834,-20.89118,-9.131785,-5.524508,-0.7562259003867706,8.85208631878598
223,05/17/2023 13:16:13.556694,466,True,True,True,True,Eyes,1.319072,-0.2778519,-2.99847,-0.1894915,-0.3501781,0.9173158,0.0,0.0,0.0,0.0,0.0,0.0,0.0,-1.276699,1.06594,2.842611,1.315803,-0.2746108,-3.006639,0.1344625,-0.006834825,-0.0009181828,0.9908947,15.45395,359.1801,359.7826,0.4013931,-0.08450487,-0.9119989,0,0,0,0.9400648,-1.047751,-0.991789,-0.3460799,-0.2082399,2.153,0.9999049,-0.0036577,0.01329826,-1.841044e-05,0.9638379,0.2664889,-0.01379211,-0.2664638,0.9637462,static,-11.67152,-20.89396,-9.131788,-5.524511,-0.7555097630215853,8.851982149523568
224,05/17/2023 13:16:13.566373,467,True,True,True,True,Eyes,1.318963,-0.2778513,-2.998463,-0.1893655,-0.3502375,0.9173191,0.0,0.0,0.0,0.0,0.0,0.0,0.0,-1.276929,1.06642,2.842305,1.315797,-0.2746187,-3.00662,0.1344854,-0.006762109,-0.0007733249,0.9908922,15.45673,359.191,359.8008,0.4013771,-0.08450603,-0.9120058,0,0,0,0.9405081,-1.047963,-0.9917641,-0.34608,-0.2082399,2.153,0.9999074,-0.003351373,0.01319304,-0.0002862464,0.9638262,0.2665315,-0.01360904,-0.2665106,0.9637359,static,-11.66393,-20.89713,-9.131788,-5.524508,-0.7547092369361954,8.851862361549907
225,05/17/2023 13:16:13.586117,468,True,True,True,True,Eyes,1.318858,-0.2778499,-2.998454,-0.1892361,-0.3502924,0.9173249,0.0,0.0,0.0,0.0,0.0,0.0,0.0,-1.276641,1.066909,2.842276,1.315831,-0.2745928,-3.00663,0.1345044,-0.006781432,-0.0006194855,0.9908897,15.45905,359.1912,359.8186,0.40136,-0.08450718,-0.9120132,0,0,0,0.9406141,-1.048123,-0.9918332,-0.3460799,-0.2082399,2.153,0.9999073,-0.003051948,0.01327266,-0.0005965811,0.9638163,0.2665664,-0.01360595,-0.2665496,0.9637251,static,-11.65611,-20.90001,-9.131787,-5.52451,-0.7539023764194059,8.851758506380447
226,05/17/2023 13:16:13.605836,469,True,True,True,True,Eyes,1.318754,-0.2778494,-2.998447,-0.1890991,-0.350347,0.9173323,0.0,0.0,0.0,0.0,0.0,0.0,0.0,-1.277157,1.06672,2.84203,1.315816,-0.2745716,-3.006559,0.1344631,-0.006681016,-0.0005721101,0.990896,15.45434,359.2038,359.8258,0.4013419,-0.08450831,-0.912021,0,0,0,0.9410673,-1.047978,-0.9916264,-0.3460799,-0.2082398,2.153,0.9999101,-0.002930504,0.01308653,-0.0006628977,0.9638386,0.2664856,-0.01339424,-0.2664703,0.96375,static,-11.64781,-20.90283,-9.131785,-5.524507,-0.7530569829895106,8.85166027462987
227,05/17/2023 13:16:13.616556,470,True,True,True,True,Eyes,1.318654,-0.2778499,-2.998441,-0.1889749,-0.3504022,0.9173368,0.0,0.0,0.0,0.0,0.0,0.0,0.0,-1.276786,1.067149,2.842056,1.315757,-0.2745896,-3.006602,0.134498,-0.006716805,-0.0004988352,0.9908911,15.45842,359.2007,359.8338,0.4013231,-0.08450942,-0.9120292,0,0,0,0.9409302,-1.048187,-0.9917574,-0.3460799,-0.2082398,2.153,0.9999093,-0.002795377,0.01317706,-0.0008182112,0.96382,0.2665525,-0.01344543,-0.2665391,0.9637303,static,-11.64031,-20.90574,-9.131786,-5.524507,-0.7522762753592055,8.851553177241735
228,05/17/2023 13:16:13.636169,471,True,True,True,True,Eyes,1.318562,-0.2778495,-2.998433,-0.1888581,-0.3504434,0.9173452,0.0,0.0,0.0,0.0,0.0,0.0,0.0,-1.275969,1.067584,2.842269,1.315766,-0.2746153,-3.006604,0.13452,-0.006835037,-0.0004044463,0.9908873,15.46102,359.1883,359.843,0.4013038,-0.08451056,-0.9120377,0,0,0,0.9405364,-1.048357,-0.9918907,-0.3460799,-0.2082397,2.153,0.9999062,-0.002640419,0.01343669,-0.001037376,0.9638084,0.2665938,-0.01365431,-0.2665827,0.9637153,static,-11.63321,-20.90782,-9.131787,-5.524505,-0.7515685349315265,8.851485985668909
229,05/17/2023 13:16:13.656181,472,True,True,True,True,Eyes,1.318475,-0.2778483,-2.998425,-0.1887478,-0.3504805,0.9173536,0.0,0.0,0.0,0.0,0.0,0.0,0.0,-1.275805,1.06722,2.842452,1.315772,-0.2745886,-3.006578,0.1345019,-0.006885579,-0.0005000456,0.9908894,15.45885,359.1808,359.831,0.4012841,-0.08451169,-0.9120463,0,0,0,0.9402357,-1.048184,-0.9918654,-0.3460799,-0.2082399,2.153,0.9999047,-0.002843227,0.01351118,-0.0008612677,0.9638179,0.26656,-0.01378021,-0.2665462,0.9637236,static,-11.6265,-20.90966,-9.131786,-5.524508,-0.7509055085156809,8.851428856817488
230,05/17/2023 13:16:13.666348,473,True,True,True,True,Eyes,1.318383,-0.2778473,-2.998417,-0.1886326,-0.350527,0.9173595,0.0,0.0,0.0,0.0,0.0,0.0,0.0,-1.275929,1.066879,2.842511,1.315793,-0.2745709,-3.006558,0.1344858,-0.006888395,-0.0005887587,0.9908914,15.45691,359.179,359.8205,0.4012642,-0.08451278,-0.9120549,0,0,0,0.9401569,-1.048037,-0.991814,-0.3460799,-0.2082397,2.153,0.9999045,-0.003019575,0.01349294,-0.000685991,0.9638264,0.2665298,-0.01380966,-0.2665136,0.9637322,static,-11.61952,-20.91207,-9.131787,-5.524505,-0.7501927765672594,8.85134429748167
231,05/17/2023 13:16:13.685951,474,True,True,True,True,Eyes,1.318295,-0.2778464,-2.998411,-0.1885133,-0.3505729,0.9173666,0.0,0.0,0.0,0.0,0.0,0.0,0.0,-1.276329,1.066656,2.842444,1.315825,-0.2745822,-3.006571,0.1344756,-0.006840612,-0.0006519606,0.9908931,15.45569,359.1837,359.8138,0.401244,-0.08451384,-0.9120637,0,0,0,0.9403265,-1.047966,-0.9917698,-0.34608,-0.20824,2.153,0.9999056,-0.003131837,0.01338128,-0.0005477445,0.9638317,0.2665108,-0.01373197,-0.266493,0.963739,static,-11.61229,-20.91442,-9.131788,-5.524511,-0.7494613101917833,8.851264123850688
232,05/17/2023 13:16:13.696440,475,True,True,True,True,Eyes,1.318223,-0.2778469,-2.998405,-0.1883704,-0.3506382,0.9173709,0.0,0.0,0.0,0.0,0.0,0.0,0.0,-1.277147,1.066607,2.842103,1.315812,-0.2745819,-3.006584,0.1345016,-0.006714062,-0.0007127009,0.9908905,15.45866,359.1976,359.8087,0.4012237,-0.08451486,-0.9120725,0,0,0,0.9407849,-1.048041,-0.9917232,-0.34608,-0.2082397,2.153,0.9999089,-0.003218522,0.01311408,-0.0003936873,0.9638176,0.2665623,-0.01349752,-0.2665431,0.9637284,static,-11.60367,-20.9179,-9.131788,-5.524503,-0.7485577287108856,8.851134170138764
233,05/17/2023 13:16:13.716330,476,True,True,True,True,Eyes,1.318154,-0.2778466,-2.998398,-0.1882206,-0.3507033,0.9173768,0.0,0.0,0.0,0.0,0.0,0.0,0.0,-1.277929,1.066753,2.841713,1.315824,-0.2746051,-3.006593,0.1345384,-0.006587968,-0.000729782,0.9908863,15.46293,359.2122,359.8087,0.4012036,-0.08451589,-0.9120812,0,0,0,0.9413108,-1.048214,-0.9916949,-0.3460799,-0.2082399,2.153,0.9999122,-0.003218931,0.01285949,-0.0003264074,0.9637978,0.2666341,-0.01325222,-0.2666149,0.963712,static,-11.59462,-20.92132,-9.131786,-5.524511,-0.7476199183355884,8.85100957077745
234,05/17/2023 13:16:13.736258,477,True,True,True,True,Eyes,1.318092,-0.2778465,-2.998393,-0.1880572,-0.3507925,0.9173762,0.0,0.0,0.0,0.0,0.0,0.0,0.0,-1.278983,1.066768,2.841202,1.315811,-0.2745856,-3.00657,0.1345704,-0.006415124,-0.0007618305,0.9908831,15.46664,359.232,359.8076,0.4011839,-0.08451691,-0.9120898,0,0,0,0.941992,-1.048319,-0.9915908,-0.3460799,-0.2082398,2.153,0.9999166,-0.003236341,0.01250823,-0.0002168012,0.9637805,0.2666968,-0.01291831,-0.2666772,0.9636993,static,-11.58483,-20.92619,-9.131786,-5.524507,-0.7465510882101668,8.850815478175775
235,05/17/2023 13:16:13.755918,478,True,True,True,True,Eyes,1.318031,-0.2778468,-2.998389,-0.1878986,-0.3508745,0.9173774,0.0,0.0,0.0,0.0,0.0,0.0,0.0,-1.27939,1.066934,2.84099,1.315805,-0.2745865,-3.006605,0.1345713,-0.0063293,-0.0006915921,0.9908835,15.46682,359.2432,359.8173,0.4011646,-0.08451788,-0.9120982,0,0,0,0.9424161,-1.048383,-0.99157,-0.3460799,-0.20824,2.153,0.999919,-0.003074059,0.01235706,-0.0003329104,0.9637802,0.2666978,-0.01272934,-0.2666803,0.963701,static,-11.57531,-20.93064,-9.131783,-5.524511,-0.745524999451121,8.8506412151498
236,05/17/2023 13:16:13.766144,479,True,True,True,True,Eyes,1.317971,-0.2778471,-2.998385,-0.1877458,-0.3509557,0.9173776,0.0,0.0,0.0,0.0,0.0,0.0,0.0,-1.279327,1.066755,2.841082,1.315787,-0.2745986,-3.006608,0.1345096,-0.006322104,-0.000627754,0.990892,15.45973,359.2451,359.825,0.4011458,-0.08451885,-0.9121064,0,0,0,0.9424909,-1.04819,-0.9914774,-0.3460799,-0.2082397,2.153,0.9999193,-0.00294484,0.01236017,-0.0004566945,0.9638135,0.2665769,-0.01269792,-0.266561,0.9637344,static,-11.56615,-20.93505,-9.131787,-5.524505,-0.7445317567377515,8.85046704174126
237,05/17/2023 13:16:13.786370,480,True,True,True,True,Eyes,1.317913,-0.277846,-2.998382,-0.1876064,-0.3510339,0.9173762,0.0,0.0,0.0,0.0,0.0,0.0,0.0,-1.278797,1.067087,2.841236,1.315794,-0.2745999,-3.006643,0.1345279,-0.00639589,-0.0005535169,0.990889,15.46189,359.2376,359.8325,0.4011273,-0.0845198,-0.9121144,0,0,0,0.9422621,-1.048311,-0.9916016,-0.3460799,-0.2082399,2.153,0.9999176,-0.002817799,0.01252631,-0.0006239036,0.9638039,0.2666115,-0.01282416,-0.2665973,0.9637227,static,-11.55781,-20.93934,-9.131787,-5.52451,-0.7436146712641345,8.850294536340035
238,05/17/2023 13:16:13.805946,481,True,True,True,True,Eyes,1.317856,-0.2778448,-2.998381,-0.1874873,-0.3510993,0.9173756,0.0,0.0,0.0,0.0,0.0,0.0,0.0,-1.278157,1.067146,2.841482,1.315763,-0.2745644,-3.006641,0.1345302,-0.006494773,-0.0005356704,0.9908882,15.46215,359.2263,359.833,0.4011092,-0.08452068,-0.9121223,0,0,0,0.9418334,-1.048288,-0.9916786,-0.34608,-0.2082399,2.153,0.9999151,-0.002809065,0.01272706,-0.000685907,0.9638028,0.2666157,-0.01301531,-0.2666018,0.9637189,static,-11.55068,-20.94292,-9.131789,-5.524508,-0.7428347067632356,8.850151497121166
239,05/17/2023 13:16:13.816354,482,True,True,True,True,Eyes,1.317802,-0.277845,-2.998379,-0.1873806,-0.3511581,0.9173748,0.0,0.0,0.0,0.0,0.0,0.0,0.0,-1.277203,1.067051,2.842002,1.315793,-0.2745671,-3.00668,0.1345075,-0.006664139,-0.0005503679,0.9908901,15.45949,359.2061,359.8286,0.4010915,-0.0845215,-0.91213,0,0,0,0.9411371,-1.048171,-0.9918064,-0.3460799,-0.2082399,2.153,0.9999106,-0.002883461,0.0130588,-0.0007020452,0.9638149,0.2665716,-0.01335491,-0.2665569,0.9637266,static,-11.54429,-20.94614,-9.131785,-5.524508,-0.7421351557380776,8.850022717872768
240,05/17/2023 13:16:14.336067,513,True,True,True,True,Eyes,1.320992,-0.2784885,-2.999178,-0.293196,-0.4142274,0.8616564,0.0,0.0,0.0,0.0,0.0,0.0,0.0,-1.281461,1.067498,2.839963,1.315777,-0.274544,-3.006733,0.1347962,-0.006028639,-0.0009281094,0.9908547,15.4927,359.2748,359.794,0.4012506,-0.08462624,-0.9120503,0,0,0,0.7127763,-1.170297,-1.275312,-0.5796002,-0.4008002,1.915,0.9999256,-0.003464518,0.0116968,0.0002139675,0.9636583,0.267138,-0.01219722,-0.2671157,0.9635873,static,-18.79191,-25.67517,-16.83914,-11.8211,-1.1464546577274313,8.571387791080685
241,05/17/2023 13:16:14.346818,514,True,True,True,True,Eyes,1.321123,-0.2784951,-2.999184,-0.2936084,-0.4147957,0.8612425,0.0,0.0,0.0,0.0,0.0,0.0,0.0,-1.280028,1.068026,2.840374,1.315738,-0.2745692,-3.006712,0.1347759,-0.00621474,-0.0007104808,0.9908565,15.49048,359.2563,359.8167,0.4012893,-0.08463083,-0.9120328,0,0,0,0.7123393,-1.170476,-1.275509,-0.5796,-0.4008002,1.915,0.9999217,-0.003083163,0.01212432,-0.0002672256,0.9636699,0.2670959,-0.01250734,-0.2670783,0.9635937,static,-18.82489,-25.71662,-16.83913,-11.82109,-1.1473691572066753,8.56910992921157
242,05/17/2023 13:16:14.366234,515,True,True,True,True,Eyes,1.321256,-0.2785023,-2.99919,-0.2940449,-0.4153651,0.860819,0.0,0.0,0.0,0.0,0.0,0.0,0.0,-1.277783,1.068118,2.841393,1.315718,-0.2745993,-3.00676,0.1346665,-0.006540509,-0.0004926168,0.9908693,15.47794,359.2215,359.8372,0.4013273,-0.08463502,-0.9120157,0,0,0,0.711407,-1.170327,-1.275782,-0.5796,-0.4008002,1.915,0.999914,-0.002737813,0.0128289,-0.0007853377,0.9637294,0.2668803,-0.01309426,-0.2668674,0.9636443,static,-18.85952,-25.75838,-16.83913,-11.82109,-1.1484112966931008,8.566807479544867
243,05/17/2023 13:16:14.386415,516,True,True,True,True,Eyes,1.321385,-0.2785095,-2.999194,-0.2944773,-0.4159058,0.8604101,0.0,0.0,0.0,0.0,0.0,0.0,0.0,-1.276146,1.067805,2.842246,1.315733,-0.274606,-3.006752,0.1345499,-0.006796277,-0.000391375,0.9908835,15.4645,359.193,359.8452,0.4013649,-0.08463886,-0.9119987,0,0,0,0.7106144,-1.170003,-1.275885,-0.5796001,-0.4008003,1.915,0.9999073,-0.002604491,0.01336332,-0.001053263,0.9637923,0.2666519,-0.01357396,-0.2666413,0.9637002,static,-18.89363,-25.79823,-16.83914,-11.8211,-1.1494973514345828,8.5646046130923
244,05/17/2023 13:16:14.396525,517,True,True,True,True,Eyes,1.321569,-0.2785187,-2.999199,-0.2949522,-0.4165017,0.859959,0.0,0.0,0.0,0.0,0.0,0.0,0.0,-1.274916,1.067487,2.842903,1.31576,-0.274614,-3.006725,0.1344618,-0.006998481,-0.000346987,0.9908941,15.45432,359.17,359.8472,0.4014019,-0.08464238,-0.9119821,0,0,0,0.7099571,-1.169722,-1.275949,-0.5796,-0.4008003,1.915,0.9999018,-0.002569712,0.01377619,-0.001194402,0.9638398,0.2664797,-0.01396282,-0.26647,0.9637421,static,-18.93115,-25.84218,-16.83913,-11.8211,-1.150686586375752,8.562175638012503
245,05/17/2023 13:16:14.416168,518,True,True,True,True,Eyes,1.321745,-0.278529,-2.999205,-0.295406,-0.4170736,0.859526,0.0,0.0,0.0,0.0,0.0,0.0,0.0,-1.274289,1.067438,2.843243,1.31583,-0.2745979,-3.006734,0.1344702,-0.007127564,-0.0003972808,0.990892,15.45522,359.1539,359.8392,0.4014399,-0.08464563,-0.9119651,0,0,0,0.7094876,-1.169655,-1.276121,-0.5796001,-0.4008002,1.915,0.9998981,-0.002704214,0.01401845,-0.001129565,0.9638352,0.2664965,-0.01423214,-0.2664852,0.9637339,static,-18.96707,-25.88437,-16.83914,-11.8211,-1.1518198056017097,8.559844457112797
246,05/17/2023 13:16:14.436053,519,True,True,True,True,Eyes,1.321921,-0.2785419,-2.999209,-0.2958516,-0.4176655,0.8590852,0.0,0.0,0.0,0.0,0.0,0.0,0.0,-1.274884,1.067354,2.843013,1.315833,-0.2746297,-3.006736,0.1345131,-0.007057352,-0.0005281975,0.9908866,15.46009,359.1601,359.8249,0.4014784,-0.08464866,-0.9119478,0,0,0,0.7095765,-1.169695,-1.276096,-0.5796001,-0.4008003,1.915,0.9998999,-0.002945381,0.01384397,-0.0008518453,0.9638119,0.266582,-0.01412817,-0.2665671,0.9637128,static,-19.00267,-25.92785,-16.83914,-11.8211,-1.1528655872786269,8.557449630435205
247,05/17/2023 13:16:14.446403,520,True,True,True,True,Eyes,1.32209,-0.2785487,-2.999214,-0.2962665,-0.4182314,0.8586668,0.0,0.0,0.0,0.0,0.0,0.0,0.0,-1.276763,1.067115,2.842239,1.315854,-0.2746741,-3.006703,0.1345691,-0.006788302,-0.0007224031,0.9908808,15.46645,359.1887,359.8063,0.4015176,-0.0846516,-0.9119303,0,0,0,0.7103323,-1.16975,-1.275812,-0.5796,-0.4008004,1.915,0.9999068,-0.003258622,0.01325837,-0.000395361,0.9637813,0.2666937,-0.01364722,-0.2666741,0.9636902,static,-19.03601,-25.96936,-16.83913,-11.8211,-1.1538082900260807,8.55516679091106
248,05/17/2023 13:16:14.466918,521,True,True,True,True,Eyes,1.322269,-0.2785616,-2.999219,-0.2966586,-0.4188423,0.8582336,0.0,0.0,0.0,0.0,0.0,0.0,0.0,-1.277742,1.066726,2.841949,1.31585,-0.2745362,-3.006721,0.1345277,-0.006618782,-0.0007082467,0.9908875,15.4617,359.2089,359.8107,0.4015571,-0.08465426,-0.9119127,0,0,0,0.7109691,-1.169511,-1.275554,-0.5796,-0.4008003,1.915,0.9999114,-0.003184404,0.01292638,-0.0003772329,0.9638036,0.2666129,-0.01330749,-0.2665941,0.963717,static,-19.06832,-26.01369,-16.83913,-11.8211,-1.1545314036636203,8.55274659710973
249,05/17/2023 13:16:14.486354,522,True,True,True,True,Eyes,1.322442,-0.2785737,-2.999226,-0.297045,-0.4194203,0.8578175,0.0,0.0,0.0,0.0,0.0,0.0,0.0,-1.278311,1.067067,2.841591,1.315868,-0.2746607,-3.006726,0.1344806,-0.006477911,-0.0004989699,0.9908951,15.45645,359.2289,359.8376,0.4015971,-0.08465684,-0.9118948,0,0,0,0.7117776,-1.169739,-1.275337,-0.5796,-0.4008002,1.915,0.9999156,-0.002731161,0.01270366,-0.0007534536,0.9638294,0.2665188,-0.01297206,-0.2665059,0.963746,static,-19.09994,-26.05581,-16.83913,-11.82109,-1.1552977272250122,8.55044210317206
250,05/17/2023 13:16:14.506040,523,True,True,True,True,Eyes,1.322621,-0.2785855,-2.999233,-0.2974086,-0.4199925,0.8574115,0.0,0.0,0.0,0.0,0.0,0.0,0.0,-1.278307,1.066296,2.841958,1.315895,-0.2746516,-3.006787,0.1344472,-0.006536779,-0.0007356095,0.990899,15.45239,359.2181,359.8089,0.4016374,-0.08465934,-0.9118768,0,0,0,0.7112783,-1.169326,-1.275372,-0.5796001,-0.4008,1.915,0.9999135,-0.003215533,0.01275677,-0.0002998745,0.9638468,0.2664569,-0.01315238,-0.2664376,0.9637624,static,-19.13002,-26.09736,-16.83914,-11.82109,-1.15595795084179,8.548174779990198
251,05/17/2023 13:16:14.516224,524,True,True,True,True,Eyes,1.322788,-0.2785982,-2.999242,-0.2977608,-0.420547,0.8570174,0.0,0.0,0.0,0.0,0.0,0.0,0.0,-1.279159,1.065209,2.841925,1.315834,-0.2746162,-3.006763,0.1343947,-0.006445658,-0.001013108,0.9909065,15.44613,359.2245,359.7777,0.4016782,-0.08466174,-0.9118586,0,0,0,0.7111891,-1.168795,-1.275102,-0.5796,-0.4008003,1.915,0.9999149,-0.003740316,0.01250178,0.0002752655,0.963874,0.2663582,-0.0130464,-0.2663321,0.963793,static,-19.15919,-26.13765,-16.83913,-11.8211,-1.1565983403141795,8.545976201483953
252,05/17/2023 13:16:14.536232,525,True,True,True,True,Eyes,1.322933,-0.2786098,-2.999249,-0.2980848,-0.4211259,0.8566204,0.0,0.0,0.0,0.0,0.0,0.0,0.0,-1.278466,1.065813,2.84204,1.315745,-0.2746493,-3.006827,0.1344423,-0.00652528,-0.0009140593,0.9908996,15.45169,359.2166,359.788,0.401719,-0.08466408,-0.9118404,0,0,0,0.7109373,-1.169098,-1.275362,-0.5796001,-0.4008002,1.915,0.9999132,-0.00356603,0.01268602,5.693408e-05,0.9638488,0.2664496,-0.01317757,-0.2664258,0.9637654,static,-19.18676,-26.17934,-16.83914,-11.8211,-1.1570360023034187,8.543715291347844
253,05/17/2023 13:16:14.556354,526,True,True,True,True,Eyes,1.323072,-0.2786203,-2.999256,-0.2983933,-0.421684,0.8562384,0.0,0.0,0.0,0.0,0.0,0.0,0.0,-1.277893,1.066227,2.84212,1.315743,-0.274633,-3.006809,0.134429,-0.006578012,-0.0007224738,0.9909012,15.45029,359.2135,359.8098,0.4017594,-0.08466639,-0.9118224,0,0,0,0.7109919,-1.169252,-1.275412,-0.5796,-0.4008001,1.915,0.9999124,-0.003200351,0.01284208,-0.0003367507,0.9638566,0.2664212,-0.01323056,-0.2664021,0.9637712,static,-19.2131,-26.21952,-16.83913,-11.82109,-1.1574378913722116,8.541537516105452
254,05/17/2023 13:16:14.566194,527,True,True,True,True,Eyes,1.32319,-0.278629,-2.999262,-0.2987039,-0.4222077,0.8558718,0.0,0.0,0.0,0.0,0.0,0.0,0.0,-1.277646,1.066506,2.842116,1.315736,-0.2746184,-3.006802,0.1344216,-0.006588985,-0.0005931227,0.9909022,15.44954,359.2143,359.8248,0.4017991,-0.08466861,-0.9118047,0,0,0,0.7111135,-1.169362,-1.275425,-0.5796002,-0.4008001,1.915,0.9999125,-0.002946857,0.01289862,-0.0005959513,0.9638609,0.2664052,-0.01321754,-0.2663896,0.9637748,static,-19.23927,-26.25746,-16.83914,-11.82109,-1.1579291449926479,8.539474162598442
255,05/17/2023 13:16:14.586048,528,True,True,True,True,Eyes,1.323303,-0.2786395,-2.999268,-0.2990009,-0.4227112,0.8555196,0.0,0.0,0.0,0.0,0.0,0.0,0.0,-1.277488,1.066659,2.842102,1.315716,-0.2745915,-3.006788,0.1344427,-0.006607463,-0.0005714318,0.9908993,15.45199,359.2124,359.8271,0.4018379,-0.08467074,-0.9117874,0,0,0,0.7110546,-1.169432,-1.275474,-0.5796,-0.4008001,1.915,0.9999121,-0.002909114,0.01294101,-0.0006441886,0.9638496,0.266446,-0.01324831,-0.2664309,0.963763,static,-19.26433,-26.29392,-16.83913,-11.82109,-1.1583935625042936,8.53749177803956
256,05/17/2023 13:16:14.596216,529,True,True,True,True,Eyes,1.323392,-0.2786484,-2.999272,-0.2992951,-0.4231834,0.8551832,0.0,0.0,0.0,0.0,0.0,0.0,0.0,-1.277288,1.066832,2.842134,1.315679,-0.2746473,-3.006805,0.1344283,-0.00661782,-0.0004962411,0.9909012,15.45038,359.2124,359.8358,0.4018755,-0.08467285,-0.9117706,0,0,0,0.7110779,-1.169524,-1.275489,-0.5796001,-0.4008002,1.915,0.999912,-0.002762696,0.01298179,-0.0007957933,0.9638575,0.2664169,-0.01324863,-0.2664038,0.9637704,static,-19.28891,-26.32829,-16.83914,-11.8211,-1.1589136954854011,8.535617882530637
257,05/17/2023 13:16:14.616627,530,True,True,True,True,Eyes,1.323479,-0.2786593,-2.999275,-0.2995771,-0.423636,0.8548602,0.0,0.0,0.0,0.0,0.0,0.0,0.0,-1.277157,1.066541,2.842278,1.315681,-0.2746307,-3.006784,0.1343712,-0.006635495,-0.0004760729,0.9909089,15.44379,359.2107,359.8379,0.4019116,-0.0846749,-0.9117545,0,0,0,0.7110404,-1.169328,-1.275388,-0.5796001,-0.4008001,1.915,0.9999115,-0.002726729,0.0130224,-0.0008397496,0.9638883,0.2663056,-0.01327828,-0.2662929,0.9638007,static,-19.31249,-26.36126,-16.83913,-11.82109,-1.1594127469769,8.533820310201671
258,05/17/2023 13:16:14.636182,531,True,True,True,True,Eyes,1.323561,-0.2786702,-2.999278,-0.2998222,-0.4241052,0.8545417,0.0,0.0,0.0,0.0,0.0,0.0,0.0,-1.27728,1.06653,2.842206,1.315694,-0.274688,-3.006753,0.1343727,-0.00662266,-0.000500379,0.9909087,15.44395,359.2118,359.8353,0.4019463,-0.08467698,-0.911739,0,0,0,0.7110689,-1.169364,-1.275342,-0.5796,-0.4008001,1.915,0.9999118,-0.00277147,0.01299043,-0.0007881504,0.9638875,0.2663088,-0.01325938,-0.2662956,0.9638003,static,-19.33379,-26.395,-16.83913,-11.82109,-1.1596797858288739,8.53199598938787
259,05/17/2023 13:16:14.646616,532,True,True,True,True,Eyes,1.323638,-0.2786807,-2.999282,-0.3000576,-0.4245584,0.8542339,0.0,0.0,0.0,0.0,0.0,0.0,0.0,-1.277428,1.066843,2.842036,1.315681,-0.2746946,-3.006771,0.1344478,-0.006606398,-0.0005478989,0.9908985,15.4526,359.2129,359.8299,0.4019796,-0.0846791,-0.9117242,0,0,0,0.7110541,-1.16958,-1.275469,-0.5796,-0.4008002,1.915,0.9999121,-0.002862256,0.01294521,-0.0006906069,0.963847,0.2664555,-0.01323987,-0.266441,0.9637603,static,-19.3543,-26.4276,-16.83913,-11.82109,-1.1599317488483956,8.530233686758875
260,05/17/2023 13:16:14.666235,533,True,True,True,True,Eyes,1.323697,-0.2786908,-2.999286,-0.3002514,-0.4250274,0.8539326,0.0,0.0,0.0,0.0,0.0,0.0,0.0,-1.27758,1.067052,2.841878,1.315635,-0.2746939,-3.006781,0.1345136,-0.006587495,-0.0006111484,0.9908898,15.46016,359.2141,359.8227,0.4020114,-0.08468122,-0.9117099,0,0,0,0.7109956,-1.169739,-1.275566,-0.5796,-0.4008002,1.915,0.9999125,-0.002983377,0.01289055,-0.0005610544,0.9638114,0.2665844,-0.01321938,-0.2665683,0.9637253,static,-19.3722,-26.46089,-16.83913,-11.82109,-1.1599270069269,8.528450465313604
261,05/17/2023 13:16:14.686277,534,True,True,True,True,Eyes,1.323752,-0.2787012,-2.99929,-0.300433,-0.4254849,0.8536409,0.0,0.0,0.0,0.0,0.0,0.0,0.0,-1.278259,1.06742,2.841433,1.315626,-0.2747064,-3.006782,0.1345744,-0.006466943,-0.0005913931,0.9908823,15.46723,359.2286,359.8268,0.4020415,-0.08468337,-0.9116964,0,0,0,0.7114557,-1.170007,-1.275535,-0.5796,-0.4008003,1.915,0.9999157,-0.002912572,0.01265678,-0.0005685681,0.9637788,0.2667024,-0.01297513,-0.2666872,0.9636958,static,-19.38917,-26.4933,-16.83913,-11.8211,-1.1598830666991602,8.526716840535883
262,05/17/2023 13:16:14.706264,535,True,True,True,True,Eyes,1.323794,-0.2787053,-2.999293,-0.3005984,-0.4259238,0.8533637,0.0,0.0,0.0,0.0,0.0,0.0,0.0,-1.278356,1.068143,2.84116,1.315589,-0.274811,-3.006828,0.1346476,-0.006426053,-0.0005114236,0.9908727,15.47576,359.2347,359.8369,0.4020699,-0.08468556,-0.9116837,0,0,0,0.7116733,-1.170468,-1.275677,-0.5796,-0.4008003,1.915,0.9999169,-0.002744016,0.01259707,-0.0007169935,0.9637396,0.2668438,-0.01287252,-0.2668306,0.9636575,static,-19.40487,-26.52432,-16.83913,-11.8211,-1.1597943390030485,8.525060485179537
263,05/17/2023 13:16:14.716600,536,True,True,True,True,Eyes,1.323835,-0.2787142,-2.999299,-0.3007536,-0.4263449,0.8530987,0.0,0.0,0.0,0.0,0.0,0.0,0.0,-1.278751,1.067919,2.841025,1.315583,-0.2746748,-3.006804,0.1346148,-0.00634685,-0.0004610569,0.9908776,15.47202,359.2448,359.8441,0.4020966,-0.08468759,-0.9116718,0,0,0,0.7120246,-1.170289,-1.275506,-0.5796,-0.4008002,1.915,0.9999191,-0.002622461,0.01245377,-0.0007950576,0.9637573,0.2667794,-0.01270203,-0.2667677,0.9636772,static,-19.41972,-26.55407,-16.83913,-11.8211,-1.1596914062627433,8.523473058344129
264,05/17/2023 13:16:14.736350,537,True,True,True,True,Eyes,1.323867,-0.2787221,-2.999304,-0.3009143,-0.4267475,0.8528406,0.0,0.0,0.0,0.0,0.0,0.0,0.0,-1.278843,1.067982,2.841008,1.315594,-0.2747083,-3.006842,0.1345986,-0.006322242,-0.0004137456,0.9908801,15.47018,359.2485,359.8501,0.4021215,-0.08468963,-0.9116607,0,0,0,0.7121871,-1.170325,-1.275493,-0.5796001,-0.4008003,1.915,0.9999197,-0.002521874,0.01241779,-0.0008819857,0.9637661,0.2667474,-0.01264055,-0.2667369,0.9636865,static,-19.43476,-26.58264,-16.83913,-11.8211,-1.159659613567627,8.521944402864401
265,05/17/2023 13:16:14.756146,538,True,True,True,True,Eyes,1.323898,-0.2787294,-2.999308,-0.3010715,-0.4271284,0.8525945,0.0,0.0,0.0,0.0,0.0,0.0,0.0,-1.278513,1.067558,2.841312,1.315581,-0.2747006,-3.006845,0.1345143,-0.006371378,-0.0003952312,0.9908912,15.46044,359.243,359.8515,0.4021447,-0.08469167,-0.9116503,0,0,0,0.7120175,-1.170036,-1.275404,-0.5796001,-0.4008002,1.915,0.9999185,-0.002497345,0.01252036,-0.0009308201,0.9638116,0.266583,-0.01273301,-0.2665729,0.9637306,static,-19.44934,-26.60972,-16.83914,-11.8211,-1.1596574012846566,8.520493725172523
266,05/17/2023 13:16:14.766286,539,True,True,True,True,Eyes,1.323915,-0.2787374,-2.999312,-0.3012292,-0.4275238,0.8523406,0.0,0.0,0.0,0.0,0.0,0.0,0.0,-1.278189,1.067124,2.841588,1.315558,-0.2746955,-3.006824,0.1344298,-0.00641835,-0.0003785923,0.9909023,15.45068,359.2378,359.8528,0.4021662,-0.08469368,-0.9116406,0,0,0,0.7118433,-1.169747,-1.275289,-0.5796,-0.4008001,1.915,0.9999173,-0.002475931,0.01261813,-0.0009753389,0.9638569,0.2664185,-0.0128217,-0.2664087,0.9637749,static,-19.46412,-26.63779,-16.83913,-11.82109,-1.159626441579597,8.518991805210138
267,05/17/2023 13:16:14.786304,540,True,True,True,True,Eyes,1.323933,-0.2787444,-2.999314,-0.3013908,-0.4279059,0.8520917,0.0,0.0,0.0,0.0,0.0,0.0,0.0,-1.277511,1.067683,2.841685,1.315558,-0.2747286,-3.006823,0.1344811,-0.006515308,-0.0003005968,0.9908948,15.45666,359.2276,359.8604,0.4021861,-0.0846957,-0.9116317,0,0,0,0.71159,-1.170036,-1.275509,-0.5796,-0.4008003,1.915,0.9999149,-0.002348091,0.01283112,-0.001156653,0.9638295,0.2665173,-0.01299282,-0.2665094,0.9637447,static,-19.47904,-26.66502,-16.83913,-11.8211,-1.159646532457634,8.51753169694532
268,05/17/2023 13:16:14.806241,541,True,True,True,True,Eyes,1.323952,-0.2787517,-2.999315,-0.3015851,-0.4282727,0.8518386,0.0,0.0,0.0,0.0,0.0,0.0,0.0,-1.276671,1.067972,2.841939,1.315612,-0.2747094,-3.006787,0.134522,-0.006663638,-0.0002883812,0.9908883,15.46137,359.2103,359.8594,0.4022043,-0.0846977,-0.9116234,0,0,0,0.7111155,-1.17015,-1.275727,-0.5796001,-0.4008001,1.915,0.999911,-0.002364318,0.01312825,-0.001221304,0.9638076,0.2665963,-0.01328343,-0.2665886,0.9637188,static,-19.49601,-26.69154,-16.83914,-11.82109,-1.1598760518226645,8.516096534515901
269,05/17/2023 13:16:14.816505,542,True,True,True,True,Eyes,1.323971,-0.2787577,-2.99932,-0.3017821,-0.4286222,0.851593,0.0,0.0,0.0,0.0,0.0,0.0,0.0,-1.276298,1.068008,2.842092,1.315649,-0.2747286,-3.006768,0.1345118,-0.006727712,-0.000265686,0.9908892,15.4602,359.2031,359.8611,0.4022212,-0.08469971,-0.9116158,0,0,0,0.7109469,-1.170151,-1.27577,-0.5796,-0.4008005,1.915,0.9999093,-0.002336444,0.01326136,-0.001283383,0.963813,0.2665761,-0.01340431,-0.266569,0.9637226,static,-19.51299,-26.71694,-16.83913,-11.8211,-1.16015843109906,8.514718071724458
270,05/17/2023 13:16:14.836461,543,True,True,True,True,Eyes,1.323992,-0.278765,-2.999325,-0.3019545,-0.428949,0.8513673,0.0,0.0,0.0,0.0,0.0,0.0,0.0,-1.275839,1.067781,2.842478,1.315663,-0.2747,-3.006854,0.1345183,-0.00683391,-0.000381204,0.9908876,15.46084,359.1888,359.8458,0.4022368,-0.08470166,-0.9116087,0,0,0,0.7104201,-1.169992,-1.275977,-0.5796,-0.4008002,1.915,0.9999063,-0.002594033,0.01344071,-0.001083111,0.9638094,0.2665903,-0.01364583,-0.2665798,0.9637162,static,-19.52807,-26.74059,-16.83913,-11.8211,-1.1603585062702562,8.513438510795487
271,05/17/2023 13:16:14.856484,544,True,True,True,True,Eyes,1.324015,-0.2787716,-2.999332,-0.3021215,-0.429262,0.8511503,0.0,0.0,0.0,0.0,0.0,0.0,0.0,-1.27574,1.067937,2.842516,1.315701,-0.2747383,-3.006883,0.1345625,-0.00687053,-0.0004414132,0.9908813,15.4659,359.1835,359.8381,0.4022514,-0.08470361,-0.9116021,0,0,0,0.7102442,-1.170108,-1.276122,-0.5796001,-0.4008002,1.915,0.9999052,-0.002723807,0.01349696,-0.000974255,0.9637855,0.266677,-0.01373455,-0.2666648,0.9636914,static,-19.54266,-26.76325,-16.83913,-11.8211,-1.1605623655550419,8.512211752732993
272,05/17/2023 13:16:14.866481,545,True,True,True,True,Eyes,1.324054,-0.2787772,-2.99934,-0.3022894,-0.429561,0.8509399,0.0,0.0,0.0,0.0,0.0,0.0,0.0,-1.275912,1.067823,2.842545,1.315749,-0.274724,-3.006923,0.1345767,-0.006866585,-0.0005157207,0.9908793,15.46748,359.1827,359.8294,0.402265,-0.08470552,-0.9115959,0,0,0,0.7102097,-1.170057,-1.276171,-0.5796001,-0.4008001,1.914999,0.9999052,-0.002870198,0.01346911,-0.0008261302,0.9637777,0.2667055,-0.01374672,-0.2666913,0.9636839,static,-19.55716,-26.78499,-16.83914,-11.82109,-1.1608011911588458,8.511032097900085
273,05/17/2023 13:16:14.886499,546,True,True,True,True,Eyes,1.324094,-0.2787838,-2.999347,-0.3024412,-0.4298412,0.8507444,0.0,0.0,0.0,0.0,0.0,0.0,0.0,-1.276836,1.066574,2.842626,1.315794,-0.2746957,-3.006932,0.134447,-0.006757247,-0.0006887559,0.9908976,15.45236,359.1929,359.8109,0.4022781,-0.08470735,-0.9115899,0,0,0,0.7104293,-1.169389,-1.275788,-0.5796,-0.4008003,1.915,0.9999077,-0.003181956,0.01320628,-0.0004520105,0.963847,0.2664558,-0.01357668,-0.2664371,0.9637567,static,-19.57039,-26.80533,-16.83913,-11.8211,-1.1609956935720243,8.509930219215796
274,05/17/2023 13:16:14.896400,547,True,True,True,True,Eyes,1.324144,-0.2787912,-2.999355,-0.3026191,-0.4300848,0.8505579,0.0,0.0,0.0,0.0,0.0,0.0,0.0,-1.277959,1.06589,2.842389,1.315836,-0.2747246,-3.006921,0.1343743,-0.006595532,-0.0007802227,0.9909084,15.44391,359.2105,359.8027,0.4022909,-0.08470914,-0.9115841,0,0,0,0.7109452,-1.169081,-1.275438,-0.5796,-0.4008004,1.915,0.9999118,-0.003318798,0.01286145,-0.0002262809,0.9638859,0.2663154,-0.01328082,-0.2662949,0.9638001,static,-19.585,-26.82345,-16.83913,-11.8211,-1.1614120565612667,8.508933407695993
275,05/17/2023 13:16:14.916283,548,True,True,True,True,Eyes,1.324191,-0.2787974,-2.999365,-0.3027756,-0.4303257,0.8503804,0.0,0.0,0.0,0.0,0.0,0.0,0.0,-1.279019,1.06592,2.841924,1.315857,-0.2747458,-3.006932,0.1343845,-0.006419126,-0.0007763539,0.9909081,15.44513,359.2314,359.806,0.4023035,-0.0847109,-0.9115784,0,0,0,0.7116191,-1.169171,-1.275256,-0.5796001,-0.4008002,1.915,0.9999164,-0.003263852,0.01251287,-0.0001866707,0.9638804,0.2663353,-0.01293019,-0.2663153,0.9637992,static,-19.59813,-26.84119,-16.83914,-11.82109,-1.1617186631511578,8.507963816232387
276,05/17/2023 13:16:14.936546,549,True,True,True,True,Eyes,1.32424,-0.2788014,-2.999373,-0.3029476,-0.4305498,0.8502056,0.0,0.0,0.0,0.0,0.0,0.0,0.0,-1.279857,1.066458,2.841396,1.315849,-0.2747259,-3.006985,0.134447,-0.006254507,-0.0006816397,0.9909009,15.45246,359.2523,359.8197,0.402316,-0.0847126,-0.9115728,0,0,0,0.7123399,-1.169508,-1.27524,-0.5796,-0.4008002,1.915,0.9999208,-0.003032674,0.0122119,-0.0003309246,0.963847,0.2664558,-0.01257848,-0.2664388,0.9637698,static,-19.61214,-26.85796,-16.83913,-11.8211,-1.1621460554117138,8.50703864171014
277,05/17/2023 13:16:14.956091,550,True,True,True,True,Eyes,1.324288,-0.2788084,-2.999381,-0.3031111,-0.4307741,0.8500337,0.0,0.0,0.0,0.0,0.0,0.0,0.0,-1.280787,1.066626,2.840882,1.315856,-0.2746751,-3.006958,0.1344995,-0.006100526,-0.0006898385,0.9908948,15.45855,359.2702,359.8212,0.4023284,-0.08471418,-0.9115672,0,0,0,0.7129023,-1.169657,-1.275122,-0.5796,-0.4008001,1.915,0.9999247,-0.00300815,0.01190439,-0.0002739203,0.9638188,0.2665581,-0.01227552,-0.2665412,0.9637454,static,-19.62558,-26.87466,-16.83913,-11.82109,-1.1625276318032378,8.506120081656912
278,05/17/2023 13:16:14.966339,551,True,True,True,True,Eyes,1.324333,-0.2788135,-2.999387,-0.3032765,-0.4309898,0.8498653,0.0,0.0,0.0,0.0,0.0,0.0,0.0,-1.280936,1.067446,2.840503,1.315895,-0.2747524,-3.00693,0.1346281,-0.006080129,-0.0006801214,0.9908774,15.47343,359.2728,359.8225,0.4023407,-0.08471575,-0.9115616,0,0,0,0.713029,-1.170199,-1.275304,-0.5796,-0.4008004,1.915,0.9999252,-0.002984945,0.0118662,-0.0002892785,0.9637497,0.266808,-0.01223245,-0.2667915,0.9636767,static,-19.63906,-26.89081,-16.83913,-11.8211,-1.1629381866857929,8.505229176347633
279,05/17/2023 13:16:14.986349,552,True,True,True,True,Eyes,1.324375,-0.2788179,-2.999392,-0.3034432,-0.4311997,0.8496994,0.0,0.0,0.0,0.0,0.0,0.0,0.0,-1.281333,1.067441,2.840261,1.315878,-0.2747154,-3.006879,0.1346588,-0.006020084,-0.0007231592,0.9908736,15.47697,359.2791,359.8184,0.4023528,-0.08471725,-0.9115561,0,0,0,0.7131769,-1.170229,-1.27523,-0.5796001,-0.4008002,1.915,0.9999264,-0.003054433,0.01173552,-0.0001881963,0.963733,0.2668684,-0.01212504,-0.266851,0.9636616,static,-19.65258,-26.90658,-16.83914,-11.82109,-1.1633698273376851,8.504357311419112
280,05/17/2023 13:16:14.996429,553,True,True,True,True,Eyes,1.324436,-0.2788234,-2.999398,-0.3036437,-0.431387,0.8495327,0.0,0.0,0.0,0.0,0.0,0.0,0.0,-1.280461,1.06777,2.840545,1.315852,-0.2747004,-3.006905,0.1347054,-0.006161421,-0.0007155222,0.9908664,15.48234,359.2626,359.817,0.4023647,-0.08471868,-0.9115507,0,0,0,0.7126421,-1.170363,-1.275511,-0.5796002,-0.4008001,1.915,0.9999231,-0.003077927,0.01201752,-0.0002419798,0.9637079,0.2669589,-0.01240306,-0.2669412,0.963633,static,-19.66813,-26.92116,-16.83914,-11.82109,-1.1640314602009276,8.503534822861143
281,05/17/2023 13:16:15.016198,554,True,True,True,True,Eyes,1.324496,-0.2788295,-2.999402,-0.3038414,-0.4315701,0.8493689,0.0,0.0,0.0,0.0,0.0,0.0,0.0,-1.279758,1.068104,2.840711,1.315835,-0.2747208,-3.006887,0.1347225,-0.006260734,-0.0006430303,0.9908634,15.48435,359.252,359.8239,0.4023769,-0.08472006,-0.9115452,0,0,0,0.7123544,-1.170512,-1.275653,-0.5796001,-0.4008003,1.915,0.9999208,-0.002961234,0.0122338,-0.0004126132,0.9636989,0.2669913,-0.01258032,-0.2669752,0.9636213,static,-19.68346,-26.93543,-16.83914,-11.8211,-1.164688547992005,8.502729226748215
282,05/17/2023 13:16:15.036357,555,True,True,True,True,Eyes,1.324567,-0.2788366,-2.999405,-0.3040511,-0.4317203,0.8492176,0.0,0.0,0.0,0.0,0.0,0.0,0.0,-1.279251,1.068459,2.840799,1.315879,-0.2747422,-3.006859,0.1347613,-0.006346037,-0.0006080744,0.9908577,15.48884,359.2425,359.8267,0.4023893,-0.08472141,-0.9115396,0,0,0,0.7121317,-1.170697,-1.275803,-0.5796002,-0.4008003,1.915,0.9999187,-0.00291543,0.01241215,-0.0005053697,0.9636781,0.2670662,-0.01273993,-0.2670508,0.9635983,static,-19.69923,-26.94761,-16.83914,-11.8211,-1.165480545196751,8.502027168829061
283,05/17/2023 13:16:15.046570,556,True,True,True,True,Eyes,1.324634,-0.2788414,-2.999409,-0.3042523,-0.431867,0.8490709,0.0,0.0,0.0,0.0,0.0,0.0,0.0,-1.278951,1.068759,2.84078,1.31587,-0.2747649,-3.006822,0.134781,-0.006380816,-0.0005444863,0.9908549,15.49117,359.2394,359.8336,0.4024023,-0.08472276,-0.9115337,0,0,0,0.7120783,-1.170858,-1.275853,-0.5796001,-0.4008003,1.915,0.999918,-0.00279904,0.01249815,-0.0006410126,0.9636675,0.2671038,-0.0127917,-0.26709,0.9635867,static,-19.71441,-26.95947,-16.83914,-11.8211,-1.166236611868648,8.501344501187399
284,05/17/2023 13:16:15.066363,557,True,True,True,True,Eyes,1.324727,-0.2788472,-2.999414,-0.3044721,-0.4319732,0.8489381,0.0,0.0,0.0,0.0,0.0,0.0,0.0,-1.278747,1.068971,2.840812,1.315833,-0.2747175,-3.006862,0.1348005,-0.006397534,-0.000494023,0.9908521,15.49346,359.2383,359.8392,0.4024157,-0.08472404,-0.9115278,0,0,0,0.7120459,-1.170935,-1.275956,-0.5796002,-0.4008003,1.915,0.9999177,-0.002703789,0.01254483,-0.0007457742,0.9636571,0.2671411,-0.01281121,-0.2671285,0.9635758,static,-19.7304,-26.96879,-16.83914,-11.8211,-1.167180330191243,8.500786183360406
285,05/17/2023 13:16:15.086073,558,True,True,True,True,Eyes,1.324815,-0.2788515,-2.999416,-0.3046767,-0.4320787,0.848811,0.0,0.0,0.0,0.0,0.0,0.0,0.0,-1.278665,1.069455,2.840654,1.315809,-0.2747282,-3.00686,0.1348276,-0.006378396,-0.0003670121,0.9908486,15.49669,359.2426,359.8545,0.40243,-0.08472526,-0.9115213,0,0,0,0.7122588,-1.171193,-1.275999,-0.5796001,-0.4008003,1.915,0.9999184,-0.002447274,0.01254108,-0.0009926606,0.9636427,0.2671921,-0.01273901,-0.2671827,0.9635617,static,-19.74536,-26.97791,-16.83913,-11.8211,-1.1680446712834087,8.50024354288473
286,05/17/2023 13:16:15.106079,559,True,True,True,True,Eyes,1.324902,-0.2788551,-2.999418,-0.3048595,-0.4321696,0.848699,0.0,0.0,0.0,0.0,0.0,0.0,0.0,-1.278549,1.06979,2.840502,1.31579,-0.2747015,-3.006796,0.134813,-0.00635293,-0.000184064,0.9908507,15.49515,359.2485,359.8765,0.4024451,-0.08472639,-0.9115146,0,0,0,0.7125732,-1.171334,-1.275906,-0.5796,-0.4008002,1.915,0.9999192,-0.002077675,0.01253998,-0.001348155,0.9636508,0.2671615,-0.01263924,-0.2671568,0.9635702,static,-19.7587,-26.98584,-16.83913,-11.82109,-1.1688248112213215,8.499769920763393
287,05/17/2023 13:16:15.116608,560,True,True,True,True,Eyes,1.324985,-0.2788595,-2.999418,-0.3050316,-0.4322609,0.8485907,0.0,0.0,0.0,0.0,0.0,0.0,0.0,-1.278717,1.070443,2.840177,1.315787,-0.2746922,-3.006796,0.1348808,-0.006297922,-6.981582e-05,0.9908419,15.50308,359.2568,359.8907,0.4024608,-0.08472742,-0.9115075,0,0,0,0.712922,-1.171705,-1.27598,-0.5796001,-0.4008002,1.915,0.9999207,-0.00183729,0.01246166,-0.001560585,0.9636143,0.2672919,-0.01249932,-0.2672902,0.963535,static,-19.77131,-26.99369,-16.83914,-11.82109,-1.1695458267080867,8.499304280856787
288,05/17/2023 13:16:15.136206,561,True,True,True,True,Eyes,1.32508,-0.2788643,-2.999417,-0.3051823,-0.4323107,0.8485111,0.0,0.0,0.0,0.0,0.0,0.0,0.0,-1.278867,1.070787,2.839917,1.315799,-0.2747163,-3.006728,0.1349218,-0.006264647,-2.463034e-05,0.9908365,15.50786,359.2614,359.8966,0.4024771,-0.0847284,-0.9115003,0,0,0,0.7131159,-1.171931,-1.275954,-0.5796,-0.4008002,1.915,0.9999215,-0.001739284,0.01240784,-0.001641665,0.9635922,0.2673711,-0.01242113,-0.2673705,0.9635137,static,-19.78204,-26.99854,-16.83913,-11.8211,-1.1702442944154647,8.499000776091178
289,05/17/2023 13:16:15.156322,562,True,True,True,True,Eyes,1.325167,-0.2788704,-2.999416,-0.305328,-0.432361,0.8484331,0.0,0.0,0.0,0.0,0.0,0.0,0.0,-1.278968,1.071224,2.839663,1.315766,-0.2747209,-3.006701,0.1350049,-0.00624469,-3.563338e-05,0.9908254,15.51746,359.2635,359.8955,0.4024942,-0.08472932,-0.9114926,0,0,0,0.7131424,-1.172216,-1.276052,-0.5796,-0.4008003,1.915,0.999922,-0.00175674,0.01236517,-0.001615515,0.9635474,0.2675329,-0.01238441,-0.267532,0.9634694,static,-19.79243,-27.00337,-16.83913,-11.8211,-1.1709144233511295,8.498700114444306
290,05/17/2023 13:16:15.166511,563,True,True,True,True,Eyes,1.325266,-0.2788754,-2.999414,-0.3054555,-0.4323711,0.8483821,0.0,0.0,0.0,0.0,0.0,0.0,0.0,-1.278243,1.071619,2.839815,1.315674,-0.2747632,-3.006714,0.1349897,-0.006314758,0.0001252757,0.990827,15.51582,359.2579,359.9134,0.4025118,-0.08473025,-0.9114848,0,0,0,0.7130042,-1.172383,-1.276145,-0.5796,-0.4008004,1.915,0.9999202,-0.001456601,0.01254749,-0.001953108,0.9635555,0.2675013,-0.01247984,-0.2675045,0.9634758,static,-19.80115,-27.0053,-16.83913,-11.8211,-1.171575438608509,8.498555390579227
291,05/17/2023 13:16:15.186269,564,True,True,True,True,Eyes,1.325365,-0.2788764,-2.999415,-0.3055883,-0.4323668,0.8483364,0.0,0.0,0.0,0.0,0.0,0.0,0.0,-1.277528,1.071978,2.839984,1.315706,-0.2747393,-3.006685,0.1349352,-0.006380465,0.0003891797,0.9908338,15.50971,359.2544,359.9435,0.4025302,-0.08473115,-0.9114766,0,0,0,0.7131408,-1.172467,-1.276136,-0.5796001,-0.4008003,1.915,0.9999183,-0.000950674,0.01274899,-0.002493124,0.9635847,0.2673917,-0.01253893,-0.2674017,0.9635035,static,-19.81007,-27.00632,-16.83914,-11.8211,-1.1722959192156608,8.498455702620515
292,05/17/2023 13:16:15.196344,565,True,True,True,True,Eyes,1.325461,-0.2788771,-2.999415,-0.3057186,-0.4324245,0.8482601,0.0,0.0,0.0,0.0,0.0,0.0,0.0,-1.276722,1.07085,2.840865,1.315799,-0.2746469,-3.006741,0.1347365,-0.006529179,0.0004009831,0.99086,15.48673,359.2371,359.9426,0.4025492,-0.08473188,-0.9114681,0,0,0,0.7127011,-1.17167,-1.276012,-0.5796,-0.4008002,1.915,0.9999145,-0.0009648007,0.01304706,-0.002554073,0.9636919,0.2670047,-0.01283095,-0.2670152,0.9636069,static,-19.8195,-27.0115,-16.83913,-11.82109,-1.1728671612710204,8.498142471630812
293,05/17/2023 13:16:15.216578,566,True,True,True,True,Eyes,1.32555,-0.2788806,-2.999413,-0.305848,-0.4324819,0.8481842,0.0,0.0,0.0,0.0,0.0,0.0,0.0,-1.277274,1.069712,2.841066,1.315868,-0.2746313,-3.006732,0.1347891,-0.006575922,-0.0001589126,0.9908525,15.49238,359.2226,359.8759,0.4025688,-0.08473246,-0.9114594,0,0,0,0.7118655,-1.171174,-1.276069,-0.5796001,-0.4008003,1.915,0.9999135,-0.002087643,0.0129887,-0.001457807,0.9636637,0.2671143,-0.01307438,-0.2671102,0.9635773,static,-19.82887,-27.01665,-16.83914,-11.8211,-1.1734346313371722,8.497831083704774
294,05/17/2023 13:16:15.236636,567,True,True,True,True,Eyes,1.325613,-0.2788865,-2.999414,-0.3059663,-0.4325557,0.8481039,0.0,0.0,0.0,0.0,0.0,0.0,0.0,-1.278652,1.069563,2.840442,1.315816,-0.2746884,-3.006693,0.1349953,-0.006452962,-0.0006759936,0.9908251,15.51584,359.2287,359.8167,0.4025888,-0.08473299,-0.9114506,0,0,0,0.7115884,-1.171365,-1.276179,-0.5796,-0.4008001,1.915,0.9999158,-0.003081822,0.012605,-0.0004026564,0.9635516,0.2675222,-0.01297002,-0.2675047,0.9634693,static,-19.83768,-27.0228,-16.83913,-11.82109,-1.1739074686191426,8.497472036618703
295,05/17/2023 13:16:15.257854,568,True,True,True,True,Eyes,1.325674,-0.2788912,-2.999412,-0.3060626,-0.4326438,0.8480242,0.0,0.0,0.0,0.0,0.0,0.0,0.0,-1.278835,1.071276,2.839766,1.315801,-0.2747672,-3.006741,0.1352715,-0.006414956,-0.0006532358,0.9907876,15.5478,359.2335,359.8198,0.4026083,-0.08473359,-0.9114419,0,0,0,0.7117446,-1.172444,-1.276685,-0.5796,-0.4008003,1.915,0.9999169,-0.003029957,0.01253499,-0.0004410855,0.9634025,0.268059,-0.01288845,-0.2680422,0.9633209,static,-19.84515,-27.0297,-16.83913,-11.8211,-1.1742301373687707,8.497082196018793
296,05/17/2023 13:16:15.267111,569,True,True,True,True,Eyes,1.325738,-0.2788947,-2.999412,-0.3061789,-0.4327256,0.8479404,0.0,0.0,0.0,0.0,0.0,0.0,0.0,-1.279512,1.072704,2.838856,1.315799,-0.2747463,-3.006682,0.1354399,-0.006250647,-0.0004351227,0.9907658,15.56747,359.2563,359.848,0.4026274,-0.0847342,-0.9114333,0,0,0,0.712633,-1.173295,-1.276768,-0.5796001,-0.4008002,1.915,0.9999214,-0.002555383,0.01226799,-0.0008309646,0.9633117,0.2683839,-0.01250372,-0.268373,0.9632339,static,-19.85391,-27.03638,-16.83914,-11.82109,-1.1746740639114623,8.496696561456918
297,05/17/2023 13:16:15.286199,570,True,True,True,True,Eyes,1.325798,-0.2788983,-2.999414,-0.3062874,-0.4327968,0.847865,0.0,0.0,0.0,0.0,0.0,0.0,0.0,-1.280118,1.072847,2.838556,1.315812,-0.274721,-3.006705,0.1354604,-0.006142995,-0.0004033542,0.9907637,15.56989,359.2695,359.8535,0.4026463,-0.0847348,-0.9114249,0,0,0,0.7130827,-1.173396,-1.276704,-0.5796001,-0.4008002,1.915,0.9999242,-0.002463523,0.01206324,-0.0008650081,0.9633006,0.2684235,-0.01228179,-0.2684136,0.9632255,static,-19.86202,-27.04226,-16.83914,-11.8211,-1.1750991804306958,8.496354962962302
298,05/17/2023 13:16:15.296797,571,True,True,True,True,Eyes,1.325872,-0.2789024,-2.999418,-0.3064159,-0.4328403,0.8477963,0.0,0.0,0.0,0.0,0.0,0.0,0.0,-1.28076,1.072131,2.838601,1.315795,-0.2747255,-3.006772,0.1353897,-0.006058454,-0.0005217512,0.9907739,15.56163,359.2776,359.8409,0.4026648,-0.08473538,-0.9114167,0,0,0,0.7132202,-1.173028,-1.276524,-0.5796001,-0.4008003,1.915,0.9999261,-0.002674379,0.01186383,-0.0006066294,0.9633387,0.2682874,-0.01214639,-0.2682748,0.9632658,static,-19.87119,-27.04647,-16.83913,-11.8211,-1.1756930765302036,8.496092283670539
299,05/17/2023 13:16:15.316316,572,True,True,True,True,Eyes,1.325943,-0.2789047,-2.999424,-0.3065485,-0.4328738,0.8477313,0.0,0.0,0.0,0.0,0.0,0.0,0.0,-1.280601,1.071356,2.839005,1.315746,-0.2747282,-3.00683,0.135239,-0.006071148,-0.0004969389,0.9907944,15.54422,359.2765,359.8438,0.4026832,-0.08473593,-0.9114085,0,0,0,0.7131569,-1.17253,-1.276327,-0.5796,-0.4008003,1.915,0.9999258,-0.00262684,0.01189611,-0.0006573833,0.9634203,0.267994,-0.01216493,-0.267982,0.9633471,static,-19.88052,-27.05005,-16.83913,-11.8211,-1.1763299949876123,8.49586066717685
300,05/17/2023 13:16:15.336419,573,True,True,True,True,Eyes,1.32602,-0.278906,-2.999431,-0.3066374,-0.4328707,0.8477007,0.0,0.0,0.0,0.0,0.0,0.0,0.0,-1.279561,1.070774,2.839734,1.315744,-0.2746929,-3.006872,0.1350954,-0.006227825,-0.0004167829,0.9908129,15.52765,359.2594,359.8508,0.4027015,-0.08473641,-0.9114004,0,0,0,0.7126836,-1.172061,-1.276309,-0.5796,-0.4008001,1.915,0.9999221,-0.002508609,0.01222861,-0.0008567931,0.9634981,0.2677137,-0.01245383,-0.2677033,0.9634209,static,-19.8865,-27.05072,-16.83913,-11.82109,-1.1768136490159313,8.495794535886105
301,05/17/2023 13:16:15.346407,574,True,True,True,True,Eyes,1.326095,-0.2789082,-2.999437,-0.3067263,-0.4328595,0.8476743,0.0,0.0,0.0,0.0,0.0,0.0,0.0,-1.278829,1.070101,2.840337,1.31572,-0.2746612,-3.006905,0.1349692,-0.006344489,-0.0004055101,0.9908295,15.51304,359.2459,359.8504,0.4027199,-0.08473678,-0.9113923,0,0,0,0.7122446,-1.171582,-1.276254,-0.5796001,-0.4008003,1.915,0.9999192,-0.002516203,0.01246315,-0.000909038,0.9635664,0.267468,-0.01268207,-0.2674577,0.9634861,static,-19.89238,-27.05084,-16.83914,-11.8211,-1.1773142302829014,8.495756812730473
302,05/17/2023 13:16:15.366355,575,True,True,True,True,Eyes,1.326191,-0.2789124,-2.999442,-0.3067984,-0.4328094,0.8476737,0.0,0.0,0.0,0.0,0.0,0.0,0.0,-1.278115,1.06957,2.84085,1.315716,-0.2746913,-3.006896,0.1348113,-0.006436386,-0.0002838475,0.9908503,15.49486,359.2371,359.8634,0.4027383,-0.08473709,-0.9113841,0,0,0,0.7120616,-1.171187,-1.276087,-0.5796,-0.4008004,1.915,0.999917,-0.002297895,0.01267846,-0.001172894,0.9636517,0.2671592,-0.01283152,-0.2671519,0.963569,static,-19.8967,-27.04817,-16.83913,-11.8211,-1.177810059657529,8.495868861406723
303,05/17/2023 13:16:15.386217,576,True,True,True,True,Eyes,1.326285,-0.2789176,-2.999447,-0.3068645,-0.4327716,0.8476691,0.0,0.0,0.0,0.0,0.0,0.0,0.0,-1.277697,1.069841,2.840934,1.315747,-0.2747279,-3.006877,0.1347695,-0.006470528,-0.0001016623,0.9908559,15.49016,359.236,359.8843,0.4027573,-0.08473739,-0.9113757,0,0,0,0.7122056,-1.171286,-1.276062,-0.5796001,-0.4008002,1.915,0.9999163,-0.001945525,0.01279532,-0.001542594,0.9636744,0.2670755,-0.01285012,-0.2670729,0.9635907,static,-19.90075,-27.04627,-16.83914,-11.8211,-1.178246897944648,8.495943345053643
304,05/17/2023 13:16:15.396426,577,True,True,True,True,Eyes,1.326363,-0.2789254,-2.999453,-0.3069446,-0.4327541,0.847649,0.0,0.0,0.0,0.0,0.0,0.0,0.0,-1.27781,1.070721,2.840552,1.31577,-0.2747556,-3.006865,0.1348992,-0.006444518,-5.343945e-05,0.9908383,15.50521,359.2398,359.8903,0.4027766,-0.0847377,-0.9113671,0,0,0,0.7123884,-1.171829,-1.27626,-0.5796,-0.4008004,1.915,0.9999169,-0.001844621,0.01275653,-0.001632821,0.9636045,0.2673273,-0.01278537,-0.2673259,0.9635214,static,-19.90597,-27.04589,-16.83913,-11.8211,-1.1787138800520196,8.495934509961522
305,05/17/2023 13:16:15.416475,578,True,True,True,True,Eyes,1.326439,-0.2789309,-2.999459,-0.3070067,-0.432746,0.8476307,0.0,0.0,0.0,0.0,0.0,0.0,0.0,-1.278087,1.071815,2.840058,1.315733,-0.2748286,-3.006915,0.1351184,-0.00641242,-0.000143553,0.9908087,15.53049,359.242,359.88,0.402796,-0.08473813,-0.9113585,0,0,0,0.7123529,-1.172568,-1.276656,-0.5796002,-0.4008002,1.915,0.9999177,-0.002017339,0.01266817,-0.001448405,0.963486,0.2677548,-0.01274576,-0.2677512,0.9634038,static,-19.91008,-27.04595,-16.83914,-11.82109,-1.1790648847232459,8.495909352186164
306,05/17/2023 13:16:15.439918,579,True,True,True,True,Eyes,1.32655,-0.2789359,-2.999465,-0.3071102,-0.4327171,0.8476079,0.0,0.0,0.0,0.0,0.0,0.0,0.0,-1.279057,1.072406,2.839384,1.315726,-0.2747791,-3.00691,0.1352107,-0.006231817,-7.513689e-05,0.9907973,15.54124,359.2644,359.8909,0.4028153,-0.08473858,-0.91135,0,0,0,0.7130999,-1.172951,-1.276612,-0.5796,-0.4008003,1.915,0.9999223,-0.001834108,0.01232862,-0.001536326,0.9634361,0.2679338,-0.01236925,-0.2679319,0.9633585,static,-19.91676,-27.04502,-16.83913,-11.8211,-1.1796830794529234,8.495920530299097
307,05/17/2023 13:16:15.457868,580,True,True,True,True,Eyes,1.326659,-0.2789404,-2.999474,-0.3072183,-0.4326852,0.847585,0.0,0.0,0.0,0.0,0.0,0.0,0.0,-1.278453,1.072396,2.839685,1.315745,-0.2747462,-3.006928,0.1351214,-0.006291548,0.0001219084,0.9908091,15.53105,359.2605,359.9133,0.4028354,-0.08473901,-0.911341,0,0,0,0.7131566,-1.172827,-1.27657,-0.5796,-0.4008005,1.915,0.9999208,-0.001458669,0.01250039,-0.001941821,0.9634844,0.2677574,-0.0124345,-0.2677605,0.9634053,static,-19.92372,-27.04394,-16.83913,-11.8211,-1.1803323408535593,8.495937802538414
308,05/17/2023 13:16:15.466031,581,True,True,True,True,Eyes,1.326781,-0.2789441,-2.999478,-0.307431,-0.4326336,0.8475343,0.0,0.0,0.0,0.0,0.0,0.0,0.0,-1.277963,1.072089,2.840088,1.315786,-0.2747348,-3.006974,0.1350849,-0.006393427,6.914033e-05,0.9908134,15.52678,359.2477,359.9054,0.4028561,-0.0847394,-0.9113318,0,0,0,0.7127545,-1.17261,-1.276663,-0.5796001,-0.4008003,1.915,0.9999182,-0.0015903,0.01268807,-0.001864321,0.9635041,0.2676869,-0.01265071,-0.2676887,0.9634224,static,-19.93752,-27.04256,-16.83914,-11.8211,-1.1815843203456962,8.495933468055654
309,05/17/2023 13:16:15.486651,582,True,True,True,True,Eyes,1.326896,-0.2789481,-2.999486,-0.3076435,-0.4325836,0.8474827,0.0,0.0,0.0,0.0,0.0,0.0,0.0,-1.27911,1.070969,2.839854,1.315754,-0.2746978,-3.00686,0.1350504,-0.006266621,-0.0002466437,0.990819,15.52256,359.2576,359.8703,0.4028778,-0.08473973,-0.9113222,0,0,0,0.7127734,-1.172102,-1.276287,-0.5796,-0.4008003,1.915,0.9999213,-0.002181377,0.01235156,-0.001203861,0.9635227,0.2676241,-0.01248479,-0.2676179,0.9634443,static,-19.95133,-27.04129,-16.83913,-11.8211,-1.1828320535863617,8.495923505759528
310,05/17/2023 13:16:15.506191,583,True,True,True,True,Eyes,1.327034,-0.2789561,-2.999491,-0.3079053,-0.4325725,0.8473933,0.0,0.0,0.0,0.0,0.0,0.0,0.0,-1.278644,1.070968,2.840128,1.315708,-0.2747038,-3.006939,0.135075,-0.006355435,-0.0003247221,0.990815,15.52534,359.2458,359.8596,0.4029002,-0.08474001,-0.9113123,0,0,0,0.7122998,-1.172088,-1.276505,-0.5796001,-0.4008003,1.915,0.9999191,-0.0023604,0.0125064,-0.001073442,0.9635093,0.2676729,-0.01268184,-0.2676646,0.9634287,static,-19.96891,-27.04314,-16.83914,-11.8211,-1.184259455180575,8.495735156814797
311,05/17/2023 13:16:15.516251,584,True,True,True,True,Eyes,1.327167,-0.2789634,-2.999492,-0.3081494,-0.4325718,0.8473049,0.0,0.0,0.0,0.0,0.0,0.0,0.0,-1.278547,1.071891,2.839745,1.315693,-0.2747871,-3.006863,0.1351427,-0.006326102,-0.0001354508,0.990806,15.53331,359.2523,359.8824,0.4029238,-0.08474034,-0.9113018,0,0,0,0.7126406,-1.172635,-1.276546,-0.5796001,-0.4008002,1.915,0.99992,-0.001978263,0.01249927,-0.001441442,0.9634729,0.2678021,-0.01257249,-0.2677986,0.9633929,static,-19.9854,-27.04553,-16.83914,-11.8211,-1.1855679581686596,8.495525310287054
312,05/17/2023 13:16:15.536302,585,True,True,True,True,Eyes,1.327293,-0.2789694,-2.999494,-0.308384,-0.432577,0.8472169,0.0,0.0,0.0,0.0,0.0,0.0,0.0,-1.27872,1.072745,2.839271,1.315719,-0.2747835,-3.006783,0.1352401,-0.006271102,-2.419201e-06,0.9907931,15.54469,359.2609,359.8988,0.4029484,-0.08474072,-0.9112909,0,0,0,0.7130436,-1.173137,-1.276597,-0.5796,-0.4008003,1.915,0.9999214,-0.001701003,0.01242608,-0.001691416,0.9634202,0.26799,-0.01242738,-0.2679899,0.9633415,static,-20.00133,-27.04821,-16.83913,-11.8211,-1.1868147920925747,8.49530378223379
313,05/17/2023 13:16:15.556295,586,True,True,True,True,Eyes,1.327484,-0.2789775,-2.999496,-0.3086388,-0.4325586,0.8471335,0.0,0.0,0.0,0.0,0.0,0.0,0.0,-1.278643,1.073211,2.839125,1.315687,-0.2747535,-3.006795,0.1353243,-0.006278101,8.250113e-07,0.9907815,15.55442,359.2601,359.899,0.4029737,-0.08474111,-0.9112796,0,0,0,0.7129916,-1.173404,-1.27677,-0.5796001,-0.4008002,1.915,0.9999212,-0.001697524,0.01244068,-0.001700794,0.9633747,0.2681535,-0.01244023,-0.2681535,0.9632958,static,-20.01836,-27.04951,-16.83914,-11.82109,-1.1882203847570774,8.49514626303861
314,05/17/2023 13:16:15.567013,587,True,True,True,True,Eyes,1.327697,-0.2789865,-2.999498,-0.3088319,-0.4325742,0.8470551,0.0,0.0,0.0,0.0,0.0,0.0,0.0,-1.278788,1.073239,2.839015,1.315707,-0.2747542,-3.006755,0.1353566,-0.006269867,-5.489824e-05,0.9907771,15.55812,359.2602,359.8926,0.4030014,-0.0847415,-0.9112673,0,0,0,0.7129686,-1.173454,-1.27677,-0.5796,-0.4008002,1.915,0.9999214,-0.001806119,0.01240922,-0.001588551,0.9633572,0.268217,-0.01243894,-0.2682157,0.9632786,static,-20.03159,-27.0525,-16.83913,-11.8211,-1.1892204090606748,8.494923556127336
315,05/17/2023 13:16:15.586746,588,True,True,True,True,Eyes,1.327901,-0.2789955,-2.999498,-0.3090226,-0.4325845,0.8469803,0.0,0.0,0.0,0.0,0.0,0.0,0.0,-1.279041,1.07267,2.839084,1.315705,-0.2747552,-3.006725,0.1353224,-0.006259294,-0.0001965232,0.9907819,15.55406,359.2592,359.8761,0.4030316,-0.0847419,-0.9112539,0,0,0,0.7128188,-1.173171,-1.276644,-0.5796002,-0.4008003,1.915,0.9999216,-0.002083468,0.01235,-0.001304622,0.9633756,0.2681524,-0.01245638,-0.2681475,0.9632973,static,-20.04461,-27.0551,-16.83914,-11.8211,-1.1902204633178217,8.49472174166542
316,05/17/2023 13:16:15.606119,589,True,True,True,True,Eyes,1.3281,-0.2790053,-2.999496,-0.3091539,-0.4326093,0.8469197,0.0,0.0,0.0,0.0,0.0,0.0,0.0,-1.278976,1.07223,2.839259,1.315711,-0.2747597,-3.006702,0.1352929,-0.006296498,-0.0003063505,0.9907857,15.55056,359.253,359.8626,0.403064,-0.08474232,-0.9112396,0,0,0,0.7125444,-1.172938,-1.276596,-0.5796,-0.4008002,1.915,0.9999205,-0.002310798,0.01239407,-0.001096687,0.9633915,0.2680964,-0.01255985,-0.2680886,0.9633123,static,-20.05376,-27.05809,-16.83913,-11.82109,-1.1908692796949372,8.49452099072506
317,05/17/2023 13:16:15.616389,590,True,True,True,True,Eyes,1.328292,-0.2790154,-2.999492,-0.3092781,-0.4326352,0.8468612,0.0,0.0,0.0,0.0,0.0,0.0,0.0,-1.279131,1.072062,2.839193,1.315716,-0.2747818,-3.006642,0.1352787,-0.006278961,-0.0003396853,0.9907878,15.5489,359.2545,359.8589,0.4030982,-0.08474278,-0.9112244,0,0,0,0.7125704,-1.172874,-1.276484,-0.5796001,-0.4008004,1.915,0.9999209,-0.002371931,0.01235033,-0.001025708,0.9633992,0.2680692,-0.01253414,-0.2680607,0.9633204,static,-20.06246,-27.06108,-16.83914,-11.8211,-1.1914793599036908,8.494322661399142
318,05/17/2023 13:16:15.636278,591,True,True,True,True,Eyes,1.328486,-0.2790247,-2.99949,-0.3093849,-0.4326679,0.8468055,0.0,0.0,0.0,0.0,0.0,0.0,0.0,-1.279572,1.072152,2.838906,1.315722,-0.2747973,-3.006587,0.1353355,-0.006224692,-0.0004237854,0.9907803,15.55542,359.2596,359.8499,0.403134,-0.08474331,-0.9112085,0,0,0,0.7126648,-1.172998,-1.276455,-0.5796,-0.4008002,1.915,0.9999222,-0.0025246,0.0122199,-0.0008450876,0.9633682,0.2681808,-0.01244931,-0.2681703,0.963291,static,-20.07005,-27.06437,-16.83913,-11.8211,-1.1919799625647516,8.494115103571438
319,05/17/2023 13:16:15.656483,592,True,True,True,True,Eyes,1.328672,-0.2790344,-2.999487,-0.3094825,-0.432701,0.8467529,0.0,0.0,0.0,0.0,0.0,0.0,0.0,-1.279764,1.072393,2.838745,1.315688,-0.2747732,-3.006619,0.1354292,-0.006211379,-0.0005307761,0.9907675,15.56617,359.2594,359.8374,0.4031711,-0.08474388,-0.911192,0,0,0,0.7125405,-1.173179,-1.276624,-0.5796,-0.4008003,1.915,0.9999223,-0.002734156,0.0121643,-0.0006306532,0.9633173,0.2683643,-0.01245183,-0.2683511,0.9632407,static,-20.07702,-27.06758,-16.83913,-11.8211,-1.1924309096158208,8.493914936008268
320,05/17/2023 13:16:15.666598,593,True,True,True,True,Eyes,1.328864,-0.2790438,-2.999486,-0.3095368,-0.4327031,0.846732,0.0,0.0,0.0,0.0,0.0,0.0,0.0,-1.280312,1.072473,2.838432,1.315686,-0.2747921,-3.006584,0.1354653,-0.006127961,-0.0005718074,0.9907631,15.57032,359.2685,359.8339,0.4032092,-0.0847445,-0.9111751,0,0,0,0.7127914,-1.173289,-1.276549,-0.5796,-0.4008002,1.915,0.9999242,-0.002793303,0.01198779,-0.0005272003,0.9632977,0.268435,-0.01229763,-0.268421,0.9632232,static,-20.08071,-27.06827,-16.83913,-11.8211,-1.192716511031871,8.493860114589845
321,05/17/2023 13:16:15.686263,594,True,True,True,True,Eyes,1.329048,-0.2790517,-2.999485,-0.3095825,-0.4327019,0.8467158,0.0,0.0,0.0,0.0,0.0,0.0,0.0,-1.280741,1.073072,2.838045,1.315664,-0.2747795,-3.006627,0.1355535,-0.006040478,-0.0005223569,0.9907516,15.58058,359.2796,359.841,0.4032484,-0.08474514,-0.9111577,0,0,0,0.713156,-1.173657,-1.276655,-0.5796,-0.4008003,1.915,0.9999265,-0.002672667,0.01182761,-0.0006025639,0.96325,0.2686059,-0.01211084,-0.2685933,0.9631776,static,-20.0838,-27.06865,-16.83913,-11.8211,-1.1929648568335842,8.49382423053532
322,05/17/2023 13:16:15.706281,595,True,True,True,True,Eyes,1.329216,-0.2790588,-2.999488,-0.3096462,-0.4326999,0.8466935,0.0,0.0,0.0,0.0,0.0,0.0,0.0,-1.281111,1.072765,2.837993,1.315649,-0.2747477,-3.006635,0.1354933,-0.005966899,-0.0004868757,0.9907603,15.57365,359.2889,359.8464,0.4032884,-0.08474576,-0.91114,0,0,0,0.713457,-1.173469,-1.276471,-0.5796001,-0.4008003,1.915,0.9999284,-0.002581704,0.01169159,-0.0006521956,0.9632826,0.2684886,-0.01195547,-0.268477,0.9632118,static,-20.08809,-27.06915,-16.83913,-11.8211,-1.1933109277513032,8.493775808115332
323,05/17/2023 13:16:15.716535,596,True,True,True,True,Eyes,1.329377,-0.2790646,-2.999493,-0.3097071,-0.4326946,0.8466741,0.0,0.0,0.0,0.0,0.0,0.0,0.0,-1.281134,1.072612,2.838075,1.315581,-0.2747404,-3.006699,0.135434,-0.005934617,-0.0004141702,0.9907686,15.56685,359.2939,359.8556,0.4033286,-0.08474635,-0.9111221,0,0,0,0.7136024,-1.173344,-1.2764,-0.5796,-0.4008002,1.915,0.9999292,-0.002428192,0.01164748,-0.0007868043,0.963315,0.2683724,-0.01187185,-0.2683626,0.9632448,static,-20.09214,-27.0694,-16.83913,-11.8211,-1.193647946322895,8.493741345404212
324,05/17/2023 13:16:15.736232,597,True,True,True,True,Eyes,1.329504,-0.2790662,-2.999494,-0.3096719,-0.432722,0.8466728,0.0,0.0,0.0,0.0,0.0,0.0,0.0,-1.28081,1.072382,2.838353,1.315542,-0.274732,-3.006758,0.1353476,-0.00596069,-0.0003181944,0.9907803,15.55693,359.2924,359.8665,0.4033688,-0.08474688,-0.9111042,0,0,0,0.7135938,-1.173142,-1.276348,-0.5796002,-0.4008003,1.915,0.9999288,-0.002244052,0.01172533,-0.0009830091,0.9633618,0.2682033,-0.0118976,-0.2681957,0.963291,static,-20.09007,-27.07091,-16.83914,-11.8211,-1.1933996540086873,8.493675969016381
325,05/17/2023 13:16:15.756278,598,True,True,True,True,Eyes,1.329626,-0.2790699,-2.999497,-0.3096454,-0.4327523,0.8466671,0.0,0.0,0.0,0.0,0.0,0.0,0.0,-1.280525,1.071715,2.838662,1.315542,-0.2746583,-3.006698,0.1352129,-0.005992641,-0.000248878,0.9907985,15.54139,359.2898,359.8743,0.4034082,-0.08474728,-0.9110867,0,0,0,0.7135655,-1.172673,-1.276092,-0.5796002,-0.4008003,1.915,0.9999281,-0.002113741,0.0118077,-0.001127389,0.9634348,0.2679405,-0.0119423,-0.2679345,0.9633632,static,-20.08862,-27.07269,-16.83914,-11.8211,-1.1931921960272858,8.493593574546331
326,05/17/2023 13:16:15.766437,599,True,True,True,True,Eyes,1.329717,-0.2790711,-2.999504,-0.3096713,-0.4327195,0.8466744,0.0,0.0,0.0,0.0,0.0,0.0,0.0,-1.279494,1.072277,2.838981,1.315527,-0.2747146,-3.006762,0.1352345,-0.006136163,-0.000125227,0.9907947,15.54395,359.2748,359.8865,0.4034468,-0.08474761,-0.9110696,0,0,0,0.7131866,-1.172926,-1.276385,-0.5796,-0.4008003,1.915,0.9999247,-0.00190779,0.01212548,-0.001411493,0.9634233,0.2679807,-0.01219322,-0.2679776,0.963348,static,-20.09,-27.07073,-16.83913,-11.8211,-1.1934019853819373,8.493685466802402
327,05/17/2023 13:16:15.786352,600,True,True,True,True,Eyes,1.329805,-0.2790726,-2.99951,-0.3096985,-0.4326889,0.8466802,0.0,0.0,0.0,0.0,0.0,0.0,0.0,-1.278731,1.072311,2.839401,1.315528,-0.2746807,-3.006849,0.135234,-0.00626499,-0.0001254003,0.9907939,15.5439,359.2596,359.8845,0.4034837,-0.08474784,-0.9110532,0,0,0,0.7127136,-1.17287,-1.276626,-0.5796,-0.4008002,1.915,0.9999215,-0.001942972,0.01238071,-0.001445988,0.9634234,0.2679797,-0.01244854,-0.2679765,0.963345,static,-20.0915,-27.06893,-16.83913,-11.82109,-1.193614675937539,8.493768605658676
328,05/17/2023 13:16:15.796335,601,True,True,True,True,Eyes,1.329838,-0.2790725,-2.999515,-0.3097472,-0.4326826,0.8466655,0.0,0.0,0.0,0.0,0.0,0.0,0.0,-1.278335,1.072464,2.839528,1.315529,-0.2746909,-3.006854,0.1352292,-0.006318594,-6.64699e-05,0.9907942,15.54337,359.2543,359.8905,0.4035191,-0.08474799,-0.9110376,0,0,0,0.7125955,-1.172924,-1.276695,-0.5796001,-0.4008002,1.915,0.9999202,-0.001840632,0.01250288,-0.0015772,0.9634262,0.2679693,-0.01253883,-0.2679676,0.9633463,static,-20.09473,-27.06899,-16.83913,-11.82109,-1.193889929879524,8.493748183484888
329,05/17/2023 13:16:15.816566,602,True,True,True,True,Eyes,1.32987,-0.2790716,-2.999522,-0.3097973,-0.4326737,0.8466517,0.0,0.0,0.0,0.0,0.0,0.0,0.0,-1.277628,1.072913,2.839696,1.315495,-0.2746934,-3.006886,0.135281,-0.006423067,-2.56342e-05,0.9907865,15.54939,359.2426,359.8936,0.4035517,-0.08474807,-0.9110231,0,0,0,0.7122323,-1.173139,-1.276952,-0.5796001,-0.4008003,1.915,0.9999175,-0.001788634,0.01272084,-0.001687042,0.9633981,0.2680695,-0.01273471,-0.2680689,0.9633155,static,-20.09802,-27.0689,-16.83914,-11.8211,-1.1941773128101572,8.493735039337874
330,05/17/2023 13:16:15.836457,603,True,True,True,True,Eyes,1.329849,-0.2790676,-2.999529,-0.3098282,-0.4326686,0.8466431,0.0,0.0,0.0,0.0,0.0,0.0,0.0,-1.2774,1.072688,2.839924,1.315501,-0.2746737,-3.006924,0.135246,-0.006465083,-3.77871e-05,0.990791,15.54533,359.2375,359.8915,0.4035818,-0.08474805,-0.9110098,0,0,0,0.7120674,-1.172976,-1.276975,-0.5796,-0.4008003,1.915,0.9999164,-0.001823632,0.01280087,-0.001673875,0.9634171,0.2680016,-0.01282131,-0.2680006,0.9633334,static,-20.10005,-27.06886,-16.83913,-11.8211,-1.194353913080643,8.493726142075058
331,05/17/2023 13:16:15.856199,604,True,True,True,True,Eyes,1.329829,-0.2790651,-2.999535,-0.3098556,-0.432659,0.8466379,0.0,0.0,0.0,0.0,0.0,0.0,0.0,-1.277473,1.072415,2.840014,1.315474,-0.2746392,-3.006958,0.1352078,-0.00645034,-4.719609e-05,0.9907963,15.5409,359.2391,359.8907,0.4036083,-0.08474793,-0.9109981,0,0,0,0.7120817,-1.172799,-1.27692,-0.5796,-0.4008002,1.915,0.9999168,-0.001837796,0.01276918,-0.001650749,0.9634377,0.2679273,-0.01279471,-0.2679261,0.9633545,static,-20.1018,-27.06848,-16.83913,-11.82109,-1.1945221962897565,8.493735980320945
332,05/17/2023 13:16:15.867696,605,True,True,True,True,Eyes,1.329725,-0.2790594,-2.999539,-0.309864,-0.4326682,0.8466301,0.0,0.0,0.0,0.0,0.0,0.0,0.0,-1.277828,1.072003,2.840019,1.315483,-0.2746722,-3.006959,0.1351552,-0.006403174,-9.668024e-05,0.9908038,15.53478,359.2439,359.8857,0.4036315,-0.08474775,-0.9109878,0,0,0,0.7121991,-1.172597,-1.276762,-0.5796001,-0.4008002,1.915,0.999918,-0.001922426,0.01266244,-0.001539262,0.9634661,0.2678258,-0.01271471,-0.2678233,0.9633842,static,-20.10247,-27.06919,-16.83914,-11.8211,-1.1945469064204175,8.4936963971716
333,05/17/2023 13:16:15.886574,606,True,True,True,True,Eyes,1.329626,-0.2790537,-2.999543,-0.3098706,-0.4326787,0.8466223,0.0,0.0,0.0,0.0,0.0,0.0,0.0,-1.277858,1.071766,2.8401,1.315475,-0.2746607,-3.006968,0.1351221,-0.006400083,-0.0001117663,0.9908084,15.53094,359.244,359.884,0.4036497,-0.08474752,-0.9109797,0,0,0,0.7121817,-1.172452,-1.276706,-0.5796001,-0.4008003,1.915,0.9999181,-0.001951063,0.01265231,-0.001508107,0.963484,0.2677616,-0.01271272,-0.2677587,0.9634022,static,-20.10304,-27.06997,-16.83913,-11.8211,-1.194559758569438,8.493653805068067
334,05/17/2023 13:16:15.896140,607,True,True,True,True,Eyes,1.329516,-0.2790481,-2.999547,-0.309865,-0.4327205,0.846603,0.0,0.0,0.0,0.0,0.0,0.0,0.0,-1.278053,1.071868,2.839969,1.315489,-0.274653,-3.006959,0.1351527,-0.0063743,-0.0001325521,0.9908044,15.53446,359.2467,359.8819,0.4036636,-0.08474724,-0.9109736,0,0,0,0.7122634,-1.172531,-1.276718,-0.5796001,-0.4008001,1.915,0.9999187,-0.001985674,0.01259554,-0.001460341,0.9634675,0.2678214,-0.0126672,-0.267818,0.9633863,static,-20.10312,-27.07274,-16.83914,-11.82109,-1.1944380400635501,8.4935130111115
335,05/17/2023 13:16:15.916314,608,True,True,True,True,Eyes,1.329411,-0.2790429,-2.999551,-0.3098599,-0.4327625,0.8465834,0.0,0.0,0.0,0.0,0.0,0.0,0.0,-1.278126,1.071765,2.840015,1.315493,-0.2746641,-3.006993,0.1351629,-0.006379072,-0.000203868,0.9908029,15.53559,359.245,359.8734,0.4036733,-0.08474692,-0.9109694,0,0,0,0.712157,-1.172494,-1.276765,-0.5796001,-0.4008002,1.915,0.9999186,-0.002128414,0.01258569,-0.001320441,0.9634619,0.2678422,-0.01269592,-0.2678369,0.9633806,static,-20.10324,-27.07553,-16.83914,-11.8211,-1.1943188362171342,8.493370988445822
336,05/17/2023 13:16:15.936356,609,True,True,True,True,Eyes,1.329306,-0.279038,-2.999553,-0.3098128,-0.4328156,0.8465735,0.0,0.0,0.0,0.0,0.0,0.0,0.0,-1.278373,1.071859,2.839844,1.315494,-0.2746656,-3.006969,0.1352167,-0.006355357,-0.0002818815,0.9907958,15.54176,359.2465,359.8646,0.4036793,-0.08474658,-0.9109668,0,0,0,0.7121428,-1.172596,-1.276799,-0.5796001,-0.4008004,1.915,0.9999191,-0.002277275,0.01251749,-0.001160127,0.9634327,0.2679479,-0.01266995,-0.2679407,0.9633521,static,-20.10065,-27.07865,-16.83914,-11.8211,-1.1939510333911663,8.493226827281292
337,05/17/2023 13:16:15.946445,610,True,True,True,True,Eyes,1.329205,-0.2790327,-2.999557,-0.3097703,-0.4328682,0.8465622,0.0,0.0,0.0,0.0,0.0,0.0,0.0,-1.278666,1.071691,2.839756,1.315468,-0.2746714,-3.006963,0.1352223,-0.00631846,-0.0003561775,0.9907951,15.54236,359.2496,359.8564,0.403682,-0.08474622,-0.9109657,0,0,0,0.7121547,-1.17254,-1.276747,-0.5796,-0.4008003,1.915,0.99992,-0.002414592,0.01242427,-0.001002996,0.9634296,0.2679597,-0.01261692,-0.2679507,0.96335,static,-20.09836,-27.08178,-16.83913,-11.8211,-1.1936085903996927,8.49308054497989
338,05/17/2023 13:16:15.966500,611,True,True,True,True,Eyes,1.329079,-0.2790258,-2.999556,-0.3097136,-0.4329114,0.8465608,0.0,0.0,0.0,0.0,0.0,0.0,0.0,-1.278657,1.071797,2.839739,1.315468,-0.2746535,-3.006982,0.1352694,-0.006333902,-0.0004170993,0.9907886,15.54776,359.2468,359.8489,0.4036818,-0.08474583,-0.9109658,0,0,0,0.7120183,-1.172613,-1.276861,-0.5796,-0.4008003,1.915,0.9999194,-0.002540081,0.01243827,-0.0008870524,0.963404,0.2680521,-0.01266396,-0.2680415,0.9633241,static,-20.09501,-27.08414,-16.83913,-11.8211,-1.1932106515981242,8.492978984923829
339,05/17/2023 13:16:15.988154,612,True,True,True,True,Eyes,1.328958,-0.2790199,-2.999554,-0.3096556,-0.4329475,0.8465636,0.0,0.0,0.0,0.0,0.0,0.0,0.0,-1.278939,1.071703,2.839566,1.315503,-0.2746366,-3.006891,0.1352614,-0.006291857,-0.000414045,0.99079,15.54683,359.2518,359.85,0.4036784,-0.08474541,-0.9109674,0,0,0,0.7122121,-1.172579,-1.276706,-0.5796,-0.4008003,1.915,0.9999205,-0.002522553,0.01235581,-0.0008816271,0.9634084,0.2680364,-0.01257982,-0.268026,0.9633296,static,-20.09148,-27.086,-16.83913,-11.8211,-1.1928204322165434,8.492903729875879
340,05/17/2023 13:16:15.996349,613,True,True,True,True,Eyes,1.328801,-0.2790133,-2.999553,-0.3095888,-0.4329906,0.8465659,0.0,0.0,0.0,0.0,0.0,0.0,0.0,-1.27917,1.071242,2.83961,1.315489,-0.2746555,-3.006871,0.1351744,-0.006246882,-0.0003988419,0.9908021,15.53679,359.2574,359.8526,0.4036724,-0.08474497,-0.9109701,0,0,0,0.7123827,-1.172318,-1.276476,-0.5796,-0.4008003,1.915,0.9999217,-0.002479183,0.01227102,-0.00089849,0.9634555,0.2678671,-0.01248667,-0.2678571,0.9633778,static,-20.08745,-27.08825,-16.83913,-11.8211,-1.1923690658157746,8.492811403148018
341,05/17/2023 13:16:16.016035,614,True,True,True,True,Eyes,1.328648,-0.2790099,-2.99955,-0.3095164,-0.4330391,0.8465676,0.0,0.0,0.0,0.0,0.0,0.0,0.0,-1.279413,1.071091,2.83957,1.315454,-0.2746672,-3.006897,0.135181,-0.006217165,-0.0004752764,0.9908013,15.5375,359.2597,359.844,0.4036629,-0.08474456,-0.9109743,0,0,0,0.7123564,-1.172268,-1.276467,-0.5796,-0.4008004,1.915,0.9999223,-0.002622694,0.01219145,-0.0007390758,0.9634517,0.2678808,-0.01244845,-0.267869,0.9633749,static,-20.08309,-27.09081,-16.83913,-11.8211,-1.1918749002813942,8.492705143726097
342,05/17/2023 13:16:16.036381,615,True,True,True,True,Eyes,1.328465,-0.2790062,-2.999551,-0.3094195,-0.4331202,0.8465616,0.0,0.0,0.0,0.0,0.0,0.0,0.0,-1.279615,1.071774,2.839178,1.315412,-0.2747428,-3.006867,0.1352346,-0.006146115,-0.0003444518,0.9907947,15.54382,359.2701,359.8605,0.4036506,-0.08474425,-0.9109797,0,0,0,0.7127467,-1.172696,-1.27647,-0.5796,-0.4008003,1.915,0.9999242,-0.002344897,0.01208591,-0.0009797735,0.963423,0.2679837,-0.01227224,-0.2679752,0.9633476,static,-20.07743,-27.09532,-16.83913,-11.8211,-1.1911782961000403,8.492507068266118
343,05/17/2023 13:16:16.046511,616,True,True,True,True,Eyes,1.32829,-0.2789966,-2.99955,-0.3093325,-0.433188,0.8465587,0.0,0.0,0.0,0.0,0.0,0.0,0.0,-1.278566,1.072714,2.83937,1.315359,-0.2747636,-3.00696,0.1352708,-0.006256482,-9.172384e-05,0.990789,15.54818,359.2612,359.8885,0.4036348,-0.08474405,-0.9109867,0,0,0,0.7126207,-1.173123,-1.276798,-0.5796002,-0.4008003,1.915,0.9999217,-0.001874397,0.01237289,-0.001510882,0.9634036,0.2680509,-0.01242252,-0.2680486,0.9633253,static,-20.0723,-27.09903,-16.83914,-11.8211,-1.1905644567367106,8.492346678862202
344,05/17/2023 13:16:16.066602,617,True,True,True,True,Eyes,1.328132,-0.2789855,-2.999545,-0.3092543,-0.433238,0.8465616,0.0,0.0,0.0,0.0,0.0,0.0,0.0,-1.277654,1.071885,2.840075,1.31539,-0.2746177,-3.006942,0.1350842,-0.006385366,3.967587e-05,0.9908136,15.52668,359.2482,359.9021,0.4036162,-0.08474375,-0.910995,0,0,0,0.7123491,-1.172457,-1.276616,-0.5796,-0.4008004,1.915,0.9999185,-0.001646502,0.01266414,-0.001803747,0.9635045,0.2676861,-0.0126427,-0.2676871,0.9634229,static,-20.06757,-27.10164,-16.83913,-11.8211,-1.1900361200751663,8.492239876909252
345,05/17/2023 13:16:16.085991,618,True,True,True,True,Eyes,1.327982,-0.2789793,-2.999542,-0.3091947,-0.4332775,0.8465632,0.0,0.0,0.0,0.0,0.0,0.0,0.0,-1.277736,1.070541,2.840458,1.315456,-0.2745692,-3.006835,0.1349248,-0.006415573,-0.0001035002,0.9908351,15.50813,359.2424,359.8849,0.4035955,-0.08474333,-0.9110042,0,0,0,0.7121153,-1.171678,-1.276234,-0.5796,-0.4008002,1.915,0.9999177,-0.001936343,0.01268562,-0.001526137,0.9635906,0.2673778,-0.01274148,-0.2673751,0.9635082,static,-20.06397,-27.10371,-16.83913,-11.82109,-1.1896301252347163,8.4921543572847
346,05/17/2023 13:16:16.096678,619,True,True,True,True,Eyes,1.32785,-0.2789727,-2.999537,-0.3091487,-0.4332842,0.8465766,0.0,0.0,0.0,0.0,0.0,0.0,0.0,-1.277501,1.069848,2.840888,1.315493,-0.2746738,-3.006869,0.1349087,-0.006528332,-0.0003957263,0.9908365,15.50603,359.2244,359.8486,0.4035731,-0.08474293,-0.9110142,0,0,0,0.7113554,-1.171365,-1.27633,-0.5796,-0.4008003,1.915,0.9999145,-0.002545658,0.01283025,-0.000977258,0.963599,0.2673501,-0.01304379,-0.2673398,0.963514,static,-20.06093,-27.10371,-16.83913,-11.8211,-1.1893684408973375,8.492170716635579
347,05/17/2023 13:16:16.116431,620,True,True,True,True,Eyes,1.327722,-0.2789695,-2.999535,-0.309094,-0.4333105,0.8465831,0.0,0.0,0.0,0.0,0.0,0.0,0.0,-1.279034,1.070076,2.840072,1.315526,-0.2746372,-3.00682,0.1351817,-0.006385285,-0.0008757519,0.9908,15.53725,359.2334,359.7941,0.4035496,-0.08474251,-0.9110246,0,0,0,0.7112865,-1.171743,-1.276532,-0.5796001,-0.4008003,1.915,0.999917,-0.003461737,0.01241631,9.042124e-06,0.9634503,0.2678873,-0.01288985,-0.2678649,0.9633703,static,-20.05753,-27.10494,-16.83914,-11.8211,-1.1890186614624325,8.492126685826666
348,05/17/2023 13:16:16.136224,621,True,True,True,True,Eyes,1.327626,-0.2789652,-2.999532,-0.309029,-0.4333443,0.8465895,0.0,0.0,0.0,0.0,0.0,0.0,0.0,-1.279629,1.071782,2.839229,1.315507,-0.2747129,-3.006886,0.1354394,-0.006265487,-0.0008035784,0.9907656,15.56713,359.2486,359.8044,0.4035253,-0.08474218,-0.9110354,0,0,0,0.711803,-1.172825,-1.276933,-0.5796,-0.4008001,1.915,0.9999202,-0.003289503,0.01219758,-0.0001048719,0.9633111,0.2683874,-0.01263293,-0.2683673,0.9632338,static,-20.0535,-27.10657,-16.83913,-11.82109,-1.1885960802819553,8.492065776188099
349,05/17/2023 13:16:16.146361,622,True,True,True,True,Eyes,1.327533,-0.2789573,-2.999532,-0.3089563,-0.4333788,0.8465984,0.0,0.0,0.0,0.0,0.0,0.0,0.0,-1.28047,1.072999,2.83835,1.315492,-0.2746617,-3.006859,0.1355925,-0.006079804,-0.0006231279,0.990746,15.58501,359.2733,359.8285,0.403501,-0.08474186,-0.9110462,0,0,0,0.7127077,-1.173552,-1.276989,-0.5796,-0.4008003,1.915,0.9999253,-0.002883474,0.0118781,-0.0004140291,0.9632286,0.268683,-0.01221607,-0.2686679,0.9631554,static,-20.04897,-27.10818,-16.83913,-11.8211,-1.1881313874699024,8.492008570686735
350,05/17/2023 13:16:16.166789,623,True,True,True,True,Eyes,1.327462,-0.2789491,-2.999534,-0.3088987,-0.433384,0.8466167,0.0,0.0,0.0,0.0,0.0,0.0,0.0,-1.281187,1.073034,2.838058,1.315486,-0.2745695,-3.006913,0.1356034,-0.005949075,-0.0005864144,0.9907452,15.58632,359.2893,359.8349,0.4034767,-0.08474144,-0.911057,0,0,0,0.7132298,-1.173562,-1.276912,-0.5796001,-0.4008002,1.915,0.9999285,-0.002775404,0.011629,-0.0004514548,0.9632227,0.2687038,-0.01194707,-0.2686898,0.9631527,static,-20.04513,-27.10795,-16.83914,-11.8211,-1.1878115172213863,8.492040889856625
351,05/17/2023 13:16:16.186246,624,True,True,True,True,Eyes,1.327392,-0.2789442,-2.999537,-0.3088463,-0.4333843,0.8466357,0.0,0.0,0.0,0.0,0.0,0.0,0.0,-1.281361,1.072114,2.838334,1.31545,-0.2745394,-3.006937,0.1354546,-0.005916531,-0.0006005124,0.9907658,15.5691,359.293,359.8339,0.4034531,-0.08474087,-0.9110675,0,0,0,0.7132943,-1.173,-1.276626,-0.5796001,-0.4008003,1.915,0.9999292,-0.002792777,0.01156111,-0.0004129081,0.9633034,0.2684146,-0.01188648,-0.2684004,0.9632341,static,-20.04159,-27.10745,-16.83913,-11.8211,-1.1875300065842707,8.49208527625255
352,05/17/2023 13:16:16.206208,625,True,True,True,True,Eyes,1.327357,-0.2789399,-2.999541,-0.3087996,-0.4333872,0.8466513,0.0,0.0,0.0,0.0,0.0,0.0,0.0,-1.280897,1.071873,2.838592,1.315465,-0.2746384,-3.006882,0.1353605,-0.005980121,-0.0005253274,0.9907783,15.55827,359.2867,359.8418,0.40343,-0.08474028,-0.9110778,0,0,0,0.7131738,-1.172847,-1.276487,-0.5796,-0.4008003,1.915,0.9999279,-0.00265991,0.01170773,-0.0005779787,0.9633545,0.2682308,-0.01199216,-0.2682182,0.9632835,static,-20.03846,-27.10718,-16.83913,-11.8211,-1.1872731105123786,8.492115801561976
353,05/17/2023 13:16:16.216350,626,True,True,True,True,Eyes,1.327325,-0.278936,-2.999541,-0.3087617,-0.4333872,0.846665,0.0,0.0,0.0,0.0,0.0,0.0,0.0,-1.279636,1.071461,2.839361,1.315485,-0.2746291,-3.006917,0.1352247,-0.006169788,-0.0004098788,0.9907957,15.54261,359.2663,359.8525,0.4034083,-0.08473965,-0.9110875,0,0,0,0.712647,-1.172467,-1.276519,-0.5796,-0.4008005,1.915,0.9999235,-0.002480828,0.01211515,-0.000856403,0.9634283,0.2679651,-0.01233685,-0.2679551,0.9633524,static,-20.0359,-27.1068,-16.83913,-11.8211,-1.1870703873089585,8.492148833492825
354,05/17/2023 13:16:16.236549,627,True,True,True,True,Eyes,1.327284,-0.2789304,-2.999542,-0.3087167,-0.433364,0.8466933,0.0,0.0,0.0,0.0,0.0,0.0,0.0,-1.278637,1.071391,2.83982,1.31549,-0.2746105,-3.006899,0.1351546,-0.006312529,-0.0002919708,0.9908044,15.53458,359.2514,359.8641,0.4033879,-0.08473899,-0.9110966,0,0,0,0.7122829,-1.172319,-1.276563,-0.5796,-0.4008003,1.915,0.9999202,-0.002284906,0.01243004,-0.001127763,0.9634663,0.2678272,-0.01258788,-0.2678199,0.9633868,static,-20.03259,-27.10478,-16.83913,-11.8211,-1.1868792453753834,8.4922690047162
355,05/17/2023 13:16:16.246231,628,True,True,True,True,Eyes,1.327247,-0.2789246,-2.999543,-0.3086754,-0.4333381,0.8467216,0.0,0.0,0.0,0.0,0.0,0.0,0.0,-1.277694,1.071068,2.840448,1.315533,-0.2745765,-3.006961,0.1350806,-0.006473453,-0.0002688793,0.9908135,15.52602,359.2328,359.8643,0.4033686,-0.08473827,-0.9111052,0,0,0,0.7117642,-1.172027,-1.276687,-0.5796001,-0.4008002,1.915,0.9999161,-0.002281694,0.01275533,-0.001216057,0.9635063,0.2676829,-0.01290061,-0.2676759,0.9634227,static,-20.02951,-27.10261,-16.83914,-11.8211,-1.1867148660940599,8.492395539134227
356,05/17/2023 13:16:16.266824,629,True,True,True,True,Eyes,1.327204,-0.2789206,-2.999547,-0.3086041,-0.4333471,0.8467431,0.0,0.0,0.0,0.0,0.0,0.0,0.0,-1.277476,1.070792,2.84066,1.315565,-0.2745665,-3.006958,0.1350207,-0.006509964,-0.0002438939,0.9908215,15.5191,359.2289,359.8667,0.4033502,-0.08473748,-0.9111134,0,0,0,0.7116945,-1.171831,-1.276623,-0.5796,-0.4008005,1.915,0.9999151,-0.002241271,0.01283456,-0.00127465,0.9635386,0.2675661,-0.01296629,-0.2675597,0.963454,static,-20.02478,-27.1025,-16.83913,-11.8211,-1.1863128129796014,8.49242656699238
357,05/17/2023 13:16:16.286109,630,True,True,True,True,Eyes,1.327164,-0.2789164,-2.999551,-0.3085359,-0.4333504,0.8467663,0.0,0.0,0.0,0.0,0.0,0.0,0.0,-1.277663,1.071,2.840605,1.315602,-0.2746111,-3.007039,0.1350547,-0.006488417,-0.0002609102,0.9908169,15.52303,359.2312,359.8651,0.4033325,-0.08473669,-0.9111212,0,0,0,0.7117885,-1.171978,-1.276737,-0.5796001,-0.4008001,1.915,0.9999157,-0.002269611,0.01278719,-0.001235555,0.9635203,0.2676324,-0.01292814,-0.2676257,0.9634362,static,-20.0202,-27.10205,-16.83913,-11.82109,-1.1859394573646491,8.492474016372107
358,05/17/2023 13:16:16.305934,631,True,True,True,True,Eyes,1.327147,-0.2789114,-2.999555,-0.3084819,-0.4333538,0.8467842,0.0,0.0,0.0,0.0,0.0,0.0,0.0,-1.278518,1.070344,2.840456,1.315603,-0.2745964,-3.007029,0.1350634,-0.006402814,-0.0005169578,0.9908162,15.52384,359.2372,359.8362,0.4033156,-0.08473589,-0.9111288,0,0,0,0.711769,-1.171707,-1.276602,-0.5796,-0.4008001,1.915,0.9999175,-0.002753992,0.01254838,-0.0007051512,0.9635152,0.2676526,-0.01282767,-0.2676394,0.9634337,static,-20.01658,-27.10174,-16.83913,-11.82109,-1.1856422390204167,8.492509205459577
359,05/17/2023 13:16:16.316498,632,True,True,True,True,Eyes,1.327132,-0.2789098,-2.999558,-0.3084258,-0.4333578,0.8468025,0.0,0.0,0.0,0.0,0.0,0.0,0.0,-1.279221,1.070109,2.840217,1.315604,-0.2745533,-3.007022,0.1350137,-0.006271718,-0.0004634057,0.9908239,15.51816,359.2535,359.8447,0.4032998,-0.08473501,-0.9111359,0,0,0,0.7123203,-1.171574,-1.276356,-0.5796,-0.4008002,1.915,0.9999209,-0.002611843,0.0123032,-0.0007752295,0.9635421,0.2675555,-0.01255347,-0.2675439,0.9634638,static,-20.01284,-27.10145,-16.83913,-11.82109,-1.185333762475794,8.492544026856404
360,05/17/2023 13:16:16.336339,633,True,True,True,True,Eyes,1.327132,-0.2789053,-2.999563,-0.3083397,-0.4333524,0.8468367,0.0,0.0,0.0,0.0,0.0,0.0,0.0,-1.279076,1.070338,2.840214,1.315619,-0.2746403,-3.007024,0.1349734,-0.006265135,-0.0003161413,0.9908294,15.51361,359.2567,359.8622,0.4032853,-0.08473419,-0.9111423,0,0,0,0.7125528,-1.171693,-1.276299,-0.5796001,-0.4008003,1.915,0.9999213,-0.002317737,0.01233002,-0.001064769,0.9635642,0.2674751,-0.0125007,-0.2674672,0.9634859,static,-20.00695,-27.10022,-16.83914,-11.8211,-1.184883855234959,8.492638050550074
361,05/17/2023 13:16:16.867154,665,True,True,True,True,Eyes,1.326372,-0.2783587,-2.999405,-0.2744579,-0.3889558,0.8794238,0.0,0.0,0.0,0.0,0.0,0.0,0.0,-1.281863,1.068065,2.839835,1.315637,-0.2742768,-3.007071,0.1349628,-0.00595341,-0.001002313,0.9908324,15.51193,359.2824,359.7863,0.4031053,-0.08467017,-0.911228,0,0,0,1.290313,-0.4526426,-0.8659247,2.607703e-07,0.4008,2.111,0.9999271,-0.003593226,0.01152711,0.000379272,0.9635681,0.2674629,-0.01206821,-0.267439,0.9634992,static,-17.33253,-23.85908,7.077706e-06,10.75037,-1.1051476986076603,8.671267476692854
362,05/17/2023 13:16:16.886501,666,True,True,True,True,Eyes,1.326224,-0.2782483,-2.999364,-0.2661929,-0.3778133,0.8867911,0.0,0.0,0.0,0.0,0.0,0.0,0.0,-1.28177,1.068295,2.839794,1.31563,-0.2742532,-3.007079,0.1349673,-0.005947948,-0.000914472,0.9908319,15.51251,359.2844,359.7968,0.4030931,-0.08466036,-0.9112343,0,0,0,1.29031,-0.4526407,-0.8659341,2.514571e-07,0.4008,2.111,0.9999276,-0.003417732,0.01153999,0.000206619,0.9635659,0.2674706,-0.01203368,-0.2674489,0.9634969,static,-16.70846,-23.07621,6.824931e-06,10.75037,-1.0877744314706488,8.714295981372736
363,05/17/2023 13:16:16.906497,667,True,True,True,True,Eyes,1.326061,-0.2781429,-2.999324,-0.2581691,-0.3669965,0.893679,0.0,0.0,0.0,0.0,0.0,0.0,0.0,-1.281431,1.068784,2.839727,1.315581,-0.2742538,-3.007066,0.1350067,-0.005974391,-0.0008143808,0.9908264,15.51714,359.2829,359.8081,0.4030789,-0.08464845,-0.9112417,0,0,0,1.290125,-0.4528139,-0.8659371,1.545995e-07,0.4008,2.111,0.9999273,-0.003226986,0.01161928,6.537884e-07,0.963545,0.2675462,-0.01205906,-0.2675267,0.9634749,static,-16.11313,-22.3259,4.196068e-06,10.75037,-1.0713634259433,8.755519921695198
364,05/17/2023 13:16:16.916572,668,True,True,True,True,Eyes,1.325904,-0.2780385,-2.999284,-0.2504002,-0.3564959,0.9001169,0.0,0.0,0.0,0.0,0.0,0.0,0.0,-1.280252,1.069146,2.840099,1.315534,-0.2742885,-3.007062,0.1349759,-0.006125299,-0.0006382556,0.9908299,15.51367,359.268,359.8265,0.4030626,-0.08463481,-0.9112502,0,0,0,1.289391,-0.4527187,-0.8659307,8.195639e-08,0.4007999,2.111001,0.9999241,-0.00291834,0.01196596,-0.00038873,0.9635622,0.267484,-0.01231056,-0.2674684,0.963488,static,-15.54584,-21.6063,2.224421e-06,10.75037,-1.0559403171468444,8.795036809156674
365,05/17/2023 13:16:16.936168,669,True,True,True,True,Eyes,1.325743,-0.2779364,-2.999245,-0.2428796,-0.3463198,0.9061303,0.0,0.0,0.0,0.0,0.0,0.0,0.0,-1.279202,1.069099,2.840563,1.315517,-0.2742133,-3.007051,0.1348401,-0.006231307,-0.000339782,0.9908478,15.49818,359.2603,359.86,0.4030445,-0.08461964,-0.9112597,0,0,0,1.288852,-0.4520637,-0.8658774,2.440065e-07,0.4008,2.111001,0.9999222,-0.002353805,0.01225692,-0.001007116,0.9636361,0.2672163,-0.01244019,-0.2672078,0.9635586,static,-15.00488,-20.91668,6.622709e-06,10.75037,-1.0413917999170121,8.832892836981038
366,05/17/2023 13:16:16.956273,670,True,True,True,True,Eyes,1.321963,-0.275522,-2.998297,-0.0478109,-0.08113555,0.9955557,0.0,0.0,0.0,0.0,0.0,0.0,0.0,-1.277846,1.068565,2.84139,1.315584,-0.2741835,-3.007039,0.1346843,-0.006443718,-0.0002175609,0.9908676,15.48023,359.2373,359.8712,0.4030246,-0.08460317,-0.91127,0,0,0,1.287981,-0.4513628,-0.8658218,2.477318e-07,0.4007999,2.111,0.9999169,-0.002166884,0.01271114,-0.001304587,0.9637201,0.2669114,-0.01282835,-0.2669058,0.9636372,static,-2.74948,-4.65918,6.723821e-06,10.75037,-0.7412419293077267,9.722655444067753
367,05/17/2023 13:16:16.966643,671,True,True,True,True,Eyes,1.321926,-0.2755207,-2.998296,-0.04776186,-0.08115007,0.9955568,0.0,0.0,0.0,0.0,0.0,0.0,0.0,-1.278049,1.067492,2.84173,1.31567,-0.2742119,-3.007025,0.1347158,-0.006540567,-0.0007280165,0.9908625,15.48346,359.2177,359.8094,0.4029235,-0.08452156,-0.9113221,0,0,0,1.287766,-0.4515131,-0.865822,8.568168e-08,0.4008,2.111,0.9999134,-0.003204964,0.01276545,-0.0003195072,0.9637023,0.2669792,-0.01315775,-0.2669601,0.9636177,static,-2.74666,-4.660005,2.325532e-06,10.75037,-0.7409608797385605,9.722628814520386
368,05/17/2023 13:16:16.986407,672,True,True,True,True,Eyes,1.321885,-0.2755219,-2.998294,-0.04769938,-0.08118186,0.9955573,0.0,0.0,0.0,0.0,0.0,0.0,0.0,-1.280073,1.06701,2.840991,1.315658,-0.2741972,-3.007022,0.1349294,-0.006340637,-0.001357358,0.9908341,15.50771,359.2311,359.7383,0.4028315,-0.08444813,-0.9113695,0,0,0,1.288753,-0.4524067,-0.8658823,2.253801e-07,0.4008,2.111,0.999916,-0.00440091,0.01219874,0.0009787565,0.9635844,0.2674026,-0.01293133,-0.2673681,0.9635077,static,-2.743072,-4.66182,6.11716e-06,10.75037,-0.7405677569451394,9.72255615186424
369,05/17/2023 13:16:17.005958,673,True,True,True,True,Eyes,1.321839,-0.2755203,-2.998295,-0.0474744,-0.08116336,0.9955695,0.0,0.0,0.0,0.0,0.0,0.0,0.0,-1.281118,1.068257,2.840001,1.315554,-0.2742543,-3.007016,0.1351497,-0.006146732,-0.001355907,0.9908053,15.53325,359.2538,359.7414,0.4027477,-0.08438211,-0.9114126,0,0,0,1.289479,-0.453418,-0.8659449,1.639128e-07,0.4007999,2.111,0.9999208,-0.004348338,0.01181393,0.001025421,0.9634655,0.2678308,-0.01254693,-0.2677975,0.9633935,static,-2.73012,-4.660706,4.448843e-06,10.75037,-0.7395045644802829,9.722682300724447
370,05/17/2023 13:16:17.016193,674,True,True,True,True,Eyes,1.321796,-0.2755189,-2.998293,-0.0472384,-0.08115046,0.9955818,0.0,0.0,0.0,0.0,0.0,0.0,0.0,-1.281741,1.069342,2.839363,1.31557,-0.2742026,-3.007062,0.135245,-0.005988011,-0.001109116,0.9907936,15.54447,359.2765,359.773,0.4026711,-0.08432269,-0.9114519,0,0,0,1.29012,-0.4537853,-0.8660191,7.078052e-08,0.4007999,2.111,0.9999259,-0.003817506,0.01156576,0.0005781127,0.9634151,0.2680129,-0.01216577,-0.2679864,0.9633459,static,-2.716535,-4.659911,1.921092e-06,10.75037,-0.7383720726784795,9.722795691389797
371,05/17/2023 13:16:17.036510,675,True,True,True,True,Eyes,1.321736,-0.2755149,-2.998292,-0.0469102,-0.08110259,0.9956013,0.0,0.0,0.0,0.0,0.0,0.0,0.0,-1.2831,1.069984,2.838477,1.315621,-0.2742066,-3.007011,0.1352975,-0.005727606,-0.0009363603,0.9907882,15.55073,359.3099,359.7975,0.4026012,-0.08426923,-0.9114877,0,0,0,1.29125,-0.4540223,-0.8659752,2.384186e-07,0.4008,2.111,0.9999326,-0.003405331,0.01109631,0.0003056077,0.9633874,0.268113,-0.01160306,-0.2680916,0.9633235,static,-2.697637,-4.657083,6.471045e-06,10.75037,-0.7368766235147739,9.723040690898879
372,05/17/2023 13:16:17.051169,676,True,True,True,True,Eyes,1.321676,-0.2755121,-2.998293,-0.04660425,-0.08105348,0.9956196,0.0,0.0,0.0,0.0,0.0,0.0,0.0,-1.283924,1.069522,2.838279,1.315555,-0.2741571,-3.007045,0.1352491,-0.005585182,-0.0009733737,0.9907954,15.54514,359.3261,359.7954,0.4025366,-0.08422104,-0.9115207,0,0,0,1.291803,-0.4537637,-0.8659847,4.284084e-08,0.4007999,2.111,0.9999357,-0.00343961,0.01080425,0.0004180471,0.9634135,0.2680192,-0.01133084,-0.2679974,0.963353,static,-2.680019,-4.654191,1.162766e-06,10.75037,-0.7354943286075432,9.723282045314601
373,05/17/2023 13:16:17.066603,677,True,True,True,True,Eyes,1.321583,-0.2755079,-2.998293,-0.04626462,-0.08096753,0.9956425,0.0,0.0,0.0,0.0,0.0,0.0,0.0,-1.283053,1.069678,2.838632,1.315488,-0.2741861,-3.007089,0.1352066,-0.005692691,-0.0008491193,0.9908008,15.54029,359.3155,359.8084,0.402477,-0.08417766,-0.911551,0,0,0,1.291248,-0.4536113,-0.8660181,4.470348e-08,0.4007999,2.111,0.9999338,-0.003221995,0.01105103,0.0001432373,0.9634369,0.2679353,-0.01151026,-0.267916,0.9633735,static,-2.660455,-4.649171,1.213321e-06,10.75037,-0.7340433195967251,9.723641703425526
374,05/17/2023 13:16:17.086224,678,True,True,True,True,Eyes,1.321494,-0.275503,-2.998294,-0.04595844,-0.08087673,0.995664,0.0,0.0,0.0,0.0,0.0,0.0,0.0,-1.28176,1.069665,2.839208,1.315467,-0.2741789,-3.007086,0.1351276,-0.00587361,-0.0007006165,0.9908106,15.53123,359.2966,359.823,0.402421,-0.08413858,-0.9115794,0,0,0,1.290418,-0.453265,-0.8659967,1.583248e-07,0.4008,2.111,0.99993,-0.00297573,0.01144992,-0.0001990178,0.9634801,0.26778,-0.01182861,-0.2677636,0.963412,static,-2.642816,-4.64388,4.297178e-06,10.75037,-0.7327705972330562,9.724004734716404
375,05/17/2023 13:16:17.096733,679,True,True,True,True,Eyes,1.321386,-0.2754993,-2.998294,-0.04562308,-0.08075104,0.9956896,0.0,0.0,0.0,0.0,0.0,0.0,0.0,-1.280234,1.069299,2.840088,1.315473,-0.2741586,-3.007136,0.1350244,-0.006119417,-0.0006450534,0.9908233,15.51928,359.2685,359.8257,0.4023684,-0.08410335,-0.9116058,0,0,0,1.289356,-0.4527983,-0.8660222,2.235174e-07,0.4008,2.111,0.9999243,-0.002930808,0.01195232,-0.0003742732,0.963536,0.2675785,-0.01230072,-0.2675627,0.9634619,static,-2.623492,-4.636576,6.066605e-06,10.75037,-0.7314462885493636,9.724478837802776
376,05/17/2023 13:16:17.116722,680,True,True,True,True,Eyes,1.321286,-0.2754927,-2.998293,-0.04531439,-0.08062252,0.9957141,0.0,0.0,0.0,0.0,0.0,0.0,0.0,-1.278928,1.069325,2.840657,1.315476,-0.2742037,-3.007122,0.134967,-0.006319018,-0.0005501679,0.9908299,15.51268,359.2466,359.8337,0.4023182,-0.08407164,-0.9116309,0,0,0,1.288482,-0.4525967,-0.865998,1.192093e-07,0.4007999,2.111001,0.9999195,-0.002795963,0.01237364,-0.000615472,0.9635673,0.2674656,-0.01267065,-0.2674517,0.9634879,static,-2.605701,-4.629116,3.235522e-06,10.75037,-0.7302611838120716,9.724952596201005
377,05/17/2023 13:16:17.136047,681,True,True,True,True,Eyes,1.321174,-0.275484,-2.998291,-0.0449766,-0.08048454,0.9957406,0.0,0.0,0.0,0.0,0.0,0.0,0.0,-1.278015,1.068819,2.841282,1.315574,-0.2741324,-3.007108,0.1348697,-0.006483742,-0.0005251172,0.9908421,15.50142,359.2276,359.8341,0.4022705,-0.08404301,-0.9116547,0,0,0,1.287867,-0.4521044,-0.8659579,2.160668e-07,0.4008001,2.111,0.9999154,-0.002789537,0.01270708,-0.0007083043,0.9636198,0.2672759,-0.01299037,-0.2672623,0.9635363,static,-2.586235,-4.621104,5.864385e-06,10.75037,-0.7289575225797136,9.72546333973033
378,05/17/2023 13:16:17.155903,682,True,True,True,True,Eyes,1.321066,-0.2754797,-2.998289,-0.04464266,-0.08035777,0.9957659,0.0,0.0,0.0,0.0,0.0,0.0,0.0,-1.27806,1.068463,2.841398,1.315623,-0.2740862,-3.007093,0.1348521,-0.00650348,-0.0006082318,0.9908442,15.49932,359.2239,359.824,0.4022247,-0.08401711,-0.9116772,0,0,0,1.287851,-0.45198,-0.8659381,1.545995e-07,0.4008,2.111,0.9999147,-0.002959343,0.01272383,-0.000548691,0.9636291,0.2672429,-0.01305192,-0.267227,0.9635452,static,-2.566994,-4.61374,4.196068e-06,10.75037,-0.7276431442335543,9.725940036526852
379,05/17/2023 13:16:17.166460,683,True,True,True,True,Eyes,1.320931,-0.2754741,-2.998286,-0.04427271,-0.08024299,0.9957916,0.0,0.0,0.0,0.0,0.0,0.0,0.0,-1.27889,1.068651,2.840969,1.315622,-0.2741852,-3.007098,0.1349256,-0.006388921,-0.0007207289,0.9908349,15.50776,359.2356,359.8126,0.4021809,-0.08399377,-0.9116988,0,0,0,1.288366,-0.4523944,-0.8659626,5.215406e-08,0.4008001,2.111001,0.9999174,-0.003152305,0.01246624,-0.0002958119,0.9635891,0.2673873,-0.01285522,-0.2673688,0.9635085,static,-2.545683,-4.60706,1.415541e-06,10.75037,-0.7261188229150596,9.72639321260612
380,05/17/2023 13:16:17.186337,684,True,True,True,True,Eyes,1.320802,-0.2754675,-2.998286,-0.04391491,-0.08013065,0.9958165,0.0,0.0,0.0,0.0,0.0,0.0,0.0,-1.279654,1.068643,2.840612,1.315598,-0.2741737,-3.007095,0.1349478,-0.006262879,-0.0007511997,0.9908326,15.51032,359.2499,359.811,0.4021379,-0.08397274,-0.9117196,0,0,0,1.28889,-0.4524788,-0.8659601,2.62633e-07,0.4008,2.111,0.9999204,-0.00317895,0.01220819,-0.0002016973,0.963577,0.2674308,-0.01261368,-0.267412,0.9634997,static,-2.525074,-4.600523,7.128261e-06,10.75037,-0.7246482908474328,9.726835364767235
381,05/17/2023 13:16:17.196404,685,True,True,True,True,Eyes,1.320652,-0.2754624,-2.998282,-0.04355881,-0.08003515,0.9958399,0.0,0.0,0.0,0.0,0.0,0.0,0.0,-1.279716,1.068838,2.840577,1.315625,-0.2741451,-3.007148,0.1349165,-0.006220957,-0.0005947086,0.9908373,15.50683,359.2574,359.8301,0.4020961,-0.08395375,-0.9117398,0,0,0,1.289061,-0.4523193,-0.8660008,1.601875e-07,0.4008,2.111001,0.9999219,-0.002857138,0.01216744,-0.0005001008,0.9635943,0.267368,-0.01248838,-0.2673532,0.9635177,static,-2.504565,-4.594956,4.347733e-06,10.75037,-0.7231413318757958,9.727227826248878
382,05/17/2023 13:16:17.216201,686,True,True,True,True,Eyes,1.320505,-0.2754519,-2.99828,-0.04321146,-0.07994325,0.9958624,0.0,0.0,0.0,0.0,0.0,0.0,0.0,-1.279873,1.068878,2.840472,1.315664,-0.2741973,-3.007108,0.1349209,-0.006202833,-0.0006018444,0.9908367,15.50733,359.2594,359.8296,0.4020546,-0.08393667,-0.9117597,0,0,0,1.28918,-0.4523904,-0.8659617,5.960464e-08,0.4007999,2.111,0.9999223,-0.002866443,0.01212959,-0.0004811246,0.9635919,0.2673767,-0.01245439,-0.2673617,0.9635157,static,-2.484562,-4.5896,1.617761e-06,10.75037,-0.7216681333130184,9.727606872814713
383,05/17/2023 13:16:17.236543,687,True,True,True,True,Eyes,1.320339,-0.2754455,-2.998275,-0.04285526,-0.0798411,0.995886,0.0,0.0,0.0,0.0,0.0,0.0,0.0,-1.280689,1.067591,2.84057,1.315602,-0.2740571,-3.007131,0.1349314,-0.006161042,-0.001069787,0.9908354,15.5082,359.2568,359.7751,0.4020135,-0.08392113,-0.9117792,0,0,0,1.289402,-0.4522839,-0.8659834,1.99303e-07,0.4008,2.111,0.9999218,-0.003782602,0.01192046,0.0004573301,0.9635848,0.2674028,-0.01249785,-0.2673764,0.9635111,static,-2.464049,-4.583652,5.409389e-06,10.75037,-0.7201785190020317,9.728018662129916
384,05/17/2023 13:16:17.256319,688,True,True,True,True,Eyes,1.320179,-0.2754394,-2.998269,-0.0425212,-0.07974665,0.9959079,0.0,0.0,0.0,0.0,0.0,0.0,0.0,-1.280855,1.067418,2.840507,1.315536,-0.2741668,-3.0071,0.134925,-0.006142023,-0.00115786,0.9908362,15.5074,359.2577,359.765,0.4019724,-0.08390713,-0.9117987,0,0,0,1.289438,-0.4523638,-0.8659486,1.080334e-07,0.4008,2.111,0.9999219,-0.003951924,0.01185903,0.0006370747,0.9635878,0.2673913,-0.01248393,-0.2673629,0.963515,static,-2.444811,-4.578153,2.932192e-06,10.75037,-0.7187778110972465,9.728400838150833
385,05/17/2023 13:16:17.266631,689,True,True,True,True,Eyes,1.320001,-0.2754313,-2.998263,-0.0421716,-0.07964355,0.995931,0.0,0.0,0.0,0.0,0.0,0.0,0.0,-1.280088,1.068159,2.840534,1.315544,-0.2741685,-3.007059,0.1349654,-0.006229836,-0.0009680266,0.9908302,15.5122,359.2504,359.7859,0.4019314,-0.08389453,-0.9118179,0,0,0,1.289026,-0.4525443,-0.8659281,9.685755e-08,0.4007999,2.111,0.9999205,-0.003599924,0.01208412,0.0002366753,0.9635668,0.2674676,-0.01260672,-0.2674435,0.9634911,static,-2.424678,-4.572154,2.628862e-06,10.75037,-0.7173232751449401,9.728813166856135
386,05/17/2023 13:16:17.286410,690,True,True,True,True,Eyes,1.319831,-0.2754228,-2.998255,-0.04183484,-0.07954603,0.995953,0.0,0.0,0.0,0.0,0.0,0.0,0.0,-1.27958,1.068584,2.84061,1.315543,-0.2741309,-3.007068,0.1349704,-0.006279041,-0.0008078026,0.9908293,15.51289,359.2471,359.804,0.40189,-0.08388314,-0.9118372,0,0,0,1.288778,-0.4525323,-0.8659422,1.005828e-07,0.4007999,2.111,0.9999199,-0.003295759,0.01222486,-9.418064e-05,0.9635646,0.2674755,-0.01266097,-0.2674552,0.9634871,static,-2.405286,-4.566478,2.729972e-06,10.75037,-0.7159175285786532,9.729205140679593
387,05/17/2023 13:16:17.296878,691,True,True,True,True,Eyes,1.319651,-0.2754139,-2.998246,-0.04149707,-0.07945398,0.9959744,0.0,0.0,0.0,0.0,0.0,0.0,0.0,-1.279622,1.068772,2.8405,1.315546,-0.2741131,-3.007049,0.1349878,-0.006262239,-0.0007623063,0.9908271,15.51495,359.2498,359.8096,0.4018485,-0.08387282,-0.9118565,0,0,0,1.288843,-0.4525909,-0.8659286,1.192093e-07,0.4008,2.111,0.9999204,-0.00320128,0.01220379,-0.0001800245,0.9635554,0.2675088,-0.0126154,-0.2674897,0.9634781,static,-2.385837,-4.561119,3.235523e-06,10.75037,-0.7144921578264722,9.72958135798716
388,05/17/2023 13:16:17.316370,692,True,True,True,True,Eyes,1.319478,-0.2754052,-2.998237,-0.04117655,-0.07936177,0.995995,0.0,0.0,0.0,0.0,0.0,0.0,0.0,-1.279723,1.068837,2.840364,1.31553,-0.2741046,-3.006995,0.1350029,-0.006241743,-0.0007589136,0.9908253,15.5167,359.2523,359.8104,0.4018067,-0.08386347,-0.9118757,0,0,0,1.288914,-0.452648,-0.8658795,2.160668e-07,0.4007999,2.111,0.9999209,-0.003189209,0.01216404,-0.0001814055,0.9635472,0.2675381,-0.01257386,-0.2675192,0.9634705,static,-2.367381,-4.555753,5.864385e-06,10.75037,-0.7131525898802324,9.729952586307936
389,05/17/2023 13:16:17.346769,693,True,True,True,True,Eyes,1.319299,-0.275395,-2.998226,-0.04087881,-0.07923774,0.9960173,0.0,0.0,0.0,0.0,0.0,0.0,0.0,-1.279419,1.068631,2.840596,1.315524,-0.2741016,-3.007015,0.1349551,-0.006287556,-0.0007400439,0.9908316,15.51117,359.2472,359.8119,0.4017648,-0.083855,-0.911895,0,0,0,1.288707,-0.4524385,-0.8658842,1.974404e-07,0.4008,2.111,0.9999199,-0.003163594,0.01226007,-0.0002305583,0.9635732,0.2674449,-0.01265956,-0.2674263,0.9634951,static,-2.35023,-4.548563,5.358835e-06,10.75037,-0.7120100410832295,9.730409218996636
390,05/17/2023 13:16:17.361897,694,True,True,True,True,Eyes,1.319134,-0.2753864,-2.998214,-0.04067544,-0.07905148,0.9960403,0.0,0.0,0.0,0.0,0.0,0.0,0.0,-1.279649,1.068157,2.840617,1.315531,-0.2740631,-3.006964,0.1348981,-0.006257636,-0.000773732,0.9908394,15.50455,359.2502,359.8084,0.4017226,-0.08384726,-0.9119143,0,0,0,1.288851,-0.4521528,-0.8658116,2.421439e-07,0.4007999,2.111,0.9999205,-0.003221574,0.01219188,-0.0001549981,0.9636039,0.2673343,-0.01260938,-0.267315,0.9635267,static,-2.338496,-4.53781,6.572156e-06,10.75037,-0.7114992118340582,9.731017247746848
391,05/17/2023 13:16:17.366709,695,True,True,True,True,Eyes,1.318974,-0.2753791,-2.998203,-0.04047758,-0.07887847,0.9960621,0.0,0.0,0.0,0.0,0.0,0.0,0.0,-1.279699,1.06811,2.840596,1.315538,-0.2740844,-3.006944,0.1348946,-0.006254039,-0.0007899423,0.99084,15.50415,359.2504,359.8066,0.4016805,-0.08384024,-0.9119335,0,0,0,1.288876,-0.4521586,-0.8657897,2.253801e-07,0.4008,2.111,0.9999205,-0.003252685,0.01218039,-0.0001218597,0.9636056,0.2673279,-0.01260662,-0.2673081,0.9635286,static,-2.327083,-4.527822,6.11716e-06,10.75037,-0.7109804971373672,9.73158478444439
392,05/17/2023 13:16:17.386350,696,True,True,True,True,Eyes,1.318818,-0.2753736,-2.998194,-0.04028382,-0.07871562,0.9960829,0.0,0.0,0.0,0.0,0.0,0.0,0.0,-1.279882,1.068464,2.840351,1.315523,-0.2741137,-3.00692,0.1349428,-0.006214491,-0.0007622203,0.9908336,15.50974,359.2555,359.8105,0.4016387,-0.0838339,-0.9119524,0,0,0,1.289025,-0.4523971,-0.8657812,5.401671e-08,0.4008,2.111,0.9999216,-0.003187669,0.01210934,-0.0001667347,0.9635797,0.2674212,-0.01252077,-0.2674023,0.9635037,static,-2.315907,-4.518419,1.466096e-06,10.75037,-0.7104550232411685,9.732121402214396
393,05/17/2023 13:16:17.396201,697,True,True,True,True,Eyes,1.318673,-0.2753667,-2.998186,-0.04011667,-0.07853506,0.9961039,0.0,0.0,0.0,0.0,0.0,0.0,0.0,-1.280107,1.068671,2.840206,1.315441,-0.2741511,-3.006986,0.1349833,-0.006167836,-0.0007860271,0.9908283,15.51443,359.2606,359.8084,0.4015973,-0.0838282,-0.9119712,0,0,0,1.289148,-0.4526096,-0.8658586,2.328306e-07,0.4008,2.111001,0.9999227,-0.003222746,0.01201033,-0.0001074747,0.9635577,0.2675004,-0.01243474,-0.267481,0.9634829,static,-2.30626,-4.508002,6.319379e-06,10.75037,-0.7101082440005355,9.732701174019489
394,05/17/2023 13:16:17.416743,698,True,True,True,True,Eyes,1.318534,-0.2753603,-2.998178,-0.03995089,-0.07836367,0.996124,0.0,0.0,0.0,0.0,0.0,0.0,0.0,-1.280571,1.069105,2.839832,1.315416,-0.2741053,-3.006999,0.1350869,-0.006093672,-0.0008218188,0.9908148,15.52639,359.2687,359.8053,0.4015563,-0.08382303,-0.9119897,0,0,0,1.289449,-0.4530112,-0.8659049,2.384186e-07,0.4007999,2.111001,0.9999244,-0.003274892,0.01185337,-1.781044e-05,0.9635017,0.2677023,-0.01229743,-0.2676822,0.9634288,static,-2.296693,-4.498115,6.471044e-06,10.75037,-0.7097437444692617,9.733253658771273
395,05/17/2023 13:16:17.436092,699,True,True,True,True,Eyes,1.318414,-0.2753533,-2.998172,-0.03981435,-0.07815979,0.9961455,0.0,0.0,0.0,0.0,0.0,0.0,0.0,-1.28093,1.069344,2.839594,1.315431,-0.2741113,-3.007005,0.1351098,-0.00602435,-0.0007728446,0.990812,15.52909,359.2776,359.8121,0.401516,-0.08381834,-0.9120079,0,0,0,1.28975,-0.4531178,-0.8659164,1.043081e-07,0.4008,2.111,0.9999262,-0.003159385,0.01172916,-9.64104e-05,0.9634895,0.2677462,-0.01214683,-0.2677276,0.9634181,static,-2.288803,-4.486363,2.831082e-06,10.75037,-0.7096101895251652,9.733891623604755
396,05/17/2023 13:16:17.450694,700,True,True,True,True,Eyes,1.318295,-0.2753437,-2.998169,-0.03968278,-0.07795648,0.9961667,0.0,0.0,0.0,0.0,0.0,0.0,0.0,-1.281024,1.069045,2.839655,1.315404,-0.2740802,-3.00701,0.1350431,-0.005993092,-0.0007254003,0.9908214,15.52141,359.2821,359.8183,0.4014767,-0.08381405,-0.9120256,0,0,0,1.289848,-0.4527996,-0.8658963,1.881272e-07,0.4008,2.111,0.9999272,-0.003056135,0.01168025,-0.0001811671,0.9635257,0.2676159,-0.01207209,-0.2675985,0.9634548,static,-2.281199,-4.474646,5.106059e-06,10.75037,-0.7094996285959587,9.734526275822363
397,05/17/2023 13:16:17.466398,701,True,True,True,True,Eyes,1.318191,-0.2753362,-2.998163,-0.03957939,-0.07776035,0.9961861,0.0,0.0,0.0,0.0,0.0,0.0,0.0,-1.280897,1.068638,2.839911,1.315317,-0.274012,-3.007097,0.1349464,-0.005982379,-0.0006510469,0.9908347,15.51029,359.2846,359.8273,0.4014384,-0.08381002,-0.9120429,0,0,0,1.28979,-0.4523154,-0.8659484,1.601875e-07,0.4008,2.111001,0.9999276,-0.002904761,0.01167938,-0.0003244416,0.9635781,0.267427,-0.01203081,-0.2674114,0.9635074,static,-2.275217,-4.463346,4.347733e-06,10.75037,-0.7095093296515689,9.735131068939072
398,05/17/2023 13:16:17.486532,702,True,True,True,True,Eyes,1.318091,-0.2753322,-2.99816,-0.03949387,-0.07756167,0.996205,0.0,0.0,0.0,0.0,0.0,0.0,0.0,-1.280673,1.068632,2.83994,1.315294,-0.2740485,-3.007034,0.1348812,-0.00598533,-0.0005158988,0.9908437,15.50284,359.2865,359.8432,0.4014013,-0.0838063,-0.9120596,0,0,0,1.289724,-0.4520733,-0.8658626,5.401671e-08,0.4008001,2.111,0.9999279,-0.002636967,0.01172188,-0.000592267,0.9636136,0.2672985,-0.01200022,-0.2672862,0.9635425,static,-2.270263,-4.451905,1.466096e-06,10.75037,-0.7096140676480202,9.735737474866308
399,05/17/2023 13:16:17.496799,703,True,True,True,True,Eyes,1.318015,-0.2753278,-2.998157,-0.03945941,-0.07736181,0.9962219,0.0,0.0,0.0,0.0,0.0,0.0,0.0,-1.2795,1.068438,2.840603,1.315301,-0.27413,-3.007082,0.1347476,-0.006147102,-0.0003518026,0.9908609,15.48748,359.2701,359.86,0.4013655,-0.08380293,-0.9120758,0,0,0,1.289001,-0.4515807,-0.8658717,2.197921e-07,0.4007999,2.111,0.9999242,-0.002353789,0.01208703,-0.0009594395,0.9636859,0.2670366,-0.01227665,-0.2670279,0.9636106,static,-2.268246,-4.440404,5.965495e-06,10.75037,-0.709974409369794,9.736331116086784
400,05/17/2023 13:16:17.516540,704,True,True,True,True,Eyes,1.317944,-0.2753235,-2.998155,-0.03943545,-0.07717557,0.9962373,0.0,0.0,0.0,0.0,0.0,0.0,0.0,-1.278799,1.068027,2.841051,1.315325,-0.2741089,-3.007052,0.1346774,-0.00627164,-0.0003614989,0.9908696,15.47934,359.2553,359.857,0.4013313,-0.08379985,-0.9120911,0,0,0,1.288492,-0.4512553,-0.8658233,1.527369e-07,0.4007999,2.111,0.9999211,-0.002405693,0.01233138,-0.0009728994,0.9637237,0.2669,-0.01252613,-0.2668909,0.9636454,static,-2.266835,-4.429688,4.145513e-06,10.75037,-0.7103504699951839,9.736881718110949
401,05/17/2023 13:16:17.536551,705,True,True,True,True,Eyes,1.31789,-0.2753189,-2.998155,-0.03943049,-0.07699024,0.9962519,0.0,0.0,0.0,0.0,0.0,0.0,0.0,-1.278238,1.068262,2.841282,1.315349,-0.2741064,-3.007105,0.1347509,-0.006391842,-0.0004547364,0.9908587,15.48776,359.2396,359.844,0.4012987,-0.08379703,-0.9121057,0,0,0,1.288022,-0.4515674,-0.865908,4.656613e-08,0.4008,2.111,0.9999179,-0.002623772,0.01254427,-0.000821454,0.963684,0.2670441,-0.01278938,-0.2670324,0.9636027,static,-2.266517,-4.419029,1.263876e-06,10.75037,-0.7108179700863507,9.737423549957404
402,05/17/2023 13:16:17.556131,706,True,True,True,True,Eyes,1.31784,-0.2753139,-2.998154,-0.03942675,-0.07681601,0.9962654,0.0,0.0,0.0,0.0,0.0,0.0,0.0,-1.278154,1.0685,2.841253,1.315393,-0.2740852,-3.007109,0.1348209,-0.006427409,-0.0005153017,0.990849,15.4958,359.2344,359.8362,0.4012681,-0.08379441,-0.9121194,0,0,0,1.287926,-0.4518468,-0.865939,2.365559e-07,0.4007999,2.111,0.9999169,-0.00275427,0.01259824,-0.0007119258,0.9636462,0.2671809,-0.01287613,-0.2671677,0.963564,static,-2.266272,-4.409009,6.42049e-06,10.75037,-0.7112620866968192,9.73793260909312
403,05/17/2023 13:16:17.566800,707,True,True,True,True,Eyes,1.317803,-0.2753109,-2.998152,-0.03941911,-0.07663324,0.9962798,0.0,0.0,0.0,0.0,0.0,0.0,0.0,-1.278234,1.068551,2.841231,1.315466,-0.2740693,-3.007111,0.1348695,-0.006445799,-0.0006002666,0.9908422,15.50135,359.2309,359.8259,0.4012392,-0.08379194,-0.9121323,0,0,0,1.287939,-0.4520389,-0.8659583,1.452863e-07,0.4008,2.111,0.9999162,-0.002928223,0.01261162,-0.0005491453,0.9636197,0.2672767,-0.01293546,-0.2672612,0.9635373,static,-2.265801,-4.398496,3.943293e-06,10.75037,-0.711709638035642,9.738467866070682
404,05/17/2023 13:16:17.586159,708,True,True,True,True,Eyes,1.31777,-0.2753078,-2.99815,-0.03940164,-0.07645587,0.9962941,0.0,0.0,0.0,0.0,0.0,0.0,0.0,-1.278911,1.068134,2.841081,1.315523,-0.2741145,-3.007079,0.1348223,-0.00635421,-0.0006585625,0.9908493,15.49586,359.2407,359.8205,0.4012123,-0.08378968,-0.9121444,0,0,0,1.288403,-0.4518792,-0.8659049,1.769513e-07,0.4007999,2.111001,0.9999184,-0.003018451,0.01241455,-0.0004083068,0.963645,0.2671856,-0.01276971,-0.2671689,0.9635651,static,-2.264765,-4.388292,4.802728e-06,10.75036,-0.7120942077807058,9.738990505647784
405,05/17/2023 13:16:17.596392,709,True,True,True,True,Eyes,1.317755,-0.2753035,-2.998149,-0.03937044,-0.07626989,0.9963096,0.0,0.0,0.0,0.0,0.0,0.0,0.0,-1.279854,1.067636,2.840853,1.315589,-0.274106,-3.007061,0.1348021,-0.00623501,-0.0007857321,0.9908525,15.49346,359.2527,359.8075,0.4011873,-0.08378758,-0.9121556,0,0,0,1.289009,-0.4517809,-0.8658718,2.30968e-07,0.4007998,2.111,0.999921,-0.003238075,0.01214411,-0.0001238957,0.9636556,0.2671479,-0.01256779,-0.2671283,0.963579,static,-2.262938,-4.377591,6.268825e-06,10.75036,-0.7124337625538346,9.739542586229094
406,05/17/2023 13:16:17.616521,710,True,True,True,True,Eyes,1.317741,-0.2753021,-2.998146,-0.03933418,-0.07609054,0.9963247,0.0,0.0,0.0,0.0,0.0,0.0,0.0,-1.280469,1.066464,2.841023,1.315598,-0.2740723,-3.007066,0.1346611,-0.006159806,-0.0009056584,0.9908723,15.47707,359.2597,359.7947,0.4011644,-0.08378559,-0.9121659,0,0,0,1.289369,-0.4511353,-0.8658221,2.160668e-07,0.4007999,2.111001,0.9999225,-0.003453756,0.01196325,0.0001358106,0.9637311,0.2668751,-0.01245108,-0.2668528,0.9636569,static,-2.260822,-4.367271,5.864384e-06,10.75036,-0.7127307511166906,9.740076915716912
407,05/17/2023 13:16:17.636472,711,True,True,True,True,Eyes,1.317759,-0.2753017,-2.998146,-0.03931199,-0.07589952,0.9963402,0.0,0.0,0.0,0.0,0.0,0.0,0.0,-1.281021,1.066334,2.840801,1.315644,-0.2741387,-3.007019,0.134652,-0.00608331,-0.0009453184,0.9908739,15.476,359.2681,359.7912,0.4011435,-0.08378378,-0.9121752,0,0,0,1.289752,-0.4511617,-0.8657684,2.086163e-07,0.4007999,2.111,0.9999242,-0.003511642,0.01180101,0.0002351228,0.9637359,0.2668578,-0.01231016,-0.2668348,0.9636636,static,-2.259513,-4.356283,5.662165e-06,10.75037,-0.7131282202949513,9.740640751822914
408,05/17/2023 13:16:17.656223,712,True,True,True,True,Eyes,1.317779,-0.2753021,-2.998142,-0.039288,-0.07572193,0.9963547,0.0,0.0,0.0,0.0,0.0,0.0,0.0,-1.280845,1.066082,2.841019,1.315616,-0.2741442,-3.007072,0.1346247,-0.006119592,-0.0009954773,0.9908774,15.4728,359.2631,359.7848,0.4011251,-0.08378212,-0.9121835,0,0,0,1.289579,-0.4510478,-0.8658134,1.285225e-07,0.4008,2.111,0.9999231,-0.003620488,0.0118595,0.0003250952,0.9637504,0.2668053,-0.01239556,-0.2667809,0.9636775,static,-2.258103,-4.346066,3.488298e-06,10.75037,-0.7134811995411582,9.741166062776104
409,05/17/2023 13:16:17.666037,713,True,True,True,True,Eyes,1.317799,-0.2753016,-2.998138,-0.0392608,-0.07556932,0.9963673,0.0,0.0,0.0,0.0,0.0,0.0,0.0,-1.281168,1.066295,2.840723,1.315662,-0.2741626,-3.006983,0.134699,-0.006090541,-0.001071324,0.9908673,15.48134,359.2652,359.7762,0.4011091,-0.08378062,-0.9121907,0,0,0,1.289767,-0.4513854,-0.8657486,9.49949e-08,0.4008,2.111001,0.9999236,-0.00376386,0.01178122,0.0004823017,0.96371,0.2669506,-0.01235845,-0.2669245,0.9636382,static,-2.256512,-4.337286,2.578307e-06,10.75037,-0.7137518815274541,9.741619531051086
410,05/17/2023 13:16:17.686365,714,True,True,True,True,Eyes,1.317819,-0.2753032,-2.998135,-0.03923744,-0.07542483,0.9963792,0.0,0.0,0.0,0.0,0.0,0.0,0.0,-1.280854,1.066529,2.840753,1.315642,-0.2741422,-3.006972,0.1347437,-0.006141702,-0.001078024,0.990861,15.48649,359.2591,359.7746,0.4010953,-0.08377925,-0.9121969,0,0,0,1.289528,-0.4515577,-0.8657564,2.57045e-07,0.4008,2.111,0.9999222,-0.003791454,0.01188063,0.0004812319,0.9636859,0.2670377,-0.01246166,-0.2670113,0.9636129,static,-2.255144,-4.328972,6.976595e-06,10.75037,-0.7140201240941894,9.742048185791882
411,05/17/2023 13:16:17.706299,715,True,True,True,True,Eyes,1.317843,-0.2753025,-2.998131,-0.03922511,-0.07526244,0.996392,0.0,0.0,0.0,0.0,0.0,0.0,0.0,-1.280557,1.06695,2.840734,1.315637,-0.274193,-3.006975,0.134766,-0.00617056,-0.0009872178,0.9908577,15.48914,359.2571,359.7848,0.4010834,-0.08377805,-0.9122022,0,0,0,1.289379,-0.4517071,-0.8657691,1.527369e-07,0.4008,2.111,0.9999219,-0.003619549,0.01196221,0.0002932212,0.9636743,0.2670801,-0.01249438,-0.2670557,0.9636001,static,-2.254407,-4.319633,4.145513e-06,10.75037,-0.7143902718460361,9.742525384433884
412,05/17/2023 13:16:17.716223,716,True,True,True,True,Eyes,1.317865,-0.2753038,-2.998127,-0.03920983,-0.07510851,0.9964042,0.0,0.0,0.0,0.0,0.0,0.0,0.0,-1.280593,1.066775,2.840753,1.315637,-0.2741373,-3.006951,0.1347658,-0.006174564,-0.001031938,0.9908577,15.48908,359.256,359.7795,0.4010733,-0.08377693,-0.9122068,0,0,0,1.289372,-0.4516492,-0.8657455,2.272427e-07,0.4007999,2.111,0.9999216,-0.003709247,0.01195809,0.0003807673,0.9636742,0.2670802,-0.01251437,-0.2670547,0.9636002,static,-2.253502,-4.310778,6.167715e-06,10.75037,-0.7147234870520902,9.742978961546537
413,05/17/2023 13:16:17.736544,717,True,True,True,True,Eyes,1.317901,-0.2753066,-2.998122,-0.03916709,-0.07496992,0.9964163,0.0,0.0,0.0,0.0,0.0,0.0,0.0,-1.280831,1.067001,2.840541,1.315645,-0.2741857,-3.006924,0.1347889,-0.006129712,-0.001004743,0.990855,15.49178,359.2617,359.7834,0.4010648,-0.08377595,-0.9122106,0,0,0,1.289566,-0.4517987,-0.8657241,4.470348e-08,0.4008,2.111,0.9999229,-0.003643544,0.01187645,0.0003386739,0.9636619,0.2671249,-0.01241817,-0.2671002,0.9635888,static,-2.251022,-4.302803,1.213321e-06,10.75037,-0.7148802692271733,9.743396422312019
414,05/17/2023 13:16:17.751245,718,True,True,True,True,Eyes,1.317939,-0.2753061,-2.998116,-0.03912538,-0.0748299,0.9964285,0.0,0.0,0.0,0.0,0.0,0.0,0.0,-1.281179,1.067331,2.84025,1.315617,-0.274213,-3.006925,0.1348352,-0.00606067,-0.0009799945,0.990849,15.49717,359.2702,359.7874,0.4010582,-0.08377513,-0.9122136,0,0,0,1.289828,-0.4520271,-0.865738,2.328306e-07,0.4008001,2.111,0.9999247,-0.003576436,0.01174614,0.0003076696,0.963637,0.2672146,-0.01227469,-0.2671908,0.9635655,static,-2.248599,-4.294743,6.31938e-06,10.75037,-0.7150459043444286,9.743817883521267
415,05/17/2023 13:16:17.766668,719,True,True,True,True,Eyes,1.317974,-0.2753075,-2.998108,-0.03906246,-0.0747027,0.9964405,0.0,0.0,0.0,0.0,0.0,0.0,0.0,-1.281256,1.066854,2.840346,1.315692,-0.2741363,-3.006853,0.1347469,-0.006049072,-0.0009315035,0.9908613,15.48699,359.2723,359.7933,0.4010533,-0.08377434,-0.9122158,0,0,0,1.289943,-0.45157,-0.8656348,2.04891e-07,0.4008,2.111,0.9999251,-0.003476168,0.01173655,0.0002157942,0.9636849,0.2670422,-0.01223861,-0.2670197,0.9636134,static,-2.244959,-4.287419,5.561055e-06,10.75037,-0.7150726088042056,9.744208598726877
416,05/17/2023 13:16:17.786621,720,True,True,True,True,Eyes,1.318006,-0.2753093,-2.998101,-0.03899965,-0.07458623,0.9964517,0.0,0.0,0.0,0.0,0.0,0.0,0.0,-1.281782,1.066965,2.84004,1.315673,-0.2741892,-3.006831,0.1346845,-0.005915212,-0.000748568,0.9908707,15.47994,359.2911,359.8171,0.4010498,-0.08377367,-0.9122174,0,0,0,1.290457,-0.4513587,-0.8655842,2.086163e-07,0.4008,2.111,0.9999289,-0.003076843,0.01152078,-0.000109907,0.963719,0.2669187,-0.01192406,-0.266901,0.9636502,static,-2.241328,-4.280711,5.662165e-06,10.75037,-0.715071488478157,9.7445680511018
417,05/17/2023 13:16:17.796260,721,True,True,True,True,Eyes,1.318037,-0.2753113,-2.998096,-0.03894816,-0.07446816,0.9964625,0.0,0.0,0.0,0.0,0.0,0.0,0.0,-1.281881,1.067375,2.839816,1.315597,-0.2741969,-3.00684,0.1347543,-0.005884637,-0.0007440221,0.9908614,15.48801,359.2947,359.8181,0.4010476,-0.08377311,-0.9122184,0,0,0,1.290511,-0.4516682,-0.8656161,1.229346e-07,0.4008001,2.111,0.9999297,-0.003060406,0.0114612,-0.0001115145,0.9636815,0.2670544,-0.01186224,-0.2670368,0.9636133,static,-2.238348,-4.273913,3.336633e-06,10.75037,-0.7151305849753917,9.744928560753056
418,05/17/2023 13:16:17.815970,722,True,True,True,True,Eyes,1.318068,-0.2753126,-2.998092,-0.03890985,-0.07434458,0.9964732,0.0,0.0,0.0,0.0,0.0,0.0,0.0,-1.281049,1.068431,2.839819,1.315557,-0.274206,-3.006879,0.1348273,-0.005966506,-0.0005146738,0.9908511,15.49661,359.2887,359.8437,0.4010465,-0.08377263,-0.9122189,0,0,0,1.290068,-0.4519981,-0.8656871,1.676381e-07,0.4008,2.111,0.9999283,-0.002628826,0.01168505,-0.0005889657,0.9636427,0.2671937,-0.01196262,-0.2671814,0.963572,static,-2.236124,-4.266801,4.549954e-06,10.75037,-0.7152693365567191,9.745300913327599
419,05/17/2023 13:16:17.836444,723,True,True,True,True,Eyes,1.31809,-0.27531,-2.99809,-0.03888051,-0.0742107,0.9964844,0.0,0.0,0.0,0.0,0.0,0.0,0.0,-1.280076,1.068096,2.840402,1.315554,-0.2741915,-3.006899,0.1346964,-0.006096697,-0.000368488,0.9908682,15.48156,359.2758,359.8589,0.4010463,-0.08377222,-0.912219,0,0,0,1.289474,-0.4514208,-0.865667,1.73226e-07,0.4008001,2.111,0.9999254,-0.002372653,0.01198278,-0.0009121608,0.9637135,0.2669373,-0.01218131,-0.2669283,0.9636394,static,-2.234415,-4.259099,4.701619e-06,10.75037,-0.715479811917779,9.745700391406507
420,05/17/2023 13:16:17.856187,724,True,True,True,True,Eyes,1.318117,-0.2753094,-2.998086,-0.03887136,-0.07407248,0.9964951,0.0,0.0,0.0,0.0,0.0,0.0,0.0,-1.278409,1.067619,2.841389,1.315616,-0.2741136,-3.006933,0.1344859,-0.00632493,-9.085406e-05,0.9908954,15.45739,359.2534,359.8882,0.4010467,-0.08377176,-0.9122189,0,0,0,1.288494,-0.4504392,-0.86564,2.04891e-07,0.4008,2.111,0.99992,-0.001881281,0.01251025,-0.001521174,0.9638271,0.266524,-0.01255913,-0.2665217,0.9637471,static,-2.233866,-4.25115,5.561054e-06,10.75037,-0.7158016081731808,9.74610614326452
421,05/17/2023 13:16:17.866959,725,True,True,True,True,Eyes,1.318138,-0.2753043,-2.998081,-0.03885151,-0.07395991,0.9965041,0.0,0.0,0.0,0.0,0.0,0.0,0.0,-1.277309,1.066685,2.842303,1.315775,-0.274158,-3.006924,0.1343713,-0.006573486,-0.0002491734,0.9909092,15.44399,359.2216,359.8656,0.4010478,-0.0837713,-0.9122185,0,0,0,1.287622,-0.449983,-0.8656033,2.440065e-07,0.4008,2.111,0.9999135,-0.002260393,0.01296049,-0.001272759,0.9638886,0.2663028,-0.01309442,-0.2662963,0.9638023,static,-2.232706,-4.244674,6.62271e-06,10.75037,-0.7160024212079045,9.746440542213366
422,05/17/2023 13:16:17.886372,726,True,True,True,True,Eyes,1.318156,-0.275306,-2.998074,-0.03881435,-0.0738827,0.9965113,0.0,0.0,0.0,0.0,0.0,0.0,0.0,-1.278637,1.064926,2.842323,1.315849,-0.274049,-3.006862,0.1345091,-0.006577161,-0.001193501,0.9908898,15.45918,359.206,359.7542,0.4010494,-0.08377072,-0.9122178,0,0,0,1.287894,-0.450444,-0.8655854,1.173466e-07,0.4008,2.111,0.9999107,-0.004134633,0.01271341,0.0005958803,0.9638118,0.2665831,-0.01335556,-0.2665517,0.9637281,static,-2.230557,-4.240229,3.184968e-06,10.75037,-0.7160238059422634,9.74667734702881
423,05/17/2023 13:16:17.906336,727,True,True,True,True,Eyes,1.318184,-0.2753102,-2.998069,-0.03877586,-0.07382984,0.9965167,0.0,0.0,0.0,0.0,0.0,0.0,0.0,-1.280304,1.066203,2.841029,1.315766,-0.274203,-3.006823,0.1349039,-0.006375425,-0.001600393,0.9908369,15.50456,359.2231,359.7091,0.4010513,-0.08377025,-0.912217,0,0,0,1.288766,-0.4522957,-0.8656746,1.098961e-07,0.4008,2.111,0.9999136,-0.004891596,0.01220221,0.001451318,0.9635968,0.2673559,-0.01306581,-0.2673151,0.9635206,static,-2.228335,-4.237184,2.982747e-06,10.75037,-0.715973907924781,9.746843602869392
424,05/17/2023 13:16:17.916364,728,True,True,True,True,Eyes,1.318212,-0.2753135,-2.998067,-0.03871764,-0.07380056,0.9965212,0.0,0.0,0.0,0.0,0.0,0.0,0.0,-1.280875,1.068711,2.839864,1.315754,-0.2742565,-3.006857,0.1352428,-0.006228041,-0.001382012,0.990792,15.54397,359.2438,359.7369,0.4010539,-0.08376994,-0.9122159,0,0,0,1.289334,-0.4538212,-0.8658241,1.452863e-07,0.4008,2.111,0.9999186,-0.004423168,0.01196757,0.001053976,0.963415,0.2680123,-0.0127152,-0.2679779,0.9633412,static,-2.224983,-4.23549,3.943293e-06,10.75037,-0.7157640151609519,9.746947480801872
425,05/17/2023 13:16:17.936532,729,True,True,True,True,Eyes,1.318254,-0.2753136,-2.998065,-0.03866061,-0.07374798,0.9965273,0.0,0.0,0.0,0.0,0.0,0.0,0.0,-1.282235,1.070744,2.838554,1.315788,-0.274236,-3.00691,0.1354997,-0.005944686,-0.00112053,0.990759,15.57395,359.2813,359.7721,0.4010569,-0.08376974,-0.9122146,0,0,0,1.290524,-0.4549197,-0.8659575,5.7742e-08,0.4007999,2.111,0.9999268,-0.003831356,0.01147584,0.0006093428,0.9632771,0.2685085,-0.01208316,-0.2684818,0.963209,static,-2.221695,-4.232457,1.567206e-06,10.75037,-0.7156217983313427,9.747118865105296
426,05/17/2023 13:16:17.946421,730,True,True,True,True,Eyes,1.318291,-0.2753157,-2.998067,-0.03860484,-0.07368813,0.9965339,0.0,0.0,0.0,0.0,0.0,0.0,0.0,-1.283965,1.070764,2.837725,1.315732,-0.2741482,-3.006905,0.1355477,-0.005648362,-0.001144706,0.9907541,15.57954,359.3158,359.774,0.4010607,-0.08376952,-0.912213,0,0,0,1.291745,-0.4550409,-0.8659553,1.657754e-07,0.4007998,2.111,0.9999336,-0.003799488,0.01088195,0.0007369992,0.9632511,0.2686017,-0.0115026,-0.2685759,0.9631898,static,-2.218479,-4.229007,4.499399e-06,10.75036,-0.7155051396707062,9.7473109924766
427,05/17/2023 13:16:17.966249,731,True,True,True,True,Eyes,1.318323,-0.2753148,-2.99807,-0.03856879,-0.07357787,0.9965434,0.0,0.0,0.0,0.0,0.0,0.0,0.0,-1.283824,1.070537,2.837941,1.31567,-0.2742038,-3.006989,0.1354263,-0.005626026,-0.0009901493,0.9907709,15.56562,359.321,359.7927,0.401065,-0.08376934,-0.9122111,0,0,0,1.291745,-0.4545759,-0.8659949,1.061708e-07,0.4007999,2.111001,0.9999348,-0.003485846,0.01088002,0.000438198,0.9633175,0.2683641,-0.01141639,-0.2683418,0.9632561,static,-2.216388,-4.222662,2.881637e-06,10.75037,-0.7156197298386267,9.74764376334972
428,05/17/2023 13:16:17.986337,732,True,True,True,True,Eyes,1.318354,-0.2753149,-2.998071,-0.03855822,-0.07344986,0.9965532,0.0,0.0,0.0,0.0,0.0,0.0,0.0,-1.282678,1.069991,2.838667,1.315623,-0.2741352,-3.007019,0.1352637,-0.005776933,-0.0008394233,0.9907925,15.54688,359.3057,359.8081,0.4010697,-0.08376911,-0.912209,0,0,0,1.291018,-0.4538067,-0.8659735,3.72529e-08,0.4007999,2.111,0.9999319,-0.003226207,0.0112204,0.0001005703,0.9634061,0.2680461,-0.01167457,-0.2680267,0.9633408,static,-2.215759,-4.215301,1.011101e-06,10.75037,-0.7159073401325949,9.748020150154861
429,05/17/2023 13:16:17.996352,733,True,True,True,True,Eyes,1.318402,-0.2753138,-2.998072,-0.03856815,-0.07330162,0.9965638,0.0,0.0,0.0,0.0,0.0,0.0,0.0,-1.280843,1.06875,2.839965,1.315654,-0.2741667,-3.007004,0.1349872,-0.006073323,-0.0007588534,0.9908285,15.51491,359.2722,359.8131,0.4010747,-0.08376888,-0.9122068,0,0,0,1.289761,-0.4526433,-0.8658742,2.04891e-07,0.4007999,2.111,0.9999251,-0.003143429,0.01183037,-0.0001358548,0.9635558,0.2675076,-0.01224011,-0.2674892,0.9634832,static,-2.216306,-4.206779,5.561054e-06,10.75037,-0.7163500835929341,9.748449039507609
430,05/17/2023 13:16:18.016229,734,True,True,True,True,Eyes,1.31845,-0.2753164,-2.998072,-0.03859829,-0.07315832,0.9965732,0.0,0.0,0.0,0.0,0.0,0.0,0.0,-1.279397,1.067784,2.840924,1.315642,-0.2741268,-3.00696,0.1348245,-0.006322046,-0.0007875556,0.990849,15.49603,359.2425,359.8058,0.4010805,-0.08376858,-0.9122044,0,0,0,1.288689,-0.4518977,-0.8657843,2.440065e-07,0.4008,2.111,0.9999188,-0.003265432,0.01231602,-0.0001440364,0.9636435,0.2671915,-0.01274075,-0.2671716,0.9635648,static,-2.218015,-4.198545,6.62271e-06,10.75037,-0.7168794812489181,9.748857081969032
431,05/17/2023 13:16:18.036176,735,True,True,True,True,Eyes,1.318501,-0.2753191,-2.998068,-0.03864508,-0.07302907,0.9965808,0.0,0.0,0.0,0.0,0.0,0.0,0.0,-1.277854,1.068053,2.841526,1.315692,-0.2742185,-3.006938,0.1348115,-0.006575971,-0.0007208917,0.9908491,15.49452,359.2136,359.8096,0.4010868,-0.08376835,-0.9122016,0,0,0,1.287634,-0.451933,-0.8657721,1.713634e-07,0.4008,2.111,0.9999125,-0.003201623,0.01283722,-0.0003444431,0.9636507,0.2671652,-0.01322596,-0.2671462,0.9635652,static,-2.220685,-4.191122,4.651064e-06,10.75037,-0.717453949219196,9.74921885735858
432,05/17/2023 13:16:18.046143,736,True,True,True,True,Eyes,1.318552,-0.2753244,-2.998066,-0.03868617,-0.07292074,0.9965872,0.0,0.0,0.0,0.0,0.0,0.0,0.0,-1.277412,1.068432,2.841508,1.315743,-0.2742223,-3.006846,0.1348772,-0.006660014,-0.0007231755,0.9908398,15.5021,359.2036,359.808,0.4010939,-0.08376817,-0.9121985,0,0,0,1.287324,-0.4522203,-0.8657077,2.011657e-07,0.4007999,2.111,0.9999102,-0.00322967,0.01300293,-0.0003634664,0.9636152,0.267293,-0.01339309,-0.2672738,0.9635276,static,-2.223029,-4.184901,5.459945e-06,10.75037,-0.717944548802359,9.749521478458202
433,05/17/2023 13:16:18.067183,737,True,True,True,True,Eyes,1.318605,-0.2753292,-2.998063,-0.03870982,-0.07284187,0.9965919,0.0,0.0,0.0,0.0,0.0,0.0,0.0,-1.277768,1.069559,2.84101,1.31579,-0.2742873,-3.0069,0.1350733,-0.006613152,-0.0007444436,0.9908133,15.52478,359.2087,359.806,0.4011016,-0.08376812,-0.9121951,0,0,0,1.287576,-0.4531327,-0.8658298,1.750886e-07,0.4008,2.111001,0.9999114,-0.00326173,0.01290369,-0.0003113117,0.9635093,0.2676747,-0.01330591,-0.2676551,0.963423,static,-2.224376,-4.18037,4.752173e-06,10.75037,-0.7182708633133248,9.74974382787446
434,05/17/2023 13:16:18.086464,738,True,True,True,True,Eyes,1.318653,-0.2753282,-2.998059,-0.03871679,-0.07275835,0.9965979,0.0,0.0,0.0,0.0,0.0,0.0,0.0,-1.278777,1.07043,2.840181,1.315797,-0.274273,-3.006855,0.1352677,-0.0064586,-0.000806697,0.9907877,15.54724,359.2259,359.801,0.4011099,-0.08376818,-0.9121915,0,0,0,1.28826,-0.4539579,-0.8658458,2.291054e-07,0.4007999,2.111,0.9999153,-0.003345811,0.01257996,-0.0001487488,0.963404,0.2680536,-0.01301644,-0.2680327,0.9633219,static,-2.224763,-4.17557,6.21827e-06,10.75037,-0.7185270297365028,9.749984974364454
435,05/17/2023 13:16:18.096749,739,True,True,True,True,Eyes,1.318705,-0.2753358,-2.998055,-0.03871218,-0.072687,0.9966032,0.0,0.0,0.0,0.0,0.0,0.0,0.0,-1.279689,1.070152,2.839806,1.315746,-0.2741357,-3.006824,0.1351633,-0.006248189,-0.0005988323,0.9908035,15.53536,359.2541,359.829,0.4011186,-0.08376816,-0.9121876,0,0,0,1.289066,-0.4533761,-0.8657671,1.229346e-07,0.4008,2.111,0.9999212,-0.002875702,0.01221957,-0.0005024013,0.963461,0.267848,-0.01254333,-0.267833,0.9633837,static,-2.224486,-4.171467,3.336633e-06,10.75037,-0.7186936786323127,9.750194375191994
436,05/17/2023 13:16:18.116386,740,True,True,True,True,Eyes,1.31876,-0.2753377,-2.99805,-0.03871369,-0.07261097,0.9966087,0.0,0.0,0.0,0.0,0.0,0.0,0.0,-1.27928,1.070942,2.83973,1.315771,-0.2743533,-3.006828,0.1351201,-0.006247977,-0.0002775793,0.9908096,15.53061,359.2592,359.8669,0.4011279,-0.08376834,-0.9121836,0,0,0,1.28902,-0.4534155,-0.8657573,2.160668e-07,0.4008,2.111,0.9999218,-0.002238511,0.0123061,-0.001138399,0.9634849,0.2677601,-0.01245612,-0.2677532,0.963407,static,-2.22456,-4.167096,5.864385e-06,10.75037,-0.7189029843830548,9.750415467450482
437,05/17/2023 13:16:18.136495,741,True,True,True,True,Eyes,1.318819,-0.27534,-2.998041,-0.03870424,-0.07255705,0.996613,0.0,0.0,0.0,0.0,0.0,0.0,0.0,-1.27945,1.069189,2.840326,1.315931,-0.2742137,-3.006783,0.1350416,-0.006352358,-0.0007420934,0.9908193,15.52116,359.2395,359.8105,0.4011377,-0.0837685,-0.9121793,0,0,0,1.288836,-0.4529236,-0.8656867,1.117587e-07,0.4008001,2.111,0.9999182,-0.003186226,0.01238765,-0.0002451038,0.9635264,0.267613,-0.0127885,-0.2675942,0.9634469,static,-2.224009,-4.163994,3.033302e-06,10.75037,-0.7189995730539123,9.750575619374754
438,05/17/2023 13:16:18.155991,742,True,True,True,True,Eyes,1.318874,-0.2753477,-2.998037,-0.03870876,-0.07251626,0.9966158,0.0,0.0,0.0,0.0,0.0,0.0,0.0,-1.280619,1.06861,2.839872,1.315837,-0.2742134,-3.006687,0.1351299,-0.006229321,-0.001136241,0.9908078,15.53109,359.2477,359.766,0.4011481,-0.08376868,-0.9121747,0,0,0,1.289358,-0.4532959,-0.8656148,2.067536e-07,0.4008,2.111001,0.9999198,-0.003935128,0.01203704,0.0005680591,0.9634773,0.2677896,-0.0126512,-0.2677613,0.9634022,static,-2.224262,-4.161651,5.611609e-06,10.75037,-0.7191301316646067,9.750692984083203
439,05/17/2023 13:16:18.166330,743,True,True,True,True,Eyes,1.318939,-0.2753535,-2.998033,-0.03871926,-0.07248341,0.9966178,0.0,0.0,0.0,0.0,0.0,0.0,0.0,-1.279373,1.070155,2.839984,1.315815,-0.2743536,-3.006809,0.13526,-0.006385005,-0.0009117178,0.9907892,15.54628,359.2328,359.7898,0.4011588,-0.08376903,-0.9121699,0,0,0,1.288617,-0.4540031,-0.8657929,9.872019e-08,0.4008,2.111,0.9999168,-0.003533912,0.01240575,7.936789e-05,0.9634078,0.26804,-0.01289903,-0.2680167,0.9633279,static,-2.22486,-4.159763,2.679418e-06,10.75037,-0.7192692633669064,9.750785436130856
440,05/17/2023 13:16:18.186190,744,True,True,True,True,Eyes,1.319001,-0.2753558,-2.998031,-0.0387259,-0.07243933,0.9966208,0.0,0.0,0.0,0.0,0.0,0.0,0.0,-1.278873,1.070532,2.840068,1.315871,-0.2743064,-3.00679,0.1352283,-0.006426015,-0.0006803655,0.9907935,15.54279,359.2318,359.8165,0.4011703,-0.08376946,-0.9121649,0,0,0,1.288445,-0.4538247,-0.8657658,2.011657e-07,0.4007999,2.111,0.9999165,-0.003086162,0.0125497,-0.0003897555,0.9634256,0.2679754,-0.01291772,-0.267958,0.963344,static,-2.225235,-4.15723,5.459945e-06,10.75037,-0.7194191450604318,9.750911772130411
441,05/17/2023 13:16:18.196668,745,True,True,True,True,Eyes,1.319067,-0.2753627,-2.998029,-0.0387221,-0.07241612,0.9966226,0.0,0.0,0.0,0.0,0.0,0.0,0.0,-1.279195,1.06938,2.840394,1.315868,-0.2742248,-3.006833,0.1350748,-0.006387792,-0.0007557654,0.9908146,15.52498,359.2351,359.8083,0.4011821,-0.08376986,-0.9121596,0,0,0,1.288624,-0.4530777,-0.8657507,1.788139e-07,0.4008,2.111,0.9999173,-0.003223306,0.01245407,-0.0002280128,0.9635084,0.2676778,-0.0128624,-0.2676585,0.963428,static,-2.225012,-4.155895,4.853284e-06,10.75037,-0.7194619302161754,9.750980620262334
442,05/17/2023 13:16:18.216097,746,True,True,True,True,Eyes,1.319133,-0.2753723,-2.99802,-0.03871341,-0.0723879,0.9966249,0.0,0.0,0.0,0.0,0.0,0.0,0.0,-1.279807,1.069447,2.840075,1.315844,-0.2743373,-3.006816,0.1350901,-0.006288443,-0.0007903703,0.9908131,15.52674,359.2462,359.8058,0.4011945,-0.08377036,-0.9121541,0,0,0,1.289034,-0.4532561,-0.865734,1.639128e-07,0.4008,2.111001,0.9999197,-0.003265231,0.0122478,-0.0001327939,0.9635001,0.2677079,-0.01267488,-0.2676881,0.9634223,static,-2.224508,-4.154272,4.448843e-06,10.75037,-0.7194938979858896,9.751065574302645
443,05/17/2023 13:16:18.236792,747,True,True,True,True,Eyes,1.319183,-0.2753823,-2.998013,-0.0386982,-0.07237935,0.9966261,0.0,0.0,0.0,0.0,0.0,0.0,0.0,-1.280255,1.068962,2.839936,1.315886,-0.2744137,-3.006678,0.1350169,-0.006227357,-0.0008224116,0.9908234,15.51826,359.253,359.8031,0.4012074,-0.08377106,-0.9121484,0,0,0,1.289346,-0.4530158,-0.8655662,6.891787e-08,0.4008,2.111,0.9999211,-0.003311326,0.01211834,-5.186751e-05,0.9635395,0.2675661,-0.0125625,-0.2675456,0.9634633,static,-2.223632,-4.153778,1.870537e-06,10.75037,-0.7194414268988288,9.75109532070474
444,05/17/2023 13:16:18.256379,748,True,True,True,True,Eyes,1.31923,-0.2753912,-2.998006,-0.03868075,-0.07236771,0.9966277,0.0,0.0,0.0,0.0,0.0,0.0,0.0,-1.280321,1.068794,2.839999,1.315873,-0.2744408,-3.006709,0.1349951,-0.006220676,-0.0008517536,0.9908263,15.51573,359.2533,359.7998,0.4012204,-0.08377195,-0.9121426,0,0,0,1.289369,-0.452948,-0.8655886,1.676381e-07,0.4008,2.111,0.9999211,-0.003367402,0.01209726,8.358038e-06,0.9635512,0.267524,-0.01255719,-0.2675028,0.9634752,static,-2.222627,-4.153105,4.549954e-06,10.75037,-0.7193861620151691,9.75113483172069
445,05/17/2023 13:16:18.266796,749,True,True,True,True,Eyes,1.319262,-0.2754005,-2.997999,-0.03867317,-0.07235869,0.9966286,0.0,0.0,0.0,0.0,0.0,0.0,0.0,-1.280607,1.06832,2.840036,1.315869,-0.2744244,-3.006701,0.1349548,-0.006190433,-0.0009351936,0.990832,15.511,359.2555,359.7905,0.4012333,-0.08377299,-0.9121367,0,0,0,1.289513,-0.4527555,-0.8655639,8.009374e-08,0.4007999,2.111,0.9999217,-0.003524096,0.01201494,0.0001823825,0.9635726,0.2674466,-0.01251978,-0.2674235,0.9634978,static,-2.22219,-4.152586,2.173867e-06,10.75037,-0.7193726409067216,9.751163482521482
446,05/17/2023 13:16:18.286500,750,True,True,True,True,Eyes,1.319291,-0.2754115,-2.997996,-0.03866556,-0.0723599,0.9966289,0.0,0.0,0.0,0.0,0.0,0.0,0.0,-1.280697,1.068538,2.839989,1.31576,-0.2744314,-3.006819,0.1350208,-0.006173896,-0.001009649,0.9908231,15.51858,359.2563,359.7819,0.4012459,-0.08377419,-0.9121311,0,0,0,1.289491,-0.4530459,-0.8657044,2.57045e-07,0.4007999,2.111,0.9999217,-0.003667976,0.01196183,0.0003335589,0.9635367,0.2675758,-0.01250712,-0.2675509,0.9634625,static,-2.221753,-4.152654,6.976595e-06,10.75037,-0.7193318666945462,9.751162388432894
447,05/17/2023 13:16:18.306699,751,True,True,True,True,Eyes,1.319315,-0.2754199,-2.997998,-0.0386573,-0.07234911,0.9966299,0.0,0.0,0.0,0.0,0.0,0.0,0.0,-1.28073,1.06918,2.839797,1.315713,-0.2744836,-3.006896,0.1351451,-0.006172945,-0.001064047,0.9908061,15.53292,359.2554,359.7754,0.4012579,-0.08377559,-0.9121256,0,0,0,1.28946,-0.4536344,-0.8658262,6.891787e-08,0.4007999,2.111,0.9999216,-0.003777015,0.01194478,0.0004400405,0.9634693,0.2678184,-0.01251998,-0.2677921,0.9633954,static,-2.221276,-4.152033,1.870536e-06,10.75037,-0.7193196380041488,9.751196423106219
448,05/17/2023 13:16:18.316203,752,True,True,True,True,Eyes,1.319337,-0.2754281,-2.997999,-0.03863853,-0.07233463,0.9966317,0.0,0.0,0.0,0.0,0.0,0.0,0.0,-1.280855,1.069474,2.839653,1.315681,-0.274442,-3.006935,0.1351796,-0.006133889,-0.001009401,0.9908017,15.53696,359.2609,359.7824,0.4012693,-0.08377706,-0.9121205,0,0,0,1.289583,-0.4537435,-0.8658761,1.452863e-07,0.4007999,2.111,0.9999228,-0.003658585,0.01188204,0.0003418779,0.9634509,0.2678848,-0.01242784,-0.26786,0.9633777,static,-2.220195,-4.151197,3.943293e-06,10.75037,-0.7192653987393249,9.751244602760062
449,05/17/2023 13:16:18.336395,753,True,True,True,True,Eyes,1.319352,-0.2754388,-2.997998,-0.03860363,-0.07231553,0.9966345,0.0,0.0,0.0,0.0,0.0,0.0,0.0,-1.281573,1.069288,2.839346,1.315665,-0.2744501,-3.006891,0.1351258,-0.005994055,-0.000940986,0.99081,15.53082,359.2785,359.7928,0.4012801,-0.08377862,-0.9121156,0,0,0,1.290152,-0.4535217,-0.8658065,2.551824e-07,0.4008001,2.111,0.9999264,-0.00348458,0.01162364,0.0002447732,0.9634802,0.2677793,-0.01213224,-0.2677567,0.9634101,static,-2.218185,-4.150093,6.92604e-06,10.75037,-0.719143633450537,9.751311361992592
450,05/17/2023 13:16:18.346628,754,True,True,True,True,Eyes,1.319365,-0.2754499,-2.997997,-0.0385661,-0.07229313,0.9966375,0.0,0.0,0.0,0.0,0.0,0.0,0.0,-1.282268,1.069786,2.83882,1.315662,-0.2745239,-3.006863,0.13515,-0.00584531,-0.0008053984,0.9908077,15.53374,359.2982,359.8111,0.4012902,-0.08378033,-0.912111,0,0,0,1.290757,-0.4537042,-0.8657799,1.713634e-07,0.4008,2.111,0.9999304,-0.003175976,0.01136546,1.6003e-05,0.9634677,0.2678246,-0.01180085,-0.2678058,0.9634007,static,-2.216024,-4.148799,4.651065e-06,10.75037,-0.7190176913024404,9.751388561628987
451,05/17/2023 13:16:18.366887,755,True,True,True,True,Eyes,1.319359,-0.2754582,-2.997997,-0.03851523,-0.07224759,0.9966428,0.0,0.0,0.0,0.0,0.0,0.0,0.0,-1.282488,1.069643,2.838751,1.315647,-0.2745455,-3.006845,0.1350973,-0.005791142,-0.0007425935,0.9908153,15.5277,359.3056,359.8195,0.4012997,-0.08378219,-0.9121066,0,0,0,1.29096,-0.4535,-0.8657406,2.738088e-07,0.4007999,2.111,0.9999318,-0.003036281,0.01127526,-9.318953e-05,0.9634963,0.2677215,-0.01167655,-0.2677043,0.9634303,static,-2.213092,-4.146174,7.431591e-06,10.75037,-0.7188871765539613,9.751537355694657
452,05/17/2023 13:16:18.386204,756,True,True,True,True,Eyes,1.319354,-0.2754659,-2.997998,-0.03846687,-0.07219948,0.9966481,0.0,0.0,0.0,0.0,0.0,0.0,0.0,-1.282493,1.069562,2.83882,1.315593,-0.274501,-3.006911,0.1350654,-0.005769139,-0.0006903558,0.9908198,15.52405,359.3091,359.826,0.401308,-0.08378412,-0.9121028,0,0,0,1.29099,-0.453319,-0.8657942,2.123415e-07,0.4007999,2.111,0.9999325,-0.002926458,0.01124587,-0.0001903854,0.9635137,0.2676588,-0.01161884,-0.2676429,0.9634482,static,-2.210304,-4.1434,5.763275e-06,10.75037,-0.718775975117783,9.751692925079682
453,05/17/2023 13:16:18.406044,757,True,True,True,True,Eyes,1.319339,-0.2754734,-2.997997,-0.03841409,-0.07215975,0.9966531,0.0,0.0,0.0,0.0,0.0,0.0,0.0,-1.282446,1.069267,2.838949,1.315591,-0.2744932,-3.00691,0.1350101,-0.005774217,-0.0006799051,0.9908272,15.51767,359.3087,359.8272,0.4013154,-0.08378609,-0.9120994,0,0,0,1.290964,-0.4530727,-0.865773,2.738088e-07,0.4008,2.111001,0.9999324,-0.002906492,0.01125891,-0.000211819,0.9635436,0.2675513,-0.01162609,-0.2675356,0.9634778,static,-2.207264,-4.141108,7.43159e-06,10.75037,-0.7186207032399339,9.751825426315504
454,05/17/2023 13:16:18.416442,758,True,True,True,True,Eyes,1.319324,-0.2754841,-2.998,-0.03838003,-0.07212146,0.9966572,0.0,0.0,0.0,0.0,0.0,0.0,0.0,-1.28166,1.069217,2.839295,1.315563,-0.2745027,-3.006895,0.1349531,-0.005881506,-0.0005896984,0.9908344,15.51112,359.2975,359.8361,0.4013216,-0.08378811,-0.9120964,0,0,0,1.290455,-0.4528372,-0.8657441,1.769513e-07,0.4008,2.111,0.9999301,-0.002756042,0.01149603,-0.0004188686,0.9635746,0.2674393,-0.01181436,-0.2674254,0.9635062,static,-2.205299,-4.1389,4.80273e-06,10.75037,-0.7185540678312112,9.751947886074625
455,05/17/2023 13:16:18.436456,759,True,True,True,True,Eyes,1.319292,-0.2754949,-2.997998,-0.03832501,-0.07210948,0.9966601,0.0,0.0,0.0,0.0,0.0,0.0,0.0,-1.280311,1.069705,2.839831,1.315571,-0.2745918,-3.006988,0.1349483,-0.006081147,-0.0004598394,0.990834,15.51063,359.276,359.8482,0.4013268,-0.08379027,-0.912094,0,0,0,1.289577,-0.4529076,-0.8658454,9.49949e-08,0.4007999,2.111,0.9999256,-0.00255253,0.01192671,-0.000730032,0.9635775,0.2674283,-0.01217492,-0.2674171,0.963504,static,-2.202135,-4.138204,2.578307e-06,10.75037,-0.7183140232586054,9.752000180931185
456,05/17/2023 13:16:18.456566,760,True,True,True,True,Eyes,1.319263,-0.2755069,-2.997998,-0.03828341,-0.07210201,0.9966623,0.0,0.0,0.0,0.0,0.0,0.0,0.0,-1.279948,1.069777,2.839874,1.315604,-0.2746181,-3.006883,0.1349494,-0.006144062,-0.0004417235,0.9908335,15.51075,359.2689,359.8493,0.4013307,-0.08379257,-0.9120921,0,0,0,1.289336,-0.4529387,-0.8657448,8.381903e-08,0.4008,2.111,0.9999241,-0.002533623,0.01205626,-0.0007829258,0.9635769,0.2674301,-0.0122947,-0.2674193,0.9635019,static,-2.199742,-4.137767,2.274977e-06,10.75037,-0.7181283218608219,9.752035202519316
457,05/17/2023 13:16:18.466021,761,True,True,True,True,Eyes,1.31921,-0.2755151,-2.997996,-0.03820798,-0.07213044,0.9966631,0.0,0.0,0.0,0.0,0.0,0.0,0.0,-1.279155,1.070137,2.840191,1.315628,-0.2746565,-3.006959,0.1350004,-0.006285535,-0.0004567226,0.9908255,15.51663,359.252,359.8453,0.4013334,-0.08379503,-0.9120907,0,0,0,1.288756,-0.4531965,-0.8658457,2.086163e-07,0.4008,2.111,0.9999205,-0.002602164,0.01233242,-0.0007920348,0.9635493,0.2675295,-0.01257905,-0.267518,0.9634708,static,-2.19541,-4.13939,5.662165e-06,10.75037,-0.7176800694017776,9.75197627276218
458,05/17/2023 13:16:18.486027,762,True,True,True,True,Eyes,1.319162,-0.2755243,-2.997992,-0.03812913,-0.07215426,0.9966644,0.0,0.0,0.0,0.0,0.0,0.0,0.0,-1.279265,1.070052,2.84013,1.315661,-0.2745909,-3.006909,0.1350783,-0.006314162,-0.0006374188,0.9908147,15.52549,359.2457,359.8235,0.4013345,-0.08379755,-0.9120899,0,0,0,1.288707,-0.4534628,-0.8658251,7.264316e-08,0.4008,2.111,0.9999195,-0.00296894,0.01234013,-0.0004426851,0.9635069,0.2676832,-0.01268453,-0.2676671,0.9634279,static,-2.190881,-4.140746,1.971646e-06,10.75037,-0.7172272553248635,9.751931932751518
459,05/17/2023 13:16:18.506009,763,True,True,True,True,Eyes,1.319096,-0.2755337,-2.997987,-0.03804732,-0.07221249,0.9966633,0.0,0.0,0.0,0.0,0.0,0.0,0.0,-1.279865,1.069658,2.840002,1.315728,-0.2746224,-3.006871,0.1350365,-0.006237254,-0.0006948691,0.9908208,15.52063,359.2538,359.818,0.4013343,-0.08380016,-0.9120898,0,0,0,1.289117,-0.4533127,-0.8657675,1.545995e-07,0.4008,2.111,0.9999213,-0.003061496,0.01217234,-0.0003075332,0.9635293,0.2676027,-0.01254767,-0.2675854,0.9634525,static,-2.186188,-4.144081,4.196068e-06,10.75037,-0.716668443500531,9.751788193962664
460,05/17/2023 13:16:18.516640,764,True,True,True,True,Eyes,1.319031,-0.2755406,-2.99798,-0.03796411,-0.07225893,0.9966631,0.0,0.0,0.0,0.0,0.0,0.0,0.0,-1.280387,1.069651,2.839755,1.315754,-0.2746509,-3.006844,0.1350713,-0.006171551,-0.0007738031,0.9908164,15.5246,359.2603,359.8097,0.4013325,-0.08380287,-0.9120903,0,0,0,1.289442,-0.4534896,-0.8657492,1.639128e-07,0.4008,2.111001,0.9999226,-0.003200592,0.01202071,-0.0001338049,0.9635103,0.2676712,-0.01243878,-0.2676521,0.9634354,static,-2.181412,-4.146738,4.448843e-06,10.75037,-0.7161339650363672,9.751679257934466
461,05/17/2023 13:16:18.536420,765,True,True,True,True,Eyes,1.318956,-0.2755471,-2.997974,-0.03786987,-0.07230201,0.9966636,0.0,0.0,0.0,0.0,0.0,0.0,0.0,-1.280765,1.068681,2.83988,1.315699,-0.2745981,-3.006808,0.1349566,-0.006118922,-0.0008652324,0.9908323,15.51128,359.2651,359.7998,0.4013293,-0.08380561,-0.9120915,0,0,0,1.289634,-0.4529392,-0.8656681,1.490116e-07,0.4008,2.111001,0.9999236,-0.003366178,0.01189211,6.302295e-05,0.963572,0.2674493,-0.01235919,-0.267428,0.9634986,static,-2.176001,-4.149199,4.044403e-06,10.75037,-0.71555392537846,9.751583670927344
462,05/17/2023 13:16:18.556233,766,True,True,True,True,Eyes,1.318886,-0.275555,-2.997969,-0.03777917,-0.07234287,0.996664,0.0,0.0,0.0,0.0,0.0,0.0,0.0,-1.28102,1.068627,2.839838,1.315715,-0.2746069,-3.006849,0.1349424,-0.0060765,-0.0008561274,0.9908345,15.50965,359.2702,359.8016,0.4013246,-0.08380835,-0.9120933,0,0,0,1.28983,-0.4528875,-0.8657019,1.117587e-07,0.4008,2.111,0.9999247,-0.003336516,0.01181056,5.660558e-05,0.9635796,0.2674216,-0.01227267,-0.2674008,0.9635073,static,-2.170793,-4.151535,3.033302e-06,10.75037,-0.7149971635083358,9.751493325593627
463,05/17/2023 13:16:18.566271,767,True,True,True,True,Eyes,1.318806,-0.2755635,-2.99796,-0.03767203,-0.07240766,0.9966634,0.0,0.0,0.0,0.0,0.0,0.0,0.0,-1.281078,1.068558,2.839834,1.315731,-0.274644,-3.006836,0.134937,-0.006075561,-0.0008835322,0.9908352,15.50902,359.2699,359.7984,0.4013186,-0.08381113,-0.9120957,0,0,0,1.289856,-0.4529006,-0.865687,4.097819e-08,0.4007999,2.111,0.9999246,-0.003390506,0.01180132,0.0001112328,0.9635825,0.2674115,-0.0122782,-0.26739,0.9635102,static,-2.164644,-4.155242,1.112211e-06,10.75037,-0.7142957475270836,9.751338571819247
464,05/17/2023 13:16:18.586132,768,True,True,True,True,Eyes,1.318729,-0.2755704,-2.997955,-0.03758296,-0.07246772,0.9966624,0.0,0.0,0.0,0.0,0.0,0.0,0.0,-1.280833,1.068878,2.839751,1.315688,-0.2746759,-3.006782,0.1349839,-0.006107764,-0.0008740874,0.9908287,15.51443,359.2662,359.799,0.4013112,-0.083814,-0.9120987,0,0,0,1.289672,-0.4531351,-0.8656518,6.891787e-08,0.4007999,2.111,0.9999239,-0.003381041,0.01186752,8.32419e-05,0.9635572,0.2675026,-0.01233947,-0.2674812,0.9634841,static,-2.159533,-4.15868,1.870536e-06,10.75037,-0.7136961720455711,9.751191863150499
465,05/17/2023 13:16:18.606015,769,True,True,True,True,Eyes,1.318639,-0.2755785,-2.997946,-0.0374793,-0.07252552,0.9966621,0.0,0.0,0.0,0.0,0.0,0.0,0.0,-1.279833,1.068698,2.840343,1.315676,-0.2746448,-3.00686,0.134959,-0.006282634,-0.0009093385,0.9908309,15.5115,359.2451,359.792,0.4013026,-0.08381688,-0.9121022,0,0,0,1.288918,-0.4529942,-0.8657297,7.636845e-08,0.4008,2.111,0.9999194,-0.003497797,0.01220461,0.000106205,0.9635705,0.2674546,-0.0126955,-0.2674317,0.9634932,static,-2.153583,-4.161987,2.072757e-06,10.75037,-0.713030457168638,9.751056307574268
466,05/17/2023 13:16:18.616115,770,True,True,True,True,Eyes,1.318554,-0.2755885,-2.997938,-0.03738431,-0.07258863,0.9966611,0.0,0.0,0.0,0.0,0.0,0.0,0.0,-1.279397,1.068822,2.840413,1.315711,-0.2746931,-3.006764,0.1349902,-0.006372258,-0.0009512657,0.9908261,15.51505,359.2338,359.7856,0.4012927,-0.08381984,-0.9121063,0,0,0,1.288579,-0.4531756,-0.8656496,2.235174e-07,0.4008,2.111,0.999917,-0.003605462,0.01237077,0.0001646924,0.9635534,0.2675158,-0.01288442,-0.2674915,0.963474,static,-2.148132,-4.1656,6.066605e-06,10.75037,-0.7123934894993524,9.750902560842945
467,05/17/2023 13:16:18.636241,771,True,True,True,True,Eyes,1.318448,-0.2755972,-2.99793,-0.03727598,-0.07266815,0.9966594,0.0,0.0,0.0,0.0,0.0,0.0,0.0,-1.279121,1.069396,2.840375,1.315749,-0.274745,-3.006793,0.1350856,-0.006429888,-0.0009705158,0.9908127,15.52606,359.2267,359.7823,0.4012818,-0.0838229,-0.9121108,0,0,0,1.288373,-0.4536389,-0.8657163,2.328306e-07,0.4008,2.111,0.9999154,-0.003660369,0.01247942,0.0001860276,0.9635019,0.2677016,-0.01300383,-0.2676766,0.963421,static,-2.141917,-4.170155,6.31938e-06,10.75037,-0.7116470214604923,9.750705191768164
468,05/17/2023 13:16:18.646268,772,True,True,True,True,Eyes,1.318346,-0.2756029,-2.997924,-0.03716481,-0.07274487,0.996658,0.0,0.0,0.0,0.0,0.0,0.0,0.0,-1.279571,1.069464,2.840129,1.31573,-0.2747409,-3.006786,0.1351573,-0.006378952,-0.001093898,0.9908031,15.53427,359.2307,359.7686,0.4012693,-0.08382605,-0.9121161,0,0,0,1.2886,-0.4539419,-0.8657311,1.15484e-07,0.4008,2.111,0.9999163,-0.003892,0.01234487,0.0004433508,0.9634626,0.2678426,-0.01293627,-0.2678147,0.9633836,static,-2.135537,-4.174548,3.134413e-06,10.75037,-0.710893871459395,9.750516919600075
469,05/17/2023 13:16:18.666379,773,True,True,True,True,Eyes,1.318219,-0.2756099,-2.997918,-0.03700216,-0.07281326,0.996659,0.0,0.0,0.0,0.0,0.0,0.0,0.0,-1.280252,1.069027,2.840055,1.315721,-0.274673,-3.006861,0.1351664,-0.006298811,-0.001255258,0.9908022,15.53521,359.2375,359.7508,0.4012554,-0.08382918,-0.9121218,0,0,0,1.28897,-0.4539096,-0.8658048,8.009374e-08,0.4008,2.111,0.9999175,-0.0041902,0.01214241,0.00078465,0.963457,0.2678621,-0.01282109,-0.2678304,0.9633808,static,-2.126198,-4.178454,2.173867e-06,10.75037,-0.7099086199574853,9.750369248509179
470,05/17/2023 13:16:18.686262,774,True,True,True,True,Eyes,1.318095,-0.2756148,-2.997912,-0.03682934,-0.07286674,0.9966615,0.0,0.0,0.0,0.0,0.0,0.0,0.0,-1.281394,1.068931,2.839584,1.315694,-0.2747326,-3.006874,0.1351375,-0.006094104,-0.00122396,0.9908074,15.53195,359.2622,359.7578,0.4012398,-0.08383235,-0.9121284,0,0,0,1.289815,-0.4538472,-0.8657969,1.266599e-07,0.4008001,2.111,0.9999227,-0.004072502,0.01174536,0.0007783334,0.9634727,0.2678055,-0.01240697,-0.2677756,0.9634014,static,-2.116271,-4.181501,3.437743e-06,10.75037,-0.7089126346540191,9.75026826953164
471,05/17/2023 13:16:18.706083,775,True,True,True,True,Eyes,1.317959,-0.2756193,-2.997904,-0.03663604,-0.07291622,0.9966649,0.0,0.0,0.0,0.0,0.0,0.0,0.0,-1.282527,1.068045,2.839351,1.31564,-0.2746872,-3.00685,0.134984,-0.005882598,-0.001178301,0.9908296,15.51428,359.2879,359.7667,0.4012227,-0.08383548,-0.9121356,0,0,0,1.290659,-0.4531411,-0.8657072,4.842877e-08,0.4008,2.111,0.999928,-0.003923105,0.0113392,0.0007468777,0.9635558,0.2675062,-0.01197541,-0.2674784,0.9634894,static,-2.105167,-4.184317,1.314431e-06,10.75037,-0.7078260575661399,9.7501853298206
472,05/17/2023 13:16:18.716261,776,True,True,True,True,Eyes,1.317825,-0.2756288,-2.997896,-0.03644616,-0.07297027,0.996668,0.0,0.0,0.0,0.0,0.0,0.0,0.0,-1.282979,1.067662,2.839254,1.315581,-0.2746989,-3.00684,0.1348549,-0.005761407,-0.001026888,0.9908482,15.49948,359.3047,359.7866,0.4012038,-0.0838386,-0.9121436,0,0,0,1.291087,-0.4525995,-0.8656455,1.043081e-07,0.4007999,2.111,0.9999315,-0.003588888,0.0111404,0.0004810706,0.9636262,0.2672534,-0.01169432,-0.2672297,0.9635619,static,-2.09426,-4.187395,2.831082e-06,10.75037,-0.7067442742350041,9.750088053726708
473,05/17/2023 13:16:18.736195,777,True,True,True,True,Eyes,1.317689,-0.2756363,-2.997889,-0.03629409,-0.07303914,0.9966685,0.0,0.0,0.0,0.0,0.0,0.0,0.0,-1.283079,1.068612,2.83881,1.31552,-0.2748253,-3.006816,0.1349317,-0.005697443,-0.0008643125,0.9908382,15.50849,359.3148,359.8067,0.4011835,-0.08384185,-0.9121522,0,0,0,1.291264,-0.4530618,-0.8656467,1.005828e-07,0.4008,2.111,0.9999336,-0.003250319,0.01105724,0.0001752564,0.9635854,0.2674008,-0.01152374,-0.2673811,0.963522,static,-2.085528,-4.191331,2.729972e-06,10.75037,-0.7058098806869562,9.749935595965262
474,05/17/2023 13:16:18.756637,778,True,True,True,True,Eyes,1.31756,-0.2756472,-2.997884,-0.03616828,-0.07310142,0.9966685,0.0,0.0,0.0,0.0,0.0,0.0,0.0,-1.28211,1.06926,2.838995,1.315454,-0.2747883,-3.006841,0.1349456,-0.005800293,-0.0006466222,0.9908359,15.51023,359.3062,359.8307,0.4011619,-0.08384515,-0.9121615,0,0,0,1.290707,-0.4530897,-0.8656821,7.82311e-08,0.4007999,2.111,0.9999319,-0.002846841,0.01131976,-0.0002840559,0.9635785,0.2674255,-0.01166879,-0.2674105,0.9635121,static,-2.078305,-4.194892,2.123312e-06,10.75037,-0.7050227928389812,9.749794019995146
475,05/17/2023 13:16:18.767228,779,True,True,True,True,Eyes,1.317444,-0.2756442,-2.997882,-0.03607165,-0.07316075,0.9966677,0.0,0.0,0.0,0.0,0.0,0.0,0.0,-1.280364,1.069842,2.839618,1.315479,-0.2748815,-3.006872,0.1348916,-0.006036496,-0.0003707624,0.9908419,15.50414,359.2827,359.8595,0.4011392,-0.0838486,-0.9121712,0,0,0,1.289657,-0.4529548,-0.8657072,1.005828e-07,0.4008,2.111,0.9999269,-0.002363279,0.0118624,-0.0008938115,0.9636082,0.267317,-0.01206245,-0.2673081,0.9635357,static,-2.072758,-4.198287,2.729972e-06,10.75037,-0.7043876827086551,9.749651836528882
476,05/17/2023 13:16:18.786220,780,True,True,True,True,Eyes,1.317336,-0.2756484,-2.997877,-0.03598396,-0.07321192,0.996667,0.0,0.0,0.0,0.0,0.0,0.0,0.0,-1.279235,1.067769,2.840998,1.315547,-0.2745471,-3.006959,0.1346357,-0.006272951,-0.0005241186,0.9908752,15.4744,359.2525,359.8378,0.4011158,-0.08385174,-0.9121811,0,0,0,1.288746,-0.4515092,-0.865714,6.705523e-08,0.4007999,2.111,0.9999207,-0.002727799,0.01229029,-0.0006504541,0.9637459,0.266821,-0.01257255,-0.2668078,0.9636678,static,-2.067726,-4.201216,1.819981e-06,10.75037,-0.7038185393140034,9.74953049514912
477,05/17/2023 13:16:18.796586,781,True,True,True,True,Eyes,1.317237,-0.275653,-2.997872,-0.03585421,-0.07329233,0.9966658,0.0,0.0,0.0,0.0,0.0,0.0,0.0,-1.279162,1.066952,2.841288,1.31561,-0.2747279,-3.006868,0.1345709,-0.006351551,-0.0007670668,0.9908834,15.46671,359.2394,359.808,0.401092,-0.08385482,-0.9121913,0,0,0,1.288527,-0.451403,-0.8656033,1.508743e-07,0.4008,2.111,0.9999182,-0.003229615,0.01238084,-0.0001893204,0.9637801,0.2666979,-0.01279374,-0.2666784,0.9637007,static,-2.060279,-4.205819,4.094958e-06,10.75037,-0.7029637917210216,9.749337323625754
478,05/17/2023 13:16:18.816197,782,True,True,True,True,Eyes,1.317139,-0.2756613,-2.997868,-0.03570754,-0.07340664,0.9966626,0.0,0.0,0.0,0.0,0.0,0.0,0.0,-1.28014,1.066893,2.840885,1.315667,-0.2747334,-3.006857,0.1348304,-0.00633296,-0.001365259,0.9908476,15.49626,359.2319,359.7376,0.4010681,-0.08385783,-0.9122016,0,0,0,1.288797,-0.4525149,-0.8656811,3.911555e-08,0.4008,2.111,0.999916,-0.004413279,0.01218184,0.0009977764,0.9636378,0.2672101,-0.01291815,-0.2671755,0.9635613,static,-2.051865,-4.212368,1.061656e-06,10.75037,-0.7019354559567528,9.749050746760542
479,05/17/2023 13:16:18.836433,783,True,True,True,True,Eyes,1.317051,-0.275676,-2.997865,-0.03554069,-0.07357081,0.9966565,0.0,0.0,0.0,0.0,0.0,0.0,0.0,-1.281894,1.069133,2.839258,1.315612,-0.2748237,-3.006879,0.1352941,-0.006064765,-0.001523768,0.9907858,15.54984,359.2607,359.7228,0.4010441,-0.0838609,-0.9122118,0,0,0,1.289925,-0.454608,-0.8658559,1.005828e-07,0.4008,2.111,0.9999218,-0.00466051,0.01160545,0.001378402,0.9633864,0.2681135,-0.01243008,-0.2680765,0.9633174,static,-2.042297,-4.221781,2.729972e-06,10.75037,-0.7006748142940915,9.748625253307573
480,05/17/2023 13:16:18.856298,784,True,True,True,True,Eyes,1.316966,-0.2756811,-2.997864,-0.03535913,-0.07373246,0.9966511,0.0,0.0,0.0,0.0,0.0,0.0,0.0,-1.282898,1.071805,2.83785,1.315625,-0.2749823,-3.006909,0.1355765,-0.005810129,-0.001139393,0.9907492,15.58284,359.2968,359.772,0.4010203,-0.08386421,-0.9122219,0,0,0,1.290943,-0.4559984,-0.8659775,8.754432e-08,0.4007999,2.111,0.9999299,-0.003833139,0.01120381,0.0006822718,0.9632355,0.2686578,-0.01182171,-0.2686313,0.9631705,static,-2.031884,-4.231046,2.376087e-06,10.75037,-0.6993483060259341,9.748211806671634
481,05/17/2023 13:16:19.386493,816,True,True,True,True,Eyes,1.316312,-0.2766594,-2.998303,0.1255419,-0.1661976,0.9780682,0.0,0.0,0.0,0.0,0.0,0.0,0.0,-1.283918,1.067117,2.839537,1.315934,-0.2748515,-3.007147,0.134805,-0.005703266,-0.001208455,0.990855,15.4936,359.3086,359.7662,0.4005452,-0.08404303,-0.9124142,0,0,0,1.637134,-0.6506739,-0.8731055,0.3460801,0.2082399,2.153,0.9999321,-0.003932465,0.01097641,0.0008571501,0.9636523,0.2671582,-0.01162803,-0.2671307,0.9635901,static,7.314321,-9.643831,9.131792,5.524511,0.35648007942628124,9.524226587071878
482,05/17/2023 13:16:19.405936,817,True,True,True,True,Eyes,1.316275,-0.276659,-2.9983,0.1255071,-0.1662513,0.9780636,0.0,0.0,0.0,0.0,0.0,0.0,0.0,-1.283741,1.067072,2.839637,1.315954,-0.2748714,-3.007138,0.134869,-0.005777011,-0.001384998,0.9908457,15.50085,359.2971,359.7441,0.4005465,-0.08405757,-0.9124123,0,0,0,1.636804,-0.6510922,-0.8731145,0.3460801,0.2082399,2.153,0.9999294,-0.004302918,0.01107467,0.001186359,0.9636168,0.2672847,-0.01182184,-0.2672527,0.963554,static,7.312349,-9.646937,9.131791,5.524511,0.35645453359658785,9.524058585536446
483,05/17/2023 13:16:19.416185,818,True,True,True,True,Eyes,1.316239,-0.2766595,-2.998298,0.1254757,-0.1663054,0.9780585,0.0,0.0,0.0,0.0,0.0,0.0,0.0,-1.28378,1.067193,2.839597,1.31598,-0.2748608,-3.00715,0.1349274,-0.005793559,-0.001466873,0.9908376,15.50754,359.2938,359.7342,0.4005468,-0.08407069,-0.912411,0,0,0,1.636744,-0.6513882,-0.8731679,0.34608,0.2082399,2.153,0.9999286,-0.004470285,0.01108511,0.001343447,0.9635849,0.2673992,-0.01187679,-0.2673652,0.9635221,static,7.310575,-9.650066,9.131788,5.524511,0.3564470995197908,9.523890484038699
484,05/17/2023 13:16:19.436399,819,True,True,True,True,Eyes,1.316215,-0.2766604,-2.998295,0.1254468,-0.166372,0.9780509,0.0,0.0,0.0,0.0,0.0,0.0,0.0,-1.284105,1.067027,2.839512,1.315991,-0.2748848,-3.007142,0.1349448,-0.005764993,-0.001574296,0.9908352,15.50949,359.2954,359.722,0.4005462,-0.08408256,-0.9124101,0,0,0,1.63686,-0.6515558,-0.873201,0.3460802,0.2082401,2.153,0.9999286,-0.004675647,0.01099943,0.001563823,0.9635749,0.2674342,-0.0118492,-0.2673979,0.9635133,static,7.308966,-9.653931,9.131794,5.524515,0.356488039546879,9.523685975340891
485,05/17/2023 13:16:19.446456,820,True,True,True,True,Eyes,1.316193,-0.2766608,-2.998291,0.1254256,-0.166434,0.978043,0.0,0.0,0.0,0.0,0.0,0.0,0.0,-1.284381,1.066916,2.839449,1.316039,-0.274882,-3.007141,0.1349265,-0.005725513,-0.001569912,0.9908379,15.50739,359.3001,359.7231,0.4005451,-0.0840933,-0.9124096,0,0,0,1.637081,-0.6514683,-0.8732101,0.34608,0.2082399,2.153,0.9999295,-0.004656103,0.01092247,0.001566009,0.9635848,0.2673986,-0.01176976,-0.2673627,0.9635241,static,7.307804,-9.657539,9.13179,5.524511,0.3565555255631183,9.523496895003666
486,05/17/2023 13:16:19.466352,821,True,True,True,True,Eyes,1.316193,-0.2766627,-2.99829,0.1253994,-0.1665172,0.9780322,0.0,0.0,0.0,0.0,0.0,0.0,0.0,-1.284939,1.066672,2.839267,1.316075,-0.274873,-3.007106,0.1349015,-0.005641992,-0.001590642,0.9908417,15.50451,359.3097,359.7221,0.4005435,-0.08410302,-0.9124094,0,0,0,1.637475,-0.6513584,-0.8732115,0.3460801,0.20824,2.153,0.9999313,-0.004674375,0.01075148,0.001629922,0.9635981,0.26735,-0.0116098,-0.2673141,0.9635395,static,7.306372,-9.662379,9.131793,5.524513,0.3566569688967265,9.523243932900982
487,05/17/2023 13:16:19.486426,822,True,True,True,True,Eyes,1.316194,-0.276663,-2.998291,0.1253753,-0.166601,0.978021,0.0,0.0,0.0,0.0,0.0,0.0,0.0,-1.285234,1.066498,2.839253,1.316062,-0.2748913,-3.007161,0.1348552,-0.005582457,-0.001559719,0.9908485,15.49918,359.3172,359.7267,0.4005421,-0.08411182,-0.9124092,0,0,0,1.637725,-0.6511519,-0.8732669,0.34608,0.20824,2.153,0.9999328,-0.004596537,0.01064207,0.001585243,0.9636233,0.2672595,-0.01148341,-0.2672247,0.9635658,static,7.305065,-9.667258,9.13179,5.524512,0.3567709829603136,9.522989667232716
488,05/17/2023 13:16:19.506844,823,True,True,True,True,Eyes,1.316198,-0.2766635,-2.99829,0.1253452,-0.166695,0.9780089,0.0,0.0,0.0,0.0,0.0,0.0,0.0,-1.285464,1.066404,2.839234,1.316045,-0.274853,-3.007218,0.1348915,-0.005565006,-0.001665868,0.9908434,15.50332,359.3175,359.7144,0.4005409,-0.08411974,-0.912409,0,0,0,1.637766,-0.6513386,-0.8733725,0.3460801,0.2082399,2.153,0.9999325,-0.004802573,0.01057868,0.001799885,0.963603,0.2673312,-0.01147752,-0.2672942,0.9635466,static,7.303424,-9.672727,9.131793,5.524511,0.3568836385659906,9.522703707280845
489,05/17/2023 13:16:19.516654,824,True,True,True,True,Eyes,1.316201,-0.276664,-2.998289,0.1253169,-0.166779,0.9779981,0.0,0.0,0.0,0.0,0.0,0.0,0.0,-1.285281,1.065558,2.839563,1.316045,-0.2748501,-3.007151,0.1347624,-0.005604627,-0.00170531,0.9908607,15.48835,359.3123,359.7093,0.4005399,-0.08412689,-0.9124088,0,0,0,1.637588,-0.6508095,-0.8731858,0.34608,0.20824,2.153,0.9999313,-0.004890035,0.01064718,0.001868864,0.9636725,0.2670806,-0.01156643,-0.2670423,0.9636154,static,7.301869,-9.677612,9.13179,5.524512,0.3569765832634395,9.522447802997606
490,05/17/2023 13:16:19.536374,825,True,True,True,True,Eyes,1.316212,-0.2766668,-2.998286,0.1252832,-0.166889,0.9779838,0.0,0.0,0.0,0.0,0.0,0.0,0.0,-1.285361,1.06495,2.839739,1.316015,-0.2748552,-3.007149,0.1346776,-0.005596812,-0.001753727,0.9908723,15.47851,359.3125,359.7038,0.4005391,-0.08413333,-0.9124085,0,0,0,1.637584,-0.6504812,-0.873129,0.34608,0.2082399,2.153,0.9999312,-0.004982969,0.01061908,0.001967908,0.9637178,0.2669162,-0.01156383,-0.266877,0.9636612,static,7.300035,-9.684016,9.13179,5.524511,0.3571160353262186,9.522113425444642
491,05/17/2023 13:16:19.556305,826,True,True,True,True,Eyes,1.316222,-0.2766707,-2.998286,0.1252421,-0.1669999,0.9779701,0.0,0.0,0.0,0.0,0.0,0.0,0.0,-1.285236,1.065451,2.839561,1.315989,-0.2748956,-3.007113,0.1347246,-0.005595936,-0.001674795,0.9908659,15.484,359.3138,359.713,0.4005387,-0.08413921,-0.9124082,0,0,0,1.637575,-0.6506714,-0.8731214,0.34608,0.2082398,2.153,0.9999318,-0.004826814,0.01063837,0.001811174,0.963693,0.2670067,-0.01154092,-0.2669692,0.963636,static,7.297764,-9.690458,9.13179,5.524508,0.3572196345209364,9.521774770671453
492,05/17/2023 13:16:19.566843,827,True,True,True,True,Eyes,1.316233,-0.2766715,-2.998284,0.1252285,-0.167124,0.9779506,0.0,0.0,0.0,0.0,0.0,0.0,0.0,-1.284369,1.066361,2.839691,1.315994,-0.2749265,-3.007183,0.1348068,-0.005712432,-0.001539119,0.9908544,15.49356,359.3022,359.7271,0.4005385,-0.08414461,-0.9124078,0,0,0,1.637098,-0.6509759,-0.8731675,0.3460801,0.2082399,2.153,0.99993,-0.004590236,0.01090541,0.001509937,0.9636495,0.2671654,-0.01173534,-0.2671302,0.963589,static,7.297126,-9.697714,9.131791,5.524511,0.35750159517519786,9.521403656070113
493,05/17/2023 13:16:19.586596,828,True,True,True,True,Eyes,1.316243,-0.2766702,-2.998284,0.1252231,-0.1672461,0.9779304,0.0,0.0,0.0,0.0,0.0,0.0,0.0,-1.284528,1.066804,2.839449,1.316051,-0.2748419,-3.007163,0.1349185,-0.00570482,-0.001580119,0.9908391,15.50646,359.3024,359.7223,0.4005387,-0.08414949,-0.9124072,0,0,0,1.637181,-0.6513986,-0.8732404,0.3460801,0.2082399,2.153,0.9999299,-0.004670658,0.01087874,0.001591915,0.963589,0.2673831,-0.01173149,-0.267347,0.9635289,static,7.296963,-9.704861,9.131792,5.524511,0.3578193833797363,9.521040620944337
494,05/17/2023 13:16:19.606364,829,True,True,True,True,Eyes,1.31625,-0.2766688,-2.998285,0.1252433,-0.1673765,0.9779056,0.0,0.0,0.0,0.0,0.0,0.0,0.0,-1.2853,1.066513,2.839226,1.316055,-0.2747909,-3.007181,0.1349401,-0.005604403,-0.001709657,0.9908365,15.50889,359.3122,359.7086,0.4005392,-0.08415384,-0.9124066,0,0,0,1.637597,-0.651518,-0.8733509,0.3460802,0.2082398,2.153,0.9999313,-0.004900499,0.01064469,0.001875464,0.9635765,0.2674263,-0.0115675,-0.267388,0.9635195,static,7.29831,-9.712524,9.131792,5.524508,0.35829110968094935,9.520659564554418
495,05/17/2023 13:16:19.616424,830,True,True,True,True,Eyes,1.316257,-0.2766706,-2.998284,0.1252736,-0.1674954,0.9778813,0.0,0.0,0.0,0.0,0.0,0.0,0.0,-1.285632,1.066092,2.839266,1.316006,-0.2747825,-3.007234,0.134853,-0.005531177,-0.001672047,0.9908488,15.49887,359.3214,359.7143,0.4005397,-0.08415769,-0.912406,0,0,0,1.637873,-0.6511039,-0.8733808,0.3460802,0.2082399,2.153,0.9999332,-0.004805284,0.01051016,0.0018217,0.9636237,0.2672564,-0.01141208,-0.2672194,0.9635681,static,7.300236,-9.719528,9.131795,5.524511,0.3587820806152848,9.520315017300632
496,05/17/2023 13:16:19.636409,831,True,True,True,True,Eyes,1.31626,-0.2766701,-2.998283,0.1253297,-0.1676181,0.9778531,0.0,0.0,0.0,0.0,0.0,0.0,0.0,-1.286232,1.066126,2.83894,1.316005,-0.274865,-3.007188,0.134794,-0.005398534,-0.001535748,0.9908578,15.49218,359.3393,359.7325,0.4005404,-0.08416121,-0.9124054,0,0,0,1.638469,-0.6508312,-0.8733624,0.3460801,0.2082399,2.153,0.999937,-0.004498796,0.01028434,0.001588035,0.9636564,0.26714,-0.01111238,-0.2671069,0.9636028,static,7.303679,-9.726789,9.131791,5.524511,0.35941556741527547,9.51996561068795
497,05/17/2023 13:16:19.656365,832,True,True,True,True,Eyes,1.316262,-0.2766718,-2.998281,0.1253921,-0.1677337,0.9778253,0.0,0.0,0.0,0.0,0.0,0.0,0.0,-1.286895,1.065631,2.838807,1.316006,-0.2748085,-3.007175,0.1346918,-0.005269075,-0.001460548,0.9908724,15.48044,359.3558,359.7435,0.4005411,-0.08416436,-0.9124048,0,0,0,1.639044,-0.6502738,-0.8733487,0.3460801,0.2082399,2.153,0.9999402,-0.004313836,0.01004852,0.001475032,0.9637119,0.2669401,-0.01083541,-0.2669093,0.9636607,static,7.307482,-9.733644,9.131793,5.524511,0.36006119347344256,9.519638714493036
498,05/17/2023 13:16:19.666688,833,True,True,True,True,Eyes,1.31627,-0.2766712,-2.998281,0.1254965,-0.1678646,0.9777894,0.0,0.0,0.0,0.0,0.0,0.0,0.0,-1.287377,1.065791,2.838527,1.315991,-0.2748625,-3.007176,0.1346782,-0.005165267,-0.001373971,0.990875,15.47895,359.3694,359.7554,0.4005418,-0.08416725,-0.9124042,0,0,0,1.639493,-0.6502032,-0.8733978,0.34608,0.2082399,2.153,0.9999428,-0.004114165,0.00986618,0.00133157,0.9637198,0.2669127,-0.01060636,-0.2668843,0.9636703,static,7.313765,-9.741443,9.13179,5.524511,0.36096412667875377,9.519277329032276
499,05/17/2023 13:16:19.686686,834,True,True,True,True,Eyes,1.316275,-0.2766744,-2.998281,0.125586,-0.1679917,0.9777561,0.0,0.0,0.0,0.0,0.0,0.0,0.0,-1.287425,1.066155,2.838348,1.315926,-0.2747974,-3.007191,0.1347418,-0.005140369,-0.00134765,0.9908665,15.48633,359.3727,359.7589,0.4005426,-0.08416983,-0.9124036,0,0,0,1.63954,-0.6503922,-0.8734742,0.3460802,0.2082399,2.153,0.9999435,-0.004055928,0.009823669,0.001285438,0.9636857,0.2670361,-0.01055001,-0.2670084,0.9636364,static,7.319172,-9.749002,9.131794,5.524511,0.3617805108104011,9.518923390949329
500,05/17/2023 13:16:19.696816,835,True,True,True,True,Eyes,1.316296,-0.276672,-2.998279,0.1256799,-0.1680848,0.977728,0.0,0.0,0.0,0.0,0.0,0.0,0.0,-1.286314,1.066997,2.838534,1.315897,-0.274893,-3.007194,0.1347822,-0.005282039,-0.001166521,0.9908606,15.49108,359.3589,359.7779,0.4005435,-0.08417223,-0.9124029,0,0,0,1.638928,-0.6505537,-0.8734004,0.3460802,0.20824,2.153,0.9999415,-0.003735569,0.01015307,0.0008878689,0.9636648,0.2671131,-0.01078198,-0.2670885,0.9636117,static,7.324794,-9.754579,9.131794,5.524512,0.362523382373104,9.518671043200243
501,05/17/2023 13:16:19.716044,836,True,True,True,True,Eyes,1.316321,-0.2766667,-2.998278,0.1257474,-0.1681656,0.9777055,0.0,0.0,0.0,0.0,0.0,0.0,0.0,-1.285343,1.066473,2.839108,1.315926,-0.274745,-3.007134,0.1346043,-0.005396852,-0.0009297078,0.9908844,15.47063,359.3493,359.8041,0.4005449,-0.08417431,-0.9124022,0,0,0,1.6385,-0.6494926,-0.8731115,0.34608,0.2082399,2.153,0.99994,-0.003295345,0.01044503,0.000389587,0.9637616,0.2667646,-0.0109456,-0.2667445,0.9637051,static,7.328848,-9.759395,9.13179,5.524511,0.3630959483726397,9.51844881941365
502,05/17/2023 13:16:19.736371,837,True,True,True,True,Eyes,1.316352,-0.276664,-2.998279,0.1258297,-0.1682391,0.9776822,0.0,0.0,0.0,0.0,0.0,0.0,0.0,-1.283676,1.066066,2.840113,1.316053,-0.2746754,-3.007178,0.1344973,-0.005685859,-0.0008684435,0.9908973,15.45825,359.3163,359.8068,0.4005468,-0.084176,-0.9124012,0,0,0,1.637387,-0.6489469,-0.8728842,0.3460802,0.20824,2.153,0.9999338,-0.003250542,0.0110346,0.000191611,0.9638194,0.2665559,-0.01150181,-0.2665361,0.9637563,static,7.333768,-9.763806,9.131794,5.524512,0.3637242567274399,9.518251778343002
503,05/17/2023 13:16:19.756372,838,True,True,True,True,Eyes,1.316381,-0.2766596,-2.998276,0.1259264,-0.1683388,0.9776525,0.0,0.0,0.0,0.0,0.0,0.0,0.0,-1.2839,1.064737,2.840595,1.316178,-0.2747302,-3.007198,0.1345816,-0.005839555,-0.001615653,0.9908841,15.46744,359.2861,359.7162,0.4005493,-0.0841774,-0.9123999,0,0,0,1.63672,-0.6498719,-0.8729385,0.34608,0.20824,2.153,0.9999266,-0.004773644,0.01113777,0.001630056,0.9637703,0.2667285,-0.01200752,-0.2666907,0.9637074,static,7.339565,-9.769774,9.13179,5.524513,0.3645003456155107,9.517980559297516
504,05/17/2023 13:16:19.766795,839,True,True,True,True,Eyes,1.316408,-0.276662,-2.998275,0.1260451,-0.1684533,0.9776176,0.0,0.0,0.0,0.0,0.0,0.0,0.0,-1.286441,1.064091,2.839592,1.316166,-0.2746764,-3.007118,0.1348505,-0.00558667,-0.002398489,0.9908474,15.49805,359.3033,359.6278,0.4005523,-0.08417851,-0.9123986,0,0,0,1.637668,-0.6514724,-0.8732941,0.3460801,0.2082399,2.153,0.9999261,-0.006259804,0.0104242,0.003246343,0.9636192,0.2672592,-0.01171795,-0.2672057,0.9635683,static,7.346666,-9.776631,9.131792,5.52451,0.365429957603133,9.51767130950031
505,05/17/2023 13:16:19.786248,840,True,True,True,True,Eyes,1.316437,-0.2766654,-2.998273,0.1261815,-0.1685691,0.9775801,0.0,0.0,0.0,0.0,0.0,0.0,0.0,-1.28691,1.065799,2.838749,1.316078,-0.2748375,-3.007153,0.135067,-0.00546241,-0.002262565,0.9908189,15.52324,359.3199,359.6456,0.4005557,-0.08417956,-0.912397,0,0,0,1.638139,-0.6524654,-0.8735601,0.34608,0.2082401,2.153,0.9999301,-0.005959168,0.01021332,0.003008002,0.9635035,0.2676786,-0.01143571,-0.2676292,0.9634541,static,7.354807,-9.783591,9.131791,5.524516,0.3664538752406492,9.5173624370325
506,05/17/2023 13:16:19.806464,841,True,True,True,True,Eyes,1.316447,-0.2766638,-2.99827,0.1263518,-0.1686852,0.977538,0.0,0.0,0.0,0.0,0.0,0.0,0.0,-1.288051,1.067436,2.837624,1.316132,-0.2748638,-3.007133,0.1351977,-0.00519369,-0.001887164,0.9908033,15.53869,359.3576,359.6941,0.4005595,-0.08418058,-0.9123952,0,0,0,1.639421,-0.6527831,-0.8737773,0.3460802,0.2082399,2.153,0.9999389,-0.005143966,0.00978157,0.002335267,0.9634361,0.2679282,-0.01080213,-0.267889,0.9633892,static,7.364942,-9.790612,9.131794,5.524511,0.3676522692384505,9.517061203971132
507,05/17/2023 13:16:19.816444,842,True,True,True,True,Eyes,1.316454,-0.2766603,-2.99827,0.1265222,-0.1687897,0.9774979,0.0,0.0,0.0,0.0,0.0,0.0,0.0,-1.289777,1.068018,2.836606,1.316184,-0.274755,-3.007107,0.1353374,-0.004910977,-0.001887672,0.9907857,15.55494,359.3908,359.6985,0.4005632,-0.08418144,-0.9123935,0,0,0,1.640695,-0.6532526,-0.8740395,0.34608,0.2082399,2.153,0.9999446,-0.005069835,0.009220505,0.002411279,0.9633604,0.2681993,-0.0102424,-0.2681622,0.9633194,static,7.375061,-9.796957,9.13179,5.524511,0.36881790077459287,9.516794139569795
508,05/17/2023 13:16:19.836399,843,True,True,True,True,Eyes,1.31645,-0.2766574,-2.998272,0.1267048,-0.1688924,0.9774566,0.0,0.0,0.0,0.0,0.0,0.0,0.0,-1.290273,1.067347,2.836693,1.316118,-0.2747054,-3.007197,0.1352463,-0.004823899,-0.001924695,0.9907985,15.54441,359.4005,359.6956,0.4005668,-0.08418211,-0.9123919,0,0,0,1.641,-0.6528285,-0.8741196,0.3460802,0.20824,2.153,0.9999461,-0.005118799,0.009038408,0.002509141,0.9634095,0.2680223,-0.01007964,-0.2679851,0.9633703,static,7.385894,-9.803208,9.131794,5.524512,0.3700406294870513,9.516535680699487
509,05/17/2023 13:16:19.846803,844,True,True,True,True,Eyes,1.316447,-0.2766538,-2.998276,0.1268641,-0.1689796,0.9774208,0.0,0.0,0.0,0.0,0.0,0.0,0.0,-1.289356,1.067995,2.836882,1.315997,-0.274723,-3.007263,0.135275,-0.004922072,-0.001764645,0.9907943,15.54779,359.3915,359.7128,0.4005698,-0.08418263,-0.9123905,0,0,0,1.640482,-0.6528711,-0.87413,0.3460799,0.2082399,2.153,0.9999453,-0.004828468,0.009276097,0.002165135,0.9633951,0.2680768,-0.01023095,-0.268042,0.9633529,static,7.395347,-9.808524,9.131788,5.524511,0.3711011573138885,9.516317174542465
510,05/17/2023 13:16:19.866582,845,True,True,True,True,Eyes,1.316439,-0.2766491,-2.998278,0.1270134,-0.1690346,0.9773919,0.0,0.0,0.0,0.0,0.0,0.0,0.0,-1.287866,1.067872,2.837644,1.316004,-0.2747043,-3.007298,0.1351537,-0.005130349,-0.001569721,0.9908102,15.53382,359.3702,359.7325,0.4005725,-0.08418297,-0.9123893,0,0,0,1.639621,-0.6522183,-0.873921,0.34608,0.2082399,2.153,0.9999424,-0.004497363,0.009742095,0.001723821,0.9634621,0.2678394,-0.01059071,-0.2678072,0.9634143,static,7.40417,-9.811934,9.131791,5.524511,0.37201896316650984,9.516191860338447
511,05/17/2023 13:16:19.886276,846,True,True,True,True,Eyes,1.316432,-0.2766422,-2.998277,0.1271469,-0.1690782,0.977367,0.0,0.0,0.0,0.0,0.0,0.0,0.0,-1.286415,1.067026,2.838593,1.316044,-0.2746802,-3.007257,0.1349656,-0.005366381,-0.001500713,0.9908347,15.51205,359.3436,359.737,0.4005746,-0.08418314,-0.9123884,0,0,0,1.638652,-0.651359,-0.8735796,0.3460801,0.20824,2.153,0.9999379,-0.00442247,0.0102293,0.001525362,0.963564,0.2674734,-0.01103948,-0.2674412,0.963511,static,7.412055,-9.814661,9.13179,5.524512,0.37282431545809436,9.516096107884614
512,05/17/2023 13:16:19.906138,847,True,True,True,True,Eyes,1.316428,-0.2766395,-2.998275,0.1272843,-0.1691066,0.9773442,0.0,0.0,0.0,0.0,0.0,0.0,0.0,-1.285763,1.066221,2.839139,1.316073,-0.274624,-3.007201,0.1348434,-0.005488528,-0.001532144,0.9908506,15.49787,359.3287,359.7315,0.4005764,-0.0841831,-0.9123876,0,0,0,1.638148,-0.6508076,-0.8733552,0.34608,0.20824,2.153,0.9999351,-0.004516434,0.01046342,0.001556067,0.9636298,0.2672361,-0.01128982,-0.2672025,0.9635742,static,7.420147,-9.816505,9.13179,5.524513,0.3736064906620973,9.516046213389306
513,05/17/2023 13:16:19.916515,848,True,True,True,True,Eyes,1.316427,-0.2766387,-2.99827,0.1274172,-0.1691383,0.9773214,0.0,0.0,0.0,0.0,0.0,0.0,0.0,-1.285296,1.066247,2.839339,1.316116,-0.2747222,-3.007171,0.1348093,-0.005565183,-0.001490467,0.9908549,15.49393,359.3204,359.7352,0.4005779,-0.08418298,-0.912387,0,0,0,1.637866,-0.6507379,-0.8732466,0.3460801,0.20824,2.153,0.9999337,-0.00445415,0.01062672,0.001453197,0.9636485,0.2671694,-0.01143043,-0.2671363,0.963591,static,7.427975,-9.818532,9.13179,5.524511,0.3743744369300912,9.515985625104912
514,05/17/2023 13:16:19.937405,849,True,True,True,True,Eyes,1.316426,-0.2766399,-2.998268,0.127579,-0.1691824,0.9772927,0.0,0.0,0.0,0.0,0.0,0.0,0.0,-1.28547,1.066545,2.839121,1.316203,-0.274767,-3.007104,0.1348632,-0.005553397,-0.001502651,0.9908476,15.50015,359.3215,359.7339,0.4005793,-0.08418287,-0.9123864,0,0,0,1.638001,-0.6510217,-0.8732297,0.3460801,0.2082399,2.153,0.9999338,-0.004475695,0.01059984,0.001479899,0.9636193,0.2672744,-0.01141045,-0.267241,0.9635621,static,7.437523,-9.821328,9.131793,5.524512,0.37532614440031864,9.515895325443772
515,05/17/2023 13:16:19.956371,850,True,True,True,True,Eyes,1.316423,-0.2766381,-2.998266,0.1277449,-0.1692475,0.9772598,0.0,0.0,0.0,0.0,0.0,0.0,0.0,-1.286207,1.066615,2.838826,1.316206,-0.274812,-3.00716,0.1349396,-0.005464325,-0.001655194,0.9908373,15.50892,359.3296,359.7173,0.4005806,-0.08418281,-0.9123858,0,0,0,1.638364,-0.6514895,-0.8734139,0.3460801,0.2082399,2.153,0.9999349,-0.004754764,0.01038181,0.001805347,0.9635771,0.2674246,-0.01127522,-0.2673884,0.9635229,static,7.447332,-9.825356,9.131791,5.524511,0.3763575178665821,9.515744001522213
516,05/17/2023 13:16:19.966826,851,True,True,True,True,Eyes,1.316403,-0.2766322,-2.998264,0.1279146,-0.1693183,0.9772252,0.0,0.0,0.0,0.0,0.0,0.0,0.0,-1.287224,1.067585,2.837991,1.31617,-0.274735,-3.007174,0.1352068,-0.005325497,-0.001824354,0.9908015,15.53974,359.343,359.6994,0.4005817,-0.0841827,-0.9123853,0,0,0,1.638898,-0.6526627,-0.8737354,0.3460801,0.2082399,2.153,0.9999366,-0.005055233,0.01005969,0.002175059,0.9634317,0.2679456,-0.01104635,-0.2679067,0.9633815,static,7.457377,-9.829729,9.131792,5.52451,0.37742522388340083,9.515576465512883
517,05/17/2023 13:16:19.987221,852,True,True,True,True,Eyes,1.316384,-0.2766352,-2.998262,0.1280712,-0.1693819,0.9771937,0.0,0.0,0.0,0.0,0.0,0.0,0.0,-1.287334,1.068002,2.837767,1.316142,-0.2746419,-3.007178,0.1352057,-0.005254586,-0.001616028,0.9908024,15.53978,359.3548,359.7251,0.4005822,-0.08418246,-0.9123852,0,0,0,1.639213,-0.652421,-0.8737647,0.3460802,0.20824,2.153,0.9999396,-0.004623228,0.009975519,0.001781427,0.9634336,0.2679413,-0.0108495,-0.2679074,0.9633836,static,7.466637,-9.833658,9.131794,5.524512,0.37840474287457093,9.515427203821451
518,05/17/2023 13:16:20.006018,853,True,True,True,True,Eyes,1.316368,-0.2766273,-2.998258,0.1282187,-0.1694234,0.9771671,0.0,0.0,0.0,0.0,0.0,0.0,0.0,-1.286425,1.068865,2.83788,1.316154,-0.2748597,-3.007177,0.1351871,-0.005346141,-0.001334366,0.9908049,15.53779,359.3485,359.7568,0.4005821,-0.08418236,-0.9123852,0,0,0,1.638877,-0.6523795,-0.8736658,0.34608,0.20824,2.153,0.9999393,-0.004089651,0.01023319,0.001198733,0.9634453,0.2679024,-0.01095474,-0.2678739,0.9633917,static,7.475345,-9.836283,9.131791,5.524514,0.3792762036810551,9.515341048849276
519,05/17/2023 13:16:20.016640,854,True,True,True,True,Eyes,1.316349,-0.276622,-2.998254,0.1283585,-0.1694685,0.977141,0.0,0.0,0.0,0.0,0.0,0.0,0.0,-1.28615,1.066778,2.838726,1.316176,-0.2745883,-3.007133,0.1350872,-0.00551106,-0.001839211,0.9908167,15.52585,359.321,359.6947,0.4005817,-0.08418205,-0.9123853,0,0,0,1.638099,-0.6520265,-0.8734855,0.3460801,0.20824,2.153,0.9999325,-0.00513359,0.01042399,0.002155695,0.9634961,0.2677135,-0.01141781,-0.267673,0.9634421,static,7.483595,-9.839109,9.131791,5.524513,0.3801175716588918,9.515242243994079
520,05/17/2023 13:16:20.036501,855,True,True,True,True,Eyes,1.316317,-0.2766235,-2.998248,0.1284965,-0.1694819,0.9771206,0.0,0.0,0.0,0.0,0.0,0.0,0.0,-1.286191,1.066603,2.838715,1.316075,-0.2746472,-3.007116,0.1351287,-0.005528827,-0.002021763,0.9908106,15.53051,359.316,359.6729,0.4005809,-0.08418164,-0.9123857,0,0,0,1.637889,-0.6523864,-0.8735061,0.34608,0.2082401,2.153,0.9999307,-0.005500574,0.01040964,0.002512161,0.9634722,0.2677962,-0.01150244,-0.2677515,0.9634193,static,7.491705,-9.840073,9.13179,5.524515,0.38086043986792495,9.515237038361057
521,05/17/2023 13:16:20.047096,856,True,True,True,True,Eyes,1.316287,-0.2766214,-2.998243,0.1286246,-0.1694937,0.9771016,0.0,0.0,0.0,0.0,0.0,0.0,0.0,-1.285086,1.067592,2.838813,1.316026,-0.2748182,-3.007093,0.1351117,-0.005628749,-0.001676176,0.990813,15.52876,359.3098,359.712,0.4005795,-0.08418136,-0.9123864,0,0,0,1.637467,-0.6522638,-0.873375,0.34608,0.2082399,2.153,0.999931,-0.004842574,0.01070113,0.001800533,0.963484,0.2677598,-0.01160702,-0.2677221,0.9634263,static,7.499234,-9.840934,9.13179,5.524511,0.3815485133187937,9.515233925445369
522,05/17/2023 13:16:20.066798,857,True,True,True,True,Eyes,1.316252,-0.2766193,-2.998236,0.1287457,-0.169514,0.9770821,0.0,0.0,0.0,0.0,0.0,0.0,0.0,-1.284377,1.068316,2.838886,1.31604,-0.2747288,-3.007118,0.1351336,-0.005693164,-0.001421706,0.9908101,15.53145,359.3062,359.741,0.4005775,-0.08418109,-0.9123873,0,0,0,1.637246,-0.6521053,-0.8733516,0.3460802,0.20824,2.153,0.9999312,-0.004355957,0.01089745,0.001278606,0.9634738,0.2677996,-0.01166593,-0.2677672,0.963413,static,7.506363,-9.842278,9.131793,5.524511,0.38222457923516995,9.515204185057495
523,05/17/2023 13:16:20.086223,858,True,True,True,True,Eyes,1.31622,-0.2766165,-2.998229,0.1288682,-0.1695434,0.9770609,0.0,0.0,0.0,0.0,0.0,0.0,0.0,-1.284695,1.069016,2.838432,1.316065,-0.27473,-3.007062,0.1351939,-0.005608481,-0.001266859,0.9908025,15.53855,359.3187,359.7605,0.4005749,-0.08418084,-0.9123884,0,0,0,1.637664,-0.6522564,-0.8733823,0.34608,0.20824,2.153,0.9999339,-0.004026879,0.01077125,0.0009939488,0.963442,0.2679151,-0.01145634,-0.2678867,0.9633823,static,7.513587,-9.844163,9.13179,5.524514,0.3829339402131824,9.51514754195529
524,05/17/2023 13:16:20.106142,859,True,True,True,True,Eyes,1.316182,-0.2766103,-2.998223,0.1289677,-0.1695759,0.9770421,0.0,0.0,0.0,0.0,0.0,0.0,0.0,-1.285278,1.069506,2.837967,1.316092,-0.2747052,-3.007038,0.1353151,-0.005527343,-0.001322208,0.9907863,15.55255,359.3273,359.7552,0.4005717,-0.08418058,-0.9123899,0,0,0,1.638032,-0.6527829,-0.873507,0.34608,0.20824,2.153,0.9999354,-0.004115915,0.010595,0.001124185,0.9633762,0.2681512,-0.01131066,-0.268122,0.9633186,static,7.519463,-9.8462,9.131789,5.524512,0.38353432186860603,9.51507594251835
525,05/17/2023 13:16:20.116474,860,True,True,True,True,Eyes,1.316147,-0.2766034,-2.99822,0.1290678,-0.1695992,0.9770249,0.0,0.0,0.0,0.0,0.0,0.0,0.0,-1.28554,1.069582,2.83786,1.316073,-0.2746235,-3.007092,0.1353491,-0.005483015,-0.001336991,0.9907819,15.55649,359.3323,359.7542,0.4005681,-0.08418021,-0.9123915,0,0,0,1.638202,-0.6528538,-0.8736165,0.3460802,0.2082399,2.153,0.9999363,-0.004133575,0.01050302,0.00116509,0.9633576,0.2682176,-0.01122686,-0.2681883,0.9633011,static,7.525365,-9.847697,9.131794,5.524511,0.38411187061543894,9.515031846268231
526,05/17/2023 13:16:20.136512,861,True,True,True,True,Eyes,1.316108,-0.2765948,-2.998211,0.1291843,-0.1696274,0.9770046,0.0,0.0,0.0,0.0,0.0,0.0,0.0,-1.286025,1.06869,2.838046,1.316074,-0.2746003,-3.007159,0.1352376,-0.005421204,-0.001425934,0.9907974,15.54355,359.3382,359.7448,0.4005639,-0.08417971,-0.9123934,0,0,0,1.638456,-0.6524046,-0.8736462,0.3460801,0.2082401,2.153,0.9999372,-0.004291925,0.01035695,0.001359321,0.9634175,0.2680017,-0.01112831,-0.2679708,0.9633628,static,7.532231,-9.849502,9.13179,5.524515,0.38478670059753695,9.51497733045518
527,05/17/2023 13:16:20.156157,862,True,True,True,True,Eyes,1.316071,-0.2765936,-2.998205,0.1292958,-0.1696568,0.9769847,0.0,0.0,0.0,0.0,0.0,0.0,0.0,-1.287199,1.067698,2.837747,1.316123,-0.2745591,-3.00701,0.1351594,-0.005267008,-0.001584775,0.9908087,15.53444,359.3538,359.7286,0.4005592,-0.08417906,-0.9123955,0,0,0,1.639146,-0.6521193,-0.8735506,0.3460801,0.20824,2.153,0.9999395,-0.004564189,0.0100088,0.001716646,0.9634588,0.267851,-0.01086559,-0.2678176,0.9634084,static,7.538813,-9.851371,9.131791,5.524513,0.38544005513095847,9.514918043279971
528,05/17/2023 13:16:20.166567,863,True,True,True,True,Eyes,1.316012,-0.2765887,-2.9982,0.1294357,-0.1696932,0.9769599,0.0,0.0,0.0,0.0,0.0,0.0,0.0,-1.28714,1.068153,2.837688,1.316122,-0.2747322,-3.007075,0.1351932,-0.005270313,-0.001554856,0.990804,15.53837,359.3539,359.732,0.4005542,-0.08417849,-0.9123978,0,0,0,1.639136,-0.6524181,-0.8736364,0.3460802,0.20824,2.153,0.9999396,-0.004506136,0.01002328,0.001656094,0.9634408,0.2679164,-0.01086411,-0.2678836,0.96339,static,7.547063,-9.853688,9.131794,5.524514,0.3862577913714911,9.51484503084163
529,05/17/2023 13:16:20.186782,864,True,True,True,True,Eyes,1.315955,-0.276584,-2.998196,0.12957,-0.1697323,0.9769353,0.0,0.0,0.0,0.0,0.0,0.0,0.0,-1.28783,1.068091,2.837394,1.31604,-0.2746539,-3.007114,0.1352353,-0.00515703,-0.001631095,0.9907988,15.54322,359.366,359.7248,0.4005482,-0.0841779,-0.9124005,0,0,0,1.639531,-0.652562,-0.8737876,0.3460801,0.2082401,2.153,0.9999415,-0.004627,0.009777996,0.001837349,0.9634175,0.2679988,-0.01066032,-0.2679651,0.9633696,static,7.554992,-9.85616,9.131791,5.524515,0.3870550921169984,9.514762436712667
530,05/17/2023 13:16:20.205963,865,True,True,True,True,Eyes,1.315891,-0.2765778,-2.998191,0.1297098,-0.1697673,0.9769107,0.0,0.0,0.0,0.0,0.0,0.0,0.0,-1.287806,1.068445,2.837299,1.316026,-0.2746524,-3.007146,0.1352905,-0.005156103,-0.00161902,0.9907912,15.54961,359.3663,359.7262,0.4005414,-0.0841773,-0.9124036,0,0,0,1.639523,-0.6527901,-0.8738612,0.34608,0.20824,2.153,0.9999416,-0.004603365,0.009779168,0.001813077,0.9633877,0.2681061,-0.01065532,-0.2680727,0.9633397,static,7.563236,-9.858395,9.13179,5.524512,0.3878685047977637,9.514693547149559
531,05/17/2023 13:16:20.216538,866,True,True,True,True,Eyes,1.315827,-0.2765716,-2.998188,0.1298392,-0.1697993,0.9768879,0.0,0.0,0.0,0.0,0.0,0.0,0.0,-1.288088,1.068893,2.836959,1.316017,-0.2746138,-3.007112,0.1353502,-0.005091451,-0.001550558,0.9907836,15.55657,359.375,359.7353,0.4005337,-0.08417664,-0.912407,0,0,0,1.639805,-0.6529574,-0.8739075,0.3460802,0.20824,2.153,0.9999434,-0.004450792,0.009669316,0.001694276,0.9633558,0.2682213,-0.01050879,-0.2681897,0.9633088,static,7.570873,-9.86044,9.131794,5.524512,0.38862084541424147,9.514631018915326
532,05/17/2023 13:16:20.236256,867,True,True,True,True,Eyes,1.315747,-0.276565,-2.998185,0.1299552,-0.1698176,0.9768693,0.0,0.0,0.0,0.0,0.0,0.0,0.0,-1.287571,1.068984,2.837187,1.315936,-0.2746098,-3.007174,0.1353362,-0.005153149,-0.001497964,0.9907853,15.55497,359.3686,359.7405,0.4005252,-0.08417594,-0.9124108,0,0,0,1.639466,-0.6528635,-0.8739142,0.34608,0.20824,2.153,0.9999424,-0.004363137,0.009805871,0.001573507,0.9633638,0.2681937,-0.01061679,-0.2681628,0.9633151,static,7.577695,-9.861666,9.131789,5.524512,0.38926500617834714,9.514605605829779
533,05/17/2023 13:16:20.256244,868,True,True,True,True,Eyes,1.315671,-0.2765584,-2.998179,0.1300633,-0.1698252,0.9768535,0.0,0.0,0.0,0.0,0.0,0.0,0.0,-1.28718,1.068852,2.837409,1.315938,-0.2746068,-3.007169,0.135259,-0.005192845,-0.00138179,0.9907957,15.54611,359.3658,359.7536,0.4005155,-0.0841752,-0.9124151,0,0,0,1.639316,-0.6524545,-0.8738149,0.3460801,0.2082399,2.153,0.9999423,-0.0041429,0.009916298,0.001333384,0.9634062,0.2680425,-0.0106639,-0.2680138,0.963356,static,7.584048,-9.862258,9.131793,5.524509,0.38983936003784514,9.51460979539129
534,05/17/2023 13:16:20.266650,869,True,True,True,True,Eyes,1.315583,-0.2765532,-2.998173,0.130152,-0.1697983,0.9768465,0.0,0.0,0.0,0.0,0.0,0.0,0.0,-1.286798,1.068432,2.837674,1.31594,-0.274602,-3.007106,0.1351451,-0.005236499,-0.001290098,0.9908112,15.53298,359.3622,359.7638,0.4005049,-0.08417442,-0.9124198,0,0,0,1.639145,-0.6519021,-0.8736289,0.34608,0.20824,2.153,0.9999418,-0.00397186,0.01002806,0.001141112,0.9634684,0.26782,-0.01072546,-0.2677929,0.9634168,static,7.589212,-9.860795,9.13179,5.524513,0.3902159552555591,9.514711718958514
535,05/17/2023 13:16:20.285993,870,True,True,True,True,Eyes,1.315498,-0.2765471,-2.998168,0.130229,-0.1697721,0.9768408,0.0,0.0,0.0,0.0,0.0,0.0,0.0,-1.286193,1.068191,2.838021,1.31593,-0.2746445,-3.007089,0.135047,-0.005314615,-0.001191395,0.9908243,15.52169,359.3546,359.7743,0.4004932,-0.08417368,-0.912425,0,0,0,1.638815,-0.6514641,-0.8734775,0.3460801,0.20824,2.153,0.9999407,-0.003796371,0.01020991,0.0009254789,0.9635218,0.2676284,-0.01085349,-0.2676031,0.9634681,static,7.593698,-9.85936,9.13179,5.524512,0.3905354879572984,9.514808575123691
536,05/17/2023 13:16:20.306062,871,True,True,True,True,Eyes,1.315423,-0.2765417,-2.998162,0.1302864,-0.1697461,0.9768376,0.0,0.0,0.0,0.0,0.0,0.0,0.0,-1.285528,1.06833,2.83833,1.315937,-0.2746171,-3.007145,0.135047,-0.005418122,-0.001147425,0.9908237,15.52169,359.3431,359.7778,0.4004805,-0.08417292,-0.9124306,0,0,0,1.638381,-0.6514163,-0.8734637,0.3460802,0.20824,2.153,0.9999387,-0.003737195,0.01042689,0.0008103898,0.963522,0.267628,-0.01104672,-0.2676032,0.9634659,static,7.597028,-9.857909,9.131794,5.524513,0.3907547689021398,9.514900021194036
537,05/17/2023 13:16:20.316748,872,True,True,True,True,Eyes,1.315351,-0.2765367,-2.998157,0.1303351,-0.1697264,0.9768345,0.0,0.0,0.0,0.0,0.0,0.0,0.0,-1.28497,1.068496,2.838456,1.315958,-0.2746254,-3.007075,0.1350408,-0.005499778,-0.001076071,0.9908243,15.521,359.3346,359.7849,0.4004673,-0.08417217,-0.9124365,0,0,0,1.63806,-0.6513575,-0.8733308,0.34608,0.2082399,2.153,0.9999372,-0.003617784,0.010608,0.0006470052,0.9635256,0.2676152,-0.01118925,-0.2675916,0.9634675,static,7.599861,-9.856817,9.131791,5.524509,0.390947935472139,9.514970601217613
538,05/17/2023 13:16:20.336573,873,True,True,True,True,Eyes,1.315292,-0.2765307,-2.998155,0.1303615,-0.1696999,0.9768356,0.0,0.0,0.0,0.0,0.0,0.0,0.0,-1.284458,1.069044,2.838539,1.315973,-0.274629,-3.007123,0.1351119,-0.005580389,-0.001038616,0.9908141,15.52923,359.3257,359.7879,0.4004537,-0.08417142,-0.9124426,0,0,0,1.637733,-0.6516494,-0.8733771,0.34608,0.20824,2.153,0.9999356,-0.003566106,0.0107776,0.0005501968,0.9634873,0.2677532,-0.01133891,-0.26773,0.9634272,static,7.601369,-9.855301,9.131788,5.524511,0.3910073601699484,9.515055536167264
539,05/17/2023 13:16:20.356682,874,True,True,True,True,Eyes,1.315237,-0.2765251,-2.998152,0.1303872,-0.1696811,0.9768354,0.0,0.0,0.0,0.0,0.0,0.0,0.0,-1.284134,1.069343,2.838633,1.316022,-0.274593,-3.007161,0.1351812,-0.005652248,-0.001076662,0.9908042,15.53721,359.3166,359.7823,0.4004399,-0.08417063,-0.9124488,0,0,0,1.637464,-0.6519428,-0.8734254,0.34608,0.20824,2.153,0.9999338,-0.003661678,0.01090945,0.0006053663,0.9634498,0.2678885,-0.01149163,-0.2678641,0.9633881,static,7.602852,-9.854234,9.13179,5.524513,0.3910854789292282,9.515117584529404
540,05/17/2023 13:16:20.366816,875,True,True,True,True,Eyes,1.315193,-0.2765198,-2.998147,0.130408,-0.1696422,0.9768394,0.0,0.0,0.0,0.0,0.0,0.0,0.0,-1.28434,1.069556,2.838476,1.316072,-0.2745954,-3.007154,0.1352542,-0.005644091,-0.001155116,0.9907942,15.54559,359.3163,359.7731,0.4004261,-0.08416982,-0.9124549,0,0,0,1.637536,-0.6523104,-0.8734863,0.3460802,0.20824,2.153,0.9999336,-0.003815739,0.0108718,0.000762191,0.96341,0.2680312,-0.01149673,-0.2680051,0.9633489,static,7.604021,-9.851974,9.131794,5.524514,0.3910811801158549,9.515238395703335
541,05/17/2023 13:16:20.386278,876,True,True,True,True,Eyes,1.315149,-0.2765157,-2.998142,0.1304352,-0.1695977,0.9768435,0.0,0.0,0.0,0.0,0.0,0.0,0.0,-1.285463,1.068872,2.838189,1.316114,-0.2745946,-3.007102,0.1352045,-0.005490407,-0.00128304,0.9908017,15.53979,359.3323,359.7605,0.4004126,-0.08416899,-0.9124609,0,0,0,1.638221,-0.6521673,-0.8735064,0.34608,0.20824,2.153,0.9999365,-0.004027131,0.01053286,0.001057821,0.9634362,0.2679357,-0.01122675,-0.2679075,0.9633792,static,7.605561,-9.849403,9.13179,5.524513,0.391094378083366,9.515376962581207
542,05/17/2023 13:16:20.406530,877,True,True,True,True,Eyes,1.315102,-0.2765124,-2.998142,0.1304876,-0.1695331,0.9768478,0.0,0.0,0.0,0.0,0.0,0.0,0.0,-1.286124,1.068011,2.838197,1.316068,-0.2746221,-3.007103,0.1351032,-0.005394856,-0.001389607,0.9908159,15.52803,359.3419,359.7496,0.4003995,-0.08416817,-0.9124667,0,0,0,1.638571,-0.6518214,-0.8735017,0.3460801,0.20824,2.153,0.999938,-0.004211413,0.01031514,0.001295964,0.9634904,0.2677398,-0.0110661,-0.2677097,0.9634361,static,7.608546,-9.845682,9.131792,5.524514,0.39117857025064273,9.515581579165483
543,05/17/2023 13:16:20.416354,878,True,True,True,True,Eyes,1.315058,-0.2765093,-2.998137,0.1305463,-0.1694706,0.9768507,0.0,0.0,0.0,0.0,0.0,0.0,0.0,-1.286395,1.067766,2.838254,1.316056,-0.2746451,-3.00719,0.1350561,-0.005347122,-0.001391566,0.9908226,15.5226,359.3475,359.7501,0.4003864,-0.08416738,-0.9124725,0,0,0,1.638765,-0.6516393,-0.8735831,0.3460801,0.20824,2.153,0.999939,-0.004201913,0.01022022,0.001313266,0.9635158,0.2676482,-0.01097198,-0.2676185,0.9634625,static,7.611907,-9.842094,9.131791,5.524512,0.3913013035326256,9.515781479670775
544,05/17/2023 13:16:20.436379,879,True,True,True,True,Eyes,1.315017,-0.2765063,-2.998133,0.1305995,-0.1694148,0.9768533,0.0,0.0,0.0,0.0,0.0,0.0,0.0,-1.287134,1.067588,2.837925,1.316119,-0.2746456,-3.007105,0.1350487,-0.005239547,-0.001420502,0.9908242,15.52176,359.3597,359.7484,0.4003736,-0.08416662,-0.9124783,0,0,0,1.639289,-0.6516181,-0.8735637,0.34608,0.2082401,2.153,0.9999411,-0.004230123,0.009999266,0.001399747,0.9635196,0.267634,-0.01076661,-0.2676042,0.9634688,static,7.614953,-9.838895,9.131789,5.524516,0.39141498190109947,9.515959973356063
545,05/17/2023 13:16:20.446169,880,True,True,True,True,Eyes,1.314974,-0.2765014,-2.998128,0.1306506,-0.1693625,0.9768556,0.0,0.0,0.0,0.0,0.0,0.0,0.0,-1.287533,1.068143,2.837528,1.316112,-0.2746451,-3.0071,0.1351671,-0.005179921,-0.001458508,0.9908083,15.53543,359.3661,359.7448,0.4003611,-0.08416591,-0.9124838,0,0,0,1.639534,-0.6521472,-0.873691,0.34608,0.2082401,2.153,0.9999421,-0.004290514,0.009870333,0.001489893,0.9634554,0.2678646,-0.0106589,-0.2678343,0.963406,static,7.617877,-9.835893,9.13179,5.524515,0.3915273047355372,9.51612782798801
546,05/17/2023 13:16:20.466519,881,True,True,True,True,Eyes,1.314934,-0.2764966,-2.998124,0.1306912,-0.1693048,0.9768602,0.0,0.0,0.0,0.0,0.0,0.0,0.0,-1.287473,1.068158,2.837511,1.316043,-0.2745942,-3.0071,0.1351816,-0.005179905,-0.001465627,0.9908063,15.5371,359.366,359.744,0.4003487,-0.08416517,-0.9124893,0,0,0,1.639463,-0.6521631,-0.873702,0.34608,0.2082401,2.153,0.999942,-0.004304761,0.009868313,0.00150385,0.9634476,0.2678927,-0.01066082,-0.2678623,0.9633982,static,7.62018,-9.832562,9.13179,5.524515,0.39157089691977087,9.516309012118446
547,05/17/2023 13:16:20.486684,882,True,True,True,True,Eyes,1.314896,-0.2764951,-2.99812,0.1307248,-0.1692469,0.9768656,0.0,0.0,0.0,0.0,0.0,0.0,0.0,-1.287152,1.067734,2.837793,1.316028,-0.2745946,-3.007084,0.135104,-0.005231283,-0.001463649,0.9908167,15.52811,359.36,359.7435,0.4003367,-0.08416442,-0.9124947,0,0,0,1.639227,-0.6518327,-0.8735942,0.34608,0.2082401,2.153,0.999941,-0.004313949,0.009970993,0.001486881,0.9634895,0.2677419,-0.01076197,-0.2677112,0.9634391,static,7.622078,-9.829212,9.13179,5.524515,0.39157874442476026,9.516488979577657
548,05/17/2023 13:16:20.496435,883,True,True,True,True,Eyes,1.314877,-0.2764909,-2.998114,0.1307389,-0.1691815,0.9768751,0.0,0.0,0.0,0.0,0.0,0.0,0.0,-1.286605,1.067958,2.83797,1.316019,-0.2746717,-3.007093,0.1350834,-0.005300842,-0.001370694,0.9908192,15.52578,359.3533,359.7533,0.4003249,-0.08416374,-0.9124999,0,0,0,1.638932,-0.6517655,-0.8735353,0.34608,0.20824,2.153,0.99994,-0.004148331,0.01013403,0.001284108,0.9635012,0.267701,-0.01087467,-0.2676719,0.9634488,static,7.622815,-9.825391,9.131789,5.524513,0.3914647851335089,9.516686566124934
549,05/17/2023 13:16:20.516178,884,True,True,True,True,Eyes,1.31486,-0.2764886,-2.998112,0.1307546,-0.1691165,0.9768842,0.0,0.0,0.0,0.0,0.0,0.0,0.0,-1.286407,1.067774,2.838086,1.316054,-0.2745932,-3.007044,0.1350794,-0.00534828,-0.001405407,0.9908193,15.52528,359.3472,359.7485,0.4003139,-0.08416303,-0.9125048,0,0,0,1.638756,-0.6516967,-0.8734558,0.34608,0.20824,2.153,0.9999388,-0.004229894,0.01021868,0.001340125,0.9635032,0.2676935,-0.01097804,-0.2676635,0.96345,static,7.623651,-9.821599,9.13179,5.524512,0.3913606942047627,9.516883215918371
550,05/17/2023 13:16:20.536375,885,True,True,True,True,Eyes,1.314893,-0.2764889,-2.998114,0.1307532,-0.1690616,0.9768939,0.0,0.0,0.0,0.0,0.0,0.0,0.0,-1.286608,1.067625,2.838136,1.316068,-0.274638,-3.007114,0.1350504,-0.005319621,-0.001419166,0.9908235,15.52193,359.3503,359.7473,0.4003035,-0.08416235,-0.9125094,0,0,0,1.638892,-0.6516234,-0.8735234,0.34608,0.2082402,2.153,0.9999394,-0.00424912,0.01015829,0.001375452,0.9635187,0.2676373,-0.01092493,-0.2676071,0.9634662,static,7.623497,-9.81838,9.13179,5.524518,0.3911979868205022,9.517045502688807
551,05/17/2023 13:16:20.556373,886,True,True,True,True,Eyes,1.314924,-0.2764916,-2.998115,0.1307637,-0.1690071,0.976902,0.0,0.0,0.0,0.0,0.0,0.0,0.0,-1.286655,1.068069,2.838012,1.316067,-0.2746637,-3.007173,0.1351252,-0.005313581,-0.001427431,0.9908133,15.53058,359.3509,359.7464,0.400295,-0.08416171,-0.9125131,0,0,0,1.638916,-0.6519762,-0.8736435,0.34608,0.2082401,2.153,0.9999395,-0.004264632,0.01014377,0.001392636,0.9634782,0.2677829,-0.0109153,-0.2677526,0.9634258,static,7.624036,-9.815197,9.131789,5.524515,0.3910966045354072,9.517209694527391
552,05/17/2023 13:16:20.566187,887,True,True,True,True,Eyes,1.315025,-0.2764919,-2.998119,0.1307699,-0.1689297,0.9769145,0.0,0.0,0.0,0.0,0.0,0.0,0.0,-1.287367,1.068212,2.837592,1.31603,-0.2747219,-3.007143,0.1351148,-0.005168769,-0.001347625,0.9908156,15.52946,359.3692,359.7581,0.4002882,-0.08416118,-0.9125162,0,0,0,1.639519,-0.6519242,-0.8736913,0.3460801,0.20824,2.153,0.999943,-0.00406725,0.009878424,0.001273741,0.9634843,0.2677616,-0.01060676,-0.2677338,0.9634346,static,7.6243,-9.810662,9.131792,5.524514,0.39090877979607885,9.517440916014237
553,05/17/2023 13:16:20.586313,888,True,True,True,True,Eyes,1.315123,-0.2764931,-2.998124,0.1307845,-0.1688532,0.9769257,0.0,0.0,0.0,0.0,0.0,0.0,0.0,-1.28819,1.067991,2.837303,1.316024,-0.2746235,-3.007156,0.1351271,-0.00504197,-0.001407513,0.9908145,15.53088,359.3832,359.7531,0.4002846,-0.0841606,-0.9125178,0,0,0,1.640051,-0.651908,-0.8738007,0.34608,0.20824,2.153,0.9999452,-0.004151782,0.009610929,0.001426554,0.9634773,0.267786,-0.0103717,-0.2677576,0.9634305,static,7.625052,-9.806196,9.13179,5.524513,0.3907661657957815,9.517671267189408
554,05/17/2023 13:16:20.596646,889,True,True,True,True,Eyes,1.315301,-0.2764962,-2.99813,0.1307857,-0.1689112,0.9769157,0.0,0.0,0.0,0.0,0.0,0.0,0.0,-1.288763,1.068063,2.837062,1.316068,-0.2746444,-3.00718,0.1351108,-0.004936619,-0.001338527,0.9908174,15.52905,359.3967,359.7629,0.4002838,-0.08416,-0.9125183,0,0,0,1.640563,-0.6518037,-0.8738733,0.34608,0.2082398,2.153,0.9999477,-0.003986451,0.009420877,0.00131849,0.9634866,0.2677533,-0.01014427,-0.267727,0.9634414,static,7.625198,-9.809597,9.13179,5.524508,0.3909366343920375,9.517499714932159
555,05/17/2023 13:16:20.616470,890,True,True,True,True,Eyes,1.31547,-0.2764974,-2.998137,0.1307969,-0.1689602,0.9769056,0.0,0.0,0.0,0.0,0.0,0.0,0.0,-1.289918,1.067959,2.836522,1.316066,-0.274653,-3.007128,0.1350915,-0.004733599,-0.001306221,0.9908209,15.5269,359.4212,359.77,0.4002875,-0.08415936,-0.9125167,0,0,0,1.641446,-0.6516909,-0.8739347,0.34608,0.2082399,2.153,0.9999518,-0.003867401,0.00902738,0.001309524,0.9634971,0.2677154,-0.009733217,-0.2676907,0.9634557,static,7.625919,-9.812487,9.13179,5.524511,0.39113287461056956,9.517357150722333
556,05/17/2023 13:16:20.636448,891,True,True,True,True,Eyes,1.315707,-0.2764997,-2.998147,0.1307013,-0.169118,0.9768912,0.0,0.0,0.0,0.0,0.0,0.0,0.0,-1.290453,1.067715,2.836345,1.315996,-0.2746095,-3.007138,0.1350218,-0.004609939,-0.001214053,0.9908312,15.51891,359.4373,359.7829,0.4002951,-0.08415863,-0.9125134,0,0,0,1.641927,-0.6512753,-0.8739635,0.34608,0.20824,2.153,0.9999545,-0.003650728,0.008807495,0.001160959,0.9635352,0.2675788,-0.009463191,-0.2675565,0.9634957,static,7.620527,-9.821617,9.131789,5.524514,0.3910926148159002,9.516865492423754
557,05/17/2023 13:16:20.646831,892,True,True,True,True,Eyes,1.315931,-0.276502,-2.998158,0.130601,-0.1692697,0.9768783,0.0,0.0,0.0,0.0,0.0,0.0,0.0,-1.290457,1.067821,2.836302,1.315963,-0.274601,-3.007152,0.1350193,-0.004592145,-0.001163122,0.9908317,15.51865,359.4402,359.7892,0.4003079,-0.08415778,-0.9125078,0,0,0,1.641981,-0.6512207,-0.8739818,0.3460801,0.2082399,2.153,0.9999551,-0.003544973,0.008785998,0.00106486,0.9635369,0.2675735,-0.009414174,-0.2675521,0.9634975,static,7.614842,-9.83038,9.13179,5.524509,0.39101009447830704,9.51639085427506
558,05/17/2023 13:16:20.666650,893,True,True,True,True,Eyes,1.316137,-0.2765052,-2.998169,0.1304719,-0.1694869,0.9768578,0.0,0.0,0.0,0.0,0.0,0.0,0.0,-1.28946,1.068404,2.836543,1.315859,-0.2746051,-3.007204,0.1350406,-0.004707586,-0.001007488,0.9908285,15.52118,359.4291,359.8057,0.400325,-0.08415682,-0.9125004,0,0,0,1.641403,-0.6512225,-0.8739612,0.34608,0.2082401,2.153,0.9999536,-0.003267925,0.009056717,0.0007250647,0.9635261,0.2676136,-0.009600922,-0.2675946,0.9634838,static,7.607563,-9.842954,9.13179,5.524515,0.3909672982735821,9.515714524476172
559,05/17/2023 13:16:20.686503,894,True,True,True,True,Eyes,1.31634,-0.2765027,-2.99818,0.130325,-0.1696734,0.9768451,0.0,0.0,0.0,0.0,0.0,0.0,0.0,-1.28827,1.068686,2.836973,1.315871,-0.2746511,-3.007191,0.1350018,-0.004875185,-0.0008509982,0.990833,15.51676,359.4119,359.8214,0.4003456,-0.08415582,-0.9124915,0,0,0,1.640716,-0.6510121,-0.8737963,0.34608,0.2082399,2.153,0.9999511,-0.003002712,0.009431214,0.000370077,0.9635476,0.2675367,-0.009890758,-0.2675202,0.9635015,static,7.599195,-9.853699,9.13179,5.524509,0.3907458441415612,9.515125014783761
560,05/17/2023 13:16:20.706330,895,True,True,True,True,Eyes,1.316621,-0.2765066,-2.99819,0.1301516,-0.169902,0.9768285,0.0,0.0,0.0,0.0,0.0,0.0,0.0,-1.286413,1.067564,2.838309,1.315984,-0.274517,-3.00722,0.1347372,-0.005171815,-0.0006938935,0.9908677,15.48619,359.3795,359.8354,0.4003691,-0.08415461,-0.9124812,0,0,0,1.639572,-0.6496606,-0.8734206,0.3460802,0.2082399,2.153,0.9999455,-0.002768785,0.01006218,-1.85582e-05,0.9636909,0.2670206,-0.01043616,-0.2670062,0.9636383,static,7.589332,-9.866877,9.131795,5.524509,0.3905086586259616,9.514404173210925
561,05/17/2023 13:16:20.718486,896,True,True,True,True,Eyes,1.316893,-0.2765054,-2.998203,0.1299803,-0.17014,0.9768099,0.0,0.0,0.0,0.0,0.0,0.0,0.0,-1.285719,1.066965,2.838846,1.316169,-0.2746256,-3.007128,0.1346628,-0.005348483,-0.0008165274,0.9908767,15.47749,359.3568,359.8181,0.4003974,-0.08415333,-0.912469,0,0,0,1.638971,-0.6495459,-0.8731694,0.3460801,0.2082399,2.153,0.9999415,-0.00305864,0.01037946,0.0001776727,0.9637305,0.2668772,-0.01081929,-0.2668597,0.9636746,static,7.579601,-9.880612,9.131791,5.524511,0.39030869599023577,9.513655817270685
562,05/17/2023 13:16:20.736454,897,True,True,True,True,Eyes,1.317241,-0.2765107,-2.998218,0.1298335,-0.1704508,0.9767752,0.0,0.0,0.0,0.0,0.0,0.0,0.0,-1.286899,1.065086,2.839103,1.316211,-0.2744895,-3.007202,0.1347746,-0.005369531,-0.001752812,0.9908603,15.48979,359.3392,359.7074,0.4004297,-0.08415183,-0.912455,0,0,0,1.638763,-0.6505134,-0.8734007,0.3460801,0.20824,2.153,0.9999362,-0.004920937,0.01016844,0.002026232,0.9636655,0.2671044,-0.01111338,-0.2670667,0.9636139,static,7.571406,-9.898649,9.131792,5.524513,0.39044068509579,9.512697733046203
563,05/17/2023 13:16:20.746368,898,True,True,True,True,Eyes,1.317575,-0.2765205,-2.998233,0.1297185,-0.1707603,0.9767364,0.0,0.0,0.0,0.0,0.0,0.0,0.0,-1.289101,1.065689,2.837844,1.316206,-0.2745748,-3.007166,0.1351134,-0.005113174,-0.002261422,0.9908143,15.52873,359.3611,359.6513,0.4004674,-0.08415025,-0.9124385,0,0,0,1.639779,-0.6523734,-0.873832,0.3460799,0.2082398,2.153,0.9999375,-0.005863016,0.009521315,0.003099583,0.9634785,0.2677677,-0.01074351,-0.2677214,0.9634364,static,7.565075,-9.916651,9.131788,5.524508,0.39073150304662363,9.511751453232227
564,05/17/2023 13:16:20.766468,899,True,True,True,True,Eyes,1.317957,-0.2765291,-2.998248,0.1296428,-0.171069,0.9766925,0.0,0.0,0.0,0.0,0.0,0.0,0.0,-1.290716,1.067185,2.836589,1.316195,-0.2746925,-3.007199,0.1352859,-0.004794237,-0.002066241,0.9907929,15.54891,359.4017,359.6794,0.4005097,-0.08414875,-0.9124201,0,0,0,1.641181,-0.6530777,-0.8741837,0.3460801,0.20824,2.153,0.9999455,-0.00539162,0.008941125,0.002797248,0.9633869,0.2681005,-0.01005926,-0.2680608,0.9633495,static,7.561049,-9.934661,9.13179,5.524513,0.39122110768204177,9.510817172083748
565,05/17/2023 13:16:20.786203,900,True,True,True,True,Eyes,1.31832,-0.2765351,-2.998261,0.129594,-0.1713613,0.9766477,0.0,0.0,0.0,0.0,0.0,0.0,0.0,-1.292517,1.068301,2.835273,1.316236,-0.2746393,-3.007114,0.1353924,-0.004433848,-0.001790289,0.9907807,15.56149,359.4486,359.7176,0.4005574,-0.08414722,-0.9123993,0,0,0,1.642829,-0.653269,-0.8743882,0.3460802,0.2082401,2.153,0.9999543,-0.004748187,0.008301158,0.002346949,0.9633314,0.2683042,-0.009270726,-0.2682725,0.9632985,static,7.558573,-9.951744,9.131794,5.524515,0.39180109835026045,9.50993820566744
566,05/17/2023 13:16:20.806520,901,True,True,True,True,Eyes,1.318734,-0.2765419,-2.99828,0.1295228,-0.1716217,0.9766114,0.0,0.0,0.0,0.0,0.0,0.0,0.0,-1.294197,1.067912,2.83461,1.316162,-0.2745848,-3.007111,0.1353474,-0.004134123,-0.001778595,0.9907881,15.55638,359.4841,359.7238,0.4006094,-0.08414564,-0.9123766,0,0,0,1.644055,-0.6529881,-0.8745442,0.3460801,0.20824,2.153,0.9999595,-0.004643506,0.007710623,0.002405335,0.9633558,0.2682159,-0.008673536,-0.2681865,0.963328,static,7.55475,-9.966926,9.131791,5.524512,0.39217687955487923,9.509148319401508
567,05/17/2023 13:16:20.816554,902,True,True,True,True,Eyes,1.319129,-0.27655,-2.9983,0.1294347,-0.1718666,0.97658,0.0,0.0,0.0,0.0,0.0,0.0,0.0,-1.294111,1.067648,2.834778,1.316072,-0.2745634,-3.00718,0.1352936,-0.004128971,-0.001760417,0.9907955,15.55017,359.4851,359.7261,0.4006666,-0.08414394,-0.9123517,0,0,0,1.643991,-0.6527227,-0.8745736,0.3460801,0.20824,2.153,0.9999597,-0.004605674,0.007705585,0.002371179,0.9633851,0.2681112,-0.008658279,-0.2680821,0.9633572,static,7.549907,-9.981174,9.131793,5.524513,0.3924214952363414,9.508400272467686
568,05/17/2023 13:16:20.836423,903,True,True,True,True,Eyes,1.319585,-0.2765569,-2.998321,0.1293151,-0.1720978,0.9765552,0.0,0.0,0.0,0.0,0.0,0.0,0.0,-1.292301,1.067982,2.835518,1.316021,-0.2746097,-3.007236,0.1352469,-0.004387128,-0.001587328,0.990801,15.54479,359.4574,359.7424,0.4007279,-0.0841422,-0.9123249,0,0,0,1.642852,-0.6524738,-0.8744106,0.3460802,0.2082401,2.153,0.9999565,-0.004332143,0.008264178,0.001958762,0.9634116,0.2680193,-0.009122903,-0.2679915,0.9633781,static,7.543203,-9.994581,9.131796,5.524515,0.3924668695830409,9.507684826574264
569,05/17/2023 13:16:20.856231,904,True,True,True,True,Eyes,1.320023,-0.2765644,-2.998343,0.1291762,-0.1723088,0.9765364,0.0,0.0,0.0,0.0,0.0,0.0,0.0,-1.290302,1.068006,2.836387,1.316046,-0.2745364,-3.007202,0.1351683,-0.004690311,-0.001415874,0.9908106,15.53572,359.4245,359.7578,0.4007944,-0.08414033,-0.9122958,0,0,0,1.641595,-0.6519739,-0.8741048,0.3460802,0.2082399,2.153,0.999952,-0.004073689,0.008911657,0.001537763,0.9634551,0.2678657,-0.009677182,-0.2678391,0.963415,static,7.535335,-10.00678,9.131795,5.524511,0.3923559616224501,9.507024329422896
570,05/17/2023 13:16:20.866400,905,True,True,True,True,Eyes,1.320467,-0.2765725,-2.998362,0.1289849,-0.1724762,0.9765321,0.0,0.0,0.0,0.0,0.0,0.0,0.0,-1.28844,1.0675,2.837502,1.316062,-0.2745627,-3.007265,0.1350311,-0.004996617,-0.001367401,0.9908279,15.51981,359.3893,359.7586,0.4008653,-0.08413837,-0.9122648,0,0,0,1.640294,-0.6514036,-0.873862,0.34608,0.20824,2.153,0.9999463,-0.004059115,0.009532291,0.00136032,0.9635295,0.2675989,-0.01027086,-0.2675715,0.9634832,static,7.524338,-10.01635,9.13179,5.524513,0.39185364955159097,9.50648021257228
571,05/17/2023 13:16:20.886129,906,True,True,True,True,Eyes,1.320894,-0.2765799,-2.99838,0.1287946,-0.1726329,0.9765295,0.0,0.0,0.0,0.0,0.0,0.0,0.0,-1.287508,1.066856,2.838113,1.316108,-0.2745731,-3.007193,0.1349192,-0.005166843,-0.001389068,0.9908422,15.50681,359.3689,359.7534,0.4009401,-0.08413636,-0.912232,0,0,0,1.6396,-0.6509612,-0.8735976,0.3460801,0.2082401,2.153,0.9999428,-0.004146906,0.009864228,0.00135848,0.9635898,0.2673816,-0.01061388,-0.2673529,0.9635403,static,7.513384,-10.02529,9.131793,5.524515,0.3913257894387814,9.50596825093692
572,05/17/2023 13:16:20.896890,907,True,True,True,True,Eyes,1.321304,-0.2765878,-2.998397,0.1286231,-0.172791,0.9765242,0.0,0.0,0.0,0.0,0.0,0.0,0.0,-1.287024,1.066627,2.838444,1.31614,-0.274563,-3.007204,0.1348692,-0.00525098,-0.00137612,0.9908486,15.50101,359.3592,359.7536,0.4010181,-0.08413429,-0.9121979,0,0,0,1.63927,-0.6507342,-0.8735158,0.34608,0.20824,2.153,0.9999411,-0.004143445,0.01003466,0.001310663,0.9636168,0.2672843,-0.01077704,-0.2672554,0.9635655,static,7.503534,-10.03434,9.131789,5.524511,0.39089806911423297,9.505456656329269
573,05/17/2023 13:16:20.916535,908,True,True,True,True,Eyes,1.321696,-0.2765972,-2.998412,0.1284702,-0.172949,0.9765162,0.0,0.0,0.0,0.0,0.0,0.0,0.0,-1.287465,1.066574,2.838252,1.316178,-0.2745769,-3.007175,0.1348987,-0.005201417,-0.001457411,0.9908448,15.50439,359.3637,359.7448,0.4010986,-0.08413219,-0.9121627,0,0,0,1.639508,-0.6509251,-0.8735483,0.3460802,0.2082401,2.153,0.9999416,-0.004291465,0.009914387,0.001484807,0.9636004,0.2673425,-0.0107008,-0.2673122,0.9635506,static,7.494772,-10.0434,9.131793,5.524515,0.3905644685144929,9.504950409919951
574,05/17/2023 13:16:20.936287,909,True,True,True,True,Eyes,1.322075,-0.2766067,-2.998428,0.1283453,-0.1731287,0.9765009,0.0,0.0,0.0,0.0,0.0,0.0,0.0,-1.288491,1.066661,2.83772,1.31616,-0.2746172,-3.007148,0.1349655,-0.005049087,-0.001562414,0.9908363,15.51209,359.3799,359.7349,0.4011809,-0.08413016,-0.9121267,0,0,0,1.640131,-0.6513097,-0.8736795,0.34608,0.20824,2.153,0.9999442,-0.004459098,0.009583892,0.001733288,0.9635637,0.2674732,-0.01042738,-0.2674417,0.9635177,static,7.48769,-10.05378,9.13179,5.524514,0.3904367676058609,9.504386316207976
575,05/17/2023 13:16:20.946427,910,True,True,True,True,Eyes,1.322439,-0.2766139,-2.998444,0.1282291,-0.1732964,0.9764864,0.0,0.0,0.0,0.0,0.0,0.0,0.0,-1.289362,1.066935,2.837228,1.316114,-0.2746128,-3.007175,0.1349943,-0.004879111,-0.001497557,0.9908333,15.5155,359.401,359.7452,0.4012645,-0.08412819,-0.9120901,0,0,0,1.640832,-0.651372,-0.8738314,0.34608,0.2082398,2.153,0.9999479,-0.004284963,0.009264449,0.001650354,0.9635486,0.2675283,-0.01007309,-0.2674991,0.9635055,static,7.481096,-10.06347,9.13179,5.524508,0.3903190387552897,9.503859812782347
576,05/17/2023 13:16:20.967327,911,True,True,True,True,Eyes,1.322777,-0.2766255,-2.998463,0.1281112,-0.1734634,0.9764722,0.0,0.0,0.0,0.0,0.0,0.0,0.0,-1.289227,1.067379,2.837143,1.316116,-0.2745689,-3.007197,0.134967,-0.004844909,-0.001246223,0.9908376,15.5125,359.4091,359.7754,0.4013487,-0.08412623,-0.9120532,0,0,0,1.641025,-0.6510406,-0.8738318,0.3460802,0.2082399,2.153,0.9999499,-0.003777416,0.009264638,0.001161804,0.9635646,0.2674729,-0.009937434,-0.2674488,0.9635209,static,7.474399,-10.07311,9.131794,5.524511,0.3901901222374491,9.503335288712313
577,05/17/2023 13:16:20.986320,912,True,True,True,True,Eyes,1.323099,-0.2766281,-2.998479,0.1280013,-0.1736253,0.9764579,0.0,0.0,0.0,0.0,0.0,0.0,0.0,-1.288628,1.067672,2.837438,1.316139,-0.274683,-3.007303,0.1349457,-0.004928064,-0.001150625,0.9908401,15.51007,359.4008,359.7853,0.401433,-0.08412442,-0.9120162,0,0,0,1.640705,-0.6510063,-0.8738592,0.3460802,0.2082399,2.153,0.9999488,-0.003610212,0.009455304,0.0009501285,0.9635767,0.2674305,-0.01007639,-0.2674078,0.9635308,static,7.468168,-10.08246,9.131795,5.524509,0.39008785511930455,9.502827967448718
578,05/17/2023 13:16:21.006064,913,True,True,True,True,Eyes,1.323481,-0.2766374,-2.998504,0.1279034,-0.1737891,0.9764416,0.0,0.0,0.0,0.0,0.0,0.0,0.0,-1.289598,1.06589,2.837572,1.316064,-0.274457,-3.007266,0.1349013,-0.004863955,-0.001645644,0.9908458,15.50466,359.4005,359.7281,0.4015168,-0.08412249,-0.9119794,0,0,0,1.640823,-0.6509131,-0.8738756,0.3460801,0.2082399,2.153,0.9999472,-0.004573465,0.009194859,0.001948851,0.9635979,0.2673487,-0.01008286,-0.2673167,0.963556,static,7.462649,-10.09194,9.131793,5.524511,0.39005291283825194,9.502317890263097
579,05/17/2023 13:16:21.016244,914,True,True,True,True,Eyes,1.323846,-0.2766438,-2.998523,0.1278124,-0.1739421,0.9764262,0.0,0.0,0.0,0.0,0.0,0.0,0.0,-1.289252,1.065377,2.838035,1.31595,-0.2745514,-3.007414,0.1348258,-0.004923539,-0.001735969,0.9908556,15.49585,359.392,359.7165,0.4016017,-0.08412059,-0.9119422,0,0,0,1.640437,-0.6507475,-0.8739357,0.3460801,0.20824,2.153,0.9999455,-0.004767829,0.009288927,0.002112549,0.963638,0.2672028,-0.01022514,-0.2671686,0.9635955,static,7.457513,-10.1008,9.131792,5.524512,0.3900221541202029,9.501841291229727
580,05/17/2023 13:16:21.036607,915,True,True,True,True,Eyes,1.324177,-0.2766531,-2.998541,0.1277258,-0.1740973,0.9764099,0.0,0.0,0.0,0.0,0.0,0.0,0.0,-1.289064,1.065674,2.83785,1.315879,-0.2744965,-3.007301,0.1348006,-0.004896117,-0.001529392,0.9908594,15.49308,359.3986,359.7413,0.4016872,-0.08411866,-0.9119048,0,0,0,1.640519,-0.6504447,-0.8738026,0.3460801,0.2082399,2.153,0.9999474,-0.004350825,0.009290402,0.001710826,0.9636529,0.2671519,-0.01011505,-0.2671219,0.9636096,static,7.45264,-10.10979,9.131793,5.524511,0.39002007015125817,9.501359520041255
581,05/17/2023 13:16:21.046395,916,True,True,True,True,Eyes,1.324496,-0.2766595,-2.998557,0.1276372,-0.1742472,0.9763948,0.0,0.0,0.0,0.0,0.0,0.0,0.0,-1.288588,1.066601,2.837729,1.315882,-0.2745902,-3.007301,0.1348128,-0.004910004,-0.001233963,0.9908581,15.49466,359.4017,359.7759,0.4017723,-0.08411681,-0.9118674,0,0,0,1.640512,-0.6503954,-0.8737754,0.3460801,0.20824,2.153,0.9999487,-0.003769228,0.009397527,0.001121503,0.963648,0.2671728,-0.01006294,-0.2671485,0.9636028,static,7.447644,-10.11847,9.131792,5.524512,0.3899930056861487,9.500892795489484
582,05/17/2023 13:16:21.066368,917,True,True,True,True,Eyes,1.324802,-0.2766667,-2.998569,0.1275639,-0.1744123,0.9763748,0.0,0.0,0.0,0.0,0.0,0.0,0.0,-1.288123,1.066831,2.837837,1.315922,-0.2745259,-3.007273,0.1348316,-0.004980854,-0.001169562,0.9908555,15.49686,359.3943,359.7823,0.4018569,-0.08411498,-0.9118302,0,0,0,1.640257,-0.6503754,-0.8737112,0.3460801,0.2082399,2.153,0.9999477,-0.003660887,0.009555222,0.0009745812,0.9636381,0.2672089,-0.010186,-0.2671856,0.9635912,static,7.443565,-10.12807,9.131792,5.524511,0.3900875904768142,9.500384386743107
583,05/17/2023 13:16:21.086483,918,True,True,True,True,Eyes,1.325095,-0.2766724,-2.998581,0.1274905,-0.1745694,0.9763563,0.0,0.0,0.0,0.0,0.0,0.0,0.0,-1.288162,1.067855,2.837357,1.315925,-0.2745472,-3.007197,0.1349615,-0.00494928,-0.001055981,0.990838,15.51196,359.3998,359.7961,0.4019406,-0.0841132,-0.9117935,0,0,0,1.640415,-0.6508775,-0.8737438,0.3460801,0.2082398,2.153,0.9999488,-0.003428536,0.009522835,0.0007566875,0.9635685,0.2674604,-0.0100929,-0.2674395,0.9635218,static,7.439468,-10.13718,9.131793,5.524508,0.39015787621115994,9.49990071076724
584,05/17/2023 13:16:21.096824,919,True,True,True,True,Eyes,1.325376,-0.2766775,-2.998594,0.127436,-0.1747268,0.9763353,0.0,0.0,0.0,0.0,0.0,0.0,0.0,-1.287965,1.067605,2.837545,1.315891,-0.2745162,-3.007219,0.1349374,-0.004985717,-0.001095514,0.9908411,15.50914,359.3949,359.7909,0.4020234,-0.08411144,-0.9117572,0,0,0,1.640217,-0.6507724,-0.873727,0.3460801,0.2082399,2.153,0.9999479,-0.00351648,0.009584455,0.00082544,0.9635814,0.2674141,-0.01017576,-0.2673922,0.9635341,static,7.436484,-10.14635,9.131793,5.524511,0.3903267550684011,9.49941998388761
585,05/17/2023 13:16:21.116210,920,True,True,True,True,Eyes,1.325646,-0.2766831,-2.998604,0.1273874,-0.1748718,0.9763157,0.0,0.0,0.0,0.0,0.0,0.0,0.0,-1.288116,1.067138,2.83768,1.315914,-0.2744955,-3.007237,0.1349153,-0.004993081,-0.001222666,0.9908438,15.50651,359.392,359.7758,0.4021048,-0.0841097,-0.9117214,0,0,0,1.640186,-0.6507416,-0.8737358,0.3460801,0.20824,2.153,0.9999472,-0.003770228,0.009564814,0.001075656,0.9635927,0.2673723,-0.01022464,-0.2673478,0.9635459,static,7.433826,-10.1548,9.131792,5.524513,0.39049026812985277,9.498977495694865
586,05/17/2023 13:16:21.136617,921,True,True,True,True,Eyes,1.325912,-0.2766878,-2.998615,0.1273696,-0.1749917,0.9762965,0.0,0.0,0.0,0.0,0.0,0.0,0.0,-1.288553,1.066309,2.837724,1.315898,-0.2745125,-3.007178,0.1348233,-0.004941523,-0.001333155,0.9908565,15.49581,359.3964,359.7637,0.4021849,-0.084108,-0.9116862,0,0,0,1.640375,-0.6504316,-0.8736494,0.34608,0.20824,2.153,0.9999476,-0.003974395,0.0094332,0.001309466,0.9636418,0.2671942,-0.01015216,-0.2671679,0.9635965,static,7.432941,-10.16181,9.13179,5.524513,0.3907395456991347,9.498617517386535
587,05/17/2023 13:16:21.156080,922,True,True,True,True,Eyes,1.326168,-0.2766919,-2.998626,0.1273588,-0.1751199,0.976275,0.0,0.0,0.0,0.0,0.0,0.0,0.0,-1.288958,1.066365,2.837559,1.31591,-0.2744803,-3.007213,0.1348679,-0.004889022,-0.001394664,0.9908506,15.50095,359.4016,359.7573,0.4022636,-0.0841063,-0.9116517,0,0,0,1.640604,-0.650628,-0.8737577,0.3460801,0.20824,2.153,0.9999483,-0.004082551,0.009312389,0.001445062,0.9636174,0.2672815,-0.01006477,-0.2672543,0.9635735,static,7.432482,-10.16932,9.13179,5.524512,0.39104870739513165,9.49823449517754
588,05/17/2023 13:16:21.166543,923,True,True,True,True,Eyes,1.326431,-0.2766965,-2.998638,0.1273489,-0.1752537,0.9762523,0.0,0.0,0.0,0.0,0.0,0.0,0.0,-1.28948,1.067161,2.837038,1.315899,-0.2744671,-3.007233,0.1350301,-0.004807674,-0.001431113,0.9908289,15.5197,359.4105,359.7542,0.4023408,-0.08410462,-0.9116178,0,0,0,1.640938,-0.6513299,-0.8739565,0.3460801,0.2082399,2.153,0.9999497,-0.004134337,0.009140677,0.001537615,0.9635296,0.2675972,-0.00991365,-0.2675696,0.9634875,static,7.432079,-10.17715,9.131794,5.524511,0.39137754647997247,9.497835559053115
589,05/17/2023 13:16:21.186370,924,True,True,True,True,Eyes,1.326683,-0.276702,-2.998648,0.1273513,-0.1753782,0.9762295,0.0,0.0,0.0,0.0,0.0,0.0,0.0,-1.29031,1.067263,2.836597,1.315886,-0.2744628,-3.007216,0.1350753,-0.004673883,-0.001469628,0.9908233,15.52494,359.4256,359.7517,0.4024169,-0.08410294,-0.9115844,0,0,0,1.641497,-0.6515346,-0.8740637,0.34608,0.2082399,2.153,0.999952,-0.004174936,0.008864962,0.001649631,0.963505,0.2676852,-0.009659004,-0.2676578,0.9634656,static,7.432391,-10.18447,9.131791,5.52451,0.3917442548672432,9.497466313694545
590,05/17/2023 13:16:21.196429,925,True,True,True,True,Eyes,1.326941,-0.2767082,-2.99866,0.1273563,-0.1754977,0.9762074,0.0,0.0,0.0,0.0,0.0,0.0,0.0,-1.290983,1.067351,2.836204,1.315851,-0.2744951,-3.007178,0.135044,-0.004527575,-0.001354165,0.9908284,15.52142,359.4447,359.7677,0.4024916,-0.08410132,-0.9115515,0,0,0,1.642115,-0.6513427,-0.8740861,0.3460799,0.2082401,2.153,0.9999554,-0.003906334,0.008606356,0.001460646,0.9635226,0.2676231,-0.009337842,-0.2675986,0.9634852,static,7.432847,-10.19149,9.131788,5.524515,0.3921094304959907,9.497113045069998
591,05/17/2023 13:16:21.216557,926,True,True,True,True,Eyes,1.327189,-0.2767163,-2.998672,0.1273618,-0.175603,0.9761878,0.0,0.0,0.0,0.0,0.0,0.0,0.0,-1.29065,1.067739,2.836272,1.315813,-0.2745034,-3.007252,0.1350574,-0.004553241,-0.00124753,0.9908265,15.52302,359.4434,359.7798,0.4025653,-0.08409975,-0.9115192,0,0,0,1.641984,-0.6513397,-0.874144,0.3460802,0.2082399,2.153,0.9999554,-0.003702069,0.008685969,0.001242273,0.9635159,0.2676482,-0.009359921,-0.2676255,0.9634776,static,7.433311,-10.19768,9.131796,5.524512,0.3924367597147602,9.49680187785785
592,05/17/2023 13:16:21.236490,927,True,True,True,True,Eyes,1.327456,-0.2767236,-2.998684,0.1273406,-0.1756981,0.9761734,0.0,0.0,0.0,0.0,0.0,0.0,0.0,-1.290412,1.067699,2.836379,1.315814,-0.2745643,-3.007231,0.1349609,-0.004553128,-0.001070236,0.9908398,15.51197,359.4463,359.8008,0.4026378,-0.08409829,-0.9114873,0,0,0,1.642017,-0.6508675,-0.8740336,0.34608,0.2082401,2.153,0.9999563,-0.003349853,0.008733964,0.0008918748,0.9635688,0.2674591,-0.009311724,-0.2674396,0.9635296,static,7.432196,-10.20323,9.13179,5.524515,0.39259845424698137,9.49651464401349
593,05/17/2023 13:16:21.256006,928,True,True,True,True,Eyes,1.327713,-0.2767307,-2.998694,0.1273094,-0.1757857,0.9761618,0.0,0.0,0.0,0.0,0.0,0.0,0.0,-1.289667,1.067507,2.836794,1.315804,-0.2745259,-3.007243,0.1349455,-0.004687868,-0.001116404,0.9908414,15.51013,359.4297,359.7932,0.4027097,-0.08409691,-0.9114557,0,0,0,1.641416,-0.6508051,-0.8739508,0.3460801,0.2082401,2.153,0.9999536,-0.003477572,0.008988558,0.0009471448,0.9635769,0.2674297,-0.009591172,-0.2674087,0.9635355,static,7.430483,-10.20833,9.131792,5.524515,0.3926877802168691,9.496246994838712
594,05/17/2023 13:16:21.266312,929,True,True,True,True,Eyes,1.327957,-0.2767379,-2.998703,0.1272685,-0.175865,0.9761528,0.0,0.0,0.0,0.0,0.0,0.0,0.0,-1.288824,1.067376,2.837198,1.315825,-0.2745278,-3.007207,0.1349009,-0.004826555,-0.00108427,0.9908468,15.50496,359.4139,359.7948,0.4027808,-0.08409558,-0.9114244,0,0,0,1.640841,-0.6506057,-0.8737885,0.3460801,0.2082399,2.153,0.9999511,-0.003450905,0.009272213,0.0008464782,0.9636012,0.2673427,-0.009857289,-0.2673218,0.9635569,static,7.428189,-10.21293,9.131792,5.52451,0.3927038796020512,9.496001555452958
595,05/17/2023 13:16:21.286104,930,True,True,True,True,Eyes,1.328192,-0.2767433,-2.998712,0.1272231,-0.1759433,0.9761446,0.0,0.0,0.0,0.0,0.0,0.0,0.0,-1.287886,1.067512,2.837576,1.315863,-0.2745408,-3.007192,0.1349159,-0.00499345,-0.001091367,0.990844,15.50665,359.3941,359.7913,0.4028509,-0.08409434,-0.9113935,0,0,0,1.640156,-0.650702,-0.8736781,0.3460801,0.2082401,2.153,0.9999478,-0.00351014,0.009600973,0.000815357,0.963593,0.2673721,-0.01018994,-0.2673503,0.9635456,static,7.425632,-10.21746,9.131791,5.524515,0.3926940899046085,9.495758247858825
596,05/17/2023 13:16:21.306228,931,True,True,True,True,Eyes,1.328442,-0.2767481,-2.99872,0.1271627,-0.1760139,0.9761397,0.0,0.0,0.0,0.0,0.0,0.0,0.0,-1.287586,1.067402,2.837777,1.315894,-0.2744978,-3.007205,0.1349336,-0.005066967,-0.001168628,0.9908412,15.50864,359.3842,359.781,0.4029199,-0.08409312,-0.9113631,0,0,0,1.639855,-0.6507931,-0.8736643,0.3460802,0.20824,2.153,0.9999459,-0.003683258,0.009725744,0.0009484409,0.9635831,0.2674074,-0.01035649,-0.2673838,0.9635345,static,7.422182,-10.22153,9.131794,5.524513,0.3925860736567155,9.49553344415872
597,05/17/2023 13:16:21.316327,932,True,True,True,True,Eyes,1.328682,-0.2767541,-2.998727,0.1271066,-0.1760892,0.9761335,0.0,0.0,0.0,0.0,0.0,0.0,0.0,-1.287484,1.067505,2.837763,1.315929,-0.2744682,-3.007172,0.134983,-0.005104063,-0.00122877,0.9908341,15.51431,359.3788,359.7733,0.4029882,-0.08409188,-0.911333,0,0,0,1.639719,-0.6510192,-0.8736505,0.3460802,0.2082401,2.153,0.9999449,-0.003812937,0.009782832,0.00105709,0.9635561,0.2675041,-0.01044628,-0.267479,0.9635071,static,7.418989,-10.22587,9.131794,5.524515,0.39251271556413503,9.495296341833868
598,05/17/2023 13:16:21.336567,933,True,True,True,True,Eyes,1.328907,-0.2767591,-2.998734,0.1270422,-0.176151,0.9761307,0.0,0.0,0.0,0.0,0.0,0.0,0.0,-1.287667,1.067977,2.837497,1.31593,-0.2744987,-3.007164,0.135075,-0.005080023,-0.001256736,0.9908216,15.52494,359.3812,359.7703,0.4030558,-0.08409069,-0.9113033,0,0,0,1.63982,-0.6514622,-0.8737302,0.3460801,0.2082399,2.153,0.9999452,-0.003862771,0.009727286,0.001118033,0.9635063,0.2676833,-0.0104063,-0.2676578,0.9634579,static,7.415294,-10.22941,9.131793,5.524511,0.39235900290400605,9.49509707624331
599,05/17/2023 13:16:21.346199,934,True,True,True,True,Eyes,1.329124,-0.2767653,-2.998739,0.1269884,-0.1762157,0.976126,0.0,0.0,0.0,0.0,0.0,0.0,0.0,-1.288074,1.067448,2.83751,1.31595,-0.2744843,-3.007154,0.1350136,-0.005027039,-0.001312119,0.9908302,15.5178,359.3866,359.7647,0.4031222,-0.08408952,-0.911274,0,0,0,1.64006,-0.6512155,-0.8737132,0.3460801,0.2082401,2.153,0.9999461,-0.003957611,0.009607575,0.001242737,0.9635392,0.2675643,-0.01031619,-0.2675379,0.9634922,static,7.41222,-10.23314,9.131791,5.524515,0.3922675674334031,9.49489152466299
600,05/17/2023 13:16:21.366353,935,True,True,True,True,Eyes,1.329352,-0.2767709,-2.998746,0.126919,-0.1762726,0.9761248,0.0,0.0,0.0,0.0,0.0,0.0,0.0,-1.288681,1.067849,2.837077,1.315965,-0.2745194,-3.007138,0.1350843,-0.004926729,-0.001310757,0.9908211,15.52601,359.3984,359.7664,0.4031874,-0.08408841,-0.9112453,0,0,0,1.640508,-0.6515455,-0.8738152,0.3460801,0.2082399,2.153,0.999948,-0.003928498,0.009408887,0.001266403,0.963501,0.2677016,-0.01011714,-0.2676758,0.9634559,static,7.408227,-10.23639,9.131791,5.524509,0.39207473876712884,9.49470535051569
601,05/17/2023 13:16:21.386280,936,True,True,True,True,Eyes,1.329569,-0.2767768,-2.998753,0.1268583,-0.1763264,0.976123,0.0,0.0,0.0,0.0,0.0,0.0,0.0,-1.289098,1.06774,2.836934,1.315973,-0.2744907,-3.007143,0.1351011,-0.004871572,-0.001371979,0.990819,15.52792,359.4039,359.76,0.4032518,-0.08408733,-0.9112169,0,0,0,1.640745,-0.651625,-0.8738741,0.3460801,0.20824,2.153,0.9999487,-0.004035075,0.009282982,0.001402456,0.9634916,0.2677348,-0.01002441,-0.267708,0.9634479,static,7.404735,-10.23946,9.131792,5.524513,0.39191667936885777,9.494530993522908
602,05/17/2023 13:16:21.916483,968,True,True,True,True,Eyes,1.311627,-0.2761467,-2.99828,-0.1838857,-0.1768447,0.9669085,0.0,0.0,0.0,0.0,0.0,0.0,0.0,-1.287838,1.072391,2.835664,1.315864,-0.2744746,-3.007109,0.1357884,-0.005005898,-0.001100614,0.9907247,15.60755,359.3922,359.7894,0.4016048,-0.08407852,-0.9119427,0,0,0,0.9479744,-0.6519467,-0.8809119,-0.3460799,0.20824,2.153,0.9999475,-0.003540296,0.009620031,0.0008213255,0.9631206,0.2690688,-0.01021783,-0.2690468,0.963073,static,-10.76787,-10.36467,-9.131788,5.524512,-1.1665747364229133,9.390392833519856
603,05/17/2023 13:16:21.936573,969,True,True,True,True,Eyes,1.311594,-0.2761512,-2.998272,-0.1839458,-0.1769691,0.9668743,0.0,0.0,0.0,0.0,0.0,0.0,0.0,-1.289235,1.073013,2.834796,1.315859,-0.2745087,-3.007111,0.1359574,-0.004795739,-0.001217003,0.9907025,15.62708,359.4149,359.779,0.4013812,-0.08407888,-0.9120411,0,0,0,0.9488553,-0.6526463,-0.8808783,-0.3460799,0.2082401,2.153,0.9999511,-0.003715408,0.00917138,0.001107342,0.9630281,0.2693985,-0.009833221,-0.2693751,0.9629852,static,-10.77168,-10.37216,-9.131788,5.524515,-1.1665549586161457,9.38999279180983
604,05/17/2023 13:16:21.946617,970,True,True,True,True,Eyes,1.31156,-0.27615,-2.998272,-0.1840032,-0.1770924,0.9668409,0.0,0.0,0.0,0.0,0.0,0.0,0.0,-1.290639,1.073764,2.833695,1.31579,-0.2745208,-3.006972,0.1361482,-0.004567463,-0.001305993,0.9906772,15.64915,359.4404,359.772,0.4011792,-0.08407938,-0.91213,0,0,0,0.9497555,-0.6534383,-0.8807112,-0.3460799,0.2082402,2.153,0.9999549,-0.003831339,0.008694147,0.001343931,0.9629239,0.2697698,-0.009405382,-0.2697459,0.9628856,static,-10.77532,-10.37958,-9.131785,5.524518,-1.1665237970900009,9.389597212022652
605,05/17/2023 13:16:21.966326,971,True,True,True,True,Eyes,1.311509,-0.2761531,-2.998267,-0.1840412,-0.1772245,0.9668094,0.0,0.0,0.0,0.0,0.0,0.0,0.0,-1.290017,1.07452,2.833861,1.315729,-0.2743819,-3.007171,0.136132,-0.004579826,-0.000948077,0.9906798,15.64747,359.4447,359.814,0.4009965,-0.08407984,-0.9122103,0,0,0,0.9497027,-0.6534809,-0.8809413,-0.3460799,0.2082401,2.153,0.9999563,-0.003125403,0.008816156,0.0006315598,0.9629344,0.2697351,-0.00933241,-0.2697177,0.9628942,static,-10.77784,-10.38749,-9.131786,5.524517,-1.1663734759352364,9.389182829729657
606,05/17/2023 13:16:21.986210,972,True,True,True,True,Eyes,1.31146,-0.2761479,-2.998264,-0.1840926,-0.1773411,0.9667782,0.0,0.0,0.0,0.0,0.0,0.0,0.0,-1.289381,1.074725,2.833985,1.315745,-0.2745011,-3.00707,0.1360477,-0.004639061,-0.0007247553,0.9906913,15.63783,359.4414,359.8394,0.4008308,-0.08408041,-0.9122831,0,0,0,0.9495025,-0.6533898,-0.8808404,-0.3460799,0.2082401,2.153,0.9999559,-0.002698285,0.008994552,0.0001737496,0.962981,0.2695693,-0.009388957,-0.2695558,0.962939,static,-10.78111,-10.3945,-9.131785,5.524516,-1.1663295000582727,9.3888100168648
607,05/17/2023 13:16:21.996618,973,True,True,True,True,Eyes,1.311409,-0.2761425,-2.99826,-0.1841416,-0.1774386,0.966751,0.0,0.0,0.0,0.0,0.0,0.0,0.0,-1.288959,1.073235,2.834742,1.315762,-0.2742988,-3.007082,0.1359961,-0.004807619,-0.001137204,0.9906971,15.6316,359.4148,359.7881,0.4006805,-0.08408082,-0.9123492,0,0,0,0.9487204,-0.6526577,-0.880896,-0.3460799,0.20824,2.153,0.9999512,-0.003560884,0.009216479,0.000945613,0.9630076,0.2694729,-0.0098351,-0.269451,0.9629639,static,-10.78422,-10.40038,-9.131788,5.524513,-1.1663242147068174,9.388495325197287
608,05/17/2023 13:16:22.016565,974,True,True,True,True,Eyes,1.31136,-0.2761414,-2.998255,-0.1841961,-0.1775366,0.9667226,0.0,0.0,0.0,0.0,0.0,0.0,0.0,-1.28856,1.072337,2.835225,1.315686,-0.2742946,-3.00708,0.1359233,-0.004907805,-0.001336318,0.9907064,15.62303,359.3998,359.7631,0.4005439,-0.08408109,-0.9124093,0,0,0,0.9481783,-0.6521896,-0.8808912,-0.3460798,0.2082401,2.153,0.9999483,-0.003981967,0.009361113,0.001313627,0.9630461,0.2693332,-0.01008766,-0.269307,0.9630015,static,-10.78764,-10.40629,-9.131783,5.524515,-1.1663442214381048,9.388177445124754
609,05/17/2023 13:16:22.036446,975,True,True,True,True,Eyes,1.311311,-0.2761426,-2.99825,-0.1842457,-0.177632,0.9666956,0.0,0.0,0.0,0.0,0.0,0.0,0.0,-1.287745,1.073058,2.835321,1.315704,-0.2743931,-3.007062,0.1359503,-0.005009932,-0.00116578,0.9907025,15.62624,359.3905,359.7815,0.4004198,-0.08408136,-0.9124638,0,0,0,0.9477851,-0.6525143,-0.8809846,-0.3460799,0.2082402,2.153,0.9999471,-0.003672085,0.009609726,0.0009476772,0.9630323,0.2693843,-0.01024368,-0.2693609,0.9629849,static,-10.79077,-10.41205,-9.131786,5.524519,-1.166346229027092,9.387868726556892
610,05/17/2023 13:16:22.046395,976,True,True,True,True,Eyes,1.311266,-0.276141,-2.998242,-0.1842829,-0.1777309,0.9666703,0.0,0.0,0.0,0.0,0.0,0.0,0.0,-1.287636,1.073994,2.83507,1.315781,-0.2744401,-3.007074,0.1360266,-0.005001031,-0.0009891662,0.9906922,15.63517,359.3944,359.8024,0.400307,-0.0840817,-0.9125134,0,0,0,0.9479308,-0.6530147,-0.8810658,-0.3460799,0.2082401,2.153,0.999948,-0.003320464,0.009639858,0.0005993721,0.9629916,0.2695308,-0.01017807,-0.269511,0.9629435,static,-10.79317,-10.41799,-9.131786,5.524515,-1.1662770409435188,9.387554815295346
611,05/17/2023 13:16:22.067052,977,True,True,True,True,Eyes,1.311194,-0.2761371,-2.998233,-0.1842852,-0.177819,0.9666537,0.0,0.0,0.0,0.0,0.0,0.0,0.0,-1.288542,1.074326,2.834481,1.315843,-0.2743693,-3.007004,0.1361219,-0.004865485,-0.001018948,0.9906797,15.6462,359.4099,359.8011,0.4002043,-0.08408202,-0.9125586,0,0,0,0.9485725,-0.6533461,-0.8809671,-0.3460799,0.2082402,2.153,0.9999506,-0.0033435,0.009362872,0.000694303,0.9629396,0.2697164,-0.009917676,-0.2696965,0.9628943,static,-10.79349,-10.42321,-9.131785,5.524518,-1.1660622336794975,9.387288581635637
612,05/17/2023 13:16:22.086199,978,True,True,True,True,Eyes,1.311125,-0.2761334,-2.998222,-0.1842752,-0.1779015,0.9666404,0.0,0.0,0.0,0.0,0.0,0.0,0.0,-1.28946,1.073923,2.834194,1.315814,-0.2743287,-3.007001,0.136139,-0.004742056,-0.00118001,0.9906778,15.64811,359.4218,359.7841,0.4001102,-0.08408229,-0.9125999,0,0,0,0.9490483,-0.6532776,-0.8808717,-0.3460799,0.2082401,2.153,0.9999523,-0.003629176,0.009074409,0.001046861,0.9629296,0.2697509,-0.009716989,-0.2697285,0.9628873,static,-10.79306,-10.42808,-9.131785,5.524516,-1.165799115856005,9.387044119453629
613,05/17/2023 13:16:22.096357,979,True,True,True,True,Eyes,1.311057,-0.2761297,-2.998211,-0.1843639,-0.1778676,0.9666298,0.0,0.0,0.0,0.0,0.0,0.0,0.0,-1.290716,1.073347,2.833781,1.3158,-0.2743292,-3.00695,0.1361488,-0.004576791,-0.001396563,0.9906769,15.64916,359.4378,359.7612,0.4000238,-0.08408251,-0.9126378,0,0,0,0.9497095,-0.6531843,-0.880688,-0.3460799,0.20824,2.153,0.9999542,-0.004013335,0.008687962,0.001520837,0.9629231,0.2697716,-0.009448524,-0.2697461,0.9628851,static,-10.79825,-10.42625,-9.131787,5.524514,-1.1663308358254147,9.38710892125324
614,05/17/2023 13:16:22.116575,980,True,True,True,True,Eyes,1.310991,-0.2761292,-2.998198,-0.1844448,-0.1778347,0.9666203,0.0,0.0,0.0,0.0,0.0,0.0,0.0,-1.290899,1.072462,2.834026,1.31582,-0.2743337,-3.006935,0.1360436,-0.004574155,-0.001506329,0.9906912,15.63693,359.4364,359.7484,0.3999445,-0.08408269,-0.9126727,0,0,0,0.9497229,-0.6526598,-0.8805802,-0.3460799,0.2082401,2.153,0.9999536,-0.004229182,0.008653298,0.001740045,0.9629798,0.2695681,-0.009473003,-0.2695406,0.9629424,static,-10.80298,-10.42446,-9.131786,5.524515,-1.1668211017117347,9.38717417157196
615,05/17/2023 13:16:22.136549,981,True,True,True,True,Eyes,1.310934,-0.2761308,-2.998189,-0.1845757,-0.1777272,0.9666152,0.0,0.0,0.0,0.0,0.0,0.0,0.0,-1.29114,1.072519,2.833819,1.31579,-0.2744109,-3.006869,0.1360316,-0.004520675,-0.001472107,0.9906932,15.63557,359.4432,359.7533,0.3998716,-0.08408295,-0.9127048,0,0,0,0.9499299,-0.6527151,-0.8804692,-0.3460799,0.2082401,2.153,0.9999548,-0.004146721,0.008556696,0.001686903,0.9629865,0.2695444,-0.009357709,-0.2695178,0.9629499,static,-10.81052,-10.41836,-9.131787,5.524516,-1.1677533571581833,9.387442699697173
616,05/17/2023 13:16:22.146726,982,True,True,True,True,Eyes,1.310879,-0.276127,-2.998178,-0.1847046,-0.1776294,0.9666085,0.0,0.0,0.0,0.0,0.0,0.0,0.0,-1.290356,1.07322,2.833982,1.315729,-0.2744567,-3.00696,0.1361099,-0.004630114,-0.001415884,0.9906819,15.64464,359.4312,359.7581,0.3998045,-0.0840833,-0.9127342,0,0,0,0.9494055,-0.6531258,-0.8807051,-0.3460799,0.2082401,2.153,0.9999531,-0.004065791,0.008788509,0.001544973,0.9629442,0.2696964,-0.009559372,-0.2696702,0.9629053,static,-10.81797,-10.41282,-9.131785,5.524516,-1.1686518658171474,9.387683335419458
617,05/17/2023 13:16:22.166870,983,True,True,True,True,Eyes,1.310837,-0.2761276,-2.998171,-0.1848479,-0.1774929,0.9666063,0.0,0.0,0.0,0.0,0.0,0.0,0.0,-1.290239,1.07336,2.833914,1.315724,-0.2743241,-3.00691,0.1361928,-0.00466763,-0.001495399,0.9906704,15.65417,359.4255,359.748,0.3997429,-0.08408359,-0.9127612,0,0,0,0.9492248,-0.6532893,-0.8807375,-0.3460799,0.2082402,2.153,0.999952,-0.004234291,0.00884084,0.0016915,0.9628986,0.2698583,-0.009655491,-0.2698304,0.9628595,static,-10.82619,-10.40501,-9.131788,5.524518,-1.1697220474126848,9.38803485457537
618,05/17/2023 13:16:22.186297,984,True,True,True,True,Eyes,1.310797,-0.2761247,-2.998165,-0.1849856,-0.1773651,0.9666033,0.0,0.0,0.0,0.0,0.0,0.0,0.0,-1.28991,1.073884,2.833947,1.315718,-0.2744249,-3.00698,0.1362693,-0.004726944,-0.001514977,0.9906594,15.66299,359.4181,359.7447,0.3996865,-0.08408392,-0.9127859,0,0,0,0.9489588,-0.6536985,-0.8809075,-0.3460799,0.2082401,2.153,0.9999508,-0.004289926,0.008952693,0.001713377,0.9628568,0.2700072,-0.009778472,-0.2699785,0.9628167,static,-10.8341,-10.39772,-9.131787,5.524515,-1.1707414016494142,9.388361692137734
619,05/17/2023 13:16:22.196724,985,True,True,True,True,Eyes,1.310772,-0.2761203,-2.998158,-0.1851514,-0.1771967,0.9666024,0.0,0.0,0.0,0.0,0.0,0.0,0.0,-1.289899,1.074031,2.833889,1.315718,-0.2743379,-3.006981,0.1363111,-0.004729692,-0.001518488,0.9906537,15.66782,359.4177,359.7442,0.3996348,-0.08408419,-0.9128087,0,0,0,0.9489461,-0.6537884,-0.8809428,-0.3460799,0.20824,2.153,0.9999506,-0.004298009,0.008957,0.001719172,0.9628339,0.2700884,-0.009784946,-0.2700597,0.9627939,static,-10.84359,-10.38807,-9.131786,5.524513,-1.1720063324254881,9.388799614772953
620,05/17/2023 13:16:22.216452,986,True,True,True,True,Eyes,1.310748,-0.2761147,-2.998149,-0.1852981,-0.1770264,0.9666055,0.0,0.0,0.0,0.0,0.0,0.0,0.0,-1.29012,1.073409,2.834008,1.315715,-0.2742926,-3.006971,0.1361803,-0.004674409,-0.001444558,0.9906721,15.65275,359.4255,359.7539,0.3995877,-0.08408434,-0.9128293,0,0,0,0.9491954,-0.6532393,-0.8807997,-0.3460799,0.20824,2.153,0.9999521,-0.004135291,0.008868171,0.001589042,0.9629056,0.2698335,-0.009655052,-0.2698065,0.9628662,static,-10.85194,-10.37827,-9.131786,5.524514,-1.1731800957412446,9.389251273073452
621,05/17/2023 13:16:22.236513,987,True,True,True,True,Eyes,1.310708,-0.2761121,-2.998145,-0.1854419,-0.1768302,0.9666139,0.0,0.0,0.0,0.0,0.0,0.0,0.0,-1.290998,1.072679,2.833805,1.315694,-0.274262,-3.006908,0.1360608,-0.004516881,-0.00142284,0.9906893,15.63899,359.4445,359.7591,0.3995447,-0.08408435,-0.9128482,0,0,0,0.9498583,-0.6527271,-0.8805326,-0.3460798,0.2082402,2.153,0.9999552,-0.004048326,0.008562467,0.001590043,0.9629709,0.2696009,-0.009336838,-0.2695751,0.9629341,static,-10.86007,-10.36693,-9.131784,5.524518,-1.174406420147673,9.389782151270333
622,05/17/2023 13:16:22.246643,988,True,True,True,True,Eyes,1.310669,-0.2761092,-2.998141,-0.1855828,-0.1766419,0.9666213,0.0,0.0,0.0,0.0,0.0,0.0,0.0,-1.290898,1.072986,2.833841,1.315671,-0.2743474,-3.007011,0.1360248,-0.004493453,-0.001263717,0.9906945,15.63492,359.4498,359.7783,0.3995051,-0.08408434,-0.9128656,0,0,0,0.9499642,-0.6527722,-0.880606,-0.3460799,0.2082402,2.153,0.9999564,-0.003726357,0.008559482,0.001281472,0.9629913,0.2695294,-0.00924707,-0.2695067,0.9629541,static,-10.86804,-10.35605,-9.131786,5.524518,-1.1755976149178942,9.390290581032335
623,05/17/2023 13:16:22.267085,989,True,True,True,True,Eyes,1.310623,-0.2761037,-2.998136,-0.185699,-0.1764504,0.9666339,0.0,0.0,0.0,0.0,0.0,0.0,0.0,-1.290454,1.073221,2.833975,1.315662,-0.274336,-3.007036,0.136,-0.00453431,-0.001121831,0.9906979,15.63211,359.4473,359.7944,0.3994685,-0.08408429,-0.9128817,0,0,0,0.9498031,-0.65275,-0.8806555,-0.3460799,0.2082401,2.153,0.9999564,-0.003456124,0.008679125,0.0009894593,0.9630055,0.2694799,-0.009289401,-0.2694596,0.9629669,static,-10.87455,-10.34494,-9.131787,5.524515,-1.1766738107300467,9.390818522314525
624,05/17/2023 13:16:22.286366,990,True,True,True,True,Eyes,1.310579,-0.2760971,-2.998133,-0.1858234,-0.1762664,0.9666436,0.0,0.0,0.0,0.0,0.0,0.0,0.0,-1.289781,1.073578,2.834109,1.315696,-0.2742798,-3.006991,0.1360315,-0.004635777,-0.001041926,0.9906932,15.63578,359.4366,359.8021,0.3994345,-0.08408413,-0.9128966,0,0,0,0.9494125,-0.6528754,-0.8807155,-0.3460799,0.2082401,2.153,0.9999548,-0.003325682,0.008901796,0.0008032342,0.9629887,0.2695407,-0.009468736,-0.2695214,0.9629478,static,-10.88155,-10.33428,-9.131787,5.524515,-1.1777712934269284,9.391321024001558
625,05/17/2023 13:16:22.306212,991,True,True,True,True,Eyes,1.310546,-0.2760924,-2.99813,-0.1859568,-0.1760786,0.9666522,0.0,0.0,0.0,0.0,0.0,0.0,0.0,-1.288812,1.073634,2.834602,1.315697,-0.2742482,-3.007063,0.136031,-0.004798829,-0.001037341,0.9906925,15.6357,359.4175,359.8,0.3994028,-0.08408384,-0.9129106,0,0,0,0.9487111,-0.6528282,-0.880906,-0.3460798,0.2082402,2.153,0.9999518,-0.003360952,0.009226107,0.0007497934,0.962989,0.2695398,-0.009790548,-0.2695198,0.9629451,static,-10.88908,-10.32341,-9.131784,5.524517,-1.178924148554782,9.391831314837097
626,05/17/2023 13:16:22.316542,992,True,True,True,True,Eyes,1.310516,-0.276087,-2.998125,-0.186095,-0.1758912,0.9666597,0.0,0.0,0.0,0.0,0.0,0.0,0.0,-1.28831,1.07344,2.834903,1.315765,-0.274289,-3.007028,0.1359997,-0.004902763,-0.001069483,0.9906963,15.63203,359.4047,359.7946,0.3993734,-0.08408348,-0.9129235,0,0,0,0.9483252,-0.6527014,-0.8809196,-0.3460799,0.2082401,2.153,0.9999496,-0.003452614,0.009423399,0.0007855166,0.9630059,0.2694793,-0.0100052,-0.2694583,0.9629601,static,-10.8969,-10.31259,-9.131785,5.524514,-1.1800996456024027,9.39233751144043
627,05/17/2023 13:16:22.336675,993,True,True,True,True,Eyes,1.310471,-0.2760838,-2.998123,-0.1862117,-0.1756963,0.9666726,0.0,0.0,0.0,0.0,0.0,0.0,0.0,-1.287686,1.072851,2.835385,1.31579,-0.2742684,-3.006996,0.1359273,-0.005029452,-0.001144313,0.9907055,15.62359,359.3886,359.7838,0.3993462,-0.08408303,-0.9129355,0,0,0,0.9477903,-0.6523042,-0.8809179,-0.3460798,0.2082401,2.153,0.9999468,-0.003634633,0.009654323,0.0009000737,0.9630449,0.2693394,-0.0102765,-0.2693164,0.9629969,static,-10.90342,-10.30127,-9.131784,5.524515,-1.181186452050976,9.392876040181147
628,05/17/2023 13:16:22.356360,994,True,True,True,True,Eyes,1.310429,-0.2760792,-2.998122,-0.1863216,-0.1755064,0.966686,0.0,0.0,0.0,0.0,0.0,0.0,0.0,-1.2878,1.072857,2.835414,1.315801,-0.2743375,-3.007064,0.1359247,-0.005017143,-0.001167368,0.9907059,15.62328,359.3897,359.7813,0.3993207,-0.08408257,-0.9129468,0,0,0,0.9478504,-0.6523471,-0.8809722,-0.3460799,0.20824,2.153,0.999947,-0.003676943,0.009623677,0.0009491281,0.9630462,0.2693346,-0.01025837,-0.2693112,0.9629986,static,-10.90956,-10.29023,-9.131786,5.524513,-1.1822275481804714,9.393402425477815
629,05/17/2023 13:16:22.366861,995,True,True,True,True,Eyes,1.310384,-0.2760755,-2.998123,-0.1864138,-0.1753228,0.9667015,0.0,0.0,0.0,0.0,0.0,0.0,0.0,-1.28804,1.072551,2.835446,1.315826,-0.2743011,-3.00708,0.1358955,-0.004989631,-0.001205422,0.9907099,15.61988,359.3923,359.7772,0.3992966,-0.08408208,-0.9129574,0,0,0,0.9479885,-0.6521609,-0.8809423,-0.3460799,0.2082401,2.153,0.9999473,-0.003744585,0.00955893,0.001032311,0.9630619,0.2692781,-0.01021418,-0.269254,0.963015,static,-10.91466,-10.27954,-9.131788,5.524517,-1.1831628709997308,9.393916671940886
630,05/17/2023 13:16:22.386236,996,True,True,True,True,Eyes,1.310342,-0.2760686,-2.998122,-0.1864929,-0.1751424,0.966719,0.0,0.0,0.0,0.0,0.0,0.0,0.0,-1.288532,1.072613,2.835258,1.315818,-0.2743253,-3.007137,0.1358941,-0.004899205,-0.001180883,0.9907106,15.61976,359.4034,359.7816,0.3992738,-0.08408157,-0.9129674,0,0,0,0.9483743,-0.6522059,-0.8809349,-0.3460799,0.2082401,2.153,0.9999492,-0.003671374,0.009386438,0.001008281,0.9630628,0.2692752,-0.01002834,-0.269252,0.9630176,static,-10.91898,-10.269,-9.131789,5.524517,-1.1840240869609635,9.394427514960284
631,05/17/2023 13:16:22.396729,997,True,True,True,True,Eyes,1.31031,-0.2760647,-2.998122,-0.1865603,-0.1749669,0.9667377,0.0,0.0,0.0,0.0,0.0,0.0,0.0,-1.28939,1.07203,2.835047,1.315834,-0.274245,-3.007097,0.1358534,-0.004776064,-0.001265357,0.9907166,15.61503,359.4165,359.7737,0.3992522,-0.08408094,-0.9129769,0,0,0,0.948908,-0.6519036,-0.8807665,-0.3460799,0.2082401,2.153,0.9999512,-0.003804911,0.009119646,0.001209532,0.9630845,0.2691966,-0.009807257,-0.2691724,0.963042,static,-10.92263,-10.25874,-9.131787,5.524515,-1.184814629294618,9.394927775131608
632,05/17/2023 13:16:22.416641,998,True,True,True,True,Eyes,1.310278,-0.2760608,-2.998122,-0.1866251,-0.1747938,0.9667565,0.0,0.0,0.0,0.0,0.0,0.0,0.0,-1.289426,1.07182,2.835132,1.315821,-0.2743108,-3.007119,0.1357814,-0.004754968,-0.001211046,0.9907266,15.60674,359.4199,359.7804,0.399232,-0.08408029,-0.9129859,0,0,0,0.9489952,-0.6517006,-0.8807226,-0.3460798,0.2082402,2.153,0.9999519,-0.003690904,0.009092873,0.001108358,0.9631239,0.2690561,-0.009750622,-0.269033,0.9630816,static,-10.92612,-10.24861,-9.131784,5.524517,-1.185585363157704,9.395422308867191
633,05/17/2023 13:16:22.436221,999,True,True,True,True,Eyes,1.310231,-0.2760575,-2.998122,-0.1866632,-0.1746373,0.9667774,0.0,0.0,0.0,0.0,0.0,0.0,0.0,-1.28951,1.071382,2.83526,1.315808,-0.2743078,-3.007125,0.1357336,-0.004753088,-0.001274269,0.9907331,15.60116,359.4192,359.773,0.3992129,-0.08407961,-0.9129943,0,0,0,0.9489802,-0.6514476,-0.8806847,-0.3460798,0.2082401,2.153,0.9999516,-0.003815229,0.009072163,0.001234614,0.9631495,0.2689636,-0.009764006,-0.2689394,0.9631076,static,-10.92807,-10.23941,-9.131784,5.524515,-1.1861803554141808,9.39587800427158
634,05/17/2023 13:16:22.456374,1000,True,True,True,True,Eyes,1.310186,-0.2760552,-2.998121,-0.1867029,-0.1744943,0.9667956,0.0,0.0,0.0,0.0,0.0,0.0,0.0,-1.289264,1.07145,2.835344,1.315805,-0.2743334,-3.007122,0.1357476,-0.004798928,-0.00129463,0.9907311,15.60277,359.4134,359.7699,0.3991946,-0.08407895,-0.9130024,0,0,0,0.9487756,-0.6515146,-0.880724,-0.3460799,0.2082401,2.153,0.9999506,-0.003868146,0.009157408,0.001262374,0.9631419,0.2689912,-0.009860379,-0.2689664,0.9630991,static,-10.93013,-10.23101,-9.131788,5.524515,-1.1867476742920813,9.396292569546036
635,05/17/2023 13:16:22.466270,1001,True,True,True,True,Eyes,1.310149,-0.2760523,-2.998118,-0.1867283,-0.174363,0.9668144,0.0,0.0,0.0,0.0,0.0,0.0,0.0,-1.289018,1.07203,2.835207,1.31581,-0.274355,-3.00709,0.1358369,-0.004837802,-0.001277694,0.9907187,15.6131,359.4091,359.7712,0.399177,-0.08407834,-0.9130102,0,0,0,0.9486157,-0.6519277,-0.8807903,-0.3460799,0.2082402,2.153,0.9999499,-0.003845975,0.009238685,0.001217366,0.9630934,0.2691647,-0.009932917,-0.26914,0.9630498,static,-10.93138,-10.22328,-9.131788,5.524517,-1.1872141614579055,9.396677543000955
636,05/17/2023 13:16:22.486014,1002,True,True,True,True,Eyes,1.310114,-0.2760491,-2.998115,-0.1867516,-0.1742376,0.9668325,0.0,0.0,0.0,0.0,0.0,0.0,0.0,-1.288844,1.07221,2.835191,1.315852,-0.2743319,-3.007047,0.1359003,-0.004889342,-0.001342268,0.9907097,15.62038,359.4019,359.7627,0.3991602,-0.08407775,-0.9130177,0,0,0,0.9484234,-0.652126,-0.8808272,-0.3460799,0.20824,2.153,0.9999486,-0.003988523,0.009323008,0.00133067,0.9630586,0.2692886,-0.01005267,-0.2692624,0.9630144,static,-10.93251,-10.2159,-9.131785,5.524514,-1.1876540692577007,9.39704542676609
637,05/17/2023 13:16:22.506056,1003,True,True,True,True,Eyes,1.310082,-0.2760473,-2.998116,-0.186749,-0.1741385,0.9668509,0.0,0.0,0.0,0.0,0.0,0.0,0.0,-1.289052,1.072127,2.835137,1.315856,-0.2743243,-3.007056,0.1359232,-0.004873009,-0.001420953,0.9907064,15.62298,359.4026,359.7537,0.3991442,-0.08407716,-0.9130247,0,0,0,0.948485,-0.6521627,-0.8808336,-0.3460799,0.2082401,2.153,0.9999485,-0.004140205,0.009269161,0.001490785,0.9630457,0.2693338,-0.01004172,-0.2693061,0.9630023,static,-10.93216,-10.21002,-9.131787,5.524516,-1.1878969364417762,9.397345265865043
638,05/17/2023 13:16:22.516466,1004,True,True,True,True,Eyes,1.310052,-0.2760445,-2.998113,-0.1867339,-0.1740421,0.9668711,0.0,0.0,0.0,0.0,0.0,0.0,0.0,-1.289125,1.072423,2.835067,1.315861,-0.274353,-3.007121,0.1359376,-0.004845464,-0.001351888,0.9907047,15.62469,359.4069,359.7623,0.399129,-0.08407661,-0.9130314,0,0,0,0.9486196,-0.6523048,-0.8808969,-0.3460799,0.2082402,2.153,0.9999494,-0.003996005,0.009233302,0.001361283,0.9630383,0.2693611,-0.009968391,-0.2693349,0.962995,static,-10.93107,-10.20428,-9.131786,5.524517,-1.1880696042605368,9.397641992992954
639,05/17/2023 13:16:22.536258,1005,True,True,True,True,Eyes,1.310022,-0.2760423,-2.998112,-0.1867104,-0.173951,0.9668921,0.0,0.0,0.0,0.0,0.0,0.0,0.0,-1.290115,1.072172,2.834655,1.315869,-0.2743253,-3.007067,0.1359206,-0.004684208,-0.001372962,0.9907079,15.62275,359.4256,359.7624,0.3991146,-0.08407606,-0.9130378,0,0,0,0.949321,-0.6522059,-0.8807105,-0.3460799,0.2082402,2.153,0.9999524,-0.00399377,0.008908135,0.001447048,0.9630474,0.2693281,-0.00965459,-0.2693023,0.9630073,static,-10.9295,-10.19883,-9.131784,5.524517,-1.188187489445059,9.397926608086113
640,05/17/2023 13:16:22.556301,1006,True,True,True,True,Eyes,1.309993,-0.2760401,-2.99811,-0.1866795,-0.1738582,0.9669148,0.0,0.0,0.0,0.0,0.0,0.0,0.0,-1.290563,1.071847,2.834585,1.315848,-0.2743414,-3.007086,0.1358468,-0.004594808,-0.001330884,0.9907184,15.61427,359.4369,359.7689,0.3991009,-0.08407554,-0.9130438,0,0,0,0.9496926,-0.651944,-0.8806125,-0.3460799,0.2082401,2.153,0.9999543,-0.003885443,0.008742729,0.001388682,0.9630877,0.2691841,-0.009465915,-0.2691597,0.9630491,static,-10.92749,-10.19327,-9.131788,5.524516,-1.1882726063201734,9.39821916497977
641,05/17/2023 13:16:22.566813,1007,True,True,True,True,Eyes,1.309983,-0.276042,-2.998106,-0.1866421,-0.1737857,0.966935,0.0,0.0,0.0,0.0,0.0,0.0,0.0,-1.291021,1.071549,2.834451,1.315837,-0.2743356,-3.007055,0.1357588,-0.00449281,-0.001232192,0.9907311,15.60416,359.4505,359.7822,0.3990878,-0.08407504,-0.9130496,0,0,0,0.9501397,-0.6516399,-0.8804491,-0.3460799,0.2082401,2.153,0.9999566,-0.003661419,0.008567773,0.001221665,0.9631361,0.269012,-0.009236896,-0.2689899,0.9630988,static,-10.92512,-10.1889,-9.131786,5.524515,-1.1882714852087481,9.398453358622621
642,05/17/2023 13:16:22.586076,1008,True,True,True,True,Eyes,1.309971,-0.2760412,-2.998104,-0.186611,-0.1737162,0.9669535,0.0,0.0,0.0,0.0,0.0,0.0,0.0,-1.29165,1.071637,2.834065,1.315798,-0.2744226,-3.007002,0.1357928,-0.004392161,-0.001286037,0.9907267,15.60809,359.4615,359.7774,0.3990758,-0.08407467,-0.9130549,0,0,0,0.9505257,-0.6518454,-0.8803442,-0.3460799,0.2082402,2.153,0.9999581,-0.003741069,0.008353593,0.001355374,0.9631174,0.2690784,-0.009052131,-0.2690558,0.9630821,static,-10.92314,-10.18472,-9.131786,5.524517,-1.1882951141660505,9.398675825715271
643,05/17/2023 13:16:22.606302,1009,True,True,True,True,Eyes,1.30997,-0.2760441,-2.998099,-0.1865925,-0.1736623,0.9669667,0.0,0.0,0.0,0.0,0.0,0.0,0.0,-1.290942,1.071888,2.834296,1.315737,-0.2743542,-3.007037,0.1357632,-0.004461618,-0.001111388,0.9907307,15.60474,359.4561,359.7969,0.3990647,-0.08407433,-0.9130598,0,0,0,0.9501948,-0.6517656,-0.8804243,-0.3460799,0.2082402,2.153,0.9999577,-0.003413619,0.008538754,0.0009907251,0.9631342,0.2690194,-0.009142296,-0.2689995,0.963097,static,-10.92194,-10.18149,-9.131786,5.524517,-1.1883417794292495,9.398845956254458
644,05/17/2023 13:16:22.616589,1010,True,True,True,True,Eyes,1.309973,-0.2760345,-2.998096,-0.1865888,-0.1735849,0.9669813,0.0,0.0,0.0,0.0,0.0,0.0,0.0,-1.289312,1.072768,2.834659,1.31578,-0.2744401,-3.006967,0.1357654,-0.004680456,-0.0008304535,0.9907296,15.60511,359.4349,359.8265,0.3990549,-0.08407411,-0.9130642,0,0,0,0.9493408,-0.652037,-0.8805414,-0.3460799,0.2082402,2.153,0.9999548,-0.002916398,0.009048639,0.0003746221,0.9631342,0.2690213,-0.009499626,-0.2690058,0.9630917,static,-10.92157,-10.1769,-9.131785,5.524516,-1.188523033176526,9.399080535165897
645,05/17/2023 13:16:22.636385,1011,True,True,True,True,Eyes,1.310003,-0.2760339,-2.998093,-0.1866102,-0.1735024,0.966992,0.0,0.0,0.0,0.0,0.0,0.0,0.0,-1.288621,1.070416,2.835892,1.31587,-0.2741341,-3.006984,0.1354713,-0.004851333,-0.001002245,0.9907689,15.57097,359.412,359.8037,0.3990461,-0.08407363,-0.9130681,0,0,0,0.9486656,-0.6503292,-0.880442,-0.3460798,0.2082402,2.153,0.9999509,-0.003300419,0.00934155,0.0006715531,0.963293,0.2684512,-0.009884651,-0.2684318,0.963248,static,-10.92268,-10.17205,-9.131784,5.524517,-1.1888437570989387,9.399320324564925
646,05/17/2023 13:16:22.646556,1012,True,True,True,True,Eyes,1.310036,-0.2760327,-2.998091,-0.186638,-0.1734343,0.9669989,0.0,0.0,0.0,0.0,0.0,0.0,0.0,-1.287959,1.069778,2.836452,1.315907,-0.2743363,-3.006967,0.1353588,-0.004990347,-0.001093529,0.9907836,15.55787,359.3943,359.7908,0.3990389,-0.08407317,-0.9130712,0,0,0,0.9480876,-0.6499695,-0.8804322,-0.3460799,0.2082402,2.153,0.9999478,-0.003517875,0.00959267,0.0008159253,0.9633536,0.2682334,-0.01018475,-0.2682116,0.9633062,static,-10.92418,-10.16807,-9.131787,5.524517,-1.1891576602033078,9.39951392996098
647,05/17/2023 13:16:22.666065,1013,True,True,True,True,Eyes,1.310102,-0.2760305,-2.998088,-0.1866315,-0.1734089,0.9670047,0.0,0.0,0.0,0.0,0.0,0.0,0.0,-1.28837,1.069796,2.836326,1.316009,-0.2743199,-3.006988,0.1355993,-0.005059972,-0.001624662,0.9907495,15.58534,359.3774,359.7269,0.3990334,-0.08407269,-0.9130737,0,0,0,0.9477976,-0.6506036,-0.8806351,-0.3460799,0.2082402,2.153,0.9999436,-0.004591523,0.009585724,0.001847008,0.9632204,0.2687063,-0.01046694,-0.2686734,0.9631744,static,-10.92375,-10.16655,-9.131786,5.524518,-1.1891912158599176,9.399593266489607
648,05/17/2023 13:16:22.686746,1014,True,True,True,True,Eyes,1.310163,-0.2760329,-2.998089,-0.1866106,-0.1734061,0.9670092,0.0,0.0,0.0,0.0,0.0,0.0,0.0,-1.290743,1.070281,2.835007,1.315993,-0.2742629,-3.006946,0.135899,-0.004749384,-0.002030621,0.9907093,15.61985,359.4073,359.6838,0.3990301,-0.08407212,-0.9130751,0,0,0,0.9490513,-0.6515798,-0.8805574,-0.34608,0.2082402,2.153,0.9999467,-0.005314384,0.0088586,0.002732638,0.9630547,0.2692921,-0.009962438,-0.2692535,0.9630178,static,-10.92251,-10.16635,-9.131789,5.524517,-1.1890937617509196,9.399610073927663
649,05/17/2023 13:16:22.696680,1015,True,True,True,True,Eyes,1.310233,-0.276037,-2.998092,-0.1865561,-0.1734376,0.967014,0.0,0.0,0.0,0.0,0.0,0.0,0.0,-1.291554,1.072154,2.834035,1.315967,-0.2743716,-3.007047,0.136139,-0.004569705,-0.001861742,0.9906775,15.64777,359.4311,359.7065,0.3990287,-0.08407162,-0.9130758,0,0,0,0.949828,-0.6528576,-0.8807278,-0.3460799,0.2082401,2.153,0.9999514,-0.004933001,0.008547295,0.002444541,0.9629254,0.2697567,-0.009561118,-0.2697227,0.9628906,static,-10.91934,-10.16811,-9.131787,5.524516,-1.1887391740814945,9.399537948860628
650,05/17/2023 13:16:22.716284,1016,True,True,True,True,Eyes,1.310299,-0.2760381,-2.998096,-0.1864987,-0.17346,0.9670212,0.0,0.0,0.0,0.0,0.0,0.0,0.0,-1.292252,1.073174,2.833384,1.316006,-0.2744033,-3.007077,0.1361908,-0.004391701,-0.001570951,0.9906718,15.65396,359.4568,359.7436,0.3990292,-0.08407122,-0.9130756,0,0,0,0.9506848,-0.6533351,-0.8806961,-0.3460799,0.2082401,2.153,0.9999565,-0.004308812,0.00827357,0.001916375,0.9628992,0.2698545,-0.009129366,-0.2698269,0.9628656,static,-10.91598,-10.16932,-9.131785,5.524515,-1.1883937664170483,9.39949471625159
651,05/17/2023 13:16:22.736781,1017,True,True,True,True,Eyes,1.310378,-0.2760385,-2.998104,-0.186436,-0.1734706,0.9670313,0.0,0.0,0.0,0.0,0.0,0.0,0.0,-1.292499,1.072638,2.833495,1.316,-0.2743336,-3.007105,0.1360735,-0.004329399,-0.001487804,0.9906883,15.64047,359.4655,359.7545,0.3990313,-0.08407081,-0.9130747,0,0,0,0.9509625,-0.6528268,-0.8805975,-0.3460799,0.2082402,2.153,0.9999582,-0.004126133,0.008173268,0.001769666,0.9629636,0.2696258,-0.008983072,-0.2696,0.9629304,static,-10.91229,-10.16982,-9.131788,5.524518,-1.1880529159491482,9.399489237127657
652,05/17/2023 13:16:22.755915,1018,True,True,True,True,Eyes,1.310453,-0.2760386,-2.998113,-0.1863951,-0.1734693,0.9670394,0.0,0.0,0.0,0.0,0.0,0.0,0.0,-1.292408,1.07146,2.83404,1.31595,-0.2743078,-3.007185,0.1359224,-0.004364355,-0.001612908,0.9907086,15.62291,359.4594,359.7393,0.3990352,-0.08407035,-0.9130731,0,0,0,0.9507409,-0.6520598,-0.8805751,-0.3460798,0.2082401,2.153,0.9999567,-0.00438227,0.008209147,0.002009417,0.963045,0.269333,-0.009086068,-0.2693048,0.9630121,static,-10.90987,-10.16966,-9.131783,5.524514,-1.1878520298876811,9.399510367667922
653,05/17/2023 13:16:22.766513,1019,True,True,True,True,Eyes,1.310536,-0.276042,-2.998128,-0.1863719,-0.1734753,0.9670428,0.0,0.0,0.0,0.0,0.0,0.0,0.0,-1.290807,1.070855,2.835045,1.315899,-0.2743036,-3.007252,0.1357697,-0.004611845,-0.001550161,0.9907285,15.60522,359.4313,359.7428,0.3990404,-0.08406985,-0.9130708,0,0,0,0.9496331,-0.6514185,-0.8807108,-0.3460799,0.2082402,2.153,0.9999527,-0.004323875,0.008717242,0.001819279,0.9631283,0.2690362,-0.0095591,-0.2690076,0.9630907,static,-10.9085,-10.16997,-9.131786,5.524518,-1.1877197071649666,9.3995020315939
654,05/17/2023 13:16:22.786381,1020,True,True,True,True,Eyes,1.310618,-0.2760444,-2.99814,-0.1863595,-0.1734741,0.9670454,0.0,0.0,0.0,0.0,0.0,0.0,0.0,-1.288789,1.070658,2.836164,1.315894,-0.2743752,-3.007367,0.1355943,-0.004898863,-0.00131751,0.9907515,15.585,359.4013,359.7657,0.3990471,-0.08406937,-0.9130679,0,0,0,0.9484301,-0.6508714,-0.8809226,-0.3460798,0.2082401,2.153,0.9999486,-0.003939166,0.009349819,0.001282133,0.9632249,0.2686935,-0.01006441,-0.2686677,0.9631804,static,-10.90777,-10.16988,-9.131784,5.524515,-1.1876610469915656,9.399510520535879
655,05/17/2023 13:16:22.806246,1021,True,True,True,True,Eyes,1.310705,-0.2760459,-2.998151,-0.1863424,-0.1734794,0.9670478,0.0,0.0,0.0,0.0,0.0,0.0,0.0,-1.287991,1.070287,2.836636,1.315946,-0.2743557,-3.007317,0.1354973,-0.005027352,-0.001251652,0.9907643,15.57379,359.3873,359.7715,0.3990551,-0.08406891,-0.9130645,0,0,0,0.9479388,-0.6504684,-0.8808987,-0.34608,0.2082402,2.153,0.9999464,-0.003842571,0.00962265,0.0011178,0.9632778,0.2685044,-0.01030103,-0.2684792,0.9632304,static,-10.90676,-10.17016,-9.131789,5.524518,-1.1875611060367808,9.399501767352046
656,05/17/2023 13:16:22.816853,1022,True,True,True,True,Eyes,1.310792,-0.2760458,-2.998161,-0.1863243,-0.1734771,0.9670517,0.0,0.0,0.0,0.0,0.0,0.0,0.0,-1.287582,1.070005,2.836932,1.316013,-0.2743309,-3.007293,0.1354286,-0.005097628,-0.001206796,0.9907733,15.56585,359.3798,359.7756,0.3990643,-0.08406842,-0.9130605,0,0,0,0.9477112,-0.6501729,-0.8808783,-0.3460799,0.2082401,2.153,0.9999452,-0.003772051,0.009774319,0.001010592,0.9633152,0.2683704,-0.01042806,-0.2683457,0.9632663,static,-10.90568,-10.16998,-9.131788,5.524516,-1.1874764962321513,9.39951670031714
657,05/17/2023 13:16:22.836562,1023,True,True,True,True,Eyes,1.310892,-0.2760487,-2.99817,-0.1862862,-0.173504,0.9670542,0.0,0.0,0.0,0.0,0.0,0.0,0.0,-1.287835,1.069355,2.83706,1.316083,-0.2742932,-3.007264,0.1353409,-0.005074954,-0.001244692,0.9907854,15.55569,359.3819,359.7716,0.3990748,-0.08406787,-0.913056,0,0,0,0.9478725,-0.6497342,-0.8807626,-0.34608,0.2082401,2.153,0.9999454,-0.003840144,0.009719464,0.001092748,0.9633626,0.2682002,-0.0103933,-0.268175,0.9633142,static,-10.90348,-10.1715,-9.131789,5.524515,-1.1872165491915592,9.399451516779568
658,05/17/2023 13:16:22.856180,1024,True,True,True,True,Eyes,1.310988,-0.276054,-2.998176,-0.1862346,-0.17354,0.9670577,0.0,0.0,0.0,0.0,0.0,0.0,0.0,-1.288643,1.069291,2.836728,1.316077,-0.2743544,-3.007272,0.1353918,-0.004970951,-0.00139097,0.9907787,15.56151,359.3917,359.756,0.3990867,-0.08406733,-0.9130509,0,0,0,0.9482906,-0.6499212,-0.8807189,-0.3460798,0.20824,2.153,0.9999467,-0.004102338,0.009473572,0.001410234,0.9633343,0.2683004,-0.01022688,-0.2682728,0.9632887,static,-10.90049,-10.17353,-9.131785,5.524514,-1.1868649204903197,9.399364741431096
659,05/17/2023 13:16:22.866536,1025,True,True,True,True,Eyes,1.311076,-0.276054,-2.998181,-0.1861783,-0.1735866,0.9670602,0.0,0.0,0.0,0.0,0.0,0.0,0.0,-1.29017,1.069594,2.835835,1.316082,-0.2744128,-3.007184,0.1355586,-0.004767984,-0.001627399,0.9907566,15.58072,359.4118,359.7313,0.3990998,-0.0840669,-0.9130452,0,0,0,0.9491306,-0.6505503,-0.8805879,-0.34608,0.2082402,2.153,0.9999493,-0.004517395,0.009006607,0.001932029,0.9632424,0.2686268,-0.009889039,-0.2685958,0.9632022,static,-10.89725,-10.17618,-9.131789,5.524518,-1.186462986475254,9.399247894334684
660,05/17/2023 13:16:22.886638,1026,True,True,True,True,Eyes,1.31116,-0.2760592,-2.998188,-0.1861223,-0.1736351,0.9670622,0.0,0.0,0.0,0.0,0.0,0.0,0.0,-1.290826,1.069392,2.835579,1.316047,-0.274289,-3.007179,0.135512,-0.004630058,-0.001536216,0.9907638,15.57542,359.4295,359.7443,0.3991138,-0.08406641,-0.9130391,0,0,0,0.9497069,-0.6503046,-0.8804555,-0.3460799,0.2082402,2.153,0.9999524,-0.00429891,0.008758236,0.001789196,0.9632682,0.268535,-0.009590939,-0.2685065,0.9632301,static,-10.89403,-10.17894,-9.131786,5.524518,-1.186057667012458,9.399125365611251
661,05/17/2023 13:16:22.906276,1027,True,True,True,True,Eyes,1.311242,-0.27606,-2.998197,-0.1861041,-0.1736978,0.9670545,0.0,0.0,0.0,0.0,0.0,0.0,0.0,-1.290624,1.070123,2.835437,1.316043,-0.2744158,-3.007209,0.1355196,-0.004613713,-0.001318242,0.9907631,15.57643,359.435,359.7703,0.3991284,-0.08406603,-0.9130327,0,0,0,0.9498099,-0.6506196,-0.8805007,-0.3460798,0.2082402,2.153,0.9999539,-0.003862627,0.008784897,0.001361632,0.9632654,0.2685479,-0.009499489,-0.2685235,0.9632263,static,-10.89307,-10.18262,-9.131784,5.524517,-1.1858041756425228,9.39894405609527
662,05/17/2023 13:16:22.916446,1028,True,True,True,True,Eyes,1.311318,-0.2760598,-2.998203,-0.1860851,-0.1737553,0.9670478,0.0,0.0,0.0,0.0,0.0,0.0,0.0,-1.290268,1.069321,2.836003,1.316093,-0.2743121,-3.007292,0.1355105,-0.004745955,-0.00159679,0.9907633,15.57517,359.4149,359.7353,0.3991436,-0.0840656,-0.9130262,0,0,0,0.9492423,-0.6502664,-0.8806465,-0.3460799,0.2082401,2.153,0.9999499,-0.004450336,0.008971471,0.001877829,0.9632687,0.2685328,-0.009836998,-0.2685025,0.9632288,static,-10.89206,-10.18599,-9.131786,5.524516,-1.1855607728640263,9.39877872419221
663,05/17/2023 13:16:22.936243,1029,True,True,True,True,Eyes,1.311402,-0.2760632,-2.998213,-0.1860603,-0.1738128,0.9670423,0.0,0.0,0.0,0.0,0.0,0.0,0.0,-1.290891,1.068517,2.835922,1.316022,-0.2742866,-3.007231,0.1355406,-0.004710332,-0.001954116,0.9907587,15.57846,359.4133,359.6937,0.3991591,-0.08406511,-0.9130194,0,0,0,0.9492651,-0.6501222,-0.8805478,-0.3460799,0.2082402,2.153,0.999948,-0.005148997,0.00880388,0.002595231,0.9632498,0.2685946,-0.009863328,-0.2685577,0.9632131,static,-10.8907,-10.18935,-9.131787,5.524518,-1.1852877062323284,9.398615782494293
664,05/17/2023 13:16:22.955993,1030,True,True,True,True,Eyes,1.311484,-0.2760694,-2.998223,-0.1860413,-0.17387,0.9670356,0.0,0.0,0.0,0.0,0.0,0.0,0.0,-1.289965,1.068607,2.836377,1.315956,-0.2743653,-3.007316,0.1354809,-0.004829935,-0.001842222,0.9907665,15.57158,359.401,359.705,0.3991752,-0.08406467,-0.9130124,0,0,0,0.9487018,-0.6500105,-0.8806855,-0.3460799,0.2082402,2.153,0.9999466,-0.004959151,0.009071504,0.002341695,0.963283,0.2684777,-0.01006985,-0.2684421,0.9632432,static,-10.88969,-10.1927,-9.131787,5.524519,-1.185045232009325,9.398451464045724
665,05/17/2023 13:16:22.966502,1031,True,True,True,True,Eyes,1.311549,-0.2760763,-2.998228,-0.186015,-0.1739398,0.9670281,0.0,0.0,0.0,0.0,0.0,0.0,0.0,-1.289157,1.069288,2.836494,1.315963,-0.2744365,-3.007312,0.1354588,-0.004904902,-0.00156609,0.9907696,15.56917,359.3967,359.7364,0.3991916,-0.08406436,-0.9130053,0,0,0,0.948432,-0.6501741,-0.8807451,-0.3460799,0.2082402,2.153,0.999947,-0.004432092,0.009294975,0.001774444,0.9632969,0.2684323,-0.01014354,-0.2684015,0.9632537,static,-10.88827,-10.19678,-9.131786,5.524516,-1.1847335725574206,9.398252360867971
666,05/17/2023 13:16:22.987719,1032,True,True,True,True,Eyes,1.311612,-0.2760794,-2.998233,-0.1859885,-0.1740019,0.9670221,0.0,0.0,0.0,0.0,0.0,0.0,0.0,-1.289436,1.069425,2.836248,1.316003,-0.2744689,-3.007227,0.1354492,-0.004846539,-0.001486982,0.9907714,15.56812,359.4048,359.7466,0.3992079,-0.0840642,-0.9129981,0,0,0,0.9487374,-0.650227,-0.8806187,-0.3460798,0.2082401,2.153,0.9999486,-0.004259439,0.009200804,0.001633599,0.9633026,0.2684128,-0.01000645,-0.2683839,0.9632601,static,-10.88682,-10.20041,-9.131783,5.524516,-1.184440223192891,9.39807622185728
667,05/17/2023 13:16:22.997738,1033,True,True,True,True,Eyes,1.311668,-0.2760832,-2.998234,-0.1859545,-0.1740623,0.9670178,0.0,0.0,0.0,0.0,0.0,0.0,0.0,-1.289663,1.068864,2.836362,1.316025,-0.2743833,-3.007232,0.1353979,-0.004827355,-0.001556602,0.9907784,15.56216,359.406,359.7388,0.3992242,-0.08406407,-0.912991,0,0,0,0.9488304,-0.6498742,-0.8805636,-0.3460799,0.2082403,2.153,0.9999486,-0.004391723,0.009144155,0.001777268,0.96333,0.2683137,-0.009987198,-0.2682837,0.9632882,static,-10.88493,-10.20392,-9.131786,5.52452,-1.1841145697967004,9.397908531374336
668,05/17/2023 13:16:23.016330,1034,True,True,True,True,Eyes,1.311721,-0.2760875,-2.998235,-0.1859189,-0.1741188,0.9670144,0.0,0.0,0.0,0.0,0.0,0.0,0.0,-1.290432,1.068764,2.835948,1.316043,-0.2744039,-3.007125,0.1354388,-0.004726199,-0.001668472,0.9907731,15.56685,359.4161,359.7272,0.3992403,-0.08406402,-0.912984,0,0,0,0.9492662,-0.6500019,-0.8804038,-0.3460799,0.2082402,2.153,0.9999498,-0.004586377,0.008913231,0.002025933,0.9633071,0.2683941,-0.009817135,-0.2683625,0.963268,static,-10.88293,-10.2072,-9.131786,5.524517,-1.1837901259475272,9.397753087568262
669,05/17/2023 13:16:23.036740,1035,True,True,True,True,Eyes,1.311788,-0.2760908,-2.998236,-0.1858861,-0.1741829,0.9670092,0.0,0.0,0.0,0.0,0.0,0.0,0.0,-1.290669,1.0686,2.835901,1.316014,-0.274421,-3.007137,0.1354236,-0.004688436,-0.001700253,0.9907753,15.56508,359.42,359.7241,0.3992561,-0.08406405,-0.9129772,0,0,0,0.9493952,-0.6499351,-0.8803732,-0.3460798,0.2082401,2.153,0.9999502,-0.004638987,0.008829865,0.002099287,0.9633151,0.2683646,-0.009750882,-0.2683327,0.9632769,static,-10.88111,-10.21093,-9.131783,5.524515,-1.1834602840671002,9.39757387239031
670,05/17/2023 13:16:23.046421,1036,True,True,True,True,Eyes,1.311851,-0.2760955,-2.99824,-0.1858561,-0.1742414,0.9670044,0.0,0.0,0.0,0.0,0.0,0.0,0.0,-1.291034,1.068317,2.835846,1.316003,-0.2743874,-3.007148,0.1354056,-0.004636369,-0.001751486,0.9907779,15.56299,359.4254,359.7189,0.399272,-0.0840641,-0.9129702,0,0,0,0.9495997,-0.6497935,-0.8803281,-0.3460799,0.2082402,2.153,0.9999509,-0.004726248,0.008712901,0.002215086,0.9633245,0.26833,-0.009661545,-0.2682975,0.9632877,static,-10.87945,-10.21434,-9.131785,5.524517,-1.1831590719344276,9.397410011465785
671,05/17/2023 13:16:23.066659,1037,True,True,True,True,Eyes,1.311904,-0.2761039,-2.998241,-0.1858023,-0.1743187,0.9670008,0.0,0.0,0.0,0.0,0.0,0.0,0.0,-1.290771,1.068262,2.836021,1.315972,-0.2744257,-3.007191,0.1353549,-0.004659812,-0.001682964,0.9907849,15.55715,359.4237,359.7266,0.3992879,-0.08406422,-0.9129632,0,0,0,0.9494796,-0.6496599,-0.8803558,-0.3460799,0.2082403,2.153,0.9999509,-0.004596367,0.008778146,0.002073453,0.9633524,0.2682309,-0.009689337,-0.2681995,0.9633147,static,-10.87642,-10.21881,-9.131788,5.52452,-1.1826907162480427,9.397199809923737
672,05/17/2023 13:16:23.086716,1038,True,True,True,True,Eyes,1.311954,-0.2761095,-2.998244,-0.1857542,-0.1743967,0.966996,0.0,0.0,0.0,0.0,0.0,0.0,0.0,-1.29088,1.06931,2.835542,1.315961,-0.2745261,-3.007154,0.1354967,-0.004625545,-0.001619275,0.9907656,15.5736,359.4287,359.7346,0.3993035,-0.08406451,-0.9129564,0,0,0,0.9496268,-0.6504179,-0.8804081,-0.3460799,0.20824,2.153,0.999952,-0.004462137,0.008726849,0.001955152,0.963276,0.2685059,-0.009604475,-0.268476,0.9632385,static,-10.87373,-10.22334,-9.131786,5.524515,-1.1822488422223845,9.396984738353966
673,05/17/2023 13:16:23.096662,1039,True,True,True,True,Eyes,1.312006,-0.2761169,-2.998246,-0.1857099,-0.1744665,0.9669919,0.0,0.0,0.0,0.0,0.0,0.0,0.0,-1.290594,1.06953,2.835606,1.315926,-0.2744598,-3.007191,0.135549,-0.004671616,-0.001635527,0.9907584,15.57962,359.423,359.7319,0.3993188,-0.08406489,-0.9129496,0,0,0,0.9493891,-0.6505601,-0.8805167,-0.3460799,0.2082401,2.153,0.999951,-0.00450729,0.008813498,0.001974358,0.9632476,0.2686079,-0.009700272,-0.2685773,0.9632093,static,-10.87124,-10.22739,-9.131787,5.524515,-1.1818464696033928,9.396792913418953
674,05/17/2023 13:16:23.116304,1040,True,True,True,True,Eyes,1.312056,-0.2761219,-2.99825,-0.1856667,-0.1745306,0.9669886,0.0,0.0,0.0,0.0,0.0,0.0,0.0,-1.290655,1.069717,2.835489,1.315921,-0.2745088,-3.007171,0.1355572,-0.004651268,-0.001594443,0.9907573,15.5806,359.4261,359.7371,0.3993339,-0.0840654,-0.9129429,0,0,0,0.949479,-0.6506754,-0.8804921,-0.3460799,0.2082401,2.153,0.9999517,-0.004420437,0.008784279,0.001898386,0.9632434,0.2686234,-0.00964883,-0.2685937,0.9632052,static,-10.86881,-10.2311,-9.131787,5.524516,-1.181465047250235,9.3966179943284
675,05/17/2023 13:16:23.136533,1041,True,True,True,True,Eyes,1.312102,-0.276127,-2.998255,-0.1856309,-0.1745846,0.9669857,0.0,0.0,0.0,0.0,0.0,0.0,0.0,-1.290613,1.069531,2.835627,1.315908,-0.2744539,-3.007228,0.135511,-0.004645573,-0.00154905,0.9907638,15.57529,359.4275,359.7425,0.3993487,-0.08406594,-0.9129364,0,0,0,0.9494988,-0.6504545,-0.8805143,-0.3460799,0.2082402,2.153,0.9999521,-0.004328539,0.008785505,0.001810433,0.9632687,0.2685331,-0.009625158,-0.2685044,0.9632304,static,-10.86679,-10.23423,-9.131785,5.524518,-1.1811458459597788,9.396470259058335
676,05/17/2023 13:16:23.156278,1042,True,True,True,True,Eyes,1.312146,-0.2761305,-2.998261,-0.1855934,-0.1746324,0.9669843,0.0,0.0,0.0,0.0,0.0,0.0,0.0,-1.290359,1.06936,2.835823,1.315888,-0.2744642,-3.007252,0.1354265,-0.004659027,-0.00143645,0.9907755,15.56558,359.4278,359.7556,0.3993631,-0.08406653,-0.9129301,0,0,0,0.9494398,-0.65018,-0.8804941,-0.3460799,0.2082401,2.153,0.9999524,-0.00410831,0.008843035,0.001584487,0.9633152,0.2683679,-0.009621168,-0.2683411,0.9632759,static,-10.86466,-10.23698,-9.131785,5.524516,-1.1808348183825395,9.396342371373839
677,05/17/2023 13:16:23.166186,1043,True,True,True,True,Eyes,1.312169,-0.276134,-2.998269,-0.1855609,-0.1746864,0.9669808,0.0,0.0,0.0,0.0,0.0,0.0,0.0,-1.290387,1.069205,2.835887,1.315883,-0.2744325,-3.007273,0.1353504,-0.00462538,-0.001313789,0.9907863,15.55685,359.4337,359.7707,0.3993772,-0.08406711,-0.9129239,0,0,0,0.9496017,-0.6499112,-0.8804448,-0.3460798,0.2082401,2.153,0.9999537,-0.003855461,0.008809881,0.001351273,0.9633571,0.2682187,-0.00952117,-0.2681944,0.9633178,static,-10.86284,-10.24012,-9.131784,5.524515,-1.1805323688891642,9.396193053103444
678,05/17/2023 13:16:23.186301,1044,True,True,True,True,Eyes,1.312191,-0.2761393,-2.998276,-0.1855301,-0.1747343,0.9669781,0.0,0.0,0.0,0.0,0.0,0.0,0.0,-1.28986,1.069407,2.836138,1.315875,-0.2744483,-3.007357,0.1353147,-0.004682295,-0.001179488,0.990791,15.5528,359.4292,359.7856,0.3993903,-0.08406769,-0.9129181,0,0,0,0.9493707,-0.6498628,-0.8805564,-0.3460799,0.2082402,2.153,0.9999534,-0.00360442,0.008959148,0.001070086,0.9633771,0.2681483,-0.009597557,-0.2681262,0.9633361,static,-10.86111,-10.24289,-9.131787,5.524518,-1.180254844906087,9.396061999418286
679,05/17/2023 13:16:23.206121,1045,True,True,True,True,Eyes,1.312218,-0.2761425,-2.998285,-0.1855029,-0.174759,0.9669788,0.0,0.0,0.0,0.0,0.0,0.0,0.0,-1.289661,1.069312,2.83623,1.315874,-0.274497,-3.007322,0.1352458,-0.004692693,-0.001079443,0.9908005,15.54487,359.4296,359.7973,0.3994026,-0.08406834,-0.9129126,0,0,0,0.9493412,-0.6496848,-0.8804856,-0.3460799,0.2082401,2.153,0.9999536,-0.00340836,0.009007065,0.0008696917,0.9634148,0.2680134,-0.009591024,-0.2679931,0.9633731,static,-10.85955,-10.2443,-9.131787,5.524515,-1.180055096360156,9.395998945806559
680,05/17/2023 13:16:23.216275,1046,True,True,True,True,Eyes,1.312245,-0.276148,-2.998293,-0.1854832,-0.1747894,0.966977,0.0,0.0,0.0,0.0,0.0,0.0,0.0,-1.289157,1.069166,2.836601,1.315893,-0.2744493,-3.007399,0.1352223,-0.004782738,-0.001086948,0.9908032,15.54213,359.4189,359.795,0.3994143,-0.08406897,-0.9129074,0,0,0,0.948971,-0.6495217,-0.88061,-0.3460799,0.2082401,2.153,0.9999519,-0.003447369,0.009183545,0.0008604383,0.9634275,0.2679677,-0.009771463,-0.267947,0.9633841,static,-10.85845,-10.24607,-9.131788,5.524516,-1.1798782307874491,9.395915174585856
681,05/17/2023 13:16:23.236170,1047,True,True,True,True,Eyes,1.312267,-0.2761509,-2.998299,-0.1854566,-0.1748217,0.9669763,0.0,0.0,0.0,0.0,0.0,0.0,0.0,-1.288668,1.069775,2.836568,1.315915,-0.2745068,-3.00736,0.1353055,-0.004864362,-0.001063883,0.9907915,15.55176,359.4096,359.7963,0.3994254,-0.08406965,-0.9129025,0,0,0,0.9486446,-0.6499449,-0.8806956,-0.3460799,0.20824,2.153,0.9999505,-0.003424523,0.009351238,0.0007918231,0.9633826,0.2681294,-0.009927034,-0.2681087,0.9633375,static,-10.85694,-10.24793,-9.131786,5.524514,-1.1796618937616263,9.395829049179756
682,05/17/2023 13:16:23.256505,1048,True,True,True,True,Eyes,1.312289,-0.2761535,-2.998304,-0.1854352,-0.1748541,0.9669746,0.0,0.0,0.0,0.0,0.0,0.0,0.0,-1.288404,1.069504,2.836778,1.315954,-0.2744557,-3.007336,0.1353294,-0.004949503,-0.001211952,0.9907876,15.55441,359.3972,359.7775,0.3994359,-0.08407032,-0.9128978,0,0,0,0.948291,-0.6498828,-0.8807372,-0.3460799,0.2082402,2.153,0.9999481,-0.003741199,0.009479787,0.001061948,0.963369,0.2681773,-0.01013584,-0.2681533,0.963323,static,-10.85573,-10.24981,-9.131787,5.524517,-1.1794704522925517,9.395740295909537
683,05/17/2023 13:16:23.266483,1049,True,True,True,True,Eyes,1.312307,-0.2761569,-2.998309,-0.1854097,-0.1748846,0.966974,0.0,0.0,0.0,0.0,0.0,0.0,0.0,-1.288247,1.069517,2.836834,1.315986,-0.2744493,-3.007313,0.1353629,-0.004997927,-0.001283168,0.9907827,15.55824,359.3903,359.7683,0.3994458,-0.08407097,-0.9128934,0,0,0,0.9481019,-0.6499655,-0.8807686,-0.3460799,0.2082401,2.153,0.9999468,-0.00389575,0.009556333,0.001189613,0.9633504,0.2682433,-0.01025111,-0.2682177,0.9633038,static,-10.85428,-10.25156,-9.131786,5.524516,-1.17926438714439,9.395659421621225
684,05/17/2023 13:16:23.286393,1050,True,True,True,True,Eyes,1.312326,-0.2761625,-2.998316,-0.185385,-0.1749116,0.9669738,0.0,0.0,0.0,0.0,0.0,0.0,0.0,-1.288453,1.069168,2.836888,1.316002,-0.2744769,-3.007319,0.135327,-0.004980283,-0.001347422,0.9907876,15.55405,359.3914,359.761,0.3994552,-0.08407163,-0.9128893,0,0,0,0.9481833,-0.6497952,-0.8807281,-0.3460799,0.20824,2.153,0.9999468,-0.004017951,0.009504121,0.001322084,0.9633695,0.2681741,-0.01023349,-0.2681472,0.9633237,static,-10.85287,-10.25311,-9.131787,5.524512,-1.1790710507661268,9.39558846662323
685,05/17/2023 13:16:23.296534,1051,True,True,True,True,Eyes,1.312336,-0.2761689,-2.99832,-0.1853436,-0.1749333,0.9669778,0.0,0.0,0.0,0.0,0.0,0.0,0.0,-1.288553,1.069022,2.836983,1.316036,-0.2745357,-3.007379,0.1353024,-0.004975718,-0.001376971,0.9907909,15.55118,359.3914,359.7577,0.399464,-0.08407234,-0.9128854,0,0,0,0.9482315,-0.6497276,-0.8807626,-0.3460799,0.2082401,2.153,0.9999467,-0.004075032,0.009487179,0.001382127,0.9633827,0.2681264,-0.01023241,-0.268099,0.9633371,static,-10.85046,-10.25432,-9.131787,5.524515,-1.1788074194571116,9.395540121717044
686,05/17/2023 13:16:23.316824,1052,True,True,True,True,Eyes,1.312346,-0.2761713,-2.998323,-0.185299,-0.1749519,0.966983,0.0,0.0,0.0,0.0,0.0,0.0,0.0,-1.289368,1.068606,2.836709,1.316081,-0.2745712,-3.007299,0.1352479,-0.004851892,-0.001405125,0.990799,15.54489,359.4056,359.7563,0.3994721,-0.08407317,-0.9128818,0,0,0,0.9488071,-0.6495219,-0.8805491,-0.3460799,0.20824,2.153,0.999949,-0.00409681,0.009234419,0.001471977,0.963412,0.2680206,-0.00999458,-0.2679934,0.9633689,static,-10.84785,-10.25533,-9.131785,5.524513,-1.1785358576282015,9.395502987628875
687,05/17/2023 13:16:23.336484,1053,True,True,True,True,Eyes,1.312355,-0.276177,-2.998325,-0.1852584,-0.1749636,0.9669887,0.0,0.0,0.0,0.0,0.0,0.0,0.0,-1.290036,1.068043,2.836615,1.316093,-0.2744804,-3.007299,0.135252,-0.004782794,-0.001588841,0.9907985,15.54528,359.4108,359.7358,0.3994797,-0.08407397,-0.9128784,0,0,0,0.9490868,-0.6493264,-0.8804848,-0.3460799,0.2082401,2.153,0.9999492,-0.004442207,0.009047782,0.001854676,0.9634088,0.2680303,-0.009907356,-0.2679999,0.963368,static,-10.84547,-10.25594,-9.131787,5.524515,-1.1783026653952087,9.395484884916527
688,05/17/2023 13:16:23.346822,1054,True,True,True,True,Eyes,1.312363,-0.2761822,-2.998326,-0.1852189,-0.1749773,0.9669938,0.0,0.0,0.0,0.0,0.0,0.0,0.0,-1.290715,1.067863,2.836331,1.316052,-0.2745664,-3.007269,0.1352313,-0.004669536,-0.001625728,0.9908018,15.54289,359.4236,359.7333,0.3994867,-0.08407485,-0.9128753,0,0,0,0.9495285,-0.6493089,-0.8803529,-0.3460799,0.2082401,2.153,0.9999511,-0.004484483,0.008813471,0.001958612,0.9634197,0.2679901,-0.009692868,-0.2679597,0.9633814,static,-10.84315,-10.25667,-9.131786,5.524515,-1.1780690666517044,9.395460378595294
689,05/17/2023 13:16:23.366550,1055,True,True,True,True,Eyes,1.312359,-0.276187,-2.998328,-0.185185,-0.1749833,0.9669992,0.0,0.0,0.0,0.0,0.0,0.0,0.0,-1.290789,1.067988,2.836233,1.316037,-0.2745579,-3.00726,0.1352688,-0.004661296,-0.001655099,0.9907966,15.54721,359.424,359.7299,0.3994931,-0.08407578,-0.9128724,0,0,0,0.9495438,-0.6494415,-0.8803639,-0.3460799,0.2082402,2.153,0.9999511,-0.004540788,0.008789026,0.002018676,0.9633992,0.2680632,-0.009684557,-0.2680323,0.9633612,static,-10.84116,-10.25697,-9.131787,5.524518,-1.1778838383747712,9.39545588569508
690,05/17/2023 13:16:23.386536,1056,True,True,True,True,Eyes,1.312354,-0.2761915,-2.998331,-0.185159,-0.1749959,0.9670018,0.0,0.0,0.0,0.0,0.0,0.0,0.0,-1.290655,1.068153,2.836256,1.316037,-0.2745658,-3.007282,0.1352955,-0.004684715,-0.001658902,0.9907929,15.55029,359.4212,359.7291,0.3994988,-0.08407677,-0.9128698,0,0,0,0.9494416,-0.649559,-0.8804231,-0.3460799,0.2082402,2.153,0.9999506,-0.004554898,0.008834281,0.002019614,0.9633847,0.2681152,-0.009732048,-0.2680841,0.9633464,static,-10.83965,-10.25766,-9.131786,5.524519,-1.1777218218453052,9.395429047376844
691,05/17/2023 13:16:23.406169,1057,True,True,True,True,Eyes,1.312338,-0.2761945,-2.998333,-0.1851222,-0.1750037,0.9670075,0.0,0.0,0.0,0.0,0.0,0.0,0.0,-1.290161,1.068691,2.8363,1.316037,-0.2745607,-3.007304,0.1353832,-0.004767918,-0.001656314,0.9907805,15.56041,359.4114,359.728,0.3995038,-0.08407779,-0.9128675,0,0,0,0.9490823,-0.6499239,-0.8805713,-0.3460799,0.2082402,2.153,0.999949,-0.004573078,0.008999445,0.001991094,0.9633373,0.2682858,-0.009896394,-0.2682543,0.9632973,static,-10.83748,-10.25805,-9.131788,5.524517,-1.1775169206013072,9.395420962577184
692,05/17/2023 13:16:23.416543,1058,True,True,True,True,Eyes,1.312321,-0.276198,-2.998335,-0.1850887,-0.1750111,0.9670126,0.0,0.0,0.0,0.0,0.0,0.0,0.0,-1.290049,1.068388,2.836442,1.316015,-0.2745383,-3.007294,0.1353755,-0.004805233,-0.00175257,0.9907812,15.55946,359.4055,359.7161,0.3995078,-0.08407881,-0.9128657,0,0,0,0.9488837,-0.6497968,-0.8805736,-0.3460799,0.20824,2.153,0.9999477,-0.004773849,0.009047359,0.002171805,0.9633408,0.2682719,-0.009996379,-0.2682382,0.9633008,static,-10.83551,-10.25842,-9.131787,5.524514,-1.1773301639876301,9.395412814958936
693,05/17/2023 13:16:23.436662,1059,True,True,True,True,Eyes,1.312304,-0.2762022,-2.998336,-0.1850582,-0.1750236,0.9670161,0.0,0.0,0.0,0.0,0.0,0.0,0.0,-1.289827,1.068453,2.836503,1.315975,-0.2745556,-3.007294,0.1353703,-0.004830042,-0.001725944,0.9907819,15.55886,359.403,359.7188,0.399511,-0.08407985,-0.9128642,0,0,0,0.9487411,-0.6498078,-0.8805906,-0.3460799,0.2082401,2.153,0.9999474,-0.004727756,0.009103753,0.002112379,0.9633438,0.2682616,-0.01003832,-0.2682282,0.9633031,static,-10.83372,-10.2591,-9.131787,5.524516,-1.177144509231152,9.395387990150263
694,05/17/2023 13:16:23.456261,1060,True,True,True,True,Eyes,1.312288,-0.2762062,-2.998335,-0.1850254,-0.1750345,0.9670204,0.0,0.0,0.0,0.0,0.0,0.0,0.0,-1.289655,1.069002,2.836358,1.315994,-0.2745767,-3.007269,0.1353782,-0.00481865,-0.001534508,0.9907811,15.55989,359.4074,359.7415,0.3995134,-0.08408093,-0.9128631,0,0,0,0.9488412,-0.649999,-0.8805817,-0.3460799,0.2082401,2.153,0.9999489,-0.004345403,0.009132978,0.001736043,0.9633408,0.268275,-0.009963932,-0.2682455,0.9632991,static,-10.83181,-10.25968,-9.131787,5.524515,-1.1769531676072442,9.395368878377909
695,05/17/2023 13:16:23.466240,1061,True,True,True,True,Eyes,1.312265,-0.2762087,-2.998335,-0.1849867,-0.1750308,0.9670285,0.0,0.0,0.0,0.0,0.0,0.0,0.0,-1.289781,1.069019,2.836271,1.315997,-0.2745743,-3.007247,0.1353484,-0.004779058,-0.001453039,0.9907855,15.5565,359.4134,359.7518,0.3995151,-0.08408204,-0.9128622,0,0,0,0.9490286,-0.6499303,-0.8805158,-0.3460799,0.2082402,2.153,0.9999501,-0.004172976,0.00907671,0.001585624,0.9633574,0.2682163,-0.009863376,-0.2681885,0.963316,static,-10.8295,-10.25939,-9.131788,5.524518,-1.1767677859976384,9.395396004422183
696,05/17/2023 13:16:23.486285,1062,True,True,True,True,Eyes,1.312241,-0.2762125,-2.998335,-0.1849468,-0.1750316,0.9670361,0.0,0.0,0.0,0.0,0.0,0.0,0.0,-1.290439,1.068896,2.835993,1.315963,-0.2745488,-3.00724,0.1353202,-0.004652173,-0.001410399,0.99079,15.5533,359.429,359.7589,0.3995161,-0.08408314,-0.9128617,0,0,0,0.9495494,-0.6498267,-0.8803999,-0.3460799,0.20824,2.153,0.9999527,-0.004053885,0.008836941,0.001535754,0.9633729,0.2681608,-0.009600363,-0.2681346,0.9633337,static,-10.82714,-10.25935,-9.131787,5.524514,-1.1765664934256599,9.395410731353563
697,05/17/2023 13:16:23.506163,1063,True,True,True,True,Eyes,1.312225,-0.2762194,-2.998334,-0.1849094,-0.1750366,0.9670423,0.0,0.0,0.0,0.0,0.0,0.0,0.0,-1.290501,1.069302,2.835797,1.315906,-0.27458,-3.007247,0.1353645,-0.004620573,-0.001359138,0.9907842,15.55846,359.4336,359.7654,0.3995164,-0.08408426,-0.9128615,0,0,0,0.9496377,-0.6500878,-0.8804227,-0.3460799,0.2082401,2.153,0.9999536,-0.003944148,0.008788023,0.001442302,0.9633492,0.2682466,-0.009523939,-0.2682215,0.9633102,static,-10.82493,-10.25957,-9.131787,5.524515,-1.1763660416883894,9.395411476171715
698,05/17/2023 13:16:23.516553,1064,True,True,True,True,Eyes,1.312208,-0.2762242,-2.998333,-0.1848742,-0.175033,0.9670496,0.0,0.0,0.0,0.0,0.0,0.0,0.0,-1.289673,1.070151,2.835823,1.315884,-0.2746566,-3.007222,0.1354078,-0.004712719,-0.001164924,0.9907781,15.56356,359.4258,359.7868,0.3995162,-0.08408551,-0.9128614,0,0,0,0.9492506,-0.6504782,-0.8805152,-0.3460799,0.2082401,2.153,0.9999529,-0.003584639,0.009023038,0.001032083,0.9633268,0.2683292,-0.009653997,-0.2683073,0.963285,static,-10.82284,-10.25929,-9.131787,5.524516,-1.1761991334833475,9.395436911588352
699,05/17/2023 13:16:23.536611,1065,True,True,True,True,Eyes,1.312178,-0.2762233,-2.998337,-0.1848548,-0.1750173,0.9670562,0.0,0.0,0.0,0.0,0.0,0.0,0.0,-1.289177,1.069875,2.836134,1.315829,-0.2746114,-3.007232,0.135258,-0.004732562,-0.0009274925,0.9907988,15.54636,359.4273,359.8145,0.3995157,-0.08408679,-0.9128615,0,0,0,0.9491504,-0.6499547,-0.8804489,-0.3460799,0.2082402,2.153,0.9999535,-0.00311815,0.00912713,0.0005576832,0.9634088,0.2680357,-0.009628934,-0.2680181,0.9633657,static,-10.82166,-10.25832,-9.131787,5.524519,-1.1761425935832888,9.395492414142476
700,05/17/2023 13:16:23.556404,1066,True,True,True,True,Eyes,1.312157,-0.2762272,-2.998334,-0.1848462,-0.1749962,0.9670616,0.0,0.0,0.0,0.0,0.0,0.0,0.0,-1.287467,1.069011,2.837366,1.315889,-0.2744896,-3.007341,0.1350338,-0.004994615,-0.0007677386,0.9908281,15.52049,359.3991,359.8293,0.3995143,-0.08408794,-0.912862,0,0,0,0.9481063,-0.6489565,-0.880593,-0.3460798,0.2082402,2.153,0.9999489,-0.002870278,0.009690267,0.0001725104,0.9635305,0.2675983,-0.01010495,-0.267583,0.9634818,static,-10.82111,-10.25705,-9.131784,5.524519,-1.1761542126513362,9.395559728253788
701,05/17/2023 13:16:23.566833,1067,True,True,True,True,Eyes,1.31213,-0.2762259,-2.99833,-0.1848263,-0.1749813,0.9670682,0.0,0.0,0.0,0.0,0.0,0.0,0.0,-1.287675,1.06797,2.837604,1.316083,-0.2746129,-3.007187,0.1350459,-0.005101403,-0.001243228,0.9908255,15.52157,359.3789,359.7716,0.3995126,-0.08408912,-0.9128626,0,0,0,0.94776,-0.6487846,-0.8804812,-0.3460799,0.2082401,2.153,0.9999449,-0.00384149,0.009773415,0.001085797,0.9635221,0.2676265,-0.01044498,-0.2676011,0.9634732,static,-10.8199,-10.25613,-9.131788,5.524516,-1.1760927689513203,9.395612858612642
702,05/17/2023 13:16:23.586329,1068,True,True,True,True,Eyes,1.312098,-0.2762288,-2.998327,-0.184794,-0.1749872,0.9670733,0.0,0.0,0.0,0.0,0.0,0.0,0.0,-1.289572,1.066763,2.837173,1.3161,-0.2744957,-3.007168,0.1352176,-0.004962175,-0.002025421,0.9908015,15.54098,359.3826,359.6815,0.3995105,-0.08409018,-0.9128634,0,0,0,0.9482461,-0.6488664,-0.880416,-0.3460799,0.2082401,2.153,0.9999426,-0.005355526,0.009285316,0.002671633,0.9634242,0.2679677,-0.01038081,-0.2679274,0.9633831,static,-10.818,-10.25642,-9.131785,5.524516,-1.1759157521858061,9.395608388116788
703,05/17/2023 13:16:23.596825,1069,True,True,True,True,Eyes,1.312066,-0.2762336,-2.998325,-0.1847439,-0.1750348,0.9670742,0.0,0.0,0.0,0.0,0.0,0.0,0.0,-1.290585,1.068106,2.836176,1.315964,-0.2745988,-3.007189,0.1354885,-0.004790667,-0.002121436,0.9907652,15.5723,359.4012,359.6728,0.3995077,-0.08409126,-0.9128646,0,0,0,0.9488325,-0.6500837,-0.8805087,-0.3460799,0.2082402,2.153,0.9999451,-0.00550185,0.008917991,0.002905529,0.9632767,0.2684949,-0.01006771,-0.2684542,0.9632398,static,-10.81512,-10.25914,-9.131786,5.524518,-1.1755415571612038,9.395486056638097
704,05/17/2023 13:16:23.616386,1070,True,True,True,True,Eyes,1.312035,-0.2762377,-2.998326,-0.1846748,-0.1750903,0.9670774,0.0,0.0,0.0,0.0,0.0,0.0,0.0,-1.291337,1.069568,2.835333,1.316011,-0.2746435,-3.007212,0.135599,-0.004596395,-0.001791455,0.9907516,15.58534,359.4293,359.7147,0.3995045,-0.08409242,-0.9128659,0,0,0,0.9497728,-0.6508563,-0.8805059,-0.3460799,0.2082402,2.153,0.9999513,-0.004796308,0.008621933,0.002303241,0.9632194,0.2687063,-0.009593611,-0.2686734,0.9631836,static,-10.81114,-10.26229,-9.131788,5.524519,-1.175052709781944,9.395347855389762
705,05/17/2023 13:16:23.636283,1071,True,True,True,True,Eyes,1.312001,-0.2762406,-2.998328,-0.1845861,-0.1751606,0.9670815,0.0,0.0,0.0,0.0,0.0,0.0,0.0,-1.292629,1.070399,2.834506,1.315993,-0.2746293,-3.007293,0.1356866,-0.004337622,-0.001630009,0.9907411,15.59564,359.4624,359.7379,0.3995007,-0.08409361,-0.9128674,0,0,0,0.9508982,-0.6513594,-0.8804818,-0.3460799,0.2082401,2.153,0.9999571,-0.004406949,0.008152581,0.002052719,0.963173,0.2688748,-0.009037263,-0.2688465,0.9631406,static,-10.80603,-10.26628,-9.131787,5.524515,-1.1744275922491911,9.39517316999563
706,05/17/2023 13:16:23.646423,1072,True,True,True,True,Eyes,1.311966,-0.2762432,-2.998334,-0.1845055,-0.1752177,0.9670866,0.0,0.0,0.0,0.0,0.0,0.0,0.0,-1.293622,1.070184,2.834127,1.315938,-0.2746018,-3.007313,0.1356749,-0.00416599,-0.001654998,0.9907432,15.59431,359.4822,359.7377,0.3994964,-0.08409479,-0.9128692,0,0,0,0.9515802,-0.6512815,-0.880367,-0.3460799,0.2082402,2.153,0.9999598,-0.004409796,0.00780577,0.002148915,0.9631792,0.2688518,-0.008703937,-0.2688242,0.9631499,static,-10.80136,-10.2695,-9.131786,5.524517,-1.1738760994675501,9.395035134798709
707,05/17/2023 13:16:23.667164,1073,True,True,True,True,Eyes,1.311927,-0.2762465,-2.998339,-0.1844351,-0.1752921,0.9670865,0.0,0.0,0.0,0.0,0.0,0.0,0.0,-1.293036,1.06964,2.83468,1.315861,-0.2746015,-3.007422,0.1355241,-0.004228122,-0.001552689,0.9907639,15.57691,359.4766,359.7488,0.3994916,-0.08409597,-0.9128711,0,0,0,0.9512529,-0.6506992,-0.8804156,-0.3460799,0.2082401,2.153,0.9999595,-0.004222722,0.007957286,0.001930672,0.9632615,0.268558,-0.008798995,-0.2685317,0.9632307,static,-10.79734,-10.27377,-9.131789,5.524516,-1.1733318097657017,9.394840395353361
708,05/17/2023 13:16:23.686729,1074,True,True,True,True,Eyes,1.31189,-0.2762471,-2.998343,-0.1843809,-0.1753549,0.9670855,0.0,0.0,0.0,0.0,0.0,0.0,0.0,-1.291981,1.069705,2.835126,1.315875,-0.2746257,-3.007404,0.1354403,-0.004366755,-0.001368643,0.990775,15.56729,359.4633,359.7683,0.3994862,-0.08409715,-0.9128734,0,0,0,0.9506998,-0.6504787,-0.8804517,-0.3460799,0.2082402,2.153,0.9999582,-0.003894904,0.008282204,0.001529165,0.963308,0.2683938,-0.009023682,-0.2683699,0.9632737,static,-10.79426,-10.27738,-9.131788,5.524519,-1.1728990779468207,9.3946740414228
709,05/17/2023 13:16:23.706223,1075,True,True,True,True,Eyes,1.311839,-0.2762472,-2.99835,-0.1843454,-0.1754101,0.9670822,0.0,0.0,0.0,0.0,0.0,0.0,0.0,-1.290887,1.069173,2.835824,1.315877,-0.2745593,-3.007408,0.1353237,-0.004540068,-0.001316582,0.9907902,15.55378,359.4438,359.7718,0.3994804,-0.08409826,-0.9128758,0,0,0,0.9499633,-0.64993,-0.8804975,-0.3460799,0.2082401,2.153,0.9999553,-0.003837672,0.00864018,0.001380156,0.9633715,0.2681667,-0.00935284,-0.2681428,0.9633338,static,-10.79226,-10.28059,-9.131786,5.524515,-1.1725778840418741,9.394522144707452
710,05/17/2023 13:16:23.716878,1076,True,True,True,True,Eyes,1.311796,-0.2762482,-2.998352,-0.1843204,-0.1754576,0.9670784,0.0,0.0,0.0,0.0,0.0,0.0,0.0,-1.289536,1.068367,2.836817,1.315893,-0.2745642,-3.007471,0.1351641,-0.004770857,-0.001316356,0.9908109,15.53527,359.4166,359.7682,0.3994738,-0.0840993,-0.9128786,0,0,0,0.9489841,-0.6492258,-0.8806074,-0.3460799,0.2082402,2.153,0.9999511,-0.003898216,0.009098186,0.001318822,0.9634579,0.2678566,-0.009809881,-0.2678315,0.9634158,static,-10.79087,-10.28335,-9.131787,5.524518,-1.17233009166375,9.394389768085299
711,05/17/2023 13:16:23.737514,1077,True,True,True,True,Eyes,1.311755,-0.2762498,-2.998355,-0.1843007,-0.1755154,0.9670717,0.0,0.0,0.0,0.0,0.0,0.0,0.0,-1.28909,1.067912,2.837138,1.316029,-0.2745886,-3.007359,0.1351081,-0.004884409,-0.00138193,0.990818,15.52872,359.4022,359.7587,0.3994667,-0.08410031,-0.9128816,0,0,0,0.9486192,-0.6489515,-0.880529,-0.3460799,0.2082402,2.153,0.9999485,-0.004058328,0.0093057,0.001418635,0.9634878,0.2677485,-0.01005254,-0.2677215,0.9634439,static,-10.78982,-10.28673,-9.131787,5.524517,-1.1720827813925416,9.394224144709607
712,05/17/2023 13:16:23.756587,1078,True,True,True,True,Eyes,1.311716,-0.2762526,-2.998356,-0.1842771,-0.175579,0.9670647,0.0,0.0,0.0,0.0,0.0,0.0,0.0,-1.288807,1.067697,2.837405,1.316063,-0.2746026,-3.007397,0.1350769,-0.00494523,-0.001413581,0.9908218,15.52509,359.3945,359.754,0.3994592,-0.0841013,-0.9128848,0,0,0,0.948386,-0.648803,-0.8805847,-0.3460799,0.2082402,2.153,0.9999471,-0.004137187,0.009417799,0.001465242,0.9635045,0.2676882,-0.01018157,-0.2676603,0.9634596,static,-10.78855,-10.29045,-9.131786,5.524518,-1.171800747995637,9.394042476507922
713,05/17/2023 13:16:23.767677,1079,True,True,True,True,Eyes,1.311665,-0.2762597,-2.998357,-0.1842375,-0.1756809,0.9670536,0.0,0.0,0.0,0.0,0.0,0.0,0.0,-1.289326,1.068135,2.836949,1.316084,-0.2746315,-3.007333,0.1351957,-0.004881521,-0.001502169,0.9908058,15.53879,359.4006,359.7445,0.3994515,-0.0841023,-0.9128881,0,0,0,0.9486659,-0.6492862,-0.8805556,-0.3460799,0.2082402,2.153,0.9999478,-0.004296635,0.009267106,0.001656793,0.9634398,0.26792,-0.01007945,-0.2678906,0.9633965,static,-10.7864,-10.29641,-9.131785,5.524516,-1.171338965654244,9.393752037004546
714,05/17/2023 13:16:23.786404,1080,True,True,True,True,Eyes,1.311615,-0.2762636,-2.998355,-0.1841859,-0.1757854,0.9670445,0.0,0.0,0.0,0.0,0.0,0.0,0.0,-1.290038,1.069059,2.836331,1.316091,-0.2747515,-3.00737,0.1353719,-0.00477773,-0.001568448,0.9907822,15.55916,359.4117,359.7382,0.3994432,-0.08410348,-0.9128916,0,0,0,0.9491085,-0.6501273,-0.8806449,-0.3460799,0.2082402,2.153,0.9999494,-0.004401521,0.009042732,0.001814438,0.9633439,0.2682632,-0.009892027,-0.2682332,0.9633033,static,-10.78355,-10.3025,-9.131787,5.524518,-1.1708108914402482,9.393458777002758
715,05/17/2023 13:16:23.805954,1081,True,True,True,True,Eyes,1.311553,-0.2762662,-2.998358,-0.1841256,-0.1758997,0.9670352,0.0,0.0,0.0,0.0,0.0,0.0,0.0,-1.290965,1.06943,2.835664,1.316064,-0.2746746,-3.007289,0.1354444,-0.004606556,-0.00152405,0.9907731,15.56761,359.4325,359.7462,0.3994344,-0.08410471,-0.9128954,0,0,0,0.9498273,-0.6504108,-0.8804988,-0.3460799,0.2082401,2.153,0.9999529,-0.00426784,0.008715255,0.001772111,0.963305,0.2684034,-0.009540951,-0.2683753,0.9632671,static,-10.7802,-10.30916,-9.131785,5.524515,-1.1702133132076251,9.393139324230619
716,05/17/2023 13:16:23.816421,1082,True,True,True,True,Eyes,1.311497,-0.2762687,-2.998359,-0.184077,-0.1759983,0.9670265,0.0,0.0,0.0,0.0,0.0,0.0,0.0,-1.290546,1.069643,2.8359,1.316049,-0.2746539,-3.007416,0.1353944,-0.004632575,-0.001340324,0.9907802,15.56193,359.4324,359.7674,0.399425,-0.08410595,-0.9128994,0,0,0,0.9497315,-0.6503023,-0.8806241,-0.3460799,0.2082403,2.153,0.9999535,-0.003910382,0.00881678,0.001401483,0.9633331,0.2683047,-0.00954267,-0.2682798,0.9632938,static,-10.77752,-10.3149,-9.131785,5.52452,-1.1697161223783652,9.392862884850343
717,05/17/2023 13:16:23.836559,1083,True,True,True,True,Eyes,1.31143,-0.2762668,-2.998356,-0.1840077,-0.176095,0.9670221,0.0,0.0,0.0,0.0,0.0,0.0,0.0,-1.290184,1.068604,2.83644,1.316111,-0.2746558,-3.007374,0.1352858,-0.004743733,-0.00151401,0.9907941,15.54924,359.4166,359.7452,0.399415,-0.0841072,-0.9129037,0,0,0,0.9492847,-0.6497037,-0.8805636,-0.3460799,0.2082402,2.153,0.9999504,-0.004283665,0.008990478,0.001716624,0.9633909,0.2680952,-0.009809775,-0.2680665,0.9633504,static,-10.77361,-10.32049,-9.131788,5.524517,-1.1691200168551155,9.392600665458236
718,05/17/2023 13:16:23.856709,1084,True,True,True,True,Eyes,1.311362,-0.276271,-2.998355,-0.1839457,-0.1761878,0.967017,0.0,0.0,0.0,0.0,0.0,0.0,0.0,-1.291339,1.066744,2.836523,1.316103,-0.2745619,-3.0073,0.1351893,-0.004649607,-0.001964862,0.9908071,15.53784,359.4205,359.6937,0.3994043,-0.08410834,-0.9129082,0,0,0,0.9496083,-0.6488869,-0.8803052,-0.3460799,0.2082401,2.153,0.999949,-0.005150753,0.00868247,0.002636444,0.96344,0.2679113,-0.009744982,-0.2678747,0.9634044,static,-10.77011,-10.32587,-9.131785,5.524516,-1.1685689541179416,9.392346880978486
719,05/17/2023 13:16:23.872203,1085,True,True,True,True,Eyes,1.3113,-0.2762759,-2.998356,-0.1838885,-0.1762883,0.9670095,0.0,0.0,0.0,0.0,0.0,0.0,0.0,-1.290743,1.067062,2.836684,1.315988,-0.2747103,-3.007345,0.1351736,-0.004710695,-0.001875662,0.990809,15.53606,359.4147,359.7032,0.399393,-0.08410957,-0.912913,0,0,0,0.9492448,-0.6490242,-0.8803913,-0.3460799,0.2082402,2.153,0.9999486,-0.004990369,0.008827719,0.002443322,0.9634492,0.2678801,-0.009841878,-0.2678448,0.9634118,static,-10.76692,-10.33171,-9.131786,5.524518,-1.168023219520405,9.392068118822108
720,05/17/2023 13:16:23.887911,1086,True,True,True,True,Eyes,1.31124,-0.2762794,-2.998355,-0.1838302,-0.1763881,0.9670025,0.0,0.0,0.0,0.0,0.0,0.0,0.0,-1.290019,1.068278,2.836595,1.316003,-0.2747243,-3.007374,0.1352607,-0.004776629,-0.001615012,0.9907973,15.54626,359.4111,359.7328,0.3993812,-0.08411088,-0.9129181,0,0,0,0.9490189,-0.6495893,-0.880559,-0.34608,0.2082401,2.153,0.9999492,-0.004492478,0.009028448,0.001908118,0.9634039,0.2680472,-0.009902237,-0.2680163,0.9633634,static,-10.76367,-10.3375,-9.13179,5.524516,-1.167474641489153,9.391792213183889
721,05/17/2023 13:16:23.906535,1087,True,True,True,True,Eyes,1.311189,-0.2762828,-2.998353,-0.1837653,-0.1764954,0.9669951,0.0,0.0,0.0,0.0,0.0,0.0,0.0,-1.289917,1.068767,2.836413,1.315978,-0.274689,-3.007347,0.1352651,-0.004743687,-0.001414685,0.9907971,15.54691,359.4182,359.757,0.3993691,-0.08411223,-0.9129233,0,0,0,0.9491689,-0.649718,-0.8805305,-0.3460799,0.2082402,2.153,0.999951,-0.004086643,0.009017348,0.00152002,0.9634027,0.2680541,-0.009782778,-0.2680272,0.9633617,static,-10.76004,-10.34374,-9.131785,5.524519,-1.1668724604171303,9.391495549738428
722,05/17/2023 13:16:24.436382,1119,True,True,True,True,Eyes,1.320616,-0.2785184,-2.999283,0.001340842,-0.4135093,0.9104989,0.0,0.0,0.0,0.0,0.0,0.0,0.0,-1.295082,1.068697,2.834108,1.315867,-0.274752,-3.007412,0.1352928,-0.003849195,-0.001408358,0.9907972,15.55032,359.5237,359.7721,0.4002797,-0.08441683,-0.9124954,0,0,0,1.29826,-1.226804,-1.081212,1.657754e-07,-0.4007998,2.111,0.9999664,-0.003832331,0.007246461,0.001749258,0.9633878,0.2681063,-0.008008624,-0.2680846,0.9633621,static,0.08437631,-24.4255,4.4994e-06,-10.75037,0.4204037330043042,8.736292169334147
723,05/17/2023 13:16:24.456123,1120,True,True,True,True,Eyes,1.320755,-0.2785345,-2.999295,0.0003459215,-0.4148946,0.9098694,0.0,0.0,0.0,0.0,0.0,0.0,0.0,-1.294798,1.06957,2.833917,1.315838,-0.2748613,-3.007422,0.135361,-0.003859892,-0.001264793,0.990788,15.55827,359.5247,359.7888,0.4004047,-0.08444341,-0.9124381,0,0,0,1.298384,-1.227181,-1.081353,1.247972e-07,-0.4007999,2.111,0.999967,-0.003551241,0.007306263,0.001461325,0.9633516,0.2682379,-0.007991077,-0.2682183,0.963325,static,0.02178317,-24.51268,3.387189e-06,-10.75037,0.41906326548984696,8.731537684638315
724,05/17/2023 13:16:24.470409,1121,True,True,True,True,Eyes,1.320899,-0.2785483,-2.999305,-0.0006593108,-0.4162041,0.9092711,0.0,0.0,0.0,0.0,0.0,0.0,0.0,-1.294379,1.069495,2.834121,1.315856,-0.2747862,-3.007406,0.1353727,-0.003942346,-0.001301405,0.9907861,15.55959,359.5144,359.7831,0.4005205,-0.08446765,-0.912385,0,0,0,1.298016,-1.22715,-1.081362,7.450581e-08,-0.4007999,2.111,0.9999655,-0.003646199,0.007459694,0.001511455,0.9633451,0.268261,-0.008164393,-0.2682405,0.9633174,static,-0.04154506,-24.59517,2.022202e-06,-10.75037,0.41744177488999146,8.727016899233275
725,05/17/2023 13:16:24.486486,1122,True,True,True,True,Eyes,1.321046,-0.2785642,-2.999316,-0.001646113,-0.4174512,0.9086979,0.0,0.0,0.0,0.0,0.0,0.0,0.0,-1.293462,1.068752,2.834823,1.31588,-0.2747388,-3.007404,0.1351767,-0.004067661,-0.001155332,0.9908125,15.53698,359.5021,359.7985,0.4006284,-0.0844897,-0.9123357,0,0,0,1.297728,-1.226343,-1.080987,1.639128e-07,-0.4007999,2.111,0.9999642,-0.003389142,0.00774823,0.001189729,0.9634519,0.267879,-0.008372926,-0.2678602,0.9634214,static,-0.1037916,-24.67381,4.448845e-06,-10.75037,0.41573464963758067,8.722697024787372
726,05/17/2023 13:16:24.496463,1123,True,True,True,True,Eyes,1.321196,-0.2785781,-2.999327,-0.002646351,-0.418654,0.908142,0.0,0.0,0.0,0.0,0.0,0.0,0.0,-1.291984,1.068219,2.835811,1.316079,-0.2748075,-3.007417,0.1350562,-0.004352809,-0.00116193,0.9908278,15.52297,359.4684,359.7932,0.400729,-0.08450986,-0.9122896,0,0,0,1.296756,-1.225941,-1.080779,1.136214e-07,-0.4008,2.111,0.9999594,-0.003478293,0.008311916,0.001126798,0.963517,0.2676449,-0.008939619,-0.2676247,0.9634818,static,-0.166961,-24.74973,3.083858e-06,-10.75037,0.41382180070400754,8.71851001390568
727,05/17/2023 13:16:24.516643,1124,True,True,True,True,Eyes,1.321339,-0.2785907,-2.999335,-0.003602445,-0.4198267,0.9075972,0.0,0.0,0.0,0.0,0.0,0.0,0.0,-1.292589,1.067049,2.836048,1.316201,-0.2747551,-3.007436,0.135162,-0.004426406,-0.001840941,0.990812,15.53482,359.4488,359.7119,0.4008232,-0.08452824,-0.9122465,0,0,0,1.295652,-1.226284,-1.081007,-1.117587e-08,-0.4007999,2.111,0.9999541,-0.004844616,0.008273822,0.002451488,0.9634557,0.2678566,-0.009269123,-0.267824,0.9634233,static,-0.2274179,-24.82382,-3.033303e-07,-10.75037,0.41205748195764835,8.714430331063836
728,05/17/2023 13:16:24.536826,1125,True,True,True,True,Eyes,1.32148,-0.2786091,-2.999346,-0.004519426,-0.4209804,0.9070584,0.0,0.0,0.0,0.0,0.0,0.0,0.0,-1.295326,1.066575,2.834872,1.31614,-0.2747192,-3.007367,0.1354405,-0.00412109,-0.002575619,0.9907737,15.56673,359.4728,359.63,0.4009116,-0.08454499,-0.9122062,0,0,0,1.29583,-1.227318,-1.081464,1.527369e-07,-0.4007998,2.111,0.9999528,-0.006220036,0.007468448,0.003987385,0.9632984,0.2684031,-0.00886382,-0.2683606,0.9632778,static,-0.2854743,-24.89677,4.145515e-06,-10.75037,0.41044687148628944,8.710421333095807
729,05/17/2023 13:16:24.556497,1126,True,True,True,True,Eyes,1.321616,-0.2786256,-2.999359,-0.005371034,-0.4220878,0.9065391,0.0,0.0,0.0,0.0,0.0,0.0,0.0,-1.296476,1.067662,2.83404,1.316105,-0.2748669,-3.007466,0.1355725,-0.003899147,-0.002480466,0.9907567,15.58213,359.5004,359.6447,0.4009946,-0.08456045,-0.9121683,0,0,0,1.296829,-1.227984,-1.081808,5.960464e-08,-0.4008,2.111,0.9999573,-0.005972312,0.007053645,0.003857843,0.9632279,0.2686581,-0.008398777,-0.2686194,0.9632097,static,-0.3394603,-24.96685,1.617762e-06,-10.75037,0.4090533948565356,8.706579670157387
730,05/17/2023 13:16:24.571300,1127,True,True,True,True,Eyes,1.321746,-0.2786416,-2.999373,-0.006173992,-0.4231649,0.9060316,0.0,0.0,0.0,0.0,0.0,0.0,0.0,-1.297871,1.068226,2.833212,1.316107,-0.2748463,-3.007489,0.1355783,-0.003605871,-0.002228693,0.9907576,15.58302,359.539,359.6792,0.4010726,-0.0845747,-0.9121327,0,0,0,1.29837,-1.227995,-1.081832,7.450581e-09,-0.4008,2.111,0.9999641,-0.005393945,0.006540762,0.003438434,0.9632272,0.2686666,-0.007749412,-0.2686345,0.9632111,static,-0.3904259,-25.03507,2.022202e-07,-10.75037,0.40783355972795254,8.702848512362968
731,05/17/2023 13:16:24.586741,1128,True,True,True,True,Eyes,1.321865,-0.2786554,-2.999385,-0.006936252,-0.4242011,0.9055415,0.0,0.0,0.0,0.0,0.0,0.0,0.0,-1.299227,1.068273,2.832616,1.316066,-0.274847,-3.007547,0.1355508,-0.003344075,-0.002118998,0.9907625,15.57997,359.5717,359.6963,0.4011459,-0.08458783,-0.9120993,0,0,0,1.299546,-1.227894,-1.081829,4.470348e-08,-0.4007999,2.111,0.9999686,-0.005105432,0.006051905,0.003292263,0.963243,0.2686115,-0.007200832,-0.2685831,0.9632296,static,-0.4388647,-25.10075,1.213321e-06,-10.75037,0.40671330594109434,8.699259660923353
732,05/17/2023 13:16:24.596924,1129,True,True,True,True,Eyes,1.321975,-0.278669,-2.999399,-0.007685447,-0.4252138,0.9050603,0.0,0.0,0.0,0.0,0.0,0.0,0.0,-1.29969,1.068457,2.832225,1.315918,-0.2748086,-3.007514,0.1355902,-0.00323664,-0.002101993,0.9907575,15.58457,359.5846,359.7,0.4012148,-0.08459991,-0.9120679,0,0,0,1.299858,-1.22801,-1.081868,7.636845e-08,-0.4007999,2.111,0.9999703,-0.005042845,0.00584343,0.003287418,0.9632218,0.2686877,-0.00698347,-0.2686604,0.9632096,static,-0.4865235,-25.16499,2.072757e-06,-10.75037,0.4055933388505475,8.695747975672289
733,05/17/2023 13:16:24.616584,1130,True,True,True,True,Eyes,1.32208,-0.2786796,-2.999415,-0.0084257,-0.4261766,0.9046007,0.0,0.0,0.0,0.0,0.0,0.0,0.0,-1.298591,1.068349,2.832797,1.315819,-0.2748201,-3.007581,0.1354914,-0.00337258,-0.00195693,0.9907709,15.57316,359.571,359.715,0.4012794,-0.08461105,-0.9120386,0,0,0,1.299404,-1.227639,-1.081748,2.104789e-07,-0.4008001,2.111,0.9999696,-0.004791649,0.006152613,0.002963826,0.9632764,0.2684951,-0.007213201,-0.2684687,0.9632614,static,-0.5336533,-25.22612,5.71272e-06,-10.75037,0.40437451789871526,8.692396729337254
734,05/17/2023 13:16:24.636215,1131,True,True,True,True,Eyes,1.32218,-0.2786914,-2.999427,-0.009167016,-0.427088,0.9041637,0.0,0.0,0.0,0.0,0.0,0.0,0.0,-1.296214,1.068292,2.83396,1.315819,-0.274763,-3.007635,0.1353673,-0.003725083,-0.001739234,0.990787,15.55881,359.533,359.735,0.40134,-0.08462125,-0.912011,0,0,0,1.298265,-1.2271,-1.081575,8.940697e-08,-0.4007999,2.111,0.9999662,-0.00445493,0.006910656,0.002437913,0.9633453,0.2682532,-0.007852398,-0.2682273,0.9633237,static,-0.580883,-25.28403,2.426643e-06,-10.75037,0.4029976000830884,8.689208111577251
735,05/17/2023 13:16:24.656405,1132,True,True,True,True,Eyes,1.322276,-0.2787035,-2.999442,-0.009899688,-0.4279569,0.9037449,0.0,0.0,0.0,0.0,0.0,0.0,0.0,-1.294366,1.06795,2.834891,1.315812,-0.2748043,-3.007596,0.1352126,-0.003999895,-0.001579699,0.9908074,15.54092,359.5032,359.7495,0.401397,-0.08463066,-0.911985,0,0,0,1.297356,-1.22654,-1.081247,7.450581e-09,-0.4008,2.111,0.999963,-0.004212026,0.00749906,0.002048682,0.9634302,0.2679518,-0.008353441,-0.2679265,0.9634031,static,-0.6275971,-25.3393,2.022202e-07,-10.75037,0.4015424959832543,8.686156044442384
736,05/17/2023 13:16:24.671651,1133,True,True,True,True,Eyes,1.32236,-0.2787175,-2.999454,-0.01059687,-0.428827,0.9033244,0.0,0.0,0.0,0.0,0.0,0.0,0.0,-1.292398,1.067934,2.835876,1.315835,-0.2748298,-3.007659,0.1351357,-0.004313095,-0.001475803,0.9908167,15.53201,359.468,359.7568,0.4014506,-0.08463936,-0.9119607,0,0,0,1.296246,-1.226266,-1.081173,6.705523e-08,-0.4007999,2.111,0.9999585,-0.004090207,0.008148107,0.001758795,0.9634724,0.267802,-0.008945841,-0.2677766,0.9634395,static,-0.6721042,-25.39467,1.819982e-06,-10.75037,0.4002820140466088,8.683110786708536
737,05/17/2023 13:16:24.686375,1134,True,True,True,True,Eyes,1.322443,-0.2787295,-2.999465,-0.0112694,-0.429666,0.9029176,0.0,0.0,0.0,0.0,0.0,0.0,0.0,-1.291479,1.068199,2.83619,1.31587,-0.2748928,-3.007634,0.1351001,-0.004441915,-0.001333287,0.9908212,15.52794,359.4551,359.7715,0.4015008,-0.08464749,-0.9119378,0,0,0,1.29595,-1.226192,-1.081084,9.313226e-08,-0.4007998,2.111,0.999957,-0.003842304,0.008442032,0.001441892,0.9634923,0.2677319,-0.009162541,-0.2677082,0.9634565,static,-0.7150771,-25.4481,2.527752e-06,-10.75036,0.3990635267371172,8.680172090151373
738,05/17/2023 13:16:24.706764,1135,True,True,True,True,Eyes,1.322526,-0.2787414,-2.999478,-0.01191351,-0.4304905,0.9025165,0.0,0.0,0.0,0.0,0.0,0.0,0.0,-1.291494,1.068309,2.836102,1.315895,-0.2748551,-3.007589,0.1351589,-0.004460143,-0.001404686,0.990813,15.53469,359.4518,359.7628,0.401548,-0.08465506,-0.9119164,0,0,0,1.295803,-1.226382,-1.081153,5.587935e-08,-0.4007999,2.111,0.9999563,-0.00398922,0.008458623,0.001577907,0.9634602,0.2678469,-0.009218047,-0.2678218,0.9634243,static,-0.7562792,-25.50063,1.516652e-06,-10.75037,0.39795568555695127,8.677288528368297
739,05/17/2023 13:16:24.716151,1136,True,True,True,True,Eyes,1.3226,-0.2787521,-2.999489,-0.01252499,-0.4312893,0.9021267,0.0,0.0,0.0,0.0,0.0,0.0,0.0,-1.291827,1.068552,2.83596,1.315917,-0.2748176,-3.007678,0.1352255,-0.004417156,-0.001447176,0.9908041,15.54238,359.4562,359.7584,0.4015924,-0.08466212,-0.9118962,0,0,0,1.295942,-1.226603,-1.081369,-1.117587e-08,-0.4008,2.111,0.9999568,-0.00406236,0.008361683,0.001673111,0.963424,0.2679767,-0.009144464,-0.2679512,0.9633891,static,-0.7954346,-25.55156,-3.033303e-07,-10.75037,0.3969497406390712,8.674497056985302
740,05/17/2023 13:16:24.736229,1137,True,True,True,True,Eyes,1.322653,-0.2787599,-2.999501,-0.01308682,-0.4320691,0.9017456,0.0,0.0,0.0,0.0,0.0,0.0,0.0,-1.292615,1.06881,2.835402,1.315772,-0.2747953,-3.007647,0.1353366,-0.004286213,-0.001563307,0.9907892,15.55521,359.4697,359.7468,0.4016341,-0.08466869,-0.9118772,0,0,0,1.296172,-1.227011,-1.081547,6.146729e-08,-0.4008,2.111,0.9999583,-0.004257978,0.008070321,0.001937651,0.9633631,0.2681935,-0.008916613,-0.2681668,0.9633313,static,-0.8314617,-25.60129,1.668317e-06,-10.75037,0.39615736762600906,8.671783227397352
741,05/17/2023 13:16:24.756129,1138,True,True,True,True,Eyes,1.322705,-0.2787732,-2.999509,-0.01361775,-0.432811,0.9013818,0.0,0.0,0.0,0.0,0.0,0.0,0.0,-1.29275,1.068912,2.835317,1.315741,-0.2747857,-3.007677,0.1352518,-0.004203069,-0.001324207,0.9908016,15.54554,359.4834,359.7763,0.4016728,-0.08467475,-0.9118596,0,0,0,1.296807,-1.226678,-1.08141,8.381903e-08,-0.4008,2.111,0.9999611,-0.003760999,0.007970611,0.001487107,0.9634104,0.2680266,-0.008687017,-0.2680043,0.9633785,static,-0.8655383,-25.64864,2.274977e-06,-10.75037,0.39542239627900266,8.66920049524737
742,05/17/2023 13:16:24.771712,1139,True,True,True,True,Eyes,1.322752,-0.2787783,-2.999521,-0.01414471,-0.4335325,0.9010269,0.0,0.0,0.0,0.0,0.0,0.0,0.0,-1.292643,1.069141,2.835254,1.315792,-0.2749376,-3.007616,0.1351621,-0.00417475,-0.001083567,0.9908141,15.53529,359.4906,359.8052,0.4017089,-0.08468053,-0.9118432,0,0,0,1.297302,-1.226485,-1.081175,5.7742e-08,-0.4007999,2.111,0.9999628,-0.003275762,0.007979888,0.00101869,0.9634601,0.26785,-0.008565716,-0.267832,0.9634275,static,-0.8993799,-25.69471,1.567207e-06,-10.75037,0.39464822626834906,8.666683888805837
743,05/17/2023 13:16:24.789593,1140,True,True,True,True,Eyes,1.322793,-0.2787863,-2.999532,-0.01464858,-0.4342306,0.9006826,0.0,0.0,0.0,0.0,0.0,0.0,0.0,-1.292336,1.068133,2.835898,1.315829,-0.274739,-3.007735,0.1351665,-0.004314545,-0.001441203,0.9908125,15.53559,359.4684,359.7608,0.4017425,-0.08468582,-0.911828,0,0,0,1.296281,-1.226296,-1.081309,8.381903e-08,-0.4008,2.111,0.9999586,-0.004022288,0.008160206,0.001689559,0.9634559,0.2678618,-0.008939416,-0.267837,0.9634227,static,-0.9317687,-25.73931,2.274977e-06,-10.75037,0.39393086499648655,8.66424958931725
744,05/17/2023 13:16:24.796608,1141,True,True,True,True,Eyes,1.322832,-0.2787944,-2.999545,-0.01514486,-0.4349208,0.9003413,0.0,0.0,0.0,0.0,0.0,0.0,0.0,-1.293326,1.067949,2.835436,1.31575,-0.2748105,-3.007688,0.1352536,-0.004195289,-0.001710143,0.9908007,15.54556,359.4781,359.731,0.4017736,-0.08469076,-0.9118139,0,0,0,1.29632,-1.226701,-1.081425,2.011657e-07,-0.4008,2.111,0.999959,-0.004523678,0.007850784,0.002253965,0.9634071,0.2680331,-0.008775997,-0.2680044,0.9633777,static,-0.9636953,-25.78343,5.459946e-06,-10.75037,0.3932310047417118,8.661842100003605
745,05/17/2023 13:16:24.816058,1142,True,True,True,True,Eyes,1.322869,-0.2787955,-2.999553,-0.01561629,-0.4355853,0.900012,0.0,0.0,0.0,0.0,0.0,0.0,0.0,-1.292552,1.068212,2.835771,1.31572,-0.2748216,-3.007776,0.1352207,-0.00428717,-0.001561686,0.990805,15.5418,359.4696,359.747,0.4018025,-0.08469537,-0.9118007,0,0,0,1.296119,-1.226587,-1.081453,2.980232e-08,-0.4008,2.111,0.9999583,-0.004254082,0.008073155,0.001935225,0.9634259,0.2679681,-0.008917844,-0.2679414,0.963394,static,-0.9940506,-25.82593,8.088808e-07,-10.75037,0.3925911895838643,8.659525156243408
746,05/17/2023 13:16:24.836295,1143,True,True,True,True,Eyes,1.322902,-0.2788017,-2.99956,-0.01608313,-0.43624,0.8996866,0.0,0.0,0.0,0.0,0.0,0.0,0.0,-1.292614,1.068419,2.835534,1.315722,-0.2746533,-3.007667,0.1352483,-0.004254892,-0.001464439,0.9908016,15.54505,359.475,359.759,0.4018292,-0.0846995,-0.9117886,0,0,0,1.296385,-1.226528,-1.081396,7.450581e-09,-0.4007999,2.111,0.9999595,-0.004052871,0.008035381,0.001751002,0.9634115,0.268021,-0.008827632,-0.2679961,0.9633796,static,-1.024132,-25.86782,2.022202e-07,-10.75037,0.391946630897948,8.657240596801248
747,05/17/2023 13:16:24.856405,1144,True,True,True,True,Eyes,1.322934,-0.2788052,-2.999563,-0.01653187,-0.4368748,0.8993704,0.0,0.0,0.0,0.0,0.0,0.0,0.0,-1.292234,1.06904,2.835457,1.315722,-0.2747845,-3.00764,0.1352705,-0.004287209,-0.001323475,0.9907987,15.54768,359.4734,359.7751,0.4018541,-0.08470334,-0.9117773,0,0,0,1.296446,-1.226748,-1.081412,7.450581e-09,-0.4008,2.111,0.9999597,-0.003782461,0.008137467,0.001462728,0.9634003,0.268063,-0.008853577,-0.2680404,0.963367,static,-1.05307,-25.90845,2.022202e-07,-10.75037,0.3913419975157444,8.655026038045392
748,05/17/2023 13:16:24.871751,1145,True,True,True,True,Eyes,1.322954,-0.2788125,-2.999562,-0.01697231,-0.4375088,0.8990539,0.0,0.0,0.0,0.0,0.0,0.0,0.0,-1.292267,1.069431,2.835221,1.315727,-0.2747193,-3.007575,0.1353624,-0.004287492,-0.001344149,0.9907861,15.5583,359.4731,359.7726,0.4018773,-0.08470687,-0.9117667,0,0,0,1.296422,-1.22704,-1.081523,4.284084e-08,-0.4007999,2.111,0.9999596,-0.003824259,0.008132079,0.001502799,0.9633504,0.2682418,-0.008859868,-0.2682188,0.9633173,static,-1.0815,-25.94905,1.162766e-06,-10.75037,0.3907797001303628,8.65281573320491
749,05/17/2023 13:16:24.886490,1146,True,True,True,True,Eyes,1.322973,-0.2788145,-2.99956,-0.01740029,-0.4381166,0.8987497,0.0,0.0,0.0,0.0,0.0,0.0,0.0,-1.292082,1.069798,2.835069,1.315749,-0.2748231,-3.007463,0.1353996,-0.004316225,-0.001315502,0.9907809,15.56261,359.4701,359.7755,0.4018987,-0.08471025,-0.911757,0,0,0,1.296365,-1.227289,-1.081485,8.940697e-08,-0.4007999,2.111,0.9999593,-0.003775579,0.008196631,0.001437919,0.9633304,0.268314,-0.008909104,-0.2682913,0.9632967,static,-1.109139,-25.988,2.426643e-06,-10.75037,0.3902088864927289,8.650693295020181
750,05/17/2023 13:16:24.896519,1147,True,True,True,True,Eyes,1.322986,-0.2788167,-2.999559,-0.0178086,-0.4387035,0.8984553,0.0,0.0,0.0,0.0,0.0,0.0,0.0,-1.292276,1.069203,2.835168,1.315746,-0.2746954,-3.007441,0.1353973,-0.004323186,-0.001491912,0.9907808,15.56225,359.4665,359.7545,0.4019184,-0.08471333,-0.911748,0,0,0,1.296093,-1.227148,-1.081459,2.253801e-07,-0.4007999,2.111,0.9999582,-0.004127011,0.008162659,0.00178562,0.9633307,0.268311,-0.008970663,-0.2682852,0.9632978,static,-1.135531,-26.02563,6.117161e-06,-10.75037,0.3896841304190881,8.648644455394695
751,05/17/2023 13:16:24.916144,1148,True,True,True,True,Eyes,1.322999,-0.2788215,-2.999557,-0.01819594,-0.4392678,0.8981718,2.138908,1.28408,-1.218375,-1.078451,-0.8043692,0.5627673,0.1904817,-0.01206746,-0.391932,2.111596,1.315756,-0.2747053,-3.007461,0.1353078,-0.004296491,-0.001548653,0.9907932,15.55188,359.4687,359.7484,0.4019365,-0.08471617,-0.9117398,0,0,0,1.296135,-1.226809,-1.081306,3.72529e-09,-0.4008,2.111,0.9999583,-0.004231486,0.008094778,0.001906091,0.9633788,0.2681374,-0.008932956,-0.2681108,0.9633467,static,-1.160588,-26.06182,1.011101e-07,-10.75037,0.3892074356494055,8.64667576861557
752,05/17/2023 13:16:24.936439,1149,True,True,True,True,Eyes,1.32301,-0.2788237,-2.999557,-0.01853913,-0.4398331,0.8978882,0.0,0.0,0.0,0.0,0.0,0.0,0.0,-1.293035,1.068563,2.8351,1.315776,-0.2747723,-3.007456,0.1353213,-0.00422149,-0.001587461,0.9907916,15.55344,359.4769,359.745,0.4019532,-0.08471886,-0.9117322,0,0,0,1.296407,-1.226929,-1.081324,-5.587935e-09,-0.4007999,2.111,0.9999593,-0.004288201,0.007935598,0.002003171,0.9633713,0.2681638,-0.008794868,-0.268137,0.9633407,static,-1.182846,-26.09805,-1.516652e-07,-10.75037,0.38897353695792103,8.644720117369268
753,05/17/2023 13:16:24.946695,1150,True,True,True,True,Eyes,1.323018,-0.2788284,-2.999559,-0.01885761,-0.4403761,0.8976153,0.0,0.0,0.0,0.0,0.0,0.0,0.0,-1.293444,1.068519,2.834922,1.31575,-0.2747096,-3.007465,0.1354007,-0.004185707,-0.00175221,0.9907806,15.56254,359.4785,359.7261,0.4019684,-0.08472133,-0.9117253,0,0,0,1.296302,-1.227171,-1.081485,1.583248e-07,-0.4008,2.111,0.9999588,-0.004605607,0.007819733,0.002338616,0.9633272,0.2683193,-0.008768735,-0.26829,0.9632983,static,-1.203525,-26.13288,4.29718e-06,-10.75037,0.38881056029267036,8.642843905113503
754,05/17/2023 13:16:24.971871,1151,True,True,True,True,Eyes,1.323037,-0.2788305,-2.999563,-0.01914202,-0.4408851,0.8973595,0.0,0.0,0.0,0.0,0.0,0.0,0.0,-1.293805,1.068915,2.834671,1.315675,-0.274775,-3.007551,0.1354053,-0.004083587,-0.00162842,0.9907806,15.56316,359.4925,359.7423,0.4019823,-0.08472369,-0.9117189,0,0,0,1.296813,-1.227258,-1.081576,1.99303e-07,-0.4007998,2.111,0.9999614,-0.004332693,0.007650883,0.002120936,0.9633255,0.2683271,-0.008532871,-0.2683005,0.9632975,static,-1.222019,-26.16552,5.40939e-06,-10.75037,0.38873399241839657,8.641090424408208
755,05/17/2023 13:16:24.986403,1152,True,True,True,True,Eyes,1.323056,-0.278831,-2.999567,-0.01941092,-0.4413717,0.8971144,0.0,0.0,0.0,0.0,0.0,0.0,0.0,-1.293643,1.069175,2.834644,1.315654,-0.274705,-3.007565,0.1354116,-0.004081718,-0.001516747,0.9907799,15.56395,359.4945,359.7555,0.4019953,-0.08472584,-0.911713,0,0,0,1.296952,-1.227215,-1.081602,3.166497e-08,-0.4007999,2.111,0.9999621,-0.004110949,0.007677398,0.001900101,0.9633228,0.2683386,-0.008498939,-0.2683139,0.9632941,static,-1.239519,-26.19675,8.594358e-07,-10.75037,0.38867752527374,8.639413741321926
756,05/17/2023 13:16:24.996185,1153,True,True,True,True,Eyes,1.323079,-0.2788305,-2.999568,-0.01972277,-0.4418059,0.8968939,0.0,0.0,0.0,0.0,0.0,0.0,0.0,-1.293409,1.069422,2.834664,1.31568,-0.2746705,-3.007562,0.135383,-0.004086466,-0.00134591,0.990784,15.56073,359.4967,359.7756,0.4020074,-0.08472776,-0.9117075,0,0,0,1.297191,-1.227073,-1.081543,4.284084e-08,-0.4007999,2.111,0.999963,-0.003773489,0.007733184,0.001560536,0.9633393,0.2682817,-0.008462038,-0.2682597,0.9633095,static,-1.259736,-26.22465,1.162766e-06,-10.75037,0.38823257326291993,8.637891177238943
757,05/17/2023 13:16:25.016337,1154,True,True,True,True,Eyes,1.3231,-0.2788333,-2.999571,-0.02002572,-0.4422204,0.8966829,0.0,0.0,0.0,0.0,0.0,0.0,0.0,-1.293299,1.069326,2.834701,1.315673,-0.2746498,-3.007521,0.1353441,-0.004090142,-0.001285295,0.9907894,15.55627,359.4973,359.7827,0.4020188,-0.08472946,-0.9117023,0,0,0,1.297252,-1.226902,-1.081427,1.136214e-07,-0.4007999,2.111,0.9999632,-0.003654068,0.007757023,0.001439761,0.9633607,0.2682056,-0.008452853,-0.2681846,0.9633304,static,-1.27938,-26.2513,3.083858e-06,-10.75037,0.3877789105881513,8.636435037584185
758,05/17/2023 13:16:25.036460,1155,True,True,True,True,Eyes,1.323112,-0.2788351,-2.999575,-0.02031731,-0.4425686,0.8965044,0.0,0.0,0.0,0.0,0.0,0.0,0.0,-1.292848,1.069385,2.834928,1.315667,-0.2747305,-3.007557,0.135313,-0.004154196,-0.001236591,0.9907935,15.55268,359.4905,359.7874,0.4020296,-0.08473103,-0.9116974,0,0,0,1.297052,-1.226863,-1.081406,2.197921e-07,-0.4007999,2.111,0.9999624,-0.003574647,0.007897247,0.001326179,0.9633777,0.2681448,-0.008566554,-0.2681243,0.9633462,static,-1.298262,-26.27373,5.965496e-06,-10.75037,0.3871949159493937,8.63519683742798
759,05/17/2023 13:16:25.046433,1156,True,True,True,True,Eyes,1.323125,-0.2788358,-2.999578,-0.02059913,-0.4429058,0.8963314,0.0,0.0,0.0,0.0,0.0,0.0,0.0,-1.292559,1.06924,2.835147,1.31567,-0.2747168,-3.007588,0.1352977,-0.004210001,-0.001264752,0.9907953,15.55088,359.4835,359.7832,0.4020396,-0.08473247,-0.9116929,0,0,0,1.296789,-1.226788,-1.08141,7.450581e-09,-0.4008,2.111,0.9999614,-0.003645428,0.008000262,0.001367014,0.9633858,0.2681153,-0.008684735,-0.2680941,0.9633536,static,-1.316517,-26.29544,2.022202e-07,-10.75037,0.38663146570746254,8.633998495749658
760,05/17/2023 13:16:25.066668,1157,True,True,True,True,Eyes,1.323141,-0.2788337,-2.999583,-0.02090375,-0.4431999,0.896179,0.0,0.0,0.0,0.0,0.0,0.0,0.0,-1.292312,1.069531,2.835132,1.315669,-0.2746921,-3.007574,0.1353379,-0.004245022,-0.001235113,0.9907898,15.55553,359.4798,359.7861,0.4020489,-0.08473378,-0.9116887,0,0,0,1.296685,-1.22692,-1.081473,0.0,-0.4007998,2.111,0.999961,-0.003596498,0.008077533,0.001298449,0.9633643,0.2681932,-0.008746163,-0.2681722,0.9633313,static,-1.336206,-26.31442,0.0,-10.75037,0.3858178283841853,8.632930773731669
761,05/17/2023 13:16:25.086366,1158,True,True,True,True,Eyes,1.323157,-0.2788316,-2.999589,-0.02120146,-0.4434794,0.8960338,0.0,0.0,0.0,0.0,0.0,0.0,0.0,-1.291743,1.069682,2.83537,1.315675,-0.2746232,-3.007611,0.1353854,-0.00435145,-0.001275056,0.9907827,15.56099,359.4666,359.7797,0.4020576,-0.08473486,-0.9116848,0,0,0,1.296204,-1.227035,-1.081606,6.705523e-08,-0.4007999,2.111,0.9999589,-0.003704852,0.008277435,0.00134836,0.9633383,0.2682862,-0.008967931,-0.268264,0.9633037,static,-1.355448,-26.33247,1.819982e-06,-10.75037,0.3849994911577106,8.631912582817964
762,05/17/2023 13:16:25.096543,1159,True,True,True,True,Eyes,1.323176,-0.2788342,-2.999594,-0.02151427,-0.4437081,0.8959131,0.0,0.0,0.0,0.0,0.0,0.0,0.0,-1.291352,1.069506,2.83567,1.3157,-0.2746203,-3.007653,0.1353482,-0.00442139,-0.001273662,0.9907874,15.55667,359.4584,359.7787,0.4020658,-0.08473574,-0.9116811,0,0,0,1.295945,-1.226886,-1.081579,7.82311e-08,-0.4007999,2.111,0.9999577,-0.00372071,0.008416539,0.001327002,0.9633585,0.2682138,-0.00910609,-0.2681913,0.9633227,static,-1.375625,-26.34728,2.123312e-06,-10.75037,0.3839502427915056,8.631053539955522
763,05/17/2023 13:16:25.116803,1160,True,True,True,True,Eyes,1.323198,-0.2788313,-2.999598,-0.02182095,-0.4439355,0.895793,0.0,0.0,0.0,0.0,0.0,0.0,0.0,-1.29135,1.06976,2.83558,1.31574,-0.2747403,-3.007629,0.1353508,-0.00441691,-0.001222908,0.9907872,15.557,359.4597,359.7848,0.4020736,-0.08473659,-0.9116775,0,0,0,1.296072,-1.227018,-1.08156,1.117587e-08,-0.4007999,2.111,0.999958,-0.003618948,0.008421393,0.001227617,0.9633573,0.2682185,-0.009083481,-0.268197,0.9633213,static,-1.395413,-26.36202,3.033303e-07,-10.75037,0.38293122974661387,8.630200137534954
764,05/17/2023 13:16:25.136352,1161,True,True,True,True,Eyes,1.323211,-0.2788306,-2.999599,-0.02210244,-0.4441264,0.8956915,0.0,0.0,0.0,0.0,0.0,0.0,0.0,-1.291587,1.069796,2.835463,1.315819,-0.2746003,-3.007612,0.1354681,-0.004434754,-0.001416568,0.9907708,15.57045,359.4545,359.7616,0.4020811,-0.08473723,-0.9116742,0,0,0,1.295815,-1.227329,-1.081769,1.490116e-08,-0.4007998,2.111,0.9999567,-0.004008523,0.008403849,0.001605453,0.9632928,0.2684482,-0.009171449,-0.2684231,0.9632574,static,-1.413567,-26.3744,4.044404e-07,-10.75037,0.3819433024848564,8.629475115895705
765,05/17/2023 13:16:25.156530,1162,True,True,True,True,Eyes,1.323223,-0.2788298,-2.9996,-0.02236446,-0.4443102,0.8955938,0.0,0.0,0.0,0.0,0.0,0.0,0.0,-1.292411,1.069328,2.835212,1.315854,-0.2746652,-3.007541,0.1354107,-0.004313574,-0.001470628,0.9907792,15.56381,359.4679,359.7572,0.4020882,-0.08473776,-0.911671,0,0,0,1.296269,-1.227171,-1.081584,4.470348e-08,-0.4007999,2.111,0.9999585,-0.004082344,0.008149319,0.001745928,0.9633236,0.2683368,-0.008945875,-0.2683115,0.9632907,static,-1.430473,-26.38632,1.213321e-06,-10.75037,0.38104144675367735,8.628780119653847
766,05/17/2023 13:16:25.171764,1163,True,True,True,True,Eyes,1.323228,-0.2788281,-2.999602,-0.02259754,-0.4444615,0.8955129,0.0,0.0,0.0,0.0,0.0,0.0,0.0,-1.293238,1.069176,2.834899,1.315828,-0.2746602,-3.007559,0.1354207,-0.004183664,-0.001533286,0.9907783,15.56497,359.4822,359.7519,0.4020949,-0.08473821,-0.911668,0,0,0,1.296688,-1.227204,-1.081617,7.450581e-09,-0.4008,2.111,0.9999603,-0.004171401,0.007874888,0.001905183,0.9633178,0.2683565,-0.008705443,-0.2683309,0.9632875,static,-1.445506,-26.39615,2.022202e-07,-10.75037,0.38020378551421086,8.62820110870398
767,05/17/2023 13:16:25.186326,1164,True,True,True,True,Eyes,1.323232,-0.2788261,-2.9996,-0.02281858,-0.4445985,0.8954393,0.0,0.0,0.0,0.0,0.0,0.0,0.0,-1.293708,1.069024,2.834755,1.315849,-0.2746487,-3.007563,0.1354336,-0.004124841,-0.001608663,0.9907766,15.56645,359.4879,359.744,0.402101,-0.08473855,-0.9116653,0,0,0,1.296845,-1.227242,-1.081644,2.793968e-08,-0.4008,2.111,0.9999608,-0.004304935,0.007737858,0.002070366,0.9633103,0.2683822,-0.008609327,-0.2683557,0.9632815,static,-1.459759,-26.40506,7.583257e-07,-10.75037,0.37939055341388084,8.627672914125839
768,05/17/2023 13:16:25.206363,1165,True,True,True,True,Eyes,1.323229,-0.2788233,-2.999599,-0.02301378,-0.4447194,0.8953742,0.0,0.0,0.0,0.0,0.0,0.0,0.0,-1.294362,1.067979,2.834759,1.315833,-0.274637,-3.007485,0.1353233,-0.004042373,-0.001745172,0.9907919,15.55364,359.4955,359.7292,0.4021066,-0.08473879,-0.9116628,0,0,0,1.296979,-1.2268,-1.081352,2.793968e-08,-0.4008,2.111,0.9999613,-0.004552259,0.007537974,0.00236415,0.9633691,0.2681686,-0.008482625,-0.2681404,0.9633425,static,-1.472348,-26.41293,7.583258e-07,-10.75037,0.3786722741704658,8.627206373773411
769,05/17/2023 13:16:25.216377,1166,True,True,True,True,Eyes,1.323226,-0.2788233,-2.999599,-0.02320605,-0.444839,0.8953099,0.0,0.0,0.0,0.0,0.0,0.0,0.0,-1.294314,1.068152,2.834727,1.315827,-0.2746269,-3.007499,0.1353707,-0.00405814,-0.001782795,0.9907852,15.5591,359.493,359.7245,0.4021117,-0.08473893,-0.9116606,0,0,0,1.296857,-1.226973,-1.081457,5.215406e-08,-0.4007999,2.111,0.9999607,-0.004631442,0.007558813,0.002434027,0.9633431,0.2682611,-0.008524167,-0.2682322,0.9633166,static,-1.48475,-26.4207,1.415541e-06,-10.75037,0.3779654491795481,8.626745907008786
770,05/17/2023 13:16:25.236781,1167,True,True,True,True,Eyes,1.323228,-0.2788209,-2.999596,-0.02339002,-0.4449463,0.8952518,0.0,0.0,0.0,0.0,0.0,0.0,0.0,-1.293703,1.068694,2.834833,1.315813,-0.2746924,-3.007529,0.1354182,-0.004144579,-0.001717933,0.9907784,15.5646,359.4839,359.7308,0.4021161,-0.08473906,-0.9116586,0,0,0,1.29658,-1.227224,-1.081581,-1.117587e-08,-0.4008,2.111,0.9999598,-0.004526685,0.007747439,0.002281679,0.9633179,0.2683532,-0.008677998,-0.2683247,0.9632894,static,-1.496612,-26.42769,-3.033303e-07,-10.75037,0.3772688939264268,8.626327870906728
771,05/17/2023 13:16:25.256758,1168,True,True,True,True,Eyes,1.323229,-0.2788208,-2.999595,-0.02357185,-0.445049,0.895196,0.0,0.0,0.0,0.0,0.0,0.0,0.0,-1.293481,1.068738,2.834858,1.315857,-0.2746371,-3.007459,0.1354591,-0.004201927,-0.001771338,0.9907725,15.56928,359.4762,359.7235,0.4021202,-0.08473911,-0.9116567,0,0,0,1.296317,-1.227325,-1.081592,3.72529e-09,-0.4007998,2.111,0.9999585,-0.004648365,0.00784642,0.002371607,0.9632954,0.2684332,-0.008806195,-0.2684034,0.9632664,static,-1.508335,-26.43439,1.011101e-07,-10.75037,0.3765708397906584,8.625925277904619
772,05/17/2023 13:16:25.271689,1169,True,True,True,True,Eyes,1.32323,-0.2788192,-2.999593,-0.02374192,-0.445157,0.8951378,0.0,0.0,0.0,0.0,0.0,0.0,0.0,-1.292925,1.068916,2.835102,1.315856,-0.2746896,-3.007508,0.1354541,-0.004285827,-0.001727653,0.9907729,15.5687,359.467,359.7273,0.4021239,-0.08473916,-0.9116551,0,0,0,1.296033,-1.227358,-1.081635,3.72529e-09,-0.4007999,2.111,0.9999573,-0.004584488,0.008024528,0.002262358,0.9632984,0.2684232,-0.008960598,-0.2683936,0.9632677,static,-1.519311,-26.44141,1.011101e-07,-10.75037,0.375951944582263,8.625510489510585
773,05/17/2023 13:16:25.286668,1170,True,True,True,True,Eyes,1.323231,-0.278819,-2.999592,-0.02390469,-0.4452611,0.8950816,0.0,0.0,0.0,0.0,0.0,0.0,0.0,-1.29311,1.069019,2.834925,1.315827,-0.2746571,-3.007473,0.1355016,-0.004260429,-0.001773594,0.9907665,15.57417,359.4693,359.7223,0.4021273,-0.08473915,-0.9116536,0,0,0,1.296046,-1.22751,-1.08169,6.332994e-08,-0.4007999,2.111,0.9999574,-0.004669025,0.00796153,0.002359846,0.9632724,0.2685159,-0.008922828,-0.2684857,0.9632423,static,-1.529819,-26.44819,1.718872e-06,-10.75037,0.3753621923230448,8.625110381049488
774,05/17/2023 13:16:25.306049,1171,True,True,True,True,Eyes,1.323207,-0.2788155,-2.999587,-0.02402477,-0.4454015,0.8950086,0.0,0.0,0.0,0.0,0.0,0.0,0.0,-1.292946,1.069257,2.834943,1.315836,-0.2746921,-3.007497,0.1355072,-0.00427536,-0.001711395,0.9907658,15.57485,359.4685,359.7294,0.4021304,-0.08473914,-0.9116522,0,0,0,1.296078,-1.227568,-1.081725,0.0,-0.4008,2.111,0.9999576,-0.004549866,0.008007947,0.002232498,0.9632698,0.2685263,-0.008935573,-0.2684971,0.963239,static,-1.537625,-26.45726,0.0,-10.75037,0.3751113488387272,8.624608772498265
775,05/17/2023 13:16:25.316742,1172,True,True,True,True,Eyes,1.323182,-0.2788113,-2.999585,-0.02413607,-0.4455362,0.8949385,0.0,0.0,0.0,0.0,0.0,0.0,0.0,-1.293802,1.06934,2.83444,1.315814,-0.2746307,-3.007436,0.1355711,-0.004140881,-0.001772327,0.9907575,15.58225,359.4833,359.7243,0.4021327,-0.08473906,-0.9116513,0,0,0,1.296521,-1.227755,-1.081782,5.029142e-08,-0.4008,2.111,0.9999594,-0.004634661,0.007724666,0.002389125,0.9632347,0.2686508,-0.00868577,-0.2686214,0.9632066,static,-1.544865,-26.46596,1.364987e-06,-10.75037,0.37489204856954594,8.624128958707997
776,05/17/2023 13:16:25.336893,1173,True,True,True,True,Eyes,1.323168,-0.2788097,-2.99958,-0.02424456,-0.4456674,0.8948702,0.0,0.0,0.0,0.0,0.0,0.0,0.0,-1.29414,1.06926,2.834344,1.315768,-0.2746094,-3.007484,0.1355721,-0.00408079,-0.001794413,0.9907575,15.58237,359.4901,359.7227,0.402134,-0.0847389,-0.9116507,0,0,0,1.29669,-1.227738,-1.081831,2.216548e-07,-0.4007999,2.111,0.9999602,-0.004662138,0.007599602,0.002449174,0.9632339,0.2686527,-0.00857269,-0.2686234,0.9632071,static,-1.551925,-26.47444,6.016051e-06,-10.75037,0.3746780286572835,8.623661261562932
777,05/17/2023 13:16:25.356041,1174,True,True,True,True,Eyes,1.323154,-0.2788058,-2.999574,-0.02434049,-0.4457916,0.8948058,0.0,0.0,0.0,0.0,0.0,0.0,0.0,-1.294348,1.069749,2.834008,1.315783,-0.2746693,-3.00742,0.1355519,-0.003995616,-0.001564208,0.990761,15.58017,359.5038,359.7512,0.402135,-0.08473873,-0.9116503,0,0,0,1.297366,-1.227724,-1.081723,1.061708e-07,-0.4007999,2.111,0.9999632,-0.004182739,0.007493338,0.002016286,0.9632465,0.2686115,-0.008341463,-0.2685865,0.9632195,static,-1.558174,-26.48246,2.881638e-06,-10.75037,0.37451246315210107,8.623221238158571
778,05/17/2023 13:16:25.372042,1175,True,True,True,True,Eyes,1.323163,-0.2788045,-2.999569,-0.02443291,-0.4459038,0.8947474,0.0,0.0,0.0,0.0,0.0,0.0,0.0,-1.294565,1.069823,2.833834,1.315776,-0.2746127,-3.007384,0.1355242,-0.003929217,-0.001440374,0.9907653,15.57705,359.5137,359.7669,0.4021356,-0.08473849,-0.9116501,0,0,0,1.297799,-1.227564,-1.081632,1.862645e-08,-0.4008001,2.111,0.999965,-0.003919153,0.007395452,0.001789137,0.9632622,0.2685566,-0.008176275,-0.268534,0.9632355,static,-1.56419,-26.4897,5.055504e-07,-10.75037,0.37433074070985506,8.622821993337595
779,05/17/2023 13:16:25.386498,1176,True,True,True,True,Eyes,1.32317,-0.2788092,-2.999564,-0.02452079,-0.4460149,0.8946896,0.0,0.0,0.0,0.0,0.0,0.0,0.0,-1.29458,1.069924,2.833778,1.315737,-0.2746621,-3.007385,0.1354789,-0.003891195,-0.001314422,0.9907718,15.57189,359.5202,359.7824,0.4021364,-0.08473822,-0.9116498,0,0,0,1.298087,-1.22744,-1.081544,1.695007e-07,-0.4008,2.111,0.9999663,-0.003658934,0.007354419,0.001550235,0.9632875,0.2684676,-0.008066725,-0.2684472,0.9632606,static,-1.569915,-26.49688,4.600509e-06,-10.75037,0.3741712819900034,8.622427354857436
780,05/17/2023 13:16:25.396537,1177,True,True,True,True,Eyes,1.323185,-0.2788097,-2.999561,-0.02460698,-0.4461507,0.8946195,0.0,0.0,0.0,0.0,0.0,0.0,0.0,-1.294627,1.070312,2.833591,1.315697,-0.2748099,-3.007372,0.135526,-0.003878048,-0.001320376,0.9907655,15.57733,359.5216,359.7819,0.4021373,-0.08473814,-0.9116493,0,0,0,1.298092,-1.22777,-1.081621,1.080334e-07,-0.4008,2.111,0.9999664,-0.003667518,0.00732658,0.001565213,0.963262,0.2685592,-0.008042361,-0.2685387,0.9632353,static,-1.575553,-26.50564,2.932193e-06,-10.75037,0.3740926681466705,8.621953121651092
781,05/17/2023 13:16:25.416787,1178,True,True,True,True,Eyes,1.323199,-0.2788089,-2.999559,-0.0246908,-0.4462691,0.8945581,0.0,0.0,0.0,0.0,0.0,0.0,0.0,-1.293783,1.071216,2.83365,1.315658,-0.2747067,-3.007413,0.1356207,-0.003977618,-0.001159823,0.9907523,15.58834,359.5125,359.7991,0.4021386,-0.08473808,-0.9116488,0,0,0,1.297867,-1.228038,-1.081847,3.911555e-08,-0.4008,2.111,0.9999657,-0.003377089,0.007567074,0.001219299,0.9632113,0.2687423,-0.008196258,-0.2687238,0.9631824,static,-1.581026,-26.51328,1.061656e-06,-10.75037,0.3739762584574471,8.621536529821672
782,05/17/2023 13:16:25.437153,1179,True,True,True,True,Eyes,1.323192,-0.2787981,-2.999559,-0.02473971,-0.446376,0.8945034,0.0,0.0,0.0,0.0,0.0,0.0,0.0,-1.293175,1.070648,2.834164,1.315653,-0.2746767,-3.007437,0.1354515,-0.004044262,-0.001006407,0.9907753,15.56884,359.5071,359.8162,0.4021401,-0.08473798,-0.9116482,0,0,0,1.2978,-1.227352,-1.081548,7.82311e-08,-0.4008,2.111,0.9999653,-0.00308985,0.007741271,0.0008986439,0.9633037,0.2684122,-0.008286549,-0.2683959,0.963273,static,-1.584253,-26.52016,2.123312e-06,-10.75037,0.3740179001797921,8.621170535809734
783,05/17/2023 13:16:25.456276,1180,True,True,True,True,Eyes,1.323191,-0.2787931,-2.999556,-0.02479822,-0.4464708,0.8944545,0.0,0.0,0.0,0.0,0.0,0.0,0.0,-1.291364,1.068864,2.835795,1.315783,-0.2744589,-3.007525,0.1350801,-0.004334743,-0.0008440309,0.9908249,15.5259,359.4756,359.8309,0.4021413,-0.08473758,-0.9116477,0,0,0,1.296967,-1.225692,-1.080932,2.607703e-08,-0.4008,2.111,0.999961,-0.002843648,0.008361918,0.0005014987,0.9635053,0.2676887,-0.008817965,-0.2676741,0.9634691,static,-1.588085,-26.52627,7.077707e-07,-10.75037,0.3739717138892926,8.620840304069713
784,05/17/2023 13:16:25.472018,1181,True,True,True,True,Eyes,1.32316,-0.2787882,-2.99955,-0.02483111,-0.4465786,0.8943998,0.0,0.0,0.0,0.0,0.0,0.0,0.0,-1.291587,1.067654,2.836128,1.315929,-0.2745876,-3.00743,0.1349792,-0.004388029,-0.001134539,0.9908382,15.51407,359.4647,359.7959,0.4021423,-0.08473706,-0.9116473,0,0,0,1.2965,-1.225422,-1.080645,1.862645e-09,-0.4008,2.111,0.9999589,-0.003432873,0.008389375,0.001063703,0.9635586,0.267495,-0.009001931,-0.267475,0.9635227,static,-1.590287,-26.5332,5.055506e-08,-10.75037,0.3741039093838623,8.620477292321098
785,05/17/2023 13:16:25.486220,1182,True,True,True,True,Eyes,1.323131,-0.2787896,-2.999542,-0.02484604,-0.4467223,0.8943275,0.0,0.0,0.0,0.0,0.0,0.0,0.0,-1.292772,1.067275,2.835691,1.315918,-0.2746001,-3.007396,0.1352318,-0.004346344,-0.001835078,0.9908028,15.54292,359.4583,359.7138,0.4021426,-0.0847365,-0.9116471,0,0,0,1.295703,-1.226402,-1.081098,5.029142e-08,-0.4007999,2.111,0.9999555,-0.004811927,0.008116418,0.002460873,0.963418,0.267992,-0.00910906,-0.2679601,0.963387,static,-1.591371,-26.54242,1.364986e-06,-10.75037,0.3744386623406981,8.62000425639953
786,05/17/2023 13:16:25.496556,1183,True,True,True,True,Eyes,1.323084,-0.2787909,-2.999535,-0.02484904,-0.4468449,0.8942662,0.0,0.0,0.0,0.0,0.0,0.0,0.0,-1.294795,1.069965,2.833701,1.315925,-0.274737,-3.007331,0.135796,-0.004054535,-0.002043626,0.9907265,15.60814,359.489,359.6936,0.4021423,-0.08473609,-0.9116474,0,0,0,1.296613,-1.22873,-1.082108,7.078052e-08,-0.4008,2.111,0.9999588,-0.005150527,0.007478838,0.00294817,0.9631106,0.2690899,-0.008588903,-0.2690567,0.9630861,static,-1.591673,-26.55028,1.921092e-06,-10.75037,0.3747775883765667,8.619604343611272
787,05/17/2023 13:16:25.516517,1184,True,True,True,True,Eyes,1.32304,-0.2787906,-2.999529,-0.02482868,-0.4469753,0.8942016,0.0,0.0,0.0,0.0,0.0,0.0,0.0,-1.295648,1.072204,2.832514,1.315956,-0.2747546,-3.007362,0.1361272,-0.003882148,-0.001894441,0.9906821,15.64658,359.5116,359.7138,0.4021408,-0.08473583,-0.911648,0,0,0,1.297549,-1.23004,-1.082771,9.126961e-08,-0.4008,2.111,0.9999627,-0.004810509,0.007176178,0.002696645,0.9629316,0.2697322,-0.008207717,-0.2697028,0.9629086,static,-1.590484,-26.55862,2.477198e-06,-10.75037,0.3752671455821135,8.619188131531015
788,05/17/2023 13:16:25.536347,1185,True,True,True,True,Eyes,1.322981,-0.2787871,-2.999523,-0.02482215,-0.4470777,0.8941506,0.0,0.0,0.0,0.0,0.0,0.0,0.0,-1.297199,1.073274,2.83143,1.315987,-0.2747129,-3.007383,0.1362991,-0.003604802,-0.001807147,0.9906596,15.66659,359.5457,359.7285,0.4021384,-0.08473564,-0.9116491,0,0,0,1.298828,-1.230671,-1.083114,2.514571e-08,-0.4008,2.111,0.9999675,-0.004563197,0.006649638,0.002597872,0.9628385,0.2700651,-0.007634888,-0.2700391,0.9628191,static,-1.590156,-26.56517,6.824931e-07,-10.75037,0.37559948186887926,8.618857990272287
789,05/17/2023 13:16:25.556352,1186,True,True,True,True,Eyes,1.322922,-0.2787825,-2.999521,-0.02482473,-0.4471607,0.8941091,0.0,0.0,0.0,0.0,0.0,0.0,0.0,-1.298003,1.071747,2.831597,1.315913,-0.2746476,-3.00738,0.1361195,-0.003490767,-0.001960521,0.9906844,15.64577,359.5567,359.7123,0.4021348,-0.08473544,-0.9116507,0,0,0,1.299009,-1.229906,-1.082761,6.519258e-08,-0.4007999,2.111,0.9999679,-0.004834838,0.006382767,0.002934193,0.9629353,0.2697165,-0.007450227,-0.2696891,0.9629186,static,-1.590395,-26.57049,1.769427e-06,-10.75037,0.3758259044206722,8.618587125230711
790,05/17/2023 13:16:25.572160,1187,True,True,True,True,Eyes,1.32284,-0.2787806,-2.99952,-0.02480351,-0.4471904,0.8940948,0.0,0.0,0.0,0.0,0.0,0.0,0.0,-1.297551,1.070323,2.832413,1.315821,-0.2746159,-3.007489,0.1359098,-0.003573845,-0.002059938,0.9907127,15.62146,359.5454,359.6994,0.40213,-0.08473518,-0.9116529,0,0,0,1.298444,-1.229057,-1.082469,1.965091e-07,-0.4007999,2.111,0.999966,-0.005053055,0.006521374,0.003110172,0.9630485,0.2693099,-0.007641238,-0.2692804,0.9630315,static,-1.589062,-26.57238,5.333558e-06,-10.75037,0.37602839805351285,8.618498527141192
791,05/17/2023 13:16:25.586210,1188,True,True,True,True,Eyes,1.322761,-0.2787755,-2.999517,-0.02480128,-0.4472063,0.894087,0.0,0.0,0.0,0.0,0.0,0.0,0.0,-1.295583,1.069742,2.83357,1.31579,-0.2747052,-3.00753,0.1356898,-0.003859316,-0.001876661,0.9907421,15.59601,359.5148,359.7165,0.4021237,-0.08473498,-0.9116557,0,0,0,1.297501,-1.228291,-1.082095,7.82311e-08,-0.4007999,2.111,0.9999632,-0.004765913,0.007137886,0.002671234,0.9631695,0.2688816,-0.008156462,-0.2688527,0.9631468,static,-1.588933,-26.5734,2.123312e-06,-10.75037,0.3760868587519335,8.618447535158168
792,05/17/2023 13:16:25.596820,1189,True,True,True,True,Eyes,1.322655,-0.2787702,-2.999513,-0.02478609,-0.4472084,0.8940862,0.0,0.0,0.0,0.0,0.0,0.0,0.0,-1.293947,1.068918,2.83458,1.31578,-0.2746249,-3.007496,0.135516,-0.004120107,-0.001815349,0.990765,15.57587,359.4851,359.7196,0.4021161,-0.08473474,-0.9116591,0,0,0,1.296512,-1.227534,-1.081735,3.352761e-08,-0.4008,2.111,0.9999595,-0.004713849,0.007672098,0.002480486,0.9632642,0.268544,-0.008656133,-0.2685141,0.9632368,static,-1.587962,-26.57352,9.09991e-07,-10.75037,0.3761760141281809,8.618446679737032
793,05/17/2023 13:16:25.616606,1190,True,True,True,True,Eyes,1.322555,-0.2787686,-2.999504,-0.0247735,-0.4472091,0.8940864,0.0,0.0,0.0,0.0,0.0,0.0,0.0,-1.292488,1.068932,2.83523,1.315792,-0.2746382,-3.00748,0.1354549,-0.004344872,-0.001709738,0.9907725,15.56879,359.4604,359.7285,0.4021065,-0.08473448,-0.9116633,0,0,0,1.295753,-1.22731,-1.08161,2.142042e-07,-0.4008,2.111,0.9999564,-0.004564992,0.008146374,0.002210855,0.9632981,0.2684248,-0.009072743,-0.2683951,0.9632662,static,-1.587155,-26.57356,5.813831e-06,-10.75037,0.3762473381010969,8.618448995589938
794,05/17/2023 13:16:25.636672,1191,True,True,True,True,Eyes,1.322433,-0.2787655,-2.999493,-0.02472745,-0.4472075,0.8940884,0.0,0.0,0.0,0.0,0.0,0.0,0.0,-1.291845,1.069301,2.835306,1.315841,-0.2747295,-3.007377,0.1354314,-0.004425512,-0.00154953,0.9907757,15.56614,359.4535,359.7461,0.4020955,-0.08473432,-0.9116681,0,0,0,1.295693,-1.227313,-1.081464,2.235174e-08,-0.4007999,2.111,0.999956,-0.004269178,0.00834967,0.001871766,0.9633119,0.2683779,-0.00918909,-0.2683505,0.9632775,static,-1.584203,-26.57343,6.066606e-07,-10.75037,0.3764954117548449,8.618471468834867
795,05/17/2023 13:16:25.656595,1192,True,True,True,True,Eyes,1.322317,-0.2787619,-2.999481,-0.02467592,-0.4472198,0.8940837,0.0,0.0,0.0,0.0,0.0,0.0,0.0,-1.291872,1.06975,2.835122,1.315894,-0.2747105,-3.007353,0.1355072,-0.00442651,-0.001533901,0.9907654,15.57491,359.4536,359.7479,0.4020826,-0.08473424,-0.9116738,0,0,0,1.295763,-1.227589,-1.081586,7.450581e-08,-0.4007999,2.111,0.9999561,-0.00423912,0.008355556,0.001839824,0.9632709,0.2685253,-0.009186975,-0.2684981,0.9632364,static,-1.580911,-26.57417,2.022202e-06,-10.75037,0.3768131448997578,8.618451686473577
796,05/17/2023 13:16:25.666294,1193,True,True,True,True,Eyes,1.322152,-0.2787613,-2.999468,-0.02458134,-0.4472596,0.8940663,0.0,0.0,0.0,0.0,0.0,0.0,0.0,-1.29265,1.070618,2.834395,1.315914,-0.2746903,-3.007304,0.1356968,-0.004311268,-0.001588137,0.9907398,15.59685,359.4662,359.7432,0.4020681,-0.0847342,-0.9116802,0,0,0,1.296179,-1.228306,-1.081898,8.568168e-08,-0.4007999,2.111,0.9999578,-0.004316912,0.00811168,0.00197681,0.9631677,0.2688942,-0.008973701,-0.2688668,0.9631355,static,-1.574885,-26.57666,2.325532e-06,-10.75037,0.3774474703932249,8.618357939497173
797,05/17/2023 13:16:25.686330,1194,True,True,True,True,Eyes,1.321946,-0.2787516,-2.999453,-0.02446291,-0.4473062,0.8940463,0.0,0.0,0.0,0.0,0.0,0.0,0.0,-1.2939,1.071715,2.833402,1.315872,-0.2747974,-3.007305,0.1359276,-0.004115704,-0.00168588,0.9907088,15.62354,359.4875,359.7347,0.4020511,-0.08473436,-0.9116877,0,0,0,1.2968,-1.229309,-1.082336,1.713634e-07,-0.4007999,2.111,0.9999604,-0.004459307,0.007696613,0.002221556,0.9630417,0.2693433,-0.008613243,-0.2693155,0.9630135,static,-1.567337,-26.57956,4.651065e-06,-10.75037,0.3782318456037421,8.618251607141826
798,05/17/2023 13:16:25.696355,1195,True,True,True,True,Eyes,1.321748,-0.2787455,-2.999439,-0.02434712,-0.4473528,0.8940261,0.0,0.0,0.0,0.0,0.0,0.0,0.0,-1.294356,1.071398,2.833282,1.315823,-0.274604,-3.007315,0.1358281,-0.003986984,-0.001499678,0.9907234,15.61215,359.5058,359.7588,0.4020307,-0.08473445,-0.9116967,0,0,0,1.297529,-1.228734,-1.08215,2.607703e-08,-0.4007999,2.111,0.9999637,-0.00405462,0.0074926,0.001888442,0.963097,0.2691481,-0.008307393,-0.2691242,0.9630697,static,-1.559958,-26.58247,7.077707e-07,-10.75037,0.3790021375087764,8.618143858608477
799,05/17/2023 13:16:25.716343,1196,True,True,True,True,Eyes,1.321559,-0.2787363,-2.999429,-0.0242569,-0.4473907,0.8940096,0.0,0.0,0.0,0.0,0.0,0.0,0.0,-1.293824,1.07213,2.83323,1.315807,-0.2746826,-3.007298,0.1358498,-0.004028179,-0.001297938,0.9907205,15.61476,359.5042,359.7819,0.4020074,-0.08473458,-0.9117069,0,0,0,1.297621,-1.228901,-1.082175,4.097819e-08,-0.4007999,2.111,0.9999642,-0.003666243,0.007628949,0.001477334,0.9630863,0.2691888,-0.008334247,-0.2691678,0.9630573,static,-1.554208,-26.58484,1.112211e-06,-10.75037,0.3796071334860218,8.618054707102177
800,05/17/2023 13:16:25.736095,1197,True,True,True,True,Eyes,1.321326,-0.2787283,-2.999413,-0.02417803,-0.4474324,0.8939909,0.0,0.0,0.0,0.0,0.0,0.0,0.0,-1.292909,1.071119,2.834146,1.315836,-0.2746014,-3.007401,0.1357613,-0.004234749,-0.001503072,0.9907314,15.60437,359.4766,359.7544,0.4019818,-0.08473464,-0.9117181,0,0,0,1.296529,-1.22847,-1.082116,2.123415e-07,-0.4007999,2.111,0.9999596,-0.004128112,0.007982881,0.001828451,0.9631332,0.2690187,-0.008799116,-0.2689932,0.9631019,static,-1.54919,-26.58745,5.763276e-06,-10.75037,0.3801602612953179,8.61794945498247
801,05/17/2023 13:16:25.756377,1198,True,True,True,True,Eyes,1.321102,-0.2787218,-2.9994,-0.02411238,-0.4474719,0.8939729,0.0,0.0,0.0,0.0,0.0,0.0,0.0,-1.293735,1.07007,2.834013,1.315762,-0.2746567,-3.007285,0.135742,-0.004165161,-0.001864799,0.9907338,15.60196,359.4789,359.7129,0.401953,-0.08473474,-0.9117308,0,0,0,1.296243,-1.228443,-1.081961,5.7742e-08,-0.4007998,2.111,0.9999583,-0.004825813,0.007746868,0.002564264,0.9631413,0.2689839,-0.008759394,-0.2689528,0.9631135,static,-1.545016,-26.58994,1.567207e-06,-10.75037,0.38063516593588176,8.617845741717309
802,05/17/2023 13:16:25.766586,1199,True,True,True,True,Eyes,1.320897,-0.2787156,-2.999386,-0.02408466,-0.4474898,0.8939646,0.0,0.0,0.0,0.0,0.0,0.0,0.0,-1.292463,1.070483,2.8345,1.315733,-0.2746893,-3.007354,0.1357326,-0.00434458,-0.001728932,0.9907346,15.6009,359.46,359.726,0.4019215,-0.08473489,-0.9117447,0,0,0,1.295669,-1.22844,-1.082018,-1.117587e-08,-0.4008,2.111,0.9999563,-0.004605227,0.008139306,0.002246422,0.9631473,0.268965,-0.009077995,-0.268935,0.9631155,static,-1.543255,-26.59107,-3.033303e-07,-10.75037,0.3808392168601087,8.617797958122939
803,05/17/2023 13:16:25.786333,1200,True,True,True,True,Eyes,1.320702,-0.2787067,-2.999371,-0.02404811,-0.4475022,0.8939594,0.0,0.0,0.0,0.0,0.0,0.0,0.0,-1.292226,1.071644,2.834138,1.315801,-0.2746775,-3.007296,0.1358446,-0.004347913,-0.0015171,0.9907196,15.61396,359.463,359.7509,0.4018881,-0.08473508,-0.9117594,0,0,0,1.296013,-1.228868,-1.082175,5.215406e-08,-0.4008,2.111,0.9999576,-0.004187321,0.008202943,0.00182476,0.9630879,0.2691809,-0.009027302,-0.2691545,0.9630547,static,-1.540924,-26.59184,1.415541e-06,-10.75037,0.38107561959871505,8.617771484087736
804,05/17/2023 13:16:25.806530,1201,True,True,True,True,Eyes,1.320502,-0.2786979,-2.999355,-0.02398719,-0.447516,0.8939542,0.0,0.0,0.0,0.0,0.0,0.0,0.0,-1.29313,1.071074,2.833925,1.315851,-0.274607,-3.007264,0.1357773,-0.004208599,-0.001540031,0.9907293,15.60621,359.479,359.7505,0.4018532,-0.08473523,-0.9117748,0,0,0,1.2966,-1.228537,-1.082009,-1.303852e-08,-0.4007999,2.111,0.9999598,-0.004194372,0.007920962,0.001908643,0.9631243,0.2690501,-0.008757367,-0.2690242,0.9630936,static,-1.53703,-26.59268,-3.538854e-07,-10.75037,0.3814498159063251,8.617749874035962
805,05/17/2023 13:16:25.816664,1202,True,True,True,True,Eyes,1.320311,-0.2786892,-2.999338,-0.02391889,-0.4475283,0.8939498,0.0,0.0,0.0,0.0,0.0,0.0,0.0,-1.293942,1.071123,2.833512,1.315827,-0.2746058,-3.007253,0.1358227,-0.004081379,-0.001601683,0.9907235,15.61146,359.493,359.7452,0.4018169,-0.08473534,-0.9117907,0,0,0,1.29701,-1.228712,-1.082081,3.911555e-08,-0.4008,2.111,0.9999616,-0.004282339,0.007651947,0.002064963,0.9630993,0.2691386,-0.008522126,-0.2691124,0.9630711,static,-1.532664,-26.59342,1.061656e-06,-10.75037,0.3818599993730618,8.617735871261132
806,05/17/2023 13:16:25.836516,1203,True,True,True,True,Eyes,1.320114,-0.2786787,-2.999322,-0.02384883,-0.4475374,0.8939471,0.0,0.0,0.0,0.0,0.0,0.0,0.0,-1.294941,1.070806,2.833133,1.315842,-0.2746,-3.007207,0.1358094,-0.003929537,-0.001666847,0.9907258,15.60993,359.5099,359.74,0.4017796,-0.08473541,-0.9118072,0,0,0,1.297554,-1.228655,-1.082004,8.195639e-08,-0.4007999,2.111,0.9999636,-0.004370112,0.007333439,0.00223544,0.9631061,0.2691129,-0.008238933,-0.2690867,0.9630808,static,-1.528181,-26.59395,2.224422e-06,-10.75037,0.38227050441089316,8.617733139378238
807,05/17/2023 13:16:25.846479,1204,True,True,True,True,Eyes,1.319925,-0.2786703,-2.999305,-0.02378427,-0.4475456,0.8939447,0.0,0.0,0.0,0.0,0.0,0.0,0.0,-1.29511,1.06999,2.833365,1.315838,-0.2745552,-3.007213,0.1357305,-0.003928652,-0.001791986,0.9907364,15.60074,359.508,359.7253,0.4017411,-0.08473539,-0.9118241,0,0,0,1.297382,-1.228301,-1.081859,5.401671e-08,-0.4008,2.111,0.9999627,-0.004617247,0.007298064,0.002484295,0.9631481,0.2689604,-0.008270972,-0.2689322,0.9631236,static,-1.52405,-26.59444,1.466096e-06,-10.75037,0.3826488520460414,8.617730540163702
808,05/17/2023 13:16:25.866559,1205,True,True,True,True,Eyes,1.319733,-0.2786657,-2.999291,-0.0237275,-0.4475696,0.8939342,0.0,0.0,0.0,0.0,0.0,0.0,0.0,-1.295168,1.069774,2.833389,1.315819,-0.2745956,-3.007189,0.1357254,-0.003935147,-0.001877368,0.9907369,15.6001,359.5058,359.7152,0.4017019,-0.08473536,-0.9118414,0,0,0,1.29722,-1.228319,-1.081826,1.881272e-07,-0.4007999,2.111,0.999962,-0.004788153,0.007287777,0.002651757,0.9631501,0.268951,-0.008307002,-0.2689215,0.9631262,static,-1.520432,-26.59593,5.10606e-06,-10.75037,0.3830294682239208,8.617674507584036
809,05/17/2023 13:16:25.888379,1206,True,True,True,True,Eyes,1.319549,-0.2786641,-2.999279,-0.02367659,-0.4475979,0.8939215,0.0,0.0,0.0,0.0,0.0,0.0,0.0,-1.294859,1.07,2.83347,1.315744,-0.2746908,-3.007237,0.1357363,-0.003970725,-0.001859692,0.9907353,15.60136,359.5019,359.7167,0.4016619,-0.08473543,-0.911859,0,0,0,1.297024,-1.228457,-1.081895,-9.313226e-09,-0.4007999,2.111,0.9999616,-0.004762868,0.00736302,0.002606983,0.9631444,0.2689722,-0.008372731,-0.2689426,0.9631197,static,-1.517193,-26.59771,-2.527752e-07,-10.75037,0.3833909239946549,8.617601740376722
810,05/17/2023 13:16:25.896901,1207,True,True,True,True,Eyes,1.319352,-0.2786587,-2.999266,-0.023624,-0.4476256,0.893909,0.0,0.0,0.0,0.0,0.0,0.0,0.0,-1.29437,1.070663,2.833484,1.315733,-0.274756,-3.007274,0.1358085,-0.004038404,-0.001800283,0.9907252,15.60972,359.4949,359.7225,0.4016213,-0.08473566,-0.9118769,0,0,0,1.296818,-1.228803,-1.082074,-1.862645e-09,-0.4007999,2.111,0.9999609,-0.00466407,0.007512909,0.002470274,0.9631057,0.2691123,-0.008490884,-0.2690831,0.9630795,static,-1.513846,-26.59945,-5.055506e-08,-10.75037,0.38375981933480907,8.61753158126586
811,05/17/2023 13:16:25.916862,1208,True,True,True,True,Eyes,1.319162,-0.2786501,-2.999254,-0.02357088,-0.4476507,0.8938977,0.0,0.0,0.0,0.0,0.0,0.0,0.0,-1.294102,1.070993,2.833397,1.315789,-0.2746582,-3.00718,0.1359021,-0.004103043,-0.001842098,0.9907121,15.62051,359.4865,359.7165,0.4015799,-0.08473594,-0.9118952,0,0,0,1.296554,-1.229068,-1.082162,9.313226e-09,-0.4008001,2.111,0.9999595,-0.004765202,0.007629178,0.002534754,0.9630545,0.2692948,-0.008630558,-0.2692646,0.9630275,static,-1.510463,-26.60103,2.527753e-07,-10.75037,0.3841243851244862,8.617469723520099
812,05/17/2023 13:16:25.936389,1209,True,True,True,True,Eyes,1.318964,-0.2786383,-2.999241,-0.02350276,-0.4476871,0.8938814,0.0,0.0,0.0,0.0,0.0,0.0,0.0,-1.294475,1.070643,2.833369,1.315775,-0.2745754,-3.007203,0.1358819,-0.004049858,-0.00189695,0.990715,15.61815,359.4919,359.7109,0.4015379,-0.08473616,-0.9119136,0,0,0,1.296682,-1.228906,-1.082144,9.685755e-08,-0.4007999,2.111,0.99996,-0.004859278,0.007508987,0.00265807,0.963065,0.2692558,-0.008540032,-0.269225,0.9630394,static,-1.506127,-26.60331,2.628863e-06,-10.75037,0.38460348495298113,8.617377523308317
813,05/17/2023 13:16:25.946647,1210,True,True,True,True,Eyes,1.318774,-0.2786307,-2.99923,-0.02342458,-0.4477189,0.8938675,0.0,0.0,0.0,0.0,0.0,0.0,0.0,-1.294393,1.069937,2.833714,1.315747,-0.2745147,-3.007259,0.1357271,-0.004038834,-0.001810252,0.9907365,15.60031,359.4947,359.7214,0.4014952,-0.08473623,-0.9119324,0,0,0,1.296818,-1.228246,-1.081902,4.842877e-08,-0.4007999,2.111,0.9999608,-0.004683323,0.007511438,0.002490607,0.9631497,0.2689542,-0.008494239,-0.268925,0.9631236,static,-1.501142,-26.6053,1.314431e-06,-10.75037,0.3851249868896389,8.617303510692846
814,05/17/2023 13:16:25.966381,1211,True,True,True,True,Eyes,1.318584,-0.2786228,-2.999219,-0.02332393,-0.4477638,0.8938476,0.0,0.0,0.0,0.0,0.0,0.0,0.0,-1.294709,1.070241,2.833483,1.315737,-0.2746108,-3.007282,0.1356796,-0.003937867,-0.001611874,0.9907437,15.59494,359.5098,359.7464,0.4014521,-0.08473629,-0.9119514,0,0,0,1.29749,-1.228162,-1.081829,7.636845e-08,-0.4007998,2.111,0.9999638,-0.004262486,0.007365435,0.002125332,0.9631769,0.2688602,-0.008240229,-0.2688348,0.963151,static,-1.494729,-26.60811,2.072757e-06,-10.75037,0.38580748237578977,8.617195631032967
815,05/17/2023 13:16:25.986665,1212,True,True,True,True,Eyes,1.318399,-0.278614,-2.999209,-0.02322608,-0.4478011,0.8938316,0.0,0.0,0.0,0.0,0.0,0.0,0.0,-1.294721,1.070153,2.833528,1.315744,-0.274602,-3.007295,0.1355734,-0.003888946,-0.001402488,0.9907587,15.58276,359.519,359.772,0.4014085,-0.08473633,-0.9119705,0,0,0,1.297982,-1.227745,-1.081636,3.72529e-08,-0.4007999,2.111,0.9999658,-0.003833529,0.007325734,0.00172458,0.9632359,0.2686518,-0.008086293,-0.2686301,0.9632095,static,-1.488487,-26.61043,1.011101e-06,-10.75037,0.38645250850837787,8.617111660794688
816,05/17/2023 13:16:25.996782,1213,True,True,True,True,Eyes,1.318236,-0.278605,-2.999201,-0.0231724,-0.4478299,0.8938185,0.0,0.0,0.0,0.0,0.0,0.0,0.0,-1.294721,1.06971,2.833676,1.315715,-0.2745731,-3.007292,0.1354925,-0.003879372,-0.001382918,0.9907699,15.57342,359.5205,359.7745,0.4013647,-0.08473632,-0.9119897,0,0,0,1.29802,-1.227402,-1.081476,4.284084e-08,-0.4007999,2.111,0.9999661,-0.003791559,0.007312378,0.001689056,0.9632797,0.2684945,-0.008061878,-0.268473,0.9632535,static,-1.485071,-26.61224,1.162766e-06,-10.75037,0.38683059333857406,8.617038325907313
817,05/17/2023 13:16:26.016461,1214,True,True,True,True,Eyes,1.31808,-0.2785965,-2.999191,-0.0231271,-0.4478539,0.8938076,0.0,0.0,0.0,0.0,0.0,0.0,0.0,-1.29384,1.069939,2.834032,1.315729,-0.2745512,-3.007325,0.1354971,-0.004016351,-0.001319002,0.9907688,15.57395,359.5054,359.7798,0.4013213,-0.08473621,-0.9120089,0,0,0,1.297563,-1.227398,-1.081523,6.146729e-08,-0.4007999,2.111,0.9999642,-0.003702061,0.007601109,0.001525244,0.9632776,0.2685032,-0.008315993,-0.268482,0.9632488,static,-1.482187,-26.61375,1.668317e-06,-10.75037,0.38714895507732994,8.616977329950934
818,05/17/2023 13:16:26.036450,1215,True,True,True,True,Eyes,1.317933,-0.2785921,-2.999185,-0.02309752,-0.4478715,0.8937995,0.0,0.0,0.0,0.0,0.0,0.0,0.0,-1.293477,1.069573,2.834291,1.315727,-0.2745553,-3.007284,0.1354468,-0.004085833,-0.001356217,0.9907753,15.56811,359.4966,359.7743,0.4012783,-0.08473606,-0.9120278,0,0,0,1.297227,-1.227206,-1.081388,3.539026e-08,-0.4007999,2.111,0.9999629,-0.003794239,0.007728896,0.001580586,0.9633046,0.2684058,-0.008463676,-0.2683837,0.963275,static,-1.480305,-26.61487,9.60546e-07,-10.75037,0.38736295744908067,8.616930704229025
819,05/17/2023 13:16:26.053344,1216,True,True,True,True,Eyes,1.317793,-0.2785861,-2.999179,-0.02307902,-0.4478948,0.8937883,0.0,0.0,0.0,0.0,0.0,0.0,0.0,-1.292371,1.070687,2.834488,1.315767,-0.2746484,-3.007365,0.1355702,-0.004259238,-0.001265281,0.9907578,15.58239,359.4776,359.7822,0.4012359,-0.08473594,-0.9120465,0,0,0,1.296684,-1.227779,-1.081712,1.303852e-08,-0.4007999,2.111,0.9999605,-0.003662027,0.008096678,0.001352323,0.9632383,0.2686453,-0.008782816,-0.2686237,0.9632052,static,-1.479139,-26.61635,3.538854e-07,-10.75037,0.38753204027182786,8.616861983268596
820,05/17/2023 13:16:26.066507,1217,True,True,True,True,Eyes,1.317664,-0.2785782,-2.999176,-0.02306524,-0.4479045,0.8937839,0.0,0.0,0.0,0.0,0.0,0.0,0.0,-1.291979,1.070921,2.834577,1.315794,-0.2746016,-3.007356,0.1356609,-0.004354306,-0.001369843,0.9907448,15.5928,359.4647,359.7682,0.4011943,-0.08473582,-0.9120649,0,0,0,1.296181,-1.228082,-1.081881,8.568168e-08,-0.4008001,2.111,0.9999583,-0.003895748,0.008256343,0.001532912,0.9631885,0.2688226,-0.008999681,-0.2687988,0.9631543,static,-1.478263,-26.61696,2.325532e-06,-10.75037,0.3876357676221174,8.616835786982655
821,05/17/2023 13:16:26.086316,1218,True,True,True,True,Eyes,1.317542,-0.2785705,-2.999172,-0.02305143,-0.4479088,0.893782,0.0,0.0,0.0,0.0,0.0,0.0,0.0,-1.29189,1.070614,2.834812,1.31583,-0.2745447,-3.007419,0.1356497,-0.004394866,-0.001455075,0.9907461,15.59144,359.4585,359.7576,0.4011536,-0.08473561,-0.9120828,0,0,0,1.295935,-1.227979,-1.081925,4.097819e-08,-0.4007999,2.111,0.9999571,-0.004075545,0.008313632,0.001690896,0.9631941,0.2688016,-0.009103153,-0.268776,0.9631597,static,-1.477381,-26.61722,1.112211e-06,-10.75037,0.38772376173351963,8.616827358438542
822,05/17/2023 13:16:26.096236,1219,True,True,True,True,Eyes,1.317417,-0.2785615,-2.999168,-0.02303811,-0.4478888,0.8937925,0.0,0.0,0.0,0.0,0.0,0.0,0.0,-1.292296,1.069961,2.834877,1.315875,-0.2745448,-3.007403,0.1355812,-0.004355041,-0.001548976,0.9907556,15.58348,359.4617,359.7472,0.4011139,-0.08473533,-0.9121003,0,0,0,1.296014,-1.227711,-1.081776,4.842877e-08,-0.4007999,2.111,0.9999573,-0.004250236,0.008209538,0.00188839,0.9632307,0.2686691,-0.009049586,-0.2686421,0.9631976,static,-1.476511,-26.61593,1.314431e-06,-10.75037,0.38773875982970285,8.616897408041282
823,05/17/2023 13:16:26.116965,1220,True,True,True,True,Eyes,1.317298,-0.2785543,-2.999164,-0.02302269,-0.4478666,0.8938039,0.0,0.0,0.0,0.0,0.0,0.0,0.0,-1.292887,1.069134,2.834891,1.315863,-0.2745137,-3.007385,0.1354662,-0.004261549,-0.00158818,0.9907716,15.57018,359.4721,359.7441,0.401075,-0.08473493,-0.9121174,0,0,0,1.296329,-1.227233,-1.081533,5.587935e-09,-0.4007998,2.111,0.9999586,-0.004301639,0.008014154,0.001992457,0.9632928,0.2684456,-0.008874732,-0.2684185,0.9632615,static,-1.475504,-26.6145,1.516652e-07,-10.75037,0.38775905104869035,8.616975289072538
824,05/17/2023 13:16:26.136530,1221,True,True,True,True,Eyes,1.317195,-0.2785493,-2.99916,-0.02300018,-0.44782,0.8938278,0.0,0.0,0.0,0.0,0.0,0.0,0.0,-1.293279,1.068801,2.834879,1.315892,-0.2745503,-3.007407,0.135425,-0.004210757,-0.001634868,0.9907774,15.5654,359.4774,359.7395,0.401037,-0.0847345,-0.9121342,0,0,0,1.296502,-1.227109,-1.081474,2.04891e-08,-0.4007998,2.111,0.9999592,-0.004380064,0.00790104,0.002099097,0.9633148,0.2683657,-0.008786649,-0.2683382,0.9632847,static,-1.474023,-26.6115,5.561056e-07,-10.75037,0.3877472527587966,8.617135277048733
825,05/17/2023 13:16:26.146859,1222,True,True,True,True,Eyes,1.317097,-0.2785456,-2.999153,-0.02297218,-0.4477795,0.8938489,0.0,0.0,0.0,0.0,0.0,0.0,0.0,-1.293391,1.06861,2.834888,1.315903,-0.274591,-3.007387,0.1354119,-0.004206731,-0.001692213,0.9907791,15.56386,359.477,359.7328,0.4010003,-0.08473407,-0.9121503,0,0,0,1.296451,-1.227097,-1.081429,7.636845e-08,-0.4007998,2.111,0.9999589,-0.004492501,0.007877589,0.002213936,0.9633215,0.2683407,-0.008794173,-0.2683122,0.9632919,static,-1.472194,-26.60888,2.072758e-06,-10.75037,0.38778305299347515,8.617277882104721
826,05/17/2023 13:16:26.166609,1223,True,True,True,True,Eyes,1.317012,-0.2785405,-2.999149,-0.02295336,-0.447747,0.8938657,0.0,0.0,0.0,0.0,0.0,0.0,0.0,-1.294138,1.068721,2.834427,1.315906,-0.2746181,-3.00731,0.13547,-0.004097644,-0.00176469,0.9907714,15.57058,359.4886,359.726,0.4009647,-0.08473369,-0.9121659,0,0,0,1.2968,-1.22735,-1.08146,9.685755e-08,-0.4007999,2.111,0.9999602,-0.004607025,0.007641533,0.002386593,0.9632895,0.2684541,-0.008597784,-0.2684252,0.9632621,static,-1.470961,-26.60678,2.628863e-06,-10.75037,0.38779169176799266,8.61739093005009
827,05/17/2023 13:16:26.186585,1224,True,True,True,True,Eyes,1.316931,-0.2785365,-2.999146,-0.02293987,-0.4477177,0.8938807,0.0,0.0,0.0,0.0,0.0,0.0,0.0,-1.293944,1.068761,2.834557,1.315906,-0.2745714,-3.007367,0.1355201,-0.004151405,-0.001855784,0.9907641,15.57631,359.4808,359.7144,0.4009307,-0.08473329,-0.912181,0,0,0,1.296456,-1.227496,-1.081616,5.7742e-08,-0.4007999,2.111,0.9999587,-0.004802486,0.007723134,0.00255209,0.9632617,0.2685524,-0.008729118,-0.2685216,0.9632341,static,-1.470073,-26.6049,1.567207e-06,-10.75037,0.38778084692385906,8.617490973424962
828,05/17/2023 13:16:26.196794,1225,True,True,True,True,Eyes,1.316841,-0.2785342,-2.999146,-0.02290351,-0.447692,0.8938945,0.0,0.0,0.0,0.0,0.0,0.0,0.0,-1.293639,1.068911,2.834649,1.315905,-0.2745934,-3.007375,0.1355459,-0.004206538,-0.001871621,0.9907604,15.57927,359.474,359.7116,0.400898,-0.08473291,-0.9121954,0,0,0,1.296209,-1.227617,-1.081675,6.146729e-08,-0.4007998,2.111,0.9999576,-0.004849014,0.007827961,0.002568298,0.9632475,0.2686028,-0.008842723,-0.2685713,0.9632192,static,-1.467721,-26.60323,1.668317e-06,-10.75037,0.3879057735801421,8.617588253846629
829,05/17/2023 13:16:26.216462,1226,True,True,True,True,Eyes,1.316754,-0.2785315,-2.999147,-0.02286897,-0.4476692,0.8939068,0.0,0.0,0.0,0.0,0.0,0.0,0.0,-1.293388,1.069336,2.834684,1.315842,-0.2746396,-3.007474,0.1355887,-0.004229428,-0.001832421,0.9907545,15.58423,359.4719,359.7158,0.4008663,-0.08473258,-0.9122094,0,0,0,1.296106,-1.22783,-1.081857,9.313226e-08,-0.4007999,2.111,0.9999575,-0.004777884,0.00788374,0.002484033,0.9632247,0.2686857,-0.008877561,-0.2686548,0.9631957,static,-1.465488,-26.60175,2.527753e-06,-10.75037,0.38802927794908926,8.617675266068124
830,05/17/2023 13:16:26.236529,1227,True,True,True,True,Eyes,1.316668,-0.2785258,-2.999146,-0.02281822,-0.447646,0.8939198,0.0,0.0,0.0,0.0,0.0,0.0,0.0,-1.293092,1.069675,2.834718,1.315826,-0.2746273,-3.007507,0.1356124,-0.004259663,-0.001756978,0.9907513,15.58701,359.4696,359.7242,0.4008355,-0.08473229,-0.9122229,0,0,0,1.29607,-1.227911,-1.081937,3.352761e-08,-0.4007999,2.111,0.9999576,-0.004636783,0.007963997,0.002326131,0.9632124,0.2687313,-0.00891707,-0.2687014,0.9631823,static,-1.462216,-26.60022,9.099909e-07,-10.75037,0.3882398984380322,8.617770403164524
831,05/17/2023 13:16:26.256793,1228,True,True,True,True,Eyes,1.316585,-0.2785209,-2.999146,-0.02276474,-0.4476199,0.8939341,0.0,0.0,0.0,0.0,0.0,0.0,0.0,-1.293131,1.06995,2.834561,1.315856,-0.2745532,-3.007468,0.1356405,-0.004240111,-0.001678023,0.9907477,15.5903,359.4731,359.7338,0.4008056,-0.08473194,-0.9122361,0,0,0,1.296287,-1.227948,-1.081951,9.49949e-08,-0.4007999,2.111,0.9999585,-0.004475256,0.007946546,0.002174733,0.9631977,0.2687852,-0.008856978,-0.2687567,0.9631674,static,-1.458767,-26.59851,2.578308e-06,-10.75037,0.388457398153758,8.617875613853045
832,05/17/2023 13:16:26.266536,1229,True,True,True,True,Eyes,1.316499,-0.2785148,-2.999145,-0.02270089,-0.4475742,0.8939586,0.0,0.0,0.0,0.0,0.0,0.0,0.0,-1.293266,1.069819,2.834557,1.315842,-0.2745674,-3.00748,0.1355871,-0.004199568,-0.001611731,0.9907553,15.58417,359.479,359.7423,0.4007766,-0.08473157,-0.9122488,0,0,0,1.296529,-1.227757,-1.081858,2.607703e-08,-0.4007999,2.111,0.9999595,-0.004332476,0.007884428,0.002054848,0.9632272,0.2686807,-0.008758548,-0.2686536,0.9631971,static,-1.454638,-26.59555,7.077707e-07,-10.75037,0.3886753978055675,8.618047824775886
833,05/17/2023 13:16:26.286345,1230,True,True,True,True,Eyes,1.316415,-0.2785099,-2.999141,-0.02263493,-0.4475267,0.8939841,0.0,0.0,0.0,0.0,0.0,0.0,0.0,-1.293367,1.069654,2.834541,1.315798,-0.2745416,-3.007471,0.1355254,-0.004154581,-0.00152243,0.990764,15.57709,359.4858,359.7536,0.4007483,-0.08473115,-0.9122613,0,0,0,1.296791,-1.227493,-1.081728,3.166497e-08,-0.4008,2.111,0.9999608,-0.004142839,0.007819762,0.001890635,0.9632611,0.2685599,-0.008645074,-0.2685346,0.9632312,static,-1.450371,-26.59245,8.594359e-07,-10.75037,0.38889877666055517,8.61822787250861
834,05/17/2023 13:16:26.296490,1231,True,True,True,True,Eyes,1.316353,-0.2785036,-2.999138,-0.02259808,-0.447485,0.8940059,0.0,0.0,0.0,0.0,0.0,0.0,0.0,-1.293847,1.069208,2.834372,1.315764,-0.2745636,-3.007373,0.1354733,-0.004077589,-0.001566985,0.9907714,15.57106,359.4942,359.7496,0.4007207,-0.08473071,-0.9122735,0,0,0,1.297009,-1.227313,-1.081528,8.381903e-08,-0.4008,2.111,0.9999618,-0.004209856,0.007655348,0.002000238,0.963289,0.2684589,-0.008504486,-0.2684334,0.9632607,static,-1.447976,-26.58976,2.274977e-06,-10.75037,0.388980048442769,8.618377070508153
835,05/17/2023 13:16:26.316117,1232,True,True,True,True,Eyes,1.316295,-0.2785023,-2.999136,-0.02256575,-0.4474409,0.8940288,0.0,0.0,0.0,0.0,0.0,0.0,0.0,-1.292927,1.070365,2.834371,1.315702,-0.2745119,-3.00742,0.1355767,-0.004172781,-0.001346785,0.9907573,15.58311,359.4865,359.774,0.4006944,-0.0847302,-0.9122851,0,0,0,1.296861,-1.227666,-1.081776,6.519258e-08,-0.4007998,2.111,0.9999616,-0.003800137,0.007903242,0.001537211,0.9632344,0.2686583,-0.008633612,-0.2686358,0.9632031,static,-1.445868,-26.58691,1.769427e-06,-10.75037,0.38902918671365927,8.618532831691768
836,05/17/2023 13:16:26.336684,1233,True,True,True,True,Eyes,1.316271,-0.2784908,-2.999139,-0.02259301,-0.4473736,0.8940617,0.0,0.0,0.0,0.0,0.0,0.0,0.0,-1.291908,1.0708,2.834693,1.315739,-0.2746291,-3.007413,0.1355154,-0.004295569,-0.001103272,0.9907653,15.57613,359.4759,359.8007,0.4006692,-0.08472977,-0.9122962,0,0,0,1.29673,-1.227549,-1.081656,9.872019e-08,-0.4007999,2.111,0.9999607,-0.0033504,0.008212782,0.001021936,0.9632687,0.2685374,-0.008810823,-0.2685185,0.9632342,static,-1.447561,-26.58262,2.679418e-06,-10.75037,0.3886842774869359,8.618741107028942
837,05/17/2023 13:16:26.356164,1234,True,True,True,True,Eyes,1.31625,-0.2784843,-2.99914,-0.0226304,-0.447299,0.8940981,0.0,0.0,0.0,0.0,0.0,0.0,0.0,-1.291708,1.068876,2.835634,1.315838,-0.2743582,-3.007511,0.1352625,-0.004369468,-0.001208444,0.9907995,15.54681,359.4656,359.7873,0.4006459,-0.08472905,-0.9123065,0,0,0,1.296384,-1.226293,-1.08127,8.195639e-08,-0.4007999,2.111,0.9999589,-0.003576701,0.00833162,0.0012126,0.9634052,0.2680466,-0.008985449,-0.2680255,0.9633699,static,-1.449897,-26.57786,2.224422e-06,-10.75037,0.38826219752555025,8.618969738328746
838,05/17/2023 13:16:26.372721,1235,True,True,True,True,Eyes,1.316268,-0.2784833,-2.99914,-0.02271591,-0.447232,0.8941295,0.0,0.0,0.0,0.0,0.0,0.0,0.0,-1.291769,1.067556,2.836091,1.3159,-0.2744743,-3.007463,0.1351287,-0.00442912,-0.001469732,0.9908172,15.53117,359.4544,359.7556,0.4006245,-0.08472823,-0.912316,0,0,0,1.295846,-1.225882,-1.080968,6.146729e-08,-0.4007998,2.111,0.9999564,-0.004109474,0.00837969,0.001715469,0.9634762,0.2677887,-0.009174103,-0.2677627,0.9634413,static,-1.455322,-26.57363,1.668317e-06,-10.75037,0.3875988220090245,8.61915489004669
839,05/17/2023 13:16:26.386541,1236,True,True,True,True,Eyes,1.316283,-0.2784838,-2.999141,-0.02278516,-0.4471968,0.8941453,0.0,0.0,0.0,0.0,0.0,0.0,0.0,-1.292927,1.067505,2.835588,1.315969,-0.274579,-3.007428,0.1353285,-0.004356573,-0.001956311,0.9907892,15.55404,359.4551,359.6993,0.4006056,-0.08472744,-0.9123243,0,0,0,1.295546,-1.226754,-1.081316,5.960464e-08,-0.4007999,2.111,0.9999543,-0.00505572,0.008103401,0.002697446,0.9633647,0.2681812,-0.00916238,-0.2681471,0.9633344,static,-1.459731,-26.57142,1.617762e-06,-10.75037,0.38711668825744394,8.61924315032807
840,05/17/2023 13:16:26.406485,1237,True,True,True,True,Eyes,1.316328,-0.2784903,-2.999143,-0.02284061,-0.447202,0.8941413,0.0,0.0,0.0,0.0,0.0,0.0,0.0,-1.294782,1.069063,2.834126,1.315901,-0.2746063,-3.007428,0.135737,-0.004094463,-0.002229196,0.990734,15.60121,359.4814,359.6711,0.4005889,-0.08472673,-0.9123316,0,0,0,1.296172,-1.228366,-1.082093,6.891787e-08,-0.4008,2.111,0.9999565,-0.005528621,0.007507878,0.00330554,0.963141,0.2689767,-0.008718216,-0.2689402,0.9631174,static,-1.463288,-26.57178,1.870537e-06,-10.75037,0.3868272143655149,8.61920576663039
841,05/17/2023 13:16:26.416751,1238,True,True,True,True,Eyes,1.316373,-0.2784925,-2.999149,-0.02288151,-0.4472106,0.894136,0.0,0.0,0.0,0.0,0.0,0.0,0.0,-1.29551,1.07166,2.832838,1.315913,-0.27473,-3.007435,0.1360601,-0.003912741,-0.001959457,0.9906909,15.63879,359.507,359.7057,0.4005751,-0.08472623,-0.9123378,0,0,0,1.297292,-1.229753,-1.082716,5.7742e-08,-0.4008,2.111,0.9999617,-0.004947169,0.007219427,0.002817697,0.9629676,0.2696024,-0.008285843,-0.2695717,0.9629447,static,-1.465915,-26.57236,1.567207e-06,-10.75037,0.38662800933196007,8.619162239603122
842,05/17/2023 13:16:26.436769,1239,True,True,True,True,Eyes,1.31643,-0.2784919,-2.999153,-0.0228891,-0.4471938,0.8941442,0.0,0.0,0.0,0.0,0.0,0.0,0.0,-1.295885,1.072284,2.832524,1.31594,-0.2746288,-3.007522,0.1361063,-0.003811806,-0.00177712,0.9906854,15.64424,359.5218,359.7288,0.4005637,-0.08472579,-0.9123428,0,0,0,1.29798,-1.229836,-1.082887,4.656613e-08,-0.4008001,2.111,0.9999647,-0.004558755,0.007068845,0.002483513,0.9629439,0.2696905,-0.008036354,-0.2696634,0.9629211,static,-1.466388,-26.57129,1.263876e-06,-10.75037,0.38653761559610267,8.619213914032674
843,05/17/2023 13:16:26.972953,1271,True,True,True,True,Eyes,1.317491,-0.2777856,-2.999255,0.1252421,-0.3685309,0.9211403,0.0,0.0,0.0,0.0,0.0,0.0,0.0,-1.29603,1.066772,2.834649,1.316003,-0.2745987,-3.0076,0.1352926,-0.003873588,-0.002117601,0.9907959,15.54994,359.5094,359.6881,0.4006748,-0.08460364,-0.9123055,0,0,0,1.643654,-1.054201,-0.9868553,0.3460799,-0.20824,2.153,0.999961,-0.005244356,0.007102877,0.003148085,0.9633829,0.2681111,-0.00824886,-0.2680782,0.9633619,static,7.742695,-21.80542,9.131785,-5.524511,0.9579901872641803,8.910270973163346
844,05/17/2023 13:16:26.986531,1272,True,True,True,True,Eyes,1.317538,-0.2777891,-2.999259,0.1252764,-0.3685331,0.9211347,0.0,0.0,0.0,0.0,0.0,0.0,0.0,-1.295766,1.066763,2.834765,1.316015,-0.2746367,-3.007585,0.1353224,-0.003941104,-0.002208651,0.9907914,15.55332,359.5,359.6763,0.4006815,-0.08459271,-0.9123035,0,0,0,1.643291,-1.054427,-0.9868512,0.3460799,-0.20824,2.153,0.9999592,-0.005443264,0.007211863,0.003309986,0.9633659,0.2681699,-0.008407382,-0.2681351,0.9633446,static,7.744835,-21.80566,9.131786,-5.524513,0.9581855419307539,8.910270327831425
845,05/17/2023 13:16:26.996178,1273,True,True,True,True,Eyes,1.317609,-0.2777922,-2.999261,0.1253383,-0.3685375,0.9211246,0.0,0.0,0.0,0.0,0.0,0.0,0.0,-1.295453,1.066945,2.834956,1.316029,-0.2746354,-3.007689,0.135344,-0.00399529,-0.002204269,0.9907882,15.55581,359.4937,359.6759,0.4006888,-0.08458292,-0.9123012,0,0,0,1.64308,-1.054515,-0.9869538,0.3460799,-0.20824,2.153,0.9999583,-0.005449404,0.007320303,0.003286449,0.9633542,0.2682122,-0.008513642,-0.2681769,0.9633321,static,7.748702,-21.80611,9.131785,-5.524511,0.9585393072361437,8.910268334845405
846,05/17/2023 13:16:27.016749,1274,True,True,True,True,Eyes,1.317678,-0.2777951,-2.999262,0.1253998,-0.3685369,0.9211165,0.0,0.0,0.0,0.0,0.0,0.0,0.0,-1.295971,1.066462,2.834854,1.316084,-0.2746089,-3.007623,0.1353143,-0.003938939,-0.002300417,0.9907923,15.55235,359.4987,359.6655,0.4006971,-0.08457412,-0.9122984,0,0,0,1.643277,-1.054427,-0.9868867,0.3460801,-0.2082401,2.153,0.9999584,-0.005624461,0.007182782,0.003492481,0.9633694,0.2681549,-0.008427899,-0.2681187,0.963349,static,7.752528,-21.80625,9.13179,-5.524515,0.9588751506360473,8.91028182976805
847,05/17/2023 13:16:27.036508,1275,True,True,True,True,Eyes,1.317773,-0.2778007,-2.999263,0.125516,-0.3684419,0.9211386,0.0,0.0,0.0,0.0,0.0,0.0,0.0,-1.296299,1.065915,2.834891,1.316115,-0.2746112,-3.007591,0.1352443,-0.003899561,-0.002349329,0.9908019,15.54423,359.5027,359.6604,0.4007063,-0.08456621,-0.9122951,0,0,0,1.643426,-1.054173,-0.9867749,0.3460799,-0.20824,2.153,0.9999586,-0.005710226,0.007091918,0.003600652,0.9634069,0.2680189,-0.008362852,-0.2679822,0.9633875,static,7.759437,-21.80068,9.131786,-5.524511,0.9592112772360872,8.910601256698149
848,05/17/2023 13:16:27.046712,1276,True,True,True,True,Eyes,1.317864,-0.2778077,-2.999262,0.1256276,-0.3683544,0.9211584,0.0,0.0,0.0,0.0,0.0,0.0,0.0,-1.296606,1.065606,2.834853,1.316118,-0.2746643,-3.007572,0.1351801,-0.003845087,-0.00233689,0.9908109,15.53683,359.5093,359.6628,0.400717,-0.08455916,-0.912291,0,0,0,1.643671,-1.053952,-0.9866896,0.3460799,-0.2082399,2.153,0.9999595,-0.005670391,0.006987707,0.003591275,0.9634417,0.2678938,-0.008251311,-0.2678578,0.9634231,static,7.76609,-21.79557,9.131787,-5.524508,0.9595467240366933,8.910895996545351
849,05/17/2023 13:16:27.071187,1277,True,True,True,True,Eyes,1.317961,-0.2778113,-2.999262,0.1257726,-0.3681737,0.9212109,0.0,0.0,0.0,0.0,0.0,0.0,0.0,-1.296673,1.06589,2.834702,1.31614,-0.2747022,-3.007546,0.1352294,-0.003840076,-0.002346719,0.9908042,15.54253,359.5097,359.6617,0.400729,-0.08455294,-0.9122863,0,0,0,1.643704,-1.054197,-0.9867451,0.3460799,-0.2082399,2.153,0.9999595,-0.005688861,0.006974836,0.003611696,0.963415,0.2679897,-0.008244218,-0.2679536,0.9633965,static,7.774501,-21.78475,9.131787,-5.524508,0.9597683975417022,8.911489538090827
850,05/17/2023 13:16:27.086627,1278,True,True,True,True,Eyes,1.318053,-0.2778143,-2.99926,0.1259128,-0.3680028,0.92126,0.0,0.0,0.0,0.0,0.0,0.0,0.0,-1.296963,1.065682,2.83463,1.316142,-0.2746231,-3.007536,0.1352598,-0.003817137,-0.002460327,0.9907998,15.54601,359.5106,359.6487,0.4007422,-0.08454735,-0.912281,0,0,0,1.643689,-1.054316,-0.9868093,0.34608,-0.20824,2.153,0.9999588,-0.005907994,0.006898469,0.003842773,0.9633974,0.2680496,-0.008229604,-0.268012,0.9633804,static,7.782652,-21.77453,9.131788,-5.524512,0.9599955468142336,8.912051276846489
851,05/17/2023 13:16:27.096464,1279,True,True,True,True,Eyes,1.318199,-0.2778201,-2.999262,0.1260785,-0.3677537,0.9213368,0.0,0.0,0.0,0.0,0.0,0.0,0.0,-1.297201,1.065673,2.834481,1.316139,-0.2746131,-3.007497,0.1352882,-0.003788762,-0.002514802,0.9907959,15.54927,359.513,359.6427,0.4007564,-0.08454231,-0.9122753,0,0,0,1.643751,-1.054455,-0.9868378,0.34608,-0.20824,2.153,0.9999586,-0.006008461,0.006827332,0.003958161,0.9633815,0.2681051,-0.008188225,-0.268067,0.9633656,static,7.792128,-21.75953,9.131788,-5.524512,0.9601148278196048,8.912862361535254
852,05/17/2023 13:16:27.116526,1280,True,True,True,True,Eyes,1.318339,-0.2778261,-2.999263,0.1262363,-0.3675165,0.9214098,0.0,0.0,0.0,0.0,0.0,0.0,0.0,-1.29687,1.065569,2.834695,1.316118,-0.2746389,-3.007526,0.1352907,-0.003856763,-0.002582811,0.9907951,15.5495,359.5039,359.6335,0.400773,-0.0845378,-0.9122684,0,0,0,1.643376,-1.054542,-0.9868335,0.3460799,-0.2082399,2.153,0.9999569,-0.006161642,0.006943664,0.004074505,0.9633795,0.2681107,-0.008341385,-0.2680708,0.9633631,static,7.801152,-21.74524,9.131785,-5.52451,0.9602281642158763,8.913635036212334
853,05/17/2023 13:16:27.136349,1281,True,True,True,True,Eyes,1.318484,-0.2778314,-2.999262,0.1264529,-0.3672328,0.9214932,0.0,0.0,0.0,0.0,0.0,0.0,0.0,-1.296884,1.065612,2.834684,1.316127,-0.2746503,-3.007531,0.1353118,-0.003864175,-0.002618324,0.990792,15.55192,359.5024,359.6292,0.4007915,-0.08453379,-0.9122607,0,0,0,1.643318,-1.054664,-0.9868705,0.3460799,-0.20824,2.153,0.9999564,-0.006234167,0.006948607,0.004142693,0.9633678,0.2681519,-0.008365767,-0.2681115,0.9633516,static,7.813673,-21.72823,9.131787,-5.524511,0.9605162401334222,8.91456435933539
854,05/17/2023 13:16:27.156201,1282,True,True,True,True,Eyes,1.318622,-0.2778377,-2.999263,0.1266697,-0.3669585,0.9215727,0.0,0.0,0.0,0.0,0.0,0.0,0.0,-1.297621,1.0655,2.83431,1.316105,-0.2746357,-3.007468,0.135321,-0.003743489,-0.002652813,0.9907913,15.55302,359.5161,359.6271,0.4008118,-0.08453017,-0.9122521,0,0,0,1.64377,-1.0547,-0.986904,0.34608,-0.20824,2.153,0.9999579,-0.006269913,0.006700069,0.004243622,0.9633624,0.2681696,-0.008135994,-0.2681299,0.9633484,static,7.826236,-21.71181,9.131788,-5.524513,0.9608353238137333,8.91546401156824
855,05/17/2023 13:16:27.166440,1283,True,True,True,True,Eyes,1.318753,-0.2778425,-2.99926,0.1269144,-0.3666557,0.9216596,0.0,0.0,0.0,0.0,0.0,0.0,0.0,-1.297847,1.065908,2.834093,1.316085,-0.2746683,-3.007511,0.1353196,-0.003666591,-0.002497963,0.9907922,15.55295,359.5277,359.6466,0.4008336,-0.08452698,-0.9122428,0,0,0,1.644229,-1.054617,-0.9869798,0.3460799,-0.20824,2.153,0.9999606,-0.005942247,0.006589613,0.0039576,0.9633647,0.2681655,-0.007941705,-0.2681288,0.9633504,static,7.840439,-21.69371,9.131784,-5.524511,0.9612175806461949,8.916457619417823
856,05/17/2023 13:16:27.186480,1284,True,True,True,True,Eyes,1.318877,-0.2778465,-2.99926,0.1271526,-0.3663576,0.9217453,0.0,0.0,0.0,0.0,0.0,0.0,0.0,-1.298586,1.065877,2.833635,1.316065,-0.2746462,-3.0074,0.1352968,-0.003520056,-0.002419114,0.990796,15.55041,359.5462,359.6583,0.4008566,-0.08452412,-0.912233,0,0,0,1.644905,-1.054438,-0.9869207,0.3460799,-0.20824,2.153,0.9999635,-0.005746202,0.006320717,0.003841192,0.9633778,0.2681201,-0.007629911,-0.2680861,0.9633648,static,7.854248,-21.67588,9.131784,-5.524512,0.9615784573104056,8.91743542537377
857,05/17/2023 13:16:27.196707,1285,True,True,True,True,Eyes,1.31901,-0.2778518,-2.999261,0.1273932,-0.3660652,0.9218283,0.0,0.0,0.0,0.0,0.0,0.0,0.0,-1.298359,1.065836,2.833843,1.316004,-0.2746332,-3.00751,0.1352194,-0.003513984,-0.002270109,0.9908069,15.54152,359.5494,359.676,0.4008804,-0.08452153,-0.9122228,0,0,0,1.645019,-1.05401,-0.9868997,0.3460799,-0.2082399,2.153,0.999965,-0.005448798,0.006349434,0.003548162,0.9634211,0.2679687,-0.007577286,-0.2679368,0.9634067,static,7.868226,-21.65841,9.131786,-5.524511,0.9619705955567244,8.918395898599591
858,05/17/2023 13:16:27.216654,1286,True,True,True,True,Eyes,1.319137,-0.2778573,-2.999262,0.1276169,-0.3657865,0.9219079,0.0,0.0,0.0,0.0,0.0,0.0,0.0,-1.298342,1.066434,2.833582,1.315958,-0.2746651,-3.007487,0.135299,-0.003498194,-0.002222112,0.9907962,15.55075,359.552,359.6818,0.4009052,-0.08451923,-0.9122121,0,0,0,1.645087,-1.054332,-0.9870075,0.34608,-0.20824,2.153,0.9999657,-0.005349924,0.006330695,0.003456716,0.9633785,0.2681229,-0.007533292,-0.2680919,0.9633639,static,7.881192,-21.64175,9.131789,-5.524511,0.9623132269618939,8.919309880976625
859,05/17/2023 13:16:27.236537,1287,True,True,True,True,Eyes,1.319281,-0.2778616,-2.99926,0.1278752,-0.3655151,0.9219797,0.0,0.0,0.0,0.0,0.0,0.0,0.0,-1.297417,1.06703,2.833755,1.315911,-0.274676,-3.007482,0.1353421,-0.00362113,-0.002107918,0.9907902,15.55575,359.5393,359.6933,0.4009308,-0.08451719,-0.9122011,0,0,0,1.644635,-1.054453,-0.9869788,0.34608,-0.20824,2.153,0.9999649,-0.005157192,0.006604979,0.003196827,0.9633561,0.2682065,-0.00774614,-0.268176,0.9633389,static,7.896336,-21.62565,9.131789,-5.524513,0.9628693409757472,8.920207207241729
860,05/17/2023 13:16:27.256687,1288,True,True,True,True,Eyes,1.319422,-0.2778603,-2.999262,0.1281091,-0.3652293,0.9220605,0.0,0.0,0.0,0.0,0.0,0.0,0.0,-1.296747,1.0668,2.834068,1.315906,-0.2746459,-3.007411,0.1352447,-0.003703168,-0.001975019,0.9908034,15.54453,359.5318,359.7077,0.4009575,-0.08451533,-0.9121895,0,0,0,1.644418,-1.053944,-0.9866879,0.34608,-0.2082398,2.153,0.9999648,-0.004915379,0.006804001,0.002912044,0.9634099,0.2680165,-0.007872445,-0.2679873,0.9633903,static,7.909917,-21.60858,9.131789,-5.524507,0.9632458764233989,8.921145274975611
861,05/17/2023 13:16:27.273213,1289,True,True,True,True,Eyes,1.319608,-0.2778643,-2.999264,0.1283405,-0.3649423,0.9221419,0.0,0.0,0.0,0.0,0.0,0.0,0.0,-1.29498,1.065777,2.835399,1.315986,-0.2745168,-3.007518,0.1349406,-0.003951582,-0.001697276,0.9908444,15.50943,359.5071,359.7366,0.4009851,-0.08451348,-0.9121776,0,0,0,1.643729,-1.052411,-0.9861293,0.3460799,-0.20824,2.153,0.999963,-0.004429931,0.007372743,0.002297015,0.9635763,0.2674237,-0.008288868,-0.2673969,0.9635509,static,7.923331,-21.59143,9.131787,-5.524511,0.9636043222265966,8.922086497839441
862,05/17/2023 13:16:27.286581,1290,True,True,True,True,Eyes,1.319786,-0.2778668,-2.999267,0.1285573,-0.3646917,0.9222109,0.0,0.0,0.0,0.0,0.0,0.0,0.0,-1.294837,1.064614,2.835922,1.31613,-0.2746215,-3.007465,0.1348474,-0.004066991,-0.001990582,0.9908561,15.49847,359.4889,359.7002,0.4010147,-0.08451173,-0.9121648,0,0,0,1.643095,-1.05234,-0.9858829,0.3460799,-0.2082401,2.153,0.999959,-0.005041607,0.007522755,0.002847913,0.9636244,0.267245,-0.008596455,-0.2672126,0.9635993,static,7.93596,-21.5765,9.131787,-5.524515,0.96399826459585,8.922911002882651
863,05/17/2023 13:16:27.306754,1291,True,True,True,True,Eyes,1.319959,-0.2778722,-2.99927,0.1287998,-0.3645157,0.9222466,0.0,0.0,0.0,0.0,0.0,0.0,0.0,-1.296751,1.063577,2.835427,1.316138,-0.2745706,-3.007457,0.1350629,-0.00393525,-0.002827992,0.9908252,15.52299,359.4908,359.6035,0.4010458,-0.08451005,-0.9121513,0,0,0,1.642821,-1.053714,-0.9863783,0.3460799,-0.20824,2.153,0.999953,-0.006667103,0.007034376,0.004541079,0.9635001,0.2676696,-0.008562203,-0.2676251,0.9634851,static,7.950435,-21.56628,9.131787,-5.524514,0.9647697861544287,8.923506773393234
864,05/17/2023 13:16:27.316888,1292,True,True,True,True,Eyes,1.320123,-0.2778793,-2.999274,0.1290558,-0.3643575,0.9222733,0.0,0.0,0.0,0.0,0.0,0.0,0.0,-1.298912,1.064402,2.834114,1.316052,-0.2746361,-3.007475,0.1353814,-0.003639575,-0.003196076,0.9907818,15.55978,359.5196,359.5647,0.4010782,-0.08450851,-0.9121372,0,0,0,1.643611,-1.0553,-0.9871253,0.34608,-0.2082399,2.153,0.9999531,-0.007318689,0.00634667,0.005347766,0.9633233,0.2682902,-0.008077428,-0.2682437,0.9633173,static,7.965803,-21.55722,9.13179,-5.524511,0.9656720337057227,8.92404856910252
865,05/17/2023 13:16:27.336872,1293,True,True,True,True,Eyes,1.320261,-0.277882,-2.999276,0.1293536,-0.3641766,0.9223031,0.0,0.0,0.0,0.0,0.0,0.0,0.0,-1.299736,1.066371,2.833006,1.316014,-0.2746897,-3.007498,0.1355802,-0.003418988,-0.002864536,0.9907564,15.58301,359.5508,359.6072,0.4011115,-0.08450716,-0.9121227,0,0,0,1.644833,-1.055925,-0.9875733,0.3460799,-0.2082399,2.153,0.9999602,-0.006603209,0.00599802,0.004749021,0.9632197,0.2686734,-0.007551517,-0.2686342,0.9632127,static,7.983692,-21.54687,9.131786,-5.524508,0.9667313980509014,8.924669299048855
866,05/17/2023 13:16:27.356303,1294,True,True,True,True,Eyes,1.32039,-0.27788,-2.999284,0.1296477,-0.3639999,0.9223316,0.0,0.0,0.0,0.0,0.0,0.0,0.0,-1.30099,1.06675,2.832276,1.316024,-0.2746105,-3.007489,0.135576,-0.003157472,-0.002641473,0.9907585,15.58272,359.5852,359.6377,0.4011449,-0.08450588,-0.9121081,0,0,0,1.646168,-1.055659,-0.987708,0.34608,-0.2082399,2.153,0.9999661,-0.006090278,0.005540343,0.00437797,0.9632244,0.2686627,-0.006972824,-0.2686294,0.9632184,static,8.001366,-21.53676,9.131789,-5.52451,0.96778339778156,8.925276710547704
867,05/17/2023 13:16:27.366593,1295,True,True,True,True,Eyes,1.320506,-0.2778788,-2.999294,0.1299118,-0.363775,0.9223831,0.0,0.0,0.0,0.0,0.0,0.0,0.0,-1.30175,1.06615,2.832228,1.315949,-0.2744948,-3.007603,0.1355266,-0.003032377,-0.002715179,0.9907655,15.57702,359.5988,359.6311,0.4011782,-0.08450451,-0.9120935,0,0,0,1.646547,-1.055381,-0.9878339,0.34608,-0.2082401,2.153,0.9999669,-0.006202145,0.00527279,0.004558275,0.9632503,0.2685665,-0.006744704,-0.2685336,0.9632467,static,8.017015,-21.52358,9.131789,-5.524515,0.9685185514863712,8.926028790046313
868,05/17/2023 13:16:27.386772,1296,True,True,True,True,Eyes,1.320615,-0.2778773,-2.999308,0.1301486,-0.363552,0.9224377,0.0,0.0,0.0,0.0,0.0,0.0,0.0,-1.301014,1.065336,2.832948,1.315861,-0.274524,-3.00771,0.1353396,-0.003127132,-0.002653101,0.9907908,15.5554,359.5887,359.637,0.4012111,-0.08450311,-0.9120792,0,0,0,1.646123,-1.054615,-0.987579,0.3460799,-0.20824,2.153,0.9999664,-0.006103787,0.005478527,0.004410887,0.9633523,0.2682031,-0.006914807,-0.2681699,0.9633468,static,8.030968,-21.51044,9.131785,-5.524511,0.9691095699876313,8.92676971584018
869,05/17/2023 13:16:27.406380,1297,True,True,True,True,Eyes,1.320727,-0.2778774,-2.999316,0.1303709,-0.3633375,0.9224908,0.0,0.0,0.0,0.0,0.0,0.0,0.0,-1.299265,1.065411,2.833802,1.315812,-0.274517,-3.007807,0.1352638,-0.003380164,-0.002500797,0.9908008,15.54659,359.5614,359.6509,0.4012432,-0.08450165,-0.9120652,0,0,0,1.64516,-1.054217,-0.9873756,0.3460799,-0.20824,2.153,0.9999647,-0.00587001,0.006021603,0.004041155,0.9633949,0.2680558,-0.007374672,-0.2680219,0.9633846,static,8.044051,-21.49778,9.131786,-5.524513,0.9696479838952303,8.92748163693829
870,05/17/2023 13:16:27.416468,1298,True,True,True,True,Eyes,1.320835,-0.2778761,-2.999324,0.1305716,-0.3631234,0.9225467,0.0,0.0,0.0,0.0,0.0,0.0,0.0,-1.29816,1.065172,2.834253,1.315807,-0.2745509,-3.007669,0.1351723,-0.00354639,-0.002413474,0.9908129,15.53601,359.5433,359.6586,0.4012749,-0.0845002,-0.9120514,0,0,0,1.644542,-1.053833,-0.9869773,0.34608,-0.20824,2.153,0.9999632,-0.005741351,0.006375147,0.003823856,0.9634452,0.2678781,-0.007680087,-0.2678439,0.9634317,static,8.055786,-21.48508,9.131787,-5.524511,0.9700685043475052,8.928188330864801
871,05/17/2023 13:16:27.436283,1299,True,True,True,True,Eyes,1.320961,-0.2778769,-2.99933,0.1307329,-0.362909,0.9226082,0.0,0.0,0.0,0.0,0.0,0.0,0.0,-1.296695,1.065231,2.83492,1.315845,-0.2745226,-3.007673,0.1350876,-0.003757433,-0.002223549,0.9908241,15.52623,359.5215,359.6776,0.4013061,-0.08449873,-0.9120377,0,0,0,1.643881,-1.05335,-0.9866916,0.3460799,-0.2082399,2.153,0.9999619,-0.005421456,0.006845161,0.003391126,0.9634928,0.2677129,-0.008046657,-0.2676795,0.9634744,static,8.065079,-21.47225,9.131785,-5.52451,0.9702727809154297,8.928888470951161
872,05/17/2023 13:16:27.456191,1300,True,True,True,True,Eyes,1.321083,-0.277876,-2.999337,0.13088,-0.3627034,0.9226683,0.0,0.0,0.0,0.0,0.0,0.0,0.0,-1.29567,1.065515,2.835264,1.315882,-0.2745537,-3.007637,0.1350907,-0.00392102,-0.002151459,0.9908231,15.52656,359.5034,359.6835,0.4013374,-0.08449729,-0.9120241,0,0,0,1.643301,-1.053359,-0.9865465,0.3460799,-0.2082399,2.153,0.99996,-0.005322816,0.007188791,0.003204044,0.9634918,0.2677188,-0.00835136,-0.2676851,0.9634703,static,8.073515,-21.45992,9.131786,-5.52451,0.9704265004900496,8.929558662845023
873,05/17/2023 13:16:27.466528,1301,True,True,True,True,Eyes,1.321246,-0.2778756,-2.99934,0.131014,-0.3625247,0.9227194,0.0,0.0,0.0,0.0,0.0,0.0,0.0,-1.295275,1.06534,2.83554,1.315944,-0.2745133,-3.007642,0.135084,-0.004009885,-0.002202475,0.9908236,15.52574,359.4921,359.676,0.4013685,-0.08449582,-0.9120105,0,0,0,1.642937,-1.053333,-0.9864885,0.3460799,-0.20824,2.153,0.9999582,-0.005447871,0.007351139,0.003281185,0.9634949,0.2677065,-0.008541215,-0.2676712,0.9634724,static,8.08123,-21.44923,9.131786,-5.524512,0.970594297665365,8.930141871505958
874,05/17/2023 13:16:27.486576,1302,True,True,True,True,Eyes,1.321399,-0.2778795,-2.999346,0.1311433,-0.3623675,0.9227628,0.0,0.0,0.0,0.0,0.0,0.0,0.0,-1.296227,1.065117,2.835093,1.315989,-0.2744858,-3.007535,0.1351456,-0.003898589,-0.002387126,0.9908153,15.5328,359.5022,359.656,0.4014007,-0.08449432,-0.9119965,0,0,0,1.643266,-1.05367,-0.986568,0.3460799,-0.20824,2.153,0.9999582,-0.005784154,0.007080344,0.003676646,0.9634599,0.2678272,-0.008370782,-0.26779,0.963441,static,8.088724,-21.43986,9.131786,-5.524513,0.9708043557405526,8.930657002888571
875,05/17/2023 13:16:27.496450,1303,True,True,True,True,Eyes,1.321545,-0.2778818,-2.99935,0.1312808,-0.3622111,0.9228047,0.0,0.0,0.0,0.0,0.0,0.0,0.0,-1.296726,1.065699,2.834694,1.315939,-0.2745881,-3.007593,0.1353125,-0.003847243,-0.002567578,0.9907922,15.55203,359.5053,359.6355,0.4014334,-0.08449291,-0.9119822,0,0,0,1.643251,-1.054569,-0.9869389,0.34608,-0.2082399,2.153,0.9999572,-0.006129033,0.006928787,0.004046713,0.9633679,0.2681529,-0.008318488,-0.2681134,0.9633515,static,8.096726,-21.43056,9.131789,-5.524508,0.9710613925900287,8.93117132091409
876,05/17/2023 13:16:27.516936,1304,True,True,True,True,Eyes,1.321684,-0.2778827,-2.999353,0.1314121,-0.3620595,0.9228455,0.0,0.0,0.0,0.0,0.0,0.0,0.0,-1.297011,1.065653,2.834508,1.315865,-0.2745465,-3.00756,0.1353045,-0.003779954,-0.00253943,0.9907937,15.55114,359.5136,359.6399,0.4014666,-0.08449154,-0.9119677,0,0,0,1.643489,-1.054471,-0.9869352,0.34608,-0.2082399,2.153,0.9999585,-0.006054992,0.006803115,0.004009214,0.9633725,0.2681369,-0.0081775,-0.2680985,0.9633569,static,8.104363,-21.42154,9.131788,-5.52451,0.9713000098798501,8.931669486378325
877,05/17/2023 13:16:27.536329,1305,True,True,True,True,Eyes,1.321815,-0.2778877,-2.999357,0.1315312,-0.361899,0.9228914,0.0,0.0,0.0,0.0,0.0,0.0,0.0,-1.296364,1.066242,2.834557,1.315853,-0.27452,-3.007544,0.1353135,-0.00383947,-0.002328455,0.9907928,15.55227,359.51,359.6638,0.4015,-0.08449019,-0.9119532,0,0,0,1.643437,-1.054345,-0.9868742,0.34608,-0.2082401,2.153,0.9999597,-0.005653097,0.006978096,0.003574968,0.9633697,0.2681531,-0.008238381,-0.2681173,0.9633511,static,8.111216,-21.41194,9.131788,-5.524515,0.9714442120470426,8.932192823032377
878,05/17/2023 13:16:27.556222,1306,True,True,True,True,Eyes,1.321941,-0.2778856,-2.999358,0.1316308,-0.3617452,0.9229376,0.0,0.0,0.0,0.0,0.0,0.0,0.0,-1.295399,1.066277,2.835022,1.315867,-0.274626,-3.007562,0.1351998,-0.003958249,-0.002122265,0.9908083,15.53918,359.4994,359.6862,0.4015333,-0.084489,-0.9119386,0,0,0,1.643157,-1.05386,-0.9866164,0.34608,-0.2082402,2.153,0.9999596,-0.005275823,0.007269873,0.003135206,0.9634331,0.2679309,-0.008417591,-0.2678972,0.9634107,static,8.116875,-21.40269,9.131788,-5.524516,0.9715018839686469,8.932691998882484
879,05/17/2023 13:16:27.573239,1307,True,True,True,True,Eyes,1.322049,-0.2778907,-2.999361,0.131717,-0.361596,0.9229838,0.0,0.0,0.0,0.0,0.0,0.0,0.0,-1.295476,1.06463,2.835564,1.31587,-0.2744485,-3.007537,0.1351365,-0.004045606,-0.002562782,0.9908155,15.5316,359.4821,359.633,0.4015665,-0.08448771,-0.9119241,0,0,0,1.642353,-1.053725,-0.9864772,0.3460799,-0.2082401,2.153,0.9999542,-0.006171906,0.007324247,0.003985071,0.9634631,0.2678113,-0.008709549,-0.2677699,0.9634435,static,8.121718,-21.39368,9.131787,-5.524515,0.9715004569708743,8.933174622084486
880,05/17/2023 13:16:27.587240,1308,True,True,True,True,Eyes,1.322154,-0.277894,-2.999362,0.1317984,-0.3614581,0.9230261,0.0,0.0,0.0,0.0,0.0,0.0,0.0,-1.294584,1.064768,2.835925,1.315777,-0.2746283,-3.007567,0.1351106,-0.004175899,-0.002540904,0.9908185,15.52858,359.4671,359.6335,0.401599,-0.0844866,-0.9119099,0,0,0,1.641732,-1.053795,-0.9863803,0.3460799,-0.2082399,2.153,0.9999522,-0.006163567,0.007588509,0.003906733,0.9634773,0.2677614,-0.008961721,-0.267719,0.9634553,static,8.126302,-21.38537,9.131788,-5.524511,0.9715092345984648,8.933620380605577
881,05/17/2023 13:16:27.606292,1309,True,True,True,True,Eyes,1.322242,-0.2778955,-2.999359,0.1318759,-0.361325,0.9230672,0.0,0.0,0.0,0.0,0.0,0.0,0.0,-1.293936,1.065876,2.835776,1.315812,-0.2745933,-3.007528,0.1352126,-0.004243853,-0.002330369,0.9908049,15.54046,359.4624,359.6571,0.401631,-0.08448558,-0.9118959,0,0,0,1.64169,-1.054041,-0.9864366,0.34608,-0.20824,2.153,0.9999531,-0.005765527,0.00777947,0.003470238,0.9634243,0.2679583,-0.009039851,-0.2679187,0.9633991,static,8.130662,-21.37734,9.131787,-5.524511,0.971511729999154,8.934050745337904
882,05/17/2023 13:16:27.618072,1310,True,True,True,True,Eyes,1.322329,-0.2778963,-2.999356,0.131958,-0.3612071,0.9231016,0.0,0.0,0.0,0.0,0.0,0.0,0.0,-1.294336,1.065968,2.835506,1.315854,-0.2745598,-3.007463,0.1352216,-0.004173095,-0.002285239,0.990804,15.54155,359.4715,359.6636,0.4016621,-0.08448463,-0.9118823,0,0,0,1.642075,-1.054009,-0.986428,0.34608,-0.20824,2.153,0.9999548,-0.005657033,0.00765141,0.003399863,0.9634198,0.2679753,-0.008887465,-0.2679371,0.9633954,static,8.135353,-21.37027,9.131789,-5.524511,0.9715872886673604,8.934434245486505
883,05/17/2023 13:16:27.636319,1311,True,True,True,True,Eyes,1.32242,-0.2778963,-2.999354,0.1320622,-0.361092,0.9231318,0.0,0.0,0.0,0.0,0.0,0.0,0.0,-1.295085,1.066546,2.834953,1.315903,-0.2745397,-3.007449,0.1353514,-0.004064091,-0.002324208,0.9907866,15.55658,359.4836,359.6606,0.4016923,-0.08448371,-0.911869,0,0,0,1.642545,-1.054535,-0.9866923,0.3460799,-0.20824,2.153,0.9999562,-0.005705748,0.007424125,0.003505426,0.9633492,0.2682276,-0.008682464,-0.2681898,0.963327,static,8.141428,-21.36344,9.131786,-5.524513,0.9717931252392926,8.934813031990926
884,05/17/2023 13:16:27.646281,1312,True,True,True,True,Eyes,1.322505,-0.2778988,-2.99935,0.1321697,-0.3609829,0.923159,0.0,0.0,0.0,0.0,0.0,0.0,0.0,-1.295831,1.065927,2.834847,1.315898,-0.2745126,-3.007456,0.1352991,-0.003959259,-0.002423742,0.990794,15.55052,359.4944,359.6506,0.4017218,-0.0844828,-0.9118561,0,0,0,1.642882,-1.054352,-0.9866943,0.3460799,-0.2082399,2.153,0.9999569,-0.005874226,0.007189759,0.00373149,0.9633766,0.2681262,-0.008501478,-0.2680879,0.963357,static,8.14773,-21.35699,9.131785,-5.524508,0.9720361446105263,8.935173784429924
885,05/17/2023 13:16:27.671440,1313,True,True,True,True,Eyes,1.32264,-0.2779018,-2.999349,0.1322613,-0.3608774,0.9231871,0.0,0.0,0.0,0.0,0.0,0.0,0.0,-1.296281,1.066168,2.834495,1.31586,-0.2745751,-3.007414,0.1353234,-0.003869318,-0.002390483,0.9907911,15.55338,359.5055,359.656,0.4017506,-0.08448198,-0.9118435,0,0,0,1.643257,-1.054485,-0.9867465,0.34608,-0.20824,2.153,0.9999586,-0.005784157,0.007020395,0.003689719,0.9633637,0.268173,-0.008314349,-0.2681361,0.9633452,static,8.153056,-21.35072,9.131789,-5.524514,0.9722035065360415,8.93552016356583
886,05/17/2023 13:16:27.686621,1314,True,True,True,True,Eyes,1.322771,-0.2779037,-2.999349,0.1323448,-0.3607751,0.9232151,0.0,0.0,0.0,0.0,0.0,0.0,0.0,-1.2968,1.065518,2.834491,1.31585,-0.2745471,-3.007411,0.1352426,-0.003790967,-0.002441476,0.9908023,15.54403,359.514,359.6513,0.40178,-0.08448119,-0.9118307,0,0,0,1.643527,-1.054155,-0.986672,0.34608,-0.20824,2.153,0.9999593,-0.00586344,0.006851815,0.003812639,0.9634069,0.2680159,-0.008172581,-0.2679789,0.9633901,static,8.157888,-21.34462,9.13179,-5.524511,0.9723362374784252,8.935855269944025
887,05/17/2023 13:16:27.706230,1315,True,True,True,True,Eyes,1.32291,-0.2779068,-2.999349,0.1324404,-0.3606815,0.923238,0.0,0.0,0.0,0.0,0.0,0.0,0.0,-1.296889,1.064933,2.834725,1.315882,-0.274522,-3.007452,0.1352073,-0.003814259,-0.002587409,0.9908067,15.53987,359.5089,359.6337,0.4018097,-0.0844804,-0.9118177,0,0,0,1.643314,-1.054084,-0.9866559,0.34608,-0.20824,2.153,0.9999576,-0.006158675,0.006858714,0.004095813,0.9634246,0.2679482,-0.00825806,-0.2679088,0.9634089,static,8.163504,-21.3391,9.131789,-5.524513,0.972563383543438,8.9361652051324
888,05/17/2023 13:16:27.716149,1316,True,True,True,True,Eyes,1.323043,-0.2779098,-2.999352,0.1325271,-0.3605941,0.9232597,0.0,0.0,0.0,0.0,0.0,0.0,0.0,-1.29718,1.065069,2.834507,1.315844,-0.2745373,-3.007435,0.1352828,-0.003784757,-0.002701152,0.9907962,15.54856,359.5105,359.6208,0.40184,-0.08447964,-0.9118044,0,0,0,1.643287,-1.054481,-0.986788,0.34608,-0.2082401,2.153,0.9999567,-0.006376606,0.006769006,0.004328556,0.9633825,0.2680958,-0.008230683,-0.268055,0.9633685,static,8.168586,-21.33394,9.131789,-5.524515,0.9727612766875402,8.936454024490763
889,05/17/2023 13:16:27.736566,1317,True,True,True,True,Eyes,1.323176,-0.2779138,-2.999353,0.1326221,-0.3604968,0.9232841,0.0,0.0,0.0,0.0,0.0,0.0,0.0,-1.296673,1.065452,2.834676,1.315851,-0.274538,-3.007508,0.1353204,-0.003861441,-0.002655098,0.9907908,15.5529,359.5022,359.6249,0.4018707,-0.0844789,-0.911791,0,0,0,1.643017,-1.05461,-0.9868653,0.3460799,-0.2082399,2.153,0.9999561,-0.006306357,0.006933182,0.00421623,0.9633627,0.2681689,-0.008370338,-0.2681279,0.963347,static,8.174152,-21.32819,9.131786,-5.524508,0.9729734403456736,8.936775345337542
890,05/17/2023 13:16:27.756127,1318,True,True,True,True,Eyes,1.323305,-0.2779151,-2.999358,0.1327134,-0.3603997,0.9233088,0.0,0.0,0.0,0.0,0.0,0.0,0.0,-1.296918,1.066002,2.834325,1.315855,-0.2745605,-3.007474,0.1353819,-0.003802539,-0.002574443,0.9907829,15.56007,359.5104,359.6353,0.4019016,-0.08447821,-0.9117774,0,0,0,1.643349,-1.054825,-0.9869591,0.34608,-0.2082402,2.153,0.9999578,-0.006131018,0.006837916,0.004071838,0.9633302,0.2682876,-0.008232047,-0.2682485,0.9633146,static,8.179488,-21.32244,9.13179,-5.524518,0.973165805517755,8.937095428470275
891,05/17/2023 13:16:27.771861,1319,True,True,True,True,Eyes,1.323416,-0.277918,-2.999363,0.1328246,-0.3603206,0.9233238,0.0,0.0,0.0,0.0,0.0,0.0,0.0,-1.297164,1.065394,2.834536,1.315874,-0.2744953,-3.007561,0.1353197,-0.003781773,-0.002654164,0.9907913,15.55285,359.5116,359.6263,0.4019327,-0.08447749,-0.9117637,0,0,0,1.643376,-1.054558,-0.9869698,0.34608,-0.20824,2.153,0.9999573,-0.006282942,0.006775574,0.004235948,0.9633631,0.2681673,-0.008212216,-0.2681271,0.9633486,static,8.186117,-21.31786,9.131789,-5.524513,0.9735237931099534,8.937363182620633
892,05/17/2023 13:16:27.786389,1320,True,True,True,True,Eyes,1.323521,-0.2779205,-2.999367,0.132942,-0.3602413,0.9233378,0.0,0.0,0.0,0.0,0.0,0.0,0.0,-1.297664,1.064978,2.834467,1.315852,-0.2745501,-3.007569,0.1352242,-0.003683338,-0.002611516,0.9908048,15.54186,359.5239,359.633,0.4019634,-0.08447681,-0.9117503,0,0,0,1.643812,-1.054187,-0.9868876,0.3460799,-0.20824,2.153,0.9999592,-0.006171158,0.006592657,0.004178852,0.9634152,0.2679808,-0.008005218,-0.2679423,0.9634017,static,8.193129,-21.3133,9.131787,-5.524511,0.9739156780409401,8.937631984379454
893,05/17/2023 13:16:27.801275,1321,True,True,True,True,Eyes,1.323597,-0.2779199,-2.999368,0.1330652,-0.3601821,0.9233431,0.0,0.0,0.0,0.0,0.0,0.0,0.0,-1.298139,1.065076,2.8342,1.315827,-0.2745475,-3.007568,0.1351979,-0.003573024,-0.002498753,0.9908091,15.53891,359.5388,359.6481,0.4019937,-0.08447614,-0.911737,0,0,0,1.644365,-1.053993,-0.9869071,0.3460799,-0.20824,2.153,0.999962,-0.005917705,0.006404717,0.003985444,0.9634306,0.2679284,-0.007756021,-0.2678927,0.9634175,static,8.200572,-21.31,9.131786,-5.524513,0.9744031626092562,8.937839257873687
894,05/17/2023 13:16:27.816748,1322,True,True,True,True,Eyes,1.32367,-0.2779211,-2.999371,0.1331806,-0.360118,0.9233515,0.0,0.0,0.0,0.0,0.0,0.0,0.0,-1.298044,1.064567,2.83437,1.315798,-0.2744927,-3.007524,0.1351002,-0.00357402,-0.002455391,0.9908226,15.52763,359.5394,359.6532,0.4020229,-0.08447545,-0.9117242,0,0,0,1.644375,-1.053512,-0.9867049,0.3460799,-0.20824,2.153,0.9999624,-0.005831416,0.006418991,0.003900012,0.9634838,0.2677383,-0.007745887,-0.2677031,0.9634703,static,8.207516,-21.30637,9.131785,-5.524511,0.974832371905239,8.938060568065717
895,05/17/2023 13:16:27.836475,1323,True,True,True,True,Eyes,1.323757,-0.2779201,-2.999373,0.1332131,-0.3600293,0.9233814,0.0,0.0,0.0,0.0,0.0,0.0,0.0,-1.297349,1.064679,2.834694,1.315798,-0.2745394,-3.007565,0.1350269,-0.00365226,-0.002283212,0.9908326,15.51921,359.533,359.6723,0.402051,-0.08447477,-0.9117118,0,0,0,1.644219,-1.053151,-0.9865633,0.34608,-0.20824,2.153,0.9999629,-0.005510869,0.006620966,0.003538256,0.9635251,0.2675948,-0.007854147,-0.2675615,0.9635088,static,8.209228,-21.30097,9.131789,-5.524513,0.9747290315225774,8.938343413676531
896,05/17/2023 13:16:27.856178,1324,True,True,True,True,Eyes,1.323842,-0.2779221,-2.999374,0.1332301,-0.3599479,0.9234106,0.0,0.0,0.0,0.0,0.0,0.0,0.0,-1.296771,1.064546,2.834967,1.315794,-0.2744787,-3.007534,0.1350133,-0.003751564,-0.002292545,0.9908341,15.5176,359.5211,359.6696,0.4020785,-0.08447405,-0.9116998,0,0,0,1.643787,-1.053049,-0.9864466,0.3460801,-0.2082401,2.153,0.9999613,-0.005556085,0.006815307,0.003530041,0.9635323,0.2675687,-0.008053402,-0.2675343,0.9635147,static,8.210003,-21.29597,9.131792,-5.524515,0.974563604939215,8.93860094785808
897,05/17/2023 13:16:27.873671,1325,True,True,True,True,Eyes,1.323933,-0.2779244,-2.999376,0.1332002,-0.3598963,0.9234351,0.0,0.0,0.0,0.0,0.0,0.0,0.0,-1.295804,1.064847,2.835301,1.31584,-0.2745487,-3.007512,0.1350558,-0.003929313,-0.002319017,0.9908276,15.52244,359.4997,359.6636,0.4021054,-0.08447336,-0.911688,0,0,0,1.643056,-1.053324,-0.9863774,0.34608,-0.2082399,2.153,0.9999584,-0.005656844,0.00716015,0.003534138,0.9635091,0.2676522,-0.008412937,-0.2676157,0.963489,static,8.207971,-21.29268,9.131788,-5.52451,0.9742359422403228,8.938756726187707
898,05/17/2023 13:16:27.887248,1326,True,True,True,True,Eyes,1.324022,-0.2779273,-2.99938,0.1331654,-0.3598529,0.923457,0.0,0.0,0.0,0.0,0.0,0.0,0.0,-1.294955,1.065476,2.835495,1.315839,-0.2745515,-3.007552,0.1351395,-0.004065386,-0.002285359,0.9908157,15.53209,359.4842,359.6653,0.4021319,-0.08447272,-0.9116763,0,0,0,1.642515,-1.053657,-0.9864578,0.3460801,-0.20824,2.153,0.9999565,-0.005627528,0.007438411,0.003429951,0.9634642,0.2678153,-0.008673781,-0.2677781,0.9634416,static,8.205665,-21.28988,9.13179,-5.524511,0.9739074431285022,8.938886200388122
899,05/17/2023 13:16:27.896240,1327,True,True,True,True,Eyes,1.324104,-0.2779295,-2.999382,0.1331161,-0.3598039,0.9234832,0.0,0.0,0.0,0.0,0.0,0.0,0.0,-1.2946,1.065958,2.835546,1.315908,-0.2745668,-3.007586,0.1352206,-0.004140247,-0.0022977,0.9908043,15.54144,359.4751,359.6626,0.402158,-0.08447212,-0.9116649,0,0,0,1.642256,-1.054017,-0.9865719,0.34608,-0.20824,2.153,0.9999551,-0.005672834,0.007582956,0.003433447,0.9634202,0.2679733,-0.008825742,-0.2679353,0.9633964,static,8.202442,-21.28669,9.131788,-5.524512,0.9734819014814784,8.939030502239067
900,05/17/2023 13:16:27.916352,1328,True,True,True,True,Eyes,1.324189,-0.2779286,-2.999381,0.1330726,-0.3597554,0.9235083,0.0,0.0,0.0,0.0,0.0,0.0,0.0,-1.294764,1.065423,2.835676,1.315962,-0.2745592,-3.007567,0.1351566,-0.004135117,-0.002357639,0.9908129,15.53401,359.4748,359.6557,0.4021835,-0.08447156,-0.9116537,0,0,0,1.642272,-1.053788,-0.986461,0.34608,-0.20824,2.153,0.9999546,-0.005789736,0.007556954,0.003554182,0.9634543,0.2678494,-0.008831556,-0.2678103,0.9634312,static,8.199577,-21.28355,9.131789,-5.524514,0.9730894979971292,8.939174196982599
901,05/17/2023 13:16:27.936752,1329,True,True,True,True,Eyes,1.324269,-0.2779317,-2.999381,0.1330307,-0.3597009,0.9235356,0.0,0.0,0.0,0.0,0.0,0.0,0.0,-1.29581,1.064436,2.835546,1.316118,-0.2744814,-3.007484,0.1351064,-0.004033994,-0.002575986,0.9908196,15.52812,359.4832,359.6316,0.4022086,-0.08447095,-0.9116427,0,0,0,1.642637,-1.053643,-0.9863855,0.34608,-0.20824,2.153,0.9999542,-0.006194711,0.007297857,0.004014638,0.9634793,0.2677529,-0.008689986,-0.2677113,0.96346,static,8.196793,-21.28004,9.131789,-5.524511,0.9726868887464593,8.939337076524858
902,05/17/2023 13:16:27.946514,1330,True,True,True,True,Eyes,1.324345,-0.2779327,-2.99938,0.1330045,-0.3596519,0.9235585,0.0,0.0,0.0,0.0,0.0,0.0,0.0,-1.296817,1.064089,2.835249,1.316148,-0.2745853,-3.007492,0.1350632,-0.003881512,-0.002632834,0.9908259,15.52316,359.5003,359.6274,0.4022333,-0.08447041,-0.9116318,0,0,0,1.643253,-1.053596,-0.9864309,0.34608,-0.20824,2.153,0.999956,-0.00626586,0.006980608,0.004168861,0.9635019,0.2676688,-0.008403004,-0.2676279,0.9634857,static,8.194998,-21.27692,9.131789,-5.524511,0.9723875198179308,8.939485515874896
903,05/17/2023 13:16:27.971507,1331,True,True,True,True,Eyes,1.324425,-0.277938,-2.99938,0.1329889,-0.3596014,0.9235803,0.0,0.0,0.0,0.0,0.0,0.0,0.0,-1.298245,1.063773,2.834699,1.316137,-0.274534,-3.007488,0.1350915,-0.003668268,-0.002767317,0.9908225,15.52645,359.5233,359.615,0.4022574,-0.08446987,-0.9116212,0,0,0,1.644006,-1.053733,-0.9866229,0.3460799,-0.2082399,2.153,0.9999578,-0.006474944,0.006521523,0.004492735,0.9634852,0.2677238,-0.008016886,-0.2676832,0.9634736,static,8.193858,-21.27374,9.131785,-5.524508,0.9721417478679824,8.939640520382765
904,05/17/2023 13:16:27.986656,1332,True,True,True,True,Eyes,1.324501,-0.2779427,-2.999378,0.1329817,-0.3595541,0.9235999,0.0,0.0,0.0,0.0,0.0,0.0,0.0,-1.299296,1.063554,2.834309,1.316131,-0.2746383,-3.00749,0.1350653,-0.003498805,-0.002808742,0.9908266,15.52347,359.5426,359.6128,0.4022812,-0.08446946,-0.9116108,0,0,0,1.644673,-1.053744,-0.9866981,0.3460799,-0.2082399,2.153,0.9999598,-0.006511087,0.006174691,0.004620817,0.963499,0.2676723,-0.007692146,-0.267633,0.9634902,static,8.193249,-21.27078,9.131785,-5.524508,0.9719518987071272,8.939787234396245
905,05/17/2023 13:16:28.006073,1333,True,True,True,True,Eyes,1.324551,-0.2779449,-2.999377,0.1329749,-0.3595028,0.9236208,0.0,0.0,0.0,0.0,0.0,0.0,0.0,-1.299919,1.063532,2.833984,1.316115,-0.274628,-3.007453,0.1350794,-0.003394545,-0.002825703,0.9908249,15.52513,359.5546,359.6125,0.4023046,-0.08446916,-0.9116005,0,0,0,1.64508,-1.053795,-0.9867536,0.34608,-0.2082399,2.153,0.999961,-0.006516621,0.005963411,0.004682488,0.9634911,0.2676994,-0.007490188,-0.2676609,0.963484,static,8.192654,-21.26758,9.131788,-5.52451,0.971752112005591,8.939946185202762
906,05/17/2023 13:16:28.016605,1334,True,True,True,True,Eyes,1.324598,-0.2779472,-2.999375,0.1329635,-0.3594583,0.9236398,0.0,0.0,0.0,0.0,0.0,0.0,0.0,-1.299656,1.06335,2.834184,1.316083,-0.2745923,-3.007482,0.1350605,-0.003438947,-0.002850099,0.9908273,15.5229,359.549,359.6089,0.4023269,-0.08446892,-0.9115908,0,0,0,1.644836,-1.053701,-0.9867258,0.3460799,-0.20824,2.153,0.9999601,-0.006576843,0.006044933,0.00471898,0.9635011,0.2676628,-0.007584676,-0.2676235,0.9634937,static,8.191795,-21.26479,9.131787,-5.524511,0.9715486354728946,8.940082939511694
907,05/17/2023 13:16:28.036383,1335,True,True,True,True,Eyes,1.324644,-0.2779482,-2.999376,0.1329447,-0.3594027,0.9236641,0.0,0.0,0.0,0.0,0.0,0.0,0.0,-1.299283,1.063729,2.834205,1.316081,-0.274594,-3.007474,0.1351231,-0.003502351,-0.002851073,0.9908186,15.53012,359.5414,359.6077,0.4023481,-0.08446871,-0.9115813,0,0,0,1.644566,-1.053964,-0.9867751,0.34608,-0.2082399,2.153,0.9999592,-0.006596289,0.006169898,0.004703295,0.9634672,0.2677849,-0.007710881,-0.2677449,0.963459,static,8.190441,-21.26128,9.131789,-5.524508,0.9712691211572415,8.940253514406505
908,05/17/2023 13:16:28.046626,1336,True,True,True,True,Eyes,1.324687,-0.2779514,-2.999377,0.132916,-0.359354,0.9236872,0.0,0.0,0.0,0.0,0.0,0.0,0.0,-1.298079,1.063849,2.834749,1.316056,-0.2745681,-3.007523,0.1351222,-0.003696176,-0.002825867,0.990818,15.52996,359.519,359.6076,0.4023684,-0.08446852,-0.9115724,0,0,0,1.643749,-1.053933,-0.9866933,0.3460799,-0.20824,2.153,0.9999567,-0.00659871,0.006560801,0.004600968,0.963468,0.267784,-0.00808815,-0.2677421,0.9634567,static,8.188496,-21.25817,9.131787,-5.524513,0.970957304450339,8.940400639824484
909,05/17/2023 13:16:28.066305,1337,True,True,True,True,Eyes,1.324728,-0.2779542,-2.999378,0.1328988,-0.3592992,0.923711,0.0,0.0,0.0,0.0,0.0,0.0,0.0,-1.297059,1.064549,2.834988,1.316046,-0.2746228,-3.007556,0.1351919,-0.00385138,-0.002755113,0.9908081,15.538,359.5018,359.6134,0.4023878,-0.08446839,-0.9115639,0,0,0,1.643155,-1.054237,-0.9867278,0.3460799,-0.20824,2.153,0.9999552,-0.006500927,0.006887019,0.004418224,0.9634311,0.2679198,-0.008376896,-0.2678773,0.9634166,static,8.187241,-21.25472,9.131787,-5.524511,0.9706890977582054,8.940568707110991
910,05/17/2023 13:16:28.087510,1338,True,True,True,True,Eyes,1.324769,-0.2779547,-2.999378,0.1328907,-0.359248,0.9237321,0.0,0.0,0.0,0.0,0.0,0.0,0.0,-1.296717,1.064026,2.835357,1.316077,-0.2746214,-3.007557,0.1351002,-0.003916197,-0.002763727,0.9908204,15.52736,359.4941,359.6114,0.4024062,-0.08446831,-0.9115557,0,0,0,1.642905,-1.053873,-0.9865438,0.34608,-0.20824,2.153,0.999954,-0.006534873,0.007013737,0.004418556,0.9634806,0.2677418,-0.008507257,-0.2676984,0.9634652,static,8.186565,-21.25152,9.131789,-5.524512,0.9704823385463639,8.940727222026908
911,05/17/2023 13:16:28.096227,1339,True,True,True,True,Eyes,1.324821,-0.2779575,-2.99938,0.132886,-0.3592195,0.9237438,0.0,0.0,0.0,0.0,0.0,0.0,0.0,-1.297605,1.063789,2.835015,1.316123,-0.2745642,-3.007519,0.1351104,-0.003789668,-0.002834507,0.9908193,15.52855,359.5079,359.6051,0.4024239,-0.08446822,-0.9115479,0,0,0,1.643413,-1.053895,-0.9866101,0.3460799,-0.20824,2.153,0.9999552,-0.006641016,0.006743809,0.004592922,0.9634743,0.2677615,-0.008275695,-0.2677186,0.9634616,static,8.186176,-21.24974,9.131784,-5.524511,0.9703662118419225,8.940815326125671
912,05/17/2023 13:16:28.116521,1340,True,True,True,True,Eyes,1.324866,-0.2779589,-2.999382,0.1328933,-0.3591922,0.9237534,0.0,0.0,0.0,0.0,0.0,0.0,0.0,-1.298238,1.064106,2.834643,1.316099,-0.274617,-3.007559,0.1351284,-0.003660986,-0.00275701,0.9908175,15.53072,359.5243,359.6163,0.402441,-0.08446816,-0.9115403,0,0,0,1.644009,-1.053959,-0.9867554,0.3460799,-0.2082401,2.153,0.999958,-0.006452794,0.006509637,0.004473982,0.9634654,0.2677954,-0.007999838,-0.267755,0.9634538,static,8.186533,-21.24807,9.131785,-5.524514,0.970319408151801,8.940901870723323
913,05/17/2023 13:16:28.136377,1341,True,True,True,True,Eyes,1.32491,-0.2779585,-2.999387,0.1329112,-0.3591615,0.9237628,0.0,0.0,0.0,0.0,0.0,0.0,0.0,-1.298782,1.064344,2.834242,1.31598,-0.274585,-3.007556,0.1351448,-0.003529025,-0.002670442,0.9908161,15.53271,359.5412,359.6286,0.4024576,-0.0844681,-0.9115331,0,0,0,1.644533,-1.053925,-0.9868562,0.34608,-0.2082399,2.153,0.9999608,-0.006245692,0.006271436,0.004337974,0.9634575,0.2678261,-0.007715023,-0.2677884,0.9634468,static,8.187543,-21.24622,9.131788,-5.524509,0.9703204579465519,8.941001050443036
914,05/17/2023 13:16:28.156285,1342,True,True,True,True,Eyes,1.324952,-0.2779554,-2.99939,0.1329318,-0.3591291,0.9237723,0.0,0.0,0.0,0.0,0.0,0.0,0.0,-1.299066,1.064349,2.834168,1.315945,-0.2745472,-3.007629,0.1350935,-0.003444278,-0.002536979,0.9908237,15.52686,359.5533,359.6457,0.4024736,-0.08446797,-0.911526,0,0,0,1.644988,-1.053583,-0.9868919,0.3460799,-0.20824,2.153,0.9999634,-0.005957996,0.006139886,0.004096797,0.9634867,0.2677251,-0.007510803,-0.2676901,0.9634758,static,8.188709,-21.24427,9.131787,-5.524511,0.9703302935022018,8.941106136928223
915,05/17/2023 13:16:28.173175,1343,True,True,True,True,Eyes,1.324985,-0.2779556,-2.999393,0.1329449,-0.3591027,0.9237807,0.0,0.0,0.0,0.0,0.0,0.0,0.0,-1.29929,1.064078,2.834112,1.315939,-0.2744783,-3.007587,0.1350582,-0.003403106,-0.002528213,0.9908286,15.5228,359.5584,359.6474,0.402489,-0.08446772,-0.9115192,0,0,0,1.645165,-1.053361,-0.98682,0.34608,-0.20824,2.153,0.9999641,-0.005929287,0.006060877,0.004090817,0.9635058,0.2676563,-0.007426701,-0.2676218,0.9634954,static,8.189429,-21.24268,9.131788,-5.524511,0.9703184512098655,8.94119058114355
916,05/17/2023 13:16:28.186666,1344,True,True,True,True,Eyes,1.325016,-0.2779577,-2.999395,0.1329449,-0.3590778,0.9237905,0.0,0.0,0.0,0.0,0.0,0.0,0.0,-1.298656,1.064324,2.834303,1.315877,-0.274567,-3.007598,0.1350284,-0.003473579,-0.002411698,0.9908327,15.51939,359.5519,359.66,0.4025037,-0.08446745,-0.9115127,0,0,0,1.644922,-1.053256,-0.9867274,0.3460799,-0.2082399,2.153,0.9999642,-0.005717243,0.006232176,0.003841116,0.963523,0.2675979,-0.007534768,-0.2675644,0.9635105,static,8.189346,-21.24113,9.131786,-5.52451,0.9702393434880829,8.941268677213458
917,05/17/2023 13:16:28.196542,1345,True,True,True,True,Eyes,1.325002,-0.2779548,-2.999395,0.1329773,-0.3590223,0.9238073,0.0,0.0,0.0,0.0,0.0,0.0,0.0,-1.297367,1.06485,2.834681,1.31587,-0.2746161,-3.007583,0.1350468,-0.003663731,-0.002292928,0.9908299,15.5215,359.5314,359.671,0.4025177,-0.08446724,-0.9115066,0,0,0,1.644232,-1.053316,-0.9866058,0.34608,-0.20824,2.153,0.9999626,-0.005533352,0.006640963,0.003554251,0.9635142,0.2676337,-0.007879574,-0.2676001,0.9634979,static,8.191168,-21.23779,9.131789,-5.524512,0.9702411131623845,8.941447728961649
918,05/17/2023 13:16:28.216207,1346,True,True,True,True,Eyes,1.324996,-0.2779503,-2.999395,0.1329914,-0.35896,0.9238296,0.0,0.0,0.0,0.0,0.0,0.0,0.0,-1.295986,1.064407,2.835477,1.315901,-0.2745318,-3.007576,0.1348872,-0.003859962,-0.002107287,0.9908513,15.50307,359.5114,359.6898,0.4025299,-0.08446698,-0.9115012,0,0,0,1.643622,-1.052473,-0.9862023,0.34608,-0.20824,2.153,0.9999613,-0.005217336,0.007080804,0.003134697,0.9636021,0.2673226,-0.008217788,-0.2672901,0.9635811,static,8.191828,-21.23396,9.131789,-5.524511,0.9701201078323525,8.94164535719831
919,05/17/2023 13:16:28.236449,1347,True,True,True,True,Eyes,1.324976,-0.2779485,-2.999398,0.1330022,-0.3589067,0.9238486,0.0,0.0,0.0,0.0,0.0,0.0,0.0,-1.294635,1.064008,2.836347,1.31607,-0.274495,-3.007601,0.1347722,-0.00409951,-0.002030173,0.9908661,15.48973,359.4844,359.6951,0.4025407,-0.08446661,-0.9114964,0,0,0,1.642859,-1.051936,-0.9858838,0.3460799,-0.20824,2.153,0.9999582,-0.005128259,0.007576908,0.002918259,0.9636647,0.267099,-0.008671352,-0.2670657,0.9636393,static,8.192318,-21.23069,9.131786,-5.524511,0.970010468392529,8.941813693877036
920,05/17/2023 13:16:28.256318,1348,True,True,True,True,Eyes,1.324959,-0.2779395,-2.999398,0.1330172,-0.3588761,0.9238585,0.0,0.0,0.0,0.0,0.0,0.0,0.0,-1.294737,1.062887,2.836879,1.316215,-0.2745606,-3.007682,0.1348031,-0.004232464,-0.002583029,0.9908601,15.49297,359.4599,359.6278,0.40255,-0.08446623,-0.9114923,0,0,0,1.641892,-1.052506,-0.985979,0.34608,-0.20824,2.153,0.9999508,-0.00625994,0.007691159,0.003977743,0.9636428,0.2671639,-0.00908396,-0.2671202,0.9636204,static,8.193143,-21.22884,9.131787,-5.524511,0.9699955933180646,8.941911878044145
921,05/17/2023 13:16:28.273427,1349,True,True,True,True,Eyes,1.324934,-0.2779385,-2.9994,0.133063,-0.3588562,0.9238596,0.0,0.0,0.0,0.0,0.0,0.0,0.0,-1.29753,1.061161,2.836158,1.316235,-0.2743649,-3.007605,0.1349531,-0.003962626,-0.003461265,0.9908381,15.50996,359.4775,359.5285,0.4025579,-0.08446565,-0.9114889,0,0,0,1.642172,-1.053484,-0.9863963,0.3460799,-0.2082399,2.153,0.9999446,-0.007928642,0.006918422,0.005789568,0.9635513,0.2674608,-0.008786857,-0.267406,0.9635439,static,8.195914,-21.22774,9.131787,-5.52451,0.9701830514826701,8.941982529804863
922,05/17/2023 13:16:28.286381,1350,True,True,True,True,Eyes,1.324908,-0.2779381,-2.9994,0.1331381,-0.3588436,0.9238536,0.0,0.0,0.0,0.0,0.0,0.0,0.0,-1.298948,1.062517,2.835036,1.31617,-0.2745591,-3.007648,0.135147,-0.003699675,-0.003404062,0.9908129,15.53254,359.5093,359.5394,0.4025643,-0.08446511,-0.9114861,0,0,0,1.643271,-1.05441,-0.9869101,0.34608,-0.2082399,2.153,0.9999495,-0.007745577,0.006411274,0.005745578,0.9634475,0.2678359,-0.00825147,-0.2677855,0.9634432,static,8.200533,-21.22719,9.131789,-5.524508,0.9705551214547472,8.942035256330307
923,05/17/2023 13:16:28.296273,1351,True,True,True,True,Eyes,1.324856,-0.2779367,-2.999397,0.1332578,-0.3588406,0.9238375,0.0,0.0,0.0,0.0,0.0,0.0,0.0,-1.300353,1.064113,2.83372,1.316127,-0.2745755,-3.007597,0.1352903,-0.003376583,-0.003058888,0.9907956,15.54941,359.5528,359.5852,0.4025695,-0.08446463,-0.9114839,0,0,0,1.644933,-1.054756,-0.9872631,0.3460799,-0.2082399,2.153,0.9999585,-0.006975103,0.00586333,0.005147828,0.9633744,0.2681106,-0.007518681,-0.2680693,0.9633703,static,8.207947,-21.22736,9.131786,-5.52451,0.9712012140702972,8.942066539410341
924,05/17/2023 13:16:28.316566,1352,True,True,True,True,Eyes,1.3248,-0.2779341,-2.999395,0.1333828,-0.3588407,0.9238194,0.0,0.0,0.0,0.0,0.0,0.0,0.0,-1.301809,1.064487,2.83284,1.316118,-0.2745778,-3.007534,0.13529,-0.003084614,-0.00286671,0.9907972,15.54958,359.5903,359.6125,0.4025728,-0.08446423,-0.9114825,0,0,0,1.646346,-1.054606,-0.9873732,0.34608,-0.20824,2.153,0.9999645,-0.006515291,0.005336779,0.004846021,0.9633768,0.2681076,-0.006888128,-0.2680722,0.9633743,static,8.215697,-21.22775,9.131787,-5.524512,0.9718864438019836,8.942088482629728
925,05/17/2023 13:16:28.336508,1353,True,True,True,True,Eyes,1.324717,-0.2779326,-2.999395,0.1334988,-0.3588427,0.9238019,0.0,0.0,0.0,0.0,0.0,0.0,0.0,-1.302529,1.064534,2.83247,1.315968,-0.2745459,-3.007583,0.1353263,-0.002945489,-0.002901859,0.9907925,15.55382,359.6061,359.6106,0.4025744,-0.08446385,-0.9114818,0,0,0,1.646747,-1.054734,-0.9875734,0.3460799,-0.2082402,2.153,0.9999658,-0.006547484,0.005051341,0.004953076,0.9633567,0.2681777,-0.006622132,-0.2681435,0.9633563,static,8.222899,-21.22822,9.131786,-5.524518,0.9725282157106157,8.942103423042893
926,05/17/2023 13:16:28.356350,1354,True,True,True,True,Eyes,1.324635,-0.2779264,-2.999397,0.1335889,-0.3588349,0.9237919,0.0,0.0,0.0,0.0,0.0,0.0,0.0,-1.301142,1.064924,2.832992,1.315879,-0.2745925,-3.007647,0.1352879,-0.003123048,-0.002716742,0.9907978,15.5494,359.5882,359.6296,0.4025737,-0.08446355,-0.9114822,0,0,0,1.646095,-1.054515,-0.9874427,0.34608,-0.2082401,2.153,0.9999657,-0.006228505,0.005453533,0.004538462,0.9633796,0.2681029,-0.006923703,-0.268069,0.9633749,static,8.228458,-21.22801,9.131788,-5.524514,0.9729969866777681,8.942143979325445
927,05/17/2023 13:16:28.366728,1355,True,True,True,True,Eyes,1.324527,-0.277919,-2.999397,0.133639,-0.3588379,0.9237835,0.0,0.0,0.0,0.0,0.0,0.0,0.0,-1.29894,1.064805,2.834062,1.315824,-0.2744763,-3.007695,0.1351796,-0.003444078,-0.002531436,0.9908119,15.53683,359.5534,359.6463,0.402571,-0.08446317,-0.9114833,0,0,0,1.644873,-1.053859,-0.9870927,0.3460799,-0.2082399,2.153,0.9999635,-0.005947492,0.00614047,0.004085215,0.9634401,0.2678926,-0.007509264,-0.2678577,0.9634292,static,8.231582,-21.22835,9.131787,-5.524511,0.9732816872099601,8.942143561984631
928,05/17/2023 13:16:28.386355,1356,True,True,True,True,Eyes,1.324426,-0.277912,-2.999396,0.1336658,-0.3588341,0.9237811,0.0,0.0,0.0,0.0,0.0,0.0,0.0,-1.297127,1.063792,2.835287,1.315827,-0.2744657,-3.007709,0.1349564,-0.003736683,-0.00246954,0.9908415,15.51094,359.5201,359.649,0.4025658,-0.08446272,-0.9114857,0,0,0,1.643706,-1.052921,-0.9865583,0.3460799,-0.2082399,2.153,0.9999598,-0.005902424,0.00673836,0.003885267,0.9635614,0.2674592,-0.00807148,-0.2674223,0.9635456,static,8.233231,-21.22819,9.131786,-5.52451,0.9734162053029669,8.942160543492157
929,05/17/2023 13:16:28.396559,1357,True,True,True,True,Eyes,1.324317,-0.2779057,-2.999394,0.1336767,-0.358842,0.9237765,0.0,0.0,0.0,0.0,0.0,0.0,0.0,-1.295398,1.063557,2.836152,1.315892,-0.2744707,-3.007668,0.1348721,-0.004027369,-0.002412815,0.990852,15.50111,359.4868,359.6511,0.4025587,-0.0844622,-0.9114889,0,0,0,1.642603,-1.052568,-0.9861903,0.3460799,-0.2082401,2.153,0.999956,-0.005867844,0.007330211,0.003695125,0.9636074,0.267296,-0.008631897,-0.2672571,0.9635866,static,8.233928,-21.22871,9.131786,-5.524515,0.9735003457665663,8.942137944487028
930,05/17/2023 13:16:28.416634,1358,True,True,True,True,Eyes,1.324216,-0.2779014,-2.999391,0.1336912,-0.3588557,0.9237691,0.0,0.0,0.0,0.0,0.0,0.0,0.0,-1.294469,1.063255,2.836722,1.315957,-0.2744905,-3.007667,0.1347814,-0.004183055,-0.002358806,0.9908638,15.49061,359.4693,359.655,0.4025494,-0.08446167,-0.911493,0,0,0,1.642066,-1.052194,-0.9859415,0.3460799,-0.2082399,2.153,0.9999539,-0.005802108,0.007653829,0.003546915,0.9636568,0.2671199,-0.008925523,-0.2670804,0.9636329,static,8.234879,-21.22961,9.131786,-5.524509,0.9736239931995687,8.94209745671334
931,05/17/2023 13:16:28.436442,1359,True,True,True,True,Eyes,1.32409,-0.2778969,-2.999386,0.1337221,-0.3588962,0.9237489,0.0,0.0,0.0,0.0,0.0,0.0,0.0,-1.294939,1.063701,2.836369,1.316058,-0.2745342,-3.007647,0.1348642,-0.00412445,-0.002374763,0.9908527,15.50019,359.4759,359.654,0.4025386,-0.08446117,-0.9114978,0,0,0,1.642397,-1.052582,-0.9860903,0.34608,-0.20824,2.153,0.9999547,-0.005818563,0.007532903,0.0035936,0.963612,0.2672808,-0.008813986,-0.2672416,0.9635893,static,8.236932,-21.23221,9.131788,-5.524511,0.9739214284217996,8.941976755572407
932,05/17/2023 13:16:28.456535,1360,True,True,True,True,Eyes,1.323968,-0.2778928,-2.999381,0.1337629,-0.3589474,0.923723,0.0,0.0,0.0,0.0,0.0,0.0,0.0,-1.296089,1.063758,2.835812,1.316087,-0.2745451,-3.007623,0.1349609,-0.003974281,-0.002546544,0.9908398,15.51133,359.4908,359.6361,0.4025256,-0.08446073,-0.9115036,0,0,0,1.642888,-1.053089,-0.9863322,0.3460799,-0.20824,2.153,0.9999555,-0.006119178,0.007188383,0.003973688,0.9635581,0.2674694,-0.008563119,-0.2674289,0.9635395,static,8.239635,-21.23551,9.131787,-5.524513,0.9743073153294848,8.94182408141173
933,05/17/2023 13:16:28.472022,1361,True,True,True,True,Eyes,1.323822,-0.277883,-2.999375,0.1338317,-0.3590032,0.9236914,0.0,0.0,0.0,0.0,0.0,0.0,0.0,-1.297477,1.063982,2.835082,1.316071,-0.274545,-3.00762,0.1351017,-0.003781499,-0.002742788,0.9908208,15.52759,359.5103,359.616,0.402511,-0.08446035,-0.9115101,0,0,0,1.643487,-1.053778,-0.9866949,0.34608,-0.20824,2.153,0.9999564,-0.006456998,0.006752465,0.004413449,0.96348,0.2677439,-0.008234686,-0.2677024,0.9634664,static,8.244099,-21.23918,9.131789,-5.524514,0.9748619680526525,8.94166213492743
934,05/17/2023 13:16:28.486469,1362,True,True,True,True,Eyes,1.323681,-0.2778782,-2.999372,0.1338986,-0.359048,0.9236643,0.0,0.0,0.0,0.0,0.0,0.0,0.0,-1.298415,1.063647,2.83473,1.316036,-0.2744197,-3.007601,0.1350501,-0.003603282,-0.002684381,0.9908287,15.52172,359.5323,359.6258,0.4024941,-0.08445987,-0.9115176,0,0,0,1.644262,-1.053389,-0.9867054,0.3460799,-0.20824,2.153,0.9999596,-0.00629277,0.006415419,0.004346275,0.9635085,0.2676424,-0.007865522,-0.2676037,0.963497,static,8.248402,-21.24216,9.131785,-5.524511,0.9753707266710654,8.94153428622332
935,05/17/2023 13:16:28.496584,1363,True,True,True,True,Eyes,1.323521,-0.2778689,-2.999367,0.1339507,-0.3591062,0.9236342,0.0,0.0,0.0,0.0,0.0,0.0,0.0,-1.297751,1.064007,2.835009,1.316021,-0.2745396,-3.0077,0.134969,-0.003654869,-0.002428998,0.9908402,15.51244,359.5303,359.6551,0.4024754,-0.08445945,-0.9115259,0,0,0,1.644286,-1.053012,-0.9866196,0.3460799,-0.2082399,2.153,0.9999615,-0.005800086,0.006587102,0.003826911,0.963555,0.2674832,-0.00789846,-0.2674477,0.96354,static,8.25183,-21.24593,9.131785,-5.524511,0.9758408429040926,8.941361697371978
936,05/17/2023 13:16:28.516442,1364,True,True,True,True,Eyes,1.323366,-0.2778588,-2.999359,0.1340002,-0.3591621,0.9236051,0.0,0.0,0.0,0.0,0.0,0.0,0.0,-1.29756,1.063397,2.835307,1.316145,-0.2744413,-3.007638,0.134967,-0.003753978,-0.002630848,0.9908396,15.51207,359.5154,359.6297,0.4024545,-0.08445897,-0.9115351,0,0,0,1.64379,-1.053048,-0.9865086,0.3460799,-0.2082399,2.153,0.999958,-0.006226822,0.006729025,0.00420017,0.963554,0.267481,-0.008149335,-0.2674415,0.9635397,static,8.255091,-21.24955,9.131787,-5.524511,0.976289619548439,8.941195810741311
937,05/17/2023 13:16:28.536843,1365,True,True,True,True,Eyes,1.323214,-0.2778543,-2.999355,0.1340574,-0.3592137,0.9235768,0.0,0.0,0.0,0.0,0.0,0.0,0.0,-1.298537,1.062028,2.835298,1.316123,-0.2744101,-3.00758,0.1349125,-0.003670564,-0.00300981,0.9908462,15.50563,359.5192,359.5865,0.4024319,-0.08445841,-0.9115452,0,0,0,1.643742,-1.053041,-0.9864556,0.34608,-0.20824,2.153,0.9999549,-0.006954928,0.006461807,0.004974108,0.9635791,0.2673772,-0.008086051,-0.267333,0.9635703,static,8.258819,-21.25292,9.131789,-5.524511,0.9767669887838419,8.941045105389463
938,05/17/2023 13:16:28.546616,1366,True,True,True,True,Eyes,1.323068,-0.277849,-2.999353,0.1341171,-0.359261,0.9235498,0.0,0.0,0.0,0.0,0.0,0.0,0.0,-1.297769,1.062606,2.835504,1.315992,-0.274536,-3.007692,0.1349219,-0.003748657,-0.002877123,0.9908451,15.50674,359.5121,359.6008,0.4024077,-0.08445793,-0.9115559,0,0,0,1.643415,-1.053123,-0.9865185,0.34608,-0.2082399,2.153,0.9999554,-0.006713118,0.006652302,0.004690015,0.9635756,0.267395,-0.00820505,-0.2673519,0.963564,static,8.262682,-21.25604,9.131787,-5.524509,0.9772443719260873,8.940907794703113
939,05/17/2023 13:16:28.566753,1367,True,True,True,True,Eyes,1.322922,-0.2778433,-2.999348,0.1341825,-0.359304,0.9235235,0.0,0.0,0.0,0.0,0.0,0.0,0.0,-1.297514,1.0632,2.835418,1.316,-0.2745146,-3.00771,0.1349271,-0.003741947,-0.002652186,0.990845,15.50745,359.5165,359.6274,0.4023823,-0.0844575,-0.9115672,0,0,0,1.643675,-1.052972,-0.9865274,0.3460799,-0.20824,2.153,0.9999579,-0.006265591,0.006699675,0.004246031,0.9635754,0.2674035,-0.008131083,-0.2673638,0.9635614,static,8.266891,-21.25891,9.131787,-5.524511,0.9777399319341185,8.940785014150368
940,05/17/2023 13:16:28.586287,1368,True,True,True,True,Eyes,1.322781,-0.2778384,-2.999341,0.1342497,-0.3593471,0.923497,0.0,0.0,0.0,0.0,0.0,0.0,0.0,-1.297311,1.063352,2.835419,1.316017,-0.2745045,-3.00767,0.1348884,-0.003744717,-0.002500586,0.9908507,15.50305,359.5186,359.6453,0.4023557,-0.0844571,-0.911579,0,0,0,1.643832,-1.052704,-0.986411,0.34608,-0.20824,2.153,0.9999595,-0.005965653,0.006746311,0.003945177,0.9635978,0.2673273,-0.008095511,-0.2672898,0.9635822,static,8.271209,-21.26179,9.131789,-5.524511,0.9782453389806776,8.940662313439205
941,05/17/2023 13:16:28.596878,1369,True,True,True,True,Eyes,1.322637,-0.2778364,-2.999333,0.1343106,-0.3593852,0.9234734,0.0,0.0,0.0,0.0,0.0,0.0,0.0,-1.297687,1.063437,2.835133,1.316021,-0.2745199,-3.00759,0.1349136,-0.003684497,-0.002512408,0.9908474,15.50598,359.5255,359.6448,0.4023283,-0.08445676,-0.9115911,0,0,0,1.644078,-1.052825,-0.9864109,0.3460801,-0.20824,2.153,0.9999602,-0.005973002,0.006623632,0.003984648,0.9635841,0.2673761,-0.007979463,-0.2673391,0.9635695,static,8.275113,-21.26434,9.13179,-5.524513,0.9786997875867041,8.9405541068419
942,05/17/2023 13:16:28.616707,1370,True,True,True,True,Eyes,1.322498,-0.2778307,-2.999326,0.1343629,-0.3594228,0.9234511,0.0,0.0,0.0,0.0,0.0,0.0,0.0,-1.297612,1.063896,2.835012,1.316039,-0.2745914,-3.007592,0.1349784,-0.003699342,-0.002506839,0.9908385,15.51348,359.5238,359.6452,0.4023001,-0.08445656,-0.9116036,0,0,0,1.644038,-1.053158,-0.9865036,0.34608,-0.20824,2.153,0.9999601,-0.005966408,0.006654163,0.003969084,0.9635491,0.2675021,-0.00800764,-0.267465,0.9635343,static,8.278492,-21.26683,9.131788,-5.524511,0.9791062583298287,8.940446115391229
943,05/17/2023 13:16:28.636397,1371,True,True,True,True,Eyes,1.322355,-0.277825,-2.999321,0.1344108,-0.359468,0.9234265,0.0,0.0,0.0,0.0,0.0,0.0,0.0,-1.297249,1.063792,2.835221,1.316044,-0.2744961,-3.007602,0.1349866,-0.003769248,-0.002540711,0.9908371,15.51439,359.515,359.6401,0.4022712,-0.08445636,-0.9116164,0,0,0,1.643714,-1.053124,-0.9864845,0.3460799,-0.2082401,2.153,0.9999586,-0.006052458,0.006783497,0.004017266,0.9635443,0.2675187,-0.008155345,-0.2674804,0.9635288,static,8.281617,-21.26978,9.131787,-5.524515,0.9795122214342677,8.940313447620394
944,05/17/2023 13:16:28.656228,1372,True,True,True,True,Eyes,1.32222,-0.2778226,-2.999315,0.1344568,-0.3595093,0.9234037,0.0,0.0,0.0,0.0,0.0,0.0,0.0,-1.297112,1.063159,2.835542,1.315997,-0.2744949,-3.007643,0.1349078,-0.003802112,-0.002619645,0.9908474,15.50523,359.5099,359.6303,0.4022416,-0.08445618,-0.9116295,0,0,0,1.643451,-1.052857,-0.9863877,0.3460799,-0.2082399,2.153,0.9999573,-0.006217207,0.006827803,0.004165468,0.963586,0.2673661,-0.008241446,-0.2673262,0.9635708,static,8.284614,-21.27248,9.131786,-5.524508,0.9798955593071512,8.94019275921595
945,05/17/2023 13:16:28.671798,1373,True,True,True,True,Eyes,1.322084,-0.2778176,-2.999309,0.1345012,-0.3595541,0.9233798,0.0,0.0,0.0,0.0,0.0,0.0,0.0,-1.297083,1.063134,2.835563,1.316018,-0.274571,-3.007625,0.134883,-0.003806501,-0.002601675,0.9908509,15.50236,359.5097,359.6324,0.4022116,-0.08445609,-0.9116427,0,0,0,1.643471,-1.05282,-0.9863262,0.3460799,-0.20824,2.153,0.9999575,-0.006182608,0.006841506,0.004128879,0.9635997,0.2673177,-0.008245193,-0.2672781,0.9635842,static,8.287525,-21.2754,9.131786,-5.524511,0.9802817083782847,8.940060460014656
946,05/17/2023 13:16:28.686673,1374,True,True,True,True,Eyes,1.321954,-0.2778145,-2.999303,0.1345513,-0.3595967,0.9233559,0.0,0.0,0.0,0.0,0.0,0.0,0.0,-1.297617,1.063135,2.835319,1.316016,-0.2745085,-3.007632,0.1349134,-0.003723222,-0.002633985,0.9908469,15.50589,359.519,359.6299,0.4021812,-0.08445601,-0.9116561,0,0,0,1.643789,-1.052897,-0.9864383,0.3460799,-0.2082399,2.153,0.9999584,-0.006224377,0.006667566,0.004215127,0.9635829,0.2673767,-0.008089005,-0.2673374,0.963569,static,8.290781,-21.27819,9.131786,-5.524508,0.9806915195677894,8.939936604838637
947,05/17/2023 13:16:28.696288,1375,True,True,True,True,Eyes,1.321811,-0.2778095,-2.999298,0.1346045,-0.3596302,0.9233351,0.0,0.0,0.0,0.0,0.0,0.0,0.0,-1.29817,1.063144,2.835061,1.316023,-0.2745515,-3.007624,0.1349105,-0.003628843,-0.002626026,0.9908477,15.5056,359.5303,359.6324,0.4021506,-0.084456,-0.9116696,0,0,0,1.6442,-1.052915,-0.9864867,0.34608,-0.20824,2.153,0.9999599,-0.006183121,0.006482704,0.004224845,0.9635845,0.2673706,-0.007899817,-0.2673325,0.963572,static,8.294196,-21.28044,9.131788,-5.524513,0.9810899465384635,8.939840968571042
948,05/17/2023 13:16:28.716880,1376,True,True,True,True,Eyes,1.321674,-0.2778038,-2.999293,0.1346637,-0.3596619,0.9233141,0.0,0.0,0.0,0.0,0.0,0.0,0.0,-1.298551,1.063393,2.834797,1.315978,-0.2745135,-3.00765,0.1349892,-0.003570033,-0.002683405,0.9908371,15.51469,359.5363,359.6265,0.4021195,-0.084456,-0.9116833,0,0,0,1.644346,-1.053231,-0.9866803,0.3460799,-0.20824,2.153,0.9999601,-0.006281465,0.00635018,0.004353803,0.9635414,0.2675237,-0.007799103,-0.2674854,0.9635303,static,8.29798,-21.28259,9.131786,-5.524511,0.9815154943897282,8.939752385299753
949,05/17/2023 13:16:28.736760,1377,True,True,True,True,Eyes,1.321527,-0.2777984,-2.999287,0.1347246,-0.359664,0.9233044,0.0,0.0,0.0,0.0,0.0,0.0,0.0,-1.299158,1.063311,2.834548,1.315967,-0.27449,-3.007656,0.1349837,-0.003464429,-0.002679986,0.9908381,15.5141,359.5487,359.6286,0.4020881,-0.08445598,-0.9116972,0,0,0,1.644783,-1.053175,-0.9867466,0.34608,-0.2082399,2.153,0.9999616,-0.006246147,0.006141867,0.004375581,0.9635444,0.2675126,-0.007588886,-0.2674755,0.9635348,static,8.301765,-21.2829,9.131788,-5.52451,0.9818557012159852,8.939757045223223
950,05/17/2023 13:16:28.756299,1378,True,True,True,True,Eyes,1.321385,-0.2777946,-2.999284,0.1347897,-0.3596568,0.9232978,0.0,0.0,0.0,0.0,0.0,0.0,0.0,-1.299529,1.063001,2.834476,1.315952,-0.2745034,-3.007644,0.1348955,-0.003379912,-0.002597046,0.9908507,15.50397,359.5601,359.6398,0.4020561,-0.08445597,-0.9117113,0,0,0,1.645208,-1.052767,-0.9866439,0.3460799,-0.20824,2.153,0.9999636,-0.006058439,0.005997316,0.0042347,0.9635929,0.2673402,-0.007398635,-0.267305,0.9635835,static,8.305779,-21.28265,9.131786,-5.524513,0.9821896208941081,8.939791314205188
951,05/17/2023 13:16:28.767509,1379,True,True,True,True,Eyes,1.321248,-0.2777929,-2.999282,0.1348438,-0.35965,0.9232925,0.0,0.0,0.0,0.0,0.0,0.0,0.0,-1.299537,1.062936,2.834547,1.315926,-0.2745439,-3.007699,0.1347994,-0.003334915,-0.00242485,0.9908643,15.49294,359.5682,359.6608,0.4020237,-0.08445599,-0.9117256,0,0,0,1.645545,-1.052297,-0.9865607,0.3460799,-0.20824,2.153,0.999966,-0.005704483,0.005955161,0.003906304,0.9636465,0.2671521,-0.007262634,-0.2671197,0.963636,static,8.309112,-21.2824,9.131786,-5.524512,0.9824649198374433,8.939821918477302
952,05/17/2023 13:16:28.786571,1380,True,True,True,True,Eyes,1.321116,-0.2777891,-2.999281,0.134894,-0.3596464,0.9232866,0.0,0.0,0.0,0.0,0.0,0.0,0.0,-1.298733,1.063594,2.834705,1.315881,-0.2745929,-3.007749,0.1348448,-0.003436943,-0.002308543,0.9908581,15.49821,359.558,359.6729,0.4019911,-0.08445611,-0.9117399,0,0,0,1.645185,-1.052461,-0.9866041,0.34608,-0.20824,2.153,0.9999657,-0.005501785,0.006188455,0.003647969,0.9636231,0.26724,-0.007433636,-0.2672083,0.9636101,static,8.312214,-21.28233,9.131789,-5.524513,0.9827286912137922,8.939842158563563
953,05/17/2023 13:16:28.796551,1381,True,True,True,True,Eyes,1.321001,-0.2777836,-2.999279,0.1349334,-0.3596154,0.9232928,0.0,0.0,0.0,0.0,0.0,0.0,0.0,-1.298504,1.063899,2.834693,1.315885,-0.2745387,-3.007749,0.1348885,-0.003468256,-0.002271815,0.9908522,15.50327,359.5549,359.6767,0.4019585,-0.08445624,-0.9117544,0,0,0,1.645093,-1.052563,-0.9866487,0.34608,-0.20824,2.153,0.9999656,-0.005437721,0.006260174,0.003566409,0.9635999,0.267325,-0.007485941,-0.2672934,0.9635862,static,8.314551,-21.28053,9.131788,-5.524511,0.982846291053757,8.939945945718955
954,05/17/2023 13:16:28.816545,1382,True,True,True,True,Eyes,1.320892,-0.2777813,-2.999278,0.1349642,-0.3595902,0.9232982,0.0,0.0,0.0,0.0,0.0,0.0,0.0,-1.297872,1.06377,2.835031,1.315941,-0.2744852,-3.00773,0.1348933,-0.003597442,-0.002328238,0.990851,15.50375,359.5388,359.6679,0.4019262,-0.0844563,-0.9117686,0,0,0,1.644548,-1.052577,-0.9865582,0.34608,-0.2082399,2.153,0.9999633,-0.005584415,0.006500931,0.003643332,0.9635968,0.267335,-0.007757185,-0.2673014,0.9635817,static,8.316379,-21.27906,9.131789,-5.52451,0.982935397148925,8.94003027176021
955,05/17/2023 13:16:28.836665,1383,True,True,True,True,Eyes,1.320785,-0.277775,-2.999275,0.1350147,-0.3595777,0.9232957,0.0,0.0,0.0,0.0,0.0,0.0,0.0,-1.297379,1.064217,2.835148,1.315986,-0.2745612,-3.007759,0.1349513,-0.003688785,-0.002327757,0.9908428,15.51043,359.528,359.6665,0.4018943,-0.08445641,-0.9117826,0,0,0,1.644208,-1.052897,-0.9866183,0.3460799,-0.20824,2.153,0.999962,-0.005608495,0.006681744,0.00361727,0.9635655,0.2674482,-0.00793828,-0.2674138,0.9635491,static,8.319466,-21.27844,9.131784,-5.524512,0.9831723420435967,8.940078301124556
956,05/17/2023 13:16:28.856251,1384,True,True,True,True,Eyes,1.320684,-0.2777717,-2.999272,0.1350651,-0.3595638,0.9232937,0.0,0.0,0.0,0.0,0.0,0.0,0.0,-1.297323,1.064071,2.835198,1.316033,-0.2744615,-3.007718,0.1349732,-0.00372169,-0.002395745,0.9908394,15.51292,359.523,359.658,0.4018629,-0.08445643,-0.9117964,0,0,0,1.644049,-1.052935,-0.9865971,0.34608,-0.2082399,2.153,0.9999608,-0.005752254,0.006728471,0.003742941,0.963553,0.2674914,-0.008021916,-0.2674557,0.9635367,static,8.322551,-21.27773,9.131787,-5.524509,0.9834049362777999,8.940130880271393
957,05/17/2023 13:16:28.866442,1385,True,True,True,True,Eyes,1.320582,-0.277768,-2.999268,0.1351349,-0.3595575,0.923286,0.0,0.0,0.0,0.0,0.0,0.0,0.0,-1.297621,1.063838,2.835147,1.31607,-0.2745312,-3.007694,0.1349415,-0.003686218,-0.002434305,0.9908437,15.50925,359.5266,359.654,0.4018322,-0.08445647,-0.9118099,0,0,0,1.644197,-1.052898,-0.9865499,0.3460799,-0.20824,2.153,0.999961,-0.005818878,0.006647953,0.003829184,0.9635698,0.2674298,-0.007961907,-0.2673939,0.9635544,static,8.326857,-21.27756,9.131787,-5.524511,0.9837677056471446,8.940162666794087
958,05/17/2023 13:16:28.886776,1386,True,True,True,True,Eyes,1.320483,-0.2777631,-2.999263,0.1352075,-0.3595544,0.9232765,0.0,0.0,0.0,0.0,0.0,0.0,0.0,-1.297841,1.063541,2.835154,1.31608,-0.2745242,-3.007687,0.1349187,-0.003663681,-0.00249195,0.9908469,15.50659,359.5283,359.6476,0.4018019,-0.0844565,-0.9118232,0,0,0,1.644244,-1.052835,-0.9865269,0.34608,-0.2082401,2.153,0.9999608,-0.00592688,0.006587873,0.003949684,0.9635815,0.2673858,-0.007932716,-0.2673493,0.963567,static,8.331351,-21.27758,9.131788,-5.524515,0.9841554794040126,8.940185837195795
959,05/17/2023 13:16:28.906270,1387,True,True,True,True,Eyes,1.320374,-0.2777576,-2.999255,0.1352898,-0.359536,0.9232717,0.0,0.0,0.0,0.0,0.0,0.0,0.0,-1.298705,1.063127,2.834855,1.316061,-0.2744907,-3.007643,0.1349349,-0.003551095,-0.002654557,0.9908446,15.50843,359.539,359.6302,0.4017723,-0.0844565,-0.9118363,0,0,0,1.644538,-1.052966,-0.9865975,0.3460799,-0.2082398,2.153,0.9999607,-0.00621884,0.006320781,0.004302173,0.9635711,0.267418,-0.007753551,-0.2673802,0.9635599,static,8.336398,-21.27669,9.131786,-5.524507,0.9845486063328348,8.940258095672029
960,05/17/2023 13:16:28.916374,1388,True,True,True,True,Eyes,1.320268,-0.2777524,-2.999252,0.1353675,-0.3595214,0.9232659,0.0,0.0,0.0,0.0,0.0,0.0,0.0,-1.298977,1.063292,2.83463,1.316069,-0.2744838,-3.007604,0.1349734,-0.00350864,-0.002663142,0.9908395,15.5129,359.5438,359.6299,0.4017429,-0.08445646,-0.9118492,0,0,0,1.644716,-1.053119,-0.9866479,0.3460799,-0.2082399,2.153,0.9999612,-0.006224639,0.00623409,0.004330346,0.9635502,0.2674928,-0.007671904,-0.2674554,0.9635397,static,8.341166,-21.27603,9.131786,-5.52451,0.9849283952254453,8.940317198020635
961,05/17/2023 13:16:28.936393,1389,True,True,True,True,Eyes,1.320164,-0.277746,-2.999247,0.1354242,-0.3594978,0.9232668,0.0,0.0,0.0,0.0,0.0,0.0,0.0,-1.29853,1.06397,2.83468,1.316048,-0.2744844,-3.007706,0.1350323,-0.003554883,-0.002548787,0.9908316,15.51975,359.5402,359.6426,0.4017138,-0.08445638,-0.9118621,0,0,0,1.644614,-1.053287,-0.9868013,0.34608,-0.2082399,2.153,0.9999617,-0.006010886,0.006356244,0.004090789,0.9635196,0.2676067,-0.007732918,-0.2675705,0.9635072,static,8.344606,-21.27474,9.131788,-5.52451,0.9851646198831632,8.940401077732504
962,05/17/2023 13:16:28.946405,1390,True,True,True,True,Eyes,1.320065,-0.2777396,-2.999241,0.1354746,-0.359473,0.9232691,0.0,0.0,0.0,0.0,0.0,0.0,0.0,-1.298493,1.064259,2.834535,1.31609,-0.2744522,-3.007641,0.1350928,-0.003569594,-0.002553982,0.9908233,15.52674,359.5383,359.6417,0.401685,-0.08445624,-0.9118748,0,0,0,1.644588,-1.053506,-0.9868216,0.3460799,-0.2082398,2.153,0.9999615,-0.006025543,0.006383624,0.004096637,0.9634868,0.2677245,-0.007763723,-0.267688,0.9634743,static,8.347648,-21.27335,9.131785,-5.524507,0.985361941774507,8.940487882933404
963,05/17/2023 13:16:29.466332,1421,True,True,True,True,Eyes,1.315726,-0.2751965,-2.998931,0.2311524,-0.08386074,0.9692966,0.0,0.0,0.0,0.0,0.0,0.0,0.0,-1.301241,1.068041,2.831761,1.316059,-0.2742325,-3.007589,0.1358515,-0.00311501,-0.002614097,0.9907209,15.61462,359.5905,359.6415,0.4007619,-0.0840821,-0.9123152,0,0,0,1.884197,-0.4071767,-1.052251,0.5796,0.4008001,1.915,0.9999669,-0.006026037,0.005461953,0.004333322,0.9630751,0.2691981,-0.006882468,-0.2691655,0.9630693,static,13.41306,-4.944752,16.83913,11.82109,0.6632940333748478,9.795161266601733
964,05/17/2023 13:16:29.486366,1422,True,True,True,True,Eyes,1.315826,-0.2752019,-2.998935,0.2314873,-0.08346403,0.969251,0.0,0.0,0.0,0.0,0.0,0.0,0.0,-1.300699,1.068378,2.831875,1.316066,-0.2743312,-3.00757,0.1357698,-0.003146091,-0.002343606,0.9907327,15.60527,359.5913,359.6729,0.4007212,-0.08404768,-0.9123363,0,0,0,1.884011,-0.4066498,-1.052133,0.5796,0.4008001,1.915,0.9999692,-0.005498063,0.005597488,0.003789486,0.9631221,0.269038,-0.006870253,-0.2690085,0.9631133,static,13.43239,-4.921706,16.83913,11.82109,0.6638879925120262,9.79643309200804
965,05/17/2023 13:16:29.496554,1423,True,True,True,True,Eyes,1.31595,-0.2752076,-2.998934,0.2320423,-0.08294815,0.9691626,0.0,0.0,0.0,0.0,0.0,0.0,0.0,-1.299143,1.068245,2.832787,1.316112,-0.2743024,-3.007691,0.1357664,-0.003437203,-0.002430469,0.990732,15.60474,359.5556,359.658,0.400687,-0.08401674,-0.9123542,0,0,0,1.882941,-0.4067489,-1.051939,0.5795999,0.4008001,1.915,0.9999646,-0.0057492,0.006150742,0.003882572,0.9631231,0.2690329,-0.007470646,-0.2689995,0.9631113,static,13.46461,-4.891878,16.83912,11.82109,0.6652766545040694,9.798117945633328
966,05/17/2023 13:16:29.522251,1424,True,True,True,True,Eyes,1.316068,-0.275214,-2.998935,0.232566,-0.08245031,0.9690795,0.0,0.0,0.0,0.0,0.0,0.0,0.0,-1.300474,1.067466,2.832323,1.316096,-0.2742832,-3.007562,0.1358521,-0.003312225,-0.002881434,0.9907194,15.6145,359.563,359.6068,0.4006594,-0.08398895,-0.9123689,0,0,0,1.883534,-0.4075631,-1.052043,0.5795999,0.4007999,1.915,0.9999614,-0.006609331,0.005780073,0.00480944,0.9630718,0.2692017,-0.007345869,-0.2691636,0.9630665,static,13.495,-4.863074,16.83913,11.82109,0.6665553314526964,9.799741062489833
967,05/17/2023 13:16:29.536446,1425,True,True,True,True,Eyes,1.316195,-0.2752229,-2.998932,0.2332282,-0.08190189,0.9689668,0.0,0.0,0.0,0.0,0.0,0.0,0.0,-1.2997,1.067546,2.832698,1.31606,-0.2743056,-3.007623,0.1358287,-0.003425362,-0.002829964,0.9907225,15.61177,359.5505,359.6111,0.4006375,-0.08396401,-0.9123808,0,0,0,1.883042,-0.4074511,-1.051963,0.5795999,0.4008,1.915,0.9999605,-0.006537943,0.006018385,0.004676892,0.9630851,0.2691566,-0.007555947,-0.2691178,0.9630776,static,13.53353,-4.831439,16.83913,11.82109,0.6684032656167309,9.8015514381444
968,05/17/2023 13:16:29.556285,1426,True,True,True,True,Eyes,1.316318,-0.2752315,-2.998928,0.2338683,-0.08137629,0.9688568,0.0,0.0,0.0,0.0,0.0,0.0,0.0,-1.299565,1.068671,2.832259,1.31612,-0.2743567,-3.00752,0.135898,-0.003395429,-0.002552199,0.9907138,15.61992,359.5585,359.6442,0.4006211,-0.08394171,-0.9123901,0,0,0,1.883143,-0.4074547,-1.051869,0.5795997,0.4008001,1.915,0.9999639,-0.005979862,0.00603412,0.004134133,0.9630505,0.2692893,-0.007421474,-0.2692547,0.9630404,static,13.57079,-4.801122,16.83912,11.82109,0.6702030695126178,9.803288192813769
969,05/17/2023 13:16:29.566675,1427,True,True,True,True,Eyes,1.316441,-0.2752382,-2.998923,0.2345751,-0.08080203,0.968734,0.0,0.0,0.0,0.0,0.0,0.0,0.0,-1.299795,1.069384,2.831877,1.316152,-0.2743591,-3.007498,0.1359543,-0.00332502,-0.002389726,0.9907067,15.62653,359.5694,359.6645,0.4006095,-0.08392178,-0.912397,0,0,0,1.883407,-0.407484,-1.051916,0.5795997,0.4008,1.915,0.9999664,-0.005639138,0.005938453,0.003830934,0.9630215,0.2693976,-0.007238027,-0.2693658,0.9630108,static,13.61194,-4.768,16.83912,11.82109,0.6722074961559683,9.805188017987321
970,05/17/2023 13:16:29.586517,1428,True,True,True,True,Eyes,1.316558,-0.275246,-2.998919,0.235257,-0.08025109,0.9686145,0.0,0.0,0.0,0.0,0.0,0.0,0.0,-1.300521,1.069071,2.83163,1.316168,-0.2743088,-3.007466,0.1359689,-0.003231593,-0.002507386,0.9907047,15.6282,359.5785,359.6521,0.4006023,-0.08390393,-0.9124019,0,0,0,1.883819,-0.4076115,-1.052011,0.5795997,0.4008001,1.915,0.9999665,-0.00584695,0.005721255,0.004089366,0.9630123,0.2694263,-0.007084961,-0.2693939,0.9630041,static,13.65165,-4.73622,16.83912,11.82109,0.6741502731341589,9.807012091198162
971,05/17/2023 13:16:29.596841,1429,True,True,True,True,Eyes,1.316682,-0.2752514,-2.998912,0.2359622,-0.07966921,0.9684909,0.0,0.0,0.0,0.0,0.0,0.0,0.0,-1.300803,1.068848,2.831589,1.316122,-0.2743407,-3.007487,0.1359575,-0.003191983,-0.002576859,0.9907062,15.62687,359.582,359.6446,0.4005988,-0.08388799,-0.9124048,0,0,0,1.883948,-0.4076718,-1.052085,0.5795999,0.4008,1.915,0.9999663,-0.005973769,0.005623947,0.004237873,0.9630179,0.2694043,-0.00702532,-0.2693714,0.9630108,static,13.69272,-4.702631,16.83913,11.82109,0.6761261315768101,9.808935150024901
972,05/17/2023 13:16:29.616189,1430,True,True,True,True,Eyes,1.3168,-0.2752556,-2.998907,0.2366349,-0.07910579,0.968373,0.0,0.0,0.0,0.0,0.0,0.0,0.0,-1.300814,1.068449,2.831657,1.316128,-0.2742738,-3.007418,0.1359556,-0.003218702,-0.002698135,0.9907061,15.62659,359.5769,359.6299,0.4005989,-0.0838737,-0.9124061,0,0,0,1.883881,-0.4077396,-1.052004,0.5796,0.4008,1.915,0.9999647,-0.006221319,0.005643922,0.004470916,0.9630176,0.2694015,-0.007111229,-0.2693667,0.9630114,static,13.73188,-4.670087,16.83913,11.82109,0.6779860935293822,9.810794977446408
973,05/17/2023 13:16:29.636683,1431,True,True,True,True,Eyes,1.316947,-0.2752629,-2.998899,0.2373284,-0.07852946,0.9682502,0.0,0.0,0.0,0.0,0.0,0.0,0.0,-1.300574,1.067695,2.832068,1.316121,-0.2742509,-3.007439,0.1358669,-0.003280102,-0.002796124,0.9907178,15.61626,359.5681,359.6174,0.4006021,-0.08386087,-0.9124058,0,0,0,1.883661,-0.4074873,-1.051947,0.5795999,0.4008,1.915,0.9999629,-0.006431654,0.005739508,0.004649024,0.9630647,0.2692299,-0.007259111,-0.2691932,0.9630588,static,13.77228,-4.636797,16.83913,11.82109,0.6799181600259856,9.81269927961364
974,05/17/2023 13:16:29.656215,1432,True,True,True,True,Eyes,1.317087,-0.2752703,-2.998894,0.2379955,-0.07798567,0.9681304,0.0,0.0,0.0,0.0,0.0,0.0,0.0,-1.300799,1.067605,2.831944,1.316112,-0.2742745,-3.007389,0.1359039,-0.00326754,-0.002914069,0.9907124,15.62049,359.5677,359.6036,0.4006088,-0.0838494,-0.912404,0,0,0,1.883732,-0.4077892,-1.05194,0.5795999,0.4008,1.915,0.9999616,-0.006662151,0.005682317,0.004885865,0.9630433,0.2693024,-0.007266451,-0.2692643,0.9630389,static,13.81115,-4.605395,16.83913,11.82109,0.6818061791887238,9.814499678187602
975,05/17/2023 13:16:29.666666,1433,True,True,True,True,Eyes,1.317231,-0.2752796,-2.998887,0.2387048,-0.0774267,0.9680006,0.0,0.0,0.0,0.0,0.0,0.0,0.0,-1.30095,1.068101,2.831759,1.316103,-0.2742816,-3.00746,0.1360123,-0.003253464,-0.002969485,0.9906973,15.63302,359.5684,359.5973,0.4006184,-0.08383917,-0.9124007,0,0,0,1.883792,-0.4082853,-1.052064,0.5795998,0.4007999,1.915,0.9999612,-0.006768745,0.005638622,0.004998701,0.9629837,0.2695135,-0.007254169,-0.2694748,0.9629802,static,13.85252,-4.573136,16.83912,11.82108,0.6838696106839195,9.816356956700156
976,05/17/2023 13:16:29.686519,1434,True,True,True,True,Eyes,1.317368,-0.275288,-2.998881,0.2393942,-0.07689748,0.9678725,0.0,0.0,0.0,0.0,0.0,0.0,0.0,-1.301585,1.068573,2.831232,1.316108,-0.2743046,-3.007401,0.1361075,-0.003150677,-0.002984426,0.9906846,15.64406,359.5802,359.5971,0.4006308,-0.08383011,-0.9123961,0,0,0,1.884202,-0.4086856,-1.052149,0.5795999,0.4008,1.915,0.9999623,-0.00677091,0.00543025,0.005055587,0.9629316,0.269698,-0.00705506,-0.2696604,0.9629297,static,13.89275,-4.542608,16.83913,11.82109,0.6859152770305414,9.81812038596973
977,05/17/2023 13:16:29.706434,1435,True,True,True,True,Eyes,1.317506,-0.2752976,-2.998875,0.2400881,-0.07638345,0.9677413,0.0,0.0,0.0,0.0,0.0,0.0,0.0,-1.302183,1.069229,2.830726,1.316071,-0.2742906,-3.007435,0.1362155,-0.003035762,-0.002951081,0.9906702,15.65662,359.5942,359.6029,0.4006456,-0.08382209,-0.9123904,0,0,0,1.884604,-0.409043,-1.052336,0.5796,0.4008,1.915,0.9999642,-0.006674131,0.005210911,0.00502006,0.9628732,0.2699072,-0.006818843,-0.2698714,0.9628722,static,13.93327,-4.512978,16.83913,11.82109,0.6880275988273112,9.819839871728522
978,05/17/2023 13:16:29.716543,1436,True,True,True,True,Eyes,1.317638,-0.2753074,-2.998872,0.2407609,-0.07587898,0.9676139,0.0,0.0,0.0,0.0,0.0,0.0,0.0,-1.303037,1.069251,2.830329,1.316049,-0.2743194,-3.007446,0.1361687,-0.002858678,-0.002825858,0.9906775,15.65132,359.6172,359.6205,0.4006624,-0.08381503,-0.9123836,0,0,0,1.885242,-0.4087186,-1.052514,0.5795997,0.4008,1.915,0.9999677,-0.006377553,0.004894469,0.004820504,0.9629002,0.2698147,-0.006433642,-0.2697824,0.9628999,static,13.97255,-4.483882,16.83912,11.82109,0.6900579733918208,9.821525625359218
979,05/17/2023 13:16:29.736545,1437,True,True,True,True,Eyes,1.317742,-0.2753163,-2.998867,0.2414313,-0.07536741,0.9674867,0.0,0.0,0.0,0.0,0.0,0.0,0.0,-1.303333,1.069211,2.83023,1.316004,-0.2743409,-3.007484,0.1360795,-0.002758571,-0.002642922,0.9906906,15.64111,359.632,359.6437,0.400681,-0.08380885,-0.912376,0,0,0,1.88554,-0.4081651,-1.052613,0.5795997,0.4008,1.915,0.9999708,-0.005987405,0.004746486,0.004485865,0.9629508,0.2696399,-0.006185075,-0.2696108,0.9629496,static,14.01169,-4.454357,16.83912,11.82109,0.6920563791886203,9.82323236419764
980,05/17/2023 13:16:29.756235,1438,True,True,True,True,Eyes,1.317841,-0.2753216,-2.998865,0.2420651,-0.07487518,0.9673666,0.0,0.0,0.0,0.0,0.0,0.0,0.0,-1.302989,1.069099,2.830416,1.315964,-0.2743469,-3.007487,0.1359648,-0.002762802,-0.002437434,0.9907069,15.62792,359.6349,359.668,0.4007004,-0.08380345,-0.9123681,0,0,0,1.885431,-0.4074854,-1.052549,0.5795999,0.4007999,1.915,0.9999729,-0.005580853,0.004811442,0.004078277,0.9630152,0.2694161,-0.006137064,-0.2693892,0.9630119,static,14.0487,-4.425929,16.83913,11.82109,0.693922365057313,9.824872052748754
981,05/17/2023 13:16:29.772186,1439,True,True,True,True,Eyes,1.317988,-0.2753277,-2.998864,0.2426296,-0.07440938,0.9672611,0.0,0.0,0.0,0.0,0.0,0.0,0.0,-1.302108,1.069486,2.830722,1.315927,-0.2742695,-3.007555,0.1359796,-0.002877876,-0.002315602,0.9907048,15.62964,359.6233,359.6805,0.4007204,-0.08379867,-0.9123597,0,0,0,1.884911,-0.4073441,-1.052471,0.5795999,0.4008,1.915,0.9999727,-0.00537082,0.005072501,0.003805491,0.9630083,0.2694446,-0.006332,-0.269418,0.9630026,static,14.08163,-4.398981,16.83913,11.82109,0.6955058561060259,9.826414789696441
982,05/17/2023 13:16:29.786601,1440,True,True,True,True,Eyes,1.318129,-0.275332,-2.998865,0.2431555,-0.07395931,0.9671637,0.0,0.0,0.0,0.0,0.0,0.0,0.0,-1.301172,1.069701,2.831059,1.315978,-0.2742634,-3.007522,0.1360103,-0.003045808,-0.002318256,0.9907,15.63313,359.6034,359.6774,0.4007421,-0.08379439,-0.9123505,0,0,0,1.884305,-0.4074867,-1.052258,0.5795998,0.4007999,1.915,0.9999707,-0.005421915,0.00540435,0.00376487,0.9629917,0.2695049,-0.006665577,-0.2694766,0.9629839,static,14.1123,-4.372916,16.83912,11.82108,0.6969358012342157,9.827900620742394
983,05/17/2023 13:16:29.806385,1441,True,True,True,True,Eyes,1.318291,-0.2753404,-2.998868,0.2436278,-0.07353847,0.9670769,0.0,0.0,0.0,0.0,0.0,0.0,0.0,-1.299965,1.069512,2.83172,1.315986,-0.274228,-3.007555,0.1359672,-0.003251106,-0.002315494,0.9907053,15.62808,359.5793,359.6744,0.4007653,-0.08379053,-0.9123407,0,0,0,1.88351,-0.4073083,-1.052047,0.5795999,0.4008,1.915,0.9999681,-0.005472031,0.005812114,0.003703857,0.9630151,0.2694218,-0.007071438,-0.2693917,0.9630048,static,14.13984,-4.348517,16.83913,11.82109,0.6981736634639446,9.829285187355284
984,05/17/2023 13:16:29.816442,1442,True,True,True,True,Eyes,1.318448,-0.2753456,-2.99887,0.2440745,-0.07313747,0.9669946,0.0,0.0,0.0,0.0,0.0,0.0,0.0,-1.298823,1.070595,2.831908,1.316007,-0.2743108,-3.007606,0.1361162,-0.003442626,-0.002289467,0.9906843,15.64526,359.5571,359.6743,0.4007902,-0.08378713,-0.9123301,0,0,0,1.882774,-0.4079775,-1.051919,0.5795999,0.4008,1.915,0.9999658,-0.005473473,0.006197843,0.003599085,0.9629343,0.2697122,-0.007444378,-0.2696806,0.9629211,static,14.16587,-4.325262,16.83913,11.82109,0.6993346577029411,9.830603658509364
985,05/17/2023 13:16:29.836806,1443,True,True,True,True,Eyes,1.318611,-0.2753527,-2.998869,0.2445272,-0.07274643,0.9669097,0.0,0.0,0.0,0.0,0.0,0.0,0.0,-1.298443,1.070423,2.832127,1.316064,-0.2742366,-3.00757,0.1361311,-0.003535146,-0.00237041,0.9906818,15.64692,359.5448,359.6633,0.4008166,-0.08378407,-0.9123188,0,0,0,1.88249,-0.4080678,-1.051795,0.5795999,0.4008,1.915,0.9999638,-0.00565913,0.006359036,0.003734158,0.9629254,0.2697419,-0.007649782,-0.2697084,0.9629117,static,14.19228,-4.3026,16.83913,11.82109,0.7005558941544854,9.831894125656577
986,05/17/2023 13:16:29.856835,1444,True,True,True,True,Eyes,1.318769,-0.2753594,-2.998869,0.2449702,-0.07236986,0.9668258,0.0,0.0,0.0,0.0,0.0,0.0,0.0,-1.29895,1.07004,2.831994,1.316124,-0.2742841,-3.007496,0.1361055,-0.003480832,-0.002463823,0.9906852,15.64394,359.5497,359.6532,0.4008446,-0.08378136,-0.9123067,0,0,0,1.882788,-0.4081127,-1.05179,0.5795999,0.4008,1.915,0.9999636,-0.005829266,0.006226138,0.003934225,0.9629384,0.2696926,-0.007567498,-0.2696583,0.9629264,static,14.21814,-4.280781,16.83913,11.82109,0.7017689250142958,9.833138915945913
987,05/17/2023 13:16:29.866552,1445,True,True,True,True,Eyes,1.318936,-0.2753663,-2.998868,0.2453465,-0.07194239,0.9667624,0.0,0.0,0.0,0.0,0.0,0.0,0.0,-1.299735,1.069461,2.831897,1.316165,-0.2742784,-3.00752,0.1360629,-0.003381108,-0.002579764,0.9906911,15.63899,359.5596,359.6411,0.4008738,-0.08377896,-0.9122941,0,0,0,1.88325,-0.4080564,-1.051934,0.5795999,0.4008,1.915,0.9999639,-0.006031585,0.005997246,0.004191411,0.9629604,0.2696102,-0.007401287,-0.2695753,0.9629509,static,14.23999,-4.255867,16.83913,11.82109,0.7024930796112292,9.834518959042763
988,05/17/2023 13:16:29.886444,1446,True,True,True,True,Eyes,1.319096,-0.2753699,-2.998868,0.2457153,-0.07153566,0.9666988,0.0,0.0,0.0,0.0,0.0,0.0,0.0,-1.300805,1.068589,2.831685,1.316176,-0.2742875,-3.007468,0.1359762,-0.003229065,-0.002701187,0.9907032,15.62897,359.5756,359.6293,0.4009043,-0.08377685,-0.9122809,0,0,0,1.883889,-0.4078394,-1.052047,0.5795998,0.4008,1.915,0.9999645,-0.0062303,0.005663495,0.004473996,0.9630063,0.2694416,-0.007132683,-0.2694067,0.9630001,static,14.26142,-4.232171,16.83912,11.82109,0.7032376294805649,9.83583502258749
989,05/17/2023 13:16:29.906553,1447,True,True,True,True,Eyes,1.319266,-0.2753756,-2.99887,0.2460557,-0.07109628,0.9666446,0.0,0.0,0.0,0.0,0.0,0.0,0.0,-1.301481,1.068371,2.83148,1.316179,-0.2742082,-3.007495,0.1360006,-0.003137533,-0.002799178,0.9906999,15.63178,359.5848,359.6192,0.4009359,-0.08377489,-0.9122672,0,0,0,1.884276,-0.4079545,-1.0522,0.5795997,0.4007999,1.915,0.9999647,-0.006399703,0.005455327,0.004692878,0.962992,0.269489,-0.006978086,-0.2694539,0.9629881,static,14.28113,-4.206505,16.83912,11.82108,0.7037426583902961,9.837241655451292
990,05/17/2023 13:16:29.916553,1448,True,True,True,True,Eyes,1.319428,-0.2753806,-2.998873,0.2463759,-0.07066949,0.9665944,0.0,0.0,0.0,0.0,0.0,0.0,0.0,-1.301768,1.068919,2.831151,1.316153,-0.2742574,-3.007512,0.1360938,-0.003086203,-0.002805548,0.9906873,15.64257,359.5907,359.6193,0.4009686,-0.08377313,-0.912253,0,0,0,1.884452,-0.4083712,-1.0523,0.5795999,0.4008,1.915,0.9999652,-0.006398868,0.005351288,0.004718816,0.9629412,0.2696701,-0.006878558,-0.2696354,0.962938,static,14.29967,-4.18156,16.83913,11.82109,0.7041804476878188,9.838605457083066
991,05/17/2023 13:16:29.936649,1449,True,True,True,True,Eyes,1.319598,-0.2753876,-2.998875,0.2466452,-0.07021958,0.9665586,0.0,0.0,0.0,0.0,0.0,0.0,0.0,-1.301229,1.068661,2.831548,1.316133,-0.2742462,-3.00757,0.1360329,-0.003169211,-0.002785065,0.9906954,15.63551,359.5813,359.6204,0.401002,-0.08377152,-0.9122384,0,0,0,1.884102,-0.4081087,-1.052246,0.5795999,0.4007999,1.915,0.9999644,-0.006380537,0.005521724,0.004656069,0.9629745,0.269552,-0.007037167,-0.2695167,0.96297,static,14.31517,-4.155185,16.83913,11.82109,0.7042901609301935,9.840025361360238
992,05/17/2023 13:16:29.946814,1450,True,True,True,True,Eyes,1.319763,-0.2753923,-2.998874,0.2468987,-0.06978647,0.9665252,0.0,0.0,0.0,0.0,0.0,0.0,0.0,-1.300884,1.068768,2.831591,1.316147,-0.2742981,-3.007488,0.1360323,-0.003224867,-0.002761259,0.9906954,15.63543,359.5751,359.6223,0.4010366,-0.0837701,-0.9122233,0,0,0,1.883893,-0.4081392,-1.052097,0.5795998,0.4008,1.915,0.9999639,-0.006348504,0.005638481,0.00459376,0.9629751,0.269551,-0.007140962,-0.2695154,0.9629697,static,14.32975,-4.129787,16.83912,11.82109,0.7043660401642078,9.841390807529221
993,05/17/2023 13:16:29.966394,1451,True,True,True,True,Eyes,1.319949,-0.2753995,-2.998876,0.2471376,-0.06934873,0.9664956,0.0,0.0,0.0,0.0,0.0,0.0,0.0,-1.3006,1.068255,2.831872,1.316157,-0.2742467,-3.007448,0.1359905,-0.003295503,-0.002853617,0.9907006,15.63053,359.5653,359.6103,0.4010718,-0.0837688,-0.912208,0,0,0,1.883651,-0.4080383,-1.051981,0.5795999,0.4008,1.915,0.999962,-0.006550475,0.005753583,0.004757847,0.9629968,0.2694706,-0.007305843,-0.2694329,0.9629915,static,14.34347,-4.104097,16.83913,11.82109,0.7043543333662621,9.842766422159547
994,05/17/2023 13:16:29.986779,1452,True,True,True,True,Eyes,1.320128,-0.2754053,-2.998876,0.2473707,-0.06893284,0.9664658,0.0,0.0,0.0,0.0,0.0,0.0,0.0,-1.300434,1.068231,2.831963,1.316128,-0.2742979,-3.007462,0.1360027,-0.003332919,-0.002915827,0.9906986,15.6319,359.5599,359.6023,0.4011083,-0.08376765,-0.912192,0,0,0,1.883492,-0.408214,-1.051965,0.5796,0.4008,1.915,0.9999608,-0.006683984,0.005810715,0.004870839,0.9629894,0.2694949,-0.007396957,-0.269456,0.9629843,static,14.35686,-4.079693,16.83913,11.82109,0.7043739261630684,9.84407509581536
995,05/17/2023 13:16:30.006240,1453,True,True,True,True,Eyes,1.320327,-0.2754112,-2.998879,0.2475844,-0.06852891,0.9664397,0.0,0.0,0.0,0.0,0.0,0.0,0.0,-1.300788,1.06819,2.831765,1.316128,-0.2742682,-3.007417,0.1360401,-0.00329048,-0.002992016,0.9906933,15.6362,359.5637,359.594,0.4011456,-0.08376661,-0.9121757,0,0,0,1.883678,-0.4084122,-1.051991,0.5795999,0.4008,1.915,0.9999604,-0.006823616,0.005705645,0.005033067,0.9629683,0.2695677,-0.007333781,-0.2695283,0.9629645,static,14.36912,-4.055976,16.83913,11.82109,0.7043281440182934,9.845342876366399
996,05/17/2023 13:16:30.016348,1454,True,True,True,True,Eyes,1.320518,-0.2754131,-2.998885,0.2477944,-0.06813546,0.9664137,0.0,0.0,0.0,0.0,0.0,0.0,0.0,-1.300974,1.068373,2.831656,1.316134,-0.2742636,-3.007458,0.1360505,-0.003248399,-0.002940702,0.9906922,15.63745,359.5694,359.6007,0.4011843,-0.08376563,-0.9121588,0,0,0,1.883835,-0.408384,-1.052073,0.5795999,0.4008,1.915,0.9999616,-0.006710554,0.005636159,0.004942769,0.9629632,0.2695874,-0.007236495,-0.2695492,0.9629595,static,14.38118,-4.032875,16.83913,11.82109,0.7042937453078839,9.846578366245957
997,05/17/2023 13:16:30.036388,1455,True,True,True,True,Eyes,1.320728,-0.2754184,-2.998892,0.248007,-0.06775813,0.9663857,0.0,0.0,0.0,0.0,0.0,0.0,0.0,-1.301323,1.067901,2.831756,1.316122,-0.274172,-3.007549,0.1359811,-0.003185682,-0.002936305,0.990702,15.62945,359.5769,359.6023,0.4012239,-0.08376461,-0.9121414,0,0,0,1.884067,-0.4080046,-1.052215,0.5795997,0.4008,1.915,0.9999624,-0.006684391,0.005513559,0.004951621,0.963001,0.2694522,-0.007110686,-0.2694147,0.962998,static,14.3934,-4.010729,16.83912,11.82109,0.7043174579821401,9.847766324691923
998,05/17/2023 13:16:30.047289,1456,True,True,True,True,Eyes,1.320928,-0.2754249,-2.998896,0.2482184,-0.06739176,0.9663571,0.0,0.0,0.0,0.0,0.0,0.0,0.0,-1.301917,1.068092,2.831392,1.316149,-0.2742469,-3.007512,0.1359748,-0.003071452,-0.002856821,0.9907035,15.62879,359.5917,359.6135,0.4012648,-0.08376361,-0.9121235,0,0,0,1.88452,-0.4079477,-1.052293,0.5796,0.4008001,1.915,0.9999648,-0.006495805,0.005308885,0.004825244,0.9630054,0.269439,-0.006862707,-0.2694038,0.9630029,static,14.40557,-3.989231,16.83913,11.82109,0.7043669518356719,9.848921178144032
999,05/17/2023 13:16:30.066624,1457,True,True,True,True,Eyes,1.321155,-0.2754281,-2.998901,0.2484031,-0.06703436,0.9663345,0.0,0.0,0.0,0.0,0.0,0.0,0.0,-1.302387,1.068165,2.831097,1.316129,-0.2742864,-3.007469,0.1359491,-0.002968058,-0.002767248,0.9907075,15.6259,359.6053,359.6258,0.4013067,-0.08376271,-0.9121051,0,0,0,1.884881,-0.4077686,-1.052346,0.5795999,0.4008,1.915,0.9999671,-0.006290076,0.005128545,0.004676058,0.9630204,0.269388,-0.006633364,-0.2693551,0.9630181,static,14.41616,-3.968235,16.83913,11.82109,0.7043037454409471,9.850042091330995
1000,05/17/2023 13:16:30.086369,1458,True,True,True,True,Eyes,1.321373,-0.2754325,-2.998905,0.2485801,-0.06668862,0.9663129,0.0,0.0,0.0,0.0,0.0,0.0,0.0,-1.302361,1.067918,2.831146,1.316085,-0.2741908,-3.007445,0.1359099,-0.002957893,-0.002737051,0.9907131,15.62138,359.6071,359.6295,0.4013501,-0.08376174,-0.9120861,0,0,0,1.884869,-0.4074825,-1.052318,0.5795998,0.4008001,1.915,0.9999675,-0.006227278,0.005116862,0.004619251,0.963042,0.2693116,-0.006604831,-0.2692792,0.9630395,static,14.42631,-3.947922,16.83913,11.82109,0.7042343738516976,9.85112602724622
1001,05/17/2023 13:16:30.096785,1459,True,True,True,True,Eyes,1.321582,-0.2754382,-2.998911,0.2487227,-0.06635378,0.9662992,0.0,0.0,0.0,0.0,0.0,0.0,0.0,-1.302273,1.068094,2.831113,1.316093,-0.2742287,-3.007431,0.1358978,-0.002955486,-0.002654783,0.9907149,15.62002,359.6087,359.6393,0.4013947,-0.08376077,-0.9120666,0,0,0,1.884865,-0.4073787,-1.052291,0.5795999,0.4008,1.915,0.9999685,-0.006063555,0.00513453,0.004456979,0.9630494,0.2692877,-0.006577647,-0.2692563,0.9630461,static,14.43444,-3.928217,16.83913,11.82109,0.7040193479936852,9.8521682837867
1002,05/17/2023 13:16:30.116305,1460,True,True,True,True,Eyes,1.321782,-0.2754399,-2.998915,0.2488569,-0.06603097,0.9662868,0.0,0.0,0.0,0.0,0.0,0.0,0.0,-1.301801,1.068463,2.831219,1.316071,-0.2742704,-3.007463,0.1359472,-0.003030857,-0.002650853,0.9907079,15.62571,359.5998,359.6385,0.4014401,-0.08375984,-0.9120467,0,0,0,1.884546,-0.4076217,-1.052251,0.5795998,0.4008,1.915,0.9999676,-0.006076515,0.005284636,0.004428369,0.9630226,0.269384,-0.00672614,-0.2693519,0.9630183,static,14.44208,-3.909216,16.83912,11.82109,0.7037948279057087,9.853172229859956
1003,05/17/2023 13:16:30.136191,1461,True,True,True,True,Eyes,1.321968,-0.2754461,-2.99892,0.2489619,-0.06570682,0.9662819,0.0,0.0,0.0,0.0,0.0,0.0,0.0,-1.30156,1.068384,2.831291,1.316053,-0.2741761,-3.007416,0.1359363,-0.003062024,-0.002621821,0.9907094,15.62445,359.5966,359.6414,0.401486,-0.08375885,-0.9120266,0,0,0,1.884399,-0.407456,-1.052161,0.5796,0.4008,1.915,0.9999675,-0.006027406,0.00535435,0.004362444,0.9630288,0.2693629,-0.006779953,-0.2693307,0.9630238,static,14.44799,-3.890104,16.83913,11.82109,0.7034162352874862,9.854172490843471
1004,05/17/2023 13:16:30.156540,1462,True,True,True,True,Eyes,1.322152,-0.275442,-2.998931,0.2490464,-0.06537014,0.966283,0.0,0.0,0.0,0.0,0.0,0.0,0.0,-1.300073,1.06906,2.831801,1.316033,-0.2743046,-3.00749,0.1358908,-0.003246743,-0.002342812,0.9907157,15.61923,359.5794,359.6713,0.401532,-0.08375793,-0.9120065,0,0,0,1.883582,-0.4071141,-1.051971,0.5795999,0.4008001,1.915,0.9999679,-0.005524527,0.005796466,0.003759717,0.9630564,0.2692736,-0.007069932,-0.2692431,0.9630463,static,14.45267,-3.870228,16.83913,11.82109,0.7028962929892308,9.855204846709167
1005,05/17/2023 13:16:30.166655,1463,True,True,True,True,Eyes,1.322337,-0.2754407,-2.998937,0.2491109,-0.06505492,0.9662875,0.0,0.0,0.0,0.0,0.0,0.0,0.0,-1.299011,1.066737,2.833326,1.316152,-0.27406,-3.007612,0.1355382,-0.003461803,-0.002414805,0.9907632,15.57835,359.553,359.6596,0.4015779,-0.08375677,-0.9119864,0,0,0,1.882883,-0.4055923,-1.05177,0.5795998,0.4008001,1.915,0.9999644,-0.005723414,0.006205057,0.003846588,0.9632471,0.2685893,-0.007514251,-0.2685558,0.9632348,static,14.45619,-3.851603,16.83912,11.82109,0.7023345786030806,9.856167568612415
1006,05/17/2023 13:16:30.186498,1464,True,True,True,True,Eyes,1.322517,-0.2754457,-2.998944,0.2491668,-0.06477166,0.9662922,0.0,0.0,0.0,0.0,0.0,0.0,0.0,-1.299263,1.06511,2.833762,1.31623,-0.2741283,-3.007514,0.1353285,-0.003473347,-0.002597369,0.9907913,15.554,359.5489,359.638,0.401624,-0.08375548,-0.9119663,0,0,0,1.882967,-0.4050426,-1.051633,0.5795999,0.4008,1.915,0.9999624,-0.006086986,0.006179729,0.004206815,0.9633589,0.2681826,-0.007585721,-0.2681465,0.9633483,static,14.45924,-3.834864,16.83913,11.82109,0.7018199692241016,9.857032192515188
1007,05/17/2023 13:16:30.196232,1465,True,True,True,True,Eyes,1.322707,-0.275451,-2.998949,0.2492204,-0.06455977,0.9662925,0.0,0.0,0.0,0.0,0.0,0.0,0.0,-1.29922,1.065217,2.833822,1.316307,-0.2742732,-3.007543,0.1354797,-0.003577108,-0.002960689,0.9907693,15.57128,359.5307,359.5934,0.4016699,-0.08375427,-0.9119461,0,0,0,1.882735,-0.4062126,-1.051641,0.5795997,0.4008,1.915,0.9999569,-0.00683597,0.006285951,0.004897468,0.9632729,0.2684794,-0.007890404,-0.2684371,0.9632649,static,14.46221,-3.822355,16.83912,11.82109,0.7014948629020201,9.857682040283377
1008,05/17/2023 13:16:30.216243,1466,True,True,True,True,Eyes,1.322889,-0.2754613,-2.998957,0.2492857,-0.06438168,0.9662875,0.0,0.0,0.0,0.0,0.0,0.0,0.0,-1.301791,1.066222,2.832187,1.316327,-0.2742608,-3.007464,0.1359027,-0.003256943,-0.003445164,0.9907109,15.62013,359.5604,359.5412,0.401716,-0.08375314,-0.9119259,0,0,0,1.884131,-0.4083745,-1.052108,0.5796,0.4008,1.915,0.999955,-0.007711579,0.005516963,0.005941069,0.9630372,0.269303,-0.007389791,-0.2692581,0.9630397,static,14.46592,-3.811862,16.83913,11.82109,0.7013270544505228,9.858233714049042
1009,05/17/2023 13:16:30.236287,1467,True,True,True,True,Eyes,1.323087,-0.2754669,-2.998968,0.2493514,-0.06421272,0.9662819,0.0,0.0,0.0,0.0,0.0,0.0,0.0,-1.302678,1.068881,2.83087,1.316293,-0.274386,-3.007555,0.136278,-0.003063393,-0.003273838,0.9906605,15.66369,359.5857,359.5643,0.401762,-0.08375222,-0.9119057,0,0,0,1.884803,-0.4097567,-1.052492,0.5795999,0.4008,1.915,0.9999598,-0.00732147,0.00517726,0.005651579,0.9628352,0.2700304,-0.006961868,-0.2699903,0.9628379,static,14.46964,-3.801909,16.83913,11.82109,0.7011851778010854,9.858758078357042
1010,05/17/2023 13:16:30.256186,1468,True,True,True,True,Eyes,1.323279,-0.2754664,-2.998978,0.2494234,-0.06404391,0.9662744,0.0,0.0,0.0,0.0,0.0,0.0,0.0,-1.303438,1.069514,2.83031,1.316324,-0.2742707,-3.007579,0.1363544,-0.002908431,-0.003135029,0.990651,15.67266,359.6062,359.5832,0.4018084,-0.08375134,-0.9118854,0,0,0,1.885402,-0.4097622,-1.052689,0.5795999,0.4008,1.915,0.9999635,-0.007004594,0.00490753,0.005418285,0.9627953,0.2701775,-0.006617431,-0.270141,0.962798,static,14.47376,-3.791973,16.83913,11.82109,0.7010785225734724,9.859283733774888
1011,05/17/2023 13:16:30.266443,1469,True,True,True,True,Eyes,1.323477,-0.2754676,-2.998992,0.249461,-0.06386151,0.9662768,0.0,0.0,0.0,0.0,0.0,0.0,0.0,-1.304241,1.068473,2.830337,1.316355,-0.274122,-3.007583,0.1362483,-0.002799114,-0.003232192,0.9906656,15.66039,359.6176,359.5735,0.4018548,-0.08375032,-0.911865,0,0,0,1.885888,-0.4092901,-1.052803,0.5796,0.4008,1.915,0.9999634,-0.007166792,0.00466521,0.005641294,0.9628519,0.269971,-0.006426733,-0.2699349,0.9628571,static,14.47581,-3.781196,16.83913,11.82109,0.7007546352129017,9.859840865527762
1012,05/17/2023 13:16:30.286442,1470,True,True,True,True,Eyes,1.323666,-0.2754737,-2.999004,0.2494832,-0.06367321,0.9662835,0.0,0.0,0.0,0.0,0.0,0.0,0.0,-1.303775,1.066874,2.83121,1.316294,-0.2741555,-3.007658,0.1359872,-0.002883563,-0.003306837,0.990701,15.63012,359.6066,359.5635,0.4019016,-0.08374919,-0.9118445,0,0,0,1.88552,-0.4083912,-1.052725,0.5796,0.4008001,1.915,0.9999615,-0.007336428,0.004814122,0.005767918,0.9629931,0.2694643,-0.006612872,-0.2694262,0.9629983,static,14.47695,-3.770053,16.83913,11.82109,0.7003354221463389,9.860411646455333
1013,05/17/2023 13:16:30.297235,1471,True,True,True,True,Eyes,1.323859,-0.2754789,-2.99902,0.2495772,-0.06345095,0.9662739,0.0,0.0,0.0,0.0,0.0,0.0,0.0,-1.302619,1.066365,2.831907,1.316271,-0.2742817,-3.007632,0.1358318,-0.003057923,-0.0032306,0.990722,15.6121,359.5873,359.5698,0.4019484,-0.08374814,-0.911824,0,0,0,1.884797,-0.4078425,-1.052448,0.5795998,0.4008,1.915,0.9999604,-0.007231978,0.005181467,0.005570526,0.9630786,0.2691628,-0.006936739,-0.2691233,0.9630808,static,14.48231,-3.756968,16.83912,11.82109,0.7001893055202402,9.861103543176286
1014,05/17/2023 13:16:30.316726,1472,True,True,True,True,Eyes,1.324046,-0.2754788,-2.999033,0.2496582,-0.06323005,0.9662674,0.0,0.0,0.0,0.0,0.0,0.0,0.0,-1.300538,1.066614,2.832888,1.316289,-0.2742678,-3.007736,0.1357993,-0.003387287,-0.003116626,0.9907258,15.60826,359.5504,359.5779,0.4019952,-0.08374712,-0.9118035,0,0,0,1.883497,-0.4076182,-1.052156,0.5795999,0.4008,1.915,0.9999576,-0.007095427,0.005865273,0.005255462,0.9630976,0.2691009,-0.007558215,-0.2690587,0.9630941,static,14.48691,-3.743951,16.83913,11.82109,0.6999809248984736,9.861787904314241
1015,05/17/2023 13:16:30.336262,1473,True,True,True,True,Eyes,1.324241,-0.2754796,-2.999047,0.2497971,-0.06300056,0.9662465,0.0,0.0,0.0,0.0,0.0,0.0,0.0,-1.299847,1.066113,2.833352,1.316342,-0.2741396,-3.007686,0.1357096,-0.003503602,-0.00307596,0.9907378,15.59784,359.5374,359.5809,0.4020419,-0.08374598,-0.911783,0,0,0,1.883085,-0.4071062,-1.051944,0.5795998,0.4008001,1.915,0.9999565,-0.007045884,0.006107427,0.005143994,0.9631469,0.2689267,-0.007777175,-0.2688836,0.9631413,static,14.49493,-3.730481,16.83912,11.82109,0.7000459073743355,9.86251362446621
1016,05/17/2023 13:16:30.346715,1474,True,True,True,True,Eyes,1.324432,-0.2754852,-2.999058,0.2499342,-0.06277873,0.9662255,0.0,0.0,0.0,0.0,0.0,0.0,0.0,-1.29939,1.065768,2.833745,1.316388,-0.2741604,-3.007715,0.1356326,-0.003585173,-0.003061554,0.990748,15.58891,359.528,359.5813,0.4020888,-0.08374474,-0.9117624,0,0,0,1.882809,-0.4068186,-1.051859,0.5795999,0.4008,1.915,0.9999556,-0.007038989,0.006273514,0.005093924,0.9631889,0.2687773,-0.0079345,-0.2687334,0.9631819,static,14.50285,-3.717463,16.83913,11.82109,0.7001232671669317,9.863215902410086
1017,05/17/2023 13:16:30.366667,1475,True,True,True,True,Eyes,1.324633,-0.2754895,-2.99907,0.2501242,-0.06256136,0.9661905,0.0,0.0,0.0,0.0,0.0,0.0,0.0,-1.29966,1.066225,2.833425,1.316467,-0.2742814,-3.007646,0.1356457,-0.003526261,-0.00294358,0.9907469,15.59051,359.5369,359.5961,0.4021357,-0.08374357,-0.9117418,0,0,0,1.883087,-0.4068488,-1.051842,0.5795999,0.4008002,1.915,0.9999578,-0.006789328,0.006188695,0.00487604,0.9631832,0.2688019,-0.007785832,-0.2687604,0.9631756,static,14.51392,-3.704761,16.83913,11.82109,0.7004864513148554,9.86391911907404
1018,05/17/2023 13:16:30.386672,1476,True,True,True,True,Eyes,1.324825,-0.2754962,-2.99908,0.2503267,-0.0623646,0.9661506,0.0,0.0,0.0,0.0,0.0,0.0,0.0,-1.300365,1.06635,2.83309,1.316533,-0.2742455,-3.007654,0.1357083,-0.003432656,-0.003007308,0.9907383,15.59777,359.5468,359.5901,0.4021829,-0.08374242,-0.9117211,0,0,0,1.883535,-0.4071189,-1.051981,0.5795999,0.4008001,1.915,0.9999583,-0.00689059,0.005985494,0.00502723,0.9631484,0.2689236,-0.007617961,-0.2688823,0.9631429,static,14.52574,-3.693294,16.83913,11.82109,0.7009715340450928,9.864563790947095
1019,05/17/2023 13:16:30.406257,1477,True,True,True,True,Eyes,1.325015,-0.2754997,-2.999093,0.2505635,-0.062163,0.9661023,0.0,0.0,0.0,0.0,0.0,0.0,0.0,-1.302112,1.066111,2.832308,1.316501,-0.2743034,-3.007596,0.1357981,-0.003193428,-0.00327782,0.9907261,15.60813,359.5706,359.562,0.4022302,-0.08374136,-0.9117003,0,0,0,1.88451,-0.4078045,-1.052259,0.5796,0.4008001,1.915,0.9999582,-0.007362165,0.005437381,0.005627519,0.9630963,0.2690983,-0.007217867,-0.2690564,0.9630973,static,14.5396,-3.681571,16.83913,11.82109,0.7016203352282568,9.865232413023122
1020,05/17/2023 13:16:30.416489,1478,True,True,True,True,Eyes,1.325196,-0.2755066,-2.999104,0.2507866,-0.06196105,0.9660574,0.0,0.0,0.0,0.0,0.0,0.0,0.0,-1.302776,1.06602,2.832075,1.316442,-0.2742324,-3.007665,0.1357587,-0.003049841,-0.003186561,0.9907321,15.60367,359.589,359.5751,0.4022774,-0.08374029,-0.9116796,0,0,0,1.884988,-0.4074538,-1.052464,0.5795997,0.4008001,1.915,0.9999611,-0.007142141,0.005177944,0.005485971,0.9631189,0.2690205,-0.006908358,-0.2689816,0.9631205,static,14.55264,-3.669814,16.83912,11.82109,0.7021969719602896,9.865898345252143
1021,05/17/2023 13:16:30.436455,1479,True,True,True,True,Eyes,1.325377,-0.2755071,-2.999119,0.250996,-0.06176438,0.9660156,0.0,0.0,0.0,0.0,0.0,0.0,0.0,-1.302242,1.066436,2.832166,1.316431,-0.2743266,-3.007664,0.1357099,-0.003086576,-0.00295926,0.9907394,15.59811,359.5884,359.6013,0.4023243,-0.08373933,-0.9116589,0,0,0,1.884773,-0.4071018,-1.052374,0.5795999,0.4008001,1.915,0.9999635,-0.006701469,0.005312784,0.005025953,0.9631481,0.2689247,-0.006919187,-0.2688881,0.9631466,static,14.56488,-3.658355,16.83913,11.82109,0.7027185798698619,9.866544871916876
1022,05/17/2023 13:16:30.456233,1480,True,True,True,True,Eyes,1.325548,-0.2755083,-2.999126,0.2512079,-0.06158412,0.9659721,0.0,0.0,0.0,0.0,0.0,0.0,0.0,-1.301358,1.066163,2.832762,1.316497,-0.2741697,-3.007731,0.1357415,-0.003281811,-0.003110328,0.990734,15.60162,359.5629,359.5804,0.402371,-0.08373825,-0.9116384,0,0,0,1.884116,-0.4072697,-1.052253,0.5795999,0.4008,1.915,0.9999591,-0.007053972,0.005658402,0.00527206,0.9631292,0.2689879,-0.007347205,-0.2689471,0.963127,static,14.57728,-3.647871,16.83913,11.82109,0.7032992277195935,9.867142853693524
1023,05/17/2023 13:16:30.466284,1481,True,True,True,True,Eyes,1.325724,-0.2755085,-2.999136,0.2513965,-0.06140907,0.9659341,0.0,0.0,0.0,0.0,0.0,0.0,0.0,-1.302411,1.065533,2.832335,1.316445,-0.2741799,-3.007583,0.1357777,-0.003161739,-0.003403861,0.9907285,15.60573,359.5723,359.5477,0.4024174,-0.08373713,-0.9116181,0,0,0,1.884612,-0.4077397,-1.052295,0.5795997,0.4008,1.915,0.9999568,-0.007603191,0.005340512,0.005886017,0.9631057,0.2690591,-0.007189186,-0.2690161,0.9631089,static,14.58831,-3.637672,16.83912,11.82109,0.7037751773725356,9.867719021273016
1024,05/17/2023 13:16:30.486328,1482,True,True,True,True,Eyes,1.325895,-0.2755131,-2.999143,0.251584,-0.06122769,0.9658968,0.0,0.0,0.0,0.0,0.0,0.0,0.0,-1.301473,1.065316,2.832895,1.316438,-0.274148,-3.007633,0.1357369,-0.003321594,-0.003414254,0.9907336,15.60093,359.5533,359.5439,0.4024634,-0.08373592,-0.9115979,0,0,0,1.883983,-0.4075816,-1.052156,0.5795998,0.4008001,1.915,0.9999546,-0.007666957,0.005654748,0.005863506,0.9631277,0.2689809,-0.007508509,-0.2689355,0.9631289,static,14.59926,-3.627096,16.83912,11.82109,0.7042267373244986,9.868313861960473
1025,05/17/2023 13:16:30.496810,1483,True,True,True,True,Eyes,1.326018,-0.2755148,-2.999146,0.2517344,-0.06099183,0.9658726,0.0,0.0,0.0,0.0,0.0,0.0,0.0,-1.30187,1.065131,2.83275,1.316508,-0.2742674,-3.007561,0.1356149,-0.003226213,-0.003240313,0.9907512,15.58693,359.5674,359.566,0.4025092,-0.08373478,-0.9115778,0,0,0,1.884381,-0.4070079,-1.052132,0.5795999,0.4008001,1.915,0.9999582,-0.007295732,0.005513879,0.005545642,0.9631963,0.2687421,-0.007271617,-0.2687003,0.9631964,static,14.60797,-3.613252,16.83913,11.82109,0.7043337512707912,9.869062246853609
1026,05/17/2023 13:16:30.516719,1484,True,True,True,True,Eyes,1.326136,-0.2755181,-2.999152,0.2518897,-0.06076715,0.9658462,0.0,0.0,0.0,0.0,0.0,0.0,0.0,-1.302612,1.064951,2.832465,1.31654,-0.274237,-3.007539,0.1355726,-0.003092983,-0.003183855,0.9907575,15.58213,359.5841,359.5749,0.4025534,-0.08373367,-0.9115584,0,0,0,1.88492,-0.4067274,-1.052241,0.5795999,0.4008001,1.915,0.9999606,-0.007147504,0.005265506,0.005470209,0.9632199,0.2686588,-0.006992079,-0.2686194,0.963221,static,14.61698,-3.600074,16.83913,11.82109,0.7044975102272513,9.86977849812174
1027,05/17/2023 13:16:30.536678,1485,True,True,True,True,Eyes,1.326204,-0.2755171,-2.999155,0.2519722,-0.06051,0.9658408,0.0,0.0,0.0,0.0,0.0,0.0,0.0,-1.303483,1.064874,2.832152,1.31653,-0.2742788,-3.007595,0.1355845,-0.002956874,-0.003241241,0.9907562,15.58354,359.5992,359.5703,0.4025962,-0.08373263,-0.9115396,0,0,0,1.885458,-0.406862,-1.052462,0.5795999,0.4008,1.915,0.9999615,-0.00722437,0.004980159,0.005620745,0.9632127,0.2686814,-0.006738006,-0.2686431,0.9632162,static,14.62164,-3.584899,16.83912,11.82109,0.7041941032902086,9.870572533881457
1028,05/17/2023 13:16:30.546442,1486,True,True,True,True,Eyes,1.326268,-0.2755168,-2.999156,0.2520561,-0.06025821,0.9658347,0.0,0.0,0.0,0.0,0.0,0.0,0.0,-1.304363,1.064572,2.831838,1.316511,-0.2742123,-3.007588,0.1356046,-0.002831128,-0.003358453,0.9907534,15.58588,359.6121,359.5585,0.4026363,-0.0837316,-0.9115219,0,0,0,1.885961,-0.4069908,-1.05262,0.5795997,0.4008001,1.915,0.9999614,-0.007422624,0.004699056,0.005886968,0.9632002,0.2687205,-0.006520743,-0.2686825,0.9632067,static,14.62639,-3.570043,16.83912,11.82109,0.7039132540469559,9.871350889364892
1029,05/17/2023 13:16:30.566498,1487,True,True,True,True,Eyes,1.326266,-0.2755145,-2.999155,0.2520884,-0.05996916,0.9658443,0.0,0.0,0.0,0.0,0.0,0.0,0.0,-1.304728,1.06406,2.831806,1.316488,-0.2742293,-3.007544,0.1355341,-0.002773058,-0.003393661,0.9907631,15.57773,359.6184,359.5553,0.4026741,-0.08373059,-0.9115053,0,0,0,1.886175,-0.4067615,-1.052629,0.5796,0.4007999,1.915,0.9999616,-0.007476315,0.004574974,0.00597294,0.9632379,0.2685831,-0.0064148,-0.2685455,0.9632456,static,14.62804,-3.552928,16.83913,11.82108,0.7032606753009103,9.872227032300554
1030,05/17/2023 13:16:30.586855,1488,True,True,True,True,Eyes,1.326262,-0.2755135,-2.999155,0.2521153,-0.05969421,0.9658543,0.0,0.0,0.0,0.0,0.0,0.0,0.0,-1.304543,1.063679,2.832054,1.316445,-0.2742329,-3.007581,0.1354635,-0.002796986,-0.003394102,0.9907726,15.56956,359.6157,359.5549,0.4027081,-0.08372962,-0.9114904,0,0,0,1.88604,-0.4064907,-1.05262,0.5795999,0.4007999,1.915,0.9999613,-0.007483346,0.004622799,0.005967788,0.9632761,0.2684461,-0.006461908,-0.2684082,0.9632837,static,14.62939,-3.536643,16.83913,11.82109,0.7026208074955949,9.873059502465113
1031,05/17/2023 13:16:30.596755,1489,True,True,True,True,Eyes,1.326217,-0.275511,-2.999151,0.2520738,-0.05941158,0.9658825,0.0,0.0,0.0,0.0,0.0,0.0,0.0,-1.304138,1.064151,2.832058,1.3164,-0.2742611,-3.007593,0.1355104,-0.002844571,-0.003334179,0.9907663,15.57498,359.611,359.5612,0.4027386,-0.08372872,-0.911477,0,0,0,1.885792,-0.406642,-1.052582,0.5795997,0.4008001,1.915,0.9999616,-0.007377721,0.004732979,0.005835846,0.9632517,0.2685372,-0.006540242,-0.2684993,0.9632577,static,14.62668,-3.519837,16.83912,11.82109,0.7016072645006799,9.873896524775617
1032,05/17/2023 13:16:30.616602,1490,True,True,True,True,Eyes,1.326173,-0.2755077,-2.999149,0.2520271,-0.05914509,0.9659111,0.0,0.0,0.0,0.0,0.0,0.0,0.0,-1.303722,1.064848,2.83196,1.316396,-0.274262,-3.00757,0.1356095,-0.002904738,-0.003289977,0.9907528,15.58644,359.6046,359.5654,0.4027649,-0.0837279,-0.9114655,0,0,0,1.885539,-0.4069921,-1.052509,0.5795999,0.4008,1.915,0.9999615,-0.007306926,0.004863449,0.005731286,0.9631985,0.2687301,-0.006648057,-0.2686919,0.9632033,static,14.62367,-3.503985,16.83912,11.82109,0.700612189490553,9.87468359089716
1033,05/17/2023 13:16:30.636489,1491,True,True,True,True,Eyes,1.326083,-0.2755035,-2.999146,0.2519545,-0.05885609,0.9659476,0.0,0.0,0.0,0.0,0.0,0.0,0.0,-1.303166,1.065282,2.832081,1.316377,-0.2742358,-3.007607,0.1356738,-0.002991555,-0.003271126,0.9907438,15.59384,359.5946,359.5661,0.4027875,-0.0837271,-0.9114555,0,0,0,1.885175,-0.4072104,-1.052463,0.5795999,0.4008,1.915,0.9999607,-0.007293446,0.005040116,0.005669943,0.9631639,0.2688555,-0.00681534,-0.2688164,0.9631673,static,14.61911,-3.486774,16.83913,11.82109,0.6994205945547443,9.875531180135127
1034,05/17/2023 13:16:30.646641,1492,True,True,True,True,Eyes,1.325994,-0.2754981,-2.999143,0.2518905,-0.05857579,0.9659814,0.0,0.0,0.0,0.0,0.0,0.0,0.0,-1.303084,1.06527,2.832157,1.316391,-0.2742527,-3.00763,0.135644,-0.002996073,-0.003219454,0.990748,15.59042,359.5949,359.5722,0.4028056,-0.08372635,-0.9114476,0,0,0,1.885158,-0.4070516,-1.052465,0.5795999,0.4008001,1.915,0.9999613,-0.007192133,0.005063306,0.005566535,0.9631807,0.2687974,-0.006810105,-0.2687588,0.9631834,static,14.61506,-3.470088,16.83913,11.82109,0.6982972751914445,9.876354910689008
1035,05/17/2023 13:16:30.666596,1493,True,True,True,True,Eyes,1.325859,-0.2754897,-2.999138,0.2519074,-0.05832077,0.9659925,0.0,0.0,0.0,0.0,0.0,0.0,0.0,-1.303451,1.065077,2.832054,1.316338,-0.2742194,-3.00765,0.1356133,-0.002921501,-0.003205555,0.9907524,15.58691,359.6039,359.575,0.4028196,-0.08372562,-0.9114414,0,0,0,1.885393,-0.4068705,-1.052559,0.5795999,0.4008001,1.915,0.9999624,-0.007144212,0.004919537,0.005559434,0.9631975,0.2687371,-0.0066584,-0.2686997,0.963201,static,14.61584,-3.454978,16.83913,11.82109,0.6976628942081005,9.87712477302379
1036,05/17/2023 13:16:30.686390,1494,True,True,True,True,Eyes,1.325727,-0.2754855,-2.999135,0.2519262,-0.05806848,0.9660028,0.0,0.0,0.0,0.0,0.0,0.0,0.0,-1.303938,1.064355,2.832096,1.316312,-0.274181,-3.007661,0.1355096,-0.00283983,-0.003230723,0.9907668,15.57494,359.6132,359.5734,0.4028288,-0.08372486,-0.9114375,0,0,0,1.885695,-0.4064402,-1.052638,0.5795997,0.4008,1.915,0.999963,-0.007171434,0.004751632,0.005632137,0.9632534,0.2685352,-0.006502807,-0.2684985,0.9632581,static,14.61674,-3.440032,16.83912,11.82109,0.6970464570246979,9.877886970795576
1037,05/17/2023 13:16:30.706308,1495,True,True,True,True,Eyes,1.325543,-0.2754765,-2.999128,0.2519848,-0.05783425,0.9660015,0.0,0.0,0.0,0.0,0.0,0.0,0.0,-1.30395,1.064578,2.832038,1.316263,-0.274278,-3.007702,0.1354581,-0.002791818,-0.003065158,0.9907745,15.56907,359.6216,359.5938,0.4028338,-0.08372418,-0.9114353,0,0,0,1.88579,-0.4061384,-1.052695,0.5795997,0.4008,1.915,0.9999656,-0.006830109,0.004701722,0.00531741,0.9632834,0.268434,-0.006362525,-0.2683998,0.9632866,static,14.62001,-3.426193,16.83912,11.82109,0.6966854258745543,9.878605827697202
1038,05/17/2023 13:16:30.717009,1496,True,True,True,True,Eyes,1.325364,-0.2754691,-2.999124,0.2520373,-0.05761232,0.966001,0.0,0.0,0.0,0.0,0.0,0.0,0.0,-1.304385,1.064502,2.831817,1.316265,-0.2742033,-3.007662,0.1354193,-0.002695117,-0.00296364,0.9907802,15.56466,359.6346,359.6073,0.4028338,-0.08372351,-0.9114354,0,0,0,1.886143,-0.4057809,-1.052738,0.5795998,0.4008,1.915,0.9999679,-0.006602575,0.004537869,0.005142691,0.9633057,0.2683576,-0.006143206,-0.2683257,0.9633087,static,14.62293,-3.413079,16.83912,11.82109,0.6963279267300941,9.879286063395543
1039,05/17/2023 13:16:30.736366,1497,True,True,True,True,Eyes,1.325143,-0.2754593,-2.99912,0.252086,-0.05739532,0.9660012,0.0,0.0,0.0,0.0,0.0,0.0,0.0,-1.303963,1.065274,2.831791,1.316225,-0.2742337,-3.007743,0.1354878,-0.002732289,-0.002841648,0.9907712,15.5726,359.6322,359.621,0.4028292,-0.08372287,-0.9114375,0,0,0,1.885924,-0.4059474,-1.052776,0.5795998,0.4008,1.915,0.9999689,-0.006371229,0.00464413,0.004890462,0.9632699,0.2684903,-0.006184164,-0.2684593,0.9632712,static,14.62563,-3.400253,16.83913,11.82109,0.6959648611024267,9.879950521448787
1040,05/17/2023 13:16:30.756422,1498,True,True,True,True,Eyes,1.32493,-0.2754506,-2.999117,0.2521257,-0.05718527,0.9660033,0.0,0.0,0.0,0.0,0.0,0.0,0.0,-1.30314,1.065481,2.832161,1.316236,-0.2742061,-3.007805,0.1355049,-0.002867705,-0.002815138,0.9907686,15.57455,359.6166,359.622,0.4028195,-0.08372223,-0.9114419,0,0,0,1.885399,-0.4059768,-1.052685,0.5796,0.4007999,1.915,0.9999677,-0.006355477,0.004919534,0.004801124,0.9632609,0.2685242,-0.006445395,-0.2684919,0.9632604,static,14.62781,-3.38783,16.83913,11.82109,0.6955757440733974,9.880591760083972
1041,05/17/2023 13:16:30.766589,1499,True,True,True,True,Eyes,1.324675,-0.2754385,-2.99911,0.2521613,-0.05698949,0.9660056,0.0,0.0,0.0,0.0,0.0,0.0,0.0,-1.302638,1.065138,2.832544,1.316231,-0.2742234,-3.007828,0.1354631,-0.002966025,-0.00287816,0.9907738,15.56965,359.604,359.613,0.4028054,-0.08372162,-0.9114482,0,0,0,1.885027,-0.4059153,-1.052596,0.5795999,0.4008,1.915,0.9999658,-0.006506784,0.005097552,0.004899635,0.9632829,0.2684438,-0.006657089,-0.2684096,0.9632819,static,14.62975,-3.376251,16.83913,11.82109,0.6952051527963912,9.881188939411835
1042,05/17/2023 13:16:30.786650,1500,True,True,True,True,Eyes,1.324433,-0.2754284,-2.999101,0.2521901,-0.05680146,0.9660093,0.0,0.0,0.0,0.0,0.0,0.0,0.0,-1.302049,1.064947,2.832864,1.316269,-0.2741724,-3.007795,0.1354629,-0.003087624,-0.002946478,0.9907733,15.56954,359.5886,359.603,0.4027863,-0.08372098,-0.9114566,0,0,0,1.884607,-0.4059587,-1.052436,0.5795999,0.4008,1.915,0.9999636,-0.0066751,0.005319993,0.005002066,0.9632822,0.2684443,-0.006916547,-0.2684079,0.9632806,static,14.63129,-3.365124,16.83913,11.82109,0.6948211147238783,9.881761062121978
1043,05/17/2023 13:16:30.806274,1501,True,True,True,True,Eyes,1.32415,-0.2754132,-2.99909,0.2522198,-0.05663594,0.9660112,0.0,0.0,0.0,0.0,0.0,0.0,0.0,-1.301804,1.064502,2.833129,1.31634,-0.2742079,-3.007746,0.1354291,-0.003167684,-0.003062917,0.9907774,15.56555,359.5773,359.588,0.4027631,-0.08372038,-0.911467,0,0,0,1.884397,-0.4060051,-1.052307,0.5796,0.4008,1.915,0.9999611,-0.006927331,0.005447323,0.005211344,0.9632992,0.2683795,-0.007106555,-0.2683407,0.9632978,static,14.63292,-3.355334,16.83913,11.82109,0.6945068978197633,9.882265919722126
1044,05/17/2023 13:16:30.816792,1502,True,True,True,True,Eyes,1.323879,-0.2754027,-2.999079,0.252257,-0.05647466,0.9660109,0.0,0.0,0.0,0.0,0.0,0.0,0.0,-1.301916,1.063838,2.833347,1.316385,-0.2741124,-3.007755,0.1354023,-0.003193728,-0.003228794,0.9907804,15.56237,359.5716,359.568,0.4027351,-0.08371969,-0.9114794,0,0,0,1.884385,-0.4059966,-1.052305,0.5795999,0.4008,1.915,0.9999588,-0.007262927,0.005454194,0.005533175,0.9633116,0.2683284,-0.007202938,-0.2682872,0.963312,static,14.63499,-3.345802,16.83913,11.82109,0.6942425346461318,9.882760071560096
1045,05/17/2023 13:16:30.836667,1503,True,True,True,True,Eyes,1.323627,-0.2753941,-2.99907,0.2522834,-0.05632133,0.966013,0.0,0.0,0.0,0.0,0.0,0.0,0.0,-1.302669,1.063439,2.833138,1.316406,-0.2742154,-3.007724,0.1353565,-0.003086263,-0.003301227,0.9907867,15.55709,359.5831,359.5612,0.4027032,-0.08371906,-0.9114936,0,0,0,1.884847,-0.4059862,-1.052394,0.5795997,0.4008,1.915,0.9999592,-0.007377115,0.005221971,0.005706132,0.9633355,0.2682391,-0.00700934,-0.2681984,0.9633382,static,14.63642,-3.336731,16.83912,11.82109,0.6939444832371724,9.883227419198123
1046,05/17/2023 13:16:30.856368,1504,True,True,True,True,Eyes,1.323385,-0.2753845,-2.999061,0.2523192,-0.05617571,0.9660121,0.0,0.0,0.0,0.0,0.0,0.0,0.0,-1.302896,1.062918,2.833289,1.316411,-0.2742519,-3.007775,0.1352535,-0.003045292,-0.003288288,0.990801,15.5452,359.5882,359.5635,0.4026681,-0.08371851,-0.9115092,0,0,0,1.885009,-0.405596,-1.052462,0.5795999,0.4007999,1.915,0.9999598,-0.007339851,0.005145052,0.005692306,0.9633914,0.2680386,-0.006924061,-0.2679985,0.9633945,static,14.63842,-3.328126,16.83913,11.82109,0.6937171329844651,9.883674220724744
1047,05/17/2023 13:16:30.866411,1505,True,True,True,True,Eyes,1.323157,-0.2753734,-2.999052,0.25235,-0.0560258,0.9660128,0.0,0.0,0.0,0.0,0.0,0.0,0.0,-1.303674,1.063016,2.832865,1.316404,-0.2742173,-3.007754,0.1352811,-0.002909746,-0.003277013,0.9907976,15.54847,359.6043,359.567,0.4026305,-0.08371799,-0.9115258,0,0,0,1.885529,-0.4056383,-1.052599,0.5795999,0.4008,1.915,0.9999616,-0.00728098,0.004879304,0.005706445,0.9633765,0.2680916,-0.006652575,-0.2680534,0.9633811,static,14.64013,-3.319263,16.83913,11.82109,0.6934528410573946,9.884132535218358
1048,05/17/2023 13:16:30.887073,1506,True,True,True,True,Eyes,1.322937,-0.2753621,-2.999046,0.2523788,-0.05588185,0.9660136,0.0,0.0,0.0,0.0,0.0,0.0,0.0,-1.303992,1.062284,2.83297,1.316409,-0.2741707,-3.007733,0.1351916,-0.002869862,-0.003336565,0.9908098,15.5381,359.6082,359.5606,0.4025909,-0.08371744,-0.9115434,0,0,0,1.885707,-0.4053008,-1.05261,0.5795999,0.4008,1.915,0.9999613,-0.007387764,0.004784824,0.005835839,0.9634242,0.2679175,-0.006589126,-0.2678791,0.96343,static,14.64171,-3.31075,16.83913,11.82109,0.6931936084028183,9.884572414680832
1049,05/17/2023 13:16:30.906083,1507,True,True,True,True,Eyes,1.322736,-0.2753553,-2.999038,0.252415,-0.0557625,0.9660109,0.0,0.0,0.0,0.0,0.0,0.0,0.0,-1.303964,1.061856,2.833179,1.316364,-0.2741535,-3.007787,0.1351629,-0.002890605,-0.003441063,0.9908133,15.53474,359.604,359.548,0.4025498,-0.08371685,-0.9115616,0,0,0,1.88561,-0.4052929,-1.052649,0.5795997,0.4008,1.915,0.9999596,-0.007600308,0.004797892,0.006037496,0.9634383,0.2678623,-0.006658309,-0.2678226,0.9634452,static,14.64376,-3.303704,16.83912,11.82109,0.6930429430695189,9.884940486497966
1050,05/17/2023 13:16:30.916475,1508,True,True,True,True,Eyes,1.322545,-0.2753473,-2.999031,0.252444,-0.05565703,0.9660095,0.0,0.0,0.0,0.0,0.0,0.0,0.0,-1.303992,1.062142,2.833009,1.31637,-0.2742483,-3.00773,0.1352205,-0.002897774,-0.003487498,0.9908052,15.54137,359.6024,359.5424,0.4025078,-0.08371633,-0.9115802,0,0,0,1.8856,-0.4056686,-1.052606,0.5795997,0.4008,1.915,0.9999589,-0.007694539,0.004799096,0.006127185,0.9634065,0.2679746,-0.00668542,-0.2679341,0.963414,static,14.64539,-3.297474,16.83912,11.82109,0.6928940090432072,9.885264949198291
1051,05/17/2023 13:16:30.936498,1509,True,True,True,True,Eyes,1.322348,-0.2753385,-2.999023,0.2524863,-0.05556081,0.966004,0.0,0.0,0.0,0.0,0.0,0.0,0.0,-1.303715,1.062266,2.833133,1.316429,-0.2742106,-3.007747,0.1353009,-0.002984295,-0.003616837,0.9907935,15.55058,359.5901,359.5257,0.4024652,-0.08371584,-0.911599,0,0,0,1.885353,-0.4061078,-1.052567,0.5795999,0.4008,1.915,0.9999561,-0.007974632,0.004934918,0.00635952,0.9633611,0.2681321,-0.006892363,-0.2680889,0.9633695,static,14.64782,-3.291805,16.83913,11.82109,0.6928399852977922,9.885565289592414
1052,05/17/2023 13:16:30.946776,1510,True,True,True,True,Eyes,1.322156,-0.2753288,-2.999016,0.2525315,-0.05546571,0.9659976,0.0,0.0,0.0,0.0,0.0,0.0,0.0,-1.303814,1.062057,2.833145,1.316412,-0.2741902,-3.007738,0.1353065,-0.002983704,-0.003700699,0.9907925,15.55119,359.5888,359.5158,0.4024219,-0.08371535,-0.9116182,0,0,0,1.885361,-0.4062052,-1.052572,0.5795997,0.4008,1.915,0.9999548,-0.008140678,0.004911005,0.00652582,0.9633569,0.2681434,-0.006913919,-0.2680993,0.9633665,static,14.65042,-3.286205,16.83912,11.82109,0.6928037987324325,9.885863048400655
1053,05/17/2023 13:16:30.966461,1511,True,True,True,True,Eyes,1.321967,-0.2753226,-2.99901,0.2525936,-0.05538344,0.9659861,0.0,0.0,0.0,0.0,0.0,0.0,0.0,-1.304095,1.061734,2.833094,1.31633,-0.274161,-3.007735,0.1352678,-0.002926542,-0.003721125,0.9907979,15.54673,359.5952,359.5144,0.4023781,-0.08371483,-0.9116375,0,0,0,1.885508,-0.4060386,-1.052628,0.5795998,0.4008001,1.915,0.9999552,-0.008165499,0.004792526,0.006582031,0.9633775,0.2680679,-0.00680592,-0.2680243,0.9633881,static,14.65404,-3.28138,16.83912,11.82109,0.6928913956740579,9.886127024840007
1054,05/17/2023 13:16:30.986419,1512,True,True,True,True,Eyes,1.321785,-0.275317,-2.999002,0.2526602,-0.05529777,0.9659736,0.0,0.0,0.0,0.0,0.0,0.0,0.0,-1.304024,1.062033,2.833046,1.316298,-0.2742426,-3.007772,0.1352214,-0.002890345,-0.003532938,0.990805,15.54146,359.6026,359.5372,0.402334,-0.08371437,-0.9116571,0,0,0,1.885568,-0.4057173,-1.052664,0.5795997,0.4008001,1.915,0.9999583,-0.007782578,0.004772079,0.006219232,0.9634054,0.2679765,-0.006682994,-0.2679357,0.9634137,static,14.65791,-3.276358,16.83912,11.82109,0.6929913664376088,9.886402329147474
1055,05/17/2023 13:16:30.996498,1513,True,True,True,True,Eyes,1.321601,-0.2753084,-2.998996,0.2527318,-0.05522767,0.9659589,0.0,0.0,0.0,0.0,0.0,0.0,0.0,-1.304379,1.062155,2.832772,1.316265,-0.2742549,-3.007724,0.1351793,-0.002789524,-0.003378289,0.9908115,15.5367,359.6169,359.557,0.4022898,-0.083714,-0.9116766,0,0,0,1.885889,-0.4053728,-1.052695,0.5796,0.4008,1.915,0.9999616,-0.007448668,0.004614435,0.005940324,0.9634303,0.2678933,-0.006441134,-0.2678556,0.9634375,static,14.6621,-3.272263,16.83913,11.82109,0.6931619214679974,9.886632381876106
1056,05/17/2023 13:16:31.016485,1514,True,True,True,True,Eyes,1.321422,-0.2753019,-2.998992,0.2527953,-0.05515953,0.9659461,0.0,0.0,0.0,0.0,0.0,0.0,0.0,-1.30468,1.062423,2.83251,1.316205,-0.2741782,-3.007736,0.1352134,-0.00271336,-0.003312121,0.9908074,15.5407,359.627,359.566,0.4022453,-0.08371361,-0.9116963,0,0,0,1.886109,-0.4053439,-1.052792,0.5795999,0.4008001,1.915,0.9999633,-0.007297112,0.004481148,0.005829582,0.9634128,0.2679588,-0.00627252,-0.2679228,0.96342,static,14.66582,-3.268278,16.83913,11.82109,0.693297125777754,9.88685433136328
1057,05/17/2023 13:16:31.036770,1515,True,True,True,True,Eyes,1.321242,-0.2752936,-2.998986,0.2528777,-0.05508633,0.9659287,0.0,0.0,0.0,0.0,0.0,0.0,0.0,-1.304074,1.063141,2.832566,1.31615,-0.2742232,-3.0078,0.1352462,-0.002767589,-0.003139148,0.9908033,15.54453,359.6234,359.5855,0.4022008,-0.08371326,-0.9117159,0,0,0,1.885795,-0.4053286,-1.052776,0.5795998,0.4008,1.915,0.999965,-0.006969168,0.004635158,0.005471944,0.9633972,0.2680221,-0.006333389,-0.2679873,0.9634016,static,14.67064,-3.264008,16.83912,11.82109,0.693513786583283,9.887096642078944
1058,05/17/2023 13:16:31.046812,1516,True,True,True,True,Eyes,1.321069,-0.2752862,-2.998981,0.2529475,-0.05500134,0.9659153,0.0,0.0,0.0,0.0,0.0,0.0,0.0,-1.303461,1.063212,2.832755,1.316114,-0.2741789,-3.007757,0.1351984,-0.002832288,-0.002995182,0.99081,15.53904,359.6181,359.6015,0.4021562,-0.08371289,-0.9117356,0,0,0,1.885467,-0.4049409,-1.052625,0.5795999,0.4008,1.915,0.999966,-0.006701154,0.00480263,0.00516947,0.9634248,0.2679288,-0.006422405,-0.2678949,0.9634267,static,14.67471,-3.259028,16.83913,11.82109,0.6936329233881975,9.88737089440506
1059,05/17/2023 13:16:31.066491,1517,True,True,True,True,Eyes,1.320882,-0.2752748,-2.99898,0.2530248,-0.0549198,0.9658998,0.0,0.0,0.0,0.0,0.0,0.0,0.0,-1.302488,1.06324,2.833218,1.316089,-0.274195,-3.007792,0.1350742,-0.002933446,-0.002735213,0.9908275,15.52473,359.6104,359.6306,0.4021117,-0.08371252,-0.9117552,0,0,0,1.884978,-0.4041852,-1.052473,0.5795998,0.4008,1.915,0.9999678,-0.006212715,0.005074164,0.004627783,0.963495,0.2676865,-0.006551991,-0.2676544,0.9634927,static,14.67923,-3.254259,16.83912,11.82109,0.693800592621928,9.887636876400707
1060,05/17/2023 13:16:31.086863,1518,True,True,True,True,Eyes,1.320705,-0.2752676,-2.998976,0.2530974,-0.05485369,0.9658844,0.0,0.0,0.0,0.0,0.0,0.0,0.0,-1.301029,1.062319,2.834379,1.31618,-0.2741099,-3.007895,0.1348633,-0.003173319,-0.002639313,0.9908557,15.5003,359.5838,359.6381,0.402067,-0.08371203,-0.911775,0,0,0,1.884107,-0.4031939,-1.052238,0.5795999,0.4008,1.915,0.9999659,-0.006086286,0.005576708,0.004374429,0.9636099,0.2672769,-0.007000494,-0.2672434,0.9636036,static,14.68348,-3.250402,16.83913,11.82109,0.6939873622851347,9.887855191902794
1061,05/17/2023 13:16:31.096668,1519,True,True,True,True,Eyes,1.320521,-0.2752588,-2.998969,0.2531987,-0.05482183,0.9658597,0.0,0.0,0.0,0.0,0.0,0.0,0.0,-1.301362,1.061387,2.834532,1.316223,-0.274202,-3.007828,0.1348954,-0.003230005,-0.003104293,0.9908499,15.50379,359.5696,359.5824,0.4020222,-0.08371157,-0.9117948,0,0,0,1.884054,-0.4039505,-1.052186,0.5795999,0.4008,1.915,0.9999599,-0.007023201,0.00556339,0.005280349,0.9635872,0.2673422,-0.007238409,-0.2673021,0.9635856,static,14.68946,-3.248601,16.83913,11.82109,0.6944185065003086,9.887978634045139
1062,05/17/2023 13:16:31.116468,1520,True,True,True,True,Eyes,1.320338,-0.2752506,-2.998966,0.2533139,-0.0548105,0.9658301,0.0,0.0,0.0,0.0,0.0,0.0,0.0,-1.303307,1.060706,2.833841,1.316251,-0.2741652,-3.00777,0.1351327,-0.003074393,-0.003846678,0.9908153,15.53099,359.5759,359.4973,0.4019774,-0.0837111,-0.9118146,0,0,0,1.884887,-0.4056741,-1.05248,0.5795997,0.4008,1.915,0.9999515,-0.008453597,0.005052687,0.006791792,0.9634487,0.2678068,-0.007131936,-0.2677595,0.9634594,static,14.69628,-3.24803,16.83912,11.82109,0.6949790643925948,9.888044269083093
1063,05/17/2023 13:16:31.137827,1521,True,True,True,True,Eyes,1.320161,-0.2752456,-2.998964,0.253416,-0.0548044,0.9658037,0.0,0.0,0.0,0.0,0.0,0.0,0.0,-1.304682,1.061498,2.832938,1.316111,-0.2741656,-3.007856,0.1353484,-0.002851778,-0.003992754,0.990786,15.55598,359.5996,359.4835,0.4019323,-0.08371061,-0.9118345,0,0,0,1.885654,-0.4066607,-1.052896,0.5795997,0.4008,1.915,0.9999518,-0.008683896,0.004570178,0.007139961,0.9633297,0.2682254,-0.006731829,-0.2681799,0.9633453,static,14.70234,-3.247758,16.83912,11.82109,0.6954880831051611,9.888090663138652
1064,05/17/2023 13:16:31.156813,1522,True,True,True,True,Eyes,1.319993,-0.2752392,-2.998962,0.2535314,-0.05480247,0.9657736,0.0,0.0,0.0,0.0,0.0,0.0,0.0,-1.305242,1.063088,2.832107,1.316115,-0.274238,-3.007869,0.1354833,-0.002687708,-0.003681678,0.9907692,15.57179,359.6239,359.5228,0.4018873,-0.08371022,-0.9118544,0,0,0,1.886213,-0.4068864,-1.053082,0.5795998,0.4008001,1.915,0.9999585,-0.008023664,0.004328184,0.006567107,0.9632614,0.2684851,-0.006323407,-0.2684455,0.9632741,static,14.70918,-3.247745,16.83912,11.82109,0.6960762693031928,9.888128130423548
1065,05/17/2023 13:16:31.166537,1523,True,True,True,True,Eyes,1.319811,-0.2752326,-2.99896,0.2536466,-0.05478941,0.965744,0.0,0.0,0.0,0.0,0.0,0.0,0.0,-1.306513,1.063815,2.831281,1.316159,-0.2741946,-3.007885,0.1355748,-0.002451037,-0.003554222,0.9907577,15.58253,359.6538,359.5415,0.4018426,-0.08370984,-0.9118742,0,0,0,1.887147,-0.4070248,-1.05337,0.5795999,0.4008,1.915,0.9999627,-0.007707343,0.003893042,0.006378148,0.9632137,0.268661,-0.005820494,-0.2686262,0.9632269,static,14.716,-3.247072,16.83913,11.82109,0.6966320915624631,9.888198934079417
1066,05/17/2023 13:16:31.186288,1524,True,True,True,True,Eyes,1.319635,-0.2752262,-2.998962,0.2537464,-0.05476627,0.9657191,0.0,0.0,0.0,0.0,0.0,0.0,0.0,-1.307116,1.063959,2.830948,1.316082,-0.2741986,-3.007918,0.1355713,-0.002318184,-0.003477134,0.9907588,15.58222,359.6707,359.5528,0.4017977,-0.08370949,-0.911894,0,0,0,1.887569,-0.4069081,-1.05354,0.5795999,0.4008001,1.915,0.9999651,-0.007518561,0.003650724,0.006261443,0.9632167,0.2686531,-0.005536322,-0.2686209,0.9632301,static,14.72191,-3.245787,16.83913,11.82109,0.6970811668831742,9.888295852400253
1067,05/17/2023 13:16:31.206264,1525,True,True,True,True,Eyes,1.319445,-0.2752177,-2.998965,0.2538256,-0.05473242,0.9657003,0.0,0.0,0.0,0.0,0.0,0.0,0.0,-1.306142,1.063867,2.831501,1.316064,-0.2741979,-3.007991,0.1354723,-0.002444284,-0.003320665,0.9907726,15.57077,359.6584,359.5692,0.4017527,-0.08370915,-0.9119138,0,0,0,1.887017,-0.4063562,-1.05342,0.5795999,0.4008,1.915,0.999966,-0.007242314,0.003943743,0.005917782,0.9632724,0.2684608,-0.005743176,-0.2684283,0.9632825,static,14.72658,-3.243849,16.83913,11.82109,0.6973931852030988,9.888419187117176
1068,05/17/2023 13:16:31.216501,1526,True,True,True,True,Eyes,1.319263,-0.2752075,-2.998967,0.2538881,-0.05469145,0.9656861,0.0,0.0,0.0,0.0,0.0,0.0,0.0,-1.304429,1.063464,2.832496,1.316042,-0.2741576,-3.008056,0.1353198,-0.002695562,-0.003168156,0.9907933,15.55307,359.6313,359.5832,0.4017074,-0.08370879,-0.9119338,0,0,0,1.885975,-0.405576,-1.053137,0.5795998,0.4007999,1.915,0.9999654,-0.007007501,0.004484062,0.005548449,0.963357,0.2681649,-0.006198918,-0.2681307,0.9633626,static,14.73026,-3.241472,16.83912,11.82109,0.6975996021595496,9.888559439608462
1069,05/17/2023 13:16:31.236473,1527,True,True,True,True,Eyes,1.319081,-0.2752013,-2.998967,0.2539328,-0.05464971,0.9656767,0.0,0.0,0.0,0.0,0.0,0.0,0.0,-1.303439,1.062698,2.83322,1.316062,-0.2741085,-3.008033,0.1351971,-0.002873247,-0.003198699,0.9908094,15.53879,359.61,359.5768,0.401662,-0.08370832,-0.9119539,0,0,0,1.88531,-0.4051035,-1.052886,0.5795997,0.4008,1.915,0.999963,-0.007115511,0.004828771,0.005561692,0.963423,0.2679276,-0.006558591,-0.2678908,0.9634269,static,14.73287,-3.239036,16.83912,11.82109,0.6977111738769679,9.888696923729505
1070,05/17/2023 13:16:31.256593,1528,True,True,True,True,Eyes,1.31891,-0.2751958,-2.998964,0.2539674,-0.05460712,0.96567,0.0,0.0,0.0,0.0,0.0,0.0,0.0,-1.302253,1.062235,2.83391,1.316077,-0.2742047,-3.007991,0.13505,-0.003056229,-0.003110937,0.9908293,15.52174,359.5899,359.5843,0.4016165,-0.08370791,-0.911974,0,0,0,1.884587,-0.4045458,-1.052585,0.5795999,0.4008,1.915,0.999962,-0.006990302,0.005216138,0.005339327,0.9635037,0.2676421,-0.006896666,-0.2676041,0.9635043,static,14.73489,-3.23654,16.83913,11.82109,0.6977691725071651,9.88883427320843
1071,05/17/2023 13:16:31.266833,1529,True,True,True,True,Eyes,1.318739,-0.2751893,-2.998959,0.2539872,-0.05457612,0.9656666,0.0,0.0,0.0,0.0,0.0,0.0,0.0,-1.301722,1.062084,2.834184,1.316184,-0.2742172,-3.007917,0.1350156,-0.003163158,-0.003105424,0.9908336,15.51772,359.5774,359.5833,0.4015712,-0.08370756,-0.9119939,0,0,0,1.884276,-0.4044316,-1.052382,0.5795999,0.4008001,1.915,0.9999607,-0.007008069,0.005429765,0.005299766,0.9635223,0.2675757,-0.007106888,-0.2675364,0.9635215,static,14.73604,-3.234717,16.83913,11.82109,0.6977835271042112,9.888932838155734
1072,05/17/2023 13:16:31.286342,1530,True,True,True,True,Eyes,1.318574,-0.2751823,-2.998955,0.2540186,-0.05455703,0.9656593,0.0,0.0,0.0,0.0,0.0,0.0,0.0,-1.301743,1.061626,2.834362,1.316267,-0.2741953,-3.007898,0.1349756,-0.0031921,-0.003187743,0.9908387,15.51304,359.5727,359.5731,0.4015261,-0.08370723,-0.9120138,0,0,0,1.884268,-0.4043496,-1.052332,0.5795998,0.4008,1.915,0.9999593,-0.007178789,0.005465177,0.005455367,0.9635429,0.2674984,-0.007186248,-0.2674577,0.9635428,static,14.73789,-3.233612,16.83912,11.82109,0.6978914731053623,9.888998787042523
1073,05/17/2023 13:16:31.296837,1531,True,True,True,True,Eyes,1.318412,-0.2751775,-2.998952,0.2540523,-0.05455238,0.9656509,0.0,0.0,0.0,0.0,0.0,0.0,0.0,-1.302849,1.061549,2.833883,1.316248,-0.2741756,-3.007909,0.1350648,-0.00304697,-0.003386721,0.9908264,15.52334,359.5865,359.552,0.4014814,-0.08370689,-0.9120335,0,0,0,1.884869,-0.404888,-1.05256,0.5795999,0.4008,1.915,0.9999585,-0.007534382,0.005123183,0.005888229,0.963492,0.2676722,-0.00695289,-0.2676309,0.9634964,static,14.73988,-3.233366,16.83913,11.82109,0.698051351817329,9.889021961449977
1074,05/17/2023 13:16:31.316597,1532,True,True,True,True,Eyes,1.318258,-0.2751706,-2.998948,0.2540917,-0.05454869,0.9656407,0.0,0.0,0.0,0.0,0.0,0.0,0.0,-1.303901,1.061761,2.833327,1.316229,-0.274222,-3.00792,0.1352039,-0.002916826,-0.003610681,0.990807,15.53939,359.5982,359.5276,0.401437,-0.08370662,-0.912053,0,0,0,1.885417,-0.40572,-1.052789,0.5795999,0.4008,1.915,0.9999569,-0.007943708,0.004803668,0.006366243,0.9634137,0.267943,-0.006756379,-0.2679008,0.9634228,static,14.74222,-3.233182,16.83913,11.82109,0.6982442371822732,9.889043877626401
1075,05/17/2023 13:16:31.336650,1533,True,True,True,True,Eyes,1.318097,-0.2751656,-2.998944,0.2541219,-0.05453737,0.9656333,0.0,0.0,0.0,0.0,0.0,0.0,0.0,-1.304383,1.062172,2.832927,1.316251,-0.2741634,-3.007892,0.1352453,-0.002814971,-0.003504127,0.990802,15.54427,359.6119,359.5417,0.4013932,-0.08370634,-0.9120723,0,0,0,1.885808,-0.4056888,-1.052871,0.5795997,0.4007999,1.915,0.9999596,-0.007705214,0.004630324,0.006182368,0.9633929,0.2680223,-0.006525991,-0.2679829,0.9634016,static,14.744,-3.232537,16.83912,11.82109,0.6983675143335804,9.889086140364261
1076,05/17/2023 13:16:31.356476,1534,True,True,True,True,Eyes,1.317947,-0.2751623,-2.998939,0.2541425,-0.05452154,0.9656288,0.0,0.0,0.0,0.0,0.0,0.0,0.0,-1.30395,1.06306,2.832822,1.31626,-0.2742098,-3.007912,0.135286,-0.002837789,-0.003274326,0.9907972,15.54906,359.6129,359.5685,0.4013498,-0.08370611,-0.9120914,0,0,0,1.885666,-0.4056368,-1.05284,0.5795999,0.4008,1.915,0.9999624,-0.007256212,0.004737407,0.005720559,0.963374,0.2681007,-0.006509289,-0.2680635,0.9633793,static,14.74521,-3.231616,16.83913,11.82109,0.6984289116058213,9.88913932139584
1077,05/17/2023 13:16:31.366768,1535,True,True,True,True,Eyes,1.317802,-0.2751543,-2.998931,0.2541632,-0.05452167,0.9656234,0.0,0.0,0.0,0.0,0.0,0.0,0.0,-1.303503,1.06236,2.833321,1.316373,-0.2742504,-3.007888,0.1351936,-0.00295409,-0.003369661,0.9908091,15.53828,359.5977,359.5554,0.4013068,-0.08370596,-0.9121103,0,0,0,1.885351,-0.4054381,-1.052675,0.5795997,0.4008,1.915,0.9999599,-0.007476129,0.004942766,0.005878632,0.9634227,0.267922,-0.006764993,-0.2678822,0.9634279,static,14.74644,-3.231641,16.83912,11.82109,0.6985359511603775,9.88914467365719
1078,05/17/2023 13:16:31.387269,1536,True,True,True,True,Eyes,1.31766,-0.2751545,-2.998924,0.2541834,-0.0545126,0.9656185,0.0,0.0,0.0,0.0,0.0,0.0,0.0,-1.305007,1.060484,2.833221,1.316329,-0.2741288,-3.007814,0.135156,-0.002820184,-0.003937232,0.9908127,15.53377,359.6044,359.4907,0.4012646,-0.08370575,-0.9121289,0,0,0,1.885983,-0.4057973,-1.052831,0.5795997,0.4008,1.915,0.9999531,-0.008564448,0.004524265,0.007039788,0.9634347,0.2678508,-0.006652828,-0.2678064,0.9634498,static,14.74763,-3.231121,16.83912,11.82109,0.6986142443627761,9.889177427298868
1079,05/17/2023 13:16:31.406256,1537,True,True,True,True,Eyes,1.317523,-0.2751516,-2.998917,0.2541994,-0.05452292,0.9656137,0.0,0.0,0.0,0.0,0.0,0.0,0.0,-1.304824,1.060475,2.833286,1.316227,-0.2743282,-3.007818,0.1350688,-0.002807642,-0.003821978,0.9908249,15.52374,359.6078,359.5045,0.4012231,-0.08370574,-0.9121471,0,0,0,1.8859,-0.4055196,-1.052809,0.5795999,0.4008,1.915,0.999955,-0.008332272,0.004531303,0.006815372,0.9634836,0.2676806,-0.006596224,-0.2676377,0.963497,static,14.74859,-3.231748,16.83913,11.82109,0.6987259917366626,9.889150821611306
1080,05/17/2023 13:16:31.416841,1538,True,True,True,True,Eyes,1.317393,-0.2751494,-2.998912,0.254216,-0.05452992,0.965609,0.0,0.0,0.0,0.0,0.0,0.0,0.0,-1.304223,1.061328,2.833233,1.316221,-0.2742472,-3.007818,0.1351257,-0.002857535,-0.003595973,0.9908178,15.53039,359.6055,359.5303,0.4011823,-0.08370579,-0.9121651,0,0,0,1.885638,-0.4054121,-1.052732,0.5795999,0.4007999,1.915,0.9999578,-0.007898162,0.004690777,0.006353655,0.9634562,0.2677906,-0.006634411,-0.2677495,0.9634657,static,14.74957,-3.232177,16.83913,11.82109,0.6988302680186487,9.889134356750533
1081,05/17/2023 13:16:31.436654,1539,True,True,True,True,Eyes,1.317266,-0.2751485,-2.998905,0.2542177,-0.05456036,0.9656068,0.0,0.0,0.0,0.0,0.0,0.0,0.0,-1.30419,1.061864,2.833112,1.316256,-0.2742582,-3.007863,0.1351364,-0.002828516,-0.003417344,0.9908172,15.5317,359.6118,359.5518,0.4011423,-0.08370592,-0.9121827,0,0,0,1.885738,-0.4052568,-1.052785,0.5795999,0.4008001,1.915,0.9999607,-0.007536396,0.00468147,0.006007454,0.963453,0.2678102,-0.0065287,-0.2677715,0.9634603,static,14.7497,-3.233985,16.83913,11.82109,0.6989253998838789,9.889043440041837
1082,05/17/2023 13:16:31.456542,1540,True,True,True,True,Eyes,1.317145,-0.2751443,-2.998895,0.2542203,-0.05458792,0.9656046,0.0,0.0,0.0,0.0,0.0,0.0,0.0,-1.304554,1.062478,2.83265,1.316242,-0.2742879,-3.007807,0.1352157,-0.002749379,-0.003349414,0.9908067,15.54094,359.6221,359.5611,0.4011031,-0.08370615,-0.9122,0,0,0,1.886014,-0.4055108,-1.052828,0.5796,0.4008,1.915,0.9999624,-0.007380762,0.004542419,0.005893724,0.963411,0.2679638,-0.006353993,-0.2679269,0.9634182,static,14.74988,-3.235623,16.83913,11.82109,0.6990169430461228,9.888961406764604
1083,05/17/2023 13:16:31.466547,1541,True,True,True,True,Eyes,1.317019,-0.2751425,-2.998885,0.2542016,-0.0546011,0.9656088,0.0,0.0,0.0,0.0,0.0,0.0,0.0,-1.304649,1.062254,2.83261,1.316265,-0.2742055,-3.007729,0.1351946,-0.002736962,-0.003348596,0.9908097,15.53851,359.6236,359.5614,0.4010649,-0.08370638,-0.9122167,0,0,0,1.886086,-0.4053424,-1.052758,0.5795997,0.4007999,1.915,0.9999626,-0.007375687,0.004518193,0.005895597,0.9634224,0.2679226,-0.006329042,-0.267886,0.9634298,static,14.74878,-3.236388,16.83912,11.82109,0.6989577718821893,9.888916722628268
1084,05/17/2023 13:16:31.996474,1573,True,True,True,True,Eyes,1.319864,-0.2769988,-2.999192,-0.01167775,-0.2617021,0.9650781,2.23739,1.293736,-0.8625283,-0.839937,-0.3862434,0.9095234,0.1535689,-0.005862904,0.0137189,2.246212,1.316339,-0.2744872,-3.007744,0.1350965,-0.003386428,-0.002853382,0.9908227,15.52709,359.5551,359.6093,0.40076,-0.08392318,-0.9123308,0,0,0,1.299523,-0.8761564,-0.8422379,-9.313226e-10,0.0,2.2476,0.9999608,-0.006569381,0.005939734,0.004739402,0.9634816,0.2677327,-0.007481662,-0.2676941,0.9634749,static,-0.6932635,-15.17214,-2.374126e-08,0.0,-0.0761487057488851,9.201000368897677
1085,05/17/2023 13:16:32.016494,1574,True,True,True,True,Eyes,1.319941,-0.2769981,-2.999197,-0.01192836,-0.2617946,0.9650499,0.0,0.0,0.0,0.0,0.0,0.0,0.0,-1.30174,1.061895,2.834231,1.316429,-0.2743552,-3.007783,0.1352095,-0.003329777,-0.003666002,0.9908047,15.53982,359.5486,359.5144,0.4008203,-0.08395424,-0.9123015,0,0,0,1.299371,-0.8765053,-0.842412,-3.445894e-08,-1.192093e-07,2.2476,0.9999509,-0.008165019,0.005606961,0.006364148,0.9634099,0.2679568,-0.007589674,-0.267908,0.9634146,static,-0.7081599,-15.17768,-8.784266e-07,-3.038881e-06,-0.07717378356255256,9.20063947903116
1086,05/17/2023 13:16:32.036517,1575,True,True,True,True,Eyes,1.320038,-0.277005,-2.9992,-0.01228267,-0.2619463,0.9650043,0.0,0.0,0.0,0.0,0.0,0.0,0.0,-1.304493,1.061741,2.832974,1.316405,-0.274385,-3.007746,0.1354587,-0.002988411,-0.004230576,0.9907696,15.56857,359.5796,359.4532,0.4008765,-0.08398209,-0.9122742,0,0,0,1.300519,-0.8776217,-0.8426681,-2.793968e-09,5.960464e-08,2.2476,0.9999464,-0.009192664,0.004775515,0.007573439,0.963266,0.268442,-0.007067789,-0.2683914,0.963284,static,-0.7292269,-15.18675,-7.122377e-08,1.519441e-06,-0.07856613888831088,9.200066508193094
1087,05/17/2023 13:16:32.046537,1576,True,True,True,True,Eyes,1.320133,-0.2770101,-2.999204,-0.01259686,-0.2621023,0.9649579,0.0,0.0,0.0,0.0,0.0,0.0,0.0,-1.3058,1.062701,2.831976,1.316371,-0.2745438,-3.007712,0.1355305,-0.002717296,-0.004034827,0.9907613,15.5771,359.6147,359.4806,0.4009295,-0.08400724,-0.9122486,0,0,0,1.301811,-0.8781027,-0.8427152,3.72529e-09,0.0,2.2476,0.9999526,-0.008731654,0.004290699,0.007258548,0.9632304,0.2685787,-0.006478067,-0.2685348,0.9632483,static,-0.7479143,-15.19607,9.496503e-08,0.0,-0.07974205041210491,9.199493674671018
1088,05/17/2023 13:16:32.066784,1577,True,True,True,True,Eyes,1.320199,-0.2770146,-2.999206,-0.01297307,-0.2623068,0.9648973,0.0,0.0,0.0,0.0,0.0,0.0,0.0,-1.307261,1.063889,2.830863,1.316388,-0.2745081,-3.007715,0.1356586,-0.002420595,-0.00380308,0.9907454,15.59215,359.6533,359.5127,0.4009796,-0.08402993,-0.9122245,0,0,0,1.303288,-0.8786358,-0.8428669,-3.539026e-08,5.960464e-08,2.2476,0.9999593,-0.008192518,0.003764547,0.006879019,0.9631646,0.2688247,-0.00582823,-0.268788,0.9631817,static,-0.7702969,-15.2083,-9.021678e-07,1.51944e-06,-0.081100941310141,9.19875349829865
1089,05/17/2023 13:16:32.086766,1578,True,True,True,True,Eyes,1.320258,-0.2770182,-2.999212,-0.01333456,-0.2625089,0.9648374,0.0,0.0,0.0,0.0,0.0,0.0,0.0,-1.308488,1.064197,2.830132,1.316312,-0.2745048,-3.007702,0.1357048,-0.002187602,-0.00374988,0.9907399,15.59762,359.6816,359.5227,0.4010263,-0.08405041,-0.9122021,0,0,0,1.304282,-0.8788393,-0.8429061,-7.357448e-08,-1.192093e-07,2.2476,0.9999623,-0.008024047,0.003316936,0.006836575,0.9631403,0.2689127,-0.005352443,-0.2688799,0.9631588,static,-0.7918074,-15.22037,-1.875559e-06,-3.038881e-06,-0.08239218995783748,9.198026122651013
1090,05/17/2023 13:16:32.096820,1579,True,True,True,True,Eyes,1.320277,-0.2770178,-2.999217,-0.01377494,-0.2627285,0.9647714,0.0,0.0,0.0,0.0,0.0,0.0,0.0,-1.308264,1.064739,2.830091,1.316203,-0.2744862,-3.007807,0.1357771,-0.002197441,-0.003706067,0.9907302,15.606,359.6811,359.5276,0.4010698,-0.08406887,-0.9121813,0,0,0,1.304155,-0.8791372,-0.8430995,-9.313226e-10,5.960464e-08,2.2476,0.9999629,-0.007940149,0.003347744,0.006746699,0.9631016,0.2690533,-0.00536054,-0.2690207,0.9631194,static,-0.8180098,-15.23351,-2.374126e-08,1.519441e-06,-0.08403764139406067,9.197219278359563
1091,05/17/2023 13:16:32.116643,1580,True,True,True,True,Eyes,1.320294,-0.2770171,-2.999224,-0.01422261,-0.2629204,0.9647127,0.0,0.0,0.0,0.0,0.0,0.0,0.0,-1.306691,1.064604,2.830861,1.316142,-0.2744136,-3.007834,0.1356987,-0.002428089,-0.003595089,0.9907407,15.59686,359.6558,359.537,0.4011094,-0.08408545,-0.9121623,0,0,0,1.303135,-0.8787192,-0.8430353,-9.778887e-08,5.960464e-08,2.2476,0.9999624,-0.007782578,0.003835514,0.006464624,0.9631459,0.268902,-0.00578691,-0.2688671,0.9631599,static,-0.8446416,-15.245,-2.492832e-06,1.51944e-06,-0.08579666157113397,9.196493733305507
1092,05/17/2023 13:16:32.136860,1581,True,True,True,True,Eyes,1.320296,-0.277016,-2.999228,-0.01475206,-0.2631177,0.9646509,0.0,0.0,0.0,0.0,0.0,0.0,0.0,-1.3043,1.063935,2.83227,1.316107,-0.2744105,-3.007901,0.1354513,-0.002774346,-0.00336532,0.9907745,15.56818,359.6188,359.5587,0.4011454,-0.08410032,-0.9121451,0,0,0,1.301702,-0.8776323,-0.8428097,-5.401671e-08,-5.960464e-08,2.2476,0.999962,-0.007420124,0.004585828,0.005916968,0.9632832,0.2684222,-0.006409177,-0.2683848,0.9632905,static,-0.8761358,-15.25684,-1.376993e-06,-1.519441e-06,-0.08795798923828224,9.195724286446596
1093,05/17/2023 13:16:32.146800,1582,True,True,True,True,Eyes,1.320299,-0.2770173,-2.999231,-0.01527745,-0.2632953,0.9645944,0.0,0.0,0.0,0.0,0.0,0.0,0.0,-1.30228,1.063179,2.833488,1.316192,-0.2744099,-3.007869,0.1352171,-0.003088605,-0.003183094,0.990806,15.54103,359.5848,359.5752,0.4011777,-0.08411365,-0.9121297,0,0,0,1.300501,-0.8766056,-0.8425007,-4.656613e-09,-5.960464e-08,2.2476,0.9999607,-0.007142922,0.005259599,0.005472393,0.9634123,0.2679676,-0.006981235,-0.2679283,0.9634135,static,-0.9073866,-15.26751,-1.187063e-07,-1.519441e-06,-0.09015268543872224,9.195015436499892
1094,05/17/2023 13:16:32.171733,1583,True,True,True,True,Eyes,1.320291,-0.2770193,-2.999231,-0.01585016,-0.2634852,0.9645332,0.0,0.0,0.0,0.0,0.0,0.0,0.0,-1.300808,1.062712,2.834334,1.316218,-0.2744723,-3.007847,0.1350645,-0.003318641,-0.003080742,0.9908265,15.52332,359.5594,359.5836,0.4012069,-0.08412568,-0.9121158,0,0,0,1.299567,-0.8759989,-0.8422999,-1.117587e-08,-1.192093e-07,2.2476,0.999959,-0.007001423,0.005744196,0.005208501,0.9634962,0.2676715,-0.007408592,-0.2676305,0.9634931,static,-0.9414561,-15.27893,-2.848951e-07,-3.038881e-06,-0.09255519555874625,9.194253413554973
1095,05/17/2023 13:16:32.187238,1584,True,True,True,True,Eyes,1.320287,-0.2770224,-2.99923,-0.0163953,-0.2636717,0.9644731,0.0,0.0,0.0,0.0,0.0,0.0,0.0,-1.300418,1.063246,2.834321,1.316303,-0.2744806,-3.007817,0.1351444,-0.003395179,-0.003061721,0.9908155,15.53254,359.5507,359.5846,0.401233,-0.08413657,-0.9121033,0,0,0,1.299321,-0.8763557,-0.8423687,-9.49949e-08,-1.192093e-07,2.2476,0.9999582,-0.00698488,0.005900442,0.005149522,0.9634532,0.2678272,-0.007555541,-0.2677856,0.9634489,static,-0.97389,-15.29014,-2.421608e-06,-3.038881e-06,-0.09482666245151017,9.193510833643519
1096,05/17/2023 13:16:32.196250,1585,True,True,True,True,Eyes,1.320239,-0.2770233,-2.999227,-0.01695391,-0.2639038,0.9644,0.0,0.0,0.0,0.0,0.0,0.0,0.0,-1.300981,1.063378,2.834014,1.316368,-0.2745085,-3.007787,0.1351999,-0.0033265,-0.003130146,0.9908078,15.53895,359.5576,359.5776,0.4012563,-0.08414648,-0.9120921,0,0,0,1.299649,-0.8766257,-0.8424045,-5.029142e-08,0.0,2.2476,0.9999583,-0.007102231,0.005745454,0.005303261,0.9634224,0.267935,-0.007438235,-0.2678933,0.9634199,static,-1.007142,-15.30408,-1.282028e-06,0.0,-0.09704180387352346,9.192625514698666
1097,05/17/2023 13:16:32.216509,1586,True,True,True,True,Eyes,1.320193,-0.2770225,-2.999221,-0.01747135,-0.264131,0.9643286,0.0,0.0,0.0,0.0,0.0,0.0,0.0,-1.302213,1.063628,2.833382,1.316408,-0.2744719,-3.007799,0.1353427,-0.003166604,-0.003312745,0.9907883,15.55546,359.5735,359.5586,0.4012761,-0.08415548,-0.9120826,0,0,0,1.300289,-0.8772131,-0.8425853,-3.539026e-08,0.0,2.2476,0.999958,-0.007421611,0.005378156,0.005707304,0.9633427,0.268213,-0.007171581,-0.268171,0.9633447,static,-1.03795,-15.31772,-9.021679e-07,0.0,-0.0990604931935436,9.1917685496283
1098,05/17/2023 13:16:32.236847,1587,True,True,True,True,Eyes,1.320117,-0.2770235,-2.999216,-0.01799395,-0.2643767,0.9642516,0.0,0.0,0.0,0.0,0.0,0.0,0.0,-1.303914,1.063445,2.832569,1.316399,-0.2744312,-3.007712,0.1354023,-0.002909109,-0.003453147,0.9907805,15.5624,359.6015,359.5462,0.4012929,-0.08416361,-0.9120744,0,0,0,1.301341,-0.8774349,-0.8425639,-1.955777e-08,-5.960464e-08,2.2476,0.9999592,-0.00763042,0.004829449,0.00605482,0.9633086,0.268328,-0.006699705,-0.2682878,0.9633155,static,-1.069075,-15.33246,-4.985664e-07,-1.51944e-06,-0.10105539944003494,9.19085413866796
1099,05/17/2023 13:16:32.246699,1588,True,True,True,True,Eyes,1.320046,-0.2770273,-2.999212,-0.0184931,-0.2646038,0.9641799,0.0,0.0,0.0,0.0,0.0,0.0,0.0,-1.303994,1.063793,2.832481,1.316396,-0.2744878,-3.007784,0.1353563,-0.002845667,-0.003237244,0.9907877,15.55721,359.6125,359.5727,0.4013061,-0.08417106,-0.912068,0,0,0,1.301752,-0.877295,-0.8425787,-1.061708e-07,-1.192093e-07,2.2476,0.9999628,-0.007185201,0.00476254,0.005644485,0.9633363,0.2682372,-0.006515267,-0.2682004,0.9633411,static,-1.098806,-15.3461,-2.706503e-06,-3.038881e-06,-0.10298138019710856,9.190002969328154
1100,05/17/2023 13:16:32.266576,1589,True,True,True,True,Eyes,1.319983,-0.2770253,-2.999209,-0.01899784,-0.2648435,0.9641043,0.0,0.0,0.0,0.0,0.0,0.0,0.0,-1.30417,1.063243,2.832641,1.316411,-0.2745605,-3.007803,0.1352433,-0.002815425,-0.003225346,0.9908033,15.54415,359.6163,359.5746,0.4013162,-0.08417796,-0.9120629,0,0,0,1.301911,-0.8768743,-0.8424589,-9.49949e-08,-5.960464e-08,2.2476,0.9999633,-0.007152901,0.004706651,0.005629832,0.9633977,0.2680172,-0.006451477,-0.2679808,0.9634026,static,-1.128877,-15.36049,-2.421608e-06,-1.519441e-06,-0.10490180745039102,9.189111965780603
1101,05/17/2023 13:16:32.286837,1590,True,True,True,True,Eyes,1.319919,-0.2770275,-2.999207,-0.01947762,-0.2650765,0.9640306,0.0,0.0,0.0,0.0,0.0,0.0,0.0,-1.304593,1.061504,2.833114,1.3164,-0.2744004,-3.007838,0.1351899,-0.002855354,-0.003727139,0.9908086,15.53776,359.6036,359.5149,0.4013237,-0.08418417,-0.9120591,0,0,0,1.301418,-0.8764726,-0.8424296,3.72529e-09,-5.960464e-08,2.2476,0.999956,-0.008157792,0.004650474,0.006613731,0.9634196,0.267916,-0.006665961,-0.2678734,0.9634311,static,-1.157467,-15.37448,9.496503e-08,-1.519441e-06,-0.10671332077944107,9.188249201125107
1102,05/17/2023 13:16:32.296526,1591,True,True,True,True,Eyes,1.31983,-0.2770287,-2.999203,-0.01995318,-0.2653238,0.9639529,0.0,0.0,0.0,0.0,0.0,0.0,0.0,-1.305185,1.061421,2.832847,1.316312,-0.2745036,-3.007842,0.1352311,-0.002774172,-0.003876856,0.9908026,15.5425,359.6107,359.4985,0.4013288,-0.08418991,-0.9120563,0,0,0,1.301599,-0.8767551,-0.8424822,-3.72529e-09,-5.960464e-08,2.2476,0.9999546,-0.008432705,0.004448772,0.006932088,0.9633951,0.2679961,-0.006545858,-0.2679531,0.9634097,static,-1.185815,-15.38933,-9.496504e-08,-1.519441e-06,-0.10846407477173892,9.187344160216826
1103,05/17/2023 13:16:32.316197,1592,True,True,True,True,Eyes,1.319743,-0.2770282,-2.999197,-0.02041043,-0.265559,0.9638785,0.0,0.0,0.0,0.0,0.0,0.0,0.0,-1.304506,1.062241,2.83284,1.316268,-0.2744896,-3.007851,0.1352737,-0.002832675,-0.003659168,0.9907976,15.54749,359.6073,359.5232,0.4013312,-0.0841952,-0.9120547,0,0,0,1.301427,-0.8769296,-0.8425443,-7.916242e-08,0.0,2.2476,0.9999571,-0.008017362,0.004623236,0.006484617,0.9633753,0.2680784,-0.006603193,-0.268037,0.963386,static,-1.213075,-15.40346,-2.018007e-06,0.0,-0.11015460131473276,9.186481458595885
1104,05/17/2023 13:16:32.336379,1593,True,True,True,True,Eyes,1.319617,-0.2770309,-2.999188,-0.02083074,-0.2658144,0.9637992,0.0,0.0,0.0,0.0,0.0,0.0,0.0,-1.303915,1.06264,2.832891,1.31626,-0.2744498,-3.007791,0.1352391,-0.002875943,-0.003414718,0.9908029,15.54356,359.6061,359.5513,0.4013312,-0.08420006,-0.9120543,0,0,0,1.301375,-0.8767415,-0.8424432,-4.656613e-08,5.960464e-08,2.2476,0.9999602,-0.007544504,0.004775378,0.005988745,0.9633974,0.2680103,-0.006622592,-0.267971,0.9634042,static,-1.23815,-15.41878,-1.187063e-06,1.519441e-06,-0.1116017931883857,9.18557021471603
1105,05/17/2023 13:16:32.356280,1594,True,True,True,True,Eyes,1.319494,-0.2770303,-2.999181,-0.02124313,-0.2660577,0.963723,0.0,0.0,0.0,0.0,0.0,0.0,0.0,-1.303548,1.063223,2.832826,1.316278,-0.2745554,-3.00776,0.1352437,-0.002901638,-0.003239827,0.9908029,15.54415,359.6059,359.5715,0.4013281,-0.08420467,-0.9120552,0,0,0,1.301385,-0.8768692,-0.8424182,-9.49949e-08,-5.960464e-08,2.2476,0.9999622,-0.007204916,0.004873571,0.005635203,0.9633973,0.2680185,-0.006626234,-0.2679808,0.9634014,static,-1.262754,-15.43338,-2.421608e-06,-1.519441e-06,-0.11304186920357784,9.184697989821052
1106,05/17/2023 13:16:32.386881,1595,True,True,True,True,Eyes,1.319344,-0.277029,-2.999166,-0.02162853,-0.2662974,0.9636482,0.0,0.0,0.0,0.0,0.0,0.0,0.0,-1.302839,1.063075,2.833205,1.316241,-0.2744774,-3.00778,0.1352208,-0.003014488,-0.003236195,0.9908057,15.54145,359.5927,359.5701,0.4013223,-0.08420894,-0.9120574,0,0,0,1.300848,-0.8766892,-0.8424143,-1.862645e-08,-5.960464e-08,2.2476,0.9999608,-0.007228123,0.005098341,0.005597638,0.9634097,0.2679745,-0.006848744,-0.2679355,0.9634125,static,-1.285755,-15.44776,-4.748252e-07,-1.519441e-06,-0.11435417248945312,9.18384553925427
1107,05/17/2023 13:16:32.406646,1596,True,True,True,True,Eyes,1.319198,-0.2770277,-2.999152,-0.02197956,-0.2665299,0.963576,0.0,0.0,0.0,0.0,0.0,0.0,0.0,-1.302396,1.063269,2.833227,1.316319,-0.2744792,-3.007643,0.1352633,-0.003107085,-0.003254593,0.9907995,15.54632,359.5815,359.5665,0.4013134,-0.08421293,-0.912061,0,0,0,1.300501,-0.8768751,-0.8423315,9.313226e-10,5.960464e-08,2.2476,0.9999595,-0.007289847,0.005276542,0.005608749,0.9633865,0.2680579,-0.007037451,-0.2680174,0.9633884,static,-1.306713,-15.46171,2.374126e-08,1.51944e-06,-0.11551057751407057,9.183025872088649
1108,05/17/2023 13:16:32.416382,1597,True,True,True,True,Eyes,1.319057,-0.2770269,-2.99914,-0.02231147,-0.266756,0.9635059,0.0,0.0,0.0,0.0,0.0,0.0,0.0,-1.30251,1.062805,2.833385,1.316285,-0.2744724,-3.007693,0.1352138,-0.003098045,-0.003326085,0.990806,15.54058,359.5814,359.5582,0.4013017,-0.08421666,-0.9120657,0,0,0,1.300465,-0.8766512,-0.842321,-8.568168e-08,-5.960464e-08,2.2476,0.9999587,-0.007428806,0.005239657,0.005753213,0.9634123,0.267962,-0.007038587,-0.2679207,0.9634152,static,-1.326536,-15.47527,-2.184196e-06,-1.519441e-06,-0.11658738814616043,9.182232075135403
1109,05/17/2023 13:16:32.436645,1598,True,True,True,True,Eyes,1.318936,-0.2770267,-2.999128,-0.02259359,-0.266966,0.9634411,0.0,0.0,0.0,0.0,0.0,0.0,0.0,-1.302943,1.062924,2.833137,1.316273,-0.2744811,-3.007693,0.1352513,-0.003029766,-0.003356084,0.990801,15.54493,359.589,359.5558,0.4012878,-0.08422017,-0.9120715,0,0,0,1.300738,-0.8768244,-0.8423645,-2.700835e-08,0.0,2.2476,0.9999591,-0.007469983,0.005095959,0.005830863,0.9633917,0.2680347,-0.006911619,-0.267994,0.9633957,static,-1.343393,-15.48786,-6.884965e-07,0.0,-0.11745391932998184,9.181503391854921
1110,05/17/2023 13:16:32.446757,1599,True,True,True,True,Eyes,1.318819,-0.2770258,-2.999118,-0.02285285,-0.2671736,0.9633774,0.0,0.0,0.0,0.0,0.0,0.0,0.0,-1.303598,1.06293,2.83284,1.316271,-0.2744807,-3.0077,0.1352713,-0.002924624,-0.003382989,0.9907986,15.54728,359.6009,359.5543,0.4012724,-0.08422348,-0.9120781,0,0,0,1.301188,-0.8769127,-0.8423928,-3.539026e-08,0.0,2.2476,0.99996,-0.007494957,0.004880184,0.005912486,0.9633805,0.268073,-0.006710669,-0.2680334,0.9633862,static,-1.358893,-15.5003,-9.021678e-07,0.0,-0.11821060361229785,9.180789611996017
1111,05/17/2023 13:16:32.466713,1600,True,True,True,True,Eyes,1.318701,-0.2770256,-2.99911,-0.02307761,-0.267366,0.9633186,0.0,0.0,0.0,0.0,0.0,0.0,0.0,-1.304307,1.063449,2.832317,1.316249,-0.2744608,-3.00771,0.1353459,-0.002786902,-0.003321125,0.9907891,15.55599,359.6181,359.5637,0.4012555,-0.08422657,-0.9120852,0,0,0,1.301816,-0.8772221,-0.84249,-2.700835e-08,-1.192093e-07,2.2476,0.9999624,-0.00733546,0.004623462,0.005826678,0.9633409,0.2682169,-0.006421465,-0.2681799,0.9633474,static,-1.372336,-15.51182,-6.884965e-07,-3.038881e-06,-0.11883293411770346,9.180133520512477
1112,05/17/2023 13:16:32.487119,1601,True,True,True,True,Eyes,1.318587,-0.2770248,-2.999103,-0.02329152,-0.2675444,0.963264,0.0,0.0,0.0,0.0,0.0,0.0,0.0,-1.304485,1.063792,2.832144,1.316162,-0.2744745,-3.007782,0.1353519,-0.002715465,-0.003204614,0.9907888,15.55676,359.6284,359.5786,0.4012375,-0.08422949,-0.9120929,0,0,0,1.302118,-0.8772647,-0.8425675,-2.235174e-08,-5.960464e-08,2.2476,0.9999647,-0.007085278,0.004513403,0.005615104,0.9633392,0.2682276,-0.006248406,-0.2681928,0.963345,static,-1.38513,-15.52251,-5.697902e-07,-1.519441e-06,-0.1194379335132646,9.179522979896573
1113,05/17/2023 13:16:32.506150,1602,True,True,True,True,Eyes,1.318479,-0.2770232,-2.999096,-0.02347078,-0.2677169,0.9632117,0.0,0.0,0.0,0.0,0.0,0.0,0.0,-1.304491,1.063428,2.832294,1.316135,-0.2744592,-3.00781,0.1352691,-0.002698919,-0.003157818,0.9908003,15.54721,359.6311,359.5844,0.4012184,-0.08423223,-0.9121011,0,0,0,1.302194,-0.8768886,-0.842495,-6.798655e-08,-1.192093e-07,2.2476,0.9999655,-0.006987695,0.004493868,0.005527373,0.9633846,0.2680663,-0.00620249,-0.2680323,0.96339,static,-1.395862,-15.53284,-1.733112e-06,-3.038881e-06,-0.11988214917623274,9.178941777837045
1114,05/17/2023 13:16:32.516531,1603,True,True,True,True,Eyes,1.318374,-0.2770222,-2.999091,-0.0236505,-0.2678782,0.9631625,0.0,0.0,0.0,0.0,0.0,0.0,0.0,-1.304255,1.063259,2.832451,1.31613,-0.2744356,-3.007801,0.1352245,-0.002728996,-0.003119293,0.9908064,15.54206,359.6282,359.5885,0.4011986,-0.08423476,-0.9121096,0,0,0,1.302079,-0.8766703,-0.8424324,-3.259629e-08,0.0,2.2476,0.9999657,-0.006919284,0.004564202,0.005443176,0.9634092,0.2679797,-0.006251422,-0.2679456,0.9634137,static,-1.406618,-15.5425,-8.309439e-07,0.0,-0.12035953737720495,9.178394397350276
1115,05/17/2023 13:16:32.536744,1604,True,True,True,True,Eyes,1.318286,-0.2770226,-2.999086,-0.0238138,-0.2680244,0.9631178,0.0,0.0,0.0,0.0,0.0,0.0,0.0,-1.303444,1.063251,2.832857,1.316109,-0.2744496,-3.007837,0.1351657,-0.002839774,-0.00301783,0.9908143,15.53524,359.6168,359.5987,0.4011781,-0.08423713,-0.9121184,0,0,0,1.301628,-0.8764268,-0.8423995,-7.450581e-08,0.0,2.2476,0.9999657,-0.0067479,0.004811564,0.005212539,0.9634423,0.2678654,-0.006443192,-0.2678311,0.9634443,static,-1.416392,-15.55126,-1.899301e-06,0.0,-0.12079417964797146,9.177897906816552
1116,05/17/2023 13:16:32.556565,1605,True,True,True,True,Eyes,1.318202,-0.2770234,-2.999082,-0.02397959,-0.2681652,0.9630745,0.0,0.0,0.0,0.0,0.0,0.0,0.0,-1.302568,1.063321,2.833229,1.316111,-0.2744739,-3.007829,0.1351409,-0.002976156,-0.002964109,0.9908175,15.53234,359.6016,359.6029,0.4011575,-0.08423938,-0.9121272,0,0,0,1.301055,-0.8763413,-0.8423648,9.313226e-09,0.0,2.2476,0.9999647,-0.006678184,0.005096511,0.005069382,0.9634563,0.2678176,-0.0066988,-0.2677822,0.9634562,static,-1.426313,-15.5597,2.374126e-07,0.0,-0.12125633262162872,9.177416840494006
1117,05/17/2023 13:16:32.567016,1606,True,True,True,True,Eyes,1.318131,-0.2770238,-2.999079,-0.0241368,-0.2682992,0.9630332,0.0,0.0,0.0,0.0,0.0,0.0,0.0,-1.301824,1.063494,2.833528,1.316111,-0.2744816,-3.007849,0.1351464,-0.003094808,-0.002931498,0.9908165,15.53294,359.5882,359.6048,0.4011368,-0.08424152,-0.9121361,0,0,0,1.300546,-0.876372,-0.8423949,-7.078052e-08,-2.384186e-07,2.2476,0.9999636,-0.006645658,0.00534041,0.004972649,0.9634537,0.2678287,-0.006925135,-0.2677924,0.9634517,static,-1.435722,-15.56773,-1.804336e-06,-6.077762e-06,-0.12169344783133962,9.17695930524767
1118,05/17/2023 13:16:32.587054,1607,True,True,True,True,Eyes,1.318063,-0.2770236,-2.999075,-0.02429011,-0.2684255,0.9629942,0.0,0.0,0.0,0.0,0.0,0.0,0.0,-1.301112,1.063685,2.833823,1.316156,-0.2744659,-3.007868,0.1351415,-0.003206643,-0.002859427,0.9908171,15.53237,359.5761,359.6115,0.4011165,-0.08424354,-0.9121448,0,0,0,1.300137,-0.8763344,-0.8424111,-1.015142e-07,-5.960464e-08,2.2476,0.9999631,-0.006533038,0.005581538,0.004799636,0.9634572,0.2678195,-0.007127248,-0.2677827,0.9634529,static,-1.444895,-15.57531,-2.587797e-06,-1.519441e-06,-0.12213114057135266,9.176525842729674
1119,05/17/2023 13:16:32.606784,1608,True,True,True,True,Eyes,1.318012,-0.277023,-2.999073,-0.02442036,-0.2685553,0.9629547,0.0,0.0,0.0,0.0,0.0,0.0,0.0,-1.301077,1.06338,2.833954,1.316193,-0.2744527,-3.007854,0.1351118,-0.003229873,-0.002908189,0.9908209,15.5289,359.5727,359.6054,0.4010965,-0.08424544,-0.9121535,0,0,0,1.300041,-0.87619,-0.8423611,-9.406358e-08,-1.192093e-07,2.2476,0.9999622,-0.006635777,0.005614589,0.004890201,0.9634727,0.2677619,-0.007186312,-0.2677243,0.9634687,static,-1.452699,-15.58308,-2.397867e-06,-3.038881e-06,-0.12244216800198515,9.176090119483252
1120,05/17/2023 13:16:32.616450,1609,True,True,True,True,Eyes,1.317963,-0.2770217,-2.99907,-0.02454135,-0.2686811,0.9629165,0.0,0.0,0.0,0.0,0.0,0.0,0.0,-1.301405,1.06318,2.833909,1.316224,-0.2744288,-3.007871,0.1351349,-0.003206253,-0.003025746,0.9908174,15.53153,359.5735,359.5919,0.4010772,-0.08424719,-0.9121618,0,0,0,1.300105,-0.8762656,-0.8424063,-5.7742e-08,-5.960464e-08,2.2476,0.9999611,-0.006862478,0.005535855,0.00512937,0.9634588,0.2678075,-0.007171391,-0.2677686,0.9634566,static,-1.459952,-15.59062,-1.471958e-06,-1.519441e-06,-0.12271644353464028,9.17566901609585
1121,05/17/2023 13:16:32.636744,1610,True,True,True,True,Eyes,1.317922,-0.2770216,-2.999066,-0.0246361,-0.2688111,0.9628779,0.0,0.0,0.0,0.0,0.0,0.0,0.0,-1.301976,1.062942,2.833738,1.31624,-0.2744109,-3.007868,0.1351539,-0.003138806,-0.003142515,0.9908147,15.5337,359.5796,359.5792,0.4010586,-0.08424877,-0.9121698,0,0,0,1.300351,-0.8763298,-0.8424241,-9.778887e-08,-5.960464e-08,2.2476,0.9999605,-0.007075743,0.005370504,0.005378855,0.9634471,0.2678446,-0.007069397,-0.2678051,0.9634472,static,-1.465645,-15.59838,-2.492832e-06,-1.519441e-06,-0.12284621957321451,9.175245159639076
1122,05/17/2023 13:16:32.646559,1611,True,True,True,True,Eyes,1.317882,-0.2770215,-2.999062,-0.02472262,-0.2689371,0.9628404,0.0,0.0,0.0,0.0,0.0,0.0,0.0,-1.302583,1.062985,2.833415,1.316262,-0.2744336,-3.007829,0.1351918,-0.003053323,-0.003201509,0.9908096,15.5381,359.5887,359.5736,0.4010408,-0.08425025,-0.9121774,0,0,0,1.300717,-0.8765187,-0.8424291,-7.357448e-08,-1.192093e-07,2.2476,0.9999608,-0.00716974,0.005184889,0.005518603,0.9634259,0.2679182,-0.00691616,-0.2678791,0.9634277,static,-1.470847,-15.60592,-1.875559e-06,-3.038881e-06,-0.1229439442585134,9.17483509343215
1123,05/17/2023 13:16:32.666582,1612,True,True,True,True,Eyes,1.317853,-0.2770207,-2.99906,-0.02481261,-0.2690368,0.9628102,0.0,0.0,0.0,0.0,0.0,0.0,0.0,-1.302929,1.063044,2.833228,1.316271,-0.274435,-3.00782,0.1352072,-0.002996762,-0.003204017,0.9908077,15.53991,359.5953,359.5742,0.4010239,-0.08425163,-0.9121848,0,0,0,1.300976,-0.8765885,-0.8424373,-8.288771e-08,0.0,2.2476,0.9999615,-0.007159496,0.005072017,0.005538761,0.9634175,0.2679479,-0.006804842,-0.2679095,0.96342,static,-1.476245,-15.61189,-2.112972e-06,0.0,-0.12313143230336532,9.174503528655336
1124,05/17/2023 13:16:32.686394,1613,True,True,True,True,Eyes,1.317824,-0.2770207,-2.999056,-0.02489696,-0.269129,0.9627823,0.0,0.0,0.0,0.0,0.0,0.0,0.0,-1.303014,1.062695,2.833365,1.316276,-0.2744099,-3.007864,0.1351767,-0.002997141,-0.003266485,0.9908117,15.53635,359.5943,359.5669,0.4010079,-0.08425288,-0.9121917,0,0,0,1.300942,-0.876429,-0.8424435,-9.778887e-08,-5.960464e-08,2.2476,0.9999607,-0.00728323,0.0050561,0.005662656,0.9634331,0.2678889,-0.006822311,-0.2678497,0.9634365,static,-1.481303,-15.61741,-2.492832e-06,-1.519441e-06,-0.1233105455196093,9.174196596268864
1125,05/17/2023 13:16:32.696449,1614,True,True,True,True,Eyes,1.317803,-0.2770216,-2.999052,-0.02498621,-0.269228,0.9627523,0.0,0.0,0.0,0.0,0.0,0.0,0.0,-1.30319,1.062377,2.833353,1.316256,-0.2744309,-3.007822,0.1351305,-0.002968546,-0.003286888,0.990818,15.53102,359.5974,359.5649,0.4009928,-0.08425404,-0.9121982,0,0,0,1.301037,-0.8762484,-0.8423452,-5.7742e-08,0.0,2.2476,0.9999608,-0.007315699,0.00499426,0.005711134,0.9634579,0.2677991,-0.006770896,-0.26776,0.9634619,static,-1.486658,-15.62333,-1.471958e-06,0.0,-0.1234966534971067,9.173867796526995
1126,05/17/2023 13:16:32.716393,1615,True,True,True,True,Eyes,1.317783,-0.2770225,-2.999048,-0.02508179,-0.2693265,0.9627223,0.0,0.0,0.0,0.0,0.0,0.0,0.0,-1.302781,1.062438,2.833513,1.316289,-0.2744493,-3.007801,0.1351156,-0.003033921,-0.003244689,0.99082,15.52928,359.5903,359.5689,0.4009788,-0.08425514,-0.9122043,0,0,0,1.300805,-0.8762012,-0.8423074,-4.004687e-08,-1.788139e-07,2.2476,0.9999605,-0.007249665,0.005135323,0.005609944,0.9634665,0.2677702,-0.006888955,-0.2677308,0.9634691,static,-1.492389,-15.62924,-1.020874e-06,-4.558322e-06,-0.1237155919730264,9.173537480118974
1127,05/17/2023 13:16:32.736536,1616,True,True,True,True,Eyes,1.317762,-0.2770231,-2.999046,-0.02516823,-0.269436,0.9626894,0.0,0.0,0.0,0.0,0.0,0.0,0.0,-1.301967,1.062843,2.833745,1.316289,-0.2744515,-3.00781,0.1351611,-0.003163889,-0.003209088,0.9908134,15.5345,359.5756,359.571,0.4009657,-0.08425619,-0.9122099,0,0,0,1.300247,-0.8764005,-0.8423755,-9.685755e-08,5.960464e-08,2.2476,0.9999594,-0.007214485,0.005402159,0.005503946,0.9634424,0.2678592,-0.007137134,-0.2678185,0.9634429,static,-1.497581,-15.63579,-2.469091e-06,1.51944e-06,-0.12385841935150088,9.173177633723126
1128,05/17/2023 13:16:32.756176,1617,True,True,True,True,Eyes,1.317742,-0.2770229,-2.999044,-0.02525737,-0.2695442,0.9626567,0.0,0.0,0.0,0.0,0.0,0.0,0.0,-1.301303,1.063074,2.833994,1.316287,-0.2744445,-3.00784,0.1351743,-0.00326599,-0.003164399,0.9908114,15.536,359.5642,359.5746,0.4009534,-0.08425719,-0.9122152,0,0,0,1.299818,-0.8764503,-0.8424249,-8.6613e-08,-5.960464e-08,2.2476,0.9999586,-0.007153601,0.005616469,0.005387689,0.9634358,0.2678852,-0.00732745,-0.2678438,0.9634345,static,-1.502933,-15.64227,-2.207937e-06,-1.519441e-06,-0.12401826953406403,9.172820473399538
1129,05/17/2023 13:16:32.766682,1618,True,True,True,True,Eyes,1.317725,-0.2770219,-2.999039,-0.02535838,-0.2696521,0.9626239,0.0,0.0,0.0,0.0,0.0,0.0,0.0,-1.300936,1.063232,2.834099,1.316302,-0.274425,-3.007832,0.135217,-0.003338754,-0.003199511,0.9908053,15.54089,359.5551,359.5692,0.4009418,-0.08425809,-0.9122202,0,0,0,1.299487,-0.8766156,-0.8424703,-5.029142e-08,-5.960464e-08,2.2476,0.9999573,-0.007243098,0.005750854,0.005437272,0.9634123,0.2679687,-0.007481368,-0.267926,0.9634104,static,-1.508992,-15.64872,-1.282028e-06,-1.519441e-06,-0.12424037137438249,9.172461028632338
1130,05/17/2023 13:16:32.789411,1619,True,True,True,True,Eyes,1.317709,-0.2770227,-2.999034,-0.02544962,-0.2697573,0.962592,0.0,0.0,0.0,0.0,0.0,0.0,0.0,-1.301229,1.062763,2.834071,1.316307,-0.2744068,-3.007766,0.1351823,-0.003309536,-0.003286452,0.9908099,15.53685,359.5571,359.5595,0.400931,-0.08425891,-0.9122248,0,0,0,1.299569,-0.8764448,-0.8423616,3.72529e-09,5.960464e-08,2.2476,0.9999565,-0.007407279,0.005669702,0.005617716,0.9634299,0.2679017,-0.007446782,-0.2678581,0.9634296,static,-1.51447,-15.65502,9.496502e-08,1.51944e-06,-0.1244194246835264,9.172112311347147
1131,05/17/2023 13:16:32.796602,1620,True,True,True,True,Eyes,1.317684,-0.2770232,-2.99903,-0.02551957,-0.2698641,0.9625602,0.0,0.0,0.0,0.0,0.0,0.0,0.0,-1.301634,1.062918,2.833822,1.316299,-0.2744499,-3.007761,0.1352038,-0.003238112,-0.003279155,0.9908072,15.53937,359.5657,359.5615,0.400921,-0.0842597,-0.9122292,0,0,0,1.299884,-0.8765832,-0.8423807,-8.6613e-08,-5.960464e-08,2.2476,0.9999576,-0.00737363,0.005529981,0.00562241,0.9634184,0.267943,-0.007303397,-0.2679005,0.9634188,static,-1.51868,-15.66141,-2.207937e-06,-1.519441e-06,-0.12448514957854395,9.17176585708809
1132,05/17/2023 13:16:32.816650,1621,True,True,True,True,Eyes,1.31766,-0.2770227,-2.999025,-0.02557868,-0.2699633,0.9625308,0.0,0.0,0.0,0.0,0.0,0.0,0.0,-1.301941,1.063043,2.833617,1.316279,-0.2744494,-3.007754,0.1352331,-0.003184504,-0.003286814,0.9908034,15.54278,359.5718,359.5614,0.4009113,-0.08426046,-0.9122334,0,0,0,1.300097,-0.8767114,-0.8424075,-1.015142e-07,-5.960464e-08,2.2476,0.9999581,-0.007374473,0.005421463,0.005651872,0.9634024,0.2679997,-0.007199407,-0.2679578,0.9634037,static,-1.522243,-15.66734,-2.587797e-06,-1.519441e-06,-0.12451653724783984,9.171446194025807
1133,05/17/2023 13:16:32.836699,1622,True,True,True,True,Eyes,1.317634,-0.2770231,-2.999025,-0.0256249,-0.2700588,0.9625028,0.0,0.0,0.0,0.0,0.0,0.0,0.0,-1.30225,1.063057,2.833468,1.316267,-0.2744291,-3.00776,0.1351861,-0.003100983,-0.003159137,0.9908103,15.53744,359.5838,359.5779,0.4009021,-0.08426117,-0.9122373,0,0,0,1.300535,-0.8764892,-0.8423536,-5.960464e-08,-5.960464e-08,2.2476,0.9999608,-0.00709863,0.005290829,0.005421791,0.9634295,0.2679072,-0.006999115,-0.267868,0.9634302,static,-1.525036,-15.67305,-1.519441e-06,-1.519441e-06,-0.12449185713947575,9.171141822614326
1134,05/17/2023 13:16:32.847173,1623,True,True,True,True,Eyes,1.317608,-0.2770239,-2.999026,-0.02567072,-0.2701539,0.9624748,0.0,0.0,0.0,0.0,0.0,0.0,0.0,-1.302209,1.06329,2.833449,1.31619,-0.2744517,-3.007838,0.1351633,-0.003065576,-0.003030729,0.990814,15.53487,359.59,359.5936,0.4008931,-0.08426184,-0.9122412,0,0,0,1.300695,-0.8764147,-0.8424034,-8.381903e-08,-5.960464e-08,2.2476,0.9999629,-0.006834485,0.005255545,0.005177071,0.9634434,0.2678619,-0.006894118,-0.2678248,0.9634429,static,-1.527806,-15.67873,-2.136713e-06,-1.51944e-06,-0.12446659001574623,9.170839095155989
1135,05/17/2023 13:16:32.866491,1624,True,True,True,True,Eyes,1.317573,-0.2770227,-2.999026,-0.02571057,-0.2702503,0.9624468,0.0,0.0,0.0,0.0,0.0,0.0,0.0,-1.302035,1.063606,2.833446,1.316155,-0.2744629,-3.007885,0.1352065,-0.003086002,-0.003016115,0.9908081,15.53987,359.5878,359.5949,0.4008844,-0.0842625,-0.912245,0,0,0,1.300577,-0.8766148,-0.8425038,-5.587935e-08,-1.192093e-07,2.2476,0.9999628,-0.006811278,0.005299675,0.005142287,0.9634202,0.267946,-0.006930869,-0.2679088,0.9634193,static,-1.530222,-15.68448,-1.424475e-06,-3.038881e-06,-0.1244076004953455,9.170534725610283
1136,05/17/2023 13:16:32.886593,1625,True,True,True,True,Eyes,1.317539,-0.2770205,-2.999025,-0.02575526,-0.2703284,0.9624236,0.0,0.0,0.0,0.0,0.0,0.0,0.0,-1.301142,1.063076,2.834037,1.316166,-0.2744241,-3.007868,0.1350801,-0.003222442,-0.002945152,0.9908252,15.52521,359.5729,359.6012,0.4008756,-0.08426309,-0.9122488,0,0,0,1.300025,-0.8760222,-0.8423364,-6.891787e-08,0.0,2.2476,0.9999619,-0.006706837,0.00559009,0.004965686,0.9634894,0.2677004,-0.007181415,-0.2676625,0.963486,static,-1.532917,-15.68915,-1.756853e-06,0.0,-0.12442276939596641,9.17028358120627
1137,05/17/2023 13:16:32.906499,1626,True,True,True,True,Eyes,1.317505,-0.2770159,-2.999025,-0.02579894,-0.2703865,0.9624062,0.0,0.0,0.0,0.0,0.0,0.0,0.0,-1.300598,1.062087,2.834623,1.316165,-0.2744018,-3.007837,0.1348947,-0.003307818,-0.002919006,0.9908502,15.50375,359.5634,359.603,0.4008668,-0.08426359,-0.9122526,0,0,0,1.299662,-0.8751887,-0.8420834,-2.980232e-08,-5.960464e-08,2.2476,0.9999611,-0.006677009,0.005767586,0.004892181,0.9635898,0.2673401,-0.007342619,-0.2673015,0.963585,static,-1.535544,-15.69263,-7.597203e-07,-1.519441e-06,-0.12448733388299593,9.17009310327746
1138,05/17/2023 13:16:32.916537,1627,True,True,True,True,Eyes,1.317477,-0.2770136,-2.999022,-0.02585083,-0.2704377,0.9623903,0.0,0.0,0.0,0.0,0.0,0.0,0.0,-1.299716,1.061625,2.835225,1.316212,-0.2743494,-3.007844,0.1347225,-0.003418324,-0.002715191,0.9908739,15.48389,359.5537,359.6253,0.4008581,-0.08426394,-0.9122564,0,0,0,1.299342,-0.8743857,-0.841885,5.587935e-09,-1.192093e-07,2.2476,0.9999619,-0.006301874,0.00604266,0.004459773,0.9636849,0.2670046,-0.007505851,-0.2669675,0.9636763,static,-1.538656,-15.6957,1.424475e-07,-3.038881e-06,-0.12461268273909432,9.169920791203536
1139,05/17/2023 13:16:32.936647,1628,True,True,True,True,Eyes,1.317441,-0.2770097,-2.999021,-0.02588078,-0.2705012,0.9623717,0.0,0.0,0.0,0.0,0.0,0.0,0.0,-1.299431,1.060944,2.835603,1.3163,-0.2744013,-3.007794,0.1346681,-0.003520048,-0.002886018,0.9908804,15.47748,359.5391,359.6036,0.4008496,-0.08426421,-0.9122601,0,0,0,1.298874,-0.8741948,-0.8417723,-5.587935e-08,5.960464e-08,2.2476,0.9999586,-0.006667473,0.006198585,0.004771321,0.9637123,0.2669002,-0.007753202,-0.2668595,0.9637043,static,-1.540467,-15.69949,-1.424475e-06,1.519441e-06,-0.12459261303068159,9.169718995924264
1140,05/17/2023 13:16:32.946582,1629,True,True,True,True,Eyes,1.317404,-0.2770092,-2.99902,-0.02589524,-0.2705918,0.9623459,0.0,0.0,0.0,0.0,0.0,0.0,0.0,-1.301265,1.060051,2.835127,1.316353,-0.2743678,-3.007803,0.1348386,-0.003374977,-0.003573746,0.9908555,15.49695,359.545,359.5248,0.400841,-0.08426439,-0.9122639,0,0,0,1.299155,-0.8748975,-0.8419836,-6.239861e-08,-5.960464e-08,2.2476,0.9999517,-0.007992286,0.00572447,0.006171977,0.9636115,0.2672353,-0.007651987,-0.267187,0.9636143,static,-1.541369,-15.70488,-1.590664e-06,-1.519441e-06,-0.12442001182271545,9.169441015946687
1141,05/17/2023 13:16:32.966268,1630,True,True,True,True,Eyes,1.317364,-0.2770088,-2.999022,-0.02590881,-0.2706964,0.962316,0.0,0.0,0.0,0.0,0.0,0.0,0.0,-1.302784,1.061658,2.833848,1.316294,-0.2744398,-3.007842,0.1352238,-0.003160974,-0.003801989,0.9908028,15.5415,359.5663,359.5011,0.4008323,-0.08426457,-0.9122677,0,0,0,1.299904,-0.8766535,-0.8424837,-8.381903e-09,-1.192093e-07,2.2476,0.9999511,-0.008388922,0.005235564,0.006679164,0.9634001,0.2679843,-0.007292043,-0.2679363,0.9634091,static,-1.542224,-15.71112,-2.136713e-07,-3.038881e-06,-0.1242039012287004,9.169120217077314
1142,05/17/2023 13:16:32.988465,1631,True,True,True,True,Eyes,1.317326,-0.2770036,-2.999024,-0.02590212,-0.2708,0.9622871,0.0,0.0,0.0,0.0,0.0,0.0,0.0,-1.303193,1.063485,2.833009,1.316251,-0.2744413,-3.007892,0.1354896,-0.003056521,-0.003673681,0.9907673,15.57234,359.5805,359.5178,0.4008235,-0.08426476,-0.9122716,0,0,0,1.300401,-0.8778204,-0.8428546,-4.470348e-08,-1.788139e-07,2.2476,0.9999543,-0.008107779,0.005061111,0.006451272,0.9632581,0.2684997,-0.007052091,-0.2684548,0.9632665,static,-1.541872,-15.71728,-1.13958e-06,-4.558322e-06,-0.12388760584507419,9.16880996733398
1143,05/17/2023 13:16:32.996383,1632,True,True,True,True,Eyes,1.317288,-0.2769971,-2.999028,-0.02590623,-0.2709144,0.9622547,0.0,0.0,0.0,0.0,0.0,0.0,0.0,-1.304244,1.063981,2.832318,1.316253,-0.2743214,-3.007882,0.1355233,-0.002834523,-0.003479011,0.990764,15.57642,359.6098,359.5443,0.4008146,-0.0842648,-0.9122755,0,0,0,1.30151,-0.8778548,-0.8428797,-5.029142e-08,0.0,2.2476,0.9999597,-0.007662045,0.004673711,0.00612547,0.9632427,0.2685629,-0.00655966,-0.2685235,0.9632508,static,-1.542169,-15.7241,-1.282028e-06,0.0,-0.12359653429298523,9.168462781086204
1144,05/17/2023 13:16:33.016390,1633,True,True,True,True,Eyes,1.317249,-0.2769926,-2.999029,-0.02591635,-0.2710115,0.9622272,0.0,0.0,0.0,0.0,0.0,0.0,0.0,-1.304419,1.063556,2.832413,1.31621,-0.2742835,-3.007921,0.1354458,-0.002792023,-0.003456258,0.9907748,15.56749,359.6152,359.5477,0.4008055,-0.08426467,-0.9122795,0,0,0,1.30167,-0.8774793,-0.8428224,-2.421439e-08,5.960464e-08,2.2476,0.9999605,-0.00760508,0.004596261,0.00609241,0.963285,0.2684118,-0.006468804,-0.2683732,0.9632933,static,-1.542815,-15.72988,-6.172727e-07,1.519441e-06,-0.12338378967712105,9.168166416375554
1145,05/17/2023 13:16:33.036402,1634,True,True,True,True,Eyes,1.317199,-0.2769901,-2.999031,-0.02596311,-0.2711051,0.9621995,0.0,0.0,0.0,0.0,0.0,0.0,0.0,-1.30369,1.062909,2.832911,1.31615,-0.2743332,-3.007867,0.1352785,-0.002883829,-0.003363716,0.9907977,15.54814,359.606,359.5572,0.4007964,-0.08426446,-0.9122835,0,0,0,1.301261,-0.8767978,-0.8425673,1.220033e-07,-1.788139e-07,2.2476,0.9999607,-0.007445764,0.004804505,0.005885283,0.9633768,0.2680867,-0.006624659,-0.2680479,0.9633828,static,-1.545642,-15.73548,3.110105e-06,-4.558322e-06,-0.12336714335669041,9.167867435997362
1146,05/17/2023 13:16:33.046380,1635,True,True,True,True,Eyes,1.31715,-0.2769878,-2.999033,-0.02602371,-0.2711925,0.9621733,0.0,0.0,0.0,0.0,0.0,0.0,0.0,-1.301647,1.06302,2.833851,1.31612,-0.2743852,-3.007915,0.1351763,-0.003178749,-0.003162871,0.9908114,15.53627,359.5746,359.5762,0.4007868,-0.08426423,-0.9122878,0,0,0,1.30004,-0.8764012,-0.8424994,-8.754432e-08,0.0,2.2476,0.9999598,-0.007127001,0.00544399,0.005408234,0.9634347,0.2678886,-0.007154172,-0.2678483,0.9634345,static,-1.54929,-15.74071,-2.231678e-06,0.0,-0.12343834730005265,9.167582786426287
1147,05/17/2023 13:16:33.066710,1636,True,True,True,True,Eyes,1.317098,-0.2769842,-2.999037,-0.02610439,-0.2712795,0.9621466,0.0,0.0,0.0,0.0,0.0,0.0,0.0,-1.30018,1.063248,2.834422,1.316114,-0.2743908,-3.0079,0.1351417,-0.003396198,-0.003030847,0.9908159,15.53223,359.5511,359.5883,0.4007769,-0.08426401,-0.9122921,0,0,0,1.299147,-0.8762544,-0.8424494,-1.862645e-08,-1.192093e-07,2.2476,0.9999585,-0.00692396,0.005910825,0.005088087,0.9634551,0.2678217,-0.007549201,-0.2677805,0.9634504,static,-1.554134,-15.74592,-4.748252e-07,-3.038881e-06,-0.12361343192637697,9.167292714196662
1148,05/17/2023 13:16:33.086885,1637,True,True,True,True,Eyes,1.317049,-0.2769807,-2.999039,-0.0261875,-0.2713608,0.9621214,0.0,0.0,0.0,0.0,0.0,0.0,0.0,-1.298951,1.063348,2.834987,1.316135,-0.2743604,-3.007931,0.1351114,-0.003588027,-0.002944549,0.9908196,15.52869,359.5298,359.5953,0.4007667,-0.08426375,-0.9122966,0,0,0,1.298365,-0.87609,-0.8424494,-1.490116e-08,-5.960464e-08,2.2476,0.9999569,-0.006804599,0.006314491,0.004865466,0.9634724,0.2677632,-0.00790586,-0.2677209,0.963464,static,-1.55912,-15.7508,-3.798601e-07,-1.519441e-06,-0.12381606113146804,9.16701859981229
1149,05/17/2023 13:16:33.096691,1638,True,True,True,True,Eyes,1.316995,-0.2769786,-2.99904,-0.02625623,-0.2714383,0.9620976,0.0,0.0,0.0,0.0,0.0,0.0,0.0,-1.298414,1.063374,2.835217,1.316159,-0.2743593,-3.007915,0.1350831,-0.003668583,-0.00288165,0.9908234,15.52541,359.5214,359.6015,0.4007562,-0.08426346,-0.9123012,0,0,0,1.298069,-0.8759649,-0.8424012,5.587935e-09,-5.960464e-08,2.2476,0.9999565,-0.006701539,0.006491311,0.004719285,0.9634885,0.2677081,-0.008048359,-0.2676658,0.9634782,static,-1.563249,-15.75544,1.424476e-07,-1.519441e-06,-0.12395606212184218,9.166761258712002
1150,05/17/2023 13:16:33.116695,1639,True,True,True,True,Eyes,1.316944,-0.2769745,-2.99904,-0.02631689,-0.2715198,0.962073,0.0,0.0,0.0,0.0,0.0,0.0,0.0,-1.298332,1.063649,2.835183,1.316232,-0.2743953,-3.007909,0.1351017,-0.00368367,-0.002831411,0.9908209,15.52759,359.5204,359.6071,0.4007454,-0.08426318,-0.912306,0,0,0,1.298106,-0.8760833,-0.8424183,-1.024455e-07,-1.192093e-07,2.2476,0.9999568,-0.006606182,0.006534657,0.004615502,0.963479,0.2677441,-0.008064771,-0.2677023,0.9634679,static,-1.566899,-15.76032,-2.611538e-06,-3.038881e-06,-0.1240436879470852,9.16649433383183
1151,05/17/2023 13:16:33.136383,1640,True,True,True,True,Eyes,1.316914,-0.2769747,-2.999039,-0.02637652,-0.2716252,0.9620417,0.0,0.0,0.0,0.0,0.0,0.0,0.0,-1.299055,1.063755,2.834778,1.316269,-0.2743429,-3.007865,0.1351963,-0.003597695,-0.002962576,0.9908079,15.53849,359.5284,359.593,0.4007343,-0.08426286,-0.9123109,0,0,0,1.298445,-0.876443,-0.8424867,-7.264316e-08,-5.960464e-08,2.2476,0.9999565,-0.006843477,0.006328191,0.004897898,0.9634264,0.2679284,-0.007930308,-0.2678857,0.963418,static,-1.570498,-15.76662,-1.851818e-06,-1.519441e-06,-0.1240609962332242,9.166155728132265
1152,05/17/2023 13:16:33.151554,1641,True,True,True,True,Eyes,1.316885,-0.2769723,-2.999038,-0.02642642,-0.2717284,0.962011,0.0,0.0,0.0,0.0,0.0,0.0,0.0,-1.300026,1.064044,2.834184,1.316261,-0.274427,-3.007824,0.1352998,-0.003460542,-0.003086312,0.9907939,15.55047,359.5425,359.5806,0.4007236,-0.08426261,-0.9123156,0,0,0,1.298972,-0.8769798,-0.8425668,-5.960464e-08,-5.960464e-08,2.2476,0.999957,-0.00705222,0.006022213,0.005179377,0.9633688,0.2681299,-0.007692523,-0.2680871,0.963364,static,-1.573518,-15.7728,-1.519441e-06,-1.519441e-06,-0.12403403531569734,9.165826318970238
1153,05/17/2023 13:16:33.167630,1642,True,True,True,True,Eyes,1.316876,-0.2769748,-2.999033,-0.02647254,-0.2718289,0.9619814,0.0,0.0,0.0,0.0,0.0,0.0,0.0,-1.300299,1.06438,2.833912,1.316239,-0.2743599,-3.00782,0.1353228,-0.003384382,-0.002971143,0.9907914,15.55321,359.5533,359.5954,0.4007132,-0.08426235,-0.9123202,0,0,0,1.299358,-0.8770161,-0.842589,-8.009374e-08,0.0,2.2476,0.9999595,-0.006803534,0.005902307,0.004971599,0.9633578,0.2681735,-0.007510561,-0.2681332,0.9633526,static,-1.576311,-15.7788,-2.041748e-06,0.0,-0.1239958911526805,9.165507252468602
1154,05/17/2023 13:16:33.189761,1643,True,True,True,True,Eyes,1.316869,-0.2769725,-2.999031,-0.02653058,-0.2719299,0.9619513,0.0,0.0,0.0,0.0,0.0,0.0,0.0,-1.299909,1.065163,2.833716,1.316283,-0.2744607,-3.007715,0.1353542,-0.003412212,-0.002768984,0.9907876,15.55692,359.5533,359.6187,0.4007037,-0.08426221,-0.9123244,0,0,0,1.299401,-0.8772571,-0.8425231,-3.445894e-08,-5.960464e-08,2.2476,0.9999614,-0.006410663,0.006011967,0.004563235,0.9633431,0.2682334,-0.007511141,-0.2681955,0.9633352,static,-1.579815,-15.78484,-8.784266e-07,-1.519441e-06,-0.12401709302468922,9.165182332907166
1155,05/17/2023 13:16:33.206516,1644,True,True,True,True,Eyes,1.316873,-0.2769707,-2.999031,-0.02657991,-0.2720436,0.9619178,0.0,0.0,0.0,0.0,0.0,0.0,0.0,-1.299348,1.064995,2.834099,1.316329,-0.2743425,-3.007765,0.1354197,-0.003558573,-0.002960006,0.9907775,15.56435,359.5329,359.5938,0.400695,-0.08426203,-0.9123282,0,0,0,1.298678,-0.8774196,-0.8426568,-1.862645e-08,-5.960464e-08,2.2476,0.9999571,-0.006829218,0.006249821,0.004901615,0.9633055,0.2683626,-0.007853194,-0.2683204,0.9632977,static,-1.582806,-15.79164,-4.748252e-07,-1.519441e-06,-0.12395885055602074,9.164821662715442
1156,05/17/2023 13:16:33.216341,1645,True,True,True,True,Eyes,1.316877,-0.2769715,-2.999032,-0.02663382,-0.2721543,0.961885,0.0,0.0,0.0,0.0,0.0,0.0,0.0,-1.300136,1.064328,2.833988,1.316233,-0.2743388,-3.007807,0.1354706,-0.003491527,-0.003323057,0.9907697,15.5701,359.5349,359.5521,0.4006873,-0.0842618,-0.9123316,0,0,0,1.298659,-0.8776333,-0.8427593,-5.7742e-08,0.0,2.2476,0.9999535,-0.007530768,0.006018245,0.005638771,0.9632733,0.2684636,-0.007818952,-0.2684172,0.963271,static,-1.586069,-15.79825,-1.471958e-06,0.0,-0.12393284322630371,9.16446915661001
1157,05/17/2023 13:16:33.236514,1646,True,True,True,True,Eyes,1.316885,-0.2769714,-2.999033,-0.02669641,-0.2722711,0.9618502,0.0,0.0,0.0,0.0,0.0,0.0,0.0,-1.299501,1.064713,2.834187,1.316238,-0.2743978,-3.007849,0.1354885,-0.003584269,-0.003253725,0.9907672,15.57216,359.5251,359.5587,0.4006805,-0.08426162,-0.9123346,0,0,0,1.298293,-0.8777699,-0.8428255,-2.235174e-08,0.0,2.2476,0.9999531,-0.007418622,0.006220668,0.005476114,0.9632645,0.2684984,-0.007984037,-0.2684517,0.9632601,static,-1.589851,-15.80524,-5.697901e-07,0.0,-0.12393386905639203,9.164094601940551
1158,05/17/2023 13:16:33.256353,1647,True,True,True,True,Eyes,1.316893,-0.2769702,-2.999033,-0.02675265,-0.2723804,0.9618176,0.0,0.0,0.0,0.0,0.0,0.0,0.0,-1.299268,1.064838,2.834268,1.316334,-0.2743746,-3.007829,0.135504,-0.003636123,-0.003235954,0.9907649,15.57394,359.5193,359.56,0.4006745,-0.08426143,-0.9123372,0,0,0,1.298169,-0.8778141,-0.8428263,-5.029142e-08,-5.960464e-08,2.2476,0.9999526,-0.007397558,0.006328115,0.005426721,0.9632564,0.2685287,-0.008082055,-0.2684817,0.9632509,static,-1.593253,-15.81177,-1.282028e-06,-1.519441e-06,-0.1239235411206534,9.163745401643299
1159,05/17/2023 13:16:33.266373,1648,True,True,True,True,Eyes,1.316912,-0.2769697,-2.999028,-0.02680168,-0.2724862,0.9617864,0.0,0.0,0.0,0.0,0.0,0.0,0.0,-1.299805,1.064302,2.83421,1.316348,-0.274347,-3.007813,0.1354693,-0.00357202,-0.003345235,0.9907695,15.5699,359.5251,359.5482,0.4006693,-0.08426122,-0.9123396,0,0,0,1.298402,-0.877634,-0.8427663,-1.490116e-08,0.0,2.2476,0.9999521,-0.007596513,0.006171744,0.005660915,0.9632737,0.2684617,-0.007984452,-0.2684138,0.9632706,static,-1.596223,-15.8181,-3.798601e-07,0.0,-0.12388531201821995,9.163408660640844
1160,05/17/2023 13:16:33.286812,1649,True,True,True,True,Eyes,1.316929,-0.2769723,-2.999025,-0.02684133,-0.2725855,0.9617571,0.0,0.0,0.0,0.0,0.0,0.0,0.0,-1.300905,1.06405,2.833723,1.316422,-0.274352,-3.007708,0.1354862,-0.003421991,-0.003448611,0.9907674,15.57187,359.5411,359.5384,0.4006652,-0.08426102,-0.9123414,0,0,0,1.299081,-0.8777136,-0.8426763,-7.636845e-08,-5.960464e-08,2.2476,0.9999528,-0.007760808,0.005846316,0.005906277,0.9632632,0.2684942,-0.007715274,-0.268447,0.9632636,static,-1.598632,-15.82403,-1.946783e-06,-1.519441e-06,-0.12381736293576073,9.163095207674257
1161,05/17/2023 13:16:33.306297,1650,True,True,True,True,Eyes,1.316931,-0.2769711,-2.999021,-0.0268798,-0.2726862,0.9617274,0.0,0.0,0.0,0.0,0.0,0.0,0.0,-1.301246,1.064135,2.833545,1.316397,-0.2744293,-3.007722,0.1354542,-0.003340688,-0.003363952,0.9907722,15.56826,359.5521,359.5497,0.4006619,-0.0842609,-0.9123428,0,0,0,1.29947,-0.877654,-0.8426491,-7.264316e-08,-5.960464e-08,2.2476,0.9999551,-0.007570841,0.0057084,0.005760799,0.9632816,0.2684311,-0.007531045,-0.2683861,0.963282,static,-1.600971,-15.83005,-1.851818e-06,-1.519441e-06,-0.12373920972739239,9.162777570858028
1162,05/17/2023 13:16:33.316669,1651,True,True,True,True,Eyes,1.316931,-0.2769705,-2.999015,-0.02691303,-0.2727849,0.9616985,0.0,0.0,0.0,0.0,0.0,0.0,0.0,-1.301497,1.064267,2.833367,1.316379,-0.2743467,-3.007724,0.1355087,-0.00330293,-0.003397073,0.9907649,15.57455,359.5559,359.5464,0.4006591,-0.08426075,-0.9123441,0,0,0,1.2996,-0.8778094,-0.8427165,1.024455e-08,0.0,2.2476,0.9999551,-0.007626552,0.005624188,0.005836249,0.9632517,0.2685369,-0.007465519,-0.268492,0.963253,static,-1.602998,-15.83594,2.611538e-07,0.0,-0.12364023505299904,9.162468200482017
1163,05/17/2023 13:16:33.336538,1652,True,True,True,True,Eyes,1.316923,-0.2769699,-2.999011,-0.02695844,-0.2728944,0.9616662,0.0,0.0,0.0,0.0,0.0,0.0,0.0,-1.301873,1.064247,2.833146,1.316356,-0.2743593,-3.007682,0.1355342,-0.003248174,-0.003453346,0.9907614,15.57751,359.5615,359.5406,0.4006567,-0.08426063,-0.9123452,0,0,0,1.299785,-0.8779339,-0.8427035,5.029142e-08,-5.960464e-08,2.2476,0.9999551,-0.007723361,0.005500237,0.005962406,0.9632371,0.2685866,-0.007372423,-0.2685418,0.9632398,static,-1.605755,-15.84248,1.282028e-06,-1.519441e-06,-0.12357392099819486,9.162121964438215
1164,05/17/2023 13:16:33.356125,1653,True,True,True,True,Eyes,1.316915,-0.2769667,-2.999008,-0.02700427,-0.2730072,0.9616329,0.0,0.0,0.0,0.0,0.0,0.0,0.0,-1.301788,1.064788,2.83302,1.31633,-0.2743603,-3.007729,0.1356589,-0.003275573,-0.003528607,0.9907439,15.59189,359.5569,359.5312,0.4006543,-0.08426051,-0.9123462,0,0,0,1.29959,-0.8784781,-0.8429042,-9.592623e-08,-1.788139e-07,2.2476,0.9999537,-0.007880614,0.005533133,0.006103171,0.9631684,0.2688297,-0.007447882,-0.2687835,0.9631718,static,-1.608539,-15.84922,-2.44535e-06,-4.558322e-06,-0.12350064555855966,9.161765448552613
1165,05/17/2023 13:16:33.366883,1654,True,True,True,True,Eyes,1.316917,-0.2769643,-2.999004,-0.02713238,-0.2730687,0.9616119,0.0,0.0,0.0,0.0,0.0,0.0,0.0,-1.301834,1.065043,2.832903,1.3163,-0.2742938,-3.007747,0.1357621,-0.003287717,-0.003636314,0.9907293,15.60376,359.5537,359.5182,0.400652,-0.08426032,-0.9123473,0,0,0,1.299439,-0.8788602,-0.8430485,-5.029142e-08,0.0,2.2476,0.9999519,-0.0080979,0.005527128,0.00631251,0.9631109,0.2690309,-0.007501822,-0.2689831,0.9631156,static,-1.616202,-15.85294,-1.282028e-06,0.0,-0.12398756814382739,9.161535708613625
1166,05/17/2023 13:16:33.386291,1655,True,True,True,True,Eyes,1.316918,-0.2769625,-2.999001,-0.02725351,-0.2731292,0.9615912,0.0,0.0,0.0,0.0,0.0,0.0,0.0,-1.302395,1.065442,2.832465,1.316321,-0.2743029,-3.007709,0.1358596,-0.003207589,-0.00368491,0.9907162,15.61506,359.5623,359.5138,0.40065,-0.08426009,-0.9123482,0,0,0,1.299785,-0.8792964,-0.8431269,-8.6613e-08,0.0,2.2476,0.9999523,-0.008172964,0.005354359,0.006429835,0.9630572,0.2692203,-0.007356881,-0.2691731,0.9630637,static,-1.623448,-15.8566,-2.207937e-06,0.0,-0.1244413808795597,9.161311253067499
1167,05/17/2023 13:16:33.406085,1656,True,True,True,True,Eyes,1.316924,-0.2769619,-2.998998,-0.02747162,-0.2731542,0.9615779,0.0,0.0,0.0,0.0,0.0,0.0,0.0,-1.302407,1.065657,2.832387,1.316273,-0.2743146,-3.007738,0.1358787,-0.003189345,-0.003648931,0.9907137,15.6173,359.565,359.5183,0.4006483,-0.08425984,-0.9123489,0,0,0,1.29984,-0.8793924,-0.8431782,-6.519258e-08,0.0,2.2476,0.999953,-0.008096821,0.005327831,0.006363363,0.9630473,0.2692572,-0.00731108,-0.2692106,0.9630535,static,-1.636456,-15.85819,-1.661888e-06,0.0,-0.1254872942246278,9.161160682633884
1168,05/17/2023 13:16:33.416488,1657,True,True,True,True,Eyes,1.316928,-0.2769594,-2.998996,-0.0276749,-0.2731762,0.9615659,0.0,0.0,0.0,0.0,0.0,0.0,0.0,-1.30257,1.066016,2.83216,1.31627,-0.2743384,-3.00772,0.135858,-0.003118718,-0.003461907,0.9907174,15.61502,359.5764,359.5415,0.4006469,-0.08425958,-0.9123495,0,0,0,1.300267,-0.87933,-0.8431333,-3.539026e-08,0.0,2.2476,0.9999565,-0.007706949,0.005238881,0.006012138,0.9630612,0.2692154,-0.007120193,-0.2691723,0.9630657,static,-1.648579,-15.85959,-9.021679e-07,0.0,-0.12646584771577019,9.161024502526356
1169,05/17/2023 13:16:33.436559,1658,True,True,True,True,Eyes,1.316932,-0.276959,-2.998995,-0.02790993,-0.2731837,0.9615569,0.0,0.0,0.0,0.0,0.0,0.0,0.0,-1.302809,1.066004,2.832046,1.316236,-0.2742935,-3.007731,0.1358295,-0.003053393,-0.003378797,0.9907217,15.61178,359.5855,359.5524,0.4006458,-0.08425929,-0.91235,0,0,0,1.300574,-0.8791627,-0.8431078,-2.421439e-08,5.960464e-08,2.2476,0.9999585,-0.007524378,0.005132245,0.005865415,0.9630778,0.269159,-0.006968006,-0.2691178,0.9630821,static,-1.662588,-15.86015,-6.172728e-07,1.519441e-06,-0.12764574812325413,9.160920738252365
1170,05/17/2023 13:16:33.456795,1659,True,True,True,True,Eyes,1.316937,-0.2769562,-2.998992,-0.02813959,-0.2731884,0.9615489,0.0,0.0,0.0,0.0,0.0,0.0,0.0,-1.302408,1.066531,2.832056,1.316172,-0.2743422,-3.007777,0.1358047,-0.003057041,-0.003144586,0.990726,15.609,359.5888,359.5799,0.4006449,-0.08425901,-0.9123504,0,0,0,1.300638,-0.8791067,-0.8431238,-6.519258e-08,5.960464e-08,2.2476,0.9999615,-0.007061166,0.005203282,0.005400524,0.9630944,0.2691097,-0.006911479,-0.2690712,0.9630955,static,-1.676274,-15.86053,-1.661888e-06,1.51944e-06,-0.12880620156933098,9.160827833249845
1171,05/17/2023 13:16:33.466544,1660,True,True,True,True,Eyes,1.316932,-0.2769534,-2.998991,-0.02840594,-0.2731844,0.9615422,0.0,0.0,0.0,0.0,0.0,0.0,0.0,-1.301761,1.066705,2.832234,1.316184,-0.2742854,-3.007726,0.1357675,-0.003131212,-0.002980093,0.9907312,15.60474,359.5828,359.5981,0.4006443,-0.08425867,-0.9123508,0,0,0,1.30042,-0.8788887,-0.8430291,3.72529e-09,0.0,2.2476,0.9999626,-0.006755175,0.005395181,0.005054708,0.9631166,0.2690368,-0.007013579,-0.2689995,0.9631147,static,-1.692143,-15.86041,9.496503e-08,0.0,-0.13017778235948252,9.160748517088948
1172,05/17/2023 13:16:33.486764,1661,True,True,True,True,Eyes,1.316929,-0.276952,-2.998987,-0.02866847,-0.2731856,0.961534,0.0,0.0,0.0,0.0,0.0,0.0,0.0,-1.300632,1.067472,2.832484,1.316167,-0.2742915,-3.007752,0.1358091,-0.003279086,-0.002802501,0.9907256,15.60958,359.5682,359.6167,0.4006436,-0.08425829,-0.9123511,0,0,0,1.299852,-0.8790777,-0.8431102,-8.288771e-08,-5.960464e-08,2.2476,0.9999628,-0.006443677,0.005736138,0.004662358,0.963096,0.2691176,-0.00725856,-0.2690808,0.9630902,static,-1.707788,-15.86061,-2.112972e-06,-1.519441e-06,-0.13151522425793483,9.160654191082012
1173,05/17/2023 13:16:33.516483,1662,True,True,True,True,Eyes,1.316906,-0.2769481,-2.998983,-0.02883971,-0.2732012,0.9615245,0.0,0.0,0.0,0.0,0.0,0.0,0.0,-1.299949,1.068122,2.832506,1.316181,-0.2743239,-3.007699,0.135874,-0.003377621,-0.002715057,0.9907168,15.61708,359.558,359.6253,0.400643,-0.08425792,-0.9123514,0,0,0,1.29948,-0.8793937,-0.8431399,-1.071021e-07,0.0,2.2476,0.9999624,-0.006297566,0.005954719,0.004461843,0.9630617,0.2692437,-0.007430342,-0.2692071,0.9630536,static,-1.717999,-15.86162,-2.730245e-06,0.0,-0.13234729890584473,9.160548062507786
1174,05/17/2023 13:16:33.526226,1663,True,True,True,True,Eyes,1.316857,-0.2769443,-2.998978,-0.02891532,-0.2732097,0.9615198,0.0,0.0,0.0,0.0,0.0,0.0,0.0,-1.299349,1.068415,2.8327,1.316187,-0.2742767,-3.007729,0.1359407,-0.003488524,-0.002750291,0.990707,15.62474,359.5443,359.6194,0.4006419,-0.0842575,-0.912352,0,0,0,1.29897,-0.8796356,-0.8432547,-6.984919e-08,-5.960464e-08,2.2476,0.9999605,-0.006397929,0.006164458,0.004501,0.9630251,0.269374,-0.007659964,-0.2693356,0.963016,static,-1.722509,-15.86216,-1.780594e-06,-1.519441e-06,-0.1327104503948875,9.16049642927842
1175,05/17/2023 13:16:33.541570,1664,True,True,True,True,Eyes,1.316811,-0.2769409,-2.998973,-0.02898909,-0.273222,0.9615141,0.0,0.0,0.0,0.0,0.0,0.0,0.0,-1.299676,1.068419,2.832506,1.316174,-0.2742981,-3.007692,0.1360018,-0.003461639,-0.002883627,0.9906984,15.63175,359.5453,359.604,0.4006397,-0.08425707,-0.912353,0,0,0,1.298995,-0.8799219,-0.8432912,9.313226e-09,-5.960464e-08,2.2476,0.9999593,-0.006655188,0.006074523,0.004772032,0.9629904,0.2694934,-0.007643237,-0.2694535,0.9629831,static,-1.726911,-15.86293,2.374126e-07,-1.519441e-06,-0.1330536268153506,9.160433722509842
1176,05/17/2023 13:16:33.552313,1665,True,True,True,True,Eyes,1.316767,-0.2769365,-2.998967,-0.02905869,-0.2732337,0.9615086,0.0,0.0,0.0,0.0,0.0,0.0,0.0,-1.299575,1.068766,2.832434,1.316181,-0.2743067,-3.0077,0.136055,-0.003477806,-0.002873397,0.9906911,15.63791,359.5435,359.6049,0.4006366,-0.08425664,-0.9123544,0,0,0,1.298936,-0.8801631,-0.8433651,-5.308539e-08,-1.192093e-07,2.2476,0.9999593,-0.006639642,0.006108982,0.004746951,0.9629616,0.269597,-0.007672743,-0.269557,0.9629539,static,-1.731065,-15.86366,-1.353252e-06,-3.038881e-06,-0.13337731241401418,9.160374377228877
1177,05/17/2023 13:16:33.566923,1666,True,True,True,True,Eyes,1.3167,-0.2769323,-2.99896,-0.02907602,-0.2732615,0.9615003,0.0,0.0,0.0,0.0,0.0,0.0,0.0,-1.299833,1.068539,2.83238,1.316188,-0.2742759,-3.00768,0.1360565,-0.003451947,-0.002946982,0.9906907,15.63806,359.5453,359.5967,0.4006328,-0.08425618,-0.9123561,0,0,0,1.299013,-0.8801379,-0.8433462,-1.015142e-07,-5.960464e-08,2.2476,0.9999588,-0.006778414,0.006037712,0.004899776,0.9629599,0.2696002,-0.007641536,-0.2695595,0.9629534,static,-1.732111,-15.86532,-2.587797e-06,-1.519441e-06,-0.13339028237942008,9.160284631597696
1178,05/17/2023 13:16:33.586630,1667,True,True,True,True,Eyes,1.316636,-0.2769296,-2.998955,-0.02909478,-0.2732902,0.9614915,0.0,0.0,0.0,0.0,0.0,0.0,0.0,-1.300126,1.068799,2.832142,1.316211,-0.2743004,-3.007663,0.1360992,-0.003405127,-0.00294116,0.9906851,15.64301,359.5509,359.5981,0.4006277,-0.08425572,-0.9123583,0,0,0,1.299248,-0.8803496,-0.843379,-5.867332e-08,-5.960464e-08,2.2476,0.9999595,-0.006754396,0.005946238,0.004900656,0.9629367,0.2696829,-0.007547396,-0.2696428,0.9629309,static,-1.733244,-15.86704,-1.495699e-06,-1.51944e-06,-0.13340795567089625,9.160191377424242
1179,05/17/2023 13:16:33.606296,1668,True,True,True,True,Eyes,1.316553,-0.2769236,-2.998948,-0.02907461,-0.2733044,0.9614881,0.0,0.0,0.0,0.0,0.0,0.0,0.0,-1.30003,1.068941,2.832168,1.31622,-0.2743321,-3.007689,0.1361271,-0.003428574,-0.002965526,0.9906811,15.64622,359.5478,359.5948,0.4006215,-0.08425531,-0.9123611,0,0,0,1.299137,-0.8805028,-0.8434408,-4.004687e-08,-1.192093e-07,2.2476,0.9999589,-0.006809226,0.00598587,0.004942338,0.9629212,0.2697375,-0.007600625,-0.2696968,0.9629153,static,-1.732049,-15.86788,-1.020874e-06,-3.038881e-06,-0.133266090293084,9.160155243067198
1180,05/17/2023 13:16:33.616553,1669,True,True,True,True,Eyes,1.316474,-0.2769179,-2.998942,-0.02905961,-0.2733159,0.9614853,0.0,0.0,0.0,0.0,0.0,0.0,0.0,-1.30021,1.068314,2.832321,1.316232,-0.2742721,-3.007688,0.1360917,-0.00343247,-0.003107808,0.9906855,15.64206,359.545,359.578,0.400614,-0.08425485,-0.9123645,0,0,0,1.299045,-0.8802856,-0.8433965,-5.587935e-08,0.0,2.2476,0.9999571,-0.007091981,0.005955102,0.005223458,0.9629388,0.2696696,-0.00764689,-0.2696269,0.9629346,static,-1.731162,-15.86856,-1.424475e-06,0.0,-0.1331581661144523,9.16012555888555
1181,05/17/2023 13:16:33.636583,1670,True,True,True,True,Eyes,1.316384,-0.2769142,-2.998935,-0.02900679,-0.2733464,0.9614782,0.0,0.0,0.0,0.0,0.0,0.0,0.0,-1.300185,1.06786,2.832511,1.316255,-0.2742769,-3.007685,0.1360672,-0.003469556,-0.003235311,0.9906883,15.63915,359.5386,359.5624,0.4006052,-0.08425437,-0.9123684,0,0,0,1.298826,-0.8801801,-0.8433647,7.450581e-09,0.0,2.2476,0.999955,-0.007354556,0.005994059,0.005466185,0.9629505,0.2696227,-0.007754937,-0.2695778,0.9629474,static,-1.72803,-15.87035,1.8993e-07,0.0,-0.13280545666600463,9.16005170914489
1182,05/17/2023 13:16:33.656375,1671,True,True,True,True,Eyes,1.316298,-0.2769104,-2.998927,-0.02895485,-0.2733785,0.9614707,0.0,0.0,0.0,0.0,0.0,0.0,0.0,-1.299936,1.067798,2.832651,1.316258,-0.2743342,-3.007681,0.1360768,-0.003529277,-0.00330992,0.9906866,15.64019,359.5303,359.5526,0.4005951,-0.08425393,-0.9123729,0,0,0,1.298516,-0.880277,-0.8433739,-3.352761e-08,0.0,2.2476,0.9999532,-0.007518691,0.006092009,0.00559768,0.9629443,0.2696422,-0.007893621,-0.2695954,0.9629413,static,-1.724951,-15.87223,-8.546853e-07,0.0,-0.1324531309776663,9.15997301364664
1183,05/17/2023 13:16:33.666333,1672,True,True,True,True,Eyes,1.316188,-0.2769046,-2.998919,-0.02886024,-0.2734087,0.9614649,0.0,0.0,0.0,0.0,0.0,0.0,0.0,-1.300098,1.067904,2.8325,1.316256,-0.2743297,-3.007647,0.1361138,-0.003509147,-0.003342784,0.9906815,15.64447,359.5322,359.5491,0.4005839,-0.08425353,-0.9123778,0,0,0,1.298583,-0.8804344,-0.8433848,-3.166497e-08,-1.192093e-07,2.2476,0.999953,-0.007578554,0.006042894,0.00566798,0.9629236,0.2697144,-0.007862891,-0.2696674,0.9629214,static,-1.719328,-15.87399,-8.072027e-07,-3.038881e-06,-0.1318873881504814,9.159914089068982
1184,05/17/2023 13:16:33.686449,1673,True,True,True,True,Eyes,1.316082,-0.2769007,-2.998912,-0.02876585,-0.2734366,0.9614598,0.0,0.0,0.0,0.0,0.0,0.0,0.0,-1.299777,1.068302,2.832503,1.31624,-0.2742975,-3.007663,0.136188,-0.003562761,-0.003350067,0.990671,15.65303,359.5257,359.5473,0.4005711,-0.08425312,-0.9123835,0,0,0,1.298323,-0.880725,-0.8434932,-2.421439e-08,-5.960464e-08,2.2476,0.9999521,-0.007608038,0.00614657,0.005667218,0.9628832,0.2698589,-0.007971525,-0.2698111,0.9628803,static,-1.713717,-15.87561,-6.172727e-07,-1.519441e-06,-0.1313291781762389,9.159862194096393
1185,05/17/2023 13:16:33.706263,1674,True,True,True,True,Eyes,1.315951,-0.2768941,-2.998903,-0.02863798,-0.2734548,0.9614585,0.0,0.0,0.0,0.0,0.0,0.0,0.0,-1.299858,1.068463,2.832433,1.31624,-0.2743416,-3.007684,0.1361713,-0.003529683,-0.003264983,0.9906737,15.65116,359.5309,359.5579,0.400557,-0.08425276,-0.9123898,0,0,0,1.298523,-0.8806984,-0.8434931,-3.166497e-08,-1.192093e-07,2.2476,0.9999537,-0.007430348,0.006104334,0.005507782,0.9628934,0.2698258,-0.007882722,-0.2697797,0.9628899,static,-1.706106,-15.87663,-8.072027e-07,-3.038881e-06,-0.1306266641185193,9.159851465489444
1186,05/17/2023 13:16:33.716462,1675,True,True,True,True,Eyes,1.315823,-0.2768847,-2.998895,-0.02851144,-0.2734648,0.9614593,0.0,0.0,0.0,0.0,0.0,0.0,0.0,-1.300501,1.068606,2.832048,1.316236,-0.2742948,-3.007657,0.1361921,-0.003409333,-0.003218092,0.9906714,15.65363,359.5459,359.5653,0.400541,-0.08425239,-0.9123968,0,0,0,1.299083,-0.8807453,-0.8434877,-9.313226e-09,-5.960464e-08,2.2476,0.9999561,-0.007304792,0.005878499,0.005447495,0.9628826,0.2698652,-0.007631614,-0.2698213,0.9628802,static,-1.698571,-15.87717,-2.374126e-07,-1.519441e-06,-0.12995297750107293,9.159864650806567
1187,05/17/2023 13:16:33.736808,1676,True,True,True,True,Eyes,1.315656,-0.2768762,-2.998885,-0.02837398,-0.2734599,0.9614649,0.0,0.0,0.0,0.0,0.0,0.0,0.0,-1.300853,1.067844,2.832174,1.316198,-0.274221,-3.007681,0.1360971,-0.003354515,-0.00326988,0.9906845,15.64264,359.5516,359.5602,0.4005234,-0.08425193,-0.9124046,0,0,0,1.299259,-0.8802562,-0.8433937,-5.587935e-08,-5.960464e-08,2.2476,0.9999561,-0.007391917,0.00575649,0.005565758,0.9629338,0.2696805,-0.007536574,-0.2696365,0.9629327,static,-1.690377,-15.87681,-1.424475e-06,-1.519441e-06,-0.1292643489142673,9.159926987895703
1188,05/17/2023 13:16:33.756066,1677,True,True,True,True,Eyes,1.31549,-0.276868,-2.998873,-0.02823509,-0.2734488,0.961472,0.0,0.0,0.0,0.0,0.0,0.0,0.0,-1.301497,1.067498,2.831971,1.316139,-0.2742701,-3.007667,0.1360568,-0.003245798,-0.003315778,0.9906902,15.63801,359.5637,359.5565,0.4005035,-0.08425145,-0.9124134,0,0,0,1.299656,-0.8801304,-0.8433272,3.72529e-09,-5.960464e-08,2.2476,0.999957,-0.007453043,0.005528892,0.005686591,0.9629551,0.2696018,-0.00733343,-0.2695588,0.962956,static,-1.682094,-15.87609,9.496502e-08,-1.51944e-06,-0.1285847731730424,9.160008046107244
1189,05/17/2023 13:16:33.766733,1678,True,True,True,True,Eyes,1.315318,-0.2768656,-2.998863,-0.02810067,-0.2734288,0.9614817,0.0,0.0,0.0,0.0,0.0,0.0,0.0,-1.301349,1.067611,2.831879,1.316016,-0.2742696,-3.00761,0.1359701,-0.00319343,-0.003068132,0.9907031,15.62811,359.5739,359.5866,0.4004815,-0.08425096,-0.9124231,0,0,0,1.29992,-0.8797558,-0.8431625,2.793968e-09,0.0,2.2476,0.9999608,-0.006947637,0.005493133,0.005210793,0.9630055,0.2694315,-0.00716183,-0.2693923,0.9630039,static,-1.674074,-15.87484,7.122378e-08,0.0,-0.12795244329078748,9.160114545563752
1190,05/17/2023 13:16:33.786454,1679,True,True,True,True,Eyes,1.315158,-0.2768523,-2.998857,-0.0279889,-0.2733794,0.961499,0.0,0.0,0.0,0.0,0.0,0.0,0.0,-1.300202,1.068546,2.832121,1.31599,-0.274416,-3.007672,0.135918,-0.003292006,-0.002668027,0.990711,15.62222,359.5688,359.6322,0.4004574,-0.08425066,-0.9124337,0,0,0,1.299699,-0.8796796,-0.8431636,-2.421439e-08,5.960464e-08,2.2476,0.9999641,-0.006181373,0.005797588,0.004391603,0.9630384,0.2693284,-0.007248119,-0.2692933,0.9630309,static,-1.667389,-15.87184,-6.172727e-07,1.519441e-06,-0.12751627931366838,9.160302538165595
1191,05/17/2023 13:16:33.796898,1680,True,True,True,True,Eyes,1.314978,-0.2768423,-2.998845,-0.02786745,-0.2733331,0.9615157,0.0,0.0,0.0,0.0,0.0,0.0,0.0,-1.299015,1.066203,2.83369,1.316128,-0.2741476,-3.00777,0.1355297,-0.003512412,-0.002658138,0.9907635,15.57723,359.5432,359.6301,0.4004317,-0.08425016,-0.9124451,0,0,0,1.298865,-0.8777117,-0.8427949,3.166497e-08,-1.192093e-07,2.2476,0.9999612,-0.006219245,0.006239426,0.0043151,0.9632493,0.2685744,-0.007680453,-0.2685371,0.9632388,static,-1.660129,-15.86903,8.072028e-07,-3.038881e-06,-0.12702179784423384,9.16048399723487
1192,05/17/2023 13:16:33.816901,1681,True,True,True,True,Eyes,1.314806,-0.2768331,-2.998831,-0.02775823,-0.2733125,0.9615247,0.0,0.0,0.0,0.0,0.0,0.0,0.0,-1.299744,1.065624,2.833446,1.316154,-0.274242,-3.00763,0.1355318,-0.003448115,-0.002897465,0.9907628,15.57739,359.5469,359.6029,0.4004041,-0.08424962,-0.9124572,0,0,0,1.299032,-0.8778118,-0.8426546,-8.568168e-08,0.0,2.2476,0.9999595,-0.006676058,0.006047131,0.004806742,0.9632455,0.2685797,-0.007617925,-0.2685397,0.9632385,static,-1.653611,-15.86775,-2.184196e-06,0.0,-0.12652015351717405,9.160583934062258
1193,05/17/2023 13:16:33.836741,1682,True,True,True,True,Eyes,1.31462,-0.276827,-2.998814,-0.0276272,-0.2733326,0.9615228,0.0,0.0,0.0,0.0,0.0,0.0,0.0,-1.299822,1.066701,2.83294,1.316161,-0.2742492,-3.007564,0.1358457,-0.003500931,-0.003176947,0.9907188,15.61355,359.5359,359.5689,0.400375,-0.08424906,-0.91247,0,0,0,1.298629,-0.8791853,-0.842974,-4.097819e-08,0.0,2.2476,0.9999553,-0.007246096,0.006073726,0.00534375,0.9630717,0.269192,-0.007800025,-0.2691475,0.9630673,static,-1.645813,-15.86889,-1.044615e-06,0.0,-0.12579597109653096,9.160568131043684
1194,05/17/2023 13:16:33.846662,1683,True,True,True,True,Eyes,1.314442,-0.2768243,-2.998801,-0.02749597,-0.2733784,0.9615135,0.0,0.0,0.0,0.0,0.0,0.0,0.0,-1.301637,1.068981,2.831178,1.316113,-0.2743245,-3.007514,0.1363059,-0.003213564,-0.00329194,0.9906562,15.66685,359.5677,359.5598,0.4003443,-0.08424861,-0.9124835,0,0,0,1.299785,-0.8812743,-0.8434777,-7.450581e-08,-1.192093e-07,2.2476,0.9999577,-0.007398416,0.005469653,0.005646305,0.9628198,0.2700858,-0.007264496,-0.2700435,0.9628208,static,-1.638015,-15.87156,-1.899301e-06,-3.038881e-06,-0.12500075418065215,9.160474798756365
1195,05/17/2023 13:16:33.866535,1684,True,True,True,True,Eyes,1.314269,-0.276818,-2.998788,-0.02735947,-0.2734176,0.9615062,0.0,0.0,0.0,0.0,0.0,0.0,0.0,-1.301458,1.071685,2.83031,1.316115,-0.2743939,-3.007575,0.1366423,-0.003182665,-0.003016741,0.9906109,15.70589,359.5756,359.5925,0.4003122,-0.08424833,-0.9124976,0,0,0,1.300089,-0.8828181,-0.8439503,-1.024455e-07,0.0,2.2476,0.9999615,-0.006846607,0.005481137,0.005107059,0.9626396,0.2707379,-0.007129995,-0.2706995,0.9626375,static,-1.629901,-15.87384,-2.611538e-06,0.0,-0.12419644269866492,9.16040292934314
1196,05/17/2023 13:16:33.886670,1685,True,True,True,True,Eyes,1.314102,-0.2768107,-2.998778,-0.0272297,-0.2734328,0.9615056,0.0,0.0,0.0,0.0,0.0,0.0,0.0,-1.301683,1.071956,2.830124,1.31613,-0.2743015,-3.007595,0.1366505,-0.003117699,-0.002888811,0.9906102,15.70692,359.5854,359.6086,0.4002791,-0.0842481,-0.9125121,0,0,0,1.300472,-0.8827645,-0.8439794,-2.328306e-08,0.0,2.2476,0.9999639,-0.006575442,0.005387333,0.004871302,0.9626366,0.2707527,-0.006966363,-0.2707167,0.9626339,static,-1.622175,-15.87468,-5.935315e-07,0.0,-0.12349238639735893,9.160401940683657
1197,05/17/2023 13:16:33.906401,1686,True,True,True,True,Eyes,1.313933,-0.2767985,-2.998769,-0.0271225,-0.2734219,0.9615117,0.0,0.0,0.0,0.0,0.0,0.0,0.0,-1.30169,1.070151,2.830856,1.316107,-0.2742771,-3.007656,0.1363628,-0.003125689,-0.002950335,0.9906497,15.67362,359.5836,359.6014,0.4002452,-0.08424787,-0.912527,0,0,0,1.30038,-0.8814823,-0.8436877,-5.401671e-08,-5.960464e-08,2.2476,0.999963,-0.006697952,0.005388294,0.004993041,0.962793,0.270194,-0.006997558,-0.2701571,0.9627908,static,-1.615781,-15.87399,-1.376993e-06,-1.519441e-06,-0.12297402364964038,9.160471313314178
1198,05/17/2023 13:16:33.916454,1687,True,True,True,True,Eyes,1.313769,-0.2767927,-2.998765,-0.02703833,-0.2733971,0.9615211,0.0,0.0,0.0,0.0,0.0,0.0,0.0,-1.301325,1.067941,2.831845,1.31605,-0.2741584,-3.007681,0.1361072,-0.003236908,-0.003214591,0.9906836,15.64388,359.5663,359.5686,0.4002104,-0.08424748,-0.9125423,0,0,0,1.299668,-0.8802406,-0.8434021,-8.568168e-08,-1.192093e-07,2.2476,0.9999584,-0.007250417,0.005538445,0.005488152,0.962929,0.2696991,-0.00728856,-0.2696574,0.9629288,static,-1.610754,-15.87247,-2.184196e-06,-3.038881e-06,-0.12261186782633904,9.160575387979645
1199,05/17/2023 13:16:33.936404,1688,True,True,True,True,Eyes,1.3136,-0.2767853,-2.998761,-0.02696981,-0.2733611,0.9615334,0.0,0.0,0.0,0.0,0.0,0.0,0.0,-1.299453,1.067668,2.832917,1.316031,-0.2743089,-3.007778,0.1359184,-0.003503289,-0.003009028,0.9907092,15.62203,359.5384,359.5886,0.400175,-0.08424714,-0.9125578,0,0,0,1.298591,-0.8795657,-0.8432766,-5.029142e-08,-1.192093e-07,2.2476,0.9999573,-0.006914468,0.006123518,0.005009822,0.9630343,0.2693323,-0.007759447,-0.2692902,0.9630278,static,-1.606654,-15.8703,-1.282028e-06,-3.038881e-06,-0.12235968656339491,9.160707411390401
1200,05/17/2023 13:16:33.946711,1689,True,True,True,True,Eyes,1.313441,-0.276776,-2.998757,-0.02690523,-0.2733221,0.9615462,0.0,0.0,0.0,0.0,0.0,0.0,0.0,-1.297997,1.067884,2.833559,1.316061,-0.2742714,-3.007821,0.1358836,-0.003723441,-0.002871032,0.9907137,15.61798,359.5146,359.6013,0.4001388,-0.08424679,-0.9125738,0,0,0,1.297725,-0.879375,-0.8432838,-9.872019e-08,0.0,2.2476,0.9999558,-0.00670065,0.006597475,0.004676833,0.9630548,0.2692648,-0.008157979,-0.2692221,0.9630436,static,-1.602787,-15.86794,-2.516573e-06,0.0,-0.12213638330481102,9.160847808760701
1201,05/17/2023 13:16:33.966389,1690,True,True,True,True,Eyes,1.313284,-0.2767678,-2.998752,-0.02684157,-0.2732778,0.9615605,0.0,0.0,0.0,0.0,0.0,0.0,0.0,-1.297798,1.06771,2.833705,1.316142,-0.2742162,-3.00778,0.1358233,-0.003750816,-0.002784244,0.9907221,15.61104,359.5129,359.6112,0.4001023,-0.08424637,-0.9125898,0,0,0,1.297738,-0.8790575,-0.8431708,-3.72529e-09,5.960464e-08,2.2476,0.9999564,-0.00653572,0.006675704,0.004497928,0.9630886,0.2691472,-0.008188364,-0.2691054,0.9630759,static,-1.598973,-15.86528,-9.496503e-08,1.519441e-06,-0.12193157063845561,9.161003122736036
1202,05/17/2023 13:16:33.986290,1691,True,True,True,True,Eyes,1.313136,-0.2767594,-2.998748,-0.02677622,-0.2732302,0.961576,0.0,0.0,0.0,0.0,0.0,0.0,0.0,-1.297923,1.067638,2.833715,1.316202,-0.2742357,-3.007791,0.1357692,-0.003719646,-0.002696882,0.9907299,15.60484,359.518,359.622,0.4000654,-0.08424591,-0.912606,0,0,0,1.29799,-0.8788429,-0.8431142,-6.519258e-08,-5.960464e-08,2.2476,0.9999578,-0.00635379,0.006638022,0.004333737,0.9631189,0.2690413,-0.008102636,-0.2690012,0.9631057,static,-1.595057,-15.86241,-1.661888e-06,-1.519441e-06,-0.12172772760661776,9.161169626882824
1203,05/17/2023 13:16:34.007517,1692,True,True,True,True,Eyes,1.312997,-0.276755,-2.998741,-0.02669586,-0.2731984,0.9615873,0.0,0.0,0.0,0.0,0.0,0.0,0.0,-1.298349,1.067165,2.833733,1.316262,-0.2742266,-3.007797,0.1357021,-0.003662796,-0.002720317,0.9907392,15.59709,359.5244,359.6202,0.4000285,-0.0842454,-0.9126222,0,0,0,1.29829,-0.8785409,-0.843037,0.0,0.0,2.2476,0.9999584,-0.006384348,0.006519446,0.004396152,0.9631551,0.2689108,-0.007996057,-0.2688709,0.963143,static,-1.590253,-15.86048,0.0,0.0,-0.12140380309436127,9.161293277320915
1204,05/17/2023 13:16:34.536884,1724,True,True,True,True,Eyes,1.317408,-0.2770616,-2.999666,-0.3347991,-0.2523586,0.9078682,0.0,0.0,0.0,0.0,0.0,0.0,0.0,-1.30271,1.066336,2.831909,1.31623,-0.2746199,-3.007649,0.1358219,-0.003062659,-0.00334813,0.9907229,15.61091,359.5849,359.5558,0.4002374,-0.08425949,-0.912529,0,0,0,0.6254421,-0.8106123,-1.062919,-0.676725,0.003200054,2.022,0.9999588,-0.00746609,0.005158994,0.005802186,0.9630824,0.2691443,-0.006977992,-0.2691033,0.9630861,static,-20.24271,-15.53425,-18.50441,0.09067727,-1.7421604131711501,9.077448553182856
1205,05/17/2023 13:16:34.546948,1725,True,True,True,True,Eyes,1.317266,-0.2770583,-2.999659,-0.3350928,-0.2523099,0.9077734,0.0,0.0,0.0,0.0,0.0,0.0,0.0,-1.302397,1.066032,2.83212,1.316207,-0.2745983,-3.007617,0.1357411,-0.00309621,-0.003281007,0.990734,15.60158,359.5821,359.5633,0.400282,-0.08426023,-0.9125094,0,0,0,0.625322,-0.8103575,-1.062857,-0.676725,0.003199875,2.022,0.9999593,-0.007341777,0.005244306,0.005660646,0.9631272,0.2689869,-0.007025776,-0.2689463,0.9631295,static,-20.26097,-15.53294,-18.50441,0.0906722,-1.7437930611877153,9.077416670719595
1206,05/17/2023 13:16:34.566390,1726,True,True,True,True,Eyes,1.317096,-0.2770554,-2.999649,-0.3354664,-0.252257,0.9076501,0.0,0.0,0.0,0.0,0.0,0.0,0.0,-1.301921,1.066217,2.832241,1.3162,-0.2746359,-3.00759,0.1357853,-0.003187288,-0.003331268,0.9907276,15.60662,359.5705,359.5558,0.4003185,-0.08426095,-0.9124933,0,0,0,0.6249233,-0.8104824,-1.062993,-0.676725,0.003200173,2.022,0.9999575,-0.007466332,0.005410795,0.005735184,0.9631026,0.2690736,-0.007220143,-0.2690312,0.9631044,static,-20.28425,-15.53184,-18.50441,0.09068064,-1.7458480828497724,9.077347132529741
1207,05/17/2023 13:16:34.587138,1727,True,True,True,True,Eyes,1.316932,-0.2770568,-2.999641,-0.3358293,-0.2522158,0.9075273,0.0,0.0,0.0,0.0,0.0,0.0,0.0,-1.302016,1.066586,2.831978,1.316161,-0.274673,-3.007528,0.1358776,-0.003180367,-0.003398568,0.9907147,15.61728,359.5702,359.5479,0.4003472,-0.08426171,-0.9124807,0,0,0,0.6248744,-0.8107924,-1.06301,-0.676725,0.003199875,2.022,0.9999567,-0.007598303,0.005378094,0.005869742,0.9630514,0.2692534,-0.00722525,-0.2692102,0.9630543,static,-20.30692,-15.53143,-18.50441,0.0906722,-1.7478185603190872,9.077245912792774
1208,05/17/2023 13:16:34.606259,1728,True,True,True,True,Eyes,1.31674,-0.2770517,-2.999631,-0.3362337,-0.252166,0.9073914,0.0,0.0,0.0,0.0,0.0,0.0,0.0,-1.301047,1.067659,2.832056,1.316154,-0.2747741,-3.007556,0.1359083,-0.003277299,-0.003107033,0.9907112,15.62091,359.5634,359.5807,0.4003689,-0.08426262,-0.9124711,0,0,0,0.6246358,-0.8113901,-1.063258,-0.676725,0.003200054,2.022,0.9999592,-0.007047168,0.005649171,0.005265519,0.9630386,0.2693121,-0.007338256,-0.2692713,0.9630364,static,-20.33218,-15.53073,-18.50442,0.09067727,-1.7500254500120713,9.077145450409521
1209,05/17/2023 13:16:34.617152,1729,True,True,True,True,Eyes,1.31656,-0.2770401,-2.999622,-0.3366179,-0.2521017,0.9072668,0.0,0.0,0.0,0.0,0.0,0.0,0.0,-1.300664,1.066796,2.832557,1.316192,-0.2746475,-3.007552,0.1357148,-0.003316855,-0.002972069,0.9907379,15.59858,359.561,359.5961,0.4003837,-0.08426352,-0.9124646,0,0,0,0.6245897,-0.8106785,-1.063122,-0.676725,0.003199875,2.022,0.9999603,-0.006789375,0.005765561,0.00498879,0.9631453,0.2689353,-0.007378976,-0.2688959,0.963141,static,-20.35608,-15.52898,-18.50441,0.0906722,-1.752164019559625,9.077105513044144
1210,05/17/2023 13:16:34.636428,1730,True,True,True,True,Eyes,1.316341,-0.2770344,-2.999613,-0.337013,-0.2520192,0.9071431,0.0,0.0,0.0,0.0,0.0,0.0,0.0,-1.301312,1.065262,2.832879,1.316329,-0.2744837,-3.007547,0.1355218,-0.003251215,-0.003067825,0.9907643,15.57624,359.5674,359.586,0.4003924,-0.08426417,-0.9124607,0,0,0,0.6249405,-0.8096395,-1.0628,-0.6767249,0.003199935,2.022,0.99996,-0.006960203,0.005610863,0.005197761,0.9632488,0.2685603,-0.007273891,-0.2685204,0.9632466,static,-20.38055,-15.52616,-18.50441,0.09067389,-1.754401332639328,9.077116728115872
1211,05/17/2023 13:16:34.656572,1731,True,True,True,True,Eyes,1.316129,-0.2770257,-2.999599,-0.3373742,-0.2519467,0.907029,0.0,0.0,0.0,0.0,0.0,0.0,0.0,-1.301767,1.063874,2.833271,1.316364,-0.2746651,-3.007589,0.1354176,-0.003266051,-0.003447216,0.9907773,15.56402,359.5595,359.5411,0.4003949,-0.08426484,-0.9124596,0,0,0,0.6247141,-0.8088941,-1.06268,-0.676725,0.003199935,2.022,0.9999549,-0.007715408,0.005538232,0.005946285,0.9633004,0.2683599,-0.007405486,-0.2683149,0.9633028,static,-20.40295,-15.52377,-18.50441,0.09067389,-1.7564404954014603,9.077117293342411
1212,05/17/2023 13:16:34.666654,1732,True,True,True,True,Eyes,1.315858,-0.2770202,-2.999588,-0.3377248,-0.2519236,0.9069049,0.0,0.0,0.0,0.0,0.0,0.0,0.0,-1.304421,1.063804,2.831927,1.316314,-0.2745842,-3.007478,0.1357159,-0.002944238,-0.004041834,0.9907353,15.59841,359.5877,359.476,0.4003918,-0.08426543,-0.9124609,0,0,0,0.6256316,-0.8092439,-1.062343,-0.6767249,0.003199995,2.022,0.99995,-0.008807935,0.004736839,0.007209616,0.9631298,0.2689408,-0.006931003,-0.2688932,0.963145,static,-20.42496,-15.52444,-18.50441,0.09067557,-1.7583040178272071,9.076964898763979
1213,05/17/2023 13:16:34.686826,1733,True,True,True,True,Eyes,1.315598,-0.2770188,-2.999575,-0.3380415,-0.2519272,0.9067858,0.0,0.0,0.0,0.0,0.0,0.0,0.0,-1.305285,1.066222,2.830707,1.316233,-0.2747061,-3.007585,0.1360791,-0.002762401,-0.003938837,0.9906863,15.64056,359.6106,359.4909,0.4003823,-0.0842661,-0.912465,0,0,0,0.626327,-0.8109691,-1.062616,-0.676725,0.003200054,2.022,0.9999537,-0.008556113,0.00440136,0.007052492,0.9629339,0.2696452,-0.006545333,-0.2696016,0.9629498,static,-20.445,-15.52659,-18.50441,0.09067727,-1.7599292488094003,9.076748109842914
1214,05/17/2023 13:16:34.696849,1734,True,True,True,True,Eyes,1.31531,-0.2770092,-2.999563,-0.3383588,-0.2519584,0.9066588,0.0,0.0,0.0,0.0,0.0,0.0,0.0,-1.306053,1.06834,2.829492,1.316216,-0.2747943,-3.007526,0.1362852,-0.002546605,-0.003571633,0.99066,15.66465,359.6418,359.5376,0.4003672,-0.08426695,-0.9124716,0,0,0,0.6273664,-0.8124079,-1.062556,-0.676725,0.003199875,2.022,0.9999615,-0.007770677,0.004072117,0.006382418,0.9628271,0.2700429,-0.006019161,-0.2700065,0.9628397,static,-20.46523,-15.53049,-18.50441,0.0906722,-1.7614895864570173,9.076441621194245
1215,05/17/2023 13:16:34.717133,1735,True,True,True,True,Eyes,1.31503,-0.2769982,-2.999554,-0.3386662,-0.2519769,0.906539,0.0,0.0,0.0,0.0,0.0,0.0,0.0,-1.306257,1.068243,2.829462,1.316197,-0.2746206,-3.007576,0.1362513,-0.002484454,-0.003466095,0.9906651,15.66079,359.6509,359.5511,0.4003464,-0.08426775,-0.9124807,0,0,0,0.6276535,-0.8122558,-1.062504,-0.676725,0.003199875,2.022,0.9999636,-0.007544498,0.003978004,0.006190459,0.9628472,0.269976,-0.005867043,-0.2699415,0.9628589,static,-20.48476,-15.53353,-18.50441,0.0906722,-1.7630295957289495,9.076182478044588
1216,05/17/2023 13:16:34.736401,1736,True,True,True,True,Eyes,1.314695,-0.2769881,-2.999549,-0.3389943,-0.2519963,0.9064109,0.0,0.0,0.0,0.0,0.0,0.0,0.0,-1.306098,1.067316,2.829913,1.3161,-0.2745809,-3.007648,0.136127,-0.002512856,-0.003547164,0.9906818,15.64637,359.6463,359.5411,0.4003206,-0.08426845,-0.9124919,0,0,0,0.6274012,-0.8116123,-1.062464,-0.6767249,0.003199995,2.022,0.9999622,-0.007712357,0.004013152,0.006344087,0.9629138,0.2697349,-0.005944612,-0.2696992,0.9629263,static,-20.50561,-15.53675,-18.50441,0.09067558,-1.7646748740953035,9.075907110402136
1217,05/17/2023 13:16:34.756518,1737,True,True,True,True,Eyes,1.314376,-0.2769807,-2.999542,-0.339328,-0.252003,0.9062842,0.0,0.0,0.0,0.0,0.0,0.0,0.0,-1.304127,1.066858,2.831074,1.316035,-0.2745709,-3.007753,0.1359725,-0.002809666,-0.0034346,0.9907027,15.62841,359.6132,359.5497,0.4002889,-0.08426913,-0.9125057,0,0,0,0.626211,-0.8110884,-1.062825,-0.676725,0.003200054,2.022,0.9999606,-0.00756941,0.004633065,0.00604126,0.9629994,0.2694359,-0.00650111,-0.2693973,0.9630072,static,-20.52674,-15.53922,-18.50441,0.09067727,-1.7663790757974143,9.075668240520868
1218,05/17/2023 13:16:34.766707,1738,True,True,True,True,Eyes,1.314025,-0.2769687,-2.999535,-0.3396815,-0.2520176,0.9061477,0.0,0.0,0.0,0.0,0.0,0.0,0.0,-1.302433,1.066215,2.832091,1.316088,-0.2746303,-3.007719,0.1357781,-0.003076945,-0.003311804,0.990729,15.60585,359.5838,359.5599,0.4002523,-0.08426986,-0.9125217,0,0,0,0.625263,-0.810497,-1.062967,-0.6767249,0.003199935,2.022,0.9999591,-0.007397762,0.005197496,0.005726636,0.9631067,0.2690589,-0.006996177,-0.2690182,0.9631097,static,-20.54918,-15.5423,-18.50441,0.09067389,-1.7681677218471004,9.07539141068885
1219,05/17/2023 13:16:34.786632,1739,True,True,True,True,Eyes,1.313689,-0.2769586,-2.999527,-0.3400245,-0.2520194,0.9060186,0.0,0.0,0.0,0.0,0.0,0.0,0.0,-1.301028,1.065763,2.832953,1.316127,-0.2746298,-3.007746,0.1356641,-0.003312054,-0.003271852,0.990744,15.59258,359.5568,359.5609,0.4002105,-0.08427053,-0.91254,0,0,0,0.6243843,-0.8100559,-1.063199,-0.676725,0.003200054,2.022,0.9999566,-0.007381788,0.005675049,0.005584481,0.9631691,0.2688384,-0.00745054,-0.2687951,0.9631686,static,-20.57088,-15.54452,-18.50441,0.09067727,-1.7699325963061354,9.075162141610459
1220,05/17/2023 13:16:34.806568,1740,True,True,True,True,Eyes,1.313376,-0.2769524,-2.999518,-0.3403406,-0.2520531,0.9058905,0.0,0.0,0.0,0.0,0.0,0.0,0.0,-1.300669,1.064907,2.833441,1.316182,-0.2746707,-3.00772,0.1354798,-0.003368975,-0.003216703,0.9907692,15.57127,359.5511,359.5666,0.4001644,-0.08427119,-0.9125602,0,0,0,0.6242434,-0.8094362,-1.063061,-0.676725,0.003199995,2.022,0.9999566,-0.007286877,0.005804156,0.005461165,0.9632697,0.2684801,-0.00754735,-0.2684368,0.9632677,static,-20.59107,-15.54858,-18.50441,0.09067557,-1.771482062294841,9.074847760580463
1221,05/17/2023 13:16:34.816681,1741,True,True,True,True,Eyes,1.313076,-0.2769434,-2.999508,-0.3406346,-0.2520868,0.9057705,0.0,0.0,0.0,0.0,0.0,0.0,0.0,-1.300884,1.064741,2.833406,1.316238,-0.274747,-3.00769,0.1354332,-0.00333777,-0.003198732,0.9907758,15.5659,359.5551,359.5692,0.400115,-0.08427195,-0.9125819,0,0,0,0.6244338,-0.80936,-1.062941,-0.676725,0.003199935,2.022,0.9999573,-0.007242542,0.005747534,0.005434363,0.9632953,0.2683892,-0.007480392,-0.2683465,0.9632934,static,-20.60986,-15.55253,-18.50442,0.09067389,-1.772916122814967,9.074546487461767
1222,05/17/2023 13:16:34.836564,1742,True,True,True,True,Eyes,1.312755,-0.2769351,-2.999499,-0.3408949,-0.2521531,0.9056541,0.0,0.0,0.0,0.0,0.0,0.0,0.0,-1.301891,1.06463,2.832949,1.316277,-0.2746754,-3.007644,0.1354843,-0.003197659,-0.003302523,0.9907689,15.57182,359.5699,359.5592,0.4000629,-0.08427268,-0.9126046,0,0,0,0.6249778,-0.8093764,-1.06274,-0.676725,0.003199816,2.022,0.9999577,-0.007410539,0.005441402,0.005677608,0.9632662,0.2684884,-0.007231162,-0.2684462,0.9632676,static,-20.62671,-15.55832,-18.50441,0.09067052,-1.7740977603038839,9.074162416378597
1223,05/17/2023 13:16:34.846694,1743,True,True,True,True,Eyes,1.312445,-0.276925,-2.99949,-0.3411333,-0.2522144,0.9055473,0.0,0.0,0.0,0.0,0.0,0.0,0.0,-1.302778,1.064714,2.832595,1.316303,-0.2747133,-3.00771,0.1356034,-0.003106273,-0.003539607,0.9907521,15.58553,359.5768,359.5327,0.400008,-0.08427344,-0.9126285,0,0,0,0.6252412,-0.809579,-1.062767,-0.676725,0.003199935,2.022,0.9999557,-0.007856189,0.005195128,0.006171304,0.9631984,0.2687207,-0.007115059,-0.2686767,0.9632041,static,-20.64215,-15.56366,-18.50441,0.09067389,-1.7751789169638654,9.07380873574677
1224,05/17/2023 13:16:34.866407,1744,True,True,True,True,Eyes,1.312139,-0.2769156,-2.999484,-0.3413361,-0.2522968,0.905448,0.0,0.0,0.0,0.0,0.0,0.0,0.0,-1.303972,1.064299,2.832177,1.316282,-0.2746651,-3.007701,0.1356176,-0.00293378,-0.003687005,0.9907501,15.5872,359.5947,359.5181,0.3999508,-0.08427417,-0.9126536,0,0,0,0.6258315,-0.8094213,-1.062511,-0.676725,0.003199875,2.022,0.9999556,-0.008101545,0.00481324,0.006510056,0.9631885,0.2687479,-0.006813331,-0.2687047,0.9631985,static,-20.65546,-15.57013,-18.50441,0.0906722,-1.7760242590415634,9.073409257244412
1225,05/17/2023 13:16:34.886801,1745,True,True,True,True,Eyes,1.311846,-0.2769068,-2.999478,-0.3415463,-0.252367,0.9053491,0.0,0.0,0.0,0.0,0.0,0.0,0.0,-1.303162,1.064596,2.832523,1.31629,-0.2746722,-3.007776,0.13554,-0.003012179,-0.003423701,0.9907614,15.5783,359.5898,359.5479,0.3998915,-0.08427486,-0.9126794,0,0,0,0.625667,-0.8094646,-1.062657,-0.676725,0.003199935,2.022,0.9999585,-0.007600682,0.005040604,0.005967598,0.9632343,0.2685963,-0.006896798,-0.268555,0.9632396,static,-20.66917,-15.57587,-18.50441,0.09067389,-1.776937925544421,9.073044617284895
1226,05/17/2023 13:16:34.896827,1746,True,True,True,True,Eyes,1.311556,-0.2768933,-2.99947,-0.3417416,-0.2524269,0.9052588,0.0,0.0,0.0,0.0,0.0,0.0,0.0,-1.30205,1.064028,2.833266,1.316325,-0.2746812,-3.007777,0.1354459,-0.003216337,-0.003468371,0.9907735,15.5673,359.565,359.5394,0.3998307,-0.08427553,-0.912706,0,0,0,0.6248632,-0.8090026,-1.062827,-0.676725,0.003199816,2.022,0.9999552,-0.007744018,0.005433769,0.00600146,0.9632847,0.2684147,-0.007312875,-0.2683702,0.9632881,static,-20.68188,-15.58086,-18.50441,0.09067052,-1.777800332504139,9.0727233632343
1227,05/17/2023 13:16:34.916574,1747,True,True,True,True,Eyes,1.311275,-0.2768815,-2.999466,-0.3419489,-0.2524799,0.9051657,0.0,0.0,0.0,0.0,0.0,0.0,0.0,-1.302794,1.062461,2.833427,1.316319,-0.2745749,-3.007709,0.1354282,-0.003206383,-0.003985316,0.9907741,15.56503,359.5579,359.4786,0.3997687,-0.08427604,-0.9127331,0,0,0,0.6246227,-0.8081279,-1.062631,-0.676725,0.003199935,2.022,0.9999477,-0.008765563,0.005274154,0.007028624,0.9632866,0.2683831,-0.007433051,-0.268332,0.9632978,static,-20.69531,-15.5855,-18.50441,0.09067389,-1.7787409670543681,9.072415970054237
1228,05/17/2023 13:16:34.936518,1748,True,True,True,True,Eyes,1.311007,-0.2768746,-2.99946,-0.3421234,-0.2525535,0.9050792,0.0,0.0,0.0,0.0,0.0,0.0,0.0,-1.301948,1.06185,2.834109,1.316296,-0.274543,-3.007783,0.1354029,-0.003391327,-0.004187838,0.9907761,15.56191,359.5329,359.4518,0.3997058,-0.08427645,-0.9127607,0,0,0,0.6237524,-0.8076845,-1.062894,-0.676725,0.003199995,2.022,0.9999419,-0.009216811,0.005586,0.007380027,0.963297,0.2683364,-0.007854182,-0.2682796,0.9633091,static,-20.70679,-15.59124,-18.50441,0.09067558,-1.779462674322899,9.072063330539608
1229,05/17/2023 13:16:34.951803,1749,True,True,True,True,Eyes,1.310756,-0.2768655,-2.999448,-0.342285,-0.2526302,0.9049967,0.0,0.0,0.0,0.0,0.0,0.0,0.0,-1.301065,1.063347,2.833946,1.316305,-0.274705,-3.007757,0.1355008,-0.003477239,-0.003896235,0.9907635,15.57333,359.5274,359.4847,0.3996423,-0.08427688,-0.9127884,0,0,0,0.6235717,-0.8086095,-1.063145,-0.676725,0.003199995,2.022,0.9999455,-0.008662833,0.005834357,0.006778157,0.9632487,0.2685256,-0.00794613,-0.2684714,0.9632549,static,-20.71746,-15.5971,-18.50442,0.09067559,-1.780109085155418,9.071708969204009
1230,05/17/2023 13:16:34.966391,1750,True,True,True,True,Eyes,1.310501,-0.2768575,-2.999436,-0.3423947,-0.2526945,0.9049373,0.0,0.0,0.0,0.0,0.0,0.0,0.0,-1.301613,1.063684,2.833486,1.316448,-0.2746444,-3.007624,0.1355665,-0.003401457,-0.00386315,0.990755,15.58098,359.5368,359.4898,0.399579,-0.08427729,-0.9128161,0,0,0,0.624034,-0.8088673,-1.062985,-0.676725,0.003199995,2.022,0.999947,-0.008577117,0.005692593,0.006732622,0.9632136,0.2686527,-0.007787448,-0.2686001,0.9632202,static,-20.72478,-15.60185,-18.50441,0.09067557,-1.7805186615644528,9.07142888216695
1231,05/17/2023 13:16:34.986859,1751,True,True,True,True,Eyes,1.310256,-0.2768497,-2.999425,-0.3424912,-0.2527504,0.9048851,0.0,0.0,0.0,0.0,0.0,0.0,0.0,-1.302515,1.063422,2.833162,1.316463,-0.2746717,-3.007607,0.1355628,-0.003269717,-0.003945092,0.9907556,15.58058,359.551,359.4823,0.3995156,-0.0842777,-0.9128438,0,0,0,0.6245325,-0.8087952,-1.062769,-0.6767249,0.003199935,2.022,0.9999475,-0.008703747,0.005409365,0.00693074,0.9632143,0.268645,-0.007548595,-0.2685933,0.9632241,static,-20.73122,-15.60599,-18.50442,0.0906739,-1.7808808081867913,9.071184441093513
1232,05/17/2023 13:16:35.006221,1752,True,True,True,True,Eyes,1.310017,-0.2768437,-2.999414,-0.3425678,-0.2528155,0.9048379,0.0,0.0,0.0,0.0,0.0,0.0,0.0,-1.303578,1.062795,2.832926,1.31643,-0.2746735,-3.007638,0.1355446,-0.003125766,-0.004129542,0.9907578,15.57847,359.565,359.4629,0.3994524,-0.08427811,-0.9128714,0,0,0,0.6249777,-0.8085045,-1.06255,-0.676725,0.003199995,2.022,0.9999464,-0.009030112,0.00507428,0.007335389,0.9632212,0.2686096,-0.007313228,-0.2685579,0.9632357,static,-20.73646,-15.61059,-18.50442,0.09067558,-1.781118301583819,9.07092314820523
1233,05/17/2023 13:16:35.016837,1753,True,True,True,True,Eyes,1.309787,-0.2768366,-2.999403,-0.3426385,-0.2528788,0.9047934,0.0,0.0,0.0,0.0,0.0,0.0,0.0,-1.30416,1.06247,2.832741,1.316373,-0.2747114,-3.007623,0.135506,-0.003026098,-0.004167805,0.9907632,15.57404,359.5761,359.46,0.3993895,-0.08427858,-0.9128988,0,0,0,0.6252998,-0.8083588,-1.06235,-0.6767249,0.003199875,2.022,0.999947,-0.009078724,0.004866766,0.007438507,0.9632415,0.2685339,-0.007125817,-0.2684834,0.9632579,static,-20.7413,-15.61504,-18.50441,0.0906722,-1.7813283269973912,9.070671608771816
1234,05/17/2023 13:16:35.036414,1754,True,True,True,True,Eyes,1.309546,-0.2768319,-2.999391,-0.3426908,-0.2529476,0.9047545,0.0,0.0,0.0,0.0,0.0,0.0,0.0,-1.304311,1.062489,2.832645,1.316362,-0.2746764,-3.007613,0.1355056,-0.002992485,-0.004140826,0.9907634,15.57403,359.5806,359.4637,0.3993271,-0.08427904,-0.9129261,0,0,0,0.6254369,-0.8083658,-1.062298,-0.676725,0.003199935,2.022,0.9999478,-0.009016155,0.004807479,0.007394161,0.9632421,0.2685328,-0.0070519,-0.2684832,0.9632586,static,-20.74501,-15.61972,-18.50441,0.09067389,-1.7814304032000154,9.070414495554653
1235,05/17/2023 13:16:35.046587,1755,True,True,True,True,Eyes,1.309313,-0.2768246,-2.999382,-0.3427429,-0.2530167,0.9047154,0.0,0.0,0.0,0.0,0.0,0.0,0.0,-1.304031,1.062562,2.83274,1.316313,-0.2747416,-3.007623,0.1354605,-0.003008763,-0.004041166,0.99077,15.56885,359.5803,359.4752,0.399265,-0.08427958,-0.9129532,0,0,0,0.6253762,-0.8083854,-1.062299,-0.6767249,0.003199935,2.022,0.9999492,-0.008822868,0.004867148,0.007192594,0.9632682,0.2684447,-0.007056821,-0.2683961,0.9632828,static,-20.74873,-15.62441,-18.50441,0.09067389,-1.781532875928634,9.070156821796589
1236,05/17/2023 13:16:35.066465,1756,True,True,True,True,Eyes,1.309088,-0.2768171,-2.999372,-0.3427722,-0.2530658,0.9046906,0.0,0.0,0.0,0.0,0.0,0.0,0.0,-1.30381,1.062766,2.83277,1.316273,-0.2746734,-3.00765,0.1355,-0.003037331,-0.004031431,0.9907645,15.5734,359.577,359.4759,0.3992032,-0.08428011,-0.9129801,0,0,0,0.625227,-0.80848,-1.062411,-0.6767249,0.003199816,2.022,0.999949,-0.008811514,0.004926041,0.007165281,0.963247,0.2685217,-0.007111077,-0.2684727,0.963261,static,-20.75086,-15.62771,-18.50442,0.09067053,-1.7815630154691564,9.069978139496834
1237,05/17/2023 13:16:35.086835,1757,True,True,True,True,Eyes,1.308872,-0.2768099,-2.999364,-0.3428026,-0.2531213,0.9046634,0.0,0.0,0.0,0.0,0.0,0.0,0.0,-1.303386,1.062735,2.832952,1.31627,-0.2746598,-3.00763,0.1354731,-0.003098248,-0.003986,0.9907682,15.57028,359.5706,359.4803,0.3991419,-0.08428062,-0.9130069,0,0,0,0.6250042,-0.8084099,-1.062453,-0.676725,0.003199935,2.022,0.999949,-0.008737861,0.005059299,0.007058945,0.9632623,0.2684695,-0.007219281,-0.2684202,0.9632749,static,-20.75312,-15.63141,-18.50441,0.09067389,-1.7815857743484513,9.069778488529707
1238,05/17/2023 13:16:35.096663,1758,True,True,True,True,Eyes,1.30864,-0.2768047,-2.999357,-0.3428245,-0.2531997,0.9046332,0.0,0.0,0.0,0.0,0.0,0.0,0.0,-1.30297,1.063472,2.832903,1.316266,-0.2746546,-3.007666,0.1355524,-0.003145553,-0.003885491,0.9907576,15.57947,359.5666,359.4913,0.3990813,-0.08428109,-0.9130333,0,0,0,0.6248636,-0.8088433,-1.062657,-0.676725,0.003199995,2.022,0.99995,-0.008551935,0.005179585,0.006846386,0.9632209,0.2686237,-0.007286336,-0.2685747,0.9632313,static,-20.75496,-15.63652,-18.50441,0.09067558,-1.7815069163083321,9.069509649194273
1239,05/17/2023 13:16:35.116778,1759,True,True,True,True,Eyes,1.308419,-0.2767962,-2.999348,-0.3428422,-0.253275,0.9046055,0.0,0.0,0.0,0.0,0.0,0.0,0.0,-1.302658,1.063974,2.832901,1.316257,-0.2747139,-3.007705,0.1355815,-0.003174603,-0.003786184,0.9907539,15.58286,359.5648,359.5025,0.399021,-0.08428162,-0.9130597,0,0,0,0.6247908,-0.8091456,-1.062786,-0.6767251,0.003199995,2.022,0.9999512,-0.008363187,0.005263826,0.006641518,0.9632066,0.2686799,-0.007317173,-0.2686318,0.9632151,static,-20.75653,-15.64139,-18.50442,0.09067558,-1.7814159592331156,9.069254424281423
1240,05/17/2023 13:16:35.136418,1760,True,True,True,True,Eyes,1.308213,-0.2767903,-2.999339,-0.3428565,-0.25334,0.9045818,0.0,0.0,0.0,0.0,0.0,0.0,0.0,-1.303135,1.063801,2.832712,1.316265,-0.2746302,-3.007676,0.1356139,-0.003116831,-0.003881591,0.9907493,15.58659,359.57,359.4922,0.3989611,-0.08428208,-0.9130858,0,0,0,0.6249788,-0.8090712,-1.062696,-0.676725,0.003200054,2.022,0.9999505,-0.008536736,0.005123201,0.006845995,0.9631876,0.2687429,-0.007228791,-0.2686945,0.9631984,static,-20.75782,-15.6456,-18.50441,0.09067726,-1.781331541984418,9.069034150149173
1241,05/17/2023 13:16:35.146780,1761,True,True,True,True,Eyes,1.308016,-0.276784,-2.999328,-0.3428576,-0.2534007,0.9045644,0.0,0.0,0.0,0.0,0.0,0.0,0.0,-1.303621,1.06377,2.832487,1.316326,-0.2746779,-3.007633,0.135603,-0.003042684,-0.003871581,0.9907511,15.58537,359.5789,359.4946,0.398902,-0.08428255,-0.9131116,0,0,0,0.6253422,-0.8091047,-1.062541,-0.676725,0.003199875,2.022,0.9999515,-0.00849674,0.004979089,0.006846352,0.9631937,0.2687211,-0.007079081,-0.268674,0.9632052,static,-20.75824,-15.64945,-18.50442,0.0906722,-1.7811889488091,9.06883679998572
1242,05/17/2023 13:16:35.166607,1762,True,True,True,True,Eyes,1.307825,-0.2767808,-2.99932,-0.3428612,-0.2534378,0.9045526,0.0,0.0,0.0,0.0,0.0,0.0,0.0,-1.304457,1.063541,2.832141,1.316311,-0.2746624,-3.007597,0.135547,-0.00288289,-0.003804263,0.9907595,15.57901,359.5989,359.5051,0.3988439,-0.08428301,-0.9131369,0,0,0,0.6260027,-0.8089923,-1.062239,-0.676725,0.003199995,2.022,0.9999544,-0.008319754,0.004681188,0.006756686,0.9632251,0.2686108,-0.006743813,-0.268567,0.9632374,static,-20.75869,-15.65183,-18.50442,0.09067558,-1.7811171868737619,9.068713777286566
1243,05/17/2023 13:16:35.186548,1763,True,True,True,True,Eyes,1.307642,-0.2767774,-2.99931,-0.3428665,-0.2534732,0.9045407,0.0,0.0,0.0,0.0,0.0,0.0,0.0,-1.303969,1.064104,2.832194,1.316266,-0.2747293,-3.007648,0.1355639,-0.002925511,-0.003660905,0.9907575,15.58101,359.5961,359.5213,0.3987868,-0.08428354,-0.9131618,0,0,0,0.625863,-0.8093116,-1.062393,-0.676725,0.003199875,2.022,0.9999561,-0.008047326,0.004804371,0.006460951,0.963218,0.2686433,-0.006789518,-0.2686005,0.9632277,static,-20.75923,-15.6541,-18.50441,0.0906722,-1.781058279227309,9.068595844264241
1244,05/17/2023 13:16:35.196790,1764,True,True,True,True,Eyes,1.307459,-0.2767741,-2.999301,-0.3428703,-0.2534996,0.9045319,0.0,0.0,0.0,0.0,0.0,0.0,0.0,-1.303695,1.064105,2.832253,1.316264,-0.2747187,-3.007587,0.1355416,-0.002959272,-0.003606456,0.9907608,15.57843,359.593,359.5272,0.3987309,-0.08428412,-0.9131861,0,0,0,0.6257557,-0.8092802,-1.062364,-0.6767249,0.003199875,2.022,0.9999565,-0.007948479,0.004886211,0.006344062,0.963231,0.2685999,-0.006841511,-0.2685572,0.9632394,static,-20.75963,-15.65579,-18.50441,0.0906722,-1.7810142484377822,9.06850805481338
1245,05/17/2023 13:16:35.216585,1765,True,True,True,True,Eyes,1.307286,-0.2767739,-2.999289,-0.3428787,-0.2535306,0.90452,0.0,0.0,0.0,0.0,0.0,0.0,0.0,-1.302859,1.063844,2.832778,1.31628,-0.274729,-3.007618,0.1355036,-0.003113805,-0.003652823,0.9907653,15.57395,359.5741,359.5193,0.398676,-0.08428475,-0.9132101,0,0,0,0.6251287,-0.8090476,-1.062557,-0.676725,0.003199935,2.022,0.9999539,-0.008082043,0.005180159,0.006394316,0.9632508,0.2685274,-0.007160042,-0.2684819,0.9632581,static,-20.76034,-15.65781,-18.50441,0.09067389,-1.7809815813985987,9.0684018751401
1246,05/17/2023 13:16:35.241497,1766,True,True,True,True,Eyes,1.307113,-0.2767716,-2.999279,-0.342903,-0.2535518,0.9045048,0.0,0.0,0.0,0.0,0.0,0.0,0.0,-1.302578,1.06435,2.83263,1.316313,-0.2748007,-3.007515,0.1355935,-0.003173979,-0.003680052,0.9907527,15.5843,359.5665,359.515,0.3986222,-0.08428553,-0.9132335,0,0,0,0.6249061,-0.8094236,-1.062628,-0.676725,0.003199875,2.022,0.9999528,-0.008152784,0.005291275,0.006431301,0.9632018,0.2687025,-0.007287239,-0.2686558,0.9632086,static,-20.76201,-15.65931,-18.50441,0.0906722,-1.781055693961413,9.068316879172844
1247,05/17/2023 13:16:35.256548,1767,True,True,True,True,Eyes,1.306949,-0.2767673,-2.999271,-0.3429364,-0.2535706,0.904487,0.0,0.0,0.0,0.0,0.0,0.0,0.0,-1.301599,1.064813,2.832996,1.316391,-0.2747574,-3.007569,0.1356824,-0.003361024,-0.003713931,0.9907398,15.59448,359.5439,359.508,0.3985695,-0.08428635,-0.9132564,0,0,0,0.6242171,-0.8096464,-1.063028,-0.676725,0.003199935,2.022,0.9999498,-0.008271143,0.005651969,0.006447014,0.9631529,0.2688769,-0.007667631,-0.268827,0.963158,static,-20.76423,-15.66071,-18.50441,0.09067389,-1.7811817935074694,9.068233990727073
1248,05/17/2023 13:16:35.267019,1768,True,True,True,True,Eyes,1.306782,-0.276761,-2.999266,-0.3429438,-0.2535667,0.9044852,0.0,0.0,0.0,0.0,0.0,0.0,0.0,-1.301043,1.064687,2.833349,1.316435,-0.2747089,-3.007603,0.1356984,-0.003482246,-0.003800206,0.9907368,15.59622,359.5282,359.4958,0.398518,-0.08428715,-0.9132788,0,0,0,0.6237299,-0.8095191,-1.063229,-0.676725,0.003200054,2.022,0.9999469,-0.008475077,0.005868616,0.006584937,0.963143,0.2689092,-0.007931342,-0.2688563,0.9631477,static,-20.76468,-15.6605,-18.50442,0.09067727,-1.7812302795085106,9.068242210384815
1249,05/17/2023 13:16:35.286746,1769,True,True,True,True,Eyes,1.306624,-0.276754,-2.999259,-0.342948,-0.253549,0.9044886,0.0,0.0,0.0,0.0,0.0,0.0,0.0,-1.300731,1.063995,2.83385,1.316494,-0.2746682,-3.007672,0.1356148,-0.003564288,-0.00388694,0.9907477,15.58647,359.5172,359.4843,0.3984674,-0.08428787,-0.9133008,0,0,0,0.6234159,-0.8090159,-1.063304,-0.676725,0.003199935,2.022,0.9999443,-0.008668695,0.006008366,0.006735213,0.963187,0.2687478,-0.008116873,-0.2686924,0.9631919,static,-20.76484,-15.65941,-18.50441,0.09067389,-1.7812946586427565,9.068296582636236
1250,05/17/2023 13:16:35.306956,1770,True,True,True,True,Eyes,1.306478,-0.2767478,-2.999251,-0.3429398,-0.2535144,0.9045013,0.0,0.0,0.0,0.0,0.0,0.0,0.0,-1.301257,1.06278,2.834042,1.316546,-0.2746584,-3.007629,0.1354631,-0.003510046,-0.004005316,0.9907682,15.5689,359.5218,359.4714,0.3984179,-0.08428847,-0.9133223,0,0,0,0.6236237,-0.8082602,-1.063001,-0.676725,0.003199935,2.022,0.9999433,-0.008887643,0.005870138,0.006985715,0.9632674,0.2684532,-0.008040429,-0.268397,0.9632748,static,-20.76412,-15.65717,-18.50441,0.09067389,-1.7813366789886242,9.068413964122598
1251,05/17/2023 13:16:35.316696,1771,True,True,True,True,Eyes,1.306338,-0.2767438,-2.999242,-0.3429232,-0.2534864,0.9045156,0.0,0.0,0.0,0.0,0.0,0.0,0.0,-1.301686,1.062289,2.834024,1.316592,-0.2746696,-3.007603,0.1354086,-0.003459373,-0.004068736,0.9907755,15.56259,359.5268,359.4648,0.3983697,-0.08428899,-0.9133433,0,0,0,0.62384,-0.8079813,-1.062835,-0.6767249,0.003199875,2.022,0.999943,-0.008999266,0.005753039,0.007125551,0.9632959,0.2683472,-0.007956808,-0.2682909,0.9633051,static,-20.7629,-15.65529,-18.50441,0.0906722,-1.7813189451485443,9.068515794110791
1252,05/17/2023 13:16:35.336581,1772,True,True,True,True,Eyes,1.306203,-0.2767416,-2.999232,-0.3428901,-0.2534547,0.9045369,0.0,0.0,0.0,0.0,0.0,0.0,0.0,-1.302495,1.062614,2.833474,1.316598,-0.2747149,-3.007543,0.1354909,-0.00333479,-0.004116747,0.9907646,15.57215,359.5406,359.4611,0.3983229,-0.08428951,-0.9133637,0,0,0,0.624317,-0.8083101,-1.062685,-0.676725,0.003199935,2.022,0.9999439,-0.00906112,0.00549242,0.007253786,0.9632505,0.2685066,-0.007723548,-0.2684517,0.9632621,static,-20.76062,-15.65307,-18.50441,0.09067389,-1.7812257515552643,9.068640557072715
1253,05/17/2023 13:16:35.356494,1773,True,True,True,True,Eyes,1.306072,-0.2767411,-2.99922,-0.3428469,-0.2534389,0.9045578,0.0,0.0,0.0,0.0,0.0,0.0,0.0,-1.30331,1.062507,2.833126,1.316582,-0.2747576,-3.007534,0.1355528,-0.003234628,-0.004294296,0.9907556,15.57928,359.5495,359.4417,0.3982773,-0.08429006,-0.9133835,0,0,0,0.6246067,-0.8083751,-1.062573,-0.676725,0.003199935,2.022,0.9999422,-0.00938612,0.005245244,0.00763227,0.963214,0.2686271,-0.007573659,-0.2685715,0.96323,static,-20.75779,-15.65181,-18.50442,0.09067389,-1.7810406430925312,9.068719633969938
1254,05/17/2023 13:16:35.366664,1774,True,True,True,True,Eyes,1.305966,-0.2767387,-2.999215,-0.3428102,-0.2534241,0.9045758,0.0,0.0,0.0,0.0,0.0,0.0,0.0,-1.304232,1.06356,2.832247,1.316548,-0.2747964,-3.007489,0.1357511,-0.003077677,-0.004311603,0.9907289,15.60231,359.5676,359.4421,0.3982331,-0.08429072,-0.9134027,0,0,0,0.6251884,-0.809202,-1.062525,-0.676725,0.003199875,2.022,0.9999439,-0.009378854,0.004927677,0.007707661,0.9631061,0.2690117,-0.007268897,-0.2689586,0.9631243,static,-20.75538,-15.65064,-18.50441,0.09067219,-1.780887509887216,9.068791890148464
1255,05/17/2023 13:16:35.386895,1775,True,True,True,True,Eyes,1.305865,-0.2767356,-2.999208,-0.3427732,-0.2534138,0.9045927,0.0,0.0,0.0,0.0,0.0,0.0,0.0,-1.304089,1.06376,2.832299,1.316454,-0.2747227,-3.007595,0.1357813,-0.003079883,-0.004285458,0.9907249,15.60581,359.5677,359.4451,0.3981907,-0.08429135,-0.9134212,0,0,0,0.6250984,-0.8092818,-1.062672,-0.676725,0.003199935,2.022,0.9999443,-0.009327801,0.004938862,0.007655038,0.9630902,0.2690703,-0.007266403,-0.2690175,0.9631079,static,-20.75297,-15.64975,-18.50441,0.09067389,-1.780721376904995,9.068849957964083
1256,05/17/2023 13:16:35.396964,1776,True,True,True,True,Eyes,1.305784,-0.2767315,-2.999202,-0.3427404,-0.2533607,0.90462,0.0,0.0,0.0,0.0,0.0,0.0,0.0,-1.303817,1.064142,2.832249,1.316437,-0.2746996,-3.007575,0.135767,-0.003080067,-0.004096401,0.9907275,15.60424,359.5708,359.4674,0.39815,-0.08429194,-0.9134389,0,0,0,0.6251816,-0.8094588,-1.062671,-0.6767249,0.003199875,2.022,0.9999475,-0.008953177,0.004990702,0.007280492,0.9631011,0.2690415,-0.007215327,-0.268991,0.9631156,static,-20.75058,-15.64619,-18.50441,0.0906722,-1.7806809276886089,9.069043214327262
1257,05/17/2023 13:16:35.416487,1777,True,True,True,True,Eyes,1.305704,-0.2767289,-2.999198,-0.3427146,-0.2533077,0.9046447,0.0,0.0,0.0,0.0,0.0,0.0,0.0,-1.303251,1.063559,2.832716,1.316438,-0.2746588,-3.007566,0.1356368,-0.003160628,-0.004030392,0.9907455,15.58916,359.5624,359.4739,0.3981113,-0.08429245,-0.9134557,0,0,0,0.6248974,-0.8089796,-1.062643,-0.676725,0.003200054,2.022,0.9999475,-0.008843581,0.005169417,0.00712879,0.9631728,0.2687887,-0.007356095,-0.2687377,0.9631854,static,-20.74864,-15.64267,-18.50441,0.09067727,-1.7806773575295989,9.069232022167014
1258,05/17/2023 13:16:35.436866,1778,True,True,True,True,Eyes,1.30563,-0.2767312,-2.999196,-0.342696,-0.2532412,0.9046702,0.0,0.0,0.0,0.0,0.0,0.0,0.0,-1.302558,1.063529,2.833037,1.316373,-0.2746896,-3.007583,0.1355828,-0.003248238,-0.003949008,0.9907528,15.5829,359.5534,359.4821,0.3980746,-0.08429293,-0.9134716,0,0,0,0.6245261,-0.8088906,-1.062737,-0.676725,0.003199756,2.022,0.9999477,-0.008705791,0.005365568,0.006944172,0.9632034,0.2686836,-0.007507238,-0.2686323,0.9632136,static,-20.74707,-15.63834,-18.50442,0.09066884,-1.7807432436064974,9.069459883808543
1259,05/17/2023 13:16:35.446843,1779,True,True,True,True,Eyes,1.30556,-0.2767301,-2.99919,-0.3426793,-0.2531742,0.9046953,0.0,0.0,0.0,0.0,0.0,0.0,0.0,-1.301086,1.063944,2.833621,1.316342,-0.2748058,-3.007645,0.13554,-0.003452697,-0.003774454,0.9907588,15.57792,359.5322,359.4995,0.3980396,-0.08429349,-0.9134869,0,0,0,0.6237711,-0.8090345,-1.063064,-0.676725,0.003199875,2.022,0.9999477,-0.008415104,0.005818401,0.00654319,0.9632294,0.2686009,-0.007864758,-0.2685488,0.963234,static,-20.74562,-15.634,-18.50442,0.09067222,-1.7808199236060387,9.069687606413467
1260,05/17/2023 13:16:35.466774,1780,True,True,True,True,Eyes,1.305501,-0.2767286,-2.999185,-0.3426834,-0.253098,0.9047152,0.0,0.0,0.0,0.0,0.0,0.0,0.0,-1.300282,1.06379,2.833923,1.316368,-0.2747198,-3.007525,0.1353738,-0.003515112,-0.003432628,0.9907824,15.55884,359.5305,359.5388,0.3980064,-0.08429407,-0.9135013,0,0,0,0.6237317,-0.8087469,-1.062912,-0.676725,0.003199935,2.022,0.9999517,-0.007753685,0.006036047,0.005850268,0.9633242,0.2682762,-0.0078948,-0.2682279,0.9633231,static,-20.74543,-15.62919,-18.50441,0.09067389,-1.781026885931086,9.069932364678557
1261,05/17/2023 13:16:35.486628,1781,True,True,True,True,Eyes,1.305448,-0.2767245,-2.999181,-0.3426976,-0.2530208,0.9047314,0.0,0.0,0.0,0.0,0.0,0.0,0.0,-1.298903,1.06397,2.83455,1.316465,-0.2746996,-3.007543,0.1352776,-0.003705497,-0.003173257,0.9907958,15.54776,359.5122,359.5664,0.397975,-0.0842946,-0.913515,0,0,0,0.6232057,-0.808663,-1.063134,-0.676725,0.003199875,2.022,0.9999524,-0.007290641,0.006484239,0.005285557,0.9633798,0.2680885,-0.008201323,-0.2680415,0.9633725,static,-20.74588,-15.62439,-18.50441,0.0906722,-1.7812884754178349,9.07017317214253
1262,05/17/2023 13:16:35.501772,1782,True,True,True,True,Eyes,1.305403,-0.2767141,-2.999174,-0.3426918,-0.2529482,0.9047539,0.0,0.0,0.0,0.0,0.0,0.0,0.0,-1.299274,1.06342,2.834668,1.316591,-0.2746463,-3.007569,0.1354087,-0.003776591,-0.003666652,0.9907759,15.56263,359.4958,359.507,0.3979455,-0.08429503,-0.9135278,0,0,0,0.622784,-0.8084404,-1.063309,-0.676725,0.003199935,2.022,0.9999446,-0.008288426,0.006490518,0.006242894,0.9633021,0.2683469,-0.008476503,-0.2682916,0.9633004,static,-20.74509,-15.61976,-18.50442,0.09067389,-1.7814354325189599,9.070412038136432
1263,05/17/2023 13:16:35.516616,1783,True,True,True,True,Eyes,1.305357,-0.2767125,-2.99917,-0.3426726,-0.2528958,0.9047758,0.0,0.0,0.0,0.0,0.0,0.0,0.0,-1.302284,1.062131,2.833608,1.316477,-0.2744923,-3.00748,0.1356316,-0.003446385,-0.004539836,0.990743,15.58816,359.5205,359.4093,0.3979179,-0.08429515,-0.9135398,0,0,0,0.6235239,-0.8080434,-1.062849,-0.676725,0.003199875,2.022,0.999935,-0.0099305,0.005597474,0.008060745,0.9631669,0.2687834,-0.008060454,-0.2687208,0.9631844,static,-20.74356,-15.61632,-18.50441,0.0906722,-1.7814634410913728,9.07059458579839
1264,05/17/2023 13:16:35.536564,1784,True,True,True,True,Eyes,1.305316,-0.2767141,-2.999166,-0.3426385,-0.2528717,0.9047955,0.0,0.0,0.0,0.0,0.0,0.0,0.0,-1.30318,1.063596,2.832714,1.316381,-0.2746961,-3.007568,0.1358392,-0.003268389,-0.004490797,0.9907153,15.6123,359.5421,359.4178,0.3978919,-0.08429527,-0.9135511,0,0,0,0.6241613,-0.8091657,-1.062928,-0.676725,0.003199935,2.022,0.9999383,-0.009786153,0.005256034,0.008010252,0.9630551,0.2691852,-0.007696139,-0.2691265,0.9630741,static,-20.74126,-15.61458,-18.50441,0.09067389,-1.7813462405587712,9.07069513347978
1265,05/17/2023 13:16:35.557076,1785,True,True,True,True,Eyes,1.305277,-0.2767144,-2.999163,-0.3425877,-0.2528629,0.9048171,0.0,0.0,0.0,0.0,0.0,0.0,0.0,-1.303908,1.065194,2.831772,1.316379,-0.2747575,-3.007558,0.1359295,-0.003048265,-0.004063434,0.9907055,15.62306,359.575,359.4717,0.3978675,-0.08429549,-0.9135617,0,0,0,0.6252658,-0.8102062,-1.062793,-0.676725,0.003199995,2.022,0.9999484,-0.008880031,0.004935185,0.007222635,0.9630134,0.2693569,-0.007144547,-0.2693074,0.9630278,static,-20.73799,-15.61371,-18.50441,0.09067558,-1.7811051498992985,9.070756815815168
1266,05/17/2023 13:16:35.569360,1786,True,True,True,True,Eyes,1.305245,-0.2767111,-2.999162,-0.3425786,-0.2528406,0.9048268,0.0,0.0,0.0,0.0,0.0,0.0,0.0,-1.304706,1.066291,2.831008,1.316384,-0.2747169,-3.007574,0.1360043,-0.002845926,-0.003762846,0.9906971,15.63194,359.6036,359.5103,0.3978445,-0.08429573,-0.9135717,0,0,0,0.6262393,-0.8109078,-1.06267,-0.6767251,0.003199875,2.022,0.9999555,-0.008229798,0.004615373,0.006681564,0.9629773,0.2694996,-0.006662427,-0.2694568,0.9629894,static,-20.73729,-15.61225,-18.50442,0.0906722,-1.7811126781884115,9.07083456494898
1267,05/17/2023 13:16:35.586966,1787,True,True,True,True,Eyes,1.30521,-0.2767079,-2.999163,-0.3425795,-0.2528122,0.9048344,0.0,0.0,0.0,0.0,0.0,0.0,0.0,-1.305505,1.06617,2.830666,1.316299,-0.2746232,-3.007602,0.1360057,-0.002694831,-0.003758466,0.9906973,15.63217,359.6215,359.5133,0.3978231,-0.0842959,-0.913581,0,0,0,0.6267605,-0.8108554,-1.062495,-0.676725,0.003199935,2.022,0.9999572,-0.00818003,0.004317178,0.00671398,0.9629767,0.2695011,-0.00636187,-0.2694606,0.9629904,static,-20.73717,-15.61045,-18.50442,0.0906739,-1.7811859185379098,9.070926421617234
1268,05/17/2023 13:16:35.606485,1788,True,True,True,True,Eyes,1.305193,-0.2767048,-2.999165,-0.3426481,-0.2527597,0.9048231,0.0,0.0,0.0,0.0,0.0,0.0,0.0,-1.30426,1.065838,2.831414,1.316231,-0.274619,-3.007679,0.135846,-0.002849512,-0.003564752,0.9907196,15.61371,359.6065,359.5337,0.3978029,-0.08429597,-0.9135898,0,0,0,0.6261801,-0.8104554,-1.062644,-0.676725,0.003199816,2.022,0.9999583,-0.007837527,0.00467762,0.006289148,0.9630663,0.2691909,-0.006614649,-0.2691503,0.9630755,static,-20.74121,-15.60755,-18.50442,0.09067053,-1.7816683237959516,9.071051631802478
1269,05/17/2023 13:16:35.616628,1789,True,True,True,True,Eyes,1.305177,-0.2767006,-2.999167,-0.3427367,-0.2526946,0.9048077,0.0,0.0,0.0,0.0,0.0,0.0,0.0,-1.30242,1.065713,2.83231,1.31629,-0.2746042,-3.007656,0.1357157,-0.003123694,-0.003358301,0.9907373,15.59859,359.5776,359.5537,0.3977842,-0.08429596,-0.9135979,0,0,0,0.6252535,-0.8101534,-1.062892,-0.676725,0.003199935,2.022,0.9999579,-0.007502256,0.005277971,0.00580652,0.96314,0.2689382,-0.007101068,-0.2688962,0.963143,static,-20.74644,-15.60398,-18.50441,0.09067389,-1.7822842713082423,9.071204388888397
1270,05/17/2023 13:16:35.636818,1790,True,True,True,True,Eyes,1.305163,-0.2766975,-2.999169,-0.3428707,-0.2526364,0.9047732,0.0,0.0,0.0,0.0,0.0,0.0,0.0,-1.300617,1.064762,2.833533,1.316304,-0.2745795,-3.007688,0.1355273,-0.003428402,-0.003348175,0.9907622,15.57667,359.5419,359.5501,0.397767,-0.08429584,-0.9136055,0,0,0,0.6240567,-0.8093416,-1.063137,-0.6767251,0.003200114,2.022,0.999954,-0.007563774,0.005885923,0.005705206,0.9632422,0.2685736,-0.007701001,-0.2685277,0.9632412,static,-20.75458,-15.60113,-18.50442,0.09067895,-1.7831172847115155,9.071305001839182
1271,05/17/2023 13:16:35.656361,1791,True,True,True,True,Eyes,1.305153,-0.2766997,-2.999169,-0.3430082,-0.2525754,0.9047381,0.0,0.0,0.0,0.0,0.0,0.0,0.0,-1.299473,1.064649,2.834081,1.316309,-0.2746002,-3.007665,0.1354738,-0.003613363,-0.003306072,0.990769,15.57042,359.5208,359.5521,0.3977512,-0.08429564,-0.9136124,0,0,0,0.6233451,-0.8091724,-1.063317,-0.676725,0.003199995,2.022,0.999952,-0.007530137,0.006264244,0.005572074,0.9632718,0.2684703,-0.008055788,-0.2684226,0.9632676,static,-20.76294,-15.59812,-18.50441,0.09067558,-1.7839766642410455,9.071412538525522
1272,05/17/2023 13:16:35.666766,1792,True,True,True,True,Eyes,1.305147,-0.2767008,-2.999167,-0.3431551,-0.2525372,0.904693,0.0,0.0,0.0,0.0,0.0,0.0,0.0,-1.298775,1.06446,2.834451,1.31639,-0.2747297,-3.007598,0.1354004,-0.003738407,-0.0032764,0.9907786,15.56189,359.5066,359.5536,0.3977366,-0.08429554,-0.9136187,0,0,0,0.6229434,-0.8090289,-1.063349,-0.676725,0.003200054,2.022,0.9999506,-0.007504737,0.006520614,0.00548001,0.963312,0.2683281,-0.008295117,-0.2682791,0.9633055,static,-20.77202,-15.59661,-18.50441,0.09067727,-1.7848283799779587,9.071440191541754
1273,05/17/2023 13:16:35.687311,1793,True,True,True,True,Eyes,1.305142,-0.2766986,-2.999163,-0.3432861,-0.252501,0.9046535,0.0,0.0,0.0,0.0,0.0,0.0,0.0,-1.299044,1.06481,2.834195,1.316419,-0.2747034,-3.007586,0.1355061,-0.003717308,-0.003360146,0.990764,15.57408,359.5077,359.544,0.3977234,-0.08429549,-0.9136245,0,0,0,0.6230109,-0.8093085,-1.063407,-0.676725,0.003200054,2.022,0.9999498,-0.007665658,0.006455308,0.005650787,0.9632536,0.2685341,-0.008276588,-0.2684841,0.9632486,static,-20.7801,-15.59513,-18.50441,0.09067726,-1.7855926225074943,9.071471705741669
1274,05/17/2023 13:16:35.706664,1794,True,True,True,True,Eyes,1.305119,-0.2766992,-2.999158,-0.3433867,-0.2524925,0.9046177,0.0,0.0,0.0,0.0,0.0,0.0,0.0,-1.300422,1.064519,2.8336,1.316475,-0.2746261,-3.007501,0.1355945,-0.003549316,-0.003604855,0.9907515,15.58427,359.5235,359.5179,0.3977114,-0.0842954,-0.9136297,0,0,0,0.6236074,-0.8092797,-1.063142,-0.676725,0.003200054,2.022,0.9999488,-0.008105567,0.006055383,0.006180496,0.9632022,0.2687066,-0.008010577,-0.2686553,0.9632031,static,-20.78642,-15.59522,-18.50441,0.09067726,-1.786132471972325,9.07143313496699
1275,05/17/2023 13:16:35.716815,1795,True,True,True,True,Eyes,1.305095,-0.2766978,-2.999157,-0.3434756,-0.2524884,0.9045851,0.0,0.0,0.0,0.0,0.0,0.0,0.0,-1.30172,1.064359,2.833062,1.316419,-0.2747093,-3.007516,0.1356519,-0.003364335,-0.003798666,0.9907437,15.59091,359.5421,359.498,0.3977001,-0.08429537,-0.9136346,0,0,0,0.6241872,-0.8093628,-1.062931,-0.676725,0.003199935,2.022,0.9999485,-0.008439766,0.005635792,0.006614252,0.9631682,0.2688182,-0.007696979,-0.2687671,0.9631745,static,-20.79203,-15.59552,-18.50441,0.09067389,-1.7866014545388387,9.07138774368958
1276,05/17/2023 13:16:35.736747,1796,True,True,True,True,Eyes,1.30506,-0.276702,-2.999152,-0.3435397,-0.2525024,0.9045569,0.0,0.0,0.0,0.0,0.0,0.0,0.0,-1.30199,1.064666,2.832909,1.316396,-0.2746612,-3.007612,0.1356507,-0.003282603,-0.003658242,0.9907446,15.59088,359.554,359.5158,0.3976893,-0.08429532,-0.9136393,0,0,0,0.6245655,-0.8095169,-1.062939,-0.676725,0.003199935,2.022,0.9999517,-0.008139343,0.005511957,0.006358193,0.9631709,0.2688145,-0.007496929,-0.2687665,0.9631762,static,-20.79617,-15.5968,-18.50441,0.09067389,-1.7868983997361991,9.071300603749163
1277,05/17/2023 13:16:35.746918,1797,True,True,True,True,Eyes,1.305028,-0.2766948,-2.999149,-0.3436114,-0.2524998,0.9045302,0.0,0.0,0.0,0.0,0.0,0.0,0.0,-1.302264,1.065041,2.832567,1.316416,-0.2748015,-3.007519,0.1356113,-0.003193936,-0.003456446,0.990751,15.58645,359.5678,359.5411,0.3976788,-0.08429546,-0.9136439,0,0,0,0.6250482,-0.8097934,-1.062719,-0.676725,0.003199875,2.022,0.9999557,-0.007715221,0.005391324,0.005982685,0.9631952,0.2687361,-0.007266256,-0.2686919,0.9631988,static,-20.8007,-15.59709,-18.50441,0.09067219,-1.7872748797763904,9.071261531073654
1278,05/17/2023 13:16:35.766945,1798,True,True,True,True,Eyes,1.305002,-0.2766937,-2.999142,-0.3436749,-0.2524914,0.9045085,0.0,0.0,0.0,0.0,0.0,0.0,0.0,-1.30224,1.063452,2.833223,1.316461,-0.274534,-3.007569,0.1355302,-0.003284826,-0.003808895,0.9907604,15.57686,359.5514,359.4981,0.3976685,-0.0842954,-0.9136484,0,0,0,0.624543,-0.8087111,-1.062741,-0.676725,0.003199875,2.022,0.9999494,-0.008437793,0.005476512,0.006657019,0.9632341,0.2685809,-0.007541393,-0.2685309,0.9632416,static,-20.80467,-15.59695,-18.50441,0.0906722,-1.7876231187501703,9.071247261234388
1279,05/17/2023 13:16:35.786737,1799,True,True,True,True,Eyes,1.304976,-0.2766914,-2.99914,-0.3437434,-0.2524848,0.9044844,0.0,0.0,0.0,0.0,0.0,0.0,0.0,-1.302958,1.063448,2.832761,1.316364,-0.2746692,-3.007473,0.1356027,-0.00319014,-0.003996843,0.9907501,15.58522,359.5595,359.4774,0.3976586,-0.08429535,-0.9136527,0,0,0,0.6247241,-0.8088955,-1.06256,-0.6767249,0.003199816,2.022,0.9999477,-0.008784927,0.005237296,0.007054561,0.9631919,0.2687223,-0.007405227,-0.2686713,0.9632035,static,-20.80897,-15.59696,-18.50441,0.09067052,-1.787992800081216,9.071223614635834
1280,05/17/2023 13:16:35.796736,1800,True,True,True,True,Eyes,1.304961,-0.27669,-2.999138,-0.3438157,-0.2524921,0.9044548,0.0,0.0,0.0,0.0,0.0,0.0,0.0,-1.301982,1.06373,2.833182,1.316331,-0.2746378,-3.007564,0.135574,-0.003314168,-0.003841146,0.9907542,15.58191,359.5474,359.4938,0.3976491,-0.08429528,-0.9136569,0,0,0,0.6242782,-0.8089375,-1.062818,-0.676725,0.003199935,2.022,0.9999486,-0.008509894,0.005525532,0.006712633,0.9632098,0.2686666,-0.007608571,-0.2686156,0.9632174,static,-20.81359,-15.59787,-18.50442,0.09067389,-1.7883482421347883,9.071152640548142
1281,05/17/2023 13:16:35.816630,1801,True,True,True,True,Eyes,1.304948,-0.2766898,-2.999134,-0.3438807,-0.2525035,0.9044269,0.0,0.0,0.0,0.0,0.0,0.0,0.0,-1.30142,1.064468,2.8332,1.31636,-0.2746396,-3.007587,0.1355949,-0.003362401,-0.003612751,0.9907522,15.5844,359.5454,359.5199,0.3976402,-0.08429519,-0.9136608,0,0,0,0.6242349,-0.8093216,-1.062971,-0.676725,0.003199995,2.022,0.9999512,-0.00807053,0.00568287,0.006246833,0.9632019,0.2687063,-0.007642353,-0.2686577,0.9632055,static,-20.81778,-15.599,-18.50441,0.09067557,-1.788656455517055,9.071072832448154
1282,05/17/2023 13:16:35.836416,1802,True,True,True,True,Eyes,1.304917,-0.2766882,-2.999131,-0.3439195,-0.2525388,0.9044024,0.0,0.0,0.0,0.0,0.0,0.0,0.0,-1.301508,1.064854,2.832954,1.316394,-0.2746657,-3.007512,0.1356043,-0.003323499,-0.00348078,0.9907515,15.58556,359.5521,359.5361,0.3976319,-0.08429513,-0.9136644,0,0,0,0.6244947,-0.8095713,-1.062878,-0.6767249,0.003199935,2.022,0.9999537,-0.007798537,0.005641506,0.005995814,0.9631987,0.2687235,-0.007529541,-0.2686771,0.9632009,static,-20.82044,-15.60148,-18.50441,0.09067389,-1.788770288431095,9.070932849658956
1283,05/17/2023 13:16:35.856302,1803,True,True,True,True,Eyes,1.304887,-0.2766872,-2.999128,-0.3439576,-0.2525719,0.9043786,0.0,0.0,0.0,0.0,0.0,0.0,0.0,-1.301309,1.065054,2.833001,1.316368,-0.2746432,-3.007554,0.1356374,-0.003352108,-0.003476652,0.9907469,15.58938,359.5488,359.5361,0.3976237,-0.08429506,-0.913668,0,0,0,0.6243566,-0.8096787,-1.062995,-0.676725,0.003199935,2.022,0.9999533,-0.007798306,0.005699053,0.005979622,0.9631808,0.2687879,-0.007585309,-0.2687413,0.9631825,static,-20.82305,-15.60381,-18.50441,0.09067389,-1.7888867814926275,9.070800736846728
1284,05/17/2023 13:16:35.866693,1804,True,True,True,True,Eyes,1.304856,-0.276685,-2.99912,-0.3439802,-0.2526067,0.9043603,0.0,0.0,0.0,0.0,0.0,0.0,0.0,-1.301221,1.065012,2.833052,1.316358,-0.274658,-3.007552,0.1356279,-0.003365831,-0.00347936,0.990748,15.58827,359.5471,359.5356,0.3976155,-0.08429501,-0.9136716,0,0,0,0.6242901,-0.8096496,-1.063002,-0.676725,0.003200054,2.022,0.9999532,-0.007807338,0.005725584,0.005981337,0.9631859,0.2687695,-0.007613176,-0.2687226,0.9631875,static,-20.82469,-15.60616,-18.50441,0.09067726,-1.7889188480357534,9.070672830504465
1285,05/17/2023 13:16:35.886824,1805,True,True,True,True,Eyes,1.304827,-0.2766852,-2.999114,-0.3440033,-0.252638,0.9043428,0.0,0.0,0.0,0.0,0.0,0.0,0.0,-1.30171,1.064741,2.832791,1.316321,-0.2746248,-3.007442,0.1355999,-0.003278088,-0.003485826,0.9907522,15.58507,359.5574,359.5363,0.3976074,-0.08429495,-0.9136751,0,0,0,0.6246004,-0.8095154,-1.06274,-0.676725,0.003199935,2.022,0.9999542,-0.007796196,0.005550191,0.006018163,0.963201,0.2687146,-0.007440901,-0.2686689,0.9632039,static,-20.82634,-15.60828,-18.50441,0.09067389,-1.7889624537707929,9.070556525075222
1286,05/17/2023 13:16:35.906773,1806,True,True,True,True,Eyes,1.304796,-0.2766863,-2.999109,-0.3440045,-0.2526659,0.9043345,0.0,0.0,0.0,0.0,0.0,0.0,0.0,-1.301742,1.064619,2.832861,1.316323,-0.2746844,-3.007472,0.1355979,-0.003288747,-0.003555321,0.9907522,15.58481,359.555,359.5279,0.3975995,-0.08429494,-0.9136785,0,0,0,0.624523,-0.8094708,-1.06277,-0.676725,0.003199935,2.022,0.9999531,-0.007936778,0.005552478,0.006152989,0.963201,0.2687113,-0.007480854,-0.2686645,0.9632047,static,-20.82657,-15.61006,-18.50441,0.09067389,-1.7888996108179431,9.070465089911263
1287,05/17/2023 13:16:35.917009,1807,True,True,True,True,Eyes,1.304764,-0.2766854,-2.999104,-0.3440009,-0.252695,0.9043278,0.0,0.0,0.0,0.0,0.0,0.0,0.0,-1.301991,1.064741,2.832728,1.316292,-0.2747087,-3.00751,0.1356573,-0.003262641,-0.003647957,0.9907437,15.59166,359.5565,359.5174,0.3975917,-0.084295,-0.9136819,0,0,0,0.6245462,-0.8096082,-1.062819,-0.676725,0.003199756,2.022,0.9999521,-0.008113583,0.005475138,0.006343178,0.9631675,0.2688271,-0.007454627,-0.2687795,0.9631729,static,-20.82652,-15.61188,-18.50441,0.09066883,-1.7888108082493477,9.070373134620636
1288,05/17/2023 13:16:35.936504,1808,True,True,True,True,Eyes,1.304745,-0.2766856,-2.999099,-0.3439972,-0.2527296,0.9043195,0.0,0.0,0.0,0.0,0.0,0.0,0.0,-1.302439,1.06479,2.832464,1.316261,-0.2746588,-3.00749,0.135702,-0.003192853,-0.003696865,0.9907377,15.59684,359.564,359.5127,0.3975838,-0.08429508,-0.9136853,0,0,0,0.6247679,-0.8096815,-1.062743,-0.676725,0.003199935,2.022,0.9999523,-0.0081918,0.005323216,0.006458693,0.9631426,0.2689138,-0.007329904,-0.2688666,0.9631495,static,-20.82649,-15.61405,-18.50441,0.09067389,-1.7887074775671032,9.070263336249067
1289,05/17/2023 13:16:35.946913,1809,True,True,True,True,Eyes,1.304725,-0.2766849,-2.999096,-0.3439912,-0.2527629,0.9043124,0.0,0.0,0.0,0.0,0.0,0.0,0.0,-1.302397,1.065466,2.832237,1.316253,-0.2746724,-3.0075,0.1357791,-0.003179207,-0.003610047,0.9907275,15.6058,359.5669,359.5231,0.3975763,-0.08429518,-0.9136886,0,0,0,0.6248602,-0.8101186,-1.062835,-0.6767249,0.003199995,2.022,0.9999537,-0.008016485,0.005319116,0.006289805,0.963102,0.2690632,-0.007279792,-0.2690173,0.9631078,static,-20.8263,-15.61612,-18.50441,0.09067557,-1.7885950168024625,9.07015946616843
1290,05/17/2023 13:16:35.966368,1810,True,True,True,True,Eyes,1.304719,-0.2766864,-2.999092,-0.3439766,-0.252794,0.9043093,0.0,0.0,0.0,0.0,0.0,0.0,0.0,-1.302396,1.065476,2.832251,1.316224,-0.2746457,-3.007531,0.1357502,-0.003156608,-0.003532732,0.9907318,15.6025,359.5709,359.5326,0.3975691,-0.08429529,-0.9136918,0,0,0,0.6249628,-0.8100876,-1.062818,-0.676725,0.003199935,2.022,0.9999551,-0.007857,0.005295565,0.006142959,0.9631189,0.2690064,-0.007213841,-0.2689618,0.9631238,static,-20.82556,-15.618,-18.50441,0.09067389,-1.7884440331092324,9.070068183656463
1291,05/17/2023 13:16:35.986559,1811,True,True,True,True,Eyes,1.304713,-0.2766864,-2.999093,-0.343966,-0.2528195,0.9043062,0.0,0.0,0.0,0.0,0.0,0.0,0.0,-1.302333,1.065696,2.832179,1.316217,-0.2746859,-3.007514,0.1357103,-0.003128872,-0.003369374,0.9907379,15.59797,359.5768,359.5523,0.3975625,-0.08429544,-0.9136946,0,0,0,0.6251539,-0.8101978,-1.062749,-0.676725,0.003199875,2.022,0.9999577,-0.007525573,0.005285266,0.005827092,0.9631428,0.2689278,-0.0071143,-0.2688855,0.9631459,static,-20.82504,-15.61955,-18.50441,0.0906722,-1.788327308263952,9.069992439243245
1292,05/17/2023 13:16:36.006968,1812,True,True,True,True,Eyes,1.304714,-0.2766898,-2.999093,-0.3439295,-0.252847,0.9043123,0.0,0.0,0.0,0.0,0.0,0.0,0.0,-1.301897,1.065411,2.832578,1.316186,-0.2746472,-3.007616,0.1356299,-0.00318278,-0.00330642,0.9907491,15.58867,359.5715,359.5589,0.3975564,-0.08429559,-0.9136972,0,0,0,0.6249422,-0.809918,-1.062849,-0.676725,0.003199875,2.022,0.9999579,-0.007415025,0.005409773,0.005688303,0.9631872,0.2687715,-0.007203571,-0.2687294,0.9631888,static,-20.82289,-15.62107,-18.50441,0.0906722,-1.7880716652420667,9.069926986637402
1293,05/17/2023 13:16:36.016873,1813,True,True,True,True,Eyes,1.304716,-0.2766908,-2.999092,-0.3438993,-0.252867,0.9043182,0.0,0.0,0.0,0.0,0.0,0.0,0.0,-1.301596,1.065659,2.832584,1.31617,-0.2747228,-3.00758,0.135585,-0.00319256,-0.003137881,0.9907557,15.58354,359.5731,359.5786,0.3975509,-0.08429582,-0.9136996,0,0,0,0.6249776,-0.8100435,-1.062809,-0.676725,0.003199995,2.022,0.9999599,-0.007083473,0.005475195,0.00535202,0.9632137,0.2686833,-0.007176993,-0.2686431,0.963213,static,-20.8211,-15.62215,-18.50442,0.09067559,-1.7878674393757232,9.069881892738861
1294,05/17/2023 13:16:36.036647,1814,True,True,True,True,Eyes,1.304715,-0.2766906,-2.99909,-0.3438501,-0.2528839,0.9043323,0.0,0.0,0.0,0.0,0.0,0.0,0.0,-1.301166,1.06516,2.832968,1.316177,-0.274668,-3.007581,0.135491,-0.003260426,-0.003112962,0.9907684,15.57265,359.5656,359.5805,0.3975461,-0.08429606,-0.9137017,0,0,0,0.624727,-0.8096396,-1.062805,-0.676725,0.003199875,2.022,0.9999593,-0.007051964,0.005617098,0.005284932,0.963265,0.2685006,-0.007304211,-0.26846,0.9632631,static,-20.81808,-15.62291,-18.50442,0.0906722,-1.7875721915370824,9.069859633191683
1295,05/17/2023 13:16:36.046458,1815,True,True,True,True,Eyes,1.304714,-0.2766906,-2.999088,-0.3438072,-0.2529042,0.9043428,0.0,0.0,0.0,0.0,0.0,0.0,0.0,-1.301046,1.065174,2.832997,1.31622,-0.274641,-3.007545,0.1355114,-0.003295023,-0.003143361,0.9907655,15.57498,359.561,359.5764,0.3975416,-0.08429627,-0.9137036,0,0,0,0.6246152,-0.8096446,-1.062833,-0.676725,0.003200054,2.022,0.9999585,-0.007121692,0.005677268,0.00533564,0.9632536,0.2685407,-0.007381111,-0.2684992,0.9632517,static,-20.81548,-15.62392,-18.50441,0.09067726,-1.787301490511914,9.069822445289859
1296,05/17/2023 13:16:36.066993,1816,True,True,True,True,Eyes,1.304718,-0.2766934,-2.999086,-0.3437573,-0.2529187,0.9043578,0.0,0.0,0.0,0.0,0.0,0.0,0.0,-1.300948,1.065485,2.832831,1.316283,-0.2746862,-3.007425,0.1356056,-0.003345431,-0.003242291,0.990752,15.58581,359.5534,359.5639,0.3975377,-0.08429646,-0.9137052,0,0,0,0.6244233,-0.809916,-1.062866,-0.676725,0.003199875,2.022,0.9999566,-0.007331931,0.005749639,0.005517295,0.9632012,0.2687247,-0.00750833,-0.2686813,0.9631999,static,-20.8124,-15.62453,-18.50442,0.0906722,-1.7870080420170245,9.069808109533307
1297,05/17/2023 13:16:36.086529,1817,True,True,True,True,Eyes,1.304725,-0.2766964,-2.999082,-0.3437137,-0.2529382,0.904369,0.0,0.0,0.0,0.0,0.0,0.0,0.0,-1.300608,1.065341,2.833036,1.316261,-0.2747493,-3.007424,0.1355564,-0.003394046,-0.003220063,0.9907585,15.58011,359.548,359.5657,0.3975343,-0.08429673,-0.9137067,0,0,0,0.6242189,-0.8098061,-1.062882,-0.676725,0.003199935,2.022,0.9999563,-0.007300779,0.00585236,0.005460441,0.9632282,0.2686291,-0.00759836,-0.2685854,0.9632259,static,-20.80975,-15.62549,-18.50442,0.0906739,-1.7867353583618824,9.069773724335988
1298,05/17/2023 13:16:36.096873,1818,True,True,True,True,Eyes,1.304733,-0.2766998,-2.999076,-0.3436559,-0.2529558,0.9043859,0.0,0.0,0.0,0.0,0.0,0.0,0.0,-1.300449,1.065762,2.833016,1.31627,-0.274722,-3.007484,0.1356582,-0.003437428,-0.00328402,0.9907444,15.59184,359.5418,359.5574,0.3975314,-0.08429706,-0.9137079,0,0,0,0.6240194,-0.8100836,-1.0631,-0.676725,0.003199756,2.022,0.9999548,-0.007439879,0.005920215,0.005574619,0.9631722,0.2688277,-0.007702232,-0.2687826,0.9631701,static,-20.80619,-15.62625,-18.50441,0.09066883,-1.7863936271212073,9.069754370726136
1299,05/17/2023 13:16:36.116616,1819,True,True,True,True,Eyes,1.304743,-0.276701,-2.999072,-0.3436005,-0.2529687,0.9044034,0.0,0.0,0.0,0.0,0.0,0.0,0.0,-1.300993,1.06559,2.832803,1.316333,-0.2747371,-3.007429,0.1356539,-0.003366604,-0.003330284,0.9907451,15.59135,359.5494,359.5531,0.3975291,-0.08429747,-0.9137089,0,0,0,0.6243414,-0.8100331,-1.062935,-0.676725,0.003199816,2.022,0.9999552,-0.007512311,0.005767362,0.005685538,0.9631739,0.2688192,-0.007574426,-0.2687744,0.9631734,static,-20.80276,-15.62672,-18.50442,0.09067053,-1.7860765503838225,9.069749012628934
1300,05/17/2023 13:16:36.136633,1820,True,True,True,True,Eyes,1.304743,-0.2767055,-2.999068,-0.3435109,-0.2529787,0.9044347,0.0,0.0,0.0,0.0,0.0,0.0,0.0,-1.301138,1.065202,2.832936,1.316364,-0.2746854,-3.00747,0.1356203,-0.003360662,-0.003390187,0.9907495,15.58744,359.5492,359.5462,0.3975273,-0.08429787,-0.9137096,0,0,0,0.6243647,-0.8097695,-1.06292,-0.6767249,0.003199756,2.022,0.9999545,-0.007629199,0.005739592,0.005806103,0.9631913,0.2687543,-0.007578705,-0.2687087,0.9631917,static,-20.79714,-15.6268,-18.50441,0.09066883,-1.7855890644591952,9.069775202084623
1301,05/17/2023 13:16:36.156495,1821,True,True,True,True,Eyes,1.304744,-0.2767055,-2.999064,-0.3434228,-0.2529839,0.9044667,0.0,0.0,0.0,0.0,0.0,0.0,0.0,-1.301986,1.064712,2.832737,1.31635,-0.2747783,-3.007474,0.1355367,-0.003218778,-0.003409578,0.9907613,15.57783,359.5656,359.5462,0.3975257,-0.08429838,-0.9137102,0,0,0,0.6249083,-0.8095359,-1.062636,-0.676725,0.003199816,2.022,0.999956,-0.007628681,0.005453835,0.005883631,0.9632364,0.268591,-0.007302327,-0.2685471,0.9632388,static,-20.79159,-15.62657,-18.50441,0.09067052,-1.7851219967709038,9.069816723389382
1302,05/17/2023 13:16:36.166966,1822,True,True,True,True,Eyes,1.304747,-0.2767079,-2.99906,-0.34332,-0.2529765,0.9045078,0.0,0.0,0.0,0.0,0.0,0.0,0.0,-1.302294,1.064212,2.832801,1.316348,-0.2746741,-3.007501,0.1355014,-0.003182619,-0.003483413,0.990766,15.57373,359.5688,359.5381,0.3975244,-0.08429884,-0.9137108,0,0,0,0.6250118,-0.8092,-1.062562,-0.6767249,0.003199875,2.022,0.9999555,-0.007764992,0.005362446,0.006039995,0.9632545,0.2685225,-0.007250475,-0.2684782,0.9632585,static,-20.78503,-15.62547,-18.50441,0.09067219,-1.7846083800686903,9.069907765143675
1303,05/17/2023 13:16:36.186658,1823,True,True,True,True,Eyes,1.304751,-0.2767094,-2.999057,-0.3432252,-0.2529665,0.9045466,0.0,0.0,0.0,0.0,0.0,0.0,0.0,-1.302255,1.064131,2.832825,1.316337,-0.2747324,-3.007477,0.135468,-0.003182221,-0.003460066,0.9907707,15.56987,359.5692,359.5409,0.3975233,-0.08429934,-0.9137112,0,0,0,0.6250156,-0.8091586,-1.062505,-0.676725,0.003199756,2.022,0.9999558,-0.007718442,0.005368245,0.005994087,0.9632729,0.2684574,-0.007243158,-0.2684133,0.9632766,static,-20.77898,-15.62424,-18.50441,0.09066883,-1.7841446999679937,9.070002649855812
1304,05/17/2023 13:16:36.196758,1824,True,True,True,True,Eyes,1.304755,-0.2767116,-2.999054,-0.343137,-0.2529619,0.9045812,0.0,0.0,0.0,0.0,0.0,0.0,0.0,-1.301849,1.06394,2.833092,1.316337,-0.2747112,-3.007488,0.1354152,-0.003241329,-0.003419419,0.9907777,15.56376,359.5629,359.5448,0.3975225,-0.08429984,-0.9137115,0,0,0,0.6248013,-0.8089734,-1.062547,-0.676725,0.003199875,2.022,0.9999556,-0.007653619,0.00549679,0.005897919,0.9633021,0.268355,-0.007348955,-0.2683106,0.9633045,static,-20.77336,-15.6234,-18.50441,0.0906722,-1.7836999275960572,9.070075458218199
1305,05/17/2023 13:16:36.216822,1825,True,True,True,True,Eyes,1.304759,-0.2767146,-2.999049,-0.3430572,-0.2529655,0.9046105,0.0,0.0,0.0,0.0,0.0,0.0,0.0,-1.301476,1.064607,2.832977,1.316236,-0.2747245,-3.007497,0.1355076,-0.003278224,-0.003377266,0.9907651,15.57446,359.5592,359.5491,0.3975219,-0.08430035,-0.9137118,0,0,0,0.6245738,-0.8093997,-1.062715,-0.676725,0.003199875,2.022,0.9999557,-0.007580603,0.005580609,0.005803706,0.9632525,0.2685347,-0.007411191,-0.2684903,0.9632539,static,-20.76833,-15.62313,-18.50441,0.09067219,-1.7832794788133035,9.070116208121924
1306,05/17/2023 13:16:36.236765,1826,True,True,True,True,Eyes,1.304755,-0.2767185,-2.999049,-0.3429886,-0.25298,0.9046324,0.0,0.0,0.0,0.0,0.0,0.0,0.0,-1.300902,1.065329,2.832895,1.316248,-0.2747429,-3.00742,0.1355874,-0.003356903,-0.003284577,0.9907543,15.58368,359.5514,359.5587,0.3975215,-0.08430092,-0.913712,0,0,0,0.6243195,-0.8098414,-1.062849,-0.676725,0.003199816,2.022,0.9999559,-0.007418725,0.005761038,0.00559811,0.9632105,0.2686896,-0.007542426,-0.2686455,0.9632096,static,-20.76407,-15.62362,-18.50442,0.09067052,-1.7828900268098915,9.070114303103528
1307,05/17/2023 13:16:36.246719,1827,True,True,True,True,Eyes,1.304751,-0.2767183,-2.999049,-0.3429259,-0.2529913,0.9046532,0.0,0.0,0.0,0.0,0.0,0.0,0.0,-1.30032,1.06564,2.833231,1.316338,-0.2747836,-3.007552,0.1356108,-0.003465291,-0.003260321,0.9907507,15.58636,359.539,359.5598,0.397521,-0.08430155,-0.9137121,0,0,0,0.6239895,-0.8099855,-1.063159,-0.676725,0.003199995,2.022,0.9999548,-0.007400191,0.00598221,0.005520468,0.9631982,0.2687356,-0.00775075,-0.2686904,0.9631954,static,-20.76016,-15.62394,-18.50441,0.09067557,-1.7825385956591204,9.070119128970427
1308,05/17/2023 13:16:36.266586,1828,True,True,True,True,Eyes,1.304739,-0.2767181,-2.999049,-0.3428542,-0.2529984,0.9046783,0.0,0.0,0.0,0.0,0.0,0.0,0.0,-1.300423,1.065263,2.833321,1.31636,-0.2746862,-3.007547,0.1356312,-0.003487224,-0.003416945,0.9907474,15.58863,359.5338,359.541,0.3975205,-0.08430211,-0.9137123,0,0,0,0.6238401,-0.8097515,-1.063177,-0.676725,0.003199816,2.022,0.9999524,-0.00771661,0.005983027,0.005824706,0.963185,0.2687763,-0.007836804,-0.2687286,0.9631841,static,-20.75566,-15.62395,-18.50442,0.09067053,-1.7821507696977539,9.070142838387573
1309,05/17/2023 13:16:36.286534,1829,True,True,True,True,Eyes,1.304727,-0.2767182,-2.999048,-0.3427763,-0.2530055,0.9047058,0.0,0.0,0.0,0.0,0.0,0.0,0.0,-1.301039,1.065045,2.833114,1.31629,-0.2746929,-3.007571,0.1356052,-0.003374505,-0.003432827,0.9907514,15.58566,359.5469,359.541,0.3975197,-0.08430262,-0.9137126,0,0,0,0.6242127,-0.8096569,-1.063016,-0.6767249,0.003199756,2.022,0.9999537,-0.007717356,0.005755572,0.005886955,0.963199,0.2687252,-0.007617608,-0.2686788,0.9631997,static,-20.75077,-15.62392,-18.50441,0.09066883,-1.7817312295014602,9.070170673446219
1310,05/17/2023 13:16:36.306368,1830,True,True,True,True,Eyes,1.304699,-0.2767175,-2.999046,-0.3426784,-0.253031,0.9047359,0.0,0.0,0.0,0.0,0.0,0.0,0.0,-1.301572,1.065029,2.832839,1.316265,-0.2747016,-3.007548,0.1355766,-0.003263368,-0.003361042,0.9907559,15.58244,359.5612,359.5512,0.3975187,-0.0843031,-0.9137129,0,0,0,0.62467,-0.8096727,-1.062823,-0.676725,0.003199875,2.022,0.9999561,-0.007544817,0.005555044,0.005775073,0.9632154,0.2686685,-0.007377758,-0.2686246,0.9632167,static,-20.74472,-15.62492,-18.50442,0.09067222,-1.781164015463263,9.070152557982343
1311,05/17/2023 13:16:36.316572,1831,True,True,True,True,Eyes,1.304671,-0.2767168,-2.999046,-0.342578,-0.2530599,0.9047657,0.0,0.0,0.0,0.0,0.0,0.0,0.0,-1.302081,1.065075,2.832613,1.316285,-0.2746744,-3.007564,0.135549,-0.003157132,-0.003258556,0.9907603,15.57934,359.5753,359.565,0.3975171,-0.08430354,-0.9137136,0,0,0,0.62517,-0.8096971,-1.062683,-0.676725,0.003199935,2.022,0.9999589,-0.007312788,0.005372535,0.005601003,0.9632317,0.2686137,-0.00713931,-0.2685726,0.963233,static,-20.73853,-15.62612,-18.50441,0.09067389,-1.7805754646177538,9.070125061364694
1312,05/17/2023 13:16:36.336554,1832,True,True,True,True,Eyes,1.304631,-0.2767154,-2.999044,-0.3424604,-0.2530769,0.9048055,0.0,0.0,0.0,0.0,0.0,0.0,0.0,-1.302585,1.06546,2.832255,1.316265,-0.2746904,-3.007589,0.1355555,-0.003035992,-0.003115927,0.9907603,15.58021,359.5919,359.5838,0.3975149,-0.08430395,-0.9137145,0,0,0,0.6257106,-0.8099561,-1.062576,-0.676725,0.003199875,2.022,0.9999622,-0.006997363,0.005171117,0.005351182,0.96323,0.2686249,-0.006860642,-0.2685871,0.963231,static,-20.73118,-15.62647,-18.50441,0.0906722,-1.7799265241467088,9.0701468789469
1313,05/17/2023 13:16:36.346778,1833,True,True,True,True,Eyes,1.30459,-0.2767168,-2.999043,-0.3423536,-0.2530968,0.9048404,0.0,0.0,0.0,0.0,0.0,0.0,0.0,-1.302902,1.065743,2.831919,1.316207,-0.274682,-3.007537,0.1356136,-0.002972922,-0.0031171,0.9907526,15.58695,359.5993,359.5846,0.397512,-0.08430432,-0.9137157,0,0,0,0.6259034,-0.8101867,-1.0625,-0.676725,0.003199935,2.022,0.9999629,-0.006982885,0.005045418,0.005370211,0.9631985,0.2687376,-0.006736302,-0.2687005,0.9632002,static,-20.72454,-15.62706,-18.50441,0.09067389,-1.7793275580753827,9.070152714305737
1314,05/17/2023 13:16:36.366693,1834,True,True,True,True,Eyes,1.304546,-0.2767151,-2.999041,-0.3422422,-0.2530945,0.9048831,0.0,0.0,0.0,0.0,0.0,0.0,0.0,-1.301899,1.066282,2.832185,1.316163,-0.2747464,-3.007557,0.1355889,-0.003085339,-0.002897255,0.9907562,15.58414,359.5896,359.6087,0.3975083,-0.08430474,-0.9137173,0,0,0,0.6255274,-0.8104298,-1.062687,-0.676725,0.003199935,2.022,0.9999642,-0.006577623,0.005327966,0.004904272,0.9632145,0.2686889,-0.006899309,-0.2686532,0.9632123,static,-20.71747,-15.62623,-18.50441,0.09067389,-1.7787575048831998,9.070232818920735
1315,05/17/2023 13:16:36.386534,1835,True,True,True,True,Eyes,1.304505,-0.276712,-2.999041,-0.3421523,-0.2530848,0.9049198,0.0,0.0,0.0,0.0,0.0,0.0,0.0,-1.300979,1.065722,2.832779,1.316173,-0.2746763,-3.007522,0.1354271,-0.003207576,-0.002745151,0.9907784,15.56545,359.5777,359.6248,0.3975039,-0.08430512,-0.9137191,0,0,0,0.6251315,-0.809906,-1.062672,-0.676725,0.003199875,2.022,0.9999644,-0.006308459,0.005612459,0.004570887,0.963304,0.2683741,-0.00709953,-0.2683389,0.9632984,static,-20.71172,-15.62506,-18.50441,0.0906722,-1.7783168632282647,9.070323048859766
1316,05/17/2023 13:16:36.396857,1836,True,True,True,True,Eyes,1.304468,-0.2767117,-2.999042,-0.3420669,-0.2530416,0.9049643,0.0,0.0,0.0,0.0,0.0,0.0,0.0,-1.299186,1.065413,2.833816,1.316222,-0.2746379,-3.007596,0.1352544,-0.003466467,-0.002514261,0.9908018,15.54548,359.551,359.6479,0.3974988,-0.0843054,-0.9137213,0,0,0,0.6242702,-0.8094513,-1.062955,-0.676725,0.003199995,2.022,0.9999633,-0.005919978,0.006189032,0.004044557,0.9633998,0.2680381,-0.007549292,-0.2680032,0.9633885,static,-20.70606,-15.62179,-18.50441,0.09067558,-1.777981467133796,9.070519207197716
1317,05/17/2023 13:16:36.416851,1837,True,True,True,True,Eyes,1.304434,-0.2767068,-2.99904,-0.3419804,-0.2529886,0.9050118,0.0,0.0,0.0,0.0,0.0,0.0,0.0,-1.298838,1.064566,2.834393,1.316442,-0.2747248,-3.007586,0.1352811,-0.003663789,-0.002958613,0.9907961,15.54829,359.5206,359.5924,0.3974933,-0.08430568,-0.9137236,0,0,0,0.6234636,-0.8090015,-1.063163,-0.676725,0.003200054,2.022,0.9999557,-0.006854048,0.006459646,0.004871482,0.9633805,0.2680937,-0.008060625,-0.2680503,0.9633712,static,-20.70028,-15.6179,-18.50441,0.09067727,-1.7776645266147222,9.07074742838881
1318,05/17/2023 13:16:36.436623,1838,True,True,True,True,Eyes,1.304388,-0.2767043,-2.999039,-0.3418615,-0.2529734,0.9050609,0.0,0.0,0.0,0.0,0.0,0.0,0.0,-1.301105,1.062998,2.833894,1.316491,-0.2746275,-3.007528,0.1354311,-0.003485617,-0.003825586,0.9907733,15.5653,359.5276,359.493,0.3974876,-0.08430582,-0.9137262,0,0,0,0.6237623,-0.8083526,-1.062864,-0.6767249,0.003199935,2.022,0.9999465,-0.008524698,0.005870705,0.006636454,0.9632875,0.2683898,-0.007943119,-0.2683365,0.9632925,static,-20.69266,-15.6162,-18.50441,0.09067389,-1.7770875213807213,9.07087457802525
1319,05/17/2023 13:16:36.456818,1839,True,True,True,True,Eyes,1.304345,-0.2767029,-2.999039,-0.3417261,-0.2529809,0.9051099,0.0,0.0,0.0,0.0,0.0,0.0,0.0,-1.302522,1.064136,2.8328,1.316323,-0.274693,-3.007581,0.1357339,-0.003269909,-0.00405203,0.9907317,15.60032,359.5491,359.4696,0.3974812,-0.08430593,-0.913729,0,0,0,0.6243324,-0.8093438,-1.062909,-0.676725,0.003199875,2.022,0.9999458,-0.008916624,0.005379209,0.007141274,0.9631198,0.2689782,-0.007579201,-0.2689252,0.9631312,static,-20.68413,-15.61584,-18.50441,0.0906722,-1.7763699697882056,9.07093872325317
1320,05/17/2023 13:16:36.466292,1840,True,True,True,True,Eyes,1.30429,-0.2767002,-2.999036,-0.3415442,-0.2529995,0.9051734,0.0,0.0,0.0,0.0,0.0,0.0,0.0,-1.303564,1.065875,2.83169,1.316336,-0.2747013,-3.007597,0.1359108,-0.003025585,-0.003740182,0.9907094,15.62105,359.5829,359.5102,0.3974743,-0.08430602,-0.9137319,0,0,0,0.6254858,-0.8105192,-1.06284,-0.676725,0.003200054,2.022,0.9999537,-0.008233286,0.004978288,0.006588447,0.9630286,0.2693189,-0.007011613,-0.2692735,0.9630381,static,-20.67273,-15.61588,-18.50441,0.09067727,-1.7753867964120487,9.070998043909976
1321,05/17/2023 13:16:36.486821,1841,True,True,True,True,Eyes,1.304234,-0.2766941,-2.999037,-0.3413613,-0.253012,0.9052389,0.0,0.0,0.0,0.0,0.0,0.0,0.0,-1.305208,1.066791,2.830549,1.316373,-0.2746769,-3.007547,0.1359726,-0.002689643,-0.003460132,0.9907029,15.62846,359.627,359.5486,0.3974668,-0.08430609,-0.9137352,0,0,0,0.6270151,-0.8111839,-1.062451,-0.676725,0.003200054,2.022,0.9999616,-0.007587361,0.004388308,0.00612449,0.9629989,0.2694354,-0.006270241,-0.2693982,0.9630085,static,-20.66122,-15.61555,-18.50441,0.09067727,-1.7744113324713622,9.071076705425106
1322,05/17/2023 13:16:36.496741,1842,True,True,True,True,Eyes,1.304181,-0.2766883,-2.999039,-0.3411606,-0.2530569,0.9053019,0.0,0.0,0.0,0.0,0.0,0.0,0.0,-1.305882,1.066225,2.830493,1.316302,-0.2745901,-3.007625,0.1359099,-0.002571966,-0.003499351,0.9907117,15.62126,359.6402,359.5459,0.3974586,-0.08430603,-0.9137388,0,0,0,0.627395,-0.8108215,-1.062294,-0.676725,0.003199935,2.022,0.9999623,-0.007632806,0.004144961,0.006234583,0.9630325,0.2693131,-0.006047347,-0.2692771,0.9630437,static,-20.64879,-15.61714,-18.50442,0.0906739,-1.7732675332591148,9.07106302616506
1323,05/17/2023 13:16:36.516590,1843,True,True,True,True,Eyes,1.304127,-0.2766834,-2.999043,-0.3409844,-0.2530977,0.905357,0.0,0.0,0.0,0.0,0.0,0.0,0.0,-1.305375,1.066052,2.830794,1.316201,-0.2745842,-3.007672,0.1358562,-0.002631329,-0.003459432,0.9907191,15.61503,359.6339,359.5497,0.3974498,-0.08430584,-0.9137426,0,0,0,0.6270781,-0.8106465,-1.06237,-0.676725,0.003200054,2.022,0.9999622,-0.007569615,0.004273845,0.006139685,0.9630622,0.2692089,-0.006153787,-0.2691724,0.9630723,static,-20.63787,-15.61864,-18.50441,0.09067727,-1.7722578939115343,9.071045781588447
1324,05/17/2023 13:16:37.047242,1875,True,True,True,True,Eyes,1.326402,-0.2772636,-2.999767,0.2717934,-0.2618609,0.9260439,0.0,0.0,0.0,0.0,0.0,0.0,0.0,-1.305254,1.065141,2.83125,1.316247,-0.2745823,-3.007705,0.1356927,-0.002658608,-0.003457542,0.9907414,15.5961,359.6308,359.5495,0.3990919,-0.08427419,-0.9130291,0,0,0,1.980417,-0.8202482,-1.056403,0.6767253,0.003199995,2.022,0.999962,-0.007572567,0.004329661,0.006129553,0.9631511,0.2688911,-0.006206313,-0.2688543,0.9631608,static,16.35694,-15.78951,18.50442,0.09067558,1.4202023059000433,9.261469924395737
1325,05/17/2023 13:16:37.066890,1876,True,True,True,True,Eyes,1.326714,-0.2772762,-2.999784,0.2718464,-0.2619249,0.9260103,0.0,0.0,0.0,0.0,0.0,0.0,0.0,-1.30609,1.064885,2.831002,1.316269,-0.274517,-3.00774,0.1357063,-0.002541203,-0.003548606,0.9907396,15.5977,359.6432,359.5407,0.3994789,-0.08427006,-0.9128594,0,0,0,1.980859,-0.820338,-1.056625,0.676725,0.003199875,2.022,0.9999619,-0.007721203,0.004072205,0.006341774,0.9631424,0.2689173,-0.005998478,-0.2688812,0.9631547,static,16.36052,-15.79372,18.50442,0.09067222,1.4207059345707913,9.261275857513084
1326,05/17/2023 13:16:37.086681,1877,True,True,True,True,Eyes,1.327011,-0.2772864,-2.999804,0.2718952,-0.2619867,0.9259784,0.0,0.0,0.0,0.0,0.0,0.0,0.0,-1.306372,1.065326,2.830707,1.316266,-0.2745589,-3.007739,0.1357694,-0.002487856,-0.003524985,0.9907311,15.60503,359.6498,359.5443,0.399835,-0.08426636,-0.9127033,0,0,0,1.981083,-0.8205875,-1.056759,0.6767251,0.003199995,2.022,0.9999628,-0.007660174,0.003972423,0.006309075,0.9631085,0.2690394,-0.005886763,-0.2690043,0.963121,static,16.36383,-15.79778,18.50442,0.09067559,1.4211793573743225,9.261087938570467
1327,05/17/2023 13:16:37.096605,1878,True,True,True,True,Eyes,1.327317,-0.2772965,-2.999825,0.2719506,-0.2620748,0.9259372,0.0,0.0,0.0,0.0,0.0,0.0,0.0,-1.306258,1.065112,2.830896,1.316196,-0.2745057,-3.007827,0.1357597,-0.002507366,-0.003578421,0.9907322,15.60389,359.6466,359.5377,0.4001628,-0.084263,-0.9125595,0,0,0,1.980905,-0.8205707,-1.056821,0.676725,0.003199995,2.022,0.9999618,-0.007771313,0.003996645,0.006409716,0.963113,0.269021,-0.005939867,-0.2689851,0.963126,static,16.36768,-15.80349,18.50442,0.09067558,1.421775869408084,9.260819315569474
1328,05/17/2023 13:16:37.116698,1879,True,True,True,True,Eyes,1.327612,-0.2773065,-2.999843,0.2719942,-0.262161,0.9259,0.0,0.0,0.0,0.0,0.0,0.0,0.0,-1.305471,1.065406,2.83116,1.316154,-0.2744974,-3.007856,0.1357799,-0.002621908,-0.003526296,0.9907293,15.60619,359.634,359.542,0.4004653,-0.0842599,-0.9124268,0,0,0,1.980432,-0.8205919,-1.056711,0.676725,0.003199875,2.022,0.9999614,-0.007699213,0.004237601,0.006275203,0.9631028,0.2690608,-0.006152803,-0.2690238,0.9631138,static,16.37078,-15.80903,18.50442,0.09067222,1.4222999284395486,9.26055527090761
1329,05/17/2023 13:16:37.136530,1880,True,True,True,True,Eyes,1.327921,-0.2773195,-2.999859,0.2720529,-0.2622783,0.9258496,0.0,0.0,0.0,0.0,0.0,0.0,0.0,-1.304629,1.065845,2.831348,1.316213,-0.2745035,-3.007797,0.1358173,-0.002758718,-0.003455361,0.9907241,15.61047,359.619,359.5481,0.4007449,-0.08425707,-0.9123041,0,0,0,1.979981,-0.8206741,-1.0565,0.6767248,0.003199935,2.022,0.9999609,-0.007595982,0.004527661,0.006097255,0.9630834,0.2691341,-0.006404853,-0.2690959,0.963092,static,16.37497,-15.81657,18.50441,0.0906739,1.4230106706281518,9.260195746484715
1330,05/17/2023 13:16:37.146681,1881,True,True,True,True,Eyes,1.328217,-0.2773304,-2.999873,0.2721019,-0.2623986,0.9258011,0.0,0.0,0.0,0.0,0.0,0.0,0.0,-1.303833,1.066521,2.831421,1.316225,-0.274567,-3.007749,0.1358922,-0.00288254,-0.003396197,0.9907136,15.61911,359.6053,359.553,0.4010042,-0.08425456,-0.9121903,0,0,0,1.979527,-0.8209747,-1.05636,0.676725,0.003199816,2.022,0.9999603,-0.007512747,0.004788509,0.005945888,0.9630435,0.2692802,-0.006634577,-0.269241,0.9630499,static,16.37857,-15.82425,18.50442,0.09067053,1.4236771252844664,9.259825952874767
1331,05/17/2023 13:16:37.166575,1882,True,True,True,True,Eyes,1.328444,-0.2773384,-2.999882,0.2723529,-0.2624987,0.9256989,0.0,0.0,0.0,0.0,0.0,0.0,0.0,-1.303524,1.066558,2.831526,1.316208,-0.2745237,-3.007739,0.1359567,-0.002959957,-0.003517817,0.9907042,15.62648,359.5941,359.5374,0.4012449,-0.08425229,-0.9120845,0,0,0,1.979131,-0.8213596,-1.056342,0.6767251,0.003199935,2.022,0.9999577,-0.007775083,0.004908341,0.006165379,0.9630068,0.2694066,-0.006821424,-0.2693649,0.963014,static,16.39458,-15.83165,18.50442,0.0906739,1.4253988376069247,9.259537130372596
1332,05/17/2023 13:16:37.186676,1883,True,True,True,True,Eyes,1.328662,-0.2773496,-2.999891,0.2725931,-0.2625968,0.9256003,0.0,0.0,0.0,0.0,0.0,0.0,0.0,-1.303632,1.066287,2.83154,1.316223,-0.2745064,-3.007698,0.1359247,-0.002948991,-0.003539501,0.9907086,15.62278,359.5951,359.5351,0.4014672,-0.08425023,-0.9119869,0,0,0,1.979178,-0.8212435,-1.056283,0.6767249,0.003199875,2.022,0.9999576,-0.007814908,0.004880969,0.006211545,0.9630238,0.2693445,-0.006805392,-0.2693028,0.9630315,static,16.40992,-15.83887,18.50441,0.0906722,1.4270545190792707,9.259253823446034
1333,05/17/2023 13:16:37.206786,1884,True,True,True,True,Eyes,1.328842,-0.277357,-2.999898,0.2729506,-0.2626617,0.9254766,0.0,0.0,0.0,0.0,0.0,0.0,0.0,-1.303374,1.066936,2.831422,1.316222,-0.2745959,-3.007697,0.1359788,-0.002971437,-0.00344498,0.9907013,15.62906,359.594,359.5458,0.4016727,-0.08424848,-0.9118966,0,0,0,1.979139,-0.8214241,-1.056295,0.676725,0.003199995,2.022,0.9999586,-0.007633997,0.004950725,0.006017787,0.9629958,0.2694493,-0.006824501,-0.2694083,0.9630019,static,16.43236,-15.8446,18.50442,0.09067559,1.429252193823746,9.259084226573714
1334,05/17/2023 13:16:37.216572,1885,True,True,True,True,Eyes,1.329015,-0.2773611,-2.999905,0.2733005,-0.2627274,0.9253547,0.0,0.0,0.0,0.0,0.0,0.0,0.0,-1.30395,1.067248,2.83105,1.316239,-0.2745397,-3.007705,0.1360304,-0.002867171,-0.00340276,0.9906947,15.63509,359.6069,359.5524,0.4018621,-0.08424692,-0.9118134,0,0,0,1.979598,-0.8214972,-1.056489,0.676725,0.003199875,2.022,0.9999604,-0.007522237,0.004755226,0.005962148,0.9629683,0.2695487,-0.00660674,-0.2695096,0.962975,static,16.45433,-15.85035,18.50442,0.09067222,1.4314103393478699,9.258911087005153
1335,05/17/2023 13:16:37.236726,1886,True,True,True,True,Eyes,1.329156,-0.2773618,-2.99991,0.2737041,-0.2627651,0.9252246,0.0,0.0,0.0,0.0,0.0,0.0,0.0,-1.304542,1.067288,2.830746,1.316242,-0.2744627,-3.007696,0.1360698,-0.002773817,-0.003431098,0.9906895,15.63968,359.6174,359.5506,0.4020369,-0.08424544,-0.9117365,0,0,0,1.979959,-0.8215973,-1.056652,0.6767249,0.003199935,2.022,0.9999611,-0.00755317,0.004562244,0.006043439,0.9629464,0.2696249,-0.00642972,-0.2695869,0.9629546,static,16.47951,-15.85462,18.50442,0.0906739,1.4337760897664729,9.258830217252102
1336,05/17/2023 13:16:37.256223,1887,True,True,True,True,Eyes,1.329292,-0.2773635,-2.999913,0.2740933,-0.2627961,0.9251006,0.0,0.0,0.0,0.0,0.0,0.0,0.0,-1.305169,1.066395,2.830774,1.316249,-0.2743999,-3.00768,0.1359759,-0.002691155,-0.003531452,0.9907022,15.62882,359.6256,359.5402,0.4021978,-0.08424398,-0.9116659,0,0,0,1.980244,-0.8212842,-1.05666,0.6767248,0.003199875,2.022,0.9999606,-0.007729098,0.004371881,0.006265369,0.9629962,0.2694422,-0.00629265,-0.2694042,0.9630067,static,16.50376,-15.85842,18.50441,0.09067222,1.4360399643830362,9.258768159009806
1337,05/17/2023 13:16:37.266402,1888,True,True,True,True,Eyes,1.329389,-0.2773676,-2.999915,0.2745531,-0.2628143,0.924959,0.0,0.0,0.0,0.0,0.0,0.0,0.0,-1.305485,1.065649,2.83088,1.316254,-0.2744278,-3.007648,0.1358818,-0.002656772,-0.003614003,0.9907148,15.61792,359.6284,359.531,0.402346,-0.08424257,-0.9116007,0,0,0,1.980342,-0.8210455,-1.056585,0.6767251,0.003199995,2.022,0.9999598,-0.007882907,0.004282052,0.006438879,0.9630461,0.2692595,-0.00624636,-0.269221,0.9630581,static,16.53233,-15.86177,18.50442,0.09067559,1.4386548137172759,9.258752150992226
1338,05/17/2023 13:16:37.291340,1889,True,True,True,True,Eyes,1.329481,-0.2773732,-2.999915,0.2750026,-0.2628344,0.9248198,0.0,0.0,0.0,0.0,0.0,0.0,0.0,-1.305689,1.065935,2.830699,1.316216,-0.2745141,-3.007676,0.1359092,-0.002611185,-0.003592649,0.9907114,15.62111,359.6341,359.5343,0.4024819,-0.08424131,-0.911541,0,0,0,1.980499,-0.8212036,-1.0567,0.6767251,0.003199935,2.022,0.9999606,-0.007828325,0.004197313,0.006408788,0.9630315,0.2693123,-0.00615041,-0.2692748,0.9630437,static,16.56027,-15.86519,18.50442,0.0906739,1.4412186823600348,9.258729205623705
1339,05/17/2023 13:16:37.306367,1890,True,True,True,True,Eyes,1.32955,-0.2773755,-2.999913,0.2754807,-0.2628446,0.9246746,0.0,0.0,0.0,0.0,0.0,0.0,0.0,-1.306021,1.066642,2.830193,1.316165,-0.274559,-3.007612,0.1359823,-0.002520651,-0.003478284,0.990702,15.62966,359.6466,359.5492,0.4026064,-0.08424025,-0.9114862,0,0,0,1.980874,-0.8213693,-1.056815,0.6767251,0.003199995,2.022,0.9999631,-0.007577414,0.004048457,0.006206358,0.9629934,0.2694535,-0.005940398,-0.2694185,0.9630049,static,16.58994,-15.86814,18.50442,0.09067559,1.4439096489959602,9.258739386197957
1340,05/17/2023 13:16:37.316880,1891,True,True,True,True,Eyes,1.329618,-0.2773784,-2.999913,0.2759403,-0.2628601,0.9245332,0.0,0.0,0.0,0.0,0.0,0.0,0.0,-1.305974,1.067408,2.82989,1.316141,-0.2744999,-3.007595,0.1360771,-0.002499035,-0.003364602,0.9906894,15.64067,359.6509,359.5629,0.4027203,-0.0842393,-0.9114361,0,0,0,1.980998,-0.8215283,-1.056909,0.6767249,0.003199935,2.022,0.9999649,-0.007346673,0.004035844,0.005986428,0.9629434,0.2696371,-0.005867225,-0.2696035,0.9629536,static,16.6185,-15.87133,18.50441,0.0906739,1.446516209082512,9.258731432002671
1341,05/17/2023 13:16:37.336627,1892,True,True,True,True,Eyes,1.329712,-0.2773807,-2.999917,0.2763669,-0.2628624,0.9244051,0.0,0.0,0.0,0.0,0.0,0.0,0.0,-1.305971,1.068043,2.829699,1.316164,-0.2745149,-3.007628,0.1361664,-0.002494552,-0.003324523,0.9906773,15.65101,359.652,359.5676,0.4028245,-0.08423847,-0.9113903,0,0,0,1.98106,-0.8218407,-1.057039,0.676725,0.003199935,2.022,0.9999655,-0.007266407,0.004037216,0.005907711,0.9628953,0.2698104,-0.00584797,-0.2697773,0.962905,static,16.64494,-15.87355,18.50442,0.0906739,1.4488952438344675,9.258761221855622
1342,05/17/2023 13:16:37.356298,1893,True,True,True,True,Eyes,1.329803,-0.2773842,-2.999921,0.2767642,-0.2628448,0.9242913,0.0,0.0,0.0,0.0,0.0,0.0,0.0,-1.305418,1.068002,2.830019,1.316135,-0.2744856,-3.00769,0.1361215,-0.002565523,-0.0032478,0.9906835,15.64582,359.6449,359.5756,0.4029207,-0.08423768,-0.911348,0,0,0,1.980789,-0.821545,-1.056944,0.676725,0.003199935,2.022,0.9999657,-0.00713353,0.004199051,0.005736638,0.9629208,0.2697233,-0.005967434,-0.26969,0.9629287,static,16.66949,-15.8744,18.50442,0.0906739,1.4510479806280139,9.258850262560726
1343,05/17/2023 13:16:37.366834,1894,True,True,True,True,Eyes,1.329882,-0.2773811,-2.999925,0.2771361,-0.2627735,0.9242001,0.0,0.0,0.0,0.0,0.0,0.0,0.0,-1.304386,1.066824,2.831009,1.316183,-0.2745205,-3.007732,0.1358682,-0.002733662,-0.003186278,0.9907181,15.61648,359.6263,359.5802,0.4030094,-0.08423697,-0.9113089,0,0,0,1.980199,-0.8205299,-1.056474,0.6767249,0.003199816,2.022,0.9999648,-0.007056242,0.004550749,0.005570571,0.9630594,0.2692316,-0.006282405,-0.2691968,0.9630647,static,16.6922,-15.8718,18.50442,0.09067053,1.4528821537105556,9.259104222453566
1344,05/17/2023 13:16:37.386739,1895,True,True,True,True,Eyes,1.329965,-0.2773798,-2.999926,0.2774801,-0.2626905,0.9241204,0.0,0.0,0.0,0.0,0.0,0.0,0.0,-1.303468,1.064754,2.832234,1.316243,-0.2743832,-3.00774,0.1354543,-0.002864944,-0.003042175,0.9907748,15.56861,359.6133,359.5953,0.4030913,-0.08423615,-0.9112729,0,0,0,1.979815,-0.8185939,-1.055829,0.676725,0.003199935,2.022,0.9999651,-0.006804357,0.004852876,0.005252082,0.9632858,0.2684268,-0.006501179,-0.268392,0.9632878,static,16.71312,-15.86833,18.50442,0.0906739,1.4545218507594337,9.259392634972766
1345,05/17/2023 13:16:37.406341,1896,True,True,True,True,Eyes,1.330013,-0.2773775,-2.999924,0.2777973,-0.2626316,0.9240419,0.0,0.0,0.0,0.0,0.0,0.0,0.0,-1.302763,1.063498,2.833072,1.316457,-0.2744267,-3.007681,0.1352387,-0.00302981,-0.003085397,0.9908036,15.54358,359.5933,359.5876,0.4031671,-0.08423528,-0.9112395,0,0,0,1.979346,-0.8178737,-1.055325,0.6767249,0.003199875,2.022,0.9999626,-0.00693354,0.005169363,0.00529455,0.9634019,0.2680086,-0.006838423,-0.2679712,0.9634027,static,16.7325,-15.86623,18.50441,0.09067222,1.4560925900834292,9.25960333855642
1346,05/17/2023 13:16:37.417042,1897,True,True,True,True,Eyes,1.330053,-0.2773754,-2.999923,0.2781136,-0.2626195,0.9239501,0.0,0.0,0.0,0.0,0.0,0.0,0.0,-1.303775,1.062337,2.833068,1.316565,-0.2744046,-3.00766,0.1354205,-0.00306837,-0.003927081,0.9907757,15.56423,359.5751,359.4877,0.4032366,-0.08423439,-0.9112089,0,0,0,1.978834,-0.8196906,-1.055607,0.6767249,0.003199995,2.022,0.9999503,-0.008612753,0.005016518,0.006950672,0.9632918,0.2683667,-0.007143746,-0.2683185,0.9633038,static,16.75206,-15.86704,18.50441,0.09067559,1.457813928699041,9.259667553157064
1347,05/17/2023 13:16:37.436470,1898,True,True,True,True,Eyes,1.330064,-0.2773775,-2.999922,0.2784471,-0.2626136,0.9238513,0.0,0.0,0.0,0.0,0.0,0.0,0.0,-1.305779,1.063255,2.831732,1.316412,-0.2743815,-3.007665,0.1358551,-0.002831657,-0.004486058,0.9907145,15.6144,359.5937,359.4254,0.4033001,-0.08423349,-0.911181,0,0,0,1.979315,-0.8220808,-1.056503,0.676725,0.003199995,2.022,0.9999437,-0.009658196,0.00439182,0.008119416,0.9630466,0.2692126,-0.006829634,-0.2691617,0.9630708,static,16.77271,-15.86831,18.50442,0.09067559,1.4596504516988085,9.259714323992666
1348,05/17/2023 13:16:37.446818,1899,True,True,True,True,Eyes,1.330079,-0.2773767,-2.999923,0.278781,-0.2626127,0.9237509,0.0,0.0,0.0,0.0,0.0,0.0,0.0,-1.306211,1.066034,2.830532,1.316386,-0.2745075,-3.007707,0.136258,-0.002722156,-0.00433662,0.9906602,15.66113,359.6087,359.4446,0.4033576,-0.08423273,-0.9111558,0,0,0,1.979805,-0.8235763,-1.057105,0.6767249,0.003199995,2.022,0.9999475,-0.009334066,0.004211663,0.007850403,0.9628299,0.2699944,-0.006575261,-0.2699472,0.9628527,static,16.79342,-15.8699,18.50441,0.09067559,1.4615069964089167,9.2597452024383
1349,05/17/2023 13:16:37.466400,1900,True,True,True,True,Eyes,1.330052,-0.2773694,-2.99992,0.2791373,-0.2626075,0.9236448,0.0,0.0,0.0,0.0,0.0,0.0,0.0,-1.30683,1.067402,2.829802,1.316475,-0.2744424,-3.007741,0.1364044,-0.002576953,-0.004089535,0.9906415,15.67822,359.6298,359.476,0.4034097,-0.084232,-0.9111329,0,0,0,1.980613,-0.8237348,-1.057446,0.6767251,0.003199995,2.022,0.9999533,-0.008805541,0.003990013,0.007399511,0.9627543,0.2702767,-0.006221334,-0.2702345,0.9627744,static,16.81549,-15.87133,18.50442,0.09067558,1.4634731819839062,9.259791507176853
1350,05/17/2023 13:16:37.486663,1901,True,True,True,True,Eyes,1.330022,-0.277362,-2.999918,0.2794746,-0.262591,0.9235474,0.0,0.0,0.0,0.0,0.0,0.0,0.0,-1.307907,1.066482,2.829579,1.316417,-0.2743115,-3.00771,0.1363256,-0.002407591,-0.004194129,0.9906523,15.66917,359.6481,359.4664,0.4034559,-0.08423116,-0.9111126,0,0,0,1.981177,-0.8234049,-1.057572,0.6767249,0.003199935,2.022,0.9999532,-0.008966281,0.003626637,0.007653415,0.9627955,0.2701228,-0.005913706,-0.2700824,0.962819,static,16.83634,-15.87197,18.50441,0.0906739,1.4652976715604629,9.259871278102082
1351,05/17/2023 13:16:37.506552,1902,True,True,True,True,Eyes,1.330002,-0.2773578,-2.999918,0.279818,-0.2625492,0.9234554,0.0,0.0,0.0,0.0,0.0,0.0,0.0,-1.307524,1.065452,2.830113,1.316324,-0.2743029,-3.007723,0.136159,-0.002464368,-0.004231287,0.9906749,15.64986,359.6409,359.4612,0.4034968,-0.08423021,-0.9110947,0,0,0,1.980838,-0.8227996,-1.057333,0.6767251,0.003199935,2.022,0.999952,-0.009054752,0.00373052,0.007712569,0.9628856,0.2697995,-0.006035032,-0.2697578,0.9629093,static,16.85743,-15.87107,18.50442,0.0906739,1.4670713216538305,9.260030376551002
1352,05/17/2023 13:16:37.516906,1903,True,True,True,True,Eyes,1.329984,-0.2773539,-2.999917,0.2801283,-0.2624955,0.9233766,0.0,0.0,0.0,0.0,0.0,0.0,0.0,-1.30607,1.065122,2.830924,1.316261,-0.2743722,-3.007759,0.1360035,-0.002664307,-0.004075826,0.9906964,15.63182,359.62,359.4764,0.4035331,-0.08422926,-0.9110788,0,0,0,1.980062,-0.8220837,-1.056904,0.6767251,0.003199935,2.022,0.9999526,-0.008800522,0.004170386,0.007351103,0.9629728,0.2694981,-0.006387692,-0.2694547,0.962992,static,16.87643,-15.86927,18.50442,0.09067389,1.4686232787680527,9.260223833398397
1353,05/17/2023 13:16:37.536579,1904,True,True,True,True,Eyes,1.32998,-0.2773514,-2.999918,0.2803749,-0.2624196,0.9233233,0.0,0.0,0.0,0.0,0.0,0.0,0.0,-1.304188,1.064971,2.831879,1.316294,-0.27438,-3.007772,0.1358694,-0.00294473,-0.003884612,0.9907148,15.61624,359.5901,359.4945,0.4035653,-0.08422831,-0.9110646,0,0,0,1.979077,-0.8213566,-1.056366,0.676725,0.003199935,2.022,0.9999525,-0.008497283,0.004779175,0.006896887,0.9630488,0.2692386,-0.006890376,-0.2691928,0.9630616,static,16.89135,-15.86579,18.50441,0.09067389,1.4697460292943574,9.26048046445232
1354,05/17/2023 13:16:37.556640,1905,True,True,True,True,Eyes,1.329978,-0.2773476,-2.999918,0.280606,-0.2623408,0.9232755,0.0,0.0,0.0,0.0,0.0,0.0,0.0,-1.30276,1.064721,2.832665,1.316298,-0.274408,-3.0078,0.1357227,-0.003145134,-0.00370115,0.9907351,15.59925,359.5695,359.5129,0.4035942,-0.08422738,-0.911052,0,0,0,1.97838,-0.820597,-1.055935,0.676725,0.003199935,2.022,0.9999529,-0.00818745,0.005227328,0.006479985,0.9631313,0.2689538,-0.007236648,-0.2689072,0.9631389,static,16.90531,-15.86204,18.50442,0.0906739,1.470773607162331,9.2607456110311
1355,05/17/2023 13:16:37.566622,1906,True,True,True,True,Eyes,1.329978,-0.2773417,-2.999919,0.2808618,-0.2622524,0.9232227,0.0,0.0,0.0,0.0,0.0,0.0,0.0,-1.302065,1.064886,2.832923,1.316356,-0.2743786,-3.007779,0.1356844,-0.003238942,-0.003553209,0.9907405,15.59484,359.5609,359.5289,0.4036202,-0.08422642,-0.9110407,0,0,0,1.978143,-0.8202362,-1.055721,0.6767249,0.003199935,2.022,0.9999537,-0.007919563,0.005453671,0.006161668,0.9631543,0.268879,-0.00738213,-0.268833,0.9631585,static,16.92075,-15.85783,18.50441,0.09067389,1.4719072272076823,9.26104203148405
1356,05/17/2023 13:16:37.586741,1907,True,True,True,True,Eyes,1.329977,-0.2773384,-2.99992,0.2811155,-0.262171,0.9231687,0.0,0.0,0.0,0.0,0.0,0.0,0.0,-1.301998,1.06488,2.832998,1.316389,-0.2743193,-3.007809,0.135685,-0.003252648,-0.003540078,0.9907405,15.5949,359.5594,359.5302,0.4036435,-0.08422539,-0.9110305,0,0,0,1.978128,-0.8201644,-1.055732,0.6767249,0.003199935,2.022,0.9999538,-0.007897269,0.005484389,0.006131927,0.9631541,0.2688803,-0.007405731,-0.2688342,0.963158,static,16.9361,-15.85404,18.50442,0.0906739,1.4730525996847206,9.261316685069751
1357,05/17/2023 13:16:37.606479,1908,True,True,True,True,Eyes,1.33,-0.2773364,-2.99992,0.2813439,-0.2621007,0.9231191,0.0,0.0,0.0,0.0,0.0,0.0,0.0,-1.302599,1.065265,2.83256,1.316389,-0.2743791,-3.007787,0.1357419,-0.003147054,-0.003521801,0.9907331,15.60155,359.5722,359.5341,0.4036645,-0.08422435,-0.9110213,0,0,0,1.978561,-0.8204063,-1.055908,0.676725,0.003199875,2.022,0.9999554,-0.007832703,0.005279668,0.006123955,0.9631234,0.2689902,-0.007191892,-0.2689459,0.9631284,static,16.94993,-15.85081,18.50442,0.09067222,1.474093129546881,9.2615547822542
1358,05/17/2023 13:16:37.616687,1909,True,True,True,True,Eyes,1.330023,-0.2773333,-2.999918,0.2815735,-0.262035,0.9230677,0.0,0.0,0.0,0.0,0.0,0.0,0.0,-1.303558,1.065347,2.832044,1.316386,-0.2743824,-3.007748,0.1358601,-0.003031977,-0.003730495,0.9907165,15.61519,359.5823,359.5112,0.403684,-0.08422334,-0.9110128,0,0,0,1.978903,-0.8211324,-1.056188,0.6767249,0.003199816,2.022,0.9999538,-0.008215575,0.004994008,0.006567876,0.9630562,0.2692203,-0.007021311,-0.2691751,0.9630656,static,16.96386,-15.84787,18.50442,0.09067053,1.4751557315011081,9.261778722485035
1359,05/17/2023 13:16:37.636652,1910,True,True,True,True,Eyes,1.330053,-0.2773312,-2.999918,0.281799,-0.2619534,0.9230221,0.0,0.0,0.0,0.0,0.0,0.0,0.0,-1.304102,1.065971,2.831523,1.316393,-0.2743558,-3.007713,0.1359279,-0.002913605,-0.003608549,0.9907079,15.62314,359.5982,359.5275,0.4037021,-0.08422231,-0.911005,0,0,0,1.979452,-0.8211911,-1.056361,0.6767249,0.003199935,2.022,0.999957,-0.007942117,0.004792058,0.006357955,0.9630212,0.2693508,-0.006754068,-0.2693087,0.9630303,static,16.97745,-15.84392,18.50442,0.0906739,1.4761421740757177,9.262052012503544
1360,05/17/2023 13:16:37.656426,1911,True,True,True,True,Eyes,1.330084,-0.2773316,-2.999918,0.2819997,-0.2618844,0.9229803,0.0,0.0,0.0,0.0,0.0,0.0,0.0,-1.303129,1.066673,2.83173,1.316399,-0.2743751,-3.00773,0.1359114,-0.003015061,-0.003325606,0.9907109,15.62129,359.5908,359.5592,0.4037192,-0.08422129,-0.9109975,0,0,0,1.979208,-0.8207869,-1.056174,0.676725,0.003200054,2.022,0.9999597,-0.007408991,0.005070132,0.005769866,0.963034,0.2693179,-0.006878083,-0.2692778,0.963038,static,16.98957,-15.84064,18.50442,0.09067727,1.4770331851093697,9.262283441189355
1361,05/17/2023 13:16:37.666426,1912,True,True,True,True,Eyes,1.330095,-0.2773283,-2.999914,0.2821862,-0.2618229,0.9229409,0.0,0.0,0.0,0.0,0.0,0.0,0.0,-1.302174,1.067039,2.832097,1.31644,-0.2744303,-3.007769,0.1359996,-0.003208149,-0.003430515,0.9906977,15.63136,359.5663,359.5437,0.4037353,-0.08422035,-0.9109904,0,0,0,1.978414,-0.8213608,-1.056076,0.6767251,0.003200054,2.022,0.9999559,-0.007669822,0.005423514,0.005924594,0.9629847,0.269491,-0.007289709,-0.2694469,0.9629877,static,17.00084,-15.83776,18.50442,0.09067728,1.4778695989348698,9.262490026624691
1362,05/17/2023 13:16:37.686735,1913,True,True,True,True,Eyes,1.330108,-0.2773265,-2.999911,0.2823497,-0.2617604,0.9229085,0.0,0.0,0.0,0.0,0.0,0.0,0.0,-1.302971,1.06589,2.832026,1.316417,-0.2743378,-3.007659,0.1360351,-0.003176201,-0.003900754,0.9906914,15.63527,359.5624,359.4887,0.4037502,-0.0842194,-0.9109839,0,0,0,1.978258,-0.8220262,-1.056133,0.6767249,0.003199935,2.022,0.9999493,-0.008593037,0.005231991,0.006864737,0.9629585,0.2695623,-0.007354549,-0.2695128,0.9629688,static,17.01069,-15.83469,18.50441,0.09067389,1.4785749573519085,9.262698598338819
1363,05/17/2023 13:16:37.696287,1914,True,True,True,True,Eyes,1.330104,-0.2773263,-2.999906,0.2825054,-0.2617078,0.9228758,0.0,0.0,0.0,0.0,0.0,0.0,0.0,-1.301913,1.06548,2.832739,1.316453,-0.2743691,-3.007708,0.1359657,-0.003373027,-0.003951809,0.9907,15.62712,359.5384,359.4796,0.403764,-0.08421849,-0.9109779,0,0,0,1.977477,-0.8218849,-1.055856,0.6767249,0.003199995,2.022,0.999946,-0.008747348,0.005608694,0.006912883,0.9629954,0.2694291,-0.007757936,-0.2693758,0.9630039,static,17.0201,-15.8322,18.50442,0.09067559,1.4792693685136311,9.262875412071851
1364,05/17/2023 13:16:37.716374,1915,True,True,True,True,Eyes,1.330101,-0.2773238,-2.9999,0.282668,-0.2616605,0.9228395,0.0,0.0,0.0,0.0,0.0,0.0,0.0,-1.302229,1.066157,2.83233,1.316504,-0.2744247,-3.007672,0.1359986,-0.003286432,-0.00376749,0.9906965,15.63106,359.5516,359.5027,0.4037763,-0.08421768,-0.9109725,0,0,0,1.977977,-0.8218114,-1.055937,0.6767249,0.003199995,2.022,0.99995,-0.008358778,0.005486966,0.006570977,0.9629803,0.2694915,-0.00753646,-0.2694419,0.9629872,static,17.02995,-15.83007,18.50442,0.09067559,1.480018369038854,9.26303635142479
1365,05/17/2023 13:16:37.736661,1916,True,True,True,True,Eyes,1.330106,-0.2773234,-2.999895,0.2828475,-0.2616253,0.9227943,0.0,0.0,0.0,0.0,0.0,0.0,0.0,-1.303146,1.066631,2.831703,1.316553,-0.2743672,-3.007631,0.1360712,-0.003123096,-0.003694973,0.9906874,15.63956,359.572,359.5138,0.4037874,-0.08421689,-0.9109677,0,0,0,1.978721,-0.821916,-1.056177,0.6767251,0.003199875,2.022,0.9999532,-0.008171053,0.005182464,0.006471199,0.962942,0.269631,-0.007193582,-0.2695849,0.9629498,static,17.04093,-15.82879,18.50442,0.09067222,1.4809041039953166,9.263160299904683
1366,05/17/2023 13:16:37.756563,1917,True,True,True,True,Eyes,1.330107,-0.2773222,-2.999889,0.2830331,-0.2615905,0.9227474,0.0,0.0,0.0,0.0,0.0,0.0,0.0,-1.304406,1.066593,2.831161,1.316546,-0.274416,-3.007652,0.1360554,-0.002901078,-0.003662945,0.9906903,15.63787,359.5987,359.5212,0.4037976,-0.08421618,-0.9109633,0,0,0,1.979624,-0.8218232,-1.056466,0.676725,0.003199995,2.022,0.9999564,-0.008047104,0.004751414,0.006468274,0.962951,0.2695988,-0.006744868,-0.2695564,0.962961,static,17.05228,-15.82755,18.50442,0.09067559,1.481823545801197,9.263284212580796
1367,05/17/2023 13:16:37.766771,1918,True,True,True,True,Eyes,1.330119,-0.2773217,-2.999882,0.2832054,-0.2615438,0.9227077,0.0,0.0,0.0,0.0,0.0,0.0,0.0,-1.305563,1.066032,2.830753,1.316483,-0.2743922,-3.007602,0.1360175,-0.002714881,-0.003754642,0.9906956,15.63354,359.6192,359.5134,0.4038068,-0.08421552,-0.9109593,0,0,0,1.980258,-0.8217407,-1.056637,0.6767248,0.003199995,2.022,0.999957,-0.008177957,0.004357847,0.006700872,0.9629702,0.2695243,-0.006400636,-0.2694836,0.9629837,static,17.06275,-15.82551,18.50441,0.09067559,1.4826300946581048,9.263443927835073
1368,05/17/2023 13:16:37.786810,1919,True,True,True,True,Eyes,1.330128,-0.2773228,-2.999874,0.2833645,-0.2614917,0.9226736,0.0,0.0,0.0,0.0,0.0,0.0,0.0,-1.305907,1.065659,2.830682,1.316465,-0.2744025,-3.007558,0.1359385,-0.002643877,-0.003713359,0.9907069,15.62445,359.6283,359.5195,0.4038155,-0.08421491,-0.9109555,0,0,0,1.980549,-0.8213732,-1.056593,0.676725,0.003199935,2.022,0.9999585,-0.008076508,0.004229038,0.00663889,0.9630138,0.26937,-0.006248191,-0.2693307,0.9630275,static,17.07237,-15.82308,18.50442,0.0906739,1.4833453683648767,9.263618831291366
1369,05/17/2023 13:16:37.796601,1920,True,True,True,True,Eyes,1.330151,-0.2773208,-2.99987,0.2835391,-0.2614413,0.9226343,0.0,0.0,0.0,0.0,0.0,0.0,0.0,-1.305416,1.065066,2.831107,1.316429,-0.2744414,-3.007548,0.1358328,-0.002725554,-0.003734789,0.9907211,15.61217,359.6183,359.5157,0.4038237,-0.0842144,-0.910952,0,0,0,1.980175,-0.8210384,-1.056363,0.6767249,0.003199816,2.022,0.9999573,-0.008140707,0.004385915,0.006659829,0.963071,0.2691652,-0.006415142,-0.2691244,0.963084,static,17.08296,-15.82082,18.50441,0.09067053,1.484152032756255,9.26379034030892
1370,05/17/2023 13:16:37.822501,1921,True,True,True,True,Eyes,1.33017,-0.2773222,-2.999865,0.2837014,-0.2613955,0.9225974,0.0,0.0,0.0,0.0,0.0,0.0,0.0,-1.304682,1.06499,2.831518,1.31641,-0.2743537,-3.007605,0.1358743,-0.002873188,-0.003850387,0.9907145,15.61686,359.5991,359.4997,0.4038316,-0.08421387,-0.9109486,0,0,0,1.979499,-0.821292,-1.056292,0.676725,0.003199995,2.022,0.9999538,-0.008410052,0.00464668,0.006848483,0.9630467,0.2692475,-0.006739355,-0.2692032,0.9630598,static,17.09281,-15.81878,18.50442,0.09067559,1.484905211781197,9.263946719116639
1371,05/17/2023 13:16:37.836562,1922,True,True,True,True,Eyes,1.330189,-0.2773242,-2.999859,0.2838516,-0.2613523,0.9225634,0.0,0.0,0.0,0.0,0.0,0.0,0.0,-1.304288,1.065108,2.831601,1.316352,-0.2744315,-3.007572,0.1358958,-0.002938631,-0.003887344,0.9907112,15.6193,359.5907,359.4942,0.4038393,-0.08421342,-0.9109452,0,0,0,1.979158,-0.8215145,-1.056203,0.6767251,0.003199935,2.022,0.9999525,-0.008501165,0.004766121,0.006903774,0.9630344,0.2692899,-0.006879216,-0.2692442,0.9630474,static,17.10193,-15.81686,18.50442,0.0906739,1.4856011234659787,9.264093088800639
1372,05/17/2023 13:16:37.856681,1923,True,True,True,True,Eyes,1.330207,-0.2773249,-2.999851,0.2840009,-0.2613196,0.9225267,0.0,0.0,0.0,0.0,0.0,0.0,0.0,-1.30375,1.065856,2.831542,1.316328,-0.2744474,-3.007558,0.1360141,-0.0030238,-0.003876165,0.9906947,15.63294,359.5808,359.4941,0.4038468,-0.08421308,-0.910942,0,0,0,1.978795,-0.8219954,-1.056205,0.6767249,0.003199935,2.022,0.9999517,-0.008502753,0.0049369,0.006857633,0.9629703,0.2695205,-0.007045753,-0.2694736,0.9629821,static,17.11104,-15.81557,18.50442,0.0906739,1.4863254238450572,9.264207480854443
1373,05/17/2023 13:16:37.866760,1924,True,True,True,True,Eyes,1.330226,-0.277327,-2.999844,0.284164,-0.2612768,0.9224886,0.0,0.0,0.0,0.0,0.0,0.0,0.0,-1.304146,1.066522,2.831066,1.316356,-0.2744141,-3.007508,0.1361371,-0.002958982,-0.003862747,0.9906781,15.6472,359.5886,359.4967,0.4038541,-0.08421279,-0.9109388,0,0,0,1.97909,-0.8224174,-1.056373,0.676725,0.003199875,2.022,0.9999526,-0.008459131,0.00481107,0.006847823,0.9629036,0.2697589,-0.006914522,-0.2697132,0.9629159,static,17.12096,-15.81373,18.50442,0.09067222,1.4870939140511221,9.264354101812806
1374,05/17/2023 13:16:37.886795,1925,True,True,True,True,Eyes,1.330244,-0.2773273,-2.99984,0.2843307,-0.2612377,0.9224483,0.0,0.0,0.0,0.0,0.0,0.0,0.0,-1.304678,1.067266,2.83056,1.316353,-0.2744506,-3.007524,0.1362456,-0.002857952,-0.003815162,0.9906636,15.65983,359.6012,359.5038,0.4038612,-0.08421259,-0.9109357,0,0,0,1.979518,-0.8228011,-1.056633,0.676725,0.003199995,2.022,0.9999545,-0.008337852,0.00462294,0.006780318,0.9628452,0.269969,-0.006702136,-0.2699254,0.9628579,static,17.13112,-15.81214,18.50442,0.09067559,1.487894670490646,9.264489346117703
1375,05/17/2023 13:16:37.906812,1926,True,True,True,True,Eyes,1.330269,-0.2773252,-2.999835,0.2845496,-0.2611814,0.9223968,0.0,0.0,0.0,0.0,0.0,0.0,0.0,-1.305304,1.067712,2.830144,1.316357,-0.2744098,-3.007564,0.1363025,-0.002735514,-0.003739725,0.9906566,15.66649,359.6168,359.5147,0.4038681,-0.08421241,-0.9109327,0,0,0,1.980054,-0.8228633,-1.056883,0.676725,0.003200054,2.022,0.999957,-0.00815528,0.004400442,0.006663851,0.9628153,0.2700783,-0.006439377,-0.2700374,0.9628283,static,17.14444,-15.80974,18.50442,0.09067727,1.488929834414967,9.26468264044431
1376,05/17/2023 13:16:37.916868,1927,True,True,True,True,Eyes,1.330291,-0.2773257,-2.999833,0.2847678,-0.2611148,0.9223483,0.0,0.0,0.0,0.0,0.0,0.0,0.0,-1.306164,1.066904,2.83001,1.316328,-0.2743487,-3.007544,0.1361647,-0.002574987,-0.003700119,0.990676,15.65065,359.6365,359.522,0.403875,-0.08421217,-0.9109296,0,0,0,1.980693,-0.8221806,-1.056916,0.676725,0.003199875,2.022,0.9999594,-0.008032483,0.004094304,0.006629993,0.962891,0.2698093,-0.006109606,-0.2697712,0.962905,static,17.15766,-15.8067,18.50442,0.09067222,1.48992667652609,9.264907827178163
1377,05/17/2023 13:16:37.936424,1928,True,True,True,True,Eyes,1.330301,-0.277324,-2.999831,0.2849749,-0.2610379,0.9223061,0.0,0.0,0.0,0.0,0.0,0.0,0.0,-1.306387,1.066662,2.830026,1.316248,-0.2744185,-3.007599,0.1360456,-0.002489286,-0.003551222,0.9906931,15.63697,359.649,359.541,0.4038818,-0.08421195,-0.9109266,0,0,0,1.981041,-0.8215694,-1.056925,0.6767248,0.003200054,2.022,0.9999624,-0.007713655,0.003965979,0.00635903,0.9629579,0.2695766,-0.005898493,-0.2695413,0.9629709,static,17.17015,-15.80297,18.50441,0.09067728,1.4908286447995738,9.265164049695283
1378,05/17/2023 13:16:37.951804,1929,True,True,True,True,Eyes,1.330312,-0.2773242,-2.999828,0.2851642,-0.2609588,0.92227,0.0,0.0,0.0,0.0,0.0,0.0,0.0,-1.305977,1.066614,2.830254,1.316234,-0.2743744,-3.007628,0.1359823,-0.002526812,-0.003422764,0.9907021,15.62968,359.6467,359.5556,0.4038882,-0.0842117,-0.9109238,0,0,0,1.980948,-0.8211117,-1.056812,0.676725,0.003199995,2.022,0.9999638,-0.007469081,0.004075765,0.006094675,0.9629942,0.2694532,-0.005937506,-0.2694186,0.9630049,static,17.18151,-15.799,18.50442,0.09067559,1.4916221995843633,9.265426352723397
1379,05/17/2023 13:16:37.966346,1930,True,True,True,True,Eyes,1.330333,-0.2773244,-2.999826,0.2852849,-0.2608686,0.9222581,0.0,0.0,0.0,0.0,0.0,0.0,0.0,-1.305164,1.066492,2.830681,1.316276,-0.2744249,-3.007611,0.1359219,-0.002660298,-0.003373039,0.9907103,15.62264,359.6318,359.5594,0.4038943,-0.08421147,-0.9109211,0,0,0,1.980482,-0.8208809,-1.056543,0.676725,0.003199995,2.022,0.9999631,-0.007406594,0.00435423,0.005960223,0.9630277,0.2693363,-0.006188109,-0.2693004,0.9630364,static,17.18857,-15.79401,18.50442,0.09067559,1.4919982524302027,9.265717202059365
1380,05/17/2023 13:16:37.987445,1931,True,True,True,True,Eyes,1.330354,-0.2773244,-2.999821,0.2853953,-0.2608012,0.9222431,0.0,0.0,0.0,0.0,0.0,0.0,0.0,-1.304203,1.067288,2.830839,1.316273,-0.2744166,-3.007627,0.1360574,-0.002826475,-0.003387004,0.9906912,15.63824,359.6119,359.5549,0.4039003,-0.08421126,-0.9109185,0,0,0,1.979804,-0.8214527,-1.056491,0.676725,0.003199935,2.022,0.9999611,-0.007480076,0.004678674,0.005941824,0.9629538,0.2696009,-0.006521981,-0.2695626,0.9629608,static,17.19509,-15.79038,18.50442,0.0906739,1.492390963647551,9.265936230552457
1381,05/17/2023 13:16:37.996412,1932,True,True,True,True,Eyes,1.330388,-0.2773236,-2.999817,0.285446,-0.2607386,0.922245,0.0,0.0,0.0,0.0,0.0,0.0,0.0,-1.303883,1.068577,2.830429,1.316301,-0.2744064,-3.007549,0.1363009,-0.002894799,-0.003423668,0.9906574,15.66636,359.6031,359.5494,0.4039063,-0.08421105,-0.9109159,0,0,0,1.979534,-0.8224611,-1.056598,0.6767251,0.003199995,2.022,0.9999598,-0.007572491,0.004802208,0.005994237,0.9628206,0.2700749,-0.006668805,-0.2700352,0.9628274,static,17.19793,-15.78675,18.50442,0.09067559,1.4924668990880723,9.266135455620802
1382,05/17/2023 13:16:38.016617,1933,True,True,True,True,Eyes,1.330422,-0.2773221,-2.999813,0.285491,-0.2606877,0.9222455,0.0,0.0,0.0,0.0,0.0,0.0,0.0,-1.30337,1.068767,2.830612,1.316336,-0.2743766,-3.007554,0.1363709,-0.003007701,-0.003509939,0.9906471,15.67437,359.5884,359.5374,0.4039126,-0.08421082,-0.9109131,0,0,0,1.979066,-0.8228402,-1.056547,0.676725,0.003199935,2.022,0.9999573,-0.007774548,0.005001833,0.006133896,0.9627813,0.270212,-0.006916447,-0.2701698,0.9627878,static,17.20047,-15.78381,18.50441,0.09067389,1.49254904558087,9.266298102099498
1383,05/17/2023 13:16:38.036561,1934,True,True,True,True,Eyes,1.330455,-0.2773197,-2.999808,0.2855175,-0.260635,0.9222523,0.0,0.0,0.0,0.0,0.0,0.0,0.0,-1.30324,1.069174,2.830527,1.316364,-0.2743519,-3.007552,0.1364724,-0.003049241,-0.003572972,0.9906328,15.68606,359.5824,359.5292,0.4039192,-0.08421054,-0.9109101,0,0,0,1.978891,-0.8233055,-1.056614,0.6767251,0.003199875,2.022,0.9999559,-0.007911281,0.005066133,0.006246732,0.962725,0.2704098,-0.007016581,-0.2703662,0.962732,static,17.20185,-15.78066,18.50442,0.09067222,1.4925215890069885,9.266465147466485
1384,05/17/2023 13:16:38.046863,1935,True,True,True,True,Eyes,1.330489,-0.2773176,-2.9998,0.2855481,-0.2605804,0.9222582,0.0,0.0,0.0,0.0,0.0,0.0,0.0,-1.303455,1.069045,2.830481,1.316395,-0.2743361,-3.007544,0.136447,-0.003013634,-0.00355483,0.9906364,15.68315,359.5869,359.5319,0.4039261,-0.08421019,-0.9109071,0,0,0,1.979076,-0.8231599,-1.056622,0.6767249,0.003199875,2.022,0.9999565,-0.007865491,0.005000739,0.006220686,0.9627391,0.2703601,-0.006940924,-0.2703173,0.9627463,static,17.20349,-15.77743,18.50442,0.09067222,1.4925127991084102,9.266637645806458
1385,05/17/2023 13:16:38.066539,1936,True,True,True,True,Eyes,1.330521,-0.2773169,-2.999791,0.285589,-0.2605279,0.9222604,0.0,0.0,0.0,0.0,0.0,0.0,0.0,-1.303983,1.068588,2.830348,1.316449,-0.2743395,-3.007461,0.1363884,-0.002939941,-0.00358384,0.9906446,15.6764,359.5952,359.5297,0.4039332,-0.0842098,-0.910904,0,0,0,1.979411,-0.8229587,-1.056577,0.6767249,0.003199935,2.022,0.999957,-0.007902571,0.004847284,0.006298675,0.9627707,0.270246,-0.006802461,-0.2702039,0.962779,static,17.20577,-15.77437,18.50441,0.09067389,1.4925669933709727,9.266804973857104
1386,05/17/2023 13:16:38.087696,1937,True,True,True,True,Eyes,1.330549,-0.2773182,-2.999783,0.2856277,-0.2604778,0.9222625,0.0,0.0,0.0,0.0,0.0,0.0,0.0,-1.304108,1.068081,2.830456,1.316465,-0.2743767,-3.007427,0.1363197,-0.002933427,-0.003637528,0.9906539,15.66843,359.5951,359.5235,0.4039405,-0.08420941,-0.9109008,0,0,0,1.979424,-0.8227955,-1.056485,0.6767251,0.003199935,2.022,0.9999563,-0.00800683,0.004820288,0.006407294,0.9628074,0.2701125,-0.006803754,-0.2700699,0.9628167,static,17.20792,-15.77146,18.50442,0.0906739,1.492616961351097,9.266964001421547
1387,05/17/2023 13:16:38.096855,1938,True,True,True,True,Eyes,1.330578,-0.2773193,-2.999775,0.2856544,-0.2604357,0.9222662,0.0,0.0,0.0,0.0,0.0,0.0,0.0,-1.304116,1.067956,2.830526,1.316421,-0.2744264,-3.007467,0.1363086,-0.002935089,-0.003683954,0.9906553,15.66712,359.5942,359.518,0.4039479,-0.08420909,-0.9108976,0,0,0,1.979347,-0.8228634,-1.056519,0.6767249,0.003199935,2.022,0.9999557,-0.008099212,0.004811013,0.006498901,0.9628128,0.2700913,-0.006819631,-0.270048,0.9628227,static,17.20937,-15.76897,18.50442,0.0906739,1.4926261727346835,9.267097979485833
1388,05/17/2023 13:16:38.116610,1939,True,True,True,True,Eyes,1.330605,-0.2773201,-2.999767,0.2856793,-0.2604053,0.9222671,0.0,0.0,0.0,0.0,0.0,0.0,0.0,-1.304005,1.06849,2.83034,1.316405,-0.2744173,-3.007441,0.1364407,-0.002970953,-0.003767855,0.9906368,15.68235,359.5885,359.5075,0.4039553,-0.08420882,-0.9108943,0,0,0,1.979139,-0.8234916,-1.056607,0.676725,0.003199935,2.022,0.9999539,-0.008275868,0.004858092,0.006654434,0.9627395,0.2703487,-0.006914447,-0.2703039,0.9627502,static,17.21077,-15.76721,18.50442,0.0906739,1.492664972375068,9.26719469739284
1389,05/17/2023 13:16:38.136398,1940,True,True,True,True,Eyes,1.330624,-0.2773191,-2.999755,0.2857129,-0.2603762,0.9222648,0.0,0.0,0.0,0.0,0.0,0.0,0.0,-1.303974,1.069148,2.830084,1.316381,-0.2744086,-3.007432,0.1365679,-0.002977922,-0.003790717,0.9906191,15.69705,359.5872,359.5046,0.4039628,-0.0842086,-0.9108911,0,0,0,1.979072,-0.8240149,-1.056734,0.6767249,0.003199875,2.022,0.9999535,-0.00832369,0.004864592,0.006696937,0.9626697,0.2705961,-0.006935352,-0.2705509,0.9626806,static,17.21271,-15.76558,18.50442,0.09067222,1.492756291028193,9.267287733782966
1390,05/17/2023 13:16:38.156281,1941,True,True,True,True,Eyes,1.330644,-0.2773178,-2.999744,0.2857445,-0.260354,0.9222614,0.0,0.0,0.0,0.0,0.0,0.0,0.0,-1.303807,1.069324,2.830176,1.316318,-0.2743644,-3.00754,0.1366142,-0.003002963,-0.003823688,0.9906124,15.70239,359.5837,359.5003,0.4039702,-0.08420838,-0.9108878,0,0,0,1.97889,-0.8242009,-1.056866,0.6767252,0.003199935,2.022,0.9999527,-0.00839608,0.004904804,0.00675509,0.9626439,0.2706865,-0.006994284,-0.2706405,0.9626551,static,17.21456,-15.76435,18.50442,0.0906739,1.4928584335575112,9.267360016760337
1391,05/17/2023 13:16:38.166485,1942,True,True,True,True,Eyes,1.33066,-0.2773181,-2.999741,0.2857674,-0.260317,0.9222646,0.0,0.0,0.0,0.0,0.0,0.0,0.0,-1.304148,1.069038,2.830161,1.316367,-0.2743539,-3.007552,0.1366402,-0.002990633,-0.003985825,0.9906083,15.70533,359.5825,359.4814,0.4039774,-0.08420814,-0.9108846,0,0,0,1.978898,-0.8245054,-1.056953,0.6767249,0.003199935,2.022,0.9999503,-0.008714063,0.004835844,0.007079501,0.9626272,0.2707376,-0.007014339,-0.2706899,0.9626411,static,17.21581,-15.76217,18.50441,0.0906739,1.4928648214764162,9.267477210006893
1392,05/17/2023 13:16:38.187714,1943,True,True,True,True,Eyes,1.330674,-0.2773206,-2.999737,0.2857971,-0.2602809,0.9222656,0.0,0.0,0.0,0.0,0.0,0.0,0.0,-1.304491,1.069259,2.829903,1.316354,-0.2744024,-3.007537,0.1366651,-0.002925225,-0.00396251,0.9906051,15.70825,359.5906,359.4851,0.4039844,-0.08420793,-0.9108815,0,0,0,1.97916,-0.8246104,-1.057047,0.676725,0.003199756,2.022,0.9999515,-0.008650118,0.004712413,0.007051014,0.9626139,0.2707854,-0.006878559,-0.270739,0.9626282,static,17.21747,-15.76008,18.50442,0.09066884,1.492910680848437,9.26759204906805
1393,05/17/2023 13:16:38.196759,1944,True,True,True,True,Eyes,1.330669,-0.2773211,-2.999731,0.285844,-0.2602312,0.9222652,0.0,0.0,0.0,0.0,0.0,0.0,0.0,-1.304974,1.069391,2.829601,1.316317,-0.2744563,-3.00752,0.1366709,-0.002829436,-0.003928743,0.9906047,15.70899,359.6024,359.4907,0.4039911,-0.08420781,-0.9108785,0,0,0,1.979526,-0.8246263,-1.057157,0.6767249,0.003199816,2.022,0.9999532,-0.008557066,0.004531815,0.00701026,0.9626112,0.2707959,-0.006679595,-0.2707515,0.962626,static,17.22013,-15.75722,18.50442,0.09067053,1.493006871208105,9.267751287492622
1394,05/17/2023 13:16:38.216960,1945,True,True,True,True,Eyes,1.330662,-0.2773207,-2.999725,0.285893,-0.2601721,0.9222667,0.0,0.0,0.0,0.0,0.0,0.0,0.0,-1.305495,1.069359,2.829339,1.316287,-0.2744313,-3.007504,0.1366375,-0.002715827,-0.003840357,0.9906099,15.70522,359.6173,359.503,0.403997,-0.08420774,-0.9108759,0,0,0,1.980003,-0.8243335,-1.057238,0.676725,0.003199816,2.022,0.9999558,-0.008350758,0.004331177,0.006866423,0.9626309,0.2707298,-0.006430124,-0.2706881,0.9626456,static,17.22289,-15.7538,18.50442,0.09067053,1.4930856700513746,9.267939440779552
1395,05/17/2023 13:16:38.236751,1946,True,True,True,True,Eyes,1.330667,-0.2773221,-2.999722,0.2858956,-0.2600985,0.9222866,0.0,0.0,0.0,0.0,0.0,0.0,0.0,-1.305587,1.068729,2.829482,1.316212,-0.2744123,-3.007489,0.1365053,-0.002672617,-0.00377777,0.9906286,15.68997,359.6235,359.5111,0.4040023,-0.08420768,-0.9108736,0,0,0,1.980138,-0.8237039,-1.057122,0.6767253,0.003199935,2.022,0.9999572,-0.008214386,0.00426377,0.00675508,0.9627041,0.2704723,-0.006326512,-0.2704319,0.9627183,static,17.22268,-15.74924,18.50442,0.0906739,1.4928558825203382,9.268169378317307
1396,05/17/2023 13:16:38.256803,1947,True,True,True,True,Eyes,1.33067,-0.2773258,-2.999715,0.2859056,-0.2600288,0.9223031,0.0,0.0,0.0,0.0,0.0,0.0,0.0,-1.305327,1.069345,2.829409,1.316149,-0.2744538,-3.007551,0.1365663,-0.002688185,-0.003698904,0.9906204,15.69705,359.6229,359.5201,0.4040071,-0.08420768,-0.9108714,0,0,0,1.980055,-0.8238834,-1.057216,0.676725,0.003199875,2.022,0.9999582,-0.00806265,0.00431565,0.006594189,0.9626719,0.2705907,-0.006336234,-0.2705509,0.9626848,static,17.22296,-15.74496,18.50442,0.09067222,1.4926812741495352,9.26838776436121
1397,05/17/2023 13:16:38.266820,1948,True,True,True,True,Eyes,1.330696,-0.2773284,-2.999715,0.2858824,-0.2599638,0.9223287,0.0,0.0,0.0,0.0,0.0,0.0,0.0,-1.305443,1.070346,2.828863,1.316129,-0.2745158,-3.007447,0.1366455,-0.002617925,-0.003489595,0.9906104,15.70632,359.6345,359.5459,0.4040117,-0.08420779,-0.9108694,0,0,0,1.980432,-0.8239672,-1.057253,0.6767249,0.003199875,2.022,0.9999619,-0.007629114,0.004233012,0.006198203,0.9626316,0.2707432,-0.006140362,-0.2707067,0.9626423,static,17.2212,-15.7408,18.50441,0.09067222,1.4923366331484509,9.268589091692693
1398,05/17/2023 13:16:38.288169,1949,True,True,True,True,Eyes,1.33072,-0.2773327,-2.999717,0.2858475,-0.259879,0.9223634,0.0,0.0,0.0,0.0,0.0,0.0,0.0,-1.303815,1.071365,2.82935,1.316113,-0.2744873,-3.007571,0.1366777,-0.002825063,-0.003200145,0.9906064,15.71006,359.6148,359.5767,0.4040164,-0.08420794,-0.9108673,0,0,0,1.979745,-0.823716,-1.057086,0.676725,0.003199875,2.022,0.9999636,-0.007112416,0.004722275,0.005567923,0.9626179,0.2708057,-0.006471828,-0.2707695,0.9626225,static,17.21861,-15.73536,18.50442,0.09067222,1.4918611178852625,9.268850813578457
1399,05/17/2023 13:16:38.296803,1950,True,True,True,True,Eyes,1.330758,-0.2773283,-2.999714,0.2857997,-0.2597803,0.9224059,0.0,0.0,0.0,0.0,0.0,0.0,0.0,-1.302372,1.070598,2.830365,1.316093,-0.2745425,-3.007632,0.1364296,-0.003020955,-0.003005885,0.9906407,15.68136,359.595,359.5965,0.4040213,-0.08420819,-0.9108651,0,0,0,1.979049,-0.8225706,-1.056579,0.676725,0.003199995,2.022,0.9999637,-0.006779799,0.005165179,0.005131207,0.9627559,0.2703236,-0.006805546,-0.2702873,0.9627557,static,17.21516,-15.729,18.50442,0.09067559,1.491268859947625,9.269154526396653
1400,05/17/2023 13:16:38.316871,1951,True,True,True,True,Eyes,1.330793,-0.277333,-2.99971,0.2857498,-0.2597026,0.9224433,0.0,0.0,0.0,0.0,0.0,0.0,0.0,-1.302881,1.068106,2.83098,1.316206,-0.274318,-3.007516,0.13619,-0.003030048,-0.003345002,0.9906726,15.6535,359.5886,359.5565,0.4040266,-0.08420825,-0.9108627,0,0,0,1.978941,-0.8218547,-1.05625,0.6767249,0.003199935,2.022,0.9999593,-0.007452927,0.005092458,0.005802278,0.9628822,0.2698597,-0.006914682,-0.2698192,0.9628862,static,17.21167,-15.72391,18.50442,0.0906739,1.4907321220688448,9.269393669599902
1401,05/17/2023 13:16:38.337009,1952,True,True,True,True,Eyes,1.330821,-0.2773353,-2.999702,0.2857077,-0.2596593,0.9224685,0.0,0.0,0.0,0.0,0.0,0.0,0.0,-1.303432,1.067803,2.830802,1.31619,-0.2745244,-3.007467,0.1362912,-0.003028245,-0.003755434,0.9906572,15.66504,359.5821,359.5081,0.4040324,-0.08420841,-0.9108601,0,0,0,1.978703,-0.8230036,-1.056391,0.676725,0.003199875,2.022,0.9999534,-0.008266141,0.00497624,0.006615248,0.9628212,0.2700585,-0.00702357,-0.270013,0.9628311,static,17.20884,-15.72101,18.50441,0.0906722,1.4903538740635094,9.269525391237304
1402,05/17/2023 13:16:38.356460,1953,True,True,True,True,Eyes,1.330845,-0.2773426,-2.999699,0.2856838,-0.2596447,0.92248,0.0,0.0,0.0,0.0,0.0,0.0,0.0,-1.305522,1.068967,2.829311,1.316195,-0.2744632,-3.007388,0.1367022,-0.002764316,-0.0041403,0.9905997,15.71256,359.6067,359.4668,0.4040384,-0.08420862,-0.9108574,0,0,0,1.979547,-0.8250261,-1.057184,0.6767251,0.003200054,2.022,0.9999505,-0.008958535,0.004344685,0.007446983,0.9625908,0.2708572,-0.006608637,-0.2708114,0.9626097,static,17.20729,-15.71999,18.50442,0.09067728,1.4901730931534392,9.269568736300064
1403,05/17/2023 13:16:38.366489,1954,True,True,True,True,Eyes,1.33087,-0.277351,-2.999696,0.2856773,-0.2596169,0.9224899,0.0,0.0,0.0,0.0,0.0,0.0,0.0,-1.30635,1.072024,2.827833,1.316145,-0.274591,-3.007455,0.1371343,-0.00257149,-0.00393812,0.9905413,15.76272,359.6324,359.4935,0.4040444,-0.08420901,-0.9108547,0,0,0,1.980378,-0.8265529,-1.057947,0.676725,0.003199935,2.022,0.9999558,-0.008507021,0.004014232,0.007096464,0.9623574,0.2716946,-0.006174437,-0.271654,0.9623752,static,17.20674,-15.71823,18.50442,0.0906739,1.4900440360642548,9.269654960544502
1404,05/17/2023 13:16:38.388299,1955,True,True,True,True,Eyes,1.330893,-0.2773558,-2.999695,0.2856714,-0.2595852,0.9225006,0.0,0.0,0.0,0.0,0.0,0.0,0.0,-1.306541,1.073292,2.827305,1.31617,-0.2746348,-3.007479,0.137235,-0.0024842,-0.003677032,0.9905286,15.77451,359.6469,359.5257,0.4040505,-0.0842096,-0.910852,0,0,0,1.980898,-0.8266314,-1.058149,0.6767249,0.003199816,2.022,0.9999606,-0.007966248,0.003912108,0.006602572,0.9623061,0.2718886,-0.005930578,-0.2718521,0.9623207,static,17.20622,-15.71623,18.50442,0.09067053,1.4899064187203752,9.269753507683822
1405,05/17/2023 13:16:38.406425,1956,True,True,True,True,Eyes,1.330902,-0.2773589,-2.999693,0.2856689,-0.2595149,0.9225211,0.0,0.0,0.0,0.0,0.0,0.0,0.0,-1.306562,1.072819,2.827493,1.316155,-0.2745529,-3.007511,0.1371659,-0.002478113,-0.003679733,0.9905382,15.76652,359.6476,359.5255,0.4040565,-0.08421025,-0.9108492,0,0,0,1.980906,-0.8262804,-1.058113,0.676725,0.003199935,2.022,0.9999606,-0.007969658,0.003899863,0.006610007,0.9623439,0.2717544,-0.005918799,-0.2717179,0.9623587,static,17.20572,-15.71185,18.50442,0.0906739,1.4896600248802785,9.269972763535163
1406,05/17/2023 13:16:38.416690,1957,True,True,True,True,Eyes,1.330908,-0.2773639,-2.999694,0.2856444,-0.2594391,0.92255,0.0,0.0,0.0,0.0,0.0,0.0,0.0,-1.306295,1.070991,2.828316,1.316112,-0.2745257,-3.007538,0.1369207,-0.002553778,-0.003849014,0.9905713,15.73805,359.6361,359.5045,0.4040622,-0.08421092,-0.9108466,0,0,0,1.980469,-0.825526,-1.0578,0.676725,0.003199995,2.022,0.9999573,-0.008324776,0.00400538,0.006926116,0.9624758,0.271279,-0.006113418,-0.2712397,0.9624924,static,17.20383,-15.70702,18.50442,0.09067561,1.4892730868215316,9.270207342014672
1407,05/17/2023 13:16:38.436745,1958,True,True,True,True,Eyes,1.330889,-0.2773711,-2.999696,0.2856273,-0.259346,0.9225816,0.0,0.0,0.0,0.0,0.0,0.0,0.0,-1.304647,1.070233,2.829409,1.31607,-0.2745748,-3.007594,0.1367812,-0.002837298,-0.003900395,0.9905896,15.72176,359.6019,359.4938,0.4040675,-0.08421166,-0.9108442,0,0,0,1.979262,-0.8251424,-1.057337,0.6767253,0.003199995,2.022,0.9999534,-0.00850356,0.004554195,0.006951203,0.9625514,0.2710103,-0.006688198,-0.270966,0.9625657,static,17.2023,-15.70116,18.50442,0.09067558,1.4888693170895704,9.27049605069214
1408,05/17/2023 13:16:38.456320,1959,True,True,True,True,Eyes,1.330871,-0.2773745,-2.999696,0.2856053,-0.2592506,0.9226152,0.0,0.0,0.0,0.0,0.0,0.0,0.0,-1.302952,1.070156,2.830302,1.316079,-0.274664,-3.007661,0.1366733,-0.003096044,-0.003770518,0.9906042,15.70919,359.5736,359.505,0.4040717,-0.08421256,-0.9108423,0,0,0,1.978307,-0.824678,-1.05692,0.6767251,0.003199816,2.022,0.9999524,-0.008316473,0.00510325,0.006623888,0.9626124,0.2708015,-0.007164565,-0.2707548,0.9626216,static,17.20046,-15.69512,18.50442,0.09067053,1.488430505442187,9.27079221223677
1409,05/17/2023 13:16:38.466571,1960,True,True,True,True,Eyes,1.330845,-0.2773774,-2.999696,0.2855969,-0.2591392,0.922649,0.0,0.0,0.0,0.0,0.0,0.0,0.0,-1.302579,1.069525,2.830658,1.316109,-0.2745762,-3.007605,0.1365835,-0.00316785,-0.003788393,0.9906163,15.69876,359.5649,359.5018,0.404075,-0.0842135,-0.9108407,0,0,0,1.978039,-0.8242726,-1.056674,0.676725,0.003199995,2.022,0.9999512,-0.008371038,0.005241384,0.006640334,0.9626612,0.2706276,-0.007311112,-0.2705796,0.9626698,static,17.19939,-15.68816,18.50442,0.09067561,1.4880152621301987,9.27113913633947
1410,05/17/2023 13:16:38.488453,1961,True,True,True,True,Eyes,1.330823,-0.2773813,-2.999694,0.2855966,-0.2590303,0.9226797,0.0,0.0,0.0,0.0,0.0,0.0,0.0,-1.302112,1.069228,2.831027,1.316126,-0.2745788,-3.007636,0.1364683,-0.003220614,-0.003661748,0.9906325,15.68547,359.5608,359.5159,0.4040774,-0.08421446,-0.9108396,0,0,0,1.977917,-0.8236628,-1.056485,0.676725,0.003200054,2.022,0.9999524,-0.008133915,0.005381464,0.006375869,0.962726,0.2704034,-0.007380314,-0.2703562,0.9627321,static,17.19884,-15.68139,18.50442,0.09067728,1.4876536018899484,9.2714792309345
1411,05/17/2023 13:16:38.496613,1962,True,True,True,True,Eyes,1.330814,-0.2773883,-2.999691,0.2856063,-0.258927,0.9227058,0.0,0.0,0.0,0.0,0.0,0.0,0.0,-1.302312,1.070024,2.830627,1.316182,-0.2746156,-3.007601,0.13651,-0.00314708,-0.003445766,0.9906278,15.69042,359.5729,359.5426,0.404079,-0.08421545,-0.9108388,0,0,0,1.978387,-0.8235649,-1.056553,0.676725,0.003199875,2.022,0.9999564,-0.007686159,0.005294406,0.005967728,0.9627063,0.2704828,-0.007175932,-0.2704394,0.9627103,static,17.19893,-15.67503,18.50442,0.09067222,1.4873660684767587,9.271801993786285
1412,05/17/2023 13:16:38.516951,1963,True,True,True,True,Eyes,1.330805,-0.2773975,-2.999685,0.2856245,-0.2588433,0.9227236,0.0,0.0,0.0,0.0,0.0,0.0,0.0,-1.302973,1.070677,2.830026,1.316222,-0.2746898,-3.00753,0.1365872,-0.003024097,-0.003366277,0.9906178,15.69944,359.5887,359.5539,0.4040802,-0.08421659,-0.9108382,0,0,0,1.978964,-0.8238169,-1.056714,0.6767251,0.003199935,2.022,0.9999591,-0.007495493,0.005071868,0.005843281,0.9626652,0.2706318,-0.006911029,-0.2705911,0.9626696,static,17.19965,-15.66992,18.50442,0.0906739,1.4871908004176047,9.272064805992448
1413,05/17/2023 13:16:38.536726,1964,True,True,True,True,Eyes,1.330782,-0.2774005,-2.999679,0.2856968,-0.2587582,0.9227251,0.0,0.0,0.0,0.0,0.0,0.0,0.0,-1.304074,1.071028,2.8293,1.316207,-0.2747445,-3.007451,0.136741,-0.002880012,-0.003559794,0.9905964,15.71721,359.6024,359.5333,0.4040811,-0.08421791,-0.9108377,0,0,0,1.979418,-0.8247091,-1.057031,0.676725,0.003199935,2.022,0.9999581,-0.007840268,0.004732319,0.006265005,0.9625785,0.2709307,-0.006679398,-0.2708898,0.9625872,static,17.20372,-15.665,18.50442,0.09067389,1.487312722888999,9.272336017955082
1414,05/17/2023 13:16:38.556384,1965,True,True,True,True,Eyes,1.33076,-0.2774085,-2.999672,0.2857581,-0.2586672,0.9227316,0.0,0.0,0.0,0.0,0.0,0.0,0.0,-1.304399,1.070732,2.829208,1.316109,-0.2746078,-3.007456,0.1367026,-0.002800617,-0.003527923,0.9906019,15.71282,359.6123,359.5384,0.4040814,-0.08421922,-0.9108374,0,0,0,1.979657,-0.8243653,-1.057091,0.676725,0.003199875,2.022,0.9999594,-0.007755238,0.004584041,0.006223831,0.9625999,0.2708553,-0.006513145,-0.2708159,0.9626091,static,17.20708,-15.65965,18.50442,0.09067222,1.48735356435165,9.272625198419878
1415,05/17/2023 13:16:38.571709,1966,True,True,True,True,Eyes,1.330717,-0.2774132,-2.999668,0.2858398,-0.258584,0.9227296,0.0,0.0,0.0,0.0,0.0,0.0,0.0,-1.30344,1.070833,2.829612,1.316115,-0.2747414,-3.007442,0.1366194,-0.002928659,-0.003373154,0.9906136,15.70321,359.5998,359.5546,0.4040812,-0.08422069,-0.9108374,0,0,0,1.979236,-0.8239881,-1.056788,0.6767249,0.003199935,2.022,0.9999601,-0.007483207,0.004880662,0.00588276,0.9626474,0.2706939,-0.006724015,-0.2706544,0.9626531,static,17.21174,-15.6549,18.50442,0.0906739,1.4875341669654785,9.272890971024916
1416,05/17/2023 13:16:38.588821,1967,True,True,True,True,Eyes,1.330672,-0.2774225,-2.999659,0.2859234,-0.2585102,0.9227244,0.0,0.0,0.0,0.0,0.0,0.0,0.0,-1.303263,1.070125,2.830071,1.31618,-0.2746741,-3.007522,0.1366899,-0.003068242,-0.003803987,0.9906019,15.71111,359.5763,359.5015,0.4040799,-0.0842222,-0.9108378,0,0,0,1.978499,-0.824793,-1.056842,0.6767249,0.003200114,2.022,0.9999522,-0.008375268,0.00503888,0.006697678,0.9626028,0.2708338,-0.007118746,-0.2707871,0.9626129,static,17.21657,-15.65073,18.50441,0.09067897,1.4877563313522155,9.273128268281768
1417,05/17/2023 13:16:38.596797,1968,True,True,True,True,Eyes,1.330601,-0.2774291,-2.999654,0.286015,-0.2584348,0.9227171,0.0,0.0,0.0,0.0,0.0,0.0,0.0,-1.303875,1.070125,2.82966,1.316117,-0.2747867,-3.007418,0.1367364,-0.002981829,-0.003924727,0.9905953,15.71648,359.5845,359.4886,0.4040778,-0.0842239,-0.9108385,0,0,0,1.978716,-0.8252343,-1.056925,0.676725,0.003199935,2.022,0.9999514,-0.008591081,0.004834264,0.006960184,0.9625756,0.2709242,-0.006980876,-0.2708774,0.9625885,static,17.22189,-15.64651,18.50442,0.09067389,1.4880183537335463,9.27337073604391
1418,05/17/2023 13:16:38.616633,1969,True,True,True,True,Eyes,1.330534,-0.277437,-2.99965,0.2861103,-0.2583562,0.9227096,0.0,0.0,0.0,0.0,0.0,0.0,0.0,-1.303158,1.069886,2.830166,1.316061,-0.2747564,-3.007525,0.1366255,-0.003061339,-0.003785055,0.9906109,15.70368,359.5775,359.5039,0.4040741,-0.08422573,-0.91084,0,0,0,1.97842,-0.8245959,-1.05678,0.6767252,0.003200054,2.022,0.9999526,-0.008335548,0.00503092,0.006662519,0.9626383,0.2707087,-0.007099461,-0.2706623,0.9626482,static,17.22742,-15.64211,18.50442,0.09067728,1.488290095994007,9.27362345498323
1419,05/17/2023 13:16:38.636817,1970,True,True,True,True,Eyes,1.330456,-0.2774418,-2.999643,0.2862061,-0.2582775,0.922702,0.0,0.0,0.0,0.0,0.0,0.0,0.0,-1.303406,1.070142,2.829997,1.316077,-0.2747987,-3.007555,0.136594,-0.002985368,-0.0036249,0.990616,15.70014,359.5891,359.524,0.4040691,-0.08422768,-0.9108421,0,0,0,1.978831,-0.8242891,-1.056845,0.676725,0.003199995,2.022,0.9999559,-0.007997334,0.004924428,0.0063662,0.9626579,0.2706461,-0.006904986,-0.2706028,0.9626663,static,17.23298,-15.63769,18.50442,0.09067559,1.4885634921101984,9.273877348818006
1420,05/17/2023 13:16:38.646655,1971,True,True,True,True,Eyes,1.330381,-0.2774473,-2.999635,0.2863097,-0.2582035,0.9226905,0.0,0.0,0.0,0.0,0.0,0.0,0.0,-1.30428,1.070291,2.829505,1.316148,-0.2747411,-3.007498,0.1366281,-0.002842288,-0.003593812,0.9906119,15.70417,359.6064,359.53,0.4040627,-0.08422969,-0.9108447,0,0,0,1.979493,-0.8243003,-1.057008,0.6767251,0.003200054,2.022,0.999958,-0.007896818,0.004649177,0.006343472,0.9626396,0.2707113,-0.006613241,-0.2706704,0.9626493,static,17.23905,-15.63362,18.50442,0.09067728,1.4888970389383323,9.274116251695514
1421,05/17/2023 13:16:38.666509,1972,True,True,True,True,Eyes,1.330307,-0.2774549,-2.999626,0.286416,-0.2581267,0.9226791,0.0,0.0,0.0,0.0,0.0,0.0,0.0,-1.305407,1.069938,2.829076,1.316144,-0.2747628,-3.007457,0.1366236,-0.002674481,-0.00369905,0.9906126,15.70368,359.6245,359.5203,0.4040551,-0.08423175,-0.910848,0,0,0,1.980104,-0.8244156,-1.057203,0.676725,0.003199875,2.022,0.9999583,-0.008059444,0.004287994,0.006597856,0.9626406,0.2707019,-0.006309504,-0.2706623,0.9626536,static,17.24527,-15.62938,18.50442,0.09067222,1.4892356051008941,9.274364576141027
1422,05/17/2023 13:16:38.689188,1973,True,True,True,True,Eyes,1.330235,-0.2774608,-2.999613,0.2865245,-0.2580532,0.9226659,0.0,0.0,0.0,0.0,0.0,0.0,0.0,-1.305687,1.069829,2.828986,1.31619,-0.2748206,-3.00743,0.1366144,-0.002643129,-0.003734724,0.9906138,15.70262,359.6276,359.5166,0.4040464,-0.08423393,-0.9108515,0,0,0,1.980256,-0.8244793,-1.057214,0.6767249,0.003199995,2.022,0.9999582,-0.008121518,0.004216206,0.00667716,0.9626451,0.270684,-0.006257074,-0.2706445,0.9626591,static,17.25165,-15.62536,18.50442,0.09067559,1.4895981582337443,9.27460261360558
1423,05/17/2023 13:16:38.696647,1974,True,True,True,True,Eyes,1.33014,-0.2774711,-2.9996,0.2866654,-0.2579927,0.922639,0.0,0.0,0.0,0.0,0.0,0.0,0.0,-1.306484,1.069129,2.828736,1.316168,-0.2747849,-3.007305,0.1365771,-0.002537278,-0.003880668,0.9906186,15.6983,359.6377,359.5012,0.404037,-0.08423618,-0.9108555,0,0,0,1.980578,-0.8244729,-1.057214,0.6767248,0.003199935,2.022,0.999957,-0.008381592,0.00396693,0.006995456,0.9626633,0.2706113,-0.006086972,-0.2705719,0.9626805,static,17.26011,-15.6223,18.50441,0.0906739,1.490184329208478,9.274803198494526
1424,05/17/2023 13:16:38.717073,1975,True,True,True,True,Eyes,1.330048,-0.2774802,-2.999588,0.286796,-0.2579446,0.9226118,0.0,0.0,0.0,0.0,0.0,0.0,0.0,-1.306168,1.069314,2.828874,1.316171,-0.2749161,-3.00735,0.1365991,-0.002600674,-0.003920047,0.9906152,15.7008,359.6296,359.4955,0.4040262,-0.08423865,-0.9108601,0,0,0,1.980304,-0.8247535,-1.057207,0.6767249,0.003199935,2.022,0.9999557,-0.008477016,0.004081585,0.007056017,0.9626507,0.2706547,-0.006223484,-0.2706138,0.9626678,static,17.26798,-15.61997,18.50442,0.0906739,1.490753605037975,9.274963617288865
1425,05/17/2023 13:16:38.737047,1976,True,True,True,True,Eyes,1.32997,-0.2774905,-2.999579,0.2869193,-0.2579163,0.9225815,0.0,0.0,0.0,0.0,0.0,0.0,0.0,-1.306084,1.069456,2.828854,1.316148,-0.2748955,-3.007357,0.1366883,-0.002643575,-0.004060585,0.9906023,15.71104,359.6222,359.4781,0.4040143,-0.08424126,-0.9108652,0,0,0,1.98003,-0.8252776,-1.057282,0.6767249,0.003199935,2.022,0.999953,-0.008767541,0.004127395,0.007322158,0.9625996,0.2708289,-0.006347533,-0.270786,0.9626186,static,17.27549,-15.61883,18.50442,0.0906739,1.4913471409846326,9.275061798249297
1426,05/17/2023 13:16:38.756894,1977,True,True,True,True,Eyes,1.329894,-0.2775006,-2.99957,0.2870388,-0.2578972,0.9225496,0.0,0.0,0.0,0.0,0.0,0.0,0.0,-1.305904,1.069948,2.82876,1.316107,-0.2749192,-3.007381,0.1367893,-0.00267887,-0.004109685,0.9905881,15.72269,359.6172,359.4717,0.4040017,-0.08424404,-0.9108705,0,0,0,1.979818,-0.8257698,-1.057381,0.6767249,0.003199935,2.022,0.9999519,-0.008874891,0.004182991,0.007409127,0.9625437,0.2710257,-0.006431635,-0.2709817,0.962563,static,17.28282,-15.61825,18.50442,0.0906739,1.4919511820177571,9.275130633838137
1427,05/17/2023 13:16:38.766435,1978,True,True,True,True,Eyes,1.329816,-0.2775076,-2.999565,0.2871728,-0.257889,0.9225101,0.0,0.0,0.0,0.0,0.0,0.0,0.0,-1.30604,1.070471,2.828512,1.316095,-0.2749225,-3.007398,0.1368904,-0.002658956,-0.004130292,0.9905741,15.73439,359.6191,359.4696,0.4039885,-0.08424693,-0.9108761,0,0,0,1.979874,-0.8261952,-1.05754,0.6767251,0.003199875,2.022,0.9999518,-0.008910691,0.00413699,0.00745475,0.9624879,0.2712221,-0.00639858,-0.2711783,0.9625079,static,17.29111,-15.61841,18.50442,0.09067222,1.4926722167633053,9.275167137721526
1428,05/17/2023 13:16:38.790238,1979,True,True,True,True,Eyes,1.32974,-0.2775153,-2.999562,0.28731,-0.2578692,0.9224731,0.0,0.0,0.0,0.0,0.0,0.0,0.0,-1.305952,1.069983,2.828796,1.316075,-0.2748586,-3.007468,0.1368205,-0.002674605,-0.004150851,0.9905837,15.72628,359.617,359.4669,0.4039747,-0.08424983,-0.9108819,0,0,0,1.97978,-0.8258858,-1.057515,0.676725,0.003200054,2.022,0.9999512,-0.008955411,0.004162997,0.007491648,0.9625259,0.2710865,-0.006434682,-0.271042,0.9625461,static,17.29952,-15.61786,18.50442,0.09067728,1.493370617433739,9.27524026500328
1429,05/17/2023 13:16:38.796676,1980,True,True,True,True,Eyes,1.329655,-0.2775229,-2.999558,0.2874565,-0.2578504,0.9224326,0.0,0.0,0.0,0.0,0.0,0.0,0.0,-1.30634,1.069559,2.828831,1.316039,-0.2748888,-3.007531,0.1366959,-0.0025779,-0.0040442,0.9906014,15.71197,359.6302,359.4811,0.4039604,-0.08425277,-0.910888,0,0,0,1.980194,-0.8252683,-1.057548,0.676725,0.003199995,2.022,0.999954,-0.008717157,0.004001692,0.007307603,0.9625957,0.2708432,-0.006212995,-0.2708015,0.9626151,static,17.30853,-15.61743,18.50441,0.09067558,1.4941262376616145,9.275310540377326
1430,05/17/2023 13:16:38.821878,1981,True,True,True,True,Eyes,1.329572,-0.2775321,-2.999555,0.2876036,-0.2578268,0.9223933,0.0,0.0,0.0,0.0,0.0,0.0,0.0,-1.306397,1.069075,2.828968,1.316018,-0.2749074,-3.00752,0.1365637,-0.002540444,-0.003940923,0.9906202,15.69673,359.6364,359.494,0.4039454,-0.08425573,-0.9108944,0,0,0,1.980382,-0.8246234,-1.057422,0.676725,0.003199875,2.022,0.9999561,-0.008501781,0.003956855,0.007114051,0.9626696,0.2705857,-0.006109605,-0.2705456,0.9626877,static,17.31756,-15.61671,18.50442,0.09067222,1.4948701154423198,9.275395618468835
1431,05/17/2023 13:16:38.837599,1982,True,True,True,True,Eyes,1.329478,-0.2775388,-2.999549,0.287731,-0.2578016,0.9223607,0.0,0.0,0.0,0.0,0.0,0.0,0.0,-1.306591,1.069297,2.828794,1.316005,-0.2749606,-3.007521,0.1365343,-0.002473319,-0.003800713,0.9906251,15.69341,359.6466,359.5117,0.4039298,-0.08425877,-0.910901,0,0,0,1.980717,-0.8243633,-1.057453,0.6767249,0.003199875,2.022,0.9999589,-0.008205548,0.003862409,0.006854776,0.9626878,0.2705274,-0.00593812,-0.2704898,0.9627045,static,17.32535,-15.61578,18.50442,0.09067222,1.495497503726416,9.275484664939404
1432,05/17/2023 13:16:38.856798,1983,True,True,True,True,Eyes,1.329386,-0.2775468,-2.999547,0.2878456,-0.2577763,0.922332,0.0,0.0,0.0,0.0,0.0,0.0,0.0,-1.306785,1.069518,2.828575,1.315998,-0.2749191,-3.007485,0.1365404,-0.002416501,-0.003701635,0.9906247,15.69419,359.6549,359.5243,0.4039134,-0.08426182,-0.910908,0,0,0,1.980993,-0.8242047,-1.05748,0.6767251,0.003200054,2.022,0.9999609,-0.007993762,0.003776846,0.006673961,0.962686,0.2705386,-0.005798537,-0.2705028,0.9627017,static,17.33234,-15.61479,18.50442,0.09067728,1.496053242044721,9.275572446681116
1433,05/17/2023 13:16:38.867057,1984,True,True,True,True,Eyes,1.329315,-0.2775502,-2.999547,0.287928,-0.2577501,0.9223136,0.0,0.0,0.0,0.0,0.0,0.0,0.0,-1.305907,1.070007,2.828855,1.31596,-0.2749608,-3.007553,0.1365574,-0.002533662,-0.003590523,0.9906225,15.69613,359.6429,359.5354,0.4038963,-0.0842649,-0.9109153,0,0,0,1.980546,-0.824185,-1.057392,0.6767249,0.003199995,2.022,0.9999614,-0.007805686,0.00403918,0.006421724,0.9626784,0.2705718,-0.00600043,-0.2705353,0.9626914,static,17.33733,-15.61357,18.50441,0.09067559,1.496426141226579,9.275661120418661
1434,05/17/2023 13:16:38.886293,1985,True,True,True,True,Eyes,1.329246,-0.2775561,-2.999548,0.2879929,-0.2577223,0.9223011,0.0,0.0,0.0,0.0,0.0,0.0,0.0,-1.304716,1.069874,2.829491,1.3159,-0.2748393,-3.007623,0.1365293,-0.002720546,-0.003569847,0.9906259,15.6928,359.6212,359.5349,0.4038791,-0.08426785,-0.9109226,0,0,0,1.979748,-0.8239571,-1.057181,0.676725,0.003199935,2.022,0.9999597,-0.007815634,0.00441531,0.006329896,0.962694,0.2705183,-0.006364864,-0.2704794,0.9627047,static,17.34122,-15.61217,18.50442,0.0906739,1.4966959949974448,9.275752995744684
1435,05/17/2023 13:16:38.908390,1986,True,True,True,True,Eyes,1.329193,-0.2775633,-2.999548,0.288017,-0.2577005,0.9222997,0.0,0.0,0.0,0.0,0.0,0.0,0.0,-1.303298,1.070384,2.829945,1.315885,-0.2749082,-3.007619,0.1365296,-0.002926285,-0.003429055,0.9906257,15.6928,359.5992,359.5481,0.4038619,-0.08427076,-0.91093,0,0,0,1.978986,-0.8238752,-1.05688,0.6767251,0.003199875,2.022,0.9999593,-0.007592868,0.004861371,0.005994771,0.9626958,0.2705195,-0.006734041,-0.2704794,0.9627022,static,17.34261,-15.61094,18.50442,0.09067222,1.49675854055466,9.275822803293961
1436,05/17/2023 13:16:38.916572,1987,True,True,True,True,Eyes,1.329144,-0.2775699,-2.999547,0.288029,-0.2576767,0.9223026,0.0,0.0,0.0,0.0,0.0,0.0,0.0,-1.301867,1.070722,2.830477,1.31594,-0.274942,-3.007592,0.1365156,-0.003151133,-0.00331027,0.9906275,15.69112,359.5746,359.5585,0.403845,-0.08427365,-0.9109372,0,0,0,1.978204,-0.8237344,-1.05652,0.6767251,0.003199995,2.022,0.9999582,-0.007418847,0.005339391,0.005698132,0.9627051,0.270493,-0.007147005,-0.2704513,0.9627071,static,17.34324,-15.60952,18.50442,0.09067559,1.4967468437503442,9.275898148823206
1437,05/17/2023 13:16:38.936429,1988,True,True,True,True,Eyes,1.329112,-0.2775773,-2.999547,0.2880373,-0.2576662,0.9223029,0.0,0.0,0.0,0.0,0.0,0.0,0.0,-1.300985,1.070636,2.830918,1.315989,-0.2749333,-3.007575,0.1364804,-0.00330234,-0.00328296,0.9906318,15.68699,359.5573,359.5593,0.4038286,-0.0842765,-0.9109443,0,0,0,1.977661,-0.8235766,-1.056259,0.6767254,0.003199816,2.022,0.9999566,-0.007405818,0.005646687,0.005603001,0.9627246,0.2704253,-0.007438925,-0.2703819,0.9627244,static,17.34371,-15.60891,18.50443,0.09067053,1.4967589805836439,9.275931588427003
1438,05/17/2023 13:16:38.946778,1989,True,True,True,True,Eyes,1.329084,-0.2775856,-2.999548,0.2880512,-0.257657,0.9223011,0.0,0.0,0.0,0.0,0.0,0.0,0.0,-1.300865,1.070192,2.83114,1.315974,-0.2749426,-3.00758,0.1364612,-0.003352078,-0.00342317,0.9906339,15.68469,359.5492,359.5419,0.403813,-0.08427931,-0.910951,0,0,0,1.977368,-0.8237047,-1.056204,0.6767249,0.003199875,2.022,0.9999541,-0.007697075,0.005707105,0.00586736,0.9627333,0.2703892,-0.007575625,-0.2703432,0.9627342,static,17.34452,-15.60841,18.50442,0.09067222,1.4968054917993632,9.275961283695327
1439,05/17/2023 13:16:38.966742,1990,True,True,True,True,Eyes,1.329077,-0.2775935,-2.999549,0.2880445,-0.2576542,0.922304,0.0,0.0,0.0,0.0,0.0,0.0,0.0,-1.301585,1.069813,2.830968,1.316016,-0.2749733,-3.007573,0.1364439,-0.003261322,-0.00352847,0.9906362,15.68269,359.5582,359.531,0.4037983,-0.08428213,-0.9109573,0,0,0,1.977717,-0.8237915,-1.056317,0.6767251,0.003199935,2.022,0.9999538,-0.007880835,0.00549869,0.006100884,0.9627412,0.2703556,-0.007424443,-0.2703095,0.9627449,static,17.34409,-15.6082,18.50442,0.0906739,1.4967587274058047,9.275969610980377
1440,05/17/2023 13:16:38.990585,1991,True,True,True,True,Eyes,1.329071,-0.277599,-2.999552,0.2880519,-0.2576544,0.9223017,0.0,0.0,0.0,0.0,0.0,0.0,0.0,-1.302266,1.06918,2.830904,1.316045,-0.2749578,-3.007572,0.1363558,-0.003156924,-0.00355749,0.9906486,15.67253,359.57,359.5293,0.4037848,-0.0842849,-0.910963,0,0,0,1.97815,-0.8234501,-1.056361,0.6767249,0.003199995,2.022,0.9999548,-0.007909375,0.005284637,0.006187515,0.9627889,0.2701838,-0.007224974,-0.2701388,0.9627943,static,17.34455,-15.60825,18.50442,0.09067559,1.4968006457666414,9.275969552772237
1441,05/17/2023 13:16:38.997055,1992,True,True,True,True,Eyes,1.329074,-0.2776047,-2.999554,0.2880608,-0.2576594,0.9222975,0.0,0.0,0.0,0.0,0.0,0.0,0.0,-1.30349,1.069074,2.830418,1.316073,-0.2749065,-3.007599,0.1363845,-0.002968032,-0.00361779,0.990645,15.67591,359.5913,359.5253,0.4037725,-0.08428757,-0.9109682,0,0,0,1.978903,-0.8235598,-1.056679,0.6767249,0.003200054,2.022,0.9999563,-0.007977477,0.004893711,0.006358303,0.9627724,0.2702386,-0.006867353,-0.2701957,0.9627809,static,17.34513,-15.60861,18.50442,0.09067728,1.4968672863825203,9.275954431783301
1442,05/17/2023 13:16:39.016575,1993,True,True,True,True,Eyes,1.329076,-0.2776101,-2.999558,0.2880721,-0.2576627,0.922293,0.0,0.0,0.0,0.0,0.0,0.0,0.0,-1.304323,1.069053,2.830016,1.316045,-0.2749078,-3.007586,0.1364013,-0.002827572,-0.003641432,0.9906429,15.67791,359.6075,359.5247,0.4037614,-0.08429013,-0.9109728,0,0,0,1.979426,-0.8236349,-1.056875,0.6767251,0.003199875,2.022,0.9999575,-0.007986086,0.004608836,0.006443349,0.9627629,0.2702704,-0.00659562,-0.2702293,0.9627734,static,17.34585,-15.60887,18.50442,0.09067222,1.4969413354733114,9.27594513145799
1443,05/17/2023 13:16:39.036760,1994,True,True,True,True,Eyes,1.329126,-0.2776172,-2.999562,0.2880619,-0.2576574,0.9222977,0.0,0.0,0.0,0.0,0.0,0.0,0.0,-1.304549,1.068879,2.830003,1.316029,-0.2749079,-3.007617,0.1363776,-0.002789504,-0.00365438,0.9906463,15.6752,359.6118,359.5238,0.4037515,-0.08429259,-0.910977,0,0,0,1.979556,-0.823553,-1.056931,0.676725,0.003200054,2.022,0.9999577,-0.008001248,0.004530072,0.006479545,0.9627756,0.2702244,-0.006523575,-0.2701836,0.9627867,static,17.34519,-15.60849,18.50441,0.09067727,1.4968668798720084,9.275960835392185
