Time,Frame,EyeTrackingEnabled,EyeCalibrationValid,EyeTrackingEnabledAndValid,EyeTrackingDataValid,GazeInputSource,EyeGazeOrigin.x,EyeGazeOrigin.y,EyeGazeOrigin.z,EyeGazeDirection.x,EyeGazeDirection.y,EyeGazeDirection.z,EyeHitInfo.distance,EyeHitPosition.x,EyeHitPosition.y,EyeHitPosition.z,EyeHitNormal.x,EyeHitNormal.y,EyeHitNormal.z,LocalEyeHitPosition.x,LocalEyeHitPosition.y,LocalEyeHitPosition.z,HeadGazeOrigin.x,HeadGazeOrigin.y,HeadGazeOrigin.z,HeadRotation.x,HeadRotation.y,HeadRotation.z,HeadRotation.w,HeadEulerAngles.x,HeadEulerAngles.y,HeadEulerAngles.z,HeadMovementDirection.x,HeadMovementDirection.y,HeadMovementDirection.z,HeadVelocity.x,HeadVelocity.y,HeadVelocity.z,transform.position.x,transform.position.y,transform.position.z,localTransform.position.x,localTransform.position.y,localTransform.position.z,localXAxis.x,localXAxis.y,localXAxis.z,localYAxis.x,localYAxis.y,localYAxis.z,localZAxis.x,localZAxis.y,localZAxis.z,Movement,GazeAngleX,GazeAngleY,TargetAngleX,TargetAngleY,CalibratedGazeAngleX,CalibratedGazeAngleY
05/11/2023 10:29:39.894362,229,True,True,True,True,Eyes,0.7022873,0.1123748,-1.907878,0.834564,-0.1012238,0.5415317,0.0,0.0,0.0,0.0,0.0,0.0,0.0,-2.002567,-0.2173785,-0.360472,0.8252277,0.1063944,-1.869531,0.1114844,0.6206864,-0.08974934,0.7708858,16.45701,77.67943,0.00123744,0.3201844,0.05609454,-0.9456924,0.1107804,0.001817325,0.07301677,1.673799,-0.02990234,-0.4620954,-0.5796,0.4008,1.915,0.2133872,2.068552e-05,-0.9769678,0.2767666,0.9590325,0.06047112,0.9369452,-0.2832958,0.2046396,moving,57.02128,-10.58762,-16.83913,11.82109,6.3123774573983695,3.0816051923939627
05/11/2023 10:29:39.910279,230,True,True,True,True,Eyes,0.707469,0.1123543,-1.904682,0.8379815,-0.1021047,0.5360612,0.0,0.0,0.0,0.0,0.0,0.0,0.0,-1.996478,-0.2250504,-0.3853898,0.8349813,0.1075103,-1.864496,0.1110321,0.6236944,-0.08990348,0.7685015,16.42747,78.12639,0.01901273,0.3226672,0.05600585,-0.9448534,0.1041336,0.001708285,0.06863576,1.700575,-0.01617193,-0.470682,-0.5754138,0.3979051,1.915,0.2058453,0.0003182934,-0.9785845,0.2766821,0.9591784,0.0585121,0.9386559,-0.2828013,0.1973542,moving,57.39273,-10.78407,-16.72432,11.73808,6.365105194721327,3.0265116926410984
05/11/2023 10:29:39.929553,231,True,True,True,True,Eyes,0.71279,0.1123833,-1.901436,0.8414804,-0.103212,0.5303376,0.0,0.0,0.0,0.0,0.0,0.0,0.0,-1.989766,-0.2317536,-0.4106817,0.8431681,0.1091677,-1.859755,0.1106631,0.6270763,-0.08974343,0.7658167,16.38243,78.63499,0.0796864,0.3251773,0.0559283,-0.9439971,0.09788555,0.001605788,0.06451762,1.727641,-0.006929711,-0.4809597,-0.5718257,0.395424,1.915,0.1974431,0.001334302,-0.9803134,0.2762424,0.9593996,0.05694331,0.9405884,-0.2820472,0.1890582,moving,57.77908,-11.01299,-16.62581,11.6669,6.42076007446247,2.962066990914283
05/11/2023 10:29:39.939177,232,True,True,True,True,Eyes,0.7182528,0.1124664,-1.898147,0.8449608,-0.1042563,0.5245682,0.0,0.0,0.0,0.0,0.0,0.0,0.0,-1.984154,-0.2359807,-0.4326801,0.8516256,0.1104929,-1.855341,0.1108319,0.6297041,-0.0893962,0.7636735,16.37155,79.04224,0.1817529,0.3277182,0.05586319,-0.9431219,0.09201241,0.001509441,0.06064656,1.752174,-0.007737696,-0.490664,-0.567852,0.392676,1.915,0.1909622,0.003043558,-0.9815926,0.2761216,0.9594492,0.05669247,0.9419608,-0.2818651,0.1823782,moving,58.16718,-11.24088,-16.51659,11.58803,6.476598787847725,2.8979306429418275
05/11/2023 10:29:39.959290,233,True,True,True,True,Eyes,0.723837,0.1125025,-1.894833,0.848563,-0.1054654,0.5184765,0.0,0.0,0.0,0.0,0.0,0.0,0.0,-1.978142,-0.2412638,-0.4559673,0.8602621,0.1119194,-1.851103,0.110616,0.6325945,-0.08906448,0.7613513,16.32699,79.48238,0.2586054,0.330294,0.05581184,-0.9422259,0.08649167,0.001418874,0.05700777,1.775254,-0.01392955,-0.500293,-0.5639522,0.3899795,1.915,0.1837835,0.004331477,-0.9829574,0.2755689,0.9596632,0.05575195,0.9435495,-0.2811188,0.1751766,moving,58.57485,-11.4979,-16.40928,11.51058,6.535835686982296,2.82543769989403
05/11/2023 10:29:39.979526,234,True,True,True,True,Eyes,0.729547,0.1125178,-1.891491,0.8521175,-0.1065438,0.5123907,0.0,0.0,0.0,0.0,0.0,0.0,0.0,-1.971789,-0.244438,-0.4808096,0.8684972,0.1109114,-1.847239,0.1104174,0.6357499,-0.08879204,0.7587794,16.28789,79.96476,0.3371736,0.3329071,0.05577048,-0.9413083,0.0,0.0,0.0,1.799215,-0.02182782,-0.5111247,-0.5600556,0.3872848,1.915,0.175876,0.005648579,-0.9843962,0.2751428,0.9598479,0.05466583,0.9451795,-0.280464,0.1672601,moving,58.9809,-11.7464,-16.30194,11.43315,6.594589549420078,2.7554105476620085
05/11/2023 10:29:39.999161,235,True,True,True,True,Eyes,0.7353856,0.1125907,-1.888153,0.8556792,-0.1078309,0.5061478,0.0,0.0,0.0,0.0,0.0,0.0,0.0,-1.966267,-0.2464515,-0.5024034,0.8770003,0.1104058,-1.843376,0.109628,0.6382319,-0.08792081,0.7569093,16.15189,80.3336,0.4080119,0.3355593,0.055737,-0.9403681,0.0,0.0,0.0,1.821879,-0.02808399,-0.5215078,-0.5562592,0.3846596,1.915,0.16986,0.006840024,-0.9854444,0.2730322,0.9605033,0.05372916,0.94689,-0.2781846,0.1612836,moving,59.39501,-12.02663,-16.19725,11.35767,6.655394637166208,2.676211036842718
05/11/2023 10:29:40.009544,236,True,True,True,True,Eyes,0.7413884,0.1126259,-1.884814,0.8592398,-0.1091241,0.4997989,0.0,0.0,0.0,0.0,0.0,0.0,0.0,-1.961646,-0.2550408,-0.5197716,0.8857642,0.1118617,-1.840155,0.1092804,0.6400811,-0.08865489,0.7553108,16.17511,80.60922,0.3563157,0.3382519,0.05571324,-0.9394043,0.0,0.0,0.0,1.845264,-0.03071046,-0.5322598,-0.5523621,0.3819648,1.915,0.1648731,0.005972652,-0.9862968,0.2738206,0.9603962,0.05158873,0.9475438,-0.278574,0.1567081,moving,59.81447,-12.31645,-16.08966,11.28015,6.717182427886004,2.5942546577666468
05/11/2023 10:29:40.029314,237,True,True,True,True,Eyes,0.7474936,0.1126475,-1.881467,0.8628601,-0.1106812,0.4931754,0.0,0.0,0.0,0.0,0.0,0.0,0.0,-1.953822,-0.2676498,-0.5467269,0.8954242,0.1109787,-1.836809,0.1088259,0.6436397,-0.09063041,0.752111,16.28199,81.14445,0.2245004,0.3409883,0.05569617,-0.9384155,0.0,0.0,0.0,1.86924,-0.03263129,-0.5440758,-0.5485167,0.3793055,1.915,0.1550282,0.003761116,-0.9879029,0.2764176,0.9598861,0.04703169,0.9484512,-0.280365,0.1477697,moving,60.24949,-12.64905,-15.98339,11.2036,6.7823200061813065,2.4999563822891857
05/11/2023 10:29:40.039439,238,True,True,True,True,Eyes,0.7537246,0.112702,-1.87814,0.8663933,-0.1123665,0.4865557,0.0,0.0,0.0,0.0,0.0,0.0,0.0,-1.945912,-0.2791712,-0.5704703,0.90367,0.1106572,-1.833326,0.109059,0.6468259,-0.09263064,0.7490942,16.45264,81.63966,0.1377793,0.3437682,0.05568432,-0.9374015,0.0,0.0,0.0,1.892765,-0.03285429,-0.5554914,-0.5446402,0.3766252,1.915001,0.1460717,0.002306238,-0.9892713,0.2798625,0.9590514,0.04355914,0.9488625,-0.2832227,0.1394448,moving,60.68198,-13.00405,-15.87614,11.12642,6.847882390757559,2.399139481178848
05/11/2023 10:29:40.059588,239,True,True,True,True,Eyes,0.7600763,0.1127744,-1.874836,0.8699697,-0.1143464,0.479664,0.0,0.0,0.0,0.0,0.0,0.0,0.0,-1.940129,-0.2894397,-0.5902139,0.9126922,0.1114701,-1.830518,0.1105376,0.6491004,-0.0946369,0.7466552,16.73376,82.02292,0.1302959,0.3465925,0.05567855,-0.9363613,0.0,0.0,0.0,1.91475,-0.03297319,-0.5661079,-0.5408689,0.3740172,1.915001,0.139425,0.002177803,-0.9902302,0.2848223,0.9576505,0.0422093,0.9483864,-0.2879247,0.1329001,moving,61.12954,-13.4084,-15.7717,11.05127,6.916950537605326,2.2840700764456114
05/11/2023 10:29:40.079181,240,True,True,True,True,Eyes,0.7665399,0.1128091,-1.871567,0.8734838,-0.116473,0.4727155,0.0,0.0,0.0,0.0,0.0,0.0,0.0,-1.933569,-0.3005325,-0.6115156,0.9216773,0.1119795,-1.827822,0.1121421,0.6517026,-0.09689363,0.7438545,17.04523,82.46233,0.1208828,0.3494609,0.05567887,-0.9352944,0.0,0.0,0.0,1.93679,-0.03444646,-0.5768508,-0.5370544,0.3713791,1.915,0.1317905,0.002017134,-0.9912757,0.2903162,0.9560716,0.0405432,0.9478122,-0.2931266,0.1254155,moving,61.57845,-13.84148,-15.66595,10.97523,6.98713553984859,2.1606641788580636
05/11/2023 10:29:40.089647,241,True,True,True,True,Eyes,0.7730904,0.1128333,-1.868338,0.8770401,-0.1187439,0.465511,0.0,0.0,0.0,0.0,0.0,0.0,0.0,-1.926336,-0.3113134,-0.6346871,0.9305263,0.1110735,-1.825458,0.1137947,0.6546527,-0.09934594,0.7406828,17.37629,82.96047,0.1095268,0.3523729,0.05568257,-0.9342011,0.0,0.0,0.0,1.957318,-0.03911549,-0.5873056,-0.5329688,0.3685542,1.915,0.1231205,0.001824347,-0.99239,0.2961597,0.9543623,0.03849739,0.9471699,-0.2986458,0.1169612,moving,62.04175,-14.31002,-15.55256,10.89375,7.0602829409842505,2.027036050791334
05/11/2023 10:29:40.109688,242,True,True,True,True,Eyes,0.7797515,0.1128705,-1.865158,0.8805116,-0.1211031,0.458294,0.0,0.0,0.0,0.0,0.0,0.0,0.0,-1.919904,-0.3224905,-0.6541808,0.9389129,0.1108255,-1.823223,0.115175,0.6570277,-0.1017417,0.7380366,17.68003,83.36427,0.07024162,0.355327,0.05568852,-0.9330811,0.0,0.0,0.0,1.975848,-0.04569195,-0.5960517,-0.5292032,0.36595,1.915,0.1159265,0.001168045,-0.9932572,0.3015245,0.9527667,0.0363124,0.9463847,-0.303701,0.1100986,moving,62.50365,-14.80194,-15.44794,10.81859,7.134028180915371,1.8866106486537109
05/11/2023 10:29:40.132708,243,True,True,True,True,Eyes,0.7865191,0.1129021,-1.862022,0.8840628,-0.123472,0.4507634,0.0,0.0,0.0,0.0,0.0,0.0,0.0,-1.91293,-0.3366049,-0.6748589,0.9479579,0.1110971,-1.821283,0.1159939,0.6596262,-0.1044339,0.735209,17.95887,83.79152,359.9677,0.3583223,0.05569681,-0.9319345,0.0,0.0,0.0,1.993604,-0.0515957,-0.6041858,-0.5253249,0.3632682,1.915001,0.1079738,-0.0005362397,-0.9941536,0.3065866,0.951278,0.03278487,0.9456989,-0.3083341,0.1028775,moving,62.984,-15.31857,-15.34008,10.74116,7.210886213877282,1.7391063787278656
05/11/2023 10:29:40.139765,244,True,True,True,True,Eyes,0.7933897,0.1129483,-1.858932,0.8875586,-0.1257943,0.4431879,0.0,0.0,0.0,0.0,0.0,0.0,0.0,-1.904103,-0.3518797,-0.6987238,0.9569454,0.1109184,-1.81923,0.1157266,0.6628897,-0.1069687,0.7319443,18.13324,84.30108,359.8094,0.361358,0.05570665,-0.930761,0.0,0.0,0.0,2.012597,-0.06169643,-0.614235,-0.5214053,0.3605575,1.914999,0.09827004,-0.003162255,-0.9951547,0.3100182,0.9503301,0.02759401,0.9456383,-0.3112277,0.09436937,moving,63.4655,-15.84605,-15.23097,10.66286,7.288245723099554,1.5884571739950397
05/11/2023 10:29:40.159537,245,True,True,True,True,Eyes,0.8003662,0.1129821,-1.855894,0.8911279,-0.1279777,0.4353305,0.0,0.0,0.0,0.0,0.0,0.0,0.0,-1.895409,-0.3657172,-0.7223149,0.9659799,0.1112351,-1.817299,0.1150482,0.6660818,-0.1088493,0.7288696,18.22294,84.79329,359.6736,0.3644333,0.0557183,-0.9295605,0.0,0.0,0.0,2.032906,-0.07424155,-0.6264787,-0.5175022,0.3578586,1.915,0.08897369,-0.005410849,-0.9960193,0.3119369,0.9498315,0.02270518,0.9459277,-0.3127153,0.08619791,moving,63.96374,-16.38218,-15.12219,10.58486,7.367974778556177,1.4353841436380508
05/11/2023 10:29:40.179067,246,True,True,True,True,Eyes,0.8074452,0.1129993,-1.852913,0.8946332,-0.1300492,0.4274561,0.0,0.0,0.0,0.0,0.0,0.0,0.0,-1.887114,-0.3739872,-0.7472055,0.9751863,0.1109891,-1.815509,0.1146953,0.6693178,-0.1095023,0.7258568,18.24545,85.30614,359.6724,0.367547,0.05573063,-0.928333,0.0,0.0,0.0,2.05288,-0.09018496,-0.6399971,-0.5137793,0.3552841,1.915001,0.08004605,-0.005430752,-0.9967765,0.3125011,0.9497085,0.01992108,0.9465389,-0.3130883,0.07771758,moving,64.46152,-16.92185,-15.01832,10.5104,7.447763478346421,1.2812806203830034
05/11/2023 10:29:40.209908,247,True,True,True,True,Eyes,0.8146309,0.1129921,-1.849993,0.8981427,-0.1319195,0.4194484,0.0,0.0,0.0,0.0,0.0,0.0,0.0,-1.879532,-0.3795105,-0.7716644,0.9844756,0.1106877,-1.814026,0.1142183,0.672383,-0.1094422,0.723103,18.20135,85.7917,359.7178,0.3706983,0.05574244,-0.9270784,0.0,0.0,0.0,2.073423,-0.1056959,-0.6545273,-0.5099381,0.352628,1.915,0.07184728,-0.004679064,-0.9974048,0.3118729,0.9499531,0.01800908,0.9474035,-0.3123574,0.06971079,moving,64.9666,-17.45874,-14.91106,10.43356,7.528369111407394,1.128022938347911
05/11/2023 10:29:40.219489,248,True,True,True,True,Eyes,0.8219357,0.1129533,-1.847148,0.9016441,-0.1336767,0.411301,0.0,0.0,0.0,0.0,0.0,0.0,0.0,-1.872872,-0.3834843,-0.7942423,0.9939849,0.1101567,-1.812564,0.1141708,0.6749892,-0.1092664,0.7207049,18.18427,86.2154,359.7968,0.3738859,0.05575221,-0.9257969,0.0,0.0,0.0,2.094775,-0.1171847,-0.6701296,-0.5060369,0.3499304,1.915,0.06490078,-0.003369536,-0.9978861,0.3116257,0.9500518,0.01705959,0.9479859,-0.3120741,0.06270913,moving,65.47906,-18.00465,-14.80202,10.35548,7.610191328317762,0.9721846273870227
05/11/2023 10:29:40.229353,249,True,True,True,True,Eyes,0.8293474,0.1128798,-1.844375,0.9050592,-0.1354445,0.4031411,0.0,0.0,0.0,0.0,0.0,0.0,0.0,-1.865996,-0.3883574,-0.8174904,1.003868,0.1093686,-1.811448,0.1144143,0.6776735,-0.109437,0.7181167,18.21905,86.66026,359.873,0.3771093,0.05575819,-0.9244881,0.0,0.0,0.0,2.117133,-0.1244415,-0.6864134,-0.502007,0.3471438,1.915,0.05756433,-0.002106026,-0.9983396,0.3122481,0.9498658,0.01600047,0.9482549,-0.3126507,0.05533597,moving,65.99034,-18.57096,-14.68925,10.27478,7.692540357086728,0.8104156377111309
05/11/2023 10:29:40.239661,250,True,True,True,True,Eyes,0.8368624,0.1127755,-1.84168,0.9083838,-0.1372202,0.3949803,0.0,0.0,0.0,0.0,0.0,0.0,0.0,-1.857957,-0.3961587,-0.8414302,1.013569,0.1084676,-1.810487,0.1148358,0.680609,-0.1103998,0.7151197,18.33189,87.15179,359.9045,0.3803672,0.05575867,-0.9231525,0.0,0.0,0.0,2.138633,-0.1268333,-0.7012846,-0.4984022,0.3446508,1.915,0.04916646,-0.001581588,-0.9987895,0.3142147,0.9492493,0.01396446,0.9480781,-0.3145209,0.04716821,moving,66.4998,-19.15775,-14.58829,10.20255,7.77533916916014,0.6426893618016978
05/11/2023 10:29:40.259444,251,True,True,True,True,Eyes,0.844484,0.1126408,-1.839067,0.9116822,-0.138948,0.3866897,0.0,0.0,0.0,0.0,0.0,0.0,0.0,-1.85011,-0.4037394,-0.8647441,1.023293,0.1076346,-1.809691,0.1152704,0.6834199,-0.1113025,0.7122232,18.44107,87.6257,359.9403,0.3836581,0.05575228,-0.9217901,0.0,0.0,0.0,2.16026,-0.128126,-0.7164434,-0.494337,0.3418398,1.915001,0.04109819,-0.000988322,-0.9991547,0.3161007,0.948649,0.01206379,0.9478351,-0.3163292,0.03930019,moving,67.01579,-19.76472,-14.47431,10.12106,7.859617308595122,0.4691369487897994
05/11/2023 10:29:40.279364,252,True,True,True,True,Eyes,0.8522013,0.1124407,-1.836536,0.9148962,-0.1406718,0.3783865,0.0,0.0,0.0,0.0,0.0,0.0,0.0,-1.842135,-0.4111159,-0.8883167,1.033181,0.1068006,-1.809064,0.1158374,0.6862458,-0.1121615,0.709273,18.55781,88.10812,359.9927,0.3869808,0.05573781,-0.9204009,0.0,0.0,0.0,2.180789,-0.1279668,-0.7300892,-0.4906912,0.3393185,1.915001,0.03297287,-0.0001203537,-0.9994564,0.3180921,0.9480031,0.01038001,0.9474864,-0.3182614,0.03129666,moving,67.53079,-20.3935,-14.372,10.04794,7.944492476941051,0.2892453742785399
05/11/2023 10:29:40.289340,253,True,True,True,True,Eyes,0.8600316,0.112237,-1.834091,0.9180607,-0.1422819,0.3700275,0.0,0.0,0.0,0.0,0.0,0.0,0.0,-1.83375,-0.4167968,-0.9128262,1.042918,0.10506,-1.808562,0.1162866,0.6892052,-0.1127417,0.7062315,18.64205,88.61228,0.06332296,0.3903334,0.05571245,-0.9189857,0.0,0.0,0.0,2.200169,-0.1298295,-0.7428442,-0.4865676,0.336467,1.915,0.02457112,0.001047208,-0.9996975,0.3195341,0.9475335,0.008846242,0.9472561,-0.3196548,0.02294729,moving,68.04794,-21.0326,-14.25617,9.965199,8.02997610364934,0.10636805710933661
05/11/2023 10:29:40.309327,254,True,True,True,True,Eyes,0.8679769,0.1119876,-1.83174,0.921131,-0.143869,0.3616895,0.0,0.0,0.0,0.0,0.0,0.0,0.0,-1.826442,-0.4225508,-0.9355804,1.053211,0.1047929,-1.80818,0.1159333,0.6917801,-0.1127875,0.7037605,18.61617,89.03264,0.09975339,0.3937151,0.0556767,-0.9175442,0.0,0.0,0.0,2.218671,-0.1324041,-0.7549703,-0.4829233,0.3339471,1.915,0.0174385,0.001649926,-0.9998466,0.3191514,0.947677,0.007130223,0.9475433,-0.3192268,0.01599945,moving,68.56215,-21.69114,-14.1537,9.892044,8.11573574451609,-0.0821704202568565
05/11/2023 10:29:40.329444,255,True,True,True,True,Eyes,0.876032,0.1116567,-1.829478,0.9241854,-0.1452974,0.3532281,0.0,0.0,0.0,0.0,0.0,0.0,0.0,-1.818786,-0.4288494,-0.9589074,1.063665,0.103464,-1.808123,0.1160578,0.6944143,-0.1133309,0.7010532,18.67034,89.47753,0.1380394,0.3971245,0.0556289,-0.9160766,0.0,0.0,0.0,2.236039,-0.1370424,-0.7659112,-0.478857,0.331135,1.915,0.009889996,0.002282427,-0.9999486,0.3200864,0.9473734,0.005328264,0.9473368,-0.3201226,0.008638922,moving,69.0829,-22.3594,-14.03925,9.810373,8.202630518966647,-0.27349724558677035
05/11/2023 10:29:40.340044,256,True,True,True,True,Eyes,0.8841734,0.1113157,-1.827302,0.9271377,-0.1465756,0.3448642,0.0,0.0,0.0,0.0,0.0,0.0,0.0,-1.809211,-0.43323,-0.9857306,1.074049,0.1011852,-1.807976,0.1152501,0.6976567,-0.1132477,0.6979739,18.59637,90.0009,0.1645613,0.4005607,0.05556585,-0.9145831,0.0,0.0,0.0,2.252335,-0.1428177,-0.7759509,-0.4751242,0.3285537,1.915,0.0009003489,0.002722157,-0.9999959,0.3188979,0.9477847,0.00286717,0.9477887,-0.3188992,-1.480406e-05,moving,69.59649,-23.02666,-13.93409,9.735367,8.288600954612612,-0.46457140691791743
05/11/2023 10:29:40.359058,257,True,True,True,True,Eyes,0.892443,0.1109458,-1.825227,0.9300508,-0.1476415,0.336463,0.0,0.0,0.0,0.0,0.0,0.0,0.0,-1.802912,-0.4369658,-1.006245,1.08408,0.1006104,-1.807929,0.11413,0.6997889,-0.1127926,0.6960946,18.46665,90.32984,0.1634085,0.4040217,0.0554882,-0.9130642,0.0,0.0,0.0,2.268279,-0.148907,-0.785779,-0.4710404,0.32573,1.915001,-0.004853561,0.002705198,-0.9999846,0.3167625,0.9485044,0.00102851,0.9484925,-0.3167526,-0.005460532,moving,70.11147,-23.69209,-13.81894,9.653275,8.374683989447835,-0.6551067809112405
05/11/2023 10:29:40.379137,258,True,True,True,True,Eyes,0.9008279,0.1105258,-1.823243,0.9328853,-0.1484881,0.3281407,0.0,0.0,0.0,0.0,0.0,0.0,0.0,-1.796232,-0.4401967,-1.029084,1.095227,0.09954287,-1.80826,0.1129108,0.7021236,-0.1121937,0.6940362,18.31711,90.69123,0.1703005,0.4075068,0.05539553,-0.9115198,0.0,0.0,0.0,2.284713,-0.1552665,-0.7966647,-0.4670885,0.3229973,1.915,-0.01112992,0.002821692,-0.9999342,0.3142876,0.9493275,-0.0008192979,0.9492627,-0.314276,-0.01145279,moving,70.62077,-24.34739,-13.70739,9.573798,8.459725407839404,-0.8427302026800305
05/11/2023 10:29:40.389541,259,True,True,True,True,Eyes,0.9093307,0.1100818,-1.82136,0.9356764,-0.149131,0.3197963,0.0,0.0,0.0,0.0,0.0,0.0,0.0,-1.789424,-0.4405544,-1.05248,1.106193,0.0979485,-1.808476,0.1110886,0.7045013,-0.1108949,0.6921268,18.0608,91.04419,0.1818459,0.411015,0.0552865,-0.90995,0.0,0.0,0.0,2.303155,-0.1605405,-0.80957,-0.4635506,0.3205509,1.915,-0.01723975,0.003017437,-0.9998469,0.3100308,0.9507233,-0.002476474,0.9505702,-0.310026,-0.01732575,moving,71.13055,-25.00111,-13.60744,9.502614,8.54477440006367,-1.0298922386617342
05/11/2023 10:29:40.409501,260,True,True,True,True,Eyes,0.917971,0.1096077,-1.819583,0.9383733,-0.1495749,0.3115814,0.0,0.0,0.0,0.0,0.0,0.0,0.0,-1.784621,-0.4395622,-1.073505,1.117383,0.09694885,-1.80902,0.10935,0.7063533,-0.1092682,0.6907738,17.7844,91.31091,0.2118128,0.4145451,0.05516113,-0.9083548,0.0,0.0,0.0,2.320724,-0.1663168,-0.8227952,-0.4595568,0.317789,1.915,-0.02174877,0.003520146,-0.9997575,0.3054387,0.9522061,-0.003291759,0.9519635,-0.3054362,-0.02178445,moving,71.63155,-25.64337,-13.49451,9.422212,8.628351948818874,-1.2137724155608183
05/11/2023 10:29:40.429324,261,True,True,True,True,Eyes,0.9267397,0.1090798,-1.817911,0.9408838,-0.1505449,0.3034367,0.0,0.0,0.0,0.0,0.0,0.0,0.0,-1.779672,-0.4394485,-1.095114,1.129185,0.09578141,-1.809803,0.1076881,0.7082189,-0.1079002,0.689338,17.53576,91.58301,0.2267778,0.418097,0.05501914,-0.9067341,0.0,0.0,0.0,2.339737,-0.1704911,-0.837684,-0.4557052,0.3151254,1.915001,-0.02643285,0.003774058,-0.9996436,0.301293,0.9535217,-0.004366916,0.9531654,-0.301301,-0.02634147,moving,72.1254,-26.38752,-13.38549,9.344634,8.714404317639058,-1.4272806309649901
05/11/2023 10:29:40.449157,262,True,True,True,True,Eyes,0.9356277,0.1084873,-1.816344,0.9433117,-0.1514029,0.2953646,0.0,0.0,0.0,0.0,0.0,0.0,0.0,-1.773462,-0.4396532,-1.118231,1.14086,0.09400807,-1.810664,0.1062724,0.7103911,-0.1067882,0.6874933,17.32827,91.9149,0.2495368,0.4216698,0.05485913,-0.9050879,0.0,0.0,0.0,2.359901,-0.1732962,-0.8538888,-0.451892,0.3124885,1.915001,-0.03211846,0.004157543,-0.9994755,0.2978223,0.9546049,-0.005599665,0.9540809,-0.2978459,-0.03189857,moving,72.6139,-27.13952,-13.27747,9.267802,8.800049934700127,-1.6430968082336612
05/11/2023 10:29:40.459655,263,True,True,True,True,Eyes,0.9446279,0.1078173,-1.814883,0.9455777,-0.1527497,0.2873158,0.0,0.0,0.0,0.0,0.0,0.0,0.0,-1.767063,-0.4395016,-1.141436,1.152424,0.09192456,-1.811634,0.1057875,0.7125799,-0.105889,0.6854391,17.21334,92.27525,0.3360986,0.4252623,0.05467936,-0.9034165,0.0,0.0,0.0,2.379418,-0.172201,-0.8686786,-0.44806,0.3098387,1.915,-0.03796501,0.005603271,-0.9992634,0.2959249,0.955193,-0.005886908,0.9544564,-0.2959304,-0.03792209,moving,73.09848,-27.99707,-13.16882,9.190565,8.888693329539088,-1.889586911400924
05/11/2023 10:29:40.479395,264,True,True,True,True,Eyes,0.9537345,0.1071414,-1.813532,0.9477299,-0.1540765,0.2794073,0.0,0.0,0.0,0.0,0.0,0.0,0.0,-1.761225,-0.4384262,-1.163866,1.163948,0.08951556,-1.812712,0.1062334,0.7145862,-0.1050795,0.683403,17.18016,92.62994,0.4919268,0.4288729,0.05447765,-0.9017202,0.0,0.0,0.0,2.400013,-0.1748769,-0.8865747,-0.4442869,0.3072295,1.915,-0.04335006,0.00820254,-0.9990264,0.2954491,0.9553455,-0.004976293,0.9543744,-0.2953772,-0.04383768,moving,73.57357,-28.87412,-13.06174,9.11447,8.976799341917069,-2.1417901340318046
05/11/2023 10:29:40.489623,265,True,True,True,True,Eyes,0.9537345,0.1071414,-1.813532,0.9477299,-0.1540765,0.2794073,0.0,0.0,0.0,0.0,0.0,0.0,0.0,-1.75756,-0.4392078,-1.182529,1.175482,0.08878559,-1.814016,0.107228,0.7159575,-0.1045545,0.6818913,17.21444,92.89153,0.6569276,0.4325,0.05425554,-0.8999996,0.0,0.0,0.0,2.422508,-0.1747829,-0.9066848,-0.4405394,0.3046376,1.915,-0.04705334,0.0109517,-0.9988324,0.2961309,0.9551411,-0.003477574,0.9539877,-0.2959488,-0.04818564,moving,73.57357,-28.87412,-12.9553,9.038855,8.976799341917069,-2.1417901340318046
05/11/2023 10:29:40.509459,266,True,True,True,True,Eyes,0.9537345,0.1071414,-1.813532,0.9477299,-0.1540765,0.2794073,0.0,0.0,0.0,0.0,0.0,0.0,0.0,-1.755633,-0.4447299,-1.198484,1.188193,0.09114952,-1.815567,0.1085588,0.7168005,-0.1045262,0.6807984,17.31724,93.07285,0.7986972,0.4357584,0.0540549,-0.8984387,0.0,0.0,0.0,2.440145,-0.1767557,-0.9220996,-0.4364638,0.3018197,1.915,-0.04945727,0.01330759,-0.9986877,0.2979526,0.9545785,-0.002035447,0.9532987,-0.2976622,-0.05117588,moving,73.57357,-28.87412,-12.83944,8.956607,8.976799341917069,-2.1417901340318046
05/11/2023 10:29:40.529229,267,True,True,True,True,Eyes,0.9639645,0.1066001,-1.812448,0.9498558,-0.1560265,0.2709793,0.0,0.0,0.0,0.0,0.0,0.0,0.0,-1.75054,-0.4554236,-1.217017,1.200172,0.09179918,-1.817716,0.1102252,0.7183844,-0.1060675,0.6786192,17.57755,93.39484,0.8660573,0.438686,0.05387372,-0.8970237,0.0,0.0,0.0,2.459851,-0.1815806,-0.9399142,-0.4326691,0.2991956,1.915,-0.05465282,0.01440923,-0.9984014,0.302327,0.9532002,-0.002792597,0.9516361,-0.3019964,-0.05645135,moving,74.07736,-29.93281,-12.73147,8.879986,9.074476690882314,-2.446592940735564
05/11/2023 10:29:40.539335,268,True,True,True,True,Eyes,0.9742375,0.1062216,-1.811486,0.9518504,-0.1578682,0.2627898,0.0,0.0,0.0,0.0,0.0,0.0,0.0,-1.741969,-0.4662304,-1.239407,1.21221,0.09150545,-1.819376,0.1090431,0.7207028,-0.1071773,0.6761734,17.57476,93.76537,0.7353317,0.4417348,0.05367491,-0.8955382,0.0,0.0,0.0,2.478578,-0.1855867,-0.9585072,-0.4287699,0.2964994,1.915,-0.06179867,0.01223459,-0.9980137,0.3021161,0.9532453,-0.007021717,0.9512659,-0.3019499,-0.06260549,moving,74.56607,-30.99489,-12.62042,8.801218,9.170388756752391,-2.7524597610244195
05/11/2023 10:29:40.559660,269,True,True,True,True,Eyes,0.9846207,0.1058859,-1.810642,0.9537491,-0.1595633,0.2547591,0.0,0.0,0.0,0.0,0.0,0.0,0.0,-1.739328,-0.4807645,-1.251625,1.223425,0.09490344,-1.821314,0.1074506,0.7214242,-0.1086268,0.6754271,17.57069,93.8491,0.4985898,0.4448892,0.05346778,-0.8939878,0.0,0.0,0.0,2.496645,-0.1911736,-0.9756768,-0.4248571,0.2937936,1.915,-0.06450541,0.008295949,-0.997883,0.301774,0.9533092,-0.01158195,0.9511949,-0.3018822,-0.06399711,moving,75.04469,-32.06016,-12.50889,8.722142,9.265150115762928,-3.0593062025768267
05/11/2023 10:29:40.579314,270,True,True,True,True,Eyes,0.9950505,0.1056283,-1.809893,0.9555887,-0.1610869,0.2467816,0.0,0.0,0.0,0.0,0.0,0.0,0.0,-1.72975,-0.4986648,-1.273263,1.236246,0.09536834,-1.823322,0.1048374,0.723676,-0.1109589,0.6730456,17.56078,94.17412,0.1427797,0.4481372,0.05325486,-0.8923768,0.0,0.0,0.0,2.513207,-0.1950301,-0.991529,-0.4206375,0.2908757,1.915,-0.07203764,0.002375857,-0.997399,0.3010974,0.9533945,-0.01947589,0.9508685,-0.3017172,-0.0693957,moving,75.51969,-33.13453,-12.38851,8.636827,9.359761363328712,-3.368814502910177
05/11/2023 10:29:40.589333,271,True,True,True,True,Eyes,0.9950505,0.1056283,-1.809893,0.9555887,-0.1610869,0.2467816,0.0,0.0,0.0,0.0,0.0,0.0,0.0,-1.719947,-0.5114197,-1.294659,1.247557,0.09686128,-1.824864,0.1022387,0.7260424,-0.111967,0.6707259,17.44162,94.51981,359.8956,0.4514666,0.05304019,-0.8907098,0.0,0.0,0.0,2.529891,-0.1946634,-1.005634,-0.4172683,0.2885459,1.915,-0.07934844,-0.001739058,-0.9968455,0.2986576,0.9540213,-0.02543729,0.9510561,-0.2997338,-0.07518068,moving,75.51969,-33.13453,-12.29231,8.568679,9.359761363328712,-3.368814502910177
05/11/2023 10:29:40.609677,272,True,True,True,True,Eyes,0.9950505,0.1056283,-1.809893,0.9555887,-0.1610869,0.2467816,0.0,0.0,0.0,0.0,0.0,0.0,0.0,-1.711064,-0.5227976,-1.315423,1.259165,0.09822195,-1.826541,0.1016304,0.7281944,-0.1130186,0.6683046,17.48398,94.88316,359.8169,0.4544578,0.05284635,-0.8891989,0.0,0.0,0.0,2.546283,-0.1896852,-1.018346,-0.4134243,0.2858876,1.915,-0.08608036,-0.003048338,-0.9962835,0.299075,0.9537962,-0.02875887,0.950339,-0.3004391,-0.08119143,moving,75.51969,-33.13453,-12.18246,8.490895,9.359761363328712,-3.368814502910177
05/11/2023 10:29:40.629492,273,True,True,True,True,Eyes,0.9950505,0.1056283,-1.809893,0.9555887,-0.1610869,0.2467816,0.0,0.0,0.0,0.0,0.0,0.0,0.0,-1.700441,-0.5342656,-1.338151,1.270775,0.1006007,-1.828277,0.1010437,0.730763,-0.1137943,0.6654521,17.50522,95.32146,359.7734,0.4571455,0.05267138,-0.8878304,0.0,0.0,0.0,2.561521,-0.1800562,-1.027237,-0.4092644,0.2830111,1.915001,-0.0939273,-0.00377133,-0.995572,0.2991272,0.9536821,-0.03183381,0.9495793,-0.3007927,-0.08844862,moving,75.51969,-33.13453,-12.06349,8.406687,9.359761363328712,-3.368814502910177
05/11/2023 10:29:40.649304,274,True,True,True,True,Eyes,0.9950505,0.1056283,-1.809893,0.9555887,-0.1610869,0.2467816,0.0,0.0,0.0,0.0,0.0,0.0,0.0,-1.687649,-0.5454905,-1.362436,1.281933,0.102167,-1.829798,0.1008903,0.7337098,-0.114717,0.6620659,17.57356,95.84093,359.7685,0.4595609,0.05251351,-0.886592,0.0,0.0,0.0,2.580395,-0.1819163,-1.046445,-0.405498,0.2804063,1.915,-0.1029799,-0.003852071,-0.994676,0.2999488,0.9533223,-0.03474594,0.9483807,-0.30193,-0.09701762,moving,75.51969,-33.13453,-11.95568,8.330405,9.359761363328712,-3.368814502910177
05/11/2023 10:29:40.659765,275,True,True,True,True,Eyes,1.007361,0.1056764,-1.809473,0.957727,-0.1626264,0.2373011,0.0,0.0,0.0,0.0,0.0,0.0,0.0,-1.673329,-0.5501378,-1.389929,1.292679,0.1027042,-1.831124,0.1004665,0.737129,-0.1142666,0.6584,17.50282,96.43609,359.8586,0.4617318,0.05237109,-0.8854718,0.0,0.0,0.0,2.599849,-0.1758315,-1.066298,-0.4016381,0.2777372,1.915,-0.112832,-0.002352766,-0.9936113,0.2985798,0.9536993,-0.0361642,0.9476915,-0.3007528,-0.1069053,moving,76.08379,-34.42349,-11.84511,8.252208,9.472551018666863,-3.740173092887237
05/11/2023 10:29:40.679444,276,True,True,True,True,Eyes,1.019651,0.1057876,-1.809123,0.9598023,-0.1638975,0.2278534,0.0,0.0,0.0,0.0,0.0,0.0,0.0,-1.662007,-0.5482097,-1.415972,1.303648,0.1043226,-1.83232,0.09949279,0.7400333,-0.1121036,0.655656,17.24072,96.92158,0.01518268,0.4641528,0.05223181,-0.8842134,0.0,0.0,0.0,2.610722,-0.172198,-1.072199,-0.3979715,0.2752016,1.915,-0.120433,0.0002530807,-0.9927216,0.2942588,0.9550679,-0.03545476,0.9481075,-0.2963869,-0.1150962,moving,76.64542,-35.72788,-11.73999,8.177896,9.585542767060886,-4.116025802590509
05/11/2023 10:29:40.689666,277,True,True,True,True,Eyes,1.031921,0.105928,-1.808834,0.9617906,-0.1652133,0.2183194,0.0,0.0,0.0,0.0,0.0,0.0,0.0,-1.649923,-0.5467463,-1.442991,1.315186,0.1060255,-1.833697,0.0978677,0.7430269,-0.1099364,0.6528759,16.92756,97.40717,0.113016,0.4667929,0.05209817,-0.8828303,0.0,0.0,0.0,2.626786,-0.1727316,-1.084882,-0.3941728,0.2725751,1.915,-0.12835,0.001887008,-0.9917272,0.2889863,0.9566718,-0.03558046,0.9486904,-0.2911623,-0.1233342,moving,77.21099,-37.11662,-11.63099,8.100884,9.70181062277356,-4.516354208012653
05/11/2023 10:29:40.709432,278,True,True,True,True,Eyes,1.044148,0.1060116,-1.808599,0.9636953,-0.1664108,0.2088029,0.0,0.0,0.0,0.0,0.0,0.0,0.0,-1.636234,-0.5481969,-1.469806,1.326701,0.1069074,-1.834816,0.09634372,0.7460751,-0.1086529,0.6498341,16.69885,97.91039,0.1523361,0.469624,0.05197079,-0.8813351,0.0,0.0,0.0,2.641891,-0.1726513,-1.099903,-0.3901236,0.2697749,1.915,-0.1368669,0.002546614,-0.9905862,0.2849719,0.9578249,-0.03691152,0.9487141,-0.2873413,-0.1318202,moving,77.77475,-38.55399,-11.51472,8.018751,9.819459152668532,-4.930815017122629
05/11/2023 10:29:40.729561,279,True,True,True,True,Eyes,1.05633,0.1061243,-1.808442,0.9654466,-0.1679774,0.1992397,0.0,0.0,0.0,0.0,0.0,0.0,0.0,-1.622385,-0.548953,-1.495813,1.337645,0.1056892,-1.835885,0.09587631,0.7490284,-0.107848,0.6466321,16.59208,98.42847,0.2482383,0.4726204,0.05184615,-0.8797393,0.0,0.0,0.0,2.655472,-0.1741223,-1.111701,-0.3863513,0.267166,1.914999,-0.1453495,0.004152171,-0.9893717,0.2831042,0.9583531,-0.03756911,0.9480113,-0.2855559,-0.1404718,moving,78.33954,-40.13397,-11.40632,7.942204,9.941945558444804,-5.386686417628662
05/11/2023 10:29:40.749616,280,True,True,True,True,Eyes,1.068499,0.106314,-1.80838,0.9671113,-0.1696107,0.1895467,0.0,0.0,0.0,0.0,0.0,0.0,0.0,-1.610221,-0.5557267,-1.518111,1.348475,0.1065297,-1.837544,0.09547285,0.7515125,-0.1080465,0.64377,16.57808,98.86932,0.2620733,0.4757586,0.05172515,-0.8780532,0.0,0.0,0.0,2.66975,-0.1742657,-1.124943,-0.3824703,0.2644824,1.915,-0.1528904,0.004383885,-0.9882334,0.2826123,0.9584217,-0.0394715,0.9469714,-0.2853217,-0.1477723,moving,78.91101,-41.82291,-11.29469,7.863429,10.06886189950285,-5.874166170002064
05/11/2023 10:29:40.759471,281,True,True,True,True,Eyes,1.080654,0.1065,-1.808368,0.9686891,-0.1715862,0.1794426,0.0,0.0,0.0,0.0,0.0,0.0,0.0,-1.587487,-0.5792844,-1.546003,1.359894,0.108416,-1.839767,0.09430063,0.7555762,-0.111419,0.6385906,16.78673,99.59475,0.01198992,0.4790176,0.05161081,-0.8762864,0.0,0.0,0.0,2.683964,-0.1770069,-1.139909,-0.3786225,0.2618219,1.915001,-0.166619,0.0002003426,-0.9860214,0.2848048,0.9573864,-0.04793212,0.9439939,-0.28881,-0.159576,moving,79.50533,-43.71789,-11.18394,7.785297,10.205427141994534,-6.421362465678931
05/11/2023 10:29:40.779364,282,True,True,True,True,Eyes,1.09276,0.1066907,-1.808386,0.9701592,-0.1737173,0.1691545,0.0,0.0,0.0,0.0,0.0,0.0,0.0,-1.55502,-0.6035298,-1.58055,1.371101,0.108412,-1.84087,0.0936555,0.761094,-0.1151733,0.6314268,17.07292,100.6138,359.827,0.48238,0.05150207,-0.8744464,0.0,0.0,0.0,2.697394,-0.175987,-1.151322,-0.374728,0.2591284,1.915,-0.185058,-0.002885721,-0.9827235,0.2880083,0.9559275,-0.05704224,0.9395771,-0.2935886,-0.176071,moving,80.10948,-45.76242,-11.07176,7.706179,10.348154921780974,-7.011938432524244
05/11/2023 10:29:40.789327,283,True,True,True,True,Eyes,1.104811,0.1068819,-1.808438,0.97148,-0.1761923,0.1586912,0.0,0.0,0.0,0.0,0.0,0.0,0.0,-1.528693,-0.6196093,-1.609653,1.381514,0.1087549,-1.841574,0.09526735,0.7655156,-0.1173752,0.6254064,17.38955,101.4953,359.9425,0.4858291,0.05139849,-0.872541,0.0,0.0,0.0,2.709385,-0.1775955,-1.16116,-0.3707531,0.2563801,1.915,-0.1995821,-0.000957093,-0.9798806,0.2926717,0.9542944,-0.06054348,0.9351526,-0.2988667,-0.19018,moving,80.72268,-47.99158,-10.95718,7.625411,10.49810664777528,-7.656085926187315
05/11/2023 10:29:40.809510,284,True,True,True,True,Eyes,1.116818,0.1070786,-1.80853,0.9726725,-0.1787477,0.1481812,0.0,0.0,0.0,0.0,0.0,0.0,0.0,-1.507866,-0.6300604,-1.634952,1.391857,0.1091341,-1.842424,0.09834734,0.7690367,-0.1184861,0.6203802,17.71399,102.2538,0.2557841,0.4893496,0.05129945,-0.8705773,0.0,0.0,0.0,2.724964,-0.1836955,-1.179333,-0.3670009,0.2537854,1.915,-0.2109127,0.004252606,-0.9774959,0.2982782,0.9525777,-0.06021477,0.9308847,-0.3042657,-0.2021792,moving,81.33791,-50.34139,-10.84893,7.549134,10.652295511883164,-8.335261234837144
05/11/2023 10:29:40.829436,285,True,True,True,True,Eyes,1.128789,0.1072801,-1.808646,0.9737418,-0.1813652,0.1375994,0.0,0.0,0.0,0.0,0.0,0.0,0.0,-1.487232,-0.6412448,-1.659529,1.402449,0.1095452,-1.843427,0.1001687,0.7723821,-0.1196612,0.6156893,17.95042,102.9514,0.4450184,0.4929281,0.05120463,-0.8685617,0.0,0.0,0.0,2.737977,-0.1916956,-1.19607,-0.3631753,0.2511401,1.915,-0.2217858,0.007388905,-0.9750675,0.3020853,0.9512949,-0.06150261,0.9271222,-0.3081939,-0.2132158,moving,81.95679,-52.81287,-10.73848,7.47134,10.810956865359376,-9.049752040005693
05/11/2023 10:29:40.849436,286,True,True,True,True,Eyes,1.140727,0.1074877,-1.808797,0.9746991,-0.1839453,0.1269875,0.0,0.0,0.0,0.0,0.0,0.0,0.0,-1.464641,-0.6531742,-1.684602,1.413149,0.1098946,-1.844079,0.10022,0.7758464,-0.1209126,0.6110634,18.0653,103.6256,0.4664699,0.4965533,0.05111374,-0.8664997,0.0,0.0,0.0,2.749516,-0.2028367,-1.209871,-0.3591692,0.2483694,1.914999,-0.2331149,0.00774001,-0.9724182,0.3032811,0.9506722,-0.06513775,0.9239469,-0.3101007,-0.2239632,moving,82.5771,-55.38057,-10.62274,7.389833,10.972973871778695,-9.792178995643006
05/11/2023 10:29:40.859315,287,True,True,True,True,Eyes,1.152631,0.1076904,-1.808951,0.975551,-0.1864157,0.1164018,0.0,0.0,0.0,0.0,0.0,0.0,0.0,-1.442372,-0.6642777,-1.70945,1.423958,0.1102553,-1.845022,0.1001737,0.7792273,-0.1219742,0.6065416,18.15629,104.285,0.491511,0.500215,0.05102651,-0.8643961,0.0,0.0,0.0,2.761239,-0.2151955,-1.225524,-0.3552667,0.2456709,1.915,-0.2441455,0.008151266,-0.9697046,0.3040809,0.950175,-0.06857224,0.9208301,-0.3116102,-0.2344596,moving,83.19569,-58.01851,-10.5099,7.310411,11.137096420369225,-10.555013739332853
05/11/2023 10:29:40.869064,288,True,True,True,True,Eyes,1.164506,0.1078782,-1.809107,0.9762961,-0.1887749,0.1058767,0.0,0.0,0.0,0.0,0.0,0.0,0.0,-1.421546,-0.6722071,-1.732812,1.434708,0.1103401,-1.845191,0.09969359,0.7822335,-0.1224703,0.6026386,18.16527,104.8587,0.5039251,0.5039044,0.05094232,-0.8622555,0.0,0.0,0.0,2.77306,-0.2295539,-1.243376,-0.35142,0.2430107,1.915,-0.2537762,0.00835671,-0.9672269,0.3035779,0.9501244,-0.07144227,0.918389,-0.311759,-0.2436558,moving,83.81062,-60.7136,-10.3986,7.232096,11.30265071617207,-11.33446497284562
05/11/2023 10:29:40.889143,289,True,True,True,True,Eyes,1.176348,0.1080331,-1.809259,0.9769617,-0.1908731,0.09546387,0.0,0.0,0.0,0.0,0.0,0.0,0.0,-1.402899,-0.6768517,-1.755296,1.445593,0.1102113,-1.845382,0.09954029,0.784918,-0.1223427,0.5991894,18.1403,105.3782,0.5817745,0.5076145,0.05086011,-0.8600814,0.0,0.0,0.0,2.783429,-0.2420937,-1.258309,-0.3476886,0.2404306,1.915,-0.2621275,0.009649036,-0.9649848,0.3028748,0.950248,-0.07277094,0.9162728,-0.3113449,-0.2520086,moving,84.41905,-63.42839,-10.29056,7.156112,11.468046445226676,-12.119671644181555
05/11/2023 10:29:40.909537,290,True,True,True,True,Eyes,1.188161,0.1081583,-1.809415,0.9775227,-0.1928591,0.08517478,0.0,0.0,0.0,0.0,0.0,0.0,0.0,-1.387551,-0.6768811,-1.776323,1.456448,0.1096723,-1.845404,0.09987412,0.7871351,-0.1213755,0.5964157,18.07193,105.8166,0.750271,0.5113384,0.05077813,-0.8578776,0.0,0.0,0.0,2.794736,-0.2530344,-1.274711,-0.3437781,0.2377265,1.915,-0.2686272,0.01244836,-0.963164,0.3020093,0.9505863,-0.0719448,0.9146749,-0.3102108,-0.2591128,moving,85.02021,-66.17171,-10.17725,7.076447,11.63347936225108,-12.913202173772401
05/11/2023 10:29:40.929141,291,True,True,True,True,Eyes,1.19996,0.1082701,-1.80958,0.9780095,-0.1946375,0.07492419,0.0,0.0,0.0,0.0,0.0,0.0,0.0,-1.372699,-0.6774505,-1.796738,1.46735,0.1091798,-1.845663,0.1002904,0.7892419,-0.1205277,0.5937276,18.01954,106.2386,0.9149786,0.5150701,0.05069496,-0.8556472,0.0,0.0,0.0,2.807301,-0.260684,-1.293845,-0.3398298,0.2349964,1.915,-0.2748589,0.0151855,-0.9613647,0.301428,0.9508299,-0.07116068,0.9130137,-0.3093413,-0.2659214,moving,85.61919,-68.94617,-10.06277,6.99599,11.79966929148052,-13.71578770699897
05/11/2023 10:29:40.939397,292,True,True,True,True,Eyes,1.21175,0.1083471,-1.809736,0.9783953,-0.1963672,0.06467386,0.0,0.0,0.0,0.0,0.0,0.0,0.0,-1.354301,-0.6820018,-1.81828,1.478532,0.1089921,-1.845931,0.1000477,0.7917174,-0.1204168,0.5904862,17.98848,106.7212,0.976549,0.5188047,0.05061004,-0.853393,0.0,0.0,0.0,2.820021,-0.2650698,-1.312238,-0.3360536,0.2323848,1.915,-0.2826331,0.01621008,-0.9590912,0.300628,0.9509805,-0.07251859,0.9109015,-0.3088258,-0.2736518,moving,86.21814,-71.77061,-9.953201,6.919002,11.967506061939506,-14.532888318665627
05/11/2023 10:29:40.959791,293,True,True,True,True,Eyes,1.223508,0.1083663,-1.80987,0.9786764,-0.1980827,0.05436649,0.0,0.0,0.0,0.0,0.0,0.0,0.0,-1.332,-0.6866152,-1.84191,1.489786,0.1083109,-1.845834,0.1004756,0.7946918,-0.1203229,0.5864232,18.00389,107.3282,1.119074,0.5225384,0.05052194,-0.8511171,0.0,0.0,0.0,2.83299,-0.2686735,-1.33108,-0.332095,0.2296474,1.915,-0.2920252,0.01857399,-0.9562304,0.3008145,0.9508541,-0.07339677,0.9078724,-0.3090816,-0.2832607,moving,86.82043,-74.65232,-9.838259,6.83827,12.137649939023817,-15.366603362919538
05/11/2023 10:29:40.979689,294,True,True,True,True,Eyes,1.235229,0.1083555,-1.810013,0.9788445,-0.1997834,0.0441595,0.0,0.0,0.0,0.0,0.0,0.0,0.0,-1.315015,-0.6860606,-1.862431,1.500541,0.1071957,-1.845394,0.1026964,0.796941,-0.1192797,0.5831903,18.05326,107.8429,1.480239,0.5262674,0.05042838,-0.848822,0.0,0.0,0.0,2.845966,-0.270292,-1.349013,-0.3282805,0.2270098,1.915,-0.2986851,0.02456042,-0.9540357,0.3028115,0.9504516,-0.07033467,0.9050373,-0.3099009,-0.2913229,moving,87.41692,-77.53593,-9.727427,6.760461,12.307134548888712,-16.2009007749313
05/11/2023 10:29:40.989575,295,True,True,True,True,Eyes,1.246943,0.1083276,-1.810172,0.978923,-0.2014208,0.03375739,0.0,0.0,0.0,0.0,0.0,0.0,0.0,-1.298898,-0.6881056,-1.881728,1.51113,0.1066086,-1.845711,0.1043874,0.7990422,-0.1187106,0.5801229,18.10894,108.3185,1.753655,0.5299873,0.05032857,-0.8465104,0.0,0.0,0.0,2.858239,-0.2732109,-1.364875,-0.3244597,0.2243679,1.915,-0.3051212,0.02908646,-0.9518692,0.3045534,0.9500222,-0.06859443,0.9023016,-0.3108246,-0.2987303,moving,88.02499,-80.48586,-9.61634,6.682503,12.480250897247736,-17.054397426606627
05/11/2023 10:29:41.009737,296,True,True,True,True,Eyes,1.258659,0.1082982,-1.810331,0.9789184,-0.202935,0.02315656,0.0,0.0,0.0,0.0,0.0,0.0,0.0,-1.270794,-0.698207,-1.906477,1.522284,0.1061728,-1.846197,0.103277,0.8025798,-0.1196964,0.5752151,18.11618,109.0109,1.692652,0.533695,0.05022231,-0.8441839,0.0,0.0,0.0,2.870517,-0.2782192,-1.382049,-0.3204166,0.2215718,1.915,-0.3169231,0.02807378,-0.9480358,0.3034785,0.9500132,-0.07331879,0.8985882,-0.3109448,-0.3096009,moving,88.64491,-83.49023,-9.498706,6.599963,12.65664026136647,-17.923641769284856
05/11/2023 10:29:41.029345,297,True,True,True,True,Eyes,1.270362,0.1082241,-1.810459,0.9788079,-0.2044156,0.01221604,0.0,0.0,0.0,0.0,0.0,0.0,0.0,-1.232729,-0.7106636,-1.935726,1.53355,0.1059885,-1.846264,0.1003125,0.8072905,-0.121093,0.5688197,18.03717,109.8942,1.458529,0.537389,0.05011019,-0.8418441,0.0,0.0,0.0,2.882002,-0.286938,-1.403062,-0.3144418,0.21744,1.915001,-0.332763,0.02420251,-0.9426998,0.2997228,0.9505478,-0.08139496,0.8941112,-0.3096339,-0.3235612,moving,89.28496,-86.58002,-9.324718,6.477943,12.83835648475451,-18.817587190691093
05/11/2023 10:29:41.039567,298,True,True,True,True,Eyes,1.282049,0.108064,-1.810565,0.9785943,-0.2057952,0.001242018,0.0,0.0,0.0,0.0,0.0,0.0,0.0,-1.197876,-0.717207,-1.962871,1.544434,0.1048476,-1.845505,0.09870309,0.811482,-0.1214986,0.5630211,17.95872,110.7153,1.408265,0.5410672,0.04999086,-0.839492,0.0,0.0,0.0,2.893781,-0.2931312,-1.420055,-0.3120373,0.2157771,1.915001,-0.3465299,0.023379,-0.9377475,0.2970041,0.9509915,-0.08604401,0.8897785,-0.3083317,-0.3364907,moving,89.92728,-89.65421,-9.254648,6.428817,13.019840103842007,-19.70699017637928
05/11/2023 10:29:41.059524,299,True,True,True,True,Eyes,1.293716,0.1078133,-1.810669,0.9779626,-0.2084973,-0.01086868,0.0,0.0,0.0,0.0,0.0,0.0,0.0,-1.169348,-0.7182903,-1.987632,1.555408,0.1026917,-1.845035,0.09841257,0.8148873,-0.1209733,0.5582467,17.8807,111.4129,1.524804,0.5447281,0.04986125,-0.8371289,0.0,0.0,0.0,2.905418,-0.2999937,-1.437969,-0.309111,0.2137537,1.915001,-0.3573513,0.02532442,-0.9336268,0.2954562,0.9513608,-0.08728217,0.8860056,-0.3070362,-0.3474524,moving,-89.36327,87.01595,-9.169344,6.369032,-15.133664604314902,30.65530236564408
05/11/2023 10:29:41.079560,300,True,True,True,True,Eyes,1.30538,0.107535,-1.810755,0.9771924,-0.2111183,-0.02289441,0.0,0.0,0.0,0.0,0.0,0.0,0.0,-1.142105,-0.7222116,-2.009908,1.566318,0.1006267,-1.844518,0.09831183,0.8179382,-0.1210849,0.5537604,17.87626,112.0555,1.608929,0.5483696,0.0497184,-0.8347564,0.0,0.0,0.0,2.916839,-0.3074676,-1.457713,-0.3051303,0.2110014,1.915,-0.3673687,0.02672189,-0.9296916,0.29493,0.9513465,-0.08919759,0.8820753,-0.3069623,-0.357376,moving,-88.65788,83.81084,-9.053229,6.287685,-14.940006106173257,29.72821083622538
05/11/2023 10:29:41.089512,301,True,True,True,True,Eyes,1.317037,0.1072349,-1.810819,0.9762877,-0.2136383,-0.03494204,0.0,0.0,0.0,0.0,0.0,0.0,0.0,-1.114536,-0.7315583,-2.030268,1.577618,0.09970614,-1.844055,0.09749498,0.8207884,-0.1222069,0.5494239,17.92333,112.6491,1.551338,0.551991,0.04956252,-0.8323755,0.0,0.0,0.0,2.929028,-0.3094792,-1.474658,-0.3014431,0.2084515,1.915,-0.3772565,0.0257588,-0.9257506,0.2943322,0.9511204,-0.09347983,0.8780924,-0.3077441,-0.3663979,moving,-87.95022,80.71112,-8.945611,6.212297,-14.749545502444231,28.83173806687047
05/11/2023 10:29:41.109492,302,True,True,True,True,Eyes,1.328714,0.106906,-1.810863,0.9752472,-0.2160776,-0.04694098,0.0,0.0,0.0,0.0,0.0,0.0,0.0,-1.084986,-0.743813,-2.049873,1.588742,0.09879241,-1.843521,0.09590843,0.8237029,-0.1240539,0.5449089,17.99235,113.2454,1.373877,0.5555913,0.04939407,-0.8299868,0.0,0.0,0.0,2.940718,-0.3153648,-1.493019,-0.29748,0.2057109,1.915,-0.3877516,0.02280389,-0.9214817,0.2931964,0.9508244,-0.09984446,0.8738905,-0.3088899,-0.3753697,moving,-87.24435,77.74343,-8.829868,6.131247,-14.563667981756598,27.9735992957046
05/11/2023 10:29:41.129235,303,True,True,True,True,Eyes,1.340389,0.1065512,-1.810862,0.9740717,-0.2184141,-0.0589875,0.0,0.0,0.0,0.0,0.0,0.0,0.0,-1.051996,-0.7565712,-2.070871,1.600483,0.09757531,-1.842969,0.09354123,0.826896,-0.1261204,0.5399878,18.03507,113.8854,1.114259,0.5591708,0.0492131,-0.8275902,0.0,0.0,0.0,2.953527,-0.3179352,-1.513908,-0.2935148,0.2029688,1.915,-0.3993266,0.01849083,-0.9166224,0.2909046,0.9506874,-0.1075546,0.8694326,-0.3095991,-0.3850139,moving,-86.53454,74.88659,-8.713991,6.05013,-14.380960780188428,27.147673753113065
05/11/2023 10:29:41.139581,304,True,True,True,True,Eyes,1.352065,0.1061218,-1.81082,0.9727781,-0.2206164,-0.07093096,0.0,0.0,0.0,0.0,0.0,0.0,0.0,-1.020118,-0.7663398,-2.090794,1.611782,0.09647726,-1.841789,0.09127632,0.8299019,-0.1276299,0.5353899,18.03377,114.4878,0.8940673,0.5627292,0.04901993,-0.8251864,0.0,0.0,0.0,2.965286,-0.3168013,-1.528579,-0.2896057,0.200266,1.915001,-0.4100529,0.01483723,-0.9119412,0.2881643,0.9507584,-0.1141038,0.8653429,-0.3095774,-0.3941367,moving,-85.82961,72.17675,-8.599681,5.97015,-14.20371570109224,26.364413423043736
05/11/2023 10:29:41.159484,305,True,True,True,True,Eyes,1.363725,0.1056534,-1.810732,0.9713734,-0.2226532,-0.08281938,0.0,0.0,0.0,0.0,0.0,0.0,0.0,-0.9910717,-0.7706847,-2.110778,1.623136,0.09420368,-1.840684,0.08965543,0.8326508,-0.1282068,0.5312414,17.98455,115.048,0.7882993,0.5662665,0.04881261,-0.8227752,0.0,0.0,0.0,2.978351,-0.3155082,-1.544611,-0.2857617,0.1976072,1.915001,-0.4194889,0.01308577,-0.9076661,0.2855209,0.9510498,-0.1182458,0.8616884,-0.3087604,-0.4026912,moving,-85.12675,69.59652,-8.487209,5.891448,-14.031008641059309,25.618782811621827
05/11/2023 10:29:41.179785,306,True,True,True,True,Eyes,1.37539,0.1051808,-1.810627,0.9698653,-0.2245769,-0.0944805,0.0,0.0,0.0,0.0,0.0,0.0,0.0,-0.9671361,-0.773241,-2.128246,1.634203,0.09276985,-1.839418,0.0882882,0.8348023,-0.1283286,0.5280551,17.90863,115.4818,0.7151872,0.5697823,0.04859109,-0.8203576,0.0,0.0,0.0,2.991825,-0.3112879,-1.560307,-0.2818736,0.1949191,1.915001,-0.426726,0.01187727,-0.9043031,0.2829355,0.951474,-0.1210159,0.8589835,-0.3075,-0.4093793,moving,-84.43603,67.1833,-8.37338,5.811859,-13.865328290857363,24.92159033047628
05/11/2023 10:29:41.199329,307,True,True,True,True,Eyes,1.387063,0.1048222,-1.810514,0.9682338,-0.2264147,-0.1061116,0.0,0.0,0.0,0.0,0.0,0.0,0.0,-0.9451479,-0.7795734,-2.144135,1.645764,0.09211579,-1.838838,0.08667497,0.8366144,-0.1291526,0.5252462,17.88775,115.8455,0.5631339,0.5732759,0.04835676,-0.8179339,0.0,0.0,0.0,3.005182,-0.3058175,-1.573331,-0.278107,0.1923144,1.915,-0.433208,0.00935327,-0.9012457,0.2807008,0.9516142,-0.1250504,0.8564684,-0.3071532,-0.4148723,moving,-83.74575,64.88938,-8.263044,5.734715,-13.703642563910993,24.259041987804245
05/11/2023 10:29:41.209676,308,True,True,True,True,Eyes,1.398748,0.1044467,-1.810396,0.9664582,-0.2282584,-0.1177138,0.0,0.0,0.0,0.0,0.0,0.0,0.0,-0.919333,-0.7917574,-2.159514,1.657378,0.09432958,-1.83841,0.0839166,0.8386965,-0.1308169,0.5219512,17.88046,116.2488,0.2529188,0.5767474,0.04811599,-0.8155041,0.0,0.0,0.0,3.018875,-0.3014438,-1.58697,-0.2742027,0.1896143,1.915001,-0.44105,0.00420105,-0.8974728,0.2773212,0.9516899,-0.1318307,0.8535619,-0.3070321,-0.4209079,moving,-83.05563,62.71965,-8.148605,5.654724,-13.54607809527057,23.632559387138127
05/11/2023 10:29:41.229521,309,True,True,True,True,Eyes,1.410428,0.1041241,-1.810248,0.9645306,-0.2300037,-0.1295332,0.0,0.0,0.0,0.0,0.0,0.0,0.0,-0.8810148,-0.8089069,-2.177598,1.668931,0.09331728,-1.838045,0.08066966,0.8418713,-0.1341935,0.5164663,18.01546,116.9173,359.8322,0.5801957,0.04786882,-0.8130688,0.0,0.0,0.0,3.03229,-0.2990187,-1.602575,-0.2703634,0.1869593,1.915,-0.4535103,-0.00278592,-0.8912469,0.2744398,0.950969,-0.1426211,0.8479455,-0.3092737,-0.4305097,moving,-82.35114,60.61272,-8.036016,5.576052,-13.388798726979836,23.024390586307884
05/11/2023 10:29:41.239328,310,True,True,True,True,Eyes,1.422083,0.1039736,-1.810097,0.9624919,-0.2317142,-0.1411308,0.0,0.0,0.0,0.0,0.0,0.0,0.0,-0.8459706,-0.8173194,-2.196039,1.680126,0.09412187,-1.837003,0.07772231,0.844895,-0.1354296,0.5116353,17.96154,117.5361,359.5635,0.5836209,0.04761834,-0.8106284,0.0,0.0,0.0,3.044852,-0.3002715,-1.619076,-0.2664602,0.1842601,1.915,-0.4643773,-0.007246769,-0.885608,0.2699155,0.9512361,-0.1493166,0.8435044,-0.3083785,-0.4397765,moving,-81.65813,58.65555,-7.921485,5.496044,-13.237894231767065,22.459653744202612
05/11/2023 10:29:41.259300,311,True,True,True,True,Eyes,1.433763,0.1038519,-1.809967,0.960256,-0.2333868,-0.1530983,0.0,0.0,0.0,0.0,0.0,0.0,0.0,-0.8214518,-0.8315836,-2.208148,1.69094,0.09797995,-1.836668,0.07601604,0.8466876,-0.1372221,0.5084407,18.03921,117.9264,359.3483,0.5870215,0.04737245,-0.8081837,0.0,0.0,0.0,3.056562,-0.3049276,-1.63541,-0.2624103,0.1814596,1.915,-0.4714193,-0.01081493,-0.881843,0.2682623,0.9507833,-0.1550692,0.8401186,-0.3096678,-0.4453165,moving,-80.9413,56.73571,-7.802582,5.413013,-13.0852573119408,21.90588366723407
05/11/2023 10:29:41.279491,312,True,True,True,True,Eyes,1.445424,0.1038684,-1.809829,0.9579045,-0.2349247,-0.1650138,0.0,0.0,0.0,0.0,0.0,0.0,0.0,-0.7813613,-0.8426982,-2.227706,1.702818,0.09841873,-1.836864,0.07350583,0.8501234,-0.1390053,0.5025578,18.07281,118.6791,359.1117,0.5903971,0.04713194,-0.8057352,0.0,0.0,0.0,3.067522,-0.3099089,-1.648498,-0.2587183,0.1789065,1.915,-0.4840648,-0.01473839,-0.8749079,0.2646945,0.9505488,-0.1624615,0.834037,-0.3102253,-0.456226,moving,-80.22585,54.91536,-7.694125,5.337294,-12.936077811650048,21.380999660003344
05/11/2023 10:29:41.289832,313,True,True,True,True,Eyes,1.457078,0.1039806,-1.809702,0.9553546,-0.2364978,-0.1771052,0.0,0.0,0.0,0.0,0.0,0.0,0.0,-0.7456179,-0.8496826,-2.245274,1.713646,0.1016614,-1.836367,0.07090244,0.8532003,-0.1395459,0.4975431,17.97941,119.3325,358.9234,0.5937466,0.04690231,-0.8032836,0.0,0.0,0.0,3.07888,-0.3140183,-1.659382,-0.2548804,0.1762528,1.915,-0.4948476,-0.01787223,-0.8687961,0.2598482,0.9509996,-0.1675672,0.8292195,-0.3086753,-0.4659558,moving,-79.49763,53.17171,-7.581326,5.258574,-12.787841631725392,20.878457779265712
05/11/2023 10:29:41.309606,314,True,True,True,True,Eyes,1.468715,0.1041885,-1.809582,0.9526938,-0.2379353,-0.189107,0.0,0.0,0.0,0.0,0.0,0.0,0.0,-0.7133092,-0.8603063,-2.26034,1.724822,0.1040251,-1.836366,0.06993394,0.8558002,-0.1407195,0.4928626,18.04664,119.942,358.8543,0.5970694,0.04668656,-0.8008295,0.0,0.0,0.0,3.088748,-0.3246952,-1.675707,-0.2509988,0.1735684,1.915,-0.5043916,-0.01901183,-0.8632658,0.2584097,0.9506146,-0.1719199,0.8239015,-0.3097912,-0.4745692,moving,-78.77289,51.52292,-7.467185,5.178925,-12.643171385790478,20.403446276706095
05/11/2023 10:29:41.329723,315,True,True,True,True,Eyes,1.480338,0.1043914,-1.809488,0.9498423,-0.2393795,-0.2012385,0.0,0.0,0.0,0.0,0.0,0.0,0.0,-0.6822749,-0.862518,-2.277429,1.735755,0.1065695,-1.836279,0.06917741,0.8585492,-0.1400542,0.488357,17.94195,120.5649,358.9154,0.6003647,0.0464874,-0.7983738,0.0,0.0,0.0,3.100772,-0.3268813,-1.693876,-0.2470804,0.1708587,1.915,-0.5134436,-0.01800842,-0.8579342,0.2555773,0.9511987,-0.1729202,0.8191799,-0.3080533,-0.4837843,moving,-78.0379,49.94733,-7.351898,5.098502,-12.499642576402586,19.949747163126155
05/11/2023 10:29:41.339883,316,True,True,True,True,Eyes,1.491924,0.1046252,-1.809417,0.9469165,-0.2406303,-0.2131813,0.0,0.0,0.0,0.0,0.0,0.0,0.0,-0.6537799,-0.8639487,-2.293918,1.746763,0.1067172,-1.836661,0.06904167,0.86101,-0.1395743,0.4841636,17.89084,121.146,359.0208,0.6036313,0.04630289,-0.7959177,0.0,0.0,0.0,3.111452,-0.3247761,-1.702949,-0.2433833,0.1683023,1.915,-0.521638,-0.01626242,-0.8530121,0.2540447,0.9515046,-0.1734947,0.8144663,-0.3072045,-0.4922096,moving,-77.31242,48.46135,-7.243067,5.022608,-12.36025696699058,19.52202195849489
05/11/2023 10:29:41.359388,317,True,True,True,True,Eyes,1.503493,0.1048914,-1.809403,0.9438605,-0.2417988,-0.2250792,0.0,0.0,0.0,0.0,0.0,0.0,0.0,-0.6303236,-0.8603575,-2.310182,1.757256,0.1077636,-1.83709,0.06845972,0.8631225,-0.138026,0.4809177,17.70484,121.6118,359.123,0.6068676,0.04613286,-0.7934627,0.0,0.0,0.0,3.124292,-0.3250589,-1.720515,-0.2395489,0.1656507,1.915,-0.5280629,-0.01458003,-0.8490802,0.2509365,0.9525242,-0.1724196,0.8112833,-0.3041136,-0.4993341,moving,-76.58737,47.05097,-7.130138,4.943875,-12.223421555473141,19.116249828301083
05/11/2023 10:29:41.379773,318,True,True,True,True,Eyes,1.515048,0.105115,-1.809448,0.9407107,-0.242848,-0.2368295,0.0,0.0,0.0,0.0,0.0,0.0,0.0,-0.607533,-0.8578913,-2.326516,1.768216,0.1087848,-1.838296,0.06643982,0.8650368,-0.1370744,0.4780249,17.49776,122.0005,359.0325,0.6100721,0.04597714,-0.7910104,0.0,0.0,0.0,3.136151,-0.3213597,-1.738226,-0.2354946,0.1628473,1.915,-0.5341558,-0.01610415,-0.8452327,0.2459957,0.9535927,-0.173629,0.8088038,-0.3006685,-0.5054055,moving,-75.86911,45.71886,-7.010676,4.86061,-12.090016243781378,18.73317264681841
05/11/2023 10:29:41.399422,319,True,True,True,True,Eyes,1.52658,0.1052994,-1.809546,0.9373749,-0.2440385,-0.2485429,0.0,0.0,0.0,0.0,0.0,0.0,0.0,-0.5777856,-0.858974,-2.343012,1.779158,0.1079139,-1.839654,0.06425922,0.8674129,-0.1373,0.4739351,17.40361,122.526,358.8792,0.6132439,0.04583238,-0.7885624,0.0,0.0,0.0,3.146955,-0.3235304,-1.7557,-0.2317936,0.1602879,1.915,-0.5425129,-0.01866403,-0.8398404,0.2416211,0.9540389,-0.1772822,0.8045492,-0.299101,-0.5130687,moving,-75.14986,44.47607,-6.901567,4.784575,-11.959437460226162,18.376040514535077
05/11/2023 10:29:41.409761,320,True,True,True,True,Eyes,1.53809,0.1055074,-1.809709,0.9339207,-0.2453037,-0.2600352,0.0,0.0,0.0,0.0,0.0,0.0,0.0,-0.5494074,-0.8635106,-2.357208,1.789901,0.1071155,-1.840845,0.06267144,0.8695142,-0.138148,0.4700348,17.40709,123.0192,358.7461,0.6163816,0.04569575,-0.7861201,0.0,0.0,0.0,3.157769,-0.3242576,-1.775776,-0.2279065,0.1576001,1.915001,-0.5502794,-0.02088133,-0.8347197,0.2388561,0.9539748,-0.1813278,0.8000879,-0.2991588,-0.5199651,moving,-74.44099,43.3302,-6.786917,4.704707,-11.833351589520717,18.04700063470481
05/11/2023 10:29:41.429263,321,True,True,True,True,Eyes,1.549581,0.105709,-1.809959,0.9302441,-0.2469184,-0.2714354,0.0,0.0,0.0,0.0,0.0,0.0,0.0,-0.5238441,-0.8765551,-2.367656,1.800646,0.1078494,-1.842444,0.06256296,0.8711821,-0.1400922,0.4663708,17.60462,123.4753,358.6978,0.6194845,0.04556733,-0.7836847,0.0,0.0,0.0,3.167597,-0.3275312,-1.79821,-0.22395,0.1548639,1.915001,-0.5571683,-0.02166234,-0.8301169,0.2396773,0.9529201,-0.1857366,0.7950586,-0.3024467,-0.5257449,moving,-73.73331,42.29205,-6.670164,4.623384,-11.710971279653265,17.749237938294122
05/11/2023 10:29:41.439800,322,True,True,True,True,Eyes,1.561036,0.1058659,-1.810281,0.9264134,-0.2487454,-0.2826377,0.0,0.0,0.0,0.0,0.0,0.0,0.0,-0.4980503,-0.8945681,-2.376421,1.811434,0.1079221,-1.844654,0.06368478,0.8727724,-0.1428357,0.4623964,17.95208,123.9714,358.7394,0.6225508,0.0454459,-0.7812582,0.0,0.0,0.0,3.17778,-0.3275785,-1.822678,-0.2200798,0.1521876,1.915,-0.5642673,-0.02092886,-0.8253266,0.2432581,0.9510844,-0.190431,0.7889407,-0.3082214,-0.5315748,moving,-73.03368,41.35054,-6.555908,4.54382,-11.592784585181121,17.479498463009882
05/11/2023 10:29:41.459518,323,True,True,True,True,Eyes,1.572453,0.1059892,-1.810686,0.9223595,-0.2509089,-0.2937647,0.0,0.0,0.0,0.0,0.0,0.0,0.0,-0.4699534,-0.9147213,-2.383722,1.821712,0.1068687,-1.846522,0.06468041,0.8744013,-0.1463166,0.4580725,18.36899,124.4983,358.7361,0.6255792,0.04532884,-0.7788422,0.0,0.0,0.0,3.189253,-0.3206325,-1.843559,-0.2160388,0.1493933,1.915001,-0.5719721,-0.02093392,-0.8200059,0.2471604,0.9488158,-0.1966222,0.7821506,-0.3151354,-0.5375223,moving,-72.3337,40.50114,-6.436549,4.460732,-11.477596228362163,17.236510919225715
05/11/2023 10:29:41.479690,324,True,True,True,True,Eyes,1.58383,0.1061495,-1.811174,0.9181836,-0.2532353,-0.3046487,0.0,0.0,0.0,0.0,0.0,0.0,0.0,-0.4423141,-0.935075,-2.390667,1.831985,0.10621,-1.848741,0.06583792,0.8759879,-0.1496867,0.4537669,18.78377,125.0259,358.7593,0.6285685,0.04521423,-0.7764383,0.0,0.0,0.0,3.201629,-0.3114516,-1.864485,-0.2123792,0.1468629,1.915001,-0.579522,-0.02049924,-0.8146988,0.2511921,0.9465185,-0.2024973,0.7752786,-0.3219976,-0.5433791,moving,-71.64442,39.73461,-6.328409,4.385475,-11.366476622264326,17.017533615993198
05/11/2023 10:29:41.489923,325,True,True,True,True,Eyes,1.59518,0.1062981,-1.811767,0.9137889,-0.2556954,-0.3156101,0.0,0.0,0.0,0.0,0.0,0.0,0.0,-0.4178464,-0.9561934,-2.396449,1.8422,0.1073239,-1.851122,0.0667137,0.8772643,-0.1529483,0.4500705,19.17193,125.4695,358.7488,0.6315171,0.04510329,-0.7740484,0.0,0.0,0.0,3.213144,-0.3057198,-1.885944,-0.2085955,0.1442461,1.915,-0.5859715,-0.02062399,-0.8100689,0.2547261,0.9443122,-0.2083005,0.7692538,-0.3284039,-0.5480866,moving,-70.94579,39.01308,-6.216558,4.307631,-11.255679192137357,16.811674265649557
05/11/2023 10:29:41.509317,326,True,True,True,True,Eyes,1.606503,0.1064003,-1.812436,0.9092415,-0.2582692,-0.3264611,0.0,0.0,0.0,0.0,0.0,0.0,0.0,-0.3857049,-0.975551,-2.40425,1.852579,0.1071754,-1.85401,0.06697974,0.8791987,-0.1562196,0.4451055,19.53133,126.0744,358.7055,0.634424,0.04499505,-0.7716739,0.0,0.0,0.0,3.222886,-0.3063964,-1.90776,-0.204619,0.1414964,1.915,-0.5947896,-0.02129141,-0.8035994,0.2568454,0.9422183,-0.21507,0.7617452,-0.3343223,-0.554953,moving,-70.24944,38.34815,-6.098951,4.225818,-11.147034787750599,16.62224035890238
05/11/2023 10:29:41.529452,327,True,True,True,True,Eyes,1.617786,0.1065029,-1.81319,0.9045575,-0.260801,-0.3372811,0.0,0.0,0.0,0.0,0.0,0.0,0.0,-0.3507046,-0.991995,-2.412617,1.862945,0.1061212,-1.856325,0.06703158,0.8813478,-0.1591484,0.4397778,19.8457,126.7306,358.6705,0.6372889,0.04488726,-0.7693158,0.0,0.0,0.0,3.231851,-0.307691,-1.927618,-0.2007518,0.1388224,1.915,-0.6042043,-0.02182353,-0.7965304,0.2581361,0.9403571,-0.2215721,0.7538584,-0.3394881,-0.5625345,moving,-69.55109,37.71282,-5.984529,4.14624,-11.039118944828623,16.441413268314594
05/11/2023 10:29:41.549428,328,True,True,True,True,Eyes,1.629051,0.106612,-1.814037,0.8998214,-0.2632709,-0.3478648,0.0,0.0,0.0,0.0,0.0,0.0,0.0,-0.3246144,-1.005508,-2.420473,1.873029,0.1062351,-1.858921,0.06714993,0.8828651,-0.1612286,0.4359422,20.07398,127.2038,358.6576,0.640111,0.04477986,-0.7669756,0.0,0.0,0.0,3.239209,-0.3143737,-1.957785,-0.1968468,0.1361216,1.915,-0.6108904,-0.02200411,-0.7914093,0.2591414,0.9389924,-0.2261392,0.7481032,-0.3432332,-0.5679193,moving,-68.86384,37.11915,-5.868938,4.065847,-10.933960697768203,16.27262632482984
05/11/2023 10:29:41.559665,329,True,True,True,True,Eyes,1.640298,0.1066928,-1.814992,0.8950685,-0.2654026,-0.3583487,0.0,0.0,0.0,0.0,0.0,0.0,0.0,-0.3017781,-1.0129,-2.430902,1.883685,0.1064853,-1.861911,0.06673875,0.884285,-0.1621208,0.4327853,20.15061,127.6022,358.6392,0.6428897,0.044673,-0.7646544,0.0,0.0,0.0,3.244507,-0.3257388,-1.996086,-0.1929011,0.1333937,1.915001,-0.6164861,-0.02229484,-0.7870504,0.2583591,0.9385256,-0.2289549,0.7437714,-0.344489,-0.5728278,moving,-68.18087,36.52464,-5.752093,3.98463,-10.82930750662237,16.103572867120675
05/11/2023 10:29:41.579605,330,True,True,True,True,Eyes,1.651523,0.1067231,-1.816048,0.8903204,-0.2673562,-0.3685788,0.0,0.0,0.0,0.0,0.0,0.0,0.0,-0.28063,-1.013547,-2.443983,1.894328,0.1058916,-1.865312,0.06576531,0.8857624,-0.1619386,0.4299719,20.08615,127.9679,358.6118,0.6456245,0.04456536,-0.7623529,0.0,0.0,0.0,3.248365,-0.3385703,-2.02834,-0.1891539,0.1308021,1.915001,-0.6215982,-0.02275325,-0.7830058,0.255763,0.9389016,-0.2303238,0.740406,-0.3434328,-0.5778001,moving,-67.51121,35.95603,-5.641082,3.907459,-10.727166553969063,15.941970970810683
05/11/2023 10:29:41.589569,331,True,True,True,True,Eyes,1.662735,0.1066975,-1.817228,0.8855688,-0.2690115,-0.3786829,0.0,0.0,0.0,0.0,0.0,0.0,0.0,-0.2615858,-1.011433,-2.457677,1.904875,0.1046897,-1.868714,0.06445489,0.8871009,-0.1614405,0.4275919,19.97126,128.2764,358.5547,0.6483151,0.04445491,-0.7600726,0.0,0.0,0.0,3.251845,-0.3521967,-2.056089,-0.1854003,0.1282065,1.915001,-0.6260217,-0.02370534,-0.7794455,0.2524173,0.9395651,-0.2313072,0.737823,-0.3415488,-0.5822046,moving,-66.8477,35.38951,-5.529841,3.830154,-10.625860207012632,15.780943615532617
05/11/2023 10:29:41.609462,332,True,True,True,True,Eyes,1.673931,0.106623,-1.818523,0.8808156,-0.2705839,-0.3885206,0.0,0.0,0.0,0.0,0.0,0.0,0.0,-0.2422771,-1.010531,-2.471367,1.915639,0.1032994,-1.872748,0.06300899,0.8884065,-0.161265,0.4251557,19.88388,128.5833,358.4662,0.6509611,0.04433955,-0.7578144,0.0,0.0,0.0,3.25601,-0.3626629,-2.082584,-0.1813886,0.125433,1.915001,-0.6305448,-0.02517027,-0.7757444,0.2490806,0.9400469,-0.2329605,0.7350998,-0.340115,-0.5864722,moving,-66.19811,34.85515,-5.410905,3.747534,-10.527348769307014,15.629182600689226
05/11/2023 10:29:41.629468,333,True,True,True,True,Eyes,1.685119,0.1064765,-1.819953,0.8759961,-0.272022,-0.3982898,0.0,0.0,0.0,0.0,0.0,0.0,0.0,-0.2237757,-1.013221,-2.483236,1.926321,0.1020067,-1.876708,0.06195299,0.8895154,-0.1617135,0.4228157,19.88191,128.8701,358.3831,0.6535621,0.04421774,-0.7555795,0.0,0.0,0.0,3.261112,-0.3686314,-2.108356,-0.1775031,0.1227455,1.915,-0.6347777,-0.02653368,-0.7722393,0.2469662,0.9400212,-0.2353038,0.7321648,-0.3400826,-0.5901515,moving,-65.55009,34.3321,-5.295668,3.667464,-10.429406283022296,15.480697896936501
05/11/2023 10:29:41.639643,334,True,True,True,True,Eyes,1.696292,0.1062606,-1.821503,0.8711443,-0.2734477,-0.4078405,0.0,0.0,0.0,0.0,0.0,0.0,0.0,-0.2020935,-1.018068,-2.494835,1.937111,0.1001487,-1.881245,0.06128573,0.8908287,-0.1625604,0.4198125,19.94293,129.2421,358.3358,0.6561176,0.04408718,-0.7533692,0.0,0.0,0.0,3.266017,-0.3741398,-2.134345,-0.1731203,0.1197143,1.915,-0.640003,-0.02729961,-0.7678872,0.2456799,0.9396363,-0.2381698,0.7280368,-0.3410839,-0.5946631,moving,-64.91258,33.84095,-5.165625,3.577132,-10.33382562500536,15.341422004803675
05/11/2023 10:29:41.659798,335,True,True,True,True,Eyes,1.707446,0.1059691,-1.823193,0.8662024,-0.2748164,-0.4173362,0.0,0.0,0.0,0.0,0.0,0.0,0.0,-0.1809465,-1.023612,-2.505648,1.947741,0.09826227,-1.885588,0.06107076,0.8920817,-0.1634137,0.4168415,20.02745,129.6159,358.3364,0.6586275,0.0439459,-0.7511841,0.0,0.0,0.0,3.27222,-0.376452,-2.155828,-0.1699285,0.1175076,1.915001,-0.6450273,-0.027275,-0.7636726,0.2451954,0.9391327,-0.2406431,0.7237536,-0.3424704,-0.5990785,moving,-64.27524,33.36495,-5.070885,3.511359,-10.238766454066454,15.206544997111664
05/11/2023 10:29:41.679286,336,True,True,True,True,Eyes,1.7186,0.1056518,-1.825027,0.861227,-0.2761665,-0.426638,0.0,0.0,0.0,0.0,0.0,0.0,0.0,-0.1605808,-1.029314,-2.516489,1.958306,0.09612983,-1.890445,0.06085702,0.8932734,-0.1643285,0.4139509,20.11858,129.9773,358.3325,0.6610914,0.04379196,-0.7490256,0.0,0.0,0.0,3.278654,-0.3783739,-2.175915,-0.1662502,0.114964,1.915,-0.6498824,-0.02732393,-0.7595437,0.2447717,0.9385851,-0.2431969,0.7195415,-0.3439641,-0.6032818,moving,-63.64692,32.91533,-4.961678,3.435539,-10.145701331952214,15.079281568521878
05/11/2023 10:29:41.689747,337,True,True,True,True,Eyes,1.729752,0.1052727,-1.827013,0.8561305,-0.2774687,-0.4359492,0.0,0.0,0.0,0.0,0.0,0.0,0.0,-0.1374363,-1.035331,-2.527768,1.969242,0.09516229,-1.895637,0.06011032,0.8946435,-0.1652586,0.4107179,20.18619,130.3752,358.2786,0.663509,0.04362557,-0.7468947,0.0,0.0,0.0,3.285583,-0.3796608,-2.193282,-0.1623839,0.1122905,1.915,-0.6553949,-0.02819477,-0.7547597,0.243304,0.9381527,-0.2463184,0.7150247,-0.3450719,-0.6080006,moving,-63.0144,32.47554,-4.846846,3.355831,-10.052438005023102,14.954895059357256
05/11/2023 10:29:41.709392,338,True,True,True,True,Eyes,1.740888,0.1048159,-1.829133,0.8509929,-0.2787893,-0.4450704,0.0,0.0,0.0,0.0,0.0,0.0,0.0,-0.1126336,-1.043384,-2.538199,1.980151,0.09328052,-1.901076,0.05977058,0.8960557,-0.1666315,0.4071188,20.32163,130.8183,358.2546,0.6658797,0.04344552,-0.7447924,0.0,0.0,0.0,3.292333,-0.3814563,-2.210405,-0.1584134,0.1095448,1.915001,-0.6613637,-0.0285621,-0.7495216,0.2427932,0.9373228,-0.2499547,0.7096829,-0.3472897,-0.6129767,moving,-62.39037,32.06277,-4.728873,3.273952,-9.96112388558356,14.838310789006357
05/11/2023 10:29:41.729325,339,True,True,True,True,Eyes,1.752003,0.104317,-1.831397,0.8457668,-0.2800677,-0.4541371,0.0,0.0,0.0,0.0,0.0,0.0,0.0,-0.09096789,-1.050079,-2.548383,1.990718,0.09099395,-1.906294,0.06029702,0.8973276,-0.167479,0.4038792,20.44282,131.2373,358.3445,0.6682036,0.04325014,-0.7427195,0.0,0.0,0.0,3.298668,-0.3833472,-2.229592,-0.1544459,0.1068013,1.915001,-0.666492,-0.0270702,-0.7450209,0.2434949,0.9366301,-0.2518616,0.704627,-0.3492724,-0.617665,moving,-61.76629,31.66226,-4.610956,3.19213,-9.870208425019612,14.725287264919366
05/11/2023 10:29:41.739328,340,True,True,True,True,Eyes,1.763102,0.1037631,-1.833817,0.8405315,-0.2813598,-0.4629725,0.0,0.0,0.0,0.0,0.0,0.0,0.0,-0.0749284,-1.057669,-2.558133,2.001224,0.08949403,-1.911914,0.06079981,0.8981732,-0.1683362,0.4015612,20.56194,131.534,358.4102,0.6704803,0.04303937,-0.7406771,0.0,0.0,0.0,3.303717,-0.3872915,-2.251825,-0.1506984,0.1042097,1.915001,-0.6701041,-0.02597706,-0.7418126,0.2444121,0.9359326,-0.2535604,0.7008733,-0.3512198,-0.6208231,moving,-61.15362,31.28808,-4.499539,3.114825,-9.78158288168773,14.619850198107152
05/11/2023 10:29:41.759654,341,True,True,True,True,Eyes,1.774185,0.1031661,-1.836403,0.8352392,-0.283186,-0.4713609,0.0,0.0,0.0,0.0,0.0,0.0,0.0,-0.0564034,-1.064979,-2.568298,2.011785,0.08761822,-1.917958,0.06079611,0.8991612,-0.1693898,0.3988988,20.67829,131.8642,358.4193,0.6727093,0.04281267,-0.7386664,0.0,0.0,0.0,3.308249,-0.3934168,-2.27041,-0.1467511,0.1014802,1.915,-0.6743673,-0.02580772,-0.7379448,0.2444697,0.9352219,-0.2561143,0.696752,-0.3531203,-0.6243739,moving,-60.56213,30.99677,-4.38215,3.033394,-9.698330694041747,14.538368116818823
05/11/2023 10:29:41.779450,342,True,True,True,True,Eyes,1.785247,0.1025444,-1.839152,0.8299567,-0.2849001,-0.4795873,0.0,0.0,0.0,0.0,0.0,0.0,0.0,-0.03757274,-1.067743,-2.580515,2.022336,0.08599706,-1.924398,0.0602919,0.900323,-0.1696422,0.3962389,20.68595,132.2014,358.4152,0.6748903,0.04257002,-0.7366884,0.0,0.0,0.0,3.312729,-0.3989052,-2.288545,-0.1428897,0.09880982,1.915,-0.6787195,-0.02587331,-0.733942,0.243002,0.9351728,-0.2576855,0.6930297,-0.3532454,-0.6284327,moving,-59.97869,30.71254,-4.267277,2.953718,-9.616314427365879,14.458899727662576
05/11/2023 10:29:41.789647,343,True,True,True,True,Eyes,1.796299,0.1018953,-1.842068,0.8245762,-0.2868517,-0.4876374,0.0,0.0,0.0,0.0,0.0,0.0,0.0,-0.0161854,-1.068305,-2.593506,2.032736,0.08474737,-1.93096,0.05903685,0.9016879,-0.169702,0.3932875,20.63866,132.5682,358.3456,0.6770226,0.04231217,-0.7347443,0.0,0.0,0.0,3.31624,-0.4019482,-2.31446,-0.138881,0.09603781,1.915,-0.6836795,-0.02701767,-0.7292823,0.2399489,0.9354318,-0.2595995,0.6892077,-0.3524733,-0.6330527,moving,-59.4008,30.46609,-4.147984,2.870995,-9.536236727719796,14.39037393903925
05/11/2023 10:29:41.809286,344,True,True,True,True,Eyes,1.807326,0.1011874,-1.845132,0.8192133,-0.2886388,-0.4955576,0.0,0.0,0.0,0.0,0.0,0.0,0.0,0.01153839,-1.067503,-2.607113,2.043329,0.08337095,-1.937676,0.05687281,0.9034346,-0.169916,0.389487,20.56798,133.0278,358.1884,0.679106,0.04203967,-0.7328349,0.0,0.0,0.0,3.318745,-0.4014094,-2.346105,-0.1351275,0.09344213,1.915,-0.6901308,-0.02959841,-0.7230791,0.2351219,0.9357881,-0.2627136,0.6844248,-0.3513184,-0.638857,moving,-58.82946,30.21877,-4.036252,2.793523,-9.456945674665423,14.321560955346644
05/11/2023 10:29:41.829451,345,True,True,True,True,Eyes,1.818322,0.1004278,-1.848352,0.8138323,-0.2904495,-0.5033052,0.0,0.0,0.0,0.0,0.0,0.0,0.0,0.03474402,-1.063381,-2.621367,2.053581,0.08120527,-1.944161,0.05503503,0.9049623,-0.1695097,0.386369,20.44619,133.4143,358.081,0.6811404,0.04175187,-0.7309609,0.0,0.0,0.0,3.320734,-0.402436,-2.374715,-0.1311358,0.09068144,1.915,-0.6953804,-0.03137735,-0.7179567,0.2305958,0.9364752,-0.2642721,0.6806407,-0.3493274,-0.6439711,moving,-58.26575,29.98857,-3.917398,2.711115,-9.379169827039487,14.25767964049977
05/11/2023 10:29:41.849503,346,True,True,True,True,Eyes,1.829282,0.09964282,-1.85173,0.8085378,-0.2919683,-0.5109023,0.0,0.0,0.0,0.0,0.0,0.0,0.0,0.05331373,-1.053581,-2.637941,2.063722,0.07920516,-1.950997,0.05328275,0.9064035,-0.1678769,0.3839414,20.19665,133.7347,358.0266,0.6831258,0.04144846,-0.7291231,0.0,0.0,0.0,3.323653,-0.4047089,-2.39917,-0.1273785,0.08808401,1.915001,-0.6994999,-0.03231841,-0.7139015,0.2255011,0.9379566,-0.2634135,0.6781217,-0.3452432,-0.6488127,moving,-57.71185,29.74693,-3.80549,2.633569,-9.302237376429012,14.19042426045652
05/11/2023 10:29:41.859153,347,True,True,True,True,Eyes,1.840221,0.09883069,-1.855277,0.803202,-0.2935111,-0.5183799,0.0,0.0,0.0,0.0,0.0,0.0,0.0,0.07146692,-1.040921,-2.655477,2.073669,0.07774824,-1.958068,0.05044593,0.9078236,-0.1660714,0.3817486,19.87945,134.0096,357.8547,0.6850619,0.04113023,-0.7273224,0.0,0.0,0.0,3.326008,-0.4093066,-2.421758,-0.1234258,0.08535061,1.915001,-0.7034465,-0.03520304,-0.7098761,0.218387,0.939751,-0.2630116,0.6763656,-0.3400423,-0.6533768,moving,-57.16214,29.51891,-3.687731,2.551955,-9.226276315596781,14.127102235406412
05/11/2023 10:29:41.879209,348,True,True,True,True,Eyes,1.851173,0.09816296,-1.858997,0.7979519,-0.2947553,-0.5257302,0.0,0.0,0.0,0.0,0.0,0.0,0.0,0.09900677,-1.02923,-2.67257,2.083942,0.07617624,-1.965484,0.04666613,0.9097087,-0.1649682,0.3782036,19.59957,134.4315,357.5739,0.6869485,0.0407978,-0.7255595,0.0,0.0,0.0,3.328657,-0.4140106,-2.442675,-0.1196507,0.08273958,1.915,-0.7095689,-0.03987794,-0.703507,0.2096883,0.9412155,-0.2648475,0.6727133,-0.3354446,-0.6594954,moving,-56.62113,29.27756,-3.575236,2.473985,-9.150958056469328,14.059863114013616
05/11/2023 10:29:41.889244,349,True,True,True,True,Eyes,1.86208,0.09769586,-1.862885,0.7926197,-0.2962266,-0.5329201,0.0,0.0,0.0,0.0,0.0,0.0,0.0,0.1203736,-1.018487,-2.690246,2.095065,0.07885698,-1.973248,0.04286776,0.9112211,-0.1632337,0.3757569,19.25055,134.722,357.2954,0.6887858,0.04045825,-0.7238346,0.0,0.0,0.0,3.330647,-0.4192075,-2.463607,-0.1158412,0.08010516,1.915,-0.7139382,-0.0445484,-0.6987903,0.2007964,0.9430342,-0.2652683,0.6708004,-0.3296998,-0.664323,moving,-56.08498,29.06774,-3.461689,2.395307,-9.0772860650441,14.001755140058059
05/11/2023 10:29:41.909633,350,True,True,True,True,Eyes,1.87302,0.09714677,-1.866952,0.7871871,-0.2975413,-0.5401904,0.0,0.0,0.0,0.0,0.0,0.0,0.0,0.1373081,-1.026649,-2.699766,2.104799,0.08311538,-1.981037,0.04078859,0.9119852,-0.1642959,0.373666,19.27809,134.9403,357.0617,0.6905732,0.04012007,-0.7221484,0.0,0.0,0.0,3.332634,-0.4238193,-2.486034,-0.1118879,0.07737204,1.915001,-0.7174202,-0.04838639,-0.6949585,0.1971807,0.9426863,-0.2691882,0.6681529,-0.3301534,-0.6667612,moving,-55.54097,28.84633,-3.343823,2.313671,-9.002252863325523,13.940322702493418
05/11/2023 10:29:41.929404,351,True,True,True,True,Eyes,1.883868,0.09682251,-1.871114,0.7817933,-0.2990624,-0.5471389,0.0,0.0,0.0,0.0,0.0,0.0,0.0,0.1763763,-1.018694,-2.715275,2.116222,0.08059613,-1.989138,0.03900087,0.9145353,-0.1633595,0.3679916,19.11711,135.6626,357.0337,0.6923116,0.0397801,-0.7205009,0.0,0.0,0.0,3.334699,-0.4269842,-2.506624,-0.107963,0.07465775,1.915001,-0.7261224,-0.04889449,-0.6858248,0.1915652,0.9435852,-0.2700921,0.6603402,-0.3275001,-0.6757919,moving,-55.01371,28.66072,-3.226777,2.232588,-8.930487073993543,13.889198793436059
05/11/2023 10:29:41.939433,352,True,True,True,True,Eyes,1.894696,0.09655914,-1.875457,0.7764543,-0.3005522,-0.5538837,0.0,0.0,0.0,0.0,0.0,0.0,0.0,0.1780347,-1.022716,-2.725299,2.124892,0.08571681,-1.995591,0.03870299,0.9146302,-0.1626553,0.3680992,19.02811,135.6572,357.032,0.6940008,0.03944724,-0.7188923,0.0,0.0,0.0,3.337496,-0.4299684,-2.525857,-0.1041059,0.07199056,1.915,-0.7260103,-0.04894872,-0.6859397,0.1905444,0.9440906,-0.2690459,0.6607587,-0.326032,-0.6760927,moving,-54.49784,28.48545,-3.111729,2.152905,-8.86048064682707,13.841017718108926
05/11/2023 10:29:41.959304,353,True,True,True,True,Eyes,1.905483,0.09639244,-1.879929,0.7709554,-0.3023152,-0.560565,0.0,0.0,0.0,0.0,0.0,0.0,0.0,0.1957641,-1.028936,-2.736029,2.135094,0.08678612,-2.004178,0.03665577,0.9153814,-0.1639142,0.3658763,19.08139,135.8882,356.795,0.6956413,0.03912301,-0.7173228,0.0,0.0,0.0,3.341573,-0.4312998,-2.541082,-0.1002865,0.06934951,1.915001,-0.729582,-0.05283661,-0.6818494,0.1870526,0.943577,-0.2732651,0.6578159,-0.3269109,-0.6785335,moving,-53.97894,28.33818,-2.997778,2.073993,-8.791021721801656,13.8009842262264
05/11/2023 10:29:41.979488,354,True,True,True,True,Eyes,1.916215,0.09636966,-1.884518,0.7654489,-0.3041597,-0.5670757,0.0,0.0,0.0,0.0,0.0,0.0,0.0,0.2266195,-1.027526,-2.747143,2.144732,0.08882125,-2.011516,0.03315087,0.9170284,-0.1643755,0.3618574,18.9938,136.3417,356.4735,0.6972328,0.03881038,-0.715793,0.0,0.0,0.0,3.346403,-0.43352,-2.55474,-0.09644312,0.06669208,1.915002,-0.7359207,-0.0581604,-0.6745653,0.1797615,0.9437634,-0.2774822,0.6527686,-0.3254658,-0.68408,moving,-53.46745,28.20757,-2.883088,1.994583,-8.723035424085452,13.765749972420654
05/11/2023 10:29:41.989422,355,True,True,True,True,Eyes,1.926898,0.09642223,-1.88921,0.7596804,-0.3063802,-0.5735999,0.0,0.0,0.0,0.0,0.0,0.0,0.0,0.2523551,-1.042454,-2.751899,2.153954,0.0920811,-2.018748,0.03095343,0.9178983,-0.167244,0.3585168,19.22148,136.6813,356.1686,0.6987763,0.03851356,-0.7143024,0.0,0.0,0.0,3.35054,-0.4330948,-2.569797,-0.09258574,0.06402449,1.915001,-0.7410157,-0.06309539,-0.6685174,0.1767438,0.9421426,-0.2848313,0.6478103,-0.3292207,-0.6869906,moving,-52.94522,28.10827,-2.767959,1.914864,-8.654746159409456,13.739665224696987
05/11/2023 10:29:42.009541,356,True,True,True,True,Eyes,1.937503,0.09652018,-1.893971,0.7538593,-0.3085524,-0.580079,0.0,0.0,0.0,0.0,0.0,0.0,0.0,0.2857922,-1.054909,-2.756311,2.163234,0.0939027,-2.025675,0.02971997,0.9193469,-0.1695349,0.3538023,19.43594,137.222,356.0282,0.7002725,0.03823385,-0.7128508,0.0,0.0,0.0,3.349718,-0.4404559,-2.592275,-0.08856177,0.06124207,1.915001,-0.7478815,-0.06531774,-0.6606112,0.1746096,0.9407493,-0.2906928,0.6404569,-0.3327528,-0.6921639,moving,-52.42247,28.00916,-2.647833,1.831705,-8.586398437123915,13.713638397403523
05/11/2023 10:29:42.029616,357,True,True,True,True,Eyes,1.94804,0.09669837,-1.898806,0.7479371,-0.3107369,-0.586543,0.0,0.0,0.0,0.0,0.0,0.0,0.0,0.3156277,-1.059612,-2.762583,2.171769,0.09508629,-2.031904,0.02913242,0.9208968,-0.1701463,0.3495007,19.49582,137.7519,356.0293,0.7017223,0.03797133,-0.7114376,0.0,0.0,0.0,3.350699,-0.4399725,-2.612767,-0.08488315,0.05869798,1.915001,-0.7540016,-0.06527657,-0.6536217,0.1725884,0.9404031,-0.2930108,0.6337945,-0.333738,-0.6977994,moving,-51.89595,27.9136,-2.537996,1.755661,-8.517698643385529,13.688662418884931
05/11/2023 10:29:42.039336,358,True,True,True,True,Eyes,1.958511,0.09697333,-1.903737,0.7420769,-0.3126593,-0.5929301,0.0,0.0,0.0,0.0,0.0,0.0,0.0,0.3369859,-1.052053,-2.774685,2.180526,0.09729125,-2.038404,0.02836624,0.9224095,-0.1681392,0.3465336,19.25944,138.1574,356.1005,0.703127,0.03772724,-0.7100623,0.0,0.0,0.0,3.353022,-0.4408582,-2.626655,-0.0810656,0.05605808,1.915001,-0.7582199,-0.06420119,-0.6488305,0.1688623,0.9418491,-0.2905267,0.6297526,-0.3298461,-0.7032875,moving,-51.37465,27.80323,-2.423991,1.676748,-8.449159566239189,13.659357878501892
05/11/2023 10:29:42.059501,359,True,True,True,True,Eyes,1.968931,0.09724376,-1.908752,0.7361106,-0.3146072,-0.5993025,0.0,0.0,0.0,0.0,0.0,0.0,0.0,0.358614,-1.043206,-2.787497,2.189306,0.09987098,-2.045479,0.02646765,0.9238505,-0.1663701,0.3436871,19.00165,138.5234,356.0305,0.704487,0.03750337,-0.7087248,0.0,0.0,0.0,3.351447,-0.4438331,-2.651726,-0.07712156,0.05333015,1.914999,-0.7623574,-0.06545421,-0.6438377,0.1632628,0.9432409,-0.289209,0.6262241,-0.3255954,-0.7084004,moving,-50.84933,27.69748,-2.30619,1.595198,-8.380272632794764,13.631416248591458
05/11/2023 10:29:42.079124,360,True,True,True,True,Eyes,1.979275,0.09747809,-1.913819,0.7301507,-0.3163787,-0.6056273,0.0,0.0,0.0,0.0,0.0,0.0,0.0,0.3868253,-1.032717,-2.799761,2.198312,0.1000791,-2.052367,0.02479292,0.9256354,-0.164709,0.3397872,18.76998,139.0239,356.0008,0.7058032,0.03729756,-0.707425,0.0,0.0,0.0,3.350997,-0.4399852,-2.673536,-0.07322967,0.05063902,1.915,-0.7678599,-0.06603361,-0.6372052,0.1578304,0.9445125,-0.2880724,0.6208708,-0.3217696,-0.7148311,moving,-50.32581,27.58249,-2.189926,1.514739,-8.311304624257557,13.600781697676009
05/11/2023 10:29:42.094570,361,True,True,True,True,Eyes,1.989535,0.09772318,-1.918946,0.7241278,-0.3184326,-0.6117512,0.0,0.0,0.0,0.0,0.0,0.0,0.0,0.4105443,-1.026743,-2.809634,2.206661,0.09951397,-2.058528,0.02462469,0.9271283,-0.1633497,0.3363686,18.63016,139.48,356.1133,0.7070775,0.03710666,-0.7061614,0.0,0.0,0.0,3.349922,-0.4423608,-2.69359,-0.06928724,0.04791328,1.915001,-0.7724997,-0.06423093,-0.6317585,0.1555519,0.945421,-0.2863263,0.6156687,-0.3194582,-0.7203463,moving,-49.8085,27.49816,-2.072133,1.43324,-8.244122206940162,13.579018515745354
05/11/2023 10:29:42.109523,362,True,True,True,True,Eyes,1.999714,0.09798941,-1.92414,0.7181162,-0.3205641,-0.6176957,0.0,0.0,0.0,0.0,0.0,0.0,0.0,0.4284573,-1.033872,-2.815538,2.214844,0.1000904,-2.064987,0.02520317,0.9279468,-0.1638923,0.3337945,18.72293,139.806,356.2078,0.7083104,0.03692968,-0.704934,0.0,0.0,0.0,3.349695,-0.4390859,-2.71436,-0.06550515,0.04529776,1.915001,-0.775892,-0.06263828,-0.6277483,0.1561871,0.9450082,-0.2873413,0.6112258,-0.320992,-0.7234411,moving,-49.29916,27.42785,-1.959115,1.355032,-8.178394943372057,13.56128492486484
05/11/2023 10:29:42.129389,363,True,True,True,True,Eyes,2.009807,0.09829389,-1.929403,0.712021,-0.323071,-0.623419,0.0,0.0,0.0,0.0,0.0,0.0,0.0,0.4475579,-1.048766,-2.818361,2.2229,0.1008575,-2.071694,0.02569123,0.9285418,-0.1659625,0.3310688,18.97874,140.1225,356.2299,0.7095025,0.03676605,-0.7037427,0.0,0.0,0.0,3.349416,-0.4400504,-2.734091,-0.06159371,0.04259296,1.915,-0.7794669,-0.06217925,-0.6233501,0.1576008,0.9435928,-0.2911951,0.606295,-0.3252174,-0.7256999,moving,-48.79582,27.39429,-1.842216,1.274148,-8.114628249709318,13.554192434917095
05/11/2023 10:29:42.145050,364,True,True,True,True,Eyes,2.019812,0.09862213,-1.934723,0.705842,-0.3257542,-0.629024,0.0,0.0,0.0,0.0,0.0,0.0,0.0,0.4734035,-1.067145,-2.818466,2.230804,0.1020676,-2.078402,0.02564484,0.9293028,-0.1689856,0.3273875,19.32155,140.5342,356.1731,0.7106547,0.03661583,-0.702587,0.0,0.0,0.0,3.351374,-0.4357395,-2.751173,-0.05774105,0.03992836,1.915001,-0.7843197,-0.06298394,-0.6171515,0.1583112,0.9415724,-0.2972861,0.599817,-0.3308693,-0.7285227,moving,-48.29359,27.3784,-1.727057,1.194462,-8.051583281527304,13.55222571804879
05/11/2023 10:29:42.159310,365,True,True,True,True,Eyes,2.029716,0.09896277,-1.940075,0.699532,-0.3288418,-0.6344432,0.0,0.0,0.0,0.0,0.0,0.0,0.0,0.5044389,-1.087916,-2.816045,2.238476,0.1028961,-2.084891,0.02547915,0.9301863,-0.1726945,0.3229253,19.73875,141.0299,356.093,0.711768,0.03647854,-0.7014663,0.0,0.0,0.0,3.355055,-0.4305656,-2.767041,-0.05392796,0.03729214,1.915001,-0.7901401,-0.06413414,-0.6095615,0.1589356,0.9390548,-0.3048204,0.5919611,-0.3377319,-0.7317916,moving,-47.79343,27.39842,-1.613069,1.11562,-7.9899819156193574,13.560676874508884
05/11/2023 10:29:42.179319,366,True,True,True,True,Eyes,2.039521,0.09931576,-1.945462,0.6931337,-0.3320354,-0.6397797,0.0,0.0,0.0,0.0,0.0,0.0,0.0,0.5345936,-1.108836,-2.812556,2.245784,0.1035396,-2.090817,0.02585557,0.9310328,-0.1762207,0.318521,20.15772,141.5304,356.0837,0.7128428,0.03635348,-0.7003806,0.0,0.0,0.0,3.355417,-0.4308796,-2.786249,-0.05009651,0.0346421,1.915,-0.7957517,-0.0641152,-0.6022196,0.1604047,0.9365555,-0.3116633,0.5839944,-0.3446055,-0.7349813,moving,-47.29222,27.42859,-1.498519,1.03636,-7.928585041209409,13.572081274914023
05/11/2023 10:29:42.189390,367,True,True,True,True,Eyes,2.049217,0.09967669,-1.95088,0.6866367,-0.3353555,-0.6450323,0.0,0.0,0.0,0.0,0.0,0.0,0.0,0.5642582,-1.127234,-2.809706,2.252973,0.1042101,-2.096841,0.026774,0.9320033,-0.1789512,0.3140533,20.51076,142.0634,356.1742,0.7138801,0.0362399,-0.6993291,0.0,0.0,0.0,3.355203,-0.4342557,-2.803728,-0.04631132,0.03202507,1.915001,-0.8013074,-0.06249357,-0.59498,0.1623074,0.9345192,-0.3167494,0.5758151,-0.3503832,-0.738694,moving,-46.78947,27.47015,-1.385339,0.958083,-7.867372611205997,13.586801616821365
05/11/2023 10:29:42.209065,368,True,True,True,True,Eyes,2.058799,0.1000821,-1.956341,0.6800626,-0.338604,-0.6502787,0.0,0.0,0.0,0.0,0.0,0.0,0.0,0.5941173,-1.139522,-2.808599,2.25987,0.1048792,-2.102784,0.02800818,0.9332492,-0.1803249,0.3094259,20.7266,142.6481,356.3638,0.7148806,0.03613704,-0.6983116,0.0,0.0,0.0,3.353649,-0.4426534,-2.819675,-0.04214245,0.02914184,1.915,-0.8069423,-0.0593172,-0.5876442,0.1638716,0.9333969,-0.3192433,0.5674419,-0.3539091,-0.743477,moving,-46.28254,27.50626,-1.260676,0.871841,-7.805459848284603,13.599961238057796
05/11/2023 10:29:42.229500,369,True,True,True,True,Eyes,2.068273,0.1005114,-1.961853,0.6734025,-0.3416362,-0.6556019,0.0,0.0,0.0,0.0,0.0,0.0,0.0,0.624313,-1.146574,-2.809297,2.26649,0.1064262,-2.109084,0.02865945,0.9346647,-0.1808197,0.3047701,20.8229,143.2418,356.5257,0.715845,0.03604543,-0.6973278,0.0,0.0,0.0,3.350442,-0.4562068,-2.835926,-0.03848273,0.02661115,1.914999,-0.8125877,-0.0566429,-0.58008,0.1637908,0.9329658,-0.3205425,0.5593513,-0.3554806,-0.748839,moving,-45.76737,27.52416,-1.151228,0.7961406,-7.741919947007862,13.60787585474597
05/11/2023 10:29:42.239335,370,True,True,True,True,Eyes,2.077641,0.1009434,-1.967401,0.6666195,-0.3444819,-0.6610225,0.0,0.0,0.0,0.0,0.0,0.0,0.0,0.6610383,-1.146513,-2.811215,2.27314,0.1075128,-2.115577,0.02850157,0.9365277,-0.180528,0.299188,20.80531,143.9509,356.6492,0.7167738,0.0359648,-0.6963772,0.0,0.0,0.0,3.34522,-0.4732027,-2.852223,-0.03458035,0.02391297,1.915,-0.8193487,-0.05463859,-0.5706863,0.1614086,0.9331946,-0.3210842,0.5501049,-0.3551936,-0.7557927,moving,-45.24155,27.52559,-1.034513,0.715426,-7.676510361050506,13.611063494787151
05/11/2023 10:29:42.259324,371,True,True,True,True,Eyes,2.086902,0.1013707,-1.972976,0.6597307,-0.3471735,-0.6665027,0.0,0.0,0.0,0.0,0.0,0.0,0.0,0.7006119,-1.140866,-2.813893,2.279706,0.1080801,-2.121717,0.02802092,0.9386289,-0.1794897,0.2932133,20.69423,144.7147,356.7733,0.7176675,0.03589423,-0.6954598,0.0,0.0,0.0,3.339722,-0.4897327,-2.86864,-0.03063965,0.02118781,1.915001,-0.8264815,-0.05265508,-0.560496,0.15786,0.9339966,-0.3205163,0.5403781,-0.3533807,-0.7636187,moving,-44.70744,27.51448,-0.9166435,0.633902,-7.609654662671658,13.610653044519948
05/11/2023 10:29:42.279042,372,True,True,True,True,Eyes,2.096058,0.1017693,-1.978586,0.6526989,-0.3497382,-0.672062,0.0,0.0,0.0,0.0,0.0,0.0,0.0,0.7401099,-1.135958,-2.8155,2.286128,0.1084578,-2.127687,0.02743538,0.9406248,-0.178724,0.2872808,20.60894,145.4642,356.872,0.7185267,0.0358326,-0.6945752,0.0,0.0,0.0,3.335793,-0.5034744,-2.882817,-0.0268625,0.01857558,1.914999,-0.8334343,-0.05107514,-0.5502536,0.1543007,0.9346101,-0.320461,0.5306402,-0.3519877,-0.7710552,moving,-44.16261,27.49228,-0.8036593,0.5557541,-7.541098238671493,13.607078417068509
05/11/2023 10:29:42.289558,373,True,True,True,True,Eyes,2.105113,0.1021436,-1.984223,0.6454989,-0.3519594,-0.6778316,0.0,0.0,0.0,0.0,0.0,0.0,0.0,0.7813395,-1.132594,-2.815534,2.292513,0.1082346,-2.133812,0.02711339,0.9426158,-0.1782528,0.2810096,20.566,146.2545,356.996,0.7193521,0.03577809,-0.6937231,0.0,0.0,0.0,3.329134,-0.5175338,-2.901642,-0.023063,0.01594794,1.914999,-0.8405972,-0.0490665,-0.5394343,0.1512966,0.9349816,-0.3208096,0.5201022,-0.3512861,-0.7785193,moving,-43.60038,27.44028,-0.6899998,0.477143,-7.469391635254099,13.59494117561394
05/11/2023 10:29:42.309549,374,True,True,True,True,Eyes,2.114063,0.1024937,-1.989882,0.6381589,-0.354109,-0.6836374,0.0,0.0,0.0,0.0,0.0,0.0,0.0,0.8216929,-1.130937,-2.814462,2.298892,0.1080931,-2.139812,0.02703318,0.9444853,-0.1779678,0.2748533,20.55071,147.03,357.1373,0.7201449,0.03572918,-0.6929027,0.0,0.0,0.0,3.321584,-0.5311183,-2.92125,-0.01916426,0.01325223,1.914999,-0.8474499,-0.04676519,-0.5288119,0.148895,0.9351934,-0.3213156,0.5095677,-0.3510363,-0.7855665,moving,-43.02942,27.38315,-0.5733656,0.3964934,-7.396428859141055,13.581360135690966
05/11/2023 10:29:42.329635,375,True,True,True,True,Eyes,2.122912,0.1028181,-1.995571,0.6306497,-0.3560592,-0.6895672,0.0,0.0,0.0,0.0,0.0,0.0,0.0,0.8621687,-1.130495,-2.81206,2.30505,0.1079243,-2.145725,0.02692204,0.9462649,-0.1779736,0.2686698,20.56603,147.8023,357.2646,0.7209051,0.03568462,-0.6921141,0.0,0.0,0.0,3.317717,-0.5407999,-2.936784,-0.01527798,0.01056463,1.914999,-0.8541837,-0.04468151,-0.5180484,0.146583,0.9352012,-0.3223541,0.4988827,-0.3512866,-0.792284,moving,-42.44475,27.30964,-0.4570996,0.316085,-7.32121844584062,13.563094390056925
05/11/2023 10:29:42.339698,376,True,True,True,True,Eyes,2.131664,0.1031019,-2.00128,0.6229974,-0.3579611,-0.6955128,0.0,0.0,0.0,0.0,0.0,0.0,0.0,0.9046416,-1.129404,-2.808877,2.311242,0.1076713,-2.15181,0.02649468,0.9480633,-0.178093,0.2622158,20.58408,148.5993,357.3575,0.7216349,0.03564306,-0.6913554,0.0,0.0,0.0,3.317057,-0.545571,-2.95172,-0.01138198,0.007870197,1.915,-0.861082,-0.04316035,-0.5066314,0.1436349,0.9351618,-0.3237922,0.4877573,-0.3515815,-0.7990516,moving,-41.85202,27.23362,-0.3405388,0.2354707,-7.24492178971402,13.544142199605323
05/11/2023 10:29:42.359348,377,True,True,True,True,Eyes,2.140321,0.1033606,-2.007021,0.6152401,-0.3597932,-0.7014474,0.0,0.0,0.0,0.0,0.0,0.0,0.0,0.9462926,-1.128783,-2.804937,2.317374,0.1070298,-2.157687,0.02618732,0.9497583,-0.1783233,0.2558794,20.61764,149.3808,357.4577,0.7223346,0.03560291,-0.6906263,0.0,0.0,0.0,3.31799,-0.5469142,-2.967281,-0.007244349,0.005009353,1.915001,-0.86768,-0.04151531,-0.4953869,0.1410018,0.93503,-0.3253266,0.4767076,-0.3521298,-0.8054532,moving,-41.25403,27.15463,-0.2167459,0.1498768,-7.167872257965851,13.52435521083975
05/11/2023 10:29:42.379230,378,True,True,True,True,Eyes,2.148886,0.1036127,-2.012792,0.6073219,-0.3616307,-0.7073779,0.0,0.0,0.0,0.0,0.0,0.0,0.0,0.988107,-1.129624,-2.800021,2.323527,0.106748,-2.163874,0.02615454,0.9514176,-0.1786032,0.2494423,20.66483,150.1784,357.5906,0.7230045,0.0355633,-0.689927,0.0,0.0,0.0,3.320635,-0.5469961,-2.981446,-0.003534436,0.002444208,1.915001,-0.8741891,-0.03933461,-0.4839901,0.1388702,0.9348336,-0.3268044,0.465305,-0.3529006,-0.811759,moving,-40.64786,27.07735,-0.1057483,0.07312932,-7.089860909508781,13.505107959438128
05/11/2023 10:29:42.397503,379,True,True,True,True,Eyes,2.157363,0.1038631,-2.018601,0.5993207,-0.3634551,-0.7132427,0.0,0.0,0.0,0.0,0.0,0.0,0.0,1.031232,-1.132939,-2.792951,2.329598,0.1068812,-2.170049,0.02590691,0.9529688,-0.1794745,0.2428334,20.77195,150.9839,357.6838,0.7236456,0.035524,-0.6892566,0.0,0.0,0.0,3.323153,-0.5481914,-2.995998,0.0002526045,-0.0001744032,1.915001,-0.8807216,-0.03778785,-0.4721247,0.1365418,0.9342355,-0.3294851,0.4535262,-0.3546493,-0.8176417,moving,-40.03953,27.00253,0.007557789,-0.005218049,-7.011661913830523,13.486586516322436
05/11/2023 10:29:42.413367,380,True,True,True,True,Eyes,2.367203,0.1096397,-2.164543,0.3745611,-0.3976334,-0.8376107,0.0,0.0,0.0,0.0,0.0,0.0,0.0,1.078772,-1.135757,-2.783839,2.335663,0.1071179,-2.176387,0.02533644,0.9546139,-0.1805248,0.2355447,20.89145,151.8642,357.7505,0.7242579,0.03548503,-0.6886151,0.0,0.0,0.0,3.325124,-0.5520163,-3.009339,0.004086852,-0.002826184,1.914999,-0.8877534,-0.0366703,-0.4588562,0.1334163,0.9335378,-0.3327272,0.4405608,-0.3565986,-0.8238589,moving,-24.09314,25.39479,0.1222763,-0.08455788,-4.973477088401642,13.103751559911238
05/11/2023 10:29:42.429714,381,True,True,True,True,Eyes,2.367457,0.1096272,-2.164797,0.3741674,-0.3977018,-0.8377541,0.0,0.0,0.0,0.0,0.0,0.0,0.0,1.129914,-1.136638,-2.773078,2.341766,0.1069102,-2.182503,0.02460713,0.9563542,-0.1814836,0.2276948,20.99773,152.8112,357.8159,0.7260506,0.03529818,-0.6867344,0.6295209,0.01732998,-0.4378252,3.324925,-0.5583574,-3.024774,0.007873058,-0.00544405,1.915,-0.8950992,-0.03557946,-0.4444452,0.129712,0.9329164,-0.3359194,0.4265821,-0.358331,-0.8304376,moving,-24.06705,25.39481,0.2355564,-0.1628826,-4.9702299298569255,13.103894925805193
05/11/2023 10:29:42.449805,382,True,True,True,True,Eyes,2.367959,0.1096008,-2.165305,0.3732566,-0.3977411,-0.8381417,0.0,0.0,0.0,0.0,0.0,0.0,0.0,1.179383,-1.135208,-2.762852,2.347823,0.1066399,-2.188458,0.0242321,0.9581037,-0.1817709,0.2200214,21.03719,153.7508,357.9398,0.7275515,0.03514231,-0.6851519,0.5917496,0.01629018,-0.4115556,3.324211,-0.5654753,-3.039803,0.01168436,-0.008079678,1.915001,-0.9020067,-0.03355324,-0.430416,0.1264207,0.9327443,-0.3376475,0.4127973,-0.3589739,-0.8370998,moving,-24.00524,25.38673,0.3495853,-0.2417381,-4.962268659456376,13.10187426474057
05/11/2023 10:29:42.459278,383,True,True,True,True,Eyes,2.368693,0.1095848,-2.166066,0.3720273,-0.3977878,-0.8386658,0.0,0.0,0.0,0.0,0.0,0.0,0.0,1.226574,-1.130929,-2.754236,2.353989,0.1063645,-2.194702,0.0240295,0.9598538,-0.1813304,0.2126561,20.99715,154.6632,358.0976,0.7288098,0.03501131,-0.6838202,0.5562446,0.01531277,-0.3868623,3.323384,-0.5731665,-3.055003,0.0156796,-0.0108422,1.915001,-0.9084,-0.03099242,-0.4169522,0.1232517,0.9330837,-0.3378813,0.399523,-0.3583214,-0.8437935,moving,-23.9218,25.37547,0.4691145,-0.3243893,-4.951509755410443,13.099044127920783
05/11/2023 10:29:42.479504,384,True,True,True,True,Eyes,2.369661,0.1095317,-2.167074,0.3702689,-0.3977908,-0.8394423,0.0,0.0,0.0,0.0,0.0,0.0,0.0,1.27412,-1.125525,-2.745173,2.360047,0.1066459,-2.201128,0.02356153,0.9615851,-0.1807639,0.2052403,20.93516,155.5757,358.2276,0.7298655,0.03490072,-0.6826988,0.5228699,0.014394,-0.3636506,3.322443,-0.57886,-3.071363,0.01951355,-0.01349387,1.914999,-0.9146428,-0.02888725,-0.4032302,0.1195129,0.9335386,-0.3379681,0.3861939,-0.3573112,-0.8504019,moving,-23.80176,25.35511,0.5838149,-0.4037227,-4.935894167801298,13.093764189306402
05/11/2023 10:29:42.489516,385,True,True,True,True,Eyes,2.369661,0.1095317,-2.167074,0.3702689,-0.3977908,-0.8394423,0.0,0.0,0.0,0.0,0.0,0.0,0.0,1.325755,-1.117859,-2.734432,2.366329,0.1057788,-2.207633,0.02301093,0.9634123,-0.1801053,0.1971534,20.86116,156.5681,358.364,0.7307525,0.03480541,-0.6817542,0.4914978,0.01353036,-0.3418315,3.319821,-0.5875875,-3.088398,0.02336085,-0.01615363,1.915,-0.9212022,-0.02667871,-0.3881688,0.1153548,0.9340652,-0.3379578,0.3715912,-0.3561046,-0.8573853,moving,-23.80176,25.35511,0.6989093,-0.4832965,-4.935894167801298,13.093764189306402
05/11/2023 10:29:42.509479,386,True,True,True,True,Eyes,2.369661,0.1095317,-2.167074,0.3702689,-0.3977908,-0.8394423,0.0,0.0,0.0,0.0,0.0,0.0,0.0,1.375118,-1.112332,-2.722601,2.372496,0.1055076,-2.213801,0.02286708,0.9650959,-0.17948,0.189352,20.799,157.531,358.5392,0.7315007,0.03472561,-0.6809555,0.4620079,0.01271854,-0.3213216,3.317313,-0.596263,-3.10469,0.02726936,-0.01885656,1.915002,-0.9272459,-0.02383195,-0.3736941,0.1121076,0.9345281,-0.3377709,0.3572773,-0.3550906,-0.8638656,moving,-23.80176,25.35511,0.815829,-0.5641594,-4.935894167801298,13.093764189306402
05/11/2023 10:29:42.529688,387,True,True,True,True,Eyes,2.371361,0.1093905,-2.168851,0.3663068,-0.3981878,-0.840991,0.0,0.0,0.0,0.0,0.0,0.0,0.0,1.424719,-1.10772,-2.709547,2.378801,0.1041913,-2.220126,0.02308468,0.9667059,-0.1789802,0.1814197,20.75781,158.5142,358.7555,0.7321338,0.0346586,-0.6802781,0.4342874,0.01195543,-0.3020423,3.317333,-0.6040016,-3.118386,0.03106111,-0.02147883,1.915001,-0.9331082,-0.02030889,-0.3590224,0.1095733,0.9348664,-0.3376664,0.3424956,-0.3544185,-0.8701062,moving,-23.53629,25.33636,0.9292501,-0.642608,-4.902227866409917,13.089718587110447
05/11/2023 10:29:42.549372,388,True,True,True,True,Eyes,2.37325,0.1092503,-2.170842,0.3619846,-0.3985074,-0.8427092,0.0,0.0,0.0,0.0,0.0,0.0,0.0,1.470411,-1.103239,-2.697645,2.384902,0.1038547,-2.226652,0.02348975,0.9682114,-0.1781076,0.1740487,20.6751,159.4339,358.9887,0.7326709,0.03459486,-0.6797029,0.4082302,0.0112381,-0.2839198,3.316678,-0.6120398,-3.133175,0.03484273,-0.02409405,1.915,-0.9383108,-0.01651268,-0.3453991,0.1074848,0.9354519,-0.3367148,0.3286643,-0.3530683,-0.8759696,moving,-23.24588,25.30892,1.042361,-0.7208428,-4.865169919101345,13.08328077660326
05/11/2023 10:29:42.559410,389,True,True,True,True,Eyes,2.375329,0.109074,-2.173039,0.3569454,-0.399099,-0.8445768,0.0,0.0,0.0,0.0,0.0,0.0,0.0,1.51635,-1.095108,-2.686591,2.391128,0.1038098,-2.233401,0.02297544,0.9696766,-0.1771267,0.1668104,20.55929,160.3169,359.1105,0.7331504,0.03453017,-0.6791889,0.3837363,0.01056382,-0.2668846,3.31676,-0.6164626,-3.149327,0.03865039,-0.02672726,1.915,-0.943293,-0.01453565,-0.3316434,0.1036507,0.9361964,-0.3358462,0.3153651,-0.3511764,-0.881601,moving,-22.91049,25.29276,1.156242,-0.7996134,-4.822885146106394,13.08035599619452
05/11/2023 10:29:42.579455,390,True,True,True,True,Eyes,2.377592,0.1088589,-2.175417,0.3516203,-0.3996312,-0.8465565,0.0,0.0,0.0,0.0,0.0,0.0,0.0,1.566092,-1.082424,-2.674409,2.397542,0.1028026,-2.240083,0.02161461,0.9711801,-0.1761558,0.1590946,20.42834,161.2384,359.1399,0.7335765,0.03446342,-0.6787322,0.3607122,0.009929986,-0.2508715,3.316366,-0.6189537,-3.166683,0.04261136,-0.02946573,1.915001,-0.9484434,-0.0140675,-0.316634,0.09803423,0.9370039,-0.3352805,0.3014039,-0.3490356,-0.8873159,moving,-22.55573,25.27044,1.274698,-0.881529,-4.77798566235059,13.075744388925047
05/11/2023 10:29:42.589624,391,True,True,True,True,Eyes,2.377592,0.1088589,-2.175417,0.3516203,-0.3996312,-0.8465565,0.0,0.0,0.0,0.0,0.0,0.0,0.0,1.611395,-1.071918,-2.662802,2.404018,0.1016628,-2.246436,0.0202656,0.9724186,-0.1756117,0.1521577,20.3469,162.0598,359.1427,0.7339554,0.03439319,-0.678326,0.3390694,0.009334187,-0.2358192,3.314327,-0.62089,-3.186279,0.04652822,-0.03217474,1.915001,-0.9528747,-0.01402804,-0.3030396,0.0928546,0.9374998,-0.335369,0.2888041,-0.3477032,-0.8920172,moving,-22.55573,25.27044,1.391825,-0.96256,-4.77798566235059,13.075744388925047
05/11/2023 10:29:42.609025,392,True,True,True,True,Eyes,2.377592,0.1088589,-2.175417,0.3516203,-0.3996312,-0.8465565,0.0,0.0,0.0,0.0,0.0,0.0,0.0,1.652773,-1.064478,-2.651482,2.41036,0.1003962,-2.252821,0.0191696,0.9734364,-0.1754753,0.1458175,20.31728,162.8096,359.1535,0.734297,0.03432983,-0.6779594,0.3187253,0.008774136,-0.2216701,3.31394,-0.6219635,-3.20433,0.05038083,-0.03483891,1.915001,-0.9567398,-0.01385396,-0.2906158,0.08849553,0.9376819,-0.3360375,0.2771606,-0.3472185,-0.8958915,moving,-22.55573,25.27044,1.507019,-1.042246,-4.77798566235059,13.075744388925047
05/11/2023 10:29:42.629325,393,True,True,True,True,Eyes,2.380527,0.1084708,-2.178516,0.3449698,-0.4005411,-0.8488596,0.0,0.0,0.0,0.0,0.0,0.0,0.0,1.693201,-1.056869,-2.640233,2.416608,0.09888016,-2.259416,0.01798431,0.974376,-0.1754266,0.1396193,20.2969,163.5387,359.1485,0.7346039,0.03427286,-0.6776295,0.2996017,0.008247688,-0.2083699,3.315607,-0.6191235,-3.222514,0.05461377,-0.03776568,1.915,-0.9603661,-0.01393892,-0.2783932,0.08403283,0.9378041,-0.3368411,0.2657734,-0.3468849,-0.899464,moving,-22.11643,25.26065,1.633572,-1.129782,-4.722975999043779,13.07521740715297
05/11/2023 10:29:42.649870,394,True,True,True,True,Eyes,2.38359,0.1080556,-2.181766,0.3381425,-0.4014237,-0.8511866,0.0,0.0,0.0,0.0,0.0,0.0,0.0,1.73579,-1.047178,-2.627268,2.422613,0.09712846,-2.265746,0.01622604,0.975291,-0.175577,0.1331048,20.29152,164.2919,359.0782,0.7348734,0.03420513,-0.6773397,0.2816256,0.007752827,-0.1958677,3.319177,-0.613305,-3.240015,0.05820316,-0.0402481,1.915,-0.9640396,-0.01509008,-0.2653297,0.0783905,0.9378188,-0.3381577,0.2539341,-0.3467968,-0.9029116,moving,-21.66595,25.24879,1.740871,-1.204024,-4.6665062299455915,13.074148212944749
05/11/2023 10:29:42.659518,395,True,True,True,True,Eyes,2.38359,0.1080556,-2.181766,0.3381425,-0.4014237,-0.8511866,0.0,0.0,0.0,0.0,0.0,0.0,0.0,1.779705,-1.033505,-2.61431,2.428564,0.0960101,-2.272214,0.01340072,0.9761796,-0.1757424,0.1265248,20.27359,165.0299,358.8817,0.7351094,0.03412673,-0.6770867,0.2647281,0.007287657,-0.1841156,3.319214,-0.6090193,-3.260676,0.06199032,-0.04286659,1.915002,-0.9676238,-0.0183085,-0.251732,0.07063456,0.93787,-0.3397211,0.2423117,-0.3465033,-0.9062122,moving,-21.66595,25.24879,1.854069,-1.28233,-4.6665062299455915,13.074148212944749
05/11/2023 10:29:42.679505,396,True,True,True,True,Eyes,2.38359,0.1080556,-2.181766,0.3381425,-0.4014237,-0.8511866,0.0,0.0,0.0,0.0,0.0,0.0,0.0,1.82937,-1.020274,-2.596799,2.434622,0.09542444,-2.279129,0.01039245,0.9770834,-0.1762417,0.1189079,20.29642,165.8866,358.6801,0.7353218,0.03405617,-0.6768591,0.2488444,0.006850398,-0.1730687,3.323519,-0.5983717,-3.279347,0.06581843,-0.04551408,1.915001,-0.9715058,-0.02160447,-0.236029,0.06222164,0.9376618,-0.3419341,0.2287027,-0.3468771,-0.9095995,moving,-21.66595,25.24879,1.968476,-1.3615,-4.6665062299455915,13.074148212944749
05/11/2023 10:29:42.689790,397,True,True,True,True,Eyes,2.38359,0.1080556,-2.181766,0.3381425,-0.4014237,-0.8511866,0.0,0.0,0.0,0.0,0.0,0.0,0.0,1.877596,-1.011164,-2.577385,2.440306,0.09679048,-2.286104,0.008318425,0.9779612,-0.1764789,0.1112559,20.30577,166.7679,358.5948,0.735513,0.03399267,-0.6766542,0.2339137,0.006439374,-0.1626845,3.324944,-0.5978219,-3.293266,0.06953549,-0.04808468,1.915001,-0.9751057,-0.02299845,-0.2205439,0.05553884,0.937572,-0.3433281,0.2146719,-0.34703,-0.9129545,moving,-21.66595,25.24879,2.079551,-1.438365,-4.6665062299455915,13.074148212944749
05/11/2023 10:29:42.709534,398,True,True,True,True,Eyes,2.38359,0.1080556,-2.181766,0.3381425,-0.4014237,-0.8511866,0.0,0.0,0.0,0.0,0.0,0.0,0.0,1.927734,-1.004029,-2.555212,2.445924,0.1006665,-2.293615,0.005897148,0.9787567,-0.1770283,0.1032552,20.34995,167.6812,358.4712,0.7356851,0.03393551,-0.6764698,0.2198789,0.006053011,-0.1529235,3.317755,-0.5980473,-3.319909,0.07339764,-0.05075523,1.915001,-0.978607,-0.02501446,-0.2042114,0.04810195,0.9372523,-0.3453175,0.2000355,-0.3477531,-0.9159985,moving,-21.66595,25.24879,2.194943,-1.518214,-4.6665062299455915,13.074148212944749
05/11/2023 10:29:42.729862,399,True,True,True,True,Eyes,2.387696,0.1079644,-2.18642,0.3276932,-0.4028661,-0.8545853,0.0,0.0,0.0,0.0,0.0,0.0,0.0,1.989776,-0.9936292,-2.523765,2.451353,0.1025389,-2.301357,0.003457827,0.9796735,-0.1777408,0.09293143,20.41996,168.8731,358.3943,0.7358399,0.03388407,-0.6763039,0.2066862,0.005689831,-0.1437481,3.323898,-0.5929175,-3.328975,0.07734895,-0.05348709,1.915001,-0.9827037,-0.02626032,-0.1833141,0.03981049,0.9367925,-0.3476132,0.1808557,-0.3488986,-0.919544,moving,-20.97946,25.23999,2.312981,-1.599889,-4.580757762906817,13.07521203265868
05/11/2023 10:29:42.749331,400,True,True,True,True,Eyes,2.391859,0.1079362,-2.191186,0.3170049,-0.4042478,-0.8579578,0.0,0.0,0.0,0.0,0.0,0.0,0.0,2.050385,-0.9793627,-2.491947,2.456802,0.1034117,-2.30791,0.001543266,0.9806376,-0.1775125,0.08268534,20.38985,170.0712,358.3904,0.7359657,0.0338286,-0.6761698,0.194285,0.005348441,-0.1351232,3.325099,-0.5964947,-3.343574,0.08116204,-0.05612451,1.915001,-0.9863219,-0.0263286,-0.1627166,0.03238214,0.9369739,-0.3478957,0.1616208,-0.3484061,-0.9233052,moving,-20.27865,25.22861,2.426871,-1.678734,-4.493141463917998,13.075602083923794
05/11/2023 10:29:42.759738,401,True,True,True,True,Eyes,2.396039,0.1079374,-2.196066,0.3044408,-0.4059598,-0.8616917,0.0,0.0,0.0,0.0,0.0,0.0,0.0,2.102094,-0.9692875,-2.464437,2.462169,0.1049285,-2.31484,0.000372166,0.9814109,-0.1771382,0.07385664,20.34949,171.1136,358.4455,0.7360645,0.03377135,-0.6760652,0.1826279,0.005027534,-0.1270158,3.321641,-0.5948822,-3.362571,0.08502775,-0.05879757,1.915001,-0.9890901,-0.02543517,-0.1450993,0.02689616,0.9372438,-0.3476358,0.1448356,-0.3477457,-0.9263346,moving,-19.45862,25.22604,2.542314,-1.758638,-4.3909749864353165,13.079179266226104
05/11/2023 10:29:42.779472,402,True,True,True,True,Eyes,2.400245,0.1079093,-2.201043,0.2917145,-0.4076002,-0.8653119,0.0,0.0,0.0,0.0,0.0,0.0,0.0,2.150043,-0.965534,-2.436367,2.467314,0.1058426,-2.322066,0.0003000079,0.9820122,-0.177126,0.0654085,20.36009,172.1308,358.6198,0.7361374,0.03371335,-0.6759889,0.1716702,0.004725882,-0.1193948,3.317788,-0.6018885,-3.376246,0.08887804,-0.06145987,1.915001,-0.9914432,-0.02258187,-0.1285702,0.02376032,0.9372525,-0.3478405,0.1283576,-0.347919,-0.9286961,moving,-18.63002,25.22251,2.657275,-1.838214,-4.287709966995808,13.082522835233597
05/11/2023 10:29:42.789328,403,True,True,True,True,Eyes,2.404453,0.10783,-2.206111,0.2789078,-0.4091782,-0.8687828,0.0,0.0,0.0,0.0,0.0,0.0,0.0,2.193569,-0.9666433,-2.408234,2.471983,0.1052729,-2.328938,0.001617273,0.9825245,-0.1770617,0.05737922,20.3724,173.1272,358.9523,0.7361861,0.03365371,-0.675939,0.16137,0.00444233,-0.1122312,3.309121,-0.6097342,-3.39381,0.09277713,-0.06415614,1.915002,-0.9934102,-0.01714131,-0.1133257,0.02349735,0.9372931,-0.3477494,0.1121803,-0.3481205,-0.9307137,moving,-17.79833,25.21944,2.773671,-1.918798,-4.184075479641799,13.086016286741138
05/11/2023 10:29:42.809634,404,True,True,True,True,Eyes,2.40865,0.1077759,-2.211299,0.2660582,-0.4106166,-0.8721279,0.0,0.0,0.0,0.0,0.0,0.0,0.0,2.231492,-0.9681486,-2.383506,2.47612,0.1041964,-2.335795,0.003144745,0.9829569,-0.1768109,0.05023765,20.35959,174.0213,359.2921,0.7362117,0.03359098,-0.6759145,0.1516878,0.00417579,-0.1054973,3.301023,-0.6132274,-3.411809,0.09671271,-0.06687766,1.915002,-0.9949327,-0.01158283,-0.09987494,0.02394742,0.937456,-0.347279,0.09765083,-0.3479109,-0.9324284,moving,-16.96526,25.21207,2.891134,-2.000129,-4.080127196382632,13.088268231540948
05/11/2023 10:29:42.829589,405,True,True,True,True,Eyes,2.513167,0.1084272,-2.344314,-0.06853218,-0.4208838,-0.904522,0.0,0.0,0.0,0.0,0.0,0.0,0.0,2.268117,-0.9630758,-2.362411,2.47993,0.1048485,-2.34346,0.003412928,0.9834391,-0.17591,0.04349057,20.26059,174.842,359.4755,0.7362146,0.03352622,-0.6759147,0.1425865,0.003925242,-0.09916744,3.298634,-0.6062167,-3.430182,0.1004222,-0.06944335,1.915001,-0.9961941,-0.008588034,-0.08674139,0.02201366,0.9380881,-0.3456967,0.08433992,-0.3462904,-0.9343287,moving,4.332805,24.95307,3.001827,-2.076797,-1.4202797715331994,13.125343335949003
05/11/2023 10:29:42.849203,406,True,True,True,True,Eyes,2.513314,0.1083993,-2.344662,-0.06916016,-0.4209593,-0.9044392,0.0,0.0,0.0,0.0,0.0,0.0,0.0,2.310915,-0.9504997,-2.337838,2.483593,0.106785,-2.351516,0.001308227,0.9837927,-0.1756677,0.03593141,20.22669,175.7071,359.3863,0.7355546,0.03327336,-0.6766455,0.447583,0.005643784,-0.4922629,3.297126,-0.5985929,-3.448416,0.1044263,-0.07221204,1.915001,-0.9974143,-0.01004993,-0.07115775,0.01519803,0.9382783,-0.3455472,0.07023849,-0.3457352,-0.9356995,moving,4.372753,24.95901,3.121287,-2.159521,-1.415503003371514,13.127279021388167
05/11/2023 10:29:42.859173,407,True,True,True,True,Eyes,2.513604,0.1083203,-2.345302,-0.07032255,-0.4212981,-0.9041917,0.0,0.0,0.0,0.0,0.0,0.0,0.0,2.361114,-0.934181,-2.306005,2.487162,0.1059865,-2.359662,-0.00177275,0.9839297,-0.1764978,0.02697709,20.31782,176.7165,359.205,0.7349966,0.03306108,-0.6772622,0.420728,0.005305157,-0.4627271,3.292307,-0.5939907,-3.468701,0.1082922,-0.07488531,1.914999,-0.9985381,-0.01301132,-0.05246136,0.006034274,0.9376907,-0.3474185,0.0537129,-0.3472272,-0.9362414,moving,4.447166,24.98265,3.236598,-2.239388,-1.4070203902088443,13.134536758910027
05/11/2023 10:29:42.879775,408,True,True,True,True,Eyes,2.513999,0.108243,-2.346223,-0.0720567,-0.4218979,-0.9037754,0.0,0.0,0.0,0.0,0.0,0.0,0.0,2.410267,-0.926749,-2.26888,2.490714,0.1046387,-2.366738,-0.00395874,0.9837413,-0.1786483,0.017953,20.56962,177.7512,359.1308,0.73452,0.03288016,-0.6777881,0.3954844,0.004986848,-0.4349635,3.286985,-0.5927565,-3.486627,0.1121287,-0.07753795,1.915,-0.9993243,-0.0142033,-0.03390777,-0.001374204,0.9361382,-0.3516296,0.03673666,-0.3513453,-0.9355252,moving,4.558466,25.02398,3.351006,-2.318628,-1.3945300986276385,13.1471264141854
05/11/2023 10:29:42.889297,409,True,True,True,True,Eyes,2.51449,0.1082181,-2.34742,-0.07427521,-0.4228575,-0.9031471,0.0,0.0,0.0,0.0,0.0,0.0,0.0,2.45319,-0.9345164,-2.229988,2.493563,0.1046052,-2.373923,-0.004755731,0.9831763,-0.1823394,0.009695072,21.00513,178.7234,359.209,0.7341095,0.0327253,-0.6782403,0.3717553,0.004687637,-0.4088657,3.282735,-0.5977401,-3.500183,0.1160848,-0.08027369,1.915,-0.9997667,-0.01288703,-0.01732961,-0.005815856,0.9334594,-0.3586358,0.02079824,-0.3584514,-0.9333166,moving,4.701449,25.0892,3.468951,-2.400341,-1.378884702941602,13.166821119849033
05/11/2023 10:29:42.909055,410,True,True,True,True,Eyes,2.515054,0.1082083,-2.348887,-0.07713126,-0.4240875,-0.9023306,0.0,0.0,0.0,0.0,0.0,0.0,0.0,2.49729,-0.9459153,-2.186592,2.496237,0.1058948,-2.381172,-0.005167887,0.9824735,-0.1863284,0.0009634333,21.47624,179.7649,359.3527,0.7337501,0.03259283,-0.6786354,0.34945,0.004406379,-0.3843337,3.277504,-0.6075647,-3.51197,0.1198171,-0.08285451,1.915,-0.999945,-0.01051365,3.27515e-05,-0.009795594,0.93051,-0.3661353,0.003818944,-0.3661154,-0.930562,moving,4.885769,25.17311,3.580195,-2.477417,-1.3587106943934293,13.19216162013445
05/11/2023 10:29:42.929871,411,True,True,True,True,Eyes,2.515686,0.1082073,-2.350593,-0.08054763,-0.4254583,-0.9013864,0.0,0.0,0.0,0.0,0.0,0.0,0.0,2.543935,-0.9572588,-2.137945,2.498451,0.1062997,-2.388555,-0.005361363,0.9816322,-0.1905143,-0.008603863,21.97007,180.9174,359.5522,0.7334233,0.03247634,-0.6789942,0.328483,0.004141996,-0.3612737,3.269031,-0.6197691,-3.524371,0.1235445,-0.08543193,1.915001,-0.9997948,-0.007247454,0.01893449,-0.01380409,0.9273511,-0.3739377,-0.01484882,-0.3741222,-0.9272608,moving,5.106371,25.26752,3.691266,-2.554382,-1.3343668731995901,13.220742767588721
05/11/2023 10:29:42.939283,412,True,True,True,True,Eyes,2.516375,0.1082425,-2.352534,-0.08449326,-0.4269255,-0.9003307,0.0,0.0,0.0,0.0,0.0,0.0,0.0,2.590508,-0.9635341,-2.088864,2.500639,0.1065669,-2.395398,-0.005769513,0.9808164,-0.1939898,-0.01827979,22.38,182.0836,359.7382,0.7331141,0.03237036,-0.6793332,0.308774,0.003893476,-0.3395973,3.257293,-0.634858,-3.537132,0.127537,-0.08819267,1.915,-0.9992651,-0.004225479,0.03809668,-0.01840985,0.9246694,-0.3803257,-0.03361978,-0.3807476,-0.9240676,moving,5.361329,25.36972,3.810212,-2.636814,-1.3060035008615358,13.251767384030881
05/11/2023 10:29:42.959468,413,True,True,True,True,Eyes,2.517125,0.1083332,-2.354685,-0.08882682,-0.4282364,-0.8992904,0.0,0.0,0.0,0.0,0.0,0.0,0.0,2.634872,-0.9586766,-2.045616,2.502609,0.1074789,-2.402405,-0.007117028,0.9802335,-0.1958031,-0.02744152,22.59756,183.1674,359.801,0.7328166,0.03227416,-0.6796589,0.2902476,0.003659868,-0.3192214,3.244949,-0.6499415,-3.549139,0.1314522,-0.09090066,1.915,-0.9983928,-0.00320643,0.05658526,-0.02469896,0.9232211,-0.3834748,-0.05101112,-0.384256,-0.9218164,moving,5.641055,25.46349,3.92682,-2.717659,-1.2742784804904774,13.280474393092984
05/11/2023 10:29:42.979320,414,True,True,True,True,Eyes,2.517923,0.1084518,-2.357068,-0.09358943,-0.4294551,-0.8982257,0.0,0.0,0.0,0.0,0.0,0.0,0.0,2.678285,-0.9424303,-2.006938,2.50477,0.1088573,-2.409037,-0.009303248,0.9799101,-0.1958901,-0.0362884,22.61795,184.1918,359.7508,0.7325267,0.0321882,-0.6799743,0.2728327,0.003440276,-0.3000681,3.232157,-0.6625862,-3.562264,0.13519,-0.09348524,1.915,-0.9971933,-0.004015612,0.07476357,-0.03244977,0.923081,-0.3832341,-0.06747392,-0.3845846,-0.9206206,moving,5.948393,25.55316,4.038112,-2.794809,-1.2389807732208196,13.308136284648656
05/11/2023 10:29:42.989544,415,True,True,True,True,Eyes,2.518779,0.1085739,-2.359677,-0.09866469,-0.4303324,-0.8972621,0.0,0.0,0.0,0.0,0.0,0.0,0.0,2.719903,-0.9206514,-1.972159,2.506695,0.109619,-2.416473,-0.01158966,0.9797353,-0.1948606,-0.04487652,22.51119,185.1807,359.6762,0.732242,0.03211225,-0.6802834,0.2564627,0.003233859,-0.2820641,3.218585,-0.6708358,-3.577548,0.1390222,-0.09613532,1.915001,-0.9957037,-0.00522026,0.09245094,-0.04019891,0.92379,-0.3807834,-0.08341748,-0.3828638,-0.920031,moving,6.275145,25.62266,4.152185,-2.873904,-1.2006002014354928,13.330042873188201
05/11/2023 10:29:43.009716,416,True,True,True,True,Eyes,2.519676,0.1086698,-2.362505,-0.1040946,-0.4310437,-0.8963066,0.0,0.0,0.0,0.0,0.0,0.0,0.0,2.759503,-0.895467,-1.940481,2.508882,0.1097871,-2.423973,-0.01363282,0.9797005,-0.19282,-0.05311748,22.28786,186.1309,359.6143,0.7319597,0.03204524,-0.6805894,0.241075,0.003039828,-0.2651402,3.205267,-0.6746645,-3.594359,0.1429833,-0.09887415,1.915,-0.9939852,-0.006227935,0.1093358,-0.04719638,0.9252692,-0.3763634,-0.09882108,-0.3792599,-0.9199978,moving,6.624501,25.68341,4.270059,-2.955637,-1.1591167996919705,13.349527512154372
05/11/2023 10:29:43.030124,417,True,True,True,True,Eyes,2.520605,0.1087388,-2.365555,-0.109697,-0.4314786,-0.8954288,0.0,0.0,0.0,0.0,0.0,0.0,0.0,2.794163,-0.8766798,-1.911203,2.510745,0.1093083,-2.43163,-0.01445077,0.9796555,-0.1907556,-0.06065261,22.05536,187.0232,359.6801,0.7316769,0.03198535,-0.6808955,0.2266105,0.002857438,-0.2492318,3.189965,-0.6754066,-3.614087,0.146758,-0.1014846,1.915001,-0.9922249,-0.005173901,0.1243504,-0.05145319,0.926807,-0.3719965,-0.1133242,-0.3755024,-0.9198671,moving,6.98438,25.72794,4.382353,-3.033525,-1.1157877790704713,13.364357108518199
05/11/2023 10:29:43.039562,418,True,True,True,True,Eyes,2.521543,0.1087725,-2.368818,-0.115573,-0.4318496,-0.8945104,0.0,0.0,0.0,0.0,0.0,0.0,0.0,2.82452,-0.8658865,-1.883634,2.512441,0.108798,-2.43958,-0.01445286,0.97948,-0.1893701,-0.06744702,21.89569,187.8453,359.8291,0.731391,0.03193093,-0.6812046,0.2130138,0.002685992,-0.2342779,3.173486,-0.6739433,-3.635129,0.1507457,-0.104242,1.915001,-0.9904841,-0.002767676,0.1375999,-0.05385747,0.9278602,-0.3690188,-0.1266522,-0.372918,-0.9191798,moving,7.361974,25.77021,4.50095,-3.11579,-1.0701788671348402,13.378623768983324
05/11/2023 10:29:43.059200,419,True,True,True,True,Eyes,2.522483,0.1087824,-2.372295,-0.1216609,-0.4321203,-0.8935719,0.0,0.0,0.0,0.0,0.0,0.0,0.0,2.85268,-0.8591709,-1.855896,2.513566,0.1080733,-2.447572,-0.0142707,0.979145,-0.1886881,-0.07394925,21.81535,188.6376,-0.002436565,0.7310992,0.03188028,-0.6815193,0.200233,0.002524832,-0.2202212,3.156887,-0.6734651,-3.655092,0.1546769,-0.1069605,1.915001,-0.9886558,-3.948003e-05,0.1501995,-0.05585286,0.9283863,-0.3673954,-0.1394286,-0.3716167,-0.9178566,moving,7.753216,25.80783,4.617825,-3.196879,-1.0227174161259733,13.39161195976682
05/11/2023 10:29:43.079341,420,True,True,True,True,Eyes,2.523411,0.1087857,-2.375992,-0.1280183,-0.4323865,-0.8925544,0.0,0.0,0.0,0.0,0.0,0.0,0.0,2.88271,-0.8504803,-1.825332,2.51453,0.1075539,-2.455756,-0.01480783,0.9786283,-0.1884965,-0.0808497,21.79769,189.4634,0.09238037,0.7307994,0.0318322,-0.6818423,0.188219,0.002373342,-0.2070079,3.138809,-0.6746473,-3.674976,0.1583762,-0.1095183,1.915002,-0.9864882,0.001497057,0.163826,-0.05946248,0.9284996,-0.3665416,-0.1526611,-0.3713304,-0.9158649,moving,8.16222,25.84727,4.727768,-3.273162,-0.9731049638787355,13.405222353906044
05/11/2023 10:29:43.089388,421,True,True,True,True,Eyes,2.524334,0.1087655,-2.379902,-0.1347022,-0.4327444,-0.8913964,0.0,0.0,0.0,0.0,0.0,0.0,0.0,2.913071,-0.8402802,-1.793997,2.515195,0.1074307,-2.46429,-0.01568904,0.9780412,-0.1883201,-0.08789204,21.78517,190.2989,0.1489882,0.7304899,0.03178617,-0.6821767,0.1769259,0.002230942,-0.1945875,3.120294,-0.6768137,-3.693992,0.1624782,-0.1123552,1.915001,-0.9840579,0.002414619,0.1778332,-0.06379273,0.9285788,-0.3656117,-0.1660149,-0.3711275,-0.9136212,moving,8.59316,25.89509,4.849644,-3.357758,-0.9210385513409016,13.421382078095329
05/11/2023 10:29:43.109481,422,True,True,True,True,Eyes,2.525231,0.108694,-2.384027,-0.1416326,-0.4330583,-0.890169,0.0,0.0,0.0,0.0,0.0,0.0,0.0,2.942154,-0.8325589,-1.762775,2.515973,0.1069122,-2.472902,-0.01607564,0.9774215,-0.1881649,-0.09477943,21.7699,191.1275,0.2617745,0.7301686,0.03174127,-0.6825233,0.1663103,0.002097085,-0.1829122,3.101589,-0.6797045,-3.712004,0.1662096,-0.1149356,1.915001,-0.9815171,0.004242967,0.1913286,-0.06709366,0.9286712,-0.3647854,-0.1792291,-0.3708799,-0.911222,moving,9.040411,25.94246,4.960468,-3.43469,-0.866926799472296,13.437497114273192
05/11/2023 10:29:43.130164,423,True,True,True,True,Eyes,2.525231,0.108694,-2.384027,-0.1416326,-0.4330583,-0.890169,0.0,0.0,0.0,0.0,0.0,0.0,0.0,2.969355,-0.8270676,-1.732332,2.516271,0.1057068,-2.481789,-0.01578198,0.976827,-0.1877542,-0.1015307,21.71632,191.9542,0.4497902,0.7298313,0.0316955,-0.6828867,0.1563317,0.00197126,-0.1719375,3.081935,-0.6829462,-3.730085,0.1700968,-0.1176235,1.915001,-0.9788853,0.007293088,0.2042821,-0.06895815,0.9289985,-0.363602,-0.1924296,-0.3700114,-0.9088801,moving,9.040411,25.94246,5.07588,-3.514815,-0.866926799472296,13.437497114273192
05/11/2023 10:29:43.139802,424,True,True,True,True,Eyes,2.525231,0.108694,-2.384027,-0.1416326,-0.4330583,-0.890169,0.0,0.0,0.0,0.0,0.0,0.0,0.0,2.992389,-0.8253953,-1.706339,2.51647,0.1050313,-2.490704,-0.01526216,0.9762477,-0.1875918,-0.107317,21.68774,192.67,0.6452487,0.729528,0.03165435,-0.6832132,0.1469518,0.001852985,-0.1616212,3.062344,-0.6870161,-3.747178,0.1739824,-0.1203108,1.915001,-0.9765004,0.01046429,0.2152621,-0.07006289,0.9291527,-0.3629964,-0.2038099,-0.369548,-0.9065849,moving,9.040411,25.94246,5.191206,-3.59491,-0.866926799472296,13.437497114273192
05/11/2023 10:29:43.159436,425,True,True,True,True,Eyes,2.526068,0.1085326,-2.38913,-0.15029,-0.4343368,-0.8881242,0.0,0.0,0.0,0.0,0.0,0.0,0.0,3.016933,-0.8170592,-1.679899,2.515969,0.1042889,-2.500109,-0.01591425,0.9755809,-0.18742,-0.1134129,21.67224,193.3972,0.7065978,0.7292541,0.03161724,-0.6835067,0.1381347,0.001741805,-0.1519239,3.042032,-0.6910237,-3.764279,0.177851,-0.1229854,1.915002,-0.9737688,0.01146041,0.2272522,-0.07356298,0.9292409,-0.362077,-0.2153216,-0.3692966,-0.9040227,moving,9.604704,26.06093,5.305981,-3.674607,-0.8005931080476634,13.474877721782182
05/11/2023 10:29:43.179304,426,True,True,True,True,Eyes,2.526846,0.1083187,-2.394429,-0.1590333,-0.4356323,-0.8859644,0.0,0.0,0.0,0.0,0.0,0.0,0.0,3.043065,-0.8047609,-1.651781,2.515772,0.1035266,-2.50927,-0.01756168,0.9747435,-0.1877281,-0.1196871,21.72655,194.1271,0.6600215,0.7289469,0.0315756,-0.6838366,0.1298466,0.001637297,-0.1428085,3.020838,-0.6965793,-3.78024,0.1817825,-0.1257044,1.915001,-0.9707332,0.01070098,0.239922,-0.07917352,0.9288995,-0.3617696,-0.2267347,-0.3701773,-0.9008664,moving,10.17639,26.18353,5.422585,-3.755618,-0.7334754896076596,13.513496720517862
05/11/2023 10:29:43.189606,427,True,True,True,True,Eyes,2.52756,0.108037,-2.3999,-0.1692106,-0.4386211,-0.8825981,0.0,0.0,0.0,0.0,0.0,0.0,0.0,3.069909,-0.7904707,-1.622327,2.515169,0.1020106,-2.518857,-0.01951613,0.9737864,-0.1882099,-0.1262392,21.80691,194.886,0.5868809,0.7286057,0.03152827,-0.6842028,0.1220558,0.001539059,-0.13424,2.997522,-0.702336,-3.796519,0.1855224,-0.1282908,1.915,-0.9673658,0.009509865,0.2532063,-0.08552802,0.9283923,-0.3616251,-0.2385138,-0.3714799,-0.8972817,moving,10.85298,26.42581,5.533463,-3.832665,-0.657251274218786,13.587425633741713
05/11/2023 10:29:43.209490,428,True,True,True,True,Eyes,2.528205,0.1076884,-2.405549,-0.1793361,-0.4415174,-0.8791478,0.0,0.0,0.0,0.0,0.0,0.0,0.0,3.093656,-0.7807497,-1.596103,2.514883,0.1005081,-2.528455,-0.02081654,0.9728795,-0.188758,-0.1320702,21.88693,195.5732,0.5776269,0.7282299,0.03147375,-0.6846056,0.1147325,0.001446716,-0.1261856,2.972099,-0.7082543,-3.812983,0.1894524,-0.1310086,1.915,-0.9642481,0.009354671,0.2648354,-0.09036259,0.9278741,-0.3617791,-0.2491183,-0.3727761,-0.8938556,moving,11.5295,26.66629,5.649929,-3.913611,-0.5809763282882829,13.660831431667608
05/11/2023 10:29:43.229859,429,True,True,True,True,Eyes,2.528776,0.1072817,-2.411379,-0.1895645,-0.4442697,-0.8756083,0.0,0.0,0.0,0.0,0.0,0.0,0.0,3.114029,-0.7743011,-1.57284,2.513831,0.09852306,-2.53801,-0.02148068,0.972046,-0.1892012,-0.1373614,21.94558,196.209,0.6311638,0.7278206,0.03141091,-0.6850439,0.1078485,0.001359913,-0.1186144,2.946959,-0.7120385,-3.829594,0.1934159,-0.1337489,1.915,-0.961341,0.01021745,0.2751715,-0.09373829,0.927483,-0.3619232,-0.2589148,-0.3737257,-0.8906696,moving,12.21571,26.90251,5.767341,-3.995209,-0.5033544353751066,13.733051153331283
05/11/2023 10:29:43.249515,430,True,True,True,True,Eyes,2.529251,0.1068346,-2.417383,-0.1996828,-0.4468877,-0.8720196,0.0,0.0,0.0,0.0,0.0,0.0,0.0,3.133267,-0.7688441,-1.551218,2.512673,0.09676231,-2.547915,-0.02161358,0.9713379,-0.1890272,-0.1424931,21.92411,196.8334,0.7338789,0.7273773,0.03133885,-0.6855184,0.1013776,0.001278318,-0.1114976,2.923104,-0.7131921,-3.846719,0.1972275,-0.136385,1.915,-0.9584573,0.01188195,0.284989,-0.0958583,0.9276032,-0.361059,-0.2686467,-0.3733781,-0.8879291,moving,12.89773,27.13398,5.88021,-4.073689,-0.42609726803080494,13.803869314315627
05/11/2023 10:29:43.259143,431,True,True,True,True,Eyes,2.538901,0.09491985,-2.572204,-0.4462925,-0.4912634,-0.7479861,0.0,0.0,0.0,0.0,0.0,0.0,0.0,3.150353,-0.761797,-1.533448,2.510937,0.09541304,-2.557853,-0.02220467,0.9706834,-0.1888287,-0.1470525,21.90794,197.3775,0.7675249,0.7268988,0.03125717,-0.6860297,0.09529494,0.001201619,-0.1048077,2.898928,-0.7133203,-3.86376,0.2012267,-0.1391501,1.915001,-0.9557652,0.01242807,0.2938686,-0.09864288,0.9277014,-0.3600553,-0.2770971,-0.3731163,-0.8854387,moving,30.82278,33.29617,5.998579,-4.15599,1.601801649995251,15.687967585958702
05/11/2023 10:29:43.279177,432,True,True,True,True,Eyes,2.538808,0.09483282,-2.572632,-0.4466201,-0.4913504,-0.7477334,0.0,0.0,0.0,0.0,0.0,0.0,0.0,3.169482,-0.751459,-1.51358,2.509218,0.0941822,-2.568303,-0.0234941,0.9698825,-0.1888582,-0.1520158,21.93061,197.9575,0.7316806,0.7241603,0.03068933,-0.6889458,0.1185287,-0.0346148,-0.5629835,2.872897,-0.7139296,-3.881167,0.2048305,-0.1416423,1.915001,-0.9526788,0.01184581,0.3037489,-0.1029919,0.9275612,-0.3591976,-0.2860007,-0.3734835,-0.8824479,moving,30.84981,33.3097,6.105205,-4.230158,1.604719660591213,15.692039408789956
05/11/2023 10:29:43.289677,433,True,True,True,True,Eyes,2.538625,0.09467199,-2.573455,-0.4474135,-0.4914822,-0.7471724,0.0,0.0,0.0,0.0,0.0,0.0,0.0,3.190433,-0.7409848,-1.488161,2.506929,0.09197339,-2.57864,-0.02513357,0.968752,-0.1898116,-0.1576693,22.06674,198.6228,0.6898895,0.7218351,0.03020968,-0.6914029,0.1114169,-0.03253791,-0.5292044,2.846755,-0.7144889,-3.89738,0.208931,-0.1444777,1.915001,-0.9490174,0.01115855,0.3150263,-0.1085513,0.9266797,-0.3598351,-0.2959437,-0.3756863,-0.878224,moving,30.91355,33.3365,6.226474,-4.314521,1.6117692850113232,15.700158583750678
05/11/2023 10:29:43.309572,434,True,True,True,True,Eyes,2.538328,0.09444708,-2.574661,-0.4484753,-0.4916921,-0.7463972,0.0,0.0,0.0,0.0,0.0,0.0,0.0,3.208481,-0.7383698,-1.463894,2.504668,0.09005778,-2.588639,-0.02577151,0.9676296,-0.1911305,-0.1627822,22.22701,199.2488,0.7644714,0.7198486,0.02980071,-0.6934888,0.1047319,-0.03058564,-0.4974522,2.820085,-0.7163478,-3.913079,0.2127059,-0.1470882,1.915001,-0.9456757,0.01235072,0.3248771,-0.1120998,0.92561,-0.3614967,-0.3051742,-0.3782773,-0.8739423,moving,30.99969,33.37505,6.338065,-4.392174,1.6212193375325854,15.71180823227213
05/11/2023 10:29:43.329625,435,True,True,True,True,Eyes,2.53791,0.09419746,-2.576248,-0.4500248,-0.4918679,-0.745348,0.0,0.0,0.0,0.0,0.0,0.0,0.0,3.226124,-0.7317481,-1.440908,2.50168,0.08828563,-2.598722,-0.02692845,0.9665294,-0.1921379,-0.1678656,22.36185,199.858,0.7715099,0.7180677,0.02943283,-0.6953485,0.098448,-0.0287505,-0.467605,2.795065,-0.7158908,-3.928503,0.2164941,-0.1497077,1.915002,-0.9421918,0.01245241,0.334842,-0.116561,0.9247158,-0.3623732,-0.3141461,-0.3804547,-0.8698082,moving,31.12266,33.4215,6.449996,-4.47008,1.6349932848792839,15.725946339366999
05/11/2023 10:29:43.349100,436,True,True,True,True,Eyes,2.537363,0.09391064,-2.578203,-0.4518448,-0.4920674,-0.7441143,0.0,0.0,0.0,0.0,0.0,0.0,0.0,3.246177,-0.7158799,-1.416711,2.498411,0.08737541,-2.609124,-0.02907243,0.9654533,-0.1922088,-0.1735243,22.40968,200.5081,0.6550797,0.716434,0.02909417,-0.697046,0.09254112,-0.02702547,-0.4395487,2.771466,-0.714508,-3.943565,0.2202889,-0.1523319,1.915001,-0.9380883,0.01056966,0.3462352,-0.1228419,0.9244212,-0.3610476,-0.3238833,-0.3812267,-0.8658903,moving,31.26717,33.47584,6.562079,-4.548109,1.6511880784903257,15.742489385491236
05/11/2023 10:29:43.359624,437,True,True,True,True,Eyes,2.536691,0.09362763,-2.580523,-0.4541593,-0.4921745,-0.7426329,0.0,0.0,0.0,0.0,0.0,0.0,0.0,3.26855,-0.6899508,-1.390732,2.494874,0.08608396,-2.619498,-0.0322298,0.9643371,-0.1915315,-0.1798081,22.39515,201.2063,0.4162553,0.7149267,0.02878069,-0.6986051,0.08698865,-0.02540394,-0.4131758,2.746624,-0.7141978,-3.958325,0.2244616,-0.1552175,1.915,-0.9332607,0.006717016,0.3591372,-0.1310386,0.9245539,-0.3578114,-0.3344452,-0.3809922,-0.8619696,moving,31.448,33.53414,6.685266,-4.633895,1.6717733968903397,15.760373967841048
05/11/2023 10:29:43.379215,438,True,True,True,True,Eyes,2.535855,0.09349033,-2.583232,-0.4567019,-0.4922856,-0.7409981,0.0,0.0,0.0,0.0,0.0,0.0,0.0,3.292163,-0.6598657,-1.362983,2.491306,0.08575895,-2.630118,-0.03559948,0.9632327,-0.1900495,-0.1865387,22.29684,201.9487,0.1437933,0.7135265,0.02848977,-0.7000471,0.08176933,-0.02387971,-0.3883852,2.725087,-0.7152603,-3.970873,0.2280945,-0.1577298,1.915,-0.9278721,0.002322016,0.3728916,-0.1394843,0.9252277,-0.3528425,-0.345829,-0.3794052,-0.8581691,moving,31.64692,33.59826,6.792464,-4.708563,1.6944184487740577,15.780044141187112
05/11/2023 10:29:43.389643,439,True,True,True,True,Eyes,2.534839,0.09338806,-2.586304,-0.4598276,-0.4924292,-0.7389669,0.0,0.0,0.0,0.0,0.0,0.0,0.0,3.314387,-0.6299207,-1.337288,2.486638,0.08902333,-2.641781,-0.03961748,0.9621018,-0.1885417,-0.1929838,22.21503,202.6423,359.7858,0.7122154,0.02822307,-0.7013919,0.07686317,-0.02244692,-0.3650821,2.704902,-0.7182136,-3.98197,0.2320591,-0.1604715,1.915001,-0.9223754,-0.00346109,0.3862793,-0.1490031,0.925765,-0.3475015,-0.3564011,-0.3780836,-0.8544186,moving,31.89225,33.6785,6.909392,-4.790029,1.7223085005176113,15.804640490725731
05/11/2023 10:29:43.409395,440,True,True,True,True,Eyes,2.533691,0.09325956,-2.58971,-0.4634227,-0.4925973,-0.7366053,0.0,0.0,0.0,0.0,0.0,0.0,0.0,3.344296,-0.5953792,-1.29044,2.481462,0.08957599,-2.652987,-0.04423608,0.9599825,-0.1884835,-0.2023632,22.32038,203.7016,359.4644,0.7109775,0.02797914,-0.7026566,0.07225138,-0.02110011,-0.3431772,2.685342,-0.721651,-3.992613,0.2358644,-0.1631031,1.915001,-0.9141848,-0.008647476,0.4052059,-0.161216,0.9250343,-0.3439781,-0.3718548,-0.3797852,-0.8470464,moving,32.17535,33.77222,7.021571,-4.868208,1.754455185211894,15.83335076822566
05/11/2023 10:29:43.429795,441,True,True,True,True,Eyes,2.532438,0.09320413,-2.593399,-0.4674202,-0.4927383,-0.7339804,0.0,0.0,0.0,0.0,0.0,0.0,0.0,3.378607,-0.548895,-1.23449,2.47733,0.0885958,-2.663686,-0.04901264,0.9577014,-0.1867141,-0.2134098,22.24403,204.9519,359.1218,0.7097989,0.02775481,-0.7038559,0.0679163,-0.0198341,-0.3225866,2.664734,-0.726111,-4.002373,0.2397872,-0.1658157,1.915,-0.904108,-0.01418577,0.4270683,-0.1735721,0.9254712,-0.336713,-0.3904629,-0.3785521,-0.8391883,moving,32.49018,33.87439,7.137157,-4.948772,1.7902727265790577,15.864682342938952
05/11/2023 10:29:43.439568,442,True,True,True,True,Eyes,2.531043,0.09312517,-2.597429,-0.4717744,-0.492905,-0.731077,0.0,0.0,0.0,0.0,0.0,0.0,0.0,3.402198,-0.5201277,-1.195969,2.473716,0.09015322,-2.673654,-0.05271377,0.9558623,-0.1862553,-0.2210371,22.29481,205.8159,358.8583,0.7086693,0.02755016,-0.7050014,0.06384132,-0.01864406,-0.3032314,2.644956,-0.7300048,-4.011706,0.2436229,-0.1684679,1.915,-0.8967277,-0.01843553,0.4421986,-0.1831129,0.9250605,-0.3327655,-0.4029257,-0.3793723,-0.8329032,moving,32.83474,33.98854,7.250124,-5.027527,1.8293955769245906,15.899649833449228
05/11/2023 10:29:43.459753,443,True,True,True,True,Eyes,2.529557,0.09306425,-2.601723,-0.476465,-0.4930797,-0.7279104,0.0,0.0,0.0,0.0,0.0,0.0,0.0,3.430014,-0.4830524,-1.147619,2.469119,0.08939729,-2.685297,-0.05644982,0.953654,-0.1848243,-0.2306457,22.2443,206.9196,358.6127,0.7075768,0.0273624,-0.7061052,0.06001084,-0.01752541,-0.2850375,2.621183,-0.734875,-4.020907,0.2478029,-0.1713585,1.915,-0.8872319,-0.02240933,0.4607791,-0.192925,0.9253069,-0.3264769,-0.4190459,-0.3785566,-0.8252851,moving,33.20737,34.11335,7.373161,-5.113338,1.8716606834433982,15.937861140294853
05/11/2023 10:29:43.479311,444,True,True,True,True,Eyes,2.527965,0.09304277,-2.606274,-0.4813651,-0.4935193,-0.72438,0.0,0.0,0.0,0.0,0.0,0.0,0.0,3.455232,-0.4501072,-1.100524,2.465621,0.08965173,-2.695377,-0.05999805,0.9514224,-0.1839313,-0.2395096,22.25522,207.9425,358.3864,0.7065129,0.02719026,-0.7071765,0.05641019,-0.01647389,-0.2679352,2.59688,-0.7363647,-4.030176,0.2511287,-0.1736582,1.915,-0.8780708,-0.02606038,0.4778206,-0.2022736,0.9251391,-0.3212525,-0.4336785,-0.3787329,-0.817609,moving,33.60484,34.26656,7.471004,-5.181587,1.9160801002860466,15.984451188031464
05/11/2023 10:29:43.494274,445,True,True,True,True,Eyes,2.526277,0.0930362,-2.611058,-0.4865109,-0.4942826,-0.7204109,0.0,0.0,0.0,0.0,0.0,0.0,0.0,3.478754,-0.4276497,-1.050519,2.461692,0.09046261,-2.705566,-0.06384506,0.9485551,-0.1861269,-0.2480401,22.62981,208.9509,358.2127,0.70547,0.02703322,-0.708223,0.05302558,-0.01548546,-0.2518591,2.570982,-0.7369187,-4.038935,0.254983,-0.1763236,1.915,-0.8687999,-0.02878721,0.494326,-0.213455,0.9225612,-0.321431,-0.4467929,-0.3847756,-0.8076658,moving,34.03211,34.45449,7.584344,-5.260675,1.9630625578112637,16.041281547983402
05/11/2023 10:29:43.509922,446,True,True,True,True,Eyes,2.524521,0.09309826,-2.616035,-0.4919875,-0.4953942,-0.715914,0.0,0.0,0.0,0.0,0.0,0.0,0.0,3.505371,-0.4097988,-0.9832914,2.457923,0.09073874,-2.71529,-0.0675303,0.9446841,-0.1903741,-0.2583978,23.24016,210.2211,358.1786,0.7044414,0.02689011,-0.7092515,0.04984405,-0.01455633,-0.2367476,2.536084,-0.7401553,-4.047506,0.2589575,-0.1790721,1.915,-0.8573407,-0.02920509,0.5139207,-0.2259741,0.9183947,-0.3247874,-0.4624966,-0.3945861,-0.7939767,moving,34.49747,34.68225,7.701155,-5.342206,2.013471282033615,16.10987994702351
05/11/2023 10:29:43.529801,447,True,True,True,True,Eyes,2.5227,0.09324976,-2.621181,-0.4976861,-0.4964961,-0.7111962,0.0,0.0,0.0,0.0,0.0,0.0,0.0,3.530698,-0.4028423,-0.9099813,2.454804,0.09248489,-2.724253,-0.0696135,0.9406309,-0.1949802,-0.2689801,23.84464,211.5716,358.3667,0.7034218,0.02676131,-0.7102676,0.0468534,-0.01368295,-0.2225427,2.501143,-0.7410297,-4.055573,0.2628726,-0.1817793,1.915001,-0.8456075,-0.02606964,0.5331686,-0.2358528,0.9142734,-0.3293594,-0.4788755,-0.404258,-0.779265,moving,34.98384,34.91944,7.816154,-5.42249,2.066184017283401,16.181327729146645
05/11/2023 10:29:43.549072,448,True,True,True,True,Eyes,2.52082,0.09347543,-2.626471,-0.5037052,-0.4974671,-0.7062631,0.0,0.0,0.0,0.0,0.0,0.0,0.0,3.551256,-0.4035619,-0.8450212,2.45163,0.09490447,-2.732918,-0.06945672,0.9373876,-0.1973964,-0.2784154,24.12631,212.8117,358.7255,0.7024076,0.02664785,-0.711275,0.0440422,-0.01286197,-0.2091902,2.470795,-0.7406293,-4.063358,0.2666835,-0.1844143,1.915001,-0.8353215,-0.02029931,0.5493872,-0.2401321,0.9124209,-0.3313982,-0.4945452,-0.4087495,-0.7670392,moving,35.49638,35.15953,7.928033,-5.500611,2.1220587586846853,16.25375569292282
05/11/2023 10:29:43.559415,449,True,True,True,True,Eyes,2.518875,0.09375898,-2.631909,-0.5098707,-0.497966,-0.7014711,0.0,0.0,0.0,0.0,0.0,0.0,0.0,3.568178,-0.4022422,-0.7907495,2.448542,0.09709483,-2.741203,-0.06800835,0.9351156,-0.1966435,-0.2868187,24.00278,213.9118,359.0975,0.7013955,0.02655018,-0.7122767,0.04139967,-0.01209025,-0.1966387,2.440202,-0.7420382,-4.0702,0.2707846,-0.1872507,1.915,-0.8262198,-0.01438927,0.5631642,-0.2399934,0.9134124,-0.3287566,-0.5096705,-0.4067809,-0.7581328,moving,36.01187,35.37049,8.048373,-5.584688,2.179262741702207,16.317739433898314
05/11/2023 10:29:43.579361,450,True,True,True,True,Eyes,2.516863,0.09409665,-2.637501,-0.5162573,-0.4981877,-0.6966257,0.0,0.0,0.0,0.0,0.0,0.0,0.0,3.58384,-0.3872429,-0.745821,2.445224,0.09884571,-2.749768,-0.067177,0.933499,-0.1928811,-0.2947266,23.55982,214.8913,359.2671,0.7003816,0.02646819,-0.7132768,0.03891569,-0.01136484,-0.1848404,2.409504,-0.7441006,-4.076334,0.2746512,-0.1899241,1.915001,-0.8172469,-0.01172495,0.5761684,-0.2391137,0.9165683,-0.3205109,-0.5243396,-0.3997063,-0.7518663,moving,36.54151,35.57022,8.161757,-5.663903,2.2385990580611415,16.378536424071868
05/11/2023 10:29:43.589812,451,True,True,True,True,Eyes,2.514792,0.09444618,-2.643243,-0.5226739,-0.498084,-0.691899,0.0,0.0,0.0,0.0,0.0,0.0,0.0,3.599201,-0.3599094,-0.7061849,2.441789,0.1004936,-2.75863,-0.0679447,0.9319698,-0.1882412,-0.3022932,23.0758,215.7787,359.2005,0.6993639,0.02640181,-0.7142771,0.03658075,-0.01068295,-0.17375,2.381673,-0.7456545,-4.082366,0.2782502,-0.1924124,1.915001,-0.8080049,-0.01283675,0.5890364,-0.2404529,0.9198976,-0.3097917,-0.5378765,-0.3919486,-0.7463684,moving,37.06811,35.74934,8.267237,-5.737616,2.2982375789868437,16.433331941757523
05/11/2023 10:29:43.609496,452,True,True,True,True,Eyes,2.512684,0.09474312,-2.649125,-0.5292704,-0.4978432,-0.6870408,0.0,0.0,0.0,0.0,0.0,0.0,0.0,3.614795,-0.3249749,-0.6660423,2.438547,0.1010242,-2.767534,-0.06992422,0.9301579,-0.1839437,-0.3099708,22.6774,216.661,359.0035,0.6983396,0.02634972,-0.7152807,0.0343859,-0.01004197,-0.163325,2.356111,-0.7437244,-4.089732,0.28211,-0.1950815,1.915002,-0.7980577,-0.01604679,0.6023676,-0.2441154,0.9225507,-0.2988444,-0.5509192,-0.3855422,-0.7401658,moving,37.60931,35.92782,8.380296,-5.816662,2.359714719752755,16.48801857154181
05/11/2023 10:29:43.629632,453,True,True,True,True,Eyes,2.510551,0.09501263,-2.655118,-0.5357172,-0.4976209,-0.682188,0.0,0.0,0.0,0.0,0.0,0.0,0.0,3.629591,-0.2976512,-0.6234255,2.435752,0.1000521,-2.77638,-0.07113759,0.9281024,-0.1808533,-0.3175809,22.38848,217.5695,358.9357,0.6973069,0.02630896,-0.716289,0.03232275,-0.009439453,-0.1535255,2.329423,-0.7440056,-4.095325,0.2864062,-0.1980534,1.915,-0.7881638,-0.01717482,0.6152262,-0.246917,0.924463,-0.2905169,-0.5637643,-0.3808846,-0.732869,moving,38.14229,36.10882,8.506074,-5.904658,2.4200853698121927,16.54339370670116
05/11/2023 10:29:43.649123,454,True,True,True,True,Eyes,2.508383,0.09528795,-2.661212,-0.5421142,-0.4975278,-0.6771841,0.0,0.0,0.0,0.0,0.0,0.0,0.0,3.641097,-0.2852868,-0.5879855,2.433177,0.09965698,-2.784675,-0.0719246,0.9260745,-0.1805094,-0.3234647,22.38699,218.3056,358.9813,0.6962647,0.0262776,-0.7173033,0.03038338,-0.008873086,-0.144314,2.299076,-0.750875,-4.098077,0.2901593,-0.2006484,1.914999,-0.7803952,-0.01643826,0.6250708,-0.2499919,0.9244864,-0.2878001,-0.5731385,-0.3808604,-0.7255741,moving,38.67873,36.30476,8.615879,-5.98147,2.4803933492857984,16.603125878148898
05/11/2023 10:29:43.659522,455,True,True,True,True,Eyes,2.453017,0.1026354,-2.816106,-0.6865508,-0.4909844,-0.536267,0.0,0.0,0.0,0.0,0.0,0.0,0.0,3.650496,-0.2813514,-0.5582628,2.430325,0.1000935,-2.792927,-0.07279878,0.9240457,-0.1820747,-0.3281597,22.59842,218.9168,359.0666,0.6952122,0.02625481,-0.7183243,0.02856038,-0.008340701,-0.1356551,2.267508,-0.7627075,-4.096743,0.2940354,-0.2033284,1.915001,-0.7740229,-0.01503965,0.6329786,-0.2540379,0.9230983,-0.2887114,-0.5799595,-0.3842699,-0.71832,moving,52.0065,42.47596,8.729208,-6.060769,3.9357013641060936,18.465601965033667
05/11/2023 10:29:43.679285,456,True,True,True,True,Eyes,2.452906,0.1026562,-2.816432,-0.6867469,-0.4912233,-0.535797,0.0,0.0,0.0,0.0,0.0,0.0,0.0,3.660713,-0.2731654,-0.5222116,2.427156,0.1008002,-2.801232,-0.07466165,0.9214491,-0.1845544,-0.3336117,22.95021,219.6231,359.1006,0.6906931,0.02639026,-0.7226657,-0.1392514,0.014202,-0.5921974,2.237231,-0.77765,-4.092618,0.2974259,-0.2056732,1.915001,-0.7662576,-0.01445481,0.6423708,-0.2607329,0.9207307,-0.290299,-0.5872542,-0.389931,-0.7092857,moving,52.0388,42.51487,8.828287,-6.130131,3.938437244204785,18.477072295367996
05/11/2023 10:29:43.689553,457,True,True,True,True,Eyes,2.452702,0.1026907,-2.817052,-0.6870245,-0.4917118,-0.5349923,0.0,0.0,0.0,0.0,0.0,0.0,0.0,3.670962,-0.2660048,-0.4825363,2.424578,0.1013207,-2.809042,-0.07649241,0.9186001,-0.1876125,-0.3392995,23.36515,220.3744,359.175,0.6868874,0.02650768,-0.7262796,-0.1308963,0.01334988,-0.5566656,2.203715,-0.7926477,-4.086752,0.3018962,-0.2087644,1.915001,-0.7580493,-0.01321818,0.6520631,-0.2678456,0.9179009,-0.2927742,-0.5946593,-0.3965895,-0.6993546,moving,52.09178,42.58614,8.958834,-6.221546,3.942678798254618,18.498049475001697
05/11/2023 10:29:43.709174,458,True,True,True,True,Eyes,2.452396,0.1027798,-2.817949,-0.687457,-0.4923387,-0.5338591,0.0,0.0,0.0,0.0,0.0,0.0,0.0,3.679416,-0.2679837,-0.4474864,2.422292,0.1017221,-2.816437,-0.07734403,0.9160092,-0.1912507,-0.344047,23.8031,221.0384,359.3677,0.6836714,0.0266102,-0.7293041,-0.1230425,0.01254889,-0.5232657,2.167679,-0.8081469,-4.07953,0.305314,-0.2111276,1.915002,-0.7512993,-0.01009721,0.6598845,-0.2732942,0.9148821,-0.2971549,-0.6007162,-0.4035948,-0.6901098,moving,52.16813,42.68306,9.058584,-6.291412,3.948982487370058,18.526599004988974
05/11/2023 10:29:43.729300,459,True,True,True,True,Eyes,2.451978,0.1029246,-2.819123,-0.6881385,-0.4928879,-0.5324726,0.0,0.0,0.0,0.0,0.0,0.0,0.0,3.686493,-0.2727533,-0.4176178,2.419665,0.1031955,-2.823756,-0.07755216,0.9138727,-0.1938992,-0.3481745,24.10448,221.6224,359.5779,0.6809402,0.02670151,-0.7318515,-0.11566,0.01179595,-0.4918697,2.131224,-0.8215772,-4.071891,0.3091958,-0.213812,1.915002,-0.7455207,-0.006724057,0.6664491,-0.2767672,0.9127775,-0.3003951,-0.6062999,-0.4084018,-0.6823553,moving,52.26777,42.78916,9.171811,-6.37075,3.957882269965298,18.557937335548488
05/11/2023 10:29:43.739548,460,True,True,True,True,Eyes,2.451461,0.1031389,-2.820556,-0.6890467,-0.4933305,-0.5308859,0.0,0.0,0.0,0.0,0.0,0.0,0.0,3.694054,-0.2679722,-0.3867931,2.416675,0.1047084,-2.831283,-0.07800317,0.9119032,-0.1943823,-0.352936,24.17819,222.2481,359.6826,0.6784819,0.02678642,-0.7341281,-0.1087204,0.0110882,-0.4623575,2.097743,-0.8292186,-4.066962,0.3130294,-0.2164632,1.915001,-0.7387036,-0.005053641,0.6740118,-0.2794717,0.9122621,-0.2994554,-0.613362,-0.4095759,-0.6753037,moving,52.38703,42.90005,9.283566,-6.449088,3.9690662638776546,18.5907701969082
05/11/2023 10:29:43.759206,461,True,True,True,True,Eyes,2.450855,0.1034038,-2.822238,-0.6904317,-0.4937039,-0.5287348,0.0,0.0,0.0,0.0,0.0,0.0,0.0,3.701945,-0.2541417,-0.3574038,2.41398,0.1065931,-2.838671,-0.0787167,0.9102591,-0.1926529,-0.3579344,24.02146,222.8598,359.6618,0.6762366,0.0268678,-0.736194,-0.1021971,0.0104229,-0.4346161,2.066537,-0.8312587,-4.064309,0.3170241,-0.2192257,1.915001,-0.7313733,-0.005390997,0.6819561,-0.2812194,0.9133771,-0.2943771,-0.6212961,-0.4070789,-0.6695358,moving,52.55499,43.0377,9.399935,-6.530683,3.985428945692438,18.631631319354025
05/11/2023 10:29:43.779517,462,True,True,True,True,Eyes,2.450153,0.1036828,-2.824174,-0.6920381,-0.4939008,-0.5264459,0.0,0.0,0.0,0.0,0.0,0.0,0.0,3.709461,-0.2383481,-0.3317156,2.411394,0.1080449,-2.846129,-0.07934812,0.9088899,-0.1901004,-0.3626087,23.77244,223.4158,359.601,0.6741794,0.02694729,-0.7380756,-0.09606531,0.009797529,-0.4085391,2.036572,-0.8300867,-4.06425,0.3206701,-0.2217466,1.915001,-0.7244378,-0.006373315,0.6893109,-0.2821015,0.9151314,-0.288016,-0.6289745,-0.4031052,-0.6647537,moving,52.7391,43.17311,9.506077,-6.605121,4.003876038978571,18.67192706284539
05/11/2023 10:29:43.789467,463,True,True,True,True,Eyes,2.450153,0.1036828,-2.824174,-0.6920381,-0.4939008,-0.5264459,0.0,0.0,0.0,0.0,0.0,0.0,0.0,3.716744,-0.225214,-0.3041844,2.40853,0.1086902,-2.853876,-0.07938039,0.9074641,-0.1874466,-0.3675206,23.48757,224.014,359.6071,0.6722875,0.0270254,-0.7397963,-0.09030139,0.009209678,-0.3840267,2.00739,-0.8263389,-4.065723,0.3248036,-0.2246048,1.915001,-0.7172546,-0.006288731,0.6967826,-0.2818507,0.917125,-0.2818543,-0.6372643,-0.39855,-0.6595846,moving,52.7391,43.17311,9.626335,-6.689493,4.003876038978571,18.67192706284539
05/11/2023 10:29:43.809878,464,True,True,True,True,Eyes,2.450153,0.1036828,-2.824174,-0.6920381,-0.4939008,-0.5264459,0.0,0.0,0.0,0.0,0.0,0.0,0.0,3.723509,-0.2153783,-0.2765646,2.405771,0.1091208,-2.861425,-0.07913106,0.906,-0.1852414,-0.3722743,23.23943,224.6053,359.6593,0.6705811,0.02709556,-0.7413409,-0.08488331,0.008657097,-0.3609851,1.979455,-0.8220245,-4.067816,0.3285174,-0.2271737,1.914999,-0.7103005,-0.005464238,0.7038776,-0.2813067,0.9188477,-0.2767406,-0.6452442,-0.3945744,-0.6541951,moving,52.7391,43.17311,9.734319,-6.765304,4.003876038978571,18.67192706284539
05/11/2023 10:29:43.829922,465,True,True,True,True,Eyes,2.449105,0.1040003,-2.826983,-0.6947543,-0.493962,-0.5227982,0.0,0.0,0.0,0.0,0.0,0.0,0.0,3.73023,-0.2051893,-0.2469697,2.402769,0.1097376,-2.86921,-0.07902365,0.904355,-0.1832289,-0.3772596,23.01877,225.2284,359.7086,0.6690425,0.02715856,-0.7427275,-0.07979031,0.008137671,-0.339326,1.952911,-0.8196267,-4.069193,0.3325403,-0.2299554,1.915,-0.7028613,-0.004681135,0.711312,-0.2811806,0.9203649,-0.271783,-0.6533943,-0.3910328,-0.648205,moving,53.03877,43.37548,9.851192,-6.847356,4.034497307108609,18.732278247607425
05/11/2023 10:29:43.839595,466,True,True,True,True,Eyes,2.447973,0.1042881,-2.830003,-0.6976014,-0.49396,-0.518995,0.0,0.0,0.0,0.0,0.0,0.0,0.0,3.736716,-0.1945925,-0.2161684,2.399726,0.1100495,-2.876951,-0.0791594,0.9025235,-0.1817127,-0.3823162,22.86293,225.8662,359.7548,0.6676029,0.02722261,-0.7440194,-0.07500289,0.007649411,-0.3189664,1.927089,-0.8194704,-4.069327,0.336274,-0.2325373,1.915,-0.6951363,-0.003942963,0.7188673,-0.2818299,0.9214285,-0.2674722,-0.6613302,-0.3885279,-0.6416295,moving,53.35184,43.58423,9.959597,-6.923493,4.06657597925723,18.794552927846155
05/11/2023 10:29:43.859446,467,True,True,True,True,Eyes,2.446751,0.1045426,-2.833205,-0.701179,-0.4947445,-0.5133964,0.0,0.0,0.0,0.0,0.0,0.0,0.0,3.743088,-0.1823772,-0.1851511,2.396762,0.1096492,-2.884746,-0.07955941,0.9005765,-0.1804556,-0.3873864,22.74736,226.5067,359.7834,0.6662484,0.02728674,-0.7452301,-0.07050272,0.007190446,-0.2998285,1.90042,-0.8215674,-4.067609,0.3403581,-0.2353614,1.915001,-0.6872042,-0.003486623,0.7264559,-0.2831107,0.9222122,-0.2633876,-0.6690282,-0.3866685,-0.6347352,moving,53.78878,43.94007,10.07809,-7.006746,4.10921702705356,18.900197782806416
05/11/2023 10:29:43.879446,468,True,True,True,True,Eyes,2.445457,0.1047666,-2.836602,-0.7047919,-0.49551,-0.5076793,0.0,0.0,0.0,0.0,0.0,0.0,0.0,3.749275,-0.1680735,-0.155705,2.393886,0.1092748,-2.892562,-0.08060356,0.8985374,-0.1797721,-0.3921937,22.72374,227.1127,359.7615,0.6649671,0.02735,-0.7463713,-0.06627256,0.00675902,-0.2818388,1.873872,-0.8233817,-4.0657,0.3440684,-0.2379268,1.915001,-0.6793745,-0.003839656,0.7337818,-0.2858616,0.9223701,-0.2598394,-0.6758208,-0.3862883,-0.6277323,moving,54.23384,44.305,10.18566,-7.082346,4.152568699971431,19.00852531832032
05/11/2023 10:29:43.889534,469,True,True,True,True,Eyes,2.444101,0.1049601,-2.84018,-0.7084323,-0.4962974,-0.5018092,0.0,0.0,0.0,0.0,0.0,0.0,0.0,3.755165,-0.155955,-0.1243162,2.39104,0.108776,-2.900367,-0.08145111,0.8963495,-0.1794912,-0.3971224,22.73478,227.7477,359.7852,0.6637485,0.02741158,-0.7474529,-0.0622962,0.006353478,-0.2649285,1.847604,-0.8251386,-4.063658,0.3477041,-0.2404407,1.915002,-0.6713192,-0.003457318,0.7411605,-0.2885773,0.9222972,-0.2570817,-0.6826814,-0.3864659,-0.6201535,moving,54.68863,44.68361,10.291,-7.156402,4.1966798357028825,19.120877025875924
05/11/2023 10:29:43.909690,470,True,True,True,True,Eyes,2.442669,0.1051172,-2.843935,-0.7120787,-0.4970746,-0.4958436,0.0,0.0,0.0,0.0,0.0,0.0,0.0,3.760465,-0.1493898,-0.09609747,2.388322,0.108301,-2.908065,-0.08187883,0.894314,-0.1798178,-0.4014522,22.79083,228.3241,359.8711,0.6625829,0.02747078,-0.7484843,-0.05855843,0.00597227,-0.2490328,1.820293,-0.8262177,-4.062034,0.3516699,-0.2431829,1.915002,-0.6642638,-0.002074299,0.7474952,-0.2908272,0.9219228,-0.2558862,-0.688602,-0.387368,-0.6130033,moving,55.14925,45.07104,10.40582,-7.237157,4.241225442108759,19.235820928194695
05/11/2023 10:29:43.929331,471,True,True,True,True,Eyes,2.441166,0.1052389,-2.847862,-0.715751,-0.4978896,-0.4897004,0.0,0.0,0.0,0.0,0.0,0.0,0.0,3.765405,-0.1423136,-0.06785679,2.385249,0.1076172,-2.915841,-0.08231671,0.8922473,-0.1800649,-0.4058272,22.83866,228.9063,359.9538,0.6614618,0.02752678,-0.7494731,-0.05504492,0.005613934,-0.2340908,1.796193,-0.8273889,-4.061024,0.3555635,-0.2458755,1.915002,-0.6570567,-0.0007432657,0.753841,-0.2930441,0.9216012,-0.2545121,-0.6945516,-0.3881375,-0.6057621,moving,55.62096,45.47509,10.51848,-7.316428,4.286602718515863,19.3556499918942
05/11/2023 10:29:43.939919,472,True,True,True,True,Eyes,2.439599,0.1053424,-2.851963,-0.7194256,-0.4986985,-0.4834528,0.0,0.0,0.0,0.0,0.0,0.0,0.0,3.77044,-0.129644,-0.03747463,2.382247,0.1069106,-2.923678,-0.08327675,0.8900172,-0.1798654,-0.4105885,22.8644,229.5235,359.9668,0.6603773,0.02757893,-0.7504269,-0.05174223,0.005277098,-0.2200453,1.77194,-0.8297376,-4.059652,0.3593984,-0.2485277,1.915001,-0.6489643,-0.0005341612,0.7608189,-0.2959368,0.9214269,-0.2517816,-0.7009044,-0.3885515,-0.5981311,moving,56.09897,45.88932,10.62936,-7.394482,4.332428060017656,19.478468692214037
05/11/2023 10:29:43.959655,473,True,True,True,True,Eyes,2.437981,0.1054194,-2.856232,-0.723155,-0.4995162,-0.4770014,0.0,0.0,0.0,0.0,0.0,0.0,0.0,3.775584,-0.1116518,-0.005736351,2.379358,0.1065507,-2.931693,-0.08481926,0.8876535,-0.1792675,-0.4156204,22.87737,230.1605,359.9026,0.6593232,0.02762702,-0.7513515,-0.04863769,0.004960472,-0.2068426,1.748718,-0.8348941,-4.056337,0.3633877,-0.2512859,1.915001,-0.6401309,-0.001565774,0.7682645,-0.2995946,0.9213377,-0.2477496,-0.7074431,-0.38876,-0.5902458,moving,56.59069,46.3208,10.74461,-7.475623,4.379390417184738,19.606369328851397
05/11/2023 10:29:43.979456,474,True,True,True,True,Eyes,2.436309,0.1054602,-2.860658,-0.7268925,-0.5002825,-0.470473,0.0,0.0,0.0,0.0,0.0,0.0,0.0,3.780541,-0.09412491,0.02608633,2.376726,0.1059704,-2.939723,-0.08613525,0.8853272,-0.1784267,-0.4206428,22.85475,230.797,359.8503,0.6582933,0.02767069,-0.7522524,-0.04571943,0.004662843,-0.1944321,1.724912,-0.8416245,-4.052348,0.3672045,-0.2539259,1.915002,-0.6312808,-0.002407982,0.7755507,-0.3026235,0.9214892,-0.2434676,-0.7140754,-0.3883964,-0.5824473,moving,57.08749,46.75886,10.85479,-7.553258,4.42676785650668,19.736207677292757
05/11/2023 10:29:43.989499,475,True,True,True,True,Eyes,2.434581,0.1054519,-2.865245,-0.7307317,-0.5009453,-0.4637726,0.0,0.0,0.0,0.0,0.0,0.0,0.0,3.785002,-0.07815033,0.05704165,2.373963,0.1051325,-2.947684,-0.08714359,0.8830841,-0.17743,-0.4255434,22.8014,231.4209,359.8196,0.6572821,0.02770938,-0.7531347,-0.04297626,0.004383073,-0.1827661,1.703177,-0.8479983,-4.049068,0.371101,-0.2566207,1.915,-0.6226379,-0.002901864,0.782505,-0.3049186,0.9218492,-0.2392045,-0.7206573,-0.3875381,-0.5748631,moving,57.59798,47.20665,10.96721,-7.632484,4.47552816772633,19.868943939027883
05/11/2023 10:29:44.009416,476,True,True,True,True,Eyes,2.432797,0.1054349,-2.869981,-0.7345721,-0.501544,-0.4570093,0.0,0.0,0.0,0.0,0.0,0.0,0.0,3.789311,-0.06372851,0.0915184,2.371223,0.1038914,-2.955981,-0.08754278,0.8807442,-0.1759273,-0.4309008,22.66475,232.1078,359.8391,0.6562848,0.02774221,-0.7540027,-0.04039769,0.004120088,-0.1718002,1.681712,-0.8539138,-4.046539,0.375114,-0.2593956,1.914999,-0.6133216,-0.002591159,0.7898291,-0.30582,0.9227716,-0.2344494,-0.7282245,-0.3853385,-0.5667483,moving,58.11246,47.66007,11.08289,-7.714031,4.524599245715011,20.00333627177971
05/11/2023 10:29:44.029708,477,True,True,True,True,Eyes,2.430955,0.1053749,-2.87488,-0.7384987,-0.5021163,-0.4499987,0.0,0.0,0.0,0.0,0.0,0.0,0.0,3.793126,-0.0480442,0.1224375,2.368289,0.1036565,-2.964047,-0.08846943,0.8785067,-0.1746338,-0.4357775,22.57795,232.7267,359.799,0.6552978,0.02776946,-0.7548597,-0.03797383,0.003872883,-0.1614922,1.660299,-0.8567088,-4.045792,0.3787561,-0.2619136,1.915002,-0.6045423,-0.003239019,0.7965663,-0.307645,0.9233524,-0.2297281,-0.7347673,-0.38394,-0.559202,moving,58.64427,48.13318,11.18778,-7.787988,4.575177395486265,20.14353823858598
05/11/2023 10:29:44.044385,478,True,True,True,True,Eyes,2.429067,0.1052633,-2.879924,-0.7424467,-0.5026638,-0.442834,0.0,0.0,0.0,0.0,0.0,0.0,0.0,3.796626,-0.02925014,0.1594048,2.365237,0.102624,-2.972499,-0.08959252,0.8758072,-0.1734018,-0.4414374,22.50922,233.452,359.7619,0.6543165,0.02779051,-0.7557096,-0.0356954,0.00364051,-0.1518026,1.640461,-0.8599763,-4.045616,0.3828901,-0.2647727,1.915001,-0.5942127,-0.00383946,0.8042991,-0.3100236,0.9238101,-0.2246341,-0.742157,-0.382832,-0.55013,moving,59.18594,48.62077,11.30676,-7.871945,4.626504771367469,20.287997394506306
05/11/2023 10:29:44.059450,479,True,True,True,True,Eyes,2.427159,0.1051217,-2.885093,-0.7463826,-0.5032619,-0.4354773,0.0,0.0,0.0,0.0,0.0,0.0,0.0,3.7995,-0.01224846,0.2000008,2.362503,0.1012833,-2.980716,-0.09053724,0.8728405,-0.1726813,-0.4473632,22.48568,234.2299,359.7801,0.6533381,0.02780453,-0.7565552,-0.03355367,0.003422079,-0.1426945,1.620578,-0.8645576,-4.044624,0.3868002,-0.2674762,1.915001,-0.5833385,-0.003546592,0.8122216,-0.3125517,0.9239684,-0.2204404,-0.7496852,-0.3824525,-0.5400947,moving,59.73856,49.13006,11.41921,-7.951299,4.678478623714907,20.438816279689252
05/11/2023 10:29:44.079643,480,True,True,True,True,Eyes,2.425197,0.1049633,-2.890394,-0.7502882,-0.5038708,-0.4279974,0.0,0.0,0.0,0.0,0.0,0.0,0.0,3.802456,0.0007290244,0.2342248,2.360342,0.1004419,-2.988683,-0.09145004,0.870208,-0.1726467,-0.4522922,22.53212,234.8896,359.8147,0.6523607,0.02781139,-0.7573979,-0.03154045,0.003216755,-0.1341328,1.599086,-0.8732237,-4.040362,0.3903078,-0.2699021,1.915001,-0.5741376,-0.002987584,0.8187537,-0.3153346,0.92366,-0.2177528,-0.7555996,-0.3832013,-0.53125,moving,60.29766,49.6548,11.52001,-8.022479,4.730748908190274,20.594156235319357
05/11/2023 10:29:44.089326,481,True,True,True,True,Eyes,2.423208,0.1047579,-2.895821,-0.7541329,-0.5046687,-0.4202296,0.0,0.0,0.0,0.0,0.0,0.0,0.0,3.804585,0.0152725,0.2708125,2.357355,0.09988512,-2.996887,-0.09254281,0.8673413,-0.172542,-0.4575852,22.58155,235.5972,359.837,0.6513816,0.0278113,-0.7582401,-0.02964803,0.003023749,-0.1260848,1.578041,-0.8817829,-4.035636,0.3941889,-0.2725857,1.915,-0.5641034,-0.002627129,0.8257001,-0.3184377,0.9233302,-0.2146131,-0.76183,-0.3839979,-0.5216903,moving,60.87189,50.21638,11.63145,-8.101197,4.78368602294965,20.76027483556165
05/11/2023 10:29:44.109770,482,True,True,True,True,Eyes,2.421188,0.1045175,-2.901368,-0.7579616,-0.505434,-0.4123478,0.0,0.0,0.0,0.0,0.0,0.0,0.0,3.806157,0.03319883,0.3131747,2.354988,0.09856914,-3.00505,-0.09382813,0.8640581,-0.1724574,-0.4635283,22.64438,236.3949,359.8592,0.6503986,0.02780367,-0.7590839,-0.02786914,0.002842325,-0.1185197,1.557038,-0.8899323,-4.03131,0.3981619,-0.2753336,1.915,-0.5526757,-0.00226819,0.8333935,-0.3220236,0.9229095,-0.2110423,-0.7686681,-0.3850103,-0.5108001,moving,61.45284,50.79143,11.74545,-8.181767,4.8370148352432265,20.930340750782488
05/11/2023 10:29:44.129531,483,True,True,True,True,Eyes,2.419148,0.1042596,-2.907019,-0.7616002,-0.5065477,-0.4041961,0.0,0.0,0.0,0.0,0.0,0.0,0.0,3.807551,0.04825085,0.3517647,2.352517,0.09750389,-3.013249,-0.0946489,0.8611106,-0.1719089,-0.4690178,22.63437,237.1295,359.8914,0.6494103,0.02778827,-0.75993,-0.026197,0.002671785,-0.1114086,1.535047,-0.8955238,-4.027635,0.4021932,-0.2781215,1.914999,-0.5421279,-0.001749688,0.8402942,-0.3242629,0.9229779,-0.207281,-0.7752103,-0.3848491,-0.5009394,moving,62.04424,51.41214,11.86102,-8.263474,4.8901366089742595,21.113722092178126
05/11/2023 10:29:44.139515,484,True,True,True,True,Eyes,2.417059,0.1040482,-2.912782,-0.7651998,-0.5075509,-0.3960571,0.0,0.0,0.0,0.0,0.0,0.0,0.0,3.809072,0.06444591,0.3836718,2.35021,0.09683424,-3.021179,-0.09563234,0.8586242,-0.1708232,-0.4737493,22.57903,237.7464,359.853,0.648416,0.02776539,-0.7607794,-0.02462518,0.002511478,-0.104724,1.51244,-0.9002538,-4.024007,0.4058305,-0.2806363,1.915001,-0.5328324,-0.002369762,0.8462176,-0.3260792,0.9233478,-0.2027344,-0.7808728,-0.3839574,-0.4927623,moving,62.63453,52.03402,11.9652,-8.337137,4.943081565197048,21.297437366228824
05/11/2023 10:29:44.159218,485,True,True,True,True,Eyes,2.414909,0.103933,-2.918645,-0.7685796,-0.5088297,-0.3877856,0.0,0.0,0.0,0.0,0.0,0.0,0.0,3.810153,0.0862186,0.4141994,2.347235,0.09753279,-3.029395,-0.097064,0.8562712,-0.1683697,-0.4785707,22.41077,238.3394,359.6856,0.6474138,0.02773697,-0.7616334,-0.02314767,0.002360789,-0.09844061,1.488256,-0.9020982,-4.020658,0.4098868,-0.2834411,1.915001,-0.5230975,-0.005072603,0.8522579,-0.3273799,0.9244605,-0.1954362,-0.7868875,-0.3812442,-0.4852436,moving,63.22685,52.68852,12.08129,-8.419274,4.995201959839922,21.49063666661665
05/11/2023 10:29:44.179153,486,True,True,True,True,Eyes,2.412691,0.103823,-2.924615,-0.7719393,-0.5100534,-0.3794143,0.0,0.0,0.0,0.0,0.0,0.0,0.0,3.81031,0.1167911,0.4447508,2.343877,0.09960184,-3.03747,-0.09981731,0.8536999,-0.1656792,-0.4835114,22.29692,238.9273,359.3676,0.6464019,0.02770607,-0.7624934,0.0,0.0,0.0,1.46527,-0.901201,-4.018853,0.4135777,-0.2859935,1.915,-0.5125064,-0.01021244,0.8586227,-0.3306437,0.9251738,-0.1863551,-0.7924721,-0.3794064,-0.4775341,moving,63.82552,53.35548,12.18685,-8.493994,5.047701347463431,21.687488012468396
05/11/2023 10:29:44.199353,487,True,True,True,True,Eyes,2.410434,0.103808,-2.93068,-0.7752129,-0.5113323,-0.3709235,0.0,0.0,0.0,0.0,0.0,0.0,0.0,3.807901,0.1558972,0.4888349,2.340363,0.09961903,-3.045678,-0.1029484,0.8501016,-0.1625986,-0.4901944,22.1715,239.7487,359.0333,0.6453798,0.02767307,-0.7633599,0.0,0.0,0.0,1.434349,-0.9082917,-4.006693,0.4173549,-0.2886054,1.915001,-0.4982219,-0.01562327,0.8669087,-0.3344431,0.9259266,-0.1755213,-0.7999516,-0.3773802,-0.466542,moving,64.42984,54.04264,12.29478,-8.570418,5.1002369770468,21.890235521866536
05/11/2023 10:29:44.209365,488,True,True,True,True,Eyes,2.408123,0.1038741,-2.936828,-0.7784219,-0.5125474,-0.3624287,0.0,0.0,0.0,0.0,0.0,0.0,0.0,3.806015,0.1864139,0.5285015,2.337448,0.1017935,-3.053815,0.1050163,-0.8471091,0.1588003,0.4961453,21.91614,240.471,358.7434,0.6443461,0.02764064,-0.7642339,0.0,0.0,0.0,1.399297,-0.9118981,-3.992743,0.4212528,-0.291301,1.915,-0.4856228,-0.02034442,0.8739318,-0.3354967,0.9275081,-0.1648358,-0.8072252,-0.3732491,-0.4572445,moving,65.03359,54.73539,12.40607,-8.649265,5.152517041846293,22.094603443434547
05/11/2023 10:29:44.229904,489,True,True,True,True,Eyes,2.405745,0.1039142,-2.943072,-0.7816145,-0.5137844,-0.3537009,0.0,0.0,0.0,0.0,0.0,0.0,0.0,3.803733,0.2177079,0.5633287,2.33417,0.1036717,-3.061702,0.1076916,-0.8441631,0.155983,0.5014587,21.79926,241.1216,358.4336,0.6432999,0.02761084,-0.7651157,0.0,0.0,0.0,1.3748,-0.9160646,-3.982915,0.4250254,-0.2939097,1.915,-0.4738838,-0.02538046,0.8802218,-0.3382565,0.9281437,-0.1553444,-0.8130296,-0.3713558,-0.4484173,moving,65.65201,55.45559,12.51369,-8.725535,5.205716775908208,22.30702059147531
05/11/2023 10:29:44.239599,490,True,True,True,True,Eyes,2.403346,0.1040563,-2.949363,-0.7847577,-0.5149196,-0.3449829,0.0,0.0,0.0,0.0,0.0,0.0,0.0,3.798464,0.2458886,0.6148038,2.330557,0.1030508,-3.06996,0.1089823,-0.8402555,0.1526406,0.5087185,21.55516,242.0576,358.2845,0.6422411,0.02758268,-0.7660058,0.0,0.0,0.0,1.343322,-0.9195948,-3.971251,0.4289135,-0.2965984,1.915,-0.4586569,-0.02784375,0.8881772,-0.3384481,0.9296474,-0.1456316,-0.8216368,-0.3673968,-0.4358129,moving,66.2695,56.17893,12.62451,-8.80411,5.258697041089617,22.52034473791309
05/11/2023 10:29:44.259570,491,True,True,True,True,Eyes,2.400872,0.1041961,-2.955709,-0.7878251,-0.5160754,-0.3361514,0.0,0.0,0.0,0.0,0.0,0.0,0.0,3.796508,0.2580019,0.6475372,2.327899,0.1056311,-3.077186,0.1096786,-0.8376985,0.1510926,0.5132279,21.45192,242.6543,358.2351,0.6411689,0.02755867,-0.7669044,0.0,0.0,0.0,1.315432,-0.9239648,-3.957959,0.4330745,-0.2994758,1.915,-0.4491353,-0.02866537,0.8930037,-0.3388451,0.9302832,-0.1405598,-0.8267171,-0.3657204,-0.4275362,moving,66.89289,56.92135,12.743,-8.888167,5.311781657225203,22.739241101684126
05/11/2023 10:29:44.279771,492,True,True,True,True,Eyes,2.398362,0.104351,-2.962085,-0.7908723,-0.5171669,-0.3271995,0.0,0.0,0.0,0.0,0.0,0.0,0.0,3.792082,0.2720217,0.6877055,2.32389,0.1057411,-3.084666,0.1104466,-0.8343486,0.1503163,0.5187186,21.43305,243.4084,358.2542,0.6400833,0.02753831,-0.7678114,0.0,0.0,0.0,1.291098,-0.9375892,-3.939267,0.4367565,-0.3020218,1.915,-0.4374654,-0.02835824,0.8987882,-0.3402456,0.9304131,-0.136251,-0.8323805,-0.3654137,-0.4166723,moving,67.52415,57.67941,12.84776,-8.962506,5.36532946522798,22.962721043343418
05/11/2023 10:29:44.289292,493,True,True,True,True,Eyes,2.395794,0.104518,-2.968471,-0.7938243,-0.5182623,-0.3181935,0.0,0.0,0.0,0.0,0.0,0.0,0.0,3.787091,0.2798953,0.7311878,2.320846,0.1063177,-3.091504,0.1105045,-0.8309075,0.1500001,0.5242916,21.41653,244.196,358.378,0.6389851,0.02752164,-0.7687262,0.0,0.0,0.0,1.263337,-0.9575874,-3.910355,0.4406149,-0.3046897,1.915001,-0.4258142,-0.02635054,0.9044269,-0.3409256,0.9305775,-0.1333991,-0.8381241,-0.3651455,-0.4052367,moving,68.1573,58.45164,12.95745,-9.040373,5.418644589909333,23.190326124361984
05/11/2023 10:29:44.309331,494,True,True,True,True,Eyes,2.393146,0.1047289,-2.974865,-0.79672,-0.5192738,-0.3091797,0.0,0.0,0.0,0.0,0.0,0.0,0.0,3.782954,0.2862099,0.765204,2.317134,0.1068488,-3.098011,0.1106295,-0.8280599,0.1497652,0.5288178,21.40972,244.8376,358.4724,0.6378739,0.02750861,-0.7696488,0.0,0.0,0.0,1.234375,-0.9742884,-3.878309,0.4445075,-0.3073812,1.915002,-0.4162257,-0.02481864,0.9089225,-0.3416126,0.930663,-0.1310234,-0.8426487,-0.3650348,-0.3958442,moving,68.79047,59.23009,13.068,-9.11889,5.471756790501555,23.41973768946178
05/11/2023 10:29:44.329884,495,True,True,True,True,Eyes,2.390418,0.1049632,-2.981265,-0.7994615,-0.520384,-0.3001029,0.0,0.0,0.0,0.0,0.0,0.0,0.0,3.77689,0.3047326,0.8001485,2.312827,0.1080647,-3.104375,0.1118502,-0.8250633,0.1477946,0.5337762,21.30212,245.4919,358.3524,0.6367503,0.02750003,-0.770579,0.0,0.0,0.0,1.2045,-0.979848,-3.852723,0.4483647,-0.3100492,1.915001,-0.4051451,-0.02678854,0.9138598,-0.3423454,0.9312926,-0.1244738,-0.8477364,-0.3632857,-0.3864796,moving,69.4248,60.02816,13.17746,-9.196696,5.524365448817017,23.654853304462538
05/11/2023 10:29:44.341188,496,True,True,True,True,Eyes,2.387628,0.1051894,-2.987667,-0.8020932,-0.5215051,-0.2909966,0.0,0.0,0.0,0.0,0.0,0.0,0.0,3.768634,0.3362471,0.837769,2.308502,0.1087641,-3.110708,0.114419,-0.8216233,0.145058,0.5392603,21.20889,246.1932,358.0594,0.6356139,0.02749608,-0.7715168,0.0,0.0,0.0,1.173927,-0.974048,-3.835531,0.4522387,-0.3127281,1.915,-0.3922132,-0.03157048,0.9193324,-0.3444666,0.931733,-0.1149629,-0.8529429,-0.3617693,-0.3763129,moving,70.05941,60.83876,13.2873,-9.274788,5.576595163178484,23.89360929031948
05/11/2023 10:29:44.359390,497,True,True,True,True,Eyes,2.384781,0.1053424,-2.994063,-0.8045084,-0.5228106,-0.2818426,0.0,0.0,0.0,0.0,0.0,0.0,0.0,3.759807,0.3694135,0.8749781,2.304571,0.1086631,-3.116945,0.1173713,-0.818018,0.1430479,0.5446171,21.21548,246.8925,357.7739,0.6344652,0.0274961,-0.7724617,0.0,0.0,0.0,1.143605,-0.9612004,-3.825494,0.4563735,-0.3155876,1.915,-0.3792321,-0.03621099,0.9245927,-0.3478363,0.9315226,-0.1061866,-0.8574338,-0.3618762,-0.3658588,moving,70.69316,61.67128,13.40442,-9.358101,5.627993918277045,24.138726629289927
05/11/2023 10:29:44.379286,498,True,True,True,True,Eyes,2.381881,0.1055199,-3.000445,-0.8067642,-0.5242213,-0.2726233,0.0,0.0,0.0,0.0,0.0,0.0,0.0,3.749545,0.4010754,0.9152012,2.300684,0.1069934,-3.122971,0.1204008,-0.8139181,0.1426444,0.550176,21.38819,247.6605,357.5974,0.6333039,0.02749781,-0.773414,0.0,0.0,0.0,1.116664,-0.9485035,-3.818556,0.459839,-0.3179835,1.915002,-0.3656201,-0.0390337,0.9299455,-0.3529517,0.9303125,-0.09971841,-0.8612474,-0.3646848,-0.3539179,moving,71.32877,62.52314,13.50249,-9.427869,5.678985517666612,24.38947039277983
05/11/2023 10:29:44.389671,499,True,True,True,True,Eyes,2.378906,0.1057208,-3.0068,-0.8088347,-0.5257502,-0.2633882,0.0,0.0,0.0,0.0,0.0,0.0,0.0,3.740791,0.4237733,0.9505401,2.296842,0.1076984,-3.128825,0.1230075,-0.8101943,0.1432683,0.5549132,21.63345,248.3405,357.5142,0.6321316,0.02750169,-0.7743723,0.0,0.0,0.0,1.091612,-0.9406958,-3.809628,0.4639243,-0.3208079,1.915002,-0.3538812,-0.04031708,0.9344212,-0.358323,0.9286866,-0.09563326,-0.8639289,-0.3686673,-0.3430912,moving,71.96273,63.39024,13.61799,-9.510085,5.729268419647124,24.64463137483101
05/11/2023 10:29:44.409518,500,True,True,True,True,Eyes,2.37585,0.1059544,-3.013131,-0.8107966,-0.5273526,-0.2539844,0.0,0.0,0.0,0.0,0.0,0.0,0.0,3.731146,0.4415896,0.9872365,2.292465,0.10848,-3.134314,0.1250433,-0.8063899,0.1442154,0.5597333,21.87418,249.0506,357.5158,0.6309481,0.02750817,-0.7753366,0.0,0.0,0.0,1.067343,-0.9364007,-3.79808,0.4677554,-0.3234579,1.915001,-0.3421256,-0.04022292,0.9387929,-0.3631116,0.9271322,-0.09260593,-0.8666602,-0.3725695,-0.3318011,moving,72.60669,64.28354,13.72622,-9.587193,5.779930925882415,24.9074539429101
05/11/2023 10:29:44.429660,501,True,True,True,True,Eyes,2.372727,0.1062217,-3.019423,-0.8125951,-0.5290278,-0.244579,0.0,0.0,0.0,0.0,0.0,0.0,0.0,3.719298,0.4527796,1.032662,2.287703,0.1095465,-3.139902,0.1263358,-0.8018999,0.1461484,0.5653641,22.16308,249.9171,357.6878,0.6297535,0.02751788,-0.7763069,0.0,0.0,0.0,1.04912,-0.9389219,-3.785525,0.4715821,-0.3261044,1.915001,-0.3288056,-0.0373631,0.9436584,-0.3678715,0.9253598,-0.09154144,-0.8698032,-0.3772443,-0.3180083,moving,73.24899,65.18805,13.83422,-9.664161,5.8300165795007795,25.173523306104364
05/11/2023 10:29:44.439730,502,True,True,True,True,Eyes,2.369538,0.1065155,-3.025681,-0.8143002,-0.5307186,-0.2350596,0.0,0.0,0.0,0.0,0.0,0.0,0.0,3.707212,0.4651007,1.075807,2.283327,0.1106903,-3.145038,0.12766,-0.797612,0.1476367,0.5707202,22.40989,250.7388,357.8224,0.6285489,0.02753141,-0.7772821,0.0,0.0,0.0,1.03522,-0.9464239,-3.772645,0.4754417,-0.3287733,1.915,-0.3159629,-0.03512778,0.9481211,-0.3721648,0.9238127,-0.08979733,-0.8727318,-0.3812299,-0.3049639,moving,73.89845,66.11105,13.94304,-9.741748,5.880382920021694,25.445000185292056
05/11/2023 10:29:44.459458,503,True,True,True,True,Eyes,2.366289,0.1068402,-3.031898,-0.8159631,-0.5322704,-0.2255934,0.0,0.0,0.0,0.0,0.0,0.0,0.0,3.694879,0.4793854,1.117201,2.278906,0.1116409,-3.15027,0.1289177,-0.793525,0.1481172,0.5759857,22.55556,251.5281,357.8918,0.6273341,0.02754911,-0.7782622,0.0,0.0,0.0,1.021659,-0.9580759,-3.755329,0.4793946,-0.3315072,1.915,-0.3032414,-0.03397208,0.952308,-0.3752257,0.922883,-0.08655991,-0.8759283,-0.383579,-0.2926035,moving,74.54521,67.0312,14.0544,-9.821188,5.930507270952867,25.715635147400846
05/11/2023 10:29:44.479855,504,True,True,True,True,Eyes,2.362969,0.1071665,-3.038089,-0.8175586,-0.5337588,-0.2161004,0.0,0.0,0.0,0.0,0.0,0.0,0.0,3.683039,0.4997141,1.152226,2.274509,0.1126645,-3.155318,0.1308515,-0.7898493,0.1477053,0.5806885,22.66223,252.2082,357.8161,0.6261101,0.02757139,-0.7792466,0.0,0.0,0.0,1.009092,-0.9711523,-3.735519,0.4830627,-0.3340438,1.914999,-0.2913575,-0.03516442,0.9559678,-0.3782475,0.9221221,-0.08136187,-0.8786581,-0.3852977,-0.281968,moving,75.19397,67.95868,14.15763,-9.894857,5.980638521058476,25.988409393168972
05/11/2023 10:29:44.489854,505,True,True,True,True,Eyes,2.359578,0.107513,-3.044253,-0.8191649,-0.5349812,-0.2067943,0.0,0.0,0.0,0.0,0.0,0.0,0.0,3.670417,0.5193692,1.188899,2.269842,0.1129912,-3.160733,0.1322189,-0.7862075,0.1461828,0.5856848,22.62743,252.9129,357.7232,0.6248768,0.02759786,-0.780235,0.0,0.0,0.0,0.9981235,-0.9841238,-3.716637,0.4869122,-0.3367053,1.914999,-0.2789832,-0.03666896,0.9595957,-0.379137,0.9222975,-0.07498277,-0.8822832,-0.3847372,-0.2712081,moving,75.83197,68.86623,14.26586,-9.972117,6.03008849312278,26.255338945226462
05/11/2023 10:29:44.509784,506,True,True,True,True,Eyes,2.356101,0.1078598,-3.050387,-0.8207546,-0.5360334,-0.1975605,0.0,0.0,0.0,0.0,0.0,0.0,0.0,3.660181,0.5308084,1.220084,2.265028,0.1138189,-3.166066,0.1325844,-0.7832892,0.1442256,0.5899819,22.48152,253.5123,357.6726,0.6236343,0.02762865,-0.7812274,0.0,0.0,0.0,0.9866211,-0.9919976,-3.701404,0.4908197,-0.3394068,1.915001,-0.268686,-0.03752287,0.9624969,-0.3778848,0.9232407,-0.06949593,-0.8860086,-0.3823854,-0.2622411,moving,76.46603,69.76812,14.37561,-10.0505,6.079234913420151,26.520603977451422
05/11/2023 10:29:44.529618,507,True,True,True,True,Eyes,2.352522,0.108176,-3.056488,-0.822421,-0.5368504,-0.18819,0.0,0.0,0.0,0.0,0.0,0.0,0.0,3.651526,0.537129,1.246905,2.259704,0.1141851,-3.171375,0.1323075,-0.7808335,0.1421338,0.5937945,22.27748,254.0419,357.6574,0.6223826,0.02766339,-0.7822238,0.0,0.0,0.0,0.9722593,-0.9941997,-3.688624,0.4946909,-0.3420836,1.915001,-0.2598059,-0.03782375,0.9649199,-0.3754167,0.9245854,-0.06483869,-0.8896985,-0.3790925,-0.2544124,moving,77.11122,70.68217,14.48423,-10.12813,6.129365273403208,26.78945913296674
05/11/2023 10:29:44.549873,508,True,True,True,True,Eyes,2.348852,0.1084488,-3.062554,-0.8240479,-0.5375344,-0.1788911,0.0,0.0,0.0,0.0,0.0,0.0,0.0,3.641861,0.5435348,1.274774,2.253925,0.1137947,-3.176556,0.1319295,-0.7782383,0.1400103,0.5977768,22.06459,254.5992,357.6528,0.6211211,0.02770093,-0.7832245,0.0,0.0,0.0,0.9564991,-0.9905688,-3.679317,0.4985942,-0.3447838,1.915001,-0.2505154,-0.0379553,0.9673684,-0.372735,0.9259835,-0.06019406,-0.8934824,-0.3756516,-0.2461205,moving,77.75182,71.5926,14.59366,-10.20639,6.17904379579483,27.057238787297628
05/11/2023 10:29:44.559591,509,True,True,True,True,Eyes,2.345072,0.108683,-3.068582,-0.825568,-0.5382051,-0.1696252,0.0,0.0,0.0,0.0,0.0,0.0,0.0,3.632704,0.5508568,1.300339,2.248328,0.1130375,-3.181683,0.1317871,-0.7757238,0.1382234,0.6014806,21.89959,255.1222,357.6414,0.6198502,0.02773991,-0.7842293,0.0,0.0,0.0,0.9409373,-0.9850572,-3.672729,0.502436,-0.34744,1.915001,-0.2417062,-0.03818349,0.9695978,-0.3707381,0.9270529,-0.05591145,-0.8967336,-0.3729811,-0.2382306,moving,78.38932,72.5068,14.70126,-10.28336,6.22821191083058,27.326096960040267
05/11/2023 10:29:44.579555,510,True,True,True,True,Eyes,2.341172,0.1088676,-3.074573,-0.8269895,-0.5388489,-0.160406,0.0,0.0,0.0,0.0,0.0,0.0,0.0,3.623607,0.5599914,1.323094,2.242124,0.1123664,-3.186682,0.1321439,-0.7732072,0.1369663,0.6049206,21.81925,255.616,357.6144,0.6185694,0.02777925,-0.7852386,0.0,0.0,0.0,0.9237378,-0.9787701,-3.66558,0.5062319,-0.3500654,1.915,-0.2332184,-0.03864177,0.9716566,-0.3700568,0.9275565,-0.05193352,-0.8992595,-0.3716799,-0.2306228,moving,79.023,73.42265,14.80747,-10.35939,6.276850001580006,27.595414176156826
05/11/2023 10:29:44.589412,511,True,True,True,True,Eyes,2.337152,0.1090133,-3.080525,-0.8282825,-0.5395415,-0.1511391,0.0,0.0,0.0,0.0,0.0,0.0,0.0,3.613047,0.5723729,1.347401,2.235623,0.1113448,-3.191675,0.1330032,-0.7703215,0.1362104,0.6085735,21.82273,256.1536,357.5847,0.617278,0.02781769,-0.7862527,0.0,0.0,0.0,0.9070333,-0.9733897,-3.657544,0.5100983,-0.3527387,1.915,-0.2238972,-0.03912239,0.9738274,-0.3706986,0.9275137,-0.0479672,-0.9013617,-0.3717361,-0.2221703,moving,79.65885,74.35112,14.91554,-10.43677,6.325341453190542,27.8684078653267
05/11/2023 10:29:44.609883,512,True,True,True,True,Eyes,2.333012,0.1091195,-3.086431,-0.8294615,-0.5402444,-0.141879,0.0,0.0,0.0,0.0,0.0,0.0,0.0,3.602118,0.5815188,1.373001,2.228964,0.1105997,-3.196567,0.1336808,-0.7672594,0.1362548,0.612272,21.8874,256.7224,357.6353,0.6159759,0.02785438,-0.787272,0.0,0.0,0.0,0.890135,-0.9686967,-3.64821,0.5141078,-0.3555108,1.915001,-0.2145048,-0.03828574,0.9759723,-0.3719858,0.9271281,-0.04538747,-0.9031137,-0.3727837,-0.2131152,moving,80.29353,75.28527,15.02749,-10.51696,6.37349967666796,28.14304494052206
05/11/2023 10:29:44.629903,513,True,True,True,True,Eyes,2.328735,0.1091822,-3.092293,-0.8304763,-0.5410588,-0.1325311,0.0,0.0,0.0,0.0,0.0,0.0,0.0,3.591871,0.5862766,1.397486,2.222188,0.1098129,-3.201257,0.1340366,-0.7642621,0.1371028,0.6157438,22.00141,257.2817,357.7724,0.6146626,0.02788853,-0.7882965,0.0,0.0,0.0,0.8741934,-0.9660264,-3.637568,0.5179132,-0.3581424,1.915001,-0.2057877,-0.03603778,0.977933,-0.3737187,0.926474,-0.04450059,-0.9044257,-0.3746295,-0.204125,moving,80.93294,76.23653,15.13364,-10.59305,6.421681662117316,28.422675947606677
05/11/2023 10:29:44.639775,514,True,True,True,True,Eyes,2.324329,0.1091949,-3.098112,-0.8313901,-0.5418624,-0.1231897,0.0,0.0,0.0,0.0,0.0,0.0,0.0,3.579947,0.59182,1.424514,2.214882,0.108906,-3.205924,0.1344402,-0.7609484,0.138004,0.6195469,22.12397,257.8969,357.9211,0.6133376,0.02791936,-0.7893268,0.0,0.0,0.0,0.8591856,-0.9653493,-3.626236,0.5217171,-0.3607731,1.915,-0.1961751,-0.03360415,0.979993,-0.375604,0.9257615,-0.04344385,-0.9057798,-0.3766119,-0.1942332,moving,81.57162,77.1918,15.23965,-10.66909,6.469640344216207,28.703467668250493
05/11/2023 10:29:44.659503,515,True,True,True,True,Eyes,2.319793,0.1091904,-3.103883,-0.8322085,-0.5426404,-0.1138876,0.0,0.0,0.0,0.0,0.0,0.0,0.0,3.568651,0.5975298,1.449533,2.207644,0.1077683,-3.21063,0.1347636,-0.7578471,0.1385082,0.6231551,22.20325,258.4746,358.0418,0.6120005,0.02794598,-0.7903631,0.0,0.0,0.0,0.8464909,-0.9677523,-3.614519,0.5256376,-0.3634838,1.915001,-0.1870334,-0.03163632,0.9818441,-0.3768845,0.9253085,-0.04197874,-0.9071807,-0.3778932,-0.1849868,moving,82.20749,78.14699,15.34878,-10.74739,6.517251864862703,28.984221340210674
05/11/2023 10:29:44.679524,516,True,True,True,True,Eyes,2.315116,0.1091262,-3.109603,-0.8329477,-0.5433642,-0.1046589,0.0,0.0,0.0,0.0,0.0,0.0,0.0,3.560022,0.6007732,1.467991,2.200198,0.1074074,-3.215165,0.1348615,-0.7554548,0.1384143,0.6260527,22.20938,258.9277,358.1149,0.6106505,0.02796846,-0.7914057,0.0,0.0,0.0,0.8339477,-0.9707834,-3.601468,0.5294104,-0.3660929,1.915001,-0.1797408,-0.03045433,0.9832423,-0.3770728,0.9253078,-0.04027061,-0.9085754,-0.3779922,-0.1777991,moving,82.83839,79.09762,15.45369,-10.82271,6.564395286781342,29.26362451776752
05/11/2023 10:29:44.689716,517,True,True,True,True,Eyes,2.3103,0.1090259,-3.115269,-0.8335928,-0.5440596,-0.09551001,0.0,0.0,0.0,0.0,0.0,0.0,0.0,3.550472,0.6048541,1.487087,2.192331,0.105946,-3.219563,0.1349132,-0.7529328,0.1382964,0.6290984,22.21004,259.4053,358.1953,0.6092879,0.02798573,-0.7924547,0.0,0.0,0.0,0.8227029,-0.9745297,-3.589069,0.5331829,-0.3687021,1.915,-0.1720675,-0.02915703,0.9846538,-0.3771652,0.9253451,-0.03850843,-0.9100218,-0.3780031,-0.1702188,moving,83.46377,80.04314,15.5585,-10.89802,6.611020306707593,29.541514573072405
05/11/2023 10:29:44.709266,518,True,True,True,True,Eyes,2.305349,0.1088739,-3.120873,-0.8341538,-0.5447105,-0.08647463,0.0,0.0,0.0,0.0,0.0,0.0,0.0,3.542217,0.6066077,1.503517,2.184393,0.1050388,-3.223855,0.1348293,-0.75068,0.1382846,0.6318054,22.20903,259.8345,358.2861,0.6079115,0.0279975,-0.7935108,0.0,0.0,0.0,0.8110573,-0.9784434,-3.576334,0.537234,-0.3715037,1.915,-0.1652861,-0.02768943,0.9858568,-0.3771652,0.9253969,-0.03724323,-0.9112777,-0.3779867,-0.1633988,moving,84.08144,80.97938,15.67093,-10.97882,6.656992015144859,29.816668930749927
05/11/2023 10:29:44.729622,519,True,True,True,True,Eyes,2.300249,0.1086691,-3.126419,-0.8346516,-0.5453012,-0.07747967,0.0,0.0,0.0,0.0,0.0,0.0,0.0,3.534479,0.6091736,1.517598,2.176356,0.1036825,-3.227919,0.13489,-0.7485581,0.138407,0.6342784,22.23009,260.2307,358.3676,0.6065215,0.02800305,-0.7945735,0.0,0.0,0.0,0.7995008,-0.9823635,-3.563014,0.5413085,-0.3743204,1.915,-0.1589914,-0.02636886,0.9869279,-0.3775231,0.9252964,-0.03609569,-0.9122491,-0.378327,-0.1570691,moving,84.6965,81.9132,15.78388,-11.06001,6.7027187370289605,30.09110672413252
05/11/2023 10:29:44.744802,520,True,True,True,True,Eyes,2.295008,0.1084273,-3.131901,-0.83507,-0.5458454,-0.06863432,0.0,0.0,0.0,0.0,0.0,0.0,0.0,3.526237,0.6107684,1.532513,2.167859,0.1022591,-3.232014,0.134724,-0.7463976,0.1382342,0.6368921,22.20766,260.6433,358.4505,0.6051174,0.02800174,-0.7956434,0.0,0.0,0.0,0.7886431,-0.986005,-3.549941,0.5449989,-0.3768724,1.915001,-0.152436,-0.02503471,0.9879963,-0.3771959,0.9254814,-0.03474615,-0.9135025,-0.3779646,-0.1505197,moving,85.30143,82.83327,15.88607,-11.13354,6.747638513747648,30.361497907482903
05/11/2023 10:29:44.759638,521,True,True,True,True,Eyes,2.289619,0.1081243,-3.137318,-0.8353812,-0.5463914,-0.05995626,0.0,0.0,0.0,0.0,0.0,0.0,0.0,3.519559,0.6134994,1.542881,2.159394,0.1011479,-3.235883,0.1348743,-0.7445771,0.1381184,0.6390128,22.2131,260.9782,358.4941,0.603699,0.02799341,-0.7967204,0.0,0.0,0.0,0.7776293,-0.9888986,-3.537,0.5488973,-0.3795682,1.915001,-0.1469432,-0.02432982,0.9888457,-0.3773674,0.9254645,-0.03330672,-0.9143313,-0.3780524,-0.145172,moving,85.89485,83.73791,15.99391,-11.21116,6.791635037254884,30.627347308373196
05/11/2023 10:29:44.779218,522,True,True,True,True,Eyes,2.284097,0.1077976,-3.142669,-0.8356279,-0.5468811,-0.05144954,0.0,0.0,0.0,0.0,0.0,0.0,0.0,3.512158,0.6175051,1.553788,2.150619,0.09940046,-3.239718,0.1350261,-0.7426772,0.1377243,0.6412728,22.19416,261.3282,358.5194,0.6022661,0.02797727,-0.7978048,0.0,0.0,0.0,0.766316,-0.9909282,-3.524645,0.5526881,-0.3821896,1.915001,-0.1410746,-0.02392397,0.98971,-0.3771993,0.9255999,-0.03139216,-0.9153245,-0.3777465,-0.1396028,moving,86.47675,84.62554,16.09866,-11.28661,6.8347592417650525,30.888196019056682
05/11/2023 10:29:44.794395,523,True,True,True,True,Eyes,2.278421,0.1074415,-3.147945,-0.8358033,-0.5473314,-0.04314175,0.0,0.0,0.0,0.0,0.0,0.0,0.0,3.505919,0.6213367,1.562071,2.142019,0.09850129,-3.2434,0.1352745,-0.7410585,0.1371414,0.6432149,22.16535,261.6221,358.5107,0.6008181,0.02795358,-0.7988965,0.0,0.0,0.0,0.7530637,-0.9905533,-3.511582,0.5564579,-0.3847966,1.915001,-0.1359508,-0.02406978,0.9904233,-0.3769154,0.9257861,-0.02923848,-0.9162163,-0.3772807,-0.1349337,moving,87.04518,85.49315,16.20273,-11.3616,6.876867785549435,31.143159610442805
05/11/2023 10:29:44.809623,524,True,True,True,True,Eyes,2.27259,0.1070476,-3.153153,-0.8359559,-0.5476808,-0.03497834,0.0,0.0,0.0,0.0,0.0,0.0,0.0,3.499174,0.6262966,1.569737,2.1328,0.09744766,-3.246877,0.1355867,-0.7394536,0.1362113,0.6451908,22.11102,261.9117,358.4688,0.5993551,0.02792245,-0.7999958,0.0,0.0,0.0,0.7416641,-0.9911894,-3.49955,0.5603459,-0.3874857,1.915,-0.1306903,-0.02475553,0.9911142,-0.3762847,0.9261255,-0.02648535,-0.9172404,-0.3764025,-0.1303507,moving,87.604,86.3457,16.30994,-11.43892,6.918277378866358,31.39369889037017
05/11/2023 10:29:44.830198,525,True,True,True,True,Eyes,2.266611,0.1066199,-3.158286,-0.8360718,-0.5479574,-0.02695861,0.0,0.0,0.0,0.0,0.0,0.0,0.0,3.491262,0.6297787,1.580361,2.123424,0.09614438,-3.250369,0.135465,-0.737707,0.1347749,0.6475133,21.9798,262.2453,358.4348,0.5978763,0.02788373,-0.801103,0.0,0.0,0.0,0.7296843,-0.9931305,-3.484511,0.5642625,-0.3901936,1.915,-0.1247517,-0.02532987,0.9918647,-0.3744041,0.9269699,-0.02341796,-0.9188356,-0.3742796,-0.1251247,moving,88.15318,87.18341,16.41782,-11.51673,6.958977021719993,31.639877591871645
05/11/2023 10:29:44.841048,526,True,True,True,True,Eyes,2.260483,0.1061503,-3.163345,-0.8361976,-0.5480959,-0.01909265,0.0,0.0,0.0,0.0,0.0,0.0,0.0,3.484239,0.6308961,1.589498,2.114014,0.09492928,-3.253673,0.1350118,-0.7362132,0.1330798,0.649655,21.80028,262.5445,358.4026,0.596382,0.02783743,-0.8022177,0.0,0.0,0.0,0.718248,-0.9961029,-3.46698,0.5680944,-0.3928431,1.915001,-0.1194402,-0.0258831,0.9925039,-0.3717068,0.9281232,-0.02052794,-0.9206346,-0.3713723,-0.1204762,moving,88.69201,88.00494,16.52325,-11.59282,6.9989225827459896,31.88130281599917
05/11/2023 10:29:44.859505,527,True,True,True,True,Eyes,2.254208,0.1056528,-3.168328,-0.8363004,-0.548155,-0.01130371,0.0,0.0,0.0,0.0,0.0,0.0,0.0,3.476896,0.6318178,1.59907,2.104456,0.09345382,-3.256924,0.1344237,-0.7347075,0.1311354,0.6518732,21.58904,262.8504,358.3634,0.5948713,0.02778331,-0.8033403,0.0,0.0,0.0,0.7097126,-1.000406,-3.45163,0.5719373,-0.3955006,1.915002,-0.1139832,-0.02655686,0.9931278,-0.3684915,0.9294676,-0.01743789,-0.922617,-0.3679467,-0.1157296,moving,89.22562,88.81866,16.62886,-11.66909,7.038476254100707,32.12043238026046
05/11/2023 10:29:44.879120,528,True,True,True,True,Eyes,2.247768,0.1051527,-3.173237,-0.8364126,-0.5480878,-0.003697848,0.0,0.0,0.0,0.0,0.0,0.0,0.0,3.470832,0.6304621,1.606293,2.094762,0.09231193,-3.260028,0.1335879,-0.7335061,0.1290031,0.6538205,21.34201,263.1089,358.3213,0.5933452,0.02772156,-0.8044703,0.0,0.0,0.0,0.7004094,-1.004671,-3.434969,0.575866,-0.3982179,1.915002,-0.1093461,-0.02728538,0.9936292,-0.3646649,0.9310249,-0.01456411,-0.9246961,-0.3639342,-0.111754,moving,89.74669,89.61344,16.73672,-11.74705,7.0770943692680826,32.35399537631774
05/11/2023 10:29:44.889378,529,True,True,True,True,Eyes,2.241144,0.1047466,-3.17807,-0.8364556,-0.5480213,0.003830147,0.0,0.0,0.0,0.0,0.0,0.0,0.0,3.464203,0.6324568,1.612714,2.084516,0.09172329,-3.263116,0.133256,-0.7322198,0.1267211,0.6557733,21.1215,263.3635,358.2219,0.5918022,0.02765294,-0.8056086,0.0,0.0,0.0,0.691725,-1.009943,-3.415612,0.5796,-0.4007999,1.915001,-0.1044083,-0.0289447,0.9941132,-0.361346,0.9323692,-0.01080397,-0.9265679,-0.3603469,-0.1078061,moving,-89.73764,-89.59956,16.83913,-11.82108,-9.347589375741496,-20.63838907196606
05/11/2023 10:29:44.909304,530,True,True,True,True,Eyes,2.234357,0.1043674,-3.182821,-0.8364784,-0.5478858,0.01118925,0.0,0.0,0.0,0.0,0.0,0.0,0.0,3.458701,0.6340718,1.615937,2.073578,0.09352729,-3.266105,0.1331987,-0.7312125,0.1241467,0.6573994,20.89674,263.5574,358.0638,0.5902416,0.02758067,-0.8067551,0.0,0.0,0.0,0.6837369,-1.010426,-3.402435,0.5795998,-0.4008001,1.915,-0.1001682,-0.03156515,0.9944697,-0.3580211,0.9336914,-0.006425759,-0.9283249,-0.3566848,-0.1048272,static,-89.23362,-88.83003,16.83912,-11.82109,-9.310259859024491,-20.412248938699584
05/11/2023 10:29:44.929557,531,True,True,True,True,Eyes,2.227399,0.1040063,-3.187507,-0.8364364,-0.5477513,0.01850977,0.0,0.0,0.0,0.0,0.0,0.0,0.0,3.449938,0.6427566,1.623282,2.06305,0.09372216,-3.268836,0.1337945,-0.7295838,0.1217123,0.6595399,20.73733,263.838,357.8748,0.5886633,0.02750592,-0.8079099,0.0,0.0,0.0,0.6767013,-1.009895,-3.393096,0.5795997,-0.4007998,1.915001,-0.0942128,-0.03468027,0.994948,-0.3557768,0.9345703,-0.001113151,-0.9298103,-0.3540842,-0.1003869,static,-88.73229,-88.06458,16.83912,-11.82108,-9.273130466632672,-20.18730787971029
05/11/2023 10:29:44.939495,532,True,True,True,True,Eyes,2.220285,0.1037783,-3.192106,-0.8364304,-0.5474792,0.02551272,0.0,0.0,0.0,0.0,0.0,0.0,0.0,3.441368,0.6467494,1.632269,2.052132,0.09373463,-3.271936,0.1333083,-0.7281666,0.1177882,0.6619126,20.366,264.1228,357.6641,0.5870664,0.02742947,-0.8090737,0.0,0.0,0.0,0.6683716,-1.006014,-3.386337,0.5796001,-0.4007998,1.915001,-0.08820137,-0.03821037,0.9953696,-0.3500722,0.9367097,0.004938059,-0.9325609,-0.3480157,-0.09599543,static,-88.25291,-87.33192,16.83913,-11.82108,-9.23765064377232,-19.972005244267383
05/11/2023 10:29:44.959450,533,True,True,True,True,Eyes,2.21296,0.1035018,-3.196633,-0.8362781,-0.5473348,0.03261402,0.0,0.0,0.0,0.0,0.0,0.0,0.0,3.438366,0.6510929,1.628464,2.041342,0.09658558,-3.274411,0.1335706,-0.727897,0.1140345,0.662813,20.06435,264.1738,357.3588,0.5854511,0.02735502,-0.8102458,0.0,0.0,0.0,0.6617664,-1.00369,-3.3796,0.5795997,-0.4008,1.915,-0.08567591,-0.04328416,0.9953825,-0.3456183,0.9383101,0.01105387,-0.9344559,-0.3430753,-0.09535036,static,-87.76665,-86.58995,16.83912,-11.82109,-9.201621822886196,-19.753962574873807
05/11/2023 10:29:44.979560,534,True,True,True,True,Eyes,2.2055,0.1032305,-3.201094,-0.8361286,-0.5470979,0.03965747,0.0,0.0,0.0,0.0,0.0,0.0,0.0,3.423514,0.6659634,1.64401,2.029204,0.09504578,-3.277198,0.1342966,-0.7252774,0.1104213,0.6661415,19.82163,264.6249,357.0941,0.583816,0.02728125,-0.8114272,0.0,0.0,0.0,0.6537314,-1.003231,-3.366297,0.5796,-0.4008002,1.915,-0.07644009,-0.04769213,0.9959329,-0.3419169,0.9395432,0.01874891,-0.9366162,-0.3390931,-0.08812559,static,-87.28451,-85.85405,16.83913,-11.82109,-9.165905420966691,-19.53770444432367
05/11/2023 10:29:44.989443,535,True,True,True,True,Eyes,2.197878,0.1030103,-3.205477,-0.835713,-0.5471712,0.04677191,0.0,0.0,0.0,0.0,0.0,0.0,0.0,3.41104,0.6717628,1.660125,2.01872,0.09486461,-3.279976,0.134262,-0.722879,0.1079307,0.6691567,19.61671,265.0572,356.9777,0.5821613,0.02720828,-0.8126177,0.0,0.0,0.0,0.644612,-0.9965155,-3.356841,0.5796001,-0.4007998,1.915,-0.06840622,-0.04966525,0.9964207,-0.3385555,0.9406494,0.02364298,-0.9384567,-0.3357263,-0.08116073,static,-86.7967,-85.11427,16.83913,-11.82108,-9.129611323861324,-19.32028961058018
05/11/2023 10:29:45.009360,536,True,True,True,True,Eyes,2.190116,0.1028211,-3.209788,-0.83512,-0.547419,0.05391683,0.0,0.0,0.0,0.0,0.0,0.0,0.0,3.399683,0.6849693,1.669282,2.007417,0.09581377,-3.282473,0.1360956,-0.7204431,0.1074719,0.6714831,19.73234,265.4225,356.8474,0.5804865,0.02713743,-0.8138171,0.0,0.0,0.0,0.6381287,-0.9941853,-3.347983,0.5795999,-0.4007997,1.915001,-0.06117701,-0.05176719,0.9967836,-0.3404294,0.9398556,0.02791701,-0.9382778,-0.3376265,-0.07512067,static,-86.30602,-84.37492,16.83912,-11.82108,-9.092945753581109,-19.10298452323877
05/11/2023 10:29:45.029567,537,True,True,True,True,Eyes,2.182245,0.1027142,-3.214031,-0.8341469,-0.5481397,0.06117127,0.0,0.0,0.0,0.0,0.0,0.0,0.0,3.38253,0.7043788,1.687923,1.996585,0.09630244,-3.284983,0.1387885,-0.7167102,0.1081381,0.6748115,20.01826,265.9799,356.7665,0.5787917,0.02706937,-0.8150256,0.0,0.0,0.0,0.6269353,-0.989255,-3.331385,0.5796002,-0.4008,1.915001,-0.05073476,-0.05299661,0.9973052,-0.3448879,0.9380878,0.03230479,-0.9372718,-0.3423195,-0.06587148,static,-85.80579,-83.63226,16.83913,-11.82108,-9.055200661419969,-18.884667811995474
05/11/2023 10:29:45.039678,538,True,True,True,True,Eyes,2.174273,0.1027122,-3.218197,-0.8329331,-0.5491224,0.06846116,0.0,0.0,0.0,0.0,0.0,0.0,0.0,3.366878,0.7248451,1.703485,1.986348,0.0981451,-3.28754,0.1423198,-0.7129545,0.1105488,0.6776577,20.51917,266.5035,356.7494,0.5770776,0.02700602,-0.8162423,0.0,0.0,0.0,0.6202261,-0.9841955,-3.321996,0.5796,-0.4008001,1.915,-0.04105011,-0.05310655,0.9977447,-0.3527634,0.9350481,0.0352557,-0.9348116,-0.3505206,-0.05711788,static,-85.30125,-82.89339,16.83913,-11.82109,-9.016793874308497,-18.667429047819518
05/11/2023 10:29:45.059642,539,True,True,True,True,Eyes,2.166189,0.1028317,-3.222297,-0.8315465,-0.5502473,0.07588351,0.0,0.0,0.0,0.0,0.0,0.0,0.0,3.351406,0.7416561,1.71948,1.976269,0.1006405,-3.289804,0.1456016,-0.7091509,0.1136089,0.6804399,21.05586,267.0401,356.812,0.5753442,0.02694963,-0.8174669,0.0,0.0,0.0,0.6126971,-0.9833724,-3.307047,0.5796003,-0.4008,1.915001,-0.03160349,-0.05189889,0.9981523,-0.3611151,0.9317864,0.03701463,-0.9319857,-0.359278,-0.04818914,static,-84.78587,-82.14799,16.83914,-11.82108,-8.97725331901609,-18.448236723392554
05/11/2023 10:29:45.079491,540,True,True,True,True,Eyes,2.158027,0.103091,-3.226326,-0.8301748,-0.5512452,0.08329811,0.0,0.0,0.0,0.0,0.0,0.0,0.0,3.333801,0.7485157,1.743385,1.96575,0.1037037,-3.292258,0.1469123,-0.7052255,0.1146396,0.6840552,21.26524,267.6721,356.9015,0.5735923,0.02690273,-0.8186986,0.0,0.0,0.0,0.6056798,-0.9811841,-3.289861,0.5795999,-0.4007998,1.915,-0.02097053,-0.0503729,0.9985104,-0.3640523,0.9305491,0.03929869,-0.9311424,-0.3626859,-0.0378524,static,-84.27023,-81.4071,16.83913,-11.82108,-8.937531456057492,-18.230352797850742
05/11/2023 10:29:45.089661,541,True,True,True,True,Eyes,2.149777,0.1034216,-3.230284,-0.8292087,-0.5515563,0.09054599,0.0,0.0,0.0,0.0,0.0,0.0,0.0,3.322094,0.7398686,1.762734,1.955932,0.1073928,-3.294501,0.1459471,-0.7026652,0.1142287,0.6869594,21.1646,268.1517,357.0396,0.5718228,0.02686802,-0.8199366,0.0,0.0,0.0,0.5991352,-0.9795875,-3.276726,0.5796002,-0.4008,1.915,-0.01357277,-0.04816294,0.9987473,-0.3620448,0.9313025,0.03999044,-0.9320619,-0.3610485,-0.03007753,static,-83.76824,-80.67722,16.83914,-11.82109,-8.899145213939569,-18.015738305356745
05/11/2023 10:29:45.109495,542,True,True,True,True,Eyes,2.141445,0.1037497,-3.234178,-0.8283362,-0.551623,0.09783147,0.0,0.0,0.0,0.0,0.0,0.0,0.0,3.311707,0.7243572,1.78171,1.945743,0.1095314,-3.296767,0.1439065,-0.7003354,0.1139096,0.6898158,20.98281,268.6279,357.2736,0.5700364,0.02684619,-0.8211803,0.0,0.0,0.0,0.5918019,-0.9764162,-3.264922,0.5795997,-0.4007999,1.915,-0.006890221,-0.04441235,0.9989896,-0.3587189,0.9326311,0.03898812,-0.9334203,-0.3580878,-0.02235756,static,-83.26423,-79.94305,16.83912,-11.82108,-8.86064918777723,-17.799867284051253
05/11/2023 10:29:45.129340,543,True,True,True,True,Eyes,2.133041,0.1040981,-3.238004,-0.8278157,-0.551091,0.1049752,0.0,0.0,0.0,0.0,0.0,0.0,0.0,3.300818,0.7038513,1.80326,1.935665,0.1099598,-3.29904,0.1407324,-0.6980397,0.1128978,0.6929569,20.64993,269.1348,357.5497,0.568233,0.02683593,-0.8224296,0.0,0.0,0.0,0.5858523,-0.9757609,-3.252426,0.5795996,-0.4007999,1.915,-1.040124e-05,-0.04000699,0.9991995,-0.3529401,0.934897,0.03742871,-0.9356459,-0.3526571,-0.01412974,static,-82.7729,-79.21516,16.83912,-11.82108,-8.823524238757315,-17.585886920618396
05/11/2023 10:29:45.139496,544,True,True,True,True,Eyes,2.124576,0.1044769,-3.241762,-0.8273324,-0.5504332,0.1120015,0.0,0.0,0.0,0.0,0.0,0.0,0.0,3.292274,0.6855695,1.819227,1.925685,0.1108808,-3.301227,0.1378638,-0.6963094,0.1111956,0.6955445,20.28158,269.5292,357.7205,0.5664138,0.02683667,-0.8236835,0.0,0.0,0.0,0.582195,-0.978672,-3.239111,0.5795995,-0.4007999,1.915,0.005577355,-0.03730876,0.9992882,-0.3466748,0.9372581,0.03692775,-0.9379688,-0.346634,-0.007706546,static,-82.29036,-78.49854,16.83912,-11.82109,-8.787121326045519,-17.375225874029976
05/11/2023 10:29:45.159981,545,True,True,True,True,Eyes,2.116025,0.1048341,-3.245463,-0.8269755,-0.5495467,0.1187855,0.0,0.0,0.0,0.0,0.0,0.0,0.0,3.28391,0.6808988,1.829549,1.915896,0.1119984,-3.303292,0.1368375,-0.6947057,0.109041,0.6976888,20.02577,269.8365,357.6838,0.5645798,0.02684815,-0.8249414,0.0,0.0,0.0,0.5809445,-0.9868715,-3.22176,0.5796,-0.4007999,1.915,0.01098833,-0.03797023,0.9992185,-0.3422769,0.9387712,0.03943725,-0.939535,-0.3424427,-0.002680795,static,-81.82603,-77.80305,16.83913,-11.82108,-8.7522874764932,-17.170797298213643
05/11/2023 10:29:45.179815,546,True,True,True,True,Eyes,2.107433,0.1051464,-3.249116,-0.8265468,-0.5487024,0.1254825,0.0,0.0,0.0,0.0,0.0,0.0,0.0,3.272995,0.686636,1.840254,1.905484,0.1117715,-3.305622,0.1371189,-0.6925284,0.107241,0.7000732,19.90864,270.1954,357.5761,0.5627308,0.0268688,-0.826203,0.0,0.0,0.0,0.5809239,-0.9938849,-3.205924,0.5796002,-0.4007996,1.915001,0.01780767,-0.03976436,0.9990506,-0.3400705,0.9393955,0.04345167,-0.9402315,-0.3405214,0.00320577,static,-81.36754,-77.11857,16.83913,-11.82107,-8.717817018318296,-16.969596977795614
05/11/2023 10:29:45.189356,547,True,True,True,True,Eyes,2.0988,0.1054415,-3.252719,-0.8261169,-0.5478461,0.1318915,0.0,0.0,0.0,0.0,0.0,0.0,0.0,3.263972,0.6921512,1.848795,1.896056,0.1109957,-3.308063,0.1376805,-0.6904588,0.1068312,0.7020668,19.92848,270.5255,357.5541,0.5608678,0.02689658,-0.8274679,0.0,0.0,0.0,0.58005,-0.9998985,-3.188472,0.5795997,-0.4008,1.915,0.02370729,-0.04012019,0.9989136,-0.3401307,0.9392623,0.04579674,-0.9400794,-0.3408469,0.008621203,static,-80.92915,-76.46388,16.83912,-11.82108,-8.684864906219534,-16.777154083221774
05/11/2023 10:29:45.209568,548,True,True,True,True,Eyes,2.090123,0.1057563,-3.256247,-0.8255301,-0.5471798,0.138182,0.0,0.0,0.0,0.0,0.0,0.0,0.0,3.258992,0.693974,1.851462,1.886564,0.1108949,-3.310456,0.1384207,-0.6888489,0.1081693,0.7032968,20.10406,270.7721,357.6472,0.5589913,0.02693037,-0.8287356,0.0,0.0,0.0,0.5788969,-1.005416,-3.165254,0.5796,-0.4008,1.915001,0.02757339,-0.03855166,0.9988761,-0.3428521,0.9382782,0.0456771,-0.9389846,-0.3437262,0.01265397,static,-80.49759,-75.82714,16.83913,-11.82108,-8.652170234256985,-16.589960140872236
05/11/2023 10:29:45.229731,549,True,True,True,True,Eyes,2.081402,0.106064,-3.259703,-0.8247893,-0.546711,0.1443244,0.0,0.0,0.0,0.0,0.0,0.0,0.0,3.254968,0.696885,1.850739,1.876935,0.111717,-3.31215,0.1398575,-0.6873126,0.1108335,0.7041004,20.44462,270.9835,357.7874,0.5571025,0.02697013,-0.8300053,0.0,0.0,0.0,0.5780768,-1.009989,-3.143523,0.5795997,-0.4008001,1.915,0.03063475,-0.03617596,0.9988758,-0.3483275,0.9363116,0.04459305,-0.9368723,-0.349302,0.01608257,static,-80.07468,-75.21204,16.83912,-11.82109,-8.619837704269113,-16.409096376330524
05/11/2023 10:29:45.239335,550,True,True,True,True,Eyes,2.072656,0.1063561,-3.263098,-0.8238268,-0.5464839,0.1505487,0.0,0.0,0.0,0.0,0.0,0.0,0.0,3.244067,0.7080376,1.858547,1.867281,0.1120099,-3.313639,0.1421409,-0.6845343,0.1135195,0.7059193,20.86063,271.3747,357.8946,0.5552025,0.02701513,-0.8312759,0.0,0.0,0.0,0.5761349,-1.012495,-3.123955,0.5796001,-0.4008,1.915,0.03705221,-0.03432953,0.9987235,-0.3548718,0.9338186,0.04526412,-0.9341805,-0.356096,0.02241741,static,-79.64387,-74.59786,16.83913,-11.82109,-8.586491358401835,-16.228458141026408
05/11/2023 10:29:45.259409,551,True,True,True,True,Eyes,1.853808,0.1144507,-3.34624,-0.7871579,-0.5361156,0.3048974,0.0,0.0,0.0,0.0,0.0,0.0,0.0,3.228289,0.7217181,1.875027,1.858236,0.111949,-3.315551,0.1444959,-0.6807714,0.1162392,0.7086325,21.28785,271.9277,358.0322,0.5532914,0.02706449,-0.8325475,0.0,0.0,0.0,0.5746093,-1.015148,-3.108598,0.5796,-0.4007997,1.915001,0.04607779,-0.03199554,0.9984255,-0.3614791,0.9312187,0.04652431,-0.9312411,-0.3630536,0.03134277,static,-68.82664,-60.37243,16.83913,-11.82108,-7.709697169776621,-12.040152939711106
05/11/2023 10:29:45.279242,552,True,True,True,True,Eyes,1.853445,0.1144929,-3.346306,-0.7869821,-0.5361871,0.3052256,0.0,0.0,0.0,0.0,0.0,0.0,0.0,3.213662,0.7255172,1.893242,1.849586,0.1129651,-3.317323,0.1457047,-0.6771731,0.1193341,0.7113128,21.64798,272.492,358.3004,0.5441657,0.02747432,-0.8385274,-0.6565447,0.0242838,-0.249424,0.5705292,-1.014691,-3.093862,0.5795997,-0.4008,1.915,0.05439172,-0.02756682,0.9981391,-0.3671025,0.929059,0.04566354,-0.9285889,-0.368903,0.04041329,static,-68.80155,-60.34921,16.83912,-11.82109,-7.707340670072505,-12.033277228192222
05/11/2023 10:29:45.289582,553,True,True,True,True,Eyes,1.852725,0.1145917,-3.346438,-0.7868036,-0.5361241,0.3057956,0.0,0.0,0.0,0.0,0.0,0.0,0.0,3.199998,0.7240049,1.911159,1.84073,0.1141233,-3.318944,0.1460012,-0.6739287,0.1215484,0.7139537,21.85791,273.0268,358.5658,0.5365621,0.02780895,-0.843402,-0.617152,0.02282678,-0.2344585,0.5640467,-1.010232,-3.082541,0.5796003,-0.4007997,1.915001,0.0620922,-0.02322908,0.9978001,-0.3703486,0.9278193,0.04464638,-0.9268153,-0.372306,0.04900749,static,-68.76112,-60.30034,16.83913,-11.82108,-7.703921651511485,-12.018871503903064
05/11/2023 10:29:45.309477,554,True,True,True,True,Eyes,1.851661,0.1147374,-3.346632,-0.7865486,-0.53602,0.3066332,0.0,0.0,0.0,0.0,0.0,0.0,0.0,3.183902,0.7241908,1.932164,1.831737,0.115619,-3.320589,0.1460731,-0.670526,0.1221066,0.7170409,21.91509,273.5915,358.7165,0.5302111,0.02808481,-0.8474,-0.5801228,0.02145717,-0.220391,0.555815,-1.004274,-3.07332,0.5795997,-0.4007999,1.915001,0.07096969,-0.02078078,0.997262,-0.3710026,0.9275053,0.04572944,-0.9259161,-0.3732322,0.05811503,static,-68.70186,-60.22805,16.83912,-11.82108,-7.698932015584551,-11.997564990569515
05/11/2023 10:29:45.330300,555,True,True,True,True,Eyes,1.850256,0.1149096,-3.346896,-0.7864162,-0.5356491,0.3076192,0.0,0.0,0.0,0.0,0.0,0.0,0.0,3.1682,0.7253537,1.951747,1.822652,0.1169128,-3.32223,0.1459439,-0.6674341,0.1212909,0.7200839,21.84464,274.1062,358.7569,0.5248877,0.02831484,-0.8507,-0.5453154,0.02016974,-0.2071676,0.5470989,-0.9987112,-3.063064,0.5795994,-0.4008,1.915001,0.07964057,-0.02013668,0.9966204,-0.3694952,0.9279778,0.04827638,-0.9258136,-0.3720911,0.06646424,static,-68.63626,-60.13158,16.83911,-11.82108,-7.69395168131314,-11.969202825722135
05/11/2023 10:29:45.339496,556,True,True,True,True,Eyes,1.848527,0.1150932,-3.347228,-0.7862694,-0.5351809,0.3088072,0.0,0.0,0.0,0.0,0.0,0.0,0.0,3.153575,0.7258792,1.969769,1.813338,0.117686,-3.324136,0.1455064,-0.6646279,0.1196579,0.7230351,21.68284,274.5797,358.7432,0.5204047,0.02850896,-0.8534433,-0.5125965,0.01895955,-0.1947375,0.5395827,-0.9949154,-3.053506,0.5795996,-0.4008003,1.915,0.08790345,-0.02038151,0.9959205,-0.366449,0.9290197,0.05135651,-0.9262766,-0.3694685,0.07419524,static,-68.55759,-60.01443,16.83912,-11.8211,-7.688027276717465,-11.934765976930954
05/11/2023 10:29:45.369511,557,True,True,True,True,Eyes,1.846472,0.1152678,-3.347623,-0.7862149,-0.5345221,0.3100846,0.0,0.0,0.0,0.0,0.0,0.0,0.0,3.140917,0.7231881,1.985703,1.804042,0.1181669,-3.326085,0.144642,-0.6621755,0.1179696,0.7257311,21.47994,275.0063,358.7482,0.5166067,0.02867479,-0.8557421,-0.4818407,0.01782198,-0.1830533,0.533187,-0.993562,-3.044338,0.5796002,-0.4007998,1.915001,0.09521364,-0.02032841,0.9952493,-0.3627852,0.9303237,0.0537093,-0.9269959,-0.3661755,0.08120466,static,-68.47563,-59.88131,16.83913,-11.82108,-7.682220720660109,-11.895673861155547
05/11/2023 10:29:45.379288,558,True,True,True,True,Eyes,1.844102,0.1154028,-3.348074,-0.7860999,-0.5338316,0.3115621,0.0,0.0,0.0,0.0,0.0,0.0,0.0,3.130032,0.7190951,1.9987,1.794388,0.1181042,-3.327945,0.1436976,-0.6599783,0.1166784,0.7281249,21.30116,275.3926,358.7846,0.5132565,0.02882299,-0.8577507,-0.4529303,0.01675266,-0.1720701,0.5283207,-0.9949527,-3.033476,0.5796002,-0.4007998,1.915001,0.1016297,-0.01976173,0.9946261,-0.3595876,0.9314743,0.05524929,-0.9275604,-0.3632701,0.08755945,static,-68.37965,-59.73073,16.83913,-11.82108,-7.6752454937158054,-11.85143718755052
05/11/2023 10:29:45.389466,559,True,True,True,True,Eyes,1.841435,0.1155001,-3.348577,-0.785937,-0.5331488,0.3131382,0.0,0.0,0.0,0.0,0.0,0.0,0.0,3.116836,0.7197846,2.01323,1.784671,0.1173147,-3.32972,0.1433447,-0.6573197,0.1157343,0.7307453,21.2013,275.834,358.8137,0.5101832,0.02896017,-0.8595776,-0.4257545,0.0157475,-0.1617458,0.5242659,-0.9970644,-3.020818,0.5795997,-0.4007999,1.915,0.1090726,-0.01930205,0.9938465,-0.3575912,0.9321157,0.05734808,-0.927487,-0.3616458,0.09476611,static,-68.27634,-59.57269,16.83912,-11.82108,-7.667604154660411,-11.804995374359645
05/11/2023 10:29:45.414140,560,True,True,True,True,Eyes,1.838476,0.115563,-3.349129,-0.7856478,-0.5325297,0.3149121,0.0,0.0,0.0,0.0,0.0,0.0,0.0,3.102559,0.7224548,2.028631,1.775141,0.1164636,-3.331436,0.1433585,-0.6543859,0.1153538,0.7334309,21.17753,276.3081,358.8684,0.5073534,0.02908658,-0.8612466,-0.4002092,0.01480265,-0.1520411,0.5207245,-0.9998209,-3.00751,0.5796,-0.4007999,1.915001,0.1169451,-0.01841553,0.9929676,-0.3568317,0.9322836,0.05931535,-0.9268198,-0.3612589,0.1024548,static,-68.15755,-59.402,16.83913,-11.82108,-7.658453547386324,-11.754798199684082
05/11/2023 10:29:45.429499,561,True,True,True,True,Eyes,1.83524,0.1155846,-3.349735,-0.785267,-0.5319697,0.3168027,0.0,0.0,0.0,0.0,0.0,0.0,0.0,3.08841,0.7284408,2.042354,1.765429,0.1157207,-3.333163,0.1440012,-0.6513715,0.1155059,0.7359601,21.24968,276.7755,358.9191,0.5047374,0.02920253,-0.8627785,-0.3761966,0.01391449,-0.1429186,0.5171527,-1.002828,-2.992464,0.5795997,-0.4007999,1.915001,0.1247471,-0.01758114,0.9920328,-0.3576121,0.931844,0.06148384,-0.9255009,-0.3624329,0.1099577,static,-68.02923,-59.22503,16.83912,-11.82108,-7.648323991370489,-11.702726975278765
05/11/2023 10:29:45.439803,562,True,True,True,True,Eyes,1.831729,0.1155698,-3.350388,-0.7847384,-0.5315086,0.3188798,0.0,0.0,0.0,0.0,0.0,0.0,0.0,3.072893,0.7366409,2.057412,1.755792,0.1148176,-3.335006,0.1448338,-0.6481287,0.1154531,0.738663,21.32291,277.2714,358.9433,0.5023082,0.02930809,-0.8641915,-0.3536248,0.01307962,-0.1343435,0.5130439,-1.005097,-2.978978,0.5796,-0.4007998,1.915001,0.1331997,-0.01717997,0.9909403,-0.3583037,0.9313875,0.06430981,-0.9240543,-0.3636237,0.1179049,static,-67.88554,-59.03825,16.83913,-11.82108,-7.6366050702879695,-11.647725746737791
05/11/2023 10:29:45.459488,563,True,True,True,True,Eyes,1.82796,0.1155068,-3.351086,-0.7840797,-0.5311611,0.3210717,0.0,0.0,0.0,0.0,0.0,0.0,0.0,3.057311,0.7474086,2.071137,1.74596,0.1139212,-3.336768,0.1461005,-0.6448391,0.1156269,0.7412609,21.45182,277.7603,358.9532,0.5000417,0.02940344,-0.8655018,-0.3324073,0.01229485,-0.1262829,0.507229,-1.004962,-2.969622,0.5795997,-0.4008001,1.915,0.1416259,-0.01700318,0.9897742,-0.359842,0.9305701,0.06747561,-0.9222017,-0.3657186,0.1256744,static,-67.73145,-58.84824,16.83913,-11.82109,-7.6236981729208955,-11.591731645898253
05/11/2023 10:29:45.479219,564,True,True,True,True,Eyes,1.823939,0.1153961,-3.351828,-0.7832659,-0.5309098,0.3234645,0.0,0.0,0.0,0.0,0.0,0.0,0.0,3.041266,0.7577095,2.085551,1.736244,0.112721,-3.338516,0.1472504,-0.6414695,0.1158337,0.74392,21.57338,278.2642,358.979,0.4979161,0.02948846,-0.8667235,-0.3124629,0.01155716,-0.1187059,0.5010769,-1.005708,-2.959392,0.5796003,-0.4007999,1.915001,0.150199,-0.01657127,0.988517,-0.3612553,0.9297997,0.07047748,-0.9202907,-0.3676926,0.1336686,static,-67.56089,-58.64753,16.83913,-11.82108,-7.609094368765707,-11.532543272285764
05/11/2023 10:29:45.489721,565,True,True,True,True,Eyes,1.819673,0.1152196,-3.352612,-0.7822778,-0.5307822,0.326055,0.0,0.0,0.0,0.0,0.0,0.0,0.0,3.023569,0.7699144,2.101426,1.726464,0.1114595,-3.340304,0.1486025,-0.6378081,0.1160077,0.7467666,21.71094,278.8064,358.9948,0.4959124,0.02956297,-0.867869,-0.2937151,0.01086373,-0.1115836,0.494664,-1.005754,-2.950434,0.5795998,-0.4007999,1.915,0.159486,-0.01629838,0.9870657,-0.3628212,0.9289189,0.07396145,-0.9181095,-0.3699242,0.1422361,static,-67.37353,-58.43795,16.83912,-11.82108,-7.592692142456374,-11.470690344664884
05/11/2023 10:29:45.509720,566,True,True,True,True,Eyes,1.815175,0.1150127,-3.353439,-0.7811657,-0.5306927,0.3288548,0.0,0.0,0.0,0.0,0.0,0.0,0.0,3.003798,0.7840972,2.119204,1.716679,0.1097077,-3.342098,0.1500679,-0.6338171,0.1160225,0.7498629,21.84733,279.3947,358.9981,0.4940129,0.02962642,-0.8689494,-0.2760922,0.0102119,-0.1048886,0.4885586,-1.006956,-2.942216,0.5795999,-0.4008,1.915001,0.1696294,-0.01622933,0.9853742,-0.3642331,0.9280368,0.07798665,-0.9157293,-0.3721347,0.1515111,static,-67.1699,-58.21471,16.83912,-11.82108,-7.574715659588028,-11.404784571625633
05/11/2023 10:29:45.529488,567,True,True,True,True,Eyes,1.810437,0.114808,-3.354308,-0.7797398,-0.5307971,0.3320546,0.0,0.0,0.0,0.0,0.0,0.0,0.0,2.982869,0.7964709,2.139029,1.706895,0.1087447,-3.34395,0.1511265,-0.6297883,0.1150726,0.7531838,21.87573,279.9944,358.9495,0.4922023,0.02967916,-0.8699746,-0.2595267,0.009599189,-0.09859525,0.4813296,-1.006986,-2.93369,0.5795999,-0.4007999,1.915,0.1802499,-0.0170137,0.9834738,-0.3636971,0.9278381,0.08270925,-0.9139116,-0.3725948,0.1610549,static,-66.93312,-57.97084,16.83912,-11.82108,-7.553293792211351,-11.332712765050758
05/11/2023 10:29:45.539525,568,True,True,True,True,Eyes,1.805468,0.1145416,-3.355225,-0.778216,-0.5308809,0.3354777,0.0,0.0,0.0,0.0,0.0,0.0,0.0,2.961405,0.8080232,2.15927,1.696743,0.1085485,-3.345825,0.1520134,-0.6257861,0.1133728,0.7565912,21.83397,280.5882,358.8456,0.4904661,0.0297224,-0.870953,-0.2439551,0.009023238,-0.09267954,0.47453,-1.00785,-2.927404,0.5795999,-0.4007999,1.915,0.1910766,-0.01870201,0.981397,-0.3618095,0.928077,0.08812977,-0.9124601,-0.3719183,0.1705673,static,-66.67982,-57.71012,16.83913,-11.82108,-7.530371895848698,-11.255660372468885
05/11/2023 10:29:45.559580,569,True,True,True,True,Eyes,1.800281,0.1142473,-3.356207,-0.7765986,-0.5308696,0.3392226,0.0,0.0,0.0,0.0,0.0,0.0,0.0,2.936503,0.8207606,2.183511,1.686588,0.1067619,-3.3479,0.1526916,-0.6212324,0.1113889,0.760492,21.75499,281.2699,358.748,0.4887921,0.02975551,-0.8718925,-0.2293178,0.008481843,-0.08711877,0.4671865,-1.008831,-2.92084,0.5796,-0.4007999,1.915001,0.2033256,-0.02029321,0.978901,-0.3591347,0.9285555,0.09384474,-0.9108683,-0.3706383,0.1815111,static,-66.40403,-57.42166,16.83912,-11.82108,-7.505566433078728,-11.170433302814839
05/11/2023 10:29:45.579395,570,True,True,True,True,Eyes,1.794877,0.1139334,-3.357236,-0.7749385,-0.5307849,0.3431293,0.0,0.0,0.0,0.0,0.0,0.0,0.0,2.913834,0.8239023,2.208559,1.676612,0.1055209,-3.350344,0.1520347,-0.6171002,0.1089171,0.7643363,21.52067,281.92,358.6977,0.4871686,0.02977883,-0.8727998,-0.2155587,0.007972932,-0.08189164,0.4597346,-1.008997,-2.91603,0.5796002,-0.4007998,1.915001,0.2146487,-0.02114277,0.9764625,-0.3541399,0.930045,0.0979858,-0.9102257,-0.3668369,0.1921455,static,-66.11707,-57.1191,16.83913,-11.82108,-7.479836119182481,-11.081052494705304
05/11/2023 10:29:45.589430,571,True,True,True,True,Eyes,1.789249,0.113585,-3.358324,-0.7731797,-0.5306475,0.3472845,0.0,0.0,0.0,0.0,0.0,0.0,0.0,2.893452,0.8267795,2.229769,1.666204,0.1049355,-3.352648,0.1515581,-0.6133468,0.1065015,0.7677848,21.30746,282.5017,358.6238,0.4855855,0.02979284,-0.8736811,-0.2026252,0.007494556,-0.07697814,0.4513514,-1.008903,-2.911433,0.5796001,-0.4007999,1.915,0.2249264,-0.02237488,0.9741189,-0.3494557,0.9313751,0.1020833,-0.9095542,-0.3633726,0.2016718,static,-65.8121,-56.79708,16.83913,-11.82108,-7.452506487876309,-10.985925262642809
05/11/2023 10:29:45.609530,572,True,True,True,True,Eyes,1.783428,0.1131889,-3.359481,-0.7713391,-0.5304972,0.3515803,0.0,0.0,0.0,0.0,0.0,0.0,0.0,2.869629,0.8329113,2.253889,1.655524,0.1037718,-3.355145,0.151386,-0.6089802,0.1040844,0.7716164,21.12443,283.165,358.5407,0.4840338,0.02979763,-0.8745416,-0.1904677,0.007044883,-0.07235945,0.4416086,-1.006812,-2.905712,0.5795996,-0.4007998,1.915001,0.2366192,-0.02375575,0.971312,-0.3450086,0.9324974,0.1068532,-0.9082844,-0.3603945,0.2124509,static,-65.49626,-56.46608,16.83912,-11.82108,-7.424120264410732,-10.888132796457135
05/11/2023 10:29:45.629831,573,True,True,True,True,Eyes,1.777413,0.1127295,-3.360708,-0.7693533,-0.5304503,0.3559746,0.0,0.0,0.0,0.0,0.0,0.0,0.0,2.848988,0.8413162,2.273582,1.645391,0.1022124,-3.35797,0.1517581,-0.6049579,0.1026049,0.7748985,21.05951,283.7614,358.4896,0.4825052,0.02979286,-0.875386,-0.1790396,0.00662219,-0.06801789,0.4307511,-1.003242,-2.900903,0.5795997,-0.4008001,1.915,0.2469963,-0.02459784,0.9687042,-0.3426312,0.9328835,0.111051,-0.9064198,-0.3593375,0.2219908,static,-65.17034,-56.13523,16.83912,-11.82109,-7.394474276354155,-10.790330746399892
05/11/2023 10:29:45.639542,574,True,True,True,True,Eyes,1.771225,0.112236,-3.362005,-0.7672656,-0.5304489,0.3604545,0.0,0.0,0.0,0.0,0.0,0.0,0.0,2.829401,0.8510523,2.291143,1.635034,0.1002403,-3.360915,0.1524426,-0.6009791,0.1017629,0.777965,21.0698,284.3434,358.4713,0.4809929,0.02977784,-0.8762184,-0.1682972,0.006224859,-0.06393681,0.4192708,-0.999087,-2.89594,0.5795999,-0.4007997,1.915,0.2569368,-0.02489371,0.9661075,-0.3415657,0.9328111,0.1148753,-0.9040555,-0.3595048,0.2311707,static,-64.83628,-55.80282,16.83912,-11.82108,-7.363866497288103,-10.692032732061424
05/11/2023 10:29:45.659538,575,True,True,True,True,Eyes,1.764875,0.111721,-3.363379,-0.7650801,-0.530515,0.3649745,0.0,0.0,0.0,0.0,0.0,0.0,0.0,2.812334,0.8606887,2.305693,1.624941,0.09892068,-3.363927,0.1533547,-0.5973392,0.1013621,0.780637,21.13237,284.868,358.4669,0.4794903,0.02975271,-0.8770424,-0.1581994,0.005851367,-0.0601006,0.4067495,-0.9935914,-2.892292,0.5795999,-0.4007999,1.915,0.2658233,-0.02495552,0.9636988,-0.3414636,0.9324161,0.1183336,-0.9015214,-0.3605238,0.2393365,static,-64.49695,-55.47348,16.83913,-11.82108,-7.332501295275856,-10.594598504769785
05/11/2023 10:29:45.679447,576,True,True,True,True,Eyes,1.758374,0.1111849,-3.364822,-0.7628443,-0.5305782,0.369534,0.0,0.0,0.0,0.0,0.0,0.0,0.0,2.798511,0.8658931,2.318155,1.61493,0.09792233,-3.367148,0.1537983,-0.5941659,0.1011573,0.7829944,21.16499,285.3352,358.5036,0.4779921,0.0297179,-0.877861,-0.1487074,0.005500285,-0.05649457,0.3944505,-0.9888111,-2.889047,0.5796002,-0.4008,1.915,0.2734683,-0.02435219,0.9615728,-0.3411746,0.9322266,0.120638,-0.8993415,-0.3610548,0.246626,static,-64.15371,-55.14379,16.83913,-11.82109,-7.300660914759908,-10.497042017191347
05/11/2023 10:29:45.689795,577,True,True,True,True,Eyes,1.751721,0.1106492,-3.36633,-0.7606015,-0.5306053,0.3740901,0.0,0.0,0.0,0.0,0.0,0.0,0.0,2.78681,0.868422,2.328877,1.60501,0.09690639,-3.370266,0.1539403,-0.5913384,0.1010599,0.7851167,21.17658,285.7584,358.5636,0.4764944,0.02967381,-0.8786764,-0.139785,0.005170268,-0.05310489,0.3812729,-0.9820427,-2.887879,0.5796,-0.4007999,1.915,0.2802116,-0.02337413,0.9596537,-0.3407493,0.9321785,0.1222011,-0.8974249,-0.3612435,0.2532425,static,-63.81045,-54.8152,16.83913,-11.82109,-7.268781717341663,-10.399804880192676
05/11/2023 10:29:45.709033,578,True,True,True,True,Eyes,1.744926,0.1102209,-3.367888,-0.7584104,-0.5305724,0.3785585,0.0,0.0,0.0,0.0,0.0,0.0,0.0,2.777791,0.8658069,2.338083,1.594888,0.0964276,-3.373337,0.1534026,-0.5890243,0.1004594,0.7870362,21.08871,286.1188,358.6129,0.4749925,0.02962138,-0.8794909,-0.1313979,0.004860052,-0.0499186,0.3704528,-0.9790256,-2.883959,0.5795997,-0.4007998,1.915001,0.2859165,-0.0225854,0.9579884,-0.3388462,0.9327511,0.1231208,-0.8963454,-0.359813,0.259036,static,-63.47405,-54.4925,16.83912,-11.82108,-7.237561972806627,-10.304314453862734
05/11/2023 10:29:45.729341,579,True,True,True,True,Eyes,1.73797,0.1098226,-3.369496,-0.7562242,-0.5303843,0.3831676,0.0,0.0,0.0,0.0,0.0,0.0,0.0,2.772364,0.8651135,2.342053,1.584798,0.09852965,-3.376143,0.1533415,-0.5875275,0.09860545,0.7884002,20.9563,286.3316,358.4842,0.4734832,0.02956426,-0.8803062,-0.123514,0.004568449,-0.04692348,0.3554654,-0.9702954,-2.88083,0.5796004,-0.4008001,1.915,0.2901767,-0.02470364,0.9566543,-0.3356659,0.9335267,0.1259221,-0.8961729,-0.3576558,0.2625956,static,-63.12934,-54.15438,16.83914,-11.82109,-7.205816997473883,-10.204302020982617
05/11/2023 10:29:45.749398,580,True,True,True,True,Eyes,1.730888,0.1095512,-3.371153,-0.7541507,-0.5300526,0.3876866,0.0,0.0,0.0,0.0,0.0,0.0,0.0,2.758231,0.8699087,2.353816,1.574177,0.09877107,-3.378941,0.153404,-0.5847481,0.09576876,0.7908005,20.77046,286.7249,358.2878,0.4719627,0.0295037,-0.8811244,-0.1161032,0.004294342,-0.04410807,0.340725,-0.9615659,-2.884514,0.5795997,-0.4007999,1.915,0.297796,-0.0279374,0.9542207,-0.3308733,0.9345911,0.1306226,-0.8954555,-0.354625,0.2690738,static,-62.79364,-53.81783,16.83912,-11.82108,-7.175141785033072,-10.104793043540333
05/11/2023 10:29:45.765098,581,True,True,True,True,Eyes,1.72367,0.1093869,-3.372817,-0.7521321,-0.5295895,0.3922146,0.0,0.0,0.0,0.0,0.0,0.0,0.0,2.754024,0.8623271,2.359097,1.564174,0.101503,-3.381812,0.1522665,-0.5835771,0.09293664,0.7922218,20.47075,286.9103,358.1364,0.4704292,0.02944341,-0.8819461,-0.109137,0.004036681,-0.04146159,0.3283197,-0.9585289,-2.87623,0.5795997,-0.4008,1.915,0.3016011,-0.03046561,0.9529473,-0.3249713,0.9363554,0.1327863,-0.8963428,-0.349729,0.2725054,static,-62.45929,-53.47631,16.83912,-11.82109,-7.144798760507378,-10.003847823454834
05/11/2023 10:29:45.779437,582,True,True,True,True,Eyes,1.716322,0.1093251,-3.374488,-0.7501162,-0.529088,0.396726,0.0,0.0,0.0,0.0,0.0,0.0,0.0,2.748041,0.8626152,2.361894,1.553815,0.1038217,-3.383675,0.152311,-0.5821618,0.09062345,0.7935216,20.31854,287.1022,357.9518,0.4688806,0.0293862,-0.8827723,-0.1025888,0.00379448,-0.03897389,0.31762,-0.9538497,-2.867349,0.5796001,-0.4007999,1.915001,0.3057501,-0.03351591,0.9515218,-0.3211626,0.9371775,0.1362091,-0.89631,-0.3472391,0.2757781,static,-62.12626,-53.13634,16.83913,-11.82108,-7.114568868129659,-9.903359705557392
05/11/2023 10:29:45.789218,583,True,True,True,True,Eyes,1.708869,0.1093473,-3.376157,-0.7478665,-0.5287989,0.4013318,0.0,0.0,0.0,0.0,0.0,0.0,0.0,2.735826,0.8635072,2.371749,1.543521,0.1061645,-3.385536,0.1523128,-0.5797006,0.08846042,0.7955644,20.17633,287.4515,357.8118,0.4673147,0.02933448,-0.8836039,-0.09643344,0.003566812,-0.03663546,0.3116005,-0.9574394,-2.859783,0.5795997,-0.4007999,1.915,0.3122439,-0.03583969,0.9493257,-0.3173436,0.9379512,0.1397882,-0.8954311,-0.3449104,0.281496,static,-61.78041,-52.80333,16.83912,-11.82108,-7.082513223313591,-9.804825280569975
05/11/2023 10:29:45.809529,584,True,True,True,True,Eyes,1.701328,0.1093418,-3.377839,-0.7454311,-0.5286136,0.4060789,0.0,0.0,0.0,0.0,0.0,0.0,0.0,2.719522,0.8794894,2.380768,1.533769,0.1081008,-3.387215,0.1545346,-0.5764604,0.0874107,0.7976038,20.3218,287.8614,357.6331,0.4657315,0.02928998,-0.8844409,0.0,0.0,0.0,0.3105351,-0.9659419,-2.846036,0.5796002,-0.4007999,1.915001,0.3201056,-0.03872795,0.9465899,-0.3176044,0.9369568,0.1457372,-0.8925581,-0.3472924,0.2876249,static,-61.42035,-52.46868,16.83913,-11.82108,-7.048742804262254,-9.705739654507916
05/11/2023 10:29:45.829492,585,True,True,True,True,Eyes,1.693725,0.1092879,-3.37955,-0.7427646,-0.5285064,0.411074,0.0,0.0,0.0,0.0,0.0,0.0,0.0,2.691254,0.8968199,2.403238,1.524498,0.1073759,-3.389256,0.1562835,-0.5712648,0.08639856,0.8011039,20.43298,288.5725,357.5456,0.4641302,0.02925124,-0.8852836,0.0,0.0,0.0,0.3137785,-0.9786497,-2.832759,0.5795999,-0.4007999,1.915,0.3323837,-0.04013,0.9422902,-0.3169869,0.9362215,0.1516857,-0.8882795,-0.3491115,0.2984641,static,-61.0382,-52.12411,16.83913,-11.82109,-7.012550112275943,-9.603656648002527
05/11/2023 10:29:45.839614,586,True,True,True,True,Eyes,1.686062,0.1093759,-3.381234,-0.7401649,-0.5282534,0.416058,0.0,0.0,0.0,0.0,0.0,0.0,0.0,2.671952,0.8978668,2.422166,1.515661,0.106233,-3.391735,0.1560851,-0.5672648,0.08667079,0.8039504,20.4445,289.1705,357.6926,0.4625103,0.02921639,-0.8861321,0.0,0.0,0.0,0.317934,-0.9909176,-2.818393,0.5796002,-0.4007999,1.915001,0.3413977,-0.03772508,0.9391616,-0.3164411,0.9362513,0.1526387,-0.8850495,-0.3492999,0.3076962,static,-60.65899,-51.77566,16.83913,-11.82108,-6.976851542732275,-9.500462333894351
05/11/2023 10:29:45.859662,587,True,True,True,True,Eyes,1.678282,0.1095851,-3.38285,-0.7374347,-0.527972,0.4212312,0.0,0.0,0.0,0.0,0.0,0.0,0.0,2.666364,0.8788037,2.431269,1.506653,0.1098333,-3.392756,0.1539738,-0.5656977,0.08660107,0.8054678,20.24419,289.4592,357.8807,0.4608726,0.02918883,-0.8869859,0.0,0.0,0.0,0.3163694,-0.9929999,-2.80176,0.5796001,-0.4008,1.915,0.3449726,-0.03469653,0.9379713,-0.3137141,0.9375846,0.1500619,-0.8846341,-0.346022,0.3125563,static,-60.2645,-51.41613,16.83913,-11.82109,-6.939616753192028,-9.393969663663484
05/11/2023 10:29:45.879578,588,True,True,True,True,Eyes,1.670371,0.1098057,-3.384428,-0.7345858,-0.5275943,0.4266475,0.0,0.0,0.0,0.0,0.0,0.0,0.0,2.643939,0.8804494,2.448987,1.496364,0.1128965,-3.392829,0.1539912,-0.5618786,0.08415627,0.8083916,20.09279,289.997,357.7429,0.4592165,0.02917112,-0.887845,0.0,0.0,0.0,0.3082744,-0.9851965,-2.789254,0.5795997,-0.4008,1.915001,0.3544204,-0.03698624,0.9343544,-0.3091111,0.9384089,0.1543991,-0.8825172,-0.3435416,0.3211584,static,-59.85198,-51.03872,16.83912,-11.82108,-6.900727977471269,-9.282189319053579
05/11/2023 10:29:45.889864,589,True,True,True,True,Eyes,1.662402,0.1101122,-3.386008,-0.7316277,-0.5271728,0.4322149,0.0,0.0,0.0,0.0,0.0,0.0,0.0,2.601358,0.8895533,2.485617,1.48579,0.1132821,-3.39356,0.1538131,-0.5551226,0.07925662,0.8135718,19.77152,290.9426,357.4536,0.4575411,0.02916262,-0.8887098,0.0,0.0,0.0,0.2980242,-0.9757469,-2.776194,0.5796002,-0.4008,1.915,0.3711149,-0.04180836,0.9276454,-0.2997321,0.9401198,0.1622818,-0.8788825,-0.3382703,0.3363611,static,-59.4272,-50.65259,16.83913,-11.82109,-6.8606009887253245,-9.167811919436428
05/11/2023 10:29:45.909574,590,True,True,True,True,Eyes,1.654333,0.1104368,-3.387563,-0.7285934,-0.5267223,0.437853,0.0,0.0,0.0,0.0,0.0,0.0,0.0,2.575133,0.8897066,2.509867,1.476786,0.1156202,-3.395299,0.1532852,-0.5506057,0.07630231,0.8170159,19.542,291.584,357.3167,0.4558469,0.02916473,-0.88958,0.0,0.0,0.0,0.2853549,-0.9632733,-2.761964,0.5795999,-0.4008,1.915,0.3820227,-0.04411895,0.9230992,-0.2934798,0.9413632,0.1664479,-0.8763152,-0.3344978,0.3466741,static,-58.99596,-50.26397,16.83913,-11.82109,-6.81975205711174,-9.052677327663066
05/11/2023 10:29:45.929544,591,True,True,True,True,Eyes,1.646191,0.1107552,-3.389095,-0.7254165,-0.5263672,0.4435182,0.0,0.0,0.0,0.0,0.0,0.0,0.0,2.552959,0.8890043,2.528115,1.466612,0.1163955,-3.396291,0.1529462,-0.5464914,0.07525656,0.8199337,19.45495,292.1765,357.3401,0.4541335,0.02917689,-0.8904555,0.0,0.0,0.0,0.271655,-0.9502006,-2.751599,0.5795997,-0.4008,1.915,0.3913672,-0.04375687,0.9191937,-0.2905784,0.9418878,0.1685574,-0.8731529,-0.3330656,0.3559091,static,-58.55847,-49.88243,16.83912,-11.82109,-6.77789127789985,-8.939565918389153
05/11/2023 10:29:45.939577,592,True,True,True,True,Eyes,1.63798,0.1110533,-3.39059,-0.7220631,-0.5261508,0.4492108,0.0,0.0,0.0,0.0,0.0,0.0,0.0,2.533763,0.8908998,2.542575,1.456979,0.1166424,-3.397345,0.153246,-0.5426306,0.07585888,0.8223825,19.53486,292.7292,357.4736,0.4524009,0.02919799,-0.8913363,0.0,0.0,0.0,0.26024,-0.9420465,-2.745085,0.5795999,-0.4008,1.915,0.3995948,-0.0415419,0.91575,-0.291082,0.9415222,0.1697269,-0.8692498,-0.3343803,0.3641353,static,-58.11338,-49.51035,16.83912,-11.82109,-6.734771997213858,-8.829161760518566
05/11/2023 10:29:45.959674,593,True,True,True,True,Eyes,1.629713,0.1114029,-3.392047,-0.7185338,-0.5262011,0.4547765,0.0,0.0,0.0,0.0,0.0,0.0,0.0,2.513238,0.9002793,2.555021,1.447363,0.1165062,-3.398023,0.1547206,-0.5384764,0.07742758,0.8246877,19.79027,293.3017,357.6294,0.4506495,0.02922663,-0.8922222,0.0,0.0,0.0,0.2515619,-0.9398841,-2.737849,0.5796,-0.4007997,1.915001,0.4080963,-0.03891964,0.912109,-0.2943339,0.940133,0.1718065,-0.8641905,-0.3385782,0.3722094,static,-57.66934,-49.16434,16.83912,-11.82108,-6.690922471398234,-8.726334246566118
05/11/2023 10:29:45.979621,594,True,True,True,True,Eyes,1.621381,0.1117661,-3.393461,-0.7148167,-0.5264487,0.4603139,0.0,0.0,0.0,0.0,0.0,0.0,0.0,2.495164,0.9163355,2.562608,1.437986,0.1180987,-3.398636,0.1573929,-0.5347448,0.07881493,0.8264767,20.14852,293.7801,357.677,0.4488799,0.02926348,-0.8931125,0.0,0.0,0.0,0.2458689,-0.9414362,-2.730938,0.5796,-0.4008,1.915,0.4156725,-0.03805263,0.908718,-0.2986074,0.9380314,0.1758713,-0.8590983,-0.3444548,0.3785511,static,-57.22005,-48.83434,16.83913,-11.82109,-6.645890672391215,-8.628128589660022
05/11/2023 10:29:45.989413,595,True,True,True,True,Eyes,1.61299,0.1121202,-3.394846,-0.7109841,-0.5268611,0.4657457,0.0,0.0,0.0,0.0,0.0,0.0,0.0,2.47203,0.9366535,2.572901,1.428392,0.1187444,-3.399069,0.1603153,-0.5303646,0.07934402,0.8286839,20.47899,294.3347,357.6416,0.4470922,0.02930813,-0.8940073,0.0,0.0,0.0,0.2418044,-0.9457473,-2.725582,0.5796001,-0.4007999,1.915,0.4248359,-0.03854887,0.9044493,-0.3015532,0.936007,0.1815388,-0.853569,-0.3498638,0.3860249,static,-56.77232,-48.52328,16.83914,-11.82109,-6.600427582003474,-8.535431609717016
05/11/2023 10:29:46.009824,596,True,True,True,True,Eyes,1.604542,0.1124767,-3.396194,-0.7070875,-0.5273155,0.4711323,0.0,0.0,0.0,0.0,0.0,0.0,0.0,2.449443,0.9543497,2.583735,1.418876,0.1188367,-3.39984,0.1626549,-0.5261483,0.07909053,0.8309369,20.70391,294.8715,357.5662,0.4452873,0.02935959,-0.894906,0.0,0.0,0.0,0.2401901,-0.9534376,-2.720276,0.5795998,-0.4007999,1.915001,0.4338253,-0.03972276,0.900121,-0.3025997,0.9345761,0.1870853,-0.8486631,-0.3535386,0.3934227,static,-56.32448,-48.22067,16.83912,-11.82108,-6.554671739311648,-8.445188052933538
05/11/2023 10:29:46.030228,597,True,True,True,True,Eyes,1.596025,0.1128275,-3.397504,-0.7032697,-0.5276722,0.4764177,0.0,0.0,0.0,0.0,0.0,0.0,0.0,2.431039,0.9636922,2.59311,1.409273,0.1192175,-3.400383,0.1638588,-0.5226749,0.07836154,0.8329591,20.78674,295.3259,357.5021,0.4434655,0.0294173,-0.8958083,0.0,0.0,0.0,0.2420335,-0.9640859,-2.709991,0.5795997,-0.4007999,1.915001,0.4413407,-0.04074583,0.8964141,-0.3018337,0.9340196,0.1910601,-0.8450531,-0.3548905,0.3999224,static,-55.88501,-47.92217,16.83912,-11.82108,-6.509822106176517,-8.356182230245835
05/11/2023 10:29:46.049360,598,True,True,True,True,Eyes,1.587431,0.113147,-3.398768,-0.6994433,-0.5279737,0.4816875,0.0,0.0,0.0,0.0,0.0,0.0,0.0,2.414416,0.9670325,2.602576,1.399337,0.1194074,-3.400817,0.1641284,-0.51956,0.07701248,0.8349781,20.73906,295.7462,357.4296,0.4416269,0.02948053,-0.896714,0.0,0.0,0.0,0.2464962,-0.9750757,-2.695489,0.5796002,-0.4007997,1.915001,0.4482531,-0.04194165,0.8929223,-0.2991566,0.9342619,0.1940621,-0.8423625,-0.3541124,0.4062386,static,-55.44588,-47.62479,16.83913,-11.82108,-6.464977810318942,-8.267503464502795
05/11/2023 10:29:46.059346,599,True,True,True,True,Eyes,1.578759,0.1134206,-3.399992,-0.6957175,-0.5281312,0.4868824,0.0,0.0,0.0,0.0,0.0,0.0,0.0,2.395778,0.9694707,2.613697,1.389118,0.1189482,-3.401064,0.1641001,-0.5161961,0.07526889,0.8372262,20.63937,296.2039,357.343,0.4397715,0.02954795,-0.8976232,0.0,0.0,0.0,0.2499983,-0.9818288,-2.679712,0.5795999,-0.4008,1.915,0.4557525,-0.04338145,0.8890488,-0.2954498,0.9348115,0.1970708,-0.8396424,-0.3524848,0.4132257,static,-55.01461,-47.32714,16.83912,-11.82109,-6.421120884860862,-8.178787728096363
05/11/2023 10:29:46.079220,600,True,True,True,True,Eyes,1.570011,0.113634,-3.40118,-0.6919613,-0.5282539,0.4920745,0.0,0.0,0.0,0.0,0.0,0.0,0.0,2.378973,0.9693002,2.624032,1.378807,0.1181379,-3.401402,0.1637921,-0.5129892,0.07416149,0.8393536,20.55137,296.6524,357.3341,0.437899,0.02961798,-0.8985359,0.0,0.0,0.0,0.250303,-0.9841764,-2.664664,0.5796,-0.4007999,1.915,0.4626843,-0.04355176,0.8854527,-0.2925426,0.9353444,0.1988709,-0.8368644,-0.3510471,0.4200284,static,-54.58222,-47.03077,16.83913,-11.82108,-6.3770822643226595,-8.090437817223563
05/11/2023 10:29:46.099254,601,True,True,True,True,Eyes,1.561186,0.1137867,-3.402315,-0.6882252,-0.5282979,0.4972398,0.0,0.0,0.0,0.0,0.0,0.0,0.0,2.363838,0.9684623,2.632994,1.368455,0.1169475,-3.401759,0.1635215,-0.5098838,0.0739854,0.8413118,20.52359,297.0951,357.4134,0.4360095,0.02968881,-0.899452,0.0,0.0,0.0,0.24844,-0.9829092,-2.649614,0.5796001,-0.4007999,1.915,0.4690894,-0.04226433,0.8821388,-0.2912435,0.9355738,0.1996972,-0.833746,-0.350593,0.4265586,static,-54.15205,-46.73466,16.83913,-11.82108,-6.33331141451437,-8.002175118925685
05/11/2023 10:29:46.109588,602,True,True,True,True,Eyes,1.552276,0.1138728,-3.403391,-0.6844275,-0.5283617,0.5023873,0.0,0.0,0.0,0.0,0.0,0.0,0.0,2.348615,0.9684277,2.641037,1.357978,0.1157102,-3.40168,0.1634484,-0.5067438,0.07422228,0.8432002,20.54009,297.5412,357.5222,0.4341033,0.02975877,-0.9003712,0.0,0.0,0.0,0.2439716,-0.9792464,-2.636659,0.5795999,-0.4008,1.915,0.4754036,-0.04048446,0.878836,-0.2908214,0.9355513,0.2004161,-0.8303099,-0.3508628,0.4329907,static,-53.72038,-46.44352,16.83912,-11.82109,-6.289189704009977,-7.9153478724070725
05/11/2023 10:29:46.129277,603,True,True,True,True,Eyes,1.543282,0.1139107,-3.404398,-0.6810695,-0.5267299,0.5086254,0.0,0.0,0.0,0.0,0.0,0.0,0.0,2.333173,0.9713774,2.647693,1.347229,0.1142357,-3.401392,0.1638017,-0.5035596,0.07454575,0.8450087,20.60383,297.9828,357.613,0.4321799,0.02982628,-0.9012938,0.0,0.0,0.0,0.2373393,-0.9740103,-2.625401,0.5795999,-0.4007998,1.915,0.4817413,-0.03898426,0.875446,-0.2909514,0.9352239,0.2017512,-0.8266031,-0.3519042,0.4391934,static,-53.24747,-46.00179,16.83912,-11.82108,-6.244907417015797,-7.784569660754143
05/11/2023 10:29:46.139578,604,True,True,True,True,Eyes,1.534195,0.113851,-3.405362,-0.6775687,-0.5252338,0.5148106,0.0,0.0,0.0,0.0,0.0,0.0,0.0,2.315533,0.9785907,2.654602,1.336525,0.1128363,-3.401061,0.1646805,-0.5000983,0.07448789,0.8468965,20.6977,298.4444,357.6385,0.4302393,0.02989033,-0.9022195,0.0,0.0,0.0,0.2294349,-0.9677154,-2.615258,0.5796,-0.4007998,1.915,0.4887065,-0.03854583,0.8715964,-0.29088,0.9346638,0.2044322,-0.8225296,-0.3534372,0.4455641,static,-52.77276,-45.57419,16.83913,-11.82108,-6.199934417277004,-7.657885516624542
05/11/2023 10:29:46.159339,605,True,True,True,True,Eyes,1.525045,0.1137475,-3.406294,-0.6739107,-0.5239931,0.5208412,0.0,0.0,0.0,0.0,0.0,0.0,0.0,2.296086,0.98864,2.662136,1.325482,0.1104428,-3.401071,0.1658429,-0.4962401,0.07470533,0.8489175,20.83743,298.9568,357.6846,0.4282816,0.02994874,-0.9031485,0.0,0.0,0.0,0.2211368,-0.962347,-2.605927,0.5796001,-0.4007999,1.915001,0.4963297,-0.03775848,0.8673126,-0.2914332,0.9338306,0.2074303,-0.8177552,-0.3557174,0.4524837,static,-52.30086,-45.17284,16.83913,-11.82108,-6.154444321921519,-7.538839570506204
05/11/2023 10:29:46.179496,606,True,True,True,True,Eyes,1.515822,0.1135598,-3.407169,-0.67014,-0.5229054,0.5267661,0.0,0.0,0.0,0.0,0.0,0.0,0.0,2.284271,0.9951503,2.664829,1.314954,0.1093273,-3.401246,0.1669306,-0.4934082,0.07585717,0.8502519,21.02181,299.339,357.806,0.4263064,0.0300009,-0.9040808,0.0,0.0,0.0,0.2150741,-0.9600165,-2.595194,0.5796003,-0.4008,1.915001,0.501588,-0.03573447,0.8643683,-0.2937253,0.9327596,0.209009,-0.8137168,-0.3587233,0.457365,static,-51.83075,-44.78927,16.83913,-11.82108,-6.1085898754645225,-7.424966633106448
05/11/2023 10:29:46.189614,607,True,True,True,True,Eyes,1.506535,0.1133194,-3.40799,-0.6662424,-0.5220149,0.5325612,0.0,0.0,0.0,0.0,0.0,0.0,0.0,2.272844,1.003119,2.665634,1.304144,0.1071812,-3.400793,0.1682519,-0.4905714,0.07774318,0.8514618,21.27209,299.7255,357.9897,0.4243141,0.03004525,-0.9050161,0.0,0.0,0.0,0.2110807,-0.9596803,-2.583485,0.5795998,-0.4007999,1.915,0.5065916,-0.03268841,0.8615664,-0.2974698,0.9312946,0.2102429,-0.8092446,-0.3627973,0.4620622,static,-51.36289,-44.42703,16.83912,-11.82108,-6.062311103325137,-7.317300101469045
05/11/2023 10:29:46.209600,608,True,True,True,True,Eyes,1.49718,0.1130364,-3.408755,-0.6622886,-0.5212386,0.5382231,0.0,0.0,0.0,0.0,0.0,0.0,0.0,2.261983,1.010504,2.666265,1.293463,0.1057375,-3.400357,0.1695895,-0.4878103,0.07962553,0.852608,21.52277,300.1014,358.1719,0.422305,0.0300812,-0.9059541,0.0,0.0,0.0,0.208729,-0.9620113,-2.572255,0.5795998,-0.4007998,1.915,0.5114019,-0.02967625,0.8588291,-0.3012337,0.9297984,0.2115024,-0.8048145,-0.366871,0.4665612,static,-50.90022,-44.08155,16.83912,-11.82108,-6.016124915006672,-7.214528281937091
05/11/2023 10:29:46.230146,609,True,True,True,True,Eyes,1.487746,0.1127141,-3.409464,-0.6582986,-0.5204892,0.5438142,0.0,0.0,0.0,0.0,0.0,0.0,0.0,2.253225,1.016851,2.665294,1.282626,0.1044639,-3.399817,0.1707409,-0.4854799,0.08078525,0.8535987,21.71116,300.4127,358.2812,0.4202793,0.03010847,-0.9068947,0.0,0.0,0.0,0.2070391,-0.9647794,-2.560644,0.5795996,-0.4008,1.915,0.5155659,-0.02786621,0.8563966,-0.3036989,0.9286426,0.2130492,-0.8012233,-0.3699277,0.4703135,static,-50.44021,-43.74452,16.83912,-11.82109,-5.969990798406301,-7.114224490185554
05/11/2023 10:29:46.239396,610,True,True,True,True,Eyes,1.478254,0.1123389,-3.41012,-0.6543494,-0.5197247,0.5492842,0.0,0.0,0.0,0.0,0.0,0.0,0.0,2.244897,1.018202,2.665627,1.271417,0.1032181,-3.399222,0.1711258,-0.4832529,0.08152016,0.8547147,21.79688,300.7232,358.3929,0.4182365,0.03012693,-0.907838,0.0,0.0,0.0,0.2062548,-0.9692577,-2.549473,0.5795999,-0.4007999,1.915,0.5196424,-0.02604114,0.853987,-0.304747,0.9281408,0.2137378,-0.7981861,-0.3713172,0.4743653,static,-49.98871,-43.4161,16.83912,-11.82108,-5.924631708026323,-7.01646603623976
05/11/2023 10:29:46.259505,611,True,True,True,True,Eyes,1.468702,0.1119193,-3.41072,-0.6505058,-0.5188471,0.5546529,0.0,0.0,0.0,0.0,0.0,0.0,0.0,2.240812,1.013404,2.664977,1.260618,0.1016368,-3.398652,0.1706134,-0.4817291,0.08211192,0.8556202,21.78174,300.9561,358.5273,0.4161773,0.03013607,-0.9087836,0.0,0.0,0.0,0.2057337,-0.9736788,-2.537844,0.5795999,-0.4007999,1.915,0.5223894,-0.02386569,0.8523731,-0.3048921,0.9282974,0.2128492,-0.7963355,-0.371072,0.4776562,static,-49.54747,-43.08965,16.83912,-11.82108,-5.880484777156237,-6.919333794093162
05/11/2023 10:29:46.279378,612,True,True,True,True,Eyes,1.459099,0.1114357,-3.411252,-0.6467202,-0.5179392,0.5599036,0.0,0.0,0.0,0.0,0.0,0.0,0.0,2.237919,1.008233,2.663225,1.249714,0.1001681,-3.397906,0.1700272,-0.480473,0.08226071,0.8564285,21.73291,301.1472,358.6129,0.4141017,0.03013564,-0.9097313,0.0,0.0,0.0,0.2061402,-0.9787028,-2.525462,0.5796,-0.4007999,1.915001,0.5247577,-0.02248609,0.8509547,-0.3042878,0.9286479,0.2121841,-0.7950084,-0.3702803,0.4804729,static,-49.11534,-42.77039,16.83913,-11.82108,-5.837234458740842,-6.8243376645170235
05/11/2023 10:29:46.289303,613,True,True,True,True,Eyes,1.44944,0.1109231,-3.411712,-0.6429942,-0.5169524,0.5650829,0.0,0.0,0.0,0.0,0.0,0.0,0.0,2.232073,1.004511,2.663082,1.238952,0.09817034,-3.396845,0.1694289,-0.478912,0.08177688,0.8574671,21.64701,301.3718,358.6412,0.4120104,0.03012493,-0.9106807,0.0,0.0,0.0,0.2073586,-0.9842939,-2.512088,0.5796,-0.4007999,1.915,0.5279116,-0.02204113,0.8490133,-0.302525,0.9292127,0.2122316,-0.7935919,-0.3688873,0.4838742,static,-48.69001,-42.45308,16.83913,-11.82108,-5.794766241515144,-6.729943695853611
05/11/2023 10:29:46.309739,614,True,True,True,True,Eyes,1.439717,0.1103789,-3.412103,-0.639342,-0.5159463,0.570124,0.0,0.0,0.0,0.0,0.0,0.0,0.0,2.223635,1.003854,2.663796,1.228097,0.09684133,-3.395657,0.1691176,-0.4771648,0.07998167,0.8586712,21.51604,301.5967,358.5194,0.4099034,0.03010422,-0.9116318,0.0,0.0,0.0,0.2069971,-0.9865131,-2.498658,0.5795999,-0.4007999,1.915,0.5318334,-0.02403803,0.8465078,-0.2987498,0.9300043,0.2141039,-0.7924026,-0.3667616,0.487426,static,-48.27548,-42.14422,16.83912,-11.82108,-5.753363405588964,-6.638060672520811
05/11/2023 10:29:46.329820,615,True,True,True,True,Eyes,1.429921,0.1097929,-3.412436,-0.6356837,-0.5148524,0.575181,0.0,0.0,0.0,0.0,0.0,0.0,0.0,2.213515,1.006497,2.664548,1.216974,0.09543659,-3.394461,0.1690795,-0.4753076,0.07708811,0.8599722,21.35149,301.8146,358.2685,0.407781,0.03007367,-0.9125841,0.0,0.0,0.0,0.2051429,-0.986488,-2.485694,0.5795999,-0.4008,1.915,0.5362802,-0.02814223,0.8435707,-0.2933167,0.9309391,0.2175261,-0.7914346,-0.3640884,0.4909897,static,-47.86049,-41.83216,16.83913,-11.82109,-5.712008985589702,-6.545245897244153
05/11/2023 10:29:46.341066,616,True,True,True,True,Eyes,1.420068,0.1091868,-3.412696,-0.6321002,-0.5136546,0.5801795,0.0,0.0,0.0,0.0,0.0,0.0,0.0,2.202153,1.005731,2.667721,1.205575,0.09380916,-3.393449,0.1685188,-0.4731587,0.07442097,0.861501,21.14836,302.0881,358.0802,0.4056433,0.03003318,-0.9135376,0.0,0.0,0.0,0.2040634,-0.9869375,-2.470548,0.5796003,-0.4007998,1.915001,0.5411647,-0.03124482,0.840336,-0.2876998,0.9321259,0.2199324,-0.7901706,-0.3607841,0.4954446,static,-47.45242,-41.51966,16.83914,-11.82108,-5.671530534099121,-6.452339824746267
05/11/2023 10:29:46.359371,617,True,True,True,True,Eyes,1.410146,0.1085438,-3.412875,-0.6284143,-0.5123701,0.5852968,0.0,0.0,0.0,0.0,0.0,0.0,0.0,2.193223,0.9955814,2.671993,1.194448,0.09273547,-3.391998,0.1668802,-0.4712673,0.07284246,0.8629904,20.89696,302.3662,358.0637,0.4034903,0.02998322,-0.9144922,0.0,0.0,0.0,0.1998796,-0.981988,-2.455701,0.5795996,-0.4007998,1.915,0.5452022,-0.03156565,0.8377101,-0.283015,0.93369,0.2193754,-0.7890862,-0.3566885,0.5001163,static,-47.0346,-41.19898,16.83912,-11.82108,-5.630108494100001,-6.357006754899614
05/11/2023 10:29:46.379410,618,True,True,True,True,Eyes,1.400157,0.1079256,-3.412967,-0.6247412,-0.5109891,0.5904139,0.0,0.0,0.0,0.0,0.0,0.0,0.0,2.179669,0.9869288,2.679038,1.183068,0.0912251,-3.390318,0.1653845,-0.4685971,0.0715958,0.8648347,20.68069,302.751,358.0913,0.4013222,0.02992378,-0.9154478,0.0,0.0,0.0,0.1948367,-0.9771867,-2.442762,0.5796001,-0.4008,1.915,0.5505817,-0.03116031,0.8341996,-0.2788344,0.9350441,0.2189613,-0.7868363,-0.3531596,0.5061296,static,-46.61813,-40.8754,16.83913,-11.82109,-5.5889502808339975,-6.2608386005720815
05/11/2023 10:29:46.389536,619,True,True,True,True,Eyes,1.390071,0.1074805,-3.412953,-0.6209503,-0.5096171,0.5955763,0.0,0.0,0.0,0.0,0.0,0.0,0.0,2.163596,0.9766481,2.688359,1.171632,0.0912192,-3.388395,0.1637348,-0.4656256,0.0698056,0.8668973,20.41938,303.1716,358.0769,0.3991387,0.02985651,-0.9164041,0.0,0.0,0.0,0.1915833,-0.9738975,-2.428156,0.5796,-0.4007999,1.915,0.55664,-0.03144961,0.8301582,-0.2735067,0.9366362,0.2188759,-0.7844399,-0.348889,0.5127676,static,-46.19489,-40.55264,16.83913,-11.82108,-5.546922222444564,-6.164872891866765
05/11/2023 10:29:46.409748,620,True,True,True,True,Eyes,1.37991,0.1070392,-3.412842,-0.6169816,-0.5083532,0.6007585,0.0,0.0,0.0,0.0,0.0,0.0,0.0,2.148835,0.9713885,2.69383,1.159406,0.09487465,-3.385939,0.1633543,-0.4628797,0.06771158,0.8686039,20.27125,303.5267,357.9474,0.3969395,0.02978695,-0.917361,0.0,0.0,0.0,0.1900833,-0.9740756,-2.415906,0.5796,-0.4007999,1.915,0.5623151,-0.03359764,0.8262402,-0.2688558,0.937461,0.2210957,-0.7819962,-0.346465,0.5181156,static,-45.76327,-40.23742,16.83913,-11.82108,-5.50360197159307,-6.071052726095593
05/11/2023 10:29:46.429511,621,True,True,True,True,Eyes,1.369679,0.1066655,-3.41267,-0.6128066,-0.5070733,0.6060897,0.0,0.0,0.0,0.0,0.0,0.0,0.0,2.119771,0.9807432,2.705533,1.147759,0.0944827,-3.383624,0.1644375,-0.4578175,0.06643238,0.8711776,20.32448,304.1733,357.8723,0.394725,0.02971549,-0.9183185,0.0,0.0,0.0,0.1895876,-0.9765104,-2.40431,0.5796003,-0.4007999,1.915,0.5719798,-0.03481589,0.8195285,-0.2663135,0.9370942,0.2256806,-0.7758327,-0.3473363,0.526727,moving,-45.31573,-39.9169,16.83914,-11.82109,-5.458474947298801,-5.975609426070277
05/11/2023 10:29:46.439551,622,True,True,True,True,Eyes,1.359416,0.106489,-3.412399,-0.6086829,-0.5058311,0.6112611,0.0,0.0,0.0,0.0,0.0,0.0,0.0,2.098752,0.965785,2.720488,1.136074,0.09580307,-3.382117,0.1623055,-0.4538273,0.06537281,0.8737414,20.05745,304.7477,357.9819,0.3924945,0.02964418,-0.9192762,0.0,0.0,0.0,0.1885123,-0.9770775,-2.394138,0.5796003,-0.3980312,1.915,0.5795344,-0.03307948,0.8142761,-0.2615552,0.9387667,0.2242902,-0.7718346,-0.3429621,0.5353954,moving,-44.87891,-39.60846,16.83914,-11.7417,-5.414283465733576,-5.883730854474835
05/11/2023 10:29:46.459399,623,True,True,True,True,Eyes,1.349048,0.1063177,-3.412009,-0.6043544,-0.5046432,0.6165151,0.0,0.0,0.0,0.0,0.0,0.0,0.0,2.091434,0.9620041,2.719825,1.125152,0.1003248,-3.379492,0.1625336,-0.4521628,0.06436224,0.8746367,20.03048,304.954,357.9019,0.3902488,0.02957841,-0.9202338,0.0,0.0,0.0,0.1860884,-0.9762017,-2.385231,0.5796001,-0.395386,1.915,0.5828127,-0.03439614,0.8118784,-0.2595704,0.9388807,0.2261112,-0.7700342,-0.3425201,0.5382633,moving,-44.42931,-39.30175,16.83913,-11.66581,-5.368443930453181,-5.79228731847923
05/11/2023 10:29:46.479438,624,True,True,True,True,Eyes,1.338649,0.1062304,-3.411564,-0.5999908,-0.5033531,0.6218092,0.0,0.0,0.0,0.0,0.0,0.0,0.0,2.054868,0.9627559,2.73843,1.112635,0.1001848,-3.376446,0.162014,-0.4462214,0.0609278,0.8780237,19.80859,305.7197,357.7098,0.3879876,0.02951786,-0.9211914,0.0,0.0,0.0,0.1827116,-0.97462,-2.377097,0.5795998,-0.3928406,1.915,0.5943485,-0.03759611,0.8033283,-0.2515803,0.9400786,0.2301297,-0.7638437,-0.3388789,0.5492759,moving,-43.97695,-38.99009,16.83912,-11.59275,-5.322424288394416,-5.699391678459688
05/11/2023 10:29:46.489678,625,True,True,True,True,Eyes,1.328202,0.1062477,-3.411035,-0.5956286,-0.5021784,0.6269318,0.0,0.0,0.0,0.0,0.0,0.0,0.0,2.028515,0.9540257,2.754741,1.101746,0.1020694,-3.374814,0.1604603,-0.4417904,0.05758969,0.8807709,19.48394,306.3027,357.548,0.3857111,0.02946433,-0.9221486,0.0,0.0,0.0,0.1763171,-0.9696512,-2.370073,0.5795997,-0.390186,1.915,0.6030094,-0.04033297,0.7967138,-0.2432262,0.9418719,0.2317723,-0.7597504,-0.3335426,0.5581476,moving,-43.53328,-38.69506,16.83912,-11.51651,-5.276937221593871,-5.611371450143438
05/11/2023 10:29:46.509507,626,True,True,True,True,Eyes,1.317706,0.1063221,-3.410416,-0.5912153,-0.5010551,0.6319877,0.0,0.0,0.0,0.0,0.0,0.0,0.0,2.014142,0.9499831,2.759243,1.090334,0.1045412,-3.372373,0.1601227,-0.4390579,0.05561595,0.8823242,19.35361,306.6488,357.4204,0.38342,0.02942004,-0.9231049,0.0,0.0,0.0,0.1668332,-0.9623017,-2.367571,0.5796003,-0.3873507,1.915,0.6082702,-0.04246362,0.7925934,-0.2387488,0.9425352,0.233723,-0.7569719,-0.3313974,0.5631779,moving,-43.09089,-38.40823,16.83914,-11.43504,-5.231338693107765,-5.525739370016502
05/11/2023 10:29:46.529570,627,True,True,True,True,Eyes,1.30719,0.1064584,-3.409737,-0.5867642,-0.500182,0.6368091,0.0,0.0,0.0,0.0,0.0,0.0,0.0,1.994788,0.9521685,2.764832,1.078864,0.1059331,-3.369708,0.160557,-0.4355167,0.05402021,0.8840975,19.32642,307.0906,357.3073,0.3811145,0.02938568,-0.9240603,0.0,0.0,0.0,0.1592451,-0.9559982,-2.36084,0.5796001,-0.3846277,1.915,0.614814,-0.04433224,0.787425,-0.2353688,0.9426066,0.2368427,-0.7527317,-0.3309495,0.5690933,moving,-42.65787,-38.14788,16.83913,-11.35675,-5.186032096273132,-5.44784687036882
05/11/2023 10:29:46.549432,628,True,True,True,True,Eyes,1.296664,0.106671,-3.409003,-0.5822139,-0.4994923,0.6415094,0.0,0.0,0.0,0.0,0.0,0.0,0.0,1.974799,0.9642065,2.768449,1.06808,0.1074772,-3.367712,0.1625028,-0.4317853,0.05296389,0.885635,19.48587,307.5318,357.1715,0.3787952,0.02936201,-0.9250142,0.0,0.0,0.0,0.1466307,-0.9435923,-2.358362,0.5795999,-0.3820198,1.915,0.6215125,-0.04651936,0.7820219,-0.234146,0.9415753,0.2420983,-0.7475948,-0.3335744,0.5743085,moving,-42.2259,-37.90505,16.83913,-11.28173,-5.1402776157127885,-5.375047970055744
05/11/2023 10:29:46.559681,629,True,True,True,True,Eyes,1.286142,0.1069464,-3.408221,-0.5776446,-0.4989555,0.6460419,0.0,0.0,0.0,0.0,0.0,0.0,0.0,1.956872,0.9776214,2.770131,1.057542,0.1094553,-3.365761,0.1648303,-0.4282951,0.05251088,0.8869256,19.7164,307.9398,357.0745,0.3764628,0.02935007,-0.9259663,0.0,0.0,0.0,0.1364051,-0.9360201,-2.355719,0.5796002,-0.3792805,1.915,0.6276119,-0.04804553,0.7770424,-0.2343385,0.9401472,0.2474041,-0.7424209,-0.3373647,0.5787886,moving,-41.80082,-37.67987,16.83913,-11.20289,-5.094797951818734,-5.307411213941193
05/11/2023 10:29:46.579190,630,True,True,True,True,Eyes,1.27564,0.1072405,-3.407388,-0.5730487,-0.4983515,0.6505851,0.0,0.0,0.0,0.0,0.0,0.0,0.0,1.941646,0.9800403,2.773953,1.047277,0.1112631,-3.363944,0.1656162,-0.4251094,0.05269695,0.8882998,19.81824,308.3493,357.1249,0.3741184,0.02935046,-0.926916,0.0,0.0,0.0,0.1292906,-0.9284397,-2.348901,0.5795999,-0.376702,1.915,0.6330102,-0.04718858,0.7727039,-0.2344313,0.9395887,0.2494296,-0.737794,-0.3390375,0.5837067,moving,-41.37426,-37.4523,16.83912,-11.12863,-5.049212978913163,-5.23907256381059
05/11/2023 10:29:46.589549,631,True,True,True,True,Eyes,1.265158,0.1075887,-3.406485,-0.5685455,-0.4975776,0.6551127,0.0,0.0,0.0,0.0,0.0,0.0,0.0,1.927006,0.9698557,2.78164,1.037438,0.1120982,-3.361942,0.1644215,-0.422021,0.0530947,0.8899691,19.72306,308.7909,357.3042,0.3717631,0.02936249,-0.9278628,0.0,0.0,0.0,0.1288713,-0.9299311,-2.342291,0.5796,-0.3741048,1.915,0.6381583,-0.04427336,0.7686311,-0.2332839,0.940293,0.2478458,-0.7337115,-0.3374742,0.5897276,moving,-40.95337,-37.21775,16.83913,-11.0538,-5.004564349713527,-5.168736714630394
05/11/2023 10:29:46.609677,632,True,True,True,True,Eyes,1.254692,0.1079988,-3.405496,-0.564068,-0.4966806,0.6596482,0.0,0.0,0.0,0.0,0.0,0.0,0.0,1.914794,0.9472882,2.791219,1.027581,0.1138594,-3.359436,0.1614318,-0.4194762,0.05256209,0.8917493,19.39085,309.1828,357.4669,0.3693983,0.02938655,-0.9288061,0.0,0.0,0.0,0.133828,-0.9321652,-2.327886,0.5796001,-0.371422,1.915,0.6425539,-0.04168915,0.7651056,-0.229178,0.942354,0.2438163,-0.7311648,-0.3320104,0.595959,moving,-40.53389,-36.97783,16.83913,-10.97646,-4.960268587431645,-5.0968487733240915
05/11/2023 10:29:46.629267,633,True,True,True,True,Eyes,1.244218,0.1083833,-3.404428,-0.5594962,-0.4957787,0.6642044,0.0,0.0,0.0,0.0,0.0,0.0,0.0,1.895909,0.934874,2.801215,1.017668,0.1157445,-3.356519,0.1596445,-0.4162042,0.05017905,0.8937394,19.0947,309.6176,357.3801,0.3670251,0.02942321,-0.9297452,0.0,0.0,0.0,0.1353347,-0.9297328,-2.314436,0.5796,-0.3686948,1.915,0.6485123,-0.0431954,0.7599776,-0.2225833,0.9439914,0.2435916,-0.7279344,-0.3271305,0.6025755,moving,-40.10929,-36.73858,16.83913,-10.8978,-4.9153133343260045,-5.025128414957751
05/11/2023 10:29:46.639925,634,True,True,True,True,Eyes,1.233756,0.1087418,-3.403326,-0.5547546,-0.49489,0.6688282,0.0,0.0,0.0,0.0,0.0,0.0,0.0,1.861595,0.9332044,2.817651,1.007346,0.1154607,-3.353728,0.1588706,-0.4105955,0.04703281,0.8966379,18.87603,310.3268,357.2062,0.3646445,0.02947057,-0.93068,0.0,0.0,0.0,0.1273489,-0.9160768,-2.305487,0.5796001,-0.3660128,1.915,0.6583986,-0.04612026,0.7512552,-0.2148059,0.9450961,0.2462758,-0.7213666,-0.3235216,0.612343,moving,-39.67376,-36.49907,16.83913,-10.82041,-4.869006044341288,-4.9532749211832945
05/11/2023 10:29:46.659666,635,True,True,True,True,Eyes,1.223325,0.1090776,-3.402185,-0.5498618,-0.4941906,0.6733703,0.0,0.0,0.0,0.0,0.0,0.0,0.0,1.830074,0.9337685,2.832498,0.9974599,0.1152004,-3.352005,0.1586856,-0.4050727,0.04577426,0.899244,18.81285,311.0369,357.2004,0.3622565,0.02952691,-0.9316103,0.0,0.0,0.0,0.1240648,-0.9073459,-2.292351,0.5796002,-0.363299,1.915,0.6676417,-0.04623391,0.7430457,-0.2108828,0.9454473,0.2483103,-0.7139908,-0.3224779,0.6214701,moving,-39.23444,-36.27518,16.83913,-10.74205,-4.821711109209745,-4.885937720514845
05/11/2023 10:29:46.679549,636,True,True,True,True,Eyes,1.212917,0.1093904,-3.400994,-0.5447533,-0.4936658,0.6778924,0.0,0.0,0.0,0.0,0.0,0.0,0.0,1.806973,0.9404034,2.839528,0.9880331,0.1150648,-3.350071,0.1598153,-0.4006291,0.04668277,0.9009863,18.98907,311.6093,357.337,0.3598621,0.02959073,-0.9325358,0.0,0.0,0.0,0.12595,-0.8978655,-2.270305,0.5796004,-0.3607282,1.915001,0.6746342,-0.04393226,0.7368438,-0.2121744,0.9445596,0.2505778,-0.7070013,-0.3253877,0.6279108,moving,-38.78531,-36.06347,16.83914,-10.66779,-4.77279273304395,-4.822086046821165
05/11/2023 10:29:46.694504,637,True,True,True,True,Eyes,1.202554,0.1097032,-3.399762,-0.5396625,-0.493008,0.6824276,0.0,0.0,0.0,0.0,0.0,0.0,0.0,1.78115,0.9520896,2.845938,0.9784309,0.1148839,-3.347806,0.1617686,-0.3956826,0.048281,0.9027376,19.28559,312.2415,357.5197,0.3574624,0.02966068,-0.9334562,0.0,0.0,0.0,0.1251358,-0.8875464,-2.255982,0.5796003,-0.3580253,1.915,0.6822085,-0.04084789,0.7300158,-0.2151882,0.9429997,0.2538613,-0.6987744,-0.3302771,0.6345325,moving,-38.33688,-35.84557,16.83914,-10.58967,-4.724165919574244,-4.756440397630331
05/11/2023 10:29:46.709703,638,True,True,True,True,Eyes,1.19222,0.1100254,-3.398487,-0.5343191,-0.492614,0.6869021,0.0,0.0,0.0,0.0,0.0,0.0,0.0,1.755475,0.9681772,2.851007,0.9694184,0.1152402,-3.345781,0.1644273,-0.3907855,0.04984747,0.9043039,19.65428,312.8534,357.6657,0.3550582,0.02973619,-0.9343709,0.0,0.0,0.0,0.1246191,-0.8814905,-2.241858,0.5795997,-0.3553543,1.915,0.6896037,-0.03835715,0.7231704,-0.2186662,0.9409577,0.2584253,-0.6903852,-0.3363439,0.6405006,moving,-37.8782,-35.64632,16.83912,-10.51244,-4.673647221604731,-4.696156937822182
05/11/2023 10:29:46.729641,639,True,True,True,True,Eyes,1.181929,0.1103504,-3.397183,-0.5290395,-0.4918909,0.6914915,0.0,0.0,0.0,0.0,0.0,0.0,0.0,1.726944,0.9885203,2.855772,0.9600703,0.1158017,-3.34362,0.1677147,-0.3854371,0.05125591,0.9059155,20.08309,313.5101,357.7776,0.3526502,0.02981699,-0.9352797,0.0,0.0,0.0,0.1266041,-0.8797455,-2.229102,0.5795995,-0.3525909,1.915,0.6976222,-0.03641988,0.7155396,-0.222154,0.9384892,0.2643588,-0.6811542,-0.3433825,0.6466201,moving,-37.41852,-35.42606,16.83912,-10.43249,-4.62369788791362,-4.629766595447344
05/11/2023 10:29:46.739812,640,True,True,True,True,Eyes,1.171683,0.1106676,-3.395855,-0.5235258,-0.4913644,0.6960473,0.0,0.0,0.0,0.0,0.0,0.0,0.0,1.699103,1.006183,2.861197,0.9510955,0.1162213,-3.341814,0.1706171,-0.3801082,0.05312791,0.9075158,20.49124,314.1797,357.9641,0.3502396,0.02990266,-0.9361824,0.0,0.0,0.0,0.1319654,-0.8834028,-2.216703,0.5796003,-0.3499227,1.915,0.7053903,-0.03327711,0.7080376,-0.2261348,0.9361345,0.2692868,-0.6717794,-0.3500642,0.652815,moving,-36.94833,-35.21962,16.83914,-10.35526,-4.571983812993667,-4.567334369245578
05/11/2023 10:29:46.759521,641,True,True,True,True,Eyes,1.161487,0.1110111,-3.394494,-0.5181753,-0.4904143,0.7007055,0.0,0.0,0.0,0.0,0.0,0.0,0.0,1.672667,1.019588,2.867027,0.9421794,0.1164319,-3.340054,0.1728848,-0.3749426,0.05522889,0.9091088,20.83988,314.8451,358.208,0.347827,0.02999251,-0.9370786,0.0,0.0,0.0,0.1374155,-0.8892806,-2.208081,0.5796005,-0.347209,1.915,0.7127356,-0.02922563,0.7008237,-0.2300619,0.9341212,0.2729267,-0.6626307,-0.3557574,0.6590577,moving,-36.48312,-34.98766,16.83915,-10.27667,-4.521732465399841,-4.497517019870487
05/11/2023 10:29:46.779234,642,True,True,True,True,Eyes,1.151334,0.1113887,-3.393097,-0.5127084,-0.489456,0.7053813,0.0,0.0,0.0,0.0,0.0,0.0,0.0,1.648879,1.021127,2.875109,0.9334615,0.1174858,-3.338054,0.173459,-0.3702849,0.05685182,0.9108069,20.9822,315.469,358.472,0.3454131,0.03008689,-0.937968,0.0,0.0,0.0,0.1439905,-0.8962374,-2.198191,0.5795994,-0.3447089,1.914999,0.719314,-0.02489639,0.6942388,-0.2320205,0.9333597,0.2738725,-0.6547929,-0.3580779,0.6656024,moving,-36.01163,-34.75634,16.83912,-10.20423,-4.470678214884412,-4.427852424983697
05/11/2023 10:29:46.799767,643,True,True,True,True,Eyes,1.141215,0.111797,-3.391657,-0.5075124,-0.4879492,0.7101667,0.0,0.0,0.0,0.0,0.0,0.0,0.0,1.624748,1.015876,2.885435,0.9245256,0.1188234,-3.335967,0.1729141,-0.3657363,0.05727597,0.9127197,20.9492,316.0782,358.6546,0.3429987,0.03018631,-0.9388504,0.0,0.0,0.0,0.1485943,-0.9007556,-2.188692,0.5795999,-0.3419119,1.915,0.725913,-0.02192814,0.687437,-0.2310357,0.9336403,0.2737485,-0.6478217,-0.3575401,0.6726754,moving,-35.55106,-34.49261,16.83913,-10.12315,-4.422053674181512,-4.348833068740498
05/11/2023 10:29:46.809824,644,True,True,True,True,Eyes,1.131123,0.112197,-3.390183,-0.5022544,-0.4863876,0.7149599,0.0,0.0,0.0,0.0,0.0,0.0,0.0,1.600314,1.006984,2.896701,0.9154899,0.1199859,-3.333673,0.171689,-0.3613095,0.05664189,0.9147514,20.79565,316.6639,358.7472,0.3405842,0.03029118,-0.9397256,0.0,0.0,0.0,0.1492164,-0.9009476,-2.179801,0.5796,-0.3393221,1.915,0.7324942,-0.02043928,0.6804664,-0.2276923,0.9346292,0.2731751,-0.6415671,-0.3550361,0.6799566,moving,-35.08778,-34.22747,16.83913,-10.04804,-4.373138343431931,-4.269389939676631
05/11/2023 10:29:46.829895,645,True,True,True,True,Eyes,1.12105,0.1125731,-3.388682,-0.4971914,-0.4844604,0.7197909,0.0,0.0,0.0,0.0,0.0,0.0,0.0,1.577373,0.9982412,2.906923,0.9062921,0.1201688,-3.331513,0.170321,-0.357143,0.05555439,0.9167079,20.6067,317.2085,358.7877,0.3381698,0.03040076,-0.9405937,0.0,0.0,0.0,0.1467405,-0.8975763,-2.17067,0.5795997,-0.3366817,1.915,0.7387251,-0.01980365,0.6737158,-0.2235122,0.9358089,0.2725875,-0.6358675,-0.351951,0.6868792,moving,-34.63456,-33.94281,16.83912,-9.97143,-4.3261199765041845,-4.184330958792162
05/11/2023 10:29:46.839689,646,True,True,True,True,Eyes,1.111002,0.1129272,-3.387144,-0.4920766,-0.4825562,0.7245689,0.0,0.0,0.0,0.0,0.0,0.0,0.0,1.556934,0.9906293,2.91533,0.8969005,0.119961,-3.329522,0.1691257,-0.3532752,0.05471475,0.9184768,20.44663,317.7139,358.8389,0.3357552,0.03051395,-0.9414546,0.0,0.0,0.0,0.1440068,-0.8933352,-2.160245,0.5796002,-0.3338972,1.915001,0.7444059,-0.01898738,0.6674575,-0.2200043,0.9368056,0.2720173,-0.6304428,-0.3493347,0.6931863,moving,-34.18161,-33.66325,16.83913,-9.890595,-4.278966794481624,-4.100754515775786
05/11/2023 10:29:46.859403,647,True,True,True,True,Eyes,1.100965,0.1132549,-3.385569,-0.4870382,-0.4805017,0.7293229,0.0,0.0,0.0,0.0,0.0,0.0,0.0,1.537178,0.9877325,2.921328,0.8876387,0.1197878,-3.327226,0.1686499,-0.3495774,0.05366097,0.92004,20.35565,318.1802,358.8283,0.3333409,0.0306298,-0.9423085,0.0,0.0,0.0,0.1412425,-0.8890486,-2.149684,0.5796,-0.3310955,1.915,0.7498324,-0.01917187,0.6613501,-0.2166528,0.9373555,0.2728119,-0.6251504,-0.3478465,0.6987059,moving,-33.7348,-33.3782,16.83913,-9.809223,-4.232759257370931,-4.015616069461232
05/11/2023 10:29:46.879319,648,True,True,True,True,Eyes,1.090946,0.1135629,-3.383958,-0.4819124,-0.4785213,0.7340149,0.0,0.0,0.0,0.0,0.0,0.0,0.0,1.516466,0.9879344,2.926547,0.8780853,0.11943,-3.324916,0.1686482,-0.3456432,0.05292523,0.921568,20.33008,318.6733,358.8368,0.3309262,0.03074735,-0.9431553,0.0,0.0,0.0,0.1394307,-0.8864052,-2.13924,0.5796003,-0.3286439,1.915,0.7554594,-0.01903581,0.6549188,-0.2141326,0.9375134,0.274255,-0.6192158,-0.347428,0.7041771,moving,-33.28662,-33.10126,16.83914,-9.737986,-4.186113345002591,-3.932825662094852
05/11/2023 10:29:46.889653,649,True,True,True,True,Eyes,1.080942,0.1138323,-3.382306,-0.4768242,-0.4765357,0.7386152,0.0,0.0,0.0,0.0,0.0,0.0,0.0,1.496678,0.988243,2.931195,0.8687054,0.1192931,-3.322603,0.16875,-0.34179,0.05266608,0.9230002,20.33534,319.1618,358.892,0.3285112,0.03086594,-0.9439954,0.0,0.0,0.0,0.1383128,-0.8847311,-2.128483,0.5796,-0.3260902,1.915001,0.7608117,-0.01813256,0.6487193,-0.2125758,0.9374994,0.2755112,-0.6131697,-0.3475142,0.7094061,moving,-32.84488,-32.82907,16.83913,-9.663749,-4.140112249917893,-3.851448678367009
05/11/2023 10:29:46.909793,650,True,True,True,True,Eyes,1.070963,0.1140569,-3.38062,-0.4716282,-0.4746716,0.7431377,0.0,0.0,0.0,0.0,0.0,0.0,0.0,1.477174,0.9920144,2.934172,0.8592839,0.1185934,-3.3201,0.1693215,-0.3379709,0.05249534,0.9243108,20.3953,319.6391,358.9359,0.3260958,0.03098441,-0.9448286,0.0,0.0,0.0,0.1374986,-0.8843982,-2.118108,0.5796003,-0.323069,1.915001,0.7660398,-0.01740744,0.6425573,-0.2114955,0.9371489,0.2775275,-0.607003,-0.3484951,0.7142119,moving,-32.40103,-32.56799,16.83914,-9.575882,-4.093481586345874,-3.773287075705391
05/11/2023 10:29:46.929450,651,True,True,True,True,Eyes,1.060994,0.1142599,-3.378898,-0.466436,-0.4728276,0.7475771,0.0,0.0,0.0,0.0,0.0,0.0,0.0,1.455723,0.9978821,2.937546,0.8500881,0.1177384,-3.317765,0.1701299,-0.3338939,0.05204518,0.9256684,20.47037,320.1401,358.9445,0.3236802,0.03110154,-0.9456549,0.0,0.0,0.0,0.1379166,-0.8860721,-2.108187,0.5796003,-0.3206873,1.915,0.7716123,-0.01725749,0.6358588,-0.2099638,0.9366943,0.2802125,-0.6004411,-0.3497228,0.7191414,moving,-31.96129,-32.31254,16.83914,-9.506582,-4.047176627767672,-3.6967821767516336
05/11/2023 10:29:46.949354,652,True,True,True,True,Eyes,1.051045,0.114437,-3.37715,-0.4611262,-0.4711255,0.7519331,0.0,0.0,0.0,0.0,0.0,0.0,0.0,1.43396,1.005705,2.940118,0.8406233,0.1173258,-3.315353,0.1712379,-0.3298494,0.05080532,0.9269821,20.54758,320.6174,358.8512,0.3212641,0.03121689,-0.9464746,0.0,0.0,0.0,0.1398352,-0.889617,-2.097837,0.5795999,-0.318019,1.915,0.7772364,-0.01877419,0.6289285,-0.2071567,0.9361928,0.2839527,-0.5941294,-0.3509851,0.7237539,moving,-31.51889,-32.0693,16.83913,-9.42891,-4.000137306640374,-3.6238092150579186
05/11/2023 10:29:46.959654,653,True,True,True,True,Eyes,1.041092,0.1145769,-3.37536,-0.4556855,-0.4694835,0.7562646,0.0,0.0,0.0,0.0,0.0,0.0,0.0,1.409099,1.014772,2.943909,0.8313388,0.1168137,-3.313179,0.1724487,-0.3253725,0.04921553,0.9284246,20.62426,321.1412,358.7244,0.318848,0.03132991,-0.9472876,0.0,0.0,0.0,0.1400317,-0.8924809,-2.090314,0.5796002,-0.3153454,1.915,0.7834212,-0.02083432,0.6211418,-0.2036059,0.9356785,0.2881844,-0.5871933,-0.352238,0.7287884,moving,-31.07097,-31.83171,16.83914,-9.351046,-3.952224237473179,-3.5524479918980854
05/11/2023 10:29:46.979270,654,True,True,True,True,Eyes,1.031169,0.1146555,-3.373564,-0.4501324,-0.4679574,0.7605239,0.0,0.0,0.0,0.0,0.0,0.0,0.0,1.382001,1.022955,2.948258,0.8215739,0.1159567,-3.310613,0.1734907,-0.3205304,0.04758809,0.9299982,20.6831,321.7125,358.6094,0.3164307,0.03143985,-0.9480941,0.0,0.0,0.0,0.1410745,-0.8977211,-2.082319,0.5795997,-0.3126824,1.915,0.7899913,-0.02270439,0.6126975,-0.1997318,0.9352727,0.2921852,-0.5796732,-0.3531989,0.7343225,moving,-30.62008,-31.60437,16.83912,-9.273458,-3.9036029438050406,-3.484047858986634
05/11/2023 10:29:46.989151,655,True,True,True,True,Eyes,1.021254,0.114669,-3.371749,-0.4444185,-0.4663862,0.7648373,0.0,0.0,0.0,0.0,0.0,0.0,0.0,1.357703,1.030658,2.952353,0.8126132,0.1144854,-3.30886,0.1743942,-0.3160603,0.04643986,0.931416,20.74582,322.2463,358.546,0.3140124,0.03154529,-0.9488943,0.0,0.0,0.0,0.1420149,-0.9021981,-2.074667,0.5796,-0.3099351,1.915,0.7958984,-0.02372855,0.604965,-0.1967478,0.9348599,0.2955116,-0.5725696,-0.3542227,0.7393851,moving,-30.15928,-31.37421,16.83913,-9.193374,-3.8538411314660683,-3.4147765072397034
05/11/2023 10:29:47.009326,656,True,True,True,True,Eyes,1.011365,0.1146732,-3.369916,-0.4386368,-0.464832,0.7691092,0.0,0.0,0.0,0.0,0.0,0.0,0.0,1.330255,1.027589,2.960927,0.8031213,0.1128672,-3.30679,0.1735813,-0.3111493,0.04470598,0.9333045,20.59922,322.8515,358.4959,0.311593,0.03164481,-0.9496883,0.0,0.0,0.0,0.14041,-0.9054032,-2.068254,0.5795997,-0.3072272,1.915,0.802375,-0.02457083,0.5963143,-0.191468,0.9357418,0.2961879,-0.5652738,-0.3518288,0.7461113,moving,-29.69689,-31.1478,16.83912,-9.114406,-3.8037575449276417,-3.3465858269768356
05/11/2023 10:29:47.029381,657,True,True,True,True,Eyes,1.001474,0.1146081,-3.368049,-0.432666,-0.4632156,0.7734542,0.0,0.0,0.0,0.0,0.0,0.0,0.0,1.307024,1.025398,2.967268,0.7940531,0.1126733,-3.304727,0.1731698,-0.3068802,0.04323964,0.9348622,20.5068,323.3723,358.4437,0.3091724,0.03173877,-0.950476,0.0,0.0,0.0,0.1368977,-0.9056484,-2.060944,0.5795999,-0.3045878,1.915,0.8079097,-0.0254386,0.588757,-0.187131,0.9362851,0.297241,-0.5588059,-0.3503186,0.7516734,moving,-29.22241,-30.91706,16.83913,-9.037402,-3.7523119293037386,-3.277073907986648
05/11/2023 10:29:47.044580,658,True,True,True,True,Eyes,0.9916052,0.1144895,-3.366177,-0.4265259,-0.4616354,0.7777972,0.0,0.0,0.0,0.0,0.0,0.0,0.0,1.273455,1.026978,2.975989,0.7843944,0.110874,-3.302319,0.1730236,-0.3010294,0.04146019,0.93687,20.43611,324.0822,358.3804,0.30675,0.03182576,-0.9512576,0.0,0.0,0.0,0.130449,-0.9030188,-2.054157,0.5796004,-0.3018647,1.915,0.8153247,-0.02648473,0.578398,-0.181856,0.9366878,0.2992397,-0.5497036,-0.3491627,0.7588883,moving,-28.73934,-30.68982,16.83914,-8.957919,-3.699681399215841,-3.2085331498535323
05/11/2023 10:29:47.059371,659,True,True,True,True,Eyes,0.9817511,0.1143442,-3.364307,-0.4202313,-0.4600075,0.7821757,0.0,0.0,0.0,0.0,0.0,0.0,0.0,1.240355,1.027537,2.985389,0.7753232,0.1094582,-3.300569,0.1727625,-0.2952294,0.0398477,0.9388317,20.36004,324.7885,358.3382,0.3043264,0.03190494,-0.9520331,0.0,0.0,0.0,0.1224665,-0.8998088,-2.048074,0.5796001,-0.299206,1.915,0.8225036,-0.02718855,0.5681098,-0.1768297,0.9371306,0.3008614,-0.540573,-0.3479182,0.7659854,moving,-28.24734,-30.46033,16.83913,-8.880283,-3.6460135218659473,-3.139291876168291
05/11/2023 10:29:47.079413,660,True,True,True,True,Eyes,0.9719104,0.1141276,-3.362428,-0.4137649,-0.4584517,0.7865244,0.0,0.0,0.0,0.0,0.0,0.0,0.0,1.212113,1.029772,2.992053,0.7660654,0.1086583,-3.298995,0.1729476,-0.2900175,0.03895359,0.9404583,20.35858,325.4258,358.3468,0.3019006,0.03197631,-0.9528028,0.0,0.0,0.0,0.1149461,-0.8966781,-2.041097,0.5796002,-0.2966534,1.915001,0.828745,-0.02704716,0.5589724,-0.1735841,0.9371435,0.3027055,-0.5320247,-0.3478944,0.771958,moving,-27.7474,-30.23718,16.83913,-8.805717,-3.591147855215606,-3.071849967799362
05/11/2023 10:29:47.089570,661,True,True,True,True,Eyes,0.9620917,0.1138618,-3.360568,-0.4072332,-0.4568899,0.7908304,0.0,0.0,0.0,0.0,0.0,0.0,0.0,1.181133,1.033124,2.998785,0.7567902,0.1067482,-3.29712,0.1731626,-0.2843666,0.03832643,0.9421685,20.37079,326.1217,358.3946,0.299473,0.03203859,-0.9535664,0.0,0.0,0.0,0.1067091,-0.8927994,-2.034533,0.5795996,-0.293934,1.915,0.8353335,-0.02626339,0.549116,-0.1707032,0.9370916,0.3044991,-0.5225691,-0.3480941,0.7783008,moving,-27.24592,-30.0165,16.83912,-8.726244,-3.5360089102749144,-3.005117263884711
05/11/2023 10:29:47.109450,662,True,True,True,True,Eyes,0.952298,0.1135311,-3.35872,-0.4006427,-0.4554286,0.7950284,0.0,0.0,0.0,0.0,0.0,0.0,0.0,1.155148,1.036358,3.004195,0.7477212,0.1052937,-3.29597,0.1734161,-0.2794697,0.03746375,0.9436207,20.37836,326.7167,358.3968,0.2970428,0.03209126,-0.9543245,0.0,0.0,0.0,0.09763201,-0.8892351,-2.028636,0.5795999,-0.2912449,1.915,0.8409863,-0.02622594,0.5404205,-0.1676322,0.9370467,0.306338,-0.5144333,-0.3482179,0.7836471,moving,-26.74514,-29.80606,16.83913,-8.647624,-3.4806189317886194,-2.9413620958773032
05/11/2023 10:29:47.129997,663,True,True,True,True,Eyes,0.9425343,0.1132078,-3.356875,-0.3941244,-0.4538962,0.7991522,0.0,0.0,0.0,0.0,0.0,0.0,0.0,1.132817,1.042953,3.006614,0.7387104,0.1033641,-3.294598,0.174139,-0.2752161,0.03618537,0.9447871,20.42409,327.2157,358.3199,0.2946105,0.03213335,-0.9550768,0.0,0.0,0.0,0.08904743,-0.8840825,-2.021055,0.5795999,-0.2884593,1.915,0.8458935,-0.02747677,0.5326437,-0.1642266,0.9367325,0.3091309,-0.5074386,-0.3489661,0.7878634,moving,-26.25151,-29.59537,16.83913,-8.566147,-3.426127278710652,-2.8775720220752463
05/11/2023 10:29:47.144498,664,True,True,True,True,Eyes,0.9328003,0.1129736,-3.355006,-0.3876832,-0.4524717,0.8031009,0.0,0.0,0.0,0.0,0.0,0.0,0.0,1.115893,1.044176,3.008592,0.7298182,0.1031608,-3.293003,0.174312,-0.2718703,0.03446697,0.9457875,20.39347,327.5996,358.1913,0.2921759,0.03216611,-0.9558232,0.0,0.0,0.0,0.08023507,-0.8754764,-2.011439,0.5795998,-0.28581,1.915,0.8497971,-0.02958364,0.5262791,-0.1599774,0.9368547,0.3109831,-0.502247,-0.3484652,0.7914037,moving,-25.76813,-29.39717,16.83912,-8.488625,-3.3724991201771477,-2.8174632686368737
05/11/2023 10:29:47.159543,665,True,True,True,True,Eyes,0.9230801,0.1128005,-3.353102,-0.3812979,-0.4510494,0.8069488,0.0,0.0,0.0,0.0,0.0,0.0,0.0,1.100461,1.048528,3.008148,0.7209226,0.1048934,-3.290691,0.1752021,-0.2690468,0.03109575,0.946547,20.38987,327.8761,357.8351,0.2897397,0.03219298,-0.9565636,0.0,0.0,0.0,0.07433707,-0.8678662,-1.99957,0.5796,-0.2831205,1.915,0.8532938,-0.03540792,0.5202269,-0.1531423,0.9366746,0.3149415,-0.4984347,-0.3484064,0.7938362,moving,-25.29158,-29.2033,16.83913,-8.409893,-3.319578198542599,-2.7586480209634106
05/11/2023 10:29:47.179406,666,True,True,True,True,Eyes,0.9133847,0.1126829,-3.351195,-0.3749026,-0.4497437,0.8106656,0.0,0.0,0.0,0.0,0.0,0.0,0.0,1.072972,1.057302,3.010146,0.7117323,0.1059245,-3.288214,0.1765177,-0.2646204,0.02596011,0.9477044,20.38413,328.312,357.2964,0.2873016,0.03221634,-0.957298,0.0,0.0,0.0,0.06874424,-0.8577484,-1.986655,0.5796,-0.280383,1.915,0.8586043,-0.04421535,0.5107287,-0.1426254,0.9363351,0.3208341,-0.4923989,-0.3483124,0.7976351,moving,-24.81878,-29.02078,16.83913,-8.329724,-3.266749265797044,-2.7031487502714517
05/11/2023 10:29:47.189415,667,True,True,True,True,Eyes,0.9037253,0.112675,-3.349291,-0.3686485,-0.4483929,0.814274,0.0,0.0,0.0,0.0,0.0,0.0,0.0,1.046905,1.063459,3.013186,0.7028119,0.1069128,-3.286468,0.1774378,-0.2603182,0.02121185,0.9488416,20.35063,328.7442,356.8129,0.2848621,0.03223806,-0.958026,0.0,0.0,0.0,0.06251318,-0.8485891,-1.976299,0.5796001,-0.277889,1.915,0.8635691,-0.05212714,0.5015289,-0.1326339,0.9361318,0.325677,-0.4864737,-0.3477643,0.8015006,moving,-24.35782,-28.84007,16.83914,-8.256659,-3.2153344631438494,-2.6482375554808764
05/11/2023 10:29:47.209614,668,True,True,True,True,Eyes,0.8940892,0.1127233,-3.347353,-0.3624144,-0.447089,0.8177818,0.0,0.0,0.0,0.0,0.0,0.0,0.0,1.033545,1.0654,3.013366,0.6941243,0.109348,-3.284798,0.1780517,-0.2577816,0.01763275,0.9494921,20.31665,328.9824,356.435,0.2824212,0.03226147,-0.9587476,0.0,0.0,0.0,0.06684147,-0.8487067,-1.962044,0.5796,-0.2751711,1.915,0.8664755,-0.05831258,0.4958023,-0.1252812,0.9359733,0.3290266,-0.4832442,-0.3472082,0.8036925,moving,-23.90137,-28.66585,16.83913,-8.177001,-3.1642667583030777,-2.5952349298998962
05/11/2023 10:29:47.229901,669,True,True,True,True,Eyes,0.8844947,0.1128614,-3.345402,-0.3562363,-0.4456853,0.8212553,0.0,0.0,0.0,0.0,0.0,0.0,0.0,1.013638,1.064071,3.015782,0.6851925,0.1106115,-3.282213,0.1780398,-0.2542057,0.01444407,0.9505118,20.23073,329.3666,356.1465,0.2799791,0.03228802,-0.9594628,0.0,0.0,0.0,0.06515744,-0.8358665,-1.945978,0.5796002,-0.2724045,1.915,0.8703417,-0.06305898,0.4883943,-0.117976,0.9361864,0.3311144,-0.4781078,-0.3458015,0.8073626,moving,-23.44977,-28.48815,16.83914,-8.095883,-3.1139177327592416,-2.541247232878855
05/11/2023 10:29:47.249613,670,True,True,True,True,Eyes,0.8749439,0.1130561,-3.343411,-0.3500479,-0.444352,0.8246319,0.0,0.0,0.0,0.0,0.0,0.0,0.0,0.9983904,1.060239,3.018154,0.6767135,0.1128267,-3.280163,0.1778392,-0.251141,0.01257283,0.9513902,20.16373,329.7149,356.0049,0.2775366,0.03231998,-0.960171,0.0,0.0,0.0,0.05836181,-0.8288278,-1.939153,0.5796,-0.2697795,1.915,0.8735402,-0.06540212,0.4823381,-0.1132488,0.9364303,0.3320739,-0.4733944,-0.3447041,0.8106027,moving,-23.00073,-28.31796,16.83913,-8.018888,-3.0636393736549135,-2.4894540466986923
05/11/2023 10:29:47.259396,671,True,True,True,True,Eyes,0.8654598,0.113251,-3.341398,-0.3437834,-0.4429093,0.8280364,0.0,0.0,0.0,0.0,0.0,0.0,0.0,0.9822274,1.059561,3.018806,0.6683401,0.114372,-3.277327,0.1781399,-0.2478283,0.01198383,0.9522098,20.19358,330.1104,355.9997,0.2750939,0.03235848,-0.9608725,0.0,0.0,0.0,0.06156122,-0.8216758,-1.920446,0.5795998,-0.2671232,1.915,0.876875,-0.06547399,0.4762387,-0.1111185,0.9362451,0.3333133,-0.4676995,-0.345193,0.8136946,moving,-22.54721,-28.14193,16.83912,-7.940942,-3.0129961852227156,-2.435941218952988
05/11/2023 10:29:47.279434,672,True,True,True,True,Eyes,0.8560513,0.1134509,-3.339355,-0.3374649,-0.441393,0.8314384,0.0,0.0,0.0,0.0,0.0,0.0,0.0,0.9597658,1.058128,3.022352,0.6606242,0.1146188,-3.275032,0.1781283,-0.2434421,0.01243241,0.9533372,20.22366,330.6634,356.1489,0.2726526,0.03240286,-0.9615666,0.0,0.0,0.0,0.06067121,-0.8092039,-1.9055,0.5795997,-0.2645395,1.915,0.8811628,-0.06302325,0.4685938,-0.1104324,0.9362315,0.3335794,-0.4597355,-0.3456857,0.8180126,moving,-22.09129,-27.96288,16.83912,-7.865103,-2.9621539669660946,-2.3815386853791827
05/11/2023 10:29:47.294422,673,True,True,True,True,Eyes,0.846734,0.1137276,-3.337257,-0.3311105,-0.4396235,0.8349234,0.0,0.0,0.0,0.0,0.0,0.0,0.0,0.9404171,1.045448,3.028395,0.6531748,0.1150432,-3.272407,0.1764132,-0.2395448,0.01287269,0.9546366,20.05903,331.1802,356.3414,0.2702136,0.03245271,-0.962253,0.0,0.0,0.0,0.05577587,-0.8013941,-1.895674,0.5796,-0.2617379,1.915,0.8849052,-0.05994026,0.4618983,-0.1090952,0.9374253,0.3306538,-0.4528147,-0.3429881,0.8229933,moving,-21.63209,-27.76876,16.83913,-7.782834,-2.9114011198468157,-2.322742310659476
05/11/2023 10:29:47.309849,674,True,True,True,True,Eyes,0.8374775,0.1140245,-3.335059,-0.3246687,-0.4377831,0.8384129,0.0,0.0,0.0,0.0,0.0,0.0,0.0,0.9234377,1.027192,3.034933,0.6461643,0.1171777,-3.269162,0.1740409,-0.2362956,0.01180676,0.9558948,19.7739,331.5959,356.364,0.2677796,0.03250972,-0.9629313,0.0,0.0,0.0,0.05471669,-0.7977738,-1.884873,0.5795999,-0.2591152,1.915,0.88805,-0.05967815,0.4558572,-0.1048222,0.9391408,0.3271497,-0.4476378,-0.3383093,0.8277484,moving,-21.1685,-27.57162,16.83913,-7.705791,-2.8602015173420523,-2.2630457379833
05/11/2023 10:29:47.329601,675,True,True,True,True,Eyes,0.828286,0.1143099,-3.332794,-0.3180429,-0.4359153,0.8419183,0.0,0.0,0.0,0.0,0.0,0.0,0.0,0.8908683,1.012791,3.043268,0.6385612,0.1177979,-3.264848,0.1719536,-0.2310196,0.008135488,0.957599,19.45607,332.2072,356.116,0.2653509,0.03257388,-0.9636013,0.0,0.0,0.0,0.05669912,-0.7996966,-1.876725,0.5795999,-0.256396,1.915,0.8931275,-0.06386822,0.4452462,-0.09503037,0.9407316,0.3255662,-0.4396505,-0.333084,0.8341238,moving,-20.69455,-27.37351,16.83913,-7.62588,-2.807744282081133,-2.2030128408364726
05/11/2023 10:29:47.339922,676,True,True,True,True,Eyes,0.8191555,0.1145041,-3.33047,-0.3112122,-0.4341722,0.8453647,0.0,0.0,0.0,0.0,0.0,0.0,0.0,0.8535088,1.006732,3.050622,0.6311439,0.1176739,-3.261302,0.1710349,-0.2249867,0.004513474,0.9592226,19.278,332.8946,355.8505,0.2629288,0.03264417,-0.9642625,0.0,0.0,0.0,0.05903935,-0.8030342,-1.869792,0.5796001,-0.2537782,1.915,0.8987212,-0.06830231,0.4331686,-0.08562002,0.9414533,0.3260901,-0.4300807,-0.3301519,0.8402561,moving,-20.21066,-27.18465,16.83914,-7.548923,-2.75374418515513,-2.14561387055545
05/11/2023 10:29:47.359496,677,True,True,True,True,Eyes,0.8101007,0.1146944,-3.328091,-0.3041727,-0.4326406,0.8487055,0.0,0.0,0.0,0.0,0.0,0.0,0.0,0.815458,1.011243,3.054246,0.6237008,0.1157011,-3.257854,0.171583,-0.2186398,0.002653968,0.9605983,19.31765,333.6313,355.7503,0.2605139,0.0327174,-0.9649153,0.0,0.0,0.0,0.06012771,-0.8011446,-1.860884,0.5796,-0.2509614,1.914999,0.9043792,-0.06993094,0.4209608,-0.08012852,0.9411045,0.3284841,-0.4191393,-0.3308052,0.8455118,moving,-19.71748,-27.01091,16.83914,-7.466087,-2.6980882868090075,-2.0925569877501218
05/11/2023 10:29:47.379627,678,True,True,True,True,Eyes,0.8011405,0.1148895,-3.325647,-0.2970037,-0.4313907,0.8518749,0.0,0.0,0.0,0.0,0.0,0.0,0.0,0.7864282,1.019778,3.05396,0.6166498,0.1158203,-3.254446,0.1731546,-0.2134495,0.002775592,0.9614828,19.52118,334.2485,355.8272,0.258107,0.03279318,-0.9655593,0.0,0.0,0.0,0.06022068,-0.793458,-1.848697,0.5795997,-0.2484675,1.915,0.9088632,-0.06858215,0.4114173,-0.07925688,0.9400196,0.3317854,-0.4094948,-0.3341552,0.8489136,moving,-19.22096,-26.85772,16.83913,-7.392718,-2.64133794976178,-2.0454505144785378
05/11/2023 10:29:47.389449,679,True,True,True,True,Eyes,0.7922724,0.1150597,-3.323127,-0.289623,-0.4304834,0.85487,0.0,0.0,0.0,0.0,0.0,0.0,0.0,0.760828,1.037809,3.049014,0.6101253,0.1161685,-3.250638,0.1763049,-0.2087518,0.004021991,0.9619372,19.92975,334.8058,355.9822,0.2557099,0.03287145,-0.9661942,0.0,0.0,0.0,0.056148,-0.7777013,-1.834641,0.5795998,-0.2457649,1.915,0.912813,-0.06587014,0.4030305,-0.08134575,0.9378008,0.3375093,-0.4001941,-0.3408677,0.8506784,moving,-18.71596,-26.72827,16.83912,-7.313178,-2.5827479711770325,-2.005193772951487
05/11/2023 10:29:47.409411,680,True,True,True,True,Eyes,0.7835025,0.1152131,-3.320548,-0.2820347,-0.4299448,0.8576735,0.0,0.0,0.0,0.0,0.0,0.0,0.0,0.7276399,1.062274,3.043099,0.6036716,0.1157766,-3.246615,0.1803629,-0.2029282,0.005206083,0.9624252,20.44356,335.4897,356.1338,0.2533239,0.0329513,-0.9668198,0.0,0.0,0.0,0.05365301,-0.7651967,-1.821312,0.5795998,-0.2430638,1.915,0.9175861,-0.06318051,0.3924844,-0.08322237,0.9348843,0.3450587,-0.3887284,-0.3492846,0.8525788,moving,-18.20277,-26.62424,16.83912,-7.233659,-2.522298970225653,-1.9722761886521747
05/11/2023 10:29:47.429401,681,True,True,True,True,Eyes,0.7748334,0.1153705,-3.317916,-0.2744142,-0.4296812,0.8602737,0.0,0.0,0.0,0.0,0.0,0.0,0.0,0.6937338,1.090166,3.035944,0.597454,0.1155355,-3.242898,0.1849719,-0.1970269,0.006174056,0.9627709,21.01448,336.1736,356.2532,0.2509502,0.0330321,-0.9674358,0.0,0.0,0.0,0.05916589,-0.7579722,-1.804857,0.5796001,-0.2403539,1.915,0.9222845,-0.06100044,0.3816675,-0.08477724,0.9314946,0.3537381,-0.3770994,-0.3586039,0.8539317,moving,-17.69189,-26.54077,16.83913,-7.153853,-2.4614585417429926,-1.9453417072409902
05/11/2023 10:29:47.439460,682,True,True,True,True,Eyes,0.7662569,0.1155515,-3.315216,-0.2666509,-0.4296551,0.8627246,0.0,0.0,0.0,0.0,0.0,0.0,0.0,0.6613642,1.117351,3.028278,0.5913994,0.1157705,-3.239319,0.1895405,-0.1914384,0.006551665,0.9630072,21.5656,336.8091,356.3039,0.24859,0.03311393,-0.9680423,0.0,0.0,0.0,0.06727021,-0.7539236,-1.790257,0.5795999,-0.2377517,1.915,0.9266169,-0.05995203,0.3711966,-0.08518922,0.928063,0.3625492,-0.3662294,-0.3675661,0.8548515,moving,-17.17533,-26.47428,16.83913,-7.077191,-2.3993502774462794,-1.9233085178668814
05/11/2023 10:29:47.459921,683,True,True,True,True,Eyes,0.7577692,0.1157557,-3.312449,-0.2589213,-0.4294897,0.865158,0.0,0.0,0.0,0.0,0.0,0.0,0.0,0.6290044,1.134609,3.023271,0.5852218,0.1165021,-3.235289,0.1926477,-0.1858916,0.006352746,0.9634786,21.93693,337.4477,356.3296,0.246244,0.03319742,-0.9686388,0.0,0.0,0.0,0.0749988,-0.7554614,-1.779426,0.5796,-0.2349725,1.915,0.9308079,-0.05938168,0.3606527,-0.08386462,0.925693,0.3688621,-0.3557573,-0.3735857,0.8566624,moving,-16.6612,-26.40115,16.83913,-6.995286,-2.337763796379533,-1.8993597877361186
05/11/2023 10:29:47.479392,684,True,True,True,True,Eyes,0.7493667,0.1159759,-3.309612,-0.2511616,-0.4292545,0.8675588,0.0,0.0,0.0,0.0,0.0,0.0,0.0,0.5981339,1.138448,3.022536,0.5790424,0.117252,-3.231179,0.1936403,-0.1805856,0.005690767,0.9642925,22.05566,338.0748,356.3525,0.2439134,0.03328313,-0.9692253,0.0,0.0,0.0,0.08568495,-0.7603776,-1.768544,0.5795999,-0.2323495,1.915,0.9347129,-0.05896215,0.3504786,-0.08091241,0.9249421,0.3713964,-0.3460707,-0.375507,0.8597846,moving,-16.14593,-26.32548,16.83913,-6.917958,-2.276119284980341,-1.8746673940285747
05/11/2023 10:29:47.489632,685,True,True,True,True,Eyes,0.7410486,0.1162049,-3.306706,-0.2435934,-0.4286609,0.8700069,0.0,0.0,0.0,0.0,0.0,0.0,0.0,0.5721131,1.12943,3.025219,0.5728212,0.1178665,-3.226896,0.1925866,-0.1760416,0.004576094,0.9653492,21.92779,338.6238,356.3552,0.2415984,0.03337139,-0.969802,0.0,0.0,0.0,0.09728836,-0.7673823,-1.759475,0.5795998,-0.2298638,1.915,0.9379768,-0.05897144,0.3416457,-0.07664155,0.9257789,0.3702155,-0.3381206,-0.3734378,0.8638395,moving,-15.64172,-26.22992,16.83912,-6.844654,-2.216508441758022,-1.844256967535408
05/11/2023 10:29:47.509658,686,True,True,True,True,Eyes,0.7327981,0.1163913,-3.303717,-0.236126,-0.4278541,0.8724594,0.0,0.0,0.0,0.0,0.0,0.0,0.0,0.5490003,1.118152,3.027943,0.5666588,0.1182986,-3.222577,0.1911548,-0.1719428,0.003415514,0.9663767,21.75445,339.1207,356.3496,0.2392998,0.03346223,-0.9703686,0.0,0.0,0.0,0.1104612,-0.776051,-1.750661,0.5796,-0.2271374,1.915,0.940848,-0.05913403,0.3336288,-0.07233673,0.9268964,0.3682805,-0.3310173,-0.3706296,0.867791,moving,-15.14397,-26.12333,16.83913,-6.764226,-2.1580660356935244,-1.810677328196177
05/11/2023 10:29:47.529764,687,True,True,True,True,Eyes,0.7246239,0.1165251,-3.300637,-0.2289214,-0.4267117,0.8749355,0.0,0.0,0.0,0.0,0.0,0.0,0.0,0.5347323,1.096945,3.031836,0.5601133,0.1174972,-3.21772,0.1879985,-0.1691306,0.002313857,0.9674948,21.38037,339.481,356.3602,0.2370176,0.03355426,-0.9709253,0.0,0.0,0.0,0.1242096,-0.783437,-1.741701,0.5796002,-0.2243243,1.915,0.942779,-0.05911531,0.3281359,-0.06806989,0.9293023,0.3629925,-0.3263959,-0.3645579,0.8721028,moving,-14.6624,-25.99879,16.83913,-6.681214,-2.1022305940958277,-1.7719700551621278
05/11/2023 10:29:47.539565,688,True,True,True,True,Eyes,0.7165393,0.116615,-3.297467,-0.221826,-0.425561,0.8773204,0.0,0.0,0.0,0.0,0.0,0.0,0.0,0.5226182,1.08468,3.031735,0.5538558,0.1164022,-3.212596,0.1862349,-0.1665933,0.002128041,0.9682763,21.1839,339.8092,356.438,0.2347525,0.03364586,-0.9714724,0.0,0.0,0.0,0.1373393,-0.7888421,-1.732259,0.5796005,-0.2216622,1.915,0.9444843,-0.0579299,0.3234092,-0.06617203,0.9306241,0.3599446,-0.321824,-0.3613627,0.8751265,moving,-14.18955,-25.87659,16.83914,-6.602631,-2.0474033856414446,-1.7339883277820842
05/11/2023 10:29:47.559438,689,True,True,True,True,Eyes,0.7085366,0.1166605,-3.294183,-0.2148783,-0.4243399,0.879638,0.0,0.0,0.0,0.0,0.0,0.0,0.0,0.5121918,1.079905,3.028593,0.5479888,0.1154603,-3.20738,0.1856885,-0.1644004,0.001928925,0.9687563,21.12526,340.0799,356.4771,0.2325047,0.03373586,-0.9720097,0.0,0.0,0.0,0.1472649,-0.7870885,-1.721029,0.5795999,-0.2190208,1.915,0.9459376,-0.0573172,0.3192441,-0.06479184,0.9310321,0.3591396,-0.3178113,-0.3604081,0.8769846,moving,-13.7274,-25.75279,16.83913,-6.524636,-1.9939610084582542,-1.6955983520497213
05/11/2023 10:29:47.579377,690,True,True,True,True,Eyes,0.7006181,0.1166602,-3.290799,-0.2079159,-0.4232038,0.8818557,0.0,0.0,0.0,0.0,0.0,0.0,0.0,0.4957516,1.080207,3.023903,0.5420577,0.1144289,-3.201513,0.1859785,-0.1613644,0.001342602,0.969212,21.15784,340.4356,356.4702,0.2302751,0.03382323,-0.9725373,0.0,0.0,0.0,0.1546557,-0.7805067,-1.708562,0.5796001,-0.2162839,1.915,0.9479195,-0.05741807,0.3132919,-0.06262313,0.9308204,0.3600718,-0.3122931,-0.3609384,0.8787471,moving,-13.26641,-25.63642,16.83913,-6.443792,-1.940417660403431,-1.6593722725957072
05/11/2023 10:29:47.589434,691,True,True,True,True,Eyes,0.6927873,0.1166061,-3.287315,-0.2010083,-0.422049,0.8840081,0.0,0.0,0.0,0.0,0.0,0.0,0.0,0.47697,1.082862,3.018969,0.5362611,0.1133697,-3.195909,0.1866249,-0.1578289,0.00166253,0.9696694,21.25096,340.8678,356.5746,0.228064,0.03390694,-0.9730553,0.0,0.0,0.0,0.1601089,-0.7715201,-1.695545,0.5796002,-0.2137375,1.915,0.9501746,-0.05568537,0.3067042,-0.0621338,0.9303368,0.361404,-0.3054631,-0.3624536,0.8805224,moving,-12.81027,-25.52105,16.83913,-6.368554,-1.8874450408748333,-1.623462178980489
05/11/2023 10:29:47.609305,692,True,True,True,True,Eyes,0.6850511,0.1164817,-3.283725,-0.1940651,-0.4209956,0.8860595,0.0,0.0,0.0,0.0,0.0,0.0,0.0,0.4610753,1.086846,3.012922,0.5306494,0.1120984,-3.190199,0.187455,-0.154646,0.002774501,0.9700193,21.37854,341.2723,356.7621,0.2258718,0.03398585,-0.9735638,0.0,0.0,0.0,0.163907,-0.7626458,-1.68314,0.5795999,-0.2108876,1.915,0.9521538,-0.05259567,0.3010594,-0.06336094,0.9297059,0.3628117,-0.298979,-0.364528,0.8818905,moving,-12.35387,-25.41391,16.83913,-6.284324,-1.8341682617007995,-1.5899408264551953
05/11/2023 10:29:47.629460,693,True,True,True,True,Eyes,0.6774147,0.1163369,-3.280037,-0.1870867,-0.4199522,0.8880533,0.0,0.0,0.0,0.0,0.0,0.0,0.0,0.4427266,1.092383,3.006371,0.5252847,0.1103767,-3.184253,0.1884771,-0.1510799,0.004132973,0.9703785,21.53299,341.7277,356.9848,0.2236997,0.03405841,-0.9740626,0.0,0.0,0.0,0.1668964,-0.7551974,-1.671885,0.5796,-0.2083433,1.915,0.9543156,-0.04892908,0.2947672,-0.06497128,0.9289187,0.3645393,-0.2916513,-0.3670369,0.8833025,moving,-11.89657,-25.30903,16.83913,-6.2091,-1.7807048099609912,-1.5570710656770714
05/11/2023 10:29:47.639692,694,True,True,True,True,Eyes,0.66987,0.1161763,-3.276228,-0.1800691,-0.419,0.8899518,0.0,0.0,0.0,0.0,0.0,0.0,0.0,0.4253969,1.097379,2.9999,0.5201622,0.1098177,-3.178361,0.1895828,-0.1477058,0.005333135,0.9706767,21.69234,342.1559,357.1839,0.221548,0.03412474,-0.9745519,0.0,0.0,0.0,0.1696691,-0.7503728,-1.662035,0.5796002,-0.2058156,1.915,0.9563091,-0.04565148,0.2887714,-0.06635848,0.9280598,0.3664717,-0.2847271,-0.3696226,0.8844827,moving,-11.43856,-25.21162,16.83913,-6.134346,-1.726906279024253,-1.526366958322936
05/11/2023 10:29:47.659484,695,True,True,True,True,Eyes,0.6624123,0.1159981,-3.272304,-0.1730001,-0.4179862,0.8918287,0.0,0.0,0.0,0.0,0.0,0.0,0.0,0.4043453,1.10044,2.99389,0.514924,0.1093273,-3.171868,0.190431,-0.1438557,0.005761833,0.9710863,21.80863,342.6285,357.3084,0.2194177,0.03418507,-0.9750316,0.0,0.0,0.0,0.1736234,-0.7472583,-1.652504,0.5795999,-0.2030162,1.915,0.9585447,-0.04359869,0.2815869,-0.06597964,0.9274057,0.3681921,-0.277198,-0.3715076,0.8860832,moving,-10.9781,-25.11176,16.83913,-6.051533,-1.6728836699091683,-1.4949384178249554
05/11/2023 10:29:47.679561,696,True,True,True,True,Eyes,0.6550465,0.1157909,-3.268269,-0.1659717,-0.4169055,0.8936684,0.0,0.0,0.0,0.0,0.0,0.0,0.0,0.3841309,1.097462,2.989851,0.5096787,0.1087828,-3.165372,0.190291,-0.1401036,0.006179686,0.9716595,21.80987,343.0987,357.4497,0.217309,0.03423956,-0.9755019,0.0,0.0,0.0,0.1780505,-0.7445727,-1.643303,0.5796,-0.2003912,1.915,0.9606656,-0.04131182,0.2746178,-0.06533001,0.9275023,0.3680646,-0.2699141,-0.3715278,0.8883207,moving,-10.52108,-25.00953,16.83913,-5.973857,-1.619367558504344,-1.4628397319398116
05/11/2023 10:29:47.699388,697,True,True,True,True,Eyes,0.6477766,0.1155546,-3.26411,-0.1590993,-0.4155579,0.8955439,0.0,0.0,0.0,0.0,0.0,0.0,0.0,0.370378,1.088512,2.987029,0.5045908,0.1079881,-3.158814,0.1891314,-0.1372746,0.007188783,0.9722826,21.70032,343.4786,357.6593,0.2152224,0.03428802,-0.9759628,0.0,0.0,0.0,0.1826884,-0.7441647,-1.634833,0.5796002,-0.1977279,1.915,0.962208,-0.03794681,0.2696586,-0.06590492,0.9283553,0.3658046,-0.2642201,-0.3697519,0.8907701,moving,-10.07387,-24.89264,16.83913,-5.895022,-1.567556789453274,-1.4265352909433924
05/11/2023 10:29:47.709359,698,True,True,True,True,Eyes,0.6406065,0.1152853,-3.259827,-0.1523201,-0.4141292,0.8973826,0.0,0.0,0.0,0.0,0.0,0.0,0.0,0.3659509,1.072031,2.985186,0.499672,0.1071518,-3.151722,0.1867577,-0.1358916,0.008530892,0.9729246,21.45196,343.699,357.8968,0.2131587,0.03433026,-0.9764141,0.0,0.0,0.0,0.1884189,-0.7446666,-1.626715,0.5795999,-0.1950299,1.915,0.9629214,-0.0341578,0.2676111,-0.06735746,0.9300976,0.3610838,-0.2612382,-0.365721,0.89331,moving,-9.633469,-24.77265,16.83913,-5.81514,-1.5166960168230674,-1.3893664647271047
05/11/2023 10:29:47.729828,699,True,True,True,True,Eyes,0.6335405,0.1150073,-3.255421,-0.1455882,-0.4126024,0.8992015,0.0,0.0,0.0,0.0,0.0,0.0,0.0,0.3559532,1.060837,2.98205,0.4949535,0.1061819,-3.14459,0.1852258,-0.1337636,0.009261066,0.9735056,21.29158,343.9882,358.0613,0.211118,0.03436599,-0.976856,0.0,0.0,0.0,0.1932073,-0.7458095,-1.619468,0.5796,-0.1923932,1.915,0.964043,-0.03152154,0.2638699,-0.06758434,0.9312112,0.3581591,-0.2570084,-0.3631142,0.8955975,moving,-9.196854,-24.64822,16.83913,-5.737053,-1.466453174966595,-1.3509281592208282
05/11/2023 10:29:47.743790,700,True,True,True,True,Eyes,0.6265864,0.1146787,-3.250886,-0.139003,-0.4110425,0.9009563,0.0,0.0,0.0,0.0,0.0,0.0,0.0,0.3471395,1.052429,2.977628,0.4904407,0.1057204,-3.137304,0.1842363,-0.131915,0.009615547,0.973942,21.18668,344.2296,358.1638,0.2091017,0.0343957,-0.9772886,0.0,0.0,0.0,0.1995446,-0.7472299,-1.612183,0.5796002,-0.1896296,1.915,0.965012,-0.02987711,0.2604982,-0.06733704,0.9319291,0.3563341,-0.2534121,-0.3614078,0.8973108,moving,-8.770658,-24.52386,16.83914,-5.655181,-1.4175050327465102,-1.3125651161442997
05/11/2023 10:29:47.759699,701,True,True,True,True,Eyes,0.6197463,0.1143403,-3.246224,-0.1325027,-0.4094326,0.9026672,0.0,0.0,0.0,0.0,0.0,0.0,0.0,0.3394804,1.044336,2.972665,0.4862123,0.1041989,-3.129754,0.1831565,-0.1303858,0.009411124,0.9743536,21.06166,344.4203,358.1932,0.2071098,0.03441856,-0.9777118,0.0,0.0,0.0,0.2066974,-0.748329,-1.603859,0.5795998,-0.1868443,1.915,0.965822,-0.02942249,0.2575311,-0.06610154,0.9327303,0.3544642,-0.2506363,-0.3593725,0.8989065,moving,-8.350822,-24.39814,16.83913,-5.572643,-1.3693935300669895,-1.2738406418823303
05/11/2023 10:29:47.779554,702,True,True,True,True,Eyes,0.6130224,0.1139857,-3.241425,-0.1261325,-0.4078202,0.9043081,0.0,0.0,0.0,0.0,0.0,0.0,0.0,0.3319073,1.035005,2.968063,0.4821438,0.1035797,-3.122115,0.1820281,-0.1290089,0.008390375,0.9747576,20.918,344.5748,358.1221,0.2051442,0.03443503,-0.9781256,0.0,0.0,0.0,0.2137063,-0.7499022,-1.596764,0.5795999,-0.1843035,1.915,0.9665726,-0.03060934,0.2545594,-0.06332366,0.9335908,0.3527017,-0.2484503,-0.3570314,0.9004449,moving,-7.940365,-24.27418,16.83913,-5.49733,-1.3223914506227583,-1.2356767473520263
05/11/2023 10:29:47.789166,703,True,True,True,True,Eyes,0.6064061,0.1135982,-3.236487,-0.1197257,-0.406203,0.9059056,0.0,0.0,0.0,0.0,0.0,0.0,0.0,0.3199464,1.026672,2.963246,0.4782582,0.1027739,-3.114154,0.1810638,-0.1270818,0.006586846,0.9752041,20.78256,344.778,357.9666,0.2032049,0.03444535,-0.9785299,0.0,0.0,0.0,0.220465,-0.7451345,-1.586175,0.5795999,-0.1816829,1.915,0.9676136,-0.03317278,0.2502466,-0.05886685,0.934345,0.3514741,-0.245476,-0.3548224,0.9021323,moving,-7.528656,-24.1512,16.83913,-5.419634,-1.275201151468817,-1.197790858023728
05/11/2023 10:29:47.809136,704,True,True,True,True,Eyes,0.5999632,0.1131588,-3.231435,-0.1133961,-0.4045225,0.9074706,0.0,0.0,0.0,0.0,0.0,0.0,0.0,0.3020932,1.017037,2.959697,0.4757504,0.1012307,-3.106259,0.17975,-0.1243855,0.004920459,0.9758043,20.61126,345.0804,357.85,0.2012927,0.03444925,-0.9789249,0.0,0.0,0.0,0.2257169,-0.7406067,-1.57726,0.5796001,-0.1790861,1.915,0.9690081,-0.03511377,0.2445207,-0.05431939,0.9353315,0.3495775,-0.2409829,-0.3520256,0.9044364,moving,-7.122671,-24.02584,16.83913,-5.342621,-1.228802004484183,-1.1592439613842558
05/11/2023 10:29:47.830259,705,True,True,True,True,Eyes,0.5936882,0.1126877,-3.226264,-0.1069612,-0.4028611,0.9089897,0.0,0.0,0.0,0.0,0.0,0.0,0.0,0.2863386,1.006005,2.956653,0.4735286,0.09963249,-3.098658,0.1781715,-0.1219972,0.003534908,0.9764012,20.4137,345.3534,357.7637,0.1994109,0.03444583,-0.9793101,0.0,0.0,0.0,0.2363324,-0.7382449,-1.56656,0.5795999,-0.1762826,1.915,0.9702083,-0.03656989,0.2394961,-0.05037584,0.9364848,0.3470712,-0.2369768,-0.3487962,0.9067432,moving,-6.711155,-23.90275,16.83913,-5.25946,-1.181639363694925,-1.121327144031408
05/11/2023 10:29:47.839766,706,True,True,True,True,Eyes,0.5874431,0.1122183,-3.220948,-0.1005425,-0.4011318,0.9104859,0.0,0.0,0.0,0.0,0.0,0.0,0.0,0.2684163,0.991956,2.953959,0.4698769,0.09859934,-3.090533,0.1762248,-0.1190429,0.002070451,0.9771231,20.17444,345.696,357.6853,0.1975603,0.03443493,-0.9796855,0.0,0.0,0.0,0.2475232,-0.735126,-1.55662,0.5796001,-0.1734681,1.915,0.971649,-0.03791044,0.2333688,-0.04600278,0.9378811,0.3438937,-0.2319093,-0.3448796,0.9095472,moving,-6.301485,-23.7768,16.83913,-5.175946,-1.1348009733122129,-1.0825894739039752
05/11/2023 10:29:47.859640,707,True,True,True,True,Eyes,0.5812915,0.1118139,-3.215484,-0.09398371,-0.3994448,0.911927,0.0,0.0,0.0,0.0,0.0,0.0,0.0,0.2499662,0.9772371,2.950596,0.4644216,0.09815735,-3.08191,0.1743004,-0.1157158,0.0005932351,0.9778696,19.93924,346.0827,357.6114,0.1957394,0.03441744,-0.9800515,0.0,0.0,0.0,0.2572653,-0.7335075,-1.548483,0.5796001,-0.1710214,1.915,0.973219,-0.03917842,0.2265168,-0.04149885,0.9392381,0.3407488,-0.2261032,-0.3410234,0.9124584,moving,-5.884161,-23.65451,16.83913,-5.103331,-1.086888902662753,-1.0448743659560344
05/11/2023 10:29:47.879562,708,True,True,True,True,Eyes,0.5752298,0.1115422,-3.20989,-0.08749504,-0.3977233,0.9133241,0.0,0.0,0.0,0.0,0.0,0.0,0.0,0.2312803,0.9602246,2.947945,0.4605674,0.0992995,-3.073096,0.1722454,-0.1126014,-0.001089612,0.9785967,19.68642,346.4401,357.509,0.1939477,0.0343961,-0.9804084,0.0,0.0,0.0,0.2689779,-0.7328902,-1.539687,0.5796001,-0.1684104,1.915,0.9746395,-0.04092273,0.2200074,-0.03665757,0.9406607,0.3373629,-0.2207581,-0.3368721,0.9153048,moving,-5.472148,-23.53158,16.83913,-5.02582,-1.0396591087697364,-1.0070013945386957
05/11/2023 10:29:47.889751,709,True,True,True,True,Eyes,0.5692507,0.1112696,-3.204147,-0.08088184,-0.396055,0.9146576,0.0,0.0,0.0,0.0,0.0,0.0,0.0,0.2160535,0.9454333,2.944431,0.4567226,0.1021928,-3.0645,0.1708037,-0.1099588,-0.0023572,0.9791475,19.50965,346.744,357.4353,0.1921847,0.03437546,-0.9807563,0.0,0.0,0.0,0.2777974,-0.7320331,-1.532825,0.5796001,-0.1657217,1.915,0.975807,-0.04217884,0.2145265,-0.03294665,0.9416411,0.3350024,-0.216137,-0.3339656,0.9174703,moving,-5.053438,-23.41305,16.83913,-4.945981,-0.991450328655705,-0.9703709377954972
05/11/2023 10:29:47.909411,710,True,True,True,True,Eyes,0.5633709,0.1111512,-3.198309,-0.0744711,-0.3942167,0.9159952,0.0,0.0,0.0,0.0,0.0,0.0,0.0,0.1944987,0.9297155,2.940885,0.4527886,0.1019304,-3.055422,0.1687275,-0.1062146,-0.003149296,0.9799182,19.26934,347.1945,357.449,0.190451,0.03435553,-0.9810951,0.0,0.0,0.0,0.2840129,-0.7335117,-1.527506,0.5795999,-0.1629923,1.915,0.9774171,-0.04201478,0.2071006,-0.02967057,0.9430422,0.3313473,-0.2092261,-0.3300093,0.9204989,moving,-4.647967,-23.28558,16.83913,-4.864918,-0.945184849238271,-0.9312139764379737
05/11/2023 10:29:47.929394,711,True,True,True,True,Eyes,0.5575892,0.1111163,-3.192308,-0.06804912,-0.3924837,0.9172381,0.0,0.0,0.0,0.0,0.0,0.0,0.0,0.1900929,0.9042607,2.940312,0.4493123,0.1055193,-3.047333,0.1655441,-0.1052617,-0.004124721,0.9805602,18.89189,347.3128,357.3987,0.1887464,0.03434107,-0.981425,0.0,0.0,0.0,0.2862017,-0.7314745,-1.522284,0.5796001,-0.1602997,1.915,0.9778059,-0.04293999,0.2050652,-0.02676184,0.9451563,0.3255202,-0.2077965,-0.3237835,0.9230302,moving,-4.242952,-23.16595,16.83913,-4.784926,-0.8987172212262855,-0.894336269544854
05/11/2023 10:29:47.939773,712,True,True,True,True,Eyes,0.5518839,0.1110845,-3.186177,-0.06163365,-0.3905151,0.9185311,0.0,0.0,0.0,0.0,0.0,0.0,0.0,0.1757404,0.8825993,2.937208,0.4459013,0.1074163,-3.037547,0.1628911,-0.102955,-0.006649354,0.9812354,18.56014,347.5601,357.183,0.1870703,0.03433423,-0.9817461,0.0,0.0,0.0,0.2851329,-0.7304972,-1.518623,0.5796001,-0.1576536,1.915,0.9787121,-0.04659008,0.19988,-0.02049176,0.9468446,0.3210382,-0.2042125,-0.3182998,0.9257334,moving,-3.838806,-23.03286,16.83914,-4.7063,-0.8528022836654481,-0.8535541642621967
05/11/2023 10:29:47.959609,713,True,True,True,True,Eyes,0.5462755,0.1111306,-3.179925,-0.05530041,-0.3885127,0.9197825,0.0,0.0,0.0,0.0,0.0,0.0,0.0,0.1553583,0.8527413,2.937263,0.4421061,0.1074661,-3.0285,0.1585084,-0.09942613,-0.008401708,0.9823029,18.04331,347.9809,357.1048,0.1854227,0.03433452,-0.9820586,0.0,0.0,0.0,0.2885451,-0.7318715,-1.51446,0.5796,-0.1550198,1.915,0.9800877,-0.0480258,0.1926696,-0.01501371,0.949609,0.3130772,-0.1979966,-0.3097359,0.9299791,moving,-3.440673,-22.89902,16.83913,-4.628017,-0.807660644195878,-0.8125859511505853
05/11/2023 10:29:47.979469,714,True,True,True,True,Eyes,0.5407604,0.1112009,-3.17352,-0.04900179,-0.3864091,0.9210249,0.0,0.0,0.0,0.0,0.0,0.0,0.0,0.1477881,0.8231437,2.936326,0.438823,0.1094092,-3.019417,0.154401,-0.09797755,-0.009578843,0.9830916,17.55995,348.1611,357.0486,0.1838035,0.03434375,-0.9823626,0.0,0.0,0.0,0.2919375,-0.7318293,-1.510505,0.5795999,-0.1522868,1.915,0.9806173,-0.04908942,0.1896838,-0.0114219,0.9521372,0.3054576,-0.1955998,-0.3017036,0.9331214,moving,-3.045467,-22.76012,16.83913,-4.546772,-0.7630504780374795,-0.7701636727006518
05/11/2023 10:29:47.989525,715,True,True,True,True,Eyes,0.535334,0.1112921,-3.166973,-0.04252128,-0.3845956,0.9221053,0.0,0.0,0.0,0.0,0.0,0.0,0.0,0.1301879,0.8032016,2.932033,0.4356244,0.1099913,-3.00949,0.1517674,-0.09496401,-0.01095552,0.9837828,17.2494,348.5139,356.976,0.1822132,0.03436195,-0.9826581,0.0,0.0,0.0,0.289664,-0.729383,-1.507585,0.5796,-0.1496083,1.915,0.9817237,-0.0503806,0.1835225,-0.007269181,0.9536933,0.3006931,-0.1901733,-0.2965316,0.935897,moving,-2.640225,-22.64025,16.83913,-4.467125,-0.7165625178177496,-0.7332150694696775
05/11/2023 10:29:48.009679,716,True,True,True,True,Eyes,0.5300006,0.1114148,-3.160311,-0.0359638,-0.3828684,0.9231026,0.0,0.0,0.0,0.0,0.0,0.0,0.0,0.104284,0.789201,2.926486,0.4323967,0.1106133,-2.999805,0.1501418,-0.09053687,-0.01211362,0.9844357,17.06261,349.0316,356.9397,0.1806514,0.03438906,-0.9829456,0.0,0.0,0.0,0.2913945,-0.725655,-1.501675,0.5795999,-0.1468807,1.915,0.9833127,-0.0510369,0.1746179,-0.003336562,0.9546214,0.2978033,-0.181893,-0.2934164,0.938521,moving,-2.231098,-22.52684,16.83913,-4.386006,-0.6693775928431134,-0.6981220609922589
05/11/2023 10:29:48.029332,717,True,True,True,True,Eyes,0.5247681,0.1115587,-3.153537,-0.02920248,-0.3815941,0.9238685,0.0,0.0,0.0,0.0,0.0,0.0,0.0,0.07966092,0.7862431,2.918206,0.4293693,0.1115731,-2.990593,0.1503624,-0.08624285,-0.01231156,0.9847851,17.09913,349.5376,356.9903,0.1791176,0.03442531,-0.983225,0.0,0.0,0.0,0.2927993,-0.7202359,-1.496185,0.5796001,-0.1442147,1.915,0.9848212,-0.05018386,0.1661589,-0.001686875,0.9544792,0.2982729,-0.1735637,-0.2940258,0.9399066,moving,-1.810455,-22.44255,16.83913,-4.306697,-0.619797416220077,-0.6714252075660037
05/11/2023 10:29:48.039594,718,True,True,True,True,Eyes,0.5196347,0.1117222,-3.146678,-0.02228558,-0.3804758,0.9245223,0.0,0.0,0.0,0.0,0.0,0.0,0.0,0.05030718,0.7898924,2.908075,0.4266498,0.1123322,-2.981395,0.1516534,-0.08112992,-0.01180154,0.9850278,17.26855,350.1469,357.1273,0.1776128,0.0344706,-0.9834963,0.0,0.0,0.0,0.2966538,-0.7170848,-1.490233,0.5795998,-0.1414839,1.915,0.9865573,-0.04785695,0.156251,-0.001357547,0.953724,0.3006805,-0.1634099,-0.2968506,0.9408384,moving,-1.380846,-22.36902,16.83913,-4.225447,-0.5687457591874857,-0.6478059423512521
05/11/2023 10:29:48.059405,719,True,True,True,True,Eyes,0.5146015,0.1118969,-3.139734,-0.0150872,-0.379169,0.9252045,0.0,0.0,0.0,0.0,0.0,0.0,0.0,0.02098152,0.7962942,2.897507,0.4239954,0.1130424,-2.972797,0.1533481,-0.07592913,-0.01074166,0.9851922,17.48906,350.7748,357.3287,0.1761365,0.03452478,-0.9837599,0.0,0.0,0.0,0.3062776,-0.7138224,-1.483233,0.5795997,-0.1387743,1.915,0.9882388,-0.04445237,0.1463151,-0.002121991,0.9527379,0.303786,-0.152904,-0.3005236,0.9414382,moving,-0.9342331,-22.28489,16.83913,-4.144808,-0.5159274302424315,-0.6210186308722543
05/11/2023 10:29:48.079329,720,True,True,True,True,Eyes,0.5096634,0.1120774,-3.132709,-0.007716614,-0.3779311,0.9258016,0.0,0.0,0.0,0.0,0.0,0.0,0.0,-0.009988546,0.8008209,2.887052,0.4214489,0.1135965,-2.964112,0.1547136,-0.07043497,-0.009712442,0.9853975,17.67039,351.4402,357.5377,0.1746889,0.03458743,-0.9840158,0.0,0.0,0.0,0.3137879,-0.7042255,-1.473703,0.5796002,-0.1362295,1.915,0.9898892,-0.04093574,0.1358076,-0.002653267,0.9519387,0.3062771,-0.1418182,-0.3035406,0.9422051,moving,-0.4775529,-22.20629,16.83913,-4.069059,-0.461673244644749,-0.5957842328744185
05/11/2023 10:29:48.089422,721,True,True,True,True,Eyes,0.5048133,0.1122832,-3.125612,-0.000183779,-0.3763837,0.9264639,0.0,0.0,0.0,0.0,0.0,0.0,0.0,-0.04262343,0.7995552,2.877875,0.4188991,0.1139893,-2.955469,0.1551016,-0.06466565,-0.009201346,0.9857369,17.73342,352.1348,357.7015,0.1732699,0.03465802,-0.9842641,0.0,0.0,0.0,0.3176506,-0.6906958,-1.4635,0.5795997,-0.1335495,1.915,0.9914674,-0.03819971,0.1246324,-0.001919281,0.9517177,0.3069688,-0.1303409,-0.3045887,0.9435236,moving,-0.01136554,-22.10986,16.83912,-3.989271,-0.40682438912817764,-0.5653216172719926
05/11/2023 10:29:48.109556,722,True,True,True,True,Eyes,0.5000448,0.1124974,-3.118437,0.007422036,-0.3748198,0.9270679,0.0,0.0,0.0,0.0,0.0,0.0,0.0,-0.07131439,0.7902192,2.870732,0.4162288,0.114835,-2.946897,0.1542275,-0.05958401,-0.00960409,0.9861904,17.64093,352.7366,357.7555,0.1718785,0.03473672,-0.9845053,0.0,0.0,0.0,0.3267273,-0.6802246,-1.452055,0.5795999,-0.1309071,1.915,0.992715,-0.0373219,0.1145599,0.0005639421,0.9522433,0.3053398,-0.1204848,-0.3030508,0.9453272,moving,0.4586959,-22.01382,16.83913,-3.910585,-0.35148038831957884,-0.5349518375509881
05/11/2023 10:29:48.129294,723,True,True,True,True,Eyes,0.4953451,0.1127052,-3.111189,0.01504248,-0.3729541,0.9277278,0.0,0.0,0.0,0.0,0.0,0.0,0.0,-0.09958687,0.778787,2.863663,0.4134999,0.1152532,-2.93815,0.1529865,-0.05460695,-0.01069092,0.9866605,17.50109,353.3146,357.7282,0.1705153,0.03482305,-0.9847392,0.0,0.0,0.0,0.3394165,-0.6748714,-1.44296,0.5796,-0.1282234,1.915,0.9938076,-0.03780486,0.1044859,0.004388356,0.9529617,0.3030591,-0.1110282,-0.3007239,0.9472264,moving,0.9289311,-21.90053,16.83913,-3.830657,-0.2966844334781755,-0.4995714903404327
05/11/2023 10:29:48.149343,724,True,True,True,True,Eyes,0.4907225,0.1129048,-3.103874,0.02271345,-0.3711187,0.9283077,0.0,0.0,0.0,0.0,0.0,0.0,0.0,-0.1268161,0.766977,2.856386,0.4105228,0.1153012,-2.929412,0.1516106,-0.04971853,-0.0116757,0.98712,17.3468,353.884,357.7108,0.1691784,0.03491628,-0.9849665,0.0,0.0,0.0,0.3552895,-0.6765042,-1.43596,0.5796001,-0.1255773,1.915,0.9947835,-0.03812633,0.09461599,0.007974917,0.9537558,0.3004767,-0.1016966,-0.2981547,0.9490846,moving,1.40161,-21.79053,16.83913,-3.751835,-0.24147562279025325,-0.4651337228408581
05/11/2023 10:29:48.159888,725,True,True,True,True,Eyes,0.376717,0.117297,-2.919534,0.2109744,-0.3135768,0.9258291,0.0,0.0,0.0,0.0,0.0,0.0,0.0,-0.1523961,0.7597653,2.847815,0.4078206,0.11532,-2.920771,0.1509801,-0.04508888,-0.01223482,0.9874322,17.28122,354.4265,357.7326,0.1678678,0.03501554,-0.9851872,0.0,0.0,0.0,0.3689789,-0.6792947,-1.43107,0.5796,-0.1228246,1.915,0.9956346,-0.03777715,0.08535,0.01054706,0.9541107,0.2992685,-0.09273886,-0.2970619,0.950344,moving,12.83714,-18.71116,16.83913,-3.66982,1.0803833421308346,0.4894531844819321
05/11/2023 10:29:48.179478,726,True,True,True,True,Eyes,0.3766123,0.1173354,-2.919193,0.2112993,-0.3136617,0.9257261,0.0,0.0,0.0,0.0,0.0,0.0,0.0,-0.17641,0.7538007,2.838807,0.4048269,0.1149629,-2.912226,0.150438,-0.04058379,-0.01219224,0.9877109,17.22884,354.9643,357.8222,0.1628545,0.03564166,-0.9860058,-0.3420165,0.01317662,0.5530221,0.3825942,-0.6874555,-1.428546,0.5795999,-0.1201577,1.915,0.9964086,-0.0362955,0.07650174,0.01187412,0.9544396,0.2981681,-0.08383845,-0.2961889,0.9514428,moving,12.85764,-18.71781,16.83913,-3.590346,1.0831549032906507,0.48763001232305925
05/11/2023 10:29:48.189532,727,True,True,True,True,Eyes,0.3763873,0.1173619,-2.918512,0.2118528,-0.3137552,0.925568,0.0,0.0,0.0,0.0,0.0,0.0,0.0,-0.1997638,0.7562155,2.827798,0.4022716,0.1159248,-2.903954,0.1516048,-0.03629747,-0.01254476,0.9876949,17.37161,355.4624,357.8511,0.1586739,0.0361591,-0.9866683,-0.3214955,0.01238602,0.5198408,0.4008679,-0.6995668,-1.426986,0.5796002,-0.1174948,1.915,0.9970503,-0.03578653,0.06789797,0.01377505,0.9537172,0.3003892,-0.07550535,-0.2985679,0.9513969,moving,12.89232,-18.72597,16.83914,-3.510981,1.087741532015194,0.48544307716684454
05/11/2023 10:29:48.209631,728,True,True,True,True,Eyes,0.3760596,0.1173889,-2.917534,0.2128259,-0.3140193,0.9252551,0.0,0.0,0.0,0.0,0.0,0.0,0.0,-0.2292222,0.7657124,2.813793,0.3992537,0.1156868,-2.895428,0.1538109,-0.0308096,-0.01228462,0.9875435,17.63986,356.1112,357.971,0.1551726,0.03658868,-0.9872092,-0.3022058,0.01164286,0.4886504,0.419597,-0.7134787,-1.427012,0.5796,-0.1147961,1.915,0.9977998,-0.03374089,0.05707262,0.01478548,0.9523826,0.3045469,-0.06463066,-0.303033,0.950786,moving,12.95378,-18.74653,16.83913,-3.430533,1.096071381168998,0.4797961969047586
05/11/2023 10:29:48.229650,729,True,True,True,True,Eyes,0.3756356,0.1174224,-2.916285,0.2140041,-0.3143723,0.9248635,0.0,0.0,0.0,0.0,0.0,0.0,0.0,-0.257792,0.7799118,2.798964,0.3965397,0.1158299,-2.887604,0.1567423,-0.02533733,-0.01069575,0.9872565,17.99582,356.7824,358.249,0.1522268,0.0369474,-0.9876543,-0.2840734,0.01094429,0.4593314,0.4366877,-0.7269111,-1.427778,0.5795999,-0.1121091,1.915,0.9984872,-0.02906176,0.04667594,0.01317603,0.9506349,0.3100316,-0.05338185,-0.3089477,0.9495798,moving,13.02838,-18.77352,16.83913,-3.35042,1.1062493149226813,0.4723512306317845
05/11/2023 10:29:48.239635,730,True,True,True,True,Eyes,0.3751312,0.1174628,-2.914775,0.2155836,-0.3148907,0.9243201,0.0,0.0,0.0,0.0,0.0,0.0,0.0,-0.2831612,0.7956152,2.783952,0.3939111,0.116205,-2.880087,0.1599282,-0.0203566,-0.008836741,0.9868792,18.37891,357.4026,358.5537,0.1497366,0.03724906,-0.9880236,-0.267029,0.01028763,0.4317715,0.4526304,-0.734743,-1.426155,0.5796,-0.1095513,1.915,0.9990151,-0.02395278,0.03735251,0.0109304,0.9486898,0.3160193,-0.04300549,-0.3152998,0.9480171,moving,13.12867,-18.81258,16.83913,-3.274148,1.1200238820710222,0.46153640911674465
05/11/2023 10:29:48.259663,731,True,True,True,True,Eyes,0.3745403,0.117539,-2.91301,0.2172861,-0.3152971,0.9237827,0.0,0.0,0.0,0.0,0.0,0.0,0.0,-0.3107193,0.8155239,2.767209,0.391539,0.1165073,-2.872663,0.1637333,-0.01485887,-0.005841856,0.9863755,18.83425,358.1093,359.0077,0.1475208,0.03751877,-0.9883467,-0.2510073,0.009670374,0.4058652,0.466723,-0.7348584,-1.421242,0.5795999,-0.1068607,1.915,0.9994902,-0.01639031,0.02739984,0.00665874,0.9463145,0.3231787,-0.03122587,-0.3228315,0.9459412,moving,13.23614,-18.84533,16.83913,-3.193903,1.1344838669839175,0.4525919595667487
05/11/2023 10:29:48.279042,732,True,True,True,True,Eyes,0.3738683,0.117648,-2.910993,0.2193364,-0.3157047,0.9231588,0.0,0.0,0.0,0.0,0.0,0.0,0.0,-0.3370352,0.824811,2.75315,0.3889617,0.117545,-2.865071,0.1659415,-0.009644156,-0.004212474,0.9860795,19.09781,358.7619,359.3022,0.1455141,0.03776639,-0.9886347,-0.2359468,0.009090152,0.3815133,0.4769593,-0.7279325,-1.41321,0.5796,-0.104221,1.915,0.9997785,-0.0115084,0.01762176,0.005106936,0.9448913,0.3273443,-0.02041786,-0.3271818,0.9447408,moving,13.36528,-18.87982,16.83913,-3.115165,1.151698909345586,0.44325644214113247
05/11/2023 10:29:48.289423,733,True,True,True,True,Eyes,0.3731033,0.1177898,-2.90874,0.221453,-0.3157991,0.922621,0.0,0.0,0.0,0.0,0.0,0.0,0.0,-0.3645424,0.8240625,2.741465,0.3864023,0.1185133,-2.857315,0.1664957,-0.004314453,-0.003686841,0.9860259,19.166,359.4094,359.4718,0.1436935,0.03799568,-0.9888922,-0.22179,0.008544742,0.3586225,0.4854199,-0.7198298,-1.404774,0.5795998,-0.1015202,1.915,0.9999356,-0.008707318,0.007280639,0.005833966,0.9445312,0.3283699,-0.009736012,-0.3283062,0.9445212,moving,13.49714,-18.89529,16.83913,-3.034589,1.1686244211880972,0.4394589508588238
05/11/2023 10:29:48.309678,734,True,True,True,True,Eyes,0.3722593,0.1179502,-2.906258,0.2237614,-0.3157687,0.9220743,0.0,0.0,0.0,0.0,0.0,0.0,0.0,-0.3865735,0.8142285,2.733031,0.3834814,0.1194752,-2.849655,0.1654041,0.0001322828,-0.00332638,0.9862202,19.04136,359.9491,359.605,0.1420385,0.03820997,-0.989123,-0.2084826,0.008032057,0.3371051,0.488226,-0.7067231,-1.393324,0.5795999,-0.09881461,1.915,0.9999779,-0.006517328,-0.001361314,0.006604849,0.9452609,0.3262488,-0.000839473,-0.3262506,0.945283,moving,13.64039,-18.90401,16.83913,-2.953861,1.1867449026355268,0.4376818108676579
05/11/2023 10:29:48.329574,735,True,True,True,True,Eyes,0.3713301,0.1181032,-2.90355,0.226244,-0.3153341,0.9216172,0.0,0.0,0.0,0.0,0.0,0.0,0.0,-0.4039826,0.8024584,2.725532,0.3807771,0.1201383,-2.841873,0.1639212,0.003719677,-0.003198585,0.9864613,18.87034,0.3808636,359.6917,0.1405312,0.03841168,-0.9893304,-0.1959737,0.007550134,0.3168788,0.4913437,-0.6985976,-1.383864,0.5796,-0.09607953,1.915,0.9999519,-0.005091092,-0.008387266,0.007530027,0.9462392,0.3233801,0.006290004,-0.3234277,0.946232,moving,13.79256,-18.88854,16.83913,-2.87224,1.2051769240131112,0.4429768293959171
05/11/2023 10:29:48.345118,736,True,True,True,True,Eyes,0.3703308,0.118246,-2.900617,0.2288934,-0.3148351,0.9211333,0.0,0.0,0.0,0.0,0.0,0.0,0.0,-0.4200857,0.7910261,2.717748,0.3778512,0.1200828,-2.83393,0.1624042,0.0071078,-0.003297379,0.9866932,18.69517,0.7836623,359.7461,0.1391552,0.03860216,-0.9895175,-0.1842152,0.007097126,0.2978661,0.4937007,-0.6949515,-1.376484,0.5796001,-0.09345472,1.915,0.9998772,-0.004198328,-0.01509745,0.008815675,0.947228,0.3204394,0.01295542,-0.3205332,0.9471487,moving,13.95484,-18.86997,16.83913,-2.793899,1.2247651141796725,0.4492254373248503
05/11/2023 10:29:48.359730,737,True,True,True,True,Eyes,0.3692576,0.1183675,-2.897472,0.2318277,-0.3139494,0.9207018,0.0,0.0,0.0,0.0,0.0,0.0,0.0,-0.4368504,0.7823949,2.708737,0.3752033,0.1200222,-2.825784,0.1613954,0.01059156,-0.003345226,0.9868273,18.57887,1.198383,359.8076,0.1378952,0.03878263,-0.9896868,-0.1731623,0.006671298,0.2799941,0.4991125,-0.6945055,-1.369799,0.5796,-0.0907349,1.915,0.9997533,-0.003183459,-0.0219839,0.01002118,0.9478807,0.3184679,0.01982428,-0.3186097,0.9476786,moving,14.13297,-18.82882,16.83913,-2.712711,1.245580696566094,0.4621151742279741
05/11/2023 10:29:48.379287,738,True,True,True,True,Eyes,0.3681287,0.1184657,-2.894113,0.2349211,-0.3130828,0.9202126,0.0,0.0,0.0,0.0,0.0,0.0,0.0,-0.452278,0.7792166,2.698334,0.3723905,0.119585,-2.817759,0.1612639,0.01391428,-0.003155033,0.9868082,18.56383,1.598489,359.8949,0.1367384,0.03895367,-0.9898406,-0.1627726,0.006271021,0.2631945,0.5074891,-0.6948872,-1.363752,0.5796001,-0.08801425,1.915,0.9995929,-0.001739082,-0.02847904,0.01071457,0.947968,0.3181852,0.02644387,-0.3183608,0.9476007,moving,14.32115,-18.78978,16.83913,-2.631487,1.2677170374495006,0.47444512427037555
05/11/2023 10:29:48.394517,739,True,True,True,True,Eyes,0.3669392,0.1185495,-2.890547,0.2382461,-0.3120522,0.9197077,0.0,0.0,0.0,0.0,0.0,0.0,0.0,-0.4697446,0.7759833,2.687251,0.3699581,0.119159,-2.809459,0.161174,0.0175391,-0.003133833,0.9867652,18.5536,2.031333,359.9679,0.1356739,0.03911566,-0.9899806,-0.1530062,0.005894759,0.2474028,0.5153905,-0.6959484,-1.357905,0.5796001,-0.08550149,1.915,0.9993652,-0.0005310209,-0.03562414,0.01183841,0.9480263,0.3179718,0.03360377,-0.3181916,0.9474306,moving,14.52297,-18.74181,16.83913,-2.556461,1.2912564457507738,0.4894403923282855
05/11/2023 10:29:48.410191,740,True,True,True,True,Eyes,0.3656973,0.1186076,-2.886775,0.2417591,-0.3111055,0.9191114,0.0,0.0,0.0,0.0,0.0,0.0,0.0,-0.4875605,0.7740424,2.675569,0.3673592,0.1188428,-2.801151,0.1614187,0.02122389,-0.003601142,0.9866513,18.58316,2.462088,359.9846,0.1346904,0.03926949,-0.9901088,-0.1438259,0.005541074,0.2325586,0.5252738,-0.6977797,-1.352068,0.5796001,-0.08280724,1.915,0.9990732,-0.0002542791,-0.04304374,0.01395801,0.9478621,0.3183751,0.04071857,-0.3186807,0.9469871,moving,14.73701,-18.70019,16.83913,-2.476006,1.316526770283839,0.5026559569087947
05/11/2023 10:29:48.432060,741,True,True,True,True,Eyes,0.3643872,0.118639,-2.882811,0.245597,-0.3100851,0.9184386,0.0,0.0,0.0,0.0,0.0,0.0,0.0,-0.5094424,0.7727255,2.662663,0.3648891,0.1182692,-2.792719,0.1618443,0.02559301,-0.004551174,0.9864738,18.63531,2.965393,359.958,0.1337786,0.03941546,-0.9902267,-0.1351963,0.005208609,0.2186051,0.5345066,-0.6988728,-1.346585,0.5796,-0.08017093,1.915,0.9986486,-0.0006950651,-0.05196683,0.01726339,0.9475714,0.3190773,0.04902051,-0.3195433,0.9463029,moving,14.97102,-18.65581,16.83913,-2.397271,1.3441919161492981,0.516778356059235
05/11/2023 10:29:48.439631,742,True,True,True,True,Eyes,0.3630186,0.1186559,-2.878664,0.2495764,-0.3091183,0.9176914,0.0,0.0,0.0,0.0,0.0,0.0,0.0,-0.5296811,0.7720122,2.649711,0.3619849,0.1176211,-2.784361,0.162315,0.02981419,-0.005168336,0.986275,18.69212,3.457804,359.9688,0.1329314,0.03955349,-0.9903353,-0.1270845,0.004896093,0.2054888,0.5447753,-0.6992462,-1.340343,0.5796,-0.07749206,1.915,0.9981688,-0.0005162173,-0.06048777,0.01987338,0.9472542,0.3198663,0.05713217,-0.3204826,0.9455299,moving,15.21426,-18.61576,16.83913,-2.317257,1.3731490575332037,0.5296919246113676
05/11/2023 10:29:48.459678,743,True,True,True,True,Eyes,0.3615925,0.1186406,-2.874338,0.2537758,-0.3080796,0.9168886,0.0,0.0,0.0,0.0,0.0,0.0,0.0,-0.5482628,0.7698481,2.637463,0.3592399,0.1173054,-2.776086,0.1625224,0.0337688,-0.005499359,0.9861115,18.71748,3.923887,0.007889256,0.1321402,0.0396843,-0.990436,-0.1194595,0.004602327,0.1931595,0.5544779,-0.695962,-1.33258,0.5795999,-0.07474369,1.915,0.9976588,0.0001304099,-0.06838713,0.02182233,0.9471124,0.320159,0.06481204,-0.3209018,0.9448922,moving,15.47099,-18.57263,16.83913,-2.235157,1.403683788198781,0.5435710950736938
05/11/2023 10:29:48.479352,744,True,True,True,True,Eyes,0.3601213,0.1186013,-2.869836,0.258137,-0.3070728,0.9160085,0.0,0.0,0.0,0.0,0.0,0.0,0.0,-0.5662659,0.7677752,2.624985,0.3564602,0.116522,-2.767678,0.1626216,0.03769329,-0.005514355,0.9859529,18.72886,4.392565,0.08383367,0.1313982,0.03980776,-0.9905298,-0.1122919,0.004326188,0.1815699,0.5610597,-0.6890563,-1.323086,0.5796,-0.07214415,1.915,0.9970976,0.001385697,-0.07612114,0.02313328,0.9470477,0.3202588,0.07253413,-0.3210901,0.9442669,moving,15.73818,-18.53266,16.83913,-2.157494,1.4356249922579196,0.5565877050703518
05/11/2023 10:29:48.489564,745,True,True,True,True,Eyes,0.3585903,0.1185318,-2.865161,0.2627975,-0.3060254,0.9150333,0.0,0.0,0.0,0.0,0.0,0.0,0.0,-0.5880833,0.7625422,2.612415,0.3539296,0.1158999,-2.759225,0.1623382,0.04219992,-0.006415723,0.9858117,18.69988,4.912838,0.06362984,0.1306997,0.03992405,-0.9906175,-0.1055544,0.004066616,0.1706757,0.562185,-0.6775568,-1.310987,0.5796,-0.06940687,1.915,0.996356,0.001051926,-0.08528537,0.0263507,0.9472104,0.3195282,0.08111929,-0.3206112,0.943731,moving,16.02406,-18.49209,16.83913,-2.075708,1.4698730099923583,0.5698771054575227
05/11/2023 10:29:48.510134,746,True,True,True,True,Eyes,0.3569988,0.1184278,-2.860326,0.267629,-0.3050139,0.9139701,0.0,0.0,0.0,0.0,0.0,0.0,0.0,-0.6130711,0.7565847,2.598957,0.3509842,0.115029,-2.750715,0.162018,0.04733342,-0.007949257,0.9856198,18.67072,5.49562,359.9799,0.1300389,0.04003313,-0.9907001,-0.09922112,0.003822619,0.1604352,0.5659583,-0.6683034,-1.299986,0.5796,-0.06534666,1.915,0.9953927,-0.000332156,-0.09588137,0.03100763,0.9473739,0.3186238,0.09072968,-0.3201289,0.9430194,moving,16.3211,-18.4551,16.83913,-1.954379,1.5056285111497067,0.5821856619575527
05/11/2023 10:29:48.529936,747,True,True,True,True,Eyes,0.3553367,0.118287,-2.855337,0.2726345,-0.3039079,0.9128584,0.0,0.0,0.0,0.0,0.0,0.0,0.0,-0.6368024,0.7502908,2.585739,0.3479588,0.1140658,-2.742338,0.1615935,0.05230311,-0.009366124,0.9854259,18.63007,6.061007,359.9059,0.1294106,0.04013479,-0.9907783,-0.09326785,0.003593262,0.1508091,0.5687647,-0.6630278,-1.290657,0.5795999,-0.06366962,1.915,0.9943534,-0.001555554,-0.1061087,0.03536293,0.9475996,0.3174972,0.1000547,-0.3194567,0.9423038,moving,16.62879,-18.41358,16.83913,-1.90426,1.5425601777499596,0.5958659478052475
05/11/2023 10:29:48.544245,748,True,True,True,True,Eyes,0.3536175,0.1181061,-2.850194,0.2777177,-0.302826,0.9116849,0.0,0.0,0.0,0.0,0.0,0.0,0.0,-0.6560965,0.7438262,2.573339,0.3445984,0.1130036,-2.733916,0.160996,0.05661333,-0.01022548,0.9852771,18.56674,6.558142,359.8839,0.1288096,0.04022871,-0.9908528,-0.08767178,0.003377666,0.1417605,0.5700938,-0.658336,-1.280853,0.5795999,-0.06141478,1.915,0.9933807,-0.001920808,-0.1148521,0.0383789,0.9479514,0.3160936,0.1082671,-0.3184092,0.9417505,moving,16.9418,-18.37447,16.83913,-1.836868,1.580233695237836,0.6088743838444017
05/11/2023 10:29:48.559724,749,True,True,True,True,Eyes,0.3089347,0.1131115,-2.717876,0.4040246,-0.2722922,0.8732818,0.0,0.0,0.0,0.0,0.0,0.0,0.0,-0.6729468,0.7386007,2.560877,0.3415182,0.1118592,-2.725313,0.1605936,0.06046185,-0.01097654,0.9851059,18.52574,7.002613,359.8667,0.1282323,0.04031447,-0.9909242,-0.08241148,0.003175006,0.1332549,0.570312,-0.6527953,-1.270968,0.5795999,-0.05882531,1.915,0.9924477,-0.002206535,-0.1226481,0.04104567,0.9481784,0.3150761,0.1155971,-0.3177307,0.9411081,moving,24.82766,-17.31766,16.83913,-1.759469,2.5270057459982014,0.9573650225791717
05/11/2023 10:29:48.579650,750,True,True,True,True,Eyes,0.3088048,0.1130736,-2.717511,0.4042817,-0.272266,0.873171,0.0,0.0,0.0,0.0,0.0,0.0,0.0,-0.6885054,0.7312138,2.549131,0.3380801,0.1111562,-2.71664,0.1598973,0.06414057,-0.01195156,0.9849752,18.45278,7.421813,359.8169,0.1264502,0.04043221,-0.9911484,-0.2115149,-0.01199952,0.5222144,0.5723045,-0.6483823,-1.261255,0.5796,-0.05612969,1.915,0.9914863,-0.00303217,-0.1301758,0.04405579,0.94858,0.3134567,0.1225317,-0.316523,0.9406376,moving,24.84433,-17.31815,16.83913,-1.67889,2.5290970965071535,0.9573106107859495
05/11/2023 10:29:48.589973,751,True,True,True,True,Eyes,0.3085371,0.1130048,-2.716794,0.4047972,-0.2722125,0.8729488,0.0,0.0,0.0,0.0,0.0,0.0,0.0,-0.7043149,0.7240584,2.536888,0.3348367,0.1101795,-2.707741,0.1592563,0.06783944,-0.0131546,0.9848159,18.38865,7.839192,359.7403,0.1249831,0.04052742,-0.9913306,-0.198824,-0.01127955,0.4908815,0.5788091,-0.6432491,-1.251226,0.5796001,-0.05345559,1.915,0.9904495,-0.004301993,-0.1378086,0.04751743,0.9489287,0.3118915,0.1294288,-0.3154612,0.9400705,moving,24.87774,-17.3191,16.83913,-1.598948,2.533287520747749,0.9572108687064835
05/11/2023 10:29:48.609927,752,True,True,True,True,Eyes,0.3081434,0.1128959,-2.715741,0.4055342,-0.2721198,0.8726357,0.0,0.0,0.0,0.0,0.0,0.0,0.0,-0.7196478,0.71546,2.524927,0.331246,0.1093081,-2.698771,0.1583745,0.07153963,-0.01443435,0.9846783,18.29811,8.254751,359.652,0.1237604,0.04060434,-0.9914808,-0.1868946,-0.01060278,0.4614286,0.5846083,-0.637054,-1.241053,0.5795999,-0.05077058,1.915,0.9893475,-0.005766272,-0.1454591,0.05108647,0.9494184,0.3098305,0.136315,-0.313961,0.9395993,moving,24.92539,-17.31939,16.83913,-1.518673,2.5392288180109026,0.9573778795947021
05/11/2023 10:29:48.629769,753,True,True,True,True,Eyes,0.3076211,0.1127445,-2.714369,0.4064513,-0.2719533,0.8722607,0.0,0.0,0.0,0.0,0.0,0.0,0.0,-0.7335536,0.7079027,2.513043,0.3278301,0.1082174,-2.689875,0.1575747,0.0749985,-0.01540423,0.9845345,18.21515,8.647619,359.5961,0.1226496,0.0406712,-0.9916161,-0.1756809,-0.009966609,0.4337429,0.5911311,-0.6285232,-1.229881,0.5795999,-0.04766619,1.915,0.9882759,-0.006696249,-0.1525319,0.05396771,0.9498659,0.3079648,0.1428226,-0.312586,0.9390908,moving,24.98432,-17.31643,16.83913,-1.425853,2.5464669780458706,0.9585482108080594
05/11/2023 10:29:48.639781,754,True,True,True,True,Eyes,0.3069853,0.1125242,-2.712697,0.407531,-0.2717768,0.8718117,0.0,0.0,0.0,0.0,0.0,0.0,0.0,-0.744534,0.6996576,2.502099,0.3241946,0.107019,-2.681006,0.1565616,0.07798171,-0.01622615,0.9844512,18.10655,8.985945,359.5461,0.1216367,0.04072795,-0.9917385,-0.16514,-0.009368612,0.4077183,0.5973936,-0.6202024,-1.218715,0.5796,-0.04534745,1.915,0.9873111,-0.007529838,-0.1586192,0.05636559,0.9504504,0.3057237,0.1484576,-0.3107851,0.9388146,moving,25.05388,-17.31424,16.83913,-1.356518,2.555053844865319,0.9595509686933283
05/11/2023 10:29:48.659334,755,True,True,True,True,Eyes,0.3062304,0.1122492,-2.710728,0.4088153,-0.2715273,0.8712881,0.0,0.0,0.0,0.0,0.0,0.0,0.0,-0.7553877,0.6943723,2.490469,0.3208358,0.1051137,-2.672305,0.1560257,0.0808745,-0.01728604,0.9842848,18.05582,9.310217,359.4702,0.1207084,0.04077359,-0.9918501,-0.1552316,-0.008806496,0.3832552,0.6042789,-0.6096179,-1.207148,0.5796,-0.04261738,1.915,0.986321,-0.008791777,-0.1646012,0.05926579,0.9507143,0.3043515,0.1538129,-0.3099435,0.9382306,moving,25.13634,-17.30906,16.83913,-1.274879,2.565147826919872,0.9614900804458602
05/11/2023 10:29:48.679317,756,True,True,True,True,Eyes,0.3053841,0.1120231,-2.708476,0.4101802,-0.2713273,0.8707088,0.0,0.0,0.0,0.0,0.0,0.0,0.0,-0.7655488,0.6871047,2.479286,0.3171945,0.1034784,-2.663404,0.1552476,0.08366872,-0.01878627,0.9841468,17.9819,9.613976,359.3375,0.1198548,0.04080761,-0.9919521,-0.1459177,-0.008278106,0.3602599,0.6097186,-0.5995343,-1.19663,0.5796001,-0.04007477,1.915,0.9852933,-0.01099816,-0.1705176,0.06295563,0.9510905,0.3024292,0.1588515,-0.3087165,0.9377955,moving,25.22455,-17.3079,16.83914,-1.198841,2.5760903583090946,0.9622920420735754
05/11/2023 10:29:48.689773,757,True,True,True,True,Eyes,0.3044553,0.1118342,-2.705929,0.4118194,-0.2710974,0.8700064,0.0,0.0,0.0,0.0,0.0,0.0,0.0,-0.773249,0.6794749,2.469072,0.3141462,0.1043174,-2.654496,0.1549821,0.0858106,-0.02100622,0.9839593,17.97472,9.827817,359.1121,0.1190652,0.04083345,-0.9920462,-0.1371627,-0.00778142,0.3386443,0.6197433,-0.5897238,-1.185045,0.5796,-0.03746879,1.915,0.9843905,-0.0147403,-0.1753795,0.06793675,0.9510785,0.3013872,0.1623571,-0.3085974,0.9372342,moving,25.33064,-17.30724,16.83913,-1.120903,2.589275197554466,0.9630430673981971
05/11/2023 10:29:48.709571,758,True,True,True,True,Eyes,0.3034351,0.1116186,-2.70312,0.4136922,-0.2709444,0.8691651,0.0,0.0,0.0,0.0,0.0,0.0,0.0,-0.7886037,0.6722013,2.455748,0.3112117,0.1048822,-2.645108,0.1550287,0.08937581,-0.02406522,0.9835644,18.01483,10.19686,358.8174,0.1183309,0.04085375,-0.9921332,-0.1289329,-0.007314535,0.3183257,0.6190481,-0.5722527,-1.172185,0.5796,-0.0347442,1.915,0.9828657,-0.01962776,-0.1832753,0.07505102,0.950774,0.3006597,0.1683521,-0.3092631,0.9359561,moving,25.45282,-17.3138,16.83913,-1.039414,2.604701442292306,0.9617821328583318
05/11/2023 10:29:48.729893,759,True,True,True,True,Eyes,0.3023328,0.1114759,-2.700075,0.4162933,-0.2704492,0.8680767,0.0,0.0,0.0,0.0,0.0,0.0,0.0,-0.8085781,0.6656563,2.441069,0.3079854,0.1039053,-2.636297,0.1549222,0.09394676,-0.02691781,0.9830812,18.03874,10.6898,358.5648,0.1176444,0.04086848,-0.9922141,-0.1211969,-0.006875663,0.2992261,0.6227509,-0.5594014,-1.15918,0.5795999,-0.03196925,1.915,0.9808989,-0.0238159,-0.1930549,0.08203367,0.950549,0.2995446,0.1763742,-0.30966,0.9343463,moving,25.62043,-17.30441,16.83913,-0.9564141,2.6252563055909026,0.9653928370561395
05/11/2023 10:29:48.739791,760,True,True,True,True,Eyes,0.3011766,0.1114175,-2.696778,0.4190312,-0.2699436,0.866916,0.0,0.0,0.0,0.0,0.0,0.0,0.0,-0.8213991,0.6519737,2.430934,0.3048559,0.1054195,-2.627767,0.153591,0.09724562,-0.0288735,0.9829138,17.91159,11.04526,358.3807,0.1169993,0.04088122,-0.9922898,-0.1139251,-0.006463123,0.2812726,0.6314427,-0.541424,-1.145121,0.5796,-0.02939111,1.915,0.9794192,-0.02688823,-0.2000375,0.08663243,0.9511523,0.2963178,0.1822987,-0.3075491,0.9339062,moving,25.7972,-17.29574,16.83913,-0.8792973,2.646975231184052,0.9688427381877371
05/11/2023 10:29:48.759516,761,True,True,True,True,Eyes,0.2999646,0.1114197,-2.693215,0.4224921,-0.2689618,0.8655403,0.0,0.0,0.0,0.0,0.0,0.0,0.0,-0.8369797,0.6357445,2.419819,0.3023908,0.1072692,-2.618642,0.1520636,0.1009502,-0.03160661,0.9826936,17.77292,11.43499,358.1093,0.1163899,0.04089567,-0.992361,-0.1070896,-0.006075336,0.2643962,0.6329193,-0.5221673,-1.130685,0.5795997,-0.02663678,1.915,0.9776201,-0.03141752,-0.2080187,0.09282093,0.9517553,0.2924824,0.1887939,-0.3052452,0.9333715,moving,26.01817,-17.26234,16.83912,-0.7969069,2.673379701443073,0.9797076329075507
05/11/2023 10:29:48.779704,762,True,True,True,True,Eyes,0.2986852,0.1115038,-2.689431,0.426122,-0.2679473,0.8640742,0.0,0.0,0.0,0.0,0.0,0.0,0.0,-0.8605263,0.6125455,2.406844,0.2997652,0.1086024,-2.609015,0.1491635,0.1064033,-0.03419172,0.9824762,17.48015,12.03479,357.8705,0.1158111,0.04091432,-0.992428,-0.1006642,-0.005710816,0.2485324,0.6406238,-0.5099364,-1.118088,0.5795999,-0.02397954,1.915,0.9750185,-0.03544215,-0.2192777,0.09892806,0.9531624,0.2858229,0.198877,-0.3003753,0.9328572,moving,26.25042,-17.22854,16.83913,-0.7174177,2.701175154941883,0.9907481664246545
05/11/2023 10:29:48.789299,763,True,True,True,True,Eyes,0.2973522,0.1116078,-2.685422,0.4302322,-0.2666874,0.8624257,0.0,0.0,0.0,0.0,0.0,0.0,0.0,-0.8788431,0.5953568,2.394702,0.2968492,0.1105824,-2.600205,0.147324,0.1109323,-0.03615625,0.9821825,17.3027,12.53769,357.6987,0.1152597,0.04094008,-0.9924911,-0.09462439,-0.005368167,0.2336205,0.6540707,-0.5011395,-1.107655,0.5796001,-0.02124327,1.915,0.9727735,-0.03833807,-0.2285649,0.10371,0.9539768,0.2813763,0.2072582,-0.2974199,0.9319793,moving,26.51291,-17.18315,16.83913,-0.6355613,2.732352284517396,1.005314042993401
05/11/2023 10:29:48.809526,764,True,True,True,True,Eyes,0.2959798,0.1117384,-2.681217,0.4344981,-0.2654907,0.8606545,0.0,0.0,0.0,0.0,0.0,0.0,0.0,-0.8988674,0.5860038,2.379298,0.2941604,0.1111234,-2.591051,0.1466024,0.1158858,-0.03713937,0.9816816,17.24401,13.11065,357.6633,0.1147303,0.0409734,-0.9925511,-0.08894692,-0.005046077,0.2196033,0.6678287,-0.4984216,-1.099944,0.5795999,-0.01869994,1.915,0.9703823,-0.0389398,-0.2384154,0.1068964,0.9542568,0.279226,0.2166365,-0.2964417,0.9301564,moving,26.78675,-17.14371,16.83913,-0.5594746,2.7651388183047496,1.0182117949023262
05/11/2023 10:29:48.829904,765,True,True,True,True,Eyes,0.2945916,0.1118748,-2.676851,0.4390582,-0.2641894,0.8587385,0.0,0.0,0.0,0.0,0.0,0.0,0.0,-0.9167057,0.584381,2.363188,0.2918304,0.1119556,-2.582403,0.1470992,0.1204544,-0.03668471,0.9810744,17.3056,13.66541,357.8064,0.1142208,0.04101482,-0.9926082,-0.08361011,-0.004743312,0.2064271,0.6855502,-0.4991885,-1.093954,0.5796,-0.01605695,1.915,0.9682899,-0.03654334,-0.2471421,0.1074184,0.9540321,0.2797929,0.2255569,-0.2974682,0.9277052,moving,27.07988,-17.10042,16.83913,-0.4804043,2.800199526533124,1.0323293480138664
05/11/2023 10:29:48.849694,766,True,True,True,True,Eyes,0.2932068,0.1120127,-2.672311,0.4437865,-0.2629087,0.8566987,0.0,0.0,0.0,0.0,0.0,0.0,0.0,-0.9329619,0.5887583,2.346744,0.2900182,0.1123525,-2.574398,0.1483345,0.1247203,-0.0348247,0.9804229,17.43044,14.21131,358.1209,0.1137282,0.04106408,-0.9926627,-0.0785935,-0.004458713,0.1940414,0.7039959,-0.5009848,-1.089208,0.5796,-0.01339287,1.915,0.9664642,-0.03128523,-0.2548886,0.1052865,0.9535682,0.2821744,0.2342257,-0.2995477,0.9248835,moving,27.38503,-17.06051,16.83913,-0.4007009,2.836868170516931,1.045528674439132
05/11/2023 10:29:48.859618,767,True,True,True,True,Eyes,0.2918476,0.1121968,-2.667612,0.4487285,-0.2615633,0.8545334,0.0,0.0,0.0,0.0,0.0,0.0,0.0,-0.9529406,0.5869098,2.329733,0.2887026,0.1126289,-2.565965,0.148555,0.1296675,-0.03373137,0.9797857,17.4487,14.82355,358.3437,0.1132535,0.0411206,-0.9927146,-0.07387789,-0.00419119,0.182399,0.7236351,-0.5015886,-1.08435,0.5796,-0.01069224,1.915,0.9640971,-0.02757354,-0.2641146,0.1046245,0.9535872,0.2823564,0.2440707,-0.2998518,0.9222355,moving,27.70465,-17.01877,16.83913,-0.3199028,2.8752776801918483,1.0593357515384092
05/11/2023 10:29:48.879459,768,True,True,True,True,Eyes,0.2905173,0.1123888,-2.662737,0.4538844,-0.2602271,0.8522152,0.0,0.0,0.0,0.0,0.0,0.0,0.0,-0.974907,0.5761675,2.314187,0.2878985,0.1139042,-2.557736,0.1476356,0.1348093,-0.03448498,0.9792043,17.36325,15.42329,358.3351,0.112795,0.04118578,-0.992764,-0.06944522,-0.003939719,0.171455,0.7439661,-0.4990268,-1.078832,0.5796,-0.007973015,1.915,0.9612745,-0.02773037,-0.2741941,0.107341,0.954029,0.279833,0.2538293,-0.2984286,0.9200603,moving,28.03948,-16.98025,16.83913,-0.238547,2.9156869494750373,1.0722878873227408
05/11/2023 10:29:48.894585,769,True,True,True,True,Eyes,0.2579138,0.1172244,-2.536785,0.5828061,-0.2236511,0.7812281,0.0,0.0,0.0,0.0,0.0,0.0,0.0,-1.002698,0.5578466,2.297037,0.2872143,0.1141781,-2.549009,0.1456416,0.1410502,-0.03736499,0.978518,17.1915,16.11446,358.0781,0.1123533,0.04125925,-0.992811,-0.06527851,-0.003703336,0.1611677,0.7608749,-0.4922464,-1.071834,0.5796,-0.005363524,1.915,0.9574174,-0.03203907,-0.2869241,0.1142102,0.9547848,0.2744851,0.2651565,-0.2955665,0.9177867,moving,36.72341,-15.97544,16.83913,-0.1604734,3.9635241947686195,1.409884733624823
05/11/2023 10:29:48.909906,770,True,True,True,True,Eyes,0.2578878,0.1172059,-2.536433,0.5832261,-0.2236834,0.7809053,0.0,0.0,0.0,0.0,0.0,0.0,0.0,-1.032849,0.5404167,2.278204,0.2864489,0.1142491,-2.54046,0.1439586,0.1478355,-0.04067722,0.9776329,17.06787,16.86537,357.7836,0.1110726,0.04177782,-0.9929335,-0.1591724,0.01102573,0.5293522,0.7768806,-0.4849662,-1.064422,0.5796,-0.002540827,1.915,0.95298,-0.03697039,-0.3007694,0.1220992,0.9552426,0.2694502,0.277346,-0.2935044,0.9148412,moving,36.75454,-15.98389,16.83913,-0.07602014,3.9676784781802903,1.407594861129554
05/11/2023 10:29:48.929351,771,True,True,True,True,Eyes,0.2578557,0.117212,-2.535745,0.5838434,-0.2238312,0.7804015,0.0,0.0,0.0,0.0,0.0,0.0,0.0,-1.061903,0.5314373,2.257399,0.2857407,0.1137267,-2.532061,0.1435672,0.1545335,-0.04271431,0.9765672,17.07406,17.63249,357.6585,0.1100192,0.04221027,-0.9930325,-0.149622,0.01036418,0.4975911,0.7923506,-0.4777214,-1.057063,0.5796001,4.36306e-05,1.915,0.9485897,-0.03905489,-0.3140894,0.1277987,0.9551279,0.2672045,0.2895599,-0.2936077,0.9110157,moving,36.80134,-16.00371,16.83914,0.001305404,3.9741589359089335,1.402085593880373
05/11/2023 10:29:48.944297,772,True,True,True,True,Eyes,0.2578313,0.1172273,-2.534741,0.5848653,-0.224136,0.7795483,0.0,0.0,0.0,0.0,0.0,0.0,0.0,-1.089978,0.5292325,2.235065,0.285482,0.1142969,-2.523705,0.1445473,0.1610653,-0.04378254,0.9753191,17.2213,18.40157,357.6695,0.1091238,0.04258322,-0.9931153,-0.1406447,0.009742332,0.4677356,0.8073247,-0.4728249,-1.05057,0.5796002,0.002750397,1.915,0.9442822,-0.03884077,-0.3268374,0.131967,0.9543783,0.2678558,0.3015228,-0.2960632,0.9063281,moving,36.87949,-16.04102,16.83914,0.08229035,3.985119607314158,1.3916622663462972
05/11/2023 10:29:48.959656,773,True,True,True,True,Eyes,0.2578167,0.1172357,-2.533434,0.5860069,-0.2245985,0.7785572,0.0,0.0,0.0,0.0,0.0,0.0,0.0,-1.119696,0.532449,2.210267,0.2855785,0.1145396,-2.515517,0.1466097,0.1679291,-0.04468951,0.9738113,17.49062,19.21888,357.7288,0.1083216,0.04292092,-0.9931886,-0.132206,0.009157792,0.4396715,0.8218598,-0.468037,-1.044236,0.5795999,0.005488575,1.915,0.9396053,-0.03779824,-0.3401664,0.1362783,0.9530169,0.270531,0.3139587,-0.3005497,0.9006108,moving,36.96816,-16.09181,16.83913,0.1642148,3.9978350363935853,1.377379616317615
05/11/2023 10:29:48.979534,774,True,True,True,True,Eyes,0.2578183,0.1172692,-2.531849,0.5875407,-0.2252272,0.7772185,0.0,0.0,0.0,0.0,0.0,0.0,0.0,-1.150987,0.5385377,2.183325,0.2857143,0.1144053,-2.507385,0.1491425,0.1752404,-0.04513661,0.9721164,17.80553,20.10295,357.8641,0.1076035,0.04322774,-0.9932534,-0.1242737,0.008608324,0.4132912,0.8356797,-0.4689136,-1.040262,0.5795999,0.00803262,1.915,0.934507,-0.0354845,-0.3541716,0.1400277,0.9514384,0.2741482,0.3272445,-0.3057873,0.8940946,moving,37.08757,-16.16086,16.83913,0.2403303,4.014980172212308,1.3579560706041827
05/11/2023 10:29:48.989410,775,True,True,True,True,Eyes,0.2578183,0.1172692,-2.531849,0.5875407,-0.2252272,0.7772185,0.0,0.0,0.0,0.0,0.0,0.0,0.0,-1.180391,0.5454977,2.156842,0.2860314,0.1150946,-2.499559,0.1519314,0.1821985,-0.045292,0.9703965,18.14191,20.95442,358.0378,0.1069645,0.04350759,-0.9933102,-0.1168173,0.008091825,0.3884937,0.8539674,-0.4740855,-1.038366,0.5796,0.01059675,1.915,0.9295046,-0.03253904,-0.3673722,0.1432657,0.949731,0.2783631,0.339847,-0.3113717,0.8874411,moving,37.08757,-16.16086,16.83913,0.3170459,4.014980172212308,1.3579560706041827
05/11/2023 10:29:49.009551,776,True,True,True,True,Eyes,0.2578183,0.1172692,-2.531849,0.5875407,-0.2252272,0.7772185,0.0,0.0,0.0,0.0,0.0,0.0,0.0,-1.210948,0.5488604,2.129709,0.2865517,0.1156419,-2.491549,0.1541512,0.1894539,-0.04588814,0.9686273,18.42225,21.8349,358.1585,0.1063892,0.04375947,-0.9933609,-0.1098082,0.007606315,0.3651841,0.8732123,-0.4799733,-1.037972,0.5795999,0.01333386,1.915,0.924003,-0.0304879,-0.3811679,0.1473061,0.9482633,0.2812428,0.3528731,-0.3160176,0.8806892,moving,37.08757,-16.16086,16.83913,0.3989355,4.014980172212308,1.3579560706041827
05/11/2023 10:29:49.030566,777,True,True,True,True,Eyes,0.2578898,0.1173823,-2.529315,0.5898396,-0.2260618,0.7752325,0.0,0.0,0.0,0.0,0.0,0.0,0.0,-1.239422,0.5470467,2.104499,0.2870167,0.1165532,-2.483623,0.1556259,0.1962743,-0.04740239,0.9669592,18.63726,22.64463,358.1505,0.1058702,0.04398669,-0.9934064,-0.1032197,0.007149937,0.3432731,0.8907593,-0.4863101,-1.037933,0.5795999,0.01598728,1.915,0.9184588,-0.0305816,-0.3943326,0.1527631,0.9470671,0.2823601,0.3648244,-0.3195756,0.8745139,moving,37.26588,-16.25696,16.83913,0.4783197,4.040350805525211,1.3309873566503763
05/11/2023 10:29:49.049584,778,True,True,True,True,Eyes,0.2579867,0.1174972,-2.526541,0.5923904,-0.226828,0.7730606,0.0,0.0,0.0,0.0,0.0,0.0,0.0,-1.265548,0.5403271,2.081054,0.2875234,0.1170847,-2.475474,0.1559247,0.2027107,-0.04876453,0.9655144,18.71525,23.40556,358.1273,0.1054165,0.04419982,-0.9934451,-0.09702653,0.006720941,0.3226767,0.9111702,-0.4935454,-1.03927,0.5796,0.01867187,1.915,0.9130608,-0.0309505,-0.4066474,0.1573809,0.946619,0.2813248,0.376233,-0.3208652,0.8691917,moving,37.46267,-16.35251,16.83913,0.5586347,4.068003761856316,1.3042758051489995
05/11/2023 10:29:49.069470,779,True,True,True,True,Eyes,0.258119,0.117597,-2.523534,0.5946542,-0.2273438,0.7711688,0.0,0.0,0.0,0.0,0.0,0.0,0.0,-1.28655,0.5310137,2.060732,0.2881006,0.1172867,-2.467194,0.1552336,0.2081621,-0.04930667,0.9644377,18.66012,24.0566,358.1565,0.1050222,0.04440135,-0.9934769,-0.09120494,0.006317684,0.3033161,0.9294421,-0.4954831,-1.038682,0.5795998,0.02137327,1.915,0.9084748,-0.03047893,-0.4168268,0.1597339,0.9469428,0.2788986,0.3862106,-0.3199537,0.8651422,moving,37.63609,-16.42573,16.83912,0.6394503,4.092010056787281,1.2839259944189854
05/11/2023 10:29:49.079774,780,True,True,True,True,Eyes,0.2583007,0.1176588,-2.520304,0.597082,-0.2277283,0.7691768,0.0,0.0,0.0,0.0,0.0,0.0,0.0,-1.303325,0.5212847,2.042758,0.2889931,0.1170714,-2.458868,0.1540736,0.2127081,-0.04926143,0.9636338,18.53583,24.60527,358.2234,0.1046845,0.04459206,-0.9935035,-0.08573265,0.005938623,0.2851171,0.9474609,-0.4925074,-1.036435,0.5796,0.02406746,1.915,0.9046572,-0.02939457,-0.4251251,0.1604853,0.9476693,0.2759843,0.3947656,-0.3178976,0.8620332,moving,37.82079,-16.49231,16.83913,0.7200478,4.117201260670258,1.265564009410391
05/11/2023 10:29:49.099411,781,True,True,True,True,Eyes,0.2585339,0.1176928,-2.516846,0.5992605,-0.2278395,0.7674478,0.0,0.0,0.0,0.0,0.0,0.0,0.0,-1.317286,0.5122025,2.026176,0.2903611,0.1162413,-2.450543,0.152761,0.2165756,-0.04894,0.9629974,18.38588,25.07504,358.3038,0.1044004,0.04477197,-0.9935248,-0.08058869,0.005582306,0.2680101,0.9616367,-0.483923,-1.031548,0.5795999,0.02660531,1.915,0.9013998,-0.0280896,-0.4320757,0.1604268,0.9485379,0.2730184,0.4021712,-0.3154152,0.8595182,moving,37.98445,-16.53508,16.83913,0.7959655,4.138986977090493,1.254005863491809
05/11/2023 10:29:49.109637,782,True,True,True,True,Eyes,0.258847,0.1177023,-2.513173,0.6016024,-0.2278876,0.765599,0.0,0.0,0.0,0.0,0.0,0.0,0.0,-1.330797,0.5034256,2.009238,0.2918727,0.1156122,-2.441913,0.1516228,0.2203609,-0.04879628,0.9623256,18.25982,25.53261,358.3652,0.1041677,0.04494147,-0.9935415,-0.07575337,0.005247367,0.2519295,0.9726158,-0.4743664,-1.025196,0.5796,0.02939022,1.915,0.89812,-0.02709233,-0.4389152,0.1607393,0.9492589,0.2703154,0.4093207,-0.3133266,0.8569032,moving,38.16002,-16.57612,16.83913,0.8792706,4.162198179545596,1.2430129293787582
05/11/2023 10:29:49.129373,783,True,True,True,True,Eyes,0.259241,0.1176748,-2.509277,0.6037605,-0.2278111,0.7639211,0.0,0.0,0.0,0.0,0.0,0.0,0.0,-1.345394,0.4952998,1.991265,0.2940415,0.115057,-2.433279,0.1507807,0.2242741,-0.04894967,0.9615457,18.17506,26.00258,358.4016,0.1039852,0.04510104,-0.9935533,-0.07120816,0.004932525,0.2368137,0.9824728,-0.4657451,-1.018598,0.5796,0.0321216,1.915,0.8946101,-0.02650228,-0.4460611,0.1617671,0.9497382,0.2680088,0.4165384,-0.3119214,0.8539326,moving,38.32087,-16.60526,16.83913,0.9609711,4.183183965525391,1.2353983185473387
05/11/2023 10:29:49.139581,784,True,True,True,True,Eyes,0.2597244,0.1175855,-2.505182,0.6060976,-0.2277193,0.7620956,0.0,0.0,0.0,0.0,0.0,0.0,0.0,-1.361156,0.4889542,1.971429,0.2963742,0.1141866,-2.424351,0.1502819,0.2285126,-0.04899772,0.960623,18.12684,26.51677,358.4652,0.1038522,0.04525063,-0.9935605,-0.06693567,0.004636574,0.2226049,0.9929727,-0.4589674,-1.012636,0.5796002,0.03480715,1.915,0.8907624,-0.02545405,-0.4537559,0.1628193,0.9500292,0.2663353,0.424302,-0.3111217,0.8503947,moving,38.49537,-16.6365,16.83914,1.041297,4.205938326498542,1.227245805735639
05/11/2023 10:29:49.159566,785,True,True,True,True,Eyes,0.2602936,0.1174407,-2.50089,0.6083456,-0.2275754,0.7603453,0.0,0.0,0.0,0.0,0.0,0.0,0.0,-1.376741,0.4851894,1.95112,0.2989355,0.1126553,-2.415707,0.1501518,0.2326835,-0.04891632,0.9596457,18.11645,27.02796,358.5525,0.1037679,0.04538915,-0.9935631,-0.06291953,0.004358379,0.2092486,1.002796,-0.45554,-1.00768,0.5796001,0.03749484,1.915,0.8869311,-0.02400897,-0.4612773,0.1637604,0.9501233,0.2654211,0.4318978,-0.3109492,0.8466256,moving,38.663,-16.66272,16.83914,1.121683,4.227671689980067,1.220514952502458
05/11/2023 10:29:49.179371,786,True,True,True,True,Eyes,0.2609643,0.1172647,-2.496404,0.6107362,-0.2274621,0.7584605,0.0,0.0,0.0,0.0,0.0,0.0,0.0,-1.39107,0.4826354,1.931015,0.3015578,0.1112286,-2.406974,0.1503443,0.236581,-0.04896432,0.9586596,18.1452,27.50628,358.6286,0.103732,0.04551587,-0.9935611,-0.05914436,0.004096876,0.1966937,1.014016,-0.4524937,-1.003035,0.5796002,0.04007488,1.915,0.8832639,-0.02274304,-0.4683243,0.1650174,0.9499982,0.26509,0.4388783,-0.3114261,0.8428521,moving,38.84211,-16.69398,16.83914,1.198844,4.251000588249986,1.2123809372846424
05/11/2023 10:29:49.189961,787,True,True,True,True,Eyes,0.2617374,0.1170605,-2.491732,0.6137078,-0.2275883,0.75602,0.0,0.0,0.0,0.0,0.0,0.0,0.0,-1.405201,0.4782223,1.911125,0.3045935,0.1103017,-2.39807,0.1504593,0.2403653,-0.04956591,0.957669,18.1803,27.96109,358.6367,0.1037444,0.04563108,-0.9935547,-0.0555957,0.003851064,0.184892,1.024995,-0.4510691,-0.9990125,0.5796,0.04273731,1.915,0.8795355,-0.02260504,-0.4752961,0.1672659,0.9498104,0.2643526,0.4454655,-0.3120084,0.839173,moving,39.06836,-16.75362,16.83913,1.278465,4.281134960869958,1.1962534987133404
05/11/2023 10:29:49.209141,788,True,True,True,True,Eyes,0.2626203,0.1168144,-2.486886,0.6167342,-0.2277215,0.753513,0.0,0.0,0.0,0.0,0.0,0.0,0.0,-1.416879,0.4753873,1.892353,0.3077936,0.1094505,-2.389105,0.1507493,0.243597,-0.04978152,0.9567952,18.22357,28.35662,358.6838,0.1038053,0.04573513,-0.9935436,-0.05225996,0.00362,0.1737985,1.038366,-0.4509298,-0.9961459,0.5795999,0.04551548,1.915,0.8763646,-0.02181729,-0.4811538,0.1687056,0.9495929,0.2642192,0.4511357,-0.3127256,0.8358703,moving,39.29959,-16.8155,16.83913,1.361542,4.31196324520397,1.1795017881856529
05/11/2023 10:29:49.229246,789,True,True,True,True,Eyes,0.2626203,0.1168144,-2.486886,0.6167342,-0.2277215,0.753513,0.0,0.0,0.0,0.0,0.0,0.0,0.0,-1.427207,0.4731681,1.874441,0.3112556,0.1082242,-2.380282,0.1509911,0.2464764,-0.04981641,0.9560174,18.25564,28.71202,358.7438,0.1039152,0.04582777,-0.9935279,-0.04912436,0.0034028,0.1633706,1.050889,-0.4507888,-0.9933269,0.5796,0.04815352,1.915,0.8735355,-0.02081925,-0.4863151,0.1696822,0.9494401,0.264143,0.4562277,-0.3132573,0.8329022,moving,39.29959,-16.8155,16.83913,1.440424,4.31196324520397,1.1795017881856529
05/11/2023 10:29:49.239421,790,True,True,True,True,Eyes,0.2626203,0.1168144,-2.486886,0.6167342,-0.2277215,0.753513,0.0,0.0,0.0,0.0,0.0,0.0,0.0,-1.436681,0.4688358,1.857546,0.3148082,0.1072829,-2.371439,0.1509278,0.2491382,-0.05018298,0.9553181,18.26263,29.03275,358.7523,0.104014,0.04591114,-0.9935138,-0.0461769,0.003198632,0.1535684,1.062707,-0.4490056,-0.9899815,0.5796,0.05082864,1.915,0.8708237,-0.02067766,-0.4911605,0.1710852,0.949405,0.2633631,0.4608644,-0.3133731,0.8303019,moving,39.29959,-16.8155,16.83913,1.520409,4.31196324520397,1.1795017881856529
05/11/2023 10:29:49.259358,791,True,True,True,True,Eyes,0.2639442,0.1164401,-2.481141,0.6205775,-0.2278371,0.7503158,0.0,0.0,0.0,0.0,0.0,0.0,0.0,-1.446036,0.4648799,1.840451,0.3187076,0.1062336,-2.362526,0.1508619,0.251756,-0.05035619,0.9546329,18.26368,29.35162,358.7822,0.104103,0.04598618,-0.9935011,-0.04340629,0.003006714,0.1443543,1.074519,-0.4468674,-0.9863837,0.5795999,0.05352962,1.915,0.8681664,-0.02018254,-0.4958627,0.1721041,0.9494098,0.2626806,0.4654754,-0.3133905,0.8277193,moving,39.59375,-16.89117,16.83913,1.601161,4.351080794553086,1.1590770545094085
05/11/2023 10:29:49.279687,792,True,True,True,True,Eyes,0.3003246,0.1064441,-2.334124,0.7120481,-0.2264592,0.6646079,0.0,0.0,0.0,0.0,0.0,0.0,0.0,-1.454978,0.4602163,1.823522,0.3230418,0.1047577,-2.353436,0.1502144,0.2543223,-0.04972078,0.954088,18.17532,29.67331,358.8861,0.1042595,0.04604916,-0.9934818,-0.04080191,0.002826311,0.135693,1.088243,-0.4441917,-0.9834422,0.5796,0.0562377,1.915,0.8656961,-0.01847026,-0.5002291,0.1712817,0.9499269,0.2613453,0.470354,-0.3119257,0.8255117,moving,46.97366,-18.81609,16.83913,1.682119,5.333340370131378,0.6389622698432493
05/11/2023 10:29:49.295490,793,True,True,True,True,Eyes,0.300521,0.1063909,-2.333754,0.7125732,-0.2263334,0.6640878,0.0,0.0,0.0,0.0,0.0,0.0,0.0,-1.463606,0.4559481,1.806763,0.3276089,0.1038317,-2.344422,0.1495594,0.2568295,-0.04860153,0.9535767,18.07112,29.99579,359.0436,0.1068995,0.04595918,-0.9932055,0.07078734,-0.02733106,0.5686024,1.103484,-0.4425151,-0.981674,0.5796001,0.05878907,1.915,0.863353,-0.01586804,-0.5043508,0.1695131,0.9505398,0.2602681,0.4752756,-0.3101973,0.8233412,moving,47.0171,-18.82006,16.83914,1.758386,5.338879115665128,0.6380383581947635
05/11/2023 10:29:49.311467,794,True,True,True,True,Eyes,0.3009157,0.1062768,-2.333039,0.7132637,-0.2261205,0.6634188,0.0,0.0,0.0,0.0,0.0,0.0,0.0,-1.474022,0.4510253,1.788415,0.3324589,0.1026731,-2.335278,0.1487237,0.2598041,-0.04740559,0.9529617,17.94406,30.37534,359.2126,0.1091233,0.04587872,-0.9929675,0.0665401,-0.02569119,0.5344863,1.118064,-0.4403642,-0.9798158,0.5796001,0.0614512,1.915,0.8605091,-0.01307338,-0.5092673,0.1676295,0.951268,0.2588236,0.481066,-0.3080883,0.8207662,moving,47.07358,-18.82123,16.83913,1.837956,5.345948679060765,0.6379963597847027
05/11/2023 10:29:49.329406,795,True,True,True,True,Eyes,0.3015047,0.1061015,-2.332001,0.7143708,-0.2258025,0.662335,0.0,0.0,0.0,0.0,0.0,0.0,0.0,-1.485079,0.447533,1.769432,0.3375595,0.1011865,-2.326467,0.1481763,0.2628726,-0.04630215,0.9522594,17.85131,30.7673,359.3812,0.1110159,0.04580449,-0.9927612,0.06254769,-0.02414972,0.5024171,1.130156,-0.4370344,-0.9767494,0.5796,0.06416875,1.915,0.8575083,-0.01028033,-0.5143675,0.1660863,0.9517998,0.2578615,0.4869239,-0.3065478,0.8178836,moving,47.16459,-18.82521,16.83913,1.919177,5.357409516117975,0.6373203533102627
05/11/2023 10:29:49.344352,796,True,True,True,True,Eyes,0.3022916,0.1058599,-2.330663,0.7156192,-0.2254167,0.6611176,0.0,0.0,0.0,0.0,0.0,0.0,0.0,-1.496331,0.4439293,1.750295,0.3427579,0.0996119,-2.317802,0.1476023,0.2659899,-0.04527444,0.9515321,17.75707,31.16366,359.5404,0.1127251,0.04573231,-0.9925719,0.05879483,-0.02270074,0.4722721,1.140852,-0.4345195,-0.9731256,0.5796,0.06681716,1.915,0.8543993,-0.007638715,-0.519561,0.1646816,0.9523276,0.2568116,0.4928305,-0.3049817,0.8149259,moving,47.26702,-18.82748,16.83913,1.998323,5.370235501953348,0.6372011668610336
05/11/2023 10:29:49.359565,797,True,True,True,True,Eyes,0.3032764,0.1055555,-2.329036,0.717232,-0.2249528,0.6595259,0.0,0.0,0.0,0.0,0.0,0.0,0.0,-1.507939,0.4402964,1.731091,0.348233,0.09785265,-2.309453,0.1470568,0.2691204,-0.04446315,0.9507742,17.67201,31.5583,359.6755,0.1143036,0.04565934,-0.9923949,0.05526714,-0.0213387,0.4439358,1.150455,-0.4308287,-0.968987,0.5796001,0.06948709,1.915,0.8511945,-0.005396837,-0.5248227,0.1637008,0.9527947,0.2557038,0.4986682,-0.3035675,0.811897,moving,47.40012,-18.83362,16.83913,2.078105,5.387007254762103,0.6361197813364106
05/11/2023 10:29:49.379387,798,True,True,True,True,Eyes,0.3044562,0.1052436,-2.327137,0.7189557,-0.2244438,0.6578205,0.0,0.0,0.0,0.0,0.0,0.0,0.0,-1.521187,0.4342521,1.710776,0.3538836,0.09606832,-2.30106,0.1462104,0.2726666,-0.04416727,0.9499078,17.56927,31.99298,359.749,0.1157737,0.04558355,-0.992228,0.05195111,-0.02005837,0.4172996,1.160185,-0.4279755,-0.9648835,0.5796,0.07213023,1.915,0.8474044,-0.004176279,-0.5309317,0.163643,0.9533436,0.2536869,0.5051008,-0.3018587,0.8085509,moving,47.54253,-18.83928,16.83913,2.157079,5.404922112975667,0.6352268810949342
05/11/2023 10:29:49.389964,799,True,True,True,True,Eyes,0.3058507,0.105097,-2.324944,0.7208671,-0.2239036,0.6559098,0.0,0.0,0.0,0.0,0.0,0.0,0.0,-1.533081,0.4252189,1.692413,0.3596729,0.09557831,-2.292795,0.1451642,0.2757896,-0.04448225,0.9491516,17.46368,32.36364,359.7375,0.1171564,0.04550534,-0.9920694,0.04883404,-0.01885487,0.3922616,1.169541,-0.4241562,-0.9605391,0.5795999,0.07490179,1.915,0.8439227,-0.004371217,-0.5364468,0.1645104,0.9538973,0.2510302,0.510618,-0.3001011,0.8057349,moving,47.70125,-18.84802,16.83913,2.23988,5.424969041063139,0.6335254972474198
05/11/2023 10:29:49.409558,800,True,True,True,True,Eyes,0.3074486,0.1050097,-2.322501,0.7229055,-0.2234504,0.6538178,0.0,0.0,0.0,0.0,0.0,0.0,0.0,-1.542561,0.4066349,1.677521,0.3661188,0.09932998,-2.28364,0.1432555,0.2781962,-0.04582309,0.9486755,17.2956,32.62119,359.5658,0.1184711,0.04543247,-0.9919166,0.045904,-0.01772358,0.3687259,1.17833,-0.4205162,-0.9560124,0.5796,0.07764229,1.915,0.8410143,-0.007236217,-0.5409646,0.1666488,0.9547562,0.2463103,0.5147069,-0.2973016,0.8041695,moving,47.87285,-18.8685,16.83913,2.321745,5.447007048889747,0.6284825551852453
05/11/2023 10:29:49.429266,801,True,True,True,True,Eyes,0.3092189,0.104908,-2.319791,0.7252209,-0.2228673,0.6514481,0.0,0.0,0.0,0.0,0.0,0.0,0.0,-1.559014,0.3904228,1.656405,0.3724826,0.1005199,-2.275475,0.1423121,0.2823096,-0.04887961,0.947449,17.29342,33.07279,359.2637,0.1197345,0.04536739,-0.9917679,0.04314976,-0.01666017,0.3466024,1.185263,-0.4161671,-0.950559,0.5796,0.08031109,1.915,0.8358241,-0.01226977,-0.5488601,0.172974,0.9547161,0.2420684,0.5210354,-0.2972651,0.8000972,moving,48.06742,-18.88636,16.83913,2.401458,5.471817957130021,0.6243216069319786
05/11/2023 10:29:49.439337,802,True,True,True,True,Eyes,0.311153,0.1049604,-2.31689,0.7275232,-0.2221081,0.6491364,0.0,0.0,0.0,0.0,0.0,0.0,0.0,-1.576623,0.3636753,1.634722,0.3782277,0.09997082,-2.266554,0.1379223,0.2873134,-0.05076313,0.9464943,16.87324,33.62233,358.9917,0.1209612,0.04530913,-0.9916218,0.04056077,-0.01566055,0.3258062,1.191973,-0.4146957,-0.9457607,0.5795997,0.08291462,1.915,0.8297483,-0.01684019,-0.5578837,0.1753479,0.9568011,0.2319155,0.5298783,-0.2902552,0.7968569,moving,48.2589,-18.88886,16.83913,2.479213,5.495736946296722,0.6246051346946375
05/11/2023 10:29:49.459902,803,True,True,True,True,Eyes,0.3133005,0.1050311,-2.313728,0.7299954,-0.2211985,0.6466668,0.0,0.0,0.0,0.0,0.0,0.0,0.0,-1.581533,0.3421349,1.625931,0.3840615,0.1036789,-2.259138,0.1345416,0.2886082,-0.05123792,0.9465615,16.51576,33.74535,358.8441,0.1221625,0.04526392,-0.9914766,0.03812713,-0.01472092,0.3062578,1.197864,-0.4126103,-0.940449,0.5796,0.08566797,1.915,0.82816,-0.01934009,-0.5601581,0.1746593,0.9585465,0.2251283,0.5325835,-0.284279,0.7972077,moving,48.46386,-18.88374,16.83913,2.561432,5.521082347638781,0.6271726937963571
05/11/2023 10:29:49.479445,804,True,True,True,True,Eyes,0.3156273,0.1051523,-2.310344,0.732656,-0.2200987,0.6440278,0.0,0.0,0.0,0.0,0.0,0.0,0.0,-1.595291,0.3181603,1.606102,0.3911955,0.1041327,-2.249859,0.1304231,0.2924846,-0.05208126,0.9459019,16.09321,34.17706,358.674,0.1233517,0.0452317,-0.9913308,0.0358395,-0.01383767,0.2878824,1.201603,-0.4113246,-0.9347667,0.5795998,0.08817932,1.915,0.8234805,-0.02223402,-0.5669086,0.174821,0.9605548,0.2162689,0.5397382,-0.2772008,0.7948852,moving,48.68351,-18.86804,16.83913,2.636416,5.5479070350683495,0.6328902910036511
05/11/2023 10:29:49.494440,805,True,True,True,True,Eyes,0.3181171,0.105354,-2.306755,0.7354472,-0.2190938,0.6411827,0.0,0.0,0.0,0.0,0.0,0.0,0.0,-1.61272,0.2925522,1.583259,0.3976985,0.1054176,-2.241403,0.1262411,0.2975545,-0.05313122,0.944829,15.67446,34.75445,358.4959,0.124539,0.04521373,-0.9911832,0.03368913,-0.01300741,0.2706094,1.210089,-0.4124156,-0.9316825,0.5796001,0.09078628,1.915,0.8172768,-0.02527265,-0.5756907,0.175527,0.9624805,0.2069336,0.5488614,-0.2701713,0.7910491,moving,48.91721,-18.86543,16.83913,2.714245,5.576913033308299,0.634880439063986
05/11/2023 10:29:49.509777,806,True,True,True,True,Eyes,0.3207632,0.105588,-2.302959,0.7384259,-0.2181139,0.6380858,0.0,0.0,0.0,0.0,0.0,0.0,0.0,-1.629357,0.2750618,1.559212,0.4039234,0.1075063,-2.233136,0.1242989,0.3024631,-0.05431982,0.9434593,15.5097,35.32946,358.3762,0.125733,0.04521241,-0.9910325,0.03166778,-0.01222696,0.2543728,1.221945,-0.4139823,-0.930899,0.5796,0.09354067,1.915,0.8111309,-0.02730538,-0.5842269,0.1776888,0.9631983,0.2016825,0.5572193,-0.2674014,0.7861317,moving,49.16917,-18.87173,16.83913,2.796464,5.60848638172523,0.6343792677996509
05/11/2023 10:29:49.529749,807,True,True,True,True,Eyes,0.3901116,0.1124229,-2.203851,0.8106634,-0.1986947,0.5507678,0.0,0.0,0.0,0.0,0.0,0.0,0.0,-1.648237,0.2645394,1.530527,0.4101715,0.108521,-2.224671,0.12369,0.3081721,-0.05498787,0.9416513,15.47614,36.02243,358.3754,0.1269413,0.04522784,-0.9908779,0.02976772,-0.01149334,0.2391105,1.229959,-0.4076639,-0.9267859,0.5795999,0.09615439,1.915,0.8040126,-0.0273232,-0.5939841,0.1797944,0.9633543,0.1990542,0.5667784,-0.2668371,0.7794615,moving,55.80766,-19.83739,16.83913,2.874474,6.466770837169618,0.38893848236041073
05/11/2023 10:29:49.549490,808,True,True,True,True,Eyes,0.3903564,0.1124968,-2.203534,0.8108817,-0.1986847,0.55045,0.0,0.0,0.0,0.0,0.0,0.0,0.0,-1.664803,0.2603986,1.503411,0.4158352,0.1098152,-2.216899,0.1240735,0.313335,-0.054609,0.9399176,15.51315,36.67137,358.5191,0.1324101,0.04580531,-0.9901354,0.2360268,0.00970074,0.5220892,1.239737,-0.4013872,-0.9228861,0.5796002,0.09886771,1.915,0.7976781,-0.02490273,-0.6025691,0.180409,0.9632472,0.1990159,0.575467,-0.2674595,0.7728539,moving,55.8302,-19.84702,16.83914,2.955445,6.4698947618331255,0.38626063052911963
05/11/2023 10:29:49.559748,809,True,True,True,True,Eyes,0.3908295,0.112611,-2.202921,0.8112146,-0.1988752,0.5498905,0.0,0.0,0.0,0.0,0.0,0.0,0.0,-1.6792,0.2577479,1.478183,0.4218386,0.1117501,-2.209239,0.1246984,0.3178392,-0.05382636,0.9383663,15.55968,37.24732,358.7063,0.1369597,0.04628724,-0.9894939,0.2218652,0.009118696,0.4907639,1.25579,-0.3902878,-0.9206389,0.5796,0.1016309,1.915,0.7921619,-0.02174957,-0.6099233,0.1802858,0.9631061,0.1998093,0.5830751,-0.2682418,0.766857,moving,55.86819,-19.88319,16.83913,3.037893,6.475818459155591,0.37595663496541487
05/11/2023 10:29:49.579272,810,True,True,True,True,Eyes,0.3915206,0.1127457,-2.202025,0.8117872,-0.1989446,0.5490196,0.0,0.0,0.0,0.0,0.0,0.0,0.0,-1.695319,0.2536125,1.450854,0.4276471,0.1129241,-2.201764,0.124802,0.3230223,-0.05301359,0.9366273,15.54738,37.90472,358.889,0.1407735,0.04669425,-0.9889394,0.2085533,0.008571574,0.461318,1.268387,-0.3816831,-0.9185888,0.5795999,0.1043152,1.915,0.7856923,-0.01868027,-0.6183355,0.1799356,0.963228,0.1995368,0.5918705,-0.2680351,0.760162,moving,55.92913,-19.91866,16.83913,3.117974,6.484575974660755,0.36597693178543533
05/11/2023 10:29:49.599417,811,True,True,True,True,Eyes,0.3924255,0.1129437,-2.200818,0.8124416,-0.1988675,0.5480788,0.0,0.0,0.0,0.0,0.0,0.0,0.0,-1.709593,0.2460584,1.424212,0.4329548,0.1142014,-2.193432,0.1239973,0.3280639,-0.05214565,0.9350292,15.43211,38.53769,359.0396,0.1441878,0.04706207,-0.9884299,0.1960401,0.00805728,0.433639,1.282877,-0.3771491,-0.9181458,0.5796,0.1068714,1.915,0.7793098,-0.01615736,-0.6264305,0.1788735,0.963811,0.1976679,0.6005668,-0.2660963,0.7539975,moving,55.99612,-19.94304,16.83913,3.194223,6.493720381458664,0.35924982437897857
05/11/2023 10:29:49.609443,812,True,True,True,True,Eyes,0.3935139,0.1131921,-2.199316,0.8132922,-0.198624,0.5469043,0.0,0.0,0.0,0.0,0.0,0.0,0.0,-1.723288,0.2354994,1.399786,0.4387904,0.1150741,-2.186047,0.1222054,0.3327291,-0.05128893,0.9336631,15.20824,39.11449,359.142,0.1473077,0.04740382,-0.9879534,0.1842777,0.007573843,0.4076206,1.296766,-0.3743142,-0.9184262,0.5796,0.1096004,1.915,0.7733216,-0.01445057,-0.6338493,0.1770957,0.9648706,0.1940667,0.6087782,-0.2623279,0.7487143,moving,56.08085,-19.95994,16.83913,3.275612,6.504826130873475,0.3547885508077151
05/11/2023 10:29:49.629408,813,True,True,True,True,Eyes,0.3948027,0.113432,-2.197567,0.8143342,-0.1977476,0.54567,0.0,0.0,0.0,0.0,0.0,0.0,0.0,-1.73543,0.2205642,1.37582,0.444709,0.1169142,-2.17757,0.1198487,0.3371876,-0.05101051,0.9323835,14.94491,39.65286,359.152,0.1501731,0.04772503,-0.9875065,0.173221,0.007119412,0.3831634,1.310566,-0.3721551,-0.9192404,0.5796001,0.1124819,1.915,0.7674048,-0.01429968,-0.6410034,0.1759457,0.9660684,0.1890897,0.6165493,-0.2578901,0.7438815,moving,56.17471,-19.92022,16.83914,3.361537,6.515198570260446,0.3668186875085828
05/11/2023 10:29:49.639457,814,True,True,True,True,Eyes,0.3962725,0.1136391,-2.195577,0.8155433,-0.1968902,0.5441723,0.0,0.0,0.0,0.0,0.0,0.0,0.0,-1.747988,0.2073166,1.351974,0.4506758,0.1168942,-2.17014,0.118055,0.341576,-0.05183737,0.9309682,14.78684,40.17456,359.0596,0.1528204,0.04802793,-0.9870856,0.1628278,0.006692247,0.3601736,1.326925,-0.3678686,-0.9204831,0.5796,0.1150396,1.915,0.7612774,-0.01586841,-0.6482322,0.1771674,0.9667518,0.184398,0.6237535,-0.2552236,0.7387778,moving,56.28675,-19.89093,16.83913,3.437792,6.528178598590794,0.3759156529424912
05/11/2023 10:29:49.659489,815,True,True,True,True,Eyes,0.3979091,0.1138379,-2.193375,0.8167837,-0.1957637,0.5427162,0.0,0.0,0.0,0.0,0.0,0.0,0.0,-1.760442,0.1968084,1.326963,0.4563428,0.1162745,-2.162626,0.1170442,0.3460903,-0.05299056,0.9293623,14.72808,40.71636,358.9644,0.1552815,0.04831343,-0.9866875,0.1530581,0.006290712,0.3385631,1.343771,-0.361364,-0.921805,0.5795999,0.117706,1.915,0.7548271,-0.01747916,-0.655691,0.1795106,0.9669853,0.1808738,0.630882,-0.2542319,0.7330443,moving,56.39774,-19.83493,16.83913,3.517277,6.540145827033339,0.39276405552483507
05/11/2023 10:29:49.679428,816,True,True,True,True,Eyes,0.3997182,0.1140561,-2.190957,0.8181403,-0.1948301,0.5410061,0.0,0.0,0.0,0.0,0.0,0.0,0.0,-1.771115,0.1895798,1.304008,0.4618546,0.1161985,-2.155554,0.1171999,0.3499666,-0.0545279,0.9278008,14.81164,41.18544,358.865,0.1575842,0.04858338,-0.9863092,0.1438746,0.00591327,0.3182493,1.363647,-0.3555437,-0.9247286,0.5795999,0.120297,1.915,0.7491001,-0.01914991,-0.6621799,0.1832142,0.9665818,0.1793105,0.6366173,-0.2556422,0.7275751,moving,56.5248,-19.80524,16.83913,3.594499,6.554982413276021,0.40205637863044785
05/11/2023 10:29:49.689912,817,True,True,True,True,Eyes,0.4016808,0.114233,-2.188378,0.8195485,-0.1938296,0.5392312,0.0,0.0,0.0,0.0,0.0,0.0,0.0,-1.782127,0.1833791,1.279652,0.4676579,0.1168178,-2.1482,0.1181684,0.3540046,-0.05648236,0.9260275,15.0015,41.67842,358.7575,0.1597536,0.04884065,-0.9859474,0.1352421,0.005558474,0.2991544,1.38492,-0.3518348,-0.9297481,0.5795999,0.1229059,1.915,0.742981,-0.02094415,-0.6689848,0.1882727,0.965692,0.1788643,0.642287,-0.2588443,0.7214341,moving,56.65663,-19.77125,16.83913,3.672244,6.570270787633907,0.41262263386562914
05/11/2023 10:29:49.709715,818,True,True,True,True,Eyes,0.4037854,0.1144078,-2.185612,0.821104,-0.1931227,0.5371143,0.0,0.0,0.0,0.0,0.0,0.0,0.0,-1.79508,0.1796514,1.253433,0.4731508,0.1159141,-2.142049,0.1196143,0.3586047,-0.05866478,0.9239339,15.25445,42.24539,358.6567,0.1618112,0.04908501,-0.9855998,0.1271276,0.005224965,0.2812051,1.406108,-0.3511606,-0.9359391,0.5796,0.1256456,1.915,0.7359223,-0.02261627,-0.6766883,0.1941932,0.9645017,0.1789564,0.6486198,-0.2631063,0.7141902,moving,56.80983,-19.77635,16.83913,3.75387,6.589510347379949,0.4119492552639361
05/11/2023 10:29:49.729231,819,True,True,True,True,Eyes,0.4060217,0.1145741,-2.182675,0.8227519,-0.1924948,0.5348132,0.0,0.0,0.0,0.0,0.0,0.0,0.0,-1.808527,0.1780795,1.224099,0.4784685,0.1159837,-2.135067,0.1221031,0.3637261,-0.06086454,0.9214607,15.62276,42.89049,358.611,0.1637761,0.04931806,-0.9852635,0.1194999,0.004911467,0.2643328,1.427136,-0.3527254,-0.9431553,0.5796003,0.1283043,1.915,0.7279977,-0.02334443,-0.6851822,0.2009927,0.9627727,0.1807503,0.6554551,-0.2693024,0.7055884,moving,56.97493,-19.79528,16.83914,3.833068,6.6106880130392085,0.40732218501604134
05/11/2023 10:29:49.739291,820,True,True,True,True,Eyes,0.4083721,0.1147372,-2.179585,0.8245619,-0.1921538,0.5321414,0.0,0.0,0.0,0.0,0.0,0.0,0.0,-1.822813,0.1802953,1.192582,0.4836725,0.1159216,-2.128386,0.1253569,0.3692485,-0.06250536,0.9187135,16.05107,43.60502,358.6719,0.165665,0.04954091,-0.9849365,0.1123299,0.004616779,0.2484728,1.44926,-0.358057,-0.9525633,0.5796002,0.1310196,1.915,0.7194973,-0.02227336,-0.6941379,0.2074247,0.9607575,0.184174,0.6627961,-0.276494,0.6958825,moving,57.16331,-19.85442,16.83914,3.913938,6.636091618523837,0.39114028694581826
05/11/2023 10:29:49.759261,821,True,True,True,True,Eyes,0.4108344,0.1148956,-2.176352,0.8264428,-0.1917382,0.5293664,0.0,0.0,0.0,0.0,0.0,0.0,0.0,-1.836843,0.1856512,1.160297,0.4885557,0.116054,-2.121932,0.1290779,0.3748756,-0.06336322,0.915856,16.49551,44.35319,358.8474,0.1674922,0.04975483,-0.9846168,0.1055901,0.004339772,0.2335645,1.472744,-0.3645726,-0.9638291,0.5795997,0.1336623,1.915,0.7109067,-0.01928686,-0.7030217,0.2128395,0.958648,0.1889269,0.6703066,-0.2839402,0.6856143,moving,57.35897,-19.91055,16.83912,3.992629,6.662302071888171,0.3758709199983947
05/11/2023 10:29:49.779376,822,True,True,True,True,Eyes,0.4134086,0.1150769,-2.172981,0.8285159,-0.191404,0.5262374,0.0,0.0,0.0,0.0,0.0,0.0,0.0,-1.850989,0.1911508,1.127061,0.4935063,0.1161713,-2.115637,0.1323467,0.3807288,-0.06337606,0.9129696,16.85289,45.14192,359.1053,0.1692698,0.04996073,-0.9843023,0.09925474,0.004079386,0.2195506,1.495116,-0.3705275,-0.9750783,0.5795999,0.1363694,1.915,0.702058,-0.0149444,-0.7119629,0.2164973,0.9569356,0.1933989,0.6784124,-0.2899153,0.6750597,moving,57.57806,-19.98743,16.83913,4.073224,6.692114476698585,0.3546989836476415
05/11/2023 10:29:49.799675,823,True,True,True,True,Eyes,0.4160903,0.1152899,-2.169477,0.8306653,-0.1907241,0.5230864,0.0,0.0,0.0,0.0,0.0,0.0,0.0,-1.86478,0.1935179,1.093757,0.4985681,0.1171775,-2.109231,0.1343871,0.38675,-0.06247314,0.9101987,17.03531,45.95422,359.4141,0.1710093,0.05016078,-0.9839913,0.09329946,0.003834623,0.2063776,1.518331,-0.3753957,-0.9868619,0.5795996,0.138998,1.915,0.6930432,-0.009777514,-0.7208297,0.2176744,0.9560744,0.196315,0.6872474,-0.292961,0.6647292,moving,57.80056,-20.03251,16.83912,4.151466,6.721301189789135,0.3427802096339603
05/11/2023 10:29:49.809644,824,True,True,True,True,Eyes,0.4188792,0.1155185,-2.165836,0.8330169,-0.1899558,0.519615,0.0,0.0,0.0,0.0,0.0,0.0,0.0,-1.878489,0.1907552,1.060495,0.503628,0.118251,-2.102886,0.134803,0.3930222,-0.0612907,0.907527,17.02877,46.78452,359.6833,0.1727209,0.05035734,-0.9836823,0.08770149,0.003604545,0.1939949,1.539628,-0.3790386,-0.9974965,0.5795999,0.1416169,1.915,0.683554,-0.005284805,-0.7298808,0.217207,0.9561433,0.1964974,0.6968322,-0.2928518,0.6547233,moving,58.04512,-20.0809,16.83913,4.229402,6.753343358378219,0.3300164731141777
05/11/2023 10:29:49.829637,825,True,True,True,True,Eyes,0.4188792,0.1155185,-2.165836,0.8330169,-0.1899558,0.519615,0.0,0.0,0.0,0.0,0.0,0.0,0.0,-1.89126,0.1845226,1.027915,0.5087552,0.1188232,-2.096323,0.1340629,0.3992108,-0.06013034,0.9050096,16.89782,47.58972,359.8923,0.1744136,0.05055175,-0.9833736,0.0824394,0.003388273,0.1823552,1.559926,-0.3787347,-1.006076,0.5796,0.1442781,1.915,0.6740303,-0.001798344,-0.7387016,0.2158758,0.9568229,0.1946471,0.7064566,-0.2906658,0.6453158,moving,58.04512,-20.0809,16.83913,4.308584,6.753343358378219,0.3300164731141777
05/11/2023 10:29:49.839531,826,True,True,True,True,Eyes,0.4188792,0.1155185,-2.165836,0.8330169,-0.1899558,0.519615,0.0,0.0,0.0,0.0,0.0,0.0,0.0,-1.903187,0.1761259,0.9956911,0.5138731,0.1188037,-2.089584,0.1325849,0.4053333,-0.0591075,0.90257,16.69344,48.37544,0.04694726,0.1759365,0.05072657,-0.9830933,0.07749303,0.003184977,0.1714139,1.577744,-0.3737913,-1.011013,0.5796001,0.1471037,1.915,0.6644225,0.0007848568,-0.7473568,0.2141794,0.9578551,0.1914178,0.7160097,-0.2872508,0.6362523,moving,58.04512,-20.0809,16.83914,4.392639,6.753343358378219,0.3300164731141777
05/11/2023 10:29:49.859399,827,True,True,True,True,Eyes,0.4222138,0.1157099,-2.161504,0.8362038,-0.1880953,0.5151537,0.0,0.0,0.0,0.0,0.0,0.0,0.0,-1.91442,0.170519,0.9633737,0.5192568,0.1186474,-2.082898,0.1322127,0.4111965,-0.05855523,0.9000049,16.62697,49.13876,0.1991664,0.1773067,0.05088381,-0.9828389,0.07284345,0.002993878,0.1611291,1.593364,-0.3666942,-1.013109,0.5795999,0.1498891,1.915,0.6549776,0.003330761,-0.755641,0.2141307,0.9581822,0.1898286,0.724674,-0.2861394,0.6268746,moving,58.36433,-20.05838,16.83913,4.475478,6.792336564344575,0.3382396204606968
05/11/2023 10:29:49.879259,828,True,True,True,True,Eyes,0.4256416,0.1158538,-2.157066,0.8394906,-0.1863174,0.5104325,0.0,0.0,0.0,0.0,0.0,0.0,0.0,-1.92491,0.1653154,0.9313643,0.5245144,0.1182787,-2.076281,0.1320827,0.4169289,-0.05828325,0.8974006,16.59843,49.88705,0.3307046,0.1787219,0.05104255,-0.9825743,0.06847285,0.002814245,0.1514613,1.607419,-0.359505,-1.01339,0.5795998,0.1523972,1.915,0.6455467,0.00553135,-0.7637007,0.214745,0.9583145,0.1884622,0.732908,-0.2856621,0.6174489,moving,58.69929,-20.05302,16.83913,4.550055,6.833857116605682,0.34156229448031095
05/11/2023 10:29:49.889590,829,True,True,True,True,Eyes,0.4291606,0.1159736,-2.15253,0.8428853,-0.184097,0.5056211,0.0,0.0,0.0,0.0,0.0,0.0,0.0,-1.934682,0.1626488,0.8990321,0.5299541,0.1173521,-2.069562,0.1326325,0.4224937,-0.05810535,0.8947242,16.64479,50.6247,0.4841773,0.1801837,0.05120078,-0.9822991,0.06436448,0.002645391,0.1423736,1.62117,-0.3530743,-1.013468,0.5796,0.1548962,1.915,0.6362456,0.008096309,-0.7714441,0.2160493,0.9580647,0.1882408,0.7406175,-0.2864374,0.6078153,moving,59.04175,-20.0066,16.83913,4.624345,6.874955312682666,0.35684893398969475
05/11/2023 10:29:49.909221,830,True,True,True,True,Eyes,0.5196063,0.1182913,-2.036767,0.9187031,-0.1305186,0.3727594,0.0,0.0,0.0,0.0,0.0,0.0,0.0,-1.943499,0.1595611,0.8681382,0.5354553,0.1168548,-2.062994,0.1334895,0.4276948,-0.05836464,0.892105,16.7441,51.31668,0.6013724,0.1816925,0.05135766,-0.982013,0.06050261,0.002486667,0.1338312,1.635774,-0.3476545,-1.014212,0.5796003,0.1579158,1.915,0.6273414,0.01005073,-0.7786794,0.2183202,0.9575483,0.1882487,0.7475152,-0.2880977,0.5985155,moving,67.91538,-19.29728,16.83914,4.714091,7.956165877830306,0.6096313579272543
05/11/2023 10:29:49.929727,831,True,True,True,True,Eyes,0.5198427,0.1182606,-2.03649,0.91888,-0.1302043,0.3724332,0.0,0.0,0.0,0.0,0.0,0.0,0.0,-1.952343,0.1547001,0.8363239,0.5412072,0.1163127,-2.056351,0.1343697,0.4330549,-0.05922034,0.8893263,16.87522,52.02538,0.6614105,0.1893353,0.05193258,-0.9805378,0.3282095,0.009290446,0.4730916,1.651306,-0.3440312,-1.016136,0.5796,0.160346,1.915,0.6179128,0.01104645,-0.786169,0.2217113,0.9568755,0.1877056,0.7543393,-0.2902882,0.5888165,moving,67.93669,-19.26985,16.83913,4.786302,7.957912789358816,0.6177097850193141
05/11/2023 10:29:49.945173,832,True,True,True,True,Eyes,0.5203091,0.1181951,-2.035945,0.9192522,-0.1299715,0.3715951,0.0,0.0,0.0,0.0,0.0,0.0,0.0,-1.961492,0.1477108,0.802879,0.5468554,0.1154502,-2.049757,0.1349494,0.4388421,-0.06048562,0.8863114,16.9958,52.78356,0.672519,0.1956708,0.05240579,-0.979268,0.308517,0.008733019,0.4447061,1.666786,-0.3418099,-1.018499,0.5795997,0.1630504,1.915,0.6075181,0.01122478,-0.7942265,0.2256612,0.9562603,0.1861271,0.7615765,-0.2923017,0.5784125,moving,67.98965,-19.27813,16.83913,4.866643,7.964778970626404,0.6155843800675784
05/11/2023 10:29:49.959685,833,True,True,True,True,Eyes,0.5209844,0.1180859,-2.035146,0.9197487,-0.1295213,0.370522,0.0,0.0,0.0,0.0,0.0,0.0,0.0,-1.970762,0.138971,0.7677329,0.5525556,0.1145377,-2.043084,0.1352293,0.4450234,-0.06191694,0.8830819,17.09435,53.59019,0.6596971,0.200958,0.05279564,-0.9781757,0.290006,0.008209038,0.4180237,1.681292,-0.3409269,-1.02043,0.5796,0.1656922,1.915,0.5962409,0.01100498,-0.8027302,0.2297159,0.9557586,0.1837282,0.7692382,-0.2939462,0.5673344,moving,68.05789,-19.26781,16.83913,4.945107,7.97293302595402,0.6189412488137602
05/11/2023 10:29:49.979493,834,True,True,True,True,Eyes,0.5218736,0.1179249,-2.034105,0.9204351,-0.1291445,0.3689456,0.0,0.0,0.0,0.0,0.0,0.0,0.0,-1.97908,0.1322675,0.7330549,0.5579678,0.1133036,-2.03653,0.1356492,0.4510496,-0.06291484,0.8798838,17.18551,54.38715,0.698918,0.2056453,0.05313388,-0.9771826,0.2726056,0.007716496,0.3929423,1.695595,-0.3404107,-1.022036,0.5796002,0.1683341,1.915,0.585192,0.0116535,-0.810811,0.2330845,0.955282,0.1819556,0.7766736,-0.2954664,0.5563072,moving,68.1572,-19.29192,16.83914,5.023553,7.986091877952133,0.6124629581599876
05/11/2023 10:29:49.994512,835,True,True,True,True,Eyes,0.5229734,0.1177315,-2.032823,0.9212496,-0.1285768,0.3671065,0.0,0.0,0.0,0.0,0.0,0.0,0.0,-1.987619,0.1255956,0.6962025,0.5636899,0.1119178,-2.029983,0.136125,0.4574524,-0.0638646,0.8764294,17.27979,55.23948,0.7558229,0.209912,0.05343184,-0.9762587,0.2562492,0.007253506,0.3693658,1.708509,-0.3396778,-1.022107,0.5796001,0.1710066,1.915,0.5733172,0.01259584,-0.8192366,0.2364871,0.9547826,0.180178,0.7844623,-0.297038,0.5444144,moving,68.27334,-19.3025,16.83914,5.102891,8.000898991439264,0.6100027115890665
05/11/2023 10:29:50.009528,836,True,True,True,True,Eyes,0.524272,0.1175278,-2.031316,0.9222654,-0.1280531,0.3647314,0.0,0.0,0.0,0.0,0.0,0.0,0.0,-1.996175,0.1169135,0.65723,0.5695127,0.1109137,-2.023287,0.1362416,0.4643405,-0.06484453,0.8727092,17.33863,56.15414,0.8009834,0.2138129,0.05369265,-0.9753975,0.2408743,0.006818295,0.3472038,1.720717,-0.3387569,-1.021246,0.5796002,0.1737587,1.915,0.5603662,0.0133441,-0.8281375,0.2397058,0.9544668,0.1775787,0.7927994,-0.2980185,0.5316523,moving,68.42252,-19.3456,16.83914,5.184571,8.020893060227916,0.5982723841289701
05/11/2023 10:29:50.029981,837,True,True,True,True,Eyes,0.5257618,0.1172429,-2.029573,0.9234821,-0.1273902,0.3618739,0.0,0.0,0.0,0.0,0.0,0.0,0.0,-2.004387,0.105142,0.6176848,0.57523,0.1104585,-2.016697,0.1358516,0.4714797,-0.06611951,0.8688381,17.36237,57.09449,0.7929264,0.2173968,0.05392014,-0.9745924,0.2264218,0.006409198,0.3263716,1.732266,-0.3373752,-1.019641,0.5796001,0.1763591,1.915,0.5466702,0.01320824,-0.8372438,0.2429968,0.9543452,0.173718,0.8013141,-0.298414,0.5185025,moving,68.60187,-19.39356,16.83913,5.261729,8.044803347865013,0.5852897109548607
05/11/2023 10:29:50.039922,838,True,True,True,True,Eyes,0.5274177,0.1169244,-2.027604,0.924866,-0.126706,0.3585643,0.0,0.0,0.0,0.0,0.0,0.0,0.0,-2.012155,0.0906693,0.5753152,0.5809119,0.1081106,-2.009684,0.1347542,0.4791836,-0.06805356,0.8646348,17.35231,58.09574,0.6879966,0.2207072,0.05411438,-0.9738373,0.2128365,0.006024646,0.3067893,1.744094,-0.3356361,-1.017819,0.5796001,0.1790279,1.915,0.5315036,0.01146103,-0.8469785,0.2468269,0.9544201,0.167806,0.8102966,-0.2982466,0.5044488,moving,68.80903,-19.46189,16.83913,5.340898,8.07284828275721,0.5665379191417221
05/11/2023 10:29:50.059637,839,True,True,True,True,Eyes,0.5292329,0.1165823,-2.025414,0.9264718,-0.1260925,0.3546133,0.0,0.0,0.0,0.0,0.0,0.0,0.0,-2.017383,0.07535222,0.538493,0.5862104,0.1069403,-2.0026,0.1329459,0.4858353,-0.06946516,0.8610831,17.24464,58.95148,0.5728835,0.2237819,0.05427764,-0.9731262,0.2000663,0.005663167,0.2883819,1.756643,-0.3307193,-1.015038,0.5796001,0.1816625,1.915,0.5182774,0.009549075,-0.8551593,0.2488102,0.955,0.1614577,0.8182189,-0.2964522,0.4925789,moving,69.05532,-19.57424,16.83913,5.41903,8.107218072203345,0.5352083879471579
05/11/2023 10:29:50.079168,840,True,True,True,True,Eyes,0.531208,0.1161634,-2.023005,0.9282037,-0.1255278,0.3502581,0.0,0.0,0.0,0.0,0.0,0.0,0.0,-2.021187,0.0634267,0.5033413,0.5915197,0.105952,-1.995358,0.1321189,0.4919184,-0.07075363,0.857645,17.23144,59.75283,0.5171298,0.2266546,0.05441241,-0.9724536,0.1880624,0.005323377,0.271079,1.769418,-0.3241196,-1.012054,0.5796,0.1843938,1.915,0.5060204,0.008620389,-0.8624784,0.2513463,0.9550771,0.1570121,0.8250869,-0.2962321,0.4811218,moving,69.32597,-19.717,16.83913,5.500008,8.145624603187013,0.49517578594819334
05/11/2023 10:29:50.089857,841,True,True,True,True,Eyes,0.5333179,0.1157213,-2.02039,0.9300572,-0.1250992,0.3454619,0.0,0.0,0.0,0.0,0.0,0.0,0.0,-2.024703,0.05525872,0.4655101,0.5969954,0.1036978,-1.987968,0.1319486,0.4983073,-0.07170964,0.8538954,17.26596,60.61539,0.5422167,0.2293554,0.05451836,-0.9718142,0.1767786,0.005003974,0.2548143,1.783813,-0.3169195,-1.010258,0.5796001,0.187091,1.915,0.4930952,0.009036914,-0.8699284,0.253967,0.9548945,0.1538738,0.8320805,-0.2968075,0.4685588,moving,69.62291,-19.90642,16.83913,5.579957,8.188844783947957,0.4417310521460305
05/11/2023 10:29:50.109458,842,True,True,True,True,Eyes,0.5355589,0.115262,-2.01758,0.9319742,-0.1248062,0.3403638,0.0,0.0,0.0,0.0,0.0,0.0,0.0,-2.02672,0.0486989,0.4314123,0.6020301,0.1026632,-1.980682,0.1326949,0.5039086,-0.0727933,0.8503937,17.40044,61.38972,0.5960215,0.2319106,0.05459772,-0.9712031,0.1661719,0.004703735,0.2395254,1.798533,-0.3112808,-1.009438,0.5796,0.1896726,1.915,0.4815544,0.009926318,-0.87636,0.2575382,0.9541864,0.1523235,0.8377228,-0.2990482,0.4569362,moving,69.93745,-20.13722,16.83913,5.656453,8.235622467489947,0.3763617580918037
05/11/2023 10:29:50.130058,843,True,True,True,True,Eyes,0.5379195,0.1147634,-2.014566,0.9339857,-0.1246439,0.3348649,0.0,0.0,0.0,0.0,0.0,0.0,0.0,-2.028002,0.04137471,0.3984787,0.6071185,0.1017871,-1.973407,0.1336262,0.5092484,-0.07426524,0.8469326,17.57679,62.13151,0.6192157,0.2343433,0.05465276,-0.970616,0.1562016,0.004421511,0.2251539,1.813418,-0.3056597,-1.008954,0.5796003,0.1923666,1.915,0.4703014,0.01030257,-0.8824458,0.2618932,0.9532574,0.1507059,0.8427506,-0.3019837,0.4456202,moving,70.27556,-20.41635,16.83914,5.73626,8.28693035233912,0.2970809989009444
05/11/2023 10:29:50.139594,844,True,True,True,True,Eyes,0.5403771,0.1142572,-2.011373,0.9360153,-0.1245023,0.3292027,0.0,0.0,0.0,0.0,0.0,0.0,0.0,-2.028358,0.03356394,0.365346,0.6120322,0.1002911,-1.965757,0.1341258,0.514637,-0.075655,0.8434663,17.70588,62.8762,0.6271604,0.2366739,0.05468444,-0.9700485,0.1468295,0.004156221,0.2116446,1.828489,-0.3006232,-1.008945,0.5796003,0.1951983,1.915,0.4588503,0.01042727,-0.8884525,0.265677,0.9525732,0.1483915,0.8478633,-0.3041309,0.4343182,moving,70.62289,-20.71629,16.83914,5.820129,8.340073235332646,0.21180532425456455
05/11/2023 10:29:50.159794,845,True,True,True,True,Eyes,0.5429375,0.113712,-2.008012,0.9380791,-0.1242755,0.3233625,0.0,0.0,0.0,0.0,0.0,0.0,0.0,-2.027344,0.02768728,0.3385546,0.6165837,0.09962803,-1.95842,0.1341964,0.5188182,-0.07609614,0.8408498,17.7364,63.45638,0.67834,0.2389192,0.05469509,-0.9694973,0.1380197,0.003906847,0.198946,1.844685,-0.295788,-1.01022,0.5795999,0.1978548,1.915,0.4500741,0.01127623,-0.89292,0.2672179,0.9524013,0.1467179,0.8520727,-0.3046382,0.425638,moving,70.98057,-21.02289,16.83913,5.898778,8.394724484886634,0.12465005817651331
05/11/2023 10:29:50.179552,846,True,True,True,True,Eyes,0.5455941,0.1131734,-2.004495,0.940142,-0.123903,0.3174602,0.0,0.0,0.0,0.0,0.0,0.0,0.0,-2.025951,0.02305961,0.3127317,0.6213938,0.09814297,-1.951166,0.1337925,0.5227346,-0.07602528,0.8384917,17.68898,63.99657,0.7447125,0.241095,0.05468528,-0.9689591,0.1297385,0.003672437,0.1870092,1.85962,-0.2904392,-1.010418,0.5796001,0.2004511,1.915,0.4419373,0.0123828,-0.8969606,0.2673691,0.9526395,0.1448857,0.8562742,-0.3038499,0.4176961,moving,71.34158,-21.32043,16.83913,5.975627,8.44949106616449,0.04014350529292621
05/11/2023 10:29:50.199540,847,True,True,True,True,Eyes,0.5483651,0.1127441,-2.000829,0.9422272,-0.123338,0.3114413,0.0,0.0,0.0,0.0,0.0,0.0,0.0,-2.02396,0.01597309,0.2903671,0.6261835,0.09779464,-1.944046,0.1319486,0.526169,-0.07533126,0.8366965,17.46216,64.44673,0.7685832,0.2432148,0.05465765,-0.9684308,0.1219542,0.00345209,0.1757887,1.873088,-0.2802432,-1.007162,0.5796003,0.2031445,1.915,0.4349429,0.01279572,-0.9003671,0.2649133,0.9538296,0.141528,0.8606077,-0.3000758,0.4114717,moving,71.70934,-21.60472,16.83914,6.05533,8.504660344972383,-0.040479465644982504
05/11/2023 10:29:50.209849,848,True,True,True,True,Eyes,0.5512673,0.1123875,-1.997022,0.9443244,-0.1227567,0.3052576,0.0,0.0,0.0,0.0,0.0,0.0,0.0,-2.02155,0.003555775,0.2715329,0.6315553,0.09997846,-1.936892,0.1299043,0.5289891,-0.07553796,0.8352183,17.27237,64.79917,0.6753066,0.2452911,0.05461948,-0.9679092,0.114637,0.003244965,0.1652413,1.89031,-0.2793615,-1.011587,0.5796001,0.2058129,1.915,0.428929,0.01125453,-0.9032681,0.2636173,0.9548378,0.1370793,0.8640173,-0.2969143,0.4065908,moving,72.08632,-21.9071,16.83914,6.134268,8.561574794670982,-0.12630742440481857
05/11/2023 10:29:50.230620,849,True,True,True,True,Eyes,0.5542755,0.1120709,-1.993076,0.9465033,-0.1220618,0.2987182,0.0,0.0,0.0,0.0,0.0,0.0,0.0,-2.020055,-0.01420289,0.2451344,0.6373496,0.1012776,-1.929882,0.1276404,0.5334035,-0.07718856,0.8326048,17.15114,65.35986,0.4576711,0.2473373,0.05457552,-0.9673909,0.1077587,0.003050267,0.1553268,1.910433,-0.2661012,-1.01556,0.5796,0.2085357,1.915,0.4190455,0.007632575,-0.9079332,0.2647028,0.9554996,0.1302028,0.8685237,-0.2948933,0.3983774,moving,72.48421,-22.22584,16.83913,6.21479,8.621632514549713,-0.21677631911484152
05/11/2023 10:29:50.239261,850,True,True,True,True,Eyes,0.5573741,0.1118703,-1.989016,0.9486702,-0.1213058,0.2920782,0.0,0.0,0.0,0.0,0.0,0.0,0.0,-2.018274,-0.03144093,0.2145563,0.6425732,0.1017998,-1.922808,0.1250768,0.5387474,-0.07853801,0.8294207,16.98414,66.05135,0.2688455,0.2493623,0.05452854,-0.9668736,0.1012932,0.002867251,0.1460072,1.920841,-0.2495215,-1.009615,0.5796,0.2111567,1.915,0.4071661,0.004487521,-0.913343,0.2650518,0.9563752,0.1228583,0.8740499,-0.292107,0.3882141,moving,72.88736,-22.55407,16.83913,6.292279,8.682658431260954,-0.30997351514289573
05/11/2023 10:29:50.259460,851,True,True,True,True,Eyes,0.5606037,0.1117857,-1.984835,0.9509003,-0.1204959,0.285078,0.0,0.0,0.0,0.0,0.0,0.0,0.0,-2.015723,-0.04695138,0.1911362,0.6476143,0.1043227,-1.916139,0.1227641,0.5426865,-0.07931578,0.8271213,16.80819,66.55695,0.1219365,0.2513746,0.05448461,-0.9663549,0.09521562,0.002695216,0.1372468,1.93947,-0.2341741,-1.009984,0.5796,0.2138551,1.915,0.3984008,0.002037302,-0.9172092,0.2644523,0.9572759,0.1169943,0.8782607,-0.2891687,0.3808407,moving,73.31138,-22.91267,16.83913,6.37203,8.7472853151498,-0.41188056616034086
05/11/2023 10:29:50.279958,852,True,True,True,True,Eyes,0.5639512,0.111769,-1.980531,0.9531482,-0.1196428,0.2778383,0.0,0.0,0.0,0.0,0.0,0.0,0.0,-2.013004,-0.06591177,0.1650048,0.653721,0.1069049,-1.909181,0.1202539,0.5470388,-0.08086001,0.8244693,16.66398,67.11341,359.8944,0.2533833,0.05444921,-0.9658322,0.08950268,0.002533503,0.129012,1.960461,-0.2182439,-1.015415,0.5796002,0.2164871,1.915,0.3884206,-0.001766131,-0.9214806,0.2649002,0.9580014,0.1098241,0.8825856,-0.2867583,0.3725753,moving,73.74884,-23.29768,16.83913,6.449795,8.814457463218076,-0.5213866045928377
05/11/2023 10:29:50.299201,853,True,True,True,True,Eyes,0.5673899,0.1118097,-1.976119,0.9554458,-0.1187535,0.2702239,0.0,0.0,0.0,0.0,0.0,0.0,0.0,-2.010017,-0.08426772,0.132887,0.6595632,0.1084368,-1.902142,0.117544,0.5526065,-0.08217116,0.8210099,16.48871,67.8441,359.7003,0.255396,0.054425,-0.9653032,0.08413252,0.002381493,0.1212713,1.980075,-0.2092851,-1.022107,0.5796,0.2191747,1.915,0.3757479,-0.005015484,-0.9267084,0.2648379,0.9588626,0.102193,0.8880735,-0.2838263,0.3616189,moving,74.20777,-23.72372,16.83913,6.529179,8.885657313162842,-0.6426951538876544
05/11/2023 10:29:50.309610,854,True,True,True,True,Eyes,0.5709237,0.1118981,-1.971618,0.9577039,-0.117772,0.2625508,0.0,0.0,0.0,0.0,0.0,0.0,0.0,-2.006683,-0.09297761,0.1035986,0.6649173,0.1098802,-1.895248,0.1161853,0.5573967,-0.08175261,0.8180015,16.33284,68.50584,359.7477,0.2574176,0.05441387,-0.9647667,0.07908457,0.002238603,0.113995,2.001449,-0.2045681,-1.032111,0.5796002,0.2218711,1.915,0.365251,-0.004224887,-0.9308994,0.2632701,0.959635,0.09894228,0.8929056,-0.2812168,0.3516199,moving,74.66925,-24.1595,16.83914,6.608799,8.957496261211737,-0.7668188964186067
05/11/2023 10:29:50.330685,855,True,True,True,True,Eyes,0.5745708,0.1120296,-1.967051,0.960035,-0.1168779,0.2543075,0.0,0.0,0.0,0.0,0.0,0.0,0.0,-2.003728,-0.09258278,0.07712924,0.6705249,0.111257,-1.888773,0.1163226,0.5613126,-0.07981677,0.8154917,16.21989,69.08365,0.0242751,0.2594542,0.05441698,-0.9642209,0.07433949,0.002104287,0.1071553,2.020687,-0.2005747,-1.041458,0.5795997,0.224479,1.915,0.357115,0.000406829,-0.9340604,0.2607664,0.9601967,0.1001159,0.8969225,-0.2793245,0.3427946,moving,75.16345,-24.68317,16.83913,6.685781,9.036310908352803,-0.9162946618210706
05/11/2023 10:29:50.339696,856,True,True,True,True,Eyes,0.5783263,0.1121599,-1.962438,0.9623162,-0.1159151,0.2459907,0.0,0.0,0.0,0.0,0.0,0.0,0.0,-2.001113,-0.08972742,0.0505439,0.6766909,0.1125968,-1.882676,0.1169972,0.5650905,-0.07752189,0.8130035,16.13204,69.65585,0.3684146,0.2615102,0.0544351,-0.9636642,0.06987912,0.001978029,0.100726,2.038526,-0.195716,-1.048821,0.5795994,0.2272055,1.915,0.3493262,0.006176804,-0.9369808,0.2582791,0.9606041,0.1026244,0.9007015,-0.277852,0.3339688,moving,75.66091,-25.23063,16.83912,6.766238,9.116317035489413,-1.0726622017619878
05/11/2023 10:29:50.359792,857,True,True,True,True,Eyes,0.5822018,0.1122964,-1.95778,0.9646514,-0.1150818,0.2370735,0.0,0.0,0.0,0.0,0.0,0.0,0.0,-1.998482,-0.0901501,0.02223575,0.6828115,0.1128196,-1.877123,0.1170833,0.5693266,-0.07608908,0.8101662,16.04266,70.27783,0.5978355,0.2635902,0.05446674,-0.9630956,0.06568637,0.001859348,0.0946824,2.05784,-0.1897134,-1.058561,0.5795999,0.229932,1.915,0.3401555,0.01002765,-0.9403158,0.2566068,0.9610039,0.1030748,0.9046808,-0.2763529,0.3243176,moving,76.19258,-25.89318,16.83913,6.846664,9.204382617212435,-1.2622731849951485
05/11/2023 10:29:50.379439,858,True,True,True,True,Eyes,0.5861918,0.1124813,-1.953086,0.9669122,-0.1141658,0.228138,0.0,0.0,0.0,0.0,0.0,0.0,0.0,-1.995164,-0.09744313,-0.006005645,0.6893169,0.1131572,-1.871429,0.1150528,0.5737187,-0.07522279,0.807435,15.78979,70.87804,0.6276428,0.2656978,0.0545109,-0.9625137,0.06174519,0.001747787,0.08900146,2.076322,-0.1806192,-1.066641,0.5795996,0.2325338,1.915,0.3303768,0.01054085,-0.9437902,0.2534909,0.9622088,0.09948184,0.9091718,-0.2721087,0.3152195,moving,76.72416,-26.5845,16.83912,6.923393,9.293387116622522,-1.4602398699593593
05/11/2023 10:29:50.389478,859,True,True,True,True,Eyes,0.5861918,0.1124813,-1.953086,0.9669122,-0.1141658,0.228138,0.0,0.0,0.0,0.0,0.0,0.0,0.0,-1.991514,-0.1103975,-0.03070092,0.6958166,0.1144556,-1.866011,0.1124845,0.5775815,-0.07560559,0.8050036,15.57132,71.38486,0.4884718,0.2678371,0.05456872,-0.9619173,0.05804048,0.00164292,0.08366138,2.094468,-0.1687384,-1.073997,0.5796002,0.2351829,1.915,0.321367,0.008212432,-0.9469193,0.2516635,0.9632621,0.09376416,0.9129014,-0.2684377,0.3074938,moving,76.72416,-26.5845,16.83913,7.001488,9.293387116622522,-1.4602398699593593
05/11/2023 10:29:50.409743,860,True,True,True,True,Eyes,0.5861918,0.1124813,-1.953086,0.9669122,-0.1141658,0.228138,0.0,0.0,0.0,0.0,0.0,0.0,0.0,-1.987059,-0.1265926,-0.05910015,0.7031214,0.1146196,-1.860216,0.10967,0.5820489,-0.07699525,0.8020371,15.39956,71.97121,0.2472553,0.2697615,0.05462052,-0.9613765,0.0,0.0,0.0,2.112052,-0.1553744,-1.079571,0.5796,0.2379326,1.915001,0.3105817,0.004160471,-0.9505377,0.2511726,0.9640885,0.08628874,0.9167614,-0.2655487,0.2983832,moving,76.72416,-26.5845,16.83913,7.082518,9.293387116622522,-1.4602398699593593
05/11/2023 10:29:50.429521,861,True,True,True,True,Eyes,0.5908738,0.1126689,-1.947901,0.9693042,-0.1135687,0.2180634,0.0,0.0,0.0,0.0,0.0,0.0,0.0,-1.9825,-0.1357648,-0.08669496,0.7096308,0.1140123,-1.854638,0.1084834,0.5862709,-0.07769819,0.79905,15.33556,72.55999,0.1801231,0.2714923,0.05466696,-0.9608865,0.0,0.0,0.0,2.128998,-0.1486116,-1.086759,0.5795999,0.240439,1.915,0.3004988,0.0030318,-0.9537775,0.2513707,0.9643887,0.08226287,0.9200616,-0.2644716,0.2890356,moving,77.3213,-27.51077,16.83913,7.156359,9.398312025455798,-1.726093798151819
05/11/2023 10:29:50.445279,862,True,True,True,True,Eyes,0.5956651,0.1128866,-1.942729,0.9715598,-0.113105,0.2080356,0.0,0.0,0.0,0.0,0.0,0.0,0.0,-1.978643,-0.1401871,-0.1090374,0.7163357,0.1145753,-1.849407,0.1094299,0.5892747,-0.07823894,0.7966549,15.45992,73.01443,0.2561997,0.2733306,0.05472776,-0.9603617,0.0,0.0,0.0,2.14564,-0.1455207,-1.094893,0.5795999,0.2432197,1.915,0.2932679,0.004309724,-0.9560205,0.2536274,0.9638075,0.08214731,0.9217738,-0.2665642,0.2815607,moving,77.91402,-28.53208,16.83913,7.238249,9.505825379597574,-2.019572031312986
05/11/2023 10:29:50.459677,863,True,True,True,True,Eyes,0.6005855,0.1131243,-1.937571,0.9737196,-0.1130098,0.1977342,0.0,0.0,0.0,0.0,0.0,0.0,0.0,-1.975087,-0.1446912,-0.1328306,0.7235415,0.1156006,-1.844633,0.1111021,0.5924966,-0.07903326,0.7939509,15.66862,73.5157,0.3664582,0.2752717,0.05480288,-0.9598029,0.0,0.0,0.0,2.160213,-0.1467451,-1.10195,0.5795999,0.245929,1.915,0.2854032,0.006158182,-0.9583878,0.2571523,0.9628202,0.08276535,0.9232647,-0.2700731,0.2732083,moving,78.52098,-29.749,16.83913,7.318011,9.621571369656426,-2.3697831793908373
05/11/2023 10:29:50.479410,864,True,True,True,True,Eyes,0.6056088,0.1133835,-1.932436,0.975754,-0.1130235,0.1874296,0.0,0.0,0.0,0.0,0.0,0.0,0.0,-1.971043,-0.1508403,-0.1605924,0.7312845,0.1163679,-1.839901,0.1126666,0.5964512,-0.08010046,0.7906554,15.88533,74.12433,0.4608748,0.2773114,0.05489176,-0.9592105,0.0,0.0,0.0,2.175076,-0.1509234,-1.109929,0.5795999,0.2486144,1.915,0.2756597,0.007736512,-0.961224,0.261064,0.9617803,0.08260886,0.9251254,-0.2737129,0.2631044,moving,79.12667,-31.09074,16.83913,7.397038,9.741281409752968,-2.7562505702240765
05/11/2023 10:29:50.489429,865,True,True,True,True,Eyes,0.6107475,0.1136311,-1.927331,0.9776805,-0.1132888,0.1769363,0.0,0.0,0.0,0.0,0.0,0.0,0.0,-1.966803,-0.1570473,-0.1870412,0.7385156,0.1171663,-1.835437,0.1140128,0.6002643,-0.08107854,0.7874708,16.0753,74.71159,0.5474843,0.2794446,0.05499393,-0.9585853,0.0,0.0,0.0,2.190586,-0.1587274,-1.121624,0.5795999,0.2512336,1.915,0.266218,0.009181635,-0.9638692,0.2645696,0.9608547,0.08222634,0.9268932,-0.2769006,0.2533677,moving,79.74189,-32.63062,16.83913,7.474091,9.868721312999451,-3.2002104579670094
05/11/2023 10:29:50.510160,866,True,True,True,True,Eyes,0.6159945,0.1138789,-1.922253,0.9794835,-0.1136452,0.1664238,0.0,0.0,0.0,0.0,0.0,0.0,0.0,-1.962322,-0.163526,-0.2146485,0.746139,0.1171739,-1.831139,0.1151611,0.6042304,-0.08215143,0.7841523,16.25331,75.3203,0.6164691,0.2816675,0.05510734,-0.9579279,0.0,0.0,0.0,2.206659,-0.1687458,-1.135092,0.5796,0.2539696,1.915,0.2563136,0.01032919,-0.9665385,0.2680061,0.9599781,0.08133089,0.928696,-0.2798844,0.2432871,moving,80.35699,-34.32785,16.83913,7.554549,10.001342718595104,-3.6898677111753644
05/11/2023 10:29:50.531535,867,True,True,True,True,Eyes,0.6213396,0.1140947,-1.91721,0.9811732,-0.1141193,0.1558077,0.0,0.0,0.0,0.0,0.0,0.0,0.0,-1.957322,-0.1715064,-0.2422787,0.753704,0.1174296,-1.826846,0.1160528,0.6082657,-0.08340549,0.7807612,16.42049,75.9363,0.653622,0.2839765,0.05523073,-0.9572389,0.0,0.0,0.0,2.223174,-0.1799389,-1.150833,0.5795997,0.256605,1.915,0.246113,0.01094231,-0.9691793,0.2714214,0.9591505,0.07975368,0.9304616,-0.2826844,0.2330894,moving,80.97692,-36.22042,16.83912,7.632024,10.14101643763816,-4.236229080897805
05/11/2023 10:29:50.539679,868,True,True,True,True,Eyes,0.6267782,0.1142726,-1.912207,0.9827304,-0.1146735,0.1452271,0.0,0.0,0.0,0.0,0.0,0.0,0.0,-1.952213,-0.1781546,-0.2689855,0.7611225,0.1169098,-1.822705,0.1171112,0.6120884,-0.08460972,0.7774792,16.59952,76.52773,0.7055258,0.2863675,0.05536138,-0.9565187,0.0,0.0,0.0,2.239447,-0.190189,-1.167443,0.5796,0.2594084,1.915,0.236378,0.01180027,-0.9715895,0.2749294,0.9582524,0.07852584,0.9319544,-0.2856804,0.2232655,moving,81.59371,-38.29515,16.83913,7.714403,10.286315057148833,-4.835508924323972
05/11/2023 10:29:50.559198,869,True,True,True,True,Eyes,0.6323078,0.1144213,-1.907248,0.9841645,-0.115282,0.1346488,0.0,0.0,0.0,0.0,0.0,0.0,0.0,-1.94721,-0.1840929,-0.2941271,0.7685575,0.1161887,-1.818749,0.1181767,0.6155798,-0.08570769,0.7744352,16.77178,77.07311,0.7626588,0.2888367,0.05549647,-0.9557682,0.0,0.0,0.0,2.256275,-0.1970784,-1.184905,0.5796,0.2618775,1.915,0.2274312,0.0127443,-0.9737108,0.2782445,0.9573769,0.07752056,0.9331962,-0.2885603,0.2141914,moving,82.20943,-40.5691,16.83913,7.786934,10.438059663323529,-5.492650800115626
05/11/2023 10:29:50.579737,870,True,True,True,True,Eyes,0.6379413,0.1145299,-1.902342,0.9854637,-0.1159326,0.1241808,0.0,0.0,0.0,0.0,0.0,0.0,0.0,-1.942575,-0.1892543,-0.3165232,0.7760516,0.1156778,-1.814928,0.119199,0.6185085,-0.08658707,0.7718431,16.92476,77.53602,0.8257836,0.2913802,0.05563389,-0.9549878,0.0,0.0,0.0,2.273916,-0.1965992,-1.202137,0.5796,0.2645302,1.915,0.2199001,0.01378794,-0.9754251,0.2811144,0.9565886,0.07689621,0.9341406,-0.2911155,0.2064779,moving,82.81787,-43.0326,16.83913,7.86483,10.595157853932896,-6.204879141136927
05/11/2023 10:29:50.589486,871,True,True,True,True,Eyes,0.6436691,0.1145829,-1.897501,0.9866454,-0.1164706,0.1138662,0.0,0.0,0.0,0.0,0.0,0.0,0.0,-1.938262,-0.193193,-0.3385893,0.7839814,0.1148549,-1.811355,0.1202501,0.6212564,-0.08719779,0.7694004,17.06074,77.97558,0.9129568,0.2939949,0.05577118,-0.9541781,0.0,0.0,0.0,2.292298,-0.1900975,-1.219617,0.5796001,0.2672464,1.915,0.2128742,0.01523225,-0.9769609,0.2835923,0.955873,0.07669661,0.9350187,-0.2933853,0.1991609,moving,83.41676,-45.6478,16.83913,7.944559,10.756077061693876,-6.9612137242766545
05/11/2023 10:29:50.609264,872,True,True,True,True,Eyes,0.6494919,0.1145749,-1.892732,0.9877024,-0.1170205,0.1036834,0.0,0.0,0.0,0.0,0.0,0.0,0.0,-1.934355,-0.1948581,-0.3597711,0.7917847,0.1135935,-1.808122,0.1214855,0.6237872,-0.0874109,0.7671312,17.18406,78.39022,1.046639,0.2966779,0.0559053,-0.9533395,0.0,0.0,0.0,2.310572,-0.1805085,-1.236141,0.5795999,0.2699931,1.915,0.2064977,0.0174509,-0.9782916,0.2856734,0.9552012,0.07733898,0.9358149,-0.2954422,0.1922617,moving,84.00737,-48.45818,16.83913,8.025156,10.922411297888118,-7.774275079108057
05/11/2023 10:29:50.629626,873,True,True,True,True,Eyes,0.6554177,0.1145445,-1.888031,0.9887799,-0.1152684,0.09501313,0.0,0.0,0.0,0.0,0.0,0.0,0.0,-1.930606,-0.1958906,-0.3808479,0.7997086,0.1121467,-1.805145,0.1226676,0.6262621,-0.08745228,0.7649187,17.28936,78.79762,1.191605,0.2994256,0.0560332,-0.9524725,0.0,0.0,0.0,2.328521,-0.1696945,-1.252144,0.5795996,0.2726217,1.915,0.2002957,0.01985629,-0.9795343,0.2874319,0.9546096,0.07812527,0.9366241,-0.2971975,0.1854968,moving,84.51123,-50.50201,16.83912,8.102255,11.052631339000431,-8.365176527388574
05/11/2023 10:29:50.644767,874,True,True,True,True,Eyes,0.6614631,0.1144948,-1.883406,0.9897609,-0.113587,0.08643777,0.0,0.0,0.0,0.0,0.0,0.0,0.0,-1.926919,-0.1985697,-0.4013202,0.8080161,0.1112542,-1.802287,0.1234931,0.6286211,-0.08761322,0.7628295,17.3711,79.17953,1.296412,0.3022359,0.05615406,-0.9515774,0.0,0.0,0.0,2.345778,-0.1627168,-1.267969,0.5796,0.2762129,1.915,0.194319,0.02159281,-0.9807006,0.2889286,0.9541467,0.07825731,0.9374221,-0.2985593,0.1791701,moving,85.00891,-52.72949,16.83913,8.207539,11.18814705239356,-9.009445195259858
05/11/2023 10:29:50.660750,875,True,True,True,True,Eyes,0.6676246,0.1144087,-1.878865,0.9906355,-0.1120641,0.07799317,0.0,0.0,0.0,0.0,0.0,0.0,0.0,-1.923199,-0.203067,-0.4215858,0.8167734,0.1107969,-1.79952,0.123643,0.630943,-0.08780267,0.7608641,17.39443,79.54,1.345747,0.3051071,0.05626724,-0.950654,0.0,0.0,0.0,2.361918,-0.1590278,-1.284091,0.5796,0.2781242,1.915,0.1884034,0.02241153,-0.981836,0.2896351,0.9540062,0.07735405,0.9384113,-0.298948,0.1732468,moving,85.49836,-55.16327,16.83913,8.263548,11.329451253429006,-9.713669781232955
05/11/2023 10:29:50.679543,876,True,True,True,True,Eyes,0.6738848,0.1142638,-1.874411,0.9914174,-0.1106456,0.06963518,0.0,0.0,0.0,0.0,0.0,0.0,0.0,-1.919305,-0.2099648,-0.4418808,0.8255019,0.1098063,-1.797099,0.1236487,0.6333383,-0.08873754,0.7587616,17.4601,79.90609,1.319202,0.3080372,0.05637129,-0.9497024,0.0,0.0,0.0,2.37761,-0.1577273,-1.299919,0.5796,0.2805192,1.915,0.1820165,0.02196167,-0.9830501,0.2912842,0.9536733,0.07523803,0.939161,-0.3000416,0.1671872,moving,85.98226,-57.81561,16.83913,8.333713,11.47728244559628,-10.48139663784794
05/11/2023 10:29:50.689481,877,True,True,True,True,Eyes,0.6802422,0.1140792,-1.870049,0.9921044,-0.1093553,0.0614014,0.0,0.0,0.0,0.0,0.0,0.0,0.0,-1.91537,-0.2170725,-0.4611251,0.8339617,0.108214,-1.794769,0.1233765,0.6355755,-0.0898128,0.7568064,17.51226,80.24124,1.255083,0.3110237,0.05646377,-0.948723,0.0,0.0,0.0,2.392379,-0.1578672,-1.314851,0.5796003,0.2831813,1.915,0.1759551,0.02088841,-0.9841767,0.292772,0.9534238,0.07257868,0.9398535,-0.3009099,0.1616442,moving,86.45848,-60.68643,16.83914,8.411673,11.63137283342735,-11.312613762207164
05/11/2023 10:29:50.709695,878,True,True,True,True,Eyes,0.6867122,0.1138657,-1.865782,0.9927034,-0.1081689,0.05328561,0.0,0.0,0.0,0.0,0.0,0.0,0.0,-1.912049,-0.2235833,-0.4786569,0.8424817,0.1070455,-1.792707,0.1238337,0.6374431,-0.09101786,0.755015,17.63968,80.53804,1.22865,0.3140644,0.05654345,-0.9477161,0.0,0.0,0.0,2.407279,-0.1596934,-1.330781,0.5795999,0.2858193,1.915,0.1707642,0.02043415,-0.9851001,0.2953135,0.9527619,0.07095513,0.9400158,-0.3030299,0.1566631,moving,86.92747,-63.77447,16.83912,8.488894,11.79173682411091,-12.20695285935911
05/11/2023 10:29:50.729889,879,True,True,True,True,Eyes,0.6932892,0.1136369,-1.86161,0.9932379,-0.1069051,0.04527488,0.0,0.0,0.0,0.0,0.0,0.0,0.0,-1.908928,-0.228671,-0.4967519,0.8515118,0.1061397,-1.790732,0.1243143,0.6392974,-0.09171036,0.7532822,17.73096,80.83636,1.250086,0.3171572,0.0566097,-0.9466817,0.0,0.0,0.0,2.422503,-0.161888,-1.348726,0.5795999,0.288534,1.915,0.1657759,0.02078004,-0.9859446,0.2971152,0.9522703,0.07002708,0.9403411,-0.3045479,0.1516894,moving,87.39008,-67.04708,16.83913,8.568334,11.957401972781526,-13.154927411992563
05/11/2023 10:29:50.739733,880,True,True,True,True,Eyes,0.6999785,0.1133905,-1.857533,0.993707,-0.1055841,0.03739493,0.0,0.0,0.0,0.0,0.0,0.0,0.0,-1.905867,-0.2330141,-0.5150158,0.8605248,0.1055352,-1.788917,0.1241194,0.6412091,-0.09179426,0.7516776,17.71691,81.12934,1.273664,0.3203005,0.05666262,-0.9456196,0.0,0.0,0.0,2.438128,-0.1636469,-1.368395,0.5796003,0.2912281,1.915,0.1608495,0.02117355,-0.986752,0.2971724,0.9523363,0.06887693,0.9411781,-0.3043142,0.1468907,moving,87.84488,-70.49728,16.83914,8.647134,12.127959753009101,-14.15451786597037
05/11/2023 10:29:50.759877,881,True,True,True,True,Eyes,0.7067894,0.1131378,-1.853554,0.9941243,-0.1041036,0.02965096,0.0,0.0,0.0,0.0,0.0,0.0,0.0,-1.902987,-0.2351116,-0.5336778,0.8697903,0.1049019,-1.787151,0.123269,0.6431133,-0.09095921,0.750291,17.57593,81.40818,1.325965,0.3234925,0.05670221,-0.9445301,0.0,0.0,0.0,2.453005,-0.1648959,-1.387651,0.5796001,0.294012,1.915,0.1562635,0.02206015,-0.9874691,0.2950436,0.9530623,0.06798112,0.9426193,-0.3019694,0.1424201,moving,88.29159,-74.1019,16.83913,8.728524,12.302610126043515,-15.198996791957779
05/11/2023 10:29:50.779442,882,True,True,True,True,Eyes,0.713723,0.112864,-1.849679,0.9944836,-0.1025415,0.02208344,0.0,0.0,0.0,0.0,0.0,0.0,0.0,-1.900954,-0.2356254,-0.550862,0.8794243,0.1045376,-1.785576,0.1220465,0.6446372,-0.08952872,0.7493545,17.35789,81.62034,1.391258,0.3267322,0.056729,-0.9434126,0.0,0.0,0.0,2.468376,-0.1664037,-1.408815,0.5796,0.296618,1.915,0.152855,0.02317396,-0.987977,0.291529,0.9541785,0.06748517,0.9442703,-0.2983393,0.139095,moving,88.7279,-77.84636,16.83913,8.804686,12.480584030558294,-16.284142124811865
05/11/2023 10:29:50.799961,883,True,True,True,True,Eyes,0.7207875,0.1125533,-1.84591,0.9947971,-0.1008155,0.01466144,0.0,0.0,0.0,0.0,0.0,0.0,0.0,-1.899152,-0.2359816,-0.5677951,0.8892254,0.103803,-1.784197,0.1210291,0.646059,-0.08827651,0.7484432,17.17136,81.82131,1.454038,0.3300185,0.05674272,-0.9422672,0.0,0.0,0.0,2.484247,-0.166419,-1.432018,0.5796001,0.2992649,1.915,0.1496302,0.02424396,-0.9884449,0.2885238,0.9551184,0.06710315,0.9457088,-0.2952304,0.1359196,moving,89.15563,-81.72558,16.83913,8.882007,12.661940264023304,-17.40846896269516
05/11/2023 10:29:50.811219,884,True,True,True,True,Eyes,0.7279746,0.1122298,-1.842254,0.9950582,-0.09901479,0.007443416,0.0,0.0,0.0,0.0,0.0,0.0,0.0,-1.897362,-0.234816,-0.585976,0.8993359,0.1026632,-1.783016,0.1200924,0.6476153,-0.08672024,0.7474301,16.9684,82.04658,1.552457,0.3333506,0.05674228,-0.9410936,0.0,0.0,0.0,2.499959,-0.165226,-1.456584,0.5795999,0.3019064,1.915,0.1461481,0.02591275,-0.9889233,0.285182,0.9561148,0.06719867,0.9472655,-0.2918441,0.1323444,moving,89.57142,-85.70089,16.83913,8.959138,12.844983490005344,-18.560764689492782
05/11/2023 10:29:50.832764,885,True,True,True,True,Eyes,0.7353052,0.1118963,-1.838719,0.9952667,-0.09718104,0.0003003597,0.0,0.0,0.0,0.0,0.0,0.0,0.0,-1.896577,-0.2331885,-0.601599,0.9094167,0.1021005,-1.782088,0.1194735,0.6486741,-0.08515079,0.7467914,16.79294,82.20193,1.665143,0.3367268,0.05672794,-0.9398917,0.0,0.0,0.0,2.515891,-0.1656009,-1.483447,0.5795999,0.3046749,1.915,0.1439425,0.02781899,-0.989195,0.2821785,0.9569508,0.06797335,0.9485019,-0.2889138,0.129896,moving,89.98271,-89.82291,16.83913,9.039944,13.032311590051375,-19.755690863945787
05/11/2023 10:29:50.849425,886,True,True,True,True,Eyes,0.742771,0.1115347,-1.835302,0.995424,-0.09531981,-0.006731153,0.0,0.0,0.0,0.0,0.0,0.0,0.0,-1.895698,-0.2348102,-0.6179036,0.9201248,0.101554,-1.781479,0.1183679,0.6498526,-0.08421892,0.7460481,16.62318,82.36186,1.685299,0.3401467,0.05670001,-0.9386611,0.0,0.0,0.0,2.529972,-0.1616844,-1.505334,0.5796002,0.3073786,1.915,0.1411975,0.02818064,-0.9895803,0.2795061,0.9577925,0.06715653,0.949705,-0.2860761,0.1273612,moving,-89.61256,85.96068,16.83914,9.118824,-15.129847519269706,30.347522217965224
05/11/2023 10:29:50.861114,887,True,True,True,True,Eyes,0.750373,0.1111282,-1.832004,0.9955263,-0.09347394,-0.01378298,0.0,0.0,0.0,0.0,0.0,0.0,0.0,-1.893612,-0.2382017,-0.6367959,0.9307216,0.1005189,-1.780918,0.1170707,0.6515979,-0.08373204,0.7447842,16.46945,82.60493,1.66368,0.3436094,0.05665787,-0.9374016,0.0,0.0,0.0,2.542785,-0.1601971,-1.525217,0.5795997,0.3100682,1.915,0.1368184,0.02784142,-0.9902048,0.2772907,0.9585668,0.06526562,0.9509945,-0.2835041,0.1234294,moving,-89.20679,81.61203,16.83913,9.197258,-14.93572218400002,29.086750285453746
05/11/2023 10:29:50.879538,888,True,True,True,True,Eyes,0.7580835,0.1106673,-1.828827,0.9955786,-0.09160908,-0.02075753,0.0,0.0,0.0,0.0,0.0,0.0,0.0,-1.891117,-0.2409239,-0.6573289,0.9414414,0.09896719,-1.780546,0.1161365,0.6535997,-0.08329998,0.7432233,16.35097,82.89777,1.671695,0.3471141,0.05660013,-0.9361129,0.0,0.0,0.0,2.555648,-0.1608357,-1.546769,0.5796002,0.3127205,1.915,0.1317372,0.02799256,-0.9908893,0.2756345,0.9591469,0.06374101,0.9521927,-0.2815203,0.1186396,moving,-88.80557,77.23304,16.83914,9.274568,-14.741161286245337,27.81714318531311
05/11/2023 10:29:50.889236,889,True,True,True,True,Eyes,0.7659143,0.1101669,-1.825778,0.9955769,-0.08977179,-0.02770853,0.0,0.0,0.0,0.0,0.0,0.0,0.0,-1.888606,-0.2414377,-0.6778945,0.9516216,0.09724289,-1.780344,0.1155624,0.6556416,-0.08250636,0.7416011,16.23584,83.20739,1.740499,0.3506586,0.05652507,-0.9347956,0.0,0.0,0.0,2.566624,-0.1632452,-1.565534,0.5796006,0.3154687,1.915001,0.1266537,0.02916145,-0.9915183,0.2739087,0.959676,0.06321329,0.9533798,-0.2795916,0.113559,moving,-88.40578,72.84689,16.83914,9.354633,-14.546541945300703,26.545449177273237
05/11/2023 10:29:50.909546,890,True,True,True,True,Eyes,0.7738705,0.109676,-1.822848,0.9955271,-0.08790325,-0.034622,0.0,0.0,0.0,0.0,0.0,0.0,0.0,-1.88623,-0.2423832,-0.6986148,0.9622138,0.09593071,-1.780342,0.1150618,0.6576569,-0.08174184,0.7399774,16.12909,83.51506,1.811561,0.354241,0.05643188,-0.9334496,0.0,0.0,0.0,2.576871,-0.1673425,-1.583575,0.5795995,0.3180651,1.915,0.1216114,0.03036812,-0.9921132,0.2723166,0.9601581,0.06277005,0.9544918,-0.2778024,0.1084964,moving,-88.00819,68.50227,16.83912,9.430251,-14.353567988664892,25.28580448703634
05/11/2023 10:29:50.929522,891,True,True,True,True,Eyes,0.7819522,0.1093055,-1.820035,0.9954268,-0.08606656,-0.04145049,0.0,0.0,0.0,0.0,0.0,0.0,0.0,-1.883071,-0.2432447,-0.7214017,0.9730196,0.09573741,-1.780341,0.1147331,0.6600601,-0.08065448,0.7380054,16.01094,83.88969,1.932538,0.3578598,0.05632231,-0.9320748,0.0,0.0,0.0,2.586825,-0.1706483,-1.601404,0.5795997,0.3206344,1.915001,0.1156311,0.03241461,-0.9927633,0.2705084,0.9606623,0.06287368,0.9557483,-0.2758209,0.102314,moving,-87.61553,64.28408,16.83912,9.505042,-14.165383060155687,24.06285091797128
05/11/2023 10:29:50.939432,892,True,True,True,True,Eyes,0.7901438,0.1089228,-1.817346,0.9952785,-0.0842181,-0.04824831,0.0,0.0,0.0,0.0,0.0,0.0,0.0,-1.881337,-0.2461171,-0.7399592,0.9840049,0.09832406,-1.78034,0.1142837,0.6617293,-0.07949431,0.7367051,15.87825,84.14571,2.033025,0.361514,0.05620351,-0.9306708,0.0,0.0,0.0,2.595557,-0.1693094,-1.613426,0.5796001,0.3232976,1.915001,0.11159,0.03412198,-0.9931684,0.2683774,0.9612398,0.06317929,0.9568288,-0.2735941,0.09810724,moving,-87.22464,60.19173,16.83913,9.582535,-13.981574301932245,22.87643378634821
05/11/2023 10:29:50.959393,893,True,True,True,True,Eyes,0.7984549,0.1085733,-1.81477,0.9950927,-0.08227879,-0.05495857,0.0,0.0,0.0,0.0,0.0,0.0,0.0,-1.878102,-0.2467119,-0.7626824,0.9946719,0.09771575,-1.780702,0.1141772,0.66412,-0.0785642,0.7346671,15.79026,84.52468,2.157007,0.3652011,0.05607529,-0.9292379,0.0,0.0,0.0,2.604472,-0.1659783,-1.623921,0.5795999,0.3260144,1.915,0.1055446,0.03621767,-0.9937547,0.2670919,0.9615825,0.06341238,0.9578738,-0.2721167,0.09181637,moving,-86.83878,56.25884,16.83913,9.661548,-13.803657827042802,21.73629964194022
05/11/2023 10:29:50.979873,894,True,True,True,True,Eyes,0.8068575,0.1084221,-1.812326,0.994884,-0.0802463,-0.06137029,0.0,0.0,0.0,0.0,0.0,0.0,0.0,-1.875919,-0.2451404,-0.7832631,1.005742,0.09822787,-1.780871,0.1120747,0.6660357,-0.07619489,0.7335054,15.42114,84.78197,2.230161,0.3689199,0.05593972,-0.9277761,0.0,0.0,0.0,2.613408,-0.1559455,-1.631415,0.5796001,0.3286631,1.915001,0.1011816,0.03751284,-0.9941606,0.2610703,0.9632672,0.06291784,0.9600024,-0.2659119,0.08767144,moving,-86.47013,52.59218,16.83913,9.738545,-13.636675915256156,20.673391830359094
05/11/2023 10:29:50.989888,895,True,True,True,True,Eyes,0.8154258,0.1083086,-1.809995,0.9946312,-0.07821327,-0.06776021,0.0,0.0,0.0,0.0,0.0,0.0,0.0,-1.87826,-0.2509045,-0.7916616,1.016371,0.1028161,-1.781562,0.1097984,0.6659514,-0.07510183,0.7340388,15.14252,84.71533,2.136476,0.3726672,0.05580698,-0.9262852,0.0,0.0,0.0,2.622099,-0.1457251,-1.636387,0.5796,0.3313277,1.915,0.1017371,0.0359855,-0.9941604,0.2564961,0.9646081,0.06116428,0.961176,-0.2612209,0.08890625,moving,-86.10269,49.09592,16.83913,9.815972,-13.475472043812559,19.659964282070217
05/11/2023 10:29:51.009407,896,True,True,True,True,Eyes,0.8240826,0.1082419,-1.807765,0.9943479,-0.07603224,-0.07410312,0.0,0.0,0.0,0.0,0.0,0.0,0.0,-1.873784,-0.259066,-0.8163126,1.02874,0.1035463,-1.781998,0.106304,0.6686738,-0.07459597,0.7321272,14.79829,85.06634,1.952327,0.3764437,0.05567812,-0.9247647,0.0,0.0,0.0,2.631919,-0.1396777,-1.649712,0.5795999,0.3342142,1.915,0.09462165,0.03293793,-0.9949684,0.2513929,0.9662698,0.05589538,0.963249,-0.2554168,0.08314964,moving,-85.73795,45.73617,16.83913,9.899802,-13.319112487719035,18.68616699134129
05/11/2023 10:29:51.029567,897,True,True,True,True,Eyes,0.8328506,0.1082211,-1.805642,0.9940189,-0.07397938,-0.08033329,0.0,0.0,0.0,0.0,0.0,0.0,0.0,-1.870085,-0.2642761,-0.8369406,1.039387,0.1045663,-1.782208,0.102786,0.6708556,-0.0735072,0.7307426,14.40921,85.33473,1.80336,0.3802465,0.05555466,-0.923215,0.0,0.0,0.0,2.641625,-0.1329383,-1.667381,0.5796,0.3367358,1.915,0.08909908,0.03047947,-0.9955564,0.2453388,0.9680634,0.05159481,0.9653343,-0.2488456,0.07877576,moving,-85.37959,42.64215,16.83913,9.973001,-13.172322807578421,17.789507926530614
05/11/2023 10:29:51.040010,898,True,True,True,True,Eyes,0.8417249,0.1082293,-1.80362,0.9936493,-0.0719441,-0.08651646,0.0,0.0,0.0,0.0,0.0,0.0,0.0,-1.868333,-0.2678131,-0.8548778,1.050732,0.1056619,-1.782696,0.1012358,0.6722974,-0.07271238,0.7297127,14.21226,85.53097,1.773594,0.3840745,0.05543786,-0.921636,0.0,0.0,0.0,2.650172,-0.1232798,-1.678726,0.5795998,0.3394784,1.914999,0.08545847,0.03000283,-0.9958899,0.2422394,0.9689285,0.04997742,0.9664456,-0.2455148,0.07553525,moving,-85.02384,39.74574,16.83913,10.05258,-13.032384049853768,16.950223924096996
05/11/2023 10:29:51.059858,899,True,True,True,True,Eyes,0.8506869,0.1082559,-1.801692,0.9932131,-0.07024892,-0.09269738,0.0,0.0,0.0,0.0,0.0,0.0,0.0,-1.86509,-0.2718689,-0.8753234,1.062017,0.1063791,-1.783106,0.1005391,0.6742269,-0.07234269,0.7280637,14.1197,85.82402,1.786428,0.3879258,0.05532803,-0.9200283,0.0,0.0,0.0,2.659633,-0.1154938,-1.692215,0.5795996,0.3421362,1.915,0.08036926,0.03023222,-0.9963067,0.2409125,0.9693168,0.04884699,0.9672136,-0.2439485,0.07061998,moving,-84.66798,37.15596,16.83912,10.12966,-12.90255797036868,16.19999032158944
05/11/2023 10:29:51.079928,900,True,True,True,True,Eyes,0.8597143,0.108343,-1.799862,0.9927276,-0.06869221,-0.09886056,0.0,0.0,0.0,0.0,0.0,0.0,0.0,-1.86044,-0.275928,-0.89781,1.072893,0.1069157,-1.783509,0.1009114,0.6766137,-0.07228849,0.7257997,14.1408,86.21445,1.86876,0.3917983,0.05522496,-0.9183921,0.0,0.0,0.0,2.669299,-0.1074741,-1.711536,0.5796005,0.3447039,1.915001,0.0739364,0.03162211,-0.9967616,0.2414899,0.9691826,0.04866011,0.9675827,-0.2443057,0.06402143,moving,-84.31297,34.79309,16.83914,10.20408,-12.780331343796224,15.515650207864656
05/11/2023 10:29:51.094824,901,True,True,True,True,Eyes,0.8688058,0.1084853,-1.798117,0.9921802,-0.06739782,-0.1050514,0.0,0.0,0.0,0.0,0.0,0.0,0.0,-1.856396,-0.2814665,-0.9180351,1.083325,0.108501,-1.784055,0.1023298,0.6786941,-0.07272109,0.7236124,14.28853,86.58019,1.990395,0.3956887,0.05513058,-0.9167283,0.0,0.0,0.0,2.67802,-0.09761478,-1.727062,0.5796001,0.3475113,1.915,0.06817212,0.03365755,-0.9971058,0.2441451,0.9684804,0.04938352,0.9673397,-0.246805,0.05780605,moving,-83.95608,32.68301,16.83914,10.28543,-12.66621900542114,14.90473390574849
05/11/2023 10:29:51.109760,902,True,True,True,True,Eyes,0.8779539,0.1086522,-1.796453,0.991592,-0.06610987,-0.1112419,0.0,0.0,0.0,0.0,0.0,0.0,0.0,-1.851583,-0.2854465,-0.9395245,1.093777,0.1100673,-1.7844,0.1036534,0.6809742,-0.07268114,0.7212819,14.38963,86.97832,2.14909,0.3995945,0.05504638,-0.9150375,0.0,0.0,0.0,2.686432,-0.08716543,-1.738644,0.5795999,0.3501867,1.915,0.06198322,0.03632345,-0.997416,0.2460178,0.9679468,0.05053876,0.9672815,-0.2485147,0.05106022,moving,-83.59903,30.72256,16.83913,10.3629,-12.5570282391053,14.337273179505331
05/11/2023 10:29:51.129736,903,True,True,True,True,Eyes,0.8871415,0.1088708,-1.79486,0.9909799,-0.06483535,-0.1172831,0.0,0.0,0.0,0.0,0.0,0.0,0.0,-1.846514,-0.2857878,-0.9618933,1.10411,0.1109207,-1.784703,0.1045419,0.6833416,-0.07176382,0.7190031,14.38346,87.38284,2.347649,0.4035127,0.05497218,-0.9133209,0.0,0.0,0.0,2.695166,-0.07685493,-1.749978,0.5796002,0.3529598,1.915,0.05578859,0.03967876,-0.997654,0.2460724,0.9678419,0.05225342,0.9676446,-0.2484102,0.04423066,moving,-83.2504,28.93428,16.83914,10.44317,-12.454571505236146,13.81976873615168
05/11/2023 10:29:51.139891,904,True,True,True,True,Eyes,0.8963865,0.1091415,-1.793339,0.9903504,-0.06341915,-0.1232239,0.0,0.0,0.0,0.0,0.0,0.0,0.0,-1.843343,-0.2814167,-0.9811451,1.114145,0.1125353,-1.784873,0.1042117,0.6850684,-0.06930043,0.7176481,14.1538,87.65688,2.56047,0.4074405,0.05490923,-0.9115791,0.0,0.0,0.0,2.703653,-0.06894879,-1.764419,0.5796001,0.3554985,1.915,0.05175764,0.04331759,-0.9977198,0.2422509,0.9686748,0.05462356,0.9688322,-0.2445257,0.0396426,moving,-82.90746,27.23334,16.83913,10.51661,-12.355707471726689,13.32759910133866
05/11/2023 10:29:51.159766,905,True,True,True,True,Eyes,0.9056863,0.1094076,-1.791882,0.9896978,-0.06200892,-0.1290465,0.0,0.0,0.0,0.0,0.0,0.0,0.0,-1.840334,-0.280284,-0.9995792,1.124675,0.1141199,-1.785114,0.1029151,0.686633,-0.06742068,0.716518,13.89053,87.88139,2.64001,0.4113756,0.05485861,-0.9098131,0.0,0.0,0.0,2.712653,-0.0572166,-1.779177,0.5796001,0.3581395,1.915,0.0479793,0.04471356,-0.997847,0.2379461,0.9697258,0.05489457,0.9700926,-0.2400676,0.03588731,moving,-82.57113,25.66503,16.83913,10.59297,-12.262046354789618,12.873912300362548
05/11/2023 10:29:51.179788,906,True,True,True,True,Eyes,0.9150182,0.1096501,-1.790482,0.9890264,-0.06054714,-0.1347621,0.0,0.0,0.0,0.0,0.0,0.0,0.0,-1.835664,-0.2800303,-1.020054,1.135162,0.1143363,-1.785196,0.1012623,0.6885961,-0.06595872,0.7150042,13.62957,88.16245,2.662004,0.4153163,0.05481853,-0.9080234,0.0,0.0,0.0,2.721105,-0.0472282,-1.792158,0.5796,0.360872,1.915,0.04296981,0.04513614,-0.9980564,0.2337792,0.9707908,0.05396812,0.9713398,-0.2356438,0.03116286,moving,-82.24081,24.19386,16.83913,10.67195,-12.172341415789266,12.448404683548153
05/11/2023 10:29:51.197025,907,True,True,True,True,Eyes,0.924397,0.1098809,-1.789138,0.9883312,-0.05933332,-0.1402885,0.0,0.0,0.0,0.0,0.0,0.0,0.0,-1.832474,-0.2810168,-1.036577,1.145178,0.1140223,-1.785215,0.1000752,0.6898935,-0.06520315,0.7139892,13.4662,88.34637,2.650597,0.4192599,0.05478644,-0.9062113,0.0,0.0,0.0,2.730015,-0.04112463,-1.808385,0.5796005,0.3634213,1.915001,0.03959114,0.04497375,-0.9982033,0.2311911,0.9714671,0.05293873,0.9721025,-0.2328716,0.02806398,moving,-81.92113,22.92535,16.83914,10.74558,-12.090653790277877,12.081696385111952
05/11/2023 10:29:51.209953,908,True,True,True,True,Eyes,0.9338197,0.1101291,-1.787849,0.9876021,-0.05834955,-0.1457305,0.0,0.0,0.0,0.0,0.0,0.0,0.0,-1.829426,-0.2864388,-1.051936,1.155585,0.1139912,-1.785229,0.1000516,0.6909916,-0.06576236,0.7128785,13.50509,88.52431,2.623581,0.4232049,0.05476066,-0.9043772,0.0,0.0,0.0,2.737736,-0.03766543,-1.82383,0.5796002,0.3660643,1.915001,0.03641176,0.04450845,-0.9983453,0.2320307,0.9713299,0.05176672,0.9720268,-0.2335317,0.02504051,moving,-81.60602,21.82085,16.83913,10.82189,-12.014951447406972,11.762594885505784
05/11/2023 10:29:51.229437,909,True,True,True,True,Eyes,0.9432808,0.1103782,-1.786607,0.9868219,-0.05781133,-0.1511303,0.0,0.0,0.0,0.0,0.0,0.0,0.0,-1.826065,-0.2981725,-1.066002,1.165954,0.1145932,-1.785273,0.1010104,0.6920118,-0.06794057,0.7115481,13.75549,88.71201,2.544076,0.4271496,0.0547411,-0.902522,0.0,0.0,0.0,2.745038,-0.03798455,-1.834035,0.5795999,0.3687591,1.915,0.0330075,0.04311484,-0.9985247,0.2364868,0.970362,0.04971619,0.9710739,-0.2377789,0.02183311,moving,-81.29289,20.93317,16.83913,10.89966,-11.946656006250759,11.506450633817515
05/11/2023 10:29:51.239751,910,True,True,True,True,Eyes,0.9527617,0.1106232,-1.785413,0.9859837,-0.05764108,-0.1565679,0.0,0.0,0.0,0.0,0.0,0.0,0.0,-1.820649,-0.3131161,-1.081977,1.176171,0.1148313,-1.785193,0.1029015,0.6935086,-0.07109098,0.7095092,14.15958,89.00047,2.473535,0.4310924,0.05472692,-0.9006462,0.0,0.0,0.0,2.752504,-0.04048471,-1.846187,0.5796,0.3713417,1.915,0.02798393,0.0418467,-0.9987321,0.2436055,0.9687148,0.04741466,0.9694706,-0.2446235,0.01691438,moving,-80.97713,20.21138,16.83913,10.97415,-11.883511640731914,11.298497121822546
05/11/2023 10:29:51.259711,911,True,True,True,True,Eyes,0.9622461,0.1108476,-1.784259,0.985083,-0.05788654,-0.1620513,0.0,0.0,0.0,0.0,0.0,0.0,0.0,-1.813911,-0.3284856,-1.099258,1.185928,0.1149348,-1.785191,0.1059578,0.6953593,-0.07454945,0.7068881,14.68341,89.37827,2.48615,0.4350309,0.0547171,-0.898751,0.0,0.0,0.0,2.760352,-0.04344673,-1.862273,0.5796001,0.3741619,1.915,0.02183545,0.04196123,-0.9988806,0.2527537,0.9664307,0.04612326,0.9672843,-0.2534779,0.01049659,moving,-80.65822,19.6573,16.83914,11.05545,-11.82551372354363,11.1392656457021
05/11/2023 10:29:51.279786,912,True,True,True,True,Eyes,0.9717242,0.111099,-1.783148,0.9841266,-0.05843601,-0.1675714,0.0,0.0,0.0,0.0,0.0,0.0,0.0,-1.806461,-0.342618,-1.116958,1.195277,0.1146815,-1.785062,0.1094224,0.6973361,-0.07781666,0.7040551,15.22484,89.79228,2.556194,0.4389627,0.05470998,-0.8968377,0.0,0.0,0.0,2.767507,-0.04572168,-1.877913,0.5795999,0.376805,1.915,0.01533367,0.04303391,-0.998956,0.2621828,0.9639426,0.04555,0.9648964,-0.2626075,0.003498046,moving,-80.33669,19.22484,16.83912,11.1316,-11.771206122242237,11.015368203484812
05/11/2023 10:29:51.289628,913,True,True,True,True,Eyes,0.9812105,0.1113669,-1.782074,0.9831244,-0.05909774,-0.1731298,0.0,0.0,0.0,0.0,0.0,0.0,0.0,-1.799491,-0.3556262,-1.133841,1.204409,0.1155968,-1.785012,0.1130284,0.6992,-0.08054182,0.7013252,15.73384,90.19716,2.684829,0.442885,0.05470641,-0.8949075,0.0,0.0,0.0,2.774837,-0.04858877,-1.894592,0.5795999,0.3794142,1.915001,0.009264759,0.04508688,-0.9989402,0.2710309,0.9614753,0.04590962,0.9625262,-0.271169,-0.003312071,moving,-80.01253,18.8473,16.83912,11.20673,-11.71838484277782,10.907434195997615
05/11/2023 10:29:51.309868,914,True,True,True,True,Eyes,0.9906918,0.1116693,-1.781025,0.9820784,-0.0597868,-0.1787389,0.0,0.0,0.0,0.0,0.0,0.0,0.0,-1.791057,-0.3655795,-1.153783,1.213861,0.1163202,-1.784869,0.1152195,0.7015282,-0.08213516,0.6984528,16.03301,90.64593,2.798494,0.4467959,0.05470663,-0.8929614,0.0,0.0,0.0,2.781906,-0.05104057,-1.911739,0.5796001,0.3821386,1.915,0.002224031,0.0469244,-0.998896,0.2763946,0.9599565,0.04571055,0.9610417,-0.2761911,-0.01083474,moving,-79.68504,18.4947,16.83913,11.28515,-11.665972664232136,10.80676068509513
05/11/2023 10:29:51.329716,915,True,True,True,True,Eyes,1.000174,0.1120086,-1.779995,0.981021,-0.06020831,-0.1843169,0.0,0.0,0.0,0.0,0.0,0.0,0.0,-1.78221,-0.3738679,-1.173811,1.223018,0.1174574,-1.784464,0.1157034,0.7039188,-0.08288367,0.6958746,16.12399,91.06036,2.836437,0.4506933,0.05471175,-0.8910003,0.0,0.0,0.0,2.7886,-0.05463456,-1.928071,0.5795997,0.3847564,1.914999,-0.00474257,0.04753834,-0.9988582,0.2782449,0.959486,0.04434342,0.9604985,-0.2777169,-0.01777778,moving,-79.35916,18.08996,16.83913,11.36046,-11.612038997675974,10.690936469845255
05/11/2023 10:29:51.339692,916,True,True,True,True,Eyes,1.009659,0.1123279,-1.778983,0.9799436,-0.06047098,-0.1898779,0.0,0.0,0.0,0.0,0.0,0.0,0.0,-1.773713,-0.3790573,-1.193921,1.232327,0.1187257,-1.783945,0.1153777,0.7062192,-0.08271527,0.6936142,16.07441,91.43806,2.876362,0.4545763,0.05472293,-0.8890248,0.0,0.0,0.0,2.795303,-0.05790852,-1.942886,0.5796,0.3876311,1.915,-0.01117481,0.04821899,-0.9987743,0.2777089,0.9596923,0.04322505,0.9606003,-0.2768855,-0.02411524,moving,-79.03403,17.66527,16.83913,11.4431,-11.557539851748906,10.569314529580717
05/11/2023 10:29:51.359751,917,True,True,True,True,Eyes,1.009659,0.1123279,-1.778983,0.9799436,-0.06047098,-0.1898779,0.0,0.0,0.0,0.0,0.0,0.0,0.0,-1.766232,-0.3775733,-1.214184,1.241726,0.1186341,-1.783373,0.114734,0.7083019,-0.08126143,0.6917668,15.89371,91.77025,2.986248,0.4584434,0.05473842,-0.8870358,0.0,0.0,0.0,2.802077,-0.06055038,-1.954874,0.5795997,0.3902059,1.915,-0.0165898,0.05010469,-0.9986063,0.2749605,0.9604654,0.04362308,0.9613124,-0.2738535,-0.02971079,moving,-79.03403,17.66527,16.83912,11.51709,-11.557539851748906,10.569314529580717
05/11/2023 10:29:51.380118,918,True,True,True,True,Eyes,1.009659,0.1123279,-1.778983,0.9799436,-0.06047098,-0.1898779,0.0,0.0,0.0,0.0,0.0,0.0,0.0,-1.760886,-0.3750109,-1.231448,1.251108,0.1189895,-1.782803,0.1140764,0.7097811,-0.07957958,0.6905538,15.6952,92.00041,3.098096,0.4619164,0.05475148,-0.8852315,0.0,0.0,0.0,2.809383,-0.06246656,-1.966064,0.5796002,0.393026,1.915,-0.02024413,0.05203051,-0.9984403,0.2718464,0.9613073,0.04458358,0.9621277,-0.2705199,-0.03360518,moving,-79.03403,17.66527,16.83914,11.59807,-11.557539851748906,10.569314529580717
05/11/2023 10:29:51.389622,919,True,True,True,True,Eyes,1.019952,0.1126209,-1.77795,0.9789072,-0.05990251,-0.1953264,0.0,0.0,0.0,0.0,0.0,0.0,0.0,-1.75581,-0.3749682,-1.248167,1.261036,0.1189526,-1.782423,0.1133637,0.7111141,-0.07858068,0.6894132,15.54937,92.20514,3.146485,0.4650361,0.05476252,-0.8835959,0.0,0.0,0.0,2.816527,-0.0643276,-1.976375,0.5796001,0.3954521,1.915001,-0.02371616,0.05287995,-0.9983192,0.2695782,0.9619475,0.04454927,0.9626865,-0.2680686,-0.03706903,moving,-78.71568,17.04968,16.83913,11.66771,-11.497580295404326,10.392216700628609
05/11/2023 10:29:51.409663,920,True,True,True,True,Eyes,1.03024,0.112876,-1.776931,0.9778471,-0.05936064,-0.2007272,0.0,0.0,0.0,0.0,0.0,0.0,0.0,-1.748686,-0.3791252,-1.266207,1.271114,0.1183774,-1.781902,0.1125424,0.7127953,-0.07860836,0.6878067,15.47858,92.46718,3.111149,0.4682462,0.05477566,-0.8818982,0.0,0.0,0.0,2.823867,-0.06542969,-1.986553,0.5796002,0.398119,1.915001,-0.02851266,0.05230465,-0.9982241,0.2685741,0.9623098,0.04275147,0.962837,-0.2668781,-0.04148575,moving,-78.39977,16.47442,16.83913,11.74422,-11.439256370147412,10.22681842661175
05/11/2023 10:29:51.429677,921,True,True,True,True,Eyes,1.040523,0.1130863,-1.77593,0.9768219,-0.05853925,-0.2058933,0.0,0.0,0.0,0.0,0.0,0.0,0.0,-1.741676,-0.3845969,-1.28323,1.281124,0.1177046,-1.781262,0.1120983,0.7143278,-0.079059,0.6862358,15.47393,92.71556,3.071727,0.4715338,0.05478869,-0.880144,0.0,0.0,0.0,2.831609,-0.06554967,-1.996225,0.5795996,0.4008001,1.915,-0.03302911,0.0516437,-0.9981194,0.2686562,0.9623673,0.04090369,0.9626698,-0.2667999,-0.04566051,moving,-78.0975,15.87143,16.83912,11.82109,-11.381714647466989,10.05329504064131
05/11/2023 10:29:51.440449,922,True,True,True,True,Eyes,1.050803,0.1132495,-1.774953,0.9757704,-0.05780628,-0.2110227,0.0,0.0,0.0,0.0,0.0,0.0,0.0,-1.735143,-0.3889767,-1.299855,1.291162,0.1168264,-1.780701,0.1123719,0.7157354,-0.07942677,0.6846803,15.51999,92.96316,3.099177,0.4748881,0.05479928,-0.878338,0.0,0.0,0.0,2.839115,-0.06633295,-2.005821,0.5796001,0.4008,1.915,-0.03717145,0.05209314,-0.9979503,0.2696209,0.9621279,0.04018045,0.9622489,-0.2675746,-0.0498091,static,-77.79699,15.31945,16.83913,11.82109,-11.326076610003234,9.894576422476153
05/11/2023 10:29:51.459941,923,True,True,True,True,Eyes,1.061076,0.1133671,-1.773998,0.9747289,-0.05692699,-0.2160154,0.0,0.0,0.0,0.0,0.0,0.0,0.0,-1.728392,-0.3943237,-1.316624,1.301243,0.1158696,-1.780356,0.1129671,0.7171897,-0.08006454,0.6829842,15.61384,93.2288,3.135088,0.4782992,0.05480523,-0.8764848,0.0,0.0,0.0,2.846238,-0.06981196,-2.016556,0.5796,0.4008,1.914999,-0.04154251,0.05267212,-0.9977475,0.2714033,0.9616562,0.03946663,0.9615688,-0.2691524,-0.05424502,static,-77.5043,14.76361,16.83914,11.82109,-11.271284571413965,9.734695573692488
05/11/2023 10:29:51.479690,924,True,True,True,True,Eyes,1.071355,0.1134284,-1.773062,0.9736406,-0.05619135,-0.2210576,0.0,0.0,0.0,0.0,0.0,0.0,0.0,-1.720959,-0.4022971,-1.333074,1.311208,0.1148443,-1.779936,0.1133234,0.7186908,-0.08127955,0.6812013,15.73698,93.49742,3.10606,0.4817577,0.05480464,-0.8745887,0.0,0.0,0.0,2.853108,-0.07378924,-2.026559,0.5795998,0.4008001,1.915,-0.04624549,0.05215344,-0.9975678,0.2736244,0.9611029,0.03756233,0.9607244,-0.2712218,-0.05871712,static,-77.20829,14.26214,16.83912,11.82109,-11.217874796270056,9.59062206959893
05/11/2023 10:29:51.489727,925,True,True,True,True,Eyes,1.081627,0.1134604,-1.77213,0.972515,-0.05545997,-0.2261389,0.0,0.0,0.0,0.0,0.0,0.0,0.0,-1.710726,-0.4137885,-1.351975,1.321439,0.1134817,-1.779484,0.113033,0.7207389,-0.08317055,0.6788532,15.86395,93.84372,2.980357,0.4852564,0.05479531,-0.8726529,0.0,0.0,0.0,2.859948,-0.07954611,-2.035222,0.5796,0.4008001,1.915,-0.05276395,0.05001334,-0.9973539,0.2758557,0.9606124,0.03357706,0.9597498,-0.2733541,-0.06448212,static,-76.90963,13.77967,16.83913,11.82109,-11.16476260511525,9.452080414287416
05/11/2023 10:29:51.509907,926,True,True,True,True,Eyes,1.091894,0.1134348,-1.771201,0.971336,-0.05486539,-0.2312925,0.0,0.0,0.0,0.0,0.0,0.0,0.0,-1.698941,-0.4271215,-1.371127,1.331287,0.1127052,-1.778706,0.112583,0.7230009,-0.08531083,0.6762522,15.99948,94.22444,2.827118,0.4887877,0.05477664,-0.8706812,0.0,0.0,0.0,2.867432,-0.08335546,-2.043633,0.5795999,0.4008,1.915,-0.0600162,0.04741195,-0.9970708,0.2781785,0.9600942,0.02890941,0.9586527,-0.2756286,-0.07081017,static,-76.60628,13.34461,16.83912,11.82109,-11.112632280582602,9.327332041474683
05/11/2023 10:29:51.529475,927,True,True,True,True,Eyes,1.102157,0.1133564,-1.770272,0.9701105,-0.05423446,-0.2365251,0.0,0.0,0.0,0.0,0.0,0.0,0.0,-1.686862,-0.4384018,-1.390803,1.341245,0.111235,-1.777841,0.1123949,0.7252741,-0.08714486,0.6736102,16.13065,94.61608,2.722628,0.4923455,0.05474671,-0.8686761,0.0,0.0,0.0,2.875216,-0.08325773,-2.051937,0.5796,0.4008002,1.915,-0.0672335,0.04563085,-0.9966934,0.2804375,0.9595463,0.02501285,0.9575148,-0.2778285,-0.07731026,static,-76.2979,12.91449,16.83913,11.82109,-11.060038937605434,9.204044836947912
05/11/2023 10:29:51.539512,928,True,True,True,True,Eyes,1.112424,0.1132417,-1.769341,0.9688261,-0.05368597,-0.2418551,0.0,0.0,0.0,0.0,0.0,0.0,0.0,-1.674053,-0.4482174,-1.411362,1.351165,0.1098169,-1.77696,0.1120004,0.7276983,-0.08857859,0.6708689,16.212,95.02921,2.635637,0.4959243,0.05470408,-0.8666406,0.0,0.0,0.0,2.88373,-0.07859607,-2.059507,0.5795999,0.4008001,1.915,-0.07478207,0.04415578,-0.996222,0.2818543,0.9592195,0.02135819,0.9565386,-0.2791922,-0.08417787,static,-75.98332,12.51535,16.83913,11.82109,-11.007696892346818,9.089787364879264
05/11/2023 10:29:51.559829,929,True,True,True,True,Eyes,1.122695,0.1130829,-1.768405,0.9674202,-0.05332257,-0.2474973,0.0,0.0,0.0,0.0,0.0,0.0,0.0,-1.660106,-0.4582049,-1.432888,1.361264,0.1087871,-1.776006,0.1114581,0.7303105,-0.08990385,0.6679379,16.27271,95.47281,2.54933,0.4995196,0.05464825,-0.8645769,0.0,0.0,0.0,2.893141,-0.07091586,-2.064792,0.5795996,0.4008001,1.915,-0.08287203,0.04269761,-0.995645,0.2828984,0.9589888,0.01757871,0.9555631,-0.2802096,-0.09155241,static,-75.64968,12.15836,16.83912,11.82109,-10.954374151235367,8.987871359431155
05/11/2023 10:29:51.579770,930,True,True,True,True,Eyes,1.132968,0.1128804,-1.767456,0.9659517,-0.05295124,-0.2532457,0.0,0.0,0.0,0.0,0.0,0.0,0.0,-1.644692,-0.4666838,-1.456007,1.371396,0.1075129,-1.774957,0.1108211,0.7331976,-0.09088006,0.6647413,16.29606,95.96344,2.489068,0.5031271,0.05457839,-0.862487,0.0,0.0,0.0,2.902624,-0.06470001,-2.069918,0.5796001,0.4008001,1.915,-0.09167567,0.04168399,-0.9949162,0.2833309,0.958919,0.01406857,0.9546304,-0.2806007,-0.09971988,static,-75.30927,11.80985,16.83913,11.82109,-10.900488694948617,8.88845376387275
05/11/2023 10:29:51.589943,931,True,True,True,True,Eyes,1.143238,0.1126469,-1.76649,0.9643947,-0.05264642,-0.2591742,0.0,0.0,0.0,0.0,0.0,0.0,0.0,-1.62873,-0.4730721,-1.47962,1.381455,0.1062416,-1.773733,0.1097865,0.73615,-0.09134874,0.6615782,16.24573,96.45535,2.433832,0.5067433,0.05449387,-0.8603727,0.0,0.0,0.0,2.912358,-0.05798833,-2.075823,0.5796,0.4008,1.915,-0.1005227,0.04076999,-0.9940991,0.2825073,0.9592047,0.01077196,0.9539837,-0.2797575,-0.1079396,static,-74.95758,11.48235,16.83913,11.82109,-10.845892895016796,8.795197251423536
05/11/2023 10:29:51.609783,932,True,True,True,True,Eyes,1.153527,0.1123684,-1.765505,0.9627725,-0.05233124,-0.2651992,0.0,0.0,0.0,0.0,0.0,0.0,0.0,-1.613107,-0.4791288,-1.502205,1.391412,0.1052103,-1.772344,0.1087495,0.73893,-0.09174053,0.6585894,16.18992,96.91894,2.379867,0.5103648,0.05439468,-0.8582358,0.0,0.0,0.0,2.922324,-0.05149953,-2.079431,0.5796,0.4007999,1.915,-0.1088675,0.03987785,-0.9932561,0.2815551,0.9595144,0.007662844,0.9533492,-0.2788221,-0.1156877,static,-74.59959,11.16265,16.83913,11.82109,-10.79077043114335,8.70423918891526
05/11/2023 10:29:51.629824,933,True,True,True,True,Eyes,1.163817,0.1120655,-1.764491,0.9610769,-0.05202068,-0.2713393,0.0,0.0,0.0,0.0,0.0,0.0,0.0,-1.596154,-0.48535,-1.526116,1.40188,0.1038311,-1.770947,0.107713,0.7418924,-0.09219477,0.6553579,16.13958,97.41764,2.325772,0.5139897,0.05428018,-0.8560771,0.0,0.0,0.0,2.932674,-0.04606493,-2.084226,0.5796,0.4008001,1.915,-0.1178082,0.03898184,-0.9922711,0.2806641,0.9597961,0.004384004,0.9525488,-0.2779783,-0.1240127,static,-74.23412,10.85295,16.83913,11.82109,-10.735047065180865,8.616224709867554
05/11/2023 10:29:51.639908,934,True,True,True,True,Eyes,1.174116,0.1117418,-1.763452,0.9593312,-0.05169526,-0.277509,0.0,0.0,0.0,0.0,0.0,0.0,0.0,-1.579896,-0.4912161,-1.548225,1.411975,0.1028897,-1.76921,0.1066433,0.7445881,-0.09255669,0.6524178,16.08035,97.87,2.268836,0.5176154,0.05415083,-0.853898,0.0,0.0,0.0,2.942314,-0.04206097,-2.092315,0.5795999,0.4008,1.915,-0.1259564,0.03803938,-0.9913062,0.2795819,0.9601209,0.001318751,0.951824,-0.2769852,-0.1315685,static,-73.86625,10.55229,16.83913,11.82109,-10.679323478242093,8.530848232366417
05/11/2023 10:29:51.659200,935,True,True,True,True,Eyes,1.184416,0.1113791,-1.762384,0.9575408,-0.05131917,-0.2836934,0.0,0.0,0.0,0.0,0.0,0.0,0.0,-1.564652,-0.4964134,-1.569431,1.42227,0.1020555,-1.767599,0.1058107,0.7470514,-0.09279842,0.6496976,16.02998,98.28915,2.236692,0.5212402,0.05400718,-0.8516993,0.0,0.0,0.0,2.95172,-0.03949364,-2.102123,0.5795996,0.4008,1.915,-0.1333946,0.03751026,-0.9903531,0.2786739,0.9603851,-0.001160446,0.9510769,-0.2761403,-0.1385634,static,-73.49687,10.25373,16.83912,11.82109,-10.623481270565186,8.44608958682848
05/11/2023 10:29:51.679526,936,True,True,True,True,Eyes,1.194727,0.110983,-1.761288,0.9557182,-0.05089778,-0.2898486,0.0,0.0,0.0,0.0,0.0,0.0,0.0,-1.549561,-0.4999959,-1.590245,1.432374,0.1007283,-1.765835,0.105037,0.7494272,-0.09282584,0.6470778,15.96598,98.69527,2.223678,0.5248621,0.05384892,-0.8494822,0.0,0.0,0.0,2.960535,-0.03663492,-2.112227,0.5796002,0.4008,1.915,-0.1405155,0.03730405,-0.9893756,0.2775662,0.9607012,-0.003198219,0.9503751,-0.2750666,-0.1453476,static,-73.12859,9.959667,16.83914,11.82109,-10.567924508806545,8.362631135948169
05/11/2023 10:29:51.689738,937,True,True,True,True,Eyes,1.205035,0.1105895,-1.760167,0.9538865,-0.05032137,-0.2959193,0.0,0.0,0.0,0.0,0.0,0.0,0.0,-1.536082,-0.5028118,-1.609694,1.442779,0.09952191,-1.764077,0.1039133,0.7514448,-0.09269912,0.644934,15.86377,99.0276,2.180618,0.5284796,0.05367601,-0.8472473,0.0,0.0,0.0,2.969696,-0.03362808,-2.122442,0.5795999,0.4008001,1.915,-0.1465248,0.03660066,-0.9885298,0.2757399,0.9612178,-0.005282064,0.9499992,-0.273351,-0.1509345,static,-72.76482,9.650885,16.83913,11.82109,-10.512443084393322,8.274874294352067
05/11/2023 10:29:51.709642,938,True,True,True,True,Eyes,1.215369,0.1102602,-1.75903,0.9520429,-0.04967327,-0.3019055,0.0,0.0,0.0,0.0,0.0,0.0,0.0,-1.525411,-0.5043592,-1.626482,1.452919,0.09917185,-1.762354,0.1026037,0.7529433,-0.09222078,0.6434628,15.71886,99.2603,2.133052,0.5320912,0.05349013,-0.8449957,0.0,0.0,0.0,2.978717,-0.0286386,-2.134615,0.5795996,0.4008001,1.915,-0.1508565,0.03582827,-0.9879063,0.2731908,0.9619356,-0.006830679,0.9500576,-0.2709173,-0.1549021,static,-72.40549,9.343308,16.83912,11.82109,-10.45755416909159,8.187443992741397
05/11/2023 10:29:51.729604,939,True,True,True,True,Eyes,1.225716,0.1099632,-1.757874,0.950144,-0.04902636,-0.307933,0.0,0.0,0.0,0.0,0.0,0.0,0.0,-1.514305,-0.5090324,-1.643425,1.46368,0.1002001,-1.760875,0.1002472,0.7544765,-0.09209806,0.6420543,15.52745,99.47256,1.963032,0.5356956,0.05329561,-0.8427275,0.0,0.0,0.0,2.988575,-0.02056657,-2.142782,0.5795997,0.4008,1.915,-0.1554336,0.03300443,-0.9872949,0.2695323,0.9629369,-0.01024328,0.9503646,-0.2677,-0.1585685,static,-72.04296,9.046201,16.83912,11.82109,-10.40261267000594,8.103071203455126
05/11/2023 10:29:51.739333,940,True,True,True,True,Eyes,1.236091,0.1096591,-1.756701,0.9481927,-0.04831867,-0.314,0.0,0.0,0.0,0.0,0.0,0.0,0.0,-1.498538,-0.5182909,-1.66253,1.474163,0.1005783,-1.759254,0.09762757,0.7566831,-0.09306717,0.6397173,15.41169,99.80673,1.704364,0.5392917,0.05309485,-0.8404434,0.0,0.0,0.0,2.997224,-0.0169936,-2.155438,0.5796,0.4008,1.915,-0.1624614,0.02867288,-0.9862983,0.2668196,0.9636148,-0.01593659,0.9499546,-0.2657528,-0.1642007,static,-71.67738,8.748121,16.83913,11.82109,-10.347259357982264,8.01843192169136
05/11/2023 10:29:51.759565,941,True,True,True,True,Eyes,1.24645,0.1095035,-1.755513,0.9462374,-0.04755291,-0.3199584,0.0,0.0,0.0,0.0,0.0,0.0,0.0,-1.481007,-0.5240164,-1.684212,1.485021,0.1001236,-1.757621,0.09465629,0.7592227,-0.09339474,0.6371018,15.21407,100.1927,1.46834,0.5428788,0.05288818,-0.8381439,0.0,0.0,0.0,3.007428,-0.003173381,-2.163978,0.5796001,0.4008,1.915,-0.1702834,0.0247265,-0.985085,0.2627343,0.9646352,-0.02120343,0.9497235,-0.2624262,-0.1707578,static,-71.31767,8.453542,16.83913,11.82109,-10.292752393685454,7.934778432198811
05/11/2023 10:29:51.779669,942,True,True,True,True,Eyes,1.256855,0.1094303,-1.754342,0.9442436,-0.04679486,-0.3259052,0.0,0.0,0.0,0.0,0.0,0.0,0.0,-1.472197,-0.5283343,-1.697828,1.49491,0.1035123,-1.756032,0.09317373,0.7603004,-0.09290358,0.6361061,15.05855,100.3491,1.393696,0.5464549,0.05268312,-0.8358297,0.0,0.0,0.0,3.018793,0.01005033,-2.163007,0.5795999,0.4008001,1.915,-0.1733753,0.02348697,-0.9845758,0.2598731,0.9653752,-0.02273248,0.9499511,-0.259806,-0.1734758,static,-70.95792,8.170927,16.83913,11.82109,-10.238635557797522,7.854599673532844
05/11/2023 10:29:51.810002,943,True,True,True,True,Eyes,1.267285,0.1094329,-1.753172,0.9422079,-0.04579476,-0.3318842,0.0,0.0,0.0,0.0,0.0,0.0,0.0,-1.45787,-0.5368164,-1.716768,1.506241,0.1053545,-1.755274,0.0915351,0.7623069,-0.09345473,0.633858,14.98243,100.6774,1.250493,0.5500193,0.05248323,-0.8335011,0.0,0.0,0.0,3.028963,0.02079485,-2.177048,0.5796002,0.4008001,1.915,-0.1796908,0.02108158,-0.9834973,0.2580297,0.9657751,-0.02644184,0.9492797,-0.2585229,-0.1789807,static,-70.59566,7.8563,16.83913,11.82109,-10.183149076525044,7.765137397404495
05/11/2023 10:29:51.819945,944,True,True,True,True,Eyes,1.277725,0.1095083,-1.751992,0.9401208,-0.04484851,-0.337878,0.0,0.0,0.0,0.0,0.0,0.0,0.0,-1.438259,-0.5443652,-1.739206,1.517017,0.1070694,-1.754125,0.08858427,0.7651575,-0.0937854,0.6307861,14.78998,101.1292,1.021966,0.5535709,0.05229141,-0.8311586,0.0,0.0,0.0,3.037976,0.03369267,-2.187698,0.5795999,0.4008001,1.915,-0.1885235,0.01724479,-0.9819174,0.2538789,0.9667143,-0.03176573,0.9486858,-0.2552767,-0.1866265,static,-70.23164,7.561004,16.83913,11.82109,-10.12808190225969,7.681298404821828
05/11/2023 10:29:51.830106,945,True,True,True,True,Eyes,1.288169,0.1096472,-1.750813,0.9380228,-0.04379725,-0.3437952,0.0,0.0,0.0,0.0,0.0,0.0,0.0,-1.421708,-0.5546734,-1.757261,1.527407,0.1089844,-1.752721,0.08675244,0.7672952,-0.09481685,0.6282849,14.74488,101.4839,0.8286253,0.557109,0.05211018,-0.8288026,0.0,0.0,0.0,3.048097,0.04123741,-2.195232,0.5795999,0.4008001,1.915,-0.1954644,0.0139855,-0.9806111,0.2522734,0.9669675,-0.03649454,0.9477087,-0.2545155,-0.192536,static,-69.87159,7.260002,16.83913,11.82109,-10.073320495180088,7.5957813751635745
05/11/2023 10:29:51.836765,946,True,True,True,True,Eyes,1.298604,0.1098165,-1.749642,0.9358954,-0.04284981,-0.3496622,0.0,0.0,0.0,0.0,0.0,0.0,0.0,-1.406062,-0.5610685,-1.775719,1.53787,0.1104347,-1.751498,0.08588578,0.7693846,-0.0950864,0.6258033,14.70315,101.8519,0.7788311,0.5606322,0.05194134,-0.8264341,0.0,0.0,0.0,3.057371,0.04524256,-2.20575,0.5796,0.4008001,1.915,-0.2019882,0.01314763,-0.9792998,0.2511691,0.9671645,-0.03882082,0.9466335,-0.2538112,-0.198658,static,-69.51369,6.98655,16.83913,11.82109,-10.019736562485019,7.518253931224597
05/11/2023 10:29:51.861796,947,True,True,True,True,Eyes,1.308997,0.109972,-1.748492,0.9337303,-0.04202463,-0.355502,0.0,0.0,0.0,0.0,0.0,0.0,0.0,-1.393501,-0.5673347,-1.791386,1.547908,0.1113935,-1.750529,0.0873974,0.7710062,-0.09543957,0.6235402,14.84237,102.1942,0.9334241,0.5641387,0.05178496,-0.8240542,0.0,0.0,0.0,3.065457,0.04584693,-2.219128,0.5796002,0.4008,1.915,-0.2071187,0.01574707,-0.9781891,0.2537887,0.9665059,-0.03817744,0.9448245,-0.2561606,-0.2041779,static,-69.15652,6.741765,16.83913,11.82109,-9.967190223799658,7.449047952926261
05/11/2023 10:29:51.879125,948,True,True,True,True,Eyes,1.319369,0.1101334,-1.74738,0.9315486,-0.04116715,-0.361279,0.0,0.0,0.0,0.0,0.0,0.0,0.0,-1.381649,-0.5707139,-1.806795,1.557137,0.1113214,-1.749888,0.08936244,0.7726252,-0.09538553,0.621262,14.97689,102.5476,1.160701,0.5676258,0.05163913,-0.8216653,0.0,0.0,0.0,3.073146,0.04354434,-2.231486,0.5796,0.4008001,1.915,-0.2120961,0.01956853,-0.9770529,0.2566061,0.9658319,-0.03635956,0.9429574,-0.2584295,-0.2098706,static,-68.8024,6.500721,16.83913,11.82109,-9.915147110492807,7.380912334638431
05/11/2023 10:29:51.889625,949,True,True,True,True,Eyes,1.329729,0.1103975,-1.746316,0.9293646,-0.04013578,-0.3669748,0.0,0.0,0.0,0.0,0.0,0.0,0.0,-1.370208,-0.571027,-1.823555,1.566881,0.1116796,-1.749658,0.08946236,0.7742595,-0.09460934,0.6193287,14.91095,102.8531,1.265735,0.5710912,0.05150294,-0.819269,0.0,0.0,0.0,3.08065,0.0431679,-2.244466,0.5796,0.4008,1.915,-0.2168574,0.02134564,-0.9759701,0.2557227,0.9660911,-0.03569113,0.9421142,-0.2573175,-0.2149626,static,-68.4526,6.241591,16.83913,11.82109,-9.86304448809101,7.307501501534667
05/11/2023 10:29:51.909656,950,True,True,True,True,Eyes,1.340112,0.1107075,-1.745311,0.9271165,-0.03907641,-0.3727305,0.0,0.0,0.0,0.0,0.0,0.0,0.0,-1.360365,-0.5715774,-1.839544,1.576849,0.1143915,-1.749765,0.08756226,0.7756629,-0.09351839,0.6180084,14.67323,103.0623,1.199283,0.5745331,0.05137996,-0.8168667,0.0,0.0,0.0,3.08811,0.04612406,-2.257299,0.5795998,0.4008,1.915,-0.2207973,0.02024731,-0.9751096,0.2514279,0.9671744,-0.03684908,0.942355,-0.2533059,-0.2186402,static,-68.0983,5.984926,16.83912,11.82109,-9.810463088208298,7.234830266267261
05/11/2023 10:29:51.929963,951,True,True,True,True,Eyes,1.350506,0.1109399,-1.744348,0.9247558,-0.03799232,-0.37866,0.0,0.0,0.0,0.0,0.0,0.0,0.0,-1.341889,-0.5792637,-1.860246,1.587554,0.1156828,-1.750147,0.08396001,0.7781731,-0.09420586,0.6152421,14.47327,103.4494,0.872965,0.5779506,0.05127073,-0.8144592,0.0,0.0,0.0,3.096552,0.05762043,-2.265342,0.5796,0.4008001,1.915,-0.2288561,0.01475203,-0.9733487,0.2465897,0.9681519,-0.04330546,0.9417105,-0.2499284,-0.2252052,static,-67.73236,5.729517,16.83913,11.82109,-9.756474159576552,7.162585162743545
05/11/2023 10:29:51.940420,952,True,True,True,True,Eyes,1.360875,0.1111766,-1.74342,0.9223477,-0.03702579,-0.3845826,0.0,0.0,0.0,0.0,0.0,0.0,0.0,-1.317464,-0.5847643,-1.88459,1.597917,0.1139167,-1.75015,0.08060547,0.7814996,-0.09501674,0.6113371,14.30392,104.0034,0.5801678,0.5813429,0.0511702,-0.8120477,0.0,0.0,0.0,3.105579,0.06897261,-2.27274,0.5795996,0.4008,1.915,-0.2395395,0.009811762,-0.9708371,0.2421608,0.9689491,-0.04995685,0.9402017,-0.2470653,-0.2344777,static,-67.36579,5.499218,16.83912,11.82109,-9.703236056124616,7.09763569073059
05/11/2023 10:29:51.959498,953,True,True,True,True,Eyes,1.371242,0.1114259,-1.742551,0.9198731,-0.03632727,-0.3905303,0.0,0.0,0.0,0.0,0.0,0.0,0.0,-1.301664,-0.5943869,-1.900541,1.607487,0.1141838,-1.750037,0.08012497,0.7834072,-0.09633833,0.6087463,14.38852,104.3636,0.487988,0.5847085,0.05107758,-0.8096336,0.0,0.0,0.0,3.113882,0.07833239,-2.282362,0.5796,0.4008001,1.915,-0.2460159,0.008249736,-0.9692308,0.2428322,0.9685978,-0.05339272,0.9383544,-0.2484958,-0.2402937,static,-66.99644,5.31438,16.83913,11.82109,-9.65115322084917,7.045903412882942
05/11/2023 10:29:51.979359,954,True,True,True,True,Eyes,1.381602,0.1116852,-1.741747,0.9173149,-0.03586854,-0.3965436,0.0,0.0,0.0,0.0,0.0,0.0,0.0,-1.286071,-0.6076559,-1.91599,1.617581,0.1147427,-1.750574,0.08158423,0.7852922,-0.09819409,0.6058202,14.65942,104.7724,0.5424381,0.5880458,0.05099248,-0.8072183,0.0,0.0,0.0,3.122362,0.08350395,-2.288813,0.5795999,0.4008,1.915,-0.2526518,0.009159012,-0.9675139,0.2471108,0.9674038,-0.05537134,0.9354695,-0.2530729,-0.2466796,static,-66.62178,5.168507,16.83913,11.82109,-9.599696177560073,7.005515135384825
05/11/2023 10:29:51.989683,955,True,True,True,True,Eyes,1.391938,0.1119406,-1.741005,0.9146582,-0.03568343,-0.4026498,0.0,0.0,0.0,0.0,0.0,0.0,0.0,-1.266996,-0.6229736,-1.932826,1.6275,0.1152752,-1.751326,0.08389261,0.7876814,-0.1003381,0.6020402,15.01562,105.3059,0.6730822,0.5913535,0.05091441,-0.8048031,0.0,0.0,0.0,3.131118,0.08188423,-2.29517,0.5796,0.4008,1.915,-0.2610195,0.01134614,-0.9652669,0.2529764,0.9657886,-0.05705551,0.9315964,-0.2590824,-0.25496,static,-66.24001,5.064408,16.83913,11.82109,-9.548733619339743,6.977296123134034
05/11/2023 10:29:52.009403,956,True,True,True,True,Eyes,1.402239,0.1122178,-1.740327,0.911925,-0.03573025,-0.4087985,0.0,0.0,0.0,0.0,0.0,0.0,0.0,-1.248178,-0.6388627,-1.948494,1.637001,0.1154849,-1.752031,0.08650167,0.7899663,-0.1026387,0.5982777,15.40654,105.8347,0.823387,0.5946302,0.05084236,-0.8023897,0.0,0.0,0.0,3.139476,0.07315713,-2.302281,0.5795998,0.4008001,1.915,-0.2691627,0.01385393,-0.9629952,0.2594796,0.9639655,-0.05865811,0.9274815,-0.2656662,-0.2630582,static,-65.85422,4.995134,16.83912,11.82109,-9.498420716658227,6.959211993478167
05/11/2023 10:29:52.029381,957,True,True,True,True,Eyes,1.412524,0.1125256,-1.739709,0.9091187,-0.03594632,-0.4149833,0.0,0.0,0.0,0.0,0.0,0.0,0.0,-1.229585,-0.6559104,-1.963148,1.64619,0.1162897,-1.752878,0.08837932,0.7921531,-0.1051238,0.5946695,15.76314,106.3324,0.8925812,0.5978741,0.05077656,-0.7999797,0.0,0.0,0.0,3.146563,0.0588926,-2.312664,0.5795999,0.4008,1.915,-0.2771147,0.01499199,-0.9607201,0.2650478,0.9622761,-0.06143534,0.9235569,-0.2716613,-0.2706345,static,-65.46483,4.950668,16.83913,11.82109,-9.448478944625894,6.948351449238721
05/11/2023 10:29:52.039729,958,True,True,True,True,Eyes,1.422783,0.112847,-1.739146,0.9062402,-0.03626718,-0.4212047,0.0,0.0,0.0,0.0,0.0,0.0,0.0,-1.209529,-0.6735432,-1.978387,1.655804,0.1172865,-1.753623,0.08911384,0.7944221,-0.1077525,0.5910514,16.05403,106.8209,0.8474528,0.6010841,0.0507176,-0.7975744,0.0,0.0,0.0,3.152237,0.04119081,-2.325555,0.5795998,0.4008,1.915,-0.2854339,0.01421347,-0.9582931,0.2689625,0.9608963,-0.06586014,0.9198841,-0.2765436,-0.2780953,static,-65.07182,4.921226,16.83912,11.82109,-9.398582699623294,6.941873179699853
05/11/2023 10:29:52.059598,959,True,True,True,True,Eyes,1.433021,0.1131672,-1.738633,0.9033516,-0.03643594,-0.4273503,0.0,0.0,0.0,0.0,0.0,0.0,0.0,-1.189754,-0.6863718,-1.994532,1.66523,0.1178842,-1.754392,0.08883454,0.7967097,-0.1095463,0.5876749,16.19844,107.2816,0.763454,0.6042591,0.05066527,-0.7951749,0.0,0.0,0.0,3.157024,0.0230789,-2.339101,0.5795997,0.4008001,1.915,-0.2934934,0.01279544,-0.9558755,0.2703059,0.960216,-0.07014158,0.9169495,-0.2789649,-0.2852758,static,-64.68249,4.87326,16.83912,11.82109,-9.34853281016374,6.92999586811572
05/11/2023 10:29:52.080002,960,True,True,True,True,Eyes,1.443231,0.1134789,-1.738181,0.9004526,-0.03651315,-0.4334189,0.0,0.0,0.0,0.0,0.0,0.0,0.0,-1.173429,-0.691774,-2.010794,1.674725,0.1181536,-1.755025,0.08820013,0.7986498,-0.1099116,0.5850631,16.18664,107.6537,0.7321498,0.6073987,0.05061873,-0.7927823,0.0,0.0,0.0,3.161646,0.007799774,-2.35194,0.5796003,0.4008001,1.915001,-0.2998439,0.01227153,-0.9539095,0.2694925,0.9602803,-0.07235651,0.9151325,-0.2787671,-0.2912413,static,-64.29688,4.815482,16.83913,11.82109,-9.29862196706496,6.915249395333335
05/11/2023 10:29:52.099637,961,True,True,True,True,Eyes,1.453418,0.1137671,-1.7378,0.8976863,-0.03646509,-0.4391238,0.0,0.0,0.0,0.0,0.0,0.0,0.0,-1.160457,-0.6921476,-2.026909,1.684154,0.1183609,-1.756048,0.08717498,0.8002805,-0.1093158,0.5830968,16.05914,107.946,0.718202,0.6105022,0.05057688,-0.7903975,0.0,0.0,0.0,3.166323,-0.0006378144,-2.366257,0.5796,0.4008,1.915,-0.3047973,0.01204553,-0.952341,0.2670122,0.9609011,-0.07330362,0.9142226,-0.2766294,-0.2960964,static,-63.93338,4.746984,16.83913,11.82109,-9.2511094668248,6.897273105002162
05/11/2023 10:29:52.109528,962,True,True,True,True,Eyes,1.463593,0.1140144,-1.737492,0.8949193,-0.03630232,-0.4447489,0.0,0.0,0.0,0.0,0.0,0.0,0.0,-1.148926,-0.6896822,-2.043343,1.693701,0.1181931,-1.757371,0.08610432,0.8017958,-0.1082192,0.5813761,15.88202,108.2106,0.7293958,0.6135684,0.05053807,-0.7880222,0.0,0.0,0.0,3.171144,-0.002255172,-2.379674,0.5796002,0.4008001,1.915,-0.3091758,0.01224406,-0.9509262,0.2639082,0.9617494,-0.07342136,0.9136536,-0.2736573,-0.3005808,static,-63.57396,4.666383,16.83913,11.82109,-9.203705167973425,6.875760415616706
05/11/2023 10:29:52.129470,963,True,True,True,True,Eyes,1.473761,0.1142387,-1.737255,0.8922328,-0.03604632,-0.4501348,0.0,0.0,0.0,0.0,0.0,0.0,0.0,-1.137393,-0.6862866,-2.060097,1.703413,0.1173001,-1.758772,0.08521756,0.803305,-0.1070566,0.579636,15.71119,108.4794,0.7620924,0.616597,0.05050002,-0.7856572,0.0,0.0,0.0,3.176706,0.00108248,-2.391691,0.5796002,0.4008001,1.915,-0.31352,0.0128037,-0.9494952,0.2610191,0.9625537,-0.07320778,0.9130028,-0.2707884,-0.3051218,static,-63.22889,4.578416,16.83913,11.82109,-9.157843971707418,6.852032873182375
05/11/2023 10:29:52.139627,964,True,True,True,True,Eyes,1.483918,0.1144407,-1.737104,0.8895672,-0.0356914,-0.4554078,0.0,0.0,0.0,0.0,0.0,0.0,0.0,-1.125688,-0.6840511,-2.076618,1.71326,0.1170314,-1.760252,0.08468323,0.8048171,-0.1059691,0.5778137,15.57109,108.7602,0.8237031,0.6195878,0.05046152,-0.7833031,0.0,0.0,0.0,3.183228,0.008199826,-2.401577,0.5795999,0.4008001,1.915,-0.3179202,0.01384823,-0.9480163,0.2587698,0.9631985,-0.07270925,0.9121211,-0.2684337,-0.3098038,static,-62.89014,4.481248,16.83912,11.82109,-9.112465661446597,6.825599904544366
05/11/2023 10:29:52.159804,965,True,True,True,True,Eyes,1.494071,0.1146001,-1.73704,0.88699,-0.03534886,-0.4604336,0.0,0.0,0.0,0.0,0.0,0.0,0.0,-1.117291,-0.6811982,-2.091764,1.723091,0.116737,-1.762152,0.08413424,0.8059261,-0.1048143,0.5765576,15.4241,108.959,0.8766626,0.6225402,0.05042147,-0.7809613,0.0,0.0,0.0,3.190805,0.01639289,-2.407983,0.5795999,0.4008001,1.915,-0.3210059,0.014749,-0.9469625,0.2564749,0.9638708,-0.07192872,0.9116886,-0.2659616,-0.3131909,static,-62.56632,4.390156,16.83913,11.82109,-9.069146573552539,6.800852777515944
05/11/2023 10:29:52.179583,966,True,True,True,True,Eyes,1.50422,0.1147085,-1.737075,0.8844172,-0.03495354,-0.4653865,0.0,0.0,0.0,0.0,0.0,0.0,0.0,-1.108704,-0.6792085,-2.106796,1.733042,0.1159205,-1.764162,0.08365245,0.8070142,-0.1039417,0.5752621,15.30808,109.1585,0.9166319,0.6254537,0.05037799,-0.7786327,0.0,0.0,0.0,3.198881,0.02179913,-2.41418,0.5796,0.4007999,1.915,-0.3241517,0.01542996,-0.9458793,0.2546049,0.9643968,-0.07152072,0.9110994,-0.2640091,-0.3165394,static,-62.24634,4.29522,16.83913,11.82109,-9.026178561806457,6.774969050758883
05/11/2023 10:29:52.199505,967,True,True,True,True,Eyes,1.514385,0.1147494,-1.737205,0.8818696,-0.03463614,-0.4702195,0.0,0.0,0.0,0.0,0.0,0.0,0.0,-1.098821,-0.6785643,-2.122279,1.742975,0.1148083,-1.766574,0.082862,0.8082507,-0.1034445,0.5737281,15.2065,109.3836,0.9054155,0.6283278,0.05032906,-0.7763184,0.0,0.0,0.0,3.206066,0.0233154,-2.422783,0.5796,0.4008,1.915,-0.32794,0.01524856,-0.9445755,0.2526446,0.9648663,-0.07213762,0.910289,-0.2622987,-0.3202707,static,-61.93312,4.21277,16.83913,11.82109,-8.984464416780646,6.752675798735622
05/11/2023 10:29:52.209677,968,True,True,True,True,Eyes,1.524533,0.1147906,-1.73744,0.8793437,-0.03426535,-0.4749532,0.0,0.0,0.0,0.0,0.0,0.0,0.0,-1.088161,-0.6784406,-2.138255,1.753399,0.1132351,-1.768977,0.08198439,0.8095196,-0.1031436,0.5721169,15.1177,109.6154,0.8734022,0.631163,0.05027212,-0.7740189,0.0,0.0,0.0,3.213171,0.02243234,-2.430818,0.5796002,0.4008001,1.915,-0.3319215,0.01471562,-0.9431922,0.2507563,0.9652799,-0.07318416,0.9093675,-0.2608028,-0.3240872,static,-61.62553,4.126436,16.83913,11.82109,-8.943322855433536,6.729224892757771
05/11/2023 10:29:52.229761,969,True,True,True,True,Eyes,1.534703,0.1147777,-1.73778,0.8768284,-0.0339283,-0.479605,0.0,0.0,0.0,0.0,0.0,0.0,0.0,-1.08067,-0.6784335,-2.152218,1.763077,0.1132867,-1.771691,0.08130015,0.8104724,-0.1025906,0.5709642,15.0186,109.7863,0.8680331,0.633958,0.05020786,-0.7717355,0.0,0.0,0.0,3.220388,0.02023497,-2.438393,0.5795999,0.4008001,1.915001,-0.3347805,0.014632,-0.9421825,0.2489341,0.965731,-0.07345469,0.90882,-0.2591325,-0.3269503,static,-61.32235,4.046487,16.83912,11.82109,-8.902941136720354,6.707605032416824
05/11/2023 10:29:52.239659,970,True,True,True,True,Eyes,1.544869,0.1147079,-1.738231,0.8743085,-0.0335758,-0.4842078,0.0,0.0,0.0,0.0,0.0,0.0,0.0,-1.070043,-0.6784741,-2.168418,1.773606,0.1120041,-1.774579,0.08079504,0.8117774,-0.1022073,0.569248,14.94691,110.0362,0.8784543,0.6367134,0.05013451,-0.7694685,0.0,0.0,0.0,3.227348,0.01640341,-2.446711,0.5796001,0.4008002,1.915,-0.3388577,0.01481258,-0.9407211,0.2475378,0.9660517,-0.07395427,0.9076897,-0.257924,-0.3310207,static,-61.02153,3.966638,16.83913,11.82109,-8.862856505567224,6.686001770606894
05/11/2023 10:29:52.260006,971,True,True,True,True,Eyes,1.555043,0.1145897,-1.7388,0.8717679,-0.03331122,-0.4887854,0.0,0.0,0.0,0.0,0.0,0.0,0.0,-1.060141,-0.678645,-2.183818,1.783587,0.1106304,-1.777667,0.08144581,0.8130546,-0.1017056,0.5674194,14.94029,110.3111,1.009366,0.6394285,0.05005042,-0.7672192,0.0,0.0,0.0,3.23386,0.01089288,-2.455514,0.5795997,0.4008001,1.915,-0.3428038,0.01702034,-0.9392529,0.2478592,0.9660451,-0.07295656,0.9061189,-0.2578123,-0.3353826,static,-60.72139,3.898737,16.83912,11.82109,-8.823251103776087,6.66786479684346
05/11/2023 10:29:52.279668,972,True,True,True,True,Eyes,1.565221,0.1144427,-1.739499,0.8692393,-0.03298884,-0.4932896,0.0,0.0,0.0,0.0,0.0,0.0,0.0,-1.052808,-0.6782315,-2.198541,1.793831,0.1094528,-1.781059,0.08236779,0.8140447,-0.1010088,0.5659895,14.93304,110.5333,1.171951,0.6421028,0.04995446,-0.7649887,0.0,0.0,0.0,3.239341,0.004009858,-2.467576,0.5795997,0.4008,1.915,-0.345743,0.01976223,-0.9381213,0.248442,0.9660255,-0.07121281,0.9048417,-0.25769,-0.3389063,static,-60.42527,3.82597,16.83912,11.82109,-8.783985434200538,6.648293470622909
05/11/2023 10:29:52.289484,973,True,True,True,True,Eyes,1.575416,0.1142424,-1.740333,0.8666579,-0.03272671,-0.4978284,0.0,0.0,0.0,0.0,0.0,0.0,0.0,-1.04506,-0.6766777,-2.214044,1.804011,0.1086819,-1.784871,0.08273131,0.8151473,-0.1000799,0.5645126,14.86637,110.7619,1.297374,0.644736,0.04984646,-0.7627777,0.0,0.0,0.0,3.243815,-0.002837703,-2.480623,0.5795997,0.4008,1.915,-0.3489622,0.02188364,-0.9368812,0.2478692,0.9662791,-0.06975404,0.9037622,-0.2565655,-0.3426191,static,-60.12594,3.761152,16.83912,11.82109,-8.744582680655757,6.631047574317091
05/11/2023 10:29:52.309560,974,True,True,True,True,Eyes,1.585615,0.1139795,-1.741302,0.8640831,-0.03243935,-0.5023028,0.0,0.0,0.0,0.0,0.0,0.0,0.0,-1.03571,-0.6763967,-2.230252,1.814491,0.1072723,-1.788951,0.08317297,0.8164046,-0.09948791,0.5627328,14.83599,111.0284,1.412906,0.6473276,0.0497252,-0.7605875,0.0,0.0,0.0,3.248317,-0.009772733,-2.493549,0.5795998,0.4007999,1.915,-0.3528284,0.02383537,-0.9353846,0.2477758,0.9663688,-0.06883646,0.9022858,-0.2560531,-0.3468681,static,-59.83001,3.695102,16.83913,11.82109,-8.705562490351344,6.613425961010119
05/11/2023 10:29:52.329361,975,True,True,True,True,Eyes,1.595817,0.1136708,-1.742404,0.8614913,-0.03221137,-0.5067496,0.0,0.0,0.0,0.0,0.0,0.0,0.0,-1.027524,-0.6759718,-2.2457,1.824677,0.1055665,-1.793133,0.08374564,0.8175209,-0.09892963,0.5611233,14.81728,111.2705,1.535437,0.6498772,0.04958929,-0.758419,0.0,0.0,0.0,3.25256,-0.0147882,-2.50701,0.5795997,0.4008001,1.915001,-0.3562549,0.02590419,-0.9340298,0.247951,0.9663993,-0.06777082,0.9008901,-0.2557373,-0.3507075,static,-59.53495,3.637094,16.83912,11.82109,-8.66691618701996,6.598135274673638
05/11/2023 10:29:52.340321,976,True,True,True,True,Eyes,1.606013,0.1132812,-1.743648,0.8589161,-0.0320351,-0.5111133,0.0,0.0,0.0,0.0,0.0,0.0,0.0,-1.021425,-0.677986,-2.259493,1.834853,0.1042095,-1.797425,0.08430711,0.8183227,-0.09883279,0.5598862,14.84227,111.452,1.619011,0.6523843,0.04943816,-0.7562734,0.0,0.0,0.0,3.25652,-0.01870395,-2.521359,0.5795997,0.4008,1.915,-0.3588399,0.02731064,-0.9329996,0.2486511,0.9662488,-0.06734946,0.8996704,-0.256159,-0.3535194,static,-59.24449,3.586443,16.83912,11.82109,-8.62908547854504,6.584956915176241
05/11/2023 10:29:52.359801,977,True,True,True,True,Eyes,1.616193,0.1127904,-1.745031,0.8563097,-0.03197678,-0.5154719,0.0,0.0,0.0,0.0,0.0,0.0,0.0,-1.015032,-0.6816051,-2.272959,1.844828,0.1019142,-1.802066,0.08524904,0.819142,-0.09916747,0.5584844,14.93274,111.6529,1.713691,0.6548482,0.04926989,-0.7541521,0.0,0.0,0.0,3.259937,-0.02134268,-2.536935,0.5795997,0.4008,1.915,-0.3616557,0.0288952,-0.931864,0.2504291,0.9657968,-0.06724393,0.8980483,-0.257685,-0.3565221,static,-58.95336,3.549737,16.83912,11.82109,-8.591631894780285,6.575831919399498
05/11/2023 10:29:52.379319,978,True,True,True,True,Eyes,1.626341,0.1122554,-1.746556,0.8537208,-0.03199632,-0.519747,0.0,0.0,0.0,0.0,0.0,0.0,0.0,-1.008164,-0.684845,-2.286488,1.854505,0.09906228,-1.806774,0.08638801,0.8200271,-0.09949133,0.5569508,15.0344,111.8741,1.830977,0.6572681,0.04908193,-0.7520563,0.0,0.0,0.0,3.2633,-0.02141444,-2.552299,0.5795999,0.4008,1.915,-0.3646858,0.03085745,-0.9306193,0.2525045,0.9652772,-0.0669434,0.8962398,-0.2593989,-0.3598146,static,-58.66686,3.522759,16.83913,11.82109,-8.555075942052603,6.569507665237305
05/11/2023 10:29:52.389996,979,True,True,True,True,Eyes,1.636478,0.1116982,-1.748224,0.8510867,-0.03209106,-0.5240434,0.0,0.0,0.0,0.0,0.0,0.0,0.0,-1.0023,-0.6913205,-2.29849,1.863824,0.09747779,-1.811695,0.08716,0.8207575,-0.1003143,0.5556055,15.16031,112.0583,1.876406,0.6596429,0.04887445,-0.7499877,0.0,0.0,0.0,3.266823,-0.02104749,-2.566505,0.5795993,0.4008001,1.915,-0.3674115,0.03160404,-0.9295216,0.2545449,0.9646803,-0.06781433,0.894548,-0.2615207,-0.3624794,static,-58.37796,3.504269,16.83911,11.82109,-8.518501538700107,6.565661103778393
05/11/2023 10:29:52.409488,980,True,True,True,True,Eyes,1.646623,0.1112501,-1.750037,0.84846,-0.03215649,-0.5282818,0.0,0.0,0.0,0.0,0.0,0.0,0.0,-0.9927735,-0.6968507,-2.312754,1.873532,0.09637946,-1.81676,0.08659195,0.8219096,-0.1010449,0.5538561,15.18986,112.2915,1.805907,0.6619723,0.04864852,-0.7479473,0.0,0.0,0.0,3.270219,-0.02121726,-2.581794,0.5796,0.4008001,1.915001,-0.3714908,0.0304128,-0.9279386,0.2542702,0.9645836,-0.07018062,0.8929399,-0.2620185,-0.366067,static,-58.09212,3.483294,16.83913,11.82109,-8.482225993636566,6.561076728485593
05/11/2023 10:29:52.429418,981,True,True,True,True,Eyes,1.656763,0.1110313,-1.751993,0.8457874,-0.03224133,-0.5325449,0.0,0.0,0.0,0.0,0.0,0.0,0.0,-0.9844545,-0.7021894,-2.327229,1.883803,0.09848522,-1.822032,0.08502175,0.822964,-0.1013102,0.5524836,15.11134,112.4708,1.66169,0.6642557,0.04841052,-0.7459356,0.0,0.0,0.0,3.27377,-0.02067272,-2.595196,0.5796002,0.4008,1.915,-0.3750668,0.02799517,-0.9265751,0.2518841,0.9650151,-0.07280312,0.8921208,-0.2606955,-0.3689966,static,-57.80368,3.464572,16.83914,11.82109,-8.44570119174275,6.557160365530064
05/11/2023 10:29:52.449530,982,True,True,True,True,Eyes,1.666934,0.1107865,-1.754108,0.8430136,-0.03234698,-0.5369189,0.0,0.0,0.0,0.0,0.0,0.0,0.0,-0.9787952,-0.7101195,-2.33966,1.893732,0.1037347,-1.827384,0.08378348,0.8237437,-0.1014746,0.5514795,15.04561,112.6016,1.549281,0.6664929,0.04817116,-0.7439529,0.0,0.0,0.0,3.277959,-0.02008985,-2.607421,0.5796002,0.4008,1.915001,-0.3777017,0.02610992,-0.9255593,0.2499545,0.9653665,-0.07476836,0.8915517,-0.2595878,-0.3711468,static,-57.50677,3.44765,16.83913,11.82108,-8.408181444655433,6.553811406253527
05/11/2023 10:29:52.459174,983,True,True,True,True,Eyes,1.67708,0.1106324,-1.756329,0.8402078,-0.03230371,-0.5413015,0.0,0.0,0.0,0.0,0.0,0.0,0.0,-0.9582336,-0.7170292,-2.359166,1.904377,0.1028012,-1.833245,0.08233898,0.8261067,-0.1024502,0.5479706,15.04089,113.0722,1.409912,0.6686841,0.04792941,-0.7419999,0.0,0.0,0.0,3.282148,-0.01935369,-2.618899,0.5795997,0.4008,1.915,-0.385897,0.02376217,-0.9222359,0.248321,0.9654484,-0.07903094,0.8884933,-0.2595083,-0.3784643,static,-57.20845,3.415238,16.83912,11.82109,-8.36997462042724,6.545971359390605
05/11/2023 10:29:52.479443,984,True,True,True,True,Eyes,1.687218,0.1105844,-1.758689,0.837447,-0.03218344,-0.54557,0.0,0.0,0.0,0.0,0.0,0.0,0.0,-0.9448067,-0.7131507,-2.37708,1.913799,0.104826,-1.837971,0.08044952,0.8278777,-0.1009865,0.5458462,14.77567,113.3801,1.360539,0.6708294,0.04768926,-0.7400765,0.0,0.0,0.0,3.287618,-0.01747534,-2.628185,0.5796001,0.4008001,1.915,-0.3911595,0.02295848,-0.9200364,0.243451,0.9666592,-0.07938289,0.8875392,-0.2550352,-0.3837072,static,-56.91704,3.375994,16.83913,11.82109,-8.332402364051061,6.53611076771159
05/11/2023 10:29:52.499419,985,True,True,True,True,Eyes,1.697395,0.1105694,-1.761199,0.834602,-0.03194754,-0.5499262,0.0,0.0,0.0,0.0,0.0,0.0,0.0,-0.9406884,-0.7141839,-2.390861,1.923697,0.10734,-1.843648,0.07985195,0.828589,-0.1002074,0.5449978,14.66101,113.5068,1.368402,0.6729289,0.04745482,-0.738183,0.0,0.0,0.0,3.294338,-0.01332492,-2.634319,0.5796003,0.4008002,1.915001,-0.3932023,0.02310329,-0.9191618,0.2415545,0.9671643,-0.07902315,0.8871548,-0.2530997,-0.385872,static,-56.61878,3.324817,16.83913,11.82109,-8.29358329995928,6.5228207750750045
05/11/2023 10:29:52.509407,986,True,True,True,True,Eyes,1.707564,0.1106761,-1.763832,0.8316968,-0.03163364,-0.5543283,0.0,0.0,0.0,0.0,0.0,0.0,0.0,-0.9219474,-0.7097282,-2.412895,1.93461,0.1080892,-1.849693,0.07739307,0.8309406,-0.0988961,0.5420033,14.37387,113.9288,1.266688,0.6749832,0.04722675,-0.7363197,0.0,0.0,0.0,3.301568,-0.00737083,-2.640876,0.5795999,0.4008002,1.915001,-0.4004857,0.02141407,-0.9160529,0.2358221,0.9684598,-0.08045898,0.8854374,-0.2482482,-0.3929041,static,-56.31643,3.266134,16.83912,11.82109,-8.254007207782266,6.5073724948908085
05/11/2023 10:29:52.529581,987,True,True,True,True,Eyes,1.717746,0.1108617,-1.766589,0.828679,-0.03141499,-0.5588419,0.0,0.0,0.0,0.0,0.0,0.0,0.0,-0.904774,-0.7122105,-2.430828,1.94437,0.1110421,-1.85523,0.07479012,0.8329411,-0.09868891,0.5393295,14.18639,114.2873,1.072092,0.6769924,0.04700932,-0.7344868,0.0,0.0,0.0,3.306105,-0.005502671,-2.651744,0.5796,0.4008,1.915,-0.4070604,0.01813984,-0.9132212,0.2310432,0.9693338,-0.08373104,0.8836974,-0.2450771,-0.3987685,static,-56.00518,3.217465,16.83913,11.82109,-8.213653906869052,6.494879350816545
05/11/2023 10:29:52.539631,988,True,True,True,True,Eyes,1.727928,0.1110918,-1.769452,0.8255441,-0.03118586,-0.5634753,0.0,0.0,0.0,0.0,0.0,0.0,0.0,-0.8828864,-0.7199912,-2.44918,1.954666,0.1130418,-1.860877,0.07297342,0.8352784,-0.09947907,0.5358067,14.14548,114.7542,0.9042609,0.6789573,0.04680452,-0.7326839,0.0,0.0,0.0,3.310349,-0.001465291,-2.664075,0.5795998,0.4008001,1.915001,-0.4151721,0.01530314,-0.9096141,0.2285093,0.9695576,-0.08798614,0.8805767,-0.2443847,-0.4060302,static,-55.6845,3.167835,16.83912,11.82109,-8.17209497369664,6.482156837319525
05/11/2023 10:29:52.559478,989,True,True,True,True,Eyes,1.738088,0.1113482,-1.772407,0.8223954,-0.03103069,-0.5680694,0.0,0.0,0.0,0.0,0.0,0.0,0.0,-0.8587508,-0.7252028,-2.468181,1.964551,0.1142987,-1.866216,0.07156797,0.8378552,-0.09983149,0.5318934,14.08858,115.2832,0.8109623,0.6808785,0.04661281,-0.7309111,0.0,0.0,0.0,3.317736,0.006519303,-2.668009,0.5795998,0.4008,1.915,-0.423935,0.01372775,-0.9055886,0.2261266,0.9698234,-0.0911556,0.8770097,-0.2434217,-0.4142464,static,-55.36523,3.126664,16.83912,11.82109,-8.130990920819375,6.471883506558964
05/11/2023 10:29:52.579558,990,True,True,True,True,Eyes,1.748237,0.1116144,-1.775459,0.819167,-0.03088388,-0.572723,0.0,0.0,0.0,0.0,0.0,0.0,0.0,-0.8388273,-0.730323,-2.484879,1.973979,0.115173,-1.871301,0.0707265,0.8399471,-0.1001814,0.5286306,14.06784,115.7245,0.7617045,0.6827568,0.04643387,-0.7291682,0.0,0.0,0.0,3.323382,0.009584799,-2.678655,0.5795999,0.4008001,1.915001,-0.431095,0.01289517,-0.9022143,0.2247309,0.9699229,-0.09351775,0.8738725,-0.2430705,-0.4210269,static,-55.04057,3.086664,16.83912,11.82109,-8.089254564632421,6.46197866963908
05/11/2023 10:29:52.589979,991,True,True,True,True,Eyes,1.758355,0.1118689,-1.778595,0.8159074,-0.03087789,-0.5773575,0.0,0.0,0.0,0.0,0.0,0.0,0.0,-0.81873,-0.7354581,-2.501736,1.983618,0.1156636,-1.87664,0.07016109,0.8420385,-0.1005307,0.5253021,14.06444,116.1758,0.7406375,0.6845925,0.04626677,-0.7274557,0.0,0.0,0.0,3.326237,0.01566876,-2.693366,0.5796,0.4008001,1.915001,-0.4382705,0.01253873,-0.8987559,0.2237746,0.969942,-0.09558988,0.8705425,-0.2430129,-0.4279029,static,-54.71577,3.061343,16.83912,11.82109,-8.047985550463704,6.456337566349148
05/11/2023 10:29:52.609397,992,True,True,True,True,Eyes,1.768452,0.1121088,-1.781805,0.8125387,-0.03085906,-0.5820898,0.0,0.0,0.0,0.0,0.0,0.0,0.0,-0.7957864,-0.7390653,-2.519093,1.992767,0.1156498,-1.881709,0.06964248,0.844406,-0.100676,0.5215291,14.04383,116.6904,0.7443172,0.6863866,0.04610979,-0.7257732,0.0,0.0,0.0,3.330089,0.01725382,-2.704417,0.5796,0.4008,1.915,-0.4463144,0.01260213,-0.8947873,0.222624,0.9700285,-0.09738169,0.866742,-0.242664,-0.4357433,static,-54.38279,3.034652,16.83913,11.82109,-8.005653003431224,6.450341723543954
05/11/2023 10:29:52.629649,993,True,True,True,True,Eyes,1.778515,0.1123554,-1.785078,0.8091906,-0.03093019,-0.5867316,0.0,0.0,0.0,0.0,0.0,0.0,0.0,-0.7716798,-0.7426907,-2.536529,2.002101,0.1155629,-1.88661,0.06948858,0.8468402,-0.1007377,0.5175759,14.03702,117.2322,0.792166,0.68814,0.04596129,-0.7241204,0.0,0.0,0.0,3.334269,0.01964623,-2.71509,0.5796003,0.4008,1.915,-0.4545729,0.01341264,-0.8906083,0.2219703,0.9700465,-0.09868628,0.8626079,-0.2425487,-0.4439341,static,-54.05471,3.017615,16.83914,11.82109,-7.964249254611891,6.447123708119939
05/11/2023 10:29:52.639740,994,True,True,True,True,Eyes,1.788549,0.1125801,-1.788412,0.8057528,-0.03105816,-0.591437,0.0,0.0,0.0,0.0,0.0,0.0,0.0,-0.7503914,-0.747663,-2.552053,2.011089,0.1160541,-1.891325,0.07046428,0.848983,-0.1006871,0.5139309,14.08676,117.7408,0.9542673,0.6898537,0.0458207,-0.7224969,0.0,0.0,0.0,3.338919,0.01734863,-2.723789,0.5795996,0.4008,1.915,-0.46182,0.01615352,-0.8868268,0.2231384,0.9697937,-0.09853578,0.8584474,-0.2433908,-0.4514747,static,-53.72066,3.006015,16.83912,11.82109,-7.922281884542494,6.445516153104492
05/11/2023 10:29:52.659891,995,True,True,True,True,Eyes,1.798524,0.1127789,-1.791792,0.8023732,-0.03140571,-0.5959957,0.0,0.0,0.0,0.0,0.0,0.0,0.0,-0.7287793,-0.7558528,-2.566571,2.0202,0.1158272,-1.896073,0.07186822,0.8510433,-0.1012578,0.5102031,14.22227,118.2545,1.123224,0.6915284,0.04568638,-0.7209026,0.0,0.0,0.0,3.342818,0.0148764,-2.732663,0.5796,0.4008,1.915,-0.4690555,0.01900188,-0.8829642,0.22565,0.9691637,-0.09901471,0.8538554,-0.2456843,-0.4588794,static,-53.39536,3.016384,16.83913,11.82109,-7.882129280227341,6.450242582072925
05/11/2023 10:29:52.679921,996,True,True,True,True,Eyes,1.808446,0.1130003,-1.795214,0.798937,-0.03189005,-0.6005686,0.0,0.0,0.0,0.0,0.0,0.0,0.0,-0.7075396,-0.7656773,-2.579394,2.028536,0.1154665,-1.900489,0.0732199,0.8529887,-0.1022123,0.5065588,14.39186,118.7505,1.263495,0.6931648,0.04555674,-0.7193375,0.0,0.0,0.0,3.347833,0.0184979,-2.741288,0.5795997,0.4008002,1.915001,-0.4760741,0.02135839,-0.8791458,0.2284646,0.968383,-0.1001916,0.8492099,-0.2485523,-0.4659018,static,-53.06747,3.039538,16.83912,11.82109,-7.842076480344052,6.458695616917975
05/11/2023 10:29:52.689599,997,True,True,True,True,Eyes,1.81831,0.1132491,-1.798674,0.7956074,-0.03260238,-0.6049345,0.0,0.0,0.0,0.0,0.0,0.0,0.0,-0.6892835,-0.7804378,-2.589794,2.036955,0.1162112,-1.904871,0.07387645,0.8544819,-0.1041253,0.5035483,14.61645,119.1405,1.266525,0.6947641,0.04543224,-0.7178009,0.0,0.0,0.0,3.354256,0.02868952,-2.748404,0.5795999,0.4008,1.915,-0.4819629,0.0213879,-0.8759307,0.2311165,0.9674004,-0.1035457,0.8451611,-0.2523472,-0.4711942,static,-52.75271,3.084918,16.83912,11.82109,-7.8043921787742345,6.4735341790644405
05/11/2023 10:29:52.709517,998,True,True,True,True,Eyes,1.828124,0.1135014,-1.802166,0.7921984,-0.03346602,-0.6093454,0.0,0.0,0.0,0.0,0.0,0.0,0.0,-0.6696209,-0.7967328,-2.599707,2.045242,0.1170838,-1.90917,0.07414627,0.8560257,-0.1064122,0.5003986,14.85588,119.5403,1.212022,0.6963261,0.04531356,-0.7162932,0.0,0.0,0.0,3.357117,0.03365555,-2.762925,0.5796,0.4008001,1.915001,-0.4882073,0.02044515,-0.8724883,0.2334393,0.9663575,-0.1079779,0.840928,-0.2563886,-0.4765555,static,-52.43313,3.143599,16.83913,11.82109,-7.766547120384056,6.492260958516928
05/11/2023 10:29:52.729494,999,True,True,True,True,Eyes,1.83787,0.1137678,-1.805677,0.7888721,-0.03446443,-0.6135904,0.0,0.0,0.0,0.0,0.0,0.0,0.0,-0.6484292,-0.813113,-2.609671,2.053607,0.1173616,-1.913353,0.07429344,0.8576449,-0.1088458,0.49707,15.1033,119.9602,1.141105,0.6978527,0.04520025,-0.7148132,0.0,0.0,0.0,3.356624,0.03482843,-2.781894,0.5796,0.4008001,1.915001,-0.4948041,0.01922682,-0.8687921,0.2356427,0.9652662,-0.112844,0.836446,-0.2605601,-0.4821483,static,-52.12397,3.214839,16.83913,11.82109,-7.7304139553751385,6.514580115886602
05/11/2023 10:29:52.739972,1000,True,True,True,True,Eyes,1.847558,0.1140855,-1.809214,0.7855093,-0.03555404,-0.6178277,0.0,0.0,0.0,0.0,0.0,0.0,0.0,-0.6297694,-0.8293691,-2.618235,2.061522,0.1179406,-1.917246,0.07484892,0.8590215,-0.1111166,0.4940979,15.35914,120.3367,1.116455,0.6993446,0.04509243,-0.7133605,0.0,0.0,0.0,3.359172,0.03130992,-2.793365,0.5796001,0.4008,1.915,-0.5005297,0.01878867,-0.8655155,0.2383986,0.9641016,-0.1169377,0.8322476,-0.2648685,-0.4870407,static,-51.81384,3.293559,16.83914,11.82109,-7.69440706466338,6.539076688502184
05/11/2023 10:29:52.759762,1001,True,True,True,True,Eyes,1.857183,0.1144262,-1.81277,0.7822284,-0.03657674,-0.6219171,0.0,0.0,0.0,0.0,0.0,0.0,0.0,-0.6134658,-0.8433708,-2.627126,2.069642,0.1194675,-1.921382,0.07524011,0.8602433,-0.1128216,0.4915198,15.54958,120.6656,1.102775,0.700802,0.04499163,-0.7119353,0.0,0.0,0.0,3.36161,0.02315229,-2.805929,0.5796,0.4008,1.915,-0.5054947,0.01854145,-0.8626307,0.2403577,0.9632204,-0.1201441,0.8286759,-0.2680721,-0.4913594,static,-51.51326,3.365854,16.83913,11.82109,-7.659376823812289,6.561656995826672
05/11/2023 10:29:52.779645,1002,True,True,True,True,Eyes,1.866746,0.1147723,-1.816341,0.7788853,-0.0375376,-0.626042,0.0,0.0,0.0,0.0,0.0,0.0,0.0,-0.5937837,-0.8542542,-2.637268,2.077539,0.1203539,-1.92532,0.07537255,0.8617981,-0.1141106,0.488469,15.683,121.0618,1.097032,0.702226,0.04489809,-0.7105368,0.0,0.0,0.0,3.361614,0.0127968,-2.821911,0.5795999,0.4008001,1.915,-0.5114343,0.0184329,-0.8591248,0.2413908,0.9625955,-0.1230462,0.8247216,-0.2703148,-0.4967538,static,-51.20884,3.431358,16.83913,11.82109,-7.623644288856409,6.582285343915363
05/11/2023 10:29:52.799353,1003,True,True,True,True,Eyes,1.876245,0.1151419,-1.819927,0.7756396,-0.03824986,-0.630016,0.0,0.0,0.0,0.0,0.0,0.0,0.0,-0.5739001,-0.857134,-2.649777,2.08543,0.120847,-1.929181,0.07508455,0.8635209,-0.1140667,0.4854718,15.65837,121.4654,1.125997,0.7036177,0.04481135,-0.7091643,0.0,0.0,0.0,3.361121,0.001121327,-2.83745,0.5795999,0.4008001,1.915,-0.5173587,0.01892179,-0.8555593,0.2404265,0.9627022,-0.1240951,0.8213007,-0.2699008,-0.5026118,static,-50.91465,3.474306,16.83912,11.82109,-7.58844033185292,6.596309164015454
05/11/2023 10:29:52.809834,1004,True,True,True,True,Eyes,1.885699,0.1155244,-1.823542,0.7723306,-0.03881601,-0.6340338,0.0,0.0,0.0,0.0,0.0,0.0,0.0,-0.5573697,-0.8567324,-2.662462,2.093195,0.1218012,-1.933145,0.07433332,0.8650055,-0.1134902,0.4830735,15.55458,121.7905,1.127057,0.7049775,0.04473169,-0.7078175,0.0,0.0,0.0,3.360417,-0.00957194,-2.8526,0.5796003,0.4008002,1.915001,-0.5222292,0.01894921,-0.8525947,0.2382457,0.9631891,-0.1245225,0.8188503,-0.2681563,-0.50752,static,-50.6162,3.503317,16.83914,11.82109,-7.552245802268716,6.606307936773189
05/11/2023 10:29:52.829514,1005,True,True,True,True,Eyes,1.89511,0.1159027,-1.82718,0.7690309,-0.03915831,-0.638011,0.0,0.0,0.0,0.0,0.0,0.0,0.0,-0.5366699,-0.8529544,-2.677422,2.101354,0.1224867,-1.93738,0.07282573,0.8668827,-0.112525,0.4801551,15.36858,122.183,1.081746,0.7063069,0.04465891,-0.7064955,0.0,0.0,0.0,3.359745,-0.01892908,-2.867999,0.5796005,0.4008001,1.915,-0.5282952,0.01820383,-0.8488657,0.2343217,0.9640691,-0.1251567,0.8160868,-0.2650273,-0.5135786,static,-50.31989,3.512158,16.83914,11.82109,-7.5156515623111,6.610437764638026
05/11/2023 10:29:52.840250,1006,True,True,True,True,Eyes,1.904492,0.1162595,-1.830844,0.7656263,-0.03939142,-0.6420783,0.0,0.0,0.0,0.0,0.0,0.0,0.0,-0.5121092,-0.8487024,-2.692945,2.109537,0.1227551,-1.941464,0.07104411,0.8690401,-0.1116409,0.4767165,15.1755,122.6404,1.011546,0.7076064,0.04459221,-0.7051982,0.0,0.0,0.0,3.359419,-0.02406259,-2.882833,0.5796001,0.4008001,1.915,-0.5353883,0.01703827,-0.8444343,0.2299224,0.9649781,-0.1263049,0.8127086,-0.2617765,-0.5205555,static,-50.01574,3.510688,16.83913,11.82109,-7.477740840388317,6.6116144636817875
05/11/2023 10:29:52.859271,1007,True,True,True,True,Eyes,1.913848,0.1165816,-1.834533,0.76221,-0.03955728,-0.6461202,0.0,0.0,0.0,0.0,0.0,0.0,0.0,-0.4865384,-0.8457809,-2.708235,2.117995,0.1226023,-1.94568,0.06986105,0.8712354,-0.1108924,0.4730447,15.02981,123.1314,0.9977083,0.7088771,0.04453016,-0.7039247,0.0,0.0,0.0,3.361427,-0.02369235,-2.894639,0.5796001,0.4008,1.915,-0.5426964,0.01681674,-0.8397605,0.2266449,0.9656447,-0.1271319,0.8087724,-0.2593215,-0.5278632,static,-49.71228,3.503434,16.83913,11.82109,-7.439724998245162,6.61110776687172
05/11/2023 10:29:52.869785,1008,True,True,True,True,Eyes,1.923172,0.1168626,-1.838249,0.7586823,-0.03969542,-0.6502503,0.0,0.0,0.0,0.0,0.0,0.0,0.0,-0.4620267,-0.8449078,-2.722212,2.126267,0.1224883,-1.94981,0.06915348,0.8732815,-0.1103992,0.4694779,14.93667,123.608,1.015314,0.7101201,0.04447101,-0.7026744,0.0,0.0,0.0,3.365248,-0.0192735,-2.904429,0.5796,0.4008,1.914999,-0.5496171,0.01712094,-0.8352416,0.2244409,0.9660596,-0.1278871,0.8047036,-0.2577512,-0.5348055,static,-49.40083,3.493364,16.83914,11.82109,-7.400621521674265,6.609825389315475
05/11/2023 10:29:52.889297,1009,True,True,True,True,Eyes,1.932477,0.1171002,-1.841995,0.7552113,-0.04044769,-0.6542322,0.0,0.0,0.0,0.0,0.0,0.0,0.0,-0.4351634,-0.846577,-2.735804,2.134783,0.1214554,-1.954131,0.06918712,0.8754517,-0.1102824,0.4654411,14.92171,124.1481,1.095846,0.7113366,0.04441294,-0.7014465,0.0,0.0,0.0,3.369924,-0.01329485,-2.913568,0.5796,0.4008002,1.915,-0.5571555,0.01848004,-0.8302026,0.2237999,0.9661019,-0.1286887,0.7996821,-0.2574989,-0.5424049,static,-49.09793,3.53779,16.83913,11.82109,-7.364382109066057,6.6243243649849575
05/11/2023 10:29:52.909546,1010,True,True,True,True,Eyes,1.941759,0.1172856,-1.845776,0.7516111,-0.04123721,-0.6583163,0.0,0.0,0.0,0.0,0.0,0.0,0.0,-0.4092278,-0.8511424,-2.748201,2.143371,0.1207035,-1.958548,0.0691304,0.8774419,-0.1106997,0.4615868,14.95643,124.6548,1.13403,0.7125274,0.04435426,-0.7002407,0.0,0.0,0.0,3.374714,-0.008047193,-2.922749,0.5795996,0.4008,1.915,-0.5643173,0.01912078,-0.8253367,0.2235108,0.9659331,-0.1304457,0.7947259,-0.2580844,-0.5493665,static,-48.78574,3.584348,16.83912,11.82109,-7.327056637603868,6.639491485360639
05/11/2023 10:29:52.929417,1011,True,True,True,True,Eyes,1.951019,0.1174183,-1.849589,0.7479791,-0.04265045,-0.6623505,0.0,0.0,0.0,0.0,0.0,0.0,0.0,-0.381325,-0.8588414,-2.759569,2.151829,0.1196393,-1.963047,0.06916248,0.8794895,-0.1117321,0.4574178,15.05859,125.1951,1.153445,0.7136934,0.04429307,-0.699056,0.0,0.0,0.0,3.37942,-0.002942666,-2.932138,0.5795997,0.4008,1.915,-0.5719715,0.0194388,-0.8200436,0.2238719,0.965465,-0.1332622,0.7891329,-0.2598068,-0.5565702,static,-48.47447,3.684336,16.83913,11.82109,-7.291610203620798,6.670170605641952
05/11/2023 10:29:52.939956,1012,True,True,True,True,Eyes,1.960255,0.1174912,-1.85343,0.7442176,-0.04412652,-0.666478,0.0,0.0,0.0,0.0,0.0,0.0,0.0,-0.3523998,-0.8692635,-2.769856,2.160269,0.1185379,-1.967509,0.06925485,0.8815143,-0.1132638,0.4531091,15.21532,125.7469,1.155356,0.7148353,0.04422774,-0.6978925,0.0,0.0,0.0,3.385714,0.002288461,-2.939601,0.5796001,0.4008,1.915,-0.579792,0.0194566,-0.8145324,0.2247399,0.9647502,-0.1369272,0.7831562,-0.2624472,-0.5637272,moving,-48.15422,3.78794,16.83914,11.82109,-7.255165309890581,6.701947211400931
05/11/2023 10:29:52.959445,1013,True,True,True,True,Eyes,1.969473,0.1175417,-1.857301,0.7405088,-0.04601149,-0.6704698,0.0,0.0,0.0,0.0,0.0,0.0,0.0,-0.3240974,-0.8802636,-2.779443,2.168651,0.1171704,-1.97191,0.06949028,0.8834355,-0.1149073,0.4488976,15.39158,126.2848,1.165872,0.7159538,0.04415653,-0.6967494,0.0,0.0,0.0,3.392558,0.003086284,-2.94325,0.5755992,0.398033,1.915001,-0.5873241,0.01961713,-0.8091141,0.2259436,0.9639348,-0.1406384,0.7771744,-0.2654144,-0.5705744,moving,-47.84175,3.925811,16.7294,11.74175,-7.2208205693397325,6.743634433793615
05/11/2023 10:29:52.979450,1014,True,True,True,True,Eyes,1.978673,0.1175608,-1.861204,0.7366737,-0.04794311,-0.6745468,0.0,0.0,0.0,0.0,0.0,0.0,0.0,-0.2958795,-0.8912752,-2.788902,2.177168,0.116696,-1.976414,0.06929269,0.8853112,-0.1165472,0.4447915,15.54545,126.8033,1.13079,0.7170497,0.04407929,-0.6956265,0.0,0.0,0.0,3.398564,0.002722949,-2.9485,0.571776,0.3953893,1.915,-0.5947183,0.01901279,-0.8037094,0.2263696,0.9632306,-0.1447195,0.7714059,-0.2680027,-0.5771548,moving,-47.52073,4.065435,16.62444,11.66591,-7.185469372616757,6.785875832174552
05/11/2023 10:29:52.989615,1015,True,True,True,True,Eyes,1.987864,0.1175427,-1.865136,0.732875,-0.05013012,-0.6785139,0.0,0.0,0.0,0.0,0.0,0.0,0.0,-0.2671418,-0.9024886,-2.798049,2.185712,0.115908,-1.980947,0.06883401,0.8871608,-0.1183848,0.4406732,15.70707,127.3168,1.059229,0.718124,0.04399548,-0.6945227,0.0,0.0,0.0,3.404826,0.001176491,-2.953906,0.5678228,0.3926558,1.915,-0.6021383,0.01779566,-0.7981938,0.2264716,0.9624938,-0.149386,0.7655981,-0.2707193,-0.5835845,moving,-47.20572,4.225463,16.51579,11.58745,-7.151540168486472,6.8340111621835815
05/11/2023 10:29:53.009413,1016,True,True,True,True,Eyes,1.997031,0.1174779,-1.869085,0.7289392,-0.05235373,-0.6825736,0.0,0.0,0.0,0.0,0.0,0.0,0.0,-0.2352557,-0.9132891,-2.80729,2.194334,0.1149679,-1.985448,0.06802321,0.8891905,-0.1203064,0.4361646,15.86009,127.8753,0.9545121,0.7191772,0.04390451,-0.6934378,0.0,0.0,0.0,3.411777,0.001787797,-2.957608,0.5637661,0.3898507,1.915,-0.6102665,0.01602444,-0.7920339,0.2259179,0.9617984,-0.1546119,0.7592995,-0.2732891,-0.5905735,moving,-46.88139,4.386027,16.40416,11.50688,-7.116468463483944,6.882351293416006
05/11/2023 10:29:53.029516,1017,True,True,True,True,Eyes,2.006187,0.1173454,-1.873053,0.7250541,-0.05467467,-0.6865181,0.0,0.0,0.0,0.0,0.0,0.0,0.0,-0.204721,-0.9239232,-2.815685,2.202701,0.1137333,-1.989673,0.06746136,0.8910797,-0.122188,0.431852,16.02312,128.41,0.8758842,0.72021,0.04380552,-0.6923713,0.0,0.0,0.0,3.417902,0.0005892813,-2.964093,0.5601681,0.3873623,1.915,-0.6179057,0.0146926,-0.7861149,0.2257611,0.9610381,-0.1594919,0.753143,-0.2760252,-0.597148,moving,-46.56379,4.553456,16.30504,11.43537,-7.082461258662863,6.932649637250449
05/11/2023 10:29:53.049663,1018,True,True,True,True,Eyes,2.015332,0.1172046,-1.87704,0.7210658,-0.05690025,-0.6905263,0.0,0.0,0.0,0.0,0.0,0.0,0.0,-0.1746243,-0.9291064,-2.825736,2.211322,0.1119453,-1.994001,0.0662378,0.8929795,-0.1234096,0.4277504,16.08546,128.917,0.7585804,0.7212237,0.0436969,-0.6913222,0.0,0.0,0.0,3.423476,-0.002085403,-2.970353,0.556155,0.3845874,1.915,-0.6252844,0.01272101,-0.7802933,0.2238749,0.9607652,-0.1637379,0.7475958,-0.2770709,-0.6035994,moving,-46.23939,4.710604,16.19437,11.35559,-7.0472680272332076,6.979998081377585
05/11/2023 10:29:53.059897,1019,True,True,True,True,Eyes,2.024477,0.1170364,-1.881049,0.7171285,-0.05910749,-0.6944301,0.0,0.0,0.0,0.0,0.0,0.0,0.0,-0.1460305,-0.9306214,-2.836635,2.219964,0.1115404,-1.9983,0.06450415,0.8948293,-0.1239231,0.4239844,16.05009,129.3824,0.6175197,0.7222185,0.04357949,-0.6902903,0.0,0.0,0.0,3.430543,-0.004197374,-2.975337,0.5522497,0.3818869,1.915,-0.6321527,0.01035744,-0.7747744,0.2205234,0.9609646,-0.1670826,0.7428002,-0.2764776,-0.6097603,moving,-45.92126,4.865093,16.08656,11.27791,-7.0127675053033185,7.02654125504698
05/11/2023 10:29:53.079569,1020,True,True,True,True,Eyes,2.033622,0.1168335,-1.885079,0.713054,-0.06120641,-0.6984324,0.0,0.0,0.0,0.0,0.0,0.0,0.0,-0.1158763,-0.9297183,-2.84836,2.228849,0.1106887,-2.002733,0.06262291,0.8967978,-0.1241336,0.4200273,15.97704,129.8739,0.4792438,0.7231954,0.04345327,-0.6892747,0.0,0.0,0.0,3.437346,-0.004214764,-2.981209,0.5483834,0.3792132,1.915001,-0.639311,0.008041202,-0.7689064,0.2165992,0.9613385,-0.1700388,0.737812,-0.2752521,-0.6163358,moving,-45.59351,5.008262,15.9797,11.20095,-6.976695595792444,7.069847656511822
05/11/2023 10:29:53.098997,1021,True,True,True,True,Eyes,2.042757,0.1165663,-1.889124,0.7090075,-0.0633399,-0.7023506,0.0,0.0,0.0,0.0,0.0,0.0,0.0,-0.08342421,-0.9294181,-2.859581,2.237732,0.109613,-2.007118,0.06111983,0.8988945,-0.1243651,0.4156759,15.92592,130.4196,0.3866611,0.7241553,0.04331798,-0.6882747,0.0,0.0,0.0,3.443505,-0.006061569,-2.988672,0.5447375,0.3766924,1.915,-0.646956,0.006489418,-0.7624999,0.2132717,0.9615954,-0.1727701,0.7320952,-0.2743942,-0.6234939,moving,-45.27024,5.15315,15.87884,11.12836,-6.941238149510287,7.1136296601546265
05/11/2023 10:29:53.109324,1022,True,True,True,True,Eyes,2.051876,0.1162603,-1.89318,0.7048159,-0.06543654,-0.7063658,0.0,0.0,0.0,0.0,0.0,0.0,0.0,-0.05016863,-0.9334573,-2.868697,2.246326,0.1078338,-2.011385,0.06053502,0.9009438,-0.1251815,0.4110542,15.98164,131.002,0.3674045,0.725099,0.04317233,-0.6872896,0.0,0.0,0.0,3.449939,-0.008735791,-2.995236,0.540832,0.3739914,1.915001,-0.6547402,0.006164544,-0.7558292,0.21199,0.9613302,-0.1757966,0.7255176,-0.2753293,-0.6307284,moving,-44.93707,5.292679,15.77067,11.05053,-6.904371320178637,7.155907529131016
05/11/2023 10:29:53.129828,1023,True,True,True,True,Eyes,2.060979,0.1159142,-1.897246,0.7006335,-0.0675639,-0.7103153,0.0,0.0,0.0,0.0,0.0,0.0,0.0,-0.01751244,-0.9384692,-2.876971,2.254823,0.1065922,-2.015542,0.06014596,0.9029121,-0.1260184,0.4065114,16.04947,131.5751,0.3670923,0.7260274,0.04301612,-0.6863188,0.0,0.0,0.0,3.45739,-0.01297416,-3.000286,0.5368376,0.3712291,1.915001,-0.6622617,0.006157212,-0.749247,0.2110688,0.9610037,-0.178667,0.7189291,-0.2764671,-0.6377356,moving,-44.60685,5.433523,15.65993,10.9709,-6.86791514972052,7.198551739610874
05/11/2023 10:29:53.139624,1024,True,True,True,True,Eyes,2.070065,0.115533,-1.901319,0.6963404,-0.06961561,-0.7143273,0.0,0.0,0.0,0.0,0.0,0.0,0.0,0.01549888,-0.9424746,-2.885164,2.263242,0.1053394,-2.01973,0.05978274,0.9049014,-0.1266685,0.4019139,16.09913,132.1568,0.3801923,0.7269403,0.04284921,-0.6853622,0.0,0.0,0.0,3.464133,-0.02018991,-3.006263,0.5329891,0.3685681,1.915001,-0.6697826,0.006375336,-0.7425299,0.2100146,0.9607623,-0.1811899,0.7122395,-0.2773,-0.6448407,moving,-44.26948,5.566249,15.55312,10.89415,-6.830300815313015,7.2388760624500845
05/11/2023 10:29:53.159671,1025,True,True,True,True,Eyes,2.079129,0.1151391,-1.905405,0.6921245,-0.07162728,-0.7182152,0.0,0.0,0.0,0.0,0.0,0.0,0.0,0.04533339,-0.9442615,-2.893709,2.27168,0.1041057,-2.023825,0.05910405,0.9066713,-0.1270556,0.3978828,16.10678,132.6637,0.361962,0.7278382,0.04267165,-0.6844196,0.0,0.0,0.0,3.470251,-0.02824363,-3.012622,0.5290173,0.3658213,1.915001,-0.6763921,0.006069398,-0.736517,0.2082824,0.9607272,-0.1833624,0.7064789,-0.2774283,-0.6510924,moving,-43.94017,5.695251,15.44277,10.81488,-6.793566847592254,7.2780763856701505
05/11/2023 10:29:53.179604,1026,True,True,True,True,Eyes,2.08818,0.1148241,-1.909514,0.6878438,-0.0735479,-0.722123,0.0,0.0,0.0,0.0,0.0,0.0,0.0,0.07319438,-0.9450022,-2.902403,2.279997,0.1034256,-2.028113,0.05788888,0.9082964,-0.127406,0.3942263,16.08645,133.1152,0.2806785,0.728722,0.04248416,-0.6834903,0.0,0.0,0.0,3.476356,-0.0363488,-3.018703,0.5252469,0.3632142,1.915001,-0.6824693,0.004706924,-0.7308995,0.2056141,0.9608332,-0.1858022,0.7013979,-0.2770875,-0.6567069,moving,-43.6073,5.815496,15.3379,10.7396,-6.756100515014006,7.3147523183281224
05/11/2023 10:29:53.189549,1027,True,True,True,True,Eyes,2.097207,0.1145774,-1.913658,0.6836342,-0.07550283,-0.7259089,0.0,0.0,0.0,0.0,0.0,0.0,0.0,0.0994066,-0.9462045,-2.911178,2.288536,0.1049232,-2.032666,0.05593856,0.9097766,-0.1277953,0.3909551,16.03767,133.5067,0.1108108,0.7295912,0.04229075,-0.6825743,0.0,0.0,0.0,3.481475,-0.04167244,-3.027012,0.521504,0.3606255,1.915002,-0.6880502,0.001858741,-0.725661,0.2017076,0.9610785,-0.1887914,0.6970662,-0.2762693,-0.6616451,moving,-43.28211,5.938064,15.2337,10.66482,-6.719666945259742,7.352062391800841
05/11/2023 10:29:53.209197,1028,True,True,True,True,Eyes,2.106209,0.1143228,-1.917822,0.6792539,-0.07744892,-0.7298054,0.0,0.0,0.0,0.0,0.0,0.0,0.0,0.1306262,-0.9515977,-2.91805,2.296713,0.1062445,-2.037507,0.05374546,0.9114403,-0.1291541,0.3869202,16.0826,133.9795,359.8824,0.7304462,0.04209451,-0.6816715,0.0,0.0,0.0,3.48825,-0.04089734,-3.034251,0.5175351,0.3578817,1.915001,-0.6948085,-0.001973107,-0.7191923,0.1979162,0.9608613,-0.1938421,0.6914265,-0.2770229,-0.667224,moving,-42.94534,6.057711,15.12309,10.58552,-6.681695371589985,7.388585219007874
05/11/2023 10:29:53.229543,1029,True,True,True,True,Eyes,2.115161,0.114189,-1.921997,0.6749591,-0.07938813,-0.7335719,0.0,0.0,0.0,0.0,0.0,0.0,0.0,0.1683789,-0.9548686,-2.924536,2.304856,0.105665,-2.041937,0.05119116,0.9134366,-0.1306935,0.3820109,16.13322,134.5558,359.6223,0.7312868,0.04189559,-0.6807818,0.0,0.0,0.0,3.495823,-0.03704676,-3.040136,0.5136853,0.3552196,1.915001,-0.7028945,-0.006332937,-0.7112663,0.1933725,0.9605973,-0.1996493,0.6845049,-0.2778716,-0.6739739,moving,-42.61714,6.176587,15.0157,10.50854,-6.644765174077032,7.424838951887022
05/11/2023 10:29:53.239549,1030,True,True,True,True,Eyes,2.124078,0.1141503,-1.926211,0.6705179,-0.08127338,-0.7374282,0.0,0.0,0.0,0.0,0.0,0.0,0.0,0.1963328,-0.9578251,-2.930902,2.312391,0.1083369,-2.046283,0.04896031,0.9149118,-0.1314757,0.3784885,16.11935,134.9675,359.4074,0.7321135,0.04169853,-0.6799048,0.0,0.0,0.0,3.496638,-0.04164453,-3.056087,0.5098678,0.3525794,1.915001,-0.7086987,-0.009935351,-0.7054414,0.1891128,0.9606341,-0.2035155,0.679693,-0.2776392,-0.6789213,moving,-42.27916,6.289296,14.9091,10.43216,-6.606413847761085,7.459353262435089
05/11/2023 10:29:53.259576,1031,True,True,True,True,Eyes,2.132961,0.1141416,-1.930453,0.666025,-0.08310214,-0.7412859,0.0,0.0,0.0,0.0,0.0,0.0,0.0,0.2310444,-0.9606278,-2.937172,2.32022,0.1104836,-2.051228,0.04679499,0.9167863,-0.1323098,0.3739084,16.11663,135.5132,359.2162,0.7329246,0.04150685,-0.6790421,0.0,0.0,0.0,3.500757,-0.03390431,-3.065813,0.5057199,0.3497112,1.915,-0.7160055,-0.01314148,-0.697971,0.1847455,0.9606087,-0.2076055,0.6732053,-0.2775936,-0.6853733,moving,-41.93882,6.396459,14.79315,10.34913,-6.567585581229445,7.492269376697523
05/11/2023 10:29:53.279499,1032,True,True,True,True,Eyes,2.141792,0.114175,-1.934708,0.661393,-0.08476043,-0.7452348,0.0,0.0,0.0,0.0,0.0,0.0,0.0,0.2707635,-0.9539087,-2.945423,2.327971,0.1111167,-2.05596,0.04419639,0.9191023,-0.131915,0.368641,15.9663,136.1559,359.0454,0.7337207,0.04132102,-0.6781932,0.0,0.0,0.0,3.509016,-0.02986212,-3.071649,0.5022112,0.3472843,1.915,-0.7243013,-0.01601656,-0.6892979,0.1785006,0.9612902,-0.2099016,0.6659772,-0.275072,-0.6934047,moving,-41.58893,6.48874,14.69497,10.27885,-6.527077007008673,7.5209138929830415
05/11/2023 10:29:53.289486,1033,True,True,True,True,Eyes,2.150572,0.1142245,-1.938995,0.6568033,-0.0864161,-0.7490939,0.0,0.0,0.0,0.0,0.0,0.0,0.0,0.3047706,-0.9477732,-2.952996,2.335311,0.1121509,-2.06036,0.04271954,0.9211261,-0.1310361,0.3640486,15.81341,136.7319,359.0051,0.7345015,0.04114205,-0.6773583,0.0,0.0,0.0,3.511934,-0.02296135,-3.086245,0.4982454,0.3445423,1.915001,-0.7312877,-0.01670683,-0.6818649,0.1741072,0.9620091,-0.2102975,0.6594738,-0.2725055,-0.7005967,moving,-41.24419,6.5806,14.58389,10.1994,-6.487195628192221,7.549408991738579
05/11/2023 10:29:53.309849,1034,True,True,True,True,Eyes,2.159287,0.1142691,-1.94332,0.6520634,-0.0879825,-0.7530421,0.0,0.0,0.0,0.0,0.0,0.0,0.0,0.3376019,-0.944698,-2.959602,2.342604,0.1126359,-2.065233,0.04244448,0.9230809,-0.1302133,0.3593953,15.71804,137.3286,359.093,0.7352677,0.04096971,-0.6765371,0.0,0.0,0.0,3.514431,-0.01802725,-3.098834,0.4942342,0.3417689,1.915001,-0.7380673,-0.01523675,-0.6745554,0.1719555,0.9624859,-0.2098862,0.652448,-0.2709036,-0.7077594,moving,-40.88947,6.664002,14.47143,10.119,-6.445792563885101,7.575500382865737
05/11/2023 10:29:53.329511,1035,True,True,True,True,Eyes,2.167906,0.114278,-1.947674,0.6473032,-0.0897281,-0.7569329,0.0,0.0,0.0,0.0,0.0,0.0,0.0,0.3703947,-0.9457711,-2.964385,2.349541,0.1126397,-2.070319,0.04292839,0.9249668,-0.1298699,0.3545807,15.70556,137.9478,359.2451,0.736017,0.04080361,-0.6757319,0.0,0.0,0.0,3.514894,-0.01874074,-3.114218,0.4902772,0.3390325,1.915,-0.7448594,-0.01268403,-0.6671008,0.1715133,0.9625819,-0.2098075,0.6448005,-0.2706938,-0.7148126,moving,-40.53593,6.76039,14.36038,10.03964,-6.404965251208433,7.605356876151114
05/11/2023 10:29:53.339992,1036,True,True,True,True,Eyes,2.176439,0.1143093,-1.952081,0.6423982,-0.09140513,-0.7609005,0.0,0.0,0.0,0.0,0.0,0.0,0.0,0.4038666,-0.9504563,-2.96666,2.355541,0.1118725,-2.0752,0.04364142,0.9267879,-0.1302624,0.349559,15.78104,138.5858,359.3941,0.7367498,0.0406418,-0.6749426,0.0,0.0,0.0,3.513757,-0.01865889,-3.131084,0.4868623,0.3366711,1.915,-0.7518079,-0.01017611,-0.6593036,0.1719615,0.9622543,-0.2109407,0.6365643,-0.2719617,-0.7216805,moving,-40.17308,6.849979,14.26445,9.971122,-6.3627544461492755,7.63328792705606
05/11/2023 10:29:53.359728,1037,True,True,True,True,Eyes,2.18488,0.1144193,-1.956552,0.6373917,-0.09360908,-0.7648328,0.0,0.0,0.0,0.0,0.0,0.0,0.0,0.4377202,-0.9503528,-2.970703,2.361797,0.1124048,-2.080656,0.04229454,0.9285834,-0.1305986,0.3448016,15.76604,139.1631,359.3145,0.7374651,0.04048474,-0.6741704,0.0,0.0,0.0,3.514334,-0.02024259,-3.144405,0.4828274,0.3338807,1.915001,-0.7586461,-0.01151318,-0.6514013,0.1686092,0.9623104,-0.2133768,0.6293068,-0.2717098,-0.7281117,moving,-39.80695,6.977816,14.151,9.890115,-6.3213984593175345,7.672344048037587
05/11/2023 10:29:53.379112,1038,True,True,True,True,Eyes,2.193251,0.1145406,-1.961098,0.6321734,-0.09574301,-0.7688889,0.0,0.0,0.0,0.0,0.0,0.0,0.0,0.4741441,-0.9473919,-2.974966,2.36776,0.1142918,-2.086488,0.03901203,0.9304357,-0.1312425,0.3399161,15.70872,139.726,359.0104,0.738161,0.04033485,-0.6734173,0.0,0.0,0.0,3.514893,-0.02241115,-3.158257,0.4790165,0.3312456,1.915002,-0.7658702,-0.01662647,-0.6427802,0.1618192,0.9625069,-0.2177037,0.6223,-0.2707469,-0.7344649,moving,-39.42673,7.098007,14.04374,9.813579,-6.278035968873343,7.709253947694681
05/11/2023 10:29:53.389674,1039,True,True,True,True,Eyes,2.201544,0.1146293,-1.965697,0.6268575,-0.09821931,-0.7729183,0.0,0.0,0.0,0.0,0.0,0.0,0.0,0.5184839,-0.941667,-2.978723,2.374138,0.1144833,-2.092536,0.03473233,0.9325892,-0.1323054,0.334016,15.66281,140.3958,358.5954,0.7388377,0.0401917,-0.6726834,0.0,0.0,0.0,3.513697,-0.0244256,-3.173193,0.4750248,0.3284854,1.915001,-0.7744544,-0.02360226,-0.6321898,0.1531662,0.9625779,-0.2235709,0.6138087,-0.2699755,-0.7418576,moving,-39.04298,7.242098,13.93129,9.733377,-6.235023336591948,7.753123367267728
05/11/2023 10:29:53.409316,1040,True,True,True,True,Eyes,2.209746,0.1147464,-1.970356,0.6213691,-0.1006716,-0.7770237,0.0,0.0,0.0,0.0,0.0,0.0,0.0,0.5644464,-0.9366429,-2.98074,2.380266,0.1136615,-2.098122,0.03107612,0.9347663,-0.1334521,0.3277758,15.65623,141.1131,358.2511,0.7394935,0.04005379,-0.6719705,0.0,0.0,0.0,3.512175,-0.02662897,-3.188398,0.4710373,0.3257276,1.914999,-0.7831948,-0.02938695,-0.6210818,0.1455826,0.9624496,-0.2291211,0.6044932,-0.2698651,-0.7495074,moving,-38.64857,7.382148,13.81886,9.653214,-6.190550239092419,7.795875425623165
05/11/2023 10:29:53.429987,1041,True,True,True,True,Eyes,2.217856,0.1148737,-1.975101,0.6158347,-0.1035064,-0.7810467,0.0,0.0,0.0,0.0,0.0,0.0,0.0,0.6026156,-0.9394479,-2.981137,2.386009,0.1143831,-2.103987,0.02935733,0.936524,-0.1346978,0.3223624,15.73704,141.7497,358.1034,0.7401289,0.03992145,-0.6712785,0.0,0.0,0.0,3.511305,-0.02909055,-3.202179,0.4673256,0.3231614,1.915001,-0.7904412,-0.03185532,-0.6117091,0.1418307,0.9619893,-0.233368,0.5958917,-0.2712228,-0.755878,moving,-38.25484,7.549006,13.71408,9.578568,-6.147047118377375,7.846409332552749
05/11/2023 10:29:53.439868,1042,True,True,True,True,Eyes,2.225875,0.1150169,-1.979927,0.610023,-0.1063965,-0.7852081,0.0,0.0,0.0,0.0,0.0,0.0,0.0,0.6438596,-0.9491841,-2.978532,2.391588,0.1147375,-2.110521,0.02836068,0.938293,-0.1369347,0.316308,15.95672,142.462,358.0089,0.7407428,0.03979453,-0.6706086,0.0,0.0,0.0,3.510257,-0.03523248,-3.215799,0.4634807,0.320502,1.915001,-0.7982901,-0.03340584,-0.6013464,0.1398484,0.9608891,-0.2390283,0.5858121,-0.2749112,-0.7623965,moving,-37.8434,7.71664,13.60546,9.501186,-6.101364991841169,7.897261975859584
05/11/2023 10:29:53.460860,1043,True,True,True,True,Eyes,2.225875,0.1150169,-1.979927,0.610023,-0.1063965,-0.7852081,0.0,0.0,0.0,0.0,0.0,0.0,0.0,0.6919695,-0.9581449,-2.973898,2.397094,0.1152004,-2.116978,0.02716419,0.9403491,-0.1392197,0.3092308,16.17847,143.2964,357.9106,0.7413336,0.03967323,-0.6699628,0.0,0.0,0.0,3.508605,-0.04297918,-3.228514,0.4595212,0.3177642,1.915,-0.807277,-0.03501439,-0.5891335,0.1371897,0.95976,-0.2450302,0.5740063,-0.2786302,-0.7699885,moving,-37.8434,7.71664,13.4935,9.421488,-6.101364991841169,7.897261975859584
05/11/2023 10:29:53.479624,1044,True,True,True,True,Eyes,2.225875,0.1150169,-1.979927,0.610023,-0.1063965,-0.7852081,0.0,0.0,0.0,0.0,0.0,0.0,0.0,0.7432101,-0.9716797,-2.965827,2.402428,0.115105,-2.123143,0.02684105,0.942432,-0.1420388,0.3015405,16.49377,144.211,357.904,0.7418645,0.03956409,-0.6693813,0.0,0.0,0.0,3.508626,-0.05241232,-3.239035,0.4557383,0.3151478,1.915001,-0.8167061,-0.03506917,-0.5759877,0.1362526,0.9582091,-0.2515365,0.5607378,-0.2839111,-0.777797,moving,-37.8434,7.71664,13.38643,9.345287,-6.101364991841169,7.897261975859584
05/11/2023 10:29:53.489562,1045,True,True,True,True,Eyes,2.234246,0.1151895,-1.985351,0.6032357,-0.1100343,-0.7899362,0.0,0.0,0.0,0.0,0.0,0.0,0.0,0.7935257,-0.984356,-2.957441,2.407752,0.1152303,-2.129449,0.02698944,0.9444883,-0.1443865,0.293881,16.77453,145.1335,357.972,0.7423422,0.03946576,-0.6688572,0.0,0.0,0.0,3.507934,-0.06265374,-3.249831,0.4519387,0.3125209,1.915001,-0.825811,-0.0338825,-0.5629281,0.1358473,0.9568481,-0.2568794,0.5473405,-0.2886061,-0.7855729,moving,-37.3672,7.929999,13.27879,9.268744,-6.049131258906235,7.961735267761452
05/11/2023 10:29:53.509773,1046,True,True,True,True,Eyes,2.242505,0.1153751,-1.990837,0.5962105,-0.113638,-0.7947448,0.0,0.0,0.0,0.0,0.0,0.0,0.0,0.8378516,-0.9968871,-2.949819,2.412921,0.1161732,-2.135773,0.02790069,0.9463259,-0.1460486,0.286982,17.00368,145.9813,358.1411,0.7428055,0.03937038,-0.6683483,0.0,0.0,0.0,3.506698,-0.07389396,-3.260936,0.4480975,0.3098646,1.915001,-0.8337257,-0.03102033,-0.5513067,0.1366329,0.9557827,-0.2604051,0.5350072,-0.2924331,-0.7926222,moving,-36.8769,8.137381,13.16988,9.191315,-5.994944895773821,8.024547092982438
05/11/2023 10:29:53.529333,1047,True,True,True,True,Eyes,2.250644,0.1155415,-1.996376,0.5893796,-0.1173569,-0.7992865,0.0,0.0,0.0,0.0,0.0,0.0,0.0,0.8812377,-1.008474,-2.942366,2.418167,0.1167861,-2.142416,0.02945168,0.9481727,-0.1471649,0.2800777,17.1919,146.8461,358.4054,0.7432529,0.03927821,-0.6678562,0.0,0.0,0.0,3.506148,-0.08474965,-3.270374,0.4442661,0.3072146,1.915001,-0.8413782,-0.02658463,-0.5397925,0.1382858,0.9549502,-0.2625779,0.5224555,-0.295573,-0.799798,moving,-36.4044,8.352891,13.06115,9.114033,-5.943242794287947,8.08962555864954
05/11/2023 10:29:53.544409,1048,True,True,True,True,Eyes,2.258649,0.1156763,-2.001966,0.5824374,-0.120984,-0.8038219,0.0,0.0,0.0,0.0,0.0,0.0,0.0,0.9183818,-1.019028,-2.936247,2.423127,0.11667,-2.149007,0.03126793,0.9497473,-0.1479827,0.2740506,17.35134,147.61,358.6963,0.7436828,0.03918841,-0.6673826,0.0,0.0,0.0,3.507182,-0.09247871,-3.278697,0.4402621,0.3044463,1.915001,-0.8478376,-0.02171622,-0.5298117,0.1405027,0.9542469,-0.2639544,0.5113033,-0.2982303,-0.805995,moving,-35.92653,8.559393,12.94742,9.033271,-5.890574720514579,8.152116282788812
05/11/2023 10:29:53.559591,1049,True,True,True,True,Eyes,2.266517,0.1157945,-2.007612,0.5757428,-0.1246014,-0.8080809,0.0,0.0,0.0,0.0,0.0,0.0,0.0,0.9491842,-1.026029,-2.932624,2.427743,0.116145,-2.155585,0.03247968,0.9510472,-0.1485122,0.2690695,17.45537,148.2383,358.9104,0.7440954,0.03909958,-0.6669278,0.0,0.0,0.0,3.506511,-0.0987152,-3.28873,0.4364762,0.3018282,1.915001,-0.8530936,-0.01814078,-0.5214429,0.1416996,0.9537784,-0.2650056,0.5021484,-0.2999628,-0.8110917,moving,-35.46918,8.765645,12.83979,8.956852,-5.840452826998482,8.214426213097328
05/11/2023 10:29:53.579590,1050,True,True,True,True,Eyes,2.274246,0.1158736,-2.013328,0.5689958,-0.1281689,-0.812291,0.0,0.0,0.0,0.0,0.0,0.0,0.0,0.9750278,-1.03375,-2.930042,2.432074,0.1159626,-2.162413,0.03317143,0.9520528,-0.1493903,0.264911,17.57956,148.7527,359.039,0.7444879,0.03901153,-0.6664947,0.0,0.0,0.0,3.506344,-0.09985439,-3.298897,0.4325749,0.2991305,1.915,-0.8574437,-0.01598836,-0.5143296,0.1423122,0.9531645,-0.2668799,0.4945076,-0.3020298,-0.8150096,moving,-35.01058,8.966598,12.72878,8.878081,-5.7900003289532,8.275203827126083
05/11/2023 10:29:53.599996,1051,True,True,True,True,Eyes,2.281829,0.1159222,-2.019103,0.562436,-0.131755,-0.8162759,0.0,0.0,0.0,0.0,0.0,0.0,0.0,1.000445,-1.041234,-2.927639,2.436303,0.1151305,-2.169631,0.03350689,0.9529802,-0.1505519,0.2608451,17.72365,149.2467,359.117,0.7448599,0.03892284,-0.6660842,0.0,0.0,0.0,3.508035,-0.0980425,-3.307488,0.4287205,0.296465,1.915001,-0.8616745,-0.01467868,-0.5072496,0.1424043,0.9524228,-0.2694658,0.4870715,-0.3044262,-0.8185881,moving,-34.56789,9.169022,12.61901,8.800211,-5.741576969915702,8.33632475668638
05/11/2023 10:29:53.609762,1052,True,True,True,True,Eyes,2.289266,0.1159673,-2.024953,0.5558659,-0.1352928,-0.8201883,0.0,0.0,0.0,0.0,0.0,0.0,0.0,1.024822,-1.047595,-2.925364,2.440198,0.1144761,-2.176649,0.03321305,0.9538127,-0.1518884,0.2570374,17.8677,149.6966,359.1136,0.7452101,0.03883276,-0.6656977,0.0,0.0,0.0,3.508577,-0.09411515,-3.318237,0.4247898,0.2937473,1.915001,-0.8656574,-0.01472391,-0.5004203,0.14144,0.9516537,-0.2726721,0.4802416,-0.3068201,-0.8217235,moving,-34.12666,9.366779,12.50697,8.720786,-5.693181232885387,8.39608262370059
05/11/2023 10:29:53.629579,1053,True,True,True,True,Eyes,2.296555,0.1159854,-2.030877,0.5491499,-0.1387734,-0.8241216,0.0,0.0,0.0,0.0,0.0,0.0,0.0,1.046801,-1.053702,-2.924159,2.444004,0.1144063,-2.184157,0.0326566,0.9545384,-0.1532004,0.2536134,18.00112,150.0948,359.0744,0.7455387,0.03874103,-0.665335,0.0,0.0,0.0,3.507448,-0.09050807,-3.330518,0.4209058,0.291061,1.915001,-0.8692276,-0.01536337,-0.4941734,0.1400512,0.9509264,-0.275907,0.4741614,-0.3090355,-0.8244199,moving,-33.67733,9.558338,12.39617,8.642244,-5.643572478432609,8.454083207855804
05/11/2023 10:29:53.659938,1054,True,True,True,True,Eyes,2.303695,0.1159855,-2.036884,0.5424159,-0.1421463,-0.8279972,0.0,0.0,0.0,0.0,0.0,0.0,0.0,1.070295,-1.057593,-2.922802,2.447553,0.1137991,-2.191651,0.03205994,0.9553629,-0.1542459,0.2499245,18.10424,150.5276,359.045,0.7458418,0.03864792,-0.6650007,0.0,0.0,0.0,3.505808,-0.08846679,-3.343467,0.4170959,0.2884264,1.915,-0.87302,-0.01584189,-0.4874273,0.1383574,0.9503607,-0.2786964,0.4676468,-0.3107467,-0.8274921,moving,-33.22857,9.741287,12.28738,8.565185,-5.593750337660113,8.50958031727021
05/11/2023 10:29:53.669357,1055,True,True,True,True,Eyes,2.310684,0.1159524,-2.042981,0.5355322,-0.1454117,-0.8319018,0.0,0.0,0.0,0.0,0.0,0.0,0.0,1.093264,-1.0585,-2.922723,2.450983,0.1133469,-2.199497,0.0313253,0.9562432,-0.154771,0.2462998,18.14533,150.9553,359.0153,0.7461202,0.03855227,-0.6646928,0.0,0.0,0.0,3.504268,-0.08793597,-3.355707,0.4132882,0.2857935,1.915001,-0.8767101,-0.01633094,-0.4807414,0.1361493,0.9501293,-0.2805667,0.4613484,-0.3114283,-0.8307646,moving,-32.77119,9.914811,12.17857,8.488137,-5.542543876368216,8.562385717666123
05/11/2023 10:29:53.679748,1056,True,True,True,True,Eyes,2.317522,0.1159175,-2.049162,0.5286061,-0.1485712,-0.8357644,0.0,0.0,0.0,0.0,0.0,0.0,0.0,1.116815,-1.055514,-2.923637,2.454192,0.1124985,-2.20756,0.02987945,0.9571617,-0.1551136,0.2426698,18.14599,151.3729,358.9096,0.7463723,0.03845381,-0.6644143,0.0,0.0,0.0,3.501348,-0.09043387,-3.369352,0.4096149,0.2832534,1.915002,-0.8804372,-0.01808385,-0.4738179,0.1324817,0.950094,-0.2824359,0.455279,-0.3114392,-0.8341023,moving,-32.31262,10.07999,12.07351,8.413779,-5.490913686345336,8.6127738826529
05/11/2023 10:29:53.689835,1057,True,True,True,True,Eyes,2.324211,0.1158777,-2.055431,0.5215124,-0.1516393,-0.8396608,0.0,0.0,0.0,0.0,0.0,0.0,0.0,1.143096,-1.054194,-2.922561,2.457244,0.1123745,-2.215554,0.0285697,0.95815,-0.1556104,0.2385745,18.16945,151.8479,358.8239,0.7465975,0.03835288,-0.6641665,0.0,0.0,0.0,3.498996,-0.09472075,-3.382102,0.4057899,0.2806081,1.915001,-0.8845323,-0.01950123,-0.4660717,0.1289975,0.9499384,-0.2845643,0.4482887,-0.3118283,-0.8377355,moving,-31.84437,10.23704,11.96404,8.336313,-5.43781002152848,8.660852304677324
05/11/2023 10:29:53.709491,1058,True,True,True,True,Eyes,2.330765,0.1158213,-2.06179,0.5143496,-0.154574,-0.8435351,0.0,0.0,0.0,0.0,0.0,0.0,0.0,1.169424,-1.052792,-2.921343,2.460203,0.1121841,-2.22373,0.02710747,0.9591042,-0.1562176,0.2344793,18.20213,152.3185,358.7175,0.7467949,0.03824972,-0.6639502,0.0,0.0,0.0,3.495388,-0.1018014,-3.395434,0.4018373,0.2778748,1.915002,-0.8885696,-0.02126184,-0.4582494,0.1252574,0.9497225,-0.2869457,0.4413108,-0.3123703,-0.8412313,moving,-31.37296,10.38399,11.85081,8.256234,-5.383979433730274,8.706014200400038
05/11/2023 10:29:53.729671,1059,True,True,True,True,Eyes,2.337183,0.1157572,-2.068239,0.5070454,-0.15737,-0.8474312,0.0,0.0,0.0,0.0,0.0,0.0,0.0,1.199391,-1.046934,-2.92021,2.463338,0.1116734,-2.231978,0.02535178,0.9602553,-0.1562895,0.2298712,18.1684,152.8518,358.603,0.7469639,0.03814415,-0.663766,0.0,0.0,0.0,3.491172,-0.1108858,-3.408783,0.3978536,0.2751203,1.915002,-0.8930331,-0.02316452,-0.4493944,0.1205413,0.9498618,-0.2885002,0.4335456,-0.3118109,-0.8454658,moving,-30.89344,10.52013,11.7366,8.175502,-5.328782273623051,8.748079473985763
05/11/2023 10:29:53.739595,1060,True,True,True,True,Eyes,2.343467,0.1156884,-2.074784,0.4997415,-0.1599513,-0.8512779,0.0,0.0,0.0,0.0,0.0,0.0,0.0,1.22578,-1.039426,-2.920897,2.466322,0.1114124,-2.240407,0.02412345,0.9613883,-0.1556031,0.2256949,18.064,153.3485,358.5623,0.747104,0.03803628,-0.6636143,0.0,0.0,0.0,3.487073,-0.1207067,-3.421713,0.3940488,0.2724891,1.915001,-0.8969598,-0.02385366,-0.4414682,0.1166217,0.9504114,-0.288301,0.4264535,-0.3100792,-0.849699,moving,-30.415,10.64154,11.62743,8.098361,-5.273233103330752,8.785861246717674
05/11/2023 10:29:53.759688,1061,True,True,True,True,Eyes,2.497149,0.1133636,-2.241287,0.303356,-0.216758,-0.9278961,0.0,0.0,0.0,0.0,0.0,0.0,0.0,1.247953,-1.031864,-2.923315,2.46924,0.1112615,-2.249084,0.02352673,0.9624466,-0.1543921,0.2220497,17.91686,153.7958,358.5981,0.7472149,0.0379263,-0.6634958,0.0,0.0,0.0,3.483476,-0.1292736,-3.43423,0.390098,0.2697574,1.915,-0.9002808,-0.02327901,-0.4346867,0.1138519,0.9512191,-0.2867401,0.4201573,-0.3076365,-0.8537139,moving,-18.10406,13.1486,11.51398,8.018239,-3.823498163021274,9.578856525531226
05/11/2023 10:29:53.779316,1062,True,True,True,True,Eyes,2.497252,0.1133367,-2.241668,0.3030793,-0.2166409,-0.9280138,0.0,0.0,0.0,0.0,0.0,0.0,0.0,1.269216,-1.022719,-2.926803,2.471986,0.110648,-2.258335,0.02334899,0.9635623,-0.1526446,0.218409,17.71993,154.254,358.6958,0.7467087,0.03739255,-0.6640959,0.4610474,-0.006974503,-0.4995089,3.479694,-0.1384864,-3.446822,0.3863683,0.2671783,1.915001,-0.9035049,-0.0216815,-0.4280295,0.1116743,0.9523088,-0.2839659,0.4137731,-0.3043644,-0.8579944,moving,-18.08648,13.14013,11.40679,7.942558,-3.821029993664021,9.576489403367978
05/11/2023 10:29:53.789379,1063,True,True,True,True,Eyes,2.497451,0.1132795,-2.242424,0.3024832,-0.2165413,-0.9282315,0.0,0.0,0.0,0.0,0.0,0.0,0.0,1.289662,-1.016325,-2.929375,2.474443,0.1100521,-2.267686,0.0235229,0.9646003,-0.1511717,0.2148031,17.56251,154.7101,358.8242,0.7462962,0.03694529,-0.6645848,0.4333846,-0.006556033,-0.4695383,3.474751,-0.1478962,-3.460188,0.3824362,0.2644592,1.915,-0.9066127,-0.01956392,-0.4215102,0.1103247,0.9531876,-0.2815349,0.4072862,-0.3017461,-0.8620137,moving,-18.04926,13.13132,11.29371,7.862745,-3.8161057064431643,9.574127090703339
05/11/2023 10:29:53.809608,1064,True,True,True,True,Eyes,2.497738,0.1131823,-2.243555,0.3015781,-0.2163675,-0.9285666,0.0,0.0,0.0,0.0,0.0,0.0,0.0,1.311598,-1.012381,-2.930398,2.476799,0.109375,-2.277265,0.02386632,0.9656206,-0.1500761,0.2109143,17.45163,155.1988,358.966,0.7459554,0.03656862,-0.6649883,0.4073815,-0.006162671,-0.441366,3.470122,-0.157666,-3.472616,0.3786292,0.2618268,1.914999,-0.9098914,-0.01721476,-0.4144897,0.109398,0.9538151,-0.2797656,0.4001627,-0.2999006,-0.865985,moving,-17.99266,13.11658,11.18414,7.785448,-3.8085730592962785,9.5701447992536
05/11/2023 10:29:53.829722,1065,True,True,True,True,Eyes,2.498098,0.1130392,-2.245034,0.3004087,-0.2163769,-0.9289433,0.0,0.0,0.0,0.0,0.0,0.0,0.0,1.33631,-1.007788,-2.93041,2.479052,0.1083814,-2.287185,0.02397433,0.9667007,-0.1491083,0.2065954,17.34905,155.7336,359.0841,0.7456674,0.03624834,-0.6653289,0.3829387,-0.005792911,-0.4148841,3.46671,-0.1649748,-3.484644,0.374642,0.2590696,1.915001,-0.9134873,-0.01525816,-0.4065814,0.1079622,0.9543839,-0.2783802,0.3922823,-0.2981921,-0.8701702,moving,-17.92056,13.11199,11.06928,7.704445,-3.7994460924125564,9.569191938309146
05/11/2023 10:29:53.839650,1066,True,True,True,True,Eyes,2.498527,0.1128367,-2.246844,0.2989731,-0.216375,-0.9294068,0.0,0.0,0.0,0.0,0.0,0.0,0.0,1.359449,-1.006374,-2.929395,2.481027,0.1072017,-2.296793,0.02450238,0.9676613,-0.1484817,0.2024464,17.29435,156.251,359.2379,0.745418,0.0359742,-0.6656234,0.3599623,-0.005445336,-0.389991,3.464583,-0.1676898,-3.496094,0.3707709,0.2563925,1.915,-0.9168302,-0.01269916,-0.3990754,0.1075392,0.9547057,-0.2774391,0.3845228,-0.2972808,-0.8739374,moving,-17.83204,13.10557,10.95769,7.62578,-3.788214643189213,9.567794191939518
05/11/2023 10:29:53.859950,1067,True,True,True,True,Eyes,2.499012,0.1125451,-2.248974,0.2972815,-0.2165991,-0.929897,0.0,0.0,0.0,0.0,0.0,0.0,0.0,1.381346,-1.008069,-2.927667,2.482961,0.1056569,-2.30636,0.02528138,0.9684922,-0.1483148,0.1984607,17.2966,156.7485,359.4059,0.7451908,0.03573293,-0.6658898,0.3383646,-0.005118616,-0.3665915,3.462159,-0.1695753,-3.508251,0.3668804,0.253702,1.914999,-0.9199484,-0.009899676,-0.3919144,0.107839,0.9547271,-0.2772487,0.376916,-0.2973181,-0.8772321,moving,-17.72871,13.112,10.84545,7.546683,-3.7755639357806965,9.570206357443187
05/11/2023 10:29:53.879550,1068,True,True,True,True,Eyes,2.499555,0.1122587,-2.251416,0.2954025,-0.2168647,-0.9304338,0.0,0.0,0.0,0.0,0.0,0.0,0.0,1.40382,-1.013224,-2.924159,2.484692,0.1033292,-2.315959,0.02637134,0.9692417,-0.14873,0.1943051,17.37107,157.267,359.5991,0.7449615,0.03550534,-0.6661576,0.3180627,-0.004811499,-0.3445961,3.458369,-0.1720971,-3.521291,0.3630309,0.25104,1.915,-0.9231002,-0.006677607,-0.3845016,0.1089184,0.9543679,-0.2780626,0.3688128,-0.2985589,-0.8802499,moving,-17.61407,13.12021,10.73431,7.468396,-3.76156408469753,9.57319509202516
05/11/2023 10:29:53.889386,1069,True,True,True,True,Eyes,2.500151,0.1120903,-2.254197,0.2934999,-0.2174281,-0.9309043,0.0,0.0,0.0,0.0,0.0,0.0,0.0,1.419262,-1.024401,-2.922119,2.486512,0.1032863,-2.325741,0.02812126,0.9697313,-0.1492797,0.1911701,17.47408,157.6723,359.8477,0.7447265,0.03528998,-0.6664309,0.298979,-0.004522809,-0.3239203,3.453161,-0.1784156,-3.534399,0.3592104,0.2483976,1.915001,-0.9253265,-0.002535506,-0.3791631,0.1116158,0.9538495,-0.2787705,0.3623714,-0.3002743,-0.8823393,moving,-17.49927,13.14669,10.62392,7.390653,-3.748147677718117,9.581490544410695
05/11/2023 10:29:53.909722,1070,True,True,True,True,Eyes,2.500781,0.1119856,-2.257268,0.2914293,-0.2180721,-0.9314041,0.0,0.0,0.0,0.0,0.0,0.0,0.0,1.42889,-1.044225,-2.920675,2.488328,0.1060683,-2.336545,0.03006143,0.9699053,-0.1506816,0.1888785,17.67694,157.9734,0.08373543,0.7444821,0.03508889,-0.6667138,0.2810402,-0.004251441,-0.3044851,3.448138,-0.1845538,-3.546895,0.3552823,0.2456816,1.915,-0.9268426,0.001392442,-0.375448,0.1152345,0.9527828,-0.2809378,0.3573292,-0.3036497,-0.88324,moving,-17.37451,13.17745,10.51036,7.310727,-3.7336327439069272,9.591081484526942
05/11/2023 10:29:53.929458,1071,True,True,True,True,Eyes,2.501443,0.1119408,-2.260649,0.289324,-0.2187004,-0.931913,0.0,0.0,0.0,0.0,0.0,0.0,0.0,1.441878,-1.062463,-2.916861,2.489679,0.1076227,-2.34645,0.03230056,0.9702091,-0.1518822,0.185965,17.86219,158.3574,0.3724459,0.7442253,0.03490232,-0.6670095,0.2641778,-0.003996354,-0.286216,3.442934,-0.1900925,-3.559417,0.3512425,0.2428884,1.914999,-0.9287473,0.006187022,-0.3706616,0.1191661,0.9517769,-0.2827014,0.3510381,-0.3067285,-0.8846977,moving,-17.2476,13.20712,10.39347,7.228498,-3.7188141699507167,9.600367208477186
05/11/2023 10:29:53.939960,1072,True,True,True,True,Eyes,2.502101,0.112072,-2.264322,0.2872894,-0.219174,-0.932431,0.0,0.0,0.0,0.0,0.0,0.0,0.0,1.451546,-1.061033,-2.922453,2.491079,0.1091498,-2.357142,0.03346854,0.9708773,-0.1500509,0.1837441,17.67765,158.6585,0.5920882,0.7439542,0.03473056,-0.6673213,0.2483271,-0.003756573,-0.269043,3.43945,-0.1940202,-3.570897,0.3477648,0.2404831,1.915,-0.930236,0.009845751,-0.36683,0.1201296,0.9527291,-0.2790627,0.346742,-0.3036613,-0.8874457,moving,-17.12448,13.22762,10.29277,7.157656,-3.7041645581935816,9.606969848314032
05/11/2023 10:29:53.959561,1073,True,True,True,True,Eyes,2.502778,0.1121539,-2.268329,0.2851557,-0.2195141,-0.9330058,0.0,0.0,0.0,0.0,0.0,0.0,0.0,1.450092,-1.058176,-2.933452,2.491598,0.1135218,-2.367845,0.03310144,0.9711855,-0.1484465,0.1834856,17.48676,158.6932,0.5898998,0.7436647,0.0345769,-0.6676524,0.2334275,-0.003531178,-0.2529004,3.437366,-0.1970754,-3.581258,0.3439095,0.2378174,1.915001,-0.9304749,0.009819725,-0.3662246,0.1187708,0.9537359,-0.2761908,0.3465694,-0.3004853,-0.8885936,moving,-16.99479,13.23955,10.18106,7.079123,-3.688414056730892,9.611118275116796
05/11/2023 10:29:53.979619,1074,True,True,True,True,Eyes,2.503462,0.1122363,-2.272594,0.2829144,-0.2195322,-0.9336836,0.0,0.0,0.0,0.0,0.0,0.0,0.0,1.471499,-1.034129,-2.941726,2.492611,0.1123782,-2.379653,0.0305794,0.9723448,-0.1456465,0.1799935,17.11229,159.0885,0.421846,0.7433549,0.03443811,-0.6680049,0.2194219,-0.003319308,-0.2377264,3.437009,-0.1976623,-3.590669,0.3398129,0.2349848,1.915002,-0.9333343,0.007036603,-0.358939,0.1118983,0.955704,-0.2722289,0.3411239,-0.2942453,-0.8927788,moving,-16.85728,13.23133,10.06227,6.995643,-3.671024632731937,9.609456078684175
05/11/2023 10:29:53.989748,1075,True,True,True,True,Eyes,2.504153,0.1123584,-2.277132,0.2809876,-0.2195982,-0.9342498,0.0,0.0,0.0,0.0,0.0,0.0,0.0,1.489709,-1.004429,-2.951848,2.493376,0.1124072,-2.389969,0.0276451,0.9735044,-0.1419506,0.1771306,16.62896,159.4064,0.2115404,0.7430225,0.03431226,-0.6683816,0.2062566,-0.003120149,-0.2234628,3.433288,-0.2016194,-3.601986,0.3360665,0.232394,1.915001,-0.9357212,0.00353766,-0.3527232,0.1041128,0.9581715,-0.2665855,0.3370262,-0.2861727,-0.8969498,moving,-16.73934,13.22743,9.95357,6.919266,-3.656214051040034,9.608945291816063
05/11/2023 10:29:54.009765,1076,True,True,True,True,Eyes,2.504852,0.1124577,-2.281943,0.2787623,-0.2197013,-0.9348919,0.0,0.0,0.0,0.0,0.0,0.0,0.0,1.506822,-0.9923069,-2.956792,2.49411,0.113383,-2.400908,0.02502783,0.974196,-0.1411258,0.1743546,16.4809,159.7022,359.9732,0.742666,0.03419913,-0.6687837,0.1938812,-0.00293294,-0.210055,3.426638,-0.2079355,-3.614691,0.3321382,0.2296771,1.915001,-0.9379485,-0.0004478133,-0.3467751,0.09797587,0.9589142,-0.2662409,0.3326468,-0.2836958,-0.8993683,moving,-16.60332,13.22465,9.839509,6.839146,-3.639189764506149,9.608855094735421
05/11/2023 10:29:54.029605,1077,True,True,True,True,Eyes,2.505557,0.1125502,-2.286981,0.2763841,-0.2202513,-0.9354685,0.0,0.0,0.0,0.0,0.0,0.0,0.0,1.537757,-0.9862458,-2.952534,2.494883,0.1128215,-2.411984,0.02251495,0.9750379,-0.1418258,0.1693513,16.51085,160.2577,359.7531,0.7422847,0.03409669,-0.6692125,0.1822483,-0.002756964,-0.1974517,3.424376,-0.208637,-3.624062,0.3281178,0.2268973,1.915001,-0.9416266,-0.004130896,-0.3366342,0.09194262,0.9587571,-0.2689452,0.3238614,-0.2841969,-0.9024114,moving,-16.45977,13.24871,9.722693,6.75714,-3.6221144880020857,9.61659932611524
05/11/2023 10:29:54.039965,1078,True,True,True,True,Eyes,2.506258,0.1126667,-2.292218,0.273719,-0.2210201,-0.9360706,0.0,0.0,0.0,0.0,0.0,0.0,0.0,1.571483,-0.9928318,-2.941387,2.495498,0.1126987,-2.422151,0.02104305,0.9756864,-0.1441497,0.1637511,16.74911,160.8914,359.6322,0.7418758,0.03400302,-0.669671,0.1713134,-0.002591546,-0.1856046,3.418642,-0.2099501,-3.636623,0.3242943,0.2242536,1.915001,-0.9454858,-0.0061465,-0.325606,0.08827214,0.9575561,-0.2743981,0.3134727,-0.2881813,-0.9048132,moving,-16.29959,13.28506,9.611525,6.679125,-3.603374896390566,9.628000433024393
05/11/2023 10:29:54.059490,1079,True,True,True,True,Eyes,2.506952,0.1128004,-2.297655,0.2709663,-0.2221247,-0.9366099,0.0,0.0,0.0,0.0,0.0,0.0,0.0,1.597954,-1.012097,-2.929012,2.495981,0.1134016,-2.431897,0.02150931,0.9760112,-0.1471912,0.1589797,17.10715,161.4536,359.7114,0.7414407,0.03391825,-0.6701571,0.1610346,-0.002436053,-0.1744684,3.410736,-0.2077243,-3.651277,0.320508,0.2216349,1.915001,-0.9485258,-0.004814157,-0.3166639,0.08878747,0.9557442,-0.2804814,0.3039999,-0.2941596,-0.9061206,moving,-16.13544,13.34168,9.501361,6.601821,-3.584810509697006,9.645309174823714
05/11/2023 10:29:54.079665,1080,True,True,True,True,Eyes,2.507634,0.1129663,-2.303275,0.2679524,-0.2232348,-0.9372128,0.0,0.0,0.0,0.0,0.0,0.0,0.0,1.622082,-1.032436,-2.917295,2.496334,0.1140729,-2.441921,0.0231514,0.9763669,-0.1495204,0.1543225,17.40471,162.0279,359.9435,0.7409789,0.03384179,-0.6706718,0.1513725,-0.00228989,-0.1640003,3.404753,-0.204327,-3.663979,0.3166689,0.21898,1.915001,-0.9512973,-0.0009402235,-0.3082741,0.09135727,0.9542153,-0.284828,0.2944277,-0.2991191,-0.9076567,moving,-15.95542,13.39764,9.389588,6.523428,-3.564248746456392,9.662509916411661
05/11/2023 10:29:54.100019,1081,True,True,True,True,Eyes,2.508299,0.1131794,-2.309075,0.2648522,-0.2244462,-0.9378044,0.0,0.0,0.0,0.0,0.0,0.0,0.0,1.645037,-1.045058,-2.908378,2.49659,0.1151549,-2.45168,0.02514139,0.9769443,-0.1500613,0.1497652,17.50167,162.6075,0.2508543,0.7404906,0.03377368,-0.6712146,0.1422901,-0.002152497,-0.1541602,3.398296,-0.202642,-3.677092,0.312921,0.2163884,1.915002,-0.9538767,0.004175544,-0.3001699,0.0940714,0.953699,-0.2856725,0.2850789,-0.3007337,-0.9101041,moving,-15.7706,13.45952,9.280401,6.446872,-3.5432849605998573,9.681455219907267
05/11/2023 10:29:54.109573,1082,True,True,True,True,Eyes,2.508947,0.1133919,-2.315047,0.2615168,-0.2255403,-0.9384778,0.0,0.0,0.0,0.0,0.0,0.0,0.0,1.665493,-1.051503,-2.902956,2.496693,0.1166768,-2.461622,0.02687159,0.9776092,-0.1495084,0.1456216,17.46648,163.1384,0.5403855,0.7399749,0.03371429,-0.6717862,0.1337527,-0.002023347,-0.1449106,3.390778,-0.2039318,-3.690207,0.3090689,0.2137247,1.915001,-0.9561448,0.008996514,-0.292757,0.09608312,0.9538503,-0.2844954,0.2766869,-0.3001478,-0.9128834,moving,-15.57106,13.51338,9.168116,6.368174,-3.5202238942033617,9.6981490086574
05/11/2023 10:29:54.129965,1083,True,True,True,True,Eyes,2.509587,0.1135699,-2.321176,0.2581715,-0.2265082,-0.9391707,0.0,0.0,0.0,0.0,0.0,0.0,0.0,1.689193,-1.052123,-2.897544,2.496823,0.1169954,-2.471495,0.02794315,0.9783795,-0.1486187,0.1410867,17.37928,163.7054,0.7649953,0.7394329,0.0336627,-0.6723855,0.1257276,-0.001901946,-0.136216,3.381512,-0.2090704,-3.702817,0.3050268,0.2109295,1.915,-0.9586276,0.01274178,-0.2843783,0.09661423,0.9542633,-0.2829261,0.2677668,-0.2986957,-0.9160142,moving,-15.37056,13.55959,9.050212,6.285562,-3.496790682857687,9.712626187467308
05/11/2023 10:29:54.139587,1084,True,True,True,True,Eyes,2.510209,0.1137761,-2.327439,0.2546992,-0.2273974,-0.9399036,0.0,0.0,0.0,0.0,0.0,0.0,0.0,1.712354,-1.047234,-2.894212,2.497108,0.1164535,-2.481171,0.02849329,0.9791831,-0.1472385,0.136783,17.22601,164.2366,0.9310828,0.7388648,0.03361699,-0.6730121,0.1181839,-0.00178783,-0.128043,3.373515,-0.210935,-3.715658,0.3012291,0.2083032,1.914999,-0.9609571,0.01552085,-0.2762617,0.09607971,0.9550179,-0.2805521,0.2594805,-0.2961417,-0.9192225,moving,-15.16213,13.60062,8.939368,6.207916,-3.4721992357453333,9.725640829139202
05/11/2023 10:29:54.159368,1085,True,True,True,True,Eyes,2.510822,0.1139787,-2.333851,0.2512971,-0.2283479,-0.9405887,0.0,0.0,0.0,0.0,0.0,0.0,0.0,1.730824,-1.04551,-2.891964,2.497217,0.1173612,-2.490469,0.02820667,0.9797248,-0.1467871,0.1334069,17.1664,164.6375,0.965802,0.7382702,0.03357728,-0.6736665,0.1110929,-0.00168056,-0.1203605,3.364992,-0.2112064,-3.728901,0.2973722,0.2056363,1.915,-0.962814,0.01610474,-0.2696848,0.09443437,0.9553159,-0.2800959,0.2531233,-0.2951478,-0.9213124,moving,-14.95834,13.64577,8.826722,6.129044,-3.448321461860925,9.739827514786239
05/11/2023 10:29:54.179492,1086,True,True,True,True,Eyes,2.511424,0.1141986,-2.340391,0.247709,-0.2293162,-0.9413046,0.0,0.0,0.0,0.0,0.0,0.0,0.0,1.753199,-1.043723,-2.887794,2.497472,0.1174454,-2.500251,0.02706742,0.9802163,-0.1471586,0.1295682,17.18804,165.0755,0.8954344,0.7376503,0.03354279,-0.6743472,0.1044273,-0.001579726,-0.1131388,3.353313,-0.2140332,-3.744178,0.2935789,0.2030129,1.915001,-0.964959,0.01492971,-0.261976,0.091198,0.9552234,-0.2814804,0.2460432,-0.2955087,-0.9231129,moving,-14.74341,13.69143,8.715861,6.051435,-3.423073765385463,9.754221046693711
05/11/2023 10:29:54.189468,1087,True,True,True,True,Eyes,2.512023,0.1144246,-2.34706,0.2441747,-0.2304615,-0.9419481,0.0,0.0,0.0,0.0,0.0,0.0,0.0,1.779058,-1.041817,-2.881009,2.497705,0.1180031,-2.509619,0.02530976,0.9806942,-0.1479856,0.1252949,17.25348,165.5528,0.7534799,0.7370059,0.03351342,-0.675053,0.09816166,-0.001484943,-0.1063505,3.340212,-0.2188987,-3.75918,0.2896007,0.2002624,1.915002,-0.9673213,0.01255859,-0.2532429,0.08672595,0.9549193,-0.2839148,0.238261,-0.2965995,-0.924803,moving,-14.53252,13.74818,8.599528,5.970038,-3.398695233351476,9.771813975593199
05/11/2023 10:29:54.213651,1088,True,True,True,True,Eyes,2.51261,0.114668,-2.353847,0.2404727,-0.2317198,-0.9425915,0.0,0.0,0.0,0.0,0.0,0.0,0.0,1.803772,-1.044287,-2.873391,2.498077,0.1183053,-2.519149,0.02380175,0.9810243,-0.1494693,0.1211782,17.39962,166.013,0.6289852,0.7363374,0.03348874,-0.6757835,0.09227196,-0.001395846,-0.09996948,3.329366,-0.2240846,-3.772328,0.2856523,0.197532,1.915001,-0.9694988,0.01047533,-0.2448728,0.08292503,0.9541848,-0.2874975,0.2306423,-0.2990345,-0.9259498,moving,-14.31194,13.8113,8.484005,5.889222,-3.373320807167998,9.791307935122049
05/11/2023 10:29:54.229475,1089,True,True,True,True,Eyes,2.513187,0.1149087,-2.360751,0.2367634,-0.2332376,-0.9431561,0.0,0.0,0.0,0.0,0.0,0.0,0.0,1.82697,-1.052463,-2.86416,2.498277,0.1189124,-2.528511,0.02282449,0.9812121,-0.1515556,0.1171887,17.6238,166.465,0.557304,0.7356456,0.03346872,-0.6765377,0.08673564,-0.001312095,-0.0939713,3.315694,-0.2338683,-3.786569,0.2818263,0.1948861,1.915001,-0.9714921,0.009270118,-0.2368923,0.08031254,0.9530199,-0.2920668,0.2230555,-0.3027659,-0.9265957,moving,-14.09194,13.89027,8.371993,5.810882,-3.348542024305167,9.815401907596748
05/11/2023 10:29:54.239627,1090,True,True,True,True,Eyes,2.513751,0.1151485,-2.367731,0.2328016,-0.2349732,-0.9437113,0.0,0.0,0.0,0.0,0.0,0.0,0.0,1.853629,-1.062733,-2.851781,2.498469,0.1190341,-2.538006,0.0218924,0.9813651,-0.1541498,0.1126116,17.90774,166.9862,0.4968082,0.7349314,0.03345272,-0.6773143,0.0815315,-0.001233369,-0.08833303,3.29819,-0.2435383,-3.802472,0.2781081,0.192315,1.915001,-0.9736791,0.008250747,-0.2277756,0.07768699,0.9515171,-0.2976238,0.2142768,-0.3074852,-0.9271132,moving,-13.85747,13.98168,8.263074,5.734731,-3.3223727680898967,9.843184929345618
05/11/2023 10:29:54.259616,1091,True,True,True,True,Eyes,2.514305,0.1153897,-2.374796,0.2287576,-0.2369405,-0.9442081,0.0,0.0,0.0,0.0,0.0,0.0,0.0,1.883291,-1.078759,-2.83393,2.498588,0.1192038,-2.54647,0.02123223,0.9813836,-0.1577307,0.1075026,18.30972,167.5728,0.4683909,0.7341951,0.03344024,-0.6781131,0.07663961,-0.001159367,-0.08303304,3.278127,-0.2565046,-3.818264,0.274213,0.1896214,1.915002,-0.9759849,0.007761,-0.2177005,0.07558684,0.9493405,-0.3050235,0.2043046,-0.3141536,-0.9271287,moving,-13.6189,14.08697,8.148904,5.654933,-3.2961515057191173,9.875020522290272
05/11/2023 10:29:54.279762,1092,True,True,True,True,Eyes,2.514847,0.1156454,-2.381918,0.2244504,-0.2390813,-0.9447021,0.0,0.0,0.0,0.0,0.0,0.0,0.0,1.915523,-1.094904,-2.814135,2.498728,0.1194266,-2.555286,0.02039468,0.981374,-0.1615222,0.1019806,18.73473,168.2054,0.4286775,0.7334386,0.03343095,-0.6789321,0.07204124,-0.001089805,-0.07805106,3.258126,-0.2677953,-3.833953,0.2702429,0.1868759,1.915001,-0.978368,0.007085354,-0.2067505,0.07297386,0.9469892,-0.3128676,0.1935737,-0.321187,-0.9270211,moving,-13.36502,14.20199,8.032478,5.573576,-3.268345705415995,9.90976256985932
05/11/2023 10:29:54.294444,1093,True,True,True,True,Eyes,2.51538,0.1159046,-2.38911,0.2200128,-0.2411807,-0.9452122,0.0,0.0,0.0,0.0,0.0,0.0,0.0,1.945776,-1.111698,-2.794266,2.498851,0.1200359,-2.56343,0.02038301,0.9813821,-0.1647358,0.09662201,19.10355,168.8375,0.4955664,0.7326618,0.03342486,-0.6797706,0.0,0.0,0.0,3.240546,-0.2760442,-3.848464,0.2663723,0.1841994,1.914999,-0.9804975,0.008172836,-0.1963618,0.07184125,0.9448932,-0.3193987,0.1829306,-0.3272765,-0.9270526,moving,-13.10316,14.31418,7.918911,5.494249,-3.2394530531910375,9.943724818153928
05/11/2023 10:29:54.309757,1094,True,True,True,True,Eyes,2.515903,0.1161743,-2.396363,0.2153515,-0.2432083,-0.9457661,0.0,0.0,0.0,0.0,0.0,0.0,0.0,1.976165,-1.121362,-2.777101,2.499028,0.1204246,-2.572027,0.02055105,0.9816041,-0.1664859,0.09117856,19.30484,169.4895,0.6062596,0.7318671,0.03342173,-0.6806263,0.0,0.0,0.0,3.222799,-0.2827763,-3.863495,0.2626485,0.1816245,1.915,-0.9825285,0.00998609,-0.1858454,0.07070588,0.9437202,-0.3230989,0.1721596,-0.3305941,-0.927938,moving,-12.82758,14.42142,7.809574,5.417901,-3.20868899154029,9.976321852010253
05/11/2023 10:29:54.329668,1095,True,True,True,True,Eyes,2.516413,0.1164449,-2.403674,0.2106433,-0.2449343,-0.9463808,0.0,0.0,0.0,0.0,0.0,0.0,0.0,2.004106,-1.12357,-2.764094,2.499166,0.1210121,-2.580423,0.02084962,0.9820282,-0.1666471,0.08610973,19.3231,170.1042,0.7437892,0.7310549,0.03342151,-0.6814988,0.0,0.0,0.0,3.208061,-0.2893407,-3.876781,0.2587144,0.1789043,1.915001,-0.9843011,0.01224995,-0.1760734,0.0696497,0.9435881,-0.3237136,0.1621753,-0.330895,-0.9296279,moving,-12.54822,14.51042,7.69401,5.337226,-3.1768520048136972,10.003641653859827
05/11/2023 10:29:54.339307,1096,True,True,True,True,Eyes,2.516912,0.1167042,-2.411049,0.2057476,-0.2465293,-0.9470434,0.0,0.0,0.0,0.0,0.0,0.0,0.0,2.03052,-1.121114,-2.75384,2.499282,0.1213543,-2.5889,0.02077945,0.9825038,-0.1662332,0.0813707,19.27067,170.6732,0.8363533,0.7302259,0.03342388,-0.6823868,0.0,0.0,0.0,3.196918,-0.2948206,-3.888418,0.2548509,0.1762325,1.915002,-0.9858941,0.01377876,-0.1668025,0.06788479,0.9438695,-0.3232678,0.1529855,-0.3300311,-0.9314907,moving,-12.25718,14.5911,7.580454,5.257967,-3.143286265157414,10.028606788416575
05/11/2023 10:29:54.359831,1097,True,True,True,True,Eyes,2.517399,0.116947,-2.418496,0.2008006,-0.2478205,-0.9477679,0.0,0.0,0.0,0.0,0.0,0.0,0.0,2.058413,-1.113787,-2.744269,2.499383,0.1213619,-2.597487,0.02011181,0.9830369,-0.1654745,0.07650106,19.17244,171.246,0.8628259,0.7293808,0.03342821,-0.6832898,0.0,0.0,0.0,3.188582,-0.3010344,-3.898535,0.2509431,0.1735298,1.915001,-0.9874866,0.01422335,-0.1570627,0.06485926,0.9444274,-0.322258,0.1437507,-0.3284123,-0.9335319,moving,-11.96218,14.65351,7.465541,5.177774,-3.108624202346336,10.048286927566176
05/11/2023 10:29:54.379431,1098,True,True,True,True,Eyes,2.529212,0.1223312,-2.606373,0.0705331,-0.2759053,-0.9585935,0.0,0.0,0.0,0.0,0.0,0.0,0.0,2.087269,-1.105074,-2.734537,2.499489,0.1211914,-2.606423,0.01915618,0.9835556,-0.1647341,0.07151353,19.07406,171.8266,0.856101,0.728521,0.03343379,-0.6842063,0.0,0.0,0.0,3.180437,-0.3087125,-3.908633,0.2471279,0.1708916,1.915002,-0.9890379,0.01412091,-0.1469864,0.06124378,0.9449914,-0.3213105,0.1343637,-0.3267902,-0.9354972,moving,-4.208228,16.05704,7.353287,5.099473,-2.189723079075086,10.496774631208261
05/11/2023 10:29:54.389680,1099,True,True,True,True,Eyes,2.52922,0.1223041,-2.606739,0.07028253,-0.2757874,-0.9586457,0.0,0.0,0.0,0.0,0.0,0.0,0.0,2.117084,-1.097077,-2.723233,2.499506,0.1207371,-2.615245,0.01803593,0.9839989,-0.1643638,0.06637455,19.0178,172.4209,0.8288158,0.7250261,0.0334628,-0.6879073,0.03543949,0.01615246,-0.5636308,3.173079,-0.316586,-3.917846,0.2432536,0.1682127,1.915001,-0.9905386,0.01367552,-0.1365539,0.0573138,0.9453185,-0.3210733,0.124696,-0.3258618,-0.9371582,moving,-4.193104,16.0497,7.239244,5.019949,-2.1875979633250853,10.494722728431412
05/11/2023 10:29:54.409558,1100,True,True,True,True,Eyes,2.52923,0.1222375,-2.607471,0.06961052,-0.2757261,-0.9587125,0.0,0.0,0.0,0.0,0.0,0.0,0.0,2.146974,-1.09005,-2.711157,2.499567,0.1200093,-2.624088,0.01672372,0.9843466,-0.1644064,0.06126006,19.00888,173.0073,0.7745439,0.7220358,0.03348569,-0.691044,0.03331312,0.01518332,-0.529813,3.167133,-0.3236664,-3.926886,0.2393761,0.1655313,1.915001,-0.9919353,0.01278077,-0.1261012,0.05306695,0.9453817,-0.3216168,0.1151033,-0.3257148,-0.9384357,moving,-4.152864,16.04526,7.125047,4.940327,-2.1824420488313026,10.493645450170273
05/11/2023 10:29:54.429472,1101,True,True,True,True,Eyes,2.529249,0.1221342,-2.608549,0.06877258,-0.2757425,-0.9587682,0.0,0.0,0.0,0.0,0.0,0.0,0.0,2.179205,-1.086141,-2.695807,2.499565,0.1189655,-2.633255,0.01542786,0.9845742,-0.1651459,0.05569946,19.08166,173.6463,0.7264931,0.7194628,0.0335023,-0.6937217,0.03131434,0.01427232,-0.4980242,3.160122,-0.3303179,-3.936396,0.2353856,0.1627719,1.915001,-0.9933192,0.01198268,-0.1147762,0.04877682,0.9449776,-0.3234781,0.1045848,-0.3269154,-0.939249,moving,-4.102807,16.04528,7.007459,4.85837,-2.1762113533408893,10.493915180305695
05/11/2023 10:29:54.439996,1102,True,True,True,True,Eyes,2.529266,0.1220251,-2.609962,0.06752662,-0.275859,-0.9588232,0.0,0.0,0.0,0.0,0.0,0.0,0.0,2.211722,-1.083624,-2.679168,2.499634,0.1179357,-2.642314,0.0141393,0.9847214,-0.1661791,0.05008439,19.18968,174.2916,0.6795186,0.7171242,0.0335133,-0.6961383,0.02943548,0.01341598,-0.4681428,3.153176,-0.3346138,-3.946728,0.2316624,0.160197,1.915,-0.9945833,0.01120059,-0.1033376,0.04449251,0.9443691,-0.3258639,0.09393902,-0.3286965,-0.9397522,moving,-4.028493,16.05083,6.897698,4.781876,-2.167143646927473,10.495918796264807
05/11/2023 10:29:54.459523,1103,True,True,True,True,Eyes,2.52929,0.1218949,-2.611708,0.06606819,-0.276087,-0.9588591,0.0,0.0,0.0,0.0,0.0,0.0,0.0,2.244527,-1.082776,-2.661048,2.499547,0.1176489,-2.651397,0.01276301,0.9847875,-0.1675116,0.04438999,19.33311,174.9444,0.6233636,0.714994,0.03351896,-0.6983258,0.02766935,0.01261102,-0.4400542,3.146433,-0.3384237,-3.957228,0.2277039,0.1574598,1.915,-0.9957331,0.01026603,-0.09170532,0.04000937,0.943554,-0.3287935,0.08315352,-0.3310597,-0.9399387,moving,-3.941616,16.06285,6.780942,4.70054,-2.1567257028386706,10.499867631991197
05/11/2023 10:29:54.479729,1104,True,True,True,True,Eyes,2.52932,0.1217501,-2.613767,0.0641946,-0.2764194,-0.9588907,0.0,0.0,0.0,0.0,0.0,0.0,0.0,2.281232,-1.078558,-2.640788,2.499572,0.1169278,-2.660739,0.01074213,0.9848282,-0.1689484,0.03813727,19.4868,175.651,0.5027455,0.7130483,0.03351906,-0.7003124,0.02600919,0.01185436,-0.413651,3.13925,-0.3433526,-3.966891,0.2218794,0.1534323,1.915001,-0.9968604,0.008271838,-0.07874706,0.03404476,0.9426821,-0.3319509,0.0714876,-0.3335896,-0.9400041,moving,-3.83005,16.08068,6.609039,4.580824,-2.1434262171407994,10.505633947309377
05/11/2023 10:29:54.489910,1105,True,True,True,True,Eyes,2.529365,0.1215656,-2.616129,0.06206689,-0.2768697,-0.9589008,0.0,0.0,0.0,0.0,0.0,0.0,0.0,2.318433,-1.071858,-2.620344,2.499669,0.1163329,-2.669893,0.008220037,0.9848256,-0.1703932,0.03189262,19.64184,176.3464,0.3237714,0.7112653,0.03351362,-0.7021235,0.02444864,0.0111431,-0.3888319,3.12944,-0.3466395,-3.978702,0.2193069,0.1516535,1.915002,-0.9978309,0.005322035,-0.06561862,0.02705917,0.9417972,-0.3350908,0.06001606,-0.3361395,-0.9398984,moving,-3.703425,16.10536,6.533078,4.527939,-2.12847832808769,10.51346899990796
05/11/2023 10:29:54.509504,1106,True,True,True,True,Eyes,2.529434,0.1213569,-2.618781,0.05952375,-0.2774253,-0.9589015,0.0,0.0,0.0,0.0,0.0,0.0,0.0,2.35856,-1.0652,-2.596787,2.499968,0.1150879,-2.679119,0.005790951,0.9847588,-0.1720076,0.02509853,19.81977,177.1095,0.1687701,0.7096257,0.0335019,-0.7037811,0.02298172,0.01047451,-0.365502,3.118544,-0.3484579,-3.991323,0.2161779,0.1494898,1.915002,-0.998673,0.002771104,-0.05142418,0.02003965,0.9407597,-0.3384812,0.04743983,-0.3390626,-0.9395669,moving,-3.552074,16.13599,6.440657,4.463598,-2.110648914934454,10.52316238521807
05/11/2023 10:29:54.530022,1107,True,True,True,True,Eyes,2.529531,0.1211133,-2.621703,0.05703328,-0.2782396,-0.9588169,0.0,0.0,0.0,0.0,0.0,0.0,0.0,2.396908,-1.060207,-2.57358,2.500516,0.1142295,-2.688288,0.003756821,0.9846479,-0.1735233,0.01854951,19.99012,177.8518,0.05857592,0.7081122,0.03348373,-0.7053047,0.02160281,0.009846039,-0.3435719,3.109504,-0.3477913,-4.003765,0.2125119,0.1469544,1.915,-0.9992836,0.0009607484,-0.03783327,0.01383583,0.9397511,-0.3415792,0.03522569,-0.341858,-0.9390911,moving,-3.404112,16.18223,6.332334,4.388196,-2.0937568981129555,10.537371273731432
05/11/2023 10:29:54.539988,1108,True,True,True,True,Eyes,2.529656,0.1208424,-2.624898,0.0541578,-0.279089,-0.9587368,0.0,0.0,0.0,0.0,0.0,0.0,0.0,2.432769,-1.058026,-2.550721,2.501138,0.1131204,-2.697307,0.002447183,0.9844964,-0.1749575,0.01227959,20.15434,178.5764,0.03183935,0.7067095,0.03345861,-0.7067115,0.02030664,0.009255277,-0.3229575,3.102564,-0.3455816,-4.015908,0.2084813,0.1441669,1.915001,-0.9996866,0.0005216745,-0.02503473,0.009115296,0.9387678,-0.3444299,0.02332211,-0.3445501,-0.9384784,moving,-3.233129,16.23032,6.213177,4.305275,-2.074060203093539,10.552238805727638
05/11/2023 10:29:54.559522,1109,True,True,True,True,Eyes,2.529825,0.1205221,-2.628338,0.05130274,-0.2801954,-0.9585711,0.0,0.0,0.0,0.0,0.0,0.0,0.0,2.46851,-1.053054,-2.52896,2.501894,0.1121797,-2.706664,0.001220836,0.9844165,-0.1757467,0.00600549,20.24472,179.3041,0.01787666,0.7054036,0.03342633,-0.7080165,0.01908825,0.00869996,-0.3035801,3.095159,-0.341798,-4.029255,0.204776,0.1416052,1.915,-0.9999252,0.0002927316,-0.01225292,0.004514513,0.9382232,-0.3460012,0.01139469,-0.3460305,-0.9381544,moving,-3.063548,16.29392,6.103594,4.229055,-2.0550502498278593,10.571603275781067
05/11/2023 10:29:54.579714,1110,True,True,True,True,Eyes,2.530042,0.1201281,-2.632015,0.04814926,-0.2812448,-0.9584273,0.0,0.0,0.0,0.0,0.0,0.0,0.0,2.503385,-1.049137,-2.506806,2.502994,0.1106747,-2.715597,0.0002573635,0.9842778,-0.1766274,-0.0001306761,20.34675,180.0213,0.03378063,0.7041826,0.0333861,-0.7092327,0.01794295,0.008177962,-0.2853653,3.087689,-0.3393812,-4.042159,0.2007748,0.1388381,1.915002,-0.9999999,0.0005527961,0.0001663276,0.0004604725,0.9376054,-0.347701,-0.0003481572,-0.3477008,-0.9376056,moving,-2.875995,16.35401,5.985203,4.146704,-2.033687131642955,10.590043146735386
05/11/2023 10:29:54.599429,1111,True,True,True,True,Eyes,2.530298,0.1196951,-2.635907,0.04514768,-0.2824564,-0.9582171,0.0,0.0,0.0,0.0,0.0,0.0,0.0,2.531954,-1.045587,-2.490572,2.504301,0.1085816,-2.724642,0.0004482015,0.9843016,-0.1764143,-0.005318164,20.32134,180.6493,0.1685548,0.7030355,0.03333653,-0.7103722,0.01686637,0.007687285,-0.2682434,3.078707,-0.3383459,-4.055435,0.197069,0.1362755,1.915002,-0.9999431,0.002758731,0.01031122,-0.00099407,0.9377555,-0.3472945,-0.01062749,-0.347285,-0.9376994,moving,-2.697572,16.42408,5.875514,4.070425,-2.0137901501555096,10.61133321785778
05/11/2023 10:29:54.609921,1112,True,True,True,True,Eyes,2.530585,0.1192256,-2.640039,0.04189305,-0.2836624,-0.9580086,0.0,0.0,0.0,0.0,0.0,0.0,0.0,2.553217,-1.047297,-2.478872,2.50542,0.1072967,-2.73348,0.001051628,0.9842598,-0.1764817,-0.009258552,20.32765,181.1364,0.3261642,0.7019532,0.03327737,-0.7114444,0.01585439,0.007226048,-0.2521488,3.068445,-0.3382783,-4.069139,0.1929218,0.1334077,1.915002,-0.9998263,0.00533808,0.01785445,-0.001197779,0.9377062,-0.3474271,-0.01859683,-0.3473881,-0.937537,moving,-2.503909,16.4938,5.752703,3.985046,-1.991984455466082,10.632601995657287
05/11/2023 10:29:54.629566,1113,True,True,True,True,Eyes,2.530917,0.1187301,-2.644381,0.03859425,-0.2850029,-0.9577494,0.0,0.0,0.0,0.0,0.0,0.0,0.0,2.580353,-1.044289,-2.463509,2.506388,0.1059626,-2.743069,0.0003922983,0.984115,-0.1769733,-0.01406706,20.38418,181.7011,0.3515306,0.7009261,0.03320843,-0.7124594,0.01490313,0.006792485,-0.2370199,3.058056,-0.3396338,-4.082142,0.189126,0.1307828,1.915001,-0.9996039,0.005751122,0.02754836,-0.004206855,0.9373605,-0.3483352,-0.02782607,-0.3483131,-0.9369652,moving,-2.307589,16.57172,5.640256,3.906884,-1.9701188063327781,10.656266181777138
05/11/2023 10:29:54.644660,1114,True,True,True,True,Eyes,2.531295,0.118187,-2.648922,0.03496819,-0.2863722,-0.9574801,0.0,0.0,0.0,0.0,0.0,0.0,0.0,2.613313,-1.037204,-2.443023,2.5077,0.1048068,-2.752092,-0.00117758,0.9838783,-0.1777431,-0.01974265,20.47518,182.351,0.2875156,0.6999472,0.03312985,-0.713425,0.01400894,0.006384936,-0.2227987,3.048042,-0.343156,-4.094451,0.1853765,0.1281899,1.915,-0.9992178,0.004701049,0.03926734,-0.00933543,0.936812,-0.3497086,-0.03843011,-0.3498016,-0.9360354,moving,-2.091573,16.65137,5.52914,3.829661,-1.9458584293463062,10.680536630813801
05/11/2023 10:29:54.660708,1115,True,True,True,True,Eyes,2.531726,0.1176243,-2.65364,0.03127368,-0.2877729,-0.957188,0.0,0.0,0.0,0.0,0.0,0.0,0.0,2.647584,-1.03146,-2.41994,2.509143,0.1031034,-2.761031,-0.002459324,0.9835657,-0.1786888,-0.02574337,20.58711,183.0471,0.2669925,0.6990094,0.03304116,-0.714348,0.0131684,0.006001839,-0.2094307,3.037104,-0.3498469,-4.106318,0.1814905,0.1255029,1.915,-0.9986624,0.004362294,0.05151951,-0.01403792,0.9361285,-0.3513778,-0.04976169,-0.351631,-0.9348151,moving,-1.871328,16.7331,5.41393,3.749619,-1.9211402958505375,10.705433439249388
05/11/2023 10:29:54.679588,1116,True,True,True,True,Eyes,2.532196,0.1170373,-2.658531,0.02733064,-0.2890946,-0.9569103,0.0,0.0,0.0,0.0,0.0,0.0,0.0,2.678126,-1.026928,-2.399715,2.510772,0.1021798,-2.769684,-0.003171497,0.9833344,-0.1790911,-0.03114158,20.63482,183.6826,0.301042,0.6981075,0.03294278,-0.715234,0.0123783,0.005641729,-0.1968649,3.029787,-0.3550172,-4.117021,0.1776419,0.1228415,1.915001,-0.9980406,0.004917074,0.06238114,-0.01739164,0.9358327,-0.3520153,-0.06010919,-0.3524104,-0.9339134,moving,-1.635999,16.81022,5.299783,3.670323,-1.8943921835139328,10.729070965790381
05/11/2023 10:29:54.694657,1117,True,True,True,True,Eyes,2.532713,0.1164315,-2.663588,0.02332571,-0.2903445,-0.9566379,0.0,0.0,0.0,0.0,0.0,0.0,0.0,2.706841,-1.018509,-2.382507,2.512154,0.1010248,-2.778411,-0.003864885,0.9832275,-0.1787021,-0.03625239,20.59072,184.2827,0.3278591,0.6972362,0.0328349,-0.7160884,0.0116356,0.005303225,-0.185053,3.025393,-0.3606808,-4.126956,0.1737823,0.1201722,1.915001,-0.9973418,0.005356635,0.07267002,-0.02055688,0.9361012,-0.3511295,-0.06990737,-0.3516899,-0.9335027,moving,-1.396767,16.88331,5.185269,3.590779,-1.867025115771924,10.751558699889447
05/11/2023 10:29:54.709798,1118,True,True,True,True,Eyes,2.533265,0.1158668,-2.668822,0.01911488,-0.2914432,-0.9563972,0.0,0.0,0.0,0.0,0.0,0.0,0.0,2.736894,-1.002095,-2.366782,2.513688,0.09988807,-2.787083,-0.005234341,0.9832414,-0.1774533,-0.04146343,20.45019,184.8783,0.2704293,0.6963906,0.03271784,-0.7169161,0.01093747,0.004985032,-0.1739498,3.018127,-0.3668921,-4.136835,0.1698959,0.117485,1.915001,-0.9965068,0.004422401,0.08339483,-0.02500888,0.9369659,-0.3485248,-0.07967943,-0.3493929,-0.9335822,moving,-1.14498,16.94757,5.069917,3.510687,-1.8378035279344234,10.771548268637414
05/11/2023 10:29:54.729920,1119,True,True,True,True,Eyes,2.533849,0.1155674,-2.674276,0.01488915,-0.2924971,-0.9561504,0.0,0.0,0.0,0.0,0.0,0.0,0.0,2.765398,-0.9845669,-2.353257,2.515055,0.1002666,-2.796257,-0.006983479,0.9832721,-0.1760135,-0.04633027,20.29082,185.4235,0.1573701,0.6955668,0.03259357,-0.7177211,0.01028122,0.00468593,-0.1635128,3.014486,-0.3613826,-4.149513,0.1659705,0.1147707,1.915002,-0.9956097,0.002576178,0.09356888,-0.03004282,0.937941,-0.3454911,-0.08865214,-0.3467854,-0.9337458,moving,-0.892136,17.00946,4.953368,3.429773,-1.8083720906339018,10.79085512780631
05/11/2023 10:29:54.744530,1120,True,True,True,True,Eyes,2.53445,0.115417,-2.679895,0.01037014,-0.2936331,-0.9558619,0.0,0.0,0.0,0.0,0.0,0.0,0.0,2.789571,-0.9728489,-2.343717,2.516334,0.1062869,-2.806762,-0.00880864,0.9833279,-0.1745182,-0.05032068,20.12709,185.8616,0.01465661,0.6947595,0.03246986,-0.7185081,0.009664346,0.004404774,-0.1537021,3.017772,-0.3534158,-4.159819,0.1620876,0.1120855,1.915,-0.9947807,0.0002401836,0.102038,-0.03488731,0.9389316,-0.3423307,-0.09588891,-0.3441037,-0.9340227,moving,-0.6215769,17.07654,4.838044,3.349718,-1.7769067837764858,10.811762640158998
05/11/2023 10:29:54.760344,1121,True,True,True,True,Eyes,2.535103,0.1151997,-2.685684,0.005472374,-0.2946472,-0.9555904,0.0,0.0,0.0,0.0,0.0,0.0,0.0,2.824546,-0.9683607,-2.315717,2.517336,0.109636,-2.815904,-0.0109921,0.9827242,-0.1758914,-0.05652247,20.30076,186.5648,359.8949,0.6939656,0.03235062,-0.7192804,0.009084485,0.004140487,-0.1444799,3.010464,-0.3454474,-4.175881,0.1581845,0.1093863,1.914999,-0.993369,-0.001720768,0.1149588,-0.04148804,0.9378828,-0.3444629,-0.1072251,-0.3469481,-0.9317352,moving,-0.3281118,17.13665,4.722078,3.269228,-1.7423598364400696,10.830766733147748
05/11/2023 10:29:54.779487,1122,True,True,True,True,Eyes,2.535784,0.1152078,-2.691546,0.000534749,-0.2954022,-0.9553728,0.0,0.0,0.0,0.0,0.0,0.0,0.0,2.870305,-0.9385588,-2.284807,2.519162,0.1078241,-2.825258,-0.01255595,0.9826978,-0.172998,-0.06495591,19.97687,187.5398,359.8657,0.6931822,0.0322335,-0.7200406,0.008539416,0.003892058,-0.1358111,3.005462,-0.3327956,-4.190526,0.1543524,0.1067364,1.915,-0.9912463,-0.002202921,0.1320083,-0.04715189,0.9398281,-0.3383783,-0.1233197,-0.3416407,-0.931705,moving,-0.03207006,17.18166,4.60818,3.190195,-1.706993462184378,10.845399151256304
05/11/2023 10:29:54.789397,1123,True,True,True,True,Eyes,2.536448,0.1152641,-2.697604,-0.0043751,-0.2964463,-0.9550395,0.0,0.0,0.0,0.0,0.0,0.0,0.0,2.884891,-0.9350818,-2.27885,2.520484,0.113351,-2.832744,-0.01152093,0.9830109,-0.1702102,-0.06771594,19.64535,187.8856,0.02442542,0.692408,0.03212433,-0.72079,0.008027051,0.003658534,-0.1276625,3.000442,-0.3303774,-4.202927,0.15018,0.1038515,1.915002,-0.9905639,0.000401487,0.1370529,-0.04570227,0.9417916,-0.3330766,-0.129209,-0.3361972,-0.9328863,moving,0.262474,17.24445,4.484123,3.104137,-1.6724007065541104,10.865187244032896
05/11/2023 10:29:54.809838,1124,True,True,True,True,Eyes,2.537102,0.1153854,-2.703827,-0.009595585,-0.2972787,-0.9547426,0.0,0.0,0.0,0.0,0.0,0.0,0.0,2.905262,-0.9304375,-2.268272,2.520702,0.1146532,-2.843279,-0.01120541,0.9829822,-0.168775,-0.07166207,19.47598,188.3618,0.1312752,0.6916389,0.0320235,-0.7215325,0.007545427,0.003439022,-0.1200027,2.986388,-0.334851,-4.216698,0.1465631,0.1013502,1.915001,-0.989478,0.002160085,0.1446675,-0.04621897,0.9427789,-0.3301996,-0.1371027,-0.3334116,-0.9327592,moving,0.5758286,17.29505,4.376555,3.029516,-1.6350637455612547,10.88153436037295
05/11/2023 10:29:54.829666,1125,True,True,True,True,Eyes,2.537752,0.1155414,-2.710152,-0.01483617,-0.2985921,-0.9542655,0.0,0.0,0.0,0.0,0.0,0.0,0.0,2.938558,-0.9142739,-2.244671,2.521117,0.1163829,-2.853064,-0.01171917,0.9828908,-0.166392,-0.07811684,19.20332,189.1186,0.1795101,0.6908723,0.03193183,-0.7222705,0.007092702,0.003232681,-0.1128026,2.969516,-0.3455023,-4.228452,0.142781,0.098735,1.915002,-0.9875212,0.002958707,0.1574606,-0.04903337,0.9443527,-0.3252595,-0.1496607,-0.3289213,-0.9324231,moving,0.8907179,17.37504,4.264038,2.951482,-1.5985063338074204,10.906424852552478
05/11/2023 10:29:54.849713,1126,True,True,True,True,Eyes,2.538375,0.1157102,-2.716579,-0.02027066,-0.2998903,-0.9537584,0.0,0.0,0.0,0.0,0.0,0.0,0.0,2.963525,-0.9146781,-2.223011,2.521625,0.1174557,-2.861556,-0.0115168,0.9824756,-0.166469,-0.08304908,19.20909,189.715,0.3045993,0.6901066,0.03184928,-0.7230058,0.006667139,0.00303872,-0.1060344,2.954813,-0.3587039,-4.238105,0.1390198,0.09613407,1.915002,-0.9859405,0.005020253,0.1670218,-0.05028015,0.9443108,-0.3251906,-0.159353,-0.3290164,-0.930782,moving,1.21755,17.45471,4.152111,2.873865,-1.5604516522164515,10.931285379602214
05/11/2023 10:29:54.859421,1127,True,True,True,True,Eyes,2.538953,0.1159102,-2.7231,-0.02571836,-0.3015645,-0.9530989,0.0,0.0,0.0,0.0,0.0,0.0,0.0,2.987505,-0.9197854,-2.199736,2.52163,0.1180348,-2.870099,-0.0106917,0.9819751,-0.166909,-0.0880464,19.24957,190.3336,0.5093985,0.6893403,0.03177525,-0.7237397,0.0,0.0,0.0,2.940161,-0.3697088,-4.248352,0.135119,0.09343678,1.915002,-0.9842674,0.008393503,0.1764878,-0.05038943,0.9440542,-0.3259182,-0.1693496,-0.3296836,-0.9287787,moving,1.54569,17.55759,4.035996,2.793361,-1.5230006603051134,10.96289332465528
05/11/2023 10:29:54.879803,1128,True,True,True,True,Eyes,2.539482,0.1160941,-2.729712,-0.03136418,-0.3030702,-0.952452,0.0,0.0,0.0,0.0,0.0,0.0,0.0,3.010029,-0.9188209,-2.179889,2.52104,0.1191251,-2.878643,-0.01028124,0.9816256,-0.1664254,-0.09278043,19.18641,190.9085,0.6489752,0.6885714,0.03170967,-0.7244742,0.0,0.0,0.0,2.92601,-0.3737574,-4.259771,0.1310791,0.09064254,1.915001,-0.9825722,0.01069737,0.1855734,-0.0510667,0.9443938,-0.324827,-0.1787291,-0.3286426,-0.9273888,moving,1.886065,17.65107,3.915707,2.709952,-1.4837161594707888,10.991835880875257
05/11/2023 10:29:54.889384,1129,True,True,True,True,Eyes,2.539953,0.1162797,-2.736425,-0.03701925,-0.304716,-0.9517236,0.0,0.0,0.0,0.0,0.0,0.0,0.0,3.035798,-0.9077856,-2.159101,2.520419,0.1189722,-2.887075,-0.01052947,0.9813483,-0.1649971,-0.09808525,19.02041,191.5343,0.7091781,0.6877984,0.03165123,-0.7252106,0.0,0.0,0.0,2.913398,-0.3730755,-4.272047,0.1271787,0.08794552,1.915001,-0.9805369,0.01170142,0.1959862,-0.05303372,0.9453301,-0.3217737,-0.1890369,-0.3259049,-0.9263104,moving,2.227515,17.75365,3.799536,2.629434,-1.444598362042415,11.02342687755121
05/11/2023 10:29:54.909676,1130,True,True,True,True,Eyes,2.540348,0.116516,-2.743254,-0.04284074,-0.3061592,-0.9510158,0.0,0.0,0.0,0.0,0.0,0.0,0.0,3.061206,-0.884657,-2.143533,2.519477,0.1192264,-2.89592,-0.01178036,0.9812999,-0.1620929,-0.1031406,18.6964,192.1029,0.6240374,0.6870198,0.03159922,-0.7259505,0.0,0.0,0.0,2.899637,-0.3720734,-4.28485,0.1232985,0.08526245,1.915001,-0.9784468,0.01031657,0.2062426,-0.05655683,0.9471743,-0.3156933,-0.1986046,-0.3205535,-0.9261761,moving,2.579279,17.84485,3.683939,2.549322,-1.4038208028161645,11.051767336212201
05/11/2023 10:29:54.929532,1131,True,True,True,True,Eyes,2.540665,0.116722,-2.750196,-0.04870751,-0.3078625,-0.9501833,0.0,0.0,0.0,0.0,0.0,0.0,0.0,3.088389,-0.8613877,-2.12494,2.518092,0.120604,-2.905198,-0.01397022,0.9810293,-0.1600462,-0.1084979,18.4847,192.694,0.4421624,0.6862336,0.03155434,-0.7266957,0.0,0.0,0.0,2.886997,-0.3697926,-4.297744,0.1196365,0.08272991,1.915001,-0.9760662,0.007318974,0.217351,-0.06213974,0.9483801,-0.3109884,-0.2084075,-0.3170514,-0.9252269,moving,2.93448,17.9525,3.574812,2.473696,-1.3631586446711605,11.084903235898249
05/11/2023 10:29:54.939740,1132,True,True,True,True,Eyes,2.540909,0.1168905,-2.757215,-0.05487401,-0.3095359,-0.949303,0.0,0.0,0.0,0.0,0.0,0.0,0.0,3.122303,-0.8351915,-2.096341,2.516535,0.1200487,-2.914379,-0.01659295,0.9804389,-0.1586037,-0.1153662,18.35061,193.4616,0.2449812,0.6854383,0.03151503,-0.7274476,0.0,0.0,0.0,2.877913,-0.3694046,-4.308494,0.1159157,0.08015698,1.915,-0.9728309,0.004058284,0.2314825,-0.06913175,0.9491391,-0.3071739,-0.2209557,-0.314831,-0.9230712,moving,3.308274,18.05941,3.463911,2.396855,-1.3201574947835826,11.117922259024084
05/11/2023 10:29:54.959736,1133,True,True,True,True,Eyes,2.541064,0.1170473,-2.764299,-0.06105094,-0.3117285,-0.9482079,0.0,0.0,0.0,0.0,0.0,0.0,0.0,3.157385,-0.8166489,-2.06068,2.515058,0.1192406,-2.922782,-0.01898085,0.9794945,-0.1586799,-0.122684,18.39157,194.2956,0.1057678,0.684633,0.03147973,-0.7282071,0.0,0.0,0.0,2.867651,-0.3728142,-4.319145,0.1119795,0.07743514,1.915,-0.9691771,0.001751708,0.2463603,-0.07611825,0.9489208,-0.3061949,-0.2343128,-0.3155095,-0.9195389,moving,3.683939,18.19856,3.346555,2.315556,-1.2779881502280335,11.160314112634211
05/11/2023 10:29:54.979281,1134,True,True,True,True,Eyes,2.54112,0.1171721,-2.771463,-0.06750657,-0.3141135,-0.9469824,0.0,0.0,0.0,0.0,0.0,0.0,0.0,3.186932,-0.812965,-2.025583,2.513099,0.1191335,-2.930967,-0.02096439,0.978249,-0.161047,-0.1290484,18.6931,195.0353,0.0332028,0.6838161,0.03144771,-0.7289756,0.0,0.0,0.0,2.856029,-0.3773474,-4.329147,0.1079478,0.07464698,1.915,-0.9658142,0.0005489333,0.2592354,-0.0825825,0.9472488,-0.3096773,-0.2457304,-0.3204989,-0.914821,moving,4.077488,18.35065,3.226326,2.232268,-1.2340198521876413,11.206558222867532
05/11/2023 10:29:54.993941,1135,True,True,True,True,Eyes,2.541074,0.117328,-2.778685,-0.07392885,-0.3170706,-0.9455161,0.0,0.0,0.0,0.0,0.0,0.0,0.0,3.219598,-0.8134469,-1.982925,2.510834,0.1184504,-2.939587,-0.02268494,0.97668,-0.164303,-0.1363318,19.09457,195.8978,0.02956468,0.682987,0.03141782,-0.7297536,0.0,0.0,0.0,2.844918,-0.3846528,-4.338473,0.103972,0.07189804,1.915001,-0.9617983,0.0004876066,0.2737595,-0.08911131,0.9449798,-0.3147576,-0.2588507,-0.3271283,-0.9088366,moving,4.470797,18.53843,3.107736,2.15014,-1.1912600830536701,11.263165963763743
05/11/2023 10:29:55.009548,1136,True,True,True,True,Eyes,2.540926,0.1174535,-2.785964,-0.08063447,-0.3203005,-0.943878,0.0,0.0,0.0,0.0,0.0,0.0,0.0,3.250702,-0.8201028,-1.937964,2.50838,0.1194187,-2.947728,-0.0241778,0.9749345,-0.1683206,-0.1434801,19.58112,196.7563,0.07040724,0.6821449,0.03139068,-0.7305421,0.0,0.0,0.0,2.833409,-0.3937455,-4.347033,0.1004637,0.06947193,1.915002,-0.957658,0.001157781,0.2879066,-0.09544483,0.9421672,-0.3212651,-0.2716281,-0.3351412,-0.9021634,moving,4.882861,18.7444,3.003063,2.077649,-1.1467663136293662,11.325155230065132
05/11/2023 10:29:55.029595,1137,True,True,True,True,Eyes,2.54068,0.1175711,-2.793277,-0.08732575,-0.3239158,-0.9420471,0.0,0.0,0.0,0.0,0.0,0.0,0.0,3.28248,-0.8296216,-1.888817,2.50587,0.1188211,-2.955854,-0.02536667,0.9729379,-0.1730553,-0.1509978,20.14546,197.6751,0.1770804,0.6812887,0.03136522,-0.7313418,0.0,0.0,0.0,2.819921,-0.4054268,-4.355323,0.09662291,0.06681609,1.915002,-0.9531124,0.002901549,0.3026027,-0.1016223,0.9388168,-0.3290834,-0.2850434,-0.3444046,-0.8945031,moving,5.296062,18.97515,2.888453,1.998289,-1.1029493572256945,11.39434696418894
05/11/2023 10:29:55.039900,1138,True,True,True,True,Eyes,2.531921,0.1205534,-2.976961,-0.2583556,-0.4109917,-0.8742644,0.0,0.0,0.0,0.0,0.0,0.0,0.0,3.312413,-0.8380812,-1.840795,2.503286,0.1188656,-2.963512,-0.02629813,0.971006,-0.1771962,-0.1582954,20.6368,198.5741,0.3078009,0.6804185,0.03134112,-0.7321525,0.0,0.0,0.0,2.804183,-0.4208113,-4.361666,0.0927214,0.06411815,1.915002,-0.9485022,0.005027396,0.3167314,-0.1071699,0.9358199,-0.3357913,-0.2980917,-0.3524429,-0.8870885,moving,16.46304,25.17822,2.772007,1.917662,0.0823195211298362,13.254685946857263
05/11/2023 10:29:55.059894,1139,True,True,True,True,Eyes,2.531796,0.1205517,-2.977294,-0.2585568,-0.4109264,-0.8742356,0.0,0.0,0.0,0.0,0.0,0.0,0.0,3.340131,-0.8420089,-1.797088,2.50052,0.1190395,-2.97123,-0.02734564,0.9692342,-0.18045,-0.1651524,21.0283,199.4152,0.4048195,0.6769387,0.03129025,-0.7353732,-0.02627778,0.008946776,-0.5510523,2.7871,-0.4369211,-4.36807,0.08871779,0.06134951,1.915001,-0.9439538,0.006594842,0.3300116,-0.1126121,0.93338,-0.3407642,-0.3102736,-0.358829,-0.880325,moving,16.47568,25.17544,2.652491,1.834916,0.08398482287797515,13.253945237818007
05/11/2023 10:29:55.079563,1140,True,True,True,True,Eyes,2.531543,0.1205657,-2.977947,-0.2592073,-0.4108437,-0.8740818,0.0,0.0,0.0,0.0,0.0,0.0,0.0,3.367777,-0.8369094,-1.756178,2.497437,0.1190906,-2.979114,-0.02818924,0.9677671,-0.1816187,-0.1721831,21.17615,200.2684,0.4904654,0.6739574,0.03124556,-0.7381084,-0.02470111,0.00840997,-0.5179892,2.770145,-0.4505369,-4.374155,0.08489069,0.05870301,1.915,-0.939117,0.007982091,0.3435056,-0.1171046,0.93244,-0.3418217,-0.3230269,-0.3612365,-0.8747355,moving,16.51762,25.17488,2.538222,1.755812,0.0892242262875671,13.254003731217757
05/11/2023 10:29:55.089728,1141,True,True,True,True,Eyes,2.531156,0.1205724,-2.978899,-0.2599584,-0.4101724,-0.8741741,0.0,0.0,0.0,0.0,0.0,0.0,0.0,3.390892,-0.8293155,-1.723877,2.494175,0.1195349,-2.987051,-0.02849032,0.9667246,-0.1812445,-0.1782762,21.13615,201.0067,0.5859484,0.6713377,0.03120595,-0.7404937,-0.02321904,0.007905371,-0.4869099,2.752998,-0.4589295,-4.382219,0.08109769,0.05607998,1.915001,-0.9348117,0.009538571,0.3550153,-0.1197077,0.9326774,-0.3402687,-0.3343605,-0.3605852,-0.8707359,moving,16.56122,25.1365,2.42495,1.677403,0.09591927026243852,13.243087497763378
05/11/2023 10:29:55.109785,1142,True,True,True,True,Eyes,2.530628,0.1205589,-2.980156,-0.2610641,-0.4094449,-0.8741856,0.0,0.0,0.0,0.0,0.0,0.0,0.0,3.410986,-0.8181775,-1.697699,2.490601,0.1194427,-2.994838,-0.02885001,0.9659124,-0.180111,-0.1836875,21.01066,201.6535,0.640484,0.6689553,0.03116978,-0.7426481,-0.0218259,0.007431049,-0.4576953,2.737517,-0.4613723,-4.391511,0.07714123,0.05334395,1.915001,-0.9308534,0.01043511,0.3652444,-0.1219014,0.9334554,-0.3373441,-0.3444596,-0.3585417,-0.8676381,moving,16.62757,25.09712,2.306776,1.595609,0.10547937741222402,13.232000797436466
05/11/2023 10:29:55.129486,1143,True,True,True,True,Eyes,2.529957,0.1204947,-2.981682,-0.2622498,-0.4082788,-0.874376,0.0,0.0,0.0,0.0,0.0,0.0,0.0,3.430163,-0.8042535,-1.674466,2.486771,0.1189536,-3.003081,-0.02957881,0.9651414,-0.1788175,-0.1888167,20.87548,202.2565,0.6397128,0.6667823,0.03113616,-0.7446012,-0.02051635,0.006985187,-0.4302336,2.723501,-0.4618575,-4.401286,0.07321808,0.05063111,1.915001,-0.9269469,0.01043196,0.375048,-0.1246229,0.9342989,-0.3339983,-0.3538911,-0.3563381,-0.8647454,moving,16.69546,25.02963,2.189579,1.514502,0.11615951681687586,13.21275866305037
05/11/2023 10:29:55.139974,1144,True,True,True,True,Eyes,2.529136,0.1203792,-2.983471,-0.2637329,-0.4071605,-0.8744515,0.0,0.0,0.0,0.0,0.0,0.0,0.0,3.448766,-0.7897889,-1.650512,2.482674,0.1176776,-3.010718,-0.03057162,0.9642635,-0.1779415,-0.1939026,20.79472,202.8528,0.6158633,0.664793,0.03110347,-0.7463792,-0.01928537,0.006566076,-0.4044195,2.709293,-0.4612695,-4.411547,0.06935084,0.04795682,1.915,-0.9229344,0.01004845,0.3848262,-0.1279648,0.9348044,-0.3313091,-0.3630664,-0.3550209,-0.8614774,moving,16.78321,24.96754,2.074033,1.434543,0.12913359890560172,13.195189477735209
05/11/2023 10:29:55.159732,1145,True,True,True,True,Eyes,2.528158,0.1202295,-2.985508,-0.2652223,-0.4058391,-0.8746152,0.0,0.0,0.0,0.0,0.0,0.0,0.0,3.465838,-0.7784386,-1.627652,2.478351,0.11632,-3.018525,-0.03162491,0.9633008,-0.1777383,-0.1986473,20.79316,203.4128,0.5936342,0.6629646,0.0310703,-0.7480052,-0.01812824,0.006172111,-0.3801544,2.694865,-0.4609389,-4.422052,0.06541857,0.04523808,1.915002,-0.9190784,0.009685873,0.393956,-0.1315431,0.9348179,-0.3298665,-0.3714722,-0.3549953,-0.8578969,moving,16.86964,24.89225,1.956526,1.353246,0.14237928689965185,13.173779860477815
05/11/2023 10:29:55.179602,1146,True,True,True,True,Eyes,2.527017,0.1200245,-2.987786,-0.2669945,-0.4045942,-0.8746527,0.0,0.0,0.0,0.0,0.0,0.0,0.0,3.480771,-0.7703542,-1.60648,2.473592,0.1153462,-3.026223,-0.03247692,0.9623494,-0.1778067,-0.2030118,20.81862,203.9333,0.5937076,0.6612762,0.03103577,-0.7494998,-0.01704055,0.005801784,-0.3573451,2.679866,-0.4622784,-4.431939,0.06144993,0.0424937,1.915002,-0.9154629,0.009685444,0.4022858,-0.134702,0.93466,-0.329038,-0.3791873,-0.3554108,-0.854342,moving,16.97522,24.82418,1.837916,1.271179,0.15777042808051478,13.15456800338821
05/11/2023 10:29:55.189638,1147,True,True,True,True,Eyes,2.52571,0.1197739,-2.990299,-0.2687902,-0.4033006,-0.8747002,0.0,0.0,0.0,0.0,0.0,0.0,0.0,3.496805,-0.7605155,-1.583097,2.468639,0.1138062,-3.033988,-0.03347542,0.9612912,-0.1778983,-0.2077279,20.85056,204.4951,0.5855059,0.659709,0.03099858,-0.7508811,-0.01601811,0.005453677,-0.3359044,2.66482,-0.4652395,-4.441321,0.05775496,0.03993869,1.915002,-0.9114572,0.009549607,0.4112844,-0.1382681,0.9344632,-0.3281165,-0.3874635,-0.3559316,-0.8504027,moving,17.08188,24.75315,1.727472,1.19477,0.1733937664722569,13.134502213388352
05/11/2023 10:29:55.209395,1148,True,True,True,True,Eyes,2.524235,0.1194865,-2.993024,-0.2708433,-0.4020745,-0.8746313,0.0,0.0,0.0,0.0,0.0,0.0,0.0,3.512819,-0.7485222,-1.559781,2.463339,0.1124261,-3.041778,-0.03465728,0.9602302,-0.1777476,-0.2125156,20.86011,205.0603,0.5512495,0.6582457,0.03095779,-0.7521658,-0.01505703,0.005126457,-0.3157501,2.648172,-0.4712445,-4.450144,0.05384919,0.03723729,1.915002,-0.9072722,0.008990354,0.4204483,-0.1421062,0.9344093,-0.3266267,-0.3958073,-0.3560876,-0.846486,moving,17.20596,24.68859,1.610713,1.113978,0.19097196718766218,13.116407251330376
05/11/2023 10:29:55.229793,1149,True,True,True,True,Eyes,2.522587,0.1191598,-2.995966,-0.272956,-0.400822,-0.8745495,0.0,0.0,0.0,0.0,0.0,0.0,0.0,3.527436,-0.7386384,-1.53748,2.457932,0.1112468,-3.049332,-0.03565124,0.9591847,-0.1777204,-0.2170466,20.87985,205.5995,0.536888,0.6568714,0.0309128,-0.7533682,-0.01415361,0.004818869,-0.2968051,2.631321,-0.4782958,-4.458379,0.05001564,0.03458643,1.915001,-0.9032397,0.008754971,0.4290475,-0.1455395,0.9342889,-0.3254574,-0.4037037,-0.3564093,-0.8426126,moving,17.33369,24.62285,1.496101,1.034695,0.20904350808323646,13.097988844434461
05/11/2023 10:29:55.240148,1150,True,True,True,True,Eyes,2.520769,0.1188079,-2.999108,-0.2753085,-0.3996693,-0.8743396,0.0,0.0,0.0,0.0,0.0,0.0,0.0,3.543041,-0.7276043,-1.512876,2.452189,0.1099593,-3.057125,-0.03654166,0.9580735,-0.1774234,-0.2219933,20.86659,206.1902,0.5368055,0.6555719,0.03086301,-0.7545014,-0.01330439,0.004529737,-0.2789968,2.614044,-0.4856996,-4.466127,0.04621813,0.03196025,1.915,-0.8987675,0.008754409,0.4383385,-0.1487928,0.9343713,-0.3237452,-0.4124051,-0.3561932,-0.8384801,moving,17.47796,24.56561,1.382554,0.956145,0.22889332412771957,13.082126167324759
05/11/2023 10:29:55.259816,1151,True,True,True,True,Eyes,2.518771,0.1183924,-3.002451,-0.2777252,-0.3985592,-0.874082,0.0,0.0,0.0,0.0,0.0,0.0,0.0,3.555811,-0.7250782,-1.489889,2.446345,0.1090408,-3.064769,-0.03680853,0.9569452,-0.1779376,-0.2263608,20.92939,206.7314,0.6201109,0.6543351,0.03080823,-0.7555764,-0.01250613,0.004257953,-0.262257,2.595287,-0.4939633,-4.47389,0.04231304,0.02925974,1.914999,-0.894812,0.0101087,0.4463291,-0.1510037,0.9339667,-0.323889,-0.4201306,-0.3572171,-0.8341981,moving,17.6268,24.51178,1.265778,0.8753681,0.24919942325188238,13.06727789889102
05/11/2023 10:29:55.279527,1152,True,True,True,True,Eyes,2.516595,0.1179809,-3.00596,-0.2803056,-0.3975211,-0.873731,0.0,0.0,0.0,0.0,0.0,0.0,0.0,3.567668,-0.7250409,-1.467213,2.440044,0.1071406,-3.072679,-0.03656235,0.9558166,-0.1784746,-0.2307049,20.98038,207.2813,0.7643821,0.6531498,0.03074733,-0.7566038,-0.01175576,0.004002476,-0.2465216,2.577039,-0.5021865,-4.481205,0.03836217,0.02652782,1.915002,-0.890877,0.01245614,0.4540741,-0.1522437,0.93362,-0.3243078,-0.4279723,-0.3580482,-0.8298442,moving,17.787,24.4641,1.147621,0.7936469,0.2707165722601299,13.054275574832925
05/11/2023 10:29:55.289628,1153,True,True,True,True,Eyes,2.514225,0.1175123,-3.009649,-0.2832167,-0.3966715,-0.8731781,0.0,0.0,0.0,0.0,0.0,0.0,0.0,3.57589,-0.7274789,-1.450563,2.433672,0.1068921,-3.07996,-0.03618763,0.9549444,-0.1788089,-0.2340922,21.00488,207.7135,0.8961701,0.652006,0.03068102,-0.7575924,-0.01105041,0.003762327,-0.2317303,2.556658,-0.5115573,-4.488292,0.03468447,0.02398479,1.915001,-0.8877829,0.01460118,0.4600314,-0.1528299,0.9334357,-0.3245626,-0.4341487,-0.3584475,-0.8264567,moving,17.97056,24.43158,1.037627,0.7175743,0.2946410408535165,13.045799099552529
05/11/2023 10:29:55.309919,1154,True,True,True,True,Eyes,2.511669,0.1170277,-3.013487,-0.2862666,-0.3958356,-0.8725627,0.0,0.0,0.0,0.0,0.0,0.0,0.0,3.58501,-0.7259525,-1.433372,2.426698,0.1050754,-3.087709,-0.03595117,0.9540304,-0.1788209,-0.2378165,20.99587,208.1815,1.00997,0.6508945,0.03060838,-0.7585505,-0.01038739,0.003536588,-0.2178265,2.537457,-0.5203623,-4.495097,0.0308329,0.021321,1.914999,-0.8843017,0.0164561,0.466626,-0.1536501,0.9334612,-0.3241015,-0.4409107,-0.3583006,-0.8229328,moving,18.16341,24.40129,0.9224246,0.6378868,0.3196483318777741,13.038019229606304
05/11/2023 10:29:55.339693,1155,True,True,True,True,Eyes,2.508917,0.116493,-3.017475,-0.289469,-0.3952076,-0.8717905,0.0,0.0,0.0,0.0,0.0,0.0,0.0,3.592654,-0.7237018,-1.419075,2.419736,0.104255,-3.094944,-0.03579202,0.9532667,-0.178487,-0.2411308,20.94996,208.593,1.0945,0.6498078,0.03052967,-0.7594849,-0.009764146,0.003324392,-0.2047569,2.519126,-0.5292478,-4.501561,0.02685183,0.0185681,1.915,-0.8811501,0.01783873,0.4725007,-0.1543161,0.9337227,-0.3230303,-0.446947,-0.3575525,-0.819997,moving,18.36821,24.38615,0.8033398,0.5555303,0.34564289652754265,13.034702145907824
05/11/2023 10:29:55.359228,1156,True,True,True,True,Eyes,2.505967,0.1159307,-3.021604,-0.2928191,-0.3947284,-0.8708884,0.0,0.0,0.0,0.0,0.0,0.0,0.0,3.599531,-0.7192549,-1.407238,2.412318,0.1025054,-3.102334,-0.03588336,0.9525436,-0.1781114,-0.2442325,20.90659,208.9727,1.143352,0.6487383,0.03044422,-0.760402,-0.009178298,0.003124929,-0.1924715,2.500791,-0.5355415,-4.509015,0.02299764,0.01590347,1.915002,-0.8781258,0.01864025,0.4780666,-0.1553621,0.9339774,-0.3217899,-0.4525017,-0.3568455,-0.8172537,moving,18.58421,24.38231,0.6880434,0.475812,0.37265851609147926,13.034725798038327
05/11/2023 10:29:55.359228,1157,True,True,True,True,Eyes,2.502826,0.1153178,-3.025853,-0.2962897,-0.3942876,-0.8699137,0.0,0.0,0.0,0.0,0.0,0.0,0.0,3.607071,-0.7134016,-1.393721,2.404659,0.1012592,-3.109619,-0.03624795,0.951736,-0.1777594,-0.2475607,20.87358,209.3756,1.166117,0.6476794,0.03035199,-0.7613078,-0.0086276,0.002937433,-0.1809232,2.483127,-0.5427089,-4.515728,0.01920692,0.013282,1.915001,-0.8747994,0.01901551,0.4841117,-0.1570094,0.9341754,-0.3204128,-0.458338,-0.3563071,-0.8142305,moving,18.80867,24.38237,0.5746412,0.3973837,0.40059848407307896,13.035926671723026
05/11/2023 10:29:55.379574,1158,True,True,True,True,Eyes,2.499493,0.1146717,-3.030221,-0.2998929,-0.3938615,-0.8688713,0.0,0.0,0.0,0.0,0.0,0.0,0.0,3.614696,-0.7095656,-1.37801,2.397034,0.09937301,-3.116532,-0.03647722,0.9507981,-0.1778738,-0.2510251,20.88893,209.8044,1.222736,0.6466264,0.03025246,-0.7622064,-0.008109944,0.002761187,-0.1700678,2.468745,-0.5465737,-4.523829,0.01519546,0.01050782,1.915001,-0.8713118,0.0199366,0.4903249,-0.1586665,0.9340606,-0.3199306,-0.4643715,-0.3565574,-0.8106948,moving,19.04223,24.3849,0.4546304,0.3143852,0.42958969636215816,13.037892848477982
05/11/2023 10:29:55.389404,1159,True,True,True,True,Eyes,2.49598,0.1140481,-3.034704,-0.303588,-0.3935613,-0.8677233,0.0,0.0,0.0,0.0,0.0,0.0,0.0,3.62319,-0.7024434,-1.361266,2.389165,0.09793863,-3.123502,-0.03701407,0.9498284,-0.1776497,-0.254748,20.8751,210.2554,1.238641,0.645574,0.03014553,-0.7631023,-0.007623347,0.002595516,-0.1598637,2.458468,-0.5505434,-4.531384,0.01133167,0.007835686,1.915,-0.8674671,0.02019775,0.4970848,-0.1608258,0.9341411,-0.3186149,-0.4707826,-0.356332,-0.8070883,moving,19.28327,24.39696,0.3390336,0.2344383,0.4591973323613123,13.042666113845058
05/11/2023 10:29:55.409544,1160,True,True,True,True,Eyes,2.492256,0.1135778,-3.039319,-0.3073673,-0.3931996,-0.866556,0.0,0.0,0.0,0.0,0.0,0.0,0.0,3.631487,-0.6957555,-1.345001,2.381397,0.09794397,-3.130521,-0.03744046,0.9489323,-0.1770538,-0.2584135,20.81639,210.6971,1.253578,0.6445181,0.03003256,-0.7639987,-0.007165947,0.002439785,-0.1502719,2.445737,-0.5562534,-4.538924,0.007345449,0.005079508,1.915,-0.8636413,0.02044923,0.5036919,-0.1625631,0.9345003,-0.3166738,-0.4771759,-0.3553744,-0.8037488,moving,19.52959,24.40616,0.2197709,0.1519758,0.48955670096634885,13.046636631949513
05/11/2023 10:29:55.429563,1161,True,True,True,True,Eyes,2.488332,0.1132485,-3.044067,-0.3111938,-0.3929695,-0.8652938,0.0,0.0,0.0,0.0,0.0,0.0,0.0,3.636793,-0.6943786,-1.333905,2.372673,0.1011854,-3.138139,-0.03737121,0.9483083,-0.176007,-0.2614118,20.69275,211.0594,1.294978,0.6434539,0.02991804,-0.7648997,-0.00673599,0.002293398,-0.1412556,2.430504,-0.5627257,-4.545326,0.003582425,0.002477348,1.915,-0.8605344,0.02114176,0.5089533,-0.1628995,0.9352499,-0.3142793,-0.4826429,-0.3533563,-0.8013707,moving,19.78059,24.42497,0.1071841,0.07412087,0.5201812927250367,13.0534227090381
05/11/2023 10:29:55.439964,1162,True,True,True,True,Eyes,2.484224,0.1128307,-3.048931,-0.3152829,-0.3926045,-0.8639782,0.0,0.0,0.0,0.0,0.0,0.0,0.0,3.643923,-0.6927444,-1.318279,2.364021,0.1042655,-3.145863,-0.03780817,0.9473754,-0.1757695,-0.2648692,20.67507,211.48,1.315226,0.6423775,0.02980574,-0.7658083,-0.00633183,0.002155794,-0.1327803,2.414002,-0.5703684,-4.551174,-0.0001512319,-0.0001041889,1.915,-0.8568298,0.02147479,0.5151522,-0.1647489,0.9353513,-0.3130109,-0.4885701,-0.3530678,-0.797899,moving,20.04804,24.43775,-0.004524777,-0.003117276,0.553052805227084,13.058544317675373
05/11/2023 10:29:55.459477,1163,True,True,True,True,Eyes,2.479969,0.1124889,-3.053868,-0.3193633,-0.3922288,-0.8626491,0.0,0.0,0.0,0.0,0.0,0.0,0.0,3.656606,-0.6772026,-1.293275,2.355649,0.1017701,-3.153171,-0.03784624,0.946254,-0.1736323,-0.270228,20.42951,212.121,1.358464,0.6412857,0.02969319,-0.7667271,-0.005951921,0.002026446,-0.1248134,2.399786,-0.5753474,-4.557388,-0.004081294,-0.002822459,1.915,-0.8510892,0.0222163,0.5245513,-0.1654649,0.936839,-0.3081462,-0.498266,-0.3490547,-0.7936575,moving,20.31517,24.45032,-0.1221099,-0.08444639,0.5858914176554082,13.06360325207628
05/11/2023 10:29:55.479937,1164,True,True,True,True,Eyes,2.475528,0.1122088,-3.058928,-0.3234967,-0.3917121,-0.8613429,0.0,0.0,0.0,0.0,0.0,0.0,0.0,3.660274,-0.6682301,-1.289621,2.347905,0.1033043,-3.159735,-0.03754462,0.9461107,-0.170824,-0.2725515,20.10261,212.3796,1.346918,0.6401773,0.02958245,-0.767657,-0.005594805,0.001904859,-0.1173246,2.386375,-0.5776845,-4.564708,-0.008002251,-0.005533516,1.915001,-0.8486123,0.02207396,0.5285548,-0.1641594,0.9388191,-0.3027712,-0.5029007,-0.3437025,-0.7930698,moving,20.5848,24.45457,-0.2394216,-0.1655593,0.6193160088171752,13.0662591183108
05/11/2023 10:29:55.489752,1165,True,True,True,True,Eyes,2.470914,0.1118966,-3.064097,-0.327747,-0.3912022,-0.8599668,0.0,0.0,0.0,0.0,0.0,0.0,0.0,3.665492,-0.6575889,-1.283523,2.339059,0.1044951,-3.167581,-0.03787307,0.9456908,-0.1686023,-0.2753323,19.86144,212.6915,1.292265,0.6390486,0.02947479,-0.7686011,-0.005259117,0.001790568,-0.1102851,2.372949,-0.5768228,-4.573051,-0.01168574,-0.008081079,1.915,-0.8455155,0.0212109,0.5335293,-0.1644758,0.9402778,-0.2980359,-0.5079875,-0.3397466,-0.7915308,moving,20.86264,24.46097,-0.3496268,-0.2417801,0.6536916203647729,13.069582662493383
05/11/2023 10:29:55.509421,1166,True,True,True,True,Eyes,2.352227,0.1047557,-3.19552,-0.4351029,-0.3762087,-0.8180174,0.0,0.0,0.0,0.0,0.0,0.0,0.0,3.677408,-0.6372247,-1.262303,2.330456,0.103415,-3.175071,-0.038713,0.9446521,-0.1660548,-0.2802849,19.59865,213.2615,1.21311,0.6378982,0.02936919,-0.7695601,-0.00494357,0.001683134,-0.103668,2.361126,-0.5739754,-4.582115,-0.01558448,-0.0107764,1.915001,-0.8398835,0.01994465,0.5424004,-0.1662259,0.9418542,-0.2920266,-0.5166865,-0.3354293,-0.7877325,moving,28.00848,24.69785,-0.4662689,-0.3224205,1.535420091829757,13.176051980964404
05/11/2023 10:29:55.529423,1167,True,True,True,True,Eyes,2.351908,0.1048027,-3.195811,-0.4352418,-0.3765725,-0.817776,0.0,0.0,0.0,0.0,0.0,0.0,0.0,3.687673,-0.6263313,-1.241045,2.32261,0.1037391,-3.182158,-0.03984161,0.9434029,-0.1655982,-0.2845713,19.58028,213.7714,1.160112,0.6325666,0.02902831,-0.7739615,-0.3607077,-0.01984061,-0.4917155,2.352487,-0.5652812,-4.592802,-0.0194135,-0.01342404,1.915002,-0.8348639,0.01907559,0.5501262,-0.1694224,0.9419798,-0.2897761,-0.5237354,-0.3351273,-0.7831931,moving,28.02308,24.7253,-0.5808212,-0.4016332,1.5363310471277174,13.184100838367321
05/11/2023 10:29:55.539573,1168,True,True,True,True,Eyes,2.351287,0.1049114,-3.196379,-0.4356914,-0.3770944,-0.817296,0.0,0.0,0.0,0.0,0.0,0.0,0.0,3.696646,-0.6276665,-1.216984,2.314766,0.104923,-3.189209,-0.04074853,0.941832,-0.167331,-0.2886043,19.79865,214.2839,1.207546,0.6280828,0.02873992,-0.7776153,-0.3390652,-0.01865018,-0.4622126,2.336035,-0.5699804,-4.59728,-0.02351573,-0.01626062,1.915002,-0.8300942,0.01982836,0.5572704,-0.1733414,0.9406798,-0.2916749,-0.5299966,-0.3387158,-0.7774158,moving,28.06158,24.76826,-0.7035419,-0.4864969,1.5397049853683984,13.196780036758055
05/11/2023 10:29:55.559198,1169,True,True,True,True,Eyes,2.350396,0.1051068,-3.197204,-0.4363147,-0.377957,-0.8165647,0.0,0.0,0.0,0.0,0.0,0.0,0.0,3.708147,-0.6274446,-1.18526,2.307065,0.1065144,-3.19609,-0.04196632,0.9398902,-0.1693664,-0.2935309,20.06028,214.9092,1.253031,0.6242957,0.02849719,-0.7806679,-0.3187213,-0.01753117,-0.4344798,2.310938,-0.5640887,-4.60669,-0.0272827,-0.01886606,1.915001,-0.8241569,0.0205411,0.5659891,-0.178316,0.9391077,-0.2937348,-0.5375583,-0.3430085,-0.7703093,moving,28.11691,24.83764,-0.8162282,-0.564444,1.5443014963850494,13.217220723054073
05/11/2023 10:29:55.579633,1170,True,True,True,True,Eyes,2.349253,0.1053856,-3.198278,-0.4372388,-0.3788078,-0.8156757,0.0,0.0,0.0,0.0,0.0,0.0,0.0,3.718709,-0.6325431,-1.153202,2.299803,0.1088963,-3.202784,-0.0422539,0.9380328,-0.1711446,-0.2983599,20.26071,215.538,1.395958,0.6210787,0.02829507,-0.7832369,-0.299598,-0.0164793,-0.4084111,2.304874,-0.5507565,-4.616318,-0.03113511,-0.02153021,1.915002,-0.8183922,0.02285432,0.5742058,-0.1813965,0.9378483,-0.2958648,-0.5452797,-0.3462923,-0.763382,moving,28.1933,24.91062,-0.9314632,-0.6441448,1.5514007768397384,13.238817939104493
05/11/2023 10:29:55.589822,1171,True,True,True,True,Eyes,2.347865,0.1057237,-3.199576,-0.4383152,-0.3797084,-0.8146787,0.0,0.0,0.0,0.0,0.0,0.0,0.0,3.726484,-0.6439766,-1.126486,2.292723,0.1113223,-3.209578,-0.04080196,0.9366363,-0.1716992,-0.3026004,20.26318,216.1083,1.678556,0.618187,0.02812197,-0.7855276,-0.2816221,-0.01549054,-0.3839064,2.293847,-0.546689,-4.626589,-0.03494748,-0.02416605,1.915001,-0.8135363,0.02747931,0.5808644,-0.1803457,0.9377092,-0.296946,-0.5528417,-0.3463328,-0.7579047,moving,28.28124,24.98946,-1.045494,-0.7229965,1.5597443365381847,13.26217788106592
05/11/2023 10:29:55.609543,1172,True,True,True,True,Eyes,2.346236,0.1060634,-3.201109,-0.4397247,-0.3804255,-0.8135838,0.0,0.0,0.0,0.0,0.0,0.0,0.0,3.732461,-0.6560482,-1.103585,2.285554,0.1132841,-3.21605,-0.03862346,0.935527,-0.1713587,-0.3064858,20.13886,216.6336,2.000345,0.6155396,0.02797426,-0.787609,-0.2647248,-0.01456111,-0.360872,2.274252,-0.53902,-4.636031,-0.03890109,-0.02690023,1.915001,-0.8091494,0.03277142,0.5866883,-0.1773046,0.9382889,-0.2969463,-0.5602146,-0.3442965,-0.7534053,moving,28.39028,25.06043,-1.163739,-0.8047872,1.5709744386856235,13.283363508547428
05/11/2023 10:29:55.629511,1173,True,True,True,True,Eyes,2.344379,0.1064143,-3.202857,-0.4412229,-0.3810609,-0.8124745,0.0,0.0,0.0,0.0,0.0,0.0,0.0,3.740406,-0.6603329,-1.079088,2.278253,0.1138317,-3.222996,-0.03649385,0.9344107,-0.1697551,-0.3110117,19.87333,217.2185,2.27862,0.6131067,0.02784945,-0.7895088,-0.2488413,-0.01368744,-0.3392197,2.260113,-0.5407497,-4.641531,-0.04276341,-0.02957076,1.915001,-0.8038801,0.03739114,0.5936153,-0.1737921,0.9397028,-0.2945419,-0.5688352,-0.339942,-0.7489101,moving,28.50464,25.12717,-1.279245,-0.8846705,1.5830064967212865,13.303348731700861
05/11/2023 10:29:55.640056,1174,True,True,True,True,Eyes,2.3423,0.1067574,-3.204817,-0.4430002,-0.3815323,-0.8112854,0.0,0.0,0.0,0.0,0.0,0.0,0.0,3.747169,-0.6643926,-1.057777,2.271027,0.1146308,-3.229688,-0.03417043,0.9334792,-0.1676598,-0.3151813,19.54539,217.7525,2.547822,0.6108613,0.02774555,-0.7912509,-0.2339108,-0.01286619,-0.3188665,2.244955,-0.5442126,-4.646426,-0.04673639,-0.03231871,1.915001,-0.7989864,0.04189171,0.5998884,-0.1694812,0.9414451,-0.2914741,-0.5769724,-0.3345536,-0.745102,moving,28.63663,25.18672,-1.39805,-0.9668662,1.5974706767257563,13.321338826963466
05/11/2023 10:29:55.659547,1175,True,True,True,True,Eyes,2.340011,0.1070912,-3.206984,-0.4448496,-0.381982,-0.8100609,0.0,0.0,0.0,0.0,0.0,0.0,0.0,3.754236,-0.6663837,-1.036418,2.263721,0.1149256,-3.236491,-0.03249055,0.9324143,-0.1660962,-0.3193122,19.29853,218.278,2.762252,0.6087795,0.0276603,-0.7928567,-0.2198762,-0.01209422,-0.2997345,2.230078,-0.5436808,-4.652626,-0.05040273,-0.03485376,1.915001,-0.7939684,0.04548377,0.6062555,-0.1666624,0.9427128,-0.2889917,-0.5846693,-0.3304902,-0.7409038,moving,28.77364,25.24609,-1.507674,-1.04269,1.6125657169177816,13.339303115183355
05/11/2023 10:29:55.679605,1176,True,True,True,True,Eyes,2.337525,0.107416,-3.209349,-0.4469514,-0.382396,-0.8087074,0.0,0.0,0.0,0.0,0.0,0.0,0.0,3.762852,-0.666327,-1.010627,2.256488,0.1151722,-3.243363,-0.03108814,0.9311053,-0.164625,-0.3239988,19.0693,218.87,2.958721,0.6068399,0.02759159,-0.7943447,-0.2066836,-0.01136857,-0.2817505,2.214651,-0.5419235,-4.659493,-0.05528632,-0.03823078,1.915,-0.7881166,0.04878397,0.6135896,-0.1645693,0.9438643,-0.2864214,-0.5931181,-0.3267115,-0.7358468,moving,28.92828,25.30705,-1.653677,-1.143692,1.629802921987801,13.357822115447327
05/11/2023 10:29:55.689495,1177,True,True,True,True,Eyes,2.334843,0.1077302,-3.211908,-0.4490614,-0.3830149,-0.8072444,0.0,0.0,0.0,0.0,0.0,0.0,0.0,3.770808,-0.6693019,-0.9850616,2.249438,0.1153862,-3.250234,-0.03021683,0.9296295,-0.1645337,-0.328336,19.01123,219.4321,3.144592,0.6050225,0.02753751,-0.7957317,-0.1942826,-0.01068645,-0.2648454,2.1981,-0.5331768,-4.668848,-0.05793339,-0.04006201,1.915,-0.7825648,0.05186379,0.6204051,-0.1642256,0.9440311,-0.2860683,-0.6005183,-0.3257534,-0.7302482,moving,29.08672,25.38303,-1.732808,-1.198459,1.6470171394641708,13.380723177790326
05/11/2023 10:29:55.709700,1178,True,True,True,True,Eyes,2.331979,0.108051,-3.214643,-0.4513298,-0.3837448,-0.805631,0.0,0.0,0.0,0.0,0.0,0.0,0.0,3.778125,-0.6743181,-0.9596653,2.242135,0.1155633,-3.257203,-0.02952895,0.9280598,-0.1651296,-0.3325137,19.03452,219.9835,3.335814,0.6033102,0.02749634,-0.797032,-0.1826257,-0.01004527,-0.2489547,2.181957,-0.5275245,-4.67715,-0.06178975,-0.04272825,1.915,-0.7771253,0.05500646,0.6269373,-0.164625,0.9437205,-0.2868627,-0.6074329,-0.3261378,-0.7243337,moving,29.25838,25.46978,-1.848075,-1.278194,1.6655213750765374,13.406821706540747
05/11/2023 10:29:55.729661,1179,True,True,True,True,Eyes,2.328938,0.1083487,-3.217545,-0.4535132,-0.3848138,-0.8038931,0.0,0.0,0.0,0.0,0.0,0.0,0.0,3.785092,-0.6778827,-0.9358215,2.23503,0.1160808,-3.26395,-0.02995373,0.9263887,-0.1668595,-0.336251,19.22614,220.4821,3.443593,0.601688,0.02746694,-0.7982584,-0.1716681,-0.009442551,-0.2340174,2.160466,-0.5262438,-4.683313,-0.06570479,-0.04543531,1.915001,-0.7720761,0.05671576,0.6329943,-0.167711,0.9425213,-0.2890096,-0.6130021,-0.3292975,-0.7181863,moving,29.42935,25.57987,-1.96508,-1.359145,1.6831689188007526,13.439694873408214
05/11/2023 10:29:55.739925,1180,True,True,True,True,Eyes,2.325744,0.1086129,-3.220592,-0.4558445,-0.3861314,-0.8019403,0.0,0.0,0.0,0.0,0.0,0.0,0.0,3.793305,-0.6774073,-0.9085031,2.227842,0.1158465,-3.270585,-0.0312475,0.9244155,-0.1692382,-0.3403498,19.52165,221.0263,3.493292,0.6001417,0.02744752,-0.7994222,-0.161368,-0.008875998,-0.2199764,2.137389,-0.5307023,-4.686107,-0.06952333,-0.0480758,1.915002,-0.7663713,0.05742904,0.6398258,-0.1729718,0.9407641,-0.2916227,-0.6186728,-0.334163,-0.711041,moving,29.61507,25.71065,-2.079186,-1.438099,1.7019693377490026,13.478654486041409
05/11/2023 10:29:55.759758,1181,True,True,True,True,Eyes,2.322411,0.1088608,-3.223761,-0.4580847,-0.3878798,-0.7998172,0.0,0.0,0.0,0.0,0.0,0.0,0.0,3.801737,-0.6791532,-0.8774843,2.221162,0.115299,-3.276825,-0.03286646,0.9221373,-0.1728091,-0.3445571,19.95952,221.6042,3.566499,0.5986598,0.02743624,-0.8005329,-0.1516859,-0.008343438,-0.2067778,2.11758,-0.5427243,-4.686159,-0.07337329,-0.05073804,1.915002,-0.7604002,0.05847041,0.6468171,-0.1797,0.9381137,-0.2960586,-0.6240987,-0.3413561,-0.7028348,moving,29.80136,25.87156,-2.194214,-1.517699,1.7198456782825122,13.526367294987082
05/11/2023 10:29:55.780015,1182,True,True,True,True,Eyes,2.31893,0.1091196,-3.227048,-0.4604292,-0.3899064,-0.7974823,0.0,0.0,0.0,0.0,0.0,0.0,0.0,3.808084,-0.6864981,-0.8491244,2.214584,0.1151963,-3.282705,-0.03447606,0.9198748,-0.1774429,-0.348074,20.51491,222.1186,3.679126,0.5972326,0.02743187,-0.8015984,-0.1425848,-0.007842831,-0.1943711,2.094321,-0.5585992,-4.68435,-0.07737416,-0.05350465,1.915002,-0.7553117,0.06009924,0.6526041,-0.1869539,0.9346507,-0.3024502,-0.628134,-0.3504511,-0.6947169,moving,30.00014,26.05501,-2.313733,-1.600412,1.7385324617308546,13.580691900971685
05/11/2023 10:29:55.799588,1183,True,True,True,True,Eyes,2.315304,0.1093855,-3.23045,-0.4628808,-0.3920596,-0.7950035,0.0,0.0,0.0,0.0,0.0,0.0,0.0,3.814295,-0.6946371,-0.8190641,2.207731,0.1157361,-3.28858,-0.03584653,0.9175414,-0.1818645,-0.3517927,21.03619,222.6639,3.819617,0.5958503,0.02743397,-0.8026263,-0.1340297,-0.007372261,-0.1827088,2.071408,-0.575422,-4.680716,-0.0812732,-0.05620098,1.915002,-0.7499138,0.06217584,0.6586072,-0.1937385,0.9312807,-0.3085153,-0.6325304,-0.3589574,-0.6863344,moving,30.20957,26.25042,-2.430191,-1.68102,1.7581500369108571,13.638546016567773
05/11/2023 10:29:55.811882,1184,True,True,True,True,Eyes,2.311544,0.1096831,-3.233962,-0.4655247,-0.3942318,-0.7923812,0.0,0.0,0.0,0.0,0.0,0.0,0.0,3.822322,-0.6949596,-0.7854781,2.200736,0.1162027,-3.294442,-0.03726036,0.9151434,-0.1848239,-0.3563206,21.39737,223.2872,3.911647,0.5945055,0.02744208,-0.8036227,-0.1259879,-0.006929926,-0.1717463,2.047326,-0.5963507,-4.675231,-0.08531892,-0.05899894,1.915001,-0.7432946,0.063516,0.6659421,-0.1999103,0.9289036,-0.3117276,-0.6383957,-0.364834,-0.6777515,moving,30.43428,26.45163,-2.551009,-1.764658,1.7794782026386322,13.698165099350753
05/11/2023 10:29:55.829573,1185,True,True,True,True,Eyes,2.307651,0.1100032,-3.23758,-0.4683455,-0.3961212,-0.7897724,0.0,0.0,0.0,0.0,0.0,0.0,0.0,3.829993,-0.69375,-0.7539468,2.193851,0.1169866,-3.300288,-0.03805307,0.9130093,-0.1864264,-0.3608478,21.58498,223.8958,4.011909,0.5931902,0.02745637,-0.8045936,-0.1184286,-0.00651413,-0.1614415,2.02339,-0.6140643,-4.669804,-0.0889383,-0.06150174,1.915001,-0.7366818,0.06505746,0.673103,-0.2040287,0.9275944,-0.3129553,-0.6447266,-0.3678808,-0.6700683,moving,30.6685,26.63668,-2.659074,-1.839466,1.8025239022466009,13.7531412234378
05/11/2023 10:29:55.840403,1186,True,True,True,True,Eyes,2.303629,0.1103319,-3.241306,-0.4713979,-0.397857,-0.7870792,0.0,0.0,0.0,0.0,0.0,0.0,0.0,3.837916,-0.6869547,-0.7256398,2.187006,0.1181934,-3.30622,-0.03832575,0.9112759,-0.185822,-0.3654829,21.51132,224.481,4.066755,0.5918982,0.02747679,-0.8055438,-0.1113229,-0.006123282,-0.151755,2.001099,-0.6285808,-4.665804,-0.09272867,-0.0641228,1.915001,-0.7299068,0.06597886,0.680355,-0.2056802,0.9280026,-0.3106553,-0.651868,-0.3666849,-0.6637849,moving,30.91826,26.81593,-2.772225,-1.917802,1.8276956453730673,13.806514876516957
05/11/2023 10:29:55.859945,1187,True,True,True,True,Eyes,2.299476,0.1106634,-3.245136,-0.4746454,-0.3992296,-0.7844281,0.0,0.0,0.0,0.0,0.0,0.0,0.0,3.845561,-0.6809643,-0.6970053,2.180079,0.1187947,-3.312252,-0.03806761,0.9095771,-0.184752,-0.370253,21.36338,225.0836,4.1601,0.5906237,0.02750293,-0.8064779,-0.1046435,-0.005755886,-0.1426497,1.977642,-0.6359018,-4.664609,-0.09685481,-0.06697601,1.915001,-0.7229274,0.06755912,0.6876134,-0.2060608,0.9288352,-0.3079031,-0.659481,-0.3642816,-0.657559,moving,31.17749,26.97352,-2.895376,-2.00307,1.8547615789622927,13.85364807986167
05/11/2023 10:29:55.879236,1188,True,True,True,True,Eyes,2.295197,0.1109705,-3.249068,-0.4781192,-0.400485,-0.7816737,0.0,0.0,0.0,0.0,0.0,0.0,0.0,3.852828,-0.6743116,-0.6692781,2.172956,0.1192358,-3.318277,-0.03783214,0.9079035,-0.1835519,-0.3749516,21.2025,225.6741,4.241272,0.5893615,0.02753426,-0.8073997,-0.09836493,-0.005410532,-0.1340907,1.956431,-0.6369482,-4.666576,-0.1007835,-0.06969279,1.915,-0.7159601,0.06895033,0.6947281,-0.2063421,0.9297548,-0.3049245,-0.6669514,-0.3616654,-0.6514399,moving,31.45249,27.12801,-3.012608,-2.084251,1.8838930209083928,13.899964144198716
05/11/2023 10:29:55.889837,1189,True,True,True,True,Eyes,2.290801,0.1112497,-3.253102,-0.4816936,-0.4015265,-0.7789401,0.0,0.0,0.0,0.0,0.0,0.0,0.0,3.860938,-0.6650074,-0.6384168,2.165833,0.1190034,-3.324402,-0.03797241,0.9059833,-0.1825775,-0.3800236,21.08086,226.3127,4.300129,0.5881071,0.02756965,-0.8083126,-0.09246304,-0.0050859,-0.1260453,1.937021,-0.6356941,-4.670151,-0.1044768,-0.07224721,1.914999,-0.7082805,0.06996281,0.7024559,-0.2075723,0.9304471,-0.3019636,-0.6747243,-0.3596852,-0.6444952,moving,31.73249,27.27011,-3.122796,-2.160574,1.9140560652375553,13.94270833413048
05/11/2023 10:29:55.909653,1190,True,True,True,True,Eyes,2.286291,0.1114978,-3.257236,-0.4854313,-0.4025388,-0.7760922,0.0,0.0,0.0,0.0,0.0,0.0,0.0,3.868929,-0.6563466,-0.6064506,2.158795,0.1186312,-3.330572,-0.03829132,0.9039229,-0.1820824,-0.3851016,21.01848,226.9611,4.363135,0.5868564,0.02760798,-0.8092198,-0.08691525,-0.004780747,-0.1184826,1.918936,-0.6346281,-4.674695,-0.1084437,-0.0749892,1.915002,-0.7004611,0.07101567,0.7101487,-0.2094653,0.9307595,-0.2996849,-0.68226,-0.358669,-0.6370855,moving,32.02522,27.4146,-3.241114,-2.242489,1.945724877152068,13.98621373287433
05/11/2023 10:29:55.929495,1191,True,True,True,True,Eyes,2.281673,0.1117138,-3.261465,-0.4891998,-0.4034716,-0.7732362,0.0,0.0,0.0,0.0,0.0,0.0,0.0,3.875591,-0.6516541,-0.5776157,2.151771,0.1181824,-3.336826,-0.03846347,0.901958,-0.1821466,-0.3896347,21.01121,227.5546,4.457766,0.5856057,0.02764815,-0.8101239,-0.08170034,-0.004493902,-0.1113736,1.900909,-0.6358609,-4.677923,-0.1122255,-0.07760531,1.915,-0.6934108,0.07255639,0.7168801,-0.2113261,0.9306864,-0.2986037,-0.6888561,-0.3585505,-0.630015,moving,32.32013,27.55538,-3.353889,-2.320639,1.977787588548884,14.028653187448487
05/11/2023 10:29:55.949580,1192,True,True,True,True,Eyes,2.276944,0.1118978,-3.265789,-0.4930836,-0.404424,-0.7702661,0.0,0.0,0.0,0.0,0.0,0.0,0.0,3.881926,-0.6464022,-0.5500827,2.144704,0.1176625,-3.343078,-0.0389034,0.8999943,-0.1824531,-0.393964,21.04288,228.1239,4.531246,0.5843522,0.02768917,-0.8110272,-0.07679832,-0.004224267,-0.1046912,1.884273,-0.639689,-4.680658,-0.1161258,-0.08030188,1.915002,-0.6865579,0.07373421,0.7233267,-0.2137856,0.9303948,-0.2977604,-0.6949347,-0.3590665,-0.6230066,moving,32.62523,27.70148,-3.470168,-2.401181,2.0109431126603585,14.07269137356543
05/11/2023 10:29:55.959925,1193,True,True,True,True,Eyes,2.272117,0.1120492,-3.270198,-0.4969345,-0.4053746,-0.7672859,0.0,0.0,0.0,0.0,0.0,0.0,0.0,3.88877,-0.6369892,-0.5228667,2.137514,0.1170792,-3.349477,-0.04004615,0.8979481,-0.1828819,-0.398296,21.12092,228.6865,4.535438,0.5830932,0.02773011,-0.8119314,-0.07219042,-0.003970811,-0.09840972,1.868467,-0.6439781,-4.683257,-0.1199862,-0.08297163,1.915001,-0.6795135,0.07376355,0.7299457,-0.217601,0.929901,-0.2965365,-0.7006509,-0.3603375,-0.6158292,moving,32.92921,27.84851,-3.585234,-2.480914,2.043928500345668,14.116993740116094
05/11/2023 10:29:55.979436,1194,True,True,True,True,Eyes,2.267186,0.1121774,-3.274698,-0.5008993,-0.4063616,-0.7641794,0.0,0.0,0.0,0.0,0.0,0.0,0.0,3.895806,-0.625155,-0.4949412,2.130557,0.1164215,-3.355632,-0.04156213,0.8958187,-0.1834016,-0.402673,21.22683,229.2529,4.50626,0.5818269,0.02777014,-0.812838,-0.06785899,-0.003732563,-0.09250513,1.85134,-0.6489955,-4.685339,-0.1238176,-0.08562148,1.915,-0.6722541,0.07323755,0.7366891,-0.222166,0.9292728,-0.2951173,-0.7061988,-0.3620611,-0.6084367,moving,33.24377,28.00235,-3.699408,-2.560044,2.0780060431350447,14.163329612166855
05/11/2023 10:29:55.989389,1195,True,True,True,True,Eyes,2.141722,0.1144301,-3.38912,-0.5923939,-0.4331527,-0.6792998,0.0,0.0,0.0,0.0,0.0,0.0,0.0,3.90289,-0.6125075,-0.4660673,2.123292,0.1159563,-3.362011,-0.04319394,0.8935918,-0.1839065,-0.4071936,21.3369,229.838,4.468801,0.5805507,0.02780876,-0.8137487,-0.06378745,-0.003508609,-0.08695482,1.834032,-0.6533105,-4.687696,-0.1279545,-0.0884822,1.915001,-0.6646555,0.07257564,0.7436169,-0.2269666,0.9286253,-0.2934981,-0.7118424,-0.3638513,-0.6007437,moving,41.09056,32.52346,-3.822649,-2.645458,2.905506899961253,15.517697456124484
05/11/2023 10:29:56.014480,1196,True,True,True,True,Eyes,2.141432,0.1143845,-3.389382,-0.5927225,-0.4331654,-0.679005,0.0,0.0,0.0,0.0,0.0,0.0,0.0,3.910081,-0.5994711,-0.4340639,2.116362,0.1151115,-3.368126,-0.0446829,0.8912037,-0.1843522,-0.4120361,21.43298,230.4688,4.453267,0.575024,0.02788629,-0.8176607,-0.4363528,0.003460024,-0.4250016,1.817,-0.6574849,-4.689791,-0.1316491,-0.09103715,1.915001,-0.6564594,0.0722764,0.750891,-0.2315626,0.9280354,-0.2917687,-0.7179414,-0.3654126,-0.5924811,moving,41.11862,32.53549,-3.932683,-2.721733,2.908602667408382,15.521339087698081
05/11/2023 10:29:56.029622,1197,True,True,True,True,Eyes,2.141432,0.1143845,-3.389382,-0.5927225,-0.4331654,-0.679005,0.0,0.0,0.0,0.0,0.0,0.0,0.0,3.918018,-0.5828471,-0.3978291,2.10938,0.1139533,-3.374368,-0.04612004,0.8886083,-0.1841491,-0.4175373,21.45599,231.1744,4.425353,0.5703923,0.02795335,-0.8208961,-0.4101717,0.003252423,-0.3995015,1.797974,-0.6607668,-4.691836,-0.1353164,-0.09357232,1.915001,-0.6470714,0.07181292,0.7590402,-0.2357435,0.9279241,-0.2887592,-0.7250683,-0.3657865,-0.5835038,moving,41.11862,32.53549,-4.041875,-2.797407,2.908602667408382,15.521339087698081
05/11/2023 10:29:56.044712,1198,True,True,True,True,Eyes,2.141432,0.1143845,-3.389382,-0.5927225,-0.4331654,-0.679005,0.0,0.0,0.0,0.0,0.0,0.0,0.0,3.926395,-0.5623229,-0.3597045,2.102436,0.1122722,-3.380729,-0.04763372,0.8859082,-0.1833689,-0.4234073,21.42192,231.916,4.366804,0.5665098,0.02801264,-0.8235784,-0.3855613,0.003057277,-0.3755314,1.780978,-0.6663985,-4.693231,-0.1392902,-0.09632057,1.915001,-0.6369148,0.07088121,0.767669,-0.2396776,0.9282137,-0.2845591,-0.7327307,-0.3652329,-0.5742046,moving,41.11862,32.53549,-4.16016,-2.879431,2.908602667408382,15.521339087698081
05/11/2023 10:29:56.059519,1199,True,True,True,True,Eyes,2.140295,0.1142016,-3.390448,-0.5935505,-0.4337691,-0.6778954,0.0,0.0,0.0,0.0,0.0,0.0,0.0,3.933808,-0.5463071,-0.3217053,2.095614,0.1116975,-3.38714,-0.04872892,0.8832362,-0.1827173,-0.429108,21.38205,232.6472,4.356441,0.5632477,0.02806523,-0.8258109,-0.3624277,0.002873841,-0.3529995,1.763115,-0.6727496,-4.694738,-0.1431893,-0.09901661,1.915001,-0.6269834,0.07073261,0.7758147,-0.2428892,0.9284798,-0.2809451,-0.7402002,-0.364585,-0.5649613,moving,41.20469,32.61421,-4.276187,-2.959886,2.9167174027376275,15.54465432047376
05/11/2023 10:29:56.080031,1200,True,True,True,True,Eyes,2.13892,0.1139884,-3.391754,-0.5947413,-0.4343051,-0.6765071,0.0,0.0,0.0,0.0,0.0,0.0,0.0,3.941086,-0.5304151,-0.2809505,2.088748,0.1104852,-3.393722,-0.04968387,0.8803629,-0.1821322,-0.4351099,21.34118,233.4251,4.372666,0.5603133,0.02810743,-0.8278032,-0.340682,0.00270141,-0.3318196,1.748229,-0.6765089,-4.697236,-0.1469119,-0.1015909,1.915001,-0.6164218,0.07101537,0.7842073,-0.2459747,0.9287188,-0.2774489,-0.7480112,-0.3639207,-0.5550146,moving,41.31984,32.69971,-4.386929,-3.036696,2.928228260234124,15.570091886199208
05/11/2023 10:29:56.099345,1201,True,True,True,True,Eyes,2.137326,0.1137518,-3.393287,-0.5958808,-0.4351842,-0.6749376,0.0,0.0,0.0,0.0,0.0,0.0,0.0,3.948108,-0.5152582,-0.2383556,2.081997,0.1095704,-3.400462,-0.05034108,0.8774113,-0.1812449,-0.4413226,21.25294,234.2307,4.40826,0.5576282,0.02813957,-0.8296133,-0.3202411,0.002539326,-0.3119104,1.731696,-0.680871,-4.700189,-0.1507667,-0.1042565,1.915001,-0.6054005,0.07163527,0.792691,-0.2483146,0.9292321,-0.2736193,-0.7561947,-0.3624859,-0.5447695,moving,41.44025,32.81299,-4.501573,-3.11622,2.939476483039832,15.60362490167429
05/11/2023 10:29:56.119611,1202,True,True,True,True,Eyes,2.135517,0.1134866,-3.395049,-0.5971068,-0.4361735,-0.6732134,0.0,0.0,0.0,0.0,0.0,0.0,0.0,3.953554,-0.5068331,-0.2002163,2.075372,0.108852,-3.407131,-0.05023697,0.8747627,-0.1804689,-0.4468752,21.13915,234.9634,4.5138,0.5551615,0.02816208,-0.8312652,-0.3010266,0.002386966,-0.2931958,1.716743,-0.6831638,-4.7038,-0.1547896,-0.1070383,1.915002,-0.5955576,0.07340331,0.799952,-0.249185,0.9298145,-0.2708356,-0.7636871,-0.3606343,-0.5354671,moving,41.57143,32.93912,-4.621172,-3.199198,2.951641043796199,15.640946528420361
05/11/2023 10:29:56.119611,1203,True,True,True,True,Eyes,2.13349,0.1132015,-3.397013,-0.5986423,-0.4370364,-0.6712872,0.0,0.0,0.0,0.0,0.0,0.0,0.0,3.95884,-0.4971637,-0.1624684,2.068541,0.1080889,-3.414005,-0.04974043,0.872215,-0.1787127,-0.4525802,20.90226,235.6981,4.604548,0.5528863,0.02817519,-0.8327796,-0.282965,0.002243748,-0.275604,1.702151,-0.686286,-4.707922,-0.1586651,-0.1097181,1.915001,-0.5853944,0.074995,0.8072729,-0.2485324,0.9311753,-0.2667288,-0.7717158,-0.3567749,-0.5264661,moving,41.72603,33.06583,-4.736355,-3.279122,2.9667018937494207,15.678560075841986
05/11/2023 10:29:56.139793,1204,True,True,True,True,Eyes,2.131261,0.1128861,-3.399184,-0.6004809,-0.4377304,-0.6691896,0.0,0.0,0.0,0.0,0.0,0.0,0.0,3.964048,-0.4827721,-0.1265187,2.061683,0.1072412,-3.420632,-0.0500165,0.8696623,-0.1770354,-0.4580875,20.71661,236.3987,4.611499,0.5507777,0.02817934,-0.8341755,-0.2659871,0.002109123,-0.2590678,1.686816,-0.689184,-4.711553,-0.162577,-0.1124243,1.914999,-0.5753082,0.07520049,0.8144722,-0.2491903,0.9323136,-0.2620982,-0.7790534,-0.3537459,-0.5176284,moving,41.90244,33.18951,-4.852584,-3.359822,2.984577830976365,15.715408658730862
05/11/2023 10:29:56.159456,1205,True,True,True,True,Eyes,2.128839,0.1125126,-3.401556,-0.6023869,-0.4385033,-0.6669669,0.0,0.0,0.0,0.0,0.0,0.0,0.0,3.969597,-0.4640104,-0.0917902,2.05488,0.1062318,-3.427478,-0.05063037,0.8671557,-0.1748293,-0.4635865,20.49659,237.0813,4.548848,0.5488141,0.02817466,-0.835469,-0.2500279,0.001982576,-0.2435237,1.673094,-0.6956491,-4.714361,-0.1685278,-0.1165398,1.914999,-0.5650483,0.07428822,0.8217067,-0.2499059,0.9337426,-0.2562653,-0.7863001,-0.3501516,-0.5090447,moving,42.08751,33.32328,-5.029308,-3.482516,3.0031985906107908,15.755233183854763
05/11/2023 10:29:56.169675,1206,True,True,True,True,Eyes,2.126243,0.1121415,-3.404113,-0.6045482,-0.4391653,-0.6645715,0.0,0.0,0.0,0.0,0.0,0.0,0.0,3.975502,-0.4388071,-0.05385876,2.048073,0.1044196,-3.43432,-0.05200391,0.8643264,-0.1726601,-0.4694935,20.32228,237.8129,4.417485,0.5469752,0.02816055,-0.8366746,-0.2350262,0.001863621,-0.2289123,1.655349,-0.6986092,-4.716509,-0.171386,-0.1185156,1.915001,-0.5537432,0.07222892,0.8295491,-0.2520223,0.9349682,-0.2496384,-0.7936331,-0.3473004,-0.4995289,moving,42.2922,33.45771,-5.114151,-3.541404,3.024239953679082,15.795352827599917
05/11/2023 10:29:56.189545,1207,True,True,True,True,Eyes,2.123446,0.1118652,-3.406868,-0.6066874,-0.4399115,-0.662124,0.0,0.0,0.0,0.0,0.0,0.0,0.0,3.980532,-0.4183182,-0.01863527,2.041628,0.1040245,-3.441061,-0.05325221,0.8616541,-0.1709704,-0.4748532,20.19453,238.4865,4.314218,0.5452436,0.02813799,-0.8378049,-0.2209246,0.001751804,-0.2151775,1.637367,-0.6985497,-4.719219,-0.1739273,-0.1202728,1.915001,-0.5433574,0.07060172,0.8365275,-0.2541417,0.9358667,-0.2440607,-0.8001093,-0.3452087,-0.4905671,moving,42.49824,33.59984,-5.189572,-3.593775,3.0451950813890756,15.83771578131864
05/11/2023 10:29:56.209730,1208,True,True,True,True,Eyes,2.120474,0.1117298,-3.409801,-0.6090254,-0.4407132,-0.6594391,0.0,0.0,0.0,0.0,0.0,0.0,0.0,3.984978,-0.3995186,0.01442194,2.034233,0.1059967,-3.448265,-0.05485694,0.8590132,-0.1695869,-0.4799242,20.12132,239.1264,4.185549,0.5436034,0.02811016,-0.838871,-0.2076692,0.001646696,-0.2022669,1.621416,-0.6942223,-4.724607,-0.1777722,-0.1229319,1.914999,-0.5333267,0.06853201,0.8431286,-0.2570234,0.936462,-0.2387003,-0.8059165,-0.344009,-0.4818259,moving,42.72404,33.75541,-5.303649,-3.673018,3.0681661844686205,15.884086090017906
05/11/2023 10:29:56.229541,1209,True,True,True,True,Eyes,2.117302,0.1116357,-3.412916,-0.6114264,-0.4416686,-0.6565719,0.0,0.0,0.0,0.0,0.0,0.0,0.0,3.988305,-0.3885811,0.05431032,2.027363,0.1092284,-3.455197,-0.05644235,0.8558285,-0.170137,-0.4852066,20.24215,239.8492,4.186425,0.54204,0.02808107,-0.839883,-0.195209,0.001547894,-0.1901309,1.604703,-0.693222,-4.728085,-0.1816047,-0.1255815,1.915,-0.522778,0.06849322,0.8497131,-0.2617131,0.9357353,-0.2364437,-0.8113013,-0.3459885,-0.4712563,moving,42.96092,33.92828,-5.417316,-3.751959,3.0919452558839167,15.935538989282048
05/11/2023 10:29:56.249685,1210,True,True,True,True,Eyes,2.113997,0.1116931,-3.416192,-0.6140753,-0.4425354,-0.653509,0.0,0.0,0.0,0.0,0.0,0.0,0.0,3.991727,-0.3670155,0.1026793,2.019744,0.1101339,-3.462317,-0.05822905,0.8520613,-0.16934,-0.4918586,20.23412,240.7268,4.116412,0.5405408,0.02805183,-0.8408497,-0.1834965,0.00145502,-0.178723,1.580699,-0.6910523,-4.730843,-0.1856315,-0.1283662,1.915001,-0.5093687,0.06735325,0.8579083,-0.2658121,0.9358667,-0.2312952,-0.8184663,-0.345857,-0.4587979,moving,43.21814,34.1046,-5.536693,-3.834909,3.1181424210973665,15.988101059967963
05/11/2023 10:29:56.279269,1211,True,True,True,True,Eyes,2.110524,0.1118335,-3.419614,-0.6167251,-0.4434663,-0.6503751,0.0,0.0,0.0,0.0,0.0,0.0,0.0,3.993555,-0.3658838,0.1424608,2.013532,0.1139101,-3.4692,0.05774412,-0.8491968,0.1685883,0.4971002,20.1048,241.4406,4.246668,0.5390947,0.02802619,-0.8417783,-0.1724867,0.001367719,-0.1679996,1.567189,-0.6821046,-4.738956,-0.1895174,-0.1310526,1.915002,-0.4991143,0.06953826,0.8637418,-0.2656828,0.9364873,-0.22892,-0.8248019,-0.3437384,-0.4489391,moving,43.47878,34.2886,-5.651852,-3.914916,3.1445116958246153,16.042911546258495
05/11/2023 10:29:56.299660,1212,True,True,True,True,Eyes,2.1069,0.1119882,-3.423156,-0.6193308,-0.4444709,-0.6472055,0.0,0.0,0.0,0.0,0.0,0.0,0.0,3.994025,-0.3710861,0.1743045,2.006207,0.1162075,-3.475909,0.05655348,-0.8467844,0.1681489,0.5014819,19.96785,242.0528,4.446654,0.5376924,0.02800583,-0.8426754,-0.1621375,0.001285656,-0.1579197,1.551592,-0.6758404,-4.746624,-0.1932024,-0.1336014,1.915001,-0.4906355,0.07287003,0.8683128,-0.2644244,0.9370553,-0.2280506,-0.8302752,-0.3414928,-0.4404841,moving,43.7392,34.47948,-5.761017,-3.990816,3.1706263736942573,16.099718924864913
05/11/2023 10:29:56.309581,1213,True,True,True,True,Eyes,2.103128,0.1121829,-3.426802,-0.6220356,-0.4454505,-0.6439298,0.0,0.0,0.0,0.0,0.0,0.0,0.0,3.992827,-0.3943334,0.1936002,1.99903,0.1169833,-3.482217,0.05339978,-0.8452997,0.1685839,0.5041789,19.80706,242.477,4.860373,0.5363252,0.02799057,-0.8435467,-0.1524092,0.001208517,-0.1484445,1.529449,-0.6714115,-4.750773,-0.197363,-0.1364784,1.915001,-0.4859042,0.07971524,0.8703694,-0.2602705,0.9374559,-0.2311617,-0.83436,-0.3388538,-0.4347663,moving,44.0092,34.67427,-5.884218,-4.076468,3.1978044931656564,16.15771233428871
05/11/2023 10:29:56.319608,1214,True,True,True,True,Eyes,2.099214,0.1124129,-3.430539,-0.6247121,-0.4465258,-0.6405852,0.0,0.0,0.0,0.0,0.0,0.0,0.0,3.993176,-0.3956116,0.2172718,1.99191,0.1182021,-3.488194,0.05317494,-0.8432364,0.1688143,0.5075691,19.79652,242.9596,4.980857,0.534986,0.02798087,-0.844397,-0.1432647,0.001136006,-0.1395378,1.51112,-0.672868,-4.75231,-0.201112,-0.1390706,1.915001,-0.4790919,0.08169177,0.8739549,-0.261048,0.9373483,-0.2307209,-0.838048,-0.3386807,-0.4277506,moving,44.28127,34.87877,-5.995183,-4.153625,3.224919626929016,16.218536583121082
05/11/2023 10:29:56.329758,1215,True,True,True,True,Eyes,2.095163,0.1126885,-3.434354,-0.6274799,-0.4475655,-0.6371453,0.0,0.0,0.0,0.0,0.0,0.0,0.0,3.99349,-0.3927466,0.2426295,1.984744,0.1193616,-3.493941,0.05326525,-0.8410469,0.1686586,0.5112312,19.76489,243.4672,5.050648,0.5336681,0.02797705,-0.8452307,-0.1346688,0.001067845,-0.1311655,1.494516,-0.6810989,-4.750836,-0.2049491,-0.1417243,1.915001,-0.4716111,0.08284993,0.877906,-0.2620442,0.9374342,-0.2292379,-0.8419715,-0.3381613,-0.4203939,moving,44.5621,35.08629,-6.108713,-4.232597,3.25302551643054,16.280284070412907
05/11/2023 10:29:56.339779,1216,True,True,True,True,Eyes,2.090983,0.1129276,-3.438227,-0.6303346,-0.4485873,-0.633599,0.0,0.0,0.0,0.0,0.0,0.0,0.0,3.993896,-0.3861164,0.2670956,1.977615,0.1207387,-3.499442,0.0539159,-0.8388564,0.1684761,0.5148097,19.76526,243.9574,5.060494,0.5323663,0.02797965,-0.8460511,-0.1265887,0.001003774,-0.1232956,1.475484,-0.6902404,-4.747004,-0.2088138,-0.1443968,1.915001,-0.4641283,0.08301082,0.8818697,-0.2639216,0.9374177,-0.2271416,-0.8455356,-0.3381673,-0.4131739,moving,44.85202,35.29845,-6.223009,-4.312114,3.2821097417329144,16.343427007670176
05/11/2023 10:29:56.359373,1217,True,True,True,True,Eyes,2.086679,0.1131472,-3.442166,-0.6331947,-0.4495596,-0.6300481,0.0,0.0,0.0,0.0,0.0,0.0,0.0,3.994678,-0.3680764,0.2939267,1.970612,0.1200377,-3.504511,0.05570244,-0.8363527,0.1681093,0.5187975,19.81558,244.4894,4.954787,0.5310766,0.02798713,-0.8468612,-0.1189933,0.000943548,-0.1158979,1.456265,-0.6970006,-4.743246,-0.2126158,-0.1470257,1.915001,-0.4554929,0.08125553,0.8865235,-0.2676031,0.9372731,-0.2234006,-0.8490672,-0.3389938,-0.405177,moving,45.14272,35.50908,-6.335402,-4.390316,3.311341593326584,16.40612972312607
05/11/2023 10:29:56.379294,1218,True,True,True,True,Eyes,2.082257,0.1134025,-3.44616,-0.6361316,-0.4504765,-0.6264244,0.0,0.0,0.0,0.0,0.0,0.0,0.0,3.996967,-0.3316911,0.320169,1.963547,0.1196211,-3.509765,0.05910084,-0.8338131,0.1658825,0.5232072,19.78393,245.0134,4.573032,0.5297938,0.02799852,-0.847664,-0.1118537,0.0008869351,-0.108944,1.437142,-0.6982262,-4.742259,-0.2164792,-0.1496971,1.915001,-0.4455225,0.07502376,0.8921216,-0.27214,0.9379802,-0.214786,-0.8529064,-0.338474,-0.3974743,moving,45.44052,35.7208,-6.44956,-4.469767,3.3414212929359417,16.469186424691376
05/11/2023 10:29:56.389779,1219,True,True,True,True,Eyes,2.077717,0.1136081,-3.450218,-0.6391586,-0.4514006,-0.6226667,0.0,0.0,0.0,0.0,0.0,0.0,0.0,3.998838,-0.2923346,0.3478136,1.956626,0.1204937,-3.51486,0.06325092,-0.8310677,0.1640331,0.5276542,19.83998,245.5489,4.143984,0.5285148,0.02801432,-0.8484615,-0.1051425,0.000833719,-0.1024074,1.418138,-0.6962963,-4.742884,-0.2204385,-0.1524357,1.914999,-0.4351608,0.0679739,0.8977832,-0.2782371,0.9381849,-0.205896,-0.8562822,-0.3393945,-0.3893485,moving,45.74881,35.94014,-6.566502,-4.5512,3.3725551939530343,16.534511393041065
05/11/2023 10:29:56.409767,1220,True,True,True,True,Eyes,2.073084,0.1138115,-3.454319,-0.6422863,-0.4523621,-0.6187382,0.0,0.0,0.0,0.0,0.0,0.0,0.0,3.998567,-0.2642363,0.3849173,1.949533,0.1193976,-3.520168,0.0658529,-0.8276946,0.1631709,0.5328794,19.89483,246.242,3.956959,0.5272363,0.02803284,-0.849256,-0.09883398,0.0007836958,-0.09626292,1.396179,-0.6912813,-4.744613,-0.224277,-0.1550895,1.915001,-0.4234061,0.06488869,0.9036132,-0.282913,0.9380773,-0.1999281,-0.8606321,-0.3402947,-0.3788298,moving,46.06981,36.17069,-6.679816,-4.630087,3.4049010947715086,16.603158921272065
05/11/2023 10:29:56.429375,1221,True,True,True,True,Eyes,2.06835,0.1140189,-3.458454,-0.6454082,-0.4534881,-0.6146518,0.0,0.0,0.0,0.0,0.0,0.0,0.0,3.996909,-0.2533502,0.4196486,1.942965,0.1195527,-3.525077,0.06698789,-0.8246077,0.1636586,0.5373552,19.99273,246.8843,3.991166,0.5259562,0.02805377,-0.8500487,-0.09290394,0.0007366741,-0.09048715,1.375126,-0.684108,-4.747427,-0.2281225,-0.1577488,1.915001,-0.4135241,0.06540816,0.9081409,-0.2863631,0.937457,-0.1979157,-0.8642883,-0.3419009,-0.3689305,moving,46.39824,36.41978,-6.793288,-4.709126,3.4375596422620296,16.67722990978015
05/11/2023 10:29:56.440520,1222,True,True,True,True,Eyes,2.063512,0.1142198,-3.46261,-0.6485955,-0.4547727,-0.6103325,0.0,0.0,0.0,0.0,0.0,0.0,0.0,3.994373,-0.2501595,0.4524302,1.93602,0.1199199,-3.529834,0.0679552,-0.8215228,0.1657228,0.5413118,20.2343,247.5021,4.141438,0.5246726,0.02807696,-0.8508408,-0.08732971,0.0006924736,-0.08505792,1.355047,-0.6797779,-4.749623,-0.2320326,-0.1604528,1.915001,-0.4047276,0.06776191,0.9119235,-0.2910689,0.9358361,-0.1987202,-0.8668765,-0.34586,-0.3590353,moving,46.74087,36.69064,-6.908611,-4.789474,3.471266931409321,16.757698091956353
05/11/2023 10:29:56.459682,1223,True,True,True,True,Eyes,2.058596,0.1144349,-3.466774,-0.6518053,-0.4562119,-0.6058222,0.0,0.0,0.0,0.0,0.0,0.0,0.0,3.990325,-0.2510976,0.490818,1.928944,0.1201673,-3.534316,0.06847047,-0.8180301,0.1683589,0.5457048,20.498,248.2087,4.391735,0.5233834,0.02810205,-0.8516336,-0.08208992,0.0006509252,-0.07995445,1.33349,-0.6760058,-4.750561,-0.2359669,-0.1631737,1.915,-0.3950359,0.07172678,0.9158612,-0.2957704,0.9339342,-0.200716,-0.8697508,-0.3501747,-0.3477228,moving,47.09399,36.98143,-7.024593,-4.870306,3.5056218875921497,16.84400954428809
05/11/2023 10:29:56.479558,1224,True,True,True,True,Eyes,2.053584,0.1146745,-3.470946,-0.6550428,-0.4577514,-0.601151,0.0,0.0,0.0,0.0,0.0,0.0,0.0,3.986144,-0.2548954,0.5261683,1.922401,0.1208493,-3.538493,0.06871746,-0.8148043,0.1710445,0.5496507,20.74912,248.86,4.664519,0.5220876,0.02812922,-0.8524277,-0.07716453,0.0006118697,-0.07515718,1.314424,-0.6774809,-4.750036,-0.2398975,-0.1658923,1.915,-0.3863244,0.07604683,0.9192228,-0.3000119,0.9320434,-0.2031943,-0.8722079,-0.3542767,-0.3372561,moving,47.45654,37.28776,-7.140409,-4.95105,3.5406375350369643,16.934883758036023
05/11/2023 10:29:56.489761,1225,True,True,True,True,Eyes,2.048488,0.1149566,-3.475122,-0.658326,-0.4591739,-0.5964613,0.0,0.0,0.0,0.0,0.0,0.0,0.0,3.98211,-0.2551152,0.558156,1.915423,0.1215312,-3.542626,0.06919184,-0.8117854,0.1730634,0.5534131,20.95067,249.4665,4.865724,0.5207839,0.02815888,-0.8532237,-0.07253466,0.0005751575,-0.07064775,1.295959,-0.6813772,-4.74871,-0.2436213,-0.1684672,1.914999,-0.377893,0.07921323,0.9224544,-0.3038889,0.9305231,-0.2043974,-0.8745562,-0.357564,-0.3275661,moving,47.82257,37.59016,-7.250076,-5.027507,3.5762161781722464,17.02463499056281
05/11/2023 10:29:56.509834,1226,True,True,True,True,Eyes,2.043304,0.1152426,-3.479287,-0.6616313,-0.4605631,-0.5917142,0.0,0.0,0.0,0.0,0.0,0.0,0.0,3.978237,-0.2625009,0.5844464,1.908435,0.1230907,-3.54677,0.06874446,-0.8093325,0.1746958,0.5565398,21.05672,249.9799,5.113413,0.5194716,0.02819186,-0.8540221,0.0,0.0,0.0,1.280913,-0.689864,-4.746475,-0.2474886,-0.1711402,1.915001,-0.3710755,0.08317602,0.9248703,-0.3057245,0.9295112,-0.2062559,-0.8768328,-0.359292,-0.3194899,moving,48.1929,37.89555,-7.363909,-5.106854,3.612231363766191,17.115277234090556
05/11/2023 10:29:56.539367,1227,True,True,True,True,Eyes,2.03804,0.1155343,-3.483435,-0.6649609,-0.4617098,-0.58707,0.0,0.0,0.0,0.0,0.0,0.0,0.0,3.974551,-0.2708853,0.6054487,1.901311,0.1235983,-3.550596,0.06769715,-0.8073686,0.1754391,0.5592803,21.03949,250.4153,5.343996,0.51815,0.02822794,-0.8548234,0.0,0.0,0.0,1.265825,-0.7020658,-4.742386,-0.2514062,-0.1738503,1.915,-0.3652458,0.08692614,0.926844,-0.3055523,0.9292764,-0.2075647,-0.8793371,-0.3590114,-0.3128538,moving,48.55988,38.1838,-7.479167,-5.187288,3.6483955677150197,17.200924109240226
05/11/2023 10:29:56.559664,1228,True,True,True,True,Eyes,2.032678,0.1157923,-3.48755,-0.6682657,-0.4625115,-0.5826699,0.0,0.0,0.0,0.0,0.0,0.0,0.0,3.971881,-0.2765673,0.619473,1.89425,0.1241055,-3.554221,0.06673002,-0.8059691,0.1752541,0.5614687,20.9426,250.7392,5.482782,0.516819,0.02826699,-0.8556275,0.0,0.0,0.0,1.251955,-0.7190126,-4.735663,-0.2553986,-0.1766112,1.915,-0.3606003,0.08923473,0.9284422,-0.3043641,0.9296662,-0.2075651,-0.8816634,-0.3574324,-0.308078,moving,48.91439,38.44183,-7.59656,-5.269207,3.6840054483457942,17.277728908892875
05/11/2023 10:29:56.569605,1229,True,True,True,True,Eyes,2.027228,0.1160399,-3.491628,-0.6715639,-0.4632673,-0.5782606,0.0,0.0,0.0,0.0,0.0,0.0,0.0,3.971225,-0.2743028,0.6197486,1.886568,0.1235367,-3.557465,0.06619629,-0.8055773,0.173338,0.5626876,20.71808,250.8601,5.424323,0.5154775,0.02830792,-0.856435,0.0,0.0,0.0,1.240808,-0.7388737,-4.727939,-0.2589903,-0.1790948,1.915,-0.3580015,0.08841786,0.9295253,-0.3017227,0.9311439,-0.2047787,-0.883628,-0.35377,-0.3066733,moving,49.26939,38.69959,-7.702121,-5.34288,3.7196852434036973,17.354457880100203
05/11/2023 10:29:56.579342,1230,True,True,True,True,Eyes,1.888474,0.1216034,-3.592484,-0.7472638,-0.476551,-0.463137,0.0,0.0,0.0,0.0,0.0,0.0,0.0,3.968213,-0.2727602,0.6349635,1.879169,0.123569,-3.560582,0.0661322,-0.8039335,0.1731737,0.5650914,20.68204,251.2086,5.482598,0.5141249,0.02835034,-0.8572462,0.0,0.0,0.0,1.228858,-0.7573575,-4.719995,-0.2629546,-0.1818364,1.915,-0.3525962,0.08938611,0.9314965,-0.3020497,0.9312748,-0.2036987,-0.8856871,-0.3531817,-0.3013649,moving,58.21032,45.81784,-7.818567,-5.424186,4.597620508280749,19.468841795964458
05/11/2023 10:29:56.589675,1231,True,True,True,True,Eyes,1.888168,0.1215746,-3.592591,-0.7473738,-0.4764555,-0.4630578,0.0,0.0,0.0,0.0,0.0,0.0,0.0,3.965101,-0.2717881,0.6484199,1.871557,0.1232815,-3.563484,0.06602158,-0.8023957,0.1730687,0.5673178,20.64947,251.5338,5.544961,0.5091842,0.02851803,-0.8601846,-0.416261,0.01669049,-0.3025675,1.21342,-0.7707939,-4.712507,-0.2668216,-0.1845096,1.915001,-0.3475833,0.09041909,0.9332793,-0.3023208,0.9313767,-0.2028288,-0.8875743,-0.3526497,-0.2963955,moving,58.21848,45.81699,-7.93209,-5.503439,4.598664378583067,19.46863796657768
05/11/2023 10:29:56.609532,1232,True,True,True,True,Eyes,1.887542,0.1215099,-3.592786,-0.7475864,-0.4763515,-0.4628217,0.0,0.0,0.0,0.0,0.0,0.0,0.0,3.962006,-0.2712609,0.658885,1.863811,0.1225552,-3.566004,0.06579082,-0.8010867,0.1728211,0.5692667,20.59711,251.815,5.600562,0.5048248,0.02866374,-0.8627454,-0.3912853,0.01568906,-0.2844134,1.19693,-0.77885,-4.707156,-0.2708347,-0.1872857,1.915,-0.3432142,0.09135427,0.9348041,-0.3021709,0.9316089,-0.2019843,-0.8893239,-0.3517944,-0.2921368,moving,58.23885,45.82535,-8.049842,-5.585724,4.600924055534697,19.471173231716715
05/11/2023 10:29:56.629558,1233,True,True,True,True,Eyes,1.886598,0.1214069,-3.593068,-0.747946,-0.4761344,-0.4624639,0.0,0.0,0.0,0.0,0.0,0.0,0.0,3.958448,-0.2674551,0.6705832,1.855662,0.1216429,-3.568226,0.06595615,-0.7996019,0.1725775,0.5714051,20.57064,252.1214,5.623674,0.5008766,0.02879276,-0.8650392,-0.3678082,0.01474772,-0.2673486,1.178132,-0.7783146,-4.705184,-0.2745588,-0.1898605,1.915,-0.3382924,0.09174597,0.9365582,-0.3027006,0.9317336,-0.2006112,-0.891028,-0.3513619,-0.2874269,moving,58.271,45.83444,-8.159049,-5.662021,4.604626060169948,19.47398260867468
05/11/2023 10:29:56.644651,1234,True,True,True,True,Eyes,1.88533,0.1212693,-3.593433,-0.7484411,-0.4758702,-0.4619346,0.0,0.0,0.0,0.0,0.0,0.0,0.0,3.954571,-0.2596126,0.6853065,1.847303,0.1205923,-3.570519,0.0664288,-0.7978449,0.1720248,0.573967,20.53345,252.4783,5.605545,0.4972936,0.028906,-0.8671002,-0.3457397,0.01386286,-0.2513077,1.158038,-0.7763745,-4.703596,-0.2783228,-0.192463,1.915001,-0.3322982,0.09147344,0.9387283,-0.3034729,0.9319894,-0.1982424,-0.8930186,-0.3507542,-0.2819387,moving,58.3173,45.85134,-8.269366,-5.739118,4.60983160737109,19.479134728265862
05/11/2023 10:29:56.660508,1235,True,True,True,True,Eyes,1.88376,0.1211403,-3.593876,-0.7490585,-0.4755704,-0.461242,0.0,0.0,0.0,0.0,0.0,0.0,0.0,3.950308,-0.2482721,0.7014203,1.838455,0.1195971,-3.572721,0.06707597,-0.7959599,0.1709006,0.5768377,20.45331,252.8616,5.535689,0.4940343,0.02900433,-0.8689581,-0.3249953,0.01303109,-0.2362292,1.138112,-0.7742959,-4.702365,-0.2822678,-0.1951911,1.915,-0.3255183,0.09038427,0.941206,-0.3039434,0.9325876,-0.1946762,-0.8953528,-0.3494439,-0.2761027,moving,58.37681,45.87626,-8.384924,-5.819915,4.616416745851576,19.48668562146947
05/11/2023 10:29:56.679528,1236,True,True,True,True,Eyes,1.881882,0.1209547,-3.594379,-0.7497589,-0.4753211,-0.4603601,0.0,0.0,0.0,0.0,0.0,0.0,0.0,3.945857,-0.2412817,0.7173829,1.829835,0.1196579,-3.574916,0.0675442,-0.7941034,0.1703204,0.5795072,20.41325,253.2355,5.518601,0.4910607,0.02908958,-0.8706391,-0.3054956,0.01224922,-0.2220555,1.117403,-0.7738584,-4.699819,-0.286054,-0.1978096,1.915001,-0.3192185,0.09012963,0.9433854,-0.304678,0.9328575,-0.1922193,-0.8973688,-0.3487887,-0.2703249,moving,58.44962,45.91605,-8.495764,-5.89744,4.6241664599096035,19.49862510261641
05/11/2023 10:29:56.689554,1237,True,True,True,True,Eyes,1.879713,0.1207027,-3.59494,-0.7504944,-0.475169,-0.4593175,0.0,0.0,0.0,0.0,0.0,0.0,0.0,3.940688,-0.2355529,0.7333808,1.820737,0.1181323,-3.576775,0.06808163,-0.7920916,0.1706605,0.5820918,20.46389,253.6277,5.563236,0.4883386,0.02916181,-0.8721664,-0.2871659,0.01151427,-0.2087322,1.097312,-0.7753882,-4.69638,-0.2898891,-0.2004613,1.915001,-0.3130682,0.09082637,0.9453776,-0.3065339,0.9324798,-0.191098,-0.8989022,-0.349617,-0.2640884,moving,58.53254,45.97181,-8.607969,-5.97593,4.632647314538068,19.515255808695038
05/11/2023 10:29:56.709542,1238,True,True,True,True,Eyes,1.877264,0.1204334,-3.595542,-0.7512177,-0.4751443,-0.4581591,0.0,0.0,0.0,0.0,0.0,0.0,0.0,3.935784,-0.2305959,0.7476783,1.811799,0.1163001,-3.578609,0.06878575,-0.7901392,0.1715553,0.584395,20.57917,253.9965,5.628019,0.485838,0.02922077,-0.87356,-0.2699359,0.01082341,-0.1962082,1.079243,-0.7788203,-4.693243,-0.2937691,-0.2031441,1.915001,-0.3075023,0.0918115,0.9471078,-0.3092127,0.9316746,-0.1907091,-0.8999055,-0.3515012,-0.2581028,moving,58.62146,46.04262,-8.721422,-6.055315,4.641378058285556,19.536288888627723
05/11/2023 10:29:56.719841,1239,True,True,True,True,Eyes,1.874537,0.1201275,-3.596174,-0.7519034,-0.4752688,-0.4569036,0.0,0.0,0.0,0.0,0.0,0.0,0.0,3.931754,-0.2288809,0.7544942,1.802711,0.1156316,-3.580111,0.06967165,-0.7887146,0.1730069,0.585785,20.76472,254.2474,5.695026,0.483531,0.02926749,-0.8748375,-0.2537397,0.01017401,-0.1844357,1.062254,-0.7833926,-4.690142,-0.2976413,-0.2058226,1.915,-0.3040039,0.09278757,0.9481416,-0.3125917,0.930429,-0.1912808,-0.8999268,-0.3545312,-0.2538494,moving,58.71451,46.12866,-8.834579,-6.134552,4.650119959365182,19.56176675760007
05/11/2023 10:29:56.739736,1240,True,True,True,True,Eyes,1.871528,0.1197765,-3.596833,-0.7525713,-0.4754836,-0.4555786,0.0,0.0,0.0,0.0,0.0,0.0,0.0,3.927657,-0.2258969,0.760581,1.793444,0.114447,-3.581406,0.07079268,-0.787267,0.174684,0.5870985,20.98788,254.4941,5.756582,0.4813936,0.02930238,-0.8760143,-0.2385154,0.009563566,-0.1733696,1.046001,-0.7890759,-4.687038,-0.3014908,-0.2084843,1.915001,-0.3006074,0.09364796,0.9491392,-0.3165789,0.9289478,-0.1919213,-0.8996738,-0.3581704,-0.2496017,moving,58.81085,46.22472,-8.947002,-6.213265,4.65894050902384,19.59017192685815
05/11/2023 10:29:56.759622,1241,True,True,True,True,Eyes,1.868247,0.1194349,-3.597516,-0.7530475,-0.475866,-0.4543907,0.0,0.0,0.0,0.0,0.0,0.0,0.0,3.924084,-0.2218805,0.7631326,1.783751,0.1130059,-3.582667,0.07179229,-0.7861146,0.1756909,0.5882196,21.14231,254.6905,5.772939,0.4794033,0.02932562,-0.8771043,-0.2242044,0.008989752,-0.1629674,1.030549,-0.7956634,-4.683537,-0.3055673,-0.2113038,1.915,-0.2976871,0.0938157,0.9500425,-0.3195636,0.9279572,-0.1917671,-0.8995896,-0.3606856,-0.2462609,moving,58.89312,46.32246,-9.065981,-6.296625,4.665954070287137,19.61899080955757
05/11/2023 10:29:56.769491,1242,True,True,True,True,Eyes,1.864676,0.1190541,-3.598214,-0.7534781,-0.4763127,-0.4532074,0.0,0.0,0.0,0.0,0.0,0.0,0.0,3.922031,-0.2200186,0.7571535,1.773953,0.112848,-3.583905,0.07277673,-0.7856706,0.1764343,0.5884695,21.27792,254.7469,5.746102,0.4775401,0.0293387,-0.8781197,-0.2107522,0.008450367,-0.1531894,1.014267,-0.8019125,-4.679682,-0.3093385,-0.2139107,1.915001,-0.2968143,0.09329528,0.9503668,-0.3220094,0.927149,-0.1915846,-0.8990056,-0.3628921,-0.2451492,moving,58.97363,46.42392,-9.175975,-6.373669,4.672625685607632,19.64888075499145
05/11/2023 10:29:56.789556,1243,True,True,True,True,Eyes,1.860859,0.1186298,-3.598915,-0.7535071,-0.4770489,-0.4523841,0.0,0.0,0.0,0.0,0.0,0.0,0.0,3.919796,-0.2102694,0.7512965,1.763465,0.1114765,-3.58486,0.07453901,-0.7850448,0.1768732,0.5889521,21.43876,254.822,5.629426,0.4757856,0.02934176,-0.8790715,-0.198107,0.007943345,-0.143998,0.9971644,-0.8082035,-4.674652,-0.3130845,-0.2165014,1.915001,-0.2951589,0.09130678,0.9510754,-0.3253726,0.9263197,-0.189907,-0.8983396,-0.3655066,-0.2437026,moving,59.0206,46.52013,-9.285171,-6.450215,4.675295446909431,19.67706918674809
05/11/2023 10:29:56.814960,1244,True,True,True,True,Eyes,1.856789,0.1181503,-3.599603,-0.7534744,-0.4778959,-0.4515439,0.0,0.0,0.0,0.0,0.0,0.0,0.0,3.917576,-0.2001286,0.7461758,1.753774,0.1099266,-3.585586,0.07648218,-0.784357,0.1776805,0.589376,21.64677,254.9001,5.5233,0.4741244,0.02933481,-0.8799688,-0.1862206,0.007466745,-0.1353581,0.9775642,-0.812606,-4.66902,-0.3168659,-0.2191159,1.915001,-0.2935727,0.08946256,0.9517413,-0.3294199,0.9251602,-0.1885764,-0.8973837,-0.3688834,-0.2421311,moving,59.06649,46.62405,-9.395329,-6.52744,4.677576143553726,19.707491020628062
05/11/2023 10:29:56.819658,1245,True,True,True,True,Eyes,1.852479,0.1176444,-3.600278,-0.7533218,-0.4788595,-0.450777,0.0,0.0,0.0,0.0,0.0,0.0,0.0,3.914977,-0.1910335,0.7401819,1.743685,0.1080182,-3.585986,0.07850068,-0.7836531,0.1789526,0.5896622,21.90392,254.9735,5.44304,0.4725428,0.0293176,-0.8808197,-0.1750474,0.00701874,-0.1272366,0.9566942,-0.815752,-4.663436,-0.3207335,-0.2217904,1.915001,-0.2922724,0.08800854,0.9522771,-0.3340777,0.9236273,-0.1878957,-0.8960854,-0.3730513,-0.2405491,moving,59.10431,46.73027,-9.507924,-6.606412,4.678776287712166,19.738538259541382
05/11/2023 10:29:56.849461,1246,True,True,True,True,Eyes,1.847919,0.1171294,-3.60093,-0.7531393,-0.4798837,-0.4499921,0.0,0.0,0.0,0.0,0.0,0.0,0.0,3.9123,-0.1843506,0.7335701,1.733612,0.1068142,-3.586277,0.08037493,-0.7830265,0.180356,0.5898146,22.16404,255.0329,5.383058,0.4710281,0.02929059,-0.8816315,-0.1645446,0.006597615,-0.1196024,0.9363225,-0.8179907,-4.65792,-0.3247924,-0.2245978,1.915,-0.2913173,0.08688172,0.9526729,-0.3386245,0.9220232,-0.1876344,-0.8946885,-0.3772595,-0.239181,moving,59.14217,46.84119,-9.626013,-6.689285,4.679826195068526,19.770950657836277
05/11/2023 10:29:56.869495,1247,True,True,True,True,Eyes,1.843124,0.1165981,-3.601558,-0.7529594,-0.4808895,-0.4492187,0.0,0.0,0.0,0.0,0.0,0.0,0.0,3.909029,-0.1770188,0.7283149,1.723106,0.1060118,-3.586356,0.08206096,-0.7823485,0.1811488,0.590239,22.35314,255.1131,5.300746,0.4695694,0.02925463,-0.8824105,-0.1546719,0.006201759,-0.1124263,0.9146854,-0.8207278,-4.651167,-0.3285098,-0.2271686,1.915,-0.289768,0.08544165,0.9532757,-0.3422427,0.9209022,-0.1865718,-0.8938148,-0.3803141,-0.2376062,moving,59.17953,46.95021,-9.734091,-6.765149,4.680876606800252,19.802808632232782
05/11/2023 10:29:56.869495,1248,True,True,True,True,Eyes,1.83809,0.1160506,-3.60216,-0.7528293,-0.4818392,-0.4484186,0.0,0.0,0.0,0.0,0.0,0.0,0.0,3.905067,-0.1700071,0.726409,1.712688,0.1050366,-3.586333,0.08283158,-0.7816642,0.1804638,0.591247,22.33814,255.2357,5.20455,0.468156,0.02921029,-0.8831626,-0.1453916,0.005829653,-0.1056807,0.8921912,-0.8219892,-4.644289,-0.332394,-0.2298539,1.915001,-0.2871321,0.08390436,0.9542093,-0.3428903,0.9211435,-0.1841763,-0.8944169,-0.3800719,-0.2357199,moving,59.22009,47.05753,-9.846939,-6.844361,4.682381513226509,19.834189773622498
05/11/2023 10:29:56.889401,1249,True,True,True,True,Eyes,1.83282,0.1154661,-3.602728,-0.7527705,-0.4826931,-0.4475981,0.0,0.0,0.0,0.0,0.0,0.0,0.0,3.900832,-0.1678438,0.7240334,1.701982,0.104087,-3.586267,0.08311575,-0.7810507,0.180097,0.5921291,22.31883,255.3545,5.175326,0.4667787,0.02915808,-0.8838931,-0.1366681,0.005479874,-0.09933986,0.8712434,-0.8227724,-4.638668,-0.3364271,-0.2326431,1.915,-0.2849501,0.08344605,0.9549033,-0.3431165,0.9213137,-0.1828992,-0.8950276,-0.3797602,-0.2338967,moving,59.26424,47.16045,-9.964041,-6.926613,4.684478630336991,19.864312018909512
05/11/2023 10:29:56.909679,1250,True,True,True,True,Eyes,1.827322,0.1148381,-3.603258,-0.7527789,-0.4834434,-0.4467733,0.0,0.0,0.0,0.0,0.0,0.0,0.0,3.896052,-0.1712836,0.7217202,1.691067,0.1026545,-3.585971,0.08239727,-0.780589,0.1794307,0.5930399,22.20075,255.4745,5.216697,0.4654301,0.02909797,-0.8846059,-0.128468,0.005151081,-0.09337947,0.8485848,-0.8199569,-4.634288,-0.3405445,-0.23549,1.915001,-0.2830291,0.08418226,0.9554099,-0.3414559,0.9220306,-0.1823935,-0.8962716,-0.3778529,-0.2322169,moving,59.31092,47.25749,-10.08349,-7.010534,4.687084880406634,19.892739965756594
05/11/2023 10:29:56.929910,1251,True,True,True,True,Eyes,1.821591,0.1141821,-3.60375,-0.7527601,-0.4841389,-0.4460513,0.0,0.0,0.0,0.0,0.0,0.0,0.0,3.891588,-0.1768528,0.7167401,1.680147,0.101031,-3.585575,0.08143456,-0.780368,0.1787836,0.5936587,22.06899,255.5526,5.273442,0.464103,0.02902977,-0.8853051,-0.1207599,0.004842016,-0.0877767,0.8279341,-0.8187497,-4.63053,-0.3452779,-0.2387635,1.915,-0.2818758,0.08517502,0.9556628,-0.3393708,0.9228097,-0.1823454,-0.8974262,-0.3757227,-0.2312118,moving,59.35095,47.34473,-10.22072,-7.107001,4.689186946163563,19.918286788171184
05/11/2023 10:29:56.939425,1252,True,True,True,True,Eyes,1.81564,0.1135125,-3.604204,-0.7527636,-0.4847706,-0.4453587,0.0,0.0,0.0,0.0,0.0,0.0,0.0,3.887702,-0.1802666,0.708147,1.668809,0.09972206,-3.585154,0.08097564,-0.7803233,0.1782383,0.5939442,21.98458,255.5798,5.28132,0.4627911,0.02895367,-0.8859941,-0.1135143,0.004551495,-0.0825101,0.8059646,-0.8149329,-4.626646,-0.3480983,-0.2407141,1.915,-0.2813465,0.08535283,0.9558027,-0.3381015,0.9233481,-0.1819769,-0.8980709,-0.3743569,-0.2309228,moving,59.39011,47.42632,-10.30243,-7.164462,4.691367299490451,19.942188181247744
05/11/2023 10:29:56.959449,1253,True,True,True,True,Eyes,1.80947,0.1128423,-3.604624,-0.7527114,-0.4853529,-0.4448125,0.0,0.0,0.0,0.0,0.0,0.0,0.0,3.884027,-0.1833452,0.6985269,1.657595,0.09873055,-3.584668,0.08069331,-0.7803415,0.1778153,0.5940857,21.92489,255.5882,5.278202,0.4614882,0.02887019,-0.8866762,-0.1067035,0.004278406,-0.07755949,0.7843275,-0.8134698,-4.621973,-0.3517238,-0.2432214,1.915001,-0.2811021,0.08533835,0.9558762,-0.3372117,0.9237406,-0.1816358,-0.8984823,-0.3733908,-0.2308884,moving,59.41917,47.49561,-10.40739,-7.238298,4.692696556355996,19.96246422359309
05/11/2023 10:29:56.979710,1254,True,True,True,True,Eyes,1.803084,0.1122747,-3.605003,-0.7526128,-0.4858705,-0.444414,0.0,0.0,0.0,0.0,0.0,0.0,0.0,3.881539,-0.1868676,0.6819105,1.646099,0.09803925,-3.584274,0.08030374,-0.7809563,0.1768425,0.5936206,21.8114,255.4855,5.223729,0.4601898,0.02878014,-0.8873537,-0.1003013,0.004021701,-0.07290592,0.7650662,-0.8122226,-4.617892,-0.3555102,-0.2458394,1.915,-0.2823318,0.08452727,0.9555855,-0.3353821,0.924556,-0.1808726,-0.8987812,-0.3715524,-0.2326827,moving,59.43837,47.55161,-10.51695,-7.315372,4.693237287688119,19.978828670164077
05/11/2023 10:29:56.989685,1255,True,True,True,True,Eyes,1.796468,0.111726,-3.60534,-0.7523967,-0.4864209,-0.4441777,0.0,0.0,0.0,0.0,0.0,0.0,0.0,3.87975,-0.1968768,0.6582818,1.634432,0.09992336,-3.58374,0.07984824,-0.7821624,0.1764274,0.5922161,21.75044,255.2608,5.192415,0.458891,0.02868677,-0.8880291,-0.09428318,0.003780399,-0.06853157,0.7464257,-0.8101164,-4.614627,-0.359354,-0.2484978,1.914999,-0.2858091,0.08405769,0.9545929,-0.3338748,0.9249952,-0.1814149,-0.8982432,-0.3705645,-0.2363073,moving,59.4445,47.59908,-10.62808,-7.393608,4.692432698279877,19.992646969831025
05/11/2023 10:29:57.009759,1256,True,True,True,True,Eyes,1.789646,0.1112464,-3.605642,-0.7522016,-0.4867973,-0.444096,0.0,0.0,0.0,0.0,0.0,0.0,0.0,3.877553,-0.1989473,0.6362996,1.622164,0.09978211,-3.583084,0.0801128,-0.7830352,0.1758688,0.5911922,21.72468,255.0837,5.093918,0.4575873,0.02859095,-0.8887046,-0.08862619,0.003553575,-0.06441967,0.7295083,-0.8134186,-4.607062,-0.3634601,-0.2513365,1.915,-0.2881478,0.08248226,0.9540273,-0.3334068,0.9253042,-0.1806988,-0.8976699,-0.370147,-0.2391241,moving,59.44261,47.62639,-10.74671,-7.477117,4.691295515983198,20.00056822688406
05/11/2023 10:29:57.029420,1257,True,True,True,True,Eyes,1.782628,0.1108754,-3.605919,-0.750236,-0.4889767,-0.4450256,0.0,0.0,0.0,0.0,0.0,0.0,0.0,3.875995,-0.1914881,0.6151352,1.610378,0.1008319,-3.582584,0.08077671,-0.7839828,0.173295,0.5906056,21.53903,254.9003,4.812883,0.456276,0.02849476,-0.8893817,-0.08330862,0.003340361,-0.06055449,0.7068498,-0.8144839,-4.59714,-0.3671031,-0.2538567,1.915,-0.2893203,0.07804287,0.9540457,-0.331353,0.9268879,-0.1763062,-0.8980529,-0.3671349,-0.2423078,moving,59.32439,47.69416,-10.85188,-7.551231,4.67434078920906,20.019626316133703
05/11/2023 10:29:57.043912,1258,True,True,True,True,Eyes,1.775379,0.110621,-3.606173,-0.7483787,-0.4909361,-0.4459945,0.0,0.0,0.0,0.0,0.0,0.0,0.0,3.875134,-0.1844645,0.5885839,1.598289,0.1032454,-3.58217,0.08185855,-0.7852856,0.1709745,0.5894011,21.40897,254.6309,4.495993,0.454953,0.02840093,-0.8900622,0.0,0.0,0.0,0.6875046,-0.8105458,-4.590775,-0.371197,-0.2566875,1.915,-0.2918111,0.0729804,0.9536875,-0.3301097,0.9281338,-0.1720325,-0.8977047,-0.3650226,-0.2467483,moving,59.20728,47.7462,-10.96997,-7.634447,4.658043719947973,20.034122036571986
05/11/2023 10:29:57.059836,1259,True,True,True,True,Eyes,1.767933,0.1103724,-3.606393,-0.7466564,-0.4927542,-0.4468754,0.0,0.0,0.0,0.0,0.0,0.0,0.0,3.872015,-0.1811422,0.5738282,1.585473,0.1057045,-3.581856,0.08223342,-0.7856948,0.168901,0.5894012,21.24435,254.5587,4.299798,0.4536152,0.02831223,-0.8907475,0.0,0.0,0.0,0.6693259,-0.8086487,-4.586485,-0.3758005,-0.2598699,1.915002,-0.2916875,0.06988017,0.9539576,-0.3283216,0.9294202,-0.1684723,-0.8984004,-0.3623462,-0.2481571,moving,59.0994,47.79533,-11.10265,-7.727955,4.642991751094978,20.047821315103025
05/11/2023 10:29:57.069333,1260,True,True,True,True,Eyes,1.760306,0.1101682,-3.606579,-0.7450855,-0.4943203,-0.4477668,0.0,0.0,0.0,0.0,0.0,0.0,0.0,3.867752,-0.1807245,0.5654707,1.573331,0.1055785,-3.581257,0.08157912,-0.7857358,0.1667637,0.5900458,20.99799,254.5904,4.213691,0.4522595,0.0282283,-0.8914393,0.0,0.0,0.0,0.6535864,-0.8078099,-4.584067,-0.3789796,-0.2620681,1.915001,-0.2903817,0.06859716,0.9544492,-0.3249957,0.9310694,-0.1657935,-0.9000314,-0.3583352,-0.2480717,moving,58.99581,47.82899,-11.19422,-7.792529,4.628984716283246,20.057050498926888
05/11/2023 10:29:57.089244,1261,True,True,True,True,Eyes,1.7525,0.1100051,-3.606723,-0.7434974,-0.4960162,-0.4485304,0.0,0.0,0.0,0.0,0.0,0.0,0.0,3.863741,-0.1897498,0.5527067,1.561305,0.1064821,-3.580638,0.0798758,-0.786305,0.1647341,0.5900909,20.69115,254.5439,4.217717,0.4508844,0.02814986,-0.8921381,0.0,0.0,0.0,0.6428339,-0.8134074,-4.584373,-0.3877836,-0.268158,1.914999,-0.2908254,0.06880271,0.9542991,-0.3200296,0.932965,-0.1647945,-0.901666,-0.3533304,-0.2493111,moving,58.89864,47.87804,-11.44749,-7.971315,4.615268625970587,20.070783011978058
05/11/2023 10:29:57.109475,1262,True,True,True,True,Eyes,1.744526,0.1098183,-3.606844,-0.7420093,-0.4976738,-0.4491582,0.0,0.0,0.0,0.0,0.0,0.0,0.0,3.85948,-0.1955521,0.5408888,1.549199,0.1073465,-3.579782,0.07955338,-0.7864833,0.1644187,0.5899847,20.64003,254.5201,4.220684,0.4494887,0.02807747,-0.8928444,0.0,0.0,0.0,0.6277582,-0.81423,-4.580426,-0.3912107,-0.2705269,1.915,-0.2911791,0.0688742,0.9541863,-0.3191438,0.9332755,-0.1647546,-0.901866,-0.3524957,-0.2497696,moving,58.81235,47.93327,-11.54595,-8.040814,4.602702841901094,20.086367651077385
05/11/2023 10:29:57.129666,1263,True,True,True,True,Eyes,1.73643,0.1096696,-3.606947,-0.740469,-0.4996178,-0.4495417,0.0,0.0,0.0,0.0,0.0,0.0,0.0,3.854276,-0.187112,0.5435305,1.537286,0.1065387,-3.579284,0.08084529,-0.7852211,0.1644238,0.591487,20.72334,254.7371,4.141439,0.4480703,0.02800998,-0.8935592,0.0,0.0,0.0,0.6129092,-0.8146474,-4.575929,-0.3935695,-0.2721573,1.915,-0.2872146,0.06754631,0.9554819,-0.321472,0.9328577,-0.1625803,-0.9023104,-0.353856,-0.2462161,moving,58.73789,48.02003,-11.61368,-8.088631,4.590568448226913,20.111171434409123
05/11/2023 10:29:57.140463,1264,True,True,True,True,Eyes,1.72823,0.1095584,-3.607034,-0.7388838,-0.5017385,-0.4497879,0.0,0.0,0.0,0.0,0.0,0.0,0.0,3.84976,-0.1760435,0.5460162,1.526394,0.1072513,-3.578881,0.08372134,-0.7837326,0.166184,0.5925682,21.08231,254.9366,4.038969,0.4466288,0.02794786,-0.8942825,0.0,0.0,0.0,0.5978044,-0.8174055,-4.569742,-0.3952203,-0.2732995,1.915,-0.2837076,0.06572039,0.9566563,-0.328181,0.9307473,-0.1612664,-0.9010037,-0.3597088,-0.2424919,moving,58.66947,48.12508,-11.66106,-8.122128,4.578581922969055,20.141318745702577
05/11/2023 10:29:57.159709,1265,True,True,True,True,Eyes,1.719937,0.1094823,-3.607117,-0.7372174,-0.5041475,-0.4498286,0.0,0.0,0.0,0.0,0.0,0.0,0.0,3.845436,-0.1684014,0.5472369,1.515783,0.1079585,-3.578539,0.08671362,-0.7822657,0.1689614,0.5932904,21.54538,255.1159,3.996156,0.4451642,0.02789156,-0.8950141,0.0,0.0,0.0,0.5824099,-0.8165256,-4.566835,-0.3979408,-0.2751804,1.915,-0.2809747,0.06482017,0.9575239,-0.3361524,0.9278657,-0.1614526,-0.8989189,-0.367238,-0.2389174,moving,58.60968,48.25888,-11.73911,-8.177272,4.566720244182689,20.17986097695638
05/11/2023 10:29:57.169708,1266,True,True,True,True,Eyes,1.711555,0.1094809,-3.607201,-0.73563,-0.5064703,-0.449818,0.0,0.0,0.0,0.0,0.0,0.0,0.0,3.840868,-0.1650964,0.5509648,1.50533,0.1087269,-3.578441,0.08842763,-0.7808591,0.1706927,0.5943937,21.82022,255.3292,4.003686,0.4436769,0.0278414,-0.8957539,0.0,0.0,0.0,0.5690192,-0.8174525,-4.564003,-0.4018273,-0.2778686,1.915,-0.2777539,0.06481829,0.9584631,-0.3410164,0.926089,-0.1614523,-0.8980873,-0.3716955,-0.2351207,moving,58.55534,48.39034,-11.85053,-8.256062,4.555614287630009,20.21775237283705
05/11/2023 10:29:57.189695,1267,True,True,True,True,Eyes,1.703085,0.1095147,-3.607283,-0.7340003,-0.5088466,-0.4497984,0.0,0.0,0.0,0.0,0.0,0.0,0.0,3.836754,-0.1766983,0.5456862,1.494957,0.1104087,-3.578071,0.08766261,-0.780683,0.1711995,0.5945924,21.81138,255.3823,4.12075,0.4421662,0.02779864,-0.8965019,0.0,0.0,0.0,0.5526036,-0.821806,-4.556177,-0.4057564,-0.2805847,1.915,-0.2775503,0.06671448,0.9583918,-0.3404613,0.926012,-0.1630581,-0.8983607,-0.3715522,-0.2343013,moving,58.49986,48.52471,-11.96308,-8.335631,4.544270315990335,20.256482864553835
05/11/2023 10:29:57.230808,1268,True,True,True,True,Eyes,1.694537,0.1095008,-3.60734,-0.7324804,-0.5110573,-0.4497698,0.0,0.0,0.0,0.0,0.0,0.0,0.0,3.833079,-0.2001888,0.5349989,1.48431,0.1114559,-3.578155,0.08509175,-0.7811902,0.1714612,0.5942243,21.65487,255.3542,4.370487,0.4406327,0.02776345,-0.8972577,0.0,0.0,0.0,0.5383961,-0.8275696,-4.547564,-0.4096888,-0.2833035,1.915001,-0.279314,0.07082713,0.9575842,-0.3367185,0.9267209,-0.1667604,-0.8992245,-0.3690148,-0.2349974,moving,58.44855,48.64973,-12.07563,-8.415249,4.533754228846437,20.29251996604787
05/11/2023 10:29:57.240687,1269,True,True,True,True,Eyes,1.685927,0.1094688,-3.607398,-0.7308012,-0.5132376,-0.4500186,0.0,0.0,0.0,0.0,0.0,0.0,0.0,3.829461,-0.2184862,0.5238476,1.473693,0.1106001,-3.578117,0.08275705,-0.7816608,0.1713024,0.5939808,21.47609,255.329,4.568751,0.4390769,0.02773391,-0.898021,0.0,0.0,0.0,0.5265164,-0.8379942,-4.537622,-0.4134711,-0.28592,1.915001,-0.2806761,0.07412483,0.9569359,-0.3328765,0.9276136,-0.1694886,-0.9002301,-0.3661129,-0.2356846,moving,58.37574,48.75496,-12.1838,-8.491841,4.521215269081159,20.322696406012618
05/11/2023 10:29:57.259714,1270,True,True,True,True,Eyes,1.677252,0.1094484,-3.607454,-0.729104,-0.5150857,-0.4506598,0.0,0.0,0.0,0.0,0.0,0.0,0.0,3.827441,-0.2213827,0.5093579,1.463558,0.1101059,-3.578216,0.08305958,-0.7820145,0.1715584,0.5933989,21.52439,255.2472,4.543869,0.437499,0.02770902,-0.8987915,0.0,0.0,0.0,0.5136181,-0.8499117,-4.524539,-0.4173833,-0.2886249,1.915001,-0.2819577,0.07369754,0.9565923,-0.3335127,0.9273376,-0.1697473,-0.899594,-0.3668972,-0.2368911,moving,58.27976,48.81661,-12.29559,-8.570991,4.507231204621686,20.340094416847897
05/11/2023 10:29:57.269400,1271,True,True,True,True,Eyes,1.668524,0.1094441,-3.607514,-0.7273653,-0.5169854,-0.4512934,0.0,0.0,0.0,0.0,0.0,0.0,0.0,3.825154,-0.2228469,0.4963169,1.45326,0.1102231,-3.578223,0.08398326,-0.7821303,0.1724209,0.5928661,21.67201,255.189,4.509909,0.4358993,0.0276886,-0.899569,0.0,0.0,0.0,0.5023378,-0.8612288,-4.512479,-0.4213884,-0.2913953,1.915,-0.2829134,0.0730733,0.956358,-0.3358167,0.9264356,-0.1701295,-0.8984361,-0.3692928,-0.2375618,moving,58.18249,48.88123,-12.40994,-8.652023,4.492988470810699,20.35834815752962
05/11/2023 10:29:57.279451,1272,True,True,True,True,Eyes,1.659735,0.1094374,-3.607574,-0.7255924,-0.5189419,-0.4519016,0.0,0.0,0.0,0.0,0.0,0.0,0.0,3.823435,-0.2215436,0.481832,1.443234,0.1105972,-3.578371,0.08589817,-0.7821836,0.1741227,0.5920234,21.96866,255.1053,4.439957,0.4342787,0.02767263,-0.900353,0.0,0.0,0.0,0.4905983,-0.8703865,-4.501935,-0.4250599,-0.2939338,1.915001,-0.2842598,0.0717932,0.9560557,-0.3405457,0.9246056,-0.1706844,-0.8962284,-0.3740993,-0.2383793,moving,58.0852,48.95022,-12.51467,-8.726237,4.478598929244687,20.377870904438847
05/11/2023 10:29:57.299583,1273,True,True,True,True,Eyes,1.650905,0.1094379,-3.607635,-0.7237826,-0.52074,-0.4527346,0.0,0.0,0.0,0.0,0.0,0.0,0.0,3.821121,-0.2220437,0.469862,1.432979,0.1104844,-3.578464,0.08734151,-0.782083,0.1756898,0.5914818,22.21789,255.0665,4.412118,0.432637,0.0276606,-0.9011434,0.0,0.0,0.0,0.4792044,-0.8764052,-4.494198,-0.4290301,-0.296679,1.915001,-0.2850414,0.07121804,0.9558657,-0.3444513,0.9230091,-0.1714862,-0.8944857,-0.3781299,-0.2385647,moving,57.97353,48.9961,-12.62783,-8.806466,4.463182491817032,20.390606353117843
05/11/2023 10:29:57.319576,1274,True,True,True,True,Eyes,1.64204,0.109464,-3.607691,-0.7219073,-0.5226738,-0.4534996,0.0,0.0,0.0,0.0,0.0,0.0,0.0,3.818897,-0.2197397,0.4593949,1.423135,0.1105609,-3.578514,0.08974938,-0.7816841,0.1781953,0.590899,22.62204,255.0473,4.366576,0.4309756,0.02765233,-0.9019395,0.0,0.0,0.0,0.4670204,-0.8797942,-4.488883,-0.4329982,-0.2994229,1.915001,-0.2855672,0.07027954,0.9557784,-0.3509022,0.920383,-0.1725193,-0.8918068,-0.3846505,-0.2381698,moving,57.86311,49.05336,-12.74083,-8.886619,4.4475458395201946,20.406653310149693
05/11/2023 10:29:57.329554,1275,True,True,True,True,Eyes,1.633153,0.1095068,-3.607748,-0.7200754,-0.5244572,-0.4543522,0.0,0.0,0.0,0.0,0.0,0.0,0.0,3.816407,-0.2162267,0.4515419,1.413476,0.1111166,-3.578456,0.09224956,-0.7810903,0.180547,0.5905851,23.01732,255.0638,4.308541,0.429295,0.02764806,-0.9027407,0.0,0.0,0.0,0.4553614,-0.8802315,-4.487112,-0.4368933,-0.3021167,1.915001,-0.2853985,0.06914625,0.9559114,-0.3573672,0.9177856,-0.1730846,-0.8892899,-0.3910094,-0.237224,moving,57.74895,49.09668,-12.85165,-8.965271,4.431903977225747,20.41863216918496
05/11/2023 10:29:57.349501,1276,True,True,True,True,Eyes,1.624244,0.1095876,-3.607804,-0.7182937,-0.5262203,-0.4551333,0.0,0.0,0.0,0.0,0.0,0.0,0.0,3.813643,-0.2132882,0.447258,1.404104,0.1114831,-3.578472,0.0941079,-0.7803645,0.1821902,0.5907469,23.29949,255.1332,4.269685,0.4275958,0.02764784,-0.9035469,0.0,0.0,0.0,0.4440422,-0.876536,-4.491842,-0.4405254,-0.3046282,1.915001,-0.2843241,0.06837961,0.9562868,-0.3621334,0.9159009,-0.1731616,-0.8877047,-0.3955374,-0.2356502,moving,57.64038,49.14313,-12.9549,-9.038577,4.416854619844843,20.4315494986911
05/11/2023 10:29:57.359447,1277,True,True,True,True,Eyes,1.61531,0.1096792,-3.607862,-0.7167428,-0.5276188,-0.4559586,0.0,0.0,0.0,0.0,0.0,0.0,0.0,3.810691,-0.2154591,0.4424686,1.394698,0.1124613,-3.57851,0.09470373,-0.779969,0.1828116,0.590982,23.3977,255.1871,4.270672,0.4258793,0.0276522,-0.904357,0.0,0.0,0.0,0.4349545,-0.8817672,-4.492378,-0.4486033,-0.3102139,1.914999,-0.2835431,0.06834481,0.9565211,-0.3638086,0.9152222,-0.1732383,-0.8872693,-0.3971111,-0.2346405,moving,57.53737,49.16702,-13.18424,-9.201508,4.4032424380220805,20.437944390161853
05/11/2023 10:29:57.379919,1278,True,True,True,True,Eyes,1.606345,0.1097866,-3.607916,-0.7152933,-0.5289286,-0.4567166,0.0,0.0,0.0,0.0,0.0,0.0,0.0,3.807798,-0.2189876,0.4362745,1.385181,0.1127952,-3.57857,0.09492996,-0.7797325,0.1832326,0.5911273,23.45172,255.223,4.287632,0.424146,0.02766098,-0.905171,0.0,0.0,0.0,0.4226302,-0.8829383,-4.488353,-0.450519,-0.3115392,1.915,-0.2831139,0.06858767,0.9566309,-0.3646675,0.9148282,-0.1735135,-0.8870538,-0.3979762,-0.2339889,moving,57.44167,49.19021,-13.23856,-9.240139,4.390563360367216,20.44417453286914
05/11/2023 10:29:57.389538,1279,True,True,True,True,Eyes,1.597345,0.1098906,-3.607972,-0.7140789,-0.5299264,-0.4574596,0.0,0.0,0.0,0.0,0.0,0.0,0.0,3.80443,-0.2249967,0.4318242,1.375497,0.1133133,-3.57854,0.09434015,-0.7795298,0.182964,0.5915722,23.38264,255.2861,4.33567,0.4223965,0.02767413,-0.9059884,0.0,0.0,0.0,0.4107871,-0.8842105,-4.485494,-0.4528176,-0.3131275,1.915001,-0.2822848,0.06939088,0.9568178,-0.3635547,0.9152482,-0.1736337,-0.8877745,-0.3968697,-0.2331333,moving,57.3552,49.19756,-13.3037,-9.286426,4.379556392822514,20.445853173263902
05/11/2023 10:29:57.409449,1280,True,True,True,True,Eyes,1.5883,0.1099778,-3.608031,-0.7130001,-0.5308352,-0.4580884,0.0,0.0,0.0,0.0,0.0,0.0,0.0,3.800952,-0.2300978,0.4291263,1.365706,0.1133525,-3.578592,0.09369687,-0.7791735,0.1825911,0.5922586,23.29877,255.3828,4.387929,0.4206309,0.02769115,-0.9068089,0.0,0.0,0.0,0.3991102,-0.8869296,-4.482543,-0.4561031,-0.3153996,1.915001,-0.2809015,0.07027003,0.9571608,-0.3622945,0.9157628,-0.1735547,-0.8887278,-0.3955258,-0.2317806,moving,57.28006,49.20719,-13.39676,-9.352618,4.369884546293791,20.44825369547108
05/11/2023 10:29:57.439578,1281,True,True,True,True,Eyes,1.579213,0.1100349,-3.608098,-0.7121248,-0.5315167,-0.4586592,0.0,0.0,0.0,0.0,0.0,0.0,0.0,3.797069,-0.2327819,0.4307961,1.355676,0.1130745,-3.578666,0.09312292,-0.7784308,0.182035,0.5934957,23.19984,255.5567,4.436212,0.4188496,0.02771122,-0.9076325,0.0,0.0,0.0,0.3865542,-0.8896308,-4.479175,-0.4599857,-0.3180852,1.915001,-0.2781824,0.07109444,0.9578938,-0.3610534,0.9163827,-0.1728672,-0.8900872,-0.3939393,-0.2292526,moving,57.21557,49.20826,-13.50664,-9.430833,4.361821158866144,20.44822442028925
05/11/2023 10:29:57.469247,1282,True,True,True,True,Eyes,1.570079,0.110068,-3.608173,-0.7113321,-0.5321665,-0.4591354,0.0,0.0,0.0,0.0,0.0,0.0,0.0,3.793154,-0.2368969,0.4333382,1.345685,0.1124382,-3.578884,0.09226856,-0.7776454,0.1815069,0.5948189,23.08287,255.7471,4.515331,0.4170526,0.02773327,-0.9084589,0.0,0.0,0.0,0.3722894,-0.8905804,-4.475519,-0.4637598,-0.3206943,1.915001,-0.2753541,0.07242296,0.958611,-0.3594318,0.9170836,-0.1725298,-0.8916215,-0.3920621,-0.2264915,moving,57.15944,49.21348,-13.61335,-9.506783,4.354661415154103,20.44944444306178
05/11/2023 10:29:57.489295,1283,True,True,True,True,Eyes,1.339896,0.1101387,-3.610267,-0.691336,-0.5469849,-0.4720827,0.0,0.0,0.0,0.0,0.0,0.0,0.0,3.78955,-0.2437856,0.4315596,1.335528,0.1118404,-3.579137,0.09155704,-0.777134,0.1816559,0.5955513,23.04138,255.8705,4.616602,0.4152398,0.02775652,-0.9092882,0.0,0.0,0.0,0.3592011,-0.8921182,-4.471629,-0.4676827,-0.3234079,1.915,-0.2738722,0.07406666,0.9589099,-0.358675,0.9172369,-0.1732882,-0.8923824,-0.3913958,-0.2246398,moving,55.67257,49.20372,-13.72417,-9.585744,4.1698904173936455,20.438770584333696
05/11/2023 10:29:57.499755,1284,True,True,True,True,Eyes,1.339475,0.1101064,-3.610277,-0.691364,-0.5470176,-0.4720036,0.0,0.0,0.0,0.0,0.0,0.0,0.0,3.785612,-0.2479135,0.432117,1.324713,0.1110885,-3.579364,0.0914676,-0.7762487,0.1822671,0.5965319,23.08497,256.0445,4.704737,0.4063289,0.02787735,-0.9133013,-0.6905494,0.000212118,-0.006283522,0.3468829,-0.898224,-4.465923,-0.4714763,-0.326031,1.915,-0.2715666,0.07545302,0.9594572,-0.3594594,0.9168249,-0.1738425,-0.8927711,-0.3920958,-0.2218566,moving,55.67812,49.21017,-13.83124,-9.662033,4.170368300809917,20.440673020283814
05/11/2023 10:29:57.509615,1285,True,True,True,True,Eyes,1.338636,0.1100477,-3.610296,-0.6914134,-0.5470795,-0.4718596,0.0,0.0,0.0,0.0,0.0,0.0,0.0,3.782148,-0.2493236,0.4309969,1.314211,0.1104112,-3.579556,0.09171937,-0.7754812,0.1826737,0.5973666,23.13508,256.1861,4.740259,0.3989217,0.02797438,-0.916558,-0.6491164,0.0001993909,-0.00590651,0.3362771,-0.9066966,-4.460372,-0.4753205,-0.3286897,1.915,-0.2694816,0.07599305,0.9600026,-0.3604997,0.9164358,-0.1737399,-0.8929837,-0.3929002,-0.2195671,moving,55.68816,49.22202,-13.93963,-9.739319,4.171226789285391,20.44416736811242
05/11/2023 10:29:57.519850,1286,True,True,True,True,Eyes,1.33697,0.1099218,-3.610333,-0.6911037,-0.5476565,-0.471644,0.0,0.0,0.0,0.0,0.0,0.0,0.0,3.778898,-0.2476652,0.4291258,1.303425,0.1097007,-3.57975,0.09234896,-0.7747008,0.1828934,0.5982143,23.19516,256.3202,4.726144,0.3927424,0.02805196,-0.9192203,-0.6101694,0.0001874275,-0.00555212,0.3287435,-0.9162607,-4.4574,-0.4794487,-0.3315436,1.915001,-0.2672224,0.0757333,0.9606543,-0.3619045,0.9160434,-0.1728864,-0.8930941,-0.3938642,-0.2173791,moving,55.6884,49.26483,-14.05591,-9.822241,4.169842877231811,20.456601281286705
05/11/2023 10:29:57.541743,1287,True,True,True,True,Eyes,1.334922,0.1097531,-3.610387,-0.6908179,-0.5482628,-0.4713582,0.0,0.0,0.0,0.0,0.0,0.0,0.0,3.772769,-0.2412346,0.4251089,1.282064,0.1079048,-3.580135,0.09396474,-0.7731068,0.1832169,0.5999234,23.33059,256.5841,4.65642,0.387554,0.0281124,-0.921418,-0.5735592,0.0001761818,-0.005218992,0.321524,-0.9269853,-4.453764,-0.4830477,-0.3340333,1.915,-0.262525,0.07454271,0.9620416,-0.3651218,0.9152044,-0.1705492,-0.8931779,-0.3960358,-0.2130469,moving,55.69354,49.31335,-14.1572,-9.894547,4.168880371507186,20.470719296551334
05/11/2023 10:29:57.559506,1288,True,True,True,True,Eyes,1.332514,0.1095337,-3.61046,-0.6903216,-0.5491499,-0.4710525,0.0,0.0,0.0,0.0,0.0,0.0,0.0,3.770085,-0.2280454,0.4258513,1.270976,0.1066061,-3.580524,0.09609135,-0.7718159,0.1832619,0.6012335,23.48041,256.7728,4.504657,0.3831703,0.02815786,-0.9232482,-0.5391456,0.0001656109,-0.004905853,0.3135995,-0.9358584,-4.452302,-0.4869448,-0.3367271,1.915,-0.2585693,0.07203671,0.9633029,-0.3686961,0.9143631,-0.1673421,-0.8928633,-0.3984355,-0.2098666,moving,55.69168,49.3775,-14.26677,-9.972748,4.166530292875411,20.489339584579216
05/11/2023 10:29:57.579503,1289,True,True,True,True,Eyes,1.329747,0.1093135,-3.610554,-0.6898802,-0.550023,-0.4706803,0.0,0.0,0.0,0.0,0.0,0.0,0.0,3.766963,-0.2177321,0.4297285,1.260092,0.1051168,-3.580949,0.09781846,-0.7703151,0.1835758,0.6027821,23.625,257.0122,4.420155,0.3794374,0.02818972,-0.9247876,-0.5067969,0.0001556743,-0.004611502,0.30737,-0.9426168,-4.454859,-0.4908936,-0.3394583,1.915,-0.2541708,0.07061038,0.9645784,-0.3720146,0.9134629,-0.1648961,-0.89275,-0.4007489,-0.2059075,moving,55.69569,49.44485,-14.37769,-10.05199,4.164805263284226,20.50892014837732
05/11/2023 10:29:57.594336,1290,True,True,True,True,Eyes,1.326648,0.1090335,-3.610665,-0.6893436,-0.551043,-0.4702734,0.0,0.0,0.0,0.0,0.0,0.0,0.0,3.764127,-0.2093592,0.4306402,1.248842,0.1048102,-3.581528,0.09922681,-0.7691469,0.1833879,0.6040995,23.70265,257.1996,4.317269,0.3760619,0.02821235,-0.9261647,-0.4763891,0.0001463338,-0.004334812,0.3005147,-0.9505894,-4.457156,-0.4947901,-0.3421533,1.914999,-0.2504359,0.06892902,0.9656764,-0.374209,0.9130458,-0.1622187,-0.8928884,-0.4019901,-0.2028657,moving,55.69801,49.52176,-14.48703,-10.13016,4.162554137317163,20.53126816507538
05/11/2023 10:29:57.609849,1291,True,True,True,True,Eyes,1.323238,0.1087032,-3.610801,-0.688952,-0.5519752,-0.4697537,0.0,0.0,0.0,0.0,0.0,0.0,0.0,3.760771,-0.1977595,0.4367981,1.237944,0.1030669,-3.581923,0.1008175,-0.7674726,0.1833414,0.6059766,23.80375,257.4789,4.227873,0.3729485,0.02822589,-0.9274222,-0.4478057,0.0001375538,-0.004074723,0.2952211,-0.9600503,-4.458758,-0.4985656,-0.3447642,1.915,-0.2452565,0.06745194,0.9671088,-0.3769505,0.9124435,-0.159233,-0.8931727,-0.4036051,-0.1983566,moving,55.71235,49.60085,-14.59287,-10.20584,4.16172732963117,20.554312660102894
05/11/2023 10:29:57.619542,1292,True,True,True,True,Eyes,1.319534,0.1083405,-3.610966,-0.6885216,-0.5529764,-0.4692069,0.0,0.0,0.0,0.0,0.0,0.0,0.0,3.757458,-0.1863828,0.4453712,1.227287,0.1014861,-3.582605,0.1016479,-0.7657978,0.1822315,0.608287,23.75128,257.7916,4.13595,0.3700646,0.02823007,-0.9285766,-0.4209374,0.0001293006,-0.00383024,0.2906245,-0.9715302,-4.459849,-0.5024796,-0.34747,1.915,-0.2393091,0.0660146,0.9686965,-0.3773815,0.9129189,-0.1554427,-0.8946028,-0.402767,-0.1935572,moving,55.72674,49.68501,-14.70248,-10.28423,4.1607393108466875,20.578829820627575
05/11/2023 10:29:57.644916,1293,True,True,True,True,Eyes,1.315537,0.1079216,-3.611156,-0.6882169,-0.5539448,-0.4685111,0.0,0.0,0.0,0.0,0.0,0.0,0.0,3.754631,-0.1779925,0.4495182,1.216679,0.1002611,-3.583383,0.1024771,-0.7644809,0.1815234,0.6100137,23.73876,258.0291,4.058069,0.3673808,0.02822507,-0.9296419,-0.3956811,0.0001215425,-0.003600425,0.2864401,-0.9825847,-4.461121,-0.5065029,-0.3502526,1.915,-0.2347636,0.06477983,0.9698916,-0.3781471,0.9130954,-0.1525174,-0.8954836,-0.4025671,-0.1898653,moving,55.7545,49.77639,-14.81505,-10.36481,4.161177220755083,20.605514266695955
05/11/2023 10:29:57.659685,1294,True,True,True,True,Eyes,1.31127,0.1074751,-3.611381,-0.6879745,-0.5548892,-0.467749,0.0,0.0,0.0,0.0,0.0,0.0,0.0,3.750798,-0.1690995,0.4608445,1.205869,0.09847744,-3.584082,0.1033228,-0.762488,0.1812176,0.6124516,23.7604,258.3941,4.035476,0.3648702,0.02821041,-0.9306306,-0.3719403,0.00011425,-0.0033844,0.2799855,-0.9907137,-4.461827,-0.5101015,-0.3527413,1.915,-0.2284552,0.06440907,0.9714216,-0.3795387,0.9129692,-0.1497919,-0.8965259,-0.4029128,-0.1841269,moving,55.78849,49.87047,-14.91563,-10.43684,4.162301506741233,20.633015679322437
05/11/2023 10:29:57.669808,1295,True,True,True,True,Eyes,1.306743,0.1070173,-3.611643,-0.6878605,-0.5557842,-0.4668531,0.0,0.0,0.0,0.0,0.0,0.0,0.0,3.747219,-0.1606103,0.4726491,1.19529,0.09744902,-3.585056,0.1038956,-0.7605584,0.1804207,0.6149837,23.71761,258.7581,4.000596,0.3625094,0.02818641,-0.9315534,-0.3496239,0.000107395,-0.003181336,0.2693404,-0.9933356,-4.462737,-0.5139996,-0.3554356,1.915001,-0.2220015,0.06387428,0.9729519,-0.3799489,0.9133081,-0.1466528,-0.8979722,-0.4022292,-0.1784868,moving,55.83514,49.97009,-15.02447,-10.51478,4.164818818462618,20.662192737590363
05/11/2023 10:29:57.689427,1296,True,True,True,True,Eyes,1.301952,0.1065521,-3.611938,-0.6878156,-0.5566269,-0.4659143,0.0,0.0,0.0,0.0,0.0,0.0,0.0,3.74366,-0.1587493,0.4827895,1.184708,0.09675453,-3.586138,0.1038686,-0.7588531,0.1801111,0.6171817,23.6762,259.0927,4.049893,0.3602773,0.02815376,-0.93242,-0.3286464,0.0001009513,-0.002990456,0.2587802,-0.9967632,-4.463727,-0.5185097,-0.3585551,1.915,-0.2165961,0.0646806,0.9741163,-0.3799646,0.9135426,-0.1451441,-0.8992848,-0.4015674,-0.1732934,moving,55.88697,50.0696,-15.15028,-10.60499,4.167984596273816,20.691365161423764
05/11/2023 10:29:57.709651,1297,True,True,True,True,Eyes,1.296927,0.1060479,-3.61226,-0.6879429,-0.5573617,-0.4648469,0.0,0.0,0.0,0.0,0.0,0.0,0.0,3.739717,-0.1635242,0.4922452,1.173716,0.09622125,-3.587152,0.1027249,-0.7573874,0.1795551,0.6193318,23.52988,259.4178,4.178362,0.3581549,0.02811318,-0.9332385,-0.3089276,9.48942e-05,-0.002811028,0.2454814,-0.9973925,-4.463198,-0.5215725,-0.360673,1.915,-0.2117515,0.0668033,0.9750379,-0.3780136,0.9144151,-0.144744,-0.9012587,-0.3992273,-0.1683762,moving,55.95288,50.17145,-15.23561,-10.66619,4.172825847935505,20.721291391116214
05/11/2023 10:29:57.729586,1298,True,True,True,True,Eyes,1.291669,0.1055158,-3.612606,-0.6881731,-0.5579752,-0.4637687,0.0,0.0,0.0,0.0,0.0,0.0,0.0,3.735737,-0.1679587,0.5021539,1.163236,0.09488015,-3.588032,0.101306,-0.7559488,0.17873,0.6215578,23.33812,259.7463,4.310858,0.3561257,0.02806449,-0.9340162,-0.290392,8.920055e-05,-0.002642367,0.2330024,-0.998545,-4.464248,-0.5254563,-0.3633589,1.915001,-0.2068062,0.06901771,0.9759446,-0.3753463,0.9155853,-0.1442864,-0.903519,-0.3961565,-0.1634432,moving,56.02346,50.26787,-15.34373,-10.74378,4.17842776977188,20.749665291918074
05/11/2023 10:29:57.745469,1299,True,True,True,True,Eyes,1.286155,0.1050565,-3.612982,-0.688567,-0.558396,-0.4626763,0.0,0.0,0.0,0.0,0.0,0.0,0.0,3.732345,-0.1681157,0.5085192,1.152479,0.09374987,-3.588908,0.09993507,-0.7548456,0.1766985,0.6236977,23.0428,260.0149,4.334055,0.3541747,0.02800782,-0.9347594,-0.2729685,8.384851e-05,-0.002483825,0.2217623,-1.000438,-4.466819,-0.5294776,-0.3661397,1.915,-0.2020284,0.06954177,0.9769075,-0.3712839,0.9175813,-0.1421016,-0.906274,-0.3914186,-0.1595577,moving,56.10123,50.3555,-15.45557,-10.82407,4.1852150275815125,20.77552435738451
05/11/2023 10:29:57.761236,1300,True,True,True,True,Eyes,1.280376,0.1047575,-3.613392,-0.6891026,-0.5588892,-0.4612814,0.0,0.0,0.0,0.0,0.0,0.0,0.0,3.729733,-0.1621547,0.511024,1.140966,0.09500107,-3.58992,0.09964008,-0.7539291,0.1740708,0.6255893,22.77677,260.2165,4.201464,0.3522879,0.02794588,-0.935474,-0.2565904,7.88176e-05,-0.002334795,0.2112534,-1.002457,-4.469574,-0.5332645,-0.368758,1.915,-0.1974196,0.06755058,0.9779889,-0.3680369,0.9195424,-0.1378066,-0.9086112,-0.3871417,-0.1566747,moving,56.20187,50.46531,-15.56077,-10.89963,4.194116773651319,20.80794539842939
05/11/2023 10:29:57.779708,1301,True,True,True,True,Eyes,1.274377,0.1043969,-3.613818,-0.6897221,-0.5594381,-0.4596874,0.0,0.0,0.0,0.0,0.0,0.0,0.0,3.726729,-0.1600584,0.5159278,1.128957,0.09854554,-3.591108,0.0998495,-0.7526798,0.1727175,0.6274329,22.66234,260.4566,4.128051,0.3504521,0.02788342,-0.9361652,-0.2411949,7.408854e-05,-0.002194707,0.201237,-1.002414,-4.476089,-0.5372941,-0.371545,1.915001,-0.1927163,0.06642786,0.9790035,-0.3670466,0.9203975,-0.1347042,-0.9100205,-0.3852997,-0.1529934,moving,56.31725,50.59023,-15.67259,-10.98001,4.204354428061972,20.844832319208578
05/11/2023 10:29:57.789596,1302,True,True,True,True,Eyes,1.268192,0.1041358,-3.614266,-0.6904356,-0.5601654,-0.4577264,0.0,0.0,0.0,0.0,0.0,0.0,0.0,3.72177,-0.1491092,0.5352311,1.11796,0.09669885,-3.591809,0.1012468,-0.7497678,0.1731685,0.6305633,22.79017,260.9633,4.140409,0.3486573,0.02781893,-0.936837,-0.2267233,6.964323e-05,-0.002063025,0.1938368,-1.001248,-4.484855,-0.5410247,-0.3741243,1.915,-0.1842782,0.06656414,0.9806175,-0.3702106,0.9195235,-0.1319872,-0.9104865,-0.3873574,-0.1448054,moving,56.45749,50.74681,-15.77601,-11.05436,4.216641221895125,20.891044837829313
05/11/2023 10:29:57.809676,1303,True,True,True,True,Eyes,1.261828,0.1040264,-3.61472,-0.691116,-0.5610038,-0.4556681,0.0,0.0,0.0,0.0,0.0,0.0,0.0,3.717391,-0.1454902,0.5508962,1.107494,0.09885263,-3.592678,0.1019809,-0.7474718,0.173223,0.6331508,22.83615,261.374,4.162546,0.3468942,0.0277552,-0.9374931,-0.2131199,6.546464e-05,-0.001939243,0.1858086,-1.002711,-4.492836,-0.5449816,-0.3768604,1.915001,-0.1774405,0.0668968,0.9818554,-0.3718083,0.9191873,-0.12982,-0.9111936,-0.3880973,-0.1382284,moving,56.60225,50.91521,-15.88559,-11.13319,4.229100336605289,20.94071388804826
05/11/2023 10:29:57.829787,1304,True,True,True,True,Eyes,1.255245,0.1039784,-3.615162,-0.6918173,-0.5620193,-0.4533466,0.0,0.0,0.0,0.0,0.0,0.0,0.0,3.713293,-0.1624317,0.5569458,1.09689,0.1025096,-3.593249,0.1015,-0.7461729,0.1755246,0.6341254,22.99625,261.6202,4.432077,0.3451558,0.02769618,-0.9381363,-0.2003327,6.153676e-05,-0.001822889,0.1752325,-0.9969538,-4.503435,-0.5489917,-0.3796328,1.915001,-0.1751656,0.07113604,0.9819658,-0.3740823,0.9177778,-0.1332159,-0.9107028,-0.3906709,-0.1341523,moving,56.76325,51.109,-15.99652,-11.21303,4.242742593286924,20.997842188432664
05/11/2023 10:29:57.842757,1305,True,True,True,True,Eyes,1.248494,0.1040137,-3.615582,-0.6926113,-0.5629684,-0.4509503,0.0,0.0,0.0,0.0,0.0,0.0,0.0,3.707684,-0.1739063,0.5687933,1.085179,0.1040832,-3.59336,0.1003896,-0.7443796,0.1762661,0.6362007,22.96406,261.9865,4.661311,0.3434339,0.02764302,-0.9387696,-0.1883127,5.784455e-05,-0.001713515,0.1666322,-0.9908354,-4.51604,-0.5526941,-0.3821936,1.915,-0.1703414,0.07482522,0.9825402,-0.3737372,0.9177044,-0.1346818,-0.9117591,-0.3901537,-0.1283581,moving,56.93237,51.30449,-16.09883,-11.28673,4.257339527812323,21.055507005689734
05/11/2023 10:29:57.859609,1306,True,True,True,True,Eyes,1.241571,0.1041078,-3.61597,-0.6935506,-0.5637916,-0.4484712,0.0,0.0,0.0,0.0,0.0,0.0,0.0,3.702638,-0.1830532,0.5780067,1.074536,0.1062157,-3.593218,0.09923928,-0.742966,0.1761637,0.6380593,22.8555,262.2858,4.814659,0.3417234,0.02759739,-0.9393949,-0.1770139,5.437388e-05,-0.001610704,0.1537279,-0.98477,-4.523154,-0.5565386,-0.3848535,1.915,-0.1660641,0.077343,0.9830773,-0.3722686,0.9182358,-0.1351262,-0.9131479,-0.3884084,-0.1236936,moving,57.11205,51.49931,-16.20496,-11.36325,4.2732731526851815,21.11303292200599
05/11/2023 10:29:57.869913,1307,True,True,True,True,Eyes,1.234521,0.1041329,-3.616308,-0.6946233,-0.5644754,-0.4459438,0.0,0.0,0.0,0.0,0.0,0.0,0.0,3.697701,-0.1902586,0.5845873,1.063603,0.1077877,-3.592779,0.09797046,-0.7417877,0.175402,0.6398335,22.68048,262.5462,4.918578,0.340019,0.02756012,-0.9400142,-0.1663931,5.111145e-05,-0.001514062,0.1385014,-0.9799653,-4.527031,-0.5605104,-0.3876,1.915,-0.1620299,0.07910963,0.9836098,-0.3698028,0.9192718,-0.1348526,-0.9148729,-0.3855918,-0.1196946,moving,57.29979,51.69075,-16.31448,-11.44221,4.290321751895483,21.16961973282777
05/11/2023 10:29:57.895371,1308,True,True,True,True,Eyes,1.227319,0.1042099,-3.616601,-0.695796,-0.5649633,-0.4434913,0.0,0.0,0.0,0.0,0.0,0.0,0.0,3.692517,-0.1872799,0.5942008,1.053664,0.1061945,-3.591844,0.09717035,-0.7402567,0.173874,0.6421416,22.47108,262.8608,4.931738,0.3383172,0.02752862,-0.940629,-0.1564095,4.804476e-05,-0.001423218,0.1235915,-0.973008,-4.532245,-0.5642657,-0.3901961,1.915001,-0.1564241,0.07944147,0.9844901,-0.3671654,0.9206516,-0.1326285,-0.9169085,-0.382217,-0.114844,moving,57.48709,51.8684,-16.41791,-11.5168,4.307770988580992,21.222199406845476
05/11/2023 10:29:57.909978,1309,True,True,True,True,Eyes,1.219977,0.1043653,-3.616844,-0.6969841,-0.565344,-0.4411342,0.0,0.0,0.0,0.0,0.0,0.0,0.0,3.688965,-0.1785068,0.5952702,1.042943,0.107442,-3.591016,0.09674503,-0.7395403,0.1703562,0.6439717,22.12154,263.0211,4.725356,0.3366143,0.02750375,-0.9412405,-0.147025,4.516207e-05,-0.001337825,0.112896,-0.9734125,-4.535402,-0.5680546,-0.3928158,1.915001,-0.1518822,0.07631532,0.9854482,-0.3625027,0.9232384,-0.1273684,-0.9195237,-0.3765726,-0.1125588,moving,57.66952,52.03532,-16.52215,-11.59204,4.324968337616282,21.271637255798332
05/11/2023 10:29:57.929565,1310,True,True,True,True,Eyes,1.212463,0.1044532,-3.617026,-0.6982834,-0.5656568,-0.4386714,0.0,0.0,0.0,0.0,0.0,0.0,0.0,3.686155,-0.1624833,0.5930226,1.032361,0.1093219,-3.59,0.09854301,-0.7387201,0.1682523,0.6451923,22.07012,263.131,4.426124,0.3349069,0.02748694,-0.9418499,-0.1382035,4.245235e-05,-0.001257556,0.1007942,-0.9787056,-4.533,-0.5719803,-0.3955314,1.915002,-0.1480323,0.07151873,0.9863932,-0.3627015,0.9239609,-0.1214243,-0.9200727,-0.375741,-0.1108361,moving,57.86239,52.20613,-16.63004,-11.66998,4.343336846025485,21.32225986156378
05/11/2023 10:29:57.943751,1311,True,True,True,True,Eyes,1.021913,0.1066939,-3.620195,-0.7295545,-0.5721447,-0.3747005,0.0,0.0,0.0,0.0,0.0,0.0,0.0,3.680404,-0.1404569,0.6060219,1.020963,0.1076593,-3.58865,0.1003871,-0.7362998,0.1663316,0.6481659,22.02894,263.5317,4.193777,0.3331924,0.02747571,-0.9424582,-0.1299112,3.990521e-05,-0.001182102,0.09525379,-0.9903791,-4.530299,-0.576291,-0.3985117,1.915001,-0.1396069,0.06779103,0.9878838,-0.363451,0.9245124,-0.1148049,-0.9210935,-0.3750749,-0.1044296,moving,62.81489,56.77901,-16.74838,-11.75548,4.808831724303821,22.676402537114903
05/11/2023 10:29:57.959461,1312,True,True,True,True,Eyes,1.021486,0.1067237,-3.620132,-0.7298456,-0.571938,-0.3744493,0.0,0.0,0.0,0.0,0.0,0.0,0.0,3.675003,-0.1184402,0.6189444,1.011018,0.1076495,-3.587342,0.1030515,-0.733864,0.1653485,0.6507564,22.1362,263.9049,3.958887,0.3245693,0.02761973,-0.9454584,-0.6937665,0.006759641,-0.01061692,0.09193529,-1.004761,-4.526338,-0.5796013,-0.4007996,1.915002,-0.1317931,0.06395173,0.9892123,-0.3664548,0.9240805,-0.1085639,-0.9210545,-0.3768095,-0.0983519,moving,62.83978,56.78712,-16.83916,-11.82107,4.811662330570518,22.67888902997808
05/11/2023 10:29:57.995685,1313,True,True,True,True,Eyes,1.020658,0.106789,-3.619999,-0.730148,-0.5718383,-0.3740117,0.0,0.0,0.0,0.0,0.0,0.0,0.0,3.66886,-0.1072563,0.6310046,1.000557,0.1083053,-3.585716,0.1055978,-0.7313977,0.1666197,0.6527974,22.43273,264.2761,3.912507,0.3174976,0.02773388,-0.9478531,-0.6521405,0.006354062,-0.009979909,0.08315718,-1.011816,-4.519513,-0.5796002,-0.4007999,1.915001,-0.1254094,0.06306975,0.9900983,-0.3720058,0.922174,-0.1058626,-0.9197196,-0.3815985,-0.09218707,static,62.87662,56.81325,-16.83913,-11.82108,4.815385429500239,22.686671798908268
05/11/2023 10:29:58.000764,1314,True,True,True,True,Eyes,1.019015,0.1068922,-3.619706,-0.7306767,-0.571779,-0.3730688,0.0,0.0,0.0,0.0,0.0,0.0,0.0,3.662277,-0.1002726,0.6434662,0.9903173,0.1091999,-3.583814,0.1072072,-0.7290923,0.1674234,0.654905,22.61613,264.6458,3.91119,0.3116812,0.02782582,-0.9497789,-0.6130121,0.005972818,-0.009381115,0.07192068,-1.010927,-4.516889,-0.5796001,-0.4007998,1.915001,-0.1192125,0.06296491,0.9908704,-0.3756208,0.9209521,-0.1037131,-0.9190744,-0.3845553,-0.08613805,static,62.95206,56.87675,-16.83913,-11.82108,4.82267952340743,22.70551087601896
05/11/2023 10:29:58.009470,1315,True,True,True,True,Eyes,1.017444,0.1070226,-3.619429,-0.7311484,-0.5717659,-0.3721635,0.0,0.0,0.0,0.0,0.0,0.0,0.0,3.647475,-0.07851535,0.6746075,0.9695941,0.1101049,-3.579539,0.1112559,-0.7236437,0.1689599,0.6598596,23.03915,265.5078,3.860686,0.3068679,0.02790181,-0.9513428,-0.5762314,0.005614449,-0.008818247,0.05914138,-1.007689,-4.516354,-0.5796006,-0.4007997,1.915001,-0.1044151,0.06196024,0.9926019,-0.3839988,0.9181494,-0.09770689,-0.9174108,-0.39136,-0.07207605,static,63.02335,56.93982,-16.83914,-11.82107,4.829471204339395,22.724203194294837
05/11/2023 10:29:58.029663,1316,True,True,True,True,Eyes,1.01552,0.1071716,-3.619074,-0.7318091,-0.571634,-0.371066,0.0,0.0,0.0,0.0,0.0,0.0,0.0,3.647605,-0.07507879,0.6751513,0.9697708,0.1108503,-3.579629,0.1121139,-0.7234567,0.1693224,0.6598266,23.13795,265.5144,3.817777,0.3028706,0.02796626,-0.952621,-0.5416574,0.005277582,-0.008289153,0.04584884,-1.005257,-4.516163,-0.5796003,-0.4007999,1.915001,-0.1041191,0.06122763,0.9926785,-0.3856659,0.9175209,-0.09704324,-0.9167449,-0.3929462,-0.07191797,static,63.11258,57.0111,-16.83913,-11.82108,4.838225016879881,22.745374403528132
05/11/2023 10:29:58.043812,1317,True,True,True,True,Eyes,1.013256,0.1073363,-3.618654,-0.7325422,-0.5714884,-0.3698419,0.0,0.0,0.0,0.0,0.0,0.0,0.0,3.640598,-0.05940336,0.6878896,0.9596069,0.1113364,-3.57735,0.1144646,-0.7209515,0.1692771,0.6621724,23.30787,265.8948,3.691778,0.2995274,0.02802264,-0.9536759,-0.509158,0.004960928,-0.007791804,0.03792942,-1.006894,-4.518269,-0.5796003,-0.4007998,1.915001,-0.09685151,0.05913441,0.9935408,-0.389228,0.9164863,-0.09249056,-0.9160358,-0.3956717,-0.06574629,static,63.21195,57.09085,-16.83913,-11.82108,4.847961389989043,22.769058886582098
05/11/2023 10:29:58.064278,1318,True,True,True,True,Eyes,1.010676,0.1075043,-3.618162,-0.733426,-0.5712019,-0.3685304,0.0,0.0,0.0,0.0,0.0,0.0,0.0,3.633649,-0.0429807,0.700896,0.9494518,0.1117849,-3.575269,0.1161754,-0.7185706,0.1680376,0.6647727,23.32551,266.2736,3.524638,0.2965403,0.02807678,-0.9546073,-0.4786085,0.004663272,-0.007324296,0.03132632,-1.010641,-4.519271,-0.5796,-0.4007998,1.915001,-0.08916081,0.05645319,0.9944161,-0.3903741,0.9165333,-0.08703331,-0.9163288,-0.3959543,-0.05968106,static,63.32148,57.17054,-16.83912,-11.82107,4.85896451428042,22.79277951261314
05/11/2023 10:29:58.069452,1319,True,True,True,True,Eyes,1.007782,0.1076682,-3.617599,-0.734361,-0.5708956,-0.3671407,0.0,0.0,0.0,0.0,0.0,0.0,0.0,3.627898,-0.03061587,0.7065673,0.9394779,0.1119306,-3.573048,0.1173047,-0.7170044,0.1665706,0.6666322,23.28232,266.5229,3.361874,0.2937894,0.02813068,-0.9554559,-0.449892,0.004383476,-0.006884838,0.02820375,-1.017997,-4.520587,-0.5796006,-0.4007998,1.915001,-0.08368243,0.05386679,0.9950355,-0.3902987,0.9169877,-0.08246569,-0.9168774,-0.395262,-0.05571165,static,63.43744,57.25509,-16.83914,-11.82107,4.870607578283558,22.817945455161286
05/11/2023 10:29:58.083117,1320,True,True,True,True,Eyes,1.004589,0.1078077,-3.616956,-0.7354064,-0.5704814,-0.3656891,0.0,0.0,0.0,0.0,0.0,0.0,0.0,3.621606,-0.0206832,0.7137899,0.9292397,0.1119394,-3.570705,0.1182402,-0.715275,0.1655001,0.6685887,23.25751,266.8055,3.254281,0.2912444,0.0281844,-0.9562331,-0.4228985,0.004120467,-0.006471748,0.02330461,-1.024855,-4.520604,-0.5796001,-0.4007999,1.915001,-0.07801708,0.05215442,0.9955869,-0.3904515,0.917258,-0.07864802,-0.9173118,-0.3948643,-0.05119813,static,63.56062,57.33938,-16.83913,-11.82108,4.883158011906738,22.843073956838914
05/11/2023 10:29:58.109665,1321,True,True,True,True,Eyes,1.001116,0.1079156,-3.616229,-0.7364803,-0.5700598,-0.3641821,0.0,0.0,0.0,0.0,0.0,0.0,0.0,3.615691,-0.01506121,0.7177155,0.9190339,0.1114433,-3.568125,0.118579,-0.7139559,0.1645064,0.6701819,23.19363,267.0323,3.191763,0.2888784,0.02823745,-0.9569491,-0.3975246,0.003873239,-0.006083443,0.02148098,-1.035668,-4.519433,-0.5796008,-0.4007996,1.915001,-0.07359067,0.05117804,0.9959746,-0.3898188,0.9177533,-0.07596159,-0.9179466,-0.3938397,-0.04758794,static,63.68806,57.42756,-16.83914,-11.82107,4.896110286327271,22.86935463173451
05/11/2023 10:29:58.129612,1322,True,True,True,True,Eyes,0.9973772,0.1079757,-3.615411,-0.7376098,-0.5695863,-0.3626337,0.0,0.0,0.0,0.0,0.0,0.0,0.0,3.609559,-0.009546459,0.7217712,0.9089599,0.1107716,-3.565316,0.1190398,-0.712588,0.1637926,0.6717291,23.16362,267.2629,3.142232,0.2866668,0.02828922,-0.9576123,-0.3736731,0.003640844,-0.005718436,0.01913523,-1.045592,-4.517414,-0.5796002,-0.4008,1.915001,-0.06921934,0.0503959,0.9963279,-0.3897011,0.9180031,-0.07350834,-0.9183366,-0.3933582,-0.0439043,static,63.81973,57.51666,-16.83913,-11.82108,4.909558750424011,22.895924790398894
05/11/2023 10:29:58.144237,1323,True,True,True,True,Eyes,0.9933843,0.1080166,-3.614505,-0.7387387,-0.5691282,-0.3610516,0.0,0.0,0.0,0.0,0.0,0.0,0.0,3.603192,-0.001003832,0.7260339,0.8990259,0.1096139,-3.562283,0.1199423,-0.7110949,0.1631643,0.6733018,23.17653,267.5009,3.063947,0.2845885,0.02833871,-0.9582306,-0.3512527,0.003422394,-0.00537533,0.01408671,-1.052697,-4.514603,-0.5796002,-0.4007999,1.915001,-0.06455716,0.04913681,0.9967036,-0.3902984,0.9179825,-0.07053583,-0.9184223,-0.3935654,-0.04008431,static,63.95337,57.6092,-16.83913,-11.82108,4.923138845321597,22.923504361867955
05/11/2023 10:29:58.159563,1324,True,True,True,True,Eyes,0.9891431,0.1080187,-3.613506,-0.7399447,-0.568614,-0.3593883,0.0,0.0,0.0,0.0,0.0,0.0,0.0,3.597017,0.01120473,0.7293291,0.8890909,0.1091061,-3.55924,0.1214297,-0.7096006,0.1623282,0.6748121,23.21988,267.7202,2.915853,0.2826249,0.02838575,-0.9588102,-0.3301776,0.00321705,-0.00505281,0.005732344,-1.05444,-4.512813,-0.5796005,-0.4007998,1.915001,-0.05976709,0.04674878,0.9971172,-0.3914152,0.9178088,-0.06649184,-0.9182713,-0.3942609,-0.03655658,static,64.09433,57.70537,-16.83913,-11.82108,4.937510292177279,22.952176732391
05/11/2023 10:29:58.179598,1325,True,True,True,True,Eyes,0.9846779,0.1079784,-3.612412,-0.7411085,-0.5681964,-0.3576465,0.0,0.0,0.0,0.0,0.0,0.0,0.0,3.589623,0.01887064,0.7372043,0.8790794,0.1081299,-3.555946,0.1225788,-0.7076582,0.1624468,0.6766132,23.31528,268.0273,2.89237,0.2807586,0.02842969,-0.959357,-0.3103669,0.003024027,-0.004749641,-0.003275778,-1.055746,-4.511578,-0.5796006,-0.4007998,1.915002,-0.05433816,0.04633944,0.9974468,-0.393315,0.917171,-0.06403667,-0.9177967,-0.3957905,-0.03161139,static,64.23883,57.81198,-16.83914,-11.82107,4.951977638528876,22.983899695426246
05/11/2023 10:29:58.189838,1326,True,True,True,True,Eyes,0.980006,0.1078932,-3.611206,-0.742305,-0.5678031,-0.3557851,0.0,0.0,0.0,0.0,0.0,0.0,0.0,3.582972,0.01706004,0.741431,0.8693543,0.1071163,-3.552527,0.1228871,-0.7062331,0.1634367,0.6778069,23.418,268.2681,2.997375,0.278975,0.02846983,-0.959876,-0.2917449,0.002842585,-0.004464663,-0.01526711,-1.053743,-4.50997,-0.5796009,-0.4007996,1.915001,-0.05095342,0.04798307,0.9975477,-0.3951308,0.9163744,-0.06426131,-0.9172106,-0.3974362,-0.02773288,static,64.39171,57.92877,-16.83915,-11.82107,4.967151979204813,23.018623261728564
05/11/2023 10:29:58.209491,1327,True,True,True,True,Eyes,0.975103,0.1077693,-3.609884,-0.7434889,-0.567439,-0.3538888,0.0,0.0,0.0,0.0,0.0,0.0,0.0,3.57643,0.01228739,0.7430038,0.8598126,0.1059955,-3.548597,0.122969,-0.7051154,0.1647128,0.6786463,23.52743,268.4614,3.135401,0.2772614,0.0285055,-0.9603713,-0.2742402,0.00267203,-0.004196783,-0.02819053,-1.051846,-4.507662,-0.5796001,-0.4007999,1.915001,-0.04863607,0.05014884,0.997557,-0.3969781,0.9154966,-0.0653782,-0.9165387,-0.399188,-0.0246181,static,64.5463,58.04987,-16.83912,-11.82108,4.9823968530166125,23.05460753068164
05/11/2023 10:29:58.219743,1328,True,True,True,True,Eyes,0.9700161,0.1076669,-3.608441,-0.7446731,-0.567067,-0.3519901,0.0,0.0,0.0,0.0,0.0,0.0,0.0,3.569571,0.01278962,0.7443273,0.8494695,0.1049563,-3.544491,0.1231577,-0.7039703,0.164758,0.679789,23.54142,268.6572,3.164138,0.2756054,0.02853623,-0.960847,-0.2577858,0.002511708,-0.003944976,-0.04289687,-1.049812,-4.503595,-0.5796005,-0.4007997,1.915001,-0.04543852,0.05060261,0.9976847,-0.3974,0.9153739,-0.06452698,-0.9165198,-0.3994119,-0.02148375,static,64.70097,58.17127,-16.83913,-11.82107,4.9976417782272575,23.090679345800172
05/11/2023 10:29:58.244508,1329,True,True,True,True,Eyes,0.9647255,0.1075232,-3.606875,-0.7459122,-0.5665902,-0.3501292,0.0,0.0,0.0,0.0,0.0,0.0,0.0,3.563305,0.01123999,0.7428453,0.840051,0.1053556,-3.540099,0.1231292,-0.7032977,0.1645114,0.6805496,23.51517,268.7767,3.171065,0.2739975,0.02856323,-0.9613059,-0.2423186,0.002361006,-0.003708278,-0.05811495,-1.047904,-4.499076,-0.5796002,-0.4007999,1.915001,-0.04338326,0.05072346,0.9977701,-0.3971092,0.9155504,-0.06381,-0.9167455,-0.3989919,-0.01957676,static,64.85477,58.28567,-16.83913,-11.82108,5.013009574387428,23.124713671909593
05/11/2023 10:29:58.259557,1330,True,True,True,True,Eyes,0.9592545,0.1073734,-3.605184,-0.7472121,-0.5660175,-0.348279,0.0,0.0,0.0,0.0,0.0,0.0,0.0,3.557106,0.01435742,0.7394783,0.8299506,0.1041946,-3.535584,0.1226963,-0.7028236,0.16271,0.68155,23.32586,268.8749,3.078969,0.272429,0.02858588,-0.9617509,-0.2277795,0.002219345,-0.003485781,-0.07089178,-1.04824,-4.495653,-0.5796003,-0.4007999,1.915001,-0.0408709,0.04932227,0.9979464,-0.3942575,0.9169422,-0.06146549,-0.9180909,-0.39596,-0.01803058,static,65.00956,58.39539,-16.83914,-11.82108,5.028655166617924,23.157394077527965
05/11/2023 10:29:58.279776,1331,True,True,True,True,Eyes,0.9535974,0.1071959,-3.60337,-0.748556,-0.5653266,-0.3465111,0.0,0.0,0.0,0.0,0.0,0.0,0.0,3.550917,0.01814526,0.7357039,0.820241,0.1038328,-3.530867,0.1222178,-0.7024767,0.1604724,0.6825233,23.09702,268.9521,2.950173,0.2708916,0.0286046,-0.9621846,-0.2141127,0.002086185,-0.003276634,-0.08347316,-1.050971,-4.490645,-0.5796006,-0.4007998,1.915,-0.03844999,0.04734194,0.9981385,-0.3907626,0.9186228,-0.0586233,-0.9196882,-0.3922893,-0.01682163,static,65.1603,58.49422,-16.83915,-11.82108,5.044156233023686,23.18689051513968
05/11/2023 10:29:58.290167,1332,True,True,True,True,Eyes,0.9477632,0.1069733,-3.601424,-0.7499654,-0.5645178,-0.3447773,0.0,0.0,0.0,0.0,0.0,0.0,0.0,3.545423,0.01988636,0.7278466,0.8101527,0.1029546,-3.526079,0.1216112,-0.7024979,0.158454,0.6830811,22.87785,268.9686,2.837586,0.2693784,0.02861914,-0.9626088,-0.201266,0.001961014,-0.003080036,-0.09517324,-1.053346,-4.486811,-0.5796012,-0.4007998,1.915001,-0.03722183,0.04561071,0.9982656,-0.387337,0.9202061,-0.05648664,-0.9211864,-0.3887677,-0.01658509,static,65.31061,58.58564,-16.83916,-11.82107,5.059848484007355,23.21423271363568
05/11/2023 10:29:58.309747,1333,True,True,True,True,Eyes,0.9417405,0.1067352,-3.599344,-0.7514132,-0.5635998,-0.3431233,0.0,0.0,0.0,0.0,0.0,0.0,0.0,3.539482,0.02013563,0.7206113,0.8000907,0.1016282,-3.520957,0.1205309,-0.70254,0.1562338,0.6837403,22.60307,268.9958,2.749889,0.2678829,0.02862886,-0.9630257,-0.18919,0.001843353,-0.002895234,-0.1069177,-1.055595,-4.483534,-0.5796006,-0.4007998,1.915001,-0.03594308,0.04429112,0.998372,-0.3830024,0.9221265,-0.05469731,-0.923048,-0.3843448,-0.01618049,static,65.45679,58.66667,-16.83914,-11.82108,5.075369737986956,23.238535729616505
05/11/2023 10:29:58.329928,1334,True,True,True,True,Eyes,0.9355419,0.1064699,-3.597116,-0.7529452,-0.5626049,-0.3413931,0.0,0.0,0.0,0.0,0.0,0.0,0.0,3.533632,0.01857549,0.7116292,0.7895606,0.1010053,-3.515637,0.1195701,-0.7027,0.1543844,0.6841645,22.36981,268.9982,2.677877,0.2663994,0.02863393,-0.963437,-0.1778386,0.001732751,-0.00272152,-0.1298718,-1.060523,-4.477364,-0.5796003,-0.4007998,1.915001,-0.03524393,0.04320485,0.9984444,-0.3792926,0.9237369,-0.05336065,-0.9246054,-0.3805832,-0.01616878,static,65.60997,58.75029,-16.83913,-11.82108,5.0916768543731825,23.263627826320864
05/11/2023 10:29:58.345408,1335,True,True,True,True,Eyes,0.929171,0.1061534,-3.594743,-0.7544938,-0.5615654,-0.3396815,0.0,0.0,0.0,0.0,0.0,0.0,0.0,3.52712,0.01273546,0.7040715,0.7791569,0.1001272,-3.509892,0.1184617,-0.702713,0.1535447,0.684533,22.20847,269.0297,2.706929,0.2649227,0.02863424,-0.9638441,-0.1671683,0.001628786,-0.002558229,-0.1412178,-1.064627,-4.473679,-0.5796001,-0.4007999,1.915,-0.03476289,0.04372369,0.9984387,-0.376702,0.9247817,-0.05361383,-0.9256821,-0.3779776,-0.01567731,static,65.7622,58.83096,-16.83913,-11.82108,5.107963132753709,23.287858191235262
05/11/2023 10:29:58.359962,1336,True,True,True,True,Eyes,0.9226405,0.1057984,-3.592215,-0.7560529,-0.5606018,-0.3378013,0.0,0.0,0.0,0.0,0.0,0.0,0.0,3.519783,0.01119356,0.6997781,0.7687051,0.09859839,-3.504007,0.1176993,-0.7023005,0.1525001,0.6853207,22.05679,269.1247,2.702696,0.2634486,0.028629,-0.9642483,-0.1571382,0.001531059,-0.002404735,-0.1531038,-1.069359,-4.468242,-0.5796005,-0.4007998,1.915001,-0.03296454,0.04370243,0.9985006,-0.3743435,0.9257813,-0.05287825,-0.926704,-0.3755254,-0.01415819,static,65.9251,58.92813,-16.83913,-11.82107,5.1250327603157775,23.316936653362806
05/11/2023 10:29:58.379200,1337,True,True,True,True,Eyes,0.9159578,0.1053851,-3.589534,-0.7576063,-0.5596418,-0.3359073,0.0,0.0,0.0,0.0,0.0,0.0,0.0,3.511894,0.01476875,0.6965542,0.7584314,0.09730515,-3.49773,0.1176036,-0.7016776,0.1512101,0.6862605,21.93873,269.2363,2.626053,0.2619734,0.02861786,-0.9646504,-0.1477099,0.001439196,-0.002260451,-0.165904,-1.070901,-4.464705,-0.5796003,-0.4007998,1.915001,-0.03043195,0.04249931,0.998633,-0.3725786,0.9266098,-0.05078798,-0.9275015,-0.3736149,-0.01236423,static,66.08847,59.02705,-16.83913,-11.82108,5.142103102655122,23.346525819030273
05/11/2023 10:29:58.389992,1338,True,True,True,True,Eyes,0.7454506,0.09346117,-3.518802,-0.7946882,-0.5368105,-0.2833817,0.0,0.0,0.0,0.0,0.0,0.0,0.0,3.503176,0.02261411,0.6970468,0.7482252,0.09544773,-3.491372,0.1182191,-0.7005079,0.1502666,0.6875558,21.90634,269.4211,2.533173,0.2604941,0.02859998,-0.9650515,-0.1388473,0.001352844,-0.002124824,-0.1792502,-1.074639,-4.458491,-0.5795996,-0.4007999,1.915001,-0.02658262,0.04100652,0.9988053,-0.3722602,0.9268883,-0.04796138,-0.9277477,-0.3730904,-0.009373997,static,70.37403,62.17048,-16.83912,-11.82108,5.571781011284523,24.282018993810542
05/11/2023 10:29:58.409763,1339,True,True,True,True,Eyes,0.7450477,0.09345989,-3.51855,-0.794753,-0.536771,-0.2832748,0.0,0.0,0.0,0.0,0.0,0.0,0.0,3.493967,0.03081006,0.699904,0.7382553,0.09341996,-3.484949,0.1187217,-0.6991295,0.1492269,0.6890969,21.85626,269.6448,2.449075,0.2530748,0.02824777,-0.9670339,-0.642038,-0.03450019,0.2101969,-0.1959196,-1.073973,-4.452423,-0.5796005,-0.4008,1.915001,-0.02210139,0.03965992,0.9989687,-0.3716672,0.927273,-0.04503636,-0.9281029,-0.3722793,-0.00575364,static,70.38234,62.17766,-16.83914,-11.82108,5.572578365821216,24.284147984294243
05/11/2023 10:29:58.429366,1340,True,True,True,True,Eyes,0.7441915,0.09362256,-3.518049,-0.7948554,-0.536773,-0.2829835,0.0,0.0,0.0,0.0,0.0,0.0,0.0,3.484985,0.03489333,0.7025099,0.7283178,0.0933644,-3.478605,0.1189976,-0.6978859,0.1483608,0.6904955,21.80276,269.8513,2.394516,0.2470134,0.02795778,-0.9686083,-0.6035157,-0.03243018,0.197585,-0.2105422,-1.07417,-4.447996,-0.5796006,-0.4007998,1.915001,-0.0181113,0.03879141,0.9990832,-0.3709785,0.9276572,-0.04274322,-0.9284649,-0.3714125,-0.002410346,static,70.40331,62.20208,-16.83914,-11.82108,5.574382356803568,24.291350470902124
05/11/2023 10:29:58.445394,1341,True,True,True,True,Eyes,0.7429643,0.09383001,-3.5173,-0.7949583,-0.5368589,-0.2825311,0.0,0.0,0.0,0.0,0.0,0.0,0.0,3.476474,0.03246164,0.7013574,0.7166781,0.0974642,-3.472132,0.1188088,-0.6971189,0.1471104,0.6915695,21.68084,269.9889,2.332933,0.2420423,0.02772361,-0.9698692,-0.5673048,-0.03048437,0.1857299,-0.2264473,-1.07635,-4.439685,-0.5796006,-0.4007998,1.915001,-0.01523248,0.03782639,0.9991684,-0.3691219,0.928486,-0.04077778,-0.9292563,-0.369436,-0.0001805579,static,70.4346,62.24365,-16.83914,-11.82108,5.576904661073519,24.3035879788452
05/11/2023 10:29:58.459639,1342,True,True,True,True,Eyes,0.7413433,0.09406611,-3.516314,-0.7952225,-0.536802,-0.2818951,0.0,0.0,0.0,0.0,0.0,0.0,0.0,3.466447,0.02812807,0.7079332,0.7066876,0.09880099,-3.465407,0.1190949,-0.6954435,0.1482253,0.6929675,21.79103,270.2684,2.45556,0.2379461,0.02753701,-0.9708875,-0.5332665,-0.02865531,0.1745861,-0.2433716,-1.075896,-4.432003,-0.5796011,-0.4007998,1.915001,-0.0112248,0.03978299,0.9991453,-0.3710782,0.9276913,-0.04110671,-0.9285339,-0.3712224,0.004349467,static,70.4813,62.29433,-16.83916,-11.82108,5.581044427126348,24.31855241162117
05/11/2023 10:29:58.479635,1343,True,True,True,True,Eyes,0.7393919,0.09457836,-3.515101,-0.7955214,-0.5366371,-0.2813649,0.0,0.0,0.0,0.0,0.0,0.0,0.0,3.456311,0.02489075,0.7141511,0.6957782,0.09977958,-3.458706,0.11705,-0.6942403,0.145543,0.6950878,21.39551,270.5329,2.450439,0.2345484,0.02739082,-0.9717181,-0.5012705,-0.02693599,0.164111,-0.2595944,-1.075884,-4.424418,-0.5795994,-0.4008002,1.915001,-0.006304514,0.03980872,0.9991876,-0.364852,0.930233,-0.03936358,-0.9310442,-0.3648037,0.008659571,static,70.52202,62.33147,-16.8391,-11.82109,5.584886926428619,24.329553101994083
05/11/2023 10:29:58.489441,1344,True,True,True,True,Eyes,0.7370625,0.09506922,-3.513656,-0.7957699,-0.5365657,-0.280798,0.0,0.0,0.0,0.0,0.0,0.0,0.0,3.450763,0.01257218,0.7005017,0.6858259,0.1069155,-3.452077,0.1160652,-0.6951784,0.1442986,0.6945746,21.21437,270.4002,2.402612,0.2316796,0.0272849,-0.972409,-0.4711942,-0.02531983,0.1542643,-0.277956,-1.073516,-4.416711,-0.5796005,-0.4007998,1.915001,-0.008190166,0.03908033,0.9992026,-0.3618243,0.9314135,-0.03939475,-0.9322104,-0.3618584,0.006511765,static,70.56393,62.37583,-16.83913,-11.82108,5.588639124607833,24.342656859758193
05/11/2023 10:29:58.509917,1345,True,True,True,True,Eyes,0.7344381,0.09565041,-3.512001,-0.7961563,-0.5362703,-0.2802666,0.0,0.0,0.0,0.0,0.0,0.0,0.0,3.442392,0.01086479,0.6961219,0.6745002,0.1069037,-3.445052,0.1155709,-0.6946417,0.1433235,0.6953955,21.09109,270.5056,2.381672,0.2290422,0.02720445,-0.9730359,-0.4429226,-0.02380064,0.1450084,-0.2966995,-1.070729,-4.408854,-0.5795997,-0.4007999,1.915001,-0.006137395,0.03877215,0.9992294,-0.3598937,0.9322035,-0.03838188,-0.9329732,-0.3598519,0.008232541,static,70.60668,62.40745,-16.83912,-11.82108,5.5929166253647695,24.35206516472364
05/11/2023 10:29:58.529971,1346,True,True,True,True,Eyes,0.7315136,0.09630001,-3.510132,-0.7964704,-0.5360705,-0.2797561,0.0,0.0,0.0,0.0,0.0,0.0,0.0,3.435066,0.01230969,0.6902211,0.6648468,0.1095949,-3.438343,0.1145623,-0.6946651,0.1401002,0.6961953,20.74203,270.5289,2.200595,0.2266065,0.02714968,-0.9736075,-0.4163472,-0.0223726,0.1363079,-0.3171302,-1.06389,-4.403723,-0.5796003,-0.4008,1.915,-0.004375318,0.0359094,0.9993455,-0.354239,0.9344949,-0.03513004,-0.9351447,-0.3541608,0.008631775,static,70.64645,62.44155,-16.83914,-11.82109,5.596741258886648,24.36217798599519
05/11/2023 10:29:58.545636,1347,True,True,True,True,Eyes,0.7282915,0.09697485,-3.50807,-0.796858,-0.5357739,-0.2792197,0.0,0.0,0.0,0.0,0.0,0.0,0.0,3.428366,0.02175788,0.6793232,0.6547642,0.1117584,-3.43139,0.1157904,-0.6947048,0.1380901,0.6963541,20.67863,270.4872,1.925712,0.2243456,0.02712019,-0.9741318,-0.3913664,-0.02103025,0.1281295,-0.3370917,-1.05408,-4.401562,-0.5796007,-0.4007998,1.915001,-0.003367181,0.03143879,0.9995,-0.3531995,0.9350474,-0.03060132,-0.935542,-0.3531259,0.00795566,static,70.68949,62.47363,-16.83914,-11.82108,5.601039668979709,24.371721410667014
05/11/2023 10:29:58.564770,1348,True,True,True,True,Eyes,0.7248327,0.09762508,-3.505839,-0.7972166,-0.5355893,-0.2785495,0.0,0.0,0.0,0.0,0.0,0.0,0.0,3.419394,0.0407576,0.6799941,0.6445754,0.112857,-3.42463,0.1176151,-0.6933753,0.1353445,0.6979105,20.60104,270.6608,1.580269,0.2222353,0.02711437,-0.9746156,-0.3678844,-0.01976843,0.1204417,-0.3549222,-1.0467,-4.397532,-0.5796005,-0.4007998,1.915001,0.001824913,0.02581392,0.9996651,-0.3520195,0.9356971,-0.02351948,-0.9359909,-0.3518587,0.01079459,static,70.74046,62.52195,-16.83914,-11.82108,5.605788925216989,24.386022978315374
05/11/2023 10:29:58.579413,1349,True,True,True,True,Eyes,0.7211425,0.09824976,-3.50345,-0.7976319,-0.5353618,-0.2777971,0.0,0.0,0.0,0.0,0.0,0.0,0.0,3.409178,0.0696277,0.688839,0.6357045,0.1127031,-3.418336,0.1207162,-0.6910033,0.1327321,0.7002315,20.64002,270.9725,1.166783,0.2202552,0.02712939,-0.9750646,-0.3458113,-0.01858232,0.1132152,-0.3704344,-1.052216,-4.384577,-0.5796006,-0.4007998,1.915001,0.009793134,0.01905574,0.9997705,-0.352717,0.9356196,-0.01437802,-0.9356788,-0.3524953,0.0158839,static,70.79793,62.57538,-16.83914,-11.82108,5.611178578949082,24.40184283519348
05/11/2023 10:29:58.589615,1350,True,True,True,True,Eyes,0.7172196,0.09890404,-3.50091,-0.7980362,-0.5352457,-0.2768581,0.0,0.0,0.0,0.0,0.0,0.0,0.0,3.399572,0.0882801,0.6950066,0.6266783,0.1125654,-3.412113,0.1226222,-0.6890955,0.1307663,0.7021478,20.63533,271.2382,0.8962117,0.2183867,0.02716265,-0.9754838,-0.3250627,-0.01746738,0.1064223,-0.385577,-1.051537,-4.374437,-0.5796006,-0.4007997,1.915001,0.01609525,0.0146377,0.9997634,-0.3526314,0.9357279,-0.008023101,-0.9356239,-0.3524188,0.02022245,static,70.8671,62.64954,-16.83914,-11.82107,5.617340107036173,24.423744673519895
05/11/2023 10:29:58.609881,1351,True,True,True,True,Eyes,0.7130771,0.09956308,-3.498225,-0.7984853,-0.5351357,-0.2757735,0.0,0.0,0.0,0.0,0.0,0.0,0.0,3.390321,0.09310323,0.7011495,0.6173396,0.1139308,-3.405945,0.1227124,-0.6875492,0.129194,0.7039366,20.51288,271.495,0.8043004,0.2166135,0.02721334,-0.9758777,-0.3055589,-0.01641934,0.1000369,-0.395648,-1.054701,-4.365905,-0.5795999,-0.4008,1.915001,0.02117017,0.0131472,0.9996895,-0.3506303,0.9365012,-0.004890995,-0.9362747,-0.3504179,0.02443571,static,70.94659,62.73642,-16.83912,-11.82108,5.624366247945299,24.449394996631213
05/11/2023 10:29:58.629629,1352,True,True,True,True,Eyes,0.7087249,0.1001752,-3.495402,-0.7989237,-0.5351774,-0.2744195,0.0,0.0,0.0,0.0,0.0,0.0,0.0,3.380947,0.08799394,0.709038,0.6080779,0.1147722,-3.399757,0.1221217,-0.6858951,0.1293595,0.7056207,20.47491,271.7903,0.9194033,0.2149209,0.02728003,-0.97625,-0.2872254,-0.01543418,0.09403473,-0.4123169,-1.054246,-4.354666,-0.5796006,-0.4007998,1.915001,0.02562821,0.01503221,0.9995586,-0.3500828,0.9367048,-0.005110946,-0.9363682,-0.3497973,0.02926858,static,71.04309,62.85291,-16.83914,-11.82107,5.632532020092894,24.483734179166596
05/11/2023 10:29:58.645388,1353,True,True,True,True,Eyes,0.7041818,0.1007627,-3.492452,-0.7994138,-0.535215,-0.2729151,0.0,0.0,0.0,0.0,0.0,0.0,0.0,3.371026,0.0804897,0.7197347,0.5988475,0.1144032,-3.393612,0.1205926,-0.6840678,0.1291822,0.707687,20.32973,272.1401,1.090988,0.2132958,0.02736,-0.9766041,-0.2699918,-0.01450813,0.08839265,-0.4286873,-1.050444,-4.345725,-0.5796009,-0.4007998,1.915002,0.03072652,0.01785412,0.9993685,-0.3478281,0.9375388,-0.006055159,-0.9370549,-0.3474224,0.03501742,static,71.15041,62.98221,-16.83914,-11.82107,5.641621675440496,24.52185062001144
05/11/2023 10:29:58.659905,1354,True,True,True,True,Eyes,0.6994631,0.1013497,-3.489408,-0.7998424,-0.5354213,-0.2712494,0.0,0.0,0.0,0.0,0.0,0.0,0.0,3.36123,0.07838012,0.7298791,0.589906,0.114456,-3.387571,0.1201732,-0.6821128,0.1291665,0.7096456,20.29006,272.4785,1.184027,0.2117262,0.02745141,-0.9769431,-0.2537923,-0.01363764,0.08308908,-0.4462501,-1.044917,-4.338046,-0.5796005,-0.4007998,1.915001,0.03607664,0.01938149,0.9991612,-0.3472682,0.9377488,-0.005651396,-0.9370718,-0.346773,0.0405614,static,71.26674,63.1328,-16.83913,-11.82108,5.651129846091101,24.56619749163767
05/11/2023 10:29:58.669609,1355,True,True,True,True,Eyes,0.6945774,0.1019519,-3.486318,-0.8002564,-0.5356179,-0.2696351,0.0,0.0,0.0,0.0,0.0,0.0,0.0,3.352795,0.08612786,0.7360976,0.581126,0.1150102,-3.382241,0.1212559,-0.6803314,0.1285534,0.7112808,20.32909,272.744,1.092971,0.2102022,0.02755326,-0.9772692,-0.2385648,-0.01281938,0.07810374,-0.4643932,-1.040793,-4.329223,-0.5796,-0.4007999,1.915001,0.04124654,0.01788666,0.998989,-0.3478634,0.937542,-0.002423756,-0.9366375,-0.3474118,0.0448925,static,71.37949,63.27889,-16.83912,-11.82108,5.660340970967435,24.60921862240741
05/11/2023 10:29:58.690011,1356,True,True,True,True,Eyes,0.6895881,0.1025537,-3.483192,-0.8005806,-0.5357131,-0.2684814,0.0,0.0,0.0,0.0,0.0,0.0,0.0,3.347749,0.09491292,0.7320058,0.5723172,0.1158723,-3.37806,0.1227422,-0.6796108,0.1277017,0.7118679,20.38504,272.8206,0.9156469,0.2087156,0.02766499,-0.9775847,-0.2242509,-0.01205022,0.07341751,-0.4846238,-1.027961,-4.326683,-0.5795999,-0.4007998,1.915001,0.0436428,0.01497958,0.998935,-0.3486472,0.9372533,0.001177558,-0.9362375,-0.3483273,0.04612693,static,71.46069,63.38151,-16.83912,-11.82108,5.667060172398757,24.639449086718006
05/11/2023 10:29:58.709558,1357,True,True,True,True,Eyes,0.6844672,0.1031426,-3.47998,-0.8007228,-0.5359296,-0.2676238,0.0,0.0,0.0,0.0,0.0,0.0,0.0,3.348808,0.0798558,0.7042813,0.5645974,0.1165147,-3.374101,0.1224702,-0.6818933,0.1293615,0.709428,20.49888,272.4503,1.010692,0.2072589,0.02778574,-0.9778911,-0.2107959,-0.01132721,0.06901246,-0.4984085,-1.021998,-4.325297,-0.5796006,-0.4007999,1.915001,0.03657415,0.01652208,0.9991943,-0.3505686,0.9365333,-0.002653862,-0.9358226,-0.3501891,0.04004504,static,71.51894,63.46412,-16.83914,-11.82108,5.671583263098815,24.663747353275497
05/11/2023 10:29:58.729547,1358,True,True,True,True,Eyes,0.6792005,0.1037725,-3.476677,-0.8010394,-0.5357071,-0.2671213,0.0,0.0,0.0,0.0,0.0,0.0,0.0,3.350287,0.05039608,0.667182,0.5559503,0.1169369,-3.368877,0.1210174,-0.6852915,0.1325281,0.7058094,20.63854,271.9266,1.298991,0.2058256,0.02791439,-0.9781902,-0.1981481,-0.01064757,0.06487171,-0.5163446,-1.020446,-4.315196,-0.5795999,-0.4007999,1.915001,0.02562392,0.02121484,0.9994466,-0.3529436,0.9355822,-0.01081039,-0.9352938,-0.3524712,0.03146092,static,71.55809,63.49763,-16.83912,-11.82108,5.675350200380733,24.673685561045737
05/11/2023 10:29:58.745546,1359,True,True,True,True,Eyes,0.6738194,0.1044096,-3.473312,-0.8013206,-0.5355024,-0.266688,0.0,0.0,0.0,0.0,0.0,0.0,0.0,3.347545,0.03946449,0.6465423,0.5470105,0.1185678,-3.363384,0.1211376,-0.6866343,0.1337092,0.7042591,20.74707,271.6985,1.346653,0.2044103,0.02805139,-0.978483,-0.1862592,-0.01000872,0.06097941,-0.52954,-1.021379,-4.305521,-0.5796006,-0.4007999,1.915001,0.02131045,0.02197738,0.9995314,-0.3546863,0.9348951,-0.01299408,-0.9347426,-0.3542431,0.02771812,static,71.59202,63.52603,-16.83914,-11.82108,5.67863608123223,24.68211222829192
05/11/2023 10:29:58.759783,1360,True,True,True,True,Eyes,0.6683428,0.1050368,-3.469905,-0.801908,-0.5347854,-0.2663607,0.0,0.0,0.0,0.0,0.0,0.0,0.0,3.342677,0.05503289,0.6385043,0.5389466,0.1191957,-3.358502,0.1236756,-0.686228,0.1325375,0.7044354,20.86363,271.692,1.04175,0.2030082,0.02819621,-0.9787707,-0.1750837,-0.009408196,0.05732065,-0.5389194,-1.028619,-4.293686,-0.5796003,-0.4008,1.915001,0.02304997,0.01698885,0.99959,-0.3564675,0.9342763,-0.007658856,-0.9340233,-0.3561448,0.02759104,static,71.62565,63.52347,-16.83913,-11.82108,5.6829070620264925,24.68154607868665
05/11/2023 10:29:58.779334,1361,True,True,True,True,Eyes,0.662776,0.1056578,-3.466443,-0.8024036,-0.5341642,-0.2661148,0.0,0.0,0.0,0.0,0.0,0.0,0.0,3.339208,0.06462289,0.6260388,0.5311511,0.11938,-3.354107,0.125561,-0.68643,0.1318372,0.7040364,20.96472,271.6014,0.8135507,0.2016142,0.028348,-0.9790545,-0.1645786,-0.008843704,0.05388141,-0.5500664,-1.032836,-4.281508,-0.5796002,-0.4007999,1.915001,0.02286536,0.01325871,0.9996507,-0.358014,0.9337068,-0.004195073,-0.9334362,-0.357793,0.02609631,static,71.65205,63.51801,-16.83913,-11.82108,5.686373786481561,24.68009960718273
05/11/2023 10:29:58.794691,1362,True,True,True,True,Eyes,0.657101,0.1062751,-3.462909,-0.8030645,-0.5333718,-0.2657099,0.0,0.0,0.0,0.0,0.0,0.0,0.0,3.335826,0.06135731,0.6122882,0.5233542,0.1198306,-3.349349,0.1263148,-0.6869839,0.1326235,0.703213,21.09239,271.486,0.7966749,0.2002257,0.02850591,-0.9793348,-0.1547039,-0.008313082,0.05064852,-0.5728226,-1.043256,-4.253716,-0.5796002,-0.4007999,1.915001,0.02092822,0.01297263,0.9996969,-0.3600776,0.9329112,-0.004567903,-0.9326876,-0.3598729,0.02419527,static,71.69218,63.51889,-16.83913,-11.82108,5.691340316062402,24.68056675447334
05/11/2023 10:29:58.811424,1363,True,True,True,True,Eyes,0.6513343,0.1068851,-3.459311,-0.8037113,-0.5326375,-0.265227,0.0,0.0,0.0,0.0,0.0,0.0,0.0,3.330719,0.05766292,0.6046519,0.5150923,0.1203374,-3.344071,0.1266949,-0.6869009,0.1332312,0.7031109,21.17356,271.489,0.8171637,0.1988395,0.02866933,-0.9796124,-0.1454217,-0.007814297,0.04760961,-0.5708743,-1.044872,-4.253813,-0.5796002,-0.4007997,1.915001,0.02083316,0.0132989,0.9996945,-0.3614062,0.9323957,-0.004872069,-0.9321758,-0.3611943,0.02423103,static,71.73697,63.52898,-16.83913,-11.82107,5.696582788983005,24.683733189471088
05/11/2023 10:29:58.839618,1364,True,True,True,True,Eyes,0.6454737,0.107488,-3.455646,-0.8045832,-0.5317318,-0.2643997,0.0,0.0,0.0,0.0,0.0,0.0,0.0,3.323983,0.06030973,0.6065469,0.5072343,0.1207527,-3.338941,0.1274075,-0.6857542,0.1332024,0.7041063,21.22953,271.6609,0.7890703,0.1974526,0.02883764,-0.979888,-0.1366964,-0.007345439,0.04475303,-0.5824645,-1.047977,-4.24204,-0.5796005,-0.4007998,1.915001,0.02399671,0.01283688,0.9996297,-0.3623178,0.9320489,-0.003271363,-0.9317458,-0.3621051,0.0270171,static,71.8086,63.56148,-16.83913,-11.82108,5.704426360746949,24.693549326931123
05/11/2023 10:29:58.849863,1365,True,True,True,True,Eyes,0.6395272,0.1080578,-3.451921,-0.8056557,-0.5307252,-0.2631535,0.0,0.0,0.0,0.0,0.0,0.0,0.0,3.316307,0.06080725,0.6128063,0.499267,0.1211781,-3.333642,0.1274424,-0.6842464,0.1329529,0.7056125,21.21048,271.9136,0.8126701,0.1960621,0.0290103,-0.980162,-0.1284946,-0.006904713,0.04206785,-0.5971792,-1.046535,-4.23104,-0.5796002,-0.4007998,1.915001,0.0282609,0.0132225,0.9995131,-0.3620305,0.9321639,-0.002095231,-0.9317378,-0.361795,0.03113072,static,71.91126,63.62605,-16.83913,-11.82108,5.715073605520387,24.712842663077232
05/11/2023 10:29:58.861483,1366,True,True,True,True,Eyes,0.6334988,0.1086002,-3.44813,-0.8067195,-0.5297634,-0.2618287,0.0,0.0,0.0,0.0,0.0,0.0,0.0,3.307579,0.06166228,0.6250691,0.491477,0.120963,-3.328424,0.1270056,-0.6821539,0.1323995,0.7078179,21.12644,272.2777,0.8694766,0.1946657,0.02918607,-0.980435,-0.1207849,-0.00649043,0.03954378,-0.6114092,-1.043746,-4.223406,-0.5795996,-0.4007999,1.915001,0.03427293,0.01415474,0.9993124,-0.3607042,0.9326799,-0.0008399919,-0.9320504,-0.3604274,0.03707138,static,72.01865,63.69971,-16.83911,-11.82108,5.72600947056512,24.734800806251783
05/11/2023 10:29:58.879621,1367,True,True,True,True,Eyes,0.6273943,0.1090897,-3.444274,-0.8077979,-0.5288391,-0.2603684,0.0,0.0,0.0,0.0,0.0,0.0,0.0,3.300271,0.06096602,0.628968,0.4836022,0.1208701,-3.323044,0.1269771,-0.6808857,0.1323852,0.7090456,21.1213,272.491,0.9103396,0.1932623,0.02936393,-0.9807073,-0.1135378,-0.006101004,0.03717116,-0.6257015,-1.042092,-4.21427,-0.5796005,-0.4007999,1.915001,0.0377376,0.0148204,0.9991778,-0.3606481,0.9327019,-0.0002131897,-0.9319382,-0.3603435,0.0405429,static,72.1349,63.78715,-16.83914,-11.82108,5.737593193821162,24.760807575914253
05/11/2023 10:29:58.894520,1368,True,True,True,True,Eyes,0.4730299,0.1197519,-3.346318,-0.8378886,-0.5025625,-0.213011,0.0,0.0,0.0,0.0,0.0,0.0,0.0,3.291886,0.06129428,0.6380167,0.4758418,0.1201292,-3.317601,0.1267873,-0.6790534,0.132298,0.7108508,21.0958,272.8029,0.976346,0.1918499,0.0295423,-0.9809793,-0.1067256,-0.005734944,0.03494089,-0.639942,-1.040258,-4.206079,-0.5796011,-0.4007998,1.915001,0.04276751,0.01589761,0.9989586,-0.3602789,0.9328445,0.0005788564,-0.9318638,-0.3599284,0.04562299,static,75.73623,67.03035,-16.83915,-11.82108,6.0787997126903255,25.721667860203784
05/11/2023 10:29:58.909843,1369,True,True,True,True,Eyes,0.4727036,0.1197213,-3.346102,-0.8379433,-0.5025594,-0.212803,0.0,0.0,0.0,0.0,0.0,0.0,0.0,3.282839,0.06604642,0.650001,0.4682255,0.1190239,-3.312173,0.1270762,-0.6767868,0.1320042,0.7130122,21.09351,273.1718,0.9970041,0.1849758,0.03027356,-0.9822764,-0.5634151,0.02659581,0.3267123,-0.6533437,-1.039655,-4.197402,-0.5796006,-0.4007998,1.915002,0.0490691,0.01623422,0.9986635,-0.3602482,0.932853,0.002536363,-0.9315652,-0.3598912,0.05162258,static,75.75048,67.05033,-16.83913,-11.82107,6.079913792866256,25.72754547541082
05/11/2023 10:29:58.929675,1370,True,True,True,True,Eyes,0.4720684,0.1196705,-3.34568,-0.8380663,-0.5025834,-0.2122613,0.0,0.0,0.0,0.0,0.0,0.0,0.0,3.273764,0.07417101,0.6615329,0.460322,0.1181254,-3.306782,0.1277813,-0.6744537,0.1313492,0.7152143,21.09774,273.5377,0.9531939,0.179325,0.03088436,-0.9833048,-0.5296102,0.02500007,0.3071095,-0.6659046,-1.040471,-4.188464,-0.5796005,-0.4007999,1.915001,0.05571902,0.01552048,0.9983259,-0.3602508,0.9328386,0.005604115,-0.93119,-0.35996,0.05756814,static,75.78728,67.1037,-16.83914,-11.82108,6.082732318862232,25.743238926362746
05/11/2023 10:29:58.945578,1371,True,True,True,True,Eyes,0.4711305,0.1195822,-3.345061,-0.8382065,-0.5026374,-0.2115785,0.0,0.0,0.0,0.0,0.0,0.0,0.0,3.265198,0.08103588,0.670562,0.452494,0.1175251,-3.301389,0.1287627,-0.6723482,0.1312127,0.7170436,21.16765,273.8575,0.9231143,0.1746602,0.0313959,-0.9841279,-0.4978335,0.02350006,0.2886829,-0.677879,-1.040857,-4.180525,-0.5796005,-0.4007999,1.915001,0.06146239,0.01502371,0.9979964,-0.3613171,0.9324068,0.00821572,-0.9304153,-0.3610981,0.06273623,static,75.83344,67.172,-16.83914,-11.82108,6.086222967238352,25.763317616772593
05/11/2023 10:29:58.959539,1372,True,True,True,True,Eyes,0.4698895,0.1194762,-3.344247,-0.8383875,-0.5027201,-0.2106633,0.0,0.0,0.0,0.0,0.0,0.0,0.0,3.256871,0.0898249,0.6777642,0.4444576,0.1166001,-3.295983,0.1299704,-0.6703566,0.1308847,0.7187482,21.24218,274.1505,0.8540815,0.1707885,0.03182485,-0.9847933,-0.4679635,0.02209006,0.2713619,-0.6893669,-1.04427,-4.168936,-0.5796,-0.4008,1.915001,0.0669824,0.01389324,0.9976575,-0.3623992,0.9319538,0.01135312,-0.9296129,-0.3623108,0.06745941,static,75.89519,67.26403,-16.83912,-11.82108,6.090870663246182,25.79037004208265
05/11/2023 10:29:58.979702,1373,True,True,True,True,Eyes,0.468358,0.1193552,-3.343264,-0.8385887,-0.5028247,-0.2096099,0.0,0.0,0.0,0.0,0.0,0.0,0.0,3.247674,0.103473,0.6877506,0.4362182,0.1159488,-3.290495,0.1317124,-0.6679139,0.1301162,0.7208416,21.32763,274.5,0.7160562,0.1675528,0.03218522,-0.9853373,-0.4398857,0.02076465,0.2550802,-0.6992038,-1.049068,-4.158059,-0.579601,-0.4007999,1.915001,0.07392161,0.01164137,0.9971962,-0.3635315,0.9314432,0.01607467,-0.9286445,-0.3637004,0.07308581,static,75.96616,67.37047,-16.83915,-11.82108,6.0961902265625545,25.821655953133934
05/11/2023 10:29:58.999258,1374,True,True,True,True,Eyes,0.4665755,0.1191509,-3.342119,-0.8387606,-0.50302,-0.2084505,0.0,0.0,0.0,0.0,0.0,0.0,0.0,3.239014,0.117299,0.6967041,0.4279449,0.1153734,-3.28541,0.1334929,-0.6655654,0.1292747,0.722835,21.41179,274.831,0.5657224,0.1646686,0.03250126,-0.9858131,-0.4134926,0.01951877,0.2397754,-0.7080615,-1.054447,-4.147721,-0.5796009,-0.4007998,1.915001,0.08062154,0.009192077,0.9967024,-0.3645851,0.9309354,0.02090513,-0.9276733,-0.3650682,0.07840477,static,76.04348,67.49098,-16.83914,-11.82107,6.101835613051338,25.857061477108736
05/11/2023 10:29:59.009854,1375,True,True,True,True,Eyes,0.4645435,0.118925,-3.340827,-0.8389619,-0.5031956,-0.2072129,0.0,0.0,0.0,0.0,0.0,0.0,0.0,3.231179,0.1294736,0.7022328,0.4203565,0.1130578,-3.280385,0.1352288,-0.6635997,0.1291036,0.7243485,21.54623,275.1009,0.4654887,0.1620246,0.03278092,-0.9862418,-0.388683,0.01834765,0.2253889,-0.7200526,-1.056129,-4.138028,-0.5796002,-0.4007999,1.915001,0.08593511,0.007556485,0.9962723,-0.3665076,0.9300908,0.02455924,-0.926438,-0.3672519,0.08269693,static,76.12634,67.61844,-16.83913,-11.82108,6.107941125741523,25.894514591594987
05/11/2023 10:29:59.019334,1376,True,True,True,True,Eyes,0.4622759,0.1186672,-3.339392,-0.8385106,-0.5035936,-0.2080711,0.0,0.0,0.0,0.0,0.0,0.0,0.0,3.223854,0.1395108,0.7066593,0.4125053,0.1122392,-3.275561,0.1363195,-0.6619304,0.1280959,0.7258489,21.56004,275.3385,0.3381238,0.1595906,0.03302737,-0.9866304,-0.365362,0.01724679,0.2118655,-0.7312111,-1.055066,-4.130321,-0.5796006,-0.4007998,1.915001,0.09087904,0.005488423,0.995847,-0.3664247,0.9300169,0.02831364,-0.925999,-0.3674759,0.0865301,static,76.06391,67.55093,-16.83914,-11.82108,6.102399013521393,25.874579546320227
05/11/2023 10:29:59.045721,1377,True,True,True,True,Eyes,0.459751,0.118368,-3.33781,-0.8380957,-0.5040135,-0.2087247,0.0,0.0,0.0,0.0,0.0,0.0,0.0,3.217192,0.1463018,0.7072809,0.4046749,0.1112105,-3.27045,0.1375668,-0.6606458,0.1280151,0.7267976,21.66085,275.5104,0.2660934,0.1573392,0.03324321,-0.9869847,-0.3434403,0.01621198,0.1991536,-0.746487,-1.050167,-4.123887,-0.5795998,-0.4007999,1.915001,0.09431838,0.00431622,0.9955328,-0.3678481,0.929375,0.03082118,-0.9250903,-0.3691118,0.08924489,static,76.01519,67.50432,-16.83912,-11.82108,6.0978733767180975,25.860786450547785
05/11/2023 10:29:59.059561,1378,True,True,True,True,Eyes,0.4569991,0.1180524,-3.3361,-0.8377326,-0.5044803,-0.2090544,0.0,0.0,0.0,0.0,0.0,0.0,0.0,3.208569,0.1587945,0.7149856,0.3961996,0.1098437,-3.265317,0.1392959,-0.6583328,0.1275427,0.7286479,21.77276,275.8336,0.1518552,0.1552453,0.03343051,-0.9873099,-0.3228339,0.01523926,0.1872044,-0.7620594,-1.043025,-4.118106,-0.5796008,-0.4007998,1.915001,0.1006619,0.002461307,0.9949176,-0.3692735,0.9286591,0.03506425,-0.923853,-0.3709263,0.09438951,static,75.98814,67.4911,-16.83914,-11.82108,6.094942638753067,25.856804550785068
05/11/2023 10:29:59.079692,1379,True,True,True,True,Eyes,0.4540326,0.1177249,-3.334276,-0.8374327,-0.5049289,-0.2091724,0.0,0.0,0.0,0.0,0.0,0.0,0.0,3.199553,0.1709267,0.7263553,0.3883063,0.109083,-3.260562,0.1407402,-0.655727,0.1268035,0.7308457,21.83998,276.2112,0.04772976,0.1532871,0.03359178,-0.9876103,-0.3034638,0.01432491,0.1759721,-0.7771016,-1.03679,-4.113795,-0.5796003,-0.4007998,1.915001,0.1078862,0.0007732044,0.994163,-0.3699218,0.9282262,0.03942185,-0.9227776,-0.3720157,0.1004288,static,75.97572,67.49767,-16.83913,-11.82108,6.093179560040328,25.858647090982863
05/11/2023 10:29:59.095257,1380,True,True,True,True,Eyes,0.4508552,0.1173956,-3.33233,-0.8372275,-0.5053552,-0.2089649,0.0,0.0,0.0,0.0,0.0,0.0,0.0,3.191746,0.1725736,0.735677,0.3803726,0.1085025,-3.256038,0.1407696,-0.6536644,0.1266152,0.7327179,21.82769,276.5451,0.09346475,0.151445,0.03372947,-0.9878898,-0.285256,0.01346541,0.1654138,-0.7932069,-1.029652,-4.108676,-0.5796002,-0.4007998,1.915001,0.113383,0.001514341,0.9935503,-0.3695785,0.928305,0.04076104,-0.9222559,-0.3718165,0.1058136,static,75.98579,67.53486,-16.83913,-11.82108,6.093204936525163,25.869500702217813
05/11/2023 10:29:59.109729,1381,True,True,True,True,Eyes,0.4474575,0.1170496,-3.330254,-0.8371165,-0.5057076,-0.2085561,0.0,0.0,0.0,0.0,0.0,0.0,0.0,3.184841,0.1649409,0.7414904,0.3722421,0.1082114,-3.251146,0.1394874,-0.6522844,0.1267087,0.7341754,21.72281,276.8088,0.2517596,0.149702,0.03384598,-0.9881514,-0.2681407,0.01265749,0.155489,-0.8086116,-1.023087,-4.103912,-0.5796003,-0.4007998,1.915001,0.1169401,0.004082006,0.9931307,-0.3680238,0.9289764,0.03951615,-0.9224336,-0.3701167,0.1101369,static,76.01035,67.58853,-16.83913,-11.82108,6.094489856175126,25.88521674304301
05/11/2023 10:29:59.119645,1382,True,True,True,True,Eyes,0.4438719,0.1166792,-3.328053,-0.837221,-0.5059056,-0.2076545,0.0,0.0,0.0,0.0,0.0,0.0,0.0,3.176615,0.1614556,0.7501175,0.3637343,0.1075314,-3.245884,0.1383725,-0.6504576,0.1261827,0.7360951,21.58393,277.1361,0.3545459,0.1480422,0.03394313,-0.9883981,-0.2520522,0.01189804,0.1461596,-0.8223944,-1.019695,-4.09712,-0.5795999,-0.4007999,1.915001,0.1219657,0.005754029,0.9925178,-0.3657759,0.929862,0.03955768,-0.9226768,-0.3678637,0.115516,static,76.07013,67.68377,-16.83912,-11.82108,6.098786306956835,25.91319101244669
05/11/2023 10:29:59.145602,1383,True,True,True,True,Eyes,0.4400953,0.1162787,-3.325745,-0.837437,-0.506009,-0.206529,0.0,0.0,0.0,0.0,0.0,0.0,0.0,3.166729,0.1635053,0.7648199,0.355848,0.1065823,-3.240659,0.1374576,-0.6479,0.1248931,0.7387373,21.40307,277.5706,0.3944018,0.1464518,0.03402228,-0.9886323,-0.2369291,0.01118416,0.1373901,-0.8367907,-1.016916,-4.088657,-0.5796002,-0.4007998,1.915001,0.1292546,0.006408849,0.9915908,-0.362644,0.9310142,0.04125359,-0.9229207,-0.3649266,0.1226619,static,76.14616,67.79704,-16.83913,-11.82108,6.104510206542531,25.946487133496245
05/11/2023 10:29:59.159534,1384,True,True,True,True,Eyes,0.4361525,0.1158445,-3.323335,-0.8378337,-0.5059865,-0.2049692,0.0,0.0,0.0,0.0,0.0,0.0,0.0,3.157052,0.1683989,0.7790947,0.3477463,0.1054732,-3.23578,0.1369545,-0.6452569,0.1234509,0.7413818,21.24681,278.0038,0.3877117,0.1449186,0.03408445,-0.9888561,-0.2227133,0.01051311,0.1291467,-0.850767,-1.014185,-4.07986,-0.5795999,-0.4008,1.915001,0.136807,0.006306885,0.9905778,-0.3597901,0.9320067,0.04375604,-0.9229491,-0.3623862,0.1297742,static,76.25306,67.94771,-16.83912,-11.82108,6.112841839717199,25.99080751930803
05/11/2023 10:29:59.179445,1385,True,True,True,True,Eyes,0.4320401,0.1154176,-3.320827,-0.8383203,-0.5058739,-0.2032507,0.0,0.0,0.0,0.0,0.0,0.0,0.0,3.147721,0.1724061,0.7921236,0.3400381,0.1042307,-3.23092,0.1363289,-0.6428097,0.1220511,0.7438506,21.08349,278.4072,0.3873838,0.143433,0.03413044,-0.9890711,-0.2093505,0.00988232,0.1213979,-0.8638034,-1.014285,-4.069008,-0.5796006,-0.4007995,1.915001,0.1437986,0.006308434,0.9895869,-0.3568426,0.9330359,0.0459055,-0.9230305,-0.3597279,0.1364204,static,76.37162,68.11066,-16.83914,-11.82107,6.122219426769958,26.038755672544657
05/11/2023 10:29:59.189662,1386,True,True,True,True,Eyes,0.4277392,0.1150612,-3.318207,-0.83895,-0.5056568,-0.2011819,0.0,0.0,0.0,0.0,0.0,0.0,0.0,3.138898,0.1747272,0.8031166,0.3320737,0.1039969,-3.226006,0.1356701,-0.6406146,0.1206626,0.7460878,20.91853,278.7696,0.3818583,0.141985,0.0341622,-0.9892789,-0.1967895,0.00928938,0.114114,-0.8772884,-1.014133,-4.056919,-0.5795998,-0.4007999,1.915001,0.1501068,0.006225385,0.9886503,-0.3538743,0.9340683,0.04784711,-0.9231691,-0.3570401,0.142413,static,76.51499,68.30424,-16.83912,-11.82108,6.133673944452265,26.0957300329932
05/11/2023 10:29:59.209450,1387,True,True,True,True,Eyes,0.4232617,0.1148389,-3.315477,-0.8396208,-0.5054431,-0.1989078,0.0,0.0,0.0,0.0,0.0,0.0,0.0,3.128905,0.1738427,0.8176603,0.3234922,0.1053644,-3.220728,0.1345429,-0.638057,0.1191583,0.7487208,20.70337,279.2004,0.4128723,0.140565,0.03418338,-0.9894809,-0.1849821,0.008732017,0.1072672,-0.8905077,-1.012179,-4.045158,-0.5796005,-0.4007998,1.915001,0.1573691,0.006740559,0.9875168,-0.3501247,0.935399,0.04941052,-0.9233893,-0.3535298,0.1495629,static,76.67223,68.5188,-16.83914,-11.82108,6.146162213206407,26.15887041969795
05/11/2023 10:29:59.229770,1388,True,True,True,True,Eyes,0.4186192,0.1146451,-3.312639,-0.8403246,-0.5052746,-0.1963469,0.0,0.0,0.0,0.0,0.0,0.0,0.0,3.118759,0.1676925,0.8334699,0.3150206,0.1084505,-3.215346,0.1337785,-0.6353215,0.1192028,0.7511728,20.63699,279.6542,0.5570983,0.1391662,0.03419915,-0.9896781,-0.1738832,0.008208096,0.1008311,-0.9060757,-1.004067,-4.035252,-0.5796004,-0.4007996,1.915001,0.1643145,0.009099114,0.986366,-0.3490686,0.935788,0.04951734,-0.9225789,-0.3524459,0.1569397,static,76.84845,68.76415,-16.83913,-11.82107,6.159996379879731,26.231052741700594
05/11/2023 10:29:59.245866,1389,True,True,True,True,Eyes,0.413811,0.1145594,-3.309696,-0.8411056,-0.5050688,-0.1935122,0.0,0.0,0.0,0.0,0.0,0.0,0.0,3.108114,0.167408,0.8491542,0.306664,0.1089862,-3.209913,0.1336618,-0.63234,0.119305,0.7536889,20.63182,280.1275,0.6611112,0.1377806,0.03421105,-0.9898716,-0.1634502,0.00771561,0.09478126,-0.9162213,-1.006967,-4.019707,-0.5795999,-0.4007999,1.915001,0.1718249,0.01079829,0.9850683,-0.3488771,0.9358017,0.05059621,-0.9212822,-0.3523615,0.1645613,static,77.04349,69.03615,-16.83912,-11.82108,6.1752932492031976,26.311073839088266
05/11/2023 10:29:59.259972,1390,True,True,True,True,Eyes,0.4088704,0.1145562,-3.306654,-0.8418788,-0.5049406,-0.1904602,0.0,0.0,0.0,0.0,0.0,0.0,0.0,3.095358,0.1657564,0.8723032,0.2982199,0.1115697,-3.20441,0.1328679,-0.6286151,0.1185907,0.7570505,20.50391,280.7295,0.7654415,0.1364032,0.0342228,-0.9900619,-0.1536432,0.007252674,0.08909438,-0.9372855,-0.9947303,-4.005476,-0.5796006,-0.4007998,1.915001,0.1815587,0.01251275,0.9833006,-0.3466039,0.9365647,0.05207962,-0.9202729,-0.3502713,0.1743784,static,77.25243,69.33386,-16.83914,-11.82108,6.191471397202583,26.398634781826587
05/11/2023 10:29:59.279501,1391,True,True,True,True,Eyes,0.403796,0.1145969,-3.303507,-0.8427095,-0.5047708,-0.1872088,0.0,0.0,0.0,0.0,0.0,0.0,0.0,3.084593,0.1574683,0.8897035,0.2902982,0.1138134,-3.199039,0.131913,-0.6256655,0.1192811,0.7595484,20.46583,281.2193,0.9866645,0.1350285,0.03423702,-0.9902498,-0.1444246,0.006817513,0.08374871,-0.9495918,-0.9820049,-4.002955,-0.5796002,-0.4007998,1.915001,0.1886294,0.01613279,0.9819158,-0.3462664,0.9367419,0.05112835,-0.9189768,-0.3496487,0.1822833,static,77.47507,69.65125,-16.83913,-11.82108,6.208705065931972,26.49198331556612
05/11/2023 10:29:59.289864,1392,True,True,True,True,Eyes,0.3986185,0.1146702,-3.300261,-0.8435046,-0.5046713,-0.1838661,0.0,0.0,0.0,0.0,0.0,0.0,0.0,3.073541,0.1481034,0.9064951,0.2822568,0.1150489,-3.193339,0.1301237,-0.6228728,0.1192729,0.762149,20.29972,281.7001,1.203951,0.1336528,0.03425489,-0.9904358,-0.1357591,0.006408462,0.07872379,-0.9643417,-0.9783123,-3.993057,-0.5796002,-0.4007998,1.915001,0.1956068,0.01970636,0.9804844,-0.3439085,0.9376836,0.04976368,-0.9184035,-0.346931,0.1901945,static,77.70309,69.98189,-16.83913,-11.82108,6.2261708874584025,26.58920820802728
05/11/2023 10:29:59.309571,1393,True,True,True,True,Eyes,0.393346,0.1147365,-3.296912,-0.8442699,-0.5046478,-0.1803858,0.0,0.0,0.0,0.0,0.0,0.0,0.0,3.063068,0.1381997,0.9214017,0.2748598,0.1159132,-3.187708,0.1291034,-0.6201976,0.1206093,0.764291,20.30078,282.1485,1.479897,0.132273,0.03427715,-0.9906203,-0.1276136,0.006023955,0.07400036,-0.9814412,-0.963982,-3.986954,-0.5796002,-0.4007999,1.915001,0.2016167,0.02422198,0.979165,-0.3445005,0.9375714,0.04774193,-0.9168807,-0.3469484,0.1973745,static,77.93958,70.33063,-16.83913,-11.82108,6.244093351150971,26.69173426167757
05/11/2023 10:29:59.329698,1394,True,True,True,True,Eyes,0.3880039,0.1148144,-3.293462,-0.8449709,-0.5047086,-0.1768991,0.0,0.0,0.0,0.0,0.0,0.0,0.0,3.052711,0.1325449,0.9343095,0.267516,0.1159244,-3.181909,0.1286927,-0.6175968,0.1218345,0.7662694,20.34766,282.5683,1.696369,0.1308866,0.03430329,-0.9908035,-0.1199568,0.005662517,0.06956033,-0.9932857,-0.9574669,-3.983201,-0.5796005,-0.4007998,1.915001,0.207461,0.02775568,0.9778495,-0.3456764,0.9371891,0.04673735,-0.9151326,-0.3477156,0.2040247,static,78.17561,70.68456,-16.83913,-11.82108,6.261787153322628,26.795765141636153
05/11/2023 10:29:59.346703,1395,True,True,True,True,Eyes,0.2531939,0.1168241,-3.204667,-0.8592395,-0.5042627,-0.08617773,0.0,0.0,0.0,0.0,0.0,0.0,0.0,3.04112,0.131318,0.9501779,0.2607455,0.1163581,-3.175998,0.1286905,-0.6145889,0.1225165,0.768576,20.39018,283.0366,1.842831,0.1294925,0.03433337,-0.9909856,-0.1127594,0.005322766,0.06538671,-1.007817,-0.9509417,-3.973938,-0.5795999,-0.4007998,1.915001,0.2145407,0.03014294,0.9762498,-0.3465098,0.936857,0.04722232,-0.913183,-0.3484112,0.2114388,static,84.27265,80.30193,-16.83912,-11.82108,6.7031674318529495,29.62093572014342
05/11/2023 10:29:59.361860,1396,True,True,True,True,Eyes,0.2529243,0.1167912,-3.204421,-0.859305,-0.5041738,-0.08604498,0.0,0.0,0.0,0.0,0.0,0.0,0.0,3.030473,0.1283798,0.9628625,0.2543582,0.1165783,-3.170026,0.1281199,-0.6121244,0.1227401,0.7705997,20.34808,283.4309,1.975214,0.1232757,0.03459622,-0.9917691,-0.5104238,0.01103245,0.3278469,-1.020428,-0.9483665,-3.961623,-0.5796005,-0.4007999,1.915001,0.2204773,0.03231633,0.9748567,-0.3460175,0.9370404,0.04719392,-0.9119549,-0.3477226,0.2177782,static,84.28185,80.31491,-16.83913,-11.82108,6.703884034814975,29.62475380759935
05/11/2023 10:29:59.379741,1397,True,True,True,True,Eyes,0.252377,0.1168036,-3.203924,-0.859502,-0.5039027,-0.08566508,0.0,0.0,0.0,0.0,0.0,0.0,0.0,3.019595,0.1320571,0.9744163,0.247838,0.1157576,-3.163867,0.1275813,-0.6097082,0.121386,0.7728159,20.19485,283.8055,1.956588,0.1181279,0.03480696,-0.992388,-0.4797983,0.0103705,0.3081761,-1.033036,-0.9458405,-3.949635,-0.5796003,-0.4007999,1.915001,0.2270427,0.03204336,0.9733576,-0.3431929,0.9379768,0.04917362,-0.9114112,-0.3452139,0.2239578,static,84.30823,80.35178,-16.83913,-11.82108,6.705950332931047,29.635600479444708
05/11/2023 10:29:59.389617,1398,True,True,True,True,Eyes,0.2515853,0.1168363,-3.203198,-0.8597651,-0.5035433,-0.0851355,0.0,0.0,0.0,0.0,0.0,0.0,0.0,3.00751,0.1384113,0.9881437,0.2408988,0.1168121,-3.157376,0.1268327,-0.6070437,0.1185087,0.7754787,19.91295,284.2115,1.817263,0.113844,0.03497773,-0.9928825,-0.4510104,0.009748271,0.2896855,-1.047365,-0.9400895,-3.936611,-0.5796005,-0.4008,1.915001,0.2349072,0.0298159,0.9715605,-0.3377879,0.9397383,0.05283227,-0.9114375,-0.3405921,0.2308228,static,84.34491,80.40359,-16.83914,-11.82108,6.708805439274179,29.65084025097444
05/11/2023 10:29:59.409664,1399,True,True,True,True,Eyes,0.2505471,0.1168353,-3.202243,-0.8600892,-0.503118,-0.08437319,0.0,0.0,0.0,0.0,0.0,0.0,0.0,2.996143,0.1503412,0.9995327,0.2344839,0.1172236,-3.151161,0.1273766,-0.604447,0.1160877,0.7777807,19.78428,284.5778,1.619686,0.1102576,0.03511759,-0.9932821,-0.4239498,0.009163374,0.2723044,-1.059609,-0.9392336,-3.921004,-0.5796002,-0.4007999,1.915001,0.242335,0.02659672,0.9698281,-0.3345663,0.9405978,0.05780443,-0.9106807,-0.3384797,0.2368381,static,84.39732,80.48005,-16.83913,-11.82108,6.71280463843038,29.673321676949538
05/11/2023 10:29:59.429621,1400,True,True,True,True,Eyes,0.2492924,0.1168319,-3.201064,-0.861416,-0.501145,-0.08256078,0.0,0.0,0.0,0.0,0.0,0.0,0.0,2.983068,0.1669918,1.01397,0.2278453,0.1162982,-3.144723,0.128501,-0.6012023,0.1137114,0.7804568,19.71283,285.0274,1.398977,0.1070316,0.03524254,-0.9936305,-0.3985128,0.008613572,0.2559662,-1.074013,-0.9370246,-3.903361,-0.5796008,-0.4007998,1.915001,0.251251,0.02298352,0.967649,-0.3320038,0.9411144,0.06385181,-0.9092009,-0.3373061,0.2440866,static,84.52532,80.64487,-16.83914,-11.82107,6.723295609596215,29.72186267713866
05/11/2023 10:29:59.446197,1401,True,True,True,True,Eyes,0.2478541,0.1168168,-3.199678,-0.8626463,-0.4993538,-0.08054285,0.0,0.0,0.0,0.0,0.0,0.0,0.0,2.969658,0.1858235,1.029023,0.2219508,0.1157925,-3.13841,0.130656,-0.5977454,0.1122191,0.7829664,19.80107,285.4887,1.189355,0.1040914,0.03535606,-0.9939389,-0.374602,0.008096757,0.2406082,-1.086312,-0.9366976,-3.886745,-0.5796005,-0.4007998,1.915001,0.2602147,0.01952941,0.9653533,-0.3319256,0.9406717,0.07044175,-0.9067049,-0.3387555,0.2512589,static,84.66592,80.83744,-16.83914,-11.82108,6.7344386582292035,29.778529114249427
05/11/2023 10:29:59.459794,1402,True,True,True,True,Eyes,0.2462376,0.1168171,-3.198082,-0.8638579,-0.4976093,-0.07832401,0.0,0.0,0.0,0.0,0.0,0.0,0.0,2.955865,0.2019314,1.045063,0.216422,0.1154146,-3.132078,0.1331181,-0.5941056,0.1120029,0.7853493,20.00923,285.977,1.082424,0.1014033,0.03545921,-0.994213,-0.3521259,0.007610952,0.2261717,-1.097018,-0.9364175,-3.874315,-0.5796004,-0.4008,1.915001,0.2689877,0.01775044,0.9629801,-0.3340952,0.9394698,0.07600526,-0.9033417,-0.3421715,0.2586362,moving,84.81929,81.055,-16.83914,-11.82108,6.746346095057129,29.842520340377867
05/11/2023 10:29:59.479681,1403,True,True,True,True,Eyes,0.244455,0.1168642,-3.196282,-0.8649306,-0.4961118,-0.07594784,0.0,0.0,0.0,0.0,0.0,0.0,0.0,2.943298,0.2132093,1.057506,0.210854,0.1157585,-3.125527,0.1353575,-0.5909942,0.112436,0.7872499,20.24398,286.3941,1.040625,0.09893749,0.03555379,-0.994458,-0.3309984,0.007154295,0.2126014,-1.107438,-0.9332882,-3.868301,-0.5787436,-0.3982644,1.915488,0.276168,0.01703948,0.9609583,-0.3370214,0.938073,0.08022228,-0.9000821,-0.3460184,0.2648084,moving,84.98184,81.29638,-16.81162,-11.74548,6.758609657117391,29.91347764246524
05/11/2023 10:29:59.495368,1404,True,True,True,True,Eyes,0.2425178,0.1169232,-3.19428,-0.8659132,-0.4947866,-0.07335208,0.0,0.0,0.0,0.0,0.0,0.0,0.0,2.930616,0.22009,1.070493,0.2053348,0.1169277,-3.118825,0.1374863,-0.5878451,0.1137687,0.7890453,20.53151,286.8255,1.094978,0.09666686,0.03564243,-0.9946781,-0.3111385,0.006725037,0.1998453,-1.110863,-0.9345273,-3.873718,-0.5778582,-0.3956459,1.91599,0.2829897,0.01789595,0.958956,-0.3411785,0.9363084,0.08320909,-0.8963895,-0.3507225,0.2710713,moving,85.158,81.56733,-16.78319,-11.6674,6.771590921702832,29.993094261144364
05/11/2023 10:29:59.509909,1405,True,True,True,True,Eyes,0.240448,0.1170233,-3.192076,-0.8668031,-0.4936272,-0.07060254,0.0,0.0,0.0,0.0,0.0,0.0,0.0,2.917993,0.2277782,1.082555,0.1999463,0.1172705,-3.112035,0.1397807,-0.584729,0.1153338,0.7907285,20.85077,287.2491,1.160565,0.09456779,0.03572635,-0.9948769,-0.2924702,0.006321535,0.1878546,-1.112644,-0.9384512,-3.880961,-0.5769462,-0.392947,1.916509,0.2895804,0.01892787,0.9569665,-0.345863,0.934319,0.08617906,-0.8924808,-0.3559351,0.2771069,moving,85.34344,81.86031,-16.75391,-11.58693,6.784999874300097,30.079157640942654
05/11/2023 10:29:59.519884,1406,True,True,True,True,Eyes,0.2382547,0.117154,-3.189671,-0.8677157,-0.4924429,-0.06759872,0.0,0.0,0.0,0.0,0.0,0.0,0.0,2.904497,0.2341582,1.096481,0.194955,0.1183556,-3.105027,0.1412809,-0.5815758,0.1159446,0.7926955,21.02938,287.6894,1.196241,0.09261888,0.0358076,-0.9950573,-0.274922,0.005942243,0.1765833,-1.118779,-0.9380227,-3.88094,-0.5760331,-0.3902436,1.917029,0.2966529,0.01948638,0.9547865,-0.3481486,0.9331931,0.08912435,-0.8892634,-0.3588466,0.2836186,moving,85.54542,82.18373,-16.72459,-11.5063,6.799462539566496,30.17414844621872
05/11/2023 10:29:59.546072,1407,True,True,True,True,Eyes,0.2359394,0.1172961,-3.18706,-0.8686413,-0.4912396,-0.06438871,0.0,0.0,0.0,0.0,0.0,0.0,0.0,2.890686,0.2350589,1.111541,0.1900716,0.1192637,-3.097821,0.1415052,-0.578527,0.1162767,0.7948349,21.06858,288.1425,1.29642,0.09080236,0.03588763,-0.9952219,-0.2584266,0.005585708,0.1659883,-1.127184,-0.9355941,-3.877519,-0.5751283,-0.3875687,1.917542,0.3035724,0.02111245,0.9525744,-0.3485708,0.932912,0.09040809,-0.8867594,-0.3594851,0.2905655,moving,85.76067,82.53259,-16.69556,-11.42654,6.8147369745045925,30.276597363282647
05/11/2023 10:29:59.559878,1408,True,True,True,True,Eyes,0.2335086,0.1174519,-3.184246,-0.8696375,-0.4899031,-0.06103816,0.0,0.0,0.0,0.0,0.0,0.0,0.0,2.875847,0.2320704,1.128888,0.185091,0.1197648,-3.09033,0.1402752,-0.5754113,0.1156923,0.7973958,20.90693,288.6317,1.415319,0.08910119,0.03596721,-0.9953727,-0.242921,0.005250566,0.156029,-1.134594,-0.9338295,-3.876443,-0.5742053,-0.3848375,1.918067,0.3110342,0.02307329,0.9501187,-0.345937,0.9338763,0.09056836,-0.8852035,-0.3568511,0.2984494,moving,85.98511,82.89799,-16.66595,-11.34509,6.830609199529496,30.38389819095162
05/11/2023 10:29:59.569379,1409,True,True,True,True,Eyes,0.2309724,0.1175978,-3.181223,-0.8706607,-0.4885104,-0.05751121,0.0,0.0,0.0,0.0,0.0,0.0,0.0,2.861905,0.2272237,1.14359,0.1801513,0.1203173,-3.082694,0.1385712,-0.5727495,0.1147373,0.7997445,20.67549,289.0591,1.518182,0.08750045,0.03604709,-0.9955118,-0.2283458,0.004935532,0.1466673,-1.140424,-0.9346547,-3.874341,-0.5733323,-0.3822538,1.918563,0.3175868,0.02478784,0.9479051,-0.3422541,0.9352668,0.09021167,-0.884308,-0.3530745,0.3055121,moving,86.22084,83.28561,-16.63794,-11.26803,6.847153053133547,30.49771155608517
05/11/2023 10:29:59.589977,1410,True,True,True,True,Eyes,0.2283366,0.1177125,-3.177998,-0.8717365,-0.4870116,-0.05380678,0.0,0.0,0.0,0.0,0.0,0.0,0.0,2.84691,0.2247089,1.159187,0.1753348,0.1202931,-3.074718,0.137074,-0.5698454,0.1136361,0.8022305,20.45307,289.5137,1.59641,0.08598807,0.03612715,-0.9956406,-0.214645,0.0046394,0.1378672,-1.148558,-0.934369,-3.867981,-0.5724348,-0.3795977,1.919073,0.3247261,0.02610271,0.9454479,-0.3385468,0.9365951,0.09041993,-0.8831417,-0.34944,0.3129739,moving,86.46798,83.69533,-16.60916,-11.18882,6.864387436508614,30.61800324162591
05/11/2023 10:29:59.610009,1411,True,True,True,True,Eyes,0.2256189,0.117794,-3.174568,-0.8727803,-0.4855527,-0.0499304,0.0,0.0,0.0,0.0,0.0,0.0,0.0,2.830932,0.22634,1.175795,0.1706064,0.1196859,-3.066671,0.1361784,-0.5665972,0.1124809,0.8048425,20.28358,290.0023,1.633734,0.08455174,0.03620671,-0.9957609,-0.2017663,0.004361036,0.1295952,-1.158503,-0.9329525,-3.857152,-0.5715181,-0.3768832,1.919595,0.3326313,0.02674219,0.9426778,-0.3353754,0.937607,0.09174157,-0.8814079,-0.346667,0.3208462,moving,86.72577,84.12879,-16.57977,-11.10786,6.882163580347711,30.74524552042657
05/11/2023 10:29:59.629543,1412,True,True,True,True,Eyes,0.2228141,0.1178408,-3.170935,-0.8738385,-0.4840483,-0.04586308,0.0,0.0,0.0,0.0,0.0,0.0,0.0,2.814233,0.231724,1.192451,0.1662183,0.1189873,-3.058391,0.1362341,-0.5631185,0.1117652,0.8073702,20.2341,290.5052,1.651395,0.08318225,0.036285,-0.9958733,-0.1896603,0.004099374,0.1218195,-1.170425,-0.9298723,-3.843417,-0.570612,-0.3742039,1.92011,0.3408124,0.02703988,0.9397425,-0.3339036,0.9378976,0.09410864,-0.8788376,-0.3458568,0.3286758,moving,86.99561,84.58744,-16.55072,-11.02796,6.900607878087897,30.879866875012198
05/11/2023 10:29:59.645843,1413,True,True,True,True,Eyes,0.2199424,0.1178696,-3.167101,-0.8748358,-0.4826279,-0.04162221,0.0,0.0,0.0,0.0,0.0,0.0,0.0,2.796819,0.2388695,1.209534,0.161627,0.1181926,-3.04994,0.1367643,-0.5593889,0.1113196,0.8099306,20.24781,291.0351,1.668257,0.08186991,0.03636134,-0.9959792,-0.1782807,0.003853412,0.1145103,-1.184164,-0.9258479,-3.826221,-0.5697019,-0.3715106,1.920627,0.349384,0.02731343,0.9365814,-0.3333312,0.937807,0.09699729,-0.8756831,-0.3460811,0.3367592,moving,87.27608,85.07096,-16.52156,-10.94763,6.919554128648053,31.02176688587464
05/11/2023 10:29:59.659938,1414,True,True,True,True,Eyes,0.2170049,0.1178899,-3.163063,-0.87582,-0.4811991,-0.03724048,0.0,0.0,0.0,0.0,0.0,0.0,0.0,2.778749,0.24609,1.227303,0.1574645,0.1177973,-3.041316,0.1373782,-0.5555611,0.1109199,0.8125122,20.27268,291.5762,1.686252,0.08060652,0.03643567,-0.9960796,-0.1675839,0.003622207,0.1076397,-1.195781,-0.9229318,-3.813045,-0.5684431,-0.3677852,1.921343,0.3580975,0.02760359,0.9332762,-0.3328916,0.937648,0.09999743,-0.8723243,-0.3464885,0.3449584,moving,87.56521,85.57464,-16.48123,-10.83652,6.938912642628842,31.16956731370384
05/11/2023 10:29:59.679461,1415,True,True,True,True,Eyes,0.2140131,0.1178941,-3.158819,-0.8767369,-0.4798545,-0.03274212,0.0,0.0,0.0,0.0,0.0,0.0,0.0,2.761794,0.2517029,1.241797,0.1532234,0.1176158,-3.032426,0.1379974,-0.5521736,0.1107638,0.8147346,20.31518,292.0539,1.716393,0.07938679,0.03650809,-0.9961749,-0.1575288,0.003404874,0.1011813,-1.207208,-0.9221906,-3.797469,-0.5679181,-0.3662326,1.921641,0.3656714,0.0280891,0.9303201,-0.3328832,0.9373762,0.1025409,-0.8691797,-0.3471842,0.3521221,moving,87.86126,86.09657,-16.46442,-10.79022,6.958529892996759,31.32270429264706
05/11/2023 10:29:59.690060,1416,True,True,True,True,Eyes,0.2109794,0.1178501,-3.154378,-0.8776063,-0.4785513,-0.02820981,0.0,0.0,0.0,0.0,0.0,0.0,0.0,2.744594,0.2574663,1.255886,0.1492036,0.1172418,-3.023298,0.1385669,-0.5488268,0.1105202,0.8169293,20.34741,292.5246,1.7404,0.07820383,0.0365786,-0.9962659,-0.1480771,0.003200582,0.09511045,-1.219264,-0.9210526,-3.780108,-0.5669982,-0.3635103,1.922165,0.3731487,0.02847594,0.9273344,-0.3326728,0.9371691,0.1050858,-0.8660766,-0.3477117,0.3591766,moving,88.15892,86.62642,-16.43495,-10.70902,6.978086008720447,31.47814984360034
05/11/2023 10:29:59.709971,1417,True,True,True,True,Eyes,0.2079041,0.1177812,-3.149736,-0.878411,-0.4773234,-0.02358918,0.0,0.0,0.0,0.0,0.0,0.0,0.0,2.727577,0.2657084,1.268651,0.1454271,0.1160299,-3.014157,0.1395046,-0.5455448,0.1103072,0.8189943,20.41772,292.9771,1.740829,0.0770531,0.03664611,-0.9963531,-0.1391925,0.003008547,0.08940382,-1.231573,-0.9194087,-3.76329,-0.5661174,-0.3609039,1.922666,0.3804264,0.02846998,0.9243729,-0.3328939,0.9367417,0.1081518,-0.8628195,-0.3488619,0.3658387,moving,88.46173,87.17076,-16.40675,-10.63129,6.997804694983919,31.63783065468546
05/11/2023 10:29:59.729559,1418,True,True,True,True,Eyes,0.2047958,0.1177129,-3.144912,-0.8791469,-0.4761732,-0.01896923,0.0,0.0,0.0,0.0,0.0,0.0,0.0,2.710264,0.2746054,1.28103,0.1416256,0.1153338,-3.004766,0.1404524,-0.5422888,0.1097008,0.8210735,20.46423,293.4205,1.701178,0.07593077,0.03671035,-0.9964368,-0.1308409,0.002828034,0.08403958,-1.242148,-0.9194679,-3.747772,-0.5652252,-0.3582635,1.923173,0.3877773,0.02781328,0.9213334,-0.3324763,0.9364777,0.1116645,-0.8597025,-0.3496225,0.372392,moving,88.76393,87.71873,-16.37819,-10.55254,7.017327565517438,31.798562454483886
05/11/2023 10:29:59.746271,1419,True,True,True,True,Eyes,0.2016713,0.1175963,-3.139902,-0.8798334,-0.4750661,-0.01433439,0.0,0.0,0.0,0.0,0.0,0.0,0.0,2.69399,0.277475,1.292852,0.1379558,0.1153188,-2.995615,0.1411491,-0.5392267,0.1103629,0.8228801,20.568,293.8536,1.799977,0.07483167,0.03677196,-0.9965177,-0.1229905,0.002658352,0.07899721,-1.252809,-0.9195244,-3.733214,-0.5642895,-0.355496,1.923704,0.3941093,0.02940813,0.918593,-0.3338536,0.9357939,0.1132764,-0.8562825,-0.3513189,0.3786231,moving,89.06661,88.27171,-16.34825,-10.47001,7.036744735074827,31.960751762048528
05/11/2023 10:29:59.759761,1420,True,True,True,True,Eyes,0.1985381,0.1174606,-3.134709,-0.8804958,-0.4739529,-0.009785605,0.0,0.0,0.0,0.0,0.0,0.0,0.0,2.680324,0.2752011,1.299424,0.1345947,0.1141094,-2.986175,0.1406039,-0.5372284,0.1106505,0.8242408,20.52843,294.1558,1.91731,0.07375409,0.03682987,-0.9965959,-0.1156111,0.002498851,0.07425737,-1.264109,-0.9190333,-3.717319,-0.5633672,-0.3527654,1.924229,0.3982842,0.03133255,0.9167268,-0.3334782,0.9359741,0.1128937,-0.8544952,-0.3506721,0.3832324,moving,89.36326,88.81719,-16.31874,-10.38857,7.055658944278679,32.12073116759869
05/11/2023 10:29:59.769627,1421,True,True,True,True,Eyes,0.1954111,0.1172769,-3.129331,-0.8811401,-0.4728254,-0.005316377,0.0,0.0,0.0,0.0,0.0,0.0,0.0,2.668092,0.2705028,1.303223,0.1313702,0.113566,-2.976596,0.1395439,-0.535823,0.1104686,0.8253593,20.40971,294.378,2.006253,0.07269568,0.03688406,-0.9966717,-0.1086744,0.00234892,0.06980193,-1.275261,-0.91843,-3.702453,-0.5624858,-0.350159,1.924729,0.4013808,0.03281086,0.9153236,-0.3318942,0.9366484,0.1119645,-0.8536626,-0.348731,0.3868425,moving,89.6543,89.3558,-16.29055,-10.31085,7.074101671338622,32.27868584673326
05/11/2023 10:29:59.789480,1422,True,True,True,True,Eyes,0.1175251,0.1109948,-2.990276,-0.8913018,-0.441737,0.1022224,0.0,0.0,0.0,0.0,0.0,0.0,0.0,2.657825,0.2637568,1.302844,0.1284456,0.1123061,-2.966798,0.1382366,-0.5351233,0.1105345,0.8260241,20.28393,294.5061,2.117715,0.07165448,0.0369336,-0.9967452,-0.1021539,0.002207985,0.06561382,-1.284163,-0.9214314,-3.689198,-0.5615842,-0.3474897,1.925242,0.4028502,0.03466111,0.9146094,-0.3305556,0.9373456,0.1100742,-0.8534898,-0.3466727,0.3890673,moving,-83.4574,-76.97053,-16.26172,-10.23124,-8.982862652484677,-16.93762263753544
05/11/2023 10:29:59.810077,1423,True,True,True,True,Eyes,0.117422,0.1109247,-2.989865,-0.8912987,-0.4417349,0.1022594,0.0,0.0,0.0,0.0,0.0,0.0,0.0,2.649044,0.2571919,1.298918,0.1256205,0.1104807,-2.95682,0.1369599,-0.5349489,0.1105806,0.8263434,20.16116,294.5577,2.211375,0.06781533,0.03695191,-0.9970131,-0.3296829,-0.01677077,0.4788413,-1.295488,-0.9189565,-3.676937,-0.5605891,-0.3445429,1.925809,0.4032031,0.03622193,0.9143932,-0.3292882,0.9380278,0.1080419,-0.8538128,-0.3446618,0.3901432,moving,-83.45502,-76.9659,-16.2299,-10.14337,-8.98271928217261,-16.93626546969628
05/11/2023 10:29:59.829972,1424,True,True,True,True,Eyes,0.1172287,0.1108071,-2.989058,-0.8912858,-0.4417333,0.1023787,0.0,0.0,0.0,0.0,0.0,0.0,0.0,2.639532,0.2567872,1.294615,0.1230732,0.1087393,-2.946545,0.1368645,-0.5345707,0.1105996,0.8266014,20.15198,294.6139,2.229216,0.06464329,0.03696447,-0.9972234,-0.309902,-0.01576452,0.4501108,-1.304236,-0.9201981,-3.666364,-0.5597789,-0.3421484,1.926268,0.4040037,0.03651614,0.9140282,-0.3291712,0.9380716,0.1080182,-0.8534795,-0.3445115,0.3910045,moving,-83.44736,-76.95119,-16.20401,-10.07197,-8.982251519203984,-16.93195308456874
05/11/2023 10:29:59.846605,1425,True,True,True,True,Eyes,0.1169709,0.1106217,-2.987874,-0.8912384,-0.4417878,0.1025551,0.0,0.0,0.0,0.0,0.0,0.0,0.0,2.62946,0.2594426,1.290888,0.1207667,0.1074568,-2.936261,0.1375792,-0.5339614,0.1108951,0.826837,20.2391,294.6898,2.227061,0.06201133,0.03697127,-0.9973902,-0.2913078,-0.01481865,0.4231041,-1.314723,-0.9215466,-3.651416,-0.5589005,-0.33955,1.926767,0.405175,0.03646046,0.9135119,-0.3303084,0.9375484,0.1090837,-0.8524843,-0.3459386,0.3919144,moving,-83.43582,-76.93102,-16.17595,-9.994492,-8.981481068635706,-16.926034578868496
05/11/2023 10:29:59.862351,1426,True,True,True,True,Eyes,0.1166439,0.1103966,-2.986334,-0.8911318,-0.4417988,0.1034317,0.0,0.0,0.0,0.0,0.0,0.0,0.0,2.617243,0.2710692,1.28982,0.1190719,0.1055551,-2.926047,0.1393212,-0.5327074,0.1103734,0.8274238,20.37413,294.8279,2.091745,0.05972061,0.03697201,-0.9975299,-0.2738294,-0.01392953,0.3977179,-1.325738,-0.9210075,-3.635021,-0.5579908,-0.3368565,1.927285,0.4080811,0.0342163,0.9123042,-0.331086,0.9368146,0.1129619,-0.8507948,-0.3481488,0.3936249,moving,-83.37943,-76.82352,-16.14688,-9.914179,-8.978011505840165,-16.894517700347418
05/11/2023 10:29:59.879464,1427,True,True,True,True,Eyes,0.1162762,0.1101192,-2.984464,-0.8909904,-0.4418612,0.1043777,0.0,0.0,0.0,0.0,0.0,0.0,0.0,2.603168,0.2865267,1.292004,0.117224,0.1042303,-2.916033,0.1414501,-0.5308248,0.1092198,0.828425,20.50656,295.0402,1.883849,0.05764999,0.03696692,-0.997652,-0.2573996,-0.01309376,0.3738548,-1.3372,-0.9193652,-3.619173,-0.5570926,-0.3341984,1.927795,0.4125921,0.0307903,0.9103954,-0.3311312,0.9361259,0.1184084,-0.8485988,-0.3503147,0.3964338,moving,-83.31837,-76.70906,-16.11819,-9.834927,-8.974190449220185,-16.860954914180084
05/11/2023 10:29:59.889792,1428,True,True,True,True,Eyes,0.1158399,0.109855,-2.982263,-0.890797,-0.4419025,0.1058437,0.0,0.0,0.0,0.0,0.0,0.0,0.0,2.59014,0.2947412,1.294078,0.1160059,0.1026513,-2.906259,0.142664,-0.5292683,0.1090091,0.8292401,20.60942,295.2348,1.822891,0.05577649,0.03695526,-0.9977588,-0.2419556,-0.01230813,0.3514235,-1.349547,-0.9157021,-3.60422,-0.5561744,-0.3314843,1.928317,0.4159841,0.02977427,0.9088843,-0.3318044,0.935528,0.1212153,-0.8466777,-0.3519955,0.399044,moving,-83.22394,-76.53036,-16.08887,-9.754008,-8.968336829630069,-16.80855995509442
05/11/2023 10:29:59.909878,1429,True,True,True,True,Eyes,0.1153217,0.1097563,-2.979718,-0.8906041,-0.4419321,0.107333,0.0,0.0,0.0,0.0,0.0,0.0,0.0,2.578685,0.2915906,1.294756,0.1139669,0.1027251,-2.896117,0.1422208,-0.5283123,0.1090505,0.8299201,20.56619,295.3811,1.881037,0.05407857,0.03693856,-0.9978529,-0.2274383,-0.01156965,0.3303381,-1.363412,-0.9109492,-3.587192,-0.5552673,-0.3287992,1.928833,0.4179881,0.03073238,0.9079326,-0.3312803,0.9357625,0.1208384,-0.8458956,-0.3512892,0.4013187,moving,-83.12802,-76.34876,-16.05991,-9.673958,-8.96239349878643,-16.75531493783714
05/11/2023 10:29:59.929711,1430,True,True,True,True,Eyes,0.1147631,0.1096291,-2.976851,-0.8903255,-0.4420319,0.1092164,0.0,0.0,0.0,0.0,0.0,0.0,0.0,2.568727,0.2745277,1.294343,0.1114903,0.1067429,-2.885345,0.1405848,-0.5279689,0.110307,0.8302513,20.48234,295.478,2.123812,0.05253601,0.0369233,-0.9979359,-0.213792,-0.01087547,0.3105178,-1.378108,-0.9047791,-3.567209,-0.5544081,-0.3262545,1.929321,0.4181624,0.03471617,0.9077087,-0.3316138,0.9361366,0.1169641,-0.8456788,-0.3499187,0.4029695,moving,-83.00645,-76.12144,-16.03249,-9.598102,-8.954767012849114,-16.68865692865083
05/11/2023 10:29:59.946439,1431,True,True,True,True,Eyes,0.1141566,0.1095693,-2.973653,-0.8901628,-0.4418775,0.1111503,0.0,0.0,0.0,0.0,0.0,0.0,0.0,2.559657,0.2563608,1.292271,0.1099124,0.1061422,-2.874749,0.1387477,-0.5278261,0.1131505,0.8302684,20.47773,295.5672,2.534171,0.05113254,0.03690879,-0.9980094,-0.2009645,-0.01022294,0.2918867,-1.392705,-0.8989253,-3.547776,-0.5534971,-0.3235606,1.92984,0.4171932,0.04142119,0.9078735,-0.3343599,0.9358921,0.1109482,-0.845076,-0.3498432,0.4042973,moving,-82.88259,-75.88069,-16.00342,-9.517795,-8.947298977853642,-16.61808657791738
05/11/2023 10:29:59.959839,1432,True,True,True,True,Eyes,0.113524,0.1096102,-2.970154,-0.8900064,-0.4416087,0.113448,0.0,0.0,0.0,0.0,0.0,0.0,0.0,2.548054,0.239077,1.293775,0.1081804,0.1078169,-2.86361,0.1350181,-0.5275549,0.1118805,0.8312274,20.02972,295.665,2.656057,0.04985349,0.03689765,-0.9980744,-0.1889066,-0.009609561,0.2743735,-1.406704,-0.8930355,-3.52914,-0.5525856,-0.3208631,1.930357,0.4183372,0.04353744,0.9072478,-0.3284552,0.9385058,0.1064151,-0.8468243,-0.3425076,0.4069119,moving,-82.73576,-75.59244,-15.97434,-9.437393,-8.938540192129665,-16.533600427420726
05/11/2023 10:29:59.969479,1433,True,True,True,True,Eyes,0.1128351,0.1096398,-2.966331,-0.8899023,-0.4412088,0.1157961,0.0,0.0,0.0,0.0,0.0,0.0,0.0,2.538131,0.226768,1.29205,0.1069208,0.1103569,-2.852948,0.1335588,-0.5274302,0.1124096,0.8314707,19.91811,295.7163,2.807148,0.04868559,0.0368933,-0.9981322,-0.1775722,-0.009032988,0.2579111,-1.420707,-0.8859593,-3.511629,-0.5516484,-0.3180889,1.93089,0.418363,0.04604475,0.9071121,-0.3278164,0.9390523,0.103524,-0.8470588,-0.3406768,0.407959,moving,-82.5862,-75.29427,-15.94445,-9.354711,-8.929769167069772,-16.44621897065419
05/11/2023 10:29:59.989416,1434,True,True,True,True,Eyes,0.1121281,0.1097144,-2.962214,-0.8898237,-0.4406568,0.1184707,0.0,0.0,0.0,0.0,0.0,0.0,0.0,2.525189,0.2142502,1.29381,0.1049366,0.1102394,-2.841349,0.1309571,-0.5266343,0.1121434,0.8324244,19.64193,295.8748,2.968213,0.04761594,0.03689512,-0.9981837,-0.1669179,-0.008491009,0.2424365,-1.436156,-0.8762425,-3.491338,-0.5507627,-0.3154689,1.931394,0.4201602,0.04876881,0.9061385,-0.3246348,0.9405482,0.09990662,-0.8473946,-0.3361409,0.411013,moving,-82.41627,-74.95184,-15.9162,-9.276626,-8.919924052707469,-16.345876365643463
05/11/2023 10:30:00.009340,1435,True,True,True,True,Eyes,0.1113876,0.1097698,-2.957809,-0.8897766,-0.4399902,0.1212691,0.0,0.0,0.0,0.0,0.0,0.0,0.0,2.51241,0.2082483,1.29542,0.1038663,0.1114011,-2.83028,0.1291887,-0.5258777,0.1106921,0.8333728,19.37477,295.9987,2.954295,0.04663502,0.03690438,-0.9982297,-0.1569028,-0.007981548,0.2278903,-1.448532,-0.8700577,-3.469958,-0.5498214,-0.3126831,1.931929,0.4223999,0.04862061,0.9051046,-0.3203704,0.9421151,0.09890374,-0.8479039,-0.3317457,0.413526,moving,-82.23888,-74.59084,-15.8862,-9.193611,-8.909763547858695,-16.240101429745724
05/11/2023 10:30:00.020095,1436,True,True,True,True,Eyes,0.1106192,0.1098104,-2.953137,-0.8896931,-0.4392508,0.124519,0.0,0.0,0.0,0.0,0.0,0.0,0.0,2.49506,0.2086927,1.304157,0.1025152,0.1110023,-2.81902,0.1280443,-0.5235887,0.1090634,0.8352035,19.15318,296.3253,2.918389,0.04573244,0.03692008,-0.9982709,-0.1474886,-0.007502655,0.2142169,-1.459774,-0.8680591,-3.448358,-0.5489534,-0.3101153,1.932422,0.42792,0.04809514,0.9025362,-0.3162653,0.9434197,0.09967737,-0.8466763,-0.3280949,0.4189191,moving,-82.03279,-74.173,-15.85854,-9.117099,-8.897907442984955,-16.117668010987238
05/11/2023 10:30:00.044015,1437,True,True,True,True,Eyes,0.1098234,0.1098632,-2.948225,-0.8896143,-0.4384337,0.1279152,0.0,0.0,0.0,0.0,0.0,0.0,0.0,2.477176,0.2128597,1.313791,0.1013009,0.1106401,-2.80807,0.127187,-0.5210815,0.1066595,0.8372105,18.91233,296.6683,2.78973,0.04489987,0.03694145,-0.9983079,-0.1386393,-0.007052496,0.2013638,-1.473602,-0.8601826,-3.42221,-0.548012,-0.3073316,1.932957,0.4341957,0.04604327,0.8996411,-0.3111424,0.9448944,0.101808,-0.8453783,-0.3241211,0.4245951,moving,-81.81768,-73.73514,-15.82855,-9.034156,-8.88558963655463,-15.989372935228488
05/11/2023 10:30:00.060443,1438,True,True,True,True,Eyes,0.108991,0.1099245,-2.943085,-0.8894218,-0.4377051,0.1316929,0.0,0.0,0.0,0.0,0.0,0.0,0.0,2.457583,0.2212797,1.326438,0.1001202,0.1109108,-2.797462,0.127263,-0.517868,0.1043288,0.8394834,18.76742,297.0938,2.624385,0.04413057,0.03696864,-0.9983412,-0.130321,-0.006629346,0.189282,-1.484193,-0.8564949,-3.39942,-0.547132,-0.3047271,1.933457,0.4418566,0.04335372,0.8960375,-0.3069753,0.9458393,0.1056133,-0.8429288,-0.3217273,0.4312339,moving,-81.57765,-73.25496,-15.80052,-8.956564,-8.871567265164366,-15.848656125953898
05/11/2023 10:30:00.071129,1439,True,True,True,True,Eyes,0.1081385,0.11,-2.93775,-0.8891401,-0.4370795,0.135615,0.0,0.0,0.0,0.0,0.0,0.0,0.0,2.437474,0.2295657,1.34004,0.09869443,0.1111336,-2.787041,0.1280185,-0.5142773,0.1032913,0.8417013,18.76863,297.5727,2.554929,0.04341684,0.03700167,-0.9983713,-0.1225017,-0.006231585,0.1779251,-1.496885,-0.8498814,-3.3761,-0.5462216,-0.3020319,1.933975,0.4496996,0.04220678,0.892182,-0.3055548,0.9458843,0.109266,-0.8392892,-0.3217474,0.4382604,moving,-81.32787,-72.76217,-15.77152,-8.876273,-8.85674760479999,-15.704225782780245
05/11/2023 10:30:00.094573,1440,True,True,True,True,Eyes,0.1072647,0.1101059,-2.932222,-0.8888849,-0.4364313,0.1393245,0.0,0.0,0.0,0.0,0.0,0.0,0.0,2.417678,0.2355124,1.354096,0.09763478,0.1115643,-2.77709,0.1290162,-0.5106183,0.1035087,0.8437476,18.86994,298.0692,2.599362,0.04275173,0.03704075,-0.9983985,-0.1151516,-0.00585769,0.1672496,-1.50568,-0.8490771,-3.35411,-0.5452962,-0.2992947,1.934501,0.4571099,0.04291445,0.8883743,-0.3064265,0.9452816,0.1120072,-0.8349571,-0.3234211,0.4452476,moving,-81.0919,-72.29505,-15.74205,-8.794736,-8.842799340431963,-15.56732319385603
05/11/2023 10:30:00.110532,1441,True,True,True,True,Eyes,0.1063794,0.1102314,-2.926511,-0.8885463,-0.4358549,0.1432338,0.0,0.0,0.0,0.0,0.0,0.0,0.0,2.397781,0.2342079,1.369035,0.09651151,0.1124891,-2.767038,0.1290783,-0.5069863,0.1045696,0.8457949,18.92791,298.5862,2.787788,0.04212955,0.03708664,-0.9984233,-0.1082425,-0.005506228,0.1572146,-1.513645,-0.8500864,-3.333352,-0.5444221,-0.2967073,1.934998,0.4640602,0.04600695,0.8846081,-0.3077707,0.9448079,0.1123169,-0.8306175,-0.3243783,0.4526075,moving,-80.84269,-71.80807,-15.71423,-8.717677,-8.827858762979565,-15.424583164623897
05/11/2023 10:30:00.119604,1442,True,True,True,True,Eyes,0.1054707,0.1103593,-2.920612,-0.8882425,-0.4351842,0.1471053,0.0,0.0,0.0,0.0,0.0,0.0,0.0,2.377949,0.2243971,1.384924,0.09558553,0.1132876,-2.756998,0.1278203,-0.5034688,0.1065206,0.8478412,18.90514,299.1181,3.145885,0.04154745,0.03713946,-0.9984458,-0.1017479,-0.005175855,0.1477817,-1.521512,-0.8497287,-3.311195,-0.543473,-0.2938998,1.935537,0.4703451,0.05191812,0.880954,-0.3093322,0.9446306,0.109483,-0.8264921,-0.3240022,0.4603624,moving,-80.59638,-71.32321,-15.68404,-8.634071,-8.813209180207913,-15.282474104318961
05/11/2023 10:30:00.139990,1443,True,True,True,True,Eyes,0.1045209,0.110527,-2.914527,-0.8879174,-0.4344231,0.1512586,0.0,0.0,0.0,0.0,0.0,0.0,0.0,2.357904,0.2103904,1.400738,0.0943352,0.1136922,-2.746674,0.1254141,-0.5000665,0.1080901,0.8500126,18.74226,299.6459,3.531148,0.04100078,0.03719887,-0.9984662,-0.09564307,-0.004865303,0.1389148,-1.530014,-0.8471992,-3.291136,-0.5426247,-0.2913899,1.936019,0.4764999,0.05832521,0.8772377,-0.3091867,0.9451756,0.1051025,-0.8230137,-0.3213116,0.4684095,moving,-80.33235,-70.80276,-15.65705,-8.559333,-8.797529069560252,-15.129935762031653
05/11/2023 10:30:00.162360,1444,True,True,True,True,Eyes,0.1035335,0.110687,-2.908283,-0.8876637,-0.433477,0.155405,0.0,0.0,0.0,0.0,0.0,0.0,0.0,2.335108,0.1967192,1.420315,0.09277046,0.1147389,-2.736229,0.1224238,-0.4959818,0.1084818,0.8527874,18.44613,300.2597,3.843277,0.04048297,0.03726603,-0.9984848,-0.08990448,-0.004573385,0.1305799,-1.541063,-0.8409005,-3.271638,-0.5417109,-0.2886847,1.93654,0.4844676,0.06358376,0.8724955,-0.3064637,0.9464882,0.1011931,-0.8193725,-0.316413,0.478029,moving,-80.06976,-70.27683,-15.62797,-8.478782,-8.782209193106358,-14.975813540188202
05/11/2023 10:30:00.179695,1445,True,True,True,True,Eyes,0.1025111,0.1108182,-2.901893,-0.8873959,-0.4324222,0.1598115,0.0,0.0,0.0,0.0,0.0,0.0,0.0,2.310766,0.1899631,1.441635,0.09122126,0.1148479,-2.726266,0.1203016,-0.4912656,0.1083733,0.8558277,18.20362,300.9374,4.062424,0.03999085,0.03734009,-0.9985018,-0.08451021,-0.004298982,0.1227451,-1.555022,-0.8278534,-3.250808,-0.5408151,-0.2860342,1.937049,0.4938268,0.06729774,0.8669522,-0.3036978,0.9475656,0.09943465,-0.8148024,-0.3123949,0.4883714,moving,-79.79101,-69.71706,-15.59949,-8.399876,-8.76599519242888,-14.811778486846979
05/11/2023 10:30:00.190018,1446,True,True,True,True,Eyes,0.1014415,0.1109474,-2.895374,-0.8871359,-0.4313489,0.1640977,0.0,0.0,0.0,0.0,0.0,0.0,0.0,2.287531,0.1869465,1.460409,0.08960915,0.114653,-2.716499,0.1184554,-0.4868621,0.1072755,0.8587348,17.93274,301.5532,4.152865,0.03952061,0.03741961,-0.9985176,-0.0794396,-0.004041043,0.1153804,-1.566034,-0.8195305,-3.232293,-0.5399269,-0.283406,1.937554,0.5029145,0.06889959,0.8615856,-0.2995853,0.9489206,0.0989868,-0.8107561,-0.3079003,0.4978673,moving,-79.52019,-69.17172,-15.57125,-8.32164,-8.750291812648967,-14.65197592610847
05/11/2023 10:30:00.210099,1447,True,True,True,True,Eyes,0.1003293,0.11108,-2.888731,-0.8868246,-0.4303039,0.1684655,0.0,0.0,0.0,0.0,0.0,0.0,0.0,2.266875,0.1897411,1.474407,0.08772416,0.1147404,-2.70698,0.1180661,-0.4829926,0.1062298,0.8611004,17.81532,302.0745,4.150082,0.03906933,0.03750407,-0.9985322,-0.07467322,-0.00379858,0.1084576,-1.576519,-0.8139166,-3.211129,-0.5389863,-0.2806228,1.938088,0.5108669,0.06889899,0.8568945,-0.2969991,0.9495513,0.1007171,-0.8067259,-0.3059499,0.5055572,moving,-79.24398,-68.61948,-15.54136,-8.238808,-8.734145328212353,-14.490141086451029
05/11/2023 10:30:00.230144,1448,True,True,True,True,Eyes,0.09915984,0.1112047,-2.881973,-0.8865044,-0.4293336,0.1725767,0.0,0.0,0.0,0.0,0.0,0.0,0.0,2.248988,0.195665,1.483466,0.08582596,0.1149254,-2.697468,0.1185877,-0.4798464,0.1053084,0.8628989,17.80161,302.4854,4.091496,0.03863087,0.03759379,-0.9985451,-0.07019283,-0.003570665,0.1019501,-1.583517,-0.8129509,-3.19037,-0.5381069,-0.2780219,1.938588,0.5173151,0.06793324,0.8530944,-0.2955487,0.9496943,0.1035947,-0.8031414,-0.3057221,0.5113688,moving,-78.98395,-68.10164,-15.51342,-8.161404,-8.71887696385711,-14.33838181589974
05/11/2023 10:30:00.246789,1449,True,True,True,True,Eyes,0.09796032,0.1113563,-2.875116,-0.8861071,-0.4284812,0.1766867,0.0,0.0,0.0,0.0,0.0,0.0,0.0,2.23266,0.2083301,1.489039,0.08352867,0.1147551,-2.687984,0.1203972,-0.4769785,0.1040563,0.8643891,17.90293,302.8368,3.918988,0.03820388,0.0376879,-0.9985572,-0.06598126,-0.003356425,0.09583314,-1.587757,-0.8163106,-3.168802,-0.5372052,-0.2753514,1.939101,0.5233275,0.06503653,0.8496462,-0.294744,0.9493536,0.1088748,-0.7995338,-0.3074052,0.515992,moving,-78.72331,-67.59091,-15.48477,-8.081941,-8.703297857726817,-14.18868417676945
05/11/2023 10:30:00.259998,1450,True,True,True,True,Eyes,0.09671229,0.111512,-2.86816,-0.8856627,-0.4277676,0.1806001,0.0,0.0,0.0,0.0,0.0,0.0,0.0,2.216466,0.2262732,1.494103,0.08183885,0.115382,-2.678854,0.1233242,-0.4740952,0.102519,0.8657452,18.10396,303.1708,3.653989,0.03778615,0.03778707,-0.9985687,-0.06202238,-0.00315504,0.09008315,-1.591229,-0.8201883,-3.149074,-0.5362527,-0.2725348,1.939642,0.5294472,0.06057584,0.8461773,-0.2944454,0.948562,0.1163271,-0.7956051,-0.3107421,0.5200498,moving,-78.47454,-67.11092,-15.45452,-7.998145,-8.688181210933326,-14.047976465257399
05/11/2023 10:30:00.269502,1451,True,True,True,True,Eyes,0.09543651,0.1116992,-2.861121,-0.8851346,-0.4271697,0.1845613,0.0,0.0,0.0,0.0,0.0,0.0,0.0,2.198774,0.2451796,1.50051,0.07971492,0.1154827,-2.669561,0.1263746,-0.4707427,0.1010768,0.867303,18.32294,303.5657,3.402969,0.03737501,0.03789115,-0.9985796,-0.05830104,-0.002965737,0.08467817,-1.593168,-0.8259066,-3.128801,-0.5353976,-0.2700033,1.940128,0.5363695,0.05634863,0.8421001,-0.2943083,0.9476259,0.1240478,-0.7910059,-0.3143725,0.5248615,moving,-78.22189,-66.63294,-15.42737,-7.922838,-8.672515181839902,-13.907832030019318
05/11/2023 10:30:00.295603,1452,True,True,True,True,Eyes,0.09413657,0.1118992,-2.854002,-0.8845505,-0.4266643,0.1884885,0.0,0.0,0.0,0.0,0.0,0.0,0.0,2.181376,0.259611,1.507643,0.07801931,0.1163098,-2.660671,0.1288564,-0.46749,0.1000828,0.868811,18.51054,303.9588,3.229917,0.03696875,0.03800093,-0.99859,0.0,0.0,0.0,-1.594356,-0.8333664,-3.108804,-0.5344965,-0.2673368,1.940641,0.542873,0.05342794,0.8381136,-0.2943842,0.9467589,0.1303282,-0.7865283,-0.3174791,0.5296981,moving,-77.97079,-66.16548,-15.39877,-7.843529,-8.656694684703284,-13.77075092833077
05/11/2023 10:30:00.310004,1453,True,True,True,True,Eyes,0.09280595,0.1121142,-2.846799,-0.8838951,-0.4262008,0.1925677,0.0,0.0,0.0,0.0,0.0,0.0,0.0,2.164202,0.2702928,1.514564,0.07638594,0.1167528,-2.651654,0.1307533,-0.4643571,0.09958487,0.8702639,18.66689,304.3491,3.140201,0.03656596,0.03811648,-0.9986,0.0,0.0,0.0,-1.597384,-0.8356172,-3.087543,-0.533599,-0.2646824,1.94115,0.5489108,0.05189778,0.8342683,-0.2947626,0.9459729,0.1350938,-0.7821841,-0.3200655,0.5345523,moving,-77.70945,-65.68541,-15.37029,-7.764592,-8.640015900841345,-13.629953709254263
05/11/2023 10:30:00.330007,1454,True,True,True,True,Eyes,0.09144624,0.112344,-2.83951,-0.8831822,-0.4257162,0.196863,0.0,0.0,0.0,0.0,0.0,0.0,0.0,2.143412,0.2788928,1.526596,0.07464492,0.1171107,-2.642575,0.1317915,-0.4602899,0.0986082,0.8723764,18.7065,304.871,3.069726,0.03616512,0.03823795,-0.9986095,0.0,0.0,0.0,-1.602138,-0.8343328,-3.064717,-0.532664,-0.2619168,1.941681,0.5568193,0.0507223,0.8290836,-0.2933716,0.9458148,0.139167,-0.7771007,-0.3207204,0.5415283,moving,-77.43409,-65.18288,-15.34063,-7.682355,-8.622333569720478,-13.482559859492259
05/11/2023 10:30:00.339782,1455,True,True,True,True,Eyes,0.09006239,0.1125693,-2.832139,-0.8824021,-0.425221,0.2013791,0.0,0.0,0.0,0.0,0.0,0.0,0.0,2.121606,0.2809907,1.540588,0.07290648,0.1177404,-2.633325,0.131871,-0.4560036,0.09844062,0.8746316,18.69048,305.4453,3.142667,0.03576492,0.03836547,-0.9986187,0.0,0.0,0.0,-1.609804,-0.8278013,-3.039463,-0.531808,-0.259382,1.942169,0.5647405,0.05193128,0.8236331,-0.2924658,0.945839,0.1408985,-0.7717072,-0.3204556,0.5493417,moving,-77.1443,-64.65839,-15.31347,-7.606997,-8.6035801400432,-13.328712424635558
05/11/2023 10:30:00.359717,1456,True,True,True,True,Eyes,0.08865372,0.1128146,-2.824659,-0.8818148,-0.4234332,0.2076226,0.0,0.0,0.0,0.0,0.0,0.0,0.0,2.099703,0.2748762,1.555775,0.07120102,0.118169,-2.624064,0.1305201,-0.4517621,0.09902157,0.8769666,18.5657,306.0414,3.37149,0.03536433,0.03849849,-0.9986275,0.0,0.0,0.0,-1.618604,-0.8186781,-3.015497,-0.53084,-0.2565179,1.942718,0.5722115,0.05574914,0.8182091,-0.2916052,0.9463185,0.1394551,-0.7665118,-0.3183919,0.5577511,moving,-76.75106,-63.87984,-15.28278,-7.521863,-8.580338977534204,-13.100536831324153
05/11/2023 10:30:00.369780,1457,True,True,True,True,Eyes,0.08722049,0.113055,-2.817083,-0.8811323,-0.4216571,0.2140353,0.0,0.0,0.0,0.0,0.0,0.0,0.0,2.0779,0.2656929,1.570276,0.06948699,0.1187551,-2.614402,0.1286931,-0.4476779,0.09983941,0.8792354,18.40276,306.6234,3.645931,0.03496242,0.03863742,-0.9986359,0.0,0.0,0.0,-1.626932,-0.810396,-2.990551,-0.5299614,-0.2539169,1.943218,0.5792332,0.06033861,0.8129257,-0.2907908,0.9469404,0.1369112,-0.7615312,-0.3156947,0.5660452,moving,-76.34676,-63.08742,-15.25492,-7.444557,-8.556179061584764,-12.868274874875524
05/11/2023 10:30:00.389734,1458,True,True,True,True,Eyes,0.08577301,0.1132858,-2.809402,-0.8803946,-0.4197558,0.2207047,0.0,0.0,0.0,0.0,0.0,0.0,0.0,2.054018,0.2601946,1.586346,0.06777287,0.1190111,-2.604694,0.1272161,-0.4430397,0.1000866,0.8817679,18.24222,307.2645,3.85076,0.03455833,0.03878172,-0.9986441,0.0,0.0,0.0,-1.634318,-0.8038964,-2.964833,-0.5290725,-0.2512874,1.943724,0.5873972,0.06378264,0.8067815,-0.2892298,0.9475974,0.1356656,-0.755851,-0.3130348,0.5750639,moving,-75.92664,-62.26491,-15.22674,-7.36642,-8.531043503660957,-12.627190934195976
05/11/2023 10:30:00.410134,1459,True,True,True,True,Eyes,0.084308,0.1134944,-2.80163,-0.879549,-0.4178679,0.2275521,0.0,0.0,0.0,0.0,0.0,0.0,0.0,2.028578,0.2583768,1.602642,0.06629182,0.119033,-2.594569,0.1261862,-0.4381044,0.09980447,0.8844099,18.09841,307.9298,3.979786,0.03415167,0.03893078,-0.998652,0.0,0.0,0.0,-1.639444,-0.8008972,-2.939107,-0.5281694,-0.2486148,1.944238,0.5962073,0.06597069,0.8001155,-0.2871015,0.9482322,0.135751,-0.7497398,-0.3106501,0.5842832,moving,-75.4948,-61.42928,-15.19812,-7.287017,-8.504882263516167,-12.382234961506228
05/11/2023 10:30:00.429563,1460,True,True,True,True,Eyes,0.08281723,0.1136918,-2.793757,-0.8786209,-0.4159107,0.2346135,0.0,0.0,0.0,0.0,0.0,0.0,0.0,2.002305,0.2590355,1.619586,0.06476139,0.1187709,-2.584779,0.1254178,-0.4328655,0.09915894,0.887167,17.96151,308.6248,4.060755,0.03374192,0.03908357,-0.9986597,0.0,0.0,0.0,-1.643586,-0.7999213,-2.912724,-0.5272754,-0.24597,1.944746,0.6055899,0.06736301,0.7929205,-0.2845192,0.9488757,0.1366881,-0.7431754,-0.308378,0.5937957,moving,-75.04943,-60.57284,-15.16981,-7.208453,-8.477723983066426,-12.131164125662313
05/11/2023 10:30:00.440003,1461,True,True,True,True,Eyes,0.08130959,0.1138633,-2.785788,-0.877587,-0.4139519,0.2418367,0.0,0.0,0.0,0.0,0.0,0.0,0.0,1.975367,0.2608181,1.636213,0.06303705,0.1187373,-2.574727,0.1248352,-0.4274878,0.09825025,0.8899536,17.83017,309.3297,4.104945,0.03332835,0.03923956,-0.9986672,0.0,0.0,0.0,-1.646945,-0.7988409,-2.885847,-0.5263613,-0.2432646,1.945265,0.6152022,0.06814524,0.7854187,-0.2816073,0.9495261,0.1381935,-0.7363583,-0.3061966,0.6033407,moving,-74.59338,-59.7059,-15.14086,-7.128104,-8.449582960229439,-11.876987627308033
05/11/2023 10:30:00.459662,1462,True,True,True,True,Eyes,0.04297829,0.1173383,-2.584173,-0.8337437,-0.356159,0.4219268,0.0,0.0,0.0,0.0,0.0,0.0,0.0,1.948178,0.2638879,1.652271,0.06148997,0.1183049,-2.564615,0.1242967,-0.4221077,0.09696827,0.8927333,17.68536,310.0269,4.104943,0.03291057,0.03939775,-0.9986746,0.0,0.0,0.0,-1.650075,-0.7981862,-2.860775,-0.5254482,-0.240562,1.945785,0.6248446,0.06820042,0.7777647,-0.2780668,0.9502949,0.1400655,-0.7295534,-0.3037897,0.6127509,moving,-63.15771,-40.16855,-15.11194,-7.04785,-7.67122684089362,-6.142762777751224
05/11/2023 10:30:00.479607,1463,True,True,True,True,Eyes,0.04289267,0.1173236,-2.583754,-0.8335677,-0.3560334,0.4223803,0.0,0.0,0.0,0.0,0.0,0.0,0.0,1.920685,0.266947,1.668112,0.0597327,0.1176839,-2.5545,0.1236734,-0.416635,0.09552737,0.8955417,17.52425,310.7322,4.091864,0.03093539,0.040119,-0.9987097,-0.1149939,0.01042494,0.6048446,-1.65303,-0.7973979,-2.835665,-0.5245481,-0.2379005,1.946296,0.6345797,0.06804417,0.7698563,-0.2741508,0.9511588,0.1419093,-0.7225996,-0.3011094,0.6222404,moving,-63.12804,-40.12826,-15.08345,-6.968832,-7.668863931009525,-6.130905541789876
05/11/2023 10:30:00.494612,1464,True,True,True,True,Eyes,0.04271657,0.117301,-2.582932,-0.8332885,-0.3557293,0.4231866,0.0,0.0,0.0,0.0,0.0,0.0,0.0,1.892202,0.2695472,1.684393,0.0579724,0.1173193,-2.544236,0.1228857,-0.4109709,0.09380514,0.8984447,17.33237,311.4577,4.057975,0.02928639,0.04072044,-0.9987357,-0.1080943,0.009799445,0.5685539,-1.655187,-0.7984737,-2.811467,-0.5236759,-0.235319,1.946792,0.6446071,0.06755253,0.7615238,-0.2695623,0.9521994,0.1437096,-0.7154146,-0.2979144,0.6320041,moving,-63.0762,-40.0503,-15.05585,-6.892207,-7.664985225509471,-6.107991499241018
05/11/2023 10:30:00.509924,1465,True,True,True,True,Eyes,0.04246507,0.1172713,-2.58172,-0.8328679,-0.3551914,0.4244646,0.0,0.0,0.0,0.0,0.0,0.0,0.0,1.863896,0.2693569,1.700374,0.05601797,0.1171283,-2.533984,0.1214607,-0.4053955,0.09178713,0.9013751,17.06063,312.1711,4.018218,0.02790069,0.04122429,-0.9987552,-0.1016086,0.009211479,0.5344406,-1.657908,-0.7977492,-2.787149,-0.5227166,-0.2324794,1.947337,0.6544594,0.06699005,0.7531238,-0.2639484,0.9536449,0.1445431,-0.7085297,-0.2933834,0.6418037,moving,-62.99469,-39.92255,-15.02551,-6.807934,-7.659057345018571,-6.070461282304657
05/11/2023 10:30:00.530176,1466,True,True,True,True,Eyes,0.04213008,0.1171969,-2.580131,-0.8323888,-0.3543085,0.426139,0.0,0.0,0.0,0.0,0.0,0.0,0.0,1.834023,0.2642657,1.718122,0.05434053,0.1169752,-2.523645,0.1189134,-0.3995667,0.08965663,0.9045263,16.66457,312.923,4.020337,0.02672789,0.04164856,-0.9987701,-0.09551211,0.00865879,0.5023742,-1.65884,-0.799502,-2.76354,-0.5218543,-0.2299284,1.947828,0.6646163,0.06716593,0.7441598,-0.2572212,0.9556426,0.1434729,-0.7015143,-0.2867681,0.6524122,moving,-62.88995,-39.74145,-14.99823,-6.73224,-7.651999542290242,-6.017314969532879
05/11/2023 10:30:00.539543,1467,True,True,True,True,Eyes,0.04170674,0.1171171,-2.578162,-0.8317788,-0.3530485,0.4283698,0.0,0.0,0.0,0.0,0.0,0.0,0.0,1.802547,0.2557596,1.737232,0.05242376,0.1158845,-2.513242,0.1150812,-0.3934137,0.08667724,0.9080029,16.09245,313.7126,3.990089,0.02568656,0.04202082,-0.9987823,-0.08978138,0.008139263,0.4722317,-1.661937,-0.7981922,-2.742758,-0.5209682,-0.2273065,1.948331,0.6754256,0.06685732,0.7343913,-0.2479554,0.9584867,0.1407881,-0.6944916,-0.2771882,0.663964,moving,-62.75132,-39.49424,-14.97021,-6.654459,-7.642906200521247,-5.944790666932989
05/11/2023 10:30:00.562606,1468,True,True,True,True,Eyes,0.04120364,0.1170094,-2.575845,-0.8310587,-0.3516441,0.4309151,0.0,0.0,0.0,0.0,0.0,0.0,0.0,1.767812,0.2438323,1.758874,0.05032629,0.1157367,-2.502464,0.1105616,-0.3865279,0.08342358,0.9118184,15.43324,314.5925,3.965613,0.02473379,0.04235633,-0.9987925,-0.0843945,0.007650907,0.4438978,-1.666564,-0.7933056,-2.723756,-0.5199816,-0.2243869,1.948892,0.6872734,0.06666399,0.7233334,-0.2376046,0.9616333,0.1371332,-0.6864397,-0.2661153,0.6767446,moving,-62.59266,-39.21583,-14.93902,-6.567863,-7.632349791503674,-5.863099823013395
05/11/2023 10:30:00.579696,1469,True,True,True,True,Eyes,0.04061919,0.1168317,-2.573174,-0.83016,-0.3500547,0.4339308,0.0,0.0,0.0,0.0,0.0,0.0,0.0,1.734838,0.234687,1.777967,0.04833704,0.1150646,-2.492054,0.1072558,-0.3798793,0.08177219,0.9151509,14.97738,315.4455,4.047123,0.02385919,0.04265784,-0.9988014,-0.07933083,0.007191853,0.417264,-1.671132,-0.7894169,-2.707564,-0.5191173,-0.2218307,1.949383,0.69801,0.06817926,0.7128348,-0.2311563,0.963619,0.1341833,-0.6777527,-0.2584376,0.6883758,moving,-62.4036,-38.89333,-14.91171,-6.492066,-7.619465092358511,-5.7684443188907855
05/11/2023 10:30:00.589667,1470,True,True,True,True,Eyes,0.03995271,0.1166003,-2.570179,-0.8291033,-0.348536,0.4371618,0.0,0.0,0.0,0.0,0.0,0.0,0.0,1.700713,0.2312363,1.795948,0.04623181,0.1132451,-2.481201,0.1047564,-0.3729456,0.07957762,0.9184799,14.58343,316.3172,4.031745,0.02305018,0.04292731,-0.9988092,-0.07457098,0.006760342,0.3922281,-1.675932,-0.7861028,-2.693712,-0.5182829,-0.2193635,1.949857,0.7091579,0.06804395,0.7017586,-0.2243178,0.965387,0.1330771,-0.6684136,-0.2517896,0.6998752,moving,-62.19864,-38.56431,-14.88535,-6.41892,-7.604816399639943,-5.6718114801857284
05/11/2023 10:30:00.610000,1471,True,True,True,True,Eyes,0.03922269,0.1163492,-2.566885,-0.8278086,-0.3469774,0.4408398,0.0,0.0,0.0,0.0,0.0,0.0,0.0,1.664743,0.2369909,1.814208,0.04408349,0.1116905,-2.470721,0.1040905,-0.3653738,0.07688105,0.9218225,14.36431,317.2473,3.887462,0.02229835,0.04316601,-0.9988162,-0.07009672,0.006354721,0.3686944,-1.679254,-0.7852721,-2.680205,-0.5173507,-0.2166029,1.950387,0.7211826,0.06567746,0.6896247,-0.2178052,0.966509,0.1357252,-0.6576144,-0.2480865,0.7113343,moving,-61.96299,-38.20567,-14.8559,-6.337093,-7.587325448304379,-5.566414751118914
05/11/2023 10:30:00.629673,1472,True,True,True,True,Eyes,0.0384097,0.1160426,-2.563317,-0.8263052,-0.3456945,0.4446517,0.0,0.0,0.0,0.0,0.0,0.0,0.0,1.627491,0.2460068,1.832908,0.04231353,0.1108744,-2.460633,0.1042445,-0.3574621,0.07407126,0.9251311,14.23118,318.2097,3.698366,0.02159528,0.0433769,-0.9988227,-0.06589092,0.005973438,0.3465728,-1.680985,-0.78671,-2.666723,-0.5163999,-0.2137888,1.950928,0.7334686,0.06252436,0.6768417,-0.2115782,0.967293,0.1399243,-0.6459556,-0.2458349,0.7227079,moving,-61.7144,-37.86329,-14.82587,-6.253698,-7.5676866763575505,-5.465671937782893
05/11/2023 10:30:00.647052,1473,True,True,True,True,Eyes,0.03753844,0.1157094,-2.55947,-0.8245876,-0.3443472,0.4488655,0.0,0.0,0.0,0.0,0.0,0.0,0.0,1.58975,0.2581055,1.850988,0.04001869,0.1091575,-2.450829,0.1049716,-0.3492549,0.07137055,0.9283903,14.16778,319.2031,3.500245,0.02093252,0.04356122,-0.9988291,-0.06193747,0.005615031,0.3257784,-1.681657,-0.7892873,-2.652069,-0.5155102,-0.2111565,1.951433,0.7458546,0.05919577,0.6634734,-0.2058431,0.9677744,0.1450561,-0.6335058,-0.2447622,0.734004,moving,-61.43828,-37.49363,-14.79779,-6.17571,-7.545521741188549,-5.356861465048813
05/11/2023 10:30:00.659540,1474,True,True,True,True,Eyes,0.0365933,0.1154168,-2.555357,-0.8227147,-0.3431736,0.4531803,0.0,0.0,0.0,0.0,0.0,0.0,0.0,1.553547,0.2632584,1.867379,0.03819447,0.1081275,-2.440649,0.1045441,-0.3416689,0.06893105,0.9314406,13.99613,320.1254,3.366033,0.02030474,0.0437208,-0.9988353,-0.05822122,0.00527813,0.3062317,-1.682494,-0.7905498,-2.635381,-0.514596,-0.2084527,1.951953,0.7570218,0.05697147,0.6509013,-0.1998493,0.9686381,0.1476499,-0.6220759,-0.2418563,0.7446658,moving,-61.15247,-37.13506,-14.76893,-6.095623,-7.5217843001609905,-5.2512206000980735
05/11/2023 10:30:00.669839,1475,True,True,True,True,Eyes,0.03558806,0.1151915,-2.550973,-0.8206154,-0.3420399,0.45782,0.0,0.0,0.0,0.0,0.0,0.0,0.0,1.518498,0.265468,1.882568,0.03591707,0.1088223,-2.430482,0.1042245,-0.3342653,0.06733893,0.9342749,13.87277,321.031,3.315604,0.01970508,0.04386031,-0.9988413,-0.05472795,0.004961442,0.2878578,-1.682499,-0.7924495,-2.61899,-0.5137062,-0.2058185,1.952459,0.7674644,0.05614887,0.6386281,-0.1955034,0.9692054,0.1497305,-0.6105546,-0.2397668,0.754808,moving,-60.84292,-36.76361,-14.74085,-6.017611,-7.4955169387954195,-5.141714028069916
05/11/2023 10:30:00.689974,1476,True,True,True,True,Eyes,0.03452627,0.1150673,-2.546333,-0.8183445,-0.3411148,0.4625506,0.0,0.0,0.0,0.0,0.0,0.0,0.0,1.484487,0.2670433,1.895861,0.03386196,0.1102319,-2.419919,0.1043023,-0.3271652,0.06666441,0.9368244,13.83026,321.9045,3.345062,0.01912841,0.04398485,-0.9988472,-0.05144427,0.004663755,0.2705863,-1.685085,-0.7892042,-2.602499,-0.5128087,-0.2031634,1.952969,0.7770377,0.05665754,0.6268991,-0.1931538,0.9693537,0.1518053,-0.599086,-0.2390464,0.764168,moving,-60.52369,-36.40748,-14.71254,-5.939,-7.467538621834049,-5.03660557018543
05/11/2023 10:30:00.709793,1477,True,True,True,True,Eyes,0.03341682,0.1150014,-2.541451,-0.8158481,-0.340173,0.4676262,0.0,0.0,0.0,0.0,0.0,0.0,0.0,1.448612,0.2692945,1.910068,0.03188676,0.1125709,-2.409496,0.1046512,-0.3196001,0.06585895,0.9394501,13.81137,322.8301,3.356126,0.01857082,0.04410018,-0.9988528,-0.04835761,0.00438393,0.2543511,-1.688082,-0.7823264,-2.586293,-0.5119257,-0.2005487,1.953472,0.7870367,0.05684933,0.6142812,-0.1906355,0.9694214,0.1545321,-0.5867123,-0.2387262,0.7738077,moving,-60.17962,-36.03388,-14.68469,-5.861605,-7.437045034297974,-4.92629260267289
05/11/2023 10:30:00.729677,1478,True,True,True,True,Eyes,0.03227402,0.1150622,-2.53634,-0.813181,-0.3392577,0.4729068,0.0,0.0,0.0,0.0,0.0,0.0,0.0,1.411238,0.2748104,1.924281,0.03006716,0.1138258,-2.39919,0.1050041,-0.3117343,0.06357367,0.9422072,13.73947,323.7722,3.20639,0.01802834,0.04421,-0.998858,-0.04545616,0.004120894,0.2390901,-1.688408,-0.7837497,-2.570625,-0.5110012,-0.1978145,1.953997,0.7975602,0.05433237,0.6007875,-0.1852659,0.9698651,0.158235,-0.5740855,-0.2375073,0.7835917,moving,-59.81979,-35.6552,-14.65554,-5.780693,-7.404757325512539,-4.814421235700078
05/11/2023 10:30:00.747208,1479,True,True,True,True,Eyes,0.0311159,0.1152041,-2.531023,-0.8102843,-0.3384084,0.478455,0.0,0.0,0.0,0.0,0.0,0.0,0.0,1.369964,0.2734621,1.941687,0.02862108,0.116965,-2.388981,0.1044475,-0.3030103,0.06209618,0.9452088,13.59639,324.8313,3.190155,0.01749817,0.04432024,-0.9988627,-0.04272879,0.003873641,0.2247447,-1.69621,-0.7670545,-2.551896,-0.5101312,-0.1952395,1.954492,0.8086576,0.0540904,0.5857874,-0.180685,0.9704697,0.1598178,-0.5598444,-0.2350809,0.7945511,moving,-59.43909,-35.27155,-14.62811,-5.704508,-7.370035743352392,-4.700996472771355
05/11/2023 10:30:00.759753,1480,True,True,True,True,Eyes,0.02995648,0.1154089,-2.525492,-0.8071755,-0.3375754,0.484263,0.0,0.0,0.0,0.0,0.0,0.0,0.0,1.336846,0.2675583,1.953492,0.02743551,0.1192174,-2.379056,0.1037429,-0.2961471,0.06342642,0.9473708,13.54053,325.6929,3.463314,0.01697685,0.0444348,-0.9988667,-0.04016506,0.003641222,0.21126,-1.699086,-0.7597241,-2.537127,-0.5091436,-0.1923178,1.955053,0.8165479,0.05873033,0.5742824,-0.181623,0.970429,0.158999,-0.5479623,-0.2341332,0.8030685,moving,-59.03845,-34.88001,-14.59699,-5.618088,-7.333092491258402,-4.585175206695372
05/11/2023 10:30:00.779564,1481,True,True,True,True,Eyes,0.02881324,0.1156613,-2.519769,-0.8038499,-0.3368001,0.490297,0.0,0.0,0.0,0.0,0.0,0.0,0.0,1.303363,0.2621859,1.964328,0.02660124,0.1210677,-2.368695,0.1028401,-0.2893604,0.06398938,0.9495262,13.43433,326.5343,3.654959,0.01646508,0.0445558,-0.99887,-0.03775515,0.003422749,0.1985844,-1.704132,-0.7503766,-2.517131,-0.5082833,-0.1897726,1.955541,0.8243518,0.06200346,0.562672,-0.1810349,0.9706586,0.1582667,-0.5363493,-0.2323307,0.8113889,moving,-58.61948,-34.48637,-14.56989,-5.542829,-7.293936777251883,-4.468647426445586
05/11/2023 10:30:00.794664,1482,True,True,True,True,Eyes,0.0277016,0.115897,-2.513883,-0.8000122,-0.3340961,0.4983576,0.0,0.0,0.0,0.0,0.0,0.0,0.0,1.268636,0.2642393,1.974829,0.02620039,0.1224908,-2.358711,0.1031752,-0.2822642,0.0636522,0.9516461,13.43288,327.3954,3.708059,0.01596124,0.04468519,-0.9988726,-0.03548985,0.003217384,0.1866693,-1.708989,-0.7386289,-2.499234,-0.5074474,-0.1872992,1.956017,0.8325506,0.0629034,0.550366,-0.1793941,0.9706066,0.1604391,-0.5240967,-0.232306,0.8193635,moving,-58.07967,-33.83768,-14.54356,-5.469705,-7.248161227149867,-4.277412289822032
05/11/2023 10:30:00.810673,1483,True,True,True,True,Eyes,0.02662286,0.1160998,-2.507823,-0.7959855,-0.3314394,0.5065125,0.0,0.0,0.0,0.0,0.0,0.0,0.0,1.234989,0.2711494,1.983981,0.02600671,0.1218722,-2.349334,0.1040919,-0.2753285,0.063088,0.9536138,13.48948,328.2304,3.714889,0.01546644,0.04482167,-0.9988743,-0.03336046,0.003024341,0.1754692,-1.712409,-0.7294489,-2.47496,-0.5065373,-0.1846055,1.956535,0.8404283,0.06300422,0.538248,-0.1776421,0.9703696,0.1637871,-0.5119802,-0.2332668,0.8267182,moving,-57.53002,-33.19896,-14.5149,-5.390088,-7.20083148610099,-4.089020705798155
05/11/2023 10:30:00.829583,1484,True,True,True,True,Eyes,0.02558998,0.1163183,-2.501608,-0.7918162,-0.3286718,0.5147833,0.0,0.0,0.0,0.0,0.0,0.0,0.0,1.201755,0.2740946,1.992242,0.02604331,0.1212563,-2.339442,0.103936,-0.2686932,0.06159075,0.9556191,13.3998,329.0195,3.646013,0.01498053,0.04496375,-0.9988754,-0.03135883,0.00284288,0.164941,-1.716084,-0.718866,-2.450526,-0.5056326,-0.1819296,1.957049,0.8480211,0.0618608,0.5263397,-0.1735684,0.9708079,0.1655484,-0.5007338,-0.2317444,0.8340026,moving,-56.9709,-32.55686,-14.48643,-5.311021,-7.152434493718505,-3.8995975906465157
05/11/2023 10:30:00.847393,1485,True,True,True,True,Eyes,0.02460378,0.1165225,-2.495224,-0.7874984,-0.3259512,0.5230699,0.0,0.0,0.0,0.0,0.0,0.0,0.0,1.169566,0.2751884,2.000111,0.026432,0.1218338,-2.329917,0.1036982,-0.2623361,0.06024615,0.9574951,13.30829,329.7751,3.591677,0.01450505,0.04511167,-0.9988759,-0.0294773,0.002672307,0.1550446,-1.717952,-0.7103323,-2.42449,-0.5047345,-0.17927,1.957559,0.8551004,0.06096322,0.5148658,-0.1697783,0.9712342,0.1669715,-0.4898762,-0.2301905,0.8408529,moving,-56.40721,-31.92912,-14.45816,-5.232457,-7.102994368882338,-3.7143207337486848
05/11/2023 10:30:00.862869,1486,True,True,True,True,Eyes,0.0236652,0.1167034,-2.488693,-0.7830356,-0.3231667,0.5314307,0.0,0.0,0.0,0.0,0.0,0.0,0.0,1.138899,0.2814104,2.00515,0.02685498,0.1215689,-2.319786,0.1041845,-0.2564183,0.05759733,0.9592068,13.26216,330.4578,3.36115,0.01404014,0.04526484,-0.9988756,-0.02770866,0.002511969,0.1457419,-1.717329,-0.7071171,-2.397667,-0.5038081,-0.1765307,1.958086,0.8618643,0.05706588,0.503918,-0.1639252,0.9716563,0.1703309,-0.4799151,-0.229407,0.8467904,moving,-55.83604,-31.30408,-14.42902,-5.151559,-7.052533927941946,-3.529788558444195
05/11/2023 10:30:00.879498,1487,True,True,True,True,Eyes,0.02278702,0.1168948,-2.482026,-0.7783997,-0.3205028,0.5397888,0.0,0.0,0.0,0.0,0.0,0.0,0.0,1.10516,0.2927074,2.011225,0.02739038,0.1209707,-2.31013,0.1054362,-0.2497329,0.05387278,0.9610487,13.27153,331.2159,2.996978,0.01358697,0.04542204,-0.9988748,-0.02604614,0.002361251,0.1369974,-1.714281,-0.7079246,-2.371331,-0.5029466,-0.1739807,1.958575,0.8694624,0.05088695,0.4913712,-0.1562105,0.9719619,0.175751,-0.4686506,-0.2295663,0.8530334,moving,-55.26025,-30.69997,-14.40192,-5.076273,-7.000807157840319,-3.3513104015048123
05/11/2023 10:30:00.889750,1488,True,True,True,True,Eyes,0.02197235,0.1171184,-2.475242,-0.7735705,-0.3180122,0.5481394,0.0,0.0,0.0,0.0,0.0,0.0,0.0,1.072288,0.308364,2.015775,0.02827071,0.1211379,-2.300601,0.1077819,-0.2433036,0.04957768,0.9626675,13.39371,331.9298,2.533789,0.01314611,0.04558383,-0.9988733,-0.02448337,0.002219576,0.1287775,-1.711015,-0.7078961,-2.343663,-0.5020244,-0.1712507,1.9591,0.8766907,0.04300614,0.4791282,-0.1479011,0.9718502,0.1833915,-0.4577538,-0.2316412,0.8583727,moving,-54.67924,-30.12088,-14.37291,-4.995693,-6.947604296325792,-3.180070895070849
05/11/2023 10:30:00.909816,1489,True,True,True,True,Eyes,0.02123195,0.1173392,-2.468353,-0.7685465,-0.31579,0.5564287,0.0,0.0,0.0,0.0,0.0,0.0,0.0,1.038936,0.3288214,2.019664,0.02929688,0.1218605,-2.291471,0.1115137,-0.2366841,0.0458167,0.964078,13.69209,332.6648,2.097187,0.01271845,0.04575149,-0.9988711,-0.02301437,0.002086401,0.1210509,-1.707591,-0.7068408,-2.314758,-0.5011014,-0.1685203,1.959625,0.883763,0.0355547,0.4665822,-0.1411288,0.9709311,0.1933277,-0.4461454,-0.236704,0.8630907,moving,-54.09542,-29.57622,-14.3439,-4.915125,-6.892914590078239,-3.0188155468044746
05/11/2023 10:30:00.929566,1490,True,True,True,True,Eyes,0.02056782,0.1175747,-2.461378,-0.7632943,-0.3137748,0.5647364,0.0,0.0,0.0,0.0,0.0,0.0,0.0,1.006159,0.3524383,2.022087,0.03063231,0.1217138,-2.282467,0.1158452,-0.2302503,0.04199135,0.9652987,14.06293,333.3701,1.637627,0.01230577,0.04592455,-0.9988675,-0.02163351,0.001961217,0.1137878,-1.705962,-0.7020224,-2.284734,-0.5001874,-0.1658145,1.960145,0.890443,0.02772158,0.4542496,-0.1344152,0.9696332,0.2043134,-0.4347917,-0.2429875,0.8671294,moving,-53.50348,-29.05711,-14.31517,-4.835308,-6.836370282214186,-2.8649374787299324
05/11/2023 10:30:00.939946,1491,True,True,True,True,Eyes,0.01999851,0.1178517,-2.454331,-0.7578136,-0.311957,0.573063,0.0,0.0,0.0,0.0,0.0,0.0,0.0,0.971038,0.3764616,2.025299,0.03210805,0.1219568,-2.273888,0.1202368,-0.2233181,0.03744818,0.9665764,14.42792,334.1212,1.105854,0.01190984,0.04610327,-0.9988633,-0.0203355,0.001843544,0.1069606,-1.705613,-0.6918434,-2.251135,-0.4993011,-0.163193,1.960648,0.8974532,0.01869093,0.4407134,-0.1260952,0.9682814,0.2157104,-0.4227028,-0.2491619,0.8713443,moving,-52.90322,-28.56245,-14.28733,-4.758001,-6.777982802890482,-2.7181161803336673
05/11/2023 10:30:00.960008,1492,True,True,True,True,Eyes,0.01951358,0.1181808,-2.447213,-0.7520012,-0.310064,0.5816824,0.0,0.0,0.0,0.0,0.0,0.0,0.0,0.9328219,0.3939183,2.030713,0.03413579,0.1229742,-2.265576,0.1235022,-0.215749,0.0336464,0.9680225,14.69207,334.9615,0.7019226,0.01153271,0.04628904,-0.9988586,-0.01911537,0.001732931,0.1005429,-1.704133,-0.6833827,-2.216501,-0.4983714,-0.1604424,1.961177,0.9046405,0.01185,0.4260107,-0.1184319,0.9672303,0.2245874,-0.409389,-0.2536241,0.8763992,moving,-52.2776,-28.05971,-14.25812,-4.67691,-6.716705218511231,-2.5688146234709945
05/11/2023 10:30:00.969576,1493,True,True,True,True,Eyes,0.01910762,0.1185459,-2.44004,-0.7459238,-0.3081422,0.5904626,0.0,0.0,0.0,0.0,0.0,0.0,0.0,0.8900806,0.4029014,2.039037,0.03601776,0.1243589,-2.257317,0.1250127,-0.2070973,0.03014405,0.9698319,14.7717,335.9436,0.3963971,0.01117587,0.04648356,-0.9988531,0.0,0.0,0.0,-1.703787,-0.6732554,-2.184022,-0.4974374,-0.157679,1.961707,0.9124041,0.006689726,0.4092359,-0.1102489,0.9669263,0.2299971,-0.3941624,-0.2549681,0.8829651,moving,-51.63537,-27.55852,-14.2288,-4.595466,-6.653308746526278,-2.419875634192567
05/11/2023 10:30:00.989731,1494,True,True,True,True,Eyes,0.01877807,0.1189425,-2.432845,-0.7396916,-0.3060668,0.5993158,0.0,0.0,0.0,0.0,0.0,0.0,0.0,0.8464674,0.4014637,2.049194,0.03785372,0.1255094,-2.249376,0.1242841,-0.1981832,0.02732442,0.9718695,14.61995,336.9778,0.2279413,0.01084042,0.04668769,-0.9988469,0.0,0.0,0.0,-1.70286,-0.667052,-2.156083,-0.4965547,-0.1550655,1.962209,0.9199536,0.003849504,0.3920084,-0.1023736,0.9676137,0.2307454,-0.3784244,-0.2524063,0.8905538,moving,-50.98478,-27.05311,-14.20108,-4.518466,-6.589010942556513,-2.269667017939798
05/11/2023 10:30:01.009436,1495,True,True,True,True,Eyes,0.01853275,0.1193391,-2.425601,-0.7333868,-0.303891,0.608107,0.0,0.0,0.0,0.0,0.0,0.0,0.0,0.8140751,0.395718,2.055408,0.03969228,0.1267828,-2.241956,0.1229764,-0.1917734,0.02568495,0.9733653,14.43333,337.7298,0.1676981,0.01052729,0.04690197,-0.9988399,0.0,0.0,0.0,-1.701906,-0.6634544,-2.132381,-0.4956267,-0.1523211,1.962737,0.9251265,0.002834496,0.3796484,-0.09716886,0.9684342,0.2295505,-0.3670138,-0.2492532,0.8961995,moving,-50.33529,-26.5528,-14.17196,-4.437629,-6.524681646213382,-2.1209453156689646
05/11/2023 10:30:01.019894,1496,True,True,True,True,Eyes,0.01838403,0.1197105,-2.418301,-0.7270138,-0.3014201,0.6169254,0.0,0.0,0.0,0.0,0.0,0.0,0.0,0.7908586,0.3778324,2.059114,0.0415118,0.1272184,-2.233889,0.1193417,-0.187407,0.02681391,0.974637,14.04476,338.2864,0.4451332,0.01023766,0.04712567,-0.9988322,0.0,0.0,0.0,-1.700951,-0.663003,-2.111596,-0.4947236,-0.1496487,1.96325,0.9283192,0.007536721,0.3717076,-0.09699858,0.9700772,0.2225793,-0.3589076,-0.2426798,0.9012724,moving,-49.68291,-26.03941,-14.14362,-4.358941,-6.460424551034197,-1.9684097534951235
05/11/2023 10:30:01.049443,1497,True,True,True,True,Eyes,0.01834071,0.1200537,-2.410946,-0.7205691,-0.2989251,0.6256389,0.0,0.0,0.0,0.0,0.0,0.0,0.0,0.7661309,0.3652448,2.061736,0.04377227,0.1271864,-2.225539,0.1166693,-0.1828284,0.02723018,0.975818,13.74805,338.8508,0.6183288,0.00997315,0.04735709,-0.9988237,0.0,0.0,0.0,-1.698721,-0.6641575,-2.092548,-0.4938151,-0.1469606,1.963766,0.9316646,0.01048248,0.3631684,-0.0958043,0.9712936,0.217739,-0.3504606,-0.2376528,0.9059241,moving,-49.03363,-25.53809,-14.11512,-4.279813,-6.3961547515573045,-1.8193958397169299
05/11/2023 10:30:01.059676,1498,True,True,True,True,Eyes,0.01840806,0.1203638,-2.40354,-0.7140008,-0.2963126,0.6343514,0.0,0.0,0.0,0.0,0.0,0.0,0.0,0.7403241,0.358152,2.063394,0.04639835,0.1269577,-2.217132,0.1150811,-0.1780875,0.02696064,0.9768902,13.55896,339.4187,0.688781,0.009735598,0.0475946,-0.9988147,0.0,0.0,0.0,-1.695959,-0.6665425,-2.071569,-0.4929137,-0.1442919,1.964279,0.9351159,0.01168617,0.3541492,-0.09366419,0.972059,0.2152404,-0.3417386,-0.2344459,0.9100823,moving,-48.38063,-25.0378,-14.08685,-4.201285,-6.331387851644623,-1.6706614395211572
05/11/2023 10:30:01.069496,1499,True,True,True,True,Eyes,0.01859274,0.1206514,-2.39608,-0.7073497,-0.2937725,0.6429262,0.0,0.0,0.0,0.0,0.0,0.0,0.0,0.7139145,0.3539862,2.064535,0.04933336,0.1264224,-2.208816,0.1140575,-0.1732461,0.02651259,0.9778925,13.43007,339.9927,0.7265085,0.00952693,0.0478365,-0.9988052,0.0,0.0,0.0,-1.692741,-0.6678855,-2.05077,-0.4920287,-0.1416727,1.964783,0.9385658,0.0123329,0.34488,-0.09137294,0.972576,0.2138856,-0.3327841,-0.2322584,0.9139534,moving,-47.73159,-24.5571,-14.0591,-4.124233,-6.266466958775328,-1.5276371395828905
05/11/2023 10:30:01.089806,1500,True,True,True,True,Eyes,0.01890423,0.1209033,-2.388573,-0.700587,-0.2912562,0.6514198,0.0,0.0,0.0,0.0,0.0,0.0,0.0,0.6880993,0.3513815,2.064748,0.05252375,0.1261812,-2.20033,0.1135673,-0.1685525,0.02667106,0.9787651,13.37376,340.5541,0.8201284,0.009349196,0.04808169,-0.9987951,0.0,0.0,0.0,-1.689413,-0.6693738,-2.02968,-0.4911716,-0.139138,1.96527,0.9417573,0.01392529,0.3360046,-0.0904935,0.9727823,0.2133204,-0.3238887,-0.2313023,0.917385,moving,-47.08271,-24.08989,-14.03224,-4.049695,-6.201120479990672,-1.3885313757979763
05/11/2023 10:30:01.109955,1501,True,True,True,True,Eyes,0.01934572,0.1211264,-2.381006,-0.6937567,-0.2888296,0.6597568,0.0,0.0,0.0,0.0,0.0,0.0,0.0,0.6629696,0.3501537,2.064383,0.05602158,0.1256431,-2.192005,0.1133488,-0.1640412,0.02700554,0.9795476,13.35131,341.0945,0.925671,0.009204684,0.04832863,-0.9987846,0.0,0.0,0.0,-1.68593,-0.6672651,-2.003496,-0.490257,-0.1364327,1.965789,0.9447224,0.01571867,0.3274944,-0.09009416,0.9728455,0.2132011,-0.3152502,-0.2309211,0.9204851,moving,-46.43895,-23.64293,-14.00358,-3.970162,-6.1357426147701135,-1.2553335019020668
05/11/2023 10:30:01.129792,1502,True,True,True,True,Eyes,0.01992562,0.1213337,-2.373392,-0.6868427,-0.2864358,0.6679834,0.0,0.0,0.0,0.0,0.0,0.0,0.0,0.6375409,0.3498631,2.063273,0.0597322,0.125203,-2.18328,0.1133236,-0.1595404,0.02687578,0.9802971,13.34166,341.6265,0.9735984,0.009095641,0.04857622,-0.9987737,0.0,0.0,0.0,-1.681746,-0.6642854,-1.975039,-0.4893487,-0.1337433,1.966306,0.9476491,0.01653309,0.3188853,-0.08885188,0.9728709,0.2136061,-0.3067026,-0.2307572,0.9234092,moving,-45.79751,-23.20998,-13.97513,-3.891127,-6.0701908788230545,-1.126216568177358
05/11/2023 10:30:01.145855,1503,True,True,True,True,Eyes,0.02063901,0.1215065,-2.365736,-0.6799019,-0.2841097,0.676029,0.0,0.0,0.0,0.0,0.0,0.0,0.0,0.6112683,0.3495354,2.062519,0.06376388,0.1251663,-2.174874,0.1133177,-0.1548872,0.02641545,0.9810563,13.32798,342.1717,0.9849721,0.009024494,0.048824,-0.9987624,0.0,0.0,0.0,-1.67772,-0.6591039,-1.944875,-0.4883662,-0.1308369,1.966864,0.9506244,0.01672718,0.3098927,-0.08693299,0.9729227,0.2141592,-0.2979193,-0.2305249,0.9263382,moving,-45.16365,-22.79519,-13.94437,-3.80574,-6.004983011724754,-1.0024135280566329
05/11/2023 10:30:01.160007,1504,True,True,True,True,Eyes,0.02149363,0.1216523,-2.358052,-0.672905,-0.2818159,0.6839435,0.0,0.0,0.0,0.0,0.0,0.0,0.0,0.5882972,0.3518117,2.060033,0.06781514,0.1243369,-2.166459,0.1137049,-0.1510269,0.02529452,0.9816426,13.34863,342.6126,0.901907,0.008993277,0.04907074,-0.9987506,0.0,0.0,0.0,-1.673759,-0.6533348,-1.914723,-0.487546,-0.1284096,1.96733,0.9531021,0.01531535,0.3022611,-0.08400536,0.9728628,0.2155949,-0.2907567,-0.2308756,0.9285241,moving,-44.53389,-22.3939,-13.91868,-3.734454,-5.939839700177695,-0.8825527015946459
05/11/2023 10:30:01.179719,1505,True,True,True,True,Eyes,0.0224891,0.1217547,-2.350345,-0.6659471,-0.2796187,0.6916125,0.0,0.0,0.0,0.0,0.0,0.0,0.0,0.565877,0.3544763,2.057492,0.07215741,0.1237462,-2.158385,0.1141857,-0.1473491,0.02367577,0.982186,13.37246,343.0248,0.7572451,0.009004201,0.04931561,-0.9987386,0.0,0.0,0.0,-1.669096,-0.6472321,-1.88276,-0.486662,-0.1257941,1.967833,0.9554554,0.01285772,0.2948553,-0.08015833,0.9728022,0.2173259,-0.2840416,-0.2312803,0.9304997,moving,-43.91692,-22.01346,-13.89102,-3.657667,-5.8755999888937085,-0.7688144532741985
05/11/2023 10:30:01.195501,1506,True,True,True,True,Eyes,0.05101803,0.1233694,-2.156864,-0.4695558,-0.2124485,0.8569615,0.0,0.0,0.0,0.0,0.0,0.0,0.0,0.5468824,0.3585863,2.053557,0.07662368,0.1227262,-2.150309,0.1149876,-0.1444792,0.02228211,0.9825513,13.43848,343.3431,0.6220873,0.009059298,0.04955717,-0.9987262,0.0,0.0,0.0,-1.663723,-0.6412156,-1.849867,-0.4857545,-0.1231083,1.968349,0.9572585,0.01055999,0.2890409,-0.07701328,0.9725627,0.2195239,-0.2787922,-0.2324011,0.9318072,moving,-28.7197,-13.92343,-13.86262,-3.578842,-4.2509419388969985,1.6607743625894624
05/11/2023 10:30:01.209903,1507,True,True,True,True,Eyes,0.05122391,0.1233347,-2.156533,-0.4693938,-0.2124526,0.8570492,0.0,0.0,0.0,0.0,0.0,0.0,0.0,0.5294629,0.3602215,2.049277,0.08131965,0.1218526,-2.142,0.1153678,-0.1419993,0.02168236,0.9828817,13.47044,343.627,0.5808144,0.0108008,0.05042028,-0.998666,0.08558679,0.004844181,0.5804408,-1.657825,-0.6352357,-1.816538,-0.4848188,-0.1203404,1.968881,0.9587321,0.009858085,0.2841399,-0.0753867,0.9724402,0.2206281,-0.2741342,-0.2329436,0.9330529,moving,-28.7089,-13.92232,-13.83335,-3.497636,-4.24963415611154,1.6611536649676566
05/11/2023 10:30:01.230031,1508,True,True,True,True,Eyes,0.05164088,0.1232769,-2.15588,-0.4689854,-0.212279,0.8573158,0.0,0.0,0.0,0.0,0.0,0.0,0.0,0.5125508,0.3600366,2.045283,0.08652836,0.1209305,-2.13387,0.115364,-0.139703,0.02166902,0.9832115,13.46839,343.8983,0.6113873,0.01224638,0.0511459,-0.9986127,0.08045158,0.00455353,0.5456143,-1.651721,-0.6289552,-1.782829,-0.4839029,-0.1176301,1.969401,0.9600271,0.01037707,0.2797149,-0.07484385,0.9724432,0.2208,-0.2697155,-0.2329089,0.9343484,moving,-28.68039,-13.90723,-13.80471,-3.418152,-4.246583425981808,1.665686337720886
05/11/2023 10:30:01.247950,1509,True,True,True,True,Eyes,0.05227177,0.1231731,-2.154921,-0.4684271,-0.2121291,0.857658,0.0,0.0,0.0,0.0,0.0,0.0,0.0,0.4953136,0.3588808,2.041396,0.09206021,0.1203461,-2.12567,0.1152271,-0.1373861,0.02186038,0.9835497,13.4543,344.1751,0.6681047,0.01346306,0.0517581,-0.9985658,0.07562448,0.004280319,0.5128775,-1.645484,-0.6223975,-1.749355,-0.4830288,-0.1150431,1.969899,0.9612944,0.01134036,0.2752899,-0.07466272,0.9724897,0.2206564,-0.2652143,-0.2326697,0.9356956,moving,-28.64204,-13.89246,-13.77738,-3.342306,-4.242297193507304,1.6701779584862697
05/11/2023 10:30:01.259639,1510,True,True,True,True,Eyes,0.05311863,0.1230149,-2.153673,-0.4675392,-0.2117985,0.858224,0.0,0.0,0.0,0.0,0.0,0.0,0.0,0.4777541,0.3596337,2.037133,0.09790136,0.1192248,-2.117474,0.1154007,-0.1350536,0.02190024,0.9838515,13.47315,344.4507,0.7024648,0.01453756,0.05228738,-0.9985234,0.07108701,0.004023499,0.4821048,-1.639239,-0.6152563,-1.715511,-0.4821045,-0.1123077,1.970424,0.9625619,0.01192261,0.2707999,-0.07426371,0.9724061,0.2211589,-0.2606907,-0.2329897,0.9368865,moving,-28.58045,-13.86285,-13.74848,-3.262141,-4.235608011760254,1.6791018626754157
05/11/2023 10:30:01.271257,1511,True,True,True,True,Eyes,0.05418859,0.1227907,-2.152154,-0.4665175,-0.2115179,0.858849,0.0,0.0,0.0,0.0,0.0,0.0,0.0,0.4597293,0.3609798,2.03297,0.1039829,0.1177691,-2.109489,0.1156265,-0.132635,0.02197172,0.9841523,13.49831,344.7366,0.7409704,0.01554514,0.05275958,-0.9984837,0.06682179,0.003782089,0.4531785,-1.632684,-0.6068145,-1.680833,-0.4812242,-0.1097031,1.970924,0.9638505,0.01257479,0.266147,-0.07391926,0.9722955,0.2217598,-0.2559849,-0.2334167,0.938077,moving,-28.51033,-13.8355,-13.72098,-3.185838,-4.227782335321354,1.6874144037301653
05/11/2023 10:30:01.290088,1512,True,True,True,True,Eyes,0.05548453,0.1225176,-2.150382,-0.4651799,-0.2110842,0.8596808,0.0,0.0,0.0,0.0,0.0,0.0,0.0,0.4415483,0.3637783,2.028571,0.1104772,0.1159653,-2.101606,0.1160994,-0.1302609,0.02187981,0.9844158,13.5492,345.0143,0.7562441,0.01650265,0.05317784,-0.9984463,0.06281248,0.003555164,0.4259878,-1.626913,-0.5954579,-1.645894,-0.4803041,-0.1069797,1.971447,0.9651067,0.01283124,0.2615422,-0.07332408,0.9720845,0.2228799,-0.2513813,-0.2342803,0.939106,moving,-28.41816,-13.79537,-13.69224,-3.106084,-4.217633816070974,1.699554700004744
05/11/2023 10:30:01.309850,1513,True,True,True,True,Eyes,0.05700462,0.1221919,-2.148379,-0.4637166,-0.2106834,0.8605693,0.0,0.0,0.0,0.0,0.0,0.0,0.0,0.4220164,0.3669744,2.024497,0.1172594,0.1145219,-2.093917,0.1167415,-0.127597,0.0218717,0.9846889,13.62048,345.3269,0.7830429,0.01742771,0.05354669,-0.9984111,0.05904374,0.003341854,0.4004285,-1.620805,-0.5804042,-1.608832,-0.4794018,-0.1043115,1.971961,0.9664812,0.01328191,0.2563934,-0.07286536,0.9717861,0.2243265,-0.2461801,-0.2354895,0.9401808,moving,-28.31794,-13.7565,-13.66406,-3.027974,-4.2064415797534975,1.7113715169514707
05/11/2023 10:30:01.329574,1514,True,True,True,True,Eyes,0.05874217,0.1218046,-2.146159,-0.4619966,-0.2101531,0.8616234,0.0,0.0,0.0,0.0,0.0,0.0,0.0,0.40294,0.3686348,2.020796,0.1242308,0.1129387,-2.086547,0.1169578,-0.1250729,0.0216718,0.9849914,13.64032,345.6215,0.7922273,0.01833278,0.05386856,-0.9983777,0.05550111,0.003141343,0.3764028,-1.615437,-0.560236,-1.569286,-0.4784854,-0.1015997,1.972481,0.9677742,0.01343656,0.2514608,-0.07194957,0.9717024,0.2249838,-0.2413221,-0.235826,0.9413553,moving,-28.19991,-13.70702,-13.63545,-2.948619,-4.193382654245804,1.726363534411008
05/11/2023 10:30:01.347495,1515,True,True,True,True,Eyes,0.06070442,0.1213374,-2.143745,-0.460196,-0.2096753,0.8627027,0.0,0.0,0.0,0.0,0.0,0.0,0.0,0.3837364,0.3711558,2.016906,0.1312511,0.1110594,-2.079269,0.1173006,-0.1225236,0.0212564,0.98528,13.67161,345.9157,0.7750092,0.01923086,0.05414603,-0.998346,0.05217104,0.002952862,0.3538187,-1.608731,-0.5363345,-1.526299,-0.4776036,-0.09898922,1.972983,0.9690723,0.0131428,0.2464269,-0.0706312,0.9715775,0.2259391,-0.2364534,-0.2363568,0.9424571,moving,-28.07703,-13.66056,-13.60792,-2.872256,-4.179620240814952,1.7405040711332216
05/11/2023 10:30:01.363382,1516,True,True,True,True,Eyes,0.06287804,0.1207981,-2.141163,-0.4582143,-0.2090595,0.8639061,0.0,0.0,0.0,0.0,0.0,0.0,0.0,0.3662164,0.3747117,2.012745,0.1386647,0.1086642,-2.072349,0.117776,-0.1204336,0.02094116,0.9854876,13.72003,346.1568,0.761209,0.02013394,0.05438042,-0.9983156,0.04904078,0.002775691,0.3325895,-1.599679,-0.5202987,-1.486293,-0.4767088,-0.09634253,1.973491,0.9701144,0.01290613,0.2423044,-0.06964291,0.9713806,0.2270896,-0.232439,-0.2371777,0.9432491,moving,-27.9414,-13.60367,-13.58001,-2.794865,-4.164615088888484,1.7577408552682856
05/11/2023 10:30:01.379641,1517,True,True,True,True,Eyes,0.06525626,0.1202017,-2.138431,-0.4562458,-0.2084449,0.8650957,0.0,0.0,0.0,0.0,0.0,0.0,0.0,0.3495634,0.3773025,2.008963,0.1459532,0.1063833,-2.065881,0.1180352,-0.118491,0.02066177,0.9856982,13.74438,346.3814,0.7526861,0.02105084,0.05457281,-0.9982864,0.04609833,0.002609149,0.3126342,-1.589625,-0.5066277,-1.44603,-0.4758185,-0.09370781,1.973997,0.971066,0.01276031,0.2384703,-0.06870475,0.9712815,0.2277977,-0.228715,-0.2375907,0.9440551,moving,-27.80687,-13.54719,-13.55223,-2.717853,-4.149733330551736,1.7748527697602219
05/11/2023 10:30:01.389382,1518,True,True,True,True,Eyes,0.06783216,0.1197269,-2.135505,-0.4542126,-0.2076371,0.8663589,0.0,0.0,0.0,0.0,0.0,0.0,0.0,0.3373758,0.3767095,2.00514,0.1532659,0.1044472,-2.059592,0.1176437,-0.1176006,0.02087324,0.9858471,13.70169,346.4904,0.7953326,0.02199122,0.05472532,-0.9982579,0.04333243,0.0024526,0.2938761,-1.577068,-0.4972223,-1.405992,-0.4748745,-0.09091377,1.974534,0.9714689,0.01348572,0.2367835,-0.06882556,0.9714485,0.2270479,-0.2269611,-0.2368667,0.9446601,moving,-27.66702,-13.47766,-13.52279,-2.636216,-4.134620283585219,1.7957826437139737
05/11/2023 10:30:01.409818,1519,True,True,True,True,Eyes,0.07063819,0.1195469,-2.13243,-0.4522878,-0.2068553,0.8675521,0.0,0.0,0.0,0.0,0.0,0.0,0.0,0.3289564,0.3679442,2.00108,0.1605681,0.1069347,-2.051999,0.1164148,-0.117698,0.02151643,0.9859675,13.56965,346.4907,0.8856508,0.02296209,0.05484792,-0.9982293,0.04073248,0.002305444,0.2762435,-1.562454,-0.4896326,-1.36639,-0.4739643,-0.08822139,1.975051,0.9713685,0.01502544,0.2371024,-0.06983258,0.9719693,0.2244975,-0.2270831,-0.2346272,0.9451895,moving,-27.53474,-13.41095,-13.49442,-2.557582,-4.120356459906178,1.815853636309817
05/11/2023 10:30:01.429677,1520,True,True,True,True,Eyes,0.1462253,0.1132236,-2.051085,-0.401664,-0.1864232,0.8966116,0.0,0.0,0.0,0.0,0.0,0.0,0.0,0.3231788,0.3536372,1.998766,0.1688743,0.1141235,-2.045245,0.1150247,-0.1184372,0.02577443,0.98594,13.46905,346.4643,1.389243,0.02397059,0.05495756,-0.9981996,0.03828853,0.002167118,0.2596689,-1.54674,-0.4851595,-1.327018,-0.4730535,-0.08552566,1.975569,0.9706166,0.02357767,0.2394734,-0.07807048,0.97221,0.2207095,-0.2276146,-0.2329201,0.9454839,moving,-24.13142,-11.74557,-13.46603,-2.478881,-3.751692184234325,2.3174480087747718
05/11/2023 10:30:01.439981,1521,True,True,True,True,Eyes,0.1465727,0.1133128,-2.050811,-0.4014979,-0.1861396,0.8967449,0.0,0.0,0.0,0.0,0.0,0.0,0.0,0.3156282,0.3534538,1.99285,0.1770852,0.1122273,-2.037657,0.1148694,-0.1188348,0.02808807,0.9858471,13.48336,346.449,1.654704,0.02922681,0.05498276,-0.9980583,0.2627527,-0.01693306,0.4881226,-1.531995,-0.4762686,-1.288312,-0.4719038,-0.08212462,1.976223,0.9701787,0.02808012,0.2407588,-0.08268202,0.9720322,0.2198116,-0.2278529,-0.2331629,0.9453667,moving,-24.1194,-11.7265,-13.4302,-2.379634,-3.750825653568727,2.323049589211359
05/11/2023 10:30:01.459850,1522,True,True,True,True,Eyes,0.1472573,0.1134821,-2.050313,-0.4011361,-0.1856168,0.8970152,0.0,0.0,0.0,0.0,0.0,0.0,0.0,0.2945229,0.3378605,1.992865,0.185837,0.1144354,-2.030954,0.1116088,-0.1163081,0.02643021,0.9865686,13.0833,346.7294,1.540659,0.03362177,0.05499797,-0.9979191,0.2469875,-0.01591707,0.4588352,-1.516895,-0.4692298,-1.251466,-0.4712323,-0.08013667,1.976605,0.9715478,0.02618842,0.2353915,-0.07811242,0.9736899,0.2140712,-0.2235921,-0.2263674,0.9480318,moving,-24.09371,-11.69105,-13.40929,-2.321648,-3.7487983551348236,2.333480234391491
05/11/2023 10:30:01.469856,1523,True,True,True,True,Eyes,0.1482423,0.113665,-2.049502,-0.4005392,-0.1848073,0.8974489,0.0,0.0,0.0,0.0,0.0,0.0,0.0,0.2803041,0.3302431,1.991264,0.1946169,0.1164589,-2.025172,0.1102996,-0.1153354,0.02545155,0.9868556,12.91883,346.833,1.457472,0.03741526,0.05501399,-0.9977832,0.2321682,-0.01496205,0.4313051,-1.501095,-0.4642909,-1.215764,-0.4703872,-0.07763611,1.977085,0.9721,0.02479112,0.2332534,-0.07567691,0.9743724,0.2118286,-0.2220242,-0.2235705,0.9490634,moving,-24.05162,-11.63599,-13.38297,-2.248733,-3.7453771141824026,2.3496923771038993
05/11/2023 10:30:01.489820,1524,True,True,True,True,Eyes,0.1495134,0.1138876,-2.048447,-0.3995824,-0.1837988,0.8980824,0.0,0.0,0.0,0.0,0.0,0.0,0.0,0.2546597,0.3153392,1.989765,0.2029055,0.1169217,-2.017081,0.1068555,-0.1116409,0.02326069,0.9877131,12.49057,347.2444,1.296509,0.04087959,0.05503866,-0.997646,0.2182381,-0.01406432,0.4054268,-1.483603,-0.4589427,-1.17922,-0.4695009,-0.07501446,1.977588,0.9739904,0.02209088,0.2255094,-0.06980865,0.9760817,0.2058915,-0.2155672,-0.2162789,0.9522364,moving,-23.98564,-11.56627,-13.35538,-2.172319,-3.7394660641225617,2.370287955694362
05/11/2023 10:30:01.509565,1525,True,True,True,True,Eyes,0.1510458,0.114131,-2.047153,-0.398369,-0.1827635,0.8988324,0.0,0.0,0.0,0.0,0.0,0.0,0.0,0.2288902,0.306129,1.988544,0.2111035,0.1178596,-2.010462,0.1048869,-0.1077731,0.02076079,0.9884092,12.22887,347.6702,1.080678,0.0440622,0.05507376,-0.9975086,0.2051439,-0.01322046,0.3811012,-1.465865,-0.4515944,-1.142132,-0.4685923,-0.07232559,1.978105,0.9759079,0.01843232,0.2174029,-0.06364828,0.9771354,0.2028675,-0.2086928,-0.2118173,0.9547673,moving,-23.90327,-11.49351,-13.3271,-2.093976,-3.731615096692992,2.39185280964848
05/11/2023 10:30:01.529684,1526,True,True,True,True,Eyes,0.1528336,0.1143731,-2.04565,-0.3968384,-0.1819178,0.8996806,0.0,0.0,0.0,0.0,0.0,0.0,0.0,0.2027034,0.3029652,1.985932,0.2190095,0.1185379,-2.003693,0.1044024,-0.1036473,0.01915319,0.9889341,12.14958,348.135,0.9518704,0.04700509,0.05511996,-0.9973717,0.1928352,-0.01242724,0.3582351,-1.444713,-0.4410017,-1.101933,-0.4676669,-0.06958705,1.978631,0.9777808,0.01624041,0.209,-0.05952453,0.9774666,0.2025238,-0.2010014,-0.2104645,0.9567147,moving,-23.8017,-11.43123,-13.29831,-2.014222,-3.7210279141730713,2.41047534948192
05/11/2023 10:30:01.540218,1527,True,True,True,True,Eyes,0.1548586,0.1146038,-2.043938,-0.3950276,-0.1811635,0.9006292,0.0,0.0,0.0,0.0,0.0,0.0,0.0,0.177856,0.3053694,1.982544,0.2270114,0.1187678,-1.99743,0.105206,-0.09980536,0.0176899,0.9892713,12.22116,348.566,0.8207667,0.04974538,0.0551767,-0.9972357,0.1812651,-0.0116816,0.336741,-1.426043,-0.4364862,-1.068346,-0.4667535,-0.06688413,1.97915,0.979452,0.01399996,0.2011913,-0.05600046,0.9772375,0.2046235,-0.193747,-0.2116857,0.9579412,moving,-23.68287,-11.37339,-13.2699,-1.935538,-3.7081454872061865,2.4278994506975247
05/11/2023 10:30:01.559853,1528,True,True,True,True,Eyes,0.157102,0.1148202,-2.042034,-0.3929074,-0.1806523,0.9016587,0.0,0.0,0.0,0.0,0.0,0.0,0.0,0.1495342,0.3097724,1.97866,0.2348457,0.1186011,-1.991029,0.1064587,-0.09507634,0.01555554,0.9896389,12.33747,349.0915,0.6184973,0.05231531,0.05524294,-0.9971006,0.1703892,-0.01098071,0.3165365,-1.40759,-0.4300177,-1.034667,-0.4658279,-0.06414498,1.979677,0.981437,0.01054531,0.1914945,-0.05103214,0.9768491,0.2077535,-0.1848705,-0.2136693,0.959254,moving,-23.54568,-11.32951,-13.24111,-1.855834,-3.6925164866773565,2.4413661662466613
05/11/2023 10:30:01.579527,1529,True,True,True,True,Eyes,0.159549,0.1150362,-2.039944,-0.390499,-0.1801993,0.902795,0.0,0.0,0.0,0.0,0.0,0.0,0.0,0.1195417,0.3138484,1.974802,0.2424355,0.1184033,-1.984903,0.1076347,-0.08980505,0.01414752,0.9900251,12.45443,349.6894,0.5093502,0.05474409,0.0553176,-0.9969661,0.1601658,-0.01032186,0.2975444,-1.387656,-0.4264624,-1.001974,-0.4649361,-0.06150647,1.980184,0.9834698,0.008680528,0.180864,-0.04734508,0.9764293,0.210581,-0.174773,-0.2156631,0.9606997,moving,-23.39063,-11.28798,-13.21339,-1.779092,-3.6745865722541393,2.454244573087506
05/11/2023 10:30:01.589917,1530,True,True,True,True,Eyes,0.1621929,0.1152616,-2.037663,-0.3878866,-0.1798897,0.9039822,0.0,0.0,0.0,0.0,0.0,0.0,0.0,0.091068,0.3141438,1.97093,0.2498811,0.1186536,-1.978642,0.1079543,-0.08478818,0.01436906,0.9904295,12.49057,350.2792,0.596047,0.05705617,0.05540033,-0.9968319,0.1505559,-0.009702551,0.2796917,-1.367606,-0.4265367,-0.9712844,-0.4640513,-0.05888818,1.980687,0.985209,0.01015658,0.1710558,-0.04676957,0.9762788,0.2114056,-0.164851,-0.2162789,0.9623137,moving,-23.22352,-11.25466,-13.18589,-1.702971,-3.654884233242554,2.464802261760356
05/11/2023 10:30:01.610077,1531,True,True,True,True,Eyes,0.1650301,0.1154487,-2.035209,-0.3850452,-0.1796057,0.9052525,0.0,0.0,0.0,0.0,0.0,0.0,0.0,0.0648399,0.3112694,1.96687,0.2573378,0.1192779,-1.972111,0.1075074,-0.08024982,0.01624988,0.990827,12.4537,350.8348,0.8770546,0.05927398,0.05549132,-0.9966975,0.1415225,-0.009120398,0.2629102,-1.349012,-0.4210525,-0.9401699,-0.4631307,-0.05616428,1.98121,0.9865919,0.01494673,0.1625213,-0.04945654,0.9763562,0.2104345,-0.1555334,-0.2156506,0.9640043,moving,-23.04227,-11.22198,-13.15729,-1.623813,-3.6334005375857803,2.475248637215733
05/11/2023 10:30:01.629513,1532,True,True,True,True,Eyes,0.1680591,0.115618,-2.032575,-0.3821087,-0.1793761,0.9065413,0.0,0.0,0.0,0.0,0.0,0.0,0.0,0.03956571,0.3095427,1.962408,0.2649061,0.1187353,-1.965745,0.1070015,-0.07592497,0.01856289,0.9911819,12.4117,351.3705,1.205707,0.06141739,0.05558835,-0.9965623,0.1330312,-0.008573174,0.2471356,-1.330536,-0.4144698,-0.9104951,-0.4622267,-0.05348945,1.981724,0.9877816,0.02055022,0.1544834,-0.05304657,0.9764122,0.2092972,-0.1465384,-0.2149347,0.9655721,moving,-22.8555,-11.19246,-13.12921,-1.546116,-3.611125325455867,2.484806406419453
05/11/2023 10:30:01.639893,1533,True,True,True,True,Eyes,0.1712639,0.1158239,-2.029776,-0.3788869,-0.1790854,0.9079499,0.0,0.0,0.0,0.0,0.0,0.0,0.0,0.01240116,0.305454,1.957828,0.2726235,0.1185749,-1.959123,0.1060785,-0.07124574,0.01910093,0.9916182,12.30411,351.9249,1.335205,0.06350383,0.05569043,-0.9964258,0.1250493,-0.008058784,0.2323074,-1.313719,-0.4088987,-0.8823858,-0.4613325,-0.05084449,1.982232,0.9891185,0.02276638,0.1453495,-0.05299693,0.976765,0.207657,-0.1372447,-0.2131004,0.9673428,moving,-22.65075,-11.15788,-13.10145,-1.469322,-3.586778974423512,2.495928471578439
05/11/2023 10:30:01.659643,1534,True,True,True,True,Eyes,0.1746368,0.1160538,-2.026811,-0.3756639,-0.1787066,0.9093627,0.0,0.0,0.0,0.0,0.0,0.0,0.0,-0.01778641,0.3000128,1.953359,0.2801615,0.1196829,-1.952721,0.1051748,-0.06577897,0.01865761,0.9921005,12.18932,352.5585,1.359103,0.06554881,0.0557993,-0.9962873,0.1175464,-0.007575257,0.218369,-1.294619,-0.4043239,-0.8534213,-0.4603838,-0.04803655,1.982772,0.9906501,0.02318386,0.1344433,-0.05085703,0.9771803,0.2062334,-0.1265941,-0.2111426,0.9692228,moving,-22.44585,-11.118,-13.07199,-1.387832,-3.56258898165588,2.5085905248285965
05/11/2023 10:30:01.679614,1535,True,True,True,True,Eyes,0.1781761,0.1163036,-2.023684,-0.3721979,-0.1782942,0.9108677,0.0,0.0,0.0,0.0,0.0,0.0,0.0,-0.04606041,0.2952878,1.948122,0.2876721,0.120517,-1.946077,0.1044114,-0.06076005,0.01825176,0.9925087,12.09166,353.1397,1.379595,0.06756559,0.05591593,-0.996146,0.1104936,-0.007120742,0.2052669,-1.275708,-0.4022607,-0.8267487,-0.4595311,-0.04551324,1.983256,0.9919502,0.02354198,0.1244211,-0.04891814,0.9775303,0.2050404,-0.1167984,-0.2094763,0.970813,moving,-22.22586,-11.07511,-13.04553,-1.314636,-3.536619911545283,2.5222062868510653
05/11/2023 10:30:01.689833,1536,True,True,True,True,Eyes,0.1818805,0.1165667,-2.0204,-0.3687419,-0.1778749,0.9123541,0.0,0.0,0.0,0.0,0.0,0.0,0.0,-0.07456776,0.2915551,1.942317,0.2952978,0.1211874,-1.9394,0.1039314,-0.05570302,0.01722047,0.9928741,12.02275,353.7174,1.325035,0.06956647,0.05604097,-0.9960012,0.103864,-0.006693497,0.1929508,-1.255028,-0.4056455,-0.8015895,-0.4586419,-0.04288128,1.983762,0.9932013,0.02261694,0.1141917,-0.0457741,0.9778034,0.2044631,-0.1070327,-0.2083,0.9721909,moving,-22.00685,-11.03214,-13.01794,-1.238321,-3.5107754789151664,2.535840115061441
05/11/2023 10:30:01.709802,1537,True,True,True,True,Eyes,0.1857368,0.1168249,-2.016974,-0.3649807,-0.1774917,0.9139397,0.0,0.0,0.0,0.0,0.0,0.0,0.0,-0.1048388,0.2901556,1.935702,0.3030761,0.1216561,-1.932736,0.1041674,-0.05025054,0.01480153,0.9931791,12.02868,354.324,1.109156,0.07156231,0.05617467,-0.9958523,0.09763213,-0.006291887,0.1813738,-1.234285,-0.4119609,-0.7778978,-0.4576818,-0.040041,1.984308,0.9945116,0.0189322,0.1028993,-0.03987007,0.9778602,0.2054262,-0.09673191,-0.2084013,0.9732481,moving,-21.76924,-10.99032,-12.98816,-1.156005,-3.4825776430085313,2.5492380336444054
05/11/2023 10:30:01.730049,1538,True,True,True,True,Eyes,0.189736,0.1170895,-2.013409,-0.3611111,-0.177208,0.9155305,0.0,0.0,0.0,0.0,0.0,0.0,0.0,-0.1376653,0.2914556,1.928249,0.3106867,0.121625,-1.926324,0.1051618,-0.04409971,0.01116571,0.9934142,12.11785,354.9967,0.7565179,0.0735623,0.05631635,-0.9956985,0.0917742,-0.005914374,0.1704914,-1.212114,-0.4173715,-0.7538331,-0.4568028,-0.03743953,1.984807,0.9958611,0.01290915,0.08996697,-0.03145957,0.9776326,0.2079536,-0.08527014,-0.2099232,0.9739924,moving,-21.52568,-10.95458,-12.96091,-1.080645,-3.4534383297911675,2.560901602571198
05/11/2023 10:30:01.740010,1539,True,True,True,True,Eyes,0.1938569,0.1173398,-2.009729,-0.3568529,-0.177018,0.9172354,0.0,0.0,0.0,0.0,0.0,0.0,0.0,-0.1734925,0.2940773,1.919799,0.3182497,0.1218022,-1.919919,0.1067334,-0.03714918,0.006872088,0.9935697,12.27504,355.7536,0.3357348,0.07557379,0.05646591,-0.9955394,0.08626775,-0.005559511,0.1602619,-1.186942,-0.4195989,-0.7276797,-0.455906,-0.03478625,1.985317,0.9971455,0.005725683,0.07528756,-0.02158591,0.9771215,0.2115835,-0.07235365,-0.2126046,0.9744559,moving,-21.25866,-10.92326,-12.93311,-1.00382,-3.42123262434066,2.571405230214726
05/11/2023 10:30:01.759688,1540,True,True,True,True,Eyes,0.1980984,0.117584,-2.005935,-0.3525717,-0.1770077,0.9188914,0.0,0.0,0.0,0.0,0.0,0.0,0.0,-0.2105624,0.2975,1.910815,0.3254028,0.12151,-1.914002,0.1083948,-0.02968334,0.003288981,0.9936593,12.45133,356.5785,0.005938698,0.07760318,0.05662221,-0.9953744,0.08109168,-0.005225941,0.1506462,-1.158341,-0.4161565,-0.6975442,-0.4550381,-0.03221866,1.98581,0.9982161,0.000101212,0.05970326,-0.01297129,0.9764795,0.2152198,-0.05827723,-0.2156103,0.9747389,moving,-20.99143,-10.90343,-12.90622,-0.9295105,-3.3886213228995725,2.578573101644988
05/11/2023 10:30:01.779765,1541,True,True,True,True,Eyes,0.2024575,0.1178297,-2.002033,-0.3479483,-0.1770987,0.9206346,0.0,0.0,0.0,0.0,0.0,0.0,0.0,-0.2447622,0.2999523,1.901547,0.332662,0.1215196,-1.907965,0.1097871,-0.02288134,0.001000451,0.9936913,12.60537,357.3421,359.8217,0.07965523,0.05678458,-0.9952031,0.07622618,-0.004912384,0.1416074,-1.128567,-0.4061147,-0.6652473,-0.4541079,-0.02946571,1.986339,0.9989508,-0.003035873,0.04569365,-0.00701243,0.9758915,0.2181432,-0.04525431,-0.2182347,0.9748465,moving,-20.70378,-10.88874,-12.8774,-0.8498734,-3.3532982864508574,2.5843559051247444
05/11/2023 10:30:01.789356,1542,True,True,True,True,Eyes,0.2069339,0.118061,-1.998014,-0.3432895,-0.1772482,0.9223531,0.0,0.0,0.0,0.0,0.0,0.0,0.0,-0.2789876,0.3023487,1.891683,0.339936,0.1217447,-1.901929,0.1111524,-0.01598431,-0.0004174103,0.9936748,12.76104,358.1281,359.7425,0.08173507,0.05695284,-0.9950248,0.07165261,-0.004617641,0.1331109,-1.106203,-0.3958353,-0.6396381,-0.453262,-0.02696314,1.98682,0.9994887,-0.004382929,0.03167361,-0.002723849,0.9752899,0.2209121,-0.03185919,-0.2208854,0.9747793,moving,-20.4147,-10.8779,-12.8512,-0.7775137,-3.3176700909631776,2.58902815207511
05/11/2023 10:30:01.809809,1543,True,True,True,True,Eyes,0.2115242,0.1182812,-1.993892,-0.3382894,-0.1774652,0.924157,0.0,0.0,0.0,0.0,0.0,0.0,0.0,-0.3133883,0.3041338,1.880966,0.3473547,0.1216605,-1.895597,0.1122,-0.008983787,-0.0009719693,0.9936446,12.88274,358.9378,359.768,0.08384743,0.05712607,-0.9948391,0.06735346,-0.004340583,0.1251243,-1.089338,-0.3820634,-0.616325,-0.4523673,-0.02431557,1.987329,0.9998367,-0.003947547,0.01763527,-8.437806e-05,0.9748204,0.2229914,-0.01807149,-0.2229564,0.9746609,moving,-20.10525,-10.87015,-12.8235,-0.7009962,-3.27940408541569,2.5929104173245614
05/11/2023 10:30:01.829793,1544,True,True,True,True,Eyes,0.2162291,0.118499,-1.989669,-0.3332956,-0.1776607,0.9259323,0.0,0.0,0.0,0.0,0.0,0.0,0.0,-0.3473373,0.3047429,1.870069,0.3547619,0.121649,-1.889448,0.1129018,-0.002017176,-0.001128066,0.9936035,12.96494,359.7493,359.8414,0.08599567,0.05730351,-0.9946455,0.06331225,-0.004080147,0.1176168,-1.071425,-0.3709681,-0.5933658,-0.4514585,-0.02162588,1.987845,0.9999893,-0.002697187,0.003753826,0.001786215,0.9745038,0.2243639,-0.004263269,-0.2243548,0.9744982,moving,-19.79668,-10.86147,-12.79537,-0.6232993,-3.241278339844789,2.597058128390049
05/11/2023 10:30:01.848536,1545,True,True,True,True,Eyes,0.2210497,0.1186964,-1.985343,-0.3280156,-0.1779103,0.9277681,0.0,0.0,0.0,0.0,0.0,0.0,0.0,-0.3799437,0.304953,1.858863,0.3623513,0.1218875,-1.883233,0.1135012,0.004627602,-0.0008825028,0.9935266,13.0347,0.5290114,359.9586,0.08818296,0.05748491,-0.9944435,0.05951351,-0.003835339,0.1105598,-1.052643,-0.3628706,-0.5711924,-0.4505466,-0.01892838,1.988364,0.9999556,-0.0007031031,-0.009395622,0.002804057,0.9742334,0.2255248,0.008994961,-0.2255412,0.9741921,moving,-19.47122,-10.85535,-12.76716,-0.5454151,-3.2009654958374907,2.6005514294337733
05/11/2023 10:30:01.859979,1546,True,True,True,True,Eyes,0.2259896,0.1188641,-1.980933,-0.3227607,-0.1780594,0.9295808,0.0,0.0,0.0,0.0,0.0,0.0,0.0,-0.4111567,0.3053938,1.847303,0.3700106,0.1217066,-1.876998,0.1139659,0.0109658,-0.0001941145,0.9934242,13.08741,1.279118,0.1243404,0.09041289,0.05766918,-0.9942325,0.0559427,-0.003605218,0.1039262,-1.033032,-0.3566606,-0.5495132,-0.4495689,-0.01603511,1.988919,0.9997594,0.00211378,-0.02183164,0.002885133,0.9740235,0.2264288,0.02174314,-0.2264373,0.9737831,moving,-19.14756,-10.84355,-12.73691,-0.4619213,-3.1610643056434427,2.605684794874402
05/11/2023 10:30:01.875495,1547,True,True,True,True,Eyes,0.2310575,0.1190058,-1.976426,-0.3172494,-0.1782308,0.9314433,0.0,0.0,0.0,0.0,0.0,0.0,0.0,-0.4417089,0.3051579,1.83553,0.3779482,0.1212273,-1.870791,0.1141602,0.01711368,0.0005129945,0.9933149,13.10736,2.007383,0.2898215,0.0926884,0.0578548,-0.9940122,0.05258614,-0.003388905,0.09769066,-1.013164,-0.3532669,-0.5288804,-0.4486806,-0.01340652,1.989424,0.9994137,0.004926533,-0.03388143,0.002888273,0.9739344,0.2268116,0.03411568,-0.2267765,0.9733492,moving,-18.80883,-10.83255,-12.70944,-0.3861043,-3.119260703606006,2.6106652841226428
05/11/2023 10:30:01.889522,1548,True,True,True,True,Eyes,0.2362506,0.1191333,-1.971832,-0.3116924,-0.1782105,0.9333214,0.0,0.0,0.0,0.0,0.0,0.0,0.0,-0.4720785,0.3040341,1.823265,0.3861383,0.1207943,-1.864376,0.1142758,0.02317623,0.0006087692,0.9931785,13.11841,2.717568,0.3827694,0.09501268,0.05804061,-0.9937819,0.04943097,-0.003185571,0.09182922,-0.9933937,-0.3515153,-0.5093155,-0.447835,-0.01090398,1.989905,0.998925,0.006506196,-0.04589713,0.00408773,0.9738814,0.2270207,0.0461754,-0.2269642,0.9728078,moving,-18.46728,-10.81007,-12.6833,-0.3139577,-3.0774851771360074,2.618994600890169
05/11/2023 10:30:01.909666,1549,True,True,True,True,Eyes,0.2415674,0.1192318,-1.967139,-0.3058599,-0.1781705,0.9352567,0.0,0.0,0.0,0.0,0.0,0.0,0.0,-0.5037466,0.3018531,1.810441,0.3944697,0.1204907,-1.858077,0.1144363,0.0295554,-0.0004766061,0.9929907,13.13796,3.449117,0.342302,0.09738868,0.05822613,-0.9935411,0.0,0.0,0.0,-0.9735307,-0.3494598,-0.4895674,-0.446918,-0.00819084,1.990426,0.9982525,0.005817888,-0.05880554,0.00771095,0.9738082,0.2272402,0.05858738,-0.2272965,0.9720616,moving,-18.10946,-10.78586,-12.65496,-0.2357776,-3.0337414091305255,2.6279121172419546
05/11/2023 10:30:01.920119,1550,True,True,True,True,Eyes,0.2469988,0.1193136,-1.962358,-0.2995063,-0.1778812,0.9373655,0.0,0.0,0.0,0.0,0.0,0.0,0.0,-0.536054,0.297949,1.796787,0.4027928,0.1198049,-1.851479,0.1143411,0.03613828,-0.002565657,0.9927807,13.13326,4.190883,0.1865008,0.09981921,0.05841024,-0.9932891,0.0,0.0,0.0,-0.9528606,-0.3464768,-0.4699104,-0.4459615,-0.005360305,1.99097,0.9973748,0.003169907,-0.07234149,0.01335845,0.973839,0.2268458,0.07116805,-0.2272167,0.9712403,moving,-17.71968,-10.74509,-12.6254,-0.1542575,-2.9865659833793097,2.6418074056373793
05/11/2023 10:30:01.939814,1551,True,True,True,True,Eyes,0.2525456,0.1193573,-1.957502,-0.2928907,-0.1775818,0.9395105,0.0,0.0,0.0,0.0,0.0,0.0,0.0,-0.5693043,0.2919793,1.782686,0.4110539,0.1194057,-1.845022,0.1138634,0.04306762,-0.004837817,0.9925508,13.08799,4.970485,0.01200563,0.1023056,0.05859243,-0.9930254,0.0,0.0,0.0,-0.9352138,-0.3450403,-0.452507,-0.4451167,-0.002860337,1.991451,0.9962436,0.0002040936,-0.08659529,0.01941121,0.9740234,0.2256137,0.08439188,-0.2264472,0.9703606,moving,-17.31477,-10.7035,-12.59931,-0.08229435,-2.937534176727792,2.6560206057912974
05/11/2023 10:30:01.959918,1552,True,True,True,True,Eyes,0.2582112,0.1193729,-1.952556,-0.2857158,-0.1771065,0.9418066,0.0,0.0,0.0,0.0,0.0,0.0,0.0,-0.6013897,0.287935,1.768224,0.4194014,0.1185012,-1.838818,0.1135584,0.04977259,-0.00618922,0.9922646,13.06029,5.73658,359.9424,0.1048502,0.05877121,-0.9927493,0.0,0.0,0.0,-0.918034,-0.3427495,-0.4358288,-0.4441771,-8.004904e-05,1.991984,0.9949688,-0.0009784924,-0.1001808,0.02358688,0.9741324,0.2247439,0.09736947,-0.2259761,0.9692543,moving,-16.87622,-10.65008,-12.57029,-0.002302464,-2.8847053702314023,2.6738467747434074
05/11/2023 10:30:01.979573,1553,True,True,True,True,Eyes,0.2639963,0.1193586,-1.947522,-0.2782792,-0.1766099,0.9441237,0.0,0.0,0.0,0.0,0.0,0.0,0.0,-0.6324233,0.2824335,1.753313,0.4279676,0.1177875,-1.832158,0.1128935,0.05623038,-0.007319875,0.9919877,12.99118,6.4764,359.8926,0.1074546,0.05894572,-0.9924604,0.0,0.0,0.0,-0.9033945,-0.3424829,-0.4212348,-0.4432704,0.002602488,1.9925,0.9935691,-0.001826365,-0.1132124,0.02721854,0.974403,0.2231547,0.109907,-0.2248011,0.9681864,moving,-16.42281,-10.59542,-12.54231,0.07483639,-2.830067664225236,2.692111406018799
05/11/2023 10:30:01.989651,1554,True,True,True,True,Eyes,0.2698945,0.1193152,-1.942418,-0.2703592,-0.1760209,0.9465319,0.0,0.0,0.0,0.0,0.0,0.0,0.0,-0.6654561,0.2767537,1.737032,0.4366405,0.1170103,-1.825475,0.1123292,0.06329504,-0.008812054,0.991614,12.93761,7.282799,359.8086,0.1101209,0.0591151,-0.992158,0.0,0.0,0.0,-0.8895609,-0.3417238,-0.4069892,-0.4423984,0.005183309,1.992996,0.9918321,-0.003256555,-0.1275082,0.03169607,0.974609,0.2216589,0.1235488,-0.2238899,0.9667518,moving,-15.941,-10.53462,-12.5154,0.1490124,-2.772097350167895,2.712308919668517
05/11/2023 10:30:02.009713,1555,True,True,True,True,Eyes,0.2759015,0.1191924,-1.937227,-0.262199,-0.1754631,0.9489281,0.0,0.0,0.0,0.0,0.0,0.0,0.0,-0.6989266,0.2715596,1.720168,0.44527,0.1162184,-1.819189,0.1118841,0.07058699,-0.01018016,0.9911589,12.89864,8.117932,359.7422,0.11285,0.05927856,-0.9918416,0.0,0.0,0.0,-0.8755813,-0.3402889,-0.3929814,-0.4414849,0.007886529,1.993515,0.9898277,-0.004385185,-0.1422038,0.03597543,0.9747566,0.2203526,0.1376478,-0.223227,0.9649988,moving,-15.44604,-10.47605,-12.48721,0.2266662,-2.7124164105061515,2.7319281412305445
05/11/2023 10:30:02.029680,1556,True,True,True,True,Eyes,0.2820222,0.1190343,-1.931952,-0.2535876,-0.1748755,0.9513737,0.0,0.0,0.0,0.0,0.0,0.0,0.0,-0.7314245,0.2687273,1.701979,0.4538918,0.1141234,-1.812426,0.111939,0.07770275,-0.01193509,0.9906006,12.92224,8.928592,359.6326,0.115643,0.05943283,-0.9915105,0.0,0.0,0.0,-0.8610967,-0.3383091,-0.3788119,-0.4405735,0.01058316,1.994033,0.9876397,-0.006249882,-0.1566168,0.04104176,0.9746544,0.2199189,0.1512728,-0.2236285,0.9628639,moving,-14.92512,-10.41548,-12.4591,0.3040896,-2.649569884333242,2.7522650641220308
05/11/2023 10:30:02.039920,1557,True,True,True,True,Eyes,0.2882481,0.1188371,-1.926616,-0.2447663,-0.1743618,0.9537753,0.0,0.0,0.0,0.0,0.0,0.0,0.0,-0.7661899,0.2659079,1.682123,0.4627415,0.1130689,-1.805652,0.1122528,0.08554134,-0.01331477,0.9899014,12.97444,9.829932,359.5793,0.1185011,0.05957721,-0.9911643,0.0,0.0,0.0,-0.8462118,-0.3376471,-0.3648413,-0.4396016,0.01345858,1.994586,0.9850108,-0.007156104,-0.1723442,0.04556512,0.9744441,0.2199605,0.1663657,-0.2245163,0.960164,moving,-14.39315,-10.35997,-12.42914,0.3866006,-2.585180691516249,2.771190749594145
05/11/2023 10:30:02.059850,1558,True,True,True,True,Eyes,0.2945752,0.1185827,-1.921212,-0.2355649,-0.1738187,0.9561884,0.0,0.0,0.0,0.0,0.0,0.0,0.0,-0.7976345,0.2641702,1.663256,0.4714814,0.1119013,-1.799336,0.1127574,0.09253742,-0.0145171,0.9891976,13.04789,10.63589,359.5382,0.1214252,0.05971079,-0.9908022,0.0,0.0,0.0,-0.830776,-0.3378056,-0.3511414,-0.4387178,0.0160743,1.995088,0.9824522,-0.007852003,-0.1863494,0.04958911,0.9741501,0.2203919,0.1798018,-0.2257654,0.9574452,moving,-13.83969,-10.30289,-12.40189,0.4616185,-2.5181681604294166,2.7906856903844885
05/11/2023 10:30:02.080036,1559,True,True,True,True,Eyes,0.3010047,0.1182902,-1.915737,-0.2261157,-0.1733061,0.9585597,0.0,0.0,0.0,0.0,0.0,0.0,0.0,-0.8312668,0.2604464,1.642607,0.4802119,0.1101661,-1.792834,0.1130336,0.1002642,-0.01678689,0.9883769,13.10909,11.51382,359.3813,0.1244155,0.05983184,-0.9904239,0.0,0.0,0.0,-0.8151428,-0.3391896,-0.3379745,-0.4378982,0.01849923,1.995554,0.9793306,-0.01051711,-0.2019925,0.05584999,0.9738833,0.2200733,0.1944026,-0.2268058,0.954341,moving,-13.27293,-10.24828,-12.37664,0.5311293,-2.4494184050230516,2.809533430454008
05/11/2023 10:30:02.089679,1560,True,True,True,True,Eyes,0.3075152,0.1179422,-1.910206,-0.2163661,-0.1727756,0.9609029,0.0,0.0,0.0,0.0,0.0,0.0,0.0,-0.8648505,0.2545808,1.621362,0.4890643,0.1088312,-1.786215,0.1130804,0.108065,-0.01954445,0.9874983,13.15332,12.39434,359.1668,0.1274726,0.05993973,-0.9900286,0.0,0.0,0.0,-0.7980261,-0.3407754,-0.3245536,-0.4370004,0.02115601,1.996065,0.9758799,-0.01416015,-0.2178482,0.06304029,0.9736617,0.2191093,0.2090078,-0.2275576,0.9510696,moving,-12.68963,-10.19318,-12.34898,0.6072474,-2.37862584641568,2.828610679594635
05/11/2023 10:30:02.109991,1561,True,True,True,True,Eyes,0.314099,0.1175197,-1.904616,-0.206424,-0.17227,0.9631782,0.0,0.0,0.0,0.0,0.0,0.0,0.0,-0.8983827,0.2524069,1.598791,0.497474,0.1070621,-1.779885,0.1138287,0.1161271,-0.02148512,0.9864563,13.27141,13.31884,359.0609,0.130596,0.06003299,-0.9896157,0.0,0.0,0.0,-0.7813441,-0.3406051,-0.3113551,-0.4360947,0.02383548,1.996579,0.9721058,-0.01595104,-0.234,0.06882548,0.9731628,0.2195842,0.2242175,-0.2295642,0.947115,moving,-12.09639,-10.14046,-12.32109,0.6839737,-2.306517306008133,2.8470491499734285
05/11/2023 10:30:02.129652,1562,True,True,True,True,Eyes,0.3207501,0.1170731,-1.898977,-0.1963695,-0.1717254,0.9653752,0.0,0.0,0.0,0.0,0.0,0.0,0.0,-0.9286635,0.2479118,1.57728,0.5057744,0.1047866,-1.773387,0.113707,0.1233919,-0.02327981,0.9855472,13.28955,14.15049,358.9505,0.1337844,0.06010927,-0.9891851,0.0,0.0,0.0,-0.7645738,-0.3409372,-0.2983515,-0.4351935,0.02650237,1.997092,0.968465,-0.01782565,-0.2485113,0.07394776,0.9730575,0.2183821,0.237923,-0.2298723,0.9436903,moving,-11.49782,-10.08653,-12.29335,0.7602981,-2.2337852193675864,2.8658671240155953
05/11/2023 10:30:02.139949,1563,True,True,True,True,Eyes,0.3274682,0.1165694,-1.893299,-0.1862337,-0.1712001,0.9674748,0.0,0.0,0.0,0.0,0.0,0.0,0.0,-0.9561328,0.2426403,1.557018,0.5139799,0.1037289,-1.767041,0.1133661,0.1299664,-0.02432485,0.9847159,13.2729,14.91099,358.9145,0.137037,0.06016902,-0.9887361,0.0,0.0,0.0,-0.7489703,-0.3422599,-0.2866478,-0.4342437,0.02931282,1.997631,0.9650341,-0.01843858,-0.2614751,0.07737368,0.9731129,0.2169439,0.2504447,-0.2295895,0.9405137,moving,-10.89585,-10.03493,-12.26412,0.8406857,-2.1605529354140662,2.8840263583563948
05/11/2023 10:30:02.160847,1564,True,True,True,True,Eyes,0.3342536,0.1160254,-1.887579,-0.1761493,-0.1705504,0.9694761,0.0,0.0,0.0,0.0,0.0,0.0,0.0,-0.9809511,0.2404403,1.537374,0.5222717,0.1019186,-1.760806,0.1130994,0.1358299,-0.02405121,0.9839616,13.24437,15.60582,359.0225,0.1403525,0.06021089,-0.9882684,0.0,0.0,0.0,-0.7340336,-0.3427396,-0.2755321,-0.4333113,0.03207186,1.998161,0.9619436,-0.01660638,-0.2727431,0.07805549,0.9732602,0.2160372,0.2618624,-0.2291047,0.9375175,moving,-10.29803,-9.977393,-12.23543,0.9195576,-2.0880333328636995,2.9038879034370515
05/11/2023 10:30:02.179893,1565,True,True,True,True,Eyes,0.3411321,0.1155534,-1.881781,-0.1660378,-0.1698052,0.9713896,0.0,0.0,0.0,0.0,0.0,0.0,0.0,-1.003465,0.2352884,1.519,0.5306068,0.1004446,-1.754432,0.1120455,0.1410647,-0.02387787,0.9833497,13.12619,16.22323,359.0969,0.1437302,0.06023452,-0.9877813,0.0,0.0,0.0,-0.722846,-0.3411716,-0.2660848,-0.4324519,0.03461513,1.99865,0.9590612,-0.01534927,-0.2827826,0.07857192,0.9737513,0.2136232,0.272081,-0.2270964,0.9350931,moving,-9.69972,-9.915487,-12.209,0.9922208,-2.0155970175882856,2.925020853268063
05/11/2023 10:30:02.189397,1566,True,True,True,True,Eyes,0.3481099,0.1152656,-1.875938,-0.1559214,-0.1689783,0.9732085,0.0,0.0,0.0,0.0,0.0,0.0,0.0,-1.025794,0.2249187,1.500356,0.5396799,0.1017449,-1.747084,0.1103553,0.1462108,-0.02384626,0.9827898,12.93734,16.82646,359.1416,0.1471706,0.06024551,-0.9872739,0.0,0.0,0.0,-0.7152076,-0.3323776,-0.2563674,-0.4315532,0.03727445,1.999161,0.9561075,-0.01460144,-0.292652,0.07914199,0.9745061,0.209939,0.2821257,-0.2238854,0.9328883,moving,-9.102221,-9.85007,-12.18136,1.068159,-1.9433776096269941,2.9471691727207268
05/11/2023 10:30:02.210062,1567,True,True,True,True,Eyes,0.3551581,0.1149127,-1.870047,-0.1458091,-0.1681883,0.9749115,0.0,0.0,0.0,0.0,0.0,0.0,0.0,-1.048521,0.2170236,1.481732,0.5489697,0.1060296,-1.740522,0.1093832,0.1515041,-0.02202039,0.982139,12.799,17.47195,359.406,0.1506741,0.06025466,-0.9867448,0.0,0.0,0.0,-0.7074009,-0.3229824,-0.2489099,-0.4306587,0.03992081,1.99967,0.9531232,-0.01011015,-0.3024136,0.07639819,0.9751008,0.2081867,0.2927789,-0.2215314,0.9301636,moving,-8.506186,-9.788118,-12.15386,1.143684,-1.8712260173338893,2.9683034868521476
05/11/2023 10:30:02.229841,1568,True,True,True,True,Eyes,0.3622933,0.1146422,-1.8641,-0.1356096,-0.1671625,0.9765586,0.0,0.0,0.0,0.0,0.0,0.0,0.0,-1.069253,0.2150568,1.462335,0.5576617,0.1041335,-1.733824,0.1093331,0.1563129,-0.02224901,0.9813855,12.80017,18.03731,359.4424,0.1542409,0.06025876,-0.9861932,0.0,0.0,0.0,-0.6991028,-0.3247093,-0.2408062,-0.4297204,0.04269716,2.000203,0.9501426,-0.009489358,-0.3116716,0.07785006,0.9751025,0.2076402,0.3019413,-0.2215514,0.9272251,moving,-7.905807,-9.71347,-12.12503,1.222874,-1.7989529432197569,2.9931478077991054
05/11/2023 10:30:02.240189,1569,True,True,True,True,Eyes,0.3694762,0.11445,-1.858163,-0.125495,-0.1662185,0.9780707,0.0,0.0,0.0,0.0,0.0,0.0,0.0,-1.09447,0.1981548,1.441402,0.5667474,0.1057482,-1.726959,0.1067751,0.1626205,-0.02425729,0.9805944,12.55024,18.7494,359.246,0.1578704,0.06026262,-0.9856186,0.0,0.0,0.0,-0.6816764,-0.305555,-0.2254587,-0.4288315,0.04532784,2.000708,0.9459323,-0.01284548,-0.3241097,0.08230076,0.9760213,0.2015167,0.3137494,-0.2172956,0.9243073,moving,-7.311599,-9.644999,-12.09772,1.297865,-1.727244073585262,3.016165701797136
05/11/2023 10:30:02.260463,1570,True,True,True,True,Eyes,0.3767442,0.1142856,-1.852175,-0.1154359,-0.1652205,0.9794778,0.0,0.0,0.0,0.0,0.0,0.0,0.0,-1.111636,0.1960494,1.425379,0.5750355,0.1074985,-1.721527,0.1072252,0.1664259,-0.02370046,0.9799201,12.59353,19.20815,359.3683,0.1615607,0.06027019,-0.9850199,0.0,0.0,0.0,-0.6693087,-0.2947233,-0.2154981,-0.427903,0.04807544,2.001236,0.9434814,-0.01075902,-0.3312507,0.08213922,0.9758821,0.2022555,0.3210856,-0.218033,0.9216104,moving,-6.721564,-9.574647,-12.06921,1.376144,-1.656116800226618,3.039707863768537
05/11/2023 10:30:02.279299,1571,True,True,True,True,Eyes,0.3840816,0.1141773,-1.846177,-0.1054226,-0.164314,0.9807584,0.0,0.0,0.0,0.0,0.0,0.0,0.0,-1.12839,0.1897037,1.408188,0.5843694,0.1077009,-1.714397,0.106263,0.1700125,-0.02366606,0.9794101,12.48577,19.62967,359.3999,0.1653121,0.0602826,-0.9843965,0.0,0.0,0.0,-0.6480604,-0.2759898,-0.1968237,-0.4270275,0.05066651,2.001734,0.9410713,-0.01022547,-0.3380536,0.08248962,0.9762962,0.200103,0.3279942,-0.2161971,0.9196078,moving,-6.135218,-9.510871,-12.04233,1.449922,-1.5852315821994059,3.061320809539225
05/11/2023 10:30:02.289706,1572,True,True,True,True,Eyes,0.391473,0.1140625,-1.840185,-0.09539355,-0.1635502,0.9819121,0.0,0.0,0.0,0.0,0.0,0.0,0.0,-1.146537,0.1843568,1.390886,0.5932272,0.1091667,-1.708585,0.1070106,0.1740717,-0.02554579,0.978568,12.61084,20.09034,359.2519,0.1691238,0.06030221,-0.9837476,0.0,0.0,0.0,-0.626008,-0.262003,-0.1806093,-0.4261303,0.05332115,2.002244,0.9380929,-0.01274155,-0.3461493,0.08725161,0.9757922,0.2005407,0.3352146,-0.2183279,0.9164956,moving,-5.548917,-9.456541,-12.01479,1.525466,-1.5140400144484234,3.0801902620114157
05/11/2023 10:30:02.309822,1573,True,True,True,True,Eyes,0.3989146,0.1139711,-1.834201,-0.08542396,-0.1629021,0.9829372,0.0,0.0,0.0,0.0,0.0,0.0,0.0,-1.163952,0.1817413,1.373532,0.6018373,0.1087338,-1.703048,0.1086004,0.1779444,-0.02839764,0.9776173,12.85271,20.5202,359.0083,0.172994,0.06032783,-0.9830728,0.0,0.0,0.0,-0.602616,-0.2549689,-0.1650721,-0.4251637,0.05618098,2.002794,0.9350588,-0.0168744,-0.354091,0.09417368,0.9747991,0.2022328,0.341755,-0.2224456,0.9130836,moving,-4.966915,-9.410093,-11.98513,1.6068,-1.4431233077132357,3.0967480006728882
05/11/2023 10:30:02.329548,1574,True,True,True,True,Eyes,0.4064139,0.1139343,-1.828231,-0.07527345,-0.1623621,0.9838559,0.0,0.0,0.0,0.0,0.0,0.0,0.0,-1.182015,0.176084,1.355762,0.6104062,0.1090328,-1.697578,0.1096534,0.1821428,-0.03144054,0.9766329,13.04025,20.98437,358.7374,0.1769209,0.06035994,-0.9823717,0.0,0.0,0.0,-0.5799946,-0.2538593,-0.1517574,-0.4243071,0.05871534,2.00328,0.931671,-0.02146656,-0.3626684,0.1013569,0.9739752,0.2027289,0.3488781,-0.2256356,0.9096003,moving,-4.375097,-9.370852,-11.95886,1.678836,-1.3707466449929897,3.111264475656605
05/11/2023 10:30:02.340008,1575,True,True,True,True,Eyes,0.413973,0.1139112,-1.82228,-0.06516497,-0.161802,0.9846693,0.0,0.0,0.0,0.0,0.0,0.0,0.0,-1.201236,0.1703085,1.336895,0.6192012,0.1102567,-1.692245,0.1100375,0.18682,-0.03272934,0.9756633,13.11746,21.52567,358.6614,0.180903,0.06040062,-0.9816437,0.0,0.0,0.0,-0.5542874,-0.2540989,-0.1372333,-0.4234229,0.06133196,2.003783,0.9280542,-0.02275122,-0.3717498,0.1049801,0.973641,0.20249,0.357344,-0.2269481,0.90598,moving,-3.786287,-9.33152,-11.93175,1.753167,-1.2987474390241154,3.125791518907947
05/11/2023 10:30:02.359876,1576,True,True,True,True,Eyes,0.4216006,0.1139041,-1.816361,-0.05491043,-0.1611224,0.9854057,0.0,0.0,0.0,0.0,0.0,0.0,0.0,-1.219312,0.165451,1.318653,0.6281356,0.1106248,-1.687053,0.1093952,0.1911606,-0.0322938,0.9749091,13.04095,22.04553,358.7564,0.1849393,0.06044957,-0.9808883,0.0,0.0,0.0,-0.5263941,-0.2548978,-0.1222562,-0.4224754,0.06413612,2.004322,0.9248295,-0.0211429,-0.3797939,0.1047911,0.9739795,0.2009542,0.3656628,-0.2256474,0.9029806,moving,-3.189433,-9.286182,-11.9027,1.832778,-1.225945220555632,3.1421052034710297
05/11/2023 10:30:02.379825,1577,True,True,True,True,Eyes,0.4292987,0.11392,-1.810475,-0.0446892,-0.1604105,0.9860382,0.0,0.0,0.0,0.0,0.0,0.0,0.0,-1.237258,0.1592946,1.300773,0.6373267,0.1110908,-1.682161,0.1079308,0.1954395,-0.03122042,0.9742585,12.85641,22.56287,358.9041,0.1890291,0.06050658,-0.9801049,0.0,0.0,0.0,-0.4990498,-0.2538996,-0.107298,-0.421533,0.06692398,2.004857,0.9216574,-0.01864562,-0.3875565,0.1030214,0.9747525,0.1981016,0.3740779,-0.2225085,0.9003087,moving,-2.594982,-9.240034,-11.87382,1.911876,-1.15346889006626,3.1586414541963324
05/11/2023 10:30:02.394872,1578,True,True,True,True,Eyes,0.4370618,0.1139404,-1.804604,-0.03422613,-0.1596806,0.9865752,0.0,0.0,0.0,0.0,0.0,0.0,0.0,-1.255931,0.1516192,1.282119,0.6466429,0.1116477,-1.677369,0.1070685,0.1999722,-0.03185194,0.9734131,12.77851,23.09173,358.8726,0.1931717,0.06057185,-0.9792928,0.0,0.0,0.0,-0.4730382,-0.2516722,-0.09271556,-0.4206856,0.06943193,2.005339,0.9179931,-0.01918873,-0.3961318,0.1048317,0.9750435,0.1957048,0.3824905,-0.2211828,0.8970949,moving,-1.986901,-9.19379,-11.84786,1.982991,-1.0792989965850919,3.175277447891126
05/11/2023 10:30:02.410756,1579,True,True,True,True,Eyes,0.4448666,0.1139724,-1.798774,-0.02373107,-0.1591215,0.9869738,0.0,0.0,0.0,0.0,0.0,0.0,0.0,-1.277364,0.1429749,1.259716,0.6558195,0.111661,-1.67225,0.10689,0.2057232,-0.03406379,0.9721586,12.81734,23.74986,358.6924,0.1973661,0.06064461,-0.9784516,0.0,0.0,0.0,-0.4475002,-0.2505911,-0.07869699,-0.4197739,0.07212982,2.005857,0.9130353,-0.02225129,-0.4072732,0.1102103,0.9748283,0.1938127,0.3927089,-0.2218435,0.892505,moving,-1.37737,-9.158507,-11.81994,2.059446,-1.00458661553705,3.1887378524894343
05/11/2023 10:30:02.430138,1580,True,True,True,True,Eyes,0.4527198,0.1140472,-1.792998,-0.0132048,-0.1588464,0.9872149,0.0,0.0,0.0,0.0,0.0,0.0,0.0,-1.297952,0.1414277,1.237334,0.6645055,0.1117563,-1.667819,0.1084118,0.2113045,-0.03524901,0.9707497,13.02511,24.40832,358.6696,0.2016104,0.06072449,-0.9775808,0.0,0.0,0.0,-0.4210238,-0.2454794,-0.06363535,-0.4188792,0.07477689,2.006366,0.9082158,-0.02262011,-0.4178904,0.1142517,0.9740087,0.1955849,0.4026048,-0.2253781,0.8871946,moving,-0.7663319,-9.140749,-11.79255,2.134416,-0.9291078645179676,3.197116687801612
05/11/2023 10:30:02.439888,1581,True,True,True,True,Eyes,0.4606282,0.1141384,-1.787283,-0.002752528,-0.1587362,0.9873172,0.0,0.0,0.0,0.0,0.0,0.0,0.0,-1.314656,0.1469186,1.218219,0.673404,0.1127137,-1.663667,0.1117772,0.2153005,-0.03542148,0.9694828,13.41395,24.89947,358.7895,0.2059026,0.06081278,-0.9766803,0.0,0.0,0.0,-0.3919378,-0.2381846,-0.04788612,-0.4180197,0.07732064,2.006854,0.9047821,-0.02054968,-0.4253788,0.1168124,0.9725024,0.2014796,0.4095416,-0.2319846,0.8823031,moving,-0.1597337,-9.133585,-11.76624,2.206416,-0.8538319514244439,3.202395462101178
05/11/2023 10:30:02.460023,1582,True,True,True,True,Eyes,0.4685822,0.1142691,-1.781632,0.007720966,-0.158677,0.9873004,0.0,0.0,0.0,0.0,0.0,0.0,0.0,-1.331932,0.1469761,1.19898,0.6825699,0.113511,-1.659642,0.1140705,0.2195118,-0.03667139,0.9682241,13.70902,25.39943,358.7654,0.2102415,0.06090919,-0.9757496,0.0,0.0,0.0,-0.3644625,-0.2316226,-0.0328036,-0.4171233,0.07997248,2.007364,0.9009396,-0.0209326,-0.4334394,0.1210919,0.9712862,0.204792,0.4167069,-0.2369912,0.877605,moving,0.4480599,-9.130384,-11.73881,2.281431,-0.7782763517274219,3.2065296261135963
05/11/2023 10:30:02.479804,1583,True,True,True,True,Eyes,0.4765649,0.1144214,-1.776048,0.01807658,-0.1587138,0.9871591,0.0,0.0,0.0,0.0,0.0,0.0,0.0,-1.348421,0.1429417,1.180783,0.6914971,0.1144584,-1.655793,0.1158091,0.223556,-0.03901891,0.9669999,13.97039,25.86313,358.6016,0.2146247,0.06101471,-0.9747882,0.0,0.0,0.0,-0.3367602,-0.2255726,-0.01795248,-0.4161902,0.08273372,2.007895,0.8970005,-0.02368295,-0.4413947,0.1272422,0.9701316,0.2065288,0.4233197,-0.2414205,0.873222,moving,1.049067,-9.133753,-11.71027,2.359493,-0.7033485984375143,3.20871998507222
05/11/2023 10:30:02.490033,1584,True,True,True,True,Eyes,0.4845718,0.1145766,-1.770528,0.02832173,-0.1586132,0.9869345,0.0,0.0,0.0,0.0,0.0,0.0,0.0,-1.363764,0.1354335,1.163885,0.7000672,0.1149575,-1.652125,0.1167701,0.2273369,-0.04214502,0.9658709,14.16599,26.28127,358.3262,0.2190497,0.06112927,-0.9737963,0.0,0.0,0.0,-0.3076204,-0.221268,-0.003255327,-0.4152949,0.08538261,2.008403,0.8930835,-0.02832102,-0.4489986,0.1345056,0.9691771,0.2064073,0.4293135,-0.2447318,0.8693654,moving,1.643747,-9.130108,-11.68289,2.434331,-0.6294401109234458,3.212913952664529
05/11/2023 10:30:02.512729,1585,True,True,True,True,Eyes,0.4925967,0.1147386,-1.765085,0.03835161,-0.1585251,0.9866098,0.0,0.0,0.0,0.0,0.0,0.0,0.0,-1.377332,0.1271092,1.148494,0.7085451,0.1150294,-1.648323,0.1167441,0.2305632,-0.04451249,0.9650027,14.23164,26.6382,358.1037,0.2235136,0.06125181,-0.9727737,0.0,0.0,0.0,-0.2760325,-0.2192652,0.01141709,-0.4143587,0.08815283,2.008935,0.8897185,-0.03207553,-0.4553814,0.1397431,0.9687789,0.2047909,0.4345951,-0.2458427,0.8664228,moving,2.226087,-9.128069,-11.65427,2.512548,-0.5570147331490432,3.216576452714818
05/11/2023 10:30:02.529597,1586,True,True,True,True,Eyes,0.5006611,0.1148891,-1.759719,0.04816912,-0.1582739,0.9862196,0.0,0.0,0.0,0.0,0.0,0.0,0.0,-1.388776,0.1240189,1.135325,0.7169568,0.1153622,-1.644904,0.1168557,0.2329052,-0.04465027,0.9644201,14.25244,26.91941,358.1263,0.2280133,0.06138152,-0.9717207,0.0,0.0,0.0,-0.2414322,-0.2192069,0.02621179,-0.4135173,0.09064305,2.009414,0.8875231,-0.03169066,-0.4596722,0.1405558,0.9687022,0.2045973,0.4388017,-0.2461945,0.8641999,moving,2.796229,-9.117396,-11.62856,2.582816,-0.48639296140517074,3.2226820791164483
05/11/2023 10:30:02.539977,1587,True,True,True,True,Eyes,0.5087674,0.1150315,-1.75444,0.05773462,-0.1579924,0.985751,0.0,0.0,0.0,0.0,0.0,0.0,0.0,-1.399103,0.1251475,1.123183,0.7259219,0.1153378,-1.641471,0.1169794,0.2345931,-0.04308827,0.9640671,14.22725,27.14472,358.3332,0.2325473,0.06151669,-0.9706371,0.0,0.0,0.0,-0.204759,-0.2205939,0.04068185,-0.4125496,0.09350613,2.009964,0.8862189,-0.02819486,-0.4624079,0.1379651,0.9689185,0.2053355,0.4422461,-0.2457683,0.8625638,moving,3.351937,-9.105706,-11.59899,2.663553,-0.4176015952787694,3.229006954935547
05/11/2023 10:30:02.559936,1588,True,True,True,True,Eyes,0.5169221,0.1151672,-1.749252,0.06714222,-0.1574486,0.985242,0.0,0.0,0.0,0.0,0.0,0.0,0.0,-1.409458,0.1250307,1.111583,0.7350113,0.1153999,-1.638372,0.1166226,0.2362292,-0.04149487,0.9637808,14.14649,27.36166,358.5295,0.2371135,0.06165591,-0.9695231,0.0,0.0,0.0,-0.1702462,-0.222232,0.05406587,-0.4116846,0.09606582,2.010456,0.884948,-0.02488459,-0.4650247,0.1350832,0.9693547,0.2051926,0.4456677,-0.2444018,0.8611899,moving,3.898562,-9.079494,-11.57258,2.735689,-0.3504205133488172,3.2395013417090284
05/11/2023 10:30:02.569515,1589,True,True,True,True,Eyes,0.5251284,0.1152765,-1.744155,0.07631937,-0.1568808,0.9846643,0.0,0.0,0.0,0.0,0.0,0.0,0.0,-1.420224,0.1231708,1.099926,0.7442701,0.1153879,-1.635479,0.115922,0.2379753,-0.0403076,0.9634861,14.03785,27.58444,358.6711,0.2417109,0.06179792,-0.9683781,0.0,0.0,0.0,-0.134935,-0.2242448,0.06717079,-0.4107432,0.09885138,2.010991,0.8834861,-0.02249848,-0.4679168,0.1328447,0.9698748,0.204194,0.4492267,-0.2425628,0.8598597,moving,4.432022,-9.05252,-11.54384,2.814141,-0.28490344400417844,3.2501476128933215
05/11/2023 10:30:02.589838,1590,True,True,True,True,Eyes,0.5333928,0.1153474,-1.739149,0.0853833,-0.1561816,0.984031,0.0,0.0,0.0,0.0,0.0,0.0,0.0,-1.431132,0.1220048,1.088035,0.753688,0.1149422,-1.632662,0.1154597,0.2397187,-0.03932384,0.9631499,13.96112,27.80533,358.7959,0.2463383,0.06194057,-0.9672022,0.0,0.0,0.0,-0.09878707,-0.2262573,0.08033811,-0.4098493,0.1014966,2.011499,0.8819772,-0.02039381,-0.4708507,0.1311052,0.9702454,0.2035567,0.4526894,-0.2412634,0.858408,moving,4.959073,-9.018539,-11.51655,2.888591,-0.22041560460071674,3.2627950279975866
05/11/2023 10:30:02.610026,1591,True,True,True,True,Eyes,0.5417199,0.1153972,-1.734252,0.09418502,-0.1555148,0.9833333,0.0,0.0,0.0,0.0,0.0,0.0,0.0,-1.441885,0.1229111,1.07615,0.7632914,0.1142401,-1.6299,0.1152093,0.2413286,-0.03783108,0.9628376,13.89334,28.01782,358.9822,0.2509948,0.0620812,-0.9659953,0.0,0.0,0.0,-0.06258869,-0.2271865,0.09307013,-0.4089632,0.1041185,2.012003,0.8806586,-0.01724377,-0.4734375,0.128457,0.9705912,0.2035963,0.4560035,-0.2401152,0.8569746,moving,5.471179,-8.986935,-11.48952,2.962339,-0.15770969683657632,3.274673331254908
05/11/2023 10:30:02.629702,1592,True,True,True,True,Eyes,0.5501261,0.1154237,-1.729464,0.1029259,-0.1548122,0.9825678,0.0,0.0,0.0,0.0,0.0,0.0,0.0,-1.452217,0.1254694,1.065584,0.7731081,0.113901,-1.627722,0.1154581,0.2425519,-0.03619907,0.9625631,13.87661,28.18827,359.1927,0.2556794,0.06221827,-0.9647572,0.0,0.0,0.0,-0.02727194,-0.227646,0.1052819,-0.4080435,0.1068399,2.012526,0.8797163,-0.01367865,-0.475302,0.1256969,0.9707181,0.204711,0.4585841,-0.2398317,0.8556761,moving,5.980036,-8.953845,-11.46146,3.038836,-0.09545731625080833,3.2869660604519013
05/11/2023 10:30:02.639915,1593,True,True,True,True,Eyes,0.5586082,0.1154262,-1.724795,0.1114288,-0.1541687,0.9817411,0.0,0.0,0.0,0.0,0.0,0.0,0.0,-1.462872,0.128361,1.0548,0.7833611,0.1134418,-1.625592,0.1161482,0.2437401,-0.03501613,0.9622236,13.92141,28.35151,359.3644,0.2603921,0.0623503,-0.9634874,0.0,0.0,0.0,0.007079178,-0.2282451,0.1169801,-0.4071156,0.1095858,2.013053,0.8787293,-0.01076677,-0.477199,0.1240066,0.970567,0.2064514,0.4609308,-0.2405907,0.8542008,moving,6.475427,-8.924614,-11.43317,3.11597,-0.0347538110405079,3.2980670813259887
05/11/2023 10:30:02.659571,1594,True,True,True,True,Eyes,0.5671682,0.1154067,-1.720246,0.1199255,-0.1535105,0.9808427,0.0,0.0,0.0,0.0,0.0,0.0,0.0,-1.474188,0.1289058,1.043919,0.7936352,0.1129058,-1.623887,0.1166316,0.2451509,-0.03464619,0.96182,13.9659,28.53001,359.4413,0.2651321,0.06247583,-0.9621857,0.0,0.0,0.0,0.04094548,-0.2281971,0.1282828,-0.406258,0.1121232,2.013541,0.8774014,-0.0094621,-0.4796638,0.1238315,0.9703934,0.2073702,0.4635004,-0.2413443,0.8525962,moving,6.970833,-8.895132,-11.40703,3.187201,0.02594327224176407,3.3092410753438357
05/11/2023 10:30:02.679388,1595,True,True,True,True,Eyes,0.7831323,0.1152229,-1.609678,0.3235112,-0.1351441,0.9365237,0.0,0.0,0.0,0.0,0.0,0.0,0.0,-1.485144,0.1273549,1.033895,0.8039972,0.1123154,-1.622277,0.1170525,0.2463526,-0.03515819,0.9614432,14.02831,28.67145,359.4134,0.2698988,0.06259365,-0.9608518,0.0,0.0,0.0,0.07470982,-0.2271061,0.1396021,-0.405334,0.1148576,2.014066,0.8761486,-0.009932853,-0.4819388,0.1252776,0.9701252,0.207756,0.4654774,-0.2424012,0.8512183,moving,19.05687,-8.211326,-11.37887,3.263914,1.5078935791979955,3.571551041110369
05/11/2023 10:30:02.695036,1596,True,True,True,True,Eyes,0.7835643,0.1151863,-1.609625,0.3238478,-0.1350925,0.9364148,0.0,0.0,0.0,0.0,0.0,0.0,0.0,-1.496356,0.1233341,1.024374,0.8144866,0.1125391,-1.620982,0.1173546,0.2475739,-0.03624576,0.9610522,14.09408,28.80702,359.3171,0.2939921,0.06292525,-0.953734,0.6478924,-0.0005515069,0.331702,0.1096376,-0.2254306,0.1506613,-0.4044718,0.1174087,2.014556,0.8747868,-0.01156025,-0.4843701,0.127776,0.9698283,0.2076208,0.4673557,-0.2435148,0.8498701,moving,19.07733,-8.209174,-11.3526,3.335434,1.5103694773147724,3.572283887109919
05/11/2023 10:30:02.710074,1597,True,True,True,True,Eyes,0.7844183,0.1151259,-1.609535,0.3242818,-0.1350027,0.9362776,0.0,0.0,0.0,0.0,0.0,0.0,0.0,-1.507212,0.1211875,1.015152,0.82524,0.1115734,-1.619703,0.1173814,0.2485422,-0.03672128,0.960781,14.11147,28.91821,359.2784,0.3137122,0.06317016,-0.9474142,0.6090189,-0.0005184165,0.3117999,0.145246,-0.2225205,0.1620183,-0.4036153,0.1199432,2.015043,0.8737567,-0.01221377,-0.48621,0.1289106,0.9697464,0.207302,0.4689684,-0.2438091,0.8488968,moving,19.10364,-8.204978,-11.32652,3.40645,1.5135061113508068,3.573641184186886
05/11/2023 10:30:02.730065,1598,True,True,True,True,Eyes,0.7856858,0.1150534,-1.609422,0.3250531,-0.1348001,0.9360391,0.0,0.0,0.0,0.0,0.0,0.0,0.0,-1.519243,0.1179778,1.005012,0.8361921,0.1109475,-1.618809,0.1168297,0.2499409,-0.03679213,0.9604825,14.0529,29.08314,359.275,0.3299196,0.06335111,-0.9418807,0.5724778,-0.0004873115,0.2930919,0.1823479,-0.2176213,0.1733484,-0.402697,0.1226604,2.015565,0.8723518,-0.01227534,-0.4887245,0.1290774,0.9699943,0.2060341,0.4715309,-0.2428176,0.8477607,moving,19.1503,-8.194893,-11.29856,3.48253,1.5189815367313102,3.5768160265489874
05/11/2023 10:30:02.739884,1599,True,True,True,True,Eyes,0.7873582,0.1149334,-1.609287,0.3259266,-0.1345228,0.9357754,0.0,0.0,0.0,0.0,0.0,0.0,0.0,-1.531289,0.1154284,0.9953119,0.8473381,0.1105882,-1.61821,0.1161468,0.2512261,-0.0363742,0.960246,13.96536,29.23983,359.3211,0.3433055,0.06348404,-0.9370756,0.5381291,-0.0004580728,0.2755064,0.2189158,-0.2145366,0.1837205,-0.4017707,0.1254016,2.016092,0.8711247,-0.01149817,-0.4909271,0.1282146,0.9703737,0.2047827,0.4740282,-0.2413353,0.8467908,moving,19.20301,-8.180536,-11.27037,3.55923,1.5250690159837346,3.5812634181383443
05/11/2023 10:30:02.759629,1600,True,True,True,True,Eyes,0.7894275,0.1147532,-1.609135,0.3271417,-0.1341944,0.9353984,0.0,0.0,0.0,0.0,0.0,0.0,0.0,-1.544249,0.1128085,0.9842037,0.8586968,0.1093703,-1.617642,0.1151091,0.2528877,-0.03587887,0.9599534,13.83611,29.44073,359.3707,0.3544271,0.06357802,-0.9329194,0.5058413,-0.0004305884,0.258976,0.254822,-0.2099734,0.1942736,-0.4008507,0.1281238,2.016615,0.8695211,-0.01066473,-0.4937808,0.1271035,0.9709252,0.2028522,0.4772608,-0.2391455,0.8455954,moving,19.27653,-8.164082,-11.24238,3.635348,1.5336777795351422,3.5864295282750467
05/11/2023 10:30:02.779945,1601,True,True,True,True,Eyes,0.7918727,0.1145253,-1.608991,0.3284421,-0.1338135,0.9349972,0.0,0.0,0.0,0.0,0.0,0.0,0.0,-1.558207,0.1110557,0.9715526,0.8702244,0.1077646,-1.617206,0.1141936,0.2549597,-0.03527114,0.9595371,13.7173,29.69348,359.4422,0.3637342,0.06363817,-0.9293261,0.4754908,-0.0004047531,0.2434374,0.2932952,-0.2058834,0.2045532,-0.3999682,0.1307352,2.017116,0.867503,-0.009458382,-0.497342,0.1259175,0.9714315,0.2011606,0.4812311,-0.2371315,0.8439108,moving,19.35515,-8.144662,-11.21554,3.708322,1.5428234663038758,3.5924838974040534
05/11/2023 10:30:02.789821,1602,True,True,True,True,Eyes,0.7946945,0.1142582,-1.608854,0.3300463,-0.1333474,0.9344988,0.0,0.0,0.0,0.0,0.0,0.0,0.0,-1.571529,0.1092017,0.9606301,0.8816606,0.1064304,-1.617339,0.1133716,0.2566462,-0.03482569,0.9592012,13.61333,29.89801,359.492,0.3715902,0.06366816,-0.9262109,0.4469614,-0.0003804679,0.2288312,0.3327818,-0.2023914,0.2139628,-0.3990687,0.1333964,2.017627,0.8658398,-0.008616906,-0.5002471,0.1250025,0.9718681,0.1996166,0.4844541,-0.2353682,0.8425592,moving,19.45221,-8.120943,-11.18819,3.782634,1.5541226869862559,3.599883982315767
05/11/2023 10:30:02.809900,1603,True,True,True,True,Eyes,0.7978831,0.1139334,-1.608731,0.3317559,-0.1328666,0.9339617,0.0,0.0,0.0,0.0,0.0,0.0,0.0,-1.585545,0.1065144,0.948783,0.8934487,0.1052231,-1.617457,0.1125054,0.2585635,-0.03457144,0.9587974,13.51015,30.12777,359.5219,0.3787349,0.06367291,-0.9233119,0.4201437,-0.0003576398,0.2151013,0.3715068,-0.2021161,0.2230394,-0.3981781,0.1360318,2.018134,0.8638995,-0.008114451,-0.5035988,0.1244736,0.9722947,0.1978619,0.4880409,-0.2336176,0.840975,moving,19.55573,-8.096645,-11.16112,3.856175,1.5662069607869076,3.607486277138179
05/11/2023 10:30:02.829763,1604,True,True,True,True,Eyes,0.8014348,0.1135423,-1.608626,0.3337232,-0.1323625,0.9333321,0.0,0.0,0.0,0.0,0.0,0.0,0.0,-1.600281,0.1053318,0.9358538,0.9053943,0.1035446,-1.617825,0.1120604,0.2607331,-0.03432447,0.9582707,13.45416,30.39088,359.5671,0.3852959,0.06365201,-0.9205949,0.3949351,-0.0003361814,0.2021952,0.413622,-0.2020419,0.231598,-0.3972366,0.1388185,2.01867,0.8616803,-0.007348583,-0.5073984,0.1242199,0.9725286,0.1968692,0.4920128,-0.2326673,0.8389215,moving,19.67507,-8.071701,-11.1325,3.933883,1.5802392565826455,3.615359589557856
05/11/2023 10:30:02.839930,1605,True,True,True,True,Eyes,0.8053205,0.1130888,-1.608558,0.3358202,-0.131896,0.9326458,0.0,0.0,0.0,0.0,0.0,0.0,0.0,-1.615385,0.1039626,0.9223686,0.9175692,0.1015717,-1.618268,0.1116313,0.2630115,-0.03425815,0.9577004,13.40538,30.66514,359.5937,0.39135,0.06360426,-0.918041,0.371239,-0.0003160106,0.1900635,0.4521518,-0.20306,0.2389438,-0.3963496,0.1414424,2.019173,0.8593028,-0.006897446,-0.5114209,0.1243387,0.9727296,0.1957981,0.4961238,-0.2318393,0.8367268,moving,19.80256,-8.049464,-11.10556,4.007003,1.5953755047440845,3.6224897200078225
05/11/2023 10:30:02.859564,1606,True,True,True,True,Eyes,0.8095322,0.1125672,-1.608526,0.3381106,-0.1314875,0.9318757,0.0,0.0,0.0,0.0,0.0,0.0,0.0,-1.631233,0.104073,0.9077466,0.9294067,0.09964673,-1.619268,0.1117922,0.26571,-0.03419198,0.9569388,13.42232,30.9946,359.6448,0.3969634,0.06352866,-0.9156328,0.3489646,-0.0002970499,0.1786597,0.4935825,-0.2034831,0.2461984,-0.3954765,0.1440259,2.019669,0.8564583,-0.006030646,-0.5161811,0.1248479,0.9726668,0.1957863,0.5008915,-0.2321269,0.8338014,moving,19.94219,-8.031408,-11.07905,4.078949,1.6121610796909538,3.6284696343911618
05/11/2023 10:30:02.879658,1607,True,True,True,True,Eyes,0.8140716,0.112079,-1.608509,0.3405165,-0.1311045,0.9310533,0.0,0.0,0.0,0.0,0.0,0.0,0.0,-1.646641,0.1028165,0.8937769,0.9413394,0.09747254,-1.620251,0.1118956,0.2681894,-0.03469459,0.9562166,13.45033,31.29036,359.6269,0.4021957,0.06342401,-0.913354,0.3280267,-0.0002792269,0.1679401,0.5355164,-0.2023981,0.2532402,-0.3945527,0.1467599,2.020195,0.8537415,-0.006332669,-0.5206586,0.1263695,0.9725513,0.1953834,0.5051299,-0.2326023,0.8311077,moving,20.08911,-8.015299,-11.051,4.155032,1.629918450934421,3.633922547592253
05/11/2023 10:30:02.895080,1608,True,True,True,True,Eyes,0.818922,0.1117164,-1.608535,0.342961,-0.1308435,0.9301923,0.0,0.0,0.0,0.0,0.0,0.0,0.0,-1.662413,0.09924519,0.8789341,0.9536747,0.09779035,-1.620782,0.1119061,0.2708754,-0.03496685,0.955448,13.46105,31.61366,359.6352,0.4070999,0.06329479,-0.9111877,0.3083451,-0.0002624733,0.1578637,0.5782124,-0.2050258,0.2589172,-0.3936153,0.1495332,2.020728,0.8508077,-0.006192775,-0.5254408,0.1274432,0.9725086,0.1948977,0.5097888,-0.2327843,0.8282071,moving,20.23888,-8.006857,-11.02256,4.232154,1.6482838055878068,3.637163878691146
05/11/2023 10:30:02.909859,1609,True,True,True,True,Eyes,0.8240786,0.1112987,-1.608598,0.3454144,-0.1306997,0.9293043,0.0,0.0,0.0,0.0,0.0,0.0,0.0,-1.676906,0.1039342,0.8665885,0.9659336,0.1005926,-1.621927,0.1134159,0.2727467,-0.03290128,0.9548107,13.56385,31.8778,359.9433,0.4117218,0.06315001,-0.9091187,0.2898444,-0.0002467249,0.1483919,0.6175893,-0.2047603,0.2648624,-0.3927213,0.1521788,2.021236,0.8490534,-0.0009613569,-0.5283061,0.1246966,0.9721087,0.198634,0.51338,-0.2345289,0.8254921,moving,20.38967,-8.005713,-10.99543,4.305674,1.6670171495993529,3.6382911421244497
05/11/2023 10:30:02.929911,1610,True,True,True,True,Eyes,0.8295472,0.1110261,-1.608703,0.3479562,-0.1304525,0.9283904,0.0,0.0,0.0,0.0,0.0,0.0,0.0,-1.690647,0.1151568,0.8541416,0.9784219,0.09905349,-1.622956,0.1151156,0.2741829,-0.03024842,0.9542835,13.66786,32.09875,0.3180804,0.4161027,0.06298783,-0.9071332,0.2724538,-0.0002319214,0.1394884,0.654209,-0.2024715,0.2705071,-0.3917963,0.154916,2.021762,0.8478175,0.005394311,-0.5302607,0.1208566,0.9716669,0.2031186,0.5163323,-0.236293,0.8231443,moving,20.54575,-7.998531,-10.96738,4.381685,1.6862096170604142,3.6411998198737043
05/11/2023 10:30:02.939845,1611,True,True,True,True,Eyes,0.8352809,0.1108426,-1.608883,0.3505079,-0.130319,0.9274487,0.0,0.0,0.0,0.0,0.0,0.0,0.0,-1.706765,0.1108232,0.8401813,0.991309,0.1023591,-1.624211,0.1140504,0.2767785,-0.02881743,0.9537063,13.50282,32.42385,0.4812217,0.420279,0.06281753,-0.9052177,0.2561065,-0.0002180061,0.1311191,0.6880564,-0.2016438,0.2757324,-0.3909352,0.1574635,2.022251,0.8451265,0.008166638,-0.5345041,0.1181001,0.9723241,0.201589,0.5213575,-0.2334932,0.8207724,moving,20.70293,-7.998462,-10.94127,4.452378,1.705773923121923,3.6420485784471417
05/11/2023 10:30:02.959920,1612,True,True,True,True,Eyes,0.9856644,0.1063436,-1.613728,0.4151311,-0.1239408,0.9012796,0.0,0.0,0.0,0.0,0.0,0.0,0.0,-1.720741,0.1139873,0.8297747,1.00337,0.1044112,-1.626289,0.1155021,0.2782827,-0.02772251,0.9531261,13.62732,32.63285,0.6743697,0.4242804,0.06264431,-0.9033611,0.2407401,-0.0002049258,0.1232519,0.7194816,-0.1969952,0.2815459,-0.390031,0.1601398,2.022765,0.8435804,0.01143837,-0.5368811,0.1171306,0.9717815,0.2047467,0.524073,-0.2356054,0.818436,moving,24.73089,-7.830007,-10.91387,4.526594,2.2016321755977146,3.712207487329832
05/11/2023 10:30:02.979678,1613,True,True,True,True,Eyes,0.9861423,0.1064265,-1.613791,0.4153594,-0.1238149,0.9011917,0.0,0.0,0.0,0.0,0.0,0.0,0.0,-1.73619,0.1071144,0.8151355,1.016055,0.1042887,-1.62697,0.114039,0.2808548,-0.02802274,0.952539,13.47339,32.93043,0.6287351,0.4382826,0.06184531,-0.8967067,0.6774461,-0.01368964,0.1013203,0.7513847,-0.1867955,0.2884997,-0.3890918,0.1629188,2.023299,0.8406706,0.01067128,-0.5414416,0.1174423,0.9724196,0.2015125,0.5286589,-0.2329938,0.8162314,moving,24.74499,-7.822904,-10.88541,4.603602,2.2031528423842808,3.714344643239909
05/11/2023 10:30:02.989387,1614,True,True,True,True,Eyes,0.9870895,0.1065945,-1.613887,0.415687,-0.1235114,0.9010822,0.0,0.0,0.0,0.0,0.0,0.0,0.0,-1.752018,0.09637287,0.8011313,1.02792,0.1063231,-1.628724,0.1122947,0.2837723,-0.02874948,0.9518597,13.30262,33.26297,0.5299636,0.4496338,0.06117042,-0.8911156,0.6367993,-0.01286826,0.09524109,0.7841297,-0.176975,0.2938046,-0.3882102,0.1655275,2.023801,0.8372935,0.009001293,-0.5466796,0.1184632,0.9731268,0.1974609,0.533766,-0.2300941,0.8137264,moving,24.76481,-7.804902,-10.85871,4.675837,2.2050256280680163,3.71967718583973
05/11/2023 10:30:03.009698,1615,True,True,True,True,Eyes,0.9884904,0.1068536,-1.614015,0.4161748,-0.1231347,0.9009086,0.0,0.0,0.0,0.0,0.0,0.0,0.0,-1.767106,0.08995606,0.7866708,1.040049,0.1083999,-1.629771,0.1110701,0.2864192,-0.02839671,0.9512209,13.15411,33.57997,0.5649939,0.4588663,0.06060619,-0.8864356,0.5985914,-0.01209617,0.08952662,0.8139733,-0.1766889,0.2988016,-0.3873142,0.1681781,2.024309,0.8343153,0.009602115,-0.5512039,0.1176483,0.9737141,0.1950376,0.5385878,-0.227571,0.8112549,moving,24.79458,-7.782868,-10.83158,4.749184,2.208003885863415,3.72623314063235
05/11/2023 10:30:03.029464,1616,True,True,True,True,Eyes,0.9903215,0.1071769,-1.614176,0.4168084,-0.1223336,0.9007248,0.0,0.0,0.0,0.0,0.0,0.0,0.0,-1.781633,0.08501491,0.7731667,1.052283,0.1109042,-1.630838,0.1100794,0.2887192,-0.02765727,0.9506624,13.01858,33.86108,0.6456351,0.4664105,0.06014065,-0.8825213,0.5626759,-0.0113704,0.08415502,0.8505929,-0.1624869,0.3042782,-0.3863993,0.1708857,2.02483,0.8317527,0.0109786,-0.5550379,0.1161495,0.9742352,0.1933263,0.5428598,-0.225267,0.8090475,moving,24.83224,-7.734407,-10.80389,4.824051,2.2110915875150297,3.7405054807410085
05/11/2023 10:30:03.039910,1617,True,True,True,True,Eyes,0.992553,0.107562,-1.614365,0.417671,-0.1215271,0.9004344,0.0,0.0,0.0,0.0,0.0,0.0,0.0,-1.797157,0.07786766,0.7569883,1.064372,0.1128971,-1.631942,0.1089468,0.291768,-0.02763072,0.9498624,12.89074,34.22424,0.6514772,0.472614,0.05976186,-0.8792406,0.5289153,-0.01068817,0.07910572,0.8759151,-0.1605261,0.3078634,-0.3854789,0.173609,2.025353,0.828216,0.01108362,-0.5602993,0.1160652,0.9747343,0.1908455,0.5482583,-0.2230925,0.8060041,moving,24.88447,-7.686477,-10.77603,4.899298,2.2160105747555643,3.754700429963768
05/11/2023 10:30:03.059813,1618,True,True,True,True,Eyes,0.9951491,0.1079764,-1.614578,0.4186777,-0.1205065,0.9001039,0.0,0.0,0.0,0.0,0.0,0.0,0.0,-1.812701,0.07121786,0.7395623,1.076115,0.1147616,-1.633008,0.1083824,0.2951033,-0.02792538,0.9488875,12.83635,34.62384,0.6447712,0.4777583,0.05945932,-0.8764765,0.4971804,-0.01004688,0.07435938,0.9014956,-0.1541987,0.3139016,-0.3845572,0.1763367,2.025877,0.8242685,0.01097191,-0.566093,0.1169641,0.9749469,0.1892036,0.5539864,-0.2221671,0.8023346,moving,24.9452,-7.625452,-10.74815,4.974612,2.2215552274700854,3.7727431736197223
05/11/2023 10:30:03.079808,1619,True,True,True,True,Eyes,0.9981001,0.1084099,-1.61482,0.4198771,-0.1195081,0.8996783,0.0,0.0,0.0,0.0,0.0,0.0,0.0,-1.82791,0.06715745,0.7215173,1.087467,0.1160427,-1.634107,0.1082132,0.2985136,-0.02787459,0.947841,12.81359,35.04028,0.6913093,0.4824304,0.05920473,-0.873931,0.4673496,-0.009444069,0.06989782,0.9283134,-0.1534986,0.3173455,-0.3835855,0.1792116,2.026429,0.8202253,0.01176487,-0.5719196,0.1174476,0.9750258,0.1884959,0.559854,-0.2217797,0.7983592,moving,25.01832,-7.566548,-10.71877,5.053925,2.228712297336931,3.7902352733322457
05/11/2023 10:30:03.090038,1620,True,True,True,True,Eyes,1.001387,0.1088425,-1.615091,0.4211736,-0.1184131,0.8992169,0.0,0.0,0.0,0.0,0.0,0.0,0.0,-1.842542,0.0679138,0.7036002,1.098751,0.1168927,-1.635148,0.1081825,0.3016902,-0.02652657,0.9468769,12.76052,35.44424,0.8836083,0.4867323,0.05899199,-0.8715568,0.4393086,-0.008877425,0.06570394,0.95367,-0.1587496,0.3199075,-0.3828125,0.1814987,2.026869,0.8165587,0.01504037,-0.5770665,0.11551,0.9751858,0.1888653,0.5655876,-0.2208766,0.7945592,moving,25.09736,-7.501814,-10.69541,5.116981,2.236413785476352,3.809451702758494
05/11/2023 10:30:03.111318,1621,True,True,True,True,Eyes,1.005009,0.1093022,-1.615379,0.4225988,-0.1172885,0.8986956,0.0,0.0,0.0,0.0,0.0,0.0,0.0,-1.855962,0.07158759,0.6881993,1.110031,0.11745,-1.636269,0.1080341,0.3041126,-0.0243624,0.9461768,12.66537,35.76385,1.15148,0.4907149,0.05881642,-0.8693326,0.4129501,-0.008344779,0.06176171,0.9806103,-0.1607607,0.3223945,-0.3818802,0.1842573,2.027399,0.813844,0.01960677,-0.5807526,0.1118113,0.9754702,0.1896209,0.5702247,-0.2192565,0.7916883,moving,25.18459,-7.435632,-10.66723,5.192981,2.2450869876548483,3.8291318336553144
05/11/2023 10:30:03.131164,1622,True,True,True,True,Eyes,1.008939,0.1097571,-1.615692,0.4241211,-0.1161078,0.8981315,0.0,0.0,0.0,0.0,0.0,0.0,0.0,-1.869369,0.07311386,0.672675,1.121655,0.1187056,-1.637124,0.1074182,0.3065186,-0.02231513,0.9455209,12.52187,36.07559,1.388344,0.4944233,0.05867528,-0.8672383,0.3881731,-0.007844092,0.058056,1.009895,-0.1593498,0.32447,-0.3809941,0.1868798,2.027903,0.8110968,0.02365248,-0.5844335,0.1080502,0.9759267,0.1894523,0.5748454,-0.2168123,0.7890155,moving,25.2779,-7.366173,-10.64046,5.265178,2.2544088378634397,3.849795709453861
05/11/2023 10:30:03.139635,1623,True,True,True,True,Eyes,1.013179,0.1101983,-1.615992,0.4257843,-0.1148711,0.8975034,0.0,0.0,0.0,0.0,0.0,0.0,0.0,-1.881944,0.0706096,0.6591741,1.132929,0.1190806,-1.638139,0.1065734,0.3085555,-0.02175265,0.944967,12.40617,36.32357,1.446644,0.497897,0.05856441,-0.8652563,0.3648827,-0.007373447,0.05457265,1.038189,-0.1544383,0.3270114,-0.3800956,0.1895386,2.028413,0.8086407,0.0246565,-0.5877859,0.1068787,0.9763379,0.1879928,0.5785128,-0.2148404,0.7868713,moving,25.38012,-7.293612,-10.61333,5.33832,2.264737408563681,3.871407428570647
05/11/2023 10:30:03.159741,1624,True,True,True,True,Eyes,1.017683,0.1106597,-1.616299,0.4274996,-0.1136333,0.8968453,0.0,0.0,0.0,0.0,0.0,0.0,0.0,-1.894929,0.0616343,0.6430718,1.144498,0.1191356,-1.638301,0.1050845,0.3111737,-0.02271631,0.9442523,12.27418,36.62063,1.319383,0.5011714,0.05847967,-0.8633695,0.3429898,-0.00693104,0.05129829,1.066693,-0.1457938,0.3295709,-0.3791413,0.1923625,2.028956,0.8053099,0.02249922,-0.5924271,0.1082989,0.9768825,0.1843152,0.5828786,-0.21259,0.7842564,moving,25.48575,-7.221092,-10.58452,5.415946,2.2754918278320506,3.8930252196637456
05/11/2023 10:30:03.169864,1625,True,True,True,True,Eyes,1.022458,0.1111345,-1.616597,0.4292479,-0.1124563,0.8961583,0.0,0.0,0.0,0.0,0.0,0.0,0.0,-1.906103,0.05322883,0.6317433,1.155314,0.1199976,-1.638906,0.1042078,0.3127674,-0.02388743,0.9437937,12.2187,36.79587,1.178188,0.5042765,0.05841909,-0.8615637,0.3224104,-0.006515177,0.04822039,1.096058,-0.1399294,0.3312289,-0.3782815,0.1949067,2.029445,0.803212,0.02009601,-0.5953543,0.1102752,0.9771402,0.181759,0.5853973,-0.2116438,0.7826346,moving,25.5938,-7.152493,-10.55857,5.485828,2.2866769912494016,3.91351705449495
05/11/2023 10:30:03.199797,1626,True,True,True,True,Eyes,1.027473,0.1116301,-1.616887,0.4310198,-0.1114597,0.8954321,0.0,0.0,0.0,0.0,0.0,0.0,0.0,-1.916907,0.04558384,0.6206468,1.166527,0.1207993,-1.639035,0.104105,0.314098,-0.02539087,0.9433239,12.26069,36.94254,1.025825,0.5072396,0.05838054,-0.8598252,0.3030657,-0.006124267,0.04532716,1.130226,-0.1376538,0.3314908,-0.3773725,0.1975957,2.029961,0.8013955,0.01749473,-0.5978789,0.113302,0.9770349,0.1804591,0.5873056,-0.21236,0.7810092,moving,25.70403,-7.09545,-10.53115,5.559637,2.2985151661461516,3.9306643524310294
05/11/2023 10:30:03.209796,1627,True,True,True,True,Eyes,1.032713,0.1121099,-1.617168,0.4328057,-0.1106974,0.8946649,0.0,0.0,0.0,0.0,0.0,0.0,0.0,-1.927348,0.03627175,0.6099142,1.177269,0.1216951,-1.639271,0.1047069,0.3154512,-0.02788889,0.942735,12.41652,37.08781,0.7906443,0.5100835,0.0583625,-0.8581423,0.2848818,-0.005756811,0.04260753,1.162989,-0.1422174,0.3301176,-0.3764431,0.2003462,2.03049,0.7994255,0.01347617,-0.600614,0.1186435,0.9765174,0.1798265,0.5889334,-0.2150169,0.779054,moving,25.81598,-7.053394,-10.50311,5.635072,2.3110623971608346,3.94346827576218
05/11/2023 10:30:03.229468,1628,True,True,True,True,Eyes,1.038164,0.1126063,-1.617445,0.4347068,-0.1101106,0.8938152,0.0,0.0,0.0,0.0,0.0,0.0,0.0,-1.937447,0.0265612,0.5994834,1.187861,0.1212801,-1.639531,0.1060847,0.3167118,-0.03143748,0.9420463,12.6965,37.21688,0.4678285,0.5128285,0.05836175,-0.8565046,0.2677889,-0.005411402,0.04005108,1.18907,-0.1533814,0.3289233,-0.375572,0.2029243,2.030985,0.7974106,0.007965413,-0.6033844,0.1264277,0.9755155,0.1799601,0.5900443,-0.2197866,0.7768794,moving,25.93596,-7.02298,-10.47685,5.705728,2.3249937182397127,3.9529335302390214
05/11/2023 10:30:03.239610,1629,True,True,True,True,Eyes,1.043808,0.1130835,-1.617709,0.436658,-0.1097583,0.892907,0.0,0.0,0.0,0.0,0.0,0.0,0.0,-1.94756,0.01398098,0.5884658,1.198256,0.1220966,-1.639742,0.1075701,0.3182361,-0.03547872,0.9412204,13.00732,37.37309,0.09872049,0.5154917,0.05837702,-0.8549033,0.2517216,-0.005086718,0.03764802,1.216954,-0.1594863,0.3279375,-0.3743325,0.2065915,2.031689,0.794934,0.0016788,-0.6066936,0.135252,0.9743399,0.1799131,0.5914278,-0.2250755,0.7743089,moving,26.06001,-7.007783,-10.43949,5.80614,2.339934231358835,3.9580010049614014
05/11/2023 10:30:03.259671,1630,True,True,True,True,Eyes,1.049628,0.1135391,-1.617952,0.4388272,-0.1095553,0.8918679,0.0,0.0,0.0,0.0,0.0,0.0,0.0,-1.957664,0.005794495,0.5759991,1.208423,0.1219347,-1.639849,0.1096123,0.319964,-0.03878114,0.9402682,13.35283,37.56667,359.836,0.518088,0.05840539,-0.8533305,0.2366183,-0.004781515,0.03538914,1.242955,-0.1651494,0.3266115,-0.3737431,0.208336,2.032025,0.7922381,-0.002785361,-0.6102058,0.1430733,0.9729624,0.1813128,0.5932022,-0.230947,0.7712163,moving,26.19864,-7.003017,-10.42173,5.853869,2.3570342197024337,3.960116037267521
05/11/2023 10:30:03.269781,1631,True,True,True,True,Eyes,1.055618,0.1139773,-1.618178,0.4410587,-0.1095357,0.8907689,0.0,0.0,0.0,0.0,0.0,0.0,0.0,-1.968167,0.000567168,0.5605532,1.218328,0.1217651,-1.639741,0.1115344,0.3223089,-0.04096049,0.9391483,13.64459,37.84816,359.7029,0.5206306,0.05844415,-0.851779,0.2224212,-0.004494624,0.03326579,1.268053,-0.167431,0.3258457,-0.3728493,0.2109804,2.032532,0.7888785,-0.005038888,-0.6145286,0.148833,0.9717646,0.1830908,0.5962545,-0.2358985,0.7673541,moving,26.34203,-7.010334,-10.39481,5.926177,2.3751257953887577,3.9587470870593955
05/11/2023 10:30:03.294489,1632,True,True,True,True,Eyes,1.061779,0.1144031,-1.618382,0.443548,-0.1095276,0.8895329,0.0,0.0,0.0,0.0,0.0,0.0,0.0,-1.978575,0.0005148053,0.5455433,1.228352,0.1217845,-1.639724,0.1135858,0.3243878,-0.0416222,0.9381569,13.89398,38.11617,359.74,0.5231302,0.05849105,-0.8502429,0.2090759,-0.004224946,0.03126984,1.291041,-0.1658409,0.3262921,-0.3719366,0.2136819,2.033052,0.7860802,-0.004404617,-0.6181088,0.151788,0.9707317,0.1861191,0.599198,-0.240126,0.7637416,moving,26.50223,-7.019458,-10.36733,5.999988,2.395369643076575,3.9569419872074962
05/11/2023 10:30:03.312329,1633,True,True,True,True,Eyes,1.068104,0.1148113,-1.618569,0.4461016,-0.1096033,0.8882458,0.0,0.0,0.0,0.0,0.0,0.0,0.0,-1.989161,0.003100336,0.5292513,1.238503,0.1219766,-1.639546,0.1154096,0.3266316,-0.04123151,0.9371727,14.07859,38.41605,359.8884,0.5255969,0.05854435,-0.8487167,0.1965313,-0.00397145,0.02939365,1.310374,-0.1639904,0.3273124,-0.3710486,0.216309,2.033556,0.7832235,-0.001889209,-0.6217374,0.152675,0.9699612,0.1893825,0.6027033,-0.2432525,0.7599849,moving,26.66707,-7.034338,-10.3406,6.071709,2.4163811924434278,3.953489725142015
05/11/2023 10:30:03.330052,1634,True,True,True,True,Eyes,1.074584,0.1152,-1.618734,0.4489264,-0.1094835,0.8868362,0.0,0.0,0.0,0.0,0.0,0.0,0.0,-1.999714,0.004724056,0.5129399,1.248719,0.1220288,-1.63945,0.1165327,0.328892,-0.04068096,0.9362668,14.1801,38.71424,0.02818201,0.5280395,0.05860221,-0.8471952,0.1847395,-0.003733163,0.02763003,1.327677,-0.1619374,0.3291725,-0.3701366,0.2190072,2.034075,0.7803502,0.0004768955,-0.6253426,0.1528298,0.9695303,0.1914521,0.60638,-0.2449706,0.7565004,moving,26.84904,-7.037783,-10.31316,6.145317,2.439147535661411,3.9534486703606686
05/11/2023 10:30:03.345041,1635,True,True,True,True,Eyes,1.081212,0.1155646,-1.618884,0.4517497,-0.109393,0.8854125,0.0,0.0,0.0,0.0,0.0,0.0,0.0,-2.010083,0.002661049,0.4960977,1.258784,0.1219658,-1.63925,0.1169919,0.3313644,-0.0407636,0.9353337,14.23314,39.02526,0.07558951,0.5304652,0.05866291,-0.8456743,0.1736551,-0.003509173,0.02597223,1.34495,-0.1577904,0.3309829,-0.3692364,0.2216713,2.034587,0.7770719,0.001278788,-0.6294106,0.153789,0.9693025,0.1918377,0.6103346,-0.2458682,0.7530211,moving,27.03131,-7.043219,-10.28608,6.217937,2.462016976670043,3.952830981896009
05/11/2023 10:30:03.359975,1636,True,True,True,True,Eyes,1.087999,0.1158957,-1.619011,0.4546778,-0.1090472,0.8839552,0.0,0.0,0.0,0.0,0.0,0.0,0.0,-2.019439,-0.0001002848,0.4833001,1.268903,0.1217476,-1.639139,0.1172119,0.3329026,-0.04107415,0.9347461,14.26896,39.2152,0.07404708,0.5328805,0.05872466,-0.8441501,0.1632358,-0.003298622,0.02441389,1.362885,-0.1523649,0.3325836,-0.3683281,0.2243596,2.035103,0.7749775,0.001252495,-0.6319876,0.1548281,0.9691486,0.1917793,0.61273,-0.2464741,0.7508745,moving,27.21982,-7.032639,-10.25877,6.291158,2.485134281362336,3.9568974731434747
05/11/2023 10:30:03.380170,1637,True,True,True,True,Eyes,1.094944,0.1161781,-1.619121,0.45757,-0.1087307,0.8825005,0.0,0.0,0.0,0.0,0.0,0.0,0.0,-2.028775,-0.00247559,0.4705076,1.279416,0.1212819,-1.638809,0.1174364,0.3343113,-0.04132809,0.9342037,14.30313,39.38987,0.0770386,0.5352911,0.05878536,-0.8426194,0.1534416,-0.003100705,0.02294906,1.380908,-0.1483844,0.3339486,-0.3674162,0.2270573,2.035621,0.7730559,0.001302897,-0.6343366,0.1557383,0.9690014,0.1917861,0.6149229,-0.2470519,0.7488893,moving,27.40641,-7.023875,-10.23135,6.364578,2.508072547359728,3.9604264484711655
05/11/2023 10:30:03.390007,1638,True,True,True,True,Eyes,1.102054,0.1164224,-1.619216,0.4605709,-0.108145,0.8810102,0.0,0.0,0.0,0.0,0.0,0.0,0.0,-2.038025,-0.003379196,0.4585288,1.290107,0.1204123,-1.638577,0.1176282,0.3354597,-0.04128348,0.9337699,14.32213,39.53549,0.1076544,0.537702,0.05884235,-0.8410789,0.1442351,-0.002914662,0.02157212,1.398437,-0.1455093,0.3352782,-0.3665631,0.2295815,2.036107,0.7715249,0.001820518,-0.6361966,0.1560176,0.9689185,0.1919775,0.6167722,-0.2473733,0.7472607,moving,27.59948,-6.998112,-10.20572,6.433222,2.531256090185087,3.9689263464167617
05/11/2023 10:30:03.409857,1639,True,True,True,True,Eyes,1.109329,0.1166337,-1.619288,0.4636229,-0.1075841,0.8794768,0.0,0.0,0.0,0.0,0.0,0.0,0.0,-2.047606,-0.007498711,0.445793,1.301089,0.119711,-1.638387,0.1175827,0.3368328,-0.04190921,0.9332534,14.34155,39.69873,0.05840437,0.5401183,0.05889378,-0.8395256,0.135581,-0.002739783,0.02027779,1.414608,-0.1440503,0.336318,-0.3656455,0.2322971,2.036628,0.7695746,0.0009875891,-0.6385562,0.1574352,0.9688359,0.1912361,0.6188451,-0.2477016,0.745436,moving,27.7963,-6.974194,-10.17815,6.507016,2.5549673831537985,3.976910201077219
05/11/2023 10:30:03.429651,1640,True,True,True,True,Eyes,1.116757,0.1167907,-1.619339,0.466946,-0.1067706,0.8778163,0.0,0.0,0.0,0.0,0.0,0.0,0.0,-2.057857,-0.01586863,0.4292477,1.312224,0.1190532,-1.63804,0.1172302,0.3391293,-0.04336376,0.932399,14.36053,39.96429,359.92,0.5425442,0.05893828,-0.8379567,0.1274462,-0.002575396,0.01906112,1.430992,-0.1446564,0.3371086,-0.3647283,0.2350112,2.037149,0.7662218,-0.001352226,-0.6425748,0.1603771,0.9687533,0.1891989,0.6222407,-0.2480226,0.7424967,moving,28.01031,-6.934935,-10.15061,6.58071,2.580311944507821,3.9894399386823967
05/11/2023 10:30:03.439741,1641,True,True,True,True,Eyes,1.124325,0.1168903,-1.61937,0.4703717,-0.1059638,0.8760834,0.0,0.0,0.0,0.0,0.0,0.0,0.0,-2.068622,-0.02444461,0.4088359,1.323136,0.1178267,-1.637794,0.1166251,0.3423161,-0.04473396,0.931245,14.34969,40.33997,359.7947,0.5449831,0.05897352,-0.8363702,0.1197994,-0.002420872,0.01791745,1.448301,-0.1447908,0.3372164,-0.3638275,0.2376756,2.037661,0.7616372,-0.003471284,-0.6479945,0.1631618,0.9687949,0.1865867,0.6271261,-0.2478393,0.7384366,moving,28.23148,-6.896523,-10.12357,6.652996,2.606575791883422,4.001761445718198
05/11/2023 10:30:03.459996,1642,True,True,True,True,Eyes,1.132045,0.1169434,-1.619362,0.4740807,-0.1049826,0.8742002,0.0,0.0,0.0,0.0,0.0,0.0,0.0,-2.079119,-0.03195113,0.38824,1.33396,0.1164994,-1.637519,0.1159727,0.3454869,-0.04579269,0.9301034,14.32222,40.71751,359.7014,0.5474377,0.05899733,-0.8347639,0.1126114,-0.00227562,0.01684241,1.464881,-0.1449219,0.3375058,-0.3629078,0.2403982,2.038184,0.7570836,-0.00504976,-0.6532984,0.165318,0.9689067,0.1840917,0.6320556,-0.2473748,0.7343782,moving,28.47107,-6.84785,-10.09596,6.7268,2.63479379005448,4.0171600147615205
05/11/2023 10:30:03.480265,1643,True,True,True,True,Eyes,1.139897,0.1169704,-1.619321,0.4779149,-0.1040264,0.8722246,0.0,0.0,0.0,0.0,0.0,0.0,0.0,-2.089859,-0.04029164,0.3642098,1.345127,0.1153761,-1.636797,0.1151453,0.3492939,-0.04677544,0.9287344,14.27378,41.17452,359.619,0.5499106,0.05900832,-0.833136,0.1058548,-0.002139082,0.01583186,1.48171,-0.1439116,0.3374749,-0.3619749,0.2431584,2.038714,0.7516116,-0.006444824,-0.6595745,0.167323,0.9691073,0.181202,0.6380306,-0.2465555,0.7294707,moving,28.7195,-6.801287,-10.06798,6.801563,2.6641819196225818,4.031992417308281
05/11/2023 10:30:03.495855,1644,True,True,True,True,Eyes,1.147863,0.1169177,-1.619251,0.4819051,-0.1029984,0.8701488,0.0,0.0,0.0,0.0,0.0,0.0,0.0,-2.100266,-0.04594252,0.3402991,1.355997,0.1147805,-1.636193,0.1147734,0.3530365,-0.04716427,0.9273446,14.251,41.6357,359.6195,0.5524038,0.0590063,-0.8314852,0.09950347,-0.002010738,0.01488195,1.497679,-0.1429776,0.3378699,-0.3611348,0.2456433,2.039192,0.7462815,-0.006436671,-0.6655993,0.1685134,0.9692052,0.1795675,0.6439465,-0.2461703,0.7243847,moving,28.97853,-6.750614,-10.04278,6.868816,2.694753860758014,4.048074311461496
05/11/2023 10:30:03.511922,1645,True,True,True,True,Eyes,1.155954,0.1168051,-1.619137,0.4860245,-0.1019898,0.8679736,0.0,0.0,0.0,0.0,0.0,0.0,0.0,-2.109919,-0.04763451,0.3184076,1.366546,0.1128165,-1.635615,0.1150164,0.3562,-0.04728359,0.9260978,14.28337,42.03416,359.6665,0.5549178,0.05898845,-0.8298106,0.0,0.0,0.0,1.515781,-0.1390389,0.3375898,-0.3602308,0.248319,2.039706,0.7417717,-0.005640765,-0.6706288,0.1695162,0.969071,0.1793481,0.6488753,-0.2467178,0.7197856,moving,29.24678,-6.701718,-10.01568,6.941176,2.726532240435359,4.063688750692349
05/11/2023 10:30:03.529671,1646,True,True,True,True,Eyes,1.164154,0.1166803,-1.618982,0.4903155,-0.1008941,0.8656853,0.0,0.0,0.0,0.0,0.0,0.0,0.0,-2.11968,-0.05481476,0.2930171,1.377457,0.1112359,-1.63467,0.1144182,0.3601488,-0.04815243,0.9245986,14.25666,42.51472,359.6082,0.5574545,0.05895327,-0.8281112,0.0,0.0,0.0,1.53369,-0.1339778,0.3372588,-0.359282,0.2511261,2.040246,0.7359485,-0.006628178,-0.6770051,0.1714585,0.9691796,0.1768978,0.6549671,-0.2462659,0.7144027,moving,29.52678,-6.647729,-9.987245,7.017025,2.759605126362312,4.080844222343381
05/11/2023 10:30:03.539440,1647,True,True,True,True,Eyes,1.17245,0.1165068,-1.618775,0.4946452,-0.09978494,0.8633476,0.0,0.0,0.0,0.0,0.0,0.0,0.0,-2.129169,-0.0612945,0.2666985,1.388077,0.1107993,-1.633773,0.1139817,0.3643233,-0.04859664,0.9229925,14.23019,43.03114,359.6065,0.5600141,0.0589018,-0.826386,0.0,0.0,0.0,1.553291,-0.128463,0.3364507,-0.3583925,0.253759,2.040751,0.7298138,-0.006656287,-0.6836136,0.172761,0.9692931,0.1749987,0.6614571,-0.2458182,0.7085534,moving,29.81006,-6.592941,-9.960594,7.088111,2.793059937011033,4.098249028795092
05/11/2023 10:30:03.559848,1648,True,True,True,True,Eyes,1.180837,0.1162895,-1.61852,0.4989323,-0.09856518,0.8610177,0.0,0.0,0.0,0.0,0.0,0.0,0.0,-2.137549,-0.06246275,0.2447924,1.398553,0.1095162,-1.632482,0.1133641,0.3673072,-0.04791606,0.9219208,14.13606,43.40903,359.7004,0.5625966,0.05883325,-0.8246349,0.0,0.0,0.0,1.574684,-0.1238448,0.3348078,-0.3575068,0.2563793,2.041255,0.725579,-0.005070701,-0.6881204,0.1716286,0.9697053,0.1738257,0.6663925,-0.2442254,0.7044679,moving,30.09092,-6.530519,-9.934068,7.158798,2.8259613827046026,4.117858100811466
05/11/2023 10:30:03.579940,1649,True,True,True,True,Eyes,1.189318,0.1160415,-1.618208,0.5032192,-0.09727748,0.8586661,0.0,0.0,0.0,0.0,0.0,0.0,0.0,-2.145285,-0.06556353,0.2265659,1.40903,0.1082457,-1.631194,0.1121576,0.3695323,-0.04756003,0.9211974,13.99213,43.68143,359.7206,0.5652024,0.05874713,-0.8228572,0.0,0.0,0.0,1.594525,-0.1191177,0.3331106,-0.3565372,0.2592489,2.041806,0.7223679,-0.004732637,-0.6914927,0.1705161,0.9703174,0.1714887,0.6701559,-0.2417886,0.7017332,moving,30.37234,-6.463428,-9.905039,7.236148,2.8587783476699977,4.1388260710193885
05/11/2023 10:30:03.590139,1650,True,True,True,True,Eyes,1.197886,0.115765,-1.617839,0.5074544,-0.09585719,0.8563302,0.0,0.0,0.0,0.0,0.0,0.0,0.0,-2.15273,-0.07253772,0.2077365,1.419659,0.1072319,-1.629642,0.1105165,0.3719127,-0.04790281,0.9204198,13.83192,43.9614,359.6473,0.5678312,0.05864371,-0.8210527,0.0,0.0,0.0,1.615489,-0.114466,0.3309797,-0.3556771,0.2617937,2.042295,0.7187725,-0.005976378,-0.6952197,0.1703864,0.9709828,0.1678119,0.6740435,-0.2390745,0.6989341,moving,30.65064,-6.387073,-9.879298,7.304685,2.89090097773291,4.16246799184457
05/11/2023 10:30:03.609615,1651,True,True,True,True,Eyes,1.206546,0.1154507,-1.617415,0.5116552,-0.09434959,0.8539947,0.0,0.0,0.0,0.0,0.0,0.0,0.0,-2.159979,-0.07699302,0.1891783,1.430226,0.1062575,-1.628001,0.109032,0.374148,-0.04768983,0.9197018,13.66473,44.23108,359.6384,0.5704832,0.05852333,-0.8192209,0.0,0.0,0.0,1.637612,-0.1119787,0.3280005,-0.3547874,0.2644265,2.0428,0.7154779,-0.006132592,-0.6986085,0.1693091,0.9716754,0.1648678,0.6778096,-0.23624,0.6962506,moving,30.92716,-6.304487,-9.852678,7.375534,2.922596247062895,4.187910100943899
05/11/2023 10:30:03.619886,1652,True,True,True,True,Eyes,1.215299,0.1151077,-1.616943,0.5157567,-0.09269647,0.8517056,0.0,0.0,0.0,0.0,0.0,0.0,0.0,-2.167222,-0.07960594,0.1715216,1.441006,0.1050683,-1.626367,0.1073344,0.376094,-0.04699589,0.9191431,13.4538,44.46739,359.6668,0.5731582,0.05838586,-0.8173614,0.0,0.0,0.0,1.660426,-0.1098866,0.3247102,-0.3538818,0.2671056,2.043316,0.7126893,-0.005656208,-0.701457,0.1671276,0.9725414,0.1619617,0.6812799,-0.2326612,0.6940652,moving,31.19732,-6.211411,-9.825591,7.447569,2.9531533611075416,4.21636512626349
05/11/2023 10:30:03.639820,1653,True,True,True,True,Eyes,1.22417,0.1148252,-1.616423,0.5198259,-0.0909584,0.849416,0.0,0.0,0.0,0.0,0.0,0.0,0.0,-2.174479,-0.08123043,0.1551283,1.451936,0.1040688,-1.62483,0.1053167,0.3777331,-0.04590661,0.9187593,13.19126,44.66585,359.718,0.5758558,0.0582316,-0.8154742,0.0,0.0,0.0,1.684531,-0.1102143,0.319906,-0.3529664,0.2698146,2.043836,0.7104205,-0.004791047,-0.7037612,0.1639174,0.9736019,0.1588405,0.6844222,-0.2282023,0.6924521,moving,31.46582,-6.112139,-9.798221,7.520349,2.983299208509444,4.246610808038395
05/11/2023 10:30:03.660155,1654,True,True,True,True,Eyes,1.233153,0.1146493,-1.615883,0.5238335,-0.08924399,0.8471328,0.0,0.0,0.0,0.0,0.0,0.0,0.0,-2.182289,-0.08379689,0.1370237,1.463601,0.1053109,-1.623258,0.1036899,0.3796807,-0.04464453,0.9182037,12.96279,44.90887,359.8091,0.5785761,0.0580652,-0.8135583,0.0,0.0,0.0,1.707863,-0.1108134,0.315367,-0.3520643,0.2724841,2.044349,0.7076989,-0.003247463,-0.7065067,0.1607236,0.9745106,0.1565155,0.68799,-0.2243181,0.690182,moving,31.73101,-6.01383,-9.771256,7.592006,3.0130648126883806,4.27655936885016
05/11/2023 10:30:03.679419,1655,True,True,True,True,Eyes,1.242256,0.114459,-1.615308,0.5278537,-0.08757456,0.8448084,0.0,0.0,0.0,0.0,0.0,0.0,0.0,-2.190553,-0.08352259,0.1190727,1.475165,0.1077981,-1.622326,0.1032616,0.3816481,-0.04297832,0.9175155,12.84377,45.17022,-0.002785549,0.5813188,0.057893,-0.8116131,0.0,0.0,0.0,1.732408,-0.1084732,0.3109256,-0.3511679,0.2751364,2.044858,0.7049953,-4.739719e-05,-0.7092121,0.1576857,0.9749798,0.156683,0.69146,-0.2222933,0.6873636,moving,31.99799,-5.918259,-9.744475,7.663146,3.043143667085772,4.305722212209152
05/11/2023 10:30:03.695065,1656,True,True,True,True,Eyes,1.251466,0.1143888,-1.614721,0.5319948,-0.08598103,0.8423709,0.0,0.0,0.0,0.0,0.0,0.0,0.0,-2.198451,-0.08836585,0.09830329,1.487053,0.1072555,-1.621058,0.1028385,0.3841367,-0.04327875,0.9165098,12.81213,45.4779,359.981,0.5840839,0.05771478,-0.8096383,0.0,0.0,0.0,1.753221,-0.108734,0.3067357,-0.350274,0.2777818,2.045366,0.7011319,-0.0003227088,-0.7130314,0.1583389,0.9751024,0.1552551,0.6952285,-0.2217549,0.6837265,moving,32.27424,-5.828012,-9.717775,7.73404,3.074552322987124,4.333387763783143
05/11/2023 10:30:03.709823,1657,True,True,True,True,Eyes,1.26076,0.1144121,-1.614134,0.536161,-0.08448817,0.8398768,0.0,0.0,0.0,0.0,0.0,0.0,0.0,-2.206405,-0.1000573,0.07408136,1.498662,0.1100275,-1.620379,0.1014539,0.3876829,-0.04393591,0.9151387,12.69465,45.90679,359.8972,0.58687,0.05753689,-0.8076337,0.0,0.0,0.0,1.77248,-0.1137285,0.3033254,-0.3493629,0.2804774,2.045884,0.6955433,-0.001751034,-0.7184821,0.1590788,0.9755535,0.1516223,0.7006522,-0.2197551,0.6788182,moving,32.55337,-5.744396,-9.690572,7.806217,3.1065384832388654,4.359142760923461
05/11/2023 10:30:03.729521,1658,True,True,True,True,Eyes,1.270156,0.114512,-1.613526,0.5403799,-0.08308005,0.8373095,0.0,0.0,0.0,0.0,0.0,0.0,0.0,-2.214227,-0.1048376,0.05294418,1.509867,0.1123256,-1.619963,0.1018915,0.3904894,-0.04393329,0.913896,12.74119,46.26733,359.9574,0.5896753,0.05736368,-0.8056001,0.0,0.0,0.0,1.797102,-0.1031025,0.2987279,-0.3484998,0.2830324,2.046375,0.6911759,-0.0007258118,-0.7226862,0.159876,0.975376,0.1519255,0.7047805,-0.2205475,0.6742724,moving,32.83725,-5.666491,-9.664806,7.874572,3.139304552429711,4.3832642444727945
05/11/2023 10:30:03.739799,1659,True,True,True,True,Eyes,1.279614,0.1146662,-1.612923,0.5445856,-0.08166605,0.8347198,0.0,0.0,0.0,0.0,0.0,0.0,0.0,-2.221802,-0.1106884,0.02938139,1.521575,0.1142892,-1.619032,0.1008159,0.3936367,-0.04351683,0.9126844,12.60837,46.66022,-0.003793442,0.5924987,0.05719829,-0.8035377,0.0,0.0,0.0,1.816359,-0.104123,0.2940839,-0.3475757,0.2857664,2.0469,0.6863129,-6.460727e-05,-0.7273064,0.1588039,0.9758849,0.1497665,0.7097577,-0.2182858,0.6697727,moving,33.12112,-5.587834,-9.637236,7.947655,3.1720445421748362,4.407604067055388
05/11/2023 10:30:03.760100,1660,True,True,True,True,Eyes,1.28914,0.1148371,-1.612324,0.5486736,-0.08037549,0.8321641,0.0,0.0,0.0,0.0,0.0,0.0,0.0,-2.229032,-0.1142206,0.01041228,1.532425,0.1157869,-1.618644,0.1001366,0.3959592,-0.04298866,0.9117791,12.51225,46.95366,0.05327157,0.5953376,0.05704241,-0.8014477,0.0,0.0,0.0,1.840932,-0.09585823,0.2900398,-0.346635,0.2885499,2.047435,0.6827365,0.0009076924,-0.7306641,0.1576923,0.9762493,0.1485614,0.7134452,-0.2166484,0.6663779,moving,33.3982,-5.516863,-9.609178,8.022,3.2041931054084003,4.429675963469264
05/11/2023 10:30:03.779393,1661,True,True,True,True,Eyes,1.298714,0.1150054,-1.611761,0.5526212,-0.07908472,0.8296719,0.0,0.0,0.0,0.0,0.0,0.0,0.0,-2.236573,-0.1118457,-0.005344093,1.543556,0.1164601,-1.618231,0.09975372,0.397413,-0.04145005,0.9112595,12.40078,47.14924,0.2196026,0.5981901,0.0568957,-0.7993313,0.0,0.0,0.0,1.866018,-0.08470196,0.2842386,-0.3457637,0.2911275,2.04793,0.6806896,0.00374334,-0.7325624,0.1548304,0.9766622,0.1488575,0.7160232,-0.2147487,0.6642242,moving,33.66648,-5.44501,-9.583196,8.090782,3.2352170710162254,4.451957608183354
05/11/2023 10:30:03.789751,1662,True,True,True,True,Eyes,1.308371,0.1151552,-1.611211,0.5565088,-0.07780626,0.8271905,0.0,0.0,0.0,0.0,0.0,0.0,0.0,-2.24441,-0.1069513,-0.01632023,1.554272,0.1166803,-1.61855,0.099622,0.3979838,-0.03968565,0.9111035,12.30527,47.237,0.4093566,0.6010526,0.05675694,-0.7971911,0.0,0.0,0.0,1.890177,-0.07496689,0.2794358,-0.3448483,0.2938363,2.048451,0.6800678,0.006980421,-0.733116,0.1516113,0.977001,0.1499434,0.7173017,-0.2131204,0.6633687,moving,33.93148,-5.373481,-9.555907,8.163004,3.2658434251576196,4.4741278650180725
05/11/2023 10:30:03.809785,1663,True,True,True,True,Eyes,1.318104,0.1153964,-1.610692,0.5603344,-0.07632503,0.8247423,0.0,0.0,0.0,0.0,0.0,0.0,0.0,-2.251954,-0.111765,-0.028889,1.565898,0.1163742,-1.618345,0.09772068,0.3988647,-0.03958354,0.9109284,12.0995,47.33023,0.3421597,0.603924,0.05662423,-0.7950274,0.0,0.0,0.0,1.912899,-0.06565265,0.2750821,-0.3439762,0.2964166,2.048946,0.6786801,0.005839105,-0.7344107,0.1500702,0.9777676,0.1464561,0.7189382,-0.20961,0.6627153,moving,34.1924,-5.287326,-9.529924,8.231747,3.2954788600195366,4.500524213871425
05/11/2023 10:30:03.829735,1664,True,True,True,True,Eyes,1.327908,0.1156497,-1.610212,0.5641125,-0.0749023,0.8222936,0.0,0.0,0.0,0.0,0.0,0.0,0.0,-2.25981,-0.1170792,-0.04342449,1.577417,0.1188404,-1.618631,0.09474611,0.4002735,-0.03847592,0.9106722,11.73393,47.48917,0.3377025,0.606802,0.0565011,-0.7928418,0.0,0.0,0.0,1.93859,-0.0565739,0.2692368,-0.3430661,0.2991085,2.049464,0.6766015,0.00577082,-0.7363268,0.1459266,0.9790856,0.1417635,0.721745,-0.2033671,0.6616086,moving,34.45103,-5.20468,-9.502815,8.303399,3.3249451075205725,4.525889424138269
05/11/2023 10:30:03.844934,1665,True,True,True,True,Eyes,1.33781,0.1158762,-1.609756,0.567821,-0.07325407,0.819886,0.0,0.0,0.0,0.0,0.0,0.0,0.0,-2.268063,-0.1165786,-0.05152088,1.588925,0.1194539,-1.619074,0.09277713,0.4002413,-0.0370273,0.9109492,11.45921,47.47815,0.3979184,0.6096844,0.05638692,-0.7906355,0.0,0.0,0.0,1.965019,-0.05024433,0.2625477,-0.3421761,0.301744,2.04997,0.6768718,0.006806497,-0.7360694,0.1417264,0.9800428,0.1393908,0.7223282,-0.1986702,0.6623987,moving,34.70496,-5.105629,-9.476311,8.373485,3.3532845039272106,4.55599410504155
05/11/2023 10:30:03.859755,1666,True,True,True,True,Eyes,1.347782,0.1161464,-1.609341,0.5716307,-0.07163091,0.8173783,0.0,0.0,0.0,0.0,0.0,0.0,0.0,-2.275838,-0.1267113,-0.06530905,1.601165,0.1189487,-1.619223,0.08895797,0.4013782,-0.03747824,0.9108114,11.07734,47.58223,0.1833461,0.6125707,0.05627923,-0.7884091,0.0,0.0,0.0,1.991305,-0.04584908,0.2554878,-0.3412496,0.3044858,2.050497,0.6749818,0.003140375,-0.7378277,0.1396828,0.9813637,0.131962,0.7244917,-0.1921338,0.6619641,moving,34.96688,-5.008318,-9.448734,8.446341,3.382676000156841,4.585635591277237
05/11/2023 10:30:03.879694,1667,True,True,True,True,Eyes,1.357811,0.1164252,-1.608972,0.5753305,-0.07004423,0.8149163,0.0,0.0,0.0,0.0,0.0,0.0,0.0,-2.283159,-0.1411088,-0.08137459,1.612716,0.1201584,-1.619893,0.08617575,0.4032463,-0.03892627,0.9101928,10.85166,47.78239,359.9206,0.6154586,0.05617921,-0.7861639,0.0,0.0,0.0,2.016503,-0.0414142,0.2489613,-0.3402394,0.3074736,2.051071,0.6717544,-0.001360736,-0.7407727,0.1403609,0.982117,0.1254793,0.7273548,-0.1882668,0.6599324,moving,35.22207,-4.912651,-9.418673,8.525656,3.4112840035951955,4.61476415252882
05/11/2023 10:30:03.889975,1668,True,True,True,True,Eyes,1.367893,0.1167128,-1.608673,0.5789534,-0.06881794,0.8124512,0.0,0.0,0.0,0.0,0.0,0.0,0.0,-2.290945,-0.1477769,-0.09212917,1.624075,0.1205848,-1.620676,0.0855626,0.4039453,-0.03972616,0.909906,10.82455,47.85936,359.8152,0.6183461,0.05608623,-0.7839014,0.0,0.0,0.0,2.038254,-0.03677613,0.2437826,-0.3394403,0.3098397,2.051525,0.6705001,-0.003168929,-0.7419026,0.1414194,0.9822017,0.1236135,0.7283063,-0.1878023,0.6590146,moving,35.4737,-4.84163,-9.394903,8.588415,3.440262767085449,4.636716386421565
05/11/2023 10:30:03.909891,1669,True,True,True,True,Eyes,1.378039,0.1169788,-1.608444,0.5824571,-0.06781542,0.8100277,0.0,0.0,0.0,0.0,0.0,0.0,0.0,-2.299332,-0.152756,-0.09973115,1.635394,0.121061,-1.622047,0.08607232,0.4040857,-0.04062902,0.9097559,10.92039,47.87431,359.7454,0.62123,0.05599974,-0.7816242,0.0,0.0,0.0,2.060408,-0.02928151,0.2390147,-0.338559,0.3124466,2.052026,0.6701282,-0.004363792,-0.7422326,0.1434861,0.9818817,0.1237744,0.7282444,-0.1894448,0.6586127,moving,35.71833,-4.785635,-9.3687,8.657503,3.468866363656705,4.654267943983648
05/11/2023 10:30:03.929937,1670,True,True,True,True,Eyes,1.388222,0.1172907,-1.608284,0.586306,-0.06661023,0.8073465,0.0,0.0,0.0,0.0,0.0,0.0,0.0,-2.307191,-0.1687498,-0.1075921,1.647048,0.1205871,-1.623537,0.08714076,0.4044622,-0.0444827,0.9093065,11.21309,47.8996,359.3921,0.6241084,0.05591773,-0.7793336,0.0,0.0,0.0,2.081009,-0.02250765,0.2346611,-0.3376409,0.3151645,2.052548,0.6688634,-0.01040653,-0.7433125,0.1513871,0.9808556,0.1224922,0.7278075,-0.1944584,0.6576337,moving,35.98766,-4.716513,-9.341405,8.72947,3.5001112292570475,4.67576200255149
05/11/2023 10:30:03.944876,1671,True,True,True,True,Eyes,1.398408,0.1176052,-1.608173,0.5902141,-0.0656954,0.8045691,0.0,0.0,0.0,0.0,0.0,0.0,0.0,-2.312608,-0.2042704,-0.1213702,1.657931,0.1215378,-1.625148,0.08747926,0.4065526,-0.05204974,0.907939,11.6056,48.10428,358.632,0.6269785,0.05584167,-0.777032,0.0,0.0,0.0,2.104485,-0.01430066,0.2299161,-0.3366977,0.3179547,2.053084,0.6640115,-0.02338613,-0.7473565,0.1656458,0.9792764,0.1165297,0.7291433,-0.2011736,0.6541247,moving,36.26295,-4.668011,-9.313379,8.803283,3.5327789965304843,4.6912991363225505
05/11/2023 10:30:03.960542,1672,True,True,True,True,Eyes,1.408584,0.117915,-1.608099,0.5943812,-0.06458153,0.801586,0.0,0.0,0.0,0.0,0.0,0.0,0.0,-2.316043,-0.2426312,-0.1380825,1.667961,0.1214185,-1.626393,0.08777579,0.4093416,-0.06035973,0.906141,12.03388,48.38953,357.8009,0.6298374,0.05577092,-0.7747216,0.0,0.0,0.0,2.12304,-0.008251235,0.2264809,-0.3358542,0.3204499,2.053563,0.6575924,-0.03752828,-0.7524387,0.1812494,0.9773042,0.109659,0.7312461,-0.20849,0.6494698,moving,36.55717,-4.606211,-9.288323,8.869236,3.567364105963062,4.710798010091208
05/11/2023 10:30:03.979585,1673,True,True,True,True,Eyes,1.41876,0.1182441,-1.608071,0.5984564,-0.06356034,0.7986301,0.0,0.0,0.0,0.0,0.0,0.0,0.0,-2.320309,-0.2676054,-0.1532517,1.678106,0.1210982,-1.627338,0.08785837,0.411473,-0.06554382,0.9048066,12.29404,48.616,357.2836,0.6326826,0.05570459,-0.7724046,0.0,0.0,0.0,2.141032,-0.005653098,0.2237761,-0.3349832,0.3230262,2.054059,0.652788,-0.04630628,-0.7561241,0.1909117,0.9759698,0.1050506,0.7330898,-0.2129287,0.6459417,moving,36.84619,-4.550391,-9.26246,8.937275,3.6014993801806305,4.728532788107413
05/11/2023 10:30:03.995107,1674,True,True,True,True,Eyes,1.428947,0.1185761,-1.608106,0.602518,-0.06226285,0.7956729,0.0,0.0,0.0,0.0,0.0,0.0,0.0,-2.326589,-0.2766949,-0.1651877,1.688206,0.1218149,-1.628492,0.08796794,0.4126746,-0.06694189,0.904146,12.37577,48.75797,357.157,0.6355116,0.05564301,-0.7700831,0.0,0.0,0.0,2.158834,-0.006542906,0.2205719,-0.3340871,0.3256788,2.054568,0.6504368,-0.04844622,-0.7580138,0.1936548,0.9755608,0.1038213,0.7344587,-0.2143222,0.6439226,moving,37.13458,-4.474381,-9.235858,9.007269,3.6348894595080976,4.752127714687047
05/11/2023 10:30:04.010103,1675,True,True,True,True,Eyes,1.439154,0.1189057,-1.608189,0.6064827,-0.06088458,0.7927622,0.0,0.0,0.0,0.0,0.0,0.0,0.0,-2.33431,-0.2759129,-0.1757554,1.698259,0.1224409,-1.630014,0.08792106,0.4134328,-0.06610625,0.9038658,12.33332,48.86244,357.254,0.6383222,0.05558563,-0.7677591,0.0,0.0,0.0,2.176351,-0.01260844,0.2171645,-0.3331357,0.3284933,2.055109,0.6494065,-0.04680347,-0.7589998,0.1922013,0.9757997,0.1042767,0.7357513,-0.2135987,0.6426864,moving,37.41688,-4.391727,-9.207628,9.081467,3.667302007650676,4.77762004660131
05/11/2023 10:30:04.029970,1676,True,True,True,True,Eyes,1.449362,0.1192459,-1.608335,0.6104889,-0.05912574,0.7898148,0.0,0.0,0.0,0.0,0.0,0.0,0.0,-2.342008,-0.2753021,-0.1892523,1.708886,0.1227764,-1.631332,0.08659173,0.4145916,-0.06484676,0.9035544,12.13703,49.01267,357.3392,0.6411134,0.05553173,-0.7654338,0.0,0.0,0.0,2.194816,-0.01824757,0.2131175,-0.3321544,0.3313974,2.055667,0.6478173,-0.04538474,-0.7604426,0.1889856,0.9765936,0.1027108,0.7379819,-0.2102505,0.6412312,moving,37.7023,-4.281192,-9.178516,9.157954,3.6991821872631343,4.811225877144583
05/11/2023 10:30:04.045070,1677,True,True,True,True,Eyes,1.459574,0.1195893,-1.608535,0.6143747,-0.057278,0.7869326,0.0,0.0,0.0,0.0,0.0,0.0,0.0,-2.349209,-0.2789043,-0.2012407,1.719082,0.1233412,-1.632977,0.08475831,0.4156324,-0.06436836,0.9032843,11.92487,49.13715,357.3153,0.6438829,0.05548127,-0.7631092,0.0,0.0,0.0,2.213367,-0.0272461,0.2085775,-0.3313503,0.3337766,2.056124,0.6462127,-0.04582926,-0.76178,0.1867425,0.9773455,0.09961453,0.739957,-0.2066288,0.6401314,moving,37.9799,-4.163013,-9.154674,9.22056,3.7298364515577456,4.847010406296137
05/11/2023 10:30:04.059869,1678,True,True,True,True,Eyes,1.469784,0.1198994,-1.608804,0.6181653,-0.05519341,0.784108,0.0,0.0,0.0,0.0,0.0,0.0,0.0,-2.35632,-0.2839572,-0.2114688,1.729362,0.1237421,-1.634499,0.08269741,0.4163172,-0.06422,0.9031706,11.70376,49.21185,357.2403,0.6466294,0.0554339,-0.7607868,0.0,0.0,0.0,2.233966,-0.0348352,0.2030903,-0.3304682,0.3363874,2.056625,0.6451116,-0.04714651,-0.7626324,0.1848599,0.9780738,0.09590796,0.7413892,-0.2028515,0.6396824,moving,38.2511,-4.026413,-9.128524,9.289204,3.7590856620599817,4.888110918734882
05/11/2023 10:30:04.079788,1679,True,True,True,True,Eyes,1.480001,0.1201849,-1.609146,0.6218216,-0.05312873,0.7813547,0.0,0.0,0.0,0.0,0.0,0.0,0.0,-2.364566,-0.282635,-0.2187748,1.739534,0.1232668,-1.636381,0.08168174,0.4163903,-0.06329015,0.9032949,11.55288,49.22224,357.2904,0.6493511,0.0553876,-0.7584685,0.0,0.0,0.0,2.253401,-0.04157355,0.1982141,-0.3295554,0.3390887,2.057144,0.6452269,-0.04631637,-0.7625857,0.1823623,0.9786449,0.0948586,0.7419071,-0.2002722,0.6398944,moving,38.51365,-3.889876,-9.101474,9.360165,3.7872601560831596,4.929147528568027
05/11/2023 10:30:04.089773,1680,True,True,True,True,Eyes,1.490232,0.1204542,-1.60957,0.6254464,-0.05102117,0.7785972,0.0,0.0,0.0,0.0,0.0,0.0,0.0,-2.372825,-0.2824523,-0.2279922,1.749905,0.1229914,-1.638525,0.08107277,0.4168727,-0.06267114,0.9031703,11.46076,49.28516,357.3325,0.6520467,0.05534096,-0.7561558,0.0,0.0,0.0,2.273449,-0.0464043,0.1933065,-0.3286399,0.3417976,2.057665,0.6445789,-0.04561138,-0.763176,0.1807995,0.978999,0.09419327,0.7428523,-0.1986968,0.6392887,moving,38.77488,-3.74921,-9.074353,9.431258,3.8151339705416527,4.971376300562817
05/11/2023 10:30:04.110135,1681,True,True,True,True,Eyes,1.500465,0.1207127,-1.610091,0.629026,-0.04892511,0.7758431,0.0,0.0,0.0,0.0,0.0,0.0,0.0,-2.380974,-0.283888,-0.2389334,1.760399,0.1228689,-1.640919,0.08032713,0.4177208,-0.06229742,0.902871,11.36719,49.39192,357.3467,0.6547149,0.05529306,-0.7538502,0.0,0.0,0.0,2.293713,-0.04824281,0.1884734,-0.3276985,0.3445825,2.0582,0.6432568,-0.04538444,-0.7643043,0.1796017,0.9793332,0.0930042,0.7442877,-0.1970959,0.6381137,moving,39.03391,-3.608327,-9.046476,9.504277,3.8427267511802485,5.01365649318166
05/11/2023 10:30:04.129489,1682,True,True,True,True,Eyes,1.510698,0.1209395,-1.610703,0.6326287,-0.04679181,0.7730404,0.0,0.0,0.0,0.0,0.0,0.0,0.0,-2.388958,-0.2841406,-0.2539818,1.770602,0.1229113,-1.643845,0.07958624,0.419422,-0.06156292,0.9021981,11.25914,49.61103,357.4097,0.6573538,0.05524336,-0.7515539,0.0,0.0,0.0,2.314734,-0.04805414,0.1833067,-0.3268046,0.3472278,2.058708,0.6405905,-0.04432346,-0.7666024,0.1778443,0.979752,0.0919634,0.7470042,-0.1952468,0.6355026,moving,39.29567,-3.463863,-9.020016,9.573572,3.870541114890372,5.056991054103716
05/11/2023 10:30:04.140209,1683,True,True,True,True,Eyes,1.520941,0.1211233,-1.611418,0.6362513,-0.04466534,0.7701879,0.0,0.0,0.0,0.0,0.0,0.0,0.0,-2.396846,-0.2829756,-0.2698367,1.780743,0.1223331,-1.646738,0.07880054,0.421226,-0.06063735,0.9014888,11.13724,49.84462,357.4916,0.6599622,0.0551904,-0.7492683,0.0,0.0,0.0,2.332308,-0.04701294,0.1801588,-0.3258697,0.3499948,2.05924,0.6377835,-0.04294211,-0.7690177,0.1757135,0.9802272,0.09099157,0.7499047,-0.1931597,0.6327182,moving,39.56007,-3.319025,-8.992352,9.645992,3.8986717682984446,5.10044814928086
05/11/2023 10:30:04.159696,1684,True,True,True,True,Eyes,1.531188,0.1213085,-1.612227,0.6399195,-0.04254795,0.7672631,0.0,0.0,0.0,0.0,0.0,0.0,0.0,-2.40465,-0.2803852,-0.2907322,1.791114,0.1214982,-1.65004,0.0781213,0.4239462,-0.05940407,0.9003544,11.0136,50.19899,357.6218,0.6625387,0.0551324,-0.7469953,0.0,0.0,0.0,2.349697,-0.04629727,0.1774891,-0.3249756,0.3526401,2.059748,0.6334816,-0.04073097,-0.7726851,0.1732078,0.9807365,0.09030543,0.7541221,-0.1910419,0.6283333,moving,39.82908,-3.17404,-8.965901,9.71516,3.927371443874107,5.143972241285272
05/11/2023 10:30:04.169443,1685,True,True,True,True,Eyes,1.541445,0.1214852,-1.613121,0.6436527,-0.04034071,0.7642537,0.0,0.0,0.0,0.0,0.0,0.0,0.0,-2.411694,-0.2809414,-0.3124328,1.801307,0.1218893,-1.653253,0.07685807,0.4268692,-0.05840588,0.8991464,10.84056,50.57374,357.7001,0.6650822,0.05506974,-0.7447363,0.0,0.0,0.0,2.366196,-0.04560994,0.1753552,-0.3240901,0.355261,2.060251,0.6287429,-0.0394142,-0.7766137,0.1706476,0.9813632,0.08834999,0.7586579,-0.1880767,0.6237511,moving,40.10401,-3.021522,-8.939719,9.783628,3.9565592966146417,5.1897152390181205
05/11/2023 10:30:04.189858,1686,True,True,True,True,Eyes,1.551703,0.1216481,-1.614107,0.6474469,-0.03806847,0.7611592,0.0,0.0,0.0,0.0,0.0,0.0,0.0,-2.41811,-0.2823759,-0.3369921,1.811672,0.1219095,-1.656363,0.07481449,0.4302422,-0.05739557,0.8977752,10.58658,51.00146,357.7448,0.6675925,0.05500237,-0.742492,0.0,0.0,0.0,2.384057,-0.04421692,0.1726123,-0.3231622,0.3580066,2.060779,0.6231948,-0.03867994,-0.7811096,0.1674333,0.9822171,0.08494519,0.7639335,-0.1837212,0.6185889,moving,40.3847,-2.863195,-8.912288,9.855288,3.9862723435139387,5.237175624170488
05/11/2023 10:30:04.209760,1687,True,True,True,True,Eyes,1.561976,0.1217787,-1.615182,0.651244,-0.03568377,0.758029,0.0,0.0,0.0,0.0,0.0,0.0,0.0,-2.425195,-0.2781055,-0.3598549,1.821829,0.1218246,-1.659671,0.07268515,0.4332174,-0.05524039,0.8966538,10.26546,51.38613,357.8983,0.6700683,0.05493002,-0.7402639,0.0,0.0,0.0,2.405774,-0.04233655,0.1677802,-0.3222544,0.3606925,2.061295,0.6185424,-0.03608606,-0.7849224,0.1620399,0.9833308,0.08248465,0.7688617,-0.178209,0.6140792,moving,40.6668,-2.695176,-8.885465,9.925327,4.015840838913925,5.287458141467779
05/11/2023 10:30:04.239690,1688,True,True,True,True,Eyes,1.572271,0.1218852,-1.616345,0.6550456,-0.03334957,0.754853,0.0,0.0,0.0,0.0,0.0,0.0,0.0,-2.432792,-0.2710704,-0.3819464,1.832338,0.1213148,-1.663028,0.07088151,0.4359419,-0.05273703,0.895628,9.959234,51.74287,358.0995,0.6725094,0.05485158,-0.7380527,0.0,0.0,0.0,2.430622,-0.04013371,0.160741,-0.3213899,0.3632509,2.061786,0.614347,-0.03266509,-0.7883596,0.156266,0.9843892,0.08098637,0.7734072,-0.1729475,0.609861,moving,40.95076,-2.529695,-8.859928,9.991979,4.045724693551704,5.337013393296373
05/11/2023 10:30:04.250539,1689,True,True,True,True,Eyes,1.582571,0.1219352,-1.6176,0.6589012,-0.03096538,0.7515919,0.0,0.0,0.0,0.0,0.0,0.0,0.0,-2.439457,-0.2670011,-0.4076267,1.84303,0.1209205,-1.66644,0.06885388,0.4393315,-0.05074292,0.8942439,9.655877,52.18014,358.2414,0.6749158,0.05476649,-0.7358592,0.0,0.0,0.0,2.455316,-0.03748165,0.153728,-0.3204807,0.3659406,2.062303,0.608826,-0.03025375,-0.7927267,0.1512524,0.9853686,0.07855839,0.7787513,-0.1677302,0.604494,moving,41.2402,-2.359236,-8.833081,10.06199,4.076126330037386,5.388043221756473
05/11/2023 10:30:04.260034,1690,True,True,True,True,Eyes,1.592878,0.121938,-1.618947,0.6627091,-0.02871857,0.7483261,0.0,0.0,0.0,0.0,0.0,0.0,0.0,-2.445742,-0.2632075,-0.4332476,1.853416,0.1201209,-1.670046,0.06745243,0.4427741,-0.04911765,0.8927424,9.435157,52.62606,358.3755,0.677287,0.05467279,-0.7336841,0.0,0.0,0.0,2.482792,-0.03385979,0.1455538,-0.3195491,0.3686975,2.062832,0.6030771,-0.02796643,-0.7971925,0.1474312,0.9860753,0.07693925,0.7839401,-0.1639313,0.5988026,moving,41.52774,-2.197766,-8.805582,10.13368,4.106588303889063,5.436452496026292
05/11/2023 10:30:04.269660,1691,True,True,True,True,Eyes,1.603199,0.1218902,-1.620383,0.6665675,-0.02641592,0.7449765,0.0,0.0,0.0,0.0,0.0,0.0,0.0,-2.452099,-0.2591587,-0.457051,1.863634,0.1186676,-1.673808,0.0661356,0.4458946,-0.04766279,0.8913655,9.230529,53.03007,358.4911,0.6796229,0.0545692,-0.7315286,0.0,0.0,0.0,2.509414,-0.03125273,0.1372313,-0.3186766,0.3712793,2.063329,0.5978125,-0.02599091,-0.8012145,0.1439489,0.9867086,0.07539681,0.7886056,-0.1604071,0.5936083,moving,41.82058,-2.030785,-8.779833,10.20075,4.1375280500727145,5.486490188857315
05/11/2023 10:30:04.289422,1692,True,True,True,True,Eyes,1.613517,0.1217995,-1.621906,0.6703569,-0.02435384,0.7416391,0.0,0.0,0.0,0.0,0.0,0.0,0.0,-2.457851,-0.2577427,-0.4824542,1.874112,0.1174571,-1.677537,0.06452782,0.4492776,-0.04661804,0.8898386,9.017004,53.46392,358.5505,0.6819233,0.05445441,-0.7293931,0.0,0.0,0.0,2.533476,-0.03206025,0.1300976,-0.3177251,0.3740947,2.063869,0.5919528,-0.02498323,-0.8055854,0.1409469,0.9873258,0.07294981,0.7935528,-0.1567276,0.5879715,moving,42.10997,-1.880795,-8.751769,10.27382,4.168599445406478,5.5315752578387345
05/11/2023 10:30:04.310031,1693,True,True,True,True,Eyes,1.623857,0.1217512,-1.6235,0.6741918,-0.02223689,0.7382215,0.0,0.0,0.0,0.0,0.0,0.0,0.0,-2.463136,-0.2558453,-0.5080555,1.884183,0.1164283,-1.681344,0.06351266,0.4527543,-0.04562555,0.8881994,8.866815,53.91404,358.6349,0.6841882,0.05432765,-0.7272785,0.0,0.0,0.0,2.56091,-0.0300408,0.1212569,-0.3168749,0.3766101,2.064353,0.5858638,-0.0235379,-0.8100677,0.1385604,0.9877689,0.07150951,0.7984766,-0.1541381,0.5819594,moving,42.40436,-1.725356,-8.726697,10.33905,4.200113315043237,5.578269157950052
05/11/2023 10:30:04.330013,1694,True,True,True,True,Eyes,1.634202,0.1218958,-1.625199,0.6778711,-0.0203516,0.734899,0.0,0.0,0.0,0.0,0.0,0.0,0.0,-2.468587,-0.252672,-0.534088,1.894902,0.1174952,-1.684802,0.0623035,0.4561498,-0.04389739,0.8866335,8.657542,54.35712,358.7827,0.6864179,0.05419194,-0.7251846,0.0,0.0,0.0,2.588878,-0.02694798,0.1116797,-0.3159365,0.3793861,2.064886,0.5800009,-0.02100233,-0.8143451,0.1346812,0.9883826,0.07043317,0.8034052,-0.1505283,0.5760915,moving,42.68845,-1.58629,-8.69904,10.41097,4.230885700884728,5.620153794296499
05/11/2023 10:30:04.344896,1695,True,True,True,True,Eyes,1.644569,0.121983,-1.626995,0.6814552,-0.01855511,0.7316246,0.0,0.0,0.0,0.0,0.0,0.0,0.0,-2.475748,-0.2415063,-0.557445,1.905247,0.1225229,-1.689207,0.06243677,0.4591581,-0.04017197,0.8852467,8.47828,54.77036,359.2013,0.6886114,0.05405645,-0.7231122,0.0,0.0,0.0,2.611856,-0.02291556,0.1057113,-0.3150668,0.3819604,2.065381,0.57512,-0.01378751,-0.8179529,0.1284609,0.9889758,0.07365333,0.8079201,-0.1474345,0.5705509,moving,42.96665,-1.452796,-8.67341,10.47759,4.2611088826306345,5.660389186061375
05/11/2023 10:30:04.359733,1696,True,True,True,True,Eyes,1.654962,0.1221514,-1.628901,0.6849008,-0.01698856,0.7284383,0.0,0.0,0.0,0.0,0.0,0.0,0.0,-2.484633,-0.2200858,-0.5752664,1.915795,0.1219029,-1.693411,0.06447785,0.4609435,-0.0361154,0.884347,8.472568,55.04025,359.743,0.690769,0.05391857,-0.7210618,0.0,0.0,0.0,2.632136,-0.01657709,0.1017131,-0.3141694,0.3846156,2.065891,0.5724537,-0.004435821,-0.8199251,0.1233184,0.9890766,0.08074724,0.8106106,-0.1473359,0.5667475,moving,43.23558,-1.336004,-8.646976,10.54625,4.290729665478757,5.695725198266567
05/11/2023 10:30:04.369783,1697,True,True,True,True,Eyes,1.665341,0.1223876,-1.630933,0.6883996,-0.01554738,0.725165,0.0,0.0,0.0,0.0,0.0,0.0,0.0,-2.492018,-0.2137836,-0.5968354,1.92696,0.1238646,-1.698102,0.06370515,0.4635179,-0.03384675,0.8831463,8.273534,55.38229,359.9579,0.6928903,0.05378188,-0.7190339,0.0,0.0,0.0,2.653377,-0.008785486,0.09742528,-0.3132355,0.3873801,2.066422,0.5680112,-0.0007263055,-0.8230205,0.1188402,0.9895921,0.08114478,0.8143957,-0.1438991,0.5621856,moving,43.51013,-1.228221,-8.619478,10.61767,4.3213475749407415,5.728474496635936
05/11/2023 10:30:04.394729,1698,True,True,True,True,Eyes,1.675744,0.1226136,-1.633047,0.6917955,-0.01432651,0.7219514,0.0,0.0,0.0,0.0,0.0,0.0,0.0,-2.497765,-0.2118679,-0.6204021,1.936843,0.1258259,-1.703356,0.06489225,0.4667848,-0.03294773,0.8813714,8.345811,55.82303,0.1449497,0.6949742,0.05364904,-0.7170299,0.0,0.0,0.0,2.673802,-0.001089901,0.09361004,-0.3123224,0.3900803,2.066941,0.562053,0.002503049,-0.8270975,0.1186598,0.9894069,0.08362935,0.8185453,-0.1451473,0.555802,moving,43.77804,-1.136837,-8.5926,10.68736,4.3516804751063445,5.756426277541893
05/11/2023 10:30:04.410436,1699,True,True,True,True,Eyes,1.686121,0.1229435,-1.635256,0.6952233,-0.01316102,0.7186733,0.0,0.0,0.0,0.0,0.0,0.0,0.0,-2.502229,-0.2159825,-0.646068,1.94766,0.1258379,-1.707625,0.06447867,0.4701916,-0.0332002,0.8795796,8.316962,56.2641,0.1291405,0.6970214,0.05351911,-0.7150496,0.0,0.0,0.0,2.693229,0.007806018,0.09064143,-0.3114114,0.392779,2.067459,0.5556353,0.002230221,-0.8314232,0.1190391,0.9894804,0.08220733,0.8228605,-0.1446491,0.5495248,moving,44.04981,-1.049136,-8.565796,10.75694,4.382615518233685,5.783328813147788
05/11/2023 10:30:04.429577,1700,True,True,True,True,Eyes,1.696467,0.1233166,-1.637554,0.6984453,-0.01227805,0.7155581,0.0,0.0,0.0,0.0,0.0,0.0,0.0,-2.506881,-0.2249969,-0.6662908,1.957235,0.1286187,-1.712223,0.06421886,0.4729411,-0.03400395,0.8780927,8.334031,56.61818,0.05942674,0.6990312,0.05339614,-0.7130942,0.0,0.0,0.0,2.711497,0.01859044,0.08847568,-0.3105301,0.3953845,2.06796,0.5503408,0.001026242,-0.8349395,0.1204607,0.9894394,0.08061647,0.8262048,-0.1449439,0.5444053,moving,44.30662,-0.9830253,-8.53987,10.82406,4.412401276404075,5.803882335540003
05/11/2023 10:30:04.444974,1701,True,True,True,True,Eyes,1.706799,0.1237194,-1.639948,0.7015829,-0.01141834,0.7124964,0.0,0.0,0.0,0.0,0.0,0.0,0.0,-2.514243,-0.224117,-0.6789764,1.966813,0.1301224,-1.71679,0.06536484,0.4742269,-0.03354141,0.877332,8.424487,56.79877,0.1819653,0.7010029,0.0532812,-0.7111647,0.0,0.0,0.0,2.731509,0.03016973,0.08541779,-0.3096492,0.3979911,2.068461,0.5479677,0.003141621,-0.8364936,0.1208494,0.9892048,0.08288083,0.8277239,-0.1465058,0.5416726,moving,44.55782,-0.9181334,-8.513971,10.89114,4.441528923101212,5.824052322341248
05/11/2023 10:30:04.460275,1702,True,True,True,True,Eyes,1.717112,0.124141,-1.642431,0.7046204,-0.0106466,0.7095046,0.0,0.0,0.0,0.0,0.0,0.0,0.0,-2.522183,-0.2268233,-0.6895517,1.976743,0.131234,-1.721512,0.06518318,0.4751159,-0.03358248,0.8768628,8.408196,56.91383,0.1763428,0.7029362,0.0531746,-0.7092618,0.0,0.0,0.0,2.751328,0.03859431,0.08155816,-0.3087233,0.40073,2.068987,0.5462742,0.00304468,-0.8376009,0.1208336,0.9892468,0.08240226,0.8288449,-0.1462245,0.5400321,moving,44.80211,-0.8596978,-8.486757,10.96156,4.470009594556924,5.842310873080793
05/11/2023 10:30:04.480076,1703,True,True,True,True,Eyes,1.727395,0.1245598,-1.644992,0.7077031,-0.009874417,0.706441,0.0,0.0,0.0,0.0,0.0,0.0,0.0,-2.527565,-0.2351447,-0.7068892,1.986505,0.1320805,-1.726245,0.0644894,0.4772633,-0.03455683,0.8757093,8.391332,57.18534,0.05984907,0.7048317,0.0530762,-0.7073857,0.0,0.0,0.0,2.772503,0.03936531,0.07591178,-0.3087003,0.4008001,2.069,0.5420511,0.001033384,-0.840345,0.1220803,0.9892939,0.07996253,0.8314307,-0.1459334,0.5361217,moving,45.05113,-0.8008109,-8.486081,10.96337,4.4990641769810145,5.860725426492773
05/11/2023 10:30:04.494852,1704,True,True,True,True,Eyes,1.737638,0.1249383,-1.647627,0.7107083,-0.009182098,0.703427,0.0,0.0,0.0,0.0,0.0,0.0,0.0,-2.531547,-0.2429291,-0.7274824,1.995911,0.1323727,-1.730836,0.06367313,0.4799775,-0.03545928,0.8742483,8.358797,57.53139,359.9492,0.7066891,0.05298497,-0.7055371,0.0,0.0,0.0,2.797356,0.04689664,0.06666141,-0.3087004,0.4008001,2.069,0.5367286,-0.0008771028,-0.8437545,0.1231238,0.9893767,0.07729292,0.8347232,-0.1453715,0.5311348,static,45.29501,-0.747861,-8.486085,10.96336,4.527674973239287,5.877388688324438
05/11/2023 10:30:04.510902,1705,True,True,True,True,Eyes,1.747855,0.1253075,-1.65034,0.7137551,-0.00842868,0.7003447,0.0,0.0,0.0,0.0,0.0,0.0,0.0,-2.535785,-0.2467946,-0.747364,2.005041,0.1322371,-1.735508,0.06318028,0.4825428,-0.03576963,0.8728581,8.326601,57.86415,359.9149,0.7085078,0.05289849,-0.7037173,0.0,0.0,0.0,2.818771,0.04716776,0.05909175,-0.3087,0.4008001,2.069,0.531746,-0.001469254,-0.8469026,0.123418,0.9894575,0.07577406,0.8378628,-0.1448156,0.5263215,static,45.54334,-0.6895239,-8.486073,10.96336,4.556661817864986,5.8956399338310295
05/11/2023 10:30:04.529760,1706,True,True,True,True,Eyes,1.758044,0.1256838,-1.653126,0.7168711,-0.00760579,0.6971641,0.0,0.0,0.0,0.0,0.0,0.0,0.0,-2.539557,-0.2507627,-0.7689769,2.014497,0.1319207,-1.740102,0.06183517,0.4853064,-0.03592632,0.8714147,8.200565,58.21766,359.8498,0.7102886,0.05281583,-0.7019261,0.0,0.0,0.0,2.841847,0.05381066,0.05127336,-0.3087004,0.4008001,2.069,0.5263741,-0.002595433,-0.8502492,0.1226314,0.9897715,0.07289762,0.8413631,-0.1426387,0.5213084,static,45.79847,-0.6250499,-8.486087,10.96337,4.586292492456747,5.915709277018396
05/11/2023 10:30:04.540072,1707,True,True,True,True,Eyes,1.768216,0.126066,-1.655967,0.7201387,-0.006715995,0.6937976,0.0,0.0,0.0,0.0,0.0,0.0,0.0,-2.541629,-0.2572742,-0.7949501,2.023847,0.1324566,-1.744854,0.06070891,0.4888774,-0.03640223,0.8694758,8.115109,58.67902,359.7718,0.7120317,0.05273683,-0.7001635,0.0,0.0,0.0,2.860985,0.05854205,0.0451917,-0.3086998,0.4008002,2.069,0.5193474,-0.003943276,-0.8545541,0.1226601,0.9899786,0.06997738,0.8457143,-0.1411623,0.5146266,static,46.06727,-0.5546086,-8.486068,10.96336,4.617427811377121,5.937583685144042
05/11/2023 10:30:04.560292,1708,True,True,True,True,Eyes,1.778342,0.1264412,-1.65886,0.7233182,-0.003644821,0.6905053,0.0,0.0,0.0,0.0,0.0,0.0,0.0,-2.540978,-0.2696199,-0.8261692,2.033323,0.1328776,-1.749216,0.058724,0.4933212,-0.03776889,0.8670405,7.995572,59.24672,359.5629,0.7137383,0.05266135,-0.6984295,0.0,0.0,0.0,2.876935,0.06243586,0.0418533,-0.3087001,0.4008001,2.069,0.5104154,-0.007554711,-0.8598947,0.1234339,0.9902499,0.06456781,0.851023,-0.1390966,0.5063714,static,46.32952,-0.302432,-8.486077,10.96336,4.6417459937792485,6.012202138094055
05/11/2023 10:30:04.580079,1709,True,True,True,True,Eyes,1.788442,0.1268062,-1.661811,0.7266901,-0.0006115034,0.6869651,0.0,0.0,0.0,0.0,0.0,0.0,0.0,-2.539319,-0.2817143,-0.8579142,2.042215,0.1325241,-1.753657,0.05686029,0.4979085,-0.03926698,0.8644723,7.898059,59.83615,359.3482,0.7154087,0.05258875,-0.6967239,0.0,0.0,0.0,2.889199,0.0651615,0.04037053,-0.3087002,0.4008001,2.069,0.5010905,-0.011268,-0.8653216,0.1245129,0.9904501,0.05920554,0.8563907,-0.137411,0.4977081,static,46.60964,-0.05100195,-8.486078,10.96336,4.668313381431556,6.086698000304187
05/11/2023 10:30:04.590020,1710,True,True,True,True,Eyes,1.798515,0.1271935,-1.664806,0.7302964,0.002325477,0.6831264,0.0,0.0,0.0,0.0,0.0,0.0,0.0,-2.536063,-0.2966334,-0.892961,2.051345,0.1325068,-1.75824,0.05481919,0.5030386,-0.04116392,0.8615407,7.809049,60.49755,359.0876,0.7170433,0.05251831,-0.6950467,0.0,0.0,0.0,2.904021,0.07277786,0.03822486,-0.3087004,0.4008,2.069,0.4905154,-0.01577646,-0.8712898,0.1260811,0.9906008,0.05304385,0.8622634,-0.135872,0.487894,static,46.91142,0.1950437,-8.486087,10.96336,4.697754936990568,6.15974435505125
05/11/2023 10:30:04.610012,1711,True,True,True,True,Eyes,1.808558,0.1275853,-1.667835,0.7341553,0.005101207,0.6789624,0.0,0.0,0.0,0.0,0.0,0.0,0.0,-2.52975,-0.3135705,-0.9337293,2.060402,0.1333027,-1.762608,0.0530279,0.5091419,-0.04326997,0.857957,7.761651,61.29333,358.8289,0.7186431,0.05245072,-0.6933976,0.0,0.0,0.0,2.920328,0.08871006,0.03435984,-0.3087,0.4008001,2.069,0.4778045,-0.02025009,-0.8782328,0.128245,0.9906315,0.0469302,0.8690547,-0.1350524,0.4759251,static,47.23669,0.4304688,-8.486073,10.96337,4.73047139080127,6.229830196618542
05/11/2023 10:30:04.629799,1712,True,True,True,True,Eyes,1.81856,0.1279885,-1.670891,0.7381653,0.007683137,0.6745762,0.0,0.0,0.0,0.0,0.0,0.0,0.0,-2.521626,-0.3320726,-0.9759989,2.069324,0.1336564,-1.766771,0.05231522,0.5155341,-0.0459217,0.8540369,7.857319,62.13673,358.583,0.7202093,0.05238587,-0.6917756,0.0,0.0,0.0,2.931276,0.09910537,0.03452127,-0.3087,0.4008002,2.069,0.4642316,-0.02449709,-0.885375,0.1323782,0.9903086,0.04200985,0.8757654,-0.1367067,0.4629754,static,47.57721,0.6525464,-8.486071,10.96336,4.765527041537072,6.2961201341983735
05/11/2023 10:30:04.644731,1713,True,True,True,True,Eyes,1.828514,0.1283996,-1.673977,0.7424542,0.01004961,0.6698216,0.0,0.0,0.0,0.0,0.0,0.0,0.0,-2.512043,-0.3525111,-1.018331,2.077946,0.1341856,-1.770806,0.05206791,0.5219972,-0.04896418,0.8499473,8.026338,62.99529,358.3289,0.7217426,0.052324,-0.6901804,0.0,0.0,0.0,2.947756,0.1137852,0.0310386,-0.3087002,0.4008001,2.069,0.4502429,-0.02887534,-0.8924391,0.1375926,0.9897829,0.03739162,0.8822412,-0.1396283,0.4496157,static,47.9441,0.8595674,-8.486079,10.96337,4.804362607253486,6.358176449627762
05/11/2023 10:30:04.660268,1714,True,True,True,True,Eyes,1.838408,0.1288002,-1.677075,0.7468433,0.01219355,0.6648883,0.0,0.0,0.0,0.0,0.0,0.0,0.0,-2.499567,-0.3760688,-1.06377,2.086245,0.1345993,-1.774919,0.05176936,0.5290627,-0.05254183,0.845371,8.228684,63.93768,358.028,0.7232437,0.05226518,-0.6886117,0.0,0.0,0.0,2.966499,0.124687,0.0244754,-0.3087001,0.4008001,2.069,0.4346642,-0.0340562,-0.8999485,0.1436131,0.9891186,0.03193278,0.8890682,-0.1431245,0.4348253,static,48.32246,1.050643,-8.486074,10.96336,4.845152610748843,6.41566246328377
05/11/2023 10:30:04.679487,1715,True,True,True,True,Eyes,1.848239,0.1291859,-1.680181,0.7514673,0.01412593,0.659619,0.0,0.0,0.0,0.0,0.0,0.0,0.0,-2.485613,-0.3973352,-1.109796,2.094246,0.1345976,-1.778711,0.05181327,0.5362101,-0.05579371,0.8406434,8.450058,64.90039,357.7844,0.7247131,0.05220877,-0.6870695,0.0,0.0,0.0,2.980639,0.1266668,0.02139475,-0.3087002,0.4008001,2.069,0.4187317,-0.03823964,-0.9073045,0.1493708,0.9884049,0.02727868,0.895741,-0.1469473,0.4195884,static,48.72416,1.226818,-8.486079,10.96336,4.889340187191732,6.468944184010706
05/11/2023 10:30:04.695581,1716,True,True,True,True,Eyes,1.858003,0.1295663,-1.68328,0.7559856,0.01599145,0.6543928,0.0,0.0,0.0,0.0,0.0,0.0,0.0,-2.471794,-0.4115283,-1.155126,2.102093,0.13456,-1.782284,0.05236005,0.5431466,-0.05780328,0.8360078,8.646523,65.84852,357.6945,0.726152,0.052154,-0.6855527,0.0,0.0,0.0,2.992772,0.1239852,0.0193584,-0.3087002,0.4008002,2.069,0.4033012,-0.03976963,-0.9142027,0.1535264,0.9878344,0.02475552,0.9020964,-0.1503381,0.4045005,static,49.12003,1.399863,-8.486078,10.96336,4.932905382271501,6.521286168884457
05/11/2023 10:30:04.710204,1717,True,True,True,True,Eyes,1.867699,0.1299452,-1.686381,0.7605811,0.01767725,0.6490022,0.0,0.0,0.0,0.0,0.0,0.0,0.0,-2.460953,-0.4132493,-1.196291,2.109918,0.1348883,-1.78556,0.05355368,0.5491823,-0.05757166,0.8319954,8.762993,66.69158,357.8558,0.7275609,0.05210066,-0.6840614,0.0,0.0,0.0,3.00708,0.1145922,0.01566227,-0.3087,0.4008001,2.069,0.3901686,-0.03697726,-0.9200006,0.1546202,0.987635,0.02587815,0.907668,-0.1523475,0.3910616,static,49.52595,1.560212,-8.486073,10.96336,4.978140935593514,6.569994038247033
05/11/2023 10:30:04.729928,1718,True,True,True,True,Eyes,1.877328,0.1303133,-1.68949,0.7648562,0.01925412,0.6439131,0.0,0.0,0.0,0.0,0.0,0.0,0.0,-2.453486,-0.4072903,-1.231915,2.117671,0.1354046,-1.788918,0.05556542,0.5541973,-0.05605671,0.8286348,8.871551,67.40892,358.1839,0.7289408,0.05204865,-0.6825947,0.0,0.0,0.0,3.027939,0.1050231,0.005650477,-0.3087002,0.4008001,2.069,0.3794462,-0.03131269,-0.9246838,0.1544895,0.9875402,0.02995392,0.9122245,-0.1542198,0.3795559,static,49.90682,1.712733,-8.486079,10.96337,5.020516652043157,6.616296468067294
05/11/2023 10:30:04.745017,1719,True,True,True,True,Eyes,1.886912,0.1306703,-1.692617,0.7691407,0.0207213,0.6387435,0.0,0.0,0.0,0.0,0.0,0.0,0.0,-2.450398,-0.398807,-1.2592,2.125523,0.1356978,-1.792434,0.05730494,0.5577248,-0.0541872,0.8262704,8.925025,67.92197,358.5136,0.7302923,0.0519975,-0.6811525,0.0,0.0,0.0,3.050555,0.09334143,-0.006410895,-0.3087003,0.4008001,2.069,0.3720136,-0.02562579,-0.9278735,0.1534673,0.9875597,0.03425566,0.9154527,-0.1551419,0.3713184,static,50.29159,1.858064,-8.486083,10.96337,5.063615308575497,6.660531379583437
05/11/2023 10:30:04.760179,1720,True,True,True,True,Eyes,1.896443,0.1310136,-1.695758,0.7731591,0.02215887,0.6338249,0.0,0.0,0.0,0.0,0.0,0.0,0.0,-2.446338,-0.3942547,-1.287501,2.133779,0.1359169,-1.796156,0.05842874,0.5613928,-0.05295381,0.8237841,8.95862,68.449,358.7446,0.7316155,0.05194679,-0.6797348,0.0,0.0,0.0,3.06987,0.08601228,-0.01536432,-0.3087,0.4008001,2.069,0.364068,-0.02164205,-0.9311209,0.1528479,0.987564,0.03680954,0.9187449,-0.1557211,0.3628483,static,50.65558,2.002277,-8.486072,10.96336,5.1041640841586835,6.704332046590203
05/11/2023 10:30:04.779584,1721,True,True,True,True,Eyes,1.905929,0.1313239,-1.698926,0.7771935,0.02353276,0.6288214,0.0,0.0,0.0,0.0,0.0,0.0,0.0,-2.442183,-0.3914577,-1.314477,2.141861,0.136026,-1.799798,0.05907421,0.5648536,-0.05202585,0.8214281,8.964612,68.94339,358.9133,0.7329119,0.051896,-0.6783409,0.0,0.0,0.0,3.084628,0.08434252,-0.02060555,-0.3087003,0.4008,2.069,0.3564675,-0.01873442,-0.9341199,0.1522075,0.9876071,0.03827645,0.9218264,-0.1558244,0.3549013,static,51.02394,2.143214,-8.486084,10.96337,5.145365049095634,6.747204355964794
05/11/2023 10:30:04.789385,1722,True,True,True,True,Eyes,1.91539,0.1316173,-1.702115,0.7810606,0.02497434,0.6239556,0.0,0.0,0.0,0.0,0.0,0.0,0.0,-2.437616,-0.3909697,-1.341588,2.150032,0.135596,-1.80379,0.05928654,0.5683466,-0.05156473,0.819029,8.959022,69.43807,359.0095,0.7341817,0.0518439,-0.6769704,0.0,0.0,0.0,3.097091,0.08605421,-0.02419809,-0.3087003,0.4008002,2.069,0.3486465,-0.01707541,-0.9370988,0.1518566,0.9876524,0.0385015,0.9248704,-0.1557281,0.3469345,static,51.38015,2.292088,-8.486081,10.96337,5.1847914015257155,6.792317625811081
05/11/2023 10:30:04.809842,1723,True,True,True,True,Eyes,1.924811,0.1318794,-1.705336,0.7850001,0.0263552,0.6189348,0.0,0.0,0.0,0.0,0.0,0.0,0.0,-2.429808,-0.3939922,-1.373427,2.158596,0.1355067,-1.807651,0.0592556,0.572602,-0.05158004,0.816061,8.962152,70.03783,359.053,0.7354259,0.05179001,-0.6756226,0.0,0.0,0.0,3.111535,0.09319717,-0.02870898,-0.3087,0.4008002,2.069,0.3389331,-0.01632518,-0.940669,0.1520447,0.9876565,0.0376427,0.9284433,-0.155782,0.3372317,static,51.74592,2.438269,-8.486073,10.96337,5.225496768116594,6.836699213612756
05/11/2023 10:30:04.829968,1724,True,True,True,True,Eyes,1.9342,0.1321078,-1.708584,0.7894066,0.02765868,0.6132473,0.0,0.0,0.0,0.0,0.0,0.0,0.0,-2.42159,-0.3965726,-1.405168,2.166774,0.1350428,-1.811828,0.05918715,0.5768943,-0.05158753,0.8130367,8.961095,70.64471,359.0954,0.7366448,0.05173337,-0.6742979,0.0,0.0,0.0,3.125413,0.1016938,-0.0334581,-0.3087002,0.4008001,2.069,0.3290637,-0.01559567,-0.944179,0.1521746,0.9876712,0.03672156,0.9319656,-0.1557637,0.3273799,static,52.15829,2.582404,-8.486079,10.96336,5.272070713921898,6.880732308268039
05/11/2023 10:30:04.849460,1725,True,True,True,True,Eyes,1.943562,0.1323062,-1.711864,0.7939047,0.02889296,0.6073553,0.0,0.0,0.0,0.0,0.0,0.0,0.0,-2.412003,-0.4042741,-1.437091,2.17508,0.1345447,-1.815861,0.05875617,0.5812489,-0.05247561,0.8099037,8.98503,71.25613,359.0314,0.7378392,0.05167299,-0.6729953,0.0,0.0,0.0,3.138242,0.1106085,-0.03713189,-0.3087001,0.4008001,2.069,0.3187923,-0.01669647,-0.9476776,0.1533043,0.987588,0.0341709,0.9353445,-0.1561764,0.3173951,static,52.58318,2.723608,-8.486077,10.96336,5.320300009984119,6.923980208592662
05/11/2023 10:30:04.859766,1726,True,True,True,True,Eyes,1.952893,0.1324677,-1.715176,0.7987818,0.02998939,0.6008729,0.0,0.0,0.0,0.0,0.0,0.0,0.0,-2.399329,-0.4152399,-1.472646,2.183395,0.1339523,-1.820092,0.05815726,0.5862581,-0.05389595,0.8062347,9.031109,71.96022,358.9142,0.7390094,0.05160817,-0.6717151,0.0,0.0,0.0,3.148449,0.1154424,-0.03900952,-0.3087,0.4008002,2.069,0.3067932,-0.01871524,-0.9515921,0.1550959,0.9874259,0.03058291,0.9390543,-0.1569707,0.3058383,static,53.04818,2.857245,-8.486073,10.96336,5.3737723057802365,6.96524201887666
05/11/2023 10:30:04.869417,1727,True,True,True,True,Eyes,1.962215,0.1325926,-1.718529,0.8037456,0.03102558,0.5941636,0.0,0.0,0.0,0.0,0.0,0.0,0.0,-2.386009,-0.4248533,-1.508488,2.191606,0.1330698,-1.824344,0.057648,0.591301,-0.05512995,0.8024965,9.074664,72.67406,358.8216,0.7401563,0.05153799,-0.6704566,0.0,0.0,0.0,3.160349,0.1183508,-0.04249183,-0.3087003,0.4008001,2.069,0.2946476,-0.02030852,-0.9553903,0.1566578,0.9872748,0.02732786,0.9426777,-0.1577214,0.2940796,static,53.52658,2.989113,-8.486081,10.96337,5.428971124083894,7.006060736296859
05/11/2023 10:30:04.894580,1728,True,True,True,True,Eyes,1.971509,0.1326798,-1.721898,0.8089975,0.03192967,0.5869442,0.0,0.0,0.0,0.0,0.0,0.0,0.0,-2.370404,-0.4375282,-1.547012,2.200277,0.1322243,-1.828876,0.05682484,0.596765,-0.05683307,0.7983811,9.123772,73.44777,358.6694,0.7412802,0.05146163,-0.6692196,0.0,0.0,0.0,3.173741,0.1216045,-0.04744476,-0.3087003,0.4008002,2.069,0.2812831,-0.02292676,-0.959351,0.158571,0.9870818,0.02290379,0.9464329,-0.1585678,0.2812849,static,54.03835,3.113812,-8.486082,10.96337,5.488560767988423,7.044973412522406
05/11/2023 10:30:04.909931,1729,True,True,True,True,Eyes,1.980753,0.1327375,-1.725302,0.814249,0.03280086,0.5795884,0.0,0.0,0.0,0.0,0.0,0.0,0.0,-2.352902,-0.4489645,-1.586253,2.208472,0.1313434,-1.832844,0.05587704,0.6023652,-0.05831782,0.7941242,9.149079,74.24512,358.5312,0.742382,0.05137838,-0.6680034,0.0,0.0,0.0,3.189683,0.1253131,-0.05548082,-0.3087001,0.4008001,2.069,0.2675106,-0.0253064,-0.9632225,0.1599399,0.9869536,0.01848938,0.950188,-0.1590038,0.268068,static,54.55646,3.239106,-8.486077,10.96336,5.548919998390826,7.084092312600632
05/11/2023 10:30:04.929971,1730,True,True,True,True,Eyes,1.989994,0.1327383,-1.728735,0.8196144,0.03359294,0.5719298,0.0,0.0,0.0,0.0,0.0,0.0,0.0,-2.339735,-0.4526774,-1.620059,2.216176,0.1307036,-1.837212,0.05558087,0.607039,-0.05851962,0.790563,9.144665,74.92192,358.5463,0.7434618,0.05128794,-0.6668084,0.0,0.0,0.0,3.205838,0.1288171,-0.06377858,-0.3087004,0.4008001,2.069,0.2561582,-0.0250474,-0.9663104,0.1600064,0.9869725,0.01683298,0.9533001,-0.1589277,0.2568288,static,55.09253,3.36147,-8.486085,10.96337,5.611611745549124,7.1224549907619155
05/11/2023 10:30:04.939739,1731,True,True,True,True,Eyes,1.999233,0.1327236,-1.73221,0.82503,0.03435826,0.5640433,0.0,0.0,0.0,0.0,0.0,0.0,0.0,-2.326552,-0.4574408,-1.654185,2.224967,0.1293343,-1.841526,0.05504059,0.6115805,-0.05900225,0.7870569,9.137796,75.57928,358.5169,0.7445208,0.05118892,-0.6656334,0.0,0.0,0.0,3.225258,0.1318854,-0.07529581,-0.3087004,0.4008002,2.069,0.2449762,-0.02555275,-0.9691923,0.1601998,0.9869786,0.01447091,0.9562021,-0.1588094,0.2458798,static,55.64099,3.485821,-8.486082,10.96336,5.67578024428696,7.161460048038153
05/11/2023 10:30:04.960170,1732,True,True,True,True,Eyes,2.008452,0.1326656,-1.735706,0.8305275,0.03505814,0.5558732,0.0,0.0,0.0,0.0,0.0,0.0,0.0,-2.307269,-0.4669099,-1.694992,2.233736,0.1288992,-1.846158,0.0541857,0.6173382,-0.0600515,0.7825287,9.145836,76.41421,358.4281,0.7455589,0.05108171,-0.6644787,0.0,0.0,0.0,3.245273,0.1382563,-0.08756036,-0.3087002,0.4008001,2.069,0.2305746,-0.02708222,-0.9726776,0.1608859,0.9869155,0.01065956,0.959662,-0.1589479,0.2319148,static,56.20555,3.608784,-8.486079,10.96336,5.741998793169602,7.200146895953255
05/11/2023 10:30:04.980013,1733,True,True,True,True,Eyes,2.017655,0.1325861,-1.739223,0.8360131,0.03576201,0.5475429,0.0,0.0,0.0,0.0,0.0,0.0,0.0,-2.288988,-0.4753032,-1.732451,2.242037,0.1277528,-1.850328,0.05318145,0.6225548,-0.06108837,0.7783737,9.140256,77.17268,358.3236,0.7465776,0.05096556,-0.6633429,0.0,0.0,0.0,3.266978,0.1474036,-0.1013276,-0.3087001,0.4008002,2.069,0.2173872,-0.02888241,-0.9756581,0.1613159,0.9868799,0.006728343,0.9626631,-0.1588518,0.2191943,static,56.77739,3.736887,-8.486075,10.96336,5.8089538472664115,7.240364858027757
05/11/2023 10:30:04.989760,1734,True,True,True,True,Eyes,2.026856,0.1324852,-1.742766,0.8415139,0.03644802,0.5390046,0.0,0.0,0.0,0.0,0.0,0.0,0.0,-2.271066,-0.4823348,-1.76906,2.250461,0.1271133,-1.854515,0.05210466,0.6275833,-0.06181871,0.7743403,9.107437,77.90755,358.2393,0.747577,0.05084075,-0.6622261,0.0,0.0,0.0,3.286606,0.1583689,-0.1137756,-0.3087001,0.4008001,2.069,0.2046353,-0.0303374,-0.978368,0.1611374,0.9869271,0.003100683,0.9654838,-0.1582862,0.2068487,static,57.35972,3.868507,-8.486074,10.96336,5.877098603220115,7.281659515901113
05/11/2023 10:30:05.010027,1735,True,True,True,True,Eyes,2.036049,0.1323441,-1.746335,0.8470024,0.03705695,0.5302959,0.0,0.0,0.0,0.0,0.0,0.0,0.0,-2.252815,-0.4917556,-1.805009,2.259209,0.1264465,-1.858775,0.05139061,0.6325089,-0.0629766,0.7702764,9.139364,78.63344,358.1421,0.7485583,0.05070738,-0.661127,0.0,0.0,0.0,3.3055,0.1681135,-0.1253989,-0.3087003,0.4008002,2.069,0.1919331,-0.03200875,-0.9808859,0.1620288,0.9867859,-0.0004965744,0.9679403,-0.1588365,0.1945832,static,57.94991,3.997317,-8.486081,10.96336,5.946314612376353,7.322179550100298
05/11/2023 10:30:05.029973,1736,True,True,True,True,Eyes,2.045235,0.1321488,-1.749928,0.8524556,0.03760478,0.5214453,0.0,0.0,0.0,0.0,0.0,0.0,0.0,-2.232738,-0.5028114,-1.841659,2.267762,0.1252717,-1.863118,0.05097904,0.6376318,-0.06449669,0.7659419,9.226878,79.39513,358.0382,0.7495218,0.05056496,-0.6600453,0.0,0.0,0.0,3.326943,0.1781618,-0.139541,-0.3087001,0.4008001,2.069,0.1785316,-0.03378972,-0.9833539,0.1638131,0.9864826,-0.004156323,0.970202,-0.1603442,0.1816536,static,58.54596,4.124826,-8.486075,10.96336,6.0163030700110625,7.362352651360584
05/11/2023 10:30:05.045373,1737,True,True,True,True,Eyes,2.054403,0.131915,-1.753537,0.8578823,0.03810294,0.5124315,0.0,0.0,0.0,0.0,0.0,0.0,0.0,-2.211666,-0.5133567,-1.878613,2.276339,0.123787,-1.867391,0.05049209,0.6427897,-0.0659759,0.7615243,9.306697,80.16612,357.9342,0.7504681,0.05041255,-0.6589809,0.0,0.0,0.0,3.348309,0.1847993,-0.1541932,-0.3087,0.4008002,2.069,0.1649372,-0.03557289,-0.9856625,0.1653961,0.9861954,-0.007915339,0.9723374,-0.1617191,0.1685439,static,59.14922,4.252525,-8.486072,10.96336,6.087182791287227,7.402618945583116
05/11/2023 10:30:05.059755,1738,True,True,True,True,Eyes,2.28331,0.1250721,-1.844032,0.962271,0.04791272,0.267841,0.0,0.0,0.0,0.0,0.0,0.0,0.0,-2.190079,-0.5254294,-1.91433,2.284641,0.1225335,-1.871519,0.04957874,0.6477938,-0.06770084,0.7571803,9.369015,80.91399,357.7759,0.7513976,0.05024988,-0.6579331,0.0,0.0,0.0,3.368409,0.1902817,-0.1680788,-0.3087001,0.4008001,2.069,0.1515597,-0.03828987,-0.9877063,0.1667571,0.9859171,-0.01263227,0.9742803,-0.1627925,0.1558104,static,74.44585,10.14208,-8.486078,10.96337,7.796885998744245,9.193681889841995
05/11/2023 10:30:05.079853,1739,True,True,True,True,Eyes,2.283661,0.1250427,-1.844188,0.9623781,0.04794043,0.2674513,0.0,0.0,0.0,0.0,0.0,0.0,0.0,-2.169744,-0.5341484,-1.948658,2.293089,0.1211939,-1.875482,0.04888686,0.6524834,-0.06888243,0.7530808,9.411315,81.62148,357.679,0.7549419,0.04917719,-0.6539447,0.6867228,-0.02052851,-0.2714871,3.389729,0.1966204,-0.1831013,-0.3087001,0.4008001,2.069,0.1390414,-0.03995234,-0.9894803,0.1675438,0.9857306,-0.01625775,0.9760104,-0.1635208,0.1437511,static,74.46903,10.1623,-8.486076,10.96336,7.799103805880642,9.199676287313096
05/11/2023 10:30:05.089776,1740,True,True,True,True,Eyes,2.284365,0.1250075,-1.844505,0.9625803,0.04801599,0.2667088,0.0,0.0,0.0,0.0,0.0,0.0,0.0,-2.154413,-0.5368505,-1.978467,2.301544,0.1204543,-1.879474,0.04821261,0.6562863,-0.06899574,0.7498023,9.373042,82.19859,357.6658,0.7578889,0.04828703,-0.6505937,0.6455194,-0.0192968,-0.2551979,3.410909,0.2006805,-0.1985409,-0.3087003,0.4008001,2.069,0.1290558,-0.04018379,-0.9908229,0.1667489,0.9858302,-0.01826207,0.9775169,-0.1628618,0.1339277,static,74.51318,10.20572,-8.48608,10.96336,7.803165894164626,9.212518865615241
05/11/2023 10:30:05.109806,1741,True,True,True,True,Eyes,2.285422,0.1250124,-1.844984,0.9628838,0.0481307,0.2655907,0.0,0.0,0.0,0.0,0.0,0.0,0.0,-2.139004,-0.5394182,-2.008569,2.31038,0.1203027,-1.883702,0.04768803,0.6600916,-0.06897825,0.7464898,9.338168,82.78025,357.6752,0.7603469,0.04754705,-0.647774,0.6067882,-0.01813899,-0.239886,3.432081,0.2086794,-0.2132505,-0.3087004,0.4008002,2.069,0.1190421,-0.04002618,-0.9920821,0.16594,0.9859357,-0.0198667,0.9789244,-0.1622612,0.1240098,static,74.57964,10.27174,-8.486084,10.96337,7.809258888608356,9.23204244105699
05/11/2023 10:30:05.119690,1742,True,True,True,True,Eyes,2.286789,0.1250625,-1.845627,0.9632826,0.04825567,0.2641173,0.0,0.0,0.0,0.0,0.0,0.0,0.0,-2.122771,-0.539239,-2.040438,2.319574,0.121322,-1.888169,0.04734433,0.6641149,-0.06827545,0.7429996,9.267216,83.401,357.7601,0.7624048,0.04693184,-0.6453959,0.5703809,-0.01705065,-0.2254928,3.450781,0.2181188,-0.2267143,-0.3087003,0.4008001,2.069,0.1085797,-0.03857311,-0.9933391,0.1643414,0.986194,-0.02033186,0.9804093,-0.1610391,0.1134198,static,74.66719,10.35405,-8.48608,10.96336,7.817439303278394,9.25640806533413
05/11/2023 10:30:05.139595,1743,True,True,True,True,Eyes,2.288454,0.1250931,-1.846431,0.9637635,0.04835397,0.2623389,0.0,0.0,0.0,0.0,0.0,0.0,0.0,-2.10677,-0.5363519,-2.07157,2.328055,0.1225983,-1.892798,0.04830119,0.6681563,-0.06703813,0.7394188,9.265729,84.04063,357.9914,0.7641342,0.04642056,-0.6433844,0.5361581,-0.01602761,-0.2119633,3.465657,0.2148564,-0.2353355,-0.3087002,0.4008002,2.069,0.09814616,-0.03459302,-0.9945706,0.163684,0.9863458,-0.01815428,0.9816185,-0.1610135,0.1024683,static,74.77287,10.44347,-8.486078,10.96336,7.8276418289443646,9.282934126301388
05/11/2023 10:30:05.160582,1744,True,True,True,True,Eyes,2.290395,0.1251879,-1.847412,0.9643339,0.04850673,0.260206,0.0,0.0,0.0,0.0,0.0,0.0,0.0,-2.09248,-0.5301573,-2.101358,2.336552,0.1223336,-1.897577,0.04955894,0.6718976,-0.06549741,0.7360759,9.263398,84.63999,358.2683,0.7655949,0.04599376,-0.6416762,0.5039886,-0.01506596,-0.1992455,3.484231,0.2229902,-0.2483508,-0.3087003,0.4008001,2.069,0.08852732,-0.02982505,-0.9956273,0.1630192,0.986508,-0.01505681,0.9826434,-0.1609734,0.09219495,static,74.89951,10.55968,-8.486081,10.96336,7.839568832140938,9.317350903685947
05/11/2023 10:30:05.179750,1745,True,True,True,True,Eyes,2.292597,0.1253061,-1.848563,0.9649829,0.04863847,0.2577642,0.0,0.0,0.0,0.0,0.0,0.0,0.0,-2.076332,-0.5286043,-2.131751,2.344928,0.1238715,-1.902868,0.04991738,0.6758354,-0.06447329,0.7325286,9.223058,85.26328,358.4334,0.7668353,0.04563804,-0.640219,0.4737493,-0.014162,-0.1872908,3.504467,0.2212977,-0.2645579,-0.3087004,0.4008001,2.069,0.07817945,-0.02698518,-0.996574,0.1619289,0.9867029,-0.01401485,0.9837007,-0.1602785,0.08150959,static,75.04445,10.68571,-8.486084,10.96336,7.853449611812173,9.35471603756098
05/11/2023 10:30:05.189704,1746,True,True,True,True,Eyes,2.295058,0.1254279,-1.84989,0.9657067,0.04880651,0.2550068,0.0,0.0,0.0,0.0,0.0,0.0,0.0,-2.060168,-0.5292745,-2.160718,2.352935,0.1248325,-1.908203,0.05048037,0.6796377,-0.06392235,0.729012,9.235318,85.86984,358.5728,0.7679381,0.04532584,-0.6389179,0.4453244,-0.01331228,-0.1760533,3.526345,0.2224542,-0.2810494,-0.3087003,0.4008002,2.069,0.06801323,-0.02458358,-0.9973814,0.161817,0.9867314,-0.01328647,0.9844742,-0.1604896,0.07108883,static,75.20798,10.83498,-8.486078,10.96336,7.868877076850352,9.398928420475281
05/11/2023 10:30:05.209710,1747,True,True,True,True,Eyes,2.297746,0.1255963,-1.851401,0.9665076,0.04902191,0.251913,0.0,0.0,0.0,0.0,0.0,0.0,0.0,-2.044247,-0.5259062,-2.190587,2.361305,0.1250592,-1.913842,0.04969805,0.6833869,-0.06290191,0.7256417,9.096552,86.45673,358.6443,0.7689397,0.04504495,-0.6377321,0.4186049,-0.01251354,-0.1654901,3.545043,0.2249804,-0.2957912,-0.3087003,0.4008002,2.069,0.05805156,-0.02336251,-0.9980403,0.1592145,0.9871469,-0.0138467,0.9855359,-0.1580986,0.06102503,static,75.3913,11.01205,-8.486078,10.96336,7.885850016754589,9.451318669784978
05/11/2023 10:30:05.219762,1748,True,True,True,True,Eyes,2.300666,0.1257666,-1.853091,0.9673975,0.0492,0.2484381,0.0,0.0,0.0,0.0,0.0,0.0,0.0,-2.02462,-0.5280567,-2.221791,2.369082,0.1263616,-1.919835,0.04893254,0.6876045,-0.06262081,0.7217232,9.0182,87.12069,358.6599,0.7698504,0.04479337,-0.6366501,0.3934886,-0.01176273,-0.1555607,3.558653,0.2225055,-0.3046254,-0.3087001,0.4008001,2.069,0.04655728,-0.02309729,-0.9986486,0.1576823,0.9873685,-0.01548521,0.9863918,-0.1567482,0.04961118,static,75.59708,11.20176,-8.486077,10.96336,7.905201461866587,9.507498177969328
05/11/2023 10:30:05.239683,1749,True,True,True,True,Eyes,2.303783,0.1259522,-1.854949,0.9683748,0.04937238,0.2445659,0.0,0.0,0.0,0.0,0.0,0.0,0.0,-2.000677,-0.5341758,-2.255648,2.377141,0.1265399,-1.925926,0.04800329,0.692315,-0.0631678,0.7172208,8.993472,87.86527,358.5993,0.7706797,0.04456785,-0.6356618,0.3698793,-0.01105697,-0.1462271,3.571418,0.2242458,-0.3125913,-0.3087002,0.4008002,2.069001,0.0334198,-0.02414373,-0.9991497,0.1570773,0.987411,-0.01860612,0.9870207,-0.1563219,0.03679151,static,75.82617,11.41334,-8.486075,10.96336,7.926732406394582,9.570151953082638
05/11/2023 10:30:05.259567,1750,True,True,True,True,Eyes,2.30706,0.1261516,-1.856956,0.9694314,0.04936877,0.2403444,0.0,0.0,0.0,0.0,0.0,0.0,0.0,-1.974466,-0.5467567,-2.288424,2.384544,0.1269824,-1.931882,0.04658978,0.6970723,-0.06480752,0.7125445,9.018052,88.61688,358.41,0.7714356,0.044366,-0.6347585,0.3476866,-0.01039355,-0.1374535,3.588334,0.2263344,-0.3255452,-0.3087003,0.4008001,2.069,0.01978053,-0.02740359,-0.9994287,0.1573094,0.9872587,-0.02395645,0.9873512,-0.1567456,0.02383937,static,76.07581,11.60758,-8.486081,10.96336,7.951394170659442,9.627878287892539
05/11/2023 10:30:05.275647,1751,True,True,True,True,Eyes,2.310486,0.1263498,-1.859109,0.9705338,0.04931803,0.235864,0.0,0.0,0.0,0.0,0.0,0.0,0.0,-1.949899,-0.5663058,-2.316375,2.391259,0.1273541,-1.93754,0.04563014,0.7012703,-0.06762818,0.708212,9.176885,89.28752,358.1545,0.7721254,0.04418552,-0.6339317,0.3268254,-0.009769934,-0.1292062,3.606613,0.228412,-0.3404722,-0.3087002,0.4008001,2.069,0.007292598,-0.03179207,-0.999468,0.1597883,0.9866886,-0.03021965,0.9871244,-0.1594829,0.01227552,static,76.3405,11.81012,-8.48608,10.96337,7.977655332060553,9.688094413659208
05/11/2023 10:30:05.295353,1752,True,True,True,True,Eyes,2.314046,0.1265513,-1.861412,0.9716681,0.04925814,0.2311595,0.0,0.0,0.0,0.0,0.0,0.0,0.0,-1.928848,-0.5847521,-2.34089,2.397891,0.1273377,-1.94321,0.04405854,0.7048166,-0.07042973,0.7045083,9.285806,89.84995,357.8438,0.7727557,0.04402393,-0.6331745,0.3072158,-0.009183738,-0.1214539,3.623895,0.2296419,-0.3547399,-0.3087005,0.4008001,2.069,-0.003453723,-0.03713027,-0.9993044,0.161343,0.986197,-0.03720088,0.9868923,-0.1613593,0.002584651,static,76.6181,12.02933,-8.48609,10.96337,8.004973075302551,9.753219817351068
05/11/2023 10:30:05.309766,1753,True,True,True,True,Eyes,2.31774,0.1267578,-1.86387,0.9728241,0.04931524,0.2262325,0.0,0.0,0.0,0.0,0.0,0.0,0.0,-1.908407,-0.5968198,-2.366022,2.404316,0.1274723,-1.949176,0.04206354,0.7083567,-0.07221123,0.7008901,9.280415,90.41087,357.5823,0.7733316,0.0438792,-0.6324812,0.2887829,-0.008632714,-0.1141666,3.641936,0.234303,-0.3698254,-0.3087,0.4008002,2.069,-0.01396729,-0.04163229,-0.9990353,0.1608163,0.9860324,-0.04333877,0.9868855,-0.1612664,-0.007077071,static,76.90843,12.29724,-8.486071,10.96336,8.032267211087134,9.83255552864609
05/11/2023 10:30:05.329924,1754,True,True,True,True,Eyes,2.321557,0.1269624,-1.866491,0.973978,0.04949135,0.2211725,0.0,0.0,0.0,0.0,0.0,0.0,0.0,-1.888921,-0.6001974,-2.392525,2.410925,0.1277135,-1.955393,0.0397634,0.7119073,-0.0725883,0.6973792,9.137984,90.97419,357.4093,0.773858,0.04374946,-0.631846,0.2714559,-0.008114751,-0.1073166,3.662469,0.2383926,-0.3882438,-0.3087004,0.4008,2.069,-0.02416225,-0.04462744,-0.9987115,0.1578589,0.9862996,-0.04789196,0.9871661,-0.1588126,-0.01678646,static,77.20615,12.61318,-8.486085,10.96336,8.058895114977403,9.925878815025069
05/11/2023 10:30:05.339987,1755,True,True,True,True,Eyes,2.325508,0.1271767,-1.869283,0.9751443,0.04981941,0.2158972,0.0,0.0,0.0,0.0,0.0,0.0,0.0,-1.871838,-0.5970695,-2.4185,2.417396,0.1278434,-1.961953,0.03756972,0.715251,-0.07193732,0.6941395,8.920491,91.50757,357.3239,0.7743385,0.043633,-0.6312651,0.2551686,-0.007627866,-0.1008776,3.685997,0.2443112,-0.4102053,-0.3087,0.4008002,2.069,-0.03351805,-0.04612551,-0.9983733,0.1536126,0.9868271,-0.05074923,0.9875627,-0.1550637,-0.02599108,static,77.51608,12.99386,-8.486071,10.96336,8.084904962504133,10.038067917067163
05/11/2023 10:30:05.360165,1756,True,True,True,True,Eyes,2.329573,0.1273932,-1.872238,0.9763275,0.05019664,0.2103922,0.0,0.0,0.0,0.0,0.0,0.0,0.0,-1.852196,-0.5972207,-2.445926,2.424236,0.1282125,-1.968882,0.03490352,0.7188392,-0.0718435,0.6905727,8.713554,92.08115,357.1559,0.7747769,0.04352842,-0.6307341,0.2398584,-0.007170194,-0.09482498,3.709305,0.2486717,-0.4330449,-0.3087003,0.4008001,2.069,-0.04378233,-0.04904628,-0.9978365,0.1494063,0.9872405,-0.055081,0.9878061,-0.1514947,-0.03589587,static,77.8391,13.41911,-8.48608,10.96336,8.111072409364553,10.163269812606945
05/11/2023 10:30:05.379639,1757,True,True,True,True,Eyes,2.333741,0.1276079,-1.875356,0.9775442,0.05055219,0.204577,0.0,0.0,0.0,0.0,0.0,0.0,0.0,-1.826358,-0.6045321,-2.475284,2.430627,0.128344,-1.975766,0.03225863,0.7230297,-0.07297271,0.6861942,8.615002,92.76093,356.8982,0.7751758,0.04343452,-0.6302505,0.2254669,-0.006739982,-0.08913548,3.734479,0.2532907,-0.4585602,-0.3087004,0.4008001,2.069,-0.05619378,-0.053499,-0.9969856,0.1467948,0.9872688,-0.06125151,0.9875695,-0.1497942,-0.04762507,static,78.17993,13.88008,-8.486085,10.96337,8.138277294555248,10.29893921854172
05/11/2023 10:30:05.389666,1758,True,True,True,True,Eyes,2.337996,0.1278307,-1.878633,0.9787903,0.05069805,0.1984926,0.0,0.0,0.0,0.0,0.0,0.0,0.0,-1.798143,-0.6183116,-2.504135,2.436848,0.1283569,-1.982831,0.03033569,0.7273569,-0.07510561,0.6814625,8.661839,93.47585,356.623,0.7755383,0.04334972,-0.62981,0.2119389,-0.006335584,-0.08378734,3.762378,0.2571756,-0.4879989,-0.3087,0.4008001,2.069,-0.06937755,-0.05823355,-0.9958894,0.146493,0.9868778,-0.06791189,0.9867759,-0.1506024,-0.05993636,static,78.53623,14.32789,-8.486073,10.96337,8.167842571280431,10.430868333154919
05/11/2023 10:30:05.409806,1759,True,True,True,True,Eyes,2.342325,0.1280473,-1.882055,0.9800724,0.05061735,0.192083,0.0,0.0,0.0,0.0,0.0,0.0,0.0,-1.767336,-0.6374333,-2.532517,2.442737,0.1287091,-1.989951,0.02964043,0.7318867,-0.07790201,0.6763096,8.865943,94.24129,356.4032,0.7758673,0.04327307,-0.6294099,0.1992226,-0.005955448,-0.0787601,3.791031,0.2552883,-0.5187221,-0.3087002,0.4008001,2.069,-0.08345377,-0.06198487,-0.9945822,0.1487586,0.9861054,-0.07393867,0.9853459,-0.1541231,-0.07307333,static,78.91123,14.76286,-8.486078,10.96336,8.200159758845118,10.559167119046313
05/11/2023 10:30:05.429433,1760,True,True,True,True,Eyes,2.346704,0.1282605,-1.885613,0.9813687,0.05015587,0.1854723,0.0,0.0,0.0,0.0,0.0,0.0,0.0,-1.734726,-0.6627269,-2.559278,2.448315,0.1286177,-1.996895,0.02971804,0.7364052,-0.08167256,0.6709353,9.216528,95.01868,356.1763,0.7761638,0.04320354,-0.6290491,0.1872692,-0.005598121,-0.0740345,3.81946,0.2509136,-0.550069,-0.3087002,0.4008001,2.069,-0.09792589,-0.06582495,-0.9930145,0.153363,0.9848928,-0.08041043,0.9833059,-0.1601659,-0.08635142,static,79.29771,15.13213,-8.486079,10.96337,8.2360757610534,10.668446195065641
05/11/2023 10:30:05.440096,1761,True,True,True,True,Eyes,2.351127,0.1284744,-1.889292,0.9826781,0.04944565,0.1786022,0.0,0.0,0.0,0.0,0.0,0.0,0.0,-1.70216,-0.6935923,-2.583063,2.453439,0.1284791,-2.003687,0.02965813,0.74062,-0.08639073,0.6656869,9.639675,95.75127,355.8651,0.7764297,0.04313989,-0.6287239,0.1760331,-0.005262234,-0.06959242,3.849106,0.2454268,-0.5846522,-0.3087003,0.4008001,2.069,-0.1119629,-0.07108753,-0.9911665,0.1589492,0.983314,-0.08847935,0.9809178,-0.1674515,-0.09879534,static,79.69891,15.47464,-8.486082,10.96337,8.274707927159483,10.77003138727569
05/11/2023 10:30:05.460207,1762,True,True,True,True,Eyes,2.355585,0.1286897,-1.893078,0.9839676,0.04849794,0.1716266,0.0,0.0,0.0,0.0,0.0,0.0,0.0,-1.670392,-0.7260973,-2.604646,2.458442,0.1284734,-2.010264,0.02935119,0.7445176,-0.09140186,0.6606647,10.07186,96.43424,355.5107,0.7766671,0.04308157,-0.6284337,0.1654711,-0.0049465,-0.06541688,3.878139,0.2385211,-0.6195643,-0.3087004,0.4008001,2.069,-0.1253215,-0.077067,-0.9891184,0.1644769,0.9815684,-0.09731799,0.9783874,-0.1748832,-0.1103359,static,80.10583,15.77914,-8.486084,10.96336,8.315307418467356,10.86060807991392
05/11/2023 10:30:05.479665,1763,True,True,True,True,Eyes,2.360075,0.1289262,-1.896975,0.9852314,0.04746258,0.1645185,0.0,0.0,0.0,0.0,0.0,0.0,0.0,-1.640936,-0.7497289,-2.626085,2.463302,0.1285821,-2.016605,0.02924586,0.748251,-0.09492837,0.6559375,10.39465,97.09393,355.2898,0.7768775,0.04302798,-0.6281767,0.1555428,-0.00464971,-0.06149187,3.905564,0.2317115,-0.653236,-0.3087001,0.4008002,2.069,-0.1377817,-0.08076765,-0.9871641,0.1683006,0.9802666,-0.1036935,0.9760591,-0.1804274,-0.1214695,static,80.51995,16.09253,-8.486074,10.96337,8.356509613451856,10.953804519559348
05/11/2023 10:30:05.489868,1764,True,True,True,True,Eyes,2.364599,0.1291753,-1.900981,0.9864308,0.04651421,0.1574508,0.0,0.0,0.0,0.0,0.0,0.0,0.0,-1.617823,-0.7628094,-2.646286,2.46822,0.1292845,-2.023174,0.0295219,0.751496,-0.09658209,0.6519617,10.58281,97.67226,355.2404,0.7770622,0.0429792,-0.6279511,0.1462102,-0.004370727,-0.05780235,3.929409,0.2269404,-0.6820776,-0.3087002,0.4008001,2.069,-0.1481486,-0.08156447,-0.9855958,0.1703068,0.9796007,-0.1066678,0.9741906,-0.1836564,-0.1312356,static,80.93114,16.45823,-8.486079,10.96336,8.395619543384722,11.062177097213805
05/11/2023 10:30:05.509804,1765,True,True,True,True,Eyes,2.369146,0.1294305,-1.9051,0.9875746,0.04569317,0.1503614,0.0,0.0,0.0,0.0,0.0,0.0,0.0,-1.598827,-0.7640272,-2.667206,2.473241,0.1298853,-2.029822,0.02968103,0.7545244,-0.09634221,0.648483,10.59586,98.21056,355.3222,0.7772226,0.04293504,-0.6277556,0.1374376,-0.004108483,-0.05433421,3.949848,0.2217963,-0.7061617,-0.3087001,0.4008001,2.069,-0.1571777,-0.08016244,-0.9843115,0.1697427,0.9796745,-0.1068898,0.9728733,-0.1838804,-0.1403761,static,81.34302,16.90345,-8.486076,10.96336,8.432189241929997,11.193647079542192
05/11/2023 10:30:05.529483,1766,True,True,True,True,Eyes,2.373712,0.1296883,-1.90934,0.9886339,0.04511347,0.1434149,0.0,0.0,0.0,0.0,0.0,0.0,0.0,-1.58519,-0.7544259,-2.687762,2.478113,0.1304021,-2.036664,0.02963919,0.7571783,-0.09440972,0.6456699,10.44224,98.67872,355.5075,0.7773594,0.04289512,-0.6275888,0.1291914,-0.003861974,-0.05107416,3.966264,0.218434,-0.7240119,-0.3087001,0.4008001,2.069,-0.1644642,-0.07703071,-0.9833708,0.1667993,0.9804167,-0.1046957,0.9721778,-0.1812442,-0.1483948,static,81.74603,17.46181,-8.486076,10.96336,8.463918339238099,11.357927800031828
05/11/2023 10:30:05.543881,1767,True,True,True,True,Eyes,2.488442,0.1360074,-2.018662,0.9989265,0.03448322,-0.0309292,0.0,0.0,0.0,0.0,0.0,0.0,0.0,-1.576977,-0.7410001,-2.70621,2.482955,0.1308413,-2.04385,0.02922323,0.7592651,-0.09195603,0.643589,10.20982,99.04228,355.6886,0.7774735,0.04285896,-0.62745,0.1214399,-0.003630256,-0.04800971,3.983536,0.2162266,-0.743233,-0.3087001,0.4008001,2.069,-0.1698786,-0.07398742,-0.9826838,0.1627401,0.9813802,-0.1020225,0.9719347,-0.1772535,-0.1546748,static,-88.22655,-48.10996,-8.486078,10.96336,-10.52966368042144,-8.581237569096267
05/11/2023 10:30:05.560550,1768,True,True,True,True,Eyes,2.488647,0.1359956,-2.018978,0.9989141,0.03468253,-0.03110817,0.0,0.0,0.0,0.0,0.0,0.0,0.0,-1.569411,-0.7277541,-2.724477,2.487953,0.1310726,-2.051429,0.02847599,0.7612522,-0.08963089,0.6416,9.962513,99.38634,355.8277,0.7773159,0.04279481,-0.6276495,0.458346,0.01554506,-0.3730964,4.000083,0.2152417,-0.7618032,-0.3087003,0.4008001,2.069,-0.1750769,-0.07165955,-0.9819433,0.1583692,0.9823109,-0.099923,0.971734,-0.1730038,-0.1606313,static,-88.21627,-48.10978,-8.48608,10.96336,-10.52838991694858,-8.58113109393095
05/11/2023 10:30:05.579712,1769,True,True,True,True,Eyes,2.489048,0.1359683,-2.0196,0.9988911,0.03494025,-0.03155587,0.0,0.0,0.0,0.0,0.0,0.0,0.0,-1.561113,-0.7191355,-2.741958,2.492899,0.1308164,-2.059346,0.02742292,0.763185,-0.08819354,0.6395456,9.769936,99.7213,355.8715,0.777172,0.04274455,-0.627831,0.4308453,0.01461235,-0.3507106,4.016826,0.2145169,-0.7812689,-0.3087002,0.4008001,2.069,-0.1804589,-0.07095005,-0.9810202,0.1546651,0.9829398,-0.09953956,0.9713461,-0.1696924,-0.1664067,static,-88.19057,-47.91361,-8.486076,10.96336,-10.53166910756186,-8.524024966147426
05/11/2023 10:30:05.595151,1770,True,True,True,True,Eyes,2.489632,0.1359145,-2.020524,0.9988551,0.0352271,-0.03236372,0.0,0.0,0.0,0.0,0.0,0.0,0.0,-1.548841,-0.7162076,-2.760089,2.497818,0.1304251,-2.067329,0.02657511,0.7654271,-0.08765653,0.6369706,9.67414,100.1175,355.8705,0.7770383,0.04270427,-0.6279992,0.4049945,0.01373561,-0.329668,4.035856,0.2140862,-0.8044464,-0.3087004,0.4008003,2.069001,-0.1871246,-0.07098664,-0.979768,0.1523519,0.9832202,-0.1003342,0.9704501,-0.1680445,-0.1731697,static,-88.14422,-47.4258,-8.48608,10.96336,-10.542009009635091,-8.382113457223266
05/11/2023 10:30:05.609544,1771,True,True,True,True,Eyes,2.490386,0.1358435,-2.021746,0.9988073,0.0355224,-0.0334985,0.0,0.0,0.0,0.0,0.0,0.0,0.0,-1.533613,-0.7165196,-2.778828,2.502531,0.1297341,-2.075515,0.0260492,0.7679409,-0.08762812,0.6339635,9.649172,100.5689,355.8643,0.7769113,0.04266893,-0.6281587,0.3806949,0.01291147,-0.3098879,4.05442,0.2134407,-0.8282924,-0.3087004,0.4008,2.068999,-0.1948238,-0.07109756,-0.9782583,0.1511146,0.9832855,-0.101558,0.9691277,-0.1676149,-0.1808236,static,-88.07911,-46.6796,-8.486089,10.96337,-10.558546828082296,-8.165062816535741
05/11/2023 10:30:05.620733,1772,True,True,True,True,Eyes,2.491292,0.1357508,-2.02326,0.998745,0.03577212,-0.03505598,0.0,0.0,0.0,0.0,0.0,0.0,0.0,-1.515262,-0.716525,-2.799153,2.507076,0.1292558,-2.083878,0.02553158,0.7708028,-0.08751657,0.6305174,9.619962,101.086,355.8703,0.7767878,0.04263313,-0.6283139,0.3578532,0.01213679,-0.2912946,4.07334,0.2123953,-0.8529261,-0.3087005,0.4008,2.069,-0.2035923,-0.07100181,-0.9764779,0.1497211,0.9833779,-0.1027198,0.9675402,-0.1671122,-0.1895776,static,-87.98974,-45.5793,-8.486089,10.96336,-10.583758690755047,-7.845048467133041
05/11/2023 10:30:05.644661,1773,True,True,True,True,Eyes,2.492348,0.1356203,-2.025056,0.9986709,0.03598433,-0.0369016,0.0,0.0,0.0,0.0,0.0,0.0,0.0,-1.497818,-0.7163226,-2.818687,2.511364,0.128683,-2.092383,0.02556082,0.7735892,-0.08728944,0.627126,9.61995,101.5962,355.9324,0.776665,0.04259585,-0.6284683,0.336382,0.01140858,-0.2738169,4.093754,0.2107178,-0.8812987,-0.3087003,0.4008001,2.069,-0.2121191,-0.06993581,-0.9747381,0.1490301,0.9834543,-0.1029926,0.9658134,-0.167112,-0.1981869,static,-87.88385,-44.27897,-8.486084,10.96337,-10.613519993678164,-7.466855390575648
05/11/2023 10:30:05.659725,1774,True,True,True,True,Eyes,2.493539,0.1354371,-2.02716,0.9985597,0.03467568,-0.04094126,0.0,0.0,0.0,0.0,0.0,0.0,0.0,-1.479909,-0.7162128,-2.838299,2.515701,0.1277012,-2.100946,0.02597517,0.7764124,-0.08706245,0.623642,9.647792,102.1195,356.0299,0.7765405,0.04255568,-0.628625,0.3161991,0.01072406,-0.2573879,4.113837,0.2087133,-0.9100108,-0.3087002,0.4008002,2.069,-0.220792,-0.06825673,-0.9729297,0.1489265,0.9834908,-0.1027943,0.9638838,-0.1675911,-0.2069816,static,-87.65218,-40.26332,-8.486076,10.96336,-10.71729624524982,-6.299430654835628
05/11/2023 10:30:05.679702,1775,True,True,True,True,Eyes,2.494852,0.1352131,-2.029536,0.9984232,0.03338293,-0.04512949,0.0,0.0,0.0,0.0,0.0,0.0,0.0,-1.463326,-0.714537,-2.857397,2.51973,0.1267464,-2.109857,0.0268484,0.7791678,-0.08649141,0.6202387,9.676639,102.6362,356.193,0.7764113,0.04251089,-0.6287875,0.2972271,0.01008062,-0.2419447,4.13517,0.2068476,-0.9415662,-0.3087002,0.4008001,2.069001,-0.2291667,-0.06545181,-0.9711843,0.1491295,0.9835968,-0.1014778,0.9618957,-0.1680875,-0.2156467,static,-87.41195,-36.49086,-8.486075,10.96336,-10.811975620433394,-5.202586706690226
05/11/2023 10:30:05.690005,1776,True,True,True,True,Eyes,2.496279,0.1349683,-2.032197,0.9982595,0.03204032,-0.04951129,0.0,0.0,0.0,0.0,0.0,0.0,0.0,-1.448847,-0.7119826,-2.875421,2.523724,0.1256568,-2.118761,0.02809579,0.781706,-0.08572674,0.6170878,9.71232,103.1182,356.4008,0.7762755,0.04246035,-0.6289585,0.2793935,0.009475783,-0.227428,4.155934,0.2057476,-0.9734538,-0.3087004,0.4008,2.069,-0.2368269,-0.06187653,-0.9695796,0.1497271,0.9837231,-0.09935109,0.9599454,-0.1687014,-0.2237075,static,-87.16059,-32.90819,-8.486088,10.96336,-10.899001712595325,-4.1608018579031105
05/11/2023 10:30:05.710172,1777,True,True,True,True,Eyes,2.49781,0.1346991,-2.035143,0.9980689,0.03074237,-0.05397584,0.0,0.0,0.0,0.0,0.0,0.0,0.0,-1.436625,-0.7078172,-2.892973,2.527673,0.1250736,-2.128242,0.02971033,0.7841022,-0.08454431,0.6141281,9.734022,103.5785,356.67,0.7761309,0.04240364,-0.6291407,0.2626299,0.008907235,-0.2137823,4.173608,0.2051929,-1.000786,-0.3087002,0.4008002,2.069,-0.2439281,-0.05725019,-0.9681021,0.1504339,0.9839391,-0.09609085,0.9580548,-0.1690747,-0.2313979,static,-86.90445,-29.66402,-8.486076,10.96336,-10.974253895852563,-3.2172971392607
05/11/2023 10:30:05.729574,1778,True,True,True,True,Eyes,2.499434,0.1343911,-2.038367,0.9978441,0.02945047,-0.0586499,0.0,0.0,0.0,0.0,0.0,0.0,0.0,-1.426832,-0.7023749,-2.909631,2.531486,0.1243634,-2.138049,0.03112613,0.7862592,-0.08322304,0.6114751,9.725928,103.994,356.9274,0.7759752,0.04234032,-0.6293368,0.2468721,0.008372801,-0.2009554,4.191934,0.204227,-1.027811,-0.3087002,0.4008002,2.069001,-0.2502589,-0.05283121,-0.9667364,0.150724,0.9842102,-0.09280403,0.9563748,-0.1689354,-0.2383443,static,-86.63622,-26.66307,-8.486075,10.96336,-11.03996877920078,-2.3443633089851525
05/11/2023 10:30:05.740077,1779,True,True,True,True,Eyes,2.501146,0.1340456,-2.041869,0.9975896,0.02818918,-0.06340582,0.0,0.0,0.0,0.0,0.0,0.0,0.0,-1.414116,-0.698501,-2.927118,2.535133,0.1232263,-2.147922,0.03209777,0.7886286,-0.08230395,0.6084905,9.722526,104.4488,357.1192,0.7758068,0.04226954,-0.629549,0.2320598,0.007870433,-0.188898,4.212581,0.2039521,-1.061788,-0.3087001,0.4008,2.068999,-0.2574179,-0.04953592,-0.9650296,0.1507888,0.9843916,-0.09075212,0.9544625,-0.1688769,-0.2459305,static,-86.36323,-23.96914,-8.486078,10.96337,-11.094951861710484,-1.5605674636022675
05/11/2023 10:30:05.760314,1780,True,True,True,True,Eyes,2.502928,0.1336776,-2.045649,0.9973012,0.02695031,-0.06829347,0.0,0.0,0.0,0.0,0.0,0.0,0.0,-1.403334,-0.6950571,-2.943629,2.538732,0.1220974,-2.158085,0.03331912,0.790806,-0.08139804,0.6057146,9.735721,104.8723,357.3301,0.7756237,0.04219061,-0.6297795,0.2181362,0.007398207,-0.1775642,4.231335,0.203546,-1.092933,-0.3087005,0.4008001,2.069,-0.2639996,-0.04591004,-0.9634297,0.1513059,0.9845284,-0.08837637,0.9525812,-0.1691039,-0.2529686,static,-86.0826,-21.53543,-8.486085,10.96336,-11.140390183145083,-0.8523030165933072
05/11/2023 10:30:05.780039,1781,True,True,True,True,Eyes,2.504773,0.1332622,-2.049708,0.996987,0.025686,-0.07319274,0.0,0.0,0.0,0.0,0.0,0.0,0.0,-1.396815,-0.6926775,-2.957734,2.542029,0.1213145,-2.168515,0.03501342,0.7925708,-0.08051653,0.6034259,9.781198,105.2247,357.5765,0.7754243,0.04210338,-0.6300305,0.205048,0.006954314,-0.1669103,4.24946,0.2045448,-1.12328,-0.3087002,0.4008001,2.069,-0.2693026,-0.04167029,-0.9621537,0.1526727,0.9845823,-0.08537409,0.950877,-0.1698861,-0.2587886,static,-85.80122,-19.33783,-8.486079,10.96337,-11.177937672712144,-0.21260439966456257
05/11/2023 10:30:05.789756,1782,True,True,True,True,Eyes,2.506669,0.1327971,-2.054034,0.9966339,0.02443276,-0.0782559,0.0,0.0,0.0,0.0,0.0,0.0,0.0,-1.390961,-0.6929593,-2.970998,2.545228,0.1198676,-2.179276,0.03670539,0.7942189,-0.08014963,0.601203,9.871992,105.5592,357.7855,0.7752068,0.04200698,-0.630304,0.1927451,0.006537055,-0.1568957,4.26757,0.2031989,-1.153581,-0.3087,0.4008003,2.069001,-0.2744151,-0.03806816,-0.9608573,0.1546766,0.9844576,-0.08317791,0.9490897,-0.1714475,-0.2642618,static,-85.51034,-17.33921,-8.486067,10.96336,-11.207731292915952,0.36935761394191324
05/11/2023 10:30:05.809816,1783,True,True,True,True,Eyes,2.508612,0.1322959,-2.058613,0.9962494,0.02312064,-0.08338227,0.0,0.0,0.0,0.0,0.0,0.0,0.0,-1.382494,-0.6975893,-2.984122,2.54813,0.1182153,-2.189968,0.03716996,0.7959488,-0.08075342,0.5988013,9.966131,105.9004,357.8156,0.7749697,0.04190058,-0.6306019,0.1811804,0.006144832,-0.1474819,4.285654,0.1993328,-1.185381,-0.3087005,0.4008,2.069,-0.2801111,-0.03753973,-0.9592335,0.1558813,0.9841946,-0.08403633,0.9472271,-0.173066,-0.2698321,static,-85.21571,-15.49789,-8.48609,10.96336,-11.231863304257466,0.9056571871013572
05/11/2023 10:30:05.829782,1784,True,True,True,True,Eyes,2.510599,0.131791,-2.06344,0.9958265,0.02177856,-0.08863004,0.0,0.0,0.0,0.0,0.0,0.0,0.0,-1.371027,-0.7062701,-2.997546,2.55099,0.1168388,-2.200593,0.0377925,0.7978854,-0.08189561,0.5960235,10.12155,106.2878,357.8277,0.7747118,0.04178386,-0.6309255,0.1703096,0.005776142,-0.138633,4.303479,0.1954387,-1.217571,-0.3087003,0.4008,2.069,-0.2866557,-0.03731524,-0.9573067,0.1579316,0.9837297,-0.08563618,0.9449266,-0.175737,-0.2760985,static,-84.91399,-13.80545,-8.486084,10.96336,-11.250195994336362,1.398757220406945
05/11/2023 10:30:05.844764,1785,True,True,True,True,Eyes,2.512627,0.1314337,-2.068539,0.9953812,0.02040644,-0.09380782,0.0,0.0,0.0,0.0,0.0,0.0,0.0,-1.364821,-0.7109996,-3.009581,2.55387,0.1163168,-2.211346,0.03946063,0.7994485,-0.08207311,0.5937921,10.25849,106.6139,357.998,0.7744338,0.04165796,-0.6312757,0.160091,0.005429573,-0.1303151,4.320476,0.1926916,-1.249305,-0.3087003,0.4008001,2.069,-0.2917078,-0.03437524,-0.9558898,0.1605622,0.9834138,-0.08436362,0.9429351,-0.1780893,-0.28135,static,-84.61617,-12.27261,-8.486081,10.96336,-11.263743430514278,1.8454865256904984
05/11/2023 10:30:05.860275,1786,True,True,True,True,Eyes,2.514658,0.13106,-2.073895,0.9949042,0.01896173,-0.09902498,0.0,0.0,0.0,0.0,0.0,0.0,0.0,-1.365155,-0.7120334,-3.020335,2.556753,0.1197076,-2.223003,0.04243797,0.800651,-0.08080293,0.5921385,10.34927,106.8825,358.3843,0.7741315,0.04152728,-0.6316556,0.1504856,0.005103799,-0.1224962,4.336683,0.1902837,-1.279124,-0.3087004,0.4008,2.069,-0.2951422,-0.02773706,-0.9550508,0.1636491,0.9833398,-0.07913158,0.9413342,-0.1796482,-0.2856859,static,-84.31595,-10.84003,-8.486086,10.96337,-11.27368104320728,2.263111519891275
05/11/2023 10:30:05.879614,1787,True,True,True,True,Eyes,2.51673,0.13065,-2.079522,0.9943949,0.01767381,-0.1042423,0.0,0.0,0.0,0.0,0.0,0.0,0.0,-1.366538,-0.7139804,-3.029384,2.558738,0.1191872,-2.234507,0.04711101,0.8017537,-0.07992413,0.5904097,10.59051,107.1625,358.9022,0.773805,0.0413923,-0.6320646,0.1414564,0.004797571,-0.1151464,4.35102,0.1910189,-1.303829,-0.3087003,0.4008001,2.069,-0.2983936,-0.01883312,-0.9542569,0.1699188,0.9827854,-0.07252933,0.9391957,-0.1837885,-0.2900567,static,-84.01555,-9.62274,-8.486081,10.96337,-11.27648635538758,2.6182141101006846
05/11/2023 10:30:05.890031,1788,True,True,True,True,Eyes,2.56811,0.1228717,-2.226295,0.9703778,-0.009937217,-0.2413879,0.0,0.0,0.0,0.0,0.0,0.0,0.0,-1.360877,-0.707082,-3.044836,2.561611,0.1179297,-2.246601,0.04627485,0.8034134,-0.0789519,0.5883472,10.44627,107.4699,358.9194,0.7734537,0.04125215,-0.6325041,0.132969,0.004509717,-0.1082376,4.365535,0.1921035,-1.328832,-0.3087003,0.4008001,2.069,-0.3034126,-0.01854658,-0.9526787,0.1672579,0.9832504,-0.07241065,0.9380648,-0.1813133,-0.2952285,static,-76.03082,2.357365,-8.486078,10.96336,-10.678145272332863,6.1395100668599145
05/11/2023 10:30:05.910042,1789,True,True,True,True,Eyes,2.568229,0.1228674,-2.226765,0.970284,-0.00996168,-0.2417637,0.0,0.0,0.0,0.0,0.0,0.0,0.0,-1.344325,-0.7091316,-3.061563,2.563012,0.1199391,-2.25828,0.04493668,0.8059575,-0.07896856,0.5849593,10.36177,107.9508,358.8378,0.7713203,0.04065106,-0.6351431,0.2791314,-0.01909584,-0.5420619,4.38039,0.1953062,-1.355008,-0.3087003,0.4008,2.069,-0.3116068,-0.01995267,-0.9500016,0.1648208,0.9834893,-0.07471833,0.9358073,-0.1798628,-0.3031732,static,-76.00864,2.359492,-8.486082,10.96336,-10.675454434042656,6.140244721068446
05/11/2023 10:30:05.929918,1790,True,True,True,True,Eyes,2.568438,0.1228816,-2.227672,0.9700556,-0.00994154,-0.2426795,0.0,0.0,0.0,0.0,0.0,0.0,0.0,-1.323907,-0.7151786,-3.079894,2.565686,0.1198022,-2.269991,0.04442075,0.8087361,-0.07969175,0.5810525,10.40009,108.4977,358.7905,0.7695145,0.040144,-0.6373621,0.2623835,-0.01795009,-0.5095382,4.394331,0.1954677,-1.381043,-0.3087001,0.4008001,2.069,-0.3208097,-0.02076084,-0.9469162,0.1644595,0.9833521,-0.07727759,0.9327562,-0.1805207,-0.3120545,static,-75.95455,2.345851,-8.486077,10.96337,-10.668270538937684,6.13656836144238
05/11/2023 10:30:05.944777,1791,True,True,True,True,Eyes,2.568726,0.1229561,-2.228999,0.9697323,-0.01006436,-0.243963,0.0,0.0,0.0,0.0,0.0,0.0,0.0,-1.301512,-0.7210652,-3.098062,2.567721,0.1201863,-2.281276,0.04332362,0.8116152,-0.08046079,0.5770009,10.40482,109.0602,358.6876,0.7679772,0.03971533,-0.6392407,0.2466405,-0.01687308,-0.4789659,4.40765,0.1938792,-1.40551,-0.3087003,0.4008002,2.069001,-0.3303863,-0.02252769,-0.9435771,0.1631761,0.9832982,-0.08061086,0.9296337,-0.1806019,-0.3211923,static,-75.87871,2.362319,-8.486077,10.96336,-10.659373432053208,6.141750769412127
05/11/2023 10:30:05.960213,1792,True,True,True,True,Eyes,2.569088,0.1230906,-2.230725,0.969281,-0.01027456,-0.2457412,0.0,0.0,0.0,0.0,0.0,0.0,0.0,-1.277781,-0.7383968,-3.113808,2.569579,0.1216452,-2.292644,0.04342889,0.8144575,-0.0825341,0.5726789,10.61348,109.6459,358.6131,0.7666581,0.03935324,-0.6408449,0.231842,-0.0158607,-0.450228,4.420972,0.1960563,-1.4322,-0.3087002,0.4008002,2.069,-0.3403058,-0.0237891,-0.940014,0.1652731,0.9826041,-0.08469941,0.9256765,-0.1841826,-0.3304543,static,-75.77359,2.394171,-8.486075,10.96337,-10.647339450699278,6.151555291787291
05/11/2023 10:30:05.979303,1793,True,True,True,True,Eyes,2.569524,0.123268,-2.232816,0.968719,-0.01065058,-0.2479314,0.0,0.0,0.0,0.0,0.0,0.0,0.0,-1.250395,-0.7570072,-3.1302,2.571351,0.1231514,-2.303842,0.04359385,0.8175475,-0.08476595,0.5679178,10.84284,110.2892,358.5414,0.7654634,0.03903392,-0.6422913,0.2179315,-0.01490906,-0.4232143,4.433673,0.1958504,-1.458553,-0.3087001,0.4008001,2.069,-0.3511381,-0.02500009,-0.9359899,0.1675602,0.9818286,-0.0890849,0.9212089,-0.1881158,-0.3405684,static,-75.64404,2.459786,-8.486076,10.96336,-10.633379309559615,6.171293886703861
05/11/2023 10:30:05.994874,1794,True,True,True,True,Eyes,2.570017,0.1234718,-2.235239,0.9680344,-0.01106947,-0.2505729,0.0,0.0,0.0,0.0,0.0,0.0,0.0,-1.218804,-0.7765942,-3.147277,2.573132,0.1242992,-2.314622,0.04386137,0.8208987,-0.08716117,0.5626762,11.09641,110.9955,358.4773,0.7643613,0.03874986,-0.6436198,0.2048556,-0.01401451,-0.3978214,4.446272,0.2008137,-1.485036,-0.3087002,0.4008002,2.069001,-0.3629434,-0.02607554,-0.9314463,0.1700985,0.9809583,-0.09374147,0.9161543,-0.1924604,-0.351597,static,-75.48768,2.52949,-8.486074,10.96336,-10.616216758135,6.19236134055144
05/11/2023 10:30:06.010222,1795,True,True,True,True,Eyes,2.57056,0.1237084,-2.237979,0.9672586,-0.01160738,-0.2535273,0.0,0.0,0.0,0.0,0.0,0.0,0.0,-1.187689,-0.7927915,-3.163892,2.574594,0.1251133,-2.324898,0.04466772,0.8242012,-0.08897249,0.5574776,11.33031,111.7041,358.5056,0.7633388,0.03849805,-0.6448473,0.1925643,-0.01317364,-0.3739522,4.458755,0.204917,-1.515113,-0.3087001,0.4008001,2.069001,-0.3744471,-0.02556997,-0.9268956,0.1728307,0.9801773,-0.09685996,0.9109988,-0.1964649,-0.3626053,moving,-75.31265,2.621375,-8.48607,10.96336,-10.597462589342499,6.219968916201516
05/11/2023 10:30:06.029647,1796,True,True,True,True,Eyes,2.57115,0.1239584,-2.241031,0.9664128,-0.01217351,-0.2567064,0.0,0.0,0.0,0.0,0.0,0.0,0.0,-1.161691,-0.8021919,-3.179896,2.575991,0.1262477,-2.335189,0.04670738,0.827215,-0.08940803,0.552757,11.51093,112.37,358.7388,0.7623842,0.03827592,-0.6459889,0.1810104,-0.01238322,-0.351515,4.471474,0.2043476,-1.551884,-0.3056104,0.3988409,2.068749,-0.3845565,-0.02156772,-0.9228495,0.1761159,0.9796492,-0.09628363,0.9061455,-0.1995549,-0.3729321,moving,-75.12416,2.715043,-8.403363,10.91235,-10.577091732755413,6.248165267890182
05/11/2023 10:30:06.039571,1797,True,True,True,True,Eyes,2.571786,0.1241984,-2.244385,0.9654816,-0.01272523,-0.2601605,0.0,0.0,0.0,0.0,0.0,0.0,0.0,-1.137372,-0.805553,-3.19664,2.577349,0.1269985,-2.345673,0.04985359,0.8302235,-0.08869291,0.5480668,11.64903,113.0527,359.1552,0.7614875,0.03808073,-0.6470574,0.1701498,-0.01164023,-0.3304241,4.483294,0.2027362,-1.589935,-0.3023127,0.3967497,2.06848,-0.394275,-0.01444003,-0.9188791,0.1799985,0.9792964,-0.09262367,0.9011925,-0.2019161,-0.3835128,moving,-74.91917,2.800277,-8.315027,10.85788,-10.55438833972428,6.273999258119744
05/11/2023 10:30:06.060181,1798,True,True,True,True,Eyes,2.572466,0.1244826,-2.248036,0.9644896,-0.01301686,-0.2637999,0.0,0.0,0.0,0.0,0.0,0.0,0.0,-1.113286,-0.8006566,-3.215194,2.578766,0.1272165,-2.356207,0.05215729,0.8332595,-0.0870005,0.5434971,11.63537,113.7253,359.5526,0.7606391,0.03790918,-0.6480649,0.1599408,-0.01094182,-0.3105987,4.493748,0.1965148,-1.62508,-0.2991603,0.3947507,2.068224,-0.4037807,-0.007647943,-0.9148237,0.1814902,0.9794211,-0.08829329,0.8966729,-0.2016827,-0.3940834,moving,-74.70302,2.824894,-8.23052,10.80577,-10.528293831995907,6.2822880285661
05/11/2023 10:30:06.079867,1799,True,True,True,True,Eyes,2.573184,0.1247782,-2.251966,0.9634132,-0.01323726,-0.2676932,0.0,0.0,0.0,0.0,0.0,0.0,0.0,-1.085699,-0.7881753,-3.23665,2.580165,0.1287653,-2.366861,0.05324368,0.8366333,-0.08425315,0.5386199,11.43956,114.4438,359.9024,0.7598302,0.03775992,-0.6490219,0.1503444,-0.01028531,-0.2919627,4.503115,0.1918814,-1.656812,-0.2958658,0.3926619,2.067955,-0.4141075,-0.001669979,-0.9102265,0.1798517,0.980133,-0.08362177,0.8922827,-0.1983342,-0.4055801,moving,-74.47157,2.830935,-8.142147,10.75129,-10.499681233304273,6.285262726060927
05/11/2023 10:30:06.094985,1800,True,True,True,True,Eyes,2.573957,0.1250625,-2.256164,0.9623036,-0.01321163,-0.2716565,0.0,0.0,0.0,0.0,0.0,0.0,0.0,-1.060518,-0.7825755,-3.255116,2.581462,0.1294605,-2.377436,0.05388708,0.8395956,-0.0828032,0.5341529,11.33881,115.0825,0.1184831,0.7590537,0.03763086,-0.6499375,0.1413237,-0.009668188,-0.274445,4.511808,0.1913975,-1.688334,-0.2926874,0.3906467,2.067698,-0.423554,0.002027575,-0.9058686,0.1789458,0.9804797,-0.08147451,0.8880206,-0.1966103,-0.4156488,moving,-74.23573,2.784306,-8.05682,10.69869,-10.468782732258209,6.272964434043525
05/11/2023 10:30:06.109794,1801,True,True,True,True,Eyes,2.574779,0.12536,-2.260614,0.9610898,-0.01307924,-0.2759263,0.0,0.0,0.0,0.0,0.0,0.0,0.0,-1.033909,-0.7731693,-3.274981,2.583244,0.1294657,-2.387957,0.05235392,0.8425577,-0.08144954,0.5298318,11.11211,115.6844,0.1117178,0.7583035,0.0375194,-0.6508194,0.1328443,-0.009088097,-0.2579783,4.520155,0.1955409,-1.719668,-0.2894115,0.3885695,2.067432,-0.4330751,0.001913301,-0.901356,0.1745315,0.9812501,-0.08177434,0.8842992,-0.1927294,-0.4252889,moving,-73.98137,2.713857,-7.968824,10.64445,-10.434792116222685,6.2538461122760864
05/11/2023 10:30:06.129709,1802,True,True,True,True,Eyes,2.57565,0.1256639,-2.265292,0.9598273,-0.0128915,-0.2802951,0.0,0.0,0.0,0.0,0.0,0.0,0.0,-1.000593,-0.7732177,-3.294141,2.584871,0.1299658,-2.398324,0.04954028,0.845793,-0.08178749,0.5248724,10.97351,116.3436,359.8801,0.7575735,0.03742392,-0.6516744,0.1248736,-0.008542811,-0.2424996,4.527825,0.201938,-1.74957,-0.2861927,0.3865288,2.067171,-0.4441099,-0.00205434,-0.8959702,0.1696576,0.9817131,-0.0863459,0.8797632,-0.1903552,-0.43564,moving,-73.72079,2.633326,-7.882296,10.59112,-10.399694246918788,6.231832625293742
05/11/2023 10:30:06.139407,1803,True,True,True,True,Eyes,2.576565,0.1259544,-2.270185,0.958479,-0.01275251,-0.2848779,0.0,0.0,0.0,0.0,0.0,0.0,0.0,-0.9690056,-0.7780624,-3.31107,2.586556,0.1302647,-2.408379,0.04698367,0.8487384,-0.08284229,0.5201665,10.92369,116.9583,359.6248,0.75686,0.03734288,-0.6525077,0.1173812,-0.008030243,-0.2279496,4.535761,0.20851,-1.781946,-0.2829178,0.3844515,2.066902,-0.4544391,-0.006429874,-0.8907548,0.1659372,0.9818593,-0.09174419,0.8751859,-0.1895015,-0.4451284,moving,-73.44707,2.563125,-7.794217,10.53681,-10.363301787416155,6.212888400513393
05/11/2023 10:30:06.160165,1804,True,True,True,True,Eyes,2.577524,0.126253,-2.275284,0.9570706,-0.01277918,-0.289573,0.0,0.0,0.0,0.0,0.0,0.0,0.0,-0.9411108,-0.7893671,-3.324917,2.588209,0.1300861,-2.418288,0.04503252,0.8512499,-0.08480279,0.5159014,11.00189,117.5031,359.3677,0.7561583,0.03727417,-0.6533248,0.1103383,-0.007548429,-0.2142726,4.543428,0.2112702,-1.81877,-0.2796859,0.3824023,2.066639,-0.4636357,-0.01083191,-0.8859599,0.1641676,0.9815611,-0.09791204,0.8706843,-0.1908414,-0.4533085,moving,-73.16619,2.526887,-7.707225,10.48321,-10.327139632590256,6.203845276386242
05/11/2023 10:30:06.179392,1805,True,True,True,True,Eyes,2.578527,0.1265407,-2.280567,0.9555473,-0.01301826,-0.29455,0.0,0.0,0.0,0.0,0.0,0.0,0.0,-0.9088054,-0.8108463,-3.337261,2.589877,0.1303669,-2.428219,0.04305883,0.8538775,-0.08822528,0.5111316,11.2263,118.0948,359.027,0.7554656,0.03721666,-0.6541291,0.103718,-0.007095523,-0.2014163,4.550816,0.2086661,-1.857126,-0.2765275,0.3804,2.066383,-0.4737809,-0.01665552,-0.8804854,0.1637234,0.9807245,-0.1066497,0.8652898,-0.1946846,-0.4619217,moving,-72.86795,2.53066,-7.622148,10.43078,-10.290137766874604,6.206513458987154
05/11/2023 10:30:06.189658,1806,True,True,True,True,Eyes,2.579568,0.1268156,-2.286005,0.9538552,-0.01414578,-0.2999339,0.0,0.0,0.0,0.0,0.0,0.0,0.0,-0.8715692,-0.8382401,-3.348624,2.591524,0.1301698,-2.43775,0.04135945,0.8566794,-0.09253687,0.5057929,11.55962,118.7492,358.6697,0.7547784,0.03716872,-0.6549248,0.09749495,-0.006669791,-0.1893313,4.557701,0.2003828,-1.896981,-0.2734101,0.3784228,2.066131,-0.4849255,-0.02274542,-0.8742595,0.1644726,0.9794526,-0.1167102,0.8589504,-0.2003875,-0.4712206,moving,-72.54456,2.700241,-7.538126,10.37899,-10.255480861917029,6.257467302327123
05/11/2023 10:30:06.209818,1807,True,True,True,True,Eyes,2.580644,0.1270908,-2.291582,0.9520424,-0.01547131,-0.305575,0.0,0.0,0.0,0.0,0.0,0.0,0.0,-0.8313315,-0.8670653,-3.359208,2.593038,0.1299352,-2.446724,0.0400841,0.8595845,-0.09697139,0.5001044,11.93505,119.4466,358.3553,0.7540947,0.03712885,-0.655714,0.09164526,-0.006269604,-0.1779714,4.563858,0.1861679,-1.937315,-0.2701184,0.3763359,2.065863,-0.4965779,-0.02808026,-0.8675379,0.165903,0.9779797,-0.1266177,0.8519898,-0.2068027,-0.4809846,moving,-72.20505,2.898419,-7.449353,10.3243,-10.219761663507782,6.316811122671141
05/11/2023 10:30:06.219765,1808,True,True,True,True,Eyes,2.580644,0.1270908,-2.291582,0.9520424,-0.01547131,-0.305575,0.0,0.0,0.0,0.0,0.0,0.0,0.0,-0.7919803,-0.8933632,-3.369373,2.594564,0.1300824,-2.455466,0.03963066,0.8624352,-0.1007483,0.4944541,12.29639,120.1491,358.1658,0.7534129,0.03709613,-0.6564993,0.08614654,-0.005893428,-0.1672931,4.569051,0.1697334,-1.976171,-0.2670749,0.3744061,2.065614,-0.5078893,-0.03127307,-0.8608547,0.1679886,0.9765584,-0.1345867,0.8448838,-0.2129688,-0.49073,moving,-72.20505,2.898419,-7.367222,10.27369,-10.219761663507782,6.316811122671141
05/11/2023 10:30:06.239571,1809,True,True,True,True,Eyes,2.580644,0.1270908,-2.291582,0.9520424,-0.01547131,-0.305575,0.0,0.0,0.0,0.0,0.0,0.0,0.0,-0.7528069,-0.9143014,-3.380532,2.59631,0.1301818,-2.464322,0.0397707,0.8653492,-0.1035475,0.4887405,12.59655,120.8755,358.0984,0.7527988,0.03706666,-0.6572051,0.08097775,-0.005539822,-0.1572555,4.573473,0.1531235,-2.013387,-0.2638692,0.3723734,2.065353,-0.5191024,-0.0323846,-0.8540985,0.1700467,0.9753925,-0.1403343,0.8376259,-0.2180845,-0.5008216,moving,-72.20505,2.898419,-7.280659,10.22036,-10.219761663507782,6.316811122671141
05/11/2023 10:30:06.260158,1810,True,True,True,True,Eyes,2.581942,0.1273789,-2.297997,0.94976,-0.01770319,-0.3124782,0.0,0.0,0.0,0.0,0.0,0.0,0.0,-0.7182693,-0.9237237,-3.393214,2.598264,0.1308338,-2.472848,0.04172242,0.8682174,-0.1039816,0.4833693,12.76143,121.6029,358.3505,0.7522457,0.03704011,-0.6578397,0.07611908,-0.005207433,-0.1478202,4.577125,0.139914,-2.04874,-0.2604388,0.3701981,2.065075,-0.5292272,-0.02807479,-0.8480159,0.1729713,0.9748942,-0.1402227,0.8306624,-0.220892,-0.5110844,moving,-71.78841,3.242579,-7.187962,10.16325,-10.179261936609617,6.418956905185913
05/11/2023 10:30:06.279789,1811,True,True,True,True,Eyes,2.615098,0.1348359,-2.460989,0.8738722,-0.06994131,-0.4810983,0.0,0.0,0.0,0.0,0.0,0.0,0.0,-0.6906912,-0.9237188,-3.40672,2.600141,0.1309921,-2.481565,0.04379082,0.870756,-0.1030275,0.4788024,12.7888,122.2424,358.684,0.751672,0.03701897,-0.6584962,0.07155193,-0.004894987,-0.138951,4.580614,0.1318299,-2.079729,-0.2574154,0.3682811,2.064828,-0.5376612,-0.02239734,-0.8428633,0.1749218,0.9749354,-0.1374892,0.8248166,-0.2213578,-0.5202671,moving,-61.16562,8.271622,-7.106214,10.11289,-9.022964494315227,7.935472148971313
05/11/2023 10:30:06.289816,1812,True,True,True,True,Eyes,2.615192,0.1348352,-2.461359,0.8735911,-0.07021282,-0.4815691,0.0,0.0,0.0,0.0,0.0,0.0,0.0,-0.6659436,-0.9177994,-3.421075,2.601856,0.1317316,-2.490497,0.04556369,0.8731838,-0.101187,0.4745895,12.70656,122.8427,359.0324,0.7486818,0.03706471,-0.6618915,0.1667251,0.01776981,-0.6195899,4.583917,0.1294115,-2.108595,-0.2541766,0.3662276,2.064565,-0.5453777,-0.01647363,-0.8380286,0.1756156,0.9753703,-0.1334616,0.8195868,-0.2199578,-0.5290522,moving,-61.13415,8.29528,-7.018589,10.05891,-9.019828243823055,7.942508700152253
05/11/2023 10:30:06.309693,1813,True,True,True,True,Eyes,2.615377,0.1348366,-2.462082,0.8731781,-0.07043988,-0.4822844,0.0,0.0,0.0,0.0,0.0,0.0,0.0,-0.6450512,-0.9126769,-3.434729,2.603981,0.1319163,-2.499661,0.04692591,0.8752611,-0.09966397,0.4709387,12.63048,123.3584,359.3114,0.7461858,0.03710713,-0.6647016,0.1567216,0.01670362,-0.5824145,4.58703,0.1327001,-2.134268,-0.2510384,0.3642376,2.06431,-0.5520296,-0.0117264,-0.8337422,0.1760161,0.9757301,-0.1302655,0.8150349,-0.2186624,-0.5365679,moving,-61.08671,8.309561,-6.933628,10.00657,-9.01439429173007,7.9469062345475265
05/11/2023 10:30:06.330063,1814,True,True,True,True,Eyes,2.615646,0.1348124,-2.46315,0.8725287,-0.07082829,-0.4834015,0.0,0.0,0.0,0.0,0.0,0.0,0.0,-0.6236045,-0.9105836,-3.447354,2.606003,0.1321159,-2.508702,0.04768217,0.8772503,-0.09878784,0.467332,12.58514,123.8533,359.4907,0.7440963,0.03714614,-0.6670377,0.1473183,0.0157014,-0.5474696,4.589998,0.1385372,-2.156839,-0.2474786,0.3619805,2.064021,-0.5586542,-0.00867507,-0.8293552,0.1759918,0.9759347,-0.1287565,0.8105136,-0.2178901,-0.5436834,moving,-61.01251,8.3357,-6.837193,9.947168,-9.006020722705685,7.9548885950559445
05/11/2023 10:30:06.344849,1815,True,True,True,True,Eyes,2.616001,0.1347826,-2.464544,0.8717743,-0.07120752,-0.4847051,0.0,0.0,0.0,0.0,0.0,0.0,0.0,-0.60904,-0.9114781,-3.458148,2.608251,0.1314848,-2.517985,0.04757667,0.8786449,-0.09876309,0.4647212,12.57839,124.1977,359.5193,0.7423394,0.03718083,-0.6689905,0.1384792,0.01475932,-0.5146214,4.59326,0.1453313,-2.178756,-0.244584,0.3601451,2.063784,-0.5635417,-0.008188594,-0.8260473,0.1754006,0.9759646,-0.1293356,0.807252,-0.2177751,-0.5485604,moving,-60.92601,8.357482,-6.758734,9.898846,-8.995972096911114,7.961670470121419
05/11/2023 10:30:06.360119,1816,True,True,True,True,Eyes,2.616433,0.1347464,-2.466256,0.8707978,-0.0717438,-0.4863783,0.0,0.0,0.0,0.0,0.0,0.0,0.0,-0.5908604,-0.9151885,-3.468637,2.610453,0.1312734,-2.52714,0.04666166,0.8801652,-0.09935945,0.4618007,12.59172,124.5679,359.4347,0.7408531,0.03721102,-0.6706345,0.1301705,0.01387376,-0.4837441,4.596266,0.1498291,-2.201516,-0.2414486,0.3581572,2.063529,-0.5691257,-0.009628599,-0.8221942,0.1739085,0.9759007,-0.1318087,0.8036491,-0.2180022,-0.5537357,moving,-60.81475,8.390973,-6.673697,9.846475,-8.983227903914152,7.971983354676306
05/11/2023 10:30:06.379627,1817,True,True,True,True,Eyes,2.616947,0.1346846,-2.468285,0.8697253,-0.07229618,-0.4882121,0.0,0.0,0.0,0.0,0.0,0.0,0.0,-0.5729105,-0.9214215,-3.478309,2.612567,0.1310859,-2.536374,0.04606687,0.881632,-0.1002255,0.4588658,12.65036,124.9385,359.3686,0.7394984,0.03723554,-0.6721268,0.1223603,0.01304134,-0.4547195,4.598925,0.1507087,-2.227007,-0.2381608,0.356072,2.063262,-0.5746399,-0.01075206,-0.8183356,0.1732081,0.9756655,-0.1344469,0.7998673,-0.219001,-0.5587939,moving,-60.69273,8.423347,-6.584468,9.791499,-8.969107361476073,7.982028577462328
05/11/2023 10:30:06.394935,1818,True,True,True,True,Eyes,2.617517,0.1346048,-2.470645,0.8671882,-0.0728735,-0.4926196,0.0,0.0,0.0,0.0,0.0,0.0,0.0,-0.5554519,-0.9262322,-3.488495,2.614852,0.1304499,-2.54589,0.04602248,0.8831098,-0.1007534,0.4559033,12.70411,125.3209,359.3785,0.7382559,0.03725393,-0.6734903,0.1150186,0.01225885,-0.4274363,4.601123,0.1487817,-2.254648,-0.2349716,0.3540495,2.063003,-0.5800685,-0.01058176,-0.8144992,0.1731534,0.9754614,-0.135989,0.7959515,-0.2199162,-0.5640022,moving,-60.40059,8.414772,-6.497864,9.73815,-8.932457066208688,7.981078559137866
05/11/2023 10:30:06.410844,1819,True,True,True,True,Eyes,2.618159,0.1345191,-2.473298,0.8645591,-0.07346626,-0.4971321,0.0,0.0,0.0,0.0,0.0,0.0,0.0,-0.5341594,-0.9309447,-3.499177,2.616986,0.1301076,-2.555519,0.04542455,0.8847995,-0.1014037,0.4525303,12.74169,125.7504,359.3307,0.737111,0.03726608,-0.6747425,0.1081175,0.01152332,-0.4017901,4.602738,0.147143,-2.284806,-0.2317287,0.351994,2.06274,-0.5863057,-0.01139329,-0.8100096,0.1721598,0.9753077,-0.138332,0.7915847,-0.2205559,-0.5698671,moving,-60.10057,8.406338,-6.409748,9.683897,-8.894830483999893,7.980211035987294
05/11/2023 10:30:06.429625,1820,True,True,True,True,Eyes,2.618879,0.134406,-2.476235,0.86179,-0.07411627,-0.5018214,0.0,0.0,0.0,0.0,0.0,0.0,0.0,-0.5082872,-0.9373649,-3.509844,2.619096,0.1297491,-2.565057,0.04396594,0.8866658,-0.1025995,0.4487362,12.79134,126.2196,359.1707,0.7360504,0.0372722,-0.6758991,0.1016305,0.01083192,-0.3776827,4.603948,0.1441451,-2.314466,-0.2284856,0.3499373,2.062476,-0.5934057,-0.01411403,-0.8047797,0.1700464,0.9750807,-0.1424847,0.7867362,-0.2214011,-0.5762184,moving,-59.78771,8.401534,-6.321573,9.629586,-8.855725391492781,7.9804654156839545
05/11/2023 10:30:06.444764,1821,True,True,True,True,Eyes,2.61967,0.1342637,-2.479439,0.8588745,-0.07478877,-0.5066965,0.0,0.0,0.0,0.0,0.0,0.0,0.0,-0.4751334,-0.9440246,-3.521351,2.621375,0.1288754,-2.574612,0.04229202,0.8889216,-0.1039761,0.4440936,12.851,126.7942,358.9914,0.7350638,0.03727189,-0.676972,0.09553264,0.01018201,-0.3550218,4.60509,0.1398049,-2.344138,-0.2255382,0.3480679,2.062236,-0.6019849,-0.0171617,-0.7983235,0.1675388,0.9748007,-0.14729,0.7807339,-0.2224165,-0.58394,moving,-59.46135,8.396276,-6.241397,9.580196,-8.81492475547164,7.980659124920541
05/11/2023 10:30:06.460379,1822,True,True,True,True,Eyes,2.620528,0.1341103,-2.4829,0.8557647,-0.07553677,-0.5118211,0.0,0.0,0.0,0.0,0.0,0.0,0.0,-0.4388461,-0.9500927,-3.532914,2.623554,0.127972,-2.584054,0.04119205,0.8913708,-0.1050883,0.4389964,12.91537,127.4346,358.8929,0.7341409,0.03726476,-0.677973,0.08980069,0.009571088,-0.3337205,4.605634,0.1349711,-2.373828,-0.2221928,0.3459468,2.061964,-0.6111708,-0.01883197,-0.7912746,0.1657015,0.9745193,-0.151179,0.7739594,-0.2235116,-0.5924773,moving,-59.11694,8.395355,-6.150338,9.524118,-8.772020389706988,7.982207529447276
05/11/2023 10:30:06.479641,1823,True,True,True,True,Eyes,2.621456,0.1338774,-2.486607,0.8524822,-0.07637853,-0.5171464,0.0,0.0,0.0,0.0,0.0,0.0,0.0,-0.4025979,-0.9586337,-3.543394,2.625695,0.1275249,-2.593485,0.04064739,0.8937696,-0.1063173,0.4338439,13.02144,128.0838,358.8478,0.7332737,0.03725099,-0.6789116,0.08441264,0.008996823,-0.3136972,4.606244,0.1297819,-2.401729,-0.219092,0.3439809,2.061712,-0.6202548,-0.01959142,-0.7841558,0.164909,0.9740888,-0.1547771,0.7668697,-0.2253156,-0.6009524,moving,-58.75749,8.401408,-6.065886,9.472116,-8.727474080871996,7.9858605824851425
05/11/2023 10:30:06.495227,1824,True,True,True,True,Eyes,2.622446,0.1336043,-2.490548,0.848964,-0.07725195,-0.5227736,0.0,0.0,0.0,0.0,0.0,0.0,0.0,-0.3616631,-0.9693604,-3.553335,2.627926,0.1253629,-2.602872,0.04052735,0.896352,-0.107968,0.4280815,13.19422,128.8087,358.8356,0.7324539,0.03722883,-0.6797971,0.07934789,0.008457013,-0.2948754,4.606752,0.1253425,-2.429126,-0.2158752,0.3419408,2.06145,-0.6302076,-0.0197846,-0.7761745,0.1650917,0.973401,-0.1588566,0.7586718,-0.2282526,-0.6101784,moving,-58.37614,8.405949,-5.978229,9.418122,-8.680151612628158,7.989189994827669
05/11/2023 10:30:06.509825,1825,True,True,True,True,Eyes,2.623491,0.1332958,-2.494697,0.8452614,-0.07816287,-0.5286055,0.0,0.0,0.0,0.0,0.0,0.0,0.0,-0.3161159,-0.9731642,-3.564997,2.630051,0.1241001,-2.612203,0.03953518,0.8992403,-0.1087921,0.421863,13.23922,129.5931,358.7822,0.7316746,0.03719782,-0.6806376,0.07458701,0.007949593,-0.2771829,4.607141,0.1218241,-2.455416,-0.2125064,0.3398047,2.061176,-0.6409374,-0.02068748,-0.7673146,0.162894,0.9732025,-0.1623036,0.7501101,-0.2290173,-0.620392,moving,-57.97917,8.41116,-5.886373,9.361556,-8.630906812023964,7.992796340231907
05/11/2023 10:30:06.529660,1826,True,True,True,True,Eyes,2.624608,0.1329375,-2.499064,0.8413402,-0.07903528,-0.5346963,0.0,0.0,0.0,0.0,0.0,0.0,0.0,-0.2712566,-0.979862,-3.574796,2.632019,0.1229325,-2.621113,0.03913972,0.9019998,-0.1098387,0.4156923,13.33765,130.3716,358.7804,0.7309295,0.03715772,-0.6814399,0.07011179,0.007472617,-0.2605519,4.607087,0.1181758,-2.483271,-0.2094861,0.3378896,2.060929,-0.6513363,-0.02071019,-0.7585068,0.1619262,0.972807,-0.1656089,0.7413105,-0.2306892,-0.630271,moving,-57.56285,8.4082,-5.803978,9.310817,-8.578983377639855,7.994131729624254
05/11/2023 10:30:06.539493,1827,True,True,True,True,Eyes,2.625782,0.1325468,-2.503622,0.8372297,-0.07989285,-0.5409839,0.0,0.0,0.0,0.0,0.0,0.0,0.0,-0.2241288,-0.9817873,-3.586154,2.634491,0.121363,-2.63047,0.03831219,0.9048868,-0.110388,0.4092999,13.36417,131.1784,358.7616,0.7302133,0.03710786,-0.6822101,0.06590508,0.00702426,-0.2449188,4.606895,0.1136634,-2.510447,-0.2061316,0.3357623,2.060656,-0.6620114,-0.02102718,-0.7491986,0.1596999,0.9726934,-0.1684148,0.7322818,-0.2311395,-0.640576,moving,-57.1311,8.400757,-5.71241,9.254419,-8.524991086673591,7.994246544032051
05/11/2023 10:30:06.560606,1828,True,True,True,True,Eyes,2.627023,0.1321297,-2.50837,0.8329913,-0.08069251,-0.5473702,0.0,0.0,0.0,0.0,0.0,0.0,0.0,-0.1769297,-0.9834812,-3.596386,2.636653,0.1202054,-2.639344,0.03775154,0.9077346,-0.1107756,0.4028913,13.38713,131.9894,358.7793,0.7295212,0.03704818,-0.6829533,0.06195077,0.006602805,-0.2302237,4.606857,0.1083881,-2.534879,-0.2030271,0.3337939,2.060405,-0.6725069,-0.02072432,-0.7398008,0.1577979,0.9726071,-0.1706903,0.7230729,-0.2315293,-0.6508149,moving,-56.69053,8.386059,-5.627614,9.2022,-8.469661241801175,7.9923009035260675
05/11/2023 10:30:06.580018,1829,True,True,True,True,Eyes,2.659539,0.1210742,-2.631344,0.7071836,-0.09775638,-0.7002392,0.0,0.0,0.0,0.0,0.0,0.0,0.0,-0.1319468,-0.9817305,-3.607251,2.639137,0.1191656,-2.648437,0.03706505,0.9104602,-0.1106836,0.3967841,13.35357,132.764,358.802,0.7288504,0.03697889,-0.683673,0.05823373,0.006206636,-0.2164102,4.606613,0.1008364,-2.559339,-0.1997646,0.3317256,2.060138,-0.6823774,-0.02034244,-0.7307172,0.1553274,0.9727507,-0.1721323,0.7143072,-0.2309596,-0.6606233,moving,-45.2827,7.947371,-5.538461,9.147308,-7.035067616989064,7.925046459203831
05/11/2023 10:30:06.589733,1830,True,True,True,True,Eyes,2.659652,0.1210107,-2.631695,0.7069625,-0.09763768,-0.7004791,0.0,0.0,0.0,0.0,0.0,0.0,0.0,-0.08747602,-0.9795072,-3.61738,2.641535,0.1181259,-2.657228,0.03624606,0.9130925,-0.1105959,0.3907901,13.31461,133.5204,358.8078,0.7266809,0.03644053,-0.6860074,0.1522884,-0.02733228,-0.5723495,4.605777,0.09361701,-2.584901,-0.1966141,0.3297279,2.059882,-0.6919387,-0.02024758,-0.7216722,0.1526316,0.9729096,-0.1736394,0.7056376,-0.2302978,-0.6701034,moving,-45.26393,7.93516,-5.452316,9.094257,-7.032327764737512,7.921599170317135
05/11/2023 10:30:06.609874,1831,True,True,True,True,Eyes,2.659868,0.1208983,-2.632369,0.706443,-0.0974341,-0.7010313,0.0,0.0,0.0,0.0,0.0,0.0,0.0,-0.04500675,-0.9724543,-3.628119,2.644031,0.1165319,-2.665793,0.0351116,0.9156141,-0.1100172,0.385116,13.20941,134.2365,358.7969,0.7248738,0.03598662,-0.6879407,0.1431511,-0.02569235,-0.5380086,4.604412,0.08451618,-2.612097,-0.1934834,0.327743,2.059629,-0.700906,-0.02044142,-0.7129608,0.1490361,0.9733267,-0.1744226,0.6975093,-0.2285107,-0.6791641,moving,-45.2203,7.912667,-5.366669,9.041511,-7.026153650022132,7.915296911327791
05/11/2023 10:30:06.619900,1832,True,True,True,True,Eyes,2.66019,0.120779,-2.633376,0.7058247,-0.0970568,-0.7017061,0.0,0.0,0.0,0.0,0.0,0.0,0.0,-0.007733464,-0.9640709,-3.638375,2.646438,0.1152837,-2.674012,0.03444254,0.9178728,-0.109023,0.380049,13.0804,134.8831,358.8446,0.7233627,0.035601,-0.6895494,0.134562,-0.02415081,-0.5057281,4.603513,0.07640248,-2.636359,-0.190259,0.3256986,2.059366,-0.7087529,-0.01964038,-0.7051834,0.1460959,0.9738554,-0.1739587,0.6901633,-0.2263181,-0.6873536,moving,-45.16765,7.874927,-5.278411,8.987163,-7.018353150752252,7.904614258657103
05/11/2023 10:30:06.645796,1833,True,True,True,True,Eyes,2.660609,0.1208316,-2.634743,0.7050407,-0.09646507,-0.7025754,0.0,0.0,0.0,0.0,0.0,0.0,0.0,0.02158475,-0.9510381,-3.65018,2.649069,0.1150934,-2.682899,0.03440075,0.9198537,-0.1069108,0.3758402,12.85844,135.4384,358.9964,0.7220693,0.03526645,-0.6909208,0.1264883,-0.02270176,-0.4753844,4.603212,0.07322416,-2.658269,-0.1870056,0.3236352,2.059101,-0.7151216,-0.01707542,-0.6987916,0.14365,0.9747733,-0.1708262,0.6840803,-0.2225429,-0.6946285,moving,-45.10035,7.817948,-5.189312,8.932278,-7.008093580510308,7.888421561097095
05/11/2023 10:30:06.661872,1834,True,True,True,True,Eyes,2.661093,0.1209698,-2.636435,0.7042395,-0.09589209,-0.7034567,0.0,0.0,0.0,0.0,0.0,0.0,0.0,0.04139256,-0.9361332,-3.663137,2.651642,0.119475,-2.692796,0.0355469,0.9215511,-0.1033465,0.3725583,12.53082,135.9017,359.3257,0.7208906,0.03496559,-0.692166,0.118899,-0.02133965,-0.4468613,4.601875,0.06031339,-2.679635,-0.1837835,0.321592,2.058838,-0.7198738,-0.01148861,-0.6940103,0.1425217,0.9761119,-0.1639915,0.6793157,-0.2169647,-0.7010399,moving,-45.03186,7.762461,-5.101024,8.877902,-6.997735145763157,7.8726684362645925
05/11/2023 10:30:06.680143,1835,True,True,True,True,Eyes,2.661659,0.1210711,-2.638455,0.7032096,-0.09518101,-0.7045828,0.0,0.0,0.0,0.0,0.0,0.0,0.0,0.06261027,-0.9365442,-3.671053,2.65349,0.1218706,-2.702185,0.03802642,0.92308,-0.101789,0.3689398,12.47289,136.397,359.7122,0.7198117,0.03469709,-0.6933013,0.1117651,-0.02005927,-0.4200496,4.600986,0.06231239,-2.705355,-0.1806962,0.3196343,2.058587,-0.724875,-0.00490514,-0.688863,0.1453108,0.976386,-0.1598598,0.6733804,-0.2159776,-0.7070451,moving,-44.94411,7.693425,-5.016383,8.825772,-6.984531673930378,7.853082031338056
05/11/2023 10:30:06.694712,1836,True,True,True,True,Eyes,2.662274,0.1212825,-2.640757,0.7020261,-0.09459086,-0.7058412,0.0,0.0,0.0,0.0,0.0,0.0,0.0,0.09443402,-0.9223448,-3.682772,2.655805,0.1211177,-2.711913,0.03619762,0.9250305,-0.1003345,0.3646115,12.24081,136.9361,359.6366,0.7188201,0.03445652,-0.6943414,0.1050592,-0.01885572,-0.3948466,4.596867,0.06562691,-2.737417,-0.1774983,0.3176066,2.058326,-0.7314966,-0.006198398,-0.6818172,0.140134,0.9772455,-0.1592287,0.6672897,-0.212021,-0.7139831,moving,-44.84473,7.632818,-4.928667,8.771748,-6.9701588045573954,7.836004849149979
05/11/2023 10:30:06.710099,1837,True,True,True,True,Eyes,2.662951,0.1215036,-2.643326,0.7006069,-0.09407577,-0.7073187,0.0,0.0,0.0,0.0,0.0,0.0,0.0,0.135488,-0.9179993,-3.690248,2.657297,0.1238821,-2.720742,0.03374673,0.9272373,-0.1001542,0.3592511,12.12121,137.5847,359.4504,0.7179037,0.03424379,-0.6952993,0.09875564,-0.01772437,-0.3711559,4.593191,0.06223773,-2.771538,-0.1743252,0.3155946,2.058069,-0.7395998,-0.009378578,-0.6729818,0.1345435,0.9776606,-0.1614863,0.6594623,-0.2099806,-0.7218156,moving,-44.72687,7.576067,-4.841583,8.71811,-6.9536127919090625,7.820144939986631
05/11/2023 10:30:06.729762,1838,True,True,True,True,Eyes,2.663676,0.1217752,-2.646156,0.6990843,-0.09377149,-0.7088639,0.0,0.0,0.0,0.0,0.0,0.0,0.0,0.1678854,-0.9241848,-3.695244,2.659186,0.1243143,-2.729543,0.03397164,0.9289345,-0.1007017,0.3546632,12.19195,138.1547,359.5125,0.7170531,0.03405624,-0.6961858,0.0928303,-0.01666091,-0.3488865,4.588422,0.06071235,-2.806053,-0.1711043,0.3135524,2.057808,-0.7461202,-0.008315521,-0.6657597,0.1345452,0.9774102,-0.1629936,0.6520757,-0.2111875,-0.7281466,moving,-44.60203,7.535575,-4.753142,8.663636,-6.936734821532533,7.8090436828716765
05/11/2023 10:30:06.744745,1839,True,True,True,True,Eyes,2.664424,0.1221213,-2.649237,0.6973525,-0.09356516,-0.7105948,0.0,0.0,0.0,0.0,0.0,0.0,0.0,0.1970637,-0.926214,-3.701145,2.660845,0.1258495,-2.738474,0.03417106,0.9305501,-0.1004907,0.3504435,12.17939,138.6847,359.5992,0.7162583,0.03389244,-0.6970114,0.08726048,-0.01566126,-0.3279533,4.582835,0.05278878,-2.84111,-0.1679195,0.3115331,2.057549,-0.7520435,-0.00683682,-0.6590781,0.1340283,0.977468,-0.1630731,0.6453426,-0.2109732,-0.7341822,moving,-44.46113,7.501076,-4.665649,8.60975,-6.9180555359191525,7.799767555448371
05/11/2023 10:30:06.760228,1840,True,True,True,True,Eyes,2.665195,0.1225049,-2.652567,0.6954429,-0.09369007,-0.7124475,0.0,0.0,0.0,0.0,0.0,0.0,0.0,0.226548,-0.9374421,-3.7041,2.661926,0.1280202,-2.747405,0.03476659,0.9320567,-0.1013724,0.3461004,12.30027,139.2232,359.6856,0.7155116,0.03375191,-0.6977847,0.08202486,-0.01472158,-0.3082761,4.576247,0.04414614,-2.877879,-0.1647279,0.3095093,2.057289,-0.7580118,-0.005361214,-0.6522191,0.1349789,0.9770299,-0.1649042,0.6381216,-0.2130351,-0.7398764,moving,-44.30801,7.491667,-4.577929,8.555712,-6.898683631447004,7.797842358665385
05/11/2023 10:30:06.779699,1841,True,True,True,True,Eyes,2.66598,0.1229152,-2.656121,0.6932228,-0.09381079,-0.7145921,0.0,0.0,0.0,0.0,0.0,0.0,0.0,0.2649922,-0.9445868,-3.707259,2.662942,0.1292826,-2.756494,0.03404167,0.9339195,-0.1023796,0.3408137,12.38223,139.8636,359.6363,0.7148051,0.03363313,-0.6985142,0.07710337,-0.01383829,-0.2897796,4.568615,0.03424171,-2.916233,-0.1615312,0.3074821,2.057028,-0.7653742,-0.006200409,-0.6435555,0.1333691,0.9767191,-0.1680249,0.6296148,-0.2144324,-0.7467288,moving,-44.13037,7.478952,-4.490023,8.501557,-6.8761501699670795,7.795086331203314
05/11/2023 10:30:06.789469,1842,True,True,True,True,Eyes,2.666773,0.1233333,-2.659875,0.690758,-0.0940335,-0.7169456,0.0,0.0,0.0,0.0,0.0,0.0,0.0,0.3126172,-0.9450862,-3.710471,2.66375,0.1302524,-2.765136,0.03216136,0.9361742,-0.1030177,0.334561,12.38062,140.6138,359.4888,0.7141319,0.03353446,-0.6992071,0.07247717,-0.01300799,-0.2723928,4.5604,0.02449414,-2.953501,-0.1583576,0.3054701,2.05677,-0.7740694,-0.008714179,-0.6330412,0.1291487,0.976706,-0.1713652,0.6197885,-0.2144049,-0.7549129,moving,-43.93425,7.472176,-4.402706,8.447776,-6.851512355715239,7.794152510317729
05/11/2023 10:30:06.810121,1843,True,True,True,True,Eyes,2.667578,0.1237196,-2.663829,0.6880287,-0.09409801,-0.7195569,0.0,0.0,0.0,0.0,0.0,0.0,0.0,0.3605958,-0.9378302,-3.71461,2.664387,0.1308177,-2.773409,0.03018385,0.9385014,-0.1026626,0.3282753,12.26978,141.3739,359.3698,0.7134857,0.03345384,-0.6998705,0.06812854,-0.01222751,-0.2560492,4.552558,0.01643144,-2.988213,-0.1550909,0.3033987,2.056504,-0.7826487,-0.01074801,-0.6223711,0.1240583,0.9770987,-0.1728807,0.6099761,-0.2125151,-0.7633917,moving,-43.71686,7.450414,-4.312788,8.392381,-6.823731832581886,7.788978681176224
05/11/2023 10:30:06.830002,1844,True,True,True,True,Eyes,2.668387,0.1241006,-2.667982,0.6850912,-0.09411245,-0.7223523,0.0,0.0,0.0,0.0,0.0,0.0,0.0,0.4054217,-0.9225367,-3.720743,2.665212,0.1303962,-2.781907,0.02799964,0.9407452,-0.101378,0.3223926,12.05178,142.0885,359.2567,0.7128622,0.03338864,-0.7005084,0.06404082,-0.01149386,-0.2406863,4.544411,0.008982256,-3.022816,-0.1516474,0.3012148,2.056224,-0.7905582,-0.012686,-0.6122558,0.1180481,0.977877,-0.1726881,0.6009015,-0.2087956,-0.7715712,moving,-43.48349,7.42303,-4.217951,8.333942,-6.793776370840304,7.7822563946880745
05/11/2023 10:30:06.845199,1845,True,True,True,True,Eyes,2.669181,0.1244872,-2.67232,0.6819935,-0.09394062,-0.7253,0.0,0.0,0.0,0.0,0.0,0.0,0.0,0.4481575,-0.9004659,-3.728187,2.665802,0.1307029,-2.790605,0.02651999,0.9430327,-0.09868845,0.3166176,11.70813,142.8068,359.2701,0.7122564,0.03333697,-0.7011269,0.06019837,-0.01080423,-0.2262451,4.536687,0.006887883,-3.056826,-0.1487076,0.2993509,2.055985,-0.7980999,-0.01247459,-0.602396,0.1125114,0.9791145,-0.1693395,0.5919271,-0.2029263,-0.7800277,moving,-43.2374,7.379848,-4.13695,8.284039,-6.761715732656129,7.771013204067228
05/11/2023 10:30:06.859935,1846,True,True,True,True,Eyes,2.669961,0.124868,-2.676859,0.6787936,-0.0938231,-0.7283107,0.0,0.0,0.0,0.0,0.0,0.0,0.0,0.4791948,-0.8841196,-3.734859,2.666044,0.1312843,-2.799185,0.02591241,0.9447683,-0.09638049,0.3121734,11.43714,143.3649,359.3445,0.7116644,0.03329755,-0.7017296,0.05658647,-0.01015597,-0.2126704,4.528184,0.01270534,-3.093036,-0.1455116,0.2973245,2.055725,-0.8037527,-0.0112124,-0.5948579,0.1091373,0.9800787,-0.1659361,0.5848683,-0.1982928,-0.7865172,moving,-42.98455,7.34058,-4.048849,8.22976,-6.728942833251607,7.76094233767984
05/11/2023 10:30:06.879649,1847,True,True,True,True,Eyes,2.670712,0.1252334,-2.681584,0.6753809,-0.09363829,-0.7315001,0.0,0.0,0.0,0.0,0.0,0.0,0.0,0.5132312,-0.8685691,-3.741026,2.666228,0.1315735,-2.808381,0.02480103,0.9465614,-0.09447539,0.3073773,11.19216,143.9559,359.35,0.7110814,0.03326882,-0.7023218,0.05319128,-0.009546615,-0.1999102,4.519211,0.01391934,-3.127825,-0.1412213,0.294604,2.055376,-0.8098083,-0.01112781,-0.5865893,0.1050306,0.9809186,-0.163607,0.5772169,-0.1941001,-0.7931873,moving,-42.71573,7.29468,-3.930515,8.156841,-6.6939628851180615,7.749029642504658
05/11/2023 10:30:06.890275,1848,True,True,True,True,Eyes,2.671431,0.1255755,-2.686492,0.6717684,-0.09371772,-0.7348089,0.0,0.0,0.0,0.0,0.0,0.0,0.0,0.5521781,-0.8606398,-3.743879,2.666042,0.1315378,-2.817293,0.02333813,0.9483758,-0.09393984,0.3020166,11.08573,144.6005,359.2715,0.7105042,0.03324922,-0.7029068,0.0499998,-0.008973818,-0.1879156,4.512092,0.02087118,-3.160603,-0.1391148,0.2932689,2.055205,-0.8164828,-0.01247616,-0.5772352,0.1010094,0.9812613,-0.1640836,0.5684658,-0.1922776,-0.7999228,moving,-42.43382,7.268279,-3.872387,8.121037,-6.657997374755178,7.742848757113251
05/11/2023 10:30:06.910178,1849,True,True,True,True,Eyes,2.672097,0.1259263,-2.69155,0.6679524,-0.09389545,-0.7382568,0.0,0.0,0.0,0.0,0.0,0.0,0.0,0.5967841,-0.8610854,-3.74347,2.665687,0.1312819,-2.826317,0.02183579,0.9502466,-0.09471459,0.2959454,11.12376,145.3198,359.1497,0.709929,0.03323711,-0.7034881,0.04699982,-0.008435389,-0.1766406,4.502487,0.02496856,-3.19694,-0.1358808,0.2912182,2.054943,-0.8238788,-0.01456192,-0.5665786,0.09755948,0.9811047,-0.16708,0.5583059,-0.1929288,-0.8068907,moving,-42.13784,7.248268,-3.78311,8.066012,-6.620491385532571,7.738597803869887
05/11/2023 10:30:06.930090,1850,True,True,True,True,Eyes,2.672701,0.1262683,-2.696759,0.6639974,-0.09450178,-0.741739,0.0,0.0,0.0,0.0,0.0,0.0,0.0,0.6343397,-0.8701439,-3.74096,2.664826,0.1318203,-2.834721,0.02155557,0.951765,-0.09605017,0.2906085,11.26592,145.9561,359.1357,0.7093538,0.03323191,-0.7040683,0.04417983,-0.007929265,-0.1660422,4.493061,0.02568814,-3.231331,-0.132669,0.2891816,2.054682,-0.8301644,-0.0147943,-0.5573228,0.09685766,0.9806194,-0.1703059,0.5490411,-0.1953628,-0.8126423,moving,-41.83459,7.260692,-3.694408,8.011345,-6.5831515458332515,7.743804777781859
05/11/2023 10:30:06.940421,1851,True,True,True,True,Eyes,2.673232,0.1266169,-2.702113,0.6598354,-0.09530178,-0.7453421,0.0,0.0,0.0,0.0,0.0,0.0,0.0,0.6691527,-0.8875204,-3.736537,2.663686,0.1319695,-2.84333,0.02176647,0.9530567,-0.09841214,0.2855245,11.5378,146.5579,359.1398,0.7087749,0.03323261,-0.7046511,0.04152904,-0.00745351,-0.1560797,4.484187,0.02133372,-3.262914,-0.1295602,0.2872102,2.054429,-0.836004,-0.01470879,-0.5485261,0.0976875,0.9796825,-0.175155,0.5399578,-0.2000144,-0.8175817,moving,-41.51778,7.286481,-3.608513,7.9584,-6.544565062190651,7.752964636538394
05/11/2023 10:30:06.958749,1852,True,True,True,True,Eyes,2.673694,0.1269854,-2.707598,0.6555001,-0.09644385,-0.7490115,0.0,0.0,0.0,0.0,0.0,0.0,0.0,0.70911,-0.9049927,-3.730445,2.662233,0.1323394,-2.851853,0.02030133,0.9543919,-0.1016319,0.2799912,11.85067,147.1893,358.9367,0.7081904,0.03323876,-0.7052383,0.03903729,-0.007006299,-0.1467149,4.473866,0.01222204,-3.296263,-0.1263306,0.285162,2.054166,-0.8423857,-0.01816122,-0.5385692,0.09566291,0.9785176,-0.1826249,0.5303162,-0.2053616,-0.8225519,moving,-41.1909,7.33712,-3.519242,7.903367,-6.505545676949246,7.76939439072159
05/11/2023 10:30:06.979720,1853,True,True,True,True,Eyes,2.674091,0.1273569,-2.7132,0.6509284,-0.09766491,-0.7528304,0.0,0.0,0.0,0.0,0.0,0.0,0.0,0.7569854,-0.9215571,-3.722276,2.660718,0.1330279,-2.86016,0.01784896,0.9559017,-0.1052428,0.2736005,12.17923,147.9086,358.6245,0.7075991,0.03325024,-0.7058309,0.03669506,-0.006585921,-0.137912,4.461963,-0.001329169,-3.331035,-0.1230702,0.2830945,2.0539,-0.8496482,-0.02346526,-0.5268274,0.09171268,0.9772107,-0.1914366,0.5193135,-0.2109705,-0.8281333,moving,-40.84805,7.391716,-3.429079,7.847782,-6.464668941798249,7.787057516011157
05/11/2023 10:30:06.989742,1854,True,True,True,True,Eyes,2.67441,0.1277264,-2.718913,0.6462226,-0.09884507,-0.7567205,0.0,0.0,0.0,0.0,0.0,0.0,0.0,0.8029917,-0.9288032,-3.716039,2.659278,0.1333441,-2.868252,0.01589532,0.9574672,-0.1073148,0.2673714,12.35691,148.6242,358.4192,0.7069979,0.03326661,-0.7064325,0.03449335,-0.006190766,-0.1296373,4.449069,-0.01633586,-3.365869,-0.120163,0.2812508,2.053663,-0.8565199,-0.02694733,-0.5154102,0.08782431,0.9764617,-0.197001,0.508587,-0.2140008,-0.8339923,moving,-40.49659,7.442008,-3.348646,7.798193,-6.42257825059974,7.8035160925769524
05/11/2023 10:30:07.009585,1855,True,True,True,True,Eyes,2.674647,0.1280815,-2.724751,0.6413531,-0.09983281,-0.7607231,0.0,0.0,0.0,0.0,0.0,0.0,0.0,0.8444345,-0.9255724,-3.712608,2.657469,0.133686,-2.876317,0.01498167,0.9591025,-0.1073067,0.2615019,12.33761,149.3241,358.3937,0.7063862,0.03328725,-0.7070432,0.03242375,-0.00581932,-0.1218591,4.435701,-0.03095011,-3.40009,-0.1168743,0.279166,2.053397,-0.8627849,-0.02738393,-0.5048296,0.08485974,0.9765216,-0.1980008,0.4983991,-0.2136718,-0.8402044,moving,-40.13369,7.476434,-3.257622,7.742081,-6.3785394783416995,7.815427268113529
05/11/2023 10:30:07.029794,1856,True,True,True,True,Eyes,2.674792,0.1284132,-2.730707,0.6364543,-0.1006266,-0.7647223,0.0,0.0,0.0,0.0,0.0,0.0,0.0,0.8787928,-0.912131,-3.712842,2.655266,0.1338789,-2.884628,0.01526767,0.9607459,-0.1051533,0.2562756,12.11512,149.9759,358.5606,0.7057624,0.03331131,-0.7076647,0.03047833,-0.00547016,-0.1145475,4.422272,-0.04351553,-3.434309,-0.1137711,0.2771983,2.053144,-0.8681798,-0.02455973,-0.4956423,0.08323315,0.9774194,-0.1942257,0.4892205,-0.2098767,-0.8465316,moving,-39.76955,7.496244,-3.171693,7.689103,-6.333863655038077,7.823100282086452
05/11/2023 10:30:07.039475,1857,True,True,True,True,Eyes,2.675735,0.13605,-2.882388,0.5024258,-0.1151458,-0.8569188,0.0,0.0,0.0,0.0,0.0,0.0,0.0,0.9147803,-0.9027697,-3.711432,2.652947,0.1337237,-2.893186,0.01507232,0.9623048,-0.1039095,0.2508887,11.97871,150.6325,358.6451,0.7051252,0.03333782,-0.7082983,0.02864963,-0.005141951,-0.1076747,4.409579,-0.05131261,-3.466916,-0.1104979,0.2751227,2.052878,-0.8736554,-0.02313113,-0.4859951,0.08114779,0.9779513,-0.1924223,0.4797305,-0.2075482,-0.8525154,moving,-30.38381,7.653099,-3.081021,7.633187,-5.170657965726027,7.918138882199868
05/11/2023 10:30:07.060564,1858,True,True,True,True,Eyes,2.675643,0.1360269,-2.88275,0.5022011,-0.1151209,-0.8570538,0.0,0.0,0.0,0.0,0.0,0.0,0.0,0.9476047,-0.8889507,-3.711595,2.65049,0.1333424,-2.901938,0.01411085,0.9637467,-0.1024328,0.2459692,11.79322,151.2248,358.6424,0.7023897,0.03346676,-0.711005,0.02976163,0.01807719,-0.556257,4.39856,-0.05478412,-3.49666,-0.107193,0.2730274,2.052609,-0.8786002,-0.02319206,-0.4769947,0.07758921,0.9786168,-0.1904969,0.4712131,-0.2043803,-0.8580135,moving,-30.36869,7.650278,-2.989431,7.576713,-5.168682586651863,7.9173993417804525
05/11/2023 10:30:07.070113,1859,True,True,True,True,Eyes,2.675456,0.1359732,-2.883455,0.5016241,-0.1150962,-0.857395,0.0,0.0,0.0,0.0,0.0,0.0,0.0,0.9841722,-0.8786783,-3.709579,2.64795,0.1327451,-2.910737,0.01255305,0.9651721,-0.1018622,0.2406435,11.69317,151.8515,358.5492,0.7000709,0.0335794,-0.7132829,0.02797594,0.01699256,-0.5228816,4.388248,-0.05365492,-3.525307,-0.1040039,0.2710051,2.052349,-0.8838663,-0.02479322,-0.4670822,0.07325665,0.978933,-0.1905874,0.4619675,-0.2026706,-0.8634296,moving,-30.33003,7.645647,-2.901014,7.522179,-5.163717051061859,7.916258263902641
05/11/2023 10:30:07.090106,1860,True,True,True,True,Eyes,2.675159,0.1358697,-2.884487,0.5009841,-0.1151805,-0.8577577,0.0,0.0,0.0,0.0,0.0,0.0,0.0,1.018139,-0.8757264,-3.705969,2.645285,0.1319428,-2.919377,0.01180272,0.9664254,-0.101968,0.2355534,11.69192,152.4529,358.5239,0.698065,0.03367741,-0.7152416,0.02629738,0.01597301,-0.4915087,4.379523,-0.0531462,-3.551715,-0.1008402,0.2689991,2.052093,-0.8887507,-0.02522491,-0.4576965,0.07085068,0.9789265,-0.1915285,0.4528825,-0.2026491,-0.8682343,moving,-30.2876,7.64798,-2.813262,7.468051,-5.158512190432226,7.917159510145692
05/11/2023 10:30:07.109756,1861,True,True,True,True,Eyes,2.674747,0.1357239,-2.885833,0.5000175,-0.1153691,-0.8582963,0.0,0.0,0.0,0.0,0.0,0.0,0.0,1.048793,-0.8798637,-3.700991,2.642149,0.1306547,-2.928043,0.01154176,0.9674779,-0.1029174,0.2307839,11.79836,153.0143,358.5266,0.6962385,0.03376228,-0.7170158,0.02471954,0.01501463,-0.4620181,4.37065,-0.05350094,-3.57757,-0.09774631,0.2670373,2.051841,-0.893211,-0.02517059,-0.4489324,0.06983618,0.9785495,-0.1938134,0.444181,-0.204468,-0.8722936,moving,-30.22379,7.655608,-2.727415,7.415095,-5.150820702008356,7.919711226017702
05/11/2023 10:30:07.119462,1862,True,True,True,True,Eyes,2.674216,0.1355404,-2.887486,0.4990157,-0.1157152,-0.8588325,0.0,0.0,0.0,0.0,0.0,0.0,0.0,1.080746,-0.8865792,-3.694539,2.638765,0.1294675,-2.936632,0.01113965,0.9684965,-0.1043294,0.2258451,11.95345,153.5907,358.5036,0.6945685,0.03383419,-0.7186303,0.02323636,0.01411375,-0.4342971,4.364181,-0.0558645,-3.599551,-0.09458071,0.2650298,2.051583,-0.8977401,-0.02554714,-0.4397848,0.06870197,0.9779826,-0.1970536,0.435136,-0.2071169,-0.8762189,moving,-30.15828,7.673565,-2.639543,7.360881,-5.143258701124103,7.925271597120105
05/11/2023 10:30:07.144752,1863,True,True,True,True,Eyes,2.673561,0.1353454,-2.889423,0.4976415,-0.1161866,-0.8595659,0.0,0.0,0.0,0.0,0.0,0.0,0.0,1.11653,-0.8936155,-3.686537,2.63514,0.1283369,-2.945389,0.01016651,0.9695549,-0.1061288,0.2204466,12.13863,154.2122,358.4129,0.6930346,0.03389338,-0.7201067,0.02184218,0.01326692,-0.4082392,4.35648,-0.05859128,-3.622807,-0.09102947,0.2627784,2.051295,-0.9025999,-0.02707747,-0.4296281,0.06650544,0.9772667,-0.201313,0.4253123,-0.2102777,-0.8802799,moving,-30.06849,7.697954,-2.540925,7.300041,-5.132886614459592,7.932827929255203
05/11/2023 10:30:07.160388,1864,True,True,True,True,Eyes,2.672775,0.1350968,-2.891629,0.4960137,-0.116752,-0.8604298,0.0,0.0,0.0,0.0,0.0,0.0,0.0,1.154106,-0.9039872,-3.676394,2.631286,0.1278712,-2.953811,0.01023344,0.970668,-0.1077815,0.2146678,12.33538,154.8916,358.451,0.691619,0.03394074,-0.7214643,0.02053165,0.01247091,-0.3837449,4.348887,-0.06263751,-3.645542,-0.08800417,0.2608597,2.051047,-0.9076263,-0.02640788,-0.4189483,0.06614098,0.9765569,-0.2048464,0.4145364,-0.2136336,-0.884602,moving,-29.96225,7.727292,-2.45688,7.248175,-5.1206301855141385,7.941908254515907
05/11/2023 10:30:07.179598,1865,True,True,True,True,Eyes,2.671849,0.1348033,-2.894096,0.4940551,-0.1174295,-0.8614638,0.0,0.0,0.0,0.0,0.0,0.0,0.0,1.184528,-0.913595,-3.668083,2.627141,0.1263794,-2.96222,0.01072299,0.9715873,-0.109192,0.2097149,12.51392,155.4788,358.5348,0.6903045,0.03397603,-0.7227204,0.01929975,0.01172265,-0.3607202,4.341205,-0.06715965,-3.668647,-0.08482772,0.258846,2.050788,-0.9118096,-0.02496178,-0.4098545,0.06663503,0.9759243,-0.2076816,0.4051711,-0.2166767,-0.8881937,moving,-29.83455,7.762365,-2.368602,7.193707,-5.105891700837188,7.952767253610992
05/11/2023 10:30:07.190068,1866,True,True,True,True,Eyes,2.670757,0.1344637,-2.896818,0.4893621,-0.1176194,-0.8641126,0.0,0.0,0.0,0.0,0.0,0.0,0.0,1.219236,-0.9231042,-3.657877,2.622659,0.1250264,-2.970648,0.01098403,0.9725875,-0.1107337,0.2041841,12.7021,156.1312,358.5988,0.6890766,0.03399926,-0.7238902,0.01814177,0.01101929,-0.339077,4.33216,-0.07079624,-3.693513,-0.0815416,0.256762,2.050522,-0.9163767,-0.02385426,-0.3996064,0.06658597,0.9752348,-0.2109108,0.3947411,-0.2198819,-0.892094,moving,-29.52364,7.751227,-2.27724,7.137308,-5.066820175870888,7.9511718661825235
05/11/2023 10:30:07.209693,1867,True,True,True,True,Eyes,2.66952,0.1341023,-2.899775,0.4844824,-0.1178835,-0.8668219,0.0,0.0,0.0,0.0,0.0,0.0,0.0,1.252386,-0.9341328,-3.647213,2.61793,0.1235313,-2.978996,0.01145012,0.9735066,-0.1124037,0.1987949,12.90904,156.7682,358.6833,0.687921,0.03401043,-0.7249879,0.01705326,0.01035814,-0.3187324,4.321952,-0.07466085,-3.71967,-0.07838976,0.2547631,2.050265,-0.9206993,-0.02239702,-0.3896303,0.06698407,0.9744686,-0.214299,0.3844821,-0.2234039,-0.8956923,moving,-29.20161,7.744433,-2.189579,7.083189,-5.026507834815637,7.950896669031847
05/11/2023 10:30:07.229484,1868,True,True,True,True,Eyes,2.66814,0.133697,-2.902972,0.4794561,-0.1181214,-0.8695799,0.0,0.0,0.0,0.0,0.0,0.0,0.0,1.282602,-0.9408176,-3.638263,2.613027,0.1226957,-2.987339,0.01201654,0.9744206,-0.113255,0.1937356,13.02476,157.3726,358.7964,0.6868262,0.03401012,-0.7260252,0.01603006,0.009736648,-0.2996084,4.309478,-0.07943214,-3.748901,-0.07517576,0.2527255,2.050005,-0.9246442,-0.02046473,-0.3802817,0.06730138,0.9740578,-0.21606,0.374838,-0.2253721,-0.8992797,moving,-28.87081,7.735559,-2.100153,7.027988,-4.985035067069569,7.9500636487519
05/11/2023 10:30:07.240069,1869,True,True,True,True,Eyes,2.666613,0.1332507,-2.906388,0.4743131,-0.1183319,-0.8723672,0.0,0.0,0.0,0.0,0.0,0.0,0.0,1.309407,-0.9415473,-3.632023,2.60806,0.1212868,-2.99599,0.01256933,0.9753248,-0.1132738,0.1890838,13.04468,157.9334,358.9226,0.6857814,0.03399834,-0.7270128,0.01506826,0.009152449,-0.2816319,4.295553,-0.0844665,-3.779387,-0.07203901,0.2507366,2.04975,-0.9281787,-0.01831815,-0.3716838,0.06735485,0.9740221,-0.2162042,0.3659887,-0.2257109,-0.9028326,moving,-28.53328,7.724717,-2.012847,6.974085,-4.942659521223341,7.948694576024977
05/11/2023 10:30:07.260097,1870,True,True,True,True,Eyes,2.664937,0.1327326,-2.910016,0.4691899,-0.1184681,-0.8751149,0.0,0.0,0.0,0.0,0.0,0.0,0.0,1.332901,-0.9397084,-3.627144,2.602829,0.1199256,-3.004454,0.01309226,0.9761738,-0.1129023,0.1848421,13.01844,158.447,359.0486,0.6847768,0.03397514,-0.7279602,0.01416416,0.008603302,-0.264734,4.281067,-0.09066916,-3.809669,-0.06879985,0.2486828,2.049486,-0.9313243,-0.01617756,-0.3638322,0.06729884,0.9741633,-0.2155846,0.3579197,-0.2252646,-0.9061732,moving,-28.19784,7.70951,-1.922659,6.918398,-4.900399996531563,7.946046824323881
05/11/2023 10:30:07.272988,1871,True,True,True,True,Eyes,2.66311,0.1321908,-2.913855,0.46404,-0.1185874,-0.8778404,0.0,0.0,0.0,0.0,0.0,0.0,0.0,1.349749,-0.9371448,-3.624751,2.597476,0.1177341,-3.012993,0.01358163,0.9768457,-0.1125123,0.1814639,12.98779,158.8571,359.1591,0.6838033,0.03393982,-0.7288763,0.01331432,0.008087103,-0.24885,4.264687,-0.1009798,-3.841522,-0.06561214,0.2466611,2.049225,-0.9337731,-0.01429952,-0.3575806,0.06736816,0.974313,-0.2148852,0.3514682,-0.2247435,-0.908824,moving,-27.86162,7.693509,-1.833871,6.863558,-4.858017151746536,7.943172595945796
05/11/2023 10:30:07.294754,1872,True,True,True,True,Eyes,2.661133,0.1316203,-2.917892,0.4589442,-0.1186581,-0.8805057,0.0,0.0,0.0,0.0,0.0,0.0,0.0,1.364209,-0.9352794,-3.623059,2.591925,0.1166451,-3.021701,0.01354335,0.9774197,-0.1123547,0.1784487,12.97165,159.2157,359.1989,0.6828542,0.03389297,-0.7297677,0.01251546,0.007601877,-0.233919,4.246774,-0.1058404,-3.875239,-0.06231546,0.244571,2.048958,-0.9359456,-0.01362404,-0.3518819,0.06657417,0.974386,-0.2148018,0.3457953,-0.224469,-0.9110653,moving,-27.52979,7.675019,-1.742014,6.806825,-4.816098598476289,7.939552379748543
05/11/2023 10:30:07.310120,1873,True,True,True,True,Eyes,2.659002,0.1310068,-2.922116,0.4538707,-0.1187719,-0.8831164,0.0,0.0,0.0,0.0,0.0,0.0,0.0,1.374734,-0.9378802,-3.621528,2.586241,0.115387,-3.03035,0.01362019,0.9778235,-0.1127958,0.1759345,13.0253,159.5128,359.2323,0.6819218,0.03383498,-0.7306418,0.01176453,0.007145765,-0.2198838,4.228608,-0.1124408,-3.907609,-0.05922616,0.2426121,2.048708,-0.9377232,-0.01305305,-0.3471383,0.06632563,0.9741831,-0.2157963,0.3409931,-0.2253813,-0.9126484,moving,-27.20054,7.659851,-1.655904,6.753628,-4.774610925177436,7.936883317896839
05/11/2023 10:30:07.319800,1874,True,True,True,True,Eyes,2.602,0.1152094,-3.032344,0.3231351,-0.1197046,-0.9387516,0.0,0.0,0.0,0.0,0.0,0.0,0.0,1.383847,-0.9400249,-3.620468,2.580364,0.1137324,-3.038956,0.01335897,0.978166,-0.1134172,0.1736359,13.09233,159.7789,359.2204,0.6810002,0.03376585,-0.731504,0.01105866,0.006717019,-0.2066908,4.209858,-0.1170611,-3.941331,-0.05580229,0.2404411,2.048429,-0.9393443,-0.01325201,-0.3427197,0.06552118,0.9739161,-0.2172425,0.3366591,-0.2265209,-0.9139743,moving,-18.99438,7.266836,-1.560438,6.694648,-3.740086189954523,7.866012409127264
05/11/2023 10:30:07.339729,1875,True,True,True,True,Eyes,2.60176,0.1152649,-3.032713,0.3229441,-0.119766,-0.9388095,0.0,0.0,0.0,0.0,0.0,0.0,0.0,1.394827,-0.9446322,-3.618078,2.574408,0.1126391,-3.047638,0.01316897,0.9785182,-0.1142937,0.1710721,13.1901,160.0759,359.2154,0.677748,0.0332312,-0.7345426,-0.1606118,-0.04107818,-0.5249721,4.190772,-0.1209234,-3.973997,-0.05278099,0.2385254,2.048182,-0.9411219,-0.01333279,-0.3378046,0.06487709,0.9735271,-0.2191713,0.3317841,-0.2281827,-0.9153426,moving,-18.98287,7.270076,-1.476167,6.642581,-3.7387603653379435,7.867014037964743
05/11/2023 10:30:07.360108,1876,True,True,True,True,Eyes,2.601264,0.1154467,-3.033428,0.3225527,-0.1197889,-0.9389411,0.0,0.0,0.0,0.0,0.0,0.0,0.0,1.40347,-0.9552269,-3.615356,2.568342,0.1140998,-3.056727,0.01432089,0.9788622,-0.1148768,0.1686035,13.28095,160.3807,359.37,0.6750036,0.03277984,-0.7370855,-0.1509751,-0.03861349,-0.4934738,4.172566,-0.1227491,-4.00581,-0.04960012,0.2365086,2.047924,-0.9427359,-0.01070091,-0.3333694,0.06677362,0.9731965,-0.2200681,0.3267888,-0.2297263,-0.9167526,moving,-18.95904,7.270445,-1.387416,6.587735,-3.7358060689892953,7.867246842860567
05/11/2023 10:30:07.379505,1877,True,True,True,True,Eyes,2.600513,0.1155983,-3.034491,0.3219619,-0.1198929,-0.9391306,0.0,0.0,0.0,0.0,0.0,0.0,0.0,1.403728,-0.9749875,-3.612887,2.561615,0.1175121,-3.065669,0.01776294,0.9790747,-0.1151591,0.1668402,13.38103,160.6335,359.7854,0.6726047,0.03239122,-0.7392923,-0.1419166,-0.03629668,-0.4638653,4.154339,-0.1243788,-4.036603,-0.04640102,0.2344803,2.047663,-0.9436977,-0.003643831,-0.3307891,0.07320882,0.9728457,-0.2195716,0.3226069,-0.2314259,-0.9178056,moving,-18.92324,7.275241,-1.298128,6.532553,-3.731507885178341,7.868828424005958
05/11/2023 10:30:07.390268,1878,True,True,True,True,Eyes,2.599513,0.1158049,-3.035896,0.3208606,-0.1197599,-0.9395244,0.0,0.0,0.0,0.0,0.0,0.0,0.0,1.412549,-0.9885036,-3.608726,2.554669,0.1170749,-3.074944,0.01993239,0.9794179,-0.115867,0.1640681,13.50351,160.9878,0.06034684,0.6704161,0.03204476,-0.7412927,-0.1334016,-0.03411888,-0.4360334,4.13706,-0.1241722,-4.066045,-0.04322708,0.232467,2.047406,-0.945369,0.001024132,-0.3260015,0.07706444,0.9723551,-0.2204238,0.3167635,-0.2335049,-0.9193133,moving,-18.85575,7.264244,-1.209512,6.477747,-3.722743205679923,7.865990571018683
05/11/2023 10:30:07.410039,1879,True,True,True,True,Eyes,2.598271,0.1160474,-3.037594,0.3193073,-0.1195418,-0.9400812,0.0,0.0,0.0,0.0,0.0,0.0,0.0,1.445379,-0.9728295,-3.602928,2.547538,0.1185782,-3.084249,0.01857601,0.9805475,-0.114168,0.158579,13.28446,161.6283,0.01295432,0.6684099,0.03173758,-0.7431154,-0.1253975,-0.03207174,-0.4098714,4.121325,-0.122833,-4.092994,-0.04001057,0.2304278,2.047144,-0.9490154,0.0002200459,-0.31523,0.07263861,0.9732412,-0.2180027,0.3067469,-0.2297858,-0.9236368,moving,-18.76053,7.246901,-1.119679,6.422216,-3.7103169764948225,7.861455951544423
05/11/2023 10:30:07.429797,1880,True,True,True,True,Eyes,2.596792,0.1162487,-3.039613,0.3152755,-0.1196978,-0.9414212,0.0,0.0,0.0,0.0,0.0,0.0,0.0,1.483948,-0.966397,-3.591065,2.540307,0.1197699,-3.092614,0.01889492,0.9817069,-0.1129769,0.1520888,13.15393,162.4057,0.1608377,0.6665618,0.03146666,-0.7447851,-0.1178736,-0.03014744,-0.3852791,4.108436,-0.1171594,-4.118015,-0.03681159,0.2283997,2.046883,-0.9530242,0.002733485,-0.3028826,0.07146359,0.9737584,-0.2160731,0.2943438,-0.2275679,-0.9282107,moving,-18.51535,7.246043,-1.030309,6.366963,-3.6797673583351314,7.862499469326009
05/11/2023 10:30:07.440095,1881,True,True,True,True,Eyes,2.595101,0.1164595,-3.041928,0.3108488,-0.1197408,-0.9428867,0.0,0.0,0.0,0.0,0.0,0.0,0.0,1.521846,-0.9589181,-3.58022,2.533396,0.119123,-3.101808,0.02066352,0.9829015,-0.1109903,0.1454616,12.95563,163.2192,0.4897909,0.6648493,0.03122731,-0.7463242,-0.1108012,-0.02833859,-0.3621624,4.098471,-0.1031732,-4.141314,-0.03368974,0.2264198,2.046629,-0.9568283,0.008330751,-0.2905357,0.07291006,0.9745083,-0.2121735,0.281362,-0.2241965,-0.9330444,moving,-18.24624,7.237467,-0.9430655,6.312993,-3.6459839243501664,7.861427736608965
05/11/2023 10:30:07.460151,1882,True,True,True,True,Eyes,2.593216,0.1167176,-3.044513,0.3059975,-0.119947,-0.944446,0.0,0.0,0.0,0.0,0.0,0.0,0.0,1.564137,-0.9558476,-3.565696,2.52641,0.1197359,-3.11083,0.02231298,0.9840671,-0.1095656,0.1382368,12.8153,164.0973,0.8005027,0.6632527,0.03101657,-0.7477522,-0.1041531,-0.02663828,-0.3404327,4.086114,-0.1009049,-4.163969,-0.03041267,0.2243414,2.046363,-0.9607857,0.01362294,-0.276958,0.07420695,0.974995,-0.2094709,0.2671791,-0.2218088,-0.9377723,moving,-17.95216,7.237957,-0.8514568,6.256315,-3.6093914969196588,7.863120554879247
05/11/2023 10:30:07.479942,1883,True,True,True,True,Eyes,2.591154,0.1169965,-3.047348,0.3008184,-0.1201763,-0.9460793,0.0,0.0,0.0,0.0,0.0,0.0,0.0,1.609104,-0.9617491,-3.546876,2.51968,0.121377,-3.119452,0.02411543,0.9850973,-0.1092477,0.1306396,12.79951,165.0165,1.114547,0.6617548,0.03083274,-0.7490857,-0.09790394,-0.02503998,-0.3200067,4.072228,-0.09526162,-4.189628,-0.02723646,0.2223279,2.046104,-0.9647037,0.01896795,-0.2626545,0.07605624,0.9749668,-0.2089383,0.2521163,-0.22154,-0.9419967,moving,-17.63875,7.239262,-0.7626407,6.201379,-3.570419685597656,7.865151977025684
05/11/2023 10:30:07.494628,1884,True,True,True,True,Eyes,2.58892,0.1172976,-3.050416,0.2954631,-0.1205681,-0.9477156,0.0,0.0,0.0,0.0,0.0,0.0,0.0,1.647936,-0.9702677,-3.529564,2.513186,0.1222765,-3.12792,0.02552573,0.9858852,-0.1096219,0.1239431,12.85454,165.8223,1.36104,0.6603403,0.03067359,-0.7503394,-0.09202971,-0.02353758,-0.3008063,4.05383,-0.09013109,-4.216886,-0.02399039,0.220269,2.04584,-0.9679731,0.02315711,-0.2499837,0.07750463,0.974663,-0.2098217,0.2387909,-0.2224767,-0.9452422,moving,-17.31557,7.250202,-0.6718441,6.145182,-3.530549847038738,7.870033055170472
05/11/2023 10:30:07.510031,1885,True,True,True,True,Eyes,2.586512,0.117608,-3.053702,0.2899235,-0.1209932,-0.9493709,0.0,0.0,0.0,0.0,0.0,0.0,0.0,1.680249,-0.9831607,-3.513511,2.506672,0.1233155,-3.136238,0.02764305,0.9864978,-0.1101539,0.1180012,12.93568,166.5481,1.678218,0.6589959,0.03053717,-0.7515261,-0.08650792,-0.02212533,-0.2827579,4.038064,-0.09411255,-4.240681,-0.02093875,0.2183346,2.045592,-0.9706234,0.02854302,-0.2389058,0.0805362,0.9742039,-0.2108094,0.2267258,-0.223857,-0.9478838,moving,-16.98188,7.262947,-0.5864612,6.092354,-3.489431278588559,7.875493744816789
05/11/2023 10:30:07.529666,1886,True,True,True,True,Eyes,2.583925,0.1179304,-3.0572,0.2844012,-0.1216083,-0.9509613,0.0,0.0,0.0,0.0,0.0,0.0,0.0,1.703778,-1.001869,-3.499524,2.499972,0.1240838,-3.14452,0.03114118,0.9869205,-0.1106848,0.1129911,13.03296,167.1824,2.144443,0.6577095,0.03042141,-0.7526568,-0.08131745,-0.02079781,-0.2657924,4.023074,-0.09413682,-4.263727,-0.01769066,0.2162753,2.045328,-0.9725266,0.03645496,-0.2299201,0.08648055,0.9735582,-0.2114369,0.2161327,-0.2255116,-0.9499639,moving,-16.65019,7.287395,-0.4955561,6.03609,-3.4489481689152632,7.8843426113369315
05/11/2023 10:30:07.539914,1887,True,True,True,True,Eyes,2.58116,0.1182451,-3.060886,0.2787685,-0.1223248,-0.952536,0.0,0.0,0.0,0.0,0.0,0.0,0.0,1.720818,-1.02599,-3.48673,2.492991,0.124989,-3.15286,0.03527253,0.9871644,-0.1115737,0.1086911,13.17646,167.7422,2.671674,0.6564704,0.03032453,-0.7537417,-0.0764384,-0.01954994,-0.2498449,4.006808,-0.09826374,-4.286394,-0.01446521,0.2142304,2.045067,-0.9738843,0.04538542,-0.2224629,0.0938937,0.9726143,-0.2126156,0.2067209,-0.2279508,-0.9514753,moving,-16.3126,7.317879,-0.4052591,5.980192,-3.4079299337669977,7.894975527523933
05/11/2023 10:30:07.560138,1888,True,True,True,True,Eyes,2.578228,0.1185714,-3.064756,0.2731545,-0.1232977,-0.9540358,0.0,0.0,0.0,0.0,0.0,0.0,0.0,1.736899,-1.050305,-3.473658,2.485861,0.1253183,-3.160861,0.0385427,0.9873055,-0.1131186,0.1046259,13.3813,168.2643,3.089731,0.6552688,0.03024438,-0.7547898,-0.0718521,-0.01837694,-0.2348542,3.987379,-0.1018095,-4.311775,-0.01134706,0.2122529,2.044812,-0.9751359,0.05243656,-0.2153153,0.0997771,0.9714373,-0.2153001,0.1978757,-0.2314303,-0.9525154,moving,-15.9772,7.363978,-0.3179421,5.92612,-3.367700002311429,7.910131720626192
05/11/2023 10:30:07.580030,1889,True,True,True,True,Eyes,2.575139,0.1189002,-3.068795,0.2673304,-0.1244179,-0.9555389,0.0,0.0,0.0,0.0,0.0,0.0,0.0,1.759624,-1.069015,-3.458752,2.478795,0.1260172,-3.168868,0.03970052,0.9875082,-0.1151168,0.09999731,13.60915,168.8255,3.266852,0.6540965,0.03017958,-0.7558085,-0.06754097,-0.01727432,-0.2207629,3.964311,-0.1027687,-4.339504,-0.008054137,0.2101646,2.044544,-0.9768489,0.05538644,-0.2066367,0.1014319,0.970344,-0.2194176,0.188356,-0.2352974,-0.9534974,moving,-15.62999,7.418576,-0.2257059,5.868985,-3.3262805777092685,7.92781841452363
05/11/2023 10:30:07.589816,1890,True,True,True,True,Eyes,2.494421,0.1268112,-3.173454,0.1162669,-0.1555893,-0.9809557,0.0,0.0,0.0,0.0,0.0,0.0,0.0,1.789901,-1.084774,-3.44041,2.471805,0.1263973,-3.176649,0.03953725,0.9877588,-0.1175974,0.09455422,13.87429,169.4654,3.299013,0.652946,0.03012861,-0.7568047,-0.06348851,-0.01623786,-0.2075172,3.94094,-0.1002242,-4.366976,-0.004819036,0.2081132,2.044281,-0.9789929,0.05586786,-0.1960924,0.1003452,0.9692153,-0.2248388,0.1774946,-0.2397925,-0.954461,moving,-6.759399,9.012601,-0.1350645,5.812834,-2.274665462970833,8.437516038748335
05/11/2023 10:30:07.609639,1891,True,True,True,True,Eyes,2.494153,0.1268085,-3.173753,0.1158195,-0.1557142,-0.9809888,0.0,0.0,0.0,0.0,0.0,0.0,0.0,1.822909,-1.097792,-3.420897,2.465082,0.1263954,-3.184033,0.03899025,0.9880227,-0.1199971,0.0888353,14.12553,170.1327,3.294263,0.6488029,0.03026265,-0.7603543,-0.3018333,0.008469464,-0.5090427,3.919196,-0.09475988,-4.393554,-0.00175035,0.2061677,2.044033,-0.9811763,0.05572656,-0.1849,0.09836645,0.9681609,-0.2301922,0.1661851,-0.2440471,-0.9554183,moving,-6.733398,9.019417,-0.04906362,5.759558,-2.271653819644712,8.439632592822047
05/11/2023 10:30:07.629648,1892,True,True,True,True,Eyes,2.493634,0.1268208,-3.174348,0.115011,-0.1559053,-0.9810535,0.0,0.0,0.0,0.0,0.0,0.0,0.0,1.855239,-1.105252,-3.402785,2.458249,0.1262928,-3.191159,0.03813285,0.9883229,-0.1217848,0.08325913,14.30451,170.7784,3.259515,0.6453462,0.03038076,-0.7632855,-0.2837233,0.007961296,-0.4785001,3.897351,-0.08419201,-4.420256,0.001476705,0.2041209,2.043768,-0.9832276,0.05509574,-0.1738618,0.09565453,0.9674287,-0.2343756,0.1552858,-0.2470752,-0.9564728,moving,-6.686384,9.029717,0.0413985,5.703489,-2.2661414268170903,8.442871740755866
05/11/2023 10:30:07.644982,1893,True,True,True,True,Eyes,2.492884,0.1268221,-3.175211,0.1136884,-0.1561806,-0.9811639,0.0,0.0,0.0,0.0,0.0,0.0,0.0,1.894227,-1.107549,-3.382575,2.45157,0.1266064,-3.198491,0.0366941,0.9887278,-0.1231442,0.076853,14.42736,171.5127,3.174629,0.642449,0.03048542,-0.7657214,-0.2666999,0.007483619,-0.4497901,3.879457,-0.07595979,-4.442786,0.004749596,0.2020457,2.043502,-0.9854944,0.05363294,-0.1610107,0.09148895,0.9669781,-0.2378721,0.1429361,-0.2491523,-0.9578583,moving,-6.609444,9.044399,0.1331691,5.646614,-2.2570484040454657,8.447541267970442
05/11/2023 10:30:07.660112,1894,True,True,True,True,Eyes,2.491917,0.1268056,-3.17632,0.1120441,-0.1563917,-0.9813194,0.0,0.0,0.0,0.0,0.0,0.0,0.0,1.936616,-1.109026,-3.359866,2.445163,0.126293,-3.205363,0.03524642,0.9891163,-0.1245342,0.0699856,14.55392,172.3011,3.09709,0.6399565,0.03057837,-0.7678021,-0.2506979,0.007034602,-0.4228027,3.860181,-0.06891526,-4.466446,0.007960975,0.2000096,2.043242,-0.9877194,0.05229441,-0.1472266,0.08715682,0.9664979,-0.2414241,0.129669,-0.2512911,-0.9591865,moving,-6.513651,9.05501,0.2232374,5.590778,-2.2454740180165693,8.451127918519063
05/11/2023 10:30:07.669904,1895,True,True,True,True,Eyes,2.490739,0.1267717,-3.177663,0.1099721,-0.1566657,-0.98151,0.0,0.0,0.0,0.0,0.0,0.0,0.0,1.976202,-1.110206,-3.338039,2.438838,0.1258223,-3.211956,0.03439897,0.9894661,-0.1255178,0.06339629,14.64046,173.0651,3.090248,0.6376798,0.03066117,-0.7696908,-0.235656,0.006612525,-0.3974346,3.838416,-0.0670675,-4.490393,0.01102751,0.1980653,2.042992,-0.9895955,0.05215848,-0.1340923,0.08398793,0.966124,-0.2440297,0.1168216,-0.2527527,-0.9604526,moving,-6.392972,9.068878,0.3092639,5.537442,-2.230909254668442,8.455791658927248
05/11/2023 10:30:07.694860,1896,True,True,True,True,Eyes,2.489357,0.1267477,-3.179224,0.10766,-0.1568877,-0.9817309,0.0,0.0,0.0,0.0,0.0,0.0,0.0,2.0107,-1.117703,-3.316563,2.432471,0.1254362,-3.218558,0.03484811,0.9896902,-0.1265778,0.05724487,14.74606,173.7973,3.229841,0.6355926,0.03073439,-0.7714124,-0.2215167,0.006215774,-0.3735885,3.813537,-0.07071054,-4.515403,0.01425225,0.1960205,2.04273,-0.9910173,0.05448581,-0.1221314,0.08346953,0.9655274,-0.2465558,0.1044874,-0.2545353,-0.9614022,moving,-6.258244,9.07951,0.3997495,5.481324,-2.214488730641252,8.4595896901004
05/11/2023 10:30:07.710131,1897,True,True,True,True,Eyes,2.487776,0.1267433,-3.180993,0.1049838,-0.1572273,-0.9819664,0.0,0.0,0.0,0.0,0.0,0.0,0.0,2.041846,-1.124946,-3.296643,2.426074,0.1256837,-3.225036,0.03511915,0.9898596,-0.1276082,0.05158353,14.84775,174.4695,3.342698,0.633671,0.03079923,-0.772989,-0.2082257,0.005842828,-0.3511732,3.790411,-0.07730462,-4.537328,0.01757497,0.1939138,2.042459,-0.9922119,0.0563611,-0.1110839,0.08269101,0.9649656,-0.2490052,0.09315793,-0.2562515,-0.9621109,moving,-6.102417,9.096687,0.4930069,5.423481,-2.1956578400698747,8.465399727564684
05/11/2023 10:30:07.730008,1898,True,True,True,True,Eyes,2.48601,0.1267582,-3.182961,0.1020951,-0.1575858,-0.9822135,0.0,0.0,0.0,0.0,0.0,0.0,0.0,2.07359,-1.134615,-3.275007,2.419646,0.126162,-3.231437,0.03487122,0.9899226,-0.1293495,0.0458936,15.0281,175.139,3.3934,0.6318933,0.03085704,-0.7744405,-0.1957321,0.005492258,-0.3301028,3.767894,-0.08873416,-4.557948,0.02063704,0.1919717,2.04221,-0.9933558,0.05716699,-0.09988336,0.08091225,0.9641054,-0.2528913,0.08184107,-0.2592927,-0.9623251,moving,-5.934238,9.114826,0.5789682,5.370133,-2.1753210780130625,8.471554268856266
05/11/2023 10:30:07.739737,1899,True,True,True,True,Eyes,2.484066,0.1267838,-3.185115,0.0988523,-0.1581129,-0.9824604,0.0,0.0,0.0,0.0,0.0,0.0,0.0,2.106294,-1.141744,-3.253276,2.413335,0.1265814,-3.237846,0.03370846,0.9899454,-0.1313496,0.04023972,15.23453,175.791,3.337295,0.6302408,0.03090896,-0.775784,-0.1839882,0.005162722,-0.3102966,3.743187,-0.1015797,-4.578995,0.02385366,0.1899323,2.041949,-0.9944891,0.05616812,-0.08852544,0.07731,0.963222,-0.257345,0.07081506,-0.2627707,-0.9622563,moving,-5.745597,9.142541,0.6692879,5.314086,-2.1527533444319524,8.48059770446865
05/11/2023 10:30:07.760190,1900,True,True,True,True,Eyes,2.481951,0.1268119,-3.187436,0.09541428,-0.1586739,-0.9827099,0.0,0.0,0.0,0.0,0.0,0.0,0.0,2.140557,-1.150226,-3.22939,2.407039,0.1267975,-3.244078,0.03232579,0.9898861,-0.1337881,0.03437212,15.4913,176.4661,3.259966,0.6286961,0.03095586,-0.7770345,-0.1729489,0.004852959,-0.2916788,3.715192,-0.1147549,-4.601193,0.02710617,0.1878698,2.041684,-0.9955474,0.05480055,-0.07669856,0.07319486,0.9621117,-0.2626477,0.05939935,-0.267092,-0.9618388,moving,-5.545638,9.172138,0.7606356,5.257386,-2.1288388398165505,8.490247373625005
05/11/2023 10:30:07.779610,1901,True,True,True,True,Eyes,2.479669,0.1268487,-3.189912,0.09165525,-0.1593274,-0.9829618,0.0,0.0,0.0,0.0,0.0,0.0,0.0,2.174298,-1.154587,-3.206491,2.400693,0.1268201,-3.250048,0.03079236,0.9898518,-0.1357479,0.02859738,15.69413,177.127,3.167527,0.6272441,0.03099828,-0.7782053,-0.162572,0.004561781,-0.2741781,3.687904,-0.1228587,-4.623007,0.03028464,0.1858544,2.041425,-0.9964682,0.05319567,-0.06497435,0.06872381,0.9612487,-0.2669795,0.04825434,-0.2705019,-0.9615095,moving,-5.327083,9.206951,0.8499234,5.201955,-2.1027816652686595,8.50150989122434
05/11/2023 10:30:07.789669,1902,True,True,True,True,Eyes,2.477214,0.1268853,-3.192536,0.08711796,-0.1604258,-0.9831959,0.0,0.0,0.0,0.0,0.0,0.0,0.0,2.206753,-1.159436,-3.18363,2.394305,0.1270446,-3.255872,0.02992082,0.9898125,-0.1373097,0.02285107,15.85413,177.7945,3.155771,0.6258709,0.0310369,-0.7793085,-0.1528177,0.004288075,-0.2577274,3.661542,-0.1238281,-4.644597,0.03343219,0.1838583,2.04117,-0.9971654,0.05295664,-0.05345338,0.06550734,0.9605016,-0.2704543,0.0370197,-0.2731892,-0.961248,moving,-5.063578,9.267153,0.93836,5.147026,-2.071967345444148,8.520382739934028
05/11/2023 10:30:07.810347,1903,True,True,True,True,Eyes,2.474585,0.1269307,-3.195305,0.08231608,-0.16152,-0.9834304,0.0,0.0,0.0,0.0,0.0,0.0,0.0,2.237018,-1.165351,-3.161257,2.387646,0.1271114,-3.26172,0.02977307,0.9897578,-0.1385518,0.01722026,15.97935,178.4599,3.229837,0.6245649,0.03107208,-0.7803542,-0.1436486,0.00403079,-0.2422638,3.637097,-0.1176071,-4.665781,0.03658581,0.1818593,2.040915,-0.9976342,0.05416445,-0.042338,0.06370805,0.9598339,-0.2732401,0.02583755,-0.2752909,-0.9610139,moving,-4.784676,9.32707,1.026985,5.091994,-2.0392269148473883,8.539254000038888
05/11/2023 10:30:07.829960,1904,True,True,True,True,Eyes,2.471781,0.1269878,-3.198212,0.07698329,-0.1626241,-0.9836804,0.0,0.0,0.0,0.0,0.0,0.0,0.0,2.266695,-1.167696,-3.140125,2.380793,0.1274009,-3.267628,0.02964718,0.9897545,-0.1391833,0.01163178,16.03378,179.1193,3.307417,0.6233153,0.03110438,-0.7813514,-0.1350297,0.003788943,-0.2277279,3.611071,-0.1153028,-4.68702,0.04048437,0.1793875,2.040597,-0.9979718,0.05544895,-0.03127799,0.06192474,0.9594981,-0.2748248,0.01477243,-0.2762042,-0.9609857,moving,-4.474874,9.387351,1.136569,5.023918,-2.002651912367951,8.558393889020758
05/11/2023 10:30:07.845054,1905,True,True,True,True,Eyes,2.468807,0.1270615,-3.201256,0.07139023,-0.1636665,-0.9839293,0.0,0.0,0.0,0.0,0.0,0.0,0.0,2.298535,-1.164979,-3.118679,2.373724,0.127753,-3.273485,0.02911109,0.989801,-0.1393321,0.005755449,16.03098,179.8044,3.341742,0.622112,0.03113437,-0.7823086,-0.1269279,0.003561606,-0.2140643,3.587836,-0.110763,-4.707038,0.04313213,0.1777084,2.04038,-0.9982391,0.05602454,-0.01950572,0.05923222,0.9594783,-0.2754869,0.003281281,-0.2761571,-0.9611071,moving,-4.149895,9.444092,1.21101,4.977655,-1.9640706903798648,8.576585730034836
05/11/2023 10:30:07.859864,1906,True,True,True,True,Eyes,2.465662,0.127138,-3.204431,0.0653268,-0.1646852,-0.9841805,0.0,0.0,0.0,0.0,0.0,0.0,0.0,2.331603,-1.158376,-3.097361,2.366581,0.1282201,-3.279436,0.02810732,0.9898651,-0.1392018,-0.0002412566,15.9959,180.4949,3.322499,0.6209461,0.03116271,-0.7832332,-0.1193122,0.00334791,-0.2012204,3.562653,-0.109693,-4.72727,0.04600644,0.1758857,2.040146,-0.9984199,0.05571209,-0.00734756,0.05557775,0.9596657,-0.2755956,-0.008302804,-0.2755685,-0.9612457,moving,-3.797543,9.499425,1.291833,4.927416,-1.922035436018877,8.594512989458194
05/11/2023 10:30:07.880036,1907,True,True,True,True,Eyes,2.462356,0.127201,-3.207739,0.05897468,-0.1656827,-0.9844141,0.0,0.0,0.0,0.0,0.0,0.0,0.0,2.365655,-1.149136,-3.075649,2.359312,0.1283043,-3.285368,0.02657887,0.9898988,-0.1391186,-0.006324878,15.9674,181.1871,3.242545,0.6198097,0.03118962,-0.7841316,-0.1121535,0.003147035,-0.1891472,3.537362,-0.1127053,-4.746388,0.04955339,0.1736363,2.039857,-0.9985072,0.0543806,0.005126748,0.05086097,0.9598792,-0.2757628,-0.0199172,-0.2750903,-0.961212,moving,-3.428401,9.553679,1.391588,4.865392,-1.8778744413607682,8.612215415597063
05/11/2023 10:30:07.900188,1908,True,True,True,True,Eyes,2.458893,0.127233,-3.211159,0.05226519,-0.1667133,-0.9846193,0.0,0.0,0.0,0.0,0.0,0.0,0.0,2.404581,-1.138598,-3.050225,2.352055,0.1279772,-3.291465,0.02450779,0.9898517,-0.1393619,-0.01309327,15.97712,181.9523,3.110606,0.6186956,0.03121492,-0.78501,-0.1054243,0.002958213,-0.1777983,3.513177,-0.119642,-4.764056,0.05253512,0.1717456,2.039614,-0.9984561,0.05216755,0.01908988,0.04486873,0.9599552,-0.2765371,-0.03275169,-0.2752535,-0.9608138,moving,-3.038502,9.61004,1.475463,4.813233,-1.8311990903668804,8.630639184990399
05/11/2023 10:30:07.909840,1909,True,True,True,True,Eyes,2.455262,0.1272611,-3.214688,0.04538183,-0.1677203,-0.9847896,0.0,0.0,0.0,0.0,0.0,0.0,0.0,2.439691,-1.133272,-3.024736,2.344803,0.1272272,-3.29714,0.02317884,0.989695,-0.1399551,-0.01947637,16.02893,182.6859,3.061508,0.6175979,0.031238,-0.7858731,-0.09909883,0.00278072,-0.1671304,3.487816,-0.128342,-4.781501,0.0557043,0.1697364,2.039359,-0.998167,0.05133159,0.03206334,0.04042833,0.9597507,-0.2779284,-0.04503932,-0.2761227,-0.9600666,moving,-2.638482,9.665353,1.564623,4.757778,-1.7832292146849344,8.648811962139865
05/11/2023 10:30:07.919907,1910,True,True,True,True,Eyes,2.360226,0.1278547,-3.305672,-0.1345833,-0.1920529,-0.9721127,0.0,0.0,0.0,0.0,0.0,0.0,0.0,2.468112,-1.130196,-3.003153,2.337097,0.1271675,-3.302977,0.02249865,0.9895437,-0.1402493,-0.02504451,16.04777,183.3331,3.074942,0.6165115,0.03125899,-0.7867249,-0.0931529,0.002613877,-0.1571026,3.460384,-0.1381363,-4.799432,0.05889875,0.1677109,2.039097,-0.9977332,0.05155175,0.04325443,0.03750186,0.9596479,-0.2786925,-0.05587611,-0.2764386,-0.9594058,moving,7.882161,11.17558,1.654512,4.701859,-0.523439629930512,9.142873203713494
05/11/2023 10:30:07.945141,1911,True,True,True,True,Eyes,2.359913,0.1278472,-3.30594,-0.1350989,-0.1920631,-0.9720391,0.0,0.0,0.0,0.0,0.0,0.0,0.0,2.499568,-1.122345,-2.98034,2.329195,0.1270413,-3.308872,0.02092309,0.989374,-0.1405096,-0.03095827,16.0656,184.0063,2.98862,0.6125354,0.0312831,-0.7898235,-0.3726704,0.004237763,-0.4206288,3.431026,-0.1475527,-4.817332,0.0621267,0.1656641,2.038836,-0.9972076,0.05010139,0.05537883,0.03270165,0.9596385,-0.2793286,-0.06713841,-0.2767377,-0.9585972,moving,7.912568,11.17698,1.745357,4.645322,-0.5197006428703972,9.143440102780065
05/11/2023 10:30:07.960802,1912,True,True,True,True,Eyes,2.359303,0.1278121,-3.306464,-0.136227,-0.1921807,-0.9718584,0.0,0.0,0.0,0.0,0.0,0.0,0.0,2.537985,-1.10421,-2.955324,2.321317,0.1267147,-3.315119,0.01766277,0.9892044,-0.1405187,-0.037648,16.06176,184.7423,2.715344,0.6092027,0.03130338,-0.7923962,-0.3503101,0.003983497,-0.395391,3.404431,-0.1572808,-4.833632,0.06534761,0.1636219,2.038575,-0.9965415,0.04552468,0.06951923,0.0243637,0.959885,-0.2793333,-0.07944702,-0.2766734,-0.9576744,moving,7.979259,11.18568,1.836018,4.588887,-0.511685915072267,9.146318332932584
05/11/2023 10:30:07.979760,1913,True,True,True,True,Eyes,2.358405,0.127738,-3.307216,-0.1378556,-0.1923539,-0.9715945,0.0,0.0,0.0,0.0,0.0,0.0,0.0,2.580457,-1.086062,-2.925991,2.313591,0.1258672,-3.321319,0.01416693,0.9889005,-0.1408933,-0.04499108,16.10414,185.5534,2.427745,0.6063719,0.03131988,-0.7945638,-0.3292915,0.003744487,-0.3716676,3.375167,-0.1672332,-4.850496,0.06859076,0.1615652,2.03831,-0.9955503,0.04069724,0.08499136,0.01534148,0.9598968,-0.2799336,-0.09297545,-0.277384,-0.9562498,moving,8.075564,11.19847,1.927321,4.532034,-0.5001197534947042,9.150540496314068
05/11/2023 10:30:07.994709,1914,True,True,True,True,Eyes,2.357215,0.1276229,-3.30819,-0.1400673,-0.1926381,-0.9712217,0.0,0.0,0.0,0.0,0.0,0.0,0.0,2.618703,-1.075463,-2.896125,2.305762,0.1247808,-3.327108,0.01193456,0.9884903,-0.1415613,-0.05200884,16.17801,186.3486,2.286665,0.6037946,0.03133254,-0.7965237,-0.309534,0.003519818,-0.3493675,3.346107,-0.177925,-4.866621,0.07179588,0.1595328,2.038049,-0.9943056,0.03831926,0.09944154,0.008869503,0.9596359,-0.2811054,-0.1061994,-0.2786226,-0.9545113,moving,8.206477,11.21879,2.017567,4.475828,-0.4844940840722145,9.157131949546367
05/11/2023 10:30:08.010017,1915,True,True,True,True,Eyes,2.355742,0.1274939,-3.309391,-0.1428309,-0.1930107,-0.9707452,0.0,0.0,0.0,0.0,0.0,0.0,0.0,2.657557,-1.0681,-2.863399,2.297568,0.1236241,-3.332926,0.009799983,0.9879335,-0.142749,-0.05928098,16.31339,187.1785,2.166888,0.6014395,0.03134076,-0.798303,-0.290962,0.003308629,-0.3284055,3.31809,-0.1847029,-4.882437,0.07502955,0.1574825,2.037786,-0.9927795,0.03628806,0.1143335,0.002438866,0.9590533,-0.2832149,-0.1199292,-0.280891,-0.952217,moving,8.370176,11.24531,2.108629,4.419101,-0.4649917959661012,9.165696834889076
05/11/2023 10:30:08.029688,1916,True,True,True,True,Eyes,2.355742,0.1274939,-3.309391,-0.1428309,-0.1930107,-0.9707452,0.0,0.0,0.0,0.0,0.0,0.0,0.0,2.702658,-1.056605,-2.825648,2.28928,0.1230643,-3.339028,0.007058153,0.9872746,-0.1437913,-0.06755318,16.4375,188.1165,1.993464,0.5992783,0.03134471,-0.7999266,-0.2735043,0.003110111,-0.3087011,3.291623,-0.1886279,-4.898221,0.07823765,0.1554481,2.037524,-0.9907738,0.03336378,0.1313573,-0.005490441,0.9585485,-0.2848765,-0.1354169,-0.2829693,-0.9495215,moving,8.370176,11.24531,2.198986,4.362794,-0.4649917959661012,9.165696834889076
05/11/2023 10:30:08.039769,1917,True,True,True,True,Eyes,2.355742,0.1274939,-3.309391,-0.1428309,-0.1930107,-0.9707452,0.0,0.0,0.0,0.0,0.0,0.0,0.0,2.751282,-1.039817,-2.785018,2.281226,0.1224666,-3.344861,0.003765031,0.9865397,-0.1445469,-0.07636426,16.53658,189.1088,1.763738,0.5973294,0.03134806,-0.8013828,-0.257094,0.002923505,-0.2901791,3.266565,-0.1908112,-4.91326,0.08135819,0.1534693,2.037271,-0.988309,0.02950514,0.1495843,-0.01464773,0.958184,-0.2857775,-0.1517612,-0.2846275,-0.9465497,moving,8.370176,11.24531,2.286886,4.308003,-0.4649917959661012,9.165696834889076
05/11/2023 10:30:08.059059,1918,True,True,True,True,Eyes,2.353361,0.1272522,-3.311326,-0.1480058,-0.1940848,-0.9697553,0.0,0.0,0.0,0.0,0.0,0.0,0.0,2.801309,-1.019985,-2.742842,2.273105,0.1216086,-3.350982,0.0004088687,0.9857319,-0.1449801,-0.08551827,16.60387,190.1401,1.530952,0.5955723,0.03135092,-0.8026895,-0.2416684,0.002748094,-0.2727683,3.244603,-0.1937672,-4.927065,0.08462006,0.1514017,2.037007,-0.9853731,0.02560296,0.1684776,-0.02399082,0.9579612,-0.2858929,-0.1687147,-0.285753,-0.943335,moving,8.677622,11.31753,2.378778,4.250726,-0.429104362832326,9.188291561599797
05/11/2023 10:30:08.069983,1919,True,True,True,True,Eyes,2.350749,0.1269599,-3.313431,-0.1536707,-0.1951382,-0.9686621,0.0,0.0,0.0,0.0,0.0,0.0,0.0,2.852067,-1.00586,-2.695859,2.265182,0.1198706,-3.356825,-0.001555948,0.9847715,-0.1454659,-0.09519687,16.66633,191.2589,1.473316,0.5939281,0.03134732,-0.8039069,-0.2271683,0.002583209,-0.2564022,3.223857,-0.1962613,-4.940312,0.08793408,0.1493001,2.036737,-0.9818704,0.02463128,0.187947,-0.0307603,0.9576745,-0.286205,-0.1870416,-0.2867976,-0.9395546,moving,9.014409,11.38987,2.472152,4.192485,-0.3895683722198575,9.211075836319537
05/11/2023 10:30:08.089755,1920,True,True,True,True,Eyes,2.347921,0.1266372,-3.31571,-0.1600695,-0.1965189,-0.9673459,0.0,0.0,0.0,0.0,0.0,0.0,0.0,2.898282,-0.9895002,-2.652346,2.257036,0.1183317,-3.362419,-0.003447611,0.9838507,-0.1454543,-0.1042551,16.67421,192.3041,1.408375,0.59238,0.03133666,-0.8050487,-0.2135382,0.002428216,-0.2410181,3.205215,-0.2011719,-4.952322,0.09089655,0.1474217,2.036497,-0.9782383,0.02354483,0.2061459,-0.03711257,0.9576623,-0.2854917,-0.20414,-0.2869294,-0.9359482,moving,9.395761,11.48351,2.555631,4.140411,-0.34518812503229657,9.24028090708397
05/11/2023 10:30:08.109647,1921,True,True,True,True,Eyes,2.344899,0.1262845,-3.318178,-0.1669564,-0.1978853,-0.9659021,0.0,0.0,0.0,0.0,0.0,0.0,0.0,2.947296,-0.9759811,-2.603583,2.249156,0.1173087,-3.368274,-0.005165976,0.9827179,-0.1457968,-0.1139389,16.72219,193.4299,1.380341,0.5909129,0.03131891,-0.806127,-0.2007259,0.002282523,-0.226557,3.186941,-0.2072109,-4.963867,0.09417295,0.1453442,2.036229,-0.9739826,0.02307045,0.225446,-0.04337725,0.9574332,-0.285377,-0.2224332,-0.2877314,-0.9315226,moving,9.806691,11.57803,2.647969,4.082798,-0.29715491616354694,9.269897490496552
05/11/2023 10:30:08.120023,1922,True,True,True,True,Eyes,2.341708,0.1258998,-3.3208,-0.17428,-0.1995197,-0.9642709,0.0,0.0,0.0,0.0,0.0,0.0,0.0,2.996719,-0.9590349,-2.554629,2.24151,0.1161963,-3.37466,-0.007237944,0.9815064,-0.1459139,-0.1237011,16.75151,194.5593,1.309975,0.5895135,0.03129402,-0.8071517,-0.1886824,0.002145572,-0.2129636,3.167598,-0.2136923,-4.975546,0.09734267,0.1433343,2.035971,-0.9692913,0.02189123,0.2449391,-0.05030758,0.9573135,-0.28464,-0.2407146,-0.2882214,-0.9268144,moving,10.2449,11.69024,2.737308,4.027032,-0.2463100827409188,9.304795334190622
05/11/2023 10:30:08.140060,1923,True,True,True,True,Eyes,2.338349,0.1254631,-3.323595,-0.1819383,-0.2011023,-0.962526,0.0,0.0,0.0,0.0,0.0,0.0,0.0,3.038743,-0.9461256,-2.510773,2.234361,0.1150718,-3.380457,-0.008869506,0.9803298,-0.1462304,-0.1322556,16.80133,195.5549,1.274294,0.5881711,0.0312619,-0.8081317,-0.1773614,0.002016837,-0.2001858,3.148296,-0.2170809,-4.987577,0.1004872,0.1413402,2.035715,-0.9648597,0.02128947,0.2619021,-0.05606963,0.957076,-0.2843619,-0.2567142,-0.289054,-0.9222504,moving,10.70386,11.80115,2.825946,3.971686,-0.19283912465361475,9.33942504706061
05/11/2023 10:30:08.159539,1924,True,True,True,True,Eyes,2.334829,0.1250132,-3.32654,-0.1898835,-0.2027269,-0.9606487,0.0,0.0,0.0,0.0,0.0,0.0,0.0,3.077703,-0.9350626,-2.469232,2.227044,0.113409,-3.386903,-0.009761623,0.9791761,-0.1462273,-0.1404869,16.80451,196.5238,1.315015,0.586875,0.03122197,-0.8090751,-0.1667197,0.001895827,-0.1881746,3.130491,-0.2184684,-4.998722,0.1038104,0.1392331,2.035445,-0.9603364,0.02196931,0.2779775,-0.0602027,0.9570446,-0.2836217,-0.2722678,-0.2891072,-0.9177622,moving,11.18105,11.91636,2.91963,3.913179,-0.1372408075707685,9.375399658918347
05/11/2023 10:30:08.169759,1925,True,True,True,True,Eyes,2.331157,0.1245088,-3.329627,-0.1980051,-0.2042423,-0.9586861,0.0,0.0,0.0,0.0,0.0,0.0,0.0,3.110342,-0.9285991,-2.432224,2.219709,0.1127447,-3.392993,-0.009669767,0.9781536,-0.1458437,-0.1478237,16.74866,197.4008,1.448215,0.5856162,0.03117466,-0.8099885,-0.1567166,0.001782077,-0.1768841,3.108816,-0.2245917,-5.011038,0.1069466,0.1372451,2.035191,-0.9561096,0.02420129,0.2920092,-0.06203535,0.9572722,-0.2824563,-0.286368,-0.288174,-0.9137558,moving,11.66967,12.02672,3.008052,3.857954,-0.08005945465772246,9.41002602393866
05/11/2023 10:30:08.189955,1926,True,True,True,True,Eyes,2.235581,0.1112304,-3.410204,-0.3994635,-0.2361564,-0.8858099,0.0,0.0,0.0,0.0,0.0,0.0,0.0,3.13739,-0.9247389,-2.400609,2.21246,0.1110236,-3.399115,-0.009078342,0.9772244,-0.1454811,-0.1542249,16.68654,198.1749,1.623012,0.5843872,0.03111937,-0.8108778,-0.1473136,0.001675153,-0.1662711,3.07706,-0.2173854,-5.027982,0.1101252,0.1352291,2.034932,-0.9522644,0.02713044,0.3040661,-0.06261674,0.9575056,-0.2815351,-0.2987832,-0.2871355,-0.9100998,moving,24.2734,14.92782,3.097676,3.801935,1.3931104464039104,10.31899997407817
05/11/2023 10:30:08.209781,1927,True,True,True,True,Eyes,2.23527,0.1112552,-3.410477,-0.3998607,-0.2360091,-0.8856699,0.0,0.0,0.0,0.0,0.0,0.0,0.0,3.16284,-0.914933,-2.372655,2.205063,0.109961,-3.405254,-0.008801779,0.9764372,-0.1442134,-0.160298,16.52612,198.8979,1.736157,0.5801291,0.03067857,-0.8139463,-0.4252051,-0.03826034,-0.3980277,3.040618,-0.213299,-5.04433,0.1134214,0.1331388,2.034663,-0.9484543,0.02904545,0.3155805,-0.06342299,0.9582501,-0.2788087,-0.3105032,-0.2844524,-0.9070142,moving,24.29814,14.92118,3.190627,3.743829,1.396409494592298,10.317202061152582
05/11/2023 10:30:08.229760,1928,True,True,True,True,Eyes,2.234651,0.1113934,-3.411021,-0.4006603,-0.2358269,-0.885357,0.0,0.0,0.0,0.0,0.0,0.0,0.0,3.18419,-0.9045809,-2.350179,2.197351,0.1106417,-3.411756,-0.008589605,0.9758068,-0.1424793,-0.1656117,16.3145,199.5251,1.816898,0.5765905,0.03030894,-0.8164705,-0.3996927,-0.03596472,-0.374146,3.003811,-0.2082217,-5.061694,0.1165839,0.1311337,2.034407,-0.9449981,0.03042888,0.3256576,-0.06395606,0.9592517,-0.2752194,-0.3207623,-0.2809096,-0.904545,moving,24.3487,14.9152,3.27981,3.688067,1.4029009544952427,10.315731955891392
05/11/2023 10:30:08.245599,1929,True,True,True,True,Eyes,2.233736,0.1115428,-3.411797,-0.4017897,-0.2355334,-0.8849232,0.0,0.0,0.0,0.0,0.0,0.0,0.0,3.202991,-0.8994026,-2.329082,2.189383,0.1136496,-3.418536,-0.007487018,0.9752527,-0.1403504,-0.1706689,16.04009,200.1323,1.985841,0.5736346,0.03000105,-0.8185613,-0.3757112,-0.03380684,-0.3516972,2.96438,-0.2039502,-5.078615,0.1197884,0.1291018,2.034147,-0.9416322,0.03330344,0.3349922,-0.06251037,0.9604914,-0.2711986,-0.330789,-0.2763098,-0.9023477,moving,24.4199,14.90445,3.370185,3.631538,1.4121193170027846,10.312985396004821
05/11/2023 10:30:08.260453,1930,True,True,True,True,Eyes,2.232516,0.1116581,-3.412801,-0.4033504,-0.2352212,-0.8842961,0.0,0.0,0.0,0.0,0.0,0.0,0.0,3.219216,-0.900473,-2.307673,2.18142,0.1142029,-3.424605,-0.005993333,0.9745741,-0.1393244,-0.1753802,15.88254,200.7122,2.215812,0.5710516,0.02973647,-0.820375,-0.3531685,-0.03177843,-0.3305954,2.923399,-0.2030274,-5.094224,0.1230602,0.1270273,2.033881,-0.938412,0.03718759,0.343512,-0.06055138,0.9611056,-0.2694617,-0.3401719,-0.2736661,-0.8996612,moving,24.51896,14.89565,3.462467,3.573803,1.4247414391502433,10.310952034329148
05/11/2023 10:30:08.279983,1931,True,True,True,True,Eyes,2.231003,0.1118758,-3.414009,-0.4052138,-0.2347296,-0.8835744,0.0,0.0,0.0,0.0,0.0,0.0,0.0,3.238833,-0.8855225,-2.287113,2.172968,0.1136034,-3.430798,-0.005646413,0.9739813,-0.1368318,-0.1805712,15.57992,201.3189,2.285685,0.5686903,0.02950084,-0.8220221,-0.3319784,-0.02987172,-0.3107597,2.886302,-0.2053823,-5.107971,0.1262267,0.1250189,2.03362,-0.9347245,0.03841675,0.3532911,-0.06041474,0.9624904,-0.264504,-0.3502007,-0.2685823,-0.8973424,moving,24.63654,14.87751,3.55179,3.517889,1.4399774782604,10.30630384589404
05/11/2023 10:30:08.294120,1932,True,True,True,True,Eyes,2.231003,0.1118758,-3.414009,-0.4052138,-0.2347296,-0.8835744,0.0,0.0,0.0,0.0,0.0,0.0,0.0,3.25478,-0.8820921,-2.266526,2.164469,0.1163981,-3.436618,-0.004325483,0.9733779,-0.1347941,-0.1853303,15.30841,201.8919,2.468517,0.5665222,0.02929381,-0.8235252,-0.3120597,-0.02807942,-0.2921141,2.852014,-0.2083294,-5.120473,0.1293818,0.1230182,2.033364,-0.9312681,0.04154224,0.3619591,-0.05838356,0.9636237,-0.260808,-0.3596269,-0.2640146,-0.8949666,moving,24.63654,14.87751,3.64079,3.462165,1.4399774782604,10.30630384589404
05/11/2023 10:30:08.310911,1933,True,True,True,True,Eyes,2.231003,0.1118758,-3.414009,-0.4052138,-0.2347296,-0.8835744,0.0,0.0,0.0,0.0,0.0,0.0,0.0,3.26528,-0.8939605,-2.247277,2.155487,0.1180827,-3.442586,-0.001475414,0.9726951,-0.1340437,-0.1894591,15.14878,202.4223,2.845706,0.5645675,0.02910731,-0.8248731,-0.2933361,-0.02639465,-0.2745873,2.820967,-0.2117537,-5.13196,0.1325334,0.1210205,2.033109,-0.9282064,0.04792133,0.3689673,-0.05366184,0.9640602,-0.2602082,-0.3681763,-0.2613263,-0.8922754,moving,24.63654,14.87751,3.729694,3.406504,1.4399774782604,10.30630384589404
05/11/2023 10:30:08.319829,1934,True,True,True,True,Eyes,2.228448,0.112272,-3.415881,-0.4090003,-0.2346154,-0.8818585,0.0,0.0,0.0,0.0,0.0,0.0,0.0,3.280826,-0.8864492,-2.227806,2.146232,0.1195868,-3.448495,-0.001057662,0.9720147,-0.1323294,-0.1941014,14.93143,202.9691,2.925522,0.5628053,0.0289393,-0.8260823,-0.2757359,-0.02481098,-0.258112,2.791957,-0.2166392,-5.142561,0.1359715,0.1188401,2.032829,-0.924647,0.0493145,0.3776187,-0.05342675,0.9649757,-0.2568416,-0.3770588,-0.2576628,-0.889627,moving,24.88157,14.89824,3.826691,3.345729,1.4697954858627438,10.31361604257419
05/11/2023 10:30:08.345781,1935,True,True,True,True,Eyes,2.225632,0.112649,-3.417887,-0.4130216,-0.2345937,-0.879988,0.0,0.0,0.0,0.0,0.0,0.0,0.0,3.30155,-0.8719805,-2.202137,2.137171,0.1213143,-3.453661,-0.003251529,0.9709954,-0.1320022,-0.1993314,14.93027,203.5617,2.747121,0.5611531,0.02879763,-0.8272104,-0.2591918,-0.02332232,-0.2426253,2.764259,-0.2241738,-5.152028,0.1389263,0.1169664,2.032588,-0.9205128,0.04630989,0.387958,-0.05893877,0.9651297,-0.2550507,-0.3862411,-0.2576432,-0.8856848,moving,25.14297,14.92718,3.910054,3.293485,1.5013801832993066,10.32339885250244
05/11/2023 10:30:08.361873,1936,True,True,True,True,Eyes,2.222544,0.1129895,-3.419996,-0.4192452,-0.2361767,-0.876615,0.0,0.0,0.0,0.0,0.0,0.0,0.0,3.326395,-0.8488865,-2.172451,2.128188,0.1210559,-3.458498,-0.006940564,0.9697526,-0.1320689,-0.2051576,15.01051,204.2088,2.416734,0.5595942,0.02867922,-0.8282698,-0.2436402,-0.02192298,-0.2280678,2.734375,-0.2328059,-5.161275,0.142168,0.114911,2.032324,-0.9157243,0.04072863,0.3997375,-0.06765115,0.9650192,-0.2533005,-0.396071,-0.2589962,-0.8809363,moving,25.55968,15.07854,4.001518,3.236155,1.548255791258597,10.36955307476466
05/11/2023 10:30:08.379462,1937,True,True,True,True,Eyes,2.219213,0.1133501,-3.422213,-0.4256532,-0.2377278,-0.8731008,0.0,0.0,0.0,0.0,0.0,0.0,0.0,3.355052,-0.8186198,-2.138381,2.119269,0.120723,-3.463135,-0.01118873,0.9683589,-0.1315832,-0.2117589,15.04503,204.9372,2.021086,0.558113,0.02858086,-0.829272,-0.2290218,-0.0206076,-0.2143837,2.701549,-0.2433219,-5.170061,0.1453195,0.1129126,2.032068,-0.9100661,0.0340584,0.4130617,-0.07739723,0.9651214,-0.2501009,-0.4071727,-0.2595782,-0.8756882,moving,25.99011,15.23126,4.090434,3.180389,1.5967944226251092,10.416174598532702
05/11/2023 10:30:08.394730,1938,True,True,True,True,Eyes,2.215642,0.1136853,-3.424534,-0.4323203,-0.2392074,-0.869413,0.0,0.0,0.0,0.0,0.0,0.0,0.0,3.38351,-0.7905223,-2.102045,2.110252,0.1214108,-3.467527,-0.01471234,0.966906,-0.1306732,-0.218635,15.01848,205.7071,1.702116,0.5566969,0.0285011,-0.8302261,-0.2152805,-0.01937114,-0.2015207,2.667855,-0.253866,-5.178242,0.1485828,0.1108434,2.031804,-0.9039649,0.02868856,0.4266439,-0.08559035,0.9654161,-0.2462641,-0.4189538,-0.2591306,-0.8702468,moving,26.43911,15.38353,4.18251,3.122628,1.6476596054040185,10.462763344700367
05/11/2023 10:30:08.409757,1939,True,True,True,True,Eyes,2.211827,0.1140171,-3.426964,-0.4391996,-0.2405072,-0.8655981,0.0,0.0,0.0,0.0,0.0,0.0,0.0,3.409692,-0.7659432,-2.066568,2.101033,0.1210708,-3.471941,-0.01678869,0.965515,-0.1291235,-0.2254466,14.88687,206.4859,1.529839,0.5553339,0.02843749,-0.8311405,-0.2023637,-0.01820888,-0.1894295,2.634858,-0.2620345,-5.186165,0.1518129,0.1087951,2.03154,-0.897784,0.02580146,0.4396797,-0.09064038,0.9660905,-0.2417715,-0.4310085,-0.2569113,-0.865002,moving,26.90298,15.528,4.273654,3.065435,1.7006334760642394,10.507165258192163
05/11/2023 10:30:08.430010,1940,True,True,True,True,Eyes,2.207771,0.1143628,-3.429488,-0.4463651,-0.2417733,-0.8615705,0.0,0.0,0.0,0.0,0.0,0.0,0.0,3.437479,-0.7358614,-2.029197,2.091475,0.1212453,-3.476553,-0.01891038,0.9640754,-0.1266114,-0.2327459,14.65088,207.3163,1.33109,0.5540137,0.02838836,-0.8320227,-0.1902219,-0.01711634,-0.1780637,2.598981,-0.2679041,-5.194528,0.1549517,0.106805,2.031284,-0.8909437,0.0224745,0.4535576,-0.09539863,0.9672239,-0.2353233,-0.4439805,-0.2529285,-0.8595979,moving,27.38791,15.67514,4.362225,3.009842,1.7561408291573133,10.552453615887163
05/11/2023 10:30:08.444752,1941,True,True,True,True,Eyes,2.20349,0.1146717,-3.432097,-0.4537844,-0.2430727,-0.8573187,0.0,0.0,0.0,0.0,0.0,0.0,0.0,3.467705,-0.7029738,-1.986441,2.081806,0.1218085,-3.480854,-0.02206406,0.9623265,-0.1246898,-0.2406105,14.51315,208.2079,1.038013,0.5527267,0.02835266,-0.8328794,-0.1788086,-0.01608936,-0.1673799,2.56153,-0.2745064,-5.202079,0.1580728,0.1048258,2.03103,-0.8832396,0.01753768,0.4685941,-0.102469,0.9679313,-0.2293668,-0.4575895,-0.2506022,-0.8531182,moving,27.89256,15.82945,4.450294,2.954537,1.8138662432412205,10.599928218304397
05/11/2023 10:30:08.459938,1942,True,True,True,True,Eyes,2.199008,0.1149412,-3.434768,-0.4614217,-0.2446895,-0.8527702,0.0,0.0,0.0,0.0,0.0,0.0,0.0,3.501439,-0.6699005,-1.935264,2.072322,0.1210592,-3.484955,-0.02609214,0.9600858,-0.1240478,-0.2493325,14.54878,209.2049,0.6959543,0.5514647,0.02832815,-0.8337164,-0.16808,-0.015124,-0.1573371,2.525007,-0.2797895,-5.209114,0.1613752,0.1027316,2.030762,-0.8743051,0.01175691,0.4852346,-0.1119597,0.9678627,-0.2251818,-0.4722879,-0.2512043,-0.844891,moving,28.41718,16.01003,4.543482,2.895995,1.8732100673585452,10.655137301859867
05/11/2023 10:30:08.479784,1943,True,True,True,True,Eyes,2.082117,0.122171,-3.50286,-0.6439224,-0.285592,-0.7097895,0.0,0.0,0.0,0.0,0.0,0.0,0.0,3.533576,-0.6447769,-1.881402,2.0632,0.1202305,-3.4886,-0.03035983,0.9575562,-0.1251768,-0.2578664,14.79642,210.1933,0.3801789,0.5502211,0.0283128,-0.8345382,-0.1579952,-0.01421656,-0.1478969,2.490044,-0.2851481,-5.215625,0.1644783,0.1007639,2.030509,-0.8651664,0.006415298,0.5014438,-0.1227003,0.9668181,-0.2240701,-0.4862424,-0.2553852,-0.8356712,moving,42.21438,21.91796,4.631046,2.84097,3.395649592205775,12.443630979676147
05/11/2023 10:30:08.500290,1944,True,True,True,True,Eyes,2.081741,0.1221651,-3.502995,-0.6442876,-0.286023,-0.7092844,0.0,0.0,0.0,0.0,0.0,0.0,0.0,3.563418,-0.6339145,-1.827014,2.05492,0.1204543,-3.49293,-0.03414197,0.9548251,-0.128213,-0.2659041,15.24808,211.1471,0.1772988,0.545381,0.02849569,-0.837703,-0.4991875,0.008325825,-0.3432965,2.457004,-0.2898418,-5.221571,0.1676744,0.09873739,2.030249,-0.8562589,0.002985499,0.5165387,-0.1333839,0.9647915,-0.226685,-0.4990289,-0.2629989,-0.8257132,moving,42.25084,21.96204,4.721234,2.784281,3.3987325929323893,12.456624686636914
05/11/2023 10:30:08.509713,1945,True,True,True,True,Eyes,2.081023,0.1221884,-3.503272,-0.6450441,-0.2868237,-0.7082728,0.0,0.0,0.0,0.0,0.0,0.0,0.0,3.590209,-0.6322021,-1.769377,2.045753,0.1200479,-3.495778,-0.03734366,0.951853,-0.1325627,-0.2738769,15.83188,212.1168,0.09054481,0.5413779,0.02865366,-0.8402902,-0.4692363,0.007826275,-0.3226987,2.423826,-0.2972154,-5.226465,0.1709147,0.09668297,2.029987,-0.847194,0.001520346,0.5312817,-0.1437031,0.9620652,-0.2319052,-0.5114802,-0.2728155,-0.8148374,moving,42.32502,22.04609,4.812666,2.726788,3.4051911773681267,12.481425139928078
05/11/2023 10:30:08.519618,1946,True,True,True,True,Eyes,2.079956,0.12224,-3.503651,-0.6461221,-0.2878489,-0.7068728,0.0,0.0,0.0,0.0,0.0,0.0,0.0,3.616095,-0.6254516,-1.711761,2.036213,0.1210347,-3.498091,-0.04114207,0.948813,-0.1365,-0.2818315,16.39252,213.0769,359.9324,0.5380534,0.02879137,-0.8424182,-0.4410821,0.007356699,-0.3033368,2.391302,-0.3057832,-5.230744,0.1740488,0.09469596,2.029732,-0.8377569,-0.001132254,0.5460425,-0.1550123,0.9593502,-0.2358357,-0.523579,-0.2822162,-0.8038777,moving,42.4291,22.15687,4.901103,2.671164,3.4144891185646733,12.514146020253518
05/11/2023 10:30:08.539510,1947,True,True,True,True,Eyes,2.07856,0.1223408,-3.504134,-0.6475981,-0.2890064,-0.7050475,0.0,0.0,0.0,0.0,0.0,0.0,0.0,3.642565,-0.6106079,-1.653832,2.026943,0.1218289,-3.500419,-0.04502888,0.9457591,-0.1392169,-0.2900534,16.8252,214.0613,359.7359,0.5352756,0.02891272,-0.8441817,-0.4146172,0.006915297,-0.2851366,2.357809,-0.3164415,-5.234019,0.1773469,0.09260467,2.029464,-0.8276832,-0.004412291,0.5611787,-0.1659336,0.9571822,-0.2372097,-0.5361035,-0.2894528,-0.7929757,moving,42.568,22.28924,4.994167,2.612601,3.42740863082793,12.55332053705486
05/11/2023 10:30:08.563936,1948,True,True,True,True,Eyes,2.076862,0.1224887,-3.504707,-0.6492908,-0.2899894,-0.7030843,0.0,0.0,0.0,0.0,0.0,0.0,0.0,3.668325,-0.5878816,-1.598461,2.017875,0.1229825,-3.502906,-0.04852771,0.9428996,-0.1400197,-0.298295,17.03765,215.0389,359.5218,0.5327632,0.02902405,-0.8457658,-0.3897401,0.006500379,-0.2680284,2.325024,-0.3253629,-5.237075,0.1804529,0.09063506,2.029211,-0.8173302,-0.007979216,0.5761141,-0.1750478,0.9560791,-0.2350978,-0.5489346,-0.293,-0.7828292,moving,42.72215,22.41385,5.08181,2.557427,3.44248281436197,12.590321841285178
05/11/2023 10:30:08.569947,1949,True,True,True,True,Eyes,2.07487,0.122651,-3.505375,-0.6513109,-0.2908939,-0.7008386,0.0,0.0,0.0,0.0,0.0,0.0,0.0,3.689178,-0.5660776,-1.551827,2.009156,0.1241602,-3.505213,-0.05105197,0.9405075,-0.1397137,-0.3054821,17.09725,215.892,359.3604,0.5304617,0.02912796,-0.8472077,-0.3663557,0.006110356,-0.2519467,2.291964,-0.3324745,-5.239953,0.1837726,0.08853024,2.028941,-0.8081488,-0.01066945,0.5888819,-0.1813896,0.9557475,-0.2316126,-0.5603513,-0.2939945,-0.7743216,moving,42.90226,22.54165,5.175478,2.498444,3.4606832849837037,12.628386440184652
05/11/2023 10:30:08.589991,1950,True,True,True,True,Eyes,2.072603,0.1227934,-3.506111,-0.6534377,-0.291463,-0.698619,0.0,0.0,0.0,0.0,0.0,0.0,0.0,3.706674,-0.5506219,-1.509469,2.00027,0.1246686,-3.507775,-0.05191418,0.9384083,-0.1387195,-0.3121726,17.02347,216.7036,359.3514,0.5283441,0.02922563,-0.8485267,-0.3443744,0.005743735,-0.2368299,2.259202,-0.3381307,-5.242893,0.1868196,0.08659777,2.028693,-0.7997066,-0.01082455,0.6002938,-0.1840423,0.9561237,-0.2279387,-0.5714877,-0.2927634,-0.7666105,moving,43.08607,22.64584,5.261452,2.444272,3.4801240646412586,12.659613859036064
05/11/2023 10:30:08.610197,1951,True,True,True,True,Eyes,2.070053,0.1229036,-3.506907,-0.6557758,-0.2919003,-0.6962416,0.0,0.0,0.0,0.0,0.0,0.0,0.0,3.718502,-0.5453206,-1.475129,1.991546,0.1244113,-3.50983,-0.05086694,0.936806,-0.1373658,-0.3177069,16.83951,217.3965,359.5198,0.5263869,0.02931728,-0.849739,-0.3237119,0.005399111,-0.2226201,2.226365,-0.3411782,-5.246108,0.1900157,0.08457145,2.028433,-0.7929497,-0.008020774,0.6092341,-0.182589,0.9570864,-0.2250487,-0.5812846,-0.2896918,-0.7603858,moving,43.28566,22.74594,5.35163,2.38745,3.5016642919861027,12.689736681178609
05/11/2023 10:30:08.630028,1952,True,True,True,True,Eyes,2.067225,0.1229953,-3.507754,-0.6581563,-0.2920436,-0.6939315,0.0,0.0,0.0,0.0,0.0,0.0,0.0,3.726459,-0.5442202,-1.447505,1.982328,0.1238521,-3.511834,-0.04965945,0.9354373,-0.1364543,-0.3222907,16.69629,217.9778,359.7039,0.5245687,0.02940283,-0.8508598,-0.3042892,0.005075164,-0.2092629,2.192395,-0.3423178,-5.249285,0.1932138,0.08254382,2.028174,-0.7873253,-0.004950688,0.6165179,-0.1808625,0.9578283,-0.2232793,-0.5894129,-0.2872984,-0.7550178,moving,43.48435,22.82397,5.441855,2.330572,3.5238213383391432,12.713445308551652
05/11/2023 10:30:08.645048,1953,True,True,True,True,Eyes,2.064129,0.1230393,-3.508649,-0.6606919,-0.2921907,-0.6914557,0.0,0.0,0.0,0.0,0.0,0.0,0.0,3.734185,-0.5404015,-1.420292,1.972934,0.1235421,-3.51364,-0.04927289,0.9339826,-0.1359049,-0.3267704,16.62267,218.5385,359.8074,0.5228704,0.02948251,-0.8519019,-0.2860318,0.004770654,-0.1967071,2.158048,-0.3424336,-5.252373,0.1964789,0.08047295,2.027907,-0.7815868,-0.003220621,0.6237884,-0.1808594,0.9582041,-0.2216638,-0.5970027,-0.2860675,-0.7495022,moving,43.69664,22.90762,5.533975,2.272463,3.547485784543542,12.738857770812567
05/11/2023 10:30:08.660153,1954,True,True,True,True,Eyes,2.060782,0.1230346,-3.509571,-0.6632388,-0.2922509,-0.6889874,0.0,0.0,0.0,0.0,0.0,0.0,0.0,3.74101,-0.5396692,-1.393734,1.963549,0.1224606,-3.515446,-0.04902207,0.9324597,-0.13621,-0.3310026,16.64695,219.0765,359.9252,0.5212746,0.02955584,-0.8528768,-0.2688699,0.004484415,-0.1849047,2.123463,-0.3433632,-5.254955,0.1997489,0.07839969,2.02764,-0.7760686,-0.001250462,0.6306478,-0.181594,0.9580874,-0.2215678,-0.6039386,-0.2864736,-0.7437685,moving,43.90913,22.98542,5.626227,2.214267,3.571368322434042,12.762572362317375
05/11/2023 10:30:08.679892,1955,True,True,True,True,Eyes,2.05719,0.1229661,-3.510493,-0.6658152,-0.2923716,-0.6864467,0.0,0.0,0.0,0.0,0.0,0.0,0.0,3.744498,-0.5486037,-1.37103,1.954295,0.121324,-3.516812,-0.04815582,0.9310904,-0.1375384,-0.3344175,16.75798,219.5337,0.1385624,0.5197664,0.02962234,-0.8537945,-0.2527377,0.00421535,-0.1738104,2.08653,-0.346123,-5.256666,0.2028675,0.07642233,2.027387,-0.7716919,0.002315658,0.6359923,-0.1816653,0.9575284,-0.2239131,-0.6094992,-0.2883297,-0.7384962,moving,44.1259,23.07014,5.714199,2.158742,3.5955551259074454,12.788319188639331
05/11/2023 10:30:08.694699,1956,True,True,True,True,Eyes,2.053349,0.122886,-3.511412,-0.6683213,-0.2924677,-0.6839659,0.0,0.0,0.0,0.0,0.0,0.0,0.0,3.74352,-0.5618653,-1.356775,1.944882,0.1198707,-3.517604,-0.0469913,0.9301064,-0.1391782,-0.3366355,16.89023,219.8496,0.3766898,0.5183327,0.02968123,-0.8546637,-0.2375735,0.003962429,-0.1633818,2.050596,-0.3506493,-5.257322,0.2062872,0.07425389,2.027109,-0.7689366,0.006290827,0.6392938,-0.1811184,0.9568425,-0.2272632,-0.6131332,-0.2905389,-0.7346119,moving,44.33718,23.15183,5.81066,2.097832,3.6191585705154,12.813157113190165
05/11/2023 10:30:08.709962,1957,True,True,True,True,Eyes,2.049263,0.1227592,-3.512316,-0.6708167,-0.2926129,-0.6814563,0.0,0.0,0.0,0.0,0.0,0.0,0.0,3.741951,-0.5689978,-1.346016,1.935075,0.119639,-3.518364,-0.04629509,0.9293092,-0.1398763,-0.3386384,16.93767,220.1208,0.5204886,0.5169618,0.02973308,-0.8554918,-0.2233191,0.003724683,-0.1535789,2.017891,-0.3528377,-5.258716,0.209143,0.07244316,2.026876,-0.7663617,0.008690074,0.6423506,-0.1807799,0.9565828,-0.2286221,-0.6164482,-0.2913313,-0.7315174,moving,44.54921,23.23837,5.891211,2.046954,3.6426952091090934,12.839407502730932
05/11/2023 10:30:08.729540,1958,True,True,True,True,Eyes,2.044933,0.1225985,-3.51321,-0.6733669,-0.2926865,-0.6789047,0.0,0.0,0.0,0.0,0.0,0.0,0.0,3.740021,-0.5699835,-1.337732,1.925179,0.1184005,-3.518783,-0.04651097,0.9285466,-0.1405967,-0.3403979,17.0236,220.3489,0.559818,0.5156432,0.02977755,-0.8562857,-0.2099199,0.003501202,-0.1443641,1.982806,-0.3560541,-5.25922,0.2132108,0.06986347,2.026545,-0.763932,0.009342417,0.6452291,-0.1820928,0.9561387,-0.2294366,-0.619072,-0.2927655,-0.7287237,moving,44.76537,23.32164,6.005939,1.974443,3.66685396245862,12.864730011744633
05/11/2023 10:30:08.739935,1959,True,True,True,True,Eyes,2.04038,0.1223948,-3.514062,-0.6758887,-0.2927862,-0.676351,0.0,0.0,0.0,0.0,0.0,0.0,0.0,3.739404,-0.5634262,-1.328941,1.915057,0.1174012,-3.519296,-0.0472386,0.9277678,-0.1404462,-0.3424769,17.0352,220.599,0.5121424,0.5143667,0.02981465,-0.8570517,-0.1973247,0.00329113,-0.1357023,1.947134,-0.3585043,-5.259804,0.215607,0.0683443,2.02635,-0.7609562,0.008546287,0.6487471,-0.1838521,0.9560867,-0.2282466,-0.6222091,-0.2929592,-0.725969,moving,44.98041,23.40734,6.073516,1.931727,3.690793042293576,12.890752323048819
05/11/2023 10:30:08.759723,1960,True,True,True,True,Eyes,2.035599,0.1221501,-3.51488,-0.6785588,-0.2928386,-0.6736494,0.0,0.0,0.0,0.0,0.0,0.0,0.0,3.736863,-0.5586549,-1.323249,1.905217,0.1161395,-3.519074,-0.04791433,0.9271446,-0.1405549,-0.3440226,17.0734,220.7861,0.4711785,0.5131251,0.02984417,-0.8577946,-0.1854852,0.003093662,-0.1275602,1.908283,-0.3636399,-5.258696,0.2189221,0.06624255,2.026081,-0.7587057,0.007861102,0.6513864,-0.1855551,0.9558971,-0.2276622,-0.6244481,-0.2935967,-0.7237859,moving,45.20802,23.49481,6.166997,1.872614,3.7162384474107073,12.91735494254275
05/11/2023 10:30:08.779819,1961,True,True,True,True,Eyes,2.030584,0.1218932,-3.515646,-0.6811742,-0.2928531,-0.6709984,0.0,0.0,0.0,0.0,0.0,0.0,0.0,3.733876,-0.5573851,-1.31715,1.895004,0.1149196,-3.518969,-0.04783136,0.9265559,-0.1404444,-0.3456614,17.05719,220.9931,0.5067665,0.5119106,0.02986597,-0.8585191,-0.1743561,0.002908042,-0.1199065,1.870371,-0.3695048,-5.256752,0.2220844,0.06423718,2.025824,-0.7564608,0.008455576,0.6539845,-0.1857293,0.9559751,-0.2271923,-0.6271139,-0.2933261,-0.7215872,moving,45.43117,23.57857,6.256166,1.816193,3.741251170238564,12.94285660895626
05/11/2023 10:30:08.789957,1962,True,True,True,True,Eyes,2.025327,0.1216053,-3.516366,-0.6839467,-0.2927985,-0.668196,0.0,0.0,0.0,0.0,0.0,0.0,0.0,3.727568,-0.5614169,-1.316633,1.884407,0.1144167,-3.518436,-0.04715181,0.9262842,-0.1403628,-0.3465151,17.02023,221.1098,0.5946427,0.5107166,0.02988062,-0.8592293,-0.1638948,0.00273356,-0.1127122,1.831143,-0.3774988,-5.253565,0.2252783,0.06221217,2.025563,-0.7554082,0.009923732,0.6551796,-0.1846276,0.9561499,-0.2273541,-0.6287061,-0.2927094,-0.7204513,moving,45.66739,23.66268,6.346219,1.759202,3.7678793560622363,12.968528831081608
05/11/2023 10:30:08.810233,1963,True,True,True,True,Eyes,2.019844,0.1212981,-3.517026,-0.6866816,-0.2927549,-0.6654044,0.0,0.0,0.0,0.0,0.0,0.0,0.0,3.721919,-0.5606396,-1.315969,1.873388,0.113368,-3.518001,-0.04717429,0.9259267,-0.1402772,-0.3475008,17.01122,221.2331,0.6071525,0.5095374,0.0298882,-0.8599288,-0.1540611,0.002569546,-0.1059494,1.788387,-0.3846848,-5.249256,0.228409,0.06022698,2.025309,-0.7540358,0.01013297,0.6567554,-0.1848527,0.9561938,-0.2269865,-0.6302856,-0.2925589,-0.7191312,moving,45.90156,23.74784,6.434479,1.703313,3.7942176712505704,12.994495180032743
05/11/2023 10:30:08.829706,1964,True,True,True,True,Eyes,2.014138,0.1209707,-3.517616,-0.6896232,-0.2926364,-0.6624077,0.0,0.0,0.0,0.0,0.0,0.0,0.0,3.717998,-0.5568203,-1.310878,1.8625,0.1125832,-3.517154,-0.04764024,0.9253418,-0.1402077,-0.3490199,17.02176,221.4179,0.581454,0.5083674,0.02988904,-0.8606209,-0.1448174,0.002415373,-0.09959246,1.744045,-0.3913796,-5.243612,0.2317166,0.05812973,2.02504,-0.7518313,0.009703557,0.6592843,-0.1860376,0.9561444,-0.2262254,-0.6325662,-0.2927349,-0.717054,moving,46.15317,23.83473,6.527717,1.644251,3.8226698756660653,13.021055897306926
05/11/2023 10:30:08.840033,1965,True,True,True,True,Eyes,2.008204,0.1206268,-3.51812,-0.6925465,-0.2925048,-0.659409,0.0,0.0,0.0,0.0,0.0,0.0,0.0,3.712394,-0.5566387,-1.308123,1.851515,0.1117496,-3.516006,-0.04773426,0.9248863,-0.1403489,-0.3501557,17.04018,221.5623,0.5987001,0.5072024,0.02988346,-0.8613083,-0.1361284,0.002270451,-0.09361692,1.698704,-0.3972009,-5.237504,0.2348793,0.05612433,2.024784,-0.7502249,0.009990382,0.6611073,-0.1865854,0.9560472,-0.2261846,-0.6343095,-0.2930423,-0.7153865,moving,46.40408,23.92142,6.616861,1.587757,3.8510415453820874,13.047554840968456
05/11/2023 10:30:08.859867,1966,True,True,True,True,Eyes,2.002044,0.1202778,-3.51855,-0.6957901,-0.2924085,-0.6560286,0.0,0.0,0.0,0.0,0.0,0.0,0.0,3.708154,-0.5557233,-1.299947,1.84016,0.1110289,-3.514338,-0.0476097,0.9242063,-0.1402374,-0.352008,17.02174,221.7975,0.6427832,0.5060384,0.02987179,-0.8619931,-0.1279607,0.002134224,-0.0879999,1.651132,-0.4030604,-5.229733,0.2380301,0.0541262,2.024527,-0.7476476,0.01072702,0.6640094,-0.1867318,0.9561336,-0.2256986,-0.6373027,-0.2927346,-0.712848,moving,46.68477,24.02374,6.705661,1.531451,3.882604208088349,13.078749977233066
05/11/2023 10:30:08.880033,1967,True,True,True,True,Eyes,1.99569,0.1198888,-3.518898,-0.699133,-0.2923201,-0.6525043,0.0,0.0,0.0,0.0,0.0,0.0,0.0,3.70971,-0.5455832,-1.279357,1.828746,0.110512,-3.51281,-0.04863067,0.9228306,-0.1399859,-0.3555602,17.03458,222.2305,0.5867397,0.5048717,0.02985465,-0.8626776,-0.120283,0.00200617,-0.08271991,1.605336,-0.407249,-5.221899,0.2418196,0.0517233,2.02422,-0.7424242,0.009791093,0.6698588,-0.1893025,0.956078,-0.2237842,-0.6426283,-0.2929488,-0.707962,moving,46.9758,24.13224,6.812448,1.463716,3.9152499550262325,13.11179439243562
05/11/2023 10:30:08.895102,1968,True,True,True,True,Eyes,1.989164,0.1194551,-3.519158,-0.702777,-0.2922538,-0.6486079,0.0,0.0,0.0,0.0,0.0,0.0,0.0,3.713851,-0.5322305,-1.252038,1.817904,0.1091388,-3.510965,-0.04965932,0.9211354,-0.1394977,-0.3599776,17.02237,222.7711,0.5360695,0.5036997,0.02983172,-0.8633632,-0.113066,0.0018858,-0.07775671,1.558669,-0.4115085,-5.212844,0.2444713,0.05004209,2.024003,-0.7359,0.008946176,0.6770309,-0.191918,0.9561487,-0.22124,-0.6493215,-0.292745,-0.7019129,moving,47.29542,24.25567,6.887165,1.416311,3.9509616748664698,13.149325435854122
05/11/2023 10:30:08.909542,1969,True,True,True,True,Eyes,1.982456,0.1190155,-3.519328,-0.7064204,-0.2921433,-0.6446878,0.0,0.0,0.0,0.0,0.0,0.0,0.0,3.713863,-0.5277029,-1.232811,1.807382,0.1076501,-3.508967,-0.04966118,0.9198973,-0.1393142,-0.3632001,17.0007,223.1789,0.5890532,0.5025198,0.02980254,-0.8640515,-0.1062821,0.001772652,-0.07309131,1.512088,-0.41558,-5.203406,0.2474495,0.04815319,2.02376,-0.731239,0.009831487,0.6820505,-0.1925642,0.9562507,-0.2202356,-0.6543766,-0.2923834,-0.6973546,moving,47.61605,24.37788,6.971077,1.363034,3.9868394149305724,13.18650749864637
05/11/2023 10:30:08.929788,1970,True,True,True,True,Eyes,1.975556,0.1186011,-3.519408,-0.710219,-0.291941,-0.6405931,0.0,0.0,0.0,0.0,0.0,0.0,0.0,3.710851,-0.5325046,-1.217508,1.796387,0.1071582,-3.506823,-0.0486043,0.9189134,-0.1393916,-0.365795,16.96191,223.5254,0.7578486,0.5013305,0.02976772,-0.8647433,-0.09990516,0.001666293,-0.06870583,1.470578,-0.4202826,-5.19416,0.2505327,0.04619822,2.023509,-0.7276635,0.0126512,0.6858178,-0.1913038,0.9564152,-0.2206191,-0.6587176,-0.2917359,-0.6935282,moving,47.95063,24.50044,7.057934,1.307878,4.024442164972268,13.223864756885606
05/11/2023 10:30:08.939621,1971,True,True,True,True,Eyes,1.798252,0.1099451,-3.518959,-0.7982739,-0.2808513,-0.5328053,0.0,0.0,0.0,0.0,0.0,0.0,0.0,3.705639,-0.5444907,-1.205164,1.784984,0.1074858,-3.5047,-0.04652745,0.918145,-0.1394304,-0.3679733,16.8745,223.8323,1.028415,0.5001296,0.02972855,-0.8654398,-0.09391085,0.001566315,-0.06458348,1.429733,-0.4237539,-5.18569,0.2538635,0.04408637,2.023239,-0.724862,0.01717546,0.6886802,-0.1880512,0.9567887,-0.221793,-0.6627309,-0.2902764,-0.6903099,moving,56.279,27.79453,7.151745,1.248277,4.952414606387064,14.224427208785283
05/11/2023 10:30:08.959893,1972,True,True,True,True,Eyes,1.797773,0.1099158,-3.51886,-0.7985055,-0.2806955,-0.5325401,0.0,0.0,0.0,0.0,0.0,0.0,0.0,3.698807,-0.5637702,-1.192976,1.773323,0.1089757,-3.502234,-0.04341071,0.9174663,-0.1394629,-0.3700286,16.74014,224.1374,1.409459,0.4945141,0.02950069,-0.8686685,-0.6201876,-0.0244958,-0.05936093,1.392009,-0.4237397,-5.178319,0.257057,0.04206148,2.022979,-0.7223889,0.02355481,0.6910859,-0.1828663,0.9573312,-0.2237787,-0.6668692,-0.2880315,-0.6872579,moving,56.29985,27.79317,7.241682,1.191114,4.955055036570726,14.224142175057128
05/11/2023 10:30:08.969708,1973,True,True,True,True,Eyes,1.796838,0.1099551,-3.518656,-0.7988701,-0.2803633,-0.5321681,0.0,0.0,0.0,0.0,0.0,0.0,0.0,3.69163,-0.5794765,-1.182575,1.761416,0.1084252,-3.499724,-0.04044802,0.916821,-0.1393407,-0.3720045,16.5944,224.4275,1.764173,0.4898522,0.0293085,-0.8713124,-0.5829763,-0.02302605,-0.05579927,1.357789,-0.4243637,-5.172141,0.2602302,0.04004908,2.02272,-0.7199531,0.02950353,0.6933951,-0.1778379,0.9578963,-0.2254072,-0.6708509,-0.2855946,-0.6843936,moving,56.33039,27.78171,7.331038,1.134286,4.959235278134595,14.220975043971102
05/11/2023 10:30:08.989791,1974,True,True,True,True,Eyes,1.795455,0.1100619,-3.518339,-0.7993745,-0.2800438,-0.5315787,0.0,0.0,0.0,0.0,0.0,0.0,0.0,3.684698,-0.591613,-1.172452,1.749619,0.110273,-3.496902,-0.03778126,0.9162483,-0.1384223,-0.3740335,16.3749,224.7077,2.049669,0.485965,0.02914792,-0.8734918,-0.5479978,-0.02164449,-0.05245132,1.3248,-0.4212613,-5.167106,0.263454,0.03800493,2.022457,-0.7173432,0.03431508,0.6958746,-0.1727832,0.9588237,-0.2253954,-0.6749555,-0.2819212,-0.6818766,moving,56.37636,27.78094,7.421803,1.076545,4.964983292119014,14.22099379818895
05/11/2023 10:30:09.010072,1975,True,True,True,True,Eyes,1.793627,0.1101493,-3.517921,-0.8000067,-0.2796604,-0.530829,0.0,0.0,0.0,0.0,0.0,0.0,0.0,3.675829,-0.6069273,-1.165533,1.737522,0.112146,-3.493851,-0.03520952,0.9157786,-0.1381538,-0.3755308,16.22924,224.9281,2.344265,0.4827045,0.02901564,-0.8753021,-0.5151179,-0.02034582,-0.04930424,1.294351,-0.4148311,-5.163945,0.26673,0.03592801,2.022192,-0.7154736,0.03927376,0.6975348,-0.1682502,0.9593477,-0.226592,-0.6780774,-0.2794811,-0.6797801,moving,56.43451,27.78192,7.514019,1.017859,4.972189742649561,14.221584996058855
05/11/2023 10:30:09.019511,1976,True,True,True,True,Eyes,1.791379,0.1102553,-3.517409,-0.8007784,-0.2793657,-0.5298196,0.0,0.0,0.0,0.0,0.0,0.0,0.0,3.671692,-0.6078387,-1.150691,1.725123,0.1118365,-3.490891,-0.03436182,0.9147413,-0.1377027,-0.3782931,16.13624,225.2848,2.465291,0.4798612,0.02890381,-0.8768679,-0.4842108,-0.01912507,-0.04634598,1.26432,-0.4034404,-5.161832,0.2698568,0.03394508,2.021937,-0.7114276,0.04131955,0.701544,-0.1670483,0.9597145,-0.225927,-0.6826171,-0.2779223,-0.6758649,moving,56.51015,27.80199,7.602026,0.961814,4.980942997431094,14.227812422828709
05/11/2023 10:30:09.039751,1977,True,True,True,True,Eyes,1.788762,0.1104067,-3.516805,-0.8016511,-0.2790898,-0.528644,0.0,0.0,0.0,0.0,0.0,0.0,0.0,3.671838,-0.588176,-1.133282,1.712987,0.1122997,-3.487943,-0.03590794,0.9135029,-0.1359104,-0.3817741,16.00531,225.6823,2.275778,0.4772584,0.02880665,-0.8782905,-0.4551582,-0.01797757,-0.04356522,1.235454,-0.3982804,-5.158179,0.2731442,0.03186068,2.021669,-0.7059181,0.03817011,0.7072639,-0.1693781,0.9604779,-0.2208916,-0.6877429,-0.2757265,-0.6715536,moving,56.59739,27.83115,7.69454,0.9028832,4.990840085853006,14.236740878195778
05/11/2023 10:30:09.060140,1978,True,True,True,True,Eyes,1.785792,0.1105607,-3.516127,-0.8025581,-0.2790506,-0.5272868,0.0,0.0,0.0,0.0,0.0,0.0,0.0,3.671632,-0.5708977,-1.116474,1.701604,0.1134479,-3.484966,-0.03781309,0.9122534,-0.1348467,-0.3849421,15.97038,226.0477,2.075946,0.4748663,0.02872408,-0.8795888,-0.4278487,-0.01689891,-0.04095131,1.204968,-0.3899783,-5.154958,0.2763371,0.02983633,2.02141,-0.7007796,0.03482606,0.7125273,-0.1728065,0.9607731,-0.216917,-0.6921314,-0.2751403,-0.6672721,moving,56.69478,27.88868,7.784375,0.8456333,5.0010637876561175,14.25396191007415
05/11/2023 10:30:09.069955,1979,True,True,True,True,Eyes,1.782482,0.1107452,-3.515381,-0.8035401,-0.2791354,-0.525744,0.0,0.0,0.0,0.0,0.0,0.0,0.0,3.670948,-0.5565543,-1.100657,1.690315,0.11358,-3.482382,-0.03963597,0.9109851,-0.1344178,-0.387901,16.00104,226.3977,1.911653,0.472658,0.0286549,-0.8807796,-0.4021778,-0.01588498,-0.03849423,1.175612,-0.3788383,-5.151516,0.2795945,0.02777067,2.021146,-0.6959237,0.03206603,0.7173996,-0.1764971,0.9607217,-0.2141555,-0.6960884,-0.2756548,-0.6629295,moving,56.80389,27.96536,7.876008,0.7871981,5.012114032584811,14.276806173826905
05/11/2023 10:30:09.089952,1980,True,True,True,True,Eyes,1.778844,0.1109976,-3.514572,-0.8045633,-0.2795099,-0.5239772,0.0,0.0,0.0,0.0,0.0,0.0,0.0,3.670726,-0.5445871,-1.08185,1.678984,0.1144041,-3.479816,-0.04189745,0.9094672,-0.1349017,-0.3910443,16.14952,226.7806,1.74779,0.4706096,0.02859874,-0.8818777,-0.3780471,-0.01493188,-0.03618458,1.147565,-0.371664,-5.148122,0.2828032,0.02573627,2.020885,-0.690658,0.02929641,0.7225881,-0.1817138,0.9600922,-0.2126099,-0.69998,-0.278145,-0.657772,moving,56.92555,28.07721,7.966254,0.7296307,5.023565087256339,14.309930486998102
05/11/2023 10:30:09.109916,1981,True,True,True,True,Eyes,1.774908,0.1112983,-3.513691,-0.8056604,-0.2800168,-0.5220171,0.0,0.0,0.0,0.0,0.0,0.0,0.0,3.670018,-0.5420193,-1.059926,1.667621,0.116258,-3.477325,-0.04340011,0.9077781,-0.1362391,-0.3943277,16.35438,227.205,1.71102,0.4686993,0.0285562,-0.8828959,-0.3553643,-0.01403597,-0.03401351,1.118666,-0.3640424,-5.144219,0.2859489,0.02374157,2.020627,-0.6852443,0.02865036,0.7277496,-0.186241,0.9591107,-0.213122,-0.7040985,-0.2815775,-0.6518891,moving,57.05931,28.20969,8.054723,0.6731717,5.035841112838045,14.349109849131018
05/11/2023 10:30:09.119642,1982,True,True,True,True,Eyes,1.770677,0.1116163,-3.512739,-0.8067876,-0.2806994,-0.5199054,0.0,0.0,0.0,0.0,0.0,0.0,0.0,3.66732,-0.551505,-1.038111,1.656673,0.1177664,-3.474569,-0.04363323,0.9061335,-0.1385713,-0.3972609,16.60642,227.6173,1.855167,0.4669082,0.02852729,-0.8838454,-0.3340424,-0.01319381,-0.0319727,1.089308,-0.3649178,-5.136381,0.2892287,0.0216614,2.020361,-0.6805598,0.03102285,0.7320354,-0.189173,0.9577883,-0.2164606,-0.7078501,-0.2857957,-0.6459635,moving,57.20169,28.36482,8.146936,0.6142761,5.048442190865369,14.39491254961586
05/11/2023 10:30:09.139636,1983,True,True,True,True,Eyes,1.766188,0.111967,-3.511709,-0.8079865,-0.2814129,-0.517653,0.0,0.0,0.0,0.0,0.0,0.0,0.0,3.663236,-0.5662562,-1.017304,1.645458,0.1186275,-3.471778,-0.0427059,0.9046026,-0.1407055,-0.4000903,16.78239,228.0299,2.114558,0.465219,0.02851127,-0.8847361,-0.3139999,-0.01240218,-0.03005433,1.059052,-0.371235,-5.126215,0.2923352,0.01969177,2.020108,-0.676208,0.0353261,0.7358634,-0.1898536,0.9567563,-0.2203927,-0.7118276,-0.2887376,-0.6402596,moving,57.35352,28.52994,8.234261,0.5584945,5.06188973708592,14.443666316095399
05/11/2023 10:30:09.159863,1984,True,True,True,True,Eyes,1.761436,0.1123057,-3.510615,-0.809208,-0.2822257,-0.5152971,0.0,0.0,0.0,0.0,0.0,0.0,0.0,3.658462,-0.5809804,-0.9986906,1.634865,0.1198736,-3.468734,-0.04164071,0.9032431,-0.1425675,-0.402607,16.92238,228.4011,2.370722,0.4636172,0.02850783,-0.8855766,-0.2951599,-0.01165805,-0.02825107,1.026522,-0.3764712,-5.114237,0.2955311,0.01766524,2.019849,-0.6723471,0.03957397,0.7391772,-0.1900207,0.9558811,-0.2240165,-0.7154307,-0.2910759,-0.635164,moving,57.51135,28.7093,8.32408,0.5010859,5.075613922453232,14.496587220626342
05/11/2023 10:30:09.179713,1985,True,True,True,True,Eyes,1.756463,0.1126763,-3.509457,-0.810511,-0.2829835,-0.5128276,0.0,0.0,0.0,0.0,0.0,0.0,0.0,3.656043,-0.5834906,-0.9784875,1.623937,0.1199743,-3.465976,-0.04175213,0.9016974,-0.1436398,-0.4056675,17.03251,228.8156,2.472305,0.4620894,0.02851556,-0.8863745,-0.2774503,-0.01095857,-0.02655601,0.9927345,-0.3782761,-5.101449,0.2987588,0.0156191,2.019587,-0.667381,0.04124443,0.7435731,-0.1918355,0.9552487,-0.2251643,-0.719584,-0.2929142,-0.6296028,moving,57.67759,28.89036,8.414774,0.4431058,5.090328886374209,14.550046171033582
05/11/2023 10:30:09.194732,1986,True,True,True,True,Eyes,1.751282,0.1130596,-3.508247,-0.8118024,-0.2837011,-0.5103827,0.0,0.0,0.0,0.0,0.0,0.0,0.0,3.653219,-0.5777334,-0.9612393,1.614207,0.1202631,-3.461739,-0.04200952,0.9004826,-0.1431673,-0.4084968,16.98737,229.1718,2.475586,0.4606245,0.02853429,-0.887136,-0.2608033,-0.01030105,-0.02496265,0.9584095,-0.3767629,-5.089222,0.3018981,0.01362824,2.019332,-0.6627313,0.04130915,0.7477172,-0.1926245,0.9554766,-0.2235179,-0.7236596,-0.2921609,-0.6252671,moving,57.8423,29.06791,8.502967,0.3866769,5.10496930471602,14.602477699483739
05/11/2023 10:30:09.209808,1987,True,True,True,True,Eyes,1.745895,0.1134041,-3.506952,-0.813123,-0.2843228,-0.5079285,0.0,0.0,0.0,0.0,0.0,0.0,0.0,3.64965,-0.5688527,-0.9540238,1.604082,0.1209047,-3.459192,-0.04310213,0.8997027,-0.1426322,-0.4102844,16.97902,229.3813,2.365883,0.4592122,0.02856337,-0.887867,-0.2451551,-0.009682991,-0.02346489,0.9220763,-0.3713876,-5.076458,0.3051483,0.01156765,2.019066,-0.6596178,0.03948135,0.7505634,-0.1945978,0.9555965,-0.221285,-0.7259724,-0.2920215,-0.6226454,moving,58.00848,29.23877,8.594265,0.3282559,5.120013651725776,14.652974104919423
05/11/2023 10:30:09.229657,1988,True,True,True,True,Eyes,1.740306,0.1137841,-3.505631,-0.814422,-0.2848468,-0.5055482,0.0,0.0,0.0,0.0,0.0,0.0,0.0,3.648044,-0.5465019,-0.9478073,1.593428,0.1210532,-3.457103,-0.04498335,0.8989598,-0.1403525,-0.4124915,16.82521,229.6056,2.090231,0.4578442,0.02860092,-0.888572,-0.2304458,-0.009102011,-0.02205699,0.8847443,-0.3694353,-5.060871,0.3082902,0.009575129,2.018812,-0.6556546,0.034912,0.7542536,-0.1966649,0.9565554,-0.215232,-0.7289994,-0.289453,-0.620304,moving,58.17028,29.39872,8.682488,0.2717491,5.134873053287138,14.700278994156342
05/11/2023 10:30:09.244852,1989,True,True,True,True,Eyes,1.734523,0.1141877,-3.504294,-0.8157482,-0.2853217,-0.5031365,0.0,0.0,0.0,0.0,0.0,0.0,0.0,3.646597,-0.5203996,-0.9433937,1.583068,0.1221341,-3.455062,-0.04754798,0.8982935,-0.137871,-0.4144872,16.68521,229.792,1.726944,0.4565115,0.0286471,-0.8892559,-0.2166191,-0.00855589,-0.02073357,0.8457736,-0.375066,-5.040937,0.3115284,0.007521778,2.018548,-0.6518792,0.02886743,0.7577732,-0.1997156,0.9574616,-0.2082812,-0.7315513,-0.2871133,-0.6183841,moving,58.33458,29.55697,8.773405,0.213502,5.150099809898437,14.747103359688047
05/11/2023 10:30:09.259861,1990,True,True,True,True,Eyes,1.728545,0.1145981,-3.502937,-0.8171725,-0.2857834,-0.5005565,0.0,0.0,0.0,0.0,0.0,0.0,0.0,3.645381,-0.4980804,-0.9361587,1.572757,0.122966,-3.4532,-0.04976862,0.8974438,-0.1358612,-0.4167247,16.57889,230.0235,1.429176,0.4552063,0.02870177,-0.889923,-0.2036219,-0.008042537,-0.01948956,0.8088489,-0.387887,-5.018629,0.3147392,0.005485833,2.018286,-0.6477272,0.02390438,0.7614974,-0.2025625,0.9581296,-0.202376,-0.7344508,-0.2853352,-0.6157645,moving,58.51058,29.7234,8.863536,0.1557333,5.166512901171072,14.796365003799831
05/11/2023 10:30:09.280007,1991,True,True,True,True,Eyes,1.722406,0.1150031,-3.501572,-0.8187484,-0.2864064,-0.4976167,0.0,0.0,0.0,0.0,0.0,0.0,0.0,3.646914,-0.474374,-0.917181,1.562243,0.1234151,-3.451145,-0.05232324,0.8958305,-0.1343671,-0.4203519,16.54263,230.4419,1.148699,0.4539226,0.02876433,-0.8905765,-0.1914046,-0.007559984,-0.01832019,0.7751557,-0.4060104,-4.995782,0.3179569,0.003445506,2.018024,-0.6411332,0.01921747,0.767189,-0.2067084,0.9584154,-0.196752,-0.7390669,-0.2847287,-0.6104997,moving,58.70972,29.92284,8.95383,0.09782477,5.184716433931352,14.855335236850983
05/11/2023 10:30:09.290029,1992,True,True,True,True,Eyes,1.716133,0.1153654,-3.500212,-0.8205333,-0.2872117,-0.4942009,0.0,0.0,0.0,0.0,0.0,0.0,0.0,3.654396,-0.4488598,-0.8758049,1.552517,0.1235412,-3.449282,-0.05605655,0.892697,-0.1346314,-0.4264086,16.74879,231.194,0.8815669,0.452654,0.02883396,-0.8912197,-0.1799203,-0.007106385,-0.01722097,0.7414336,-0.4285676,-4.969645,0.3211388,0.001428097,2.017766,-0.6300671,0.01473296,0.7764013,-0.214899,0.9574641,-0.1925641,-0.7462133,-0.2881761,-0.6001005,moving,58.93977,30.16361,9.043099,0.04055176,5.205402892517236,14.926471274826131
05/11/2023 10:30:09.309807,1993,True,True,True,True,Eyes,1.709769,0.115703,-3.498844,-0.8224327,-0.288194,-0.4904576,0.0,0.0,0.0,0.0,0.0,0.0,0.0,3.662507,-0.4312243,-0.8267756,1.543361,0.1228065,-3.44767,-0.05915762,0.8890354,-0.1361957,-0.4330903,17.06203,232.0607,0.7661932,0.4513963,0.02890891,-0.8918549,-0.1691251,-0.006680002,-0.01618772,0.7082139,-0.4493252,-4.942617,0.3244132,-0.0006478727,2.0175,-0.6178664,0.01278365,0.7861792,-0.2231565,0.9559022,-0.1909244,-0.7539513,-0.2934068,-0.5877671,moving,59.19027,30.43859,9.134944,-0.0183992,5.227505297714384,15.00765021639927
05/11/2023 10:30:09.329468,1994,True,True,True,True,Eyes,1.703284,0.1160505,-3.497477,-0.8244368,-0.2892869,-0.4864331,0.0,0.0,0.0,0.0,0.0,0.0,0.0,3.66628,-0.4326522,-0.7851048,1.535047,0.1225903,-3.445837,-0.06021532,0.8859445,-0.1389519,-0.4383706,17.39758,232.7919,0.9084786,0.4501467,0.02898806,-0.8924838,-0.1589776,-0.006279202,-0.01521645,0.6748182,-0.4660405,-4.915601,0.3275552,-0.002640307,2.017244,-0.6084107,0.01512995,0.793478,-0.2285197,0.954133,-0.193414,-0.7600099,-0.2990005,-0.5770472,moving,59.4586,30.74039,9.22305,-0.07499258,5.250941551003821,15.09671208413248
05/11/2023 10:30:09.339893,1995,True,True,True,True,Eyes,1.696689,0.1164024,-3.496114,-0.8264973,-0.2905065,-0.482191,0.0,0.0,0.0,0.0,0.0,0.0,0.0,3.666513,-0.4452793,-0.7515731,1.525873,0.1232875,-3.444265,-0.06025458,0.8833445,-0.1423541,-0.4425013,17.74739,233.3996,1.175141,0.4489012,0.0290713,-0.8931082,-0.1494389,-0.00590245,-0.01430347,0.6412632,-0.4750091,-4.890326,0.3306057,-0.004574895,2.016995,-0.6011242,0.01953262,0.798917,-0.2324348,0.9522094,-0.1981699,-0.7646071,-0.3048208,-0.5678561,moving,59.74007,31.06779,9.308579,-0.1299566,5.275168106932008,15.193277844569515
05/11/2023 10:30:09.359816,1996,True,True,True,True,Eyes,1.696689,0.1164024,-3.496114,-0.8264973,-0.2905065,-0.482191,0.0,0.0,0.0,0.0,0.0,0.0,0.0,3.666901,-0.4523499,-0.7198353,1.516794,0.1238125,-3.442811,-0.06064171,0.880828,-0.1450358,-0.4465752,18.03906,233.9868,1.368523,0.4476562,0.02915845,-0.89373,-0.1404726,-0.005548303,-0.01344526,0.6105066,-0.4786245,-4.868709,0.33381,-0.006606787,2.016734,-0.5937867,0.022709,0.8043023,-0.2363686,0.9505744,-0.2013411,-0.7691213,-0.3096654,-0.5590706,moving,59.74007,31.06779,9.398393,-0.1876993,5.275168106932008,15.193277844569515
05/11/2023 10:30:09.380075,1997,True,True,True,True,Eyes,1.696689,0.1164024,-3.496114,-0.8264973,-0.2905065,-0.482191,0.0,0.0,0.0,0.0,0.0,0.0,0.0,3.668664,-0.4489028,-0.688087,1.50756,0.1241491,-3.441792,-0.06152637,0.8782895,-0.1461791,-0.4510586,18.19664,234.5967,1.43526,0.4465351,0.02923684,-0.8942881,-0.1320442,-0.005215405,-0.01263854,0.579825,-0.4777124,-4.849179,0.3372232,-0.008770913,2.016457,-0.5855211,0.02379478,0.8103077,-0.2399466,0.9496923,-0.2012711,-0.7743322,-0.3122791,-0.5503554,moving,59.74007,31.06779,9.494032,-0.2492159,5.275168106932008,15.193277844569515
05/11/2023 10:30:09.389783,1998,True,True,True,True,Eyes,1.689258,0.1167714,-3.494718,-0.8289908,-0.2920102,-0.4769742,0.0,0.0,0.0,0.0,0.0,0.0,0.0,3.668843,-0.4452343,-0.6651216,1.498829,0.1245338,-3.440788,-0.06225769,0.8763474,-0.1468061,-0.4545187,18.29447,235.0636,1.468587,0.4455253,0.02930734,-0.8947892,-0.1241216,-0.00490248,-0.01188023,0.5517281,-0.4726068,-4.83326,0.3402131,-0.01066664,2.016212,-0.5790736,0.02433347,0.8149123,-0.2425709,0.9491439,-0.2007116,-0.778353,-0.3139007,-0.5437217,moving,60.08529,31.47555,9.577793,-0.3031167,5.3046767278289595,15.313517437123625
05/11/2023 10:30:09.409969,1999,True,True,True,True,Eyes,1.681761,0.1171393,-3.493356,-0.8314137,-0.2934275,-0.4718597,0.0,0.0,0.0,0.0,0.0,0.0,0.0,3.667673,-0.439512,-0.6514482,1.489822,0.1246097,-3.4401,-0.06297024,0.8749895,-0.1467183,-0.4570578,18.31953,235.3942,1.443889,0.4444758,0.02938377,-0.8953085,-0.1166743,-0.004608331,-0.01116742,0.5260124,-0.4691937,-4.819352,0.3434216,-0.0127016,2.015951,-0.5742657,0.02392086,0.8183192,-0.244314,0.949017,-0.1991918,-0.7813637,-0.314316,-0.5391437,moving,60.4234,31.87555,9.667654,-0.3609901,5.333556530777945,15.431465925654337
05/11/2023 10:30:09.429683,2000,True,True,True,True,Eyes,1.674188,0.1174921,-3.492033,-0.8338014,-0.2947939,-0.4667673,0.0,0.0,0.0,0.0,0.0,0.0,0.0,3.664624,-0.4342033,-0.6484718,1.480797,0.1249244,-3.439499,-0.06346273,0.8743612,-0.1460294,-0.4584107,18.27324,235.5566,1.382139,0.4433883,0.02946552,-0.8958449,-0.1096738,-0.004331831,-0.01049737,0.5012857,-0.4683359,-4.804888,0.3466612,-0.01475543,2.015688,-0.5716642,0.02290419,0.8201679,-0.2448616,0.9492958,-0.1971809,-0.7830982,-0.3135489,-0.53707,moving,60.75962,32.27507,9.758354,-0.4194143,5.3622169085548155,15.549265050305149
05/11/2023 10:30:09.445007,2001,True,True,True,True,Eyes,1.666541,0.1178169,-3.490745,-0.8360749,-0.2961068,-0.4618436,0.0,0.0,0.0,0.0,0.0,0.0,0.0,3.660668,-0.4267125,-0.6522021,1.471454,0.1248625,-3.439065,-0.06433975,0.8740994,-0.1451986,-0.4590515,18.23447,235.616,1.256586,0.4422644,0.02955168,-0.8963975,-0.1030934,-0.004071922,-0.009867528,0.4778531,-0.4714558,-4.790058,0.3499133,-0.01681739,2.015426,-0.5702645,0.02082859,0.8211973,-0.2457859,0.9495555,-0.1947654,-0.7838291,-0.3129065,-0.5363784,moving,61.08396,32.6656,9.849371,-0.4780841,5.389695294360908,15.664390711536491
05/11/2023 10:30:09.460972,2002,True,True,True,True,Eyes,1.47343,0.1254188,-3.45946,-0.8845027,-0.3239275,-0.3357468,0.0,0.0,0.0,0.0,0.0,0.0,0.0,3.657267,-0.411331,-0.6576037,1.462065,0.1243966,-3.438622,-0.06612429,0.8738666,-0.1438531,-0.4596642,18.19227,235.6509,1.006065,0.4411047,0.02964115,-0.8969658,0.0,0.0,0.0,0.4570058,-0.4769138,-4.776239,0.3530749,-0.0188221,2.015168,-0.5686731,0.01668059,0.8223947,-0.2478158,0.9498677,-0.1906268,-0.784346,-0.3122067,-0.5360305,moving,69.21382,43.97355,9.937846,-0.5351393,6.028300649883209,18.99124824943904
05/11/2023 10:30:09.479697,2003,True,True,True,True,Eyes,1.473038,0.1254005,-3.459442,-0.8845431,-0.3239289,-0.335639,0.0,0.0,0.0,0.0,0.0,0.0,0.0,3.654424,-0.3937045,-0.6608391,1.452553,0.1240743,-3.4382,-0.06804523,0.8734848,-0.1422342,-0.4606124,18.12938,235.7247,0.7329311,0.4354761,0.03007091,-0.8996977,-0.5793321,0.02280582,0.09385657,0.439295,-0.4832535,-4.765269,0.3562825,-0.0208571,2.014906,-0.5664122,0.01215667,0.8240324,-0.2499025,0.9502786,-0.1857937,-0.785319,-0.3111636,-0.5352114,moving,69.2208,43.98286,10.02758,-0.5930704,6.028862096429635,18.993988810632345
05/11/2023 10:30:09.489677,2004,True,True,True,True,Eyes,1.47226,0.1253491,-3.459417,-0.8847159,-0.323882,-0.3352289,0.0,0.0,0.0,0.0,0.0,0.0,0.0,3.652442,-0.3763449,-0.6577606,1.442855,0.1235053,-3.437664,-0.06985293,0.8726808,-0.1407839,-0.4623081,18.07766,235.9045,0.4973879,0.4307234,0.03043093,-0.9019706,-0.5445722,0.02143747,0.08822518,0.4218081,-0.4860451,-4.755985,0.3594594,-0.02287123,2.014647,-0.5627837,0.008252412,0.8265631,-0.2520896,0.950601,-0.1811316,-0.7872264,-0.3103058,-0.5329024,moving,69.24773,44.01372,10.11643,-0.6504208,6.031195340010205,19.003092990739415
05/11/2023 10:30:09.510012,2005,True,True,True,True,Eyes,1.471117,0.1252715,-3.459385,-0.8849853,-0.3238767,-0.3345219,0.0,0.0,0.0,0.0,0.0,0.0,0.0,3.65199,-0.3558905,-0.6481795,1.432971,0.1225469,-3.437353,-0.07187951,0.8714004,-0.1392328,-0.4648754,18.0282,236.1981,0.2518714,0.4266884,0.03073286,-0.9038761,-0.5118979,0.02015122,0.08293167,0.4056055,-0.491772,-4.746988,0.3626764,-0.02491075,2.014386,-0.5574487,0.004180147,0.8302011,-0.2547234,0.9508951,-0.175825,-0.7901691,-0.3094851,-0.5290104,moving,69.29355,44.0737,10.20637,-0.7085078,6.034918429133127,19.020753639292153
05/11/2023 10:30:09.520098,2006,True,True,True,True,Eyes,1.469622,0.1251543,-3.459361,-0.8854264,-0.3239175,-0.3333128,0.0,0.0,0.0,0.0,0.0,0.0,0.0,3.653902,-0.3330435,-0.6255646,1.423262,0.1217249,-3.436969,-0.07426187,0.869208,-0.1380221,-0.4689484,18.03452,236.6982,0.02123951,0.4231601,0.0309923,-0.9055244,-0.481184,0.01894215,0.07795577,0.3884114,-0.4952605,-4.738016,0.3658332,-0.02691221,2.01413,-0.5491455,0.0003524974,0.8357269,-0.2585485,0.9508702,-0.1702899,-0.7947278,-0.3095899,-0.5220749,moving,69.37149,44.18099,10.2946,-0.7655239,6.041077583322478,19.052323151540346
05/11/2023 10:30:09.541000,2007,True,True,True,True,Eyes,1.467788,0.1250003,-3.459338,-0.88598,-0.3239985,-0.3317596,0.0,0.0,0.0,0.0,0.0,0.0,0.0,3.656771,-0.3146914,-0.5951676,1.413617,0.1205987,-3.436914,-0.07606971,0.8664964,-0.1373691,-0.4738429,18.06827,237.3282,359.9008,0.4199462,0.03122284,-0.9070114,-0.4523129,0.01780562,0.07327842,0.3729649,-0.4999653,-4.729599,0.3691653,-0.02902484,2.013859,-0.5393726,-0.001645501,0.8420655,-0.262011,0.9506862,-0.1659695,-0.800267,-0.3101498,-0.5132052,moving,69.47134,44.32192,10.3877,-0.8257211,6.048853256618271,19.09377772882338
05/11/2023 10:30:09.559749,2008,True,True,True,True,Eyes,1.465634,0.1248154,-3.459317,-0.886695,-0.3241654,-0.3296799,0.0,0.0,0.0,0.0,0.0,0.0,0.0,3.658581,-0.3025703,-0.5651202,1.40389,0.1195445,-3.436703,-0.07724698,0.8638262,-0.1372282,-0.4785454,18.12041,237.9511,359.8724,0.4170085,0.03142661,-0.9083587,-0.4251742,0.01673728,0.06888171,0.3563558,-0.5022408,-4.721407,0.3723329,-0.03103316,2.013601,-0.5300545,-0.002116043,0.847961,-0.2647958,0.9504027,-0.1631503,-0.8055592,-0.311015,-0.5043254,moving,69.60449,44.51678,10.47618,-0.8829594,6.058993263840729,19.151069935726095
05/11/2023 10:30:09.579844,2009,True,True,True,True,Eyes,1.463164,0.124566,-3.459319,-0.8875162,-0.3244158,-0.3272144,0.0,0.0,0.0,0.0,0.0,0.0,0.0,3.660931,-0.2894607,-0.5307837,1.394346,0.1186076,-3.436518,-0.07861252,0.8608174,-0.1372423,-0.4837131,18.19987,238.6404,359.845,0.4143132,0.03160561,-0.9095851,-0.3996637,0.01573304,0.06474881,0.3409581,-0.5028641,-4.715284,0.3756573,-0.03314131,2.013331,-0.5196838,-0.002570272,0.8543552,-0.2681138,0.9499692,-0.1602292,-0.8111993,-0.3123328,-0.4943728,moving,69.7618,44.75393,10.569,-0.9430572,6.070744218007907,19.220771156663513
05/11/2023 10:30:09.594969,2010,True,True,True,True,Eyes,1.460398,0.1242882,-3.45934,-0.8885945,-0.3261304,-0.3225503,0.0,0.0,0.0,0.0,0.0,0.0,0.0,3.664404,-0.2648257,-0.4943228,1.384625,0.1167144,-3.436792,-0.08120811,0.8574629,-0.1366081,-0.4893883,18.28581,239.3763,359.6647,0.4118291,0.03176073,-0.910707,-0.3756839,0.01478906,0.06086388,0.3255411,-0.5052341,-4.709059,0.3786297,-0.03502578,2.01309,-0.5078085,-0.005557061,0.8614519,-0.2729747,0.949487,-0.1547881,-0.8170772,-0.3137573,-0.4836746,moving,70.04964,45.31622,10.65197,-0.9967896,6.088006566904518,19.38558598107929
05/11/2023 10:30:09.610921,2011,True,True,True,True,Eyes,1.457369,0.1239528,-3.4594,-0.8897027,-0.3278762,-0.317689,0.0,0.0,0.0,0.0,0.0,0.0,0.0,3.668005,-0.2426776,-0.4555159,1.375163,0.11591,-3.43746,-0.08371938,0.8539206,-0.1362609,-0.495221,18.39892,240.1437,359.5157,0.409529,0.03189373,-0.9117391,-0.3531429,0.01390172,0.05721205,0.3090948,-0.5083479,-4.700372,0.3817966,-0.03703412,2.012831,-0.4954945,-0.008020877,0.8685741,-0.2779379,0.9488481,-0.1497927,-0.8229434,-0.3156311,-0.4723783,moving,70.34972,45.90407,10.74035,-1.054067,6.105948502742996,19.55788833643236
05/11/2023 10:30:09.630168,2012,True,True,True,True,Eyes,1.45407,0.123597,-3.459508,-0.8908423,-0.3294614,-0.3128183,0.0,0.0,0.0,0.0,0.0,0.0,0.0,3.669467,-0.2303265,-0.4275837,1.36607,0.1141597,-3.438267,0.08528949,-0.851171,0.1366727,0.4995543,18.53459,240.7323,359.4778,0.4073885,0.03200536,-0.9126936,-0.3319543,0.01306762,0.05377932,0.2933725,-0.5115234,-4.692406,0.3850044,-0.03906822,2.01257,-0.4863425,-0.008641007,0.8737257,-0.2817427,0.9480926,-0.1474501,-0.8270987,-0.3178771,-0.4635323,moving,70.65133,46.48434,10.82983,-1.112092,6.124331228367598,19.72799741614819
05/11/2023 10:30:09.640167,2013,True,True,True,True,Eyes,1.450505,0.1231901,-3.459663,-0.8920196,-0.3310124,-0.3077856,0.0,0.0,0.0,0.0,0.0,0.0,0.0,3.670016,-0.2227269,-0.403903,1.356479,0.1133152,-3.439315,0.08618281,-0.8487735,0.1368809,0.5034083,18.61044,241.2604,359.487,0.4053851,0.03209731,-0.913582,-0.312037,0.01228356,0.05055256,0.2750823,-0.5132354,-4.681669,0.3883116,-0.04116526,2.012302,-0.4783053,-0.008485368,0.8781527,-0.2841133,0.9476722,-0.1455915,-0.8309656,-0.319132,-0.4556875,moving,70.96334,47.08237,10.92206,-1.171925,6.1434220810137115,19.90331909188174
05/11/2023 10:30:09.659881,2014,True,True,True,True,Eyes,1.446683,0.1227807,-3.459877,-0.8932629,-0.3323033,-0.3027472,0.0,0.0,0.0,0.0,0.0,0.0,0.0,3.670649,-0.2132788,-0.3788705,1.346756,0.1116791,-3.440417,0.08696897,-0.8462609,0.1367633,0.5075184,18.6479,241.8206,359.4934,0.403499,0.03217024,-0.9144139,-0.2933148,0.01154654,0.04751941,0.2532709,-0.5163668,-4.665349,0.3914945,-0.04318333,2.012043,-0.4697233,-0.008377119,0.8827741,-0.2860166,0.9474645,-0.1431981,-0.8351974,-0.3197515,-0.447442,moving,71.27731,47.6647,11.01078,-1.229518,6.163275412856687,20.074091592803434
05/11/2023 10:30:09.679542,2015,True,True,True,True,Eyes,1.4426,0.1223594,-3.460152,-0.8945845,-0.3334015,-0.2975934,0.0,0.0,0.0,0.0,0.0,0.0,0.0,3.671467,-0.2054388,-0.3526077,1.336973,0.1112394,-3.44185,0.0868113,-0.8438269,0.1355338,0.511909,18.51863,242.41,359.532,0.4017122,0.03222603,-0.9151984,-0.2757159,0.01085375,0.04466824,0.2298273,-0.5195037,-4.645831,0.3947026,-0.04521775,2.01178,-0.4608261,-0.007745482,0.8874568,-0.2852693,0.9481888,-0.1398551,-0.8403933,-0.317613,-0.4391598,moving,71.59972,48.24797,11.10019,-1.287591,6.1841483566009865,20.245181582700116
05/11/2023 10:30:09.689730,2016,True,True,True,True,Eyes,1.438274,0.1219017,-3.46049,-0.8959618,-0.3342164,-0.2924927,0.0,0.0,0.0,0.0,0.0,0.0,0.0,3.671348,-0.2048132,-0.3305736,1.326849,0.1106156,-3.443437,0.08555888,-0.8417856,0.1343224,0.515785,18.32468,242.9405,359.6692,0.4000083,0.03226612,-0.915943,-0.2591729,0.01020253,0.04198815,0.2092292,-0.5217507,-4.629918,0.3978989,-0.04724455,2.01152,-0.4532911,-0.005481461,0.8913457,-0.2826075,0.9492743,-0.1378814,-0.8453758,-0.3144014,-0.4318468,moving,71.92038,48.80889,11.18923,-1.345458,6.205541553851073,20.409771580185005
05/11/2023 10:30:09.709750,2017,True,True,True,True,Eyes,1.433709,0.1213881,-3.460887,-0.8974105,-0.3347838,-0.2873573,0.0,0.0,0.0,0.0,0.0,0.0,0.0,3.670919,-0.2092822,-0.3089848,1.316835,0.1094126,-3.445125,0.08327261,-0.839883,0.1329801,0.5195948,18.05389,243.47,359.8983,0.3983728,0.03229114,-0.9166546,-0.2436226,0.009590374,0.03946886,0.1890838,-0.5216622,-4.615719,0.4011201,-0.04928666,2.011259,-0.4461741,-0.001686945,0.8949447,-0.27807,0.9507639,-0.1368394,-0.8506503,-0.3099115,-0.4246753,moving,72.24457,49.35929,11.27893,-1.403774,6.227721603993694,20.57132502804603
05/11/2023 10:30:09.730037,2018,True,True,True,True,Eyes,1.428907,0.1208803,-3.461352,-0.8988551,-0.3351382,-0.282386,0.0,0.0,0.0,0.0,0.0,0.0,0.0,3.66996,-0.2104219,-0.2945881,1.306671,0.1076567,-3.446836,0.08128443,-0.8384409,0.1311493,0.5226946,17.75189,243.8874,0.04798739,0.3967929,0.03230114,-0.9173392,-0.2290052,0.009014952,0.03710073,0.168884,-0.5183351,-4.603208,0.4041806,-0.05122748,2.011011,-0.4403663,0.0007976717,0.8978179,-0.2734064,0.9523854,-0.1349479,-0.8551763,-0.3048956,-0.4191804,moving,72.55927,49.88266,11.36412,-1.459208,6.249612947859139,20.724978534722496
05/11/2023 10:30:09.749926,2019,True,True,True,True,Eyes,1.423854,0.1203978,-3.4619,-0.9002191,-0.3355271,-0.2775378,0.0,0.0,0.0,0.0,0.0,0.0,0.0,3.669183,-0.2089091,-0.2824368,1.296351,0.1073563,-3.448806,0.08003408,-0.8370703,0.1292917,0.5255393,17.49212,244.2614,0.1145878,0.3952572,0.03229779,-0.9180021,-0.2152649,0.008474055,0.03487469,0.1478512,-0.5115891,-4.590659,0.4074104,-0.05327576,2.010748,-0.434806,0.001907443,0.9005222,-0.2698841,0.9537564,-0.1323304,-0.8591312,-0.3005746,-0.4141842,moving,72.86546,50.40348,11.454,-1.517725,6.270529135667022,20.877846615894533
05/11/2023 10:30:09.759781,2020,True,True,True,True,Eyes,1.418583,0.1199512,-3.462508,-0.9015993,-0.3358409,-0.2726346,0.0,0.0,0.0,0.0,0.0,0.0,0.0,3.669142,-0.1979966,-0.2742581,1.285394,0.1075058,-3.451555,0.08061244,-0.8357,0.1274944,0.5280648,17.35141,244.5754,-0.005100313,0.3937544,0.03228312,-0.9186483,-0.202349,0.007965611,0.0327822,0.1269245,-0.5065908,-4.578555,0.4105558,-0.05527049,2.010491,-0.4292983,-8.494378e-05,0.9031628,-0.2693863,0.9544936,-0.127957,-0.8620522,-0.2982314,-0.4097854,moving,73.17521,50.93041,11.5415,-1.574724,6.291686709736827,21.032507899934124
05/11/2023 10:30:09.770209,2021,True,True,True,True,Eyes,1.413107,0.1195128,-3.463194,-0.9029623,-0.336163,-0.2676819,0.0,0.0,0.0,0.0,0.0,0.0,0.0,3.668903,-0.1894401,-0.2595496,1.275058,0.1079027,-3.453504,0.08096112,-0.8339174,0.1261129,0.5311522,17.23796,244.9794,359.9364,0.3922754,0.03225921,-0.9192817,-0.1902081,0.007487675,0.03081527,0.105829,-0.4972647,-4.56668,0.4138817,-0.05737916,2.01022,-0.4226455,-0.001059449,0.9062946,-0.2690001,0.9550817,-0.1243302,-0.8654536,-0.2963409,-0.403946,moving,73.48762,51.47018,11.63399,-1.634991,6.312751376979317,21.19091213172159
05/11/2023 10:30:09.790447,2022,True,True,True,True,Eyes,1.407448,0.1191006,-3.463936,-0.9042107,-0.336699,-0.2627483,0.0,0.0,0.0,0.0,0.0,0.0,0.0,3.668631,-0.181579,-0.2463856,1.26484,0.1075805,-3.455595,0.08185977,-0.832118,0.1257241,0.5339215,17.25638,245.3538,359.8812,0.3908131,0.03222723,-0.9199055,-0.1787956,0.007038414,0.02896636,0.08629741,-0.490114,-4.555954,0.4169006,-0.0592936,2.009975,-0.4164538,-0.001980356,0.9091548,-0.2704876,0.9549848,-0.1218212,-0.8679879,-0.296648,-0.3982427,moving,73.79704,52.03275,11.7179,-1.689717,6.332690869710388,21.35592205117715
05/11/2023 10:30:09.809982,2023,True,True,True,True,Eyes,1.401594,0.1187811,-3.464731,-0.9054272,-0.3372847,-0.257761,0.0,0.0,0.0,0.0,0.0,0.0,0.0,3.667994,-0.1778469,-0.2357116,1.254915,0.1078046,-3.457591,0.08252262,-0.8305407,0.1257478,0.5362648,17.30062,245.679,359.8675,0.3893597,0.03218865,-0.9205229,-0.1680678,0.006616109,0.02722837,0.06461885,-0.4882137,-4.540593,0.420123,-0.06133649,2.009712,-0.4112206,-0.002208634,0.9115333,-0.2719449,0.954755,-0.1203693,-0.8700252,-0.2973851,-0.3932156,moving,74.10917,52.61207,11.80744,-1.748127,6.35241455319736,21.525810702975186
05/11/2023 10:30:09.830004,2024,True,True,True,True,Eyes,1.395561,0.1185283,-3.465575,-0.9065378,-0.338143,-0.2526826,0.0,0.0,0.0,0.0,0.0,0.0,0.0,3.667132,-0.1790195,-0.2220693,1.244535,0.1097207,-3.459525,0.08317558,-0.8287125,0.1265646,0.5387937,17.42159,246.0469,359.9116,0.38791,0.03214663,-0.9211363,-0.1579838,0.006219143,0.02559467,0.04278041,-0.4865853,-4.523798,0.4235467,-0.06350762,2.009434,-0.4055662,-0.001472865,0.9140645,-0.2742417,0.9541264,-0.1201424,-0.8719562,-0.2994003,-0.3873653,moving,74.42506,53.23051,11.90253,-1.810215,6.371314373795336,21.7070801971205
05/11/2023 10:30:09.845084,2025,True,True,True,True,Eyes,1.389352,0.1183824,-3.466463,-0.9076756,-0.3389334,-0.2474857,0.0,0.0,0.0,0.0,0.0,0.0,0.0,3.666549,-0.1799465,-0.2037663,1.234377,0.1111024,-3.461424,0.08386835,-0.8265097,0.1276695,0.541801,17.57297,246.4893,359.9824,0.3864587,0.03210331,-0.9217476,-0.1485047,0.005845994,0.02405899,0.02343866,-0.4872784,-4.507646,0.4264157,-0.06532715,2.009201,-0.3988354,-0.0002931097,0.9170224,-0.2769789,0.9533333,-0.1201602,-0.8741927,-0.30192,-0.3803042,moving,74.74854,53.86346,11.98218,-1.862259,6.3906798483425975,21.89260362440928
05/11/2023 10:30:09.860362,2026,True,True,True,True,Eyes,1.382987,0.1183351,-3.467389,-0.9088,-0.3397691,-0.2421558,0.0,0.0,0.0,0.0,0.0,0.0,0.0,3.666027,-0.1809894,-0.1820874,1.224178,0.1135703,-3.463258,0.08362725,-0.8242299,0.1274292,0.5453561,17.53421,246.9922,0.06804405,0.3850017,0.03206171,-0.9223585,-0.1395945,0.005495234,0.02261545,0.00482689,-0.4911239,-4.491545,0.4296082,-0.06735078,2.008942,-0.3911863,0.001132383,0.9203108,-0.2768448,0.9535366,-0.1188486,-0.8776846,-0.3012752,-0.3726971,moving,75.07982,54.52226,12.07078,-1.920151,6.410162618344155,22.085675393288156
05/11/2023 10:30:09.879848,2027,True,True,True,True,Eyes,1.376469,0.1183446,-3.468338,-0.9099699,-0.3404168,-0.2367936,0.0,0.0,0.0,0.0,0.0,0.0,0.0,3.664733,-0.1912809,-0.1635475,1.214179,0.1160189,-3.464955,0.08183017,-0.8223883,0.1270874,0.5484799,17.38523,247.4457,0.2892295,0.3835348,0.03202427,-0.9229708,-0.1312188,0.00516552,0.02125853,-0.01338021,-0.4982454,-4.473556,0.432832,-0.0693952,2.00868,-0.3849474,0.004817359,0.9229261,-0.274002,0.9543053,-0.1192659,-0.8813277,-0.2987947,-0.3660373,moving,75.41391,55.17756,12.16021,-1.978648,6.430110778315776,22.27774552668587
05/11/2023 10:30:09.889750,2028,True,True,True,True,Eyes,1.369821,0.1183957,-3.46931,-0.9111015,-0.3411511,-0.2313224,0.0,0.0,0.0,0.0,0.0,0.0,0.0,3.662889,-0.2016317,-0.1489034,1.204153,0.1175164,-3.466378,0.0797856,-0.8208498,0.1265091,0.5512128,17.19637,247.8408,0.5087816,0.3820551,0.03199213,-0.9235853,-0.1233457,0.004855589,0.01998301,-0.0320618,-0.5053568,-4.453919,0.4361715,-0.07151285,2.008408,-0.3795979,0.008482831,0.925113,-0.2704508,0.9552594,-0.1197322,-0.8847386,-0.2956475,-0.3603204,moving,75.75401,55.8602,12.25282,-2.039254,6.449904198380796,22.477787281741627
05/11/2023 10:30:09.909996,2029,True,True,True,True,Eyes,1.363062,0.118477,-3.470293,-0.9122268,-0.341789,-0.225882,0.0,0.0,0.0,0.0,0.0,0.0,0.0,3.661671,-0.2002544,-0.1369343,1.19452,0.1186007,-3.467816,0.07923128,-0.819362,0.1252975,0.5537769,17.0425,248.1869,0.53549,0.3805604,0.03196589,-0.9242032,-0.1159449,0.004564254,0.01878403,-0.04989022,-0.5129492,-4.434224,0.4393511,-0.07352906,2.008148,-0.3741071,0.008935523,0.9273424,-0.2686119,0.9560459,-0.1175751,-0.8876324,-0.2930809,-0.3552634,moving,76.09238,56.54003,12.34096,-2.096969,6.469575058517415,22.67700385055487
05/11/2023 10:30:09.929687,2030,True,True,True,True,Eyes,1.356195,0.1185353,-3.47128,-0.913403,-0.3424652,-0.2200286,0.0,0.0,0.0,0.0,0.0,0.0,0.0,3.660049,-0.195274,-0.1273546,1.185204,0.1193889,-3.468623,0.07930563,-0.8180052,0.1241193,0.5560328,16.93302,248.4851,0.4961501,0.3790492,0.03194578,-0.9248247,-0.1089882,0.004290398,0.01765699,-0.06866395,-0.5177166,-4.415149,0.442431,-0.07548197,2.007898,-0.3690762,0.008283918,0.9293621,-0.2677736,0.9566101,-0.1148674,-0.8899887,-0.2912534,-0.3508438,moving,76.45613,57.27988,12.42629,-2.152879,6.490423209165782,22.893784916109833
05/11/2023 10:30:09.944748,2031,True,True,True,True,Eyes,1.181122,0.1212907,-3.495511,-0.9343038,-0.3489968,-0.07264793,0.0,0.0,0.0,0.0,0.0,0.0,0.0,3.658777,-0.1858929,-0.1184368,1.175869,0.1188862,-3.469644,0.07937137,-0.8166807,0.1221978,0.558391,16.75224,248.7835,0.4084481,0.3775211,0.0319306,-0.9254501,-0.1024489,0.004032974,0.01659757,-0.08637276,-0.5209816,-4.397108,0.445675,-0.07753937,2.007634,-0.3637995,0.006826186,0.9314523,-0.2661105,0.9575357,-0.1109527,-0.8926563,-0.2882337,-0.3465345,moving,85.55384,78.24111,12.51614,-2.211794,6.930714648670926,29.02919854344528
05/11/2023 10:30:09.960003,2032,True,True,True,True,Eyes,1.180731,0.1213107,-3.49554,-0.9343521,-0.3489797,-0.07210632,0.0,0.0,0.0,0.0,0.0,0.0,0.0,3.657052,-0.1785698,-0.1077523,1.165772,0.1202594,-3.470451,0.07823815,-0.8153924,0.1187397,0.5611727,16.34671,249.1221,0.3389931,0.3704396,0.03207246,-0.9283024,-0.6215203,0.01205714,-0.05709187,-0.1048597,-0.5255255,-4.378106,0.4489076,-0.07958931,2.00737,-0.3579281,0.00567736,0.9337321,-0.2608566,0.9595594,-0.1058287,-0.8965722,-0.2814492,-0.3419723,moving,85.58709,78.32581,12.60564,-2.270506,6.932056587530396,29.053971965798674
05/11/2023 10:30:09.979741,2033,True,True,True,True,Eyes,1.179934,0.1212873,-3.495603,-0.9344818,-0.3487814,-0.07138078,0.0,0.0,0.0,0.0,0.0,0.0,0.0,3.655036,-0.1769298,-0.09693575,1.15612,0.1208321,-3.471133,0.07667403,-0.8141156,0.1161863,0.5637712,15.99964,249.4565,0.3672812,0.3645401,0.03218343,-0.930631,-0.5842291,0.01133371,-0.05366636,-0.1221833,-0.5254675,-4.360387,0.4521514,-0.08164537,2.007107,-0.3525665,0.006161924,0.9357667,-0.255848,0.9612437,-0.1027249,-0.9001328,-0.2756313,-0.3373258,moving,85.63192,78.4337,12.69539,-2.329401,6.934074221695082,29.085541156754317
05/11/2023 10:30:09.995101,2034,True,True,True,True,Eyes,1.178764,0.1212761,-3.495696,-0.9345738,-0.3487718,-0.07021324,0.0,0.0,0.0,0.0,0.0,0.0,0.0,3.653223,-0.1668743,-0.0855732,1.145753,0.1197576,-3.471903,0.07603128,-0.8125945,0.1133272,0.5666273,15.68456,249.8165,0.2894304,0.3596029,0.03226919,-0.9325471,-0.5491754,0.01065369,-0.05044638,-0.1369156,-0.5271262,-4.348449,0.4553642,-0.08368272,2.006847,-0.3463058,0.004863412,0.9381093,-0.2519938,0.9627524,-0.09801538,-0.9036436,-0.270341,-0.3321812,moving,85.70352,78.6176,12.78425,-2.387771,6.936914115446217,29.13932590211734
05/11/2023 10:30:10.010058,2035,True,True,True,True,Eyes,1.177244,0.1212901,-3.495805,-0.934656,-0.3488272,-0.0688324,0.0,0.0,0.0,0.0,0.0,0.0,0.0,3.651684,-0.1542549,-0.07166147,1.135794,0.1200315,-3.472648,0.07645391,-0.8107784,0.1110989,0.5696056,15.50071,250.2002,0.1540432,0.355447,0.03233554,-0.9341367,-0.5162249,0.01001447,-0.04741959,-0.1531718,-0.5257342,-4.33748,0.458558,-0.08570774,2.006586,-0.3394089,0.002590769,0.9406356,-0.2505395,0.9636236,-0.09305605,-0.9066598,-0.2672503,-0.3264134,moving,85.78808,78.8375,12.87255,-2.4458,6.940178447352625,29.203633902687663
05/11/2023 10:30:10.029971,2036,True,True,True,True,Eyes,1.175403,0.1212803,-3.495912,-0.9345831,-0.3493828,-0.06697857,0.0,0.0,0.0,0.0,0.0,0.0,0.0,3.649241,-0.156303,-0.05703449,1.12602,0.1206769,-3.473062,0.07685938,-0.8088359,0.1121327,0.5721045,15.62483,250.5773,0.2361938,0.3518232,0.03239055,-0.9355057,-0.4852514,0.009413598,-0.04457442,-0.1680931,-0.5245151,-4.327677,0.4616341,-0.08765824,2.006337,-0.3335786,0.003970006,0.9427142,-0.2526365,0.9630377,-0.09345076,-0.9082404,-0.2693371,-0.3202458,moving,85.9008,79.14776,12.95755,-2.501701,6.943964168470171,29.294332235434293
05/11/2023 10:30:10.045535,2037,True,True,True,True,Eyes,1.173251,0.1212434,-3.49601,-0.9344028,-0.3502558,-0.06490307,0.0,0.0,0.0,0.0,0.0,0.0,0.0,3.646229,-0.1624132,-0.04600096,1.116593,0.1201849,-3.473075,0.07792542,-0.8070509,0.115151,0.5738787,15.98019,250.8853,0.3805956,0.3485119,0.03243987,-0.9367426,-0.4561363,0.008848783,-0.04189995,-0.1835669,-0.5243092,-4.316265,0.4649242,-0.08974443,2.006069,-0.3291818,0.006385926,0.944245,-0.257945,0.9613358,-0.09642603,-0.9083523,-0.275305,-0.314807,moving,86.02665,79.50206,13.04844,-2.561503,6.947929971434243,29.39788965285294
05/11/2023 10:30:10.060257,2038,True,True,True,True,Eyes,1.17081,0.1212409,-3.496085,-0.9339963,-0.3517891,-0.06241307,0.0,0.0,0.0,0.0,0.0,0.0,0.0,3.643658,-0.1536101,-0.02932644,1.107166,0.1194175,-3.47284,0.08137131,-0.8045108,0.118238,0.5763341,16.50157,251.2804,0.3203587,0.3454753,0.03248348,-0.9378652,-0.4287681,0.008317855,-0.03938596,-0.2013433,-0.5266566,-4.298495,0.4681235,-0.09177296,2.005809,-0.3224356,0.005360996,0.9465764,-0.2672174,0.9587969,-0.09645335,-0.9080917,-0.2840416,-0.3077177,moving,86.17697,79.93949,13.13677,-2.619661,6.952196581963357,29.525718249845205
05/11/2023 10:30:10.080017,2039,True,True,True,True,Eyes,1.168101,0.1212492,-3.496148,-0.9334644,-0.3536651,-0.05970826,0.0,0.0,0.0,0.0,0.0,0.0,0.0,3.641138,-0.137491,-0.01083803,1.097988,0.1201437,-3.472304,0.0861126,-0.8016873,0.1211566,0.5789674,17.09591,251.6926,0.1331156,0.3426799,0.03252306,-0.9388888,-0.403042,0.007818784,-0.0370228,-0.2208781,-0.5373058,-4.268767,0.4713725,-0.09383307,2.005545,-0.3147627,0.002220634,0.9491678,-0.2783621,0.9558114,-0.09454657,-0.9074353,-0.2939721,-0.3002357,moving,86.34011,80.41728,13.22643,-2.678734,6.9567262149151885,29.665335571435406
05/11/2023 10:30:10.090041,2040,True,True,True,True,Eyes,1.165127,0.1212781,-3.496197,-0.9328535,-0.355776,-0.05663779,0.0,0.0,0.0,0.0,0.0,0.0,0.0,3.638802,-0.1184535,0.008834362,1.089106,0.1202573,-3.471941,0.09098288,-0.7987088,0.1237958,0.5817741,17.67495,252.1266,359.9221,0.3400953,0.03255943,-0.939827,-0.3788595,0.007349656,-0.03480143,-0.2403686,-0.5511436,-4.234878,0.4746045,-0.09588222,2.005281,-0.3065221,-0.001295267,0.9518628,-0.28938,0.9527935,-0.09189061,-0.9068095,-0.3036165,-0.2924272,moving,86.52557,80.9547,13.31559,-2.737504,6.962065093289676,29.822387994460055
05/11/2023 10:30:10.109868,2041,True,True,True,True,Eyes,1.161906,0.1213419,-3.496231,-0.9322339,-0.3578957,-0.05339134,0.0,0.0,0.0,0.0,0.0,0.0,0.0,3.636242,-0.09812461,0.0299654,1.079974,0.1206788,-3.471581,0.09484972,-0.7957407,0.1247625,0.5850082,18.03108,252.5972,359.7001,0.3376942,0.03259359,-0.9406911,-0.3561279,0.006908677,-0.03271335,-0.2571377,-0.5631353,-4.204709,0.4778611,-0.09794742,2.005016,-0.297538,-0.004977447,0.954697,-0.2969257,0.9508757,-0.08758143,-0.9073622,-0.3095329,-0.2843995,moving,86.72211,81.51512,13.40538,-2.796744,6.9680236990639655,29.986178371105268
05/11/2023 10:30:10.129901,2042,True,True,True,True,Eyes,1.15843,0.1214174,-3.496241,-0.9316701,-0.3598452,-0.05002239,0.0,0.0,0.0,0.0,0.0,0.0,0.0,3.633286,-0.08748843,0.05024242,1.071063,0.1215304,-3.471168,0.09650553,-0.7931849,0.1248184,0.5881876,18.15175,253.0574,359.6225,0.3354532,0.03262682,-0.9414914,-0.3347602,0.006494157,-0.03075054,-0.2728441,-0.573503,-4.178717,0.4808773,-0.0998598,2.004771,-0.2894441,-0.006260262,0.9571745,-0.2999267,0.9502141,-0.08448137,-0.9089919,-0.3115348,-0.2769115,moving,86.92668,82.08598,13.4885,-2.851608,6.974637142911637,30.153043013456845
05/11/2023 10:30:10.139966,2043,True,True,True,True,Eyes,1.154713,0.1214852,-3.496224,-0.9311854,-0.3615638,-0.04653499,0.0,0.0,0.0,0.0,0.0,0.0,0.0,3.629698,-0.08352441,0.0687604,1.061647,0.1219237,-3.470512,0.09641172,-0.7909924,0.1240323,0.5913135,18.07348,253.5046,359.6482,0.3333504,0.03265963,-0.9422369,-0.3146746,0.006104507,-0.02890551,-0.2882612,-0.5827581,-4.153646,0.4840467,-0.1018692,2.004514,-0.2821061,-0.005837897,0.9593654,-0.2992059,0.9506415,-0.08219815,-0.9115328,-0.3102364,-0.2699286,moving,87.13908,82.66608,13.5758,-2.909263,6.981920157462107,30.322632369544106
05/11/2023 10:30:10.159947,2044,True,True,True,True,Eyes,1.150766,0.121531,-3.496166,-0.9310336,-0.3624012,-0.04291651,0.0,0.0,0.0,0.0,0.0,0.0,0.0,3.625899,-0.08465341,0.08492231,1.052315,0.1218758,-3.46977,0.09503783,-0.7891797,0.1226738,0.5942343,17.85281,253.918,359.7466,0.3313661,0.03269199,-0.9429355,-0.2957942,0.005738236,-0.02717118,-0.3047888,-0.5888571,-4.129036,0.4873227,-0.1039469,2.004246,-0.2757069,-0.004209882,0.9612326,-0.2957978,0.9518379,-0.08067389,-0.914598,-0.3065728,-0.2636735,moving,87.36079,83.24634,13.666,-2.968891,6.99035684532958,30.49231727825174
05/11/2023 10:30:10.179897,2045,True,True,True,True,Eyes,1.146576,0.1215477,-3.496073,-0.9309293,-0.3630859,-0.03923399,0.0,0.0,0.0,0.0,0.0,0.0,0.0,3.621845,-0.08699659,0.09624243,1.042977,0.1214427,-3.468723,0.09343261,-0.7877901,0.1211898,0.5966325,17.60386,254.2527,359.8438,0.3294836,0.03272343,-0.9435937,-0.2780465,0.005393942,-0.02554091,-0.3193331,-0.5931878,-4.109362,0.4905559,-0.1059973,2.003983,-0.2706003,-0.00259905,0.9626884,-0.2918221,0.9531668,-0.07945433,-0.9173961,-0.3024341,-0.2586857,moving,87.5867,83.83272,13.75497,-3.02774,6.999114259743913,30.66380166832548
05/11/2023 10:30:10.189887,2046,True,True,True,True,Eyes,1.146576,0.1215477,-3.496073,-0.9309293,-0.3630859,-0.03923399,0.0,0.0,0.0,0.0,0.0,0.0,0.0,3.617758,-0.08406869,0.1075435,1.033087,0.1207849,-3.467701,0.09267964,-0.7862198,0.1196883,0.5991191,17.41286,254.5953,359.8608,0.3276868,0.03275338,-0.9442183,-0.2613637,0.005070306,-0.02400846,-0.3329499,-0.5958703,-4.094882,0.4937012,-0.1079917,2.003728,-0.2649337,-0.002317998,0.9642639,-0.2891482,0.9541703,-0.07715037,-0.9198932,-0.2992549,-0.2534621,moving,87.5867,83.83272,13.84148,-3.084995,6.999114259743913,30.66380166832548
05/11/2023 10:30:10.209982,2047,True,True,True,True,Eyes,1.146576,0.1215477,-3.496073,-0.9309293,-0.3630859,-0.03923399,0.0,0.0,0.0,0.0,0.0,0.0,0.0,3.613465,-0.08075535,0.1174598,1.023318,0.1199372,-3.466393,0.09239577,-0.7846854,0.1187464,0.6013579,17.30648,254.9109,359.8689,0.3260688,0.03278023,-0.9447773,-0.2456819,0.004766088,-0.02256795,-0.3452542,-0.5963521,-4.08621,0.4969563,-0.1100559,2.003462,-0.2596637,-0.00218507,0.9656968,-0.2878214,0.9547247,-0.07523123,-0.9218102,-0.2974829,-0.2485363,moving,87.5867,83.83272,13.93098,-3.144261,6.999114259743913,30.66380166832548
05/11/2023 10:30:10.229734,2048,True,True,True,True,Eyes,1.141367,0.1214067,-3.495826,-0.9309896,-0.3633577,-0.03506279,0.0,0.0,0.0,0.0,0.0,0.0,0.0,3.609332,-0.0724204,0.124856,1.013674,0.1182969,-3.465052,0.09313056,-0.7831959,0.1181406,0.6033022,17.30309,255.1843,359.8002,0.3246116,0.03280432,-0.9452781,-0.230941,0.004480122,-0.02121387,-0.3563543,-0.5979139,-4.081074,0.5000643,-0.1120258,2.00321,-0.2547061,-0.003329942,0.9670128,-0.2884279,0.9547389,-0.07268275,-0.9230028,-0.2974263,-0.2441384,moving,87.84315,84.48822,14.01637,-3.200825,7.009390783332861,30.85552053345841
05/11/2023 10:30:10.244930,2049,True,True,True,True,Eyes,1.135966,0.1212306,-3.49553,-0.930997,-0.3637209,-0.03084907,0.0,0.0,0.0,0.0,0.0,0.0,0.0,3.60493,-0.06012669,0.136272,1.003878,0.1167713,-3.463568,0.09474744,-0.7812103,0.11794,0.6056597,17.40003,255.5242,359.6894,0.323174,0.03282383,-0.9457699,-0.2170845,0.004211315,-0.01994104,-0.3668739,-0.6008884,-4.076626,0.5032786,-0.114064,2.00295,-0.2483989,-0.005172299,0.968644,-0.2908984,0.9542261,-0.06950255,-0.923946,-0.2990413,-0.2385333,moving,88.10217,85.15205,14.10464,-3.259361,7.019712137938384,31.049672102104854
05/11/2023 10:30:10.260234,2050,True,True,True,True,Eyes,1.130386,0.1209936,-3.495173,-0.9310594,-0.3639072,-0.02645953,0.0,0.0,0.0,0.0,0.0,0.0,0.0,3.600467,-0.05123654,0.1461811,0.994028,0.115702,-3.462062,0.0962905,-0.7793438,0.1182689,0.6077533,17.54086,255.8374,359.6196,0.3217497,0.03283835,-0.9462548,-0.2040595,0.003958636,-0.01874457,-0.378096,-0.6033128,-4.071035,0.5065832,-0.1161597,2.00268,-0.2427285,-0.006330227,0.9700738,-0.2938434,0.9534813,-0.0673025,-0.9245211,-0.3013859,-0.2332972,moving,88.37216,85.84137,14.19535,-3.319558,7.030557295004228,31.251284176687186
05/11/2023 10:30:10.279743,2051,True,True,True,True,Eyes,1.124627,0.1207122,-3.494751,-0.9310746,-0.3641617,-0.02204971,0.0,0.0,0.0,0.0,0.0,0.0,0.0,3.595441,-0.05237828,0.1574693,0.9842848,0.1140293,-3.460191,0.09701797,-0.7774244,0.1200182,0.6097494,17.75356,256.1734,359.7301,0.3203335,0.03284682,-0.9467348,-0.1918159,0.003721118,-0.0176199,-0.3905692,-0.6059397,-4.062088,0.5096763,-0.1181211,2.002428,-0.2375862,-0.004486204,0.971356,-0.2972104,0.9523663,-0.0682969,-0.9247802,-0.3049235,-0.2276025,moving,88.64338,86.53501,14.28022,-3.375907,7.041412902059531,31.45415732730136
05/11/2023 10:30:10.289973,2052,True,True,True,True,Eyes,1.118697,0.1204081,-3.494256,-0.9310915,-0.3643631,-0.01755438,0.0,0.0,0.0,0.0,0.0,0.0,0.0,3.590368,-0.05224426,0.1654787,0.9743819,0.1126986,-3.45814,0.09762826,-0.7758143,0.1211018,0.6114861,17.8967,256.4573,359.7966,0.3189203,0.03284873,-0.9472117,-0.1803069,0.003497851,-0.01656271,-0.4043921,-0.6092268,-4.04956,0.5129224,-0.1201792,2.002165,-0.233107,-0.0033786,0.9724454,-0.299587,0.9516062,-0.06850843,-0.9251536,-0.3073018,-0.2228383,moving,88.9199,87.24172,14.36922,-3.435038,7.0524966475459605,31.660854140220245
05/11/2023 10:30:10.310814,2053,True,True,True,True,Eyes,1.112583,0.1200854,-3.493692,-0.9310711,-0.3646063,-0.01300034,0.0,0.0,0.0,0.0,0.0,0.0,0.0,3.585002,-0.04936069,0.1756172,0.9644592,0.1118368,-3.455839,0.09859785,-0.7739756,0.1220076,0.6134773,18.04941,256.7749,359.8236,0.3175057,0.03284422,-0.947687,-0.1694885,0.00328798,-0.01556894,-0.4195126,-0.6140243,-4.030037,0.5160487,-0.1221617,2.001911,-0.2278481,-0.002926835,0.9736924,-0.3023225,0.9507852,-0.06788676,-0.9255736,-0.309837,-0.2175194,moving,89.20004,87.95793,14.45491,-3.492005,7.0637172945868985,31.870328977748542
05/11/2023 10:30:10.329856,2054,True,True,True,True,Eyes,1.10631,0.1197224,-3.493052,-0.931083,-0.3647118,-0.008354569,0.0,0.0,0.0,0.0,0.0,0.0,0.0,3.579442,-0.04631285,0.1876583,0.9541168,0.1110731,-3.453562,0.09923941,-0.7719873,0.1224512,0.6157865,18.13651,257.133,359.8544,0.3160864,0.03283352,-0.9481617,-0.1593192,0.003090701,-0.01463481,-0.4357782,-0.6191548,-4.006281,0.5192857,-0.1242142,2.001646,-0.2219173,-0.002415589,0.9750627,-0.3040307,0.9503145,-0.06684092,-0.9264547,-0.3112821,-0.2116258,moving,89.4859,88.68774,14.54358,-3.550996,7.075200860741149,32.08378361172333
05/11/2023 10:30:10.345607,2055,True,True,True,True,Eyes,1.099877,0.1193308,-3.492329,-0.9310839,-0.3647863,-0.003702307,0.0,0.0,0.0,0.0,0.0,0.0,0.0,3.573878,-0.04683037,0.1959586,0.9441565,0.1097535,-3.451046,0.099273,-0.77043,0.1228972,0.6176398,18.17963,257.4259,359.9305,0.3146582,0.03281624,-0.9486372,-0.14976,0.002905259,-0.01375672,-0.4518299,-0.623942,-3.982515,0.5223786,-0.1261754,2.001395,-0.217332,-0.001153445,0.9760972,-0.3047781,0.9500823,-0.06673738,-0.9272957,-0.3119972,-0.2068349,moving,89.77218,89.41851,14.62826,-3.607365,7.086705006945574,32.29751925810549
05/11/2023 10:30:10.359994,2056,True,True,True,True,Eyes,1.093283,0.1189048,-3.491511,-0.9311318,-0.3646814,0.0009828805,0.0,0.0,0.0,0.0,0.0,0.0,0.0,3.567999,-0.05038297,0.2039537,0.9339914,0.1087316,-3.448273,0.09877217,-0.7689704,0.1232317,0.6194697,18.17352,257.7161,0.04648723,0.3132193,0.03279235,-0.9491141,-0.1407744,0.002730943,-0.01293132,-0.4677692,-0.6296253,-3.956129,0.525702,-0.1282826,2.001126,-0.2130029,0.0007708895,0.9770514,-0.3045824,0.950116,-0.06715032,-0.9283639,-0.3118958,-0.2021427,moving,-89.93952,-89.84558,14.71919,-3.66794,-9.364595706249073,-20.710901262190607
05/11/2023 10:30:10.379788,2057,True,True,True,True,Eyes,1.086529,0.1184523,-3.490596,-0.9311746,-0.3645292,0.005687809,0.0,0.0,0.0,0.0,0.0,0.0,0.0,3.561843,-0.05558139,0.2096124,0.9236684,0.1075103,-3.445145,0.09800299,-0.7677389,0.1235424,0.6210555,18.14526,257.9702,0.1791951,0.3117672,0.03276169,-0.9495931,-0.132328,0.002567087,-0.01215544,-0.4833002,-0.6378599,-3.928559,0.5291077,-0.1304424,2.000848,-0.2093714,0.002971996,0.9778318,-0.3039348,0.9502653,-0.06796609,-0.9294017,-0.3114272,-0.1980551,moving,-89.65003,-89.10607,14.81234,-3.730038,-9.352980598633366,-20.494610467967917
05/11/2023 10:30:10.389593,2058,True,True,True,True,Eyes,1.079615,0.1179837,-3.489583,-0.9312533,-0.364223,0.01043308,0.0,0.0,0.0,0.0,0.0,0.0,0.0,3.55533,-0.0568911,0.2189531,0.9131739,0.1064693,-3.441849,0.0974658,-0.7661409,0.1233494,0.6231481,18.088,258.2891,0.2642962,0.3102992,0.03272431,-0.9500752,-0.1243883,0.002413061,-0.01142611,-0.4980831,-0.6453644,-3.900539,0.532071,-0.1323217,2.000606,-0.2043737,0.004384874,0.9788831,-0.303075,0.9505706,-0.06753483,-0.9307937,-0.3104773,-0.1929427,moving,-89.35813,-88.35923,14.89334,-3.784079,-9.341307552908532,-20.276178228391096
05/11/2023 10:30:10.410079,2059,True,True,True,True,Eyes,1.072556,0.1174788,-3.488472,-0.9313234,-0.3638779,0.01514907,0.0,0.0,0.0,0.0,0.0,0.0,0.0,3.548806,-0.05572441,0.2269144,0.902593,0.1055893,-3.438429,0.09706794,-0.7646472,0.1226708,0.6251756,17.99709,258.586,0.2973685,0.3088138,0.03268055,-0.9505605,-0.116925,0.002268278,-0.01074054,-0.5108928,-0.6537228,-3.877974,0.5352991,-0.1343681,2.000344,-0.1994668,0.004936102,0.9798922,-0.301827,0.9510594,-0.06623072,-0.9322625,-0.3089687,-0.1882149,moving,-89.0681,-87.61602,14.98152,-3.842927,-9.329747414766022,-20.058810053144853
05/11/2023 10:30:10.429694,2060,True,True,True,True,Eyes,1.065358,0.1169276,-3.487259,-0.9313881,-0.3634851,0.01987209,0.0,0.0,0.0,0.0,0.0,0.0,0.0,3.542382,-0.05191226,0.2321696,0.8921171,0.1043448,-3.434866,0.09700917,-0.7633432,0.1218233,0.6269414,17.9161,258.8373,0.2799746,0.3073091,0.03263013,-0.9510497,-0.1099095,0.002132181,-0.01009611,-0.5243381,-0.6588086,-3.857979,0.5385059,-0.1364014,2.000084,-0.1950674,0.004649497,0.9807788,-0.3008547,0.9514966,-0.0643478,-0.9335069,-0.307624,-0.1842072,moving,-88.77772,-86.8707,15.06907,-3.901407,-9.318213388972243,-19.840827257804218
05/11/2023 10:30:10.444741,2061,True,True,True,True,Eyes,0.8822981,0.1020282,-3.454371,-0.9261051,-0.3515931,0.1367902,0.0,0.0,0.0,0.0,0.0,0.0,0.0,3.535914,-0.04606292,0.2373652,0.881729,0.1026104,-3.431206,0.09722238,-0.761991,0.1209844,0.6287134,17.85614,259.0891,0.2386122,0.305784,0.03257255,-0.9515432,-0.1033149,0.00200425,-0.009490344,-0.5383513,-0.6634688,-3.837185,0.5417155,-0.1384367,1.999822,-0.190535,0.003963932,0.9816725,-0.3002942,0.9518212,-0.06212809,-0.934623,-0.3066281,-0.1801648,moving,-81.59789,-68.74107,15.15666,-3.959955,-9.023156824406797,-14.537863411184773
05/11/2023 10:30:10.459903,2062,True,True,True,True,Eyes,0.8818801,0.1019689,-3.454214,-0.9260401,-0.351688,0.1369869,0.0,0.0,0.0,0.0,0.0,0.0,0.0,3.529429,-0.03925656,0.2417657,0.8715713,0.1007875,-3.4274,0.09771401,-0.7606772,0.1203007,0.6303572,17.83094,259.3241,0.1809982,0.2981291,0.03206887,-0.9539863,-0.646297,-0.0428141,0.08974288,-0.5545108,-0.6613258,-3.816622,0.5450351,-0.1405414,1.999552,-0.1862037,0.003007279,0.9825066,-0.3003224,0.9519594,-0.05983059,-0.9354864,-0.3062094,-0.1763553,moving,-81.5854,-68.71847,15.24719,-4.020504,-9.0223483629755,-14.531234189271572
05/11/2023 10:30:10.479856,2063,True,True,True,True,Eyes,0.88106,0.1018888,-3.453897,-0.9259464,-0.351792,0.1373529,0.0,0.0,0.0,0.0,0.0,0.0,0.0,3.522686,-0.03387897,0.2472429,0.8612627,0.09924574,-3.423444,0.09839773,-0.7592102,0.1201887,0.6320383,17.87126,259.5782,0.1516218,0.2918124,0.03164851,-0.9559515,-0.6075192,-0.04024526,0.08435831,-0.5714716,-0.6561627,-3.798753,0.547985,-0.1424119,1.999313,-0.1816911,0.002518613,0.9833525,-0.3013369,0.9517452,-0.05811473,-0.9360473,-0.3068793,-0.1721646,moving,-81.5624,-68.67245,15.32759,-4.074322,-9.021005001096896,-14.517748044900912
05/11/2023 10:30:10.490361,2064,True,True,True,True,Eyes,0.879832,0.1018678,-3.453417,-0.9258095,-0.3519326,0.1379137,0.0,0.0,0.0,0.0,0.0,0.0,0.0,3.515591,-0.03220795,0.2539797,0.8509158,0.09867612,-3.419228,0.09869894,-0.7576998,0.1202454,0.6337908,17.89833,259.8498,0.1717529,0.2865791,0.03129634,-0.9575449,-0.571068,-0.03783054,0.07929681,-0.5894253,-0.6483959,-3.780993,0.5512196,-0.1444632,1.999049,-0.1771358,0.002852552,0.9841825,-0.3019892,0.9515991,-0.05711092,-0.9367101,-0.3073288,-0.1677008,moving,-81.52721,-68.60101,15.41571,-4.133348,-9.018983653075171,-14.49681529125424
05/11/2023 10:30:10.510254,2065,True,True,True,True,Eyes,0.8782247,0.1018989,-3.452766,-0.9256619,-0.3520084,0.1387088,0.0,0.0,0.0,0.0,0.0,0.0,0.0,3.508069,-0.03692313,0.2619531,0.8400302,0.1000901,-3.4148,0.09827662,-0.7561848,0.1203834,0.6356367,17.87857,260.1415,0.2654764,0.2822206,0.03100211,-0.9588482,-0.536804,-0.03556071,0.07453901,-0.6067481,-0.64086,-3.767118,0.5544541,-0.1465141,1.998785,-0.1726154,0.004409663,0.9849795,-0.3016708,0.9516991,-0.0571278,-0.9376559,-0.3070007,-0.1629477,moving,-81.47774,-68.4931,15.50377,-4.192372,-9.016389068046543,-14.465215827949073
05/11/2023 10:30:10.529961,2066,True,True,True,True,Eyes,0.8762362,0.1019463,-3.451952,-0.9255084,-0.3519691,0.1398278,0.0,0.0,0.0,0.0,0.0,0.0,0.0,3.499712,-0.04697333,0.275821,0.8294737,0.1014738,-3.409976,0.09713007,-0.7542381,0.1210494,0.6379952,17.85067,260.5295,0.4779153,0.2785661,0.03075733,-0.9599242,-0.5045957,-0.03342707,0.07006667,-0.6230149,-0.6339266,-3.754786,0.5575961,-0.1485067,1.99853,-0.1670559,0.00793954,0.9859157,-0.3009763,0.9518256,-0.05866314,-0.9388855,-0.3065372,-0.1566185,moving,-81.40861,-68.33342,15.58927,-4.249724,-9.013056793901464,-14.418477946392887
05/11/2023 10:30:10.540135,2067,True,True,True,True,Eyes,0.8739086,0.1021161,-3.450977,-0.925402,-0.3517147,0.1411664,0.0,0.0,0.0,0.0,0.0,0.0,0.0,3.491248,-0.04571892,0.291122,0.8185325,0.101959,-3.405182,0.09596322,-0.7521369,0.119227,0.6409883,17.60017,260.9558,0.5104152,0.275317,0.0305445,-0.9608679,-0.47432,-0.03142144,0.06586267,-0.6374323,-0.6322266,-3.744571,0.5608872,-0.1505933,1.998262,-0.15985,0.008491327,0.9871048,-0.2972012,0.9531519,-0.05632749,-0.9413392,-0.3023727,-0.1498377,moving,-81.32662,-68.13113,15.67876,-4.309783,-9.00953082355802,-14.35929769655657
05/11/2023 10:30:10.562881,2068,True,True,True,True,Eyes,0.8712376,0.1022836,-3.44985,-0.9252954,-0.3513556,0.1427511,0.0,0.0,0.0,0.0,0.0,0.0,0.0,3.482702,-0.04883535,0.3077283,0.8082556,0.1051238,-3.400289,0.09415027,-0.7501253,0.1169812,0.6440212,17.26374,261.3814,0.5656615,0.2723354,0.03035868,-0.9617231,-0.4458608,-0.02953615,0.06191091,-0.651713,-0.6313181,-3.729043,0.5654042,-0.153457,1.997895,-0.1527451,0.009427705,0.9882207,-0.2919257,0.9549023,-0.05423155,-0.9441654,-0.2967706,-0.1431044,moving,-81.22977,-67.88875,15.80151,-4.392227,-9.005478964294554,-14.28839637830685
05/11/2023 10:30:10.579849,2069,True,True,True,True,Eyes,0.8682359,0.1024836,-3.448574,-0.9252494,-0.3507285,0.144579,0.0,0.0,0.0,0.0,0.0,0.0,0.0,3.473897,-0.05506706,0.3242495,0.7975156,0.105334,-3.395439,0.09175077,-0.7480358,0.1153637,0.6470823,16.93778,261.8297,0.7207782,0.269587,0.03019734,-0.9625022,-0.4191091,-0.02776399,0.05819625,-0.6635884,-0.6338446,-3.716614,0.5672628,-0.1546359,1.997744,-0.1457326,0.01203396,0.9892509,-0.2865654,0.956546,-0.05385181,-0.9469121,-0.291333,-0.1359515,moving,-81.11881,-67.59732,15.85198,-4.42617,-9.001290481557412,-14.20317583140574
05/11/2023 10:30:10.589984,2070,True,True,True,True,Eyes,0.8649259,0.1027335,-3.447153,-0.9251388,-0.3502259,0.1464923,0.0,0.0,0.0,0.0,0.0,0.0,0.0,3.464759,-0.05855651,0.3433316,0.7867939,0.1064001,-3.3905,0.08917459,-0.745737,0.1127117,0.6505539,16.50699,262.3188,0.8156469,0.2670411,0.03005918,-0.963216,-0.3939626,-0.02609815,0.05470448,-0.6748904,-0.6369249,-3.704404,0.5702419,-0.1565246,1.997502,-0.1376552,0.01364855,0.9903863,-0.2796517,0.958688,-0.05208088,-0.9501822,-0.2841324,-0.1281516,moving,-81.00213,-67.30144,15.93285,-4.480552,-8.996536903467675,-14.116632781384393
05/11/2023 10:30:10.610066,2071,True,True,True,True,Eyes,0.8613099,0.1030508,-3.445594,-0.9250046,-0.3496754,0.1486393,0.0,0.0,0.0,0.0,0.0,0.0,0.0,3.4557,-0.0645473,0.3605428,0.7762764,0.1079392,-3.385523,0.08754677,-0.743455,0.1118143,0.6535349,16.30124,262.7708,0.9536747,0.2646708,0.02994351,-0.9638736,-0.3703249,-0.02453226,0.05142221,-0.6860655,-0.6404051,-3.68993,0.5734866,-0.1585822,1.997238,-0.1304554,0.01597489,0.9913255,-0.2763232,0.9596663,-0.051828,-0.9521695,-0.2806875,-0.1207794,moving,-80.87116,-66.97073,16.02088,-4.539805,-8.991154682968979,-14.01989924887702
05/11/2023 10:30:10.629404,2072,True,True,True,True,Eyes,0.8574108,0.1034389,-3.443912,-0.9247087,-0.3495008,0.1508738,0.0,0.0,0.0,0.0,0.0,0.0,0.0,3.446554,-0.06336948,0.379323,0.7655444,0.1098952,-3.380607,0.08721735,-0.7408129,0.1109196,0.656724,16.19437,263.2532,0.9823231,0.2624511,0.02985017,-0.9644832,-0.3481054,-0.02306032,0.04833688,-0.6969419,-0.645337,-3.672349,0.5770773,-0.1608594,1.996945,-0.1222137,0.01646368,0.9923674,-0.2749106,0.96018,-0.04978592,-0.9536709,-0.2788968,-0.1128211,moving,-80.73338,-66.65092,16.11824,-4.605388,-8.98456474870449,-13.926295329972248
05/11/2023 10:30:10.640048,2073,True,True,True,True,Eyes,0.8532577,0.1038786,-3.442122,-0.9243145,-0.349454,0.1533775,0.0,0.0,0.0,0.0,0.0,0.0,0.0,3.437168,-0.04826701,0.4033992,0.7551531,0.1119214,-3.375855,0.08896923,-0.7373862,0.1096903,0.6605409,16.21867,263.8236,0.8175468,0.2603602,0.02977911,-0.965052,-0.327219,-0.0216767,0.04543667,-0.7101516,-0.6425213,-3.654239,0.5800655,-0.162754,1.996701,-0.1115407,0.01370055,0.9936656,-0.2761193,0.9601051,-0.04423265,-0.9546293,-0.2793039,-0.1033078,moving,-80.57838,-66.30303,16.19921,-4.659958,-8.976758513477979,-13.824445778727778
05/11/2023 10:30:10.659972,2074,True,True,True,True,Eyes,0.8488907,0.1043599,-3.440242,-0.9237494,-0.3498557,0.1558459,0.0,0.0,0.0,0.0,0.0,0.0,0.0,3.427935,-0.02710479,0.4277558,0.7452151,0.11347,-3.371383,0.09170929,-0.7337839,0.1084863,0.6643655,16.32395,264.397,0.5707354,0.2583794,0.02972972,-0.9655858,-0.3075859,-0.0203761,0.04271046,-0.7247173,-0.6349558,-3.637755,0.5832735,-0.1647883,1.996442,-0.100416,0.009559522,0.9948997,-0.2787386,0.9596403,-0.03735401,-0.9551029,-0.2810679,-0.09369861,moving,-80.4238,-65.98905,16.28607,-4.718555,-8.967884693592957,-13.732446400010875
05/11/2023 10:30:10.679793,2075,True,True,True,True,Eyes,0.8443164,0.1048275,-3.438273,-0.9231163,-0.3503051,0.1585643,0.0,0.0,0.0,0.0,0.0,0.0,0.0,3.419408,-0.01297969,0.4479558,0.7359695,0.1148956,-3.367244,0.09390926,-0.7306747,0.1081637,0.6675299,16.46559,264.8904,0.4284282,0.2564923,0.02970115,-0.9660896,-0.2891307,-0.01915354,0.04014784,-0.739458,-0.6270453,-3.623085,0.5865034,-0.1668358,1.99618,-0.09116998,0.007170743,0.9958096,-0.2816392,0.9589633,-0.03269049,-0.9551793,-0.2834394,-0.08540908,moving,-80.25339,-65.64629,16.37347,-4.777536,-8.957990724490955,-13.632005427427028
05/11/2023 10:30:10.689610,2076,True,True,True,True,Eyes,0.8395407,0.1053102,-3.436227,-0.9224306,-0.3509108,0.1611936,0.0,0.0,0.0,0.0,0.0,0.0,0.0,3.41031,-0.005852543,0.4704392,0.7266884,0.1150249,-3.363072,0.09494983,-0.7274243,0.1083417,0.6708955,16.56026,265.433,0.4324327,0.2546846,0.02969108,-0.966568,-0.2717829,-0.01800432,0.03773897,-0.7523676,-0.6225022,-3.610246,0.58964,-0.168825,1.995924,-0.08176795,0.007234219,0.9966252,-0.2835094,0.9584932,-0.0302179,-0.9554771,-0.2850235,-0.07632302,moving,-80.08772,-65.32795,16.45831,-4.83485,-8.947880351468786,-13.53868136997199
05/11/2023 10:30:10.709628,2077,True,True,True,True,Eyes,0.8345624,0.1058582,-3.434097,-0.9217867,-0.351309,0.1639854,0.0,0.0,0.0,0.0,0.0,0.0,0.0,3.401797,-0.008167729,0.4890766,0.7172852,0.1159631,-3.359098,0.09408868,-0.7248266,0.1078132,0.6739066,16.44565,265.9072,0.5326508,0.2529438,0.02969822,-0.9670249,-0.2554759,-0.01692406,0.03547463,-0.7639453,-0.6202909,-3.598369,0.5926767,-0.170751,1.995676,-0.07399447,0.008916031,0.9972188,-0.2817079,0.9590473,-0.02947773,-0.9566427,-0.2831056,-0.0684525,moving,-79.91264,-64.97758,16.54039,-4.890346,-8.937656354613988,-13.436005720270625
05/11/2023 10:30:10.729828,2078,True,True,True,True,Eyes,0.8293808,0.1064148,-3.431889,-0.9211404,-0.3517196,0.1667144,0.0,0.0,0.0,0.0,0.0,0.0,0.0,3.393479,-0.02366543,0.5036194,0.7075995,0.1182234,-3.354879,0.09151604,-0.7228677,0.1076582,0.6763852,16.22711,266.3081,0.7953996,0.2512573,0.02972284,-0.9674637,-0.2401474,-0.01590862,0.03334615,-0.7761551,-0.617651,-3.586894,0.5959042,-0.1727973,1.995413,-0.06825586,0.01332888,0.997579,-0.2779448,0.9600691,-0.03184507,-0.9581692,-0.2794455,-0.06182568,moving,-79.74126,-64.63914,16.62757,-4.94931,-8.927498968047008,-13.336814224380724
05/11/2023 10:30:10.744906,2079,True,True,True,True,Eyes,0.8240042,0.1069372,-3.429609,-0.9205099,-0.3519793,0.1696232,0.0,0.0,0.0,0.0,0.0,0.0,0.0,3.384921,-0.03842089,0.5189853,0.6976898,0.1191717,-3.350751,0.08897599,-0.7207289,0.107726,0.6789907,16.02818,266.7354,1.075171,0.2496149,0.02976357,-0.9678875,-0.2257385,-0.0149541,0.03134538,-0.7918746,-0.6057078,-3.574695,0.5992396,-0.1749116,1.995143,-0.06211005,0.01803473,0.9979064,-0.274545,0.9609568,-0.03445473,-0.9595664,-0.2761102,-0.05473374,moving,-79.55918,-64.27,16.7176,-5.010236,-8.917023448845878,-13.228650586194217
05/11/2023 10:30:10.759789,2080,True,True,True,True,Eyes,0.8184484,0.1074819,-3.427264,-0.9198576,-0.3521605,0.1727569,0.0,0.0,0.0,0.0,0.0,0.0,0.0,3.37627,-0.03983877,0.5353417,0.6878445,0.1189315,-3.346655,0.08772004,-0.7182758,0.1066028,0.6819245,15.8296,267.1861,1.153984,0.2480074,0.02981796,-0.9682989,-0.2121942,-0.01405686,0.02946466,-0.8066604,-0.5953497,-3.562212,0.6023687,-0.1768957,1.994889,-0.05456846,0.01937573,0.9983221,-0.2714044,0.9618821,-0.03350351,-0.9609174,-0.2727773,-0.04722978,moving,-79.36328,-63.86914,16.80201,-5.067418,-8.905875088386242,-13.111202132878411
05/11/2023 10:30:10.779735,2081,True,True,True,True,Eyes,0.8127224,0.1080537,-3.424854,-0.9191881,-0.3522751,0.1760552,0.0,0.0,0.0,0.0,0.0,0.0,0.0,3.367655,-0.03826156,0.5527847,0.6782063,0.1200691,-3.342716,0.08710984,-0.7156608,0.1053387,0.6849418,15.67045,267.6478,1.167597,0.2464263,0.02988541,-0.9687004,-0.1994626,-0.01321344,0.02769678,-0.8213205,-0.5888712,-3.548705,0.6057132,-0.1790161,1.994617,-0.04653319,0.01961962,0.998724,-0.268984,0.9626312,-0.03144328,-0.9620199,-0.2701039,-0.03951699,moving,-79.15726,-63.44567,16.89217,-5.128534,-8.894213626682117,-12.987134049154054
05/11/2023 10:30:10.789532,2082,True,True,True,True,Eyes,0.8068366,0.1086253,-3.422378,-0.9184366,-0.3525017,0.1794904,0.0,0.0,0.0,0.0,0.0,0.0,0.0,3.358985,-0.04485086,0.5689304,0.6685914,0.1213704,-3.338672,0.08619297,-0.7131894,0.1056329,0.6875852,15.61682,268.0878,1.32795,0.2448646,0.02996551,-0.9690938,-0.1874948,-0.01242064,0.02603497,-0.8337107,-0.585794,-3.534106,0.6088296,-0.1809926,1.994364,-0.03959478,0.02231948,0.9989666,-0.2682071,0.9628249,-0.03214255,-0.9625473,-0.2692026,-0.03213658,moving,-78.94204,-63.01524,16.97613,-5.185504,-8.881636753167825,-12.860996173692232
05/11/2023 10:30:10.810264,2083,True,True,True,True,Eyes,0.8008095,0.1091908,-3.419834,-0.9175982,-0.3528327,0.1830915,0.0,0.0,0.0,0.0,0.0,0.0,0.0,3.350242,-0.04906379,0.5848553,0.6590607,0.1220371,-3.334566,0.08574723,-0.7106477,0.1061669,0.6901854,15.62009,268.5276,1.4683,0.2433166,0.0300571,-0.9694809,-0.1762451,-0.0116754,0.02447288,-0.8430238,-0.5902183,-3.517623,0.6119996,-0.1830024,1.994106,-0.03258298,0.02467755,0.9991643,-0.2684218,0.962752,-0.03253153,-0.9627503,-0.2692575,-0.02474535,moving,-78.71577,-62.57435,17.06147,-5.243441,-8.868029756750843,-12.73176230150516
05/11/2023 10:30:10.830041,2084,True,True,True,True,Eyes,0.7946503,0.1097388,-3.417231,-0.9165756,-0.3534893,0.1869073,0.0,0.0,0.0,0.0,0.0,0.0,0.0,3.341073,-0.0396332,0.6032817,0.6498882,0.1224192,-3.330307,0.08744875,-0.7075713,0.1064998,0.6930753,15.77911,269.0111,1.421488,0.2417768,0.03015899,-0.9698629,-0.1656704,-0.01097487,0.0230045,-0.849309,-0.6027063,-3.501963,0.6152452,-0.1850609,1.993841,-0.02399874,0.02387229,0.999427,-0.2713772,0.9620211,-0.02949524,-0.9621739,-0.2719295,-0.01660896,moving,-78.47432,-62.13237,17.14881,-5.302787,-8.85256907184914,-12.602131842004066
05/11/2023 10:30:10.845175,2085,True,True,True,True,Eyes,0.7883791,0.1102746,-3.414579,-0.9153873,-0.354419,0.1909271,0.0,0.0,0.0,0.0,0.0,0.0,0.0,3.331532,-0.01529,0.624604,0.6408519,0.1224264,-3.326228,0.09131406,-0.7038682,0.1063526,0.6963623,16.07478,269.5506,1.167205,0.2402409,0.03026976,-0.970241,-0.1557302,-0.01031638,0.02162423,-0.8525996,-0.6228907,-3.48288,0.618415,-0.1870709,1.993583,-0.01348268,0.01957369,0.9997175,-0.2766659,0.9607018,-0.02254105,-0.9608716,-0.2768917,-0.007537423,moving,-78.21843,-61.68845,17.23404,-5.36074,-8.835374888532343,-12.471861844398916
05/11/2023 10:30:10.860092,2086,True,True,True,True,Eyes,0.782021,0.1107858,-3.411885,-0.9139994,-0.3557049,0.1951387,0.0,0.0,0.0,0.0,0.0,0.0,0.0,3.321337,0.008990325,0.649003,0.6322266,0.1225286,-3.322324,0.09563684,-0.699751,0.1070114,0.699822,16.47639,270.1436,0.9520828,0.2387053,0.0303883,-0.9706163,-0.1463864,-0.009697399,0.02032678,-0.8538448,-0.6451845,-3.462904,0.6215866,-0.189082,1.993325,-0.002205773,0.01593392,0.9998708,-0.2836218,0.9588043,-0.01590512,-0.9589339,-0.2836202,0.002404309,moving,-77.9483,-61.25096,17.31926,-5.418727,-8.816195686888449,-12.343384133135707
05/11/2023 10:30:10.879526,2087,True,True,True,True,Eyes,0.7755706,0.1112904,-3.409144,-0.912478,-0.357179,0.1995172,0.0,0.0,0.0,0.0,0.0,0.0,0.0,3.31167,0.02537514,0.6704025,0.6240612,0.1224134,-3.318554,0.09929176,-0.6960256,0.1087253,0.7027578,16.91228,270.6815,0.8741229,0.2371673,0.03051322,-0.9709892,-0.1376032,-0.009115555,0.01910717,-0.8544361,-0.6678416,-3.442364,0.6249125,-0.191191,1.993053,0.007454504,0.01459594,0.9998658,-0.2910343,0.9566399,-0.01179508,-0.9566836,-0.2909073,0.01137918,moving,-77.66615,-60.81264,17.40857,-5.479542,-8.795547583583918,-12.214602003214132
05/11/2023 10:30:10.894913,2088,True,True,True,True,Eyes,0.7690294,0.1117924,-3.40636,-0.910872,-0.3587282,0.2040251,0.0,0.0,0.0,0.0,0.0,0.0,0.0,3.301626,0.03745184,0.6919386,0.6156774,0.1227105,-3.314633,0.1021944,-0.6923429,0.1103594,0.7057185,17.28075,271.2263,0.8555877,0.2356251,0.03064376,-0.9713606,-0.129347,-0.008568622,0.01796074,-0.8577241,-0.6829647,-3.421833,0.6280332,-0.19317,1.9928,0.01696422,0.01425826,0.9997545,-0.2972725,0.9547542,-0.008572201,-0.9546421,-0.2970541,0.02043524,moving,-77.37477,-60.37114,17.49231,-5.536609,-8.773855500450235,-12.084847690461341
05/11/2023 10:30:10.910549,2089,True,True,True,True,Eyes,0.7624013,0.1122893,-3.403527,-0.9092079,-0.3602706,0.2086771,0.0,0.0,0.0,0.0,0.0,0.0,0.0,3.291618,0.04283834,0.7130322,0.6072184,0.1232039,-3.310756,0.1037897,-0.6888782,0.1117426,0.7086524,17.52103,271.7637,0.9239033,0.2340765,0.03077936,-0.9717306,-0.1215862,-0.008054505,0.0168831,-0.8642998,-0.6886459,-3.402236,0.6312306,-0.1951973,1.99254,0.02592103,0.01537639,0.9995459,-0.3013703,0.9534826,-0.006852368,-0.9531549,-0.3010558,0.02934925,moving,-77.07362,-59.91958,17.57805,-5.595074,-8.751279425588017,-11.952120295517457
05/11/2023 10:30:10.919916,2090,True,True,True,True,Eyes,0.7556807,0.112776,-3.400643,-0.9075497,-0.3613631,0.2139401,0.0,0.0,0.0,0.0,0.0,0.0,0.0,3.281694,0.04147214,0.7326498,0.5987402,0.1236379,-3.306696,0.1041437,-0.685744,0.1130125,0.7114335,17.64857,272.2745,1.080524,0.2325193,0.0309195,-0.9720999,-0.114291,-0.007571235,0.01587011,-0.8743461,-0.6873292,-3.383457,0.6343972,-0.1972047,1.992282,0.03396684,0.01797002,0.9992614,-0.3036336,0.9527645,-0.006812741,-0.9521833,-0.3031779,0.03781868,moving,-76.73561,-59.37293,17.6629,-5.652969,-8.727255147169675,-11.79158303736667
05/11/2023 10:30:10.939950,2091,True,True,True,True,Eyes,0.7488795,0.1132481,-3.397707,-0.9058582,-0.3623671,0.2193426,0.0,0.0,0.0,0.0,0.0,0.0,0.0,3.271328,0.03833269,0.7532105,0.5900231,0.1239552,-3.302557,0.1038507,-0.6825584,0.1138461,0.7144005,17.6857,272.807,1.256685,0.2309513,0.03106356,-0.972469,-0.1074336,-0.007116961,0.0149179,-0.8864408,-0.6811227,-3.366104,0.6375563,-0.1992078,1.992025,0.04230607,0.02089497,0.9988863,-0.3044318,0.9525082,-0.00703113,-0.9515943,-0.3037953,0.04665798,moving,-76.3885,-58.81328,17.74749,-5.710744,-8.702527374804477,-11.627222410711173
05/11/2023 10:30:10.960236,2092,True,True,True,True,Eyes,0.7419946,0.1137084,-3.394724,-0.9041762,-0.3630084,0.2251449,0.0,0.0,0.0,0.0,0.0,0.0,0.0,3.260387,0.03707442,0.7753115,0.5815498,0.1241477,-3.298332,0.1033404,-0.679235,0.1139584,0.7176169,17.6455,273.3642,1.393356,0.2293719,0.03121078,-0.9728381,-0.1009875,-0.006689943,0.01402283,-0.8989244,-0.6744089,-3.351134,0.6407495,-0.2012328,1.991766,0.05130646,0.02317218,0.9984141,-0.3039417,0.9526685,-0.006491526,-0.9513081,-0.3031267,0.05592104,moving,-76.0174,-58.19201,17.83294,-5.769149,-8.676848185925618,-11.444839952672641
05/11/2023 10:30:10.979681,2093,True,True,True,True,Eyes,0.7350351,0.1141438,-3.391686,-0.9024499,-0.3635894,0.2310559,0.0,0.0,0.0,0.0,0.0,0.0,0.0,3.248825,0.03944799,0.7994156,0.5729351,0.1243474,-3.294202,0.1031893,-0.6755838,0.11372,0.7211146,17.60646,273.9631,1.477965,0.2277792,0.03136064,-0.9732074,0.0,0.0,0.0,-0.910717,-0.6706349,-3.335831,0.6439716,-0.2032759,1.991504,0.0613086,0.02458431,0.9978161,-0.3034363,0.9528395,-0.004832204,-0.9508772,-0.3024774,0.06587701,moving,-75.63895,-57.56462,17.91911,-5.828085,-8.650456142099223,-11.260641405125114
05/11/2023 10:30:10.990043,2094,True,True,True,True,Eyes,0.7279912,0.1145549,-3.388588,-0.9007424,-0.3638752,0.237188,0.0,0.0,0.0,0.0,0.0,0.0,0.0,3.237642,0.0383146,0.8204429,0.5644367,0.124256,-3.289817,0.1027789,-0.6722881,0.1139881,0.7242044,17.58568,274.5083,1.617469,0.2261727,0.03151223,-0.9735771,0.0,0.0,0.0,-0.9211861,-0.6698202,-3.32092,0.6471246,-0.2052752,1.991248,0.0700709,0.02690729,0.997179,-0.3032955,0.9528864,-0.00439982,-0.9503167,-0.3021316,0.07493045,moving,-75.24748,-56.90212,18.00336,-5.885759,-8.623602798999375,-11.066177754993056
05/11/2023 10:30:11.009720,2095,True,True,True,True,Eyes,0.7208695,0.1149343,-3.385428,-0.8989578,-0.3641374,0.2434724,0.0,0.0,0.0,0.0,0.0,0.0,0.0,3.225738,0.03808804,0.8428607,0.5556419,0.1241217,-3.285286,0.1024691,-0.6687503,0.1142293,0.7274783,17.56995,275.0879,1.75195,0.2245515,0.03166476,-0.9739474,0.0,0.0,0.0,-0.9298633,-0.6738659,-3.307359,0.6501597,-0.2071999,1.991001,0.07944933,0.02914631,0.9964127,-0.3032512,0.9529034,-0.003693766,-0.9495928,-0.3018699,0.08454622,moving,-74.84566,-56.23221,18.08441,-5.941282,-8.595705747228331,-10.869507563276247
05/11/2023 10:30:11.029888,2096,True,True,True,True,Eyes,0.7136756,0.115292,-3.382211,-0.897159,-0.3642121,0.2499106,0.0,0.0,0.0,0.0,0.0,0.0,0.0,3.212451,0.04319694,0.8688786,0.5469721,0.1237771,-3.280572,0.1026461,-0.6646883,0.1139881,0.7312044,17.55635,275.737,1.817687,0.2229145,0.03181736,-0.9743184,0.0,0.0,0.0,-0.9369247,-0.6796986,-3.294313,0.6501601,-0.2071999,1.991001,0.09039228,0.03024187,0.9954469,-0.3031525,0.952941,-0.001422547,-0.9486452,-0.3016436,0.0953064,static,-74.4344,-55.54334,18.08442,-5.941281,-8.567259703904806,-10.667281339585568
05/11/2023 10:30:11.045241,2097,True,True,True,True,Eyes,0.7063957,0.1156317,-3.378939,-0.8952588,-0.3642728,0.2565481,0.0,0.0,0.0,0.0,0.0,0.0,0.0,3.198233,0.0512507,0.8978114,0.5384003,0.1235979,-3.276009,0.1030929,-0.6602172,0.1134398,0.7352664,17.54119,276.4414,1.844452,0.2212609,0.03196949,-0.9746902,0.0,0.0,0.0,-0.9436224,-0.6860347,-3.281909,0.6501601,-0.2071999,1.991002,0.1024895,0.03068957,0.9942607,-0.3029445,0.9530065,0.001811654,-0.9474813,-0.3013914,0.1069704,static,-74.00966,-54.84394,18.08441,-5.94128,-8.537483350357434,-10.461925978153712
05/11/2023 10:30:11.060517,2098,True,True,True,True,Eyes,0.5228474,0.1229538,-3.296085,-0.8325484,-0.3574916,0.4231583,0.0,0.0,0.0,0.0,0.0,0.0,0.0,3.182781,0.06282115,0.9291477,0.5294459,0.1234931,-3.271359,0.1037107,-0.6553442,0.1122433,0.7397092,17.49049,277.1999,1.80985,0.2195899,0.03212079,-0.9750631,0.0,0.0,0.0,-0.9498405,-0.6933206,-3.26766,0.6501592,-0.2071999,1.991,0.1158508,0.03012242,0.9928099,-0.3019871,0.9532911,0.00631547,-0.9462466,-0.3005474,0.1195361,static,-63.05719,-40.19171,18.0844,-5.941285,-7.657948735284891,-6.148958794926538
05/11/2023 10:30:11.069926,2099,True,True,True,True,Eyes,0.5224683,0.1229401,-3.295904,-0.8323547,-0.3574428,0.4235803,0.0,0.0,0.0,0.0,0.0,0.0,0.0,3.167475,0.0747439,0.9599872,0.5210037,0.1226239,-3.267044,0.1042189,-0.6505267,0.1109708,0.7440692,17.42584,277.9467,1.774555,0.2122084,0.03267618,-0.9766777,-0.5506448,0.02196626,0.2485607,-0.9570819,-0.6985088,-3.255371,0.6501602,-0.2071999,1.991001,0.1290011,0.02954569,0.9912042,-0.3007343,0.9536478,0.01071312,-0.9449432,-0.2994711,0.131907,static,-63.02873,-40.15971,18.08442,-5.941281,-7.655462677525471,-6.139515475396068
05/11/2023 10:30:11.089807,2100,True,True,True,True,Eyes,0.5217416,0.1228724,-3.295558,-0.8319934,-0.357331,0.4243838,0.0,0.0,0.0,0.0,0.0,0.0,0.0,3.151803,0.08927733,0.9894989,0.5119145,0.122238,-3.262505,0.1048132,-0.6457437,0.1088521,0.7484522,17.30609,278.6785,1.655146,0.2059951,0.03314236,-0.9779914,-0.5176061,0.02064829,0.233647,-0.963855,-0.7039544,-3.241799,0.6501599,-0.2071998,1.991001,0.1423326,0.02757613,0.9894347,-0.2983061,0.9543308,0.01631434,-0.9437982,-0.2974765,0.1440585,static,-62.97475,-40.09736,18.08441,-5.941281,-7.650802057716677,-6.121123521310927
05/11/2023 10:30:11.109514,2101,True,True,True,True,Eyes,0.5206868,0.1227645,-3.295055,-0.8314279,-0.3571634,0.4256312,0.0,0.0,0.0,0.0,0.0,0.0,0.0,3.134193,0.1055436,1.024315,0.5032823,0.1208083,-3.258164,0.1055635,-0.6402419,0.1070191,0.7533218,17.22248,279.515,1.563851,0.2007377,0.03353377,-0.9790707,-0.4865498,0.01940939,0.2196282,-0.9717418,-0.7071653,-3.227113,0.6501598,-0.2071999,1.991001,0.1572745,0.02606729,0.9872109,-0.296412,0.9548065,0.02201032,-0.9420217,-0.2960828,0.1578933,static,-62.89083,-40.0013,18.08441,-5.94128,-7.643527614323534,-6.092783835587663
05/11/2023 10:30:11.129478,2102,True,True,True,True,Eyes,0.5193125,0.1226287,-3.294402,-0.8306872,-0.3570681,0.4271546,0.0,0.0,0.0,0.0,0.0,0.0,0.0,3.116246,0.1222478,1.058747,0.4947916,0.1196896,-3.25388,0.1060869,-0.6347877,0.1045516,0.7581947,17.07391,280.3401,1.429994,0.1962616,0.03386243,-0.9799664,-0.4573568,0.01824483,0.2064505,-0.9802405,-0.7090402,-3.214407,0.6501599,-0.2071999,1.991001,0.1722272,0.02385564,0.9847683,-0.2932261,0.9556291,0.02813283,-0.9404022,-0.293605,0.1715805,static,-62.78695,-39.89301,18.08441,-5.941281,-7.634172338601542,-6.060787142029709
05/11/2023 10:30:11.139866,2103,True,True,True,True,Eyes,0.5176275,0.1224204,-3.293604,-0.8296129,-0.3571193,0.4291949,0.0,0.0,0.0,0.0,0.0,0.0,0.0,3.097144,0.1429509,1.094488,0.486227,0.1187856,-3.249633,0.1078482,-0.6288741,0.1029448,0.7630785,17.10189,281.2077,1.286798,0.1922102,0.03415333,-0.980759,-0.4299154,0.01715014,0.1940635,-0.9897585,-0.7086159,-3.201586,0.6501598,-0.2071998,1.991001,0.1878396,0.02146402,0.9819653,-0.2927558,0.9555423,0.03511468,-0.9375556,-0.294072,0.1857724,static,-62.6455,-39.76276,18.0844,-5.941277,-7.620865376643267,-6.0222148594321565
05/11/2023 10:30:11.160610,2104,True,True,True,True,Eyes,0.5156501,0.1222129,-3.292695,-0.8282803,-0.3573212,0.4315938,0.0,0.0,0.0,0.0,0.0,0.0,0.0,3.074331,0.1697341,1.137486,0.4776312,0.1167541,-3.245371,0.1106584,-0.6217061,0.1019709,0.76866,17.27205,282.2416,1.15018,0.1885158,0.03440961,-0.9814669,-0.4041204,0.01612113,0.1824197,-0.9999208,-0.7075042,-3.189643,0.6501601,-0.2071998,1.991001,0.2061668,0.0191679,0.9783292,-0.2943558,0.9547133,0.0433255,-0.9331935,-0.2969092,0.2024724,static,-62.47724,-39.62173,18.08442,-5.941278,-7.60457697283906,-5.980370554007867
05/11/2023 10:30:11.179727,2105,True,True,True,True,Eyes,0.5134031,0.1219928,-3.29166,-0.8266411,-0.3576177,0.4344815,0.0,0.0,0.0,0.0,0.0,0.0,0.0,3.050333,0.1936162,1.182941,0.4692314,0.1161492,-3.241558,0.1131413,-0.6142463,0.1010074,0.7744017,17.41679,283.3184,1.047757,0.1851353,0.034635,-0.9821023,-0.3798732,0.01515386,0.1714745,-1.010116,-0.7057987,-3.175574,0.6501599,-0.2071999,1.991001,0.224998,0.01744745,0.9742031,-0.2954338,0.9539931,0.0511467,-0.9284906,-0.2993205,0.2198011,static,-62.27364,-39.45748,18.08442,-5.941284,-7.584656095963465,-5.931596494694976
05/11/2023 10:30:11.189579,2106,True,True,True,True,Eyes,0.5108965,0.121717,-3.290514,-0.8248578,-0.3578707,0.4376506,0.0,0.0,0.0,0.0,0.0,0.0,0.0,3.02598,0.2066398,1.228812,0.4610385,0.1159973,-3.23778,0.1148894,-0.606779,0.1019687,0.779886,17.63464,284.4146,1.179837,0.1820301,0.03483247,-0.9826755,-0.3570808,0.01424463,0.161186,-1.020689,-0.7034179,-3.162355,0.6501601,-0.2072,1.991001,0.2428433,0.01962302,0.9698671,-0.2984728,0.9528056,0.05545629,-0.9230067,-0.3029461,0.2372394,static,-62.0506,-39.27316,18.08442,-5.941285,-7.56297803291518,-5.876891318971075
05/11/2023 10:30:11.209697,2107,True,True,True,True,Eyes,0.5081458,0.1214659,-3.289255,-0.822842,-0.3579589,0.4413574,0.0,0.0,0.0,0.0,0.0,0.0,0.0,3.000838,0.2130742,1.275281,0.4528392,0.1144403,-3.233978,0.1150646,-0.5993623,0.1026683,0.7854835,17.688,285.5278,1.404849,0.179166,0.03500337,-0.9831957,-0.335656,0.01338995,0.1515148,-1.030984,-0.7022619,-3.150627,0.6501598,-0.2071999,1.991001,0.2604482,0.02335775,0.9652053,-0.2992192,0.9524388,0.05769163,-0.9179514,-0.3038336,0.25505,static,-61.79171,-39.04347,18.08441,-5.941283,-7.538335507012314,-5.808821017669646
05/11/2023 10:30:11.229608,2108,True,True,True,True,Eyes,0.5051342,0.1212919,-3.287864,-0.8206846,-0.3574533,0.4457621,0.0,0.0,0.0,0.0,0.0,0.0,0.0,2.974587,0.2149151,1.32246,0.4447556,0.1145138,-3.229913,0.114017,-0.5920498,0.1021387,0.7912301,17.53989,286.6344,1.59997,0.1765124,0.03515128,-0.9836702,-0.3155166,0.01258655,0.142424,-1.040763,-0.7025264,-3.138797,0.6501604,-0.2071999,1.991001,0.2780894,0.02662301,0.9601864,-0.296638,0.9531357,0.05948488,-0.9136041,-0.3013698,0.2729543,static,-61.49101,-38.72586,18.08442,-5.941281,-7.511391788498248,-5.714997027126388
05/11/2023 10:30:11.245045,2109,True,True,True,True,Eyes,0.5018789,0.1212559,-3.286343,-0.8183328,-0.3567589,0.4506157,0.0,0.0,0.0,0.0,0.0,0.0,0.0,2.947667,0.2088516,1.369456,0.4359774,0.1166353,-3.225537,0.1119034,-0.5848326,0.1014428,0.7969679,17.27876,287.7368,1.848659,0.1740414,0.03528103,-0.9841058,-0.2965856,0.01183136,0.1338785,-1.049818,-0.7041665,-3.12734,0.6501599,-0.2071999,1.991001,0.2953604,0.03080377,0.9548892,-0.2925828,0.954374,0.0597128,-0.9094821,-0.297021,0.290897,static,-61.16058,-38.36916,18.08441,-5.941281,-7.482038061316966,-5.609663981761618
05/11/2023 10:30:11.260819,2110,True,True,True,True,Eyes,0.5018789,0.1212559,-3.286343,-0.8183328,-0.3567589,0.4506157,0.0,0.0,0.0,0.0,0.0,0.0,0.0,2.921257,0.1967013,1.413961,0.4273551,0.1200863,-3.220973,0.1093204,-0.5779855,0.1012573,0.8023272,17.00601,288.7867,2.164175,0.1717278,0.0353988,-0.9845079,-0.2787904,0.01112148,0.1258458,-1.0581,-0.7073151,-3.114846,0.6501603,-0.2071999,1.991001,0.3113597,0.03611178,0.9496058,-0.2888543,0.955592,0.05837101,-0.9053278,-0.2924721,0.3079638,static,-61.16058,-38.36916,18.08442,-5.941281,-7.482038061316966,-5.609663981761618
05/11/2023 10:30:11.269497,2111,True,True,True,True,Eyes,0.5018789,0.1212559,-3.286343,-0.8183328,-0.3567589,0.4506157,0.0,0.0,0.0,0.0,0.0,0.0,0.0,2.891227,0.2026524,1.460827,0.4186866,0.1190585,-3.216333,0.1081396,-0.5702105,0.09939559,0.8082613,16.748,289.9249,2.235395,0.1696451,0.03550461,-0.9848651,-0.262063,0.01045419,0.1182951,-1.066669,-0.7085325,-3.101412,0.65016,-0.2071997,1.991001,0.329961,0.03735057,0.9432554,-0.2839998,0.9568527,0.06145723,-0.900261,-0.2881629,0.3263316,static,-61.16058,-38.36916,18.08441,-5.941277,-7.482038061316966,-5.609663981761618
05/11/2023 10:30:11.294559,2112,True,True,True,True,Eyes,0.5018789,0.1212559,-3.286343,-0.8183328,-0.3567589,0.4506157,0.0,0.0,0.0,0.0,0.0,0.0,0.0,2.858533,0.2102783,1.510763,0.4105344,0.1202869,-3.21167,0.1066952,-0.5620548,0.09583,0.814572,16.35244,291.0992,2.161091,0.1677699,0.03559971,-0.9851829,-0.2463392,0.009826939,0.1111974,-1.076565,-0.7054734,-3.086998,0.6501601,-0.2072,1.991001,0.3498222,0.03618382,0.9361171,-0.2760579,0.9588655,0.06609833,-0.8952187,-0.2815451,0.3454212,static,-61.16058,-38.36916,18.08442,-5.941285,-7.482038061316966,-5.609663981761618
05/11/2023 10:30:11.309918,2113,True,True,True,True,Eyes,0.5018789,0.1212559,-3.286343,-0.8183328,-0.3567589,0.4506157,0.0,0.0,0.0,0.0,0.0,0.0,0.0,2.829502,0.207155,1.553902,0.4031406,0.1224648,-3.207192,0.1050715,-0.5549188,0.09480862,0.8197783,16.11062,292.1387,2.316481,0.1660817,0.03568519,-0.9854658,-0.2315589,0.009237322,0.1045255,-1.086099,-0.7008982,-3.068646,0.6501601,-0.2071998,1.991001,0.366153,0.03883184,0.9297441,-0.2720563,0.9599426,0.06704843,-0.8898974,-0.2774928,0.3620503,static,-61.16058,-38.36916,18.08442,-5.941279,-7.482038061316966,-5.609663981761618
05/11/2023 10:30:11.329976,2114,True,True,True,True,Eyes,0.5018789,0.1212559,-3.286343,-0.8183328,-0.3567589,0.4506157,0.0,0.0,0.0,0.0,0.0,0.0,0.0,2.79712,0.2008825,1.599584,0.3949739,0.1229597,-3.20184,0.1026764,-0.5471901,0.09396085,0.8253557,15.80225,293.2666,2.54556,0.1645619,0.03576204,-0.985718,-0.2176654,0.008683083,0.09825398,-1.098023,-0.6920376,-3.050062,0.6501603,-0.2071999,1.991001,0.3835088,0.04273529,0.9225479,-0.2674692,0.9612579,0.06666014,-0.8839577,-0.2723179,0.3800812,static,-61.16058,-38.36916,18.08442,-5.941283,-7.482038061316966,-5.609663981761618
05/11/2023 10:30:11.340026,2115,True,True,True,True,Eyes,0.5018789,0.1212559,-3.286343,-0.8183328,-0.3567589,0.4506157,0.0,0.0,0.0,0.0,0.0,0.0,0.0,2.762178,0.1978844,1.647933,0.3877638,0.1245284,-3.196655,0.1010884,-0.5389225,0.09341059,0.8310345,15.5868,294.4506,2.754975,0.1631936,0.03583113,-0.985943,-0.2046054,0.008162098,0.09235874,-1.1104,-0.6774729,-3.031471,0.65016,-0.2071999,1.991001,0.401674,0.04629726,0.9146118,-0.2642124,0.9621112,0.06733365,-0.8768409,-0.2686979,0.3986874,static,-61.16058,-38.36916,18.08442,-5.941283,-7.482038061316966,-5.609663981761618
05/11/2023 10:30:11.360850,2116,True,True,True,True,Eyes,0.4964838,0.1214349,-3.283461,-0.8136376,-0.3553751,0.4601112,0.0,0.0,0.0,0.0,0.0,0.0,0.0,2.72611,0.1985648,1.69546,0.380736,0.1254825,-3.191391,0.1003378,-0.5304456,0.09348331,0.8365529,15.48888,295.6479,2.971704,0.1619617,0.03589326,-0.9861438,-0.1923291,0.007672372,0.08681721,-1.12316,-0.6650825,-3.011789,0.6501598,-0.2072,1.991001,0.4197767,0.04995996,0.9062514,-0.2628549,0.9623864,0.06870017,-0.8687317,-0.2670514,0.4171196,static,-60.51188,-37.68134,18.08441,-5.941285,-7.42399957458523,-5.406490808466686
05/11/2023 10:30:11.379460,2117,True,True,True,True,Eyes,0.4910028,0.1216213,-3.280463,-0.8086936,-0.3538901,0.4698686,0.0,0.0,0.0,0.0,0.0,0.0,0.0,2.688593,0.2042516,1.742494,0.3742307,0.1255878,-3.186019,0.1001314,-0.5217917,0.09322835,0.8420306,15.42157,296.8513,3.122325,0.1607078,0.03595855,-0.9863465,-0.1807894,0.00721203,0.08160818,-1.136573,-0.649074,-2.99095,0.6501599,-0.2071999,1.991001,0.4380838,0.05250678,0.8973995,-0.2614977,0.9625643,0.07133587,-0.8600591,-0.265919,0.4354142,static,-59.84248,-36.9859,18.08441,-5.941282,-7.363635892486751,-5.200995536914712
05/11/2023 10:30:11.390149,2118,True,True,True,True,Eyes,0.4854718,0.1218261,-3.27734,-0.8035747,-0.3524387,0.4796402,0.0,0.0,0.0,0.0,0.0,0.0,0.0,2.650206,0.2058108,1.788702,0.3672935,0.1261076,-3.180345,0.09872,-0.5132461,0.09164105,0.8476053,15.15434,298.0349,3.208041,0.1594313,0.03602708,-0.9865512,-0.169942,0.006779308,0.07671168,-1.147057,-0.6393664,-2.970735,0.6501603,-0.2072,1.991001,0.4563607,0.05401554,0.8881538,-0.2566862,0.9637125,0.07328236,-0.8519666,-0.26142,0.4536655,static,-59.16774,-36.30838,18.08442,-5.941286,-7.302015656302382,-5.000676339721662
05/11/2023 10:30:11.410064,2119,True,True,True,True,Eyes,0.4798828,0.1220324,-3.274076,-0.7982311,-0.3508666,0.4896119,0.0,0.0,0.0,0.0,0.0,0.0,0.0,2.610238,0.1999469,1.835734,0.361194,0.1270064,-3.174374,0.09628973,-0.5046703,0.09047598,0.8531414,14.81024,299.2285,3.391236,0.158133,0.03609925,-0.9867575,-0.1597455,0.00637255,0.07210898,-1.155712,-0.6336339,-2.949721,0.6501601,-0.2071999,1.991001,0.4742439,0.05718848,0.8785341,-0.2515667,0.9650848,0.07297643,-0.8436865,-0.2556186,0.4720723,static,-58.47625,-35.62622,18.08442,-5.941282,-7.238463527634891,-4.798921305777607
05/11/2023 10:30:11.429994,2120,True,True,True,True,Eyes,0.474239,0.1222295,-3.270658,-0.7927344,-0.3495684,0.4993736,0.0,0.0,0.0,0.0,0.0,0.0,0.0,2.571848,0.1979584,1.877184,0.3547444,0.1273333,-3.167863,0.09450097,-0.4965928,0.08912239,0.8582088,14.52002,300.3355,3.500925,0.1568137,0.0361749,-0.9869652,-0.1501608,0.005990196,0.06778245,-1.160822,-0.6341991,-2.926335,0.6501598,-0.2071999,1.991001,0.4909057,0.05911424,0.8692048,-0.2468282,0.9662536,0.07368805,-0.8355162,-0.2507181,0.4889304,static,-57.79161,-34.99255,18.08441,-5.941282,-7.174162753687764,-4.6112845905100395
05/11/2023 10:30:11.445075,2121,True,True,True,True,Eyes,0.4685343,0.1224363,-3.267094,-0.7868713,-0.3483734,0.5093817,0.0,0.0,0.0,0.0,0.0,0.0,0.0,2.52804,0.2148574,1.921382,0.3484667,0.1272981,-3.16089,0.0948838,-0.4874072,0.0856508,0.8637682,14.32423,301.5422,3.282015,0.1554733,0.03625368,-0.9871744,-0.1411511,0.005630785,0.0637155,-1.163927,-0.6387587,-2.903353,0.6501602,-0.2071999,1.991001,0.5101964,0.05547078,0.8582672,-0.2404589,0.967322,0.08042158,-0.8257597,-0.2474088,0.5068627,static,-57.08297,-34.36878,18.08442,-5.941283,-7.106547389999634,-4.426396441265562
05/11/2023 10:30:11.461353,2122,True,True,True,True,Eyes,0.4685343,0.1224363,-3.267094,-0.7868713,-0.3483734,0.5093817,0.0,0.0,0.0,0.0,0.0,0.0,0.0,2.479145,0.2404584,1.969143,0.341982,0.127595,-3.154087,0.09664476,-0.477087,0.08190562,0.8696778,14.25582,302.8752,2.971749,0.1541138,0.03633565,-0.9873844,-0.1326821,0.005292938,0.05989257,-1.166713,-0.6434674,-2.883085,0.65016,-0.2071998,1.991001,0.531359,0.05024707,0.8456553,-0.2346789,0.9679025,0.08994738,-0.8139923,-0.2462518,0.5260956,static,-57.08297,-34.36878,18.08441,-5.941279,-7.106547389999634,-4.426396441265562
05/11/2023 10:30:11.479965,2123,True,True,True,True,Eyes,0.4685343,0.1224363,-3.267094,-0.7868713,-0.3483734,0.5093817,0.0,0.0,0.0,0.0,0.0,0.0,0.0,2.430979,0.2619857,2.014579,0.336479,0.127648,-3.147588,0.09876151,-0.4670014,0.08063381,0.8750166,14.36795,304.1863,2.89158,0.1528898,0.03640938,-0.987572,-0.1247211,0.004975361,0.05629902,-1.170086,-0.6463534,-2.860804,0.6501602,-0.2071999,1.991001,0.5508158,0.04886834,0.833195,-0.2333554,0.9674887,0.09752373,-0.8013409,-0.2481481,0.5443118,static,-57.08297,-34.36878,18.08442,-5.941282,-7.106547389999634,-4.426396441265562
05/11/2023 10:30:11.495550,2124,True,True,True,True,Eyes,0.4623322,0.1226219,-3.26283,-0.7799695,-0.3483211,0.5199232,0.0,0.0,0.0,0.0,0.0,0.0,0.0,2.385612,0.2847823,2.053692,0.3309129,0.1270275,-3.140742,0.1017546,-0.4575565,0.08094642,0.8796226,14.66023,305.4112,2.920268,0.1517882,0.03647567,-0.9877395,-0.1172379,0.00467684,0.05292108,-1.17713,-0.6406182,-2.840927,0.6501597,-0.2072001,1.991,0.5681795,0.0492876,0.8214273,-0.2355216,0.9661874,0.1049362,-0.7884806,-0.2530864,0.5605761,static,-56.31281,-33.82,18.08441,-5.941289,-7.028797172230622,-4.262962121046606
05/11/2023 10:30:11.509755,2125,True,True,True,True,Eyes,0.4561577,0.1227908,-3.258448,-0.772634,-0.348613,0.530571,0.0,0.0,0.0,0.0,0.0,0.0,0.0,2.33849,0.3104116,2.092255,0.3257681,0.127312,-3.133703,0.105595,-0.4478402,0.08190719,0.8840701,15.07418,306.6642,2.982709,0.1506306,0.0365467,-0.9879141,-0.1102036,0.00439623,0.04974581,-1.186903,-0.628413,-2.82279,0.6501601,-0.2071998,1.991002,0.5854608,0.05024408,0.8091423,-0.2394028,0.9642819,0.113344,-0.7745464,-0.2600694,0.5765778,static,-55.52245,-33.30701,18.08441,-5.941277,-6.947350398359629,-4.109815235318437
05/11/2023 10:30:11.529713,2126,True,True,True,True,Eyes,0.4499985,0.1229354,-3.253965,-0.7660838,-0.3495813,0.5393595,0.0,0.0,0.0,0.0,0.0,0.0,0.0,2.288888,0.3407624,2.130812,0.3208634,0.1270363,-3.126723,0.110148,-0.4376575,0.08306302,0.8884953,15.57136,307.9684,3.046037,0.1494237,0.03662163,-0.9880946,-0.1035914,0.004132456,0.04676107,-1.196303,-0.6179486,-2.803789,0.6501598,-0.2071998,1.991001,0.6031129,0.051188,0.7960117,-0.2440164,0.9619359,0.1230257,-0.7594148,-0.2684383,0.5926467,static,-54.85263,-32.94895,18.0844,-5.94128,-6.875792550549745,-4.00229781737018
05/11/2023 10:30:11.539912,2127,True,True,True,True,Eyes,0.4438824,0.1230784,-3.249388,-0.7591585,-0.3508118,0.5482787,0.0,0.0,0.0,0.0,0.0,0.0,0.0,2.237845,0.3750872,2.168142,0.3162261,0.1269061,-3.119836,0.1150534,-0.4273351,0.08336207,0.8928597,16.06335,309.2726,3.014091,0.1481721,0.03669949,-0.9882802,-0.09737589,0.003884508,0.0439554,-1.204586,-0.6108727,-2.784678,0.65016,-0.2072,1.991001,0.620871,0.05052856,0.7822826,-0.2471939,0.9596269,0.134206,-0.7439182,-0.2767001,0.6082949,static,-54.16247,-32.61283,18.08441,-5.941284,-6.800978111158594,-3.901044853962257
05/11/2023 10:30:11.561743,2128,True,True,True,True,Eyes,0.4378293,0.1232305,-3.244694,-0.7501488,-0.3517067,0.5599814,0.0,0.0,0.0,0.0,0.0,0.0,0.0,2.189905,0.4043123,2.201522,0.3116908,0.1269886,-3.11329,0.1192015,-0.4177539,0.08361867,0.8968169,16.47923,310.4823,3.012049,0.1468814,0.03678007,-0.9884698,-0.09153334,0.003651438,0.04131808,-1.211697,-0.6044094,-2.765549,0.6501598,-0.2072,1.991001,0.6369792,0.0503875,0.7692326,-0.249575,0.9575979,0.1439397,-0.7293627,-0.2836678,0.6225453,static,-53.25889,-32.13163,18.08441,-5.941285,-6.70438726617355,-3.75653330334445
05/11/2023 10:30:11.579855,2129,True,True,True,True,Eyes,0.431815,0.12336,-3.239897,-0.7409227,-0.3526103,0.5715763,0.0,0.0,0.0,0.0,0.0,0.0,0.0,2.144889,0.422564,2.231939,0.3070489,0.1271331,-3.106481,0.1215317,-0.4089853,0.083667,0.9005337,16.69781,311.5993,3.068971,0.1455576,0.03686348,-0.9886625,0.0,0.0,0.0,-1.218011,-0.5995982,-2.746508,0.6501602,-0.2071999,1.991001,0.6514618,0.05128053,0.7569464,-0.2500993,0.9564598,0.1504497,-0.7162737,-0.287324,0.6359222,static,-52.35202,-31.67079,18.08442,-5.941281,-6.606714481445594,-3.617917247113179
05/11/2023 10:30:11.599881,2130,True,True,True,True,Eyes,0.4258212,0.1234736,-3.234986,-0.7317762,-0.3531713,0.582901,0.0,0.0,0.0,0.0,0.0,0.0,0.0,2.104716,0.4333369,2.257583,0.3023886,0.1267505,-3.099482,0.1226028,-0.4013411,0.08353937,0.9038336,16.77898,312.578,3.149374,0.1442049,0.03694892,-0.9888576,0.0,0.0,0.0,-1.223343,-0.5974925,-2.727477,0.6501597,-0.2071998,1.991001,0.663893,0.05260027,0.7459754,-0.2494225,0.9559794,0.1545695,-0.7050068,-0.2886806,0.6477878,static,-51.4607,-31.21107,18.08441,-5.94128,-6.510940453987015,-3.479708441430806
05/11/2023 10:30:11.610772,2131,True,True,True,True,Eyes,0.4198804,0.1235681,-3.229964,-0.7224175,-0.3537409,0.5941215,0.0,0.0,0.0,0.0,0.0,0.0,0.0,2.070794,0.4362523,2.277463,0.2972521,0.126429,-3.092086,0.1222082,-0.3951307,0.08232283,0.9067304,16.65908,313.3691,3.154133,0.1428268,0.03703582,-0.9890543,0.0,0.0,0.0,-1.225175,-0.6028026,-2.707477,0.6501597,-0.2071999,1.991001,0.6741894,0.05271278,0.736675,-0.2458656,0.9565762,0.1565633,-0.6964328,-0.2866763,0.6578738,static,-50.56587,-30.76964,18.0844,-5.941281,-6.414125461222082,-3.3467928120388484
05/11/2023 10:30:11.630098,2132,True,True,True,True,Eyes,0.413982,0.1236178,-3.224827,-0.713042,-0.3540544,0.6051584,0.0,0.0,0.0,0.0,0.0,0.0,0.0,2.028958,0.4473243,2.30219,0.2930038,0.1260719,-3.084656,0.1231652,-0.3873827,0.08161529,0.9100022,16.702,314.3484,3.179002,0.1414274,0.03712359,-0.989252,0.0,0.0,0.0,-1.223685,-0.6151965,-2.686588,0.6501597,-0.2071999,1.991001,0.6865472,0.05311605,0.7251424,-0.2439643,0.9563385,0.1609285,-0.6849338,-0.2873939,0.66953,static,-49.67875,-30.33023,18.08441,-5.941283,-6.318203539454029,-3.214504470487541
05/11/2023 10:30:11.644698,2133,True,True,True,True,Eyes,0.4081316,0.1236322,-3.219573,-0.7035382,-0.3543313,0.6160222,0.0,0.0,0.0,0.0,0.0,0.0,0.0,1.990589,0.4530218,2.323551,0.2885123,0.1250237,-3.076961,0.1231878,-0.3803992,0.08079168,0.9130136,16.64317,315.2338,3.219393,0.1400098,0.03721093,-0.9894505,0.0,0.0,0.0,-1.219679,-0.630464,-2.664165,0.6501603,-0.2071998,1.991001,0.6975383,0.05380676,0.7145244,-0.2412489,0.9565949,0.163478,-0.6747144,-0.2864104,0.6802424,static,-48.79443,-29.90719,18.08442,-5.941278,-6.222089561506196,-3.0869849782600367
05/11/2023 10:30:11.662489,2134,True,True,True,True,Eyes,0.4023318,0.123591,-3.214196,-0.6940782,-0.3543903,0.6266283,0.0,0.0,0.0,0.0,0.0,0.0,0.0,1.95543,0.458598,2.341303,0.2841513,0.1242233,-3.069127,0.1234583,-0.374049,0.08036429,0.9156348,16.63094,316.0381,3.27926,0.1385776,0.03729692,-0.9896488,0.0,0.0,0.0,-1.215548,-0.6455094,-2.643381,0.6501604,-0.2071998,1.991001,0.7072578,0.05480976,0.7048278,-0.2395276,0.9565993,0.1659651,-0.6651413,-0.2862058,0.6896908,static,-47.92362,-29.49038,18.08442,-5.941278,-6.1274516346585095,-2.9613459992904483
05/11/2023 10:30:11.680014,2135,True,True,True,True,Eyes,0.3965878,0.1235041,-3.208685,-0.684517,-0.3544449,0.6370285,0.0,0.0,0.0,0.0,0.0,0.0,0.0,1.922024,0.4630882,2.356808,0.2799063,0.1228929,-3.061,0.1237527,-0.3680299,0.08071131,0.9180005,16.65561,316.8082,3.416685,0.1371327,0.0373802,-0.9898469,0.0,0.0,0.0,-1.212391,-0.6572793,-2.622171,0.6501599,-0.2071999,1.991001,0.7160794,0.05709665,0.6956797,-0.2392754,0.9563419,0.1678017,-0.6557268,-0.2866184,0.6984785,static,-47.05799,-29.09171,18.08441,-5.941282,-6.032859472658343,-2.8410024518102697
05/11/2023 10:30:11.695862,2136,True,True,True,True,Eyes,0.3909109,0.1234068,-3.203046,-0.6750367,-0.3543567,0.6471142,0.0,0.0,0.0,0.0,0.0,0.0,0.0,1.88982,0.4686563,2.37014,0.2757921,0.1217562,-3.052496,0.1242771,-0.3623115,0.08092947,0.9201826,16.69989,317.5345,3.524693,0.135678,0.03745976,-0.9900443,0.0,0.0,0.0,-1.211217,-0.6637628,-2.601037,0.6501602,-0.2071999,1.991001,0.7243615,0.05888571,0.6869009,-0.2389939,0.9560112,0.1700719,-0.6466702,-0.2873587,0.7065711,static,-46.20985,-28.7049,18.08442,-5.941282,-5.940052883675289,-2.7241954358804454
05/11/2023 10:30:11.709649,2137,True,True,True,True,Eyes,0.3853028,0.1232593,-3.19728,-0.665405,-0.3543725,0.6570055,0.0,0.0,0.0,0.0,0.0,0.0,0.0,1.856202,0.4766495,2.38371,0.2720597,0.1214346,-3.044009,0.1252773,-0.3563651,0.08100368,0.92236,16.78824,318.2823,3.601551,0.1342177,0.03753575,-0.9902405,0.0,0.0,0.0,-1.212061,-0.6657189,-2.580307,0.6501599,-0.2071998,1.991001,0.7328847,0.06014018,0.6776897,-0.238718,0.955488,0.1733678,-0.637098,-0.2888354,0.7146191,static,-45.36392,-28.34133,18.08441,-5.941281,-5.846753912375674,-2.6141493066468646
05/11/2023 10:30:11.730046,2138,True,True,True,True,Eyes,0.3797706,0.1230588,-3.191394,-0.6557517,-0.3543358,0.6666602,0.0,0.0,0.0,0.0,0.0,0.0,0.0,1.820397,0.491132,2.396911,0.2684269,0.1200794,-3.035419,0.1271496,-0.3499774,0.08094352,0.9245524,16.96394,319.0755,3.636951,0.1327533,0.03760716,-0.9904352,0.0,0.0,0.0,-1.214018,-0.664676,-2.558769,0.6501598,-0.2071999,1.991001,0.741928,0.06067405,0.6677287,-0.238672,0.9545622,0.1784562,-0.6265609,-0.2917698,0.7226977,static,-44.52738,-27.99104,18.08441,-5.941281,-5.754185288809652,-2.5080093910015693
05/11/2023 10:30:11.739771,2139,True,True,True,True,Eyes,0.3743188,0.1228169,-3.185386,-0.6459596,-0.3544285,0.6761041,0.0,0.0,0.0,0.0,0.0,0.0,0.0,1.784289,0.5063005,2.409679,0.2650591,0.1186146,-3.026922,0.1292027,-0.343521,0.08118325,0.9266657,17.17143,319.879,3.702162,0.1312875,0.03767294,-0.9906281,0.0,0.0,0.0,-1.216171,-0.6617049,-2.536519,0.6501598,-0.2071999,1.991001,0.7508052,0.06169181,0.6576365,-0.2392271,0.9534319,0.1836791,-0.6156801,-0.2952317,0.7306,static,-43.69382,-27.66451,18.08441,-5.941284,-5.661202963678811,-2.4087854373977864
05/11/2023 10:30:11.763309,2140,True,True,True,True,Eyes,0.3689792,0.1225215,-3.179248,-0.6334317,-0.3560364,0.6870244,0.0,0.0,0.0,0.0,0.0,0.0,0.0,1.750647,0.5201808,2.420039,0.2618241,0.1174178,-3.018211,0.1313528,-0.3375084,0.08216503,0.9284846,17.42042,320.6358,3.840829,0.1298225,0.03773249,-0.9908188,0.0,0.0,0.0,-1.21753,-0.65933,-2.5133,0.6501598,-0.2072,1.991001,0.758674,0.06391256,0.6483278,-0.2412432,0.9519907,0.1884554,-0.6051574,-0.2993809,0.7376692,static,-42.67584,-27.39453,18.08441,-5.941286,-5.543395528520648,-2.32501208693309
05/11/2023 10:30:11.779983,2141,True,True,True,True,Eyes,0.3637254,0.1221872,-3.172983,-0.620838,-0.357571,0.6976412,0.0,0.0,0.0,0.0,0.0,0.0,0.0,1.716549,0.5312244,2.43058,0.2588334,0.1160208,-3.009319,0.1329949,-0.3314756,0.08323239,0.9303272,17.61603,321.4001,4.012792,0.1283613,0.03778492,-0.9910071,0.0,0.0,0.0,-1.219245,-0.6572322,-2.491393,0.6501601,-0.2071999,1.991001,0.7663926,0.06669757,0.6389004,-0.2430358,0.9507695,0.1922786,-0.5946225,-0.3026366,0.7448726,static,-41.66621,-27.13709,18.08442,-5.941284,-5.426213414778197,-2.2449245599506407
05/11/2023 10:30:11.789502,2142,True,True,True,True,Eyes,0.3585669,0.1218292,-3.166598,-0.6082758,-0.3588173,0.7079906,0.0,0.0,0.0,0.0,0.0,0.0,0.0,1.682307,0.5372154,2.441595,0.2559128,0.1148196,-3.000244,0.1337013,-0.325529,0.08392765,0.9322613,17.69386,322.1543,4.179743,0.1269065,0.0378298,-0.9911928,0.0,0.0,0.0,-1.22051,-0.6553932,-2.468362,0.6501598,-0.2072,1.991001,0.7739741,0.06943769,0.6293985,-0.2435323,0.9501602,0.1946473,-0.5845137,-0.3039308,0.7523097,static,-40.66779,-26.87639,18.08441,-5.941286,-5.3105344408067925,-2.163949385365142
05/11/2023 10:30:11.809807,2143,True,True,True,True,Eyes,0.3534992,0.1214191,-3.160083,-0.5957246,-0.3599388,0.7180225,0.0,0.0,0.0,0.0,0.0,0.0,0.0,1.650942,0.5396173,2.451038,0.2532653,0.1139545,-2.991196,0.1339829,-0.3201526,0.08495405,0.9339881,17.73852,322.8439,4.38978,0.1254606,0.03786728,-0.9913754,0.0,0.0,0.0,-1.220199,-0.6545829,-2.443323,0.6501601,-0.2072,1.991001,0.7805703,0.07290217,0.6208022,-0.2444821,0.9496627,0.1958804,-0.5752726,-0.3046735,0.7591017,static,-39.68161,-26.62423,18.08442,-5.941286,-5.196097134607051,-2.0855188857155538
05/11/2023 10:30:11.829661,2144,True,True,True,True,Eyes,0.3485271,0.1209739,-3.153439,-0.5833018,-0.3608267,0.7277109,0.0,0.0,0.0,0.0,0.0,0.0,0.0,1.62128,0.5407701,2.458714,0.2506009,0.1123712,-2.98175,0.1338792,-0.3151848,0.08555033,0.9356368,17.72525,323.4772,4.55794,0.1240248,0.03789658,-0.9915549,0.0,0.0,0.0,-1.218631,-0.6539822,-2.416978,0.6501601,-0.2071999,1.991001,0.7866794,0.07569469,0.6127037,-0.2444815,0.949515,0.1965963,-0.5668901,-0.304453,0.7654698,static,-38.71417,-26.37396,18.08441,-5.941281,-5.0839302644469075,-2.0077360748746083
05/11/2023 10:30:11.845088,2145,True,True,True,True,Eyes,0.3436632,0.1204877,-3.14667,-0.5709705,-0.3615845,0.7370546,0.0,0.0,0.0,0.0,0.0,0.0,0.0,1.594079,0.5401897,2.46478,0.2481231,0.1111332,-2.972225,0.13352,-0.3107526,0.0858629,0.9371409,17.67506,324.0393,4.692601,0.1226014,0.03791753,-0.9917311,0.0,0.0,0.0,-1.216638,-0.6528345,-2.389186,0.6501599,-0.2071998,1.991001,0.7921208,0.07794788,0.6053666,-0.2439146,0.9495999,0.1968899,-0.559509,-0.3036184,0.7712104,static,-37.76369,-26.13166,18.08441,-5.941279,-4.973611456326998,-1.932357288516207
05/11/2023 10:30:11.863315,2146,True,True,True,True,Eyes,0.3389075,0.1199671,-3.13977,-0.5588322,-0.362096,0.7460516,0.0,0.0,0.0,0.0,0.0,0.0,0.0,1.57011,0.5392481,2.468514,0.2460212,0.1097462,-2.962604,0.1331957,-0.3069585,0.08639417,0.9383878,17.63892,324.5239,4.837866,0.1211918,0.03792979,-0.991904,0.0,0.0,0.0,-1.214195,-0.6520097,-2.362195,0.65016,-0.2071999,1.991001,0.796625,0.08037134,0.5991069,-0.2439136,0.9495899,0.1969396,-0.5530776,-0.3030173,0.7760707,static,-36.83516,-25.88961,18.08441,-5.941282,-4.866016842309749,-1.85716683555819
05/11/2023 10:30:11.870336,2147,True,True,True,True,Eyes,0.2231033,0.1054971,-2.964167,-0.2201085,-0.348345,0.9111575,0.0,0.0,0.0,0.0,0.0,0.0,0.0,1.548024,0.5374684,2.470731,0.2439922,0.1085156,-2.952703,0.1327189,-0.303596,0.08655315,0.9395338,17.57429,324.9488,4.937591,0.1197978,0.03793323,-0.9920731,0.0,0.0,0.0,-1.21284,-0.6498463,-2.335774,0.6501598,-0.2072,1.991001,0.8006759,0.08205338,0.5934519,-0.2432251,0.9497885,0.1968333,-0.547503,-0.3019421,0.7804303,static,-13.58077,-20.92238,18.08441,-5.941284,-2.1352307074300385,-0.2920038074335114
05/11/2023 10:30:11.895012,2148,True,True,True,True,Eyes,0.2230452,0.1054254,-2.963764,-0.219883,-0.3482581,0.9112452,0.0,0.0,0.0,0.0,0.0,0.0,0.0,1.5226,0.5410489,2.473765,0.242506,0.1065555,-2.942855,0.1329143,-0.2996357,0.08647036,0.9407844,17.57215,325.44,4.997548,0.1143168,0.03761258,-0.9927318,-0.3474127,-0.04341012,0.5268095,-1.208614,-0.6495808,-2.306514,0.6501595,-0.2071998,1.991001,0.8054827,0.08304819,0.5867714,-0.2423517,0.9497133,0.1982681,-0.5407988,-0.3019066,0.7851045,static,-13.56611,-20.91577,18.0844,-5.941279,-2.133624047738074,-0.2900068733482861
05/11/2023 10:30:11.911142,2149,True,True,True,True,Eyes,0.2229285,0.1053129,-2.962971,-0.2193738,-0.34813,0.9114168,0.0,0.0,0.0,0.0,0.0,0.0,0.0,1.498685,0.5433035,2.475924,0.2412376,0.1047036,-2.932963,0.1328982,-0.2960135,0.08623724,0.9419539,17.54308,325.8872,5.041109,0.1097355,0.03734836,-0.9932586,-0.3265679,-0.04080551,0.4952009,-1.204818,-0.6473745,-2.277836,0.6501597,-0.2072001,1.991,0.8098782,0.08378368,0.5805838,-0.2411424,0.9498024,0.1993133,-0.5347406,-0.3014228,0.7894281,static,-13.5334,-20.90514,18.08441,-5.941288,-2.1299031894645797,-0.2867473053919758
05/11/2023 10:30:11.930071,2150,True,True,True,True,Eyes,0.2227523,0.1052096,-2.961773,-0.2187082,-0.3479069,0.911662,0.0,0.0,0.0,0.0,0.0,0.0,0.0,1.473304,0.5439186,2.478985,0.2398867,0.1036284,-2.922936,0.132649,-0.2921534,0.0857527,0.9432377,17.47832,326.3604,5.06819,0.1058919,0.03712887,-0.993684,-0.3069738,-0.03835718,0.4654888,-1.197662,-0.6507452,-2.248601,0.6501602,-0.2071999,1.991001,0.8145857,0.08426263,0.5738902,-0.239278,0.9501014,0.2001331,-0.5283902,-0.3003449,0.7941012,static,-13.49034,-20.88777,18.08442,-5.941281,-2.125116495953737,-0.2814757736135993
05/11/2023 10:30:11.940099,2151,True,True,True,True,Eyes,0.2225209,0.105242,-2.960181,-0.2178401,-0.3475993,0.9119871,0.0,0.0,0.0,0.0,0.0,0.0,0.0,1.450601,0.5408241,2.480282,0.238432,0.1037618,-2.912202,0.1320353,-0.2888933,0.08519063,0.944378,17.37381,326.759,5.086585,0.1026547,0.03694624,-0.9940304,-0.2885554,-0.03605575,0.4375595,-1.185326,-0.6597466,-2.215154,0.6501604,-0.2071999,1.991001,0.8185664,0.0846161,0.5681452,-0.2371926,0.9506184,0.2001604,-0.5231526,-0.2986045,0.7982147,static,-13.43413,-20.8641,18.08442,-5.941281,-2.118900877747902,-0.27430529763079914
05/11/2023 10:30:11.963825,2152,True,True,True,True,Eyes,0.2222564,0.1052695,-2.958193,-0.2167191,-0.3471656,0.9124192,0.0,0.0,0.0,0.0,0.0,0.0,0.0,1.428607,0.5320069,2.482116,0.237008,0.1071016,-2.901242,0.1310755,-0.2858109,0.08507482,0.9454596,17.24653,327.1435,5.163039,0.09988414,0.03679595,-0.9943183,-0.2712421,-0.0338924,0.4113059,-1.171896,-0.6661216,-2.181144,0.6501596,-0.2071998,1.991001,0.8221488,0.085944,0.5627477,-0.2357952,0.9511631,0.1992225,-0.5181429,-0.2964838,0.8022627,static,-13.36138,-20.83128,18.0844,-5.941281,-2.110928450464801,-0.2643903223905202
05/11/2023 10:30:11.981289,2153,True,True,True,True,Eyes,0.2219632,0.1053388,-2.95583,-0.2153424,-0.3465919,0.9129631,2.133946,-0.2375659,-0.6342696,-1.007616,0.5165119,-0.4814608,-0.7081038,0.5890197,-0.2180188,1.980594,0.2361318,0.1070518,-2.889977,0.1307958,-0.2816024,0.08514759,0.9467537,17.19461,327.6665,5.259079,0.09738576,0.03666373,-0.9945709,-0.2549676,-0.03185886,0.3866276,-1.156938,-0.6718318,-2.146358,0.6501601,-0.2071998,1.991001,0.8269,0.08756281,0.5554901,-0.2348924,0.9512847,0.1997072,-0.5109423,-0.2956182,0.8071852,static,-13.27189,-20.78847,18.08441,-5.941278,-2.1012020578326305,-0.251485845167716
05/11/2023 10:30:11.989819,2154,True,True,True,True,Eyes,0.2216583,0.1054654,-2.953132,-0.2137352,-0.3459416,0.9135873,0.0,0.0,0.0,0.0,0.0,0.0,0.0,1.370334,0.5222703,2.490771,0.2353469,0.1081256,-2.878792,0.1289736,-0.2771917,0.08337166,0.9484618,16.91023,328.1905,5.196094,0.09513281,0.03654971,-0.9947931,-0.2396695,-0.02994733,0.3634299,-1.143472,-0.6726515,-2.110589,0.65016,-0.2071998,1.991001,0.8324278,0.08664882,0.547317,-0.2296505,0.9528299,0.1984333,-0.504306,-0.290873,0.8130611,static,-13.16761,-20.73982,18.08441,-5.941281,-2.089827393392926,-0.23680736766406962
05/11/2023 10:30:12.010696,2155,True,True,True,True,Eyes,0.2213274,0.1055554,-2.95008,-0.2118527,-0.3452086,0.9143027,0.0,0.0,0.0,0.0,0.0,0.0,0.0,1.344724,0.520683,2.492874,0.2349295,0.1095896,-2.868207,0.128606,-0.2735493,0.08190675,0.949696,16.80314,328.6178,5.106853,0.09310148,0.03645447,-0.9949888,-0.2252893,-0.02815049,0.3416241,-1.131965,-0.6656941,-2.074511,0.6501601,-0.2071998,1.991001,0.8369241,0.08521292,0.5406447,-0.2259332,0.9535036,0.1994621,-0.49851,-0.2890842,0.8172626,static,-13.04576,-20.68478,18.08441,-5.941278,-2.076476551870526,-0.22018050452028426
05/11/2023 10:30:12.029730,2156,True,True,True,True,Eyes,0.2209799,0.1056585,-2.946712,-0.2097898,-0.3445612,0.9150224,0.0,0.0,0.0,0.0,0.0,0.0,0.0,1.312253,0.517824,2.497672,0.2341883,0.1087676,-2.856894,0.1273992,-0.2686847,0.07978292,0.9514266,16.57647,329.1877,4.989273,0.09126934,0.03637533,-0.9951615,-0.211772,-0.02646146,0.3211267,-1.122147,-0.6524525,-2.037902,0.6501603,-0.2071999,1.991001,0.8428864,0.08335476,0.5315961,-0.2202756,0.9548082,0.199549,-0.490939,-0.2852948,0.8231559,static,-12.91319,-20.63439,18.08442,-5.941282,-2.061637663959707,-0.2048475487223742
05/11/2023 10:30:12.039649,2157,True,True,True,True,Eyes,0.2206142,0.1057876,-2.943039,-0.2074952,-0.3439304,0.9157826,0.0,0.0,0.0,0.0,0.0,0.0,0.0,1.282224,0.5141303,2.501729,0.2336469,0.109128,-2.846151,0.1262093,-0.26429,0.0772195,0.9530263,16.34248,329.692,4.810529,0.08961705,0.03631157,-0.9953139,-0.1990657,-0.02487377,0.3018591,-1.112869,-0.6367459,-2.002516,0.6501598,-0.2071998,1.991001,0.8483759,0.08047272,0.5232422,-0.2138961,0.9562167,0.1997449,-0.4842589,-0.2813782,0.8284441,static,-12.76635,-20.58412,18.08441,-5.941281,-2.045018409184161,-0.1894742051495042
05/11/2023 10:30:12.059934,2158,True,True,True,True,Eyes,0.2202288,0.1059478,-2.939063,-0.2049987,-0.3433972,0.9165446,0.0,0.0,0.0,0.0,0.0,0.0,0.0,1.253956,0.5156398,2.503431,0.2330228,0.1098431,-2.83533,0.1262911,-0.2600391,0.07575258,0.9543018,16.28628,330.1899,4.714966,0.08812688,0.03626293,-0.9954488,-0.1871217,-0.02338135,0.2837475,-1.100362,-0.62865,-1.966074,0.65016,-0.2072,1.991001,0.8532824,0.0789004,0.5154453,-0.2102628,0.9566242,0.2016423,-0.4771778,-0.2804368,0.8328605,static,-12.60754,-20.53922,18.08442,-5.941286,-2.026731723709556,-0.17559727688086202
05/11/2023 10:30:12.069786,2159,True,True,True,True,Eyes,0.2198386,0.1061655,-2.934814,-0.202209,-0.3429927,0.9173154,0.0,0.0,0.0,0.0,0.0,0.0,0.0,1.224476,0.518679,2.504882,0.2323568,0.1107904,-2.824277,0.1267648,-0.2555052,0.07464883,0.9555499,16.28446,330.726,4.654003,0.08678292,0.03622936,-0.995568,-0.1758944,-0.02197847,0.2667227,-1.087207,-0.6154213,-1.929006,0.6501598,-0.2071999,1.991001,0.8582893,0.07788323,0.5072216,-0.2074395,0.9567164,0.2041138,-0.4693702,-0.2804065,0.8372956,static,-12.43123,-20.50123,18.08441,-5.941282,-2.0060383462661666,-0.1636348458385406
05/11/2023 10:30:12.089556,2160,True,True,True,True,Eyes,0.2194462,0.1064311,-2.930309,-0.1991334,-0.3428017,0.9180593,0.0,0.0,0.0,0.0,0.0,0.0,0.0,1.192961,0.5280519,2.506311,0.2320554,0.1123346,-2.813738,0.1284514,-0.2505182,0.07356811,0.956728,16.41821,331.3127,4.568947,0.08557036,0.03621167,-0.9956736,-0.1653408,-0.02065976,0.2507193,-1.074218,-0.6036766,-1.89576,0.6501599,-0.2071999,1.991001,0.8636567,0.07641051,0.4982555,-0.2051282,0.956176,0.2089258,-0.4604558,-0.2826464,0.8414817,static,-12.23827,-20.47554,18.08441,-5.941281,-1.9828660860085607,-0.15515672812353465
05/11/2023 10:30:12.109690,2161,True,True,True,True,Eyes,0.2190539,0.1067334,-2.925568,-0.1957462,-0.3426875,0.91883,0.0,0.0,0.0,0.0,0.0,0.0,0.0,1.157771,0.53878,2.508924,0.2318697,0.1136397,-2.803344,0.1303018,-0.2448082,0.07253256,0.9580343,16.56963,331.9871,4.498705,0.0844776,0.03621026,-0.9957669,-0.1554203,-0.01942017,0.2356762,-1.060225,-0.5906132,-1.859106,0.65016,-0.2072,1.991001,0.8696159,0.07517942,0.4879715,-0.2027753,0.9555209,0.2141541,-0.450167,-0.2851804,0.8461807,static,-12.02642,-20.45354,18.08442,-5.941285,-1.957220438961496,-0.14765064404309136
05/11/2023 10:30:12.120791,2162,True,True,True,True,Eyes,0.2186746,0.1070545,-2.920611,-0.1922498,-0.3426615,0.9195777,0.0,0.0,0.0,0.0,0.0,0.0,0.0,1.12424,0.5455642,2.511426,0.2316919,0.1148182,-2.793197,0.1315577,-0.2393458,0.07212775,0.9592726,16.67403,332.6425,4.514678,0.08349186,0.03622511,-0.9958496,-0.1460951,-0.01825496,0.2215356,-1.04213,-0.5796981,-1.822176,0.6501599,-0.2071998,1.991001,0.8750224,0.07540477,0.4781736,-0.2013559,0.9549803,0.2178725,-0.4402178,-0.2869264,0.8508123,static,-11.80836,-20.43686,18.08441,-5.941281,-1.9306260472414563,-0.14165682371388488
05/11/2023 10:30:12.139899,2163,True,True,True,True,Eyes,0.2183101,0.1073994,-2.915442,-0.1885076,-0.3425321,0.9204003,0.0,0.0,0.0,0.0,0.0,0.0,0.0,1.093556,0.5466799,2.513756,0.2318319,0.1156667,-2.783266,0.1319158,-0.2343913,0.07269266,0.9604035,16.70606,333.254,4.658506,0.08260433,0.03625554,-0.9959225,-0.1373294,-0.01715966,0.2082434,-1.021524,-0.5731413,-1.785932,0.6501601,-0.2071999,1.991001,0.879553,0.07778875,0.469399,-0.2014684,0.954628,0.2193077,-0.4310418,-0.2874618,0.855318,static,-11.5747,-20.41303,18.08442,-5.941283,-1.9023258130871095,-0.13350428935028535
05/11/2023 10:30:12.159903,2164,True,True,True,True,Eyes,0.2179625,0.1077577,-2.910057,-0.184771,-0.3422652,0.9212569,0.0,0.0,0.0,0.0,0.0,0.0,0.0,1.062958,0.5403074,2.517231,0.2319993,0.1166875,-2.773233,0.1309625,-0.2295031,0.0734701,0.9616544,16.595,333.8636,4.860037,0.08180662,0.03630112,-0.9959867,-0.1290896,-0.01613008,0.1957488,-0.9991409,-0.5691625,-1.750436,0.65016,-0.2071999,1.991001,0.8838609,0.08119307,0.460649,-0.2014183,0.9549019,0.2181582,-0.4221617,-0.2856047,0.8603543,static,-11.34101,-20.38103,18.08441,-5.941281,-1.8742916563847596,-0.12297890976740344
05/11/2023 10:30:12.179844,2165,True,True,True,True,Eyes,0.2176274,0.1081518,-2.904466,-0.1808265,-0.3418432,0.9221957,0.0,0.0,0.0,0.0,0.0,0.0,0.0,1.03038,0.5279226,2.522099,0.2322691,0.1174876,-2.7629,0.1287287,-0.224397,0.07355097,0.9631538,16.31873,334.4898,5.015854,0.08109123,0.03636108,-0.996043,-0.1213442,-0.01516228,0.1840039,-0.9790799,-0.5589422,-1.714839,0.6501597,-0.2072,1.991001,0.8884725,0.08390911,0.4511939,-0.1994545,0.9560384,0.2149619,-0.4133214,-0.2809803,0.8661498,static,-11.09395,-20.33894,18.08441,-5.941286,-1.8449263519520174,-0.10945275482155559
05/11/2023 10:30:12.189989,2166,True,True,True,True,Eyes,0.2173012,0.1085191,-2.898679,-0.1769062,-0.3414396,0.9231051,0.0,0.0,0.0,0.0,0.0,0.0,0.0,0.9987228,0.5179281,2.525833,0.2325319,0.1189536,-2.752691,0.1269439,-0.219495,0.07276754,0.9645788,16.07163,335.0747,5.054085,0.08044964,0.03643563,-0.9960922,-0.1140636,-0.01425254,0.1729637,-0.9581273,-0.5447143,-1.67841,0.6501599,-0.2072,1.991001,0.8930536,0.08465295,0.4419153,-0.1961071,0.9571803,0.2129505,-0.4049657,-0.2768389,0.8714144,static,-10.84877,-20.29851,18.08442,-5.941286,-1.815740258663109,-0.09641860022532622
05/11/2023 10:30:12.210008,2167,True,True,True,True,Eyes,0.2169653,0.1088582,-2.892694,-0.1727114,-0.3410493,0.9240434,0.0,0.0,0.0,0.0,0.0,0.0,0.0,0.9641932,0.5144291,2.528709,0.2325458,0.1184656,-2.742365,0.125756,-0.2140729,0.07025976,0.9661376,15.84742,335.6933,4.884988,0.07987594,0.03652267,-0.9961352,-0.1072198,-0.01339739,0.1625858,-0.938459,-0.5336208,-1.644548,0.6501598,-0.2072,1.991001,0.8984727,0.08191929,0.4313189,-0.1896031,0.9584981,0.2129136,-0.3959767,-0.2730765,0.8767164,static,-10.5869,-20.25828,18.08441,-5.941285,-1.7844699023315433,-0.0833545317481521
05/11/2023 10:30:12.229593,2168,True,True,True,True,Eyes,0.216629,0.1092042,-2.886543,-0.1685202,-0.340865,0.9248848,0.0,0.0,0.0,0.0,0.0,0.0,0.0,0.9268116,0.5176045,2.530716,0.2322112,0.1180242,-2.731953,0.1257547,-0.2080081,0.06726731,0.9676744,15.74542,336.379,4.640616,0.079364,0.03662021,-0.9961725,-0.1007866,-0.01259355,0.1528307,-0.9140892,-0.5296572,-1.610378,0.6501601,-0.2071999,1.991001,0.9044155,0.07786968,0.4194866,-0.1825017,0.9593217,0.2153949,-0.3856498,-0.2713635,0.8818368,static,-10.32639,-20.23129,18.08442,-5.941281,-1.7529315985138914,-0.0741427226931135
05/11/2023 10:30:12.239985,2169,True,True,True,True,Eyes,0.2081429,0.1175737,-2.728824,-0.05677783,-0.338909,0.9391044,0.0,0.0,0.0,0.0,0.0,0.0,0.0,0.8934789,0.5260288,2.530325,0.2321113,0.1184343,-2.722068,0.1270048,-0.2026128,0.06455994,0.9688395,15.79855,336.9852,4.388645,0.07890677,0.036728,-0.996205,-0.09473938,-0.01183793,0.1436608,-0.8845835,-0.5305732,-1.575457,0.65016,-0.2071999,1.991001,0.9095601,0.07363084,0.4089973,-0.176562,0.9594036,0.2199332,-0.3761997,-0.2722559,0.8856357,static,-3.459865,-19.84377,18.08442,-5.941284,-0.9109485571852106,0.07460197902371757
05/11/2023 10:30:12.265000,2170,True,True,True,True,Eyes,0.2081342,0.1175734,-2.728418,-0.05665391,-0.3392577,0.9389859,0.0,0.0,0.0,0.0,0.0,0.0,0.0,0.8615527,0.5407398,2.52772,0.2318916,0.1183842,-2.712242,0.1295005,-0.1973139,0.06257932,0.9697324,16.0131,337.5877,4.192196,0.07839727,0.03747661,-0.9962173,-0.1145132,0.01398086,0.6082,-0.8525219,-0.5351066,-1.54236,0.6501599,-0.2071999,1.991001,0.9143021,0.0702659,0.3988914,-0.1724748,0.958627,0.226466,-0.3664753,-0.2758571,0.8885937,static,-3.452767,-19.8649,18.08441,-5.941283,-0.9093671487369905,0.0685029428167816
05/11/2023 10:30:12.279670,2171,True,True,True,True,Eyes,0.2081174,0.1175897,-2.727633,-0.05605774,-0.3398304,0.9388145,0.0,0.0,0.0,0.0,0.0,0.0,0.0,0.8273458,0.5594705,2.524508,0.2319288,0.1182931,-2.702381,0.1327764,-0.19156,0.06079769,0.970556,16.32149,338.2455,4.012003,0.07802115,0.03810221,-0.9962231,-0.1076424,0.01314201,0.571708,-0.8207451,-0.545017,-1.512318,0.6501599,-0.2071999,1.991001,0.9192169,0.06714585,0.3879843,-0.1688844,0.9573482,0.234441,-0.3556943,-0.2810266,0.8913504,static,-3.417142,-19.89915,18.08441,-5.941283,-0.9038012664012083,0.058744073941498165
05/11/2023 10:30:12.295769,2172,True,True,True,True,Eyes,0.2080958,0.117587,-2.726498,-0.05526937,-0.3406611,0.9385602,0.0,0.0,0.0,0.0,0.0,0.0,0.0,0.792738,0.5783516,2.521139,0.2319218,0.1186195,-2.692807,0.1362547,-0.1856219,0.05965947,0.9712982,16.66863,338.9345,3.909188,0.07774875,0.03862896,-0.996224,-0.1011838,0.01235349,0.5374056,-0.7861071,-0.5576187,-1.483149,0.6501597,-0.2071999,1.991001,0.9239705,0.06531055,0.3768462,-0.166478,0.9557508,0.2425396,-0.3443306,-0.2868361,0.8939583,static,-3.370108,-19.94894,18.08441,-5.941283,-0.896301928107845,0.04453231574198213
05/11/2023 10:30:12.309777,2173,True,True,True,True,Eyes,0.2080675,0.1175894,-2.725027,-0.05396561,-0.341715,0.9382529,0.0,0.0,0.0,0.0,0.0,0.0,0.0,0.7557511,0.6054491,2.516294,0.232058,0.1181525,-2.68359,0.1412545,-0.1790131,0.05976486,0.9718178,17.21419,339.7219,3.93726,0.07755791,0.03907306,-0.9962216,-0.09511279,0.01161228,0.5051612,-0.7484521,-0.5734572,-1.454719,0.65016,-0.2071998,1.991001,0.928765,0.0655883,0.3648202,-0.1667339,0.9529507,0.25315,-0.331052,-0.2959447,0.8960029,static,-3.291862,-20.0118,18.08441,-5.94128,-0.8844855243835783,0.026689402067329837
05/11/2023 10:30:12.329809,2174,True,True,True,True,Eyes,0.208035,0.1175985,-2.723237,-0.05251735,-0.3429104,0.9378989,0.0,0.0,0.0,0.0,0.0,0.0,0.0,0.7185262,0.6260244,2.512375,0.2320761,0.1182442,-2.674392,0.1451289,-0.1723934,0.05957952,0.9724548,17.62615,340.5089,3.961229,0.07740835,0.03946442,-0.996217,-0.08940603,0.01091554,0.4748515,-0.7100316,-0.589987,-1.427919,0.65016,-0.2071999,1.991001,0.9334615,0.06583824,0.3525831,-0.1659154,0.9507757,0.2617204,-0.3179962,-0.3028049,0.8984362,static,-3.204912,-20.0832,18.08441,-5.941283,-0.8713035702647194,0.006412239153486432
05/11/2023 10:30:12.340157,2175,True,True,True,True,Eyes,0.2079919,0.1176452,-2.72114,-0.05061198,-0.34409,0.9375716,0.0,0.0,0.0,0.0,0.0,0.0,0.0,0.6802126,0.6394091,2.509987,0.2322166,0.1184356,-2.665261,0.1476559,-0.1656228,0.05930948,0.9732674,17.88234,341.3158,4.00912,0.07727752,0.03981978,-0.9962125,-0.08404167,0.01026061,0.4463605,-0.6746206,-0.6034486,-1.403502,0.65016,-0.2071999,1.991001,0.938103,0.0665376,0.3399052,-0.1643583,0.9493603,0.2677713,-0.3048757,-0.3070633,0.9015337,static,-3.089941,-20.1532,18.08441,-5.941283,-0.8546796507886051,-0.013310604702968298
05/11/2023 10:30:12.360238,2176,True,True,True,True,Eyes,0.2079442,0.1177238,-2.718745,-0.04876613,-0.3449335,0.9373595,0.0,0.0,0.0,0.0,0.0,0.0,0.0,0.6435637,0.6430869,2.509079,0.2321125,0.1194292,-2.656139,0.148546,-0.1591433,0.05935588,0.9742096,17.95814,342.0961,4.12148,0.07716402,0.04014461,-0.9962078,-0.07899917,0.009644972,0.4195789,-0.6436776,-0.609767,-1.379396,0.6501598,-0.2072,1.991001,0.9423006,0.06836994,0.3277121,-0.1629304,0.9488219,0.2705377,-0.2924438,-0.308322,0.905215,static,-2.978128,-20.20282,18.08441,-5.941286,-0.8391218995026487,-0.02713144992119343
05/11/2023 10:30:12.380132,2177,True,True,True,True,Eyes,0.2078844,0.1178125,-2.716047,-0.04655231,-0.3456363,0.9372131,0.0,0.0,0.0,0.0,0.0,0.0,0.0,0.6102664,0.6415434,2.508097,0.2321874,0.1203543,-2.646915,0.1484943,-0.1533334,0.05961231,0.9751332,17.93179,342.8004,4.262866,0.07706678,0.0404436,-0.996203,-0.07425922,0.009066273,0.3944041,-0.6179634,-0.6118931,-1.356759,0.6501599,-0.2071999,1.991001,0.9458705,0.07072163,0.316745,-0.1617981,0.9487916,0.2713223,-0.2813368,-0.3078845,0.9088767,static,-2.843601,-20.24355,18.08441,-5.941282,-0.8210301810454492,-0.03825075171038428
05/11/2023 10:30:12.390059,2178,True,True,True,True,Eyes,0.207822,0.1179018,-2.713065,-0.04447873,-0.3461002,0.9371427,0.0,0.0,0.0,0.0,0.0,0.0,0.0,0.5769018,0.6352406,2.507359,0.2319976,0.1207491,-2.637193,0.1474342,-0.1475514,0.05939961,0.9761986,17.78097,343.4927,4.364344,0.07698458,0.04072019,-0.9961979,-0.06980367,0.008522297,0.3707399,-0.600072,-0.6082747,-1.335742,0.6501601,-0.2071999,1.991001,0.9494006,0.07246337,0.3055939,-0.1594799,0.9494697,0.2703212,-0.2705638,-0.3053791,0.9129835,static,-2.717337,-20.26991,18.08442,-5.941282,-0.8044416491570251,-0.045240362170432924
05/11/2023 10:30:12.409728,2179,True,True,True,True,Eyes,0.2077486,0.1179722,-2.709793,-0.04207654,-0.3465125,0.9371012,0.0,0.0,0.0,0.0,0.0,0.0,0.0,0.5449853,0.6306481,2.505723,0.2321021,0.1208858,-2.627715,0.146636,-0.1420912,0.0587136,0.9771698,17.65363,344.1364,4.398121,0.07691664,0.04097712,-0.9961925,-0.06561545,0.008010959,0.3484955,-0.573785,-0.609749,-1.313507,0.6501598,-0.2071999,1.991001,0.9527256,0.07307495,0.2949135,-0.1564177,0.9501012,0.2698911,-0.2604754,-0.3032618,0.916616,static,-2.570896,-20.29291,18.08441,-5.941283,-0.785452342333812,-0.05114779792559965
05/11/2023 10:30:12.429618,2180,True,True,True,True,Eyes,0.2076702,0.118012,-2.706249,-0.03975493,-0.3468696,0.9370705,0.0,0.0,0.0,0.0,0.0,0.0,0.0,0.512875,0.6295931,2.502449,0.2320405,0.1206359,-2.617877,0.1464764,-0.1365326,0.05788657,0.9780351,17.59729,344.7882,4.406247,0.07686193,0.04121614,-0.9961869,-0.06167853,0.007530302,0.3275858,-0.5513463,-0.6084431,-1.291916,0.6501598,-0.2071999,1.991001,0.956016,0.07323258,0.2840255,-0.1532278,0.9503877,0.2707112,-0.2501094,-0.3023248,0.919807,static,-2.4293,-20.31273,18.08441,-5.941282,-0.7671711849638212,-0.056157260249922736
05/11/2023 10:30:12.439996,2181,True,True,True,True,Eyes,0.2075856,0.1180185,-2.702448,-0.03712678,-0.3472677,0.9370309,0.0,0.0,0.0,0.0,0.0,0.0,0.0,0.4826167,0.6318496,2.497523,0.2319402,0.1197987,-2.607993,0.1468842,-0.1312873,0.0568051,0.9787554,17.60439,345.3972,4.370003,0.07681975,0.04143836,-0.9961809,-0.05797781,0.007078484,0.3079306,-0.5306847,-0.6081848,-1.27209,0.6501598,-0.2071999,1.991001,0.9590737,0.07262854,0.2736838,-0.1497646,0.9503965,0.2726118,-0.2403087,-0.3024429,0.9223774,static,-2.268971,-20.33492,18.08441,-5.941284,-0.7464797776196008,-0.06175623674579178
05/11/2023 10:30:12.460159,2182,True,True,True,True,Eyes,0.2074968,0.1179995,-2.698394,-0.03463754,-0.3476582,0.9369813,0.0,0.0,0.0,0.0,0.0,0.0,0.0,0.4531505,0.6366859,2.491648,0.231845,0.1189905,-2.598291,0.1478325,-0.1261019,0.05600388,0.9793404,17.67883,346.0038,4.358623,0.07678936,0.04164467,-0.9961746,-0.05449915,0.006653775,0.2894548,-0.5105023,-0.6087967,-1.252795,0.6501598,-0.2072,1.991001,0.9619238,0.07240982,0.2635517,-0.1469776,0.9500182,0.2754323,-0.2304349,-0.303681,0.9244878,static,-2.117098,-20.3569,18.08441,-5.941286,-0.7268479523744547,-0.06733880981862228
05/11/2023 10:30:12.479572,2183,True,True,True,True,Eyes,0.2074078,0.1179584,-2.694098,-0.03185398,-0.3481499,0.9368975,0.0,0.0,0.0,0.0,0.0,0.0,0.0,0.4243749,0.6431613,2.484781,0.2318693,0.1183411,-2.588458,0.149167,-0.1210366,0.05517371,0.9798242,17.79853,346.5955,4.337518,0.07677014,0.04183614,-0.9961681,-0.0512292,0.006254548,0.2720875,-0.4912584,-0.6101754,-1.234356,0.6501598,-0.2071999,1.991001,0.964612,0.07201174,0.2536494,-0.1442304,0.9494101,0.2789587,-0.220729,-0.3056709,0.9261987,static,-1.947274,-20.385,18.08441,-5.941283,-0.7047793818655924,-0.07460407474227981
05/11/2023 10:30:12.495105,2184,True,True,True,True,Eyes,0.2073178,0.1178958,-2.689553,-0.02911445,-0.3486755,0.9367911,0.0,0.0,0.0,0.0,0.0,0.0,0.0,0.3951622,0.651401,2.47717,0.2319089,0.1177189,-2.578606,0.1508654,-0.1158861,0.05395525,0.9802545,17.95551,347.1903,4.268977,0.07676171,0.04201385,-0.9961614,-0.04815545,0.005879276,0.2557622,-0.4704483,-0.6125132,-1.216517,0.65016,-0.2071999,1.991001,0.9673184,0.07081334,0.2434758,-0.1407462,0.9486569,0.2832676,-0.2109159,-0.3082783,0.9276201,static,-1.780118,-20.41537,18.08441,-5.941282,-0.6829679717607168,-0.0825426475759059
05/11/2023 10:30:12.510761,2185,True,True,True,True,Eyes,0.2072287,0.1178033,-2.684772,-0.02603478,-0.3492701,0.9366604,0.0,0.0,0.0,0.0,0.0,0.0,0.0,0.3626857,0.6578193,2.46986,0.2320223,0.1170641,-2.56845,0.152194,-0.1102006,0.05191575,0.9808148,18.05866,347.8336,4.119351,0.07676367,0.0421788,-0.9961544,-0.04526612,0.005526519,0.2404165,-0.4472318,-0.6191719,-1.199373,0.6501601,-0.2071999,1.991001,0.9703212,0.06829575,0.2319752,-0.1353832,0.9482835,0.2871059,-0.2003702,-0.3099906,0.9293856,static,-1.592145,-20.44992,18.08442,-5.941283,-0.6584271097577893,-0.09158539721846459
05/11/2023 10:30:12.530201,2186,True,True,True,True,Eyes,0.2071264,0.1176749,-2.679778,-0.02291001,-0.3498586,0.9365223,0.0,0.0,0.0,0.0,0.0,0.0,0.0,0.3274952,0.6644303,2.46249,0.233132,0.115831,-2.558282,0.1534512,-0.1041362,0.04985189,0.9813884,18.15407,348.5214,3.976084,0.07677572,0.04233156,-0.9961471,-0.04255015,0.005194928,0.2259915,-0.4230488,-0.6266331,-1.182786,0.65016,-0.2071998,1.991,0.9733409,0.06588848,0.2196959,-0.1298078,0.947935,0.2908077,-0.1890965,-0.3115732,0.9312167,moving,-1.401339,-20.48428,18.08442,-5.941282,-0.6335398558625339,-0.1005580313087524
05/11/2023 10:30:12.539686,2187,True,True,True,True,Eyes,0.2052687,0.1131767,-2.549428,0.06476503,-0.3631831,0.9294642,0.0,0.0,0.0,0.0,0.0,0.0,0.0,0.289547,0.6687872,2.455918,0.2329569,0.1147444,-2.54857,0.1542947,-0.09731807,0.04714178,0.9820896,18.19415,349.2866,3.77601,0.07679702,0.04247237,-0.9961396,-0.03999714,0.004883232,0.212432,-0.4032034,-0.6346356,-1.169952,0.6456729,-0.2072001,1.991,0.9766137,0.06256358,0.2056976,-0.1226262,0.9479415,0.293887,-0.1766027,-0.312238,0.9334447,moving,3.985925,-21.3428,17.96766,-5.941289,0.06544720341349786,-0.3214807964794799
05/11/2023 10:30:12.560054,2188,True,True,True,True,Eyes,0.2052492,0.1131477,-2.549012,0.06499174,-0.3630997,0.9294809,0.0,0.0,0.0,0.0,0.0,0.0,0.0,0.2517803,0.6701809,2.449223,0.2326925,0.1136239,-2.538537,0.1546143,-0.09042203,0.04515694,0.9827915,18.18424,350.0739,3.669132,0.07714627,0.04269074,-0.9961027,-0.04317036,-0.008904535,0.5907372,-0.3831171,-0.6407464,-1.156309,0.6414281,-0.2072,1.991,0.9795694,0.06079865,0.1916958,-0.1167208,0.9481106,0.2957408,-0.1637682,-0.3120735,0.9358366,moving,3.999761,-21.33799,17.85706,-5.941287,0.06701073180134332,-0.3200109531016526
05/11/2023 10:30:12.579840,2189,True,True,True,True,Eyes,0.2052143,0.113039,-2.548204,0.06575309,-0.3630054,0.9294642,0.0,0.0,0.0,0.0,0.0,0.0,0.0,0.2148539,0.6694137,2.442535,0.2324264,0.1128669,-2.528536,0.1546105,-0.083607,0.04360514,0.9834653,18.14359,350.859,3.614905,0.07745621,0.0428671,-0.9960707,-0.04058014,-0.008370264,0.5552929,-0.3643829,-0.642949,-1.141808,0.6369864,-0.2072001,1.991,0.9822169,0.05991525,0.1779328,-0.1116213,0.9483884,0.2968167,-0.1509656,-0.3113995,0.9382109,moving,4.046535,-21.3333,17.74118,-5.941289,0.07267851689003413,-0.31840229629443684
05/11/2023 10:30:12.589678,2190,True,True,True,True,Eyes,0.2051576,0.1128527,-2.547003,0.06667828,-0.3627671,0.9294913,0.0,0.0,0.0,0.0,0.0,0.0,0.0,0.176311,0.670215,2.435138,0.2321739,0.1108396,-2.518726,0.1546815,-0.07636892,0.04231203,0.9840991,18.11387,351.6989,3.598435,0.07773243,0.04300727,-0.996043,-0.03814533,-0.007868048,0.5219753,-0.3474998,-0.643288,-1.127566,0.6328015,-0.2072,1.991,0.9847549,0.05965274,0.163399,-0.1069042,0.9485666,0.2979813,-0.1372194,-0.3109066,0.9404828,moving,4.103159,-21.31998,17.63187,-5.941288,0.07928747788139878,-0.3142354283387947
05/11/2023 10:30:12.609587,2191,True,True,True,True,Eyes,0.2050826,0.1126316,-2.545426,0.06811994,-0.3625045,0.9294893,0.0,0.0,0.0,0.0,0.0,0.0,0.0,0.1373655,0.6655445,2.428258,0.2318129,0.108752,-2.508524,0.1536926,-0.06907386,0.04056956,0.9848663,17.95909,352.5352,3.536499,0.07798023,0.04311873,-0.9960188,-0.03585661,-0.007395965,0.4906568,-0.3329891,-0.6429598,-1.113347,0.6285045,-0.2072001,1.991,0.9871658,0.05867891,0.1485275,-0.1011435,0.9494654,0.2971287,-0.1235865,-0.3083379,0.9432148,moving,4.191571,-21.30598,17.51949,-5.941289,0.08983111780557751,-0.30970347858708713
05/11/2023 10:30:12.629786,2192,True,True,True,True,Eyes,0.2050826,0.1126316,-2.545426,0.06811994,-0.3625045,0.9294893,0.0,0.0,0.0,0.0,0.0,0.0,0.0,0.09932446,0.6637701,2.420006,0.2314383,0.1077188,-2.498343,0.1535055,-0.06178264,0.03969089,0.9854155,17.90489,353.3875,3.570234,0.07820529,0.04321314,-0.9959971,-0.03370522,-0.006952207,0.4612174,-0.3209835,-0.6414833,-1.099751,0.6240671,-0.2072,1.991,0.9892151,0.05925608,0.1339487,-0.09719197,0.9497213,0.297629,-0.1095776,-0.3074378,0.945238,moving,4.191571,-21.30598,17.40329,-5.941288,0.08983111780557751,-0.30970347858708713
05/11/2023 10:30:12.639993,2193,True,True,True,True,Eyes,0.2050826,0.1126316,-2.545426,0.06811994,-0.3625045,0.9294893,0.0,0.0,0.0,0.0,0.0,0.0,0.0,0.06293219,0.663816,2.41054,0.2310955,0.1061255,-2.488101,0.1536407,-0.05482258,0.03822048,0.9858642,17.88626,354.1892,3.525123,0.07840784,0.04329811,-0.9959775,-0.0316829,-0.006535075,0.4335444,-0.3109872,-0.6405139,-1.087015,0.619652,-0.2071998,1.991,0.9910673,0.05851446,0.1198397,-0.09220636,0.9498675,0.298747,-0.0963508,-0.3071283,0.9467781,moving,4.191571,-21.30598,17.28753,-5.941282,0.08983111780557751,-0.30970347858708713
05/11/2023 10:30:12.659901,2194,True,True,True,True,Eyes,0.204922,0.112236,-2.542648,0.07106783,-0.3627164,0.9291857,0.0,0.0,0.0,0.0,0.0,0.0,0.0,0.02377796,0.666827,2.399857,0.230453,0.1045936,-2.478,0.1544737,-0.04733178,0.03531041,0.9862306,17.94092,355.0282,3.31571,0.07859014,0.04337459,-0.9959599,-0.02978193,-0.00614297,0.4075317,-0.3031454,-0.6389711,-1.074581,0.6151612,-0.2071999,1.991,0.9930257,0.05502537,0.1042692,-0.08427143,0.949782,0.3013508,-0.08245103,-0.308036,0.9477952,moving,4.373694,-21.32366,17.16963,-5.941285,0.11308661422915334,-0.3138777781078712
05/11/2023 10:30:12.679810,2195,True,True,True,True,Eyes,0.2047276,0.1117859,-2.539597,0.07441858,-0.3630497,0.9287931,0.0,0.0,0.0,0.0,0.0,0.0,0.0,-0.01608847,0.6718422,2.388103,0.229677,0.1029114,-2.468061,0.1557317,-0.03956887,0.03259687,0.9864681,18.04889,355.9039,3.134373,0.0787567,0.04343275,-0.9959444,-0.02799501,-0.005774392,0.3830798,-0.2918379,-0.6405765,-1.06226,0.6110265,-0.2072,1.991,0.9947435,0.05198728,0.08821958,-0.07663579,0.9493702,0.3046691,-0.06791412,-0.3098283,0.9483639,moving,4.580978,-21.3497,17.06095,-5.941289,0.13975036964111998,-0.3203472839251873
05/11/2023 10:30:12.694805,2196,True,True,True,True,Eyes,0.2045081,0.1113088,-2.536278,0.07797687,-0.3636161,0.9282795,0.0,0.0,0.0,0.0,0.0,0.0,0.0,-0.05068879,0.6796252,2.375704,0.2287825,0.1011606,-2.458832,0.1575152,-0.03260645,0.03120266,0.9864848,18.22851,356.7105,3.095464,0.07890866,0.04347274,-0.9959307,-0.02631531,-0.005427928,0.360095,-0.2819341,-0.6413782,-1.050141,0.6069213,-0.2071999,1.991,0.9959264,0.05128986,0.07416131,-0.07183391,0.9484307,0.3087379,-0.05450175,-0.3128075,0.9482516,moving,4.801659,-21.39076,16.95292,-5.941285,0.16857788474400004,-0.33110818190621494
05/11/2023 10:30:12.710906,2197,True,True,True,True,Eyes,0.2042752,0.1108769,-2.532687,0.08182837,-0.3641121,0.9277534,0.0,0.0,0.0,0.0,0.0,0.0,0.0,-0.08123514,0.6814734,2.364532,0.2280997,0.1000487,-2.449485,0.1582151,-0.0264334,0.03034522,0.9865842,18.28775,357.4312,3.10994,0.07904734,0.04349575,-0.9959189,-0.02473639,-0.005102253,0.3384893,-0.2717184,-0.6404455,-1.037542,0.6025656,-0.2071999,1.991,0.9967609,0.05151191,0.06175969,-0.06824056,0.9480943,0.3105809,-0.0425554,-0.3137894,0.9485385,moving,5.040476,-21.42834,16.83816,-5.941285,0.19954813750800127,-0.3407628164559249
05/11/2023 10:30:12.729465,2198,True,True,True,True,Eyes,0.2040312,0.1106611,-2.528794,0.08573145,-0.3645108,0.9272443,0.0,0.0,0.0,0.0,0.0,0.0,0.0,-0.1114382,0.6746567,2.355112,0.2276305,0.1006443,-2.43971,0.1575242,-0.02044526,0.02898234,0.986878,18.18579,358.1166,3.062872,0.07917441,0.04350569,-0.9959085,-0.02325221,-0.004796118,0.3181799,-0.2644646,-0.637122,-1.024643,0.5980624,-0.2071999,1.991,0.997484,0.05076281,0.0494848,-0.0636453,0.9486923,0.3097292,-0.03122313,-0.3120994,0.9495363,moving,5.282454,-21.46038,16.71937,-5.941285,0.23072893103009617,-0.34879188814175066
05/11/2023 10:30:12.744874,2199,True,True,True,True,Eyes,0.2037924,0.1104886,-2.524641,0.09001503,-0.3648769,0.9266942,0.0,0.0,0.0,0.0,0.0,0.0,0.0,-0.1410432,0.6572146,2.347492,0.2272523,0.1056305,-2.428938,0.1555519,-0.01462255,0.02769016,0.9873313,17.93707,358.7798,3.020348,0.07929151,0.04351285,-0.995899,-0.02185708,-0.004508351,0.2990891,-0.2576316,-0.6292519,-1.011101,0.5937198,-0.2072,1.991,0.9980389,0.0501296,0.03748911,-0.05922786,0.9500738,0.3063526,-0.02026008,-0.3079722,0.9511796,moving,5.548057,-21.49156,16.60467,-5.941286,0.2648222862932219,-0.3564466422247001
05/11/2023 10:30:12.760049,2200,True,True,True,True,Eyes,0.1977129,0.1071458,-2.414386,0.1981056,-0.3693624,0.9079238,0.0,0.0,0.0,0.0,0.0,0.0,0.0,-0.17814,0.6515312,2.336255,0.2272346,0.1064666,-2.418955,0.1552057,-0.007226671,0.02590056,0.9875162,17.87315,359.6248,2.94581,0.07940067,0.04351964,-0.9958901,-0.02054565,-0.004237849,0.2811438,-0.2453202,-0.6270432,-0.9969853,0.5891457,-0.2072,1.991,0.9985539,0.0489112,0.02231273,-0.05339768,0.9504807,0.3061619,-0.006233081,-0.3069106,0.9517179,moving,12.30881,-22.13752,16.48372,-5.941287,1.1277686717716753,-0.5083972666011096
05/11/2023 10:30:12.779814,2201,True,True,True,True,Eyes,0.197697,0.1072645,-2.414,0.1985378,-0.3692571,0.9078722,0.0,0.0,0.0,0.0,0.0,0.0,0.0,-0.2198754,0.6291482,2.328433,0.2270411,0.1071375,-2.408889,0.1515574,0.0008798463,0.02155004,0.9882132,17.42782,0.4967056,2.574641,0.07964612,0.04362188,-0.9958659,-0.03755153,-0.01401173,0.5950395,-0.2341275,-0.6177347,-0.9808927,0.5850542,-0.2072001,1.991,0.9990696,0.04285875,0.004793183,-0.04232536,0.9531319,0.2995799,0.008271085,-0.2995041,0.9540592,moving,12.33552,-22.13295,16.37539,-5.94129,1.1309427486429584,-0.5069292455039989
05/11/2023 10:30:12.795690,2202,True,True,True,True,Eyes,0.1976781,0.1074133,-2.413193,0.1991801,-0.369201,0.9077543,0.0,0.0,0.0,0.0,0.0,0.0,0.0,-0.2517449,0.6144872,2.31966,0.226715,0.1100183,-2.399644,0.1498533,0.007247516,0.01875448,0.9885038,17.21686,1.196713,2.355011,0.07985403,0.04370434,-0.9958457,-0.03529844,-0.01317103,0.5593371,-0.2248708,-0.6140682,-0.9684668,0.5806018,-0.2071999,1.991,0.9991915,0.03924987,-0.008707557,-0.03490562,0.9543845,0.2965329,0.01994924,-0.2959892,0.9549829,moving,12.37575,-22.13252,16.25738,-5.941285,1.1359365878709786,-0.5065922575277835
05/11/2023 10:30:12.809982,2203,True,True,True,True,Eyes,0.1976575,0.1076231,-2.412019,0.2003125,-0.3690372,0.9075717,0.0,0.0,0.0,0.0,0.0,0.0,0.0,-0.284613,0.6019254,2.308308,0.2267376,0.1108969,-2.389121,0.1481454,0.01399583,0.01735571,0.9887143,17.00536,1.966696,2.30536,0.08003223,0.04377409,-0.9958283,-0.03318053,-0.01238077,0.5257769,-0.2116085,-0.609027,-0.9528099,0.5766158,-0.2072,1.991,0.9990058,0.03846652,-0.02253341,-0.03017285,0.9555035,0.2934328,0.03281809,-0.2924612,0.9557141,moving,12.44635,-22.12767,16.1516,-5.941288,1.1445650735351434,-0.5048115135598232
05/11/2023 10:30:12.830058,2204,True,True,True,True,Eyes,0.1976526,0.107847,-2.410489,0.2017376,-0.3690609,0.9072464,0.0,0.0,0.0,0.0,0.0,0.0,0.0,-0.3173537,0.5911651,2.296964,0.2267403,0.112619,-2.379525,0.1468395,0.02089045,0.01691774,0.988795,16.83889,2.771584,2.370718,0.08018825,0.04383934,-0.995813,-0.0311897,-0.01163792,0.4942303,-0.2007163,-0.6031742,-0.9386851,0.5722426,-0.2072001,1.991,0.9985548,0.03959144,-0.03634435,-0.02732127,0.956304,0.2910951,0.04628112,-0.2896814,0.9560034,moving,12.53647,-22.13612,16.03543,-5.941293,1.1560627392819658,-0.5067903656268324
05/11/2023 10:30:12.844973,2205,True,True,True,True,Eyes,0.1976769,0.1080787,-2.40863,0.2036219,-0.3690393,0.9068341,0.0,0.0,0.0,0.0,0.0,0.0,0.0,-0.3492509,0.5880933,2.28318,0.2272134,0.1133109,-2.369868,0.1468275,0.02773829,0.01773353,0.9886141,16.81771,3.59685,2.587172,0.08033358,0.04391008,-0.9957983,-0.02931832,-0.01093964,0.4645765,-0.1889434,-0.6019163,-0.9261941,0.5678403,-0.2072,1.991,0.9978322,0.04320872,-0.04963738,-0.02691774,0.9562544,0.2912953,0.06005246,-0.2893277,0.9553446,moving,12.65538,-22.14404,15.91834,-5.941288,1.1711268310211675,-0.5084635048175414
05/11/2023 10:30:12.862866,2206,True,True,True,True,Eyes,0.1977381,0.1082841,-2.406473,0.2057313,-0.3692201,0.9062842,0.0,0.0,0.0,0.0,0.0,0.0,0.0,-0.3789855,0.5854705,2.269434,0.2279833,0.1138677,-2.360465,0.1467855,0.0341857,0.01914118,0.9883921,16.7894,4.384894,2.866299,0.08047158,0.04398671,-0.9957838,-0.02755922,-0.01028327,0.4367019,-0.1756713,-0.601856,-0.913777,0.5633374,-0.2072,1.991,0.9969299,0.04787391,-0.06195847,-0.02780204,0.9561752,0.291472,0.07319706,-0.2888546,0.9545707,moving,12.7897,-22.16598,15.79843,-5.941286,1.1885722464464887,-0.5141270082066152
05/11/2023 10:30:12.869710,2207,True,True,True,True,Eyes,0.1978531,0.1084755,-2.404001,0.2082186,-0.3692739,0.9056941,0.0,0.0,0.0,0.0,0.0,0.0,0.0,-0.408869,0.5848223,2.255197,0.2290186,0.113611,-2.351542,0.1469623,0.04067634,0.02053536,0.988092,16.78338,5.17884,3.145682,0.08060552,0.04406812,-0.9957694,-0.02590566,-0.009666271,0.4104998,-0.1592089,-0.6058014,-0.9029872,0.5592507,-0.2072,1.991,0.9958475,0.05253744,-0.07434808,-0.02862588,0.9559607,0.2920952,0.08641978,-0.288754,0.953495,moving,12.9473,-22.18194,15.68949,-5.941288,1.2087181896214787,-0.5179310903754777
05/11/2023 10:30:12.894834,2208,True,True,True,True,Eyes,0.1980226,0.1087299,-2.401245,0.2107598,-0.3694711,0.9050257,0.0,0.0,0.0,0.0,0.0,0.0,0.0,-0.4380237,0.5756072,2.242109,0.2304621,0.1135306,-2.341845,0.1455467,0.04680541,0.02050864,0.9880308,16.60007,5.897111,3.239289,0.08073911,0.04415385,-0.9957549,-0.02435132,-0.009086294,0.3858698,-0.1397324,-0.6104112,-0.8921311,0.5550328,-0.2071999,1.991,0.9947774,0.05415109,-0.08652043,-0.02690159,0.9567911,0.2895292,0.09846031,-0.2856895,0.9532508,moving,13.10923,-22.20744,15.57692,-5.941286,1.229718209623159,-0.5244828979474025
05/11/2023 10:30:12.911943,2209,True,True,True,True,Eyes,0.1982604,0.1089587,-2.398189,0.2136437,-0.3696798,0.9042639,0.0,0.0,0.0,0.0,0.0,0.0,0.0,-0.4660181,0.5669104,2.229277,0.2320136,0.1153646,-2.332616,0.1446868,0.05265233,0.01999236,0.9878734,16.48469,6.575952,3.272357,0.08087561,0.04424662,-0.9957398,-0.02289024,-0.008541116,0.3627176,-0.1211913,-0.6127993,-0.8810454,0.5506939,-0.2072001,1.991,0.9936561,0.05473603,-0.09824239,-0.02426364,0.957332,0.2879698,0.1098129,-0.2837592,0.9525869,moving,13.29309,-22.23565,15.461,-5.941289,1.2535376872111565,-0.5317061046981459
05/11/2023 10:30:12.919900,2210,True,True,True,True,Eyes,0.1982604,0.1089587,-2.398189,0.2136437,-0.3696798,0.9042639,0.0,0.0,0.0,0.0,0.0,0.0,0.0,-0.495953,0.5641641,2.213336,0.2339195,0.1149547,-2.322752,0.1448471,0.05889191,0.01864264,0.987524,16.49216,7.29265,3.221295,0.0810186,0.04434525,-0.9957238,-0.02151683,-0.00802865,0.3409545,-0.1041229,-0.6119722,-0.8693334,0.5463059,-0.2071998,1.991,0.9923684,0.05388075,-0.1109137,-0.01975945,0.9573435,0.2882759,0.121715,-0.2838843,0.9511021,moving,13.29309,-22.23565,15.34363,-5.941284,1.2535376872111565,-0.5317061046981459
05/11/2023 10:30:12.940150,2211,True,True,True,True,Eyes,0.1982604,0.1089587,-2.398189,0.2136437,-0.3696798,0.9042639,0.0,0.0,0.0,0.0,0.0,0.0,0.0,-0.5297611,0.5630917,2.196126,0.2358572,0.1135391,-2.313476,0.1452992,0.06597267,0.01649034,0.987048,16.53846,8.097372,3.093031,0.08114729,0.04443402,-0.9957094,-0.02022582,-0.007546931,0.3204973,-0.08778016,-0.6058043,-0.8558208,0.5419524,-0.2072,1.991,0.9907513,0.05172509,-0.1254443,-0.01338196,0.9572324,0.2890105,0.1350285,-0.2846589,0.9490715,moving,13.29309,-22.23565,15.22705,-5.941288,1.2535376872111565,-0.5317061046981459
05/11/2023 10:30:12.959696,2212,True,True,True,True,Eyes,0.1987559,0.1091383,-2.394125,0.2174029,-0.3705854,0.9029964,0.0,0.0,0.0,0.0,0.0,0.0,0.0,-0.5583636,0.5676747,2.178799,0.2380902,0.1138575,-2.304678,0.1473704,0.07192147,0.01444246,0.9863574,16.77668,8.779593,2.974871,0.08126311,0.04451391,-0.9956964,-0.01901227,-0.007094115,0.3012674,-0.07188029,-0.5949445,-0.8404738,0.537379,-0.2072001,1.991,0.9892374,0.04968903,-0.1376237,-0.007292671,0.9561468,0.2927971,0.1461373,-0.2886422,0.9462186,moving,13.53675,-22.31301,15.10445,-5.941291,1.2864245454151133,-0.5528878965285289
05/11/2023 10:30:12.979784,2213,True,True,True,True,Eyes,0.1993506,0.109313,-2.389858,0.221467,-0.3717672,0.9015218,0.0,0.0,0.0,0.0,0.0,0.0,0.0,-0.5870836,0.5791481,2.158944,0.2407121,0.1137927,-2.295698,0.1509009,0.07795729,0.01281136,0.985387,17.18118,9.48907,2.926463,0.08140163,0.0446008,-0.9956812,-0.01787153,-0.006668468,0.2831914,-0.05693556,-0.5854226,-0.826194,0.5332109,-0.2071999,1.991,0.9875171,0.04877594,-0.1497697,-0.001720635,0.9541296,0.2993891,0.1575027,-0.2953942,0.9423031,moving,13.80192,-22.41014,14.99259,-5.941284,1.3226419792374537,-0.5796977745410139
05/11/2023 10:30:12.989994,2214,True,True,True,True,Eyes,0.2000448,0.1094696,-2.385419,0.2255501,-0.3734411,0.899816,0.0,0.0,0.0,0.0,0.0,0.0,0.0,-0.6186465,0.5921071,2.13759,0.2436988,0.113777,-2.286978,0.1548921,0.08458916,0.01093596,0.9842426,17.64104,10.26984,2.870979,0.0815655,0.04469419,-0.9956636,-0.01679924,-0.006268359,0.2661999,-0.04155629,-0.5805215,-0.8129094,0.5286769,-0.2071998,1.991,0.9854502,0.04773166,-0.1631247,0.004677103,0.9517777,0.3067529,0.1699003,-0.3030526,0.9377062,moving,14.07196,-22.5394,14.87078,-5.941284,1.3605267404494477,-0.6158129960091783
05/11/2023 10:30:13.010270,2215,True,True,True,True,Eyes,0.2008397,0.1096332,-2.38082,0.2299587,-0.3754241,0.8978729,0.0,0.0,0.0,0.0,0.0,0.0,0.0,-0.652212,0.6069772,2.114977,0.2468413,0.113439,-2.278844,0.1594236,0.09163556,0.008483062,0.9829115,18.17039,11.09524,2.768614,0.08175704,0.04479306,-0.9956434,-0.01579129,-0.005892258,0.2502279,-0.02349469,-0.5801942,-0.8008519,0.5244365,-0.2072,1.991,0.983062,0.04589393,-0.1774345,0.01254154,0.9490244,0.3149532,0.1828441,-0.3118438,0.9323741,moving,14.36552,-22.69108,14.75673,-5.941289,1.40207980806787,-0.6583153046961661
05/11/2023 10:30:13.030034,2216,True,True,True,True,Eyes,0.2017449,0.1097917,-2.37607,0.2363054,-0.3759873,0.8959873,0.0,0.0,0.0,0.0,0.0,0.0,0.0,-0.6874472,0.6210501,2.091426,0.2500485,0.1136595,-2.270882,0.1640598,0.09907699,0.005757759,0.9814455,18.71679,11.96598,2.651288,0.08197837,0.04489748,-0.9956204,-0.01484381,-0.005538722,0.2352142,-0.007172337,-0.5841132,-0.7915803,0.5201923,-0.2071998,1.991,0.9803012,0.04381096,-0.1925881,0.02120725,0.9461024,0.3231724,0.1963666,-0.3208905,0.9265363,moving,14.77462,-22.76461,14.64246,-5.941283,1.4554350141465462,-0.6775125385095722
05/11/2023 10:30:13.039731,2217,True,True,True,True,Eyes,0.2027501,0.1099683,-2.371174,0.2429508,-0.3766822,0.8939158,0.0,0.0,0.0,0.0,0.0,0.0,0.0,-0.7246105,0.6312657,2.067528,0.25347,0.1133529,-2.262992,0.16788,0.1069489,0.002768094,0.9799851,19.17458,12.88017,2.508199,0.08223184,0.04500702,-0.9955944,-0.01395318,-0.005206399,0.2211014,0.009497777,-0.5932373,-0.7842603,0.5157174,-0.2072,1.991,0.9771085,0.04133452,-0.2086871,0.03048376,0.9436173,0.3296318,0.210546,-0.3284476,0.9207565,moving,15.20473,-22.8498,14.52184,-5.941289,1.5117907227156664,-0.6999852325460134
05/11/2023 10:30:13.060113,2218,True,True,True,True,Eyes,0.2038542,0.1101619,-2.36614,0.249777,-0.3773407,0.8917542,0.0,0.0,0.0,0.0,0.0,0.0,0.0,-0.7632021,0.6299222,2.045796,0.2568541,0.1138722,-2.255131,0.1692901,0.1152263,-7.186808e-05,0.9788074,19.35508,13.83078,2.361325,0.08251911,0.04512224,-0.9955652,-0.01311599,-0.004894015,0.2078353,0.02875844,-0.6052597,-0.77789,0.5113311,-0.2072,1.991,0.9734458,0.03887267,-0.2255931,0.03915405,0.9426817,0.3313884,0.2255444,-0.3314214,0.9161275,moving,15.64736,-22.93538,14.40349,-5.941288,1.5697178657139421,-0.7225051774877622
05/11/2023 10:30:13.069881,2219,True,True,True,True,Eyes,0.2050645,0.110345,-2.360967,0.2568712,-0.3779185,0.8894913,0.0,0.0,0.0,0.0,0.0,0.0,0.0,-0.7998021,0.6225593,2.025793,0.2603279,0.1143727,-2.247276,0.1691602,0.1232049,-0.00209469,0.9778554,19.35041,14.75157,2.283068,0.08284166,0.04524362,-0.9955325,-0.01232903,-0.004600374,0.1953652,0.04930475,-0.6173904,-0.7721301,0.5069978,-0.2072001,1.991,0.9696323,0.03758615,-0.2416619,0.04577936,0.9427608,0.3303123,0.2402445,-0.3313447,0.9124107,moving,16.10789,-23.01921,14.28644,-5.94129,1.6298155006398876,-0.7444225204989374
05/11/2023 10:30:13.089908,2220,True,True,True,True,Eyes,0.2063821,0.1105033,-2.355655,0.2640419,-0.3782302,0.8872563,0.0,0.0,0.0,0.0,0.0,0.0,0.0,-0.8351724,0.6116672,2.006334,0.2640519,0.1142943,-2.239249,0.1680155,0.1310018,-0.003670134,0.9770342,19.22479,15.65229,2.236549,0.08320116,0.04537041,-0.9954963,-0.01158929,-0.004324351,0.1836433,0.07447267,-0.6355464,-0.7686653,0.5028096,-0.2071999,1.991,0.9656502,0.03684894,-0.2572197,0.05119233,0.9435146,0.3273521,0.2547531,-0.3292753,0.9092187,moving,16.57267,-23.08816,14.1732,-5.941286,1.6899507897767205,-0.7619960868792033
05/11/2023 10:30:13.110063,2221,True,True,True,True,Eyes,0.2078105,0.1106221,-2.350219,0.2713981,-0.3784518,0.8849392,0.0,0.0,0.0,0.0,0.0,0.0,0.0,-0.867538,0.5993099,1.987628,0.2679042,0.1138327,-2.231083,0.1663035,0.138232,-0.004691196,0.9763263,19.02799,16.49129,2.231926,0.08359924,0.04550135,-0.9954565,-0.01089393,-0.004064891,0.1726247,0.09852915,-0.6488296,-0.7641183,0.4983664,-0.2072,1.991,0.9617398,0.03681666,-0.2714794,0.05513721,0.9446422,0.3234361,0.2683587,-0.3260299,0.9064701,moving,17.05002,-23.15439,14.05294,-5.941287,1.7515610307064056,-0.7787134512271106
05/11/2023 10:30:13.129893,2222,True,True,True,True,Eyes,0.2093503,0.1106944,-2.344657,0.2787248,-0.3785581,0.8826133,0.0,0.0,0.0,0.0,0.0,0.0,0.0,-0.8972138,0.5899374,1.968696,0.2719503,0.1130293,-2.223072,0.1651133,0.1449024,-0.005416138,0.9755572,18.88831,17.27278,2.258325,0.0840368,0.04563448,-0.9954139,-0.0102403,-0.003820997,0.1622672,0.1228183,-0.6567558,-0.7578291,0.4941399,-0.2071999,1.991,0.9579479,0.03728311,-0.2845097,0.05841812,0.9454166,0.3205852,0.2809326,-0.3237244,0.9034818,moving,17.52585,-23.21478,13.93842,-5.941285,1.8127891897245814,-0.7937428085673579
05/11/2023 10:30:13.145097,2223,True,True,True,True,Eyes,0.2110008,0.1107194,-2.338976,0.2861651,-0.378678,0.8801775,0.0,0.0,0.0,0.0,0.0,0.0,0.0,-0.925944,0.5847678,1.948135,0.2761445,0.1120008,-2.214894,0.1648728,0.1514342,-0.006071746,0.9746014,18.85713,18.04728,2.307384,0.08451553,0.04576796,-0.9953675,-0.009625879,-0.003591737,0.1525311,0.1449426,-0.6575636,-0.749472,0.4895746,-0.2071998,1.991,0.9540616,0.03809968,-0.297178,0.06176981,0.9455602,0.3195316,0.2931738,-0.3232094,0.8997693,moving,18.01048,-23.27879,13.8146,-5.941283,1.875232368067202,-0.8097770693036921
05/11/2023 10:30:13.159985,2224,True,True,True,True,Eyes,0.2127576,0.110708,-2.333185,0.293384,-0.378748,0.8777674,0.0,0.0,0.0,0.0,0.0,0.0,0.0,-0.9511071,0.5823653,1.927905,0.2804043,0.1109279,-2.206727,0.1651708,0.1572068,-0.006420143,0.9736341,18.88383,18.74134,2.388391,0.08503821,0.04590039,-0.9953172,-0.009048326,-0.003376233,0.1433793,0.1644381,-0.6549245,-0.7398979,0.4851272,-0.2072001,1.991,0.9504895,0.03943022,-0.3082447,0.0644337,0.9453548,0.3196133,0.304003,-0.3236504,0.8960093,moving,18.48163,-23.33972,13.69385,-5.941289,1.935895769670489,-0.8249879254675223
05/11/2023 10:30:13.179785,2225,True,True,True,True,Eyes,0.2146307,0.1106221,-2.327301,0.3005756,-0.3788456,0.8752887,0.0,0.0,0.0,0.0,0.0,0.0,0.0,-0.971388,0.5820435,1.909066,0.2847107,0.110116,-2.198572,0.1657871,0.1619138,-0.006121043,0.9727597,18.93674,19.3225,2.531481,0.08560486,0.04603034,-0.9952628,-0.008505426,-0.003173659,0.1347765,0.1830841,-0.6491306,-0.7284397,0.4810771,-0.2072001,1.991,0.947493,0.04177781,-0.3170359,0.06559502,0.9449543,0.3205598,0.3129767,-0.3245241,0.8925972,moving,18.95256,-23.4041,13.58378,-5.94129,1.9966457198316703,-0.8412018718356933
05/11/2023 10:30:13.195224,2226,True,True,True,True,Eyes,0.2166322,0.1105202,-2.321328,0.3074051,-0.3788941,0.8728925,0.0,0.0,0.0,0.0,0.0,0.0,0.0,-0.986277,0.5859506,1.891669,0.2893487,0.1082624,-2.190673,0.1668321,0.1653623,-0.004927663,0.9720073,19.02337,19.77324,2.764452,0.08621677,0.04615508,-0.9952044,-0.007995101,-0.002983239,0.1266899,0.2001415,-0.6449291,-0.718047,0.4767754,-0.2072,1.991,0.9452621,0.04559603,-0.3231108,0.06475492,0.9442856,0.3226944,0.3198225,-0.3259538,0.8896447,moving,19.40065,-23.46409,13.46676,-5.941288,2.0544074493295454,-0.8562613204534184
05/11/2023 10:30:13.210218,2227,True,True,True,True,Eyes,0.2187804,0.1103752,-2.315278,0.3141141,-0.3790022,0.8704537,0.0,0.0,0.0,0.0,0.0,0.0,0.0,-0.9962257,0.5914451,1.876247,0.2944515,0.1079489,-2.18271,0.1681862,0.1676467,-0.002537616,0.9713916,19.12318,20.10983,3.122296,0.08687612,0.04627471,-0.9951417,-0.007515395,-0.002804245,0.1190885,0.2173642,-0.6436242,-0.7084833,0.4723171,-0.2071999,1.991,0.9437763,0.05146168,-0.3265547,0.06132176,0.9434139,0.3258985,0.3248475,-0.3276002,0.887216,moving,19.84261,-23.52868,13.34536,-5.941286,2.111557998248973,-0.8726889960718518
05/11/2023 10:30:13.220670,2228,True,True,True,True,Eyes,0.2210671,0.1102087,-2.30914,0.3205284,-0.3791359,0.8680538,0.0,0.0,0.0,0.0,0.0,0.0,0.0,-1.005002,0.5986469,1.860938,0.3001055,0.1069809,-2.174854,0.1699583,0.1694704,-0.0007005242,0.9707695,19.28201,20.38552,3.416183,0.08758491,0.04638801,-0.9950745,-0.007064471,-0.00263599,0.1119432,0.2333417,-0.6452987,-0.6999467,0.4679774,-0.2072001,1.991,0.9425586,0.0562457,-0.3292715,0.05896588,0.9422274,0.3297432,0.3287953,-0.3302181,0.8847879,moving,20.26664,-23.59404,13.22707,-5.941289,2.1665019564534416,-0.889434825513896
05/11/2023 10:30:13.245175,2229,True,True,True,True,Eyes,0.2816318,0.1051819,-2.154219,0.4741518,-0.3792839,0.7945589,0.0,0.0,0.0,0.0,0.0,0.0,0.0,-1.019069,0.6000162,1.844272,0.3057123,0.1063113,-2.166818,0.1711776,0.1723842,-0.001088213,0.9700416,19.41901,20.74551,3.459208,0.08834533,0.0464949,-0.9950024,-0.006640603,-0.002477831,0.1052266,0.2496014,-0.6489016,-0.6924813,0.4637566,-0.2071999,1.991,0.9405649,0.05690542,-0.3348123,0.06112787,0.9413941,0.3317237,0.3340672,-0.332474,0.8819638,moving,30.82658,-25.51755,13.11191,-5.941286,3.544581658595243,-1.3923736517835543
05/11/2023 10:30:13.260144,2230,True,True,True,True,Eyes,0.2818514,0.1051505,-2.153906,0.4742257,-0.3792705,0.7945212,0.0,0.0,0.0,0.0,0.0,0.0,0.0,-1.034589,0.5978293,1.828461,0.3113633,0.10519,-2.159406,0.1719419,0.1754138,-0.003122994,0.9693587,19.53863,21.08286,3.3011,0.09320524,0.04671169,-0.9945489,0.1754521,-0.01740981,0.5636747,0.2651925,-0.6539025,-0.6857318,0.4591588,-0.2072,1.991,0.9384405,0.05426734,-0.3411517,0.06637654,0.9408525,0.3322511,0.3390038,-0.3344423,0.8793321,moving,30.8317,-25.51782,12.98635,-5.941288,3.5452279395287585,-1.3924250688950446
05/11/2023 10:30:13.269891,2231,True,True,True,True,Eyes,0.2823042,0.1050722,-2.153304,0.4744287,-0.3793102,0.7943811,0.0,0.0,0.0,0.0,0.0,0.0,0.0,-1.048804,0.592937,1.813778,0.3168328,0.1043138,-2.151765,0.1721015,0.1781976,-0.005103469,0.9688141,19.59002,21.38484,3.130393,0.09726036,0.04689313,-0.994152,0.164925,-0.01636523,0.5298542,0.2813557,-0.6603985,-0.6796034,0.4550909,-0.2071999,1.991,0.9364392,0.05144753,-0.3470374,0.07122479,0.9407101,0.3316498,0.3435241,-0.3352875,0.8772534,moving,30.84694,-25.52408,12.87514,-5.941286,3.5473318288590674,-1.3941627123335705
05/11/2023 10:30:13.295202,2232,True,True,True,True,Eyes,0.2829874,0.1049383,-2.152426,0.4747624,-0.3792598,0.7942056,0.0,0.0,0.0,0.0,0.0,0.0,0.0,-1.06052,0.5917094,1.799567,0.3228571,0.1030836,-2.144388,0.1726679,0.180372,-0.005943603,0.968306,19.6659,21.63965,3.091104,0.1006717,0.04704398,-0.9938054,0.1550295,-0.01538331,0.498063,0.29851,-0.6658269,-0.672969,0.450751,-0.2072,1.991,0.9348612,0.05077847,-0.3513632,0.07379937,0.9403009,0.3322466,0.3472581,-0.3365348,0.8753034,moving,30.87026,-25.52604,12.7564,-5.941288,3.550299552338303,-1.3946089719114312
05/11/2023 10:30:13.311105,2233,True,True,True,True,Eyes,0.2839123,0.104767,-2.151297,0.475234,-0.3792021,0.7939512,0.0,0.0,0.0,0.0,0.0,0.0,0.0,-1.071742,0.5897973,1.785754,0.3290538,0.1016465,-2.137007,0.1726417,0.1825426,-0.005696905,0.9679053,19.65049,21.90887,3.165285,0.1036289,0.04716959,-0.9934955,0.1457277,-0.01446031,0.4681792,0.3181185,-0.6715053,-0.6663946,0.4464844,-0.2072,1.991,0.9332915,0.05200082,-0.355335,0.07405708,0.9403248,0.3321218,0.3514009,-0.3362815,0.873746,moving,30.9034,-25.52979,12.63955,-5.941288,3.5545488348048204,-1.3955232983452897
05/11/2023 10:30:13.329893,2234,True,True,True,True,Eyes,0.2850785,0.1045506,-2.149919,0.4758687,-0.37909,0.7936245,0.0,0.0,0.0,0.0,0.0,0.0,0.0,-1.082572,0.5894592,1.772068,0.3357597,0.1006451,-2.129973,0.1729008,0.1845483,-0.004936885,0.9674828,19.65644,22.17139,3.303341,0.1063382,0.04727667,-0.9932042,0.1369841,-0.01359269,0.4400885,0.3384091,-0.6756821,-0.6600578,0.4419966,-0.2072002,1.991,0.9318351,0.0542644,-0.3588017,0.0733698,0.9401619,0.332735,0.3553873,-0.3363793,0.8720945,moving,30.94751,-25.53237,12.51653,-5.941293,3.560125081058377,-1.3960400012142111
05/11/2023 10:30:13.339908,2235,True,True,True,True,Eyes,0.2864762,0.1042895,-2.148328,0.4766635,-0.3789473,0.7932155,0.0,0.0,0.0,0.0,0.0,0.0,0.0,-1.095272,0.5868099,1.757707,0.3426921,0.09940839,-2.122776,0.1725954,0.1870166,-0.004266404,0.9670665,19.59797,22.48209,3.426436,0.1088371,0.04736556,-0.9929293,0.128765,-0.01277713,0.4136831,0.3595695,-0.6775515,-0.652659,0.4376974,-0.2072,1.991,0.9300132,0.05630462,-0.3631877,0.07280821,0.9403853,0.3322267,0.3602423,-0.3354182,0.8704712,moving,31.00274,-25.53547,12.39856,-5.941287,3.5671027756662284,-1.3966490902795323
05/11/2023 10:30:13.360015,2236,True,True,True,True,Eyes,0.2881134,0.1039667,-2.146527,0.4777043,-0.3787139,0.7927008,0.0,0.0,0.0,0.0,0.0,0.0,0.0,-1.10867,0.5842861,1.743448,0.349613,0.09812339,-2.116197,0.1723761,0.1896053,-0.003902806,0.9666029,19.55541,22.80247,3.517954,0.1111586,0.04743647,-0.9926687,0.1210391,-0.0120105,0.3888622,0.3806381,-0.6776704,-0.6449492,0.4333626,-0.2072001,1.991,0.9280692,0.05782188,-0.3678915,0.07291174,0.9405425,0.3317584,0.3652005,-0.3347184,0.8686727,moving,31.07438,-25.5362,12.27952,-5.941289,3.5760450039140954,-1.3964833762953583
05/11/2023 10:30:13.380178,2237,True,True,True,True,Eyes,0.289981,0.1035969,-2.144544,0.4789041,-0.3784243,0.7921149,0.0,0.0,0.0,0.0,0.0,0.0,0.0,-1.123953,0.5802764,1.728296,0.3569795,0.09632452,-2.10957,0.1718716,0.1925638,-0.004018467,0.9661073,19.48988,23.15531,3.553432,0.1133325,0.04748875,-0.9924206,0.1137768,-0.01128987,0.3655304,0.4034601,-0.6791347,-0.6378886,0.4288778,-0.2072,1.991,0.9258061,0.05842794,-0.3734559,0.07395702,0.940888,0.3305452,0.3706933,-0.3336404,0.8667587,moving,31.1567,-25.53563,12.15624,-5.941288,3.5862738020247686,-1.395883813855625
05/11/2023 10:30:13.390037,2238,True,True,True,True,Eyes,0.2920736,0.1032056,-2.142388,0.4803242,-0.3780124,0.7914514,0.0,0.0,0.0,0.0,0.0,0.0,0.0,-1.138498,0.5761821,1.714022,0.3643399,0.09487607,-2.1034,0.171209,0.1953662,-0.003700207,0.9656634,19.39667,23.4955,3.63189,0.115386,0.04752246,-0.9921823,0.1069502,-0.01061248,0.3435986,0.4259605,-0.6769569,-0.6290684,0.4247021,-0.2072,1.991,0.9236367,0.05975059,-0.378583,0.07404321,0.9413476,0.3292148,0.376049,-0.3321064,0.8650391,moving,31.25316,-25.53004,12.04135,-5.941287,3.598097036833705,-1.3937518181605162
05/11/2023 10:30:13.411035,2239,True,True,True,True,Eyes,0.2943914,0.1028285,-2.140061,0.4818459,-0.3774613,0.7907891,0.0,0.0,0.0,0.0,0.0,0.0,0.0,-1.151744,0.5704631,1.701029,0.3718113,0.0940205,-2.097227,0.1701508,0.1978284,-0.003161231,0.9653511,19.25429,23.79331,3.717957,0.117342,0.04753877,-0.9919521,0.1005332,-0.009975732,0.3229827,0.4494117,-0.6762527,-0.6217119,0.4205398,-0.2072002,1.991,0.9217079,0.0612179,-0.3830234,0.0734247,0.9420775,0.3272597,0.3808718,-0.3297613,0.8638254,moving,31.35491,-25.51619,11.92673,-5.941293,3.6103060141518624,-1.3891931069723098
05/11/2023 10:30:13.429952,2240,True,True,True,True,Eyes,0.2969569,0.102615,-2.137525,0.4834495,-0.3767365,0.7901558,0.0,0.0,0.0,0.0,0.0,0.0,0.0,-1.163653,0.5609841,1.689951,0.3795085,0.09403926,-2.090899,0.1682707,0.1998788,-0.002552235,0.96526,19.01831,24.0316,3.78081,0.119222,0.04754038,-0.9917279,0.09450117,-0.009377188,0.3036037,0.4707391,-0.6778322,-0.6151024,0.4160897,-0.2072001,1.991,0.9200839,0.06234036,-0.3867289,0.07219464,0.9433569,0.3238298,0.385011,-0.3258703,0.8634669,moving,31.45999,-25.49123,11.80408,-5.941289,3.6225626225064014,-1.3813903327187314
05/11/2023 10:30:13.460088,2241,True,True,True,True,Eyes,0.2997537,0.1024633,-2.134818,0.4851528,-0.3759482,0.7894871,0.0,0.0,0.0,0.0,0.0,0.0,0.0,-1.17348,0.5453267,1.681181,0.3880211,0.09778747,-2.083431,0.1657756,0.2011842,-0.002052139,0.9654218,18.71811,24.16903,3.798296,0.1210465,0.04753667,-0.9915071,0.0888311,-0.008814557,0.2853875,0.4925503,-0.6828488,-0.610456,0.4116673,-0.2072,1.991,0.9190414,0.0627405,-0.3891356,0.07066522,0.9450285,0.319261,0.3877748,-0.3209125,0.8640867,moving,31.57141,-25.46346,11.68209,-5.941288,3.6355156675916005,-1.3727380663373214
05/11/2023 10:30:13.465921,2242,True,True,True,True,Eyes,0.3027751,0.1023396,-2.131954,0.4869767,-0.375019,0.7888058,0.0,0.0,0.0,0.0,0.0,0.0,0.0,-1.186347,0.5375941,1.668342,0.3963387,0.09916887,-2.076745,0.1647618,0.2034057,-0.001571773,0.9651307,18.58267,24.43592,3.871144,0.1228328,0.04753134,-0.9912876,0.08350123,-0.008285683,0.2682643,0.5153913,-0.6894974,-0.6070735,0.4071928,-0.2072001,1.991,0.9172473,0.06399302,-0.3931441,0.07006089,0.9457022,0.3173939,0.3921082,-0.3186727,0.8629594,moving,31.6895,-25.42764,11.55855,-5.941289,3.649033179963453,-1.3617127955744461
05/11/2023 10:30:13.479947,2243,True,True,True,True,Eyes,0.3060047,0.1022953,-2.128966,0.4887901,-0.3739915,0.7881716,0.0,0.0,0.0,0.0,0.0,0.0,0.0,-1.199685,0.5174356,1.659099,0.404732,0.09972018,-2.070228,0.1604909,0.2055938,-0.001701095,0.9653865,18.09365,24.64729,3.782529,0.1245962,0.0475261,-0.9910678,0.07849115,-0.007788542,0.2521684,0.5364156,-0.697489,-0.6049542,0.4029034,-0.2071999,1.991,0.9154566,0.06270744,-0.397501,0.0692763,0.9484795,0.3091721,0.3964089,-0.310571,0.8639477,moving,31.80541,-25.38458,11.44002,-5.941285,3.6620402155716176,-1.3485964172056324
05/11/2023 10:30:13.490138,2244,True,True,True,True,Eyes,0.309472,0.1022519,-2.125817,0.490551,-0.3729756,0.7875589,0.0,0.0,0.0,0.0,0.0,0.0,0.0,-1.20789,0.5062093,1.651354,0.4129457,0.101589,-2.064309,0.1586401,0.2063923,-0.001610603,0.9655222,17.87889,24.72348,3.757806,0.1263491,0.04752484,-0.9908459,0.07378168,-0.007321229,0.2370383,0.55496,-0.7006113,-0.6006715,0.3987401,-0.2072001,1.991,0.9147993,0.06237404,-0.3990636,0.06859433,0.9496614,0.3056763,0.3980416,-0.3070059,0.8644711,moving,31.91776,-25.3415,11.32488,-5.941289,3.6746034233499056,-1.3354930003830745
05/11/2023 10:30:13.509851,2245,True,True,True,True,Eyes,0.313152,0.1022474,-2.122525,0.4923632,-0.3718627,0.786954,0.0,0.0,0.0,0.0,0.0,0.0,0.0,-1.219103,0.4931495,1.640704,0.4221006,0.101546,-2.057386,0.1561722,0.2078912,-0.002010362,0.9656021,17.60399,24.86912,3.672352,0.1281054,0.04752747,-0.9906203,0.06935478,-0.006881956,0.222816,0.5721372,-0.6972898,-0.593839,0.3944772,-0.2071999,1.991,0.9135544,0.06105122,-0.4021083,0.06881607,0.9512125,0.3007645,0.4008524,-0.3024363,0.864783,moving,32.03244,-25.29234,11.20688,-5.941286,3.6872558913278066,-1.3206115782144643
05/11/2023 10:30:13.520177,2246,True,True,True,True,Eyes,0.3170342,0.10231,-2.119105,0.4941598,-0.3710327,0.7862194,0.0,0.0,0.0,0.0,0.0,0.0,0.0,-1.232679,0.4766288,1.629504,0.4308526,0.102386,-2.050814,0.1536076,0.2099822,-0.003759221,0.9655558,17.35025,25.06328,3.438626,0.1298758,0.04753567,-0.9903893,0.0651935,-0.006469038,0.2094471,0.5885617,-0.68484,-0.5839902,0.3901403,-0.2072001,1.991,0.9117867,0.05725024,-0.4066539,0.07176919,0.9527811,0.2950547,0.4043441,-0.2982121,0.8646244,moving,32.15045,-25.26356,11.08674,-5.941289,3.7009959389513947,-1.3116312478267593
05/11/2023 10:30:13.545872,2247,True,True,True,True,Eyes,0.3211107,0.102419,-2.115568,0.4960172,-0.370263,0.7854121,0.0,0.0,0.0,0.0,0.0,0.0,0.0,-1.246832,0.4670427,1.615878,0.4395505,0.1039973,-2.044447,0.1529589,0.2123452,-0.005187689,0.9651353,17.30482,25.31878,3.299285,0.131669,0.0475522,-0.9901518,0.06128189,-0.006080896,0.1968802,0.6110824,-0.6826643,-0.5789139,0.3857517,-0.2071999,1.991,0.9097652,0.05494654,-0.4114707,0.07497382,0.9531533,0.2930489,0.4082968,-0.2974553,0.8630261,moving,32.27394,-25.24037,10.96507,-5.941284,3.715602773723081,-1.30424544199572
05/11/2023 10:30:13.561512,2248,True,True,True,True,Eyes,0.4278223,0.1063616,-2.024508,0.5415758,-0.3604331,0.7594627,0.0,0.0,0.0,0.0,0.0,0.0,0.0,-1.26028,0.4614378,1.601622,0.4482573,0.1051805,-2.038241,0.153061,0.2145931,-0.006175995,0.964616,17.33396,25.57651,3.229481,0.1334934,0.04757861,-0.9899063,0.05760497,-0.005716042,0.1850674,0.6332406,-0.6703213,-0.5696026,0.3813168,-0.2072001,1.991,0.9078233,0.05377673,-0.4158905,0.07760658,0.9530684,0.2926395,0.4121093,-0.2979408,0.8610443,moving,35.49282,-25.38853,10.84201,-5.941289,4.121198658770318,-1.3303019572474541
05/11/2023 10:30:13.579736,2249,True,True,True,True,Eyes,0.4281729,0.106436,-2.024268,0.5417781,-0.3605345,0.7592703,0.0,0.0,0.0,0.0,0.0,0.0,0.0,-1.276329,0.4575271,1.584994,0.4571158,0.1063499,-2.032311,0.1538845,0.2175379,-0.007599853,0.9638149,17.45393,25.92022,3.142873,0.1421304,0.04804187,-0.9886807,0.3742834,0.006454791,0.4471431,0.6503218,-0.662249,-0.5629969,0.3769602,-0.2071999,1.991,0.905239,0.0523017,-0.4216715,0.08160111,0.9525236,0.2933258,0.4169935,-0.2999388,0.8579937,moving,35.5098,-25.4004,10.72103,-5.941286,4.123704421070691,-1.3336596524084827
05/11/2023 10:30:13.589717,2250,True,True,True,True,Eyes,0.4288455,0.1065549,-2.023813,0.5421025,-0.3609376,0.7588471,0.0,0.0,0.0,0.0,0.0,0.0,0.0,-1.294701,0.4522102,1.566791,0.4658172,0.1081364,-2.026548,0.1547791,0.2211906,-0.009462584,0.9628233,17.59195,26.34396,3.021752,0.1493023,0.04842437,-0.9876045,0.3518264,0.006067504,0.4203146,0.6706488,-0.6550375,-0.5554911,0.3726891,-0.2071999,1.991,0.9019704,0.05024976,-0.4288641,0.08669293,0.9519078,0.2938638,0.4230056,-0.3022359,0.8542364,moving,35.54112,-25.4376,10.60232,-5.941286,4.128831817532754,-1.3442979420640109
05/11/2023 10:30:13.610081,2251,True,True,True,True,Eyes,0.4298254,0.1066933,-2.02316,0.5426837,-0.3613276,0.7582458,0.0,0.0,0.0,0.0,0.0,0.0,0.0,-1.313956,0.4467158,1.54782,0.4741209,0.109416,-2.021143,0.1553654,0.2252813,-0.01097608,0.9617637,17.68569,26.824,2.941383,0.1552998,0.04874498,-0.9866633,0.3307168,0.005703453,0.3950957,0.6925251,-0.6476931,-0.5498305,0.3685108,-0.2072001,1.991,0.8982558,0.04888903,-0.4367453,0.09111463,0.9514822,0.2939042,0.4299241,-0.303795,0.8502199,moving,35.59166,-25.47924,10.48611,-5.941289,4.136498449446646,-1.3561243363818
05/11/2023 10:30:13.629572,2252,True,True,True,True,Eyes,0.4310946,0.1068311,-2.022332,0.5433294,-0.3618258,0.7575456,0.0,0.0,0.0,0.0,0.0,0.0,0.0,-1.332703,0.44302,1.528609,0.4824053,0.1100595,-2.015981,0.1555796,0.2294296,-0.01107176,0.9607469,17.69954,27.33137,3.01543,0.1605459,0.04902844,-0.9858093,0.3108738,0.005361246,0.3713899,0.7154542,-0.6451532,-0.5461956,0.3638877,-0.2071999,1.991,0.894479,0.05011478,-0.4442926,0.09266341,0.9513448,0.2938648,0.4374024,-0.3040255,0.8463141,moving,35.64898,-25.5305,10.35742,-5.941286,4.1453267889213565,-1.3707087718238764
05/11/2023 10:30:13.645036,2253,True,True,True,True,Eyes,0.4326583,0.1069828,-2.021332,0.5442238,-0.3621356,0.7567551,0.0,0.0,0.0,0.0,0.0,0.0,0.0,-1.348809,0.4413802,1.511085,0.49058,0.1103337,-2.011129,0.1553578,0.2330016,-0.009563895,0.959939,17.62134,27.7905,3.250185,0.1653307,0.04929051,-0.985005,0.2922213,0.005039572,0.3491065,0.7379665,-0.6421464,-0.5425875,0.3595912,-0.2072002,1.991,0.8912376,0.05403573,-0.4503063,0.09075874,0.9515449,0.2938112,0.444363,-0.3027248,0.8431484,moving,35.72197,-25.57286,10.23773,-5.941293,4.155811891525023,-1.3826258986621616
05/11/2023 10:30:13.659967,2254,True,True,True,True,Eyes,0.4326583,0.1069828,-2.021332,0.5442238,-0.3621356,0.7567551,0.0,0.0,0.0,0.0,0.0,0.0,0.0,-1.364303,0.4373154,1.494562,0.4991576,0.110986,-2.006192,0.1540936,0.236408,-0.007213385,0.9593303,17.40139,28.22997,3.545919,0.1697164,0.04953448,-0.9842466,0.2746881,0.004737197,0.3281601,0.7608886,-0.640704,-0.5400749,0.3553526,-0.2071999,1.991,0.8881185,0.05901786,-0.4558097,0.08669793,0.9524063,0.2922427,0.4513635,-0.2990639,0.8407329,moving,35.72197,-25.57286,10.11956,-5.941285,4.155811891525023,-1.3826258986621616
05/11/2023 10:30:13.670162,2255,True,True,True,True,Eyes,0.4326583,0.1069828,-2.021332,0.5442238,-0.3621356,0.7567551,0.0,0.0,0.0,0.0,0.0,0.0,0.0,-1.381616,0.4309801,1.476632,0.5080088,0.1119404,-2.001111,0.1525899,0.240307,-0.005407227,0.9586135,17.16643,28.71659,3.778873,0.1736605,0.0497532,-0.9835473,0.2582068,0.004452966,0.3084705,0.7812776,-0.6345151,-0.5342857,0.3510403,-0.2072001,1.991,0.8844466,0.06296996,-0.4623732,0.08370371,0.9533742,0.2899506,0.4590728,-0.2951482,0.8379378,moving,35.72197,-25.57286,9.999256,-5.941291,4.155811891525023,-1.3826258986621616
05/11/2023 10:30:13.689966,2256,True,True,True,True,Eyes,0.4352072,0.1071356,-2.019721,0.5451156,-0.3622703,0.7560485,0.0,0.0,0.0,0.0,0.0,0.0,0.0,-1.402605,0.4207417,1.455592,0.5168945,0.1119988,-1.995833,0.1508313,0.2452648,-0.005424163,0.9576354,16.95038,29.2993,3.812227,0.1772078,0.04994938,-0.9829044,0.2427144,0.004185788,0.2899623,0.8003994,-0.6289701,-0.5297655,0.3469217,-0.2071999,1.991,0.8796315,0.06359846,-0.4713849,0.08437595,0.954441,0.286222,0.4681123,-0.2915434,0.8341902,moving,35.79184,-25.60201,9.884265,-5.941286,4.16547234365897,-1.3907230989853359
05/11/2023 10:30:13.710164,2257,True,True,True,True,Eyes,0.4379868,0.1072754,-2.017962,0.5462202,-0.3623888,0.7551939,0.0,0.0,0.0,0.0,0.0,0.0,0.0,-1.423955,0.4100825,1.433679,0.5251482,0.1113395,-1.990747,0.1494937,0.2504591,-0.006769455,0.9564916,16.82024,29.89578,3.709766,0.180533,0.05013555,-0.9822896,0.2281515,0.00393464,0.2725646,0.8202077,-0.6301677,-0.526823,0.3424731,-0.2071999,1.991,0.8744488,0.06193428,-0.4811481,0.08783399,0.9552116,0.282588,0.4771001,-0.2893699,0.8298437,moving,35.87764,-25.63458,9.759974,-5.941286,4.177228789695036,-1.3997295273907442
05/11/2023 10:30:13.730065,2258,True,True,True,True,Eyes,0.4409598,0.107414,-2.01606,0.5453828,-0.3631395,0.7554385,0.0,0.0,0.0,0.0,0.0,0.0,0.0,-1.441773,0.4021223,1.414037,0.5333784,0.1111221,-1.985717,0.148968,0.2545999,-0.00813364,0.9554692,16.78674,30.37444,3.6118,0.1836704,0.0503124,-0.9816988,0.2144624,0.003698562,0.2562107,0.8425012,-0.634064,-0.5261775,0.338157,-0.2072001,1.991,0.8702255,0.06031155,-0.4889478,0.09139731,0.9554848,0.2805269,0.4841013,-0.2888102,0.8259749,moving,35.8271,-25.67361,9.639292,-5.941289,4.172226262395707,-1.4113308765295818
05/11/2023 10:30:13.740169,2259,True,True,True,True,Eyes,0.4441715,0.1075482,-2.01403,0.5447432,-0.3640147,0.7554787,0.0,0.0,0.0,0.0,0.0,0.0,0.0,-1.456107,0.400448,1.396026,0.5416248,0.1115089,-1.980834,0.1499887,0.2577134,-0.008932556,0.9544672,16.9132,30.75699,3.610915,0.1866495,0.05048108,-0.981128,0.2015947,0.003476648,0.240838,0.8607897,-0.6423554,-0.5273657,0.3338217,-0.2071999,1.991,0.867008,0.06025652,-0.4946374,0.09435984,0.9548472,0.2817145,0.4892782,-0.2909226,0.8221744,moving,35.79375,-25.72631,9.517987,-5.941286,4.16981508379622,-1.4268115598480353
05/11/2023 10:30:13.759918,2260,True,True,True,True,Eyes,0.4475976,0.1076872,-2.011888,0.5442422,-0.365155,0.7552896,0.0,0.0,0.0,0.0,0.0,0.0,0.0,-1.471107,0.3997874,1.376893,0.5504941,0.1114747,-1.975943,0.1517558,0.2608485,-0.01059387,0.9533184,17.14974,31.1393,3.53831,0.189499,0.05064248,-0.9805733,0.189499,0.00326805,0.2263878,0.8799451,-0.6559659,-0.5309396,0.3294005,-0.2072001,1.991,0.8636917,0.05897186,-0.5005588,0.09936918,0.953716,0.2838163,0.494128,-0.2948699,0.8178565,moving,35.77555,-25.80208,9.39419,-5.941289,4.1700517364958705,-1.4489122300648214
05/11/2023 10:30:13.769803,2261,True,True,True,True,Eyes,0.4512255,0.1078107,-2.009652,0.543981,-0.3665345,0.7548093,0.0,0.0,0.0,0.0,0.0,0.0,0.0,-1.488773,0.3991037,1.354892,0.5589682,0.1116685,-1.971432,0.1542725,0.2649048,-0.01319822,0.9517622,17.49689,31.63088,3.402976,0.1922431,0.05079771,-0.980031,0.1781291,0.003071967,0.2128045,0.9012831,-0.671296,-0.5365815,0.3250108,-0.2072001,1.991,0.8593025,0.0566119,-0.508325,0.1068582,0.9520517,0.2866688,0.5001805,-0.3006539,0.8120509,moving,35.77979,-25.90116,9.271188,-5.941289,4.17385164358465,-1.4776641506891952
05/11/2023 10:30:13.789544,2262,True,True,True,True,Eyes,0.5464099,0.1111438,-1.951615,0.5393913,-0.4071428,0.7370833,0.0,0.0,0.0,0.0,0.0,0.0,0.0,-1.50773,0.3998417,1.330871,0.5673251,0.1112984,-1.967256,0.1574272,0.2694356,-0.01622618,0.9499252,17.92863,32.18422,3.253973,0.1949028,0.05094681,-0.9794978,0.1674413,0.002887649,0.2000362,0.9235563,-0.6893617,-0.5446491,0.3207031,-0.2072001,1.991,0.8542824,0.05400569,-0.5169962,0.1156603,0.9499068,0.2903443,0.5067784,-0.307832,0.8052423,moving,36.19635,-28.91495,9.150401,-5.941289,4.325236789011932,-2.3507163992430913
05/11/2023 10:30:13.810170,2263,True,True,True,True,Eyes,0.5467491,0.1111373,-1.951444,0.5396368,-0.407405,0.7367587,0.0,0.0,0.0,0.0,0.0,0.0,0.0,-1.526908,0.3994758,1.306403,0.5753271,0.1115604,-1.96323,0.1605298,0.2742043,-0.01922689,0.9479834,18.35498,32.76849,3.115408,0.2036782,0.05140981,-0.9776865,0.4429481,0.01271369,0.3621438,0.9466934,-0.7074084,-0.5540264,0.3163042,-0.2072001,1.991,0.8488846,0.05158235,-0.5260553,0.1244894,0.9477211,0.2938149,0.5137093,-0.3149033,0.7980844,moving,36.22081,-28.94125,9.026971,-5.941289,4.329150247447878,-2.358225338917335
05/11/2023 10:30:13.829563,2264,True,True,True,True,Eyes,0.5474061,0.1111441,-1.951108,0.5400478,-0.4077068,0.7362904,0.0,0.0,0.0,0.0,0.0,0.0,0.0,-1.546116,0.4006631,1.280953,0.5836802,0.111327,-1.959278,0.1636473,0.2790567,-0.02156149,0.945982,18.76266,33.37685,3.059712,0.210913,0.05178786,-0.9761313,0.4163712,0.01195087,0.3404151,0.9708459,-0.7232229,-0.5630987,0.3116286,-0.2072001,1.991,0.843325,0.05054018,-0.5350222,0.1321273,0.9455094,0.2975811,0.5209083,-0.3216486,0.7906938,moving,36.25897,-28.97466,8.895685,-5.941289,4.335003959012788,-2.3677268939521268
05/11/2023 10:30:13.844988,2265,True,True,True,True,Eyes,0.5483713,0.1111685,-1.950616,0.5407747,-0.4080485,0.7355672,0.0,0.0,0.0,0.0,0.0,0.0,0.0,-1.56551,0.3991902,1.255303,0.5918684,0.1116131,-1.955299,0.1655913,0.284244,-0.02290553,0.9440659,19.00676,34.02912,3.085287,0.2169173,0.05209872,-0.9747981,0.391389,0.01123381,0.3199902,0.997292,-0.7293519,-0.5691918,0.3076615,-0.2072,1.991,0.8373613,0.05088801,-0.544276,0.1373853,0.9441097,0.2996366,0.5291041,-0.3256797,0.7835698,moving,36.3226,-29.01888,8.784216,-5.941288,4.344385306072652,-2.3802335418030944
05/11/2023 10:30:13.860044,2266,True,True,True,True,Eyes,0.5496236,0.1111841,-1.949969,0.5416536,-0.4081925,0.7348402,0.0,0.0,0.0,0.0,0.0,0.0,0.0,-1.58407,0.3972882,1.2302,0.6000971,0.1121304,-1.951363,0.1665418,0.2893947,-0.02280979,0.9423345,19.09153,34.68879,3.239625,0.2222808,0.05237432,-0.9735743,0.3679056,0.01055979,0.3007908,1.023242,-0.7292753,-0.5723989,0.3032824,-0.2072001,1.991,0.8314609,0.05340369,-0.5530107,0.1393815,0.9434872,0.3006741,0.5378156,-0.3270782,0.7770291,moving,36.39407,-29.05151,8.661094,-5.941291,4.354359860582204,-2.3893329489518527
05/11/2023 10:30:13.883543,2267,True,True,True,True,Eyes,0.5511512,0.1111934,-1.94918,0.5427095,-0.4082882,0.7340077,0.0,0.0,0.0,0.0,0.0,0.0,0.0,-1.599904,0.3953353,1.207525,0.608119,0.1119828,-1.947242,0.1667797,0.2938238,-0.02209969,0.9409378,19.07742,35.25899,3.422454,0.2271684,0.0526227,-0.9724321,0.3458313,0.009926198,0.2827434,1.049311,-0.7257743,-0.5737106,0.2989208,-0.2072001,1.991,0.8263583,0.05641886,-0.5603114,0.1395966,0.9433922,0.3008718,0.5455682,-0.3268455,0.7717042,moving,36.47842,-29.08479,8.538386,-5.941291,4.365959250623933,-2.398553216720951
05/11/2023 10:30:13.889721,2268,True,True,True,True,Eyes,0.5529723,0.1111859,-1.948253,0.5440779,-0.4081462,0.733073,0.0,0.0,0.0,0.0,0.0,0.0,0.0,-1.611879,0.3922703,1.190091,0.616172,0.1119129,-1.943233,0.1665055,0.2968152,-0.02143215,0.9400625,19.01247,35.64067,3.550356,0.2316431,0.05284667,-0.9713637,0.3250814,0.009330627,0.2657788,1.074338,-0.7201679,-0.5733585,0.2948363,-0.2071999,1.991,0.8228828,0.05854759,-0.5651867,0.1391378,0.9436332,0.3003283,0.5509124,-0.3257739,0.7683533,moving,36.58236,-29.10734,8.423401,-5.941286,4.379642950556489,-2.4045540493098576
05/11/2023 10:30:13.909745,2269,True,True,True,True,Eyes,0.5550857,0.1111616,-1.947196,0.5455893,-0.4080428,0.7320064,0.0,0.0,0.0,0.0,0.0,0.0,0.0,-1.623745,0.3898842,1.172517,0.6249766,0.1115346,-1.939155,0.1665198,0.2995788,-0.02100126,0.9391926,18.98807,35.99464,3.657633,0.2357623,0.05304819,-0.9703612,0.3055765,0.008770789,0.249832,1.097548,-0.7165624,-0.5733394,0.2905853,-0.2072,1.991,0.819623,0.0603231,-0.5697185,0.13922,0.9436603,0.3002052,0.55573,-0.3253713,0.7650475,moving,36.69841,-29.13663,8.303659,-5.941288,4.395056752991102,-2.412448427025816
05/11/2023 10:30:13.920179,2270,True,True,True,True,Eyes,0.5574545,0.1111083,-1.946022,0.5473117,-0.4077582,0.7308783,0.0,0.0,0.0,0.0,0.0,0.0,0.0,-1.637401,0.3857063,1.152984,0.6340151,0.1111059,-1.935176,0.1668456,0.3028642,-0.02166214,0.9380654,19.03499,36.40104,3.664681,0.2395767,0.05322893,-0.9694165,0.2872419,0.008244541,0.2348421,1.120028,-0.7165283,-0.5746886,0.2861175,-0.2072001,1.991,0.8156081,0.06042214,-0.5754412,0.1417041,0.9433866,0.2999029,0.5609843,-0.3261456,0.7608716,moving,36.82738,-29.15722,8.177728,-5.941289,4.411791589181743,-2.4177480782245864
05/11/2023 10:30:13.939963,2271,True,True,True,True,Eyes,0.5600982,0.1110317,-1.944738,0.5491195,-0.4075385,0.7296439,0.0,0.0,0.0,0.0,0.0,0.0,0.0,-1.649779,0.3834316,1.134143,0.642418,0.1103327,-1.931371,0.1674846,0.3059171,-0.02215982,0.9369487,19.11147,36.78689,3.698303,0.2431311,0.05338978,-0.9685224,0.2700074,0.007749869,0.2207516,1.140088,-0.7182295,-0.5758323,0.2817116,-0.2071999,1.991,0.8118473,0.06094759,-0.5806801,0.143998,0.9429157,0.3002908,0.5658344,-0.327407,0.7567272,moving,36.9646,-29.1853,8.053465,-5.941287,4.429800783521312,-2.425179437044359
05/11/2023 10:30:13.960016,2272,True,True,True,True,Eyes,0.563007,0.1109489,-1.943347,0.551065,-0.4072246,0.7283512,0.0,0.0,0.0,0.0,0.0,0.0,0.0,-1.661541,0.3813464,1.116311,0.6515819,0.1097053,-1.927615,0.1681679,0.308529,-0.02260432,0.9359586,19.19259,37.11956,3.73103,0.2464658,0.05353178,-0.9676713,0.253807,0.007284877,0.2075065,1.156989,-0.7202214,-0.5757424,0.2772923,-0.2072001,1.991,0.8085978,0.06145593,-0.5851434,0.1460827,0.9424173,0.3008482,0.5699382,-0.3287445,0.7530589,moving,37.11087,-29.20976,7.928746,-5.941291,4.448817019473587,-2.4315117796583374
05/11/2023 10:30:13.979825,2273,True,True,True,True,Eyes,0.5661859,0.1108329,-1.941849,0.5531512,-0.40701,0.7268883,0.0,0.0,0.0,0.0,0.0,0.0,0.0,-1.674647,0.3756421,1.09738,0.6607693,0.1093965,-1.923853,0.1687275,0.3115806,-0.02412721,0.9348084,19.29857,37.48773,3.647053,0.2496164,0.05365662,-0.9668564,0.2385786,0.006847784,0.1950561,1.170809,-0.723917,-0.5744806,0.2730572,-0.2071998,1.991,0.8046708,0.06003581,-0.590678,0.1502531,0.9418978,0.3004206,0.5743944,-0.3304909,0.7488971,moving,37.2706,-29.24598,7.809157,-5.941283,4.469897197079316,-2.4411884307711427
05/11/2023 10:30:13.995284,2274,True,True,True,True,Eyes,0.5695959,0.1106859,-1.940254,0.5554106,-0.4067486,0.7253101,0.0,0.0,0.0,0.0,0.0,0.0,0.0,-1.690994,0.3665017,1.074191,0.6702951,0.1083737,-1.920059,0.1690723,0.315829,-0.0267091,0.9332489,19.41718,37.98597,3.461479,0.2526156,0.05376451,-0.9660712,0.2242638,0.006436917,0.1833527,1.182099,-0.7259513,-0.5715306,0.2686892,-0.2072,1.991,0.7990775,0.05694336,-0.5985256,0.1566483,0.9414024,0.2987019,0.5804625,-0.332444,0.7433333,moving,37.4433,-29.28339,7.685739,-5.941288,4.492631247237636,-2.451142291854354
05/11/2023 10:30:14.010150,2275,True,True,True,True,Eyes,0.5732283,0.1105111,-1.938569,0.5578521,-0.4066509,0.7234889,0.0,0.0,0.0,0.0,0.0,0.0,0.0,-1.708123,0.3571942,1.048893,0.679087,0.1073581,-1.916445,0.1696796,0.3207223,-0.02952457,0.9313831,19.57326,38.56756,3.275944,0.2554905,0.05385576,-0.9653098,0.210808,0.006050702,0.1723516,1.19147,-0.7308571,-0.5685318,0.2641223,-0.2071999,1.991,0.7925311,0.05384268,-0.60745,0.1638374,0.9406743,0.2971351,0.5874112,-0.3350118,0.7366921,moving,37.63432,-29.339,7.556629,-5.941285,4.518246916386206,-2.4662851072828618
05/11/2023 10:30:14.029696,2276,True,True,True,True,Eyes,0.6693226,0.1056133,-1.894243,0.6222463,-0.4037024,0.6706966,0.0,0.0,0.0,0.0,0.0,0.0,0.0,-1.725606,0.3501733,1.02151,0.687885,0.1064325,-1.912931,0.1709724,0.3259494,-0.03207377,0.9292454,19.79521,39.20976,3.158828,0.2582649,0.05393071,-0.9645671,0.1981595,0.00568766,0.1620105,1.202756,-0.7359039,-0.5666242,0.2600366,-0.2072001,1.991,0.7854566,0.05184786,-0.6167413,0.1710655,0.9394795,0.2968417,0.5948064,-0.3386594,0.7290509,moving,42.85397,-31.04437,7.441054,-5.94129,5.224335501128059,-2.934029184516686
05/11/2023 10:30:14.044939,2277,True,True,True,True,Eyes,0.669679,0.1055822,-1.894086,0.6225824,-0.4038092,0.6703203,0.0,0.0,0.0,0.0,0.0,0.0,0.0,-1.743863,0.3436825,0.9915247,0.6966104,0.1056511,-1.909415,0.1725377,0.3317567,-0.03444973,0.9268126,20.04013,39.93603,3.088988,0.2667549,0.0537992,-0.9622612,0.4745527,-0.009346964,0.2852695,1.212634,-0.7417468,-0.5647702,0.2558154,-0.2072001,1.991,0.7775015,0.05062421,-0.6268404,0.178338,0.9380879,0.2969624,0.6030648,-0.3426781,0.7203364,moving,42.88543,-31.06528,7.321586,-5.941292,5.228942352738934,-2.939935882668105
05/11/2023 10:30:14.059806,2278,True,True,True,True,Eyes,0.6703781,0.1055315,-1.893774,0.6232833,-0.4037454,0.6697071,0.0,0.0,0.0,0.0,0.0,0.0,0.0,-1.762592,0.3356771,0.9599143,0.7053071,0.1048353,-1.905885,0.1734841,0.3380577,-0.03647421,0.9242781,20.20352,40.72313,3.046148,0.2737693,0.05367796,-0.9602959,0.4460795,-0.008786146,0.2681533,1.221343,-0.745231,-0.5610754,0.2512829,-0.2072001,1.991,0.7687734,0.04987065,-0.637574,0.1847199,0.9371458,0.2960344,0.6122632,-0.345356,0.7112406,moving,42.94372,-31.08446,7.193232,-5.941288,5.236832009666598,-2.945198704413385
05/11/2023 10:30:14.079967,2279,True,True,True,True,Eyes,0.6714126,0.1054545,-1.893312,0.6243099,-0.4036291,0.6688204,0.0,0.0,0.0,0.0,0.0,0.0,0.0,-1.779414,0.3286667,0.9299557,0.7140448,0.104312,-1.902213,0.1735976,0.3439162,-0.03706552,0.9220692,20.22044,41.46556,3.118723,0.2797682,0.05356539,-0.9585717,0.4193147,-0.008258977,0.2520641,1.229635,-0.749258,-0.5572003,0.2467517,-0.2072002,1.991,0.7606956,0.05105211,-0.647098,0.18776,0.93698,0.2946431,0.6213601,-0.3456329,0.7031711,moving,43.02862,-31.11073,7.064844,-5.941292,5.248268363245445,-2.952380266204078
05/11/2023 10:30:14.090135,2280,True,True,True,True,Eyes,0.6727727,0.1053464,-1.892701,0.6255308,-0.4032458,0.6679102,0.0,0.0,0.0,0.0,0.0,0.0,0.0,-1.794891,0.3230841,0.9008232,0.7229428,0.1036974,-1.898447,0.173171,0.3494678,-0.03657084,0.9200798,20.13437,42.17859,3.281236,0.2852117,0.05345887,-0.9569722,0.3941559,-0.007763438,0.2369403,1.239871,-0.7501042,-0.5524395,0.2427142,-0.2072002,1.991,0.7530696,0.05373919,-0.6557425,0.1883315,0.9373487,0.2931015,0.6304105,-0.3442229,0.6957681,moving,43.12338,-31.12116,6.950387,-5.941295,5.260409029307418,-2.9549096750639174
05/11/2023 10:30:14.109839,2281,True,True,True,True,Eyes,0.6744497,0.1052043,-1.891947,0.6270177,-0.4027732,0.6668003,0.0,0.0,0.0,0.0,0.0,0.0,0.0,-1.8093,0.3163883,0.8729467,0.7319649,0.1028877,-1.894557,0.1719751,0.354725,-0.03577402,0.9183218,19.95224,42.84483,3.434008,0.2901737,0.05335666,-0.955485,0.3705065,-0.007297632,0.2227238,1.250286,-0.750951,-0.5481151,0.2384032,-0.2072001,1.991,0.7457808,0.05630358,-0.6638079,0.1877118,0.9382896,0.290477,0.639199,-0.3412368,0.6891894,moving,43.23882,-31.1336,6.828112,-5.941291,5.275190429139581,-2.957913783435642
05/11/2023 10:30:14.129866,2282,True,True,True,True,Eyes,0.6764407,0.1050298,-1.891043,0.6285691,-0.4021475,0.6657164,0.0,0.0,0.0,0.0,0.0,0.0,0.0,-1.822657,0.3089341,0.8465259,0.7410805,0.1019944,-1.89064,0.1707481,0.3595505,-0.03536729,0.9166886,19.78418,43.4488,3.530406,0.2947203,0.05325699,-0.9540981,0.3482761,-0.006859774,0.2093604,1.262373,-0.7500879,-0.5434528,0.2338941,-0.2072001,1.991,0.7389452,0.05794351,-0.6712694,0.1876267,0.9391885,0.2876129,0.6471138,-0.3384782,0.6831371,moving,43.35601,-31.13544,6.700152,-5.941291,5.2898396159918155,-2.9578302706068706
05/11/2023 10:30:14.140025,2283,True,True,True,True,Eyes,0.6787269,0.1048129,-1.889997,0.6303443,-0.401504,0.664425,0.0,0.0,0.0,0.0,0.0,0.0,0.0,-1.835964,0.2997817,0.8193969,0.7504504,0.101023,-1.886442,0.1696369,0.3644344,-0.03568371,0.9149522,19.6594,44.0514,3.552135,0.2989099,0.05315829,-0.9527993,0.3273796,-0.006448188,0.1967988,1.274728,-0.749904,-0.5398878,0.2296259,-0.2072001,1.991,0.7318285,0.05834524,-0.6789867,0.1889408,0.9399,0.2844105,0.6547736,-0.336428,0.6768218,moving,43.49222,-31.14406,6.578966,-5.941291,5.307080419112481,-2.9596154870221687
05/11/2023 10:30:14.160034,2284,True,True,True,True,Eyes,0.6813006,0.1045339,-1.888818,0.6320816,-0.4007841,0.663208,0.0,0.0,0.0,0.0,0.0,0.0,0.0,-1.848621,0.2910539,0.7923295,0.7596443,0.09979862,-1.882254,0.1688486,0.3692039,-0.03630338,0.9131597,19.58337,44.64168,3.55242,0.3027945,0.05305863,-0.9515775,0.3077368,-0.006061296,0.1849909,1.288163,-0.7497496,-0.5364308,0.2251627,-0.2071999,1.991,0.7247411,0.05837751,-0.6865438,0.1909807,0.9403445,0.2815647,0.6620247,-0.3351781,0.6703573,moving,43.62342,-31.14504,6.452182,-5.941286,5.3234452424446435,-2.959208350969532
05/11/2023 10:30:14.179680,2285,True,True,True,True,Eyes,0.6841552,0.1042086,-1.88751,0.6339868,-0.4000384,0.6618384,0.0,0.0,0.0,0.0,0.0,0.0,0.0,-1.860229,0.2844186,0.7661712,0.7689604,0.09803314,-1.878151,0.1681497,0.3735848,-0.03652788,0.9114964,19.5013,45.19075,3.591342,0.3064201,0.05295521,-0.950422,0.2892726,-0.005697619,0.1738914,1.301815,-0.7481913,-0.5329791,0.2209778,-0.2072,1.991,0.7182001,0.05904629,-0.6933268,0.1922264,0.9407828,0.2792433,0.6687583,-0.3338283,0.6643201,moving,43.76871,-31.15025,6.333245,-5.941288,5.341703756926587,-2.9599553800661953
05/11/2023 10:30:14.190507,2286,True,True,True,True,Eyes,0.6872839,0.1038618,-1.886073,0.6358005,-0.3992427,0.6605777,0.0,0.0,0.0,0.0,0.0,0.0,0.0,-1.870952,0.2758245,0.741917,0.7784049,0.09659329,-1.873963,0.1671697,0.3775354,-0.03713614,0.9100232,19.40825,45.67326,3.564271,0.3098276,0.05284626,-0.9493226,0.2719162,-0.005355761,0.1634579,1.314494,-0.7444768,-0.5280959,0.2165329,-0.2071998,1.991,0.7121758,0.05863543,-0.6995481,0.1938145,0.9413504,0.2762161,0.6747159,-0.332297,0.6590426,moving,43.90506,-31.1481,6.206857,-5.941283,5.358606311681404,-2.958612093410264
05/11/2023 10:30:14.210053,2287,True,True,True,True,Eyes,0.6906763,0.1034765,-1.884514,0.6377816,-0.3983859,0.6591839,0.0,0.0,0.0,0.0,0.0,0.0,0.0,-1.882069,0.2656387,0.7163224,0.7879644,0.09571253,-1.86971,0.1659205,0.3818561,-0.03775848,0.9084221,19.28628,46.19896,3.529906,0.3130532,0.05273141,-0.9482702,0.2556012,-0.005034416,0.1536504,1.326324,-0.7370051,-0.5208874,0.2121732,-0.2072001,1.991,0.7055203,0.05811424,-0.7063028,0.1953168,0.9420894,0.2726151,0.6812432,-0.3302883,0.6533126,moving,44.0546,-31.14718,6.082835,-5.941289,5.377191446723282,-2.9575564733737947
05/11/2023 10:30:14.229953,2288,True,True,True,True,Eyes,0.6943305,0.1030615,-1.882838,0.6396825,-0.397526,0.6578597,0.0,0.0,0.0,0.0,0.0,0.0,0.0,-1.892474,0.2534075,0.6922907,0.7975217,0.09435906,-1.865475,0.1641605,0.3858634,-0.03883237,0.9070022,19.13262,46.66781,3.413031,0.3161293,0.05260944,-0.9472559,0.2402651,-0.00473235,0.1444314,1.336607,-0.7239085,-0.5101283,0.2080075,-0.2071999,1.991,0.699203,0.05624494,-0.7127072,0.1971291,0.9430867,0.2678198,0.6872084,-0.3277557,0.6483216,moving,44.1974,-31.14338,5.964275,-5.941286,5.394842440263184,-2.955699995525701
05/11/2023 10:30:14.244973,2289,True,True,True,True,Eyes,0.6982425,0.1026307,-1.88105,0.6417977,-0.3966388,0.6563333,0.0,0.0,0.0,0.0,0.0,0.0,0.0,-1.903882,0.2390406,0.6654766,0.8073179,0.09315869,-1.86127,0.1623947,0.3905294,-0.04042718,0.9052516,19.00145,47.21563,3.252587,0.3190841,0.05247969,-0.9462719,0.2258492,-0.004448409,0.1357655,1.349295,-0.7182267,-0.504416,0.2036371,-0.2072001,1.991,0.6917049,0.05364623,-0.720185,0.2000333,0.9439873,0.2624401,0.6939244,-0.325592,0.6422296,moving,44.35847,-31.14563,5.839836,-5.941291,5.4149675781169,-2.955504198604456
05/11/2023 10:30:14.259927,2290,True,True,True,True,Eyes,0.7024277,0.1023437,-1.879139,0.6438369,-0.3958035,0.6548387,0.0,0.0,0.0,0.0,0.0,0.0,0.0,-1.915621,0.223975,0.6367141,0.8172032,0.09227421,-1.857105,0.1607754,0.3956142,-0.04218809,0.9032502,18.89418,47.82009,3.089831,0.3219433,0.05234219,-0.9453106,0.2122983,-0.004181505,0.1276196,1.362044,-0.7026566,-0.4933748,0.1992617,-0.2072002,1.991,0.6834192,0.05099726,-0.7282428,0.2034229,0.9447429,0.2570605,0.7011115,-0.3238212,0.6352814,moving,44.51463,-31.14998,5.715199,-5.941292,5.434550845530164,-2.9559441598958776
05/11/2023 10:30:14.280184,2291,True,True,True,True,Eyes,0.7068384,0.102113,-1.877135,0.6460944,-0.3951291,0.6530199,0.0,0.0,0.0,0.0,0.0,0.0,0.0,-1.9272,0.2050725,0.6083983,0.8277727,0.09537031,-1.852565,0.1591431,0.4006655,-0.04387607,0.90123,18.78442,48.42282,2.932918,0.3247303,0.05220492,-0.9443644,0.1995604,-0.003930614,0.1199624,1.36839,-0.6943504,-0.4837642,0.1936556,-0.2071998,1.991,0.6750841,0.04844143,-0.7361487,0.2066112,0.9454967,0.2516898,0.7082183,-0.3220083,0.6282812,moving,44.69456,-31.17728,5.555427,-5.941283,5.457851043756069,-2.962923810022267
05/11/2023 10:30:14.295645,2292,True,True,True,True,Eyes,0.8229609,0.09597023,-1.824625,0.7000734,-0.3790691,0.6051478,0.0,0.0,0.0,0.0,0.0,0.0,0.0,-1.938537,0.1979968,0.5751872,0.837348,0.09651601,-1.848648,0.1605929,0.4062797,-0.04490792,0.8984042,18.9683,49.17162,3.018581,0.327464,0.05207066,-0.9434274,0.1875868,-0.003694777,0.1127647,1.380062,-0.6860594,-0.4745631,0.1905996,-0.2072001,1.991,0.6658401,0.04980032,-0.7444306,0.2111822,0.9443864,0.2520643,0.715583,-0.325045,0.6182934,moving,49.15966,-32.06333,5.468294,-5.941289,6.042951497703025,-3.1967037300767958
05/11/2023 10:30:14.310090,2293,True,True,True,True,Eyes,0.8233422,0.09609856,-1.82447,0.700362,-0.3790169,0.6048464,0.0,0.0,0.0,0.0,0.0,0.0,0.0,-1.949562,0.1854691,0.54283,0.8474118,0.09590633,-1.8446,0.1591032,0.4119449,-0.04566429,0.8960483,18.82935,49.87448,2.982634,0.3376254,0.05161422,-0.9398641,0.524699,-0.02190127,0.2635278,1.391026,-0.6780969,-0.4662992,0.1864414,-0.2072001,1.991,0.6564322,0.04924868,-0.7527757,0.2129183,0.9452019,0.2475059,0.7237144,-0.3227506,0.6099751,moving,49.18547,-32.07263,5.349695,-5.941291,6.046471590832543,-3.199268504265553
05/11/2023 10:30:14.329654,2294,True,True,True,True,Eyes,0.8241179,0.0962453,-1.824147,0.7005795,-0.3791229,0.6045282,0.0,0.0,0.0,0.0,0.0,0.0,0.0,-1.959458,0.1711773,0.5140884,0.8567157,0.09911068,-1.841,0.1581202,0.4170896,-0.04644737,0.8937991,18.74766,50.5205,2.958324,0.3459853,0.05123083,-0.93684,0.4932171,-0.0205872,0.2477161,1.402451,-0.6757329,-0.4617413,0.1819327,-0.2072,1.991,0.6477577,0.04887134,-0.7602773,0.2149298,0.9456813,0.24391,0.7309002,-0.3214008,0.6020685,moving,49.20918,-32.09341,5.221047,-5.941287,6.050109388878227,-3.205178309826649
05/11/2023 10:30:14.344775,2295,True,True,True,True,Eyes,0.8252487,0.09640132,-1.823687,0.7010706,-0.3791568,0.6039372,0.0,0.0,0.0,0.0,0.0,0.0,0.0,-1.968166,0.1663784,0.4840915,0.8668097,0.09978709,-1.83695,0.1583744,0.4217493,-0.04595564,0.8915902,18.73392,51.14692,3.125914,0.3529072,0.0509109,-0.9342721,0.4636241,-0.01935197,0.2328531,1.414003,-0.6759394,-0.4584385,0.1776962,-0.2072,1.991,0.6400311,0.05164142,-0.7666116,0.2155358,0.9456112,0.2436467,0.7374988,-0.3211737,0.59409,moving,49.25675,-32.12094,5.100119,-5.941289,6.056940320850337,-3.2129226136513234
05/11/2023 10:30:14.360020,2296,True,True,True,True,Eyes,0.8267155,0.09655073,-1.823109,0.702008,-0.3796283,0.6025506,0.0,0.0,0.0,0.0,0.0,0.0,0.0,-1.976361,0.1611717,0.4553791,0.8762596,0.1002589,-1.83343,0.1578575,0.4263476,-0.04513544,0.8895344,18.62218,51.75492,3.285166,0.3588642,0.0506393,-0.9320148,0.4358066,-0.01819085,0.2188819,1.427342,-0.6791259,-0.4579085,0.1733246,-0.2072001,1.991,0.6323809,0.05430531,-0.7727518,0.2149034,0.9460876,0.2423526,0.7442519,-0.3193262,0.5866174,moving,49.3597,-32.21238,4.975286,-5.94129,6.0727758537753305,-3.238935325750476
05/11/2023 10:30:14.379624,2297,True,True,True,True,Eyes,0.8285046,0.096691,-1.82242,0.7031168,-0.3800952,0.6009613,0.0,0.0,0.0,0.0,0.0,0.0,0.0,-1.984155,0.1605762,0.4260649,0.885609,0.1003435,-1.83025,0.1589765,0.4307892,-0.04432581,0.887233,18.68038,52.37775,3.529305,0.3642861,0.05040055,-0.929922,0.4096582,-0.0170994,0.205749,1.442503,-0.6823578,-0.4591362,0.1690129,-0.2072001,1.991,0.6249117,0.05831612,-0.7785144,0.2156254,0.9455234,0.2439083,0.7503273,-0.3202886,0.5782942,moving,49.47914,-32.31248,4.852118,-5.94129,6.090950141880289,-3.2673760857260783
05/11/2023 10:30:14.395637,2298,True,True,True,True,Eyes,0.830564,0.09671876,-1.821652,0.7043191,-0.3808247,0.5990886,0.0,0.0,0.0,0.0,0.0,0.0,0.0,-1.991038,0.1570479,0.4005008,0.8949627,0.1003311,-1.827093,0.1593877,0.4345117,-0.04406773,0.8853549,18.6947,52.88426,3.660778,0.3692439,0.05019116,-0.927976,0.3850787,-0.01607343,0.1934041,1.459121,-0.6845373,-0.4611638,0.1646531,-0.2071999,1.991,0.6185153,0.06048048,-0.7834418,0.2165428,0.9453072,0.2439335,0.7553464,-0.3205253,0.5715904,moving,49.61576,-32.44304,4.727528,-5.941285,6.112269018975931,-3.3045722932555774
05/11/2023 10:30:14.411461,2299,True,True,True,True,Eyes,0.832938,0.09678964,-1.820786,0.7056641,-0.3813455,0.5971715,0.0,0.0,0.0,0.0,0.0,0.0,0.0,-1.997518,0.1539074,0.3756685,0.9033833,0.09776583,-1.824619,0.1595505,0.4382005,-0.04436758,0.8834907,18.7117,53.37462,3.718919,0.3737984,0.05000273,-0.9261609,0.361974,-0.01510903,0.1817998,1.477473,-0.6843398,-0.4630855,0.1603156,-0.2072,1.991,0.6120238,0.06143351,-0.7884497,0.2182269,0.9451503,0.2430389,0.7601342,-0.3208065,0.565048,moving,49.76027,-32.56174,4.603531,-5.941288,6.134178411105678,-3.338282584527332
05/11/2023 10:30:14.430630,2300,True,True,True,True,Eyes,0.8355941,0.09692554,-1.819853,0.706961,-0.3820593,0.5951779,0.0,0.0,0.0,0.0,0.0,0.0,0.0,-2.003662,0.1428781,0.3559459,0.9131745,0.09887498,-1.821568,0.1570688,0.4410698,-0.04411204,0.8825197,18.42999,53.70565,3.668203,0.3780059,0.04983542,-0.9244607,0.3402555,-0.01420249,0.1708919,1.495508,-0.6811235,-0.4635325,0.1559704,-0.2072,1.991,0.6070231,0.06069708,-0.7923628,0.2164161,0.9467671,0.2383196,0.7646483,-0.3161456,0.5615737,moving,49.90657,-32.6974,4.479273,-5.941288,6.156870731101436,-3.3769088692831
05/11/2023 10:30:14.439750,2301,True,True,True,True,Eyes,0.8385512,0.0969862,-1.818847,0.7083718,-0.3827773,0.5930355,0.0,0.0,0.0,0.0,0.0,0.0,0.0,-2.009624,0.1405835,0.3350244,0.9225149,0.1006855,-1.819181,0.1580031,0.4437914,-0.04358935,0.8810132,18.48733,54.09579,3.83521,0.3819152,0.04969035,-0.9228603,0.3198402,-0.01335034,0.1606383,1.514678,-0.6728296,-0.462039,0.1518029,-0.2072,1.991,0.6022984,0.06343526,-0.7957465,0.2170464,0.94627,0.2397165,0.7681975,-0.3170948,0.5561685,moving,50.06457,-32.84039,4.360055,-5.941287,6.181261599252667,-3.417602205457702
05/11/2023 10:30:14.459664,2302,True,True,True,True,Eyes,0.8417526,0.0970521,-1.817791,0.7096971,-0.3837393,0.5908251,0.0,0.0,0.0,0.0,0.0,0.0,0.0,-2.016186,0.1339665,0.3104675,0.9325244,0.098922,-1.816578,0.1580682,0.4472025,-0.04458114,0.8792253,18.53167,54.54034,3.808829,0.3855705,0.04956156,-0.9213461,0.3006498,-0.01254932,0.151,1.535069,-0.6639555,-0.4610199,0.1474249,-0.2072,1.991,0.5960448,0.06298329,-0.8004772,0.2197707,0.9460539,0.2380815,0.7722897,-0.3178287,0.5500486,moving,50.22251,-33.00362,4.234777,-5.941288,6.206313418737751,-3.464173848898448
05/11/2023 10:30:14.479668,2303,True,True,True,True,Eyes,0.8451816,0.09712891,-1.816684,0.7110899,-0.3849021,0.5883889,0.0,0.0,0.0,0.0,0.0,0.0,0.0,-2.023517,0.1133278,0.2853354,0.9413797,0.09893408,-1.814634,0.1576958,0.4515168,-0.048917,0.8768533,18.70683,55.05509,3.426979,0.3890089,0.0494476,-0.9199057,0.2826108,-0.01179636,0.14194,1.55724,-0.6571275,-0.4616898,0.1430337,-0.2071999,1.991,0.5874795,0.05661853,-0.807256,0.2281907,0.9454783,0.2323785,0.7764,-0.3207259,0.5425292,moving,50.39406,-33.19122,4.109077,-5.941286,6.233864294447154,-3.517751137716579
05/11/2023 10:30:14.494940,2304,True,True,True,True,Eyes,0.8488317,0.09723674,-1.815534,0.7123966,-0.3863041,0.5858842,0.0,0.0,0.0,0.0,0.0,0.0,0.0,-2.030032,0.09663159,0.259413,0.9500238,0.0990926,-1.812539,0.1591646,0.4557191,-0.05324988,0.8741574,19.07489,55.59797,3.152315,0.3922628,0.04934747,-0.9185282,0.2656541,-0.01108858,0.1334236,1.57808,-0.6541299,-0.4637814,0.1386292,-0.2072,1.991,0.5789692,0.05197113,-0.8136914,0.2381662,0.9436622,0.2297359,0.7797894,-0.3268038,0.5339736,moving,50.56568,-33.39895,3.982958,-5.941288,6.262088671847447,-3.577174102782606
05/11/2023 10:30:14.509754,2305,True,True,True,True,Eyes,0.8526894,0.09734409,-1.814356,0.7137529,-0.387915,0.5831628,0.0,0.0,0.0,0.0,0.0,0.0,0.0,-2.035792,0.0865812,0.2354743,0.9588242,0.09989285,-1.810545,0.1612799,0.4592346,-0.05590732,0.8717608,19.42327,56.08666,3.078944,0.3953608,0.04926126,-0.9172037,0.2497149,-0.01042326,0.1254182,1.595111,-0.6537789,-0.4649654,0.134246,-0.2072,1.991,0.571956,0.05065497,-0.8187189,0.2456062,0.9417264,0.2298458,0.782652,-0.3325441,0.5261848,moving,50.74989,-33.63152,3.85741,-5.941287,6.2927006521824005,-3.6437445859493094
05/11/2023 10:30:14.529958,2306,True,True,True,True,Eyes,0.8567547,0.09750628,-1.813154,0.7150762,-0.3896796,0.5803584,0.0,0.0,0.0,0.0,0.0,0.0,0.0,-2.04142,0.07927659,0.2109737,0.9674611,0.09994249,-1.808927,0.1640498,0.4627514,-0.05835509,0.8692201,19.82805,56.59618,3.070047,0.3983272,0.04918743,-0.9159232,0.234732,-0.009797866,0.1178931,1.608953,-0.657728,-0.4665678,0.1300177,-0.2072,1.991,0.5649117,0.05038167,-0.8236119,0.2532753,0.9393647,0.2311829,0.7853193,-0.3391985,0.5178977,moving,50.93709,-33.87925,3.736265,-5.941288,6.324185498125149,-3.714701989460333
05/11/2023 10:30:14.539755,2307,True,True,True,True,Eyes,0.8610074,0.09772768,-1.811918,0.7165166,-0.3914847,0.5773592,0.0,0.0,0.0,0.0,0.0,0.0,0.0,-2.04728,0.06474814,0.1855884,0.9763031,0.1013368,-1.807361,0.165306,0.4668201,-0.06135699,0.8665958,20.1081,57.14067,2.92956,0.4011846,0.04912733,-0.9146785,0.2206481,-0.009209993,0.1108195,1.622163,-0.6658165,-0.4692493,0.1255643,-0.2072,1.991,0.5566286,0.04799293,-0.829374,0.2606798,0.9378185,0.2292216,0.7888033,-0.3437923,0.5095058,moving,51.13861,-34.13966,3.608634,-5.941288,6.357871725746553,-3.789266348589032
05/11/2023 10:30:14.560127,2308,True,True,True,True,Eyes,0.8654281,0.09796094,-1.810646,0.7180012,-0.3931279,0.5743907,0.0,0.0,0.0,0.0,0.0,0.0,0.0,-2.052601,0.04590568,0.1590871,0.9847845,0.1027741,-1.805609,0.165304,0.4713911,-0.06463809,0.8638791,20.27613,57.72242,2.698731,0.4039519,0.0490824,-0.9134622,0.2074092,-0.008657394,0.1041704,1.63685,-0.6773361,-0.4756551,0.1212187,-0.2072001,1.991,0.5472247,0.04416669,-0.8358197,0.2675247,0.936993,0.2246657,0.7930799,-0.346545,0.5009301,moving,51.34069,-34.38875,3.484056,-5.941289,6.391253825189783,-3.860540262213303
05/11/2023 10:30:14.570256,2309,True,True,True,True,Eyes,0.8699926,0.09819533,-1.809337,0.7195753,-0.3946716,0.5713543,0.0,0.0,0.0,0.0,0.0,0.0,0.0,-2.057113,0.02808517,0.1323464,0.9929854,0.1031876,-1.803705,0.1643056,0.476026,-0.06722253,0.8613269,20.30644,58.30056,2.482749,0.4066452,0.04905162,-0.912268,0.1949646,-0.008137951,0.09792013,1.652212,-0.6921031,-0.4846095,0.1168886,-0.2072001,1.991,0.5377609,0.04062635,-0.842118,0.2722286,0.9369696,0.2190423,0.7979379,-0.347041,0.4928059,moving,51.54986,-34.63536,3.359894,-5.941292,6.425436623428044,-3.931056566198495
05/11/2023 10:30:14.590034,2310,True,True,True,True,Eyes,0.8747128,0.09839945,-1.808004,0.721142,-0.3959741,0.5684705,0.0,0.0,0.0,0.0,0.0,0.0,0.0,-2.06048,0.01512057,0.1119244,1.000819,0.1034492,-1.801664,0.1630985,0.4792176,-0.06865465,0.8596721,20.25649,58.69207,2.338424,0.4092786,0.04903356,-0.9110906,0.1832668,-0.007649674,0.09204493,1.66807,-0.7059621,-0.4944535,0.1127853,-0.2072001,1.991,0.5312741,0.03827836,-0.8463349,0.2743603,0.9373709,0.2146215,0.801545,-0.3462235,0.4874988,moving,51.75157,-34.85954,3.242203,-5.94129,6.457950017430022,-3.995098203652552
05/11/2023 10:30:14.610160,2311,True,True,True,True,Eyes,0.879585,0.09859604,-1.806646,0.7227448,-0.3971934,0.565577,0.0,0.0,0.0,0.0,0.0,0.0,0.0,-2.063943,0.007381111,0.09336656,1.009158,0.1029147,-1.7999,0.1623054,0.4817166,-0.06918472,0.858382,20.1998,59.01055,2.295916,0.4118646,0.0490253,-0.9099249,0.1722708,-0.007190693,0.08652223,1.684812,-0.7195084,-0.5046381,0.108357,-0.2071999,1.991,0.5263253,0.0375966,-0.8494517,0.2751442,0.9377409,0.2119853,0.8045355,-0.345295,0.4832122,moving,51.95538,-35.0796,3.115158,-5.941284,6.4905887684962895,-4.05793226097811
05/11/2023 10:30:14.620287,2312,True,True,True,True,Eyes,0.8846145,0.09877416,-1.805265,0.7243677,-0.3981829,0.5627981,0.0,0.0,0.0,0.0,0.0,0.0,0.0,-2.067119,-0.003737748,0.07672381,1.017547,0.1028618,-1.798026,0.1612191,0.4839278,-0.07043623,0.8572405,20.15611,59.27381,2.153481,0.414414,0.04902537,-0.9087666,0.1619345,-0.006759251,0.0813309,1.703776,-0.7271519,-0.5137987,0.1038115,-0.2072001,1.991,0.5217054,0.0352752,-0.8523962,0.2767983,0.9380943,0.208235,0.8069735,-0.3445792,0.4796447,moving,52.15455,-35.27963,2.984721,-5.94129,6.521988422950235,-4.114973778501146
05/11/2023 10:30:14.640214,2313,True,True,True,True,Eyes,0.8897861,0.09893546,-1.803855,0.7260225,-0.3990899,0.5600167,0.0,0.0,0.0,0.0,0.0,0.0,0.0,-2.070354,-0.01846614,0.05805403,1.026202,0.1024914,-1.796241,0.1597483,0.4866343,-0.07243867,0.8558156,20.11664,59.58781,1.921805,0.4169371,0.04903188,-0.9076115,0.1522184,-0.006353696,0.07645104,1.724968,-0.7292444,-0.5217748,0.09977591,-0.2072,1.991,0.5158795,0.0314897,-0.8560823,0.2794662,0.9384663,0.2029278,0.8097945,-0.3439324,0.4753351,moving,52.35524,-35.47517,2.86889,-5.941288,6.553429013900189,-4.170703320511612
05/11/2023 10:30:14.659827,2314,True,True,True,True,Eyes,0.895111,0.09908898,-1.802416,0.7276808,-0.3998319,0.5573286,0.0,0.0,0.0,0.0,0.0,0.0,0.0,-2.07301,-0.03493631,0.04129064,1.034629,0.1021004,-1.794273,0.1578981,0.4890275,-0.07479444,0.8545911,20.06158,59.84646,1.622472,0.4194419,0.04904324,-0.9064561,0.1430853,-0.005972474,0.07186398,1.744051,-0.728869,-0.5264348,0.0951525,-0.2072001,1.991,0.5105157,0.02659573,-0.859457,0.2822704,0.9389479,0.1967236,0.8122173,-0.3430298,0.4718406,moving,52.5516,-35.65596,2.736159,-5.941291,6.58384346920305,-4.222172077203198
05/11/2023 10:30:14.670201,2315,True,True,True,True,Eyes,0.9005699,0.0991952,-1.800945,0.7293801,-0.400508,0.5546151,0.0,0.0,0.0,0.0,0.0,0.0,0.0,-2.075624,-0.05184823,0.02371109,1.043476,0.1019311,-1.792271,0.156102,0.4915148,-0.0771837,0.8532808,20.01533,60.12032,1.32544,0.4219372,0.04905844,-0.9052964,0.1345002,-0.005614126,0.06755214,1.759077,-0.7268969,-0.5270914,0.09098214,-0.2072001,1.991,0.5049119,0.02173413,-0.8628972,0.2851716,0.9393497,0.1905238,0.8147031,-0.3422715,0.4680908,moving,52.75092,-35.83444,2.616408,-5.941291,6.61455011360119,-4.272954369853481
05/11/2023 10:30:14.695007,2316,True,True,True,True,Eyes,0.9061564,0.09925929,-1.799455,0.7310661,-0.4011255,0.5519426,0.0,0.0,0.0,0.0,0.0,0.0,0.0,-2.077806,-0.06476167,0.00561744,1.051998,0.1007988,-1.790152,0.1546428,0.493956,-0.07891871,0.851977,19.9664,60.40465,1.115614,0.4244291,0.04907466,-0.9041299,0.1264302,-0.005277278,0.06349901,1.773508,-0.7265865,-0.5274431,0.08652645,-0.2072,1.991,0.4995586,0.01829964,-0.8660867,0.2872474,0.9397149,0.1855395,0.8172699,-0.341469,0.4641861,moving,52.94781,-36.00787,2.48844,-5.941288,6.644787484083075,-4.322282880915275
05/11/2023 10:30:14.710217,2317,True,True,True,True,Eyes,0.9118702,0.09926397,-1.797956,0.7327445,-0.4017492,0.5492569,0.0,0.0,0.0,0.0,0.0,0.0,0.0,-2.080335,-0.07031077,-0.01060039,1.060562,0.09983755,-1.78832,0.1542749,0.4957422,-0.07931847,0.8509686,19.95056,60.63955,1.095165,0.4269229,0.04908957,-0.9029542,0.1188444,-0.004960642,0.05968907,1.788818,-0.728738,-0.5298633,0.08244687,-0.2071999,1.991,0.4958966,0.01796604,-0.8681956,0.2879561,0.9398157,0.1839231,0.8192483,-0.3412091,0.460878,moving,53.1452,-36.18328,2.371251,-5.941286,6.675152486124942,-4.372183776614842
05/11/2023 10:30:14.729553,2318,True,True,True,True,Eyes,0.9177327,0.09923249,-1.796459,0.734411,-0.4023535,0.5465823,0.0,0.0,0.0,0.0,0.0,0.0,0.0,-2.08324,-0.06903377,-0.02562046,1.069268,0.09848738,-1.786694,0.1550733,0.4969805,-0.07868504,0.8501597,19.99169,60.83749,1.240651,0.4294226,0.04910022,-0.9017676,0.1117137,-0.004663003,0.05610773,1.802631,-0.7321415,-0.5323477,0.07818389,-0.2071999,1.991,0.4936381,0.02034706,-0.8694295,0.2879264,0.9395219,0.1854642,0.8206217,-0.3418839,0.4579254,moving,53.34169,-36.35775,2.248773,-5.941286,6.705374408238831,-4.421816427801185
05/11/2023 10:30:14.745096,2319,True,True,True,True,Eyes,0.9237229,0.09917297,-1.794973,0.7360731,-0.4030318,0.5438399,0.0,0.0,0.0,0.0,0.0,0.0,0.0,-2.086551,-0.07034543,-0.04071784,1.078634,0.09762581,-1.785307,0.1557479,0.4982415,-0.0785251,0.8493126,20.04794,61.03047,1.330674,0.4319338,0.04910504,-0.9005672,0.1050109,-0.004383223,0.05274126,1.815802,-0.7355531,-0.5338424,0.07388216,-0.2071998,1.991,0.4911784,0.02181544,-0.8707858,0.2885848,0.9391528,0.1863084,0.8218654,-0.3428062,0.454996,moving,53.54155,-36.5416,2.12516,-5.941281,6.736325617425014,-4.474155399588464
05/11/2023 10:30:14.760895,2320,True,True,True,True,Eyes,0.9298407,0.09903993,-1.793508,0.7377131,-0.4037974,0.5410426,0.0,0.0,0.0,0.0,0.0,0.0,0.0,-2.089857,-0.06896308,-0.05782843,1.087599,0.09697993,-1.784187,0.1574632,0.4998681,-0.07807425,0.8480812,20.19015,61.30281,1.526055,0.4344589,0.04910304,-0.8993518,0.09871025,-0.00412023,0.04957679,1.829116,-0.7396044,-0.5360505,0.06941986,-0.2072,1.991,0.4880726,0.02499509,-0.8724451,0.2898483,0.9382195,0.1890295,0.8232698,-0.3451368,0.4506745,moving,53.74349,-36.73516,1.996913,-5.941289,6.767856425926475,-4.529303330215112
05/11/2023 10:30:14.779622,2321,True,True,True,True,Eyes,0.9360741,0.09888364,-1.792063,0.7393594,-0.4046062,0.5381836,0.0,0.0,0.0,0.0,0.0,0.0,0.0,-2.093207,-0.06915423,-0.07538855,1.096687,0.09513427,-1.783314,0.158523,0.5016164,-0.07797882,0.8468595,20.28709,61.57339,1.647159,0.4370003,0.04909106,-0.8981203,0.09278763,-0.003873016,0.04660218,1.845484,-0.7448792,-0.5408817,0.06500626,-0.2072,1.991,0.4846005,0.02696129,-0.8743201,0.2911097,0.9375796,0.1902625,0.8248744,-0.3467243,0.4465028,moving,53.94893,-36.93583,1.870046,-5.941287,6.800057738449957,-4.586497654950711
05/11/2023 10:30:14.789802,2322,True,True,True,True,Eyes,0.9424374,0.09868354,-1.79065,0.7410086,-0.4054478,0.5352741,0.0,0.0,0.0,0.0,0.0,0.0,0.0,-2.096363,-0.07076973,-0.09287804,1.105587,0.09447025,-1.782449,0.1596375,0.5034639,-0.07797713,0.845553,20.39445,61.85888,1.765387,0.4395599,0.04906875,-0.8968716,0.0,0.0,0.0,1.862647,-0.751299,-0.5480263,0.06053007,-0.2072,1.991,0.4808874,0.02887586,-0.8763068,0.292611,0.9368708,0.1914466,0.8265146,-0.3484812,0.44208,moving,54.1572,-37.14241,1.741361,-5.941287,6.83280652023634,-4.6453934088354805
05/11/2023 10:30:14.809515,2323,True,True,True,True,Eyes,0.9489233,0.09845532,-1.789274,0.7426593,-0.4062789,0.5323482,0.0,0.0,0.0,0.0,0.0,0.0,0.0,-2.100095,-0.06811783,-0.1097184,1.115001,0.09331195,-1.781892,0.1609712,0.5049444,-0.07710365,0.8444967,20.47174,62.1096,1.977973,0.4421395,0.04903474,-0.8956046,0.0,0.0,0.0,1.880774,-0.7595894,-0.5575028,0.05611217,-0.2072,1.991001,0.4781723,0.0323355,-0.8776706,0.2927906,0.9362866,0.1940132,0.8280249,-0.3497455,0.4382388,moving,54.36654,-37.35025,1.614334,-5.941286,6.865730112348007,-4.704649443583777
05/11/2023 10:30:14.829627,2324,True,True,True,True,Eyes,0.9555362,0.09820504,-1.78794,0.7443152,-0.4070498,0.5294387,0.0,0.0,0.0,0.0,0.0,0.0,0.0,-2.103832,-0.06702617,-0.1254478,1.124356,0.09249133,-1.781462,0.1617577,0.5063114,-0.07632474,0.8435981,20.49987,62.3303,2.142944,0.4447399,0.04898859,-0.8943186,0.0,0.0,0.0,1.900727,-0.7683646,-0.5693004,0.05191797,-0.2072,1.991,0.4756467,0.03502471,-0.8789389,0.2925743,0.9360179,0.1956289,0.8295544,-0.3502052,0.4349665,moving,54.57539,-37.55426,1.493725,-5.941286,6.898466222009389,-4.762795774013365
05/11/2023 10:30:14.840030,2325,True,True,True,True,Eyes,0.9622778,0.09794045,-1.786653,0.7459767,-0.4077337,0.5265662,0.0,0.0,0.0,0.0,0.0,0.0,0.0,-2.107706,-0.06778595,-0.1410795,1.133941,0.09176637,-1.781201,0.1619057,0.5077301,-0.0756822,0.8427746,20.47216,62.54081,2.253819,0.4473628,0.04893016,-0.8930127,0.0,0.0,0.0,1.922671,-0.7745692,-0.581515,0.04763669,-0.2071999,1.991,0.4729647,0.03684266,-0.8803108,0.2919748,0.9361175,0.1960477,0.8312973,-0.3497522,0.4319934,moving,54.7827,-37.75154,1.370598,-5.941286,6.930788368049343,-4.818995733915474
05/11/2023 10:30:14.865900,2326,True,True,True,True,Eyes,0.9691555,0.09766401,-1.785413,0.7476439,-0.4082453,0.523798,0.0,0.0,0.0,0.0,0.0,0.0,0.0,-2.111738,-0.07164049,-0.1552474,1.1437,0.09117183,-1.781097,0.1612,0.508988,-0.07545477,0.8421713,20.38503,62.70235,2.262537,0.4500082,0.04885975,-0.8916864,0.0,0.0,0.0,1.945173,-0.7757771,-0.5912394,0.04325479,-0.2072,1.991,0.4704754,0.03700607,-0.8816369,0.2911895,0.9366422,0.1947049,0.8329836,-0.3483272,0.4298914,moving,54.98498,-37.93265,1.244564,-5.941287,6.961950343687252,-4.870526210506058
05/11/2023 10:30:14.880217,2327,True,True,True,True,Eyes,0.9761672,0.09736139,-1.784225,0.7493426,-0.4086494,0.5210484,0.0,0.0,0.0,0.0,0.0,0.0,0.0,-2.115837,-0.07763696,-0.1697146,1.153759,0.09059501,-1.781075,0.1595638,0.5103792,-0.07530243,0.8416543,20.20993,62.8584,2.205774,0.4526774,0.04877768,-0.8903388,0.0,0.0,0.0,1.968368,-0.7737781,-0.5994173,0.0389083,-0.2072001,1.991,0.4676853,0.03611886,-0.8831568,0.2896333,0.9377378,0.1917295,0.8350946,-0.3454607,0.4281049,moving,55.18754,-38.10648,1.119537,-5.941292,6.992906755180591,-4.919940992739124
05/11/2023 10:30:14.890021,2328,True,True,True,True,Eyes,0.9833177,0.09703286,-1.783085,0.7510372,-0.4089413,0.5183725,0.0,0.0,0.0,0.0,0.0,0.0,0.0,-2.11987,-0.08301648,-0.1858472,1.163896,0.08966129,-1.781176,0.1583019,0.5120333,-0.07520508,0.8408962,20.07476,63.0605,2.174165,0.4553709,0.04868358,-0.8889694,0.0,0.0,0.0,1.99148,-0.7689831,-0.6054993,0.03454554,-0.2071999,1.991,0.4643321,0.03563237,-0.884944,0.288591,0.9385695,0.1892159,0.8373236,-0.3432459,0.4255247,moving,55.38622,-38.26972,0.9940307,-5.941286,7.0230304322283095,-4.966300741677553
05/11/2023 10:30:14.909795,2329,True,True,True,True,Eyes,0.9905977,0.09666683,-1.781996,0.7527895,-0.4091496,0.5156595,0.0,0.0,0.0,0.0,0.0,0.0,0.0,-2.123803,-0.09089744,-0.2032486,1.174224,0.08857476,-1.781423,0.1563666,0.5140176,-0.07541627,0.8400286,19.89122,63.28921,2.074951,0.4580891,0.04857713,-0.8875775,0.0,0.0,0.0,2.0129,-0.7647675,-0.6103581,0.03016704,-0.2072,1.991,0.4601966,0.03404674,-0.8871641,0.287454,0.9397237,0.1851743,0.8399937,-0.3402354,0.4226708,moving,55.58892,-38.43022,0.8680623,-5.941288,7.053564052058253,-5.011843559537183
05/11/2023 10:30:14.930108,2330,True,True,True,True,Eyes,0.9980023,0.09624273,-1.780968,0.7544996,-0.4093621,0.5129846,0.0,0.0,0.0,0.0,0.0,0.0,0.0,-2.127372,-0.09719309,-0.2228299,1.184475,0.08730251,-1.781631,0.1551842,0.5163301,-0.07554627,0.8388169,19.77674,63.5842,2.040973,0.4608324,0.04845748,-0.8861629,0.0,0.0,0.0,2.033915,-0.7620411,-0.6154096,0.02590597,-0.2072003,1.991,0.4553921,0.03351355,-0.88966,0.2869915,0.9404212,0.1823287,0.8427657,-0.338356,0.4186422,moving,55.7882,-38.58989,0.7454641,-5.941296,7.083644521959498,-5.05716336500073
05/11/2023 10:30:14.941578,2331,True,True,True,True,Eyes,1.00553,0.09577827,-1.780005,0.7562469,-0.4095427,0.5102602,0.0,0.0,0.0,0.0,0.0,0.0,0.0,-2.131177,-0.09952641,-0.2426035,1.194778,0.08564813,-1.78209,0.1545301,0.518518,-0.07502268,0.8376343,19.67477,63.8821,2.104003,0.4636003,0.04832286,-0.8847253,0.0,0.0,0.0,2.053825,-0.7611188,-0.6207482,0.02160931,-0.2071999,1.991,0.4510214,0.03457017,-0.8918434,0.2859364,0.9409841,0.1810783,0.8454704,-0.3366807,0.4145191,moving,55.9914,-38.75107,0.6218349,-5.941285,7.114262841206133,-5.102901028555601
05/11/2023 10:30:14.959777,2332,True,True,True,True,Eyes,1.013186,0.09529717,-1.779105,0.7579361,-0.4097194,0.5076052,0.0,0.0,0.0,0.0,0.0,0.0,0.0,-2.135353,-0.09902132,-0.2609466,1.205101,0.08450776,-1.782757,0.154508,0.5203271,-0.07402407,0.8366047,19.60646,64.14745,2.246843,0.4663925,0.04817252,-0.8832648,0.0,0.0,0.0,2.072979,-0.760534,-0.6252721,0.0171966,-0.2072002,1.991,0.4475604,0.03693165,-0.8934909,0.2846472,0.9412954,0.1814908,0.8477416,-0.3355577,0.410774,moving,56.18898,-38.90914,0.4948606,-5.941291,7.144078846695256,-5.147765133830004
05/11/2023 10:30:14.970216,2333,True,True,True,True,Eyes,1.020993,0.09488234,-1.778266,0.7596521,-0.4098477,0.5049292,0.0,0.0,0.0,0.0,0.0,0.0,0.0,-2.139726,-0.09694558,-0.2794845,1.215807,0.08353412,-1.783472,0.1548514,0.5220405,-0.07274582,0.8355854,19.55646,64.41146,2.439361,0.4692084,0.04800701,-0.8817812,0.0,0.0,0.0,2.090811,-0.7592999,-0.6280833,0.01292574,-0.2072,1.991,0.4443635,0.04010669,-0.8949484,0.283248,0.9414582,0.1828305,0.8498892,-0.3347356,0.4069895,moving,56.38862,-39.06601,0.3719639,-5.941288,7.174111662039167,-5.192269880420793
05/11/2023 10:30:14.989893,2334,True,True,True,True,Eyes,1.028937,0.09455711,-1.7775,0.7612439,-0.4100401,0.5023693,0.0,0.0,0.0,0.0,0.0,0.0,0.0,-2.144471,-0.09683087,-0.2967079,1.227152,0.08481353,-1.784117,0.1549919,0.5235235,-0.07135072,0.8347514,19.47934,64.63917,2.624154,0.4720483,0.0478308,-0.8802737,0.0,0.0,0.0,2.109925,-0.756592,-0.6315322,0.008610845,-0.2072,1.991,0.4416644,0.04316354,-0.8961414,0.281404,0.9417732,0.1840517,0.8519064,-0.3334668,0.4038013,moving,56.5779,-39.22175,0.2477961,-5.941287,7.202817492703155,-5.236501080882765
05/11/2023 10:30:15.010021,2335,True,True,True,True,Eyes,1.037035,0.09422746,-1.776801,0.7628697,-0.4101954,0.4997696,0.0,0.0,0.0,0.0,0.0,0.0,0.0,-2.149826,-0.09489611,-0.3117517,1.23837,0.08677621,-1.785177,0.1558206,0.5245606,-0.06976061,0.8340802,19.45832,64.82338,2.863467,0.4749118,0.04764904,-0.878742,0.0,0.0,0.0,2.12786,-0.7533728,-0.6331673,0.004221499,-0.2072001,1.991,0.4399393,0.04710285,-0.8967914,0.2798466,0.9417068,0.1867465,0.8533109,-0.3331211,0.4011123,moving,56.77047,-39.37809,0.1214835,-5.941289,7.231952694532098,-5.280889183804869
05/11/2023 10:30:15.020489,2336,True,True,True,True,Eyes,1.045263,0.0940107,-1.776172,0.7643471,-0.4103587,0.4973723,0.0,0.0,0.0,0.0,0.0,0.0,0.0,-2.154537,-0.09509808,-0.330664,1.250075,0.08642267,-1.786128,0.1559208,0.5262666,-0.06877856,0.8330676,19.40096,65.07749,3.009327,0.4777991,0.04746178,-0.8771856,0.0,0.0,0.0,2.147433,-0.7506925,-0.6369246,-6.067753e-05,-0.2072001,1.991,0.4366259,0.04951749,-0.8982794,0.2787063,0.9419164,0.1873935,0.8553833,-0.3321769,0.3974642,moving,56.94733,-39.52445,-0.001746141,-5.94129,7.258802647004397,-5.3224617791240485
05/11/2023 10:30:15.040056,2337,True,True,True,True,Eyes,1.053616,0.09386256,-1.775625,0.7658134,-0.4104796,0.4950115,0.0,0.0,0.0,0.0,0.0,0.0,0.0,-2.159772,-0.0976142,-0.3451403,1.261371,0.08899398,-1.787258,0.1550073,0.527424,-0.06743828,0.8326157,19.22387,65.2314,3.108839,0.480709,0.04727479,-0.8756045,0.0,0.0,0.0,2.167957,-0.7484292,-0.6423147,-0.004404545,-0.2071999,1.991,0.434552,0.05120881,-0.8991899,0.2758095,0.9428497,0.1869858,0.8573762,-0.3292601,0.3955933,moving,57.12191,-39.66663,-0.1267511,-5.941283,7.285230729852702,-5.362832462667712
05/11/2023 10:30:15.066211,2338,True,True,True,True,Eyes,1.062112,0.0937153,-1.775159,0.7671432,-0.4105814,0.4928632,0.0,0.0,0.0,0.0,0.0,0.0,0.0,-2.165731,-0.09600967,-0.3574809,1.272705,0.09059366,-1.788692,0.1552969,0.5279537,-0.06595168,0.8323451,19.15713,65.32876,3.288684,0.4836403,0.04709106,-0.8739987,0.0,0.0,0.0,2.189193,-0.7420738,-0.6474471,-0.008640051,-0.2072,1.991,0.4338306,0.05419003,-0.8993633,0.2737682,0.9430665,0.1888823,0.858395,-0.32816,0.3942957,moving,57.28064,-39.79611,-0.2486365,-5.941288,7.309266308161798,-5.399598449114541
05/11/2023 10:30:15.079721,2339,True,True,True,True,Eyes,1.070737,0.09366414,-1.774777,0.7685083,-0.4105381,0.4907683,0.0,0.0,0.0,0.0,0.0,0.0,0.0,-2.171431,-0.09830278,-0.3721972,1.284607,0.09050049,-1.790224,0.1536371,0.5290101,-0.06491637,0.8320637,18.92647,65.44575,3.304255,0.4865924,0.04690999,-0.8723683,0.0,0.0,0.0,2.209664,-0.7469727,-0.6601799,-0.01299512,-0.2072001,1.991,0.4318685,0.054522,-0.9002872,0.2705802,0.9443631,0.1869888,0.8603929,-0.3243544,0.3930881,moving,57.43776,-39.9132,-0.3739603,-5.94129,7.332692288938081,-5.432774687630887
05/11/2023 10:30:15.095247,2340,True,True,True,True,Eyes,1.079479,0.09366544,-1.77447,0.7696993,-0.4105755,0.4888669,0.0,0.0,0.0,0.0,0.0,0.0,0.0,-2.177001,-0.107564,-0.3858384,1.296257,0.09271957,-1.791897,0.1515123,0.5302086,-0.06489046,0.8316922,18.71339,65.56149,3.191398,0.4895639,0.04673564,-0.8707137,0.0,0.0,0.0,2.23288,-0.7433861,-0.6684287,-0.0172618,-0.2072001,1.991001,0.429336,0.05272853,-0.9016043,0.2686041,0.9456665,0.1832123,0.8622774,-0.3208343,0.3918456,moving,57.57874,-40.02527,-0.496737,-5.941288,7.353943294357902,-5.4645781419606445
05/11/2023 10:30:15.109820,2341,True,True,True,True,Eyes,1.088338,0.09371137,-1.774228,0.7708989,-0.4105944,0.4869569,0.0,0.0,0.0,0.0,0.0,0.0,0.0,-2.1823,-0.1167165,-0.3995661,1.307783,0.09393317,-1.793486,0.1503107,0.5313366,-0.065459,0.8311459,18.62796,65.68539,3.080226,0.4925537,0.04656956,-0.8690349,0.0,0.0,0.0,2.253377,-0.737802,-0.6763554,-0.02165556,-0.2072001,1.991,0.4267932,0.05091919,-0.9029147,0.2685431,0.9462436,0.1802987,0.8635579,-0.3194217,0.3901763,moving,57.72046,-40.13706,-0.6231658,-5.94129,7.375277171907405,-5.496296378615001
05/11/2023 10:30:15.130007,2342,True,True,True,True,Eyes,1.097293,0.09383722,-1.774051,0.7718751,-0.4109575,0.4851007,0.0,0.0,0.0,0.0,0.0,0.0,0.0,-2.186839,-0.1292568,-0.4150757,1.319328,0.09495261,-1.794887,0.1493029,0.5328548,-0.06687945,0.8302419,18.6139,65.86173,2.90695,0.4955603,0.04641278,-0.8673323,0.0,0.0,0.0,2.273802,-0.7369485,-0.6845869,-0.026106,-0.2071998,1.991,0.4231858,0.04806131,-0.9047674,0.2701658,0.9464715,0.176641,0.8648261,-0.3191891,0.3875488,moving,57.85186,-40.26991,-0.7512193,-5.941282,7.396021862846426,-5.534185157577848
05/11/2023 10:30:15.140181,2343,True,True,True,True,Eyes,1.106328,0.09401944,-1.773943,0.7728176,-0.4114593,0.483171,0.0,0.0,0.0,0.0,0.0,0.0,0.0,-2.191029,-0.1443964,-0.4303036,1.330499,0.0969047,-1.796386,0.149531,0.5344287,-0.06918651,0.8289993,18.77621,66.06877,2.731295,0.4985818,0.04626794,-0.8656067,0.0,0.0,0.0,2.294252,-0.7332051,-0.692124,-0.03049678,-0.2072,1.991,0.4191983,0.04511615,-0.9067731,0.2745384,0.9457074,0.1739716,0.865391,-0.3218727,0.3840529,moving,57.98609,-40.41709,-0.8775489,-5.941288,7.417592091237938,-5.57622065637915
05/11/2023 10:30:15.160058,2344,True,True,True,True,Eyes,1.333907,0.09991981,-1.772956,0.7907434,-0.4303347,0.4353586,0.0,0.0,0.0,0.0,0.0,0.0,0.0,-2.195033,-0.157205,-0.4457965,1.341315,0.09836984,-1.798002,0.1507079,0.5359929,-0.07139552,0.8275877,19.02514,66.29961,2.63031,0.5016161,0.04613627,-0.8638589,0.0,0.0,0.0,2.313201,-0.7352824,-0.7024549,-0.0346157,-0.2072002,1.991,0.4152286,0.04338465,-0.908682,0.2797289,0.9443796,0.1729131,0.8656425,-0.3259831,0.3799975,moving,61.1642,-44.6675,-0.9960489,-5.941294,7.953588395027112,-6.793845303051259
05/11/2023 10:30:15.179733,2345,True,True,True,True,Eyes,1.334334,0.09999045,-1.773015,0.7908111,-0.4304066,0.4351644,0.0,0.0,0.0,0.0,0.0,0.0,0.0,-2.198536,-0.1712997,-0.4625174,1.351956,0.09983075,-1.799743,0.1513779,0.5378857,-0.0736412,0.8260392,19.22685,66.56484,2.500035,0.5147193,0.04606268,-0.8561202,0.6827384,0.0177011,0.002962232,2.329823,-0.7360654,-0.7089902,-0.0390712,-0.2071998,1.991,0.4105119,0.04118695,-0.9109246,0.284509,0.9433234,0.170867,0.866334,-0.3293093,0.3755274,moving,61.17707,-44.68507,-1.124223,-5.941283,7.955770764064462,-6.798880030940132
05/11/2023 10:30:15.194961,2346,True,True,True,True,Eyes,1.335146,0.1000802,-1.773138,0.7907845,-0.4306017,0.4350196,0.0,0.0,0.0,0.0,0.0,0.0,0.0,-2.201375,-0.1822337,-0.4818499,1.362457,0.1015672,-1.801342,0.1518462,0.5402031,-0.07487886,0.8243278,19.34417,66.89614,2.466527,0.5256065,0.0459871,-0.8494835,0.6417741,0.01663904,0.002784498,2.345112,-0.7394531,-0.7158496,-0.04326993,-0.2071999,1.991,0.4051475,0.04060616,-0.9133492,0.2875051,0.9426718,0.1694426,0.8678688,-0.3312418,0.3702466,moving,61.18431,-44.70758,-1.245,-5.941284,7.957415423533349,-6.805379090570752
05/11/2023 10:30:15.210693,2347,True,True,True,True,Eyes,1.336346,0.1001822,-1.773316,0.790882,-0.4307157,0.4347293,0.0,0.0,0.0,0.0,0.0,0.0,0.0,-2.204595,-0.1840638,-0.5010386,1.372437,0.10222,-1.803088,0.1525512,0.5422682,-0.07435706,0.8228879,19.37248,67.21506,2.616881,0.5346909,0.04591371,-0.8437991,0.6032677,0.01564069,0.002617428,2.361808,-0.7296349,-0.7150775,-0.04767573,-0.2072001,1.991,0.4008325,0.04307229,-0.9151384,0.2878224,0.9423983,0.1704222,0.8697653,-0.331708,0.3653467,moving,61.20344,-44.73429,-1.371721,-5.94129,7.960678915955811,-6.813035202251428
05/11/2023 10:30:15.219941,2348,True,True,True,True,Eyes,1.336346,0.1001822,-1.773316,0.790882,-0.4307157,0.4347293,0.0,0.0,0.0,0.0,0.0,0.0,0.0,-2.208054,-0.183483,-0.5200733,1.382827,0.102713,-1.804684,0.1521878,0.5441805,-0.07292929,0.8218199,19.23935,67.49328,2.778387,0.5423089,0.04584483,-0.8389271,0.5670716,0.01470225,0.002460382,2.37575,-0.7300112,-0.7202002,-0.05192417,-0.2071999,1.991,0.3970979,0.04576576,-0.9166346,0.2855047,0.9430404,0.1707685,0.8722388,-0.3295153,0.361413,moving,61.20344,-44.73429,-1.493903,-5.941286,7.960678915955811,-6.813035202251428
05/11/2023 10:30:15.239935,2349,True,True,True,True,Eyes,1.336346,0.1001822,-1.773316,0.790882,-0.4307157,0.4347293,0.0,0.0,0.0,0.0,0.0,0.0,0.0,-2.211246,-0.1853174,-0.5393825,1.393368,0.1043484,-1.806245,0.1512308,0.5462381,-0.07158709,0.8207489,19.05357,67.77602,2.893011,0.5486936,0.04577881,-0.8347688,0.5330473,0.01382012,0.002312759,2.390941,-0.7334558,-0.7255362,-0.05649769,-0.2072001,1.991,0.3929986,0.04770598,-0.9183007,0.282726,0.9440091,0.1700378,0.8749961,-0.3264521,0.3575065,moving,61.20344,-44.73429,-1.62542,-5.941289,7.960678915955811,-6.813035202251428
05/11/2023 10:30:15.260011,2350,True,True,True,True,Eyes,1.336346,0.1001822,-1.773316,0.790882,-0.4307157,0.4347293,0.0,0.0,0.0,0.0,0.0,0.0,0.0,-2.213885,-0.1937885,-0.5564854,1.403679,0.10465,-1.807553,0.1499548,0.5480553,-0.07205763,0.8197297,18.95515,67.99966,2.801858,0.5540641,0.04571658,-0.8312173,0.5010645,0.01299091,0.002173994,2.404223,-0.7389736,-0.7335696,-0.06074584,-0.2072001,1.991,0.3888863,0.04623144,-0.9201251,0.2825026,0.9446425,0.1668616,0.8769035,-0.3248279,0.3542981,moving,61.20344,-44.73429,-1.747565,-5.941292,7.960678915955811,-6.813035202251428
05/11/2023 10:30:15.279752,2351,True,True,True,True,Eyes,1.336346,0.1001822,-1.773316,0.790882,-0.4307157,0.4347293,0.0,0.0,0.0,0.0,0.0,0.0,0.0,-2.215123,-0.2080585,-0.5756028,1.414034,0.1043349,-1.808591,0.1481685,0.5503742,-0.0737285,0.8183512,18.88467,68.27231,2.569899,0.5588655,0.04565894,-0.828,0.4710006,0.01221146,0.002043554,2.415525,-0.7504857,-0.7439987,-0.06513506,-0.2071999,1.991,0.3833049,0.0424246,-0.9226471,0.2837678,0.9452204,0.1613512,0.8789502,-0.3236642,0.3502689,moving,61.20344,-44.73429,-1.873748,-5.941285,7.960678915955811,-6.813035202251428
05/11/2023 10:30:15.294834,2352,True,True,True,True,Eyes,1.336346,0.1001822,-1.773316,0.790882,-0.4307157,0.4347293,0.0,0.0,0.0,0.0,0.0,0.0,0.0,-2.216345,-0.2228302,-0.5926625,1.424037,0.1043736,-1.809506,0.1476622,0.5523311,-0.07594023,0.8169207,18.97435,68.52179,2.366178,0.5631707,0.04560576,-0.8250807,0.4427406,0.01147877,0.001920941,2.426492,-0.7608443,-0.7537034,-0.06941509,-0.2071999,1.991,0.3783268,0.03904255,-0.9248484,0.2871911,0.9448579,0.1573683,0.8799945,-0.3251449,0.3462524,moving,61.20344,-44.73429,-1.996776,-5.941285,7.960678915955811,-6.813035202251428
05/11/2023 10:30:15.319624,2353,True,True,True,True,Eyes,1.336346,0.1001822,-1.773316,0.790882,-0.4307157,0.4347293,0.0,0.0,0.0,0.0,0.0,0.0,0.0,-2.218808,-0.2346111,-0.6053354,1.433765,0.1042582,-1.810533,0.1488404,0.5533791,-0.07822471,0.8157814,19.23347,68.68304,2.252026,0.5670325,0.04555684,-0.8224342,0.4161761,0.01079004,0.001805684,2.436874,-0.7737553,-0.764927,-0.07378089,-0.2071999,1.991,0.3753052,0.03710184,-0.9261584,0.2923588,0.9434549,0.1562666,0.8795865,-0.3294183,0.3432364,moving,61.20344,-44.73429,-2.12225,-5.941283,7.960678915955811,-6.813035202251428
05/11/2023 10:30:15.319624,2354,True,True,True,True,Eyes,1.3404,0.10041,-1.773823,0.7961118,-0.4265957,0.429211,0.0,0.0,0.0,0.0,0.0,0.0,0.0,-2.220577,-0.251785,-0.6190683,1.443902,0.1043491,-1.811592,0.1510066,0.5546907,-0.08189731,0.8141303,19.67799,68.89625,2.079911,0.5704974,0.04551196,-0.8200369,0.3912055,0.01014264,0.001697343,2.449293,-0.7812208,-0.7756061,-0.07815862,-0.2071999,1.991001,0.3712221,0.0341738,-0.9279151,0.3008741,0.9409797,0.1550228,0.8784469,-0.3367335,0.3390305,moving,61.66938,-44.82491,-2.248046,-5.941283,8.02167425373612,-6.8368959363745185
05/11/2023 10:30:15.345619,2355,True,True,True,True,Eyes,1.34467,0.1006062,-1.774346,0.8010412,-0.4229791,0.423582,0.0,0.0,0.0,0.0,0.0,0.0,0.0,-2.22102,-0.2692645,-0.6360124,1.453643,0.1045356,-1.812716,0.1530133,0.5566872,-0.08539999,0.8120303,20.09545,69.20757,1.932328,0.5737149,0.04547555,-0.8177913,0.3677332,0.009534082,0.001595502,2.463259,-0.7849832,-0.7858984,-0.08244556,-0.2071999,1.991,0.3656123,0.03166635,-0.9302284,0.3090558,0.9385875,0.1534207,0.8779592,-0.343585,0.3333725,moving,62.13059,-44.95919,-2.371213,-5.941283,8.083522636009306,-6.873461109251539
05/11/2023 10:30:15.359806,2356,True,True,True,True,Eyes,1.349132,0.1008056,-1.774884,0.8056929,-0.4197319,0.4179524,0.0,0.0,0.0,0.0,0.0,0.0,0.0,-2.220212,-0.2868607,-0.6549554,1.462897,0.1038718,-1.813764,0.1561812,0.5590687,-0.08935068,0.8093616,20.6538,69.60455,1.837129,0.5767163,0.04544511,-0.8156791,0.3456692,0.008962037,0.001499772,2.478675,-0.7854316,-0.7949415,-0.08665353,-0.2071999,1.991,0.3589171,0.02999802,-0.9328873,0.319266,0.9352478,0.1529077,0.8770678,-0.3527204,0.3260991,moving,62.58201,-45.12171,-2.492089,-5.941284,8.145084926361324,-6.918279206672135
05/11/2023 10:30:15.370592,2357,True,True,True,True,Eyes,1.353778,0.1009984,-1.775441,0.8101028,-0.4168541,0.4122694,0.0,0.0,0.0,0.0,0.0,0.0,0.0,-2.219691,-0.3020891,-0.6724093,1.471758,0.1040823,-1.814805,0.1595474,0.5611967,-0.09265447,0.806857,21.18979,69.97971,1.816606,0.5795287,0.04541999,-0.8136846,0.3249291,0.008424315,0.001409786,2.491426,-0.7835937,-0.7983867,-0.09114259,-0.2072,1.991,0.3529469,0.0295571,-0.9351763,0.3285927,0.9319196,0.153469,0.8760453,-0.3614585,0.3192059,moving,63.028,-45.31682,-2.621016,-5.941288,8.207047537849178,-6.972590544242187
05/11/2023 10:30:15.390280,2358,True,True,True,True,Eyes,1.358619,0.1012142,-1.776012,0.8143751,-0.4139832,0.4067076,0.0,0.0,0.0,0.0,0.0,0.0,0.0,-2.219748,-0.3121989,-0.6899835,1.480665,0.1041146,-1.815933,0.1624015,0.5631884,-0.09466346,0.8046636,21.59133,70.33618,1.884715,0.5821764,0.04539915,-0.8117936,0.3054333,0.007918856,0.001325199,2.503822,-0.7824501,-0.8008001,-0.09529436,-0.2071999,1.991,0.3477153,0.03058083,-0.9371014,0.3352698,0.9293292,0.1547304,0.8756074,-0.3679839,0.3128891,moving,63.46197,-45.50793,-2.740231,-5.941283,8.267381738251725,-7.025803598091831
05/11/2023 10:30:15.410132,2359,True,True,True,True,Eyes,1.363645,0.1014596,-1.776601,0.8185314,-0.4112146,0.4011343,0.0,0.0,0.0,0.0,0.0,0.0,0.0,-2.21952,-0.3189803,-0.7102312,1.490015,0.104885,-1.816948,0.163936,0.5655391,-0.09523318,0.8026339,21.76974,70.72364,2.00859,0.5846808,0.04538295,-0.8099926,0.2871073,0.007443725,0.001245687,2.514816,-0.7810888,-0.8011354,-0.09979397,-0.2072001,1.991,0.3421925,0.03254967,-0.9390659,0.3382992,0.9281113,0.155445,0.8766173,-0.3708774,0.3065812,moving,63.89211,-45.71094,-2.869408,-5.941289,8.327632154547835,-7.0824927787312335
05/11/2023 10:30:15.429592,2360,True,True,True,True,Eyes,1.493931,0.1079094,-1.791581,0.9065365,-0.330889,0.2621148,0.0,0.0,0.0,0.0,0.0,0.0,0.0,-2.21968,-0.3223104,-0.7305187,1.499307,0.1059186,-1.818071,0.1644113,0.5678353,-0.09468469,0.8009788,21.77178,71.08355,2.16213,0.5870609,0.04537202,-0.8082699,0.2698809,0.006997101,0.001170946,2.526867,-0.780008,-0.8027328,-0.1041524,-0.2072001,1.991,0.337196,0.03503618,-0.9407824,0.3383979,0.9280074,0.1558493,0.8785134,-0.3709105,0.3010642,moving,73.87337,-51.61538,-2.994504,-5.941291,9.765143878258847,-8.744602731484946
05/11/2023 10:30:15.444805,2361,True,True,True,True,Eyes,1.494315,0.1078944,-1.791615,0.9066216,-0.330798,0.2619347,0.0,0.0,0.0,0.0,0.0,0.0,0.0,-2.21963,-0.3257627,-0.7509607,1.508852,0.1064824,-1.819024,0.1639676,0.5701135,-0.09399249,0.7995316,21.6766,71.41517,2.26091,0.594156,0.04549461,-0.8030617,0.6445474,0.02592671,-0.04383919,2.537964,-0.778303,-0.8024956,-0.1083292,-0.2072001,1.991,0.332272,0.03666032,-0.9424709,0.3372602,0.9285601,0.1550217,0.880824,-0.3693673,0.2961705,moving,73.88531,-51.62687,-3.114361,-5.941292,9.767009685722414,-8.747876642137548
05/11/2023 10:30:15.460060,2362,True,True,True,True,Eyes,1.494315,0.1078944,-1.791615,0.9066216,-0.330798,0.2619347,0.0,0.0,0.0,0.0,0.0,0.0,0.0,-2.219338,-0.3301127,-0.7709446,1.518317,0.106131,-1.819956,0.1628953,0.5723287,-0.09355211,0.7982188,21.53917,71.71656,2.286437,0.5999633,0.04559145,-0.7987269,0.6058745,0.02437111,-0.04120883,2.549472,-0.7766178,-0.802383,-0.1128712,-0.2072,1.990999,0.3273758,0.03710923,-0.9441654,0.3358094,0.9294263,0.1529671,0.8832086,-0.3671373,0.29181,moving,73.88531,-51.62687,-3.244667,-5.94129,9.767009685722414,-8.747876642137548
05/11/2023 10:30:15.479761,2363,True,True,True,True,Eyes,1.494315,0.1078944,-1.791615,0.9066216,-0.330798,0.2619347,0.0,0.0,0.0,0.0,0.0,0.0,0.0,-2.219233,-0.3363656,-0.7896165,1.528044,0.1061127,-1.820838,0.1620177,0.5743192,-0.09355589,0.7969661,21.45111,71.9868,2.276969,0.6047172,0.0456691,-0.7951294,0.5695221,0.02290884,-0.0387363,2.56112,-0.7759193,-0.8029036,-0.1171916,-0.2072001,1.990999,0.3228094,0.03697803,-0.9457412,0.3352215,0.9299951,0.1507833,0.8851104,-0.3657071,0.2878154,moving,73.88531,-51.62687,-3.368582,-5.941292,9.767009685722414,-8.747876642137548
05/11/2023 10:30:15.495669,2364,True,True,True,True,Eyes,1.494315,0.1078944,-1.791615,0.9066216,-0.330798,0.2619347,0.0,0.0,0.0,0.0,0.0,0.0,0.0,-2.219607,-0.3424339,-0.8066263,1.537623,0.1054086,-1.821858,0.1615937,0.5759924,-0.09386746,0.7958074,21.42782,72.22099,2.262725,0.6086162,0.04573163,-0.7921454,0.5353507,0.02153431,-0.03641212,2.571822,-0.7764204,-0.80343,-0.1213912,-0.2072001,1.990999,0.3188435,0.0367527,-0.9470946,0.3355543,0.9301527,0.1490611,0.886421,-0.3653288,0.2842406,moving,73.88531,-51.62687,-3.489005,-5.941291,9.767009685722414,-8.747876642137548
05/11/2023 10:30:15.510155,2365,True,True,True,True,Eyes,1.494315,0.1078944,-1.791615,0.9066216,-0.330798,0.2619347,0.0,0.0,0.0,0.0,0.0,0.0,0.0,-2.2191,-0.3527353,-0.8240556,1.547529,0.1047389,-1.822656,0.1609146,0.5778133,-0.09497111,0.7944928,21.4348,72.46325,2.157918,0.6118219,0.0457822,-0.7896693,0.5032297,0.02024225,-0.0342274,2.581411,-0.7794303,-0.8040956,-0.1257117,-0.2072001,1.991,0.3142246,0.03504949,-0.9487015,0.3368649,0.9301739,0.1459399,0.8875725,-0.3654421,0.2804766,moving,73.88531,-51.62687,-3.612859,-5.941289,9.767009685722414,-8.747876642137548
05/11/2023 10:30:15.519754,2366,True,True,True,True,Eyes,1.496633,0.1077413,-1.791737,0.9037246,-0.3342302,0.2675295,0.0,0.0,0.0,0.0,0.0,0.0,0.0,-2.217499,-0.3661162,-0.842496,1.55738,0.1040156,-1.823429,0.1603088,0.5799145,-0.09670897,0.7928731,21.49223,72.74494,2.006289,0.6146587,0.04582643,-0.7874607,0.4730359,0.01902772,-0.03217375,2.591304,-0.7823306,-0.8047829,-0.1300319,-0.2072001,1.991,0.3086934,0.03257488,-0.9506036,0.3392866,0.929897,0.1420432,0.8885904,-0.3663749,0.2760008,moving,73.50967,-51.325,-3.736673,-5.94129,9.710278888810667,-8.662189729757749
05/11/2023 10:30:15.540538,2367,True,True,True,True,Eyes,1.499256,0.1075634,-1.791879,0.9009331,-0.337546,0.2727313,0.0,0.0,0.0,0.0,0.0,0.0,0.0,-2.215678,-0.3786894,-0.8610952,1.567337,0.1029806,-1.823999,0.1599457,0.5819657,-0.09837738,0.7912366,21.56855,73.02788,1.878587,0.6172627,0.04585617,-0.7854194,0.4446537,0.01788605,-0.03024333,2.60107,-0.7879463,-0.8087935,-0.1344125,-0.2072001,1.991,0.3032755,0.03048623,-0.9524151,0.3418453,0.9294785,0.1386051,0.889475,-0.3676142,0.2714665,moving,73.15784,-51.06239,-3.862179,-5.941291,9.657808635394442,-8.587778956971718
05/11/2023 10:30:15.560226,2368,True,True,True,True,Eyes,1.502184,0.1073624,-1.792032,0.8982266,-0.3407519,0.2776274,0.0,0.0,0.0,0.0,0.0,0.0,0.0,-2.214166,-0.3905113,-0.8787066,1.5771,0.1021431,-1.824685,0.1597296,0.5838537,-0.09992009,0.7896946,21.65104,73.29253,1.769787,0.6196651,0.04587149,-0.7835243,0.4179745,0.01681289,-0.02842873,2.611432,-0.7932025,-0.8123962,-0.138797,-0.2072,1.991,0.2982617,0.02870478,-0.9540524,0.3443301,0.9290048,0.1355978,0.8902117,-0.3689527,0.2672026,moving,72.82446,-50.8286,-3.987763,-5.941288,9.608586906631245,-8.521640655861436
05/11/2023 10:30:15.580133,2369,True,True,True,True,Eyes,1.505399,0.1071146,-1.792201,0.8956445,-0.3438584,0.2821031,0.0,0.0,0.0,0.0,0.0,0.0,0.0,-2.211783,-0.4028456,-0.8982023,1.587221,0.1013395,-1.825239,0.1598248,0.5860179,-0.1015291,0.787865,21.76721,73.60847,1.68685,0.6218947,0.04587253,-0.7817559,0.3928961,0.01580412,-0.026723,2.621614,-0.7976149,-0.8163167,-0.1433498,-0.2071997,1.991001,0.2925498,0.02733793,-0.9558595,0.3473027,0.9282957,0.1328449,0.8909521,-0.3708363,0.2620782,moving,72.51703,-50.63438,-4.118125,-5.941277,9.563902357370555,-8.466857239869668
05/11/2023 10:30:15.595395,2370,True,True,True,True,Eyes,1.508894,0.106845,-1.792373,0.89314,-0.3468576,0.2863401,0.0,0.0,0.0,0.0,0.0,0.0,0.0,-2.208073,-0.4168459,-0.9193895,1.597096,0.09988663,-1.825904,0.1594896,0.5885694,-0.1034486,0.7857785,21.86496,73.96857,1.55386,0.6239761,0.04585841,-0.7800964,0.3693223,0.01485587,-0.02511963,2.632445,-0.8017967,-0.8201808,-0.14741,-0.2072,1.991001,0.2857691,0.02516597,-0.9579681,0.3503167,0.9277229,0.1288735,0.8919722,-0.3724203,0.2562985,moving,72.22418,-50.45943,-4.234346,-5.941285,9.521669188883962,-8.417593240688774
05/11/2023 10:30:15.611173,2371,True,True,True,True,Eyes,1.512649,0.1065396,-1.792549,0.8907928,-0.3497311,0.2901315,0.0,0.0,0.0,0.0,0.0,0.0,0.0,-2.202806,-0.4334418,-0.9421571,1.607096,0.09899003,-1.826288,0.158604,0.5914798,-0.105584,0.7834848,21.92726,74.3662,1.369758,0.6259311,0.04582943,-0.7785303,0.347163,0.01396452,-0.02361245,2.643186,-0.8040261,-0.8225743,-0.1517777,-0.2072,1.991,0.2780072,0.02217521,-0.9603231,0.353069,0.9273936,0.123626,0.8933389,-0.3734292,0.2499927,moving,71.95956,-50.32143,-4.359333,-5.941286,9.484170501389752,-8.378911219317924
05/11/2023 10:30:15.620165,2372,True,True,True,True,Eyes,1.613009,0.09803642,-1.796672,0.8284255,-0.4139074,0.3773485,0.0,0.0,0.0,0.0,0.0,0.0,0.0,-2.196167,-0.449752,-0.9669855,1.616807,0.0977283,-1.82671,0.1576338,0.5947823,-0.1076367,0.780897,21.97687,74.82342,1.199292,0.6277792,0.04578527,-0.7770434,0.3263332,0.01312665,-0.0221957,2.654711,-0.8043062,-0.8242779,-0.1561332,-0.2072,1.991,0.2692966,0.01940922,-0.9628618,0.3556219,0.9271319,0.1181506,0.8949931,-0.3742323,0.2427712,moving,65.5107,-47.6454,-4.483931,-5.941289,8.593007675732718,-7.635754253577475
05/11/2023 10:30:15.640108,2373,True,True,True,True,Eyes,1.613409,0.09798875,-1.796675,0.82855,-0.4139175,0.377064,0.0,0.0,0.0,0.0,0.0,0.0,0.0,-2.188667,-0.465295,-0.9930303,1.626803,0.09645981,-1.826768,0.1563679,0.5982082,-0.1094042,0.7782845,21.98046,75.29493,1.037205,0.6328965,0.0451741,-0.772917,0.6078329,-0.01317044,-0.03323144,2.666363,-0.8023564,-0.8240959,-0.1604176,-0.2071999,1.991001,0.2603553,0.01678586,-0.9653671,0.3573763,0.9271596,0.1125044,0.8969378,-0.3742904,0.235392,moving,65.53024,-47.6676,-4.606448,-5.941283,8.596173265577391,-7.6420984338473685
05/11/2023 10:30:15.659872,2374,True,True,True,True,Eyes,1.614203,0.09790272,-1.796669,0.8286441,-0.4138684,0.3769109,0.0,0.0,0.0,0.0,0.0,0.0,0.0,-2.180725,-0.4800681,-1.01936,1.636528,0.09520029,-1.826974,0.1554879,0.6017019,-0.1110874,0.7755244,22.01518,75.79132,0.9154982,0.6370763,0.04465702,-0.7695057,0.5713629,-0.01238021,-0.03123756,2.679297,-0.7974728,-0.8228056,-0.1649064,-0.2071999,1.991,0.2512289,0.01481275,-0.9678143,0.3594166,0.9269662,0.1074863,0.8987235,-0.3748523,0.2275568,moving,65.54147,-47.67581,-4.734769,-5.941285,8.597842367444315,-7.6444235281292015
05/11/2023 10:30:15.670164,2375,True,True,True,True,Eyes,1.615364,0.09778192,-1.79665,0.8288907,-0.4137688,0.376478,0.0,0.0,0.0,0.0,0.0,0.0,0.0,-2.172118,-0.4929912,-1.046954,1.646452,0.0941522,-1.826905,0.1541239,0.6053202,-0.1121986,0.7728162,21.96568,76.29866,0.813728,0.6405075,0.04421633,-0.7666777,0.5370811,-0.0116374,-0.0293633,2.69233,-0.7942663,-0.8228263,-0.1698815,-0.2072001,1.991,0.241998,0.01317081,-0.9701874,0.3600064,0.9273146,0.1023867,0.9010174,-0.3740511,0.2196667,moving,65.57269,-47.70172,-4.876933,-5.941292,8.602584466233637,-7.651783564518806
05/11/2023 10:30:15.694966,2376,True,True,True,True,Eyes,1.616882,0.09763174,-1.796592,0.8291069,-0.4136123,0.3761736,0.0,0.0,0.0,0.0,0.0,0.0,0.0,-2.162642,-0.5065327,-1.074559,1.656136,0.09313576,-1.826694,0.1525138,0.6089956,-0.1134014,0.7700676,21.9016,76.80901,0.6859038,0.6433439,0.04383717,-0.764321,0.5048562,-0.01093915,-0.02760151,2.70727,-0.78945,-0.8243765,-0.1734478,-0.2072,1.991,0.2325289,0.011107,-0.9725263,0.3604139,0.9277593,0.09676997,0.9033452,-0.3730137,0.2117277,moving,65.59576,-47.71399,-4.978805,-5.941287,8.605861553332222,-7.655225316432051
05/11/2023 10:30:15.712943,2377,True,True,True,True,Eyes,1.61873,0.097463,-1.796491,0.8294613,-0.4133433,0.3756877,0.0,0.0,0.0,0.0,0.0,0.0,0.0,-2.152182,-0.5212253,-1.101834,1.665942,0.09218973,-1.825853,0.1499791,0.6126086,-0.1146833,0.7675056,21.76074,77.28393,0.4760673,0.6458827,0.04349161,-0.7621965,0.4745649,-0.0102828,-0.02594542,2.722048,-0.7871737,-0.8278259,-0.1776705,-0.2071998,1.991001,0.2231172,0.007716764,-0.9747611,0.359797,0.9287081,0.08970763,0.9059608,-0.3707314,0.2044342,moving,65.63281,-47.7323,-5.099385,-5.941279,8.611078412961213,-7.660347463835319
05/11/2023 10:30:15.730023,2378,True,True,True,True,Eyes,1.61873,0.097463,-1.796491,0.8294613,-0.4133433,0.3756877,0.0,0.0,0.0,0.0,0.0,0.0,0.0,-2.144683,-0.5292135,-1.125113,1.675499,0.09154374,-1.82481,0.1479529,0.6153175,-0.1148243,0.7657087,21.5852,77.64337,0.3840044,0.6482073,0.04317135,-0.7602389,0.446091,-0.009665836,-0.02438869,2.736868,-0.7859401,-0.8321635,-0.1818016,-0.2071999,1.991,0.2163998,0.006232109,-0.9762849,0.35792,0.9298506,0.0852709,0.9083306,-0.3678845,0.1989888,moving,65.63281,-47.7323,-5.217305,-5.941283,8.611078412961213,-7.660347463835319
05/11/2023 10:30:15.739755,2379,True,True,True,True,Eyes,1.61873,0.097463,-1.796491,0.8294613,-0.4133433,0.3756877,0.0,0.0,0.0,0.0,0.0,0.0,0.0,-2.141433,-0.5298628,-1.143188,1.68504,0.09022938,-1.823696,0.1470565,0.6168187,-0.1140219,0.7647929,21.44434,77.85524,0.4314015,0.650294,0.04288279,-0.758471,0.4193255,-0.009085885,-0.02292537,2.750596,-0.7855043,-0.8360554,-0.1862978,-0.2071999,1.991,0.2130675,0.007008086,-0.9770123,0.3558206,0.9307468,0.08427384,0.9099417,-0.3655971,0.1958183,moving,65.63281,-47.7323,-5.345599,-5.941284,8.611078412961213,-7.660347463835319
05/11/2023 10:30:15.759766,2380,True,True,True,True,Eyes,1.621657,0.09719598,-1.796278,0.8297966,-0.4128252,0.375517,0.0,0.0,0.0,0.0,0.0,0.0,0.0,-2.141614,-0.5275232,-1.156031,1.694439,0.08865238,-1.822695,0.1458393,0.6173053,-0.1128446,0.7648079,21.24749,77.90248,0.4577432,0.6521678,0.04262283,-0.7568753,0.394166,-0.008540732,-0.02154985,2.764252,-0.785666,-0.8398582,-0.1912738,-0.2072001,1.991,0.2124005,0.007445969,-0.9771543,0.3526636,0.931994,0.08375903,0.9113256,-0.3623972,0.1953301,moving,65.6513,-47.7095,-5.48752,-5.941289,8.612627180686765,-7.653628524450002
05/11/2023 10:30:15.779871,2381,True,True,True,True,Eyes,1.6249,0.09703428,-1.796045,0.8302007,-0.4121276,0.37539,0.0,0.0,0.0,0.0,0.0,0.0,0.0,-2.14308,-0.5277737,-1.166491,1.70426,0.08899269,-1.821982,0.1437873,0.6174554,-0.111771,0.7652329,20.98287,77.87302,0.399051,0.6539237,0.04237469,-0.7553726,0.370516,-0.008028288,-0.02025686,2.778961,-0.7826621,-0.8437271,-0.1947873,-0.2071999,1.991,0.212512,0.006502856,-0.9771369,0.3486261,0.9336649,0.08203436,0.9128519,-0.3580887,0.1961479,moving,65.66905,-47.67091,-5.587686,-5.941285,8.613562368942159,-7.6423278405813155
05/11/2023 10:30:15.790127,2382,True,True,True,True,Eyes,1.6249,0.09703428,-1.796045,0.8302007,-0.4121276,0.37539,0.0,0.0,0.0,0.0,0.0,0.0,0.0,-2.143872,-0.5325884,-1.17774,1.715078,0.091314,-1.821285,0.1411004,0.6177834,-0.1110744,0.7655696,20.68832,77.85194,0.2614236,0.655581,0.04214128,-0.7539476,0.348285,-0.007546591,-0.01904145,2.791651,-0.780977,-0.8465315,-0.1992934,-0.2072001,1.991,0.2120124,0.004268469,-0.9772577,0.3444094,0.9355063,0.0788044,0.9145671,-0.3532842,0.1968688,moving,65.66905,-47.67091,-5.716103,-5.941292,8.613562368942159,-7.6423278405813155
05/11/2023 10:30:15.810204,2383,True,True,True,True,Eyes,1.6249,0.09703428,-1.796045,0.8302007,-0.4121276,0.37539,0.0,0.0,0.0,0.0,0.0,0.0,0.0,-2.14222,-0.5406632,-1.191568,1.725608,0.09359522,-1.820651,0.1387467,0.6187205,-0.111019,0.7652509,20.47091,77.93207,0.1086226,0.6570697,0.04193107,-0.7526622,0.327388,-0.007093796,-0.01789896,2.806469,-0.7801918,-0.8506531,-0.2036686,-0.2071998,1.991,0.2097192,0.001776097,-0.9777601,0.3416057,0.9368483,0.07497265,0.9161459,-0.3497317,0.1958684,moving,65.66905,-47.67091,-5.840734,-5.941282,8.613562368942159,-7.6423278405813155
05/11/2023 10:30:15.829436,2384,True,True,True,True,Eyes,1.629252,0.09706324,-1.795741,0.8306611,-0.4112377,0.3753475,0.0,0.0,0.0,0.0,0.0,0.0,0.0,-2.136859,-0.5470923,-1.212278,1.736282,0.09291798,-1.819832,0.1352082,0.6206905,-0.1108347,0.7643151,20.13734,78.1421,359.9036,0.6584072,0.04174175,-0.751503,0.3077447,-0.006668168,-0.01682502,2.820829,-0.7725779,-0.8512536,-0.2081,-0.2071999,1.991,0.2049179,-0.001580289,-0.9787778,0.3372702,0.9388688,0.06909532,0.9188347,-0.3442715,0.1929239,moving,65.68341,-47.61247,-5.96691,-5.941285,8.61342001154404,-7.625280301000024
05/11/2023 10:30:15.839870,2385,True,True,True,True,Eyes,1.633845,0.09713681,-1.795439,0.8311268,-0.4103202,0.3753206,0.0,0.0,0.0,0.0,0.0,0.0,0.0,-2.135999,-0.5515333,-1.224991,1.745822,0.09578481,-1.819399,0.1329774,0.6214876,-0.1100801,0.7641678,19.88059,78.21049,359.8202,0.6597159,0.04156804,-0.7503641,0.28928,-0.006268078,-0.01581552,2.832942,-0.7696809,-0.8518484,-0.2123021,-0.2071999,1.991,0.203271,-0.00295171,-0.979118,0.333527,0.9403988,0.06640727,0.9205654,-0.3400609,0.1921403,moving,65.697,-47.55079,-6.0865,-5.941283,8.613074800425913,-7.60729587797639
05/11/2023 10:30:15.859930,2386,True,True,True,True,Eyes,1.633845,0.09713681,-1.795439,0.8311268,-0.4103202,0.3753206,0.0,0.0,0.0,0.0,0.0,0.0,0.0,-2.138109,-0.5540444,-1.234706,1.75622,0.09693479,-1.81914,0.1322896,0.6215001,-0.1095712,0.7643502,19.78115,78.1972,359.8134,0.6610031,0.04141003,-0.7492393,0.2719232,-0.005891993,-0.01486659,2.847973,-0.7627795,-0.8511835,-0.2167598,-0.2072002,1.991,0.2034636,-0.003065531,-0.9790778,0.3319376,0.9409872,0.0660342,0.9210972,-0.3384283,0.1924742,moving,65.697,-47.55079,-6.21331,-5.941293,8.613074800425913,-7.60729587797639
05/11/2023 10:30:15.870121,2387,True,True,True,True,Eyes,1.633845,0.09713681,-1.795439,0.8311268,-0.4103202,0.3753206,0.0,0.0,0.0,0.0,0.0,0.0,0.0,-2.134163,-0.565083,-1.251691,1.767056,0.09898163,-1.818905,0.1305296,0.623022,-0.1101772,0.7633262,19.66736,78.38361,359.6619,0.6621601,0.04126769,-0.7482249,0.2556078,-0.005538473,-0.01397459,2.862374,-0.7536737,-0.850147,-0.2213251,-0.2072002,1.990999,0.1994092,-0.005556743,-0.9799006,0.3308479,0.941646,0.06198758,0.922375,-0.3365589,0.1896113,moving,65.697,-47.55079,-6.343118,-5.941294,8.613074800425913,-7.60729587797639
05/11/2023 10:30:15.889686,2388,True,True,True,True,Eyes,1.639494,0.09743657,-1.795122,0.8316495,-0.4099222,0.374597,0.0,0.0,0.0,0.0,0.0,0.0,0.0,-2.12798,-0.5805531,-1.269417,1.77729,0.1007283,-1.818751,0.1294261,0.6249246,-0.1117954,0.7617218,19.68816,78.64133,359.4796,0.6631998,0.04113951,-0.7473105,0.2402713,-0.005206164,-0.01313612,2.875242,-0.7495794,-0.8503966,-0.225499,-0.2072003,1.990999,0.1939422,-0.008550789,-0.9809758,0.332077,0.9415014,0.05744607,0.9230988,-0.3369008,0.1854363,moving,65.75194,-47.57817,-6.461739,-5.941299,8.620818234661552,-7.614957761833453
05/11/2023 10:30:15.909820,2389,True,True,True,True,Eyes,1.645317,0.09775255,-1.794819,0.8321694,-0.4095999,0.3737939,0.0,0.0,0.0,0.0,0.0,0.0,0.0,-2.124564,-0.5906937,-1.283599,1.786787,0.1025012,-1.818571,0.1291179,0.6261613,-0.1125987,0.7606394,19.72063,78.82116,359.4159,0.664269,0.04103062,-0.7463663,0.225855,-0.004893795,-0.01234795,2.887993,-0.7477039,-0.8520088,-0.2297477,-0.2072001,1.991,0.1904872,-0.00959679,-0.9816428,0.3329912,0.9413003,0.05541439,0.9234889,-0.3374342,0.1825013,moving,65.81134,-47.61696,-6.582424,-5.941289,8.629493685037616,-7.625909760926253
05/11/2023 10:30:15.920111,2390,True,True,True,True,Eyes,1.651292,0.09807363,-1.794544,0.8326203,-0.409758,0.3726149,0.0,0.0,0.0,0.0,0.0,0.0,0.0,-2.121661,-0.6006065,-1.297734,1.79669,0.1031754,-1.818667,0.1294064,0.6272994,-0.113622,0.7594997,19.82315,79.00021,359.3764,0.6653681,0.04093947,-0.7453917,0.2123037,-0.004600167,-0.01160707,2.898506,-0.7504525,-0.8555785,-0.2340222,-0.2072,1.991,0.1871711,-0.01023867,-0.9822741,0.3349448,0.940688,0.05401818,0.9234604,-0.3391182,0.179499,moving,65.8905,-47.71808,-6.703787,-5.941286,8.642687394242333,-7.654859117096382
05/11/2023 10:30:15.945028,2391,True,True,True,True,Eyes,1.657429,0.0984097,-1.794297,0.8331922,-0.409777,0.3713132,0.0,0.0,0.0,0.0,0.0,0.0,0.0,-2.115748,-0.6108956,-1.316182,1.806135,0.1036164,-1.819082,0.1287961,0.6292871,-0.1145362,0.7578198,19.83793,79.28945,359.2997,0.666496,0.04086428,-0.7443874,0.1995655,-0.004324157,-0.01091065,2.907859,-0.7566809,-0.8606225,-0.2384027,-0.2071998,1.991001,0.1817582,-0.01149618,-0.9832761,0.335695,0.940586,0.05105606,0.9242688,-0.3393607,0.1748185,moving,65.97979,-47.81919,-6.828094,-5.941281,8.657141808342278,-7.683752159442236
05/11/2023 10:30:15.960178,2392,True,True,True,True,Eyes,1.663732,0.09879236,-1.79409,0.8338162,-0.4099495,0.3697185,0.0,0.0,0.0,0.0,0.0,0.0,0.0,-2.10903,-0.617261,-1.338104,1.815971,0.1042842,-1.819591,0.1266793,0.6316702,-0.1143735,0.7562168,19.63864,79.60794,359.2126,0.6676521,0.04080383,-0.743354,0.1875916,-0.004064708,-0.01025601,2.918176,-0.7612837,-0.8662351,-0.2428702,-0.2072,1.991,0.1758227,-0.01294321,-0.9843369,0.3330214,0.9417421,0.04710137,0.9263818,-0.3360868,0.1698901,moving,66.08725,-47.95385,-6.954809,-5.941288,8.674966098189522,-7.722292810664864
05/11/2023 10:30:15.979606,2393,True,True,True,True,Eyes,1.670205,0.09914297,-1.793927,0.8345923,-0.4099297,0.3679854,0.0,0.0,0.0,0.0,0.0,0.0,0.0,-2.103279,-0.6171677,-1.362053,1.826117,0.1058894,-1.820424,0.1244516,0.6341741,-0.1127212,0.7547378,19.31894,79.95069,359.2531,0.6688359,0.04075826,-0.7422916,0.1763361,-0.003820825,-0.009640649,2.93065,-0.7632955,-0.8734873,-0.2472249,-0.2071998,1.991,0.1702344,-0.01230198,-0.9853269,0.3279978,0.9436115,0.04488689,0.9292136,-0.3308263,0.1646701,moving,66.20654,-48.08633,-7.078256,-5.941283,8.694191054128588,-7.760137985319036
05/11/2023 10:30:15.995696,2394,True,True,True,True,Eyes,1.670205,0.09914297,-1.793927,0.8345923,-0.4099297,0.3679854,0.0,0.0,0.0,0.0,0.0,0.0,0.0,-2.095845,-0.6187152,-1.387706,1.836462,0.1054801,-1.821367,0.1219388,0.6369375,-0.1117231,0.7529672,19.02333,80.32486,359.2174,0.6700464,0.04072449,-0.741201,0.1657559,-0.003591576,-0.00906221,2.94369,-0.7643086,-0.8808304,-0.2515075,-0.2072,1.991,0.1636571,-0.01291281,-0.9864329,0.3235824,0.9452978,0.0413106,0.9319394,-0.3259531,0.158883,moving,66.20654,-48.08633,-7.199594,-5.941289,8.694191054128588,-7.760137985319036
05/11/2023 10:30:16.010117,2395,True,True,True,True,Eyes,1.670205,0.09914297,-1.793927,0.8345923,-0.4099297,0.3679854,0.0,0.0,0.0,0.0,0.0,0.0,0.0,-2.083726,-0.6260039,-1.41744,1.846863,0.1051772,-1.822352,0.1184896,0.6405852,-0.1116429,0.7504309,18.71555,80.81261,359.0468,0.6711341,0.04069402,-0.7402179,0.1558106,-0.003376081,-0.008518478,2.958703,-0.7604588,-0.8859783,-0.2558439,-0.2071999,1.991001,0.1543728,-0.01575513,-0.9878871,0.3193659,0.9469921,0.03480298,0.934973,-0.3208701,0.1512215,moving,66.20654,-48.08633,-7.322389,-5.941282,8.694191054128588,-7.760137985319036
05/11/2023 10:30:16.030018,2396,True,True,True,True,Eyes,1.677674,0.09947491,-1.793895,0.835463,-0.41032,0.3655666,0.0,0.0,0.0,0.0,0.0,0.0,0.0,-2.071919,-0.6366175,-1.444419,1.856965,0.1058566,-1.823446,0.1170056,0.6439788,-0.1122903,0.7476576,18.63786,81.30772,358.9592,0.6721117,0.04066652,-0.7393318,0.1464619,-0.003173516,-0.008007369,2.974688,-0.7536246,-0.890836,-0.2600947,-0.2071999,1.991,0.1453644,-0.01721127,-0.9892284,0.3186076,0.9474012,0.03033501,0.936674,-0.3195854,0.1432021,moving,66.36766,-48.30119,-7.442698,-5.941283,8.721343803153534,-7.821686966753831
05/11/2023 10:30:16.044943,2397,True,True,True,True,Eyes,1.68525,0.09975872,-1.793923,0.8363245,-0.410916,0.362918,0.0,0.0,0.0,0.0,0.0,0.0,0.0,-2.061685,-0.6474473,-1.46869,1.867047,0.1053409,-1.82478,0.1180536,0.6469458,-0.1134643,0.7447486,18.82332,81.79705,359.0159,0.6731555,0.04064696,-0.7383826,0.1376742,-0.002983105,-0.007526927,2.988229,-0.750037,-0.8934158,-0.2644247,-0.2072001,1.991,0.1371742,-0.01625616,-0.9904135,0.3217533,0.9463784,0.02903006,0.936834,-0.322651,0.1350492,moving,66.54185,-48.5493,-7.565179,-5.941288,8.75122164595463,-7.89282332206825
05/11/2023 10:30:16.060130,2398,True,True,True,True,Eyes,1.68525,0.09975872,-1.793923,0.8363245,-0.410916,0.362918,0.0,0.0,0.0,0.0,0.0,0.0,0.0,-2.049604,-0.6640916,-1.492369,1.876853,0.1044442,-1.826355,0.1198313,0.6500723,-0.1158615,0.7413653,19.16649,82.32854,359.0298,0.6742591,0.04063236,-0.7373759,0.1294138,-0.002804119,-0.007075311,3.002196,-0.7473337,-0.8966343,-0.268795,-0.2072,1.991,0.1279642,-0.01599334,-0.9916498,0.3275894,0.9444331,0.02704084,0.9361145,-0.3283142,0.1260929,moving,66.54185,-48.5493,-7.68873,-5.941288,8.75122164595463,-7.89282332206825
05/11/2023 10:30:16.070204,2399,True,True,True,True,Eyes,1.68525,0.09975872,-1.793923,0.8363245,-0.410916,0.362918,0.0,0.0,0.0,0.0,0.0,0.0,0.0,-2.037442,-0.6847843,-1.513154,1.886065,0.1037988,-1.828036,0.1228089,0.6529803,-0.119108,0.7377995,19.68003,82.85782,359.0646,0.6752512,0.04061914,-0.7364682,0.1216489,-0.002635872,-0.006650792,3.013222,-0.7494328,-0.9000083,-0.2732512,-0.2071999,1.991,0.1188601,-0.01537209,-0.9927921,0.3361392,0.9414626,0.02566633,0.934282,-0.336767,0.1170695,moving,66.54185,-48.5493,-7.814636,-5.941285,8.75122164595463,-7.89282332206825
05/11/2023 10:30:16.094975,2400,True,True,True,True,Eyes,1.693661,0.1000109,-1.79416,0.8367199,-0.4128394,0.3598104,0.0,0.0,0.0,0.0,0.0,0.0,0.0,-2.025847,-0.7067524,-1.532439,1.895398,0.1036346,-1.829932,0.125739,0.6556759,-0.1224887,0.7343537,20.20008,83.35759,359.0835,0.6761429,0.04060718,-0.7356504,0.11435,-0.002477719,-0.006251745,3.020292,-0.7573939,-0.9025016,-0.2775181,-0.2072,1.991,0.1101712,-0.01501202,-0.9937993,0.3447881,0.9383724,0.02404799,0.9321929,-0.3452996,0.1085576,moving,66.73109,-48.9262,-7.935121,-5.941287,8.787226245525176,-8.001282819988173
05/11/2023 10:30:16.111076,2401,True,True,True,True,Eyes,1.702109,0.1002316,-1.794462,0.8370668,-0.4149426,0.3565697,0.0,0.0,0.0,0.0,0.0,0.0,0.0,-2.015473,-0.7299754,-1.548673,1.904468,0.1037792,-1.831833,0.1287233,0.6579458,-0.1261031,0.7311879,20.74318,83.79527,359.0795,0.6771221,0.04059694,-0.7347497,0.107489,-0.002329056,-0.00587664,3.025936,-0.7706885,-0.907214,-0.2818027,-0.2072001,1.991,0.1024107,-0.01502417,-0.9946288,0.3537959,0.9350566,0.02230385,0.9296992,-0.3541798,0.1010752,moving,66.92719,-49.32677,-8.056035,-5.941293,8.824866508867817,-8.116580261963275
05/11/2023 10:30:16.129783,2402,True,True,True,True,Eyes,1.702109,0.1002316,-1.794462,0.8370668,-0.4149426,0.3565697,0.0,0.0,0.0,0.0,0.0,0.0,0.0,-2.003851,-0.7529656,-1.566135,1.913536,0.1032625,-1.833813,0.1304717,0.6603937,-0.1296618,0.7280421,21.17596,84.23198,358.9878,0.6781786,0.04058683,-0.7337752,0.1010396,-0.002189313,-0.005524042,3.032533,-0.7831194,-0.913379,-0.2874359,-0.2072,1.991,0.09413603,-0.01647318,-0.9954231,0.3611238,0.9323299,0.01872202,0.9277543,-0.3612334,0.09371471,moving,66.92719,-49.32677,-8.214895,-5.941287,8.824866508867817,-8.116580261963275
05/11/2023 10:30:16.140089,2403,True,True,True,True,Eyes,1.702109,0.1002316,-1.794462,0.8370668,-0.4149426,0.3565697,0.0,0.0,0.0,0.0,0.0,0.0,0.0,-1.992383,-0.7731866,-1.584443,1.922718,0.1034159,-1.835845,0.1306885,0.6628556,-0.1324642,0.725256,21.41832,84.63233,358.8376,0.6791283,0.04057766,-0.7328968,0.0,0.0,0.0,3.03875,-0.8008898,-0.9252528,-0.2904215,-0.2071999,1.991,0.08615146,-0.01888572,-0.996103,0.3653961,0.9307476,0.01395597,0.9268569,-0.3651744,0.08708604,moving,66.92719,-49.32677,-8.299042,-5.941286,8.824866508867817,-8.116580261963275
05/11/2023 10:30:16.160024,2404,True,True,True,True,Eyes,1.71135,0.1004481,-1.795,0.8373969,-0.4170571,0.3533126,0.0,0.0,0.0,0.0,0.0,0.0,0.0,-1.981918,-0.7865451,-1.604418,1.931784,0.1035047,-1.838016,0.1295154,0.6653332,-0.1339002,0.7229304,21.43453,85.00077,358.6913,0.6799821,0.04056935,-0.7321053,0.0,0.0,0.0,3.04389,-0.8173841,-0.9355294,-0.2946342,-0.2072001,1.991,0.07880513,-0.02125926,-0.9966634,0.3659428,0.930593,0.0090848,0.9272948,-0.3654377,0.08111522,moving,67.12425,-49.73018,-8.417709,-5.941288,8.862720068229482,-8.232697419791247
05/11/2023 10:30:16.170366,2405,True,True,True,True,Eyes,1.720599,0.1006276,-1.795609,0.837829,-0.4189485,0.3500354,0.0,0.0,0.0,0.0,0.0,0.0,0.0,-1.973292,-0.7931253,-1.625463,1.941148,0.1031929,-1.840206,0.1275266,0.6676438,-0.1340948,0.7211153,21.28319,85.323,358.5788,0.6809364,0.04055962,-0.7312183,0.0,0.0,0.0,3.05061,-0.830238,-0.9449594,-0.2988701,-0.2072,1.991,0.07254056,-0.02311105,-0.9970977,0.3636803,0.9315111,0.004867492,0.9286951,-0.3629779,0.07597734,moving,67.32539,-50.12093,-8.536959,-5.941288,8.900663434207761,-8.3451164176488
05/11/2023 10:30:16.190092,2406,True,True,True,True,Eyes,1.729869,0.1007678,-1.796287,0.8381827,-0.4206676,0.3471145,0.0,0.0,0.0,0.0,0.0,0.0,0.0,-1.96703,-0.7952371,-1.645656,1.950467,0.1024692,-1.842544,0.1254966,0.6696194,-0.1335845,0.7197331,21.07254,85.59184,358.5126,0.681979,0.04054702,-0.7302466,0.0,0.0,0.0,3.061476,-0.835709,-0.9539286,-0.3033065,-0.2072,1.991,0.06753013,-0.02422046,-0.9974233,0.3603603,0.9328116,0.001746585,0.9303657,-0.3595497,0.071721,moving,67.50421,-50.4722,-8.661775,-5.941288,8.934524474208665,-8.446187528791718
05/11/2023 10:30:16.210230,2407,True,True,True,True,Eyes,1.739154,0.1008451,-1.797051,0.8385879,-0.4222947,0.3441475,0.0,0.0,0.0,0.0,0.0,0.0,0.0,-1.961751,-0.7977357,-1.664833,1.960154,0.1016902,-1.844986,0.1239403,0.6713738,-0.1331991,0.7184386,20.91238,85.83824,358.4682,0.683098,0.04053017,-0.7292008,0.0,0.0,0.0,3.074508,-0.8356327,-0.961334,-0.3078395,-0.2072001,1.991,0.06303032,-0.02497016,-0.9976993,0.3578113,0.9337935,-0.0007657439,0.9316643,-0.3569398,0.06779196,moving,67.68728,-50.82182,-8.789221,-5.941292,8.96886008554021,-8.546757048080366
05/11/2023 10:30:16.229579,2408,True,True,True,True,Eyes,1.739154,0.1008451,-1.797051,0.8385879,-0.4222947,0.3441475,0.0,0.0,0.0,0.0,0.0,0.0,0.0,-1.955771,-0.802981,-1.683486,1.969626,0.100245,-1.847827,0.123248,0.6731955,-0.1334832,0.7167985,20.8798,86.11925,358.4409,0.6842833,0.04050686,-0.72809,0.0,0.0,0.0,3.088968,-0.8327696,-0.9672611,-0.3121665,-0.2072,1.991,0.05798009,-0.02542118,-0.9979941,0.3573011,0.9339843,-0.003032691,0.932188,-0.3564086,0.06323554,moving,67.68728,-50.82182,-8.910789,-5.941285,8.96886008554021,-8.546757048080366
05/11/2023 10:30:16.239937,2409,True,True,True,True,Eyes,1.739154,0.1008451,-1.797051,0.8385879,-0.4222947,0.3441475,0.0,0.0,0.0,0.0,0.0,0.0,0.0,-1.947336,-0.8135828,-1.702283,1.97909,0.09911759,-1.850725,0.1226557,0.6752638,-0.1346909,0.7147258,20.93043,86.44292,358.3506,0.6853486,0.04048578,-0.7270884,0.0,0.0,0.0,3.103612,-0.8291591,-0.9718874,-0.316438,-0.2071997,1.991001,0.0517543,-0.02688429,-0.998298,0.3581839,0.933628,-0.006573507,0.9322156,-0.357234,0.05794875,moving,67.68728,-50.82182,-9.030723,-5.941278,8.96886008554021,-8.546757048080366
05/11/2023 10:30:16.260067,2410,True,True,True,True,Eyes,1.749227,0.1007562,-1.798232,0.8434418,-0.4231733,0.3309537,0.0,0.0,0.0,0.0,0.0,0.0,0.0,-1.938812,-0.8255246,-1.720003,1.988243,0.09791501,-1.853698,0.1226404,0.6772678,-0.1361962,0.7125437,21.0545,86.7729,358.2825,0.6863062,0.04046674,-0.7261857,0.0,0.0,0.0,3.117208,-0.8265765,-0.9754225,-0.3210363,-0.2071999,1.991,0.04551789,-0.0279707,-0.9985721,0.3602122,0.9328199,-0.009709333,0.9317594,-0.3592558,0.05253541,moving,68.57571,-51.97189,-9.159744,-5.941285,9.117437223783654,-8.876069952240627
05/11/2023 10:30:16.279782,2411,True,True,True,True,Eyes,1.75926,0.1006554,-1.799508,0.8479747,-0.4240181,0.3180372,0.0,0.0,0.0,0.0,0.0,0.0,0.0,-1.932433,-0.8338903,-1.73695,1.997514,0.09580807,-1.856724,0.1232338,0.67897,-0.1372177,0.7106225,21.19105,87.07204,358.299,0.6873528,0.04043353,-0.725197,0.0,0.0,0.0,3.129273,-0.8266405,-0.9788286,-0.3251967,-0.2072001,1.991,0.04034201,-0.02767592,-0.9988027,0.3623641,0.9319695,-0.01118799,0.9311633,-0.3614788,0.04762627,moving,69.44119,-53.12807,-9.276399,-5.94129,9.26335920760992,-9.207278291614674
05/11/2023 10:30:16.294664,2412,True,True,True,True,Eyes,1.75926,0.1006554,-1.799508,0.8479747,-0.4240181,0.3180372,0.0,0.0,0.0,0.0,0.0,0.0,0.0,-1.929266,-0.838116,-1.75248,2.006459,0.09548001,-1.860294,0.1243231,0.6803861,-0.1372027,0.7090797,21.28526,87.34038,358.438,0.6884754,0.04038709,-0.7241338,0.0,0.0,0.0,3.141376,-0.8271344,-0.9819487,-0.3294161,-0.2072001,1.991,0.0365005,-0.02539996,-0.9990109,0.3637506,0.9314384,-0.01039168,0.9307811,-0.3630115,0.04323725,moving,69.44119,-53.12807,-9.394629,-5.941289,9.26335920760992,-9.207278291614674
05/11/2023 10:30:16.309954,2413,True,True,True,True,Eyes,1.75926,0.1006554,-1.799508,0.8479747,-0.4240181,0.3180372,0.0,0.0,0.0,0.0,0.0,0.0,0.0,-1.927906,-0.8420479,-1.76675,2.0159,0.09403534,-1.864021,0.1254242,0.6814347,-0.1373496,0.7078493,21.39235,87.54824,358.5532,0.6894842,0.04034523,-0.7231758,0.0,0.0,0.0,3.153234,-0.8289835,-0.9860699,-0.3337595,-0.2071999,1.991,0.03356365,-0.02350891,-0.9991601,0.3653824,0.9308078,-0.009626802,0.9302522,-0.3647524,0.03983106,moving,69.44119,-53.12807,-9.516249,-5.941286,9.26335920760992,-9.207278291614674
05/11/2023 10:30:16.329911,2414,True,True,True,True,Eyes,1.770027,0.1004142,-1.801224,0.8525423,-0.4247895,0.3045087,0.0,0.0,0.0,0.0,0.0,0.0,0.0,-1.923106,-0.8486047,-1.783825,2.0252,0.09302916,-1.868263,0.1254938,0.683095,-0.1378164,0.7061437,21.4394,87.82876,358.5725,0.6903911,0.04030747,-0.7223122,0.0,0.0,0.0,3.164897,-0.831836,-0.9901642,-0.3381552,-0.2072,1.991,0.02877537,-0.02318795,-0.9993169,0.3660849,0.9305158,-0.01105008,0.9301366,-0.3655168,0.03526465,moving,70.34443,-54.3653,-9.63924,-5.941288,9.416658406846299,-9.561825645164777
05/11/2023 10:30:16.346014,2415,True,True,True,True,Eyes,1.780733,0.1001335,-1.803048,0.8568126,-0.4254772,0.2912754,0.0,0.0,0.0,0.0,0.0,0.0,0.0,-1.917599,-0.8565732,-1.80075,2.034447,0.09188718,-1.87248,0.1252235,0.684773,-0.1385713,0.704417,21.48138,88.10258,358.5391,0.6913927,0.04025019,-0.7213567,0.0,0.0,0.0,3.176062,-0.8347579,-0.9941787,-0.3423311,-0.2071999,1.991,0.02376792,-0.02372454,-0.9994361,0.3667233,0.9302341,-0.0133606,0.9300265,-0.3661989,0.03081006,moving,71.22442,-55.60504,-9.756001,-5.941285,9.56714621709136,-9.917224523200325
05/11/2023 10:30:16.361840,2416,True,True,True,True,Eyes,1.791386,0.09981933,-1.804972,0.8609818,-0.4259467,0.2779925,0.0,0.0,0.0,0.0,0.0,0.0,0.0,-1.911385,-0.8646303,-1.818309,2.043554,0.09061749,-1.876938,0.1244046,0.6865672,-0.1393599,0.7026578,21.48068,88.38055,358.4593,0.6924743,0.04017386,-0.7203228,0.0,0.0,0.0,3.187695,-0.8388191,-0.9994896,-0.3467841,-0.2071999,1.991001,0.01840852,-0.02502037,-0.9995176,0.3666688,0.9302046,-0.01653217,0.9301695,-0.3661875,0.02629787,moving,72.10585,-56.86967,-9.880417,-5.941282,9.718635271454183,-10.279844227618508
05/11/2023 10:30:16.379671,2417,True,True,True,True,Eyes,1.801978,0.09947979,-1.807002,0.8648718,-0.4263224,0.2650398,0.0,0.0,0.0,0.0,0.0,0.0,0.0,-1.90437,-0.8736895,-1.83601,2.052741,0.08943005,-1.881261,0.1235265,0.6884084,-0.1403081,0.7008201,21.48873,88.66551,358.3626,0.6936235,0.04007913,-0.7192214,0.0,0.0,0.0,3.200067,-0.8426645,-1.00588,-0.3511982,-0.2071997,1.991001,0.01281501,-0.02658807,-0.9995645,0.3667347,0.9301097,-0.02003878,0.9302374,-0.3663182,0.02167017,moving,72.96233,-58.13125,-10.00366,-5.941277,9.86691769450016,-10.641709714631148
05/11/2023 10:30:16.395039,2418,True,True,True,True,Eyes,2.065562,0.09064329,-1.860322,0.9110462,-0.4067689,-0.06733303,0.0,0.0,0.0,0.0,0.0,0.0,0.0,-1.899384,-0.8817512,-1.85197,2.061718,0.08842056,-1.885852,0.1222471,0.6899154,-0.1411213,0.6993978,21.45204,88.88293,358.2317,0.6948282,0.03996699,-0.7180639,0.0,0.0,0.0,3.213735,-0.8445479,-1.012731,-0.3555437,-0.2072001,1.991001,0.008203033,-0.02871949,-0.999554,0.3660801,0.9302809,-0.02372477,0.9305472,-0.3657222,0.01814474,moving,-85.77311,80.60098,-10.12489,-5.941289,-14.474890171105663,28.8112304580537
05/11/2023 10:30:16.410098,2419,True,True,True,True,Eyes,2.065938,0.09061316,-1.860524,0.9110651,-0.4067043,-0.06746928,0.0,0.0,0.0,0.0,0.0,0.0,0.0,-1.894329,-0.8889822,-1.868614,2.070954,0.0876701,-1.89049,0.1208911,0.6914649,-0.1417164,0.6979817,21.39178,89.10625,358.1138,0.7023197,0.03881793,-0.710802,0.790751,-0.02650953,-0.1599602,3.228123,-0.8464562,-1.021261,-0.3599405,-0.2072,1.991001,0.003585664,-0.03064705,-0.999524,0.3650147,0.9306036,-0.02722436,0.930995,-0.3647433,0.01452349,moving,-85.76467,80.58083,-10.24746,-5.941286,-14.473174067741326,28.80542310372263
05/11/2023 10:30:16.429705,2420,True,True,True,True,Eyes,2.066669,0.09055718,-1.860918,0.9111579,-0.4064524,-0.06773289,0.0,0.0,0.0,0.0,0.0,0.0,0.0,-1.889874,-0.8940656,-1.885998,2.080235,0.08685425,-1.895531,0.1192856,0.693036,-0.1419318,0.6966544,21.2802,89.32705,358.0064,0.7084224,0.03787455,-0.7047713,0.7433059,-0.02491895,-0.1503625,3.243732,-0.8469738,-1.029809,-0.3642185,-0.2071998,1.991001,-0.000887064,-0.03241643,-0.999474,0.3630932,0.9312527,-0.03052603,0.9317524,-0.3629293,0.01094405,moving,-85.74861,80.53893,-10.36663,-5.941281,-14.469791099321068,28.79333940835703
05/11/2023 10:30:16.445098,2421,True,True,True,True,Eyes,2.067735,0.09046255,-1.861517,0.9112833,-0.4061006,-0.06815409,0.0,0.0,0.0,0.0,0.0,0.0,0.0,-1.886246,-0.8955548,-1.903968,2.089328,0.08616888,-1.90061,0.1179076,0.694614,-0.1414784,0.6954086,21.13298,89.55659,357.9743,0.7134017,0.03709972,-0.6997722,0.6987076,-0.02342382,-0.1413408,3.258839,-0.8486565,-1.039545,-0.3684941,-0.2072001,1.991,-0.005009362,-0.03297012,-0.9994438,0.3605711,0.9321633,-0.03255788,0.9327183,-0.3605337,0.007218512,moving,-85.72286,80.47308,-10.48564,-5.941289,-14.464410927070976,28.77435137382279
05/11/2023 10:30:16.461115,2422,True,True,True,True,Eyes,2.069118,0.09034377,-1.862297,0.9114746,-0.4055883,-0.06864636,0.0,0.0,0.0,0.0,0.0,0.0,0.0,-1.882066,-0.8954506,-1.923444,2.098328,0.08517466,-1.906149,0.1164461,0.6964029,-0.140771,0.694008,20.95875,89.82043,357.9622,0.7174717,0.03646168,-0.6956324,0.6567851,-0.02201839,-0.1328603,3.275546,-0.8476344,-1.048991,-0.3728883,-0.2072001,1.991,-0.009586738,-0.03320557,-0.9994027,0.3575793,0.9332477,-0.03443756,0.9338338,-0.3576957,0.002926835,moving,-85.69299,80.39365,-10.60786,-5.941288,-14.458069399996123,28.751441231808418
05/11/2023 10:30:16.480273,2423,True,True,True,True,Eyes,2.070826,0.09025592,-1.863266,0.9117271,-0.4049183,-0.06924604,0.0,0.0,0.0,0.0,0.0,0.0,0.0,-1.876626,-0.8939916,-1.944123,2.107183,0.08448926,-1.911335,0.1146163,0.6983721,-0.139778,0.6925327,20.73127,90.10543,357.9465,0.7208056,0.0359344,-0.6922049,0.617378,-0.02069728,-0.1248887,3.292316,-0.8459556,-1.058391,-0.3771669,-0.2072001,1.991001,-0.01452296,-0.03351205,-0.9993328,0.3536914,0.9346505,-0.03648302,0.9352494,-0.3539852,-0.001720977,moving,-85.6567,80.29559,-10.72677,-5.941288,-14.450313427257118,28.723154515310004
05/11/2023 10:30:16.490012,2424,True,True,True,True,Eyes,2.072853,0.0903058,-1.864431,0.9120099,-0.4042057,-0.06968252,0.0,0.0,0.0,0.0,0.0,0.0,0.0,-1.875752,-0.8891733,-1.962778,2.116593,0.08519164,-1.916859,0.1129928,0.6997813,-0.1380021,0.691733,20.45454,90.30099,357.995,0.7235442,0.03549797,-0.6893644,0.5803353,-0.01945545,-0.1173954,3.31007,-0.841308,-1.065666,-0.3813706,-0.2071999,1.991,-0.0174766,-0.03278077,-0.9993099,0.3490616,0.9363761,-0.0368209,0.936937,-0.3494641,-0.0049221,moving,-85.63078,80.21871,-10.8435,-5.941283,-14.444547829798484,28.70096410436819
05/11/2023 10:30:16.509969,2425,True,True,True,True,Eyes,2.075182,0.09036558,-1.865795,0.912307,-0.4034402,-0.070228,0.0,0.0,0.0,0.0,0.0,0.0,0.0,-1.881243,-0.881807,-1.977185,2.126286,0.08868063,-1.922749,0.1126393,0.7003965,-0.1353616,0.6916896,20.20844,90.39597,358.2003,0.7258018,0.03513984,-0.6870055,0.5455152,-0.01828812,-0.1103517,3.326324,-0.8359841,-1.06958,-0.3858619,-0.2071999,1.991,-0.017756,-0.02947211,-0.999408,0.3450408,0.9379793,-0.03379076,0.9384198,-0.3454365,-0.006485691,moving,-85.59814,80.12531,-10.96813,-5.941285,-14.437400123284753,28.6740114754154
05/11/2023 10:30:16.530042,2426,True,True,True,True,Eyes,2.077799,0.09050918,-1.867355,0.912608,-0.4027257,-0.0704188,0.0,0.0,0.0,0.0,0.0,0.0,0.0,-1.883528,-0.8768132,-1.993463,2.135809,0.08909225,-1.928926,0.1130208,0.7014241,-0.1335955,0.6909289,20.09592,90.58198,358.4099,0.727671,0.03484546,-0.6850403,0.5127842,-0.01719083,-0.1037306,3.339856,-0.8332603,-1.069994,-0.3902611,-0.2072002,1.991,-0.01968698,-0.02605904,-0.9994665,0.343161,0.9387571,-0.03123555,0.9390703,-0.3435928,-0.009538782,moving,-85.58768,80.08179,-11.09009,-5.941293,-14.434660771965767,28.66142778285714
05/11/2023 10:30:16.539938,2427,True,True,True,True,Eyes,2.080667,0.09071816,-1.869109,0.9129263,-0.4019434,-0.07076047,0.0,0.0,0.0,0.0,0.0,0.0,0.0,-1.880897,-0.8734431,-2.013628,2.145201,0.0912993,-1.935241,0.1108907,0.7031713,-0.1318535,0.6898319,19.78083,90.82161,358.4189,0.7292595,0.03459992,-0.6833615,0.4820172,-0.01615938,-0.09750672,3.352014,-0.8289276,-1.065614,-0.3945467,-0.2072,1.991,-0.0236703,-0.02596321,-0.9993826,0.3378639,0.9406358,-0.0324393,0.9408973,-0.3384232,-0.01349312,moving,-85.56789,80.01563,-11.20881,-5.941288,-14.430012293881852,28.642318296145007
05/11/2023 10:30:16.560195,2428,True,True,True,True,Eyes,2.080667,0.09071816,-1.869109,0.9129263,-0.4019434,-0.07076047,0.0,0.0,0.0,0.0,0.0,0.0,0.0,-1.878357,-0.8744557,-2.031143,2.15398,0.09310633,-1.941685,0.1099089,0.7047521,-0.1309808,0.688541,19.63162,91.06528,358.4514,0.7307009,0.03438238,-0.6818311,0.4530962,-0.01518982,-0.09165632,3.364763,-0.8200105,-1.058771,-0.3987955,-0.2072001,1.990999,-0.02766288,-0.02545425,-0.9992933,0.3352883,0.9415282,-0.03326444,0.9417094,-0.3359715,-0.01751093,moving,-85.56789,80.01563,-11.32641,-5.941292,-14.430012293881852,28.642318296145007
05/11/2023 10:30:16.570053,2429,True,True,True,True,Eyes,2.080667,0.09071816,-1.869109,0.9129263,-0.4019434,-0.07076047,0.0,0.0,0.0,0.0,0.0,0.0,0.0,-1.871906,-0.8715293,-2.054377,2.163256,0.09382232,-1.948226,0.1082261,0.7070643,-0.129505,0.6867136,19.3767,91.41563,358.4924,0.731995,0.0341865,-0.6804514,0.4259104,-0.01427843,-0.08615694,3.379094,-0.8076335,-1.051424,-0.403398,-0.2072,1.990999,-0.03342273,-0.02482006,-0.9991331,0.3309114,0.9430311,-0.03449596,0.9430698,-0.3317774,-0.02330544,moving,-85.56789,80.01563,-11.4537,-5.94129,-14.430012293881852,28.642318296145007
05/11/2023 10:30:16.590305,2430,True,True,True,True,Eyes,2.080667,0.09071816,-1.869109,0.9129263,-0.4019434,-0.07076047,0.0,0.0,0.0,0.0,0.0,0.0,0.0,-1.864552,-0.8690414,-2.077887,2.17216,0.09613118,-1.954964,0.106208,0.709528,-0.1278825,0.684789,19.0827,91.78396,358.5187,0.7331576,0.03401008,-0.6792074,0.4003558,-0.01342172,-0.08098753,3.393368,-0.7975596,-1.047565,-0.4077138,-0.2072001,1.991,-0.03956794,-0.02443001,-0.9989182,0.3258602,0.9447318,-0.03601237,0.9445897,-0.3269326,-0.02942031,moving,-85.56789,80.01563,-11.57294,-5.941291,-14.430012293881852,28.642318296145007
05/11/2023 10:30:16.610099,2431,True,True,True,True,Eyes,2.080667,0.09071816,-1.869109,0.9129263,-0.4019434,-0.07076047,0.0,0.0,0.0,0.0,0.0,0.0,0.0,-1.854917,-0.8665386,-2.103198,2.181026,0.09837289,-1.961757,0.1050174,0.7123573,-0.1261911,0.6823449,18.85065,92.23841,358.6321,0.7342019,0.03385126,-0.6780864,0.3763344,-0.01261642,-0.07612827,3.411443,-0.7864097,-1.047109,-0.4116635,-0.2071999,1.991,-0.046754,-0.02259187,-0.998651,0.3218315,0.9460943,-0.03647015,0.9456421,-0.3231024,-0.03696299,moving,-85.56789,80.01563,-11.68198,-5.941283,-14.430012293881852,28.642318296145007
05/11/2023 10:30:16.629958,2432,True,True,True,True,Eyes,2.085205,0.09128802,-1.871994,0.9139439,-0.4013604,-0.06013737,0.0,0.0,0.0,0.0,0.0,0.0,0.0,-1.838422,-0.8691584,-2.131969,2.189723,0.1004635,-1.96864,0.1034551,0.716015,-0.1253602,0.6788994,18.66237,92.82904,358.6656,0.7351403,0.03370825,-0.6770761,0.3537543,-0.01185943,-0.07156058,3.424974,-0.7748988,-1.043172,-0.4161252,-0.2072002,1.990999,-0.05678555,-0.02206303,-0.9981426,0.3183648,0.9471637,-0.03904831,0.946266,-0.3199909,-0.04676116,moving,-86.23537,81.47855,-11.80507,-5.941295,-14.561416211140749,29.0636523414912
05/11/2023 10:30:16.645063,2433,True,True,True,True,Eyes,2.089899,0.09188602,-1.875008,0.9148196,-0.4007076,-0.05038364,0.0,0.0,0.0,0.0,0.0,0.0,0.0,-1.8145,-0.8809829,-2.161943,2.197946,0.1023309,-1.97512,0.102064,0.7203383,-0.1261177,0.6743813,18.62392,93.54585,358.6055,0.7360045,0.03359368,-0.6761423,0.3325291,-0.01114787,-0.06726694,3.435796,-0.7705594,-1.037931,-0.4204726,-0.2071999,1.991,-0.06958577,-0.02306149,-0.9973094,0.3171441,0.9473546,-0.04403459,0.9458211,-0.3193549,-0.05860854,moving,-86.84763,82.83343,-11.92488,-5.941285,-14.682378063938863,29.453901139948787
05/11/2023 10:30:16.660082,2434,True,True,True,True,Eyes,2.094722,0.09249786,-1.878139,0.9154977,-0.4001904,-0.04137252,0.0,0.0,0.0,0.0,0.0,0.0,0.0,-1.787881,-0.8956328,-2.191736,2.205925,0.103548,-1.981301,0.1007428,0.7247888,-0.1274801,0.6695378,18.64445,94.29346,358.508,0.7368025,0.0335054,-0.6752768,0.3125773,-0.010479,-0.06323092,3.450222,-0.763855,-1.037861,-0.4249122,-0.2071998,1.991001,-0.08314005,-0.02467105,-0.9962325,0.31674,0.9471995,-0.04989016,0.9448617,-0.3196945,-0.07093596,moving,-87.41249,84.09761,-12.04713,-5.941281,-14.794443975333504,29.818059249808147
05/11/2023 10:30:16.679843,2435,True,True,True,True,Eyes,2.099663,0.09309129,-1.881384,0.9160724,-0.3996385,-0.03317358,0.0,0.0,0.0,0.0,0.0,0.0,0.0,-1.761922,-0.9065445,-2.221039,2.213352,0.1045433,-1.987297,0.1001152,0.7291611,-0.1282201,0.6647261,18.66804,95.05022,358.5204,0.7375409,0.03344102,-0.6744735,0.2938227,-0.009850257,-0.05943707,3.463151,-0.7614508,-1.040501,-0.4291124,-0.2071998,1.991001,-0.09623248,-0.02446224,-0.9950584,0.3164627,0.9470731,-0.05388781,0.9437113,-0.3200846,-0.08339788,moving,-87.92606,85.25482,-12.16268,-5.941281,-14.896592385585553,30.151422135734645
05/11/2023 10:30:16.695080,2436,True,True,True,True,Eyes,2.104719,0.09367166,-1.884738,0.9165265,-0.3991594,-0.02551513,0.0,0.0,0.0,0.0,0.0,0.0,0.0,-1.739154,-0.9106545,-2.249905,2.220766,0.1047783,-1.993299,0.1001483,0.7332215,-0.1278876,0.6603042,18.65062,95.77186,358.6678,0.738225,0.03339729,-0.6737268,0.2761934,-0.009259242,-0.05587085,3.473913,-0.7602092,-1.041314,-0.4333344,-0.2072,1.991001,-0.1079378,-0.02202761,-0.9939137,0.3157512,0.9472302,-0.05528313,0.9426828,-0.3197965,-0.09528664,moving,-88.40536,86.34251,-12.27874,-5.941285,-14.992178808884617,30.464776086722885
05/11/2023 10:30:16.710173,2437,True,True,True,True,Eyes,2.109883,0.09425896,-1.888203,0.916927,-0.3986242,-0.01854168,0.0,0.0,0.0,0.0,0.0,0.0,0.0,-1.719957,-0.9082842,-2.278205,2.228216,0.1052146,-1.999358,0.1000057,0.736916,-0.1264659,0.6564756,18.52341,96.42422,358.8729,0.7388609,0.03337139,-0.6730308,0.2596217,-0.008703687,-0.0525186,3.483986,-0.7624388,-1.042593,-0.4376413,-0.2071999,1.991001,-0.1180775,-0.01865205,-0.9928292,0.3134351,0.9480105,-0.05508696,0.94224,-0.317692,-0.1060925,moving,-88.84155,87.33685,-12.39702,-5.941283,-15.079315816793518,30.751247131790407
05/11/2023 10:30:16.730061,2438,True,True,True,True,Eyes,2.109883,0.09425896,-1.888203,0.916927,-0.3986242,-0.01854168,0.0,0.0,0.0,0.0,0.0,0.0,0.0,-1.703376,-0.9066565,-2.3039,2.235662,0.1060959,-2.0055,0.1001384,0.7401781,-0.1251346,0.6530315,18.42306,97.00967,359.0824,0.7394532,0.03336156,-0.6723806,0.2440444,-0.008181466,-0.04936748,3.496459,-0.7618589,-1.046974,-0.4420149,-0.2072,1.991,-0.1270445,-0.01519321,-0.9917807,0.3116741,0.9486272,-0.05445673,0.9416577,-0.3160308,-0.1157825,moving,-88.84155,87.33685,-12.51703,-5.941286,-15.079315816793518,30.751247131790407
05/11/2023 10:30:16.740255,2439,True,True,True,True,Eyes,2.109883,0.09425896,-1.888203,0.916927,-0.3986242,-0.01854168,0.0,0.0,0.0,0.0,0.0,0.0,0.0,-1.684959,-0.9088031,-2.329515,2.243484,0.1064678,-2.011738,0.09952005,0.7434601,-0.1246,0.6494904,18.33334,97.58362,359.1625,0.7399853,0.0333527,-0.6717952,0.2294018,-0.007690578,-0.04640543,3.512901,-0.7542151,-1.05165,-0.4464423,-0.2071999,1.991,-0.1365162,-0.01387455,-0.9905407,0.3098313,0.9491413,-0.05599559,0.94094,-0.3145448,-0.1252744,moving,-88.84155,87.33685,-12.63839,-5.941286,-15.079315816793518,30.751247131790407
05/11/2023 10:30:16.760340,2440,True,True,True,True,Eyes,2.256998,0.1090859,-1.989448,0.914103,-0.3824301,0.1347698,0.0,0.0,0.0,0.0,0.0,0.0,0.0,-1.661899,-0.9183645,-2.354449,2.250736,0.1069755,-2.017789,0.09803743,0.746999,-0.1254228,0.6454846,18.29712,98.18901,359.0676,0.7404637,0.03334471,-0.6712683,0.2156377,-0.007229143,-0.0436211,3.531458,-0.7427549,-1.057558,-0.4509249,-0.2071998,1.991001,-0.1474767,-0.01544931,-0.9889449,0.3083847,0.9493155,-0.06081815,0.9397604,-0.3139448,-0.1352377,moving,81.61308,-70.58736,-12.76115,-5.941279,11.355167710032156,-14.213535116845009
05/11/2023 10:30:16.769671,2441,True,True,True,True,Eyes,2.257291,0.1091039,-1.989682,0.9141356,-0.3824762,0.1344174,0.0,0.0,0.0,0.0,0.0,0.0,0.0,-1.636557,-0.9337147,-2.377802,2.257744,0.1067688,-2.02368,0.09661824,0.7505299,-0.1273729,0.6412066,18.36678,98.80416,358.8942,0.7420414,0.03370335,-0.6695059,0.6440451,0.03768538,-0.3447393,3.550423,-0.7334813,-1.064637,-0.455129,-0.2071999,1.991001,-0.1590381,-0.01831496,-0.9871026,0.3083745,0.9488821,-0.06728988,0.9378763,-0.3150989,-0.1452605,moving,81.63499,-70.63648,-12.87618,-5.941283,11.359517355429674,-14.227684761720553
05/11/2023 10:30:16.789728,2442,True,True,True,True,Eyes,2.25786,0.1091348,-1.990142,0.9140471,-0.382746,0.1342514,0.0,0.0,0.0,0.0,0.0,0.0,0.0,-1.613518,-0.9495221,-2.398815,2.264702,0.1071357,-2.029529,0.09576611,0.7537007,-0.1292911,0.637219,18.47807,99.37342,358.7666,0.7432925,0.03400837,-0.6681013,0.6054024,0.03542425,-0.324055,3.571292,-0.7226527,-1.074571,-0.4594752,-0.2071999,1.991,-0.1695618,-0.02041558,-0.9853081,0.3091315,0.9482254,-0.0728457,0.9357812,-0.3169416,-0.1544716,moving,81.64438,-70.67124,-12.99499,-5.941283,11.361834210981332,-14.237730064131476
05/11/2023 10:30:16.810034,2443,True,True,True,True,Eyes,2.258688,0.1091795,-1.990822,0.9139541,-0.3831572,0.13371,0.0,0.0,0.0,0.0,0.0,0.0,0.0,-1.591313,-0.9681688,-2.417595,2.271521,0.1074393,-2.035446,0.09585015,0.7566558,-0.1316129,0.6332164,18.69674,99.93525,358.6917,0.7442805,0.03426829,-0.6669871,0.5690782,0.0332988,-0.3046117,3.588444,-0.7187563,-1.085788,-0.4638245,-0.2071999,1.991,-0.1796997,-0.0216278,-0.9834838,0.3117301,0.9469815,-0.07778358,0.9330233,-0.3205591,-0.1634303,moving,81.67677,-70.7626,-13.11377,-5.941285,11.36888342575319,-14.264091565465652
05/11/2023 10:30:16.830250,2444,True,True,True,True,Eyes,2.259747,0.1092247,-1.9917,0.9137943,-0.3837254,0.1331719,0.0,0.0,0.0,0.0,0.0,0.0,0.0,-1.565147,-0.990675,-2.4368,2.278171,0.1077275,-2.041433,0.09596977,0.759927,-0.1345502,0.6286471,18.9752,100.5657,358.5876,0.7450572,0.0344903,-0.6661078,0.5349335,0.03130087,-0.286335,3.601387,-0.7255353,-1.098171,-0.4682289,-0.2072002,1.991,-0.1911854,-0.0233091,-0.9812773,0.3150291,0.9453721,-0.08383433,0.9296262,-0.3251588,-0.1733983,moving,81.70837,-70.86067,-13.23393,-5.941294,11.376055893120675,-14.292405913789189
05/11/2023 10:30:16.849974,2445,True,True,True,True,Eyes,2.261017,0.1092772,-1.992765,0.9136167,-0.3844648,0.132255,0.0,0.0,0.0,0.0,0.0,0.0,0.0,-1.537301,-1.013854,-2.455445,2.284438,0.1076543,-2.046986,0.09608861,0.7632426,-0.137672,0.6239185,19.27224,101.212,358.4754,0.7456654,0.03468021,-0.6654169,0.5028375,0.02942282,-0.2691549,3.612315,-0.7373588,-1.112334,-0.4725183,-0.2071999,1.991,-0.2029855,-0.02511433,-0.9788597,0.31847,0.9436268,-0.09025129,0.9259448,-0.3300571,-0.1835444,moving,81.76309,-71.0169,-13.35084,-5.941287,11.388027176505087,-14.337488875075842
05/11/2023 10:30:16.859869,2446,True,True,True,True,Eyes,2.262488,0.109321,-1.994003,0.9133746,-0.3853846,0.1312462,0.0,0.0,0.0,0.0,0.0,0.0,0.0,-1.509943,-1.035873,-2.473318,2.29038,0.1078346,-2.052509,0.09689886,0.7665088,-0.1404663,0.6191481,19.59241,101.8742,358.4556,0.7461387,0.03484273,-0.6648776,0.4726672,0.02765745,-0.2530056,3.619902,-0.7544461,-1.126918,-0.476788,-0.2072001,1.991,-0.2145329,-0.02539126,-0.9763868,0.3224865,0.9417596,-0.09534787,0.9219428,-0.3353268,-0.19385,moving,81.82294,-71.19327,-13.4671,-5.941289,11.401302186972856,-14.388393738278953
05/11/2023 10:30:16.869198,2447,True,True,True,True,Eyes,2.264143,0.1093681,-1.995424,0.9131115,-0.3864725,0.1298707,0.0,0.0,0.0,0.0,0.0,0.0,0.0,-1.485578,-1.052188,-2.491179,2.296236,0.1077353,-2.058084,0.0985196,0.7695955,-0.1422166,0.6146472,19.87737,102.5263,358.5873,0.7465059,0.0349818,-0.664458,0.4443072,0.025998,-0.2378253,3.626936,-0.7710634,-1.140525,-0.4812354,-0.2071999,1.991001,-0.2250053,-0.02318554,-0.9740814,0.3264664,0.9401367,-0.09778888,0.9180369,-0.340008,-0.2039665,moving,81.90518,-71.42552,-13.58808,-5.941284,11.419209842882381,-14.455408918094115
05/11/2023 10:30:16.889906,2448,True,True,True,True,Eyes,2.26596,0.1094178,-1.997035,0.9128367,-0.3876046,0.128421,0.0,0.0,0.0,0.0,0.0,0.0,0.0,-1.463985,-1.063427,-2.50921,2.301963,0.1079986,-2.063872,0.1008594,0.7725598,-0.1429249,0.6103697,20.11827,103.1765,358.8629,0.7468291,0.03510509,-0.6640883,0.4176487,0.02443812,-0.2235557,3.632473,-0.7878424,-1.15233,-0.4854912,-0.2071999,1.991001,-0.2345523,-0.01863421,-0.9719249,0.330314,0.9387997,-0.09771299,0.9142636,-0.3439592,-0.2140425,moving,81.99199,-71.66896,-13.70374,-5.941284,11.438055942865422,-14.525649741972455
05/11/2023 10:30:16.909711,2449,True,True,True,True,Eyes,2.267939,0.1094971,-1.998834,0.9125884,-0.3887782,0.1266252,0.0,0.0,0.0,0.0,0.0,0.0,0.0,-1.444726,-1.072082,-2.526688,2.307348,0.1082467,-2.070065,0.1031125,0.7753378,-0.1432208,0.6063884,20.31257,103.7913,359.1568,0.7471198,0.03521486,-0.6637554,0.3925898,0.02297183,-0.2101424,3.639751,-0.8010614,-1.163425,-0.4899233,-0.2072001,1.991,-0.2433218,-0.01380088,-0.9698475,0.3335888,0.9377112,-0.09703655,0.9107761,-0.3471414,-0.2235617,moving,82.10043,-71.95956,-13.82407,-5.94129,11.461152103925958,-14.609472474446207
05/11/2023 10:30:16.920127,2450,True,True,True,True,Eyes,2.270075,0.1096096,-2.000817,0.9124795,-0.389688,0.124597,0.0,0.0,0.0,0.0,0.0,0.0,0.0,-1.421382,-1.080655,-2.546458,2.312866,0.1091112,-2.076375,0.1037703,0.7784851,-0.1435966,0.6021403,20.39829,104.4328,359.3054,0.74738,0.03531306,-0.6634561,0.3690344,0.02159352,-0.1975339,3.649803,-0.8071638,-1.173063,-0.4942119,-0.2072001,1.991,-0.2533178,-0.0113633,-0.9673165,0.3344978,0.9372235,-0.09860697,0.9077123,-0.3485441,-0.2336144,moving,82.22448,-72.26909,-13.94037,-5.941292,11.48681663711665,-14.69871045217753
05/11/2023 10:30:16.939968,2451,True,True,True,True,Eyes,2.272356,0.1097416,-2.002973,0.9124579,-0.3905116,0.1221528,0.0,0.0,0.0,0.0,0.0,0.0,0.0,-1.392265,-1.089129,-2.569084,2.318357,0.1100178,-2.082765,0.1030635,0.7821705,-0.1441117,0.5973435,20.39978,105.1417,359.3311,0.7476125,0.03540167,-0.6631886,0.3468924,0.02029791,-0.1856818,3.662922,-0.8063032,-1.181581,-0.4984806,-0.2071999,1.991,-0.2651176,-0.01094183,-0.9641541,0.3333949,0.9372194,-0.1023112,0.9047435,-0.3485685,-0.2448253,moving,82.37502,-72.63021,-14.05603,-5.941286,11.517482529023159,-14.802791251062672
05/11/2023 10:30:16.959932,2452,True,True,True,True,Eyes,2.272356,0.1097416,-2.002973,0.9124579,-0.3905116,0.1221528,0.0,0.0,0.0,0.0,0.0,0.0,0.0,-1.358778,-1.094224,-2.594612,2.323654,0.1106229,-2.08902,0.1015339,0.7863186,-0.1442163,0.5921113,20.30628,105.9177,359.3214,0.7478194,0.03548202,-0.6629505,0.3260788,0.01908004,-0.1745409,3.678346,-0.8008831,-1.188514,-0.502889,-0.2072,1.991,-0.2781902,-0.01110822,-0.9604617,0.33046,0.9377851,-0.1065611,0.9018904,-0.3470385,-0.2572118,moving,82.37502,-72.63021,-14.17534,-5.941287,11.517482529023159,-14.802791251062672
05/11/2023 10:30:16.970357,2453,True,True,True,True,Eyes,2.272356,0.1097416,-2.002973,0.9124579,-0.3905116,0.1221528,0.0,0.0,0.0,0.0,0.0,0.0,0.0,-1.327658,-1.095318,-2.619635,2.328723,0.1105383,-2.095166,0.1006778,0.7902655,-0.1436864,0.5871105,20.20125,106.6763,359.4142,0.7480055,0.03555434,-0.6627362,0.3065141,0.01793523,-0.1640685,3.693902,-0.7943862,-1.194132,-0.5072849,-0.2071998,1.991001,-0.2903306,-0.009595151,-0.9568784,0.3278439,0.9384364,-0.1088827,0.8990142,-0.3453187,-0.2693111,moving,82.37502,-72.63021,-14.2942,-5.941279,11.517482529023159,-14.802791251062672
05/11/2023 10:30:16.990087,2454,True,True,True,True,Eyes,2.275203,0.1098281,-2.005827,0.9128127,-0.3907766,0.1186026,0.0,0.0,0.0,0.0,0.0,0.0,0.0,-1.3021,-1.093266,-2.642937,2.333774,0.1100289,-2.101714,0.1005919,0.7937139,-0.1426092,0.5827197,20.09731,107.3596,359.6022,0.7481731,0.03561943,-0.6625434,0.2881233,0.01685912,-0.1542244,3.708725,-0.789689,-1.199616,-0.5114142,-0.2071999,1.991001,-0.300638,-0.006519952,-0.9537161,0.3258848,0.9390877,-0.1091479,0.8963348,-0.3436156,-0.2802007,moving,82.59698,-73.11671,-14.40573,-5.941282,11.561179794478768,-14.942907672194295
05/11/2023 10:30:17.009626,2455,True,True,True,True,Eyes,2.278162,0.1099191,-2.008857,0.9131943,-0.3910285,0.1147741,0.0,0.0,0.0,0.0,0.0,0.0,0.0,-1.277996,-1.091783,-2.665178,2.3389,0.1098997,-2.108532,0.1009062,0.7969868,-0.1415035,0.578452,20.01655,108.025,359.8253,0.7483183,0.03567606,-0.6623763,0.2708358,0.01584757,-0.1449709,3.721657,-0.7897662,-1.206239,-0.5160925,-0.2071997,1.991001,-0.3104226,-0.002864156,-0.9505944,0.3245477,0.9395894,-0.1088141,0.8934801,-0.3422915,-0.2907403,moving,82.8364,-73.64206,-14.53195,-5.941278,11.608333582230724,-15.094214642852606
05/11/2023 10:30:17.029715,2456,True,True,True,True,Eyes,2.281237,0.1100097,-2.012058,0.9137074,-0.3909853,0.110766,0.0,0.0,0.0,0.0,0.0,0.0,0.0,-1.251887,-1.095499,-2.686354,2.344207,0.1101501,-2.11575,0.1004004,0.8002433,-0.1413649,0.5740614,19.96979,108.6745,359.9016,0.7484422,0.03572499,-0.6622338,0.2545857,0.01489672,-0.1362726,3.734002,-0.7916024,-1.214836,-0.5200363,-0.2071998,1.991001,-0.3207466,-0.0016148,-0.9471636,0.3229938,0.9398714,-0.1109807,0.8903912,-0.3415246,-0.300939,moving,83.08794,-74.18259,-14.63825,-5.941279,11.657497446020912,-15.24986620489441
05/11/2023 10:30:17.045275,2457,True,True,True,True,Eyes,2.284414,0.110078,-2.015418,0.9142518,-0.3909156,0.1064361,0.0,0.0,0.0,0.0,0.0,0.0,0.0,-1.219061,-1.1039,-2.708393,2.349606,0.1101615,-2.123044,0.09868645,0.8039077,-0.1422569,0.568996,19.93947,109.3848,359.8039,0.7485457,0.03576675,-0.6621146,0.2393105,0.01400292,-0.1280963,3.744866,-0.7959727,-1.223327,-0.5245096,-0.2071998,1.991001,-0.3330094,-0.003217548,-0.9429181,0.3205568,0.9400479,-0.1164184,0.8867628,-0.3410272,-0.3120134,moving,83.35959,-74.76907,-14.75869,-5.94128,11.710682193456634,-15.418756287988497
05/11/2023 10:30:17.060010,2458,True,True,True,True,Eyes,2.287692,0.1101123,-2.01893,0.9148833,-0.3906749,0.1017919,0.0,0.0,0.0,0.0,0.0,0.0,0.0,-1.182344,-1.113546,-2.730668,2.354766,0.1096079,-2.130148,0.09660082,0.8077919,-0.1435388,0.5635045,19.92373,110.1408,359.6524,0.7486299,0.03580112,-0.6620176,0.2249519,0.01316274,-0.1204105,3.75504,-0.8023619,-1.231289,-0.528926,-0.2071999,1.991001,-0.3462624,-0.005702845,-0.9381205,0.3178363,0.9401298,-0.1230291,0.8826568,-0.340769,-0.323719,moving,83.65126,-75.39606,-14.87747,-5.941283,11.767696966362013,-15.59930551138605
05/11/2023 10:30:17.070243,2459,True,True,True,True,Eyes,2.291059,0.1101122,-2.022592,0.9154929,-0.3905027,0.09685229,0.0,0.0,0.0,0.0,0.0,0.0,0.0,-1.144633,-1.124548,-2.752194,2.35996,0.1087308,-2.137319,0.09515115,0.8116749,-0.1449783,0.5577736,19.96805,110.9292,359.557,0.7486957,0.03582752,-0.6619419,0.2114548,0.01237298,-0.1131859,3.764802,-0.8067191,-1.239085,-0.5334988,-0.2071998,1.991001,-0.3596697,-0.007266541,-0.9330515,0.3161937,0.9398551,-0.1292049,0.877872,-0.3414961,-0.3357397,moving,83.961,-76.0706,-15.00032,-5.941278,11.828531512652507,-15.793568674899443
05/11/2023 10:30:17.095652,2460,True,True,True,True,Eyes,2.294505,0.1100688,-2.026402,0.9160928,-0.390323,0.09177112,0.0,0.0,0.0,0.0,0.0,0.0,0.0,-1.110079,-1.134425,-2.772113,2.36503,0.1079026,-2.14448,0.09460838,0.8152585,-0.1460671,0.5523291,20.03991,111.6891,359.5674,0.748744,0.03584544,-0.6618866,0.1987675,0.0116306,-0.1063947,3.774285,-0.8124139,-1.245671,-0.5375036,-0.2072,1.991,-0.371964,-0.007093577,-0.9282203,0.3156148,0.9394273,-0.1336549,0.8729436,-0.3426748,-0.3471943,moving,84.27939,-76.76917,-15.10779,-5.941287,11.891236440136062,-15.994764894070538
05/11/2023 10:30:17.110302,2461,True,True,True,True,Eyes,2.298035,0.1099888,-2.030366,0.9166385,-0.3902486,0.08648648,0.0,0.0,0.0,0.0,0.0,0.0,0.0,-1.080245,-1.14341,-2.790009,2.369972,0.1068215,-2.15181,0.09473851,0.8183977,-0.1469408,0.5474106,20.13502,112.3815,359.6457,0.7487751,0.03585416,-0.6618511,0.1868415,0.01093276,-0.100011,3.785657,-0.814954,-1.25431,-0.5418218,-0.2072002,1.990999,-0.3827327,-0.005806271,-0.9238409,0.3159414,0.938866,-0.1367903,0.868157,-0.3442337,-0.3575003,moving,84.61,-77.50414,-15.22356,-5.941297,11.95666467685584,-16.206467774582823
05/11/2023 10:30:17.129577,2462,True,True,True,True,Eyes,2.301646,0.1098813,-2.034491,0.9171739,-0.390157,0.08105318,0.0,0.0,0.0,0.0,0.0,0.0,0.0,-1.053005,-1.152864,-2.806735,2.37515,0.1059067,-2.159427,0.09514772,0.8212599,-0.1478054,0.5428008,20.24687,113.0301,359.745,0.7487897,0.03585324,-0.6618349,0.175631,0.0102768,-0.09401038,3.797165,-0.8170037,-1.26259,-0.5460871,-0.2071999,1.991001,-0.3926283,-0.00417573,-0.9196877,0.3167397,0.938201,-0.1394807,0.8634344,-0.3460657,-0.3670416,moving,84.94974,-78.26402,-15.33777,-5.941282,12.024052109426364,-16.42535674481081
05/11/2023 10:30:17.140375,2463,True,True,True,True,Eyes,2.305334,0.1097405,-2.038769,0.9176707,-0.3901266,0.07537739,0.0,0.0,0.0,0.0,0.0,0.0,0.0,-1.021916,-1.162545,-2.824622,2.380305,0.1050963,-2.167351,0.09466969,0.8243955,-0.1488705,0.5378172,20.32143,113.7167,359.7532,0.7487881,0.03584258,-0.6618376,0.1650931,0.009660187,-0.08836975,3.809413,-0.8174245,-1.270836,-0.5505839,-0.2071997,1.991001,-0.4035809,-0.004039711,-0.9149353,0.3162208,0.9377505,-0.1436264,0.8585612,-0.3472864,-0.3771806,moving,85.30428,-79.06448,-15.45805,-5.941277,12.094622066419074,-16.6559527064276
05/11/2023 10:30:17.160126,2464,True,True,True,True,Eyes,2.309098,0.1095607,-2.043196,0.9181145,-0.3901679,0.06953361,0.0,0.0,0.0,0.0,0.0,0.0,0.0,-0.9864175,-1.174747,-2.842425,2.385385,0.1041065,-2.175207,0.09368493,0.8277469,-0.1505008,0.5323606,20.42014,114.4496,359.6853,0.7487704,0.03582193,-0.6618589,0.1551875,0.009080576,-0.08306757,3.821745,-0.8178712,-1.279183,-0.5550227,-0.2071996,1.991001,-0.4156306,-0.005146557,-0.909519,0.3153362,0.9371454,-0.1494048,0.8531204,-0.3489014,-0.3878835,moving,85.66896,-79.89514,-15.57664,-5.941273,12.16745165011961,-16.895265725691026
05/11/2023 10:30:17.190039,2465,True,True,True,True,Eyes,2.312937,0.1093465,-2.047757,0.9185114,-0.3902734,0.0634315,0.0,0.0,0.0,0.0,0.0,0.0,0.0,-0.9495128,-1.186266,-2.860497,2.390499,0.1028795,-2.183156,0.09227955,0.8311424,-0.1521664,0.5268133,20.49784,115.1868,359.576,0.7487372,0.03579088,-0.6618983,0.1458763,0.008535741,-0.07808352,3.833998,-0.816424,-1.285762,-0.5592979,-0.2071997,1.991001,-0.4279046,-0.006931644,-0.9037974,0.3137214,0.9366598,-0.1557156,0.8476301,-0.350172,-0.3986264,moving,86.04948,-80.76839,-15.69074,-5.941277,12.243659602555624,-17.146863986307952
05/11/2023 10:30:17.200101,2466,True,True,True,True,Eyes,2.316854,0.1091043,-2.052445,0.9189256,-0.3902801,0.05707083,0.0,0.0,0.0,0.0,0.0,0.0,0.0,-0.9087001,-1.200595,-2.877836,2.395683,0.1017582,-2.190765,0.09093803,0.8346877,-0.1542758,0.5207936,20.62586,115.9778,359.4562,0.7486889,0.03574924,-0.6619551,0.1371237,0.008023596,-0.0733985,3.846914,-0.8140846,-1.292682,-0.563519,-0.2071995,1.991001,-0.441009,-0.008881981,-0.897459,0.3125014,0.9358585,-0.1628243,0.8413408,-0.3522641,-0.4099463,moving,86.44615,-81.68058,-15.80326,-5.941272,12.323163973892694,-17.409685840641437
05/11/2023 10:30:17.209969,2467,True,True,True,True,Eyes,2.320832,0.108821,-2.057264,0.9192742,-0.3903664,0.0504884,0.0,0.0,0.0,0.0,0.0,0.0,0.0,-0.8688788,-1.213786,-2.894748,2.400964,0.1007238,-2.198414,0.08958378,0.8380972,-0.1562102,0.5149428,20.73828,116.7451,359.3433,0.7486264,0.03569706,-0.6620287,0.1288963,0.00754218,-0.06899459,3.860626,-0.8102849,-1.299837,-0.5678787,-0.2071998,1.991001,-0.4536173,-0.01071881,-0.8911321,0.3110385,0.9351462,-0.1695777,0.8351564,-0.3540998,-0.4208645,moving,86.85636,-82.63051,-15.91935,-5.941279,12.40560022807096,-17.683396552238747
05/11/2023 10:30:17.229577,2468,True,True,True,True,Eyes,2.324873,0.1084929,-2.062215,0.9195444,-0.3905528,0.04366486,0.0,0.0,0.0,0.0,0.0,0.0,0.0,-0.8298457,-1.226855,-2.910676,2.405937,0.09937899,-2.206228,0.08862478,0.8414028,-0.1580996,0.5091085,20.87254,117.5124,359.2739,0.7485498,0.03563398,-0.6621187,0.1211625,0.007089649,-0.06485491,3.874526,-0.8059334,-1.307641,-0.5721692,-0.2072,1.991,-0.4659082,-0.01184146,-0.8847538,0.310118,0.9343003,-0.1758116,0.8287076,-0.3562902,-0.4316259,moving,87.28133,-83.62067,-16.03348,-5.941289,12.491202468609192,-17.968712821022002
05/11/2023 10:30:17.245079,2469,True,True,True,True,Eyes,2.328978,0.108151,-2.067283,0.9197392,-0.3908213,0.03658452,0.0,0.0,0.0,0.0,0.0,0.0,0.0,-0.7892989,-1.240311,-2.926417,2.41101,0.09789054,-2.214211,0.08776432,0.8447573,-0.1600465,0.5030585,21.0205,118.3067,359.2176,0.7484595,0.03555956,-0.6622248,0.1138927,0.006664271,-0.06096362,3.889029,-0.8012165,-1.316822,-0.5767084,-0.2071997,1.991001,-0.4784591,-0.01274638,-0.8780174,0.3093045,0.9333651,-0.1820996,0.8218319,-0.3587019,-0.4426345,moving,87.72215,-84.65216,-16.15406,-5.941276,12.580142711580706,-18.26594835607481
05/11/2023 10:30:17.259712,2470,True,True,True,True,Eyes,2.333146,0.1078087,-2.072471,0.9198806,-0.3910974,0.02937019,0.0,0.0,0.0,0.0,0.0,0.0,0.0,-0.745069,-1.253657,-2.942355,2.416146,0.09720679,-2.221942,0.08687191,0.8483369,-0.1618594,0.4965677,21.15536,119.1623,359.1795,0.7483559,0.03547443,-0.6623464,0.1070592,0.006264414,-0.0573058,3.904417,-0.794486,-1.32664,-0.5809503,-0.2071997,1.991001,-0.4917476,-0.01335494,-0.8706353,0.3081415,0.9325097,-0.1883469,0.8143911,-0.360898,-0.4544442,moving,88.17126,-85.70533,-16.26661,-5.941277,12.670830912965748,-18.569436370616536
05/11/2023 10:30:17.269589,2471,True,True,True,True,Eyes,2.438971,0.09925483,-2.204958,0.9066617,-0.3908915,-0.1586458,0.0,0.0,0.0,0.0,0.0,0.0,0.0,-0.6996592,-1.263556,-2.959411,2.42131,0.0967854,-2.229819,0.08545882,0.8520156,-0.1632182,0.4900268,21.21589,120.0252,359.1187,0.7482395,0.03537957,-0.6624828,0.1006356,0.005888549,-0.05386745,3.919936,-0.7854265,-1.334266,-0.5851672,-0.2072,1.991001,-0.5051414,-0.01433811,-0.8629177,0.3055871,0.9321132,-0.1943747,0.807124,-0.3618831,-0.4664674,moving,-80.07498,67.90991,-16.37838,-5.941285,-13.34643817664761,25.155601776813647
05/11/2023 10:30:17.289923,2472,True,True,True,True,Eyes,2.439214,0.09925521,-2.205275,0.9066517,-0.3906797,-0.1592238,0.0,0.0,0.0,0.0,0.0,0.0,0.0,-0.650774,-1.269819,-2.977984,2.426559,0.09639901,-2.237601,0.08345602,0.8559421,-0.1641578,0.4831672,21.20252,120.9304,359.0312,0.7474812,0.03476928,-0.6633707,0.4120723,-0.02012642,-0.4480973,3.933658,-0.7760537,-1.339334,-0.5896759,-0.2071999,1.991001,-0.5191693,-0.01576431,-0.8545261,0.3014984,0.9321746,-0.2003728,0.7997263,-0.3616656,-0.4792034,moving,-80.03944,67.82636,-16.49774,-5.941284,-13.33925475658205,25.131525021423233
05/11/2023 10:30:17.310310,2473,True,True,True,True,Eyes,2.439688,0.09925691,-2.205892,0.9065797,-0.3903769,-0.1603719,0.0,0.0,0.0,0.0,0.0,0.0,0.0,-0.6003252,-1.269118,-2.999139,2.432087,0.09633862,-2.245341,0.08076721,0.8600636,-0.1641189,0.4762692,21.05348,121.8496,358.9317,0.746829,0.03425441,-0.6641317,0.387348,-0.01891883,-0.4212115,3.946085,-0.774039,-1.348015,-0.5937473,-0.2071997,1.991001,-0.5332888,-0.01739968,-0.8457544,0.2952595,0.9330832,-0.2053715,0.7927328,-0.3592393,-0.4924655,moving,-79.96828,67.6665,-16.6054,-5.941278,-13.325117056647795,25.08547453393182
05/11/2023 10:30:17.330206,2474,True,True,True,True,Eyes,2.4404,0.09926789,-2.206811,0.9064881,-0.3899433,-0.1619367,0.0,0.0,0.0,0.0,0.0,0.0,0.0,-0.552025,-1.266614,-3.019598,2.437601,0.09637035,-2.25296,0.07855918,0.8640112,-0.1636728,0.4696003,20.89234,122.7476,358.8979,0.7462655,0.03381887,-0.6647873,0.3641071,-0.01778371,-0.3959388,3.962683,-0.7618681,-1.357494,-0.5982593,-0.2071999,1.991,-0.5466081,-0.01796955,-0.8371958,0.2894736,0.9340794,-0.2090474,0.7857637,-0.356613,-0.5053736,moving,-79.87142,67.44774,-16.72457,-5.941283,-13.305834930566729,25.02245412955451
05/11/2023 10:30:17.340330,2475,True,True,True,True,Eyes,2.441328,0.09932203,-2.208014,0.9063141,-0.389497,-0.163972,0.0,0.0,0.0,0.0,0.0,0.0,0.0,-0.5059483,-1.261082,-3.04069,2.443539,0.09666252,-2.260947,0.0771137,0.867883,-0.1624338,0.463085,20.69343,123.6475,358.9839,0.7457756,0.03344924,-0.6653557,0.3422607,-0.01671668,-0.3721824,3.97612,-0.7555601,-1.367532,-0.6025502,-0.2072001,1.991,-0.5592113,-0.01659,-0.828859,0.2842926,0.9353375,-0.2105267,0.7787555,-0.3533675,-0.5183349,moving,-79.74487,67.16968,-16.83776,-5.941291,-13.280898472474426,24.94236867944383
05/11/2023 10:30:17.359800,2476,True,True,True,True,Eyes,2.442458,0.09940303,-2.209491,0.9059287,-0.3892944,-0.1665626,0.0,0.0,0.0,0.0,0.0,0.0,0.0,-0.4664108,-1.258805,-3.058365,2.449221,0.0978696,-2.268803,0.07682567,0.8712091,-0.1612652,0.4572594,20.56378,124.4628,359.1667,0.7453319,0.03312035,-0.6658691,0.321725,-0.01571368,-0.3498515,3.992624,-0.7470815,-1.381196,-0.6068097,-0.2072,1.991,-0.5700234,-0.01361756,-0.8215156,0.2813424,0.9361828,-0.2107328,0.7719584,-0.3512498,-0.5298148,moving,-79.58205,66.83598,-16.94998,-5.941288,-13.249609440207415,24.846315793495425
05/11/2023 10:30:17.373740,2477,True,True,True,True,Eyes,2.44378,0.09954184,-2.211231,0.9054385,-0.3891451,-0.1695497,0.0,0.0,0.0,0.0,0.0,0.0,0.0,-0.4292471,-1.260323,-3.07354,2.454824,0.09872812,-2.276708,0.0772286,0.8742292,-0.1605659,0.4516392,20.518,125.2462,359.3879,0.7449257,0.03282532,-0.6663382,0.3024215,-0.01477086,-0.3288604,4.009511,-0.735604,-1.395363,-0.6113765,-0.2071994,1.991001,-0.5801158,-0.01000475,-0.8144727,0.2800667,0.9365087,-0.2109839,0.7648717,-0.3505017,-0.5404815,moving,-79.3938,66.45734,-17.07014,-5.941267,-13.213670617968809,24.737345754519605
05/11/2023 10:30:17.390006,2478,True,True,True,True,Eyes,2.445279,0.09972718,-2.21322,0.9046968,-0.3893969,-0.1728982,0.0,0.0,0.0,0.0,0.0,0.0,0.0,-0.3897649,-1.265331,-3.087001,2.460318,0.1003489,-2.284582,0.07737998,0.8772435,-0.1604282,0.4457794,20.51533,126.0439,359.5553,0.7445517,0.03256217,-0.6667689,0.2842762,-0.01388461,-0.3091288,4.025894,-0.7270495,-1.413126,-0.6154981,-0.2071997,1.991001,-0.5905866,-0.007269022,-0.8069419,0.2787933,0.9365502,-0.2124804,0.7572861,-0.350458,-0.5510874,moving,-79.18056,66.05804,-17.17847,-5.941276,-13.173938619587194,24.622507508436918
05/11/2023 10:30:17.410394,2479,True,True,True,True,Eyes,2.446955,0.09997886,-2.215453,0.9038881,-0.3896406,-0.1765404,0.0,0.0,0.0,0.0,0.0,0.0,0.0,-0.3544281,-1.268079,-3.100182,2.465726,0.1017811,-2.292293,0.07741009,0.8799609,-0.1600121,0.4405369,20.47587,126.7595,359.7097,0.7442055,0.03232877,-0.6671667,0.2672197,-0.01305153,-0.2905811,4.042971,-0.7192153,-1.434973,-0.619829,-0.2072001,1.991,-0.5998699,-0.004746785,-0.8000835,0.2772181,0.9368077,-0.2134047,0.7505373,-0.3498127,-0.5606468,moving,-78.94856,65.62542,-17.29217,-5.941291,-13.130770894873297,24.49809155956035
05/11/2023 10:30:17.429583,2480,True,True,True,True,Eyes,2.448787,0.1002601,-2.217916,0.9029017,-0.3901261,-0.1804718,0.0,0.0,0.0,0.0,0.0,0.0,0.0,-0.3225193,-1.268835,-3.113714,2.471289,0.1037028,-2.30025,0.07761561,0.8824976,-0.159116,0.4357249,20.39419,127.4268,359.8979,0.7438837,0.03212432,-0.6675354,0.2511865,-0.01226844,-0.2731462,4.0588,-0.7154015,-1.460162,-0.6242031,-0.2071999,1.991001,-0.6082396,-0.001670386,-0.793752,0.2756527,0.9373158,-0.2132008,0.7443524,-0.3484769,-0.5696522,moving,-78.69669,65.1748,-17.40685,-5.941284,-13.084535204044101,24.368552911513504
05/11/2023 10:30:17.444805,2481,True,True,True,True,Eyes,2.450771,0.100574,-2.220612,0.9018755,-0.3905726,-0.1845902,0.0,0.0,0.0,0.0,0.0,0.0,0.0,-0.2955148,-1.268505,-3.12654,2.47661,0.1048268,-2.30805,0.0778895,0.8846768,-0.158171,0.4315813,20.30953,128.0041,0.07861687,0.7435803,0.03194512,-0.6678821,0.2361153,-0.01153233,-0.2567574,4.073781,-0.7137147,-1.485945,-0.6286207,-0.2071996,1.991001,-0.6153419,0.001286801,-0.7882595,0.2743413,0.9378303,-0.2126291,0.7389801,-0.3470916,-0.5774394,moving,-78.43282,64.70391,-17.52252,-5.941274,-13.036136279548128,24.23319082922472
05/11/2023 10:30:17.460928,2482,True,True,True,True,Eyes,2.452878,0.1009066,-2.223518,0.9006956,-0.3912353,-0.1888979,0.0,0.0,0.0,0.0,0.0,0.0,0.0,-0.2697728,-1.268551,-3.139184,2.481984,0.1060351,-2.316245,0.07775078,0.8867164,-0.1574249,0.4276755,20.22373,128.5379,0.1973596,0.7432931,0.03179017,-0.668209,0.2219484,-0.01084039,-0.241352,4.087631,-0.7134925,-1.512243,-0.633062,-0.2072001,1.991,-0.622097,0.003232209,-0.7829334,0.2725393,0.9383444,-0.2126784,0.7339738,-0.3456867,-0.5846221,moving,-78.15534,64.22762,-17.63868,-5.94129,-12.985864777872568,24.096332265973736
05/11/2023 10:30:17.479761,2483,True,True,True,True,Eyes,2.455094,0.1012336,-2.22663,0.8994766,-0.3918929,-0.193292,0.0,0.0,0.0,0.0,0.0,0.0,0.0,-0.24812,-1.273075,-3.148725,2.486818,0.1069149,-2.324016,0.07818208,0.8883522,-0.1573133,0.4242296,20.23268,129.0059,0.331733,0.7430191,0.03165765,-0.6685188,0.2086315,-0.01018997,-0.2268709,4.100997,-0.7141673,-1.538269,-0.6371684,-0.2072001,1.991,-0.627834,0.005432528,-0.7783287,0.2723803,0.9382802,-0.2131649,0.7291324,-0.3458335,-0.5905639,moving,-77.87194,63.74627,-17.74594,-5.94129,-12.934689218662594,23.958035417756385
05/11/2023 10:30:17.495127,2484,True,True,True,True,Eyes,2.457395,0.101574,-2.229943,0.8981043,-0.3927461,-0.1978868,0.0,0.0,0.0,0.0,0.0,0.0,0.0,-0.2278031,-1.276907,-3.158232,2.491434,0.1071484,-2.331971,0.07817272,0.8898633,-0.157366,0.4210325,20.23644,129.4304,0.4038671,0.7427558,0.0315448,-0.6688157,0.1961136,-0.009578573,-0.2132586,4.115025,-0.7117717,-1.562223,-0.6415521,-0.2072,1.991,-0.6332416,0.00661364,-0.7739261,0.2716385,0.9382499,-0.214242,0.7247193,-0.345895,-0.5959354,moving,-77.5741,63.25855,-17.8603,-5.941289,-12.881505725567745,23.817964762556628
05/11/2023 10:30:17.509970,2485,True,True,True,True,Eyes,2.459762,0.1018309,-2.233441,0.8967093,-0.3935557,-0.2025497,0.0,0.0,0.0,0.0,0.0,0.0,0.0,-0.2093989,-1.281158,-3.166989,2.495607,0.1078588,-2.339945,0.07788387,0.8912257,-0.1575498,0.4181255,20.24012,129.8091,0.4319317,0.7425003,0.03144987,-0.669103,0.1843468,-0.009003858,-0.2004631,4.127962,-0.7098661,-1.584306,-0.6457416,-0.2071997,1.991001,-0.6382107,0.007073059,-0.7698296,0.2705754,0.9382244,-0.2156944,0.7207472,-0.3459553,-0.6006986,moving,-77.27157,62.76666,-17.96944,-5.941277,-12.82760068374834,23.676707806274486
05/11/2023 10:30:17.529715,2486,True,True,True,True,Eyes,2.462211,0.1020881,-2.23715,0.8952077,-0.3943236,-0.2076348,0.0,0.0,0.0,0.0,0.0,0.0,0.0,-0.1865237,-1.28328,-3.176202,2.499325,0.1060697,-2.347761,0.07676217,0.8927835,-0.1581217,0.4147803,20.24381,130.2258,0.3598449,0.7422501,0.03136837,-0.6693838,0.173286,-0.008463627,-0.1884353,4.141458,-0.7074323,-1.605547,-0.6501598,-0.2071998,1.991001,-0.6441296,0.005892467,-0.7648937,0.2682355,0.9382102,-0.2186579,0.7163426,-0.3460157,-0.6059096,moving,-76.9417,62.23053,-18.08441,-5.941277,-12.768831202520737,23.522747057499018
05/11/2023 10:30:17.540750,2487,True,True,True,True,Eyes,2.46472,0.1023707,-2.24104,0.8936769,-0.395023,-0.2128345,0.0,0.0,0.0,0.0,0.0,0.0,0.0,-0.1562371,-1.275602,-3.190476,2.503451,0.1062414,-2.356302,0.07309345,0.894943,-0.1577394,0.4109168,20.02354,130.688,0.07277713,0.7420025,0.03129879,-0.6696609,0.1628888,-0.007955809,-0.1771292,4.153786,-0.7047423,-1.631474,-0.6501603,-0.2071998,1.991001,-0.6516092,0.001193433,-0.7585537,0.2604645,0.9395513,-0.2222648,0.7124348,-0.3424061,-0.6125312,static,-76.60421,61.68465,-18.08442,-5.94128,-12.708791152944471,23.365994942543114
05/11/2023 10:30:17.560052,2488,True,True,True,True,Eyes,2.467298,0.1025918,-2.245115,0.8919497,-0.3958072,-0.2185463,0.0,0.0,0.0,0.0,0.0,0.0,0.0,-0.1241202,-1.279518,-3.199164,2.507123,0.1070245,-2.36434,0.0708435,0.8969475,-0.1586851,0.406553,20.0151,131.2131,359.8816,0.7417556,0.03124051,-0.6699366,0.1531155,-0.007478461,-0.1665014,4.164561,-0.7052938,-1.657177,-0.6501602,-0.2071998,1.991001,-0.6593916,-0.001942021,-0.751797,0.2561136,0.9396005,-0.2270612,0.7068298,-0.3422678,-0.6190674,static,-76.23257,61.09456,-18.08442,-5.94128,-12.643039910445076,23.19658365275422
05/11/2023 10:30:17.569931,2489,True,True,True,True,Eyes,2.46992,0.1027753,-2.249345,0.8901232,-0.3966595,-0.2243697,0.0,0.0,0.0,0.0,0.0,0.0,0.0,-0.0905807,-1.285534,-3.206982,2.511039,0.1057142,-2.372561,0.06906122,0.8989154,-0.1601204,0.4019243,20.08319,131.7699,359.7223,0.7415075,0.03119041,-0.6702132,0.1439286,-0.007029753,-0.1565114,4.174034,-0.7070941,-1.681381,-0.6501604,-0.2071998,1.991001,-0.6673747,-0.004552162,-0.7447081,0.2528729,0.9391841,-0.2323546,0.7004757,-0.3433841,-0.6256366,static,-75.85241,60.50541,-18.08442,-5.94128,-12.576259097227833,23.027490273734422
05/11/2023 10:30:17.595009,2490,True,True,True,True,Eyes,2.472578,0.1029564,-2.253735,0.8880712,-0.3976561,-0.230649,0.0,0.0,0.0,0.0,0.0,0.0,0.0,-0.0512253,-1.299586,-3.210505,2.514368,0.1048631,-2.380303,0.0674105,0.9009561,-0.16283,0.3965103,20.29558,132.4077,359.5321,0.7412567,0.0311464,-0.6704922,0.1352928,-0.006607968,-0.1471207,4.181415,-0.7129471,-1.705297,-0.6501605,-0.2071996,1.991001,-0.6764711,-0.00765977,-0.7364296,0.2505954,0.9378844,-0.2399475,0.6925238,-0.3468634,-0.6325323,static,-75.44086,59.88536,-18.08442,-5.941275,-12.504550229355377,22.849588585927336
05/11/2023 10:30:17.610305,2491,True,True,True,True,Eyes,2.475258,0.1031574,-2.258275,0.8858642,-0.3988735,-0.2369486,0.0,0.0,0.0,0.0,0.0,0.0,0.0,-0.01396024,-1.321671,-3.210256,2.517544,0.104944,-2.388244,0.06707615,0.9027296,-0.1661955,0.3910998,20.6419,133.0523,359.4554,0.7410017,0.03110769,-0.6707755,0.1271753,-0.00621149,-0.1382934,4.188085,-0.7203902,-1.731311,-0.6501602,-0.2071997,1.991001,-0.6850835,-0.008894759,-0.7284104,0.2511013,0.9357598,-0.2475922,0.6838194,-0.3525261,-0.6388401,static,-75.02522,59.2878,-18.08442,-5.941277,-12.433074943066941,22.67823988604958
05/11/2023 10:30:17.619970,2492,True,True,True,True,Eyes,2.477952,0.1033717,-2.262973,0.883386,-0.4003836,-0.2435616,0.0,0.0,0.0,0.0,0.0,0.0,0.0,0.01598907,-1.346426,-3.208226,2.520486,0.1056385,-2.396209,0.06839296,0.904129,-0.1692152,0.3863153,21.02819,133.6475,359.5661,0.740741,0.03107421,-0.6710645,0.1195448,-0.005838801,-0.1299958,4.193981,-0.7286807,-1.757307,-0.6501603,-0.2071999,1.991001,-0.6921661,-0.0070687,-0.7217039,0.2544129,0.9333773,-0.2531422,0.6754114,-0.3588272,-0.6442538,static,-74.58574,58.68699,-18.08442,-5.941281,-12.358524599095826,22.506073033458836
05/11/2023 10:30:17.645601,2493,True,True,True,True,Eyes,2.480648,0.1035879,-2.267812,0.8807474,-0.4020782,-0.2502341,0.0,0.0,0.0,0.0,0.0,0.0,0.0,0.04741502,-1.370544,-3.206011,2.523211,0.1063015,-2.404424,0.07038199,0.9056793,-0.1718357,0.3811351,21.4018,134.3139,359.7847,0.7404731,0.03104573,-0.671361,0.1123721,-0.005488473,-0.1221961,4.198629,-0.7384254,-1.7839,-0.6501603,-0.2071999,1.991001,-0.6995648,-0.003498213,-0.7145606,0.2584722,0.9310377,-0.2576059,0.6661841,-0.3649061,-0.650417,static,-74.13932,58.10385,-18.08442,-5.941283,-12.283693874692602,22.339074396979356
05/11/2023 10:30:17.660199,2494,True,True,True,True,Eyes,2.547851,0.1092331,-2.392122,0.7938415,-0.4390043,-0.4208218,0.0,0.0,0.0,0.0,0.0,0.0,0.0,0.08119762,-1.392318,-3.203873,2.525622,0.1066172,-2.412427,0.0717927,0.9073321,-0.1743865,0.3757443,21.74055,135.0,359.9525,0.7401967,0.03102171,-0.6716664,0.1056297,-0.005159164,-0.1148643,4.202694,-0.7489426,-1.81061,-0.6501601,-0.2072001,1.991,-0.7073242,-0.0007698234,-0.7068891,0.2613291,0.9288703,-0.2625015,0.6568103,-0.3704043,-0.6568114,static,-62.07158,46.21144,-18.08443,-5.941293,-10.388695191010417,18.948971516526917
05/11/2023 10:30:17.679709,2495,True,True,True,True,Eyes,2.547945,0.1092454,-2.392441,0.7936415,-0.4390499,-0.4211511,0.0,0.0,0.0,0.0,0.0,0.0,0.0,0.1178271,-1.41021,-3.202592,2.527821,0.1071376,-2.420292,0.07234719,0.9091506,-0.1766502,0.3701431,22.00954,135.7039,0.04803436,0.7389246,0.03103732,-0.6730657,0.3009011,0.01208599,-0.4809032,4.206318,-0.7592283,-1.837877,-0.6501603,-0.2071999,1.991001,-0.7155201,0.0007772656,-0.6985919,0.2623207,0.9271212,-0.2676457,0.6474714,-0.3747609,-0.6635778,static,-62.04704,46.19202,-18.08442,-5.941282,-10.384998983870108,18.943461050896456
05/11/2023 10:30:17.690323,2496,True,True,True,True,Eyes,2.548129,0.1092781,-2.393083,0.7932878,-0.4388832,-0.4219906,0.0,0.0,0.0,0.0,0.0,0.0,0.0,0.1508864,-1.416275,-3.20603,2.529869,0.1074616,-2.428054,0.07190014,0.9110203,-0.1774218,0.3652314,22.07315,136.3249,0.08686668,0.7378448,0.03105501,-0.674249,0.282847,0.01136083,-0.452049,4.209782,-0.7682329,-1.864514,-0.6501603,-0.2071999,1.991001,-0.7228728,0.001404979,-0.6909797,0.2606049,0.9267038,-0.2707493,0.6399531,-0.37579,-0.6702551,static,-61.98919,46.12415,-18.08442,-5.941282,-10.375556126543618,18.924055623813125
05/11/2023 10:30:17.710018,2497,True,True,True,True,Eyes,2.548394,0.1093228,-2.394027,0.7928463,-0.4386506,-0.4230609,0.0,0.0,0.0,0.0,0.0,0.0,0.0,0.1795732,-1.41252,-3.214044,2.531981,0.1080319,-2.436172,0.07099278,0.9129238,-0.1767007,0.360981,21.95527,136.8757,0.1266896,0.7369221,0.03107421,-0.6752571,0.2658762,0.01067918,-0.4249261,4.215511,-0.7716449,-1.892159,-0.6501603,-0.2071996,1.991001,-0.7293055,0.002050784,-0.6841851,0.2571932,0.9274737,-0.2713745,0.6340072,-0.3738826,-0.6769392,static,-61.91573,46.03646,-18.08442,-5.941272,-10.363515505081189,18.898976482503876
05/11/2023 10:30:17.730069,2498,True,True,True,True,Eyes,2.548733,0.109348,-2.39528,0.7924033,-0.4381426,-0.4244148,0.0,0.0,0.0,0.0,0.0,0.0,0.0,0.2001715,-1.407374,-3.22279,2.533994,0.1084121,-2.444232,0.07032081,0.9144337,-0.1756736,0.3577778,21.81446,137.2981,0.1791711,0.736083,0.03109209,-0.6761713,0.2499236,0.01003843,-0.3994305,4.222992,-0.7710601,-1.922159,-0.6501604,-0.2071999,1.991001,-0.7341,0.0029032,-0.6790352,0.2543117,0.9283876,-0.2709652,0.629621,-0.3716021,-0.6822677,static,-61.8263,45.9118,-18.08442,-5.941281,-10.348265930764324,18.863244915146552
05/11/2023 10:30:17.740282,2499,True,True,True,True,Eyes,2.549145,0.1093526,-2.39683,0.7919021,-0.4375328,-0.4259768,0.0,0.0,0.0,0.0,0.0,0.0,0.0,0.2187393,-1.398609,-3.23337,2.535955,0.1079207,-2.452738,0.06852341,0.9158175,-0.1746843,0.3550608,21.63041,137.6348,0.09015783,0.7353137,0.03110788,-0.6770074,0.2349282,0.009436121,-0.3754647,4.231715,-0.7674178,-1.954596,-0.65016,-0.2071999,1.991,-0.7384725,0.001462771,-0.6742818,0.249557,0.9295799,-0.2712979,0.6264019,-0.3686178,-0.6868343,static,-61.72348,45.76673,-18.08442,-5.941285,-10.330675464881985,18.8216565841799
05/11/2023 10:30:17.760330,2500,True,True,True,True,Eyes,2.549619,0.1093238,-2.398658,0.7913495,-0.4367595,-0.4277933,0.0,0.0,0.0,0.0,0.0,0.0,0.0,0.2459787,-1.39151,-3.242389,2.537878,0.1073078,-2.46121,0.06545016,0.9174417,-0.1746225,0.3514598,21.49488,138.0466,359.8367,0.7346042,0.03112097,-0.6777769,0.2208325,0.008869953,-0.3529368,4.239493,-0.765197,-1.98668,-0.65016,-0.2071998,1.991001,-0.7443845,-0.002652161,-0.6677459,0.242839,0.9304465,-0.2744057,0.6220297,-0.3664181,-0.6919659,static,-61.60492,45.59419,-18.08441,-5.941279,-10.310218412635969,18.77217355293328
05/11/2023 10:30:17.769926,2501,True,True,True,True,Eyes,2.550151,0.1092569,-2.400751,0.7907031,-0.4360079,-0.4297509,0.0,0.0,0.0,0.0,0.0,0.0,0.0,0.2715675,-1.387415,-3.249733,2.539628,0.1063577,-2.469496,0.06288129,0.9188914,-0.1749153,0.347979,21.42106,138.4454,359.6201,0.7339458,0.03113049,-0.6784898,0.2075826,0.008337757,-0.3317606,4.246317,-0.7644497,-2.01691,-0.6501603,-0.2071998,1.991001,-0.7499135,-0.006171527,-0.6615075,0.2372959,0.9309011,-0.2776935,0.6175119,-0.3652191,-0.6966308,static,-61.47571,45.41408,-18.08442,-5.941281,-10.288185595767224,18.72054823472311
05/11/2023 10:30:17.789601,2502,True,True,True,True,Eyes,2.550719,0.1091579,-2.403111,0.7902598,-0.4350902,-0.4314926,0.0,0.0,0.0,0.0,0.0,0.0,0.0,0.2909303,-1.38727,-3.255779,2.541382,0.1053793,-2.477806,0.06222259,0.9200736,-0.1749691,0.3449335,21.40107,138.826,359.618,0.73333,0.03113551,-0.6791555,0.1951276,0.007837491,-0.311855,4.252398,-0.7644237,-2.046811,-0.6501602,-0.2072,1.991001,-0.7542989,-0.006206689,-0.6565022,0.2352041,0.9310283,-0.2790436,0.6129541,-0.3648942,-0.7008137,static,-61.36486,45.23787,-18.08442,-5.941286,-10.268567123720839,18.6699587315934
05/11/2023 10:30:17.810049,2503,True,True,True,True,Eyes,2.551319,0.1090243,-2.405731,0.7896969,-0.4342507,-0.4333648,0.0,0.0,0.0,0.0,0.0,0.0,0.0,0.3037785,-1.388737,-3.261562,2.542693,0.1045467,-2.486452,0.06250095,0.9209931,-0.1748122,0.3424998,21.39619,139.1479,359.7157,0.7327499,0.0311354,-0.6797816,0.18342,0.007367242,-0.2931437,4.258589,-0.763517,-2.076117,-0.6501598,-0.2072001,1.991,-0.7575753,-0.00462038,-0.6527317,0.2348722,0.9310686,-0.2791886,0.6090279,-0.3648148,-0.7042693,static,-61.24319,45.0585,-18.08442,-5.94129,-10.24749736360653,18.618508566071494
05/11/2023 10:30:17.829713,2504,True,True,True,True,Eyes,2.551949,0.1088387,-2.408612,0.7891765,-0.4334339,-0.4351271,0.0,0.0,0.0,0.0,0.0,0.0,0.0,0.3214039,-1.392689,-3.265739,2.543853,0.1036114,-2.495197,0.06253371,0.9220387,-0.1752153,0.3394614,21.44243,139.5338,359.7759,0.7321983,0.0311295,-0.6803763,0.1724148,0.006925207,-0.275555,4.265241,-0.7615098,-2.107093,-0.6501603,-0.2071998,1.991001,-0.7617111,-0.003640694,-0.6479067,0.2342747,0.9307782,-0.280655,0.6040792,-0.3655662,-0.7081312,static,-61.12904,44.88831,-18.08442,-5.941279,-10.22766689922663,18.569684757667083
05/11/2023 10:30:17.849804,2505,True,True,True,True,Eyes,2.552588,0.1086486,-2.411731,0.7885193,-0.4327445,-0.4370008,0.0,0.0,0.0,0.0,0.0,0.0,0.0,0.3410444,-1.396493,-3.26988,2.545031,0.1021553,-2.504196,0.06206666,0.9231157,-0.175906,0.3362476,21.5001,139.9281,359.7718,0.7316694,0.03111676,-0.6809459,0.1620699,0.006509695,-0.2590217,4.271406,-0.7599504,-2.139252,-0.6501604,-0.2071999,1.991001,-0.7661708,-0.003706526,-0.6426265,0.2328853,0.9304096,-0.2830237,0.598955,-0.3665027,-0.7119894,static,-61.00459,44.71962,-18.08442,-5.941282,-10.206603774307538,18.52135087711047
05/11/2023 10:30:17.860081,2506,True,True,True,True,Eyes,2.553227,0.1084125,-2.415083,0.787847,-0.4320788,-0.438868,0.0,0.0,0.0,0.0,0.0,0.0,0.0,0.3566453,-1.405181,-3.271677,2.545718,0.1019204,-2.512872,0.0628954,0.9239971,-0.1766195,0.3332857,21.6118,140.3136,359.9076,0.7311572,0.03109757,-0.681497,0.1523457,0.006119113,-0.2434804,4.276131,-0.7612017,-2.172374,-0.6501604,-0.2071999,1.991001,-0.7699299,-0.001499161,-0.6381271,0.2339598,0.9296995,-0.2844674,0.593693,-0.368316,-0.7154526,static,-60.88013,44.55338,-18.08442,-5.941281,-10.185620315114111,18.473728564977495
05/11/2023 10:30:17.869934,2507,True,True,True,True,Eyes,2.553862,0.1081534,-2.418676,0.7870294,-0.4315228,-0.4408775,0.0,0.0,0.0,0.0,0.0,0.0,0.0,0.369908,-1.409358,-3.275588,2.546237,0.1006076,-2.521736,0.06327929,0.9248347,-0.1769516,0.3307035,21.66353,140.6479,0.0005378758,0.7306581,0.03107119,-0.6820335,0.1432049,0.005751966,-0.2288716,4.279501,-0.7644004,-2.204559,-0.6501607,-0.2071998,1.991002,-0.7732618,8.730669e-06,-0.6340867,0.2340828,0.9293677,-0.2854486,0.5892972,-0.3691553,-0.7186467,static,-60.74336,44.38564,-18.08443,-5.941277,-10.16305490593949,18.425735534555688
05/11/2023 10:30:17.889891,2508,True,True,True,True,Eyes,2.554482,0.1078782,-2.422504,0.7860957,-0.4310247,-0.443025,0.0,0.0,0.0,0.0,0.0,0.0,0.0,0.3887016,-1.416429,-3.277693,2.546558,0.09986004,-2.530948,0.06391614,0.9258927,-0.1775615,0.327276,21.75523,141.0913,0.1317506,0.7301664,0.03103752,-0.6825618,0.1346126,0.005406848,-0.2151393,4.281848,-0.7693059,-2.234606,-0.6501603,-0.2071999,1.991001,-0.7776104,0.002135709,-0.6287429,0.2345822,0.9287733,-0.2869693,0.5833467,-0.3706422,-0.7227247,static,-60.59542,44.21341,-18.08442,-5.941283,-10.138950715989587,18.376497435711237
05/11/2023 10:30:17.910048,2509,True,True,True,True,Eyes,2.555075,0.1075862,-2.426541,0.7850455,-0.4306024,-0.4452921,0.0,0.0,0.0,0.0,0.0,0.0,0.0,0.4069005,-1.421117,-3.280732,2.546635,0.09924933,-2.540303,0.06438708,0.9269837,-0.1778343,0.3239298,21.80278,141.526,0.2567059,0.7296779,0.03099671,-0.683086,0.1265359,0.005082437,-0.2022309,4.283892,-0.7747905,-2.263362,-0.65016,-0.2071998,1.991001,-0.7818475,0.00415985,-0.6234557,0.2345832,0.9284585,-0.2879853,0.5776548,-0.3714128,-0.7268889,static,-60.4373,44.03918,-18.08442,-5.941281,-10.113513217185666,18.32673218102431
05/11/2023 10:30:17.919783,2510,True,True,True,True,Eyes,2.555637,0.1072666,-2.430794,0.783879,-0.4301963,-0.4477329,0.0,0.0,0.0,0.0,0.0,0.0,0.0,0.42268,-1.425442,-3.283573,2.546432,0.09863694,-2.549187,0.06511244,0.9279755,-0.1779461,0.3208692,21.84176,141.9312,0.4105266,0.7291889,0.0309489,-0.6836102,0.1189437,0.004777491,-0.1900971,4.286573,-0.7780264,-2.293704,-0.6501606,-0.2071994,1.991002,-0.7856067,0.006650631,-0.6186906,0.2350403,0.9281911,-0.2884741,0.5723445,-0.3720444,-0.7307563,static,-60.26603,43.85567,-18.08442,-5.941265,-10.086132268461824,18.274341211522913
05/11/2023 10:30:17.945163,2511,True,True,True,True,Eyes,2.556158,0.1069241,-2.435262,0.782656,-0.4297989,-0.4502473,0.0,0.0,0.0,0.0,0.0,0.0,0.0,0.4348081,-1.42686,-3.288365,2.546103,0.09770624,-2.558543,0.06568516,0.9288771,-0.1776698,0.3182867,21.83162,142.2775,0.5510069,0.7286973,0.03089401,-0.6841369,0.1118071,0.004490842,-0.1786913,4.288837,-0.7813869,-2.325194,-0.6501603,-0.2071999,1.991001,-0.7887584,0.008927044,-0.6146389,0.2351267,0.9282378,-0.2882533,0.5679579,-0.3718801,-0.7342544,static,-60.08899,43.66894,-18.08442,-5.941281,-10.057926700479669,18.221045529002165
05/11/2023 10:30:17.960042,2512,True,True,True,True,Eyes,2.556628,0.1065707,-2.439939,0.7813442,-0.4293425,-0.4529528,0.0,0.0,0.0,0.0,0.0,0.0,0.0,0.4461699,-1.426346,-3.293997,2.54549,0.09685527,-2.568081,0.06562742,0.92975,-0.1773704,0.3159083,21.79487,142.5852,0.6151396,0.7281973,0.03083177,-0.6846718,0.1050987,0.004221391,-0.1679698,4.291335,-0.7838823,-2.356945,-0.6501604,-0.2071997,1.991001,-0.7917902,0.009968602,-0.6107121,0.2340997,0.9284656,-0.2883557,0.5641507,-0.3712847,-0.7374837,static,-59.89872,43.46713,-18.08442,-5.941275,-10.027576180352558,18.163440148948244
05/11/2023 10:30:17.980014,2513,True,True,True,True,Eyes,2.557043,0.1062007,-2.444811,0.7799939,-0.4288349,-0.4557523,0.0,0.0,0.0,0.0,0.0,0.0,0.0,0.4605505,-1.421778,-3.300754,2.544608,0.09624366,-2.577643,0.06515229,0.930851,-0.1765927,0.3131882,21.68927,142.9348,0.658596,0.7276892,0.03076288,-0.685215,0.09879275,0.003968108,-0.1578916,4.292769,-0.7877349,-2.389739,-0.6501608,-0.2071997,1.991002,-0.7953367,0.01068062,-0.6060739,0.2319076,0.9291404,-0.2879531,0.5600522,-0.3695728,-0.7414563,static,-59.70215,43.25707,-18.08443,-5.941274,-9.996168949437855,18.103472064967914
05/11/2023 10:30:17.995786,2514,True,True,True,True,Eyes,2.557403,0.1058038,-2.449878,0.77855,-0.4282785,-0.4587345,0.0,0.0,0.0,0.0,0.0,0.0,0.0,0.4744915,-1.415778,-3.307916,2.543551,0.09549052,-2.587103,0.06434462,0.9319289,-0.1757787,0.3105969,21.56749,143.2612,0.6614878,0.7271687,0.03068728,-0.6857706,0.09286519,0.003730021,-0.1484181,4.294238,-0.7910823,-2.42184,-0.6501601,-0.2071999,1.991,-0.7987788,0.01073659,-0.6015292,0.2291218,0.9299232,-0.287656,0.5562875,-0.3675969,-0.7452631,static,-59.49271,43.0335,-18.08442,-5.941285,-9.962713429871766,18.03964833625768
05/11/2023 10:30:18.011918,2515,True,True,True,True,Eyes,2.557709,0.1053801,-2.455121,0.7770541,-0.4276466,-0.4618498,0.0,0.0,0.0,0.0,0.0,0.0,0.0,0.4938028,-1.406738,-3.315549,2.542412,0.09442899,-2.596699,0.06304672,0.9332738,-0.1747762,0.3073737,21.40671,143.6605,0.6299819,0.7266342,0.03060487,-0.6863407,0.08729328,0.00350622,-0.139513,4.294554,-0.795883,-2.453936,-0.6501603,-0.2071999,1.991,-0.8030931,0.01023651,-0.5957657,0.2251229,0.9309568,-0.2874702,0.5516893,-0.3649858,-0.7499495,static,-59.27445,42.79793,-18.08442,-5.941285,-9.927763654076525,17.972386135493448
05/11/2023 10:30:18.030127,2516,True,True,True,True,Eyes,2.557965,0.1049719,-2.46054,0.7754958,-0.4269558,-0.4650969,0.0,0.0,0.0,0.0,0.0,0.0,0.0,0.512755,-1.397285,-3.323042,2.54126,0.09337571,-2.605995,0.06195036,0.9346064,-0.1736276,0.304182,21.23754,144.0607,0.6251432,0.7260844,0.03051562,-0.6869264,0.08205569,0.003295847,-0.1311422,4.294264,-0.8013911,-2.486914,-0.6501602,-0.2071999,1.991001,-0.8072708,0.01016961,-0.5900934,0.2214272,0.9320313,-0.2868585,0.5470682,-0.3622352,-0.7546534,static,-59.04714,42.55172,-18.08442,-5.941284,-9.891335904081455,17.902081639150058
05/11/2023 10:30:18.044887,2517,True,True,True,True,Eyes,2.558185,0.1047029,-2.466173,0.7739149,-0.4261723,-0.4684366,0.0,0.0,0.0,0.0,0.0,0.0,0.0,0.5302976,-1.388808,-3.330341,2.540014,0.09312166,-2.615497,0.06151896,0.9359266,-0.1721851,0.3010141,21.05976,144.4734,0.7057204,0.7255166,0.03042043,-0.6875305,0.07713234,0.003098096,-0.1232737,4.293467,-0.8058745,-2.521663,-0.65016,-0.2072001,1.991,-0.8112122,0.01149415,-0.5846394,0.2188147,0.9331354,-0.2852691,0.5422687,-0.3593414,-0.759486,static,-58.81424,42.29517,-18.08442,-5.941289,-9.853870806118938,17.828803729003823
05/11/2023 10:30:18.060978,2518,True,True,True,True,Eyes,2.558351,0.1045943,-2.472006,0.7722507,-0.4254988,-0.4717834,0.0,0.0,0.0,0.0,0.0,0.0,0.0,0.5407592,-1.38037,-3.340178,2.539369,0.09657227,-2.626196,0.06150847,0.9370946,-0.1698831,0.2986811,20.80177,144.7978,0.8456474,0.72493,0.03032386,-0.6881534,0.0725044,0.00291221,-0.1158773,4.2934,-0.8075358,-2.557247,-0.6501603,-0.2071996,1.991002,-0.8140129,0.01379676,-0.5806832,0.2167602,0.9347128,-0.2816502,0.5388862,-0.3551359,-0.763859,static,-58.57841,42.04712,-18.08442,-5.941273,-9.816321676668835,17.75800979092167
05/11/2023 10:30:18.079882,2519,True,True,True,True,Eyes,2.558466,0.1044566,-2.478051,0.7705137,-0.4247485,-0.4752866,0.0,0.0,0.0,0.0,0.0,0.0,0.0,0.5462555,-1.381564,-3.346291,2.538136,0.1004722,-2.636769,0.06296608,0.9379152,-0.1683659,0.2966536,20.6822,145.1003,1.115969,0.7243223,0.03023038,-0.6887972,0.06815413,0.002737477,-0.1089246,4.293887,-0.8065745,-2.594599,-0.6501602,-0.2071999,1.991001,-0.8160638,0.01822094,-0.5776745,0.2180064,0.9353763,-0.2784677,0.5352691,-0.3531841,-0.7672991,static,-58.3319,41.78614,-18.08442,-5.941282,-9.777016035510567,17.683517101947267
05/11/2023 10:30:18.095084,2520,True,True,True,True,Eyes,2.558536,0.1043836,-2.484276,0.7686603,-0.4239428,-0.4789925,0.0,0.0,0.0,0.0,0.0,0.0,0.0,0.5692884,-1.371865,-3.35407,2.536829,0.09964624,-2.647725,0.06169462,0.9394071,-0.1672001,0.2928353,20.50387,145.5721,1.100445,0.7236927,0.03013893,-0.6894627,0.06406488,0.002573229,-0.1023892,4.295964,-0.8009293,-2.633411,-0.6501602,-0.2071998,1.991001,-0.8208827,0.01798852,-0.5708138,0.2138369,0.9364758,-0.2780051,0.5295524,-0.3502706,-0.7725834,static,-58.0708,41.51114,-18.08442,-5.941278,-9.735431148535557,17.60502972538492
05/11/2023 10:30:18.111117,2521,True,True,True,True,Eyes,2.558568,0.1043397,-2.490651,0.7666623,-0.423112,-0.4829131,0.0,0.0,0.0,0.0,0.0,0.0,0.0,0.6116654,-1.353705,-3.361096,2.535509,0.1010031,-2.657934,0.05762555,0.9416835,-0.1658557,0.28706,20.20934,146.2385,0.8125997,0.7230396,0.03005092,-0.6901513,0.06022099,0.002418835,-0.09624581,4.297461,-0.7955045,-2.671534,-0.6501601,-0.2071998,1.991001,-0.8285517,0.01330896,-0.5597544,0.2037511,0.9383423,-0.2792832,0.5215243,-0.3454511,-0.7801768,static,-57.79358,41.22374,-18.08442,-5.94128,-9.691430053433251,17.523026199652197
05/11/2023 10:30:18.129965,2522,True,True,True,True,Eyes,2.55856,0.1042531,-2.49718,0.7645227,-0.422423,-0.4868921,0.0,0.0,0.0,0.0,0.0,0.0,0.0,0.6470758,-1.34845,-3.363389,2.534318,0.1016518,-2.667639,0.0561648,0.9434589,-0.1654147,0.2817252,20.10672,146.886,0.7795073,0.7223639,0.02996689,-0.6908623,0.05660773,0.002273705,-0.09047106,4.298714,-0.7899081,-2.71044,-0.6501601,-0.2072001,1.991,-0.8349533,0.01277541,-0.550173,0.1991813,0.938967,-0.2804778,0.5130112,-0.3437699,-0.7865382,static,-57.50866,40.9446,-18.08442,-5.941289,-9.646743206473907,17.443462095959987
05/11/2023 10:30:18.140108,2523,True,True,True,True,Eyes,2.558506,0.1042259,-2.503867,0.7622468,-0.4217922,-0.4909899,0.0,0.0,0.0,0.0,0.0,0.0,0.0,0.6712976,-1.341769,-3.36836,2.533173,0.1007063,-2.677634,0.05700304,0.9449752,-0.1637627,0.2774069,19.9457,147.4606,1.028624,0.7216645,0.02988512,-0.6915964,0.05321127,0.002137283,-0.0850428,4.298502,-0.7865923,-2.745884,-0.6501597,-0.2072001,1.991,-0.8395922,0.01687508,-0.5429552,0.1985907,0.9398649,-0.2778773,0.5056152,-0.3411294,-0.7924544,static,-57.213,40.66472,-18.08442,-5.941291,-9.600694950099129,17.36373971134372
05/11/2023 10:30:18.160014,2524,True,True,True,True,Eyes,2.55841,0.1042483,-2.510707,0.7598104,-0.4214993,-0.4950016,0.0,0.0,0.0,0.0,0.0,0.0,0.0,0.6947631,-1.345247,-3.369411,2.531791,0.1022104,-2.687917,0.05770251,0.9462206,-0.1634394,0.2731753,19.92716,148.0061,1.213096,0.7209412,0.02980701,-0.6923537,0.0,0.0,0.0,4.296822,-0.7866608,-2.779554,-0.6501602,-0.2071999,1.991001,-0.8440916,0.01990336,-0.53583,0.1984938,0.939916,-0.2777736,0.4981065,-0.3408253,-0.7973258,static,-56.91655,40.41476,-18.08442,-5.941284,-9.55553645020127,17.292710695913776
05/11/2023 10:30:18.180244,2525,True,True,True,True,Eyes,2.55509,0.1053224,-2.684846,0.6881241,-0.4142355,-0.5957301,0.0,0.0,0.0,0.0,0.0,0.0,0.0,0.7264162,-1.357895,-3.364879,2.530452,0.1034468,-2.698162,0.05764604,0.9474205,-0.1650565,0.2680074,20.0997,148.6341,1.266544,0.7201936,0.02973348,-0.6931345,0.0,0.0,0.0,4.294285,-0.7867402,-2.81313,-0.6501607,-0.2071997,1.991001,-0.8496982,0.02075738,-0.526861,0.1977028,0.9388666,-0.2818566,0.4888016,-0.3436548,-0.801857,static,-49.11626,34.81247,-18.08443,-5.941274,-8.399501648289597,15.70685050222243
05/11/2023 10:30:18.189984,2526,True,True,True,True,Eyes,2.55505,0.1053557,-2.685224,0.6878215,-0.4145334,-0.5958722,0.0,0.0,0.0,0.0,0.0,0.0,0.0,0.7679794,-1.36873,-3.358002,2.529124,0.1039257,-2.707788,0.05649622,0.9488647,-0.167143,0.2617778,20.28994,149.3686,1.203844,0.7170414,0.02960038,-0.6964006,-0.009959221,0.003222361,-0.5224171,4.292618,-0.7857165,-2.844142,-0.6501601,-0.2071998,1.991001,-0.8565615,0.01970586,-0.5156692,0.1947232,0.9377428,-0.2876132,0.4778975,-0.3467711,-0.8070715,static,-49.09702,34.82537,-18.08442,-5.941281,-8.39753257187563,15.710698291672859
05/11/2023 10:30:18.209716,2527,True,True,True,True,Eyes,2.554964,0.105374,-2.685944,0.6872193,-0.4149185,-0.5962988,0.0,0.0,0.0,0.0,0.0,0.0,0.0,0.8082902,-1.379544,-3.350531,2.527772,0.1048385,-2.716966,0.05523926,0.9502029,-0.1692539,0.2557662,20.48168,150.0728,1.125343,0.7142918,0.02948364,-0.6992255,-0.009361668,0.00302902,-0.491072,4.291632,-0.7832408,-2.874187,-0.65016,-0.2071999,1.991001,-0.8630648,0.01839812,-0.5047585,0.1915559,0.9366034,-0.2933944,0.4673607,-0.3499078,-0.8118737,static,-49.05189,34.83109,-18.08441,-5.941282,-8.392103455933903,15.712597407619526
05/11/2023 10:30:18.230376,2528,True,True,True,True,Eyes,2.554829,0.1053874,-2.687009,0.6865009,-0.4154777,-0.5967368,0.0,0.0,0.0,0.0,0.0,0.0,0.0,0.8422711,-1.387769,-3.344684,2.526334,0.1045583,-2.725607,0.05560401,0.9514568,-0.1702737,0.25029,20.60054,150.7523,1.259431,0.7117971,0.02937833,-0.7017693,-0.008799967,0.002847278,-0.4616077,4.291147,-0.7813879,-2.901181,-0.6501602,-0.2071997,1.991001,-0.8685262,0.020574,-0.4952161,0.1910453,0.9358301,-0.2961819,0.4573444,-0.3518504,-0.8167235,static,-49.0014,34.84754,-18.08442,-5.941276,-8.386361454590737,15.71764093211993
05/11/2023 10:30:18.245770,2529,True,True,True,True,Eyes,2.554639,0.1054119,-2.688404,0.6855456,-0.4160183,-0.5974579,0.0,0.0,0.0,0.0,0.0,0.0,0.0,0.8699101,-1.391177,-3.342458,2.524864,0.1044821,-2.734645,0.05674108,0.9526891,-0.1700147,0.2454775,20.59742,151.3762,1.508576,0.7095282,0.02928309,-0.7040671,-0.008271969,0.002676442,-0.4339112,4.291319,-0.7787538,-2.927129,-0.6501598,-0.2071999,1.991001,-0.8730427,0.02464365,-0.487021,0.1915827,0.935751,-0.2960849,0.4484337,-0.3517995,-0.8216718,static,-48.92762,34.85004,-18.08441,-5.941284,-8.377259497864532,15.718755968161311
05/11/2023 10:30:18.260167,2530,True,True,True,True,Eyes,2.554396,0.1054391,-2.690127,0.6845052,-0.416573,-0.5982637,0.0,0.0,0.0,0.0,0.0,0.0,0.0,0.894706,-1.390641,-3.3423,2.523144,0.1049554,-2.743735,0.05816713,0.9539616,-0.1688601,0.240957,20.49977,151.9763,1.81106,0.7074591,0.02919712,-0.7061498,-0.007775651,0.002515855,-0.4078766,4.290277,-0.7795832,-2.949622,-0.6501604,-0.2071999,1.991001,-0.8771126,0.02960236,-0.4793717,0.1923544,0.9362057,-0.2941405,0.4400832,-0.3502036,-0.826852,static,-48.84625,34.84962,-18.08442,-5.941282,-8.367116266221743,15.719063011370583
05/11/2023 10:30:18.270021,2531,True,True,True,True,Eyes,2.554097,0.1054562,-2.692163,0.6832244,-0.4170942,-0.5993637,0.0,0.0,0.0,0.0,0.0,0.0,0.0,0.9217523,-1.387686,-3.342607,2.521442,0.1052306,-2.753102,0.05921033,0.9553183,-0.1675408,0.2362018,20.36997,152.5976,2.077394,0.7055658,0.02911948,-0.7080448,-0.007309112,0.002364904,-0.383404,4.289775,-0.7802339,-2.970912,-0.6501603,-0.2071998,1.991001,-0.8814059,0.03398254,-0.4711361,0.1922763,0.9368484,-0.2921385,0.4314555,-0.3480808,-0.8322778,static,-48.7409,34.83386,-18.08442,-5.941279,-8.353481280034796,15.715041527841052
05/11/2023 10:30:18.295209,2532,True,True,True,True,Eyes,2.553746,0.1054293,-2.694478,0.6818356,-0.4176779,-0.6005377,0.0,0.0,0.0,0.0,0.0,0.0,0.0,0.9553577,-1.385477,-3.340261,2.519534,0.1050716,-2.762337,0.05899185,0.9567184,-0.1671415,0.2308109,20.30677,153.2638,2.182827,0.7038265,0.02904893,-0.7097766,-0.006870565,0.00222301,-0.3603997,4.28949,-0.779937,-2.990731,-0.65016,-0.2071998,1.991001,-0.8864926,0.03572104,-0.461362,0.1900333,0.9371674,-0.2925826,0.4219221,-0.3470465,-0.8375801,static,-48.62749,34.81887,-18.08441,-5.94128,-8.33886837212166,15.711286159287415
05/11/2023 10:30:18.310069,2533,True,True,True,True,Eyes,2.553357,0.1053722,-2.697064,0.6802006,-0.4182845,-0.6019678,0.0,0.0,0.0,0.0,0.0,0.0,0.0,0.9967088,-1.38628,-3.33354,2.517656,0.1039499,-2.770973,0.05720549,0.958065,-0.1683205,0.2247383,20.37949,153.9702,2.075961,0.7022221,0.02898348,-0.7113668,-0.006458331,0.002089629,-0.3387757,4.288772,-0.7810758,-3.011518,-0.6501601,-0.2072,1.991,-0.8924406,0.03395702,-0.4498855,0.1852693,0.9367915,-0.2968114,0.4113701,-0.3482365,-0.8423219,static,-48.49163,34.79396,-18.08442,-5.941287,-8.321133166043186,15.704768244158476
05/11/2023 10:30:18.330030,2534,True,True,True,True,Eyes,2.552919,0.1053541,-2.699887,0.6784118,-0.4190995,-0.6034177,0.0,0.0,0.0,0.0,0.0,0.0,0.0,1.040878,-1.388851,-3.325009,2.51608,0.1030448,-2.779701,0.05477519,0.9593409,-0.1701462,0.2184383,20.51095,154.6859,1.882246,0.7007355,0.02892173,-0.7128337,-0.006070831,0.001964252,-0.3184492,4.29159,-0.7709402,-3.036617,-0.6501597,-0.2072002,1.990999,-0.8985688,0.03076326,-0.4377531,0.179429,0.9360999,-0.3025264,0.4004739,-0.3503864,-0.8466701,static,-48.34831,34.78164,-18.08442,-5.941297,-8.302885081619117,15.701945980780927
05/11/2023 10:30:18.340145,2535,True,True,True,True,Eyes,2.552431,0.1053383,-2.702955,0.6763976,-0.420079,-0.6049958,0.0,0.0,0.0,0.0,0.0,0.0,0.0,1.078174,-1.403739,-3.312294,2.514204,0.1039776,-2.787866,0.05427517,0.960229,-0.1726335,0.2126315,20.76995,155.3742,1.888846,0.6993516,0.02886425,-0.7141938,-0.005706581,0.001846396,-0.2993422,4.290065,-0.7678533,-3.061068,-0.65016,-0.2071998,1.991001,-0.9036843,0.03081856,-0.4270894,0.1776478,0.9345038,-0.3084541,0.3896105,-0.3546166,-0.8499712,static,-48.18934,34.77419,-18.08442,-5.941281,-8.282849634126038,15.700620549836806
05/11/2023 10:30:18.359839,2536,True,True,True,True,Eyes,2.551889,0.1053527,-2.706249,0.6742178,-0.4212369,-0.6066216,0.0,0.0,0.0,0.0,0.0,0.0,0.0,1.111086,-1.421566,-3.299595,2.512286,0.1039552,-2.796479,0.05364316,0.9608303,-0.1757904,0.2074257,21.10408,155.9808,1.852419,0.6980563,0.02881057,-0.715462,-0.005364186,0.001735613,-0.2813817,4.287191,-0.769603,-3.085881,-0.6501601,-0.2072,1.991,-0.9081941,0.03015706,-0.4174617,0.1760108,0.9324403,-0.3155555,0.3797419,-0.3600634,-0.8521448,static,-48.02098,34.77604,-18.08442,-5.941287,-8.261952400491456,15.702045482487694
05/11/2023 10:30:18.379843,2537,True,True,True,True,Eyes,2.551298,0.105383,-2.709748,0.6717815,-0.422567,-0.6083968,0.0,0.0,0.0,0.0,0.0,0.0,0.0,1.15365,-1.437559,-3.283537,2.510193,0.1046184,-2.804833,0.05203648,0.961634,-0.1792184,0.2010799,21.44525,156.7055,1.724222,0.6968375,0.02876107,-0.716651,-0.005042335,0.001631476,-0.2644988,4.281074,-0.7750915,-3.111161,-0.6501598,-0.2071998,1.991001,-0.9137182,0.02800568,-0.4053822,0.1721545,0.930346,-0.3237579,0.3680787,-0.3656119,-0.8548954,static,-47.83454,34.78222,-18.08441,-5.941278,-8.238947471384083,15.704823235699525
05/11/2023 10:30:18.395094,2538,True,True,True,True,Eyes,2.550648,0.1054362,-2.713433,0.6691425,-0.4239525,-0.610338,0.0,0.0,0.0,0.0,0.0,0.0,0.0,1.195599,-1.456065,-3.265631,2.508143,0.1049187,-2.812851,0.05059456,0.9622788,-0.1830703,0.1947948,21.84152,157.4227,1.608183,0.6956846,0.02871567,-0.7177721,-0.004739795,0.001533587,-0.2486288,4.272415,-0.7850419,-3.135291,-0.6501604,-0.2071998,1.991001,-0.9189906,0.02604984,-0.3934186,0.1686945,0.9278509,-0.3326183,0.3563691,-0.3720405,-0.8570806,static,-47.63144,34.78459,-18.08442,-5.941278,-8.213742794530816,15.70658234801757
05/11/2023 10:30:18.410403,2539,True,True,True,True,Eyes,2.549944,0.1055076,-2.717288,0.6662416,-0.4254279,-0.6124812,0.0,0.0,0.0,0.0,0.0,0.0,0.0,1.236741,-1.468147,-3.249802,2.505821,0.1054789,-2.820624,0.04934312,0.9630711,-0.1857657,0.1885481,22.112,158.1478,1.5457,0.6945874,0.0286745,-0.7188355,-0.004455407,0.001441572,-0.2337111,4.262536,-0.7975867,-3.157244,-0.6501612,-0.2071996,1.991002,-0.9240299,0.02499032,-0.3815031,0.1650934,0.9261127,-0.3392041,0.3448381,-0.3764183,-0.8598817,static,-47.40742,34.78374,-18.08444,-5.941271,-8.185827547539805,15.707516624574925
05/11/2023 10:30:18.429727,2540,True,True,True,True,Eyes,2.549187,0.1055925,-2.721303,0.6631434,-0.4268672,-0.6148375,0.0,0.0,0.0,0.0,0.0,0.0,0.0,1.280866,-1.478169,-3.232918,2.503556,0.105952,-2.828134,0.0482673,0.9639608,-0.1881026,0.1818437,22.34615,158.9359,1.526889,0.6935378,0.02863757,-0.7198497,-0.004188083,0.001355078,-0.2196884,4.250857,-0.8108633,-3.181449,-0.6501603,-0.2072001,1.991001,-0.9292062,0.02464505,-0.3687388,0.1614661,0.9245753,-0.3450928,0.332422,-0.3802013,-0.8631005,static,-47.16467,34.77134,-18.08442,-5.941288,-8.155199257049127,15.70519536538007
05/11/2023 10:30:18.445161,2541,True,True,True,True,Eyes,2.548383,0.1057078,-2.725475,0.6598246,-0.4282934,-0.6174109,0.0,0.0,0.0,0.0,0.0,0.0,0.0,1.322803,-1.481717,-3.219163,2.501261,0.1063759,-2.835609,0.04744653,0.9649797,-0.189229,0.1753722,22.44806,159.7094,1.562355,0.6925281,0.02860476,-0.7208225,-0.003936798,0.001273773,-0.2065071,4.239059,-0.8228192,-3.206157,-0.6501604,-0.2071998,1.991001,-0.9339868,0.02519889,-0.3564176,0.1579408,0.9238825,-0.3485626,0.3205046,-0.3818458,-0.866874,static,-46.90195,34.74876,-18.08442,-5.941279,-8.121748805276727,15.70002297620416
05/11/2023 10:30:18.460098,2542,True,True,True,True,Eyes,2.547522,0.1058484,-2.729812,0.6562901,-0.429615,-0.6202534,0.0,0.0,0.0,0.0,0.0,0.0,0.0,1.359878,-1.482958,-3.208189,2.499118,0.1073101,-2.843201,0.04752487,0.9660325,-0.1892991,0.1693769,22.44754,160.4513,1.717174,0.6915515,0.0285764,-0.7217606,-0.00370059,0.001197347,-0.1941167,4.227786,-0.8316165,-3.231822,-0.6501601,-0.2072,1.991001,-0.938106,0.02769533,-0.3452401,0.1559469,0.9238145,-0.3496389,0.3092545,-0.3818374,-0.8709549,static,-46.61702,34.70819,-18.08442,-5.941285,-8.084939422252926,15.689743129481254
05/11/2023 10:30:18.470741,2543,True,True,True,True,Eyes,2.546606,0.1059992,-2.734314,0.6525794,-0.4308616,-0.6232964,0.0,0.0,0.0,0.0,0.0,0.0,0.0,1.390944,-1.482572,-3.200292,2.496698,0.1081868,-2.851212,0.04820544,0.9670455,-0.1886618,0.1640305,22.37726,161.1304,1.942321,0.6906019,0.02855267,-0.7226702,-0.003478555,0.001125506,-0.1824697,4.220001,-0.8336629,-3.257185,-0.6501602,-0.2071999,1.991001,-0.9415405,0.03134113,-0.3354389,0.1551263,0.9241659,-0.3490748,0.2990609,-0.3807034,-0.8750015,static,-46.31478,34.65466,-18.08442,-5.941282,-8.045547199859676,15.675790775615425
05/11/2023 10:30:18.489920,2544,True,True,True,True,Eyes,2.546606,0.1059992,-2.734314,0.6525794,-0.4308616,-0.6232964,0.0,0.0,0.0,0.0,0.0,0.0,0.0,1.423975,-1.477916,-3.193287,2.494274,0.108689,-2.859336,0.04834926,0.9681405,-0.1877135,0.1585244,22.25907,161.8172,2.111794,0.6896743,0.02853332,-0.7235563,-0.003269841,0.001057975,-0.1715215,4.215164,-0.8298744,-3.2829,-0.65016,-0.2071999,1.991001,-0.9450647,0.03410342,-0.3250993,0.1531321,0.924852,-0.348137,0.2887961,-0.3787952,-0.8792673,static,-46.31478,34.65466,-18.08442,-5.941282,-8.045547199859676,15.675790775615425
05/11/2023 10:30:18.510239,2545,True,True,True,True,Eyes,2.546606,0.1059992,-2.734314,0.6525794,-0.4308616,-0.6232964,0.0,0.0,0.0,0.0,0.0,0.0,0.0,1.459584,-1.472788,-3.184947,2.49178,0.1087494,-2.867505,0.04766148,0.9691689,-0.1873053,0.1528296,22.1869,162.5039,2.174428,0.6888382,0.02851586,-0.724353,-0.003073651,0.000994497,-0.1612302,4.21216,-0.8256973,-3.305001,-0.6501604,-0.2071998,1.991001,-0.948743,0.03513249,-0.3140897,0.1496356,0.9252902,-0.3484927,0.2783808,-0.377629,-0.8831198,static,-46.31478,34.65466,-18.08442,-5.941279,-8.045547199859676,15.675790775615425
05/11/2023 10:30:18.530011,2546,True,True,True,True,Eyes,2.545439,0.1061369,-2.739639,0.6480862,-0.43174,-0.6273634,0.0,0.0,0.0,0.0,0.0,0.0,0.0,1.491622,-1.469706,-3.176648,2.489278,0.1086729,-2.875368,0.0470656,0.970026,-0.1871895,0.147631,22.15132,163.1294,2.230043,0.6880852,0.02850012,-0.725069,-0.002889232,0.0009348271,-0.1515564,4.21154,-0.8195574,-3.325622,-0.65016,-0.2071998,1.991001,-0.9519801,0.03603976,-0.3040321,0.1465796,0.9254898,-0.3492607,0.2687913,-0.3770541,-0.8863306,static,-45.93083,34.53503,-18.08442,-5.941281,-7.993800356875665,15.643072828549087
05/11/2023 10:30:18.550390,2547,True,True,True,True,Eyes,2.544209,0.1062762,-2.745105,0.6434814,-0.4326035,-0.631495,0.0,0.0,0.0,0.0,0.0,0.0,0.0,1.5208,-1.468798,-3.168439,2.486582,0.1086229,-2.883455,0.04628212,0.9707151,-0.1875235,0.1428467,22.16569,163.6971,2.245101,0.6873198,0.02848727,-0.7257952,-0.002715878,0.0008787375,-0.142463,4.209993,-0.813295,-3.347915,-0.6501601,-0.2072001,1.991001,-0.9549057,0.03627927,-0.2946848,0.1434277,0.9253857,-0.3508413,0.2599688,-0.3772864,-0.8888596,static,-45.53864,34.41296,-18.08442,-5.941288,-7.940947175459098,15.609689714721913
05/11/2023 10:30:18.560279,2548,True,True,True,True,Eyes,2.542923,0.1064122,-2.750696,0.6386701,-0.4331913,-0.6359604,0.0,0.0,0.0,0.0,0.0,0.0,0.0,1.553287,-1.467641,-3.158725,2.483724,0.1088486,-2.891968,0.0449509,0.971404,-0.1881552,0.1376646,22.20525,164.2995,2.199104,0.68654,0.02847703,-0.7265332,-0.002552925,0.0008260132,-0.1339152,4.207491,-0.8096638,-3.368865,-0.6501604,-0.2071997,1.991002,-0.9580559,0.03552636,-0.2843713,0.1391355,0.9251541,-0.353173,0.2505403,-0.3779256,-0.8912923,static,-45.12181,34.26116,-18.08442,-5.941273,-7.88404485346058,15.567802488278108
05/11/2023 10:30:18.580083,2549,True,True,True,True,Eyes,2.54158,0.1065434,-2.756417,0.6337346,-0.4337425,-0.640506,0.0,0.0,0.0,0.0,0.0,0.0,0.0,1.58796,-1.462912,-3.148972,2.48087,0.1087591,-2.900209,0.04299363,0.9721289,-0.1886995,0.1323239,22.22586,164.9066,2.083321,0.6857454,0.02846899,-0.7272836,-0.00239975,0.0007764524,-0.1258803,4.203455,-0.8099989,-3.388477,-0.6501606,-0.2071998,1.991001,-0.9612839,0.03365177,-0.2734975,0.1335296,0.9250882,-0.3555022,0.241046,-0.3782586,-0.8937658,static,-44.69553,34.10536,-18.08442,-5.941279,-7.82583404735762,15.52480342797827
05/11/2023 10:30:18.589924,2550,True,True,True,True,Eyes,2.506524,0.1093864,-2.902428,0.4935108,-0.4373861,-0.7517583,0.0,0.0,0.0,0.0,0.0,0.0,0.0,1.626189,-1.455891,-3.138157,2.477962,0.1086195,-2.908614,0.04073079,0.9729165,-0.1891285,0.1265107,22.22956,165.5645,1.944021,0.6849347,0.02846277,-0.7280475,-0.002255765,0.0007298653,-0.1183275,4.199148,-0.8117131,-3.406425,-0.6501603,-0.2071998,1.991001,-0.9646724,0.03140175,-0.2615754,0.1271089,0.9251428,-0.3577068,0.230762,-0.3783183,-0.8964512,static,-33.28391,30.19159,-18.08442,-5.941281,-6.27600499410742,14.448354517326418
05/11/2023 10:30:18.610161,2551,True,True,True,True,Eyes,2.506409,0.1093735,-2.902779,0.4931747,-0.4373699,-0.7519882,0.0,0.0,0.0,0.0,0.0,0.0,0.0,1.664298,-1.450969,-3.125772,2.474947,0.1082572,-2.916945,0.03919775,0.9736688,-0.1895021,0.1205062,22.23904,166.2624,1.898144,0.6814831,0.02846984,-0.731279,-0.1072895,0.009215163,-0.5492626,4.193268,-0.8147212,-3.425692,-0.6501606,-0.2071996,1.991001,-0.9678836,0.0306589,-0.2495224,0.1220036,0.925105,-0.3595773,0.2198102,-0.3784716,-0.8991345,static,-33.25797,30.18305,-18.08442,-5.941273,-6.272493816692508,14.446011143627175
05/11/2023 10:30:18.630204,2552,True,True,True,True,Eyes,2.506179,0.1093777,-2.903481,0.4923124,-0.437261,-0.7526163,0.0,0.0,0.0,0.0,0.0,0.0,0.0,1.700404,-1.444617,-3.114674,2.47189,0.1078909,-2.925337,0.03743037,0.9743688,-0.1897833,0.1148346,22.23674,166.914,1.817334,0.6785654,0.02847533,-0.733987,-0.1008521,0.008662254,-0.5163069,4.187431,-0.8179228,-3.445315,-0.6501608,-0.2071998,1.991002,-0.9708242,0.02935458,-0.2379898,0.1165293,0.9251626,-0.3612413,0.2095751,-0.3784345,-0.9015908,static,-33.19009,30.15607,-18.08443,-5.941277,-6.263152753774184,14.438533650795083
05/11/2023 10:30:18.645108,2553,True,True,True,True,Eyes,2.505849,0.1094078,-2.904511,0.4910663,-0.437082,-0.7535338,0.0,0.0,0.0,0.0,0.0,0.0,0.0,1.743569,-1.432433,-3.102075,2.468739,0.1081788,-2.934005,0.03452211,0.975204,-0.1898583,0.1083492,22.19636,167.6384,1.620907,0.6760588,0.02847984,-0.7362962,-0.09480099,0.008142519,-0.4853285,4.179863,-0.8230559,-3.463513,-0.6501609,-0.2071997,1.991002,-0.9741376,0.02619021,-0.2244336,0.1084742,0.9255241,-0.3628203,0.1982164,-0.377782,-0.9044288,static,-33.09166,30.11557,-18.08443,-5.941273,-6.249562173505178,14.42729082558461
05/11/2023 10:30:18.660034,2554,True,True,True,True,Eyes,2.505423,0.1093725,-2.905863,0.4892932,-0.4368595,-0.7548151,0.0,0.0,0.0,0.0,0.0,0.0,0.0,1.792066,-1.417575,-3.086879,2.465799,0.1087496,-2.942421,0.03164047,0.9761422,-0.1895541,0.1010676,22.11453,168.4611,1.450783,0.6737782,0.028484,-0.7383836,-0.08911293,0.007653967,-0.4562088,4.17377,-0.8269514,-3.481159,-0.6501596,-0.2072,1.991,-0.9775688,0.02345564,-0.2093078,0.1000867,0.9261362,-0.3636679,0.1853175,-0.3764592,-0.9077095,static,-32.95248,30.0607,-18.08441,-5.941288,-6.230424255761785,14.412089594358651
05/11/2023 10:30:18.679959,2555,True,True,True,True,Eyes,2.504912,0.1093006,-2.907522,0.4870934,-0.4366076,-0.756382,0.0,0.0,0.0,0.0,0.0,0.0,0.0,1.840288,-1.397677,-3.073354,2.462886,0.1070282,-2.950999,0.02859544,0.9770838,-0.1889035,0.09383644,21.99438,169.2739,1.262423,0.6716973,0.02848606,-0.7402771,-0.08376615,0.00719473,-0.4288362,4.164968,-0.8319191,-3.50165,-0.6501598,-0.2071998,1.991001,-0.9807545,0.02042821,-0.1941757,0.09133233,0.9269955,-0.3637824,0.1725686,-0.3745156,-0.9110207,static,-32.78065,29.9949,-18.08441,-5.941281,-6.206860935773245,14.393886276588912
05/11/2023 10:30:18.690221,2556,True,True,True,True,Eyes,2.504327,0.1092,-2.90946,0.4844268,-0.4364465,-0.7581854,0.0,0.0,0.0,0.0,0.0,0.0,0.0,1.893331,-1.383331,-3.053492,2.460133,0.1060461,-2.959496,0.02636798,0.9779475,-0.1886459,0.08565313,21.93092,170.2196,1.189489,0.6697915,0.02848519,-0.742002,-0.07874019,0.006763046,-0.4031061,4.156466,-0.8353149,-3.522523,-0.6501598,-0.2071998,1.991001,-0.9839368,0.01925678,-0.1774769,0.08388922,0.927435,-0.3644545,0.1575801,-0.3734885,-0.9141529,static,-32.5757,29.92672,-18.08441,-5.941278,-6.179096066896398,14.375166394899296
05/11/2023 10:30:18.710003,2557,True,True,True,True,Eyes,2.503662,0.1090729,-2.911679,0.4814666,-0.4363047,-0.7601501,0.0,0.0,0.0,0.0,0.0,0.0,0.0,1.933491,-1.37693,-3.037057,2.457613,0.1052389,-2.967674,0.02524866,0.9784998,-0.1887645,0.07917625,21.92609,170.9814,1.205727,0.6680394,0.02848084,-0.74358,-0.07401577,0.006357263,-0.3789197,4.14804,-0.8387487,-3.542103,-0.6501602,-0.2071999,1.991001,-0.9861876,0.01952028,-0.16448,0.07930294,0.927461,-0.3654138,0.1454158,-0.3734102,-0.9161985,static,-32.3495,29.8546,-18.08442,-5.941282,-6.148555769961202,14.355414318858426
05/11/2023 10:30:18.729577,2558,True,True,True,True,Eyes,2.502933,0.1089297,-2.914179,0.4780769,-0.4363062,-0.7622856,0.0,0.0,0.0,0.0,0.0,0.0,0.0,1.975406,-1.368459,-3.019991,2.45489,0.1044145,-2.976217,0.02309994,0.9789579,-0.1893041,0.07260785,21.96227,171.7291,1.095892,0.6664215,0.0284726,-0.7450307,-0.06957483,0.005975827,-0.3561845,4.141009,-0.8408422,-3.561104,-0.6501606,-0.2071997,1.991001,-0.9883891,0.01773782,-0.1509059,0.07271767,0.9272607,-0.367287,0.1334142,-0.3739959,-0.9177842,static,-32.0944,29.78535,-18.08442,-5.941274,-6.1145126315188225,14.336648105757295
05/11/2023 10:30:18.744803,2559,True,True,True,True,Eyes,2.502149,0.1087786,-2.916937,0.4743518,-0.4363544,-0.7645817,0.0,0.0,0.0,0.0,0.0,0.0,0.0,2.02451,-1.357528,-2.998934,2.45246,0.1037279,-2.98493,0.01982403,0.9793443,-0.1903704,0.06519912,22.05284,172.5511,0.8658094,0.6649205,0.02846033,-0.7463711,-0.06540033,0.005617278,-0.3348134,4.134999,-0.8412319,-3.579604,-0.6501603,-0.2071998,1.991002,-0.9907123,0.01400512,-0.1352526,0.06365307,0.9267322,-0.3702914,0.120157,-0.3754614,-0.9190165,static,-31.81575,29.71383,-18.08442,-5.941277,-6.077462900334759,14.317346817219295
05/11/2023 10:30:18.760000,2560,True,True,True,True,Eyes,2.501314,0.108588,-2.919924,0.4702448,-0.4365421,-0.7670077,0.0,0.0,0.0,0.0,0.0,0.0,0.0,2.074398,-1.348768,-2.975216,2.450197,0.1032979,-2.993339,0.01717199,0.9796731,-0.1914126,0.05750572,22.14913,173.4221,0.7195358,0.6635209,0.02844412,-0.7476163,-0.06147631,0.005280241,-0.3147246,4.128718,-0.8390378,-3.600174,-0.6501609,-0.2071998,1.991001,-0.9927965,0.01163124,-0.1192475,0.05566052,0.9261327,-0.3730686,0.1060997,-0.3770186,-0.9201086,static,-31.51205,29.64635,-18.08444,-5.941278,-6.037428234617737,14.299350877828005
05/11/2023 10:30:18.770826,2561,True,True,True,True,Eyes,2.500429,0.1083728,-2.923124,0.4659253,-0.4367512,-0.7695206,0.0,0.0,0.0,0.0,0.0,0.0,0.0,2.117189,-1.344928,-2.952982,2.448002,0.1021366,-3.001379,0.01583894,0.979888,-0.192378,0.05059138,22.24825,174.2298,0.7165894,0.6622093,0.02842325,-0.7487792,-0.05778774,0.004963426,-0.2958412,4.12298,-0.8360556,-3.62023,-0.65016,-0.2071997,1.991001,-0.9943793,0.01157543,-0.1052419,0.0505061,0.9254797,-0.3754151,0.09305362,-0.3786204,-0.9208624,static,-31.19385,29.57763,-18.08441,-5.941276,-5.9955475827458,14.281071274550008
05/11/2023 10:30:18.789774,2562,True,True,True,True,Eyes,2.499485,0.1081675,-2.926537,0.4613467,-0.4370144,-0.7721254,0.0,0.0,0.0,0.0,0.0,0.0,0.0,2.150734,-1.340715,-2.93682,2.445831,0.1013612,-3.009274,0.01519662,0.9801401,-0.1925446,0.0449575,22.25985,174.8995,0.7724684,0.6609732,0.02839747,-0.7498715,-0.05432047,0.004665621,-0.2780907,4.11632,-0.8318076,-3.642942,-0.6501598,-0.2071998,1.991001,-0.9954956,0.01247699,-0.09398134,0.04710228,0.9253913,-0.3760749,0.08227724,-0.3788077,-0.9218106,static,-30.85842,29.50938,-18.08441,-5.941279,-5.951537572385817,14.263019010025854
05/11/2023 10:30:18.810228,2563,True,True,True,True,Eyes,2.498476,0.1079945,-2.930174,0.4565713,-0.4371611,-0.774876,0.0,0.0,0.0,0.0,0.0,0.0,0.0,2.181317,-1.334649,-2.923387,2.443379,0.1014414,-3.017487,0.01481221,0.9804814,-0.1919978,0.03967018,22.18979,175.5338,0.8547623,0.6598026,0.02836748,-0.750903,-0.05106124,0.004385683,-0.2614052,4.109449,-0.8275636,-3.665419,-0.6501601,-0.2072001,1.991,-0.9964138,0.01381302,-0.08347957,0.04427937,0.9258349,-0.3753254,0.07210392,-0.3776758,-0.9231263,static,-30.50738,29.43035,-18.08442,-5.941288,-5.905228341409362,14.241918378999202
05/11/2023 10:30:18.830164,2564,True,True,True,True,Eyes,2.497395,0.1079393,-2.934043,0.4514953,-0.4372397,-0.7778004,0.0,0.0,0.0,0.0,0.0,0.0,0.0,2.214633,-1.320231,-2.911563,2.440678,0.1021016,-3.026131,0.01413082,0.9810585,-0.190187,0.03396358,21.9705,176.2121,0.9148825,0.6586862,0.02833441,-0.7518837,-0.04799757,0.004122542,-0.2457209,4.101751,-0.8231459,-3.688418,-0.6501601,-0.2071998,1.991002,-0.9972935,0.01480745,-0.07201552,0.04064519,0.9272584,-0.3722093,0.06126552,-0.374129,-0.9253507,static,-30.13419,29.34248,-18.08441,-5.941278,-5.855869824533188,14.218367267406222
05/11/2023 10:30:18.840052,2565,True,True,True,True,Eyes,2.496247,0.1079166,-2.938127,0.4461643,-0.4372118,-0.7808862,0.0,0.0,0.0,0.0,0.0,0.0,0.0,2.250467,-1.305029,-2.898006,2.437815,0.1049471,-3.035156,0.01349878,0.9817023,-0.1878993,0.02779103,21.69543,176.9467,0.9903557,0.6576153,0.02830158,-0.7528219,-0.04511771,0.00387519,-0.2309777,4.096618,-0.813146,-3.711144,-0.6501607,-0.2071998,1.991001,-0.9980913,0.01605974,-0.05963785,0.0369474,0.9290233,-0.368172,0.04949221,-0.3696726,-0.9278433,static,-29.74176,29.2441,-18.08443,-5.94128,-5.803769122416631,14.191865340152482
05/11/2023 10:30:18.859968,2566,True,True,True,True,Eyes,2.495033,0.1079014,-2.942403,0.4404418,-0.4370773,-0.7842031,0.0,0.0,0.0,0.0,0.0,0.0,0.0,2.291248,-1.288209,-2.880323,2.434931,0.1057483,-3.043926,0.01242145,0.9822227,-0.186139,0.02089958,21.48016,177.7562,1.023436,0.6565812,0.02826969,-0.753725,-0.04241065,0.003642678,-0.217119,4.089258,-0.808374,-3.731183,-0.65016,-0.2071999,1.991,-0.998818,0.01662081,-0.04568031,0.03218172,0.930396,-0.3651407,0.03643185,-0.3661791,-0.9298311,static,-29.32042,29.13321,-18.08442,-5.941284,-5.747656413661016,14.161882752458087
05/11/2023 10:30:18.870466,2567,True,True,True,True,Eyes,2.493756,0.1079773,-2.946854,0.4345222,-0.4368145,-0.7876443,0.0,0.0,0.0,0.0,0.0,0.0,0.0,2.339134,-1.257011,-2.861958,2.432037,0.1059007,-3.052279,0.01004401,0.982935,-0.1832096,0.01312567,21.1266,178.641,0.9174563,0.6555775,0.02823879,-0.7545993,-0.03986601,0.003424118,-0.2040918,4.080567,-0.8034757,-3.757216,-0.6501608,-0.2071997,1.991002,-0.9994538,0.01493573,-0.02948369,0.02455473,0.9326667,-0.3599025,0.02212305,-0.3604299,-0.9325241,static,-28.88434,29.01203,-18.08443,-5.941276,-5.689368968534187,14.128989514390181
05/11/2023 10:30:18.890105,2568,True,True,True,True,Eyes,2.492387,0.1080666,-2.951495,0.4273523,-0.4351712,-0.792462,0.0,0.0,0.0,0.0,0.0,0.0,0.0,2.376654,-1.238831,-2.845354,2.429132,0.1081849,-3.060528,0.008729246,0.9833916,-0.1811612,0.006747158,20.88065,179.3802,0.902953,0.6545979,0.02821109,-0.7554503,-0.03747405,0.003218671,-0.1918463,4.070338,-0.7898678,-3.789469,-0.6501604,-0.2071999,1.991001,-0.9997569,0.01472389,-0.016433,0.01961318,0.9342088,-0.356187,0.0101074,-0.3564225,-0.9342705,static,-28.33673,28.77287,-18.08443,-5.941282,-5.613301431192494,14.062421198921928
05/11/2023 10:30:18.910054,2569,True,True,True,True,Eyes,2.45602,0.1110254,-3.071952,0.2336151,-0.383423,-0.8935384,0.0,0.0,0.0,0.0,0.0,0.0,0.0,2.408823,-1.230555,-2.828329,2.4259,0.1084227,-3.069101,0.008861854,0.9836451,-0.1798979,0.0008364231,20.72764,180.0945,1.049637,0.6536361,0.02818652,-0.7562836,-0.03522561,0.00302555,-0.1803356,4.057307,-0.7856543,-3.817822,-0.6501613,-0.2071996,1.991002,-0.9998417,0.0171329,-0.004833945,0.01773478,0.9351165,-0.3538965,-0.00154297,-0.3539261,-0.9352723,static,-14.65198,23.22448,-18.08444,-5.941269,-3.7265184433790832,12.523239732364255
05/11/2023 10:30:18.920415,2570,True,True,True,True,Eyes,2.45588,0.1110581,-3.072278,0.2331278,-0.3835538,-0.8936094,0.0,0.0,0.0,0.0,0.0,0.0,0.0,2.445027,-1.217606,-2.809159,2.422317,0.1092605,-3.077748,0.007836339,0.9838471,-0.1787527,-0.00556158,20.58788,180.8413,1.065501,0.6504436,0.02819404,-0.7590309,-0.1422129,0.01172014,-0.5308848,4.044575,-0.7841939,-3.844827,-0.6501602,-0.2071999,1.991,-0.9998153,0.01740782,0.008141955,0.01343123,0.9359722,-0.3518179,-0.01374502,-0.3516436,-0.9360331,static,-14.62161,23.22991,-18.08442,-5.941285,-3.7229171519157997,12.524976807072886
05/11/2023 10:30:18.940076,2571,True,True,True,True,Eyes,2.455592,0.1110858,-3.072923,0.232161,-0.383822,-0.8937461,0.0,0.0,0.0,0.0,0.0,0.0,0.0,2.480566,-1.21742,-2.78336,2.418756,0.1101232,-3.085433,0.006731563,0.9835796,-0.1799576,-0.01188174,20.72269,181.5804,1.073227,0.6477566,0.02819936,-0.7613249,-0.1336801,0.01101693,-0.4990317,4.031188,-0.7840639,-3.869464,-0.6501601,-0.2071997,1.991002,-0.9996271,0.01751847,0.02095047,0.00896564,0.9351399,-0.3541652,-0.02579605,-0.3538452,-0.9349483,static,-14.56142,23.24125,-18.08441,-5.941275,-3.7157988877211334,12.528587455649838
05/11/2023 10:30:18.960390,2572,True,True,True,True,Eyes,2.455159,0.1110753,-3.073846,0.2306544,-0.3843597,-0.893905,0.0,0.0,0.0,0.0,0.0,0.0,0.0,2.519328,-1.218753,-2.753073,2.414836,0.1099966,-3.093259,0.005332442,0.9831145,-0.1819471,-0.01878318,20.94976,182.3856,1.062661,0.6454104,0.02820356,-0.7633148,-0.1256593,0.01035592,-0.4690898,4.015132,-0.7887988,-3.893715,-0.6501605,-0.2071997,1.991002,-0.9992375,0.01731989,0.03499159,0.003649709,0.9337337,-0.3579499,-0.03887248,-0.3575493,-0.9330849,static,-14.46844,23.26665,-18.08442,-5.941276,-3.7050630812452727,12.536454215956335
05/11/2023 10:30:18.979814,2573,True,True,True,True,Eyes,2.454573,0.111065,-3.075038,0.2286344,-0.3848562,-0.8942102,0.0,0.0,0.0,0.0,0.0,0.0,0.0,2.563632,-1.213733,-2.718635,2.410891,0.1092813,-3.100321,0.003132637,0.9825974,-0.1838212,-0.02650422,21.16644,183.2728,0.9769764,0.6432756,0.02820655,-0.7651147,-0.1181198,0.009734561,-0.4409444,3.997174,-0.7936079,-3.919807,-0.6501607,-0.2071995,1.991002,-0.9985755,0.01590032,0.05093427,-0.003587835,0.9323999,-0.3614106,-0.05323765,-0.3610784,-0.9310147,static,-14.34229,23.2864,-18.08442,-5.941267,-3.690011510768048,12.54285502031653
05/11/2023 10:30:18.990052,2574,True,True,True,True,Eyes,2.453831,0.111091,-3.076486,0.2260913,-0.3853462,-0.8946458,0.0,0.0,0.0,0.0,0.0,0.0,0.0,2.609039,-1.197303,-2.686821,2.40658,0.1092349,-3.10742,0.001027238,0.9823949,-0.1835893,-0.03455779,21.13971,184.1979,0.9034964,0.6413267,0.02820839,-0.7667488,-0.1110326,0.009150487,-0.4144877,3.979727,-0.7978541,-3.944442,-0.6501606,-0.2071998,1.991001,-0.9976096,0.01470719,0.06752162,-0.01067057,0.9325879,-0.3607854,-0.06827598,-0.3606433,-0.9302016,static,-14.18261,23.30275,-18.08442,-5.94128,-3.6706736672477076,12.548445199589041
05/11/2023 10:30:19.010041,2575,True,True,True,True,Eyes,2.452925,0.11111,-3.078203,0.2231041,-0.385669,-0.8952564,0.0,0.0,0.0,0.0,0.0,0.0,0.0,2.647602,-1.179159,-2.661056,2.402004,0.109942,-3.114436,-0.0002458634,0.9823971,-0.1820862,-0.04172063,20.96406,185.0306,0.9026297,0.6395403,0.0282101,-0.7682396,-0.1043706,0.008601458,-0.3896185,3.962003,-0.8032564,-3.968366,-0.6501598,-0.2071999,1.991,-0.9965189,0.01471042,0.08206197,-0.01567657,0.9336891,-0.3577414,-0.08188289,-0.3577824,-0.9302083,static,-13.99347,23.30598,-18.08442,-5.941284,-3.6472352051420818,12.550380465366954
05/11/2023 10:30:19.029714,2576,True,True,True,True,Eyes,2.45186,0.1111332,-3.080161,0.2196143,-0.3859235,-0.8960093,0.0,0.0,0.0,0.0,0.0,0.0,0.0,2.688966,-1.153369,-2.635338,2.397113,0.1097737,-3.122115,-0.002193867,0.9824248,-0.1800123,-0.04931916,20.72688,185.8985,0.8237085,0.6378945,0.02821146,-0.7696066,-0.09810838,0.00808537,-0.3662414,3.945618,-0.8058606,-3.992603,-0.6501603,-0.2071999,1.991001,-0.9951256,0.01344549,0.09769456,-0.02206673,0.9351815,-0.3534807,-0.09611487,-0.3539135,-0.9303263,static,-13.77185,23.30221,-18.08442,-5.941282,-3.619522290448053,12.550454077553326
05/11/2023 10:30:19.045085,2577,True,True,True,True,Eyes,2.450636,0.111133,-3.082345,0.2156991,-0.3861599,-0.8968581,0.0,0.0,0.0,0.0,0.0,0.0,0.0,2.729814,-1.128549,-2.608046,2.392213,0.1098273,-3.129323,-0.00470132,0.9822693,-0.1786078,-0.05678451,20.57393,186.7398,0.6761669,0.6363704,0.02821256,-0.7708671,-0.09222188,0.007600248,-0.3442669,3.929758,-0.8055282,-4.017383,-0.6501603,-0.2071999,1.991001,-0.993507,0.01104839,0.1132347,-0.02952023,0.9361543,-0.3503479,-0.109876,-0.3514158,-0.9297497,static,-13.5231,23.29525,-18.08442,-5.941282,-3.588326743225289,12.549744308183545
05/11/2023 10:30:19.070268,2578,True,True,True,True,Eyes,2.44926,0.111117,-3.084735,0.2112669,-0.3865728,-0.8977348,0.0,0.0,0.0,0.0,0.0,0.0,0.0,2.773762,-1.107501,-2.574264,2.387144,0.109166,-3.136363,-0.007627961,0.9817666,-0.1785267,-0.06484196,20.58107,187.6482,0.5002887,0.6349517,0.0282128,-0.7720362,-0.08668856,0.007144233,-0.3236109,3.913685,-0.8040073,-4.043322,-0.6501603,-0.2071999,1.991,-0.9914747,0.00817429,0.1300429,-0.0381298,0.9361401,-0.3495539,-0.1245957,-0.3515324,-0.9278475,moving,-13.24265,23.29716,-18.08443,-5.941284,-3.553477944270595,12.551777651974238
05/11/2023 10:30:19.079929,2579,True,True,True,True,Eyes,2.447754,0.1111165,-3.087298,0.2064913,-0.3871985,-0.8985759,0.0,0.0,0.0,0.0,0.0,0.0,0.0,2.8201,-1.09164,-2.533883,2.382113,0.1086512,-3.143077,-0.01103847,0.9808744,-0.1799579,-0.07334211,20.77207,188.6056,0.2906025,0.6336228,0.02821184,-0.7731273,-0.08148725,0.006715579,-0.3041942,3.894089,-0.8012643,-4.0718,-0.6467713,-0.2050511,1.991276,-0.9889985,0.004742266,0.1478517,-0.04805168,0.9349867,-0.3514129,-0.1399058,-0.3546512,-0.9244726,moving,-12.94179,23.31133,-17.99392,-5.879294,-3.516493285385868,12.55747908862859
05/11/2023 10:30:19.090471,2580,True,True,True,True,Eyes,2.446092,0.1111204,-3.090034,0.2014532,-0.3879299,-0.8994037,0.0,0.0,0.0,0.0,0.0,0.0,0.0,2.85425,-1.095816,-2.496949,2.377474,0.1089747,-3.149293,-0.01284168,0.9797437,-0.1831369,-0.0799907,21.15602,189.3825,0.2540644,0.6323706,0.02821014,-0.7741519,-0.07659801,0.006312644,-0.2859426,3.873782,-0.8017261,-4.098567,-0.6437504,-0.2031358,1.991521,-0.9868734,0.004135383,0.1614443,-0.0544616,0.932592,-0.3568,-0.1520372,-0.3609088,-0.9201251,moving,-12.62503,23.33146,-17.91319,-5.824046,-3.477726139081395,12.564995227705534
05/11/2023 10:30:19.109707,2581,True,True,True,True,Eyes,2.444272,0.111141,-3.092915,0.1963015,-0.3888508,-0.9001449,0.0,0.0,0.0,0.0,0.0,0.0,0.0,2.88494,-1.09313,-2.465645,2.372091,0.1090576,-3.15571,-0.01425259,0.9788995,-0.1846946,-0.08625913,21.34936,190.1175,0.2435772,0.631183,0.02820789,-0.7751205,-0.07200213,0.005933885,-0.268786,3.853236,-0.8028138,-4.124835,-0.6405573,-0.201111,1.991781,-0.9847126,0.003959486,0.1741428,-0.0597669,0.9313695,-0.3591361,-0.1636132,-0.3640538,-0.9168947,moving,-12.30232,23.36371,-17.8278,-5.765638,-3.438618565472206,12.576062562321678
05/11/2023 10:30:19.120151,2582,True,True,True,True,Eyes,2.442285,0.1111818,-3.095948,0.1908779,-0.38978,-0.9009091,0.0,0.0,0.0,0.0,0.0,0.0,0.0,2.904622,-1.101888,-2.440897,2.366455,0.1094511,-3.161783,-0.01521385,0.9779465,-0.187543,-0.09064752,21.68924,190.6416,0.2616894,0.6300494,0.02820555,-0.7760423,-0.067682,0.005577852,-0.2526588,3.830987,-0.8081653,-4.147374,-0.6374358,-0.1991315,1.992036,-0.9831033,0.004243965,0.1830033,-0.06375727,0.9291923,-0.3640559,-0.1715903,-0.3695723,-0.9132215,moving,-11.9625,23.39581,-17.74426,-5.708538,-3.397376096269883,12.587176545966377
05/11/2023 10:30:19.139963,2583,True,True,True,True,Eyes,2.440147,0.1112557,-3.099115,0.1852338,-0.3907159,-0.9016815,0.0,0.0,0.0,0.0,0.0,0.0,0.0,2.931736,-1.095128,-2.413745,2.36051,0.1098337,-3.168039,-0.01822474,0.9769572,-0.1897315,-0.09604508,21.9761,191.2395,0.05165026,0.6289604,0.02820363,-0.7769254,-0.06362108,0.005243181,-0.2374993,3.810031,-0.8162099,-4.167355,-0.634066,-0.1969946,1.99231,-0.9808866,0.0008359682,0.1945794,-0.07205512,0.9273396,-0.3672182,-0.1807482,-0.3742198,-0.9095549,moving,-11.60885,23.42801,-17.65402,-5.646907,-3.3544152991333536,12.598392488724116
05/11/2023 10:30:19.160083,2584,True,True,True,True,Eyes,2.437872,0.1113444,-3.102403,0.1792424,-0.3915395,-0.9025348,0.0,0.0,0.0,0.0,0.0,0.0,0.0,2.966635,-1.072604,-2.38316,2.354756,0.1104993,-3.173918,-0.02243652,0.9760492,-0.1904697,-0.1026939,22.11234,191.9559,359.7107,0.6279073,0.02820292,-0.7777767,-0.05980382,0.00492859,-0.2232493,3.786495,-0.8229504,-4.189398,-0.6308793,-0.1949745,1.992569,-0.9779015,-0.004678137,0.2090155,-0.08291846,0.9264358,-0.3672075,-0.1919216,-0.3764238,-0.9063508,moving,-11.23272,23.45226,-17.56862,-5.588648,-3.3083935279847267,12.607418159784556
05/11/2023 10:30:19.170142,2585,True,True,True,True,Eyes,2.435452,0.1114321,-3.105803,0.173096,-0.3922721,-0.903416,0.0,0.0,0.0,0.0,0.0,0.0,0.0,2.998197,-1.050016,-2.355764,2.34925,0.1108009,-3.179636,-0.02526856,0.9753989,-0.1899107,-0.1090527,22.08542,192.6637,359.5132,0.6268831,0.02820368,-0.7786024,-0.05621559,0.004632875,-0.2098544,3.762654,-0.8319034,-4.20971,-0.6277373,-0.1929817,1.992825,-0.9749381,-0.007873316,0.2223373,-0.09071438,0.9265909,-0.3649661,-0.2031422,-0.3759885,-0.9040831,moving,-10.84651,23.47096,-17.48436,-5.531177,-3.2609336587268367,12.614885176032226
05/11/2023 10:30:19.190121,2586,True,True,True,True,Eyes,2.432882,0.1115183,-3.109312,0.1666407,-0.3926856,-0.9044495,0.0,0.0,0.0,0.0,0.0,0.0,0.0,3.020985,-1.03618,-2.334588,2.343385,0.1108793,-3.185369,-0.02615027,0.9749869,-0.1888485,-0.11425,21.97642,193.2729,359.5156,0.6258817,0.02820573,-0.7794076,-0.05284265,0.004354903,-0.1972631,3.738678,-0.8372053,-4.231408,-0.6245362,-0.1909518,1.993086,-0.972526,-0.007840445,0.2326614,-0.09414423,0.9273049,-0.3622742,-0.2129077,-0.3742249,-0.9025663,moving,-10.43941,23.46908,-17.39845,-5.472639,-3.210193644650892,12.616485601390828
05/11/2023 10:30:19.210086,2587,True,True,True,True,Eyes,2.430151,0.1115972,-3.112926,0.1600108,-0.3929884,-0.9055146,0.0,0.0,0.0,0.0,0.0,0.0,0.0,3.041157,-1.021762,-2.316402,2.337205,0.1109643,-3.191161,-0.02684908,0.9746718,-0.1874027,-0.1190562,21.82083,193.8366,359.5238,0.6248968,0.02820891,-0.7801973,-0.04967209,0.004093608,-0.1854273,3.713032,-0.8419062,-4.254287,-0.6213343,-0.188922,1.993346,-0.9702097,-0.007715175,0.2421446,-0.09696098,0.9283187,-0.3589192,-0.2220182,-0.3717054,-0.9014118,moving,-10.02112,23.46058,-17.31248,-5.414111,-3.1578420174300015,12.616222480738706
05/11/2023 10:30:19.220266,2588,True,True,True,True,Eyes,2.427269,0.1116635,-3.116631,0.1530103,-0.3930138,-0.9067127,0.0,0.0,0.0,0.0,0.0,0.0,0.0,3.065723,-1.002997,-2.293473,2.330674,0.1108665,-3.196928,-0.02801351,0.9742275,-0.1858352,-0.1247453,21.65893,194.4966,359.4933,0.6239231,0.02821292,-0.780976,-0.04669177,0.003847992,-0.1743017,3.687823,-0.8429676,-4.278522,-0.6178762,-0.1867296,1.993625,-0.9673079,-0.008218911,0.2534724,-0.1009472,0.929361,-0.3551024,-0.2326488,-0.3690807,-0.8998079,moving,-9.57858,23.43427,-17.21957,-5.350901,-3.1018834535869306,12.610914932912088
05/11/2023 10:30:19.240778,2589,True,True,True,True,Eyes,2.351261,0.1129491,-3.211317,-0.02689264,-0.3856085,-0.9222705,0.0,0.0,0.0,0.0,0.0,0.0,0.0,3.089281,-0.9845777,-2.27081,2.324199,0.1106304,-3.202419,-0.029135,0.9737599,-0.1843038,-0.1302882,21.5016,195.1398,359.4633,0.622956,0.02821739,-0.7817476,-0.04389026,0.003617112,-0.1638436,3.66381,-0.8418584,-4.302804,-0.6149784,-0.1848915,1.993863,-0.9643524,-0.008715786,0.2644782,-0.1047662,0.9303665,-0.3513434,-0.2429994,-0.3665271,-0.8981142,moving,1.670224,22.69019,-17.14163,-5.297905,-1.6770007262317188,12.454131749002803
05/11/2023 10:30:19.260048,2590,True,True,True,True,Eyes,2.350977,0.1128996,-3.211551,-0.02758839,-0.3853687,-0.9223502,0.0,0.0,0.0,0.0,0.0,0.0,0.0,3.109113,-0.9699765,-2.250637,2.317393,0.1103352,-3.207854,-0.02994944,0.973295,-0.1830553,-0.135243,21.37278,195.7196,359.4594,0.6196684,0.02823503,-0.7843554,-0.2692811,0.007256946,-0.4380725,3.640574,-0.8390549,-4.32713,-0.6116136,-0.1827575,1.994137,-0.9616246,-0.008785376,0.2742275,-0.1078132,0.9311876,-0.3482326,-0.2522979,-0.3644344,-0.8964001,moving,1.713262,22.67574,-17.05109,-5.236382,-1.6711659246266657,12.450162173133034
05/11/2023 10:30:19.270175,2591,True,True,True,True,Eyes,2.350417,0.1128523,-3.212001,-0.02867734,-0.3850779,-0.9224384,0.0,0.0,0.0,0.0,0.0,0.0,0.0,3.130609,-0.9535003,-2.228299,2.310351,0.1090811,-3.213341,-0.03101975,0.9727126,-0.1819588,-0.1405667,21.2666,196.3397,359.4348,0.616783,0.02824871,-0.7866257,-0.2531242,0.006821529,-0.4117882,3.617665,-0.8347478,-4.352154,-0.6085368,-0.1808072,1.994386,-0.9585576,-0.009191909,0.2847506,-0.1115013,0.9318575,-0.3452666,-0.2621734,-0.362708,-0.894264,moving,1.780674,22.65841,-16.96825,-5.180166,-1.6622018093871027,12.445484713417262
05/11/2023 10:30:19.295110,2592,True,True,True,True,Eyes,2.349578,0.1127778,-3.212658,-0.03038299,-0.3846337,-0.9225692,0.0,0.0,0.0,0.0,0.0,0.0,0.0,3.151819,-0.9402192,-2.204111,2.30321,0.1091095,-3.218601,-0.03173215,0.9720877,-0.1809079,-0.1459831,21.16047,196.9793,359.4548,0.6141651,0.0282595,-0.788671,-0.2379368,0.006412237,-0.3870809,3.594653,-0.8312073,-4.37655,-0.6053907,-0.1788126,1.994641,-0.9553642,-0.008873893,0.2952979,-0.1145118,0.9325309,-0.3424519,-0.2723355,-0.3609813,-0.8919229,moving,1.886242,22.63203,-16.88349,-5.122674,-1.648188962839195,12.438380176530796
05/11/2023 10:30:19.310980,2593,True,True,True,True,Eyes,2.348467,0.112687,-3.213511,-0.03244407,-0.3842098,-0.9226756,0.0,0.0,0.0,0.0,0.0,0.0,0.0,3.170474,-0.9307857,-2.181152,2.295733,0.1083938,-3.223904,-0.03217374,0.9714082,-0.1803398,-0.1510247,21.10542,197.5821,359.5064,0.611782,0.02826707,-0.7905208,-0.2236606,0.006027503,-0.363856,3.572927,-0.8288811,-4.398627,-0.6022825,-0.1768411,1.994895,-0.9523128,-0.008036171,0.3050176,-0.1169792,0.9328849,-0.340649,-0.2818088,-0.3600851,-0.8893381,moving,2.013864,22.60725,-16.79968,-5.065847,-1.6314835591067145,12.431856581048136
05/11/2023 10:30:19.330004,2594,True,True,True,True,Eyes,2.347086,0.1125641,-3.21454,-0.03504378,-0.3837827,-0.9227582,0.0,0.0,0.0,0.0,0.0,0.0,0.0,3.190785,-0.9223647,-2.154654,2.288149,0.1079454,-3.229105,-0.03267828,0.9705773,-0.1800785,-0.1564723,21.08709,198.2354,359.5653,0.6096045,0.02827138,-0.792201,-0.2102409,0.005665853,-0.3420247,3.552213,-0.8275961,-4.419025,-0.5990341,-0.1747812,1.99516,-0.9488971,-0.00707904,0.3155061,-0.1197882,0.9330077,-0.3393336,-0.2919675,-0.3597866,-0.8861763,moving,2.174888,22.58283,-16.71205,-5.006479,-1.6106319894058334,12.425613644394838
05/11/2023 10:30:19.340188,2595,True,True,True,True,Eyes,2.345443,0.1124269,-3.215744,-0.03796307,-0.3833486,-0.9228231,0.0,0.0,0.0,0.0,0.0,0.0,0.0,3.208715,-0.9162735,-2.129441,2.280328,0.1070714,-3.233971,-0.03291478,0.9697475,-0.1799959,-0.1615796,21.0841,198.8547,359.6518,0.6076068,0.02827201,-0.7937344,-0.1976265,0.005325901,-0.3215032,3.53041,-0.8262252,-4.440057,-0.5957716,-0.172713,1.995425,-0.9456173,-0.005670704,0.3252319,-0.1220054,0.9330361,-0.3384644,-0.3015338,-0.3597379,-0.882987,moving,2.355704,22.55842,-16.62399,-4.946881,-1.5873169387439134,12.419477963748857
05/11/2023 10:30:19.359726,2596,True,True,True,True,Eyes,2.343503,0.1122907,-3.217131,-0.04137635,-0.3828924,-0.9228659,0.0,0.0,0.0,0.0,0.0,0.0,0.0,3.226843,-0.9098263,-2.103894,2.27247,0.1066695,-3.239006,-0.03271354,0.9689831,-0.1793309,-0.1668601,21.0053,199.5008,359.782,0.6057649,0.02826901,-0.7951411,-0.1857689,0.005006347,-0.302213,3.508806,-0.8239955,-4.461109,-0.5926244,-0.1707171,1.995681,-0.9421753,-0.003551359,0.3351023,-0.1232441,0.9335405,-0.3366201,-0.3116361,-0.3584544,-0.8799965,moving,2.567116,22.53332,-16.53897,-4.889365,-1.5601703516413232,12.41330321220427
05/11/2023 10:30:19.379814,2597,True,True,True,True,Eyes,2.34129,0.1121214,-3.218676,-0.04506269,-0.3823966,-0.9228988,0.0,0.0,0.0,0.0,0.0,0.0,0.0,3.242517,-0.9059593,-2.080103,2.263505,0.1066853,-3.244482,-0.03216463,0.9682521,-0.1786051,-0.1719116,20.91168,200.1258,359.9461,0.6040565,0.02826281,-0.7964399,-0.1746228,0.004705966,-0.2840802,3.485622,-0.8209925,-4.483414,-0.5893246,-0.1686247,1.99595,-0.9388238,-0.0008783735,0.344397,-0.1236955,0.9341313,-0.3348106,-0.321418,-0.3569285,-0.8770934,moving,2.79538,22.50633,-16.44978,-4.829077,-1.5308635231063394,12.406668428048402
05/11/2023 10:30:19.389710,2598,True,True,True,True,Eyes,2.338793,0.1119426,-3.220367,-0.04913591,-0.3818833,-0.9229034,0.0,0.0,0.0,0.0,0.0,0.0,0.0,3.257471,-0.9007205,-2.057238,2.254825,0.1058368,-3.249493,-0.0313543,0.9675887,-0.1775019,-0.1768676,20.76824,200.7414,0.129451,0.6024627,0.02825294,-0.7976465,-0.1641454,0.004423609,-0.2670354,3.460819,-0.8194134,-4.505582,-0.5862503,-0.1666752,1.9962,-0.9354695,0.002112537,0.353401,-0.1234648,0.93502,-0.3324065,-0.3311393,-0.3545887,-0.8744219,moving,3.047583,22.47902,-16.36663,-4.772911,-1.49856607529925,12.40006692784329
05/11/2023 10:30:19.409863,2599,True,True,True,True,Eyes,2.336023,0.1117498,-3.222194,-0.05340263,-0.3813334,-0.9228938,0.0,0.0,0.0,0.0,0.0,0.0,0.0,3.271485,-0.8932022,-2.035746,2.245603,0.1055078,-3.254353,-0.03105597,0.9669209,-0.1763629,-0.1816471,20.63053,201.324,0.2457611,0.6009659,0.02823959,-0.7987755,-0.1542967,0.004158192,-0.2510133,3.437097,-0.8170416,-4.527123,-0.5829881,-0.1646066,1.996465,-0.9320798,0.004014248,0.362231,-0.1241289,0.9358633,-0.3297754,-0.3403225,-0.3523403,-0.8718011,moving,3.311689,22.45008,-16.27834,-4.713319,-1.4647330497757045,12.39305480957758
05/11/2023 10:30:19.419870,2600,True,True,True,True,Eyes,2.33298,0.1115391,-3.224153,-0.05800439,-0.3807349,-0.9228632,0.0,0.0,0.0,0.0,0.0,0.0,0.0,3.284991,-0.8824081,-2.016101,2.236353,0.1050009,-3.259167,-0.03149405,0.9662285,-0.1753546,-0.1861756,20.52354,201.8616,0.2711845,0.5995506,0.02822278,-0.7998388,-0.1450389,0.0039087,-0.2359525,3.411679,-0.8118013,-4.550791,-0.5797864,-0.1625762,1.996726,-0.9286937,0.004432624,0.3708217,-0.1261544,0.9365178,-0.3271384,-0.3487312,-0.3505921,-0.869179,moving,3.596461,22.419,-16.19164,-4.654834,-1.4282567400605326,12.38553016409176
05/11/2023 10:30:19.444958,2601,True,True,True,True,Eyes,2.329683,0.1112874,-3.226217,-0.06278317,-0.3801439,-0.922794,0.0,0.0,0.0,0.0,0.0,0.0,0.0,3.299854,-0.8708652,-1.993887,2.226859,0.1043721,-3.26393,-0.03213931,0.9654053,-0.1745214,-0.1910549,20.44135,202.4396,0.2831938,0.5982022,0.02820247,-0.8008485,-0.1363365,0.003674178,-0.2217953,3.383368,-0.8051881,-4.576087,-0.5764843,-0.1604823,1.996996,-0.9249302,0.004631407,0.3801089,-0.1287412,0.9370188,-0.3246869,-0.3576729,-0.3492484,-0.8660806,moving,3.892174,22.38915,-16.10215,-4.594523,-1.390459058112849,12.378420414144784
05/11/2023 10:30:19.460147,2602,True,True,True,True,Eyes,2.329683,0.1112874,-3.226217,-0.06278317,-0.3801439,-0.922794,0.0,0.0,0.0,0.0,0.0,0.0,0.0,3.312841,-0.8631603,-1.972123,2.21753,0.1031742,-3.268202,-0.03237123,0.9645639,-0.1740503,-0.1956399,20.39141,202.9934,0.3456177,0.5969095,0.02817803,-0.8018133,-0.1281563,0.003453728,-0.2084876,3.355414,-0.7996261,-4.601532,-0.5733789,-0.1585131,1.997248,-0.9213545,0.00565412,0.3886828,-0.1305506,0.9373172,-0.3230991,-0.3661459,-0.3484315,-0.8628632,moving,3.892174,22.38915,-16.01795,-4.537813,-1.390459058112849,12.378420414144784
05/11/2023 10:30:19.470842,2603,True,True,True,True,Eyes,2.329683,0.1112874,-3.226217,-0.06278317,-0.3801439,-0.922794,0.0,0.0,0.0,0.0,0.0,0.0,0.0,3.325507,-0.8572519,-1.949475,2.20799,0.1017095,-3.272424,-0.03265039,0.9636186,-0.174022,-0.2002239,20.39294,203.5505,0.4133245,0.5957445,0.02815596,-0.80268,-0.120467,0.003246504,-0.1959784,3.322747,-0.7960805,-4.627322,-0.5701295,-0.1564531,1.997512,-0.9176889,0.006761686,0.3972427,-0.1326118,0.9373005,-0.322307,-0.3745151,-0.3484565,-0.8592536,moving,3.892174,22.38915,-15.92979,-4.478491,-1.390459058112849,12.378420414144784
05/11/2023 10:30:19.489663,2604,True,True,True,True,Eyes,2.329683,0.1112874,-3.226217,-0.06278317,-0.3801439,-0.922794,0.0,0.0,0.0,0.0,0.0,0.0,0.0,3.339635,-0.8517594,-1.923482,2.198591,0.1006302,-3.276355,-0.03288404,0.9625554,-0.1740675,-0.2051984,20.40138,204.1579,0.4970753,0.594695,0.02813605,-0.8034587,-0.113239,0.003051714,-0.1842197,3.295068,-0.7950974,-4.648304,-0.5670322,-0.1544887,1.997764,-0.9136246,0.008131336,0.4064777,-0.1347422,0.9372383,-0.3216037,-0.3835816,-0.3485947,-0.8551884,moving,3.892174,22.38915,-15.84571,-4.421928,-1.390459058112849,12.378420414144784
05/11/2023 10:30:19.510078,2605,True,True,True,True,Eyes,2.329683,0.1112874,-3.226217,-0.06278317,-0.3801439,-0.922794,0.0,0.0,0.0,0.0,0.0,0.0,0.0,3.352705,-0.8468813,-1.898281,2.189054,0.09927347,-3.280167,-0.03274817,0.9615422,-0.1738627,-0.2100852,20.37191,204.7601,0.6157499,0.5937497,0.0281181,-0.804158,-0.1064446,0.002868611,-0.1731665,3.267695,-0.7942352,-4.668869,-0.5638762,-0.1524884,1.99802,-0.9095836,0.01007447,0.4153991,-0.1360295,0.9373986,-0.3205929,-0.3926243,-0.3481125,-0.851272,moving,3.892174,22.38915,-15.75999,-4.364339,-1.390459058112849,12.378420414144784
05/11/2023 10:30:19.525866,2606,True,True,True,True,Eyes,2.329683,0.1112874,-3.226217,-0.06278317,-0.3801439,-0.922794,0.0,0.0,0.0,0.0,0.0,0.0,0.0,3.364849,-0.8442153,-1.874251,2.178902,0.1013599,-3.284788,-0.03225837,0.9606479,-0.1729886,-0.2149188,20.25679,205.3565,0.7560557,0.5928982,0.02810191,-0.8047866,-0.1000579,0.002696494,-0.1627765,3.238418,-0.7938119,-4.689855,-0.5606325,-0.1504313,1.998284,-0.9055389,0.01237915,0.4240833,-0.1363349,0.9380686,-0.3184964,-0.4017619,-0.3462282,-0.8477699,moving,3.892174,22.38915,-15.67183,-4.305121,-1.390459058112849,12.378420414144784
05/11/2023 10:30:19.545157,2607,True,True,True,True,Eyes,2.329683,0.1112874,-3.226217,-0.06278317,-0.3801439,-0.922794,0.0,0.0,0.0,0.0,0.0,0.0,0.0,3.369192,-0.8694946,-1.850248,2.16823,0.1066725,-3.289116,-0.02856996,0.9598268,-0.1732473,-0.2188647,20.18672,205.9186,1.281516,0.5921313,0.02808731,-0.8053514,-0.09405446,0.002534705,-0.1530099,3.207444,-0.7941417,-4.710358,-0.5574809,-0.1484333,1.998539,-0.9025642,0.02099101,0.4300438,-0.1306799,0.9383383,-0.3200688,-0.4102451,-0.3450807,-0.8441674,moving,3.892174,22.38915,-15.58614,-4.247611,-1.390459058112849,12.378420414144784
05/11/2023 10:30:19.560137,2608,True,True,True,True,Eyes,2.323484,0.1111898,-3.229329,-0.08823319,-0.3758023,-0.9224899,0.0,0.0,0.0,0.0,0.0,0.0,0.0,3.374542,-0.8944438,-1.822327,2.157646,0.1049912,-3.292715,-0.02464677,0.9586746,-0.1746181,-0.223258,20.23119,206.5537,1.875784,0.591441,0.02807415,-0.805859,-0.08841119,0.002382622,-0.1438293,3.177773,-0.7965629,-4.7287,-0.5542864,-0.146408,1.998798,-0.899097,0.03071332,0.4366712,-0.1252262,0.9378021,-0.3237987,-0.4194561,-0.345809,-0.839329,moving,5.463536,22.16491,-15.49922,-4.189319,-1.187442270487875,12.32158274106221
05/11/2023 10:30:19.580084,2609,True,True,True,True,Eyes,2.317111,0.1111928,-3.23244,-0.1132101,-0.3714137,-0.9215396,0.0,0.0,0.0,0.0,0.0,0.0,0.0,3.389527,-0.8814358,-1.793616,2.146729,0.106427,-3.295923,-0.02418784,0.9577366,-0.1721501,-0.2291718,19.92777,207.2628,1.985541,0.5906798,0.02806064,-0.8064176,-0.08310652,0.002239665,-0.1351996,3.151887,-0.7962477,-4.746034,-0.550852,-0.1442306,1.999078,-0.8937904,0.0325727,0.4473003,-0.125235,0.9395586,-0.3186625,-0.4306445,-0.3408352,-0.8356891,moving,7.003632,21.95121,-15.40571,-4.126658,-0.9886657179391789,12.267641189878681
05/11/2023 10:30:19.595164,2610,True,True,True,True,Eyes,2.310566,0.1111801,-3.235588,-0.137598,-0.3670067,-0.9199853,0.0,0.0,0.0,0.0,0.0,0.0,0.0,3.405512,-0.8743922,-1.759195,2.136276,0.1088874,-3.298682,-0.02453471,0.9563547,-0.1716254,-0.2352203,19.86539,207.9967,2.06029,0.5898529,0.02804942,-0.8070229,-0.07812013,0.002105285,-0.1270876,3.127192,-0.7930344,-4.763931,-0.5479233,-0.1423733,1.999316,-0.8881392,0.03381177,0.4583296,-0.1276673,0.9398855,-0.3167274,-0.4414864,-0.3398117,-0.8304326,moving,8.506415,21.74838,-15.32592,-4.073215,-0.794893060670296,12.216659715040763
05/11/2023 10:30:19.610356,2611,True,True,True,True,Eyes,2.303869,0.1112284,-3.238739,-0.1615169,-0.3626422,-0.9178251,0.0,0.0,0.0,0.0,0.0,0.0,0.0,3.424518,-0.8668302,-1.719424,2.125698,0.1085639,-3.302234,-0.0244424,0.9546996,-0.1711739,-0.2421792,19.79637,208.8532,2.207315,0.5889621,0.02803989,-0.8076736,-0.07343292,0.001978968,-0.1194623,3.100609,-0.7841283,-4.785024,-0.5445993,-0.1402651,1.999587,-0.8815038,0.03623921,0.4707845,-0.1295798,0.9402041,-0.3150004,-0.4540489,-0.3386782,-0.8240976,moving,9.980602,21.55949,-15.23531,-4.012556,-0.6051405470432246,12.16957584902214
05/11/2023 10:30:19.629820,2612,True,True,True,True,Eyes,2.297035,0.1113709,-3.241892,-0.184698,-0.3584677,-0.9150888,0.0,0.0,0.0,0.0,0.0,0.0,0.0,3.441395,-0.8579383,-1.682757,2.115451,0.1100875,-3.305098,-0.02546139,0.9530541,-0.1712615,-0.2484131,19.82161,209.6073,2.226915,0.588012,0.02803347,-0.8083658,-0.06902695,0.00186023,-0.1122946,3.072125,-0.7715048,-4.80749,-0.541476,-0.1382841,1.999842,-0.8752855,0.03655503,0.4822234,-0.1336193,0.9400425,-0.313793,-0.4647812,-0.3390928,-0.817921,moving,11.41105,21.39177,-15.15012,-3.955566,-0.421532025307073,12.12840944882073
05/11/2023 10:30:19.639908,2613,True,True,True,True,Eyes,2.29007,0.1115634,-3.245043,-0.2074752,-0.3543853,-0.9117923,0.0,0.0,0.0,0.0,0.0,0.0,0.0,3.460007,-0.8509099,-1.640572,2.105439,0.1125357,-3.307813,-0.02698648,0.9510657,-0.1722651,-0.2550897,19.96456,210.4207,2.22888,0.5870056,0.02803228,-0.8090969,-0.06488533,0.001748616,-0.1055569,3.040967,-0.762315,-4.829374,-0.5381888,-0.1361997,2.000111,-0.8684022,0.03655427,0.4945117,-0.1392179,0.939193,-0.3139029,-0.4759164,-0.3414388,-0.8105081,moving,12.81918,21.23956,-15.06041,-3.895604,-0.24121397790513,12.091629708607758
05/11/2023 10:30:19.660094,2614,True,True,True,True,Eyes,2.113478,0.1178521,-3.323672,-0.7175528,-0.1954666,-0.6685139,0.0,0.0,0.0,0.0,0.0,0.0,0.0,3.480333,-0.8362159,-1.597328,2.095483,0.1139065,-3.3105,-0.02873787,0.9490579,-0.1723268,-0.2622339,20.00904,211.2776,2.185441,0.5859464,0.02803709,-0.8098642,-0.06099221,0.001643699,-0.09922349,3.007665,-0.7482027,-4.853619,-0.5349597,-0.1341526,2.000372,-0.8608151,0.03583208,0.507655,-0.1449277,0.9389552,-0.3120242,-0.4878457,-0.3421683,-0.8030736,moving,47.02627,16.29838,-14.97225,-3.836728,4.18024380033022,10.836993399252597
05/11/2023 10:30:19.679959,2615,True,True,True,True,Eyes,2.113091,0.1178758,-3.323789,-0.7179235,-0.1953178,-0.6681592,0.0,0.0,0.0,0.0,0.0,0.0,0.0,3.49958,-0.8229279,-1.554738,2.086138,0.115628,-3.313024,-0.02948267,0.947197,-0.1714616,-0.2693508,19.91941,212.1388,2.225838,0.5792602,0.02830367,-0.8146508,-0.587109,0.02041115,-0.3291564,2.978401,-0.7361523,-4.873857,-0.5317698,-0.13213,2.000633,-0.8531621,0.03651485,0.5203669,-0.1482184,0.9394634,-0.3089333,-0.5001463,-0.3406981,-0.7961023,moving,47.0562,16.29481,-14.88509,-3.77856,4.184087540833061,10.83611442295308
05/11/2023 10:30:19.695108,2616,True,True,True,True,Eyes,2.112346,0.1179109,-3.324034,-0.7171975,-0.1954063,-0.6689127,0.0,0.0,0.0,0.0,0.0,0.0,0.0,3.514598,-0.8128739,-1.518514,2.076614,0.1162987,-3.315598,-0.02913145,0.9456509,-0.1699582,-0.2756995,19.72495,212.9164,2.351257,0.5737506,0.02852032,-0.8185331,-0.5518825,0.01918649,-0.3094071,2.949095,-0.7305209,-4.891852,-0.5286736,-0.1301662,2.000885,-0.8462825,0.03861842,0.5313331,-0.1488111,0.9405311,-0.3053792,-0.5115286,-0.3375053,-0.7902082,moving,46.99508,16.28442,-14.80046,-3.722092,4.176822131906967,10.832774764862272
05/11/2023 10:30:19.710091,2617,True,True,True,True,Eyes,2.111233,0.1179666,-3.324386,-0.7168049,-0.195273,-0.6693722,0.0,0.0,0.0,0.0,0.0,0.0,0.0,3.525366,-0.8085328,-1.488428,2.067057,0.1169046,-3.318275,-0.02729131,0.9444708,-0.1676507,-0.281289,19.39239,213.614,2.598511,0.569199,0.02869731,-0.8216985,-0.5187696,0.0180353,-0.2908426,2.918384,-0.7234608,-4.910106,-0.5253905,-0.1280847,2.001151,-0.8402637,0.04276491,0.5404893,-0.1458683,0.9422968,-0.3013289,-0.5221877,-0.3320359,-0.7855397,moving,46.9598,16.26332,-14.71067,-3.66225,4.173127115529691,10.826461006210138
05/11/2023 10:30:19.730033,2618,True,True,True,True,Eyes,2.109764,0.1180219,-3.324849,-0.7165469,-0.1950289,-0.6697196,0.0,0.0,0.0,0.0,0.0,0.0,0.0,3.533107,-0.8112443,-1.460729,2.057206,0.1176278,-3.320957,-0.02503912,0.9433019,-0.1661059,-0.2862927,19.13002,214.2557,2.904362,0.565424,0.02884311,-0.8242957,-0.4876434,0.01695318,-0.2733921,2.888085,-0.7251479,-4.922919,-0.5222824,-0.1261144,2.001403,-0.8348191,0.04787089,0.5484391,-0.1423487,0.9435638,-0.2990389,-0.5318026,-0.327713,-0.7808908,moving,46.93468,16.23608,-14.62562,-3.60561,4.17089964066631,10.818417669942347
05/11/2023 10:30:19.739782,2619,True,True,True,True,Eyes,2.107955,0.1180537,-3.325416,-0.7166208,-0.1947438,-0.6697235,0.0,0.0,0.0,0.0,0.0,0.0,0.0,3.542325,-0.8040874,-1.434444,2.047216,0.1177953,-3.323746,-0.02437551,0.9420672,-0.1645124,-0.2912919,18.91495,214.8677,3.024602,0.5622752,0.02896401,-0.8264425,-0.4583848,0.01593599,-0.2569885,2.855284,-0.7305632,-4.934721,-0.5191056,-0.1241004,2.001661,-0.8291097,0.04991551,0.5568532,-0.1417689,0.944683,-0.2957626,-0.540813,-0.3241641,-0.7761694,moving,46.93747,16.2135,-14.53865,-3.547724,4.171992652696783,10.811874818994648
05/11/2023 10:30:19.760164,2620,True,True,True,True,Eyes,2.107955,0.1180537,-3.325416,-0.7166208,-0.1947438,-0.6697235,0.0,0.0,0.0,0.0,0.0,0.0,0.0,3.555175,-0.7883995,-1.403397,2.037431,0.1172473,-3.326484,-0.02547504,0.940451,-0.1635681,-0.2968982,18.83128,215.5359,2.980328,0.5595888,0.02906603,-0.8282603,-0.4308817,0.01497983,-0.2415692,2.819789,-0.7355152,-4.946332,-0.5157735,-0.1219875,2.001932,-0.8224052,0.04921006,0.5667701,-0.1450422,0.945193,-0.2925285,-0.5501025,-0.3227825,-0.7701941,moving,46.93747,16.2135,-14.44737,-3.486999,4.171992652696783,10.811874818994648
05/11/2023 10:30:19.779717,2621,True,True,True,True,Eyes,2.107955,0.1180537,-3.325416,-0.7166208,-0.1947438,-0.6697235,0.0,0.0,0.0,0.0,0.0,0.0,0.0,3.568059,-0.7709858,-1.372676,2.027806,0.1164059,-3.329288,-0.02731662,0.9387261,-0.1631938,-0.3023493,18.83881,216.1822,2.870584,0.5571661,0.02915759,-0.8298888,-0.4050288,0.01408104,-0.2270751,2.782601,-0.7323061,-4.961172,-0.5126664,-0.1200168,2.002186,-0.8156775,0.04739742,0.576562,-0.1499687,0.9452432,-0.2898702,-0.5587305,-0.3229069,-0.7639055,moving,46.93747,16.2135,-14.36221,-3.430369,4.171992652696783,10.811874818994648
05/11/2023 10:30:19.789883,2622,True,True,True,True,Eyes,2.107955,0.1180537,-3.325416,-0.7166208,-0.1947438,-0.6697235,0.0,0.0,0.0,0.0,0.0,0.0,0.0,3.578906,-0.7604598,-1.342276,2.018229,0.1172201,-3.331903,-0.02903415,0.9369472,-0.1637056,-0.3073885,18.94235,216.7942,2.801891,0.5549816,0.02923977,-0.8313482,-0.3807271,0.01323618,-0.2134506,2.747412,-0.7240602,-4.976762,-0.5093003,-0.1178825,2.00246,-0.8093388,0.04623555,0.5855196,-0.1550494,0.944715,-0.2889176,-0.5665074,-0.3246166,-0.7574256,moving,46.93747,16.2135,-14.2699,-3.369049,4.171992652696783,10.811874818994648
05/11/2023 10:30:19.809884,2623,True,True,True,True,Eyes,2.107955,0.1180537,-3.325416,-0.7166208,-0.1947438,-0.6697235,0.0,0.0,0.0,0.0,0.0,0.0,0.0,3.589753,-0.7502409,-1.310787,2.008464,0.1166262,-3.334639,-0.03137823,0.9349287,-0.165334,-0.3123915,19.19326,217.4105,2.708323,0.5530125,0.02931356,-0.8326569,-0.3578835,0.01244201,-0.2006435,2.710992,-0.7142674,-4.993754,-0.5062776,-0.1159663,2.002705,-0.8028541,0.04462507,0.5945035,-0.1619707,0.9433602,-0.2895464,-0.5737519,-0.3287556,-0.7501525,moving,46.93747,16.2135,-14.18696,-3.314,4.171992652696783,10.811874818994648
05/11/2023 10:30:19.825381,2624,True,True,True,True,Eyes,2.107955,0.1180537,-3.325416,-0.7166208,-0.1947438,-0.6697235,0.0,0.0,0.0,0.0,0.0,0.0,0.0,3.602856,-0.7350223,-1.274783,1.998818,0.1169348,-3.337208,-0.03480593,0.9325967,-0.1672592,-0.3179251,19.51795,218.0822,2.519418,0.5512373,0.02937984,-0.8338308,-0.3364104,0.01169549,-0.1886049,2.675183,-0.7061956,-5.00865,-0.5029542,-0.1138586,2.002975,-0.7954243,0.041432,0.6046349,-0.1712716,0.9416258,-0.2898394,-0.5813484,-0.3341022,-0.7418959,moving,46.93747,16.2135,-14.09574,-3.253464,4.171992652696783,10.811874818994648
05/11/2023 10:30:19.840253,2625,True,True,True,True,Eyes,2.107955,0.1180537,-3.325416,-0.7166208,-0.1947438,-0.6697235,0.0,0.0,0.0,0.0,0.0,0.0,0.0,3.617353,-0.7165074,-1.235317,1.989574,0.1169343,-3.339545,-0.03931123,0.9299179,-0.170053,-0.3237119,19.98181,218.7842,2.25534,0.5496377,0.02943938,-0.834884,-0.3162258,0.01099376,-0.1772886,2.637453,-0.7038912,-5.020936,-0.4998966,-0.1119199,2.003225,-0.7873303,0.03698395,0.6154209,-0.1832088,0.9390732,-0.2908196,-0.588681,-0.3417217,-0.7325851,moving,46.93747,16.2135,-14.01176,-3.197784,4.171992652696783,10.811874818994648
05/11/2023 10:30:19.860028,2626,True,True,True,True,Eyes,2.103669,0.1180543,-3.326836,-0.7076949,-0.2015194,-0.677169,0.0,0.0,0.0,0.0,0.0,0.0,0.0,3.632462,-0.6953884,-1.194641,1.980631,0.1168028,-3.342001,-0.04398027,0.9271212,-0.1726573,-0.3296992,20.43527,219.5085,1.975324,0.5481962,0.02949287,-0.8358294,-0.2972522,0.01033413,-0.1666513,2.598188,-0.7069119,-5.030083,-0.4965617,-0.1098047,2.003496,-0.7787282,0.03229985,0.6265292,-0.1954,0.9365104,-0.2911479,-0.5961551,-0.349149,-0.7229757,moving,46.26274,16.57254,-13.92012,-3.137047,4.0761415517912605,10.91258780242224
05/11/2023 10:30:19.870649,2627,True,True,True,True,Eyes,2.099193,0.1180574,-3.328304,-0.6992489,-0.2081696,-0.683898,0.0,0.0,0.0,0.0,0.0,0.0,0.0,3.644467,-0.6835344,-1.156379,1.972083,0.1167251,-3.344223,-0.0473001,0.9244846,-0.1754587,-0.3351198,20.86211,220.1909,1.848556,0.5468043,0.02954183,-0.8367389,-0.2794171,0.009714084,-0.1566522,2.565504,-0.716706,-5.034206,-0.4932848,-0.1077266,2.003764,-0.770915,0.03014296,0.6362246,-0.2050558,0.9339538,-0.2927154,-0.6030277,-0.3561202,-0.7138181,moving,45.63588,16.92957,-13.83001,-3.077379,3.9863159374223756,11.012969443609418
05/11/2023 10:30:19.895460,2628,True,True,True,True,Eyes,2.094528,0.1180912,-3.32982,-0.691303,-0.2145319,-0.6899828,0.0,0.0,0.0,0.0,0.0,0.0,0.0,3.653458,-0.6782964,-1.122149,1.963231,0.1167625,-3.346512,-0.0490342,0.9221865,-0.1775137,-0.3400836,21.14644,220.8335,1.861835,0.545453,0.02958683,-0.8376188,-0.2626521,0.009131239,-0.1472531,2.531852,-0.7202098,-5.040729,-0.488865,-0.1049246,2.004122,-0.7638778,0.03030165,0.6446493,-0.2111764,0.9321691,-0.29405,-0.6098324,-0.3607529,-0.7056643,moving,45.05476,17.2717,-13.70844,-2.99695,3.902676344813199,11.109265068465703
05/11/2023 10:30:19.910100,2629,True,True,True,True,Eyes,2.089683,0.1181576,-3.331387,-0.6838681,-0.2206052,-0.6954551,0.0,0.0,0.0,0.0,0.0,0.0,0.0,3.662599,-0.6698648,-1.088195,1.954191,0.1174834,-3.348858,-0.05031907,0.9200322,-0.1782355,-0.3453128,21.26711,221.4971,1.875785,0.5441344,0.02962908,-0.8384744,-0.2468929,0.008583364,-0.1384179,2.507976,-0.7297627,-5.043477,-0.4870477,-0.1037723,2.00427,-0.7564542,0.03050365,0.653335,-0.2156843,0.9314002,-0.2932131,-0.6174604,-0.3627164,-0.6979824,moving,44.5187,17.59954,-13.65842,-2.963879,3.825117978940649,11.201648244629613
05/11/2023 10:30:19.929617,2630,True,True,True,True,Eyes,2.084666,0.1182231,-3.332999,-0.6769691,-0.2261849,-0.7003951,0.0,0.0,0.0,0.0,0.0,0.0,0.0,3.671118,-0.6610345,-1.056078,1.945246,0.1183485,-3.351326,-0.05103866,0.9180681,-0.1780809,-0.350476,21.26957,222.1484,1.913253,0.5428408,0.02966974,-0.8393109,-0.2320794,0.008068362,-0.1301128,2.480317,-0.7351587,-5.048033,-0.4840311,-0.1018595,2.004516,-0.7491235,0.03111222,0.6616996,-0.2185401,0.9313645,-0.2912051,-0.6253436,-0.3627564,-0.6909078,moving,44.02562,17.89729,-13.57536,-2.908984,3.7539037012396355,11.285519455229863
05/11/2023 10:30:19.945029,2631,True,True,True,True,Eyes,2.079478,0.1182986,-3.334656,-0.670572,-0.2314401,-0.7048181,0.0,0.0,0.0,0.0,0.0,0.0,0.0,3.678336,-0.6511571,-1.027996,1.936302,0.118377,-3.353752,-0.05136451,0.91636,-0.1772378,-0.3552926,21.18167,222.7503,1.954759,0.5415664,0.02970899,-0.8401325,-0.2181546,0.00758426,-0.1223061,2.448545,-0.7344173,-5.054784,-0.4808936,-0.09986949,2.004771,-0.7422578,0.03180584,0.6693594,-0.2200793,0.9318969,-0.2883285,-0.6329445,-0.3613262,-0.6847079,moving,43.57367,18.17855,-13.48894,-2.851884,3.6883540778097865,11.364818584445743
05/11/2023 10:30:19.960268,2632,True,True,True,True,Eyes,2.07412,0.1183576,-3.336356,-0.6647273,-0.2363055,-0.7087294,0.0,0.0,0.0,0.0,0.0,0.0,0.0,3.685426,-0.6411864,-0.9992518,1.927156,0.1187244,-3.356182,-0.05161426,0.9146154,-0.176226,-0.3602209,21.07214,223.3658,1.998802,0.5403057,0.02974723,-0.8409425,-0.2050653,0.007129204,-0.1149677,2.416394,-0.7298884,-5.062862,-0.4775541,-0.09775239,2.005043,-0.7351537,0.03254621,0.6771187,-0.221375,0.9325607,-0.285173,-0.6407356,-0.3595431,-0.6783705,moving,43.16501,18.43948,-13.39691,-2.791147,3.628864811643603,11.43844182876478
05/11/2023 10:30:19.979836,2633,True,True,True,True,Eyes,2.068601,0.1183792,-3.338095,-0.6593539,-0.2409645,-0.7121717,0.0,0.0,0.0,0.0,0.0,0.0,0.0,3.692233,-0.6316622,-0.9702897,1.917939,0.1183795,-3.35865,-0.05220735,0.9127302,-0.1758816,-0.3650532,21.04995,223.9764,2.033127,0.5390531,0.02978422,-0.8417447,-0.1927614,0.006701452,-0.1080696,2.386833,-0.7246314,-5.070968,-0.4744098,-0.09575963,2.005297,-0.7280214,0.0331098,0.6847547,-0.2237147,0.9326801,-0.2829479,-0.6480255,-0.3591818,-0.671604,moving,42.79462,18.69333,-13.31022,-2.733988,3.574373409389871,11.51021071367494
05/11/2023 10:30:19.989899,2634,True,True,True,True,Eyes,2.062925,0.1183847,-3.339873,-0.6544973,-0.2453156,-0.7151598,0.0,0.0,0.0,0.0,0.0,0.0,0.0,3.698916,-0.6210654,-0.9411716,1.908757,0.1175073,-3.361004,-0.0531038,0.9107555,-0.1758197,-0.3698539,21.07187,224.5844,2.04671,0.5378044,0.02981915,-0.8425419,-0.1811957,0.006299365,-0.1015855,2.358278,-0.7179316,-5.079448,-0.471289,-0.09378028,2.005551,-0.7207763,0.03332604,0.6923663,-0.2267843,0.9325348,-0.2809762,-0.6550195,-0.3595388,-0.6645911,moving,42.46401,18.9331,-13.22413,-2.677221,3.5252990167897353,11.578100298541735
05/11/2023 10:30:20.010093,2635,True,True,True,True,Eyes,2.057082,0.1183848,-3.341697,-0.6500701,-0.2494835,-0.7177513,0.0,0.0,0.0,0.0,0.0,0.0,0.0,3.704571,-0.6105808,-0.9153891,1.89948,0.117103,-3.363459,-0.05425139,0.9088978,-0.1758764,-0.3742048,21.11922,225.1332,2.02792,0.5365562,0.02985185,-0.8433361,-0.170324,0.005921403,-0.09549033,2.326028,-0.7108392,-5.087841,-0.4680465,-0.09172434,2.005815,-0.7140551,0.03300966,0.6993108,-0.2302455,0.9322485,-0.2791051,-0.6611446,-0.3603096,-0.6580765,moving,42.16726,19.16697,-13.13465,-2.618267,3.4806345391648934,11.644454961793592
05/11/2023 10:30:20.020521,2636,True,True,True,True,Eyes,2.051078,0.1183812,-3.343562,-0.6461532,-0.2533373,-0.7199349,0.0,0.0,0.0,0.0,0.0,0.0,0.0,3.710538,-0.5972782,-0.8893943,1.88984,0.1169387,-3.366107,-0.05567174,0.9069901,-0.1756423,-0.378708,21.148,225.693,1.969129,0.5353038,0.02988246,-0.8441306,-0.1601045,0.005566119,-0.08976091,2.294374,-0.7040359,-5.095532,-0.4648238,-0.08968061,2.006077,-0.706962,0.03204687,0.7065254,-0.2340217,0.9321008,-0.2764449,-0.6674122,-0.3607782,-0.6514602,moving,41.90849,19.38642,-13.04567,-2.559673,3.441174226228541,11.70682209368052
05/11/2023 10:30:20.045210,2637,True,True,True,True,Eyes,2.044927,0.1183585,-3.34547,-0.6426464,-0.2569574,-0.7217885,0.0,0.0,0.0,0.0,0.0,0.0,0.0,3.716785,-0.5791793,-0.8641939,1.88018,0.1167865,-3.368688,-0.05721398,0.9051633,-0.1745302,-0.3833342,21.08919,226.2507,1.856762,0.5340448,0.02991111,-0.8449267,-0.1504983,0.005232152,-0.08437525,2.26446,-0.6983567,-5.102403,-0.4615314,-0.08759332,2.006344,-0.6995627,0.03023077,0.7139312,-0.2373828,0.9325315,-0.2720925,-0.6739889,-0.3598208,-0.645188,moving,41.68036,19.59578,-12.95473,-2.499842,3.4058613595026355,11.76642048968656
05/11/2023 10:30:20.059986,2638,True,True,True,True,Eyes,2.03862,0.1182893,-3.347434,-0.6396308,-0.2603181,-0.7232614,0.0,0.0,0.0,0.0,0.0,0.0,0.0,3.723306,-0.5564045,-0.8404927,1.870708,0.116212,-3.371345,-0.05927214,0.9033596,-0.1731361,-0.3878817,21.02587,226.7853,1.671353,0.5327762,0.02993753,-0.8457263,-0.1414684,0.004918222,-0.07931274,2.233243,-0.6942992,-5.108742,-0.458419,-0.08561975,2.006597,-0.6920694,0.02722452,0.7213176,-0.2414008,0.9330214,-0.2668272,-0.680269,-0.3587895,-0.6391436,moving,41.48859,19.79495,-12.86871,-2.443279,3.3754112968412775,11.823251266633108
05/11/2023 10:30:20.079920,2639,True,True,True,True,Eyes,2.032176,0.1181781,-3.349447,-0.6370309,-0.2634834,-0.7244087,0.0,0.0,0.0,0.0,0.0,0.0,0.0,3.730494,-0.5311975,-0.8146443,1.860896,0.1149277,-3.374353,-0.06148022,0.9013678,-0.1716335,-0.392808,20.9596,227.3668,1.473026,0.531495,0.02996079,-0.8465313,-0.1329803,0.004623129,-0.07455397,2.200761,-0.6890384,-5.11436,-0.4548547,-0.08335936,2.006888,-0.6838443,0.02400541,0.7292331,-0.2456706,0.9335243,-0.26111,-0.687025,-0.3577096,-0.6324877,moving,41.32777,19.98744,-12.77016,-2.378506,3.349034656490086,11.87830525583863
05/11/2023 10:30:20.090091,2640,True,True,True,True,Eyes,2.025591,0.1180242,-3.351508,-0.634958,-0.2664028,-0.7251606,0.0,0.0,0.0,0.0,0.0,0.0,0.0,3.737021,-0.5116374,-0.7869868,1.851418,0.1137586,-3.377241,-0.06302457,0.8993061,-0.1705055,-0.3977494,20.90437,227.9703,1.366636,0.5301989,0.02998015,-0.8473429,-0.1250015,0.004345741,-0.07008073,2.17006,-0.6867667,-5.119002,-0.4519686,-0.08152902,2.007123,-0.6756468,0.02228015,0.7368889,-0.2489937,0.9339116,-0.2565373,-0.6939047,-0.3568092,-0.6254467,moving,41.20572,20.17185,-12.69032,-2.326066,3.3277511473802326,11.931217107277256
05/11/2023 10:30:20.111754,2641,True,True,True,True,Eyes,2.018855,0.1178413,-3.353624,-0.6332917,-0.2691519,-0.7256024,0.0,0.0,0.0,0.0,0.0,0.0,0.0,3.742579,-0.4984941,-0.7580209,1.84166,0.1125903,-3.380176,-0.06371757,0.8972007,-0.1696505,-0.4027281,20.83897,228.5995,1.367942,0.5288864,0.02999493,-0.8481622,-0.1175014,0.004084996,-0.06587589,2.137425,-0.6852857,-5.122612,-0.448776,-0.07950515,2.007382,-0.6675006,0.02231115,0.7442752,-0.2509809,0.9343176,-0.2530994,-0.7010362,-0.3557428,-0.6180578,moving,41.11383,20.35162,-12.60198,-2.268094,3.3103753468271275,11.982940451483262
05/11/2023 10:30:20.129726,2642,True,True,True,True,Eyes,2.011982,0.1176004,-3.355788,-0.6321122,-0.2717532,-0.7256612,0.0,0.0,0.0,0.0,0.0,0.0,0.0,3.748137,-0.4846945,-0.72825,1.83154,0.1117122,-3.38331,-0.06450256,0.8950036,-0.1687253,-0.4078479,20.771,229.246,1.358578,0.5275552,0.03000486,-0.8489904,-0.1104513,0.003839897,-0.06192334,2.105674,-0.6848729,-5.125382,-0.4455004,-0.07742828,2.007648,-0.6589991,0.02216845,0.7518171,-0.2530885,0.9347424,-0.2494049,-0.7082843,-0.3546338,-0.6103839,moving,41.05862,20.53045,-12.5113,-2.208612,3.297596706892824,12.034584198589558
05/11/2023 10:30:20.140084,2643,True,True,True,True,Eyes,2.004978,0.1173051,-3.358004,-0.6313394,-0.2742127,-0.7254087,0.0,0.0,0.0,0.0,0.0,0.0,0.0,3.754345,-0.4690462,-0.6946564,1.821661,0.1100759,-3.386309,-0.06563931,0.8924912,-0.1681913,-0.4133555,20.76178,229.9479,1.340854,0.5262042,0.03000895,-0.8498283,-0.1038242,0.003609503,-0.05820794,2.072746,-0.6818891,-5.128794,-0.4422967,-0.07539594,2.00791,-0.6496574,0.0218806,0.7599121,-0.2562106,0.9348063,-0.2459538,-0.7157522,-0.3544832,-0.6016978,moving,41.03378,20.70716,-12.42256,-2.150415,3.288668695100121,12.08577239039212
05/11/2023 10:30:20.159846,2644,True,True,True,True,Eyes,1.997861,0.1169469,-3.360273,-0.6310164,-0.2765798,-0.7247909,0.0,0.0,0.0,0.0,0.0,0.0,0.0,3.761359,-0.4460047,-0.6603489,1.811801,0.1084118,-3.389459,-0.06752286,0.8898584,-0.1671007,-0.4191299,20.73178,230.6646,1.219353,0.5248317,0.0300064,-0.8506767,-0.09759476,0.003392932,-0.05471546,2.039328,-0.6782234,-5.132492,-0.4390729,-0.07335234,2.008172,-0.6395414,0.01990216,0.7684988,-0.2602454,0.9350361,-0.2407902,-0.7233663,-0.3539936,-0.5928149,moving,41.04343,20.88682,-12.33324,-2.091908,3.2839367551412426,12.137999151163216
05/11/2023 10:30:20.170611,2645,True,True,True,True,Eyes,1.99064,0.1165287,-3.362591,-0.6310579,-0.2788504,-0.7238842,0.0,0.0,0.0,0.0,0.0,0.0,0.0,3.768651,-0.4212583,-0.6239939,1.802281,0.1064693,-3.392639,-0.06992947,0.8869775,-0.1665034,-0.425038,20.78211,231.4039,1.071833,0.523437,0.02999626,-0.8515359,-0.09173907,0.003189357,-0.05143254,2.006494,-0.6740419,-5.136052,-0.4360529,-0.0714376,2.008417,-0.6289052,0.01748886,0.7772854,-0.2655923,0.934773,-0.2359242,-0.7307115,-0.354815,-0.5832386,moving,41.08083,21.06739,-12.24953,-2.037101,3.282629227164187,12.19063649902429
05/11/2023 10:30:20.189844,2646,True,True,True,True,Eyes,1.983307,0.1160999,-3.364972,-0.6315113,-0.280992,-0.7226596,0.0,0.0,0.0,0.0,0.0,0.0,0.0,3.775064,-0.3978896,-0.5893641,1.79285,0.1045389,-3.395811,-0.07203275,0.8842086,-0.165728,-0.4307212,20.80132,232.1169,0.9427706,0.5220196,0.02997776,-0.8524063,0.0,0.0,0.0,1.974024,-0.6688973,-5.13942,-0.4328047,-0.06937772,2.008682,-0.6185812,0.01538122,0.7855703,-0.2701491,0.934691,-0.2310243,-0.737819,-0.3551284,-0.574027,moving,41.14927,21.24759,-12.15945,-1.978148,3.285197939147322,12.243330049606818
05/11/2023 10:30:20.209935,2647,True,True,True,True,Eyes,1.975869,0.1156516,-3.36744,-0.6323792,-0.2830223,-0.7211066,0.0,0.0,0.0,0.0,0.0,0.0,0.0,3.781552,-0.3713975,-0.555325,1.782922,0.1036974,-3.399543,-0.07455122,0.8813972,-0.1645538,-0.4364668,20.80281,232.8267,0.7493727,0.5205783,0.02995143,-0.853288,0.0,0.0,0.0,1.943207,-0.6642777,-5.142569,-0.4295729,-0.06732816,2.008946,-0.607878,0.01222602,0.7939364,-0.275063,0.9347284,-0.2249962,-0.7448657,-0.3551528,-0.5648379,moving,41.24936,21.42918,-12.06979,-1.919502,3.291660703549586,12.296594148736112
05/11/2023 10:30:20.220055,2648,True,True,True,True,Eyes,1.968332,0.1151701,-3.369982,-0.63362,-0.2849909,-0.7192398,0.0,0.0,0.0,0.0,0.0,0.0,0.0,3.789393,-0.345713,-0.5117626,1.77336,0.1027217,-3.403756,-0.07661103,0.8780279,-0.1633299,-0.4433072,20.77757,233.6929,0.6298273,0.5191126,0.02991754,-0.8541816,0.0,0.0,0.0,1.911016,-0.6605139,-5.144931,-0.4263951,-0.06531394,2.009203,-0.5952192,0.01027745,0.803498,-0.2793439,0.9349082,-0.218892,-0.7534465,-0.3547409,-0.5536043,moving,41.37869,21.61541,-11.98161,-1.861881,3.3016101806649436,12.351359937221076
05/11/2023 10:30:20.239939,2649,True,True,True,True,Eyes,1.960733,0.1146281,-3.372592,-0.6351871,-0.2868224,-0.7171264,0.0,0.0,0.0,0.0,0.0,0.0,0.0,3.795139,-0.3285471,-0.4713631,1.764,0.101499,-3.407522,-0.07762975,0.8749241,-0.1624705,-0.4495384,20.73792,234.5031,0.6269479,0.5176215,0.02987594,-0.8550876,0.0,0.0,0.0,1.879953,-0.6587,-5.146136,-0.4232013,-0.06328815,2.009463,-0.5837779,0.01023316,0.811849,-0.2819137,0.9351539,-0.2145036,-0.7613989,-0.3540938,-0.5430373,moving,41.53258,21.79947,-11.89293,-1.803937,3.3146886781080536,12.405625016876861
05/11/2023 10:30:20.259883,2650,True,True,True,True,Eyes,1.960733,0.1146281,-3.372592,-0.6351871,-0.2868224,-0.7171264,0.0,0.0,0.0,0.0,0.0,0.0,0.0,3.799763,-0.3184695,-0.4351568,1.755229,0.09957273,-3.411487,-0.07746111,0.8722045,-0.1614963,-0.4551683,20.62385,235.2489,0.728046,0.5161056,0.02982583,-0.8560051,0.0,0.0,0.0,1.84882,-0.658821,-5.146378,-0.4199507,-0.06122714,2.009728,-0.5736432,0.01189212,0.8190188,-0.2821398,0.9358374,-0.2111999,-0.7689801,-0.3522312,-0.5334817,moving,41.53258,21.79947,-11.80264,-1.744999,3.3146886781080536,12.405625016876861
05/11/2023 10:30:20.270096,2651,True,True,True,True,Eyes,1.960733,0.1146281,-3.372592,-0.6351871,-0.2868224,-0.7171264,0.0,0.0,0.0,0.0,0.0,0.0,0.0,3.802182,-0.3143594,-0.4106622,1.746285,0.09933895,-3.415358,-0.07650731,0.870362,-0.1598643,-0.459413,20.40027,235.8047,0.8380828,0.5147399,0.02978065,-0.8568286,0.0,0.0,0.0,1.816376,-0.6589391,-5.145641,-0.4167977,-0.05922753,2.009985,-0.566173,0.01370942,0.8241727,-0.2800656,0.9371801,-0.2079827,-0.7752496,-0.3485765,-0.5267665,moving,41.53258,21.79947,-11.71503,-1.687827,3.3146886781080536,12.405625016876861
05/11/2023 10:30:20.289855,2652,True,True,True,True,Eyes,1.960733,0.1146281,-3.372592,-0.6351871,-0.2868224,-0.7171264,0.0,0.0,0.0,0.0,0.0,0.0,0.0,3.803965,-0.3132614,-0.386476,1.735841,0.1015701,-3.419675,-0.07531656,0.868533,-0.1579286,-0.4637203,20.13199,236.366,0.954437,0.5135095,0.02973992,-0.8575681,0.0,0.0,0.0,1.78379,-0.6583163,-5.144905,-0.4136211,-0.05721414,2.010242,-0.5585821,0.0156396,0.8293021,-0.2772993,0.9387719,-0.2044808,-0.7817236,-0.3441841,-0.5200443,moving,41.53258,21.79947,-11.62674,-1.630273,3.3146886781080536,12.405625016876861
05/11/2023 10:30:20.310147,2653,True,True,True,True,Eyes,1.960733,0.1146281,-3.372592,-0.6351871,-0.2868224,-0.7171264,0.0,0.0,0.0,0.0,0.0,0.0,0.0,3.806103,-0.3164809,-0.3520222,1.725751,0.1046978,-3.423641,-0.0738811,0.8660489,-0.1568238,-0.4689426,19.93332,237.0735,1.16499,0.5124013,0.02970321,-0.858232,0.0,0.0,0.0,1.750373,-0.6516017,-5.145713,-0.4104584,-0.05520827,2.0105,-0.549269,0.01911345,0.835427,-0.275052,0.9398957,-0.2023422,-0.7890818,-0.3409262,-0.5109984,moving,41.53258,21.79947,-11.53879,-1.572945,3.3146886781080536,12.405625016876861
05/11/2023 10:30:20.329705,2654,True,True,True,True,Eyes,1.960733,0.1146281,-3.372592,-0.6351871,-0.2868224,-0.7171264,0.0,0.0,0.0,0.0,0.0,0.0,0.0,3.809421,-0.3024084,-0.3143258,1.715584,0.1045215,-3.427504,-0.07368757,0.863184,-0.1544531,-0.4750032,19.67269,237.8532,1.187797,0.5114037,0.02967015,-0.8588281,0.0,0.0,0.0,1.717863,-0.6456573,-5.144654,-0.4072694,-0.05318612,2.01076,-0.5378845,0.01951954,0.8427928,-0.2739432,0.9414288,-0.1966392,-0.7972677,-0.3366465,-0.5010328,moving,41.53258,21.79947,-11.45007,-1.515163,3.3146886781080536,12.405625016876861
05/11/2023 10:30:20.345084,2655,True,True,True,True,Eyes,1.960733,0.1146281,-3.372592,-0.6351871,-0.2868224,-0.7171264,0.0,0.0,0.0,0.0,0.0,0.0,0.0,3.812429,-0.2920844,-0.2700944,1.706136,0.1078697,-3.430792,-0.07346625,0.8599715,-0.1523547,-0.4814977,19.43815,238.7008,1.237097,0.5105048,0.02964034,-0.8593637,0.0,0.0,0.0,1.683795,-0.6508105,-5.140499,-0.404049,-0.05114359,2.011022,-0.5255259,0.02035915,0.8505344,-0.2730747,0.9427814,-0.1912938,-0.8057627,-0.3327891,-0.4898965,moving,41.53258,21.79947,-11.36046,-1.456812,3.3146886781080536,12.405625016876861
05/11/2023 10:30:20.359979,2656,True,True,True,True,Eyes,1.950506,0.1145834,-3.376019,-0.6541938,-0.288621,-0.6990911,0.0,0.0,0.0,0.0,0.0,0.0,0.0,3.813437,-0.293532,-0.2304387,1.696272,0.1095794,-3.433979,-0.07299231,0.8568278,-0.1527615,-0.4870136,19.4435,239.4739,1.440806,0.5096951,0.02961348,-0.8598451,0.0,0.0,0.0,1.644957,-0.6382613,-5.140368,-0.4007979,-0.04908341,2.011284,-0.5149801,0.02371019,0.8568744,-0.2738776,0.9426721,-0.1906842,-0.8122728,-0.3328772,-0.4789636,moving,43.09982,22.43337,-11.26996,-1.397969,3.4888524996808155,12.59798197096049
05/11/2023 10:30:20.380062,2657,True,True,True,True,Eyes,1.940302,0.1146092,-3.379436,-0.6725125,-0.2902193,-0.6808082,0.0,0.0,0.0,0.0,0.0,0.0,0.0,3.814933,-0.2886386,-0.1820226,1.68631,0.1116633,-3.437157,-0.07279535,0.8530854,-0.152366,-0.4936911,19.38044,240.3892,1.594085,0.5087329,0.02958984,-0.8604155,0.0,0.0,0.0,1.607384,-0.6323564,-5.136471,-0.3976461,-0.04708427,2.011541,-0.50194,0.02624215,0.8645043,-0.2746447,0.9429709,-0.1880855,-0.8201382,-0.3318392,-0.4661075,moving,44.64879,23.08789,-11.18219,-1.340881,3.6600610066876937,12.796230946272974
05/11/2023 10:30:20.389636,2658,True,True,True,True,Eyes,1.930125,0.1146684,-3.38284,-0.6900058,-0.29158,-0.662475,0.0,0.0,0.0,0.0,0.0,0.0,0.0,3.815828,-0.2849545,-0.1308846,1.67696,0.1134693,-3.440029,0.07253196,-0.849129,0.1523463,0.5005095,19.34948,241.3371,1.780987,0.5076337,0.02957089,-0.8610651,0.0,0.0,0.0,1.565683,-0.6293833,-5.131643,-0.394344,-0.04498988,2.011812,-0.4884588,0.02932358,0.8720942,-0.2756795,0.9430594,-0.1861175,-0.8278942,-0.3313292,-0.4525617,moving,46.16614,23.75609,-11.09019,-1.281085,3.8268815132167724,12.998286078799076
05/11/2023 10:30:20.410008,2659,True,True,True,True,Eyes,1.919956,0.1147601,-3.386223,-0.706798,-0.2925974,-0.6440679,0.0,0.0,0.0,0.0,0.0,0.0,0.0,3.815436,-0.2863472,-0.0882225,1.667711,0.1144932,-3.442813,0.07123008,-0.8458464,0.1517762,0.5063937,19.20199,242.1575,2.015768,0.506411,0.02955698,-0.8617852,0.0,0.0,0.0,1.528371,-0.6268684,-5.125948,-0.3911333,-0.04295456,2.012072,-0.4769839,0.03321756,0.8782843,-0.2742164,0.9437805,-0.1846177,-0.8350402,-0.3288995,-0.4410592,moving,47.65873,24.4321,-11.00072,-1.222989,3.990361842924374,13.202478803850514
05/11/2023 10:30:20.430068,2660,True,True,True,True,Eyes,1.909817,0.1148163,-3.389569,-0.722593,-0.2934243,-0.6259086,0.0,0.0,0.0,0.0,0.0,0.0,0.0,3.814049,-0.2892151,-0.05371809,1.657934,0.1154888,-3.445492,0.06950819,-0.8431422,0.150555,0.5114815,18.96454,242.8577,2.230165,0.5050766,0.02954844,-0.8625682,0.0,0.0,0.0,1.490349,-0.6271895,-5.117822,-0.387965,-0.04094613,2.012329,-0.4671109,0.03680165,0.8834327,-0.2712228,0.9450036,-0.1827742,-0.8415735,-0.3249829,-0.43144,moving,49.10096,25.11706,-10.91239,-1.165672,4.147277526335296,13.409005219924794
05/11/2023 10:30:20.445110,2661,True,True,True,True,Eyes,1.899665,0.1148524,-3.392887,-0.7377301,-0.2938733,-0.607777,0.0,0.0,0.0,0.0,0.0,0.0,0.0,3.81216,-0.2916069,-0.02213764,1.648748,0.114874,-3.447683,0.06775255,-0.8406144,0.1494471,0.5161808,18.7355,243.5073,2.443549,0.5036425,0.02954382,-0.8634066,0.0,0.0,0.0,1.450573,-0.6251097,-5.109961,-0.384838,-0.03896266,2.012584,-0.457934,0.04037587,0.8880687,-0.268191,0.9461504,-0.1813096,-0.8475671,-0.3211999,-0.422446,moving,50.51669,25.80477,-10.82519,-1.10908,4.300803533776883,13.616190556772484
05/11/2023 10:30:20.460181,2662,True,True,True,True,Eyes,1.889513,0.1149528,-3.396173,-0.7518728,-0.2942428,-0.5900072,0.0,0.0,0.0,0.0,0.0,0.0,0.0,3.810848,-0.28027,0.004470825,1.638474,0.1144634,-3.450135,0.06677589,-0.8383803,0.1459493,0.5209205,18.31807,244.0991,2.420244,0.5021175,0.02954221,-0.8642944,0.0,0.0,0.0,1.410483,-0.6187696,-5.102633,-0.3816257,-0.03692549,2.012846,-0.4483657,0.04008878,0.8929508,-0.2640232,0.9484796,-0.1751522,-0.8539673,-0.3142919,-0.4146814,moving,51.87813,26.50592,-10.73558,-1.050969,4.447127387042033,13.826992825432168
05/11/2023 10:30:20.480018,2663,True,True,True,True,Eyes,1.635442,0.1163357,-3.477411,-0.9659673,-0.2522076,-0.05743233,0.0,0.0,0.0,0.0,0.0,0.0,0.0,3.809101,-0.272831,0.03041506,1.628507,0.1161867,-3.452401,0.06614812,-0.8361404,0.1433858,0.5252945,18.01559,244.6595,2.411984,0.5005105,0.02954496,-0.8652259,0.0,0.0,0.0,1.372346,-0.6105988,-5.096796,-0.3784717,-0.034926,2.013102,-0.4393806,0.04002129,0.8974092,-0.2612578,0.9501299,-0.1702868,-0.8594703,-0.3092758,-0.4070128,moving,86.59744,77.17146,-10.64756,-0.9939444,7.095952307983592,28.724058901489975
05/11/2023 10:30:20.495883,2664,True,True,True,True,Eyes,1.635019,0.1162926,-3.477525,-0.9656307,-0.2531807,-0.05879588,0.0,0.0,0.0,0.0,0.0,0.0,0.0,3.80752,-0.2593801,0.04715109,1.618253,0.1151804,-3.454664,0.06681035,-0.8342588,0.1416863,0.5286527,17.88124,245.0864,2.308325,0.4886255,0.02968531,-0.8719881,-0.7622108,0.004148617,-0.2437155,1.33576,-0.5986069,-5.092747,-0.3752,-0.0328514,2.013368,-0.4321254,0.0383314,0.9009985,-0.2612799,0.9509227,-0.165767,-0.8631341,-0.3070449,-0.4009027,moving,86.51564,76.926,-10.55623,-0.9347914,7.093875667233765,28.652342456377067
05/11/2023 10:30:20.511923,2665,True,True,True,True,Eyes,1.634194,0.1162551,-3.477723,-0.9652899,-0.2542582,-0.05973446,0.0,0.0,0.0,0.0,0.0,0.0,0.0,3.806575,-0.2312172,0.07220268,1.607939,0.1143017,-3.4569,0.0692828,-0.8315784,0.1395567,0.5331052,17.81681,245.6427,2.020652,0.4789434,0.02979205,-0.8773397,-0.7164782,0.0038997,-0.2290926,1.301307,-0.589164,-5.088188,-0.372014,-0.03083122,2.013628,-0.4219974,0.03356864,0.9059753,-0.264025,0.9514476,-0.1582346,-0.8672998,-0.3059747,-0.3926455,moving,86.45892,76.77892,-10.46727,-0.8772032,7.091672142959509,28.60932922922823
05/11/2023 10:30:20.530128,2666,True,True,True,True,Eyes,1.632995,0.116208,-3.477994,-0.9648835,-0.255628,-0.06044948,0.0,0.0,0.0,0.0,0.0,0.0,0.0,3.804976,-0.2072118,0.09588528,1.597758,0.1142174,-3.458916,0.07237007,-0.8288298,0.1391818,0.5370591,17.96585,246.1655,1.779124,0.47105,0.0298734,-0.8816001,-0.6734895,0.003665718,-0.215347,1.268004,-0.5806877,-5.083737,-0.3688699,-0.02883714,2.013883,-0.4126602,0.02953277,0.9104061,-0.2694626,0.9507819,-0.152982,-0.8701158,-0.30845,-0.3843919,moving,86.41513,76.69542,-10.37944,-0.8203722,7.088978500352138,28.58484873298689
05/11/2023 10:30:20.539780,2667,True,True,True,True,Eyes,1.631438,0.1161467,-3.478319,-0.9644381,-0.2572257,-0.06077931,0.0,0.0,0.0,0.0,0.0,0.0,0.0,3.802491,-0.1934782,0.1185851,1.587753,0.1139134,-3.460707,0.07507987,-0.8260735,0.1407564,0.5405121,18.28316,246.6677,1.69695,0.4646048,0.02993507,-0.8850116,-0.6330801,0.003445775,-0.2024262,1.233975,-0.5761592,-5.077144,-0.3655777,-0.02675021,2.01415,-0.4044195,0.02811812,0.9141414,-0.2762041,0.9491013,-0.1513871,-0.8718695,-0.3137135,-0.3760687,moving,86.39397,76.70554,-10.28746,-0.7609085,7.08601018315814,28.587676163906373
05/11/2023 10:30:20.560003,2668,True,True,True,True,Eyes,1.62954,0.1160741,-3.478692,-0.963888,-0.2592157,-0.06104966,0.0,0.0,0.0,0.0,0.0,0.0,0.0,3.79931,-0.1867007,0.1402564,1.577834,0.1134815,-3.462203,0.07764396,-0.8233081,0.1438267,0.5435523,18.7376,247.1506,1.724876,0.4593288,0.02998119,-0.8877598,-0.5950953,0.003239029,-0.1902806,1.201644,-0.5746435,-5.069895,-0.3624412,-0.02476072,2.014406,-0.3970445,0.02850485,0.9173565,-0.2842045,0.9465706,-0.1524203,-0.8726874,-0.3212344,-0.3677294,moving,86.37591,76.74739,-10.19979,-0.7042341,7.082379895561039,28.599734793690786
05/11/2023 10:30:20.579807,2669,True,True,True,True,Eyes,1.627329,0.1159962,-3.479099,-0.9632577,-0.2615803,-0.06091247,0.0,0.0,0.0,0.0,0.0,0.0,0.0,3.79584,-0.1779139,0.163311,1.567827,0.113142,-3.463501,0.08058608,-0.8203471,0.1470741,0.5467228,19.23358,247.6573,1.735819,0.4549929,0.03001497,-0.8899887,-0.5593895,0.003044687,-0.1788638,1.171105,-0.5748121,-5.061612,-0.3591652,-0.02268386,2.014673,-0.3892005,0.02860037,0.9207091,-0.2930346,0.9437502,-0.1531871,-0.8733007,-0.3294201,-0.358927,moving,86.38167,76.89152,-10.1082,-0.6450846,7.078337076649379,28.641622615009698
05/11/2023 10:30:20.589852,2670,True,True,True,True,Eyes,1.624838,0.1159257,-3.479606,-0.9619154,-0.2645257,-0.0688829,0.0,0.0,0.0,0.0,0.0,0.0,0.0,3.7925,-0.1643983,0.1868978,1.558475,0.1128235,-3.464598,0.08540484,-0.8169724,0.1522819,0.5496112,20.0414,248.1609,1.69848,0.4514102,0.03003895,-0.8918104,-0.5258262,0.002862006,-0.168132,1.141519,-0.5811591,-5.051784,-0.3559568,-0.02065009,2.014933,-0.3812673,0.02784489,0.9240456,-0.3069385,0.9390324,-0.1549413,-0.8720231,-0.3426991,-0.3494757,moving,85.90404,75.40424,-10.01847,-0.5871767,7.067996221336631,28.207176562613334
05/11/2023 10:30:20.610052,2671,True,True,True,True,Eyes,1.62205,0.1158953,-3.480145,-0.9605385,-0.2675144,-0.07616963,0.0,0.0,0.0,0.0,0.0,0.0,0.0,3.789291,-0.1451071,0.2086287,1.549087,0.1127597,-3.465677,0.09001343,-0.8138154,0.1556165,0.5526171,20.65697,248.641,1.560643,0.4484272,0.03005542,-0.8933135,-0.4942766,0.002690285,-0.158044,1.110989,-0.5884433,-5.040133,-0.3526726,-0.0185675,2.0152,-0.373024,0.02548405,0.9274717,-0.3185013,0.9353622,-0.1538003,-0.8714413,-0.3527721,-0.3407959,moving,85.466,74.1067,-9.926594,-0.5278928,7.056317623915402,27.82804250630934
05/11/2023 10:30:20.629936,2672,True,True,True,True,Eyes,1.62205,0.1158953,-3.480145,-0.9605385,-0.2675144,-0.07616963,0.0,0.0,0.0,0.0,0.0,0.0,0.0,3.78566,-0.1271718,0.2330437,1.539459,0.1136025,-3.466823,0.09300702,-0.8108068,0.1565585,0.5562658,20.93757,249.17,1.432882,0.4458274,0.03006808,-0.8946134,-0.46462,0.002528868,-0.1485614,1.081484,-0.6003703,-5.026378,-0.3496752,-0.01666725,2.015443,-0.3638363,0.02335479,0.9311703,-0.3249976,0.9336783,-0.150404,-0.8729261,-0.3573506,-0.3321158,moving,85.466,74.1067,-9.84272,-0.4738121,7.056317623915402,27.82804250630934
05/11/2023 10:30:20.644896,2673,True,True,True,True,Eyes,1.62205,0.1158953,-3.480145,-0.9605385,-0.2675144,-0.07616963,0.0,0.0,0.0,0.0,0.0,0.0,0.0,3.781675,-0.1154048,0.256309,1.529916,0.1143607,-3.467905,0.0941314,-0.8082501,0.1559447,0.5599574,20.94699,249.6836,1.379377,0.4434845,0.03007925,-0.8957769,-0.4367428,0.002377136,-0.1396477,1.051769,-0.6119653,-5.012177,-0.3466218,-0.01473105,2.015691,-0.3551739,0.02248142,0.9345298,-0.3268083,0.9336411,-0.1466656,-0.8758127,-0.3575039,-0.3242579,moving,85.466,74.1067,-9.757254,-0.418721,7.056317623915402,27.82804250630934
05/11/2023 10:30:20.660924,2674,True,True,True,True,Eyes,1.61821,0.1159374,-3.480862,-0.9591583,-0.2683086,-0.08958705,0.0,0.0,0.0,0.0,0.0,0.0,0.0,3.777549,-0.1091665,0.2755284,1.520188,0.1147662,-3.468943,0.09382786,-0.806255,0.1542426,0.5633459,20.75868,250.1379,1.377899,0.4413731,0.03008914,-0.8968187,-0.4105382,0.002234508,-0.1312689,1.023653,-0.6233423,-4.997976,-0.3433068,-0.01262891,2.015961,-0.3476757,0.02248547,0.9373453,-0.3250822,0.9348111,-0.1430026,-0.8794564,-0.3544327,-0.3177015,moving,84.66396,71.53607,-9.664436,-0.3589226,7.041369859225829,27.07726540041084
05/11/2023 10:30:20.669583,2675,True,True,True,True,Eyes,1.614111,0.1159532,-3.481595,-0.9577531,-0.2688132,-0.102218,0.0,0.0,0.0,0.0,0.0,0.0,0.0,3.773136,-0.1057308,0.2942495,1.5103,0.1146717,-3.469894,0.09281448,-0.8043915,0.1521541,0.5667353,20.48643,250.5892,1.415717,0.4393823,0.0300998,-0.8977954,-0.3859059,0.002100438,-0.1233927,0.9957166,-0.630785,-4.985424,-0.3401124,-0.01060253,2.016223,-0.340393,0.02314383,0.9399982,-0.3217805,0.9364693,-0.1395804,-0.8835098,-0.3499854,-0.3113203,moving,83.90807,69.18037,-9.574965,-0.3012935,7.0250690825448325,26.389150420769216
05/11/2023 10:30:20.690334,2676,True,True,True,True,Eyes,1.609767,0.1159481,-3.482332,-0.9563283,-0.2690857,-0.1141447,0.0,0.0,0.0,0.0,0.0,0.0,0.0,3.76869,-0.1006524,0.3119922,1.500195,0.114089,-3.470862,0.09190407,-0.8025498,0.149879,0.5700911,20.20365,251.0304,1.427194,0.4374945,0.03011058,-0.8987165,-0.3627516,0.001974412,-0.1159892,0.9658408,-0.632215,-4.973947,-0.3369543,-0.008600116,2.016479,-0.3330996,0.02337419,0.942602,-0.3184046,0.9381799,-0.1357833,-0.887504,-0.3453581,-0.3050649,moving,83.19353,67.0136,-9.486496,-0.2443603,7.007676407746648,25.756121480887625
05/11/2023 10:30:20.710259,2677,True,True,True,True,Eyes,1.605182,0.1158953,-3.483073,-0.9548914,-0.2692009,-0.1253528,0.0,0.0,0.0,0.0,0.0,0.0,0.0,3.76424,-0.09290439,0.3276286,1.490171,0.1136047,-3.471593,0.09160496,-0.8007607,0.1478243,0.5731832,19.98392,251.4345,1.387339,0.4356943,0.03012099,-0.8995903,-0.3409865,0.001855947,-0.1090298,0.9355578,-0.6297447,-4.963641,-0.3337622,-0.006575406,2.016739,-0.3261394,0.02275348,0.9450479,-0.3161681,0.939513,-0.1317309,-0.8908822,-0.3417566,-0.2992182,moving,82.52129,65.03107,-9.397044,-0.1868073,6.989464981740594,25.176821545232254
05/11/2023 10:30:20.730300,2678,True,True,True,True,Eyes,1.600361,0.1157905,-3.483812,-0.9534382,-0.2692454,-0.1358772,0.0,0.0,0.0,0.0,0.0,0.0,0.0,3.759716,-0.08529639,0.3421726,1.479967,0.1124083,-3.472302,0.09162422,-0.7989235,0.1464545,0.5760881,19.85123,251.8275,1.360974,0.4339675,0.03012994,-0.9004242,-0.3205273,0.00174459,-0.102488,0.9059876,-0.6251503,-4.954747,-0.3305305,-0.004527211,2.017002,-0.3194551,0.02233989,0.947338,-0.3151428,0.9403122,-0.1284446,-0.8936629,-0.339579,-0.2933472,moving,81.88924,63.22179,-9.306468,-0.1286016,6.9705350824752275,24.64804783284638
05/11/2023 10:30:20.744901,2679,True,True,True,True,Eyes,1.595316,0.115646,-3.484543,-0.9519804,-0.2692424,-0.1457455,0.0,0.0,0.0,0.0,0.0,0.0,0.0,3.75484,-0.07840711,0.3577881,1.469656,0.1112341,-3.472856,0.09177312,-0.7969399,0.1455208,0.5790408,19.76868,252.2389,1.354773,0.4323016,0.03013628,-0.9012251,-0.3012956,0.001639915,-0.09633874,0.8757965,-0.6195388,-4.945554,-0.3273101,-0.002484798,2.017264,-0.3125789,0.02224964,0.9496311,-0.3148003,0.9408028,-0.125662,-0.8962115,-0.3382234,-0.287071,moving,81.29577,61.57256,-9.216182,-0.07057501,6.951122215145966,24.16595838278414
05/11/2023 10:30:20.760058,2680,True,True,True,True,Eyes,1.590054,0.1154538,-3.485253,-0.9505435,-0.2691824,-0.1549449,0.0,0.0,0.0,0.0,0.0,0.0,0.0,3.750057,-0.0781517,0.3698773,1.459419,0.1100386,-3.473303,0.09157646,-0.795232,0.1455514,0.5814075,19.7539,252.5925,1.436895,0.4306862,0.03013932,-0.9019981,-0.2832179,0.00154152,-0.09055842,0.8465481,-0.6174052,-4.935411,-0.3240609,-0.0004246831,2.017528,-0.3071581,0.0236003,0.9513658,-0.3148984,0.9408571,-0.1250077,-0.8980495,-0.3379807,-0.2815603,moving,80.74184,60.07471,-9.125065,-0.01206058,6.931632209922102,23.72804036224271
05/11/2023 10:30:20.770069,2681,True,True,True,True,Eyes,1.584569,0.1152368,-3.485943,-0.9491277,-0.2691037,-0.1635232,0.0,0.0,0.0,0.0,0.0,0.0,0.0,3.744707,-0.07855389,0.3842649,1.449175,0.1087958,-3.473429,0.09131225,-0.7933351,0.1457589,0.5839828,19.75025,252.9832,1.543959,0.4291116,0.03013824,-0.9027483,-0.2662248,0.001449028,-0.08512491,0.8179314,-0.6171369,-4.924592,-0.3208176,0.001631975,2.017792,-0.3012527,0.02535892,0.9532073,-0.3151238,0.9408329,-0.1246217,-0.899969,-0.3379208,-0.2754372,moving,80.2246,58.71468,-9.034088,0.04634039,6.912158099244146,23.33034072322197
05/11/2023 10:30:20.790072,2682,True,True,True,True,Eyes,1.578868,0.1149792,-3.486603,-0.9477332,-0.26909,-0.1714419,0.0,0.0,0.0,0.0,0.0,0.0,0.0,3.739209,-0.07737669,0.3982868,1.438498,0.1080212,-3.473522,0.09136863,-0.7913885,0.1459492,0.586562,19.76675,253.3725,1.619733,0.4275688,0.03013288,-0.9034802,-0.2502514,0.001362087,-0.08001742,0.7912317,-0.6171063,-4.914638,-0.3176416,0.003645539,2.018049,-0.2951937,0.02660038,0.9550671,-0.3158327,0.9407012,-0.1238184,-0.9017264,-0.3381918,-0.2692878,moving,79.74626,57.49809,-8.944984,0.1035028,6.892789396460697,22.97450324767408
05/11/2023 10:30:20.810111,2683,True,True,True,True,Eyes,1.572954,0.1146666,-3.487232,-0.9463905,-0.269065,-0.1787429,0.0,0.0,0.0,0.0,0.0,0.0,0.0,3.733284,-0.07475236,0.4139919,1.427861,0.1068509,-3.473353,0.0917851,-0.7892107,0.1465612,0.5892722,19.84691,253.7914,1.696904,0.4260502,0.03012271,-0.9041976,-0.2352363,0.001280362,-0.07521638,0.7638344,-0.6160555,-4.904721,-0.3145167,0.005627036,2.018304,-0.2886678,0.02785334,0.9570243,-0.3176045,0.9401906,-0.1231626,-0.9032156,-0.3395082,-0.2625564,moving,79.30464,56.40347,-8.857288,0.1597404,6.873963764680185,22.654281240866556
05/11/2023 10:30:20.830040,2684,True,True,True,True,Eyes,1.566849,0.1143152,-3.487816,-0.9451378,-0.268978,-0.1853789,0.0,0.0,0.0,0.0,0.0,0.0,0.0,3.727045,-0.06793907,0.431632,1.417044,0.105229,-3.47314,0.09232994,-0.7868496,0.1465102,0.5923493,19.87359,254.2475,1.722634,0.4245488,0.03010684,-0.9049041,-0.2211221,0.00120354,-0.07070339,0.7355885,-0.6117613,-4.895346,-0.3112398,0.007704735,2.01857,-0.281195,0.02827084,0.9592342,-0.3188699,0.9400199,-0.1211798,-0.9051251,-0.3399461,-0.2553141,moving,78.90291,55.4255,-8.765308,0.2186927,6.85625151354764,22.368146410872175
05/11/2023 10:30:20.840223,2685,True,True,True,True,Eyes,1.560547,0.1139136,-3.488351,-0.9439619,-0.2688564,-0.1914475,0.0,0.0,0.0,0.0,0.0,0.0,0.0,3.720348,-0.06605133,0.4497676,1.406593,0.1040122,-3.472508,0.09226473,-0.7845635,0.1466395,0.5953525,19.87418,254.7033,1.817633,0.4230593,0.03008492,-0.9056022,-0.2078548,0.001131327,-0.06646119,0.708299,-0.6074951,-4.886517,-0.3081549,0.009661406,2.018822,-0.2740858,0.02982925,0.9612427,-0.3193793,0.9399682,-0.1202359,-0.9071242,-0.3399559,-0.248105,moving,78.53519,54.54607,-8.678696,0.2741964,6.839518747829175,22.110808347940242
05/11/2023 10:30:20.860058,2686,True,True,True,True,Eyes,1.554053,0.1134785,-3.488837,-0.9428983,-0.2686612,-0.1968857,0.0,0.0,0.0,0.0,0.0,0.0,0.0,3.713338,-0.06353503,0.4680405,1.395774,0.1024553,-3.471786,0.09210579,-0.7822399,0.1465284,0.5984537,19.84537,255.1691,1.90592,0.4215765,0.03005633,-0.9062943,-0.1953835,0.001063448,-0.06247352,0.6793103,-0.6036624,-4.876778,-0.3048484,0.01175773,2.019091,-0.2667396,0.03128328,0.9632608,-0.3194786,0.9400918,-0.1189986,-0.9092763,-0.3394828,-0.2407654,moving,78.20559,53.76455,-8.585842,0.3336456,6.824297907300899,21.882105760563068
05/11/2023 10:30:20.880081,2687,True,True,True,True,Eyes,1.547368,0.1130188,-3.489281,-0.9419307,-0.2683834,-0.2018339,0.0,0.0,0.0,0.0,0.0,0.0,0.0,3.706316,-0.05921113,0.4854293,1.384919,0.1012558,-3.470976,0.09191013,-0.7800214,0.145749,0.6015619,19.75226,255.6186,1.946655,0.4200957,0.03002094,-0.9069829,-0.1836605,0.0009996409,-0.05872511,0.6506278,-0.600657,-4.866099,-0.3017296,0.01373535,2.019345,-0.259352,0.03197033,0.9652538,-0.3187377,0.9406196,-0.1167953,-0.9116705,-0.3379538,-0.2337614,moving,77.90573,53.05553,-8.498237,0.3897134,6.810384964209437,21.674615031554602
05/11/2023 10:30:20.899937,2688,True,True,True,True,Eyes,1.540495,0.1125181,-3.489673,-0.9410824,-0.267971,-0.2062898,0.0,0.0,0.0,0.0,0.0,0.0,0.0,3.699503,-0.05674326,0.501049,1.373848,0.1002452,-3.470316,0.09148648,-0.7779575,0.1449181,0.6044924,19.63859,256.0423,1.999338,0.4186124,0.02997885,-0.9076698,-0.1726408,0.0009396625,-0.0552016,0.6210948,-0.5977606,-4.854549,-0.2984599,0.01580825,2.01961,-0.252438,0.03285854,0.9670548,-0.3175489,0.941258,-0.1148744,-0.9140227,-0.3360859,-0.2271752,moving,77.63604,52.41015,-8.406379,0.4484665,6.798126046262472,21.485765354957557
05/11/2023 10:30:20.911899,2689,True,True,True,True,Eyes,1.53345,0.1119764,-3.490006,-0.9403223,-0.2674761,-0.2103581,0.0,0.0,0.0,0.0,0.0,0.0,0.0,3.69278,-0.05842426,0.5131397,1.362682,0.09901005,-3.469387,0.09050922,-0.7762517,0.1441223,0.6070175,19.48936,256.4095,2.094496,0.417123,0.02992972,-0.9083568,-0.1622824,0.0008832827,-0.05188951,0.5909255,-0.5944512,-4.842616,-0.2952216,0.01786238,2.019874,-0.2466759,0.03445367,0.9684855,-0.3154854,0.9420737,-0.1138691,-0.9163079,-0.3336318,-0.2215173,moving,77.39007,51.81652,-8.315382,0.5066714,6.787110887865119,21.312069694370948
05/11/2023 10:30:20.929833,2690,True,True,True,True,Eyes,1.526228,0.111402,-3.490273,-0.9396564,-0.2668984,-0.2140355,0.0,0.0,0.0,0.0,0.0,0.0,0.0,3.686388,-0.05978277,0.5215793,1.351617,0.09735908,-3.468245,0.0895173,-0.7748519,0.1431694,0.6091747,19.32545,256.7169,2.168421,0.4156248,0.02987329,-0.9090452,-0.1525455,0.0008302857,-0.04877613,0.5604245,-0.593864,-4.82866,-0.2920908,0.01984644,2.020128,-0.2417857,0.03570511,0.9696726,-0.3131557,0.9429783,-0.1128068,-0.918408,-0.3309335,-0.2168174,moving,77.16807,51.2726,-8.227393,0.5628757,6.777437980759253,21.152936922176153
05/11/2023 10:30:20.939784,2691,True,True,True,True,Eyes,1.518839,0.1108163,-3.490478,-0.9390823,-0.2662219,-0.2173715,0.0,0.0,0.0,0.0,0.0,0.0,0.0,3.680009,-0.05593765,0.5283279,1.340281,0.09600893,-3.466865,0.08909999,-0.7735143,0.1416733,0.611282,19.15368,256.9983,2.145474,0.4141156,0.0298095,-0.9097357,-0.1433927,0.0007804686,-0.04584957,0.5294132,-0.5921064,-4.814474,-0.2889237,0.021855,2.020384,-0.2367913,0.03536437,0.9709168,-0.3110448,0.9439797,-0.1102421,-0.9204244,-0.328103,-0.2125263,moving,76.96715,50.76819,-8.138368,0.6197585,6.769084414899079,21.005389572435153
05/11/2023 10:30:20.959702,2692,True,True,True,True,Eyes,1.511286,0.110185,-3.490619,-0.9386026,-0.2654878,-0.2203207,0.0,0.0,0.0,0.0,0.0,0.0,0.0,3.673416,-0.04997855,0.5364285,1.329155,0.09507652,-3.465334,0.08893924,-0.7720492,0.1400205,0.6135342,18.98618,257.2966,2.089913,0.4125926,0.02973886,-0.9104298,-0.1347892,0.0007336405,-0.04309859,0.4990762,-0.5931253,-4.79885,-0.2856699,0.02391833,2.02065,-0.2313316,0.03448384,0.9722638,-0.3091458,0.944968,-0.107071,-0.9224505,-0.3253401,-0.2079405,moving,76.78997,50.31169,-8.046878,0.6781756,6.762103913238968,20.8718811521998
05/11/2023 10:30:20.970847,2693,True,True,True,True,Eyes,1.503577,0.1095371,-3.490688,-0.9382124,-0.2646642,-0.2229583,0.0,0.0,0.0,0.0,0.0,0.0,0.0,3.666552,-0.05039912,0.5458488,1.317856,0.09340383,-3.463903,0.08808867,-0.7704925,0.1391115,0.6158163,18.83607,257.6247,2.155108,0.4110539,0.02966092,-0.911128,-0.1267018,0.000689622,-0.04051268,0.4697106,-0.5933764,-4.783906,-0.2827129,0.02579349,2.020891,-0.2260215,0.035591,0.973472,-0.3070776,0.9457768,-0.1058759,-0.9244553,-0.3228616,-0.2028366,moving,76.6321,49.88855,-7.963721,0.7312507,6.756425516071404,20.74816277261095
05/11/2023 10:30:20.990207,2694,True,True,True,True,Eyes,1.495674,0.1089719,-3.490632,-0.9394931,-0.2629348,-0.2195863,0.0,0.0,0.0,0.0,0.0,0.0,0.0,3.659622,-0.05351749,0.5543647,1.306438,0.09248435,-3.462323,0.0869488,-0.7690601,0.1381812,0.6179748,18.66314,257.9352,2.241032,0.4094975,0.02957601,-0.9118314,-0.1190997,0.0006482447,-0.03808192,0.439699,-0.5915354,-4.769345,-0.2795204,0.02781746,2.021151,-0.2210946,0.03704725,0.9745486,-0.3045226,0.9466918,-0.1050749,-0.9264899,-0.3200035,-0.1980267,moving,76.84451,50.13353,-7.873926,0.7885222,6.7747770215187195,20.820428450330564
05/11/2023 10:30:21.010105,2695,True,True,True,True,Eyes,1.293759,0.09745929,-3.487555,-0.9669539,-0.217924,-0.1323232,0.0,0.0,0.0,0.0,0.0,0.0,0.0,3.652752,-0.05983236,0.5597835,1.294278,0.09389435,-3.460572,0.08575832,-0.7678993,0.1372361,0.6197925,18.48592,258.1937,2.320993,0.4079221,0.02948714,-0.9125402,-0.1119537,0.00060935,-0.035797,0.4062373,-0.5891323,-4.751203,-0.2760435,0.03002274,2.021435,-0.217006,0.03840827,0.9754146,-0.3018232,0.9476236,-0.1044622,-0.9283381,-0.3170717,-0.1940475,moving,82.20774,58.73393,-7.77611,0.8509054,7.158393965819644,23.346387163237317
05/11/2023 10:30:21.029923,2696,True,True,True,True,Eyes,1.293252,0.09743503,-3.487473,-0.9669793,-0.2179823,-0.1320408,0.0,0.0,0.0,0.0,0.0,0.0,0.0,3.645112,-0.06895021,0.5699253,1.282186,0.09603161,-3.458784,0.08451094,-0.7663175,0.1369599,0.6219786,18.36308,258.5275,2.466737,0.3992077,0.02904227,-0.9164002,-0.7109795,-0.03396499,-0.02441809,0.3744923,-0.5868852,-4.733426,-0.2723141,0.03238735,2.021738,-0.2120008,0.0408478,0.9764154,-0.2998966,0.9481998,-0.1047814,-0.930117,-0.3150375,-0.188769,moving,82.22437,58.795,-7.671175,0.9177744,7.158447334812082,23.36421046154853
05/11/2023 10:30:21.044720,2697,True,True,True,True,Eyes,1.292299,0.09752951,-3.487319,-0.9670674,-0.2178971,-0.1315353,0.0,0.0,0.0,0.0,0.0,0.0,0.0,3.6364,-0.07248485,0.5843329,1.269749,0.09549953,-3.456692,0.08343726,-0.7642351,0.1363921,0.624804,18.22414,258.9511,2.588989,0.3920868,0.02867262,-0.919481,-0.6683207,-0.03192709,-0.02295301,0.3457254,-0.5841302,-4.71842,-0.2699808,0.03386638,2.021926,-0.2053162,0.04290524,0.9777548,-0.297968,0.9488708,-0.1042073,-0.932234,-0.3127351,-0.1820342,moving,82.25446,58.88239,-7.60552,0.9595895,7.159307063906934,23.389748438231234
05/11/2023 10:30:21.060259,2698,True,True,True,True,Eyes,1.290926,0.09765953,-3.487083,-0.9671448,-0.2179152,-0.130934,0.0,0.0,0.0,0.0,0.0,0.0,0.0,3.628342,-0.07919708,0.5972271,1.258254,0.09851046,-3.454693,0.08213005,-0.7624961,0.1352982,0.6273347,18.02156,259.3163,2.682593,0.3862523,0.02836836,-0.9219565,-0.6282215,-0.03001146,-0.02157583,0.3194908,-0.5755025,-4.707847,-0.2666736,0.03596345,2.022196,-0.1994119,0.04450682,0.9789047,-0.2950022,0.9498981,-0.1032827,-0.9344565,-0.3093748,-0.1762915,moving,82.29006,59.00052,-7.512433,1.018861,7.159837526424849,23.424242809900825
05/11/2023 10:30:21.079882,2699,True,True,True,True,Eyes,1.289114,0.09784277,-3.486779,-0.9673012,-0.2177196,-0.1301017,0.0,0.0,0.0,0.0,0.0,0.0,0.0,3.621094,-0.08443895,0.6039548,1.246914,0.09955572,-3.452465,0.08147936,-0.7611157,0.1352064,0.629113,17.95891,259.5909,2.777086,0.3814543,0.02811939,-0.9239596,-0.5905282,-0.02821078,-0.02028128,0.2915396,-0.5630278,-4.697763,-0.2635546,0.03794271,2.022451,-0.1951557,0.04608973,0.9796886,-0.2941506,0.9501607,-0.1032959,-0.9356225,-0.3083348,-0.171872,moving,82.33971,59.13892,-7.424627,1.074786,7.161447594906957,23.46469796251783
05/11/2023 10:30:21.090064,2700,True,True,True,True,Eyes,1.286917,0.0981252,-3.486401,-0.9674485,-0.2175734,-0.1292484,0.0,0.0,0.0,0.0,0.0,0.0,0.0,3.612738,-0.08569986,0.6173873,1.234775,0.1010542,-3.450436,0.08010024,-0.7592562,0.1329413,0.6320133,17.6452,259.9821,2.791371,0.3774871,0.02791784,-0.9255937,-0.5550965,-0.02651813,-0.0190644,0.2616287,-0.5522683,-4.682796,-0.2602919,0.04001048,2.022716,-0.1882865,0.04640811,0.9810171,-0.2896745,0.9518211,-0.1006241,-0.9384226,-0.3031218,-0.1657719,moving,82.3905,59.28778,-7.332774,1.133196,7.16285413789472,23.508196862115312
05/11/2023 10:30:21.110092,2701,True,True,True,True,Eyes,1.284331,0.09847612,-3.485952,-0.9676293,-0.2173381,-0.1282868,0.0,0.0,0.0,0.0,0.0,0.0,0.0,3.605639,-0.09143378,0.6228011,1.2236,0.1037563,-3.44803,0.0789742,-0.7581399,0.131686,0.6337553,17.444,260.2217,2.833866,0.3741837,0.02775857,-0.9269388,-0.5217907,-0.02492704,-0.01792054,0.2295314,-0.5419704,-4.666049,-0.2571313,0.04201439,2.022973,-0.1842346,0.04716643,0.98175,-0.2866604,0.9528438,-0.09957216,-0.9401509,-0.2997734,-0.1620261,moving,82.44785,59.44819,-7.243777,1.189784,7.164695868256794,23.555084637126477
05/11/2023 10:30:21.120321,2702,True,True,True,True,Eyes,1.281381,0.09889349,-3.485426,-0.9677504,-0.2173451,-0.1273584,0.0,0.0,0.0,0.0,0.0,0.0,0.0,3.598987,-0.09469718,0.6258624,1.211786,0.1057711,-3.445833,0.07835344,-0.7570696,0.1306953,0.6353152,17.30445,260.4386,2.84739,0.37134,0.02763369,-0.9280854,-0.4904833,-0.02343142,-0.0168453,0.1972258,-0.529021,-4.646293,-0.2538204,0.04411423,2.023243,-0.1804712,0.04742739,0.9824364,-0.2847034,0.9535589,-0.09833264,-0.9414746,-0.2974491,-0.1585871,moving,82.50282,59.63083,-7.150527,1.249063,7.1655071841770495,23.60841577968022
05/11/2023 10:30:21.140254,2703,True,True,True,True,Eyes,1.278098,0.09936612,-3.484845,-0.9679039,-0.2173403,-0.1261956,0.0,0.0,0.0,0.0,0.0,0.0,0.0,3.591608,-0.08506294,0.6349108,1.200125,0.107759,-3.443556,0.07931056,-0.7552662,0.1292059,0.6376431,17.23631,260.7554,2.69894,0.3687127,0.02753344,-0.9291353,-0.4610543,-0.02202553,-0.01583459,0.1690246,-0.5264127,-4.626676,-0.2505695,0.04617524,2.023508,-0.1742425,0.04497332,0.9836755,-0.2845757,0.9540314,-0.09402604,-0.9426859,-0.2963133,-0.1534345,moving,82.57166,59.859,-7.058961,1.307229,7.166541494155532,23.6750426262125
05/11/2023 10:30:21.160236,2704,True,True,True,True,Eyes,1.274512,0.09988581,-3.484216,-0.9679908,-0.2176163,-0.1250482,0.0,0.0,0.0,0.0,0.0,0.0,0.0,3.583974,-0.07011285,0.6484094,1.189069,0.1094591,-3.441563,0.08089564,-0.7529995,0.1276302,0.640436,17.20719,261.1414,2.498926,0.3662736,0.027457,-0.9301018,-0.433391,-0.020704,-0.01488451,0.1374455,-0.5209202,-4.603348,-0.2473401,0.0482232,2.023769,-0.1665955,0.04164916,0.9851454,-0.2853066,0.9543329,-0.08859395,-0.9438465,-0.2958278,-0.1471047,moving,82.63911,60.11718,-6.967992,1.365009,7.166411697681485,23.75037748535314
05/11/2023 10:30:21.179694,2705,True,True,True,True,Eyes,1.270643,0.1004099,-3.483545,-0.9681193,-0.2178416,-0.1236526,0.0,0.0,0.0,0.0,0.0,0.0,0.0,3.576202,-0.05870248,0.663132,1.178414,0.1110685,-3.439682,0.08215649,-0.7506595,0.1265288,0.6432349,17.19663,261.5438,2.365706,0.3639969,0.0274034,-0.9309967,-0.4073876,-0.01946176,-0.01399144,0.1067837,-0.517007,-4.578398,-0.2442865,0.05015907,2.024017,-0.1589984,0.03943233,0.986491,-0.2861185,0.9544815,-0.0842682,-0.9449104,-0.2956519,-0.1404787,moving,82.72133,60.41962,-6.881965,1.41961,7.1666588733530885,23.838643967150617
05/11/2023 10:30:21.195832,2706,True,True,True,True,Eyes,1.266498,0.1009411,-3.482836,-0.9682211,-0.2181661,-0.1222763,0.0,0.0,0.0,0.0,0.0,0.0,0.0,3.568173,-0.04912335,0.6794555,1.168013,0.1116598,-3.437908,0.08285096,-0.748229,0.1252899,0.6462132,17.13174,261.9743,2.275626,0.3618602,0.0273706,-0.9318302,-0.3829443,-0.01829406,-0.01315195,0.07796232,-0.5099781,-4.556937,-0.2409765,0.05225806,2.024287,-0.1510885,0.03794496,0.9877918,-0.285911,0.9548764,-0.08041225,-0.9462703,-0.2945698,-0.1334219,moving,82.80224,60.73054,-6.788696,1.478793,7.166462923730967,23.929366257633173
05/11/2023 10:30:21.211916,2707,True,True,True,True,Eyes,1.262087,0.1015176,-3.482088,-0.96838,-0.2182903,-0.1207875,0.0,0.0,0.0,0.0,0.0,0.0,0.0,3.560144,-0.05400464,0.6945353,1.157439,0.1124605,-3.43622,0.0814805,-0.7461641,0.1242934,0.6489617,16.93233,262.3833,2.380059,0.3598437,0.02735686,-0.9326112,-0.3599676,-0.01719641,-0.01236284,0.05047587,-0.4999059,-4.538947,-0.2377801,0.05428445,2.024547,-0.1444193,0.03972768,0.9887188,-0.282919,0.9558241,-0.07973111,-0.9482088,-0.291242,-0.1267997,moving,82.89013,61.04274,-6.698618,1.535912,7.16709360920188,24.02049708030251
05/11/2023 10:30:21.229968,2708,True,True,True,True,Eyes,1.257411,0.1020704,-3.481285,-0.9684802,-0.218566,-0.119478,0.0,0.0,0.0,0.0,0.0,0.0,0.0,3.55297,-0.08191535,0.7024076,1.146699,0.1143584,-3.434485,0.0776482,-0.7450522,0.1247216,0.6506248,16.67173,262.6674,2.787649,0.3579292,0.0273616,-0.9333475,-0.3383696,-0.01616463,-0.01162107,0.02487193,-0.4916518,-4.52155,-0.2345283,0.05634682,2.024811,-0.1413162,0.04659007,0.9888676,-0.2779979,0.9568306,-0.08480857,-0.9501299,-0.2868879,-0.1222639,moving,82.96716,61.33701,-6.606973,1.594026,7.166964518659619,24.106363511160914
05/11/2023 10:30:21.240145,2709,True,True,True,True,Eyes,1.252468,0.1026245,-3.480434,-0.9686216,-0.2187384,-0.1180074,0.0,0.0,0.0,0.0,0.0,0.0,0.0,3.546294,-0.1033182,0.7048969,1.13572,0.1145542,-3.432313,0.07490581,-0.7442018,0.1255211,0.6517648,16.52705,262.8759,3.117104,0.3561008,0.02738247,-0.934046,-0.3180674,-0.01519475,-0.0109238,-0.00250279,-0.4759599,-4.50675,-0.2314168,0.05831976,2.025064,-0.1391837,0.05213036,0.9888936,-0.2751105,0.9572671,-0.08918409,-0.9512845,-0.284468,-0.1188945,moving,83.05387,61.65354,-6.519269,1.649604,7.167305314524916,24.19874560746038
05/11/2023 10:30:21.260109,2710,True,True,True,True,Eyes,1.24728,0.1032015,-3.479552,-0.9687055,-0.2191602,-0.1165269,0.0,0.0,0.0,0.0,0.0,0.0,0.0,3.539128,-0.09884635,0.7136083,1.124548,0.1151193,-3.430244,0.07485553,-0.7424705,0.1240577,0.6540214,16.38753,263.1917,3.05424,0.3543437,0.02741802,-0.9347129,-0.2989834,-0.01428306,-0.01026837,-0.02771747,-0.4619682,-4.491786,-0.2281789,0.06037261,2.025328,-0.1333054,0.05111678,0.9897559,-0.2734289,0.9580126,-0.08630417,-0.9526103,-0.2821326,-0.1137315,moving,83.14077,62.00055,-6.427993,1.707413,7.1666631689430185,24.299980541650243
05/11/2023 10:30:21.280064,2711,True,True,True,True,Eyes,1.241861,0.103785,-3.478651,-0.9687939,-0.2196434,-0.1148708,0.0,0.0,0.0,0.0,0.0,0.0,0.0,3.53206,-0.08248855,0.7254853,1.113713,0.1161886,-3.428516,0.0765883,-0.7402433,0.1224054,0.6566514,16.36786,263.5579,2.829738,0.3526453,0.02746752,-0.9353535,-0.2810444,-0.01342608,-0.009652271,-0.04923732,-0.4560028,-4.479718,-0.2249014,0.06245083,2.025594,-0.1258865,0.04736741,0.9909133,-0.2741433,0.9583023,-0.08063593,-0.953414,-0.2818032,-0.1076518,moving,83.23796,62.39098,-6.335595,1.76592,7.165868042550881,24.413879529787256
05/11/2023 10:30:21.295142,2712,True,True,True,True,Eyes,1.241861,0.103785,-3.478651,-0.9687939,-0.2196434,-0.1148708,0.0,0.0,0.0,0.0,0.0,0.0,0.0,3.525782,-0.06328727,0.7349312,1.102949,0.1167904,-3.427116,0.07915729,-0.7380893,0.1214284,0.6589488,16.47346,263.8891,2.580799,0.3509938,0.02752985,-0.9359728,-0.2641817,-0.01262052,-0.009073135,-0.0725086,-0.4516903,-4.463451,-0.2217654,0.06443961,2.025849,-0.1190413,0.04317985,0.99195,-0.2768804,0.9579785,-0.07492875,-0.9535022,-0.2835712,-0.1020834,moving,83.23796,62.39098,-6.247173,1.82189,7.165868042550881,24.413879529787256
05/11/2023 10:30:21.310150,2713,True,True,True,True,Eyes,1.241861,0.103785,-3.478651,-0.9687939,-0.2196434,-0.1148708,0.0,0.0,0.0,0.0,0.0,0.0,0.0,3.51986,-0.04885973,0.7418365,1.092268,0.1170494,-3.425693,0.08170194,-0.7361234,0.1216995,0.6607849,16.68719,264.1817,2.426149,0.3495062,0.02758588,-0.9365276,-0.2483308,-0.01186328,-0.008528747,-0.09288836,-0.4540128,-4.446911,-0.218596,0.06644829,2.026106,-0.1133766,0.04054892,0.9927245,-0.2811197,0.9570281,-0.07119681,-0.9529521,-0.2871464,-0.09710544,moving,83.23796,62.39098,-6.157806,1.878403,7.165868042550881,24.413879529787256
05/11/2023 10:30:21.329878,2714,True,True,True,True,Eyes,1.235391,0.1043769,-3.477608,-0.9687745,-0.2202914,-0.113788,0.0,0.0,0.0,0.0,0.0,0.0,0.0,3.51387,-0.03955303,0.7488298,1.082076,0.1169274,-3.424183,0.08425365,-0.7341185,0.1235064,0.6623577,17.03458,264.4749,2.392084,0.348167,0.02763623,-0.9370248,-0.233431,-0.01115149,-0.008017022,-0.1107347,-0.4628894,-4.430082,-0.2154629,0.06843562,2.026361,-0.1083677,0.03990654,0.9933097,-0.2873152,0.955295,-0.06972462,-0.9516862,-0.2929488,-0.09205735,moving,83.30098,62.6821,-6.069451,1.934296,7.164098942150326,24.49875728805381
05/11/2023 10:30:21.340071,2715,True,True,True,True,Eyes,1.228762,0.1049659,-3.476542,-0.9687193,-0.2211898,-0.1125082,0.0,0.0,0.0,0.0,0.0,0.0,0.0,3.507626,-0.02782521,0.755841,1.071744,0.1173242,-3.422442,0.08727077,-0.7320282,0.1253016,0.6639414,17.4176,264.7707,2.31952,0.3468154,0.02769995,-0.937524,-0.2194251,-0.0104824,-0.007536001,-0.1265274,-0.476885,-4.412906,-0.2122546,0.07046995,2.026622,-0.1031313,0.03861653,0.9939178,-0.2941552,0.9533666,-0.06756323,-0.9501773,-0.2993339,-0.08696271,moving,83.37528,63.03984,-5.978972,1.991493,7.161533927659991,24.603041938020805
05/11/2023 10:30:21.360052,2716,True,True,True,True,Eyes,1.221985,0.1055306,-3.475492,-0.968694,-0.2210984,-0.1129042,0.0,0.0,0.0,0.0,0.0,0.0,0.0,3.500895,-0.01199742,0.7654455,1.061548,0.1177437,-3.420755,0.09076817,-0.7296066,0.1269047,0.6658307,17.82156,265.1114,2.199897,0.345448,0.02777574,-0.9380265,-0.2062596,-0.009853455,-0.007083841,-0.1421327,-0.4921102,-4.394585,-0.2090514,0.07250048,2.026882,-0.09686104,0.03654402,0.9946268,-0.3014442,0.9513127,-0.06430857,-0.9485512,-0.3060535,-0.08112923,moving,83.35201,62.94881,-5.888631,2.048566,7.161643397675102,24.576482810246493
05/11/2023 10:30:21.379706,2717,True,True,True,True,Eyes,1.215073,0.1060757,-3.474437,-0.9686555,-0.2212091,-0.1130176,0.0,0.0,0.0,0.0,0.0,0.0,0.0,3.493248,0.00444895,0.7794867,1.051368,0.1174343,-3.419244,0.09392405,-0.7267614,0.1281439,0.6682629,18.16726,265.5327,2.095763,0.3440628,0.02786177,-0.9385329,-0.193884,-0.009262248,-0.006658811,-0.1536953,-0.517565,-4.374722,-0.205754,0.07459155,2.027152,-0.08920611,0.03474682,0.995407,-0.3077883,0.9495149,-0.06072813,-0.9472638,-0.311792,-0.07400786,moving,83.34512,62.93713,-5.79562,2.107318,7.161171423396948,24.573054441037876
05/11/2023 10:30:21.390049,2718,True,True,True,True,Eyes,1.208024,0.1066097,-3.473369,-0.9686268,-0.2214205,-0.1128501,0.0,0.0,0.0,0.0,0.0,0.0,0.0,3.486275,0.01658003,0.7916348,1.04143,0.1174517,-3.417997,0.09646319,-0.7242024,0.1293389,0.6704454,18.46237,265.9163,2.036767,0.342658,0.02795654,-0.9390439,-0.182251,-0.008706513,-0.006259282,-0.1664966,-0.5359782,-4.356299,-0.2026048,0.07658872,2.027408,-0.08239549,0.03371158,0.9960294,-0.3131471,0.9479327,-0.05798846,-0.9461236,-0.3166817,-0.06754875,moving,83.3547,62.99369,-5.706788,2.163415,7.1604961131956,24.589530799027578
05/11/2023 10:30:21.410126,2719,True,True,True,True,Eyes,1.200835,0.1071202,-3.472282,-0.9686085,-0.2217083,-0.1124413,0.0,0.0,0.0,0.0,0.0,0.0,0.0,3.479148,0.01569323,0.803514,1.03126,0.1177184,-3.416577,0.09740678,-0.721874,0.1312781,0.6724404,18.69516,266.2968,2.173378,0.3412316,0.02805896,-0.9395602,-0.1713159,-0.008184122,-0.005883725,-0.1835572,-0.5422276,-4.337732,-0.1993858,0.07863024,2.02767,-0.07667191,0.03592254,0.9964091,-0.3171842,0.946556,-0.058532,-0.9452596,-0.320533,-0.06118027,moving,83.37843,63.10777,-5.615981,2.220738,7.159682686450309,24.622786407983565
05/11/2023 10:30:21.429817,2720,True,True,True,True,Eyes,1.017925,0.1194481,-3.44451,-0.970071,-0.2241276,-0.09342919,0.0,0.0,0.0,0.0,0.0,0.0,0.0,3.471643,0.006578624,0.8159375,1.020869,0.117785,-3.414975,0.09694404,-0.7196867,0.1331337,0.6744837,18.80834,266.6876,2.425127,0.3397824,0.0281677,-0.9400819,-0.161037,-0.007693075,-0.005530702,-0.2028119,-0.5397719,-4.320698,-0.1962472,0.08062011,2.027925,-0.07134706,0.04005435,0.9966471,-0.3191317,0.9457545,-0.06085474,-0.945021,-0.3224034,-0.05469427,moving,84.49872,67.37083,-5.527439,2.276594,7.158355831772734,25.8667477962489
05/11/2023 10:30:21.445070,2721,True,True,True,True,Eyes,1.017504,0.1194501,-3.444444,-0.9700896,-0.2241588,-0.09316222,0.0,0.0,0.0,0.0,0.0,0.0,0.0,3.463986,-0.002188981,0.8286214,1.010699,0.1179487,-3.413267,0.09623318,-0.7175426,0.1344674,0.6766021,18.85628,267.0771,2.656401,0.3314488,0.02885713,-0.9430315,-0.7001036,0.0297521,0.07811914,-0.2232677,-0.5311625,-4.306063,-0.1930374,0.08265536,2.028186,-0.06589759,0.04385907,0.996862,-0.3200647,0.9453154,-0.06274904,-0.9451011,-0.3231953,-0.04825626,moving,84.51444,67.43183,-5.436883,2.333703,7.15829823095799,25.88454596763219
05/11/2023 10:30:21.459941,2722,True,True,True,True,Eyes,1.016665,0.1194292,-3.444314,-0.970187,-0.2240314,-0.0924503,0.0,0.0,0.0,0.0,0.0,0.0,0.0,3.456046,-0.005502447,0.8422194,1.00037,0.1180715,-3.411587,0.09603569,-0.7152098,0.1352334,0.6789435,18.89568,267.4862,2.802615,0.3246827,0.02942644,-0.9453648,-0.6580974,0.02796698,0.07343199,-0.244474,-0.5203527,-4.29167,-0.1898516,0.08467504,2.028445,-0.05962632,0.04626037,0.9971484,-0.321003,0.9449781,-0.06303496,-0.9451994,-0.3238462,-0.04149587,moving,84.55665,67.57569,-5.347003,2.390357,7.1588018145014685,25.926547556956027
05/11/2023 10:30:21.479799,2723,True,True,True,True,Eyes,1.015439,0.1193934,-3.444128,-0.9703062,-0.2239075,-0.09149446,0.0,0.0,0.0,0.0,0.0,0.0,0.0,3.447567,-0.003624946,0.8572431,0.9897423,0.1175082,-3.409868,0.09618038,-0.7126286,0.1354001,0.6815987,18.91062,267.9294,2.877749,0.3191752,0.02989769,-0.9472238,-0.6186115,0.02628896,0.06902607,-0.2656854,-0.5095944,-4.277511,-0.1867117,0.08666644,2.0287,-0.05234536,0.04749529,0.997499,-0.3216588,0.9448323,-0.06186714,-0.9454077,-0.3240927,-0.03418036,moving,84.61326,67.77379,-5.258413,2.446199,7.1593067239026285,25.98437715555928
05/11/2023 10:30:21.495042,2724,True,True,True,True,Eyes,1.013839,0.1193446,-3.443877,-0.9705042,-0.2236061,-0.09012191,0.0,0.0,0.0,0.0,0.0,0.0,0.0,3.439667,-0.002012864,0.8706706,0.9794546,0.1171459,-3.408273,0.09624452,-0.7102509,0.1353809,0.6840706,18.90409,268.338,2.938849,0.3146757,0.03028868,-0.9487156,-0.5814948,0.02471162,0.06488451,-0.285582,-0.5006551,-4.263812,-0.1835188,0.08869134,2.028961,-0.04556867,0.04850473,0.9977831,-0.3219358,0.944818,-0.06063273,-0.9456645,-0.323985,-0.02743869,moving,84.69467,68.04866,-5.168321,2.502959,7.160363558241854,26.06463263696416
05/11/2023 10:30:21.510077,2725,True,True,True,True,Eyes,1.011865,0.1192611,-3.443562,-0.970712,-0.2233362,-0.08853932,0.0,0.0,0.0,0.0,0.0,0.0,0.0,3.432397,-0.0003015846,0.8805599,0.9690681,0.1167907,-3.406465,0.09652572,-0.7081712,0.1355397,0.6861527,18.93125,268.6887,2.986859,0.3109806,0.03061386,-0.9499229,-0.5466051,0.02322892,0.06099144,-0.304479,-0.4953749,-4.250014,-0.1802834,0.09074199,2.029223,-0.03975484,0.04928837,0.9979932,-0.3227153,0.9446236,-0.05950786,-0.9456609,-0.3244334,-0.02164724,moving,84.78843,68.37466,-5.077032,2.560424,7.161269230661941,26.159802129858164
05/11/2023 10:30:21.529929,2726,True,True,True,True,Eyes,1.009542,0.1191566,-3.443189,-0.9709669,-0.2229845,-0.08660977,0.0,0.0,0.0,0.0,0.0,0.0,0.0,3.42454,0.00704664,0.8919215,0.9583327,0.1158561,-3.404588,0.09731115,-0.7058043,0.1352177,0.6885398,18.95829,269.0756,2.960163,0.3079231,0.03088427,-0.9509096,-0.5138088,0.02183519,0.05733195,-0.3230272,-0.4918602,-4.235304,-0.1771085,0.09275508,2.02948,-0.032887,0.04884033,0.998265,-0.3235708,0.9444934,-0.05686929,-0.9456323,-0.3248797,-0.01525821,moving,84.90273,68.77325,-4.987448,2.616817,7.162334564393158,26.27616111211019
05/11/2023 10:30:21.545782,2727,True,True,True,True,Eyes,1.006886,0.1190113,-3.442764,-0.9712249,-0.2226798,-0.08447423,0.0,0.0,0.0,0.0,0.0,0.0,0.0,3.416498,0.01624626,0.9043667,0.9478722,0.1152043,-3.402773,0.09838122,-0.7032986,0.1348552,0.6910185,19.00516,269.4779,2.909527,0.3052616,0.03111596,-0.9517598,-0.4829803,0.02052508,0.05389203,-0.3399445,-0.4907725,-4.221914,-0.1736928,0.0949214,2.029759,-0.02562949,0.04799213,0.9985189,-0.3247576,0.9442704,-0.05372042,-0.9454501,-0.3256534,-0.008615258,moving,85.02909,69.22562,-4.891062,2.677479,7.1631251199724835,26.408202175461316
05/11/2023 10:30:21.563497,2728,True,True,True,True,Eyes,1.003901,0.1188407,-3.442288,-0.9715086,-0.2223728,-0.08198424,0.0,0.0,0.0,0.0,0.0,0.0,0.0,3.408484,0.02865009,0.9167824,0.937462,0.1140231,-3.401064,0.09973139,-0.7007249,0.134225,0.6935576,19.05335,269.8834,2.814772,0.3027997,0.03132136,-0.9525392,-0.4540014,0.01929357,0.05065851,-0.3568668,-0.490406,-4.207323,-0.1706725,0.09683698,2.030006,-0.01806341,0.04641693,0.9987589,-0.325954,0.9440746,-0.04977062,-0.9452132,-0.3264485,-0.001923432,moving,85.17632,69.76212,-4.805834,2.731099,7.163735311647623,26.5647858522225
05/11/2023 10:30:21.579905,2729,True,True,True,True,Eyes,1.000611,0.1186684,-3.441769,-0.9718006,-0.2220764,-0.07928137,0.0,0.0,0.0,0.0,0.0,0.0,0.0,3.40013,0.04433012,0.9297774,0.9268428,0.1131551,-3.399337,0.1013525,-0.6980293,0.1330684,0.6962583,19.08111,270.3011,2.656764,0.3005097,0.03150253,-0.9532581,-0.4267613,0.01813596,0.047619,-0.3741578,-0.4899202,-4.192251,-0.1672549,0.09900372,2.030284,-0.009904256,0.04380589,0.9989911,-0.326794,0.944041,-0.0446362,-0.9450439,-0.3269064,0.004965477,moving,85.33603,70.35342,-4.709395,2.791731,7.164089323737508,26.737350047364433
05/11/2023 10:30:21.595164,2730,True,True,True,True,Eyes,0.9970117,0.1184198,-3.441209,-0.9721397,-0.2216792,-0.07617612,0.0,0.0,0.0,0.0,0.0,0.0,0.0,3.391363,0.05627838,0.9449389,0.9165133,0.1128879,-3.397746,0.1024704,-0.6952182,0.1320211,0.6991009,19.07716,270.7483,2.553994,0.2983671,0.03166199,-0.9539257,-0.4011557,0.0170478,0.04476186,-0.3907415,-0.4922706,-4.176157,-0.1643161,0.1008669,2.030522,-0.001515727,0.04211351,0.9991117,-0.3270706,0.9441406,-0.04029262,-0.9449987,-0.3268411,0.01234303,moving,85.5195,71.03563,-4.62647,2.843851,7.164398826530573,26.93644110402104
05/11/2023 10:30:21.610163,2731,True,True,True,True,Eyes,0.9931271,0.1181416,-3.440619,-0.9725026,-0.2212047,-0.0728503,0.0,0.0,0.0,0.0,0.0,0.0,0.0,3.382098,0.07280746,0.9606421,0.905779,0.1107168,-3.396178,0.1036474,-0.6922289,0.1303149,0.7022069,19.02492,271.2215,2.395893,0.2963496,0.03179991,-0.9545497,-0.3770863,0.01602493,0.04207615,-0.4085973,-0.4929329,-4.158608,-0.1610745,0.1029228,2.030786,0.007674497,0.03952054,0.9991893,-0.3265115,0.9445505,-0.03485159,-0.9451621,-0.3259793,0.02015286,moving,85.71597,71.77151,-4.534998,2.901341,7.164554199985731,27.151187252254644
05/11/2023 10:30:21.629677,2732,True,True,True,True,Eyes,0.9889612,0.1178393,-3.439995,-0.9729047,-0.2205966,-0.06923616,0.0,0.0,0.0,0.0,0.0,0.0,0.0,3.372837,0.08654515,0.9781506,0.8959221,0.1093008,-3.394948,0.1042166,-0.6892585,0.1282222,0.7054224,18.89228,271.7033,2.255604,0.2944376,0.03191774,-0.9551373,-0.3544611,0.01506344,0.03955158,-0.4260822,-0.492494,-4.140769,-0.1578441,0.1049708,2.031049,0.01696346,0.03723731,0.9991626,-0.3245661,0.9453959,-0.02972307,-0.9457111,-0.32379,0.02812317,moving,85.92944,72.57508,-4.44384,2.958588,7.164590378276253,27.385681194058375
05/11/2023 10:30:21.640036,2733,True,True,True,True,Eyes,0.9845459,0.1174696,-3.439349,-0.9733167,-0.2199478,-0.06540317,0.0,0.0,0.0,0.0,0.0,0.0,0.0,3.364103,0.09563981,0.9924276,0.8852602,0.1083749,-3.393496,0.1046427,-0.686554,0.1268593,0.7082375,18.80906,272.1424,2.179973,0.2926134,0.03201693,-0.9556944,-0.3331935,0.01415963,0.03717848,-0.4445029,-0.4910327,-4.122037,-0.1540533,0.107375,2.031358,0.02510069,0.03600721,0.9990363,-0.3233787,0.9459133,-0.02596769,-0.9459367,-0.3224153,0.03538704,moving,86.15572,73.43974,-4.336872,3.025768,7.164203731575628,27.63798410179622
05/11/2023 10:30:21.659953,2734,True,True,True,True,Eyes,0.9798601,0.1170878,-3.438674,-0.9737468,-0.2192449,-0.06122801,0.0,0.0,0.0,0.0,0.0,0.0,0.0,3.3539,0.1086265,1.01125,0.8745744,0.1067131,-3.392167,0.1052165,-0.683292,0.1250633,0.7116184,18.7027,272.6675,2.069663,0.2908622,0.03209752,-0.9562261,-0.3132018,0.01331005,0.03494778,-0.4627048,-0.4875765,-4.104749,-0.1513928,0.109062,2.031574,0.03494227,0.03420756,0.9988039,-0.321782,0.9465773,-0.02116157,-0.946169,-0.3206576,0.04408293,moving,86.40205,74.39668,-4.261801,3.072887,7.163265491587755,27.917192178309616
05/11/2023 10:30:21.669882,2735,True,True,True,True,Eyes,0.974929,0.1166855,-3.437979,-0.9741669,-0.2185548,-0.05685625,0.0,0.0,0.0,0.0,0.0,0.0,0.0,3.342691,0.1244271,1.032192,0.8637363,0.1059618,-3.390754,0.1062597,-0.6797032,0.1231163,0.7152306,18.62456,273.2319,1.91477,0.2891698,0.03216114,-0.9567372,-0.2944097,0.01251145,0.03285091,-0.4811038,-0.4829963,-4.088068,-0.1483037,0.1110207,2.031825,0.04569161,0.03166302,0.9984538,-0.3205632,0.9471025,-0.0153648,-0.9461246,-0.3193655,0.05342465,moving,86.65978,75.41792,-4.17464,3.127582,7.161622893098294,28.2151340174095
05/11/2023 10:30:21.695130,2736,True,True,True,True,Eyes,0.9697578,0.1162354,-3.437264,-0.9745889,-0.2178407,-0.05217156,0.0,0.0,0.0,0.0,0.0,0.0,0.0,3.332473,0.1404131,1.050232,0.8532314,0.1049916,-3.38955,0.1075641,-0.6763741,0.1215082,0.7184594,18.59828,273.7444,1.75886,0.287524,0.03220898,-0.9572314,-0.2767451,0.01176076,0.03087986,-0.4992342,-0.4774222,-4.072883,-0.1450475,0.1130852,2.032089,0.05550757,0.02909021,0.9980344,-0.3201046,0.9473314,-0.00980909,-0.9457547,-0.318931,0.06189598,moving,86.93578,76.53168,-4.082763,3.185208,7.159199191719755,28.54004133986318
05/11/2023 10:30:21.710111,2737,True,True,True,True,Eyes,0.9643783,0.1157298,-3.436533,-0.9749862,-0.2171741,-0.04730024,0.0,0.0,0.0,0.0,0.0,0.0,0.0,3.321281,0.1583056,1.070316,0.8426399,0.10329,-3.388338,0.1089482,-0.6727414,0.1197856,0.7219424,18.57092,274.3015,1.594007,0.2859142,0.03224134,-0.9577124,-0.2601404,0.01105512,0.02902706,-0.5168543,-0.4715009,-4.059094,-0.141472,0.1153515,2.03238,0.06614097,0.02636865,0.9974618,-0.3195446,0.9475634,-0.003860794,-0.94526,-0.3184782,0.07109872,moving,87.22255,77.71294,-3.981879,3.248443,7.155887027037555,28.884608429902524
05/11/2023 10:30:21.730080,2738,True,True,True,True,Eyes,0.9587995,0.1152283,-3.43578,-0.9753544,-0.2165619,-0.04224684,0.0,0.0,0.0,0.0,0.0,0.0,0.0,3.310591,0.1749244,1.089117,0.8325814,0.1013812,-3.387228,0.1104086,-0.6692418,0.1185872,0.7251638,18.59374,274.8328,1.463695,0.2843312,0.03225828,-0.9581831,-0.244532,0.01039181,0.02728544,-0.5342211,-0.4651806,-4.046321,-0.1385841,0.1171831,2.032615,0.07610514,0.02421024,0.9968058,-0.3197704,0.947494,0.001401606,-0.9444336,-0.3188557,0.07985088,moving,87.51982,78.96139,-3.900403,3.29953,7.151663025710861,29.248743835455357
05/11/2023 10:30:21.740070,2739,True,True,True,True,Eyes,0.9530124,0.1147994,-3.434995,-0.9757077,-0.215922,-0.03704567,0.0,0.0,0.0,0.0,0.0,0.0,0.0,3.301083,0.1868447,1.10419,0.8225114,0.1009193,-3.385939,0.1114721,-0.6662607,0.1174275,0.7279295,18.58809,275.2872,1.355325,0.282767,0.0322615,-0.9586457,-0.2298601,0.009768302,0.02564831,-0.5515597,-0.4583738,-4.032529,-0.1354799,0.1191522,2.032869,0.08461493,0.02241881,0.9961615,-0.3194968,0.9475695,0.005813127,-0.9438019,-0.3187623,0.08734129,moving,87.82564,80.26456,-3.81282,3.354431,7.1466962599151715,29.628815805587838
05/11/2023 10:30:21.759758,2740,True,True,True,True,Eyes,0.9470337,0.114457,-3.434174,-0.9760699,-0.2151479,-0.03160467,0.0,0.0,0.0,0.0,0.0,0.0,0.0,3.290355,0.19596,1.122006,0.8120138,0.102186,-3.384364,0.1120605,-0.6630636,0.1158188,0.7310098,18.50728,275.7847,1.25219,0.2812141,0.03225446,-0.9591026,-0.2160685,0.009182204,0.02410941,-0.5689476,-0.4531713,-4.017982,-0.132375,0.1211206,2.033121,0.09386542,0.02072293,0.9953693,-0.3179359,0.9480569,0.01024413,-0.9434544,-0.3174251,0.09557831,moving,88.14544,81.64317,-3.725228,3.409295,7.140978412007581,30.030870359489565
05/11/2023 10:30:21.780072,2741,True,True,True,True,Eyes,0.9408502,0.1141878,-3.433321,-0.9764569,-0.2141518,-0.02590237,0.0,0.0,0.0,0.0,0.0,0.0,0.0,3.27811,0.2056026,1.143611,0.8017483,0.1039232,-3.382679,0.1122743,-0.6595395,0.1134037,0.7345351,18.33227,276.3388,1.116676,0.279667,0.03224069,-0.9595553,-0.2031043,0.008631271,0.02266285,-0.5866799,-0.4460691,-4.003324,-0.1286249,0.1234987,2.033426,0.1042945,0.01849937,0.9943745,-0.3146967,0.9490682,0.01535035,-0.9434453,-0.3145272,0.1048042,moving,88.48048,83.10339,-3.619437,3.475551,7.1344625707913805,30.456705998321848
05/11/2023 10:30:21.789921,2742,True,True,True,True,Eyes,0.9344824,0.1140571,-3.432445,-0.976858,-0.2129955,-0.01953013,0.0,0.0,0.0,0.0,0.0,0.0,0.0,3.262973,0.2260444,1.170547,0.7910541,0.1052547,-3.381038,0.1125742,-0.6553487,0.1082395,0.7390059,17.95411,276.9852,0.7485766,0.2781188,0.03222296,-0.9600057,-0.1909181,0.008113395,0.02130308,-0.6040349,-0.43718,-3.99122,-0.1260535,0.125129,2.033636,0.1176048,0.01242856,0.9929829,-0.30753,0.9512225,0.02451676,-0.944243,-0.3082553,0.1156905,moving,88.85465,84.76104,-3.546902,3.520954,7.126297764131778,30.94008449598273
05/11/2023 10:30:21.810062,2743,True,True,True,True,Eyes,0.927932,0.1139654,-3.431543,-0.977254,-0.2116721,-0.01302242,0.0,0.0,0.0,0.0,0.0,0.0,0.0,3.248455,0.2377764,1.197649,0.7806648,0.1082772,-3.379674,0.1121205,-0.6513184,0.1037366,0.7432712,17.56592,277.6205,0.4901987,0.2765656,0.0322056,-0.9604549,-0.179463,0.007626592,0.02002489,-0.6217765,-0.4290231,-3.975789,-0.1226177,0.1273079,2.033915,0.1300461,0.008156532,0.9914744,-0.3002611,0.9533355,0.03154078,-0.9449505,-0.3018029,0.1264266,moving,89.23655,86.47951,-3.449988,3.581615,7.117086664307604,31.441166763717835
05/11/2023 10:30:21.829707,2744,True,True,True,True,Eyes,0.9212068,0.1139696,-3.430606,-0.9775982,-0.2103919,-0.006087875,0.0,0.0,0.0,0.0,0.0,0.0,0.0,3.236097,0.2447043,1.218445,0.7700439,0.1090754,-3.378157,0.111368,-0.6479105,0.1004477,0.7468062,17.24768,278.1638,0.3429849,0.2750029,0.03218975,-0.9609041,-0.1686952,0.007168996,0.0188234,-0.6405575,-0.4231101,-3.957296,-0.1195019,0.1292831,2.034167,0.1402444,0.005716988,0.9901004,-0.2943429,0.9550149,0.03617829,-0.9453537,-0.2965028,0.1356183,moving,89.6432,88.34256,-3.36211,3.636588,7.106181858517879,31.984367662704585
05/11/2023 10:30:21.840095,2745,True,True,True,True,Eyes,0.7494043,0.11559,-3.406224,-0.9695014,-0.1760131,0.1705474,0.0,0.0,0.0,0.0,0.0,0.0,0.0,3.223122,0.2509936,1.240102,0.7594399,0.1113294,-3.376422,0.1107324,-0.6443911,0.09713944,0.7503747,16.94019,278.7181,0.1839972,0.2734267,0.03217799,-0.9613541,-0.1585735,0.006738856,0.017694,-0.6583595,-0.4113546,-3.940788,-0.1163366,0.1312905,2.034425,0.1506479,0.00307201,0.9885827,-0.2884919,0.9566045,0.04099,-0.9455568,-0.2913732,0.1449967,moving,-80.02303,-45.90355,-3.272838,3.692429,-9.581312883499887,-7.8972115003966925
05/11/2023 10:30:21.860149,2746,True,True,True,True,Eyes,0.7489904,0.1156214,-3.406142,-0.9693556,-0.1762608,0.1711197,0.0,0.0,0.0,0.0,0.0,0.0,0.0,3.209581,0.255615,1.262914,0.7493711,0.1128536,-3.374522,0.1110393,-0.6405004,0.09641691,0.7537462,16.9119,279.3148,0.1860264,0.2653501,0.03235183,-0.9636089,-0.6644666,0.01119592,0.08977655,-0.67393,-0.4063357,-3.926762,-0.1131165,0.1333322,2.034687,0.1609261,0.003106357,0.9869617,-0.2875891,0.9567481,0.04388071,-0.9441373,-0.290901,0.154859,moving,-79.98875,-45.84789,-3.182029,3.749209,-9.578883686846083,-7.880866286591092
05/11/2023 10:30:21.870379,2747,True,True,True,True,Eyes,0.7482206,0.1156965,-3.405981,-0.9691307,-0.1765893,0.1720521,0.0,0.0,0.0,0.0,0.0,0.0,0.0,3.196025,0.2578307,1.285418,0.7393501,0.1136962,-3.372504,0.111256,-0.6365957,0.09646065,0.7570097,16.9332,279.9159,0.2631143,0.2587415,0.03248512,-0.9653999,-0.6245986,0.01052416,0.08438996,-0.6934621,-0.3919296,-3.909058,-0.1097337,0.1354772,2.034962,0.1708827,0.004393104,0.9852818,-0.2876934,0.9566349,0.04563087,-0.9423544,-0.2912566,0.1647362,moving,-79.93303,-45.7456,-3.086639,3.808836,-9.575325470318539,-7.850866000511465
05/11/2023 10:30:21.895050,2748,True,True,True,True,Eyes,0.7470922,0.1157651,-3.405725,-0.9687713,-0.1771197,0.1735241,0.0,0.0,0.0,0.0,0.0,0.0,0.0,3.182747,0.2590089,1.30753,0.7303489,0.1148829,-3.370458,0.1118724,-0.6327375,0.09752741,0.7600108,17.06563,280.5027,0.3998902,0.2533163,0.03258846,-0.9668342,-0.5871227,0.009892712,0.07932656,-0.7095388,-0.3804485,-3.896209,-0.1066874,0.1374089,2.03521,0.1802633,0.006672025,0.9835959,-0.2898155,0.955946,0.04662996,-0.9399533,-0.293467,0.1742556,moving,-79.845,-45.58751,-3.000746,3.86251,-9.569587916455703,-7.804490229266112
05/11/2023 10:30:21.910211,2749,True,True,True,True,Eyes,0.7456385,0.1158999,-3.40537,-0.9683777,-0.1774979,0.1753257,0.0,0.0,0.0,0.0,0.0,0.0,0.0,3.167404,0.2589793,1.332895,0.7209567,0.1149008,-3.367959,0.1118013,-0.6284922,0.09815074,0.7634557,17.10265,281.1603,0.5596125,0.2488425,0.0326688,-0.9679926,-0.5518953,0.00929915,0.07456697,-0.7255154,-0.371716,-3.884146,-0.1036339,0.1393446,2.035459,0.190728,0.009335003,0.9815986,-0.2903999,0.9557338,0.04733671,-0.937705,-0.2940846,0.1849961,moving,-79.73771,-45.35274,-2.914657,3.916277,-9.563985113473866,-7.7357439217723085
05/11/2023 10:30:21.929832,2750,True,True,True,True,Eyes,0.7438653,0.1160706,-3.404893,-0.9679258,-0.1778848,0.1774166,0.0,0.0,0.0,0.0,0.0,0.0,0.0,3.153384,0.2445189,1.3571,0.7119762,0.1167864,-3.365232,0.1095307,-0.6248997,0.09839787,0.7666951,16.91369,281.7607,0.8378959,0.2451311,0.03273365,-0.9689369,-0.5187816,0.008741201,0.07009295,-0.7417112,-0.3650045,-3.867863,-0.1002921,0.1414641,2.035731,0.1996365,0.01399096,0.9797702,-0.2877737,0.9566418,0.04497569,-0.9366598,-0.2909308,0.1950069,moving,-79.61324,-45.0755,-2.820446,3.975125,-9.557646214739723,-7.654573127156664
05/11/2023 10:30:21.940418,2751,True,True,True,True,Eyes,0.7417799,0.1162443,-3.404294,-0.9674327,-0.1781328,0.1798407,0.0,0.0,0.0,0.0,0.0,0.0,0.0,3.140247,0.2324587,1.376572,0.7027631,0.118031,-3.361894,0.1074421,-0.6217609,0.09821087,0.769561,16.70798,282.2818,1.050038,0.241961,0.03279041,-0.9697315,-0.4876547,0.008216728,0.06588737,-0.7572884,-0.3600503,-3.849581,-0.09725729,0.1433883,2.035978,0.207536,0.01755195,0.9780699,-0.2847651,0.9576216,0.04323911,-0.9358619,-0.2874939,0.2037391,moving,-79.46922,-44.72664,-2.734902,4.028533,-9.551238861065112,-7.552499765019083
05/11/2023 10:30:21.960043,2752,True,True,True,True,Eyes,0.7394074,0.1163919,-3.403582,-0.96685,-0.178488,0.1826012,0.0,0.0,0.0,0.0,0.0,0.0,0.0,3.123767,0.2332396,1.400403,0.6935142,0.1183094,-3.358346,0.1065658,-0.6177768,0.09684287,0.773057,16.52403,282.8976,1.079542,0.2390524,0.0328472,-0.9704507,-0.4583954,0.007723725,0.06193413,-0.7723384,-0.3558007,-3.830683,-0.09396195,0.1454774,2.036245,0.2179466,0.01806236,0.9757937,-0.2813979,0.9585304,0.04510831,-0.9345132,-0.2844175,0.2139911,moving,-79.30498,-44.34737,-2.642024,4.086494,-9.543318698419448,-7.44148828731202
05/11/2023 10:30:21.979760,2753,True,True,True,True,Eyes,0.7367619,0.1165743,-3.40276,-0.9661906,-0.178882,0.1856796,0.0,0.0,0.0,0.0,0.0,0.0,0.0,3.107021,0.2464954,1.422766,0.6846172,0.1177489,-3.355002,0.1074142,-0.6136291,0.09510478,0.7764513,16.47051,283.4986,0.9478478,0.2363724,0.03290349,-0.9711049,-0.4308917,0.007260302,0.05821808,-0.7875183,-0.3508461,-3.811167,-0.09079349,0.1474866,2.036503,0.2288288,0.01586349,0.9733374,-0.2795134,0.9588346,0.05008564,-0.9324749,-0.2835219,0.2238431,moving,-79.1217,-43.9318,-2.55273,4.142213,-9.534227134980288,-7.319834373674319
05/11/2023 10:30:22.000278,2754,True,True,True,True,Eyes,0.7338674,0.1167691,-3.401823,-0.9654077,-0.179583,0.1890451,0.0,0.0,0.0,0.0,0.0,0.0,0.0,3.089138,0.2652194,1.445904,0.675792,0.1186564,-3.351563,0.1094474,-0.6091637,0.09352076,0.7798685,16.53782,284.1212,0.7486183,0.2338915,0.03296052,-0.9717035,-0.4050382,0.006824683,0.054725,-0.8034919,-0.3412952,-3.793,-0.08758625,0.1495203,2.036764,0.240347,0.012525,0.9706063,-0.2792106,0.9585503,0.05677028,-0.9296639,-0.2846481,0.2338817,moving,-78.92059,-43.52963,-2.462353,4.198592,-9.522473468984998,-7.201978007929173
05/11/2023 10:30:22.010339,2755,True,True,True,True,Eyes,0.7307434,0.1169385,-3.400764,-0.9645501,-0.1803857,0.1926243,0.0,0.0,0.0,0.0,0.0,0.0,0.0,3.073941,0.2794936,1.463158,0.6672314,0.1191394,-3.347935,0.111919,-0.6053033,0.09413026,0.782446,16.80383,284.6531,0.7070892,0.2315839,0.03301878,-0.972254,-0.3807359,0.006415202,0.05144149,-0.8189474,-0.3289567,-3.779829,-0.08437541,0.1515564,2.037024,0.2494948,0.01181378,0.9683042,-0.2827936,0.9572273,0.06118644,-0.9261643,-0.2890958,0.2421641,moving,-78.70639,-43.12078,-2.371888,4.255016,-9.509310896802841,-7.082112656788136
05/11/2023 10:30:22.019977,2756,True,True,True,True,Eyes,0.7274151,0.1171135,-3.399575,-0.9635943,-0.1814341,0.1963868,0.0,0.0,0.0,0.0,0.0,0.0,0.0,3.058478,0.2894545,1.480662,0.658895,0.1186899,-3.34398,0.1135174,-0.6015285,0.09471071,0.7850525,16.98831,285.188,0.727196,0.2294267,0.03307759,-0.9727634,-0.3578917,0.00603029,0.04835501,-0.8332511,-0.3222321,-3.768556,-0.08123004,0.153551,2.037281,0.2583869,0.01213781,0.9659653,-0.2852736,0.9562873,0.06429188,-0.92296,-0.2921766,0.2505547,moving,-78.48051,-42.73364,-2.283277,4.310266,-9.493977370615145,-6.968490624047942
05/11/2023 10:30:22.039746,2757,True,True,True,True,Eyes,0.7238988,0.1173071,-3.398254,-0.9625591,-0.1826257,0.2003192,0.0,0.0,0.0,0.0,0.0,0.0,0.0,3.043967,0.3009415,1.495111,0.6509398,0.1190207,-3.339726,0.1157021,-0.5980579,0.09560084,0.7872741,17.24919,285.6657,0.7280511,0.2274002,0.03313726,-0.9732371,-0.3364182,0.005668472,0.0454537,-0.8486276,-0.3145888,-3.752503,-0.07788855,0.1556695,2.037553,0.2663748,0.01213508,0.9637932,-0.2889212,0.9549471,0.06782882,-0.9195483,-0.2965281,0.2578799,moving,-78.24392,-42.3546,-2.189152,4.368924,-9.477043107587754,-6.8571644816484385
05/11/2023 10:30:22.059620,2758,True,True,True,True,Eyes,0.7201965,0.1175226,-3.396792,-0.9616964,-0.1815522,0.2053748,0.0,0.0,0.0,0.0,0.0,0.0,0.0,3.028219,0.3184801,1.510137,0.6432044,0.1195761,-3.335273,0.1184952,-0.594381,0.09570467,0.7896271,17.51191,286.1549,0.6175982,0.2254868,0.03319842,-0.9736802,-0.3162331,0.005328364,0.04272648,-0.8629586,-0.3105525,-3.734711,-0.07478979,0.1576344,2.037806,0.275104,0.01027939,0.9613596,-0.2920046,0.953599,0.07336404,-0.9159974,-0.3009041,0.2653405,moving,-77.9453,-41.47683,-2.101877,4.423305,-9.468857448598293,-6.600672831562949
05/11/2023 10:30:22.070423,2759,True,True,True,True,Eyes,0.7163256,0.1177298,-3.395215,-0.9607276,-0.1806674,0.2106221,0.0,0.0,0.0,0.0,0.0,0.0,0.0,3.00944,0.3446465,1.528572,0.6353239,0.1198321,-3.330773,0.1219472,-0.5900366,0.09455632,0.7924927,17.75022,286.7183,0.3587784,0.2236712,0.03326172,-0.9740967,-0.2972592,0.005008662,0.04016289,-0.8760543,-0.3112532,-3.718101,-0.07154214,0.1596938,2.038069,0.2858317,0.005963714,0.9582613,-0.2937771,0.9523759,0.08170119,-0.9121377,-0.304868,0.2739712,moving,-77.63457,-40.62232,-2.010422,4.480281,-9.458396118639776,-6.35087237532031
05/11/2023 10:30:22.090165,2760,True,True,True,True,Eyes,0.7122998,0.1179443,-3.393532,-0.9596575,-0.1799542,0.2160413,0.0,0.0,0.0,0.0,0.0,0.0,0.0,2.99025,0.3737784,1.546838,0.6277672,0.1196531,-3.3265,0.1254421,-0.5856821,0.09263422,0.7953992,17.94244,287.2728,0.02553604,0.2219392,0.03332689,-0.9744905,-0.2794236,0.004708142,0.03775312,-0.8879063,-0.316198,-3.702909,-0.06826216,0.1617732,2.038336,0.2967909,0.000423998,0.9549425,-0.2943007,0.9513664,0.09104466,-0.9084615,-0.3080615,0.2824817,moving,-77.31289,-39.79301,-1.918071,4.537787,-9.445739452584146,-6.108332633203124
05/11/2023 10:30:22.109870,2761,True,True,True,True,Eyes,0.7081257,0.1181462,-3.391738,-0.9585215,-0.1792857,0.2215697,0.0,0.0,0.0,0.0,0.0,0.0,0.0,2.972391,0.3967676,1.563564,0.6203796,0.1198893,-3.322351,0.1281002,-0.5817178,0.09079338,0.7980924,18.06549,287.7851,359.7521,0.2202788,0.03339411,-0.9748648,-0.2626582,0.004425654,0.03548793,-0.8980274,-0.3264149,-3.687931,-0.06509683,0.1637808,2.038594,0.306722,-0.004113372,0.9517903,-0.2939593,0.9506938,0.09883939,-0.9052677,-0.3101039,0.2903895,moving,-76.98425,-38.97846,-1.82896,4.593283,-9.431728924540906,-5.870042714069322
05/11/2023 10:30:22.120090,2762,True,True,True,True,Eyes,0.7038086,0.1183367,-3.389828,-0.957347,-0.178511,0.2272016,0.0,0.0,0.0,0.0,0.0,0.0,0.0,2.955996,0.4108259,1.578646,0.6129263,0.1197024,-3.317952,0.1294063,-0.5782233,0.0891604,0.8006012,18.07821,288.2576,359.5849,0.2186791,0.03346295,-0.9752226,-0.2468987,0.004160115,0.03335866,-0.9078628,-0.3373806,-3.672613,-0.06204876,0.1657135,2.038841,0.3154165,-0.006887583,0.9489284,-0.2924153,0.9506088,0.1040964,-0.9027768,-0.310315,0.2978238,moving,-76.64932,-38.15652,-1.743164,4.646688,-9.417179437270608,-5.6295734676930325
05/11/2023 10:30:22.139994,2763,True,True,True,True,Eyes,0.6993517,0.1185114,-3.387803,-0.9561164,-0.1777248,0.2329279,0.0,0.0,0.0,0.0,0.0,0.0,0.0,2.94031,0.4213314,1.592488,0.6054434,0.1195219,-3.313323,0.1300456,-0.5750231,0.08722879,0.8030118,18.00942,288.698,359.4296,0.2171308,0.03353307,-0.9755661,-0.2320848,0.003910508,0.03135714,-0.9175254,-0.3488767,-3.655462,-0.05880241,0.1677719,2.039105,0.3234793,-0.009466913,0.946188,-0.2896499,0.9509585,0.1085391,-0.9008132,-0.3091733,0.3048733,moving,-76.30838,-37.34376,-1.651802,4.703543,-9.401578626927808,-5.3917385397979745
05/11/2023 10:30:22.160459,2764,True,True,True,True,Eyes,0.6947653,0.1186527,-3.385665,-0.9548372,-0.1768506,0.238767,0.0,0.0,0.0,0.0,0.0,0.0,0.0,2.923952,0.4301856,1.607438,0.5978958,0.1192637,-3.308581,0.1304944,-0.571665,0.08551927,0.8055166,17.93919,289.1657,359.312,0.2156256,0.03360404,-0.9758974,-0.2181597,0.003675877,0.02947571,-0.9277412,-0.3591446,-3.635859,-0.05563135,0.1697827,2.039363,0.3317711,-0.01142381,0.9432908,-0.2869725,0.9513153,0.112454,-0.8986517,-0.3080075,0.3123406,moving,-75.9605,-36.52671,-1.562572,4.759059,-9.385255565324307,-5.152621142753959
05/11/2023 10:30:22.179759,2765,True,True,True,True,Eyes,0.6900629,0.1187593,-3.38341,-0.9535087,-0.1759876,0.2446415,0.0,0.0,0.0,0.0,0.0,0.0,0.0,2.909088,0.4346826,1.620485,0.5904399,0.1185798,-3.303791,0.1305755,-0.5686185,0.08457002,0.8077568,17.88591,289.6004,359.2853,0.2141553,0.03367498,-0.9762188,-0.2050701,0.003455325,0.02770717,-0.9377989,-0.3673434,-3.617929,-0.05240157,0.1718304,2.039626,0.3390418,-0.01187123,0.9406965,-0.2851192,0.951596,0.1147703,-0.8965254,-0.3071226,0.319246,moving,-75.61004,-35.73009,-1.471706,4.815571,-9.367936636743764,-4.919423312539142
05/11/2023 10:30:22.190221,2766,True,True,True,True,Eyes,0.6852518,0.1188476,-3.381031,-0.9521271,-0.1750232,0.250641,0.0,0.0,0.0,0.0,0.0,0.0,0.0,2.894721,0.4377388,1.632396,0.5831722,0.1178575,-3.298752,0.1306036,-0.5657281,0.08396109,0.8098425,17.85054,290.015,359.2908,0.2127147,0.033745,-0.9765313,-0.1927659,0.003248005,0.02604474,-0.9483066,-0.3733811,-3.600656,-0.04928249,0.1738086,2.03988,0.3458045,-0.01178178,0.9382325,-0.2837628,0.9517865,0.1165385,-0.8943701,-0.306535,0.3257889,moving,-75.25186,-34.92669,-1.383969,4.870142,-9.349880590008155,-4.684215768400624
05/11/2023 10:30:22.209938,2767,True,True,True,True,Eyes,0.6803277,0.1188926,-3.378526,-0.9506868,-0.1740814,0.2566912,0.0,0.0,0.0,0.0,0.0,0.0,0.0,2.879195,0.4419704,1.645408,0.5759944,0.117498,-3.293463,0.1308139,-0.5626256,0.08325914,0.8120394,17.82674,290.4542,359.279,0.2112975,0.03381384,-0.9768365,-0.1811999,0.003053125,0.02448205,-0.9599439,-0.3754912,-3.583158,-0.04605228,0.1758569,2.040143,0.3530408,-0.01197909,0.9355313,-0.2824179,0.9519113,0.1187646,-0.8919654,-0.3061395,0.3326803,moving,-74.8901,-34.14412,-1.293122,4.926621,-9.3306909811987,-4.455038684493458
05/11/2023 10:30:22.229589,2768,True,True,True,True,Eyes,0.6753283,0.1189327,-3.375905,-0.9491966,-0.1730581,0.2628243,0.0,0.0,0.0,0.0,0.0,0.0,0.0,2.863177,0.4482746,1.658017,0.5686019,0.1164844,-3.28799,0.1311605,-0.5594568,0.08230544,0.8142672,17.7998,290.8967,359.2345,0.2098988,0.03388052,-0.9771357,-0.1703279,0.002869937,0.02301313,-0.9717928,-0.3752333,-3.565628,-0.04287182,0.1778735,2.040401,0.360468,-0.01271999,0.9326849,-0.2807944,0.9520454,0.1215067,-0.889504,-0.305692,0.3396102,moving,-74.52306,-33.36312,-1.203691,4.982206,-9.310792241679387,-4.2262897130520996
05/11/2023 10:30:22.240128,2769,True,True,True,True,Eyes,0.6702362,0.1189008,-3.373155,-0.947661,-0.1720453,0.268959,0.0,0.0,0.0,0.0,0.0,0.0,0.0,2.848507,0.4474378,1.670602,0.562016,0.1164503,-3.282633,0.1309822,-0.556537,0.08243845,0.8162809,17.79406,291.3224,359.3256,0.2085151,0.03394525,-0.9774297,-0.1601083,0.002697741,0.02163234,-0.9838615,-0.3745914,-3.547121,-0.03962502,0.1799321,2.040666,0.3669412,-0.01120702,0.9301767,-0.2803787,0.9520952,0.1220764,-0.8869848,-0.3055966,0.3462206,moving,-74.15534,-32.60588,-1.112412,5.038923,-9.290024184739234,-4.004437406571946
05/11/2023 10:30:22.259925,2770,True,True,True,True,Eyes,0.6650726,0.1188475,-3.370273,-0.9460592,-0.1709996,0.2751928,0.0,0.0,0.0,0.0,0.0,0.0,0.0,2.834466,0.4451709,1.68117,0.5548943,0.1147576,-3.276832,0.1304108,-0.5538203,0.08266757,0.8181946,17.75629,291.7272,359.4482,0.2071425,0.03400629,-0.9777193,-0.1505018,0.002535877,0.0203344,-0.9964275,-0.3736744,-3.527105,-0.03630573,0.1820371,2.040936,0.3728985,-0.00917199,0.9278268,-0.2797246,0.9523181,0.1218369,-0.8847038,-0.3049688,0.3525524,moving,-73.78117,-31.85603,-1.019114,5.096891,-9.26820914549453,-3.784697256623047
05/11/2023 10:30:22.271315,2771,True,True,True,True,Eyes,0.6598446,0.1187666,-3.367246,-0.9444273,-0.1699527,0.2813773,0.0,0.0,0.0,0.0,0.0,0.0,0.0,2.819802,0.4419096,1.692729,0.5482209,0.1142562,-3.270825,0.1298185,-0.5510396,0.08286072,0.8201444,17.71358,292.1401,359.5696,0.2057789,0.0340635,-0.9780053,-0.1414717,0.002383724,0.01911434,-1.008526,-0.3719703,-3.508631,-0.03327046,0.1839615,2.041183,0.3789789,-0.007154776,0.9253777,-0.2789857,0.9525626,0.1216207,-0.8823503,-0.3042589,0.359005,moving,-73.4094,-31.1321,-0.9338156,5.149865,-9.245836869857893,-3.572497306182137
05/11/2023 10:30:22.290237,2772,True,True,True,True,Eyes,0.6545543,0.1186583,-3.364074,-0.9427319,-0.168798,0.2876871,0.0,0.0,0.0,0.0,0.0,0.0,0.0,2.807189,0.43461,1.700851,0.5416007,0.1136116,-3.264331,0.128839,-0.5488147,0.08352048,0.8217221,17.66278,292.4846,359.7501,0.2044216,0.03411666,-0.978288,-0.1329834,0.002240701,0.01796748,-1.020281,-0.3712939,-3.491705,-0.03004031,0.1860096,2.041446,0.3836535,-0.004156166,0.9234677,-0.2786787,0.9528497,0.1200651,-0.8804249,-0.3034141,0.3644059,moving,-73.02974,-30.40192,-0.8430588,5.20622,-9.222688810476509,-3.3584406652277723
05/11/2023 10:30:22.310016,2773,True,True,True,True,Eyes,0.6492033,0.1185289,-3.360748,-0.9409994,-0.167584,0.2939995,0.0,0.0,0.0,0.0,0.0,0.0,0.0,2.792473,0.4303165,1.711394,0.5350028,0.1128985,-3.257756,0.1277949,-0.5462281,0.08310802,0.8236483,17.53618,292.8717,359.8373,0.2030687,0.03416551,-0.978568,-0.1250044,0.002106259,0.01688943,-1.032313,-0.3711988,-3.473284,-0.02689866,0.1880014,2.041701,0.3894558,-0.002706774,0.9210413,-0.2765138,0.953523,0.1197242,-0.8785581,-0.3013079,0.3706067,moving,-72.64946,-29.68378,-0.7548072,5.261004,-9.199065952570766,-3.1478773468060295
05/11/2023 10:30:22.320080,2774,True,True,True,True,Eyes,0.6438109,0.118359,-3.357265,-0.9392015,-0.1662522,0.3004346,0.0,0.0,0.0,0.0,0.0,0.0,0.0,2.7766,0.4264545,1.722721,0.5283913,0.112306,-3.250742,0.1267032,-0.543489,0.08242197,0.8256954,17.38718,293.2778,359.9032,0.2017188,0.03421002,-0.9788456,-0.1175041,0.001979883,0.01587606,-1.043834,-0.3714089,-3.454152,-0.02360934,0.1900872,2.041968,0.3956528,-0.001612703,0.9183989,-0.2738344,0.9543058,0.1196456,-0.8766264,-0.2988273,0.3771321,moving,-72.26141,-28.95893,-0.6624272,5.318348,-9.174697440518838,-2.9353243798592485
05/11/2023 10:30:22.344853,2775,True,True,True,True,Eyes,0.638377,0.1181543,-3.353619,-0.9373611,-0.1648681,0.3068758,0.0,0.0,0.0,0.0,0.0,0.0,0.0,2.760315,0.4227555,1.734305,0.522202,0.111214,-3.24358,0.1256042,-0.5407053,0.08187883,0.8277423,17.24633,293.69,359.9832,0.2003709,0.0342496,-0.979121,-0.1104539,0.00186109,0.0149235,-1.055127,-0.3722446,-3.434953,-0.02042509,0.1921061,2.042228,0.4018673,-0.0002805353,0.915698,-0.2713788,0.9550389,0.1193911,-0.8745607,-0.2964804,0.3837227,moving,-71.87245,-28.24678,-0.5730175,5.373825,-9.149796232913758,-2.7264548800584363
05/11/2023 10:30:22.360938,2776,True,True,True,True,Eyes,0.632904,0.1179264,-3.349807,-0.9354283,-0.1634577,0.3134573,0.0,0.0,0.0,0.0,0.0,0.0,0.0,2.743202,0.4209579,1.745869,0.5159811,0.110204,-3.236053,0.124661,-0.5378366,0.08093946,0.8298436,17.09534,294.1061,0.01436955,0.1990238,0.0342839,-0.9793945,-0.1038266,0.001749425,0.01402809,-1.066648,-0.3720738,-3.415138,-0.01729606,0.1940903,2.042483,0.4083612,0.0002396978,0.9128204,-0.2684287,0.9558169,0.1198338,-0.8724604,-0.2939627,0.3903829,moving,-71.47427,-27.54057,-0.4851778,5.428326,-9.123551104834068,-2.519261831039782
05/11/2023 10:30:22.379827,2777,True,True,True,True,Eyes,0.6273957,0.1176646,-3.345837,-0.9334205,-0.1620298,0.3201135,0.0,0.0,0.0,0.0,0.0,0.0,0.0,2.724512,0.4234367,1.758347,0.509798,0.1094091,-3.228341,0.1243038,-0.5346537,0.07969368,0.8320715,16.98231,294.5512,359.9822,0.1976775,0.03431292,-0.9796662,0.0,0.0,0.0,-1.078021,-0.370147,-3.394444,-0.01402043,0.1961675,2.042749,0.4155886,-0.0002973313,0.9095527,-0.2655407,0.9563949,0.1216423,-0.8699278,-0.2920764,0.3973879,moving,-71.07076,-26.84687,-0.3932441,5.48536,-9.096229331286079,-2.315673766274265
05/11/2023 10:30:22.389837,2778,True,True,True,True,Eyes,0.6218589,0.1173758,-3.341716,-0.9312798,-0.1606439,0.326973,0.0,0.0,0.0,0.0,0.0,0.0,0.0,2.703094,0.4289259,1.774128,0.5037205,0.1083092,-3.220677,0.1241618,-0.5308672,0.07809161,0.834665,16.86871,295.0723,359.9122,0.1963312,0.03433635,-0.9799361,0.0,0.0,0.0,-1.089985,-0.368498,-3.37275,-0.01084585,0.1981806,2.043006,0.4241634,-0.001466167,0.9055845,-0.2621875,0.9569711,0.1243544,-0.8668005,-0.2901796,0.4055277,moving,-70.65379,-26.16518,-0.3041674,5.540608,-9.066835359903232,-2.1155026136503654
05/11/2023 10:30:22.410042,2779,True,True,True,True,Eyes,0.6163022,0.1170366,-3.337448,-0.9290701,-0.1592003,0.3338923,0.0,0.0,0.0,0.0,0.0,0.0,0.0,2.68137,0.4298475,1.791164,0.4977811,0.1073908,-3.213014,0.1235346,-0.5269758,0.0770992,0.837312,16.7462,295.6206,359.9349,0.194984,0.03435411,-0.9802043,0.0,0.0,0.0,-1.101532,-0.3632872,-3.351061,-0.00763144,0.2002187,2.043268,0.4327045,-0.001087295,0.9015351,-0.2593117,0.9575898,0.1256152,-0.8634375,-0.2881328,0.4140715,moving,-70.23241,-25.49187,-0.2139941,5.596515,-9.036615661558873,-1.9177418837328606
05/11/2023 10:30:22.420393,2780,True,True,True,True,Eyes,0.6107353,0.1166917,-3.333035,-0.9267691,-0.1576936,0.3409276,0.0,0.0,0.0,0.0,0.0,0.0,0.0,2.660106,0.4266636,1.808024,0.4920124,0.1059031,-3.205287,0.1222959,-0.5232027,0.07647157,0.8399134,16.58613,296.1647,0.02916699,0.1936356,0.0343654,-0.9804711,0.0,0.0,0.0,-1.113287,-0.3593765,-3.330919,-0.004490331,0.2022105,2.043524,0.4408221,0.000487887,0.8975943,-0.2564301,0.9583916,0.1254158,-0.8601857,-0.2854563,0.4226053,moving,-69.80311,-24.82256,-0.1258985,5.651128,-9.005277941476116,-1.7211010544836478
05/11/2023 10:30:22.440316,2781,True,True,True,True,Eyes,0.605134,0.1164357,-3.328456,-0.924435,-0.1560484,0.3479494,0.0,0.0,0.0,0.0,0.0,0.0,0.0,2.639653,0.4180075,1.824604,0.4864442,0.1055132,-3.197486,0.1203769,-0.5196632,0.07593913,0.8424326,16.36435,296.6868,0.1693687,0.1922868,0.03437084,-0.9807363,0.0,0.0,0.0,-1.125037,-0.3551565,-3.307356,-0.0009604916,0.2044489,2.043811,0.4483668,0.002836297,0.8938451,-0.2530581,0.9594853,0.1238933,-0.85728,-0.2817444,0.4309191,moving,-69.37409,-24.15529,-0.02692622,5.712475,-8.973907706810959,-1.5250541472389978
05/11/2023 10:30:22.459945,2782,True,True,True,True,Eyes,0.5995027,0.116371,-3.323704,-0.9220481,-0.1544088,0.354944,0.0,0.0,0.0,0.0,0.0,0.0,0.0,2.621379,0.4020728,1.838054,0.4802139,0.1075086,-3.188976,0.1178158,-0.5167022,0.07558893,0.8446448,16.08952,297.1385,0.3542264,0.1909369,0.03437378,-0.9809999,0.0,0.0,0.0,-1.136205,-0.3514546,-3.282875,0.001848325,0.2062298,2.04404,0.4546103,0.005940234,0.8906707,-0.2494429,0.9608115,0.120911,-0.8550484,-0.2771389,0.4382765,moving,-68.94571,-23.51015,0.05180976,5.761262,-8.941886305500365,-1.3354374888072744
05/11/2023 10:30:22.480344,2783,True,True,True,True,Eyes,0.593846,0.116282,-3.318778,-0.9195715,-0.1527711,0.3620074,0.0,0.0,0.0,0.0,0.0,0.0,0.0,2.604445,0.3806797,1.850003,0.4740353,0.1121985,-3.180136,0.1151757,-0.5140517,0.07608346,0.8465795,15.8567,297.5532,0.619989,0.1895853,0.0343803,-0.9812618,0.0,0.0,0.0,-1.146558,-0.3495632,-3.260023,0.005046092,0.2082573,2.0443,0.4599243,0.01040892,0.8878971,-0.2472339,0.9618917,0.116789,-0.8528453,-0.2732324,0.4449709,moving,-68.51195,-22.88029,0.141427,5.816782,-8.908690555971214,-1.1502299993695244
05/11/2023 10:30:22.489822,2784,True,True,True,True,Eyes,0.5881918,0.1162392,-3.313697,-0.9169812,-0.1510926,0.3692105,0.0,0.0,0.0,0.0,0.0,0.0,0.0,2.580734,0.3759166,1.867075,0.4680523,0.1116209,-3.171109,0.1141997,-0.5098786,0.07636713,0.8492057,15.77343,298.1465,0.7887138,0.1882316,0.03438949,-0.981522,0.0,0.0,0.0,-1.156645,-0.3483951,-3.235584,0.008221552,0.2102708,2.044557,0.4683836,0.01324687,0.883426,-0.2461587,0.962253,0.1160821,-0.8485416,-0.271834,0.4539644,moving,-68.06847,-22.25593,0.2303959,5.871894,-8.874103174243444,-0.9665685420894619
05/11/2023 10:30:22.510076,2785,True,True,True,True,Eyes,0.5825447,0.1162829,-3.308461,-0.9143292,-0.14928,0.3764539,0.0,0.0,0.0,0.0,0.0,0.0,0.0,2.555298,0.3687043,1.887428,0.4627565,0.1127213,-3.16244,0.1118904,-0.5056128,0.07394158,0.8522729,15.39631,298.7463,0.7660782,0.1868768,0.03440263,-0.9817804,0.0,0.0,0.0,-1.165648,-0.3491388,-3.212178,0.0115089,0.2123552,2.044824,0.4777766,0.01289035,0.8783869,-0.2391832,0.9640264,0.1159507,-0.8452935,-0.2654939,0.4636724,moving,-67.62171,-21.63044,0.3224748,5.928919,-8.83914479897808,-0.7825616227856624
05/11/2023 10:30:22.519786,2786,True,True,True,True,Eyes,0.5825447,0.1162829,-3.308461,-0.9143292,-0.14928,0.3764539,0.0,0.0,0.0,0.0,0.0,0.0,0.0,2.532338,0.3564429,1.904648,0.4575342,0.1149216,-3.153558,0.1096148,-0.5018281,0.07301578,0.8548813,15.11148,299.2896,0.8798164,0.1855216,0.03442205,-0.9820367,0.0,0.0,0.0,-1.174882,-0.3475406,-3.191484,0.0146459,0.2143441,2.045079,0.4856744,0.01482411,0.8740141,-0.2348552,0.9653066,0.1141324,-0.8419997,-0.2606979,0.4723062,moving,-67.62171,-21.63044,0.4103186,5.983307,-8.83914479897808,-0.7825616227856624
05/11/2023 10:30:22.540059,2787,True,True,True,True,Eyes,0.5825447,0.1162829,-3.308461,-0.9143292,-0.14928,0.3764539,0.0,0.0,0.0,0.0,0.0,0.0,0.0,2.509103,0.3362482,1.922324,0.4519965,0.1154812,-3.144257,0.1060974,-0.4980072,0.07299952,0.8575565,14.75449,299.8599,1.157093,0.184302,0.03443946,-0.9822657,0.0,0.0,0.0,-1.18481,-0.3414826,-3.168776,0.01796289,0.2164474,2.04535,0.4933198,0.01952785,0.8696287,-0.230877,0.9668288,0.1092605,-0.8386484,-0.2546777,0.4814642,moving,-67.62171,-21.63044,0.5031762,6.040794,-8.83914479897808,-0.7825616227856624
05/11/2023 10:30:22.560221,2788,True,True,True,True,Eyes,0.5825447,0.1162829,-3.308461,-0.9143292,-0.14928,0.3764539,0.0,0.0,0.0,0.0,0.0,0.0,0.0,2.487119,0.3173402,1.937306,0.4466086,0.117459,-3.134703,0.1030582,-0.4945298,0.0729277,0.8599424,14.44071,300.372,1.390312,0.1832039,0.03445509,-0.9824706,0.0,0.0,0.0,-1.194722,-0.3317275,-3.143878,0.0211778,0.2184861,2.045612,0.5002437,0.02349658,0.8655658,-0.2273579,0.9681211,0.1051183,-0.8355026,-0.249378,0.4896387,moving,-67.62171,-21.63044,0.5931502,6.096488,-8.83914479897808,-0.7825616227856624
05/11/2023 10:30:22.580360,2789,True,True,True,True,Eyes,0.5825447,0.1162829,-3.308461,-0.9143292,-0.14928,0.3764539,0.0,0.0,0.0,0.0,0.0,0.0,0.0,2.46381,0.3102003,1.951514,0.4415428,0.1191816,-3.125032,0.1018275,-0.4907604,0.07253519,0.8622785,14.28836,300.8942,1.486871,0.1822154,0.03446913,-0.9826539,0.0,0.0,0.0,-1.205669,-0.3154311,-3.114905,0.0242134,0.2204112,2.04586,0.5077858,0.02514521,0.8611163,-0.2250369,0.9687396,0.1044126,-0.8315721,-0.2468022,0.4975708,moving,-67.62171,-21.63044,0.6780822,6.149058,-8.83914479897808,-0.7825616227856624
05/11/2023 10:30:22.591564,2790,True,True,True,True,Eyes,0.5760872,0.116642,-3.301445,-0.9071803,-0.1474741,0.3940498,0.0,0.0,0.0,0.0,0.0,0.0,0.0,2.436563,0.3154573,1.968384,0.4363718,0.1212047,-3.115409,0.1019264,-0.4861729,0.07021164,0.8650534,14.15899,301.4909,1.321742,0.1813255,0.03448173,-0.9828181,0.0,0.0,0.0,-1.216049,-0.2969311,-3.086737,0.02746919,0.2224754,2.046124,0.5174125,0.02236595,0.8554438,-0.2205813,0.9693627,0.1080735,-0.8268182,-0.2446135,0.5064938,moving,-66.52143,-20.51849,0.7691491,6.205404,-8.738898059537503,-0.45383399514374645
05/11/2023 10:30:22.609822,2791,True,True,True,True,Eyes,0.5696794,0.1170268,-3.294338,-0.8998035,-0.1456668,0.4112602,0.0,0.0,0.0,0.0,0.0,0.0,0.0,2.408519,0.3237826,1.985916,0.4314045,0.1231057,-3.106187,0.1025333,-0.4813406,0.06791318,0.8678628,14.08425,302.112,1.132581,0.1803732,0.03451206,-0.9829922,0.0,0.0,0.0,-1.226288,-0.2831253,-3.062182,0.03063065,0.2244801,2.04638,0.527398,0.0191718,0.849402,-0.2165855,0.9697495,0.1125909,-0.8215485,-0.2433484,0.5155963,moving,-65.43697,-19.50396,0.8575512,6.260098,-8.637403407296308,-0.15348196480991305
05/11/2023 10:30:22.629589,2792,True,True,True,True,Eyes,0.563343,0.1174359,-3.287148,-0.8922639,-0.1439344,0.427958,0.0,0.0,0.0,0.0,0.0,0.0,0.0,2.379791,0.3266653,2.004686,0.4265007,0.1240953,-3.097028,0.1024642,-0.4763158,0.06668258,0.8707341,14.00238,302.7745,1.093382,0.1793665,0.03455926,-0.9831747,0.0,0.0,0.0,-1.236029,-0.2681985,-3.036894,0.03387251,0.2265357,2.046643,0.5373535,0.01851494,0.8431538,-0.2137362,0.970109,0.1149143,-0.8158235,-0.2419621,0.5252488,moving,-64.37615,-18.58925,0.9481745,6.316155,-8.535555057228358,0.11775624287124575
05/11/2023 10:30:22.640103,2793,True,True,True,True,Eyes,0.5570751,0.1178515,-3.279874,-0.8845418,-0.1421423,0.4442762,0.0,0.0,0.0,0.0,0.0,0.0,0.0,2.352387,0.3242985,2.022443,0.4222218,0.1251783,-3.087916,0.1018693,-0.4716112,0.0663266,0.8733879,13.91626,303.4062,1.167206,0.1783121,0.03462256,-0.9833643,0.0,0.0,0.0,-1.242953,-0.2638088,-3.01094,0.03705493,0.2285539,2.046903,0.5463673,0.01977227,0.8373123,-0.2119431,0.9704468,0.1153821,-0.8102857,-0.2405036,0.5344111,moving,-63.33113,-17.74162,1.037108,6.371166,-8.433458274830517,0.36943013678227477
05/11/2023 10:30:22.660028,2794,True,True,True,True,Eyes,0.550885,0.1182397,-3.272529,-0.8767231,-0.1404454,0.4600344,0.0,0.0,0.0,0.0,0.0,0.0,0.0,2.324496,0.3170697,2.040913,0.4178819,0.1258563,-3.078746,0.1007242,-0.4667716,0.06694589,0.8760691,13.82633,304.0689,1.373073,0.1772171,0.03470066,-0.9835595,0.0,0.0,0.0,-1.249276,-0.2616927,-2.984903,0.04042557,0.2306913,2.047178,0.5552849,0.02326802,0.8313346,-0.2113289,0.9707457,0.1139859,-0.8043623,-0.2389796,0.5439577,moving,-62.3131,-16.97708,1.131271,6.429395,-8.331977323707282,0.5968311811882234
05/11/2023 10:30:22.672771,2795,True,True,True,True,Eyes,0.5447702,0.11859,-3.265116,-0.8687403,-0.1386739,0.4754576,0.0,0.0,0.0,0.0,0.0,0.0,0.0,2.295546,0.3097044,2.060412,0.4139061,0.1257536,-3.06979,0.0994676,-0.4617087,0.06781197,0.8788246,13.73596,304.762,1.612773,0.1760863,0.03479148,-0.9837594,0.0,0.0,0.0,-1.253726,-0.2632327,-2.959952,0.04359311,0.2326995,2.047436,0.5644532,0.02733954,0.8250121,-0.2110398,0.9710155,0.1122104,-0.7980318,-0.2374479,0.5538625,moving,-61.30831,-16.26006,1.219733,6.484079,-8.230575221758189,0.8103619182475752
05/11/2023 10:30:22.694893,2796,True,True,True,True,Eyes,0.5387246,0.1189501,-3.257639,-0.8607398,-0.1369931,0.4902652,0.0,0.0,0.0,0.0,0.0,0.0,0.0,2.266354,0.3040841,2.079387,0.4098563,0.12544,-3.060876,0.09822382,-0.4566302,0.06799259,0.8815996,13.60831,305.4479,1.779451,0.1749259,0.03489272,-0.9839628,0.0,0.0,0.0,-1.258406,-0.2626196,-2.932272,0.04662532,0.2346216,2.047681,0.5737317,0.03018055,0.818487,-0.2095884,0.9714582,0.1110932,-0.7917731,-0.2352831,0.5636819,moving,-60.33478,-15.61177,1.304389,6.536398,-8.130794737975418,1.0037676457835447
05/11/2023 10:30:22.709843,2797,True,True,True,True,Eyes,0.5327356,0.1193097,-3.250103,-0.8526028,-0.1352908,0.5047423,0.0,0.0,0.0,0.0,0.0,0.0,0.0,2.23753,0.2987688,2.097434,0.4057942,0.1261951,-3.051956,0.09696253,-0.4516889,0.06741797,0.8843249,13.43821,306.1063,1.864492,0.1737398,0.0350038,-0.984169,0.0,0.0,0.0,-1.264404,-0.2519313,-2.906402,0.04983187,0.2366556,2.047942,0.5828639,0.03164497,0.8119534,-0.2068326,0.9721062,0.1105889,-0.7858053,-0.2323967,0.5731508,moving,-59.3744,-15.00482,1.393883,6.591733,-8.031285992502434,1.185098302541145
05/11/2023 10:30:22.720078,2798,True,True,True,True,Eyes,0.526785,0.119659,-3.242505,-0.8445061,-0.1337823,0.5185671,0.0,0.0,0.0,0.0,0.0,0.0,0.0,2.209799,0.3003328,2.112908,0.4014851,0.1263786,-3.043128,0.09655743,-0.4469364,0.06603384,0.8868846,13.31452,306.7211,1.81486,0.1725321,0.03512387,-0.9843771,0.0,0.0,0.0,-1.271037,-0.2412795,-2.882346,0.05309013,0.2387212,2.048207,0.5917748,0.03081871,0.805514,-0.2034388,0.9726324,0.1122447,-0.7800099,-0.2302964,0.581849,moving,-58.44809,-14.466,1.484791,6.647903,-7.933768483461578,1.3464633830001267
05/11/2023 10:30:22.739730,2799,True,True,True,True,Eyes,0.5208952,0.1199746,-3.234869,-0.8362769,-0.1323628,0.5320911,0.0,0.0,0.0,0.0,0.0,0.0,0.0,2.181579,0.3068945,2.127452,0.3968158,0.1263919,-3.034153,0.09688683,-0.4420492,0.06427542,0.8894235,13.24837,307.3407,1.688337,0.1713058,0.03525185,-0.9845867,0.0,0.0,0.0,-1.276283,-0.2325443,-2.854234,0.05626181,0.2407325,2.048465,0.6009223,0.02867863,0.7987927,-0.1999936,0.9729633,0.115521,-0.773883,-0.2291726,0.5904108,moving,-57.53296,-13.96933,1.573253,6.702569,-7.836250726845842,1.4955285435579233
05/11/2023 10:30:22.759982,2800,True,True,True,True,Eyes,0.5150539,0.1202942,-3.227186,-0.8281466,-0.1312385,0.544931,0.0,0.0,0.0,0.0,0.0,0.0,0.0,2.153696,0.3188511,2.141262,0.3926784,0.1258093,-3.025731,0.09801462,-0.4371801,0.06239358,0.8918373,13.26061,307.9468,1.506522,0.1700635,0.0353861,-0.9847973,0.0,0.0,0.0,-1.28002,-0.2293081,-2.82622,0.05961174,0.2428566,2.048738,0.6099612,0.02558977,0.7920181,-0.19699,0.9730003,0.1202717,-0.7675562,-0.2293807,0.5985333,moving,-56.65458,-13.54097,1.666655,6.760274,-7.741051882565213,1.6245617230917704
05/11/2023 10:30:22.773324,2801,True,True,True,True,Eyes,0.5092638,0.1206042,-3.219457,-0.8198572,-0.1302958,0.5575456,0.0,0.0,0.0,0.0,0.0,0.0,0.0,2.125998,0.331129,2.154024,0.3883365,0.1261645,-3.017053,0.09947497,-0.4323522,0.06071813,0.8941418,13.32019,308.544,1.328729,0.1688085,0.03552616,-0.9850081,0.0,0.0,0.0,-1.282363,-0.2291665,-2.797646,0.06264228,0.2447778,2.048984,0.6187698,0.02256481,0.7852483,-0.1945977,0.972836,0.1253862,-0.7610886,-0.2303927,0.6063526,moving,-55.78226,-13.15369,1.751122,6.812442,-7.645250762908497,1.7416327211383162
05/11/2023 10:30:22.790188,2802,True,True,True,True,Eyes,0.5035241,0.120914,-3.211695,-0.8116781,-0.1297318,0.5695158,0.0,0.0,0.0,0.0,0.0,0.0,0.0,2.09442,0.3478711,2.16941,0.3841094,0.126154,-3.008404,0.1017731,-0.426675,0.05958688,0.8966829,13.49526,309.2458,1.179302,0.1675422,0.03567138,-0.9852191,0.0,0.0,0.0,-1.284074,-0.2362286,-2.77277,0.06589538,0.246841,2.049249,0.6287959,0.020013,0.7773128,-0.1937091,0.9721832,0.131668,-0.7530555,-0.2333649,0.6151814,moving,-54.94449,-12.83262,1.841761,6.868437,-7.551564040056222,1.839293208098268
05/11/2023 10:30:22.809778,2803,True,True,True,True,Eyes,0.497842,0.1212167,-3.203921,-0.803301,-0.1294621,0.5813321,0.0,0.0,0.0,0.0,0.0,0.0,0.0,2.060101,0.3715197,2.185971,0.3800046,0.1263373,-3.000024,0.1050542,-0.420437,0.05776763,0.8993661,13.74138,310.0002,0.9184874,0.1662675,0.03582128,-0.9854296,0.0,0.0,0.0,-1.285862,-0.240989,-2.747186,0.06961638,0.2492003,2.049551,0.6397913,0.01557113,0.768391,-0.1922459,0.971253,0.1403891,-0.7441161,-0.2375397,0.6243928,moving,-54.10752,-12.55484,1.945397,6.932435,-7.456547264997751,1.9243774303310364
05/11/2023 10:30:22.819686,2804,True,True,True,True,Eyes,0.4922172,0.1215192,-3.196139,-0.7950495,-0.129509,0.5925569,0.0,0.0,0.0,0.0,0.0,0.0,0.0,2.024593,0.3977339,2.203066,0.3760829,0.1263366,-2.992201,0.1089801,-0.4138511,0.05669335,0.9020181,14.09493,310.7963,0.7132696,0.1649858,0.03597532,-0.9856394,0.0,0.0,0.0,-1.287156,-0.2484089,-2.724588,0.07214725,0.250805,2.049757,0.6510264,0.01207382,0.7589591,-0.1924799,0.9698184,0.1496788,-0.7342454,-0.2435292,0.6337014,moving,-53.30254,-12.32868,2.015862,6.975945,-7.363808035361497,1.994301787482006
05/11/2023 10:30:22.839783,2805,True,True,True,True,Eyes,0.4866608,0.1218095,-3.188358,-0.7866539,-0.1297958,0.6035964,0.0,0.0,0.0,0.0,0.0,0.0,0.0,1.990422,0.4203552,2.21873,0.3722502,0.1265907,-2.984401,0.1128209,-0.4074655,0.05707068,0.904426,14.51213,311.5797,0.6682707,0.1636987,0.03613317,-0.9858482,0.0,0.0,0.0,-1.287708,-0.2554386,-2.700392,0.07529187,0.2527991,2.050014,0.6614296,0.01129114,0.7499223,-0.1951737,0.9680287,0.1575677,-0.7241672,-0.250585,0.6424867,moving,-52.50111,-12.13593,2.103385,7.029984,-7.270407372126075,2.0545046766966304
05/11/2023 10:30:22.873568,2806,True,True,True,True,Eyes,0.4811717,0.1220835,-3.180568,-0.7785129,-0.1301166,0.613993,0.0,0.0,0.0,0.0,0.0,0.0,0.0,1.959455,0.4364278,2.23239,0.3686571,0.1266074,-2.976837,0.1158926,-0.4016593,0.05865111,0.9065312,14.90613,312.309,0.7850031,0.1624086,0.03629411,-0.9860556,0.0,0.0,0.0,-1.287234,-0.2620424,-2.672972,0.07853925,0.2548584,2.050277,0.6704596,0.01323943,0.7418278,-0.1994368,0.9662579,0.163005,-0.7146389,-0.2572361,0.6504773,moving,-51.73807,-11.96503,2.193737,7.08577,-7.181064105716136,2.1081595990849045
05/11/2023 10:30:22.879715,2807,True,True,True,True,Eyes,0.475746,0.1223748,-3.172762,-0.770271,-0.1304521,0.6242313,0.0,0.0,0.0,0.0,0.0,0.0,0.0,1.928943,0.4443524,2.246335,0.3651381,0.126581,-2.968997,0.1176265,-0.3960089,0.06054006,0.9086671,15.17188,313.0369,1.000899,0.1611167,0.03645747,-0.9862615,0.0,0.0,0.0,-1.286412,-0.2676376,-2.645866,0.08169162,0.256857,2.050534,0.6790237,0.01685925,0.7339228,-0.2031838,0.9649978,0.1658178,-0.7054383,-0.2617154,0.6586819,moving,-50.97852,-11.80382,2.281411,7.139878,-7.09183528308599,2.1589820035106646
05/11/2023 10:30:22.895103,2808,True,True,True,True,Eyes,0.4703881,0.1226638,-3.164933,-0.7622845,-0.1305962,0.6339299,0.0,0.0,0.0,0.0,0.0,0.0,0.0,1.899514,0.443179,2.260471,0.3615251,0.1273221,-2.960976,0.1178996,-0.3906397,0.0624055,0.9108271,15.27953,313.7444,1.281186,0.1598248,0.03662358,-0.9864655,0.0,0.0,0.0,-1.286202,-0.2703015,-2.620442,0.0848847,0.2588817,2.050793,0.6870125,0.0215687,0.7263255,-0.2057938,0.9644105,0.1660162,-0.6968952,-0.2635285,0.6670007,moving,-50.25246,-11.64067,2.370186,7.194673,-7.006839537991312,2.210191238647248
05/11/2023 10:30:22.910058,2809,True,True,True,True,Eyes,0.4650909,0.122952,-3.157082,-0.7541924,-0.1306989,0.6435152,0.0,0.0,0.0,0.0,0.0,0.0,0.0,1.868464,0.4462642,2.274444,0.358142,0.1275418,-2.952773,0.1184267,-0.3850978,0.06297546,0.9130767,15.35321,314.4546,1.413724,0.1585344,0.03679223,-0.9866674,0.0,0.0,0.0,-1.287222,-0.2692909,-2.596241,0.08819318,0.2609795,2.051063,0.6954677,0.02379115,0.7181635,-0.2062145,0.9640184,0.1677618,-0.6883316,-0.2647687,0.6753497,moving,-49.52751,-11.48069,2.462131,7.251411,-6.921877283095752,2.260474007200002
05/11/2023 10:30:22.919584,2810,True,True,True,True,Eyes,0.4598505,0.1232242,-3.149214,-0.7463416,-0.13052,0.6526399,0.0,0.0,0.0,0.0,0.0,0.0,0.0,1.83695,0.4478404,2.288584,0.3545864,0.1279188,-2.944566,0.1183751,-0.3795585,0.06233256,0.9154438,15.31046,315.1543,1.441495,0.1572457,0.03696333,-0.9868671,0.0,0.0,0.0,-1.289044,-0.2655429,-2.573083,0.09122455,0.2629023,2.05131,0.7041,0.02426337,0.7096862,-0.2039845,0.964204,0.1694138,-0.6801717,-0.2640492,0.6838454,moving,-48.83186,-11.30926,2.546343,7.30339,-6.840940577860666,2.313927540501701
05/11/2023 10:30:22.939604,2811,True,True,True,True,Eyes,0.4546703,0.123467,-3.141325,-0.7384084,-0.1302994,0.6616457,0.0,0.0,0.0,0.0,0.0,0.0,0.0,1.80549,0.4489081,2.302363,0.3510896,0.1278931,-2.936421,0.1181297,-0.3740473,0.06151675,0.9177961,15.23973,315.8484,1.457886,0.1559607,0.03713614,-0.9870646,0.0,0.0,0.0,-1.290447,-0.2616451,-2.548864,0.09448814,0.2649712,2.051575,0.7126087,0.02454749,0.7011322,-0.2012918,0.9645222,0.1708176,-0.6720644,-0.2628583,0.6922681,moving,-48.13829,-11.14083,2.636973,7.359297,-6.760163727678416,2.366498863443145
05/11/2023 10:30:22.960015,2812,True,True,True,True,Eyes,0.4495534,0.123652,-3.133405,-0.7307712,-0.1299577,0.6701377,0.0,0.0,0.0,0.0,0.0,0.0,0.0,1.77613,0.4484426,2.314237,0.3476198,0.1274815,-2.928197,0.1177857,-0.3689114,0.06137582,0.9199262,15.18833,316.5022,1.544835,0.15468,0.03730969,-0.9872596,0.0,0.0,0.0,-1.292074,-0.2585682,-2.526028,0.0978651,0.2671125,2.05185,0.7202749,0.0260175,0.6932008,-0.1998274,0.9647191,0.1714237,-0.664284,-0.2619927,0.7000619,moving,-47.4783,-10.97497,2.730712,7.417128,-6.683482217187747,2.418146772861048
05/11/2023 10:30:22.974397,2813,True,True,True,True,Eyes,0.4445075,0.1238024,-3.125447,-0.7230678,-0.1296281,0.6785054,0.0,0.0,0.0,0.0,0.0,0.0,0.0,1.747253,0.4486352,2.324849,0.3443799,0.1263612,-2.919679,0.1176641,-0.3638657,0.0620156,0.9219062,15.19359,317.1503,1.705225,0.1534044,0.03748224,-0.987452,0.0,0.0,0.0,-1.293602,-0.2562405,-2.504063,0.1010137,0.2691091,2.052105,0.7275117,0.02871726,0.6854941,-0.199973,0.9646184,0.1718199,-0.656306,-0.2620813,0.7075138,moving,-46.82108,-10.81599,2.818077,7.471024,-6.606918320607096,2.4677820254083835
05/11/2023 10:30:22.990023,2814,True,True,True,True,Eyes,0.4395378,0.1239124,-3.117447,-0.7155946,-0.1292162,0.6864601,0.0,0.0,0.0,0.0,0.0,0.0,0.0,1.719694,0.4484604,2.334015,0.3412784,0.1257765,-2.910979,0.1177023,-0.3590816,0.06305973,0.9237045,15.2322,317.7676,1.89865,0.1521347,0.03765294,-0.9876419,0.0,0.0,0.0,-1.294435,-0.2540064,-2.481067,0.1041341,0.2710876,2.052359,0.7341678,0.03196768,0.6782151,-0.2010265,0.9643393,0.172157,-0.648526,-0.2627313,0.7144132,moving,-46.19043,-10.66036,2.904624,7.524405,-6.533551363134045,2.516304300775123
05/11/2023 10:30:23.010072,2815,True,True,True,True,Eyes,0.4346429,0.1239815,-3.109398,-0.7080043,-0.1289079,0.6943433,0.0,0.0,0.0,0.0,0.0,0.0,0.0,1.690663,0.4522333,2.342957,0.338487,0.1249769,-2.902088,0.1182962,-0.3540721,0.06378945,0.9255105,15.31591,318.4034,2.038332,0.1508731,0.03782071,-0.987829,0.0,0.0,0.0,-1.295191,-0.2522288,-2.457418,0.107514,0.2732308,2.052634,0.7411277,0.03430486,0.6704871,-0.2018464,0.9638739,0.1737966,-0.6403029,-0.2641408,0.7212779,moving,-45.55813,-10.51747,2.99833,7.582198,-6.4595582700659575,2.561135394008521
05/11/2023 10:30:23.029589,2816,True,True,True,True,Eyes,0.4298241,0.1240072,-3.101305,-0.7005575,-0.1286623,0.7019012,0.0,0.0,0.0,0.0,0.0,0.0,0.0,1.658942,0.4619864,2.352143,0.3356635,0.1240627,-2.893101,0.119674,-0.3485737,0.06362992,0.9274296,15.44646,319.0816,2.056818,0.1496201,0.03798473,-0.9880133,0.0,0.0,0.0,-1.295428,-0.2501061,-2.43535,0.1106583,0.2752247,2.05289,0.7488953,0.03459415,0.6617847,-0.2014549,0.9632587,0.177619,-0.6313254,-0.2663378,0.7283491,moving,-44.9451,-10.38731,3.085466,7.635939,-6.3875436021713865,2.602167910095801
05/11/2023 10:30:23.044793,2817,True,True,True,True,Eyes,0.4250865,0.1239902,-3.09317,-0.6929341,-0.1286624,0.7094281,0.0,0.0,0.0,0.0,0.0,0.0,0.0,1.62501,0.4789797,2.360981,0.3330664,0.1229863,-2.884138,0.1221923,-0.3426562,0.06306815,0.9293429,15.68441,319.7959,1.993089,0.1483771,0.03814407,-0.9881946,0.0,0.0,0.0,-1.296643,-0.2484456,-2.413651,0.1137779,0.2772028,2.053144,0.7572184,0.03348396,0.652303,-0.2009638,0.9621829,0.1838958,-0.6214772,-0.2703385,0.7353116,moving,-44.32614,-10.27947,3.171884,7.689223,-6.314053625126391,2.6367496384425135
05/11/2023 10:30:23.060185,2818,True,True,True,True,Eyes,0.4250865,0.1239902,-3.09317,-0.6929341,-0.1286624,0.7094281,0.0,0.0,0.0,0.0,0.0,0.0,0.0,1.589061,0.5009142,2.369692,0.3305959,0.1218628,-2.875296,0.1255376,-0.3363305,0.06236147,0.9312536,16.00747,320.5505,1.890151,0.147145,0.03829794,-0.988373,0.0,0.0,0.0,-1.297158,-0.2453058,-2.391333,0.1170751,0.2792934,2.053412,0.7659858,0.03170448,0.6420752,-0.2005929,0.9607027,0.1918665,-0.6107605,-0.2757627,0.7422444,moving,-44.32614,-10.27947,3.26318,7.745515,-6.314053625126391,2.6367496384425135
05/11/2023 10:30:23.076686,2819,True,True,True,True,Eyes,0.4250865,0.1239902,-3.09317,-0.6929341,-0.1286624,0.7094281,0.0,0.0,0.0,0.0,0.0,0.0,0.0,1.548026,0.5274323,2.379903,0.3283787,0.1207263,-2.866374,0.1294946,-0.3291084,0.06098991,0.9333805,16.37245,321.4008,1.709247,0.146036,0.03843635,-0.9885321,0.0,0.0,0.0,-1.2988,-0.2421196,-2.371428,0.1199696,0.2811284,2.053647,0.7759356,0.02861804,0.6301625,-0.1990891,0.9590228,0.2015909,-0.5985711,-0.2818801,0.7498376,moving,-44.32614,-10.27947,3.343296,7.794899,-6.314053625126391,2.6367496384425135
05/11/2023 10:30:23.089995,2820,True,True,True,True,Eyes,0.42022,0.1238568,-3.084269,-0.6845232,-0.1291846,0.7174534,0.0,0.0,0.0,0.0,0.0,0.0,0.0,1.503471,0.55279,2.391787,0.3260745,0.1195574,-2.857626,0.1331928,-0.3212047,0.05950776,0.9357063,16.70756,322.3345,1.54353,0.1450377,0.03856089,-0.9886742,0.0,0.0,0.0,-1.299805,-0.2363098,-2.349243,0.1231462,0.2831425,2.053905,0.7865728,0.0257993,0.6169584,-0.1969278,0.957437,0.2110302,-0.5852544,-0.2874869,0.7581746,moving,-43.65446,-10.2073,3.43118,7.849077,-6.232822796029059,2.6612502413507118
05/11/2023 10:30:23.109814,2821,True,True,True,True,Eyes,0.4154378,0.1236964,-3.075356,-0.6758529,-0.1298122,0.7255147,0.0,0.0,0.0,0.0,0.0,0.0,0.0,1.458049,0.572876,2.40444,0.3238577,0.1186,-2.848943,0.1360251,-0.3131728,0.05811575,0.9381058,16.95452,323.2912,1.428068,0.1440242,0.0386808,-0.9888177,0.0,0.0,0.0,-1.300441,-0.2295804,-2.325864,0.1263756,0.2851907,2.054169,0.7970907,0.02383872,0.6033888,-0.1942362,0.9562395,0.2188114,-0.571768,-0.2916124,0.7668399,moving,-42.9704,-10.14426,3.520485,7.904137,-6.149749324329703,2.683164631861856
05/11/2023 10:30:23.129581,2822,True,True,True,True,Eyes,0.4154378,0.1236964,-3.075356,-0.6758529,-0.1298122,0.7255147,0.0,0.0,0.0,0.0,0.0,0.0,0.0,1.411734,0.5874616,2.417755,0.3214786,0.1177543,-2.840146,0.1379852,-0.304959,0.05704609,0.9405881,17.11964,324.2813,1.388272,0.1429991,0.03879569,-0.9889619,0.0,0.0,0.0,-1.300402,-0.2236427,-2.302355,0.129527,0.2871889,2.054426,0.8074915,0.0231541,0.5894246,-0.1914733,0.9554117,0.224781,-0.5579385,-0.2943678,0.7759202,moving,-42.9704,-10.14426,3.607596,7.957829,-6.149749324329703,2.683164631861856
05/11/2023 10:30:23.145110,2823,True,True,True,True,Eyes,0.4154378,0.1236964,-3.075356,-0.6758529,-0.1298122,0.7255147,0.0,0.0,0.0,0.0,0.0,0.0,0.0,1.365692,0.5958088,2.43145,0.3191263,0.1164277,-2.83137,0.1388027,-0.2968133,0.05615154,0.9431239,17.16649,325.274,1.410498,0.1420764,0.03889906,-0.9890909,0.0,0.0,0.0,-1.30007,-0.2172756,-2.278038,0.1328128,0.2892724,2.054693,0.8174977,0.02351872,0.5754514,-0.1883127,0.9551617,0.2284833,-0.5442755,-0.2951494,0.7852713,moving,-42.9704,-10.14426,3.698384,8.013786,-6.149749324329703,2.683164631861856
05/11/2023 10:30:23.159996,2824,True,True,True,True,Eyes,0.4105372,0.123432,-3.065699,-0.6665089,-0.1299055,0.7340916,0.0,0.0,0.0,0.0,0.0,0.0,0.0,1.319056,0.5969362,2.446067,0.3168111,0.1157233,-2.822362,0.1385187,-0.2885749,0.0556547,0.9457482,17.1053,326.2914,1.518326,0.1412459,0.03899206,-0.9892061,0.0,0.0,0.0,-1.29867,-0.2121723,-2.252472,0.1361209,0.29137,2.054961,0.8272541,0.02532462,0.5612568,-0.1852167,0.9554303,0.2298865,-0.53042,-0.2941287,0.7950742,moving,-42.23747,-10.03522,3.789744,8.070091,-6.062111397963445,2.718695756120978
05/11/2023 10:30:23.179875,2825,True,True,True,True,Eyes,0.4057265,0.123167,-3.05604,-0.6569532,-0.1298365,0.7426674,0.0,0.0,0.0,0.0,0.0,0.0,0.0,1.274349,0.5934158,2.460248,0.3149028,0.1150974,-2.81363,0.1374708,-0.2807334,0.05538566,0.9482738,16.96677,327.2665,1.668913,0.1403845,0.03908038,-0.9893253,0.0,0.0,0.0,-1.295592,-0.2075471,-2.22465,0.1392475,0.2933522,2.055217,0.8362424,0.02785627,0.5476521,-0.1822268,0.9560685,0.2296226,-0.5171964,-0.291817,0.8045811,moving,-41.49553,-9.916494,3.876048,8.123269,-5.9736717373782655,2.757087340477583
05/11/2023 10:30:23.190409,2826,True,True,True,True,Eyes,0.4057265,0.123167,-3.05604,-0.6569532,-0.1298365,0.7426674,0.0,0.0,0.0,0.0,0.0,0.0,0.0,1.228475,0.5874792,2.473996,0.3125849,0.114857,-2.804289,0.1358917,-0.272794,0.0539645,0.9508969,16.73109,328.2364,1.704675,0.1394977,0.03916443,-0.9894474,0.0,0.0,0.0,-1.291955,-0.2021679,-2.196389,0.1424334,0.2953727,2.055475,0.8453426,0.02848848,0.5334646,-0.1767702,0.9572425,0.2289955,-0.5041313,-0.2878803,0.8142338,moving,-41.49553,-9.916494,3.963954,8.177449,-5.9736717373782655,2.757087340477583
05/11/2023 10:30:23.210013,2827,True,True,True,True,Eyes,0.4057265,0.123167,-3.05604,-0.6569532,-0.1298365,0.7426674,0.0,0.0,0.0,0.0,0.0,0.0,0.0,1.182461,0.5844299,2.486459,0.3103411,0.1138642,-2.79517,0.134579,-0.2648846,0.05160981,0.9534469,16.49724,329.1825,1.620707,0.1386997,0.03924004,-0.9895566,0.0,0.0,0.0,-1.288363,-0.1958124,-2.168489,0.1456484,0.2974111,2.055737,0.8543451,0.02711862,0.518998,-0.1697102,0.9584498,0.2292866,-0.4912156,-0.2839692,0.8234493,moving,-41.49553,-9.916494,4.052619,8.23208,-5.9736717373782655,2.757087340477583
05/11/2023 10:30:23.229746,2828,True,True,True,True,Eyes,0.4007781,0.1227614,-3.045634,-0.6470034,-0.1291007,0.7514783,0.0,0.0,0.0,0.0,0.0,0.0,0.0,1.139442,0.5791878,2.497121,0.307777,0.1125586,-2.786038,0.1329381,-0.257459,0.04947529,0.9558214,16.23668,330.0718,1.55934,0.1379812,0.03930809,-0.9896543,0.0,0.0,0.0,-1.28517,-0.1860553,-2.141429,0.1487915,0.299404,2.055992,0.8625342,0.02612691,0.5053238,-0.1630313,0.9597594,0.2286544,-0.4790153,-0.2796058,0.8320848,moving,-40.7276,-9.74801,4.139261,8.28546,-5.8836399505711725,2.810066403426575
05/11/2023 10:30:23.244924,2829,True,True,True,True,Eyes,0.3959164,0.1223308,-3.035253,-0.6369727,-0.1282745,0.7601391,0.0,0.0,0.0,0.0,0.0,0.0,0.0,1.102821,0.5737259,2.504299,0.3053271,0.11101,-2.77693,0.1314197,-0.2511751,0.04793938,0.9577796,16.01116,330.8269,1.538791,0.1372202,0.03937044,-0.9897575,0.0,0.0,0.0,-1.284087,-0.1718649,-2.115997,0.1519418,0.301402,2.056249,0.8692258,0.02581203,0.4937411,-0.1578494,0.9608614,0.2276598,-0.4685404,-0.2758245,0.8392799,moving,-39.96195,-9.578497,4.226059,8.338949,-5.793925972477689,2.8633322818373097
05/11/2023 10:30:23.259961,2830,True,True,True,True,Eyes,0.3911176,0.1218788,-3.024909,-0.6280243,-0.1272159,0.7677249,0.0,0.0,0.0,0.0,0.0,0.0,0.0,1.068338,0.5706494,2.509075,0.3027754,0.1099973,-2.767431,0.1304261,-0.2453347,0.04583902,0.9595305,15.8302,331.514,1.427775,0.1364227,0.03942679,-0.9898656,0.0,0.0,0.0,-1.283476,-0.1561291,-2.091704,0.1553001,0.3035311,2.056521,0.8754194,0.02397182,0.4827694,-0.1519639,0.9617757,0.2278038,-0.458855,-0.2727874,0.8455999,moving,-39.2843,-9.40871,4.318546,8.395922,-5.715175741336569,2.9162137603249194
05/11/2023 10:30:23.275852,2831,True,True,True,True,Eyes,0.3864033,0.121406,-3.014589,-0.6189255,-0.1261585,0.7752517,0.0,0.0,0.0,0.0,0.0,0.0,0.0,1.031923,0.5724522,2.513115,0.3004696,0.108743,-2.757935,0.1301455,-0.2392292,0.0426558,0.9612555,15.70087,332.2112,1.174762,0.1355937,0.03947696,-0.9899775,0.0,0.0,0.0,-1.278211,-0.1514089,-2.061998,0.1584125,0.3055047,2.056775,0.8818998,0.01973705,0.4710237,-0.1442754,0.9624853,0.2297971,-0.4488178,-0.2706151,0.8516631,moving,-38.60226,-9.242851,4.404218,8.448703,-5.635749299016461,2.9679776363284742
05/11/2023 10:30:23.289909,2832,True,True,True,True,Eyes,0.2703851,0.1092964,-2.757235,-0.3627826,-0.09393705,0.9271271,0.0,0.0,0.0,0.0,0.0,0.0,0.0,0.9932497,0.5776672,2.516925,0.2980365,0.1075292,-2.748594,0.1303898,-0.2327265,0.03844823,0.9629947,15.60627,332.9366,0.7948307,0.1347387,0.0395208,-0.9900925,0.0,0.0,0.0,-1.272375,-0.1348318,-2.030993,0.1616513,0.3075585,2.057039,0.8887202,0.01336055,0.4582553,-0.1347412,0.9630405,0.2332336,-0.4382022,-0.2690253,0.8576737,moving,-21.37029,-5.785498,4.493323,8.503593,-3.604802088223589,4.062897617290643
05/11/2023 10:30:23.310092,2833,True,True,True,True,Eyes,0.2702821,0.1092457,-2.756858,-0.3622859,-0.09385193,0.9273299,0.0,0.0,0.0,0.0,0.0,0.0,0.0,0.9541894,0.5816904,2.520586,0.2954526,0.1066051,-2.739258,0.1305497,-0.226088,0.0344121,0.9647056,15.51225,333.6801,0.4378591,0.1278212,0.03946164,-0.9910117,-0.3480547,-0.03632864,0.7720621,-1.267319,-0.1200393,-2.002332,0.164987,0.3096734,2.05731,0.8954,0.007363641,0.4452018,-0.1254265,0.9635452,0.2363237,-0.4272319,-0.2674444,0.8636819,moving,-21.33941,-5.779036,4.585052,8.560095,-3.601171390821783,4.064937088774146
05/11/2023 10:30:23.329617,2834,True,True,True,True,Eyes,0.270089,0.1091855,-2.756106,-0.3607429,-0.09360296,0.9279564,0.0,0.0,0.0,0.0,0.0,0.0,0.0,0.9169508,0.5810676,2.524356,0.2931126,0.1052463,-2.730168,0.1299719,-0.2196807,0.03160338,0.9663587,15.37196,334.4173,0.2362459,0.1223824,0.0394184,-0.9916997,-0.3271714,-0.03414892,0.7257383,-1.262605,-0.1039506,-1.973393,0.1680853,0.3116384,2.057561,0.9014833,0.003975749,0.4327958,-0.118185,0.9642171,0.2373137,-0.4163656,-0.2650843,0.8696954,moving,-21.24358,-5.759942,4.670209,8.612562,-3.5898725475875524,4.070987521209813
05/11/2023 10:30:23.340097,2835,True,True,True,True,Eyes,0.2698043,0.1092264,-2.754948,-0.358752,-0.09318279,0.9287702,0.0,0.0,0.0,0.0,0.0,0.0,0.0,0.8801088,0.5748305,2.528522,0.2908658,0.1049303,-2.720815,0.1286911,-0.2132763,0.0297319,0.9680228,15.17892,335.1711,0.1584376,0.1180933,0.03938751,-0.9922208,-0.3075411,-0.03209999,0.6821941,-1.258371,-0.08809644,-1.945998,0.171167,0.3135926,2.057812,0.9072585,0.002668788,0.4205649,-0.1124558,0.9651092,0.2364696,-0.40526,-0.2618341,0.8759037,moving,-21.11983,-5.729269,4.754868,8.664714,-3.575480470683863,4.080547870107791
05/11/2023 10:30:23.360215,2836,True,True,True,True,Eyes,0.2694404,0.1094617,-2.753412,-0.3559774,-0.09263984,0.9298914,0.0,0.0,0.0,0.0,0.0,0.0,0.0,0.8415312,0.5624396,2.532913,0.2886109,0.1073555,-2.710229,0.1267663,-0.2066628,0.02730827,0.969781,14.90151,335.9446,0.03381454,0.1147039,0.03937037,-0.992619,-0.2890887,-0.03017399,0.6412624,-1.252334,-0.07852407,-1.917747,0.1745154,0.3157153,2.058085,0.9130895,0.0005703314,0.4077589,-0.1053618,0.9663691,0.2345839,-0.3939118,-0.2571583,0.8824416,moving,-20.94765,-5.689283,4.846805,8.721325,-3.5553671344958873,4.093068193513501
05/11/2023 10:30:23.379931,2837,True,True,True,True,Eyes,0.2689994,0.1096343,-2.751509,-0.352649,-0.0921381,0.9312085,0.0,0.0,0.0,0.0,0.0,0.0,0.0,0.8012143,0.5539633,2.536967,0.2865295,0.1122618,-2.70006,0.1261761,-0.1995229,0.02648843,0.9713746,14.81498,336.794,0.06580549,0.1120222,0.0393719,-0.9929252,-0.2717434,-0.02836355,0.6027867,-1.243668,-0.07036205,-1.886587,0.1776305,0.317691,2.058339,0.918978,0.001110338,0.3943074,-0.1018104,0.9667559,0.2345583,-0.3809386,-0.2556985,0.8885404,moving,-20.7417,-5.650718,4.932292,8.773991,-3.531003004747193,4.105353887650193
05/11/2023 10:30:23.392241,2838,True,True,True,True,Eyes,0.2684941,0.1099587,-2.749269,-0.3486599,-0.09146421,0.9327757,0.0,0.0,0.0,0.0,0.0,0.0,0.0,0.752954,0.5572326,2.539829,0.2845267,0.1109233,-2.689781,0.1265974,-0.1908813,0.02536762,0.9730847,14.83667,337.8115,0.06161413,0.1098975,0.03938713,-0.993162,-0.2554387,-0.02666174,0.5666195,-1.233683,-0.06428266,-1.855102,0.1809173,0.3197747,2.058605,0.9258416,0.001039524,0.3779103,-0.09769984,0.9666591,0.2366956,-0.3650644,-0.2560644,0.8950748,moving,-20.49512,-5.600289,5.022446,8.829511,-3.501972846400422,4.121299278940433
05/11/2023 10:30:23.409968,2839,True,True,True,True,Eyes,0.2679429,0.1104266,-2.746707,-0.3443323,-0.09089167,0.9344379,0.0,0.0,0.0,0.0,0.0,0.0,0.0,0.7088403,0.5433649,2.545071,0.2827006,0.1148514,-2.67992,0.124676,-0.1831267,0.0228724,0.9748833,14.56429,338.7144,359.9368,0.1082128,0.03941972,-0.9933457,-0.2401124,-0.02506203,0.5326223,-1.222994,-0.05843915,-1.82333,0.1841812,0.3218444,2.058871,0.9318829,-0.001067159,0.3627577,-0.09025884,0.9678655,0.2347119,-0.3513511,-0.2514662,0.901841,moving,-20.22841,-5.555616,5.111924,8.884622,-3.4702467105249544,4.135679177900693
05/11/2023 10:30:23.420127,2840,True,True,True,True,Eyes,0.2673362,0.1108366,-2.743813,-0.3394306,-0.09035499,0.9362814,0.0,0.0,0.0,0.0,0.0,0.0,0.0,0.6726865,0.5430681,2.544491,0.2812552,0.1188163,-2.669951,0.1256305,-0.176644,0.0233241,0.9759458,14.68218,339.4901,0.06766248,0.1068749,0.03947277,-0.9934884,-0.2257057,-0.02355831,0.5006649,-1.212599,-0.05217239,-1.793428,0.1871716,0.3237405,2.059114,0.9365058,0.001142363,0.3506503,-0.08990983,0.967346,0.2369769,-0.3389295,-0.2534571,0.9060278,moving,-19.92713,-5.512208,5.193859,8.935081,-3.434175344780712,4.149873970206091
05/11/2023 10:30:23.444997,2841,True,True,True,True,Eyes,0.2667034,0.1112409,-2.740672,-0.33422,-0.08977924,0.9382094,0.0,0.0,0.0,0.0,0.0,0.0,0.0,0.6266385,0.5408736,2.545583,0.279555,0.1178739,-2.659543,0.1252307,-0.1683187,0.02284768,0.9774786,14.62621,340.4784,0.1485635,0.1058109,0.03954185,-0.9935995,-0.2121633,-0.02214481,0.470625,-1.201712,-0.04558222,-1.763075,0.190438,0.3258117,2.05938,0.9422936,0.002508892,0.3347783,-0.08682357,0.9675905,0.2371293,-0.3233334,-0.252512,0.9119722,moving,-19.60752,-5.46611,5.283315,8.990173,-3.395911001712048,4.164946621282283
05/11/2023 10:30:23.460698,2842,True,True,True,True,Eyes,0.2660541,0.1115917,-2.737287,-0.3288276,-0.08914943,0.9401728,0.0,0.0,0.0,0.0,0.0,0.0,0.0,0.590204,0.5362831,2.546089,0.2784884,0.1181681,-2.650847,0.1245747,-0.1618069,0.0221693,0.9786768,14.53735,341.2474,0.1822533,0.1049079,0.03962433,-0.993692,-0.1994336,-0.02081612,0.4423876,-1.189605,-0.0396111,-1.732401,0.1937343,0.3279019,2.059648,0.9466541,0.003079074,0.3222367,-0.08370724,0.9679793,0.2366625,-0.3111897,-0.251011,0.9165993,moving,-19.2774,-5.416727,5.373538,9.045739,-3.3564468053460192,4.181028697425341
05/11/2023 10:30:23.480390,2843,True,True,True,True,Eyes,0.2653839,0.1119027,-2.733594,-0.3232356,-0.08836351,0.942184,0.0,0.0,0.0,0.0,0.0,0.0,0.0,0.560966,0.5311781,2.544298,0.2775966,0.1173523,-2.641865,0.1237549,-0.1565651,0.02294812,0.979615,14.4568,341.8858,0.3674006,0.1040834,0.0397163,-0.993775,-0.1874675,-0.01956716,0.4158443,-1.177366,-0.03289835,-1.702103,0.1967199,0.3297949,2.05989,0.9499215,0.006209269,0.3124269,-0.08371203,0.9683163,0.2352785,-0.3010671,-0.24965,0.9203442,moving,-18.93559,-5.357861,5.455215,9.096039,-3.315840550388182,4.199926409610455
05/11/2023 10:30:23.489971,2844,True,True,True,True,Eyes,0.2485628,0.123226,-2.634377,-0.1772529,-0.06295396,0.9821498,0.0,0.0,0.0,0.0,0.0,0.0,0.0,0.5302953,0.5188478,2.542082,0.2765732,0.1167488,-2.63106,0.121591,-0.1512361,0.02228443,0.9807379,14.19591,342.5184,0.4097154,0.1033309,0.03981575,-0.9938496,-0.1762195,-0.01839313,0.3908936,-1.165173,-0.02365623,-1.672119,0.1999613,0.3318504,2.060154,0.9532622,0.006932456,0.3020651,-0.08048827,0.969438,0.2317574,-0.2912268,-0.2452382,0.9246866,moving,-10.2303,-3.667535,5.543839,9.150622,-2.2879832788803167,4.736719710111689
05/11/2023 10:30:23.509805,2845,True,True,True,True,Eyes,0.2485285,0.1232543,-2.63394,-0.176854,-0.06284518,0.9822286,0.0,0.0,0.0,0.0,0.0,0.0,0.0,0.4997302,0.4960072,2.542303,0.2759812,0.1206945,-2.620749,0.1182329,-0.1459516,0.02174812,0.9819604,13.80089,343.1503,0.4837399,0.1014651,0.04077824,-0.9940028,-0.2161097,0.01668055,0.6650908,-1.153358,-0.01712587,-1.643155,0.203159,0.333878,2.060415,0.9564503,0.008199014,0.2917801,-0.07722415,0.971096,0.2258518,-0.2814947,-0.2385484,0.9294382,moving,-10.20696,-3.660921,5.631218,9.204432,-2.2852962196942883,4.738763570515603
05/11/2023 10:30:23.530065,2846,True,True,True,True,Eyes,0.248462,0.1232014,-2.633071,-0.1754661,-0.06226378,0.9825146,0.0,0.0,0.0,0.0,0.0,0.0,0.0,0.4705902,0.4875833,2.538573,0.2758623,0.1214137,-2.610116,0.1170412,-0.1410093,0.02084693,0.9828444,13.64738,343.7271,0.4699665,0.1000509,0.0415618,-0.9941136,-0.2031431,0.01567972,0.6251854,-1.141086,-0.01312536,-1.613881,0.2063425,0.3358967,2.060673,0.9593636,0.007970783,0.2820603,-0.07398638,0.9717335,0.2241874,-0.2723005,-0.2359458,0.9328354,moving,-10.12564,-3.626091,5.718169,9.257983,-2.2763233338894087,4.749307463737452
05/11/2023 10:30:23.539814,2847,True,True,True,True,Eyes,0.248395,0.1231925,-2.631853,-0.1736724,-0.06177073,0.9828644,0.0,0.0,0.0,0.0,0.0,0.0,0.0,0.4292457,0.4841161,2.535312,0.2751708,0.1192655,-2.599324,0.1161605,-0.1337538,0.0175085,0.9840276,13.49107,344.5426,0.1993848,0.09898857,0.04219943,-0.994193,-0.1909545,0.01473893,0.5876743,-1.127984,-0.01280259,-1.585644,0.2094827,0.3378876,2.060929,0.9636067,0.003383888,0.2673025,-0.0655315,0.9724004,0.2239265,-0.2591673,-0.2332938,0.9372334,moving,-10.02074,-3.596176,5.803886,9.310763,-2.264252770387424,4.758548293154464
05/11/2023 10:30:23.564756,2848,True,True,True,True,Eyes,0.2483122,0.1231927,-2.630261,-0.1712089,-0.06130443,0.9833256,0.0,0.0,0.0,0.0,0.0,0.0,0.0,0.3969348,0.4865701,2.53057,0.2746311,0.1201479,-2.590026,0.1170188,-0.12812,0.01434909,0.9847264,13.54093,345.162,359.8983,0.0982004,0.04272225,-0.9942488,-0.1794973,0.0138546,0.5524138,-1.114928,-0.01319472,-1.557555,0.2127492,0.339959,2.061195,0.9667587,-0.001725051,0.2556846,-0.05824478,0.9722014,0.2267863,-0.2489681,-0.2341399,0.9397837,moving,-9.876879,-3.56743,5.892999,9.365647,-2.247293532848305,4.767655046939389
05/11/2023 10:30:23.575875,2849,True,True,True,True,Eyes,0.2482296,0.1231461,-2.628329,-0.1684545,-0.06108295,0.983815,0.0,0.0,0.0,0.0,0.0,0.0,0.0,0.3670236,0.4960845,2.522732,0.2742777,0.1203047,-2.579783,0.1192513,-0.1228253,0.01345791,0.9851457,13.7842,345.7666,359.8361,0.09762593,0.04315343,-0.9942868,-0.1687274,0.01302332,0.519269,-1.098727,-0.01810433,-1.527322,0.2159753,0.3420045,2.061457,0.9694656,-0.002778145,0.2452114,-0.05581016,0.9711961,0.2316538,-0.2387919,-0.2382657,0.9413862,moving,-9.716292,-3.55281,5.980961,9.419813,-2.227785648470315,4.772747591094435
05/11/2023 10:30:23.590296,2850,True,True,True,True,Eyes,0.2481664,0.12309,-2.626076,-0.16531,-0.06110711,0.9843467,0.0,0.0,0.0,0.0,0.0,0.0,0.0,0.3395118,0.5099776,2.513729,0.274329,0.1192036,-2.569964,0.1221452,-0.1178421,0.0148256,0.9853801,14.13534,346.3639,0.02540651,0.09721839,0.04350919,-0.9943113,-0.1586038,0.01224192,0.4881128,-1.080098,-0.02589016,-1.496057,0.2191038,0.3439881,2.061712,0.9717869,0.0004300037,0.2358603,-0.05800541,0.9697214,0.2372248,-0.2286168,-0.2442132,0.9423875,moving,-9.533226,-3.552297,6.066211,9.472309,-2.205013581329884,4.773861775765036
05/11/2023 10:30:23.610032,2851,True,True,True,True,Eyes,0.2481406,0.1230678,-2.623518,-0.1619295,-0.06156097,0.9848803,0.0,0.0,0.0,0.0,0.0,0.0,0.0,0.3173164,0.5301666,2.502597,0.2747841,0.1189377,-2.560294,0.1264551,-0.1139291,0.01598433,0.9852785,14.64499,346.8286,0.1589585,0.09689562,0.04381866,-0.9943292,-0.1490876,0.0115074,0.4588261,-1.059754,-0.03751339,-1.464952,0.2223738,0.3460617,2.061978,0.9735293,0.002684206,0.2285464,-0.06031187,0.9675072,0.2455448,-0.2204612,-0.2528291,0.9420585,moving,-9.336773,-3.576679,6.155268,9.52716,-2.179752880185255,4.76781667165732
05/11/2023 10:30:23.620317,2852,True,True,True,True,Eyes,0.2481516,0.1230445,-2.620668,-0.1580607,-0.06222438,0.9854668,0.0,0.0,0.0,0.0,0.0,0.0,0.0,0.2913221,0.5550164,2.490658,0.2757672,0.1196938,-2.55067,0.1318886,-0.1093973,0.01634953,0.9850737,15.27293,347.3527,0.1992348,0.0966121,0.04410181,-0.9943435,-0.1401423,0.01081696,0.4312965,-1.03992,-0.05070207,-1.435483,0.2255151,0.3480535,2.062233,0.9755299,0.003354494,0.2198414,-0.06106749,0.9646762,0.2562627,-0.2112161,-0.2634172,0.9412753,moving,-9.112158,-3.612975,6.240771,9.579816,-2.1505929700725384,4.758460050418487
05/11/2023 10:30:23.644834,2853,True,True,True,True,Eyes,0.2482009,0.1230581,-2.61755,-0.15386,-0.06308402,0.9860768,0.0,0.0,0.0,0.0,0.0,0.0,0.0,0.2602425,0.5789249,2.479008,0.2767291,0.1195001,-2.541162,0.1369866,-0.1040058,0.01476436,0.9849871,15.83877,347.9497,0.03517357,0.09636746,0.04436078,-0.9943553,-0.1317338,0.01016794,0.4054187,-1.021751,-0.06263588,-1.40849,0.2287256,0.3500894,2.062495,0.9779296,0.0005905885,0.2089338,-0.05758021,0.9620334,0.2667889,-0.2008437,-0.2729312,0.9408349,moving,-8.868492,-3.660495,6.328103,9.633607,-2.1186908227693984,4.7459442610265015
05/11/2023 10:30:23.659954,2854,True,True,True,True,Eyes,0.2482826,0.1231135,-2.614176,-0.1492199,-0.06375588,0.9867465,0.0,0.0,0.0,0.0,0.0,0.0,0.0,0.2256539,0.5897006,2.470639,0.2778223,0.1202047,-2.532013,0.1396959,-0.09809663,0.01131192,0.9852584,16.11061,348.5851,359.6948,0.09616023,0.04459986,-0.9943643,-0.1238297,0.009557866,0.3810936,-1.004064,-0.06956324,-1.381685,0.2319369,0.3521257,2.062756,0.9804982,-0.005117054,0.1964615,-0.04969772,0.9607142,0.2730538,-0.1901406,-0.2774924,0.9417242,moving,-8.599346,-3.696869,6.41541,9.687379,-2.083984885994627,4.736799773867303
05/11/2023 10:30:23.680467,2855,True,True,True,True,Eyes,0.2483911,0.123189,-2.610546,-0.1443351,-0.0643082,0.987437,0.0,0.0,0.0,0.0,0.0,0.0,0.0,0.1909992,0.5898735,2.464311,0.2787808,0.1210883,-2.522871,0.1403868,-0.09209554,0.008102036,0.9857709,16.15702,349.2416,359.4104,0.09598883,0.04482309,-0.9943706,-0.1164,0.008984394,0.3582279,-0.9875078,-0.06970231,-1.355337,0.2351646,0.3541723,2.063018,0.9829056,-0.009884487,0.1838451,-0.0418315,0.9604518,0.275286,-0.1792954,-0.2782707,0.9436199,moving,-8.316115,-3.726205,6.503109,9.741393,-2.047758003104224,4.729773486584661
05/11/2023 10:30:23.690054,2856,True,True,True,True,Eyes,0.2485379,0.1232693,-2.606676,-0.1392525,-0.06443386,0.9881584,0.0,0.0,0.0,0.0,0.0,0.0,0.0,0.1608181,0.5806484,2.459087,0.2796324,0.1215843,-2.513393,0.139167,-0.08682959,0.005921338,0.986437,15.99701,349.8346,359.2558,0.09585164,0.04503328,-0.9943742,-0.109416,0.008445331,0.3367343,-0.9694306,-0.06930061,-1.327833,0.2390062,0.3566081,2.063331,0.9848511,-0.01248556,0.172952,-0.03584968,0.961195,0.2735306,-0.1696557,-0.2755872,0.9461864,moving,-8.021372,-3.730747,6.607418,9.805634,-2.01091686156252,4.73000843435144
05/11/2023 10:30:23.710101,2857,True,True,True,True,Eyes,0.248722,0.123302,-2.602562,-0.1340248,-0.06440306,0.988883,0.0,0.0,0.0,0.0,0.0,0.0,0.0,0.1351767,0.5676248,2.454242,0.2807544,0.1217948,-2.50402,0.1371169,-0.08238994,0.004619533,0.9871116,15.7512,350.3467,359.1978,0.09574759,0.04523238,-0.9943752,-0.102851,0.007938611,0.3165302,-0.9519547,-0.06568022,-1.301288,0.2415787,0.3582391,2.06354,0.9863811,-0.01347412,0.163923,-0.0317141,0.9623553,0.2699382,-0.1613893,-0.2714606,0.9488217,moving,-7.718356,-3.726245,6.677225,9.848626,-1.973344529525293,4.732913510282814
05/11/2023 10:30:23.730234,2858,True,True,True,True,Eyes,0.24895,0.1233097,-2.598219,-0.1286785,-0.06406154,0.9896151,0.0,0.0,0.0,0.0,0.0,0.0,0.0,0.1105135,0.5565639,2.448172,0.2819181,0.1206951,-2.494289,0.1352174,-0.07809632,0.003732855,0.9877264,15.52737,350.847,359.1826,0.09567573,0.04542013,-0.9943736,-0.09667994,0.007462295,0.2975384,-0.9340651,-0.06116819,-1.274654,0.2446651,0.3601963,2.063791,0.9877741,-0.01374588,0.1552851,-0.02849404,0.9634047,0.2665325,-0.1532661,-0.2676986,0.9512345,moving,-7.40854,-3.703806,6.760934,9.90019,-1.935518062586616,4.741063604876276
05/11/2023 10:30:23.740129,2859,True,True,True,True,Eyes,0.2492226,0.1232602,-2.593653,-0.123254,-0.06369601,0.9903289,0.0,0.0,0.0,0.0,0.0,0.0,0.0,0.08738771,0.5481871,2.441348,0.2832532,0.1199987,-2.484691,0.1339378,-0.07412091,0.002682597,0.9882102,15.37379,351.3044,359.1352,0.09563541,0.04559715,-0.9943694,-0.09087914,0.007014557,0.2796861,-0.9173485,-0.05739056,-1.24932,0.2478645,0.3622252,2.064051,0.9889978,-0.01455324,0.1472127,-0.02515712,0.964107,0.2643197,-0.1457755,-0.265115,0.9531335,moving,-7.09442,-3.680083,6.847655,9.953612,-1.8971982150665685,4.749609284301979
05/11/2023 10:30:23.759893,2860,True,True,True,True,Eyes,0.2495472,0.1231298,-2.58887,-0.1177769,-0.06318772,0.9910277,0.0,0.0,0.0,0.0,0.0,0.0,0.0,0.066385,0.5443747,2.433069,0.2846601,0.1185608,-2.474972,0.1334423,-0.07054649,0.001825502,0.9885409,15.31253,351.7146,359.0959,0.09562606,0.04576274,-0.9943628,-0.08542639,0.006593684,0.2629049,-0.9005662,-0.05600934,-1.224363,0.251179,0.3643265,2.064321,0.9900396,-0.01521861,0.1399634,-0.02243694,0.9643797,0.2635688,-0.138989,-0.2640839,0.9544327,moving,-6.777426,-3.648229,6.937438,10.00891,-1.8587891211067542,4.760531477559128
05/11/2023 10:30:23.780062,2861,True,True,True,True,Eyes,0.2592153,0.1194682,-2.464044,0.02099458,-0.04852293,0.9986014,0.0,0.0,0.0,0.0,0.0,0.0,0.0,0.04662871,0.5420347,2.424182,0.2862729,0.1164786,-2.46518,0.1331018,-0.06719188,0.001538171,0.9888209,15.27395,352.1071,359.1183,0.09564748,0.04591534,-0.9943538,-0.08030081,0.006198063,0.2471306,-0.8846124,-0.0553043,-1.200521,0.2542602,0.3662806,2.064571,0.9909658,-0.01484478,0.133291,-0.02092868,0.9645631,0.2630211,-0.132472,-0.2634345,0.9555383,moving,1.204408,-2.781865,7.020851,10.0603,-0.893780300239121,5.0542198387151025
05/11/2023 10:30:23.790012,2862,True,True,True,True,Eyes,0.2593131,0.1194268,-2.463642,0.02117211,-0.04845416,0.998601,0.0,0.0,0.0,0.0,0.0,0.0,0.0,0.02801433,0.5353919,2.416135,0.2882046,0.1159739,-2.455326,0.1321881,-0.06409276,0.001340842,0.9891495,15.16974,352.4723,359.1515,0.09658748,0.04621749,-0.9942491,-0.04647851,-0.005158629,0.6067814,-0.8671684,-0.05660062,-1.176145,0.2574487,0.3683023,2.064831,0.9917806,-0.01429201,0.1271491,-0.01959719,0.965049,0.2613358,-0.1264402,-0.2616795,0.9568369,moving,1.21459,-2.77793,7.107116,10.11344,-0.8926427441611524,5.055416303897402
05/11/2023 10:30:23.810107,2863,True,True,True,True,Eyes,0.2595083,0.119317,-2.462836,0.02156756,-0.04836488,0.9985968,0.0,0.0,0.0,0.0,0.0,0.0,0.0,0.01185614,0.5350006,2.406544,0.2906693,0.1149702,-2.445427,0.132402,-0.06149813,0.002134488,0.9892841,15.20237,352.7901,359.2838,0.09741717,0.04645775,-0.9941571,-0.0436898,-0.004849112,0.5703745,-0.8473824,-0.06009261,-1.150569,0.260833,0.3704481,2.065106,0.9924268,-0.01206172,0.1222435,-0.02050819,0.9649303,0.2617039,-0.121113,-0.262229,0.9573753,moving,1.237275,-2.772831,7.198618,10.16981,-0.8899871903261305,5.057016732786751
05/11/2023 10:30:23.830350,2864,True,True,True,True,Eyes,0.2598097,0.119159,-2.461652,0.0222242,-0.04824396,0.9985883,0.0,0.0,0.0,0.0,0.0,0.0,0.0,-0.00579989,0.5325857,2.39683,0.293253,0.1132328,-2.435089,0.1321324,-0.05869739,0.001934346,0.9894907,15.17183,353.1179,359.3064,0.09815805,0.04664674,-0.9940755,-0.04106841,-0.004558165,0.536152,-0.8254094,-0.06810167,-1.124686,0.2640781,0.3725058,2.06537,0.9931018,-0.01168361,0.1166722,-0.01933968,0.9650746,0.2612604,-0.1156499,-0.2617146,0.9581913,moving,1.274942,-2.765932,7.286304,10.22384,-0.8855260436324707,5.059218899395249
05/11/2023 10:30:23.840311,2865,True,True,True,True,Eyes,0.2602186,0.118943,-2.460101,0.023096,-0.04812737,0.9985741,0.0,0.0,0.0,0.0,0.0,0.0,0.0,-0.02546582,0.5312801,2.387078,0.2961208,0.1118858,-2.425045,0.1321704,-0.05552753,0.00155846,0.9896693,15.17589,353.4856,359.3117,0.09882713,0.04679315,-0.9940024,-0.03860431,-0.004284675,0.5039829,-0.8014913,-0.0795586,-1.098737,0.2671357,0.3744447,2.065619,0.9938285,-0.01159348,0.1103197,-0.01776291,0.9650571,0.2614369,-0.1094958,-0.2617831,0.9588954,moving,1.324956,-2.759298,7.368864,10.27471,-0.8795191265410919,5.061409204790086
05/11/2023 10:30:23.860347,2866,True,True,True,True,Eyes,0.2607434,0.1186806,-2.458199,0.02416198,-0.04794235,0.9985579,0.0,0.0,0.0,0.0,0.0,0.0,0.0,-0.04433917,0.5301971,2.376986,0.2991618,0.1102978,-2.414845,0.1321978,-0.05250719,0.001489941,0.9898306,15.18066,353.8405,359.3509,0.09945,0.04691617,-0.9939346,-0.03628805,-0.004027595,0.4737439,-0.7733114,-0.09274466,-1.070949,0.2704593,0.3765522,2.06589,0.9944816,-0.0109331,0.1043404,-0.01683225,0.9650431,0.2615504,-0.1035525,-0.2618634,0.9595335,moving,1.386108,-2.748751,7.458552,10.32997,-0.8722549189703068,5.064794626686211
05/11/2023 10:30:23.880372,2867,True,True,True,True,Eyes,0.2613962,0.1183594,-2.455956,0.02542145,-0.04776858,0.9985349,0.0,0.0,0.0,0.0,0.0,0.0,0.0,-0.06139044,0.5282461,2.3671,0.302516,0.1089505,-2.404701,0.1320657,-0.04987479,0.001712013,0.989984,15.16839,354.1545,359.4192,0.1000415,0.04702021,-0.9938704,-0.03411077,-0.003785939,0.4453193,-0.742411,-0.1048681,-1.042345,0.2737212,0.3786205,2.066155,0.9950191,-0.009783769,0.09920266,-0.01656323,0.9651115,0.2613151,-0.09829828,-0.2616567,0.9601423,moving,1.458364,-2.738866,7.546517,10.38417,-0.8635865652974952,5.068046339158009
05/11/2023 10:30:23.889729,2868,True,True,True,True,Eyes,0.2621825,0.1179923,-2.453393,0.02694613,-0.04757646,0.998504,0.0,0.0,0.0,0.0,0.0,0.0,0.0,-0.08045745,0.5279639,2.356568,0.3062903,0.1072703,-2.394433,0.1322046,-0.04686948,0.002193178,0.9901112,15.18878,354.5158,359.5221,0.1006076,0.04710479,-0.9938094,-0.03206412,-0.003558783,0.4186001,-0.7110324,-0.1135682,-1.014176,0.2766419,0.3804725,2.066393,0.9955969,-0.008049746,0.09339191,-0.01673571,0.9650342,0.2615891,-0.09223212,-0.2620002,0.9606504,moving,1.545838,-2.727951,7.625233,10.43268,-0.8530578112185809,5.071677414421762
05/11/2023 10:30:23.910233,2869,True,True,True,True,Eyes,0.2631117,0.1175701,-2.450521,0.02861727,-0.04740927,0.9984655,0.0,0.0,0.0,0.0,0.0,0.0,0.0,-0.09895986,0.5280014,2.346081,0.3103214,0.1058283,-2.384361,0.1324492,-0.04400802,0.002640442,0.9902089,15.22066,354.8595,359.6183,0.1011605,0.04717099,-0.9937502,-0.03014027,-0.003345256,0.3934841,-0.6788561,-0.1186767,-0.9856649,0.2798407,0.3825006,2.066652,0.9961127,-0.006428474,0.08785371,-0.01688683,0.9649005,0.2620723,-0.0864548,-0.2625371,0.961041,moving,1.641719,-2.718484,7.71139,10.48577,-0.8414346902054151,5.074932294674476
05/11/2023 10:30:23.929937,2870,True,True,True,True,Eyes,0.264186,0.1171061,-2.447351,0.03056831,-0.04718677,0.9984182,0.0,0.0,0.0,0.0,0.0,0.0,0.0,-0.1166871,0.5286105,2.335334,0.3147254,0.1041299,-2.374223,0.1327597,-0.04135932,0.003131482,0.99028,15.25988,355.1788,359.7161,0.1017067,0.04721876,-0.9936922,-0.02833186,-0.003144541,0.3698751,-0.646885,-0.1196892,-0.9575657,0.2830179,0.3845152,2.066911,0.9965593,-0.004779615,0.0827461,-0.01718379,0.9647301,0.2626795,-0.08108316,-0.2631976,0.9613286,moving,1.753662,-2.705873,7.796909,10.53848,-0.8279159175417364,5.079184924050417
05/11/2023 10:30:23.940376,2871,True,True,True,True,Eyes,0.2654025,0.1165969,-2.443892,0.03264079,-0.04693982,0.9983643,0.0,0.0,0.0,0.0,0.0,0.0,0.0,-0.1348433,0.5266556,2.325019,0.3193114,0.1026522,-2.364058,0.1326295,-0.03869169,0.002995073,0.9904057,15.24492,355.4912,359.7428,0.1022563,0.04724894,-0.9936345,-0.02663195,-0.002955868,0.3476826,-0.6143568,-0.1156167,-0.9291645,0.2863991,0.3866593,2.067186,0.996988,-0.00433064,0.07743541,-0.01619599,0.964801,0.2624822,-0.07584648,-0.2629457,0.9618248,moving,1.872577,-2.691877,7.887852,10.59453,-0.8135749732628634,5.083876536963695
05/11/2023 10:30:23.960130,2872,True,True,True,True,Eyes,0.2667702,0.1160347,-2.440162,0.03489129,-0.04666078,0.9983012,0.0,0.0,0.0,0.0,0.0,0.0,0.0,-0.1521502,0.5232437,2.314883,0.3239778,0.1010549,-2.353815,0.1322,-0.03622844,0.002523638,0.9905575,15.1939,355.7746,359.7281,0.1028142,0.04726183,-0.9935763,-0.02503403,-0.002778516,0.3268216,-0.5830611,-0.108569,-0.9023883,0.2895496,0.3886571,2.067442,0.9973622,-0.004579184,0.07243996,-0.01457842,0.9650336,0.2617207,-0.07110547,-0.2620863,0.9624214,moving,2.001711,-2.676067,7.972538,10.64674,-0.7980218215103705,5.089148840833586
05/11/2023 10:30:23.980178,2873,True,True,True,True,Eyes,0.2682915,0.1154352,-2.436179,0.03720514,-0.0463783,0.9982308,0.0,0.0,0.0,0.0,0.0,0.0,0.0,-0.1697599,0.5218449,2.30437,0.3289982,0.09920537,-2.343754,0.1321213,-0.03373228,0.002268494,0.9906569,15.18442,356.0646,359.7376,0.1033868,0.0472575,-0.9935171,-0.02353199,-0.002611805,0.3072123,-0.5514661,-0.09813406,-0.8751337,0.2926491,0.3906223,2.067695,0.9977139,-0.004418905,0.06743366,-0.0134081,0.9650776,0.2616207,-0.0662348,-0.2619268,0.9628122,moving,2.134488,-2.660078,8.055796,10.69806,-0.7820210815762516,5.094492336360778
05/11/2023 10:30:23.999976,2874,True,True,True,True,Eyes,0.2699718,0.1149363,-2.431917,0.03963229,-0.04603275,0.9981534,0.0,0.0,0.0,0.0,0.0,0.0,0.0,-0.1847021,0.5197425,2.294253,0.3342326,0.09771816,-2.333791,0.1319492,-0.03182108,0.002078037,0.9907435,15.1643,356.287,359.7459,0.1039823,0.04723652,-0.9934559,-0.02212007,-0.002455097,0.2887796,-0.5193517,-0.08901277,-0.8487406,0.2958472,0.3926501,2.067955,0.9979662,-0.004279928,0.06360144,-0.01251513,0.9651701,0.2613233,-0.06250466,-0.2615878,0.9631537,moving,2.273769,-2.640491,8.141644,10.75098,-0.7653295128213742,5.100915035375801
05/11/2023 10:30:24.010122,2875,True,True,True,True,Eyes,0.2718419,0.1147056,-2.427406,0.04202289,-0.04577628,0.9980675,0.0,0.0,0.0,0.0,0.0,0.0,0.0,-0.1981659,0.512525,2.28457,0.3397418,0.09964699,-2.322899,0.1314083,-0.03026027,0.002080986,0.9908642,15.1022,356.4714,359.7728,0.1046054,0.04720508,-0.9933921,-0.02079286,-0.002307791,0.2714528,-0.4892622,-0.07905321,-0.8236734,0.2991497,0.3947442,2.068223,0.9981599,-0.003828956,0.06051455,-0.01207685,0.9654551,0.2602897,-0.05942072,-0.2605416,0.9636324,moving,2.410972,-2.626026,8.230236,10.8056,-0.7487274716811854,5.105839274855389
05/11/2023 10:30:24.020010,2876,True,True,True,True,Eyes,0.2738726,0.1144084,-2.422638,0.04463458,-0.04552684,0.9979655,0.0,0.0,0.0,0.0,0.0,0.0,0.0,-0.2088023,0.5099481,2.274858,0.3461892,0.10594,-2.312478,0.1325705,-0.0293487,0.003666589,0.9907323,15.24215,356.6023,359.9693,0.1052618,0.04717559,-0.9933241,-0.01954529,-0.002169324,0.2551656,-0.4636086,-0.07043594,-0.8012307,0.3024219,0.3968191,2.068489,0.9982504,-0.0005163265,0.05912556,-0.01504676,0.9648232,0.2624685,-0.05718123,-0.2628989,0.9631274,moving,2.56088,-2.612003,8.317951,10.85969,-0.7305292490628958,5.110702137270836
05/11/2023 10:30:24.040125,2877,True,True,True,True,Eyes,0.2760598,0.1142226,-2.417703,0.04737752,-0.04500424,0.9978627,0.0,0.0,0.0,0.0,0.0,0.0,0.0,-0.2319894,0.5089498,2.262774,0.3521109,0.1040306,-2.30178,0.1326729,-0.02580723,0.003013226,0.9908192,15.25203,357.009,359.9479,0.1059565,0.04714556,-0.9932517,-0.01837257,-0.002039164,0.2398557,-0.4396181,-0.06346402,-0.7797618,0.3055218,0.3987847,2.068742,0.9986498,-0.000876719,0.05194015,-0.01281897,0.9647776,0.2627543,-0.05034106,-0.2630653,0.9634638,moving,2.718305,-2.582326,8.400991,10.91089,-0.7119122402014942,5.120150782212049
05/11/2023 10:30:24.060066,2878,True,True,True,True,Eyes,0.2784082,0.1141334,-2.412547,0.05020491,-0.04437912,0.9977525,0.0,0.0,0.0,0.0,0.0,0.0,0.0,-0.2520043,0.4863428,2.257705,0.3580896,0.1063846,-2.292972,0.1289396,-0.02299361,0.001407424,0.9913849,14.81638,357.3185,359.814,0.1066925,0.0471199,-0.9931741,-0.01727022,-0.001916814,0.2254643,-0.4137177,-0.05930273,-0.7583362,0.3087002,0.4008001,2.069,0.9989386,-0.003138976,0.04595399,-0.008720172,0.9667452,0.2555928,-0.04522811,-0.2557222,0.9656918,moving,2.88058,-2.546785,8.486078,10.96336,-0.6928851350792102,5.131327989466248
05/11/2023 10:30:24.075953,2879,True,True,True,True,Eyes,0.2809034,0.1141173,-2.407162,0.05315596,-0.04358749,0.9976345,0.0,0.0,0.0,0.0,0.0,0.0,0.0,-0.2671209,0.4773414,2.248913,0.3643423,0.1087706,-2.283033,0.1279739,-0.0211181,0.001882559,0.9915509,14.70634,357.547,359.901,0.1074752,0.04710249,-0.9930905,-0.01623401,-0.001801806,0.2119365,-0.3882602,-0.05897307,-0.739123,0.3087001,0.4008001,2.069,0.999101,-0.001671827,0.04236118,-0.00913844,0.9672383,0.2537059,-0.0413975,-0.2538649,0.9663534,static,3.049949,-2.50171,8.486076,10.96336,-0.6732897896354874,5.145311411834294
05/11/2023 10:30:24.094896,2880,True,True,True,True,Eyes,0.283533,0.1141859,-2.401582,0.05624752,-0.04290061,0.9974948,0.0,0.0,0.0,0.0,0.0,0.0,0.0,-0.2877002,0.4641159,2.238914,0.3703845,0.1106811,-2.271888,0.125806,-0.01786634,0.004022717,0.9918858,14.46059,357.9623,0.2061952,0.1083054,0.04709597,-0.9930006,-0.01525997,-0.001693697,0.1992203,-0.3623511,-0.05827525,-0.7201474,0.3087002,0.4008001,2.069,0.9993292,0.003484767,0.0364549,-0.01247554,0.9683133,0.2494265,-0.03443058,-0.249714,0.9677073,static,3.227422,-2.46268,8.486078,10.96336,-0.6524859816114947,5.157582005862441
05/11/2023 10:30:24.110271,2881,True,True,True,True,Eyes,0.2862881,0.1143545,-2.395823,0.05950972,-0.04230915,0.9973307,0.0,0.0,0.0,0.0,0.0,0.0,0.0,-0.3091598,0.462686,2.227226,0.3762782,0.1128523,-2.26183,0.1263976,-0.01443783,0.00503083,0.9918618,14.52979,358.3799,0.3746654,0.1091864,0.0471031,-0.9929038,-0.01434437,-0.001592075,0.1872671,-0.3374283,-0.05552764,-0.7020491,0.3087001,0.4008,2.069,0.9995325,0.006329961,0.02991243,-0.01362959,0.9679967,0.2505927,-0.02736889,-0.2508833,0.9676304,static,3.414733,-2.429168,8.486074,10.96336,-0.6302752576894461,5.168301962416924
05/11/2023 10:30:24.120354,2882,True,True,True,True,Eyes,0.2891682,0.1146334,-2.389902,0.06300502,-0.04181702,0.9971368,0.0,0.0,0.0,0.0,0.0,0.0,0.0,-0.3320202,0.4616614,2.215292,0.3820877,0.1154354,-2.252015,0.1273251,-0.01072928,0.004983688,0.9917904,14.63537,358.8148,0.4236042,0.1101196,0.04712701,-0.9927996,-0.01348371,-0.001496551,0.1760311,-0.3126187,-0.04916467,-0.6839644,0.3087002,0.4008002,2.069,0.99972,0.007153337,0.02255149,-0.01261776,0.967527,0.2524527,-0.02001329,-0.2526666,0.9673464,static,3.615481,-2.401412,8.486078,10.96336,-0.6062017357262273,5.177421138292109
05/11/2023 10:30:24.140296,2883,True,True,True,True,Eyes,0.292164,0.1149633,-2.383837,0.06668992,-0.04129947,0.9969187,0.0,0.0,0.0,0.0,0.0,0.0,0.0,-0.3557562,0.4540535,2.204603,0.3880027,0.1183393,-2.242421,0.1269925,-0.006887697,0.004035026,0.9918715,14.59448,359.2517,0.3703421,0.1111058,0.04717094,-0.9926877,-0.01267468,-0.001406758,0.1654692,-0.2867509,-0.03720821,-0.664561,0.3087001,0.4008,2.069,0.9998726,0.006255085,0.01468826,-0.009753829,0.9677132,0.251865,-0.01263859,-0.2519762,0.9676509,static,3.827159,-2.372242,8.486074,10.96336,-0.5808142874172803,5.187008587990546
05/11/2023 10:30:24.160227,2884,True,True,True,True,Eyes,0.2952647,0.1153194,-2.377649,0.07042775,-0.040803,0.996682,0.0,0.0,0.0,0.0,0.0,0.0,0.0,-0.3802036,0.4460659,2.193838,0.393811,0.1198547,-2.233159,0.1263203,-0.002843118,0.002794954,0.9919815,14.51483,359.7079,0.2856742,0.1121464,0.04723537,-0.9925676,-0.0119142,-0.001322352,0.155541,-0.2587494,-0.02895981,-0.6459352,0.3087002,0.4008001,2.069,0.9999682,0.004826799,0.006346759,-0.006263372,0.9680707,0.2505989,-0.004934522,-0.2506306,0.9680702,static,4.041927,-2.344313,8.486075,10.96336,-0.5550011961355774,5.196251925003466
05/11/2023 10:30:24.176293,2885,True,True,True,True,Eyes,0.2984743,0.1156614,-2.371346,0.07429693,-0.0401964,0.9964257,0.0,0.0,0.0,0.0,0.0,0.0,0.0,-0.4021262,0.4360408,2.183913,0.3994606,0.1208653,-2.224216,0.1248812,0.0007829765,0.002559692,0.9921681,14.3475,0.1296951,0.3119578,0.1132416,0.04731969,-0.9924393,-0.01119935,-0.001243011,0.1462086,-0.2241422,-0.03111608,-0.6263424,0.3087001,0.4008,2.069,0.9999857,0.005274849,-0.0009143741,-0.004883733,0.9687963,0.2478103,0.002193004,-0.2478023,0.9688081,static,4.264279,-2.310093,8.486076,10.96336,-0.5284517675960823,5.2073622461648075
05/11/2023 10:30:24.190441,2886,True,True,True,True,Eyes,0.301788,0.1159764,-2.364944,0.07821578,-0.03959643,0.9961498,0.0,0.0,0.0,0.0,0.0,0.0,0.0,-0.4238574,0.4281069,2.173444,0.4053296,0.1209677,-2.215369,0.1234811,0.004436353,0.00353138,0.9923307,14.18401,0.5718822,0.4789433,0.1143912,0.04742158,-0.9923026,-0.01052739,-0.001168431,0.1374361,-0.1927481,-0.017841,-0.6079551,0.3087003,0.4008001,2.069,0.9999357,0.008104204,-0.007932542,-0.005912982,0.9694799,0.2450995,0.009676776,-0.2450368,0.9694655,static,4.489544,-2.276279,8.486078,10.96336,-0.5015263056112735,5.218370017588105
05/11/2023 10:30:24.210358,2887,True,True,True,True,Eyes,0.3051997,0.1163038,-2.358444,0.08227687,-0.03892113,0.9958493,0.0,0.0,0.0,0.0,0.0,0.0,0.0,-0.4452188,0.4203444,2.162973,0.4111712,0.1206842,-2.206748,0.1221536,0.007987596,0.003711828,0.9924722,14.02875,0.989952,0.5503743,0.1155957,0.04753848,-0.9921575,-0.009895746,-0.001098325,0.1291899,-0.1669264,-0.01752166,-0.5921535,0.3087002,0.4008001,2.069001,0.9998448,0.009319198,-0.01494811,-0.005416346,0.9701295,0.2425273,0.01676176,-0.2424087,0.9700294,static,4.723039,-2.238172,8.486074,10.96336,-0.4737181055234738,5.230667930834017
05/11/2023 10:30:24.230121,2888,True,True,True,True,Eyes,0.3086954,0.1166328,-2.351844,0.08638303,-0.03832794,0.9955244,0.0,0.0,0.0,0.0,0.0,0.0,0.0,-0.4673237,0.4099752,2.152676,0.4169639,0.121264,-2.198163,0.1207408,0.01163865,0.002251636,0.9926133,13.86562,1.3958,0.4296679,0.1168552,0.04766972,-0.9920036,-0.009302001,-0.001032425,0.1214385,-0.1333346,-0.01598866,-0.5742844,0.3087001,0.4008001,2.069,0.999719,0.007280529,-0.02256163,-0.001659487,0.9708332,0.2397504,0.02364909,-0.2396455,0.9705724,static,4.959213,-2.204813,8.486073,10.96336,-0.4454196081701185,5.24160108052609
05/11/2023 10:30:24.245959,2889,True,True,True,True,Eyes,0.3122584,0.1169459,-2.345157,0.09075479,-0.03774387,0.9951578,0.0,0.0,0.0,0.0,0.0,0.0,0.0,-0.493429,0.4014375,2.140612,0.4225112,0.1214707,-2.189423,0.1199772,0.01622631,-0.0004845343,0.992644,13.78062,1.89391,0.1729488,0.1181687,0.0478142,-0.991841,-0.00874388,-0.0009704797,0.1141522,-0.1066808,-0.01225708,-0.5600739,0.3087001,0.4008,2.069,0.9994729,0.002931633,-0.03233016,0.004855514,0.9712105,0.2381735,0.03209763,-0.2382049,0.9706844,static,5.210754,-2.172046,8.486077,10.96336,-0.41518859600995117,5.252443326167193
05/11/2023 10:30:24.261930,2890,True,True,True,True,Eyes,0.3158777,0.1172271,-2.3384,0.09521803,-0.03736423,0.994755,0.0,0.0,0.0,0.0,0.0,0.0,0.0,-0.5215191,0.3934585,2.127799,0.4277154,0.1212633,-2.18098,0.119355,0.0213864,-0.003532917,0.992615,13.71533,2.455015,359.8875,0.1195346,0.04797015,-0.9916698,-0.008219248,-0.0009122509,0.1073031,-0.08562218,-0.009155571,-0.5469269,0.3087001,0.4008001,2.069,0.9990603,-0.001908508,-0.04330026,0.0121188,0.9714838,0.2367959,0.04161358,-0.2370982,0.970594,static,5.467699,-2.151089,8.486075,10.96336,-0.3838948437841211,5.259884267914529
05/11/2023 10:30:24.277754,2891,True,True,True,True,Eyes,0.319557,0.1175126,-2.331568,0.09995361,-0.03703543,0.9943026,0.0,0.0,0.0,0.0,0.0,0.0,0.0,-0.5494152,0.3880689,2.114439,0.4327258,0.120711,-2.172897,0.1192282,0.02661836,-0.006325523,0.9924899,13.70969,3.028565,359.6338,0.1209523,0.04813545,-0.99149,-0.007726093,-0.0008575158,0.1008649,-0.06396258,4.172325e-05,-0.5317469,0.3087003,0.4008001,2.069,0.998503,-0.006208715,-0.05434526,0.01890335,0.9714893,0.2363289,0.05132854,-0.2370024,0.9701522,static,5.740451,-2.133147,8.48608,10.96336,-0.3505337843504498,5.26653295097252
05/11/2023 10:30:24.290059,2892,True,True,True,True,Eyes,0.3232886,0.1177953,-2.324661,0.1047807,-0.03688667,0.993811,0.0,0.0,0.0,0.0,0.0,0.0,0.0,-0.578177,0.3818724,2.100412,0.4378638,0.1209619,-2.164599,0.1192057,0.0320768,-0.009298118,0.9923077,13.71981,3.626262,359.3627,0.1224203,0.04830958,-0.9913014,0.0,0.0,0.0,-0.04212643,0.01888411,-0.5171466,0.3087001,0.4008001,2.069,0.9977692,-0.01080571,-0.06587689,0.02610066,0.9714071,0.235981,0.06144334,-0.237174,0.9695221,static,6.018646,-2.125636,8.486075,10.96336,-0.3161506710246691,5.270181017455019
05/11/2023 10:30:24.310335,2893,True,True,True,True,Eyes,0.3270695,0.1180562,-2.317692,0.109901,-0.03687603,0.9932583,0.0,0.0,0.0,0.0,0.0,0.0,0.0,-0.6084774,0.3803228,2.08455,0.4428988,0.121108,-2.15625,0.1200995,0.03803793,-0.01133225,0.9919683,13.83531,4.296417,359.2125,0.1239365,0.04849172,-0.9911041,0.0,0.0,0.0,-0.02102558,0.02517322,-0.5031528,0.3087002,0.4008001,2.069,0.9968494,-0.01334579,-0.07818682,0.03161914,0.9708953,0.2374077,0.07274284,-0.2391319,0.9682584,static,6.313923,-2.126205,8.486078,10.96336,-0.2793742616174899,5.271572597788724
05/11/2023 10:30:24.320244,2894,True,True,True,True,Eyes,0.3308932,0.1182881,-2.31067,0.1151857,-0.03712485,0.9926499,0.0,0.0,0.0,0.0,0.0,0.0,0.0,-0.6388648,0.3825101,2.067734,0.4478899,0.1208092,-2.148205,0.1215975,0.04413743,-0.01251189,0.9915187,14.01861,4.995457,359.1686,0.1254996,0.04868038,-0.9908982,0.0,0.0,0.0,0.01015411,0.02736326,-0.4879217,0.3087002,0.4008001,2.069,0.9957907,-0.01407754,-0.090569,0.03554555,0.970115,0.2400279,0.08448334,-0.2422369,0.9665319,static,6.618918,-2.141849,8.486077,10.96336,-0.24089025723443425,5.268637415900897
05/11/2023 10:30:24.340371,2895,True,True,True,True,Eyes,0.334761,0.1184915,-2.303616,0.1207756,-0.03762151,0.9919666,0.0,0.0,0.0,0.0,0.0,0.0,0.0,-0.6705881,0.3882211,2.049442,0.4527979,0.12033,-2.140353,0.1239226,0.05063844,-0.01360547,0.9909056,14.29823,5.744009,359.1478,0.1271084,0.04887392,-0.9906837,0.0,0.0,0.0,0.03461008,0.0248383,-0.475787,0.3087002,0.4008001,2.069,0.9945012,-0.01441298,-0.1037279,0.03951397,0.9689161,0.2442133,0.09698378,-0.2469691,0.9641579,static,6.941808,-2.17197,8.486077,10.96336,-0.19970049112734822,5.261592252335069
05/11/2023 10:30:24.360284,2896,True,True,True,True,Eyes,0.3386695,0.1186563,-2.296534,0.1264639,-0.03836164,0.9912292,0.0,0.0,0.0,0.0,0.0,0.0,0.0,-0.7022747,0.398235,2.03013,0.4577439,0.1198499,-2.132912,0.1271421,0.05721783,-0.0140731,0.9901329,14.67794,6.513058,359.2111,0.1287616,0.04907084,-0.9904604,0.0,0.0,0.0,0.05712267,0.01573075,-0.4635108,0.3087002,0.4008001,2.069,0.9930561,-0.0133189,-0.1168851,0.04241807,0.9672737,0.2501647,0.1097279,-0.2533856,0.961122,static,7.270683,-2.216302,8.486076,10.96336,-0.15729636668340852,5.250451562769771
05/11/2023 10:30:24.376227,2897,True,True,True,True,Eyes,0.3426336,0.1188008,-2.289424,0.1324342,-0.03927407,0.9904134,0.0,0.0,0.0,0.0,0.0,0.0,0.0,-0.7335841,0.4098362,2.010092,0.4626909,0.1191744,-2.125628,0.1304807,0.06384341,-0.01361034,0.9892995,15.06453,7.304241,359.3907,0.1304572,0.04926921,-0.9902286,0.0,0.0,0.0,0.07806298,0.002723634,-0.4522737,0.3087002,0.4008,2.069,0.9914775,-0.01026873,-0.1298723,0.04359007,0.9655792,0.2564311,0.1227688,-0.2599068,0.9577976,static,7.616189,-2.27083,8.486077,10.96336,-0.11248520866684952,5.236437491958809
05/11/2023 10:30:24.389812,2898,True,True,True,True,Eyes,0.3466544,0.1189354,-2.282286,0.1384585,-0.04018065,0.9895528,0.0,0.0,0.0,0.0,0.0,0.0,0.0,-0.7646113,0.4200919,1.989714,0.4680106,0.11895,-2.118227,0.1333848,0.07047165,-0.01225446,0.9884797,15.39212,8.112191,359.6775,0.1321947,0.04946817,-0.9899883,0.0,0.0,0.0,0.09500545,-0.0155603,-0.442208,0.3087002,0.4008,2.069,0.9897671,-0.005426866,-0.1425887,0.04302626,0.9641166,0.2619692,0.1360505,-0.2654235,0.9544845,static,7.965129,-2.325209,8.486078,10.96336,-0.06725148913506818,5.222484798430914
05/11/2023 10:30:24.410495,2899,True,True,True,True,Eyes,0.35074,0.1190351,-2.275121,0.1448078,-0.04116356,0.9886032,0.0,0.0,0.0,0.0,0.0,0.0,0.0,-0.7958869,0.4272062,1.969278,0.4734571,0.1190161,-2.110846,0.1355089,0.07725613,-0.01054683,0.9877032,15.6235,8.945751,0.006158495,0.133974,0.04966741,-0.9897391,0.0,0.0,0.0,0.1154314,-0.03763857,-0.4325961,0.3087001,0.4007999,2.069,0.9878405,0.0001035163,-0.1554706,0.04177206,0.9630522,0.2660555,0.1497539,-0.2693147,0.9513376,static,8.333261,-2.38431,8.486076,10.96336,-0.019472706764622316,5.207261955703752
05/11/2023 10:30:24.420189,2900,True,True,True,True,Eyes,0.3548842,0.1191,-2.267946,0.1514125,-0.04196959,0.9875792,0.0,0.0,0.0,0.0,0.0,0.0,0.0,-0.8293606,0.4323596,1.947692,0.4791082,0.1183878,-2.103502,0.1372521,0.08458016,-0.009566718,0.9868721,15.81421,9.833018,0.2581704,0.1357942,0.04986544,-0.9894811,0.0,0.0,0.0,0.1399922,-0.05942933,-0.4231472,0.3087001,0.4008001,2.069,0.9855093,0.00433536,-0.1695657,0.04209987,0.9621407,0.2692823,0.1643135,-0.2725189,0.9480161,static,8.716532,-2.43346,8.486076,10.96336,0.02986202810348515,5.19500884763631
05/11/2023 10:30:24.445450,2901,True,True,True,True,Eyes,0.3590859,0.1191389,-2.260761,0.1584313,-0.04285754,0.9864394,0.0,0.0,0.0,0.0,0.0,0.0,0.0,-0.8651787,0.4338142,1.925523,0.4846947,0.1176592,-2.096567,0.1384981,0.0924978,-0.009858404,0.9859845,15.9583,10.7704,0.3683472,0.1376558,0.05006103,-0.989214,0.0,0.0,0.0,0.1671825,-0.07045245,-0.4134978,0.3087001,0.4008001,2.069,0.982694,0.00618107,-0.1851335,0.045062,0.9614422,0.2712902,0.179672,-0.2749377,0.9445249,static,9.124308,-2.487748,8.486076,10.96336,0.08241695399857818,5.181392790308999
05/11/2023 10:30:24.460190,2902,True,True,True,True,Eyes,0.3633352,0.1191481,-2.253559,0.165932,-0.0434586,0.9851791,0.0,0.0,0.0,0.0,0.0,0.0,0.0,-0.9036025,0.4344019,1.901464,0.4902548,0.1170859,-2.089667,0.1398732,0.101146,-0.01081531,0.9849306,16.12409,11.78576,0.4169335,0.1395579,0.05025333,-0.9889377,0.0,0.0,0.0,0.1944756,-0.07275602,-0.4034339,0.3087001,0.4008,2.069,0.979305,0.006990549,-0.2022691,0.04959989,0.9606371,0.2733428,0.196218,-0.2777185,0.94041,static,9.560498,-2.525816,8.486075,10.96336,0.13797334150363882,5.172637068047419
05/11/2023 10:30:24.475986,2903,True,True,True,True,Eyes,0.3676384,0.1191258,-2.246354,0.1738044,-0.04409454,0.9837925,0.0,0.0,0.0,0.0,0.0,0.0,0.0,-0.9425857,0.4345447,1.875985,0.4956438,0.1163904,-2.082644,0.1411089,0.1101444,-0.01154119,0.9837801,16.27111,12.84798,0.499983,0.1415003,0.0504415,-0.988652,0.0,0.0,0.0,0.2182697,-0.06721297,-0.3927118,0.3087002,0.4008,2.069,0.9754701,0.008376723,-0.2199728,0.05379267,0.9599102,0.2750978,0.2134585,-0.2801827,0.935913,static,10.01893,-2.566335,8.486076,10.96336,0.19637947257553168,5.163286808977966
05/11/2023 10:30:24.489998,2904,True,True,True,True,Eyes,0.372,0.1190689,-2.239149,0.1820076,-0.04445467,0.9822917,0.0,0.0,0.0,0.0,0.0,0.0,0.0,-0.9798223,0.434798,1.850604,0.5012113,0.1156941,-2.075871,0.1420585,0.1188511,-0.01138304,0.9826313,16.37293,13.89097,0.6806133,0.1434819,0.05062457,-0.988357,0.0,0.0,0.0,0.2386248,-0.0583047,-0.382114,0.3087002,0.4008,2.069,0.9714897,0.01139695,-0.2368076,0.05613827,0.9593796,0.2764766,0.2303394,-0.2818881,0.9313876,static,10.49721,-2.591214,8.486077,10.96336,0.25673987931882425,5.158583280919157
05/11/2023 10:30:24.510324,2905,True,True,True,True,Eyes,0.3764349,0.1189826,-2.231942,0.1905214,-0.04482747,0.980659,0.0,0.0,0.0,0.0,0.0,0.0,0.0,-1.014347,0.4355596,1.825707,0.5069704,0.1149037,-2.069202,0.1428244,0.126992,-0.01051875,0.981511,16.44167,14.87931,0.9335526,0.1455026,0.05080155,-0.9880525,0.0,0.0,0.0,0.2583161,-0.05128404,-0.3714219,0.3087001,0.4008001,2.069,0.9675248,0.0156266,-0.2522928,0.05692366,0.958981,0.2776959,0.2462835,-0.2830391,0.9269484,static,10.99441,-2.617259,8.486076,10.96336,0.3194940530003443,5.1536408837762195
05/11/2023 10:30:24.530116,2906,True,True,True,True,Eyes,0.3809384,0.1188794,-2.224728,0.1992897,-0.044988,0.9789074,0.0,0.0,0.0,0.0,0.0,0.0,0.0,-1.049692,0.4344127,1.799811,0.5131186,0.1141986,-2.062416,0.1434165,0.1353392,-0.01030033,0.9803107,16.4975,15.8822,1.113004,0.1475632,0.0509718,-0.987738,0.0,0.0,0.0,0.2768644,-0.04660277,-0.3612741,0.3087001,0.4008001,2.069,0.9631544,0.0186247,-0.2683034,0.05901478,0.9586512,0.2783973,0.2623945,-0.2839735,0.92223,static,11.50724,-2.631311,8.486076,10.96336,0.38379786492626256,5.152263836608661
05/11/2023 10:30:24.540117,2907,True,True,True,True,Eyes,0.3855077,0.118755,-2.21751,0.2084343,-0.04518833,0.9769918,0.0,0.0,0.0,0.0,0.0,0.0,0.0,-1.086844,0.43046,1.77244,0.5192323,0.1136718,-2.055613,0.1439212,0.1442162,-0.01136678,0.9789582,16.56269,16.92817,1.151144,0.1496637,0.05113526,-0.9874135,0.0,0.0,0.0,0.2937246,-0.04600342,-0.351406,0.3087002,0.4008,2.069,0.958145,0.01925633,-0.2856351,0.06376676,0.958315,0.2785072,0.2790914,-0.2850643,0.9169767,static,12.0431,-2.648187,8.486077,10.96336,0.4510618329844367,5.150188082670117
05/11/2023 10:30:24.560155,2908,True,True,True,True,Eyes,0.3901353,0.1186215,-2.210289,0.2177469,-0.0451524,0.9749603,0.0,0.0,0.0,0.0,0.0,0.0,0.0,-1.125383,0.4245455,1.743558,0.5252985,0.1130177,-2.048904,0.1442482,0.1535892,-0.01309052,0.9774617,16.61955,18.02331,1.119346,0.1518048,0.0512917,-0.9870785,0.0,0.0,0.0,0.3097112,-0.04655305,-0.3416055,0.3087001,0.4008,2.069,0.9524781,0.01871895,-0.3040317,0.06990091,0.9580422,0.2779731,0.2964785,-0.2860153,0.9112056,static,12.58978,-2.65159,8.486076,10.96336,0.5192277888495445,5.15208213190172
05/11/2023 10:30:24.576290,2909,True,True,True,True,Eyes,0.3948289,0.1184731,-2.20306,0.2273842,-0.04510772,0.9727598,0.0,0.0,0.0,0.0,0.0,0.0,0.0,-1.162048,0.417679,1.714796,0.531266,0.1126208,-2.042158,0.1443076,0.1626812,-0.01453091,0.9759607,16.64284,19.08967,1.111714,0.1539855,0.05144138,-0.9867328,0.0,0.0,0.0,0.3249081,-0.04306135,-0.3316359,0.3087001,0.4008,2.069,0.9466473,0.01858908,-0.3217348,0.07531545,0.9579283,0.2769492,0.3133471,-0.2864048,0.9054203,static,13.15675,-2.654953,8.486075,10.96336,0.5899182285667923,5.15409477524608
05/11/2023 10:30:24.590096,2910,True,True,True,True,Eyes,0.3995867,0.1183109,-2.195819,0.2371991,-0.04485821,0.9704248,0.0,0.0,0.0,0.0,0.0,0.0,0.0,-1.19817,0.409852,1.685299,0.5374451,0.112122,-2.03529,0.1440346,0.1717864,-0.0157126,0.9744211,16.62456,20.16136,1.128109,0.1562066,0.05158435,-0.9863762,0.0,0.0,0.0,0.3382291,-0.04456098,-0.3219893,0.3087002,0.4008,2.069,0.9404851,0.01886498,-0.3393109,0.08010773,0.9580142,0.2753023,0.3302582,-0.2860991,0.899487,static,13.73538,-2.646632,8.486077,10.96336,0.6616743048985949,5.159562098930862
05/11/2023 10:30:24.610558,2911,True,True,True,True,Eyes,0.4044079,0.11812,-2.188565,0.2473523,-0.04457485,0.9678997,0.0,0.0,0.0,0.0,0.0,0.0,0.0,-1.234902,0.4007582,1.654271,0.5436676,0.1115986,-2.028343,0.1434497,0.1812724,-0.0167916,0.9727696,16.56929,21.27996,1.156081,0.1584681,0.05172065,-0.9860083,0.0,0.0,0.0,0.3527927,-0.04505952,-0.3118612,0.3087002,0.4008,2.069,0.9337167,0.01933824,-0.3574901,0.08467565,0.9582804,0.2729993,0.347855,-0.2851748,0.893125,static,14.33544,-2.636789,8.486078,10.96336,0.736047835574672,5.1655844216888775
05/11/2023 10:30:24.626539,2912,True,True,True,True,Eyes,0.409292,0.1178976,-2.181298,0.2580184,-0.04450643,0.9651143,0.0,0.0,0.0,0.0,0.0,0.0,0.0,-1.271385,0.3929815,1.621653,0.5498852,0.1107722,-2.021378,0.142934,0.1909589,-0.01733825,0.9709809,16.51068,22.43367,1.250205,0.1607704,0.0518497,-0.9856287,0.0,0.0,0.0,0.3692496,-0.04652739,-0.3022507,0.3087001,0.4008001,2.069,0.9264682,0.02091881,-0.3757914,0.08825925,0.9585385,0.2709505,0.3658785,-0.2841941,0.8862091,static,14.96769,-2.640335,8.486076,10.96336,0.8148707131011395,5.167888103156487
05/11/2023 10:30:24.640303,2913,True,True,True,True,Eyes,0.4142422,0.1176402,-2.174019,0.2689667,-0.0443733,0.9621269,0.0,0.0,0.0,0.0,0.0,0.0,0.0,-1.306316,0.3856528,1.588656,0.5561509,0.1098254,-2.014361,0.142457,0.2004184,-0.01776674,0.969135,16.45378,23.56408,1.354203,0.1631132,0.05197078,-0.9852374,0.0,0.0,0.0,0.3851619,-0.04808332,-0.2925307,0.3087001,0.4008,2.069,0.9190336,0.02266528,-0.393527,0.09153877,0.9587807,0.2689987,0.383403,-0.2832418,0.8790769,static,15.61856,-2.640611,8.486077,10.96336,0.8959035143210823,5.171239612849804
05/11/2023 10:30:24.660318,2914,True,True,True,True,Eyes,0.4192574,0.1173641,-2.166726,0.2802158,-0.04443819,0.9589079,0.0,0.0,0.0,0.0,0.0,0.0,0.0,-1.340813,0.3773962,1.554855,0.562546,0.1087915,-2.007359,0.1416976,0.2099497,-0.0181294,0.9672198,16.36277,24.70361,1.458891,0.1654973,0.05208313,-0.9848338,0.0,0.0,0.0,0.3996608,-0.04862072,-0.2828079,0.3087001,0.4008001,2.069,0.9111848,0.02442852,-0.4112729,0.094569,0.9591862,0.266493,0.4009973,-0.281718,0.8716858,static,16.28963,-2.653331,8.486076,10.96336,0.9798618763990272,5.171083706630968
05/11/2023 10:30:24.676195,2915,True,True,True,True,Eyes,0.4243445,0.11705,-2.159413,0.2916865,-0.04444947,0.9554806,0.0,0.0,0.0,0.0,0.0,0.0,0.0,-1.373458,0.3696375,1.521011,0.5689759,0.1081273,-2.000267,0.1409674,0.2191837,-0.01812703,0.9652762,16.26565,25.8149,1.599779,0.1679228,0.05218676,-0.9844176,0.0,0.0,0.0,0.4160952,-0.05050732,-0.2731724,0.3087001,0.4008001,2.069,0.9032598,0.02680033,-0.4282562,0.09679069,0.9595993,0.2641986,0.4180349,-0.2800913,0.8641734,static,16.97624,-2.66351,8.486076,10.96336,1.0656708227591998,5.171747677342406
05/11/2023 10:30:24.690118,2916,True,True,True,True,Eyes,0.4294848,0.116685,-2.152083,0.3033833,-0.04461275,0.9518236,0.0,0.0,0.0,0.0,0.0,0.0,0.0,-1.405301,0.3618165,1.486316,0.5756286,0.10695,-1.993021,0.1403763,0.2283254,-0.01862044,0.9632317,16.19653,26.91036,1.684631,0.1703902,0.05228078,-0.9839885,0.0,0.0,0.0,0.4321783,-0.05261324,-0.2638076,0.3087001,0.4008001,2.069,0.8950416,0.02823134,-0.4450882,0.09997455,0.9598956,0.2619268,0.4346327,-0.2789329,0.856324,static,17.67911,-2.683536,8.486076,10.96336,1.1538290930511201,5.169637665423355
05/11/2023 10:30:24.710115,2917,True,True,True,True,Eyes,0.4346713,0.1162685,-2.144741,0.3152507,-0.04477149,0.9479518,0.0,0.0,0.0,0.0,0.0,0.0,0.0,-1.436607,0.3526132,1.45091,0.5818691,0.105334,-1.985863,0.1398877,0.2375638,-0.02014329,0.9610354,16.1674,28.00499,1.655517,0.1728994,0.05236384,-0.9835463,0.0,0.0,0.0,0.447715,-0.05523749,-0.2544078,0.3087002,0.4008001,2.069,0.8863153,0.02774766,-0.4622501,0.1051813,0.9600514,0.2593034,0.4509789,-0.2784446,0.8479897,static,18.39505,-2.704054,8.486076,10.96336,1.2436306331578173,5.167453680147211
05/11/2023 10:30:24.730194,2918,True,True,True,True,Eyes,0.4399076,0.1158182,-2.137379,0.3272769,-0.04507405,0.9438528,0.0,0.0,0.0,0.0,0.0,0.0,0.0,-1.465469,0.3434159,1.416448,0.5879788,0.1036541,-1.978735,0.1394961,0.2462731,-0.02188402,0.9588594,16.15837,29.03543,1.595362,0.17545,0.05243465,-0.9830907,0.0,0.0,0.0,0.463664,-0.05602716,-0.2449345,0.3087001,0.4008001,2.069,0.8777412,0.0267409,-0.4783882,0.1106757,0.9601238,0.2567355,0.4661772,-0.2782933,0.8397807,static,19.12377,-2.734105,8.486076,10.96336,1.3353379189135826,5.162568554372354
05/11/2023 10:30:24.740143,2919,True,True,True,True,Eyes,0.4451868,0.1153256,-2.130003,0.3394042,-0.04536629,0.939546,0.0,0.0,0.0,0.0,0.0,0.0,0.0,-1.492433,0.335014,1.38214,0.5942265,0.10237,-1.971374,0.1393213,0.2546126,-0.02337921,0.956669,16.16915,30.02918,1.563979,0.1780413,0.05249282,-0.9826217,0.0,0.0,0.0,0.4789033,-0.0558299,-0.235305,0.3087001,0.4008002,2.069,0.8692517,0.02621358,-0.4936744,0.1156782,0.960086,0.2546635,0.4806455,-0.278474,0.831524,static,19.86189,-2.764399,8.486073,10.96336,1.4282233906193622,5.157662418664053
05/11/2023 10:30:24.760069,2920,True,True,True,True,Eyes,0.4505087,0.1147974,-2.122607,0.3516312,-0.04571112,0.935022,0.0,0.0,0.0,0.0,0.0,0.0,0.0,-1.517964,0.3259091,1.34837,0.6003458,0.1008352,-1.964167,0.1389333,0.262711,-0.02497145,0.954493,16.16129,30.99222,1.511099,0.180673,0.05253762,-0.9821387,0.0,0.0,0.0,0.4945788,-0.05728213,-0.2260205,0.3087001,0.4008001,2.069,0.8607187,0.02532848,-0.5084504,0.1206688,0.960148,0.2521012,0.494573,-0.2783423,0.8233609,static,20.60964,-2.798833,8.486073,10.96336,1.5224443772283496,5.151604740096494
05/11/2023 10:30:24.780439,2921,True,True,True,True,Eyes,0.455847,0.1142313,-2.115193,0.363938,-0.04604715,0.9302843,0.0,0.0,0.0,0.0,0.0,0.0,0.0,-1.542979,0.3147249,1.314091,0.606493,0.09940968,-1.956772,0.1383078,0.2708624,-0.02699599,0.9522479,16.14272,31.95521,1.402514,0.1833447,0.05256869,-0.9816418,0.0,0.0,0.0,0.5079668,-0.05798803,-0.2166543,0.3087002,0.4008001,2.069,0.8518096,0.02351102,-0.5233238,0.1263385,0.9602844,0.2487821,0.5083886,-0.278031,0.8150091,static,21.36601,-2.83371,8.486078,10.96336,1.617753056271353,5.145463856188731
05/11/2023 10:30:24.792131,2922,True,True,True,True,Eyes,0.4612322,0.1136343,-2.107775,0.3763481,-0.04640188,0.9253156,0.0,0.0,0.0,0.0,0.0,0.0,0.0,-1.566757,0.3046531,1.279522,0.6121857,0.09797195,-1.949448,0.1378893,0.278975,-0.02881353,0.9499102,16.14334,32.9213,1.323989,0.1860548,0.05258558,-0.9811308,0.0,0.0,0.0,0.520092,-0.05364117,-0.2061384,0.3087001,0.4008001,2.069,0.8426855,0.02219482,-0.5379485,0.1316759,0.9603126,0.2458885,0.5220563,-0.2780415,0.8063189,static,22.13276,-2.870811,8.486076,10.96336,1.714427338748227,5.138731818059815
05/11/2023 10:30:24.810358,2923,True,True,True,True,Eyes,0.5965555,0.09871538,-1.922553,0.6662908,-0.05023546,0.743998,0.0,0.0,0.0,0.0,0.0,0.0,0.0,-1.590185,0.2943979,1.244627,0.6183234,0.09656641,-1.942372,0.1371087,0.2870862,-0.03011171,0.9475632,16.08885,33.89336,1.291638,0.1888032,0.05258817,-0.9806055,0.0,0.0,0.0,0.5300106,-0.05145614,-0.1963173,0.3087002,0.4008,2.069,0.8333495,0.02165858,-0.5523219,0.1357896,0.960589,0.242549,0.5358076,-0.2771277,0.7975653,static,41.84618,-3.862803,8.48608,10.96336,4.201216763114328,4.95458044111745
05/11/2023 10:30:24.819765,2924,True,True,True,True,Eyes,0.5968442,0.09881221,-1.922214,0.6668649,-0.05009461,0.743493,0.0,0.0,0.0,0.0,0.0,0.0,0.0,-1.612736,0.2828361,1.210202,0.6241642,0.09591252,-1.935645,0.1358121,0.2951955,-0.0309537,0.9452284,15.96331,34.8683,1.291245,0.2036518,0.05209399,-0.9776561,0.4059699,-0.0447569,0.5556661,0.5511007,-0.05383939,-0.187027,0.3087001,0.4008,2.069,0.8238029,0.02166561,-0.5664622,0.1386989,0.9611939,0.2384721,0.5496465,-0.2750217,0.7888293,static,41.89005,-3.854614,8.486075,10.96336,4.206407489648267,4.957189947383189
05/11/2023 10:30:24.840148,2925,True,True,True,True,Eyes,0.5973962,0.09920912,-1.921583,0.6678931,-0.04977882,0.7425907,0.0,0.0,0.0,0.0,0.0,0.0,0.0,-1.635443,0.2640171,1.174494,0.631155,0.09835932,-1.927637,0.1333108,0.3035646,-0.03170422,0.942906,15.70281,35.86509,1.25881,0.2158229,0.05169298,-0.9750629,0.3816117,-0.04207149,0.5223261,0.5693901,-0.0362021,-0.178328,0.3087002,0.4008001,2.069,0.8136867,0.0211487,-0.5809188,0.1407251,0.9624462,0.2321506,0.5640127,-0.2706477,0.7801535,static,41.96851,-3.835028,8.486078,10.96336,4.215527776679501,4.963291681742801
05/11/2023 10:30:24.860390,2926,True,True,True,True,Eyes,0.5982319,0.09952872,-1.920633,0.6696324,-0.04959235,0.7410352,0.0,0.0,0.0,0.0,0.0,0.0,0.0,-1.655752,0.2476779,1.141602,0.6378448,0.1061483,-1.920416,0.1316184,0.3112889,-0.03060179,0.9406591,15.46609,36.81825,1.448973,0.2258534,0.05138535,-0.9728048,0.358715,-0.0395472,0.4909866,0.5834507,-0.02932277,-0.1688857,0.3087002,0.4008002,2.069,0.8043256,0.02437098,-0.5936888,0.1395144,0.9634802,0.2285641,0.5775779,-0.2666681,0.7715517,static,42.10237,-3.8287,8.486075,10.96337,4.231982385966398,4.965835192135576
05/11/2023 10:30:24.876123,2927,True,True,True,True,Eyes,0.5992934,0.09995353,-1.919429,0.6718379,-0.04916187,0.739065,0.0,0.0,0.0,0.0,0.0,0.0,0.0,-1.680863,0.2383598,1.096476,0.6451766,0.1046198,-1.912375,0.1316715,0.3211915,-0.03212197,0.9372657,15.513,38.02955,1.449237,0.2341729,0.05115287,-0.9708481,0.3371921,-0.03717437,0.4615273,0.6026405,-0.01680152,-0.1584776,0.3087001,0.4008,2.069,0.7916085,0.02436989,-0.6105425,0.1447972,0.9632616,0.2261878,0.5936244,-0.267457,0.7589973,static,42.27202,-3.805652,8.486074,10.96336,4.252340147384069,4.973423134296162
05/11/2023 10:30:24.890068,2928,True,True,True,True,Eyes,0.6005698,0.1003992,-1.918028,0.6743795,-0.04888237,0.7367651,0.0,0.0,0.0,0.0,0.0,0.0,0.0,-1.701569,0.2174673,1.060377,0.6514032,0.1075836,-1.905552,0.1282483,0.3297663,-0.03252721,0.9347453,15.14197,39.05198,1.411321,0.2411226,0.0509889,-0.9691541,0.3169605,-0.03494391,0.4338357,0.6227451,-0.01629803,-0.1501311,0.3087002,0.4008,2.069,0.7803924,0.02377462,-0.6248379,0.1453932,0.9649888,0.2183062,0.6081517,-0.2612117,0.7496132,static,42.46865,-3.795857,8.486078,10.96336,4.276494196363254,4.977304462206925
05/11/2023 10:30:24.910446,2929,True,True,True,True,Eyes,0.6021391,0.1008238,-1.916396,0.6772407,-0.0485001,0.7341612,0.0,0.0,0.0,0.0,0.0,0.0,0.0,-1.713444,0.2207968,1.033621,0.65767,0.1087261,-1.899648,0.1296225,0.3346047,-0.03070591,0.9328961,15.21236,39.69668,1.749127,0.2469762,0.0508838,-0.9676844,0.2979429,-0.03284727,0.4078056,0.6442367,-0.01733865,-0.1424301,0.3087001,0.4008001,2.069,0.7741938,0.02945376,-0.6322631,0.1440354,0.9645103,0.2213,0.6163423,-0.2623974,0.7424755,static,42.69057,-3.779577,8.486076,10.96336,4.303582310870869,4.983202468273234
05/11/2023 10:30:24.920064,2930,True,True,True,True,Eyes,0.6039274,0.1012441,-1.914612,0.6805862,-0.04823565,0.7310784,0.0,0.0,0.0,0.0,0.0,0.0,0.0,-1.730753,0.218011,0.9976736,0.6660621,0.1088079,-1.892857,0.1291989,0.3416305,-0.02893881,0.9304618,15.08205,40.59317,2.043124,0.2522519,0.05081506,-0.9663262,0.2800663,-0.03087644,0.3833372,0.6666049,-0.01320899,-0.1348692,0.3087001,0.4008001,2.069,0.7649023,0.03442364,-0.6432258,0.1421295,0.9649404,0.2206565,0.6282704,-0.260202,0.7331925,static,42.95153,-3.774834,8.486076,10.96336,4.335911334102011,4.985955796955201
05/11/2023 10:30:24.940237,2931,True,True,True,True,Eyes,0.6059586,0.1015304,-1.912655,0.6843017,-0.04797181,0.7276193,0.0,0.0,0.0,0.0,0.0,0.0,0.0,-1.748463,0.2158331,0.9616411,0.6728319,0.1092768,-1.887807,0.1298851,0.3491021,-0.02830154,0.927608,15.1131,41.54803,2.266568,0.257101,0.05077592,-0.9650494,0.2632624,-0.02902385,0.360337,0.6897815,-0.009207219,-0.1278225,0.3087002,0.4008002,2.069,0.7546535,0.03818088,-0.6550117,0.1431918,0.9646577,0.2212047,0.6403079,-0.2607252,0.7225151,static,43.24273,-3.772042,8.486077,10.96336,4.372069221219275,4.988301964980542
05/11/2023 10:30:24.959920,2932,True,True,True,True,Eyes,0.6082321,0.101878,-1.910536,0.68845,-0.0476009,0.7237201,0.0,0.0,0.0,0.0,0.0,0.0,0.0,-1.76747,0.212316,0.9207481,0.6804094,0.106408,-1.882159,0.1299885,0.3574396,-0.02847977,0.9244075,15.11067,42.59702,2.390763,0.2615807,0.05075723,-0.9638458,0.2474666,-0.02728242,0.3387168,0.7107362,-0.001915738,-0.1207117,0.3087001,0.4008002,2.069,0.7428517,0.04027227,-0.6682436,0.1455799,0.9645838,0.2199651,0.6534355,-0.2606843,0.7106799,static,43.56929,-3.763068,8.486075,10.96336,4.4124247463869155,4.9926299088793415
05/11/2023 10:30:24.976204,2933,True,True,True,True,Eyes,0.6107591,0.1023239,-1.908262,0.6928114,-0.04710101,0.719579,0.0,0.0,0.0,0.0,0.0,0.0,0.0,-1.783772,0.2003986,0.8858915,0.6882436,0.1083504,-1.876536,0.1275218,0.3647133,-0.02735486,0.9219404,14.77883,43.4942,2.523865,0.2657421,0.05076036,-0.9627066,0.2326186,-0.02564547,0.3183938,0.7316613,0.005055845,-0.1137581,0.3087002,0.4008001,2.069,0.7324718,0.0425787,-0.6794645,0.1434569,0.9659798,0.2151817,0.6655112,-0.2550884,0.7014448,static,43.91426,-3.74503,8.486076,10.96336,4.454772708094497,4.999687235819706
05/11/2023 10:30:24.990450,2934,True,True,True,True,Eyes,0.6135691,0.1027507,-1.905826,0.6975166,-0.04660247,0.7150517,0.0,0.0,0.0,0.0,0.0,0.0,0.0,-1.798515,0.1946631,0.8516284,0.6966313,0.1113078,-1.870865,0.1267784,0.3713459,-0.02558193,0.9194428,14.60362,44.3434,2.79072,0.2696313,0.05078836,-0.961623,0.2186615,-0.02410674,0.2992902,0.7523326,0.0108453,-0.1071663,0.3087001,0.4008,2.069,0.7228956,0.04711503,-0.6893491,0.1411995,0.9665456,0.2141315,0.6763761,-0.2521305,0.692059,static,44.28879,-3.728897,8.486073,10.96336,4.500863364610359,5.006347175923823
05/11/2023 10:30:25.010087,2935,True,True,True,True,Eyes,0.616626,0.1031338,-1.903272,0.7024535,-0.04606589,0.7102373,0.0,0.0,0.0,0.0,0.0,0.0,0.0,-1.814057,0.1885625,0.8137563,0.705966,0.1114033,-1.864876,0.1255168,0.3785265,-0.02429705,0.9167186,14.39003,45.25006,2.987072,0.2732916,0.05083809,-0.9605866,0.2055418,-0.02266034,0.2813327,0.7738422,0.01679488,-0.1009212,0.3087002,0.4008,2.069,0.7122547,0.05047575,-0.700104,0.13957,0.9673104,0.211733,0.6879052,-0.2485213,0.6819264,static,44.68431,-3.710998,8.486078,10.96336,4.549508643946561,5.013630656388964
05/11/2023 10:30:25.019919,2936,True,True,True,True,Eyes,0.6199223,0.1035392,-1.900615,0.7076946,-0.04574034,0.7050363,0.0,0.0,0.0,0.0,0.0,0.0,0.0,-1.829606,0.1797486,0.7761848,0.7146714,0.110752,-1.859895,0.1246992,0.3858281,-0.02486657,0.9137661,14.3048,46.15982,3.003979,0.2767592,0.05090541,-0.9595898,0.1932093,-0.02130072,0.2644528,0.7994047,0.01879089,-0.09559741,0.3087002,0.4008001,2.069,0.7010366,0.05078047,-0.711315,0.1416694,0.9676635,0.2087034,0.6989116,-0.2470802,0.6711735,static,45.10781,-3.711952,8.486077,10.96336,4.602259634514229,5.015586473432021
05/11/2023 10:30:25.045516,2937,True,True,True,True,Eyes,0.6234625,0.1039727,-1.897859,0.7130518,-0.0456544,0.6996234,0.0,0.0,0.0,0.0,0.0,0.0,0.0,-1.843714,0.1686458,0.7413049,0.7234198,0.1116454,-1.855116,0.1250645,0.3924145,-0.02704118,0.910845,14.42138,46.98133,2.89377,0.2800663,0.05098981,-0.9586253,0.1816168,-0.02002268,0.2485856,0.8270812,0.01948884,-0.09127981,0.3087002,0.4008001,2.069,0.6905592,0.0488936,-0.7216213,0.1474149,0.9672553,0.206606,0.7080938,-0.2490514,0.6607395,static,45.54462,-3.733582,8.486078,10.96336,4.657350342407862,5.0116078547957175
05/11/2023 10:30:25.060531,2938,True,True,True,True,Eyes,0.6272321,0.1043507,-1.895023,0.7186124,-0.04595865,0.6938905,0.0,0.0,0.0,0.0,0.0,0.0,0.0,-1.856217,0.1610622,0.7081487,0.7325603,0.1126859,-1.850301,0.1270936,0.3982128,-0.02959287,0.9079636,14.73574,47.72636,2.81418,0.2832414,0.05109109,-0.9576865,0.1707197,-0.01882131,0.2336705,0.8547391,0.01780938,-0.087708,0.3087002,0.4008,2.069,0.6811016,0.04748211,-0.7306476,0.1549591,0.9659429,0.2072242,0.7156035,-0.2543613,0.6505474,static,46.0027,-3.789353,8.486078,10.96336,4.716216347801973,4.997826336792652
05/11/2023 10:30:25.080279,2939,True,True,True,True,Eyes,0.6312175,0.104718,-1.892135,0.7242382,-0.04662793,0.6879717,0.0,0.0,0.0,0.0,0.0,0.0,0.0,-1.868527,0.1579738,0.6731661,0.7415405,0.1116988,-1.845844,0.1302223,0.4042004,-0.03219716,0.9047804,15.16938,48.51614,2.791761,0.2863104,0.05120489,-0.9567674,0.1604766,-0.01769204,0.2196502,0.8834627,0.01625313,-0.08441222,0.3087001,0.4008001,2.069,0.6711708,0.04700905,-0.7398108,0.1635345,0.964011,0.2096169,0.7230396,-0.2616733,0.6393284,static,46.47107,-3.877346,8.486074,10.96336,4.777427428680066,4.974741333743981
05/11/2023 10:30:25.090448,2940,True,True,True,True,Eyes,0.6354107,0.1050853,-1.889209,0.7300076,-0.04770075,0.6817724,0.0,0.0,0.0,0.0,0.0,0.0,0.0,-1.879859,0.153272,0.641414,0.7504502,0.1117167,-1.842041,0.1338989,0.4094889,-0.03557856,0.901734,15.70119,49.22037,2.708741,0.2892943,0.05132939,-0.9558626,0.150848,-0.01663051,0.2064712,0.9138043,0.01135918,-0.08190592,0.3087001,0.4008,2.069,0.662106,0.04549543,-0.7480279,0.173825,0.9616105,0.2123443,0.7289722,-0.2706204,0.6287799,static,46.95682,-4.002223,8.486076,10.96336,4.842020146427442,4.941036314421455
05/11/2023 10:30:25.110242,2941,True,True,True,True,Eyes,0.639818,0.1054314,-1.886242,0.735916,-0.04906496,0.6752928,0.0,0.0,0.0,0.0,0.0,0.0,0.0,-1.891426,0.1443088,0.6089947,0.7593198,0.1119491,-1.838503,0.1375325,0.4150518,-0.04013076,0.8984467,16.2867,49.95005,2.511147,0.292212,0.0514635,-0.9549675,0.1417971,-0.01563268,0.1940829,0.9443334,0.004097372,-0.08020608,0.3087001,0.4008001,2.069,0.6522431,0.04205553,-0.7568424,0.1862769,0.9589487,0.2138185,0.7347652,-0.2804439,0.6176336,static,47.45982,-4.155654,8.486075,10.96336,4.90970322200296,4.899129746787535
05/11/2023 10:30:25.120091,2942,True,True,True,True,Eyes,0.6444082,0.1057675,-1.883244,0.7420021,-0.0504407,0.6684973,0.0,0.0,0.0,0.0,0.0,0.0,0.0,-1.904294,0.1278965,0.5721242,0.7685177,0.1115838,-1.834925,0.1393637,0.4218753,-0.04533978,0.8947309,16.7168,50.80931,2.181375,0.2950809,0.05160513,-0.9540773,0.1332893,-0.01469472,0.182438,0.9762973,-0.006756738,-0.07965083,0.3087002,0.4008,2.069,0.6399311,0.03645438,-0.767567,0.1987219,0.9570441,0.2111304,0.7422922,-0.2876414,0.605198,static,47.98314,-4.315012,8.486079,10.96336,4.980111574524498,4.855609027692965
05/11/2023 10:30:25.140064,2943,True,True,True,True,Eyes,0.6491838,0.1060934,-1.880219,0.7481952,-0.05178939,0.6614543,0.0,0.0,0.0,0.0,0.0,0.0,0.0,-1.916064,0.1087327,0.5364728,0.7771375,0.1115086,-1.831543,0.1392834,0.4287198,-0.04958166,0.8912582,16.90515,51.65404,1.859526,0.2979144,0.05175297,-0.9531883,0.1252919,-0.01381304,0.1714917,1.008329,-0.02083313,-0.08016666,0.3087002,0.4008001,2.069,0.6274819,0.03104696,-0.7780119,0.2078072,0.9562836,0.2057616,0.7503883,-0.2907881,0.5935989,static,48.52118,-4.476912,8.486078,10.96336,5.052436298139134,4.811427684873811
05/11/2023 10:30:25.160105,2944,True,True,True,True,Eyes,0.6541501,0.1063798,-1.877163,0.7544349,-0.05275741,0.6542513,0.0,0.0,0.0,0.0,0.0,0.0,0.0,-1.927174,0.09131938,0.5002202,0.7860262,0.1114877,-1.828193,0.1381685,0.4356229,-0.05220228,0.8879286,16.90876,52.51206,1.657533,0.3007252,0.05190579,-0.9522969,0.1177744,-0.01298426,0.1612022,1.04024,-0.0347387,-0.08125886,0.3087002,0.4008001,2.069,0.6150152,0.02767493,-0.7880294,0.2130825,0.9563688,0.1998865,0.7591786,-0.2908485,0.5822843,static,49.06794,-4.610233,8.486077,10.96336,5.12490271912193,4.775592075641704
05/11/2023 10:30:25.179927,2945,True,True,True,True,Eyes,0.6593085,0.1066436,-1.874083,0.7606788,-0.05353234,0.6469174,0.0,0.0,0.0,0.0,0.0,0.0,0.0,-1.936758,0.07743931,0.466094,0.7952682,0.1107887,-1.824704,0.1361896,0.4418184,-0.05321357,0.8851087,16.74464,53.2841,1.564378,0.3035247,0.05206103,-0.9513998,0.1107079,-0.0122052,0.15153,1.072285,-0.04546854,-0.08241886,0.3087003,0.4008002,2.069,0.6039296,0.02614261,-0.7966088,0.2145417,0.9572414,0.1940638,0.7676202,-0.2881067,0.5724978,static,49.62058,-4.730442,8.486081,10.96336,5.197668092917183,4.74359538413356
05/11/2023 10:30:25.190092,2946,True,True,True,True,Eyes,0.6646564,0.1068629,-1.870981,0.7668635,-0.0539596,0.6395379,0.0,0.0,0.0,0.0,0.0,0.0,0.0,-1.94523,0.06513381,0.434522,0.804786,0.1105091,-1.821285,0.1338926,0.4473209,-0.05345424,0.8826776,16.51046,53.97015,1.519287,0.3063233,0.05221722,-0.9504939,0.1040655,-0.01147289,0.1424382,1.104987,-0.05217285,-0.08388649,0.3086999,0.4008001,2.069,0.5940933,0.02542027,-0.8039945,0.2141517,0.9584308,0.1885457,0.775366,-0.2841904,0.5639535,static,50.17305,-4.822782,8.486071,10.96336,5.269491938149431,4.719691359996997
05/11/2023 10:30:25.210003,2947,True,True,True,True,Eyes,0.6702051,0.1070417,-1.867861,0.773021,-0.05429932,0.6320522,0.0,0.0,0.0,0.0,0.0,0.0,0.0,-1.952862,0.05460784,0.4041796,0.8144395,0.1096635,-1.817876,0.1320175,0.4523684,-0.05374596,0.8803668,16.32429,54.60438,1.481315,0.3091298,0.05237186,-0.9495763,0.09782153,-0.01078452,0.1338919,1.140173,-0.05848955,-0.08647272,0.3087001,0.4008,2.069,0.5849484,0.02480877,-0.8106911,0.2140734,0.9593655,0.1838217,0.7823095,-0.2810736,0.5558683,static,50.72922,-4.910198,8.486075,10.96336,5.341613764897083,4.697236845186257
05/11/2023 10:30:25.229958,2948,True,True,True,True,Eyes,0.6759492,0.107174,-1.864729,0.7790947,-0.05444771,0.6245373,0.0,0.0,0.0,0.0,0.0,0.0,0.0,-1.960346,0.04284027,0.3736055,0.8245656,0.108835,-1.814558,0.1304595,0.4573597,-0.05468826,0.8779589,16.20652,55.23121,1.390716,0.3119531,0.05252295,-0.9486443,0.09195223,-0.01013745,0.1258584,1.177855,-0.06393278,-0.09076265,0.3087001,0.4008001,2.069,0.5756626,0.02330573,-0.8173552,0.2153619,0.959979,0.1790517,0.7888168,-0.2791005,0.5476049,static,51.28366,-4.982498,8.486074,10.96336,5.413021030485135,4.679163115735864
05/11/2023 10:30:25.240150,2949,True,True,True,True,Eyes,0.6818761,0.1072211,-1.86161,0.7850997,-0.05461444,0.6169568,0.0,0.0,0.0,0.0,0.0,0.0,0.0,-1.967302,0.03412694,0.3436549,0.8347543,0.1078365,-1.81138,0.1298599,0.4620301,-0.05551529,0.8755471,16.18242,55.8349,1.359521,0.3148005,0.05266832,-0.9476952,0.0864351,-0.009529199,0.1183069,1.218421,-0.07033247,-0.09684315,0.3087001,0.4008001,2.069,0.5668926,0.02278585,-0.8234766,0.2172109,0.9601089,0.1760975,0.7946398,-0.2786964,0.5393293,static,51.83859,-5.058768,8.486073,10.96336,5.4846204019850555,4.659939023926804
05/11/2023 10:30:25.260252,2950,True,True,True,True,Eyes,0.6879948,0.1072432,-1.858501,0.790993,-0.05475114,0.6093704,0.0,0.0,0.0,0.0,0.0,0.0,0.0,-1.973988,0.0283885,0.3148783,0.8448496,0.105836,-1.808759,0.1298748,0.4663378,-0.05626466,0.8732102,16.218,56.40334,1.364748,0.3176775,0.05280402,-0.9467272,0.081249,-0.008957447,0.1112085,1.259977,-0.07598965,-0.1038866,0.3087001,0.4008,2.069,0.5587268,0.02286934,-0.8290365,0.2193928,0.9599336,0.1743394,0.799807,-0.2792927,0.5313233,static,52.38983,-5.134165,8.486076,10.96336,5.555731592487304,4.640949008785281
05/11/2023 10:30:25.280072,2951,True,True,True,True,Eyes,0.6943182,0.1072357,-1.85541,0.7968246,-0.05499315,0.6017028,0.0,0.0,0.0,0.0,0.0,0.0,0.0,-1.980197,0.01992625,0.2881481,0.8553563,0.1052245,-1.806073,0.1298922,0.4701992,-0.05748786,0.8710546,16.28097,56.90862,1.3133,0.3205891,0.05292949,-0.9457381,0.07637406,-0.008420001,0.104536,1.300183,-0.07949483,-0.1111205,0.3087003,0.4008,2.069,0.5512158,0.02200028,-0.8340726,0.2223005,0.9596463,0.1722249,0.8042038,-0.2803479,0.5240815,static,52.94261,-5.222089,8.48608,10.96336,5.627448190945315,4.6183290898471805
05/11/2023 10:30:25.299635,2952,True,True,True,True,Eyes,0.7008373,0.1071984,-1.852349,0.8025678,-0.0553077,0.5939915,0.0,0.0,0.0,0.0,0.0,0.0,0.0,-1.986908,0.0125466,0.2582983,0.866357,0.1044532,-1.803661,0.1307524,0.4745773,-0.05887893,0.8684549,16.43875,57.49828,1.304595,0.3235411,0.053044,-0.9447258,0.07179162,-0.007914801,0.09826384,1.338021,-0.08152056,-0.1179274,0.3087,0.4008001,2.069,0.5426194,0.02183685,-0.8396949,0.2263716,0.9588742,0.1712199,0.8089007,-0.2829903,0.5153605,static,53.49435,-5.319584,8.486073,10.96336,5.699351404437266,4.592924129725006
05/11/2023 10:30:25.310199,2953,True,True,True,True,Eyes,0.7075408,0.1071271,-1.849326,0.8082497,-0.0557045,0.5861992,0.0,0.0,0.0,0.0,0.0,0.0,0.0,-1.993449,0.005748183,0.2280362,0.8773231,0.103663,-1.801508,0.1315265,0.4790367,-0.0599872,0.8658097,16.57235,58.10266,1.323447,0.3265371,0.0531468,-0.9436887,0.06748412,-0.007439913,0.09236801,1.376992,-0.08336568,-0.1255651,0.3087003,0.4008001,2.069,0.5338508,0.02213702,-0.8452889,0.229887,0.9582046,0.1702817,0.8137293,-0.2852259,0.5064493,static,54.04776,-5.428322,8.48608,10.96336,5.771833805214156,4.564262843531062
05/11/2023 10:30:25.320102,2954,True,True,True,True,Eyes,0.7144399,0.1070057,-1.84635,0.8138477,-0.05903839,0.5780712,0.0,0.0,0.0,0.0,0.0,0.0,0.0,-1.999747,3.165007e-05,0.1978271,0.8882114,0.102824,-1.79962,0.1325125,0.4834514,-0.06091091,0.8631368,16.71719,58.70923,1.374763,0.3295802,0.05323702,-0.9426252,0.06343507,-0.006993518,0.08682593,1.41801,-0.08608916,-0.1349378,0.3087003,0.4008001,2.069,0.5251294,0.02297785,-0.8507121,0.2332756,0.9574606,0.1698579,0.8184263,-0.2876478,0.4974305,static,54.61405,-5.831398,8.486081,10.96336,5.855640007136732,4.450189422137758
05/11/2023 10:30:25.340215,2955,True,True,True,True,Eyes,0.7215415,0.1068567,-1.84343,0.8193834,-0.06224288,0.5698567,0.0,0.0,0.0,0.0,0.0,0.0,0.0,-2.005942,-0.00585407,0.1676849,0.8995629,0.1020049,-1.797871,0.133027,0.4877798,-0.06151322,0.860576,16.79627,59.3009,1.430673,0.3326731,0.05331302,-0.9415337,0.05962897,-0.006573907,0.08161637,1.460759,-0.08898599,-0.1460623,0.3087001,0.4008002,2.069,0.516574,0.02390221,-0.8559089,0.2356494,0.9570398,0.1689499,0.8231772,-0.2889695,0.4887494,static,55.18254,-6.23345,8.486076,10.96336,5.939686259194727,4.336424984603225
05/11/2023 10:30:25.360162,2956,True,True,True,True,Eyes,0.7288375,0.106681,-1.840563,0.8249663,-0.06501421,0.5614302,0.0,0.0,0.0,0.0,0.0,0.0,0.0,-2.0123,-0.01310647,0.136106,0.9112826,0.1012108,-1.796488,0.1328861,0.4924278,-0.0619887,0.8579124,16.80164,59.92694,1.467215,0.3358186,0.05337443,-0.9404129,0.0,0.0,0.0,1.501998,-0.09027474,-0.1571616,0.3087001,0.4008001,2.069,0.5073445,0.0245119,-0.8613946,0.2372353,0.9569974,0.1669594,0.8284449,-0.2890592,0.4797124,static,55.76279,-6.605491,8.486076,10.96336,6.024205352241768,4.231438182497656
05/11/2023 10:30:25.376875,2957,True,True,True,True,Eyes,0.7363272,0.1064821,-1.837751,0.830496,-0.06758098,0.5529099,0.0,0.0,0.0,0.0,0.0,0.0,0.0,-2.018244,-0.02200755,0.102652,0.9229773,0.1003634,-1.795096,0.1317609,0.4975351,-0.06223456,0.855117,16.69457,60.60111,1.476193,0.3390184,0.05342094,-0.9392615,0.0,0.0,0.0,1.543185,-0.09002139,-0.1686553,0.3087002,0.4008,2.069,0.4971713,0.02467571,-0.8673015,0.237547,0.9575318,0.1634142,0.8345011,-0.2872697,0.4701957,static,56.34597,-6.968574,8.486078,10.96336,6.108793351452068,4.129068362329765
05/11/2023 10:30:25.390564,2958,True,True,True,True,Eyes,0.7440019,0.1062546,-1.834994,0.8360221,-0.06975757,0.5442435,0.0,0.0,0.0,0.0,0.0,0.0,0.0,-2.023826,-0.03101647,0.06966764,0.9348539,0.09962118,-1.793826,0.1303626,0.5024983,-0.06234196,0.8524169,16.55287,61.25362,1.478423,0.3422741,0.05345247,-0.9380782,0.0,0.0,0.0,1.585556,-0.0883795,-0.181406,0.3087004,0.4008,2.069,0.4872178,0.02473124,-0.8729302,0.2372966,0.9582382,0.159593,0.840422,-0.2848999,0.4610021,static,56.9362,-7.303973,8.486081,10.96336,6.193344714864986,4.034775549755775
05/11/2023 10:30:25.410077,2959,True,True,True,True,Eyes,0.7518622,0.1059624,-1.832303,0.8414629,-0.07171865,0.535534,0.0,0.0,0.0,0.0,0.0,0.0,0.0,-2.028936,-0.03716868,0.03754568,0.9467322,0.09872964,-1.792574,0.1291447,0.5071511,-0.06184526,0.8498791,16.39422,61.87447,1.545236,0.3455867,0.05346867,-0.936862,0.0,0.0,0.0,1.628263,-0.08658543,-0.1952209,0.3087001,0.4008001,2.069,0.477946,0.02586979,-0.8780081,0.2361138,0.9589936,0.1567851,0.8460602,-0.2822446,0.452239,static,57.52602,-7.627661,8.486076,10.96336,6.277458286781651,3.943881620530019
05/11/2023 10:30:25.420190,2960,True,True,True,True,Eyes,0.9527593,0.09674578,-1.766847,0.9477075,-0.1101837,0.2995163,0.0,0.0,0.0,0.0,0.0,0.0,0.0,-2.033977,-0.04046503,0.005905867,0.9588199,0.09695403,-1.791646,0.1280483,0.5115494,-0.06091313,0.847473,16.22172,62.46796,1.656803,0.3489567,0.05346739,-0.9356121,0.0,0.0,0.0,1.669806,-0.0849259,-0.2092184,0.3087002,0.4008,2.069,0.4692136,0.02776155,-0.8826483,0.2342505,0.9597865,0.1547148,0.851449,-0.279355,0.4438417,static,72.46123,-20.19715,8.486078,10.96336,8.551774913915086,0.3722636569239475
05/11/2023 10:30:25.440365,2961,True,True,True,True,Eyes,0.9532555,0.09666688,-1.76682,0.9478291,-0.1100765,0.2991707,0.0,0.0,0.0,0.0,0.0,0.0,0.0,-2.038764,-0.0431774,-0.02420563,0.9708593,0.09480975,-1.790936,0.1269627,0.5155978,-0.06002973,0.845243,16.05328,63.01394,1.755742,0.3646397,0.05283624,-0.9296482,0.6026913,-0.02764975,0.1963677,1.711396,-0.08210021,-0.2239897,0.3087001,0.4008001,2.069,0.4611107,0.02944392,-0.8868539,0.2324028,0.9605538,0.1527262,0.8563678,-0.276531,0.4360788,static,72.48234,-20.20053,8.486074,10.96336,8.554514420198178,0.37139335659286576
05/11/2023 10:30:25.459730,2962,True,True,True,True,Eyes,0.9542266,0.09653758,-1.766767,0.9480855,-0.1097861,0.2984643,0.0,0.0,0.0,0.0,0.0,0.0,0.0,-2.043409,-0.04605672,-0.05439919,0.9830512,0.09289835,-1.790413,0.1260799,0.5196244,-0.05927416,0.8429597,15.91203,63.56072,1.853034,0.3777213,0.05230087,-0.9244409,0.5665298,-0.02599077,0.1845857,1.751521,-0.07850084,-0.2386041,0.3087003,0.4008001,2.069,0.4529544,0.03109692,-0.8909912,0.2309598,0.9611808,0.15096,0.8610981,-0.2741611,0.4281889,static,72.52561,-20.19536,8.486081,10.96336,8.559730157254783,0.37312293781244144
05/11/2023 10:30:25.480274,2963,True,True,True,True,Eyes,0.9556472,0.09631343,-1.766701,0.9484465,-0.1094125,0.2974527,0.0,0.0,0.0,0.0,0.0,0.0,0.0,-2.047745,-0.04730597,-0.08456457,0.9952136,0.09165382,-1.789916,0.1253971,0.5235953,-0.05802359,0.8406883,15.75959,64.10895,2.00998,0.3886929,0.05184369,-0.9199075,0.532538,-0.02443132,0.1735105,1.791253,-0.07672094,-0.2537046,0.3087002,0.4008001,2.069,0.4449625,0.03375513,-0.8949129,0.2288741,0.9618177,0.150078,0.8658089,-0.2716015,0.4202471,static,72.58748,-20.19512,8.486078,10.96336,8.567424131050693,0.3735188423255673
05/11/2023 10:30:25.499649,2964,True,True,True,True,Eyes,0.957524,0.09612156,-1.76661,0.9488908,-0.1089234,0.2962126,0.0,0.0,0.0,0.0,0.0,0.0,0.0,-2.051862,-0.0461691,-0.1145908,1.007216,0.08923244,-1.78968,0.1251758,0.5274431,-0.05674138,0.8384005,15.64943,64.65038,2.196278,0.3979542,0.05144682,-0.9159613,0.5005857,-0.02296544,0.1630999,1.830707,-0.07741372,-0.2701396,0.3087001,0.4008,2.069,0.4371683,0.03690229,-0.8986223,0.2271903,0.9622229,0.1500393,0.8702118,-0.2697507,0.4122695,static,72.66335,-20.18951,8.486076,10.96336,8.576683554961981,0.37554808705429465
05/11/2023 10:30:25.510113,2965,True,True,True,True,Eyes,0.9598566,0.09618575,-1.766503,0.9493707,-0.1083333,0.2948881,0.0,0.0,0.0,0.0,0.0,0.0,0.0,-2.055966,-0.0462195,-0.1419128,1.019874,0.08991636,-1.789146,0.1248099,0.5307013,-0.05495669,0.8365156,15.49428,65.1116,2.410446,0.4059009,0.05109722,-0.9124874,0.4705506,-0.02158752,0.1533139,1.867817,-0.07906216,-0.2860076,0.3087001,0.4008001,2.069,0.4306719,0.04052931,-0.901598,0.2244178,0.9628046,0.1504797,0.8741614,-0.267142,0.4055573,static,72.74446,-20.17186,8.486074,10.96336,8.58619766365938,0.38110155073384444
05/11/2023 10:30:25.520115,2966,True,True,True,True,Eyes,0.9626421,0.09623215,-1.766397,0.9499031,-0.1079529,0.293309,0.0,0.0,0.0,0.0,0.0,0.0,0.0,-2.061022,-0.04602343,-0.1614038,1.033077,0.0963226,-1.788702,0.1252772,0.532381,-0.05230471,0.8355481,15.36946,65.37653,2.733455,0.4131217,0.05078042,-0.9092587,0.4423175,-0.02029227,0.1441151,1.903384,-0.0808982,-0.3012789,0.3087002,0.4008001,2.069,0.4276694,0.04598415,-0.9027649,0.2207965,0.9631397,0.1536581,0.8765546,-0.2650422,0.4017523,static,72.84047,-20.20622,8.486076,10.96336,8.599284217913286,0.3716291117186996
05/11/2023 10:30:25.540121,2967,True,True,True,True,Eyes,0.9658247,0.09631651,-1.766307,0.9505152,-0.1074441,0.2915076,0.0,0.0,0.0,0.0,0.0,0.0,0.0,-2.065409,-0.04118025,-0.1910177,1.046556,0.09613058,-1.788736,0.1281026,0.5356514,-0.05105861,0.8331029,15.55388,65.90275,3.103819,0.419711,0.05049234,-0.906252,0.4157785,-0.01907473,0.1354682,1.937685,-0.08240892,-0.3165493,0.3087001,0.4008,2.069,0.4209414,0.05216251,-0.9055868,0.2223108,0.9619655,0.1587461,0.8794239,-0.2681445,0.3933347,static,72.95007,-20.23291,8.486074,10.96336,8.613809226478995,0.3644558047380677
05/11/2023 10:30:25.560217,2968,True,True,True,True,Eyes,0.969361,0.0964907,-1.766243,0.9511501,-0.1070925,0.2895597,0.0,0.0,0.0,0.0,0.0,0.0,0.0,-2.069482,-0.0465613,-0.2175612,1.059089,0.09717156,-1.789174,0.1266805,0.5389841,-0.05019045,0.8312216,15.3493,66.34631,3.157656,0.4257497,0.05023197,-0.9034452,0.3908318,-0.01793025,0.1273401,1.971939,-0.08369651,-0.3323562,0.3087001,0.4008001,2.069,0.4139543,0.05311879,-0.9087465,0.2199963,0.9628659,0.1564955,0.8833139,-0.2647029,0.3868965,static,73.06812,-20.29671,8.486076,10.96336,8.630611682607363,0.34654976502351165
05/11/2023 10:30:25.580216,2969,True,True,True,True,Eyes,0.9732662,0.09673103,-1.76618,0.9518509,-0.1068451,0.2873396,0.0,0.0,0.0,0.0,0.0,0.0,0.0,-2.073777,-0.05769882,-0.2375656,1.070964,0.09945387,-1.789822,0.1270743,0.5412027,-0.05170882,0.8296252,15.47501,66.65482,3.077954,0.4313086,0.05000089,-0.9008176,0.3673819,-0.01685443,0.1196997,2.005233,-0.08555105,-0.3486872,0.3087,0.4008,2.069,0.4088517,0.051748,-0.9111325,0.2233437,0.9623567,0.1548781,0.8848491,-0.2668179,0.3819035,moving,73.20227,-20.39728,8.486073,10.96336,8.650632669721901,0.31805006759053445
05/11/2023 10:30:25.590097,2970,True,True,True,True,Eyes,0.977482,0.0970628,-1.766123,0.9525998,-0.106885,0.2848319,0.0,0.0,0.0,0.0,0.0,0.0,0.0,-2.076646,-0.07312149,-0.2651427,1.083486,0.1011952,-1.78995,0.1268916,0.5448806,-0.05387925,0.8271038,15.5822,67.15261,2.925056,0.4364512,0.04979928,-0.8983485,0.345339,-0.01584316,0.1125177,2.038104,-0.08855356,-0.3663636,0.3087001,0.3972263,2.069,0.4004042,0.04915414,-0.9150193,0.227409,0.9619911,0.1511896,0.8876721,-0.2686206,0.3740072,moving,73.35308,-20.56893,8.486075,10.86795,8.675074977873784,0.26899554106088
05/11/2023 10:30:25.609847,2971,True,True,True,True,Eyes,0.9819977,0.09749718,-1.766069,0.9534074,-0.1070464,0.2820557,0.0,0.0,0.0,0.0,0.0,0.0,0.0,-2.078976,-0.09147009,-0.2894814,1.094926,0.1035955,-1.790172,0.1264888,0.5482007,-0.05665567,0.8247828,15.71002,67.59241,2.692758,0.4412321,0.04962854,-0.8960194,0.3246186,-0.01489257,0.1057666,2.070553,-0.08622314,-0.3840977,0.3087,0.3955457,2.069,0.3925323,0.04522524,-0.9186255,0.2321397,0.9615815,0.1465342,0.8899603,-0.2707689,0.3669532,moving,73.51969,-20.78287,8.486073,10.82305,8.702880767935206,0.20774268665203
05/11/2023 10:30:25.620408,2972,True,True,True,True,Eyes,0.9867901,0.09799345,-1.766011,0.9543003,-0.1073349,0.2789089,0.0,0.0,0.0,0.0,0.0,0.0,0.0,-2.080463,-0.1123552,-0.3158362,1.106379,0.1063451,-1.790341,0.125893,0.5519812,-0.05979928,0.8221265,15.84382,68.09245,2.422128,0.4456999,0.04949044,-0.8938132,0.3051415,-0.01399902,0.09942064,2.104589,-0.07683097,-0.4015911,0.3087002,0.3930103,2.069,0.3834817,0.04065597,-0.9226532,0.2373063,0.96115,0.1409838,0.89254,-0.2730161,0.3589356,moving,73.70818,-21.04866,8.486078,10.7553,8.735122626338846,0.131547197415542
05/11/2023 10:30:25.640125,2973,True,True,True,True,Eyes,0.9918442,0.098524,-1.765943,0.9552478,-0.1075615,0.2755579,0.0,0.0,0.0,0.0,0.0,0.0,0.0,-2.081072,-0.1307972,-0.3434702,1.117547,0.1082053,-1.79034,0.1247049,0.5559684,-0.062197,0.8194385,15.87474,68.61697,2.188492,0.4498968,0.04938454,-0.8917139,0.286833,-0.01315908,0.0934554,2.135596,-0.06205463,-0.4181477,0.3087003,0.3902623,2.069,0.3740613,0.03673073,-0.9266765,0.2405972,0.9611604,0.1352168,0.8956513,-0.2735351,0.3506956,moving,73.90887,-21.32274,8.48608,10.68183,8.769156979237824,0.053008494985051335
05/11/2023 10:30:25.660206,2974,True,True,True,True,Eyes,0.9971569,0.09907593,-1.765867,0.9562538,-0.1077485,0.2719721,0.0,0.0,0.0,0.0,0.0,0.0,0.0,-2.081628,-0.1425291,-0.3701937,1.128655,0.1095193,-1.790161,0.1233213,0.5595716,-0.06294948,0.8171345,15.7827,69.09657,2.092589,0.4538603,0.04930909,-0.8897072,0.269623,-0.01236953,0.08784807,2.173873,-0.06789988,-0.4428213,0.3087002,0.3875644,2.069,0.365834,0.03513786,-0.9300166,0.2408906,0.9616584,0.1310908,0.8989645,-0.2719897,0.3433429,moving,74.1235,-21.61221,8.486078,10.60967,8.805434906443356,-0.02992619007299524
05/11/2023 10:30:25.677266,2975,True,True,True,True,Eyes,1.002729,0.09967173,-1.765777,0.95733,-0.1076969,0.2681803,0.0,0.0,0.0,0.0,0.0,0.0,0.0,-2.082339,-0.1503076,-0.396522,1.139981,0.1105833,-1.79002,0.1216948,0.5629379,-0.06267538,0.8150848,15.60166,69.5458,2.0731,0.4576237,0.04926182,-0.88778,0.2534457,-0.01162736,0.08257719,2.206536,-0.05411424,-0.4634673,0.3087002,0.3848853,2.069,0.3583454,0.03484168,-0.9329388,0.2391847,0.9625244,0.1278184,0.9024297,-0.2689478,0.3365826,moving,74.35065,-21.87961,8.486078,10.53798,8.84254253274095,-0.10638541476777608
05/11/2023 10:30:25.690165,2976,True,True,True,True,Eyes,1.008518,0.100264,-1.76567,0.9584557,-0.1075335,0.2641951,0.0,0.0,0.0,0.0,0.0,0.0,0.0,-2.082047,-0.1576247,-0.4265615,1.151541,0.112262,-1.789713,0.1189777,0.5669891,-0.06155811,0.8127598,15.26039,70.07739,2.070438,0.4612168,0.04924179,-0.8859197,0.2382389,-0.01092972,0.07762256,2.226933,-0.05640109,-0.4740543,0.3087001,0.3822465,2.069,0.349468,0.0348542,-0.9362998,0.234982,0.9641098,0.123595,0.9070036,-0.2632061,0.3287354,moving,74.58931,-22.14746,8.486074,10.46733,8.881097844892608,-0.18291464039271066
05/11/2023 10:30:25.710205,2977,True,True,True,True,Eyes,1.014524,0.1007813,-1.765546,0.9596168,-0.1072529,0.2600622,0.0,0.0,0.0,0.0,0.0,0.0,0.0,-2.081437,-0.158552,-0.4561189,1.162332,0.1128759,-1.789358,0.1177529,0.5708307,-0.05980935,0.8103763,15.01846,70.61523,2.225002,0.4646648,0.04924585,-0.8841159,0.2239446,-0.01027394,0.07296521,2.256015,-0.0527409,-0.4907095,0.3087,0.3794872,2.069,0.3411503,0.03749776,-0.9392607,0.2313701,0.9651142,0.1225662,0.9110898,-0.2591303,0.3205732,moving,74.8367,-22.41186,8.486073,10.39343,8.92062597759422,-0.2583959074653741
05/11/2023 10:30:25.730382,2978,True,True,True,True,Eyes,1.020747,0.1012849,-1.765401,0.960789,-0.1070803,0.2557699,0.0,0.0,0.0,0.0,0.0,0.0,0.0,-2.080926,-0.1568173,-0.48434,1.173344,0.1116996,-1.788915,0.1173412,0.5742153,-0.05824424,0.8081557,14.86541,71.10379,2.408501,0.4679902,0.04926765,-0.8823589,0.2105079,-0.009657501,0.0685873,2.284549,-0.05487175,-0.5117704,0.3087005,0.3768234,2.069001,0.3337688,0.04061741,-0.9417795,0.228899,0.9656773,0.1227704,0.9144417,-0.2565494,0.3130157,moving,75.09311,-22.71705,8.486084,10.32204,8.962624045416465,-0.3456756276108832
05/11/2023 10:30:25.740192,2979,True,True,True,True,Eyes,1.027166,0.1017851,-1.765238,0.9619669,-0.1070356,0.2513227,0.0,0.0,0.0,0.0,0.0,0.0,0.0,-2.079935,-0.1594463,-0.5123812,1.184555,0.1119686,-1.788401,0.1176646,0.5776364,-0.05771053,0.8057052,14.84929,71.6078,2.546083,0.4712133,0.0493045,-0.8806399,0.1978774,-0.009078051,0.06447206,2.31617,-0.05951113,-0.5357258,0.3087003,0.3742594,2.069,0.3260115,0.04293934,-0.9443902,0.22893,0.9656491,0.1229346,0.9172282,-0.2562774,0.3049827,moving,75.35823,-23.06863,8.48608,10.25331,9.007238396408695,-0.44638175687997084
05/11/2023 10:30:25.760243,2980,True,True,True,True,Eyes,1.033774,0.102271,-1.765051,0.9631263,-0.1073532,0.2467043,0.0,0.0,0.0,0.0,0.0,0.0,0.0,-2.078709,-0.1646342,-0.5387573,1.195445,0.1124312,-1.787923,0.1193868,0.5808139,-0.05835368,0.8031169,15.04327,72.10123,2.668003,0.4743508,0.04935446,-0.878951,0.1860048,-0.008533368,0.06060373,2.344581,-0.04751664,-0.5550785,0.3087,0.371402,2.069,0.3185001,0.0449534,-0.9468563,0.2324127,0.9646833,0.1239779,0.9189897,-0.2595484,0.296804,moving,75.63262,-23.51623,8.486072,10.17667,9.056177759418365,-0.5749246178812806
05/11/2023 10:30:25.780017,2981,True,True,True,True,Eyes,1.040536,0.102746,-1.764841,0.9642784,-0.1079737,0.241886,0.0,0.0,0.0,0.0,0.0,0.0,0.0,-2.07636,-0.1752266,-0.56609,1.206361,0.1125797,-1.787303,0.1214719,0.58427,-0.06045873,0.8001363,15.36912,72.63737,2.686463,0.4774181,0.04941528,-0.8772853,0.1748445,-0.008021366,0.05696751,2.371284,-0.03935246,-0.5728275,0.3086998,0.3687909,2.069,0.3099466,0.0451943,-0.9496793,0.2386952,0.9631786,0.1237397,0.9203032,-0.2650365,0.2877463,moving,75.91811,-24.05514,8.486069,10.1066,9.109514395915884,-0.7299267094444248
05/11/2023 10:30:25.799886,2982,True,True,True,True,Eyes,1.04745,0.1032123,-1.764611,0.9653991,-0.1089808,0.2369132,0.0,0.0,0.0,0.0,0.0,0.0,0.0,-2.073263,-0.188466,-0.5924231,1.216524,0.1127416,-1.78669,0.1242879,0.5877138,-0.06346336,0.7969426,15.82483,73.18677,2.677164,0.4804271,0.04948515,-0.8756371,0.1643538,-0.007540084,0.05354946,2.400229,-0.03295511,-0.5925507,0.3087,0.366222,2.069,0.3011298,0.04493807,-0.9525238,0.2472447,0.9610499,0.123504,0.9209729,-0.2726972,0.2782901,moving,76.21185,-24.70258,8.486073,10.03763,9.167462208837474,-0.9164039969000202
05/11/2023 10:30:25.809978,2983,True,True,True,True,Eyes,1.054503,0.1036829,-1.764358,0.9665053,-0.1102245,0.2317713,0.0,0.0,0.0,0.0,0.0,0.0,0.0,-2.070134,-0.200537,-0.6183903,1.226834,0.1129969,-1.786109,0.1275454,0.5910174,-0.06624944,0.7937518,16.30724,73.73197,2.722745,0.4833887,0.0495625,-0.8740013,0.1544926,-0.007087679,0.0503365,2.428627,-0.0330321,-0.6149555,0.3087002,0.3635035,2.069,0.2926191,0.04559193,-0.9551416,0.2559343,0.9586864,0.1241697,0.9213424,-0.2807879,0.2688614,moving,76.51492,-25.43456,8.486078,9.964622,9.229363379038947,-1.1273837404651772
05/11/2023 10:30:25.829934,2984,True,True,True,True,Eyes,1.061693,0.1041619,-1.764085,0.9676007,-0.1115259,0.2265188,0.0,0.0,0.0,0.0,0.0,0.0,0.0,-2.066734,-0.2107717,-0.6441309,1.236956,0.1135868,-1.785429,0.1305867,0.5942674,-0.06837115,0.7906446,16.72371,74.27316,2.818488,0.4863118,0.04964661,-0.8723734,0.145223,-0.006662418,0.04731631,2.454838,-0.03950372,-0.6362548,0.3087001,0.3608612,2.069,0.2843434,0.04709226,-0.9575652,0.2633214,0.956545,0.1252339,0.9218518,-0.2877568,0.2595868,moving,76.82413,-26.2132,8.486076,9.893626,9.293569822105454,-1.3518818552237564
05/11/2023 10:30:25.840306,2985,True,True,True,True,Eyes,1.069009,0.1046599,-1.763787,0.9686931,-0.1128366,0.2211367,0.0,0.0,0.0,0.0,0.0,0.0,0.0,-2.063222,-0.2203315,-0.6697745,1.247208,0.114294,-1.78478,0.1322834,0.597495,-0.06978949,0.7878009,16.96717,74.78603,2.883572,0.4892047,0.049737,-0.8707493,0.1365097,-0.006262673,0.04447733,2.478903,-0.0529505,-0.6556457,0.3087,0.3581779,2.069,0.2762581,0.04811684,-0.9598783,0.2680377,0.9552611,0.1250281,0.9229504,-0.2918237,0.2510015,moving,77.14068,-27.03327,8.486073,9.821499,9.360058200969952,-1.5883731460569415
05/11/2023 10:30:25.860016,2986,True,True,True,True,Eyes,1.076452,0.1051684,-1.76346,0.9698013,-0.1139563,0.2156369,0.0,0.0,0.0,0.0,0.0,0.0,0.0,-2.059133,-0.2306421,-0.6953795,1.257323,0.115238,-1.783994,0.1325549,0.6007977,-0.07083174,0.7851461,17.05329,75.27881,2.88094,0.4920737,0.04983375,-0.8691257,0.1283191,-0.005886913,0.04180869,2.502812,-0.07263166,-0.6769664,0.3087,0.3553485,2.069,0.2680503,0.04805082,-0.962206,0.2705038,0.9548241,0.1230389,0.9246496,-0.293261,0.2429429,moving,77.46413,-27.85482,8.486074,9.74541,9.427454404353629,-1.8252578707138971
05/11/2023 10:30:25.877202,2987,True,True,True,True,Eyes,1.084017,0.1056691,-1.763099,0.9709105,-0.1149634,0.2100383,0.0,0.0,0.0,0.0,0.0,0.0,0.0,-2.054628,-0.2399783,-0.7214397,1.267546,0.1160034,-1.783097,0.1320242,0.6041455,-0.07139558,0.7826113,17.03249,75.76244,2.863991,0.4949253,0.04993655,-0.8674991,0.1206199,-0.005533698,0.03930017,2.524396,-0.09497902,-0.6971154,0.3087001,0.3527139,2.069,0.2598218,0.04777372,-0.964474,0.2712736,0.9549446,0.1203807,0.9267702,-0.2929139,0.2351556,moving,77.79324,-28.69388,8.486076,9.674524,9.4961334569518,-2.067197912579177
05/11/2023 10:30:25.895029,2988,True,True,True,True,Eyes,1.091709,0.1061428,-1.762703,0.9720162,-0.115771,0.2044051,0.0,0.0,0.0,0.0,0.0,0.0,0.0,-2.049851,-0.2471429,-0.7476157,1.277844,0.116325,-1.781988,0.1310294,0.6074226,-0.07140148,0.7802378,16.93041,76.22819,2.86162,0.4977649,0.05004424,-0.8658667,0.1133827,-0.005201676,0.03694215,2.546105,-0.1196145,-0.7194061,0.3087001,0.350063,2.069,0.2518791,0.04776022,-0.9665794,0.2706007,0.9554662,0.1177264,0.9291567,-0.2912099,0.2277381,moving,78.12432,-29.52637,8.486074,9.603172,9.564840772959673,-2.3072195440320042
05/11/2023 10:30:25.910157,2989,True,True,True,True,Eyes,1.099523,0.1065856,-1.76227,0.9731134,-0.1164649,0.1987115,0.0,0.0,0.0,0.0,0.0,0.0,0.0,-2.045123,-0.2525698,-0.7736613,1.288352,0.1161691,-1.780877,0.1299723,0.6105682,-0.07110527,0.7779831,16.80179,76.67551,2.878628,0.5005972,0.05015484,-0.8642258,0.1065798,-0.004889575,0.03472563,2.5709,-0.1398317,-0.7463747,0.3087002,0.3473832,2.069,0.2443011,0.0480765,-0.9685069,0.2693513,0.9561025,0.1154033,0.93154,-0.2890617,0.2206274,moving,78.45876,-30.37457,8.486078,9.53101,9.634485177700856,-2.5517858730455627
05/11/2023 10:30:25.920310,2990,True,True,True,True,Eyes,1.107464,0.1069878,-1.761799,0.9742122,-0.1169593,0.192954,0.0,0.0,0.0,0.0,0.0,0.0,0.0,-2.040489,-0.2561306,-0.7989559,1.298882,0.115912,-1.779606,0.1293112,0.6134891,-0.07055119,0.775843,16.69131,77.10149,2.943573,0.5034267,0.0502664,-0.8625742,0.100185,-0.004596201,0.03264209,2.59505,-0.1508062,-0.77261,0.3087,0.3448158,2.069,0.2373072,0.04918879,-0.9701886,0.2681354,0.9566023,0.1140856,0.9336964,-0.2872152,0.2138193,moving,78.7969,-31.22219,8.486073,9.46185,9.704571023365467,-2.796164253630482
05/11/2023 10:30:25.945019,2991,True,True,True,True,Eyes,1.115532,0.10734,-1.761289,0.975299,-0.117377,0.1871217,0.0,0.0,0.0,0.0,0.0,0.0,0.0,-2.035665,-0.260258,-0.8243026,1.309699,0.1153757,-1.778347,0.128922,0.6163657,-0.07027204,0.7736501,16.62506,77.52737,3.002759,0.5062574,0.05037669,-0.8609093,0.0,0.0,0.0,2.619516,-0.1545659,-0.7983317,0.3086999,0.3420948,2.069,0.2303104,0.05019428,-0.9718218,0.2676581,0.9568819,0.1128545,0.9355834,-0.2861076,0.2069449,moving,79.13917,-32.09908,8.48607,9.388517,9.776137626651646,-3.0490212935929923
05/11/2023 10:30:25.960319,2992,True,True,True,True,Eyes,1.12373,0.1076535,-1.760736,0.9763794,-0.1176466,0.1812253,0.0,0.0,0.0,0.0,0.0,0.0,0.0,-2.030021,-0.2645046,-0.8507241,1.320599,0.1145592,-1.776957,0.1284069,0.6194212,-0.07001384,0.7713154,16.54812,77.97811,3.053996,0.5090928,0.05048329,-0.8592294,0.0,0.0,0.0,2.642725,-0.1523364,-0.8202519,0.3087001,0.3394103,2.069,0.2228311,0.05107035,-0.9735185,0.2670814,0.9572195,0.1113482,0.9375575,-0.2848204,0.1996583,moving,79.48502,-32.99057,8.486074,9.316141,9.848632047971162,-3.3060995110084415
05/11/2023 10:30:25.980299,2993,True,True,True,True,Eyes,1.132057,0.1079149,-1.760142,0.9774386,-0.117877,0.1752683,0.0,0.0,0.0,0.0,0.0,0.0,0.0,-2.024393,-0.2691125,-0.8764566,1.331719,0.1139859,-1.775471,0.1281322,0.6223096,-0.06987017,0.7690455,16.50152,78.41039,3.109438,0.5119365,0.05058456,-0.8575322,0.0,0.0,0.0,2.664532,-0.1468742,-0.8391641,0.3087002,0.3367583,2.069001,0.2156979,0.05200911,-0.975074,0.2669425,0.9574006,0.1101173,0.9392635,-0.2840408,0.1926258,moving,79.83411,-33.92287,8.486075,9.244608,9.922877540411879,-3.575012464412258
05/11/2023 10:30:25.993163,2994,True,True,True,True,Eyes,1.140515,0.1081159,-1.759509,0.9784857,-0.1180268,0.1692199,0.0,0.0,0.0,0.0,0.0,0.0,0.0,-2.018461,-0.2731137,-0.9024713,1.342923,0.1130369,-1.773982,0.1280383,0.625203,-0.06970991,0.7667257,16.46957,78.84933,3.180369,0.514791,0.05067838,-0.8558161,0.0,0.0,0.0,2.685129,-0.1437154,-0.8566338,0.3086998,0.334079,2.069,0.2085237,0.05320312,-0.9765692,0.2669966,0.9574934,0.1091749,0.9408672,-0.2835062,0.185455,moving,80.18829,-34.89484,8.486067,9.172314,9.999066753418756,-3.8554193272046158
05/11/2023 10:30:26.010080,2995,True,True,True,True,Eyes,1.149086,0.1082525,-1.758836,0.9795109,-0.1181624,0.1630828,0.0,0.0,0.0,0.0,0.0,0.0,0.0,-2.011601,-0.2781628,-0.9297632,1.354294,0.1118308,-1.7725,0.1280725,0.6283274,-0.06982811,0.7641508,16.4682,79.3271,3.241463,0.5176589,0.05076246,-0.8540795,0.0,0.0,0.0,2.705668,-0.1434569,-0.8745738,0.3086999,0.3312287,2.069,0.2006577,0.05422442,-0.9781595,0.2676612,0.9574429,0.1079835,0.9423874,-0.2834831,0.1776046,moving,80.5473,-35.92538,8.48607,9.09537,10.077791488152027,-4.1528103056115535
05/11/2023 10:30:26.019659,2996,True,True,True,True,Eyes,1.157779,0.1083078,-1.758124,0.9805173,-0.1182936,0.1568197,0.0,0.0,0.0,0.0,0.0,0.0,0.0,-2.004135,-0.2830159,-0.957049,1.365328,0.1104936,-1.770951,0.1281011,0.6315017,-0.06993398,0.761515,16.46495,79.81406,3.304613,0.5205417,0.05083461,-0.8523213,0.0,0.0,0.0,2.725271,-0.1461221,-0.8918235,0.3086998,0.3287443,2.069001,0.1926298,0.0552806,-0.9797131,0.2683036,0.9573987,0.106775,0.9438787,-0.2834286,0.1695915,moving,80.91331,-37.0283,8.486066,9.028275,10.159777948970532,-4.471184583695886
05/11/2023 10:30:26.039629,2997,True,True,True,True,Eyes,1.166604,0.1083219,-1.757371,0.9815029,-0.1183595,0.1504761,0.0,0.0,0.0,0.0,0.0,0.0,0.0,-1.996067,-0.2879086,-0.9853054,1.376733,0.1086302,-1.769409,0.1279358,0.6347836,-0.07007552,0.7587963,16.44651,80.314,3.351958,0.5234412,0.05089202,-0.8505403,0.0,0.0,0.0,2.743648,-0.1520397,-0.9085435,0.3087,0.3259822,2.069,0.1842786,0.05607701,-0.9812731,0.2687691,0.9574437,0.1051889,0.9454124,-0.28312,0.1613646,moving,81.28374,-38.1874,8.486072,8.953656,10.244169963486542,-4.80585104826448
05/11/2023 10:30:26.059630,2998,True,True,True,True,Eyes,1.175546,0.1082886,-1.756583,0.9824697,-0.118363,0.1440258,0.0,0.0,0.0,0.0,0.0,0.0,0.0,-1.987716,-0.2941653,-1.013309,1.388464,0.107619,-1.767747,0.1269736,0.6380318,-0.07015742,0.7562217,16.35367,80.78949,3.340804,0.5263591,0.05093411,-0.8487352,0.0,0.0,0.0,2.761302,-0.1576907,-0.9235318,0.3086999,0.3233828,2.069,0.1759868,0.0559173,-0.9828033,0.2681356,0.9579113,0.1025151,0.9471707,-0.2815658,0.1535863,moving,81.66009,-39.41397,8.486069,8.883402,10.33152710866198,-5.160080571186422
05/11/2023 10:30:26.080236,2999,True,True,True,True,Eyes,1.184618,0.1081341,-1.755754,0.9834192,-0.1183297,0.1374216,0.0,0.0,0.0,0.0,0.0,0.0,0.0,-1.978505,-0.3012429,-1.04183,1.399947,0.1064529,-1.766197,0.1262982,0.6414436,-0.07051837,0.7534096,16.3065,81.2987,3.331062,0.5292962,0.05096005,-0.8469051,0.0,0.0,0.0,2.780062,-0.1668631,-0.9416953,0.3087001,0.3206361,2.069001,0.1671547,0.05576788,-0.9843522,0.2682848,0.9581519,0.09984142,0.9487268,-0.2807757,0.1451978,moving,82.04508,-40.73079,8.486073,8.809137,10.422940287507984,-5.540474455393487
05/11/2023 10:30:26.090282,3000,True,True,True,True,Eyes,1.193787,0.1079115,-1.754879,0.9843354,-0.1183307,0.1306967,0.0,0.0,0.0,0.0,0.0,0.0,0.0,-1.96671,-0.3121371,-1.073382,1.411859,0.1033095,-1.764514,0.1243894,0.6454332,-0.07181444,0.7501907,16.22048,81.86419,3.153477,0.532254,0.05096564,-0.845049,0.0,0.0,0.0,2.798842,-0.1748899,-0.9604487,0.3087004,0.3180385,2.069001,0.1565174,0.052821,-0.9862618,0.2683191,0.9587399,0.09392864,0.9505299,-0.2793343,0.1358866,moving,82.43671,-42.15719,8.486081,8.738875,10.518798897557375,-5.9526569593991026
05/11/2023 10:30:26.110105,3001,True,True,True,True,Eyes,1.203067,0.1076277,-1.753954,0.9852175,-0.1183941,0.1238117,0.0,0.0,0.0,0.0,0.0,0.0,0.0,-1.953605,-0.3279977,-1.103569,1.42302,0.1012911,-1.762605,0.1219943,0.6494794,-0.07395563,0.7468764,16.15845,82.42673,2.864158,0.5352323,0.05094969,-0.8431666,0.0,0.0,0.0,2.817211,-0.1832717,-0.9794828,0.3086999,0.3153698,2.069,0.145414,0.0479942,-0.9882061,0.268937,0.9592959,0.08616406,0.9521174,-0.2782947,0.1265876,moving,82.83723,-43.71863,8.486073,8.666673,10.620223840038822,-6.404010175226156
05/11/2023 10:30:26.120080,3002,True,True,True,True,Eyes,1.212456,0.1072364,-1.752975,0.9860545,-0.1185949,0.116755,0.0,0.0,0.0,0.0,0.0,0.0,0.0,-1.939754,-0.3473659,-1.133304,1.434602,0.09936948,-1.760605,0.1199167,0.6534582,-0.07693104,0.7434338,16.19115,82.98864,2.526609,0.538232,0.05091144,-0.8412572,0.0,0.0,0.0,2.835871,-0.1892226,-0.9980356,0.3086999,0.3127057,2.069,0.1341479,0.04233488,-0.9900566,0.2711075,0.9594032,0.07775789,0.9531553,-0.2788428,0.1172246,moving,83.24726,-45.44791,8.486072,8.594556,10.728375506780239,-6.904056431904851
05/11/2023 10:30:26.140304,3003,True,True,True,True,Eyes,1.221938,0.1067714,-1.751933,0.9868529,-0.1189337,0.1094354,0.0,0.0,0.0,0.0,0.0,0.0,0.0,-1.922202,-0.3683718,-1.167158,1.446233,0.09620265,-1.7584,0.1180621,0.6582353,-0.08044456,0.7391322,16.28587,83.68534,2.179663,0.5412536,0.05084809,-0.8393203,0.0,0.0,0.0,2.855509,-0.1925614,-1.018108,0.3087,0.3100576,2.069,0.1205099,0.03650704,-0.9920407,0.2743437,0.95918,0.06862417,0.9540508,-0.28043,0.1055752,moving,83.67213,-47.38168,8.486073,8.522848,10.84512776012604,-7.463411321436468
05/11/2023 10:30:26.159918,3004,True,True,True,True,Eyes,1.231493,0.106228,-1.75083,0.9875556,-0.1195688,0.1021625,0.0,0.0,0.0,0.0,0.0,0.0,0.0,-1.903256,-0.3890694,-1.201212,1.457508,0.09382313,-1.756001,0.1170502,0.6631376,-0.08385053,0.7345181,16.44889,84.42963,1.915729,0.5442967,0.05075875,-0.8373554,0.0,0.0,0.0,2.87603,-0.1921523,-1.039783,0.3087,0.3072776,2.069,0.1064351,0.03206138,-0.9938027,0.2784203,0.9585367,0.06074216,0.9545438,-0.2831599,0.09309541,moving,84.09377,-49.48861,8.486073,8.447535,10.967196487740424,-8.073071428049612
05/11/2023 10:30:26.180078,3005,True,True,True,True,Eyes,1.241098,0.1055615,-1.749673,0.9882073,-0.1203677,0.09464566,0.0,0.0,0.0,0.0,0.0,0.0,0.0,-1.884447,-0.4073319,-1.233801,1.46838,0.09130874,-1.753524,0.1172043,0.6677756,-0.08696656,0.729915,16.69319,85.16839,1.769417,0.5473612,0.05064245,-0.8353626,0.0,0.0,0.0,2.896378,-0.1903011,-1.06087,0.3086998,0.3046228,2.069,0.09302535,0.02957596,-0.9952245,0.2834888,0.9574,0.05495011,0.9544531,-0.2872467,0.080678,moving,84.52918,-51.82187,8.486068,8.375592,11.098453862795381,-8.748388463246279
05/11/2023 10:30:26.190013,3006,True,True,True,True,Eyes,1.250764,0.104909,-1.748471,0.9887367,-0.1215326,0.08734754,0.0,0.0,0.0,0.0,0.0,0.0,0.0,-1.865085,-0.4223314,-1.266581,1.478815,0.08763366,-1.75116,0.1178808,0.6724323,-0.08966822,0.7251886,16.95157,85.93082,1.706212,0.5504451,0.05049626,-0.8333424,0.0,0.0,0.0,2.916091,-0.1875831,-1.080576,0.3086998,0.3020514,2.069,0.07958867,0.028481,-0.9964208,0.2885865,0.9561275,0.05037999,0.9541402,-0.2915632,0.06787767,moving,84.95145,-54.29456,8.486068,8.305882,11.232680139727218,-9.464267281783535
05/11/2023 10:30:26.210222,3007,True,True,True,True,Eyes,1.26051,0.1044509,-1.747235,0.9892249,-0.1226657,0.07992044,0.0,0.0,0.0,0.0,0.0,0.0,0.0,-1.84787,-0.4365167,-1.296252,1.489574,0.08729637,-1.748996,0.1175154,0.6765195,-0.09140787,0.7212186,17.04886,86.5806,1.627473,0.5535473,0.05032393,-0.8312955,0.0,0.0,0.0,2.935409,-0.1852624,-1.099516,0.3086999,0.2992323,2.069,0.06793205,0.02715287,-0.9973205,0.2908531,0.9556695,0.04583024,0.9543531,-0.293187,0.05702309,moving,85.38105,-56.91452,8.486072,8.229431,11.372682444563026,-10.222876807332746
05/11/2023 10:30:26.229732,3008,True,True,True,True,Eyes,1.270332,0.104141,-1.745976,0.9896168,-0.1240639,0.07257225,0.0,0.0,0.0,0.0,0.0,0.0,0.0,-1.831964,-0.4512165,-1.324238,1.500925,0.09148752,-1.747041,0.1169298,0.6803249,-0.09228764,0.7176132,17.06113,87.18373,1.597238,0.5566665,0.05013711,-0.8292215,0.0,0.0,0.0,2.953974,-0.1832825,-1.117152,0.3086996,0.2966631,2.068999,0.05728207,0.02664682,-0.9980024,0.2915541,0.9556208,0.0422495,0.9548377,-0.2933918,0.046971,moving,85.80579,-59.67413,8.486065,8.159731,11.516691654225689,-11.022068351738323
05/11/2023 10:30:26.245708,3009,True,True,True,True,Eyes,1.280251,0.1039012,-1.744688,0.9899927,-0.1252953,0.06492724,0.0,0.0,0.0,0.0,0.0,0.0,0.0,-1.812625,-0.4696048,-1.354879,1.512201,0.09470564,-1.745312,0.1166836,0.6847827,-0.09411646,0.7131618,17.17716,87.90564,1.533352,0.559801,0.0499441,-0.8271202,0.0,0.0,0.0,2.972397,-0.1821362,-1.135154,0.3087001,0.2940188,2.069,0.04442943,0.02556529,-0.9986854,0.2940463,0.955054,0.0375299,0.954758,-0.2953272,0.03491513,moving,86.24772,-62.60709,8.486077,8.087963,11.668565600772812,-11.87151262904862
05/11/2023 10:30:26.260133,3010,True,True,True,True,Eyes,1.290211,0.1038344,-1.743365,0.9903022,-0.1265309,0.05737213,0.0,0.0,0.0,0.0,0.0,0.0,0.0,-1.788195,-0.4847991,-1.392359,1.524012,0.09605116,-1.743415,0.1133691,0.6903422,-0.09513414,0.7081841,16.97309,88.73289,1.304962,0.562951,0.04974868,-0.8249915,0.0,0.0,0.0,2.990601,-0.1797009,-1.152968,0.3087003,0.2912906,2.069,0.02875433,0.02178191,-0.9993492,0.2912718,0.9561939,0.0292221,0.9562082,-0.2919225,0.02115024,moving,86.68433,-65.60933,8.486081,8.013893,11.822065239010943,-12.74110487715786
05/11/2023 10:30:26.278308,3011,True,True,True,True,Eyes,1.300243,0.1038012,-1.742023,0.9905685,-0.1276736,0.04973335,0.0,0.0,0.0,0.0,0.0,0.0,0.0,-1.769922,-0.4968227,-1.420563,1.534626,0.1001118,-1.741366,0.1114279,0.6942989,-0.09540202,0.704579,16.82769,89.33759,1.21475,0.5661136,0.04955908,-0.8228359,0.0,0.0,0.0,3.008229,-0.1796934,-1.170782,0.3087,0.288703,2.069,0.01769519,0.020292,-0.9996376,0.289165,0.9569645,0.0245445,0.9571158,-0.2894945,0.01106596,moving,87.12577,-68.71735,8.486073,7.943615,11.979659496271282,-13.641391712786813
05/11/2023 10:30:26.294892,3012,True,True,True,True,Eyes,1.310318,0.1038597,-1.740666,0.9907646,-0.1288286,0.04229349,0.0,0.0,0.0,0.0,0.0,0.0,0.0,-1.75356,-0.5043553,-1.448255,1.546077,0.1008912,-1.739614,0.1105817,0.6977807,-0.09550995,0.7012501,16.76104,89.89542,1.219038,0.5692877,0.04937617,-0.8206539,0.0,0.0,0.0,3.025628,-0.1750066,-1.185346,0.3086998,0.2859174,2.069,0.007959987,0.02037077,-0.9997608,0.2882762,0.9572991,0.0218008,0.9575142,-0.2883808,0.001747693,moving,87.55566,-71.82537,8.486069,7.867936,12.135815949395816,-14.541739444939697
05/11/2023 10:30:26.309851,3013,True,True,True,True,Eyes,1.320423,0.1040007,-1.739306,0.9909064,-0.1299599,0.03485537,0.0,0.0,0.0,0.0,0.0,0.0,0.0,-1.738068,-0.5119291,-1.473879,1.556962,0.1031712,-1.737958,0.109593,0.7010169,-0.09539533,0.6981865,16.66529,90.41093,1.222907,0.5724714,0.04920344,-0.8184466,0.0,0.0,0.0,3.041235,-0.1650234,-1.192633,0.3087,0.2832724,2.069,-0.001049958,0.02044571,-0.9997904,0.2868606,0.9577782,0.01928531,0.9579718,-0.2867802,-0.006870662,moving,87.98544,-74.98654,8.486073,7.796051,12.29371397331354,-15.457523291517383
05/11/2023 10:30:26.320213,3014,True,True,True,True,Eyes,1.330547,0.1041824,-1.737957,0.9909825,-0.1311134,0.02762194,0.0,0.0,0.0,0.0,0.0,0.0,0.0,-1.72588,-0.5179223,-1.495747,1.567575,0.1053619,-1.736598,0.1104778,0.7035362,-0.09520651,0.6955338,16.717,90.85773,1.376782,0.5756617,0.04904354,-0.8162155,0.0,0.0,0.0,3.058405,-0.1726491,-1.20994,0.3087001,0.2805806,2.069,-0.00805478,0.02301162,-0.9997028,0.287889,0.9574608,0.01971969,0.9576299,-0.2876446,-0.01433694,moving,88.40339,-78.10335,8.486073,7.722863,12.448674360409779,-16.360486720521074
05/11/2023 10:30:26.345101,3015,True,True,True,True,Eyes,1.340698,0.1043357,-1.736631,0.9910277,-0.1320896,0.02040956,0.0,0.0,0.0,0.0,0.0,0.0,0.0,-1.714017,-0.5187886,-1.518705,1.577957,0.1066604,-1.73555,0.1116121,0.7061337,-0.09409328,0.6928669,16.7113,91.32602,1.629653,0.578856,0.04889695,-0.8139622,0.0,0.0,0.0,3.075615,-0.1664149,-1.225708,0.3087004,0.2780099,2.069001,-0.01495649,0.02723785,-0.9995171,0.2880144,0.9573784,0.02177978,0.9575093,-0.2875495,-0.02216383,moving,88.8202,-81.21652,8.486081,7.652947,12.603372624369335,-17.262399051051688
05/11/2023 10:30:26.360343,3016,True,True,True,True,Eyes,1.350876,0.1045462,-1.735344,0.9910382,-0.1329046,0.01340193,0.0,0.0,0.0,0.0,0.0,0.0,0.0,-1.703216,-0.5145569,-1.542325,1.588564,0.1062548,-1.734835,0.1115947,0.7085916,-0.09218778,0.6906129,16.54597,91.74024,1.842336,0.5820514,0.04876089,-0.8116884,0.0,0.0,0.0,3.089428,-0.171627,-1.238284,0.3086999,0.2753562,2.069,-0.02120119,0.03081806,-0.9993002,0.2854823,0.9580961,0.02349055,0.9581496,-0.2847845,-0.02911082,moving,89.22523,-84.24184,8.48607,7.580753,12.753703230451173,-18.13886057068662
05/11/2023 10:30:26.378467,3017,True,True,True,True,Eyes,1.361091,0.1048097,-1.734112,0.9910244,-0.1335218,0.00652889,0.0,0.0,0.0,0.0,0.0,0.0,0.0,-1.69581,-0.5069312,-1.563769,1.599315,0.1079796,-1.734548,0.1104196,0.7105045,-0.08917027,0.6892312,16.19582,92.03008,2.028353,0.5852451,0.04863672,-0.809396,0.0,0.0,0.0,3.105676,-0.1771656,-1.257381,0.3087001,0.2726027,2.069,-0.02553589,0.03398941,-0.999096,0.2798251,0.9597124,0.02549752,0.9597114,-0.278921,-0.03401815,moving,89.62254,-87.20061,8.486076,7.505816,12.900875015249323,-18.996035703741054
05/11/2023 10:30:26.389711,3018,True,True,True,True,Eyes,1.371364,0.1050541,-1.73294,0.9909622,-0.1341405,-0.0003542542,0.0,0.0,0.0,0.0,0.0,0.0,0.0,-1.689837,-0.5053132,-1.582173,1.610312,0.1095704,-1.734661,0.109281,0.7119579,-0.08756627,0.6881177,15.96698,92.24448,2.091953,0.5884348,0.04852546,-0.8070868,0.0,0.0,0.0,3.120082,-0.1831429,-1.274977,0.3086999,0.2698902,2.069,-0.02910375,0.03509509,-0.9989603,0.2761187,0.9607797,0.02570934,0.960683,-0.2750833,-0.0376526,moving,-89.97952,89.84869,8.486072,7.431972,-15.303929074069949,31.474722205276244
05/11/2023 10:30:26.409879,3019,True,True,True,True,Eyes,1.381683,0.105281,-1.731828,0.9908546,-0.1347352,-0.007306302,0.0,0.0,0.0,0.0,0.0,0.0,0.0,-1.676213,-0.5104662,-1.606813,1.621756,0.1093176,-1.734956,0.1066372,0.714766,-0.08753884,0.6856202,15.74549,92.65144,1.929386,0.5916184,0.04842469,-0.8047622,0.0,0.0,0.0,3.134833,-0.1891543,-1.294855,0.3086999,0.267201,2.069,-0.03710698,0.03240445,-0.9987857,0.272478,0.9619309,0.0210856,0.9614461,-0.2713647,-0.04452384,moving,-89.57752,86.89606,8.48607,7.358734,-15.156376225468236,30.619354945368237
05/11/2023 10:30:26.420512,3020,True,True,True,True,Eyes,1.381683,0.105281,-1.731828,0.9908546,-0.1347352,-0.007306302,0.0,0.0,0.0,0.0,0.0,0.0,0.0,-1.659305,-0.5264998,-1.630642,1.632872,0.108946,-1.735323,0.1037205,0.7178525,-0.08986537,0.682535,15.70033,93.10473,1.561877,0.5947937,0.04833233,-0.8024237,0.0,0.0,0.0,3.149785,-0.1920778,-1.315038,0.3087,0.2645993,2.069,-0.0467761,0.02623958,-0.9985608,0.2715846,0.9623325,0.01256562,0.9612773,-0.270606,-0.05214044,moving,-89.57752,86.89606,8.486072,7.287856,-15.156376225468236,30.619354945368237
05/11/2023 10:30:26.440203,3021,True,True,True,True,Eyes,1.381683,0.105281,-1.731828,0.9908546,-0.1347352,-0.007306302,0.0,0.0,0.0,0.0,0.0,0.0,0.0,-1.643551,-0.5454239,-1.651528,1.643682,0.1097996,-1.735669,0.1022112,0.7205628,-0.09266695,0.6795256,15.81041,93.53441,1.272067,0.5976437,0.04824857,-0.8003083,0.0,0.0,0.0,3.164643,-0.1904906,-1.332543,0.3087001,0.2619326,2.069,-0.05559588,0.02136008,-0.9982249,0.2732384,0.9619314,0.00536555,0.9603384,-0.272455,-0.05931574,moving,-89.57752,86.89606,8.486076,7.215186,-15.156376225468236,30.619354945368237
05/11/2023 10:30:26.460262,3022,True,True,True,True,Eyes,1.392905,0.1054996,-1.730854,0.9905131,-0.1365529,-0.01539571,0.0,0.0,0.0,0.0,0.0,0.0,0.0,-1.632681,-0.562637,-1.668054,1.65443,0.1094665,-1.736517,0.103088,0.722361,-0.09549243,0.6770884,16.1146,93.87144,1.170196,0.600202,0.04817267,-0.798396,0.0,0.0,0.0,3.179729,-0.1856117,-1.348496,0.3087,0.2592165,2.069,-0.06184838,0.01961992,-0.9978927,0.2782472,0.9605081,0.001639402,0.9585162,-0.2775594,-0.06486513,moving,-89.10952,83.56732,8.486073,7.141146,-14.988186423686027,29.655107841232596
05/11/2023 10:30:26.480161,3023,True,True,True,True,Eyes,1.404101,0.1057176,-1.729985,0.9900625,-0.138662,-0.02343483,0.0,0.0,0.0,0.0,0.0,0.0,0.0,-1.620955,-0.5806105,-1.685063,1.665104,0.1087382,-1.737712,0.1048965,0.7243291,-0.09850478,0.6742707,16.50846,94.26546,1.142751,0.6028357,0.04810096,-0.7964137,0.0,0.0,0.0,3.196304,-0.1741846,-1.366883,0.3087001,0.256576,2.069001,-0.06871142,0.01912133,-0.9974533,0.2847969,0.9585871,-0.0012425,0.956122,-0.284157,-0.07131161,moving,-88.64406,80.40727,8.486071,7.069139,-14.82588375529081,28.739837379145506
05/11/2023 10:30:26.490068,3024,True,True,True,True,Eyes,1.415267,0.1059223,-1.729216,0.9894184,-0.1415153,-0.03200815,0.0,0.0,0.0,0.0,0.0,0.0,0.0,-1.608771,-0.6053633,-1.699948,1.675446,0.1088441,-1.739386,0.1069217,0.7262259,-0.1027688,0.6712692,17.02646,94.65944,1.038368,0.6055312,0.04803278,-0.7943703,0.0,0.0,0.0,3.211443,-0.1666142,-1.384919,0.3087001,0.2539337,2.069,-0.07593092,0.01732767,-0.9969626,0.2932697,0.9560127,-0.005720128,0.9530097,-0.2928132,-0.07767258,moving,-88.1471,77.2552,8.486073,6.997064,-14.659923340199189,27.82705050676528
05/11/2023 10:30:26.510379,3025,True,True,True,True,Eyes,1.426409,0.1061189,-1.728546,0.9886425,-0.1446747,-0.04068434,0.0,0.0,0.0,0.0,0.0,0.0,0.0,-1.590978,-0.6375067,-1.716544,1.685573,0.1086119,-1.741033,0.1083439,0.7288349,-0.1085235,0.6672961,17.62503,95.16977,0.7872668,0.6082759,0.04796698,-0.7922745,0.0,0.0,0.0,3.225851,-0.1640195,-1.401177,0.3087003,0.2511639,2.069001,-0.08595543,0.01309501,-0.996213,0.3027641,0.9529685,-0.01359654,0.9491817,-0.3027863,-0.08587755,moving,-87.64352,74.29336,8.486076,6.921485,-14.49942112659198,26.969544101721723
05/11/2023 10:30:26.530034,3026,True,True,True,True,Eyes,1.437519,0.1063231,-1.727963,0.987711,-0.1481297,-0.04984583,0.0,0.0,0.0,0.0,0.0,0.0,0.0,-1.567791,-0.6715006,-1.736513,1.695725,0.1084128,-1.742733,0.1090359,0.7322612,-0.1145012,0.6624157,18.18846,95.8111,0.4819216,0.6110591,0.04790277,-0.7901338,0.0,0.0,0.0,3.239859,-0.1649257,-1.41836,0.3086999,0.2486289,2.069001,-0.09863367,0.007990769,-0.9950919,0.3113802,0.9500013,-0.02323533,0.9451529,-0.3121437,-0.0961903,moving,-87.11096,71.40186,8.486069,6.852295,-14.337634290897636,26.132618252529145
05/11/2023 10:30:26.549847,3027,True,True,True,True,Eyes,1.448604,0.1065385,-1.727475,0.9866799,-0.1515599,-0.05909749,0.0,0.0,0.0,0.0,0.0,0.0,0.0,-1.543871,-0.6981557,-1.758604,1.705716,0.108784,-1.744233,0.1092886,0.7359256,-0.118774,0.6575426,18.57474,96.48507,0.2815834,0.6138712,0.04784016,-0.7879549,0.0,0.0,0.0,3.252268,-0.1736373,-1.435663,0.3086996,0.2457388,2.069,-0.1113874,0.004658547,-0.9937661,0.3170544,0.9478975,-0.0310939,0.9418435,-0.3185414,-0.1070609,moving,-86.57235,68.69778,8.486061,6.773388,-14.181283813776492,25.35015380044524
05/11/2023 10:30:26.560058,3028,True,True,True,True,Eyes,1.459661,0.1067368,-1.727076,0.9855599,-0.1547914,-0.06863916,0.0,0.0,0.0,0.0,0.0,0.0,0.0,-1.52063,-0.7151539,-1.783465,1.715812,0.1092632,-1.746012,0.1086648,0.7397434,-0.1209794,0.6529439,18.71685,97.16045,0.168329,0.6167035,0.0477793,-0.7857438,0.0,0.0,0.0,3.264204,-0.1875651,-1.455026,0.3087002,0.2432199,2.069,-0.1237126,0.002782536,-0.9923142,0.3187536,0.9471119,-0.03708348,0.9397294,-0.3208915,-0.1180565,moving,-86.01608,66.08606,8.48608,6.704596,-14.025785091564334,24.594605149203694
05/11/2023 10:30:26.580262,3029,True,True,True,True,Eyes,1.470703,0.106914,-1.72677,0.9843733,-0.1577908,-0.07817516,0.0,0.0,0.0,0.0,0.0,0.0,0.0,-1.499386,-0.7221337,-1.809834,1.725872,0.1089942,-1.747747,0.1077121,0.7434432,-0.1212732,0.6488321,18.66859,97.8027,0.1683612,0.6195483,0.04771912,-0.7835064,0.0,0.0,0.0,3.274441,-0.2064508,-1.475248,0.3086999,0.2405138,2.069,-0.1348299,0.002783854,-0.9908649,0.3175275,0.9473819,-0.04054521,0.9386147,-0.3200936,-0.1286194,moving,-85.45932,63.64456,8.48607,6.630667,-13.875846840393457,23.888493449756325
05/11/2023 10:30:26.593953,3030,True,True,True,True,Eyes,1.48172,0.1070458,-1.726574,0.9831236,-0.1604915,-0.087809,0.0,0.0,0.0,0.0,0.0,0.0,0.0,-1.481351,-0.7235204,-1.835711,1.73624,0.1086486,-1.74968,0.1067373,0.7467321,-0.1204718,0.6453565,18.52313,98.36872,0.2365012,0.6223992,0.04765843,-0.7812474,0.0,0.0,0.0,3.284321,-0.2257675,-1.495141,0.3086995,0.237942,2.069,-0.1442443,0.003913867,-0.9895345,0.3149028,0.9481875,-0.04215299,0.9380992,-0.3176875,-0.1380032,moving,-84.8961,61.31581,8.486057,6.560385,-13.72882795260016,23.215160053082837
05/11/2023 10:30:26.609915,3031,True,True,True,True,Eyes,1.492738,0.1071254,-1.726482,0.9817995,-0.1630303,-0.09742085,0.0,0.0,0.0,0.0,0.0,0.0,0.0,-1.464616,-0.7239944,-1.860651,1.746415,0.1077523,-1.75206,0.1055149,0.7498005,-0.1196677,0.6421413,18.35868,98.88975,0.2742601,0.6252497,0.04759511,-0.7789717,0.0,0.0,0.0,3.293947,-0.2423758,-1.514504,0.3087,0.2350846,2.069,-0.1530423,0.004543121,-0.9882091,0.3119173,0.9490925,-0.04394283,0.9377023,-0.3149647,-0.1466684,moving,-84.33327,59.13902,8.486071,6.482279,-13.586876051340372,22.585955998398727
05/11/2023 10:30:26.629907,3032,True,True,True,True,Eyes,1.503737,0.1071519,-1.726501,0.9804142,-0.1653661,-0.1069669,0.0,0.0,0.0,0.0,0.0,0.0,0.0,-1.44579,-0.7288907,-1.885638,1.757179,0.1065678,-1.754476,0.1041716,0.7529595,-0.1198166,0.6386269,18.26954,99.43096,0.2315661,0.6280953,0.04752698,-0.7766833,0.0,0.0,0.0,3.304344,-0.2527088,-1.532726,0.3087001,0.2323206,2.069,-0.1626079,0.003837827,-0.9866834,0.3099102,0.9495845,-0.04738042,0.9367574,-0.3134876,-0.1555993,moving,-83.77345,57.10323,8.486073,6.4067,-13.449955336862658,21.99768452824698
05/11/2023 10:30:26.645053,3033,True,True,True,True,Eyes,1.514735,0.1071162,-1.726631,0.9789518,-0.1676195,-0.1164352,0.0,0.0,0.0,0.0,0.0,0.0,0.0,-1.429039,-0.7348966,-1.907935,1.767449,0.1053373,-1.75712,0.10319,0.755712,-0.1202833,0.6354395,18.23656,99.91248,0.1869055,0.6309304,0.04745204,-0.7743866,0.0,0.0,0.0,3.315272,-0.2574807,-1.550131,0.3086999,0.2295765,2.069,-0.1711373,0.003098267,-0.9852424,0.3088293,0.9497675,-0.05065711,0.9355943,-0.312941,-0.1634974,moving,-83.21718,55.21461,8.486069,6.331645,-13.318336793735543,21.452134653421535
05/11/2023 10:30:26.662656,3034,True,True,True,True,Eyes,1.525715,0.1070099,-1.726891,0.9774302,-0.1697511,-0.1257571,0.0,0.0,0.0,0.0,0.0,0.0,0.0,-1.413299,-0.7412157,-1.929551,1.778179,0.1038082,-1.759912,0.1027596,0.7582519,-0.1208362,0.6323711,18.25296,100.3739,0.1815192,0.6337513,0.04736814,-0.7720849,0.0,0.0,0.0,3.326879,-0.2583063,-1.56694,0.3086998,0.2272188,2.068999,-0.1790946,0.003008687,-0.9838272,0.3086619,0.9496782,-0.05328415,0.9341589,-0.3132129,-0.1710109,moving,-82.66855,53.46775,8.486073,6.267143,-13.19235090268835,20.94771366686871
05/11/2023 10:30:26.680281,3035,True,True,True,True,Eyes,1.536686,0.1068129,-1.727277,0.9758285,-0.1718645,-0.1349859,0.0,0.0,0.0,0.0,0.0,0.0,0.0,-1.399508,-0.7474951,-1.94959,1.788521,0.1020554,-1.763249,0.1029373,0.7605355,-0.1214262,0.6294802,18.31807,100.8083,0.2235647,0.6365533,0.04727298,-0.7697822,0.0,0.0,0.0,3.338778,-0.2569234,-1.582749,0.3087001,0.2245198,2.068999,-0.1863171,0.003704213,-0.9824827,0.3094457,0.9493192,-0.05510386,0.9324855,-0.3142918,-0.1780207,moving,-82.12428,51.85318,8.486079,6.193282,-13.07127660809207,20.4816886361578
05/11/2023 10:30:26.709789,3036,True,True,True,True,Eyes,1.547637,0.1065981,-1.727806,0.9741537,-0.1739833,-0.1440637,0.0,0.0,0.0,0.0,0.0,0.0,0.0,-1.385058,-0.7555214,-1.969365,1.799053,0.09967665,-1.766655,0.1030319,0.7627915,-0.1224881,0.6265224,18.41935,101.24,0.2234773,0.6393335,0.04716364,-0.7674814,0.0,0.0,0.0,3.350887,-0.2549211,-1.597772,0.3087001,0.2218772,2.069,-0.1937084,0.003700604,-0.9810522,0.3106669,0.9487622,-0.05776223,0.9305715,-0.3159694,-0.1849329,moving,-81.58772,50.37416,8.486076,6.120943,-12.955638595994163,20.054988650162677
05/11/2023 10:30:26.709789,3037,True,True,True,True,Eyes,1.558595,0.1063155,-1.728475,0.9723703,-0.1762,-0.1531325,0.0,0.0,0.0,0.0,0.0,0.0,0.0,-1.370723,-0.7685512,-1.987101,1.809277,0.09901966,-1.770546,0.1030717,0.7649341,-0.1242652,0.6235466,18.58126,101.6555,0.1641584,0.6420879,0.04704069,-0.7651861,0.0,0.0,0.0,3.362743,-0.253426,-1.611699,0.3087001,0.2192402,2.069,-0.201132,0.002715763,-0.9795605,0.3126563,0.9478688,-0.06156943,0.9283276,-0.3186494,-0.1914957,moving,-81.05035,49.00664,8.486077,6.048738,-12.843582007783905,19.660674159518795
05/11/2023 10:30:26.720520,3038,True,True,True,True,Eyes,1.569532,0.105978,-1.729285,0.9705046,-0.1784311,-0.1621212,0.0,0.0,0.0,0.0,0.0,0.0,0.0,-1.349925,-0.7868836,-2.007416,1.820086,0.09700349,-1.774566,0.102594,0.7677497,-0.127293,0.6195411,18.81907,102.194,359.9883,0.6448134,0.0469025,-0.7628994,0.0,0.0,0.0,3.374473,-0.2538954,-1.625743,0.3086999,0.2165269,2.069001,-0.2112864,-0.0001934173,-0.9774241,0.3152595,0.9465419,-0.06833588,0.9251861,-0.3225807,-0.1999304,moving,-80.5164,47.74193,8.486068,5.974422,-12.735346431019558,19.296199159239347
05/11/2023 10:30:26.740284,3039,True,True,True,True,Eyes,1.58044,0.1056054,-1.730235,0.9685551,-0.1806961,-0.1710262,0.0,0.0,0.0,0.0,0.0,0.0,0.0,-1.330503,-0.8007891,-2.02759,1.830217,0.09531422,-1.778719,0.1024243,0.7705061,-0.1293615,0.6157072,18.99432,102.7289,359.9115,0.6475071,0.04674817,-0.7606238,0.0,0.0,0.0,3.386307,-0.2542742,-1.640578,0.3087001,0.2138431,2.069,-0.220828,-0.001460409,-0.9753118,0.3171348,0.9455497,-0.07322082,0.9223127,-0.3254744,-0.2083407,moving,-79.98602,46.57484,8.486074,5.900896,-12.630779140156207,18.960055606835986
05/11/2023 10:30:26.760066,3040,True,True,True,True,Eyes,1.591326,0.105194,-1.731345,0.9665454,-0.1828741,-0.1798528,0.0,0.0,0.0,0.0,0.0,0.0,0.0,-1.315626,-0.813013,-2.045085,1.840194,0.09408089,-1.782994,0.1028773,0.7726516,-0.1310103,0.6125866,19.17734,103.1669,359.907,0.6501664,0.04657784,-0.7583625,0.0,0.0,0.0,3.397992,-0.2555329,-1.654688,0.3086999,0.2110991,2.069,-0.2283081,-0.001533726,-0.9735878,0.3194869,0.9445051,-0.07640814,0.9196759,-0.3284931,-0.2151482,moving,-79.45908,45.47725,8.486071,5.825702,-12.528935296832987,18.644077729982715
05/11/2023 10:30:26.780166,3041,True,True,True,True,Eyes,1.602201,0.1047485,-1.732613,0.9644507,-0.1850152,-0.1886912,0.0,0.0,0.0,0.0,0.0,0.0,0.0,-1.298421,-0.8237521,-2.06502,1.850297,0.09274247,-1.787895,0.1031106,0.7752226,-0.1323131,0.6090086,19.31337,103.6809,359.9215,0.6527883,0.04639141,-0.7561182,0.0,0.0,0.0,3.409594,-0.2575582,-1.668989,0.3087001,0.2084146,2.069001,-0.2369536,-0.001292336,-0.9715202,0.3210269,0.943723,-0.07955372,0.9169487,-0.3307346,-0.2232037,moving,-78.93012,44.43642,8.486073,5.752114,-12.428714476817856,18.34459443449045
05/11/2023 10:30:26.794141,3042,True,True,True,True,Eyes,1.613046,0.1042698,-1.734036,0.9623143,-0.1869537,-0.1974827,0.0,0.0,0.0,0.0,0.0,0.0,0.0,-1.278428,-0.8330559,-2.087206,1.860593,0.09147558,-1.792934,0.1028221,0.7781857,-0.1333013,0.6050501,19.38361,104.2556,359.9223,0.6553708,0.04618904,-0.7538933,0.0,0.0,0.0,3.42111,-0.260958,-1.684775,0.3086998,0.2057553,2.069001,-0.2466843,-0.001278534,-0.9690953,0.3213373,0.9433168,-0.08304126,0.91427,-0.3318914,-0.2322906,moving,-78.40298,43.43117,8.486065,5.679204,-12.329895239615702,18.055434493624674
05/11/2023 10:30:26.810232,3043,True,True,True,True,Eyes,1.623871,0.1037735,-1.735615,0.9601221,-0.1887199,-0.2062772,0.0,0.0,0.0,0.0,0.0,0.0,0.0,-1.258687,-0.8388186,-2.109914,1.870421,0.09015318,-1.798067,0.1018158,0.7811674,-0.1337132,0.6012751,19.35034,104.8102,359.8951,0.657912,0.04597094,-0.7516901,0.0,0.0,0.0,3.432182,-0.264366,-1.700813,0.3087,0.2031434,2.069,-0.2562032,-0.0017265,-0.9666213,0.3198672,0.9435087,-0.08646615,0.9121647,-0.3313434,-0.2411777,moving,-77.87462,42.45492,8.486073,5.607574,-12.231881847504084,17.77470300768305
05/11/2023 10:30:26.830114,3044,True,True,True,True,Eyes,1.634677,0.1032577,-1.737353,0.9579239,-0.1902168,-0.2149402,0.0,0.0,0.0,0.0,0.0,0.0,0.0,-1.238801,-0.8408437,-2.134133,1.880466,0.0892249,-1.803345,0.1001136,0.7842382,-0.1333871,0.5976252,19.20052,105.3572,359.8541,0.6604097,0.04573797,-0.7495108,0.0,0.0,0.0,3.443563,-0.2678806,-1.717376,0.3087001,0.2004855,2.069,-0.2656431,-0.002405255,-0.9640686,0.3164567,0.9443703,-0.08955375,0.9106532,-0.3288753,-0.2501043,moving,-77.35337,41.50805,8.486073,5.534662,-12.13572381164941,17.502466414891437
05/11/2023 10:30:26.841625,3045,True,True,True,True,Eyes,1.645458,0.1026995,-1.739237,0.9556766,-0.1915061,-0.2236242,0.0,0.0,0.0,0.0,0.0,0.0,0.0,-1.218992,-0.8422881,-2.158368,1.890549,0.08817873,-1.808864,0.09809369,0.7872604,-0.1330411,0.594053,19.02748,105.8881,359.7808,0.6628627,0.04549086,-0.7473573,0.0,0.0,0.0,3.455537,-0.2681602,-1.733086,0.3087002,0.197846,2.069001,-0.2749575,-0.00361638,-0.9614497,0.3125175,0.9453554,-0.09293025,0.9092478,-0.3260217,-0.2588024,moving,-76.83,40.57592,8.486074,5.46224,-12.039788651612238,17.23452171042272
05/11/2023 10:30:26.860301,3046,True,True,True,True,Eyes,1.656204,0.102105,-1.741269,0.953424,-0.1925339,-0.2321927,0.0,0.0,0.0,0.0,0.0,0.0,0.0,-1.197814,-0.840461,-2.183908,1.90043,0.08659803,-1.814235,0.09591651,0.7904762,-0.1321909,0.5903159,18.79782,106.452,359.7319,0.6652696,0.04522933,-0.7452315,0.0,0.0,0.0,3.466858,-0.2701387,-1.750154,0.3087002,0.1952904,2.069001,-0.2846542,-0.004429398,-0.9586201,0.3077083,0.9466512,-0.09574546,0.907903,-0.3222297,-0.2681052,moving,-76.31288,39.66548,8.486074,5.392103,-11.945347830414462,16.972843145338306
05/11/2023 10:30:26.878592,3047,True,True,True,True,Eyes,1.666933,0.1015101,-1.743457,0.9511541,-0.1932975,-0.2407113,0.0,0.0,0.0,0.0,0.0,0.0,0.0,-1.179808,-0.8356194,-2.208428,1.910087,0.0851246,-1.819803,0.094001,0.7933576,-0.130768,0.5870667,18.53364,106.9555,359.7349,0.6676294,0.04495342,-0.7431349,0.0,0.0,0.0,3.478472,-0.2737753,-1.769743,0.3086998,0.1924943,2.069,-0.2930329,-0.004386274,-0.9560921,0.3026919,0.948127,-0.09712187,0.9069228,-0.3178613,-0.2765047,moving,-75.79817,38.76538,8.48607,5.315348,-11.85154849422726,16.71415476037242
05/11/2023 10:30:26.894028,3048,True,True,True,True,Eyes,1.677677,0.100965,-1.745812,0.9489011,-0.1938245,-0.2490356,0.0,0.0,0.0,0.0,0.0,0.0,0.0,-1.163978,-0.8287668,-2.232885,1.920179,0.08454929,-1.825715,0.09182632,0.7960135,-0.1288543,0.584232,18.20605,107.4043,359.7363,0.6699415,0.04466462,-0.7410687,0.0,0.0,0.0,3.488793,-0.2779365,-1.78943,0.3087,0.1894601,2.069,-0.3004819,-0.004371597,-0.9537776,0.2967516,0.949929,-0.09784372,0.9064488,-0.3124352,-0.2841392,moving,-75.29458,37.89363,8.486073,5.232033,-11.760069684507943,16.46364099911871
05/11/2023 10:30:26.909946,3049,True,True,True,True,Eyes,1.688426,0.1005761,-1.748325,0.9466423,-0.1941199,-0.2572663,0.0,0.0,0.0,0.0,0.0,0.0,0.0,-1.148487,-0.8226949,-2.257651,1.931075,0.08520643,-1.832082,0.08940967,0.7986012,-0.1269003,0.581497,17.85856,107.8347,359.7123,0.6722054,0.04436632,-0.7390339,0.0,0.0,0.0,3.498841,-0.2848984,-1.809142,0.3087,0.1871883,2.069,-0.3077347,-0.004778916,-0.9514604,0.2903895,0.9518045,-0.09870251,0.9060758,-0.3066683,-0.2915156,moving,-74.7961,37.03633,8.486073,5.169638,-11.669704201479156,16.217296786320006
05/11/2023 10:30:26.920046,3050,True,True,True,True,Eyes,1.688426,0.1005761,-1.748325,0.9466423,-0.1941199,-0.2572663,0.0,0.0,0.0,0.0,0.0,0.0,0.0,-1.135655,-0.8196979,-2.279533,1.941779,0.08859067,-1.83835,0.08743786,0.8007943,-0.1250596,0.5791747,17.55238,108.2026,359.7101,0.6744206,0.04406597,-0.7370309,0.0,0.0,0.0,3.508004,-0.2956898,-1.83354,0.3086999,0.1845822,2.069,-0.313823,-0.004823165,-0.9494694,0.2849022,0.9534295,-0.0990104,0.9057297,-0.3015776,-0.2978339,moving,-74.7961,37.03633,8.486069,5.098045,-11.669704201479156,16.217296786320006
05/11/2023 10:30:26.940511,3051,True,True,True,True,Eyes,1.688426,0.1005761,-1.748325,0.9466423,-0.1941199,-0.2572663,0.0,0.0,0.0,0.0,0.0,0.0,0.0,-1.113186,-0.8232038,-2.303806,1.952633,0.08751821,-1.844976,0.08564755,0.8038238,-0.1252091,0.5751995,17.44685,108.7681,359.6187,0.6764091,0.04379532,-0.7352226,0.0,0.0,0.0,3.515937,-0.3078607,-1.85913,0.3087003,0.1818156,2.069001,-0.32362,-0.006349307,-0.9461658,0.2817314,0.9539744,-0.1027632,0.9032704,-0.2998209,-0.3069364,moving,-74.7961,37.03633,8.486079,5.022026,-11.669704201479156,16.217296786320006
05/11/2023 10:30:26.960207,3052,True,True,True,True,Eyes,1.700012,0.1002907,-1.751504,0.9440508,-0.195255,-0.2657886,0.0,0.0,0.0,0.0,0.0,0.0,0.0,-1.09423,-0.8220145,-2.326695,1.962699,0.08979474,-1.851028,0.0830309,0.8065271,-0.1240976,0.5720312,17.16765,109.2347,359.5177,0.6781945,0.04355146,-0.7335906,0.0,0.0,0.0,3.52262,-0.3224524,-1.883988,0.3087003,0.1790499,2.069001,-0.3317726,-0.008042024,-0.9433253,0.2759087,0.9554114,-0.1051836,0.9021096,-0.2951687,-0.3147604,moving,-74.27594,36.30194,8.486075,4.946015,-11.580698948196208,16.006761734666814
05/11/2023 10:30:26.980104,3053,True,True,True,True,Eyes,1.711554,0.1000167,-1.754819,0.9414119,-0.1962312,-0.2742934,0.0,0.0,0.0,0.0,0.0,0.0,0.0,-1.082731,-0.8273693,-2.34372,1.972717,0.0907957,-1.857422,0.08279786,0.8081934,-0.1241579,0.5696954,17.15911,109.571,359.5424,0.6799826,0.04330281,-0.7319481,0.0,0.0,0.0,3.528413,-0.3381386,-1.909428,0.3087001,0.1764202,2.069001,-0.3371837,-0.007630963,-0.941408,0.2752977,0.9554587,-0.1063481,0.900288,-0.2950263,-0.3200642,moving,-73.75578,35.58017,8.486073,4.873725,-11.492110466950393,15.79989171490184
05/11/2023 10:30:26.990260,3054,True,True,True,True,Eyes,1.723032,0.09984709,-1.758251,0.9384411,-0.1994175,-0.2820656,0.0,0.0,0.0,0.0,0.0,0.0,0.0,-1.062703,-0.8269781,-2.366732,1.982947,0.09079496,-1.863955,0.08116782,0.8109331,-0.1234554,0.5661788,16.98606,110.083,359.5116,0.6817673,0.04305045,-0.730301,0.0,0.0,0.0,3.535637,-0.3448774,-1.930925,0.3087,0.1737506,2.069,-0.3457071,-0.008152293,-0.9383071,0.2714389,0.9563411,-0.1083171,0.8982248,-0.2921391,-0.3284011,moving,-73.27089,35.25991,8.486073,4.800325,-11.42117233651776,15.709440091132944
05/11/2023 10:30:27.010520,3055,True,True,True,True,Eyes,1.734482,0.09979537,-1.761796,0.9354148,-0.2024477,-0.2898519,0.0,0.0,0.0,0.0,0.0,0.0,0.0,-1.046602,-0.8300035,-2.386175,1.992769,0.09370165,-1.870349,0.07923891,0.8131135,-0.1230402,0.5634083,16.82078,110.4771,359.4144,0.683543,0.04279913,-0.7286541,0.0,0.0,0.0,3.544037,-0.3438548,-1.950714,0.3086999,0.1710503,2.069,-0.3525848,-0.009783327,-0.9357288,0.2675042,0.9571646,-0.1108036,0.8967305,-0.2893791,-0.3348646,moving,-72.78365,34.93245,8.486073,4.726065,-11.349703887825346,15.616909872653437
05/11/2023 10:30:27.019880,3056,True,True,True,True,Eyes,1.745881,0.09986029,-1.765433,0.9323425,-0.2053361,-0.2976147,0.0,0.0,0.0,0.0,0.0,0.0,0.0,-1.024565,-0.8387783,-2.406215,2.002986,0.09638084,-1.876675,0.07720263,0.8157121,-0.123759,0.5597654,16.75825,110.9708,359.2459,0.685306,0.04255355,-0.7270107,0.0,0.0,0.0,3.550829,-0.3475992,-1.975046,0.3086998,0.1684042,2.069,-0.361405,-0.01260176,-0.9323239,0.2645022,0.957447,-0.1154726,0.8941057,-0.2883341,-0.3426929,moving,-72.2963,34.60332,8.486067,4.653275,-11.278166594468452,15.523895241806958
05/11/2023 10:30:27.040137,3057,True,True,True,True,Eyes,1.757198,0.1000343,-1.769125,0.9292873,-0.2079732,-0.3052413,0.0,0.0,0.0,0.0,0.0,0.0,0.0,-0.9992598,-0.842037,-2.428602,2.013139,0.09919735,-1.882309,0.07423891,0.8186712,-0.1236101,0.5558657,16.55441,111.5102,359.0515,0.6870521,0.04231796,-0.7253743,0.0,0.0,0.0,3.55955,-0.3427635,-2.003312,0.3087002,0.165708,2.069,-0.371004,-0.01586673,-0.9284958,0.2589757,0.9584183,-0.1198584,0.8917891,-0.2849258,-0.3514679,moving,-71.81629,34.26817,8.486075,4.579094,-11.207344213679583,15.429093615632866
05/11/2023 10:30:27.060541,3058,True,True,True,True,Eyes,1.768456,0.1002625,-1.772889,0.9262668,-0.210433,-0.3126465,0.0,0.0,0.0,0.0,0.0,0.0,0.0,-0.9872446,-0.8409938,-2.445452,2.022332,0.1019916,-1.887307,0.07274484,0.8202732,-0.1225285,0.5539375,16.35608,111.7962,359.0204,0.6887789,0.04209581,-0.7237477,0.0,0.0,0.0,3.567481,-0.3366497,-2.023059,0.3087003,0.1629513,2.069,-0.3757226,-0.01640495,-0.9265867,0.2550875,0.9593899,-0.1204215,0.8909335,-0.2816058,-0.3562799,moving,-71.34871,33.94331,8.486081,4.503233,-11.138409008434774,15.337214819137074
05/11/2023 10:30:27.080088,3059,True,True,True,True,Eyes,1.779633,0.1005295,-1.776718,0.9232987,-0.2125839,-0.319887,0.0,0.0,0.0,0.0,0.0,0.0,0.0,-0.9797596,-0.8332915,-2.463432,2.032104,0.1036159,-1.892779,0.0719154,0.8215975,-0.1202467,0.5525818,16.08523,112.0288,359.1221,0.690484,0.04188798,-0.7221333,0.0,0.0,0.0,3.57585,-0.3359988,-2.041129,0.3087007,0.1603278,2.069001,-0.3789636,-0.01472123,-0.9252948,0.2510633,0.9607378,-0.1181105,0.8907044,-0.277067,-0.3603887,moving,-70.89079,33.60639,8.486089,4.43102,-11.070278052094562,15.241782691274732
05/11/2023 10:30:27.089885,3060,True,True,True,True,Eyes,1.790735,0.1007907,-1.780623,0.9203221,-0.2146343,-0.3270161,0.0,0.0,0.0,0.0,0.0,0.0,0.0,-0.9745976,-0.8232061,-2.480578,2.04126,0.1049335,-1.898163,0.07170186,0.8227568,-0.1174954,0.5514753,15.80855,112.2379,359.3089,0.6921647,0.04169463,-0.7205338,0.0,0.0,0.0,3.58393,-0.3327895,-2.057767,0.3087002,0.1577359,2.069,-0.3814677,-0.01160523,-0.9243093,0.247578,0.9621074,-0.1142567,0.8906108,-0.2724239,-0.3641398,moving,-70.43846,33.27856,8.486079,4.359668,-11.003143162814794,15.148960959001268
05/11/2023 10:30:27.110183,3061,True,True,True,True,Eyes,1.801763,0.1011009,-1.784614,0.9174082,-0.2163425,-0.3340031,0.0,0.0,0.0,0.0,0.0,0.0,0.0,-0.9698162,-0.8114603,-2.498278,2.050517,0.1052286,-1.903867,0.07187618,0.8239242,-0.1145361,0.5503311,15.53634,112.4571,359.5466,0.693819,0.04151414,-0.7189515,0.0,0.0,0.0,3.591063,-0.3342141,-2.071812,0.3086999,0.155053,2.069,-0.383939,-0.007624574,-0.923327,0.2445066,0.9634306,-0.1096268,0.8903974,-0.2678496,-0.3680343,moving,-69.99483,32.93219,8.486069,4.285791,-10.936479016419398,15.0507090704693
05/11/2023 10:30:27.129863,3062,True,True,True,True,Eyes,1.812728,0.1014479,-1.788696,0.9144236,-0.21803,-0.3410167,0.0,0.0,0.0,0.0,0.0,0.0,0.0,-0.9647566,-0.7981048,-2.516712,2.059678,0.1068511,-1.909942,0.07145738,0.825184,-0.1111836,0.5491844,15.18761,112.677,359.7513,0.6954445,0.04134719,-0.7173889,0.0,0.0,0.0,3.598311,-0.3339944,-2.08664,0.3086999,0.1523711,2.069,-0.3865807,-0.004189622,-0.922246,0.2400516,0.9650641,-0.1050073,0.8904665,-0.2619804,-0.3720696,moving,-69.54797,32.59293,8.486071,4.211932,-10.869647588605861,14.954539059475376
05/11/2023 10:30:27.140508,3063,True,True,True,True,Eyes,1.823643,0.1017525,-1.792855,0.9114016,-0.2195563,-0.3480546,0.0,0.0,0.0,0.0,0.0,0.0,0.0,-0.9520407,-0.7937292,-2.535266,2.068977,0.1081408,-1.916142,0.07028686,0.8269434,-0.1097264,0.5469776,14.97311,113.0056,359.7753,0.6970399,0.04119384,-0.7158478,0.0,0.0,0.0,3.60717,-0.3300128,-2.100032,0.3086994,0.1497114,2.069,-0.3917505,-0.003789229,-0.9200637,0.2362822,0.9660398,-0.1045843,0.8892144,-0.2583657,-0.3775512,moving,-69.09868,32.24414,8.486056,4.138669,-10.80219893610536,14.855614209614107
05/11/2023 10:30:27.159906,3064,True,True,True,True,Eyes,1.823643,0.1017525,-1.792855,0.9114016,-0.2195563,-0.3480546,0.0,0.0,0.0,0.0,0.0,0.0,0.0,-0.9281324,-0.7931717,-2.55642,2.078434,0.1073585,-1.922088,0.06783461,0.8295895,-0.1096153,0.5432901,14.80791,113.5087,359.6115,0.6986046,0.04105102,-0.7143289,0.0,0.0,0.0,3.618216,-0.3175149,-2.109604,0.3086999,0.1470239,2.069001,-0.4004686,-0.006556088,-0.9162871,0.2316556,0.9667659,-0.1081637,0.8865442,-0.2555792,-0.3856405,moving,-69.09868,32.24414,8.486068,4.064626,-10.80219893610536,14.855614209614107
05/11/2023 10:30:27.178947,3065,True,True,True,True,Eyes,1.823643,0.1017525,-1.792855,0.9114016,-0.2195563,-0.3480546,0.0,0.0,0.0,0.0,0.0,0.0,0.0,-0.9056023,-0.7982573,-2.574411,2.087499,0.1077841,-1.927603,0.06574103,0.8319057,-0.1103305,0.5398504,14.74691,113.9636,359.4227,0.7000101,0.04092231,-0.7129591,0.0,0.0,0.0,3.628834,-0.3100691,-2.117233,0.3086996,0.1443347,2.069,-0.4084797,-0.009743233,-0.9127156,0.2285046,0.9670106,-0.1125885,0.8837026,-0.2545497,-0.3927779,moving,-69.09868,32.24414,8.486062,3.990524,-10.80219893610536,14.855614209614107
05/11/2023 10:30:27.190277,3066,True,True,True,True,Eyes,1.835238,0.1021162,-1.797536,0.9079159,-0.2210258,-0.356141,0.0,0.0,0.0,0.0,0.0,0.0,0.0,-0.8841922,-0.8088202,-2.590285,2.096645,0.1083023,-1.933367,0.06498051,0.8340113,-0.1117358,0.5363934,14.83807,114.4173,359.3195,0.7012724,0.04080637,-0.7117242,0.0,0.0,0.0,3.638146,-0.3058214,-2.132413,0.3087,0.1417063,2.069001,-0.4161194,-0.01147976,-0.9092376,0.2282576,0.9665853,-0.1166676,0.880195,-0.2560881,-0.3995945,moving,-68.58181,31.82428,8.486071,3.918082,-10.723990506096573,14.736405906749777
05/11/2023 10:30:27.209964,3067,True,True,True,True,Eyes,1.846722,0.1024743,-1.802263,0.9043159,-0.2226473,-0.3641988,0.0,0.0,0.0,0.0,0.0,0.0,0.0,-0.8612423,-0.8236052,-2.604827,2.105583,0.1089116,-1.939033,0.06458548,0.8361345,-0.1138269,0.5326831,15.02001,114.8956,359.2132,0.702539,0.04069831,-0.7104802,0.0,0.0,0.0,3.645059,-0.3090916,-2.149711,0.3087001,0.138981,2.069,-0.4241548,-0.01326306,-0.9054926,0.2292717,0.9657443,-0.121542,0.8760864,-0.2591564,-0.4065842,moving,-68.06367,31.43889,8.486077,3.842957,-10.646762342167058,14.627214890135242
05/11/2023 10:30:27.229911,3068,True,True,True,True,Eyes,1.8581,0.1028598,-1.807042,0.9004811,-0.2242394,-0.3726263,0.0,0.0,0.0,0.0,0.0,0.0,0.0,-0.8348355,-0.8431407,-2.618335,2.114115,0.1090593,-1.944772,0.06466717,0.8384593,-0.1167559,0.5283678,15.31504,115.4453,359.1125,0.7038055,0.04059718,-0.7092314,0.0,0.0,0.0,3.650705,-0.3161991,-2.165815,0.3087006,0.1363061,2.069001,-0.4332915,-0.01493858,-0.9011301,0.2318217,0.9643725,-0.1274541,0.870929,-0.2641263,-0.4143913,moving,-67.51984,31.03873,8.486085,3.769208,-10.565848378083754,14.51386989893647
05/11/2023 10:30:27.245227,3069,True,True,True,True,Eyes,1.869346,0.103274,-1.811857,0.8964984,-0.2259234,-0.3811158,0.0,0.0,0.0,0.0,0.0,0.0,0.0,-0.8044994,-0.8569357,-2.634995,2.122904,0.1098014,-1.950892,0.06397809,0.8412691,-0.1186667,0.5235376,15.46508,116.0764,359.0127,0.7050672,0.04050344,-0.7079825,0.0,0.0,0.0,3.65573,-0.3302539,-2.178553,0.3087,0.1337766,2.069001,-0.4436307,-0.01660737,-0.8960559,0.2318985,0.96365,-0.1326713,0.8656877,-0.2666511,-0.4236534,moving,-66.96888,30.65923,8.486071,3.699458,-10.484729125308654,14.406562465177775
05/11/2023 10:30:27.261122,3070,True,True,True,True,Eyes,1.880463,0.1036566,-1.816691,0.892306,-0.2276264,-0.389841,0.0,0.0,0.0,0.0,0.0,0.0,0.0,-0.7678778,-0.8740042,-2.650229,2.130283,0.1111125,-1.956215,0.0641498,0.8445753,-0.1209005,0.5176488,15.70196,116.8529,358.9995,0.7063203,0.04041755,-0.7067373,0.0,0.0,0.0,3.659433,-0.3476543,-2.193334,0.3087007,0.1310529,2.069,-0.4558489,-0.01680939,-0.8898985,0.2335268,0.9625357,-0.1378051,0.8588755,-0.2706334,-0.4348454,moving,-66.39988,30.28046,8.486093,3.624341,-10.401388267456852,14.299562148626745
05/11/2023 10:30:27.278900,3071,True,True,True,True,Eyes,1.891453,0.1040255,-1.82155,0.8879688,-0.2293823,-0.3986164,0.0,0.0,0.0,0.0,0.0,0.0,0.0,-0.7372292,-0.886982,-2.664892,2.138135,0.1108997,-1.961625,0.06508394,0.8473611,-0.1224345,0.5125942,15.91529,117.5312,359.0932,0.7075614,0.04033766,-0.7054994,0.0,0.0,0.0,3.661425,-0.3689277,-2.208588,0.3087003,0.1283557,2.069,-0.4660224,-0.01521926,-0.884642,0.2358177,0.9615477,-0.1407692,0.8527679,-0.2742158,-0.4445139,moving,-65.8243,29.91811,8.486081,3.549941,-10.317770562940296,14.197365131899538
05/11/2023 10:30:27.289961,3072,True,True,True,True,Eyes,1.90231,0.104403,-1.826432,0.8834847,-0.2311129,-0.4074818,0.0,0.0,0.0,0.0,0.0,0.0,0.0,-0.7061965,-0.8986627,-2.679099,2.145593,0.1109734,-1.96672,0.0682862,0.8503155,-0.1230124,0.5071178,16.16814,118.3042,359.4849,0.7087875,0.04026277,-0.7042717,0.0,0.0,0.0,3.660931,-0.3940924,-2.227952,0.3086999,0.1256267,2.069001,-0.4763373,-0.008633948,-0.8792204,0.2408932,0.9604099,-0.1399405,0.8456202,-0.2784571,-0.4553993,moving,-65.23985,29.56075,8.486066,3.474649,-10.233213468022303,14.096664050303893
05/11/2023 10:30:27.310513,3073,True,True,True,True,Eyes,1.913047,0.1047941,-1.831358,0.8789063,-0.2328184,-0.4163164,0.0,0.0,0.0,0.0,0.0,0.0,0.0,-0.681244,-0.9101839,-2.691508,2.152954,0.1117362,-1.972066,0.07172166,0.8527169,-0.1233596,0.5025064,16.40724,118.964,359.9008,0.7099962,0.04019284,-0.7030572,0.0,0.0,0.0,3.659094,-0.4181114,-2.251794,0.3087003,0.1229836,2.069002,-0.4846871,-0.001661395,-0.8746863,0.2462945,0.9592769,-0.1383004,0.839296,-0.2824627,-0.46454,moving,-64.65423,29.21542,8.486073,3.401719,-10.148908012861654,13.999462824738266
05/11/2023 10:30:27.330528,3074,True,True,True,True,Eyes,1.923669,0.1052142,-1.836326,0.8742814,-0.2343381,-0.425109,0.0,0.0,0.0,0.0,0.0,0.0,0.0,-0.6567813,-0.9176488,-2.70548,2.160556,0.1125857,-1.977976,0.07370174,0.8550943,-0.1233222,0.4981703,16.51918,119.5781,0.1896241,0.711185,0.04012799,-0.7018582,0.0,0.0,0.0,3.658152,-0.4347936,-2.276258,0.3087,0.1203154,2.069,-0.492789,0.003172967,-0.8701432,0.2489147,0.9587194,-0.1374721,0.833787,-0.2843362,-0.4732362,moving,-64.06921,28.86541,8.486073,3.328085,-10.064522693109115,13.900899295523754
05/11/2023 10:30:27.340216,3075,True,True,True,True,Eyes,1.934185,0.1056562,-1.84133,0.8695725,-0.2357447,-0.4338989,0.0,0.0,0.0,0.0,0.0,0.0,0.0,-0.6283801,-0.9189773,-2.722094,2.168108,0.1137222,-1.983823,0.07306185,0.8577952,-0.1228769,0.493711,16.43631,120.1888,0.2397145,0.7123525,0.04006886,-0.7006768,0.0,0.0,0.0,3.659401,-0.4424379,-2.300959,0.3086998,0.1175828,2.069,-0.5018227,0.00401284,-0.8649611,0.2466756,0.9591265,-0.1386636,0.8290506,-0.2829493,-0.4823012,moving,-63.48174,28.51599,8.486071,3.252665,-9.9798518691886,13.802520028350703
05/11/2023 10:30:27.360229,3076,True,True,True,True,Eyes,1.944608,0.1060876,-1.846356,0.86485,-0.2369542,-0.4425912,0.0,0.0,0.0,0.0,0.0,0.0,0.0,-0.5955497,-0.9208938,-2.739144,2.175777,0.1146482,-1.989594,0.07111527,0.8607171,-0.1229865,0.4888588,16.33446,120.8284,0.1298104,0.7134968,0.04001579,-0.6995146,0.0,0.0,0.0,3.662736,-0.4435406,-2.3244,0.3087,0.1149268,2.069,-0.5119191,0.002174155,-0.8590306,0.2426663,0.9596339,-0.1421826,0.8240457,-0.2812439,-0.4917826,moving,-62.89868,28.16368,8.486071,3.179342,-9.895634583572033,13.703278211666916
05/11/2023 10:30:27.379197,3077,True,True,True,True,Eyes,2.202685,0.1162142,-1.97303,0.7192467,-0.2572854,-0.6453592,0.0,0.0,0.0,0.0,0.0,0.0,0.0,-0.5646137,-0.9193221,-2.75656,2.183682,0.11505,-1.995209,0.06955458,0.8635014,-0.1224547,0.4842854,16.19147,121.442,0.09038398,0.7146175,0.03996784,-0.6983723,0.0,0.0,0.0,3.667986,-0.4410099,-2.345408,0.3086997,0.1122448,2.069001,-0.5212597,0.001514929,-0.8533968,0.238727,0.960334,-0.1441111,0.8193277,-0.2788481,-0.500945,moving,-48.09929,21.73569,8.48606,3.105292,-7.8410468564729685,11.914524945570953
05/11/2023 10:30:27.389943,3078,True,True,True,True,Eyes,2.203011,0.1162177,-1.973266,0.7191323,-0.2571918,-0.6455239,0.0,0.0,0.0,0.0,0.0,0.0,0.0,-0.5378827,-0.9169451,-2.772851,2.191322,0.1146292,-2.000944,0.0690509,0.8659628,-0.1216232,0.4801545,16.07841,122.009,0.1666697,0.7192539,0.0398826,-0.6936013,0.7742325,0.03037979,-0.3800229,3.673491,-0.4384052,-2.365397,0.3087004,0.109686,2.069,-0.5293675,0.002795148,-0.8483882,0.2363869,0.9608796,-0.1443322,0.8147954,-0.2769525,-0.5093191,moving,-48.08749,21.72349,8.486081,3.034639,-7.839175029383142,11.911044102433133
05/11/2023 10:30:27.410187,3079,True,True,True,True,Eyes,2.20365,0.1162191,-1.973739,0.7187919,-0.2570514,-0.6459588,0.0,0.0,0.0,0.0,0.0,0.0,0.0,-0.5122027,-0.9164493,-2.788282,2.199231,0.1147606,-2.006729,0.06872674,0.8682611,-0.1209864,0.476195,15.9948,122.5496,0.2455238,0.723058,0.03980815,-0.6896389,0.7277786,0.02855701,-0.3572215,3.678267,-0.4393297,-2.386065,0.3086999,0.106914,2.069,-0.53703,0.004119275,-0.8435532,0.2345717,0.9612778,-0.1446409,0.8102931,-0.2755502,-0.5172012,moving,-48.05482,21.69948,8.48607,2.958083,-7.83431517402295,11.904243498746915
05/11/2023 10:30:27.430096,3080,True,True,True,True,Eyes,2.204592,0.1162069,-1.974439,0.7183729,-0.2569363,-0.6464704,0.0,0.0,0.0,0.0,0.0,0.0,0.0,-0.4861134,-0.916758,-2.803421,2.207121,0.1147364,-2.012802,0.06817948,0.8705354,-0.120603,0.4722019,15.92431,123.0869,0.2864363,0.7261825,0.03974267,-0.6863519,0.6841118,0.02684359,-0.3357882,3.682539,-0.4422314,-2.404818,0.3087,0.1041833,2.069,-0.5447539,0.004807391,-0.8385822,0.2326032,0.9616129,-0.1455894,0.8056917,-0.2743673,-0.5249606,moving,-48.01566,21.67509,8.486071,2.882661,-7.828634860276433,11.89736675557043
05/11/2023 10:30:27.445074,3081,True,True,True,True,Eyes,2.205821,0.1161719,-1.975366,0.7177129,-0.2568192,-0.6472496,0.0,0.0,0.0,0.0,0.0,0.0,0.0,-0.4577407,-0.9187838,-2.818061,2.215051,0.1143985,-2.018816,0.06740743,0.8728819,-0.1206724,0.467944,15.88761,123.6487,0.2824653,0.7287512,0.03968412,-0.6836272,0.6430651,0.02523297,-0.3156409,3.687026,-0.4468201,-2.422854,0.3086999,0.101593,2.069001,-0.5529695,0.004741604,-0.8331881,0.2306133,0.9617888,-0.1475797,0.8006513,-0.2737513,-0.5329333,moving,-47.95515,21.64246,8.486068,2.811105,-7.820024663630811,11.888209562629271
05/11/2023 10:30:27.462948,3082,True,True,True,True,Eyes,2.207326,0.1160978,-1.976502,0.7169221,-0.256813,-0.6481279,0.0,0.0,0.0,0.0,0.0,0.0,0.0,-0.4284664,-0.9216665,-2.832325,2.222915,0.1138047,-2.025046,0.06655841,0.8752412,-0.1209786,0.4635593,15.87136,124.2215,0.2589831,0.7308661,0.03963028,-0.6813691,0.6044812,0.02371899,-0.2967025,3.690907,-0.4532257,-2.440314,0.3087004,0.09885526,2.069,-0.5613657,0.004347779,-0.8275566,0.2286709,0.9618683,-0.1500634,0.795348,-0.2734785,-0.5409542,moving,-47.88508,21.61536,8.486088,2.735469,-7.810407015143041,11.880708766662266
05/11/2023 10:30:27.479937,3083,True,True,True,True,Eyes,2.209097,0.1160002,-1.977842,0.7158505,-0.256875,-0.6492866,0.0,0.0,0.0,0.0,0.0,0.0,0.0,-0.3957206,-0.9280494,-2.845395,2.230719,0.1127547,-2.031089,0.06568683,0.8777128,-0.1220263,0.4587102,15.93047,124.8431,0.2001361,0.73261,0.03957862,-0.6794966,0.5682123,0.02229585,-0.2789003,3.694504,-0.4616196,-2.457691,0.3087001,0.0962329,2.069,-0.5705405,0.003358885,-0.8212627,0.2272578,0.9615896,-0.1539457,0.7892007,-0.2744706,-0.5493892,moving,-47.79152,21.58507,8.486074,2.66301,-7.797759860278426,11.872405397507332
05/11/2023 10:30:27.495141,3084,True,True,True,True,Eyes,2.211121,0.1158727,-1.979369,0.714574,-0.2570887,-0.650607,0.0,0.0,0.0,0.0,0.0,0.0,0.0,-0.3606024,-0.9360994,-2.857846,2.238532,0.1120434,-2.037159,0.0646519,0.880272,-0.1233873,0.4535605,16.01422,125.4963,0.1129744,0.7340514,0.03952743,-0.6779422,0.5341195,0.0209581,-0.2621663,3.697152,-0.4707376,-2.474902,0.3087001,0.0935678,2.069,-0.5802065,0.001895263,-0.8144676,0.2257498,0.9611914,-0.1585817,0.7825587,-0.275876,-0.5581172,moving,-47.68269,21.56156,8.486075,2.589361,-7.7834357239491965,11.866151549094774
05/11/2023 10:30:27.510344,3085,True,True,True,True,Eyes,2.213384,0.1157064,-1.981077,0.7130145,-0.2573731,-0.6522036,0.0,0.0,0.0,0.0,0.0,0.0,0.0,-0.3245274,-0.9450604,-2.869428,2.246311,0.1111482,-2.042989,0.0639542,0.882827,-0.1248457,0.4482634,16.12721,126.1692,0.05925553,0.7352467,0.03947495,-0.6766487,0.5020724,0.01970061,-0.2464363,3.697748,-0.4843766,-2.496169,0.3087,0.09096177,2.069,-0.5899398,0.0009934935,-0.8074468,0.2248485,0.9606469,-0.1630976,0.7755092,-0.2777709,-0.5669472,moving,-47.55044,21.53522,8.486074,2.517338,-7.766102684108799,11.859199307670062
05/11/2023 10:30:27.519967,3086,True,True,True,True,Eyes,2.21589,0.1154495,-1.982957,0.7112176,-0.2578022,-0.6539934,0.0,0.0,0.0,0.0,0.0,0.0,0.0,-0.2870255,-0.9531374,-2.880906,2.253963,0.1100048,-2.048909,0.06303462,0.8854449,-0.1262851,0.4427935,16.22796,126.8608,359.9875,0.7362416,0.0394194,-0.6755694,0.4719481,0.01851858,-0.2316501,3.698016,-0.4959441,-2.517251,0.3087,0.08735557,2.069,-0.5999212,-0.0002091009,-0.800059,0.2234638,0.9601575,-0.1678144,0.7682177,-0.2794597,-0.5759719,moving,-47.4002,21.51421,8.486073,2.417658,-7.7467061771898065,11.853889826859099
05/11/2023 10:30:27.540138,3087,True,True,True,True,Eyes,2.218618,0.1151717,-1.984999,0.7091427,-0.2582944,-0.6560493,0.0,0.0,0.0,0.0,0.0,0.0,0.0,-0.2453073,-0.9601096,-2.892713,2.261919,0.1075331,-2.054735,0.06194204,0.8882793,-0.1278261,0.4367879,16.33193,127.6172,359.9031,0.737085,0.03935731,-0.6746526,0.4436312,0.01740746,-0.2177511,3.699892,-0.5051374,-2.535227,0.3087,0.08566123,2.069,-0.6107592,-0.001622104,-0.7918148,0.2217094,0.9596474,-0.1729795,0.7601435,-0.2812016,-0.5857539,moving,-47.22716,21.49015,8.486073,2.370819,-7.7243706821480815,11.847814792926012
05/11/2023 10:30:27.560477,3088,True,True,True,True,Eyes,2.221568,0.1148495,-1.987197,0.7068447,-0.2588694,-0.6582987,0.0,0.0,0.0,0.0,0.0,0.0,0.0,-0.2058656,-0.9681742,-2.903164,2.269615,0.1067183,-2.060475,0.06113221,0.8909189,-0.1292047,0.4310834,16.43503,128.3374,359.8525,0.7378501,0.03928767,-0.6738198,0.4170133,0.01636302,-0.204686,3.700931,-0.5137107,-2.556206,0.3087001,0.08290112,2.069001,-0.6208602,-0.002468349,-0.7839177,0.2203237,0.959138,-0.1775157,0.7523234,-0.282928,-0.5949468,moving,-47.03664,21.46674,8.486073,2.294511,-7.6998806517672795,11.842020690476158
05/11/2023 10:30:27.579246,3089,True,True,True,True,Eyes,2.224739,0.1144618,-1.989551,0.7041915,-0.2595501,-0.6608692,0.0,0.0,0.0,0.0,0.0,0.0,0.0,-0.1629161,-0.9773352,-2.913023,2.27751,0.1052908,-2.066225,0.06030229,0.8936909,-0.130908,0.424904,16.57248,129.1125,359.793,0.7385457,0.03920944,-0.6730618,0.3919925,0.01538123,-0.1924049,3.70184,-0.5199414,-2.579364,0.3087008,0.08020757,2.069001,-0.6316407,-0.003463471,-0.7752538,0.2190299,0.9584535,-0.1827372,0.7436776,-0.285228,-0.6046396,moving,-46.81776,21.44194,8.48609,2.220035,-7.671814316559757,11.835972437782633
05/11/2023 10:30:27.590102,3090,True,True,True,True,Eyes,2.228107,0.1140412,-1.992028,0.7013142,-0.2602983,-0.6636289,0.0,0.0,0.0,0.0,0.0,0.0,0.0,-0.112658,-0.9873742,-2.922394,2.285561,0.1032808,-2.072084,0.05931547,0.8968502,-0.1329493,0.4176913,16.7396,130.0131,359.7206,0.7391795,0.03912103,-0.6723709,0.3684729,0.01445836,-0.1808606,3.703407,-0.5227569,-2.602165,0.3086991,0.07755335,2.069,-0.6440313,-0.004669406,-0.7649849,0.2174577,0.9576123,-0.1889202,0.7334411,-0.2880224,-0.6157169,moving,-46.5815,21.41683,8.486049,2.146641,-7.641574190797233,11.829925791341381
05/11/2023 10:30:27.609997,3091,True,True,True,True,Eyes,2.231669,0.1135729,-1.994643,0.6981015,-0.2611053,-0.6666921,0.0,0.0,0.0,0.0,0.0,0.0,0.0,-0.06395102,-0.9975136,-2.930082,2.293228,0.1020693,-2.077304,0.05905087,0.8998691,-0.1346295,0.4106378,16.90555,130.9045,359.743,0.7397587,0.03902213,-0.6717394,0.3463646,0.01359086,-0.170009,3.70629,-0.5212712,-2.625122,0.3086995,0.07485333,2.069,-0.6557792,-0.004291818,-0.7549405,0.216844,0.9567758,-0.1938009,0.7231405,-0.2907949,-0.626503,moving,-46.31837,21.38744,8.486061,2.071972,-7.607847801708772,11.82277784063056
05/11/2023 10:30:27.630360,3092,True,True,True,True,Eyes,2.235411,0.113071,-1.997381,0.694715,-0.2618004,-0.669949,0.0,0.0,0.0,0.0,0.0,0.0,0.0,-0.01616526,-1.005715,-2.938045,2.301053,0.1005159,-2.082999,0.05961991,0.9028827,-0.135642,0.4035461,17.04103,131.8189,359.8912,0.7402898,0.03891187,-0.6711605,0.3255827,0.01277541,-0.1598084,3.709462,-0.5192393,-2.647834,0.3087003,0.07218184,2.069001,-0.6671919,-0.001815967,-0.7448835,0.2171351,0.9560935,-0.1968188,0.7125356,-0.2930563,-0.6375035,moving,-46.03969,21.3444,8.486075,1.998084,-7.571734880153746,11.811747717252391
05/11/2023 10:30:27.645752,3093,True,True,True,True,Eyes,2.239316,0.1125539,-2.00025,0.6910279,-0.2624682,-0.6734915,0.0,0.0,0.0,0.0,0.0,0.0,0.0,0.03106391,-1.008116,-2.946919,2.308676,0.09929648,-2.08848,0.06008324,0.9059476,-0.1355927,0.3965646,17.05764,132.7306,0.07922911,0.7407792,0.03878983,-0.6706272,0.3060477,0.01200888,-0.1502199,3.712314,-0.5159175,-2.671501,0.3087002,0.06923887,2.069,-0.6782532,0.00132198,-0.7348272,0.2164071,0.9560092,-0.1980261,0.7022398,-0.2933336,-0.6487023,moving,-45.73631,21.2915,8.486078,1.916682,-7.532221550202146,11.797984335132398
05/11/2023 10:30:27.659846,3094,True,True,True,True,Eyes,2.243384,0.1120497,-2.003237,0.6872054,-0.2630363,-0.6771711,0.0,0.0,0.0,0.0,0.0,0.0,0.0,0.07988811,-1.00946,-2.955412,2.316116,0.09844761,-2.094222,0.05953095,0.9090208,-0.1357509,0.3894981,17.04815,133.6339,0.148641,0.7412298,0.03865689,-0.6701367,0.2876849,0.01128835,-0.1412067,3.716219,-0.5107138,-2.693508,0.3086994,0.06662674,2.069,-0.6894946,0.002480273,-0.7242866,0.2139792,0.9560555,-0.2004265,0.6919611,-0.2931753,-0.6597258,moving,-45.42137,21.22786,8.486059,1.844424,-7.490914485709678,11.781162849766185
05/11/2023 10:30:27.679088,3095,True,True,True,True,Eyes,2.247623,0.1116457,-2.00636,0.6831209,-0.2634791,-0.6811201,0.0,0.0,0.0,0.0,0.0,0.0,0.0,0.1314871,-1.006819,-2.964336,2.32365,0.09824713,-2.099823,0.05781367,0.9122153,-0.135634,0.3822622,16.95706,134.5438,0.1067124,0.7416466,0.03851423,-0.6696836,0.2704238,0.01061105,-0.1327343,3.72191,-0.5022541,-2.71431,0.3086997,0.06418859,2.069,-0.7010666,0.001781508,-0.7130938,0.2091726,0.956522,-0.2032549,0.6817279,-0.2916549,-0.6709582,moving,-45.08403,21.14807,8.486065,1.776972,-7.446285603271677,11.75976927142494
05/11/2023 10:30:27.690066,3096,True,True,True,True,Eyes,2.252023,0.1113501,-2.009614,0.6789337,-0.2638173,-0.6851639,0.0,0.0,0.0,0.0,0.0,0.0,0.0,0.1822094,-1.001274,-2.974184,2.331645,0.1002255,-2.105924,0.05557504,0.9153746,-0.1348573,0.3752523,16.77412,135.4229,0.03189134,0.7420328,0.03836609,-0.6692643,0.2541983,0.009974387,-0.1247703,3.728636,-0.4921387,-2.735024,0.3087008,0.06159575,2.069002,-0.7121942,0.0005329379,-0.7019821,0.202955,0.9574499,-0.2051806,0.6720033,-0.2885992,-0.6819983,moving,-44.73832,21.05883,8.486089,1.705235,-7.400302695997775,11.735675405594344
05/11/2023 10:30:27.710223,3097,True,True,True,True,Eyes,2.25659,0.1111042,-2.013006,0.674434,-0.264011,-0.6895193,0.0,0.0,0.0,0.0,0.0,0.0,0.0,0.2364866,-0.9975464,-2.982124,2.339426,0.102495,-2.11203,0.05316395,0.9186124,-0.1345188,0.3677358,16.63309,136.3549,359.9246,0.7423923,0.03821607,-0.668874,0.2389464,0.009375923,-0.117284,3.735629,-0.4807343,-2.753499,0.3087009,0.0588698,2.069001,-0.7238877,-0.001260665,-0.6899165,0.1966089,0.9581565,-0.2080407,0.6613103,-0.2862418,-0.69335,moving,-44.36633,20.95141,8.486094,1.629812,-7.350447927983895,11.706440362223333
05/11/2023 10:30:27.730100,3098,True,True,True,True,Eyes,2.261289,0.110953,-2.016505,0.6699122,-0.264129,-0.6938685,0.0,0.0,0.0,0.0,0.0,0.0,0.0,0.2965885,-0.9861395,-2.99151,2.347594,0.1033676,-2.118416,0.04965884,0.9221736,-0.1336148,0.3595511,16.38808,137.3602,359.7316,0.7427267,0.03806632,-0.6685113,0.2246097,0.008813368,-0.110247,3.737442,-0.4811223,-2.777889,0.3087004,0.05623746,2.069001,-0.7365142,-0.004494573,-0.6764075,0.1876709,0.9593621,-0.2107223,0.6498668,-0.2821419,-0.7057403,moving,-43.99364,20.8399,8.486082,1.556972,-7.300370949197698,11.676021213954638
05/11/2023 10:30:27.740138,3099,True,True,True,True,Eyes,2.266109,0.1108503,-2.020137,0.6651905,-0.2642051,-0.6983676,0.0,0.0,0.0,0.0,0.0,0.0,0.0,0.3448255,-0.976608,-2.999511,2.355059,0.1054804,-2.124218,0.04753726,0.9250527,-0.1322267,0.3528939,16.15188,138.1923,359.6794,0.7430389,0.03791966,-0.6681726,0.2111331,0.008284566,-0.1036322,3.741529,-0.4721992,-2.799108,0.3087002,0.05358173,2.069,-0.7464125,-0.005375038,-0.6654621,0.1812729,0.9605126,-0.2110821,0.6403194,-0.2781845,-0.7159642,moving,-43.6062,20.72253,8.486076,1.48348,-7.248264288722649,11.643978004586991
05/11/2023 10:30:27.760240,3100,True,True,True,True,Eyes,2.271036,0.1107907,-2.023896,0.6603711,-0.2645104,-0.7028116,0.0,0.0,0.0,0.0,0.0,0.0,0.0,0.3855468,-0.9763601,-3.0052,2.362509,0.1065981,-2.130807,0.0472531,0.927361,-0.1317617,0.3469981,16.09167,138.9385,359.7733,0.7433311,0.03777698,-0.6678556,0.1984651,0.007787492,-0.09741424,3.745296,-0.4734805,-2.815645,0.3087001,0.0507495,2.069001,-0.754719,-0.003800774,-0.6560373,0.1790835,0.960812,-0.2115879,0.6311327,-0.2771748,-0.7244624,moving,-43.21677,20.62434,8.486073,1.405098,-7.196543316923646,11.617515438822833
05/11/2023 10:30:27.780170,3101,True,True,True,True,Eyes,2.276044,0.1107678,-2.027767,0.6552793,-0.2650234,-0.7073695,0.0,0.0,0.0,0.0,0.0,0.0,0.0,0.4304339,-0.9830493,-3.007231,2.369622,0.1075725,-2.137385,0.0467758,0.9296503,-0.1327431,0.3405021,16.18048,139.7385,359.7955,0.7436046,0.03763891,-0.6675577,0.1865572,0.007320242,-0.09156939,3.747725,-0.4701088,-2.838288,0.3087001,0.048151,2.069001,-0.7637408,-0.003428369,-0.6455141,0.1773689,0.9603826,-0.2149548,0.6206775,-0.2786639,-0.7328752,moving,-42.81081,20.53899,8.486073,1.33318,-7.143188642136925,11.594868949359523
05/11/2023 10:30:27.789750,3102,True,True,True,True,Eyes,2.2811,0.1106958,-2.031728,0.6496888,-0.2661405,-0.712091,0.0,0.0,0.0,0.0,0.0,0.0,0.0,0.4753021,-1.001686,-3.004043,2.376235,0.1084372,-2.143666,0.04730478,0.9316476,-0.1354588,0.3338352,16.49811,140.5521,359.8626,0.7438605,0.03750636,-0.6672789,0.1753638,0.006881028,-0.08607522,3.751407,-0.464587,-2.857074,0.3087004,0.04540174,2.069001,-0.7726329,-0.00229905,-0.6348493,0.1785846,0.9588264,-0.2208157,0.6092179,-0.2839837,-0.7404103,moving,-42.37632,20.49298,8.486081,1.257085,-7.087581597112267,11.583797791448943
05/11/2023 10:30:27.810529,3103,True,True,True,True,Eyes,2.286203,0.1106122,-2.035794,0.6438704,-0.2672698,-0.7169363,0.0,0.0,0.0,0.0,0.0,0.0,0.0,0.5206426,-1.020249,-2.999073,2.382144,0.107249,-2.149488,0.04845014,0.9336203,-0.1382434,0.3269475,16.84688,141.4008,0.004273406,0.7441,0.0373771,-0.6670184,0.1648419,0.006468166,-0.08091071,3.752629,-0.463156,-2.878449,0.3087,0.04273497,2.069,-0.7815162,7.138462e-05,-0.6238853,0.1808647,0.9570827,-0.2264524,0.5970938,-0.289815,-0.7479885,moving,-41.92656,20.44517,8.486072,1.18327,-7.0300142184773025,11.572284397260063
05/11/2023 10:30:27.830255,3104,True,True,True,True,Eyes,2.291335,0.1105882,-2.039974,0.6377412,-0.2684332,-0.7219626,0.0,0.0,0.0,0.0,0.0,0.0,0.0,0.5646489,-1.025594,-2.998501,2.388043,0.1069402,-2.155805,0.0486885,0.9357955,-0.1388956,0.3203502,16.92685,142.2239,0.1278367,0.7443236,0.03725035,-0.6667755,0.1549514,0.006080076,-0.07605607,3.75408,-0.4568775,-2.900917,0.3087001,0.03999798,2.069001,-0.7900105,0.002134491,-0.6130898,0.1801154,0.9566749,-0.228761,0.5860393,-0.2911505,-0.7561677,moving,-41.45557,20.39566,8.486073,1.107506,-6.969747876873475,11.560389231910833
05/11/2023 10:30:27.840287,3105,True,True,True,True,Eyes,2.296504,0.1106084,-2.044295,0.631505,-0.269362,-0.72708,0.0,0.0,0.0,0.0,0.0,0.0,0.0,0.6023324,-1.020351,-3.002259,2.393598,0.1084817,-2.162498,0.04895126,0.9379742,-0.1372099,0.3146137,16.75023,142.9636,0.328722,0.7445313,0.03712771,-0.66655,0.1456543,0.005715271,-0.07149271,3.759247,-0.4497656,-2.915,0.3087,0.03747126,2.069,-0.797244,0.005493826,-0.6036322,0.1781663,0.9575545,-0.2265971,0.5767659,-0.2882001,-0.7643834,moving,-40.97593,20.3282,8.486075,1.03756,-6.907811944408266,11.54332673149664
05/11/2023 10:30:27.860271,3106,True,True,True,True,Eyes,2.301702,0.1106467,-2.048764,0.6249898,-0.270432,-0.7322939,0.0,0.0,0.0,0.0,0.0,0.0,0.0,0.6376897,-1.009437,-3.008725,2.39942,0.1096636,-2.169974,0.04859598,0.9400986,-0.1348378,0.3093088,16.47422,143.6446,0.4754249,0.744723,0.03701012,-0.6663421,0.1369151,0.005372355,-0.06720315,3.766708,-0.440799,-2.928165,0.3087,0.03474529,2.069,-0.803933,0.007956985,-0.5946667,0.174783,0.9589145,-0.2234593,0.5684564,-0.2835839,-0.7722937,moving,-40.47971,20.2689,8.486072,0.9620934,-6.84408152897918,11.528721430811515
05/11/2023 10:30:27.879927,3107,True,True,True,True,Eyes,2.306926,0.1106539,-2.053378,0.6182904,-0.2714574,-0.7375824,0.0,0.0,0.0,0.0,0.0,0.0,0.0,0.6761507,-1.001009,-3.013282,2.405063,0.1101778,-2.177749,0.04753854,0.9421965,-0.1334729,0.3036298,16.2831,144.349,0.5090779,0.7448983,0.03689754,-0.6661523,0.1287002,0.005050014,-0.06317096,3.774111,-0.431455,-2.940566,0.3087005,0.03205389,2.069001,-0.8110984,0.008528576,-0.5848482,0.170634,0.9598501,-0.2226472,0.5594676,-0.2803837,-0.7799881,moving,-39.97197,20.20547,8.486084,0.8875809,-6.778780651853738,11.512977456298577
05/11/2023 10:30:27.895144,3108,True,True,True,True,Eyes,2.31216,0.1106478,-2.058124,0.6113248,-0.2727299,-0.7429,0.0,0.0,0.0,0.0,0.0,0.0,0.0,0.7219136,-0.9973828,-3.013921,2.410628,0.1093865,-2.185534,0.04558969,0.944352,-0.1338159,0.2970088,16.24944,145.1385,0.3948722,0.7450569,0.03678837,-0.6659811,0.1209782,0.004747013,-0.0593807,3.781431,-0.4229208,-2.953592,0.3087003,0.02946261,2.069001,-0.8194149,0.006616456,-0.5731629,0.1655944,0.9600298,-0.2256575,0.5487604,-0.2798197,-0.7877583,moving,-39.45061,20.15895,8.486079,0.8158378,-6.712342734324891,11.502216202630592
05/11/2023 10:30:27.910363,3109,True,True,True,True,Eyes,2.317383,0.1106594,-2.062981,0.6042105,-0.2742164,-0.7481545,0.0,0.0,0.0,0.0,0.0,0.0,0.0,0.7675352,-1.004411,-3.009962,2.415781,0.1089953,-2.193157,0.04395985,0.9462009,-0.1359387,0.290331,16.42598,145.9206,0.2541838,0.7451984,0.03668175,-0.6658286,0.1137195,0.004462192,-0.05581786,3.789135,-0.410672,-2.967259,0.3087005,0.0267421,2.069001,-0.8275511,0.004255254,-0.5613748,0.1621242,0.9591764,-0.2317248,0.5374713,-0.2827765,-0.7944574,moving,-38.92439,20.12909,8.486084,0.7405141,-6.645850010620729,11.496318879710255
05/11/2023 10:30:27.929862,3110,True,True,True,True,Eyes,2.447553,0.1100956,-2.187835,0.4052591,-0.3164206,-0.8576964,0.0,0.0,0.0,0.0,0.0,0.0,0.0,0.8050431,-1.02353,-3.002793,2.420469,0.1093565,-2.200418,0.04344516,0.9474182,-0.1395238,0.2846831,16.80474,146.5762,0.1724525,0.7453226,0.03657797,-0.6656954,0.1068963,0.004194461,-0.05246879,3.793512,-0.4043509,-2.983835,0.3087,0.02405345,2.069,-0.8341363,0.002881326,-0.5515511,0.1617616,0.9572912,-0.2396386,0.5273045,-0.289111,-0.7989774,moving,-25.2906,20.24999,8.486073,0.6660702,-4.952637535559495,11.60331315452007
05/11/2023 10:30:27.945208,3111,True,True,True,True,Eyes,2.447725,0.1100881,-2.188156,0.404806,-0.3168056,-0.8577682,0.0,0.0,0.0,0.0,0.0,0.0,0.0,0.8424575,-1.048934,-2.992838,2.424642,0.1086034,-2.208256,0.04343502,0.9484527,-0.1441913,0.2788547,17.322,147.2503,0.1185508,0.74533,0.0362081,-0.6657068,0.4909921,0.00225137,-0.4238829,3.794036,-0.4027336,-3.005154,0.3086999,0.02143753,2.069,-0.8407071,0.001975273,-0.5414869,0.162809,0.9546446,-0.2492932,0.516435,-0.2977414,-0.802898,moving,-25.264,20.27106,8.486073,0.5936376,-4.950022060033417,11.60957243607466
05/11/2023 10:30:27.960937,3112,True,True,True,True,Eyes,2.448022,0.1100776,-2.18878,0.4039397,-0.3176709,-0.8578566,0.0,0.0,0.0,0.0,0.0,0.0,0.0,0.8784479,-1.077553,-2.981295,2.428703,0.1083309,-2.215981,0.043468,0.9492847,-0.1493692,0.2732365,17.8991,147.8933,0.05423703,0.7453259,0.03589513,-0.6657281,0.4615326,0.002116288,-0.39845,3.794062,-0.4037739,-3.024125,0.3087004,0.01873109,2.069001,-0.8469049,0.0009008034,-0.531744,0.1641532,0.9515988,-0.2598336,0.5057728,-0.3073418,-0.8060616,moving,-25.21438,20.31998,8.486081,0.5186962,-4.945460673660361,11.624041134690204
05/11/2023 10:30:27.970168,3113,True,True,True,True,Eyes,2.448462,0.110088,-2.189712,0.4026605,-0.318911,-0.8579978,0.0,0.0,0.0,0.0,0.0,0.0,0.0,0.9114639,-1.109694,-2.968257,2.432205,0.1080274,-2.223835,0.04319527,0.9498009,-0.1554196,0.2680619,18.56579,148.4662,359.9232,0.74531,0.03562924,-0.6657601,0.4338406,0.00198931,-0.374543,3.79299,-0.4095173,-3.04269,0.3087,0.01610892,2.069001,-0.852554,-0.001270343,-0.5226377,0.1653779,0.9479579,-0.2720774,0.4957841,-0.3183933,-0.8079751,moving,-25.14079,20.3897,8.486068,0.4460869,-4.938602291178576,11.644676836444916
05/11/2023 10:30:27.995219,3114,True,True,True,True,Eyes,2.449038,0.1101272,-2.19095,0.4009103,-0.320263,-0.8583137,0.0,0.0,0.0,0.0,0.0,0.0,0.0,0.9517303,-1.13449,-2.955173,2.435808,0.1083364,-2.231816,0.04115738,0.9505906,-0.1611783,0.2621172,19.14775,149.1046,359.6211,0.7452821,0.03540289,-0.6658036,0.4078102,0.001869952,-0.3520704,3.790354,-0.4183826,-3.061416,0.3086997,0.01345573,2.069,-0.8592016,-0.006247588,-0.5115996,0.1627429,0.9446552,-0.284853,0.4850649,-0.3280053,-0.8106324,moving,-25.03684,20.46208,8.486064,0.3726176,-4.928052383595647,11.666245111821842
05/11/2023 10:30:28.011144,3115,True,True,True,True,Eyes,2.44975,0.1102004,-2.192463,0.3987688,-0.3216737,-0.8587837,0.0,0.0,0.0,0.0,0.0,0.0,0.0,1.000254,-1.143389,-2.944855,2.439358,0.1088206,-2.240025,0.03685002,0.9518806,-0.1654881,0.2553022,19.50357,149.8224,359.128,0.7452414,0.0352101,-0.6658595,0.3833416,0.001757755,-0.3309461,3.784794,-0.4316962,-3.081692,0.3086997,0.01071522,2.069,-0.8669257,-0.01434528,-0.4982308,0.1546526,0.9425116,-0.296234,0.4738379,-0.3338656,-0.814869,moving,-24.90739,20.53439,8.486064,0.2967284,-4.9143257915145675,11.687927505049792
05/11/2023 10:30:28.030106,3116,True,True,True,True,Eyes,2.450587,0.1102778,-2.194241,0.3962435,-0.3227977,-0.8595306,0.0,0.0,0.0,0.0,0.0,0.0,0.0,1.051371,-1.137761,-2.938208,2.443063,0.1094521,-2.247757,0.03180572,0.9535507,-0.167645,0.248243,19.60338,150.5783,358.6267,0.7451907,0.03503923,-0.6659254,0.3603411,0.001652289,-0.3110894,3.778937,-0.4392399,-3.105115,0.3086994,0.008080363,2.069001,-0.8747274,-0.02257669,-0.4840887,0.1438901,0.941767,-0.3039249,0.4627604,-0.3355072,-0.8205409,moving,-24.7497,20.58373,8.486053,0.2237642,-4.896325159252999,11.703087968896977
05/11/2023 10:30:28.046000,3117,True,True,True,True,Eyes,2.45155,0.1103285,-2.196282,0.3934367,-0.3238159,-0.8604364,0.0,0.0,0.0,0.0,0.0,0.0,0.0,1.09563,-1.126831,-2.935219,2.446674,0.1094792,-2.255539,0.0278857,0.9551892,-0.1681804,0.2419739,19.55937,151.2744,358.29,0.7451296,0.03488596,-0.6660021,0.3387206,0.001553152,-0.292424,3.767828,-0.4488597,-3.13136,0.3086997,0.005358323,2.069001,-0.8813421,-0.02811828,-0.4716414,0.1346627,0.9418755,-0.3077929,0.4528821,-0.3347834,-0.8263281,moving,-24.57237,20.62328,8.486063,0.148385,-4.8755563254708605,11.715508824545172
05/11/2023 10:30:28.061926,3118,True,True,True,True,Eyes,2.452617,0.1103377,-2.198586,0.3903714,-0.3244232,-0.861603,0.0,0.0,0.0,0.0,0.0,0.0,0.0,1.134517,-1.114009,-2.934641,2.450421,0.1088145,-2.263594,0.02517933,0.9567816,-0.1676501,0.2362808,19.43322,151.9333,358.1136,0.7450568,0.03474744,-0.666091,0.3183974,0.001459963,-0.2748786,3.759292,-0.4585378,-3.154796,0.3087003,0.002717972,2.069,-0.8870748,-0.03104277,-0.4605807,0.1274072,0.9425189,-0.3089103,0.4436955,-0.3327079,-0.8321297,moving,-24.37413,20.63309,8.48608,0.07526737,-4.851202350679992,11.719402997280866
05/11/2023 10:30:28.080223,3119,True,True,True,True,Eyes,2.453781,0.110318,-2.201161,0.3870403,-0.3250096,-0.8628839,0.0,0.0,0.0,0.0,0.0,0.0,0.0,1.169361,-1.104195,-2.933931,2.453826,0.1078231,-2.271941,0.02371049,0.9582587,-0.1669028,0.2309146,19.3187,152.5761,358.0787,0.744971,0.03462068,-0.6661937,0.2992935,0.001372365,-0.2583858,3.748142,-0.4678,-3.18036,0.3087003,2.069771e-05,2.069001,-0.8922325,-0.031639,-0.4504665,0.1225221,0.9431625,-0.3089219,0.434637,-0.3308223,-0.8376437,moving,-24.15827,20.63914,8.486077,0.0005731711,-4.824530773581209,11.722298111380601
05/11/2023 10:30:28.094852,3120,True,True,True,True,Eyes,2.455023,0.1102611,-2.204,0.3834484,-0.3254622,-0.8643157,0.0,0.0,0.0,0.0,0.0,0.0,0.0,1.202544,-1.102106,-2.930852,2.457124,0.1071307,-2.280727,0.02314335,0.9595277,-0.1669378,0.2256164,19.3177,153.217,358.1227,0.7448708,0.03450337,-0.666312,0.2813359,0.001290023,-0.2428827,3.739198,-0.4756719,-3.202857,0.3087004,-0.0025848,2.069001,-0.8971232,-0.03091443,-0.4406973,0.1197412,0.9431924,-0.3099198,0.4252433,-0.3308059,-0.8424579,moving,-23.92417,20.63411,8.486081,-0.07157949,-4.7952226723550115,11.72207160108769
05/11/2023 10:30:28.110794,3121,True,True,True,True,Eyes,2.45634,0.1101439,-2.207091,0.3795658,-0.3259646,-0.8658388,0.0,0.0,0.0,0.0,0.0,0.0,0.0,1.236566,-1.103042,-2.92573,2.460065,0.1061956,-2.28965,0.02260462,0.9606977,-0.1676018,0.2201333,19.38909,153.8731,358.1558,0.7447548,0.03439322,-0.6664475,0.2644558,0.001212622,-0.2283097,3.732213,-0.4798254,-3.224984,0.3087001,-0.005318344,2.069001,-0.9020608,-0.03035705,-0.4305401,0.1172219,0.9427973,-0.3120773,0.4153858,-0.3319814,-0.8469021,moving,-23.67165,20.62998,8.486071,-0.1472778,-4.763651275876967,11.722203582001537
05/11/2023 10:30:28.120128,3122,True,True,True,True,Eyes,2.457726,0.1100166,-2.210441,0.3754261,-0.3263608,-0.8674929,0.0,0.0,0.0,0.0,0.0,0.0,0.0,1.272966,-1.103834,-2.919097,2.462959,0.104634,-2.298457,0.02199369,0.9618829,-0.1684595,0.2142873,19.48151,154.5697,358.1833,0.7446218,0.03428746,-0.6666015,0.2485884,0.001139864,-0.2146111,3.726521,-0.478163,-3.247604,0.3087,-0.008029848,2.069,-0.9071945,-0.02988677,-0.4196487,0.1145082,0.9422753,-0.3146507,0.4048285,-0.3335026,-0.8514048,moving,-23.40158,20.61687,8.486072,-0.2223654,-4.729598601987808,11.71982017114805
05/11/2023 10:30:28.140204,3123,True,True,True,True,Eyes,2.459174,0.1098448,-2.214043,0.3710541,-0.3268021,-0.8692061,0.0,0.0,0.0,0.0,0.0,0.0,0.0,1.305616,-1.10289,-2.914743,2.465777,0.1042747,-2.30777,0.0215294,0.9630404,-0.1685991,0.2089591,19.49551,155.2128,358.2375,0.7444707,0.03418514,-0.6667755,0.2336731,0.001071473,-0.2017345,3.720104,-0.4768339,-3.270755,0.3086998,-0.0106914,2.068999,-0.9117451,-0.02899325,-0.4097317,0.111928,0.9422217,-0.315738,0.3952124,-0.333733,-0.8558208,moving,-23.11708,20.60514,8.486073,-0.2960692,-4.69379518068928,11.717913613514497
05/11/2023 10:30:28.160096,3124,True,True,True,True,Eyes,2.460666,0.109638,-2.217905,0.3664892,-0.327172,-0.8710018,0.0,0.0,0.0,0.0,0.0,0.0,0.0,1.335966,-1.107705,-2.908898,2.468535,0.1030981,-2.317155,0.02201058,0.9640101,-0.1692888,0.2038167,19.59471,155.8449,358.3838,0.7443002,0.03408437,-0.6669707,0.2196527,0.001007184,-0.1896304,3.714766,-0.4742621,-3.29318,0.3087,-0.01337355,2.069,-0.9159486,-0.02657095,-0.4004152,0.1114447,0.9417137,-0.31742,0.3855106,-0.3353646,-0.8596002,moving,-22.81977,20.58755,8.486073,-0.370342,-4.656203579002634,11.714372766274941
05/11/2023 10:30:28.179753,3125,True,True,True,True,Eyes,2.462178,0.1094175,-2.222007,0.3617871,-0.3275595,-0.8728201,0.0,0.0,0.0,0.0,0.0,0.0,0.0,1.363065,-1.110163,-2.905266,2.470954,0.1021163,-2.327,0.02265043,0.9649804,-0.1693154,0.1990789,19.62062,156.4371,358.5583,0.7441093,0.03398375,-0.6671885,0.2064736,0.0009467531,-0.1782526,3.709933,-0.4729121,-3.314312,0.3087001,-0.01601577,2.069001,-0.9197095,-0.02369981,-0.3918846,0.1111287,0.9416385,-0.3177536,0.3765443,-0.3357905,-0.8634,moving,-22.51418,20.57054,8.486071,-0.4435075,-4.617600394146497,11.711044015176547
05/11/2023 10:30:28.190079,3126,True,True,True,True,Eyes,2.46371,0.1091641,-2.226376,0.3569602,-0.32786,-0.8746927,0.0,0.0,0.0,0.0,0.0,0.0,0.0,1.385633,-1.114923,-2.902102,2.472819,0.1016322,-2.336679,0.02324578,0.9657326,-0.1696723,0.1950169,19.68098,156.9422,358.705,0.7438967,0.03388269,-0.6674303,0.1940852,0.0008899479,-0.1675574,3.705576,-0.4719906,-3.33453,0.3087004,-0.0186308,2.069,-0.9228561,-0.02127951,-0.3845568,0.1110763,0.9413419,-0.3186494,0.3687801,-0.3367827,-0.8663595,moving,-22.20026,20.54744,8.486084,-0.5159195,-4.577759126940755,11.705990558650896
05/11/2023 10:30:28.210084,3127,True,True,True,True,Eyes,2.465254,0.1088933,-2.230999,0.3520057,-0.3281417,-0.8765928,0.0,0.0,0.0,0.0,0.0,0.0,0.0,1.412281,-1.11279,-2.900075,2.474643,0.1006013,-2.347188,0.02278568,0.9666702,-0.1695905,0.1904432,19.66712,157.4931,358.75,0.7436609,0.03378009,-0.6676978,0.18244,0.000836551,-0.157504,3.700956,-0.472015,-3.354702,0.3087003,-0.02139053,2.069001,-0.9264246,-0.02054226,-0.3759201,0.1086472,0.9414397,-0.3191974,0.3604632,-0.3365549,-0.869941,moving,-21.87848,20.52277,8.486079,-0.5923359,-4.536887557192227,11.70052259251933
05/11/2023 10:30:28.220395,3128,True,True,True,True,Eyes,2.466808,0.1085952,-2.235892,0.3460844,-0.3301894,-0.8781802,0.0,0.0,0.0,0.0,0.0,0.0,0.0,1.438528,-1.108477,-2.898756,2.47636,0.09989548,-2.357654,0.02160853,0.9675548,-0.1695574,0.1860677,19.64269,158.0048,358.7051,0.7434007,0.03367543,-0.6679922,0.1714936,0.000786358,-0.1480537,3.695366,-0.473596,-3.375121,0.3086994,-0.02398306,2.069,-0.929824,-0.02128345,-0.3673892,0.1049132,0.9415667,-0.3200708,0.3527337,-0.3361535,-0.8732584,moving,-21.50904,20.6059,8.486054,-0.664121,-4.493643087919136,11.72661260099847
05/11/2023 10:30:28.240452,3129,True,True,True,True,Eyes,2.468369,0.108256,-2.241024,0.3400403,-0.3321411,-0.879804,0.0,0.0,0.0,0.0,0.0,0.0,0.0,1.468471,-1.099804,-2.89771,2.478209,0.09913411,-2.368829,0.01964603,0.9685585,-0.1693088,0.1812264,19.57811,158.5593,358.5824,0.7431147,0.03356794,-0.6683149,0.161204,0.0007391765,-0.1391705,3.689096,-0.476342,-3.395743,0.3086997,-0.0266791,2.069001,-0.9335422,-0.02330975,-0.3577092,0.09942307,0.9418972,-0.3208501,0.3444042,-0.3350916,-0.8769832,moving,-21.13129,20.68238,8.486062,-0.7387697,-4.4491445321542304,11.75081516644197
05/11/2023 10:30:28.260094,3130,True,True,True,True,Eyes,2.469923,0.1078575,-2.246391,0.3339176,-0.3340879,-0.8814104,0.0,0.0,0.0,0.0,0.0,0.0,0.0,1.496822,-1.095588,-2.894797,2.479792,0.09782166,-2.379433,0.01892886,0.9694933,-0.1691347,0.1764036,19.54992,159.1346,358.6033,0.7428032,0.03345665,-0.6686674,0.1515318,0.0006948259,-0.1308203,3.680794,-0.4822494,-3.416791,0.3087001,-0.02928597,2.069001,-0.9370472,-0.02296912,-0.3484471,0.09637474,0.9420703,-0.3212717,0.335641,-0.3346281,-0.8805508,moving,-20.74892,20.75861,8.486071,-0.810947,-4.404062598553604,11.774969486852248
05/11/2023 10:30:28.270363,3131,True,True,True,True,Eyes,2.471458,0.1074066,-2.251998,0.3277068,-0.3359418,-0.8830353,0.0,0.0,0.0,0.0,0.0,0.0,0.0,1.520615,-1.093626,-2.893071,2.481038,0.09607925,-2.390264,0.01912028,0.9703361,-0.1687273,0.1720856,19.51326,159.6676,358.7255,0.7424648,0.03334007,-0.6690496,0.1424399,0.0006531363,-0.1229711,3.671319,-0.4888881,-3.43826,0.3087001,-0.03196982,2.069001,-0.940042,-0.02096487,-0.340414,0.09517726,0.9423311,-0.3208637,0.3275095,-0.334025,-0.8838354,moving,-20.3606,20.82881,8.486071,-0.8852531,-4.358040838878528,11.797403978334913
05/11/2023 10:30:28.299993,3132,True,True,True,True,Eyes,2.472969,0.1069073,-2.257848,0.3213585,-0.3378792,-0.8846278,0.0,0.0,0.0,0.0,0.0,0.0,0.0,1.543215,-1.093795,-2.891035,2.481997,0.09445123,-2.401406,0.01950647,0.9710995,-0.1685317,0.1678757,19.50393,160.1889,358.8633,0.7420987,0.03321715,-0.6694622,0.1338935,0.0006139482,-0.1155928,3.66093,-0.4965582,-3.459607,0.3087001,-0.03466892,2.069001,-0.9428746,-0.01869933,-0.332623,0.09447023,0.9424331,-0.3207729,0.3194731,-0.3338715,-0.8868297,moving,-19.96455,20.90411,8.48607,-0.9599786,-4.311225234657306,11.821360339985972
05/11/2023 10:30:28.310273,3133,True,True,True,True,Eyes,2.474446,0.1063496,-2.263925,0.3148666,-0.3398004,-0.8862249,0.0,0.0,0.0,0.0,0.0,0.0,0.0,1.568117,-1.097692,-2.886271,2.482758,0.09289826,-2.412831,0.01991817,0.9717898,-0.1690404,0.1632589,19.57539,160.754,358.9977,0.741703,0.03308667,-0.6699076,0.1258599,0.0005771113,-0.1086572,3.649857,-0.5041513,-3.481301,0.3086997,-0.03737867,2.069,-0.9459,-0.01648214,-0.3240405,0.09390722,0.9420572,-0.3220398,0.3105726,-0.335047,-0.8895441,moving,-19.5596,20.97805,8.486064,-1.034996,-4.263256798470851,11.84496866241443
05/11/2023 10:30:28.329907,3134,True,True,True,True,Eyes,2.510552,0.09106816,-2.421288,0.1437766,-0.3865735,-0.9109826,0.0,0.0,0.0,0.0,0.0,0.0,0.0,1.596157,-1.101056,-2.879428,2.483281,0.09096494,-2.424085,0.02000247,0.9724907,-0.1698319,0.1581737,19.67276,161.3673,359.0981,0.7412773,0.03294771,-0.6703858,0.1183083,0.0005424846,-0.1021378,3.63725,-0.5131426,-3.504176,0.3087002,-0.03998241,2.069,-0.9491619,-0.01482145,-0.314439,0.0926303,0.9415141,-0.3239921,0.3008508,-0.3366475,-0.8922764,moving,-8.968774,22.99383,8.48608,-1.107075,-3.01142621756805,12.486219896384906
05/11/2023 10:30:28.345169,3135,True,True,True,True,Eyes,2.51057,0.09102736,-2.421745,0.1433722,-0.3866099,-0.9110308,0.0,0.0,0.0,0.0,0.0,0.0,0.0,1.626459,-1.103695,-2.871286,2.48378,0.08910717,-2.435298,0.01981263,0.9732012,-0.1707244,0.1527753,19.77651,162.0124,359.1718,0.7387527,0.03213027,-0.6732066,0.2195274,-0.04533431,-0.5680983,3.625111,-0.5203508,-3.525841,0.3087003,-0.04267281,2.069001,-0.9525347,-0.01360158,-0.3041271,0.09072829,0.9409213,-0.3262446,0.2905972,-0.3383522,-0.895026,moving,-8.943494,22.99468,8.486078,-1.181549,-3.008307302562901,12.48660003570762
05/11/2023 10:30:28.360260,3136,True,True,True,True,Eyes,2.510607,0.0910677,-2.422686,0.142603,-0.3867576,-0.9110889,0.0,0.0,0.0,0.0,0.0,0.0,0.0,1.654366,-1.107327,-2.863659,2.484098,0.08814134,-2.446452,0.02003972,0.9738839,-0.1713024,0.1476628,19.85102,162.6335,359.296,0.7366142,0.0314444,-0.6755785,0.2063558,-0.04261426,-0.5340124,3.611253,-0.5294077,-3.548253,0.3087002,-0.04537746,2.069002,-0.9555883,-0.01155726,-0.2944785,0.0896227,0.9405078,-0.3277391,0.2807471,-0.3395755,-0.8977025,moving,-8.895723,23.00124,8.486072,-1.256413,-3.002577161960148,12.488757024371965
05/11/2023 10:30:28.380078,3137,True,True,True,True,Eyes,2.510639,0.09122978,-2.424081,0.1414975,-0.386941,-0.9111834,0.0,0.0,0.0,0.0,0.0,0.0,0.0,1.676592,-1.111423,-2.860103,2.484471,0.09021463,-2.458794,0.02051959,0.9745553,-0.1710581,0.1433881,19.83397,163.1636,359.4481,0.734792,0.03086944,-0.6775869,0.1939744,-0.0400574,-0.5019717,3.593776,-0.5401501,-3.573065,0.3087001,-0.04811016,2.069001,-0.9580379,-0.009060413,-0.2864993,0.08905032,0.9406362,-0.3275265,0.2724591,-0.3392956,-0.9003583,moving,-8.826946,23.00887,8.486071,-1.33205,-2.99426742156473,12.49133550921462
05/11/2023 10:30:28.395340,3138,True,True,True,True,Eyes,2.510668,0.09129275,-2.425936,0.1400098,-0.387132,-0.911332,0.0,0.0,0.0,0.0,0.0,0.0,0.0,1.698419,-1.12389,-2.852625,2.484241,0.09339937,-2.470839,0.02171237,0.9750588,-0.1716878,0.1389683,19.92843,163.7197,359.6723,0.7332262,0.03038958,-0.6793026,0.1823359,-0.03765395,-0.4718534,3.575985,-0.5493684,-3.596774,0.3087004,-0.0506472,2.069,-0.9604327,-0.005376654,-0.2784601,0.09006003,0.9401037,-0.3287767,0.2635491,-0.3408461,-0.9024221,moving,-8.734176,23.01569,8.486085,-1.402267,-2.982944157580505,12.493805259579172
05/11/2023 10:30:28.410326,3139,True,True,True,True,Eyes,2.510678,0.09145591,-2.428175,0.1382101,-0.3872084,-0.9115742,0.0,0.0,0.0,0.0,0.0,0.0,0.0,1.734197,-1.118791,-2.843729,2.484033,0.09113032,-2.483385,0.0213841,0.9760215,-0.1713527,0.1325264,19.88636,164.4958,359.7761,0.7318078,0.02996529,-0.6808494,0.1713958,-0.03539472,-0.4435422,3.557721,-0.5574819,-3.621419,0.3087001,-0.05345082,2.068999,-0.963959,-0.003674838,-0.2660257,0.08716021,0.9403619,-0.3288199,0.2513688,-0.3401557,-0.90615,moving,-8.621347,23.01428,8.486081,-1.479859,-2.9688520513461025,12.493990657622394
05/11/2023 10:30:28.420226,3140,True,True,True,True,Eyes,2.510678,0.09159864,-2.430815,0.1361832,-0.3873132,-0.9118347,0.0,0.0,0.0,0.0,0.0,0.0,0.0,1.762703,-1.109979,-2.839006,2.483445,0.09371645,-2.494562,0.02033391,0.9769648,-0.1699635,0.1274315,19.71118,165.0991,359.7817,0.7304968,0.02958674,-0.6822726,0.161112,-0.03327103,-0.4169297,3.540109,-0.5607617,-3.646392,0.3087,-0.05602378,2.068999,-0.9666958,-0.003586365,-0.2559042,0.08304843,0.9413979,-0.3269143,0.2420801,-0.337279,-0.9097475,moving,-8.494378,23.01397,8.486074,-1.55106,-2.953036051489064,12.494570063801987
05/11/2023 10:30:28.440122,3141,True,True,True,True,Eyes,2.510663,0.09172878,-2.433832,0.1338407,-0.3872847,-0.9121936,0.0,0.0,0.0,0.0,0.0,0.0,0.0,1.793087,-1.10426,-2.832372,2.483047,0.09339304,-2.506517,0.01965395,0.9777772,-0.1693911,0.1219523,19.63623,165.7508,359.8247,0.7292776,0.02924873,-0.6835905,0.1514453,-0.03127477,-0.3919139,3.522358,-0.5635709,-3.671,0.3086998,-0.05878779,2.069,-0.9694829,-0.002880904,-0.2451427,0.07974962,0.9418408,-0.3264598,0.2318259,-0.3360472,-0.9128688,moving,-8.347109,23.00434,8.486068,-1.627543,-2.9343852114961573,12.492549836432406
05/11/2023 10:30:28.459797,3142,True,True,True,True,Eyes,2.510613,0.09189995,-2.437211,0.1313965,-0.3874463,-0.9124804,0.0,0.0,0.0,0.0,0.0,0.0,0.0,1.820574,-1.096305,-2.827952,2.482558,0.09330979,-2.518309,0.01975872,0.9786956,-0.1677065,0.1167874,19.44381,166.385,359.9698,0.7281353,0.02894662,-0.6848199,0.1423586,-0.02939828,-0.3683991,3.504872,-0.5634153,-3.695677,0.3086995,-0.06145018,2.069001,-0.9719408,-0.0004964643,-0.2352259,0.07784756,0.9429682,-0.3236521,0.2219713,-0.3328823,-0.9164707,moving,-8.194222,23.00646,8.486056,-1.701208,-2.915423054138639,12.493971600765157
05/11/2023 10:30:28.470113,3143,True,True,True,True,Eyes,2.510529,0.09211648,-2.440943,0.1286506,-0.3877316,-0.9127504,0.0,0.0,0.0,0.0,0.0,0.0,0.0,1.838727,-1.101808,-2.823857,2.48159,0.09451826,-2.530186,0.02004525,0.9790708,-0.1680237,0.1130787,19.48424,166.8366,0.07606917,0.7270573,0.02867785,-0.6859757,0.1338171,-0.02763439,-0.3462951,3.489192,-0.5579241,-3.720565,0.3087001,-0.06392199,2.069,-0.9736229,0.001251619,-0.2281603,0.07725125,0.9427325,-0.3244808,0.214688,-0.3335476,-0.9179626,moving,-8.02289,23.01554,8.486074,-1.769596,-2.8943946192362775,12.49751190041664
05/11/2023 10:30:28.495325,3144,True,True,True,True,Eyes,2.51041,0.09240957,-2.444995,0.1256423,-0.3883338,-0.9129134,0.0,0.0,0.0,0.0,0.0,0.0,0.0,1.868347,-1.107682,-2.811858,2.480516,0.09578157,-2.542063,0.01888638,0.9793953,-0.1697666,0.1077392,19.67027,167.4491,0.025155,0.7260317,0.02844021,-0.687071,0.125788,-0.02597632,-0.3255174,3.471105,-0.5540089,-3.745679,0.3087003,-0.06667021,2.069,-0.9760715,0.0004134189,-0.2174512,0.0735755,0.9416453,-0.3284675,0.2046261,-0.3366067,-0.9191434,moving,-7.836262,23.04386,8.486083,-1.845626,-2.8720974543349693,12.506720423450414
05/11/2023 10:30:28.509859,3145,True,True,True,True,Eyes,2.510267,0.09279595,-2.449338,0.1223181,-0.3890232,-0.9130713,0.0,0.0,0.0,0.0,0.0,0.0,0.0,1.905864,-1.108001,-2.795918,2.479434,0.09779004,-2.553427,0.01602211,0.9797488,-0.1718885,0.1014395,19.88087,168.1406,359.7881,0.7250482,0.02823254,-0.6881174,0.1182408,-0.02441774,-0.3059864,3.451789,-0.5483164,-3.772783,0.3087003,-0.06936359,2.069001,-0.9789066,-0.003477284,-0.2042785,0.06626786,0.9403952,-0.3335645,0.1932624,-0.3400656,-0.9203289,moving,-7.630108,23.07692,8.486079,-1.920131,-2.8475261284896805,12.517408460947761
05/11/2023 10:30:28.520195,3146,True,True,True,True,Eyes,2.510097,0.09323239,-2.453938,0.1187983,-0.3897629,-0.9132206,0.0,0.0,0.0,0.0,0.0,0.0,0.0,1.943464,-1.104462,-2.780719,2.47855,0.1002918,-2.564373,0.01314375,0.9801782,-0.17327,0.09516135,20.00929,168.832,359.5603,0.7240985,0.02805445,-0.6891239,0.1111463,-0.02295268,-0.2876272,3.436412,-0.5408916,-3.79578,0.3086998,-0.07199165,2.069001,-0.9815432,-0.007210785,-0.191105,0.05874365,0.9396095,-0.3371694,0.1819953,-0.3421725,-0.9218437,moving,-7.411822,23.11281,8.486065,-1.992824,-2.821538008091831,12.528982336757572
05/11/2023 10:30:28.539990,3147,True,True,True,True,Eyes,2.50989,0.09371942,-2.458787,0.1150374,-0.3903562,-0.9134486,0.0,0.0,0.0,0.0,0.0,0.0,0.0,1.976812,-1.101145,-2.767354,2.47761,0.1019592,-2.574801,0.0124586,0.9807909,-0.1730568,0.08913819,19.97963,169.5451,359.609,0.7231751,0.02790419,-0.6900991,0.1044775,-0.02157552,-0.2703696,3.421952,-0.5398859,-3.81642,0.3087003,-0.07476583,2.069001,-0.9837986,-0.006413378,-0.1791639,0.05529049,0.9397923,-0.3372439,0.1705397,-0.3416861,-0.9242118,moving,-7.177895,23.13912,8.486079,-2.069551,-2.7932864377068327,12.537856506995508
05/11/2023 10:30:28.560107,3148,True,True,True,True,Eyes,2.509639,0.09422427,-2.463876,0.1111523,-0.390893,-0.9137001,0.0,0.0,0.0,0.0,0.0,0.0,0.0,1.998935,-1.101817,-2.760053,2.476422,0.1038171,-2.585379,0.0139438,0.9814418,-0.1715625,0.08452354,19.82292,170.1381,359.9006,0.7222725,0.02778046,-0.6910487,0.0982089,-0.02028099,-0.2541474,3.404307,-0.5443867,-3.836334,0.3087,-0.07741213,2.069001,-0.9853231,-0.001632069,-0.1706943,0.0563722,0.9407437,-0.3343999,0.1611254,-0.3391142,-0.9268445,moving,-6.935991,23.16188,8.48607,-2.142735,-2.763924611053183,12.545741763650483
05/11/2023 10:30:28.580214,3149,True,True,True,True,Eyes,2.509333,0.09473707,-2.46919,0.1070608,-0.3912232,-0.9140472,0.0,0.0,0.0,0.0,0.0,0.0,0.0,2.017333,-1.105018,-2.754148,2.474998,0.1049827,-2.596034,0.01652,0.9820828,-0.169696,0.08027308,19.63113,170.7091,0.3165668,0.7213832,0.02768079,-0.6919812,0.09231636,-0.01906413,-0.2388985,3.383883,-0.5566797,-3.853855,0.3087001,-0.08014438,2.069002,-0.9865667,0.005203956,-0.1632764,0.05969205,0.9418607,-0.3306589,0.1520629,-0.3359633,-0.9295189,moving,-6.680519,23.1715,8.486069,-2.218287,-2.7324398242224355,12.549882509120458
05/11/2023 10:30:28.591878,3150,True,True,True,True,Eyes,2.508982,0.0952628,-2.474725,0.1029215,-0.3915206,-0.9143952,0.0,0.0,0.0,0.0,0.0,0.0,0.0,2.037016,-1.101495,-2.749473,2.473296,0.1058663,-2.606515,0.01824508,0.9828025,-0.1673296,0.07594294,19.37047,171.2712,0.6345358,0.7205031,0.027603,-0.6929007,0.08677737,-0.01792028,-0.2245646,3.361311,-0.5715554,-3.870932,0.3087007,-0.08274996,2.069003,-0.9877998,0.01044763,-0.1553797,0.06127763,0.9433359,-0.3261327,0.143168,-0.331675,-0.9324672,moving,-6.422006,23.17937,8.486081,-2.29033,-2.70051868460872,12.553531062539296
05/11/2023 10:30:28.610615,3151,True,True,True,True,Eyes,2.508584,0.09577467,-2.480463,0.09862061,-0.391751,-0.9147705,0.0,0.0,0.0,0.0,0.0,0.0,0.0,2.058455,-1.093605,-2.745399,2.471746,0.1068541,-2.61715,0.01817939,0.9834139,-0.1655982,0.07172197,19.16628,171.7803,0.7280181,0.7196276,0.02754514,-0.6938124,0.08157073,-0.01684506,-0.2110907,3.341288,-0.5765625,-3.890024,0.3087003,-0.08547407,2.069001,-0.9890513,0.01200168,-0.1470857,0.05950979,0.9444935,-0.3230953,0.1350438,-0.3283108,-0.9348667,moving,-6.153242,23.18306,8.486076,-2.365644,-2.6671834037894984,12.556019730692771
05/11/2023 10:30:28.640021,3152,True,True,True,True,Eyes,2.508139,0.09623724,-2.486375,0.09421995,-0.3922352,-0.9150268,0.0,0.0,0.0,0.0,0.0,0.0,0.0,2.082937,-1.084906,-2.738853,2.470153,0.1070243,-2.627517,0.01704715,0.9838831,-0.1648235,0.06720693,19.06409,172.3006,0.6904992,0.7187521,0.02750465,-0.694721,0.07667649,-0.01583436,-0.1984253,3.325101,-0.5705782,-3.91036,0.3087001,-0.08821398,2.069,-0.9903853,0.01139023,-0.1378671,0.05569936,0.9450852,-0.3220428,0.126628,-0.3266255,-0.936633,moving,-5.879004,23.20287,8.486073,-2.441386,-2.633699049526305,12.563218742995218
05/11/2023 10:30:28.645267,3153,True,True,True,True,Eyes,2.507653,0.09667844,-2.492468,0.08959506,-0.3928125,-0.9152437,0.0,0.0,0.0,0.0,0.0,0.0,0.0,2.111025,-1.078144,-2.727826,2.468477,0.1061877,-2.63727,0.01529976,0.9841723,-0.165236,0.06219373,19.09554,172.8656,0.5797688,0.7178743,0.02747834,-0.6956293,0.0720759,-0.0148843,-0.1865198,3.311496,-0.561774,-3.931112,0.3087002,-0.09089318,2.069,-0.991796,0.009561916,-0.1274748,0.05066848,0.944926,-0.3233382,0.1173626,-0.3271444,-0.9376583,moving,-5.590985,23.22848,8.48608,-2.515442,-2.598690708039976,12.572174819117508
05/11/2023 10:30:28.660178,3154,True,True,True,True,Eyes,2.507127,0.09712215,-2.49872,0.08478234,-0.3937143,-0.9153148,0.0,0.0,0.0,0.0,0.0,0.0,0.0,2.143085,-1.075297,-2.712248,2.466883,0.1060329,-2.647378,0.01324401,0.9843099,-0.1666164,0.05654719,19.23856,173.4985,0.4386969,0.7169906,0.02746409,-0.6965407,0.06775134,-0.01399124,-0.1753286,3.296272,-0.556991,-3.951284,0.308701,-0.09343898,2.069002,-0.9932541,0.007229043,-0.1157333,0.04491581,0.9441271,-0.3265066,0.1069066,-0.3295022,-0.9380829,moving,-5.292004,23.27452,8.486094,-2.585799,-2.562992454863415,12.58712186126614
05/11/2023 10:30:28.680600,3155,True,True,True,True,Eyes,2.50656,0.09755259,-2.505134,0.07968881,-0.3948299,-0.9152918,0.0,0.0,0.0,0.0,0.0,0.0,0.0,2.174747,-1.080064,-2.693172,2.465301,0.1064891,-2.6571,0.01162156,0.9842305,-0.1690189,0.05087269,19.50503,174.1416,0.3452366,0.7160993,0.02746066,-0.6974571,0.06368626,-0.01315176,-0.1648089,3.277135,-0.5598434,-3.97064,0.3086997,-0.09616911,2.069001,-0.994554,0.005679687,-0.1040694,0.04007348,0.9425951,-0.3315248,0.09621237,-0.3338896,-0.9376894,moving,-4.975843,23.33394,8.486062,-2.661247,-2.525597416666698,12.60604523066116
05/11/2023 10:30:28.690063,3156,True,True,True,True,Eyes,2.505948,0.09797986,-2.511683,0.0743361,-0.3962446,-0.9151308,0.0,0.0,0.0,0.0,0.0,0.0,0.0,2.211264,-1.087049,-2.668735,2.463613,0.1065203,-2.666978,0.009826875,0.9840113,-0.1722192,0.04433995,19.86485,174.8833,0.2477734,0.7151989,0.02746653,-0.6983803,0.05986508,-0.01236266,-0.1549203,3.256325,-0.5695279,-3.98729,0.3087001,-0.09880561,2.069001,-0.995875,0.004067132,-0.09064676,0.03461189,0.940488,-0.3380598,0.08387725,-0.3398027,-0.9367493,moving,-4.643941,23.41224,8.486071,-2.734095,-2.4868663636528963,12.630534620422555
05/11/2023 10:30:28.709926,3157,True,True,True,True,Eyes,2.505305,0.09838721,-2.518344,0.06863625,-0.3979482,-0.9148368,0.0,0.0,0.0,0.0,0.0,0.0,0.0,2.248104,-1.094794,-2.64243,2.46182,0.1068396,-2.676379,0.008352842,0.983754,-0.175333,0.03764133,20.2183,175.6527,0.1975076,0.7142875,0.02748058,-0.6993119,0.05627318,-0.0116209,-0.1456251,3.237555,-0.5850365,-3.999458,0.3087006,-0.1014438,2.069002,-0.9970268,0.003234748,-0.07698867,0.02963382,0.9383771,-0.3443403,0.07113055,-0.3455979,-0.935683,moving,-4.290617,23.50874,8.486081,-2.806983,-2.446069638550114,12.66042250129582
05/11/2023 10:30:28.720320,3158,True,True,True,True,Eyes,2.504624,0.09879881,-2.525102,0.06273725,-0.3998106,-0.9144481,0.0,0.0,0.0,0.0,0.0,0.0,0.0,2.287445,-1.113458,-2.608286,2.460324,0.1067629,-2.685283,0.007900356,0.9831886,-0.1798903,0.03028837,20.74508,176.523,0.284157,0.7133645,0.02750137,-0.7002525,0.05289679,-0.01092364,-0.1368876,3.216668,-0.6062121,-4.010653,0.3087004,-0.1041206,2.069001,-0.9980406,0.004637914,-0.06240076,0.02643225,0.9351541,-0.3532535,0.05671597,-0.3542107,-0.9334444,moving,-3.924723,23.61568,8.486079,-2.880927,-2.4040529125361525,12.693408584690909
05/11/2023 10:30:28.740309,3159,True,True,True,True,Eyes,2.486326,0.1097928,-2.696224,-0.0912521,-0.4420874,-0.8923182,0.0,0.0,0.0,0.0,0.0,0.0,0.0,2.318949,-1.131295,-2.580027,2.458632,0.1073844,-2.693973,0.008684251,0.9827939,-0.1829359,0.02398982,21.09977,177.2982,0.5092735,0.712429,0.02752828,-0.7012032,0.04972298,-0.01026823,-0.1286743,3.19617,-0.6289455,-4.020113,0.3087,-0.106835,2.069001,-0.9986985,0.008292461,-0.05033141,0.02584685,0.9329181,-0.3591598,0.04397676,-0.3599931,-0.9319182,moving,5.839003,26.35552,8.486068,-2.955901,-1.279095928803255,13.540576569261543
05/11/2023 10:30:28.760236,3160,True,True,True,True,Eyes,2.486247,0.1098334,-2.696601,-0.09162831,-0.4419892,-0.8923283,0.0,0.0,0.0,0.0,0.0,0.0,0.0,2.346307,-1.144131,-2.556653,2.456591,0.1086146,-2.702596,0.009867962,0.9826208,-0.1844607,0.01825452,21.27657,178.0176,0.7783506,0.7082031,0.02779743,-0.7054606,-0.008154131,0.02332983,-0.6343208,3.176684,-0.6549608,-4.027071,0.3087003,-0.1095406,2.069001,-0.9991389,0.01265845,-0.03951504,0.02612741,0.9317537,-0.3621497,0.03223404,-0.3628702,-0.9312822,moving,5.862842,26.3502,8.486077,-3.030621,-1.2759526344237804,13.539157253113794
05/11/2023 10:30:28.779997,3161,True,True,True,True,Eyes,2.486086,0.1099146,-2.697343,-0.09241591,-0.4418124,-0.8923346,0.0,0.0,0.0,0.0,0.0,0.0,0.0,2.37399,-1.14699,-2.537445,2.454517,0.1097475,-2.711703,0.01052664,0.9826961,-0.1844997,0.01255548,21.27708,178.7215,0.9872842,0.7046526,0.02803067,-0.708998,-0.007664884,0.02193004,-0.5962616,3.155933,-0.6781015,-4.035022,0.3087002,-0.1120689,2.069,-0.9994634,0.01605602,-0.02856076,0.02532195,0.9316981,-0.3623499,0.02079211,-0.3628785,-0.9316047,moving,5.912839,26.34092,8.48608,-3.100438,-1.2694222780976334,13.536725811391715
05/11/2023 10:30:28.790290,3162,True,True,True,True,Eyes,2.485852,0.1100104,-2.698443,-0.09343266,-0.4414774,-0.8923945,0.0,0.0,0.0,0.0,0.0,0.0,0.0,2.402753,-1.139436,-2.521467,2.452329,0.1108568,-2.720867,0.01014284,0.9829494,-0.1834674,0.006876713,21.15044,179.3981,1.070031,0.7016588,0.02823452,-0.7119527,-0.00720499,0.02061424,-0.5604858,3.134362,-0.6945257,-4.045802,0.3087004,-0.1147463,2.069001,-0.9996998,0.01741649,-0.01724069,0.02246311,0.9324736,-0.3605389,0.009797161,-0.3608179,-0.932585,moving,5.977025,26.32211,8.486081,-3.17436,-1.2608108755405472,13.531601529263314
05/11/2023 10:30:28.810091,3163,True,True,True,True,Eyes,2.485545,0.1101072,-2.699885,-0.09485579,-0.4410921,-0.892435,0.0,0.0,0.0,0.0,0.0,0.0,0.0,2.433891,-1.126555,-2.505451,2.450268,0.1112998,-2.730208,0.008826167,0.9831813,-0.1824167,0.0009886547,21.02129,180.0783,1.04321,0.6991218,0.02841377,-0.7144371,-0.006772691,0.01937738,-0.5268567,3.113571,-0.7023886,-4.059167,0.3086998,-0.1175525,2.068999,-0.9998425,0.01699475,-0.005164136,0.01771614,0.9332925,-0.35868,-0.001276027,-0.3587149,-0.9334464,moving,6.067117,26.3012,8.486073,-3.251828,-1.2489052072984688,13.526003964011537
05/11/2023 10:30:28.830570,3164,True,True,True,True,Eyes,2.485162,0.110186,-2.701661,-0.09655186,-0.4406299,-0.8924814,0.0,0.0,0.0,0.0,0.0,0.0,0.0,2.466974,-1.112566,-2.487317,2.448148,0.1114099,-2.739464,0.007320437,0.983355,-0.1814714,-0.00525605,20.90531,180.797,1.000079,0.6969382,0.02857262,-0.7165611,-0.006366329,0.01821474,-0.4952452,3.095424,-0.7051248,-4.073797,0.3086998,-0.1202463,2.069,-0.9998378,0.01630482,0.007680225,0.01248953,0.9340291,-0.3569786,-0.01299402,-0.3568247,-0.9340813,moving,6.17445,26.27616,8.486066,-3.326178,-1.2347168974932878,13.519297888482889
05/11/2023 10:30:28.845318,3165,True,True,True,True,Eyes,2.484706,0.1102528,-2.703753,-0.09865021,-0.4402052,-0.8924615,0.0,0.0,0.0,0.0,0.0,0.0,0.0,2.499435,-1.10366,-2.466903,2.445843,0.111064,-2.748885,0.006316278,0.9833668,-0.181152,-0.0115751,20.86281,181.5364,1.018887,0.6949382,0.02871668,-0.7184951,-0.00598435,0.01712186,-0.4655305,3.078928,-0.7049839,-4.089485,0.3087,-0.1229075,2.069001,-0.9996525,0.01661614,0.02047673,0.008228729,0.9342881,-0.3564239,-0.02505355,-0.3561314,-0.9341002,moving,6.307709,26.25474,8.48607,-3.39962,-1.217420733729445,13.513779806626507
05/11/2023 10:30:28.860009,3166,True,True,True,True,Eyes,2.484174,0.1102841,-2.706158,-0.1010755,-0.4398729,-0.8923539,0.0,0.0,0.0,0.0,0.0,0.0,0.0,2.531567,-1.098759,-2.444369,2.443594,0.1108649,-2.758186,0.005544546,0.9832307,-0.1813998,-0.0179151,20.88645,182.2844,1.067294,0.6930994,0.02884698,-0.7202639,-0.005625288,0.01609454,-0.4375987,3.062276,-0.7048213,-4.105303,0.3087002,-0.1255417,2.068999,-0.9992969,0.01740273,0.0332178,0.004403541,0.9341267,-0.3569144,-0.03724092,-0.3565171,-0.9335465,moving,6.462257,26.24033,8.486081,-3.472309,-1.197705907729573,13.510409775597854
05/11/2023 10:30:28.870388,3167,True,True,True,True,Eyes,2.483568,0.1102697,-2.708859,-0.1039124,-0.4396539,-0.892136,0.0,0.0,0.0,0.0,0.0,0.0,0.0,2.564968,-1.095626,-2.419101,2.44115,0.1100589,-2.767703,0.004655342,0.9829297,-0.1822775,-0.0245464,20.98377,183.0668,1.1108,0.6914009,0.02896383,-0.7218899,-0.005287771,0.01512887,-0.4113428,3.044647,-0.70786,-4.120053,0.3086998,-0.1282986,2.068999,-0.9987516,0.01810026,0.04655764,0.0002032331,0.9335065,-0.3585605,-0.0499519,-0.3581034,-0.9323448,moving,6.643645,26.23456,8.486071,-3.548366,-1.1749352324147777,13.509690438386412
05/11/2023 10:30:28.895137,3168,True,True,True,True,Eyes,2.482897,0.1102296,-2.71185,-0.1075084,-0.4396397,-0.8917168,0.0,0.0,0.0,0.0,0.0,0.0,0.0,2.600215,-1.092428,-2.390984,2.438715,0.1089458,-2.77707,0.003504869,0.9824983,-0.1835524,-0.03151747,21.12838,183.8862,1.133813,0.6898242,0.02906721,-0.7233924,-0.004970505,0.01422114,-0.3866622,3.025672,-0.7135821,-4.133905,0.3087004,-0.1310323,2.069,-0.9979886,0.01845727,0.06064507,-0.004683158,0.9325926,-0.3609007,-0.06321838,-0.3604588,-0.9306304,moving,6.874594,26.2445,8.486084,-3.623771,-1.1465137642167686,13.513794820808666
05/11/2023 10:30:28.910476,3169,True,True,True,True,Eyes,2.482158,0.1101569,-2.715103,-0.1114012,-0.4397799,-0.8911697,0.0,0.0,0.0,0.0,0.0,0.0,0.0,2.634507,-1.089404,-2.363406,2.436455,0.1082893,-2.786588,0.002130837,0.981995,-0.1849796,-0.03825966,21.29286,184.6744,1.127831,0.6883529,0.02915765,-0.724789,-0.004672274,0.01336787,-0.3634625,3.005193,-0.7205581,-4.147502,0.3087002,-0.1336645,2.069001,-0.9970635,0.01833946,0.07435326,-0.009969573,0.931556,-0.3634613,-0.07592991,-0.3631351,-0.9286377,moving,7.125331,26.2657,8.486073,-3.696367,-1.1160008411616036,13.521273602074238
05/11/2023 10:30:28.920263,3170,True,True,True,True,Eyes,2.481354,0.1100571,-2.718622,-0.1158112,-0.4401531,-0.8904229,0.0,0.0,0.0,0.0,0.0,0.0,0.0,2.665767,-1.088663,-2.336838,2.434048,0.1074053,-2.795743,0.0007140514,0.9813696,-0.1869109,-0.04447185,21.51801,185.4003,1.110263,0.6869724,0.02923544,-0.7260944,-0.004391938,0.0125658,-0.3416547,2.986783,-0.723402,-4.161978,0.3087003,-0.1360961,2.069,-0.9960437,0.01802604,0.08701971,-0.01522305,0.9301276,-0.3669208,-0.08755358,-0.3667938,-0.9261733,moving,7.41047,26.30407,8.48608,-3.76342,-1.0817724125688972,13.533920183536928
05/11/2023 10:30:28.940289,3171,True,True,True,True,Eyes,2.480485,0.1099455,-2.722404,-0.1205292,-0.4406549,-0.8895482,0.0,0.0,0.0,0.0,0.0,0.0,0.0,2.700467,-1.082456,-2.308558,2.431672,0.1065939,-2.805223,-0.00156258,0.9806961,-0.1887143,-0.05118473,21.73428,186.1678,1.002592,0.6856691,0.02930105,-0.7273227,-0.004128422,0.01181185,-0.3211554,2.967939,-0.7296426,-4.175232,0.3087001,-0.1387566,2.069001,-0.9947556,0.01625375,0.1009831,-0.02238341,0.9287689,-0.3699827,-0.09980357,-0.3703027,-0.9235343,moving,7.716291,26.35241,8.486073,-3.836769,-1.045298637448337,13.549571242595249
05/11/2023 10:30:28.960075,3172,True,True,True,True,Eyes,2.479558,0.1098209,-2.726433,-0.125693,-0.4412307,-0.8885475,0.0,0.0,0.0,0.0,0.0,0.0,0.0,2.737947,-1.07201,-2.278172,2.429222,0.1061094,-2.814827,-0.004287478,0.979995,-0.1902086,-0.0584132,21.91977,186.9875,0.8534381,0.6844311,0.02935524,-0.7284858,-0.003880716,0.01110314,-0.3018861,2.950381,-0.7332298,-4.189375,0.3087002,-0.1415395,2.069001,-0.9931391,0.01381798,0.1161203,-0.0306248,0.9276046,-0.3723062,-0.1128582,-0.3733079,-0.9208173,moving,8.051579,26.40786,8.486073,-3.913483,-1.0053914625450364,13.567442511840813
05/11/2023 10:30:28.980101,3173,True,True,True,True,Eyes,2.478573,0.1096621,-2.730703,-0.131202,-0.4418607,-0.8874375,0.0,0.0,0.0,0.0,0.0,0.0,0.0,2.776072,-1.060992,-2.24623,2.426893,0.1056119,-2.824334,-0.006584757,0.9792984,-0.1912731,-0.06592338,22.05491,187.8508,0.7617527,0.6832482,0.02939869,-0.7295938,-0.003647873,0.01043695,-0.2837729,2.934924,-0.7374699,-4.201945,0.3087004,-0.144187,2.069002,-0.9912215,0.01232185,0.1316363,-0.03811562,0.9267425,-0.3737587,-0.1265983,-0.375495,-0.9181375,moving,8.409898,26.469,8.486078,-3.986451,-0.9628051795380761,13.587087669246795
05/11/2023 10:30:28.990543,3174,True,True,True,True,Eyes,2.477533,0.1094866,-2.735214,-0.1371269,-0.4424933,-0.8862256,0.0,0.0,0.0,0.0,0.0,0.0,0.0,2.816426,-1.045832,-2.212202,2.424469,0.104583,-2.833879,-0.008942061,0.9785963,-0.1918255,-0.07397433,22.13329,188.7774,0.6729223,0.6821106,0.02943145,-0.7306561,-0.003429001,0.009810735,-0.2667466,2.918499,-0.7403201,-4.21627,0.3087003,-0.1468471,2.069001,-0.9888955,0.01087899,0.1482126,-0.04588166,0.926246,-0.3741165,-0.1413514,-0.3767624,-0.9154614,moving,8.795703,26.533,8.486079,-4.059754,-0.9168917468587551,13.607708330236001
05/11/2023 10:30:29.010207,3175,True,True,True,True,Eyes,2.476446,0.109278,-2.739929,-0.1434203,-0.4431128,-0.884919,0.0,0.0,0.0,0.0,0.0,0.0,0.0,2.858802,-1.025494,-2.177022,2.422142,0.1039548,-2.843628,-0.01125294,0.9779827,-0.1913448,-0.0825262,22.09362,189.7624,0.5918808,0.6810102,0.02945404,-0.7316809,-0.003223261,0.00922209,-0.2507418,2.903437,-0.7430089,-4.229966,0.3087008,-0.149572,2.069003,-0.986126,0.009571552,0.1657248,-0.05359229,0.926521,-0.3724065,-0.157112,-0.3761212,-0.9131535,moving,9.205974,26.59888,8.486084,-4.134823,-0.8679947455998004,13.629003965801209
05/11/2023 10:30:29.030081,3176,True,True,True,True,Eyes,2.475317,0.1089865,-2.744858,-0.1500311,-0.4435957,-0.88358,0.0,0.0,0.0,0.0,0.0,0.0,0.0,2.900695,-1.006815,-2.139344,2.419916,0.1029395,-2.852702,-0.01317865,0.977258,-0.1909914,-0.09118904,22.06754,190.7712,0.5610566,0.6799403,0.02946649,-0.7326748,-0.003029865,0.008668764,-0.2356973,2.887469,-0.7446754,-4.244915,0.3087,-0.1521493,2.069001,-0.9830219,0.009074778,0.1832644,-0.06059053,0.9266972,-0.3708923,-0.1731964,-0.3756993,-0.9104137,moving,9.636857,26.65865,8.486069,-4.205821,-0.8163300741897216,13.648633843587728
05/11/2023 10:30:29.040489,3177,True,True,True,True,Eyes,2.474147,0.1086675,-2.749971,-0.1569263,-0.4440167,-0.8821697,0.0,0.0,0.0,0.0,0.0,0.0,0.0,2.942765,-0.9837719,-2.102482,2.41778,0.100656,-2.862219,-0.01470017,0.9766397,-0.1895959,-0.1000622,21.91777,191.8101,0.5700037,0.678894,0.02946748,-0.7336444,-0.002848073,0.008148639,-0.2215554,2.870035,-0.7475729,-4.259082,0.3087002,-0.154933,2.069002,-0.9795433,0.009229223,0.2010236,-0.06665631,0.9276745,-0.3673919,-0.1898752,-0.3732757,-0.9080822,moving,10.08665,26.71718,8.486072,-4.282486,-0.7622704368637857,13.668003308887585
05/11/2023 10:30:29.060572,3178,True,True,True,True,Eyes,2.472931,0.1083364,-2.755282,-0.1639663,-0.4443366,-0.880727,0.0,0.0,0.0,0.0,0.0,0.0,0.0,2.978235,-0.9679967,-2.069535,2.415711,0.09972095,-2.871284,-0.01571817,0.975987,-0.188675,-0.1077218,21.81897,192.7153,0.6151668,0.677866,0.02945736,-0.7345948,-0.002677189,0.00765972,-0.2082621,2.85347,-0.7499455,-4.273457,0.3087003,-0.1575401,2.069001,-0.9762979,0.009967351,0.2162014,-0.07133027,0.9283094,-0.3649023,-0.2043388,-0.3716751,-0.9055955,moving,10.54611,26.77146,8.486077,-4.354274,-0.7068670459621833,13.68618948080513
05/11/2023 10:30:29.080234,3179,True,True,True,True,Eyes,2.47168,0.1080042,-2.760799,-0.171314,-0.4445794,-0.8792046,0.0,0.0,0.0,0.0,0.0,0.0,0.0,3.013821,-0.9454334,-2.038866,2.4134,0.09905054,-2.880907,-0.01784205,0.9753227,-0.1874739,-0.1152429,21.70374,193.5769,0.518419,0.6768515,0.02943683,-0.7355304,-0.002516558,0.007200137,-0.1957664,2.836779,-0.7531561,-4.287524,0.3087004,-0.1602815,2.069,-0.9728014,0.008406571,0.2314878,-0.07801358,0.9290704,-0.3615828,-0.2181082,-0.3698075,-0.9031453,moving,11.02599,26.82394,8.486082,-4.429747,-0.648862222636475,13.703960569439893
05/11/2023 10:30:29.090466,3180,True,True,True,True,Eyes,2.470403,0.1076573,-2.766515,-0.1787578,-0.44474,-0.8776401,0.0,0.0,0.0,0.0,0.0,0.0,0.0,3.055775,-0.9133068,-2.002222,2.411316,0.09859939,-2.890782,-0.02093879,0.9745306,-0.1856593,-0.1240256,21.53411,194.5671,0.3228837,0.6758456,0.02940681,-0.736456,-0.002365564,0.006768129,-0.1840204,2.818043,-0.7587992,-4.300891,0.3087003,-0.1628318,2.069002,-0.9683583,0.00524199,0.2495083,-0.08686395,0.9301844,-0.3566673,-0.2339584,-0.3670551,-0.9002966,moving,11.51253,26.8734,8.486073,-4.49994,-0.5899285931637294,13.720889720428959
05/11/2023 10:30:29.110114,3181,True,True,True,True,Eyes,2.438013,0.09775829,-2.913498,-0.3672684,-0.4380848,-0.820485,0.0,0.0,0.0,0.0,0.0,0.0,0.0,3.09513,-0.8828037,-1.967251,2.409455,0.09783949,-2.900724,-0.02366847,0.9737247,-0.1837775,-0.1323853,21.35615,195.5144,0.1578434,0.6748446,0.02936776,-0.7373748,-0.00222363,0.006362041,-0.1729792,2.797392,-0.7660888,-4.313607,0.3087002,-0.165642,2.069001,-0.963828,0.002565723,0.2665131,-0.09475202,0.9313313,-0.3516307,-0.2491142,-0.3641641,-0.8974001,moving,24.11441,28.09927,8.486073,-4.577275,0.9383350213411901,14.143342714511554
05/11/2023 10:30:29.120344,3182,True,True,True,True,Eyes,2.437935,0.09770411,-2.913894,-0.3675319,-0.4381061,-0.8203556,0.0,0.0,0.0,0.0,0.0,0.0,0.0,3.130464,-0.8561974,-1.934482,2.407772,0.0962398,-2.910064,-0.02560754,0.9729477,-0.1818993,-0.1401064,21.16977,196.4018,0.07010084,0.6708506,0.02893537,-0.7410274,-0.09925985,-0.02371674,-0.6035498,2.775717,-0.7734223,-4.326112,0.3087,-0.1682178,2.069002,-0.959429,0.001140925,0.2819484,-0.1008001,0.9325138,-0.3467815,-0.2633165,-0.3611326,-0.8945657,moving,24.13311,28.10418,8.486065,-4.648143,0.9405007433011976,14.144867244428092
05/11/2023 10:30:29.145171,3183,True,True,True,True,Eyes,2.437774,0.09763154,-2.914665,-0.3682181,-0.4380091,-0.8200997,0.0,0.0,0.0,0.0,0.0,0.0,0.0,3.161407,-0.8316195,-1.906518,2.40585,0.09489068,-2.91955,-0.02715664,0.9722865,-0.1797529,-0.1470051,20.94839,197.1959,0.002522962,0.6675106,0.02857093,-0.7440517,-0.09330426,-0.02229374,-0.5673369,2.754645,-0.7788621,-4.338653,0.3087002,-0.1710283,2.069002,-0.9553042,4.112363e-05,0.2956251,-0.1056572,0.9339029,-0.3415582,-0.2760992,-0.3575269,-0.892157,moving,24.1797,28.10634,8.486073,-4.725454,0.9462291756676624,14.145740182243795
05/11/2023 10:30:29.160341,3184,True,True,True,True,Eyes,2.437512,0.09765799,-2.915843,-0.3691469,-0.4378558,-0.819764,0.0,0.0,0.0,0.0,0.0,0.0,0.0,3.190098,-0.8079864,-1.880446,2.40379,0.09434912,-2.928914,-0.02884093,0.9716169,-0.1777191,-0.1534438,20.74446,197.9319,359.9078,0.6647063,0.02826213,-0.7465697,-0.08770601,-0.02095611,-0.5332966,2.736971,-0.7780136,-4.353175,0.3087004,-0.1737417,2.069003,-0.9512466,-0.001504901,0.3084282,-0.1105844,0.9351683,-0.3364987,-0.2879259,-0.3542006,-0.889742,moving,24.24246,28.10776,8.486073,-4.800073,0.9539949721211984,14.146483468410324
05/11/2023 10:30:29.170155,3185,True,True,True,True,Eyes,2.437148,0.0978971,-2.91739,-0.3704384,-0.4376041,-0.8193156,0.0,0.0,0.0,0.0,0.0,0.0,0.0,3.219206,-0.7815563,-1.855,2.401143,0.09671547,-2.939438,-0.03099943,0.9709804,-0.175035,-0.1599972,20.47696,198.6678,359.7438,0.6623379,0.02800177,-0.7486814,-0.08244365,-0.01969874,-0.5012988,2.717158,-0.7792451,-4.365938,0.3087005,-0.1763357,2.069001,-0.9468802,-0.004189431,0.3215603,-0.1162099,0.9368036,-0.3299915,-0.2998563,-0.3498307,-0.8875276,moving,24.32922,28.10709,8.486082,-4.871401,0.9648174352087615,14.146746326354638
05/11/2023 10:30:29.190592,3186,True,True,True,True,Eyes,2.437148,0.0978971,-2.91739,-0.3704384,-0.4376041,-0.8193156,0.0,0.0,0.0,0.0,0.0,0.0,0.0,3.246994,-0.757308,-1.829069,2.398391,0.1019671,-2.949458,-0.03365332,0.9702381,-0.1728195,-0.1662498,20.27594,199.3607,359.5211,0.6602181,0.02777701,-0.7505598,-0.07749703,-0.01851682,-0.4712209,2.690932,-0.7821915,-4.381445,0.3086998,-0.1790854,2.069,-0.9424568,-0.007841046,0.3342357,-0.1227659,0.9380018,-0.3241623,-0.3109719,-0.3465418,-0.8849888,moving,24.32922,28.10709,8.486066,-4.946993,0.9648174352087615,14.146746326354638
05/11/2023 10:30:29.210435,3187,True,True,True,True,Eyes,2.437148,0.0978971,-2.91739,-0.3704384,-0.4376041,-0.8193156,0.0,0.0,0.0,0.0,0.0,0.0,0.0,3.287651,-0.7119069,-1.787768,2.395465,0.1027239,-2.960198,-0.03842007,0.9688821,-0.1702987,-0.1754699,20.08915,200.3719,359.1041,0.6583058,0.02757454,-0.7522451,-0.0728472,-0.01740581,-0.4429477,2.6708,-0.776286,-4.396423,0.3087001,-0.1817133,2.069002,-0.9354684,-0.01468448,0.353105,-0.1342136,0.9390445,-0.3165155,-0.3269334,-0.3434817,-0.8804173,moving,24.32922,28.10709,8.486066,-5.019211,0.9648174352087615,14.146746326354638
05/11/2023 10:30:29.230226,3188,True,True,True,True,Eyes,2.436485,0.09838078,-2.920104,-0.3735678,-0.437475,-0.8179625,0.0,0.0,0.0,0.0,0.0,0.0,0.0,3.322569,-0.6692778,-1.751845,2.393523,0.10618,-2.969197,-0.04204119,0.9679167,-0.1663495,-0.1835693,19.72219,201.2627,358.7636,0.656581,0.02739217,-0.7537577,-0.06847637,-0.01636146,-0.4163708,2.648717,-0.7763755,-4.410747,0.3087002,-0.184317,2.069002,-0.9290699,-0.02031141,0.3693467,-0.1424581,0.9411207,-0.30659,-0.3413726,-0.3374599,-0.8772606,moving,24.54643,28.13943,8.486072,-5.090755,0.9907888473002471,14.157283557306066
05/11/2023 10:30:29.240219,3189,True,True,True,True,Eyes,2.435717,0.0989539,-2.923109,-0.3770297,-0.4371043,-0.8165711,0.0,0.0,0.0,0.0,0.0,0.0,0.0,3.344975,-0.6498864,-1.729211,2.390916,0.1080407,-2.978797,-0.04273035,0.9673174,-0.1633883,-0.189144,19.40607,201.9107,358.7327,0.6549809,0.02723952,-0.7551541,-0.06436779,-0.01537977,-0.3913886,2.627223,-0.771889,-4.426587,0.3087006,-0.1869751,2.069002,-0.9247972,-0.02085978,0.3798879,-0.1444755,0.9429568,-0.2999323,-0.3519613,-0.3322611,-0.8750576,moving,24.78386,28.1598,8.486081,-5.163778,1.0196726562339302,14.164451134300606
05/11/2023 10:30:29.259967,3190,True,True,True,True,Eyes,2.434847,0.09955948,-2.926358,-0.3813047,-0.4381319,-0.8140314,0.0,0.0,0.0,0.0,0.0,0.0,0.0,3.368683,-0.629573,-1.702795,2.387711,0.1108027,-2.988388,-0.04297787,0.9666965,-0.159638,-0.1953629,18.99196,202.6404,358.7445,0.6534876,0.02711584,-0.756451,-0.06050572,-0.01445699,-0.3679053,2.610569,-0.7740195,-4.438338,0.3087002,-0.1896763,2.069001,-0.9199723,-0.02071844,0.391435,-0.1454678,0.9453373,-0.2918503,-0.3639914,-0.3254354,-0.8726981,moving,25.09911,28.29024,8.486076,-5.237969,1.0546088723949945,14.203994943360048
05/11/2023 10:30:29.280330,3191,True,True,True,True,Eyes,2.433887,0.1001802,-2.929848,-0.3858309,-0.4389947,-0.8114298,0.0,0.0,0.0,0.0,0.0,0.0,0.0,3.391957,-0.6154106,-1.673386,2.384679,0.1124818,-2.997494,-0.04325376,0.9657719,-0.1574812,-0.2015286,18.76065,203.373,358.7853,0.652087,0.02701907,-0.7576622,-0.05687537,-0.01358957,-0.3458309,2.588428,-0.7815727,-4.447747,0.3087001,-0.1922614,2.069002,-0.9150311,-0.02007261,0.4028845,-0.1470204,0.9466576,-0.286748,-0.3756379,-0.3216155,-0.8691722,moving,25.43086,28.414,8.486067,-5.308947,1.0918196996313907,14.241685778118224
05/11/2023 10:30:29.290203,3192,True,True,True,True,Eyes,2.432851,0.1007999,-2.933537,-0.3905914,-0.4398399,-0.8086899,0.0,0.0,0.0,0.0,0.0,0.0,0.0,3.413038,-0.6084238,-1.644525,2.38163,0.1135559,-3.006395,-0.04264941,0.9648396,-0.1557987,-0.2073462,18.56184,204.0823,358.9307,0.6507651,0.02694678,-0.7588004,-0.05346285,-0.0127742,-0.3250811,2.564185,-0.7902259,-4.455615,0.3087004,-0.1949672,2.069002,-0.9103772,-0.01769112,0.4134011,-0.1469082,0.9478156,-0.2829551,-0.3868222,-0.3183279,-0.8654686,moving,25.78021,28.54141,8.486077,-5.383229,1.1311009262548377,14.28052942076431
05/11/2023 10:30:29.310169,3193,True,True,True,True,Eyes,2.431701,0.1013777,-2.937445,-0.3955572,-0.4405641,-0.8058771,0.0,0.0,0.0,0.0,0.0,0.0,0.0,3.431057,-0.6085828,-1.617707,2.378729,0.1143503,-3.014644,-0.04151168,0.963913,-0.1549043,-0.2124931,18.43752,204.7247,359.1426,0.6495106,0.02689644,-0.7598763,-0.05025508,-0.01200774,-0.3055762,2.540483,-0.7956424,-4.464006,0.3087002,-0.1976918,2.069001,-0.9062468,-0.01419511,0.4225103,-0.1458595,0.9485629,-0.2809866,-0.396789,-0.3162704,-0.8617026,moving,26.14368,28.66494,8.486074,-5.458008,1.1722680199303022,14.3183207015338
05/11/2023 10:30:29.320780,3194,True,True,True,True,Eyes,2.430442,0.1020176,-2.941537,-0.400649,-0.441328,-0.8029383,0.0,0.0,0.0,0.0,0.0,0.0,0.0,3.450286,-0.6026186,-1.589777,2.374968,0.1140042,-3.0235,-0.04099537,0.962874,-0.1537481,-0.2180703,18.29803,205.4064,359.2824,0.6483122,0.02686464,-0.7609002,-0.04723977,-0.01128728,-0.2872416,2.515681,-0.7952448,-4.474741,0.3087001,-0.2003369,2.069002,-0.9015293,-0.01189096,0.4325543,-0.1460025,0.9493618,-0.2782003,-0.4073425,-0.3139598,-0.8576137,moving,26.51822,28.79501,8.486068,-5.530583,1.214597183136962,14.358069659358058
05/11/2023 10:30:29.339910,3195,True,True,True,True,Eyes,2.429053,0.1026754,-2.945819,-0.4058317,-0.4420288,-0.7999445,0.0,0.0,0.0,0.0,0.0,0.0,0.0,3.466896,-0.5947523,-1.566537,2.371123,0.116258,-3.031732,-0.04067123,0.9620807,-0.1517505,-0.2229762,18.06706,205.9961,359.3621,0.6471607,0.02685112,-0.7618803,-0.04440539,-0.01061004,-0.2700071,2.494177,-0.7892833,-4.487833,0.3087008,-0.2029973,2.069003,-0.8972548,-0.01058453,0.4413859,-0.1459315,0.9506353,-0.273855,-0.4166983,-0.3101298,-0.8545067,moving,26.89981,28.92392,8.486082,-5.60356,1.2578422757315932,14.39751890688527
05/11/2023 10:30:29.360283,3196,True,True,True,True,Eyes,2.427534,0.1032804,-2.950288,-0.4111413,-0.4429283,-0.7967291,0.0,0.0,0.0,0.0,0.0,0.0,0.0,3.482552,-0.5872563,-1.544455,2.366685,0.1173585,-3.040298,-0.04118871,0.9610887,-0.151052,-0.227586,18.0048,206.5451,359.3724,0.6460469,0.02685444,-0.7628248,-0.04174106,-0.00997344,-0.2538067,2.472786,-0.7822444,-4.501603,0.3087002,-0.2056834,2.069002,-0.8930162,-0.01041736,0.4499038,-0.1479266,0.9509735,-0.2716008,-0.4250173,-0.3090967,-0.8507758,moving,27.29539,29.07115,8.486073,-5.677228,1.3022239033929561,14.442362310600526
05/11/2023 10:30:29.370293,3197,True,True,True,True,Eyes,2.425895,0.1038772,-2.954908,-0.4165065,-0.4439163,-0.7933856,0.0,0.0,0.0,0.0,0.0,0.0,0.0,3.504368,-0.5672358,-1.512155,2.362137,0.1166555,-3.048878,-0.04333354,0.9595801,-0.1505326,-0.2338124,18.00862,207.2659,359.2305,0.6449629,0.02687149,-0.763741,-0.0392366,-0.009375034,-0.2385783,2.451804,-0.7737681,-4.515778,0.3087003,-0.2084346,2.069001,-0.8869081,-0.01277123,0.4617697,-0.1535568,0.9509243,-0.2686324,-0.4356773,-0.30916,-0.8453436,moving,27.69829,29.22795,8.486079,-5.752664,1.3472007161423187,14.490023575922539
05/11/2023 10:30:29.384868,3198,True,True,True,True,Eyes,2.424135,0.1044519,-2.959666,-0.4218759,-0.4451882,-0.7898279,0.0,0.0,0.0,0.0,0.0,0.0,0.0,3.523314,-0.5504302,-1.483189,2.357737,0.1169443,-3.056789,-0.04610876,0.9580212,-0.1512026,-0.2391807,18.16576,207.8815,359.0341,0.6439019,0.02690062,-0.7646347,-0.0368824,-0.008812532,-0.2242636,2.433276,-0.7679804,-4.52863,0.3087002,-0.2109743,2.069002,-0.8813334,-0.01601684,0.4722238,-0.1606758,0.9500235,-0.2676539,-0.4443367,-0.3117672,-0.839861,moving,28.1083,29.40788,8.48607,-5.822277,1.392298756807099,14.544439617226903
05/11/2023 10:30:29.410105,3199,True,True,True,True,Eyes,2.422246,0.1049876,-2.964536,-0.4272665,-0.446669,-0.7860854,0.0,0.0,0.0,0.0,0.0,0.0,0.0,3.540583,-0.5440978,-1.452783,2.353156,0.1169649,-3.064526,-0.04820491,0.9562849,-0.1533142,-0.2443162,18.46822,208.4935,358.9561,0.642858,0.02694003,-0.7655112,-0.03466946,-0.00828378,-0.2108078,2.414511,-0.7672324,-4.539145,0.3087,-0.2137206,2.069002,-0.8759719,-0.01728097,0.4820526,-0.1671095,0.9483421,-0.2696697,-0.4524906,-0.3167786,-0.8336087,moving,28.52572,29.60608,8.486065,-5.897534,1.437715871115706,14.604200601425607
05/11/2023 10:30:29.424410,3200,True,True,True,True,Eyes,2.420234,0.1055007,-2.969495,-0.4326433,-0.4484726,-0.7821075,0.0,0.0,0.0,0.0,0.0,0.0,0.0,3.5568,-0.540722,-1.421463,2.34826,0.116496,-3.071785,-0.05033612,0.9543995,-0.1562609,-0.2493403,18.86699,209.1003,358.9005,0.641826,0.02698763,-0.7663749,-0.03258929,-0.007786753,-0.1981593,2.394175,-0.7720687,-4.546712,0.3087003,-0.2162563,2.069001,-0.8705915,-0.01815724,0.4916716,-0.1740058,0.9460977,-0.273169,-0.4602093,-0.3233722,-0.826824,moving,28.95032,29.83063,8.486077,-5.967006,1.4831565876877417,14.671651865595688
05/11/2023 10:30:29.440331,3201,True,True,True,True,Eyes,2.418089,0.105991,-2.97454,-0.4380632,-0.4505413,-0.7778901,0.0,0.0,0.0,0.0,0.0,0.0,0.0,3.573443,-0.5370466,-1.387294,2.343428,0.1164165,-3.07852,-0.05284955,0.9523108,-0.1597188,-0.2545608,19.33621,209.7314,358.8254,0.6408019,0.02704202,-0.7672296,-0.03063393,-0.007319548,-0.1862698,2.371622,-0.780164,-4.552521,0.3087003,-0.2189196,2.069002,-0.8648118,-0.01934208,0.501724,-0.1819747,0.9433936,-0.2772971,-0.4679597,-0.3311108,-0.8193778,moving,29.38572,30.07873,8.486073,-6.039951,1.5291640122026573,14.745999335121112
05/11/2023 10:30:29.460334,3202,True,True,True,True,Eyes,2.415823,0.1064623,-2.979653,-0.4436145,-0.4527736,-0.7734353,0.0,0.0,0.0,0.0,0.0,0.0,0.0,3.591805,-0.5312729,-1.347703,2.33824,0.1162685,-3.085243,-0.05571683,0.9499086,-0.1634623,-0.2604798,19.85096,210.4483,358.7393,0.6397822,0.02710189,-0.768078,-0.02879589,-0.006880375,-0.1750936,2.348451,-0.7917945,-4.555721,0.3087001,-0.2219605,2.069001,-0.8580921,-0.02069451,0.5130792,-0.191009,0.9403514,-0.2815222,-0.4766488,-0.3395747,-0.810861,moving,29.83702,30.34496,8.486071,-6.12322,1.5765520132267046,14.825695852400315
05/11/2023 10:30:29.470418,3203,True,True,True,True,Eyes,2.413422,0.1069235,-2.984836,-0.4492543,-0.4551071,-0.7687966,0.0,0.0,0.0,0.0,0.0,0.0,0.0,3.610259,-0.5220252,-1.307246,2.333174,0.1162033,-3.091628,-0.05842707,0.9475384,-0.1663583,-0.2666129,20.26829,211.1901,358.6551,0.6387632,0.02716623,-0.7689233,-0.02706814,-0.006467552,-0.164588,2.321967,-0.8061729,-4.557288,0.3086998,-0.2242415,2.069002,-0.8510081,-0.02201724,0.5246915,-0.1994303,0.9378224,-0.2841069,-0.4858122,-0.3464165,-0.8024853,moving,30.30033,30.62441,8.486059,-6.185656,1.6249984947090752,14.909294972150473
05/11/2023 10:30:29.495075,3204,True,True,True,True,Eyes,2.410884,0.1073746,-2.990085,-0.4556092,-0.4554566,-0.7648395,0.0,0.0,0.0,0.0,0.0,0.0,0.0,3.627923,-0.5124114,-1.267077,2.327703,0.1163827,-3.098084,-0.06044787,0.9452987,-0.1682344,-0.2728619,20.55164,211.9524,358.6247,0.6377425,0.02723429,-0.7697677,-0.02544405,-0.006079499,-0.1547127,2.29448,-0.8202342,-4.557904,0.3086998,-0.2270193,2.069002,-0.8437849,-0.02247306,0.5362108,-0.2060921,0.9360865,-0.2850757,-0.4955332,-0.3510514,-0.7944871,moving,30.78194,30.7735,8.486062,-6.261676,1.680028158701429,14.955132133803904
05/11/2023 10:30:29.510454,3205,True,True,True,True,Eyes,2.408212,0.1078017,-2.995383,-0.4620735,-0.4558024,-0.7607446,0.0,0.0,0.0,0.0,0.0,0.0,0.0,3.645551,-0.4984303,-1.22673,2.322152,0.1160802,-3.104429,-0.06207635,0.9431853,-0.1687955,-0.2793858,20.67688,212.7456,358.6048,0.6367165,0.0273055,-0.7706141,-0.02391741,-0.005714729,-0.1454299,2.263504,-0.8394533,-4.554708,0.3087,-0.2296792,2.069002,-0.8361803,-0.02278085,0.5479814,-0.2114171,0.9353092,-0.2837243,-0.5060686,-0.3530973,-0.7869034,moving,31.27434,30.92806,8.486065,-6.334452,1.7362203728235377,15.002614752641584
05/11/2023 10:30:29.520076,3206,True,True,True,True,Eyes,2.405408,0.1081799,-3.000722,-0.4685607,-0.4559782,-0.7566602,0.0,0.0,0.0,0.0,0.0,0.0,0.0,3.661877,-0.4800467,-1.18938,2.316402,0.1159039,-3.110508,-0.06358983,0.9413017,-0.1681267,-0.2857288,20.66203,213.5071,358.5524,0.6356836,0.02737891,-0.7714638,-0.02248236,-0.005371845,-0.1367041,2.235316,-0.8516223,-4.554208,0.3087004,-0.2323252,2.069002,-0.8286309,-0.02363712,0.5592963,-0.2157917,0.9353794,-0.2801771,-0.5165316,-0.3528548,-0.780185,moving,31.7678,31.07399,8.486074,-6.406821,1.792829544646576,15.047596682501922
05/11/2023 10:30:29.540024,3207,True,True,True,True,Eyes,2.402462,0.1084865,-3.006112,-0.4751531,-0.4561196,-0.7524523,0.0,0.0,0.0,0.0,0.0,0.0,0.0,3.676988,-0.4587697,-1.154919,2.310577,0.1150166,-3.116495,-0.06521676,0.9395247,-0.16703,-0.2917899,20.6046,214.2276,358.4652,0.634642,0.02745303,-0.7723182,-0.02113342,-0.005049535,-0.1285019,2.208708,-0.8572497,-4.556502,0.3087003,-0.2350331,2.069002,-0.821211,-0.02507018,0.570074,-0.2200208,0.9356955,-0.2757984,-0.5265012,-0.3519168,-0.7739195,moving,32.27129,31.2233,8.486073,-6.480866,1.8505756795188963,15.09361309604876
05/11/2023 10:30:29.560399,3208,True,True,True,True,Eyes,2.399383,0.1087298,-3.011536,-0.4817254,-0.4561026,-0.7482721,0.0,0.0,0.0,0.0,0.0,0.0,0.0,3.691847,-0.4386947,-1.119059,2.304391,0.1135882,-3.122716,-0.0665019,0.9376729,-0.1658751,-0.2980478,20.53103,214.9803,358.4191,0.6335894,0.02752599,-0.7731794,-0.01986542,-0.004746562,-0.1207917,2.182982,-0.857565,-4.561878,0.3087002,-0.2377086,2.069002,-0.8134902,-0.02583665,0.5810049,-0.2235915,0.9361259,-0.2714317,-0.5368809,-0.3507147,-0.767306,moving,32.77277,31.36402,8.486069,-6.554001,1.908355281518972,15.13712425085232
05/11/2023 10:30:29.580246,3209,True,True,True,True,Eyes,2.396152,0.1089116,-3.016985,-0.4883034,-0.456143,-0.7439714,0.0,0.0,0.0,0.0,0.0,0.0,0.0,3.703536,-0.428782,-1.087535,2.298247,0.1123356,-3.128612,-0.06690871,0.9359956,-0.165498,-0.3033906,20.51238,215.6439,358.4808,0.6325247,0.02759627,-0.774048,-0.01867349,-0.004461769,-0.1135442,2.158589,-0.8545841,-4.56899,0.3087,-0.2405264,2.069002,-0.8069547,-0.02483144,0.590091,-0.2256736,0.9362673,-0.2692119,-0.545798,-0.3504098,-0.7611291,moving,33.27877,31.51325,8.486066,-6.631005,1.966416516237814,15.183130665023508
05/11/2023 10:30:29.590245,3210,True,True,True,True,Eyes,2.311196,0.1118254,-3.154006,-0.6414317,-0.4464869,-0.6238708,0.0,0.0,0.0,0.0,0.0,0.0,0.0,3.713001,-0.4252574,-1.058608,2.291494,0.1110819,-3.134418,-0.06719143,0.9342917,-0.1662241,-0.3081459,20.6105,216.2497,358.5852,0.6314461,0.0276626,-0.7749259,-0.01755308,-0.004194062,-0.1067316,2.13467,-0.8525484,-4.575897,0.3087001,-0.2431317,2.069002,-0.8010631,-0.02311024,0.598134,-0.2279954,0.9357097,-0.2691942,-0.5534586,-0.3520132,-0.7548315,moving,45.79515,35.59024,8.48607,-6.702182,3.389879189914388,16.433139658822583
05/11/2023 10:30:29.610073,3211,True,True,True,True,Eyes,2.310907,0.1117787,-3.154229,-0.6416636,-0.4466695,-0.6235015,0.0,0.0,0.0,0.0,0.0,0.0,0.0,3.723291,-0.4172755,-1.02674,2.284251,0.1096528,-3.140284,-0.06835703,0.9322822,-0.1673734,-0.3133104,20.78807,216.8979,358.6163,0.6268836,0.02775589,-0.7786181,-0.2713677,0.004799191,-0.511388,2.109543,-0.8513899,-4.58197,0.3087003,-0.2457769,2.069001,-0.7943279,-0.02257643,0.6070697,-0.2323357,0.9346269,-0.2692446,-0.561305,-0.3549125,-0.7476456,moving,45.82245,35.61739,8.486079,-6.774428,3.39238101475338,16.441168351668335
05/11/2023 10:30:29.629904,3212,True,True,True,True,Eyes,2.310333,0.1116916,-3.154667,-0.6419857,-0.4469877,-0.6229417,0.0,0.0,0.0,0.0,0.0,0.0,0.0,3.733978,-0.4060527,-0.9921637,2.277208,0.1084395,-3.14554,-0.07043292,0.9299788,-0.1692145,-0.3186618,21.07688,217.564,358.5779,0.6230316,0.02783909,-0.7817008,-0.2550856,0.00451124,-0.4807047,2.083369,-0.8528218,-4.586643,0.3086998,-0.2485085,2.069002,-0.7869879,-0.02315785,0.6165339,-0.2388466,0.9328113,-0.2698432,-0.5688607,-0.3596203,-0.7396424,moving,45.86255,35.66108,8.486061,-6.849004,3.3959300212748706,16.454067988578124
05/11/2023 10:30:29.645613,3213,True,True,True,True,Eyes,2.309473,0.1115666,-3.155309,-0.6425424,-0.4474843,-0.6220105,0.0,0.0,0.0,0.0,0.0,0.0,0.0,3.744308,-0.3938695,-0.9573193,2.269918,0.1073308,-3.150776,-0.07265854,0.9276025,-0.1710717,-0.3240508,21.37455,218.2351,358.5278,0.6197635,0.02791222,-0.7842917,-0.2397805,0.004240565,-0.4518625,2.056953,-0.8560338,-4.58979,0.3087002,-0.251183,2.069001,-0.7794236,-0.0239246,0.6260403,-0.2456683,0.9309105,-0.270283,-0.576321,-0.3644632,-0.7314512,moving,45.9302,35.73185,8.486073,-6.922006,3.4020142856677857,16.474977307420268
05/11/2023 10:30:29.661644,3214,True,True,True,True,Eyes,2.308334,0.1114313,-3.156145,-0.6432756,-0.4479896,-0.6208879,0.0,0.0,0.0,0.0,0.0,0.0,0.0,3.754872,-0.3806338,-0.9197254,2.262408,0.1062501,-3.155957,-0.07492321,0.9250571,-0.1728924,-0.329794,21.67178,218.9534,358.4844,0.6168634,0.02797478,-0.7865725,-0.2253937,0.003986131,-0.4247507,2.029433,-0.8622265,-4.591337,0.3087002,-0.253835,2.069001,-0.7712448,-0.02457875,0.6360639,-0.2526543,0.9289895,-0.2704522,-0.5842493,-0.3692891,-0.7226883,moving,46.01457,35.8116,8.486074,-6.994368,3.409883380678502,16.49858270407952
05/11/2023 10:30:29.680160,3215,True,True,True,True,Eyes,2.306925,0.1112621,-3.15716,-0.6442741,-0.4485927,-0.6194154,0.0,0.0,0.0,0.0,0.0,0.0,0.0,3.764967,-0.3711109,-0.8799348,2.254719,0.1057947,-3.161018,-0.07647886,0.9224862,-0.1744958,-0.3357401,21.91891,219.7118,358.5219,0.6142176,0.02802733,-0.7886384,-0.21187,0.003746964,-0.3992657,2.001039,-0.8703558,-4.591252,0.3086998,-0.2565001,2.069,-0.7628592,-0.02393093,0.6461217,-0.2582718,0.9274044,-0.2705859,-0.5927408,-0.3732939,-0.7136598,moving,46.12695,35.91279,8.486067,-7.067072,3.4205312562080747,16.528562269805803
05/11/2023 10:30:29.689928,3216,True,True,True,True,Eyes,2.305246,0.1110677,-3.158342,-0.6454185,-0.4490546,-0.6178875,0.0,0.0,0.0,0.0,0.0,0.0,0.0,3.774238,-0.3644938,-0.8401537,2.247013,0.1048484,-3.165995,-0.07734151,0.9199789,-0.1758699,-0.3416535,22.11341,220.4796,358.6311,0.6117954,0.02807008,-0.7905174,-0.1991578,0.003522146,-0.3753097,1.974146,-0.8787419,-4.590813,0.3087,-0.2590999,2.069,-0.7545824,-0.02213199,0.6558319,-0.2624782,0.9261761,-0.2707451,-0.6014239,-0.3764411,-0.7046854,moving,46.24844,36.00808,8.486072,-7.137964,3.432508037850507,16.55687642136588
05/11/2023 10:30:29.710279,3217,True,True,True,True,Eyes,2.3033,0.1108578,-3.159685,-0.6468485,-0.4494784,-0.6160813,0.0,0.0,0.0,0.0,0.0,0.0,0.0,3.782813,-0.3564341,-0.8012385,2.239083,0.1041463,-3.170862,-0.07795842,0.9175904,-0.1764695,-0.3475758,22.21272,221.2448,358.7377,0.6095691,0.02810342,-0.7922342,-0.1872084,0.003310817,-0.3527912,1.949407,-0.8894489,-4.589067,0.3086998,-0.2618162,2.069001,-0.7462271,-0.02039477,0.6653789,-0.2657408,0.925562,-0.2696604,-0.6103498,-0.3780463,-0.6960992,moving,46.39555,36.11361,8.486065,-7.21201,3.4473359572948876,16.588299497696944
05/11/2023 10:30:29.729995,3218,True,True,True,True,Eyes,2.301102,0.1106314,-3.161172,-0.6484373,-0.4496704,-0.6142683,0.0,0.0,0.0,0.0,0.0,0.0,0.0,3.790842,-0.345464,-0.7637506,2.230955,0.1036093,-3.175728,-0.07833233,0.9153843,-0.1759349,-0.3535288,22.17777,222.0033,358.8236,0.6075134,0.02812797,-0.793811,-0.1759759,0.003112168,-0.3316237,1.924016,-0.9001597,-4.587,0.3087004,-0.2644517,2.069001,-0.737763,-0.01901229,0.6747922,-0.2678045,0.9258219,-0.2667105,-0.6196667,-0.3774815,-0.6881288,moving,46.55006,36.20571,8.48608,-7.283831,3.4635285893327117,16.61586132229186
05/11/2023 10:30:29.740419,3219,True,True,True,True,Eyes,2.298648,0.1103741,-3.162797,-0.6502413,-0.4497661,-0.6122881,0.0,0.0,0.0,0.0,0.0,0.0,0.0,3.797036,-0.3379773,-0.731319,2.222866,0.103039,-3.180376,-0.07806997,0.9135213,-0.1750123,-0.3588235,22.07264,222.6835,358.9464,0.6056059,0.02814422,-0.7952666,-0.1654173,0.002925438,-0.3117263,1.897316,-0.90979,-4.584698,0.3087005,-0.2671297,2.069001,-0.7303014,-0.01704013,0.6829123,-0.2682343,0.9265515,-0.2637283,-0.6282595,-0.3757817,-0.6812326,moving,46.72187,36.29974,8.486084,-7.356788,3.4818110777236573,16.644074859984375
05/11/2023 10:30:29.760315,3220,True,True,True,True,Eyes,2.298648,0.1103741,-3.162797,-0.6502413,-0.4497661,-0.6122881,0.0,0.0,0.0,0.0,0.0,0.0,0.0,3.801369,-0.3324952,-0.7055259,2.214401,0.1021141,-3.185078,-0.07753425,0.9119953,-0.1738894,-0.3633395,21.93257,223.2645,359.0698,0.6038264,0.02815226,-0.7966183,-0.1554923,0.002749912,-0.2930227,1.869253,-0.9174942,-4.582495,0.3087001,-0.2697735,2.069001,-0.7239459,-0.01506001,0.6896926,-0.2677835,0.9275019,-0.2608301,-0.635763,-0.3735151,-0.675494,moving,46.72187,36.29974,8.486073,-7.42879,3.4818110777236573,16.644074859984375
05/11/2023 10:30:29.770131,3221,True,True,True,True,Eyes,2.298648,0.1103741,-3.162797,-0.6502413,-0.4497661,-0.6122881,0.0,0.0,0.0,0.0,0.0,0.0,0.0,3.804842,-0.3277659,-0.6814895,2.205585,0.1014232,-3.189637,-0.07718485,0.9104781,-0.1730746,-0.3675832,21.83315,223.8119,359.1783,0.602222,0.02815939,-0.7978316,-0.1461627,0.002584917,-0.2754413,1.839244,-0.9239761,-4.580271,0.3086999,-0.2724939,2.068999,-0.7178503,-0.01331158,0.6960703,-0.2677889,0.9281753,-0.2584176,-0.6426354,-0.371905,-0.6698557,moving,46.72187,36.29974,8.486073,-7.502858,3.4818110777236573,16.644074859984375
05/11/2023 10:30:29.795693,3222,True,True,True,True,Eyes,2.295195,0.1100344,-3.164918,-0.652617,-0.4502882,-0.6093698,0.0,0.0,0.0,0.0,0.0,0.0,0.0,3.80824,-0.3192074,-0.6578717,2.196592,0.1003386,-3.194102,-0.07740621,0.908875,-0.1723105,-0.3718381,21.7639,224.3518,359.225,0.6007761,0.0281657,-0.7989208,-0.137393,0.002429822,-0.2589148,1.807407,-0.9262458,-4.579305,0.3087003,-0.2751803,2.069001,-0.7114897,-0.01256192,0.7025844,-0.2688484,0.9286347,-0.2556523,-0.6492329,-0.3707827,-0.6640912,moving,46.96271,36.46221,8.486076,-7.575963,3.506426567703235,16.692528326516506
05/11/2023 10:30:29.811064,3223,True,True,True,True,Eyes,2.291502,0.1096636,-3.167132,-0.6550854,-0.450759,-0.6063656,0.0,0.0,0.0,0.0,0.0,0.0,0.0,3.811382,-0.30888,-0.6345835,2.187414,0.09991673,-3.198433,-0.07801436,0.9072301,-0.1715541,-0.3760539,21.71275,224.8806,359.2274,0.5993907,0.02816289,-0.7999607,-0.1291494,0.002284033,-0.2433799,1.774947,-0.9290427,-4.576732,0.3087001,-0.2778264,2.069002,-0.7049944,-0.01252675,0.7091022,-0.2705811,0.9289659,-0.252603,-0.6555673,-0.3699533,-0.6583053,moving,47.21178,36.62631,8.486067,-7.64795,3.5320127406300905,16.741498560868212
05/11/2023 10:30:29.820056,3224,True,True,True,True,Eyes,2.287579,0.109268,-3.169423,-0.6575482,-0.4515722,-0.6030861,0.0,0.0,0.0,0.0,0.0,0.0,0.0,3.813566,-0.2965947,-0.6163211,2.178122,0.09878401,-3.202676,-0.07883099,0.9058037,-0.1705967,-0.3797393,21.64932,225.3336,359.1834,0.5980547,0.02815114,-0.8009605,-0.1214004,0.002146991,-0.2287771,1.741243,-0.9290488,-4.575918,0.3087004,-0.2805364,2.069001,-0.6991674,-0.01324625,0.7148352,-0.2723754,0.9293649,-0.2491839,-0.661042,-0.3689248,-0.6533897,moving,47.47377,36.82474,8.486081,-7.721661,3.558073523595718,16.800506847196313
05/11/2023 10:30:29.840527,3225,True,True,True,True,Eyes,2.283422,0.1088625,-3.171792,-0.6601591,-0.4522659,-0.5997045,0.0,0.0,0.0,0.0,0.0,0.0,0.0,3.81603,-0.2818559,-0.5949864,2.168799,0.09779945,-3.206599,-0.0796936,0.9042476,-0.1692412,-0.3838526,21.54631,225.836,359.1254,0.5967585,0.02813075,-0.8019274,-0.1141164,0.002018171,-0.2150505,1.711756,-0.929158,-4.574856,0.3087002,-0.2832674,2.069001,-0.6926125,-0.01419813,0.7211704,-0.2740528,0.9300127,-0.2448907,-0.6672207,-0.3672531,-0.6480294,moving,47.74723,37.02169,8.486074,-7.79591,3.585611028474519,16.859145794688892
05/11/2023 10:30:29.860545,3226,True,True,True,True,Eyes,2.279042,0.1084268,-3.174236,-0.6628269,-0.4531052,-0.5961176,0.0,0.0,0.0,0.0,0.0,0.0,0.0,3.81862,-0.2683392,-0.5707903,2.159205,0.09716047,-3.210617,-0.08014272,0.9026017,-0.1675528,-0.3883471,21.38994,226.3909,359.1055,0.5954924,0.02810236,-0.8028689,-0.1072694,0.001897081,-0.2021475,1.68413,-0.9290584,-4.574697,0.3086999,-0.2858473,2.069,-0.6855274,-0.0145366,0.7279018,-0.2748112,0.9310064,-0.2402205,-0.6741892,-0.3647133,-0.6422252,moving,48.03317,37.23823,8.486072,-7.866032,3.6140551543566213,16.923539763511172
05/11/2023 10:30:29.870284,3227,True,True,True,True,Eyes,2.274431,0.108047,-3.176764,-0.6656946,-0.4536994,-0.5924588,0.0,0.0,0.0,0.0,0.0,0.0,0.0,3.821567,-0.2527014,-0.5436745,2.149611,0.09603171,-3.214617,-0.08036985,0.9008572,-0.1652452,-0.393308,21.15824,227.0014,359.0895,0.5942494,0.02806608,-0.8037907,-0.1008333,0.001783256,-0.1900186,1.653402,-0.9277712,-4.5735,0.3086996,-0.288708,2.069,-0.6776991,-0.01481897,0.7351902,-0.274788,0.9324694,-0.2345044,-0.6820672,-0.3609449,-0.6360058,moving,48.33137,37.44455,8.486062,-7.94375,3.6443629815668723,16.985030335362666
05/11/2023 10:30:29.890460,3228,True,True,True,True,Eyes,2.269571,0.1078154,-3.179383,-0.668627,-0.4542951,-0.5886884,0.0,0.0,0.0,0.0,0.0,0.0,0.0,3.823828,-0.2428149,-0.5179639,2.139674,0.09704708,-3.218895,-0.07966395,0.8993693,-0.1622152,-0.3980888,20.80628,227.5922,359.1331,0.5930223,0.02802416,-0.8046979,-0.09478326,0.001676261,-0.1786175,1.624103,-0.9261014,-4.572749,0.3086999,-0.2912791,2.069,-0.6703576,-0.01414251,0.7419031,-0.2724467,0.9346797,-0.228356,-0.6902124,-0.3552094,-0.6304229,moving,48.6379,37.65763,8.486069,-8.01358,3.6754845234027016,17.04852802902649
05/11/2023 10:30:29.910253,3229,True,True,True,True,Eyes,2.264464,0.1076202,-3.182088,-0.6717526,-0.4547397,-0.5847737,0.0,0.0,0.0,0.0,0.0,0.0,0.0,3.824396,-0.2413703,-0.4991336,2.128902,0.1004736,-3.22352,-0.07856174,0.8982368,-0.1596335,-0.4018905,20.48265,228.0678,359.2156,0.5918044,0.02798101,-0.8055956,-0.08909626,0.001575685,-0.1679005,1.596409,-0.9245672,-4.571998,0.3087001,-0.2938033,2.069001,-0.6646239,-0.01282371,0.7470677,-0.2694444,0.9366904,-0.2236308,-0.6969035,-0.3499237,-0.6260021,moving,48.95979,37.86983,8.486073,-8.08211,3.708547219769871,17.11185114233586
05/11/2023 10:30:29.929928,3230,True,True,True,True,Eyes,2.264464,0.1076202,-3.182088,-0.6717526,-0.4547397,-0.5847737,0.0,0.0,0.0,0.0,0.0,0.0,0.0,3.826537,-0.2352817,-0.4678621,2.118094,0.1012238,-3.228012,-0.07793798,0.8962163,-0.1578672,-0.4071857,20.26953,228.7467,359.3198,0.5905886,0.02793772,-0.8064889,-0.08375049,0.001481144,-0.1578264,1.571028,-0.9217427,-4.572885,0.3087001,-0.2965217,2.069002,-0.6562513,-0.011136,0.7544605,-0.2682611,0.9380072,-0.2194959,-0.7052451,-0.3464368,-0.6185557,moving,48.95979,37.86983,8.486068,-8.155882,3.708547219769871,17.11185114233586
05/11/2023 10:30:29.945140,3231,True,True,True,True,Eyes,2.264464,0.1076202,-3.182088,-0.6717526,-0.4547397,-0.5847737,0.0,0.0,0.0,0.0,0.0,0.0,0.0,3.829349,-0.2263932,-0.4325094,2.10796,0.1019627,-3.232389,-0.07655005,0.8942125,-0.154375,-0.4131496,19.83674,229.4968,359.4308,0.5894931,0.02789869,-0.8072912,-0.07872546,0.001392275,-0.1483569,1.547512,-0.9187971,-4.573885,0.3087,-0.2992404,2.069002,-0.6468949,-0.009344103,0.7625218,-0.2644639,0.940617,-0.2128347,-0.7152521,-0.3393412,-0.6109514,moving,48.95979,37.86983,8.486067,-8.229643,3.708547219769871,17.11185114233586
05/11/2023 10:30:29.961099,3232,True,True,True,True,Eyes,2.258313,0.1075002,-3.185184,-0.6754631,-0.4550346,-0.5802525,0.0,0.0,0.0,0.0,0.0,0.0,0.0,3.828424,-0.2352836,-0.4146028,2.098197,0.1035074,-3.235883,-0.07437562,0.8931205,-0.1529901,-0.4164113,19.58584,229.9368,359.6692,0.5885062,0.02786352,-0.8080121,-0.07400193,0.001308739,-0.1394554,1.523526,-0.9112341,-4.576831,0.3087001,-0.3019372,2.069002,-0.6421402,-0.005439179,0.7665683,-0.2602664,0.9421246,-0.2113355,-0.7210533,-0.3352189,-0.6063917,moving,49.33597,38.10358,8.486068,-8.302778,3.747656535164559,17.18171892967862
05/11/2023 10:30:29.970060,3233,True,True,True,True,Eyes,2.251981,0.1074159,-3.188324,-0.6793168,-0.4551899,-0.5756133,0.0,0.0,0.0,0.0,0.0,0.0,0.0,3.828761,-0.2353078,-0.3867903,2.087363,0.1033056,-3.239849,-0.07268697,0.891344,-0.151017,-0.4212085,19.29602,230.5622,359.8568,0.5874766,0.02782956,-0.8087621,-0.06956182,0.001230214,-0.1310881,1.501444,-0.903138,-4.578592,0.3087,-0.3045722,2.069001,-0.6346003,-0.002358859,0.7728373,-0.2567975,0.943821,-0.2079835,-0.7289293,-0.330449,-0.5995548,moving,49.72401,38.33664,8.486069,-8.374217,3.7882650321697495,17.251448861943356
05/11/2023 10:30:30.000029,3234,True,True,True,True,Eyes,2.2455,0.1073722,-3.191489,-0.6830043,-0.4557347,-0.5707986,0.0,0.0,0.0,0.0,0.0,0.0,0.0,3.82994,-0.2271768,-0.3555598,2.076914,0.1041249,-3.243772,-0.07232381,0.8892137,-0.1490904,-0.4264275,19.07637,231.2256,359.9109,0.5864041,0.02779761,-0.8095413,-0.06538811,0.001156401,-0.1232228,1.471492,-0.9009581,-4.575541,0.3087001,-0.3072113,2.068999,-0.6258579,-0.001470215,0.7799358,-0.2557751,0.9450827,-0.2034647,-0.7368046,-0.3268281,-0.5918635,moving,50.11391,38.60442,8.486078,-8.445745,3.827958453186139,17.3312717948322
05/11/2023 10:30:30.011632,3235,True,True,True,True,Eyes,2.238853,0.1073721,-3.194691,-0.6867749,-0.456247,-0.5658435,0.0,0.0,0.0,0.0,0.0,0.0,0.0,3.829652,-0.227395,-0.3327127,2.066961,0.1051592,-3.247346,-0.07186072,0.8874653,-0.1486609,-0.4302807,19.00819,231.736,0.02327426,0.58529,0.02776856,-0.8103481,-0.06146482,0.001087017,-0.1158295,1.444569,-0.8899619,-4.575215,0.3087004,-0.3099148,2.069,-0.6193892,0.0003840635,0.7850839,-0.2554796,0.9454719,-0.2020223,-0.7423525,-0.3257034,-0.585517,moving,50.51441,38.87969,8.486082,-8.518978,3.868724062197315,17.413325820578073
05/11/2023 10:30:30.020025,3236,True,True,True,True,Eyes,2.232061,0.107439,-3.197913,-0.6904269,-0.4570666,-0.5607144,0.0,0.0,0.0,0.0,0.0,0.0,0.0,3.829874,-0.2274997,-0.3025246,2.056607,0.106049,-3.251204,-0.07146658,0.8852004,-0.1486311,-0.4349963,18.98448,232.3681,0.1686554,0.5841357,0.02774329,-0.8111815,-0.05777693,0.001021796,-0.1088797,1.422379,-0.8805729,-4.578275,0.3087,-0.312555,2.069001,-0.6113417,0.002783472,0.7913619,-0.2558324,0.9456027,-0.2009613,-0.7488733,-0.325312,-0.5773742,moving,50.91901,39.18521,8.486067,-8.590468,3.909001062605846,17.504186504049855
05/11/2023 10:30:30.040252,3237,True,True,True,True,Eyes,2.225122,0.1075736,-3.201168,-0.6941634,-0.4578406,-0.555445,0.0,0.0,0.0,0.0,0.0,0.0,0.0,3.829915,-0.224863,-0.2718701,2.046499,0.1078164,-3.25468,-0.07168311,0.8828368,-0.1487496,-0.4396982,19.00684,232.9944,0.2569962,0.5829405,0.02772314,-0.8120415,-0.05431031,0.0009604885,-0.1023469,1.396485,-0.8669917,-4.581141,0.3086995,-0.3153084,2.069,-0.6030542,0.004240867,0.7976891,-0.2573788,0.9454702,-0.1996053,-0.7550377,-0.325681,-0.5690784,moving,51.33444,39.49798,8.486063,-8.665009,3.9503868085408156,17.597209793539626
05/11/2023 10:30:30.060237,3238,True,True,True,True,Eyes,2.048642,0.1122446,-3.282902,-0.7766948,-0.4755698,-0.4130116,0.0,0.0,0.0,0.0,0.0,0.0,0.0,3.830008,-0.2225442,-0.2397199,2.03622,0.1098546,-3.258481,-0.07168586,0.8803922,-0.1485726,-0.4446312,18.98689,233.6507,0.3572969,0.5817069,0.0277094,-0.8129261,-0.05105169,0.0009028591,-0.09620609,1.371766,-0.8601688,-4.580257,0.3086994,-0.3179936,2.069002,-0.5943285,0.005896668,0.8042008,-0.2583433,0.9455746,-0.1978567,-0.7615986,-0.3253518,-0.5604587,moving,61.99796,49.02711,8.486049,-8.737657,4.963140394924449,20.4208306196006
05/11/2023 10:30:30.070892,3239,True,True,True,True,Eyes,2.048239,0.1122833,-3.283053,-0.7769457,-0.4754684,-0.4126563,0.0,0.0,0.0,0.0,0.0,0.0,0.0,3.829211,-0.2310987,-0.2061992,2.02642,0.1114877,-3.261896,-0.0702489,0.8779977,-0.1488915,-0.4494627,18.94141,234.3234,0.6351862,0.5747757,0.02789678,-0.8178352,-0.5774295,0.01486196,-0.3356363,1.347389,-0.8545838,-4.578661,0.3087004,-0.3207985,2.069001,-0.586097,0.01048554,0.8101732,-0.257199,0.9457929,-0.1983042,-0.7683353,-0.3246012,-0.5516296,moving,62.02605,49.04548,8.486081,-8.813528,4.966030520167438,20.426313637728228
05/11/2023 10:30:30.090738,3240,True,True,True,True,Eyes,2.047472,0.1123498,-3.283315,-0.7772718,-0.4754819,-0.4120262,0.0,0.0,0.0,0.0,0.0,0.0,0.0,3.82735,-0.2506261,-0.1758866,2.016516,0.1126811,-3.265474,-0.06728707,0.8759144,-0.1493725,-0.4538,18.829,234.9538,1.071237,0.5690396,0.02804851,-0.8218313,-0.5427837,0.01397024,-0.3154981,1.325169,-0.8510554,-4.576238,0.3086997,-0.3232894,2.069,-0.5790765,0.01769507,0.8150815,-0.2534459,0.9463206,-0.2006053,-0.7748781,-0.3227448,-0.5435072,moving,62.07226,49.08961,8.486066,-8.880881,4.970325600421763,20.439373271574116
05/11/2023 10:30:30.110447,3241,True,True,True,True,Eyes,2.046324,0.112419,-3.28369,-0.7778161,-0.4753621,-0.4111362,0.0,0.0,0.0,0.0,0.0,0.0,0.0,3.823919,-0.279432,-0.151083,2.00712,0.1137572,-3.268301,-0.06339427,0.8742406,-0.150464,-0.4572148,18.72662,235.4846,1.618249,0.5642794,0.02817271,-0.8251027,-0.5102167,0.01313202,-0.2965682,1.301449,-0.8485987,-4.573722,0.3086998,-0.3258499,2.069,-0.5738716,0.02674503,0.8185084,-0.2484324,0.9466835,-0.2051138,-0.7803543,-0.321053,-0.5366305,moving,62.14007,49.14378,8.486066,-8.950082,4.976977992892773,20.455462552122974
05/11/2023 10:30:30.120203,3242,True,True,True,True,Eyes,2.044824,0.1125104,-3.284161,-0.7784473,-0.4752049,-0.4101222,0.0,0.0,0.0,0.0,0.0,0.0,0.0,3.820065,-0.303634,-0.1289101,1.996933,0.114147,-3.271228,-0.05976231,0.8726618,-0.1508748,-0.4605723,18.56469,235.9909,2.09613,0.5603122,0.02827526,-0.8277984,-0.4796036,0.0123441,-0.2787741,1.279945,-0.8410533,-4.57346,0.3086999,-0.3286069,2.068999,-0.5686033,0.03467298,0.8218809,-0.2432821,0.9473305,-0.2082756,-0.7858144,-0.3183751,-0.5302201,moving,62.21766,49.2044,8.486073,-9.024571,4.9846348412038175,20.473476570985255
05/11/2023 10:30:30.140367,3243,True,True,True,True,Eyes,2.042973,0.1126325,-3.284745,-0.7792208,-0.4749309,-0.4089691,0.0,0.0,0.0,0.0,0.0,0.0,0.0,3.817036,-0.3141913,-0.1084456,1.987105,0.1149926,-3.273902,-0.05743511,0.8711589,-0.1498649,-0.4640301,18.32553,236.4647,2.355386,0.5569865,0.02836131,-0.8300367,-0.4508274,0.01160346,-0.2620476,1.260649,-0.8403799,-4.571703,0.3086993,-0.3312409,2.069,-0.5627546,0.03901341,0.8257027,-0.2391538,0.9484834,-0.207809,-0.7912728,-0.3144155,-0.5244333,moving,62.30755,49.26783,8.486053,-9.095699,4.993730058076636,20.4923715056362
05/11/2023 10:30:30.160229,3244,True,True,True,True,Eyes,2.040791,0.1127272,-3.285431,-0.7800575,-0.4747002,-0.4076396,0.0,0.0,0.0,0.0,0.0,0.0,0.0,3.815465,-0.3073194,-0.09295702,1.976981,0.1158586,-3.277038,-0.05732423,0.869751,-0.147944,-0.4672899,18.11486,236.8661,2.324569,0.5541089,0.02843721,-0.8319579,-0.4237778,0.01090725,-0.2463248,1.238209,-0.8444803,-4.565642,0.3087001,-0.3339289,2.069,-0.5567085,0.03854988,0.8298132,-0.2379811,0.949653,-0.2037749,-0.79589,-0.310923,-0.5195057,moving,62.4095,49.34631,8.486073,-9.168262,5.003829544420248,20.515700765044663
05/11/2023 10:30:30.179950,3245,True,True,True,True,Eyes,2.0383,0.1128025,-3.286216,-0.7809783,-0.4744785,-0.4061319,0.0,0.0,0.0,0.0,0.0,0.0,0.0,3.814625,-0.2899458,-0.07357883,1.967082,0.1149969,-3.279971,-0.05849792,0.8679246,-0.1461318,-0.4710949,17.98566,237.3294,2.177598,0.5514657,0.02850815,-0.8337098,-0.3983511,0.01025281,-0.2315453,1.220426,-0.8528597,-4.558584,0.3087003,-0.3366368,2.069001,-0.5492954,0.03614032,0.8348466,-0.2392275,0.950447,-0.1985467,-0.8006529,-0.308779,-0.5134303,moving,62.52423,49.43799,8.486075,-9.241329,5.015084025325749,20.542930878400917
05/11/2023 10:30:30.190288,3246,True,True,True,True,Eyes,2.035517,0.1128501,-3.287092,-0.7820136,-0.4743944,-0.4042334,0.0,0.0,0.0,0.0,0.0,0.0,0.0,3.81376,-0.2724824,-0.05434179,1.957363,0.1145343,-3.282921,-0.06017012,0.8660017,-0.1450387,-0.4747469,17.95914,237.7825,2.018047,0.5490273,0.02857423,-0.8353153,-0.37445,0.009637645,-0.2176526,1.20322,-0.8654401,-4.548988,0.3087004,-0.3391763,2.069,-0.54199,0.03349854,0.8397171,-0.2419282,0.9506867,-0.1940764,-0.8048092,-0.3083387,-0.5071584,moving,62.66494,49.56555,8.486084,-9.309832,5.028387704743045,20.580718044206538
05/11/2023 10:30:30.210321,3247,True,True,True,True,Eyes,2.032443,0.1129112,-3.288057,-0.7830442,-0.4744999,-0.4021088,0.0,0.0,0.0,0.0,0.0,0.0,0.0,3.812322,-0.2611561,-0.03760433,1.947692,0.1141577,-3.285861,-0.06190016,0.8641104,-0.1455013,-0.4778189,18.09616,238.1896,1.933426,0.5467678,0.02863532,-0.8367941,-0.351983,0.009059385,-0.2045934,1.186825,-0.8816223,-4.537313,0.3087001,-0.341884,2.069001,-0.5357149,0.03206941,0.8437896,-0.2460237,0.9499955,-0.1923043,-0.8077634,-0.3106125,-0.5010369,moving,62.8186,49.72082,8.486073,-9.382834,5.042388352438816,20.626620875700166
05/11/2023 10:30:30.230243,3248,True,True,True,True,Eyes,2.029091,0.1129719,-3.2891,-0.7841728,-0.4748114,-0.3995337,0.0,0.0,0.0,0.0,0.0,0.0,0.0,3.810629,-0.2512482,-0.01691532,1.937827,0.1144835,-3.288772,-0.06413882,0.8618085,-0.14719,-0.4811523,18.38619,238.6536,1.877537,0.544663,0.02869234,-0.8381636,-0.330864,0.008515823,-0.1923178,1.17095,-0.8996626,-4.523389,0.3086997,-0.3445428,2.069002,-0.5287576,0.03109084,0.8482034,-0.2521924,0.9484426,-0.1919781,-0.810441,-0.3154203,-0.4936553,moving,63.00129,49.9208,8.486059,-9.454486,5.058526270199308,20.685661201206887
05/11/2023 10:30:30.240340,3249,True,True,True,True,Eyes,2.025502,0.1130204,-3.290205,-0.785297,-0.4754096,-0.3966035,0.0,0.0,0.0,0.0,0.0,0.0,0.0,3.808985,-0.2361149,0.01273727,1.928054,0.1144858,-3.291471,-0.06729042,0.8587412,-0.1495991,-0.4854438,18.79997,239.2561,1.796295,0.5426916,0.02874581,-0.8394396,-0.3110122,0.008004873,-0.1807787,1.153488,-0.9192399,-4.506769,0.3087001,-0.3472523,2.069003,-0.5196326,0.02967381,0.8538743,-0.260814,0.9461842,-0.1916024,-0.8136081,-0.3222653,-0.4839289,moving,63.20456,50.16394,8.486064,-9.527475,5.07580074635375,20.75734432613903
05/11/2023 10:30:30.260549,3250,True,True,True,True,Eyes,2.021688,0.113062,-3.291369,-0.7865267,-0.4761775,-0.3932313,0.0,0.0,0.0,0.0,0.0,0.0,0.0,3.807006,-0.2223275,0.04839277,1.919037,0.1141824,-3.293831,-0.07035516,0.8552399,-0.1526286,-0.4902238,19.27167,239.9447,1.778906,0.5408361,0.02879579,-0.8406345,-0.2923515,0.007524581,-0.169932,1.135105,-0.9354848,-4.490586,0.3087004,-0.3499117,2.069002,-0.5094617,0.02930326,0.8599944,-0.2699854,0.9435093,-0.1920886,-0.8170415,-0.3300477,-0.4727705,moving,63.43682,50.44983,8.486076,-9.599091,5.0952722416268355,20.841595521627713
05/11/2023 10:30:30.270296,3251,True,True,True,True,Eyes,2.01766,0.113129,-3.292584,-0.7877731,-0.4771289,-0.3895658,0.0,0.0,0.0,0.0,0.0,0.0,0.0,3.80445,-0.2141355,0.08110046,1.910104,0.1140633,-3.296174,-0.07279342,0.851951,-0.1559026,-0.4945452,19.73328,240.5886,1.836711,0.5390796,0.02884255,-0.8417603,-0.2748104,0.007073106,-0.1597361,1.114646,-0.9469901,-4.47582,0.3086997,-0.3526485,2.069002,-0.5002522,0.03016894,0.8653539,-0.2782346,0.940791,-0.1936435,-0.8199592,-0.337642,-0.4622387,moving,63.6869,50.76908,8.486059,-9.672757,5.1158603584346904,20.935628901847686
05/11/2023 10:30:30.290529,3252,True,True,True,True,Eyes,2.013407,0.1131972,-3.293843,-0.7892083,-0.4779548,-0.3856286,0.0,0.0,0.0,0.0,0.0,0.0,0.0,3.800974,-0.2167036,0.1129937,1.901137,0.1148053,-3.298428,0.0737033,-0.8489001,0.1590885,0.4986255,20.09643,241.2206,2.045358,0.537408,0.02888713,-0.842827,-0.2583218,0.006648719,-0.1501519,1.092085,-0.9538337,-4.46256,0.3087006,-0.3553086,2.069,-0.491881,0.03351763,0.8700171,-0.2837846,0.9385173,-0.1965997,-0.8231157,-0.3436011,-0.4521271,moving,63.95861,51.10234,8.486093,-9.744337,5.138678413854774,21.033845032790975
05/11/2023 10:30:30.310396,3253,True,True,True,True,Eyes,2.008947,0.1132952,-3.295137,-0.7907605,-0.4787177,-0.3814802,0.0,0.0,0.0,0.0,0.0,0.0,0.0,3.796824,-0.2212881,0.1440907,1.891727,0.1150025,-3.300567,0.07378675,-0.8460078,0.1614643,0.5027481,20.32791,241.8536,2.292113,0.535808,0.02892984,-0.8438437,-0.2428225,0.006249796,-0.1411428,1.069152,-0.9563119,-4.451753,0.3087,-0.357996,2.069,-0.4835997,0.0375034,0.8744855,-0.2872,0.9369696,-0.1990078,-0.8268298,-0.3473924,-0.4423473,moving,64.24632,51.44939,8.486073,-9.816606,5.163032821613773,21.136150339491785
05/11/2023 10:30:30.330204,3254,True,True,True,True,Eyes,2.004267,0.1134143,-3.296472,-0.7925302,-0.479141,-0.377253,0.0,0.0,0.0,0.0,0.0,0.0,0.0,3.792411,-0.2252851,0.1753511,1.882544,0.1159288,-3.302494,0.07288399,-0.8434014,0.1617594,0.507145,20.29059,242.4876,2.513293,0.5342684,0.02897169,-0.8448179,-0.2282531,0.005874808,-0.1326742,1.047103,-0.9583582,-4.442268,0.3086998,-0.3607154,2.069001,-0.4749838,0.04113002,0.879033,-0.2870119,0.9370437,-0.1989307,-0.8318743,-0.3467817,-0.4332758,moving,64.54504,51.78477,8.486064,-9.889704,5.189143210044841,21.235124557560706
05/11/2023 10:30:30.340326,3255,True,True,True,True,Eyes,1.999374,0.1135231,-3.297855,-0.7943937,-0.4794971,-0.3728555,0.0,0.0,0.0,0.0,0.0,0.0,0.0,3.788536,-0.217963,0.2030339,1.872828,0.1165626,-3.304643,0.07312227,-0.840902,0.1609615,0.5114963,20.21288,243.0757,2.545959,0.5327782,0.02901341,-0.845757,-0.2145579,0.00552232,-0.1247138,1.023695,-0.9601322,-4.432299,0.3087006,-0.3633226,2.069001,-0.4660494,0.04168509,0.8837761,-0.2876397,0.937489,-0.1959021,-0.8366967,-0.3455092,-0.424926,moving,64.85659,52.13147,8.486087,-9.959762,5.216476903782263,21.33745391380493
05/11/2023 10:30:30.360590,3256,True,True,True,True,Eyes,1.99428,0.1136131,-3.299283,-0.7963525,-0.4795902,-0.3685321,0.0,0.0,0.0,0.0,0.0,0.0,0.0,3.784729,-0.2054792,0.2326427,1.863075,0.1163735,-3.306951,0.07369841,-0.8382042,0.1596856,0.5162197,20.1078,243.702,2.521767,0.531328,0.02905479,-0.8466674,-0.2016845,0.005190981,-0.117231,1.002472,-0.96297,-4.422704,0.3087004,-0.3659665,2.069,-0.4561716,0.04131709,0.8889322,-0.2884144,0.9381381,-0.1916092,-0.8418579,-0.3437875,-0.4160355,moving,65.16647,52.4602,8.486088,-10.03078,5.24419616154385,21.434555715253204
05/11/2023 10:30:30.380458,3257,True,True,True,True,Eyes,1.988987,0.1136844,-3.30075,-0.7983447,-0.4796887,-0.3640667,0.0,0.0,0.0,0.0,0.0,0.0,0.0,3.780778,-0.195029,0.2599711,1.853463,0.1159975,-3.309249,0.07419948,-0.8356263,0.1587584,0.5205948,20.03421,244.2908,2.519024,0.5299093,0.02909542,-0.8475546,-0.1895834,0.004879522,-0.1101971,0.9831935,-0.9694903,-4.412232,0.3086994,-0.3688354,2.069001,-0.4469511,0.04129155,0.8936049,-0.2893037,0.9385803,-0.1880697,-0.8464857,-0.3425812,-0.4075538,moving,65.48574,52.80279,8.486055,-10.10779,5.272626612698177,21.535732170741046
05/11/2023 10:30:30.390568,3258,True,True,True,True,Eyes,1.983485,0.1137242,-3.302258,-0.800391,-0.479662,-0.3595811,0.0,0.0,0.0,0.0,0.0,0.0,0.0,3.77668,-0.184146,0.2847056,1.843613,0.1156587,-3.311493,0.07510648,-0.8331053,0.1583123,0.5246256,20.03457,244.8406,2.499168,0.528515,0.02913494,-0.8484234,-0.1782084,0.00458675,-0.1035853,0.963986,-0.9787294,-4.399768,0.3087004,-0.3713772,2.069,-0.4382542,0.04096617,0.8979173,-0.2912526,0.9385924,-0.184976,-0.8503562,-0.3425871,-0.3994106,moving,65.80768,53.14275,8.486087,-10.176,5.3014762943823674,21.636158913284955
05/11/2023 10:30:30.410411,3259,True,True,True,True,Eyes,1.977792,0.1137165,-3.303798,-0.8024558,-0.4796989,-0.3548994,0.0,0.0,0.0,0.0,0.0,0.0,0.0,3.772011,-0.1731504,0.3126407,1.833376,0.1149253,-3.313807,0.07613726,-0.8302431,0.1583117,0.5289961,20.08581,245.4511,2.506183,0.5271377,0.02917272,-0.8492785,-0.1675159,0.004311545,-0.09737016,0.9466379,-0.9917021,-4.384595,0.3086998,-0.3740717,2.069,-0.4287324,0.04106768,0.9024975,-0.2939174,0.938281,-0.1823218,-0.8542838,-0.343427,-0.390201,moving,66.1418,53.50456,8.486065,-10.24827,5.331120615628026,21.742995432361525
05/11/2023 10:30:30.420241,3260,True,True,True,True,Eyes,1.971907,0.1136706,-3.305371,-0.8044961,-0.4796801,-0.3502756,0.0,0.0,0.0,0.0,0.0,0.0,0.0,3.766888,-0.1637508,0.3412423,1.82335,0.1137874,-3.315894,0.07708868,-0.8272897,0.1587676,0.533331,20.17698,246.0717,2.552513,0.5257714,0.02920775,-0.8501238,-0.1574649,0.004052853,-0.09152795,0.9294459,-1.004807,-4.369073,0.3087,-0.3767046,2.069,-0.4192309,0.041802,0.9069169,-0.2969007,0.9377004,-0.180466,-0.8579602,-0.3449211,-0.3807019,moving,66.47181,53.86205,8.486073,-10.31886,5.360395969489322,21.848555690818475
05/11/2023 10:30:30.445373,3261,True,True,True,True,Eyes,1.965828,0.1136004,-3.306972,-0.8065224,-0.4797621,-0.3454707,0.0,0.0,0.0,0.0,0.0,0.0,0.0,3.76154,-0.1561168,0.3684263,1.813096,0.1128973,-3.318017,0.0779229,-0.824408,0.1593518,0.5374816,20.27376,246.6734,2.616149,0.5244115,0.02923936,-0.8509623,-0.148017,0.003809682,-0.08603627,0.9113641,-1.017833,-4.352242,0.3086998,-0.3793764,2.069,-0.4100829,0.04281677,0.9110426,-0.2997778,0.9370701,-0.1789775,-0.861374,-0.346506,-0.3714409,moving,66.81232,54.24281,8.486068,-10.39046,5.3902099326547,21.960929256822944
05/11/2023 10:30:30.460188,3262,True,True,True,True,Eyes,1.959554,0.1134994,-3.308607,-0.8085302,-0.4797742,-0.3407279,0.0,0.0,0.0,0.0,0.0,0.0,0.0,3.756274,-0.1438183,0.3943458,1.802662,0.1121589,-3.320183,0.07960419,-0.8214459,0.1601323,0.5415234,20.44421,247.2588,2.608816,0.5230525,0.02926732,-0.8517974,-0.139136,0.003581101,-0.08087409,0.8915118,-1.028238,-4.33475,0.3086998,-0.3820337,2.069001,-0.4008312,0.04264973,0.9151587,-0.3042118,0.9360417,-0.176865,-0.8641698,-0.3492951,-0.3622202,moving,67.14864,54.61824,8.486065,-10.46163,5.419678324592054,22.0717328216968
05/11/2023 10:30:30.480044,3263,True,True,True,True,Eyes,1.953101,0.1133734,-3.310271,-0.810535,-0.4798708,-0.3357934,0.0,0.0,0.0,0.0,0.0,0.0,0.0,3.750707,-0.1261699,0.422298,1.792038,0.1112489,-3.322391,0.08169374,-0.8182622,0.1603455,0.5459512,20.58587,247.8833,2.533924,0.5216905,0.02929123,-0.8526314,-0.1307878,0.003366234,-0.07602165,0.8707029,-1.03714,-4.317378,0.3087003,-0.3847002,2.069,-0.3905272,0.04138785,0.9196607,-0.3087754,0.9352309,-0.1732077,-0.8672638,-0.3516109,-0.3524535,moving,67.49645,55.01729,8.48608,-10.53302,5.449797007534026,22.18945655892014
05/11/2023 10:30:30.490764,3264,True,True,True,True,Eyes,1.946463,0.1132058,-3.311966,-0.8125254,-0.4799301,-0.3308618,0.0,0.0,0.0,0.0,0.0,0.0,0.0,3.744841,-0.1070734,0.451386,1.781587,0.110465,-3.324575,0.08379624,-0.8149928,0.1602156,0.5505415,20.69638,248.525,2.439894,0.5203212,0.02931091,-0.8534671,-0.1229406,0.00316426,-0.07146035,0.8488654,-1.04292,-4.301213,0.3087004,-0.3874328,2.068999,-0.3797645,0.03982403,0.9242255,-0.3129973,0.9346182,-0.1688826,-0.8705236,-0.3534158,-0.3424701,moving,67.84376,55.41778,8.486089,-10.60616,5.479805892267843,22.30759585691281
05/11/2023 10:30:30.510150,3265,True,True,True,True,Eyes,1.939643,0.1130053,-3.313709,-0.8145688,-0.4799817,-0.3257225,0.0,0.0,0.0,0.0,0.0,0.0,0.0,3.738558,-0.08855155,0.480309,1.770808,0.1093025,-3.326807,0.08572599,-0.811696,0.1600044,0.5551571,20.78932,249.173,2.359461,0.5189414,0.02932573,-0.8543063,-0.1155641,0.002974405,-0.06717273,0.8255563,-1.044323,-4.287146,0.3087,-0.3899819,2.069001,-0.3689034,0.0384883,0.9286704,-0.3168221,0.9340993,-0.1645671,-0.8738043,-0.3549326,-0.3323984,moving,68.20496,55.83862,8.48607,-10.67433,5.510871823354758,22.431718325430374
05/11/2023 10:30:30.529969,3266,True,True,True,True,Eyes,1.932641,0.1127658,-3.315488,-0.8166059,-0.4799772,-0.3205878,0.0,0.0,0.0,0.0,0.0,0.0,0.0,3.731846,-0.06776178,0.513206,1.759999,0.1082615,-3.329464,0.08729689,-0.8081862,0.1586111,0.5604079,20.74554,249.8874,2.247257,0.5175477,0.02933535,-0.8551511,-0.1086303,0.00279594,-0.06314237,0.802872,-1.043515,-4.275481,0.3087004,-0.3926401,2.069,-0.3566446,0.03666957,0.9335203,-0.3188781,0.9344435,-0.1585309,-0.8781353,-0.3542183,-0.3215712,moving,68.56573,56.26013,8.486085,-10.74541,5.541862099236696,22.556033104567316
05/11/2023 10:30:30.540233,3267,True,True,True,True,Eyes,1.925479,0.1125003,-3.317296,-0.8186995,-0.4799387,-0.3152616,0.0,0.0,0.0,0.0,0.0,0.0,0.0,3.724667,-0.05145997,0.5440221,1.748964,0.1069799,-3.331881,0.08848872,-0.8048044,0.1577096,0.5653207,20.72602,250.573,2.198605,0.5161378,0.02933931,-0.8560026,-0.1021125,0.002628184,-0.05935382,0.7814339,-1.042163,-4.266609,0.3086999,-0.3954985,2.069,-0.3451647,0.03588073,0.9378561,-0.3207451,0.9345949,-0.1538016,-0.8820342,-0.3538997,-0.3110806,moving,68.9395,56.69994,8.48607,-10.82179,5.57386633032538,22.685731011898827
05/11/2023 10:30:30.560343,3268,True,True,True,True,Eyes,1.925479,0.1125003,-3.317296,-0.8186995,-0.4799387,-0.3152616,0.0,0.0,0.0,0.0,0.0,0.0,0.0,3.717151,-0.03999412,0.5752735,1.738284,0.1061022,-3.334195,0.08896395,-0.8015113,0.15671,0.5701815,20.65016,251.2576,2.210642,0.5147089,0.02933753,-0.8568625,-0.09598573,0.002470493,-0.0557926,0.7609882,-1.041699,-4.257806,0.3087002,-0.3981372,2.069001,-0.3339566,0.03609512,0.9418971,-0.3213176,0.9350548,-0.1497585,-0.8861309,-0.3526609,-0.3006698,moving,68.9395,56.69994,8.486074,-10.89227,5.57386633032538,22.685731011898827
05/11/2023 10:30:30.581318,3269,True,True,True,True,Eyes,1.925479,0.1125003,-3.317296,-0.8186995,-0.4799387,-0.3152616,0.0,0.0,0.0,0.0,0.0,0.0,0.0,3.709187,-0.02287635,0.6077933,1.726962,0.1034107,-3.336902,0.08996986,-0.7978895,0.1556669,0.5753655,20.60609,251.9873,2.177146,0.513422,0.02933586,-0.8576344,-0.09022659,0.002322264,-0.05244504,0.7413917,-1.042698,-4.248807,0.3086995,-0.4005972,2.069002,-0.3217199,0.03555876,0.9461669,-0.3227028,0.9353464,-0.1448789,-0.8901457,-0.3519411,-0.2894446,moving,68.9395,56.69994,8.486053,-10.95794,5.57386633032538,22.685731011898827
05/11/2023 10:30:30.590328,3270,True,True,True,True,Eyes,1.71873,0.1007329,-3.369574,-0.8684171,-0.4740592,-0.1453265,0.0,0.0,0.0,0.0,0.0,0.0,0.0,3.701832,-0.006839097,0.6364884,1.715749,0.1020816,-3.339835,0.0907849,-0.7946568,0.1539386,0.5801567,20.48705,252.6439,2.100323,0.5122628,0.0293343,-0.8583273,0.0,0.0,0.0,0.7218617,-1.041713,-4.240324,0.3087,-0.4007999,2.069,-0.3103528,0.03433135,0.9500014,-0.3229026,0.9361221,-0.1393177,-0.8941002,-0.3499956,-0.2794425,moving,80.49979,72.95667,8.486072,-10.96336,6.476077371417679,27.467873060737222
05/11/2023 10:30:30.610353,3271,True,True,True,True,Eyes,1.718255,0.1006471,-3.36969,-0.8684845,-0.4740597,-0.1449214,0.0,0.0,0.0,0.0,0.0,0.0,0.0,3.694415,0.008173674,0.6624918,1.704376,0.1006233,-3.342549,0.09199542,-0.7914618,0.1531891,0.5845153,20.48928,253.2637,2.047085,0.505079,0.0289849,-0.8625861,-0.620249,-0.03530223,-0.1568363,0.7037608,-1.0411,-4.233996,0.3087007,-0.4008001,2.069,-0.2997575,0.03346099,0.9534286,-0.3247044,0.9361399,-0.1349411,-0.8970578,-0.350032,-0.26975,static,80.52651,73.00145,8.486092,-10.96337,6.477924768924447,27.48101870446552
05/11/2023 10:30:30.620181,3272,True,True,True,True,Eyes,1.717329,0.1004618,-3.36993,-0.8685976,-0.4741838,-0.1438332,0.0,0.0,0.0,0.0,0.0,0.0,0.0,3.685985,0.02890795,0.69203,1.692846,0.09842661,-3.345267,0.09361043,-0.7878737,0.151962,0.5894061,20.47526,253.9496,1.934741,0.4990717,0.02869483,-0.8660854,-0.5830341,-0.0331841,-0.1474261,0.6843491,-1.039179,-4.226595,0.3087,-0.4007995,2.069002,-0.2876749,0.03162828,0.9572057,-0.3266411,0.9362893,-0.1291046,-0.9003049,-0.3498028,-0.2590158,static,80.59758,73.12598,8.486065,-10.96334,6.482659363475277,27.517558742351977
05/11/2023 10:30:30.640312,3273,True,True,True,True,Eyes,1.715995,0.1002197,-3.370285,-0.868745,-0.4743314,-0.1424493,0.0,0.0,0.0,0.0,0.0,0.0,0.0,3.676932,0.053754,0.7245841,1.681503,0.09576945,-3.3483,0.09573702,-0.7838878,0.1508512,0.5946413,20.50929,254.6909,1.793317,0.4940259,0.0284507,-0.8689815,-0.5480521,-0.03119305,-0.1385805,0.6628292,-1.035066,-4.218397,0.3087006,-0.4008,2.069,-0.2744724,0.02931065,0.9611482,-0.3294989,0.9361566,-0.1226425,-0.9033801,-0.3503593,-0.2472913,static,80.688,73.28415,8.48609,-10.96336,6.488691795003749,27.563970347861915
05/11/2023 10:30:30.660316,3274,True,True,True,True,Eyes,1.714233,0.0999343,-3.370758,-0.86891,-0.4745676,-0.140645,0.0,0.0,0.0,0.0,0.0,0.0,0.0,3.669566,0.07410741,0.7480249,1.670643,0.09409195,-3.351246,0.09759473,-0.7807344,0.1497596,0.5987498,20.53103,255.2683,1.64883,0.489764,0.02824241,-0.8713973,-0.515169,-0.02932147,-0.1302657,0.6393425,-1.029072,-4.209571,0.3086998,-0.4007998,2.069001,-0.2639481,0.02694591,0.9641604,-0.3317281,0.9360946,-0.1169752,-0.9056975,-0.3507145,-0.2381417,static,80.80564,73.49205,8.486064,-10.96335,6.4964703942505215,27.624967785440617
05/11/2023 10:30:30.670171,3275,True,True,True,True,Eyes,1.712079,0.09958203,-3.371342,-0.8691192,-0.4748045,-0.1385374,0.0,0.0,0.0,0.0,0.0,0.0,0.0,3.661815,0.09476963,0.7713809,1.658957,0.09268611,-3.354425,0.09949407,-0.7774981,0.148522,0.6029419,20.54417,255.8569,1.49236,0.4861378,0.02806193,-0.8734313,-0.4842588,-0.02756218,-0.1224498,0.6138816,-1.016866,-4.20269,0.3086998,-0.4007997,2.069,-0.2531242,0.02438731,0.9671265,-0.3338132,0.9360843,-0.1109728,-0.9080182,-0.3509294,-0.2288048,static,80.94326,73.73393,8.486068,-10.96335,6.505614027748364,27.695938853225567
05/11/2023 10:30:30.690561,3276,True,True,True,True,Eyes,1.709548,0.09922682,-3.37204,-0.8693765,-0.4750232,-0.1361526,0.0,0.0,0.0,0.0,0.0,0.0,0.0,3.652784,0.1215979,0.7990503,1.647744,0.09062082,-3.357503,0.1017424,-0.7738597,0.1465968,0.6076999,20.52086,256.5133,1.266789,0.4828185,0.02789025,-0.875276,-0.4552033,-0.02590845,-0.1151028,0.5898324,-1.002903,-4.198468,0.3086997,-0.4007998,2.069,-0.2406988,0.02070499,0.970379,-0.3356423,0.9363157,-0.103233,-0.9107186,-0.3505483,-0.2184206,static,81.09924,74.00648,8.486063,-10.96336,6.516030341304396,27.775913737655557
05/11/2023 10:30:30.710682,3277,True,True,True,True,Eyes,1.706626,0.09908491,-3.372823,-0.8697244,-0.4750995,-0.133641,0.0,0.0,0.0,0.0,0.0,0.0,0.0,3.645036,0.1441968,0.8210087,1.636486,0.0901002,-3.360794,0.1033318,-0.7709001,0.143764,0.6118556,20.37137,257.0598,1.015143,0.4797654,0.02772642,-0.8769583,-0.4278911,-0.02435394,-0.1081966,0.5638759,-0.994945,-4.186928,0.3087003,-0.4007999,2.069001,-0.2299103,0.0166086,0.97307,-0.3352426,0.9373089,-0.09520706,-0.9136485,-0.3481036,-0.209929,static,81.26431,74.2892,8.486077,-10.96335,6.52724236392868,27.85889006462958
05/11/2023 10:30:30.720259,3278,True,True,True,True,Eyes,1.703338,0.09904508,-3.373681,-0.8701357,-0.4751696,-0.1306819,0.0,0.0,0.0,0.0,0.0,0.0,0.0,3.63833,0.1515641,0.8370156,1.624408,0.09502044,-3.363522,0.1036372,-0.7687871,0.1408443,0.6151329,20.12442,257.4798,0.8498205,0.476944,0.02757543,-0.8785008,-0.4022176,-0.0228927,-0.1017048,0.5344039,-0.9800181,-4.175753,0.3087003,-0.4007999,2.069,-0.2217415,0.01392614,0.9750059,-0.3326258,0.9388444,-0.08905732,-0.9166192,-0.3440598,-0.2035485,static,81.45883,74.6226,8.486081,-10.96336,6.54044678279258,27.95673987502567
05/11/2023 10:30:30.744988,3279,True,True,True,True,Eyes,1.699668,0.09903987,-3.374634,-0.8707302,-0.474987,-0.1273431,0.0,0.0,0.0,0.0,0.0,0.0,0.0,3.627937,0.1697544,0.8658428,1.612663,0.09735048,-3.366047,0.105676,-0.7650247,0.1397742,0.6197039,20.17185,258.1434,0.7048861,0.474323,0.0274388,-0.8799229,-0.3780846,-0.02151914,-0.09560252,0.5124233,-0.9693431,-4.169164,0.3087007,-0.4007998,2.069001,-0.2095994,0.01154765,0.9777191,-0.3349267,0.9385915,-0.08288572,-0.918636,-0.344837,-0.1928605,static,81.67956,74.99204,8.486088,-10.96335,6.555723747809688,28.065194416860557
05/11/2023 10:30:30.760412,3280,True,True,True,True,Eyes,1.695722,0.09924898,-3.375673,-0.8713828,-0.4747481,-0.1237179,0.0,0.0,0.0,0.0,0.0,0.0,0.0,3.613034,0.1967341,0.9102905,1.600343,0.09807079,-3.36907,0.1062357,-0.7603077,0.1340928,0.6266303,19.69691,259.0581,0.3961516,0.4718744,0.02731612,-0.8812422,-0.3553995,-0.02022799,-0.08986637,0.4862303,-0.9594051,-4.158393,0.3087004,-0.4007998,2.069001,-0.1920972,0.00650954,0.9813545,-0.3295968,0.9414662,-0.0707625,-0.9243727,-0.3370445,-0.1787075,static,81.91922,75.39375,8.48608,-10.96335,6.572291509891759,28.183120443937366
05/11/2023 10:30:30.770374,3281,True,True,True,True,Eyes,1.691437,0.09949356,-3.376785,-0.8720812,-0.4744433,-0.119908,0.0,0.0,0.0,0.0,0.0,0.0,0.0,3.605293,0.1936404,0.9350402,1.590024,0.1034585,-3.372099,0.1053622,-0.7576291,0.1322493,0.6304025,19.46511,259.5997,0.4308351,0.4695741,0.0272117,-0.8824733,-0.3340755,-0.01901431,-0.08447438,0.4617771,-0.9513255,-4.146023,0.3087006,-0.4008,2.069,-0.1829833,0.007089634,0.9830906,-0.3263913,0.9428179,-0.06755061,-0.9273543,-0.3332328,-0.1702059,static,82.17113,75.81641,8.486088,-10.96336,6.589692347752802,28.307195243502623
05/11/2023 10:30:30.790269,3282,True,True,True,True,Eyes,1.686878,0.09980791,-3.377961,-0.8727437,-0.4742705,-0.1156973,0.0,0.0,0.0,0.0,0.0,0.0,0.0,3.59778,0.185854,0.9547968,1.577816,0.1046562,-3.374869,0.1041252,-0.7550622,0.1320443,0.6337219,19.35233,260.1181,0.6143731,0.4673994,0.02712474,-0.8836297,-0.314031,-0.01787345,-0.07940592,0.4422235,-0.9475479,-4.135455,0.3087003,-0.4007999,2.069001,-0.1751092,0.01011677,0.9844972,-0.3246008,0.9434445,-0.0674305,-0.9295006,-0.3313762,-0.1619218,static,82.44849,76.29058,8.486077,-10.96336,6.608560230504953,28.44636348087875
05/11/2023 10:30:30.810591,3283,True,True,True,True,Eyes,1.682076,0.100146,-3.379183,-0.8733804,-0.4741638,-0.1112447,0.0,0.0,0.0,0.0,0.0,0.0,0.0,3.587863,0.1825635,0.9839318,1.566978,0.1067233,-3.377484,0.1033981,-0.7516649,0.1318351,0.6379095,19.27539,260.7715,0.7743093,0.4653324,0.02705542,-0.8847221,-0.2951891,-0.01680105,-0.07464156,0.4210041,-0.9451599,-4.120953,0.3087,-0.4007999,2.069001,-0.1647611,0.01275625,0.9862512,-0.3236392,0.9438566,-0.06627439,-0.9317251,-0.330109,-0.1513824,static,82.74118,76.7965,8.48607,-10.96336,6.628287936435752,28.594833207185054
05/11/2023 10:30:30.820589,3284,True,True,True,True,Eyes,1.677067,0.1005232,-3.380441,-0.8739216,-0.4742378,-0.1065814,0.0,0.0,0.0,0.0,0.0,0.0,0.0,3.578596,0.1754217,1.009906,1.556573,0.1077589,-3.379719,0.1029276,-0.7483707,0.1336081,0.6414796,19.39195,261.3844,1.0544,0.4633558,0.02700265,-0.8857605,-0.2774778,-0.01579298,-0.07016307,0.40132,-0.9436531,-4.105855,0.3087004,-0.4008,2.069001,-0.1558195,0.01735779,0.987633,-0.3254696,0.9431096,-0.06792488,-0.9326252,-0.3320286,-0.1413054,static,83.04668,77.33366,8.486081,-10.96336,6.6485786054347225,28.752443024475923
05/11/2023 10:30:30.845385,3285,True,True,True,True,Eyes,1.671833,0.1008778,-3.381718,-0.8744935,-0.4742427,-0.1017598,0.0,0.0,0.0,0.0,0.0,0.0,0.0,3.57142,0.1580304,1.030107,1.546817,0.1092705,-3.381796,0.10137,-0.7458366,0.1358483,0.6442028,19.46597,261.8847,1.447482,0.4614562,0.02696586,-0.8867527,-0.2608291,-0.01484541,-0.06595328,0.3805463,-0.9404644,-4.090512,0.3087007,-0.4007999,2.069001,-0.1494538,0.02381672,0.9884819,-0.3262385,0.9425387,-0.07203551,-0.9333981,-0.3332469,-0.133096,static,83.36267,77.88949,8.48609,-10.96336,6.6695585526234895,28.91553018956265
05/11/2023 10:30:30.860296,3286,True,True,True,True,Eyes,1.666373,0.1013379,-3.383003,-0.8750712,-0.4741978,-0.09688652,0.0,0.0,0.0,0.0,0.0,0.0,0.0,3.563176,0.1431782,1.050411,1.536363,0.1092556,-3.38345,0.0993781,-0.7433278,0.1367922,0.6472062,19.39016,262.3958,1.781489,0.459621,0.02694293,-0.887706,-0.2451793,-0.01395468,-0.06199609,0.3588912,-0.9359491,-4.073637,0.3087006,-0.4007999,2.069001,-0.1424965,0.02932451,0.9893609,-0.3248065,0.9428238,-0.07472664,-0.9349843,-0.3319992,-0.1248243,static,83.68204,78.45245,8.486088,-10.96335,6.690723793516876,29.08070583134279
05/11/2023 10:30:30.870238,3287,True,True,True,True,Eyes,1.660687,0.1018547,-3.384295,-0.875684,-0.4740362,-0.09201746,0.0,0.0,0.0,0.0,0.0,0.0,0.0,3.556115,0.1303119,1.065362,1.525622,0.1123624,-3.384935,0.09700108,-0.7416036,0.134924,0.649931,19.0388,262.7821,1.910211,0.4578387,0.02693535,-0.8886268,-0.2304686,-0.0131174,-0.05827632,0.3361129,-0.9289007,-4.057971,0.3087006,-0.4007998,2.069001,-0.136361,0.03150983,0.990158,-0.3192553,0.9447726,-0.07403222,-0.9378069,-0.3262083,-0.1187705,static,84.00134,79.01466,8.486086,-10.96335,6.711905088990009,29.24566329312471
05/11/2023 10:30:30.895152,3288,True,True,True,True,Eyes,1.654769,0.1023242,-3.385598,-0.876204,-0.4740022,-0.08711126,0.0,0.0,0.0,0.0,0.0,0.0,0.0,3.549404,0.1340299,1.076184,1.514698,0.1142141,-3.386302,0.09682481,-0.7398118,0.1327537,0.6524417,18.83056,263.1191,1.814186,0.4560991,0.02694316,-0.8895207,-0.2166405,-0.01233036,-0.05477974,0.3149843,-0.921676,-4.043706,0.3087006,-0.4008001,2.069,-0.1298899,0.0299638,0.9910758,-0.3164923,0.9460029,-0.0700804,-0.9396603,-0.3227705,-0.1133929,static,84.32237,79.58649,8.486088,-10.96336,6.732984046010174,29.413423664378843
05/11/2023 10:30:30.910400,3289,True,True,True,True,Eyes,1.648674,0.1027621,-3.386917,-0.8767144,-0.4739363,-0.08219616,0.0,0.0,0.0,0.0,0.0,0.0,0.0,3.539458,0.1519342,1.095424,1.503488,0.1134671,-3.387838,0.09764659,-0.7369777,0.1294843,0.6561731,18.60246,263.6185,1.572094,0.4543925,0.02696365,-0.8903931,-0.203642,-0.01159053,-0.05149296,0.2930619,-0.9135576,-4.031061,0.3087004,-0.4007998,2.069001,-0.1198044,0.02600144,0.992457,-0.3138548,0.9473979,-0.06270789,-0.9418821,-0.3190001,-0.1053417,static,84.64391,80.1609,8.486082,-10.96335,6.754041286693625,29.58193599416403
05/11/2023 10:30:30.930109,3290,True,True,True,True,Eyes,1.642415,0.1031744,-3.388236,-0.8770779,-0.4740881,-0.077296,0.0,0.0,0.0,0.0,0.0,0.0,0.0,3.532027,0.1688174,1.107988,1.493382,0.113044,-3.389452,0.09900875,-0.7347077,0.1273191,0.6589323,18.51571,263.9952,1.347828,0.4527121,0.02699474,-0.8912477,-0.1914235,-0.0108951,-0.04840338,0.2720913,-0.9036418,-4.020771,0.3087001,-0.4008,2.069,-0.1120109,0.02230432,0.9934567,-0.3132743,0.9479743,-0.05660442,-0.9430339,-0.3175647,-0.09919611,static,84.96359,80.73989,8.486074,-10.96336,6.774715731649596,29.751768615972253
05/11/2023 10:30:30.940159,3291,True,True,True,True,Eyes,1.635982,0.1035484,-3.389534,-0.8773317,-0.4743837,-0.07245111,0.0,0.0,0.0,0.0,0.0,0.0,0.0,3.527522,0.174675,1.111789,1.483311,0.1128531,-3.39073,0.1002493,-0.7331529,0.1279238,0.6603579,18.66149,264.2375,1.327841,0.4510512,0.02703477,-0.8920882,-0.1799381,-0.0102414,-0.04549918,0.2538109,-0.8961617,-4.01406,0.3087006,-0.4007997,2.069001,-0.1077552,0.02195483,0.9939351,-0.3159471,0.9471712,-0.05517451,-0.942638,-0.3199762,-0.09512606,static,85.27916,81.3165,8.486087,-10.96335,6.794957141253534,29.920888381428927
05/11/2023 10:30:30.960394,3292,True,True,True,True,Eyes,1.629387,0.1038846,-3.390801,-0.8773566,-0.4750589,-0.06755988,0.0,0.0,0.0,0.0,0.0,0.0,0.0,3.523691,0.1764879,1.112016,1.472793,0.1123161,-3.391517,0.1015313,-0.7318107,0.1298309,0.6612781,18.92341,264.4364,1.399608,0.449404,0.02708192,-0.8929176,-0.1691418,-0.009626912,-0.04276922,0.2368449,-0.8936495,-4.004963,0.3087009,-0.4007999,2.069001,-0.1048058,0.02310525,0.9942244,-0.3203119,0.9456707,-0.05574243,-0.9414968,-0.324304,-0.09171093,static,85.59669,81.90603,8.486094,-10.96336,6.815015862407518,30.09377063710075
05/11/2023 10:30:30.980632,3293,True,True,True,True,Eyes,1.622652,0.1042502,-3.39203,-0.8771889,-0.4760327,-0.06270953,0.0,0.0,0.0,0.0,0.0,0.0,0.0,3.518866,0.1852615,1.113604,1.462428,0.1117387,-3.392001,0.1038684,-0.7301335,0.1319126,0.6623563,19.28233,264.6648,1.400548,0.4477661,0.02713452,-0.8937385,-0.1589933,-0.009049297,-0.04020307,0.2218652,-0.8941126,-3.995226,0.3087001,-0.4007998,2.069001,-0.1009913,0.02307065,0.9946198,-0.3264218,0.9436209,-0.05503177,-0.9398138,-0.3302233,-0.08776679,static,85.91093,82.49543,8.486073,-10.96335,6.8346693204462365,30.266597792595746
05/11/2023 10:30:30.990518,3294,True,True,True,True,Eyes,1.615778,0.1045902,-3.393217,-0.8768597,-0.4772687,-0.05772107,0.0,0.0,0.0,0.0,0.0,0.0,0.0,3.513164,0.2035056,1.116387,1.452483,0.1126989,-3.392293,0.1079326,-0.7280519,0.1343385,0.663509,19.80617,264.9133,1.285582,0.4461335,0.02719289,-0.8945528,-0.1494537,-0.008506339,-0.03779088,0.2096599,-0.899358,-3.984953,0.3087003,-0.4008,2.069,-0.09621269,0.02110858,0.9951369,-0.3354305,0.9406074,-0.0523823,-0.937139,-0.3388391,-0.08341789,static,86.23383,83.10412,8.486081,-10.96336,6.854763773416871,30.44507270438057
05/11/2023 10:30:31.010355,3295,True,True,True,True,Eyes,1.608774,0.1049108,-3.394366,-0.8763903,-0.4787121,-0.05267694,0.0,0.0,0.0,0.0,0.0,0.0,0.0,3.505415,0.2251836,1.123859,1.442455,0.1123331,-3.392405,0.1116379,-0.7255691,0.1355399,0.6653687,20.19693,265.2432,1.121303,0.4445027,0.02725585,-0.8953624,-0.1404865,-0.007995958,-0.03552343,0.198875,-0.9086592,-3.97136,0.3087003,-0.4008,2.069001,-0.08964313,0.0183659,0.9958046,-0.3423701,0.9383318,-0.04812633,-0.935279,-0.3452479,-0.07782709,static,86.56028,83.7205,8.486076,-10.96336,6.875046188730901,30.625799621331144
05/11/2023 10:30:31.030588,3296,True,True,True,True,Eyes,1.601669,0.1051976,-3.395473,-0.8758241,-0.480295,-0.04742301,0.0,0.0,0.0,0.0,0.0,0.0,0.0,3.494717,0.2545711,1.138729,1.432592,0.1123684,-3.392581,0.116054,-0.7222326,0.1361305,0.6681169,20.592,265.7007,0.8732178,0.442871,0.0273225,-0.8961685,-0.1320573,-0.007516201,-0.03339202,0.1888224,-0.9223514,-3.952334,0.3087003,-0.4007999,2.069001,-0.0803028,0.01426624,0.9966685,-0.3495381,0.9359999,-0.04156052,-0.9334746,-0.351711,-0.07017675,static,86.90065,84.36105,8.486079,-10.96335,6.89626323050241,30.813619250641292
05/11/2023 10:30:31.045179,3297,True,True,True,True,Eyes,1.594453,0.1054859,-3.396538,-0.8752149,-0.481902,-0.04206345,0.0,0.0,0.0,0.0,0.0,0.0,0.0,3.483203,0.2792373,1.156511,1.423332,0.1117422,-3.392614,0.1193808,-0.7188539,0.1362589,0.6711414,20.86353,266.1953,0.6906365,0.4412362,0.02739164,-0.8969725,-0.1241339,-0.007065229,-0.0313885,0.1795165,-0.9377989,-3.929524,0.3087001,-0.4007998,2.069001,-0.07063476,0.0112633,0.9974387,-0.3545327,0.9343635,-0.03565767,-0.9323719,-0.3561433,-0.06200533,static,87.24844,85.01151,8.486073,-10.96335,6.918076677475873,31.004356009755018
05/11/2023 10:30:31.060269,3298,True,True,True,True,Eyes,1.587129,0.1057807,-3.397563,-0.8746605,-0.4833607,-0.03648791,0.0,0.0,0.0,0.0,0.0,0.0,0.0,3.470822,0.2959537,1.177665,1.413779,0.1116663,-3.392617,0.1212755,-0.7154462,0.1357827,0.674531,20.9712,266.7374,0.5919654,0.4395968,0.0274631,-0.8977749,-0.1166858,-0.006641315,-0.02950519,0.1706965,-0.9522739,-3.907799,0.3087002,-0.4008,2.069,-0.06060045,0.009647173,0.9981155,-0.3567114,0.9337106,-0.03068234,-0.932247,-0.3578986,-0.05314207,static,87.6112,85.68304,8.486079,-10.96336,6.941057837023085,31.20129073210531
05/11/2023 10:30:31.080338,3299,True,True,True,True,Eyes,1.579691,0.1060602,-3.398549,-0.8741525,-0.4846715,-0.03083501,0.0,0.0,0.0,0.0,0.0,0.0,0.0,3.459007,0.3046787,1.198498,1.404163,0.1121273,-3.392596,0.1217388,-0.7124262,0.1344939,0.6778938,20.89681,267.2549,0.5449486,0.4379506,0.0275369,-0.8985768,-0.1096847,-0.006242836,-0.02773488,0.1600068,-0.9619163,-3.886508,0.3087005,-0.4007999,2.069,-0.0512794,0.008885404,0.9986449,-0.355805,0.9341821,-0.02658206,-0.9331523,-0.3566859,-0.04474289,static,87.97977,86.35973,8.486085,-10.96336,6.964591848036304,31.39975462643974
05/11/2023 10:30:31.095394,3300,True,True,True,True,Eyes,1.572138,0.1062944,-3.399495,-0.8738093,-0.4856249,-0.02501564,0.0,0.0,0.0,0.0,0.0,0.0,0.0,3.447908,0.307063,1.218189,1.394232,0.1120707,-3.392625,0.1212413,-0.7096663,0.1331943,0.6811267,20.74493,267.7538,0.5736379,0.4362957,0.02761248,-0.8993791,-0.1031036,-0.005868266,-0.02607079,0.1468385,-0.9677126,-3.866068,0.3087002,-0.4007999,2.069001,-0.04273397,0.009362607,0.9990426,-0.3535261,0.9351196,-0.02388559,-0.9344481,-0.3542083,-0.03665151,static,88.36017,87.05117,8.486075,-10.96336,6.98911140434049,31.602564508502287
05/11/2023 10:30:31.111322,3301,True,True,True,True,Eyes,1.564484,0.1064778,-3.400398,-0.8734797,-0.4864818,-0.01920652,0.0,0.0,0.0,0.0,0.0,0.0,0.0,3.437826,0.3075038,1.234695,1.38416,0.111266,-3.39255,0.1204534,-0.7072334,0.1319165,0.6840395,20.57182,268.2019,0.6177981,0.4346313,0.02768848,-0.9001823,-0.09691738,-0.005516171,-0.02450654,0.1298024,-0.9644328,-3.847853,0.3087001,-0.4007997,2.069001,-0.0351619,0.01009484,0.9993308,-0.3508495,0.936178,-0.02180167,-0.9357716,-0.3513812,-0.02937608,static,88.74036,87.73911,8.486071,-10.96335,7.013720405290916,31.804356832356195
05/11/2023 10:30:31.129999,3302,True,True,True,True,Eyes,1.556723,0.1065889,-3.401252,-0.8732009,-0.4871786,-0.01330953,0.0,0.0,0.0,0.0,0.0,0.0,0.0,3.429274,0.3099881,1.246198,1.374248,0.1102462,-3.39239,0.120235,-0.7051539,0.1310329,0.6863905,20.47832,268.5689,0.6306447,0.4329555,0.02776359,-0.9009872,0.0,0.0,0.0,0.1131186,-0.9611735,-3.832475,0.3087005,-0.4008001,2.069,-0.02882337,0.01031104,0.9995314,-0.3494478,0.9367479,-0.01974032,-0.9365125,-0.349853,-0.02339707,static,89.12675,88.43509,8.486086,-10.96336,7.038835695728166,32.00851677840549
05/11/2023 10:30:31.145229,3303,True,True,True,True,Eyes,1.548858,0.1066502,-3.402058,-0.8728898,-0.4878606,-0.007443261,0.0,0.0,0.0,0.0,0.0,0.0,0.0,3.420338,0.3146353,1.257328,1.364133,0.108649,-3.392038,0.1204915,-0.7029223,0.1306745,0.6886989,20.4673,268.9459,0.6481731,0.4312672,0.02783605,-0.9017944,0.0,0.0,0.0,0.09604678,-0.9581742,-3.816518,0.3087001,-0.4007999,2.069001,-0.02235127,0.0105984,0.999694,-0.3493831,0.9368119,-0.01774327,-0.9367133,-0.3496728,-0.01723598,static,89.51144,89.12591,8.486073,-10.96336,7.063909768898381,32.2111692221428
05/11/2023 10:30:31.161104,3304,True,True,True,True,Eyes,1.540893,0.1066572,-3.40281,-0.8725827,-0.4884638,-0.001566887,0.0,0.0,0.0,0.0,0.0,0.0,0.0,3.412534,0.317602,1.265697,1.353953,0.107529,-3.39168,0.1208295,-0.7009345,0.1307363,0.6906513,20.49816,269.2771,0.6850625,0.4295655,0.02790483,-0.9026042,0.0,0.0,0.0,0.08006207,-0.9562393,-3.801244,0.3087001,-0.4007999,2.069001,-0.01680238,0.01119932,0.9997963,-0.3499736,0.9366165,-0.0163731,-0.936609,-0.3501773,-0.01181789,static,89.89711,89.81621,8.486073,-10.96336,7.089123010428344,32.41367581728089
05/11/2023 10:30:31.179772,3305,True,True,True,True,Eyes,1.532838,0.1065701,-3.403511,-0.8722177,-0.4890992,0.004298973,0.0,0.0,0.0,0.0,0.0,0.0,0.0,3.405075,0.3184128,1.272935,1.343729,0.1062574,-3.391074,0.1211736,-0.6990028,0.1315231,0.6923972,20.58953,269.5975,0.7792311,0.4278499,0.02796892,-0.9034167,0.0,0.0,0.0,0.06567088,-0.9566959,-3.786548,0.3087006,-0.4007998,2.069001,-0.01180637,0.01273103,0.9998493,-0.3515338,0.9360372,-0.01606944,-0.9361008,-0.3516705,-0.006575831,static,-89.71761,-89.49641,8.486087,-10.96335,-9.348502437500201,-20.60832720225037
05/11/2023 10:30:31.190297,3306,True,True,True,True,Eyes,1.524691,0.1064802,-3.404148,-0.8718454,-0.4896762,0.01014338,0.0,0.0,0.0,0.0,0.0,0.0,0.0,3.397088,0.3206014,1.281471,1.333686,0.1039503,-3.390521,0.1215997,-0.6968749,0.1324772,0.694283,20.70088,269.9484,0.8865615,0.42612,0.02802631,-0.9042321,0.0,0.0,0.0,0.05131444,-0.9590108,-3.769458,0.3087002,-0.4008,2.069,-0.006369623,0.01447382,0.9998751,-0.3534328,0.9353266,-0.01579093,-0.9354383,-0.3534892,-0.0008422077,static,-89.33344,-88.81332,8.486078,-10.96336,-9.32323781550847,-20.407922404809923
05/11/2023 10:30:31.210299,3307,True,True,True,True,Eyes,1.318375,0.1024693,-3.418339,-0.8522925,-0.4993293,0.155781,0.0,0.0,0.0,0.0,0.0,0.0,0.0,3.390306,0.3192429,1.286844,1.323464,0.1038519,-3.389648,0.1216679,-0.6952524,0.1328498,0.6958247,20.73507,270.2231,0.961919,0.4243751,0.02807767,-0.9050507,0.0,0.0,0.0,0.0378112,-0.9627804,-3.75127,0.3087001,-0.4007998,2.069001,-0.002050051,0.01570045,0.9998747,-0.3540602,0.9350957,-0.01540917,-0.9352204,-0.3540474,0.003641912,static,-79.64188,-72.6731,8.486073,-10.96335,-8.649808303696442,-15.669469298884703
05/11/2023 10:30:31.220269,3308,True,True,True,True,Eyes,1.317948,0.1024156,-3.418288,-0.8522874,-0.4992703,0.1559975,0.0,0.0,0.0,0.0,0.0,0.0,0.0,3.381475,0.3220704,1.295316,1.312851,0.1020268,-3.388504,0.1220816,-0.6930995,0.1333607,0.6977994,20.80824,270.5773,1.035229,0.4167076,0.02805782,-0.9086072,-0.6189462,-0.01203261,-0.04257274,0.02447141,-0.9663839,-3.733555,0.3087002,-0.4008001,2.069,0.003655953,0.01688872,0.9998506,-0.3553474,0.934622,-0.01448763,-0.9347271,-0.3552414,0.009418301,static,-79.62774,-72.64854,8.486079,-10.96336,-8.648859170136504,-15.662262164908583
05/11/2023 10:30:31.240457,3309,True,True,True,True,Eyes,1.317106,0.1023338,-3.418188,-0.8522764,-0.4991449,0.1564586,0.0,0.0,0.0,0.0,0.0,0.0,0.0,3.37066,0.324173,1.308801,1.302384,0.1007184,-3.387188,0.121897,-0.6906252,0.1328863,0.7003708,20.75027,271.0022,1.088784,0.4102485,0.02804225,-0.9115422,-0.5818094,-0.01131066,-0.04001837,0.01288573,-0.9725323,-3.716219,0.3087002,-0.4008,2.069001,0.01075608,0.01776912,0.9997844,-0.3545096,0.9349647,-0.0128031,-0.9349906,-0.3542954,0.01635584,static,-79.59762,-72.59623,8.486076,-10.96336,-8.646837199111229,-15.646911773209883
05/11/2023 10:30:31.260139,3310,True,True,True,True,Eyes,1.315848,0.1021965,-3.418035,-0.852254,-0.4989477,0.1572075,0.0,0.0,0.0,0.0,0.0,0.0,0.0,3.360158,0.3238338,1.321958,1.291804,0.1000036,-3.385903,0.12135,-0.6882772,0.1321729,0.7029076,20.64268,271.4143,1.149049,0.4047832,0.02802944,-0.9139827,-0.5469008,-0.01063202,-0.03761727,0.0008697752,-0.9782984,-3.698296,0.3087007,-0.4008,2.069001,0.01760938,0.01876587,0.9996689,-0.3528555,0.935609,-0.01134763,-0.9355122,-0.3525389,0.02309712,static,-79.54865,-72.51151,8.48609,-10.96336,-8.643539013299097,-15.622049660023407
05/11/2023 10:30:31.270305,3311,True,True,True,True,Eyes,1.314194,0.1020101,-3.417823,-0.852228,-0.4986707,0.1582247,0.0,0.0,0.0,0.0,0.0,0.0,0.0,3.347214,0.3246126,1.339947,1.280824,0.09855857,-3.384442,0.1205245,-0.6854075,0.1309601,0.7060736,20.47021,271.9196,1.206005,0.4001328,0.02801732,-0.9160286,-0.5140868,-0.009994096,-0.03536023,-0.01131128,-0.9830536,-3.680149,0.3087003,-0.4008,2.069,0.02613198,0.01971813,0.9994642,-0.3501517,0.9366466,-0.009323724,-0.9363286,-0.3497204,0.03138074,static,-79.48222,-72.39613,8.486081,-10.96336,-8.639079853867432,-15.588191379521284
05/11/2023 10:30:31.290565,3312,True,True,True,True,Eyes,1.312152,0.1017886,-3.417552,-0.8521904,-0.4983124,0.1595503,0.0,0.0,0.0,0.0,0.0,0.0,0.0,3.334038,0.3278679,1.357137,1.269905,0.09721792,-3.382753,0.1200644,-0.6825266,0.1296581,0.7091761,20.32127,272.4131,1.22246,0.3960299,0.02800284,-0.9178103,-0.4832416,-0.00939445,-0.03323862,-0.02399201,-0.9875588,-3.6619,0.3087006,-0.4007999,2.069,0.0346925,0.02000649,0.9991978,-0.3477952,0.9375467,-0.0066965,-0.9369285,-0.3472838,0.03948399,static,-79.39564,-72.24591,8.486089,-10.96336,-8.633262898963604,-15.544108815969224
05/11/2023 10:30:31.309943,3313,True,True,True,True,Eyes,1.309737,0.1015,-3.417216,-0.8521649,-0.4978423,0.1611463,0.0,0.0,0.0,0.0,0.0,0.0,0.0,3.320133,0.3276519,1.37653,1.258839,0.09617913,-3.381057,0.1190161,-0.6795156,0.1281955,0.7125023,20.10979,272.9415,1.277327,0.3922852,0.02798408,-0.9194176,-0.4542471,-0.008830783,-0.0312443,-0.03915302,-0.9878215,-3.643077,0.3087006,-0.4007999,2.069001,0.04364887,0.02093269,0.9988276,-0.3444257,0.9388022,-0.004623281,-0.9377983,-0.3438202,0.04818742,static,-79.29169,-72.06378,8.486085,-10.96335,-8.626337455015836,-15.490667541405926
05/11/2023 10:30:31.320407,3314,True,True,True,True,Eyes,1.306969,0.1011225,-3.416808,-0.8521077,-0.4973664,0.1629084,0.0,0.0,0.0,0.0,0.0,0.0,0.0,3.306792,0.3238094,1.394424,1.247705,0.09436419,-3.379122,0.1175962,-0.6766574,0.1272894,0.7156138,19.91158,273.4519,1.403895,0.3888557,0.02795986,-0.9208741,-0.4269923,-0.008300936,-0.02936964,-0.05396298,-0.988748,-3.624347,0.3087006,-0.4007999,2.069001,0.0518642,0.02303551,0.9983884,-0.3413248,0.9399371,-0.003955769,-0.9385134,-0.3405696,0.05661168,static,-79.17664,-71.8642,8.486085,-10.96335,-8.618606506737024,-15.432100008643548
05/11/2023 10:30:31.340586,3315,True,True,True,True,Eyes,1.303854,0.1006666,-3.416322,-0.8520192,-0.4968481,0.1649402,0.0,0.0,0.0,0.0,0.0,0.0,0.0,3.293339,0.320197,1.41174,1.23671,0.09192376,-3.376939,0.1162945,-0.6737751,0.1267776,0.7186307,19.75414,273.9606,1.55258,0.385703,0.02792852,-0.9221999,-0.4013727,-0.00780288,-0.02760747,-0.06942923,-0.9871807,-3.605494,0.3087001,-0.4007999,2.069,0.05990909,0.02549989,0.9978781,-0.3389253,0.940806,-0.003693568,-0.938904,-0.3379849,0.06500538,static,-79.04378,-71.63522,8.486073,-10.96336,-8.609629403862115,-15.364900385576
05/11/2023 10:30:31.360075,3316,True,True,True,True,Eyes,1.300412,0.1001657,-3.415756,-0.8518659,-0.496411,0.1670344,0.0,0.0,0.0,0.0,0.0,0.0,0.0,3.279507,0.3157257,1.429287,1.225518,0.08969416,-3.374577,0.1152063,-0.6707358,0.1270133,0.7216015,19.67296,274.4879,1.750245,0.3827927,0.02788882,-0.9234129,-0.3772904,-0.007334707,-0.02595102,-0.08472608,-0.9886655,-3.585614,0.3087002,-0.4007999,2.069001,0.06796235,0.02876001,0.9972734,-0.337852,0.9411903,-0.00411864,-0.9387424,-0.3366509,0.07368211,static,-78.90616,-71.40273,8.486074,-10.96335,-8.600175668190841,-15.296656310614374
05/11/2023 10:30:31.380188,3317,True,True,True,True,Eyes,1.296659,0.09962217,-3.41511,-0.8516849,-0.4959587,0.1692858,0.0,0.0,0.0,0.0,0.0,0.0,0.0,3.267446,0.3080309,1.443,1.214431,0.08823355,-3.372048,0.114047,-0.6681364,0.1277241,0.7240676,19.62299,274.9438,1.981206,0.3800944,0.02784055,-0.9245283,-0.3546529,-0.006894625,-0.02439396,-0.100531,-0.986659,-3.568898,0.3087,-0.4007997,2.069001,0.07456096,0.03256385,0.9966847,-0.3373595,0.9413597,-0.005518743,-0.9384185,-0.3358296,0.08117437,static,-78.75809,-71.15367,8.48607,-10.96335,-8.589968281814262,-15.223544969353412
05/11/2023 10:30:31.390442,3318,True,True,True,True,Eyes,1.292583,0.09906805,-3.41439,-0.851467,-0.4955687,0.1715103,0.0,0.0,0.0,0.0,0.0,0.0,0.0,3.256991,0.3039096,1.452156,1.203384,0.08674102,-3.369488,0.113371,-0.6659514,0.1280544,0.7261252,19.58464,275.3174,2.127028,0.37758,0.02778354,-0.9255597,-0.3333738,-0.006480947,-0.02293032,-0.1140311,-0.9884687,-3.552254,0.3087004,-0.4007999,2.069001,0.0802216,0.03496788,0.9961636,-0.3369661,0.9414982,-0.005912923,-0.9380929,-0.335199,0.08731143,static,-78.61135,-70.90988,8.486079,-10.96335,-8.579752420458469,-15.151971125209531
05/11/2023 10:30:31.410316,3319,True,True,True,True,Eyes,1.288186,0.09866066,-3.413608,-0.8512538,-0.4951651,0.1737198,0.0,0.0,0.0,0.0,0.0,0.0,0.0,3.247049,0.3053957,1.458524,1.191736,0.08595356,-3.366937,0.1132746,-0.6639593,0.1273109,0.7280927,19.51219,275.6412,2.126125,0.3752247,0.02771854,-0.9265191,-0.3133713,-0.00609209,-0.0215545,-0.1277727,-0.9908165,-3.533936,0.3087004,-0.4007999,2.069,0.08590011,0.03496874,0.9956899,-0.3358077,0.9419216,-0.004109604,-0.9380056,-0.3340073,0.09265395,static,-78.46574,-70.6675,8.486084,-10.96336,-8.56963066252299,-15.080812723452745
05/11/2023 10:30:31.429945,3320,True,True,True,True,Eyes,1.283498,0.09830926,-3.412744,-0.8508965,-0.4950267,0.1758515,0.0,0.0,0.0,0.0,0.0,0.0,0.0,3.243035,0.2968173,1.454335,1.179662,0.08909618,-3.364658,0.1128581,-0.6633248,0.1272828,0.7287402,19.47212,275.7542,2.175479,0.3730053,0.02765049,-0.9274169,-0.294569,-0.005726565,-0.02026123,-0.1402579,-0.9952874,-3.514084,0.3087007,-0.4007999,2.069001,0.08759852,0.03578897,0.9955128,-0.3352353,0.9421242,-0.00437113,-0.9380533,-0.3333482,0.0945264,static,-78.32329,-70.44311,8.486089,-10.96335,-8.559308163026618,-15.014895540698532
05/11/2023 10:30:31.440298,3321,True,True,True,True,Eyes,1.278528,0.09795021,-3.411813,-0.8504661,-0.4949476,0.1781412,0.0,0.0,0.0,0.0,0.0,0.0,0.0,3.234409,0.2961676,1.457879,1.168146,0.09014245,-3.361821,0.1136565,-0.6614224,0.1286094,0.7301112,19.63908,276.0463,2.278764,0.3709022,0.02758137,-0.9282619,-0.2768949,-0.005382971,-0.01904556,-0.1517699,-0.998405,-3.499441,0.3087002,-0.4007998,2.069,0.09196003,0.03744845,0.9950584,-0.3381482,0.9410836,-0.00416656,-0.9365892,-0.336094,0.0992052,static,-78.16969,-70.20522,8.486075,-10.96335,-8.548043487272732,-14.944998973680068
05/11/2023 10:30:31.460468,3322,True,True,True,True,Eyes,1.273337,0.09770764,-3.410804,-0.8499495,-0.4950135,0.1804095,0.0,0.0,0.0,0.0,0.0,0.0,0.0,3.223364,0.2975544,1.466883,1.156599,0.08963805,-3.359256,0.1141555,-0.6589041,0.1294007,0.7321677,19.73603,276.4433,2.37777,0.3688975,0.02751119,-0.9290626,-0.2602812,-0.005059992,-0.01790282,-0.1640806,-1.001041,-3.484792,0.3087005,-0.4008,2.069001,0.09820181,0.03905095,0.9944001,-0.3399211,0.9404479,-0.003363335,-0.9353129,-0.3376873,0.1056279,static,-78.01631,-69.97555,8.486085,-10.96336,-8.53653473501982,-14.877490774370443
05/11/2023 10:30:31.470342,3323,True,True,True,True,Eyes,1.267893,0.09755411,-3.409696,-0.849417,-0.4950584,0.1827788,0.0,0.0,0.0,0.0,0.0,0.0,0.0,3.21736,0.2881145,1.467261,1.146152,0.09228252,-3.35635,0.1139195,-0.6577718,0.1306845,0.732994,19.81143,276.6357,2.541337,0.366977,0.02744337,-0.9298248,-0.2446643,-0.004756393,-0.01682865,-0.1763119,-1.003548,-3.468483,0.3087007,-0.4007999,2.069001,0.1005156,0.0417158,0.9940607,-0.3414479,0.9398879,-0.004916522,-0.9345106,-0.3389257,0.1087172,static,-77.85619,-69.73553,8.486091,-10.96336,-8.524528758384683,-14.806941248095814
05/11/2023 10:30:31.490762,3324,True,True,True,True,Eyes,1.262218,0.09749773,-3.408499,-0.8489054,-0.4950188,0.1852457,0.0,0.0,0.0,0.0,0.0,0.0,0.0,3.208168,0.2791689,1.472377,1.134778,0.09434336,-3.352841,0.1132847,-0.6560646,0.1313192,0.7345075,19.79919,276.928,2.696584,0.3651268,0.02738024,-0.9305547,-0.2299845,-0.004471009,-0.01581893,-0.1904615,-1.000673,-3.456591,0.3087006,-0.4008,2.069,0.104669,0.04426572,0.9935216,-0.341554,0.9398437,-0.005890875,-0.9340158,-0.3387247,0.1134916,static,-77.69006,-69.48318,8.486088,-10.96336,-8.512181820524816,-14.732779222876456
05/11/2023 10:30:31.510104,3325,True,True,True,True,Eyes,1.256336,0.09759433,-3.407217,-0.8484313,-0.4948649,0.1878112,0.0,0.0,0.0,0.0,0.0,0.0,0.0,3.196535,0.2716585,1.483116,1.123727,0.09666821,-3.349502,0.1118503,-0.6540039,0.1298422,0.7368239,19.55202,277.2877,2.739588,0.3633347,0.02732413,-0.9312576,-0.2161854,-0.004202749,-0.0148698,-0.2072133,-0.9888293,-3.447985,0.3087004,-0.4008,2.069,0.1108397,0.04504051,0.9928172,-0.3376426,0.9412611,-0.005006628,-0.9347256,-0.3346625,0.1195367,static,-77.51813,-69.21724,8.486084,-10.96336,-8.499561674487854,-14.654639883562218
05/11/2023 10:30:31.520683,3326,True,True,True,True,Eyes,1.250242,0.09776815,-3.40585,-0.8479023,-0.4947507,0.1904818,0.0,0.0,0.0,0.0,0.0,0.0,0.0,3.18595,0.26415,1.49187,1.113032,0.1004704,-3.346161,0.110791,-0.6521593,0.1286195,0.7388307,19.35817,277.6029,2.767245,0.3615906,0.02727865,-0.9319376,-0.2032143,-0.003950584,-0.01397761,-0.2184599,-0.9887401,-3.430032,0.3087004,-0.4007998,2.069,0.1162907,0.04554931,0.9921704,-0.3345628,0.9423648,-0.004049199,-0.9351708,-0.3314724,0.1248273,static,-77.33867,-68.94302,8.486082,-10.96336,-8.486277599573482,-14.574056210228516
05/11/2023 10:30:31.545311,3327,True,True,True,True,Eyes,1.243984,0.09803259,-3.404424,-0.8473414,-0.4946242,0.1932864,0.0,0.0,0.0,0.0,0.0,0.0,0.0,3.172715,0.2671866,1.503778,1.102093,0.102472,-3.342715,0.110757,-0.6496119,0.1268832,0.7413758,19.21263,278.0032,2.68514,0.3598849,0.02724499,-0.9325986,-0.1910214,-0.003713549,-0.01313895,-0.2393821,-0.9746046,-3.40751,0.3087002,-0.4007997,2.069001,0.12381,0.04423812,0.9913195,-0.3320344,0.943267,-0.0006245777,-0.9351066,-0.3290748,0.1314745,static,-77.15016,-68.65572,8.486073,-10.96335,-8.472298896950631,-14.489626198845713
05/11/2023 10:30:31.560292,3328,True,True,True,True,Eyes,1.237567,0.09836258,-3.402933,-0.8466256,-0.4946765,0.1962658,0.0,0.0,0.0,0.0,0.0,0.0,0.0,3.158733,0.2766177,1.518033,1.092135,0.1048461,-3.339878,0.1116876,-0.6466768,0.1251948,0.7440842,19.15538,278.4414,2.539768,0.3582103,0.02722456,-0.9332436,-0.1795601,-0.003490736,-0.01235062,-0.2543415,-0.9616933,-3.3937,0.3087007,-0.4007998,2.069001,0.1322707,0.04185929,0.9903294,-0.3307624,0.9437043,0.004288863,-0.9343985,-0.328131,0.1386699,static,-76.94817,-68.35901,8.486089,-10.96335,-8.456952896411256,-14.402392314041446
05/11/2023 10:30:31.580295,3329,True,True,True,True,Eyes,1.231022,0.09875377,-3.401386,-0.845866,-0.4947355,0.1993678,0.0,0.0,0.0,0.0,0.0,0.0,0.0,3.145112,0.2888859,1.530173,1.082913,0.1065674,-3.336548,0.1133445,-0.6438249,0.1243489,0.7464449,19.22804,278.8512,2.409204,0.3565592,0.02721795,-0.933876,-0.1687865,-0.003281292,-0.01160958,-0.2692773,-0.9559707,-3.378944,0.3087007,-0.4007998,2.069001,0.1400537,0.03969119,0.9893482,-0.3315873,0.9433808,0.009093019,-0.9329712,-0.3293288,0.145285,static,-76.73763,-68.05162,8.48609,-10.96335,-8.440895251425225,-14.312011722372056
05/11/2023 10:30:31.591559,3330,True,True,True,True,Eyes,1.224394,0.09915496,-3.399769,-0.8449994,-0.4949021,0.2026027,0.0,0.0,0.0,0.0,0.0,0.0,0.0,3.132071,0.2933007,1.543208,1.073505,0.1084157,-3.33365,0.1139431,-0.6410562,0.1238095,0.7488226,19.2314,279.2719,2.387611,0.3549272,0.02722555,-0.9344972,-0.1586593,-0.003084414,-0.01091301,-0.2819088,-0.9506321,-3.359675,0.3087005,-0.4007998,2.069001,0.1474365,0.03933483,0.988289,-0.3315106,0.9433764,0.01190866,-0.9318601,-0.3293841,0.152128,static,-76.51691,-67.73682,8.486083,-10.96335,-8.423815060253121,-14.219425485430389
05/11/2023 10:30:31.610146,3331,True,True,True,True,Eyes,1.217641,0.09957146,-3.398091,-0.8441964,-0.4949018,0.205924,0.0,0.0,0.0,0.0,0.0,0.0,0.0,3.120424,0.2902694,1.554322,1.064274,0.1092406,-3.330557,0.1135573,-0.6386771,0.1238829,0.750899,19.1949,279.6551,2.487845,0.3533101,0.02724632,-0.9351091,-0.1491398,-0.002899349,-0.01025822,-0.2906827,-0.9518482,-3.339973,0.3087004,-0.4007999,2.069,0.1534893,0.04099427,0.9872995,-0.3311,0.9435155,0.01229778,-0.9310284,-0.3287825,0.1583927,static,-76.2916,-67.40826,8.486081,-10.96336,-8.40661790220722,-14.12281894355258
05/11/2023 10:30:31.620299,3332,True,True,True,True,Eyes,1.210769,0.1000592,-3.396354,-0.8434699,-0.4947425,0.2092566,0.0,0.0,0.0,0.0,0.0,0.0,0.0,3.111058,0.2755049,1.562598,1.054654,0.1101394,-3.327442,0.1112648,-0.6370394,0.1234253,0.7527066,18.95061,279.961,2.669238,0.3517037,0.02727947,-0.9357135,-0.1401914,-0.002725388,-0.009642731,-0.2997639,-0.9506346,-3.323156,0.3087004,-0.4007999,2.069,0.1578941,0.04404601,0.9864733,-0.3275662,0.9447727,0.01024592,-0.9315417,-0.324753,0.1636021,static,-76.0668,-67.07355,8.486081,-10.96336,-8.38968733367913,-14.024429040999472
05/11/2023 10:30:31.640622,3333,True,True,True,True,Eyes,1.20377,0.1005562,-3.394546,-0.8428111,-0.4944374,0.2126057,0.0,0.0,0.0,0.0,0.0,0.0,0.0,3.104224,0.2547061,1.566604,1.045006,0.1124736,-3.32425,0.10808,-0.6361848,0.12224,0.7540855,18.57451,280.1579,2.832428,0.3501042,0.02732583,-0.9363119,-0.1317799,-0.002561865,-0.009064168,-0.3119261,-0.9464821,-3.306345,0.3087006,-0.4007999,2.069001,0.1606524,0.04684104,0.985899,-0.3218766,0.9467522,0.007468707,-0.9330522,-0.3185376,0.167175,static,-75.84206,-66.73253,8.486087,-10.96335,-8.37297262028201,-13.924206938847835
05/11/2023 10:30:31.660308,3334,True,True,True,True,Eyes,1.196652,0.1010208,-3.392687,-0.8421153,-0.4941569,0.2159881,0.0,0.0,0.0,0.0,0.0,0.0,0.0,3.094865,0.2521616,1.571522,1.035066,0.1131866,-3.320735,0.1069969,-0.6346715,0.1200618,0.755863,18.30948,280.4066,2.758197,0.3485079,0.02738445,-0.9369055,-0.1238731,-0.002408153,-0.008520317,-0.3288379,-0.9315005,-3.295337,0.3087003,-0.4008,2.069001,0.1655544,0.04568482,0.9851421,-0.3173163,0.9482737,0.009350335,-0.9337571,-0.3141496,0.1714874,static,-75.61471,-66.39063,8.486077,-10.96336,-8.355962062254289,-13.823715510840884
05/11/2023 10:30:31.680162,3335,True,True,True,True,Eyes,1.189443,0.1014587,-3.390782,-0.8414007,-0.4938826,0.2193739,0.0,0.0,0.0,0.0,0.0,0.0,0.0,3.082994,0.2609965,1.580414,1.025317,0.1128143,-3.317631,0.1072096,-0.63237,0.1174658,0.7581664,18.12729,280.7477,2.564601,0.3469118,0.0274533,-0.9374956,-0.1164407,-0.002263664,-0.008009098,-0.3427068,-0.9235063,-3.286879,0.3087007,-0.4007998,2.069001,0.17262,0.04252497,0.9840702,-0.3137094,0.9494158,0.01400172,-0.9336963,-0.3111291,0.1772286,static,-75.3869,-66.05006,8.486089,-10.96335,-8.338850318146491,-13.723607908897492
05/11/2023 10:30:31.690103,3336,True,True,True,True,Eyes,1.182149,0.1019065,-3.388827,-0.8405167,-0.493932,0.222627,0.0,0.0,0.0,0.0,0.0,0.0,0.0,3.073671,0.2689901,1.584954,1.016064,0.1125541,-3.314639,0.1079832,-0.6305009,0.1162401,0.7598004,18.09963,281.0153,2.440298,0.3453134,0.02753071,-0.9380834,-0.1094543,-0.002127844,-0.007528552,-0.3564571,-0.9182346,-3.274285,0.3087003,-0.4008,2.069,0.1779138,0.04047149,0.9832136,-0.3128055,0.9496557,0.01751244,-0.9330057,-0.3106703,0.1816166,static,-75.16478,-65.73777,8.48608,-10.96336,-8.32151295562393,-13.631743231132628
05/11/2023 10:30:31.710615,3337,True,True,True,True,Eyes,1.174759,0.102346,-3.386814,-0.8395056,-0.494177,0.2258749,0.0,0.0,0.0,0.0,0.0,0.0,0.0,3.067053,0.2797674,1.5834,1.006814,0.1131774,-3.311457,0.1097905,-0.6291796,0.1157594,0.7607095,18.22228,281.1794,2.290553,0.3437106,0.02761618,-0.9386693,-0.102887,-0.002000173,-0.007076839,-0.3667732,-0.9170603,-3.265321,0.3087006,-0.4007999,2.069001,0.1814656,0.03796272,0.9826644,-0.3142745,0.9490916,0.02137038,-0.9318272,-0.3127043,0.1841581,static,-74.9408,-65.43615,8.486085,-10.96335,-8.303591676794952,-13.542967470129256
05/11/2023 10:30:31.730587,3338,True,True,True,True,Eyes,1.167294,0.1027453,-3.38473,-0.8388974,-0.4924537,0.23182,0.0,0.0,0.0,0.0,0.0,0.0,0.0,3.055999,0.3022424,1.587505,0.9973379,0.1132764,-3.308041,0.1132947,-0.6266839,0.1155584,0.7622848,18.51559,281.4886,2.065537,0.3421015,0.02770879,-0.9392541,0.0,0.0,0.0,-0.3736395,-0.9220266,-3.258604,0.3087003,-0.4007999,2.069001,0.1878272,0.03417698,0.9816073,-0.3181767,0.9476212,0.02788837,-0.9292387,-0.3175628,0.1888633,static,-74.55246,-64.79153,8.486078,-10.96335,-8.276537490297827,-13.353712935224152
05/11/2023 10:30:31.750616,3339,True,True,True,True,Eyes,0.9794349,0.1118554,-3.331892,-0.8058101,-0.4549033,0.3791216,0.0,0.0,0.0,0.0,0.0,0.0,0.0,3.040103,0.3321462,1.599515,0.9883708,0.1123352,-3.304769,0.1178941,-0.6228676,0.1161589,0.7646202,18.96507,281.9782,1.86451,0.3404854,0.02780677,-0.9398382,0.0,0.0,0.0,-0.3791364,-0.9305614,-3.252008,0.3087003,-0.4008,2.069001,0.1970861,0.03076992,0.9799032,-0.3244997,0.9452162,0.03558532,-0.9251254,-0.3249916,0.1962738,static,-64.80372,-50.19179,8.486078,-10.96336,-7.545115985074383,-9.062336190564807
05/11/2023 10:30:31.765136,3340,True,True,True,True,Eyes,0.9791194,0.111878,-3.331766,-0.805452,-0.453584,0.3814561,0.0,0.0,0.0,0.0,0.0,0.0,0.0,3.022073,0.3614588,1.616211,0.9800056,0.1117512,-3.301941,0.1229798,-0.6182811,0.1184046,0.767193,19.57941,282.58,1.800705,0.3338556,0.02831751,-0.9421985,-0.5635759,0.0273303,0.1585135,-0.3823937,-0.9425747,-3.244494,0.3087006,-0.4007998,2.069001,0.207418,0.02960615,0.9778044,-0.3337504,0.9417127,0.04228392,-0.9195589,-0.3351131,0.2052092,static,-64.65811,-49.93676,8.486086,-10.96335,-7.535411989917809,-8.987504044482666
05/11/2023 10:30:31.770207,3341,True,True,True,True,Eyes,0.9784849,0.1119213,-3.331521,-0.8048085,-0.4526533,0.3839118,0.0,0.0,0.0,0.0,0.0,0.0,0.0,3.008894,0.3809952,1.62617,0.9722171,0.1117784,-3.299292,0.1274842,-0.6146699,0.1223076,0.7687454,20.26505,283.0521,1.9136,0.3282462,0.02874607,-0.9441544,-0.5297614,0.02569048,0.1490027,-0.3817185,-0.9588386,-3.236691,0.3087004,-0.4008,2.069,0.2144435,0.03132542,0.9762338,-0.3447683,0.9375772,0.04564813,-0.9138647,-0.3463634,0.2118573,static,-64.4978,-49.6975,8.486083,-10.96336,-7.523357262301966,-8.917174231521123
05/11/2023 10:30:31.791344,3342,True,True,True,True,Eyes,0.9775309,0.1120189,-3.331161,-0.8040397,-0.4517721,0.3865518,0.0,0.0,0.0,0.0,0.0,0.0,0.0,2.995728,0.3982144,1.635261,0.9641437,0.1123119,-3.296188,0.1314058,-0.6112669,0.1254013,0.7702986,20.83947,283.4998,1.995614,0.3234766,0.02910801,-0.9457881,-0.4979757,0.02414905,0.1400626,-0.3830891,-0.9723988,-3.226735,0.3087001,-0.4007999,2.069,0.2212547,0.03254489,0.9746728,-0.3538409,0.934014,0.04913606,-0.9087589,-0.3557508,0.2181707,static,-64.32351,-49.44856,8.486073,-10.96336,-7.509881910842229,-8.843959496990749
05/11/2023 10:30:31.810250,3343,True,True,True,True,Eyes,0.9762813,0.112178,-3.330703,-0.8031462,-0.4509526,0.389356,0.0,0.0,0.0,0.0,0.0,0.0,0.0,2.978709,0.4133203,1.651507,0.9558235,0.113616,-3.293101,0.1339011,-0.6073519,0.1259768,0.7728674,21.1002,284.0435,1.970313,0.3192992,0.02942488,-0.9471967,-0.4680972,0.02270011,0.1316588,-0.3834622,-0.9860666,-3.213447,0.3087004,-0.4007999,2.069001,0.2305072,0.03207643,0.9725417,-0.3573768,0.9324007,0.05395121,-0.905068,-0.3600001,0.2263884,static,-64.13644,-49.19242,8.48608,-10.96335,-7.495053416466974,-8.768586395939625
05/11/2023 10:30:31.820608,3344,True,True,True,True,Eyes,0.9747394,0.112356,-3.33015,-0.8022822,-0.4499661,0.3922676,0.0,0.0,0.0,0.0,0.0,0.0,0.0,2.962632,0.4224372,1.667871,0.9477476,0.1152188,-3.290279,0.1349134,-0.6039034,0.1250428,0.7755407,21.11796,284.5402,1.904534,0.3155049,0.02971492,-0.9484583,-0.4400113,0.0213381,0.1237593,-0.3854539,-0.9961343,-3.198702,0.3087003,-0.4008,2.069,0.2393301,0.03100231,0.9704432,-0.3569009,0.9323253,0.05823412,-0.9029634,-0.3602893,0.2341983,static,-63.94416,-48.91901,8.48608,-10.96336,-7.480146691176727,-8.688170365903233
05/11/2023 10:30:31.840229,3345,True,True,True,True,Eyes,0.9729209,0.1125177,-3.329507,-0.8013775,-0.4489171,0.3953069,0.0,0.0,0.0,0.0,0.0,0.0,0.0,2.947724,0.4274175,1.682774,0.9394674,0.1157676,-3.287474,0.1349125,-0.6008561,0.1234215,0.7781631,20.9949,284.994,1.838844,0.3120494,0.02998161,-0.9495925,-0.4136106,0.02005782,0.1163337,-0.3907783,-1.000079,-3.182152,0.3087003,-0.4007998,2.069,0.2474782,0.02995809,0.9684303,-0.35421,0.9331315,0.06165073,-0.9018259,-0.3582849,0.2415412,static,-63.7436,-48.63354,8.486078,-10.96335,-7.464607506566934,-8.604208280448592
05/11/2023 10:30:31.860083,3346,True,True,True,True,Eyes,0.9708291,0.1126678,-3.328774,-0.8005899,-0.4476331,0.3983472,0.0,0.0,0.0,0.0,0.0,0.0,0.0,2.93418,0.4282363,1.696128,0.9312248,0.1155461,-3.284679,0.1342265,-0.5981495,0.1218574,0.7806094,20.81398,285.4111,1.819017,0.3088929,0.03022702,-0.9506161,-0.388794,0.01885435,0.1093537,-0.3997527,-0.9975331,-3.166233,0.3086999,-0.4007999,2.069,0.2547358,0.02967099,0.9665554,-0.3508211,0.934268,0.06377912,-0.9011294,-0.3553349,0.2484007,static,-63.54657,-48.33422,8.486069,-10.96336,-7.44996514718594,-8.516242564848081
05/11/2023 10:30:31.880026,3347,True,True,True,True,Eyes,0.9684841,0.1127982,-3.327955,-0.7997234,-0.4463819,0.4014793,0.0,0.0,0.0,0.0,0.0,0.0,0.0,2.921567,0.4262006,1.708138,0.9227881,0.1154199,-3.281779,0.1335142,-0.5955535,0.1211914,0.7828171,20.69457,285.817,1.881361,0.3059997,0.0304532,-0.9515442,-0.3654664,0.01772309,0.1027925,-0.4106403,-0.9926919,-3.150479,0.3087001,-0.4007998,2.069,0.2612574,0.03071179,0.9647805,-0.348771,0.9349732,0.0646824,-0.9000574,-0.3533862,0.25498,static,-63.34232,-48.03154,8.486075,-10.96335,-7.434534967691593,-8.427262989370433
05/11/2023 10:30:31.890555,3348,True,True,True,True,Eyes,0.9658868,0.1129062,-3.327051,-0.7989296,-0.4450583,0.4045177,0.0,0.0,0.0,0.0,0.0,0.0,0.0,2.909786,0.427347,1.717936,0.9145492,0.1151035,-3.278892,0.1334978,-0.5930513,0.1209768,0.7847505,20.67189,286.1942,1.93128,0.3033378,0.03066165,-0.9523893,-0.3435384,0.0166597,0.09662494,-0.4221861,-0.9878457,-3.136097,0.3086999,-0.4007998,2.069001,0.2673098,0.03153105,0.9630946,-0.3482153,0.9350858,0.06603408,-0.898494,-0.3530158,0.2609372,static,-63.14578,-47.732,8.486067,-10.96335,-7.419960871501447,-8.339235966053156
05/11/2023 10:30:31.910224,3349,True,True,True,True,Eyes,0.9630458,0.1130092,-3.326065,-0.7979955,-0.4438396,0.407688,0.0,0.0,0.0,0.0,0.0,0.0,0.0,2.895641,0.4337518,1.730123,0.9061627,0.1146746,-3.27596,0.1342195,-0.5899629,0.1207921,0.7869805,20.71882,286.6413,1.945481,0.3008783,0.03085371,-0.953163,-0.3229261,0.01566012,0.09082744,-0.4322363,-0.9858653,-3.124331,0.3087004,-0.4007998,2.069001,0.2747062,0.03175303,0.9610038,-0.3484912,0.9347888,0.06873056,-0.8961532,-0.353782,0.2678579,static,-62.93796,-47.43103,8.486081,-10.96335,-7.404029807538885,-8.25073417693028
05/11/2023 10:30:31.920399,3350,True,True,True,True,Eyes,0.9599663,0.113087,-3.324991,-0.7970513,-0.4426741,0.4107905,0.0,0.0,0.0,0.0,0.0,0.0,0.0,2.880583,0.4418145,1.743168,0.8977174,0.1146498,-3.273003,0.1352508,-0.5866503,0.1206457,0.7892993,20.79715,287.1138,1.947001,0.2985955,0.03103105,-0.9538749,-0.3035505,0.01472051,0.0853778,-0.4407948,-0.9870266,-3.111982,0.3087002,-0.4008,2.069,0.2825722,0.03176135,0.9587201,-0.349141,0.9343037,0.07195298,-0.8934504,-0.3550603,0.2750974,static,-62.73398,-47.13945,8.486077,-10.96336,-7.388266664596094,-8.164979626747773
05/11/2023 10:30:31.940082,3351,True,True,True,True,Eyes,0.9566616,0.1131419,-3.32384,-0.7959703,-0.4416235,0.4140049,0.0,0.0,0.0,0.0,0.0,0.0,0.0,2.866529,0.4507759,1.753654,0.8891698,0.1141171,-3.269839,0.1364748,-0.5835673,0.1206351,0.791373,20.90394,287.5472,1.941571,0.2964664,0.03119455,-0.9545335,-0.2853375,0.01383728,0.08025513,-0.4488089,-0.9889264,-3.100931,0.3087006,-0.4007997,2.069001,0.2897929,0.03165031,0.956566,-0.3502191,0.9336436,0.07520749,-0.8907114,-0.3568023,0.2816478,static,-62.51989,-46.8488,8.486087,-10.96335,-7.371214263220137,-8.079441857886422
05/11/2023 10:30:31.960569,3352,True,True,True,True,Eyes,0.9531283,0.1131911,-3.322617,-0.7948743,-0.4406395,0.417147,0.0,0.0,0.0,0.0,0.0,0.0,0.0,2.851181,0.4636938,1.765425,0.8807132,0.1135716,-3.266866,0.1379877,-0.5802361,0.1198882,0.7936702,20.98726,288.0035,1.85192,0.2944695,0.03134514,-0.9551464,-0.2682172,0.01300704,0.07543982,-0.4558135,-0.9925827,-3.089586,0.3087,-0.4007999,2.069001,0.2979059,0.03017258,0.9541183,-0.3504343,0.9331725,0.07990643,-0.8879459,-0.3581603,0.2885711,static,-62.30968,-46.56879,8.48607,-10.96335,-7.354293481365208,-7.997014557076468
05/11/2023 10:30:31.975842,3353,True,True,True,True,Eyes,0.9493752,0.1132289,-3.321332,-0.7936177,-0.4397758,0.4204381,0.0,0.0,0.0,0.0,0.0,0.0,0.0,2.834131,0.4822205,1.778115,0.8720012,0.1133912,-3.263937,0.1402352,-0.576528,0.1186839,0.7961556,21.10924,288.4927,1.675868,0.292587,0.03148403,-0.9557202,-0.2521242,0.01222662,0.07091343,-0.462047,-0.9978299,-3.077272,0.3087006,-0.4007998,2.069001,0.3070592,0.02728279,0.9512993,-0.3506808,0.9324964,0.08644878,-0.8847247,-0.3601473,0.2958992,static,-62.08652,-46.2878,8.486085,-10.96335,-7.335792980316381,-7.914234372065995
05/11/2023 10:30:31.990733,3354,True,True,True,True,Eyes,0.9493752,0.1132289,-3.321332,-0.7936177,-0.4397758,0.4204381,0.0,0.0,0.0,0.0,0.0,0.0,0.0,2.815443,0.5005603,1.793358,0.8632805,0.1130626,-3.261192,0.1422459,-0.5724853,0.1171748,0.7989348,21.1894,289.0323,1.497268,0.2908016,0.03161223,-0.9562608,-0.2369967,0.01149302,0.06665862,-0.4702327,-0.9986117,-3.067276,0.3087001,-0.4007998,2.069001,0.3170615,0.02436268,0.948092,-0.3500974,0.9320723,0.09312873,-0.8814214,-0.361452,0.3040535,static,-62.08652,-46.2878,8.486073,-10.96335,-7.335792980316381,-7.914234372065995
05/11/2023 10:30:32.010607,3355,True,True,True,True,Eyes,0.9493752,0.1132289,-3.321332,-0.7936177,-0.4397758,0.4204381,0.0,0.0,0.0,0.0,0.0,0.0,0.0,2.797818,0.5135469,1.808309,0.8545465,0.112473,-3.258618,0.143333,-0.5687231,0.1154736,0.8016705,21.17125,289.5484,1.358622,0.289194,0.03172749,-0.9567444,-0.2227769,0.01080344,0.06265911,-0.4775476,-1.002351,-3.054557,0.3086999,-0.4008001,2.069,0.3264397,0.02210987,0.9449595,-0.3481771,0.932243,0.09846675,-0.8787549,-0.3611567,0.3120193,static,-62.08652,-46.2878,8.486069,-10.96336,-7.335792980316381,-7.914234372065995
05/11/2023 10:30:32.020195,3356,True,True,True,True,Eyes,0.9446617,0.1131778,-3.319821,-0.7933204,-0.44148,0.4192112,0.0,0.0,0.0,0.0,0.0,0.0,0.0,2.782616,0.5218341,1.820625,0.8458394,0.1116724,-3.256075,0.1435406,-0.5656058,0.1132159,0.8041569,21.03447,289.9832,1.210132,0.2877464,0.03183116,-0.9571773,-0.2094103,0.01015524,0.05889956,-0.4867039,-1.001567,-3.039583,0.3086998,-0.4007998,2.069001,0.3345445,0.01971194,0.9421737,-0.3444615,0.9331565,0.1027872,-0.8771694,-0.3589295,0.3189723,static,-62.14685,-46.48209,8.486066,-10.96335,-7.336886798890513,-7.970977104578961
05/11/2023 10:30:32.040436,3357,True,True,True,True,Eyes,0.9397523,0.1130702,-3.318269,-0.7929409,-0.4430351,0.4182878,0.0,0.0,0.0,0.0,0.0,0.0,0.0,2.766238,0.5310338,1.83339,0.8365517,0.111119,-3.253187,0.143673,-0.5623641,0.110227,0.8068177,20.84317,290.4294,0.9977187,0.2863287,0.03192559,-0.9575992,-0.1968457,0.009545922,0.05536558,-0.4969113,-0.9985985,-3.024969,0.3087005,-0.4007998,2.069001,0.3431933,0.01627309,0.9391239,-0.3394592,0.9344162,0.1078604,-0.8757773,-0.3558111,0.3262094,static,-62.18771,-46.64576,8.486081,-10.96335,-7.336568107590892,-8.018724688782239
05/11/2023 10:30:32.060683,3358,True,True,True,True,Eyes,0.9346493,0.1129107,-3.316684,-0.7924581,-0.4445186,0.4176284,0.0,0.0,0.0,0.0,0.0,0.0,0.0,2.748811,0.5438349,1.847062,0.8272339,0.1095596,-3.250698,0.1442163,-0.5587853,0.1073047,0.8095964,20.69754,290.9136,0.7702336,0.2849327,0.03201014,-0.9580126,-0.185035,0.008973167,0.05204365,-0.5080324,-0.994334,-3.007243,0.3087003,-0.4007997,2.069001,0.3524894,0.01257512,0.9357314,-0.334919,0.9353747,0.1135934,-0.873831,-0.3534347,0.3339213,static,-62.2106,-46.78647,8.486077,-10.96335,-7.334770664829226,-8.059709608930493
05/11/2023 10:30:32.070482,3359,True,True,True,True,Eyes,0.9293671,0.1127069,-3.315068,-0.7918695,-0.4459368,0.4172328,0.0,0.0,0.0,0.0,0.0,0.0,0.0,2.732605,0.5546288,1.859531,0.8178092,0.1081262,-3.248398,0.1447146,-0.5553541,0.1049295,0.8121759,20.58603,291.3804,0.5940946,0.2835515,0.03208436,-0.9584199,-0.1739329,0.008434777,0.04892103,-0.5184945,-0.990905,-2.989924,0.3087004,-0.4007999,2.069001,0.3611435,0.009706642,0.9324598,-0.331178,0.936095,0.1185215,-0.8717206,-0.3516134,0.3412793,static,-62.21544,-46.90462,8.486081,-10.96335,-7.331471301898749,-8.09404760905809
05/11/2023 10:30:32.090367,3360,True,True,True,True,Eyes,0.923901,0.1124529,-3.313424,-0.79113,-0.4473901,0.4170795,0.0,0.0,0.0,0.0,0.0,0.0,0.0,2.716411,0.5677397,1.871102,0.8085011,0.1067776,-3.2461,0.145791,-0.5518516,0.1030309,0.8146102,20.56325,291.8464,0.4253054,0.2821785,0.03214809,-0.9588228,-0.1634969,0.007928691,0.04598577,-0.5299457,-0.9849949,-2.971166,0.3086999,-0.4008,2.069,0.369689,0.006949954,0.9291295,-0.32877,0.9362592,0.1238102,-0.8690457,-0.3512412,0.3484097,static,-62.20204,-47.00812,8.48607,-10.96336,-7.326385141030676,-8.124034866662015
05/11/2023 10:30:32.110412,3361,True,True,True,True,Eyes,0.9182582,0.1121884,-3.311756,-0.7902614,-0.448815,0.4171954,0.0,0.0,0.0,0.0,0.0,0.0,0.0,2.697576,0.5844898,1.88501,0.7989748,0.1052723,-3.243819,0.1473606,-0.547756,0.1011418,0.8173243,20.59039,292.3848,0.2384588,0.2808082,0.03220097,-0.9592233,-0.1536871,0.007452969,0.04322662,-0.541265,-0.97989,-2.952204,0.3087003,-0.4008003,2.069,0.3794677,0.00389603,0.9251969,-0.3267665,0.9361104,0.1300807,-0.8655796,-0.3516847,0.3564968,moving,-62.16949,-47.09104,8.486082,-10.96337,-7.319594737309876,-8.147944425427266
05/11/2023 10:30:32.120208,3362,True,True,True,True,Eyes,0.9124347,0.1118856,-3.310061,-0.7892264,-0.4503059,0.4175479,0.0,0.0,0.0,0.0,0.0,0.0,0.0,2.678982,0.6004012,1.898747,0.7894078,0.1046601,-3.24169,0.148945,-0.5436925,0.09923197,0.8199798,20.61992,292.9154,0.047498,0.2794351,0.03224385,-0.9596228,-0.1444659,0.007005791,0.04063302,-0.5521824,-0.9746741,-2.936098,0.3055358,-0.3987891,2.068749,0.389103,0.0007758975,0.9211939,-0.324697,0.9359368,0.1363604,-0.8620735,-0.3521671,0.3644277,moving,-62.11849,-47.16166,8.40134,-10.91097,-7.31091378565293,-8.16818460870158
05/11/2023 10:30:32.140121,3363,True,True,True,True,Eyes,0.9064494,0.1115201,-3.308359,-0.7880666,-0.4517567,0.4181708,0.0,0.0,0.0,0.0,0.0,0.0,0.0,2.659035,0.6177377,1.91314,0.779595,0.103369,-3.2394,0.1506843,-0.5393448,0.0974337,0.8227443,20.67399,293.4821,359.8643,0.2780548,0.03227665,-0.9600226,-0.1357979,0.006585444,0.03819504,-0.5616465,-0.9714751,-2.918882,0.3024734,-0.396842,2.068507,0.3992277,-0.002215604,0.9168492,-0.3228676,0.9356018,0.1428486,-0.8581223,-0.3530501,0.3728028,moving,-62.04829,-47.21096,8.31928,-10.86021,-7.3005468051798745,-8.182131922733234
05/11/2023 10:30:32.160612,3364,True,True,True,True,Eyes,0.9003097,0.1111154,-3.306644,-0.7867877,-0.4532432,0.4189697,0.0,0.0,0.0,0.0,0.0,0.0,0.0,2.640501,0.6307311,1.927486,0.7700397,0.1014437,-3.237595,0.151781,-0.5351893,0.09602495,0.8254176,20.69226,294.0383,359.7586,0.2766632,0.03229861,-0.9604238,-0.12765,0.006190317,0.03590334,-0.5709511,-0.9682513,-2.90371,0.2992627,-0.3948013,2.068252,0.4087034,-0.003941675,0.9126588,-0.3209845,0.9354835,0.1477823,-0.8543597,-0.3533484,0.3810701,moving,-61.9644,-47.25027,8.233192,-10.80698,-7.288805539237765,-8.193105815682614
05/11/2023 10:30:32.170422,3365,True,True,True,True,Eyes,0.8940215,0.1106912,-3.304911,-0.7854141,-0.4546974,0.4199702,0.0,0.0,0.0,0.0,0.0,0.0,0.0,2.625324,0.6400397,1.93793,0.7604529,0.1000768,-3.235622,0.1526023,-0.5317305,0.09488741,0.8276301,20.70188,294.5022,359.6801,0.2752568,0.03230969,-0.9608274,-0.119991,0.005818898,0.03374914,-0.5804956,-0.9658718,-2.891705,0.2960373,-0.3927512,2.067996,0.4165181,-0.005223196,0.9091123,-0.3193499,0.9354179,0.1516873,-0.8511922,-0.3535055,0.3879505,moving,-61.86606,-47.27364,8.146647,-10.75348,-7.2757918761869655,-8.199374313807244
05/11/2023 10:30:32.191164,3366,True,True,True,True,Eyes,0.8875702,0.1102842,-3.303151,-0.7839452,-0.4561438,0.4211445,0.0,0.0,0.0,0.0,0.0,0.0,0.0,2.60944,0.6511698,1.948385,0.7508652,0.09912816,-3.233539,0.1537222,-0.5281618,0.09358778,0.8298531,20.73171,294.9714,359.568,0.2738331,0.03231044,-0.9612342,-0.1127916,0.005469765,0.03172419,-0.5914756,-0.9624239,-2.882254,0.2927553,-0.3906652,2.067736,0.4245729,-0.007052184,0.9053664,-0.3177086,0.9352217,0.1562747,-0.8478203,-0.3539926,0.3948292,moving,-61.75479,-47.2846,8.058523,-10.699,-7.261578456260067,-8.201970594631359
05/11/2023 10:30:32.210452,3367,True,True,True,True,Eyes,0.7228238,0.1023517,-3.258644,-0.7431216,-0.4912063,0.454408,0.0,0.0,0.0,0.0,0.0,0.0,0.0,2.591197,0.6644652,1.960438,0.7408006,0.09904832,-3.231183,0.1550607,-0.5242112,0.09161545,0.8323253,20.74281,295.4805,359.3835,0.2723893,0.03230243,-0.9616445,-0.1060241,0.005141579,0.02982074,-0.6041245,-0.9558021,-2.879389,0.2894389,-0.388557,2.067472,0.4336185,-0.01006143,0.9010403,-0.3150769,0.9351255,0.1620703,-0.8442165,-0.3541736,0.4023176,moving,-58.55482,-47.22853,7.969414,-10.64391,-6.865081226179265,-8.168815443593772
05/11/2023 10:30:32.230325,3368,True,True,True,True,Eyes,0.7224323,0.1023905,-3.258547,-0.7429662,-0.4912489,0.4546161,0.0,0.0,0.0,0.0,0.0,0.0,0.0,2.573968,0.675681,1.972158,0.7311662,0.1008079,-3.229009,0.1565496,-0.5203876,0.0901795,0.8345998,20.8038,295.9719,359.2396,0.2655089,0.03211846,-0.963573,-0.5939019,-0.01896441,0.1615533,-0.611032,-0.9574967,-2.870602,0.285946,-0.386337,2.067196,0.442129,-0.01240531,0.8968657,-0.3134604,0.9347198,0.1674559,-0.8403956,-0.355169,0.4093781,moving,-58.53781,-47.21793,7.875495,-10.58586,-6.863313794907041,-8.165647365167729
05/11/2023 10:30:32.245165,3369,True,True,True,True,Eyes,0.7216435,0.1025668,-3.258346,-0.74276,-0.4911379,0.4550727,0.0,0.0,0.0,0.0,0.0,0.0,0.0,2.555371,0.6878065,1.984854,0.7216889,0.1016943,-3.22668,0.1578353,-0.5164151,0.08819716,0.8370333,20.81303,296.4812,359.0579,0.2597962,0.0319618,-0.9651341,-0.5582678,-0.01782655,0.1518601,-0.6181451,-0.9589463,-2.858081,0.2831374,-0.3845516,2.066973,0.4510735,-0.01536913,0.8923545,-0.310665,0.9346185,0.1731341,-0.836672,-0.3553195,0.416807,moving,-58.50511,-47.1828,7.799925,-10.53914,-6.860403287262939,-8.15527269294191
05/11/2023 10:30:32.260445,3370,True,True,True,True,Eyes,0.7204952,0.1028724,-3.258057,-0.7424974,-0.4909551,0.4556981,0.0,0.0,0.0,0.0,0.0,0.0,0.0,2.536982,0.691613,1.999413,0.7116518,0.1050527,-3.224093,0.1574761,-0.5128037,0.08414365,0.8397343,20.53469,296.9536,358.7645,0.2550289,0.03183277,-0.966409,-0.5247717,-0.01675696,0.1427485,-0.6264976,-0.9559619,-2.85162,0.2798254,-0.3824462,2.06671,0.4599044,-0.02019205,0.8877388,-0.3028252,0.9362423,0.1781778,-0.8347364,-0.3507745,0.4244673,moving,-58.46103,-47.13293,7.71076,-10.48403,-6.856562922423566,-8.14055730972553
05/11/2023 10:30:32.270394,3371,True,True,True,True,Eyes,0.7189779,0.1031319,-3.257677,-0.7421992,-0.4905424,0.4566273,0.0,0.0,0.0,0.0,0.0,0.0,0.0,2.519525,0.696548,2.012784,0.7021592,0.1083512,-3.221756,0.1575501,-0.5092673,0.08078572,0.8421988,20.34425,297.4108,358.5091,0.2510252,0.03173152,-0.96746,-0.4932854,-0.01575154,0.1341836,-0.636372,-0.9510558,-2.84097,0.2768945,-0.3805836,2.066478,0.4682411,-0.02439492,0.8832641,-0.2965454,0.9373033,0.1830939,-0.8323529,-0.3476599,0.4316497,moving,-58.3987,-47.0507,7.631804,-10.43524,-6.851519382685,-8.116347889205723
05/11/2023 10:30:32.290771,3372,True,True,True,True,Eyes,0.7171482,0.1034255,-3.257239,-0.7418862,-0.4899953,0.457722,0.0,0.0,0.0,0.0,0.0,0.0,0.0,2.496099,0.7042065,2.031812,0.6921328,0.1073493,-3.219333,0.1565194,-0.5048373,0.0752126,0.8455673,19.91561,297.9922,358.1203,0.2474784,0.0316502,-0.9683761,-0.4636883,-0.01480645,0.1261326,-0.6494805,-0.9387903,-2.828915,0.2736676,-0.3785326,2.066221,0.4789647,-0.03083906,0.8772923,-0.2852283,0.9396895,0.1887551,-0.8302034,-0.3406357,0.4412819,moving,-58.32663,-46.95038,7.54482,-10.38149,-6.845860774320706,-8.086833515661077
05/11/2023 10:30:32.310613,3373,True,True,True,True,Eyes,0.7150083,0.1037024,-3.256725,-0.7415283,-0.4893951,0.4589425,0.0,0.0,0.0,0.0,0.0,0.0,0.0,2.480917,0.7005758,2.045815,0.6830477,0.1083981,-3.217579,0.1547004,-0.5017708,0.07130028,0.8480626,19.50834,298.4185,357.9138,0.2442343,0.03158626,-0.9692014,-0.435867,-0.01391806,0.1185646,-0.6615704,-0.9268534,-2.818339,0.2705253,-0.3765351,2.065972,0.4862847,-0.03431411,0.8731264,-0.2761825,0.9419681,0.1908384,-0.8290056,-0.333944,0.4485877,moving,-58.24604,-46.83923,7.460056,-10.32911,-6.839499209774799,-8.054129031238418
05/11/2023 10:30:32.330582,3374,True,True,True,True,Eyes,0.7125845,0.1039341,-3.256118,-0.7410159,-0.488948,0.4602449,0.0,0.0,0.0,0.0,0.0,0.0,0.0,2.474171,0.6937758,2.049641,0.673552,0.1083395,-3.215348,0.1536627,-0.4999184,0.07093999,0.8493745,19.38794,298.6964,357.9874,0.2412546,0.03153764,-0.9699489,-0.4097149,-0.01308298,0.1114507,-0.6721476,-0.9186906,-2.805959,0.2672541,-0.3744553,2.065713,0.4900983,-0.03312831,0.8710374,-0.2741468,0.9427106,0.1901059,-0.8274341,-0.3319627,0.4529389,moving,-58.15559,-46.73207,7.371763,-10.27453,-6.831778452437015,-8.02253131483129
05/11/2023 10:30:32.340080,3375,True,True,True,True,Eyes,0.7099059,0.1041598,-3.255427,-0.7403322,-0.4886314,0.4616791,0.0,0.0,0.0,0.0,0.0,0.0,0.0,2.463503,0.6910508,2.056006,0.6644883,0.1075598,-3.212545,0.1533158,-0.4973179,0.0712534,0.8509361,19.37777,299.069,358.1029,0.2385058,0.03150167,-0.9706298,-0.385132,-0.012298,0.1047637,-0.6797181,-0.9132953,-2.793562,0.2640495,-0.3724188,2.065458,0.4951959,-0.03122923,0.8682199,-0.2737576,0.9428344,0.1900528,-0.8245228,-0.3317951,0.4583384,moving,-58.0519,-46.62457,7.285214,-10.22107,-6.8224207393710445,-7.990765050545565
05/11/2023 10:30:32.360371,3376,True,True,True,True,Eyes,0.7070024,0.1044042,-3.254643,-0.7394199,-0.4885855,0.4631873,0.0,0.0,0.0,0.0,0.0,0.0,0.0,2.450408,0.6981604,2.06228,0.6559366,0.1076308,-3.209842,0.1547381,-0.4942115,0.07183809,0.852438,19.56133,299.4734,358.1469,0.2359583,0.03147706,-0.971253,-0.3620241,-0.01156012,0.09847786,-0.6845375,-0.9125766,-2.781883,0.2607679,-0.370333,2.065198,0.5011886,-0.03047169,0.8648015,-0.2754218,0.9417908,0.1928029,-0.8203372,-0.3348157,0.4636222,moving,-57.93616,-46.52858,7.196522,-10.16628,-6.811182864974273,-7.962277925236971
05/11/2023 10:30:32.371079,3377,True,True,True,True,Eyes,0.7038627,0.1046182,-3.253745,-0.7383591,-0.4885711,0.4648916,0.0,0.0,0.0,0.0,0.0,0.0,0.0,2.436582,0.7021157,2.070259,0.6478586,0.1084033,-3.206929,0.1558513,-0.4909713,0.07282022,0.8540229,19.73719,299.9079,358.2553,0.2335862,0.0314634,-0.9718266,-0.3403027,-0.01086651,0.09256919,-0.6906475,-0.9090928,-2.769289,0.2576279,-0.3683376,2.064949,0.5072888,-0.0286568,0.8612996,-0.2774173,0.9408152,0.1946959,-0.8159031,-0.3377064,0.4693152,moving,-57.80433,-46.42266,7.111609,-10.11383,-6.79826995912916,-7.930822149897229
05/11/2023 10:30:32.390662,3378,True,True,True,True,Eyes,0.7005149,0.104892,-3.252733,-0.737216,-0.4886022,0.4666695,0.0,0.0,0.0,0.0,0.0,0.0,0.0,2.419452,0.7048097,2.081194,0.6392956,0.1079188,-3.203362,0.156205,-0.4872706,0.07287063,0.8560709,19.78311,300.4118,358.3275,0.2313659,0.03145887,-0.9723577,-0.3198845,-0.01021452,0.08701503,-0.6977497,-0.9046369,-2.757071,0.2541874,-0.3661504,2.064675,0.5145144,-0.0274634,0.8570419,-0.2769931,0.9405797,0.1964297,-0.8115108,-0.3384606,0.4763347,moving,-57.66554,-46.31526,7.018513,-10.05631,-6.784539512840266,-7.898899864905002
05/11/2023 10:30:32.410481,3379,True,True,True,True,Eyes,0.696959,0.1051923,-3.251596,-0.7360021,-0.4886214,0.4685615,0.0,0.0,0.0,0.0,0.0,0.0,0.0,2.404192,0.7033442,2.09131,0.6311741,0.1096558,-3.199688,0.1558492,-0.4841763,0.071658,0.8579916,19.68354,300.8316,358.2988,0.2292771,0.03146453,-0.9728522,-0.3006914,-0.009601649,0.08179413,-0.7094366,-0.8934451,-2.745487,0.2513396,-0.3643402,2.06445,0.5208768,-0.02795309,0.8531741,-0.2738809,0.9411523,0.1980444,-0.8085027,-0.3368248,0.4825686,moving,-57.51792,-46.20059,6.941399,-10.00867,-6.769949951932569,-7.864819710455985
05/11/2023 10:30:32.420595,3380,True,True,True,True,Eyes,0.6932023,0.1054519,-3.25034,-0.734619,-0.4887958,0.4705461,0.0,0.0,0.0,0.0,0.0,0.0,0.0,2.387285,0.7116835,2.099182,0.6228529,0.1104952,-3.195626,0.1566536,-0.4809443,0.06943052,0.8598441,19.64429,301.2304,358.0964,0.2273018,0.03148033,-0.9733152,-0.2826499,-0.00902555,0.07688648,-0.7245541,-0.876364,-2.737366,0.2480061,-0.3622211,2.064186,0.527744,-0.03128444,0.8488272,-0.2700821,0.9412782,0.2026109,-0.8053212,-0.3361797,0.4883045,moving,-57.35918,-46.08982,6.851086,-9.952868,-6.753847319098032,-7.831813543453937
05/11/2023 10:30:32.449977,3381,True,True,True,True,Eyes,0.6892661,0.1056851,-3.248997,-0.7330592,-0.4890545,0.4727049,0.0,0.0,0.0,0.0,0.0,0.0,0.0,2.359909,0.7340357,2.11393,0.6146415,0.1095905,-3.191689,0.1586984,-0.475893,0.0654882,0.8625845,19.64019,301.8274,357.6835,0.225423,0.0315042,-0.9737512,-0.2656909,-0.008484016,0.07227329,-0.737304,-0.865606,-2.728933,0.2448698,-0.3602276,2.063937,0.5384743,-0.0380687,0.8417816,-0.2640252,0.9410522,0.2114508,-0.8002102,-0.3361123,0.4966813,moving,-57.18451,-45.97392,6.766064,-9.900348,-6.7359310537653,-7.797233559950583
05/11/2023 10:30:32.460151,3382,True,True,True,True,Eyes,0.6851599,0.1059033,-3.24755,-0.7313022,-0.4895572,0.4749008,0.0,0.0,0.0,0.0,0.0,0.0,0.0,2.332119,0.7578921,2.129035,0.6067624,0.1090046,-3.188405,0.1613241,-0.470581,0.06245908,0.8652323,19.75201,302.4545,357.3357,0.2236266,0.03153468,-0.9741644,-0.2497495,-0.007974975,0.0679369,-0.7475064,-0.8589447,-2.71927,0.2414802,-0.3580737,2.063668,0.5493049,-0.04374886,0.834476,-0.2599153,0.9401468,0.2203815,-0.7941713,-0.3379498,0.5050562,moving,-57.00069,-45.87063,6.674119,-9.843573,-6.716459307002634,-7.766267461488966
05/11/2023 10:30:32.469961,3383,True,True,True,True,Eyes,0.6809062,0.1061045,-3.245994,-0.7293404,-0.4902402,0.4772077,0.0,0.0,0.0,0.0,0.0,0.0,0.0,2.310738,0.7702785,2.139894,0.5988604,0.1088425,-3.184572,0.1631236,-0.4662333,0.06197959,0.8672807,19.92208,302.9991,357.2809,0.2219002,0.03157081,-0.9745579,-0.2347645,-0.007496476,0.06386068,-0.7553216,-0.8570114,-2.711755,0.2383699,-0.3560964,2.063422,0.5575702,-0.04459988,0.8289309,-0.2596147,0.9390985,0.225154,-0.7884895,-0.3407418,0.5120345,moving,-56.80326,-45.77179,6.589693,-9.791413,-6.695146356549704,-7.736521950146941
05/11/2023 10:30:32.490555,3384,True,True,True,True,Eyes,0.6765277,0.106283,-3.244326,-0.7271239,-0.4912459,0.4795502,0.0,0.0,0.0,0.0,0.0,0.0,0.0,2.292899,0.7807497,2.147156,0.5913071,0.1086679,-3.180532,0.1653512,-0.462331,0.06357946,0.8688307,20.2498,303.4996,357.4088,0.2202331,0.03161165,-0.9749346,-0.2206786,-0.007046687,0.06002904,-0.7617534,-0.8590943,-2.707981,0.23517,-0.3540628,2.063168,0.5644154,-0.04241437,0.8244007,-0.2633735,0.9372333,0.2285349,-0.7823489,-0.3461139,0.5178181,moving,-56.59449,-45.69024,6.502789,-9.737746,-6.671850746348638,-7.711737917426119
05/11/2023 10:30:32.510193,3385,True,True,True,True,Eyes,0.672043,0.1064446,-3.24255,-0.7246091,-0.49254,0.4820229,0.0,0.0,0.0,0.0,0.0,0.0,0.0,2.272982,0.795405,2.154664,0.584206,0.10838,-3.176263,0.1684976,-0.4579586,0.06610534,0.870352,20.72307,304.0555,357.5943,0.2186158,0.0316562,-0.9752972,-0.2074379,-0.006623886,0.0564273,-0.764024,-0.8674894,-2.700547,0.231969,-0.3520281,2.062914,0.5718081,-0.03925997,0.8194476,-0.2693996,0.9344773,0.2327574,-0.7748932,-0.3538514,0.5237651,moving,-56.36744,-45.61829,6.415802,-9.684018,-6.64596250920579,-7.689645484635549
05/11/2023 10:30:32.530429,3386,True,True,True,True,Eyes,0.6674535,0.1066542,-3.240677,-0.7235605,-0.492035,0.4841092,0.0,0.0,0.0,0.0,0.0,0.0,0.0,2.249316,0.8141573,2.164411,0.5774928,0.1080833,-3.172029,0.1722211,-0.4528751,0.0686532,0.8720843,21.25781,304.6958,357.7711,0.217041,0.03170372,-0.9756473,-0.1949916,-0.006226453,0.05304167,-0.7611679,-0.8818279,-2.688148,0.2288285,-0.3500317,2.062664,0.5803818,-0.0362465,0.8135375,-0.275732,0.9312533,0.2381999,-0.7662434,-0.3625652,0.5304881,moving,-56.2149,-45.4652,6.330414,-9.631275,-6.632029291039551,-7.644381662024554
05/11/2023 10:30:32.540184,3387,True,True,True,True,Eyes,0.6627734,0.1068543,-3.238694,-0.7222043,-0.4918424,0.486325,0.0,0.0,0.0,0.0,0.0,0.0,0.0,2.22862,0.8324652,2.170735,0.5708582,0.1091606,-3.167655,0.1761408,-0.448392,0.07110388,0.8734205,21.80537,305.249,357.9166,0.2155015,0.03175548,-0.9759868,-0.1832921,-0.005852866,0.04985917,-0.7536408,-0.9002816,-2.673039,0.2253908,-0.3478465,2.062392,0.5877779,-0.03375309,0.808318,-0.2821674,0.9278373,0.2439252,-0.7582208,-0.3714548,0.5358381,moving,-56.04408,-45.32318,6.236882,-9.573504,-6.615454899584891,-7.602236348763438
05/11/2023 10:30:32.560423,3388,True,True,True,True,Eyes,0.6580092,0.1070759,-3.236601,-0.7208477,-0.4914464,0.4887322,0.0,0.0,0.0,0.0,0.0,0.0,0.0,2.205528,0.8508927,2.178854,0.5642776,0.1092406,-3.163136,0.1796752,-0.4435664,0.0729287,0.8750127,22.28002,305.8493,358.0325,0.2139918,0.0318109,-0.9763171,-0.1722946,-0.005501694,0.04686762,-0.7453519,-0.9198569,-2.661093,0.2223943,-0.3459419,2.062154,0.5958605,-0.03176868,0.8024594,-0.2870228,0.9247965,0.2497387,-0.7500456,-0.3791336,0.5419313,moving,-55.86287,-45.15866,6.155313,-9.523128,-6.598330163160156,-7.553501927141501
05/11/2023 10:30:32.570180,3389,True,True,True,True,Eyes,0.6531851,0.1073196,-3.234399,-0.7193816,-0.4910624,0.4912716,0.0,0.0,0.0,0.0,0.0,0.0,0.0,2.184047,0.8562489,2.190096,0.5578229,0.1098526,-3.158561,0.1807102,-0.4392884,0.07340127,0.8769162,22.42191,306.4141,358.1381,0.2125068,0.03187041,-0.9766395,-0.1619569,-0.005171592,0.04405556,-0.7394156,-0.9353294,-2.649537,0.2192579,-0.3439486,2.061904,0.6032759,-0.03003425,0.7969669,-0.2875013,0.9239122,0.2524467,-0.7439095,-0.381424,0.548739,moving,-55.67051,-44.9878,6.069883,-9.470375,-6.58002679344258,-7.502867489584918
05/11/2023 10:30:32.590761,3390,True,True,True,True,Eyes,0.6482949,0.1075472,-3.232079,-0.7181091,-0.490215,0.4939722,0.0,0.0,0.0,0.0,0.0,0.0,0.0,2.16771,0.8531569,2.199224,0.5517532,0.1106933,-3.153846,0.1804185,-0.4361029,0.07364543,0.8785442,22.41083,306.8577,358.2668,0.2110434,0.03193437,-0.9769546,-0.1522395,-0.004861297,0.04141223,-0.7381168,-0.9404469,-2.634692,0.216054,-0.3419121,2.06165,0.6087813,-0.02796047,0.7928452,-0.2867635,0.924051,0.2527772,-0.7396972,-0.3812451,0.554527,moving,-55.47674,-44.78127,5.982567,-9.41645,-6.562725891546083,-7.441866530153447
05/11/2023 10:30:32.610534,3391,True,True,True,True,Eyes,0.6433398,0.107782,-3.229632,-0.7168595,-0.4892387,0.4967475,0.0,0.0,0.0,0.0,0.0,0.0,0.0,2.153069,0.844949,2.207893,0.5454613,0.1104708,-3.148762,0.1788616,-0.433452,0.07284206,0.8802398,22.21166,307.2406,358.34,0.209597,0.03200202,-0.9772637,-0.1431051,-0.004569619,0.03892749,-0.741545,-0.9375006,-2.621149,0.2124174,-0.3396006,2.061362,0.613627,-0.02681885,0.7891406,-0.2832928,0.9254051,0.2517351,-0.737026,-0.3780293,0.5602559,moving,-55.27999,-44.56367,5.883398,-9.355202,-6.545419607446477,-7.377634969588661
05/11/2023 10:30:32.620193,3392,True,True,True,True,Eyes,0.6383107,0.1079876,-3.227054,-0.7157788,-0.4879566,0.4995588,0.0,0.0,0.0,0.0,0.0,0.0,0.0,2.140027,0.8387607,2.213679,0.5390902,0.1108496,-3.143359,0.1773711,-0.4313903,0.07050302,0.8817434,21.93905,307.5162,358.2269,0.2081653,0.03207334,-0.9775674,-0.1345188,-0.004295442,0.03659184,-0.7478412,-0.9315796,-2.607579,0.2094825,-0.3377351,2.06113,0.6178635,-0.02870116,0.7857614,-0.2773634,0.9271377,0.2519629,-0.7357405,-0.3736201,0.5648839,moving,-55.08791,-44.32687,5.803317,-9.305742,-6.52932874399314,-7.307852071488216
05/11/2023 10:30:32.640562,3393,True,True,True,True,Eyes,0.6332147,0.1081216,-3.224351,-0.7146314,-0.4866733,0.5024451,0.0,0.0,0.0,0.0,0.0,0.0,0.0,2.122221,0.8427124,2.219682,0.532501,0.1101954,-3.137718,0.177195,-0.4285054,0.06761967,0.8834097,21.77868,307.8633,358.0014,0.2067445,0.03214726,-0.9778665,-0.1264477,-0.004037715,0.03439633,-0.7555005,-0.9243745,-2.594616,0.2064601,-0.335814,2.06089,0.6236214,-0.03238627,0.7810555,-0.2713298,0.928059,0.2551208,-0.7331279,-0.3710223,0.5699701,moving,-54.8896,-44.08648,5.720807,-9.254786,-6.512580896467836,-7.23699373786132
05/11/2023 10:30:32.660049,3394,True,True,True,True,Eyes,0.6280669,0.1081902,-3.221531,-0.713606,-0.4852725,0.5052494,0.0,0.0,0.0,0.0,0.0,0.0,0.0,2.104395,0.8482426,2.22504,0.525996,0.1085314,-3.132147,0.1773209,-0.4255093,0.06538052,0.8849998,21.68466,308.2278,357.8303,0.2053321,0.03222148,-0.9781615,-0.1188608,-0.003795453,0.03233255,-0.76245,-0.9185213,-2.581994,0.2031046,-0.3336812,2.060623,0.6293346,-0.03517991,0.7763379,-0.2666269,0.9285654,0.2582179,-0.7299645,-0.369498,0.5749984,moving,-54.70063,-43.84461,5.629157,-9.198186,-6.497044617365725,-7.1657548351308575
05/11/2023 10:30:32.680088,3395,True,True,True,True,Eyes,0.6228716,0.1082082,-3.218569,-0.7124749,-0.4839888,0.5080693,0.0,0.0,0.0,0.0,0.0,0.0,0.0,2.091681,0.8525515,2.226041,0.5197771,0.1070072,-3.126598,0.1778758,-0.4232402,0.06483921,0.8860156,21.72097,308.5111,357.7994,0.2039266,0.0322941,-0.9784532,-0.1117292,-0.003567725,0.0303926,-0.7677016,-0.9161367,-2.570508,0.2000433,-0.3317351,2.06038,0.6333272,-0.03567132,0.7730615,-0.2654655,0.9283121,0.2603164,-0.7269282,-0.3700866,0.5784558,moving,-54.50715,-43.60952,5.545494,-9.14651,-6.4807230023424145,-7.0964611645502815
05/11/2023 10:30:32.695440,3396,True,True,True,True,Eyes,0.6176204,0.1081997,-3.215464,-0.7113019,-0.4827698,0.510865,0.0,0.0,0.0,0.0,0.0,0.0,0.0,2.077772,0.8579779,2.226648,0.5135931,0.1058031,-3.120297,0.1788126,-0.4207799,0.06471135,0.8870077,21.81894,308.8178,357.7972,0.2025254,0.03236395,-0.9787418,-0.1050254,-0.003353662,0.02856904,-0.7710761,-0.9160811,-2.557682,0.1967911,-0.3296682,2.060122,0.6375135,-0.03568258,0.7696124,-0.2652804,0.927677,0.2627579,-0.7233276,-0.3716748,0.5819407,moving,-54.31367,-43.38039,5.456565,-9.091596,-6.464204559954497,-7.0288983648139025
05/11/2023 10:30:32.710638,3397,True,True,True,True,Eyes,0.6123261,0.1081597,-3.212216,-0.7099648,-0.4817186,0.5137092,0.0,0.0,0.0,0.0,0.0,0.0,0.0,2.060552,0.866792,2.228741,0.5072113,0.1051178,-3.113868,0.1802101,-0.4177512,0.06408176,0.8882014,21.94191,309.1816,357.7305,0.2011277,0.03243061,-0.9790278,-0.09872392,-0.003152442,0.0268549,-0.7735534,-0.9167246,-2.544257,0.1936514,-0.3276722,2.059874,0.6427549,-0.03673099,0.7651908,-0.264401,0.9268357,0.2665854,-0.7189981,-0.3736663,0.5860165,moving,-54.11163,-43.15929,5.370664,-9.038532,-6.44635533565179,-6.963622462114807
05/11/2023 10:30:32.720322,3398,True,True,True,True,Eyes,0.6069967,0.1080547,-3.208829,-0.7085018,-0.4807874,0.5165933,0.0,0.0,0.0,0.0,0.0,0.0,0.0,2.041563,0.8771087,2.231611,0.5010883,0.1042961,-3.107317,0.1819618,-0.4143361,0.06398714,0.8894501,22.13042,309.5974,357.7133,0.1997319,0.0324936,-0.9793113,0.0,0.0,0.0,-0.7761639,-0.9187047,-2.532153,0.190354,-0.3255764,2.059612,0.6484626,-0.03695993,0.7603488,-0.2646134,0.9255911,0.2706674,-0.7137759,-0.3767162,0.590431,moving,-53.90291,-42.94397,5.280404,-8.982789,-6.427483667255245,-6.89998993582932
05/11/2023 10:30:32.740557,3399,True,True,True,True,Eyes,0.6016476,0.1079156,-3.205303,-0.7068792,-0.4800158,0.5195253,0.0,0.0,0.0,0.0,0.0,0.0,0.0,2.021483,0.8867404,2.235538,0.4951573,0.1026242,-3.100745,0.1834121,-0.4107477,0.06380342,0.8908286,22.28363,310.0412,357.7086,0.1983372,0.03255147,-0.9795929,0.0,0.0,0.0,-0.7787277,-0.9203132,-2.519834,0.1872051,-0.3235751,2.059362,0.6544309,-0.0369964,0.7552162,-0.264348,0.9245782,0.2743633,-0.7084069,-0.3791917,0.5952926,moving,-53.68574,-42.73642,5.194163,-8.929533,-6.407303496745292,-6.838569378759506
05/11/2023 10:30:32.760512,3400,True,True,True,True,Eyes,0.5962679,0.1077384,-3.201624,-0.7051087,-0.4793307,0.5225551,0.0,0.0,0.0,0.0,0.0,0.0,0.0,2.00212,0.8963206,2.238504,0.489539,0.1016563,-3.093993,0.1850879,-0.4072921,0.06394927,0.8920572,22.47685,310.4673,357.7252,0.1969436,0.0326038,-0.9798723,0.0,0.0,0.0,-0.7805105,-0.922972,-2.507455,0.1839467,-0.321504,2.059104,0.6600474,-0.03667691,0.7503282,-0.2648625,0.9233059,0.2781261,-0.7029832,-0.3823102,0.5997112,moving,-53.45791,-42.52962,5.104874,-8.874387,-6.385771545389171,-6.777310428553563
05/11/2023 10:30:32.771173,3401,True,True,True,True,Eyes,0.5908692,0.1075384,-3.197796,-0.7032008,-0.4787524,0.525647,0.0,0.0,0.0,0.0,0.0,0.0,0.0,1.981214,0.9060183,2.241894,0.483662,0.1005608,-3.086767,0.1867501,-0.4035806,0.06400992,0.8933924,22.66539,310.9261,357.7415,0.1955502,0.03265014,-0.9801498,0.0,0.0,0.0,-0.7822612,-0.924504,-2.49354,0.1807892,-0.3194968,2.058854,0.666051,-0.03636552,0.7450193,-0.2651094,0.9220542,0.282016,-0.6972038,-0.3853486,0.6044943,moving,-53.22165,-42.32685,5.018305,-8.820911,-6.363057094097537,-6.717177402515628
05/11/2023 10:30:32.796252,3402,True,True,True,True,Eyes,0.5854482,0.107307,-3.19382,-0.7011829,-0.478205,0.5288312,0.0,0.0,0.0,0.0,0.0,0.0,0.0,1.959816,0.914623,2.246006,0.4780264,0.09978427,-3.079527,0.1880809,-0.3999114,0.06339172,0.8948062,22.78622,311.3745,357.7009,0.1941572,0.03269052,-0.9804253,0.0,0.0,0.0,-0.7859346,-0.9230524,-2.479707,0.1776261,-0.3174865,2.058603,0.6721047,-0.03698479,0.7395319,-0.2638779,0.9212142,0.2858897,-0.6918408,-0.387294,0.6093929,moving,-52.97645,-42.12202,4.931539,-8.767323,-6.339297775993977,-6.656398986969827
05/11/2023 10:30:32.810413,3403,True,True,True,True,Eyes,0.5800064,0.1070393,-3.189693,-0.699044,-0.4777202,0.5320911,0.0,0.0,0.0,0.0,0.0,0.0,0.0,1.937779,0.9222367,2.250615,0.4723046,0.09876921,-3.072124,0.1891869,-0.3961377,0.06268619,0.8963,22.87992,311.8397,357.6662,0.192764,0.03272472,-0.9806991,0.0,0.0,0.0,-0.792689,-0.9180306,-2.467644,0.1743807,-0.3154235,2.058345,0.6782908,-0.03751684,0.7338352,-0.2622594,0.9205576,0.2894717,-0.6863976,-0.3888011,0.6145666,moving,-52.72271,-41.91802,4.842472,-8.712303,-6.314447943704115,-6.595816588997379
05/11/2023 10:30:32.830133,3404,True,True,True,True,Eyes,0.5745541,0.1067476,-3.185422,-0.696798,-0.4772549,0.535444,0.0,0.0,0.0,0.0,0.0,0.0,0.0,1.916254,0.9273785,2.255336,0.4665783,0.09762292,-3.064535,0.1899015,-0.3924565,0.06207994,0.8978094,22.93695,312.3026,357.661,0.1913699,0.03275239,-0.9809711,0.0,0.0,0.0,-0.8007708,-0.9111933,-2.454906,0.1711308,-0.313358,2.058087,0.684248,-0.03758426,0.7282802,-0.260528,0.920167,0.2922634,-0.6811239,-0.389718,0.6198307,moving,-52.46006,-41.71143,4.753234,-8.657191,-6.288574482263093,-6.534435039967133
05/11/2023 10:30:32.840309,3405,True,True,True,True,Eyes,0.569091,0.106422,-3.180997,-0.6944287,-0.4768959,0.5388311,0.0,0.0,0.0,0.0,0.0,0.0,0.0,1.896111,0.9331234,2.258487,0.4610856,0.09675278,-3.05692,0.1909222,-0.3889833,0.06191702,0.8991147,23.04731,312.7383,357.6837,0.1899758,0.03277357,-0.9812414,0.0,0.0,0.0,-0.807458,-0.9068977,-2.44169,0.1680209,-0.3113812,2.057841,0.6897166,-0.03719007,0.7231238,-0.2598721,0.91943,0.2951525,-0.6758385,-0.3914913,0.6244815,moving,-52.19088,-41.51064,4.667796,-8.604409,-6.261696589014706,-6.474703466505868
05/11/2023 10:30:32.860435,3406,True,True,True,True,Eyes,0.5636231,0.1060771,-3.176435,-0.6919723,-0.4765205,0.5423123,0.0,0.0,0.0,0.0,0.0,0.0,0.0,1.87543,0.9406665,2.260682,0.4555646,0.09560435,-3.04895,0.1922136,-0.3854609,0.06166289,0.900373,23.18275,313.1722,357.6843,0.1885813,0.03278799,-0.9815099,0.0,0.0,0.0,-0.8138506,-0.9033366,-2.429149,0.1648363,-0.309357,2.057588,0.6952351,-0.03714245,0.7178221,-0.2592208,0.9185033,0.2985905,-0.6704123,-0.3936651,0.6289477,moving,-51.91351,-41.30522,4.580264,-8.55034,-6.23395206640412,-6.413584092408553
05/11/2023 10:30:32.870209,3407,True,True,True,True,Eyes,0.5581639,0.1057079,-3.171743,-0.6894125,-0.4762213,0.5458238,0.0,0.0,0.0,0.0,0.0,0.0,0.0,1.853082,0.9476134,2.264761,0.4502383,0.09474105,-3.041273,0.1933372,-0.3816267,0.0612061,0.9017959,23.29198,313.6472,357.6805,0.1871867,0.03279585,-0.9817765,0.0,0.0,0.0,-0.8186976,-0.9023628,-2.417303,0.1614885,-0.3072296,2.057323,0.7012299,-0.0371744,0.7119654,-0.257956,0.9177491,0.3019855,-0.6646319,-0.395417,0.6339637,moving,-51.63053,-41.10411,4.4882,-8.493481,-6.205366845217357,-6.35368682680138
05/11/2023 10:30:32.891002,3408,True,True,True,True,Eyes,0.5527178,0.1053112,-3.166926,-0.6868249,-0.4758663,0.549384,0.0,0.0,0.0,0.0,0.0,0.0,0.0,1.83411,0.9512698,2.267297,0.4451661,0.093814,-3.033569,0.1940934,-0.3783583,0.06130505,0.903003,23.38605,314.0653,357.7424,0.1857927,0.03279716,-0.9820412,0.0,0.0,0.0,-0.8216847,-0.9033705,-2.403558,0.1584887,-0.3053223,2.057084,0.7061733,-0.03615644,0.7071151,-0.257591,0.9171389,0.3041433,-0.6595196,-0.3969244,0.6383455,moving,-51.34405,-40.89851,4.405668,-8.442479,-6.1764942068255895,-6.2924671462775335
05/11/2023 10:30:32.910112,3409,True,True,True,True,Eyes,0.5472882,0.1049089,-3.16197,-0.6841849,-0.4755,0.5529834,0.0,0.0,0.0,0.0,0.0,0.0,0.0,1.817498,0.9512522,2.269359,0.4402162,0.09279063,-3.02585,0.1942859,-0.375508,0.06159438,0.9041312,23.42686,314.4441,357.8431,0.1843991,0.03279181,-0.982304,0.0,0.0,0.0,-0.8248473,-0.903407,-2.390455,0.1552581,-0.3032686,2.056828,0.7103997,-0.03453301,0.7029507,-0.2572906,0.9169183,0.3050614,-0.6550831,-0.3975782,0.6424935,moving,-51.05358,-40.69162,4.316741,-8.387532,-6.147167474355666,-6.230851793975881
05/11/2023 10:30:32.920147,3410,True,True,True,True,Eyes,0.54189,0.104498,-3.156883,-0.6815744,-0.4749297,0.5566849,0.0,0.0,0.0,0.0,0.0,0.0,0.0,1.801778,0.9456382,2.272379,0.4353241,0.09233144,-3.017666,0.1936525,-0.3728559,0.06199942,0.905336,23.38296,314.8167,357.9928,0.1830065,0.03278041,-0.9825648,0.0,0.0,0.0,-0.8272247,-0.904886,-2.376309,0.1520718,-0.3012437,2.056575,0.7142691,-0.03214833,0.6991324,-0.2566696,0.9173096,0.3044075,-0.651107,-0.3968749,0.6469544,moving,-50.75932,-40.4688,4.228993,-8.333328,-6.11789502683176,-6.164590155059693
05/11/2023 10:30:32.940477,3411,True,True,True,True,Eyes,0.5365279,0.1040739,-3.151666,-0.678963,-0.47424,0.5604511,0.0,0.0,0.0,0.0,0.0,0.0,0.0,1.787992,0.9348309,2.276031,0.4308235,0.09183031,-3.009502,0.1921606,-0.3705766,0.06259602,0.9065479,23.25342,315.1614,358.1957,0.1816165,0.03276337,-0.9828233,0.0,0.0,0.0,-0.8298674,-0.9056981,-2.362271,0.1489543,-0.299262,2.056328,0.7175094,-0.02892783,0.6959478,-0.255913,0.9183121,0.3020123,-0.6478338,-0.3947988,0.6514947,moving,-50.46198,-40.23708,4.1431,-8.280252,-6.088533084929522,-6.095727587387006
05/11/2023 10:30:32.960339,3412,True,True,True,True,Eyes,0.5311841,0.103737,-3.146294,-0.6764621,-0.4732689,0.5642833,0.0,0.0,0.0,0.0,0.0,0.0,0.0,1.77407,0.9203457,2.280979,0.4264627,0.09128268,-3.00117,0.1899099,-0.3683696,0.06283034,0.9079045,23.02481,315.5041,358.392,0.18023,0.03274096,-0.9830791,0.0,0.0,0.0,-0.8340083,-0.9055777,-2.350509,0.1457977,-0.2972557,2.056077,0.7207124,-0.02582618,0.6927531,-0.2540019,0.9199731,0.2985505,-0.6450245,-0.3911297,0.6564761,moving,-50.16621,-39.98684,4.05609,-8.226491,-6.059978202719797,-6.021494819565487
05/11/2023 10:30:32.980111,3413,True,True,True,True,Eyes,0.5258808,0.103532,-3.140758,-0.6739718,-0.4722003,0.568145,0.0,0.0,0.0,0.0,0.0,0.0,0.0,1.761926,0.9002028,2.285774,0.4216703,0.09312769,-2.992162,0.1869169,-0.3666703,0.06218431,0.9092568,22.67561,315.7764,358.5101,0.1788469,0.03271655,-0.9833325,0.0,0.0,0.0,-0.8378243,-0.9056556,-2.33896,0.1424932,-0.2951551,2.055815,0.723372,-0.02399073,0.6900416,-0.2501568,0.9223903,0.2943087,-0.6435484,-0.3855132,0.6612299,moving,-49.86977,-39.73087,3.964959,-8.170173,-6.03152914709939,-5.945594443725509
05/11/2023 10:30:32.990853,3414,True,True,True,True,Eyes,0.5205986,0.1033198,-3.135059,-0.6714421,-0.4709925,0.5721291,0.0,0.0,0.0,0.0,0.0,0.0,0.0,1.747762,0.8846737,2.289825,0.417423,0.09608772,-2.982809,0.1849693,-0.3646381,0.06186274,0.9104934,22.45401,316.0756,358.6209,0.1774693,0.03269462,-0.9835829,0.0,0.0,0.0,-0.8417735,-0.9044946,-2.326177,0.1393099,-0.2931317,2.055563,0.726424,-0.02224246,0.6868867,-0.247545,0.9239187,0.2917116,-0.6411158,-0.3819417,0.6656508,moving,-49.56601,-39.46215,3.87713,-8.115893,-6.002589925018408,-5.86595268794244
05/11/2023 10:30:33.010474,3415,True,True,True,True,Eyes,0.5153889,0.1031877,-3.129223,-0.6689413,-0.4695977,0.5761907,0.0,0.0,0.0,0.0,0.0,0.0,0.0,1.725455,0.8679531,2.299959,0.4128474,0.09580927,-2.973336,0.182122,-0.3610003,0.06164955,0.9125293,22.14144,316.6024,358.826,0.1760967,0.03267483,-0.9838302,0.0,0.0,0.0,-0.8449231,-0.9026893,-2.314632,0.1356874,-0.2908294,2.055275,0.7317563,-0.01897811,0.6813022,-0.2440062,0.9260618,0.2878723,-0.6363912,-0.3768943,0.6730207,moving,-49.26013,-39.18017,3.777134,-8.0541,-5.973824702161036,-5.782448857401813
05/11/2023 10:30:33.020249,3416,True,True,True,True,Eyes,0.5102326,0.1030826,-3.12322,-0.6663982,-0.4682095,0.5802528,0.0,0.0,0.0,0.0,0.0,0.0,0.0,1.712351,0.8427639,2.306868,0.4094716,0.09777208,-2.964256,0.1784328,-0.3591264,0.06211182,0.913965,21.7634,316.9236,359.0978,0.1747317,0.03265963,-0.984074,0.0,0.0,0.0,-0.8479947,-0.9006804,-2.301605,0.1328577,-0.2890302,2.055051,0.7343407,-0.01462378,0.6786235,-0.2416959,0.9286078,0.2815507,-0.6342923,-0.3707746,0.67838,moving,-48.95294,-38.90027,3.698986,-8.005785,-5.944827712253808,-5.69954218229076
05/11/2023 10:30:33.045238,3417,True,True,True,True,Eyes,0.5051283,0.102999,-3.117055,-0.663784,-0.466674,0.5844709,0.0,0.0,0.0,0.0,0.0,0.0,0.0,1.695322,0.8259097,2.312174,0.4057288,0.09838965,-2.954335,0.1757569,-0.3567078,0.06161912,0.9154627,21.45423,317.2769,359.2263,0.1733748,0.03264957,-0.9843143,0.0,0.0,0.0,-0.8571116,-0.8869355,-2.288058,0.1295042,-0.2868993,2.054785,0.7379253,-0.0125677,0.6747654,-0.2382077,0.9306252,0.2778378,-0.6314455,-0.3657579,0.6837381,moving,-48.63564,-38.60581,3.606336,-7.948537,-5.9150530169130375,-5.612353766793375
05/11/2023 10:30:33.060902,3418,True,True,True,True,Eyes,0.500078,0.1029657,-3.110749,-0.6610311,-0.4652861,0.5886821,0.0,0.0,0.0,0.0,0.0,0.0,0.0,1.667251,0.8153159,2.323124,0.4021059,0.0988254,-2.944472,0.1734955,-0.3524497,0.05928274,0.917695,21.11372,317.826,359.1714,0.1720269,0.03264497,-0.9845509,0.0,0.0,0.0,-0.8642692,-0.8760679,-2.275448,0.1263887,-0.2849188,2.054538,0.7445295,-0.01348988,0.6674532,-0.2311038,0.9327698,0.2766435,-0.6263121,-0.3602202,0.6913571,moving,-48.3133,-38.32235,3.520221,-7.895298,-5.884287644149533,-5.5283333385502855
05/11/2023 10:30:33.080082,3419,True,True,True,True,Eyes,0.4950736,0.1029695,-3.104293,-0.6581122,-0.4639643,0.5929802,0.0,0.0,0.0,0.0,0.0,0.0,0.0,1.639408,0.8114652,2.331666,0.3985942,0.0999628,-2.93495,0.1726125,-0.3481489,0.05714063,0.9196371,20.93254,318.3584,359.0741,0.1706895,0.03264704,-0.9847836,0.0,0.0,0.0,-0.873796,-0.8618764,-2.258332,0.1229448,-0.2827301,2.054265,0.7510546,-0.01509237,0.6600676,-0.225287,0.9338798,0.2776948,-0.6206148,-0.3572685,0.6979946,moving,-47.98013,-38.04062,3.424984,-7.83643,-5.852116963823654,-5.444758227138345
05/11/2023 10:30:33.090472,3420,True,True,True,True,Eyes,0.4901227,0.1030185,-3.097718,-0.654985,-0.4630079,0.5971753,0.0,0.0,0.0,0.0,0.0,0.0,0.0,1.608593,0.8152044,2.338912,0.3949575,0.1008153,-2.925146,0.1731721,-0.343182,0.0556048,0.921491,20.93559,318.9616,358.9951,0.1693625,0.03265646,-0.9850124,0.0,0.0,0.0,-0.8837771,-0.8462728,-2.244915,0.1200948,-0.2809183,2.054039,0.7582684,-0.01638044,0.6517367,-0.2213377,0.9338391,0.2809879,-0.61322,-0.3573182,0.704475,moving,-47.64335,-37.78749,3.346139,-7.787679,-5.818552384749778,-5.369469939002998
05/11/2023 10:30:33.110631,3421,True,True,True,True,Eyes,0.4852378,0.1031046,-3.09103,-0.6516684,-0.4621753,0.6014336,0.0,0.0,0.0,0.0,0.0,0.0,0.0,1.577601,0.8206972,2.34602,0.3915676,0.1019372,-2.915898,0.1742048,-0.3380421,0.0546596,0.9232511,21.01572,319.5885,358.9659,0.1680471,0.03267406,-0.9852371,0.0,0.0,0.0,-0.8920692,-0.8402253,-2.236301,0.1169029,-0.2788895,2.053785,0.7654797,-0.01684804,0.6432393,-0.2187062,0.93333,0.284715,-0.6051515,-0.358624,0.7107605,moving,-47.29567,-37.5407,3.257801,-7.733062,-5.783421540164028,-5.295965409802073
05/11/2023 10:30:33.130293,3422,True,True,True,True,Eyes,0.4804232,0.1032333,-3.084244,-0.6481873,-0.4616601,0.6055768,0.0,0.0,0.0,0.0,0.0,0.0,0.0,1.548306,0.8253756,2.352049,0.3885505,0.102885,-2.906729,0.1752925,-0.3331222,0.05461209,0.9248349,21.13817,320.2015,359.031,0.1667435,0.03270038,-0.9854577,0.0,0.0,0.0,-0.8966029,-0.8383674,-2.225235,0.1136966,-0.2768512,2.053531,0.7720942,-0.01577332,0.6353124,-0.217802,0.9325801,0.2878483,-0.5970199,-0.3606183,0.7166042,moving,-46.94651,-37.32,3.169025,-7.678157,-5.747244842381527,-5.2300299935721375
05/11/2023 10:30:33.140262,3423,True,True,True,True,Eyes,0.4756891,0.1034049,-3.077358,-0.6445308,-0.4612361,0.6097879,0.0,0.0,0.0,0.0,0.0,0.0,0.0,1.521871,0.8255924,2.357728,0.3856531,0.1041358,-2.897758,0.1758493,-0.3286001,0.05541928,0.9262978,21.23532,320.7875,359.2071,0.1654532,0.03273601,-0.9856739,0.0,0.0,0.0,-0.8974688,-0.8419229,-2.215448,0.110339,-0.2747173,2.053265,0.7779014,-0.01289871,0.628254,-0.2182377,0.9320115,0.2893561,-0.5892723,-0.3621993,0.7221981,moving,-46.58661,-37.10342,3.07602,-7.62065,-5.709595111611048,-5.165234459516829
05/11/2023 10:30:33.160240,3424,True,True,True,True,Eyes,0.4710535,0.1035899,-3.070393,-0.6407573,-0.4610231,0.613912,0.0,0.0,0.0,0.0,0.0,0.0,0.0,1.495833,0.8236811,2.363514,0.3830344,0.1055101,-2.888653,0.1761993,-0.3240874,0.05696772,0.9277262,21.33711,321.3892,359.4767,0.1641772,0.03278156,-0.9858857,0.0,0.0,0.0,-0.8971391,-0.8445928,-2.204153,0.1072406,-0.2727477,2.053019,0.783444,-0.008507111,0.6214041,-0.2199089,0.931417,0.2900044,-0.5812535,-0.3638545,0.7278422,moving,-46.22573,-36.90507,2.990158,-7.567543,-5.6712213445903545,-5.105728016116239
05/11/2023 10:30:33.169984,3425,True,True,True,True,Eyes,0.4665183,0.1037923,-3.06334,-0.6368234,-0.4607348,0.6182066,0.0,0.0,0.0,0.0,0.0,0.0,0.0,1.468894,0.817569,2.371583,0.3809942,0.1062252,-2.879937,0.175723,-0.3193536,0.05911411,0.9293225,21.3684,322.0429,359.8546,0.1629169,0.0328366,-0.986093,0.0,0.0,0.0,-0.8980523,-0.8443226,-2.189596,0.1040041,-0.2706904,2.052763,0.7890375,-0.002363392,0.6143405,-0.2221077,0.9312539,0.28885,-0.5727897,-0.3643633,0.7342694,moving,-45.84985,-36.69629,2.900435,-7.512047,-5.631324747359277,-5.043113462343592
05/11/2023 10:30:33.190216,3426,True,True,True,True,Eyes,0.4620855,0.1040193,-3.056199,-0.6328832,-0.4603938,0.6224921,0.0,0.0,0.0,0.0,0.0,0.0,0.0,1.441644,0.8020476,2.382459,0.379081,0.1070879,-2.870986,0.1735565,-0.314617,0.06134591,0.9311987,21.21276,322.7217,0.309932,0.1616734,0.03290088,-0.9862955,0.0,0.0,0.0,-0.9021071,-0.8374386,-2.176304,0.1009485,-0.268748,2.05252,0.7945056,0.00504278,0.607236,-0.2234581,0.9322296,0.2846303,-0.564648,-0.3618322,0.7417886,moving,-45.47424,-36.48655,2.815693,-7.459622,-5.591493464870553,-4.980221534137725
05/11/2023 10:30:33.210292,3427,True,True,True,True,Eyes,0.4577451,0.1042946,-3.048953,-0.6288863,-0.4598505,0.6269286,0.0,0.0,0.0,0.0,0.0,0.0,0.0,1.416214,0.7823828,2.393005,0.3773072,0.1081465,-2.861853,0.1705305,-0.3104142,0.06274343,0.9330733,20.92759,323.3246,0.6881701,0.1604484,0.03297442,-0.986493,0.0,0.0,0.0,-0.9064065,-0.8333927,-2.164741,0.0975157,-0.2665668,2.052247,0.7994125,0.01121824,0.6006777,-0.2229586,0.9339652,0.279282,-0.5578791,-0.3571878,0.7491248,moving,-45.08932,-36.25995,2.720452,-7.400725,-5.551060021982429,-4.912384129972875
05/11/2023 10:30:33.220661,3428,True,True,True,True,Eyes,0.4534797,0.1045639,-3.041606,-0.624913,-0.4592304,0.6313408,0.0,0.0,0.0,0.0,0.0,0.0,0.0,1.387015,0.7670057,2.403428,0.3754033,0.1096353,-2.852302,0.1677734,-0.3059238,0.06126758,0.9351518,20.56524,323.9027,0.7305253,0.1592429,0.03305803,-0.9866855,0.0,0.0,0.0,-0.9066851,-0.8327121,-2.148962,0.09442526,-0.2646019,2.052003,0.8053138,0.01193723,0.5927286,-0.2172407,0.9361967,0.2763007,-0.5516123,-0.3512736,0.7565254,moving,-44.70684,-36.03173,2.634672,-7.347637,-5.510983823053798,-4.84408911892293
05/11/2023 10:30:33.240305,3429,True,True,True,True,Eyes,0.4492952,0.1047858,-3.034189,-0.6207515,-0.4585312,0.6359376,0.0,0.0,0.0,0.0,0.0,0.0,0.0,1.347874,0.7625187,2.415511,0.373262,0.1097189,-2.842803,0.1662871,-0.2997012,0.05802151,0.9376361,20.28022,324.6484,0.5578869,0.1580577,0.03315065,-0.9868729,0.0,0.0,0.0,-0.9042249,-0.8353261,-2.133788,0.09137309,-0.2626626,2.05176,0.8136254,0.009133223,0.5813177,-0.208479,0.9379641,0.2770554,-0.5427249,-0.3466118,0.7650555,moving,-44.30766,-35.7928,2.549926,-7.295224,-5.469182415986796,-4.772595718296263
05/11/2023 10:30:33.260232,3430,True,True,True,True,Eyes,0.4451859,0.1050101,-3.026707,-0.6166291,-0.4579502,0.6403515,0.0,0.0,0.0,0.0,0.0,0.0,0.0,1.305576,0.7641196,2.427583,0.3713567,0.1087168,-2.83405,0.1656499,-0.2928243,0.05460729,0.9401236,20.08681,325.4602,0.3454557,0.1568926,0.03325004,-0.9870555,0.0,0.0,0.0,-0.902346,-0.8384327,-2.120208,0.0875051,-0.2602034,2.051453,0.822544,0.005662553,0.5686734,-0.1996879,0.9391563,0.2794821,-0.5324906,-0.3434435,0.7736281,moving,-43.91881,-35.57062,2.442481,-7.228715,-5.428113776949706,-4.70602122590059
05/11/2023 10:30:33.270011,3431,True,True,True,True,Eyes,0.4411571,0.1052296,-3.019151,-0.6122987,-0.4574989,0.644814,0.0,0.0,0.0,0.0,0.0,0.0,0.0,1.269934,0.7666251,2.435202,0.3693585,0.1089667,-2.825307,0.165728,-0.2870365,0.05216538,0.9420314,20.01028,326.1419,0.1916405,0.1557479,0.03335572,-0.9872332,0.0,0.0,0.0,-0.8974438,-0.8472439,-2.107426,0.08493936,-0.2585728,2.05125,0.8297776,0.003142846,0.5580853,-0.1934228,0.939626,0.2822953,-0.5235043,-0.3421887,0.7802885,moving,-43.51837,-35.3559,2.371182,-7.184592,-5.385355989915534,-4.641552118784898
05/11/2023 10:30:33.290284,3432,True,True,True,True,Eyes,0.4411571,0.1052296,-3.019151,-0.6122987,-0.4574989,0.644814,0.0,0.0,0.0,0.0,0.0,0.0,0.0,1.234004,0.7771683,2.439553,0.3675395,0.109019,-2.816239,0.167491,-0.2810601,0.0508971,0.9435896,20.16323,326.847,0.1160836,0.1546246,0.03346702,-0.9874061,0.0,0.0,0.0,-0.889259,-0.8602942,-2.094767,0.08172011,-0.2565269,2.050995,0.8368294,0.00190188,0.5474604,-0.190202,0.9387125,0.2874752,-0.5133612,-0.3446958,0.7859039,moving,-43.51837,-35.3559,2.281694,-7.129212,-5.385355989915534,-4.641552118784898
05/11/2023 10:30:33.310752,3433,True,True,True,True,Eyes,0.4411571,0.1052296,-3.019151,-0.6122987,-0.4574989,0.644814,0.0,0.0,0.0,0.0,0.0,0.0,0.0,1.19263,0.7951431,2.443492,0.3655818,0.1086555,-2.807101,0.1704949,-0.2740321,0.04949665,0.9451921,20.45235,327.6653,0.007676974,0.1536129,0.03356719,-0.9875606,0.0,0.0,0.0,-0.8780676,-0.8753464,-2.080812,0.0786109,-0.2545497,2.050749,0.844913,0.0001255638,0.5349038,-0.1870098,0.9369632,0.2951735,-0.501148,-0.3494282,0.7916759,moving,-43.51837,-35.3559,2.195232,-7.075665,-5.385355989915534,-4.641552118784898
05/11/2023 10:30:33.330107,3434,True,True,True,True,Eyes,0.4370354,0.105434,-3.010835,-0.6070608,-0.4580494,0.6493596,0.0,0.0,0.0,0.0,0.0,0.0,0.0,1.149465,0.8183546,2.446742,0.3638304,0.108909,-2.798801,0.1745578,-0.2665824,0.04818882,0.9466473,20.86591,328.5241,359.8876,0.1527025,0.03365728,-0.9876987,0.0,0.0,0.0,-0.8682442,-0.8893887,-2.069514,0.07547855,-0.2525593,2.050499,0.8532233,-0.001832428,0.5215425,-0.1843037,0.9344148,0.3047968,-0.4878956,-0.3561819,0.7969268,moving,-43.0718,-35.19862,2.108097,-7.021736,-5.334958760063856,-4.593521207611592
05/11/2023 10:30:33.340451,3435,True,True,True,True,Eyes,0.4330077,0.1056434,-3.002517,-0.6015562,-0.4588557,0.6538972,0.0,0.0,0.0,0.0,0.0,0.0,0.0,1.107525,0.842636,2.448446,0.3622048,0.1086737,-2.790794,0.1789049,-0.2592217,0.04773394,0.9479022,21.34089,329.3845,359.8611,0.151789,0.03375512,-0.9878362,0.0,0.0,0.0,-0.858787,-0.901821,-2.056859,0.07191455,-0.2502939,2.050217,0.8610511,-0.002257839,0.5085134,-0.1832463,0.931429,0.3144213,-0.4743541,-0.363916,0.8015943,moving,-42.61267,-35.05828,2.008915,-6.960323,-5.282438557165993,-4.550343697599476
05/11/2023 10:30:33.360402,3436,True,True,True,True,Eyes,0.4290718,0.1058525,-2.99419,-0.5961637,-0.4598431,0.6581285,0.0,0.0,0.0,0.0,0.0,0.0,0.0,1.070324,0.8606517,2.449347,0.3607123,0.1090232,-2.782735,0.1824385,-0.2526076,0.04837869,0.9489812,21.75898,330.1842,359.9784,0.150876,0.03386008,-0.9879724,0.0,0.0,0.0,-0.8542012,-0.9036058,-2.04145,0.06889856,-0.2483768,2.049978,0.8676978,-0.0003497886,0.497092,-0.1839916,0.9287514,0.3218197,-0.4617875,-0.370703,0.8058111,moving,-42.17176,-34.94251,1.924953,-6.908327,-5.231375057223592,-4.51439773720855
05/11/2023 10:30:33.376096,3437,True,True,True,True,Eyes,0.4252402,0.1060818,-2.985851,-0.5905877,-0.4608227,0.6624565,0.0,0.0,0.0,0.0,0.0,0.0,0.0,1.035809,0.8680816,2.451989,0.3592767,0.1093966,-2.774467,0.1841873,-0.2463704,0.05003579,0.9501963,22.00472,330.9805,0.2676484,0.1499656,0.03397157,-0.9881071,0.0,0.0,0.0,-0.8538687,-0.900149,-2.027479,0.06558233,-0.2462688,2.049715,0.8735961,0.004331043,0.4866324,-0.1858442,0.9271429,0.3253736,-0.4497685,-0.3746829,0.8107533,moving,-41.71738,-34.82352,1.832601,-6.851125,-5.178741081165236,-4.477445622315996
05/11/2023 10:30:33.390802,3438,True,True,True,True,Eyes,0.4252402,0.1060818,-2.985851,-0.5905877,-0.4608227,0.6624565,0.0,0.0,0.0,0.0,0.0,0.0,0.0,1.004452,0.8637798,2.456958,0.3581638,0.1102882,-2.766087,0.1838714,-0.2407901,0.05175883,0.9515947,22.01617,331.7198,0.6154419,0.1490616,0.03408955,-0.9882398,0.0,0.0,0.0,-0.8575087,-0.8920325,-2.012734,0.06247187,-0.2442923,2.049467,0.8786823,0.009957994,0.4773031,-0.1870557,0.9270247,0.3250162,-0.4392352,-0.3748682,0.8164228,moving,-41.71738,-34.82352,1.745949,-6.797466,-5.178741081165236,-4.477445622315996
05/11/2023 10:30:33.410389,3439,True,True,True,True,Eyes,0.4252402,0.1060818,-2.985851,-0.5905877,-0.4608227,0.6624565,0.0,0.0,0.0,0.0,0.0,0.0,0.0,0.9721206,0.8552771,2.462968,0.3569108,0.1111673,-2.757351,0.182669,-0.2351639,0.05265262,0.9531829,21.90063,332.4549,0.8930278,0.1482469,0.03419583,-0.9883587,0.0,0.0,0.0,-0.8647103,-0.8811498,-2.000191,0.05937159,-0.2423213,2.049221,0.8838512,0.01446085,0.4675445,-0.1862895,0.9277195,0.32347,-0.4290724,-0.372998,0.82266,moving,-41.71738,-34.82352,1.659553,-6.743932,-5.178741081165236,-4.477445622315996
05/11/2023 10:30:33.420482,3440,True,True,True,True,Eyes,0.4213828,0.1063798,-2.976739,-0.5838997,-0.4581126,0.6702193,0.0,0.0,0.0,0.0,0.0,0.0,0.0,0.9384379,0.8458202,2.469294,0.3556345,0.1117856,-2.748549,0.1811153,-0.2294255,0.05255829,0.9548816,21.71585,333.184,1.065083,0.1475138,0.03429143,-0.988465,0.0,0.0,0.0,-0.869404,-0.8748578,-1.987275,0.05620325,-0.2403073,2.04897,0.8892031,0.01726893,0.4571866,-0.1834788,0.9288697,0.321771,-0.4191101,-0.3700038,0.8291224,moving,-41.06261,-34.35364,1.571229,-6.689204,-5.112749560531288,-4.337533397035055
05/11/2023 10:30:33.440256,3441,True,True,True,True,Eyes,0.4176274,0.1066597,-2.967616,-0.5771014,-0.4553921,0.6779174,0.0,0.0,0.0,0.0,0.0,0.0,0.0,0.9042155,0.8362445,2.47507,0.354278,0.1118166,-2.739501,0.1794055,-0.2236429,0.05201211,0.9566047,21.5002,333.9078,1.186409,0.1467703,0.03439857,-0.9885719,0.0,0.0,0.0,-0.8726057,-0.8715833,-1.974515,0.0530054,-0.2382746,2.048716,0.8945572,0.0192645,0.4465381,-0.1797556,0.9302167,0.3199761,-0.4092131,-0.3665046,0.835595,moving,-40.40728,-33.89129,1.482054,-6.633943,-5.046439651997859,-4.1998050409163215
05/11/2023 10:30:33.460308,3442,True,True,True,True,Eyes,0.4139632,0.1069049,-2.958478,-0.5702658,-0.4527325,0.6854416,0.0,0.0,0.0,0.0,0.0,0.0,0.0,0.8716629,0.8283898,2.479168,0.3531734,0.1117241,-2.730401,0.1780175,-0.2182108,0.05134406,0.9581532,21.31799,334.5801,1.273254,0.1460202,0.03451562,-0.9886789,0.0,0.0,0.0,-0.8751884,-0.8720624,-1.964768,0.04962116,-0.2361235,2.048448,0.8994957,0.02070025,0.4364391,-0.1760816,0.9313471,0.3187284,-0.3998785,-0.3635438,0.8413876,moving,-39.75939,-33.44466,1.38765,-6.575436,-4.9805367647147465,-4.066681228708224
05/11/2023 10:30:33.470065,3443,True,True,True,True,Eyes,0.4103907,0.1071046,-2.949314,-0.5633034,-0.4501337,0.6928701,0.0,0.0,0.0,0.0,0.0,0.0,0.0,0.8391886,0.8241539,2.481377,0.3519742,0.1111796,-2.721112,0.1772408,-0.2127874,0.0504534,0.9595633,21.19968,335.2396,1.315075,0.1452674,0.03464046,-0.9887854,0.0,0.0,0.0,-0.8760785,-0.8744061,-1.954022,0.04662126,-0.2342169,2.04821,0.9043519,0.02139721,0.4262508,-0.1722557,0.9320803,0.3186758,-0.3904811,-0.3616193,0.8466144,moving,-39.11111,-33.01039,1.303939,-6.523552,-4.914177142592594,-3.937144884353578
05/11/2023 10:30:33.489956,3444,True,True,True,True,Eyes,0.4068989,0.1072581,-2.940124,-0.5564262,-0.4476734,0.6999846,0.0,0.0,0.0,0.0,0.0,0.0,0.0,0.8060716,0.8224888,2.48232,0.3508112,0.110315,-2.711626,0.1769194,-0.2072191,0.04962899,0.9608833,21.13496,335.9133,1.354804,0.1445147,0.03477095,-0.9888912,0.0,0.0,0.0,-0.8760675,-0.8768366,-1.94249,0.04328704,-0.2320976,2.047945,0.9091944,0.02205318,0.4157875,-0.1686975,0.932473,0.3194296,-0.3806661,-0.3605659,0.8515195,moving,-38.48161,-32.60085,1.21087,-6.465853,-4.849338651185483,-3.8148895085102454
05/11/2023 10:30:33.510601,3445,True,True,True,True,Eyes,0.4034895,0.1073597,-2.930905,-0.5494216,-0.4453797,0.7069461,0.0,0.0,0.0,0.0,0.0,0.0,0.0,0.7739486,0.8248568,2.481141,0.3495163,0.1093931,-2.702095,0.177378,-0.2018006,0.04863353,0.9620023,21.15577,336.5577,1.35057,0.143764,0.03490515,-0.988996,0.0,0.0,0.0,-0.8736103,-0.8815477,-1.930068,0.04011571,-0.2300817,2.047694,0.9138226,0.02198116,0.4055183,-0.1651611,0.9323437,0.3216476,-0.3710122,-0.3609047,0.8556271,moving,-37.8535,-32.21114,1.122319,-6.410943,-4.784018313906744,-3.6984003822858744
05/11/2023 10:30:33.530111,3446,True,True,True,True,Eyes,0.400154,0.107428,-2.921655,-0.5425411,-0.4433002,0.7135363,0.0,0.0,0.0,0.0,0.0,0.0,0.0,0.7424439,0.8316704,2.477805,0.3482816,0.1082292,-2.692471,0.1786837,-0.1964616,0.04770469,0.962912,21.27579,337.1868,1.33203,0.1430182,0.03504093,-0.9890993,0.0,0.0,0.0,-0.8708019,-0.8859775,-1.916592,0.03693986,-0.2280629,2.047442,0.9182541,0.02166186,0.3953986,-0.1620798,0.9315929,0.325369,-0.3613024,-0.3628575,0.8589499,moving,-37.24773,-31.85153,1.033616,-6.355931,-4.72048493190191,-3.5907705206577036
05/11/2023 10:30:33.540950,3447,True,True,True,True,Eyes,0.3968944,0.1074738,-2.912377,-0.5355732,-0.4413792,0.7199623,0.0,0.0,0.0,0.0,0.0,0.0,0.0,0.708827,0.8398795,2.474174,0.3469829,0.1074527,-2.682802,0.1802663,-0.190836,0.04573656,0.9638433,21.40471,337.8264,1.191703,0.142278,0.03517734,-0.9892012,0.0,0.0,0.0,-0.8674039,-0.8909863,-1.903772,0.03381699,-0.2260781,2.047194,0.9229796,0.01936314,0.3843615,-0.1569683,0.9308244,0.3300406,-0.3513825,-0.3649533,0.8621714,moving,-36.64521,-31.51075,0.9463657,-6.301818,-4.656734271235262,-3.4886263007902647
05/11/2023 10:30:33.560303,3448,True,True,True,True,Eyes,0.3937049,0.1074677,-2.903067,-0.5288974,-0.4396223,0.7259474,0.0,0.0,0.0,0.0,0.0,0.0,0.0,0.6766214,0.8494234,2.469311,0.3457331,0.1067992,-2.673181,0.1821166,-0.1856218,0.04263472,0.9646556,21.54226,338.3878,0.9022133,0.1415447,0.03531365,-0.9893015,0.0,0.0,0.0,-0.8637258,-0.8958839,-1.88981,0.03056347,-0.2240099,2.046936,0.9274536,0.01464604,0.3736511,-0.1498653,0.9300317,0.3355316,-0.3425932,-0.3671874,0.8647563,moving,-36.07564,-31.19844,0.8554386,-6.245406,-4.596145184186889,-3.3949239102111983
05/11/2023 10:30:33.580744,3449,True,True,True,True,Eyes,0.3905983,0.1074236,-2.893706,-0.522199,-0.4379785,0.731767,0.0,0.0,0.0,0.0,0.0,0.0,0.0,0.6503884,0.8592216,2.462101,0.3444232,0.1053762,-2.663358,0.1839883,-0.1815828,0.03915071,0.9652167,21.67834,338.7948,0.5400949,0.1408207,0.03544811,-0.9894,0.0,0.0,0.0,-0.861095,-0.8982923,-1.875602,0.02722478,-0.2218879,2.046671,0.9309898,0.008759607,0.36494,-0.1423961,0.929231,0.340959,-0.3361269,-0.3693954,0.866352,moving,-35.51218,-30.90144,0.7621024,-6.187501,-4.535811093201602,-3.305699981241589
05/11/2023 10:30:33.590119,3450,True,True,True,True,Eyes,0.3875601,0.1073394,-2.884291,-0.5157083,-0.4363449,0.737325,0.0,0.0,0.0,0.0,0.0,0.0,0.0,0.6202794,0.8678856,2.455554,0.3434671,0.1041741,-2.653092,0.1856708,-0.1770324,0.03469461,0.9659101,21.77524,339.2434,0.07923771,0.1401076,0.03557972,-0.9894966,0.0,0.0,0.0,-0.8583263,-0.9002277,-1.860423,0.02411389,-0.2199105,2.046424,0.9349117,0.001284286,0.3548783,-0.1327632,0.9286453,0.3463984,-0.3291111,-0.3709666,0.8683719,moving,-34.97016,-30.61681,0.6751094,-6.133517,-4.47773744918929,-3.220181521337577
05/11/2023 10:30:33.610585,3451,True,True,True,True,Eyes,0.3132049,0.1039685,-2.647766,-0.3384632,-0.386815,0.8577977,0.0,0.0,0.0,0.0,0.0,0.0,0.0,0.5842656,0.8731118,2.451159,0.3423074,0.1028867,-2.642747,0.1866659,-0.1714019,0.02960313,0.9669028,21.78493,339.8152,359.5839,0.1394061,0.03570756,-0.9895911,0.0,0.0,0.0,-0.8561211,-0.9010121,-1.844759,0.02081704,-0.217815,2.046163,0.9394901,-0.006743046,0.3425097,-0.1212365,0.9285591,0.3508275,-0.3204061,-0.3711236,0.8715545,moving,-21.53282,-24.2725,0.5828898,-6.07628,-3.0145065005353833,-1.306854068285615
05/11/2023 10:30:33.630245,3452,True,True,True,True,Eyes,0.3131486,0.103909,-2.647357,-0.3382974,-0.386816,0.8578627,0.0,0.0,0.0,0.0,0.0,0.0,0.0,0.5461576,0.876624,2.447479,0.3410482,0.1013967,-2.63255,0.1873717,-0.1652126,0.02515772,0.9679689,21.78055,340.4714,359.185,0.1361544,0.03617599,-0.9900266,-0.2230657,-0.0101126,0.7095759,-0.8533641,-0.9032764,-1.830216,0.01765215,-0.2158034,2.045912,0.9441438,-0.01320853,0.329269,-0.1106161,0.9285179,0.3544272,-0.3104136,-0.3710526,0.8751933,moving,-21.52175,-24.27093,0.4943363,-6.021311,-3.0131802981179305,-1.3063397516495767
05/11/2023 10:30:33.640602,3453,True,True,True,True,Eyes,0.3130306,0.1037954,-2.646532,-0.3377,-0.3867675,0.8581198,0.0,0.0,0.0,0.0,0.0,0.0,0.0,0.5091225,0.8784118,2.44401,0.3398699,0.09976016,-2.622696,0.1877948,-0.159057,0.02155338,0.9690045,21.76523,341.1435,358.8913,0.1335096,0.03655741,-0.9903727,-0.2096818,-0.009505843,0.6670013,-0.8503683,-0.9066174,-1.815764,0.01450241,-0.2138013,2.045662,0.9484727,-0.01796949,0.316349,-0.1015108,0.9285372,0.3570915,-0.3001586,-0.3708043,0.878868,moving,-21.48136,-24.26181,0.4061827,-5.966576,-3.008453526122368,-1.303478217461647
05/11/2023 10:30:33.660098,3454,True,True,True,True,Eyes,0.3128594,0.1036332,-2.645308,-0.3368293,-0.3866573,0.8585116,0.0,0.0,0.0,0.0,0.0,0.0,0.0,0.469992,0.8766147,2.441119,0.3384914,0.09817681,-2.612316,0.1876198,-0.1523964,0.0182996,0.970175,21.69253,341.8896,358.6632,0.1313501,0.03686744,-0.9906499,-0.1971009,-0.008935492,0.6269812,-0.8466473,-0.9088222,-1.800458,0.01130933,-0.2117717,2.045409,0.952881,-0.02167752,0.302569,-0.09269277,0.9289278,0.3584705,-0.2888355,-0.3696257,0.8831483,moving,-21.42211,-24.24589,0.3167924,-5.911066,-3.0016035312651423,-1.2985424262294503
05/11/2023 10:30:33.670293,3455,True,True,True,True,Eyes,0.3126328,0.1034118,-2.643692,-0.3355181,-0.386485,0.8591024,0.0,0.0,0.0,0.0,0.0,0.0,0.0,0.4310631,0.8740075,2.437912,0.3372704,0.09677959,-2.601923,0.1873876,-0.1456487,0.01574451,0.9713004,21.62965,342.6612,358.5206,0.1295813,0.0371183,-0.9908735,-0.1852748,-0.008399363,0.5893623,-0.8439303,-0.910586,-1.78613,0.008072793,-0.2097144,2.045152,0.9570771,-0.02400021,0.288838,-0.08517083,0.929276,0.3594329,-0.2770366,-0.3686056,0.8873447,moving,-21.33288,-24.22158,0.2261615,-5.854774,-2.991298547362984,-1.2910119894042111
05/11/2023 10:30:33.690136,3456,True,True,True,True,Eyes,0.3123416,0.1031541,-2.641698,-0.3339407,-0.3862214,0.8598353,0.0,0.0,0.0,0.0,0.0,0.0,0.0,0.3923512,0.8686205,2.434818,0.3359084,0.0951234,-2.591311,0.1866259,-0.1387735,0.01386648,0.9724816,21.52019,343.4668,358.4707,0.1281277,0.03731927,-0.9910551,-0.1741583,-0.007895401,0.5540006,-0.8424236,-0.910844,-1.771918,0.004924297,-0.2077134,2.044902,0.9610993,-0.02482764,0.2750849,-0.07876723,0.929957,0.3591319,-0.2647336,-0.3668291,0.8918254,moving,-21.22505,-24.1887,0.1379728,-5.799995,-2.978961160517189,-1.2808946325745696
05/11/2023 10:30:33.710404,3457,True,True,True,True,Eyes,0.3119929,0.1028756,-2.639339,-0.3319491,-0.385897,0.8607515,0.0,0.0,0.0,0.0,0.0,0.0,0.0,0.3548695,0.859822,2.432073,0.3342797,0.09400687,-2.580625,0.1853279,-0.1319816,0.01232354,0.9736953,21.35582,344.2724,358.4667,0.126929,0.03747837,-0.9912033,-0.1637089,-0.007421677,0.5207605,-0.8419677,-0.9078417,-1.756297,0.001687765,-0.2056562,2.044645,0.9648579,-0.02492099,0.2615875,-0.0729185,0.9310034,0.3576528,-0.252452,-0.3641587,0.8964689,moving,-21.08915,-24.14792,0.04729515,-5.743654,-2.9633903692554497,-1.2683350036260173
05/11/2023 10:30:33.729915,3458,True,True,True,True,Eyes,0.3115793,0.1025473,-2.636637,-0.3297912,-0.3855434,0.861739,0.0,0.0,0.0,0.0,0.0,0.0,0.0,0.3182513,0.8519189,2.42833,0.3327321,0.09326199,-2.569908,0.1843032,-0.1252585,0.0112046,0.9747909,21.23052,345.0752,358.5045,0.1259358,0.03760277,-0.9913253,-0.1538863,-0.006976376,0.4895149,-0.8425328,-0.9022732,-1.74011,-0.001457512,-0.203657,2.044396,0.9683695,-0.02432681,0.2483318,-0.06801538,0.9318135,0.3565072,-0.2400716,-0.362121,0.9006853,moving,-20.94206,-24.10382,-0.0408479,-5.688877,-2.9465362306212795,-1.2547521998507145
05/11/2023 10:30:33.740659,3459,True,True,True,True,Eyes,0.3111166,0.1021303,-2.633641,-0.3273683,-0.3851818,0.8628238,0.0,0.0,0.0,0.0,0.0,0.0,0.0,0.2838582,0.84598,2.423235,0.3309532,0.09178714,-2.559369,0.1835446,-0.1188073,0.01051698,0.9757488,21.14232,345.8509,358.5815,0.1250696,0.03770218,-0.9914311,-0.1446531,-0.006557793,0.460144,-0.8441883,-0.8936213,-1.722651,-0.004639328,-0.2016348,2.044144,0.9715484,-0.023089,0.2357128,-0.06413671,0.9324016,0.3556878,-0.2279914,-0.3606857,0.9043924,moving,-20.7775,-24.05694,-0.1300366,-5.633444,-2.927599144165635,-1.2402699342798424
05/11/2023 10:30:33.760446,3460,True,True,True,True,Eyes,0.3106023,0.1017294,-2.630333,-0.3250133,-0.3848017,0.8638831,0.0,0.0,0.0,0.0,0.0,0.0,0.0,0.2575251,0.8431039,2.416551,0.3294353,0.08925924,-2.549582,0.1831735,-0.113919,0.009784717,0.9764088,21.09613,346.4318,358.6104,0.1242859,0.03778034,-0.9915267,-0.1359739,-0.006164326,0.4325354,-0.8495258,-0.8786517,-1.704911,-0.007977545,-0.1995126,2.043879,0.9738534,-0.02262614,0.2260477,-0.06084167,0.9327034,0.3554752,-0.2188785,-0.3599338,0.9069397,moving,-20.61749,-24.00975,-0.2236323,-5.575246,-2.90923870306479,-1.2257216297316358
05/11/2023 10:30:33.780274,3461,True,True,True,True,Eyes,0.3100555,0.1014451,-2.626681,-0.3224867,-0.3843287,0.8650397,0.0,0.0,0.0,0.0,0.0,0.0,0.0,0.2342481,0.8359125,2.41023,0.3279024,0.0886139,-2.539184,0.1823437,-0.1096424,0.008819279,0.9770628,20.99315,346.9358,358.6036,0.1235761,0.03784042,-0.9916131,-0.1278155,-0.005794466,0.4065832,-0.8519041,-0.8667465,-1.68768,-0.01104772,-0.1975612,2.043635,0.9758015,-0.02275122,0.2174713,-0.05721918,0.933346,0.3543885,-0.2110387,-0.3582563,0.9094586,moving,-20.44545,-23.95511,-0.3097332,-5.521709,-2.8896267391347497,-1.2089463093396233
05/11/2023 10:30:33.791803,3462,True,True,True,True,Eyes,0.3094792,0.1012857,-2.622711,-0.3199064,-0.3837918,0.8662354,0.0,0.0,0.0,0.0,0.0,0.0,0.0,0.2140957,0.8215784,2.404518,0.3266182,0.09176082,-2.527337,0.1809009,-0.1061109,0.007330873,0.977733,20.81191,347.3413,358.5253,0.122933,0.03788909,-0.9916912,-0.1201466,-0.005446799,0.3821883,-0.8502601,-0.8551277,-1.664093,-0.01424974,-0.1955256,2.043381,0.9773735,-0.02405584,0.2101485,-0.05272638,0.9344423,0.3521897,-0.2048439,-0.3553013,0.9120307,moving,-20.26952,-23.89608,-0.399552,-5.465837,-2.869675506296586,-1.1908755592417943
05/11/2023 10:30:33.811220,3463,True,True,True,True,Eyes,0.3088824,0.1011518,-2.618436,-0.3169801,-0.3831426,0.8675975,0.0,0.0,0.0,0.0,0.0,0.0,0.0,0.1832285,0.810479,2.398992,0.3255284,0.09456784,-2.516088,0.1800201,-0.1004896,0.005454041,0.9785014,20.69517,347.9875,358.4376,0.1223509,0.03793261,-0.9917615,-0.1129378,-0.005119991,0.359257,-0.8524442,-0.8392451,-1.644511,-0.01736373,-0.1935464,2.043134,0.9797441,-0.02550675,0.1986222,-0.04685389,0.9351261,0.3512038,-0.1946948,-0.353396,0.9149891,moving,-20.06997,-23.82689,-0.4869207,-5.411489,-2.847119464091551,-1.1697296623912985
05/11/2023 10:30:33.819997,3464,True,True,True,True,Eyes,0.3082677,0.1011302,-2.613905,-0.3140002,-0.3823868,0.8690134,0.0,0.0,0.0,0.0,0.0,0.0,0.0,0.1461154,0.7978307,2.393947,0.3245882,0.09496118,-2.504893,0.1784188,-0.09377442,0.002355504,0.9794732,20.48454,348.7435,358.2353,0.1218224,0.03797305,-0.991825,-0.1061615,-0.004812791,0.3377015,-0.8539172,-0.8266847,-1.624706,-0.02071124,-0.1914189,2.042869,0.9824016,-0.02884793,0.1845395,-0.03807654,0.9363224,0.349071,-0.1828585,-0.3499546,0.9187462,moving,-19.86629,-23.75065,-0.5808626,-5.353045,-2.824282122298927,-1.14651456769335
05/11/2023 10:30:33.845557,3465,True,True,True,True,Eyes,0.3076427,0.1011957,-2.609097,-0.3106517,-0.3815135,0.8705992,0.0,0.0,0.0,0.0,0.0,0.0,0.0,0.1114456,0.7813675,2.390622,0.3238072,0.09733056,-2.494735,0.1763818,-0.08747423,-0.0008908001,0.980427,20.22473,349.4479,358.0088,0.1213443,0.03801522,-0.991882,-0.09979182,-0.004524024,0.3174394,-0.8511591,-0.8133596,-1.600593,-0.02381086,-0.1894488,2.042623,0.984695,-0.03260446,0.1712099,-0.029111,0.9377773,0.3460149,-0.1718384,-0.3457032,0.9224754,moving,-19.63768,-23.66397,-0.6678668,-5.298898,-2.798686142442004,-1.1201361032843336
05/11/2023 10:30:33.860488,3466,True,True,True,True,Eyes,0.3069994,0.1013253,-2.604039,-0.3070716,-0.3807052,0.8722216,0.0,0.0,0.0,0.0,0.0,0.0,0.0,0.07053831,0.7654304,2.385759,0.3230149,0.09956316,-2.483637,0.1745786,-0.07997012,-0.004777863,0.9813788,19.99215,350.2818,357.7252,0.1209112,0.03806273,-0.9919322,-0.09380431,-0.004252582,0.2983931,-0.8470616,-0.8042761,-1.579303,-0.02708989,-0.1873644,2.042363,0.9871639,-0.03729993,0.1552937,-0.01854436,0.9389989,0.3434197,-0.1586302,-0.3418913,0.9262542,moving,-19.39497,-23.58019,-0.7599266,-5.241589,-2.771239149468288,-1.0945254999206977
05/11/2023 10:30:33.870502,3467,True,True,True,True,Eyes,0.3063443,0.1014853,-2.598758,-0.3030325,-0.3799303,0.8739704,0.0,0.0,0.0,0.0,0.0,0.0,0.0,0.02684766,0.7534893,2.379474,0.3221395,0.1011635,-2.473127,0.1734447,-0.07164533,-0.007494693,0.9822057,19.85511,351.2339,357.5885,0.1205196,0.03811789,-0.9919772,-0.08817606,-0.003997427,0.2804895,-0.8392604,-0.8014336,-1.558353,-0.03030002,-0.185324,2.042109,0.9896216,-0.03957566,0.138141,-0.01013035,0.9397215,0.3417906,-0.1433407,-0.3396428,0.9295678,moving,-19.12301,-23.49543,-0.8500704,-5.185462,-2.740183328433696,-1.068476071807626
05/11/2023 10:30:33.890758,3468,True,True,True,True,Eyes,0.3056831,0.1017206,-2.593276,-0.2988002,-0.37935,0.8756781,0.0,0.0,0.0,0.0,0.0,0.0,0.0,-0.01551592,0.7464929,2.371176,0.3213599,0.1020661,-2.462981,0.1731326,-0.06335554,-0.008815979,0.9828193,19.82807,352.2051,357.6077,0.1201659,0.03818148,-0.9920171,-0.0828855,-0.003757582,0.2636601,-0.8295906,-0.8008488,-1.538345,-0.03346515,-0.1833124,2.041857,0.9918168,-0.03926684,0.1214814,-0.004608789,0.9398947,0.341433,-0.1275867,-0.3391989,0.9320223,moving,-18.84075,-23.4226,-0.9389687,-5.130105,-2.707451324795036,-1.0458369835376304
05/11/2023 10:30:33.910287,3469,True,True,True,True,Eyes,0.3050369,0.1019153,-2.58761,-0.2941997,-0.3787183,0.8775072,0.0,0.0,0.0,0.0,0.0,0.0,0.0,-0.05068195,0.7360762,2.363671,0.3207345,0.1042029,-2.453078,0.1722286,-0.05628081,-0.008733321,0.9834093,19.74042,353.0616,357.7737,0.1198469,0.03825588,-0.9920526,-0.07791237,-0.003532127,0.2478405,-0.8191276,-0.8018513,-1.519167,-0.0366354,-0.181297,2.041605,0.9935124,-0.03656318,0.1076859,-0.002209469,0.9405221,0.3397253,-0.1137024,-0.3377593,0.9343396,moving,-18.53463,-23.34427,-1.028028,-5.074624,-2.67193074011861,-1.0214748150343267
05/11/2023 10:30:33.930339,3470,True,True,True,True,Eyes,0.3050369,0.1019153,-2.58761,-0.2941997,-0.3787183,0.8775072,0.0,0.0,0.0,0.0,0.0,0.0,0.0,-0.0852554,0.7254682,2.355883,0.320574,0.1035648,-2.443412,0.1706657,-0.04928972,-0.008020003,0.9840627,19.57868,353.9229,358.0166,0.1195606,0.03833881,-0.9920837,-0.07323763,-0.003320199,0.2329701,-0.8091533,-0.8017808,-1.500412,-0.03986818,-0.1792422,2.041349,0.9950124,-0.03260851,0.09427087,-0.001039758,0.9416177,0.3366822,-0.09974582,-0.3351009,0.9368874,moving,-18.53463,-23.34427,-1.118862,-5.018029,-2.67193074011861,-1.0214748150343267
05/11/2023 10:30:33.940514,3471,True,True,True,True,Eyes,0.3050369,0.1019153,-2.58761,-0.2941997,-0.3787183,0.8775072,0.0,0.0,0.0,0.0,0.0,0.0,0.0,-0.1180919,0.7017887,2.350879,0.320529,0.104258,-2.432998,0.1667304,-0.04271669,-0.008271289,0.9850422,19.13325,354.7216,358.1476,0.1193029,0.03841344,-0.9921117,-0.06884337,-0.003120987,0.2189919,-0.7981958,-0.8017936,-1.481248,-0.0431419,-0.1771614,2.041089,0.9962137,-0.03053948,0.08139734,0.002050793,0.9442651,0.3291795,-0.08691364,-0.3277663,0.9407525,moving,-18.53463,-23.34427,-1.210864,-4.960696,-2.67193074011861,-1.0214748150343267
05/11/2023 10:30:33.960505,3472,True,True,True,True,Eyes,0.3050369,0.1019153,-2.58761,-0.2941997,-0.3787183,0.8775072,0.0,0.0,0.0,0.0,0.0,0.0,0.0,-0.1404787,0.6766898,2.346797,0.3211612,0.1077745,-2.422878,0.1628208,-0.03817518,-0.006942694,0.9858925,18.69422,355.305,358.4198,0.1190709,0.03848061,-0.992137,-0.06471277,-0.002933728,0.2058523,-0.7854225,-0.8005143,-1.460347,-0.04609203,-0.175286,2.040855,0.996989,-0.02612093,0.07301242,0.001258073,0.9468824,0.3215777,-0.07753408,-0.3205175,0.9440641,moving,-18.53463,-23.34427,-1.293786,-4.909002,-2.67193074011861,-1.0214748150343267
05/11/2023 10:30:33.980569,3473,True,True,True,True,Eyes,0.3050369,0.1019153,-2.58761,-0.2941997,-0.3787183,0.8775072,0.0,0.0,0.0,0.0,0.0,0.0,0.0,-0.1672266,0.663438,2.337599,0.3216247,0.106735,-2.41198,0.1606411,-0.03284522,-0.006638679,0.986444,18.45084,355.9539,358.5714,0.1188622,0.03854106,-0.9921597,-0.06083,-0.002757705,0.1935012,-0.77351,-0.793081,-1.436493,-0.04920381,-0.1733083,2.040609,0.9977543,-0.02364996,0.06266704,0.002544783,0.9483007,0.3173631,-0.06693283,-0.3164909,0.9462312,moving,-18.53463,-23.34427,-1.381267,-4.854464,-2.67193074011861,-1.0214748150343267
05/11/2023 10:30:33.995342,3474,True,True,True,True,Eyes,0.3044949,0.1022586,-2.580036,-0.2866687,-0.3775295,0.880507,0.0,0.0,0.0,0.0,0.0,0.0,0.0,-0.1993676,0.6560408,2.326523,0.322109,0.1061153,-2.401631,0.159997,-0.02660853,-0.008542194,0.9867218,18.37835,356.6628,358.468,0.1186743,0.03859547,-0.9921801,-0.0571802,-0.002592242,0.1818911,-0.7647653,-0.78113,-1.412736,-0.05251104,-0.1712062,2.040346,0.9984381,-0.02537211,0.04977699,0.008342966,0.948656,0.3161997,-0.05524389,-0.3152905,0.9473859,moving,-18.03381,-23.2079,-1.474258,-4.796473,-2.614089640798484,-0.9792304434167418
05/11/2023 10:30:34.010410,3475,True,True,True,True,Eyes,0.3040136,0.1025938,-2.572344,-0.279054,-0.3766006,0.8833464,0.0,0.0,0.0,0.0,0.0,0.0,0.0,-0.2243147,0.657988,2.313654,0.3229029,0.1077556,-2.391732,0.1617273,-0.02185656,-0.01014519,0.9865413,18.58177,357.1938,358.3625,0.1185185,0.03866902,-0.992196,-0.05374939,-0.002436708,0.1709777,-0.7579968,-0.7660751,-1.388656,-0.05565125,-0.1692102,2.040097,0.9988387,-0.0270869,0.03984329,0.01294769,0.9474827,0.3195448,-0.04640631,-0.3186578,0.9467332,moving,-17.53162,-23.0902,-1.562569,-4.741387,-2.5554614251183185,-0.9424008886189315
05/11/2023 10:30:34.020085,3476,True,True,True,True,Eyes,0.3035994,0.1029024,-2.564556,-0.2707525,-0.3759676,0.8861949,0.0,0.0,0.0,0.0,0.0,0.0,0.0,-0.2508436,0.6662635,2.298156,0.323943,0.1078329,-2.38155,0.1645276,-0.01676519,-0.01140365,0.986164,18.91227,357.7695,358.3034,0.1183943,0.03875978,-0.9922074,-0.05052442,-0.002290505,0.160719,-0.7468588,-0.7546459,-1.362747,-0.0588702,-0.1671641,2.039842,0.9991778,-0.02800841,0.02931402,0.01697506,0.9456012,0.3248847,-0.03681888,-0.32412,0.9452991,moving,-16.9891,-22.98905,-1.653108,-4.684895,-2.491266161848703,-0.9101650580208123
05/11/2023 10:30:34.045368,3477,True,True,True,True,Eyes,0.3032642,0.103223,-2.556689,-0.2624126,-0.3756087,0.8888519,0.0,0.0,0.0,0.0,0.0,0.0,0.0,-0.2790875,0.6732116,2.282903,0.325195,0.1076491,-2.371795,0.1669933,-0.01127698,-0.01244327,0.9858151,19.20617,358.3987,358.2827,0.1183017,0.03886531,-0.9922144,-0.04749296,-0.002153075,0.1510759,-0.73279,-0.7471976,-1.337618,-0.06207508,-0.165127,2.039587,0.999436,-0.02829988,0.01807814,0.02076716,0.9439169,0.3295297,-0.02638991,-0.3289684,0.9439721,moving,-16.448,-22.90782,-1.743266,-4.628627,-2.4265898150383522,-0.8837217725258517
05/11/2023 10:30:34.060651,3478,True,True,True,True,Eyes,0.3030116,0.1035514,-2.548742,-0.2536719,-0.3754867,0.8914372,0.0,0.0,0.0,0.0,0.0,0.0,0.0,-0.3037615,0.6869223,2.266092,0.3267824,0.1080291,-2.362382,0.1710415,-0.006589002,-0.01350512,0.9851493,19.68355,358.9288,358.2433,0.1182411,0.03898482,-0.9922171,-0.04464338,-0.00202389,0.1420113,-0.7209374,-0.7422683,-1.316546,-0.0653612,-0.1630384,2.039326,0.9995484,-0.02886311,0.008362426,0.02435514,0.9411249,0.3371809,-0.01760218,-0.3368249,0.9414027,moving,-15.8845,-22.84155,-1.835724,-4.570914,-2.358630949705938,-0.8615049866662252
05/11/2023 10:30:34.080134,3479,True,True,True,True,Eyes,0.302837,0.1038481,-2.540717,-0.2447957,-0.3756011,0.8938674,0.0,0.0,0.0,0.0,0.0,0.0,0.0,-0.333107,0.6967673,2.249319,0.3285326,0.1084587,-2.35291,0.1744759,-0.000992196,-0.01541714,0.9845403,20.09187,359.5526,358.1265,0.1182129,0.03911749,-0.9922154,-0.04196478,-0.001902457,0.1334906,-0.7061283,-0.7450157,-1.297607,-0.06870967,-0.1609101,2.039061,0.9995227,-0.03070382,-0.003426123,0.03001136,0.938641,0.3435876,-0.007333551,-0.3435264,0.9391144,moving,-15.31558,-22.79204,-1.92995,-4.512078,-2.289443880152811,-0.8441269724688558
05/11/2023 10:30:34.090231,3480,True,True,True,True,Eyes,0.3027399,0.1041594,-2.532635,-0.2357077,-0.3757659,0.8962377,0.0,0.0,0.0,0.0,0.0,0.0,0.0,-0.3678793,0.7040855,2.231954,0.3302914,0.1078736,-2.343493,0.1773725,0.005727472,-0.01807964,0.9839612,20.44221,0.2970238,357.9482,0.1182175,0.03926102,-0.9922093,-0.03944689,-0.00178831,0.1254812,-0.6870818,-0.7527162,-1.278332,-0.07177269,-0.1589628,2.038818,0.9992807,-0.03354753,-0.01768488,0.03761112,0.9364243,0.3488482,0.004857556,-0.3492624,0.9370123,moving,-14.73493,-22.74686,-2.016156,-4.458226,-2.2186536020648298,-0.8279446078040094
05/11/2023 10:30:34.130267,3481,True,True,True,True,Eyes,0.3027086,0.1044529,-2.524494,-0.2265519,-0.3756323,0.8986516,0.0,0.0,0.0,0.0,0.0,0.0,0.0,-0.4009112,0.7034584,2.217238,0.3320193,0.1084566,-2.334466,0.1788007,0.01216594,-0.02081605,0.9835901,20.62436,1.009482,357.7589,0.1182549,0.03941514,-0.9921988,-0.03708008,-0.001681011,0.1179523,-0.6659108,-0.7636307,-1.261185,-0.07506818,-0.1568685,2.038557,0.9988374,-0.03659835,-0.03137643,0.04529947,0.935194,0.3512266,0.01648874,-0.3522396,0.9357646,moving,-14.14954,-22.68471,-2.108917,-4.400283,-2.1478336936912577,-0.8068089165656067
05/11/2023 10:30:34.140346,3482,True,True,True,True,Eyes,0.3027558,0.1047142,-2.516293,-0.2173378,-0.375446,0.901002,0.0,0.0,0.0,0.0,0.0,0.0,0.0,-0.4313732,0.6892466,2.206552,0.3335827,0.1082825,-2.325298,0.1769549,0.01832376,-0.02265985,0.9837875,20.42631,1.714248,357.6699,0.118325,0.03957831,-0.9921839,-0.03485527,-0.00158015,0.1108752,-0.6436866,-0.7771413,-1.245384,-0.07826185,-0.1548381,2.038303,0.9983016,-0.0381,-0.04407291,0.05106992,0.936347,0.3473416,0.02803383,-0.3490025,0.9367024,moving,-13.5617,-22.62141,-2.198825,-4.344086,-2.076746774996052,-0.7853263311258853
05/11/2023 10:30:34.161515,3483,True,True,True,True,Eyes,0.3028913,0.1049436,-2.508038,-0.2083089,-0.3750029,0.9033162,0.0,0.0,0.0,0.0,0.0,0.0,0.0,-0.4591348,0.6797171,2.194418,0.3356107,0.1077125,-2.316043,0.1760098,0.02387709,-0.02417201,0.983802,20.33276,2.351395,357.6068,0.1184279,0.0397486,-0.9921648,-0.03276396,-0.001485341,0.1042227,-0.6229088,-0.7884383,-1.230086,-0.08136261,-0.1528674,2.038057,0.9976912,-0.03915574,-0.05548967,0.05596615,0.9368726,0.3451632,0.03847163,-0.3474718,0.9369009,moving,-12.98566,-22.54531,-2.286128,-4.289521,-2.007551498226036,-0.7601886538056384
05/11/2023 10:30:34.180395,3484,True,True,True,True,Eyes,0.3031188,0.105143,-2.499725,-0.1992629,-0.3745338,0.9055489,0.0,0.0,0.0,0.0,0.0,0.0,0.0,-0.4842905,0.6703583,2.182451,0.3378676,0.1071547,-2.306811,0.1750178,0.02891887,-0.02526424,0.9838162,20.23259,2.935899,357.5819,0.1185645,0.03992427,-0.9921414,-0.03079812,-0.001396221,0.09796932,-0.6031728,-0.7943,-1.212564,-0.08463335,-0.1507881,2.037797,0.9970508,-0.0395881,-0.06574509,0.05983337,0.9374609,0.3429095,0.04805831,-0.345832,0.9370649,moving,-12.40996,-22.46992,-2.378229,-4.231924,-1.9383750988710713,-0.7352589634558715
05/11/2023 10:30:34.190242,3485,True,True,True,True,Eyes,0.3034403,0.1053066,-2.491358,-0.1904219,-0.3739622,0.9076849,0.0,0.0,0.0,0.0,0.0,0.0,0.0,-0.50912,0.6619657,2.169783,0.340333,0.106602,-2.297427,0.174324,0.03385187,-0.02668493,0.9837444,20.1688,3.499659,357.515,0.1187355,0.0401038,-0.9921136,0.0,0.0,0.0,-0.5861171,-0.7923164,-1.192849,-0.08779979,-0.1487758,2.037547,0.9962839,-0.04069993,-0.07590681,0.06430469,0.9377981,0.3411738,0.05729951,-0.3447871,0.9369304,moving,-11.84818,-22.39144,-2.467402,-4.176161,-1.8710335799935836,-0.7095052842554663
05/11/2023 10:30:34.210262,3486,True,True,True,True,Eyes,0.3137314,0.108003,-2.281079,0.03624185,-0.3510403,0.9356588,0.0,0.0,0.0,0.0,0.0,0.0,0.0,-0.5357382,0.6550026,2.155986,0.3429094,0.1058461,-2.288128,0.1740346,0.03914588,-0.02856624,0.9835466,20.15608,4.096438,357.4011,0.1189417,0.0402856,-0.9920813,0.0,0.0,0.0,-0.5702097,-0.7862647,-1.171325,-0.09087646,-0.1468202,2.037302,0.9953032,-0.04256697,-0.08694659,0.06981792,0.9377918,0.3401057,0.06706053,-0.3445788,0.9363591,moving,2.218189,-20.56508,-2.554058,-4.121952,-0.18029376729299273,-0.10493983398835827
05/11/2023 10:30:34.229983,3487,True,True,True,True,Eyes,0.3138477,0.1079793,-2.280697,0.03635512,-0.3510157,0.9356636,0.0,0.0,0.0,0.0,0.0,0.0,0.0,-0.5621244,0.6495602,2.141558,0.3455023,0.1045517,-2.279009,0.1739972,0.04442487,-0.03048585,0.9832712,20.17456,4.690397,357.2831,0.1211544,0.0411025,-0.9917802,0.03087312,0.008088984,0.6308377,-0.5554639,-0.7778798,-1.14927,-0.09434652,-0.1446146,2.037027,0.9941941,-0.0444921,-0.0979723,0.07541131,0.9375912,0.3394642,0.07675449,-0.3448815,0.9355028,moving,2.225103,-20.56366,-2.651804,-4.060785,-0.17947997168517538,-0.10449099174175558
05/11/2023 10:30:34.241054,3488,True,True,True,True,Eyes,0.3140871,0.107918,-2.27994,0.0368752,-0.3510348,0.935636,0.0,0.0,0.0,0.0,0.0,0.0,0.0,-0.5872703,0.6420278,2.127687,0.3484471,0.1039705,-2.269783,0.1736246,0.04944431,-0.03223325,0.9830418,20.1542,5.257341,357.1789,0.1229774,0.04178074,-0.9915277,0.02902073,0.007603644,0.5929874,-0.5406758,-0.7692738,-1.126715,-0.09739107,-0.1426795,2.036786,0.9930326,-0.04620377,-0.1084046,0.08054276,0.937631,0.3381728,0.08601866,-0.3445478,0.9348195,moving,2.256968,-20.56524,-2.737573,-4.007096,-0.1754610715115884,-0.10478184089971787
05/11/2023 10:30:34.260430,3489,True,True,True,True,Eyes,0.3144468,0.1078225,-2.278836,0.03749259,-0.3510624,0.9356011,0.0,0.0,0.0,0.0,0.0,0.0,0.0,-0.613898,0.6390269,2.111508,0.3516116,0.1029394,-2.260412,0.1740908,0.05488458,-0.03316991,0.9826393,20.22929,5.891553,357.1852,0.1244931,0.0423449,-0.9913147,0.02727949,0.007147426,0.5574082,-0.5267139,-0.7618352,-1.105558,-0.100393,-0.1407714,2.036547,0.9917749,-0.04607831,-0.1194126,0.08429791,0.9371843,0.3384959,0.09631433,-0.345778,0.9333601,moving,2.294801,-20.56743,-2.82215,-3.954144,-0.17067909854261432,-0.10521837710585391
05/11/2023 10:30:34.280072,3490,True,True,True,True,Eyes,0.3149311,0.1077,-2.277402,0.03847362,-0.3511112,0.9355429,0.0,0.0,0.0,0.0,0.0,0.0,0.0,-0.6402341,0.6346425,2.095749,0.3548715,0.1020079,-2.251332,0.1741629,0.06035754,-0.0336617,0.9822888,20.25629,6.539946,357.2441,0.1257683,0.04281497,-0.9911336,0.02564272,0.00671858,0.5239637,-0.5130464,-0.7566532,-1.085555,-0.1036947,-0.1386724,2.036286,0.9904478,-0.04510693,-0.1303023,0.08715511,0.9370683,0.3380931,0.1068518,-0.34622,0.9320484,moving,2.354926,-20.57122,-2.915182,-3.895866,-0.16306926178796932,-0.10600204369847877
05/11/2023 10:30:34.289921,3491,True,True,True,True,Eyes,0.3155465,0.1075238,-2.27565,0.03951378,-0.3511015,0.9355033,0.0,0.0,0.0,0.0,0.0,0.0,0.0,-0.6638589,0.6308481,2.080359,0.358362,0.1012989,-2.242294,0.1742581,0.06528567,-0.03357263,0.9819597,20.28026,7.135453,357.3615,0.1268753,0.04321307,-0.9909754,0.02410416,0.006315466,0.4925259,-0.4983366,-0.753601,-1.065986,-0.106856,-0.1366631,2.036035,0.9892213,-0.0431808,-0.1399164,0.08868703,0.937014,0.3378453,0.1165152,-0.3466125,0.9307438,moving,2.418621,-20.5715,-3.004265,-3.840058,-0.15513092963276798,-0.10574753258433933
05/11/2023 10:30:34.309943,3492,True,True,True,True,Eyes,0.3162922,0.1073018,-2.273595,0.04087833,-0.3510305,0.9354714,0.0,0.0,0.0,0.0,0.0,0.0,0.0,-0.6879491,0.6259713,2.06474,0.3621108,0.09990244,-2.233196,0.173998,0.07031068,-0.03359077,0.9816583,20.26341,7.740606,357.4657,0.127908,0.04356697,-0.9908273,0.02265791,0.005936537,0.4629743,-0.4841504,-0.753251,-1.048167,-0.1100872,-0.1346094,2.035779,0.9878561,-0.04148147,-0.1497315,0.09041713,0.9371927,0.3368895,0.1263526,-0.3463367,0.9295622,moving,2.502126,-20.56833,-3.095322,-3.782995,-0.14484048083889078,-0.10438664443437062
05/11/2023 10:30:34.320598,3493,True,True,True,True,Eyes,0.3171763,0.1070468,-2.271245,0.04226736,-0.3509092,0.935455,0.0,0.0,0.0,0.0,0.0,0.0,0.0,-0.7092826,0.6186284,2.050572,0.3659939,0.09867401,-2.224172,0.1729996,0.0748088,-0.032997,0.9815224,20.15389,8.294985,357.6257,0.1288812,0.04387971,-0.9906874,0.02129843,0.005580345,0.4351959,-0.4696035,-0.7563932,-1.031963,-0.113193,-0.1326354,2.035532,0.9866297,-0.0388908,-0.15827,0.09065837,0.9379647,0.3346691,0.1354361,-0.3445429,0.9289495,moving,2.587079,-20.56215,-3.182857,-3.728127,-0.1344691818899817,-0.1021439739518657
05/11/2023 10:30:34.340379,3494,True,True,True,True,Eyes,0.3182069,0.1067508,-2.268616,0.04392219,-0.3507167,0.935451,0.0,0.0,0.0,0.0,0.0,0.0,0.0,-0.7286036,0.6119453,2.036492,0.3702976,0.09771048,-2.214943,0.172093,0.07883812,-0.03202006,0.9813986,20.04953,8.800495,357.8212,0.1298088,0.04415454,-0.9905541,0.02002053,0.005245524,0.4090841,-0.4553625,-0.7589948,-1.015947,-0.1166504,-0.1304376,2.035258,0.9855186,-0.03571393,-0.1657641,0.08998387,0.9387175,0.3327348,0.1437224,-0.3428324,0.9283372,moving,2.688232,-20.55189,-3.280307,-3.667011,-0.12221596347522046,-0.09863099871268322
05/11/2023 10:30:34.360176,3495,True,True,True,True,Eyes,0.3193835,0.1064055,-2.265712,0.04559775,-0.3504241,0.9354805,0.0,0.0,0.0,0.0,0.0,0.0,0.0,-0.7477065,0.6041512,2.02278,0.3748544,0.09651591,-2.205872,0.170931,0.08275495,-0.03139567,0.9812995,19.91741,9.284213,357.9686,0.1307032,0.04439398,-0.9904259,0.01881929,0.004930793,0.3845391,-0.4432888,-0.7616454,-1.001248,-0.119781,-0.1284478,2.03501,0.9843318,-0.03332633,-0.1731478,0.08990787,0.9395938,0.3302727,0.1516818,-0.3406653,0.9278684,moving,2.790537,-20.53558,-3.368553,-3.611663,-0.11001913769240934,-0.09335494148278212
05/11/2023 10:30:34.380056,3496,True,True,True,True,Eyes,0.3207037,0.1060141,-2.262562,0.04755568,-0.3500759,0.9355134,0.0,0.0,0.0,0.0,0.0,0.0,0.0,-0.7694595,0.5950309,2.008054,0.3796052,0.09499995,-2.196654,0.1696808,0.08719526,-0.03172529,0.9811214,19.78475,9.810487,358.0108,0.1315769,0.04460013,-0.9903011,0.01769014,0.004634945,0.3614667,-0.4360006,-0.7648016,-0.9885245,-0.1229753,-0.1264174,2.034756,0.9827809,-0.03266199,-0.1818646,0.09184343,0.9404038,0.3274223,0.1603319,-0.3384875,0.9272108,moving,2.910056,-20.51621,-3.4586,-3.555161,-0.0957804792241741,-0.08709945611852099
05/11/2023 10:30:34.390095,3497,True,True,True,True,Eyes,0.3221687,0.1055734,-2.259176,0.04950645,-0.3496775,0.9355612,0.0,0.0,0.0,0.0,0.0,0.0,0.0,-0.7907455,0.5870993,1.993311,0.3843711,0.09355202,-2.187866,0.1686059,0.09158706,-0.0317558,0.9809055,19.66924,10.33703,358.0882,0.1324386,0.04477448,-0.9901784,0.01662873,0.004356849,0.3397787,-0.4276932,-0.7661451,-0.9742777,-0.1263099,-0.1242977,2.034492,0.9812068,-0.03141464,-0.1903849,0.09318311,0.9411272,0.324956,0.1689681,-0.3365897,0.9263677,moving,3.029056,-20.49385,-3.552607,-3.496153,-0.08170517250770426,-0.07997836757570376
05/11/2023 10:30:34.410417,3498,True,True,True,True,Eyes,0.362478,0.09328806,-2.169125,0.104542,-0.3384573,0.9351565,0.0,0.0,0.0,0.0,0.0,0.0,0.0,-0.810402,0.5817765,1.978201,0.3893851,0.09200932,-2.179084,0.1678429,0.09568124,-0.03084389,0.9806746,19.57867,10.84725,358.2741,0.1332977,0.04491854,-0.9900567,0.01563101,0.004095437,0.319392,-0.4162214,-0.7647884,-0.9570297,-0.1294051,-0.1223305,2.034246,0.9797875,-0.02837682,-0.1980182,0.09261446,0.9417548,0.3232961,0.1773105,-0.3351008,0.9253477,moving,6.378666,-19.8965,-3.639868,-3.441368,0.3155444004076613,0.11116134842069769
05/11/2023 10:30:34.420436,3499,True,True,True,True,Eyes,0.3626914,0.09325229,-2.168776,0.1046206,-0.3384343,0.935156,0.0,0.0,0.0,0.0,0.0,0.0,0.0,-0.8288296,0.5776477,1.96324,0.3945405,0.09045112,-2.170508,0.1671017,0.09956691,-0.02918896,0.9804649,19.48058,11.34708,358.5435,0.1370847,0.0446389,-0.9895521,0.1356211,-0.03300625,0.5703834,-0.4021793,-0.7632948,-0.9387048,-0.1325618,-0.120324,2.033996,0.9784689,-0.0239619,-0.2049988,0.09051311,0.94245,0.3218622,0.1854887,-0.3334873,0.9243269,moving,6.383423,-19.89526,-3.728871,-3.385469,0.3160956258755312,0.1115465434209284
05/11/2023 10:30:34.440482,3500,True,True,True,True,Eyes,0.3631342,0.09330914,-2.168053,0.1049284,-0.3382741,0.9351795,0.0,0.0,0.0,0.0,0.0,0.0,0.0,-0.8444601,0.5726353,1.949635,0.3999455,0.08967849,-2.161967,0.1662979,0.1027305,-0.02770198,0.9803184,19.37451,11.75583,358.7763,0.1402093,0.04439847,-0.9891251,0.1274838,-0.03102588,0.5361604,-0.3873365,-0.7617555,-0.9204938,-0.1357645,-0.1182883,2.033742,0.9773581,-0.02014578,-0.2106307,0.08848124,0.9431552,0.3203581,0.1922036,-0.3317415,0.9235829,moving,6.401888,-19.88612,-3.819171,-3.328737,0.31809239922268695,0.11429828795334895
05/11/2023 10:30:34.460129,3501,True,True,True,True,Eyes,0.3637933,0.09345245,-2.16702,0.1052753,-0.3382101,0.9351637,0.0,0.0,0.0,0.0,0.0,0.0,0.0,-0.8582358,0.5598557,1.938061,0.4058932,0.09207071,-2.152408,0.1644354,0.1053866,-0.02648427,0.9803843,19.14754,12.09423,358.9524,0.1428126,0.04419571,-0.9887617,0.1198348,-0.02916433,0.5039908,-0.3705363,-0.7584037,-0.9001713,-0.1390085,-0.1162263,2.033484,0.9763845,-0.01727095,-0.2153486,0.08658808,0.9445192,0.3168376,0.1979288,-0.3280019,0.9237093,moving,6.422982,-19.88297,-3.910641,-3.271252,0.32061426228427137,0.11532431041321356
05/11/2023 10:30:34.470263,3502,True,True,True,True,Eyes,0.3646604,0.09356261,-2.165644,0.1060684,-0.3380084,0.9351469,0.0,0.0,0.0,0.0,0.0,0.0,0.0,-0.8741413,0.5563058,1.924111,0.4118047,0.09437586,-2.144135,0.1648177,0.1084731,-0.02554181,0.9800084,19.18301,12.48559,359.1321,0.1450759,0.04402631,-0.9884398,0.1126447,-0.02741447,0.4737513,-0.3523484,-0.7554092,-0.8798616,-0.1421688,-0.1142175,2.033233,0.9751624,-0.01430581,-0.2210286,0.08581893,0.9443655,0.3175042,0.2041896,-0.3285866,0.9221374,moving,6.471078,-19.87237,-3.999756,-3.215229,0.3262514406877126,0.11865628748365697
05/11/2023 10:30:34.496229,3503,True,True,True,True,Eyes,0.3657095,0.09380632,-2.163999,0.1071091,-0.3377811,0.9351104,0.0,0.0,0.0,0.0,0.0,0.0,0.0,-0.9035445,0.5398861,1.906111,0.4176309,0.09359795,-2.134936,0.162757,0.1146819,-0.02812922,0.979575,18.98479,13.17466,358.9227,0.147161,0.04388103,-0.988138,0.105886,-0.0257696,0.4453263,-0.333126,-0.7513762,-0.8585212,-0.1453274,-0.11221,2.032983,0.9721136,-0.0177788,-0.2338355,0.09243993,0.9454378,0.3124135,0.2155226,-0.3253171,0.9207164,moving,6.534279,-19.86076,-4.088821,-3.15922,0.33373561316342704,0.12236122327045784
05/11/2023 10:30:34.520247,3504,True,True,True,True,Eyes,0.3669415,0.09409308,-2.162064,0.1083289,-0.3376176,0.935029,0.0,0.0,0.0,0.0,0.0,0.0,0.0,-0.9314048,0.5218012,1.890428,0.4230703,0.09693906,-2.127234,0.1611697,0.1206138,-0.03082501,0.9790437,18.84568,13.83055,358.6995,0.1490956,0.04376404,-0.9878532,0.09953284,-0.02422342,0.4186067,-0.3141558,-0.7451053,-0.8366031,-0.1485223,-0.1101791,2.03273,0.9690043,-0.02147948,-0.2461084,0.09923663,0.9461483,0.3081486,0.2262361,-0.3230203,0.9189532,moving,6.608609,-19.85349,-4.178917,-3.102541,0.3427485088121076,0.12486443665081026
05/11/2023 10:30:34.520247,3505,True,True,True,True,Eyes,0.3683685,0.09445282,-2.159873,0.1098692,-0.3373427,0.9349484,0.0,0.0,0.0,0.0,0.0,0.0,0.0,-0.9523522,0.5147441,1.873548,0.4287336,0.09847453,-2.118634,0.1600836,0.1254278,-0.02818646,0.9786965,18.68816,14.45676,359.0918,0.1509055,0.04367499,-0.9875823,0.09356087,-0.02277002,0.3934903,-0.2947776,-0.7398192,-0.8155199,-0.1517245,-0.108144,2.032475,0.9669468,-0.01501412,-0.2545358,0.09532983,0.9471576,0.3062757,0.236487,-0.3204172,0.9172823,moving,6.702297,-19.84017,-4.269216,-3.045723,0.3539713894995242,0.12922672181535155
05/11/2023 10:30:34.540420,3506,True,True,True,True,Eyes,0.3699954,0.09489392,-2.157436,0.1117546,-0.3370218,0.9348408,0.0,0.0,0.0,0.0,0.0,0.0,0.0,-0.9720357,0.5039232,1.858733,0.4348331,0.1007443,-2.110557,0.158434,0.1297352,-0.02646501,0.9784514,18.47596,15.00091,359.3548,0.1526133,0.04361492,-0.9873225,0.08794722,-0.02140381,0.3698809,-0.2761258,-0.7365409,-0.7957062,-0.1549635,-0.1060849,2.032218,0.9649368,-0.01068054,-0.262265,0.09289835,0.9483966,0.303173,0.2454931,-0.3169068,0.916135,moving,6.817018,-19.82487,-4.360557,-2.988214,0.3677471785798829,0.1342749227734803
05/11/2023 10:30:34.565426,3507,True,True,True,True,Eyes,0.3699954,0.09489392,-2.157436,0.1117546,-0.3370218,0.9348408,0.0,0.0,0.0,0.0,0.0,0.0,0.0,-0.9932443,0.4968013,1.841861,0.4412409,0.1033353,-2.102481,0.1575937,0.1344598,-0.02416551,0.9780086,18.346,15.60862,359.7049,0.1542408,0.04358506,-0.9870709,0.08267038,-0.02011959,0.347688,-0.2630001,-0.7355937,-0.7794507,-0.1581479,-0.1040609,2.031966,0.9626731,-0.004888097,-0.2706224,0.08964819,0.9491605,0.3017575,0.2553891,-0.3147546,0.9141695,moving,6.817018,-19.82487,-4.45036,-2.931666,0.3677471785798829,0.1342749227734803
05/11/2023 10:30:34.580349,3508,True,True,True,True,Eyes,0.3699954,0.09489392,-2.157436,0.1117546,-0.3370218,0.9348408,0.0,0.0,0.0,0.0,0.0,0.0,0.0,-1.022296,0.4888937,1.820474,0.4475332,0.1051801,-2.094489,0.1572697,0.1411057,-0.02396047,0.9771292,18.30694,16.41064,359.8527,0.1557051,0.04355809,-0.9868422,0.07771016,-0.01891241,0.3268267,-0.2525142,-0.7307889,-0.7626743,-0.1613891,-0.1020008,2.031709,0.9590301,-0.002441642,-0.2832935,0.09120825,0.9493843,0.3005836,0.2682205,-0.3141074,0.9107109,moving,6.817018,-19.82487,-4.541761,-2.874089,0.3677471785798829,0.1342749227734803
05/11/2023 10:30:34.590491,3509,True,True,True,True,Eyes,0.3723136,0.09550621,-2.15414,0.1193627,-0.3350733,0.9346007,0.0,0.0,0.0,0.0,0.0,0.0,0.0,-1.055338,0.4790927,1.797082,0.4533035,0.1066996,-2.08708,0.1568733,0.1488911,-0.02491011,0.9760132,18.27865,17.32868,359.8847,0.1570227,0.04353373,-0.9866346,0.07304755,-0.01777767,0.3072171,-0.2451802,-0.7194242,-0.7443878,-0.1646626,-0.09992027,2.031449,0.9544218,-0.001911122,-0.2984548,0.09533927,0.9495405,0.2988031,0.2828239,-0.3136386,0.9064444,moving,7.278142,-19.72379,-4.634078,-2.815921,0.42181215570688746,0.16606126993936687
05/11/2023 10:30:34.610512,3510,True,True,True,True,Eyes,0.375036,0.09614509,-2.150392,0.1276837,-0.3330947,0.9342081,0.0,0.0,0.0,0.0,0.0,0.0,0.0,-1.083719,0.4705234,1.775608,0.4593082,0.1080085,-2.079902,0.1563308,0.1555591,-0.02503772,0.9750565,18.21916,18.12717,359.9886,0.1583364,0.04354538,-0.986424,0.06866469,-0.01671101,0.2887841,-0.2297471,-0.7105445,-0.7252823,-0.1677984,-0.09792691,2.031201,0.950349,-0.0001890172,-0.3111862,0.09746376,0.9498675,0.2970731,0.2955295,-0.3126525,0.902724,moving,7.782726,-19.62385,-4.722506,-2.760169,0.4813249080983111,0.19774568414171778
05/11/2023 10:30:34.620243,3511,True,True,True,True,Eyes,0.375036,0.09614509,-2.150392,0.1276837,-0.3330947,0.9342081,0.0,0.0,0.0,0.0,0.0,0.0,0.0,-1.137504,0.4537383,1.733032,0.4716113,0.1094701,-2.066106,0.1544983,0.1683974,-0.02412823,0.9732372,17.99013,19.68151,0.3053768,0.1596682,0.04359148,-0.9862074,0.06454481,-0.01570835,0.271457,-0.2111213,-0.7006344,-0.7039983,-0.1709943,-0.09589559,2.030947,0.9421203,0.00506922,-0.3352367,0.09899919,0.9510962,0.2926007,0.3203256,-0.3088532,0.8955452,moving,7.782726,-19.62385,-4.812631,-2.703337,0.4813249080983111,0.19774568414171778
05/11/2023 10:30:34.645267,3512,True,True,True,True,Eyes,0.375036,0.09614509,-2.150392,0.1276837,-0.3330947,0.9342081,0.0,0.0,0.0,0.0,0.0,0.0,0.0,-1.160085,0.4447998,1.713927,0.4775424,0.1096942,-2.059395,0.1525937,0.1739524,-0.02227728,0.9726045,17.73272,20.37204,0.5867584,0.1608668,0.04363292,-0.9860107,0.06067212,-0.01476584,0.2551696,-0.1937686,-0.6871416,-0.683768,-0.1740215,-0.09397143,2.030707,0.9384886,0.009754127,-0.3451725,0.09642203,0.9524378,0.2890763,0.331575,-0.3045771,0.8929115,moving,7.782726,-19.62385,-4.897996,-2.649486,0.4813249080983111,0.19774568414171778
05/11/2023 10:30:34.660366,3513,True,True,True,True,Eyes,0.3784193,0.0967994,-2.145938,0.1378167,-0.3302318,0.9337845,0.0,0.0,0.0,0.0,0.0,0.0,0.0,-1.181082,0.4352673,1.695623,0.483912,0.1107637,-2.052586,0.1506902,0.1790254,-0.02045969,0.9720205,17.47404,21.00232,0.8518075,0.161945,0.04367015,-0.9858326,0.0570318,-0.01387989,0.2398594,-0.1723552,-0.6743249,-0.6620166,-0.1772593,-0.09191328,2.03045,0.9350627,0.01418026,-0.3541988,0.09372923,0.9537477,0.2856224,0.3418665,-0.3002736,0.8904848,moving,8.395638,-19.47609,-4.989301,-2.591864,0.5527436515678579,0.24388887453536068
05/11/2023 10:30:34.670232,3514,True,True,True,True,Eyes,0.3819138,0.09740721,-2.141384,0.1480838,-0.3274168,0.9332039,0.0,0.0,0.0,0.0,0.0,0.0,0.0,-1.207107,0.4245353,1.673283,0.4903579,0.1106379,-2.04561,0.1491095,0.1854225,-0.02052202,0.9710632,17.28951,21.76163,0.926562,0.1631007,0.0437413,-0.9856389,0.05360989,-0.0130471,0.2254679,-0.1466831,-0.6656052,-0.6415701,-0.1805984,-0.08979088,2.030185,0.9303947,0.01544017,-0.3662341,0.09515287,0.9546905,0.2819791,0.3539939,-0.2972,0.8867697,moving,9.0167,-19.33354,-5.083459,-2.532423,0.625349008291296,0.28856197528764316
05/11/2023 10:30:34.690886,3515,True,True,True,True,Eyes,0.3855099,0.09797054,-2.13675,0.1586985,-0.3244678,0.9324888,0.0,0.0,0.0,0.0,0.0,0.0,0.0,-1.235235,0.4138426,1.649046,0.4964211,0.1101223,-2.039084,0.1479737,0.1924919,-0.02170561,0.9698349,17.18011,22.58691,0.8915598,0.1643316,0.0438411,-0.9854299,0.05039329,-0.01226427,0.2119398,-0.1194641,-0.6617886,-0.6233323,-0.1837394,-0.08779454,2.029936,0.9249515,0.01486575,-0.3797944,0.09906918,0.9552653,0.2786637,0.366947,-0.2953764,0.8821014,moving,9.65852,-19.1858,-5.172026,-2.476494,0.7003670306066789,0.33485177268974464
05/11/2023 10:30:34.709898,3516,True,True,True,True,Eyes,0.3892057,0.09849018,-2.13204,0.1693137,-0.3217104,0.9315767,0.0,0.0,0.0,0.0,0.0,0.0,0.0,-1.26041,0.4089637,1.625174,0.5023122,0.1095825,-2.032916,0.1481745,0.1988612,-0.02259276,0.9684979,17.21745,23.34426,0.9100067,0.1656368,0.04396491,-0.9852059,0.0473697,-0.01152842,0.1992234,-0.09553268,-0.6551989,-0.605933,-0.1868891,-0.08579254,2.029686,0.9198875,0.01517025,-0.3918887,0.1026944,0.9550678,0.2780277,0.378498,-0.295999,0.8769971,moving,10.30104,-19.05183,-5.260837,-2.420388,0.7759269430382383,0.3771462521451969
05/11/2023 10:30:34.720558,3517,True,True,True,True,Eyes,0.3930013,0.09900818,-2.127256,0.1798313,-0.3190299,0.930527,0.0,0.0,0.0,0.0,0.0,0.0,0.0,-1.282769,0.4082094,1.60186,0.5083132,0.1090875,-2.026772,0.1492158,0.204524,-0.02297284,0.9671489,17.339,24.0329,0.9964457,0.1670139,0.0441085,-0.9849669,0.04452752,-0.01083671,0.18727,-0.07091092,-0.6491674,-0.5881822,-0.1900927,-0.08375603,2.029432,0.9152843,0.01660013,-0.4024662,0.1054727,0.9544138,0.2792308,0.3887545,-0.2980247,0.8718091,moving,10.93799,-18.92421,-5.351165,-2.363295,0.8510031798768336,0.4175672316591239
05/11/2023 10:30:34.740482,3518,True,True,True,True,Eyes,0.3969037,0.09954072,-2.1224,0.1903311,-0.3166173,0.9292618,0.0,0.0,0.0,0.0,0.0,0.0,0.0,-1.303683,0.4082136,1.578958,0.514449,0.1095797,-2.020562,0.1508314,0.2097962,-0.02357361,0.9657536,17.53109,24.67704,1.066905,0.1684624,0.04427013,-0.984713,0.04185586,-0.01018651,0.1760338,-0.04851948,-0.6321309,-0.5666807,-0.193249,-0.08174974,2.029181,0.9108597,0.01775511,-0.412334,0.1088203,0.9533884,0.2814406,0.3981115,-0.3012232,0.8664709,moving,11.57521,-18.81496,-5.440154,-2.30703,0.9267196919305669,0.4526547190556842
05/11/2023 10:30:34.760366,3519,True,True,True,True,Eyes,0.3969037,0.09954072,-2.1224,0.1903311,-0.3166173,0.9292618,0.0,0.0,0.0,0.0,0.0,0.0,0.0,-1.325375,0.4090325,1.554669,0.5208161,0.1104751,-2.014316,0.1529392,0.215321,-0.02433977,0.9641857,17.78255,25.35552,1.138859,0.1699806,0.0444488,-0.984444,0.03934451,-0.009575319,0.1654718,-0.03223286,-0.6127999,-0.5474116,-0.1965755,-0.07963568,2.028918,0.9060889,0.01892591,-0.4226638,0.1127981,0.9520344,0.2844418,0.4077738,-0.3054052,0.8604929,moving,11.57521,-18.81496,-5.533936,-2.247724,0.9267196919305669,0.4526547190556842
05/11/2023 10:30:34.776168,3520,True,True,True,True,Eyes,0.3969037,0.09954072,-2.1224,0.1903311,-0.3166173,0.9292618,0.0,0.0,0.0,0.0,0.0,0.0,0.0,-1.347263,0.4098188,1.529886,0.5271432,0.1108136,-2.008348,0.1550656,0.2209629,-0.02535614,0.9625421,18.04234,26.04646,1.188074,0.1713467,0.04460952,-0.9841999,0.03698384,-0.009000801,0.1555435,-0.01367386,-0.6041898,-0.5295427,-0.1997655,-0.07760775,2.028665,0.9010649,0.01971477,-0.4332359,0.1173402,0.9506235,0.2873087,0.4175085,-0.3097198,0.8542601,moving,11.57521,-18.81496,-5.623867,-2.190815,0.9267196919305669,0.4526547190556842
05/11/2023 10:30:34.791279,3521,True,True,True,True,Eyes,0.4014193,0.1000871,-2.117001,0.2010768,-0.3146514,0.9276651,0.0,0.0,0.0,0.0,0.0,0.0,0.0,-1.369941,0.4081141,1.504729,0.533622,0.1111399,-2.002599,0.1567233,0.2268601,-0.02665897,0.9608651,18.25675,26.76123,1.199334,0.1725758,0.04475409,-0.9839786,0.03476481,-0.008460753,0.1462109,0.006782155,-0.5999734,-0.5139437,-0.202956,-0.07557988,2.028412,0.8956476,0.01987718,-0.44432,0.1223399,0.9494542,0.2890842,0.4276077,-0.3132757,0.8479446,moving,12.23,-18.73624,-5.713806,-2.133889,1.0056316539363364,0.4789684861246313
05/11/2023 10:30:34.810602,3522,True,True,True,True,Eyes,0.4060143,0.1006226,-2.111569,0.2118325,-0.3128352,0.9258839,0.0,0.0,0.0,0.0,0.0,0.0,0.0,-1.391536,0.4059254,1.480165,0.539791,0.1113264,-1.997065,0.1581276,0.2326071,-0.02779649,0.9592273,18.43883,27.45997,1.222329,0.1739296,0.0449191,-0.9837327,0.03267892,-0.007953107,0.1374382,0.02176943,-0.6025355,-0.5033101,-0.2063033,-0.07345223,2.028146,0.8902426,0.02023691,-0.4550369,0.1268895,0.948446,0.2904294,0.4374554,-0.316292,0.8417792,moving,12.88687,-18.66895,-5.808157,-2.074143,1.0851800177854227,0.5019737812917899
05/11/2023 10:30:34.830266,3523,True,True,True,True,Eyes,0.4106777,0.1011427,-2.106122,0.2219368,-0.3109917,0.9241365,0.0,0.0,0.0,0.0,0.0,0.0,0.0,-1.413445,0.4018963,1.454773,0.5461714,0.1116199,-1.991218,0.1589594,0.238595,-0.02859352,0.9575943,18.54695,28.19013,1.274782,0.1753994,0.04510204,-0.9834633,0.03071819,-0.007475921,0.1291919,0.03886571,-0.6111997,-0.4939433,-0.2093705,-0.07150263,2.027903,0.8845096,0.02109185,-0.4660449,0.1306158,0.9478287,0.2907926,0.4478641,-0.3180816,0.8356087,moving,13.50418,-18.59919,-5.89461,-2.019378,1.1597221757906313,0.5254878232647684
05/11/2023 10:30:34.845383,3524,True,True,True,True,Eyes,0.4154262,0.1016531,-2.100652,0.2320357,-0.3092354,0.9222434,0.0,0.0,0.0,0.0,0.0,0.0,0.0,-1.433277,0.3997453,1.430574,0.5524821,0.111747,-1.985673,0.1597995,0.2440833,-0.02865049,0.9560684,18.63539,28.87372,1.404468,0.1769787,0.04530064,-0.9831712,0.02887509,-0.007027366,0.1214404,0.0578404,-0.6189722,-0.4844916,-0.2125216,-0.06949991,2.027653,0.879205,0.02322511,-0.4758773,0.1327924,0.9472865,0.2915722,0.4575639,-0.3195447,0.829775,moving,14.12245,-18.5367,-5.983418,-1.963104,1.2346239293492896,0.5468956128345726
05/11/2023 10:30:34.860146,3525,True,True,True,True,Eyes,0.420252,0.1021526,-2.095142,0.2401911,-0.307233,0.9208236,0.0,0.0,0.0,0.0,0.0,0.0,0.0,-1.452252,0.3968057,1.406776,0.5591677,0.1121122,-1.979967,0.1601845,0.2493734,-0.02817144,0.9546519,18.65635,29.53861,1.578778,0.1786615,0.045513,-0.982857,0.02714259,-0.006605724,0.114154,0.07395813,-0.632203,-0.4783524,-0.2155896,-0.06754965,2.02741,0.8740385,0.02610369,-0.485155,0.1336794,0.9470946,0.2917905,0.4671044,-0.3198913,0.8243076,moving,14.61949,-18.45129,-6.069878,-1.908287,1.293677414605444,0.574320528133649
05/11/2023 10:30:34.870007,3526,True,True,True,True,Eyes,0.4251718,0.1026273,-2.089608,0.2484809,-0.3052937,0.9192677,0.0,0.0,0.0,0.0,0.0,0.0,0.0,-1.471946,0.3920944,1.382235,0.5662508,0.1124268,-1.974249,0.1600672,0.2549095,-0.02764269,0.9532238,18.61773,30.22977,1.747917,0.1804423,0.0457374,-0.9825212,0.02551403,-0.00620938,0.1073047,0.09289103,-0.642618,-0.4709214,-0.2189161,-0.06543523,2.027145,0.868514,0.02890598,-0.494821,0.1343046,0.9472287,0.2910669,0.4771223,-0.3192525,0.8187993,moving,15.12576,-18.3716,-6.163617,-1.848837,1.3540687997486356,0.6001329365804882
05/11/2023 10:30:34.895814,3527,True,True,True,True,Eyes,0.4301856,0.1030585,-2.084053,0.2566189,-0.3033827,0.9176631,0.0,0.0,0.0,0.0,0.0,0.0,0.0,-1.492656,0.3867154,1.355993,0.573289,0.1123893,-1.968501,0.1598514,0.2609156,-0.02732674,0.9516428,18.5724,30.97494,1.898568,0.1823164,0.04597155,-0.9821643,0.02398319,-0.005836817,0.1008665,0.1157403,-0.6519248,-0.462451,-0.2221734,-0.06336492,2.026887,0.8623526,0.03140486,-0.5053334,0.135426,0.9474016,0.2899828,0.4878605,-0.3185028,0.8127411,moving,15.62333,-18.29407,-6.255396,-1.790608,1.4134484970020362,0.6252721794446581
05/11/2023 10:30:34.910383,3528,True,True,True,True,Eyes,0.5580069,0.1130804,-1.944916,0.4557877,-0.2502655,0.8541808,0.0,0.0,0.0,0.0,0.0,0.0,0.0,-1.513327,0.3818746,1.329013,0.580478,0.1118595,-1.962854,0.1596658,0.2669943,-0.02700981,0.9499955,18.52911,31.73049,2.051452,0.18428,0.04621257,-0.9817864,0.0,0.0,0.0,0.1375862,-0.654539,-0.452491,-0.2253323,-0.0613569,2.026637,0.8559691,0.03394132,-0.5159118,0.1365781,0.9475546,0.2889406,0.4986617,-0.3177865,0.8064418,moving,28.08421,-16.33,-6.344393,-1.734114,2.899780844939886,1.2613657978578185
05/11/2023 10:30:34.930143,3529,True,True,True,True,Eyes,0.5583293,0.1130802,-1.944672,0.4557705,-0.2501849,0.8542135,0.0,0.0,0.0,0.0,0.0,0.0,0.0,-1.530891,0.378476,1.304751,0.5878462,0.1116368,-1.95735,0.1595577,0.2720835,-0.0262311,0.9485905,18.48062,32.37326,2.239459,0.1945851,0.04730499,-0.979744,0.3834637,0.03006573,0.41741,0.159084,-0.6456795,-0.4376873,-0.2286689,-0.05923605,2.026372,0.850565,0.03706088,-0.5245624,0.1365912,0.9477066,0.2884357,0.5078209,-0.3169839,0.8010238,moving,28.08241,-16.32443,-6.438387,-1.674426,2.899372823846452,1.2629739166518927
05/11/2023 10:30:34.939993,3530,True,True,True,True,Eyes,0.5589693,0.1130652,-1.944188,0.45622,-0.2500731,0.8540064,0.0,0.0,0.0,0.0,0.0,0.0,0.0,-1.549498,0.3718624,1.27949,0.5958073,0.1116959,-1.95163,0.1592477,0.2774185,-0.02637113,0.9470922,18.43787,33.02892,2.320129,0.203254,0.04822227,-0.9779375,0.3604559,0.02826179,0.3923655,0.1761166,-0.638824,-0.4240448,-0.234881,-0.05528766,2.025879,0.8446871,0.03840473,-0.5338808,0.1383083,0.9478895,0.2870129,0.5170827,-0.3162762,0.7953583,moving,28.11164,-16.32127,-6.613363,-1.563254,2.902907168301378,1.264045739717961
05/11/2023 10:30:34.960477,3531,True,True,True,True,Eyes,0.5599064,0.1130216,-1.943467,0.4566975,-0.2499735,0.8537803,0.0,0.0,0.0,0.0,0.0,0.0,0.0,-1.571226,0.3605682,1.25076,0.6038882,0.1112927,-1.945789,0.1585126,0.283878,-0.02788992,0.9452562,18.39128,33.79642,2.250946,0.2105968,0.04899564,-0.976344,0.3388285,0.02656608,0.3688235,0.194645,-0.6338654,-0.4112757,-0.2380867,-0.05324996,2.025625,0.8372707,0.03727026,-0.5455167,0.1427227,0.9481918,0.2838353,0.5278331,-0.3155046,0.788574,moving,28.14287,-16.3192,-6.703641,-1.505854,2.906726480120338,1.2648115557540764
05/11/2023 10:30:34.980337,3532,True,True,True,True,Eyes,0.5611281,0.1129147,-1.94253,0.457665,-0.2499497,0.853269,0.0,0.0,0.0,0.0,0.0,0.0,0.0,-1.59408,0.3484496,1.219465,0.6118327,0.1104993,-1.939859,0.1579096,0.2909701,-0.02993615,0.9431357,18.3778,34.63752,2.139355,0.2172269,0.04968635,-0.9748554,0.3184988,0.02497211,0.3466941,0.2128117,-0.6300055,-0.3989783,-0.2411727,-0.05128843,2.02538,0.8288804,0.03542621,-0.5583029,0.1483616,0.9483368,0.2804392,0.5393942,-0.3152813,0.780802,moving,28.20762,-16.32699,-6.790538,-1.450583,2.9150441598577572,1.2628906158484572
05/11/2023 10:30:34.995728,3533,True,True,True,True,Eyes,0.5611281,0.1129147,-1.94253,0.457665,-0.2499497,0.853269,0.0,0.0,0.0,0.0,0.0,0.0,0.0,-1.615876,0.3443291,1.186292,0.6196769,0.10891,-1.934178,0.1586638,0.2980214,-0.03073422,0.9407787,18.47277,35.51556,2.220092,0.2232544,0.0503025,-0.9734611,0.2993889,0.02347379,0.3258925,0.2318169,-0.6275941,-0.3873307,-0.2446183,-0.04909843,2.025106,0.8204773,0.03674221,-0.5704972,0.1523986,0.9477624,0.2802161,0.5509916,-0.3168539,0.772018,moving,28.20762,-16.32699,-6.887549,-1.388856,2.9150441598577572,1.2628906158484572
05/11/2023 10:30:35.011389,3534,True,True,True,True,Eyes,0.5611281,0.1129147,-1.94253,0.457665,-0.2499497,0.853269,0.0,0.0,0.0,0.0,0.0,0.0,0.0,-1.632657,0.3449194,1.158031,0.6277385,0.1080328,-1.928691,0.1596013,0.3033934,-0.02979737,0.9389313,18.52933,36.21725,2.471595,0.2286716,0.05085536,-0.972174,0.2814256,0.02206536,0.3063389,0.2511809,-0.6270175,-0.3764989,-0.247618,-0.0471918,2.024868,0.8141292,0.04088859,-0.5792424,0.1527993,0.9472791,0.2816287,0.5602196,-0.31779,0.7649598,moving,28.20762,-16.32699,-6.971994,-1.3351,2.9150441598577572,1.2628906158484572
05/11/2023 10:30:35.020068,3535,True,True,True,True,Eyes,0.5633284,0.1127324,-1.940899,0.4588515,-0.2503662,0.8525093,0.0,0.0,0.0,0.0,0.0,0.0,0.0,-1.649989,0.3408407,1.129675,0.6363132,0.1078446,-1.92309,0.1603232,0.3088354,-0.0301807,0.9370198,18.60813,36.90457,2.568265,0.233541,0.05135157,-0.9709896,0.26454,0.02074144,0.2879586,0.269963,-0.6244072,-0.3652322,-0.2507454,-0.04520386,2.024621,0.8074195,0.04246718,-0.5884472,0.1555868,0.9467711,0.2818104,0.5690926,-0.3190939,0.7578343,moving,28.29075,-16.36653,-7.060022,-1.279035,2.9266984127297677,1.2518459205037056
05/11/2023 10:30:35.040309,3536,True,True,True,True,Eyes,0.5657797,0.1125237,-1.939063,0.4605076,-0.2507649,0.8514985,0.0,0.0,0.0,0.0,0.0,0.0,0.0,-1.670671,0.3287801,1.096916,0.6449396,0.1069791,-1.917047,0.1604994,0.315646,-0.0330235,0.9346214,18.71493,37.71719,2.395851,0.2380418,0.05179098,-0.9698727,0.2486676,0.01949695,0.2706811,0.290989,-0.6257261,-0.3552096,-0.2540536,-0.04310107,2.024358,0.7985542,0.03959302,-0.6006194,0.1630509,0.9462988,0.2791649,0.5794184,-0.3208598,0.7492152,moving,28.40542,-16.40961,-7.153129,-1.219713,2.9423958365454173,1.2399394499029386
05/11/2023 10:30:35.060240,3537,True,True,True,True,Eyes,0.5657797,0.1125237,-1.939063,0.4605076,-0.2507649,0.8514985,0.0,0.0,0.0,0.0,0.0,0.0,0.0,-1.691677,0.3114114,1.063073,0.6531526,0.1059847,-1.910767,0.1596621,0.3229892,-0.03656816,0.9321206,18.7398,38.57264,2.116059,0.2422256,0.05217845,-0.9688155,0.2337476,0.01832713,0.2544402,0.312579,-0.6255175,-0.3450758,-0.2574616,-0.04093492,2.024088,0.7886815,0.03496639,-0.6138069,0.1713101,0.9463415,0.2740265,0.5904527,-0.3212709,0.7403719,moving,28.40542,-16.40961,-7.249028,-1.158585,2.9423958365454173,1.2399394499029386
05/11/2023 10:30:35.070171,3538,True,True,True,True,Eyes,0.5657797,0.1125237,-1.939063,0.4605076,-0.2507649,0.8514985,0.0,0.0,0.0,0.0,0.0,0.0,0.0,-1.710191,0.299535,1.03002,0.6610513,0.1046493,-1.904593,0.1588826,0.3298674,-0.03814753,0.9297788,18.70034,39.40496,2.04998,0.2459871,0.05252632,-0.9678484,0.2197227,0.01722751,0.2391738,0.3331052,-0.6255506,-0.3353662,-0.2604092,-0.03906119,2.023854,0.7794645,0.03388286,-0.6255293,0.1757579,0.9466021,0.2702841,0.6012855,-0.3206187,0.7318876,moving,28.40542,-16.40961,-7.33196,-1.105694,2.9423958365454173,1.2399394499029386
05/11/2023 10:30:35.092830,3539,True,True,True,True,Eyes,0.5691456,0.1121121,-1.936522,0.4623976,-0.2514729,0.8502645,0.0,0.0,0.0,0.0,0.0,0.0,0.0,-1.725173,0.2960362,0.999198,0.6694908,0.1031179,-1.898263,0.1586794,0.3355576,-0.03734514,0.9278078,18.63334,40.13588,2.249515,0.2493692,0.05283873,-0.9669656,0.2065393,0.01619386,0.2248234,0.3537449,-0.6245013,-0.3250452,-0.2639253,-0.03682655,2.023575,0.7720129,0.03719392,-0.6345177,0.1757904,0.9468524,0.269385,0.6108141,-0.3195108,0.7244439,moving,28.53858,-16.47602,-7.430873,-1.042597,2.961165458678784,1.2213550945192235
05/11/2023 10:30:35.110458,3540,True,True,True,True,Eyes,0.5727341,0.1116592,-1.933834,0.4646059,-0.252246,0.8488306,0.0,0.0,0.0,0.0,0.0,0.0,0.0,-1.739797,0.2977272,0.967297,0.677988,0.101006,-1.89244,0.1596736,0.3411903,-0.03620956,0.9256255,18.68134,40.88558,2.536558,0.2525994,0.05310345,-0.9661123,0.194147,0.01522222,0.211334,0.3736998,-0.6209624,-0.3140961,-0.2667176,-0.03505158,2.023354,0.7645561,0.04192515,-0.6431922,0.1759911,0.9463865,0.2708871,0.6200654,-0.3203045,0.7161871,moving,28.69401,-16.55031,-7.50941,-0.9924647,2.9829676012000776,1.2005996892486648
05/11/2023 10:30:35.130072,3541,True,True,True,True,Eyes,0.5764981,0.1111706,-1.931004,0.4650437,-0.2534696,0.8482261,0.0,0.0,0.0,0.0,0.0,0.0,0.0,-1.753973,0.2960592,0.9361643,0.6867234,0.09963597,-1.88652,0.1607912,0.3466169,-0.03624929,0.9234115,18.78889,41.59484,2.695375,0.2557055,0.05332343,-0.9652828,0.1824982,0.01430889,0.1986539,0.3920555,-0.617209,-0.3030595,-0.2699463,-0.03299928,2.023097,0.7570854,0.0445199,-0.6517973,0.1784119,0.9456643,0.2718238,0.628483,-0.3220822,0.7080058,moving,28.73395,-16.63736,-7.600209,-0.9344838,2.9908143427141285,1.1755296815349263
05/11/2023 10:30:35.140534,3542,True,True,True,True,Eyes,0.5804768,0.1106721,-1.928034,0.4658424,-0.2547379,0.8474075,0.0,0.0,0.0,0.0,0.0,0.0,0.0,-1.767275,0.2928738,0.9066829,0.6952404,0.09845214,-1.880973,0.1624576,0.3516328,-0.03752185,0.9211699,19.00738,42.24415,2.735477,0.2587101,0.05350159,-0.964472,0.1715483,0.01345036,0.1867347,0.4099576,-0.6125364,-0.2918473,-0.2732258,-0.03091502,2.022837,0.749893,0.04512283,-0.6600186,0.1833789,0.9443993,0.2729143,0.6356358,-0.3256899,0.6999239,moving,28.79876,-16.73122,-7.69242,-0.8755833,3.0019819296967727,1.1486130758339188
05/11/2023 10:30:35.160505,3543,True,True,True,True,Eyes,0.5846527,0.1102003,-1.924928,0.4669709,-0.2559116,0.8464322,0.0,0.0,0.0,0.0,0.0,0.0,0.0,-1.781527,0.281705,0.8762003,0.7041413,0.09760647,-1.874988,0.163114,0.3571188,-0.04032626,0.9188219,19.18067,42.91404,2.572802,0.2616356,0.05364183,-0.9636747,0.1612554,0.01264334,0.1755306,0.4295608,-0.6077428,-0.280473,-0.276437,-0.02887362,2.022583,0.7416798,0.04239688,-0.6694129,0.1906075,0.9435353,0.270943,0.6431018,-0.328548,0.6917199,moving,28.88523,-16.82225,-7.782696,-0.8178774,3.015752406280109,1.1226325441232943
05/11/2023 10:30:35.180360,3544,True,True,True,True,Eyes,0.5890139,0.1096952,-1.921686,0.4684415,-0.2569882,0.8452927,0.0,0.0,0.0,0.0,0.0,0.0,0.0,-1.795724,0.2641006,0.8463973,0.7128317,0.09756458,-1.868988,0.1626039,0.3628145,-0.0438741,0.9165155,19.26237,43.58064,2.28071,0.2645012,0.0537494,-0.962886,0.1515801,0.01188474,0.1649988,0.4491749,-0.6036022,-0.2699219,-0.2796611,-0.02682453,2.022327,0.7328814,0.03756755,-0.6793185,0.1984127,0.94327,0.2662217,0.6507822,-0.3298944,0.6838511,moving,28.9942,-16.91047,-7.873314,-0.7599377,3.032231000532164,1.0975867069497323
05/11/2023 10:30:35.193586,3545,True,True,True,True,Eyes,0.5935466,0.1091459,-1.918326,0.4701366,-0.2578086,0.844101,0.0,0.0,0.0,0.0,0.0,0.0,0.0,-1.808469,0.2478497,0.8172454,0.7214046,0.09612976,-1.862851,0.161339,0.3682614,-0.04658683,0.9144304,19.23107,44.21731,2.041106,0.2673233,0.0538261,-0.9621021,0.1424852,0.01117165,0.1550989,0.4684382,-0.6008794,-0.2599519,-0.2829058,-0.02476197,2.022069,0.7244264,0.03362903,-0.6885315,0.2040307,0.9435988,0.2607543,0.6584664,-0.3293788,0.6767065,moving,29.11637,-16.98392,-7.9645,-0.7016009,3.0498650243136627,1.0768998890197592
05/11/2023 10:30:35.210537,3546,True,True,True,True,Eyes,0.5982441,0.1085798,-1.914853,0.4720821,-0.2584487,0.8428184,0.0,0.0,0.0,0.0,0.0,0.0,0.0,-1.819183,0.2318999,0.7915675,0.7298239,0.09439789,-1.856941,0.1592496,0.3729205,-0.04861855,0.9128013,19.08608,44.75049,1.820183,0.2701162,0.05387294,-0.9613191,0.1339361,0.01050135,0.1457929,0.487602,-0.5983909,-0.2503678,-0.2860626,-0.02275538,2.021819,0.7171331,0.03001678,-0.6962896,0.2075331,0.9445516,0.2544648,0.6653197,-0.3269883,0.6711397,moving,29.2542,-17.04806,-8.053195,-0.6448315,3.069141026234556,1.058999396943495
05/11/2023 10:30:35.230200,3547,True,True,True,True,Eyes,0.6031075,0.1080184,-1.911275,0.4742147,-0.2588129,0.8415084,0.0,0.0,0.0,0.0,0.0,0.0,0.0,-1.828723,0.2164587,0.7673875,0.7382923,0.09334772,-1.850993,0.1569324,0.377187,-0.05008185,0.9113693,18.89454,45.23936,1.641348,0.2728921,0.05389215,-0.9605337,0.1259,0.009871271,0.1370453,0.5040036,-0.5947107,-0.2406141,-0.2892065,-0.02075702,2.021569,0.7104437,0.02709959,-0.7032323,0.2096719,0.945728,0.2482664,0.6717943,-0.3238273,0.6662045,moving,29.40254,-17.09572,-8.141513,-0.5882795,3.089181120198453,1.0459403502007412
05/11/2023 10:30:35.240092,3548,True,True,True,True,Eyes,0.6081697,0.1075468,-1.907574,0.4766015,-0.2589121,0.8401283,0.0,0.0,0.0,0.0,0.0,0.0,0.0,-1.837494,0.2023258,0.7442088,0.7469682,0.0928441,-1.845152,0.1543896,0.3811556,-0.05073857,0.9101152,18.64499,45.69936,1.5323,0.2756623,0.05388681,-0.9597427,0.118346,0.009278995,0.1288226,0.5188921,-0.5835894,-0.2282791,-0.2923589,-0.01875323,2.021319,0.7042919,0.02533708,-0.7094582,0.2100489,0.9471788,0.2423462,0.6781241,-0.3197034,0.6617684,moving,29.56607,-17.12834,-8.230053,-0.5315588,3.110615452576943,1.0373292267641565
05/11/2023 10:30:35.260179,3549,True,True,True,True,Eyes,0.6134204,0.1072001,-1.903761,0.4792301,-0.2587558,0.8386799,0.0,0.0,0.0,0.0,0.0,0.0,0.0,-1.846793,0.1833308,0.7197725,0.7566267,0.09448833,-1.838726,0.1508753,0.3854777,-0.05128552,0.9088528,18.28753,46.19151,1.393842,0.2784385,0.05386391,-0.9589421,0.1112452,0.008722255,0.1210933,0.5347961,-0.5812554,-0.2204021,-0.2955977,-0.01669478,2.021063,0.6975535,0.02309619,-0.7161605,0.2095402,0.9492128,0.2347081,0.6852096,-0.3137858,0.6572871,moving,29.74408,-17.14643,-8.321001,-0.4732752,3.1333724814834234,1.0330141717797616
05/11/2023 10:30:35.270140,3550,True,True,True,True,Eyes,0.6188645,0.1068759,-1.899832,0.4821762,-0.2583863,0.8371037,0.0,0.0,0.0,0.0,0.0,0.0,0.0,-1.856235,0.1664952,0.6936237,0.7661911,0.0971344,-1.832474,0.1478919,0.3901302,-0.05124363,0.907359,17.96076,46.74503,1.349387,0.2812301,0.0538315,-0.958129,0.1045705,0.00819892,0.1138277,0.5613619,-0.5723692,-0.209064,-0.2987744,-0.01467556,2.02081,0.690345,0.02240147,-0.7231334,0.2083869,0.9510042,0.2283987,0.6928194,-0.3083655,0.6518527,moving,29.94217,-17.15373,-8.410186,-0.4160869,3.1582728365484094,1.0319385603387197
05/11/2023 10:30:35.293715,3551,True,True,True,True,Eyes,0.6244619,0.1065528,-1.895819,0.4853617,-0.2578583,0.8354239,0.0,0.0,0.0,0.0,0.0,0.0,0.0,-1.866493,0.1506237,0.6631596,0.7760438,0.09734924,-1.826073,0.1447823,0.3955667,-0.05141214,0.9054955,17.63025,47.3962,1.288783,0.2840468,0.05379171,-0.9572999,0.09829626,0.007706984,0.106998,0.5863125,-0.5612082,-0.200009,-0.3019871,-0.01263368,2.020556,0.6817675,0.0214352,-0.7312548,0.207649,0.9527898,0.2215255,0.7014806,-0.3028733,0.6451301,moving,30.15558,-17.15314,-8.50036,-0.3582416,3.1848197398929177,1.0332350934353718
05/11/2023 10:30:35.310302,3552,True,True,True,True,Eyes,0.6302132,0.1062807,-1.891743,0.4886624,-0.2572803,0.8336762,0.0,0.0,0.0,0.0,0.0,0.0,0.0,-1.875278,0.1384162,0.6352755,0.7851089,0.09709251,-1.820324,0.1418237,0.4004146,-0.05089303,0.9038606,17.28557,47.98397,1.294808,0.2868946,0.05374535,-0.956453,0.09239849,0.007244566,0.1005781,0.6102656,-0.5542297,-0.1909582,-0.3053309,-0.01050806,2.02029,0.674156,0.02157616,-0.7382737,0.205577,0.9545919,0.2156211,0.7094024,-0.2971344,0.6391083,moving,30.37686,-17.15072,-8.594197,-0.2980077,3.212285906565219,1.0351045791923639
05/11/2023 10:30:35.330169,3553,True,True,True,True,Eyes,0.6361484,0.106038,-1.887606,0.49206,-0.2569264,0.8317847,0.0,0.0,0.0,0.0,0.0,0.0,0.0,-1.881672,0.1355619,0.6128067,0.7944312,0.09817279,-1.814893,0.1411369,0.4035082,-0.04919434,0.9026858,17.12786,48.39662,1.504181,0.2897785,0.05369559,-0.955586,0.08685458,0.006809892,0.09454344,0.6311837,-0.5434328,-0.1811479,-0.3096704,-0.007749856,2.019946,0.6695221,0.02508572,-0.7423685,0.2027138,0.9553206,0.2151039,0.7145959,-0.2945051,0.634523,moving,30.60735,-17.16517,-8.715943,-0.2198236,3.241455709110924,1.0321233301799984
05/11/2023 10:30:35.340137,3554,True,True,True,True,Eyes,0.6422407,0.1058248,-1.883427,0.4956599,-0.2567242,0.8297071,0.0,0.0,0.0,0.0,0.0,0.0,0.0,-1.889255,0.1321265,0.5870897,0.804647,0.09871297,-1.80948,0.1417249,0.4070834,-0.04887562,0.9010041,17.16847,48.87524,1.638152,0.2927045,0.05364417,-0.9546967,0.08164331,0.006401298,0.08887084,0.656437,-0.5370156,-0.1736555,-0.3116899,-0.00646621,2.019786,0.6637887,0.0273134,-0.7474211,0.2034619,0.9550505,0.2155965,0.7197136,-0.2951823,0.6283945,moving,30.85373,-17.19287,-8.772588,-0.183428,3.273041159203183,1.0253778669537015
05/11/2023 10:30:35.360261,3555,True,True,True,True,Eyes,0.7981374,0.101109,-1.778309,0.5860249,-0.2580569,0.7681025,0.0,0.0,0.0,0.0,0.0,0.0,0.0,-1.898559,0.1228326,0.5566202,0.8142588,0.09915726,-1.804603,0.1429011,0.4120642,-0.05086098,0.8984407,17.37907,49.5186,1.583824,0.2956764,0.05359263,-0.9537833,0.07674471,0.00601722,0.08353858,0.6867828,-0.5325836,-0.1673885,-0.3149301,-0.004406631,2.019529,0.6552325,0.02637766,-0.7549666,0.20916,0.9539849,0.2148603,0.7258942,-0.2986922,0.6195648,moving,37.34187,-18.57063,-8.863453,-0.1250197,4.126218753262681,0.6594645274372519
05/11/2023 10:30:35.380515,3556,True,True,True,True,Eyes,0.7984937,0.1010458,-1.778145,0.5863387,-0.2582181,0.7678088,2.046845,1.998638,-0.4274867,-0.2065593,-0.7471763,0.237059,-0.6209109,-0.4685367,0.09216687,1.992378,0.8236747,0.09949119,-1.800091,0.1441289,0.4170461,-0.0534944,0.8957889,17.6281,50.15717,1.465701,0.3112822,0.0534643,-0.9488121,0.5398302,-0.008491078,0.3938782,0.7205614,-0.5282786,-0.1624882,-0.3181134,-0.002383411,2.019276,0.6464218,0.0243774,-0.7625907,0.2160562,0.9527304,0.2135989,0.7317504,-0.3028374,0.6105989,moving,37.36723,-18.58806,-8.952702,-0.06762785,4.129951319068416,0.6545363101930084
05/11/2023 10:30:35.393945,3557,True,True,True,True,Eyes,0.7984937,0.1010458,-1.778145,0.5863387,-0.2582181,0.7678088,0.0,0.0,0.0,0.0,0.0,0.0,0.0,-1.916088,0.1051146,0.4965174,0.8323212,0.09786367,-1.796284,0.1456485,0.421979,-0.05554574,0.8931041,17.88075,50.80468,1.427276,0.3240377,0.05332969,-0.9445395,0.5074404,-0.007981613,0.3702455,0.7500405,-0.5231327,-0.1571372,-0.3219214,3.71933e-05,2.018974,0.6376969,0.02370496,-0.7699226,0.2221375,0.9514024,0.2132803,0.737562,-0.3070369,0.6014405,moving,37.36723,-18.58806,-9.059438,0.001055496,4.129951319068416,0.6545363101930084
05/11/2023 10:30:35.410361,3558,True,True,True,True,Eyes,0.7984937,0.1010458,-1.778145,0.5863387,-0.2582181,0.7678088,0.0,0.0,0.0,0.0,0.0,0.0,0.0,-1.924168,0.09287515,0.468586,0.8419924,0.09811381,-1.792217,0.144592,0.4266235,-0.05665747,0.890997,17.81863,51.38313,1.348786,0.3344764,0.05319795,-0.9409011,0.476994,-0.007502717,0.3480308,0.812745,-0.5140994,-0.1489426,-0.3244753,0.001660585,2.018772,0.6295647,0.02240945,-0.7766249,0.224336,0.9517662,0.2093193,0.743856,-0.3060049,0.5941711,moving,37.36723,-18.58806,-9.131002,0.04712991,4.129951319068416,0.6545363101930084
05/11/2023 10:30:35.419992,3559,True,True,True,True,Eyes,0.7984937,0.1010458,-1.778145,0.5863387,-0.2582181,0.7678088,0.0,0.0,0.0,0.0,0.0,0.0,0.0,-1.93188,0.08027887,0.4421568,0.8513312,0.09955709,-1.788695,0.1435712,0.4310768,-0.05763855,0.8889533,17.75512,51.94014,1.28181,0.3430428,0.05307237,-0.9378189,0.4483743,-0.007052553,0.3271489,0.8396873,-0.5047899,-0.142874,-0.3276552,0.003681779,2.018519,0.6217012,0.02130443,-0.7829647,0.2262564,0.9521303,0.2055628,0.7498637,-0.3049494,0.5871203,moving,37.36723,-18.58806,-9.22009,0.1045074,4.129951319068416,0.6545363101930084
05/11/2023 10:30:35.440061,3560,True,True,True,True,Eyes,0.7984937,0.1010458,-1.778145,0.5863387,-0.2582181,0.7678088,0.0,0.0,0.0,0.0,0.0,0.0,0.0,-1.93911,0.06753409,0.4161594,0.8614015,0.09942466,-1.784937,0.1423041,0.4351833,-0.05896113,0.8870675,17.68505,52.44402,1.157837,0.3500939,0.0529547,-0.9352163,0.4214719,-0.0066294,0.30752,0.8650873,-0.4945309,-0.1365472,-0.3308192,0.005692661,2.018268,0.6142781,0.01925174,-0.7888548,0.2284617,0.9525463,0.2011489,0.7552931,-0.3037845,0.5807301,moving,37.36723,-18.58806,-9.308709,0.1616061,4.129951319068416,0.6545363101930084
05/11/2023 10:30:35.459952,3561,True,True,True,True,Eyes,0.8008865,0.1010985,-1.77729,0.5968259,-0.2570827,0.7600706,0.0,0.0,0.0,0.0,0.0,0.0,0.0,-1.946523,0.04954121,0.3887241,0.8709857,0.09981084,-1.781554,0.1409936,0.4398961,-0.06170492,0.8847625,17.68473,53.01132,0.8934821,0.3560628,0.05284585,-0.9329664,0.3961836,-0.006231636,0.2890688,0.8945994,-0.4868357,-0.1315409,-0.3341182,0.007789969,2.018007,0.6053678,0.01485666,-0.7958072,0.2332335,0.9526266,0.1952042,0.7610073,-0.3037792,0.5732243,moving,38.13986,-18.68735,-9.401087,0.2211738,4.229411349220536,0.6297746821640624
05/11/2023 10:30:35.470435,3562,True,True,True,True,Eyes,0.8035654,0.1011513,-1.776351,0.6070663,-0.2561319,0.7522413,0.0,0.0,0.0,0.0,0.0,0.0,0.0,-1.953927,0.03230104,0.3595209,0.8807771,0.09981941,-1.778313,0.1406429,0.4448503,-0.06495464,0.8821048,17.81315,53.6235,0.6341106,0.3615434,0.05274857,-0.9308617,0.3724125,-0.005857738,0.2717246,0.9258999,-0.4815738,-0.1284271,-0.3372057,0.009752035,2.017762,0.5957782,0.01053653,-0.80308,0.2397237,0.9520009,0.1903334,0.7665383,-0.3059138,0.5646555,moving,38.90388,-18.80328,-9.487519,0.2769138,4.3283490931782165,0.6001351600802147
05/11/2023 10:30:35.494709,3563,True,True,True,True,Eyes,0.8065336,0.1012046,-1.775354,0.6169769,-0.2552318,0.7444435,0.0,0.0,0.0,0.0,0.0,0.0,0.0,-1.960583,0.02324912,0.3324882,0.8901063,0.099875,-1.775588,0.1418592,0.4490959,-0.06691325,0.8796088,18.03887,54.18717,0.5846184,0.3665998,0.05266187,-0.9288868,0.3500678,-0.005506273,0.2554212,0.9540355,-0.4815228,-0.1269039,-0.3403773,0.0117681,2.01751,0.5876711,0.009701795,-0.8090418,0.2451317,0.9507972,0.1894602,0.7710727,-0.3096621,0.5563778,moving,39.65112,-18.92423,-9.576283,0.3342015,4.425363759492307,0.568949285535524
05/11/2023 10:30:35.510126,3564,True,True,True,True,Eyes,0.8097879,0.101291,-1.774315,0.6266367,-0.2544782,0.7365916,0.0,0.0,0.0,0.0,0.0,0.0,0.0,-1.967115,0.01909325,0.307982,0.8998373,0.09997438,-1.77343,0.1434203,0.452585,-0.06767962,0.8775061,18.23806,54.67292,0.6660898,0.3712895,0.05258476,-0.9270267,0.3290637,-0.005175897,0.2400959,0.9795392,-0.4846517,-0.1259912,-0.3435505,0.01378518,2.017258,0.5811724,0.01104119,-0.8137056,0.2485983,0.9497002,0.1904428,0.774879,-0.3129659,0.5491947,moving,40.38864,-19.05904,-9.665065,0.3915317,4.521626152295492,0.5336870170505881
05/11/2023 10:30:35.530406,3565,True,True,True,True,Eyes,0.8133157,0.1014225,-1.773241,0.6359373,-0.2537,0.7288485,0.0,0.0,0.0,0.0,0.0,0.0,0.0,-1.973854,0.00979197,0.2830098,0.9097541,0.1008201,-1.771573,0.1443857,0.4563777,-0.06930166,0.875254,18.42142,55.17975,0.6326463,0.375663,0.05251795,-0.9252669,0.3093199,-0.004865343,0.2256901,1.003309,-0.4890547,-0.1254488,-0.3467652,0.01582849,2.017004,0.5738333,0.01047574,-0.8189051,0.2531019,0.9487001,0.1894929,0.7788804,-0.3160038,0.5417444,moving,41.10545,-19.19216,-9.75498,0.4496209,4.615254644684483,0.498806357241973
05/11/2023 10:30:35.539984,3566,True,True,True,True,Eyes,0.8171102,0.1016126,-1.772126,0.6450902,-0.2530282,0.7209961,0.0,0.0,0.0,0.0,0.0,0.0,0.0,-1.980593,-0.006533295,0.2570384,0.9196345,0.1018767,-1.769958,0.1446711,0.4606603,-0.07242225,0.872707,18.61667,55.72306,0.4160607,0.3797649,0.05246262,-0.9235939,0.2907607,-0.004573422,0.2121487,1.028089,-0.4950545,-0.1259065,-0.349988,0.01787722,2.016748,0.5650942,0.006881621,-0.8249977,0.2596952,0.9476506,0.1857868,0.7830881,-0.319235,0.5337248,moving,41.81966,-19.33814,-9.845101,0.5078782,4.708984173507694,0.4601772577396419
05/11/2023 10:30:35.560470,3567,True,True,True,True,Eyes,0.8211697,0.1018687,-1.770979,0.6559729,-0.250903,0.7118618,0.0,0.0,0.0,0.0,0.0,0.0,0.0,-1.986916,-0.03044525,0.2284062,0.9295242,0.1032692,-1.768121,0.1434903,0.4657956,-0.07651055,0.8698225,18.71729,56.34439,0.0346724,0.383635,0.05242051,-0.9219955,0.273315,-0.004299017,0.1994198,1.053061,-0.5017157,-0.1269548,-0.3532764,0.0199672,2.016487,0.5543612,0.000573131,-0.8322761,0.2667755,0.9471133,0.1783457,0.7883619,-0.3208989,0.5248899,moving,42.66023,-19.41553,-9.93703,0.5673227,4.816178487102953,0.44213391746318287
05/11/2023 10:30:35.572264,3568,True,True,True,True,Eyes,0.8254841,0.1021498,-1.769789,0.6666028,-0.2487486,0.7026841,0.0,0.0,0.0,0.0,0.0,0.0,0.0,-1.992406,-0.05334741,0.2001913,0.9393823,0.1047541,-1.766123,0.1416941,0.4707913,-0.07982814,0.8671251,18.71723,56.94794,359.696,0.3873087,0.05239352,-0.9204598,0.2569161,-0.004041076,0.1874546,1.079252,-0.5067356,-0.1282332,-0.3564074,0.02195722,2.016239,0.5439661,-0.005025216,-0.8390923,0.2718587,0.9471005,0.1705683,0.7938476,-0.3208979,0.5165566,moving,43.49058,-19.49385,-10.02453,0.6239371,4.922131274881951,0.42376660743860306
05/11/2023 10:30:35.594644,3569,True,True,True,True,Eyes,0.8254841,0.1021498,-1.769789,0.6666028,-0.2487486,0.7026841,0.0,0.0,0.0,0.0,0.0,0.0,0.0,-1.997579,-0.06870267,0.1727123,0.9495808,0.1055799,-1.764092,0.1395929,0.4752823,-0.08091469,0.8649125,18.56534,57.50702,359.5602,0.390817,0.05238128,-0.9189764,0.2415012,-0.003798612,0.1762073,1.104648,-0.5108705,-0.1294805,-0.3595514,0.0239557,2.015989,0.5351192,-0.007276193,-0.8447452,0.2726603,0.9479333,0.1645566,0.7995648,-0.3183858,0.5092412,moving,43.49058,-19.49385,-10.11237,0.6808053,4.922131274881951,0.42376660743860306
05/11/2023 10:30:35.610746,3570,True,True,True,True,Eyes,0.8254841,0.1021498,-1.769789,0.6666028,-0.2487486,0.7026841,0.0,0.0,0.0,0.0,0.0,0.0,0.0,-2.00245,-0.07706919,0.1494542,0.9599119,0.1062285,-1.762205,0.1375517,0.4785967,-0.08026493,0.863471,18.32296,57.929,359.5806,0.3939699,0.05236961,-0.9176298,0.2270111,-0.003570695,0.1656349,1.131458,-0.5125465,-0.1302177,-0.3627831,0.02600998,2.015733,0.5290055,-0.006949272,-0.84859,0.2702765,0.9492741,0.1607148,0.8044276,-0.3143729,0.5040495,moving,43.49058,-19.49385,-10.20263,0.7392742,4.922131274881951,0.42376660743860306
05/11/2023 10:30:35.620218,3571,True,True,True,True,Eyes,0.8254841,0.1021498,-1.769789,0.6666028,-0.2487486,0.7026841,0.0,0.0,0.0,0.0,0.0,0.0,0.0,-2.007248,-0.08573934,0.1286889,0.9707371,0.1060576,-1.760506,0.135369,0.4812579,-0.07999258,0.8623614,18.08745,58.25555,359.5377,0.3968036,0.05235858,-0.9164087,0.2133904,-0.003356453,0.1556968,1.156552,-0.5141571,-0.1308741,-0.3660923,0.02811319,2.01547,0.523984,-0.007670169,-0.8516936,0.2682599,0.9505528,0.15648,0.8083794,-0.3104682,0.5001321,moving,43.49058,-19.49385,-10.29503,0.7991498,4.922131274881951,0.42376660743860306
05/11/2023 10:30:35.640109,3572,True,True,True,True,Eyes,0.8254841,0.1021498,-1.769789,0.6666028,-0.2487486,0.7026841,0.0,0.0,0.0,0.0,0.0,0.0,0.0,-2.011524,-0.0993731,0.1093616,0.981431,0.1055756,-1.758895,0.1329527,0.4837582,-0.08120674,0.8612243,17.91303,58.54002,359.3232,0.3993506,0.05234823,-0.9153022,0.200587,-0.003155066,0.146355,1.181735,-0.513623,-0.1308456,-0.369297,0.03015018,2.015216,0.518767,-0.0112405,-0.8548418,0.2685083,0.9514581,0.1504354,0.8116552,-0.3075731,0.4966033,moving,43.49058,-19.49385,-10.38447,0.8571531,4.922131274881951,0.42376660743860306
05/11/2023 10:30:35.660203,3573,True,True,True,True,Eyes,0.8317988,0.1023352,-1.768308,0.6785818,-0.2462067,0.6920325,0.0,0.0,0.0,0.0,0.0,0.0,0.0,-2.015593,-0.1135596,0.08966523,0.9920923,0.1043028,-1.757391,0.1312852,0.4862897,-0.08327024,0.8598562,17.86406,58.83366,359.0659,0.4016401,0.05233857,-0.9143004,0.1885518,-0.002965762,0.1375737,1.208456,-0.5111499,-0.1307256,-0.3724746,0.03217,2.014964,0.5131767,-0.01551558,-0.8581427,0.2708861,0.9516605,0.1447858,0.8144141,-0.3067597,0.492573,moving,44.43774,-19.5842,-10.47314,0.9146806,5.043022467088605,0.4025214822405294
05/11/2023 10:30:35.670521,3574,True,True,True,True,Eyes,0.8383031,0.10246,-1.766836,0.6900516,-0.2438181,0.6814554,0.0,0.0,0.0,0.0,0.0,0.0,0.0,-2.019567,-0.1247277,0.07052147,1.002873,0.103044,-1.755793,0.1309747,0.4885232,-0.08530032,0.8584372,17.95137,59.11123,358.8868,0.4039952,0.05233585,-0.9132624,0.1772387,-0.002787817,0.1293193,1.237016,-0.5088122,-0.1314275,-0.375477,0.03407836,2.014726,0.5081379,-0.01848157,-0.8610774,0.2744184,0.9511389,0.1415248,0.8163886,-0.3082095,0.4883813,moving,45.35911,-19.68671,-10.55689,0.969045,5.161104766481357,0.3776089399823386
05/11/2023 10:30:35.694834,3575,True,True,True,True,Eyes,0.8450134,0.1025391,-1.765388,0.7026522,-0.2412579,0.6693837,0.0,0.0,0.0,0.0,0.0,0.0,0.0,-2.024025,-0.1322605,0.05161625,1.013813,0.101751,-1.754612,0.1315283,0.4905775,-0.08681092,0.8570284,18.09672,59.3855,358.8095,0.406416,0.05233599,-0.9121876,0.1666044,-0.002620548,0.1215601,1.265749,-0.5068986,-0.1324496,-0.3787581,0.03616393,2.014466,0.5035951,-0.01974926,-0.863714,0.2778485,0.9503284,0.1402719,0.8180416,-0.3106219,0.4840681,moving,46.38901,-19.82007,-10.64839,1.02847,5.293716258127312,0.3443093246312774
05/11/2023 10:30:35.710241,3576,True,True,True,True,Eyes,0.8519064,0.1025615,-1.763968,0.7147245,-0.2389054,0.6573378,0.0,0.0,0.0,0.0,0.0,0.0,0.0,-2.028687,-0.1389421,0.02974522,1.024959,0.1007539,-1.753586,0.1326527,0.4931962,-0.0881644,0.8552123,18.29183,59.74977,358.796,0.4089035,0.05233603,-0.9110753,0.1566081,-0.002463315,0.1142665,1.290985,-0.5047486,-0.132494,-0.3820297,0.03824353,2.014206,0.4979692,-0.01995093,-0.8669652,0.2816462,0.9492606,0.1399278,0.8201842,-0.3138571,0.4783216,moving,47.39501,-19.97336,-10.73959,1.087739,5.42401073611772,0.3050957358878099
05/11/2023 10:30:35.730171,3577,True,True,True,True,Eyes,1.028756,0.1025785,-1.728985,0.9391404,-0.164139,0.3017839,0.0,0.0,0.0,0.0,0.0,0.0,0.0,-2.033404,-0.1461553,0.006545544,1.036057,0.09938517,-1.752954,0.133988,0.4961221,-0.08980508,0.8531383,18.52565,60.15831,358.7742,0.411457,0.05233276,-0.9099251,0.1472116,-0.002315516,0.1074105,1.317439,-0.5019444,-0.1326546,-0.3851297,0.04021376,2.01396,0.4915958,-0.02028351,-0.8705872,0.2861811,0.9479645,0.139512,0.822456,-0.3177292,0.4718201,moving,72.18568,-28.54158,-10.82597,1.143902,8.793045526327592,-2.0525332202903854
05/11/2023 10:30:35.739889,3578,True,True,True,True,Eyes,1.029215,0.1025543,-1.728963,0.9392284,-0.1642382,0.3014563,0.0,0.0,0.0,0.0,0.0,0.0,0.0,-2.037644,-0.1572427,-0.01773375,1.047279,0.09880199,-1.752278,0.1346471,0.4993941,-0.09182695,0.8509076,18.71495,60.59975,358.6818,0.4262709,0.05216746,-0.9030897,0.6689293,-0.002125534,0.2059147,1.347646,-0.498428,-0.1339702,-0.3883753,0.04227698,2.013703,0.4843468,-0.02178856,-0.8746048,0.2907564,0.9468759,0.1374288,0.8251479,-0.3208601,0.4649515,moving,72.20536,-28.58225,-10.91638,1.202728,8.796838510783111,-2.0642406195501835
05/11/2023 10:30:35.760570,3579,True,True,True,True,Eyes,1.030114,0.1024798,-1.728917,0.9393454,-0.1642977,0.3010592,0.0,0.0,0.0,0.0,0.0,0.0,0.0,-2.041836,-0.1683104,-0.04303801,1.058529,0.09814501,-1.751901,0.13487,0.5028951,-0.09354323,0.8486202,18.84395,61.06999,358.6005,0.438245,0.05202121,-0.8973486,0.6287936,-0.001998001,0.1935598,1.379861,-0.4961397,-0.1366945,-0.3915995,0.0443261,2.013447,0.4766923,-0.0231144,-0.8787662,0.2944163,0.9461195,0.134822,0.8283015,-0.3229918,0.4578132,moving,72.2294,-28.62272,-11.00617,1.261165,8.801167645794123,-2.075866948117018
05/11/2023 10:30:35.780380,3580,True,True,True,True,Eyes,1.031429,0.1023671,-1.72886,0.939545,-0.1643116,0.3004281,0.0,0.0,0.0,0.0,0.0,0.0,0.0,-2.045781,-0.1773142,-0.06910574,1.069797,0.09682769,-1.751455,0.134477,0.5064539,-0.09448197,0.8464594,18.86626,61.54705,358.5626,0.4479556,0.05189082,-0.8925484,0.591066,-0.001878121,0.1819462,1.412063,-0.4995397,-0.1417267,-0.3948095,0.04636651,2.013193,0.4691551,-0.02373749,-0.8827967,0.2961631,0.9459782,0.1319571,0.8319741,-0.3233602,0.4508407,moving,72.26785,-28.67535,-11.09553,1.319365,8.807692193295068,-2.0909487422061472
05/11/2023 10:30:35.796056,3581,True,True,True,True,Eyes,1.031429,0.1023671,-1.72886,0.939545,-0.1643116,0.3004281,0.0,0.0,0.0,0.0,0.0,0.0,0.0,-2.049906,-0.1842551,-0.09216225,1.080943,0.09580116,-1.751268,0.133659,0.5093764,-0.09469678,0.8448099,18.80241,61.93668,358.5572,0.4558649,0.05177284,-0.8885416,0.555602,-0.001765434,0.1710294,1.438676,-0.501996,-0.1445938,-0.3981596,0.04849589,2.012927,0.4631365,-0.02383605,-0.8859664,0.296167,0.9463356,0.1293603,0.8353381,-0.3223055,0.4453419,moving,72.26785,-28.67535,-11.18875,1.380116,8.807692193295068,-2.0909487422061472
05/11/2023 10:30:35.810140,3582,True,True,True,True,Eyes,1.031429,0.1023671,-1.72886,0.939545,-0.1643116,0.3004281,0.0,0.0,0.0,0.0,0.0,0.0,0.0,-2.054291,-0.1889702,-0.114139,1.092687,0.09473505,-1.750973,0.1326379,0.5118776,-0.09424735,0.8435081,18.67795,62.27155,358.5962,0.462279,0.05167277,-0.8852274,0.5222659,-0.001659508,0.1607677,1.465726,-0.5037615,-0.1476051,-0.4010684,0.05034482,2.012696,0.4581975,-0.02320809,-0.8885474,0.2947855,0.9470493,0.127276,0.8385442,-0.3202484,0.440777,moving,72.26785,-28.67535,-11.26967,1.432877,8.807692193295068,-2.0909487422061472
05/11/2023 10:30:35.830437,3583,True,True,True,True,Eyes,1.031429,0.1023671,-1.72886,0.939545,-0.1643116,0.3004281,0.0,0.0,0.0,0.0,0.0,0.0,0.0,-2.059171,-0.1904354,-0.1356103,1.104434,0.09379826,-1.751076,0.1324322,0.5141846,-0.09335271,0.8422359,18.60726,62.59948,358.7267,0.4674896,0.0515883,-0.8824917,0.49093,-0.001559938,0.1511216,1.496705,-0.5051804,-0.1518712,-0.4042553,0.05237055,2.012443,0.4537989,-0.0210608,-0.8908553,0.2934392,0.947494,0.1270772,0.8414037,-0.3190793,0.4361518,moving,72.26785,-28.67535,-11.35829,1.490693,8.807692193295068,-2.0909487422061472
05/11/2023 10:30:35.840208,3584,True,True,True,True,Eyes,1.031429,0.1023671,-1.72886,0.939545,-0.1643116,0.3004281,0.0,0.0,0.0,0.0,0.0,0.0,0.0,-2.063846,-0.1932869,-0.157579,1.116429,0.09195869,-1.751223,0.1316843,0.5165574,-0.09278165,0.8409634,18.50198,62.92332,358.7911,0.4719647,0.05151374,-0.8801109,0.4614742,-0.001466341,0.1420543,1.529214,-0.5032284,-0.1559836,-0.4074665,0.05441177,2.012188,0.4491201,-0.02000694,-0.8932474,0.2920969,0.9481016,0.1256293,0.8443759,-0.3173374,0.4316555,moving,72.26785,-28.67535,-11.44755,1.548963,8.807692193295068,-2.0909487422061472
05/11/2023 10:30:35.860394,3585,True,True,True,True,Eyes,1.031429,0.1023671,-1.72886,0.939545,-0.1643116,0.3004281,0.0,0.0,0.0,0.0,0.0,0.0,0.0,-2.068456,-0.1973838,-0.1804178,1.128295,0.09107469,-1.751764,0.1311209,0.5192171,-0.09236827,0.8394576,18.42477,63.28951,358.8574,0.4759821,0.0514455,-0.8779486,0.4337857,-0.001378361,0.133531,1.56066,-0.5009313,-0.1599849,-0.4106096,0.05640936,2.011939,0.4437635,-0.01891809,-0.8959442,0.2912389,0.9485509,0.1242225,0.8474987,-0.3160593,0.4264418,moving,72.26785,-28.67535,-11.53489,1.605999,8.807692193295068,-2.0909487422061472
05/11/2023 10:30:35.870265,3586,True,True,True,True,Eyes,1.031429,0.1023671,-1.72886,0.939545,-0.1643116,0.3004281,0.0,0.0,0.0,0.0,0.0,0.0,0.0,-2.073092,-0.1974231,-0.203496,1.140252,0.08930645,-1.752127,0.1311184,0.5217122,-0.09138688,0.8380172,18.36771,63.64946,359.0125,0.4795893,0.05138318,-0.8759871,0.4077586,-0.001295659,0.1255192,1.589063,-0.4996905,-0.1625966,-0.4138105,0.0584439,2.011685,0.4389296,-0.01635546,-0.8983727,0.2899797,0.9489129,0.1244036,0.8504426,-0.3151142,0.4212486,moving,72.26785,-28.67535,-11.6238,1.664101,8.807692193295068,-2.0909487422061472
05/11/2023 10:30:35.896292,3587,True,True,True,True,Eyes,1.035953,0.1018438,-1.728721,0.9344791,-0.1662041,0.3148411,0.0,0.0,0.0,0.0,0.0,0.0,0.0,-2.077882,-0.195838,-0.2262172,1.152242,0.08764564,-1.752649,0.1312879,0.5240807,-0.09006518,0.8366547,18.30577,63.99873,359.2096,0.4828286,0.05132635,-0.874209,0.3832931,-0.00121792,0.117988,1.616941,-0.5034446,-0.1671911,-0.417126,0.06055146,2.011422,0.4344554,-0.01309603,-0.9005982,0.2883178,0.9493035,0.1252824,0.8533003,-0.3140881,0.4162058,moving,71.3805,-27.8295,-11.71586,1.724301,8.669296281098298,-1.8499800646680926
05/11/2023 10:30:35.910498,3588,True,True,True,True,Eyes,1.04077,0.1012839,-1.728618,0.9294529,-0.1679488,0.3284973,0.0,0.0,0.0,0.0,0.0,0.0,0.0,-2.082684,-0.1914497,-0.2487887,1.164,0.08599718,-1.753234,0.1318004,0.526363,-0.08820545,0.8353385,18.24327,64.34821,359.4804,0.4859105,0.05124351,-0.8725047,0.3602955,-0.001144844,0.1109088,1.643652,-0.5076532,-0.1716219,-0.4203262,0.06258577,2.011168,0.4303236,-0.008613077,-0.9026337,0.2861125,0.9496969,0.1273398,0.8561316,-0.3130521,0.4111412,moving,70.53503,-27.07902,-11.80467,1.782419,8.539263377433347,-1.6364874155688973
05/11/2023 10:30:35.920258,3589,True,True,True,True,Eyes,1.045883,0.1007492,-1.728541,0.9244481,-0.1695601,0.3415335,0.0,0.0,0.0,0.0,0.0,0.0,0.0,-2.087815,-0.1871698,-0.268876,1.175787,0.08470345,-1.754037,0.1319426,0.5281732,-0.08623959,0.8343782,18.13632,64.62513,359.7265,0.4888607,0.0511351,-0.8708615,0.3386777,-0.001076154,0.1042542,1.667744,-0.5146039,-0.1763655,-0.423462,0.06457859,2.010919,0.4271917,-0.004535848,-0.9041497,0.2832899,0.9503077,0.1290811,0.8586349,-0.3112789,0.4072486,moving,69.72346,-26.40288,-11.89167,1.839363,8.41590558037236,-1.4444054504387527
05/11/2023 10:30:35.940027,3590,True,True,True,True,Eyes,1.051304,0.1002971,-1.72849,0.9195154,-0.1710127,0.3539012,0.0,0.0,0.0,0.0,0.0,0.0,0.0,-2.092911,-0.1829974,-0.2889607,1.187897,0.08495577,-1.754692,0.1319767,0.5299628,-0.08386901,0.8334792,17.99263,64.90076,0.004781007,0.4917021,0.05100461,-0.869268,0.3183571,-0.001011585,0.09799898,1.693335,-0.5181276,-0.1803689,-0.4268401,0.06672594,2.010652,0.4242109,7.934059e-05,-0.9055635,0.2796916,0.9510963,0.1311048,0.8612884,-0.3088946,0.4034432,moving,68.94939,-25.79084,-11.98536,1.900733,8.299332863468777,-1.2707413433341044
05/11/2023 10:30:35.960191,3591,True,True,True,True,Eyes,1.056987,0.09989471,-1.728476,0.9145859,-0.1723982,0.3658028,0.0,0.0,0.0,0.0,0.0,0.0,0.0,-2.098561,-0.1779789,-0.3076711,1.200664,0.08668049,-1.755331,0.1320592,0.5313748,-0.08099321,0.8328513,17.82116,65.12857,0.3271161,0.4944558,0.05085795,-0.8677132,0.2992557,-0.0009508895,0.09211904,1.719707,-0.5170133,-0.1838203,-0.4299335,0.0686923,2.010406,0.4221619,0.005435243,-0.9065042,0.2752565,0.9520009,0.1338959,0.8637206,-0.3060468,0.4004024,moving,68.20029,-25.23391,-12.07111,1.956942,8.187688534801168,-1.1129503307618105
05/11/2023 10:30:35.971829,3592,True,True,True,True,Eyes,1.062961,0.09954762,-1.728506,0.9097499,-0.1736225,0.3771079,0.0,0.0,0.0,0.0,0.0,0.0,0.0,-2.104458,-0.1678984,-0.3249668,1.212607,0.08771746,-1.756253,0.1334018,0.5324623,-0.07767934,0.8322583,17.74445,65.34048,0.7678933,0.4971384,0.05069887,-0.8661883,0.2813003,-0.0008938361,0.08659189,1.745626,-0.5137519,-0.1858339,-0.4332155,0.07077825,2.010146,0.4208996,0.01276428,-0.9070175,0.2713614,0.9523398,0.1393268,0.8655673,-0.3047721,0.3973756,moving,67.4851,-24.72159,-12.16205,2.016581,8.081738732497357,-0.9679359242332923
05/11/2023 10:30:35.996277,3593,True,True,True,True,Eyes,1.218709,0.09371492,-1.730882,0.7498066,-0.19515,0.6322234,0.0,0.0,0.0,0.0,0.0,0.0,0.0,-2.11086,-0.1576342,-0.34293,1.225533,0.0889575,-1.757366,0.1336064,0.5335539,-0.07376488,0.8318825,17.51796,65.53444,1.192416,0.499766,0.05053095,-0.8646848,0.2644223,-0.000840206,0.08139638,1.769093,-0.5070499,-0.1855042,-0.4365632,0.0729062,2.00988,0.419758,0.01984497,-0.9074191,0.2652998,0.9534162,0.1435745,0.8679972,-0.3010046,0.3949392,moving,49.86302,-17.15402,-12.25478,2.077431,5.638133540879852,1.1368855538493001
05/11/2023 10:30:36.010196,3594,True,True,True,True,Eyes,1.219234,0.0937518,-1.730948,0.749926,-0.1951087,0.6320945,0.0,0.0,0.0,0.0,0.0,0.0,0.0,-2.117555,-0.1482973,-0.359216,1.237878,0.09171737,-1.759066,0.1348439,0.5344954,-0.0702743,0.8313805,17.41771,65.72515,1.639413,0.5117243,0.0496696,-0.8577123,0.7158021,-0.01828788,0.06938507,1.791692,-0.498524,-0.1843848,-0.439671,0.07488143,2.009634,0.4187526,0.02729744,-0.90769,0.2609962,0.9537573,0.1490905,0.8697858,-0.2993357,0.3922638,moving,49.87327,-17.1539,-12.34082,2.133925,5.63940555128005,1.1369744459675584
05/11/2023 10:30:36.020105,3595,True,True,True,True,Eyes,1.220229,0.09387016,-1.731084,0.7501476,-0.1950094,0.6318623,0.0,0.0,0.0,0.0,0.0,0.0,0.0,-2.123307,-0.144841,-0.3799251,1.250899,0.09280275,-1.760793,0.1349447,0.5363228,-0.06803143,0.8303731,17.28246,66.0051,1.906402,0.5213113,0.04895368,-0.8519608,0.6728539,-0.0171906,0.06522197,1.813856,-0.4879622,-0.1826129,-0.4428174,0.07688126,2.009384,0.4154591,0.03176491,-0.9090571,0.2577308,0.9543233,0.1511353,0.8723352,-0.2970826,0.3882955,moving,49.89198,-17.15161,-12.42789,2.191131,5.641659042873209,1.137738142431881
05/11/2023 10:30:36.040134,3596,True,True,True,True,Eyes,1.221678,0.09403906,-1.731288,0.7505252,-0.1949316,0.6314378,0.0,0.0,0.0,0.0,0.0,0.0,0.0,-2.127752,-0.1474445,-0.4028827,1.262998,0.09497605,-1.762725,0.1349007,0.538959,-0.06692547,0.8287618,17.20199,66.38629,2.0686,0.529011,0.04836318,-0.8472352,0.6324827,-0.01615917,0.06130866,1.838765,-0.4713888,-0.1802719,-0.44594,0.07886633,2.009137,0.4100884,0.0344814,-0.9113937,0.2563425,0.9546456,0.151461,0.8752805,-0.2957413,0.38265,moving,49.92516,-17.15602,-12.51427,2.247926,5.645935101066888,1.1366323532780997
05/11/2023 10:30:36.060135,3597,True,True,True,True,Eyes,1.223536,0.09427249,-1.731553,0.7510164,-0.1948261,0.6308859,0.0,0.0,0.0,0.0,0.0,0.0,0.0,-2.131703,-0.1539342,-0.4260451,1.275152,0.09638898,-1.764671,0.1350172,0.5416813,-0.06701929,0.8269585,17.21231,66.77361,2.125545,0.5352127,0.04787945,-0.8433589,0.5945337,-0.01518962,0.05763014,1.864757,-0.4554375,-0.179681,-0.4491783,0.08092445,2.008879,0.4041798,0.03542816,-0.9139932,0.2571169,0.9545575,0.150701,0.8777982,-0.2959133,0.3767037,moving,49.9683,-17.1614,-12.60382,2.306821,5.651483065901773,1.1352973753563669
05/11/2023 10:30:36.070667,3598,True,True,True,True,Eyes,1.225789,0.09456424,-1.731869,0.7516862,-0.1947275,0.6301183,0.0,0.0,0.0,0.0,0.0,0.0,0.0,-2.134517,-0.1664406,-0.4493412,1.286615,0.09811772,-1.766568,0.1348014,0.5447143,-0.06837586,0.8248879,17.27046,67.18789,2.043568,0.5402294,0.04748725,-0.8401765,0.5588617,-0.01427824,0.05417233,1.893909,-0.4417085,-0.1811264,-0.4523062,0.08291253,2.008631,0.3972223,0.03405169,-0.9170906,0.2596614,0.9543067,0.1479015,0.8802219,-0.2968827,0.37023,moving,50.0278,-17.17289,-12.69027,2.36372,5.6592693897894755,1.1322742212992543
05/11/2023 10:30:36.095908,3599,True,True,True,True,Eyes,1.228394,0.09492359,-1.732232,0.7524602,-0.1946048,0.6292318,0.0,0.0,0.0,0.0,0.0,0.0,0.0,-2.13646,-0.1819054,-0.4735916,1.298092,0.09968843,-1.768293,0.1340979,0.5479896,-0.07024333,0.8226731,17.31487,67.6228,1.884461,0.5443138,0.0471735,-0.8375539,0.52533,-0.01342155,0.05092199,1.920243,-0.4284095,-0.1821559,-0.4554976,0.08494109,2.008378,0.3895465,0.03139392,-0.9204716,0.2625431,0.9541672,0.1436522,0.8827937,-0.2976227,0.3634503,moving,50.09653,-17.18546,-12.77844,2.421788,5.668240378837408,1.128986084000152
05/11/2023 10:30:36.110392,3600,True,True,True,True,Eyes,1.231342,0.09529322,-1.73263,0.7533875,-0.1943958,0.628186,0.0,0.0,0.0,0.0,0.0,0.0,0.0,-2.138162,-0.1953122,-0.49641,1.30892,0.1015813,-1.769948,0.1331737,0.5510396,-0.0715168,0.8206738,17.30161,68.02695,1.763651,0.5477115,0.04692511,-0.83535,0.4938102,-0.01261625,0.04786667,1.939931,-0.4216267,-0.1814324,-0.4587322,0.08699709,2.008121,0.3824814,0.02938411,-0.9234958,0.2641519,0.9543002,0.1397672,0.8853992,-0.2974016,0.3572402,moving,50.17813,-17.19498,-12.86776,2.480653,5.678712767080712,1.126651567269791
05/11/2023 10:30:36.119911,3601,True,True,True,True,Eyes,1.234632,0.09571153,-1.733067,0.7543584,-0.1940117,0.6271387,0.0,0.0,0.0,0.0,0.0,0.0,0.0,-2.139783,-0.2033647,-0.5195394,1.319904,0.1022138,-1.771258,0.1318271,0.5539037,-0.07163887,0.8189507,17.17444,68.4055,1.721489,0.5508465,0.04671413,-0.8332979,0.4641816,-0.01185928,0.04499467,1.961067,-0.4213994,-0.1830692,-0.4622014,0.08920223,2.007846,0.3761171,0.02870163,-0.9261276,0.2633764,0.9549789,0.1365577,0.8883517,-0.2952818,0.3516246,moving,50.26143,-17.18998,-12.96352,2.543797,5.688917261159385,1.1285428332376153
05/11/2023 10:30:36.140048,3602,True,True,True,True,Eyes,1.238232,0.0961591,-1.733539,0.7553977,-0.1935245,0.6260372,0.0,0.0,0.0,0.0,0.0,0.0,0.0,-2.142664,-0.206201,-0.540459,1.331271,0.1038759,-1.772725,0.1296292,0.5561799,-0.07007288,0.8178937,16.85748,68.69496,1.770588,0.5537558,0.0465387,-0.8313772,0.4363307,-0.01114772,0.04229499,1.985815,-0.4258577,-0.1899779,-0.4651949,0.09110516,2.007609,0.3715073,0.02956997,-0.927959,0.2588187,0.9565721,0.1340995,0.8916251,-0.2899921,0.3477204,moving,50.3497,-17.17775,-13.04611,2.598296,5.699501677948553,1.1325600005138075
05/11/2023 10:30:36.160248,3603,True,True,True,True,Eyes,1.242148,0.09657069,-1.734043,0.7564243,-0.192956,0.6249722,0.0,0.0,0.0,0.0,0.0,0.0,0.0,-2.146332,-0.2044004,-0.5580803,1.342221,0.1051362,-1.774081,0.1286571,0.55771,-0.06809791,0.8171719,16.63225,68.90776,1.926525,0.5564714,0.04639624,-0.82957,0.4101509,-0.01047886,0.03975729,2.009852,-0.4310414,-0.1972425,-0.4684798,0.09319308,2.007348,0.3686445,0.03221137,-0.9290123,0.2548021,0.95762,0.1343122,0.8939672,-0.2862278,0.3448139,moving,50.43583,-17.15772,-13.13669,2.658103,5.709562103535957,1.1388311184528481
05/11/2023 10:30:36.180598,3604,True,True,True,True,Eyes,1.246358,0.09701098,-1.734562,0.7575341,-0.1923055,0.6238275,0.0,0.0,0.0,0.0,0.0,0.0,0.0,-2.149378,-0.2079537,-0.5766,1.353671,0.1046864,-1.775431,0.1267081,0.5594295,-0.06742827,0.8163561,16.39875,69.11652,1.892297,0.5590225,0.04628133,-0.8278596,0.3855418,-0.009850127,0.03737185,2.033152,-0.4390903,-0.2058393,-0.4714818,0.09510088,2.00711,0.3649843,0.03167751,-0.9304748,0.2518594,0.9587969,0.1314351,0.8962999,-0.2823205,0.3419676,moving,50.52863,-17.13281,-13.21944,2.71276,5.720291684790182,1.1465546265827333
05/11/2023 10:30:36.196223,3605,True,True,True,True,Eyes,1.250841,0.09745666,-1.735093,0.758518,-0.1917923,0.622789,0.0,0.0,0.0,0.0,0.0,0.0,0.0,-2.151208,-0.2189574,-0.5946622,1.364768,0.1057367,-1.77637,0.1249747,0.5613177,-0.06825635,0.8152575,16.28409,69.34384,1.731768,0.5614341,0.04619218,-0.8262309,0.3624093,-0.009259119,0.03512954,2.057309,-0.4336888,-0.2101192,-0.4754942,0.09765115,2.006792,0.3605268,0.02900814,-0.9322976,0.2515941,0.9594448,0.1271462,0.8981764,-0.2804002,0.3386073,moving,50.61195,-17.11659,-13.32998,2.785835,5.730128131151698,1.1517044494876583
05/11/2023 10:30:36.210134,3606,True,True,True,True,Eyes,1.255588,0.09789187,-1.735626,0.7595057,-0.1914284,0.6216963,0.0,0.0,0.0,0.0,0.0,0.0,0.0,-2.153868,-0.2286693,-0.6092203,1.375727,0.1062573,-1.777264,0.1249671,0.5624698,-0.06959818,0.8143508,16.36933,69.49934,1.626046,0.5637286,0.0461261,-0.8246707,0.3406647,-0.008703572,0.03302177,2.081259,-0.4280143,-0.215886,-0.4780464,0.09927344,2.006589,0.3575678,0.02722583,-0.9334902,0.2539351,0.9590786,0.1252404,0.8987003,-0.2818279,0.336022,moving,50.69783,-17.11428,-13.40025,2.832326,5.740742633575183,1.1528281031189112
05/11/2023 10:30:36.220402,3607,True,True,True,True,Eyes,1.260578,0.09833468,-1.736165,0.7603542,-0.1913589,0.6206796,0.0,0.0,0.0,0.0,0.0,0.0,0.0,-2.156186,-0.2412902,-0.6228044,1.386703,0.106332,-1.777918,0.1258383,0.5634653,-0.07200944,0.8133181,16.60923,69.64371,1.475665,0.5659257,0.04607994,-0.8231672,0.3202249,-0.008181358,0.03104046,2.104333,-0.4228732,-0.2198425,-0.4811815,0.1012663,2.00634,0.354643,0.0246779,-0.9346761,0.2589442,0.9579587,0.1235435,0.8984299,-0.2858427,0.3333432,moving,50.77513,-17.13482,-13.48655,2.889445,5.751043667906434,1.147270546381061
05/11/2023 10:30:36.240068,3608,True,True,True,True,Eyes,1.265791,0.09877475,-1.736697,0.7612772,-0.191575,0.6194804,0.0,0.0,0.0,0.0,0.0,0.0,0.0,-2.15719,-0.2592446,-0.638008,1.397349,0.1068163,-1.77869,0.1274284,0.5649791,-0.07570007,0.8116834,17.00176,69.86931,1.264281,0.568042,0.04605173,-0.8217099,0.3010114,-0.007690476,0.02917803,2.128599,-0.4185079,-0.2261502,-0.4841835,0.1031746,2.006103,0.3501362,0.02109978,-0.9364612,0.2668778,0.956063,0.1213251,0.8978758,-0.292401,0.3291211,moving,50.86343,-17.18428,-13.56914,2.944149,5.763669114574377,1.133372196934304
05/11/2023 10:30:36.260430,3609,True,True,True,True,Eyes,1.271188,0.09920784,-1.737225,0.7621595,-0.1921402,0.6182192,0.0,0.0,0.0,0.0,0.0,0.0,0.0,-2.156148,-0.2781216,-0.6574725,1.407694,0.1070477,-1.779196,0.1297387,0.5673442,-0.07968314,0.809283,17.482,70.2329,1.095785,0.5700919,0.04603924,-0.8202897,0.2829507,-0.007229048,0.02742735,2.153131,-0.4187081,-0.234173,-0.4874902,0.1052763,2.00584,0.3435421,0.0182406,-0.9389601,0.2761854,0.9536369,0.1195751,0.8976082,-0.3004062,0.3225767,moving,50.95306,-17.26505,-13.66006,3.004405,5.777494130725745,1.1103879795910796
05/11/2023 10:30:36.270248,3610,True,True,True,True,Eyes,1.276759,0.09963284,-1.737743,0.7630721,-0.1929559,0.6168379,0.0,0.0,0.0,0.0,0.0,0.0,0.0,-2.15543,-0.2935044,-0.6750318,1.417283,0.1072352,-1.779748,0.1324266,0.5693872,-0.08302566,0.807074,17.95702,70.56538,1.011206,0.5720877,0.04604031,-0.8188989,0.2659736,-0.006795305,0.02578171,2.174532,-0.4239488,-0.2424607,-0.4906259,0.1072698,2.005592,0.33781,0.01678829,-0.9410647,0.2848197,0.9511399,0.1192086,0.8970854,-0.3083035,0.3165229,moving,51.04927,-17.37044,-13.74625,3.061568,5.792951328280695,1.0802884480706911
05/11/2023 10:30:36.295835,3611,True,True,True,True,Eyes,1.282497,0.1000562,-1.738257,0.7640163,-0.1939247,0.6153636,0.0,0.0,0.0,0.0,0.0,0.0,0.0,-2.155621,-0.3025677,-0.6914581,1.426905,0.107567,-1.780094,0.1353367,0.5710185,-0.08495513,0.8052358,18.35947,70.85645,1.071101,0.5740398,0.04605296,-0.8175309,0.2500152,-0.006387587,0.02423481,2.193889,-0.4292529,-0.2494326,-0.4938617,0.1093262,2.005335,0.3334411,0.01774164,-0.9426041,0.2913773,0.9489332,0.120934,0.896614,-0.3149778,0.3112438,moving,51.1509,-17.49164,-13.83514,3.120543,5.809605356567032,1.0456260387306582
05/11/2023 10:30:36.310387,3612,True,True,True,True,Eyes,1.288397,0.1004746,-1.738769,0.7649967,-0.1950362,0.6137922,0.0,0.0,0.0,0.0,0.0,0.0,0.0,-2.156562,-0.3056402,-0.7083244,1.436543,0.108036,-1.78061,0.1383111,0.5725609,-0.08546914,0.803579,18.67262,71.14982,1.271416,0.5759567,0.04607571,-0.8161803,0.2350143,-0.006004332,0.02278072,2.21447,-0.432408,-0.2572642,-0.4969721,0.1113034,2.005088,0.3297382,0.02102062,-0.9438384,0.2957454,0.9471301,0.1244152,0.8965532,-0.3201603,0.3060882,moving,51.25832,-17.62797,-13.92054,3.177255,5.827479818297775,1.0066001842771168
05/11/2023 10:30:36.330112,3613,True,True,True,True,Eyes,1.29446,0.1009034,-1.739277,0.7660939,-0.196119,0.6120765,0.0,0.0,0.0,0.0,0.0,0.0,0.0,-2.157715,-0.3050874,-0.7258749,1.446172,0.1083541,-1.781166,0.1407548,0.5741207,-0.0850013,0.80209,18.86855,71.44295,1.529852,0.5778459,0.04610706,-0.814842,0.2209134,-0.005644072,0.02141388,2.236385,-0.4341742,-0.2662317,-0.5001718,0.1133374,2.004834,0.3263206,0.02526311,-0.9449216,0.2979779,0.9459258,0.1281941,0.8970643,-0.323398,0.3011471,moving,51.37663,-17.76628,-14.00836,3.235604,5.846775312884688,0.9670567256952118
05/11/2023 10:30:36.340415,3614,True,True,True,True,Eyes,1.300677,0.1013216,-1.739782,0.7672638,-0.1971802,0.6102673,0.0,0.0,0.0,0.0,0.0,0.0,0.0,-2.158035,-0.3042474,-0.7461765,1.456053,0.1091569,-1.781701,0.1421776,0.5761627,-0.08394793,0.8004842,18.92663,71.78751,1.783295,0.5797147,0.04614638,-0.8135114,0.2076586,-0.005305428,0.02012904,2.261522,-0.4309253,-0.2762844,-0.5035182,0.1154642,2.004569,0.3219787,0.02943685,-0.9462891,0.2982328,0.9454766,0.1308865,0.8985471,-0.3243571,0.2956443,moving,51.50191,-17.90588,-14.10015,3.296624,5.866981071257375,0.9271753811278973
05/11/2023 10:30:36.360386,3615,True,True,True,True,Eyes,1.307051,0.101729,-1.740284,0.7685165,-0.1979509,0.6084388,0.0,0.0,0.0,0.0,0.0,0.0,0.0,-2.158577,-0.2995306,-0.7666408,1.465865,0.109492,-1.78218,0.1430418,0.5781132,-0.08197933,0.7991268,18.8689,72.11217,2.081243,0.5815694,0.04619216,-0.812184,0.1951991,-0.004987102,0.0189213,2.28683,-0.4246288,-0.2856007,-0.5066687,0.1174666,2.004319,0.3181291,0.03436491,-0.9474244,0.2964125,0.9456368,0.1338304,0.9005185,-0.3234037,0.2906484,moving,51.63114,-18.0219,-14.18651,3.354082,5.886899823166218,0.8941628382328135
05/11/2023 10:30:36.380238,3616,True,True,True,True,Eyes,1.313578,0.1021175,-1.740791,0.7698184,-0.1986233,0.6065711,0.0,0.0,0.0,0.0,0.0,0.0,0.0,-2.159588,-0.2943818,-0.7861792,1.475944,0.1097793,-1.782722,0.1431333,0.5798435,-0.07975896,0.7980809,18.72095,72.38626,2.340754,0.5834146,0.04624299,-0.8108567,0.1834872,-0.004687876,0.01778602,2.311683,-0.4154671,-0.2931227,-0.5099162,0.119531,2.004061,0.3148401,0.03868163,-0.9483563,0.293298,0.9463027,0.1359684,0.9026916,-0.3209593,0.2865888,moving,51.764,-18.13117,-14.2755,3.413329,5.907047539477051,0.8631297326006742
05/11/2023 10:30:36.395827,3617,True,True,True,True,Eyes,1.320265,0.1024658,-1.741295,0.7711973,-0.1989548,0.604708,0.0,0.0,0.0,0.0,0.0,0.0,0.0,-2.160803,-0.2914724,-0.8042785,1.486043,0.1098287,-1.783396,0.1427694,0.5813761,-0.07803852,0.7972007,18.56444,72.61538,2.513972,0.5852551,0.04629724,-0.8095261,0.1724779,-0.004406604,0.01671886,2.333278,-0.4047999,-0.2972964,-0.5130374,0.1215149,2.003813,0.3118238,0.04158067,-0.9492298,0.2904301,0.9470538,0.1368922,0.9046637,-0.3183711,0.2832376,moving,51.89944,-18.21171,-14.36098,3.470271,5.9265676272541805,0.8404538404582622
05/11/2023 10:30:36.410472,3618,True,True,True,True,Eyes,1.327109,0.1027878,-1.741795,0.7726327,-0.1992178,0.6027861,0.0,0.0,0.0,0.0,0.0,0.0,0.0,-2.161275,-0.2928498,-0.8227326,1.496506,0.1092355,-1.7839,0.1420401,0.5830126,-0.07729263,0.7962078,18.44003,72.84319,2.570163,0.5870947,0.04635248,-0.8081898,0.1621293,-0.004142207,0.01571573,2.352975,-0.3945218,-0.299363,-0.5163354,0.1236115,2.003551,0.3082442,0.04254033,-0.9503558,0.2887043,0.9477009,0.1360617,0.9064412,-0.316312,0.2798417,moving,52.03966,-18.28846,-14.45125,3.530455,5.946557590608639,0.8189038217383802
05/11/2023 10:30:36.420240,3619,True,True,True,True,Eyes,1.334101,0.1030639,-1.74229,0.7741162,-0.1992466,0.6008702,0.0,0.0,0.0,0.0,0.0,0.0,0.0,-2.160931,-0.2988282,-0.8413908,1.506972,0.1089122,-1.784386,0.1411705,0.5848275,-0.07745814,0.7950144,18.3647,73.08747,2.533972,0.5889373,0.04640716,-0.8068448,0.1524015,-0.003893675,0.01477279,2.371701,-0.3852973,-0.3011684,-0.519382,0.1255476,2.00331,0.3039539,0.04196008,-0.9517623,0.2882814,0.9481422,0.1338658,0.9080231,-0.3150644,0.2760953,moving,52.18133,-18.34535,-14.5346,3.58604,5.966072186462097,0.8031290814201739
05/11/2023 10:30:36.440217,3620,True,True,True,True,Eyes,1.341241,0.1032942,-1.742785,0.7756207,-0.1992624,0.5989216,0.0,0.0,0.0,0.0,0.0,0.0,0.0,-2.160566,-0.3049663,-0.8595132,1.517412,0.1080542,-1.784824,0.1406387,0.5865211,-0.07788167,0.7938188,18.33919,73.3213,2.495365,0.5907862,0.04645905,-0.8054892,0.1432574,-0.003660054,0.01388642,2.389799,-0.3806408,-0.3038306,-0.5225676,0.1275725,2.003057,0.299855,0.04132723,-0.9530892,0.288623,0.9483104,0.1319248,0.9092765,-0.3146418,0.2724277,moving,52.32527,-18.40239,-14.6217,3.644182,5.985874317443295,0.7873227473240254
05/11/2023 10:30:36.460282,3621,True,True,True,True,Eyes,1.348528,0.1034758,-1.743277,0.7771368,-0.1991715,0.5969833,0.0,0.0,0.0,0.0,0.0,0.0,0.0,-2.160966,-0.3102489,-0.8762642,1.527997,0.1071716,-1.785387,0.140305,0.5879079,-0.07822189,0.792818,18.32744,73.51579,2.47188,0.5926439,0.04650611,-0.8041205,0.134662,-0.003440451,0.01305323,2.406292,-0.3811659,-0.3064756,-0.5258952,0.1296872,2.002793,0.2964914,0.04094133,-0.9541577,0.2890042,0.9483917,0.130498,0.9102579,-0.3144471,0.2693578,moving,52.46915,-18.45024,-14.71264,3.704913,6.005365482083786,0.774185006791388
05/11/2023 10:30:36.480614,3622,True,True,True,True,Eyes,1.35597,0.1036065,-1.743755,0.7787371,-0.1990419,0.5949376,0.0,0.0,0.0,0.0,0.0,0.0,0.0,-2.160867,-0.3186349,-0.8929852,1.53869,0.106119,-1.785908,0.1398855,0.5893526,-0.0792418,0.7917174,18.35492,73.71234,2.379719,0.5945126,0.04654641,-0.8027377,0.1265822,-0.003234024,0.01227004,2.422112,-0.3846365,-0.3097594,-0.529121,0.1317383,2.002537,0.2927685,0.03940955,-0.9553708,0.2903579,0.9483055,0.1280968,0.9110318,-0.3149022,0.2661912,moving,52.62099,-18.49815,-14.80075,3.763819,6.025849530452055,0.7610718098979401
05/11/2023 10:30:36.496368,3623,True,True,True,True,Eyes,1.363544,0.1037062,-1.744224,0.7803873,-0.1988214,0.5928454,0.0,0.0,0.0,0.0,0.0,0.0,0.0,-2.15747,-0.3353529,-0.9140235,1.549628,0.1048712,-1.786122,0.1383438,0.5917872,-0.08165757,0.7899246,18.3735,74.01809,2.097453,0.5963947,0.04657813,-0.8013385,0.1189873,-0.003039982,0.01153384,2.439839,-0.3901429,-0.3157286,-0.5322123,0.1337028,2.002292,0.2862398,0.0347335,-0.9575284,0.2927468,0.9483861,0.1219145,0.9123411,-0.3152101,0.2612978,moving,52.77675,-18.53981,-14.88513,3.820247,6.0466151562950206,0.7497943719854812
05/11/2023 10:30:36.510849,3624,True,True,True,True,Eyes,1.371242,0.1037355,-1.744678,0.7821046,-0.1986077,0.5906501,0.0,0.0,0.0,0.0,0.0,0.0,0.0,-2.154644,-0.3473873,-0.9345803,1.5602,0.1041242,-1.78649,0.1372986,0.5940654,-0.08310352,0.7882445,18.37214,74.32112,1.939365,0.5982914,0.04660058,-0.7999221,0.1118481,-0.002857583,0.01084181,2.458251,-0.3971311,-0.3232123,-0.5354986,0.1357917,2.002031,0.2803603,0.03211686,-0.9593574,0.2941404,0.9484858,0.1177118,0.9137175,-0.3151875,0.256471,moving,52.93968,-18.58536,-14.97479,3.880256,6.068401807251647,0.7374250246878251
05/11/2023 10:30:36.530143,3625,True,True,True,True,Eyes,1.379079,0.1037157,-1.745119,0.7838762,-0.1982791,0.5884076,0.0,0.0,0.0,0.0,0.0,0.0,0.0,-2.151529,-0.3555684,-0.9561145,1.570663,0.1024281,-1.786669,0.13682,0.5963748,-0.08401705,0.7864849,18.38648,74.6479,1.874214,0.6002042,0.04661138,-0.7984872,0.1051372,-0.002686128,0.0101913,2.478221,-0.4012878,-0.3315166,-0.5386369,0.137786,2.001782,0.2745565,0.03103578,-0.96107,0.2953483,0.9484428,0.1150025,0.9150891,-0.3154251,0.2512347,moving,53.1067,-18.62257,-15.06036,3.937553,6.090422176491567,0.7274992991373876
05/11/2023 10:30:36.540364,3626,True,True,True,True,Eyes,1.387047,0.1036738,-1.745548,0.7857336,-0.1978924,0.5860556,0.0,0.0,0.0,0.0,0.0,0.0,0.0,-2.147964,-0.361428,-0.9800596,1.581653,0.1011875,-1.786905,0.1354499,0.5989856,-0.08405852,0.7847318,18.25721,75.00316,1.83071,0.602134,0.04660935,-0.7970331,0.0,0.0,0.0,2.499255,-0.4034854,-0.3405248,-0.5418923,0.1398555,2.001525,0.268301,0.0303383,-0.9628573,0.2941919,0.949175,0.111884,0.9173144,-0.3132834,0.2457394,moving,53.28183,-18.6582,-15.14907,3.997017,6.11339994169026,0.7180751879868108
05/11/2023 10:30:36.560593,3627,True,True,True,True,Eyes,1.395164,0.1035986,-1.745967,0.7876369,-0.1973557,0.5836769,0.0,0.0,0.0,0.0,0.0,0.0,0.0,-2.144593,-0.3640811,-1.004261,1.592585,0.1006662,-1.787153,0.1346078,0.6015658,-0.08338646,0.7829726,18.12634,75.37266,1.891704,0.604082,0.04659466,-0.7955585,0.0,0.0,0.0,2.5211,-0.4031544,-0.3492924,-0.5450703,0.1418756,2.001273,0.2623306,0.03137223,-0.9644681,0.2925295,0.9498549,0.1104636,0.9195703,-0.3111133,0.2399987,moving,53.45977,-18.68168,-15.23563,4.055067,6.136326259903291,0.7121944293939446
05/11/2023 10:30:36.580911,3628,True,True,True,True,Eyes,1.403424,0.1034869,-1.74637,0.7896506,-0.1966863,0.5811768,0.0,0.0,0.0,0.0,0.0,0.0,0.0,-2.140376,-0.3652645,-1.031223,1.604102,0.09980548,-1.78744,0.1331299,0.6044975,-0.08226005,0.7810843,17.90401,75.78194,1.954205,0.606049,0.04656694,-0.7940627,0.0,0.0,0.0,2.541138,-0.3998257,-0.3556837,-0.5483579,0.1439656,2.001012,0.2556323,0.03244929,-0.9662294,0.2894574,0.9510195,0.1085193,0.9224243,-0.3074233,0.2337186,moving,53.64722,-18.69724,-15.32512,4.115134,6.160174876603946,0.708663894979022
05/11/2023 10:30:36.596243,3629,True,True,True,True,Eyes,1.411828,0.1033424,-1.746752,0.791699,-0.1959219,0.5786427,0.0,0.0,0.0,0.0,0.0,0.0,0.0,-2.135374,-0.3692236,-1.057804,1.615551,0.09882927,-1.787547,0.1311242,0.6074412,-0.08168061,0.7791983,17.6725,76.17728,1.92522,0.6080362,0.04652575,-0.7925445,0.0,0.0,0.0,2.560685,-0.3948544,-0.3603018,-0.551682,0.1460784,2.000748,0.2486869,0.03200969,-0.9680549,0.2865912,0.9522695,0.1051111,0.9252137,-0.3035758,0.2276433,moving,53.83741,-18.70552,-15.41555,4.175864,6.184124162768177,0.7072620250903494
05/11/2023 10:30:36.612037,3630,True,True,True,True,Eyes,1.420358,0.1031601,-1.747107,0.7938246,-0.195054,0.5760178,0.0,0.0,0.0,0.0,0.0,0.0,0.0,-2.129336,-0.3765271,-1.084841,1.62722,0.09782024,-1.787544,0.1289795,0.6105139,-0.08178469,0.7771413,17.47754,76.58609,1.824665,0.6100441,0.04647089,-0.7910033,0.0,0.0,0.0,2.5794,-0.3926642,-0.3656588,-0.5546233,0.1479475,2.000514,0.2411682,0.03037107,-0.9700081,0.2846041,0.9533511,0.1006093,0.9278138,-0.300332,0.2212743,moving,54.03448,-18.70738,-15.49552,4.229596,6.208717888415179,0.7077608910416551
05/11/2023 10:30:36.630704,3631,True,True,True,True,Eyes,1.429018,0.1029108,-1.747436,0.7959404,-0.1940765,0.5734223,0.0,0.0,0.0,0.0,0.0,0.0,0.0,-2.124274,-0.3826874,-1.109031,1.638586,0.09669845,-1.787351,0.127029,0.6130664,-0.08183544,0.7754459,17.29847,76.92298,1.730747,0.6120732,0.04640196,-0.7894383,0.0,0.0,0.0,2.598655,-0.3893912,-0.3706118,-0.5578991,0.1500303,2.000255,0.2349052,0.02883655,-0.9715905,0.2826723,0.9543332,0.09666717,0.9300086,-0.2973494,0.2160265,moving,54.22975,-18.69855,-15.58453,4.289472,6.232734506373648,0.7113547983914481
05/11/2023 10:30:36.640605,3632,True,True,True,True,Eyes,1.437792,0.1026145,-1.747734,0.7980955,-0.1929925,0.5707866,0.0,0.0,0.0,0.0,0.0,0.0,0.0,-2.119022,-0.3902416,-1.132842,1.650166,0.09475383,-1.787133,0.1246535,0.6155246,-0.08230362,0.7738329,17.11208,77.23435,1.563451,0.6141239,0.04631736,-0.7878488,0.0,0.0,0.0,2.618541,-0.386102,-0.3771499,-0.5612333,0.1521494,1.99999,0.228711,0.02607615,-0.9731452,0.2808332,0.9553752,0.09160219,0.9321074,-0.2942418,0.2111818,moving,54.42819,-18.68126,-15.67507,4.3504,6.256866353258302,0.7174223266047903
05/11/2023 10:30:36.660514,3633,True,True,True,True,Eyes,1.446671,0.1022699,-1.748003,0.8001655,-0.191963,0.5682301,0.0,0.0,0.0,0.0,0.0,0.0,0.0,-2.1145,-0.4013391,-1.15309,1.6615,0.09319515,-1.786766,0.1221292,0.6174735,-0.08353988,0.772549,16.96988,77.4628,1.302777,0.6161963,0.04621655,-0.7862349,0.0,0.0,0.0,2.637886,-0.3853195,-0.3835153,-0.5644044,0.1541649,1.999739,0.2234951,0.02174581,-0.9744624,0.2799004,0.9562111,0.08553427,0.9336517,-0.2918689,0.2076218,moving,54.61988,-18.66631,-15.76114,4.408356,6.280235202856572,0.7227746958439676
05/11/2023 10:30:36.680242,3634,True,True,True,True,Eyes,1.455672,0.1019469,-1.74824,0.8022588,-0.1908735,0.5656396,0.0,0.0,0.0,0.0,0.0,0.0,0.0,-2.110173,-0.4151767,-1.171549,1.672754,0.09153064,-1.786405,0.1199784,0.6191749,-0.08548959,0.7713102,16.91466,77.66072,0.9999897,0.6182896,0.04609907,-0.7845969,0.0,0.0,0.0,2.65688,-0.3847377,-0.3898208,-0.5674762,0.1561172,1.999495,0.2186282,0.01669721,-0.9756654,0.2804531,0.9565935,0.07921507,0.9346378,-0.2909471,0.2044555,moving,54.81392,-18.64682,-15.84446,4.464501,6.303746660436017,0.7294579374381112
05/11/2023 10:30:36.696015,3635,True,True,True,True,Eyes,1.464782,0.1017097,-1.748456,0.8042615,-0.1899239,0.5631095,0.0,0.0,0.0,0.0,0.0,0.0,0.0,-2.105607,-0.4300325,-1.190342,1.684495,0.09157094,-1.785921,0.1178381,0.6209107,-0.08728307,0.7700427,16.85022,77.86636,0.713055,0.620404,0.04596749,-0.7829337,0.0,0.0,0.0,2.675305,-0.3847951,-0.3960673,-0.5706187,0.1581148,1.999246,0.2137032,0.01191052,-0.9768261,0.2807573,0.9569917,0.0730908,0.9356849,-0.2898708,0.2011682,moving,55.00193,-18.63807,-15.92965,4.521952,6.326862157772887,0.7329903338071722
05/11/2023 10:30:36.710284,3636,True,True,True,True,Eyes,1.474015,0.1014976,-1.748657,0.8063315,-0.1888953,0.5604892,0.0,0.0,0.0,0.0,0.0,0.0,0.0,-2.102725,-0.440279,-1.207861,1.696126,0.09333678,-1.785684,0.1165529,0.622352,-0.08795941,0.7689971,16.7826,78.05318,0.5860562,0.622539,0.04582696,-0.7812454,0.0,0.0,0.0,2.692434,-0.3827585,-0.4004779,-0.5738009,0.1601372,1.998993,0.2098824,0.009792761,-0.9776776,0.2803549,0.9573571,0.06977424,0.9366699,-0.2887411,0.1981869,moving,55.19645,-18.62477,-16.01586,4.580124,6.350637791302979,0.7378784399703777
05/11/2023 10:30:36.720041,3637,True,True,True,True,Eyes,1.483346,0.1014165,-1.748852,0.808405,-0.187886,0.5578353,0.0,0.0,0.0,0.0,0.0,0.0,0.0,-2.097053,-0.4471081,-1.231833,1.708131,0.0936992,-1.785625,0.1148172,0.6247712,-0.08797292,0.7672932,16.62597,78.38264,0.5062932,0.6246942,0.04567941,-0.7795318,0.0,0.0,0.0,2.709976,-0.3782505,-0.4045441,-0.5769988,0.1621701,1.998739,0.2038433,0.008466942,-0.9789671,0.2784711,0.9581556,0.06627101,0.9385638,-0.2861228,0.1929557,moving,55.3926,-18.61417,-16.10244,4.6386,6.3747055024789026,0.7419910208463056
05/11/2023 10:30:36.740164,3638,True,True,True,True,Eyes,1.492786,0.1014517,-1.749057,0.8104981,-0.1868454,0.5551412,0.0,0.0,0.0,0.0,0.0,0.0,0.0,-2.092723,-0.4507686,-1.254124,1.71967,0.09679054,-1.785743,0.112352,0.6269374,-0.08679178,0.7660246,16.3172,78.66351,0.4720046,0.6268681,0.04553119,-0.7777933,0.0,0.0,0.0,2.727077,-0.3718193,-0.4072529,-0.580137,0.164165,1.998491,0.1988333,0.00790612,-0.9800013,0.2738447,0.9596884,0.06330281,0.9409965,-0.2809549,0.1886531,moving,55.59126,-18.60183,-16.18736,4.69599,6.399028208500745,0.7466221568661258
05/11/2023 10:30:36.760207,3639,True,True,True,True,Eyes,1.502348,0.1015944,-1.749275,0.812634,-0.1859094,0.5523258,0.0,0.0,0.0,0.0,0.0,0.0,0.0,-2.089943,-0.4546444,-1.274518,1.731572,0.0996627,-1.78625,0.1115973,0.6287139,-0.08598341,0.7647691,16.18921,78.92177,0.5256659,0.629059,0.04538735,-0.776031,0.0,0.0,0.0,2.741742,-0.3703662,-0.4098075,-0.5834845,0.1662929,1.998225,0.1946514,0.008810667,-0.9808329,0.2718405,0.9603058,0.06257443,0.9424508,-0.2788103,0.1845298,moving,55.79709,-18.60291,-16.27787,4.75721,6.424686665271265,0.7473937326374571
05/11/2023 10:30:36.772336,3640,True,True,True,True,Eyes,1.51199,0.1018052,-1.749511,0.8148623,-0.1849704,0.54935,0.0,0.0,0.0,0.0,0.0,0.0,0.0,-2.083373,-0.4635045,-1.299705,1.743874,0.1023666,-1.786878,0.1095891,0.631414,-0.08593092,0.7628385,16.00454,79.29132,0.4344922,0.6312662,0.04525191,-0.7742444,0.0,0.0,0.0,2.758195,-0.36367,-0.4118657,-0.5865676,0.1682521,1.99798,0.1878645,0.007289312,-0.982168,0.269495,0.9612122,0.05868157,0.9444997,-0.2757135,0.1786132,moving,56.01361,-18.60878,-16.3612,4.813584,6.451834057335594,0.7468305848501613
05/11/2023 10:30:36.796039,3641,True,True,True,True,Eyes,1.521713,0.1020435,-1.749769,0.8171179,-0.1842227,0.5462421,0.0,0.0,0.0,0.0,0.0,0.0,0.0,-2.074111,-0.4767042,-1.325863,1.755173,0.104143,-1.787629,0.1083888,0.6345819,-0.08703729,0.7602515,15.97811,79.74718,0.3112657,0.6334879,0.04512681,-0.7724349,0.0,0.0,0.0,2.772948,-0.3599587,-0.4147127,-0.5897714,0.1702884,1.997726,0.1794607,0.005222708,-0.9837512,0.2699036,0.9613528,0.05434091,0.9460158,-0.27527,0.1711154,moving,56.23733,-18.63692,-16.44773,4.872179,6.4806132035264,0.739837866032274
05/11/2023 10:30:36.810516,3642,True,True,True,True,Eyes,1.531476,0.1022885,-1.750069,0.8193849,-0.1835224,0.5430726,0.0,0.0,0.0,0.0,0.0,0.0,0.0,-2.06721,-0.4834976,-1.350445,1.766624,0.105044,-1.788529,0.1073959,0.6372354,-0.0871131,0.7581612,15.89468,80.13394,0.284841,0.6357218,0.04501207,-0.7706042,0.0,0.0,0.0,2.791404,-0.3549631,-0.4200412,-0.5930263,0.1723574,1.997469,0.1726847,0.004781317,-0.9849656,0.2689645,0.9617549,0.05182367,0.9475433,-0.2738699,0.1647943,moving,56.46434,-18.67183,-16.53557,4.931716,6.510025483439147,0.7308963868501106
05/11/2023 10:30:36.820843,3643,True,True,True,True,Eyes,1.541318,0.1024692,-1.750418,0.8216381,-0.1829462,0.5398532,0.0,0.0,0.0,0.0,0.0,0.0,0.0,-2.06357,-0.4833741,-1.371652,1.777228,0.1055479,-1.789895,0.1078923,0.6392536,-0.08616698,0.7564981,15.86703,80.45959,0.4509582,0.6379649,0.04490679,-0.7687544,0.0,0.0,0.0,2.811321,-0.3497624,-0.4286852,-0.596221,0.1743884,1.997215,0.1678601,0.007570771,-0.9857818,0.2683114,0.9618691,0.05307551,0.9485948,-0.2734057,0.1594281,moving,56.69329,-18.72056,-16.62174,4.99017,6.540135666360488,0.7179516068013676
05/11/2023 10:30:36.840129,3644,True,True,True,True,Eyes,1.551251,0.1027574,-1.750823,0.8239986,-0.182174,0.5365063,0.0,0.0,0.0,0.0,0.0,0.0,0.0,-2.058379,-0.4843144,-1.395925,1.788778,0.1042367,-1.791507,0.1067993,0.6416289,-0.08554284,0.7547111,15.72252,80.80523,0.4720705,0.6402153,0.04480708,-0.7668871,0.0,0.0,0.0,2.831221,-0.3474718,-0.4381234,-0.5992492,0.176313,1.996975,0.1619896,0.007930834,-0.9867607,0.2661713,0.9625527,0.05143178,0.9502169,-0.2709788,0.1538125,moving,56.93181,-18.75524,-16.70337,5.045564,6.570973175313885,0.7091376085974481
05/11/2023 10:30:36.860578,3645,True,True,True,True,Eyes,1.561261,0.1030901,-1.75127,0.8264945,-0.1814011,0.5329169,0.0,0.0,0.0,0.0,0.0,0.0,0.0,-2.049037,-0.4960585,-1.423071,1.800623,0.1069949,-1.793338,0.103425,0.6448326,-0.08598811,0.7523965,15.45783,81.22787,0.2371488,0.642471,0.04471675,-0.7650035,0.0,0.0,0.0,2.85119,-0.3450176,-0.4484885,-0.6024043,0.1783185,1.996724,0.1535942,0.003989274,-0.988126,0.2627779,0.9638186,0.04473733,0.9525527,-0.266529,0.1469887,moving,57.18641,-18.79821,-16.78837,5.10329,6.6040861813640825,0.698000854213622
05/11/2023 10:30:36.877245,3646,True,True,True,True,Eyes,1.571359,0.1033408,-1.751755,0.8291146,-0.1805407,0.5291256,0.0,0.0,0.0,0.0,0.0,0.0,0.0,-2.036638,-0.5138041,-1.450993,1.812157,0.1082753,-1.79489,0.1014005,0.6483807,-0.08801906,0.7493819,15.43323,81.73063,359.9746,0.6447303,0.04463657,-0.7631052,0.0,0.0,0.0,2.871975,-0.3413758,-0.4592322,-0.6056992,0.1804127,1.996463,0.1437103,-0.0004274566,-0.9896199,0.2634121,0.9639412,0.03783575,0.9539191,-0.2661152,0.1386408,moving,57.45474,-18.83994,-16.87707,5.163574,6.638867418640639,0.6872966043113431
05/11/2023 10:30:36.896267,3647,True,True,True,True,Eyes,1.581495,0.1036106,-1.75229,0.8318291,-0.1797779,0.5251097,0.0,0.0,0.0,0.0,0.0,0.0,0.0,-2.022319,-0.5261279,-1.482813,1.824021,0.1064305,-1.796368,0.09886531,0.6523445,-0.08947117,0.7461014,15.32294,82.29272,359.7314,0.6469926,0.04456184,-0.7611924,0.0,0.0,0.0,2.891638,-0.3358246,-0.468919,-0.6089873,0.1825024,1.996202,0.1328831,-0.004520639,-0.9911214,0.2624976,0.9644411,0.03079504,0.955739,-0.2642591,0.1293446,moving,57.73696,-18.89928,-16.96553,5.223736,6.675959320854262,0.671551387812185
05/11/2023 10:30:36.910215,3648,True,True,True,True,Eyes,1.591683,0.1038955,-1.752887,0.8345622,-0.1791561,0.5209693,0.0,0.0,0.0,0.0,0.0,0.0,0.0,-2.010557,-0.5418615,-1.508391,1.834736,0.1070713,-1.798187,0.09736566,0.6555536,-0.09137762,0.7432494,15.33961,82.75983,359.5143,0.6492552,0.04449266,-0.7592676,0.0,0.0,0.0,2.911337,-0.328454,-0.4772025,-0.6122563,0.1845806,1.995942,0.1237992,-0.008175918,-0.9922737,0.2634895,0.9643401,0.02492807,0.9566855,-0.2645398,0.1215388,moving,58.02583,-18.97758,-17.05342,5.283567,6.714505198489002,0.6503349726785519
05/11/2023 10:30:36.930287,3649,True,True,True,True,Eyes,1.601904,0.1041511,-1.753555,0.8373157,-0.1788778,0.5166287,0.0,0.0,0.0,0.0,0.0,0.0,0.0,-2.000643,-0.5562072,-1.532372,1.84588,0.107671,-1.800344,0.09788028,0.6584154,-0.09315867,0.7404258,15.52271,83.21603,359.4611,0.6515157,0.04442896,-0.7573326,0.0,0.0,0.0,2.930366,-0.3146245,-0.482767,-0.6153271,0.1865326,1.9957,0.1156214,-0.009062391,-0.993252,0.2668459,0.9634818,0.02227193,0.9567785,-0.2676203,0.1138174,moving,58.32516,-19.09792,-17.13592,5.339767,6.755741550848829,0.6169646785519971
05/11/2023 10:30:36.940114,3650,True,True,True,True,Eyes,1.61215,0.1043734,-1.754303,0.8400355,-0.1788986,0.5121871,0.0,0.0,0.0,0.0,0.0,0.0,0.0,-1.991012,-0.5686263,-1.555973,1.856588,0.1072802,-1.802801,0.09975928,0.6612599,-0.09482028,0.7374229,15.81495,83.70083,359.5289,0.6537717,0.04436876,-0.7553896,0.0,0.0,0.0,2.946093,-0.3053185,-0.4860027,-0.6186037,0.188615,1.99544,0.1074888,-0.007911643,-0.9941748,0.2717789,0.9621144,0.02172785,0.956338,-0.2725312,0.1055667,moving,58.62847,-19.25347,-17.22389,5.399728,6.7986361549193335,0.573389871631127
05/11/2023 10:30:36.960376,3651,True,True,True,True,Eyes,1.622398,0.1046185,-1.755141,0.8426949,-0.1792981,0.5076586,0.0,0.0,0.0,0.0,0.0,0.0,0.0,-1.982251,-0.5862605,-1.576258,1.867172,0.1066686,-1.80552,0.1022781,0.6636975,-0.0976037,0.7345192,16.24881,84.13581,359.5452,0.6560207,0.04431017,-0.7534408,0.0,0.0,0.0,2.963004,-0.295458,-0.489444,-0.6218721,0.1906924,1.99518,0.0999582,-0.00762012,-0.9949626,0.279147,0.9600254,0.02069179,0.9550316,-0.2798091,0.09808959,moving,58.93428,-19.45253,-17.31159,5.459546,6.843278877817323,0.5171923077842502
05/11/2023 10:30:36.980500,3652,True,True,True,True,Eyes,1.632638,0.1048654,-1.756067,0.8453331,-0.18005,0.5029851,0.0,0.0,0.0,0.0,0.0,0.0,0.0,-1.971992,-0.6110951,-1.59505,1.877169,0.1074041,-1.808611,0.1050161,0.666249,-0.1015206,0.7312849,16.79027,84.5957,359.4885,0.6582591,0.04425384,-0.7514893,0.0,0.0,0.0,2.979719,-0.28691,-0.4936931,-0.6249937,0.1926767,1.994933,0.09161169,-0.008547168,-0.9957582,0.2884146,0.9573304,0.01831739,0.9531131,-0.2888692,0.09016779,moving,59.24676,-19.69548,-17.39528,5.516689,6.890201372249895,0.4482836154920493
05/11/2023 10:30:36.996406,3653,True,True,True,True,Eyes,1.642874,0.1051157,-1.757083,0.8479651,-0.1809872,0.4981956,0.0,0.0,0.0,0.0,0.0,0.0,0.0,-1.959703,-0.6402276,-1.613888,1.887002,0.1075495,-1.8118,0.1073008,0.6689784,-0.1063001,0.7277739,17.36192,85.07688,359.33,0.6604843,0.04419947,-0.7495375,0.0,0.0,0.0,2.993144,-0.286204,-0.4961207,-0.6282842,0.1947685,1.994671,0.08233647,-0.01116108,-0.9965421,0.2982888,0.9543737,0.01395645,0.9509177,-0.2984065,0.081909,moving,59.56495,-19.96534,-17.48345,5.576933,6.938723372577976,0.3715899726438021
05/11/2023 10:30:37.010792,3654,True,True,True,True,Eyes,1.653103,0.1054168,-1.758179,0.8506615,-0.1819424,0.4932261,0.0,0.0,0.0,0.0,0.0,0.0,0.0,-1.943612,-0.670567,-1.635759,1.896649,0.1076764,-1.814971,0.1076694,0.6723085,-0.1111337,0.7239185,17.77742,85.61439,359.0295,0.6626935,0.04414691,-0.747588,0.0,0.0,0.0,3.005581,-0.2908692,-0.4986379,-0.631391,0.1967434,1.994425,0.07130119,-0.01612942,-0.9973245,0.3056776,0.9521132,0.006455445,0.9494617,-0.3053201,0.07281719,moving,59.89421,-20.24812,-17.56664,5.633812,6.989050103597525,0.29120253929527884
05/11/2023 10:30:37.020101,3655,True,True,True,True,Eyes,1.663326,0.105741,-1.759353,0.8534584,-0.1827327,0.4880754,0.0,0.0,0.0,0.0,0.0,0.0,0.0,-1.925729,-0.6959748,-1.660858,1.906293,0.1090011,-1.818084,0.1063864,0.6760584,-0.1146602,0.7200556,17.95333,86.18748,358.7184,0.6648848,0.04409795,-0.7456427,0.0,0.0,0.0,3.01873,-0.2996469,-0.5040107,-0.6345592,0.1987568,1.994173,0.05959631,-0.02127665,-0.9979959,0.3089703,0.9510699,-0.001825729,0.9492028,-0.3082422,0.06325416,moving,60.23565,-20.52562,-17.65142,5.691804,7.040718693881819,0.21241271303505993
05/11/2023 10:30:37.040195,3656,True,True,True,True,Eyes,1.673539,0.1060643,-1.760605,0.8563207,-0.1833584,0.4827985,0.0,0.0,0.0,0.0,0.0,0.0,0.0,-1.907693,-0.7110205,-1.689671,1.91599,0.1097883,-1.821196,0.1046329,0.6801059,-0.1162201,0.7162409,17.93686,86.80557,358.5448,0.6670562,0.04405306,-0.7437035,0.0,0.0,0.0,3.033805,-0.3120763,-0.5131426,-0.6377809,0.2008047,1.993918,0.04789772,-0.02416026,-0.9985601,0.3088062,0.9510897,-0.008199264,0.9499183,-0.3079687,0.05301584,moving,60.58545,-20.7959,-17.73756,5.750788,7.093189541974112,0.13576375746270397
05/11/2023 10:30:37.060227,3657,True,True,True,True,Eyes,1.683741,0.1063499,-1.761937,0.8591634,-0.1836943,0.4775926,0.0,0.0,0.0,0.0,0.0,0.0,0.0,-1.893713,-0.7162355,-1.71747,1.925701,0.1103012,-1.824377,0.1025658,0.683601,-0.1160232,0.7132384,17.75424,87.33147,358.4792,0.6692061,0.04401168,-0.7417719,0.0,0.0,0.0,3.047004,-0.3252283,-0.5212851,-0.6410192,0.2028628,1.993661,0.03845686,-0.02527618,-0.9989407,0.3057325,0.9520378,-0.01231936,0.9513406,-0.3049349,0.04434015,moving,60.93115,-21.03801,-17.82409,5.810073,7.144219694199198,0.06727416341243853
05/11/2023 10:30:37.080247,3658,True,True,True,True,Eyes,1.693942,0.1066147,-1.763354,0.86203,-0.1838879,0.4723235,0.0,0.0,0.0,0.0,0.0,0.0,0.0,-1.883633,-0.7157967,-1.742952,1.935406,0.1096855,-1.827701,0.1006868,0.6864486,-0.1150633,0.7109228,17.52555,87.75819,358.4755,0.671333,0.0439718,-0.73985,0.0,0.0,0.0,3.05908,-0.3372123,-0.5274791,-0.6443764,0.2049969,1.993396,0.03109779,-0.02536974,-0.9991944,0.3018348,0.9532452,-0.01480911,0.952853,-0.3011311,0.0373013,moving,61.28078,-21.27227,-17.91372,5.871545,7.195479829190078,0.0010850443813055222
05/11/2023 10:30:37.096277,3659,True,True,True,True,Eyes,1.693942,0.1066147,-1.763354,0.86203,-0.1838879,0.4723235,0.0,0.0,0.0,0.0,0.0,0.0,0.0,-1.873176,-0.7172519,-1.768101,1.945305,0.1092241,-1.831196,0.09883828,0.6892686,-0.1144572,0.7085474,17.32832,88.18233,358.4426,0.6734354,0.04393229,-0.7379392,0.0,0.0,0.0,3.071239,-0.3477341,-0.5337622,-0.6473818,0.2069072,1.993157,0.02361649,-0.02594441,-0.9993844,0.2984489,0.9542611,-0.01772033,0.9541334,-0.2978467,0.03027934,moving,61.28078,-21.27227,-17.99391,5.926577,7.195479829190078,0.0010850443813055222
05/11/2023 10:30:37.110344,3660,True,True,True,True,Eyes,1.693942,0.1066147,-1.763354,0.86203,-0.1838879,0.4723235,0.0,0.0,0.0,0.0,0.0,0.0,0.0,-1.864367,-0.7213485,-1.79058,1.95526,0.1088354,-1.835074,0.09711182,0.6916755,-0.1144162,0.7064442,17.18668,88.54195,358.3615,0.6753231,0.04389643,-0.7362142,0.0,0.0,0.0,3.083913,-0.35499,-0.5395595,-0.6504979,0.208888,1.992909,0.0169879,-0.02731757,-0.9994826,0.2959971,0.9549565,-0.0210696,0.955038,-0.2954859,0.02430859,moving,61.28078,-21.27227,-18.077,5.983642,7.195479829190078,0.0010850443813055222
05/11/2023 10:30:37.120781,3661,True,True,True,True,Eyes,1.704958,0.1067712,-1.76518,0.8654841,-0.1831957,0.4662366,0.0,0.0,0.0,0.0,0.0,0.0,0.0,-1.855558,-0.7272726,-1.81192,1.965229,0.1077493,-1.838843,0.09559529,0.6939192,-0.1148843,0.7043716,17.10418,88.8804,358.251,0.6770181,0.04386391,-0.7346578,0.0,0.0,0.0,3.099603,-0.3588394,-0.5494941,-0.6506116,0.2089602,1.9929,0.01055553,-0.0291716,-0.9995188,0.2945132,0.9553263,-0.02477157,0.9555892,-0.29411,0.01867539,moving,61.68864,-21.45107,-18.08003,5.985724,7.252157186477064,-0.04869066914824316
05/11/2023 10:30:37.140103,3662,True,True,True,True,Eyes,1.715936,0.1068821,-1.767097,0.8688549,-0.1824935,0.4602036,0.0,0.0,0.0,0.0,0.0,0.0,0.0,-1.847812,-0.7346558,-1.83169,1.975227,0.1065896,-1.842914,0.09407849,0.6959077,-0.115683,0.7024809,17.04879,89.17752,358.1065,0.6787406,0.04382516,-0.733069,0.0,0.0,0.0,3.115469,-0.3597773,-0.5585757,-0.6506115,0.2089603,1.992901,0.004660016,-0.03159026,-0.9994901,0.29347,0.9555333,-0.02883267,0.955957,-0.293186,0.01372359,static,62.09132,-21.63078,-18.08003,5.985723,7.308219762894356,-0.09875797110586682
05/11/2023 10:30:37.160200,3663,True,True,True,True,Eyes,1.726888,0.1069463,-1.769122,0.8723871,-0.1813821,0.4539177,0.0,0.0,0.0,0.0,0.0,0.0,0.0,-1.841498,-0.7422172,-1.849677,1.985121,0.1055396,-1.847014,0.09298619,0.6976053,-0.1165352,0.7007998,17.03288,89.43663,357.9861,0.6804829,0.04377893,-0.7314547,0.0,0.0,0.0,3.131367,-0.3572878,-0.5661556,-0.6506116,0.2089603,1.992901,-0.0004668506,-0.03360034,-0.9994354,0.293071,0.9555463,-0.03226169,0.9560907,-0.2929205,0.00940113,static,62.51128,-21.78128,-18.08003,5.985724,7.365468791446131,-0.14025115591278414
05/11/2023 10:30:37.171499,3664,True,True,True,True,Eyes,1.737809,0.1069646,-1.771257,0.875824,-0.1803565,0.4476649,0.0,0.0,0.0,0.0,0.0,0.0,0.0,-1.83551,-0.7508363,-1.867496,1.99522,0.104411,-1.851644,0.09242737,0.6992907,-0.1175749,0.6990178,17.07689,89.70633,357.8953,0.6822382,0.04372403,-0.729821,0.0,0.0,0.0,3.14676,-0.3538096,-0.5727469,-0.6506116,0.2089603,1.992901,-0.005662688,-0.03510673,-0.9993676,0.2936411,0.9552666,-0.03522133,0.9558991,-0.2936548,0.004899458,static,62.92681,-21.94366,-18.08003,5.985723,7.42255868427302,-0.18521782267382392
05/11/2023 10:30:37.195871,3665,True,True,True,True,Eyes,1.748702,0.1069398,-1.773514,0.8793379,-0.1790909,0.4412383,0.0,0.0,0.0,0.0,0.0,0.0,0.0,-1.828398,-0.760834,-1.885712,2.005221,0.1032774,-1.856405,0.09219514,0.7011317,-0.1188449,0.6969866,17.1677,90.01026,357.8176,0.684001,0.04365943,-0.7281731,0.0,0.0,0.0,3.162734,-0.3507883,-0.5794588,-0.6506116,0.2089604,1.992901,-0.01141969,-0.03638473,-0.9992727,0.2949485,0.9547519,-0.03813431,0.955445,-0.2951694,-0.0001713181,static,63.35321,-22.09138,-18.08002,5.985725,7.480517588817878,-0.22586970054741684
05/11/2023 10:30:37.210681,3666,True,True,True,True,Eyes,1.759566,0.1068799,-1.775889,0.8827759,-0.1778551,0.4348268,0.0,0.0,0.0,0.0,0.0,0.0,0.0,-1.819369,-0.7699708,-1.906272,2.015157,0.1021371,-1.861596,0.09158482,0.703375,-0.1199103,0.6946203,17.21255,90.37479,357.7352,0.6857651,0.04358435,-0.7265165,0.0,0.0,0.0,3.179055,-0.3481555,-0.5869549,-0.6506118,0.2089602,1.9929,-0.01822979,-0.03774738,-0.9991211,0.2954212,0.9544675,-0.04145054,0.9551931,-0.2959172,-0.006248364,static,63.77664,-22.2458,-18.08004,5.985723,7.5383280379608,-0.26848301515402806
05/11/2023 10:30:37.230474,3667,True,True,True,True,Eyes,1.770411,0.1067726,-1.778396,0.8862287,-0.1764263,0.4283367,0.0,0.0,0.0,0.0,0.0,0.0,0.0,-1.811634,-0.7750837,-1.927068,2.025104,0.1012571,-1.866833,0.09096564,0.7055203,-0.1201876,0.6924748,17.19187,90.72375,357.7145,0.6875259,0.04349841,-0.7248555,0.0,0.0,0.0,3.194731,-0.3477244,-0.5942453,-0.6506115,0.2089601,1.9929,-0.02440798,-0.03809762,-0.9989759,0.29481,0.9545603,-0.04360685,0.9552441,-0.2955725,-0.01206736,static,64.20435,-22.38613,-18.08003,5.985721,7.596205965404034,-0.3069818224681722
05/11/2023 10:30:37.240068,3668,True,True,True,True,Eyes,1.781244,0.1066232,-1.781032,0.8896203,-0.1749594,0.4218588,0.0,0.0,0.0,0.0,0.0,0.0,0.0,-1.80416,-0.776182,-1.949727,2.035314,0.1000015,-1.872534,0.09005228,0.7077963,-0.1197674,0.690341,17.09012,91.08923,357.7286,0.6892791,0.04340078,-0.7231944,0.0,0.0,0.0,3.20954,-0.347951,-0.6005287,-0.6506116,0.2089601,1.9929,-0.03063988,-0.0378833,-0.9988124,0.292838,0.9550927,-0.04520828,0.955671,-0.2938754,-0.01817023,static,64.62965,-22.52547,-18.08003,5.98572,7.653751189021102,-0.3452058259042685
05/11/2023 10:30:37.260498,3669,True,True,True,True,Eyes,1.79206,0.1064246,-1.783811,0.8929885,-0.1732961,0.4153795,0.0,0.0,0.0,0.0,0.0,0.0,0.0,-1.796628,-0.7762636,-1.9728,2.045614,0.09882424,-1.878321,0.08882316,0.7100783,-0.1191651,0.6882581,16.94775,91.44975,357.7299,0.6910208,0.04329095,-0.7215369,0.0,0.0,0.0,3.22448,-0.348932,-0.6070732,-0.6506116,0.2089603,1.9929,-0.03682292,-0.03788987,-0.9986033,0.2901755,0.9558203,-0.04696657,0.9562649,-0.2914996,-0.02420142,static,65.0542,-22.64587,-18.08003,5.985724,7.710577560430287,-0.377933331682061
05/11/2023 10:30:37.270484,3670,True,True,True,True,Eyes,1.802853,0.1062016,-1.786731,0.8963016,-0.1715501,0.4089183,0.0,0.0,0.0,0.0,0.0,0.0,0.0,-1.789692,-0.7740081,-1.996315,2.05584,0.09743925,-1.884513,0.08753145,0.7123625,-0.1181877,0.6862286,16.76926,91.81013,357.7554,0.6927477,0.04316817,-0.7198865,0.0,0.0,0.0,3.242775,-0.3477343,-0.616927,-0.6506119,0.2089604,1.992901,-0.0428575,-0.03749931,-0.9983773,0.2869158,0.9567398,-0.04825182,0.9569968,-0.2885181,-0.03024431,static,65.47617,-22.75911,-18.08004,5.985726,7.766846302971207,-0.40859507199013656
05/11/2023 10:30:37.296249,3671,True,True,True,True,Eyes,1.813645,0.1059236,-1.789859,0.9023601,-0.1704585,0.3958408,0.0,0.0,0.0,0.0,0.0,0.0,0.0,-1.782873,-0.7709917,-2.019755,2.065876,0.09665598,-1.890844,0.08587193,0.714632,-0.1170153,0.6842768,16.54486,92.16095,357.7635,0.6944558,0.04303285,-0.718247,0.0,0.0,0.0,3.260205,-0.3467129,-0.6266025,-0.6506114,0.2089602,1.992901,-0.04878282,-0.03740801,-0.9981087,0.2828753,0.9578668,-0.04972539,0.9579154,-0.284766,-0.03614559,static,66.31425,-23.29787,-18.08003,5.985723,7.888967266054549,-0.5606401113107795
05/11/2023 10:30:37.310263,3672,True,True,True,True,Eyes,1.824425,0.1055918,-1.793122,0.908111,-0.1693072,0.3829746,0.0,0.0,0.0,0.0,0.0,0.0,0.0,-1.775283,-0.7710943,-2.0429,2.076203,0.09497553,-1.897371,0.08433624,0.7168797,-0.11657,0.6821894,16.39155,92.51265,357.7223,0.696142,0.04288397,-0.7166218,0.0,0.0,0.0,3.277431,-0.3481881,-0.6366693,-0.6506115,0.2089601,1.9929,-0.0550102,-0.03812773,-0.9977576,0.2799635,0.9585977,-0.05206674,0.9584333,-0.2821999,-0.04205829,static,67.13355,-23.84949,-18.08003,5.985721,8.009175094929919,-0.7165188981828994
05/11/2023 10:30:37.330271,3673,True,True,True,True,Eyes,1.824425,0.1055918,-1.793122,0.908111,-0.1693072,0.3829746,0.0,0.0,0.0,0.0,0.0,0.0,0.0,-1.767807,-0.773909,-2.064717,2.086531,0.09331428,-1.903895,0.08280119,0.7189638,-0.1166484,0.6801677,16.28225,92.83822,357.6345,0.6978039,0.04272085,-0.7150134,0.0,0.0,0.0,3.296684,-0.3445537,-0.6473458,-0.6506115,0.2089602,1.9929,-0.06103156,-0.03961885,-0.9973493,0.2777431,0.9590743,-0.05509453,0.9587148,-0.2803693,-0.04752995,static,67.13355,-23.84949,-18.08003,5.985723,8.009175094929919,-0.7165188981828994
05/11/2023 10:30:37.340135,3674,True,True,True,True,Eyes,1.824425,0.1055918,-1.793122,0.908111,-0.1693072,0.3829746,0.0,0.0,0.0,0.0,0.0,0.0,0.0,-1.75897,-0.7807592,-2.08627,2.096836,0.09170026,-1.910746,0.08114535,0.7211251,-0.117458,0.6779364,16.22598,93.17692,357.4794,0.6992962,0.04257386,-0.7135627,0.0,0.0,0.0,3.315649,-0.3412809,-0.6582826,-0.6506114,0.2089603,1.992901,-0.06763554,-0.04222618,-0.9968162,0.27629,0.9592381,-0.059381,0.9586915,-0.2794265,-0.05321191,static,67.13355,-23.84949,-18.08002,5.985724,8.009175094929919,-0.7165188981828994
05/11/2023 10:30:37.360574,3675,True,True,True,True,Eyes,1.824425,0.1055918,-1.793122,0.908111,-0.1693072,0.3829746,0.0,0.0,0.0,0.0,0.0,0.0,0.0,-1.749158,-0.7916757,-2.10686,2.10701,0.09052956,-1.917674,0.07938385,0.7232628,-0.1189468,0.675604,16.21984,93.51214,357.2606,0.7006367,0.04244141,-0.7122544,0.0,0.0,0.0,3.33657,-0.3352453,-0.6703456,-0.6506114,0.2089603,1.992901,-0.07451501,-0.04589108,-0.9961635,0.2755526,0.9590997,-0.06479548,0.9583936,-0.2793237,-0.05882188,static,67.13355,-23.84949,-18.08003,5.985724,8.009175094929919,-0.7165188981828994
05/11/2023 10:30:37.380706,3676,True,True,True,True,Eyes,1.824425,0.1055918,-1.793122,0.908111,-0.1693072,0.3829746,0.0,0.0,0.0,0.0,0.0,0.0,0.0,-1.739997,-0.8052639,-2.125522,2.116964,0.08949082,-1.924665,0.07810357,0.7251901,-0.1208905,0.6733384,16.29109,93.82326,357.0427,0.7018412,0.04232208,-0.7110748,0.0,0.0,0.0,3.357497,-0.3280065,-0.6820855,-0.6506114,0.2089602,1.9929,-0.08103057,-0.04952054,-0.9954808,0.2760803,0.9585707,-0.07015689,0.9577128,-0.2805175,-0.06400183,static,67.13355,-23.84949,-18.08003,5.985722,8.009175094929919,-0.7165188981828994
05/11/2023 10:30:37.395983,3677,True,True,True,True,Eyes,1.824425,0.1055918,-1.793122,0.908111,-0.1693072,0.3829746,0.0,0.0,0.0,0.0,0.0,0.0,0.0,-1.734669,-0.8198217,-2.141273,2.127378,0.09148993,-1.931872,0.07675358,0.7265546,-0.1225174,0.6717268,16.32861,94.03606,356.8302,0.7029232,0.04221459,-0.7100117,0.0,0.0,0.0,3.378825,-0.3212588,-0.6944441,-0.6506119,0.2089602,1.9929,-0.08578395,-0.05306506,-0.9948996,0.2761277,0.9581968,-0.07491619,0.957285,-0.2811459,-0.06754521,static,67.13355,-23.84949,-18.08004,5.985724,8.009175094929919,-0.7165188981828994
05/11/2023 10:30:37.410189,3678,True,True,True,True,Eyes,1.824425,0.1055918,-1.793122,0.908111,-0.1693072,0.3829746,0.0,0.0,0.0,0.0,0.0,0.0,0.0,-1.730495,-0.8383886,-2.154217,2.1374,0.09382714,-1.939297,0.07693365,0.7276945,-0.1247115,0.6700665,16.53524,94.24234,356.7013,0.7038957,0.04211776,-0.7090531,0.0,0.0,0.0,3.398236,-0.3152329,-0.7045041,-0.6506115,0.2089603,1.992901,-0.09018421,-0.05516167,-0.9943963,0.2790984,0.9570565,-0.07840241,0.9560183,-0.2846051,-0.0709158,static,67.13355,-23.84949,-18.08003,5.985725,8.009175094929919,-0.7165188981828994
05/11/2023 10:30:37.420215,3679,True,True,True,True,Eyes,1.824425,0.1055918,-1.793122,0.908111,-0.1693072,0.3829746,0.0,0.0,0.0,0.0,0.0,0.0,0.0,-1.71728,-0.8506805,-2.177589,2.148371,0.09385298,-1.946868,0.07593378,0.7302999,-0.1260716,0.6670848,16.58567,94.6807,356.5729,0.7047699,0.04203055,-0.7081895,0.0,0.0,0.0,3.417645,-0.3089709,-0.7139884,-0.6506116,0.2089603,1.992901,-0.09846386,-0.05729198,-0.9934901,0.2791097,0.9566801,-0.08283152,0.9551978,-0.2854486,-0.07820763,static,67.13355,-23.84949,-18.08003,5.985724,8.009175094929919,-0.7165188981828994
05/11/2023 10:30:37.440443,3680,True,True,True,True,Eyes,1.824425,0.1055918,-1.793122,0.908111,-0.1693072,0.3829746,0.0,0.0,0.0,0.0,0.0,0.0,0.0,-1.708305,-0.8597995,-2.19714,2.157693,0.09733295,-1.954449,0.07500292,0.732447,-0.1264,0.66477,16.5518,95.03983,356.5201,0.705556,0.04195197,-0.707411,0.0,0.0,0.0,3.435255,-0.3028086,-0.7211264,-0.6506118,0.2089602,1.9929,-0.1049111,-0.05818257,-0.9927784,0.2779253,0.9567952,-0.08544324,0.9548568,-0.284882,-0.08420798,static,67.13355,-23.84949,-18.08004,5.985723,8.009175094929919,-0.7165188981828994
05/11/2023 10:30:37.460129,3681,True,True,True,True,Eyes,1.838476,0.105537,-1.798913,0.9150711,-0.1684375,0.3664337,0.0,0.0,0.0,0.0,0.0,0.0,0.0,-1.696579,-0.8643574,-2.220886,2.167624,0.0979475,-1.962049,0.07465614,0.7350929,-0.1262789,0.6619053,16.52801,95.49908,356.5668,0.7062624,0.04188125,-0.70671,0.0,0.0,0.0,3.451756,-0.2992714,-0.7276139,-0.6506118,0.2089601,1.992901,-0.112616,-0.05741087,-0.9919789,0.2769277,0.9569603,-0.0868228,0.9542689,-0.284484,-0.09187034,static,68.17672,-24.68669,-18.08003,5.985721,8.166682628136858,-0.9541539402120573
05/11/2023 10:30:37.470926,3682,True,True,True,True,Eyes,1.852332,0.1056082,-1.804795,0.9215909,-0.1675459,0.3501407,0.0,0.0,0.0,0.0,0.0,0.0,0.0,-1.684379,-0.8634984,-2.246352,2.176958,0.09937075,-1.969731,0.07354433,0.7379481,-0.1251541,0.6590602,16.35899,95.97932,356.6288,0.7070553,0.04179296,-0.7059218,0.0,0.0,0.0,3.468851,-0.2938886,-0.7342054,-0.6506115,0.2089602,1.9929,-0.1204618,-0.0564244,-0.9911131,0.2735119,0.9578553,-0.08777419,0.9542956,-0.2816547,-0.09995221,static,69.19668,-25.57159,-18.08003,5.985723,8.322876139110829,-1.2057641303009747
05/11/2023 10:30:37.496405,3683,True,True,True,True,Eyes,1.866023,0.1057485,-1.810754,0.9276953,-0.1666345,0.3340874,0.0,0.0,0.0,0.0,0.0,0.0,0.0,-1.675048,-0.8672826,-2.267714,2.185925,0.1025286,-1.977804,0.07365486,0.7403533,-0.1244982,0.6564696,16.32286,96.40721,356.7506,0.7079183,0.0416941,-0.7050621,0.0,0.0,0.0,3.484847,-0.2884171,-0.7400493,-0.6506113,0.2089603,1.9929,-0.1272455,-0.05439736,-0.9903786,0.2725198,0.9581503,-0.08764099,0.953699,-0.2810497,-0.107096,static,70.19473,-26.50888,-18.08003,5.985726,8.47807234458346,-1.4727046586342487
05/11/2023 10:30:37.510492,3684,True,True,True,True,Eyes,1.879508,0.1059801,-1.816765,0.933442,-0.1657104,0.3181605,0.0,0.0,0.0,0.0,0.0,0.0,0.0,-1.654699,-0.8789796,-2.293965,2.195272,0.1043048,-1.985652,0.07298319,0.7438491,-0.1254291,0.6524029,16.36943,97.02087,356.7088,0.7088376,0.04158869,-0.7041442,0.0,0.0,0.0,3.504162,-0.2818075,-0.7503083,-0.6506115,0.2089603,1.992901,-0.1380879,-0.05508363,-0.988887,0.2722375,0.957882,-0.09137174,0.9522702,-0.2818295,-0.1172761,static,71.1785,-27.51225,-18.08002,5.985723,8.633673175174351,-1.7589110720784804
05/11/2023 10:30:37.520108,3685,True,True,True,True,Eyes,2.211871,0.1130175,-1.968017,0.9870678,-0.1285484,-0.09577298,0.0,0.0,0.0,0.0,0.0,0.0,0.0,-1.632473,-0.8924663,-2.318801,2.203463,0.1066142,-1.992908,0.07073358,0.7472872,-0.1268335,0.6484382,16.33749,97.59798,356.4888,0.7098014,0.04148113,-0.7031791,0.0,0.0,0.0,3.522842,-0.2677317,-0.7589481,-0.6506113,0.2089601,1.9929,-0.1490497,-0.05877072,-0.9870818,0.2702039,0.9578201,-0.09782931,0.9511963,-0.2812947,-0.1268827,static,-84.45807,53.31263,-18.08003,5.985721,-13.40999687410115,20.893229446250825
05/11/2023 10:30:37.540090,3686,True,True,True,True,Eyes,2.212193,0.1130617,-1.968286,0.9870405,-0.1284978,-0.09612124,0.0,0.0,0.0,0.0,0.0,0.0,0.0,-1.610981,-0.9052622,-2.342836,2.211843,0.1079985,-1.999931,0.06892798,0.7505338,-0.1282494,0.6445931,16.3421,98.15399,356.3032,0.7176503,0.04082444,-0.6952056,0.997089,0.02111234,-0.4537557,3.539944,-0.2610451,-0.7672835,-0.6506116,0.2089602,1.9929,-0.1594977,-0.06187173,-0.9852576,0.2688029,0.957602,-0.10365,0.9498978,-0.281372,-0.136104,static,-84.43789,53.20211,-18.08003,5.985723,-13.403834869958832,20.86123922540766
05/11/2023 10:30:37.560800,3687,True,True,True,True,Eyes,2.212813,0.1131432,-1.968814,0.9870195,-0.1284753,-0.09636652,0.0,0.0,0.0,0.0,0.0,0.0,0.0,-1.594274,-0.9090909,-2.365835,2.219632,0.109102,-2.006654,0.06787904,0.7534137,-0.1281361,0.6413591,16.26908,98.65627,356.2921,0.7238868,0.04029157,-0.6887407,0.9372637,0.0198456,-0.4265304,3.560255,-0.2509904,-0.7796479,-0.6506117,0.2089604,1.992901,-0.1681022,-0.06208054,-0.983813,0.2666446,0.9579471,-0.1060094,0.9490219,-0.2801487,-0.1444796,static,-84.42367,53.12723,-18.08003,5.985724,-13.399591798868197,20.839567956220318
05/11/2023 10:30:37.581061,3688,True,True,True,True,Eyes,2.213712,0.1132197,-1.969591,0.9869663,-0.1284032,-0.09700622,0.0,0.0,0.0,0.0,0.0,0.0,0.0,-1.5814,-0.9128492,-2.385835,2.227169,0.1100989,-2.013438,0.06717021,0.7557709,-0.1280482,0.6386722,16.2214,99.07227,356.2959,0.728825,0.03986276,-0.6835383,0.8810278,0.01865486,-0.4009386,3.580128,-0.2469563,-0.7952186,-0.6506114,0.2089602,1.9929,-0.1751718,-0.06203105,-0.9825817,0.2650922,0.9581837,-0.1077507,0.9481776,-0.2793496,-0.1514028,static,-84.38658,52.92964,-18.08003,5.985724,-13.388449287024464,20.782380495393983
05/11/2023 10:30:37.596941,3689,True,True,True,True,Eyes,2.213712,0.1132197,-1.969591,0.9869663,-0.1284032,-0.09700622,0.0,0.0,0.0,0.0,0.0,0.0,0.0,-1.559562,-0.919336,-2.410124,2.234452,0.1099863,-2.020207,0.06523041,0.7590317,-0.128726,0.634859,16.15509,99.63536,356.1543,0.7327182,0.03951975,-0.6793833,0.8281661,0.01753557,-0.3768823,3.598836,-0.2428937,-0.8084512,-0.6506114,0.2089602,1.992901,-0.1853988,-0.0644218,-0.9805495,0.2624696,0.9583492,-0.11259,0.9469622,-0.2782384,-0.1607681,static,-84.38658,52.92964,-18.08003,5.985723,-13.388449287024464,20.782380495393983
05/11/2023 10:30:37.612852,3690,True,True,True,True,Eyes,2.213712,0.1132197,-1.969591,0.9869663,-0.1284032,-0.09700622,0.0,0.0,0.0,0.0,0.0,0.0,0.0,-1.535077,-0.92552,-2.435326,2.24148,0.1109416,-2.026652,0.06251637,0.7624989,-0.1293044,0.6308469,16.02551,100.2256,355.9546,0.7357722,0.03924644,-0.6760906,0.7784762,0.01648344,-0.3542693,3.614537,-0.2432557,-0.8197189,-0.6506116,0.2089602,1.9929,-0.1962482,-0.06780521,-0.9782072,0.2584798,0.9587442,-0.1183124,0.9458726,-0.2760654,-0.1706255,static,-84.38658,52.92964,-18.08003,5.985723,-13.388449287024464,20.782380495393983
05/11/2023 10:30:37.620346,3691,True,True,True,True,Eyes,2.215464,0.1133965,-1.971019,0.9875363,-0.1291014,-0.09002678,0.0,0.0,0.0,0.0,0.0,0.0,0.0,-1.513159,-0.9294758,-2.458887,2.24822,0.1117273,-2.032908,0.06007543,0.7656421,-0.129557,0.6272146,15.88748,100.7642,355.7948,0.7381522,0.03903018,-0.6735039,0.7317676,0.01549443,-0.3330132,3.632693,-0.2398217,-0.8322288,-0.6506113,0.2089604,1.992901,-0.2059856,-0.07052754,-0.9760102,0.2545126,0.9592119,-0.1230282,0.9448774,-0.273749,-0.1796337,static,-84.79115,55.11062,-18.08002,5.985725,-13.510838533093875,21.41363580131976
05/11/2023 10:30:37.640521,3692,True,True,True,True,Eyes,2.217449,0.1135785,-1.972625,0.9880095,-0.1296439,-0.08384403,0.0,0.0,0.0,0.0,0.0,0.0,0.0,-1.483809,-0.9352614,-2.486501,2.255772,0.1123244,-2.039109,0.05675754,0.7694674,-0.1302385,0.622685,15.73049,101.4212,355.5401,0.7399936,0.03886336,-0.6714898,0.6878616,0.01456477,-0.3130324,3.653946,-0.2253666,-0.8481699,-0.6506116,0.2089603,1.992901,-0.2180845,-0.07484894,-0.9730555,0.2495412,0.959633,-0.1297445,0.9434874,-0.2711127,-0.1906031,static,-85.14941,57.10822,-18.08003,5.985725,-13.621406795065884,21.9918790492462
05/11/2023 10:30:37.660347,3693,True,True,True,True,Eyes,2.219641,0.1137443,-1.974385,0.9883969,-0.1300678,-0.07844638,0.0,0.0,0.0,0.0,0.0,0.0,0.0,-1.450369,-0.9416409,-2.514932,2.262894,0.1125154,-2.044943,0.05384652,0.773651,-0.1310786,0.6175624,15.62413,102.1607,355.3196,0.7414058,0.03873669,-0.6699377,0.6465899,0.01369088,-0.2942505,3.674766,-0.2203623,-0.8668288,-0.6506116,0.2089602,1.992901,-0.2314348,-0.0785816,-0.9696717,0.2452153,0.959838,-0.136311,0.9414391,-0.2693253,-0.2028705,static,-85.4621,58.90501,-18.08003,5.985721,-13.719670571026061,22.512044411602268
05/11/2023 10:30:37.670496,3694,True,True,True,True,Eyes,2.222028,0.1138939,-1.976302,0.9886988,-0.1305169,-0.07375622,0.0,0.0,0.0,0.0,0.0,0.0,0.0,-1.418198,-0.949217,-2.540726,2.26957,0.1122585,-2.050375,0.05196957,0.7775692,-0.1321138,0.6125613,15.61217,102.8766,355.1734,0.7424771,0.0386418,-0.6687558,0.6077945,0.01286943,-0.2765954,3.69711,-0.2157407,-0.8873271,-0.6506116,0.2089602,1.9929,-0.244136,-0.0810357,-0.9663494,0.2426755,0.9596903,-0.1417862,0.9388857,-0.2691243,-0.2146296,static,-85.73368,60.52883,-18.08003,5.985723,-13.807104473356517,22.98219351502809
05/11/2023 10:30:37.697278,3695,True,True,True,True,Eyes,2.224588,0.1139888,-1.978352,0.9889045,-0.1311959,-0.06968152,0.0,0.0,0.0,0.0,0.0,0.0,0.0,-1.386807,-0.9589983,-2.564759,2.276199,0.1119792,-2.056036,0.0512889,0.7813558,-0.1333553,0.6075106,15.7067,103.5959,355.1208,0.7432789,0.03857164,-0.6678684,0.5713268,0.01209726,-0.2599997,3.715828,-0.2133021,-0.9051782,-0.6506115,0.2089603,1.992901,-0.2566009,-0.08187972,-0.9630429,0.2421792,0.9591716,-0.1460788,0.9356844,-0.2707129,-0.2262947,static,-85.96941,62.02608,-18.08003,5.985724,-13.885895641511851,23.415773862663748
05/11/2023 10:30:37.710329,3696,True,True,True,True,Eyes,2.227298,0.1140768,-1.980532,0.989022,-0.1320956,-0.06622834,0.0,0.0,0.0,0.0,0.0,0.0,0.0,-1.354662,-0.9715316,-2.586812,2.282458,0.1108231,-2.061232,0.05212519,0.7851112,-0.1349794,0.602216,15.94586,104.3454,355.184,0.7438692,0.03851916,-0.6672139,0.5370472,0.01137143,-0.2443997,3.733179,-0.2184442,-0.9226424,-0.6506116,0.2089602,1.9929,-0.269238,-0.08072539,-0.9596846,0.2444217,0.958127,-0.1491665,0.9315413,-0.274729,-0.2382331,static,-86.169,63.37234,-18.08003,5.985724,-13.955201510982885,23.805695059684787
05/11/2023 10:30:37.730480,3697,True,True,True,True,Eyes,2.23013,0.1141393,-1.982835,0.9890488,-0.1333595,-0.06322704,0.0,0.0,0.0,0.0,0.0,0.0,0.0,-1.326136,-0.9859201,-2.605508,2.288353,0.1108315,-2.066518,0.05441735,0.7884913,-0.1364801,0.5972381,16.27375,105.0563,355.3867,0.7442951,0.03847991,-0.666741,0.5048244,0.01068914,-0.2297358,3.749332,-0.2296563,-0.9410546,-0.6506115,0.2089602,1.9929,-0.2806908,-0.07720704,-0.956688,0.2488375,0.9568239,-0.1502265,0.9269805,-0.280227,-0.2493597,static,-86.34222,64.63391,-18.08003,5.985724,-14.018427841545353,24.171160080554984
05/11/2023 10:30:37.741632,3698,True,True,True,True,Eyes,2.233058,0.1141757,-1.985274,0.9889959,-0.1349303,-0.06066933,0.0,0.0,0.0,0.0,0.0,0.0,0.0,-1.305446,-0.9988185,-2.619912,2.293751,0.1105348,-2.071776,0.0590525,0.7911992,-0.1373594,0.5930001,16.70198,105.6865,355.8411,0.7445933,0.03844962,-0.6664084,0.4745349,0.01004779,-0.2159516,3.763751,-0.2453983,-0.9583794,-0.6506117,0.2089601,1.9929,-0.2897273,-0.0694637,-0.9545851,0.2563528,0.9552904,-0.147321,0.9221395,-0.2873935,-0.2589665,static,-86.48962,65.78967,-18.08003,5.985721,-14.074945617858091,24.506032469696656
05/11/2023 10:30:37.760457,3699,True,True,True,True,Eyes,2.236077,0.1142262,-1.987859,0.9888749,-0.1367474,-0.05853684,0.0,0.0,0.0,0.0,0.0,0.0,0.0,-1.289499,-1.0103,-2.632205,2.298688,0.1101867,-2.077477,0.06388434,0.7934647,-0.1379576,0.5893219,17.11113,106.2433,356.3272,0.7448148,0.03842307,-0.6661617,0.4460628,0.009444923,-0.2029945,3.777292,-0.2626787,-0.9772367,-0.6506115,0.2089604,1.992901,-0.2972371,-0.06122296,-0.9528388,0.2639828,0.9537729,-0.1436321,0.9175856,-0.2942259,-0.2673349,static,-86.61231,66.82591,-18.08002,5.985727,-14.124440249512332,24.806324790945798
05/11/2023 10:30:37.780351,3700,True,True,True,True,Eyes,2.239178,0.1143009,-1.990592,0.9887064,-0.138633,-0.0569253,0.0,0.0,0.0,0.0,0.0,0.0,0.0,-1.270143,-1.022778,-2.645849,2.303573,0.1107644,-2.083539,0.06749106,0.795994,-0.1387516,0.585309,17.45143,106.8373,356.696,0.7450159,0.0383958,-0.6659379,0.4192991,0.008878227,-0.1908149,3.790848,-0.2804571,-0.9972852,-0.6506115,0.2089602,1.9929,-0.3057168,-0.05498013,-0.9505337,0.2698701,0.9523859,-0.1418846,0.9130758,-0.2998971,-0.2763229,static,-86.7048,67.67603,-18.08003,5.985723,-14.164028865998755,25.05272437948267
05/11/2023 10:30:37.790459,3701,True,True,True,True,Eyes,2.242346,0.1144119,-1.993448,0.988527,-0.1403372,-0.05585427,0.0,0.0,0.0,0.0,0.0,0.0,0.0,-1.244355,-1.031834,-2.66359,2.308283,0.1115147,-2.089787,0.06885682,0.7991413,-0.139313,0.5807097,17.61583,107.5083,356.8876,0.7451974,0.03836849,-0.6657361,0.3941411,0.008345534,-0.179366,3.806317,-0.2913483,-1.019634,-0.6506115,0.2089602,1.992901,-0.3160698,-0.05174809,-0.9473235,0.2718534,0.9517013,-0.1426898,0.908953,-0.3026331,-0.2867362,static,-86.76608,68.29743,-18.08002,5.985722,-14.192178883947946,25.232864899725833
05/11/2023 10:30:37.810536,3702,True,True,True,True,Eyes,2.245577,0.1145224,-1.996427,0.9883264,-0.1419672,-0.05528388,0.0,0.0,0.0,0.0,0.0,0.0,0.0,-1.214419,-1.039574,-2.682641,2.312621,0.11239,-2.095528,0.06853403,0.8025414,-0.1399781,0.575879,17.67463,108.1967,356.9185,0.7453601,0.03834219,-0.6655552,0.3704926,0.007844802,-0.168604,3.823748,-0.2927164,-1.043098,-0.6506118,0.2089603,1.992901,-0.3273332,-0.05121812,-0.9435199,0.2712237,0.9514184,-0.1457419,0.9051468,-0.3036111,-0.2975393,static,-86.79839,68.72341,-18.08003,5.985725,-14.210268873585257,25.35640534666043
05/11/2023 10:30:37.819997,3703,True,True,True,True,Eyes,2.248871,0.1146273,-1.999524,0.9881392,-0.1432958,-0.05520361,0.0,0.0,0.0,0.0,0.0,0.0,0.0,-1.184778,-1.04446,-2.702279,2.31699,0.1124846,-2.101383,0.06761203,0.8058867,-0.140417,0.5711904,17.67149,108.8629,356.9056,0.7455049,0.03831662,-0.6653945,0.3482631,0.007374114,-0.1584878,3.842448,-0.2895039,-1.06758,-0.6506116,0.2089604,1.992901,-0.3383406,-0.05143435,-0.9396172,0.2693849,0.9514234,-0.1490816,0.9016417,-0.303559,-0.3080496,static,-86.80242,68.93121,-18.08003,5.985725,-14.217633086948442,25.416732246672392
05/11/2023 10:30:37.840473,3704,True,True,True,True,Eyes,2.252213,0.1147134,-2.002746,0.9879309,-0.1445805,-0.05557875,0.0,0.0,0.0,0.0,0.0,0.0,0.0,-1.154078,-1.044564,-2.723802,2.321396,0.1125565,-2.107263,0.06688087,0.8094589,-0.1400003,0.5663066,17.60176,109.5775,356.9756,0.7456325,0.03829138,-0.6652531,0.3273673,0.006931667,-0.1489785,3.860494,-0.2820207,-1.088663,-0.6506118,0.2089603,1.992901,-0.3496476,-0.05029157,-0.9355304,0.2668408,0.9518538,-0.1508988,0.898077,-0.3023992,-0.3193935,static,-86.78007,68.97254,-18.08003,5.985724,-14.21621575449102,25.428852919627143
05/11/2023 10:30:37.860698,3705,True,True,True,True,Eyes,2.255599,0.1147777,-2.006088,0.9877245,-0.1456667,-0.05640485,0.0,0.0,0.0,0.0,0.0,0.0,0.0,-1.126223,-1.04544,-2.743321,2.325525,0.1122627,-2.1134,0.06680718,0.8127299,-0.139662,0.5616952,17.5817,110.2524,357.0956,0.7457432,0.03826566,-0.6651305,0.3077253,0.006515767,-0.1400398,3.877186,-0.2747427,-1.10637,-0.6506118,0.2089603,1.992901,-0.3600708,-0.04830253,-0.9316739,0.2654873,0.9520627,-0.1519644,0.8943522,-0.3020655,-0.3299862,static,-86.73163,68.83268,-18.08003,5.985724,-14.205566852961976,25.38849093403336
05/11/2023 10:30:37.870628,3706,True,True,True,True,Eyes,2.25902,0.1148173,-2.009551,0.9874896,-0.1467407,-0.0577178,0.0,0.0,0.0,0.0,0.0,0.0,0.0,-1.095539,-1.048563,-2.762645,2.329562,0.1118114,-2.11956,0.06642311,0.8161241,-0.1398012,0.5567631,17.58703,110.9565,357.1587,0.7458376,0.03823866,-0.6650264,0.2892618,0.006124821,-0.1316374,3.893796,-0.2680723,-1.124344,-0.6506115,0.2089602,1.9929,-0.3712056,-0.04725327,-0.9273476,0.2640913,0.9520872,-0.1542263,0.8902035,-0.3021541,-0.3409409,static,-86.65492,68.5287,-18.08003,5.985724,-14.185978736677093,25.300615160510358
05/11/2023 10:30:37.897290,3707,True,True,True,True,Eyes,2.262474,0.1148395,-2.013127,0.9872425,-0.1476554,-0.05958309,0.0,0.0,0.0,0.0,0.0,0.0,0.0,-1.060406,-1.055126,-2.781775,2.33337,0.1112497,-2.1258,0.06564379,0.8197521,-0.1406361,0.5512886,17.63491,111.7151,357.1468,0.7459157,0.03820957,-0.6649405,0.271906,0.005757332,-0.1237392,3.909355,-0.2627175,-1.140757,-0.6506116,0.2089604,1.992901,-0.3835438,-0.04743886,-0.9223037,0.2626854,0.9518247,-0.158196,0.8853762,-0.3029507,-0.352605,static,-86.54622,68.02454,-18.08003,5.985727,-14.155797449062625,25.154772863047473
05/11/2023 10:30:37.910479,3708,True,True,True,True,Eyes,2.265963,0.1148533,-2.016818,0.9869593,-0.1485837,-0.06192148,0.0,0.0,0.0,0.0,0.0,0.0,0.0,-1.022791,-1.062535,-2.800872,2.337149,0.1108109,-2.131999,0.06469551,0.8235011,-0.1416442,0.5455249,17.69045,112.506,357.1129,0.7459779,0.03817792,-0.6648727,0.2555917,0.005411892,-0.1163148,3.924297,-0.2597782,-1.156502,-0.6506115,0.2089602,1.992901,-0.3964341,-0.04798719,-0.9168082,0.2610945,0.9515029,-0.1627022,0.8801532,-0.3038742,-0.3646789,static,-86.40999,67.37632,-18.08003,5.985721,-14.117431541740807,24.967238592357656
05/11/2023 10:30:37.920056,3709,True,True,True,True,Eyes,2.269487,0.114842,-2.020609,0.9866562,-0.1493841,-0.06476049,0.0,0.0,0.0,0.0,0.0,0.0,0.0,-0.9840572,-1.072038,-2.819082,2.340996,0.1105836,-2.138309,0.06369392,0.8272143,-0.1429986,0.5396399,17.77768,113.3015,357.0529,0.7460245,0.03814358,-0.6648226,0.2402562,0.005087178,-0.1093359,3.938645,-0.2574794,-1.17131,-0.6506114,0.2089602,1.992901,-0.4094639,-0.04895844,-0.9110118,0.2597125,0.9509889,-0.1678374,0.8745794,-0.3053245,-0.3766807,static,-86.24471,66.56246,-18.08003,5.985723,-14.069979123619106,24.731753216082947
05/11/2023 10:30:37.940048,3710,True,True,True,True,Eyes,2.27304,0.1148079,-2.024501,0.9863121,-0.150196,-0.06804135,0.0,0.0,0.0,0.0,0.0,0.0,0.0,-0.9429729,-1.081113,-2.837387,2.344882,0.1099031,-2.144346,0.06251729,0.8310224,-0.1444184,0.5335135,17.86273,114.1242,356.9772,0.7460559,0.03810589,-0.6647897,0.2258408,0.004781947,-0.1027758,3.952059,-0.2566898,-1.184776,-0.6506115,0.2089603,1.992901,-0.4229097,-0.0501918,-0.9047805,0.2580049,0.9504699,-0.1733222,0.868666,-0.3067375,-0.3890133,static,-86.05367,65.62867,-18.08002,5.985725,-14.01535931123452,24.461574237989165
05/11/2023 10:30:37.960232,3711,True,True,True,True,Eyes,2.276624,0.1147582,-2.028486,0.9859335,-0.150941,-0.07177766,0.0,0.0,0.0,0.0,0.0,0.0,0.0,-0.9022731,-1.090451,-2.85475,2.348639,0.1092557,-2.150519,0.06116554,0.8347009,-0.1459536,0.5274759,17.9497,114.9259,356.8748,0.7460725,0.03806436,-0.6647736,0.2122904,0.004495031,-0.09660921,3.965275,-0.2583603,-1.19904,-0.6506118,0.2089602,1.992901,-0.436056,-0.05186417,-0.898424,0.2560839,0.9499127,-0.1791285,0.8627146,-0.3081819,-0.4009335,static,-85.83611,64.5673,-18.08003,5.985721,-13.953224856679189,24.154483993650818
05/11/2023 10:30:37.970192,3712,True,True,True,True,Eyes,2.280242,0.1146947,-2.032571,0.9855058,-0.1516907,-0.07594953,0.0,0.0,0.0,0.0,0.0,0.0,0.0,-0.8600575,-1.098798,-2.872258,2.352476,0.1087776,-2.156605,0.06000243,0.8384739,-0.1472614,0.5212249,18.02905,115.7609,356.8114,0.7460749,0.03801878,-0.6647738,0.199553,0.004225329,-0.09081266,3.97839,-0.2617884,-1.214576,-0.650612,0.2089604,1.992901,-0.4494489,-0.05289165,-0.891739,0.2541335,0.9494276,-0.1844001,0.8563948,-0.3094992,-0.4132776,static,-85.59312,63.40348,-18.08003,5.985727,-13.884541360182713,23.817774854296832
05/11/2023 10:30:37.995552,3713,True,True,True,True,Eyes,2.283883,0.1146071,-2.036748,0.9850418,-0.1523605,-0.0804914,0.0,0.0,0.0,0.0,0.0,0.0,0.0,-0.8176273,-1.104252,-2.890454,2.3564,0.108381,-2.162924,0.05910655,0.8423204,-0.1479981,0.5148782,18.07062,116.6216,356.8145,0.7460632,0.03796902,-0.6647899,0.1875798,0.003971809,-0.0853639,3.992353,-0.2635918,-1.232671,-0.6506115,0.20896,1.9929,-0.4628143,-0.05282866,-0.88488,0.2519753,0.949206,-0.1884583,0.8498893,-0.310189,-0.4259945,static,-85.32853,62.1527,-18.08003,5.98572,-13.810297153085859,23.455925148241914
05/11/2023 10:30:38.010240,3714,True,True,True,True,Eyes,2.287547,0.1144932,-2.041026,0.9845291,-0.1530205,-0.0853652,0.0,0.0,0.0,0.0,0.0,0.0,0.0,-0.7769405,-1.105955,-2.908655,2.360121,0.1077686,-2.169161,0.05898749,0.8461244,-0.147938,0.508634,18.08056,117.4907,356.9445,0.7460378,0.03791465,-0.6648216,0.176325,0.003733501,-0.08024207,4.006294,-0.2635376,-1.250048,-0.6506116,0.2089601,1.9929,-0.4756241,-0.0506711,-0.8781882,0.2503141,0.9492697,-0.1903418,0.8432822,-0.310354,-0.438812,static,-85.04447,60.84427,-18.08003,5.985721,-13.731725343586085,23.077435696299133
05/11/2023 10:30:38.020231,3715,True,True,True,True,Eyes,2.291234,0.1143676,-2.045405,0.9840029,-0.1535368,-0.09035976,0.0,0.0,0.0,0.0,0.0,0.0,0.0,-0.7431377,-1.102263,-2.926841,2.363952,0.1071783,-2.175747,0.05971166,0.8495532,-0.146709,0.5031604,18.02086,118.285,357.2165,0.7459989,0.03785521,-0.6648687,0.1657455,0.003509491,-0.07542754,4.020997,-0.2614392,-1.268353,-0.6506116,0.2089601,1.992901,-0.4865282,-0.04617982,-0.8724434,0.2490927,0.949822,-0.1891851,0.8374024,-0.3093632,-0.4506122,static,-84.75331,59.52226,-18.08003,5.985721,-13.651821213346,22.69503984870664
05/11/2023 10:30:38.040010,3716,True,True,True,True,Eyes,2.294954,0.1142154,-2.049893,0.9834241,-0.1540367,-0.09565404,0.0,0.0,0.0,0.0,0.0,0.0,0.0,-0.7117676,-1.098833,-2.943961,2.367803,0.1068799,-2.182439,0.06020838,0.8527045,-0.1455478,0.4980822,17.95054,119.0172,357.451,0.7459465,0.03779075,-0.6649311,0.1558008,0.003298921,-0.07090189,4.035948,-0.2577254,-1.286664,-0.6506114,0.2089605,1.992902,-0.4965779,-0.0423096,-0.8669602,0.2476694,0.9503816,-0.188241,0.8319075,-0.3081959,-0.4614598,static,-84.44453,58.16045,-18.08002,5.985729,-13.56840926968719,22.301178401333054
05/11/2023 10:30:38.060355,3717,True,True,True,True,Eyes,2.298698,0.1140181,-2.054472,0.982814,-0.1544709,-0.1010704,0.0,0.0,0.0,0.0,0.0,0.0,0.0,-0.6761014,-1.099902,-2.960362,2.371901,0.1061254,-2.189396,0.05961595,0.8559099,-0.1455382,0.4926286,17.93105,119.7609,357.5096,0.745881,0.03772084,-0.6650087,0.1464527,0.003100986,-0.06664778,4.050876,-0.2532306,-1.305313,-0.6506118,0.2089603,1.992901,-0.5075263,-0.04134078,-0.8606441,0.2454443,0.9505292,-0.1903981,0.8259386,-0.3078722,-0.4722717,static,-84.12847,56.80326,-18.08003,5.985723,-13.484243647956902,21.908697052541864
05/11/2023 10:30:38.070186,3718,True,True,True,True,Eyes,2.302464,0.1137822,-2.059149,0.9821353,-0.1549948,-0.106709,0.0,0.0,0.0,0.0,0.0,0.0,0.0,-0.6378953,-1.104665,-2.975033,2.375813,0.1048263,-2.196028,0.0592118,0.8591232,-0.1462136,0.4868499,17.99208,120.5334,357.5518,0.7458024,0.03764452,-0.6651011,0.1376655,0.002914927,-0.06264891,4.065754,-0.2463602,-1.323889,-0.6506118,0.2089601,1.992901,-0.5189422,-0.04062774,-0.8538432,0.2441086,0.9502311,-0.1935765,0.819213,-0.3088856,-0.4831974,static,-83.79914,55.45383,-18.08003,5.98572,-13.39868237940621,21.518539285920177
05/11/2023 10:30:38.090143,3719,True,True,True,True,Eyes,2.306243,0.1135237,-2.063936,0.9814326,-0.1555176,-0.1122688,0.0,0.0,0.0,0.0,0.0,0.0,0.0,-0.6069942,-1.110009,-2.987659,2.379721,0.10376,-2.202914,0.06017487,0.8618272,-0.1465231,0.481834,18.092,121.2225,357.7403,0.745711,0.03756112,-0.6652082,0.1294056,0.002740031,-0.05888997,4.080557,-0.2423056,-1.342916,-0.6506117,0.2089603,1.992901,-0.5284303,-0.03747897,-0.8481492,0.2449203,0.9498199,-0.1945666,0.8128812,-0.3105438,-0.4927343,static,-83.47414,54.17434,-18.08003,5.985725,-13.315969881108764,21.148670284800467
05/11/2023 10:30:38.110174,3720,True,True,True,True,Eyes,2.310036,0.1132457,-2.068841,0.9806649,-0.1560919,-0.118032,0.0,0.0,0.0,0.0,0.0,0.0,0.0,-0.5808359,-1.116299,-2.99888,2.383508,0.1030551,-2.210212,0.06154653,0.8641675,-0.1467942,0.4773661,18.20814,121.8409,357.9623,0.7456067,0.0374706,-0.6653302,0.1216413,0.002575629,-0.05535658,4.094899,-0.2392491,-1.361243,-0.6506117,0.2089603,1.992901,-0.5366677,-0.03377605,-0.8431177,0.2465221,0.949327,-0.194949,0.8069791,-0.3124699,-0.5011466,static,-83.13694,52.90453,-18.08003,5.985725,-13.232058342635103,20.781676820330762
05/11/2023 10:30:38.130324,3721,True,True,True,True,Eyes,2.313845,0.1129492,-2.073862,0.97986,-0.156609,-0.1238872,0.0,0.0,0.0,0.0,0.0,0.0,0.0,-0.5504111,-1.121755,-3.011117,2.387267,0.1023597,-2.217789,0.06177359,0.8667457,-0.147275,0.4724892,18.28082,122.4961,358.0634,0.7454889,0.03737298,-0.6654674,0.1143428,0.002421091,-0.05203518,4.109151,-0.2372536,-1.380661,-0.6506114,0.2089603,1.992901,-0.5458761,-0.03208767,-0.8372514,0.2462556,0.9489882,-0.1969252,0.8008606,-0.3136746,-0.5101282,static,-82.79413,51.65388,-18.08003,5.985725,-13.148081195895216,20.420277277356373
05/11/2023 10:30:38.140194,3722,True,True,True,True,Eyes,2.317685,0.1126444,-2.079012,0.9789854,-0.1570945,-0.1300344,0.0,0.0,0.0,0.0,0.0,0.0,0.0,-0.5135887,-1.126079,-3.024613,2.39105,0.1016235,-2.225458,0.06111998,0.8697236,-0.1478537,0.4668882,18.31592,123.2351,358.0836,0.7453578,0.03726834,-0.66562,0.1074822,0.002275826,-0.04891307,4.123053,-0.2358638,-1.400324,-0.6506118,0.2089601,1.9929,-0.5565599,-0.03174734,-0.830201,0.2443773,0.9488073,-0.2001114,0.7940537,-0.3142561,-0.5203096,static,-82.43394,50.38386,-18.08004,5.985722,-13.061300807330294,20.053344038907678
05/11/2023 10:30:38.160280,3723,True,True,True,True,Eyes,2.321541,0.1123092,-2.084283,0.9780462,-0.1575217,-0.1364278,0.0,0.0,0.0,0.0,0.0,0.0,0.0,-0.4744506,-1.12669,-3.039948,2.395211,0.1011429,-2.233506,0.06023488,0.8729273,-0.1478218,0.4609973,18.27702,124.0202,358.1213,0.7452129,0.03715706,-0.6657882,0.1010333,0.002139276,-0.04597829,4.136,-0.2370308,-1.419204,-0.6506116,0.2089602,1.992901,-0.5677068,-0.0311296,-0.8226424,0.2414523,0.9490409,-0.2025392,0.7870263,-0.3136117,-0.5312606,static,-82.05904,49.1045,-18.08003,5.985722,-12.97238079043968,19.683775885755292
05/11/2023 10:30:38.180286,3724,True,True,True,True,Eyes,2.325417,0.1119604,-2.089686,0.9770442,-0.1579025,-0.1430082,0.0,0.0,0.0,0.0,0.0,0.0,0.0,-0.4406906,-1.127093,-3.053751,2.399068,0.1001377,-2.241514,0.06012382,0.8757427,-0.1476043,0.4557113,18.25973,124.7342,358.2365,0.7450541,0.03703879,-0.6659722,0.09497128,0.00201092,-0.04321959,4.148663,-0.2340563,-1.434844,-0.6506115,0.2089601,1.9929,-0.5774246,-0.02922389,-0.8159208,0.2398359,0.9491962,-0.2037286,0.7804226,-0.313325,-0.5410804,static,-81.67286,47.83368,-18.08003,5.985721,-12.882338611575701,19.316747346009556
05/11/2023 10:30:38.197910,3725,True,True,True,True,Eyes,2.329308,0.1116333,-2.095234,0.9759628,-0.1582201,-0.1498771,0.0,0.0,0.0,0.0,0.0,0.0,0.0,-0.4096931,-1.123554,-3.06867,2.403081,0.09955445,-2.249943,0.0599795,0.8784589,-0.1466508,0.450784,18.16346,125.4117,358.3815,0.7448811,0.03691375,-0.6661722,0.0,0.0,0.0,4.159645,-0.237487,-1.450043,-0.6506118,0.2089603,1.992901,-0.5863928,-0.02683659,-0.8095824,0.2375947,0.949792,-0.2035778,0.7743983,-0.311729,-0.550575,static,-81.26938,46.55115,-18.08003,5.985724,-12.789756119101344,18.946409264610597
05/11/2023 10:30:38.210050,3726,True,True,True,True,Eyes,2.427361,0.1029797,-2.237741,0.9320666,-0.1607741,-0.3246589,0.0,0.0,0.0,0.0,0.0,0.0,0.0,-0.3784381,-1.120459,-3.083384,2.407009,0.0997931,-2.258815,0.05917824,0.8811277,-0.1458744,0.4459067,18.04981,126.0683,358.4447,0.7446934,0.03678326,-0.6663889,0.0,0.0,0.0,4.174369,-0.2378348,-1.47366,-0.6506115,0.2089601,1.9929,-0.5953304,-0.02580555,-0.8030666,0.2343799,0.9504372,-0.2042919,0.7685363,-0.3098438,-0.559776,static,-70.79567,26.34504,-18.08003,5.98572,-10.818632927973713,13.133482358069596
05/11/2023 10:30:38.230383,3727,True,True,True,True,Eyes,2.427547,0.1029733,-2.238117,0.9318498,-0.1606935,-0.3253209,0.0,0.0,0.0,0.0,0.0,0.0,0.0,-0.3416921,-1.11382,-3.100046,2.411272,0.098864,-2.267956,0.05751666,0.884132,-0.1449925,0.440431,17.8815,126.7931,358.4337,0.7436907,0.03620651,-0.6675395,0.2941604,-0.02596072,-0.4275227,4.186959,-0.2326222,-1.494208,-0.650612,0.2089602,1.9929,-0.6054247,-0.02601377,-0.7954774,0.2294231,0.951338,-0.2057208,0.7621195,-0.3070493,-0.5699954,static,-70.75524,26.28724,-18.08004,5.985723,-10.811691161932394,13.116909560051596
05/11/2023 10:30:38.246100,3728,True,True,True,True,Eyes,2.427912,0.1029316,-2.238866,0.9315185,-0.160484,-0.3263712,0.0,0.0,0.0,0.0,0.0,0.0,0.0,-0.305895,-1.105548,-3.116787,2.415552,0.0986976,-2.277179,0.05555072,0.8870548,-0.1438531,0.4351484,17.67136,127.49,358.3977,0.7428136,0.03570329,-0.6685427,0.2765107,-0.02440308,-0.4018713,4.200522,-0.2316819,-1.517887,-0.650612,0.2089605,1.992901,-0.61512,-0.02664185,-0.7879833,0.223748,0.9524407,-0.2068656,0.7560187,-0.3035569,-0.5799043,static,-70.69134,26.18438,-18.08003,5.985728,-10.800339633957275,13.087374425302075
05/11/2023 10:30:38.262038,3729,True,True,True,True,Eyes,2.428451,0.1028891,-2.239992,0.9309766,-0.1601782,-0.3280633,0.0,0.0,0.0,0.0,0.0,0.0,0.0,-0.2756771,-1.096389,-3.133163,2.419941,0.09797966,-2.286715,0.05421895,0.8896248,-0.1424294,0.4305135,17.46369,128.1114,358.4281,0.742017,0.03524844,-0.6694511,0.2599201,-0.0229389,-0.377759,4.214302,-0.2250751,-1.542438,-0.6506118,0.2089603,1.992901,-0.6234369,-0.02616648,-0.7814357,0.2191046,0.9535484,-0.2067334,0.7505463,-0.3001014,-0.5887441,static,-70.58824,26.02413,-18.08003,5.985723,-10.782212996882414,13.04137907742437
05/11/2023 10:30:38.270237,3730,True,True,True,True,Eyes,2.429156,0.1028449,-2.241483,0.930311,-0.1597052,-0.3301753,0.0,0.0,0.0,0.0,0.0,0.0,0.0,-0.2424223,-1.083947,-3.150891,2.424318,0.09793926,-2.296719,0.05219221,0.8924223,-0.1406227,0.4255395,17.18208,128.7726,358.409,0.7412896,0.03483659,-0.6702781,0.2443249,-0.02156256,-0.3550935,4.226285,-0.2219685,-1.565198,-0.6506114,0.2089602,1.9929,-0.6323842,-0.02652602,-0.7742006,0.2128359,0.9550024,-0.2065699,0.7448428,-0.2954093,-0.5982828,static,-70.45979,25.81297,-18.08003,5.985724,-10.759249371040617,12.980732379735242
05/11/2023 10:30:38.290091,3731,True,True,True,True,Eyes,2.430034,0.1028412,-2.243343,0.929273,-0.1594655,-0.3332001,0.0,0.0,0.0,0.0,0.0,0.0,0.0,-0.2050147,-1.072686,-3.168007,2.428627,0.09783808,-2.306762,0.04982632,0.89537,-0.139194,0.4200655,16.92508,129.4855,358.3399,0.7406217,0.03446327,-0.6710353,0.2296654,-0.02026881,-0.3337879,4.23978,-0.2213561,-1.595083,-0.6506116,0.2089602,1.9929,-0.6421247,-0.02771524,-0.7660992,0.2061672,0.9562848,-0.2073996,0.7383571,-0.2911209,-0.6083401,static,-70.2742,25.5752,-18.08003,5.985723,-10.728293872547464,12.912659016746748
05/11/2023 10:30:38.310699,3732,True,True,True,True,Eyes,2.431063,0.1029155,-2.245554,0.9281102,-0.1592202,-0.3365417,0.0,0.0,0.0,0.0,0.0,0.0,0.0,-0.1642983,-1.061177,-3.185461,2.433311,0.09882994,-2.317213,0.04746111,0.8985027,-0.1375661,0.4141449,16.64964,130.2566,358.286,0.7400046,0.03412542,-0.6717334,0.2158855,-0.01905268,-0.3137606,4.252537,-0.215595,-1.624009,-0.6506116,0.2089603,1.9929,-0.6524631,-0.02865671,-0.7572787,0.1992325,0.957646,-0.2078955,0.7311625,-0.2865185,-0.6191193,static,-70.06887,25.31916,-18.08003,5.985724,-10.69427767433995,12.839383857238335
05/11/2023 10:30:38.330411,3733,True,True,True,True,Eyes,2.432225,0.1029772,-2.248097,0.9266443,-0.1593615,-0.340491,0.0,0.0,0.0,0.0,0.0,0.0,0.0,-0.1315471,-1.060735,-3.198075,2.437624,0.1008854,-2.327649,0.04775375,0.9010371,-0.136586,0.4088962,16.57025,130.9591,358.4669,0.7394294,0.03382133,-0.672382,0.2029323,-0.01790952,-0.2949349,4.264835,-0.2123927,-1.651812,-0.6506118,0.2089602,1.992901,-0.661047,-0.02564323,-0.7499062,0.1977548,0.9581276,-0.2070855,0.7238163,-0.2851908,-0.6282965,static,-69.82439,25.08122,-18.08003,5.985722,-10.655985627828944,12.771571616958369
05/11/2023 10:30:38.340439,3734,True,True,True,True,Eyes,2.433499,0.1030503,-2.250959,0.9250491,-0.1595421,-0.344718,0.0,0.0,0.0,0.0,0.0,0.0,0.0,-0.1004758,-1.066477,-3.207826,2.441653,0.1008205,-2.3379,0.04916393,0.9033006,-0.1365334,0.4037197,16.64006,131.6492,358.7188,0.7388895,0.03354711,-0.6729892,0.1907564,-0.01683495,-0.2772388,4.276026,-0.2086434,-1.676659,-0.6506115,0.2089601,1.9929,-0.669187,-0.02142283,-0.7427855,0.1990621,0.9578831,-0.2069646,0.7159355,-0.2863584,-0.6367385,static,-69.56218,24.8356,-18.08003,5.985721,-10.61523282871293,12.701622472890332
05/11/2023 10:30:38.360627,3735,True,True,True,True,Eyes,2.43488,0.1032746,-2.25415,0.9231833,-0.159978,-0.3494847,0.0,0.0,0.0,0.0,0.0,0.0,0.0,-0.06459463,-1.072504,-3.217008,2.44524,0.1011571,-2.348222,0.04853254,0.9056618,-0.1373121,0.3982047,16.70046,132.343,358.7169,0.7383778,0.0332998,-0.6735629,0.179311,-0.01582485,-0.2606045,4.286154,-0.2060367,-1.698405,-0.6506112,0.20896,1.992899,-0.6781553,-0.02144846,-0.7346056,0.1972647,0.95758,-0.2100647,0.7079492,-0.2873682,-0.6451569,static,-69.2651,24.59613,-18.08003,5.985719,-10.570342332506534,12.633643227940581
05/11/2023 10:30:38.370791,3736,True,True,True,True,Eyes,2.436372,0.1035537,-2.257633,0.9211267,-0.1605765,-0.3545994,0.0,0.0,0.0,0.0,0.0,0.0,0.0,-0.02244914,-1.080831,-3.225505,2.44885,0.1049998,-2.358958,0.04704592,0.9083109,-0.1382776,0.3919661,16.74298,133.1144,358.6276,0.737888,0.03308081,-0.6741104,0.1685523,-0.01487536,-0.2449682,4.297121,-0.2023448,-1.726171,-0.6506118,0.2089602,1.992901,-0.6882987,-0.02293559,-0.7250649,0.1938649,0.957332,-0.2143172,0.6990433,-0.2880788,-0.6544841,static,-68.94516,24.36288,-18.08003,5.985723,-10.522811518271368,12.567590889289074
05/11/2023 10:30:38.397916,3737,True,True,True,True,Eyes,2.437964,0.1038629,-2.261391,0.9188131,-0.161329,-0.3602159,0.0,0.0,0.0,0.0,0.0,0.0,0.0,0.02657819,-1.099139,-3.229573,2.452504,0.1065489,-2.369139,0.04658742,0.9110289,-0.1408867,0.3847169,17.01066,134.0017,358.5907,0.7374152,0.03288886,-0.674637,0.1584392,-0.01398284,-0.2302701,4.308203,-0.194775,-1.754981,-0.6506115,0.2089603,1.992901,-0.6996452,-0.02351804,-0.7141035,0.193288,0.9559611,-0.2208578,0.6878492,-0.2925496,-0.6642878,static,-68.5926,24.12606,-18.08003,5.985725,-10.471102098327712,12.500673757164835
05/11/2023 10:30:38.410396,3738,True,True,True,True,Eyes,2.439627,0.1042115,-2.26538,0.9163353,-0.1620729,-0.3661448,0.0,0.0,0.0,0.0,0.0,0.0,0.0,0.07483959,-1.105119,-3.236876,2.456121,0.1074682,-2.379112,0.04422707,0.9137606,-0.142393,0.3779019,17.07679,134.822,358.3937,0.7369556,0.03272201,-0.6751472,0.1489328,-0.01314387,-0.2164539,4.318467,-0.1875039,-1.781605,-0.6506115,0.2089604,1.992901,-0.7104683,-0.02679523,-0.7032191,0.1884471,0.9555365,-0.2267991,0.6780285,-0.2936531,-0.673829,static,-68.21957,23.87643,-18.08002,5.985725,-10.416421419470705,12.430144340950498
05/11/2023 10:30:38.420599,3739,True,True,True,True,Eyes,2.44136,0.1045287,-2.269609,0.9136451,-0.1628062,-0.3724875,0.0,0.0,0.0,0.0,0.0,0.0,0.0,0.1249188,-1.110442,-3.24255,2.459047,0.1086573,-2.388324,0.04194519,0.9165338,-0.1438116,0.3708434,17.14114,135.6729,358.2144,0.7365056,0.03257879,-0.6756451,0.1399969,-0.01235523,-0.2034667,4.330081,-0.1787536,-1.812992,-0.6506115,0.2089601,1.9929,-0.7214317,-0.02977479,-0.6918455,0.1835515,0.9551176,-0.2325061,0.6677167,-0.2947265,-0.6835869,static,-67.81958,23.60909,-18.08003,5.985721,-10.357799751554296,12.354613827294092
05/11/2023 10:30:38.440382,3740,True,True,True,True,Eyes,2.443126,0.104804,-2.274035,0.9108347,-0.1633939,-0.3790547,0.0,0.0,0.0,0.0,0.0,0.0,0.0,0.1719364,-1.103701,-3.252088,2.462106,0.1082418,-2.397938,0.03991932,0.9193914,-0.1433741,0.3641016,17.01987,136.5124,358.142,0.7360607,0.03245528,-0.676136,0.1315971,-0.01161392,-0.1912587,4.340902,-0.1725292,-1.846848,-0.6506117,0.2089602,1.992901,-0.7316732,-0.03100253,-0.6809505,0.1778084,0.9557006,-0.2345645,0.6580569,-0.2927032,-0.693748,static,-67.40478,23.31876,-18.08003,5.985722,-10.296575219287025,12.2724847672801
05/11/2023 10:30:38.470305,3741,True,True,True,True,Eyes,2.444937,0.1050906,-2.278706,0.9079067,-0.1638688,-0.3858139,0.0,0.0,0.0,0.0,0.0,0.0,0.0,0.2117063,-1.092011,-3.26192,2.464318,0.1075768,-2.406864,0.03898063,0.9220271,-0.1417168,0.3581381,16.81332,137.2831,358.2265,0.7356185,0.03234833,-0.6766223,0.1237012,-0.01091709,-0.1797832,4.350222,-0.1708197,-1.87902,-0.6506116,0.2089602,1.9929,-0.740435,-0.029626,-0.6714745,0.1733908,0.9567937,-0.2334126,0.6493777,-0.2892543,-0.7033068,static,-66.97699,23.01264,-18.08003,5.985722,-10.233212163769196,12.185838550005082
05/11/2023 10:30:38.480106,3742,True,True,True,True,Eyes,2.446783,0.1054277,-2.283614,0.9048337,-0.1642702,-0.3927994,0.0,0.0,0.0,0.0,0.0,0.0,0.0,0.2472584,-1.074123,-3.274896,2.466922,0.1081852,-2.417108,0.036965,0.9245196,-0.1392654,0.3528491,16.47478,137.9617,358.2115,0.735177,0.03225665,-0.6771063,0.1162792,-0.01026206,-0.1689962,4.358478,-0.1738241,-1.910976,-0.6506118,0.2089603,1.992901,-0.7482623,-0.0299296,-0.6627275,0.166629,0.9584775,-0.231421,0.6421358,-0.2835933,-0.7122055,static,-66.53374,22.69487,-18.08003,5.985724,-10.167539828904602,12.095890514686701
05/11/2023 10:30:38.490343,3743,True,True,True,True,Eyes,2.493909,0.1128279,-2.411891,0.8057632,-0.1719266,-0.5667336,0.0,0.0,0.0,0.0,0.0,0.0,0.0,0.292738,-1.071746,-3.281334,2.469273,0.1096668,-2.427374,0.03472504,0.9270642,-0.1394358,0.3462716,16.41427,138.7599,358.0775,0.7347312,0.03217958,-0.6775936,0.1093024,-0.009646337,-0.1588564,4.365171,-0.1839531,-1.942795,-0.6506119,0.2089604,1.992901,-0.7577806,-0.03218064,-0.6517158,0.16095,0.9587037,-0.2344833,0.6323482,-0.2825804,-0.7213075,static,-54.87936,16.87591,-18.08003,5.985725,-8.524572369933587,10.467426601391356
05/11/2023 10:30:38.510113,3744,True,True,True,True,Eyes,2.494016,0.1128144,-2.412281,0.8053663,-0.1719877,-0.5672789,0.0,0.0,0.0,0.0,0.0,0.0,0.0,0.3454689,-1.070712,-3.285793,2.471687,0.1088618,-2.437441,0.03159636,0.9297127,-0.1406953,0.3388821,16.44096,139.6302,357.8126,0.7328644,0.03220485,-0.6796111,0.2441224,0.01313284,-0.5341576,4.370351,-0.1974631,-1.972426,-0.6506116,0.2089603,1.992901,-0.7683211,-0.03660718,-0.6390169,0.1541093,0.958413,-0.2401974,0.6212351,-0.2830271,-0.7307275,static,-54.84014,16.86626,-18.08003,5.985725,-8.519371371530097,10.464830885339559
05/11/2023 10:30:38.520163,3745,True,True,True,True,Eyes,2.494199,0.1128191,-2.413026,0.8046162,-0.1724093,-0.5682146,0.0,0.0,0.0,0.0,0.0,0.0,0.0,0.4050188,-1.076591,-3.285634,2.473907,0.1083238,-2.446737,0.02825418,0.9323767,-0.1432998,0.3306668,16.61291,140.5784,357.483,0.7312917,0.03223027,-0.6813021,0.2294751,0.01234487,-0.5021082,4.373551,-0.2174004,-1.997591,-0.6506112,0.2089601,1.9929,-0.7797223,-0.04208191,-0.6247097,0.1474561,0.9573338,-0.2485334,0.6085145,-0.2859043,-0.7402492,static,-54.77052,16.87899,-18.08002,5.985722,-8.51112511620613,10.468894929150583
05/11/2023 10:30:38.540237,3746,True,True,True,True,Eyes,2.49446,0.1128197,-2.414135,0.803545,-0.1730316,-0.5695398,0.0,0.0,0.0,0.0,0.0,0.0,0.0,0.4548531,-1.094618,-3.281004,2.475532,0.1087211,-2.455603,0.0272893,0.9344242,-0.1466508,0.3234199,16.96095,141.4249,357.3718,0.7299591,0.03225544,-0.6827284,0.2157066,0.01160418,-0.4719817,4.375892,-0.2370432,-2.020334,-0.6506115,0.2089601,1.9929,-0.7893099,-0.04386003,-0.6124268,0.1458592,0.9554977,-0.2564163,0.5964188,-0.2917199,-0.7477863,static,-54.6716,16.89928,-18.08003,5.985721,-8.499481111255445,10.475308989210685
05/11/2023 10:30:38.560603,3747,True,True,True,True,Eyes,2.494788,0.1128245,-2.415588,0.8021448,-0.1739522,-0.5712305,0.0,0.0,0.0,0.0,0.0,0.0,0.0,0.5010403,-1.111663,-3.277012,2.477309,0.1085875,-2.465114,0.0270417,0.9363368,-0.1495398,0.3165127,17.28694,142.2443,357.3575,0.7287933,0.03227861,-0.6839716,0.2027642,0.01090793,-0.4436628,4.378537,-0.2521192,-2.045443,-0.6506115,0.2089603,1.992901,-0.7981772,-0.0440222,-0.6008124,0.1453027,0.9538132,-0.2629211,0.5846372,-0.2971573,-0.7549154,static,-54.54424,16.93664,-18.08003,5.985725,-8.484860479096184,10.4868303738051
05/11/2023 10:30:38.570328,3748,True,True,True,True,Eyes,2.495172,0.1128598,-2.417376,0.800419,-0.1750439,-0.5733141,0.0,0.0,0.0,0.0,0.0,0.0,0.0,0.5491385,-1.133288,-3.270064,2.478882,0.1087632,-2.474375,0.02779485,0.9382546,-0.1526871,0.3091804,17.68033,143.1277,357.4579,0.7277259,0.03229837,-0.6851063,0.1905983,0.01025345,-0.417043,4.38218,-0.2590674,-2.074701,-0.6506109,0.2089601,1.9929,-0.8072701,-0.0422584,-0.5886677,0.146573,0.9518282,-0.2693315,0.571692,-0.303706,-0.7621885,static,-54.38721,16.97845,-18.08002,5.985721,-8.466693330887143,10.499800536129975
05/11/2023 10:30:38.590190,3749,True,True,True,True,Eyes,2.495607,0.1129107,-2.419479,0.7983763,-0.1762475,-0.5757882,0.0,0.0,0.0,0.0,0.0,0.0,0.0,0.5995506,-1.149303,-3.263823,2.48022,0.1094949,-2.483831,0.02732005,0.9402542,-0.1554625,0.3016739,17.98886,144.0184,357.4436,0.7267439,0.03231569,-0.6861472,0.1791624,0.009638245,-0.3920204,4.38613,-0.260545,-2.105084,-0.6506113,0.2089604,1.992901,-0.8164932,-0.04242241,-0.5757948,0.1451736,0.95017,-0.2758651,0.5588059,-0.3088321,-0.7696487,static,-54.20089,17.01924,-18.08002,5.985726,-8.444846325757752,10.512628904958987
05/11/2023 10:30:38.610489,3750,True,True,True,True,Eyes,2.496094,0.1129693,-2.421881,0.7960095,-0.1774993,-0.5786733,0.0,0.0,0.0,0.0,0.0,0.0,0.0,0.6540433,-1.161263,-3.25713,2.481523,0.1099352,-2.493021,0.0265707,0.9424235,-0.1578187,0.2936415,18.24426,144.975,357.429,0.7258344,0.03233104,-0.6871083,0.1684127,0.009059951,-0.3684992,4.390291,-0.2602049,-2.135121,-0.6506121,0.2089603,1.992902,-0.8261375,-0.04260256,-0.561856,0.142766,0.9487745,-0.2818596,0.5450827,-0.3130686,-0.777736,static,-53.98406,17.0526,-18.08003,5.985723,-8.418955903264877,10.523460355251014
05/11/2023 10:30:38.620391,3751,True,True,True,True,Eyes,2.496621,0.1130249,-2.424556,0.7933164,-0.1787391,-0.5819806,0.0,0.0,0.0,0.0,0.0,0.0,0.0,0.7080182,-1.167557,-3.25152,2.482678,0.1101335,-2.502206,0.02534213,0.9445986,-0.1595455,0.2857214,18.41482,145.917,357.3846,0.7249885,0.03234461,-0.6880004,0.1583079,0.008516354,-0.3463893,4.394418,-0.2584751,-2.166648,-0.6506113,0.2089601,1.9929,-0.8354422,-0.04329485,-0.5478704,0.1390474,0.9478061,-0.2869313,0.5316976,-0.3158945,-0.7858171,static,-53.73605,17.07288,-18.08003,5.985722,-8.388752068620452,10.53065757720455
05/11/2023 10:30:38.640593,3752,True,True,True,True,Eyes,2.497195,0.11309,-2.427498,0.7903736,-0.1798964,-0.5856166,0.0,0.0,0.0,0.0,0.0,0.0,0.0,0.7621882,-1.164427,-3.248128,2.483966,0.1100762,-2.510967,0.02342155,0.9468763,-0.1601484,0.2779013,18.43927,146.8488,357.3019,0.7241948,0.03235631,-0.6888351,0.1488095,0.008005372,-0.3256059,4.397623,-0.2593542,-2.196626,-0.6506115,0.2089602,1.9929,-0.8444447,-0.04465629,-0.5337782,0.1333655,0.9476078,-0.2902638,0.5187745,-0.3162993,-0.7942468,moving,-53.46391,17.07651,-18.08003,5.985722,-8.35499454426034,10.533146620194989
05/11/2023 10:30:38.660128,3753,True,True,True,True,Eyes,2.49782,0.1131438,-2.430694,0.7871431,-0.1809639,-0.5896252,0.0,0.0,0.0,0.0,0.0,0.0,0.0,0.8112826,-1.158167,-3.24649,2.485352,0.1103117,-2.519937,0.02124893,0.948953,-0.1602925,0.2708193,18.40485,147.6888,357.1915,0.723446,0.03236639,-0.6896212,0.1398809,0.00752505,-0.3060696,4.398705,-0.2608684,-2.232001,-0.6461945,0.2089601,1.9929,-0.852411,-0.04649214,-0.5208016,0.1271491,0.9477096,-0.2927109,0.5071775,-0.3157294,-0.8019267,moving,-53.16422,17.06195,-17.96519,5.98572,-8.317206732700654,10.530498277480719
05/11/2023 10:30:38.680122,3754,True,True,True,True,Eyes,2.498497,0.1131693,-2.434138,0.7837242,-0.1819484,-0.5938613,0.0,0.0,0.0,0.0,0.0,0.0,0.0,0.8580767,-1.149928,-3.2455,2.486883,0.1100548,-2.528871,0.01952689,0.9509726,-0.1599437,0.2639851,18.33146,148.5102,357.1435,0.7227342,0.0323745,-0.6903666,0.131488,0.007073547,-0.2877054,4.39887,-0.2631633,-2.269667,-0.6417584,0.2089601,1.992901,-0.8598614,-0.04730644,-0.5083315,0.1215846,0.9480734,-0.2938946,0.4958386,-0.3145138,-0.8094601,moving,-52.84724,17.03412,-17.84971,5.985719,-8.27682833381072,10.524087293657935
05/11/2023 10:30:38.690509,3755,True,True,True,True,Eyes,2.499206,0.1131735,-2.437816,0.7796063,-0.1811458,-0.5995,0.0,0.0,0.0,0.0,0.0,0.0,0.0,0.8983365,-1.142708,-3.2455,2.488556,0.1094173,-2.537946,0.01846574,0.9527342,-0.1594049,0.2579665,18.25628,149.2428,357.1598,0.7220538,0.03237983,-0.6910781,0.1235988,0.006649134,-0.2704431,4.39851,-0.2653601,-2.308259,-0.6375455,0.2089602,1.9929,-0.8662248,-0.04705637,-0.4974341,0.1174281,0.9484982,-0.2942139,0.48566,-0.3132681,-0.8160869,moving,-52.44051,16.81279,-17.73991,5.985723,-8.218887103227164,10.461954290574612
05/11/2023 10:30:38.710372,3756,True,True,True,True,Eyes,2.49994,0.1131442,-2.441735,0.7753722,-0.1803869,-0.605193,0.0,0.0,0.0,0.0,0.0,0.0,0.0,0.9318775,-1.138838,-3.245625,2.489957,0.1084657,-2.54711,0.01835669,0.9542307,-0.1588885,0.2527081,18.21058,149.896,357.2683,0.7213984,0.03238188,-0.6917621,0.1161828,0.006250186,-0.2542165,4.397465,-0.268181,-2.347263,-0.633146,0.20896,1.9929,-0.8716034,-0.04527182,-0.4881171,0.1153379,0.948835,-0.2939548,0.4764504,-0.3125103,-0.8217862,moving,-52.02727,16.59748,-17.6251,5.985719,-8.160334282797026,10.401603906705061
05/11/2023 10:30:38.729936,3757,True,True,True,True,Eyes,2.50069,0.1130881,-2.445893,0.7709913,-0.1797854,-0.6109416,0.0,0.0,0.0,0.0,0.0,0.0,0.0,0.9609723,-1.137903,-3.245759,2.491109,0.1077199,-2.556562,0.0187811,0.9555368,-0.1584787,0.2479539,18.19054,150.4937,357.424,0.7207627,0.03237987,-0.6924245,0.1092119,0.005875175,-0.2389635,4.395968,-0.2712137,-2.386727,-0.6289941,0.2089602,1.992901,-0.8763322,-0.04269876,-0.479811,0.1144829,0.9490635,-0.2935507,0.4679054,-0.3121781,-0.8268067,moving,-51.60632,16.39788,-17.5166,5.985722,-8.101340499863543,10.345856586155538
05/11/2023 10:30:38.740479,3758,True,True,True,True,Eyes,2.501452,0.1130021,-2.450291,0.7664579,-0.1792773,-0.6167673,0.0,0.0,0.0,0.0,0.0,0.0,0.0,0.9921446,-1.141281,-3.243465,2.492025,0.1071256,-2.56618,0.01924999,0.9567825,-0.1587691,0.2428765,18.25011,151.1224,357.5688,0.7201421,0.03237327,-0.6930703,0.1026591,0.005522665,-0.2246257,4.393771,-0.2740369,-2.425903,-0.6245015,0.2089599,1.9929,-0.8812806,-0.04028646,-0.4708726,0.1139587,0.9488437,-0.2944642,0.4586474,-0.3131657,-0.8316066,moving,-51.17643,16.2077,-17.39907,5.985716,-8.041544912098587,10.292892106357723
05/11/2023 10:30:38.760610,3759,True,True,True,True,Eyes,2.502205,0.1128715,-2.454911,0.7616866,-0.1789427,-0.6227464,0.0,0.0,0.0,0.0,0.0,0.0,0.0,1.026188,-1.144571,-3.240111,2.492803,0.1063903,-2.57605,0.01957556,0.9580867,-0.1591738,0.2373828,18.31846,151.7979,357.7023,0.7195312,0.03236154,-0.693705,0.09649959,0.005191305,-0.2111481,4.391035,-0.2768278,-2.465705,-0.6201958,0.2089601,1.9929,-0.8865327,-0.03806005,-0.4610984,0.1130804,0.948561,-0.2957108,0.4486347,-0.3142984,-0.8366264,moving,-50.73095,16.03171,-17.28628,5.98572,-7.980277220819651,10.244130806451105
05/11/2023 10:30:38.779982,3760,True,True,True,True,Eyes,2.502937,0.1126874,-2.459748,0.7567637,-0.1787695,-0.6287689,0.0,0.0,0.0,0.0,0.0,0.0,0.0,1.06007,-1.149938,-3.23518,2.493121,0.1052857,-2.585682,0.02019202,0.9593232,-0.1598412,0.2318239,18.42365,152.4829,357.8636,0.7189253,0.03234378,-0.6943338,0.09070962,0.004879826,-0.1984793,4.387847,-0.2789112,-2.506266,-0.6159064,0.2089601,1.992901,-0.8917003,-0.03536866,-0.4512431,0.1128514,0.9480861,-0.2973167,0.4383331,-0.3160406,-0.8414173,moving,-50.27798,15.87134,-17.17377,5.985719,-7.918592981557508,10.19994527261932
05/11/2023 10:30:38.798417,3761,True,True,True,True,Eyes,2.520157,0.1071463,-2.585976,0.6108383,-0.1750211,-0.7721685,0.0,0.0,0.0,0.0,0.0,0.0,0.0,1.092508,-1.159933,-3.22848,2.493067,0.1039084,-2.595365,0.02152111,0.9604346,-0.1609035,0.2263018,18.59127,153.1715,358.0963,0.7183219,0.03231899,-0.6949592,0.08526704,0.004587037,-0.1865705,4.383905,-0.2813853,-2.546328,-0.611619,0.2089605,1.992902,-0.8966488,-0.03148622,-0.4416216,0.1141647,0.9472939,-0.2993339,0.4277703,-0.318815,-0.8457953,moving,-38.34641,12.77098,-17.06118,5.985725,-6.3309004872093055,9.362463876368249
05/11/2023 10:30:38.810260,3762,True,True,True,True,Eyes,2.520135,0.1071116,-2.586385,0.610391,-0.1751439,-0.7724942,0.0,0.0,0.0,0.0,0.0,0.0,0.0,1.126656,-1.169977,-3.220514,2.492483,0.1028431,-2.605159,0.02214776,0.9615034,-0.1623669,0.2205852,18.78414,153.8672,358.2422,0.7160081,0.03201877,-0.6973567,0.1318111,-0.01231156,-0.5540627,4.380262,-0.2828385,-2.583594,-0.6071578,0.2089601,1.9929,-0.9017034,-0.02904119,-0.431379,0.1142218,0.9462929,-0.3024618,0.4169947,-0.3220036,-0.8499584,moving,-38.31424,12.77443,-16.9439,5.98572,-6.327009733417511,9.36363542059332
05/11/2023 10:30:38.820107,3763,True,True,True,True,Eyes,2.520101,0.1070692,-2.587187,0.6092314,-0.1752844,-0.7733774,0.0,0.0,0.0,0.0,0.0,0.0,0.0,1.170418,-1.175551,-3.210199,2.491697,0.1019787,-2.614999,0.02131627,0.9627909,-0.1640395,0.2137066,18.9645,154.6762,358.2387,0.7140579,0.03176598,-0.699365,0.1239024,-0.01157286,-0.5208189,4.376882,-0.2832208,-2.618673,-0.6029617,0.20896,1.9929,-0.9077502,-0.02906644,-0.4185029,0.1111589,0.9452733,-0.3067606,0.4045161,-0.3249823,-0.8548411,moving,-38.22942,12.77022,-16.83345,5.98572,-6.316311864102038,9.362859982448626
05/11/2023 10:30:38.845113,3764,True,True,True,True,Eyes,2.520069,0.1070078,-2.588369,0.6076476,-0.1753931,-0.7745978,0.0,0.0,0.0,0.0,0.0,0.0,0.0,1.221306,-1.175257,-3.198852,2.491131,0.101688,-2.624766,0.01932412,0.9642675,-0.1654416,0.2060189,19.08813,155.5647,358.1262,0.712404,0.03155193,-0.7010594,0.1164683,-0.01087849,-0.4895698,4.373042,-0.2840611,-2.655132,-0.5986683,0.2089602,1.992901,-0.9143655,-0.03090095,-0.4037088,0.1054354,0.9445114,-0.3110976,0.3909207,-0.3270221,-0.8603706,moving,-38.11307,12.75841,-16.72029,5.985722,-6.301437988309034,9.360043633164686
05/11/2023 10:30:38.860393,3765,True,True,True,True,Eyes,2.520069,0.1070078,-2.588369,0.6076476,-0.1753931,-0.7745978,0.0,0.0,0.0,0.0,0.0,0.0,0.0,1.269596,-1.16695,-3.19097,2.490864,0.1011383,-2.634634,0.01746495,0.9658445,-0.1654304,0.1986762,19.05646,156.4269,358.06,0.7109066,0.0313582,-0.7025864,0.1094802,-0.01022578,-0.4601956,4.367855,-0.2880453,-2.691979,-0.5943293,0.2089602,1.992901,-0.9204458,-0.03199731,-0.3895592,0.09947103,0.9446555,-0.3126203,0.3780022,-0.3264998,-0.8663214,moving,-38.11307,12.75841,-16.6058,5.985723,-6.301437988309034,9.360043633164686
05/11/2023 10:30:38.870375,3766,True,True,True,True,Eyes,2.520069,0.1070078,-2.588369,0.6076476,-0.1753931,-0.7745978,0.0,0.0,0.0,0.0,0.0,0.0,0.0,1.310238,-1.155382,-3.186321,2.490312,0.1001845,-2.644348,0.01668633,0.9673795,-0.1641936,0.1921956,18.9104,157.215,358.1324,0.7095563,0.03118372,-0.7039579,0.1029114,-0.009612234,-0.4325839,4.362559,-0.2945432,-2.725301,-0.5898014,0.2089603,1.992901,-0.9255649,-0.03083056,-0.3773317,0.0953986,0.945524,-0.311261,0.3663725,-0.3240892,-0.8722028,moving,-38.11307,12.75841,-16.48618,5.985724,-6.301437988309034,9.360043633164686
05/11/2023 10:30:38.890149,3767,True,True,True,True,Eyes,2.519984,0.106806,-2.590759,0.6046394,-0.1751635,-0.777,0.0,0.0,0.0,0.0,0.0,0.0,0.0,1.34772,-1.141587,-3.183727,2.489727,0.09892261,-2.654648,0.01628807,0.9688994,-0.1623282,0.1860595,18.70045,157.9721,358.2551,0.708339,0.03102662,-0.7051899,0.09673668,-0.0090355,-0.4066289,4.357488,-0.3015179,-2.756012,-0.5855327,0.2089604,1.992902,-0.9302332,-0.02884239,-0.3658339,0.09196838,0.9467685,-0.3084982,0.3552579,-0.3206204,-0.8780629,moving,-37.88905,12.70414,-16.37327,5.985723,-6.271758560476197,9.34546396332991
05/11/2023 10:30:38.910509,3768,True,True,True,True,Eyes,2.519881,0.1065382,-2.593483,0.6013318,-0.1748649,-0.7796296,0.0,0.0,0.0,0.0,0.0,0.0,0.0,1.384221,-1.129871,-3.180125,2.488894,0.09777999,-2.664905,0.01591883,0.9703,-0.1607833,0.1800369,18.52679,158.7107,358.3681,0.7072077,0.03087822,-0.7063308,0.09093248,-0.008493369,-0.3822311,4.351974,-0.3058155,-2.789039,-0.5811101,0.2089603,1.992901,-0.9346665,-0.02700177,-0.3544987,0.08878594,0.9477907,-0.306284,0.3442607,-0.317748,-0.8834709,moving,-37.64316,12.64178,-16.25616,5.985722,-6.239089471145681,9.328650147577822
05/11/2023 10:30:38.920669,3769,True,True,True,True,Eyes,2.51975,0.1062052,-2.59652,0.597528,-0.1744975,-0.7826307,0.0,0.0,0.0,0.0,0.0,0.0,0.0,1.423666,-1.118454,-3.174795,2.488106,0.09599239,-2.675295,0.0153918,0.9716853,-0.1595364,0.1736056,18.38391,159.4913,358.4614,0.7061496,0.03073568,-0.707395,0.08547653,-0.007983767,-0.3592973,4.34565,-0.3080806,-2.825276,-0.5768749,0.2089602,1.992901,-0.9392484,-0.02548085,-0.3422911,0.08530479,0.9486225,-0.3046941,0.3324689,-0.3153825,-0.8888184,moving,-37.36124,12.56923,-16.14387,5.985721,-6.201598657868784,9.309066972865557
05/11/2023 10:30:38.940579,3770,True,True,True,True,Eyes,2.519593,0.1057919,-2.599866,0.5934691,-0.1742193,-0.7857748,0.0,0.0,0.0,0.0,0.0,0.0,0.0,1.459467,-1.112418,-3.168412,2.487146,0.09420313,-2.685438,0.01529551,0.9728383,-0.1589028,0.1676349,18.31866,160.2173,358.5806,0.7051532,0.03059651,-0.7083943,0.08034794,-0.007504741,-0.3377394,4.339046,-0.3077259,-2.863755,-0.5723313,0.2089604,1.992902,-0.9433292,-0.02351518,-0.3310243,0.08303542,0.9490319,-0.3040453,0.3213024,-0.3143015,-0.893297,moving,-37.06252,12.5012,-16.02327,5.985723,-6.162165764881362,9.290885048777076
05/11/2023 10:30:38.960264,3771,True,True,True,True,Eyes,2.519394,0.1053066,-2.603491,0.5890101,-0.1741059,-0.7891477,0.0,0.0,0.0,0.0,0.0,0.0,0.0,1.494983,-1.114752,-3.159033,2.48616,0.09195124,-2.695865,0.01580594,0.9737768,-0.1593629,0.1615933,18.38956,160.9533,358.7488,0.7042077,0.03045801,-0.70934,0.07552706,-0.007054457,-0.3174751,4.332488,-0.3093435,-2.898932,-0.5680372,0.2089604,1.992902,-0.9472757,-0.02072104,-0.3197494,0.08228687,0.9487072,-0.3052596,0.3096738,-0.3154761,-0.8969823,moving,-36.7372,12.44158,-15.90915,5.985724,-6.119699303341703,9.27528575777212
05/11/2023 10:30:38.980115,3772,True,True,True,True,Eyes,2.51916,0.1047904,-2.607391,0.5843124,-0.1741417,-0.7926245,0.0,0.0,0.0,0.0,0.0,0.0,0.0,1.529544,-1.123842,-3.146585,2.484803,0.08978309,-2.705775,0.01645603,0.9744822,-0.1608945,0.1556487,18.58435,161.6721,358.911,0.7033034,0.03031789,-0.7102427,0.07099544,-0.006631189,-0.2984266,4.326622,-0.3080917,-2.9333,-0.563778,0.2089602,1.992901,-0.9510053,-0.01801381,-0.3086492,0.08215824,0.9476843,-0.3084549,0.2980584,-0.3187003,-0.899773,moving,-36.39716,12.39117,-15.79585,5.985722,-6.0757045772842595,9.262438795083023
05/11/2023 10:30:38.998116,3773,True,True,True,True,Eyes,2.518888,0.1044268,-2.611578,0.5792759,-0.174254,-0.7962882,0.0,0.0,0.0,0.0,0.0,0.0,0.0,1.566552,-1.130255,-3.133724,2.483505,0.08851571,-2.715907,0.01582237,0.9751452,-0.1627053,0.1495615,18.78727,162.3822,358.922,0.7024323,0.03017543,-0.7111103,0.06673571,-0.006233318,-0.280521,4.320748,-0.3046505,-2.967685,-0.5596005,0.2089604,1.992901,-0.9547622,-0.01781069,-0.2968372,0.07952711,0.9465533,-0.3125897,0.2865396,-0.3220554,-0.9023169,moving,-36.03477,12.34361,-15.68458,5.985724,-6.029021727328106,9.250537352649888
05/11/2023 10:30:39.010575,3774,True,True,True,True,Eyes,2.518552,0.1042082,-2.616028,0.574093,-0.1744937,-0.7999808,0.0,0.0,0.0,0.0,0.0,0.0,0.0,1.597555,-1.136641,-3.124113,2.4822,0.09184559,-2.726622,0.01547152,0.9758162,-0.1634681,0.144297,18.8744,163.006,358.9717,0.7015865,0.03003492,-0.7119506,0.06273157,-0.005859319,-0.2636897,4.313972,-0.2998287,-3.005502,-0.5548688,0.2089604,1.992901,-0.9578782,-0.01698122,-0.286673,0.07737066,0.9460776,-0.3145647,0.2765566,-0.3234947,-0.9049132,moving,-35.66449,12.30476,-15.55841,5.985725,-5.9816443344521915,9.241207020575297
05/11/2023 10:30:39.020247,3775,True,True,True,True,Eyes,2.518158,0.1040196,-2.620764,0.5683975,-0.174605,-0.8040133,0.0,0.0,0.0,0.0,0.0,0.0,0.0,1.624954,-1.1493,-3.11296,2.480189,0.09514943,-2.737058,0.01574414,0.9762899,-0.1648754,0.1393783,19.04564,163.5956,359.0775,0.7007597,0.02990016,-0.71277,0.05896768,-0.00550776,-0.2478683,4.307799,-0.2925638,-3.042056,-0.5508251,0.2089601,1.9929,-0.9606518,-0.01521842,-0.2773388,0.0767018,0.9451364,-0.3175437,0.2669556,-0.3263212,-0.9067798,moving,-35.25842,12.25249,-15.45047,5.98572,-5.929368424215766,9.228168025093323
05/11/2023 10:30:39.041016,3776,True,True,True,True,Eyes,2.517699,0.1039442,-2.62573,0.562293,-0.1745563,-0.8083048,0.0,0.0,0.0,0.0,0.0,0.0,0.0,1.675532,-1.13158,-3.100812,2.478191,0.09558865,-2.748154,0.01278746,0.9775652,-0.1640688,0.1314692,18.91338,164.4979,358.9013,0.6999446,0.02977117,-0.7135759,0.05542962,-0.005177294,-0.2329962,4.302046,-0.2865453,-3.076357,-0.5462582,0.2089601,1.992901,-0.9651048,-0.01813885,-0.2612355,0.06814115,0.9458358,-0.3174137,0.2528434,-0.3241383,-0.9115946,moving,-34.8242,12.18609,-15.32841,5.985719,-5.873121616041791,9.211173890521398
05/11/2023 10:30:39.060417,3777,True,True,True,True,Eyes,2.504832,0.1033998,-2.75552,0.3837982,-0.1664425,-0.9082929,0.0,0.0,0.0,0.0,0.0,0.0,0.0,1.736879,-1.106446,-3.083106,2.475932,0.09810448,-2.758015,0.008764848,0.9790577,-0.1626914,0.1220688,18.70577,165.5613,358.6354,0.6991363,0.02965045,-0.7143728,0.05210384,-0.004866657,-0.2190165,4.29599,-0.2768456,-3.112526,-0.542075,0.2089599,1.9929,-0.9700448,-0.0225565,-0.2418767,0.05688167,0.9469094,-0.3164287,0.2361728,-0.3207083,-0.9172614,moving,-22.90644,10.3841,-15.21649,5.985715,-4.330026575380117,8.750685248838439
05/11/2023 10:30:39.070042,3778,True,True,True,True,Eyes,2.504755,0.1034596,-2.755948,0.3831134,-0.1662572,-0.9086158,0.0,0.0,0.0,0.0,0.0,0.0,0.0,1.79537,-1.088984,-3.063091,2.473883,0.09937212,-2.767993,0.006948696,0.9804279,-0.161304,0.1126678,18.53354,166.6649,358.6268,0.695995,0.02942982,-0.7174429,0.01037597,-0.006207832,-0.5952449,4.288285,-0.267616,-3.150726,-0.5374429,0.2089601,1.9929,-0.9745154,-0.02272216,-0.2231671,0.04997294,0.9478655,-0.3147281,0.2186837,-0.3178596,-0.922574,moving,-22.86248,10.36919,-15.09242,5.985721,-4.3240618070408345,8.74658694344299
05/11/2023 10:30:39.090203,3779,True,True,True,True,Eyes,2.504587,0.1035952,-2.756772,0.3816046,-0.16605,-0.9092883,0.0,0.0,0.0,0.0,0.0,0.0,0.0,1.85085,-1.070026,-3.044178,2.47172,0.1009745,-2.778132,0.006403993,0.9818802,-0.1586675,0.1034163,18.23466,167.779,358.7788,0.6933663,0.02924621,-0.7199911,0.009753414,-0.005835362,-0.5595303,4.280221,-0.2567725,-3.190427,-0.5335839,0.2089602,1.992901,-0.9785283,-0.0202417,-0.205117,0.04539352,0.9495673,-0.3102604,0.2010526,-0.3129095,-0.9282596,moving,-22.76653,10.34906,-14.98894,5.985721,-4.3114526637446815,8.741246787430077
05/11/2023 10:30:39.110513,3780,True,True,True,True,Eyes,2.504332,0.1037824,-2.757965,0.3794772,-0.1658433,-0.910216,0.0,0.0,0.0,0.0,0.0,0.0,0.0,1.904754,-1.063755,-3.019956,2.469203,0.1030487,-2.787868,0.006577377,0.9829695,-0.1576453,0.09421119,18.12918,168.8893,358.9887,0.6911556,0.02909531,-0.7221196,0.00916821,-0.00548524,-0.5259584,4.27127,-0.2536905,-3.226202,-0.5292035,0.2089605,1.992902,-0.9821623,-0.01677318,-0.1872873,0.04263463,0.9502093,-0.3086818,0.1831397,-0.3111604,-0.9325447,moving,-22.63169,10.32614,-14.87136,5.985725,-4.293910151780854,8.735301419422935
05/11/2023 10:30:39.120408,3781,True,True,True,True,Eyes,2.503986,0.1040153,-2.759513,0.3766387,-0.1658143,-0.9113994,0.0,0.0,0.0,0.0,0.0,0.0,0.0,1.958939,-1.057254,-2.994179,2.466646,0.1045315,-2.797332,0.005916447,0.9838585,-0.1573268,0.08506221,18.09426,169.9721,359.0884,0.6892598,0.02897145,-0.7239344,0.008618117,-0.005156126,-0.4944009,4.26126,-0.2584603,-3.260254,-0.5248491,0.2089604,1.992902,-0.9854587,-0.01512324,-0.16924,0.03840703,0.9504266,-0.3085681,0.1655167,-0.3105812,-0.9360254,moving,-22.45302,10.31126,-14.75435,5.985724,-4.271176972007234,8.731922075013376
05/11/2023 10:30:39.140583,3782,True,True,True,True,Eyes,2.503551,0.1042846,-2.761376,0.3732595,-0.1658058,-0.9127901,0.0,0.0,0.0,0.0,0.0,0.0,0.0,2.014977,-1.04914,-2.966406,2.463978,0.1058546,-2.806777,0.004338903,0.9846017,-0.1575088,0.07570795,18.10888,171.0591,359.0773,0.6875241,0.02886539,-0.7255872,0.00810103,-0.004846758,-0.4647368,4.250062,-0.2602874,-3.295761,-0.5201294,0.2089603,1.992901,-0.988499,-0.01530514,-0.1504512,0.03239351,0.9503443,-0.3095098,0.1477175,-0.3108237,-0.9389187,moving,-22.24071,10.29537,-14.62739,5.985723,-4.2442227549119735,8.728426776308133
05/11/2023 10:30:39.160591,3783,True,True,True,True,Eyes,2.503025,0.1045474,-2.763547,0.3693075,-0.1659477,-0.9143704,0.0,0.0,0.0,0.0,0.0,0.0,0.0,2.067003,-1.041404,-2.939346,2.461217,0.1069911,-2.815624,0.002875117,0.9852127,-0.157703,0.06691307,18.12714,172.0807,359.0692,0.6859277,0.02877622,-0.7271,0.007614968,-0.004555953,-0.4368526,4.237584,-0.2572355,-3.333994,-0.515911,0.2089602,1.9929,-0.9910287,-0.01543957,-0.132754,0.02676998,0.950243,-0.3103572,0.1309404,-0.3111266,-0.9413047,moving,-21.99343,10.28656,-14.51379,5.985722,-4.213149105200489,8.727171989515
05/11/2023 10:30:39.179947,3784,True,True,True,True,Eyes,2.502416,0.1048459,-2.766017,0.3648723,-0.1659753,-0.9161443,0.0,0.0,0.0,0.0,0.0,0.0,0.0,2.117713,-1.029495,-2.913564,2.458396,0.1070815,-2.824579,0.001171045,0.9857909,-0.1575332,0.05829614,18.10299,173.0771,359.032,0.6844519,0.02870197,-0.7284924,0.00715807,-0.004282596,-0.4106415,4.221682,-0.2646828,-3.37378,-0.5116484,0.2089604,1.992901,-0.9932005,-0.01605834,-0.1153046,0.02067596,0.9503639,-0.310453,0.1145666,-0.310726,-0.9435699,moving,-21.71589,10.26874,-14.39887,5.985724,-4.178010980360705,8.723460111055848
05/11/2023 10:30:39.190158,3785,True,True,True,True,Eyes,2.501722,0.105193,-2.768776,0.3600387,-0.1660376,-0.9180433,0.0,0.0,0.0,0.0,0.0,0.0,0.0,2.167389,-1.012714,-2.889404,2.455662,0.1082633,-2.833694,-0.0001377413,0.986503,-0.1560134,0.0497172,17.9268,174.0798,359.0494,0.68308,0.028642,-0.7297812,0.006728586,-0.00402564,-0.386003,4.20731,-0.2644854,-3.412488,-0.507507,0.2089601,1.9929,-0.9950566,-0.01578487,-0.09804934,0.01524134,0.9513196,-0.3078292,0.0981353,-0.3078018,-0.9463763,moving,-21.41415,10.25172,-14.28712,5.98572,-4.139886733302578,8.720108156970433
05/11/2023 10:30:39.210432,3786,True,True,True,True,Eyes,2.500943,0.1055149,-2.771825,0.3547747,-0.1660059,-0.9200962,0.0,0.0,0.0,0.0,0.0,0.0,0.0,2.211256,-1.002803,-2.866198,2.452794,0.1098871,-2.842901,-0.0001544694,0.9871066,-0.154512,0.04179214,17.75977,175.0271,359.2047,0.6817967,0.02859607,-0.7309821,0.006324871,-0.003784101,-0.3628428,4.19064,-0.264159,-3.451552,-0.5025358,0.2089602,1.992902,-0.9965067,-0.01321973,-0.08245886,0.01260982,0.9522521,-0.3050524,0.08255432,-0.3050266,-0.9487588,moving,-21.08586,10.22741,-14.15282,5.98572,-4.098216653760543,8.714779063579794
05/11/2023 10:30:39.230123,3787,True,True,True,True,Eyes,2.500074,0.1058005,-2.77513,0.349158,-0.1660305,-0.9222378,0.0,0.0,0.0,0.0,0.0,0.0,0.0,2.256022,-0.993001,-2.841529,2.449856,0.1097488,-2.852391,0.0004498323,0.9876818,-0.1528394,0.03353583,17.57437,176.0237,359.4373,0.6805884,0.02856199,-0.7321085,0.005945379,-0.003557055,-0.3410722,4.175655,-0.2599197,-3.489872,-0.4987906,0.2089601,1.992901,-0.9977503,-0.00936261,-0.06638296,0.01113977,0.9532799,-0.3018832,0.06610795,-0.3019435,-0.951031,moving,-20.7366,10.20564,-14.05154,5.985718,-4.054020002239919,8.71029818597974
05/11/2023 10:30:39.240492,3788,True,True,True,True,Eyes,2.4991,0.1061044,-2.778674,0.3432186,-0.1659949,-0.924471,0.0,0.0,0.0,0.0,0.0,0.0,0.0,2.298811,-0.9835037,-2.816762,2.446743,0.1094539,-2.861368,0.001004634,0.9881616,-0.1512707,0.02555109,17.39822,176.9849,359.6551,0.6794432,0.0285375,-0.7331724,0.005588656,-0.003343632,-0.3206079,4.160877,-0.2542952,-3.525182,-0.4945499,0.2089602,1.992901,-0.9986923,-0.005744783,-0.05080117,0.009715745,0.9542323,-0.2989085,0.05019328,-0.2990111,-0.9529287,moving,-20.36792,10.17937,-13.93675,5.985721,-4.007257236742618,8.704612833328419
05/11/2023 10:30:39.260113,3789,True,True,True,True,Eyes,2.498024,0.1064332,-2.782479,0.3369079,-0.1661256,-0.926766,0.0,0.0,0.0,0.0,0.0,0.0,0.0,2.336324,-0.9773059,-2.793891,2.443166,0.1103055,-2.870215,0.001374581,0.9884918,-0.1501478,0.01838192,17.27092,177.8438,359.8318,0.6783501,0.02852205,-0.7341846,0.005253337,-0.003143014,-0.3013714,4.148296,-0.2420311,-3.559911,-0.4902599,0.20896,1.9929,-0.9993206,-0.002802486,-0.03675353,0.008237531,0.9549075,-0.2967892,0.03592797,-0.2968902,-0.9542356,moving,-19.97776,10.16251,-13.82051,5.985717,-3.9581312916762856,8.701773533509071
05/11/2023 10:30:39.280122,3790,True,True,True,True,Eyes,2.496854,0.1067726,-2.786512,0.3301789,-0.1663361,-0.9291471,0.0,0.0,0.0,0.0,0.0,0.0,0.0,2.381957,-0.9721846,-2.763536,2.439511,0.1111446,-2.879657,0.0004588247,0.9885679,-0.150444,0.009994091,17.30495,178.8224,359.874,0.6772993,0.0285153,-0.7351543,0.004938137,-0.002954433,-0.2832891,4.131334,-0.2375198,-3.597184,-0.4859213,0.2089602,1.992902,-0.9997998,-0.002099942,-0.01989773,0.00391426,0.9547328,-0.297439,0.01962162,-0.2974573,-0.9545335,moving,-19.56303,10.14959,-13.70283,5.985719,-3.906076862503585,8.700208010614684
05/11/2023 10:30:39.290753,3791,True,True,True,True,Eyes,2.495587,0.1071077,-2.790756,0.3229002,-0.1668513,-0.9316095,0.0,0.0,0.0,0.0,0.0,0.0,0.0,2.430656,-0.9659123,-2.729377,2.435988,0.1116971,-2.888607,-0.001320443,0.9884649,-0.1514401,0.001191687,17.42056,179.8345,359.8216,0.676282,0.02851658,-0.7360902,0.004641849,-0.002777167,-0.2662918,4.111193,-0.2373203,-3.636798,-0.4805843,0.2089601,1.992901,-0.9999939,-0.002971362,-0.001955946,-0.002249485,0.9541283,-0.2993895,0.002755817,-0.2993833,-0.9541291,moving,-19.11656,10.15402,-13.55792,5.98572,-3.850644251863822,8.703848527341375
05/11/2023 10:30:39.310236,3792,True,True,True,True,Eyes,2.494226,0.1074387,-2.795193,0.315171,-0.1676002,-0.9341186,0.0,0.0,0.0,0.0,0.0,0.0,0.0,2.481218,-0.9649711,-2.689808,2.432316,0.1118851,-2.897239,-0.003383657,0.9880573,-0.1538422,-0.007995985,17.70186,180.8877,359.7458,0.6752906,0.02852489,-0.7369995,0.004363338,-0.002610537,-0.2503143,4.089442,-0.2413326,-3.675858,-0.4771104,0.2089601,1.9929,-0.9998492,-0.004226255,0.01684208,-0.009146734,0.9526423,-0.3039557,-0.01475988,-0.3040639,-0.9525374,moving,-18.64436,10.17182,-13.4635,5.985721,-3.792450177440533,8.711507546413722
05/11/2023 10:30:39.320064,3793,True,True,True,True,Eyes,2.457897,0.1155338,-2.910423,0.1002471,-0.1913681,-0.9763856,0.0,0.0,0.0,0.0,0.0,0.0,0.0,2.534762,-0.9644605,-2.645451,2.428626,0.1120174,-2.905657,-0.005986243,0.9874241,-0.156984,-0.01771842,18.07319,181.996,359.6228,0.6743191,0.02853936,-0.7378879,0.004101537,-0.002453905,-0.2352954,4.067853,-0.2522467,-3.70985,-0.4728682,0.2089602,1.992901,-0.9993006,-0.006258906,0.03687068,-0.01738494,0.9506404,-0.3098074,-0.0331117,-0.3102316,-0.9500844,moving,-5.862108,11.0892,-13.34809,5.985721,-2.231545119655511,9.045321547513876
05/11/2023 10:30:39.340603,3794,True,True,True,True,Eyes,2.45775,0.1155197,-2.910766,0.09941459,-0.1916485,-0.9764156,0.0,0.0,0.0,0.0,0.0,0.0,0.0,2.5892,-0.9693328,-2.595911,2.424909,0.1121375,-2.913683,-0.007881791,0.9865835,-0.1606679,-0.02787183,18.50962,183.1715,359.6015,0.6709577,0.02873488,-0.7409381,-0.1051302,0.02197856,-0.5668665,4.046828,-0.2636793,-3.742978,-0.4686099,0.2089599,1.9929,-0.9983224,-0.00659587,0.05752848,-0.02450831,0.9482474,-0.3165853,-0.05246308,-0.317464,-0.9468182,moving,-5.813585,11.10471,-13.23213,5.985716,-2.2260169374715884,9.050081711454819
05/11/2023 10:30:39.360246,3795,True,True,True,True,Eyes,2.457463,0.1155182,-2.911433,0.0976456,-0.1921426,-0.9764971,0.0,0.0,0.0,0.0,0.0,0.0,0.0,2.644153,-0.9745147,-2.543369,2.421167,0.1117906,-2.92154,-0.009111029,0.9856625,-0.1640476,-0.03840713,18.9105,184.4088,359.6754,0.6681457,0.02890198,-0.7434683,-0.09882241,0.02065985,-0.5328545,4.023504,-0.2779855,-3.776409,-0.4641188,0.2089603,1.992901,-0.996884,-0.005359607,0.07870221,-0.03056199,0.9460108,-0.3226912,-0.07272364,-0.3240909,-0.9432268,moving,-5.710354,11.13172,-13.10971,5.985723,-2.214058202951475,9.05847008686305
05/11/2023 10:30:39.370227,3796,True,True,True,True,Eyes,2.457037,0.1155411,-2.912414,0.0951746,-0.1927951,-0.9766124,0.0,0.0,0.0,0.0,0.0,0.0,0.0,2.696578,-0.9794291,-2.491305,2.41749,0.1121724,-2.92926,-0.009768872,0.9847425,-0.1667692,-0.04873385,19.23246,185.6357,359.8188,0.6657811,0.0290454,-0.745581,-0.09289306,0.01942026,-0.5008832,3.999443,-0.2879326,-3.810685,-0.4595798,0.2089602,1.992901,-0.9950594,-0.002985033,0.09923889,-0.03549426,0.9441852,-0.3274973,-0.0927223,-0.3294016,-0.9396263,moving,-5.566115,11.16729,-12.98587,5.98572,-2.197277270731804,9.069560622658816
05/11/2023 10:30:39.390064,3797,True,True,True,True,Eyes,2.45647,0.1155813,-2.913694,0.09196912,-0.19341,-0.9767979,0.0,0.0,0.0,0.0,0.0,0.0,0.0,2.744057,-0.9847149,-2.442553,2.413696,0.1128887,-2.937159,-0.009608793,0.9838923,-0.1686601,-0.05845907,19.45159,186.809,0.04930345,0.6636794,0.02917276,-0.7474477,-0.08731948,0.01825505,-0.4708302,3.974001,-0.2963157,-3.845914,-0.4555542,0.2089604,1.992902,-0.9929807,0.0008113928,0.1182761,-0.03862746,0.9429228,-0.3307634,-0.1117936,-0.3330103,-0.9362729,moving,-5.378752,11.19993,-12.87592,5.985723,-2.1750312760182866,9.080027611873405
05/11/2023 10:30:39.410447,3798,True,True,True,True,Eyes,2.455763,0.1156378,-2.915268,0.08816135,-0.1940297,-0.9770262,0.0,0.0,0.0,0.0,0.0,0.0,0.0,2.787343,-0.9862827,-2.398034,2.409709,0.1134816,-2.944999,-0.009349655,0.9831342,-0.1696923,-0.06756121,19.56791,187.9101,0.2763902,0.6617584,0.02928778,-0.7491444,-0.08208031,0.01715974,-0.4425804,3.948209,-0.3018295,-3.881083,-0.4510838,0.2089604,1.992901,-0.9906964,0.004545299,0.1360166,-0.04131316,0.9422342,-0.3323972,-0.1296703,-0.3349238,-0.9332803,moving,-5.156085,11.23235,-12.75373,5.985724,-2.148383190132635,9.090616847620922
05/11/2023 10:30:39.420122,3799,True,True,True,True,Eyes,2.454914,0.1157067,-2.917119,0.0837485,-0.1944922,-0.9773224,0.0,0.0,0.0,0.0,0.0,0.0,0.0,2.83089,-0.9802979,-2.354924,2.405635,0.1140695,-2.953047,-0.009560815,0.9824466,-0.1697614,-0.07673859,19.57438,189.0088,0.4420039,0.6599954,0.02939204,-0.750694,-0.07715549,0.01613016,-0.4160256,3.922992,-0.3023126,-3.915987,-0.4467926,0.20896,1.992901,-0.9880399,0.00726852,0.1540292,-0.04484047,0.9421793,-0.3320956,-0.147537,-0.3350303,-0.9305848,moving,-4.897813,11.25512,-12.63632,5.985717,-2.1169841198652177,9.098591307495514
05/11/2023 10:30:39.446219,3800,True,True,True,True,Eyes,2.453926,0.1157603,-2.91923,0.07883193,-0.19492,-0.977646,0.0,0.0,0.0,0.0,0.0,0.0,0.0,2.872415,-0.9719239,-2.313354,2.401399,0.11455,-2.96094,-0.009650393,0.9817942,-0.1692471,-0.08569031,19.51085,190.0813,0.6112944,0.658369,0.02948688,-0.7521171,-0.07252616,0.01516235,-0.3910641,3.899866,-0.3002993,-3.948807,-0.4424999,0.20896,1.9929,-0.9851283,0.01005627,0.1715271,-0.04795506,0.9425246,-0.3306777,-0.1649939,-0.3339854,-0.9280253,moving,-4.610038,11.2756,-12.51876,5.985717,-2.081836735926936,9.10605627039566
05/11/2023 10:30:39.460447,3801,True,True,True,True,Eyes,2.452789,0.1157924,-2.921593,0.07345293,-0.1951865,-0.9780117,0.0,0.0,0.0,0.0,0.0,0.0,0.0,2.910786,-0.9646292,-2.273602,2.397075,0.1142967,-2.968741,-0.009452915,0.9811087,-0.1687115,-0.09419594,19.4406,191.106,0.8041952,0.6568608,0.02957277,-0.7534313,-0.06817459,0.01425261,-0.3676002,3.877051,-0.297911,-3.980817,-0.4379823,0.2089602,1.992902,-0.9820755,0.01323519,0.1880225,-0.05033254,0.9428942,-0.3292677,-0.1816433,-0.3328294,-0.9253271,moving,-4.295098,11.2865,-12.39491,5.98572,-2.042991334481073,9.110882287164774
05/11/2023 10:30:39.480214,3802,True,True,True,True,Eyes,2.451504,0.1158132,-2.924193,0.06767671,-0.1954418,-0.9783775,0.0,0.0,0.0,0.0,0.0,0.0,0.0,2.946484,-0.9590569,-2.235014,2.392397,0.1139316,-2.976625,-0.009108542,0.9803639,-0.1683079,-0.1023542,19.38234,192.0928,1.00798,0.6554538,0.02965,-0.7546527,-0.06408412,0.01339745,-0.3455442,3.856654,-0.296288,-4.010065,-0.4337069,0.2089605,1.992903,-0.9788816,0.01659465,0.2037547,-0.05231338,0.943179,-0.3281412,-0.1976226,-0.3318704,-0.9223925,moving,-3.956983,11.29677,-12.2776,5.985724,-2.0012401827959803,9.115647531233874
05/11/2023 10:30:39.490051,3803,True,True,True,True,Eyes,2.450063,0.1158343,-2.927035,0.06145327,-0.195551,-0.9787663,0.0,0.0,0.0,0.0,0.0,0.0,0.0,2.979336,-0.9539149,-2.198592,2.387585,0.1137813,-2.984408,-0.008938303,0.9795831,-0.1680401,-0.1099991,19.34071,193.0154,1.181558,0.654133,0.02971906,-0.7557951,-0.06023907,0.0125936,-0.3248116,3.837761,-0.2966321,-4.036721,-0.4293064,0.2089603,1.992901,-0.9756406,0.01945691,0.2185105,-0.05448015,0.9433653,-0.3272521,-0.2125026,-0.3311849,-0.9193255,moving,-3.592683,11.29855,-12.15676,5.985724,-1.9559490060566476,9.118085214076736
05/11/2023 10:30:39.510626,3804,True,True,True,True,Eyes,2.448485,0.1158527,-2.930101,0.05476804,-0.1956575,-0.9791418,0.0,0.0,0.0,0.0,0.0,0.0,0.0,3.015745,-0.940746,-2.15966,2.382446,0.1138004,-2.992465,-0.01052298,0.9786094,-0.168098,-0.1181367,19.35928,193.9648,1.161307,0.6528847,0.02978072,-0.7568714,-0.05662473,0.01183799,-0.3053229,3.820017,-0.297954,-4.061696,-0.425063,0.2089601,1.992901,-0.9718661,0.0191213,0.2347571,-0.06031284,0.9432647,-0.3265181,-0.2276815,-0.3314907,-0.9155737,moving,-3.201488,11.30032,-12.04012,5.98572,-1.9073094694395463,9.120661794679599
05/11/2023 10:30:39.520337,3805,True,True,True,True,Eyes,2.446771,0.1158441,-2.933383,0.0476197,-0.1956398,-0.979519,0.0,0.0,0.0,0.0,0.0,0.0,0.0,3.056946,-0.9184027,-2.116538,2.377663,0.1136721,-3.000319,-0.01330328,0.9774948,-0.1678605,-0.127083,19.36268,194.9874,1.011625,0.6516966,0.02983559,-0.7578924,-0.05322725,0.01112771,-0.2870035,3.800695,-0.3017606,-4.086891,-0.4207721,0.2089601,1.9929,-0.967346,0.01665666,0.2529121,-0.0686722,0.9432918,-0.3247842,-0.2439798,-0.3315467,-0.9113456,moving,-2.783265,11.29508,-11.92208,5.985722,-1.855073843332968,9.121345072276945
05/11/2023 10:30:39.545272,3806,True,True,True,True,Eyes,2.444919,0.1158113,-2.936862,0.04011745,-0.1956407,-0.9798547,0.0,0.0,0.0,0.0,0.0,0.0,0.0,3.0954,-0.9018283,-2.072935,2.372781,0.1129967,-3.008155,-0.01509794,0.9762989,-0.1678171,-0.1358312,19.3769,196.0083,0.9784687,0.6505579,0.0298836,-0.7588681,-0.05003361,0.01046005,-0.2697833,3.779593,-0.3059186,-4.113192,-0.4163153,0.2089602,1.992901,-0.9626439,0.01610938,0.2702909,-0.07506976,0.9432189,-0.3235777,-0.2601562,-0.3317808,-0.9067746,moving,-2.344509,11.29137,-11.79936,5.985722,-1.8003326903102068,9.122580942897692
05/11/2023 10:30:39.565293,3807,True,True,True,True,Eyes,2.442925,0.1157584,-2.940542,0.03214758,-0.1955819,-0.9801604,0.0,0.0,0.0,0.0,0.0,0.0,0.0,3.128736,-0.890695,-2.03263,2.367686,0.1124118,-3.015846,-0.01600782,0.9751493,-0.1677592,-0.1438214,19.37715,196.9564,1.034678,0.6494594,0.02992476,-0.7598069,-0.04703159,0.009832444,-0.2535963,3.75763,-0.3118682,-4.138762,-0.4119921,0.2089605,1.992902,-0.9581186,0.01703468,0.2858656,-0.07947475,0.9432012,-0.3225759,-0.2751238,-0.331785,-0.9023448,moving,-1.87853,11.28463,-11.6802,5.985725,-1.7421026115905973,9.123080388629324
05/11/2023 10:30:39.580824,3808,True,True,True,True,Eyes,2.44079,0.1157109,-2.944408,0.02380273,-0.1954934,-0.9804161,0.0,0.0,0.0,0.0,0.0,0.0,0.0,3.163132,-0.8767623,-1.990129,2.362375,0.1118224,-3.023474,-0.01721103,0.973898,-0.1675588,-0.152154,19.36638,197.9403,1.060802,0.6483923,0.02995917,-0.7607164,-0.0442097,0.009242497,-0.2383805,3.734794,-0.3206816,-4.163548,-0.407481,0.2089603,1.992902,-0.9531063,0.01746589,0.3021326,-0.08451304,0.9432557,-0.3211328,-0.2905972,-0.3316077,-0.8975468,moving,-1.390765,11.27678,-11.55577,5.985721,-1.681123840715384,9.12337233926663
05/11/2023 10:30:39.590610,3809,True,True,True,True,Eyes,2.438504,0.1156509,-2.948447,0.01304755,-0.196223,-0.9804724,0.0,0.0,0.0,0.0,0.0,0.0,0.0,3.199473,-0.8562489,-1.946318,2.356968,0.1119498,-3.031519,-0.01901686,0.9726102,-0.1666545,-0.1609166,19.28698,198.9604,1.010324,0.6473492,0.0299876,-0.7616031,-0.04155711,0.008687948,-0.2240777,3.710948,-0.3294311,-4.188311,-0.4032021,0.2089603,1.992901,-0.9474886,0.01664296,0.3193567,-0.09062693,0.9437293,-0.3180594,-0.3066797,-0.3303,-0.8926645,moving,-0.7624136,11.31715,-11.43764,5.985724,-1.6042365950648962,9.1384093119607
05/11/2023 10:30:39.610091,3810,True,True,True,True,Eyes,2.378253,0.1125429,-3.054061,-0.2629007,-0.2039967,-0.9430104,0.0,0.0,0.0,0.0,0.0,0.0,0.0,3.235696,-0.83672,-1.900105,2.351722,0.1116643,-3.03927,-0.02083544,0.9711518,-0.1661254,-0.1698013,19.25309,199.9995,0.9679242,0.6463226,0.03001033,-0.7624736,-0.03906369,0.008166671,-0.210633,3.683395,-0.336553,-4.215677,-0.3991287,0.2089604,1.992901,-0.9414668,0.01594787,0.3367283,-0.09688535,0.9439365,-0.3155901,-0.3228831,-0.3297417,-0.8871397,moving,15.57787,12.20642,-11.32509,5.985724,0.40051908644065204,9.482819218898845
05/11/2023 10:30:39.630376,3811,True,True,True,True,Eyes,2.378045,0.1125275,-3.054391,-0.2635471,-0.2039479,-0.9428405,0.0,0.0,0.0,0.0,0.0,0.0,0.0,3.271853,-0.8081492,-1.856406,2.346456,0.1099517,-3.047363,-0.0230262,0.9697884,-0.1644596,-0.178699,19.09962,201.0251,0.8559647,0.6427609,0.02990832,-0.7654824,-0.2174714,-0.001647314,-0.5148362,3.653215,-0.3404698,-4.245025,-0.3947933,0.2089602,1.992901,-0.9350729,0.01411648,0.3541743,-0.1034386,0.9448457,-0.3107526,-0.3390267,-0.3272116,-0.8820394,moving,15.61699,12.20572,-11.20521,5.985722,0.40541206502932114,9.482822186016424
05/11/2023 10:30:39.645170,3812,True,True,True,True,Eyes,2.37762,0.1124682,-3.055058,-0.2647786,-0.2038579,-0.9425149,0.0,0.0,0.0,0.0,0.0,0.0,0.0,3.304749,-0.7870328,-1.812644,2.341183,0.1094556,-3.055053,-0.02472861,0.968323,-0.1634715,-0.1871263,19.01654,202.0098,0.8053868,0.6397745,0.02982126,-0.7679836,-0.2044231,-0.001548475,-0.483946,3.62432,-0.3396558,-4.274364,-0.3904092,0.2089604,1.992901,-0.9287443,0.01328907,0.3704823,-0.1090702,0.9453312,-0.3073316,-0.3543126,-0.3258411,-0.8765216,moving,15.69153,12.20459,-11.08387,5.985725,0.4147285102664624,9.48288702420844
05/11/2023 10:30:39.660300,3813,True,True,True,True,Eyes,2.376986,0.1123865,-3.056045,-0.2666253,-0.2037232,-0.9420233,0.0,0.0,0.0,0.0,0.0,0.0,0.0,3.333778,-0.7688551,-1.773904,2.335892,0.1084657,-3.063298,-0.02610053,0.9669316,-0.1626008,-0.1947385,18.94214,202.9038,0.7786937,0.6372201,0.0297446,-0.7701073,-0.1921577,-0.001455567,-0.4549093,3.597558,-0.3362191,-4.301994,-0.3858906,0.2089602,1.992902,-0.9227914,0.01285438,0.3850854,-0.1138041,0.9457595,-0.3042821,-0.3681096,-0.3246132,-0.8712759,moving,15.80336,12.20294,-10.95871,5.985718,0.4287041817136539,9.48299745560069
05/11/2023 10:30:39.670075,3814,True,True,True,True,Eyes,2.376153,0.1122614,-3.057334,-0.2690343,-0.2036097,-0.9413627,0.0,0.0,0.0,0.0,0.0,0.0,0.0,3.363988,-0.7504752,-1.731006,2.330402,0.1078427,-3.071417,-0.02760899,0.9653408,-0.1619132,-0.2028279,18.89305,203.8564,0.7495439,0.6348931,0.02967295,-0.7720296,-0.1806283,-0.001368233,-0.4276147,3.571873,-0.3312004,-4.329419,-0.3815537,0.2089601,1.992901,-0.9161974,0.01237686,0.4005366,-0.1189852,0.9460437,-0.3014031,-0.3826556,-0.3238026,-0.8652902,moving,15.94954,12.20464,-10.83849,5.985718,0.4468452871755082,9.484261883650259
05/11/2023 10:30:39.689968,3815,True,True,True,True,Eyes,2.375131,0.1120877,-3.058904,-0.2719763,-0.20349,-0.9405428,0.0,0.0,0.0,0.0,0.0,0.0,0.0,3.394266,-0.7315206,-1.686255,2.324937,0.1066463,-3.079433,-0.02948873,0.9635588,-0.1617301,-0.2110177,18.91216,204.8206,0.6921313,0.632765,0.02960466,-0.7737774,-0.1697906,-0.001286139,-0.4019578,3.546189,-0.3272214,-4.355816,-0.3773164,0.2089599,1.9929,-0.909204,0.01142757,0.4161943,-0.1250841,0.9459475,-0.2992276,-0.3971174,-0.3241182,-0.8586299,moving,16.12826,12.208,-10.72093,5.985716,0.46898232021441877,9.486179964640234
05/11/2023 10:30:39.710288,3816,True,True,True,True,Eyes,2.373932,0.1119075,-3.060751,-0.2753749,-0.2033482,-0.9395841,0.0,0.0,0.0,0.0,0.0,0.0,0.0,3.424701,-0.708747,-1.64053,2.319571,0.1052728,-3.087189,-0.03175341,0.9616938,-0.1613373,-0.2193338,18.91974,205.7933,0.5874798,0.6308103,0.0295381,-0.7753745,-0.1596031,-0.00120897,-0.3778404,3.518743,-0.3248078,-4.382653,-0.372889,0.2089599,1.9929,-0.9017691,0.009699336,0.4321098,-0.1318475,0.945924,-0.296385,-0.4116178,-0.3242433,-0.8517262,moving,16.33489,12.21183,-10.598,5.985716,0.4945782137474688,9.488381693897082
05/11/2023 10:30:39.720177,3817,True,True,True,True,Eyes,2.372552,0.1117048,-3.062861,-0.2793077,-0.2031915,-0.9384564,0.0,0.0,0.0,0.0,0.0,0.0,0.0,3.451058,-0.6888088,-1.600885,2.314289,0.1048971,-3.095182,-0.03355648,0.9600454,-0.1605698,-0.226725,18.87622,206.6595,0.5073665,0.629006,0.02947288,-0.7768413,-0.150027,-0.001136432,-0.35517,3.492574,-0.32519,-4.407191,-0.3686453,0.2089599,1.9929,-0.8949397,0.008378866,0.4461089,-0.1372419,0.9461826,-0.2930924,-0.4245563,-0.3235247,-0.8456264,moving,16.5743,12.21691,-10.48007,5.985716,0.5242134514446484,9.49111927150247
05/11/2023 10:30:39.740179,3818,True,True,True,True,Eyes,2.371004,0.1114492,-3.065219,-0.2836266,-0.2029721,-0.9372077,0.0,0.0,0.0,0.0,0.0,0.0,0.0,3.474816,-0.6739571,-1.562829,2.308732,0.1042476,-3.103206,-0.03467921,0.9584178,-0.1600049,-0.2337333,18.83927,207.4945,0.5038488,0.6273316,0.02940825,-0.7781965,-0.1410253,-0.001068246,-0.3338597,3.465652,-0.3309695,-4.430746,-0.3643582,0.2089604,1.992902,-0.8883323,0.008322616,0.4591261,-0.1412713,0.9463915,-0.2904917,-0.4369307,-0.3229145,-0.8395346,moving,16.83736,12.21989,-10.36084,5.985724,0.5568621162008145,9.493371671390717
05/11/2023 10:30:39.760297,3819,True,True,True,True,Eyes,2.369282,0.1112416,-3.067814,-0.2884116,-0.2026626,-0.9358133,0.0,0.0,0.0,0.0,0.0,0.0,0.0,3.498578,-0.651638,-1.526289,2.303284,0.1026848,-3.111039,-0.0363031,0.9568445,-0.1586881,-0.2407259,18.73296,208.3123,0.4191415,0.6257687,0.02934273,-0.7794563,-0.1325638,-0.001004151,-0.3138282,3.438227,-0.3408438,-4.452308,-0.3598878,0.2089601,1.992901,-0.8814667,0.006927797,0.4721961,-0.1458735,0.9470004,-0.2862014,-0.4491527,-0.3211577,-0.8337387,moving,17.12896,12.21945,-10.23643,5.98572,0.5931765333138581,9.494781328492547
05/11/2023 10:30:39.770199,3820,True,True,True,True,Eyes,2.367364,0.1111853,-3.070649,-0.2934737,-0.2022203,-0.9343341,0.0,0.0,0.0,0.0,0.0,0.0,0.0,3.519286,-0.6278995,-1.49589,2.297583,0.1034879,-3.11893,-0.03806889,0.9555426,-0.1565694,-0.246932,18.54312,209.0239,0.276246,0.6243005,0.0292776,-0.7806352,-0.12461,-0.0009439024,-0.2949985,3.410741,-0.349182,-4.473879,-0.3556623,0.2089604,1.992901,-0.8751506,0.004571087,0.4838288,-0.1500769,0.9480736,-0.2804165,-0.4599871,-0.3180183,-0.8290212,moving,17.43747,12.21231,-10.11874,5.985726,0.6318172609314372,9.49433436469648
05/11/2023 10:30:39.790333,3821,True,True,True,True,Eyes,2.365266,0.1111716,-3.073723,-0.2991777,-0.2017631,-0.9326223,0.0,0.0,0.0,0.0,0.0,0.0,0.0,3.538961,-0.6027234,-1.467018,2.291111,0.1069671,-3.127143,-0.04032815,0.9542643,-0.1541519,-0.252964,18.33705,209.7038,0.06170828,0.6229115,0.02921668,-0.7817462,-0.1171334,-0.0008872682,-0.2772986,3.385906,-0.3491913,-4.495081,-0.3511824,0.2089604,1.992902,-0.8687659,0.001022306,0.4952222,-0.1549571,0.9492217,-0.2738001,-0.4703556,-0.3146064,-0.8244931,moving,17.78582,12.20722,-9.993867,5.985723,0.6753497784909968,9.494692804235667
05/11/2023 10:30:39.810245,3822,True,True,True,True,Eyes,2.36301,0.1111798,-3.077016,-0.3052852,-0.2011327,-0.9307774,0.0,0.0,0.0,0.0,0.0,0.0,0.0,3.564423,-0.5681232,-1.42683,2.284903,0.107796,-3.135493,-0.04397612,0.9523255,-0.1524688,-0.260568,18.25926,210.5629,359.7404,0.6215884,0.02916062,-0.7828007,-0.1101054,-0.0008340321,-0.2606606,3.361389,-0.3524027,-4.514352,-0.3468024,0.2089603,1.992901,-0.8603411,-0.004302171,0.5097011,-0.1632161,0.9496387,-0.2674823,-0.4828812,-0.3133174,-0.8177153,moving,18.15895,12.19362,-9.871692,5.985724,0.7222480798840873,9.49271046649822
05/11/2023 10:30:39.820023,3823,True,True,True,True,Eyes,2.360625,0.1112789,-3.080487,-0.3118517,-0.2004832,-0.9287384,0.0,0.0,0.0,0.0,0.0,0.0,0.0,3.591361,-0.5205976,-1.385134,2.279102,0.1081296,-3.143484,-0.04808364,0.9504226,-0.1488958,-0.2687284,17.99118,211.4676,359.3148,0.6203195,0.02910943,-0.7838086,-0.1034991,-0.0007839902,-0.245021,3.326872,-0.3465324,-4.541725,-0.3425024,0.2089602,1.992901,-0.8509461,-0.01137449,0.52513,-0.1714246,0.951036,-0.2571849,-0.4964923,-0.3088706,-0.8112302,moving,18.56102,12.1813,-9.751657,5.985721,0.7727067115063371,9.491252443429403
05/11/2023 10:30:39.840240,3824,True,True,True,True,Eyes,2.358076,0.1114105,-3.084158,-0.3186265,-0.1998201,-0.9265793,0.0,0.0,0.0,0.0,0.0,0.0,0.0,3.610402,-0.4890006,-1.355137,2.273806,0.1102415,-3.1509,-0.05132946,0.9488905,-0.1467884,-0.274637,17.86445,212.1252,358.9895,0.6190951,0.02906492,-0.7847777,-0.09728912,-0.0007369508,-0.2303198,3.286781,-0.3355352,-4.570287,-0.3384322,0.20896,1.9929,-0.8438799,-0.01678501,0.5362699,-0.1780391,0.9516369,-0.2503784,-0.5061316,-0.3067662,-0.8060557,moving,18.97676,12.16967,-9.637963,5.985718,0.8248442688416358,9.490066880482408
05/11/2023 10:30:39.860270,3825,True,True,True,True,Eyes,2.355387,0.111589,-3.087991,-0.325877,-0.1993683,-0.9241518,0.0,0.0,0.0,0.0,0.0,0.0,0.0,3.628995,-0.4645333,-1.321978,2.267518,0.1110504,-3.158965,-0.0537946,0.9471278,-0.1455038,-0.2808628,17.80866,212.8444,358.7863,0.6179059,0.02902723,-0.7857159,-0.09145177,-0.0006927337,-0.2165006,3.245692,-0.3284337,-4.597804,-0.3340653,0.2089599,1.9929,-0.8364444,-0.02016751,0.5476804,-0.1836339,0.9518696,-0.2454035,-0.5163712,-0.3058391,-0.7998894,moving,19.42381,12.17391,-9.515891,5.985717,0.88035535559907,9.493655276447837
05/11/2023 10:30:39.870246,3826,True,True,True,True,Eyes,2.352556,0.1117938,-3.091969,-0.3333382,-0.199068,-0.9215517,0.0,0.0,0.0,0.0,0.0,0.0,0.0,3.648561,-0.4489596,-1.280408,2.261684,0.1123027,-3.166254,-0.05570975,0.9449522,-0.1455885,-0.2876906,17.89073,213.6618,358.7044,0.6167437,0.02899684,-0.7866295,-0.08596466,-0.0006511697,-0.2035105,3.204364,-0.3175306,-4.625296,-0.3295566,0.2089603,1.992902,-0.8282615,-0.0215172,0.5599292,-0.189055,0.9514008,-0.243094,-0.5274864,-0.3072027,-0.7920765,moving,19.88577,12.18939,-9.389754,5.985722,0.937351318870558,9.500586544069606
05/11/2023 10:30:39.890500,3827,True,True,True,True,Eyes,2.349591,0.1120522,-3.096066,-0.341257,-0.1990104,-0.9186613,0.0,0.0,0.0,0.0,0.0,0.0,0.0,3.667242,-0.4382073,-1.236865,2.255653,0.1131132,-3.173287,-0.05743754,0.9425825,-0.1466219,-0.2945186,18.07365,214.4937,358.6792,0.6156021,0.02897367,-0.787524,-0.08080678,-0.0006120995,-0.1912999,3.16255,-0.3130516,-4.649921,-0.3252615,0.2089602,1.992902,-0.8199196,-0.02191349,0.5720595,-0.194645,0.9504059,-0.2425736,-0.538373,-0.3102393,-0.7835218,moving,20.37862,12.22316,-9.269515,5.98572,0.9975886079414602,9.51299235944699
05/11/2023 10:30:39.910452,3828,True,True,True,True,Eyes,2.27221,0.1187907,-3.201175,-0.5365052,-0.1950058,-0.8210572,0.0,0.0,0.0,0.0,0.0,0.0,0.0,3.685078,-0.4296398,-1.192158,2.249694,0.1146327,-3.179838,-0.05900995,0.9401435,-0.1478415,-0.3013155,18.27304,215.3291,358.6808,0.614475,0.02895836,-0.7884043,-0.07595838,-0.0005753735,-0.1798219,3.120727,-0.3109723,-4.672914,-0.3208624,0.2089601,1.992901,-0.8114536,-0.02186179,0.5840077,-0.2000495,0.9493214,-0.2424232,-0.5491112,-0.3135456,-0.7747039,moving,33.16189,13.36053,-9.146285,5.985717,2.5513552822808983,9.910700029389753
05/11/2023 10:30:39.920338,3829,True,True,True,True,Eyes,2.27221,0.1187907,-3.201175,-0.5365052,-0.1950058,-0.8210572,0.0,0.0,0.0,0.0,0.0,0.0,0.0,3.70334,-0.4148937,-1.145548,2.243712,0.115148,-3.186165,-0.06062708,0.9376517,-0.1481191,-0.3085358,18.37165,216.2101,358.6539,0.610402,0.0291073,-0.7915565,-0.3035443,0.01967467,-0.4843581,3.078155,-0.3101554,-4.694981,-0.3166646,0.2089602,1.9929,-0.8022599,-0.02229407,0.5965582,-0.2050943,0.9487702,-0.240357,-0.5606381,-0.3151795,-0.7657326,moving,33.16189,13.36053,-9.028611,5.985724,2.5513552822808983,9.910700029389753
05/11/2023 10:30:39.940631,3830,True,True,True,True,Eyes,2.27221,0.1187907,-3.201175,-0.5365052,-0.1950058,-0.8210572,0.0,0.0,0.0,0.0,0.0,0.0,0.0,3.721748,-0.3915357,-1.098581,2.237442,0.115909,-3.192492,-0.06213313,0.9352823,-0.1463624,-0.3161717,18.24433,217.1262,358.5717,0.6070012,0.02923166,-0.7941628,-0.2853316,0.01849419,-0.4552966,3.037233,-0.309669,-4.714948,-0.3122722,0.2089602,1.9929,-0.79235,-0.02367269,0.6096076,-0.2087754,0.949435,-0.2344909,-0.5732318,-0.3130699,-0.7572271,moving,33.16189,13.36053,-8.905399,5.985724,2.5513552822808983,9.910700029389753
05/11/2023 10:30:39.960268,3831,True,True,True,True,Eyes,2.27221,0.1187907,-3.201175,-0.5365052,-0.1950058,-0.8210572,0.0,0.0,0.0,0.0,0.0,0.0,0.0,3.738909,-0.363331,-1.054062,2.230865,0.1166257,-3.19877,-0.06350907,0.9330887,-0.1432769,-0.3237034,17.96864,218.0196,358.4482,0.6041557,0.02933591,-0.7963258,-0.2682118,0.01738454,-0.4279788,2.996724,-0.3086339,-4.734402,-0.3077807,0.2089599,1.9929,-0.7823656,-0.02576073,0.6222868,-0.2112776,0.9508767,-0.2262639,-0.5858893,-0.3084963,-0.7493758,moving,33.16189,13.36053,-8.779321,5.985716,2.5513552822808983,9.910700029389753
05/11/2023 10:30:39.970736,3832,True,True,True,True,Eyes,2.27221,0.1187907,-3.201175,-0.5365052,-0.1950058,-0.8210572,0.0,0.0,0.0,0.0,0.0,0.0,0.0,3.755818,-0.3274784,-1.009769,2.223979,0.1169493,-3.205196,-0.06546469,0.9308436,-0.1393689,-0.3313926,17.62888,218.9177,358.226,0.6016223,0.02942832,-0.7982382,-0.252119,0.01634146,-0.4023001,2.956398,-0.3015768,-4.754297,-0.3034775,0.2089605,1.992903,-0.7717868,-0.0295031,0.6351967,-0.2142464,0.9525813,-0.2160723,-0.5987017,-0.3028504,-0.7415106,moving,33.16189,13.36053,-8.658434,5.985725,2.5513552822808983,9.910700029389753
05/11/2023 10:30:39.990429,3833,True,True,True,True,Eyes,2.27221,0.1187907,-3.201175,-0.5365052,-0.1950058,-0.8210572,0.0,0.0,0.0,0.0,0.0,0.0,0.0,3.772532,-0.2894369,-0.9634728,2.216965,0.1167288,-3.211774,-0.06808694,0.9283139,-0.136072,-0.3392375,17.38736,219.835,357.9528,0.599337,0.02951123,-0.7999523,-0.2369919,0.01536098,-0.3781621,2.9181,-0.2950628,-4.772757,-0.2991933,0.2089602,1.992901,-0.7605645,-0.0340907,0.6483671,-0.2187335,0.9536971,-0.2064397,-0.6113082,-0.2988303,-0.732805,moving,33.16189,13.36053,-8.538023,5.985721,2.5513552822808983,9.910700029389753
05/11/2023 10:30:40.010086,3834,True,True,True,True,Eyes,2.27221,0.1187907,-3.201175,-0.5365052,-0.1950058,-0.8210572,0.0,0.0,0.0,0.0,0.0,0.0,0.0,3.788974,-0.2557994,-0.9127173,2.210063,0.1157664,-3.218233,-0.0708026,0.925388,-0.13419,-0.3473285,17.30986,220.7999,357.7295,0.5972763,0.02958564,-0.8014895,-0.2227724,0.01443932,-0.3554723,2.878101,-0.2900366,-4.79121,-0.2948341,0.2089601,1.9929,-0.7487,-0.03782371,0.6618293,-0.2242558,0.9539601,-0.1991721,-0.6238253,-0.2975392,-0.7227122,moving,33.16189,13.36053,-8.415425,5.98572,2.5513552822808983,9.910700029389753
05/11/2023 10:30:40.030200,3835,True,True,True,True,Eyes,2.270225,0.118815,-3.203058,-0.5403425,-0.1954021,-0.8184425,0.0,0.0,0.0,0.0,0.0,0.0,0.0,3.804726,-0.2344423,-0.8564849,2.203061,0.11483,-3.224563,-0.07285274,0.9220546,-0.1342726,-0.3556384,17.42348,221.8259,357.6668,0.5954183,0.02965244,-0.8028682,-0.209406,0.01357296,-0.334144,2.838953,-0.2853799,-4.808161,-0.29053,0.2089603,1.992901,-0.7364276,-0.03884345,0.6754003,-0.2298534,0.9533267,-0.1957948,-0.6362718,-0.2994317,-0.7109845,moving,33.43312,13.42793,-8.294291,5.985725,2.582893538351204,9.931704011676029
05/11/2023 10:30:40.039989,3836,True,True,True,True,Eyes,2.268007,0.1188164,-3.205115,-0.5445114,-0.196087,-0.8155104,0.0,0.0,0.0,0.0,0.0,0.0,0.0,3.817699,-0.2292261,-0.802042,2.196013,0.1150154,-3.230314,-0.07399177,0.9187174,-0.13637,-0.3631622,17.71684,222.7909,357.7796,0.5936877,0.02971279,-0.8041464,-0.1968417,0.01275858,-0.3140953,2.802382,-0.2810279,-4.823415,-0.2860891,0.2089604,1.992902,-0.7252771,-0.0369062,0.6874673,-0.2350039,0.9518569,-0.196829,-0.6471063,-0.3043131,-0.6990331,moving,33.7308,13.51995,-8.16923,5.985724,2.6169113593907034,9.95999745638062
05/11/2023 10:30:40.060502,3837,True,True,True,True,Eyes,2.268007,0.1188164,-3.205115,-0.5445114,-0.196087,-0.8155104,0.0,0.0,0.0,0.0,0.0,0.0,0.0,3.829267,-0.2330009,-0.7464051,2.188478,0.1145616,-3.236068,-0.07454906,0.9151884,-0.1398657,-0.370554,18.13493,223.7698,358.0222,0.5920663,0.02976676,-0.8053391,-0.1850312,0.01199307,-0.2952496,2.761208,-0.2815655,-4.838493,-0.2818319,0.20896,1.992901,-0.7142645,-0.03279726,0.6991071,-0.2401085,0.94976,-0.2007581,-0.6573997,-0.3112559,-0.6862547,moving,33.7308,13.51995,-8.049274,5.985715,2.6169113593907034,9.95999745638062
05/11/2023 10:30:40.080348,3838,True,True,True,True,Eyes,2.268007,0.1188164,-3.205115,-0.5445114,-0.196087,-0.8155104,0.0,0.0,0.0,0.0,0.0,0.0,0.0,3.840079,-0.2344356,-0.6886048,2.181177,0.1142381,-3.241104,-0.07548211,0.9114619,-0.1435355,-0.3780706,18.5861,224.7694,358.2428,0.5906051,0.02981523,-0.8064095,-0.1739293,0.01127348,-0.2775347,2.718577,-0.2847444,-4.852108,-0.2775678,0.2089599,1.9929,-0.7027304,-0.02906508,0.7108624,-0.2461312,0.9474,-0.2045791,-0.6675251,-0.3187293,-0.6729206,moving,33.7308,13.51995,-7.929052,5.985714,2.6169113593907034,9.95999745638062
05/11/2023 10:30:40.090234,3839,True,True,True,True,Eyes,2.264949,0.1188127,-3.207738,-0.5499489,-0.1973038,-0.8115586,0.0,0.0,0.0,0.0,0.0,0.0,0.0,3.850244,-0.2300237,-0.6305866,2.173746,0.1143895,-3.246024,-0.07722772,0.9075744,-0.1470784,-0.3856328,19.05843,225.7696,358.3786,0.5892884,0.02985877,-0.8073706,-0.1634936,0.01059707,-0.2608826,2.674129,-0.2938652,-4.863667,-0.2731809,0.2089602,1.992901,-0.6906466,-0.02674329,0.7226979,-0.2536163,0.9448076,-0.2074061,-0.6772638,-0.3265322,-0.6593107,moving,34.12334,13.66448,-7.805291,5.985722,2.661003718783248,10.00404071257771
05/11/2023 10:30:40.110308,3840,True,True,True,True,Eyes,2.26167,0.1188075,-3.210473,-0.5556195,-0.1986789,-0.8073498,0.0,0.0,0.0,0.0,0.0,0.0,0.0,3.85886,-0.2256812,-0.5761714,2.166244,0.1146396,-3.250839,-0.07866745,0.9038882,-0.1500777,-0.3927777,19.45731,226.7206,358.5221,0.5880197,0.02989753,-0.8082936,-0.1536839,0.009961249,-0.2452296,2.62777,-0.305914,-4.873733,-0.2689532,0.20896,1.9929,-0.6790743,-0.02431887,0.7336666,-0.2601075,0.9425763,-0.2095092,-0.6864417,-0.3331045,-0.6464049,moving,34.53582,13.82508,-7.685954,5.985718,2.7070476058541852,10.052856063114273
05/11/2023 10:30:40.120440,3841,True,True,True,True,Eyes,2.26167,0.1188075,-3.210473,-0.5556195,-0.1986789,-0.8073498,0.0,0.0,0.0,0.0,0.0,0.0,0.0,3.86618,-0.2192771,-0.5246439,2.15799,0.1146432,-3.255858,-0.0798078,0.9003757,-0.1520924,-0.3997782,19.73628,227.6495,358.6541,0.5867887,0.02993201,-0.8091865,-0.1444629,0.009363574,-0.2305159,2.579215,-0.3206468,-4.881963,-0.2644243,0.2089601,1.992901,-0.6676164,-0.02210757,0.7441773,-0.2653204,0.9409973,-0.2100697,-0.6956247,-0.3376913,-0.6340908,moving,34.53582,13.82508,-7.558034,5.985716,2.7070476058541852,10.052856063114273
05/11/2023 10:30:40.140615,3842,True,True,True,True,Eyes,2.26167,0.1188075,-3.210473,-0.5556195,-0.1986789,-0.8073498,0.0,0.0,0.0,0.0,0.0,0.0,0.0,3.871831,-0.2125378,-0.4783044,2.150094,0.1145888,-3.260212,-0.08042908,0.8972786,-0.1530621,-0.4061952,19.878,228.4988,358.7821,0.5856796,0.02996298,-0.8099884,-0.1357951,0.008801759,-0.2166849,2.529241,-0.3350171,-4.889206,-0.2602022,0.2089604,1.992902,-0.6570736,-0.01998842,0.7535616,-0.2686808,0.9402063,-0.2093389,-0.704319,-0.3400185,-0.6231552,moving,34.53582,13.82508,-7.438715,5.985724,2.7070476058541852,10.052856063114273
05/11/2023 10:30:40.160317,3843,True,True,True,True,Eyes,2.257501,0.1187912,-3.213669,-0.5621709,-0.1996499,-0.8025608,0.0,0.0,0.0,0.0,0.0,0.0,0.0,3.876748,-0.2013465,-0.434598,2.141577,0.1146073,-3.264828,-0.08104743,0.8943537,-0.1528197,-0.4125637,19.89053,229.3259,358.8499,0.5846803,0.02999081,-0.810709,-0.1276474,0.008273654,-0.2036838,2.479804,-0.3462317,-4.895659,-0.2557811,0.2089603,1.992902,-0.646445,-0.01887439,0.7627271,-0.2710659,0.9401549,-0.2064753,-0.7131845,-0.3402243,-0.6128747,moving,35.01014,13.96969,-7.313703,5.985721,2.761317723461406,10.097353731501013
05/11/2023 10:30:40.179824,3844,True,True,True,True,Eyes,2.253146,0.1187403,-3.216924,-0.5688677,-0.2005477,-0.7976027,0.0,0.0,0.0,0.0,0.0,0.0,0.0,3.88115,-0.1853456,-0.3900828,2.133322,0.1144642,-3.268896,-0.08212716,0.8913321,-0.1522639,-0.4190441,19.89303,230.1586,358.8547,0.5836722,0.03001527,-0.8114341,-0.1199886,0.007777235,-0.1914628,2.432583,-0.3539386,-4.901923,-0.2515178,0.2089603,1.992902,-0.6353145,-0.01879457,0.7720249,-0.2740157,0.9401417,-0.2026056,-0.7220049,-0.3402652,-0.6024357,moving,35.4973,14.11377,-7.193088,5.98572,2.8172037342254663,10.141765178118902
05/11/2023 10:30:40.190251,3845,True,True,True,True,Eyes,2.248613,0.1186501,-3.220225,-0.5754856,-0.2009925,-0.7927283,0.0,0.0,0.0,0.0,0.0,0.0,0.0,3.88489,-0.1653434,-0.3504786,2.12481,0.1135417,-3.273352,-0.08317807,0.8885969,-0.1506434,-0.4251867,19.78276,230.9321,358.7992,0.5826516,0.03003587,-0.8121665,-0.1127893,0.0073106,-0.179975,2.387517,-0.3582225,-4.90801,-0.2471609,0.2089603,1.992902,-0.6245955,-0.01972039,0.7806996,-0.2759267,0.940776,-0.1969901,-0.7305787,-0.338455,-0.5930459,moving,35.97799,14.22727,-7.069758,5.985721,2.873294221812067,10.177261634552032
05/11/2023 10:30:40.210454,3846,True,True,True,True,Eyes,2.243894,0.1185252,-3.223566,-0.5821569,-0.2014197,-0.7877331,0.0,0.0,0.0,0.0,0.0,0.0,0.0,3.88727,-0.1539299,-0.3133225,2.116255,0.1125407,-3.277427,-0.08348205,0.8860065,-0.1497898,-0.4307973,19.71593,231.6606,358.8512,0.5816164,0.03005204,-0.8129075,-0.1060219,0.006871964,-0.1691765,2.342202,-0.3585,-4.914414,-0.242868,0.2089607,1.992903,-0.614889,-0.0188732,0.788388,-0.2769893,0.9411875,-0.1935017,-0.738369,-0.3373571,-0.5839536,moving,36.46544,14.34296,-6.948171,5.985729,2.9301539052459598,10.213429740497913
05/11/2023 10:30:40.230391,3847,True,True,True,True,Eyes,2.23898,0.1183694,-3.226933,-0.588764,-0.2015852,-0.7827646,0.0,0.0,0.0,0.0,0.0,0.0,0.0,3.888546,-0.1478916,-0.280128,2.107327,0.1116356,-3.281438,-0.08351032,0.8835821,-0.1495838,-0.4358138,19.70205,232.3265,358.9535,0.5805637,0.03006341,-0.8136594,-0.0996606,0.006459646,-0.1590259,2.297457,-0.3564976,-4.920401,-0.2384413,0.2089604,1.992902,-0.6061851,-0.01719511,0.7951381,-0.2779578,0.9413015,-0.1915491,-0.745171,-0.3371289,-0.5753824,moving,36.94901,14.44157,-6.822735,5.985724,2.9870946483917225,10.244617108554042
05/11/2023 10:30:40.245369,3848,True,True,True,True,Eyes,2.233881,0.1181751,-3.230315,-0.5954092,-0.2018101,-0.7776635,0.0,0.0,0.0,0.0,0.0,0.0,0.0,3.889014,-0.1424705,-0.2480154,2.097977,0.1107999,-3.285188,-0.08368646,0.8811362,-0.1497044,-0.4406632,19.72921,232.9755,359.054,0.5794924,0.0300697,-0.8144224,-0.09368096,0.006072068,-0.1494844,2.254521,-0.3550709,-4.925656,-0.2341577,0.2089601,1.9929,-0.597625,-0.01553988,0.8016251,-0.2794168,0.9411703,-0.1900649,-0.7515122,-0.3375751,-0.5668089,moving,37.43906,14.54782,-6.701297,5.98572,3.04458974677239,10.278057409256455
05/11/2023 10:30:40.260544,3849,True,True,True,True,Eyes,2.101684,0.1124539,-3.315286,-0.7473021,-0.1999552,-0.6336858,0.0,0.0,0.0,0.0,0.0,0.0,0.0,3.889213,-0.1334752,-0.2148175,2.088694,0.1097037,-3.288656,-0.08446917,0.8784999,-0.1500888,-0.4456189,19.81524,233.637,359.1079,0.5784006,0.03007054,-0.8151982,-0.0880601,0.005707744,-0.1405153,2.212427,-0.3541774,-4.930222,-0.229653,0.2089603,1.992901,-0.5885776,-0.01464748,0.8083081,-0.2821772,0.9406766,-0.1884239,-0.7575966,-0.3389881,-0.5577943,moving,49.70323,17.51273,-6.573513,5.985722,4.473382143352622,11.203772408103433
05/11/2023 10:30:40.270306,3850,True,True,True,True,Eyes,2.10129,0.1124331,-3.31543,-0.7475608,-0.2000269,-0.6333578,0.0,0.0,0.0,0.0,0.0,0.0,0.0,3.889071,-0.1226962,-0.1818652,2.079227,0.1083167,-3.292124,-0.08523003,0.8758706,-0.1500502,-0.4506346,19.85643,234.3016,359.1432,0.5730793,0.02990306,-0.818954,-0.4793658,-0.01179833,-0.3869958,2.172554,-0.353496,-4.934154,-0.2253386,0.2089604,1.992902,-0.579329,-0.0140653,0.8149729,-0.2845366,0.9404415,-0.186034,-0.7638177,-0.3396644,-0.5488271,moving,49.72764,17.52715,-6.45107,5.985723,4.4759446107016005,11.208088886146086
05/11/2023 10:30:40.290095,3851,True,True,True,True,Eyes,2.100504,0.1123589,-3.315698,-0.7484365,-0.2001898,-0.6322712,0.0,0.0,0.0,0.0,0.0,0.0,0.0,3.888342,-0.113958,-0.1515274,2.06963,0.1078094,-3.295475,-0.08617409,0.8733168,-0.1505053,-0.4552363,19.95834,234.919,359.1781,0.5686641,0.02976128,-0.8220311,-0.4506038,-0.01109043,-0.3637761,2.130907,-0.3539492,-4.93723,-0.2210284,0.2089603,1.992901,-0.570668,-0.01348355,0.8210704,-0.2875456,0.9398443,-0.1844186,-0.7691917,-0.3413369,-0.5402162,moving,49.80923,17.56884,-6.32869,5.985724,4.484724557894601,11.220626446881298
05/11/2023 10:30:40.310382,3852,True,True,True,True,Eyes,2.099348,0.1122347,-3.316079,-0.7495501,-0.200411,-0.6308804,0.0,0.0,0.0,0.0,0.0,0.0,0.0,3.886962,-0.105122,-0.1198616,2.059615,0.1068457,-3.298554,-0.0869386,0.870672,-0.1507968,-0.4600353,20.03406,235.5648,359.2287,0.5649855,0.02963973,-0.824568,-0.4235676,-0.01042501,-0.3419495,2.086894,-0.3535696,-4.939261,-0.2168909,0.2089604,1.992901,-0.5616186,-0.01264627,0.8272998,-0.2901337,0.9394041,-0.1825995,-0.7748595,-0.3425787,-0.5312559,moving,49.9134,17.62343,-6.211154,5.985727,4.495889362091488,11.237029406970823
05/11/2023 10:30:40.330198,3853,True,True,True,True,Eyes,2.099348,0.1122347,-3.316079,-0.7495501,-0.200411,-0.6308804,0.0,0.0,0.0,0.0,0.0,0.0,0.0,3.885219,-0.09834829,-0.08701658,2.04982,0.1055621,-3.301403,-0.0874433,0.8679537,-0.1513148,-0.4648806,20.11893,236.2272,359.3223,0.5619032,0.02953378,-0.8266754,-0.3981535,-0.009799507,-0.3214325,2.043219,-0.354538,-4.940326,-0.2125296,0.2089602,1.9929,-0.5524795,-0.01110683,0.8334526,-0.2924801,0.938915,-0.1813671,-0.7805266,-0.3439699,-0.5219798,moving,49.9134,17.62343,-6.087208,5.985724,4.495889362091488,11.237029406970823
05/11/2023 10:30:40.340171,3854,True,True,True,True,Eyes,2.099348,0.1122347,-3.316079,-0.7495501,-0.200411,-0.6308804,0.0,0.0,0.0,0.0,0.0,0.0,0.0,3.882829,-0.09439263,-0.05400848,2.039889,0.1043267,-3.303961,-0.08747943,0.8652738,-0.1517347,-0.4697078,20.16736,236.894,359.4601,0.5592076,0.02944029,-0.8285045,-0.3742643,-0.009211536,-0.3021466,2.002274,-0.355258,-4.941055,-0.208209,0.2089601,1.992901,-0.5434442,-0.008845441,0.8393988,-0.2939292,0.9386479,-0.1804045,-0.7863042,-0.3447635,-0.5127027,moving,49.9134,17.62343,-5.964359,5.985717,4.495889362091488,11.237029406970823
05/11/2023 10:30:40.360277,3855,True,True,True,True,Eyes,2.097002,0.1119585,-3.316756,-0.7519946,-0.2010469,-0.6277614,0.0,0.0,0.0,0.0,0.0,0.0,0.0,3.879994,-0.09473616,-0.02401352,2.029905,0.1031221,-3.306471,-0.08697055,0.8628318,-0.1521555,-0.4741374,20.18431,237.5158,359.6461,0.5567764,0.0293559,-0.8301432,-0.3518085,-0.008658844,-0.2840178,1.959752,-0.3554943,-4.940851,-0.2037221,0.2089603,1.992902,-0.5352598,-0.005796708,0.8446677,-0.294367,0.9385697,-0.1800971,-0.7917355,-0.3450411,-0.5040851,moving,50.14504,17.75819,-5.83672,5.985719,4.520274703317205,11.277386979413627
05/11/2023 10:30:40.370382,3856,True,True,True,True,Eyes,2.094327,0.1116231,-3.317492,-0.7545596,-0.2016574,-0.6244791,0.0,0.0,0.0,0.0,0.0,0.0,0.0,3.876386,-0.100246,0.003736496,2.019685,0.1019679,-3.30861,-0.08581172,0.8605955,-0.1526443,-0.4782378,20.17,238.1039,359.8964,0.5545344,0.02927322,-0.8316454,-0.3307,-0.008139313,-0.2669767,1.915642,-0.3524199,-4.940607,-0.199257,0.2089602,1.992902,-0.5278498,-0.001697829,0.849336,-0.2936989,0.9386721,-0.1806531,-0.7969414,-0.3448067,-0.4959766,moving,50.3886,17.89636,-5.709647,5.985718,4.546031293890838,11.318797712865798
05/11/2023 10:30:40.390096,3857,True,True,True,True,Eyes,2.094327,0.1116231,-3.317492,-0.7545596,-0.2016574,-0.6244791,0.0,0.0,0.0,0.0,0.0,0.0,0.0,3.872299,-0.1076093,0.02997637,2.009292,0.1003587,-3.310567,-0.08442383,0.8584407,-0.1532562,-0.4821461,20.15322,238.6726,0.1732124,0.5524569,0.02919072,-0.8330299,-0.310858,-0.007650954,-0.2509581,1.871591,-0.3513429,-4.938859,-0.1950019,0.2089598,1.9929,-0.5208156,0.002838016,0.8536645,-0.2927294,0.9387703,-0.1817134,-0.8019107,-0.3445319,-0.4880954,moving,50.3886,17.89636,-5.588506,5.985715,4.546031293890838,11.318797712865798
05/11/2023 10:30:40.410399,3858,True,True,True,True,Eyes,2.094327,0.1116231,-3.317492,-0.7545596,-0.2016574,-0.6244791,0.0,0.0,0.0,0.0,0.0,0.0,0.0,3.867715,-0.1132129,0.05410671,1.998741,0.09914652,-3.312123,-0.08311584,0.856441,-0.1533578,-0.4858829,20.08739,239.2069,0.4063271,0.5505843,0.02911632,-0.8342714,-0.2922065,-0.007191897,-0.2359007,1.827581,-0.3474064,-4.93768,-0.1907718,0.2089599,1.9929,-0.5140195,0.00666027,0.8577529,-0.2913955,0.9391463,-0.1819147,-0.806767,-0.343453,-0.4807986,moving,50.3886,17.89636,-5.468019,5.985716,4.546031293890838,11.318797712865798
05/11/2023 10:30:40.420524,3859,True,True,True,True,Eyes,2.090468,0.1111175,-3.318386,-0.758135,-0.2023057,-0.6199223,0.0,0.0,0.0,0.0,0.0,0.0,0.0,3.863099,-0.1151524,0.07678843,1.988257,0.09782827,-3.313601,-0.08228034,0.8544609,-0.1533157,-0.489511,20.03285,239.718,0.5786906,0.5488967,0.02904923,-0.835385,-0.2746741,-0.006760383,-0.2217466,1.785562,-0.3448563,-4.935216,-0.1865747,0.2089601,1.9929,-0.5072181,0.009488775,0.8617656,-0.2907101,0.9394485,-0.1814503,-0.8113061,-0.3425588,-0.4737468,moving,50.72734,18.0736,-5.348423,5.98572,4.582346110395749,11.372056773150309
05/11/2023 10:30:40.450288,3860,True,True,True,True,Eyes,2.086346,0.1105504,-3.319292,-0.7617673,-0.2028999,-0.6152579,0.0,0.0,0.0,0.0,0.0,0.0,0.0,3.858269,-0.1112291,0.09824991,1.977639,0.09605973,-3.314812,-0.08209043,0.8524649,-0.1529594,-0.4931209,19.98329,240.2128,0.6643403,0.5472963,0.02897687,-0.8364369,-0.2581936,-0.00635476,-0.2084418,1.746597,-0.3431714,-4.933391,-0.1821547,0.2089601,1.992899,-0.500186,0.01089658,0.8658496,-0.2908134,0.9397292,-0.1798241,-0.8156236,-0.3417461,-0.4668704,moving,51.07317,18.25153,-5.222428,5.985723,4.619520739954525,11.425553600991496
05/11/2023 10:30:40.460573,3861,True,True,True,True,Eyes,2.081965,0.1099648,-3.320203,-0.7657543,-0.2035276,-0.6100794,0.0,0.0,0.0,0.0,0.0,0.0,0.0,3.853278,-0.1080967,0.1222186,1.967409,0.09408049,-3.315845,0.08173842,-0.8503188,0.1527079,0.4969476,19.93417,240.7429,0.7782136,0.5457696,0.02889827,-0.8374366,-0.242702,-0.005973474,-0.1959353,1.705733,-0.3419773,-4.930002,-0.1776786,0.2089602,1.992901,-0.4927237,0.01276823,0.870092,-0.2907831,0.9399983,-0.1784614,-0.8201636,-0.3409402,-0.4594466,moving,51.45554,18.44913,-5.094777,5.985722,4.6605944626084606,11.484955537905192
05/11/2023 10:30:40.470414,3862,True,True,True,True,Eyes,2.077311,0.1094356,-3.321125,-0.7697411,-0.2040081,-0.6048796,0.0,0.0,0.0,0.0,0.0,0.0,0.0,3.84798,-0.1134636,0.1403427,1.957003,0.0931774,-3.316771,0.08040841,-0.848706,0.1523682,0.5000167,19.81855,241.1781,0.9676153,0.5443045,0.0288137,-0.8383925,-0.2281399,-0.005615066,-0.1841792,1.665333,-0.3436092,-4.925427,-0.1737232,0.2089601,1.992902,-0.4870359,0.01588704,0.8732377,-0.2888594,0.9406369,-0.1782204,-0.8242309,-0.3390426,-0.4535348,moving,51.83896,18.63774,-4.981935,5.985717,4.702095787012478,11.541752183871662
05/11/2023 10:30:40.489991,3863,True,True,True,True,Eyes,2.072361,0.1091633,-3.322051,-0.7739339,-0.2043949,-0.5993738,0.0,0.0,0.0,0.0,0.0,0.0,0.0,3.84246,-0.11999,0.1576118,1.945939,0.09410512,-3.31786,0.07891484,-0.8471979,0.1514818,0.5030721,19.63761,241.6012,1.137647,0.5428901,0.02872529,-0.839312,-0.2144515,-0.005278162,-0.1731284,1.624381,-0.3448938,-4.919686,-0.169305,0.2089602,1.992901,-0.481382,0.01869961,0.8763117,-0.2861255,0.9416514,-0.1772704,-0.828495,-0.3360699,-0.4479436,moving,52.24398,18.8301,-4.855849,5.98572,4.746162149157238,11.599751768888414
05/11/2023 10:30:40.510244,3864,True,True,True,True,Eyes,2.067123,0.1088639,-3.322983,-0.7781461,-0.2047258,-0.593781,0.0,0.0,0.0,0.0,0.0,0.0,0.0,3.836545,-0.1348625,0.1671505,1.934038,0.1001408,-3.318835,0.07696654,-0.8463541,0.1502462,0.5051605,19.39531,241.8865,1.306998,0.541515,0.02864004,-0.8402029,-0.2015844,-0.004961472,-0.1627407,1.586867,-0.3435207,-4.915129,-0.1646535,0.2089603,1.992901,-0.4777783,0.02151501,0.8782171,-0.2820788,0.9430044,-0.1765621,-0.8319613,-0.3320839,-0.4444782,moving,52.65379,19.02334,-4.723049,5.985722,4.790795733682902,11.658032173649847
05/11/2023 10:30:40.520301,3865,True,True,True,True,Eyes,2.061628,0.1086503,-3.323913,-0.7827161,-0.2049296,-0.5876729,0.0,0.0,0.0,0.0,0.0,0.0,0.0,3.830608,-0.1252357,0.1893883,1.922117,0.09918834,-3.319748,0.07745893,-0.8441135,0.1493716,0.5090784,19.33182,242.4082,1.294368,0.5401704,0.02855709,-0.8410707,-0.1894893,-0.004663784,-0.1529763,1.551031,-0.3428665,-4.910707,-0.160502,0.2089604,1.992902,-0.4696789,0.02131541,0.8825802,-0.2828519,0.9433765,-0.1733078,-0.8362996,-0.3310385,-0.437055,moving,53.10033,19.22437,-4.604481,5.985724,4.839744397233161,11.718768564139236
05/11/2023 10:30:40.540439,3866,True,True,True,True,Eyes,2.055925,0.1084776,-3.324834,-0.7872784,-0.2050683,-0.5814977,0.0,0.0,0.0,0.0,0.0,0.0,0.0,3.824684,-0.09857479,0.2216129,1.910833,0.1009431,-3.320476,0.0786897,-0.8414158,0.1449995,0.51459,18.9653,243.0681,1.018423,0.538848,0.02847845,-0.8419212,-0.17812,-0.004383957,-0.1437977,1.515514,-0.3405487,-4.906236,-0.1563628,0.2089606,1.992903,-0.4580103,0.01680902,0.888788,-0.281652,0.9455662,-0.1630237,-0.8431482,-0.3249955,-0.4283448,moving,53.54977,19.42547,-4.486227,5.985725,4.8890517561516615,11.779540573684915
05/11/2023 10:30:40.560393,3867,True,True,True,True,Eyes,2.049968,0.1082834,-3.325759,-0.7920804,-0.2052263,-0.5748834,0.0,0.0,0.0,0.0,0.0,0.0,0.0,3.819066,-0.07908398,0.243813,1.900379,0.101658,-3.321022,0.08032367,-0.8391672,0.1431373,0.5185156,18.87656,243.5605,0.825228,0.537542,0.02840484,-0.8427582,-0.1674328,-0.004120919,-0.1351698,1.482477,-0.3328759,-4.903193,-0.1519319,0.2089604,1.992902,-0.4493794,0.01362787,0.8932372,-0.2832478,0.9461197,-0.156934,-0.8472479,-0.3235303,-0.4213067,moving,54.02826,19.64594,-4.359598,5.985724,4.941335721385848,11.846091077458663
05/11/2023 10:30:40.580862,3868,True,True,True,True,Eyes,2.043817,0.1081681,-3.326671,-0.7968423,-0.2053634,-0.5682148,0.0,0.0,0.0,0.0,0.0,0.0,0.0,3.81196,-0.07465091,0.2753515,1.888682,0.1010446,-3.321911,0.07961535,-0.8364162,0.1417279,0.5234337,18.68916,244.2283,0.9186379,0.5362455,0.02833528,-0.8435861,-0.1573868,-0.003873664,-0.1270596,1.449646,-0.3218136,-4.900615,-0.1476641,0.20896,1.992901,-0.4393574,0.01518718,0.8981842,-0.2815534,0.9471492,-0.1537403,-0.8530493,-0.3204337,-0.411861,moving,54.50797,19.8708,-4.237592,5.985716,4.993626580026633,11.91392293355997
05/11/2023 10:30:40.590087,3869,True,True,True,True,Eyes,2.043817,0.1081681,-3.326671,-0.7968423,-0.2053634,-0.5682148,0.0,0.0,0.0,0.0,0.0,0.0,0.0,3.805078,-0.08253789,0.3003864,1.878067,0.102935,-3.322338,0.07861787,-0.834135,0.1422203,0.5270784,18.67123,244.7631,1.135057,0.534954,0.02827145,-0.8444079,-0.1479436,-0.003641244,-0.1194361,1.411686,-0.3175616,-4.894014,-0.1432263,0.2089603,1.992902,-0.4320152,0.01876667,0.9016711,-0.2810783,0.9471852,-0.1543863,-0.8569468,-0.3201374,-0.4039236,moving,54.50797,19.8708,-4.110676,5.985722,4.993626580026633,11.91392293355997
05/11/2023 10:30:40.610670,3870,True,True,True,True,Eyes,2.043817,0.1081681,-3.326671,-0.7968423,-0.2053634,-0.5682148,0.0,0.0,0.0,0.0,0.0,0.0,0.0,3.797478,-0.08523381,0.328692,1.866842,0.1041,-3.32268,0.07881142,-0.8312989,0.1438648,0.5310686,18.83827,245.363,1.318191,0.5337901,0.02821393,-0.8451459,-0.139067,-0.003422769,-0.1122699,1.371989,-0.3071107,-4.88685,-0.1388662,0.2089604,1.992902,-0.4235096,0.02177248,0.9056298,-0.2838358,0.9461834,-0.1554807,-0.8602771,-0.3228979,-0.394538,moving,54.50797,19.8708,-3.985951,5.985724,4.993626580026633,11.91392293355997
05/11/2023 10:30:40.620242,3871,True,True,True,True,Eyes,2.036578,0.108245,-3.327626,-0.8021902,-0.2060315,-0.5603944,0.0,0.0,0.0,0.0,0.0,0.0,0.0,3.789601,-0.07994595,0.3647604,1.85608,0.1060174,-3.323287,0.0796777,-0.8278666,0.1447515,0.5360368,18.97104,246.0809,1.409342,0.5327421,0.02816213,-0.8458087,-0.130723,-0.003217403,-0.1055337,1.341397,-0.3000022,-4.881711,-0.134455,0.2089603,1.992902,-0.412632,0.02325925,0.910601,-0.2871093,0.945397,-0.1542494,-0.8644671,-0.3250902,-0.3834231,moving,55.0626,20.18618,-3.859723,5.985723,5.052254472181348,12.00843812682341
05/11/2023 10:30:40.640476,3872,True,True,True,True,Eyes,1.852246,0.110836,-3.351198,-0.9127568,-0.2146144,-0.3475856,0.0,0.0,0.0,0.0,0.0,0.0,0.0,3.781887,-0.07332319,0.3973646,1.845639,0.1077986,-3.323844,0.08055803,-0.8246936,0.1451952,0.5406565,19.06203,246.7421,1.462921,0.5316536,0.02811961,-0.8464946,-0.1228796,-0.003024359,-0.09920168,1.308905,-0.2969298,-4.875607,-0.1301163,0.20896,1.9929,-0.402402,0.0241301,0.915145,-0.2898728,0.9448575,-0.1523746,-0.8683585,-0.3265915,-0.3732179,moving,69.15274,31.69298,-3.735536,5.985719,6.426259547990534,15.424469739314457
05/11/2023 10:30:40.660379,3873,True,True,True,True,Eyes,1.851815,0.1108717,-3.351214,-0.9129545,-0.2145613,-0.3470988,0.0,0.0,0.0,0.0,0.0,0.0,0.0,3.773857,-0.07471749,0.4285965,1.835316,0.108637,-3.324317,0.07971861,-0.8218775,0.1447922,0.5451583,18.96082,247.3848,1.625748,0.5247818,0.02824679,-0.8507678,-0.6685029,0.004929875,-0.1639669,1.275108,-0.298411,-4.865993,-0.1257527,0.2089603,1.992901,-0.3928949,0.02683151,0.9191921,-0.2889073,0.9453603,-0.1510844,-0.8730215,-0.3249215,-0.3636755,moving,69.18356,31.72254,-3.610595,5.985721,6.42911997116792,15.433216890217363
05/11/2023 10:30:40.670233,3874,True,True,True,True,Eyes,1.850985,0.1109493,-3.35124,-0.9132971,-0.2142827,-0.3463688,0.0,0.0,0.0,0.0,0.0,0.0,0.0,3.765872,-0.08527312,0.4541492,1.824801,0.1097129,-3.324662,0.07736399,-0.819708,0.1436967,0.5490401,18.69501,247.9366,1.872941,0.5191803,0.02834884,-0.8541942,-0.6283927,0.004634083,-0.1541289,1.241603,-0.3039055,-4.854911,-0.1214109,0.2089603,1.992902,-0.3851398,0.03095872,0.9223388,-0.2846222,0.9467322,-0.1506268,-0.8778711,-0.3205305,-0.3558126,moving,69.23071,31.7432,-3.486245,5.985722,6.434307157826367,15.439465450158526
05/11/2023 10:30:40.690759,3875,True,True,True,True,Eyes,1.849751,0.1110453,-3.351271,-0.9137878,-0.2139414,-0.3452837,0.0,0.0,0.0,0.0,0.0,0.0,0.0,3.757985,-0.1040058,0.4755039,1.814529,0.111001,-3.324835,0.07398636,-0.8179781,0.142689,0.5523387,18.37071,248.4156,2.209387,0.5146046,0.02843247,-0.8569558,-0.5906891,0.004356038,-0.1448812,1.208591,-0.3093023,-4.84279,-0.1171015,0.2089597,1.992899,-0.3788964,0.03658681,0.9247158,-0.2786637,0.9483318,-0.1517018,-0.8824877,-0.3151639,-0.3491241,moving,69.30043,31.78279,-3.362797,5.985712,6.441678817541235,15.451330556593923
05/11/2023 10:30:40.710395,3876,True,True,True,True,Eyes,1.848138,0.111114,-3.351312,-0.9144041,-0.2134579,-0.343949,0.0,0.0,0.0,0.0,0.0,0.0,0.0,3.750391,-0.1155321,0.4928641,1.803819,0.1117018,-3.324975,0.07150952,-0.8163743,0.1413454,0.5553746,18.07193,248.8403,2.426081,0.5108539,0.02850241,-0.8591946,-0.5552478,0.004094676,-0.1361883,1.173942,-0.3122067,-4.829627,-0.1126601,0.2089598,1.992899,-0.3728908,0.04024221,0.927002,-0.2737563,0.9498158,-0.1513523,-0.8865718,-0.3102106,-0.343161,moving,69.38644,31.82411,-3.23553,5.985716,6.451021208495717,15.463783968062106
05/11/2023 10:30:40.730381,3877,True,True,True,True,Eyes,1.84616,0.1111823,-3.351368,-0.9151462,-0.2130305,-0.3422357,0.0,0.0,0.0,0.0,0.0,0.0,0.0,3.742872,-0.1111468,0.5132451,1.79331,0.1111452,-3.325138,0.07084852,-0.8142939,0.1394902,0.5589709,17.841,249.3185,2.441991,0.5077635,0.02856121,-0.8610227,-0.5219329,0.003848995,-0.128017,1.137364,-0.3070465,-4.816689,-0.1084641,0.20896,1.9929,-0.3650641,0.04055888,0.9300985,-0.271325,0.951046,-0.1479675,-0.8905679,-0.3063765,-0.336188,moving,69.4958,31.90092,-3.115264,5.985717,6.4620982815117225,15.486667303815693
05/11/2023 10:30:40.741337,3878,True,True,True,True,Eyes,1.843833,0.1112779,-3.351441,-0.9159681,-0.2125857,-0.3403085,0.0,0.0,0.0,0.0,0.0,0.0,0.0,3.735349,-0.102883,0.5352135,1.782856,0.1112307,-3.325495,0.07098343,-0.8119593,0.1379514,0.5627193,17.69255,249.8214,2.405387,0.5051981,0.02861147,-0.8625288,-0.4906169,0.003618055,-0.120336,1.100521,-0.2968006,-4.804246,-0.1040748,0.2089602,1.992902,-0.3566166,0.03998448,0.9333948,-0.2705271,0.9518616,-0.1441342,-0.8942258,-0.3039092,-0.3286328,moving,69.61852,31.99241,-2.989427,5.98572,6.474353673915526,15.513884365089673
05/11/2023 10:30:40.760239,3879,True,True,True,True,Eyes,1.841163,0.1113832,-3.351523,-0.9168583,-0.2123781,-0.3380332,0.0,0.0,0.0,0.0,0.0,0.0,0.0,3.728248,-0.09556538,0.5532475,1.772386,0.1119668,-3.325832,0.07151473,-0.8098286,0.1370901,0.5659238,17.63684,250.2602,2.365606,0.5028769,0.02865913,-0.8638826,-0.4611799,0.003400972,-0.1131158,1.062972,-0.2846096,-4.791406,-0.09965807,0.2089601,1.992901,-0.3492321,0.03933576,0.9362103,-0.2709945,0.9521839,-0.1410953,-0.8969945,-0.3029828,-0.3218735,moving,69.76176,32.14015,-2.862779,5.985721,6.487305861942716,15.557545436180167
05/11/2023 10:30:40.770384,3880,True,True,True,True,Eyes,1.838172,0.1114887,-3.351602,-0.9177979,-0.2123624,-0.3354837,0.0,0.0,0.0,0.0,0.0,0.0,0.0,3.720663,-0.08943516,0.5723143,1.7617,0.1123237,-3.326059,0.07237217,-0.8074657,0.1373725,0.5691136,17.71143,250.7236,2.375574,0.5007307,0.02870555,-0.8651268,-0.4335091,0.003196914,-0.1063289,1.025541,-0.2762733,-4.777174,-0.09540176,0.2089602,1.992901,-0.3417441,0.03948503,0.9389632,-0.2732372,0.9517822,-0.1394712,-0.8991955,-0.3042232,-0.3144771,moving,69.92107,32.33396,-2.740702,5.985721,6.500737078130748,15.614670634455521
05/11/2023 10:30:40.798976,3881,True,True,True,True,Eyes,1.834885,0.1115792,-3.351678,-0.9187751,-0.2128825,-0.3324657,0.0,0.0,0.0,0.0,0.0,0.0,0.0,3.712031,-0.07902664,0.5965233,1.75129,0.1124125,-3.325899,0.07431214,-0.8044774,0.1389083,0.5727116,17.97584,251.2714,2.382656,0.4987363,0.02875102,-0.8662765,-0.4074986,0.003005099,-0.09994914,0.9881069,-0.2744183,-4.760367,-0.09099257,0.2089601,1.992901,-0.3329584,0.03954386,0.942112,-0.2786736,0.9503644,-0.1383782,-0.9008217,-0.3086159,-0.305412,moving,70.10696,32.63201,-2.614215,5.985719,6.514034613712149,15.702208788721506
05/11/2023 10:30:40.811589,3882,True,True,True,True,Eyes,1.831331,0.1116799,-3.351739,-0.9197972,-0.2136217,-0.3291487,0.0,0.0,0.0,0.0,0.0,0.0,0.0,3.702044,-0.06184116,0.6295485,1.741277,0.1121324,-3.325758,0.07762355,-0.8004927,0.1417814,0.5771345,18.45673,251.9679,2.379321,0.4968729,0.02879537,-0.8673451,-0.3830487,0.002824793,-0.09395219,0.9508165,-0.2793346,-4.740921,-0.08665025,0.2089601,1.992901,-0.3217808,0.03937966,0.9459949,-0.287928,0.9477453,-0.1373914,-0.9019727,-0.3165883,-0.2936278,moving,70.31029,32.98408,-2.489622,5.985721,6.527719175618822,15.805527089237238
05/11/2023 10:30:40.820166,3883,True,True,True,True,Eyes,1.827513,0.111782,-3.351786,-0.9208738,-0.2146878,-0.3254238,0.0,0.0,0.0,0.0,0.0,0.0,0.0,3.692085,-0.05145398,0.6591592,1.731618,0.1124751,-3.325279,0.07977626,-0.7969763,0.1440485,0.5811323,18.80374,252.6006,2.43769,0.4951222,0.02883912,-0.8683443,-0.3600657,0.002655305,-0.08831505,0.916766,-0.2895235,-4.720923,-0.08200598,0.20896,1.9929,-0.3118422,0.04026285,0.9492806,-0.294582,0.9457716,-0.1368853,-0.9033139,-0.3223275,-0.2830708,moving,70.53731,33.41354,-2.356338,5.985717,6.541797008554396,15.931445477195524
05/11/2023 10:30:40.840150,3884,True,True,True,True,Eyes,1.823456,0.111893,-3.351809,-0.921995,-0.2158521,-0.3214546,0.0,0.0,0.0,0.0,0.0,0.0,0.0,3.681468,-0.04552004,0.6904998,1.721793,0.1126858,-3.324875,0.08150414,-0.7932778,0.1469445,0.5852133,19.17959,253.2712,2.58979,0.4934682,0.02888246,-0.8692839,-0.3384618,0.002495987,-0.08301615,0.8838891,-0.3047202,-4.700191,-0.07800603,0.2089601,1.992901,-0.3017648,0.04267691,0.9524267,-0.3012986,0.9435288,-0.137741,-0.9045204,-0.3285302,-0.2718652,moving,70.77883,33.88078,-2.241524,5.985717,6.556432202851771,16.068412177834322
05/11/2023 10:30:40.860238,3885,True,True,True,True,Eyes,1.819152,0.1120257,-3.35181,-0.9231943,-0.2170128,-0.317203,0.0,0.0,0.0,0.0,0.0,0.0,0.0,3.670941,-0.04581168,0.7189078,1.712275,0.1130935,-3.324162,0.08197327,-0.7900586,0.1489771,0.5889769,19.3879,253.8851,2.79277,0.4918963,0.02892581,-0.8701729,-0.3181541,0.002346228,-0.07803518,0.8511888,-0.3208485,-4.67727,-0.07364762,0.20896,1.992901,-0.2927734,0.04596075,0.9550766,-0.3050155,0.9421724,-0.1388405,-0.9062281,-0.331962,-0.2618243,moving,71.03764,34.37778,-2.116402,5.985715,6.5722369305366115,16.21411277636224
05/11/2023 10:30:40.870800,3886,True,True,True,True,Eyes,1.814605,0.1121822,-3.351783,-0.9244453,-0.2181075,-0.3127779,0.0,0.0,0.0,0.0,0.0,0.0,0.0,3.660714,-0.04878721,0.7439742,1.702287,0.1138584,-3.323547,0.08173653,-0.7872261,0.1500742,0.5925133,19.45976,254.4471,2.988158,0.4903941,0.02896983,-0.8710189,-0.2990648,0.002205454,-0.07335307,0.8188399,-0.3370785,-4.653332,-0.06922376,0.2089601,1.992901,-0.2844944,0.04915169,0.9574169,-0.3065322,0.9415938,-0.1394248,-0.9083508,-0.3331447,-0.2528116,moving,71.30721,34.88898,-1.989379,5.985721,6.588912167940481,16.363993993107965
05/11/2023 10:30:40.890545,3887,True,True,True,True,Eyes,1.809817,0.1123447,-3.351735,-0.9257947,-0.219002,-0.308127,0.0,0.0,0.0,0.0,0.0,0.0,0.0,3.650424,-0.04745209,0.7676468,1.692152,0.1146403,-3.322741,0.08160217,-0.7845372,0.1499961,0.596107,19.42923,254.9852,3.087122,0.4889491,0.02901522,-0.8718293,-0.2811209,0.002073127,-0.06895189,0.7879847,-0.3506641,-4.630487,-0.06494558,0.2089601,1.9929,-0.2759949,0.05078753,0.9598163,-0.3068673,0.9416845,-0.1380677,-0.9108564,-0.3326422,-0.244315,moving,71.59131,35.4034,-1.866521,5.985719,6.6072898357792615,16.514886953127213
05/11/2023 10:30:40.910116,3888,True,True,True,True,Eyes,1.804804,0.1124926,-3.351662,-0.9271972,-0.2197963,-0.3033066,0.0,0.0,0.0,0.0,0.0,0.0,0.0,3.639791,-0.04168484,0.792521,1.681846,0.1149833,-3.322059,0.08171283,-0.7816961,0.1492561,0.5999973,19.35382,255.5489,3.12034,0.4875517,0.02906209,-0.87261,-0.2642537,0.001948739,-0.06481478,0.7566396,-0.360373,-4.608468,-0.06051582,0.2089602,1.9929,-0.2666524,0.05135727,0.9624235,-0.3068557,0.9420913,-0.1352908,-0.913639,-0.3314007,-0.2354517,moving,71.88594,35.9296,-1.739292,5.985724,6.626589301575523,16.66925651544398
05/11/2023 10:30:40.930451,3889,True,True,True,True,Eyes,1.79957,0.1126266,-3.351565,-0.9286774,-0.220409,-0.2982918,0.0,0.0,0.0,0.0,0.0,0.0,0.0,3.629119,-0.036809,0.8166676,1.671733,0.1148157,-3.321284,0.08159418,-0.7789307,0.1484286,0.6038033,19.25451,256.1006,3.165473,0.4861928,0.02911002,-0.8733664,-0.2483985,0.001831815,-0.06092589,0.7274019,-0.3654402,-4.588378,-0.05644673,0.2089603,1.992901,-0.257528,0.05213098,0.9648636,-0.3063558,0.9426227,-0.1326975,-0.9164199,-0.3297649,-0.226781,moving,72.19295,36.46084,-1.622406,5.985724,6.647263449611984,16.825155039837234
05/11/2023 10:30:40.940141,3890,True,True,True,True,Eyes,1.794115,0.1127408,-3.351443,-0.9301825,-0.2209781,-0.2931372,0.0,0.0,0.0,0.0,0.0,0.0,0.0,3.618796,-0.0327909,0.8381696,1.661421,0.1146567,-3.320517,0.08158351,-0.776311,0.1479348,0.6072896,19.19453,256.6147,3.217736,0.4848635,0.02915866,-0.8741034,-0.2334945,0.001721906,-0.05727034,0.6973077,-0.3659877,-4.569108,-0.05209827,0.2089602,1.992901,-0.249087,0.05301012,0.9670292,-0.3063468,0.9429189,-0.1305971,-0.918753,-0.3287764,-0.2186293,moving,72.50831,37.0104,-1.497481,5.985722,6.668372036150163,16.986417983934118
05/11/2023 10:30:40.960223,3891,True,True,True,True,Eyes,1.788448,0.1128367,-3.351289,-0.9317168,-0.2214961,-0.2878251,0.0,0.0,0.0,0.0,0.0,0.0,0.0,3.608194,-0.02717763,0.8596072,1.650901,0.1143161,-3.319666,0.08183366,-0.7736047,0.1475413,0.6107953,19.16225,257.1348,3.254232,0.483557,0.02920751,-0.8748252,-0.2194849,0.001618592,-0.05383412,0.6673935,-0.3663045,-4.548542,-0.04755747,0.2089601,1.992901,-0.2404653,0.05362123,0.9691757,-0.3068488,0.9430696,-0.1283101,-0.9208803,-0.3282445,-0.2103219,moving,72.83308,37.58012,-1.367015,5.985721,6.6899862500139,17.15358529931749
05/11/2023 10:30:40.970279,3892,True,True,True,True,Eyes,1.782568,0.1129115,-3.351102,-0.9332563,-0.2220192,-0.2823829,0.0,0.0,0.0,0.0,0.0,0.0,0.0,3.597515,-0.02157152,0.880348,1.640424,0.1139964,-3.318675,0.08225637,-0.7708924,0.1474799,0.6141732,19.17299,257.6461,3.297797,0.4822669,0.02925616,-0.8755354,-0.2063158,0.001521476,-0.05060407,0.6382529,-0.363526,-4.530234,-0.04334229,0.2089601,1.992901,-0.2320505,0.05433478,0.9711851,-0.307978,0.9429671,-0.1263429,-0.9226605,-0.3284215,-0.2020821,moving,73.16534,38.17565,-1.245892,5.985718,6.711680489906926,17.328287705255963
05/11/2023 10:30:40.990470,3893,True,True,True,True,Eyes,1.776476,0.1129731,-3.350885,-0.9348189,-0.2225122,-0.2767707,0.0,0.0,0.0,0.0,0.0,0.0,0.0,3.586538,-0.0145728,0.9009326,1.629689,0.1135787,-3.317584,0.08290929,-0.7681053,0.1474879,0.6175659,19.20666,258.1624,3.326797,0.4809866,0.02930423,-0.8762378,-0.1939368,0.001430187,-0.04756783,0.6108658,-0.3623717,-4.512378,-0.03900963,0.2089601,1.992901,-0.2234768,0.05480082,0.9731676,-0.3095331,0.9427468,-0.1241685,-0.9242551,-0.3289763,-0.1937194,moving,73.50762,38.79785,-1.121381,5.985719,6.733741302137826,17.51078829751932
05/11/2023 10:30:41.010691,3894,True,True,True,True,Eyes,1.770198,0.1130121,-3.350637,-0.9363827,-0.2229908,-0.2710398,0.0,0.0,0.0,0.0,0.0,0.0,0.0,3.575233,-0.002654701,0.9222898,1.618805,0.1132983,-3.316557,0.08398423,-0.7651866,0.1468317,0.6211898,19.21098,258.6942,3.271741,0.4797112,0.0293515,-0.8769351,-0.1823006,0.001344376,-0.04471376,0.5850351,-0.3629432,-4.495484,-0.03438306,0.2089605,1.992902,-0.2141402,0.05389347,0.9753151,-0.3109479,0.9427742,-0.120367,-0.925989,-0.3290476,-0.1851278,moving,73.8567,39.44493,-0.9884121,5.985725,6.755826958600301,17.700550256812424
05/11/2023 10:30:41.030062,3895,True,True,True,True,Eyes,1.763712,0.1130188,-3.350361,-0.9379576,-0.2234402,-0.2651601,0.0,0.0,0.0,0.0,0.0,0.0,0.0,3.564271,0.01301974,0.9419937,1.608326,0.1127336,-3.315439,0.08541943,-0.7623802,0.1457664,0.6246856,19.20684,259.1945,3.148827,0.4784374,0.02939753,-0.8776291,-0.1713626,0.001263714,-0.04203093,0.5600104,-0.3648158,-4.47879,-0.03030288,0.2089603,1.992901,-0.2049428,0.05187217,0.9773983,-0.3123605,0.9429114,-0.1155383,-0.9275932,-0.3289794,-0.1770401,moving,74.21443,40.11956,-0.8711388,5.985723,6.778079580909122,17.898358744028997
05/11/2023 10:30:41.040316,3896,True,True,True,True,Eyes,1.757033,0.1129993,-3.350066,-0.9395416,-0.2238645,-0.2591257,0.0,0.0,0.0,0.0,0.0,0.0,0.0,3.552712,0.03393453,0.9622777,1.597183,0.1118668,-3.314422,0.08724745,-0.7594057,0.1439507,0.6284655,19.16551,259.7169,2.938563,0.4771597,0.02944172,-0.878323,-0.1610808,0.001187891,-0.03950907,0.5350158,-0.368926,-4.460394,-0.02565414,0.2089601,1.9929,-0.1948379,0.04842371,0.9796392,-0.3134486,0.9433321,-0.10897,-0.929402,-0.328298,-0.1686185,moving,74.58114,40.82448,-0.7375145,5.985721,6.800449761434305,18.105011234994734
05/11/2023 10:30:41.060507,3897,True,True,True,True,Eyes,1.750176,0.1129233,-3.349752,-0.9411508,-0.224305,-0.2528287,0.0,0.0,0.0,0.0,0.0,0.0,0.0,3.540482,0.05638441,0.9847436,1.586163,0.1111087,-3.313557,0.08925407,-0.7561799,0.1420977,0.6324822,19.13568,260.2773,2.715832,0.4758745,0.02948363,-0.8790185,-0.151416,0.001116617,-0.03713853,0.5100945,-0.3717815,-4.442391,-0.02163988,0.20896,1.992901,-0.1839996,0.0447643,0.9819063,-0.3147328,0.9436839,-0.1019996,-0.9311751,-0.3278061,-0.1595487,moving,74.9632,41.57886,-0.6221209,5.985716,6.8230973869518,18.32610856239467
05/11/2023 10:30:41.081690,3898,True,True,True,True,Eyes,1.743144,0.1127938,-3.349426,-0.9427522,-0.224736,-0.2463981,0.0,0.0,0.0,0.0,0.0,0.0,0.0,3.52831,0.07575852,1.00651,1.575386,0.1095962,-3.31269,0.09100229,-0.7529843,0.1408732,0.6363081,19.1451,260.831,2.562168,0.4745796,0.02952207,-0.8797171,-0.142331,0.00104962,-0.03491022,0.4863622,-0.3758212,-4.424624,-0.01706952,0.2089601,1.992902,-0.1736612,0.04223089,0.9838997,-0.3163241,0.9437466,-0.09633955,-0.9326205,-0.3279615,-0.1505336,moving,75.3528,42.36748,-0.4907354,5.985717,6.845552864322062,18.55718943880602
05/11/2023 10:30:41.095477,3899,True,True,True,True,Eyes,1.735933,0.1126326,-3.349083,-0.9445072,-0.224868,-0.2394588,0.0,0.0,0.0,0.0,0.0,0.0,0.0,3.515975,0.0933246,1.028368,1.564466,0.1081167,-3.311962,0.09251923,-0.7497678,0.139694,0.640136,19.14293,261.3904,2.433405,0.4732712,0.02955604,-0.8804204,-0.1337912,0.0009866433,-0.03281561,0.4620537,-0.3794178,-4.40618,-0.01296884,0.2089603,1.992901,-0.1633323,0.04011037,0.9857554,-0.3175822,0.9438516,-0.09102631,-0.9340579,-0.3279259,-0.1414231,moving,75.77368,43.20016,-0.3728479,5.985722,6.870447169543453,18.801230902718405
05/11/2023 10:30:41.110383,3900,True,True,True,True,Eyes,1.728547,0.1124185,-3.34873,-0.946239,-0.2250122,-0.2323817,0.0,0.0,0.0,0.0,0.0,0.0,0.0,3.50344,0.1090757,1.049817,1.553283,0.1071209,-3.311184,0.09384636,-0.7465829,0.1384766,0.6439187,19.12483,261.9452,2.317622,0.4719474,0.02958523,-0.8811298,-0.1257637,0.0009274447,-0.03084667,0.4379865,-0.3836434,-4.38679,-0.008680284,0.2089601,1.992901,-0.1531233,0.03820714,0.9874684,-0.3184634,0.9440342,-0.08590961,-0.9354862,-0.3276273,-0.132386,moving,76.2021,44.07694,-0.2495561,5.985719,6.894823702823147,19.058119403313984
05/11/2023 10:30:41.123079,3901,True,True,True,True,Eyes,1.720989,0.1121629,-3.348367,-0.9480503,-0.2249746,-0.2249158,0.0,0.0,0.0,0.0,0.0,0.0,0.0,3.489983,0.124334,1.073591,1.542017,0.1055982,-3.310449,0.09513925,-0.7430999,0.1376387,0.6479251,19.13801,262.5498,2.242302,0.4706051,0.02960876,-0.8818467,-0.1182179,0.000871798,-0.02899587,0.4137653,-0.3865748,-4.36701,-0.004273236,0.2089604,1.992901,-0.1422835,0.03696314,0.9891357,-0.319755,0.9440082,-0.08127233,-0.9367563,-0.3278447,-0.1224977,moving,76.65386,45.00748,-0.1228551,5.985725,6.9203303115754915,19.33074364968606
05/11/2023 10:30:41.140146,3902,True,True,True,True,Eyes,1.52788,0.1048118,-3.339275,-0.9752489,-0.2186675,-0.03277122,0.0,0.0,0.0,0.0,0.0,0.0,0.0,3.477181,0.1358346,1.0952,1.530646,0.1042989,-3.309825,0.09585603,-0.7399046,0.1365263,0.6517005,19.08507,263.1146,2.189205,0.4692431,0.02962616,-0.8825715,-0.1111248,0.0008194901,-0.02725612,0.3904658,-0.3883875,-4.348573,0.0001455545,0.2089603,1.992901,-0.1321964,0.03609985,0.990566,-0.3197971,0.9443444,-0.07709398,-0.9382185,-0.3269717,-0.1132942,moving,88.07542,81.47665,0.004184684,5.985724,7.137761235151797,29.982141349807126
05/11/2023 10:30:41.160232,3903,True,True,True,True,Eyes,1.527391,0.1047703,-3.339257,-0.9753167,-0.218463,-0.03211365,0.0,0.0,0.0,0.0,0.0,0.0,0.0,3.465183,0.1457067,1.11434,1.519213,0.1030617,-3.309358,0.09633362,-0.7369657,0.1352295,0.655221,18.99942,263.6365,2.134795,0.4618614,0.02947439,-0.8864619,-0.683783,-0.02128298,0.001654098,0.3677751,-0.3890599,-4.33107,0.004382372,0.2089603,1.992901,-0.1228108,0.03522127,0.9918051,-0.3191995,0.9448656,-0.07307937,-0.9396965,-0.3255586,-0.1047972,moving,88.11414,81.63751,0.1259927,5.985723,7.137268944989084,30.029061586073095
05/11/2023 10:30:41.170241,3904,True,True,True,True,Eyes,1.526442,0.104667,-3.339225,-0.9754122,-0.2181751,-0.03115196,0.0,0.0,0.0,0.0,0.0,0.0,0.0,3.452376,0.1562356,1.134779,1.507303,0.1019731,-3.308877,0.0967433,-0.7338674,0.133538,0.6589742,18.87479,264.1867,2.059368,0.455805,0.02934903,-0.8895953,-0.642756,-0.020006,0.001554852,0.3454884,-0.3900687,-4.313876,0.008653045,0.20896,1.9929,-0.1127876,0.03400271,0.9930372,-0.3179898,0.9456167,-0.06849571,-0.9413617,-0.3235011,-0.09584125,moving,88.17075,81.87399,0.248773,5.985719,7.136506365421522,30.09803729591801
05/11/2023 10:30:41.190054,3905,True,True,True,True,Eyes,1.525043,0.1044977,-3.339176,-0.9755584,-0.2177313,-0.02964778,0.0,0.0,0.0,0.0,0.0,0.0,0.0,3.440933,0.1637282,1.151334,1.495567,0.1003792,-3.308414,0.09678487,-0.7311825,0.1319691,0.6622606,18.73434,264.6688,2.012751,0.4508188,0.02924385,-0.892136,-0.6041906,-0.01880564,0.001461561,0.3233209,-0.3889898,-4.297099,0.01308161,0.2089601,1.992901,-0.1040873,0.03326107,0.9940119,-0.3163307,0.9464337,-0.0647934,-0.9429213,-0.3211806,-0.08799024,moving,88.25928,82.24591,0.3760901,5.985721,7.1352444848115,30.206515051130705
05/11/2023 10:30:41.210056,3906,True,True,True,True,Eyes,1.523208,0.1042886,-3.339131,-0.9757261,-0.2172082,-0.02791202,0.0,0.0,0.0,0.0,0.0,0.0,0.0,3.428728,0.1730673,1.169344,1.483651,0.09859388,-3.307953,0.09703508,-0.728267,0.1303797,0.6657423,18.6087,265.1834,1.950926,0.4466939,0.02915344,-0.8942114,-0.5679392,-0.0176773,0.001373867,0.3018774,-0.3883858,-4.28073,0.0173105,0.2089601,1.992901,-0.09474332,0.03226369,0.9949789,-0.3149334,0.9471706,-0.06070182,-0.9443733,-0.3191032,-0.07957719,moving,88.36142,82.67742,0.4976633,5.98572,7.133708904463989,30.332370368361815
05/11/2023 10:30:41.220517,3907,True,True,True,True,Eyes,1.520959,0.1040283,-3.339077,-0.9759367,-0.2165287,-0.02574766,0.0,0.0,0.0,0.0,0.0,0.0,0.0,3.418766,0.1771945,1.182487,1.471611,0.09743223,-3.307945,0.09680576,-0.7258981,0.1289442,0.668636,18.46084,265.6104,1.926728,0.443259,0.02907386,-0.8959216,-0.5338629,-0.01661666,0.001291435,0.2806126,-0.388405,-4.264115,0.02159613,0.2089601,1.992901,-0.08710928,0.03189126,0.9956882,-0.3129757,0.9480041,-0.05774511,-0.945758,-0.3166563,-0.07259873,moving,88.48874,83.21874,0.6208633,5.98572,7.131681416499046,30.49024886934815
05/11/2023 10:30:41.250458,3908,True,True,True,True,Eyes,1.5183,0.1037503,-3.339012,-0.9761577,-0.2157968,-0.02340579,0.0,0.0,0.0,0.0,0.0,0.0,0.0,3.410111,0.1828408,1.190752,1.459576,0.09603493,-3.307657,0.09689027,-0.7239394,0.1275146,0.6710172,18.34003,265.9553,1.862104,0.4403735,0.02900152,-0.8973458,-0.5018311,-0.01561966,0.001213949,0.2593846,-0.3886266,-4.246239,0.02589226,0.2089601,1.9929,-0.08069649,0.0308436,0.9962614,-0.3114144,0.9487045,-0.0545956,-0.9468418,-0.3146558,-0.06695198,moving,88.62646,83.80978,0.7443593,5.985722,7.129306585325264,30.662621616046934
05/11/2023 10:30:41.260593,3909,True,True,True,True,Eyes,1.515249,0.1034297,-3.338947,-0.9764005,-0.2149809,-0.02062504,0.0,0.0,0.0,0.0,0.0,0.0,0.0,3.400468,0.1980232,1.19983,1.447274,0.09537168,-3.307307,0.09799288,-0.7217558,0.1249289,0.6736905,18.20212,266.3142,1.621026,0.4377295,0.02892989,-0.8986408,-0.4717212,-0.01468248,0.001141112,0.2392369,-0.3854624,-4.231331,0.03038144,0.2089601,1.9929,-0.07307734,0.0268729,0.9969643,-0.3097807,0.9495804,-0.04830254,-0.9479957,-0.31237,-0.06106813,moving,88.78989,84.51987,0.8733973,5.98572,7.1262006752289375,30.869703771524545
05/11/2023 10:30:41.270074,3910,True,True,True,True,Eyes,1.511812,0.1031202,-3.338881,-0.9766597,-0.2140652,-0.01766436,0.0,0.0,0.0,0.0,0.0,0.0,0.0,3.389981,0.2221536,1.210321,1.435131,0.09373746,-3.307235,0.09976009,-0.7193285,0.1211896,0.6767035,18.02104,266.6981,1.235147,0.4352793,0.02885753,-0.8998326,-0.443418,-0.01380154,0.001072645,0.2179221,-0.3782159,-4.216445,0.03556305,0.2089604,1.992902,-0.06424075,0.02049826,0.997724,-0.3075393,0.950722,-0.03933422,-0.9493644,-0.3093663,-0.05477109,moving,88.96384,85.28272,1.022327,5.985725,7.1226619649827265,31.09216366570213
05/11/2023 10:30:41.290216,3911,True,True,True,True,Eyes,1.507987,0.1029554,-3.338809,-0.9769472,-0.212999,-0.01434066,0.0,0.0,0.0,0.0,0.0,0.0,0.0,3.379238,0.2448392,1.220945,1.422724,0.09336127,-3.30712,0.1012793,-0.7169534,0.1168959,0.6797468,17.7766,267.077,0.8239896,0.4329951,0.02878499,-0.9009363,-0.4168129,-0.01297344,0.001008286,0.1984294,-0.3637793,-4.207253,0.03903192,0.2089604,1.992902,-0.05537359,0.01369423,0.9983719,-0.3041443,0.9521557,-0.02992932,-0.9510153,-0.3053064,-0.04855932,moving,89.15902,86.14824,1.122021,5.985725,7.118375427093974,31.34455235751282
05/11/2023 10:30:41.310609,3912,True,True,True,True,Eyes,1.503791,0.1028723,-3.33871,-0.9772236,-0.2119369,-0.01080697,0.0,0.0,0.0,0.0,0.0,0.0,0.0,3.370626,0.2502474,1.228368,1.409817,0.09658183,-3.30692,0.101219,-0.7152063,0.1134526,0.6821754,17.48056,267.3842,0.6009669,0.4308519,0.02871636,-0.9019654,-0.3918041,-0.01219504,0.0009477893,0.1759834,-0.362486,-4.188699,0.04336303,0.2089602,1.992901,-0.048783,0.01000428,0.9987593,-0.299574,0.9537664,-0.02418587,-0.9528251,-0.3003822,-0.04353056,moving,89.3664,87.08094,1.246487,5.985721,7.113389007659138,31.61651542381603
05/11/2023 10:30:41.330166,3913,True,True,True,True,Eyes,1.499237,0.1028104,-3.338597,-0.9774914,-0.2108729,-0.006573176,0.0,0.0,0.0,0.0,0.0,0.0,0.0,3.358147,0.2552122,1.244731,1.396956,0.09843883,-3.306125,0.1016433,-0.7122678,0.1122688,0.6853752,17.41307,267.879,0.5463212,0.4288278,0.02865364,-0.9029315,-0.3682959,-0.01146333,0.0008909219,0.1497953,-0.3483523,-4.165744,0.04775661,0.2089601,1.992901,-0.03985932,0.009097992,0.999164,-0.298687,0.9541287,-0.02060331,-0.9535186,-0.2992585,-0.03531349,moving,89.61472,88.2146,1.372737,5.985717,7.106862363723395,31.947056055475706
05/11/2023 10:30:41.340124,3914,True,True,True,True,Eyes,1.494388,0.1028344,-3.33849,-0.9777522,-0.2097528,-0.002078056,0.0,0.0,0.0,0.0,0.0,0.0,0.0,3.337888,0.2758843,1.278944,1.384276,0.09877175,-3.305651,0.1029966,-0.7072983,0.109228,0.6907895,17.2662,268.6944,0.3125099,0.426903,0.02859696,-0.9038448,-0.3461981,-0.01077553,0.0008374666,0.1292958,-0.3446946,-4.146895,0.05210423,0.2089601,1.992901,-0.02440318,0.005208523,0.9996886,-0.2966058,0.9549219,-0.01221568,-0.9546882,-0.2968115,-0.02175827,moving,89.87823,89.43238,1.497652,5.985717,7.099448610157439,32.30210644901827
05/11/2023 10:30:41.360598,3915,True,True,True,True,Eyes,1.489246,0.1029257,-3.338369,-0.9779665,-0.2087419,0.002882266,0.0,0.0,0.0,0.0,0.0,0.0,0.0,3.322729,0.2883726,1.303101,1.372708,0.1007746,-3.305642,0.1037019,-0.7036127,0.1064231,0.6948736,17.09043,269.3017,0.1180439,0.4250607,0.02854815,-0.9047142,-0.3254262,-0.010129,0.0007872186,0.1050052,-0.3387742,-4.124134,0.056449,0.2089602,1.992901,-0.01279338,0.001969285,0.9999164,-0.2938331,0.9558401,-0.005641885,-0.9557713,-0.2938806,-0.01164979,moving,-89.83114,-89.20892,1.622471,5.98572,-9.372129521365512,-20.52543449574291
05/11/2023 10:30:41.380357,3916,True,True,True,True,Eyes,1.48383,0.1029843,-3.338235,-0.9781624,-0.2076883,0.007997083,0.0,0.0,0.0,0.0,0.0,0.0,0.0,3.311072,0.2854331,1.319871,1.360801,0.1025262,-3.305214,0.1032279,-0.7007587,0.1059776,0.6978898,17.01444,269.794,0.1944745,0.4232862,0.02850837,-0.9055472,-0.3059006,-0.009521262,0.0007399855,0.08519158,-0.3359991,-4.10462,0.06095099,0.2089601,1.992901,-0.004587802,0.003245676,0.9999842,-0.292597,0.9562255,-0.004446037,-0.9562249,-0.2926128,-0.003437266,moving,-89.53159,-87.79491,1.751791,5.98572,-9.381537269992421,-20.113206032654467
05/11/2023 10:30:41.390505,3917,True,True,True,True,Eyes,1.478225,0.1029638,-3.338082,-0.978283,-0.206837,0.01344585,0.0,0.0,0.0,0.0,0.0,0.0,0.0,3.298627,0.2824828,1.338166,1.349029,0.1018829,-3.304718,0.1023413,-0.6977338,0.1054953,0.7011167,16.90117,270.3226,0.3063081,0.421566,0.02847592,-0.9063503,-0.2875466,-0.008949986,0.0006955864,0.0654549,-0.3402682,-4.082359,0.06524259,0.2089599,1.9929,0.004076578,0.005115142,0.9999786,-0.290743,0.956794,-0.003708961,-0.9567925,-0.2907217,0.005387663,moving,-89.21255,-86.2806,1.875052,5.985717,-9.39183118192161,-19.67174622848839
05/11/2023 10:30:41.410503,3918,True,True,True,True,Eyes,1.472374,0.1029083,-3.337902,-0.9783587,-0.2060439,0.01897371,0.0,0.0,0.0,0.0,0.0,0.0,0.0,3.286722,0.2809056,1.35592,1.338799,0.1010581,-3.304145,0.1019337,-0.6947675,0.1057991,0.7040699,16.89079,270.8273,0.4394853,0.4198907,0.02844799,-0.9071285,-0.2702938,-0.008412987,0.0006538512,0.0446154,-0.3426883,-4.056365,0.06949037,0.2089602,1.9929,0.01220952,0.00733949,0.9998986,-0.2906203,0.9568322,-0.003474649,-0.9567608,-0.2905483,0.01381544,moving,-88.88898,-84.73872,1.997036,5.985723,-9.402471667550003,-19.222255810503835
05/11/2023 10:30:41.420759,3919,True,True,True,True,Eyes,1.466312,0.1029829,-3.337685,-0.9783849,-0.2053144,0.02467852,0.0,0.0,0.0,0.0,0.0,0.0,0.0,3.27604,0.2852962,1.3676,1.327644,0.09914859,-3.303285,0.1025319,-0.6921057,0.1063954,0.7065105,16.98692,271.2554,0.5040309,0.4182509,0.02842328,-0.9078864,-0.2540762,-0.007908207,0.0006146201,0.02476648,-0.3438443,-4.031815,0.07392901,0.2089601,1.9929,0.01933963,0.008413108,0.9997776,-0.2922647,0.9563345,-0.002393988,-0.9561419,-0.2921534,0.02095397,moving,-88.55509,-83.146,2.124481,5.98572,-9.413506442896427,-18.757946304281226
05/11/2023 10:30:41.440160,3920,True,True,True,True,Eyes,1.460008,0.1031028,-3.337432,-0.9783602,-0.2046537,0.03046728,0.0,0.0,0.0,0.0,0.0,0.0,0.0,3.266657,0.2811431,1.377793,1.316656,0.1023897,-3.30217,0.1022608,-0.6899867,0.1060399,0.7086725,16.93407,271.6127,0.5496963,0.4166375,0.0284051,-0.9086286,-0.2388316,-0.007433715,0.0005777429,0.004482187,-0.3392655,-4.009022,0.0779314,0.2089603,1.992901,0.02534777,0.00917789,0.9996368,-0.2914123,0.9565966,-0.001393344,-0.9562618,-0.2912711,0.02692216,moving,-88.21632,-81.53243,2.239382,5.985724,-9.424622295963687,-18.287555924809222
05/11/2023 10:30:41.460308,3921,True,True,True,True,Eyes,1.453481,0.1032706,-3.337152,-0.9782692,-0.2040866,0.03657896,0.0,0.0,0.0,0.0,0.0,0.0,0.0,3.254442,0.2898939,1.390979,1.304836,0.103553,-3.30105,0.1034479,-0.6870909,0.1053961,0.7114044,16.97893,272.0618,0.4674126,0.4150425,0.02839416,-0.9093586,-0.2245017,-0.006987692,0.0005430783,-0.0159295,-0.3286915,-3.989213,0.08242559,0.2089602,1.992901,0.03359528,0.007802207,0.9994051,-0.2921147,0.9563804,0.002353217,-0.9557931,-0.29202,0.03440895,moving,-87.85862,-79.83863,2.368381,5.98572,-9.436031217806008,-17.79376577726178
05/11/2023 10:30:41.470781,3922,True,True,True,True,Eyes,1.446774,0.1034629,-3.336858,-0.9781181,-0.2036138,0.04273777,0.0,0.0,0.0,0.0,0.0,0.0,0.0,3.239003,0.3049594,1.41068,1.293252,0.1047751,-3.300103,0.1046502,-0.6835474,0.1027977,0.7150133,16.86914,272.6127,0.2357013,0.4134592,0.02839114,-0.9100796,-0.2110316,-0.00656843,0.0005104936,-0.03531455,-0.3157485,-3.971998,0.08684367,0.2089601,1.992901,0.04439119,0.003936742,0.9990064,-0.2900702,0.9569619,0.009118318,-0.9559752,-0.2901868,0.04362263,moving,-87.49812,-78.14592,2.495172,5.985719,-9.447055584119042,-17.300277418803244
05/11/2023 10:30:41.494658,3923,True,True,True,True,Eyes,1.439888,0.1036831,-3.336555,-0.9778826,-0.2033165,0.04907167,0.0,0.0,0.0,0.0,0.0,0.0,0.0,3.227329,0.3241273,1.421902,1.282488,0.1054191,-3.299489,0.1069777,-0.6807317,0.1012171,0.7175761,16.93775,273.0153,359.977,0.4118823,0.02839598,-0.9107942,-0.1983697,-0.006174325,0.000479864,-0.05421396,-0.3043766,-3.956016,0.0911231,0.20896,1.9929,0.05271913,-0.000384268,0.9986093,-0.2909081,0.9566218,0.01572588,-0.9552975,-0.2913325,0.05032051,moving,-87.12722,-76.43083,2.617961,5.985717,-9.457524397642864,-16.80023474900816
05/11/2023 10:30:41.510392,3924,True,True,True,True,Eyes,1.432854,0.1039229,-3.336236,-0.9775788,-0.2031526,0.05539548,0.0,0.0,0.0,0.0,0.0,0.0,0.0,3.216019,0.3378725,1.433326,1.271524,0.1062346,-3.298984,0.1087761,-0.6779323,0.1002663,0.7200849,17.01389,273.4265,359.8152,0.4103064,0.02840876,-0.9115049,-0.1864675,-0.005803865,0.0004510721,-0.07306217,-0.2968284,-3.937221,0.09550148,0.20896,1.992899,0.06070897,-0.003085125,0.9981508,-0.2918861,0.9562289,0.0207085,-0.9545245,-0.2926036,0.05715116,moving,-86.75675,-74.74744,2.743565,5.985719,-9.466999856003827,-16.30940048826261
05/11/2023 10:30:41.520291,3925,True,True,True,True,Eyes,1.425681,0.1041389,-3.335885,-0.9771771,-0.2032082,0.0618979,0.0,0.0,0.0,0.0,0.0,0.0,0.0,3.206884,0.3409419,1.442238,1.261151,0.1069653,-3.29825,0.1098744,-0.6755127,0.1014842,0.7220189,17.20375,273.7947,359.8863,0.4087277,0.02842926,-0.9122133,-0.1752795,-0.005455633,0.0004240078,-0.09133916,-0.2915416,-3.917464,0.09972394,0.2089602,1.992901,0.06676702,-0.001896136,0.9977669,-0.2949902,0.9552571,0.0215551,-0.9531648,-0.2957706,0.06322034,moving,-86.37553,-73.05908,2.864668,5.985722,-9.475301231280493,-15.817066188515454
05/11/2023 10:30:41.540063,3926,True,True,True,True,Eyes,1.418397,0.1044199,-3.335497,-0.9766876,-0.2034887,0.06836581,0.0,0.0,0.0,0.0,0.0,0.0,0.0,3.197432,0.3379437,1.452428,1.250831,0.1067249,-3.297174,0.1104429,-0.6729506,0.1041005,0.7239496,17.45875,274.2009,0.1250366,0.4071437,0.02845614,-0.9129205,-0.1647627,-0.005128295,0.0003985673,-0.1083018,-0.2887748,-3.899088,0.1043442,0.20896,1.9929,0.07260112,0.002081776,0.9973588,-0.2993721,0.9539309,0.01980118,-0.9513703,-0.3000191,0.06987964,moving,-85.99596,-71.42928,2.997155,5.985719,-9.481874079216553,-15.341747265559686
05/11/2023 10:30:41.565579,3927,True,True,True,True,Eyes,1.410996,0.1047136,-3.33507,-0.9760776,-0.2040567,0.07505655,0.0,0.0,0.0,0.0,0.0,0.0,0.0,3.189033,0.3322569,1.460958,1.241045,0.1086854,-3.295864,0.1114257,-0.6705602,0.1078782,0.7254624,17.83928,274.5712,0.4266174,0.4055515,0.02849062,-0.9136277,-0.154877,-0.004820597,0.0003746533,-0.1245003,-0.290792,-3.879995,0.1085551,0.20896,1.9929,0.07742248,0.007087811,0.9969733,-0.3059585,0.9518932,0.01699268,-0.9488916,-0.3063481,0.07586647,moving,-85.60283,-69.80536,3.117872,5.985718,-9.486564722365063,-14.868064486181595
05/11/2023 10:30:41.570302,3928,True,True,True,True,Eyes,1.4035,0.1050407,-3.33461,-0.975396,-0.2047336,0.0817727,0.0,0.0,0.0,0.0,0.0,0.0,0.0,3.177995,0.3345051,1.473053,1.231046,0.109368,-3.29454,0.1131464,-0.6675255,0.1112117,0.7274887,18.24607,275.0268,0.6488057,0.4039498,0.02853237,-0.9143358,-0.1455843,-0.004531362,0.0003521741,-0.1397442,-0.2995798,-3.857207,0.1127925,0.20896,1.9929,0.08408362,0.01075425,0.9964007,-0.3128667,0.9496598,0.01615225,-0.9460679,-0.3130987,0.0832155,moving,-85.20779,-68.22773,3.239323,5.985717,-9.489488884220776,-14.407814926968907
05/11/2023 10:30:41.595447,3929,True,True,True,True,Eyes,1.395906,0.1054252,-3.334122,-0.974651,-0.2053643,0.08877458,0.0,0.0,0.0,0.0,0.0,0.0,0.0,3.166084,0.3411312,1.486335,1.221502,0.1105003,-3.293231,0.1146073,-0.6645565,0.1121895,0.7298242,18.44529,275.472,0.6904427,0.4023373,0.02858163,-0.915045,-0.1368493,-0.00425948,0.0003310436,-0.1540979,-0.3161459,-3.8289,0.1170605,0.20896,1.992901,0.09155636,0.01143115,0.9957343,-0.3160833,0.9485573,0.01817385,-0.9443033,-0.3163989,0.09045964,moving,-84.79566,-66.62221,3.36162,5.985717,-9.491206653493453,-13.93937559960046
05/11/2023 10:30:41.610675,3930,True,True,True,True,Eyes,1.388216,0.1058401,-3.33361,-0.973866,-0.2059454,0.09576844,0.0,0.0,0.0,0.0,0.0,0.0,0.0,3.154681,0.3504816,1.498096,1.211761,0.112204,-3.29214,0.115956,-0.6618474,0.1115289,0.7321705,18.50753,275.8726,0.5937074,0.4007123,0.02863932,-0.9157559,-0.1286383,-0.004003911,0.000311181,-0.168261,-0.3273429,-3.802008,0.122204,0.20896,1.992901,0.09903881,0.009826071,0.9950351,-0.3168067,0.948231,0.02216884,-0.9433053,-0.3174293,0.0970246,moving,-84.38368,-65.06069,3.508965,5.985717,-9.491490007620492,-13.48371530422763
05/11/2023 10:30:41.620604,3931,True,True,True,True,Eyes,1.380438,0.1062765,-3.333072,-0.9730678,-0.2062892,0.1028785,0.0,0.0,0.0,0.0,0.0,0.0,0.0,3.14311,0.3597056,1.509923,1.201996,0.1132835,-3.291013,0.1167956,-0.6592441,0.1098619,0.7346336,18.4487,276.2646,0.4483456,0.3990733,0.0287055,-0.9164693,-0.12092,-0.003763676,0.0002925102,-0.1817651,-0.3395109,-3.775586,0.1258594,0.2089602,1.9929,0.1066554,0.007422895,0.9942684,-0.31541,0.9485783,0.02675232,-0.9429429,-0.3164555,0.1035123,moving,-83.96478,-63.49411,3.613652,5.985724,-9.491079029229677,-13.026549025934568
05/11/2023 10:30:41.640182,3932,True,True,True,True,Eyes,1.372562,0.1067056,-3.332507,-0.9722455,-0.2065356,0.1099169,0.0,0.0,0.0,0.0,0.0,0.0,0.0,3.133546,0.3678482,1.517799,1.19229,0.1141439,-3.289917,0.1172711,-0.6572094,0.1075131,0.7367253,18.30712,276.5713,0.2578111,0.3974198,0.02877997,-0.9171852,-0.1136648,-0.003537856,0.0002749596,-0.1955352,-0.3456233,-3.75083,0.1299733,0.20896,1.9929,0.1130334,0.004271899,0.993582,-0.3125586,0.9493769,0.03147595,-0.9431493,-0.3141104,0.1086466,moving,-83.54984,-61.97838,3.731443,5.98572,-9.489481704959829,-12.584171207393915
05/11/2023 10:30:41.660279,3933,True,True,True,True,Eyes,1.364592,0.107115,-3.331926,-0.9713972,-0.2065908,0.1170797,0.0,0.0,0.0,0.0,0.0,0.0,0.0,3.123821,0.3778996,1.52428,1.182359,0.1141353,-3.288388,0.1178331,-0.655258,0.1048692,0.7387523,18.15156,276.8603,0.03151261,0.3957504,0.02886178,-0.9179042,-0.1068449,-0.003325584,0.000258462,-0.2101978,-0.346714,-3.728023,0.1342005,0.2089602,1.992901,0.1192788,0.0005226179,0.9928608,-0.3093669,0.9502356,0.03666612,-0.9434325,-0.3115318,0.1135046,moving,-83.12746,-60.45879,3.85244,5.985722,-9.48708568619399,-12.140633161756757
05/11/2023 10:30:41.670542,3934,True,True,True,True,Eyes,1.356541,0.1074878,-3.331312,-0.9705244,-0.2065998,0.1240928,0.0,0.0,0.0,0.0,0.0,0.0,0.0,3.114728,0.3881546,1.53051,1.172315,0.1139783,-3.287452,0.1184685,-0.6532906,0.10236,0.7407423,18.01409,277.1492,359.8106,0.3940646,0.02894969,-0.9186265,-0.1004342,-0.003126049,0.0002429543,-0.2255417,-0.3444557,-3.705206,0.1388607,0.20896,1.9929,0.1254677,-0.003143872,0.9920927,-0.3064335,0.9509753,0.04176749,-0.943587,-0.3092509,0.1183533,moving,-82.71361,-59.00914,3.985797,5.985718,-9.483441776931315,-11.717451685023981
05/11/2023 10:30:41.695627,3935,True,True,True,True,Eyes,1.348396,0.1078184,-3.330672,-0.9696099,-0.2065175,0.1311761,0.0,0.0,0.0,0.0,0.0,0.0,0.0,3.108521,0.395263,1.531323,1.162297,0.113559,-3.286374,0.1190162,-0.6519532,0.1006059,0.7420719,17.92777,277.3419,359.6464,0.3923615,0.02904215,-0.9193522,0.0,0.0,0.0,-0.2412548,-0.3412507,-3.681729,0.1432138,0.2089602,1.992901,0.1296711,-0.005872359,0.9915397,-0.3044996,0.9514272,0.04545652,-0.9436449,-0.3078178,0.1215845,moving,-82.29538,-57.57704,4.110323,5.985722,-9.478673038529518,-11.299343890788055
05/11/2023 10:30:41.710418,3936,True,True,True,True,Eyes,1.340171,0.1081256,-3.33,-0.9686773,-0.2063487,0.1381465,0.0,0.0,0.0,0.0,0.0,0.0,0.0,3.103034,0.3986028,1.531165,1.152009,0.1128402,-3.285166,0.1191824,-0.6507505,0.09937533,0.7432657,17.84876,277.524,359.5551,0.3906401,0.02913763,-0.920082,0.0,0.0,0.0,-0.2565788,-0.3377176,-3.658733,0.1474107,0.20896,1.9929,0.1332967,-0.007391419,0.9910488,-0.3028405,0.9518403,0.04783127,-0.9436736,-0.3065054,0.1246388,moving,-81.88358,-56.19846,4.230345,5.985718,-9.47293725669154,-10.896812986102578
05/11/2023 10:30:41.730403,3937,True,True,True,True,Eyes,1.132755,0.1139762,-3.312438,-0.9287467,-0.1978255,0.3135197,2.032004,-0.7544619,-0.288006,-2.675365,-0.1207409,0.6428763,-0.7563938,0.3443506,0.2181127,1.990212,1.141994,0.1125746,-3.28371,0.1187918,-0.6491987,0.09803073,0.7448622,17.71304,277.7744,359.5068,0.3889008,0.02923518,-0.9208153,0.0,0.0,0.0,-0.2713668,-0.3354868,-3.636798,0.1517166,0.20896,1.992899,0.1378623,-0.008200205,0.9904175,-0.3002777,0.952557,0.04968426,-0.9438366,-0.3042499,0.1288593,moving,-71.34672,-32.25121,4.35345,5.985719,-8.952105423312556,-3.8866278286196954
05/11/2023 10:30:41.740051,3938,True,True,True,True,Eyes,1.132331,0.1139711,-3.312381,-0.928721,-0.1977338,0.3136539,0.0,0.0,0.0,0.0,0.0,0.0,0.0,3.088572,0.4022623,1.538356,1.132106,0.1110351,-3.282322,0.1189323,-0.6475822,0.09723387,0.7463499,17.66578,278.0228,359.4651,0.3810542,0.0296423,-0.9240772,-0.6222485,0.01755188,0.05268431,-0.28601,-0.3344007,-3.614206,0.1562381,0.2089601,1.9929,0.1423658,-0.008895861,0.9897742,-0.2991778,0.9528013,0.05159632,-0.9435172,-0.303464,0.1329849,moving,-71.3388,-32.22816,4.482669,5.98572,-8.951880720401775,-3.879892015137723
05/11/2023 10:30:41.760550,3939,True,True,True,True,Eyes,1.131488,0.1139185,-3.312261,-0.9285553,-0.1976687,0.3141848,0.0,0.0,0.0,0.0,0.0,0.0,0.0,3.082981,0.3998441,1.539428,1.121611,0.1109087,-3.280879,0.1183148,-0.6463801,0.09608356,0.7476378,17.52526,278.2231,359.4423,0.374458,0.02998181,-0.9267588,-0.5849136,0.01649877,0.04952325,-0.2999614,-0.3347483,-3.591866,0.1605656,0.2089602,1.992901,0.1459216,-0.009281182,0.9892526,-0.296624,0.9535391,0.05270021,-0.9437802,-0.3011262,0.136389,moving,-71.3063,-32.17596,4.606301,5.985721,-8.949558841865061,-3.8645610206672236
05/11/2023 10:30:41.780279,3940,True,True,True,True,Eyes,1.130257,0.1137992,-3.312083,-0.9283603,-0.1975398,0.3148413,0.0,0.0,0.0,0.0,0.0,0.0,0.0,3.076615,0.4029274,1.540098,1.110809,0.1097073,-3.279311,0.1189698,-0.6447968,0.09638382,0.7488616,17.60661,278.4563,359.455,0.3688869,0.03026486,-0.9289812,-0.5498188,0.01550884,0.04655185,-0.3137794,-0.3360082,-3.56917,0.1648474,0.2089601,1.992901,0.1498946,-0.009066466,0.9886605,-0.297779,0.9531127,0.05388794,-0.9427934,-0.3024798,0.1401667,moving,-71.2663,-32.10525,4.728589,5.985719,-8.946914611950076,-3.843814909286933
05/11/2023 10:30:41.790044,3941,True,True,True,True,Eyes,1.128676,0.113665,-3.311839,-0.9280496,-0.1974085,0.3158383,0.0,0.0,0.0,0.0,0.0,0.0,0.0,3.07091,0.3965772,1.542153,1.100379,0.1080541,-3.277726,0.1179896,-0.6434432,0.09649109,0.7501659,17.52949,278.6928,359.5752,0.3641547,0.0304998,-0.9308386,-0.5168297,0.01457831,0.04375874,-0.3278042,-0.3363401,-3.545637,0.1691894,0.2089602,1.9929,0.1533406,-0.007070618,0.9881482,-0.2966079,0.9535359,0.05285053,-0.9426084,-0.3011967,0.1441186,moving,-71.20529,-32.00663,4.852551,5.985724,-8.94257666793684,-3.8148525535483158
05/11/2023 10:30:41.810287,3942,True,True,True,True,Eyes,1.126721,0.1134894,-3.311526,-0.927726,-0.1972644,0.3168775,0.0,0.0,0.0,0.0,0.0,0.0,0.0,3.069544,0.3863859,1.536538,1.090408,0.1075989,-3.275939,0.1170504,-0.6431031,0.09729839,0.7505003,17.50797,278.7718,359.7293,0.3600115,0.03069949,-0.9324423,-0.4858199,0.01370361,0.04113322,-0.3411078,-0.3368576,-3.522803,0.1735231,0.2089601,1.9929,0.1539027,-0.004506029,0.9880758,-0.2965959,0.9536644,0.0505469,-0.9425205,-0.3008385,0.1454351,moving,-71.1417,-31.90333,4.976231,5.985721,-8.938072107806505,-3.7845174547567106
05/11/2023 10:30:41.820277,3943,True,True,True,True,Eyes,1.124423,0.1132746,-3.31115,-0.9273064,-0.1971444,0.3181775,0.0,0.0,0.0,0.0,0.0,0.0,0.0,3.066078,0.3818393,1.532629,1.079544,0.1064697,-3.273964,0.1166516,-0.6423106,0.09759611,0.7512022,17.49556,278.9064,359.8063,0.3562299,0.0308746,-0.9338878,-0.4566707,0.0128814,0.03866522,-0.3552003,-0.3366604,-3.498863,0.177993,0.20896,1.992899,0.1558243,-0.003224288,0.9877796,-0.2964819,0.9537348,0.04988382,-0.9422406,-0.3006319,0.1476592,moving,-71.06187,-31.78257,5.103751,5.985721,-8.93212251963065,-3.749026093349067
05/11/2023 10:30:41.840120,3944,True,True,True,True,Eyes,1.121782,0.1130228,-3.310704,-0.9269071,-0.1970072,0.3194237,0.0,0.0,0.0,0.0,0.0,0.0,0.0,3.064088,0.3785595,1.526018,1.069006,0.1053711,-3.272124,0.1163964,-0.6418752,0.09761959,0.7516107,17.47495,278.9806,359.839,0.3527665,0.03102671,-0.9351966,-0.4292704,0.01210851,0.03634531,-0.3688862,-0.336823,-3.473829,0.182305,0.2089599,1.992899,0.1569333,-0.00268009,0.9876056,-0.2961678,0.9538445,0.04965036,-0.9421553,-0.3002887,0.1488962,moving,-70.98541,-31.66455,5.226715,5.985718,-8.926501958852755,-3.7143482359431177
05/11/2023 10:30:41.860268,3945,True,True,True,True,Eyes,1.118807,0.1127487,-3.31018,-0.9264215,-0.1969101,0.3208889,0.0,0.0,0.0,0.0,0.0,0.0,0.0,3.063784,0.3755,1.515162,1.058132,0.1042316,-3.270012,0.1161889,-0.6419232,0.09742709,0.7516268,17.44215,278.9774,359.8372,0.3495823,0.03115728,-0.9363872,-0.4035142,0.011382,0.03416459,-0.3817377,-0.3389124,-3.449217,0.186607,0.2089599,1.992899,0.1568853,-0.002711069,0.9876131,-0.2956262,0.9540162,0.04957996,-0.9423334,-0.2997427,0.1488696,moving,-70.89521,-31.53493,5.349346,5.985717,-8.919554058153704,-3.676229126373994
05/11/2023 10:30:41.870311,3946,True,True,True,True,Eyes,1.115511,0.1124292,-3.309578,-0.9259633,-0.1968186,0.3222644,0.0,0.0,0.0,0.0,0.0,0.0,0.0,3.064899,0.3728835,1.500691,1.047091,0.1034058,-3.267664,0.1160725,-0.6424014,0.09695669,0.751297,17.39635,278.9037,359.7932,0.3466419,0.03126806,-0.937476,-0.3793033,0.01069908,0.03211472,-0.3946007,-0.3405127,-3.424403,0.1911438,0.2089601,1.9929,0.1558399,-0.003443684,0.9877763,-0.2948167,0.9542532,0.04983958,-0.9427603,-0.29898,0.1476955,moving,-70.8105,-31.41394,5.478616,5.985721,-8.91300457785671,-3.6406452401745666
05/11/2023 10:30:41.895194,3947,True,True,True,True,Eyes,1.111913,0.1120596,-3.308898,-0.9254581,-0.1968259,0.3237081,0.0,0.0,0.0,0.0,0.0,0.0,0.0,3.064986,0.3757284,1.48662,1.036092,0.1019384,-3.265191,0.1165449,-0.642689,0.09612681,0.7510845,17.37529,278.8444,359.6755,0.3439139,0.03135994,-0.9384771,-0.3565451,0.01005714,0.03018783,-0.4075207,-0.3410747,-3.399971,0.1954458,0.2089601,1.9929,0.155421,-0.005405517,0.9878336,-0.2942029,0.9543539,0.05151078,-0.9430212,-0.2986293,0.1467363,moving,-70.72112,-31.30107,5.601145,5.985722,-8.905605590873154,-3.6073948980621884
05/11/2023 10:30:41.910563,3948,True,True,True,True,Eyes,1.108028,0.111644,-3.308132,-0.9249797,-0.1968651,0.3250488,0.0,0.0,0.0,0.0,0.0,0.0,0.0,3.064996,0.3797648,1.472357,1.025205,0.1003094,-3.26269,0.1173028,-0.642933,0.09558922,0.7508264,17.40133,278.7861,359.562,0.3413706,0.03143355,-0.9394028,-0.3351524,0.009453709,0.02837656,-0.420038,-0.343132,-3.374288,0.1994356,0.2089601,1.992901,0.1550001,-0.007293823,0.9878877,-0.2943774,0.9542055,0.05323312,-0.9430362,-0.2990629,0.1457548,moving,-70.63792,-31.20111,5.714735,5.985719,-8.898549573258595,-3.5779263916582904
05/11/2023 10:30:41.920252,3949,True,True,True,True,Eyes,1.103852,0.1111955,-3.307277,-0.92474,-0.1966197,0.3258784,0.0,0.0,0.0,0.0,0.0,0.0,0.0,3.065398,0.3808962,1.457291,1.014397,0.09875762,-3.259861,0.1178182,-0.6433222,0.09547606,0.7504264,17.43788,278.7122,359.5019,0.338987,0.03148957,-0.9402637,-0.3150433,0.008886486,0.02667397,-0.4328887,-0.3426378,-3.349899,0.2037423,0.2089601,1.992901,0.1540418,-0.008294659,0.9880295,-0.2948857,0.9540063,0.0539841,-0.9430342,-0.2996716,0.1445108,moving,-70.58754,-31.1048,5.837297,5.985719,-8.89545861987498,-3.5496909394708025
05/11/2023 10:30:41.940159,3950,True,True,True,True,Eyes,1.099413,0.1107234,-3.306336,-0.9245049,-0.1963896,0.3266833,0.0,0.0,0.0,0.0,0.0,0.0,0.0,3.063881,0.3833109,1.445392,1.00328,0.09747547,-3.256897,0.1183459,-0.6432969,0.09497272,0.7504289,17.4463,278.7015,359.4161,0.3367405,0.03152899,-0.9410692,-0.2961407,0.008353297,0.02507353,-0.4457875,-0.340969,-3.326906,0.2082796,0.2089602,1.992901,0.1542985,-0.009722622,0.9879764,-0.2948037,0.9539489,0.05542912,-0.9430178,-0.2998117,0.1443267,moving,-70.53861,-31.01268,5.966366,5.985722,-8.892409796440592,-3.52267996935469
05/11/2023 10:30:41.960300,3951,True,True,True,True,Eyes,1.094709,0.1102213,-3.305315,-0.9243811,-0.1958999,0.327327,0.0,0.0,0.0,0.0,0.0,0.0,0.0,3.061822,0.3863654,1.434689,0.9925272,0.09638602,-3.253915,0.1188557,-0.6431845,0.09420719,0.7505413,17.43342,278.7037,359.3106,0.3346112,0.03155297,-0.9418277,-0.2783722,0.007852099,0.02356912,-0.4591424,-0.3379135,-3.303252,0.2124192,0.2089602,1.992901,0.1548774,-0.0114795,0.9878671,-0.294305,0.9539967,0.05722695,-0.9430789,-0.2995974,0.144374,moving,-70.50075,-30.89983,6.084067,5.985721,-8.891423626804649,-3.4897070709374303
05/11/2023 10:30:41.980430,3952,True,True,True,True,Eyes,1.089731,0.1098422,-3.304196,-0.9243079,-0.1952725,0.3279078,0.0,0.0,0.0,0.0,0.0,0.0,0.0,3.058723,0.3856987,1.42712,0.9815263,0.09514268,-3.250965,0.1186846,-0.6427967,0.09344646,0.7509955,17.36136,278.7658,359.2661,0.3325814,0.03156231,-0.942546,-0.2616699,0.007380973,0.02215497,-0.4722342,-0.3347285,-3.28194,0.2166666,0.2089601,1.9929,0.1561603,-0.01222435,0.9876561,-0.2929358,0.9543635,0.05812896,-0.9432935,-0.2983973,0.1454528,moving,-70.46734,-30.77424,6.204784,5.985721,-8.891412151342124,-3.453057753180505
05/11/2023 10:30:41.990567,3953,True,True,True,True,Eyes,1.084508,0.1095889,-3.302979,-0.924282,-0.1944468,0.3284711,0.0,0.0,0.0,0.0,0.0,0.0,0.0,3.05889,0.3726823,1.414501,0.9699084,0.09774046,-3.247498,0.1170875,-0.6434327,0.09221868,0.7508533,17.1278,278.701,359.2691,0.330635,0.03156217,-0.9432305,-0.2459697,0.006938115,0.02082567,-0.4851376,-0.3322956,-3.259333,0.2210033,0.2089603,1.9929,0.1549803,-0.01219044,0.9878423,-0.2891612,0.9555725,0.05715802,-0.9446517,-0.294504,0.1445699,moving,-70.43581,-30.62449,6.327977,5.985724,-8.892432585438556,-3.409401931545484
05/11/2023 10:30:42.010401,3954,True,True,True,True,Eyes,1.079016,0.10933,-3.301663,-0.9242283,-0.1935946,0.3291249,0.0,0.0,0.0,0.0,0.0,0.0,0.0,3.0579,0.3644653,1.403168,0.9587557,0.1005172,-3.243941,0.1166265,-0.6436816,0.09188946,0.7507521,17.06223,278.6722,359.2707,0.3287575,0.03155726,-0.9438868,-0.2312115,0.006521828,0.01957613,-0.4982311,-0.3283466,-3.240194,0.2254724,0.2089601,1.9929,0.1544607,-0.0121682,0.987924,-0.288113,0.9559092,0.05681999,-0.945057,-0.2934102,0.1441446,moving,-70.39879,-30.46447,6.454872,5.985721,-8.89310875968292,-3.3627346066440387
05/11/2023 10:30:42.020085,3955,True,True,True,True,Eyes,1.073327,0.1092309,-3.300262,-0.9241917,-0.1924982,0.3298701,0.0,0.0,0.0,0.0,0.0,0.0,0.0,3.051907,0.3600044,1.400787,0.9469176,0.1001478,-3.240255,0.116031,-0.642636,0.09148131,0.7517893,16.98013,278.8482,359.3061,0.3269363,0.03154805,-0.9445194,-0.2173388,0.006130518,0.01840157,-0.5110033,-0.3257128,-3.223536,0.2298169,0.2089601,1.9929,0.1573004,-0.01158199,0.987483,-0.2866806,0.956336,0.05688328,-0.9450244,-0.29204,0.1471117,moving,-70.35709,-30.26603,6.578167,5.985721,-8.894471153118317,-3.3048848789629295
05/11/2023 10:30:42.040724,3956,True,True,True,True,Eyes,1.067421,0.1092168,-3.298755,-0.924185,-0.1913813,0.3305377,0.0,0.0,0.0,0.0,0.0,0.0,0.0,3.051493,0.3419598,1.391488,0.9364359,0.1039039,-3.236832,0.1136024,-0.64319,0.0900989,0.7518532,16.66206,278.8145,359.3628,0.3251604,0.03153967,-0.9451325,-0.2042985,0.005762687,0.01729747,-0.5238297,-0.3224339,-3.205662,0.2341514,0.2089603,1.992901,0.1563776,-0.01065359,0.9876398,-0.2816182,0.9579533,0.05492329,-0.9466981,-0.2867261,0.1468022,moving,-70.32024,-30.07083,6.701117,5.985723,-8.896330299694585,-3.2480016657600475
05/11/2023 10:30:42.060617,3957,True,True,True,True,Eyes,1.061312,0.109248,-3.29715,-0.9241022,-0.1902415,0.3314261,0.0,0.0,0.0,0.0,0.0,0.0,0.0,3.051161,0.3332704,1.37752,0.925282,0.105939,-3.232776,0.1129234,-0.6437715,0.08962809,0.7515141,16.56645,278.7382,359.3615,0.3234209,0.03153466,-0.9457293,-0.1920406,0.005416926,0.01625962,-0.5364475,-0.3192453,-3.186571,0.23858,0.2089601,1.992901,0.1550501,-0.01068025,0.9878489,-0.2801073,0.9584302,0.05432709,-0.9473644,-0.2851271,0.1456132,moving,-70.2698,-29.8562,6.826671,5.985717,-8.897139362732169,-3.185404045165643
05/11/2023 10:30:42.070325,3958,True,True,True,True,Eyes,1.055042,0.1094149,-3.295446,-0.9240443,-0.1891242,0.3322261,0.0,0.0,0.0,0.0,0.0,0.0,0.0,3.047468,0.3256222,1.371055,0.9143301,0.1070489,-3.228843,0.1117148,-0.6435288,0.08836065,0.7520524,16.36504,278.7996,359.3503,0.3217091,0.03153414,-0.9463131,-0.1805182,0.00509191,0.01528404,-0.5495753,-0.312791,-3.167348,0.2431959,0.2089601,1.9929,0.1561262,-0.01087973,0.9876771,-0.2766871,0.9594243,0.05430559,-0.9481924,-0.2817561,0.146781,moving,-70.22472,-29.65128,6.957469,5.985721,-8.898294996391305,-3.1256546102623846
05/11/2023 10:30:42.090312,3959,True,True,True,True,Eyes,1.048592,0.109683,-3.293634,-0.9238304,-0.1883059,0.333284,0.0,0.0,0.0,0.0,0.0,0.0,0.0,3.046867,0.3208952,1.357332,0.9041297,0.1104375,-3.224759,0.1117523,-0.6440932,0.08766857,0.7516446,16.31569,278.7086,359.2736,0.3200181,0.03154168,-0.946886,-0.1696871,0.004786395,0.014367,-0.5637239,-0.3002783,-3.151884,0.2471487,0.2089601,1.9929,0.1549163,-0.01216662,0.9878528,-0.2757491,0.9596513,0.05506262,-0.9486641,-0.2809296,0.1453106,moving,-70.16243,-29.46652,7.069419,5.98572,-8.89664246117729,-3.071669194657134
05/11/2023 10:30:42.110408,3960,True,True,True,True,Eyes,0.8838987,0.118003,-3.246063,-0.9164535,-0.1711188,0.361706,0.0,0.0,0.0,0.0,0.0,0.0,0.0,3.041606,0.3272436,1.35034,0.8934239,0.1130347,-3.220386,0.1134204,-0.643379,0.08718858,0.7520621,16.42673,278.7793,359.1158,0.3183419,0.03155958,-0.9474503,-0.1595058,0.004499212,0.01350498,-0.5757543,-0.2962894,-3.129396,0.2516206,0.2089602,1.992901,0.156923,-0.01480216,0.9875,-0.277087,0.9590679,0.0584077,-0.9479441,-0.2827889,0.1463983,moving,-68.46184,-25.31827,7.196001,5.985723,-8.821938981739624,-1.8579907143183236
05/11/2023 10:30:42.130301,3961,True,True,True,True,Eyes,0.8835199,0.1180815,-3.245907,-0.916235,-0.1714095,0.362122,0.0,0.0,0.0,0.0,0.0,0.0,0.0,3.033448,0.3400839,1.349574,0.8836612,0.1147961,-3.21633,0.1155424,-0.6418839,0.08603817,0.7531483,16.52862,278.9576,358.8805,0.3107867,0.03206565,-0.9499384,-0.6440144,0.02918938,0.1554061,-0.5865501,-0.2918697,-3.095567,0.2560787,0.2089601,1.9929,0.1611648,-0.01873068,0.9867498,-0.2779287,0.9584948,0.06358816,-0.9469857,-0.2844942,0.1492699,moving,-68.43466,-25.33041,7.322127,5.98572,-8.818154553656395,-1.861373042665167
05/11/2023 10:30:42.140173,3962,True,True,True,True,Eyes,0.8827782,0.1182069,-3.245602,-0.9159591,-0.1716945,0.3626844,0.0,0.0,0.0,0.0,0.0,0.0,0.0,3.025468,0.3533548,1.34896,0.8743131,0.1166107,-3.212474,0.1174917,-0.6404623,0.08435502,0.7542468,16.57606,279.1255,358.61,0.3045942,0.03247485,-0.9519283,-0.6053735,0.02743802,0.1460817,-0.5967792,-0.284655,-3.06966,0.2604001,0.20896,1.9929,0.1653845,-0.02324904,0.9859551,-0.277747,0.9581599,0.06918304,-0.9463111,-0.2852879,0.1520074,moving,-68.39835,-25.33284,7.444313,5.985718,-8.81355424572287,-1.8618873082736611
05/11/2023 10:30:42.160264,3963,True,True,True,True,Eyes,0.8816831,0.118329,-3.24516,-0.9155058,-0.1720197,0.3636735,0.0,0.0,0.0,0.0,0.0,0.0,0.0,3.01607,0.3655607,1.351661,0.8650137,0.1177342,-3.208612,0.1188099,-0.638735,0.08207738,0.7557546,16.525,279.353,358.3434,0.2995008,0.03280848,-0.9535316,-0.5690511,0.02579174,0.1373168,-0.6072156,-0.2799498,-3.048276,0.2647212,0.2089602,1.992901,0.1705616,-0.02771535,0.9849571,-0.2758368,0.958295,0.07473083,-0.9459507,-0.2844336,0.1558035,moving,-68.33516,-25.31443,7.566424,5.985721,-8.806296010718544,-1.8562076113995651
05/11/2023 10:30:42.170232,3964,True,True,True,True,Eyes,0.8802631,0.1185251,-3.244587,-0.9150332,-0.1721633,0.3647933,0.0,0.0,0.0,0.0,0.0,0.0,0.0,3.005438,0.3731601,1.358479,0.8555961,0.1176791,-3.204914,0.1187115,-0.6367338,0.07897124,0.7577872,16.28906,279.6534,358.1201,0.2952913,0.03308215,-0.954834,-0.534908,0.02424423,0.1290778,-0.6174193,-0.2761882,-3.025666,0.2690952,0.20896,1.9929,0.1766675,-0.03148844,0.9837668,-0.270862,0.9593422,0.0793488,-0.9462677,-0.2804834,0.1609556,moving,-68.26447,-25.26485,7.689964,5.985718,-8.799133517362106,-1.841436149144612
05/11/2023 10:30:42.190141,3965,True,True,True,True,Eyes,0.8784978,0.1187499,-3.243886,-0.9144067,-0.1723772,0.3662602,0.0,0.0,0.0,0.0,0.0,0.0,0.0,2.996377,0.3768667,1.3632,0.8465152,0.1195587,-3.201209,0.1181464,-0.6352025,0.07545836,0.7595165,15.98173,279.89,357.8855,0.2917906,0.03331059,-0.9559017,-0.5028135,0.02278958,0.1213331,-0.6253207,-0.2760297,-3.004022,0.2733435,0.2089603,1.992901,0.1816477,-0.03546997,0.9827237,-0.2647175,0.960695,0.08360553,-0.9470633,-0.2753309,0.1651185,moving,-68.17172,-25.20362,7.809879,5.985725,-8.789609618402183,-1.8231650474109946
05/11/2023 10:30:42.210168,3966,True,True,True,True,Eyes,0.8764079,0.118964,-3.243078,-0.9137138,-0.1725174,0.3679194,0.0,0.0,0.0,0.0,0.0,0.0,0.0,2.985069,0.3879349,1.370076,0.8366375,0.1203395,-3.197468,0.1188773,-0.6329531,0.07256252,0.7615598,15.8382,280.207,357.6191,0.2887483,0.03351232,-0.9568181,-0.4726447,0.02142221,0.1140531,-0.6335502,-0.2809107,-2.984244,0.2778439,0.2089602,1.992901,0.1882101,-0.03996605,0.9813153,-0.2610089,0.9612057,0.08920689,-0.9468112,-0.2729216,0.1704771,moving,-68.06715,-25.12188,7.936836,5.985722,-8.77929164142285,-1.798875222743562
05/11/2023 10:30:42.220227,3967,True,True,True,True,Eyes,0.8740357,0.1192026,-3.242172,-0.9128854,-0.1728311,0.3698238,0.0,0.0,0.0,0.0,0.0,0.0,0.0,2.972884,0.3991005,1.379589,0.8269664,0.1201907,-3.194099,0.1194145,-0.6303837,0.06966323,0.7638741,15.68,280.5762,357.3731,0.285956,0.03370139,-0.9576496,-0.444286,0.02013687,0.10721,-0.6428275,-0.2756075,-2.967065,0.2818453,0.2089599,1.992901,0.1955269,-0.04412606,0.9797051,-0.2569818,0.9617744,0.09460618,-0.9464299,-0.2702644,0.1767132,moving,-67.94638,-25.04827,8.04965,5.985713,-8.766688513078027,-1.7768610552334891
05/11/2023 10:30:42.240671,3968,True,True,True,True,Eyes,0.871397,0.119458,-3.241172,-0.9120041,-0.1732135,0.3718141,0.0,0.0,0.0,0.0,0.0,0.0,0.0,2.962293,0.4111645,1.386114,0.8179974,0.1209077,-3.190894,0.1206451,-0.6281455,0.0675178,0.7657151,15.63937,280.8795,357.133,0.2833821,0.03388002,-0.9584081,-0.4176289,0.01892866,0.1007774,-0.6513867,-0.2763348,-2.945866,0.2862892,0.2089602,1.992901,0.2017493,-0.04816655,0.9782522,-0.2549641,0.9617723,0.09993754,-0.9456695,-0.2695815,0.1817561,moving,-67.81982,-24.97895,8.174868,5.985721,-8.753222939314355,-1.7560622388853977
05/11/2023 10:30:42.260249,3969,True,True,True,True,Eyes,0.8684829,0.1197382,-3.240069,-0.9110295,-0.1738447,0.3739031,0.0,0.0,0.0,0.0,0.0,0.0,0.0,2.953115,0.424344,1.389073,0.8091176,0.121449,-3.187642,0.122457,-0.6262259,0.0661203,0.7671202,15.70539,281.1216,356.9079,0.2809986,0.03404998,-0.9591037,-0.3925711,0.01779294,0.09473071,-0.659614,-0.2724265,-2.920713,0.2908386,0.2089601,1.9929,0.2069384,-0.05192702,0.9769748,-0.2548159,0.9612648,0.1050659,-0.9445873,-0.2706909,0.1856908,moving,-67.68587,-24.93588,8.30298,5.98572,-8.737970520827048,-1.7428478418001694
05/11/2023 10:30:42.270052,3970,True,True,True,True,Eyes,0.8653311,0.1200401,-3.238884,-0.9099659,-0.1746085,0.3761303,0.0,0.0,0.0,0.0,0.0,0.0,0.0,2.942838,0.4376506,1.393397,0.7997492,0.1222337,-3.184156,0.1242944,-0.6240486,0.06465843,0.7687221,15.77115,281.4007,356.6806,0.2787792,0.03421308,-0.9597452,-0.3690169,0.01672536,0.08904687,-0.66656,-0.2753954,-2.90132,0.2950093,0.20896,1.9929,0.2127653,-0.05572278,0.9755131,-0.2545402,0.9607404,0.1103957,-0.9433663,-0.2717957,0.1902285,moving,-67.54247,-24.90184,8.42035,5.985717,-8.721243503865509,-1.7322060638639778
05/11/2023 10:30:42.295392,3971,True,True,True,True,Eyes,0.8619544,0.1203534,-3.237623,-0.9087616,-0.1756814,0.3785347,0.0,0.0,0.0,0.0,0.0,0.0,0.0,2.930971,0.4541651,1.401109,0.7911065,0.1229403,-3.181037,0.1268673,-0.6213231,0.06384575,0.7705752,15.95363,281.7455,356.4667,0.2767022,0.03437084,-0.9603405,-0.3468758,0.01572184,0.08370406,-0.6735705,-0.278005,-2.882004,0.2993093,0.20896,1.992901,0.2197628,-0.05925524,0.9737521,-0.256047,0.9596568,0.1161839,-0.9413524,-0.2748592,0.1957247,moving,-67.38637,-24.89644,8.541286,5.985717,-8.701989696639288,-1.7298147994320292
05/11/2023 10:30:42.310465,3972,True,True,True,True,Eyes,0.8583894,0.1206714,-3.236308,-0.9074035,-0.1770228,0.3811585,0.0,0.0,0.0,0.0,0.0,0.0,0.0,2.916882,0.4764912,1.411415,0.7825835,0.1234103,-3.177997,0.1304293,-0.6179956,0.06327584,0.7727003,16.24671,282.1544,356.2122,0.2747474,0.0345243,-0.9608961,-0.3260633,0.01477853,0.07868182,-0.6797844,-0.2834412,-2.864863,0.3035687,0.20896,1.992901,0.2281552,-0.0634229,0.9715569,-0.258996,0.9579688,0.1233571,-0.9385448,-0.2797738,0.2021392,moving,-67.21497,-24.91175,8.661005,5.985715,-8.680147323685372,-1.7333573526464967
05/11/2023 10:30:42.330593,3973,True,True,True,True,Eyes,0.8546537,0.1209738,-3.234953,-0.9058997,-0.1786101,0.3839847,0.0,0.0,0.0,0.0,0.0,0.0,0.0,2.900371,0.5018358,1.426508,0.7748212,0.123702,-3.175416,0.1346561,-0.6139018,0.06339295,0.775225,16.65521,282.6609,355.9872,0.2728977,0.03467418,-0.9614176,-0.3064995,0.01389182,0.07396091,-0.6853533,-0.2912085,-2.846625,0.3079623,0.2089601,1.9929,0.2382118,-0.06704365,0.9688965,-0.2636189,0.9556981,0.1309435,-0.9347516,-0.2866117,0.2099847,moving,-67.02932,-24.94544,8.784416,5.985719,-8.65592404208131,-1.7421625936041725
05/11/2023 10:30:42.340264,3974,True,True,True,True,Eyes,0.850773,0.1212834,-3.233569,-0.9042794,-0.1802961,0.3870038,0.0,0.0,0.0,0.0,0.0,0.0,0.0,2.883306,0.5216532,1.444876,0.7673226,0.1235883,-3.173198,0.1379858,-0.6095373,0.06389797,0.7780368,17.01443,283.2303,355.8749,0.2711383,0.03482046,-0.96191,-0.2881095,0.01305831,0.06952325,-0.6897576,-0.3007148,-2.829791,0.3122729,0.20896,1.9929,0.2487628,-0.06878506,0.9661189,-0.2676449,0.9537539,0.1368197,-0.9308508,-0.2926125,0.2188485,moving,-66.83056,-24.97972,8.905416,5.985718,-8.630049274831102,-1.7510700576498657
05/11/2023 10:30:42.360555,3975,True,True,True,True,Eyes,0.8467332,0.1216142,-3.232142,-0.9026319,-0.1819205,0.3900774,0.0,0.0,0.0,0.0,0.0,0.0,0.0,2.869463,0.5291405,1.461334,0.7602346,0.124078,-3.171112,0.1396729,-0.6058671,0.06504162,0.7805039,17.26812,283.7414,355.9336,0.2694561,0.03496382,-0.9623774,-0.270823,0.01227481,0.06535186,-0.6931225,-0.3127599,-2.809785,0.3166791,0.2089601,1.992901,0.2573894,-0.06771592,0.9639322,-0.2707768,0.9525221,0.1392173,-0.9275939,-0.2968436,0.2268332,moving,-66.62815,-25.00294,9.029016,5.98572,-8.60408539004213,-1.7567462921823243
05/11/2023 10:30:42.380226,3976,True,True,True,True,Eyes,0.8425407,0.121962,-3.230682,-0.9008958,-0.1834185,0.3933758,0.0,0.0,0.0,0.0,0.0,0.0,0.0,2.855858,0.5276674,1.479348,0.7526325,0.1250157,-3.168713,0.139854,-0.6022797,0.06603897,0.7831596,17.37377,284.2795,356.0933,0.2678395,0.03510528,-0.9628234,-0.2545736,0.01153832,0.06143075,-0.6969743,-0.3181606,-2.788598,0.321932,0.20896,1.9929,0.265796,-0.06502429,0.9618338,-0.2719005,0.9521595,0.1395081,-0.9248906,-0.2986038,0.2354,moving,-66.41153,-24.99813,9.176258,5.985718,-8.577278253526607,-1.7542072851068493
05/11/2023 10:30:42.390167,3977,True,True,True,True,Eyes,0.8382052,0.122302,-3.229182,-0.8991817,-0.1843823,0.3968316,0.0,0.0,0.0,0.0,0.0,0.0,0.0,2.842019,0.5192547,1.500168,0.7450361,0.1258908,-3.166429,0.1386671,-0.5986274,0.06673905,0.7861061,17.33257,284.8613,356.3307,0.2662775,0.03524565,-0.9632515,-0.2392992,0.01084602,0.05774491,-0.7021486,-0.3190635,-2.770607,0.3251544,0.2089599,1.9929,0.2743824,-0.06109188,0.9596782,-0.2709478,0.9526347,0.1381104,-0.9226601,-0.2979177,0.2448335,moving,-66.18693,-24.92128,9.266525,5.985718,-8.551856826295305,-1.7307047383619958
05/11/2023 10:30:42.410227,3978,True,True,True,True,Eyes,0.8337407,0.1226219,-3.227653,-0.8973993,-0.1852083,0.4004652,0.0,0.0,0.0,0.0,0.0,0.0,0.0,2.829406,0.5064508,1.519485,0.737498,0.1262067,-3.164021,0.136814,-0.5952961,0.06772973,0.7888709,17.24724,285.412,356.6367,0.2647604,0.03538494,-0.9636645,-0.2249412,0.01019526,0.05428021,-0.7079513,-0.3167192,-2.751441,0.3295805,0.2089601,1.9929,0.2820705,-0.05602969,0.9577563,-0.2697497,0.9533892,0.1352187,-0.9206907,-0.2964957,0.2538091,moving,-65.95115,-24.81973,9.39043,5.98572,-8.52585936517707,-1.699970005982948
05/11/2023 10:30:42.420137,3979,True,True,True,True,Eyes,0.8291413,0.1229165,-3.226093,-0.8955861,-0.1854887,0.4043753,0.0,0.0,0.0,0.0,0.0,0.0,0.0,2.816845,0.4957391,1.538028,0.730167,0.1261785,-3.161778,0.1351318,-0.5920205,0.06843796,0.7915602,17.15533,285.9456,356.901,0.263281,0.03552265,-0.9640646,-0.2114447,0.009583544,0.0510234,-0.7148921,-0.3120389,-2.735138,0.3338219,0.2089602,1.9929,0.289656,-0.05165603,0.9557359,-0.2683471,0.9541113,0.1328965,-0.9187433,-0.2949632,0.2625024,moving,-65.69987,-24.64113,9.509081,5.985722,-8.500476938464985,-1.6467771082870577
05/11/2023 10:30:42.460532,3980,True,True,True,True,Eyes,0.8244278,0.1231967,-3.224505,-0.8937075,-0.1856867,0.4084206,0.0,0.0,0.0,0.0,0.0,0.0,0.0,2.802361,0.4904785,1.557801,0.7225913,0.1259499,-3.159516,0.1341012,-0.5883368,0.06869701,0.7944542,17.0921,286.5176,357.0831,0.2618309,0.03565838,-0.9644545,-0.1987581,0.009008531,0.047962,-0.7221155,-0.3079783,-2.718756,0.3381815,0.2089601,1.992901,0.298281,-0.04864014,0.953238,-0.2669466,0.9545951,0.1322406,-0.9163885,-0.2939085,0.2717533,moving,-65.4398,-24.44872,9.630956,5.985721,-8.474456358247817,-1.5895272407359533
05/11/2023 10:30:42.470131,3981,True,True,True,True,Eyes,0.8195926,0.1234449,-3.222873,-0.8918163,-0.1856048,0.4125705,0.0,0.0,0.0,0.0,0.0,0.0,0.0,2.789991,0.4834594,1.574218,0.7153628,0.1259825,-3.157267,0.1329545,-0.58519,0.06911548,0.7969308,17.02581,287.0121,357.2757,0.2604047,0.03579188,-0.9648356,-0.1868326,0.00846802,0.04508428,-0.7292161,-0.3046889,-2.703038,0.3425279,0.20896,1.9929,0.3055514,-0.04544675,0.9510903,-0.2657678,0.9550923,0.1310196,-0.9143335,-0.2928024,0.2797515,moving,-65.17387,-24.22174,9.752375,5.985718,-8.448847959484356,-1.5222068450411532
05/11/2023 10:30:42.470131,3982,True,True,True,True,Eyes,0.8146499,0.1236666,-3.221209,-0.8898336,-0.1855407,0.4168583,0.0,0.0,0.0,0.0,0.0,0.0,0.0,2.777631,0.4834532,1.587258,0.7078194,0.1254838,-3.154614,0.1326541,-0.5822295,0.06878983,0.7991745,16.98554,287.452,357.3319,0.2589962,0.03592257,-0.9652098,-0.1756226,0.007959939,0.04237922,-0.7369303,-0.3031183,-2.690544,0.3469613,0.2089601,1.9929,0.3125536,-0.04452012,0.9488564,-0.2644204,0.9553418,0.1319246,-0.9123553,-0.2921305,0.2868235,moving,-64.89843,-23.99352,9.876128,5.985722,-8.422096657066232,-1.4544761945038527
05/11/2023 10:30:42.490031,3983,True,True,True,True,Eyes,0.8095959,0.1238665,-3.219517,-0.8877689,-0.1854013,0.4212989,0.0,0.0,0.0,0.0,0.0,0.0,0.0,2.762844,0.489205,1.603174,0.700556,0.1250628,-3.152201,0.1331239,-0.5786834,0.06816852,0.801721,16.99885,287.9553,357.3168,0.2576008,0.03604999,-0.9655784,-0.1650853,0.007482342,0.03983647,-0.7451115,-0.3016936,-2.678759,0.3511635,0.2089603,1.992901,0.3209571,-0.04476899,0.9460351,-0.2633775,0.9552621,0.1345606,-0.9097357,-0.2923526,0.294807,moving,-64.61289,-23.75288,9.993343,5.985723,-8.394498221153835,-1.3830853434867976
05/11/2023 10:30:42.510079,3984,True,True,True,True,Eyes,0.8044295,0.1240445,-3.217803,-0.8855807,-0.1853521,0.4259008,0.0,0.0,0.0,0.0,0.0,0.0,0.0,2.745775,0.5072237,1.619082,0.6931421,0.1246164,-3.149922,0.1351473,-0.5747126,0.06639092,0.8043836,17.08151,288.4731,357.0896,0.2562141,0.03617387,-0.9659426,-0.1551801,0.007033402,0.03744628,-0.7526592,-0.2976372,-2.664034,0.3559008,0.2089602,1.992901,0.3305954,-0.04853415,0.9425238,-0.2621492,0.9546549,0.1411091,-0.9066336,-0.2937319,0.3028813,moving,-64.31578,-23.51869,10.12539,5.985722,-8.365246481921357,-1.3135066644813627
05/11/2023 10:30:42.520390,3985,True,True,True,True,Eyes,0.7991705,0.1242096,-3.216076,-0.8832968,-0.1852667,0.4306541,0.0,0.0,0.0,0.0,0.0,0.0,0.0,2.727975,0.5235891,1.636402,0.685586,0.1241696,-3.147754,0.1369453,-0.5705287,0.06478053,0.8071845,17.15745,289.0258,356.8994,0.2548312,0.03629406,-0.9663039,-0.1458693,0.006611397,0.0351995,-0.759481,-0.2978443,-2.650102,0.3600948,0.2089601,1.992901,0.3406012,-0.05168275,0.9387865,-0.2608421,0.9540989,0.1471619,-0.9033009,-0.2949985,0.3114862,moving,-64.00831,-23.2773,10.2422,5.985721,-8.334942853973235,-1.241782378226861
05/11/2023 10:30:42.540901,3986,True,True,True,True,Eyes,0.7938148,0.1243168,-3.214333,-0.8808748,-0.185244,0.4355965,0.0,0.0,0.0,0.0,0.0,0.0,0.0,2.71017,0.5347905,1.655466,0.6784337,0.1239801,-3.145782,0.1382342,-0.566233,0.06401561,0.8100455,17.24436,289.6108,356.8287,0.2534494,0.0364105,-0.9666628,-0.1371172,0.006214714,0.03308753,-0.7680378,-0.2933372,-2.637444,0.3645318,0.2089602,1.9929,0.3505645,-0.05283445,0.9350471,-0.2602566,0.9535866,0.1514565,-0.8996505,-0.2964475,0.3205431,moving,-63.6874,-23.03835,10.36568,5.985724,-8.302885564518434,-1.1706958421163662
05/11/2023 10:30:42.565513,3987,True,True,True,True,Eyes,0.7883636,0.1243892,-3.212567,-0.8783161,-0.1851977,0.4407524,0.0,0.0,0.0,0.0,0.0,0.0,0.0,2.691126,0.5433028,1.676624,0.6710875,0.1227016,-3.143723,0.13909,-0.5615977,0.06381566,0.8131357,17.33005,290.2576,356.8507,0.2520664,0.03652186,-0.9670202,-0.1288901,0.005841831,0.03110228,-0.7750364,-0.2972853,-2.624159,0.3687348,0.20896,1.9929,0.3610713,-0.05244368,0.9310624,-0.2600068,0.9531631,0.1545207,-0.8955579,-0.2978756,0.3305241,moving,-63.35181,-22.79144,10.48256,5.985718,-8.269263709047106,-1.097220206801035
05/11/2023 10:30:42.580128,3988,True,True,True,True,Eyes,0.7828193,0.1244405,-3.210788,-0.8755978,-0.1852078,0.4461239,0.0,0.0,0.0,0.0,0.0,0.0,0.0,2.67039,0.5495485,1.700355,0.6637008,0.1219405,-3.141469,0.1396103,-0.5566108,0.06364197,0.8164821,17.38712,290.961,356.907,0.2506785,0.03662771,-0.967377,-0.1211567,0.005491321,0.02923614,-0.7829047,-0.2955884,-2.610734,0.3731571,0.2089601,1.9929,0.3722682,-0.05149216,0.9266957,-0.2593423,0.9529173,0.157131,-0.8911554,-0.2988262,0.3413867,moving,-63.0008,-22.54573,10.60544,5.985721,-8.233682662019845,-1.0240117681573508
05/11/2023 10:30:42.590161,3989,True,True,True,True,Eyes,0.7771729,0.1244797,-3.208997,-0.8725106,-0.1853408,0.4520776,0.0,0.0,0.0,0.0,0.0,0.0,0.0,2.64878,0.5569974,1.724944,0.6562867,0.1215018,-3.139464,0.1403698,-0.5513874,0.06349549,0.8199004,17.4696,291.6899,356.9546,0.2492837,0.03672798,-0.9677336,-0.1138873,0.005161842,0.02748197,-0.791841,-0.2943649,-2.602679,0.3773605,0.20896,1.9929,0.3838804,-0.05067634,0.9219912,-0.2589162,0.9525293,0.1601573,-0.8863398,-0.3001997,0.3525364,moving,-62.60978,-22.29243,10.72215,5.985719,-8.193371619545344,-0.9483881331416342
05/11/2023 10:30:42.610318,3990,True,True,True,True,Eyes,0.7714441,0.1244895,-3.207209,-0.8692889,-0.1855153,0.4581711,0.0,0.0,0.0,0.0,0.0,0.0,0.0,2.626453,0.564993,1.749758,0.6485546,0.1212431,-3.137483,0.1412617,-0.5459903,0.06338061,0.8233606,17.5675,292.4378,357.0006,0.2478793,0.03682293,-0.9680906,-0.1070541,0.004852131,0.02583305,-0.8007076,-0.294598,-2.592144,0.3817912,0.2089602,1.9929,0.3957548,-0.04988487,0.9170003,-0.2586253,0.9520561,0.1634082,-0.8811873,-0.301829,0.3638793,moving,-62.20789,-22.04322,10.84508,5.985723,-8.151572351747777,-0.8738949824479887
05/11/2023 10:30:42.620545,3991,True,True,True,True,Eyes,0.765626,0.1244625,-3.205427,-0.8658007,-0.1858135,0.4646099,0.0,0.0,0.0,0.0,0.0,0.0,0.0,2.606876,0.5701071,1.771544,0.6411788,0.1205844,-3.135848,0.1418007,-0.5411621,0.06362237,0.8264312,17.65213,293.1136,357.0937,0.2464638,0.03691221,-0.9684486,-0.1006308,0.004561004,0.02428307,-0.8099001,-0.2947938,-2.583631,0.3861697,0.2089601,1.9929,0.4061917,-0.04831524,0.9125097,-0.2586333,0.9516895,0.1655169,-0.8764229,-0.303237,0.3740725,moving,-61.78091,-21.79817,10.96645,5.985722,-8.106512367259025,-0.8004776711942085
05/11/2023 10:30:42.640625,3992,True,True,True,True,Eyes,0.7597277,0.1244276,-3.20365,-0.8622001,-0.1861769,0.4711147,0.0,0.0,0.0,0.0,0.0,0.0,0.0,2.588216,0.5763668,1.791259,0.6335177,0.1196766,-3.134326,0.1425096,-0.5365242,0.06379718,0.8293148,17.74782,293.7557,357.1651,0.2450352,0.03699528,-0.9688078,0.0,0.0,0.0,-0.8203907,-0.2948323,-2.577536,0.3902683,0.2089601,1.9929,0.4161435,-0.04710381,0.9080782,-0.2587356,0.9512419,0.1679132,-0.8717113,-0.3048281,0.3836657,moving,-61.34737,-21.56313,11.07998,5.985721,-8.060305182311915,-0.7299328226812642
05/11/2023 10:30:42.660206,3993,True,True,True,True,Eyes,0.7537442,0.1243803,-3.201875,-0.8584302,-0.1865766,0.4777936,0.0,0.0,0.0,0.0,0.0,0.0,0.0,2.570397,0.5843881,1.808813,0.6259946,0.1194522,-3.132749,0.1435795,-0.5321419,0.06374432,0.8319535,17.86318,294.3492,357.1849,0.2435922,0.03707255,-0.9691687,0.0,0.0,0.0,-0.8318213,-0.2943901,-2.572969,0.3947638,0.20896,1.9929,0.4255233,-0.04674474,0.9037394,-0.258874,0.9506431,0.1710609,-0.8671298,-0.306745,0.3924198,moving,-60.90013,-21.33045,11.2044,5.985721,-8.012314611682461,-0.6600011203157896
05/11/2023 10:30:42.680647,3994,True,True,True,True,Eyes,0.7476813,0.1243278,-3.200113,-0.8545576,-0.1870192,0.4845153,0.0,0.0,0.0,0.0,0.0,0.0,0.0,2.553205,0.594251,1.824409,0.6182301,0.1190452,-3.131146,0.1447317,-0.5279825,0.06305737,0.8344526,17.94657,294.9016,357.1324,0.2421337,0.03714421,-0.9695314,0.0,0.0,0.0,-0.8427047,-0.2959355,-2.567758,0.3990933,0.2089601,1.9929,0.4345166,-0.04759489,0.8994054,-0.2580684,0.9501529,0.1749572,-0.8628997,-0.3081299,0.4005745,moving,-60.44772,-21.10621,11.32412,5.985719,-7.9634017238509704,-0.5924932584869831
05/11/2023 10:30:42.690616,3995,True,True,True,True,Eyes,0.7415372,0.1242352,-3.198355,-0.8505476,-0.1874299,0.4913642,0.0,0.0,0.0,0.0,0.0,0.0,0.0,2.535456,0.6038306,1.841014,0.6105588,0.118706,-3.129794,0.1457644,-0.523687,0.06222473,0.8370382,18.01062,295.4729,357.0767,0.240658,0.0372107,-0.9698963,0.0,0.0,0.0,-0.8531463,-0.2992452,-2.562507,0.4034717,0.2089602,1.992901,0.44376,-0.04850091,0.8948323,-0.2568388,0.9497616,0.1788481,-0.8585516,-0.3091933,0.4090093,moving,-59.98483,-20.87925,11.44509,5.985721,-7.913274058308346,-0.5241402139968123
05/11/2023 10:30:42.710290,3996,True,True,True,True,Eyes,0.7353286,0.1241207,-3.196619,-0.8464525,-0.1878085,0.498243,0.0,0.0,0.0,0.0,0.0,0.0,0.0,2.516418,0.6146553,1.858297,0.602757,0.1175851,-3.128304,0.1467414,-0.5191879,0.06105606,0.8397519,18.0503,296.0688,356.9958,0.2391646,0.03727129,-0.9702632,0.0,0.0,0.0,-0.863784,-0.3024911,-2.557705,0.4077607,0.2089599,1.992901,0.4534321,-0.04982886,0.889897,-0.2549166,0.9494782,0.1830535,-0.8540591,-0.3098518,0.4178216,moving,-59.51787,-20.65351,11.5635,5.985714,-7.862599447809772,-0.4561200165083772
05/11/2023 10:30:42.720628,3997,True,True,True,True,Eyes,0.7290437,0.1239839,-3.194887,-0.84223,-0.1881082,0.5052364,0.0,0.0,0.0,0.0,0.0,0.0,0.0,2.498916,0.6217421,1.875024,0.5952668,0.1170451,-3.12711,0.1470805,-0.5150429,0.0595701,0.8423476,18.0079,296.625,356.917,0.2376528,0.0373259,-0.9706326,0.0,0.0,0.0,-0.8740935,-0.3046879,-2.550651,0.4119893,0.2089599,1.9929,0.4623646,-0.05114805,0.8852134,-0.251863,0.9496375,0.1864235,-0.8501669,-0.3091481,0.4261965,moving,-59.04133,-20.42117,11.68014,5.985716,-7.810950232221316,-0.38613257300610293
05/11/2023 10:30:42.740522,3998,True,True,True,True,Eyes,0.7226763,0.1238447,-3.193153,-0.8378894,-0.1883182,0.5123258,0.0,0.0,0.0,0.0,0.0,0.0,0.0,2.48007,0.6276233,1.892989,0.5874293,0.116338,-3.125613,0.1471123,-0.5106628,0.05788759,0.8451217,17.92535,297.2172,356.8426,0.2361215,0.03737447,-0.9710042,0.0,0.0,0.0,-0.8839382,-0.3061146,-2.542864,0.4164218,0.2089601,1.9929,0.4717453,-0.05240542,0.8801763,-0.2480936,0.950014,0.1895335,-0.8461124,-0.3077777,0.4351631,moving,-58.55639,-20.18217,11.8023,5.985723,-7.7584752855702614,-0.31416668007877124
05/11/2023 10:30:42.760129,3999,True,True,True,True,Eyes,0.7162293,0.1236799,-3.191413,-0.8333452,-0.1883994,0.5196552,0.0,0.0,0.0,0.0,0.0,0.0,0.0,2.457919,0.632157,1.915007,0.5794095,0.1161127,-3.123946,0.1467436,-0.5056491,0.05570721,0.8483408,17.77704,297.8989,356.7561,0.2345701,0.03741752,-0.9713786,0.0,0.0,0.0,-0.8938383,-0.3052554,-2.533182,0.4209602,0.2089602,1.992901,0.4824314,-0.05388414,0.8742748,-0.2429189,0.9507261,0.1926406,-0.8415762,-0.3053138,0.4455706,moving,-58.05328,-19.92796,11.92726,5.985722,-7.704240748792411,-0.23768778153775472
05/11/2023 10:30:42.774247,4000,True,True,True,True,Eyes,0.7097172,0.1234582,-3.189676,-0.828603,-0.188428,0.5271735,0.0,0.0,0.0,0.0,0.0,0.0,0.0,2.433425,0.6366544,1.939335,0.5713999,0.1153307,-3.122196,0.1463821,-0.5001202,0.05391152,0.8517898,17.6558,298.6521,356.7167,0.2329978,0.03745485,-0.9717554,0.0,0.0,0.0,-0.9072267,-0.2946826,-2.527493,0.4251156,0.20896,1.9929,0.4939469,-0.05457472,0.8677776,-0.2382598,0.9513317,0.1954491,-0.836211,-0.3032981,0.4569044,moving,-57.53468,-19.66845,12.04157,5.985717,-7.648252967210605,-0.15958801588591243
05/11/2023 10:30:42.790372,4001,True,True,True,True,Eyes,0.7031415,0.1232085,-3.187941,-0.8235697,-0.1884487,0.5349954,0.0,0.0,0.0,0.0,0.0,0.0,0.0,2.403646,0.6437175,1.969189,0.5637547,0.1137366,-3.120711,0.1461929,-0.4934961,0.05211573,0.8557882,17.55722,299.5479,356.6874,0.2314049,0.03748529,-0.9721348,0.0,0.0,0.0,-0.9183633,-0.289711,-2.519541,0.430459,0.20896,1.9929,0.5074912,-0.05509122,0.859894,-0.2334913,0.9518232,0.1987825,-0.8294182,-0.3016582,0.4701786,moving,-56.99202,-19.40448,12.18843,5.985718,-7.589417361835092,-0.08006614666951961
05/11/2023 10:30:42.810138,4002,True,True,True,True,Eyes,0.6965076,0.1229409,-3.186209,-0.8182824,-0.188497,0.543031,0.0,0.0,0.0,0.0,0.0,0.0,0.0,2.371053,0.6536212,2.000595,0.5560939,0.1127978,-3.11922,0.1466276,-0.4863054,0.05049669,0.8599172,17.53503,300.5042,356.6472,0.2297909,0.03750865,-0.9725168,0.0,0.0,0.0,-0.9280757,-0.2870481,-2.506735,0.4338859,0.20896,1.9929,0.5219143,-0.05576568,0.8511732,-0.2294575,0.9519008,0.2030616,-0.8215563,-0.3012888,0.4840148,moving,-56.43084,-19.14292,12.28253,5.985716,-7.528196700845323,-0.0011465312343217349
05/11/2023 10:30:42.830083,4003,True,True,True,True,Eyes,0.6898346,0.1227462,-3.18446,-0.8116357,-0.1895741,0.5525479,0.0,0.0,0.0,0.0,0.0,0.0,0.0,2.335821,0.6649105,2.033657,0.5485486,0.1120828,-3.117765,0.1473233,-0.4786227,0.04893253,0.8641886,17.54596,301.5171,356.6058,0.228155,0.03752511,-0.9729012,0.0,0.0,0.0,-0.940597,-0.2720048,-2.500235,0.4379713,0.20896,1.9929,0.5370519,-0.05645066,0.8416582,-0.2255984,0.951803,0.2077898,-0.8128227,-0.3014706,0.4984323,moving,-55.75363,-18.93662,12.39462,5.985718,-7.45070707500111,0.062336534622994044
05/11/2023 10:30:42.840570,4004,True,True,True,True,Eyes,0.6830919,0.122716,-3.182693,-0.8047556,-0.190651,0.5621572,0.0,0.0,0.0,0.0,0.0,0.0,0.0,2.300567,0.6736079,2.066249,0.5410175,0.1137028,-3.116106,0.1478867,-0.4710516,0.04702408,0.8683482,17.52583,302.5086,356.5335,0.2264989,0.03753757,-0.9732875,0.0,0.0,0.0,-0.9526744,-0.2667409,-2.494314,0.4422916,0.2089601,1.9929,0.5517983,-0.05765793,0.831982,-0.220991,0.9518366,0.2125327,-0.8041651,-0.3011357,0.5124799,moving,-55.06401,-18.73395,12.51305,5.98572,-7.371552707989503,0.12483082639750442
05/11/2023 10:30:42.860392,4005,True,True,True,True,Eyes,0.6762639,0.1227211,-3.180911,-0.7976908,-0.1916678,0.5717978,0.0,0.0,0.0,0.0,0.0,0.0,0.0,2.264325,0.6830702,2.098129,0.5331001,0.1173379,-3.114151,0.1488068,-0.4633853,0.04466303,0.872431,17.52006,303.4948,356.3939,0.2248221,0.03755151,-0.9736757,0.0,0.0,0.0,-0.963405,-0.2588409,-2.483828,0.4466519,0.20896,1.9929,0.5665586,-0.05997894,0.8218356,-0.2158406,0.9517235,0.218255,-0.795251,-0.3010397,0.5262612,moving,-54.36643,-18.53126,12.63247,5.985719,-7.291408099228165,0.1873728949768969
05/11/2023 10:30:42.870414,4006,True,True,True,True,Eyes,0.6694095,0.1227932,-3.17916,-0.7904114,-0.1925599,0.5815243,0.0,0.0,0.0,0.0,0.0,0.0,0.0,2.218839,0.7028092,2.135103,0.5248358,0.1180515,-3.112309,0.1507542,-0.4539669,0.04193284,0.877171,17.61063,304.6835,356.1914,0.2231236,0.0375679,-0.9740658,0.0,0.0,0.0,-0.9742184,-0.2543853,-2.478155,0.4509864,0.2089601,1.9929,0.5843115,-0.06331031,0.8090563,-0.2104394,0.9510296,0.2264022,-0.7837701,-0.3025467,0.5423744,moving,-53.6572,-18.32123,12.75107,5.985722,-7.210055639296311,0.2521080302752656
05/11/2023 10:30:42.890256,4007,True,True,True,True,Eyes,0.6625388,0.1229376,-3.177402,-0.7831162,-0.193471,0.5910143,0.0,0.0,0.0,0.0,0.0,0.0,0.0,2.182852,0.705148,2.168336,0.5177577,0.1199223,-3.111479,0.150142,-0.4463981,0.03940537,0.8812681,17.44629,305.676,356.1177,0.2214041,0.03758851,-0.9744572,0.0,0.0,0.0,-0.9821799,-0.2568688,-2.466769,0.4553472,0.2089599,1.9929,0.5983519,-0.06459276,0.7986256,-0.2034995,0.9518092,0.2294496,-0.77496,-0.2998115,0.5563722,moving,-52.95831,-18.12608,12.87028,5.985716,-7.129498948483313,0.3124672798664756
05/11/2023 10:30:42.910503,4008,True,True,True,True,Eyes,0.6556458,0.1230751,-3.175624,-0.7756202,-0.1942264,0.6005744,0.0,0.0,0.0,0.0,0.0,0.0,0.0,2.154922,0.7068248,2.191534,0.5108722,0.1218536,-3.109707,0.1504493,-0.4403171,0.03941058,0.8842697,17.50456,306.4771,356.2249,0.2196646,0.03761514,-0.9748497,0.0,0.0,0.0,-0.9875671,-0.2604968,-2.451906,0.4597479,0.2089601,1.9929,0.6091353,-0.06279167,0.7905768,-0.20219,0.9516236,0.2313692,-0.7668595,-0.3007818,0.5669717,moving,-52.24884,-17.92126,12.99046,5.98572,-7.047944553281481,0.3756906206313424
05/11/2023 10:30:42.920308,4009,True,True,True,True,Eyes,0.6487672,0.1232483,-3.173827,-0.7681209,-0.194785,0.6099583,0.0,0.0,0.0,0.0,0.0,0.0,0.0,2.120185,0.7015882,2.222315,0.5038618,0.1219182,-3.107628,0.1489966,-0.4330247,0.03882853,0.8881341,17.35464,307.4645,356.3918,0.2179063,0.03764702,-0.9752431,0.0,0.0,0.0,-0.9928888,-0.2625103,-2.437588,0.4640101,0.2089601,1.992901,0.6219638,-0.06006858,0.7807387,-0.1980083,0.9525847,0.2310305,-0.7575973,-0.2982853,0.5805792,moving,-51.54721,-17.71045,13.10675,5.985719,-6.967563940205477,0.44061220885524044
05/11/2023 10:30:42.940185,4010,True,True,True,True,Eyes,0.6418953,0.1234431,-3.171979,-0.7604555,-0.1951764,0.6193655,0.0,0.0,0.0,0.0,0.0,0.0,0.0,2.089033,0.6937987,2.24986,0.4977154,0.1230482,-3.105547,0.1473593,-0.4265564,0.0382733,0.891555,17.18207,308.3421,356.5514,0.2161313,0.03768473,-0.9756365,0.0,0.0,0.0,-0.9979197,-0.2618502,-2.421141,0.4684001,0.2089601,1.9929,0.6331696,-0.05746855,0.7718768,-0.1939595,0.9536408,0.2301063,-0.749317,-0.2954091,0.5926698,moving,-50.83834,-17.49085,13.22642,5.985719,-6.886572341572026,0.5081247135262741
05/11/2023 10:30:42.960267,4011,True,True,True,True,Eyes,0.6350285,0.1236011,-3.170072,-0.7526863,-0.1954463,0.6287003,0.0,0.0,0.0,0.0,0.0,0.0,0.0,2.055986,0.6857319,2.277277,0.4913746,0.1238494,-3.102662,0.1456296,-0.4198634,0.03762809,0.8950368,16.99481,309.2452,356.7071,0.2143416,0.0377284,-0.9760296,0.0,0.0,0.0,-1.003288,-0.2557206,-2.402417,0.4728235,0.2089601,1.9929,0.6445977,-0.05493205,0.7625459,-0.1896462,0.9547523,0.2290905,-0.7406268,-0.2922851,0.6050135,moving,-50.12883,-17.26908,13.34687,5.985721,-6.805572736060937,0.5762707921695966
05/11/2023 10:30:42.980253,4012,True,True,True,True,Eyes,0.6281819,0.1237054,-3.16811,-0.7446008,-0.1956931,0.6381802,0.0,0.0,0.0,0.0,0.0,0.0,0.0,2.013458,0.6869778,2.309094,0.4851096,0.1231413,-3.099576,0.1447418,-0.411619,0.03565755,0.8990819,16.83545,310.3134,356.7035,0.2125386,0.03777639,-0.976422,0.0,0.0,0.0,-1.009556,-0.2453206,-2.385915,0.4770005,0.20896,1.9929,0.6585966,-0.0550388,0.7504807,-0.183275,0.9555568,0.2309147,-0.7298361,-0.289624,0.6192392,moving,-49.40088,-17.04776,13.46051,5.985719,-6.722262762214304,0.64438340779712
05/11/2023 10:30:42.995611,4013,True,True,True,True,Eyes,0.6213514,0.1237483,-3.166096,-0.7363271,-0.1960585,0.6475983,0.0,0.0,0.0,0.0,0.0,0.0,0.0,1.963622,0.6974005,2.343396,0.4792579,0.1218869,-3.096634,0.1449268,-0.4022407,0.0325105,0.9034055,16.73883,311.4883,356.5366,0.2107232,0.03782667,-0.9768134,0.0,0.0,0.0,-1.014208,-0.2419501,-2.366726,0.4813512,0.20896,1.9929,0.674291,-0.05785057,0.7361962,-0.1753313,0.9558786,0.2357013,-0.7173496,-0.2880095,0.6343974,moving,-48.66843,-16.84353,13.57876,5.985719,-6.6378282123775465,0.7075565643216875
05/11/2023 10:30:43.010643,4014,True,True,True,True,Eyes,0.6145448,0.1237807,-3.164028,-0.7277115,-0.196547,0.6571189,0.0,0.0,0.0,0.0,0.0,0.0,0.0,1.911322,0.7137747,2.376294,0.4733708,0.1203501,-3.093676,0.1459741,-0.392559,0.02879945,0.9076121,16.71353,312.6729,356.2686,0.2088978,0.03787717,-0.9772034,0.0,0.0,0.0,-1.017874,-0.2388862,-2.346157,0.4858616,0.2089601,1.9929,0.6901362,-0.06232942,0.7209904,-0.1668844,0.9557243,0.2423648,-0.7041745,-0.2875867,0.649178,moving,-47.91816,-16.65214,13.70122,5.985719,-6.550751298683066,0.7670947523892941
05/11/2023 10:30:43.020072,4015,True,True,True,True,Eyes,0.6077504,0.1237926,-3.161889,-0.7188957,-0.1973376,0.6665184,0.0,0.0,0.0,0.0,0.0,0.0,0.0,1.85774,0.7349492,2.407132,0.4676543,0.1199623,-3.090719,0.1480461,-0.382772,0.02491187,0.9115632,16.79678,313.8434,355.9317,0.2070638,0.03792758,-0.9775916,0.0,0.0,0.0,-1.021061,-0.2389678,-2.328513,0.489932,0.2089601,1.9929,0.7057301,-0.06791834,0.7052179,-0.1587533,0.9549235,0.2508356,-0.6904655,-0.2889779,0.6631359,moving,-47.16511,-16.49256,13.81162,5.985719,-6.462277799592843,0.8174095102929986
05/11/2023 10:30:43.040163,4016,True,True,True,True,Eyes,0.6009825,0.1237799,-3.159685,-0.7096971,-0.1983354,0.6760126,0.0,0.0,0.0,0.0,0.0,0.0,0.0,1.80152,0.7600718,2.436287,0.4617218,0.1193477,-3.087271,0.1509937,-0.372561,0.02165624,0.9153854,17.01196,315.0536,355.6301,0.2052223,0.03797735,-0.9779779,0.0,0.0,0.0,-1.024326,-0.2428081,-2.312792,0.4942116,0.20896,1.9929,0.7214586,-0.07286112,0.6886136,-0.1521563,0.9534639,0.2602983,-0.6755338,-0.2925714,0.6767985,moving,-46.3925,-16.35117,13.92759,5.985718,-6.370768650103488,0.8625447558057457
05/11/2023 10:30:43.060603,4017,True,True,True,True,Eyes,0.594263,0.1237211,-3.157421,-0.7003553,-0.1995697,0.6853279,0.0,0.0,0.0,0.0,0.0,0.0,0.0,1.744599,0.7822852,2.465174,0.4561219,0.1186774,-3.083917,0.1539209,-0.3620996,0.02020019,0.9191214,17.3119,316.3146,355.5342,0.203375,0.03802586,-0.9783618,0.0,0.0,0.0,-1.027368,-0.2464606,-2.295492,0.4987015,0.20896,1.9929,0.7369516,-0.07433659,0.6718456,-0.1486023,0.9518006,0.2683151,-0.6594086,-0.2975731,0.6903844,moving,-45.62133,-16.23573,14.04914,5.985718,-6.278581767682134,0.900136150902628
05/11/2023 10:30:43.080268,4018,True,True,True,True,Eyes,0.5876058,0.1236353,-3.155092,-0.6906805,-0.2010066,0.6946631,0.0,0.0,0.0,0.0,0.0,0.0,0.0,1.691691,0.8028064,2.49016,0.4510988,0.1175694,-3.080568,0.1570896,-0.3522111,0.02107576,0.9224023,17.73685,317.5275,355.6782,0.2015233,0.03807184,-0.9787431,0.0,0.0,0.0,-1.027868,-0.2541044,-2.276861,0.5030418,0.2089601,1.9929,0.7510063,-0.07177672,0.6563823,-0.149538,0.9497573,0.2749533,-0.6431391,-0.3046458,0.7025403,moving,-44.83529,-16.13824,14.16651,5.98572,-6.183950996414576,0.9325930054262219
05/11/2023 10:30:43.090191,4019,True,True,True,True,Eyes,0.5876058,0.1236353,-3.155092,-0.6906805,-0.2010066,0.6946631,0.0,0.0,0.0,0.0,0.0,0.0,0.0,1.640869,0.8196034,2.513379,0.4464075,0.1169233,-3.077064,0.1599143,-0.3426669,0.02282952,0.9254652,18.15786,318.7148,355.9362,0.1996702,0.03811476,-0.9791212,0.0,0.0,0.0,-1.026212,-0.2661501,-2.256478,0.5073293,0.2089599,1.9929,0.7641164,-0.06733882,0.6415539,-0.1518505,0.9478124,0.2803444,-0.6269509,-0.3116361,0.7140137,moving,-44.83529,-16.13824,14.28233,5.985717,-6.183950996414576,0.9325930054262219
05/11/2023 10:30:43.105919,4020,True,True,True,True,Eyes,0.5876058,0.1236353,-3.155092,-0.6906805,-0.2010066,0.6946631,0.0,0.0,0.0,0.0,0.0,0.0,0.0,1.589935,0.8360673,2.534952,0.4419656,0.1173432,-3.073073,0.1629242,-0.3331689,0.02489962,0.9283503,18.60808,319.8976,356.2289,0.1980013,0.03815329,-0.9794586,0.0,0.0,0.0,-1.021234,-0.2820908,-2.233778,0.5117143,0.2089601,1.9929,0.7767571,-0.06233139,0.6267083,-0.1547937,0.9456714,0.2859099,-0.6104813,-0.319093,0.7249084,moving,-44.83529,-16.13824,14.40066,5.985722,-6.183950996414576,0.9325930054262219
05/11/2023 10:30:43.130272,4021,True,True,True,True,Eyes,0.580655,0.1235481,-3.152331,-0.6793693,-0.2028456,0.7052028,0.0,0.0,0.0,0.0,0.0,0.0,0.0,1.535324,0.8547875,2.556724,0.4377882,0.1174264,-3.069083,0.1662059,-0.3230797,0.02701277,0.9312709,19.088,321.1519,356.537,0.1964991,0.03818785,-0.9797597,0.0,0.0,0.0,-1.015301,-0.2957655,-2.209812,0.5161403,0.2089602,1.992901,0.7897797,-0.05708306,0.6107287,-0.1577079,0.9432919,0.2921108,-0.59277,-0.3270199,0.7359903,moving,-43.93109,-16.04743,14.51997,5.985722,-6.074390447972489,0.9637328805076271
05/11/2023 10:30:43.150099,4022,True,True,True,True,Eyes,0.5738199,0.1234676,-3.1495,-0.6677735,-0.2046688,0.7156739,0.0,0.0,0.0,0.0,0.0,0.0,0.0,1.479327,0.8684124,2.579587,0.4338285,0.1171794,-3.065107,0.1685183,-0.3127931,0.02907277,0.9343003,19.45588,322.4474,356.8935,0.1949532,0.03822105,-0.9800672,0.0,0.0,0.0,-1.010927,-0.3037219,-2.188049,0.5206969,0.20896,1.9929,0.8026305,-0.05109731,0.5942839,-0.1597481,0.9415127,0.2967058,-0.5746868,-0.3330809,0.7475241,moving,-43.01699,-15.9595,14.64268,5.98572,-5.963502384775684,0.9940885586445587
05/11/2023 10:30:43.160379,4023,True,True,True,True,Eyes,0.5738199,0.1234676,-3.1495,-0.6677735,-0.2046688,0.7156739,0.0,0.0,0.0,0.0,0.0,0.0,0.0,1.42802,0.8715137,2.601851,0.4301891,0.1174327,-3.060972,0.1691303,-0.3034164,0.03096542,0.9372164,19.62206,323.6528,357.2866,0.1933712,0.03825327,-0.9803793,0.0,0.0,0.0,-1.007849,-0.3052477,-2.165448,0.5250223,0.2089601,1.9929,0.8139592,-0.04459122,0.5792081,-0.1606764,0.9408721,0.2982326,-0.5582593,-0.3358142,0.7586669,moving,-43.01699,-15.9595,14.75902,5.985721,-5.963502384775684,0.9940885586445587
05/11/2023 10:30:43.180066,4024,True,True,True,True,Eyes,0.5738199,0.1234676,-3.1495,-0.6677735,-0.2046688,0.7156739,0.0,0.0,0.0,0.0,0.0,0.0,0.0,1.378163,0.8671106,2.624167,0.4265215,0.1175984,-3.056423,0.1682873,-0.2945066,0.03169934,0.9401811,19.57937,324.7994,357.5962,0.1919471,0.03828217,-0.9806579,0.0,0.0,0.0,-1.005113,-0.3011045,-2.141657,0.5293267,0.20896,1.9929,0.824522,-0.03951719,0.5644482,-0.1587297,0.9413491,0.2977697,-0.5431099,-0.3351124,0.7698905,moving,-43.01699,-15.9595,14.87467,5.985718,-5.963502384775684,0.9940885586445587
05/11/2023 10:30:43.190248,4025,True,True,True,True,Eyes,0.5667647,0.1234457,-3.146127,-0.6551241,-0.2057566,0.726964,0.0,0.0,0.0,0.0,0.0,0.0,0.0,1.330306,0.8568326,2.645686,0.4226888,0.1185462,-3.051362,0.1664069,-0.2861778,0.03100686,0.9431064,19.36749,325.8589,357.767,0.1906652,0.03830811,-0.980907,0.0,0.0,0.0,-1.003199,-0.2953572,-2.118886,0.5336058,0.20896,1.9929,0.8342817,-0.03675839,0.5501117,-0.1537295,0.9426947,0.2961319,-0.5294727,-0.3316258,0.780822,moving,-42.02448,-15.80339,14.98953,5.985719,-5.845105062324029,1.0446581131914279
05/11/2023 10:30:43.210453,4026,True,True,True,True,Eyes,0.5598168,0.1233716,-3.142658,-0.6422155,-0.2067243,0.7381222,0.0,0.0,0.0,0.0,0.0,0.0,0.0,1.281127,0.8521705,2.664266,0.418925,0.1190147,-3.045674,0.1652892,-0.2778582,0.02923019,0.9458436,19.20319,326.8825,357.7813,0.1893166,0.03833632,-0.981167,0.0,0.0,0.0,-1.001021,-0.2900762,-2.096632,0.538051,0.2089601,1.9929,0.8438809,-0.03655955,0.5352835,-0.1471483,0.9436501,0.2964318,-0.5159578,-0.3289192,0.7909486,moving,-41.02545,-15.64585,15.10872,5.98572,-5.725943321683198,1.095677336794643
05/11/2023 10:30:43.221847,4027,True,True,True,True,Eyes,0.5529946,0.1232437,-3.13911,-0.6292998,-0.2073305,0.7489966,0.0,0.0,0.0,0.0,0.0,0.0,0.0,1.224181,0.8521962,2.684198,0.4149422,0.1176509,-3.040355,0.1644669,-0.2683048,0.02630038,0.9488264,19.03915,328.0309,357.6752,0.1879113,0.03836502,-0.9814361,0.0,0.0,0.0,-0.9977534,-0.2866776,-2.073526,0.5421307,0.2089599,1.9929,0.8546416,-0.03834557,0.5178003,-0.1381635,0.9445178,0.2979881,-0.5004982,-0.3262142,0.8019263,moving,-40.03666,-15.47267,15.21798,5.985716,-5.608572816266037,1.1511846546455677
05/11/2023 10:30:43.245467,4028,True,True,True,True,Eyes,0.5462946,0.1230692,-3.135463,-0.6162494,-0.2079391,0.7596038,0.0,0.0,0.0,0.0,0.0,0.0,0.0,1.175514,0.85579,2.698416,0.4115039,0.1161938,-3.035263,0.1645059,-0.2601058,0.02450725,0.951148,19.00725,329.0157,357.6385,0.1864581,0.03839254,-0.9817122,0.0,0.0,0.0,-0.9953534,-0.2828054,-2.052571,0.5465322,0.2089599,1.9929,0.8634887,-0.03895782,0.5028613,-0.1321979,0.9446744,0.3001899,-0.486735,-0.3256878,0.8105656,moving,-39.05164,-15.30947,15.33574,5.985716,-5.491342033316079,1.2037737580289711
05/11/2023 10:30:43.260129,4029,True,True,True,True,Eyes,0.5397207,0.1228609,-3.131704,-0.6032626,-0.2083741,0.7698405,0.0,0.0,0.0,0.0,0.0,0.0,0.0,1.132508,0.8606834,2.708305,0.4080244,0.1149333,-3.029616,0.1650748,-0.2527569,0.023993,0.9530417,19.07316,329.9087,357.713,0.1849658,0.03841762,-0.9819935,0.0,0.0,0.0,-0.9934382,-0.2816069,-2.032583,0.5510355,0.20896,1.9929,0.8710766,-0.03771492,0.489697,-0.1291802,0.9443493,0.3025175,-0.4738544,-0.3267751,0.8177286,moving,-38.08297,-15.14544,15.45609,5.985717,-5.376173994015679,1.2565177013362145
05/11/2023 10:30:43.270272,4030,True,True,True,True,Eyes,0.5332726,0.1226233,-3.127824,-0.5901732,-0.2088051,0.7798052,0.0,0.0,0.0,0.0,0.0,0.0,0.0,1.091568,0.8654451,2.716174,0.4047866,0.1139503,-3.023455,0.1657682,-0.2457864,0.02384095,0.954747,19.16277,330.7586,357.8181,0.1834425,0.03843952,-0.9822783,0.0,0.0,0.0,-0.9886115,-0.2829064,-2.009305,0.5573348,0.2089601,1.992901,0.8780413,-0.035963,0.4772318,-0.1270113,0.943905,0.3048138,-0.4614235,-0.3282529,0.8242199,moving,-37.11921,-14.99019,15.62418,5.98572,-5.261327219988691,1.306685917095348
05/11/2023 10:30:43.290133,4031,True,True,True,True,Eyes,0.5269469,0.1223994,-3.123798,-0.5768183,-0.2092242,0.7896239,0.0,0.0,0.0,0.0,0.0,0.0,0.0,1.050502,0.868508,2.723684,0.4016217,0.1130457,-3.016991,0.1661893,-0.2388449,0.02348437,0.9564428,19.21533,331.6034,357.9084,0.1818944,0.03845775,-0.9825655,0.0,0.0,0.0,-0.9834594,-0.2884379,-1.989368,0.5596203,0.2089602,1.992901,0.8848032,-0.03446401,0.4646887,-0.1243098,0.9436592,0.3066828,-0.4490773,-0.3291192,0.8306685,moving,-36.14804,-14.84046,15.68511,5.985723,-5.14537571409573,1.355290113100585
05/11/2023 10:30:43.310634,4032,True,True,True,True,Eyes,0.3718421,0.1159193,-3.01957,-0.1915535,-0.2028724,0.9602864,0.0,0.0,0.0,0.0,0.0,0.0,0.0,1.009831,0.8696535,2.730285,0.3984953,0.1131828,-3.009801,0.1665033,-0.2320215,0.02308193,0.9580761,19.25401,332.4329,357.9946,0.1803287,0.03847324,-0.9828535,0.0,0.0,0.0,-0.9770043,-0.2935141,-1.966754,0.5640135,0.2089601,1.9929,0.8912666,-0.03303616,0.4522749,-0.1214931,0.9434878,0.3083346,-0.436902,-0.3297566,0.8368855,moving,-11.28103,-11.92904,15.80212,5.98572,-2.1459496842621397,2.3319183817819336
05/11/2023 10:30:43.330495,4033,True,True,True,True,Eyes,0.371743,0.1158467,-3.019292,-0.1886167,-0.2038179,0.9606675,0.0,0.0,0.0,0.0,0.0,0.0,0.0,0.9646679,0.8761367,2.736031,0.3954916,0.112255,-3.002508,0.1675347,-0.224469,0.02255579,0.9597069,19.37166,333.3401,358.0611,0.1739508,0.03843287,-0.9840039,-0.4653143,-0.01944025,0.3126826,-0.9694891,-0.297597,-1.94354,0.5687238,0.2089601,1.992901,0.8982098,-0.03191879,0.4384066,-0.1185066,0.9428468,0.3114422,-0.4232911,-0.3316945,0.8430916,moving,-11.10811,-11.97841,15.92741,5.98572,-2.122793271640138,2.3184923223612692
05/11/2023 10:30:43.340356,4034,True,True,True,True,Eyes,0.3715404,0.1157511,-3.018728,-0.1852984,-0.2047674,0.9611112,0.0,0.0,0.0,0.0,0.0,0.0,0.0,0.9205049,0.8802115,2.742228,0.392757,0.1105563,-2.995903,0.1680644,-0.2169873,0.02258244,0.9613329,19.44683,334.2538,358.2062,0.1685465,0.03839701,-0.9849453,-0.4373955,-0.01827383,0.2939217,-0.9613385,-0.3017783,-1.919829,0.5723603,0.2089602,1.9929,0.9048132,-0.0295172,0.4247846,-0.1163542,0.9424888,0.3133315,-0.4096034,-0.3329319,0.8493418,moving,-10.9125,-12.0272,16.02405,5.985722,-2.0968314440220723,2.3053543347449494
05/11/2023 10:30:43.360471,4035,True,True,True,True,Eyes,0.3712405,0.115618,-3.017873,-0.1815221,-0.2057,0.9616326,0.0,0.0,0.0,0.0,0.0,0.0,0.0,0.8842003,0.8836512,2.744954,0.3902779,0.1098296,-2.98882,0.168779,-0.2108253,0.02318602,0.9625636,19.55415,335.0138,358.3867,0.1639137,0.03836406,-0.9857281,-0.4111517,-0.0171774,0.2762864,-0.9517994,-0.3041626,-1.893888,0.5766689,0.20896,1.9929,0.9100302,-0.02652974,0.4136922,-0.1158018,0.941952,0.3151447,-0.3980389,-0.3346975,0.8541326,moving,-10.68963,-12.07401,16.13842,5.985719,-2.067541538629796,2.292935094320873
05/11/2023 10:30:43.376126,4036,True,True,True,True,Eyes,0.3708573,0.1154416,-3.016741,-0.177402,-0.2066232,0.9622034,0.0,0.0,0.0,0.0,0.0,0.0,0.0,0.845548,0.8875173,2.747292,0.3878474,0.1088541,-2.981271,0.1695188,-0.2043199,0.02352883,0.9638274,19.657,335.8102,358.5447,0.1597349,0.03833045,-0.9864152,-0.3864826,-0.01614676,0.2597092,-0.9410717,-0.3071814,-1.86752,0.5812511,0.2089599,1.9929,0.9153996,-0.02391668,0.4018354,-0.1146276,0.9414195,0.317159,-0.385881,-0.3363886,0.8590335,moving,-10.44635,-12.11962,16.25991,5.985716,-2.0357505198422956,2.2809719616032726
05/11/2023 10:30:43.390295,4037,True,True,True,True,Eyes,0.3703883,0.1152502,-3.015318,-0.1728839,-0.2074568,0.9628462,0.0,0.0,0.0,0.0,0.0,0.0,0.0,0.8085256,0.8904601,2.749037,0.385671,0.1076834,-2.973802,0.1700439,-0.1981693,0.02342187,0.965021,19.7231,336.5562,358.6493,0.1559637,0.03829529,-0.98702,-0.3632937,-0.01517795,0.2441266,-0.9298139,-0.3105478,-1.841079,0.5856961,0.20896,1.9929,0.9203607,-0.02218974,0.3904405,-0.1126001,0.9410731,0.3189088,-0.3745095,-0.3374747,0.8636281,moving,-10.17928,-12.15918,16.37761,5.985718,-2.001197797580571,2.2708912680632856
05/11/2023 10:30:43.411286,4038,True,True,True,True,Eyes,0.3698478,0.1150405,-3.013621,-0.1681081,-0.2082399,0.9635226,0.0,0.0,0.0,0.0,0.0,0.0,0.0,0.7732015,0.8905375,2.750063,0.3833191,0.1071496,-2.965692,0.1702147,-0.1923456,0.02298415,0.9661791,19.74031,337.2585,358.7175,0.1525583,0.03825872,-0.9875534,-0.3414961,-0.01426728,0.229479,-0.919776,-0.3133845,-1.817258,0.5901464,0.20896,1.9929,0.9249498,-0.02106648,0.3795051,-0.1098937,0.9409974,0.3200739,-0.3638561,-0.3377575,0.8680603,moving,-9.89691,-12.19539,16.49531,5.985719,-1.9648510844892093,2.2618641314593355
05/11/2023 10:30:43.430284,4039,True,True,True,True,Eyes,0.3692435,0.1147959,-3.011645,-0.1630517,-0.2088881,0.9642509,0.0,0.0,0.0,0.0,0.0,0.0,0.0,0.7399481,0.8890699,2.750749,0.381237,0.1065392,-2.957684,0.1701258,-0.1868767,0.02264609,0.9672753,19.72956,337.9211,358.7962,0.149481,0.03822071,-0.9880254,-0.3210063,-0.01341124,0.2157103,-0.9105087,-0.3170329,-1.795051,0.5942003,0.2089601,1.9929,0.9291285,-0.01977508,0.3692279,-0.1073951,0.9410888,0.3206528,-0.3538171,-0.3375809,0.8722686,moving,-9.597741,-12.22326,16.6024,5.98572,-1.926688570624342,2.255347623868627
05/11/2023 10:30:43.440159,4040,True,True,True,True,Eyes,0.3685853,0.1145171,-3.009408,-0.1577653,-0.209447,0.9650089,0.0,0.0,0.0,0.0,0.0,0.0,0.0,0.7054858,0.8855379,2.751607,0.3792653,0.1054845,-2.949281,0.1696171,-0.1812475,0.02211718,0.9684474,19.66669,338.6025,358.8654,0.1466986,0.0381807,-0.9884439,-0.3017459,-0.01260657,0.2027677,-0.9014812,-0.3211955,-1.773964,0.5986091,0.20896,1.9929,0.9333203,-0.01864671,0.3585603,-0.104324,0.9414817,0.3205131,-0.3435545,-0.3365478,0.8767588,moving,-9.28491,-12.24564,16.71873,5.985717,-1.8870066456109824,2.250497524161966
05/11/2023 10:30:43.460154,4041,True,True,True,True,Eyes,0.351041,0.1066326,-2.947062,-0.01733831,-0.2170491,0.9760067,0.0,0.0,0.0,0.0,0.0,0.0,0.0,0.6720568,0.8807604,2.752443,0.3774818,0.104412,-2.941079,0.1688776,-0.1758213,0.02136014,0.9695932,19.57232,339.2555,358.9076,0.1441811,0.03813812,-0.9888158,-0.2836412,-0.01185017,0.1906016,-0.8933225,-0.3251863,-1.753873,0.6030757,0.20896,1.9929,0.9372612,-0.01796329,0.3481648,-0.1008059,0.9420482,0.3199741,-0.3337358,-0.3349963,0.8811345,moving,-1.017726,-12.53769,16.83645,5.98572,-0.8482196665634866,2.2092700671143817
05/11/2023 10:30:43.480363,4042,True,True,True,True,Eyes,0.350976,0.106568,-2.94672,-0.01688695,-0.2169523,0.9760362,0.0,0.0,0.0,0.0,0.0,0.0,0.0,0.6386595,0.875914,2.752717,0.3758858,0.1032373,-2.93268,0.1681297,-0.1704171,0.02062142,0.9707035,19.4775,339.9051,358.9504,0.1415877,0.03791605,-0.989199,-0.3192559,-0.03479242,0.3662042,-0.8846312,-0.3284765,-1.733894,0.6072795,0.2089601,1.9929,0.9410656,-0.0172698,0.3377831,-0.09733891,0.9426143,0.3193797,-0.3239148,-0.3334367,0.8853808,moving,-0.9912073,-12.53191,16.94711,5.985721,-0.8451093636302012,2.2110884812274603
05/11/2023 10:30:43.490679,4043,True,True,True,True,Eyes,0.3508588,0.1064465,-2.946038,-0.01596089,-0.2167197,0.9761034,0.0,0.0,0.0,0.0,0.0,0.0,0.0,0.6045272,0.8698339,2.753285,0.3744254,0.1016847,-2.924399,0.1671227,-0.1648043,0.02042386,0.97185,19.36399,340.5915,359.0655,0.1392523,0.03771422,-0.9895383,-0.3001005,-0.03270488,0.3442319,-0.8751702,-0.3319991,-1.712967,0.6117667,0.2089602,1.9929,0.9448448,-0.01538721,0.3271566,-0.09478293,0.9433057,0.3181045,-0.3135035,-0.3315683,0.8898191,moving,-0.9367965,-12.51806,17.06507,5.985723,-0.8387934164025724,2.2153975999719067
05/11/2023 10:30:43.511345,4044,True,True,True,True,Eyes,0.3507032,0.1062678,-2.945048,-0.01466439,-0.2163728,0.9762007,0.0,0.0,0.0,0.0,0.0,0.0,0.0,0.5709949,0.8647699,2.752694,0.3732199,0.100324,-2.91579,0.1663493,-0.1593244,0.02027319,0.9728992,19.27741,341.2595,359.1769,0.1371483,0.03752912,-0.9898391,-0.2820945,-0.03074259,0.323578,-0.866833,-0.3321283,-1.693475,0.616024,0.2089601,1.9929,0.9484095,-0.01355949,0.3167581,-0.09245457,0.9438338,0.3172222,-0.3032684,-0.3301423,0.8938872,moving,-0.860627,-12.49745,17.17686,5.985721,-0.8299920800559912,2.221784642359928
05/11/2023 10:30:43.520326,4045,True,True,True,True,Eyes,0.3505157,0.1060433,-2.94375,-0.01297791,-0.2158818,0.9763333,0.0,0.0,0.0,0.0,0.0,0.0,0.0,0.5413181,0.8559121,2.752689,0.3722713,0.09880851,-2.907673,0.1648918,-0.1544093,0.02081257,0.9739278,19.12394,341.8762,359.3704,0.1352529,0.03735759,-0.9901064,-0.2651688,-0.02889803,0.3041633,-0.8580361,-0.3310208,-1.672855,0.6202354,0.2089599,1.9929,0.9514492,-0.0103818,0.3076307,-0.09146154,0.9447551,0.3147581,-0.2939034,-0.3276127,0.8979369,moving,-0.7615594,-12.46833,17.28732,5.985717,-0.8186213094159086,2.230763841293622
05/11/2023 10:30:43.540500,4046,True,True,True,True,Eyes,0.3502979,0.1058169,-2.942137,-0.01101394,-0.21515,0.9765189,0.0,0.0,0.0,0.0,0.0,0.0,0.0,0.5119938,0.8434699,2.753088,0.3714457,0.09759656,-2.899237,0.1628544,-0.1496181,0.02101595,0.9750136,18.89647,342.4737,359.5306,0.1335453,0.03719708,-0.9903442,-0.2492587,-0.02716415,0.2859135,-0.8471982,-0.3273399,-1.649637,0.6246067,0.20896,1.9929,0.9543455,-0.007750254,0.2986044,-0.0897136,0.9460735,0.3112818,-0.2849143,-0.3238592,0.9021857,moving,-0.6461988,-12.4251,17.40182,5.985718,-0.8056882801835826,2.243926693468518
05/11/2023 10:30:43.560469,4047,True,True,True,True,Eyes,0.3500438,0.1057508,-2.940175,-0.008739251,-0.2142211,0.9767461,0.0,0.0,0.0,0.0,0.0,0.0,0.0,0.4845821,0.8233408,2.754548,0.3706264,0.09755519,-2.890218,0.1596766,-0.1452467,0.02063547,0.9762075,18.52687,343.0144,359.6316,0.1320076,0.0370469,-0.9905559,-0.2343032,-0.0255343,0.2687587,-0.8341217,-0.3246555,-1.624857,0.6291165,0.2089601,1.9929,0.9569551,-0.006095999,0.2901719,-0.08667402,0.9481552,0.3057605,-0.2769919,-0.3177494,0.9068135,moving,-0.5126295,-12.37032,17.51981,5.985721,-0.7908699727512514,2.2605398379694988
05/11/2023 10:30:43.576177,4048,True,True,True,True,Eyes,0.349787,0.1058232,-2.937881,-0.006233132,-0.2131779,0.9769936,0.0,0.0,0.0,0.0,0.0,0.0,0.0,0.4631505,0.7953262,2.755786,0.3695737,0.1013378,-2.880027,0.1558151,-0.1420291,0.01930622,0.9773315,18.06224,343.4005,359.6069,0.1306227,0.0369118,-0.9907445,-0.220245,-0.02400224,0.2526332,-0.8164123,-0.3234534,-1.597284,0.6336485,0.2089601,1.9929,0.95891,-0.006523377,0.2836353,-0.08199769,0.9506978,0.2990819,-0.2716025,-0.31005,0.9110988,moving,-0.365537,-12.30889,17.63822,5.985719,-0.774587841398801,2.2791555394443175
05/11/2023 10:30:43.591007,4049,True,True,True,True,Eyes,0.3494931,0.1057995,-2.935237,-0.003170616,-0.2120349,0.977257,0.0,0.0,0.0,0.0,0.0,0.0,0.0,0.4361131,0.7781008,2.754762,0.3693461,0.1045897,-2.870016,0.1537325,-0.1379366,0.0179594,0.9782727,17.80263,343.8799,359.5624,0.1293769,0.03679541,-0.9909123,-0.2070303,-0.02256211,0.2374752,-0.7963271,-0.3242912,-1.569432,0.6376642,0.2089601,1.9929,0.9613019,-0.007272284,0.2754011,-0.07754907,0.9520875,0.29583,-0.2643574,-0.305739,0.9146797,moving,-0.1858899,-12.24169,17.74301,5.985721,-0.7544436966075152,2.299618574724491
05/11/2023 10:30:43.611007,4050,True,True,True,True,Eyes,0.3492135,0.1058355,-2.932361,5.982518e-05,-0.2107162,0.9775473,0.0,0.0,0.0,0.0,0.0,0.0,0.0,0.3912214,0.7587755,2.755576,0.3683404,0.1022691,-2.859346,0.1503218,-0.1306791,0.01597924,0.9798322,17.38293,344.7335,359.5213,0.1282563,0.03669303,-0.9910617,-0.1946085,-0.02120838,0.2232267,-0.7737705,-0.326061,-1.540817,0.6418304,0.2089601,1.9929,0.9653353,-0.00797386,0.2608911,-0.07060175,0.9542961,0.2904038,-0.251283,-0.2987565,0.9206527,moving,0.00350646,-12.16433,17.85159,5.98572,-0.7334214443834408,2.323083624302761
05/11/2023 10:30:43.620423,4051,True,True,True,True,Eyes,0.3489339,0.1058606,-2.929171,0.0035943,-0.2095153,0.9777988,0.0,0.0,0.0,0.0,0.0,0.0,0.0,0.3676942,0.7396395,2.755534,0.3684924,0.1038011,-2.851083,0.1475375,-0.1270048,0.01563777,0.9807436,17.05953,345.1815,359.5923,0.1272498,0.03660556,-0.9911947,-0.182932,-0.01993588,0.2098331,-0.7511402,-0.3248007,-1.512642,0.6463255,0.20896,1.9929,0.9672505,-0.006802651,0.2537325,-0.06814922,0.9559762,0.2854208,-0.2445039,-0.2933651,0.9242049,moving,0.2106132,-12.09403,17.96861,5.985717,-0.7099613572839847,2.3445917236820826
05/11/2023 10:30:43.640766,4052,True,True,True,True,Eyes,0.3486602,0.1059465,-2.925712,0.007451674,-0.2082442,0.9780485,0.0,0.0,0.0,0.0,0.0,0.0,0.0,0.3385494,0.7274177,2.751655,0.3683221,0.1036306,-2.840591,0.1457914,-0.1223716,0.01528145,0.9815991,16.8554,345.7373,359.6599,0.126347,0.03653153,-0.991313,-0.171956,-0.01873973,0.1972431,-0.7282482,-0.322755,-1.485062,0.6506112,0.2089599,1.9929,0.9695833,-0.005680911,0.2446954,-0.06568195,0.9570227,0.2824773,-0.2357838,-0.2899573,0.9275401,moving,0.4365236,-12.01981,18.08003,5.985717,-0.6842899496096596,2.36733738909219
05/11/2023 10:30:43.660282,4053,True,True,True,True,Eyes,0.3483883,0.1060812,-2.921986,0.01169358,-0.2073264,0.978202,0.0,0.0,0.0,0.0,0.0,0.0,0.0,0.3026475,0.7154645,2.749127,0.3683292,0.1052121,-2.83098,0.1443305,-0.1165414,0.01465535,0.9825335,16.68053,346.4287,359.7104,0.1255389,0.03647197,-0.9914178,-0.1616387,-0.01761534,0.1854085,-0.7009532,-0.3273571,-1.45772,0.6506115,0.2089599,1.9929,0.9724067,-0.004842214,0.2332421,-0.06243971,0.9579079,0.2802032,-0.2247813,-0.287035,0.9311736,static,0.6848904,-11.96655,18.08003,5.985716,-0.6551308540939899,2.3841143648047614
05/11/2023 10:30:43.670197,4054,True,True,True,True,Eyes,0.3481256,0.1063039,-2.918018,0.01625927,-0.2065022,0.9783111,0.0,0.0,0.0,0.0,0.0,0.0,0.0,0.2685495,0.7130282,2.74332,0.3683269,0.1065495,-2.821226,0.1445464,-0.110957,0.01437945,0.9831522,16.70315,347.0885,359.7725,0.1248171,0.03642746,-0.9915106,-0.1519404,-0.01655842,0.174284,-0.6798888,-0.3207069,-1.435144,0.6506116,0.2089599,1.9929,0.9749635,-0.003802503,0.2223323,-0.06035123,0.9577991,0.2810311,-0.2140183,-0.2874131,0.9335898,static,0.9521529,-11.91905,18.08003,5.985717,-0.6234293010411818,2.3993181787732696
05/11/2023 10:30:43.690103,4055,True,True,True,True,Eyes,0.3478628,0.1066052,-2.913814,0.02118118,-0.2060353,0.9783152,0.0,0.0,0.0,0.0,0.0,0.0,0.0,0.2297747,0.7155134,2.736506,0.3683288,0.1088902,-2.811708,0.145823,-0.1045506,0.01363483,0.9836763,16.84216,347.8336,359.7805,0.124175,0.03639982,-0.9915922,-0.1428239,-0.01556492,0.163827,-0.6633412,-0.3195763,-1.417084,0.6506116,0.2089599,1.9929,0.9777665,-0.003667227,0.2096644,-0.05731627,0.9570995,0.2840341,-0.2017113,-0.2897362,0.9356097,static,1.240298,-11.89282,18.08003,5.985715,-0.5884257373001802,2.4084549767826458
05/11/2023 10:30:43.710638,4056,True,True,True,True,Eyes,0.3412805,0.1158636,-2.803541,0.152658,-0.1922083,0.9694079,0.0,0.0,0.0,0.0,0.0,0.0,0.0,0.1866402,0.7132142,2.730739,0.3682131,0.1110321,-2.802238,0.1462652,-0.09746788,0.01144315,0.9843655,16.86919,348.6374,359.6417,0.1236039,0.03639031,-0.9916639,-0.1342545,-0.01463102,0.1539973,-0.6426729,-0.3125638,-1.394358,0.6506114,0.20896,1.9929,0.9807382,-0.005983837,0.1952355,-0.05104081,0.9569511,0.2857262,-0.1885406,-0.2901875,0.9382131,static,8.949191,-11.21481,18.08003,5.985719,0.3488263059695573,2.6460035304891107
05/11/2023 10:30:43.730383,4057,True,True,True,True,Eyes,0.3412674,0.1159197,-2.803167,0.1530383,-0.1923189,0.9693259,0.0,0.0,0.0,0.0,0.0,0.0,0.0,0.1450393,0.7046285,2.72634,0.3680814,0.1130258,-2.793243,0.1455515,-0.09056003,0.009546635,0.9851512,16.76874,349.4291,359.548,0.1233179,0.03684976,-0.9916826,-0.1459461,0.0140221,0.4755754,-0.624181,-0.3037897,-1.374141,0.6506116,0.20896,1.9929,0.9834155,-0.007552541,0.1812097,-0.04517205,0.9574472,0.2850513,-0.1756516,-0.2885095,0.9412273,static,8.971866,-11.22202,18.08003,5.985717,0.3518871162999866,2.6440291936976132
05/11/2023 10:30:43.740268,4058,True,True,True,True,Eyes,0.3412577,0.1160181,-2.802436,0.1538438,-0.1922208,0.9692179,0.0,0.0,0.0,0.0,0.0,0.0,0.0,0.1103827,0.6937023,2.721538,0.3678762,0.114509,-2.784193,0.1442823,-0.08465415,0.009350158,0.9858646,16.62274,350.132,359.6417,0.1230619,0.03726523,-0.9916989,-0.1371893,0.01318077,0.4470409,-0.6048665,-0.29488,-1.352939,0.6506113,0.20896,1.9929,0.9854925,-0.005992205,0.1696132,-0.04286417,0.9581904,0.2829025,-0.1642169,-0.2860686,0.9440327,static,9.019304,-11.21766,18.08003,5.985717,0.357648457725285,2.645545514587414
05/11/2023 10:30:43.760426,4059,True,True,True,True,Eyes,0.3412531,0.1161252,-2.801366,0.1548878,-0.192069,0.9690817,0.0,0.0,0.0,0.0,0.0,0.0,0.0,0.07829863,0.6785564,2.717363,0.3680639,0.1157599,-2.775204,0.1421334,-0.07911325,0.01040885,0.9866261,16.38629,350.8142,359.8835,0.1228334,0.03764479,-0.991712,-0.128958,0.01238992,0.4202185,-0.5791874,-0.2901861,-1.328971,0.6506114,0.20896,1.9929,0.9872655,-0.001949982,0.1590693,-0.04302855,0.9593796,0.278818,-0.1531515,-0.2821119,0.9470783,static,9.08075,-11.21056,18.08003,5.985719,0.36506310017596033,2.6479314275500383
05/11/2023 10:30:43.780327,4060,True,True,True,True,Eyes,0.3412617,0.1162542,-2.799961,0.1563124,-0.1917433,0.9689175,0.0,0.0,0.0,0.0,0.0,0.0,0.0,0.04769686,0.663753,2.712636,0.3682932,0.1162421,-2.766241,0.1398945,-0.0738248,0.01141253,0.9873446,16.1369,351.4637,0.1121837,0.1226321,0.03799172,-0.991723,-0.1212205,0.01164653,0.3950053,-0.5482838,-0.2899852,-1.304114,0.6506113,0.2089599,1.9929,0.9888393,0.001880828,0.1489741,-0.04319158,0.9605986,0.2745632,-0.1425879,-0.2779333,0.9499589,static,9.164389,-11.19388,18.08003,5.985717,0.37492406594459204,2.6532165230616966
05/11/2023 10:30:43.790070,4061,True,True,True,True,Eyes,0.3412727,0.1164089,-2.798226,0.1579545,-0.1913319,0.9687325,0.0,0.0,0.0,0.0,0.0,0.0,0.0,0.0158276,0.6487361,2.707401,0.3687195,0.116959,-2.757081,0.1377223,-0.06843938,0.01121185,0.98804,15.88366,352.1026,0.1968357,0.1224572,0.03831054,-0.9917319,-0.1139473,0.01094774,0.371305,-0.5158405,-0.2936255,-1.280201,0.6506112,0.2089599,1.9929,0.9903807,0.003304257,0.1383299,-0.04100677,0.9618137,0.2706156,-0.1321534,-0.2736849,0.9526972,static,9.260737,-11.17255,18.08002,5.985717,0.3862135492293697,2.65991905359534
05/11/2023 10:30:43.810570,4062,True,True,True,True,Eyes,0.3412856,0.1165345,-2.796181,0.1600627,-0.1908565,0.9684801,0.0,0.0,0.0,0.0,0.0,0.0,0.0,-0.01971245,0.6342714,2.701462,0.3690242,0.1180442,-2.747812,0.1357799,-0.06242234,0.01010159,0.988719,15.64983,352.7996,0.179925,0.1223075,0.03860547,-0.9917387,-0.1071104,0.01029087,0.3490267,-0.4823914,-0.3005895,-1.257918,0.6506114,0.2089599,1.9929,0.9920028,0.003023866,0.1261795,-0.03692666,0.9629235,0.2672352,-0.1206931,-0.2697574,0.9553345,static,9.384561,-11.14832,18.08003,5.985714,0.40082761634541786,2.66760865157079
05/11/2023 10:30:43.820752,4063,True,True,True,True,Eyes,0.3412885,0.116638,-2.793845,0.1623053,-0.1899596,0.9682832,0.0,0.0,0.0,0.0,0.0,0.0,0.0,-0.06080306,0.6253121,2.693605,0.3690904,0.1171524,-2.738661,0.1345912,-0.05540536,0.007906909,0.9893195,15.49675,353.5951,0.04344938,0.1221819,0.03887831,-0.9917433,-0.1006838,0.00967342,0.3280851,-0.4469551,-0.3118864,-1.236068,0.6506111,0.2089599,1.9929,0.9937354,0.0007307666,0.1117556,-0.03055907,0.9636453,0.2654313,-0.1074988,-0.2671836,0.9576309,static,9.515557,-11.09943,18.08002,5.985715,0.41552010162951447,2.682497686712921
05/11/2023 10:30:43.840496,4064,True,True,True,True,Eyes,0.3412927,0.1167442,-2.791219,0.1649601,-0.1891602,0.9679911,0.0,0.0,0.0,0.0,0.0,0.0,0.0,-0.09814841,0.6197531,2.684655,0.3689789,0.1167052,-2.729713,0.1340744,-0.04891568,0.006371238,0.9897428,15.42767,354.3371,359.97,0.1220789,0.03913094,-0.9917459,-0.09464277,0.009093015,0.3084,-0.4095964,-0.3238319,-1.214873,0.6506114,0.20896,1.9929,0.9951333,-0.0005049023,0.09853631,-0.02572845,0.9639669,0.264775,-0.09511944,-0.2660216,0.9592627,static,9.671145,-11.05713,18.08003,5.985717,0.4334915600551468,2.6956025493389264
05/11/2023 10:30:43.860539,4065,True,True,True,True,Eyes,0.3412879,0.1168491,-2.788316,0.1678155,-0.1882478,0.967678,0.0,0.0,0.0,0.0,0.0,0.0,0.0,-0.1350999,0.6197363,2.673671,0.369115,0.1168374,-2.720468,0.1347155,-0.04248449,0.004968207,0.9899607,15.49464,355.0723,359.9043,0.1219975,0.0393659,-0.9917466,-0.08896421,0.008547435,0.289896,-0.3732474,-0.3377966,-1.195971,0.6506113,0.2089601,1.9929,0.9963408,-0.001609976,0.08545454,-0.0212833,0.9636541,0.2663039,-0.08277735,-0.2671482,0.9600937,static,9.83843,-11.00857,18.08003,5.98572,0.4527123871596588,2.7105870787510766
05/11/2023 10:30:43.870484,4066,True,True,True,True,Eyes,0.3412825,0.1169378,-2.785153,0.171131,-0.1876338,0.9672165,0.0,0.0,0.0,0.0,0.0,0.0,0.0,-0.1734812,0.627905,2.660231,0.3690271,0.1168764,-2.711337,0.1368804,-0.03568245,0.003732698,0.9899378,15.74,355.8517,359.8584,0.1219365,0.03958534,-0.9917454,-0.08362636,0.008034589,0.2725022,-0.3376309,-0.3498928,-1.178123,0.6506112,0.2089599,1.9929,0.9974257,-0.002378174,0.07166866,-0.01715873,0.9624997,0.2707397,-0.06962493,-0.2712724,0.9599811,static,10.03359,-10.97864,18.08003,5.985716,0.47601849003513785,2.7203081535857523
05/11/2023 10:30:43.890458,4067,True,True,True,True,Eyes,0.3412695,0.1170052,-2.78176,0.1747219,-0.1872372,0.9666511,0.0,0.0,0.0,0.0,0.0,0.0,0.0,-0.2147942,0.6423029,2.644626,0.3691109,0.1165201,-2.702391,0.1401867,-0.02832116,0.002464978,0.9897168,16.1188,356.696,359.8174,0.121895,0.03979064,-0.9917424,-0.07860878,0.007552513,0.2561521,-0.3016414,-0.3615233,-1.160916,0.6506114,0.2089598,1.9929,0.9983836,-0.003061237,0.05675097,-0.01281976,0.9606832,0.2773506,-0.05536874,-0.2776299,0.9590912,static,10.24557,-10.96226,18.08003,5.985714,0.5018659191169563,2.7261827931916174
05/11/2023 10:30:43.910424,4068,True,True,True,True,Eyes,0.3412641,0.1170608,-2.778156,0.178739,-0.1871421,0.9659349,0.0,0.0,0.0,0.0,0.0,0.0,0.0,-0.2575309,0.6617766,2.627301,0.3690541,0.1160701,-2.693939,0.1444016,-0.02054879,0.001805525,0.9893041,16.60598,357.5995,359.8588,0.1218717,0.0399828,-0.9917376,-0.07389225,0.007099363,0.240783,-0.2626582,-0.3743203,-1.143941,0.6506115,0.2089599,1.9929,0.9991489,-0.002362129,0.04117944,-0.009506982,0.9582898,0.28564,-0.04013656,-0.2857884,0.9574518,static,10.48357,-10.96475,18.08003,5.985716,0.5315756298457126,2.7267144983721128
05/11/2023 10:30:43.920784,4069,True,True,True,True,Eyes,0.3412625,0.1170943,-2.774348,0.1829889,-0.1871203,0.965143,0.0,0.0,0.0,0.0,0.0,0.0,0.0,-0.2968346,0.6811936,2.609701,0.3693287,0.1158853,-2.685673,0.148544,-0.01328588,0.002351813,0.9888139,17.08722,358.4668,0.04219503,0.1218661,0.04016304,-0.9917311,-0.06945872,0.006673401,0.226336,-0.2226453,-0.3831235,-1.126718,0.6506112,0.2089599,1.9929,0.9996359,0.0007039345,0.02697322,-0.008598085,0.9558583,0.2937022,-0.02557583,-0.2938271,0.9555163,static,10.73572,-10.97229,18.08002,5.985715,0.5632135811116417,2.7258542148005214
05/11/2023 10:30:43.940431,4070,True,True,True,True,Eyes,0.3416194,0.1179636,-2.67414,0.2975977,-0.1892675,0.9357422,0.0,0.0,0.0,0.0,0.0,0.0,0.0,-0.3333056,0.6990921,2.592006,0.3695389,0.1154981,-2.67739,0.1522805,-0.006379628,0.00375765,0.9883096,17.52059,359.3111,0.3295251,0.1218774,0.0403321,-0.9917229,-0.0652912,0.006272997,0.2127558,-0.1863697,-0.3842185,-1.109867,0.6506115,0.20896,1.9929,0.9998904,0.005484458,0.01375453,-0.009370429,0.9535931,0.3009526,-0.01146566,-0.3010485,0.9535399,static,17.64243,-11.43464,18.08003,5.985719,1.4382657840160622,2.6279961573649198
05/11/2023 10:30:43.960500,4071,True,True,True,True,Eyes,0.3416263,0.1180036,-2.673779,0.2979921,-0.1890554,0.9356595,0.0,0.0,0.0,0.0,0.0,0.0,0.0,-0.3707261,0.710637,2.575135,0.3700183,0.115664,-2.668983,0.1549656,0.0006925609,0.004928973,0.9879074,17.82895,0.1743004,0.5990676,0.1223495,0.04067335,-0.9916511,-0.06030299,0.008504774,0.5006118,-0.152567,-0.3792531,-1.09265,0.6506113,0.2089599,1.9929,0.9999505,0.009953382,0.000159269,-0.00952409,0.9519227,0.3061901,0.002896014,-0.3061764,0.9519704,static,17.66582,-11.42314,18.08003,5.985714,1.440797708653113,2.6314592469849067
05/11/2023 10:30:43.980472,4072,True,True,True,True,Eyes,0.341649,0.1180682,-2.673059,0.2989357,-0.1888596,0.935398,0.0,0.0,0.0,0.0,0.0,0.0,0.0,-0.4081632,0.714077,2.559641,0.3703053,0.1167287,-2.66036,0.1563699,0.00779445,0.005518718,0.9876524,17.98646,1.031501,0.8035511,0.1227754,0.04097889,-0.9915861,-0.05668481,0.007994488,0.4705751,-0.1218275,-0.3692808,-1.075473,0.6506114,0.2089601,1.9929,0.9998176,0.01333878,-0.01367049,-0.008463516,0.951036,0.3089643,0.01712234,-0.3087922,0.9509754,static,17.72291,-11.41473,18.08003,5.985721,1.4476268311534568,2.6342026363467452
05/11/2023 10:30:43.990763,4073,True,True,True,True,Eyes,0.3416757,0.1181243,-2.672005,0.3002209,-0.188325,0.9350942,0.0,0.0,0.0,0.0,0.0,0.0,0.0,-0.4472492,0.7129914,2.54425,0.3707793,0.1174572,-2.651476,0.1569296,0.01519004,0.005727778,0.9874763,18.04444,1.91645,0.9689971,0.1231639,0.04125816,-0.9915265,-0.05328372,0.007514819,0.4423406,-0.09103701,-0.3630894,-1.059188,0.6506113,0.2089599,1.9929,0.9994729,0.01607962,-0.02820189,-0.006544557,0.9506806,0.3101025,0.03179732,-0.3097544,0.9502847,static,17.79972,-11.38687,18.08002,5.985716,1.4562684710142046,2.6426985613648344
05/11/2023 10:30:44.010612,4074,True,True,True,True,Eyes,0.3417241,0.1181531,-2.67063,0.3019338,-0.1877362,0.934661,0.0,0.0,0.0,0.0,0.0,0.0,0.0,-0.4833742,0.7086725,2.529745,0.3709559,0.1175691,-2.642734,0.1566918,0.0221724,0.006237134,0.987379,18.00812,2.756751,1.160758,0.1235192,0.04151323,-0.9914709,-0.0500867,0.007063929,0.4158001,-0.05533176,-0.360043,-1.043041,0.6506113,0.2089601,1.9929,0.998939,0.01926529,-0.04183051,-0.005368364,0.9508176,0.3097049,0.04573974,-0.3091517,0.9499121,static,17.90258,-11.35731,18.08003,5.98572,1.4680968084723904,2.651825537859398
05/11/2023 10:30:44.025473,4075,True,True,True,True,Eyes,0.3417923,0.1181759,-2.668927,0.3043104,-0.1868332,0.9340709,0.0,0.0,0.0,0.0,0.0,0.0,0.0,-0.5156889,0.7045864,2.515429,0.3715797,0.117054,-2.634006,0.1563014,0.02844205,0.007123388,0.9872741,17.95196,3.51874,1.38276,0.1238473,0.04174607,-0.9914197,-0.04708149,0.006640094,0.3908521,-0.02433884,-0.3608166,-1.029992,0.6506113,0.20896,1.9929,0.9982806,0.02295654,-0.0539334,-0.005174411,0.9510383,0.3090299,0.05838698,-0.3082195,0.9495218,static,18.04506,-11.31105,18.08003,5.98572,1.484305736896998,2.66601133122313
05/11/2023 10:30:44.040563,4076,True,True,True,True,Eyes,0.3418928,0.1181734,-2.666918,0.3070606,-0.1859865,0.9333396,0.0,0.0,0.0,0.0,0.0,0.0,0.0,-0.5472544,0.7032726,2.499586,0.37223,0.1167891,-2.624845,0.1565017,0.03463933,0.00810132,0.9870368,17.96191,4.275353,1.616513,0.1241529,0.04195921,-0.991372,-0.0442566,0.006241688,0.367401,0.003418799,-0.3635034,-1.018149,0.6506114,0.2089599,1.9929,0.997469,0.02683483,-0.06584484,-0.005150373,0.9508832,0.3095071,0.07091632,-0.3083846,0.9486147,static,18.21076,-11.26971,18.08003,5.985715,1.5035676934679767,2.6788907106356943
05/11/2023 10:30:44.060209,4077,True,True,True,True,Eyes,0.3420227,0.1181499,-2.664609,0.3103209,-0.1850796,0.9324411,0.0,0.0,0.0,0.0,0.0,0.0,0.0,-0.5789081,0.7047939,2.482614,0.3731482,0.1162558,-2.615815,0.157284,0.04081455,0.008618766,0.986672,18.03946,5.023039,1.798796,0.1244411,0.04215416,-0.9913274,-0.04160121,0.005867187,0.3453569,0.02993904,-0.3663845,-1.006681,0.6506113,0.2089599,1.9929,0.9965197,0.02984674,-0.07782996,-0.00416884,0.9503749,0.311079,0.08325234,-0.3096719,0.9471918,static,18.40769,-11.22668,18.08003,5.985716,1.5266615112536455,2.692425548547328
05/11/2023 10:30:44.070245,4078,True,True,True,True,Eyes,0.3421835,0.1181013,-2.66201,0.3139857,-0.1843233,0.9313635,0.0,0.0,0.0,0.0,0.0,0.0,0.0,-0.6125478,0.7076827,2.464206,0.3740225,0.1156784,-2.606734,0.158644,0.04727522,0.007605224,0.9861741,18.19079,5.778813,1.809599,0.124716,0.04233246,-0.9912851,-0.03910514,0.005515156,0.3246355,0.05634277,-0.3680916,-0.995136,0.6506113,0.20896,1.9929,0.9954144,0.03000001,-0.09083013,-2.919696e-07,0.9495484,0.3136203,0.09565622,-0.3121821,0.9451942,static,18.63024,-11.19457,18.08003,5.985718,1.5533052700350671,2.7029241389039025
05/11/2023 10:30:44.090565,4079,True,True,True,True,Eyes,0.3423699,0.1180274,-2.659137,0.3181331,-0.1834986,0.930118,0.0,0.0,0.0,0.0,0.0,0.0,0.0,-0.6498315,0.7090309,2.444649,0.3749531,0.1149817,-2.597595,0.1598946,0.05441302,0.005789202,0.9856164,18.33422,6.600568,1.739386,0.1249815,0.0424953,-0.9912446,-0.03675883,0.005184247,0.3051574,0.08227426,-0.3683315,-0.9832872,0.6506113,0.2089601,1.9929,0.9940113,0.02881256,-0.1054094,0.005988831,0.9488004,0.3158194,0.109112,-0.3145594,0.9429459,static,18.8825,-11.1603,18.08003,5.985721,1.5835761508961688,2.714206668520001
05/11/2023 10:30:44.110797,4080,True,True,True,True,Eyes,0.3425905,0.1179131,-2.655997,0.3226376,-0.1828105,0.9287008,0.0,0.0,0.0,0.0,0.0,0.0,0.0,-0.6849732,0.7102823,2.425143,0.3757897,0.1142129,-2.58858,0.161081,0.06125265,0.004276367,0.9850293,18.47043,7.393177,1.701204,0.1252408,0.04264373,-0.9912054,-0.0345533,0.004873192,0.2868479,0.1115371,-0.3725285,-0.971999,0.6506115,0.20896,1.9929,0.9924597,0.02815797,-0.1192936,0.01130859,0.9480692,0.317863,0.122049,-0.3168152,0.940602,static,19.15761,-11.13603,18.08003,5.985717,1.6170217659832864,2.72270552736563
05/11/2023 10:30:44.120663,4081,True,True,True,True,Eyes,0.3428381,0.117767,-2.652595,0.3276576,-0.1821008,0.9270813,0.0,0.0,0.0,0.0,0.0,0.0,0.0,-0.7208841,0.7115704,2.404635,0.3768499,0.1131013,-2.579431,0.1622664,0.0682812,0.002771029,0.9843779,18.60757,8.209473,1.669728,0.1254971,0.04277812,-0.9911672,-0.0324801,0.0045808,0.2696371,0.1408267,-0.3752055,-0.961406,0.6506113,0.20896,1.9929,0.99066,0.02761497,-0.1335297,0.01670402,0.9473238,0.3198414,0.1353283,-0.3190846,0.9380145,static,19.4649,-11.11278,18.08003,5.985719,1.6545070002377198,2.7310778300274445
05/11/2023 10:30:44.140517,4082,True,True,True,True,Eyes,0.3431174,0.1175986,-2.648938,0.3330403,-0.18152,0.9252754,0.0,0.0,0.0,0.0,0.0,0.0,0.0,-0.7583817,0.7116058,2.38322,0.3777587,0.1121181,-2.570212,0.1632854,0.07573929,0.001273239,0.9836666,18.72607,9.077598,1.648148,0.125753,0.04289911,-0.9911295,-0.0305313,0.004305952,0.2534589,0.1649042,-0.3776193,-0.9516132,0.6506114,0.2089599,1.9929,0.9885238,0.02723913,-0.1485886,0.02222935,0.9466725,0.3214296,0.1494202,-0.3210439,0.9352029,static,19.79565,-11.09929,18.08003,5.985716,1.695234978760027,2.736739377595924
05/11/2023 10:30:44.160463,4083,True,True,True,True,Eyes,0.3506635,0.1126744,-2.55126,0.4741986,-0.1629214,0.8652123,0.0,0.0,0.0,0.0,0.0,0.0,0.0,-0.7966434,0.7110184,2.360906,0.3788037,0.1113814,-2.560892,0.1643405,0.08338608,-0.0004565243,0.9828728,18.85218,9.965135,1.605222,0.126011,0.04300762,-0.9910921,-0.02869942,0.004047595,0.2382513,0.1904418,-0.3803761,-0.9415905,0.6506114,0.20896,1.9929,0.9860931,0.02651002,-0.1640659,0.02830483,0.945984,0.3229755,0.1637658,-0.3231278,0.9320779,static,28.72591,-10.66405,18.08003,5.985718,2.7925465579491746,2.9102235533682053
05/11/2023 10:30:44.180230,4084,True,True,True,True,Eyes,0.3507,0.1126205,-2.550867,0.4747631,-0.1629329,0.8649005,0.0,0.0,0.0,0.0,0.0,0.0,0.0,-0.8367991,0.7070974,2.337962,0.3796305,0.1104465,-2.551464,0.1647892,0.09153996,-0.002335147,0.9820691,18.91084,10.90855,1.549621,0.1270427,0.04308325,-0.9909574,-0.004338894,-0.01096797,0.5169908,0.2145792,-0.3826604,-0.9320131,0.6506113,0.2089599,1.9929,0.98323,0.02558305,-0.1805667,0.03475615,0.9456781,0.3232414,0.1790275,-0.3240964,0.9289299,static,28.76336,-10.66854,18.08003,5.985715,2.7973568099529267,2.90911704430909
05/11/2023 10:30:44.190353,4085,True,True,True,True,Eyes,0.350766,0.1125199,-2.550092,0.4758284,-0.1627628,0.864347,0.0,0.0,0.0,0.0,0.0,0.0,0.0,-0.8757663,0.7013218,2.315222,0.3805333,0.1090804,-2.542119,0.164761,0.09955648,-0.004029656,0.9812881,18.91459,11.83746,1.508123,0.1279457,0.04314474,-0.9908389,-0.004078561,-0.0103099,0.4859713,0.2370097,-0.3830427,-0.9219417,0.6506114,0.20896,1.9929,0.9801445,0.02489755,-0.196715,0.04071456,0.9456751,0.3225537,0.1940593,-0.3241584,0.9258847,static,28.83306,-10.66433,18.08003,5.985717,2.8058943947555726,2.910707177767816
05/11/2023 10:30:44.211097,4086,True,True,True,True,Eyes,0.3508692,0.1123859,-2.548952,0.4773611,-0.1625426,0.8635429,0.0,0.0,0.0,0.0,0.0,0.0,0.0,-0.9118527,0.6930743,2.29334,0.3812983,0.1078279,-2.532631,0.1640926,0.1071894,-0.005064286,0.9805909,18.83846,12.73017,1.528539,0.1287649,0.04319742,-0.9907307,-0.003833847,-0.009691302,0.456813,0.2581751,-0.3824418,-0.912113,0.6506113,0.2089598,1.9929,0.9769697,0.02524598,-0.2118799,0.04510995,0.9460959,0.3207297,0.2085558,-0.3229011,0.9231681,static,28.93354,-10.65992,18.08003,5.985714,2.818257029271107,2.91251767942272
05/11/2023 10:30:44.229925,4087,True,True,True,True,Eyes,0.3510069,0.1121549,-2.547443,0.4794148,-0.1622505,0.8624594,0.0,0.0,0.0,0.0,0.0,0.0,0.0,-0.9457635,0.6841945,2.271869,0.3822749,0.1069124,-2.523175,0.1633369,0.1144261,-0.006029341,0.9798936,18.75278,13.57645,1.546998,0.1295119,0.04324152,-0.9906316,-0.003603816,-0.009109824,0.4294043,0.2800248,-0.3806215,-0.9017304,0.6506114,0.20896,1.9929,0.9737406,0.02556378,-0.2262204,0.04919623,0.9465694,0.3187257,0.2222811,-0.3214854,0.9204555,static,29.06834,-10.65427,18.08003,5.985719,2.8348510454161335,2.9148692448169746
05/11/2023 10:30:44.240247,4088,True,True,True,True,Eyes,0.3511683,0.1118945,-2.545592,0.4819383,-0.1619545,0.8611076,0.0,0.0,0.0,0.0,0.0,0.0,0.0,-0.9843758,0.676527,2.246685,0.3831967,0.1042831,-2.513277,0.1628356,0.1227009,-0.007829666,0.9789627,18.70777,14.53359,1.490094,0.1301973,0.04327473,-0.9905406,-0.003387587,-0.008563234,0.40364,0.3011082,-0.3780391,-0.8916848,0.6506113,0.2089599,1.9929,0.9697664,0.02463024,-0.242789,0.05529003,0.9468465,0.3168986,0.2376892,-0.3207414,0.9168581,static,29.23454,-10.65159,18.08003,5.985716,2.8554519804822864,2.9165238331211
05/11/2023 10:30:44.260214,4089,True,True,True,True,Eyes,0.3513521,0.1115628,-2.543409,0.4848625,-0.1616345,0.8595246,0.0,0.0,0.0,0.0,0.0,0.0,0.0,-1.020524,0.6668679,2.222668,0.383886,0.1032911,-2.503677,0.1622368,0.130589,-0.009650133,0.9780249,18.65468,15.44408,1.421048,0.1308308,0.0432976,-0.9904564,-0.003184332,-0.008049441,0.3794216,0.322284,-0.375536,-0.8817016,0.6506113,0.20896,1.9929,0.9657068,0.02349655,-0.2585698,0.06124884,0.9471722,0.3148229,0.2523074,-0.3198637,0.9132515,static,29.42758,-10.65016,18.08003,5.985717,2.879435379399597,2.917956915133524
05/11/2023 10:30:44.270289,4090,True,True,True,True,Eyes,0.3515562,0.1111931,-2.540905,0.4882094,-0.1613755,0.8576768,0.0,0.0,0.0,0.0,0.0,0.0,0.0,-1.055381,0.6611812,2.197081,0.3845495,0.1011874,-2.494,0.1622571,0.1383457,-0.01137287,0.976936,18.67359,16.34583,1.371445,0.1314185,0.04330888,-0.9903783,-0.002993272,-0.007566474,0.3566563,0.3445652,-0.3719958,-0.8717557,0.6506113,0.2089598,1.9929,0.9614623,0.02267401,-0.2740005,0.06711628,0.9470866,0.3138828,0.2666191,-0.3201764,0.9090662,static,29.64953,-10.65586,18.08003,5.985713,2.907253111932209,2.9174717670982115
05/11/2023 10:30:44.290248,4091,True,True,True,True,Eyes,0.3517743,0.1107863,-2.538087,0.4919162,-0.16118,0.855593,0.0,0.0,0.0,0.0,0.0,0.0,0.0,-1.090096,0.6540661,2.1711,0.385185,0.09985505,-2.48424,0.1623131,0.1461382,-0.01353909,0.9757638,18.70621,17.24497,1.271532,0.1319683,0.04330882,-0.9903053,-0.002813676,-0.007112485,0.3352569,0.3665631,-0.369215,-0.8619886,0.6506115,0.20896,1.9929,0.9569207,0.0210184,-0.2895879,0.07386221,0.9469423,0.3128014,0.2807976,-0.3207157,0.9045961,static,29.8964,-10.66857,18.08003,5.985717,2.9384045191388637,2.915082201782711
05/11/2023 10:30:44.310709,4092,True,True,True,True,Eyes,0.3519964,0.1103365,-2.534972,0.4960056,-0.1611081,0.8532424,0.0,0.0,0.0,0.0,0.0,0.0,0.0,-1.124309,0.6498448,2.143524,0.385653,0.09844526,-2.474398,0.1632415,0.1538997,-0.01637422,0.9743711,18.85387,18.13552,1.11024,0.1324873,0.04329758,-0.9902367,-0.002644855,-0.006685736,0.3151415,0.3864629,-0.3634294,-0.8522545,0.6506113,0.2089601,1.9929,0.9520935,0.01833652,-0.3052567,0.08215477,0.9461682,0.3130757,0.2945649,-0.3231556,0.8993342,static,30.17023,-10.69263,18.08003,5.985721,2.973286878150075,2.909538575697807
05/11/2023 10:30:44.330128,4093,True,True,True,True,Eyes,0.3522099,0.1098477,-2.531598,0.5004347,-0.1611761,0.8506393,0.0,0.0,0.0,0.0,0.0,0.0,0.0,-1.157858,0.644019,2.115937,0.3858952,0.09687403,-2.464607,0.163847,0.161679,-0.01920716,0.972957,18.96817,19.02754,0.9455267,0.1329805,0.04327504,-0.9901718,-0.002486164,-0.006284592,0.296233,0.4058017,-0.3551733,-0.8419503,0.6506113,0.20896,1.9929,0.9469819,0.01560575,-0.3209076,0.09035673,0.9455705,0.3126213,0.3083194,-0.3250429,0.8940282,static,30.46848,-10.72901,18.08003,5.985719,3.011616030525011,2.9005457947466233
05/11/2023 10:30:44.350320,4094,True,True,True,True,Eyes,0.3524279,0.1093311,-2.527966,0.5050968,-0.1612083,0.8478733,0.0,0.0,0.0,0.0,0.0,0.0,0.0,-1.184945,0.6394773,2.091426,0.3858062,0.09534912,-2.455433,0.1644491,0.168215,-0.02145234,0.9716997,19.07511,19.78164,0.8266543,0.1334486,0.04324135,-0.9901104,-0.002336994,-0.005907516,0.278459,0.4231036,-0.3415274,-0.8303488,0.6506112,0.2089599,1.9929,0.942487,0.01363515,-0.3339646,0.09701606,0.9449925,0.312373,0.3198532,-0.3268074,0.8893204,static,30.78319,-10.7653,18.08003,5.985717,3.0519912371746694,2.8916659352439726
05/11/2023 10:30:44.360537,4095,True,True,True,True,Eyes,0.3526498,0.1088703,-2.524097,0.5099789,-0.1614986,0.8448904,0.0,0.0,0.0,0.0,0.0,0.0,0.0,-1.209716,0.627063,2.069772,0.3860592,0.09410581,-2.445951,0.1632918,0.1743093,-0.02336635,0.9707761,18.97682,20.4758,0.7003987,0.1338968,0.04319698,-0.9900519,-0.002196774,-0.005553065,0.2617515,0.4350405,-0.3221472,-0.8172654,0.6506113,0.2089601,1.9929,0.9381406,0.01155959,-0.3460617,0.1022936,0.9455796,0.3088937,0.3307996,-0.3251855,0.8859041,static,31.11533,-10.82141,18.08003,5.985722,3.095190771036214,2.8771219573313003
05/11/2023 10:30:44.370062,4096,True,True,True,True,Eyes,0.3529093,0.1085612,-2.519962,0.5149498,-0.16166,0.841839,0.0,0.0,0.0,0.0,0.0,0.0,0.0,-1.228064,0.6095394,2.053266,0.3863241,0.09498602,-2.43666,0.161166,0.179048,-0.02482045,0.9702327,18.76124,21.00707,0.5778693,0.1343314,0.04314513,-0.9899945,-0.002064968,-0.005219881,0.2460464,0.4517376,-0.3105009,-0.806155,0.6506114,0.2089601,1.9929,0.9346516,0.009549671,-0.3554369,0.1058761,0.9468189,0.3038489,0.3394361,-0.3216251,0.8839347,static,31.45397,-10.87029,18.08003,5.985721,3.1389606899742937,2.864711947539259
05/11/2023 10:30:44.390230,4097,True,True,True,True,Eyes,0.3603733,0.1039615,-2.409937,0.6424404,-0.1700567,0.7472289,0.0,0.0,0.0,0.0,0.0,0.0,0.0,-1.245594,0.5835627,2.038383,0.3874251,0.09820884,-2.426378,0.1582053,0.183405,-0.02764597,0.9698296,18.4819,21.46086,0.2662656,0.1347549,0.04309315,-0.9899386,-0.00194107,-0.004906688,0.2312836,0.4808636,-0.298901,-0.7941558,0.6506113,0.2089598,1.9929,0.9311967,0.004407496,-0.3644906,0.111655,0.9484136,0.2967235,0.3469957,-0.3170051,0.8826674,static,40.68776,-12.82118,18.08003,5.985714,4.352858552419608,2.346829542154606
05/11/2023 10:30:44.411316,4098,True,True,True,True,Eyes,0.3604131,0.1040364,-2.409511,0.6429101,-0.1700004,0.7468377,0.0,0.0,0.0,0.0,0.0,0.0,0.0,-1.274014,0.5542039,2.016909,0.3885504,0.1007921,-2.415998,0.1554383,0.1901673,-0.03276498,0.9688147,18.27894,22.16823,359.7365,0.1361934,0.04305305,-0.9897437,0.02056737,-0.01841136,0.5474806,0.4962843,-0.2855113,-0.7845121,0.6506114,0.20896,1.9929,0.9255257,-0.004367813,-0.3786596,0.1226049,0.9495308,0.2887201,0.3582879,-0.3136435,0.8793507,static,40.72329,-12.82356,18.08003,5.985717,4.3573601106557325,2.346325684782146
05/11/2023 10:30:44.430135,4099,True,True,True,True,Eyes,0.3604753,0.1041939,-2.408718,0.6438057,-0.1701097,0.7460408,0.0,0.0,0.0,0.0,0.0,0.0,0.0,-1.305413,0.5226117,1.993205,0.3894168,0.1024342,-2.405816,0.1521036,0.1978596,-0.03794111,0.9676139,18.02122,22.98683,359.2026,0.137394,0.0430162,-0.9895796,0.01933333,-0.01730668,0.5146318,0.5155256,-0.277942,-0.773868,0.6506113,0.20896,1.9929,0.9188241,-0.0132344,-0.3944453,0.133615,0.95085,0.279341,0.3713614,-0.3093691,0.8754322,static,40.79298,-12.84479,18.08003,5.985717,4.366736599625706,2.340527618825936
05/11/2023 10:30:44.440550,4100,True,True,True,True,Eyes,0.3605964,0.1044092,-2.40755,0.6450071,-0.1701421,0.7449949,0.0,0.0,0.0,0.0,0.0,0.0,0.0,-1.326422,0.5032865,1.973193,0.3899094,0.1044855,-2.396505,0.1503687,0.2034649,-0.04054184,0.9666167,17.89029,23.61064,358.9651,0.1384428,0.04298894,-0.9894348,0.01817333,-0.01626828,0.4837539,0.539974,-0.269806,-0.7649424,0.6506114,0.2089601,1.9929,0.9139168,-0.01718732,-0.4055376,0.1395663,0.9514912,0.2742001,0.3811527,-0.3071954,0.8719826,static,40.8856,-12.86459,18.08003,5.985721,4.378920309024554,2.3352657424418837
05/11/2023 10:30:44.460586,4101,True,True,True,True,Eyes,0.3607707,0.1046691,-2.406047,0.6466829,-0.1703167,0.7435008,0.0,0.0,0.0,0.0,0.0,0.0,0.0,-1.346691,0.4882165,1.951603,0.3913623,0.106072,-2.386686,0.1489359,0.2089747,-0.04158169,0.9656183,17.75874,24.25301,358.9136,0.1393978,0.04297519,-0.9893016,0.01708293,-0.01529218,0.4547287,0.5635212,-0.2685683,-0.7572987,0.6506113,0.20896,1.9929,0.9092011,-0.01805642,-0.4159655,0.1425517,0.9521781,0.2702514,0.3911935,-0.3050095,0.8682954,static,41.01612,-12.90236,18.08003,5.985719,4.396415462071265,2.3249849411711287
05/11/2023 10:30:44.470447,4102,True,True,True,True,Eyes,0.3610104,0.1049572,-2.40421,0.6486579,-0.1703885,0.7417619,0.0,0.0,0.0,0.0,0.0,0.0,0.0,-1.368277,0.4743616,1.928912,0.3927108,0.1074039,-2.377424,0.1477703,0.2148483,-0.0427377,0.9644572,17.66196,24.94003,358.861,0.1402727,0.042976,-0.9891779,0.01605795,-0.01437465,0.4274449,0.5905074,-0.2709157,-0.7513698,0.6506113,0.2089599,1.9929,0.9040273,-0.01894096,-0.4270548,0.1459338,0.9526749,0.266672,0.4017933,-0.3034005,0.8640082,static,41.16913,-12.93686,18.08003,5.985716,4.416602296560849,2.315772372415915
05/11/2023 10:30:44.490084,4103,True,True,True,True,Eyes,0.361305,0.1052471,-2.402091,0.6510149,-0.1704531,0.7396792,0.0,0.0,0.0,0.0,0.0,0.0,0.0,-1.389754,0.4593762,1.905788,0.3944279,0.1083736,-2.367943,0.1461303,0.2207827,-0.04348759,0.9633327,17.50247,25.63883,358.8428,0.1410807,0.04299165,-0.9890624,0.01509447,-0.01351217,0.4017982,0.6198844,-0.2712113,-0.7457452,0.6506114,0.2089599,1.9929,0.8987277,-0.01925992,-0.4380841,0.1483121,0.9535095,0.2623416,0.4126647,-0.3007469,0.8598018,static,41.35202,-12.97681,18.08003,5.985715,4.440688733777085,2.3051345843460616
05/11/2023 10:30:44.511056,4104,True,True,True,True,Eyes,0.3616862,0.1055117,-2.399659,0.6536062,-0.1702704,0.7374326,0.0,0.0,0.0,0.0,0.0,0.0,0.0,-1.408125,0.4472065,1.884687,0.3959549,0.1087906,-2.359288,0.1444197,0.2260824,-0.04314382,0.9623764,17.30633,26.27849,358.9353,0.1418327,0.04302126,-0.9889537,0.01418881,-0.01270144,0.3776903,0.6484076,-0.2667905,-0.7400095,0.6506115,0.2089601,1.9929,0.8940507,-0.01773969,-0.4476144,0.1483427,0.9545631,0.258464,0.4226912,-0.2974802,0.8560594,static,41.55143,-13.00153,18.08003,5.985719,4.466328700034776,2.2990069106778988
05/11/2023 10:30:44.530062,4105,True,True,True,True,Eyes,0.3621693,0.1058683,-2.396942,0.6564703,-0.170087,0.7349266,0.0,0.0,0.0,0.0,0.0,0.0,0.0,-1.42616,0.4279898,1.863894,0.3983363,0.1084893,-2.349631,0.1410618,0.2313149,-0.04300896,0.9616367,16.92968,26.89467,358.9543,0.1425391,0.04306293,-0.9888505,0.01333748,-0.01193935,0.3550289,0.672824,-0.2592722,-0.7333625,0.6506113,0.20896,1.9929,0.8892872,-0.01745855,-0.4570157,0.1479774,0.9565036,0.2514032,0.432748,-0.2911977,0.8531899,static,41.7727,-13.03077,18.08003,5.985717,4.4948391846676685,2.291681818387251
05/11/2023 10:30:44.540555,4106,True,True,True,True,Eyes,0.3627772,0.1062341,-2.393918,0.6595659,-0.1698755,0.7321988,0.0,0.0,0.0,0.0,0.0,0.0,0.0,-1.441277,0.4058399,1.846127,0.4011752,0.1110946,-2.340275,0.137782,0.2357069,-0.04343286,0.9610265,16.57673,27.39996,358.8923,0.1432112,0.0431198,-0.9887511,0.01253723,-0.01122299,0.3337272,0.6961831,-0.2472576,-0.7260174,0.6506113,0.20896,1.9929,0.8851117,-0.01852793,-0.4650097,0.1484326,0.9582594,0.2443494,0.4410726,-0.2852992,0.8509168,static,42.01258,-13.06195,18.08003,5.985718,4.525730406962373,2.2838914416822282
05/11/2023 10:30:44.560602,4107,True,True,True,True,Eyes,0.3634913,0.1065401,-2.390613,0.6630216,-0.1699368,0.7290568,0.0,0.0,0.0,0.0,0.0,0.0,0.0,-1.462682,0.388388,1.820941,0.4046651,0.1116034,-2.330215,0.1360761,0.2415695,-0.04553188,0.9597157,16.45051,28.06978,358.7064,0.143858,0.04319114,-0.9886541,0.01178499,-0.01054961,0.3137035,0.7184544,-0.2357009,-0.7187707,0.6506113,0.20896,1.9929,0.879142,-0.02165164,-0.4760678,0.153139,0.9588203,0.2391906,0.4512846,-0.2831871,0.8462549,static,42.28413,-13.12087,18.08003,5.985719,4.561480181637214,2.2682119425141942
05/11/2023 10:30:44.580111,4108,True,True,True,True,Eyes,0.3643017,0.1068564,-2.387068,0.6666669,-0.1701464,0.7256759,0.0,0.0,0.0,0.0,0.0,0.0,0.0,-1.489602,0.3732378,1.790321,0.4077527,0.1104058,-2.320564,0.1350815,0.2489639,-0.04852115,0.9578181,16.43497,28.91907,358.4653,0.1444905,0.04327386,-0.9885584,0.01107789,-0.009916634,0.2948813,0.7411351,-0.2253372,-0.7119035,0.6506114,0.2089599,1.9929,0.8713253,-0.02568806,-0.4900329,0.1602097,0.9587974,0.2346069,0.4638156,-0.282927,0.83954,static,42.5732,-13.19556,18.08003,5.985717,4.599931737053833,2.2480449784677625
05/11/2023 10:30:44.590549,4109,True,True,True,True,Eyes,0.3652318,0.1071678,-2.38329,0.6704761,-0.1707961,0.7220046,0.0,0.0,0.0,0.0,0.0,0.0,0.0,-1.51059,0.3655469,1.76325,0.4107395,0.1108817,-2.311613,0.1358392,0.2548538,-0.05103041,0.95603,16.60329,29.6058,358.3056,0.1451129,0.04336734,-0.9884632,0.01041322,-0.009321637,0.2771884,0.766187,-0.2163756,-0.7059904,0.6506113,0.20896,1.9929,0.8648909,-0.02833492,-0.5011596,0.1668115,0.9578872,0.2337221,0.4734319,-0.2857433,0.8331945,static,42.88075,-13.30913,18.08003,5.985719,4.641967780419262,2.2166841303323586
05/11/2023 10:30:44.610745,4110,True,True,True,True,Eyes,0.3662911,0.1074432,-2.379303,0.6744557,-0.1717211,0.7180678,0.0,0.0,0.0,0.0,0.0,0.0,0.0,-1.530347,0.3682032,1.734478,0.4144025,0.1110959,-2.302581,0.1386466,0.2603683,-0.05268008,0.9540495,16.97676,30.27632,358.3032,0.1457338,0.04347087,-0.9883674,0.009788428,-0.008762338,0.2605571,0.795006,-0.2134791,-0.7020248,0.6506114,0.2089599,1.9929,0.8588664,-0.02832044,-0.5114162,0.1727171,0.9560039,0.237119,0.4822005,-0.2919838,0.8259709,static,43.20615,-13.44931,18.08003,5.985715,4.687104672670192,2.1776894632677113
05/11/2023 10:30:44.620669,4111,True,True,True,True,Eyes,0.3674685,0.1076821,-2.375143,0.6785901,-0.1731183,0.7138246,0.0,0.0,0.0,0.0,0.0,0.0,0.0,-1.552136,0.3754539,1.702741,0.4184258,0.1104985,-2.293933,0.1424184,0.2663865,-0.05414475,0.9517478,17.45397,31.0223,358.3669,0.1463606,0.04358248,-0.98827,0.009201122,-0.008236598,0.2449237,0.8214842,-0.2123472,-0.6985624,0.6506113,0.20896,1.9929,0.8522131,-0.02718762,-0.522488,0.178941,0.9535707,0.2422458,0.4916432,-0.2999396,0.8175105,static,43.55046,-13.6323,18.08002,5.985718,4.736009368680384,2.126361849992691
05/11/2023 10:30:44.640862,4112,True,True,True,True,Eyes,0.3687729,0.1079083,-2.370823,0.6828876,-0.1748849,0.7092813,0.0,0.0,0.0,0.0,0.0,0.0,0.0,-1.574162,0.3864808,1.669837,0.4222984,0.1098936,-2.285891,0.147323,0.2724786,-0.05591166,0.9491709,18.06759,31.7866,358.4416,0.1469973,0.04369992,-0.9881703,0.008649054,-0.007742402,0.2302283,0.8479313,-0.2152446,-0.6958523,0.6506114,0.2089599,1.9929,0.8452586,-0.02585475,-0.5337316,0.1864241,0.9503397,0.2491998,0.5007833,-0.3101387,0.8081027,static,43.91388,-13.85093,18.08003,5.985715,4.7884699782085605,2.0647846174678803
05/11/2023 10:30:44.660334,4113,True,True,True,True,Eyes,0.3702061,0.1081269,-2.366344,0.6873585,-0.1769404,0.7044362,0.0,0.0,0.0,0.0,0.0,0.0,0.0,-1.597492,0.3963031,1.635441,0.42649,0.1097775,-2.278104,0.1524729,0.2789043,-0.05819238,0.9463499,18.72618,32.59183,358.4819,0.1476519,0.04382285,-0.9880672,0.008130111,-0.007277858,0.2164146,0.8756225,-0.2241658,-0.6949885,0.6506114,0.20896,1.9929,0.8376521,-0.02509002,-0.5456275,0.1951914,0.9467313,0.2561252,0.5101365,-0.3210456,0.7979289,static,44.297,-14.09986,18.08003,5.985718,4.844383595491863,1.9945116902348752
05/11/2023 10:30:44.670058,4114,True,True,True,True,Eyes,0.4090178,0.1142004,-2.250695,0.7923323,-0.2282949,0.5657659,0.0,0.0,0.0,0.0,0.0,0.0,0.0,-1.622448,0.3972421,1.600569,0.4307786,0.1097921,-2.270316,0.1560274,0.2859147,-0.06116429,0.9434868,19.23207,33.4485,358.4102,0.1483274,0.04395042,-0.9879603,0.007642304,-0.006841186,0.2034297,0.9056473,-0.2380158,-0.6961403,0.6506113,0.20896,1.9929,0.8290235,-0.02619435,-0.5586001,0.2046364,0.9438288,0.259444,0.5204268,-0.3293951,0.7878165,static,54.47122,-21.97481,18.08003,5.985719,6.37099153671338,-0.2388457117818623
05/11/2023 10:30:44.690183,4115,True,True,True,True,Eyes,0.4092076,0.1142329,-2.250367,0.7926095,-0.2281902,0.5654196,0.0,0.0,0.0,0.0,0.0,0.0,0.0,-1.64567,0.3870677,1.569278,0.4349888,0.1105215,-2.262577,0.1570579,0.2926881,-0.06419826,0.9410341,19.46153,34.25323,358.2443,0.1517015,0.04460278,-0.9874187,0.1236187,0.01178982,0.5381716,0.9371371,-0.2547703,-0.6993543,0.6506114,0.2089599,1.9929,0.8204246,-0.02888754,-0.5710246,0.2127635,0.9424228,0.2580136,0.5306932,-0.3331739,0.779333,static,54.49728,-21.97786,18.08003,5.985717,6.374336346609506,-0.23959407679420153
05/11/2023 10:30:44.711391,4116,True,True,True,True,Eyes,0.4095793,0.1142546,-2.249728,0.793187,-0.2280307,0.5646738,0.0,0.0,0.0,0.0,0.0,0.0,0.0,-1.667947,0.370129,1.539644,0.4395409,0.1112601,-2.254767,0.1561918,0.2994015,-0.06675556,0.9388858,19.46713,35.04212,358.0657,0.1545199,0.04515206,-0.9869565,0.1162016,0.01108243,0.5058813,0.9669365,-0.2694888,-0.7025035,0.6506114,0.2089599,1.9929,0.8118048,-0.03182357,-0.5830611,0.2188798,0.9422956,0.2533191,0.5413544,-0.333266,0.7719256,static,54.55275,-21.9902,18.08003,5.985716,6.381649066131525,-0.24288533111485755
05/11/2023 10:30:44.720598,4117,True,True,True,True,Eyes,0.4101307,0.114238,-2.24879,0.7939413,-0.2275285,0.5638157,0.0,0.0,0.0,0.0,0.0,0.0,0.0,-1.688364,0.3507642,1.511569,0.444102,0.1109606,-2.246978,0.1540864,0.3058176,-0.06869698,0.9370239,19.3163,35.79383,357.9051,0.1569614,0.04562842,-0.9865493,0.1092295,0.01041749,0.4755284,0.9952708,-0.2816305,-0.7052447,0.6506113,0.20896,1.9929,0.8035126,-0.03449671,-0.5942873,0.2229861,0.9430762,0.2467479,0.5519463,-0.3307828,0.765466,static,54.61962,-21.97659,18.08003,5.985717,6.389523925378908,-0.23858022165356285
05/11/2023 10:30:44.740490,4118,True,True,True,True,Eyes,0.4108747,0.114192,-2.247569,0.7948924,-0.226956,0.562705,0.0,0.0,0.0,0.0,0.0,0.0,0.0,-1.704387,0.3313819,1.487513,0.4488205,0.1099935,-2.239175,0.1512302,0.311081,-0.06994642,0.9356632,19.05763,36.40634,357.7685,0.1591884,0.04605795,-0.9861725,0.1026757,0.009792438,0.4469967,1.024379,-0.2891254,-0.7077163,0.6506116,0.20896,1.9929,0.7966722,-0.0368029,-0.6032901,0.2249822,0.9444739,0.2394831,0.5609781,-0.326519,0.760716,static,54.70529,-21.96572,18.08003,5.985717,6.399829594257835,-0.23497172650258236
05/11/2023 10:30:44.760561,4119,True,True,True,True,Eyes,0.4118104,0.1140857,-2.246077,0.7959198,-0.226198,0.5615569,0.0,0.0,0.0,0.0,0.0,0.0,0.0,-1.718278,0.3153315,1.464683,0.4540612,0.109203,-2.231392,0.1490984,0.3156388,-0.07107402,0.934393,18.87475,36.94037,357.656,0.161233,0.04644468,-0.9858221,0.09651519,0.009204892,0.4201769,1.053153,-0.2912565,-0.7094937,0.6506115,0.2089601,1.9929,0.7906412,-0.03869962,-0.6110555,0.2269447,0.9454363,0.2337656,0.5686674,-0.3235005,0.7562836,static,54.79533,-21.93983,18.08003,5.98572,6.410183232110853,-0.22697816398957293
05/11/2023 10:30:44.780391,4120,True,True,True,True,Eyes,0.4129459,0.1139247,-2.244329,0.7971194,-0.2255794,0.5601023,0.0,0.0,0.0,0.0,0.0,0.0,0.0,-1.732291,0.3024821,1.440504,0.4594677,0.1075964,-2.223666,0.1479576,0.3201863,-0.07281037,0.9328923,18.82524,37.47374,357.5112,0.163124,0.04679083,-0.9854947,0.09072428,0.008652598,0.3949663,1.083049,-0.2907366,-0.7112026,0.6506114,0.20896,1.9929,0.7843589,-0.04110051,-0.6189442,0.2305964,0.9456144,0.2294312,0.5758529,-0.3226827,0.7511787,static,54.9059,-21.93695,18.08003,5.985718,6.423852450190785,-0.22555879784705724
05/11/2023 10:30:44.790587,4121,True,True,True,True,Eyes,0.4142775,0.1137134,-2.242336,0.7984213,-0.2248847,0.5585251,0.0,0.0,0.0,0.0,0.0,0.0,0.0,-1.747584,0.2917354,1.413959,0.4652378,0.1060297,-2.216021,0.1479284,0.3250431,-0.07531165,0.931017,18.92964,38.04572,357.3298,0.1648872,0.04709853,-0.9851865,0.08528083,0.008133442,0.3712683,1.11091,-0.2873225,-0.7121537,0.6506114,0.2089598,1.9929,0.7773502,-0.04406661,-0.6275227,0.2363991,0.9448907,0.2264886,0.5829598,-0.3244068,0.7449283,static,55.02579,-21.9317,18.08003,5.985713,6.438603601796198,-0.22340201015761352
05/11/2023 10:30:44.810760,4122,True,True,True,True,Eyes,0.4158092,0.1134318,-2.240122,0.7998998,-0.2243474,0.5566224,0.0,0.0,0.0,0.0,0.0,0.0,0.0,-1.763331,0.284142,1.385731,0.4711207,0.1045561,-2.208492,0.1485618,0.3301176,-0.07736999,0.9289595,19.09274,38.66077,357.2304,0.1665459,0.0473699,-0.9848945,0.08016398,0.007645436,0.3489922,1.136351,-0.2835318,-0.7122189,0.6506113,0.20896,1.9929,0.7700725,-0.04566144,-0.6363202,0.2418329,0.9438866,0.2249333,0.5903433,-0.3270981,0.7379035,static,55.16729,-21.95197,18.08003,5.985719,6.4568876697128825,-0.22854266519189181
05/11/2023 10:30:44.830613,4123,True,True,True,True,Eyes,0.417543,0.1131393,-2.237704,0.8014324,-0.2238095,0.5546309,0.0,0.0,0.0,0.0,0.0,0.0,0.0,-1.779395,0.2805825,1.356071,0.4773018,0.1025451,-2.201265,0.1497496,0.335297,-0.07871137,0.9267986,19.29056,39.30875,357.2383,0.1681206,0.04760586,-0.9846156,0.07535414,0.007186709,0.3280527,1.161448,-0.281635,-0.712516,0.6506113,0.20896,1.9929,0.7627609,-0.04547798,-0.6450796,0.2463204,0.9427591,0.2247921,0.5979316,-0.3303588,0.730302,static,55.31485,-21.97549,18.08003,5.985719,6.476033448339554,-0.23459521667902372
05/11/2023 10:30:44.840247,4124,True,True,True,True,Eyes,0.419486,0.1128039,-2.235082,0.8031572,-0.2234208,0.5522876,0.0,0.0,0.0,0.0,0.0,0.0,0.0,-1.794274,0.2760306,1.328005,0.4837439,0.1020029,-2.194264,0.1507137,0.3401574,-0.07956505,0.9247962,19.44417,39.92408,357.2872,0.1696301,0.04780986,-0.9843467,0.07083289,0.006755507,0.3083695,1.186538,-0.2828802,-0.7137902,0.6506114,0.20896,1.9929,0.7559246,-0.0446301,-0.6531357,0.2496957,0.9419096,0.2246297,0.6051695,-0.3328883,0.7231565,static,55.48581,-22.02516,18.08003,5.985719,6.498955777374374,-0.24811873442661625
05/11/2023 10:30:44.860408,4125,True,True,True,True,Eyes,0.4216241,0.112437,-2.232273,0.8050402,-0.2229615,0.5497258,0.0,0.0,0.0,0.0,0.0,0.0,0.0,-1.811587,0.2701811,1.295776,0.4905026,0.1006577,-2.187042,0.1517708,0.3459188,-0.08103283,0.9223555,19.63547,40.64744,357.293,0.1710922,0.04798361,-0.9840852,0.06658291,0.006350177,0.2898674,1.212284,-0.2885334,-0.7166178,0.6506113,0.2089599,1.9929,0.7475477,-0.04448144,-0.662717,0.2544829,0.9407986,0.2239116,0.6135234,-0.3360347,0.7146117,static,55.67259,-22.07683,18.08003,5.985717,6.523913511828231,-0.26213967153227014
05/11/2023 10:30:44.870275,4126,True,True,True,True,Eyes,0.4239572,0.1120238,-2.229294,0.8070947,-0.2225716,0.5468639,0.0,0.0,0.0,0.0,0.0,0.0,0.0,-1.829416,0.2640344,1.262319,0.4971377,0.09952158,-2.180109,0.1527139,0.3520385,-0.08223195,0.9197747,19.80514,41.42279,357.3349,0.1725208,0.04812897,-0.9838287,0.06258794,0.005969166,0.2724753,1.240369,-0.2948967,-0.7209857,0.6506113,0.20896,1.9929,0.7386137,-0.0437474,-0.6727081,0.258792,0.9398328,0.223027,0.6224762,-0.3388223,0.7054948,static,55.87958,-22.14614,18.08003,5.985717,6.5519696484664,-0.2811769659376324
05/11/2023 10:30:44.890116,4127,True,True,True,True,Eyes,0.4264883,0.1115789,-2.22615,0.8092238,-0.2221155,0.5438949,0.0,0.0,0.0,0.0,0.0,0.0,0.0,-1.84499,0.2593949,1.231151,0.5039732,0.09803609,-2.17334,0.1533543,0.3574924,-0.08264989,0.9175243,19.9077,42.12487,357.4385,0.1739302,0.0482471,-0.9835747,0.05883266,0.005611016,0.2561268,1.26709,-0.3007397,-0.725247,0.6506113,0.2089601,1.9929,0.7307365,-0.04202059,-0.6813652,0.2613125,0.9393029,0.2223191,0.6306664,-0.3405059,0.6973633,static,56.09419,-22.2141,18.08003,5.98572,6.580929778999013,-0.299782024783398
05/11/2023 10:30:44.910740,4128,True,True,True,True,Eyes,0.4292201,0.1111011,-2.222855,0.8115034,-0.2216471,0.54068,0.0,0.0,0.0,0.0,0.0,0.0,0.0,-1.859594,0.2524988,1.201124,0.5110989,0.09684671,-2.166551,0.1533541,0.3627295,-0.08294705,0.9154397,19.93461,42.79523,357.5239,0.1753318,0.04833954,-0.9833214,0.05530271,0.005274355,0.2407592,1.294571,-0.306883,-0.7301039,0.6506115,0.2089599,1.9929,0.7230942,-0.04061392,-0.6895544,0.2631181,0.9392047,0.2205981,0.6386733,-0.3409474,0.6898197,static,56.32569,-22.29075,18.08003,5.985716,6.6122794495359845,-0.3208217349722249
05/11/2023 10:30:44.930094,4129,True,True,True,True,Eyes,0.4321441,0.1105867,-2.219414,0.8138583,-0.2210074,0.5373923,0.0,0.0,0.0,0.0,0.0,0.0,0.0,-1.873634,0.2427742,1.172016,0.5184774,0.09559822,-2.159886,0.1526346,0.3678471,-0.08338588,0.9134759,19.88921,43.44021,357.559,0.1767363,0.04840759,-0.9830666,0.05198454,0.004957894,0.2263137,1.323328,-0.3121516,-0.7359536,0.6506113,0.20896,1.9929,0.7154707,-0.04004963,-0.6974939,0.2646343,0.939499,0.2175095,0.6465836,-0.3402025,0.6827825,static,56.56314,-22.35535,18.08003,5.985717,6.643971859108464,-0.3383305786418349
05/11/2023 10:30:44.940658,4130,True,True,True,True,Eyes,0.4352547,0.1100453,-2.215843,0.816322,-0.2203085,0.5339313,0.0,0.0,0.0,0.0,0.0,0.0,0.0,-1.887168,0.2309425,1.143259,0.5258487,0.09416654,-2.153229,0.1513612,0.3729553,-0.08396272,0.9115616,19.79031,44.07585,357.5531,0.178153,0.04845227,-0.9828086,0.04886547,0.00466042,0.2127348,1.352651,-0.3176595,-0.7426081,0.6506114,0.2089599,1.9929,0.7077093,-0.04017247,-0.7053608,0.2659763,0.9400801,0.2133214,0.6545261,-0.3385788,0.6759883,static,56.81253,-22.42181,18.08003,5.985715,6.677212048036932,-0.35631664064364
05/11/2023 10:30:44.960437,4131,True,True,True,True,Eyes,0.438556,0.1094619,-2.212145,0.8186156,-0.2197027,0.5306592,0.0,0.0,0.0,0.0,0.0,0.0,0.0,-1.898541,0.2199571,1.117486,0.5332912,0.09299663,-2.146757,0.1499346,0.3773212,-0.08415094,0.9099818,19.65644,44.62055,357.5653,0.179591,0.0484749,-0.9825458,0.04593354,0.004380795,0.1999707,1.383378,-0.3211917,-0.7501341,0.6506114,0.2089599,1.9929,0.7010947,-0.04000463,-0.7119452,0.2662987,0.9408764,0.2093717,0.6614766,-0.3363795,0.6702967,static,57.04709,-22.49046,18.08003,5.985716,6.7086784455011435,-0.37501690063855175
05/11/2023 10:30:44.980386,4132,True,True,True,True,Eyes,0.4420288,0.1088216,-2.208342,0.8209959,-0.2190546,0.5272389,0.0,0.0,0.0,0.0,0.0,0.0,0.0,-1.909581,0.2100935,1.091442,0.5410475,0.09137596,-2.140281,0.1488724,0.3815513,-0.08457997,0.9083513,19.57254,45.14922,357.5638,0.1810571,0.04847595,-0.9822767,0.04317753,0.004117947,0.1879725,1.413475,-0.3231281,-0.7575071,0.6506112,0.20896,1.9929,0.6945298,-0.04005177,-0.7183484,0.2672615,0.9413664,0.2059136,0.667982,-0.335,0.6645113,static,57.29166,-22.56166,18.08002,5.985717,6.741475152933345,-0.3944049408025556
05/11/2023 10:30:44.990355,4133,True,True,True,True,Eyes,0.4456716,0.1081452,-2.204443,0.8231518,-0.2187928,0.523976,0.0,0.0,0.0,0.0,0.0,0.0,0.0,-1.919562,0.2011117,1.066854,0.5484966,0.08938088,-2.134129,0.1476918,0.3854739,-0.08481218,0.9068649,19.46669,45.64025,357.5707,0.1825572,0.04845513,-0.982,0.04058688,0.00387087,0.1766941,1.441983,-0.3215601,-0.7636815,0.6506114,0.20896,1.9929,0.6884336,-0.0399637,-0.7241976,0.267689,0.9419881,0.2024873,0.6740933,-0.3332588,0.6591941,static,57.52127,-22.66359,18.08003,5.985717,6.773424411493209,-0.4227962962364007
05/11/2023 10:30:45.008158,4134,True,True,True,True,Eyes,0.541591,0.09261183,-2.104227,0.8747552,-0.2076492,0.4378187,0.0,0.0,0.0,0.0,0.0,0.0,0.0,-1.929322,0.1917941,1.042582,0.5561142,0.08784268,-2.12816,0.1465997,0.3893118,-0.08515824,0.905369,19.37562,46.12027,357.5666,0.1840963,0.04841312,-0.9817147,0.03815167,0.003638618,0.1660925,1.469066,-0.3193487,-0.7693807,0.6506113,0.2089599,1.9929,0.6823688,-0.0400533,-0.72991,0.2683452,0.9425132,0.1991474,0.6799733,-0.3317598,0.6538898,static,63.41184,-25.37411,18.08003,5.985717,7.59622741396429,-1.1789132034234662
05/11/2023 10:30:45.020264,4135,True,True,True,True,Eyes,0.5419667,0.09277862,-2.103945,0.8747308,-0.2077893,0.437801,0.0,0.0,0.0,0.0,0.0,0.0,0.0,-1.937292,0.1746647,1.021986,0.5645031,0.08852504,-2.121689,0.143841,0.3925731,-0.0856069,0.9043603,19.10996,46.50238,357.4583,0.191462,0.047787,-0.9803356,0.3236206,-0.04317993,0.4567747,1.499382,-0.3210447,-0.777813,0.6506115,0.20896,1.9929,0.6771156,-0.04190277,-0.7346826,0.2677752,0.9439625,0.1929542,0.6854275,-0.3273821,0.6503922,static,63.41212,-25.38997,18.08003,5.985718,7.596786041970225,-1.1835177022429217
05/11/2023 10:30:45.042173,4136,True,True,True,True,Eyes,0.5426967,0.09304667,-2.103414,0.8748833,-0.2079764,0.4374073,0.0,0.0,0.0,0.0,0.0,0.0,0.0,-1.945382,0.1531301,1.001191,0.5738032,0.09264816,-2.114831,0.1412186,0.3958963,-0.08655382,0.9032341,18.88318,46.88785,357.3018,0.1976149,0.04726025,-0.9791394,0.3042034,-0.04058914,0.4293682,1.527808,-0.3209571,-0.7861015,0.6506115,0.2089599,1.9929,0.671549,-0.04454082,-0.7396201,0.2681726,0.9451315,0.1865743,0.6907281,-0.3236396,0.6466468,static,63.43675,-25.42993,18.08003,5.985716,7.601171780643052,-1.1949928086469317
05/11/2023 10:30:45.060429,4137,True,True,True,True,Eyes,0.5437346,0.0932171,-2.10262,0.875223,-0.2083036,0.4365712,0.0,0.0,0.0,0.0,0.0,0.0,0.0,-1.957098,0.1336032,0.9729912,0.5828093,0.09523599,-2.108567,0.140227,0.4007238,-0.0889513,0.9010242,18.90413,47.47014,357.0972,0.2028409,0.04681952,-0.9780913,0.2859512,-0.03815379,0.4036061,1.555458,-0.324237,-0.7950013,0.6506115,0.20896,1.9929,0.6630161,-0.04790998,-0.7470704,0.2726791,0.9448481,0.181406,0.697177,-0.3239856,0.6395136,static,63.48946,-25.50747,18.08003,5.985717,7.610294133104408,-1.2172336449047751
05/11/2023 10:30:45.070313,4138,True,True,True,True,Eyes,0.5450328,0.09349012,-2.101634,0.8757074,-0.2084585,0.4355246,0.0,0.0,0.0,0.0,0.0,0.0,0.0,-1.973168,0.1108287,0.9327937,0.5909541,0.09302424,-2.10188,0.1367147,0.4084576,-0.0904156,0.89794,18.62574,48.41699,356.9336,0.2075934,0.04643065,-0.9771122,0.2687941,-0.03586456,0.3793897,1.582804,-0.3277515,-0.8045167,0.6506115,0.2089599,1.9929,0.6499748,-0.05069127,-0.7582632,0.2740599,0.9462682,0.1716613,0.7088187,-0.3193851,0.628943,static,63.557,-25.57754,18.08003,5.985716,7.621015906478825,-1.23722689423371
05/11/2023 10:30:45.090516,4139,True,True,True,True,Eyes,0.5466473,0.09379398,-2.100429,0.876239,-0.2088635,0.4342594,0.0,0.0,0.0,0.0,0.0,0.0,0.0,-1.980404,0.09520739,0.9117335,0.5983716,0.09576657,-2.09645,0.1342947,0.4119866,-0.09025016,0.8967091,18.3735,48.85186,356.9073,0.2119339,0.04609364,-0.9761959,0.2526664,-0.03371269,0.3566264,1.609301,-0.3359303,-0.8152979,0.6506113,0.20896,1.9929,0.644244,-0.05120109,-0.7631043,0.2725115,0.9476397,0.1664828,0.7146239,-0.3152102,0.6244641,static,63.63723,-25.68591,18.08003,5.98572,7.634582244115202,-1.2682761145486952
05/11/2023 10:30:45.110629,4140,True,True,True,True,Eyes,0.548559,0.09412786,-2.099012,0.8770177,-0.2091992,0.4325224,0.0,0.0,0.0,0.0,0.0,0.0,0.0,-1.989822,0.08654702,0.8834627,0.6074442,0.09687784,-2.090219,0.1337835,0.4162898,-0.08997795,0.8948233,18.32092,49.4141,357.0024,0.2159204,0.04580515,-0.9753355,0.2375064,-0.03168992,0.3352288,1.635343,-0.3431643,-0.8263588,0.6506113,0.2089598,1.9929,0.6372135,-0.04964332,-0.7690867,0.2724141,0.9480119,0.1645114,0.7209364,-0.314339,0.6176096,static,63.74868,-25.81178,18.08003,5.985714,7.652612942598563,-1.3042429847097088
05/11/2023 10:30:45.121496,4141,True,True,True,True,Eyes,0.5507231,0.09449877,-2.09741,0.8778867,-0.2098588,0.430435,0.0,0.0,0.0,0.0,0.0,0.0,0.0,-2.003239,0.07082215,0.8453316,0.6162093,0.09794026,-2.084049,0.1324334,0.4230807,-0.09064939,0.8917661,18.23429,50.28148,357.0056,0.219604,0.04556213,-0.9745241,0.2232561,-0.02978853,0.315115,1.656707,-0.3496087,-0.8351135,0.6506113,0.2089599,1.9929,0.625571,-0.04961604,-0.7785879,0.2737361,0.9484881,0.1594953,0.7305679,-0.3129033,0.6069283,static,63.88091,-25.99157,18.08003,5.985714,7.675011136878932,-1.3557594475296328
05/11/2023 10:30:45.140361,4142,True,True,True,True,Eyes,0.5531229,0.09492374,-2.095635,0.8789565,-0.2106415,0.4278617,0.0,0.0,0.0,0.0,0.0,0.0,0.0,-2.016081,0.05731404,0.8069888,0.6241429,0.09919742,-2.078389,0.1328433,0.4298529,-0.09252213,0.8882673,18.39357,51.15607,356.9697,0.2230285,0.04536207,-0.9737554,0.2098607,-0.02800122,0.2962081,1.67705,-0.3488474,-0.8410384,0.6506114,0.20896,1.9929,0.6133324,-0.05016263,-0.7882304,0.2785749,0.9475846,0.1564589,0.7390667,-0.3155425,0.5951584,static,64.04394,-26.21159,18.08003,5.985718,7.702572060232536,-1.418796897817428
05/11/2023 10:30:45.160467,4143,True,True,True,True,Eyes,0.5557293,0.09538803,-2.093702,0.8801028,-0.2116777,0.4249844,0.0,0.0,0.0,0.0,0.0,0.0,0.0,-2.028327,0.04641417,0.7678697,0.631879,0.1009199,-2.072783,0.1340247,0.4366656,-0.09412333,0.884591,18.62151,52.05443,357.0074,0.2262327,0.04520346,-0.9730234,0.1972691,-0.02632114,0.2784356,1.693005,-0.3419203,-0.8428255,0.6506115,0.2089599,1.9929,0.6009279,-0.04947333,-0.7977706,0.2835693,0.9463564,0.1549133,0.7473112,-0.319315,0.5827211,static,64.22501,-26.47714,18.08003,5.985717,7.733882312469336,-1.494961808960082
05/11/2023 10:30:45.180223,4144,True,True,True,True,Eyes,0.5585185,0.09586875,-2.091621,0.8814648,-0.2126525,0.4216617,0.0,0.0,0.0,0.0,0.0,0.0,0.0,-2.039647,0.03679612,0.7292848,0.6391537,0.1023854,-2.067455,0.1350117,0.443389,-0.09518328,0.8809757,18.8015,52.95047,357.0946,0.2292495,0.04508425,-0.9723225,0.1854329,-0.02474188,0.2617295,1.708132,-0.3325027,-0.8424485,0.6506116,0.2089599,1.9929,0.5886927,-0.04798292,-0.8069316,0.2874337,0.945424,0.1534776,0.7555281,-0.3222905,0.5703561,moving,64.4352,-26.76273,18.08003,5.985715,7.769479389422378,-1.576793095054807
05/11/2023 10:30:45.190578,4145,True,True,True,True,Eyes,0.5614908,0.09635169,-2.089406,0.8828753,-0.2136734,0.4181803,0.0,0.0,0.0,0.0,0.0,0.0,0.0,-2.050173,0.0265775,0.6906937,0.6462432,0.103406,-2.062196,0.1348791,0.4501837,-0.09540224,0.8775195,18.82116,53.85561,357.2148,0.2321074,0.04500153,-0.971648,0.1743069,-0.02325736,0.2460257,1.727266,-0.3306756,-0.8487289,0.647439,0.2069434,1.993152,0.5764661,-0.0459939,-0.8158255,0.2888754,0.945412,0.150821,0.7643545,-0.3226151,0.5582845,moving,64.65508,-27.06521,17.99544,5.927622,7.806840515642485,-1.6634783934456827
05/11/2023 10:30:45.210591,4146,True,True,True,True,Eyes,0.5646471,0.09683246,-2.087049,0.8844875,-0.2144443,0.4143614,0.0,0.0,0.0,0.0,0.0,0.0,0.0,-2.059455,0.01595178,0.6535757,0.6531311,0.1039585,-2.057033,0.1336535,0.4567264,-0.09490423,0.8743747,18.68814,54.72338,357.3451,0.2348317,0.04495199,-0.9709955,0.1638485,-0.02186192,0.2312642,1.748801,-0.3280855,-0.8575398,0.644022,0.2047715,1.993423,0.5647885,-0.04387753,-0.8240685,0.2880499,0.9462599,0.147036,0.7733313,-0.320417,0.5470756,moving,64.89803,-27.36291,17.90426,5.865055,7.846915657389611,-1.7486538753112821
05/11/2023 10:30:45.230497,4147,True,True,True,True,Eyes,0.5679705,0.09730826,-2.084558,0.8860875,-0.2151063,0.4105826,0.0,0.0,0.0,0.0,0.0,0.0,0.0,-2.067513,0.004669994,0.6174493,0.6604435,0.104479,-2.051529,0.1313136,0.4629878,-0.09360196,0.871572,18.39533,55.54876,357.4892,0.2374461,0.04493243,-0.9703603,0.1540176,-0.0205502,0.2173883,1.7637,-0.3261099,-0.8623223,0.6407629,0.2027001,1.993681,0.5537621,-0.04156851,-0.8316367,0.2847549,0.9479908,0.1422254,0.7824718,-0.3155717,0.5367982,moving,65.1386,-27.65027,17.81724,5.805384,7.8863530486823565,-1.830839018885566
05/11/2023 10:30:45.240397,4148,True,True,True,True,Eyes,0.5714651,0.09776099,-2.081928,0.8878368,-0.2155998,0.4065248,0.0,0.0,0.0,0.0,0.0,0.0,0.0,-2.074075,-0.005928278,0.5843471,0.6675684,0.1049528,-2.046124,0.1289991,0.4685771,-0.09237899,0.8690576,18.10676,56.28394,357.6078,0.2399704,0.04493986,-0.9697388,0.1447766,-0.01931719,0.204345,1.779878,-0.3223986,-0.8664072,0.6377932,0.2008125,1.993917,0.5438033,-0.03967332,-0.8382745,0.2814573,0.9496507,0.1376419,0.7906072,-0.3107886,0.5275896,moving,65.39779,-27.93917,17.73789,5.751012,7.92815921259874,-1.9133732283214941
05/11/2023 10:30:45.263876,4149,True,True,True,True,Eyes,0.5751097,0.09815902,-2.079169,0.8895527,-0.216198,0.4024356,0.0,0.0,0.0,0.0,0.0,0.0,0.0,-2.079886,-0.01679051,0.5508891,0.6749241,0.1049005,-2.040382,0.1270939,0.4740725,-0.0918377,0.8664113,17.89699,57.0057,357.6732,0.2424232,0.04497074,-0.9691271,0.13609,-0.01815816,0.1920843,1.796733,-0.3202266,-0.8724688,0.6346758,0.1988309,1.994164,0.5336422,-0.03863493,-0.8448275,0.2796419,0.9508259,0.1331558,0.7981394,-0.3073067,0.5182047,moving,65.6579,-28.24575,17.65453,5.693937,7.970663780053859,-2.001037116743576
05/11/2023 10:30:45.270275,4150,True,True,True,True,Eyes,0.5789073,0.09851646,-2.076278,0.8913829,-0.2167904,0.3980434,0.0,0.0,0.0,0.0,0.0,0.0,0.0,-2.085645,-0.02449453,0.5156795,0.6819293,0.1040899,-2.034841,0.1264225,0.4797916,-0.09167694,0.8633729,17.83466,57.77395,357.7731,0.2448196,0.04502041,-0.9685223,0.1279246,-0.01706867,0.1805593,1.813652,-0.3162825,-0.877968,0.6309407,0.1964568,1.99446,0.5227907,-0.03698986,-0.8516582,0.2796157,0.9512254,0.1303279,0.8052981,-0.3062712,0.5076348,moving,65.93705,-28.57448,17.55459,5.625559,8.016270043514094,-2.0950333009201456
05/11/2023 10:30:45.290261,4151,True,True,True,True,Eyes,0.5828377,0.09886469,-2.07328,0.8931166,-0.217589,0.3936977,0.0,0.0,0.0,0.0,0.0,0.0,0.0,-2.090616,-0.02991393,0.4807484,0.68913,0.1035348,-2.029056,0.1267674,0.4852507,-0.09167301,0.8602662,17.88311,58.52332,357.9105,0.2471738,0.04508532,-0.967921,0.1202491,-0.01604455,0.1697257,1.829561,-0.3098975,-0.8825698,0.6281439,0.1946792,1.994682,0.5122557,-0.0346985,-0.8581318,0.2807543,0.9510522,0.1291386,0.8116472,-0.3070761,0.4969236,moving,66.21148,-28.92857,17.4797,5.574362,8.06212624384069,-2.1964192844738983
05/11/2023 10:30:45.310807,4152,True,True,True,True,Eyes,0.586926,0.09918772,-2.070166,0.894918,-0.2185258,0.3890607,0.0,0.0,0.0,0.0,0.0,0.0,0.0,-2.094533,-0.0316067,0.4501507,0.6960528,0.1037961,-2.02372,0.128176,0.4897621,-0.0914456,0.8575206,18.0231,59.16562,358.1149,0.2494974,0.04516371,-0.967321,0.1130341,-0.01508188,0.1595422,1.845992,-0.2990191,-0.8847835,0.6250375,0.1927045,1.994929,0.5035415,-0.03128152,-0.8634045,0.2823845,0.9504172,0.1302539,0.81652,-0.3094003,0.487408,moving,66.50327,-29.32185,17.39646,5.517492,8.11143774634969,-2.309095085751159
05/11/2023 10:30:45.330759,4153,True,True,True,True,Eyes,0.5911425,0.09947808,-2.066956,0.8966279,-0.2198279,0.3843619,0.0,0.0,0.0,0.0,0.0,0.0,0.0,-2.098619,-0.03389138,0.41598,0.7036613,0.1035772,-2.018049,0.1305255,0.4947607,-0.09213074,0.8542172,18.31009,59.88391,358.2953,0.251802,0.04525322,-0.9667196,0.1062521,-0.01417697,0.1499696,1.859782,-0.2870105,-0.8850663,0.6217204,0.1905962,1.995192,0.4934476,-0.0282415,-0.869317,0.2865571,0.9489501,0.131829,0.8212154,-0.3141597,0.4763499,moving,66.7964,-29.76651,17.30753,5.45678,8.162612869437073,-2.4366853226440925
05/11/2023 10:30:45.340208,4154,True,True,True,True,Eyes,0.5954702,0.09971953,-2.063658,0.8984035,-0.2213919,0.3792844,0.0,0.0,0.0,0.0,0.0,0.0,0.0,-2.102976,-0.03372973,0.3789662,0.7106612,0.1032108,-2.012851,0.1339936,0.5003208,-0.09290642,0.8503488,18.71425,60.70413,358.5525,0.2540961,0.04535137,-0.9661145,0.09987696,-0.01332635,0.1409715,1.877804,-0.2860876,-0.8909073,0.6185011,0.18855,1.995448,0.482095,-0.02392618,-0.8757923,0.2920853,0.9468282,0.1349165,0.8259968,-0.3208486,0.4634496,moving,67.11169,-30.27251,17.22114,5.397855,8.218572321370505,-2.581972752365737
05/11/2023 10:30:45.360465,4155,True,True,True,True,Eyes,0.5998945,0.09993834,-2.060294,0.9000975,-0.2232556,0.3741411,0.0,0.0,0.0,0.0,0.0,0.0,0.0,-2.106921,-0.02999288,0.3405833,0.7173371,0.1024004,-2.007724,0.1387798,0.5059752,-0.09369921,0.8461382,19.24891,61.57075,358.8998,0.2563871,0.04545514,-0.9655042,0.09388434,-0.01252677,0.1325132,1.899492,-0.2911466,-0.9028935,0.6154004,0.1865791,1.995693,0.4704191,-0.01812668,-0.882257,0.2990032,0.9439213,0.1400347,0.8302428,-0.3296727,0.4494585,moving,67.42894,-30.82516,17.13789,5.341107,8.276316367758284,-2.740797687877083
05/11/2023 10:30:45.380352,4156,True,True,True,True,Eyes,0.6044242,0.1001421,-2.056865,0.9018617,-0.2252558,0.3686534,0.0,0.0,0.0,0.0,0.0,0.0,0.0,-2.110444,-0.02394894,0.3035768,0.7237915,0.1022756,-2.00309,0.1441733,0.5113046,-0.09406776,0.8419816,19.81456,62.42082,359.3317,0.2586807,0.04556302,-0.9648872,0.08825128,-0.01177516,0.1245624,1.915867,-0.3000771,-0.9122391,0.6121057,0.184485,1.995955,0.4594379,-0.01097372,-0.8881421,0.3058396,0.9407306,0.146588,0.8338939,-0.338977,0.4355635,moving,67.76677,-31.4259,17.04937,5.280812,8.338210478751474,-2.91348015358266
05/11/2023 10:30:45.393290,4157,True,True,True,True,Eyes,0.6090587,0.1003572,-2.053383,0.9036015,-0.2272523,0.3631262,0.0,0.0,0.0,0.0,0.0,0.0,0.0,-2.11344,-0.01598862,0.265743,0.7305601,0.1023393,-1.998327,0.1489195,0.5166898,-0.09311018,0.837965,20.23044,63.29255,359.8684,0.2609824,0.04567398,-0.9642619,0.0829562,-0.01106865,0.1170886,1.931529,-0.3145388,-0.9219456,0.6089833,0.1825001,1.996202,0.4487242,-0.002155762,-0.8936678,0.3099365,0.938307,0.1533604,0.8382041,-0.3457968,0.4217092,moving,68.10651,-32.03923,16.96543,5.223668,8.400758137784571,-3.0898088684050604
05/11/2023 10:30:45.410440,4158,True,True,True,True,Eyes,0.613794,0.1006118,-2.04986,0.9054292,-0.2290886,0.3573743,0.0,0.0,0.0,0.0,0.0,0.0,0.0,-2.115932,-0.01223618,0.2293608,0.7374408,0.1030843,-1.99386,0.1518653,0.5220376,-0.09176477,0.8342619,20.43841,64.13241,0.3330668,0.2632963,0.04578827,-0.9636273,0.07797883,-0.01040453,0.1100633,1.948529,-0.3326936,-0.934611,0.6057941,0.1804731,1.996455,0.438112,0.005447117,-0.8989038,0.3116705,0.9370323,0.1575816,0.8431603,-0.3492002,0.4088274,moving,68.46078,-32.6612,16.87963,5.165315,8.465399900498259,-3.2685701567680647
05/11/2023 10:30:45.423649,4159,True,True,True,True,Eyes,0.6186382,0.1008803,-2.046292,0.9074384,-0.2305659,0.3512762,0.0,0.0,0.0,0.0,0.0,0.0,0.0,-2.117626,-0.0131439,0.1967171,0.7443479,0.1044576,-1.989534,0.1524296,0.5269793,-0.08991875,0.8312477,20.3763,64.86891,0.6824239,0.265627,0.04590743,-0.9629818,0.0733001,-0.009780261,0.1034595,1.964861,-0.3553458,-0.9495157,0.6026271,0.1784599,1.996707,0.428415,0.01116499,-0.9035132,0.310144,0.9373596,0.1586429,0.8486881,-0.3481842,0.3981161,moving,68.8382,-33.27955,16.79436,5.107362,8.532803946237188,-3.4461580877142515
05/11/2023 10:30:45.440273,4160,True,True,True,True,Eyes,0.6235939,0.1011367,-2.04268,0.9095195,-0.2318537,0.3449902,0.0,0.0,0.0,0.0,0.0,0.0,0.0,-2.118828,-0.01874688,0.163507,0.7515391,0.105158,-1.985106,0.1517804,0.5321472,-0.08868257,0.8282014,20.23026,65.60376,0.8942984,0.267978,0.04603165,-0.9623243,0.0689021,-0.009193445,0.09725194,1.981777,-0.3793389,-0.9665564,0.5994444,0.1764372,1.996959,0.4179096,0.01464498,-0.9083705,0.3084331,0.9381962,0.1570251,0.8545294,-0.3457938,0.3875643,moving,69.22775,-33.90342,16.70863,5.049139,8.601900294017064,-3.625285152562129
05/11/2023 10:30:45.460434,4161,True,True,True,True,Eyes,0.6286576,0.1013744,-2.039027,0.9117129,-0.2328812,0.3384463,0.0,0.0,0.0,0.0,0.0,0.0,0.0,-2.119452,-0.02619252,0.1311188,0.7589026,0.1052048,-1.980645,0.1505549,0.5371643,-0.08780349,0.8252748,20.04927,66.3009,1.02603,0.2703529,0.04615988,-0.9616538,0.06476797,-0.008641838,0.09141683,2.00017,-0.3990923,-0.9846932,0.596243,0.1744023,1.997213,0.4074901,0.01682143,-0.9130549,0.3066695,0.9392475,0.1541685,0.8601779,-0.3428281,0.3775755,moving,69.63406,-34.53143,16.62234,4.990571,8.673219736222947,-3.8055261678696484
05/11/2023 10:30:45.470358,4162,True,True,True,True,Eyes,0.6338275,0.101582,-2.035339,0.9139396,-0.2338121,0.3317325,0.0,0.0,0.0,0.0,0.0,0.0,0.0,-2.119604,-0.03455409,0.09870625,0.7662985,0.1050428,-1.976211,0.1492567,0.5421807,-0.08722872,0.8222856,19.87997,66.9948,1.12078,0.2727551,0.04629088,-0.960969,0.06088189,-0.008123328,0.08593182,2.018358,-0.4096004,-1.000108,0.5931599,0.1724424,1.997458,0.3968623,0.01839442,-0.9176939,0.3053021,0.9402272,0.1508758,0.865616,-0.3400507,0.3675249,moving,70.05064,-35.177,16.53918,4.934166,8.746397555681853,-3.990812715228741
05/11/2023 10:30:45.490170,4163,True,True,True,True,Eyes,0.6391138,0.1017631,-2.031612,0.9162421,-0.2345835,0.3247629,0.0,0.0,0.0,0.0,0.0,0.0,0.0,-2.119325,-0.04266652,0.06697893,0.7737397,0.1045725,-1.971861,0.1485619,0.5469728,-0.0871665,0.8192388,19.802,67.66828,1.199648,0.2751866,0.04642293,-0.960269,0.0,0.0,0.0,2.037188,-0.4127438,-1.013468,0.5899001,0.1703708,1.997716,0.3864456,0.01969829,-0.9221019,0.305339,0.9406627,0.14806,0.8703035,-0.3387708,0.3575003,moving,70.48308,-35.84142,16.4512,4.874548,8.822172226594507,-4.181489956573132
05/11/2023 10:30:45.510726,4164,True,True,True,True,Eyes,0.6445178,0.1019154,-2.027853,0.9185635,-0.2353064,0.3176033,0.0,0.0,0.0,0.0,0.0,0.0,0.0,-2.118659,-0.0507504,0.0333271,0.7815366,0.1041611,-1.967423,0.1480471,0.5520406,-0.08710644,0.8159325,19.74079,68.38844,1.297323,0.2776508,0.04655472,-0.9595531,0.0,0.0,0.0,2.055793,-0.411444,-1.02471,0.5866567,0.1683092,1.997974,0.3753273,0.02131003,-0.9266474,0.305602,0.9409891,0.1454203,0.875064,-0.3377655,0.3466665,moving,70.92662,-36.53406,16.3636,4.815226,8.900260641056583,-4.380304173183972
05/11/2023 10:30:45.530220,4165,True,True,True,True,Eyes,0.6500329,0.1020396,-2.024058,0.9208614,-0.2360992,0.3102767,0.0,0.0,0.0,0.0,0.0,0.0,0.0,-2.117605,-0.0578267,-0.0004979372,0.7894669,0.1036832,-1.963056,0.1480022,0.5570418,-0.08709893,0.8125355,19.72765,69.11306,1.421108,0.28015,0.04668488,-0.9588201,0.0,0.0,0.0,2.072055,-0.4068696,-1.031288,0.5835018,0.1663037,1.998224,0.3642366,0.02334486,-0.9310139,0.3064287,0.9410182,0.1434786,0.8794506,-0.3375495,0.3355997,moving,71.37918,-37.26863,16.27835,4.75752,8.980856638826484,-4.5912479154788
05/11/2023 10:30:45.540793,4166,True,True,True,True,Eyes,0.6556634,0.1021335,-2.020228,0.9231577,-0.2369197,0.3027357,0.0,0.0,0.0,0.0,0.0,0.0,0.0,-2.115887,-0.06694597,-0.03438735,0.797339,0.1031593,-1.958635,0.1482817,0.5620699,-0.08788767,0.8089288,19.79749,69.84603,1.492069,0.2826862,0.04681224,-0.9580692,0.0,0.0,0.0,2.086539,-0.404511,-1.036124,0.5802092,0.1642108,1.998485,0.3527065,0.02449957,-0.9354132,0.308879,0.9405766,0.1411006,0.8832847,-0.3386966,0.3241801,moving,71.84387,-38.04658,16.18931,4.697306,9.064395254748739,-4.814725887339976
05/11/2023 10:30:45.560453,4167,True,True,True,True,Eyes,0.6613976,0.1022171,-2.016359,0.9254068,-0.2377726,0.2951042,0.0,0.0,0.0,0.0,0.0,0.0,0.0,-2.11346,-0.07974946,-0.06930065,0.8053926,0.1025115,-1.954151,0.1480992,0.5673674,-0.08935679,0.8050939,19.86857,70.60436,1.472778,0.2852611,0.04693563,-0.9572996,0.0,0.0,0.0,2.100417,-0.4077272,-1.042178,0.576998,0.1621699,1.99874,0.3402192,0.02417203,-0.9400355,0.3119345,0.940164,0.1370712,0.8871009,-0.3398637,0.3123217,moving,72.31297,-38.85923,16.10242,4.638593,9.149628808410437,-5.048257993420854
05/11/2023 10:30:45.580344,4168,True,True,True,True,Eyes,0.6672441,0.1022666,-2.012455,0.9276491,-0.2386082,0.2872859,0.0,0.0,0.0,0.0,0.0,0.0,0.0,-2.110301,-0.0924612,-0.1037166,0.8132797,0.1023384,-1.949558,0.1478846,0.5726003,-0.09066185,0.8012737,19.92672,71.35787,1.466951,0.2878761,0.04705494,-0.9565107,0.0,0.0,0.0,2.114446,-0.4164468,-1.050703,0.5737727,0.1601196,1.998996,0.3278187,0.02406761,-0.9444341,0.3146474,0.9398212,0.1331661,0.8908041,-0.3408181,0.3005182,moving,72.79265,-39.71167,16.01509,4.579616,9.237493469389396,-5.293289913018355
05/11/2023 10:30:45.590206,4169,True,True,True,True,Eyes,0.6731947,0.1022772,-2.008519,0.929867,-0.2393581,0.2793833,0.0,0.0,0.0,0.0,0.0,0.0,0.0,-2.10675,-0.1032523,-0.1381495,0.8214858,0.1015843,-1.944989,0.1475653,0.5777064,-0.0915081,0.7975627,19.94481,72.09758,1.495434,0.2905333,0.04716897,-0.9557013,0.0,0.0,0.0,2.128996,-0.4262198,-1.060759,0.5705947,0.1580999,1.999248,0.3157633,0.02453197,-0.9485209,0.3164658,0.9397014,0.1296556,0.8945072,-0.3411148,0.2889597,moving,73.27684,-40.58791,15.929,4.521523,9.32670554711936,-5.545209920767127
05/11/2023 10:30:45.610519,4170,True,True,True,True,Eyes,0.6792535,0.102243,-2.004554,0.9320803,-0.2400333,0.2713121,0.0,0.0,0.0,0.0,0.0,0.0,0.0,-2.102658,-0.113626,-0.1728292,0.8296039,0.100663,-1.940509,0.1467607,0.5828884,-0.09198255,0.7938776,19.89218,72.84207,1.526166,0.2932331,0.04727635,-0.9548711,0.0,0.0,0.0,2.144022,-0.4367287,-1.07191,0.5673103,0.1560119,1.999509,0.3035607,0.02504436,-0.9524829,0.3171359,0.9400011,0.1257889,0.8984852,-0.3402511,0.2774049,moving,73.77065,-41.4996,15.83996,4.461471,9.418285899059157,-5.8073744043228865
05/11/2023 10:30:45.630131,4171,True,True,True,True,Eyes,0.6853929,0.1021808,-2.000562,0.9342662,-0.240601,0.2631689,0.0,0.0,0.0,0.0,0.0,0.0,0.0,-2.097928,-0.126175,-0.2071326,0.8379196,0.09954271,-1.936002,0.145337,0.5880412,-0.09275507,0.7902414,19.80318,73.56665,1.481819,0.2959766,0.04737559,-0.9540194,0.0,0.0,0.0,2.158955,-0.4437407,-1.082071,0.5642766,0.1540837,1.999749,0.2912082,0.02433045,-0.9563504,0.317526,0.9405473,0.120615,0.9024274,-0.3387901,0.2661695,moving,74.26826,-42.43498,15.75768,4.406022,9.511121650533479,-6.07639877384977
05/11/2023 10:30:45.640317,4172,True,True,True,True,Eyes,0.6916614,0.1020262,-1.996528,0.9364523,-0.2411035,0.254806,0.0,0.0,0.0,0.0,0.0,0.0,0.0,-2.09246,-0.1400631,-0.2401876,0.845656,0.09875846,-1.93153,0.1436653,0.5931159,-0.0937603,0.7866276,19.70903,74.27472,1.394557,0.2987635,0.04746612,-0.9531457,0.0,0.0,0.0,2.175495,-0.4534444,-1.095485,0.5608662,0.1519158,2.00002,0.2788451,0.02291149,-0.9600627,0.3179292,0.9411386,0.1148008,0.9061824,-0.3372436,0.2551476,moving,74.77849,-43.41725,15.66511,4.343682,9.607076934698252,-6.358974144598931
05/11/2023 10:30:45.660316,4173,True,True,True,True,Eyes,0.6980065,0.1018084,-1.99246,0.9385697,-0.2416017,0.2464055,0.0,0.0,0.0,0.0,0.0,0.0,0.0,-2.085583,-0.1568287,-0.2782972,0.8546196,0.09631674,-1.926668,0.1413205,0.5989446,-0.095332,0.7824359,19.59356,75.07833,1.222765,0.3015957,0.04754442,-0.9522495,0.0,0.0,0.0,2.193006,-0.461709,-1.110685,0.5577335,0.1499247,2.000268,0.2643545,0.02010399,-0.9642161,0.3184687,0.9418806,0.1069513,0.9103267,-0.3353457,0.2425879,moving,75.28993,-44.43602,15.58003,4.286435,9.70438824844755,-6.652143267560114
05/11/2023 10:30:45.680031,4174,True,True,True,True,Eyes,0.704435,0.1015116,-1.988359,0.9406399,-0.2421742,0.237799,0.0,0.0,0.0,0.0,0.0,0.0,0.0,-2.078307,-0.1711645,-0.313066,0.8624261,0.09450979,-1.921967,0.1404131,0.6042224,-0.09710914,0.7783117,19.62858,75.84101,1.126603,0.3044727,0.04760867,-0.9513302,0.0,0.0,0.0,2.209651,-0.4674366,-1.123317,0.5547131,0.1480048,2.000508,0.2509702,0.01851915,-0.9678175,0.3208439,0.9417079,0.1012193,0.9132759,-0.3359214,0.2303989,moving,75.81257,-45.52227,15.49796,4.231241,9.805322304994185,-6.9648505146094175
05/11/2023 10:30:45.690220,4175,True,True,True,True,Eyes,0.71093,0.1011498,-1.98423,0.9426091,-0.2429167,0.2290841,0.0,0.0,0.0,0.0,0.0,0.0,0.0,-2.070454,-0.1832958,-0.3488349,0.8704715,0.09229676,-1.917243,0.1404666,0.6095126,-0.09885913,0.7739447,19.75133,76.63671,1.108605,0.3073943,0.04765648,-0.9503878,0.0,0.0,0.0,2.226131,-0.4706134,-1.134481,0.5515078,0.1459675,2.000762,0.2374426,0.01820934,-0.9712309,0.3242553,0.940992,0.09691504,0.9156852,-0.3379386,0.2175272,moving,76.34013,-46.67865,15.41081,4.172675,9.9091848527638,-7.297898595197707
05/11/2023 10:30:45.710413,4176,True,True,True,True,Eyes,0.7174982,0.1007694,-1.980074,0.9445244,-0.2437307,0.2201569,0.0,0.0,0.0,0.0,0.0,0.0,0.0,-2.061612,-0.1962147,-0.3855283,0.8781469,0.09034238,-1.912608,0.1409471,0.6150519,-0.1009178,0.7691948,19.93604,77.48621,1.104979,0.3103594,0.04768636,-0.9494222,0.0,0.0,0.0,2.242589,-0.4719566,-1.144688,0.5481868,0.1438569,2.001025,0.2230535,0.0181287,-0.9746377,0.3286305,0.939899,0.09269221,0.9177414,-0.340971,0.2036901,moving,76.87933,-47.90916,15.32047,4.112012,10.01694453124691,-7.652413736904848
05/11/2023 10:30:45.720738,4177,True,True,True,True,Eyes,0.7241364,0.1003795,-1.975885,0.9463812,-0.2445217,0.2111202,0.0,0.0,0.0,0.0,0.0,0.0,0.0,-2.052216,-0.2108513,-0.4211551,0.8860658,0.08948555,-1.907957,0.1408771,0.6204695,-0.1028665,0.7645847,20.06439,78.30854,1.068719,0.3133671,0.04769914,-0.948433,0.0,0.0,0.0,2.259152,-0.471993,-1.154546,0.5449871,0.1418227,2.00128,0.2088722,0.01751957,-0.977786,0.3321202,0.9391443,0.08777387,0.9198198,-0.343076,0.1903425,moving,77.42428,-49.19265,15.23336,4.053546,10.127169649630318,-8.022284726141496
05/11/2023 10:30:45.740813,4178,True,True,True,True,Eyes,0.7308186,0.09994952,-1.971663,0.9482085,-0.2452367,0.2018907,0.0,0.0,0.0,0.0,0.0,0.0,0.0,-2.041675,-0.2279305,-0.4568633,0.8939676,0.08879203,-1.903168,0.139499,0.6260486,-0.1047492,0.7600203,20.07198,79.12508,0.9420918,0.316417,0.04769601,-0.94742,0.0,0.0,0.0,2.274296,-0.4704508,-1.161566,0.5417478,0.1397639,2.001536,0.1941817,0.01544322,-0.980844,0.3338894,0.9391353,0.08088796,0.9223944,-0.3432003,0.1772065,moving,77.98019,-50.53714,15.14514,3.994386,10.240773634139565,-8.409813218427374
05/11/2023 10:30:45.760520,4179,True,True,True,True,Eyes,0.7375506,0.09950306,-1.967403,0.9499519,-0.2458459,0.1927461,0.0,0.0,0.0,0.0,0.0,0.0,0.0,-2.029938,-0.245479,-0.4923887,0.9012849,0.08731478,-1.898267,0.1368308,0.6317471,-0.1063952,0.7555482,19.94966,79.9308,0.7382586,0.3195073,0.0476766,-0.9463833,0.0,0.0,0.0,2.289008,-0.4711719,-1.168537,0.5384916,0.1376941,2.001794,0.1791513,0.01211151,-0.9837471,0.3336584,0.9399148,0.07233483,0.9255145,-0.3411943,0.1643458,moving,78.53034,-51.90313,15.0564,3.934911,10.35437061545952,-8.803615993169064
05/11/2023 10:30:45.780476,4180,True,True,True,True,Eyes,0.7443497,0.09917784,-1.96311,0.9516422,-0.246267,0.183656,0.0,0.0,0.0,0.0,0.0,0.0,0.0,-2.018501,-0.2615207,-0.5246708,0.9088409,0.08639622,-1.893294,0.1334994,0.6368054,-0.1073875,0.7517479,19.72376,80.62653,0.5216156,0.3226363,0.04764171,-0.9453228,0.0,0.0,0.0,2.302965,-0.4713676,-1.174637,0.5353833,0.1357184,2.002041,0.165894,0.008569646,-0.9861064,0.3314829,0.9412916,0.06394599,0.9287617,-0.3374856,0.1533139,moving,79.07686,-53.2859,14.97164,3.87815,10.468069870375306,-9.202311063322579
05/11/2023 10:30:45.793706,4181,True,True,True,True,Eyes,0.7512171,0.09900814,-1.958798,0.953229,-0.2466148,0.1747445,0.0,0.0,0.0,0.0,0.0,0.0,0.0,-2.008837,-0.2755499,-0.5502759,0.9167367,0.08789818,-1.888392,0.1306316,0.6405665,-0.1077909,0.7489935,19.4983,81.13801,0.3578268,0.325804,0.04759857,-0.944238,0.0,0.0,0.0,2.316231,-0.4720541,-1.180368,0.5316716,0.1333592,2.002335,0.1561116,0.005887052,-0.9877219,0.3288257,0.942633,0.05758995,0.9313984,-0.3337788,0.1452202,moving,79.61196,-54.67966,14.87037,3.810376,10.580710445966538,-9.604258000721803
05/11/2023 10:30:45.810228,4182,True,True,True,True,Eyes,0.758194,0.09884944,-1.954462,0.9547638,-0.2469809,0.1656097,0.0,0.0,0.0,0.0,0.0,0.0,0.0,-1.999109,-0.2943055,-0.5741355,0.9252261,0.09239845,-1.883641,0.1278564,0.6441203,-0.1087793,0.7462768,19.32744,81.62004,0.1427384,0.329009,0.0475553,-0.9431282,0.0,0.0,0.0,2.330501,-0.4649959,-1.182445,0.528933,0.1316184,2.002553,0.1465522,0.002350837,-0.9892002,0.3270687,0.9436396,0.05069856,0.9335677,-0.3309665,0.1375235,moving,80.1596,-56.1567,14.79561,3.760372,10.697662365196468,-10.030324547382442
05/11/2023 10:30:45.820312,4183,True,True,True,True,Eyes,0.7651964,0.09877872,-1.950085,0.9562117,-0.2473967,0.1563782,0.0,0.0,0.0,0.0,0.0,0.0,0.0,-1.983957,-0.3207824,-0.6105036,0.9343534,0.09226956,-1.878875,0.1244154,0.6499485,-0.1121197,0.7412942,19.28097,82.44057,359.7268,0.332253,0.04751232,-0.9419924,0.0,0.0,0.0,2.34466,-0.4567361,-1.184094,0.5252951,0.1293063,2.002841,0.1299922,-0.004500219,-0.9915049,0.3279546,0.9439,0.03871269,0.9357073,-0.3302009,0.1241755,moving,80.7121,-57.70323,14.69624,3.693973,10.817514170712592,-10.476546378602094
05/11/2023 10:30:45.840509,4184,True,True,True,True,Eyes,0.772257,0.09879559,-1.945686,0.957568,-0.2477538,0.1472465,0.0,0.0,0.0,0.0,0.0,0.0,0.0,-1.96994,-0.3412797,-0.6393918,0.9415985,0.09418248,-1.873627,0.1205769,0.6546344,-0.1137089,0.7375537,19.07099,83.08247,359.4019,0.3355336,0.04747377,-0.9408308,0.0,0.0,0.0,2.360574,-0.4582087,-1.194857,0.5225966,0.1275908,2.003055,0.1170484,-0.0098653,-0.9930773,0.3256004,0.9450631,0.02898839,0.9382346,-0.3267393,0.1138303,moving,81.25803,-59.27589,14.62249,3.644708,10.937411044501658,-10.93039138240741
05/11/2023 10:30:45.860355,4185,True,True,True,True,Eyes,0.7793972,0.09884688,-1.941277,0.9587278,-0.2485423,0.1380856,0.0,0.0,0.0,0.0,0.0,0.0,0.0,-1.960683,-0.352571,-0.6595796,0.9498635,0.09630031,-1.868721,0.1192291,0.6572034,-0.1142827,0.7353963,19.00043,83.45725,359.3109,0.3388496,0.0474433,-0.9396431,0.0,0.0,0.0,2.382979,-0.4542934,-1.214232,0.5194448,0.1255875,2.003305,0.1100465,-0.01137071,-0.9938614,0.3248017,0.9454478,0.02514726,0.9393581,-0.3255753,0.1077365,moving,81.80405,-60.94424,14.53632,3.587186,11.060479257952466,-11.412025682010025
05/11/2023 10:30:45.870615,4186,True,True,True,True,Eyes,0.7865987,0.09894339,-1.936871,0.9597884,-0.2493625,0.1289364,0.0,0.0,0.0,0.0,0.0,0.0,0.0,-1.950982,-0.3594251,-0.6842408,0.9586938,0.09723638,-1.864176,0.1192211,0.6603331,-0.1143587,0.7325768,19.00841,83.9595,359.3878,0.3422011,0.04742165,-0.9384289,0.0,0.0,0.0,2.396461,-0.4450926,-1.218716,0.5162987,0.1235877,2.003555,0.1017648,-0.01010171,-0.9947572,0.3250043,0.9454168,0.02364766,0.9402213,-0.3257068,0.09949329,moving,82.34879,-62.65813,14.45025,3.529774,11.184892076342926,-11.906892209889595
05/11/2023 10:30:45.890554,4187,True,True,True,True,Eyes,0.7938547,0.09909696,-1.932476,0.9606646,-0.2505677,0.1197461,0.0,0.0,0.0,0.0,0.0,0.0,0.0,-1.941118,-0.3673786,-0.7081169,0.9671146,0.09845246,-1.859928,0.1199517,0.663431,-0.1149697,0.7295567,19.12148,84.47659,359.4788,0.3455869,0.04740996,-0.937188,0.0,0.0,0.0,2.412059,-0.4432889,-1.227201,0.5130051,0.1214944,2.003816,0.09328263,-0.008594412,-0.9956026,0.3269131,0.9447871,0.02247426,0.9404393,-0.327572,0.0909419,moving,82.89478,-64.45691,14.36009,3.469682,11.31226397019821,-12.426405440183256
05/11/2023 10:30:45.910711,4188,True,True,True,True,Eyes,0.8011485,0.09925799,-1.928111,0.9614507,-0.2517503,0.1106086,0.0,0.0,0.0,0.0,0.0,0.0,0.0,-1.931961,-0.3739666,-0.7303603,0.9754737,0.1000633,-1.855853,0.121174,0.6662132,-0.1153731,0.7267503,19.25983,84.95882,359.6213,0.3490053,0.04740981,-0.9359203,0.0,0.0,0.0,2.431947,-0.441121,-1.245606,0.5098164,0.1194676,2.004069,0.08569828,-0.006239462,-0.9963016,0.3291502,0.9440119,0.0224003,0.9403808,-0.3298525,0.08295389,moving,83.43735,-66.28132,14.27277,3.411508,11.440056548364307,-12.953380027634104
05/11/2023 10:30:45.923134,4189,True,True,True,True,Eyes,0.8085017,0.09939496,-1.923774,0.9621264,-0.2530188,0.1014612,0.0,0.0,0.0,0.0,0.0,0.0,0.0,-1.923424,-0.3777637,-0.7522751,0.9834644,0.1004743,-1.852265,0.1220945,0.6689039,-0.1152772,0.724135,19.33219,85.42169,359.7806,0.352454,0.04742026,-0.9346265,0.0,0.0,0.0,2.448959,-0.4473472,-1.266507,0.5066842,0.1174768,2.004317,0.07855739,-0.003613423,-0.996903,0.3302915,0.9436082,0.02260721,0.9406042,-0.3310446,0.07532087,moving,83.98011,-68.14909,14.18694,3.354377,11.569304730821887,-13.492945989130071
05/11/2023 10:30:45.940579,4190,True,True,True,True,Eyes,0.8159075,0.09958546,-1.919487,0.9627544,-0.2540707,0.09247716,0.0,0.0,0.0,0.0,0.0,0.0,0.0,-1.914379,-0.3800928,-0.7761513,0.9920439,0.1001364,-1.848662,0.1214859,0.6718252,-0.1143443,0.721677,19.20724,85.88377,359.8905,0.3559316,0.04743891,-0.9333068,0.0,0.0,0.0,2.465245,-0.4548019,-1.288493,0.5035311,0.1154725,2.004568,0.07115267,-0.001804731,-0.997464,0.328274,0.9443331,0.0217084,0.9418991,-0.328986,0.0677843,moving,84.5133,-69.9994,14.1005,3.296862,11.696784978143594,-14.027491769333157
05/11/2023 10:30:45.960512,4191,True,True,True,True,Eyes,0.8234082,0.09977237,-1.91525,0.9632756,-0.2551903,0.08353515,0.0,0.0,0.0,0.0,0.0,0.0,0.0,-1.907407,-0.3849682,-0.7945754,1.000574,0.1016208,-1.84561,0.1195372,0.6738976,-0.1133812,0.7202206,18.96564,86.17149,359.8663,0.3594365,0.04746728,-0.9319611,0.0,0.0,0.0,2.480872,-0.460613,-1.31018,0.5001518,0.1133246,2.004835,0.06601347,-0.002207239,-0.9978163,0.3244306,0.9457111,0.01937168,0.9436032,-0.325001,0.06314573,moving,85.04372,-71.87442,14.00781,3.235236,11.824736442412824,-14.569228298210852
05/11/2023 10:30:45.980380,4192,True,True,True,True,Eyes,0.8309852,0.09992337,-1.911064,0.9637249,-0.2562596,0.07460184,0.0,0.0,0.0,0.0,0.0,0.0,0.0,-1.897804,-0.3976957,-0.8161548,1.010146,0.1016585,-1.842607,0.1166387,0.6765563,-0.1142716,0.7180592,18.79176,86.52792,359.6198,0.3629685,0.04750398,-0.9305894,0.0,0.0,0.0,2.497602,-0.4609964,-1.331573,0.4971436,0.1114123,2.005074,0.05842708,-0.006282243,-0.9982719,0.321933,0.9466748,0.01288464,0.9449579,-0.3221294,0.05733394,moving,85.57357,-73.76875,13.92525,3.180381,11.953254657565747,-15.116575737740916
05/11/2023 10:30:45.990264,4193,True,True,True,True,Eyes,0.8386201,0.1000355,-1.906925,0.9640236,-0.2576081,0.06554893,0.0,0.0,0.0,0.0,0.0,0.0,0.0,-1.884763,-0.4165191,-0.8412467,1.019244,0.1007677,-1.839702,0.113342,0.6801134,-0.1166924,0.7148303,18.70942,87.02251,359.2342,0.3665266,0.04754619,-0.9291915,0.0,0.0,0.0,2.513995,-0.457094,-1.350478,0.4933631,0.1090093,2.005374,0.04765749,-0.01265977,-0.9987835,0.3210013,0.947073,0.00331242,0.9458789,-0.3207686,0.04919894,moving,86.11015,-75.72393,13.82145,3.111456,12.084620212711908,-15.681559420497845
05/11/2023 10:30:46.010989,4194,True,True,True,True,Eyes,0.8463057,0.1001301,-1.902846,0.964207,-0.2590532,0.05653627,0.0,0.0,0.0,0.0,0.0,0.0,0.0,-1.872126,-0.4353464,-0.8636979,1.027991,0.0998195,-1.836743,0.1113669,0.6832225,-0.119702,0.7116711,18.78873,87.481,358.8984,0.3701096,0.04759129,-0.9277678,0.0,0.0,0.0,2.532006,-0.4471264,-1.367706,0.4906374,0.1072765,2.00559,0.03775667,-0.01820013,-0.9991212,0.3225538,0.9465377,-0.005052981,0.9457979,-0.3220795,0.04160862,moving,86.6443,-77.6887,13.74656,3.061762,12.215999975924678,-16.249340990988273
05/11/2023 10:30:46.030287,4195,True,True,True,True,Eyes,0.8540578,0.1002171,-1.898842,0.9642347,-0.2607713,0.0474311,0.0,0.0,0.0,0.0,0.0,0.0,0.0,-1.861196,-0.4486189,-0.8850315,1.036635,0.09945238,-1.834144,0.1116967,0.6859997,-0.1219593,0.708558,19.00285,87.9479,358.8132,0.3737155,0.04763789,-0.9263188,0.0,0.0,0.0,2.548115,-0.4378165,-1.382007,0.4874687,0.1052628,2.005842,0.02906067,-0.01958273,-0.9993859,0.3260782,0.9452996,-0.009041011,0.9448962,-0.3256152,0.03385651,moving,87.18387,-79.69129,13.65947,3.004018,12.3493034440794,-16.828077464009894
05/11/2023 10:30:46.040410,4196,True,True,True,True,Eyes,0.8618764,0.1002709,-1.894932,0.9641184,-0.2626938,0.03830979,0.0,0.0,0.0,0.0,0.0,0.0,0.0,-1.851935,-0.4582779,-0.905561,1.045762,0.09942212,-1.831999,0.1139428,0.6884443,-0.1238,0.7055034,19.34362,88.41351,358.9193,0.3773427,0.04768516,-0.9248447,0.0,0.0,0.0,2.56332,-0.432181,-1.39614,0.4842043,0.103188,2.006101,0.02143592,-0.01779607,-0.9996119,0.3315692,0.9433812,-0.009684727,0.9431874,-0.3312329,0.02612283,moving,87.72452,-81.7028,13.56971,2.944533,12.48303593680961,-17.409398740785967
05/11/2023 10:30:46.061698,4197,True,True,True,True,Eyes,0.8697499,0.1003161,-1.891118,0.9638293,-0.2649365,0.02900979,0.0,0.0,0.0,0.0,0.0,0.0,0.0,-1.841749,-0.4676619,-0.9284753,1.054894,0.09871828,-1.830373,0.1172369,0.6913158,-0.1258877,0.7017765,19.79188,88.9845,359.1113,0.3809897,0.04773113,-0.9233459,0.0,0.0,0.0,2.577425,-0.4319395,-1.412857,0.4810573,0.1011876,2.006351,0.01246932,-0.01459454,-0.9998159,0.3387856,0.9408156,-0.009508061,0.9407811,-0.3386046,0.01667578,moving,88.27601,-83.75117,13.48313,2.887188,12.619335140564765,-18.00136754555428
05/11/2023 10:30:46.070729,4198,True,True,True,True,Eyes,0.8776608,0.1003542,-1.887406,0.9633716,-0.26745,0.01963943,0.0,0.0,0.0,0.0,0.0,0.0,0.0,-1.829718,-0.4807076,-0.9525723,1.063765,0.09864816,-1.828938,0.1207114,0.6946055,-0.1286495,0.6974248,20.30976,89.6393,359.282,0.3846541,0.04777515,-0.9218231,0.0,0.0,0.0,2.590384,-0.4349485,-1.429156,0.4778195,0.09912963,2.006607,0.001945107,-0.01175308,-0.999929,0.3471402,0.9377561,-0.01034701,0.9378112,-0.3470955,0.005903975,moving,88.83212,-85.80019,13.39401,2.828205,12.756230932045888,-18.593500761184288
05/11/2023 10:30:46.090404,4199,True,True,True,True,Eyes,0.8856254,0.1004061,-1.883792,0.9627694,-0.2701361,0.01007973,0.0,0.0,0.0,0.0,0.0,0.0,0.0,-1.816349,-0.4980929,-0.9760562,1.072214,0.0985011,-1.82772,0.1237044,0.6980125,-0.1323119,0.6927984,20.8618,90.30953,359.3478,0.3883331,0.04781674,-0.9202771,0.0,0.0,0.0,2.601149,-0.4396493,-1.442761,0.474692,0.09714182,2.006855,-0.009455526,-0.01063646,-0.9998987,0.3560252,0.9343816,-0.01330624,0.9344286,-0.356115,-0.005048169,moving,89.40016,-87.86308,13.30788,2.771239,12.895069884985446,-19.18959912687055
05/11/2023 10:30:46.110885,4200,True,True,True,True,Eyes,0.8936354,0.1004769,-1.880272,0.9620479,-0.2728804,0.0004518509,0.0,0.0,0.0,0.0,0.0,0.0,0.0,-1.800656,-0.5181345,-1.00186,1.081077,0.09888497,-1.826484,0.1254144,0.7019247,-0.1359549,0.687815,21.30816,91.03658,359.3259,0.3920252,0.04785648,-0.9187083,0.0,0.0,0.0,2.611839,-0.4500399,-1.459299,0.4714898,0.09510647,2.00711,-0.02236403,-0.01096071,-0.9996899,0.3630866,0.9315749,-0.01833645,0.9314871,-0.363384,-0.0168541,moving,89.97309,-89.90513,13.21966,2.712919,13.03382933530349,-19.779619470728875
05/11/2023 10:30:46.120776,4201,True,True,True,True,Eyes,0.9016985,0.1005675,-1.876847,0.9612743,-0.2754609,-0.008553445,0.0,0.0,0.0,0.0,0.0,0.0,0.0,-1.785408,-0.53412,-1.027745,1.089806,0.09938233,-1.825286,0.1259589,0.7057791,-0.138255,0.6832978,21.54857,91.72384,359.3137,0.3957278,0.0478951,-0.9171175,0.0,0.0,0.0,2.621615,-0.4639969,-1.480015,0.4681792,0.09300168,2.007372,-0.03447708,-0.01114041,-0.9993435,0.3667369,0.9300399,-0.02302017,0.9296856,-0.3672898,-0.02797951,moving,-89.4902,88.22146,13.1284,2.65262,-15.189277148548147,31.004730806268313
05/11/2023 10:30:46.140434,4202,True,True,True,True,Eyes,0.9098153,0.1006455,-1.873524,0.9604589,-0.2778686,-0.0175379,0.0,0.0,0.0,0.0,0.0,0.0,0.0,-1.771601,-0.5448781,-1.0534,1.098836,0.09999347,-1.824191,0.1253394,0.7093791,-0.1389759,0.6795271,21.56252,92.33293,359.3192,0.3994394,0.04793334,-0.9155052,0.0,0.0,0.0,2.630086,-0.4820237,-1.502868,0.4649749,0.09096514,2.007627,-0.04506608,-0.01104947,-0.998923,0.3667022,0.9299514,-0.02683018,0.9292464,-0.3675163,-0.0378574,moving,-88.9539,86.38852,13.04003,2.594285,-15.061983391717789,30.47524592441236
05/11/2023 10:30:46.160467,4203,True,True,True,True,Eyes,0.9179853,0.1006903,-1.8703,0.9596767,-0.2798968,-0.02604359,0.0,0.0,0.0,0.0,0.0,0.0,0.0,-1.759488,-0.5521645,-1.077717,1.107977,0.09977227,-1.823345,0.1239737,0.712559,-0.1389582,0.6764473,21.45407,92.84651,359.3032,0.4031584,0.04797027,-0.9138716,0.0,0.0,0.0,2.637599,-0.4996597,-1.525748,0.4619332,0.08903171,2.007868,-0.05409959,-0.01131859,-0.9984716,0.364673,0.9306422,-0.03030848,0.9295629,-0.3657553,-0.04621969,moving,-88.4455,84.6841,12.95612,2.538913,-14.942407109885306,29.98293802254956
05/11/2023 10:30:46.180465,4204,True,True,True,True,Eyes,0.9262111,0.1006945,-1.86718,0.9588557,-0.2817907,-0.0344929,0.0,0.0,0.0,0.0,0.0,0.0,0.0,-1.747816,-0.5593269,-1.100906,1.117192,0.09901771,-1.822575,0.1221917,0.7154889,-0.1390134,0.6736618,21.31879,93.30524,359.2347,0.4068833,0.04800409,-0.9122176,0.0,0.0,0.0,2.646506,-0.5115047,-1.547985,0.4585984,0.08691213,2.008132,-0.06249807,-0.01244249,-0.9979677,0.3621496,0.9314889,-0.03429339,0.9300225,-0.3635569,-0.05371023,moving,-87.93979,83.02137,12.86406,2.478219,-14.824542494068957,29.502723321332233
05/11/2023 10:30:46.190197,4205,True,True,True,True,Eyes,0.9344937,0.1006504,-1.864161,0.9580362,-0.2834861,-0.04245131,0.0,0.0,0.0,0.0,0.0,0.0,0.0,-1.736694,-0.5666819,-1.122913,1.12653,0.09802215,-1.821946,0.1207273,0.7181679,-0.1393071,0.6710091,21.22984,93.73251,359.1672,0.4106125,0.04803281,-0.9105436,0.0,0.0,0.0,2.656836,-0.5161927,-1.568811,0.4554583,0.08491641,2.008382,-0.07034322,-0.01354768,-0.9974308,0.3603577,0.9320369,-0.03807349,0.9301582,-0.3621101,-0.06068044,moving,-87.46284,81.48339,12.77735,2.421082,-14.714377907312592,29.0585862028881
05/11/2023 10:30:46.210700,4206,True,True,True,True,Eyes,0.9428393,0.1005743,-1.861254,0.9571554,-0.2851701,-0.05031498,0.0,0.0,0.0,0.0,0.0,0.0,0.0,-1.726384,-0.5751682,-1.142846,1.135948,0.09679861,-1.82142,0.1200297,0.7204677,-0.1401763,0.6684833,21.25139,94.1201,359.1113,0.4143449,0.04805427,-0.9088501,0.0,0.0,0.0,2.668569,-0.5121131,-1.585422,0.4523599,0.0829467,2.008627,-0.07744615,-0.01445593,-0.9968918,0.360366,0.931887,-0.04150926,0.9295905,-0.3624606,-0.06696165,moving,-86.9909,79.9938,12.69175,2.364698,-14.606435057913142,28.628475830687258
05/11/2023 10:30:46.220985,4207,True,True,True,True,Eyes,0.951251,0.1004575,-1.858455,0.9562615,-0.2867543,-0.05775796,0.0,0.0,0.0,0.0,0.0,0.0,0.0,-1.717319,-0.5843961,-1.160904,1.145617,0.09592881,-1.821198,0.1198526,0.722399,-0.1413058,0.6661891,21.33667,94.46103,359.0705,0.4180794,0.04806729,-0.9071375,0.0,0.0,0.0,2.68082,-0.5070473,-1.601786,0.4491019,0.08087614,2.008885,-0.08365509,-0.01510991,-0.9963803,0.3614356,0.931336,-0.04446926,0.9286368,-0.3638474,-0.0724498,moving,-86.54355,78.61187,12.60171,2.305438,-14.505108741701722,28.229501842255974
05/11/2023 10:30:46.240598,4208,True,True,True,True,Eyes,0.959714,0.1002735,-1.855767,0.9553072,-0.2883535,-0.06511797,0.0,0.0,0.0,0.0,0.0,0.0,0.0,-1.70874,-0.5936339,-1.178116,1.155421,0.09481562,-1.821033,0.1202359,0.7241392,-0.1426214,0.6639467,21.48243,94.78785,359.0609,0.4218149,0.04807041,-0.9054064,0.0,0.0,0.0,2.693064,-0.501953,-1.617125,0.4460247,0.07892023,2.00913,-0.08943652,-0.01525089,-0.995876,0.3635211,0.9304049,-0.04689492,0.9272831,-0.3662159,-0.07766823,moving,-86.1005,77.27454,12.51661,2.249468,-14.405790614640505,27.843457672265913
05/11/2023 10:30:46.260472,4209,True,True,True,True,Eyes,0.968231,0.1000797,-1.853191,0.9543503,-0.2898446,-0.07215007,0.0,0.0,0.0,0.0,0.0,0.0,0.0,-1.700557,-0.6005096,-1.195602,1.164943,0.09302899,-1.82105,0.1208272,0.7258803,-0.1435654,0.6617309,21.61283,95.12216,359.1007,0.4255498,0.04806105,-0.9036574,0.0,0.0,0.0,2.704804,-0.4978921,-1.632385,0.4427025,0.07680881,2.009394,-0.09502622,-0.01459111,-0.9953679,0.3654155,0.9295795,-0.04851236,0.9259816,-0.3683327,-0.08300261,moving,-85.6766,76.02165,12.42471,2.189058,-14.31164498711507,27.481835141701893
05/11/2023 10:30:46.270569,4210,True,True,True,True,Eyes,0.9768181,0.0998592,-1.850742,0.9533559,-0.2913095,-0.079065,0.0,0.0,0.0,0.0,0.0,0.0,0.0,-1.694675,-0.605654,-1.21091,1.174622,0.09262446,-1.821188,0.1212635,0.7271578,-0.1438334,0.6601884,21.67199,95.36721,359.164,0.4292828,0.04803963,-0.9018912,0.0,0.0,0.0,2.715478,-0.4971657,-1.647709,0.4396211,0.07484997,2.009638,-0.09889326,-0.01355887,-0.9950058,0.3662696,0.9292143,-0.04906568,0.9252388,-0.3692926,-0.08692683,moving,-85.25912,74.81503,12.33944,2.133024,-14.219826608669514,27.13361624436917
05/11/2023 10:30:46.290135,4211,True,True,True,True,Eyes,0.9854692,0.09961739,-1.848425,0.952373,-0.2926317,-0.08574493,0.0,0.0,0.0,0.0,0.0,0.0,0.0,-1.689103,-0.6102269,-1.227053,1.18477,0.09179942,-1.821812,0.1219425,0.7284648,-0.1440391,0.6585757,21.74471,95.62618,359.2561,0.4330127,0.04800571,-0.9001082,0.0,0.0,0.0,2.726295,-0.4969939,-1.664344,0.4362634,0.07271546,2.009905,-0.1028164,-0.0120597,-0.9946273,0.3673829,0.9287655,-0.04923813,0.9243693,-0.3704715,-0.09106185,moving,-84.85536,73.66872,12.24647,2.071975,-14.13170788845925,26.80283991213494
05/11/2023 10:30:46.310551,4212,True,True,True,True,Eyes,0.9941748,0.09934234,-1.846244,0.9513892,-0.2938314,-0.09231321,0.0,0.0,0.0,0.0,0.0,0.0,0.0,-1.683283,-0.6121852,-1.245012,1.19482,0.0910899,-1.822739,0.1219997,0.730045,-0.1434326,0.6569457,21.69828,95.91178,359.3633,0.436738,0.04795911,-0.898309,0.0,0.0,0.0,2.736709,-0.4982074,-1.681514,0.4330862,0.07069607,2.010156,-0.1070769,-0.01032437,-0.9941972,0.3665854,0.9290863,-0.04913012,0.9242023,-0.3697188,-0.09569895,moving,-84.45795,72.55882,12.15847,2.01423,-14.04558207956994,26.48260409453007
05/11/2023 10:30:46.330429,4213,True,True,True,True,Eyes,1.002947,0.09903322,-1.8442,0.9504479,-0.2948107,-0.09866925,0.0,0.0,0.0,0.0,0.0,0.0,0.0,-1.678328,-0.6131783,-1.262148,1.204728,0.09006378,-1.823817,0.1217327,0.7314412,-0.1426717,0.6556064,21.61263,96.15311,359.4458,0.4404573,0.04789915,-0.8964944,0.0,0.0,0.0,2.745972,-0.5025953,-1.699401,0.4299638,0.06871154,2.010404,-0.1107228,-0.008992371,-0.9938107,0.3651536,0.9296519,-0.04909444,0.9243395,-0.3683294,-0.09965006,moving,-84.07316,71.49529,12.07195,1.957492,-13.962558630513765,26.175768262570465
05/11/2023 10:30:46.340665,4214,True,True,True,True,Eyes,1.011793,0.09869036,-1.842302,0.9495293,-0.2956197,-0.1048959,0.0,0.0,0.0,0.0,0.0,0.0,0.0,-1.673213,-0.6134648,-1.280313,1.21498,0.08894964,-1.825128,0.1207771,0.732935,-0.1416159,0.6543425,21.44757,96.38834,359.4899,0.4441691,0.04782515,-0.8946652,0.0,0.0,0.0,2.755001,-0.5078897,-1.718138,0.4266787,0.06662327,2.010664,-0.1144976,-0.008286982,-0.9933891,0.3623742,0.9307156,-0.04953121,0.9249732,-0.3656497,-0.1035618,moving,-83.69601,70.46359,11.98088,1.897799,-13.881537425451743,25.8781360450743
05/11/2023 10:30:46.360512,4215,True,True,True,True,Eyes,1.020707,0.09833159,-1.840548,0.94865,-0.2962327,-0.1109479,0.0,0.0,0.0,0.0,0.0,0.0,0.0,-1.66916,-0.6134775,-1.297727,1.225528,0.0878223,-1.826722,0.1196034,0.7342074,-0.1405047,0.6533706,21.26056,96.57625,359.5096,0.4478724,0.04773651,-0.8928217,0.0,0.0,0.0,2.763765,-0.5121192,-1.736594,0.4234865,0.06459423,2.010917,-0.1176039,-0.007975805,-0.9930285,0.3592306,0.9319069,-0.05002845,0.9258092,-0.3626098,-0.1067307,moving,-83.32937,69.46759,11.89235,1.839809,-13.803003542614796,25.5908162145685
05/11/2023 10:30:46.380142,4216,True,True,True,True,Eyes,1.029708,0.09793746,-1.838942,0.9477824,-0.2967194,-0.1169023,0.0,0.0,0.0,0.0,0.0,0.0,0.0,-1.665772,-0.6149794,-1.313598,1.235974,0.08705986,-1.828475,0.1184292,0.7352617,-0.1397357,0.6525632,21.10324,96.72626,359.4952,0.451566,0.04763358,-0.8909649,0.0,0.0,0.0,2.773053,-0.5152841,-1.754482,0.4204001,0.06263236,2.011163,-0.1202718,-0.008219846,-0.992707,0.3565255,0.932897,-0.05091956,0.9265119,-0.3600496,-0.1092705,moving,-82.96849,68.49642,11.80672,1.783749,-13.726006698504431,25.310677008689378
05/11/2023 10:30:46.390124,4217,True,True,True,True,Eyes,1.038777,0.0975235,-1.83748,0.9469167,-0.2971315,-0.1227261,0.0,0.0,0.0,0.0,0.0,0.0,0.0,-1.660238,-0.6183128,-1.331938,1.246948,0.08579766,-1.830442,0.1168325,0.7367375,-0.1393285,0.6512722,20.94531,96.94114,359.4275,0.4552492,0.04751569,-0.8890949,0.0,0.0,0.0,2.782631,-0.5164089,-1.772153,0.417052,0.06050417,2.011428,-0.1243891,-0.009331726,-0.9921896,0.3536314,0.9338754,-0.05311746,0.9270772,-0.3574766,-0.112864,moving,-82.6153,67.55761,11.7138,1.722949,-13.651035825753116,25.03989507337511
05/11/2023 10:30:46.410718,4218,True,True,True,True,Eyes,1.047917,0.09705335,-1.836168,0.9460517,-0.297472,-0.1284388,0.0,0.0,0.0,0.0,0.0,0.0,0.0,-1.656179,-0.6207721,-1.348455,1.257567,0.08488008,-1.832468,0.1156533,0.7379059,-0.1388084,0.6502703,20.8098,97.11378,359.3966,0.4589207,0.04738307,-0.8872125,0.0,0.0,0.0,2.792387,-0.5169514,-1.789262,0.4138221,0.05845121,2.011684,-0.1275458,-0.009843435,-0.9917839,0.3512084,0.9347131,-0.05444324,0.9275692,-0.3552669,-0.1157616,moving,-82.26862,66.64687,11.62412,1.66431,-13.577802355744257,24.777230751578397
05/11/2023 10:30:46.420871,4219,True,True,True,True,Eyes,1.057113,0.09651059,-1.835004,0.9451515,-0.2978304,-0.1341104,0.0,0.0,0.0,0.0,0.0,0.0,0.0,-1.65237,-0.6228771,-1.365154,1.268299,0.08309269,-1.834792,0.1150499,0.739041,-0.1384743,0.6491586,20.73508,97.30011,359.4039,0.4625793,0.04723416,-0.8853183,0.0,0.0,0.0,2.801342,-0.5171457,-1.806082,0.4107843,0.05652017,2.011926,-0.1307134,-0.009730289,-0.9913725,0.3498367,0.9351768,-0.05530503,0.9276467,-0.3540475,-0.1188361,moving,-81.92404,65.75838,11.53974,1.609162,-13.505565104813897,24.52101708189505
05/11/2023 10:30:46.440413,4220,True,True,True,True,Eyes,1.066368,0.09595221,-1.833994,0.9442558,-0.2981193,-0.1396634,0.0,0.0,0.0,0.0,0.0,0.0,0.0,-1.648355,-0.6239861,-1.38229,1.278746,0.08082284,-1.837235,0.1146106,0.740262,-0.1380466,0.6479351,20.6649,97.50732,359.4362,0.4662234,0.04706686,-0.8834137,0.0,0.0,0.0,2.811458,-0.5189459,-1.825709,0.4075831,0.0544856,2.012179,-0.1340893,-0.009206597,-0.9909266,0.3485742,0.9356151,-0.05586071,0.9276403,-0.3529018,-0.1222468,moving,-81.58647,64.89778,11.45079,1.551071,-13.435121554778672,24.272866114893286
05/11/2023 10:30:46.460295,4221,True,True,True,True,Eyes,1.075686,0.09539206,-1.833123,0.9428195,-0.3006739,-0.143828,0.0,0.0,0.0,0.0,0.0,0.0,0.0,-1.644983,-0.6270708,-1.398111,1.289314,0.07986843,-1.839888,0.1138588,0.7413114,-0.1377836,0.6469231,20.58502,97.67414,359.4209,0.4698514,0.04688197,-0.8814994,0.0,0.0,0.0,2.818607,-0.5246978,-1.844263,0.4042723,0.05238131,2.012441,-0.1370537,-0.009461158,-0.9905185,0.3470804,0.9361038,-0.05696535,0.9277671,-0.3515969,-0.1250127,moving,-81.32635,64.43578,11.35876,1.491,-13.38748303961794,24.14006604654357
05/11/2023 10:30:46.480465,4222,True,True,True,True,Eyes,1.085092,0.09498572,-1.832405,0.941445,-0.3029951,-0.1479032,0.0,0.0,0.0,0.0,0.0,0.0,0.0,-1.641003,-0.6310754,-1.414672,1.300221,0.07972937,-1.842692,0.1127959,0.7424936,-0.1374761,0.645818,20.47761,97.85553,359.3842,0.4734621,0.04668088,-0.879576,0.0,0.0,0.0,2.82505,-0.5331448,-1.864148,0.4011441,0.05039271,2.012689,-0.1403928,-0.01006866,-0.9900448,0.3450694,0.9367548,-0.05845905,0.9280179,-0.3498414,-0.1280393,moving,-81.07168,63.98127,11.27178,1.434243,-13.340770324027762,24.00941244860854
05/11/2023 10:30:46.490422,4223,True,True,True,True,Eyes,1.094576,0.09463599,-1.831847,0.94008,-0.3052305,-0.1519334,0.0,0.0,0.0,0.0,0.0,0.0,0.0,-1.63863,-0.6357982,-1.429796,1.311659,0.08300891,-1.845623,0.1112382,0.7434202,-0.1365708,0.645214,20.27972,97.97218,359.3378,0.477055,0.0464721,-0.8776436,0.0,0.0,0.0,2.830159,-0.5433555,-1.885947,0.3979296,0.04834989,2.012945,-0.1426504,-0.01084135,-0.9897139,0.3416281,0.9379491,-0.05951414,0.9289464,-0.3466037,-0.1300951,moving,-80.81939,63.53744,11.18235,1.37595,-13.294706587298666,23.88184792991902
05/11/2023 10:30:46.510399,4224,True,True,True,True,Eyes,1.104155,0.09432836,-1.831433,0.938798,-0.3071158,-0.1560077,0.0,0.0,0.0,0.0,0.0,0.0,0.0,-1.633732,-0.6417133,-1.44732,1.322908,0.08398838,-1.84891,0.1103726,0.7448151,-0.1364311,0.6437819,20.20277,98.20057,359.3132,0.480629,0.04625872,-0.8757028,0.0,0.0,0.0,2.835692,-0.5507532,-1.906698,0.3947743,0.04634414,2.013195,-0.1467259,-0.01124947,-0.9891133,0.3400781,0.9384089,-0.06112019,0.9288804,-0.3453436,-0.1338632,moving,-80.56492,63.07049,11.09455,1.318727,-13.247607941163274,23.747580520233313
05/11/2023 10:30:46.530744,4225,True,True,True,True,Eyes,1.113783,0.09414308,-1.831174,0.9375516,-0.3089007,-0.1599293,0.0,0.0,0.0,0.0,0.0,0.0,0.0,-1.626521,-0.6395945,-1.470905,1.334631,0.08472163,-1.85197,0.1077178,0.7469829,-0.1341977,0.6421872,19.80602,98.50661,359.3037,0.4841839,0.04604284,-0.8737538,0.0,0.0,0.0,2.842001,-0.5545462,-1.926887,0.3916022,0.0443276,2.013446,-0.1519849,-0.01143344,-0.9883167,0.3332868,0.9407757,-0.06213684,0.9304948,-0.3388368,-0.1391731,moving,-80.31956,62.62773,11.00625,1.261208,-13.202442223372056,23.620290207220595
05/11/2023 10:30:46.540434,4226,True,True,True,True,Eyes,1.123515,0.09395973,-1.831075,0.9363543,-0.3104455,-0.1639027,0.0,0.0,0.0,0.0,0.0,0.0,0.0,-1.627789,-0.6399157,-1.483653,1.34543,0.08749678,-1.855418,0.106129,0.7473537,-0.1326174,0.6423486,19.54625,98.51909,359.2861,0.4877179,0.0458301,-0.8717973,0.0,0.0,0.0,2.848674,-0.5553211,-1.946309,0.388356,0.04226448,2.013704,-0.15225,-0.01174141,-0.9882724,0.3290049,0.9422986,-0.06188057,0.9319742,-0.3345678,-0.1396019,moving,-80.07134,62.16776,10.91585,1.202371,-13.156352122362406,23.488016938577225
05/11/2023 10:30:46.560416,4227,True,True,True,True,Eyes,1.133298,0.09382231,-1.831113,0.9351041,-0.3120688,-0.167909,0.0,0.0,0.0,0.0,0.0,0.0,0.0,-1.619971,-0.6417544,-1.506861,1.357475,0.08735161,-1.859145,0.1038523,0.7494772,-0.1315426,0.6404648,19.28115,98.83673,359.2214,0.4912309,0.04561992,-0.8698338,0.0,0.0,0.0,2.856547,-0.5521413,-1.96172,0.3851164,0.04020556,2.013962,-0.158039,-0.0128269,-0.9873496,0.3241667,0.9438224,-0.06414877,0.9327056,-0.3302039,-0.1450027,moving,-79.82034,61.71747,10.8256,1.143668,-13.110235631822366,23.358569540327974
05/11/2023 10:30:46.580473,4228,True,True,True,True,Eyes,1.143139,0.09377613,-1.831285,0.9338213,-0.3137158,-0.1719308,0.0,0.0,0.0,0.0,0.0,0.0,0.0,-1.611923,-0.6466162,-1.527278,1.36832,0.08831649,-1.862494,0.101847,0.7514417,-0.1310825,0.6385764,19.0914,99.13782,359.13,0.4947216,0.04541389,-0.867864,0.0,0.0,0.0,2.864944,-0.546178,-1.97091,0.3819102,0.03816748,2.014215,-0.1636946,-0.01434821,-0.9864067,0.3204767,0.9448891,-0.06692755,0.9330052,-0.327076,-0.150075,moving,-79.5678,61.27522,10.73626,1.085571,-13.064192952858086,23.231465194767488
05/11/2023 10:30:46.590151,4229,True,True,True,True,Eyes,1.153039,0.093812,-1.831592,0.9323982,-0.3157499,-0.1758851,0.0,0.0,0.0,0.0,0.0,0.0,0.0,-1.605328,-0.6569255,-1.543862,1.379301,0.09032065,-1.86588,0.1014797,0.7528843,-0.1318355,0.6367783,19.1325,99.39763,359.0845,0.4981886,0.04521555,-0.8658889,0.0,0.0,0.0,2.8731,-0.539535,-1.979086,0.3783938,0.03593222,2.014495,-0.1684308,-0.01509498,-0.985598,0.3207049,0.9446425,-0.06927355,0.9320835,-0.3277539,-0.1542658,moving,-79.31741,60.88047,10.63823,1.021867,-13.019986591554158,23.118144205621203
05/11/2023 10:30:46.610816,4230,True,True,True,True,Eyes,1.162987,0.09393496,-1.832015,0.9309055,-0.3178499,-0.1799625,0.0,0.0,0.0,0.0,0.0,0.0,0.0,-1.595328,-0.6733164,-1.561581,1.390515,0.0924012,-1.869462,0.1017032,0.7547441,-0.1338579,0.6341137,19.33189,99.76004,359.0137,0.5016312,0.0450276,-0.8639088,0.0,0.0,0.0,2.879555,-0.542465,-1.999747,0.3755628,0.03413269,2.01472,-0.1751129,-0.01624249,-0.9844145,0.323282,0.943477,-0.07307415,0.9299594,-0.3310397,-0.1599641,moving,-79.05856,60.48203,10.55928,0.9705924,-12.974605224165224,23.003796191433903
05/11/2023 10:30:46.630684,4231,True,True,True,True,Eyes,1.172956,0.0941427,-1.832542,0.9293267,-0.3201651,-0.1839737,0.0,0.0,0.0,0.0,0.0,0.0,0.0,-1.581217,-0.6917964,-1.581346,1.401338,0.09454276,-1.872644,0.1015848,0.7571852,-0.1362206,0.6307101,19.53784,100.2253,358.9059,0.5050484,0.04485275,-0.8619246,0.0,0.0,0.0,2.886175,-0.5374695,-2.013208,0.3724559,0.03215764,2.014966,-0.1837708,-0.01799447,-0.9828047,0.3256683,0.942249,-0.07814733,0.9274529,-0.3344294,-0.1672977,moving,-78.80225,60.1174,10.47262,0.9143284,-12.930656615173671,22.899253701935162
05/11/2023 10:30:46.640322,4232,True,True,True,True,Eyes,1.182944,0.09439876,-1.833166,0.9277277,-0.3224208,-0.1880587,0.0,0.0,0.0,0.0,0.0,0.0,0.0,-1.569011,-0.7074827,-1.599275,1.411572,0.0967764,-1.875661,0.1013203,0.7592902,-0.1380327,0.6278215,19.68421,100.6231,358.8159,0.5084388,0.04469334,-0.8599373,0.0,0.0,0.0,2.893299,-0.5355152,-2.017853,0.369269,0.03013229,2.015218,-0.191149,-0.01945687,-0.9813684,0.3271828,0.9413623,-0.08239169,0.9254263,-0.3368359,-0.1735745,moving,-78.5409,59.74623,10.38369,0.8566439,-12.885864619035576,22.792838474169567
05/11/2023 10:30:46.660546,4233,True,True,True,True,Eyes,1.192955,0.09468988,-1.833874,0.9261118,-0.3247228,-0.1920211,0.0,0.0,0.0,0.0,0.0,0.0,0.0,-1.558149,-0.7171438,-1.618102,1.421831,0.09818553,-1.878599,0.101101,0.7613211,-0.1387044,0.625244,19.73211,101.0035,358.8125,0.5118009,0.04454983,-0.8579479,0.0,0.0,0.0,2.900066,-0.5363571,-2.027123,0.3660571,0.02809114,2.015473,-0.1976973,-0.01950751,-0.9800691,0.3273889,0.9410793,-0.08477155,0.9239765,-0.3376228,-0.1796622,moving,-78.2862,59.40254,10.29404,0.7985219,-12.842807968980761,22.694368777184856
05/11/2023 10:30:46.670353,4234,True,True,True,True,Eyes,1.202983,0.09501555,-1.834668,0.9245489,-0.3267711,-0.1960356,0.0,0.0,0.0,0.0,0.0,0.0,0.0,-1.548103,-0.7183473,-1.639469,1.43217,0.09940793,-1.881359,0.1006453,0.7635056,-0.1375335,0.6229081,19.5969,101.3958,358.9262,0.5151344,0.04442198,-0.8559572,0.0,0.0,0.0,2.905154,-0.5403352,-2.037303,0.3628707,0.02606561,2.015726,-0.2037124,-0.01765493,-0.9788718,0.325028,0.9419101,-0.08462957,0.9235034,-0.3354007,-0.1861403,moving,-78.02866,59.03973,10.20507,0.7408577,-12.798766348185733,22.590361327290022
05/11/2023 10:30:46.690181,4235,True,True,True,True,Eyes,1.213034,0.09537447,-1.83554,0.9230047,-0.3288172,-0.1998536,0.0,0.0,0.0,0.0,0.0,0.0,0.0,-1.541268,-0.7143934,-1.659897,1.442502,0.1006717,-1.884192,0.1002314,0.7653002,-0.1353185,0.6212553,19.36939,101.7094,359.106,0.5184381,0.04430959,-0.8539661,0.0,0.0,0.0,2.909973,-0.5445341,-2.046321,0.3595691,0.02396675,2.015988,-0.207991,-0.01472043,-0.9780201,0.321549,0.9432851,-0.08257996,0.9237674,-0.3316572,-0.1914615,moving,-77.78263,58.70896,10.11286,0.6811197,-12.757215664326637,22.495598074628735
05/11/2023 10:30:46.710848,4236,True,True,True,True,Eyes,1.223116,0.09570937,-1.836493,0.9214896,-0.3306774,-0.2037385,0.0,0.0,0.0,0.0,0.0,0.0,0.0,-1.534831,-0.7108732,-1.679639,1.452978,0.1019397,-1.886981,0.09957746,0.7669425,-0.1332264,0.6197858,19.13453,101.9881,359.2478,0.5217116,0.04421237,-0.8519751,0.0,0.0,0.0,2.915188,-0.5475881,-2.055162,0.3563614,0.0219278,2.016242,-0.2119,-0.01240322,-0.9772127,0.317884,0.9446701,-0.08092054,0.9241474,-0.3277873,-0.1962329,moving,-77.53265,58.36176,10.02325,0.6231003,-12.714630667659922,22.396084136646998
05/11/2023 10:30:46.730138,4237,True,True,True,True,Eyes,1.233219,0.09604371,-1.8375,0.9199671,-0.3326263,-0.2074133,0.0,0.0,0.0,0.0,0.0,0.0,0.0,-1.525066,-0.7114013,-1.700671,1.463657,0.101733,-1.889857,0.09861922,0.7689136,-0.1322475,0.6177027,18.97821,102.3284,359.2899,0.524955,0.0441275,-0.8499849,0.0,0.0,0.0,2.923056,-0.54506,-2.063894,0.3532469,0.0199485,2.01649,-0.2174351,-0.01171995,-0.9760043,0.3150386,0.9455697,-0.08153909,0.9238358,-0.3252085,-0.2019078,moving,-77.29468,58.05387,9.936202,0.5667907,-12.674838940287565,22.30792307361809
05/11/2023 10:30:46.740711,4238,True,True,True,True,Eyes,1.243351,0.09640759,-1.838563,0.9184531,-0.3344888,-0.211095,0.0,0.0,0.0,0.0,0.0,0.0,0.0,-1.515851,-0.7150713,-1.71892,1.47411,0.1020779,-1.892194,0.09753644,0.7705338,-0.131927,0.6159219,18.87218,102.6034,359.261,0.5281684,0.04405353,-0.8479958,0.0,0.0,0.0,2.932482,-0.5377088,-2.06711,0.3499586,0.01785805,2.01675,-0.222254,-0.01220321,-0.9749125,0.3128237,0.9461638,-0.08315876,0.9234418,-0.323458,-0.2064713,moving,-77.05608,57.74409,9.84428,0.5073332,-12.634906370503678,22.21921644867824
05/11/2023 10:30:46.760316,4239,True,True,True,True,Eyes,1.253511,0.09678302,-1.839649,0.9177488,-0.3340358,-0.2148424,0.0,0.0,0.0,0.0,0.0,0.0,0.0,-1.506619,-0.7229015,-1.735524,1.484768,0.1031185,-1.894561,0.0966839,0.7719758,-0.1323854,0.6141497,18.85373,102.8576,359.1927,0.531352,0.04399051,-0.8460078,0.0,0.0,0.0,2.941485,-0.5352733,-2.072923,0.3467624,0.01582684,2.017004,-0.2269447,-0.01333362,-0.9738165,0.3118841,0.9462527,-0.08563975,0.9226184,-0.3231533,-0.2105886,moving,-76.82448,57.25202,9.754905,0.4495742,-12.589825119935181,22.077533244574838
05/11/2023 10:30:46.770523,4240,True,True,True,True,Eyes,1.263657,0.0971537,-1.840744,0.9170082,-0.3337271,-0.2184541,0.0,0.0,0.0,0.0,0.0,0.0,0.0,-1.49775,-0.7307772,-1.750839,1.495397,0.1035556,-1.896258,0.09648403,0.773205,-0.1330368,0.6124917,18.9002,103.0925,359.1664,0.5345068,0.04393771,-0.8440208,0.0,0.0,0.0,2.948123,-0.5376029,-2.083536,0.3435443,0.01378138,2.017259,-0.2310896,-0.01376392,-0.9728351,0.3121716,0.9459841,-0.08753802,0.9214914,-0.3239207,-0.2143103,moving,-76.60048,56.79169,9.664893,0.3914237,-12.546738161727273,21.94502772852052
05/11/2023 10:30:46.790168,4241,True,True,True,True,Eyes,1.273801,0.09750442,-1.841873,0.916156,-0.3338022,-0.2218878,0.0,0.0,0.0,0.0,0.0,0.0,0.0,-1.496861,-0.7378971,-1.758437,1.505197,0.1039341,-1.897568,0.09842172,0.7730945,-0.1338327,0.6121493,19.11276,103.1353,359.2922,0.5376326,0.04389383,-0.8420355,0.0,0.0,0.0,2.952762,-0.5451574,-2.092733,0.3401762,0.01164043,2.017526,-0.2311729,-0.01167258,-0.9728428,0.3160298,0.9448039,-0.08643308,0.9201546,-0.3274283,-0.2147242,moving,-76.38545,56.38688,9.570657,0.3305731,-12.506601368587823,21.82859873579376
05/11/2023 10:30:46.810594,4242,True,True,True,True,Eyes,1.283943,0.0978529,-1.843033,0.915225,-0.334088,-0.225274,0.0,0.0,0.0,0.0,0.0,0.0,0.0,-1.497188,-0.7459397,-1.765561,1.515301,0.103913,-1.899544,0.1016308,0.7728665,-0.1348829,0.6116824,19.4403,103.1981,359.519,0.5407292,0.04385697,-0.8400523,0.0,0.0,0.0,2.956177,-0.5549949,-2.102836,0.3371254,0.009701353,2.017769,-0.2310317,-0.007916978,-0.9729141,0.3221051,0.9429556,-0.08416142,0.918081,-0.3328245,-0.2153026,moving,-76.17207,56.0084,9.48527,0.2754737,-12.467539517064388,21.719807659222603
05/11/2023 10:30:46.830264,4243,True,True,True,True,Eyes,1.294076,0.09820697,-1.84422,0.9141778,-0.3346559,-0.2286576,0.0,0.0,0.0,0.0,0.0,0.0,0.0,-1.493667,-0.7562318,-1.774808,1.525289,0.1042045,-1.901448,0.1046911,0.7731962,-0.136235,0.6104487,19.78489,103.3698,359.7299,0.5437967,0.04382621,-0.8380715,0.0,0.0,0.0,2.958841,-0.5677043,-2.113183,0.3339563,0.007686492,2.01802,-0.2327846,-0.004435422,-0.9725183,0.3282224,0.9409596,-0.08285564,0.915468,-0.3384897,-0.2175851,moving,-75.95708,55.6567,9.396551,0.2182344,-12.429161646510092,21.618802373473855
05/11/2023 10:30:46.840327,4244,True,True,True,True,Eyes,1.304218,0.09854555,-1.845438,0.9130778,-0.3353207,-0.2320537,0.0,0.0,0.0,0.0,0.0,0.0,0.0,-1.48963,-0.765617,-1.784659,1.535165,0.1047598,-1.903278,0.1071806,0.7736302,-0.1373067,0.6092256,20.06241,103.5441,359.9106,0.5468346,0.04380108,-0.8360938,0.0,0.0,0.0,2.959691,-0.5841748,-2.127486,0.3307766,0.005665995,2.018272,-0.2347135,-0.001465258,-0.9720637,0.3331377,0.9393184,-0.08185495,0.9131973,-0.3430435,-0.2199826,moving,-75.74048,55.3154,9.307515,0.1608488,-12.39092681191952,21.520825887871688
05/11/2023 10:30:46.860325,4245,True,True,True,True,Eyes,1.314353,0.09889277,-1.84668,0.9118913,-0.3361463,-0.2354995,0.0,0.0,0.0,0.0,0.0,0.0,0.0,-1.482429,-0.7739089,-1.797965,1.545378,0.1047791,-1.905266,0.1088611,0.7746088,-0.1381121,0.6074995,20.25701,103.7974,0.05151041,0.5498431,0.04378022,-0.8341194,0.0,0.0,0.0,2.958657,-0.6024283,-2.144593,0.3275585,0.003620498,2.018528,-0.2381874,0.0008434105,-0.9712189,0.3364556,0.9381486,-0.08169961,0.9110789,-0.3462318,-0.223739,moving,-75.51953,54.98544,9.217379,0.1027675,-12.352524967068764,21.4261656385611
05/11/2023 10:30:46.870453,4246,True,True,True,True,Eyes,1.324501,0.09922174,-1.847951,0.9106641,-0.3369994,-0.2390027,0.0,0.0,0.0,0.0,0.0,0.0,0.0,-1.475246,-0.7817398,-1.810909,1.55527,0.1053537,-1.907063,0.1100792,0.7755746,-0.1387258,0.6059057,20.40047,104.0327,0.16137,0.5528219,0.04376348,-0.832149,0.0,0.0,0.0,2.956137,-0.6223077,-2.162386,0.3244856,0.001666721,2.018771,-0.2415217,0.002639771,-0.9703919,0.3388589,0.9372754,-0.08178919,0.9093087,-0.3485798,-0.2272669,moving,-75.29444,54.65543,9.131288,0.04730405,-12.31360610222655,21.331512696366893
05/11/2023 10:30:46.890142,4247,True,True,True,True,Eyes,1.334648,0.09952954,-1.849234,0.9093729,-0.3379116,-0.2426037,0.0,0.0,0.0,0.0,0.0,0.0,0.0,-1.464709,-0.7890599,-1.827124,1.565562,0.1052804,-1.909006,0.1108176,0.7770717,-0.1392268,0.6037342,20.49876,104.3557,0.2516767,0.555772,0.04374956,-0.8301824,0.0,0.0,0.0,2.954453,-0.6386633,-2.181686,0.3212794,-0.0003705248,2.019026,-0.246449,0.004114458,-0.969147,0.3403384,0.9366707,-0.08256968,0.9074319,-0.3501872,-0.232242,moving,-75.06245,54.32354,9.041441,-0.01051473,-12.273766202974919,21.236350154520444
05/11/2023 10:30:46.910859,4248,True,True,True,True,Eyes,1.344794,0.09981593,-1.850531,0.9080755,-0.3387874,-0.2462153,0.0,0.0,0.0,0.0,0.0,0.0,0.0,-1.453816,-0.7936448,-1.843972,1.575524,0.1051117,-1.910591,0.1114391,0.7786599,-0.1391827,0.6015798,20.53815,104.6893,0.3724555,0.5586935,0.04373715,-0.8282199,0.0,0.0,0.0,2.955254,-0.6480573,-2.199602,0.3180813,-0.002403341,2.01928,-0.2513662,0.006087349,-0.9678729,0.3410052,0.936419,-0.08267293,0.9058314,-0.3508309,-0.23746,moving,-74.82958,53.99205,8.951797,-0.06819324,-12.233829966631756,21.14130841823762
05/11/2023 10:30:46.920895,4249,True,True,True,True,Eyes,1.354963,0.1000811,-1.851848,0.9067814,-0.3395904,-0.2498519,0.0,0.0,0.0,0.0,0.0,0.0,0.0,-1.445387,-0.7971619,-1.8593,1.585544,0.1049311,-1.912236,0.1118429,0.7798718,-0.138982,0.5999796,20.54746,104.9407,0.469536,0.5615867,0.04372511,-0.8262615,0.0,0.0,0.0,2.959616,-0.6500704,-2.214658,0.3144768,-0.004694775,2.019565,-0.2550316,0.007673495,-0.9669026,0.3412189,0.9363503,-0.08256929,0.9047259,-0.3509832,-0.2414172,moving,-74.59515,53.65641,8.850739,-0.1331922,-12.19356248075509,21.045069686469475
05/11/2023 10:30:46.940313,4250,True,True,True,True,Eyes,1.36515,0.1003094,-1.853182,0.9054663,-0.3403883,-0.2535086,0.0,0.0,0.0,0.0,0.0,0.0,0.0,-1.435505,-0.8027795,-1.875337,1.596128,0.1046815,-1.91401,0.1117558,0.7811953,-0.1391797,0.5982255,20.55849,105.2012,0.4947159,0.5644524,0.04371237,-0.8243071,0.0,0.0,0.0,2.966269,-0.6485574,-2.227655,0.3116296,-0.006504238,2.019792,-0.2592741,0.00808444,-0.9657702,0.3411279,0.9362793,-0.0837428,0.9035537,-0.3511634,-0.2455108,moving,-74.35904,53.32262,8.770889,-0.1845062,-12.153146955473769,20.949377079334212
05/11/2023 10:30:46.960367,4251,True,True,True,True,Eyes,1.375358,0.1005092,-1.854527,0.904129,-0.3411856,-0.2571829,0.0,0.0,0.0,0.0,0.0,0.0,0.0,-1.424698,-0.8095892,-1.891253,1.606602,0.1040242,-1.915736,0.1116679,0.7825702,-0.1397013,0.5963201,20.5994,105.4758,0.4996262,0.5672916,0.04369735,-0.8223566,0.0,0.0,0.0,2.973508,-0.6472003,-2.238539,0.3083874,-0.008565053,2.020049,-0.2638652,0.008162493,-0.964525,0.3413893,0.9360277,-0.0854726,0.9021245,-0.3518317,-0.2497718,moving,-74.1214,52.99132,8.679947,-0.2429339,-12.112623199393163,20.85441567129343
05/11/2023 10:30:46.980472,4252,True,True,True,True,Eyes,1.38559,0.1006718,-1.855885,0.9027687,-0.3420082,-0.260843,0.0,0.0,0.0,0.0,0.0,0.0,0.0,-1.413963,-0.8173035,-1.906527,1.61718,0.1035139,-1.917324,0.1114813,0.7838506,-0.140395,0.594508,20.64951,105.7308,0.4798954,0.5701048,0.04367897,-0.8204097,0.0,0.0,0.0,2.98044,-0.6475832,-2.248505,0.3051543,-0.01062013,2.020305,-0.2682647,0.007837573,-0.9633135,0.3417012,0.9357224,-0.08754427,0.9007078,-0.3526504,-0.2536993,moving,-73.88406,52.66795,8.58924,-0.3011838,-12.072398674948577,20.761755669074166
05/11/2023 10:30:46.991670,4253,True,True,True,True,Eyes,1.395848,0.1007947,-1.85725,0.9013929,-0.3428217,-0.2645071,0.0,0.0,0.0,0.0,0.0,0.0,0.0,-1.403834,-0.8261886,-1.920819,1.627847,0.1027588,-1.918968,0.1113752,0.7849644,-0.1413925,0.5928192,20.73382,105.9593,0.4417626,0.5728932,0.04365591,-0.8184662,0.0,0.0,0.0,2.9863,-0.6516935,-2.257274,0.3020172,-0.01261426,2.020554,-0.2723218,0.007210808,-0.9621791,0.3424916,0.9352075,-0.08992542,0.8991886,-0.3540269,-0.257147,moving,-73.64606,52.3477,8.501205,-0.3576913,-12.032195027411543,20.670005240118332
05/11/2023 10:30:47.011137,4254,True,True,True,True,Eyes,1.406132,0.1008745,-1.858619,0.8999791,-0.3436881,-0.2681717,0.0,0.0,0.0,0.0,0.0,0.0,0.0,-1.392909,-0.8353366,-1.935387,1.63859,0.1018819,-1.920507,0.1111181,0.7861394,-0.1424567,0.5910532,20.81398,106.1962,0.3867581,0.5756574,0.04362689,-0.8165261,0.0,0.0,0.0,2.991903,-0.6576484,-2.264429,0.2985626,-0.01481021,2.020828,-0.2766181,0.006309615,-0.9609594,0.3431076,0.9347177,-0.09262829,0.8976413,-0.3553351,-0.2607247,moving,-73.40723,52.03592,8.404237,-0.4199009,-11.992167776578938,20.580718998694184
05/11/2023 10:30:47.030399,4255,True,True,True,True,Eyes,1.416451,0.1008921,-1.859991,0.8985317,-0.3446052,-0.2718234,0.0,0.0,0.0,0.0,0.0,0.0,0.0,-1.380464,-0.8467637,-1.9498,1.649355,0.1008571,-1.921943,0.1108045,0.7873996,-0.1440003,0.5890572,20.9352,106.4543,0.2972793,0.5783984,0.04359062,-0.8145885,0.0,0.0,0.0,2.997012,-0.6653738,-2.271596,0.2955932,-0.01669766,2.021064,-0.2814683,0.004845983,-0.9595584,0.3441437,0.9339725,-0.09623118,0.895735,-0.357312,-0.2645514,moving,-73.16841,51.73374,8.320868,-0.4733564,-11.952458807964206,20.49422068442905
05/11/2023 10:30:47.040301,4256,True,True,True,True,Eyes,1.426792,0.1008543,-1.861357,0.8970458,-0.3455625,-0.2754912,0.0,0.0,0.0,0.0,0.0,0.0,0.0,-1.366345,-0.8570334,-1.96579,1.660292,0.09934615,-1.923355,0.1104797,0.7889004,-0.1453442,0.5867757,21.03743,106.7597,0.2299601,0.5811175,0.04354518,-0.8126534,0.0,0.0,0.0,3.002018,-0.6731536,-2.278977,0.2924154,-0.01871708,2.021317,-0.2869774,0.003746043,-0.9579303,0.3448837,0.9333386,-0.0996706,0.8936999,-0.3589777,-0.2691391,moving,-72.92778,51.43725,8.231632,-0.5305349,-11.912712431814292,20.40938437216552
05/11/2023 10:30:47.060529,4257,True,True,True,True,Eyes,1.437171,0.100778,-1.86272,0.8955264,-0.346561,-0.2791557,0.0,0.0,0.0,0.0,0.0,0.0,0.0,-1.352809,-0.8673859,-1.980773,1.671036,0.09795087,-1.924566,0.110233,0.790264,-0.1467165,0.5846416,21.1483,107.0422,0.1642271,0.5838153,0.04348913,-0.8107205,0.0,0.0,0.0,3.008848,-0.6771942,-2.283561,0.2891096,-0.02081856,2.021578,-0.2920857,0.002673241,-0.9563883,0.3457795,0.9326459,-0.1029959,0.8916963,-0.3607832,-0.2733369,moving,-72.68657,51.14847,8.138788,-0.590021,-11.873148474878988,20.32679021425301
05/11/2023 10:30:47.070104,4258,True,True,True,True,Eyes,1.447583,0.1006587,-1.864079,0.8939546,-0.3475695,-0.2829146,0.0,0.0,0.0,0.0,0.0,0.0,0.0,-1.3371,-0.8775522,-1.997417,1.682092,0.09690214,-1.925821,0.109601,0.7919174,-0.1479387,0.5822101,21.21891,107.3693,0.08156148,0.5864929,0.04342193,-0.8087892,0.0,0.0,0.0,3.015891,-0.6819713,-2.28906,0.2857996,-0.02292253,2.021841,-0.2980382,0.001327067,-0.954553,0.3458527,0.9322035,-0.1066889,0.8896961,-0.3619321,-0.2782912,moving,-72.43871,50.8551,8.045804,-0.6495606,-11.832605107829508,20.242898115093798
05/11/2023 10:30:47.090417,4259,True,True,True,True,Eyes,1.458038,0.1004855,-1.865429,0.8923734,-0.3484987,-0.2867374,0.0,0.0,0.0,0.0,0.0,0.0,0.0,-1.318217,-0.8877796,-2.015793,1.693085,0.09570859,-1.927062,0.1088864,0.7939742,-0.1491473,0.579227,21.2832,107.7778,0.007727779,0.5891511,0.0433429,-0.8068591,0.0,0.0,0.0,3.024248,-0.6824673,-2.296241,0.2828515,-0.02479659,2.022074,-0.3052799,0.000125679,-0.9522628,0.3456862,0.9317977,-0.1106983,0.8873025,-0.362978,-0.2845026,moving,-72.18675,50.55317,7.962971,-0.70258,-11.791268659781942,20.15654168415322
05/11/2023 10:30:47.110488,4260,True,True,True,True,Eyes,1.468528,0.1002655,-1.866763,0.8907533,-0.3493812,-0.290674,0.0,0.0,0.0,0.0,0.0,0.0,0.0,-1.297087,-0.8943522,-2.036916,1.704324,0.09420854,-1.928142,0.107746,0.7963945,-0.1496452,0.57598,21.25211,108.2396,359.9527,0.5917914,0.043251,-0.8049296,0.0,0.0,0.0,3.033285,-0.6822751,-2.301949,0.2796541,-0.02682879,2.022327,-0.3132758,-0.0007687171,-0.9496619,0.3440019,0.9319942,-0.1142342,0.8851673,-0.3624723,-0.2917069,moving,-71.92726,50.24063,7.873119,-0.760058,-11.748644445790283,20.067143655982626
05/11/2023 10:30:47.120601,4261,True,True,True,True,Eyes,1.479063,0.09996277,-1.868081,0.8891207,-0.3501598,-0.2947074,0.0,0.0,0.0,0.0,0.0,0.0,0.0,-1.276707,-0.9005206,-2.057095,1.715386,0.09284844,-1.92909,0.1067864,0.7986726,-0.1500735,0.5728846,21.22748,108.6807,359.9155,0.5944146,0.04314562,-0.803,0.0,0.0,0.0,3.043698,-0.6797881,-2.307742,0.2764099,-0.0288913,2.022585,-0.3207999,-0.001374898,-0.9471461,0.3425243,0.9321492,-0.1173666,0.8830429,-0.3620717,-0.2985624,moving,-71.66174,49.9148,7.781931,-0.8183769,-11.70483068739976,19.9739178108918
05/11/2023 10:30:47.140592,4262,True,True,True,True,Eyes,1.489648,0.09963066,-1.869375,0.8874487,-0.3508683,-0.2988748,0.0,0.0,0.0,0.0,0.0,0.0,0.0,-1.253031,-0.9058208,-2.079388,1.726723,0.09051472,-1.929944,0.1054092,0.8013066,-0.1504935,0.5693404,21.17454,109.1833,359.8504,0.5970218,0.04302472,-0.80107,0.0,0.0,0.0,3.05505,-0.6767042,-2.312335,0.2731661,-0.03095286,2.022843,-0.3294811,-0.00243397,-0.9441592,0.3402943,0.9324812,-0.1211555,0.8807055,-0.3612103,-0.3064066,moving,-71.38751,49.57515,7.690738,-0.8766522,-11.65947626115221,19.876724359260542
05/11/2023 10:30:47.160687,4263,True,True,True,True,Eyes,1.500294,0.09928322,-1.870643,0.8857573,-0.3515919,-0.3030134,0.0,0.0,0.0,0.0,0.0,0.0,0.0,-1.228467,-0.9124803,-2.101208,1.738249,0.08941983,-1.930628,0.1034378,0.8039316,-0.1510363,0.5658469,21.0944,109.6677,359.7167,0.5996141,0.04288873,-0.7991387,0.0,0.0,0.0,3.066165,-0.6743818,-2.3158,0.2699097,-0.03302254,2.0231,-0.3382358,-0.004612961,-0.94105,0.3372407,0.9329773,-0.1257857,0.8785586,-0.3599056,-0.3140106,moving,-71.11442,49.24416,7.599178,-0.935141,-11.61454974216388,19.782039887249653
05/11/2023 10:30:47.170200,4264,True,True,True,True,Eyes,1.510985,0.09887441,-1.871869,0.8839828,-0.3523513,-0.3072834,0.0,0.0,0.0,0.0,0.0,0.0,0.0,-1.202366,-0.9232604,-2.121811,1.750047,0.08860411,-1.931232,0.1016103,0.8065161,-0.152358,0.5621338,21.09991,110.1632,359.5461,0.6021931,0.04273864,-0.7972052,0.0,0.0,0.0,3.077183,-0.6726768,-2.321661,0.2667987,-0.03499991,2.023347,-0.3473621,-0.007390571,-0.937702,0.3351917,0.9329247,-0.1315213,0.8757774,-0.3599955,-0.3215854,moving,-70.83192,48.90852,7.51169,-0.9910053,-11.568298252407732,19.68605460101442
05/11/2023 10:30:47.190779,4265,True,True,True,True,Eyes,1.521703,0.09838223,-1.873041,0.8822187,-0.3531002,-0.3114648,0.0,0.0,0.0,0.0,0.0,0.0,0.0,-1.175362,-0.9348813,-2.141335,1.761528,0.08665503,-1.931399,0.1002899,0.8090461,-0.1540654,0.5582564,21.17803,110.6754,359.4016,0.6047602,0.04257342,-0.7952684,0.0,0.0,0.0,3.087969,-0.6712524,-2.326134,0.2635931,-0.03703733,2.023602,-0.3565836,-0.00973773,-0.9342129,0.3342944,0.9324116,-0.1373171,0.8724082,-0.3612671,-0.3292274,moving,-70.55457,48.58493,7.421527,-1.048549,-11.523085809408926,19.593541657366316
05/11/2023 10:30:47.210739,4266,True,True,True,True,Eyes,1.532431,0.0978755,-1.874162,0.8804033,-0.353898,-0.3156678,0.0,0.0,0.0,0.0,0.0,0.0,0.0,-1.150666,-0.9464402,-2.158478,1.772608,0.08407358,-1.931217,0.09914325,0.8111725,-0.1559693,0.5548363,21.28778,111.1149,359.2479,0.607316,0.04239137,-0.793328,0.0,0.0,0.0,3.098015,-0.6725661,-2.33121,0.2603194,-0.03911839,2.023861,-0.3646547,-0.01223029,-0.9310626,0.3339194,0.9316884,-0.1430195,0.8692094,-0.3630526,-0.3356606,moving,-70.27475,48.26788,7.329433,-1.107309,-11.477781869655363,19.502941047906692
05/11/2023 10:30:47.220583,4267,True,True,True,True,Eyes,1.543195,0.097367,-1.875248,0.8786566,-0.354653,-0.3196621,0.0,0.0,0.0,0.0,0.0,0.0,0.0,-1.131026,-0.9574103,-2.172668,1.783378,0.08315384,-1.931059,0.09859476,0.8127463,-0.157474,0.5521997,21.39902,111.455,359.16,0.609861,0.04219378,-0.7913839,0.0,0.0,0.0,3.107578,-0.6742471,-2.337353,0.2573046,-0.04103434,2.024101,-0.370709,-0.01364913,-0.9286487,0.3341792,0.9309621,-0.1470848,0.8665442,-0.3648608,-0.3405548,moving,-70.00822,47.97047,7.244606,-1.161391,-11.43478094390791,19.417974110079218
05/11/2023 10:30:47.240849,4268,True,True,True,True,Eyes,1.55399,0.09697649,-1.876307,0.8769245,-0.3552983,-0.3236767,0.0,0.0,0.0,0.0,0.0,0.0,0.0,-1.110491,-0.9646696,-2.18956,1.794782,0.08256343,-1.931292,0.09746653,0.8145642,-0.1581801,0.549513,21.39613,111.8169,359.0733,0.6123954,0.04198232,-0.7894356,0.0,0.0,0.0,3.11767,-0.6745538,-2.342292,0.2541949,-0.04301123,2.024348,-0.3770715,-0.01505852,-0.9260617,0.3326295,0.9309587,-0.1505774,0.8643928,-0.3648139,-0.346029,moving,-69.74067,47.66648,7.157101,-1.217178,-11.391435740555277,19.331101622248255
05/11/2023 10:30:47.260379,4269,True,True,True,True,Eyes,1.564836,0.09662925,-1.877349,0.8752666,-0.3558168,-0.3275711,0.0,0.0,0.0,0.0,0.0,0.0,0.0,-1.091798,-0.970371,-2.206128,1.806133,0.08493917,-1.931661,0.09530544,0.8162576,-0.1582151,0.5473651,21.26133,112.1068,358.9169,0.6149194,0.04176337,-0.7874828,0.0,0.0,0.0,3.128305,-0.6733374,-2.347694,0.2509072,-0.04510091,2.024609,-0.3826167,-0.01761526,-0.9237394,0.3287904,0.9317698,-0.1539547,0.8634244,-0.3626222,-0.350719,moving,-69.48149,47.36679,7.064574,-1.27613,-11.34927448470168,19.245433786865092
05/11/2023 10:30:47.270187,4270,True,True,True,True,Eyes,1.575734,0.09638359,-1.878372,0.8736119,-0.3561365,-0.3316156,0.0,0.0,0.0,0.0,0.0,0.0,0.0,-1.063415,-0.9789138,-2.226321,1.817806,0.08580732,-1.932317,0.09202316,0.8188527,-0.159163,0.5437639,21.14564,112.5705,358.6246,0.6174335,0.04153956,-0.785525,0.0,0.0,0.0,3.141209,-0.6656693,-2.351472,0.2477765,-0.04709108,2.024857,-0.3917053,-0.0223873,-0.9198185,0.323801,0.9323978,-0.1605844,0.8612317,-0.3607398,-0.3579762,moving,-69.21367,47.04195,6.976453,-1.332259,-11.30520710481441,19.152507578780252
05/11/2023 10:30:47.290350,4271,True,True,True,True,Eyes,1.586667,0.0962943,-1.879371,0.8720377,-0.3563653,-0.3354906,0.0,0.0,0.0,0.0,0.0,0.0,0.0,-1.03138,-0.9793985,-2.251235,1.829752,0.08753501,-1.932711,0.08704899,0.8220299,-0.1586161,0.5399356,20.77971,113.087,358.2733,0.6199382,0.04131562,-0.7835617,0.0,0.0,0.0,3.151404,-0.6646574,-2.358185,0.2438642,-0.04957747,2.025167,-0.4017844,-0.02817113,-0.915301,0.3143986,0.9345269,-0.1667726,0.8600715,-0.3547759,-0.3666214,moving,-68.95725,46.72821,6.866316,-1.402359,-11.262925430736178,19.062744866775468
05/11/2023 10:30:47.310755,4272,True,True,True,True,Eyes,1.597663,0.09624813,-1.880374,0.8704103,-0.356534,-0.3395133,0.0,0.0,0.0,0.0,0.0,0.0,0.0,-1.011966,-0.982722,-2.26848,1.841345,0.09112485,-1.933123,0.08452537,0.8237724,-0.1581229,0.5378213,20.57503,113.3784,358.1132,0.6224331,0.04109798,-0.7815927,0.0,0.0,0.0,3.165487,-0.6524774,-2.369154,0.2413071,-0.05120285,2.02537,-0.4072073,-0.03082438,-0.9128153,0.309343,0.9357052,-0.1695955,0.8593537,-0.3514336,-0.3714908,moving,-68.69117,46.40079,6.794321,-1.448171,-11.218989451316268,18.96906021507521
05/11/2023 10:30:47.330318,4273,True,True,True,True,Eyes,1.60868,0.0962706,-1.881365,0.8687323,-0.3568298,-0.3434775,0.0,0.0,0.0,0.0,0.0,0.0,0.0,-0.9852524,-0.9875123,-2.288958,1.853597,0.09208892,-1.934148,0.08293195,0.8262644,-0.1581402,0.5342293,20.48369,113.877,358.0474,0.6249186,0.04088777,-0.7796179,0.0,0.0,0.0,3.179492,-0.6431944,-2.370183,0.2380711,-0.05326005,2.025626,-0.4154428,-0.03191886,-0.9090592,0.3060138,0.9362279,-0.172722,0.8565997,-0.3499407,-0.3791815,moving,-68.42725,46.09229,6.703201,-1.506138,-11.175947187750982,18.880858818620734
05/11/2023 10:30:47.340680,4274,True,True,True,True,Eyes,1.619722,0.09633894,-1.882356,0.866953,-0.3571773,-0.3475874,0.0,0.0,0.0,0.0,0.0,0.0,0.0,-0.959758,-0.9926514,-2.307258,1.864848,0.09374967,-1.934808,0.08176474,0.8285972,-0.1581359,0.5307865,20.41768,114.3575,358.0204,0.6273941,0.04068706,-0.7776377,0.0,0.0,0.0,3.191983,-0.6368587,-2.381162,0.2347787,-0.05535239,2.025887,-0.4231606,-0.0323728,-0.9054764,0.3033729,0.9366151,-0.1752627,0.8537567,-0.3488613,-0.3865176,moving,-68.15267,45.77959,6.61048,-1.565077,-11.131439208036195,18.791493885031826
05/11/2023 10:30:47.360335,4275,True,True,True,True,Eyes,1.630777,0.09645065,-1.883346,0.8650743,-0.3577724,-0.3516324,0.0,0.0,0.0,0.0,0.0,0.0,0.0,-0.9331853,-1.002481,-2.323902,1.876222,0.09494033,-1.935743,0.08187271,0.8309036,-0.1589027,0.5269212,20.50852,114.8904,358.0787,0.6298591,0.04049672,-0.7756524,0.0,0.0,0.0,3.202423,-0.6319531,-2.391123,0.2315451,-0.05740802,2.026144,-0.4313017,-0.03140184,-0.9016611,0.3035152,0.9360936,-0.1777848,0.8496219,-0.3503467,-0.3942077,moving,-67.87941,45.4959,6.519404,-1.622963,-11.08805359608387,18.710546918549955
05/11/2023 10:30:47.380500,4276,True,True,True,True,Eyes,1.641805,0.09647732,-1.884331,0.8630747,-0.3584441,-0.355837,0.0,0.0,0.0,0.0,0.0,0.0,0.0,-0.9098356,-1.010551,-2.339398,1.887306,0.09617041,-1.936654,0.08273896,0.8329502,-0.1592027,0.5234526,20.59964,115.386,358.2347,0.6323127,0.04031749,-0.773663,0.0,0.0,0.0,3.210545,-0.6333713,-2.399533,0.2284529,-0.0593733,2.026389,-0.4383033,-0.02883525,-0.8983645,0.304505,0.9356175,-0.178596,0.8456755,-0.3518358,-0.4013038,moving,-67.59414,45.20913,6.432304,-1.678289,-11.043071200645862,18.628768797028897
05/11/2023 10:30:47.390409,4277,True,True,True,True,Eyes,1.652828,0.09657063,-1.885339,0.8610286,-0.3594844,-0.3597231,0.0,0.0,0.0,0.0,0.0,0.0,0.0,-0.8881021,-1.014766,-2.354727,1.897483,0.09435439,-1.93749,0.08581299,0.8350217,-0.1588796,0.5197424,20.76508,115.956,358.6615,0.6347531,0.04014492,-0.771671,0.0,0.0,0.0,3.215935,-0.6403799,-2.410429,0.2247834,-0.06170593,2.026681,-0.445008,-0.02184157,-0.8952603,0.3084644,0.9347868,-0.1761346,0.8407246,-0.3545372,-0.4092503,moving,-67.32566,44.98099,6.328925,-1.743934,-11.002115151488276,18.563929157777974
05/11/2023 10:30:47.410728,4278,True,True,True,True,Eyes,1.663839,0.0966851,-1.886396,0.8589432,-0.3604981,-0.3636725,0.0,0.0,0.0,0.0,0.0,0.0,0.0,-0.8721455,-1.011221,-2.372231,1.90824,0.09625493,-1.939082,0.08697033,0.8368146,-0.1566918,0.517325,20.62364,116.3661,358.9858,0.6371792,0.03998098,-0.7696775,0.0,0.0,0.0,3.219724,-0.6471183,-2.424959,0.2219973,-0.06347662,2.026902,-0.4496219,-0.01656509,-0.8930653,0.3076772,0.9357677,-0.17226,0.8385552,-0.3522278,-0.4156449,moving,-67.05243,44.74885,6.25043,-1.793749,-10.960435698697093,18.497952904267343
05/11/2023 10:30:47.420341,4279,True,True,True,True,Eyes,1.674872,0.09676916,-1.887504,0.8567557,-0.3619552,-0.3673663,0.0,0.0,0.0,0.0,0.0,0.0,0.0,-0.8532779,-1.017044,-2.386839,1.918749,0.096912,-1.941254,0.08708037,0.8384597,-0.1568155,0.5145983,20.6458,116.7502,359.0591,0.6395889,0.03982564,-0.7676843,0.0,0.0,0.0,3.224299,-0.6519722,-2.436841,0.2187915,-0.06551418,2.027157,-0.4552113,-0.01536725,-0.890251,0.3074208,0.9356518,-0.1733441,0.8356287,-0.3525898,-0.4211952,moving,-66.79095,44.57491,6.160101,-1.851056,-10.922140986113241,18.448816827789866
05/11/2023 10:30:47.440523,4280,True,True,True,True,Eyes,1.6859,0.09686393,-1.888632,0.8544811,-0.3634684,-0.3711507,0.0,0.0,0.0,0.0,0.0,0.0,0.0,-0.8211824,-1.021899,-2.406827,1.930008,0.09625638,-1.943512,0.08512248,0.84128,-0.1573071,0.5101538,20.5809,117.3426,358.9425,0.6419815,0.03967675,-0.7656923,0.0,0.0,0.0,3.230372,-0.6540707,-2.448447,0.2156211,-0.06752972,2.027408,-0.464995,-0.01727788,-0.8851449,0.3037252,0.9360173,-0.1778275,0.8315834,-0.3515297,-0.4299956,moving,-66.5219,44.40085,6.070761,-1.907725,-10.882899957548638,18.399685813831045
05/11/2023 10:30:47.460625,4281,True,True,True,True,Eyes,1.696924,0.09696125,-1.889771,0.8520986,-0.3655521,-0.3745661,0.0,0.0,0.0,0.0,0.0,0.0,0.0,-0.7928091,-1.037022,-2.419625,1.940628,0.09650193,-1.945044,0.08384971,0.8432698,-0.1596611,0.5063337,20.7436,117.808,358.7581,0.644356,0.03953411,-0.7637026,0.0,0.0,0.0,3.238843,-0.6499795,-2.460775,0.2123625,-0.06960073,2.027666,-0.473191,-0.02026771,-0.8807268,0.3030994,0.9349551,-0.1843629,0.8271765,-0.3541865,-0.4362692,moving,-66.27064,44.30222,5.978933,-1.965937,-10.848364575861183,18.37236697451177
05/11/2023 10:30:47.470181,4282,True,True,True,True,Eyes,1.707897,0.09703032,-1.890913,0.8496763,-0.3678577,-0.3777975,0.0,0.0,0.0,0.0,0.0,0.0,0.0,-0.7715199,-1.056032,-2.42803,1.951353,0.09664712,-1.946447,0.08433783,0.8444448,-0.1624521,0.5033976,21.05566,118.1583,358.7033,0.6467118,0.03939722,-0.7617158,0.0,0.0,0.0,3.249282,-0.6424906,-2.471215,0.2092659,-0.07156923,2.027912,-0.4789556,-0.02111875,-0.8775849,0.3059933,0.9329929,-0.1894528,0.8227814,-0.3592746,-0.4403999,moving,-66.0283,44.23627,5.891658,-2.021248,-10.816018850249044,18.35449185333575
05/11/2023 10:30:47.495724,4283,True,True,True,True,Eyes,1.718816,0.09706113,-1.892096,0.8472162,-0.3707063,-0.3805278,0.0,0.0,0.0,0.0,0.0,0.0,0.0,-0.7695282,-1.077188,-2.428141,1.961077,0.09607846,-1.947644,0.0876639,0.84377,-0.1653132,0.5030298,21.54104,118.1804,358.8678,0.6490478,0.03926444,-0.7597331,0.0,0.0,0.0,3.260238,-0.6349465,-2.4804,0.2060781,-0.0735954,2.028165,-0.4785525,-0.01837855,-0.8778669,0.3142512,0.9299732,-0.1907775,0.8198988,-0.3671677,-0.4392655,moving,-65.81273,44.25097,5.801805,-2.078162,-10.789669037736648,18.35989752447251
05/11/2023 10:30:47.511662,4284,True,True,True,True,Eyes,1.729671,0.09712991,-1.893342,0.8447475,-0.3737368,-0.3830437,0.0,0.0,0.0,0.0,0.0,0.0,0.0,-0.7733624,-1.099124,-2.426696,1.970756,0.09535302,-1.949883,0.09206172,0.8426457,-0.1680741,0.5032136,22.08041,118.1412,359.1341,0.6513619,0.03913392,-0.7577568,0.0,0.0,0.0,3.26964,-0.6317992,-2.491282,0.202906,-0.07561179,2.028415,-0.4766015,-0.01400354,-0.8790079,0.3243052,0.9265515,-0.1906005,0.8171152,-0.3759073,-0.4370544,moving,-65.60848,44.29541,5.712397,-2.134785,-10.76571055310204,18.37388044109012
05/11/2023 10:30:47.520382,4285,True,True,True,True,Eyes,1.740476,0.09723108,-1.894665,0.8422926,-0.3769262,-0.3853177,0.0,0.0,0.0,0.0,0.0,0.0,0.0,-0.7764199,-1.122046,-2.425143,1.980123,0.0963387,-1.952682,0.09494887,0.8415656,-0.1710689,0.5034755,22.55315,118.0652,359.2278,0.6536518,0.03900693,-0.755789,0.0,0.0,0.0,3.278795,-0.6300251,-2.499277,0.199689,-0.07765689,2.028671,-0.4749944,-0.0124466,-0.8799009,0.3320694,0.9234403,-0.1923226,0.8149297,-0.3835403,-0.4344958,moving,-65.41766,44.36926,5.621709,-2.192194,-10.744395161971617,18.396333641560563
05/11/2023 10:30:47.540235,4286,True,True,True,True,Eyes,1.751234,0.09735851,-1.896053,0.8398124,-0.3801257,-0.3875819,0.0,0.0,0.0,0.0,0.0,0.0,0.0,-0.7682397,-1.145697,-2.427097,1.989678,0.09715933,-1.955851,0.09562742,0.8414305,-0.1746469,0.5023434,22.95338,118.141,359.0954,0.6559156,0.03888438,-0.7538316,0.0,0.0,0.0,3.287254,-0.6306133,-2.506265,0.1964067,-0.07974304,2.028932,-0.4770132,-0.01453777,-0.8787759,0.336393,0.9207077,-0.1978308,0.8119717,-0.389982,-0.4342994,moving,-65.2262,44.44354,5.529177,-2.250736,-10.72301430094101,18.418915094649456
05/11/2023 10:30:47.560715,4287,True,True,True,True,Eyes,1.761935,0.09750899,-1.897497,0.8373269,-0.3832288,-0.3898966,0.0,0.0,0.0,0.0,0.0,0.0,0.0,-0.7507864,-1.163222,-2.434326,1.999128,0.09778364,-1.958732,0.09450899,0.8422977,-0.1774246,0.5001233,23.16753,118.3664,358.862,0.6581513,0.03876685,-0.7518864,0.0,0.0,0.0,3.295093,-0.6337343,-2.511973,0.1932459,-0.08175188,2.029182,-0.4818897,-0.01825893,-0.8760418,0.3366778,0.9191772,-0.2043563,0.808969,-0.3934209,-0.4367946,moving,-65.03122,44.50587,5.440065,-2.30709,-10.700800606512317,18.43804465255344
05/11/2023 10:30:47.580513,4288,True,True,True,True,Eyes,1.772584,0.09766579,-1.899001,0.8348772,-0.386169,-0.3922417,0.0,0.0,0.0,0.0,0.0,0.0,0.0,-0.7338797,-1.174685,-2.443763,2.008296,0.09840759,-1.961505,0.09301724,0.8433215,-0.1791276,0.4980664,23.25236,118.5912,358.6561,0.6603581,0.03865471,-0.7499548,0.0,0.0,0.0,3.302183,-0.6419618,-2.510943,0.1900105,-0.0838081,2.029439,-0.4865555,-0.02154802,-0.8733842,0.3353217,0.9185222,-0.2094667,0.8067363,-0.3947818,-0.4396865,moving,-64.83495,44.55302,5.348845,-2.364754,-10.677925010832471,18.452772518696946
05/11/2023 10:30:47.590504,4289,True,True,True,True,Eyes,1.783177,0.09780959,-1.900564,0.8324744,-0.3888196,-0.3947222,0.0,0.0,0.0,0.0,0.0,0.0,0.0,-0.7181567,-1.178765,-2.456403,2.017583,0.09865372,-1.964376,0.09138865,0.8445182,-0.1794753,0.4962114,23.19343,118.8219,358.519,0.662535,0.03854768,-0.7480379,0.0,0.0,0.0,3.3079,-0.6539601,-2.511203,0.1869445,-0.08575723,2.029682,-0.4908448,-0.02375664,-0.8709232,0.3324741,0.9188735,-0.2124441,0.8053152,-0.3938365,-0.4431258,moving,-64.63178,44.56839,5.262397,-2.419397,-10.653140941447614,18.458307389510097
05/11/2023 10:30:47.610269,4290,True,True,True,True,Eyes,1.793726,0.09792246,-1.90219,0.8301437,-0.3912604,-0.397211,0.0,0.0,0.0,0.0,0.0,0.0,0.0,-0.7045488,-1.178835,-2.470135,2.026698,0.09848028,-1.967333,0.08976329,0.845668,-0.1791429,0.4946678,23.06634,119.0266,358.4172,0.6646807,0.03844476,-0.7461372,0.0,0.0,0.0,3.312043,-0.6663319,-2.514551,0.1837434,-0.08779186,2.029937,-0.4944928,-0.02541254,-0.8688102,0.3290522,0.9197008,-0.2141847,0.8044885,-0.3917967,-0.4464234,moving,-64.4296,44.5676,5.172135,-2.476417,-10.627946432851473,18.459143941151027
05/11/2023 10:30:47.630186,4291,True,True,True,True,Eyes,1.804228,0.09800129,-1.903892,0.8278748,-0.3934286,-0.3997964,0.0,0.0,0.0,0.0,0.0,0.0,0.0,-0.6924846,-1.176913,-2.484591,2.036086,0.09781585,-1.970442,0.08807581,0.8467212,-0.1785296,0.4933893,22.90728,119.2002,358.3192,0.6667948,0.03834435,-0.7442538,0.0,0.0,0.0,3.316825,-0.6762979,-2.518072,0.1805841,-0.08979981,2.030188,-0.4976193,-0.02701792,-0.8669746,0.3253205,0.9207396,-0.2154184,0.804078,-0.389241,-0.4493884,moving,-64.22322,44.54005,5.083053,-2.532672,-10.601345344730575,18.452231143057848
05/11/2023 10:30:47.640418,4292,True,True,True,True,Eyes,1.814681,0.09803224,-1.905668,0.8256696,-0.3954499,-0.4023544,0.0,0.0,0.0,0.0,0.0,0.0,0.0,-0.6825775,-1.174632,-2.498776,2.045376,0.09708156,-1.973971,0.0865589,0.8476236,-0.1778314,0.4923596,22.74959,119.3432,358.2368,0.6688765,0.0382449,-0.7423887,0.0,0.0,0.0,3.322135,-0.6843179,-2.524186,0.177241,-0.09192497,2.030453,-0.5001796,-0.0283752,-0.8654569,0.3218527,0.9217671,-0.2162319,0.8038854,-0.3867043,-0.4519165,moving,-64.01971,44.50415,4.98878,-2.59219,-10.57482577269371,18.442878251431846
05/11/2023 10:30:47.660832,4293,True,True,True,True,Eyes,1.82509,0.09801102,-1.907525,0.8234411,-0.3973471,-0.4050432,0.0,0.0,0.0,0.0,0.0,0.0,0.0,-0.673737,-1.174482,-2.511521,2.054594,0.09594235,-1.977499,0.0855306,0.848349,-0.1775159,0.4914028,22.65932,119.4721,358.1778,0.6709247,0.03814452,-0.7405433,0.0,0.0,0.0,3.327938,-0.6901368,-2.529744,0.1740068,-0.09398081,2.030709,-0.5024158,-0.02934406,-0.8641282,0.3195832,0.9223453,-0.2171309,0.803396,-0.3852508,-0.4540229,moving,-63.80785,44.45047,4.897582,-2.649747,-10.546679569560787,18.428405813490084
05/11/2023 10:30:47.670290,4294,True,True,True,True,Eyes,1.835459,0.09792484,-1.909465,0.821235,-0.3991911,-0.4077002,0.0,0.0,0.0,0.0,0.0,0.0,0.0,-0.6645228,-1.177075,-2.523301,2.063902,0.09468341,-1.981283,0.08490814,0.8490323,-0.1776339,0.4902869,22.63706,119.6172,358.1371,0.6729393,0.0380413,-0.7387184,0.0,0.0,0.0,3.333748,-0.695161,-2.5383,0.1708176,-0.09600766,2.030962,-0.504819,-0.03000361,-0.8627038,0.3183626,0.9224737,-0.2183751,0.8023736,-0.3848925,-0.4561302,moving,-63.598,44.39581,4.807648,-2.706473,-10.518751217461961,18.41363817169168
05/11/2023 10:30:47.690205,4295,True,True,True,True,Eyes,1.845789,0.09780936,-1.911496,0.8189974,-0.4009923,-0.4104247,0.0,0.0,0.0,0.0,0.0,0.0,0.0,-0.6539363,-1.182244,-2.534218,2.073189,0.09300175,-1.985153,0.08432263,0.8497176,-0.1783152,0.4889515,22.67444,119.7783,358.0701,0.6749198,0.03793313,-0.736915,0.0,0.0,0.0,3.339885,-0.6982211,-2.547159,0.167726,-0.09797304,2.031207,-0.5076321,-0.03107418,-0.8610133,0.3176758,0.9221868,-0.2205758,0.8008692,-0.3854945,-0.4582602,moving,-63.38314,44.33399,4.720464,-2.761459,-10.489962737442923,18.396817576419505
05/11/2023 10:30:47.710572,4296,True,True,True,True,Eyes,1.856071,0.09763839,-1.913617,0.8167721,-0.4027933,-0.4130871,0.0,0.0,0.0,0.0,0.0,0.0,0.0,-0.6439344,-1.186472,-2.545683,2.082527,0.09219241,-1.989335,0.08377574,0.8504428,-0.1786328,0.4876669,22.67747,119.9425,358.0291,0.6768658,0.03781941,-0.735134,0.0,0.0,0.0,3.347381,-0.700493,-2.55343,0.1644679,-0.100044,2.031466,-0.5103252,-0.03173363,-0.8593958,0.3167195,0.9221439,-0.2221246,0.7995354,-0.3855432,-0.4605426,moving,-63.17174,44.27716,4.628585,-2.819379,-10.461769769619362,18.38142790726244
05/11/2023 10:30:47.730415,4297,True,True,True,True,Eyes,1.866315,0.09740531,-1.915842,0.8144677,-0.404601,-0.4158612,0.0,0.0,0.0,0.0,0.0,0.0,0.0,-0.6367105,-1.19448,-2.554431,2.091572,0.09068026,-1.993591,0.08408967,0.8508075,-0.1795908,0.4866237,22.79495,120.0675,358.0296,0.6787763,0.03769867,-0.7333764,0.0,0.0,0.0,3.355259,-0.7030423,-2.560036,0.1612858,-0.1020663,2.031719,-0.5122527,-0.03169798,-0.8582496,0.3178745,0.9213522,-0.2237543,0.7978427,-0.3874344,-0.4618892,moving,-62.95148,44.21371,4.538846,-2.875918,-10.432255239182147,18.364162407341343
05/11/2023 10:30:47.740378,4298,True,True,True,True,Eyes,1.87651,0.09714268,-1.918167,0.8122122,-0.4063467,-0.4185614,0.0,0.0,0.0,0.0,0.0,0.0,0.0,-0.628551,-1.19727,-2.566319,2.100823,0.08898485,-1.998286,0.08418584,0.8514871,-0.1795875,0.4854182,22.80298,120.2381,358.0739,0.6806513,0.03756933,-0.7316433,0.0,0.0,0.0,3.362432,-0.7069873,-2.566927,0.1581675,-0.1040486,2.031966,-0.5145639,-0.03098377,-0.8568921,0.3177164,0.9213222,-0.2241022,0.7964173,-0.3875636,-0.4642351,moving,-62.73636,44.15166,4.450907,-2.931321,-10.403426797322513,18.34727638754864
05/11/2023 10:30:47.760495,4299,True,True,True,True,Eyes,1.886666,0.09684666,-1.92061,0.8099064,-0.4080805,-0.4213336,0.0,0.0,0.0,0.0,0.0,0.0,0.0,-0.6237975,-1.201527,-2.576455,2.109807,0.0880127,-2.002966,0.08416978,0.8518102,-0.17981,0.4847714,22.82602,120.3226,358.0763,0.68249,0.03743123,-0.7299355,0.0,0.0,0.0,3.369795,-0.7111964,-2.572894,0.1549696,-0.1060807,2.032219,-0.5158245,-0.0309401,-0.8561355,0.3177268,0.9211677,-0.2247217,0.7955973,-0.3879341,-0.4653303,moving,-62.51542,44.08456,4.360727,-2.988095,-10.373707076696377,18.328954459692653
05/11/2023 10:30:47.775936,4300,True,True,True,True,Eyes,1.896792,0.09652166,-1.923175,0.8076745,-0.4096846,-0.4240525,0.0,0.0,0.0,0.0,0.0,0.0,0.0,-0.6172596,-1.204282,-2.588275,2.118967,0.08689308,-2.008208,0.08351869,0.8523347,-0.1799134,0.483923,22.80065,120.4294,358.0258,0.6842918,0.03728403,-0.7282541,0.0,0.0,0.0,3.37706,-0.7167856,-2.577953,0.1518035,-0.1080938,2.032469,-0.5176864,-0.03175673,-0.8549811,0.3165002,0.9213116,-0.2258596,0.7948766,-0.3875261,-0.4668995,moving,-62.29923,44.01271,4.271445,-3.044321,-10.34442179335479,18.309228018598592
05/11/2023 10:30:47.790437,4301,True,True,True,True,Eyes,1.906878,0.09616365,-1.925863,0.8054282,-0.411199,-0.4268498,0.0,0.0,0.0,0.0,0.0,0.0,0.0,-0.6093786,-1.204896,-2.601692,2.128305,0.08581239,-2.013671,0.08197134,0.8529959,-0.1798484,0.4830458,22.70657,120.5318,357.8935,0.6860567,0.03712763,-0.7265998,0.0,0.0,0.0,3.384381,-0.7225518,-2.582873,0.1483881,-0.1102643,2.032741,-0.5198948,-0.03390764,-0.853557,0.3135925,0.9218705,-0.2276281,0.7945874,-0.3860117,-0.4686426,moving,-62.07792,43.93011,4.175132,-3.104919,-10.314144129955345,18.286406615687138
05/11/2023 10:30:47.810756,4302,True,True,True,True,Eyes,1.916934,0.09576192,-1.928678,0.8032703,-0.4125588,-0.4295953,0.0,0.0,0.0,0.0,0.0,0.0,0.0,-0.6019785,-1.204654,-2.615184,2.137367,0.08458979,-2.019224,0.08033207,0.853644,-0.1796982,0.4822316,22.59867,120.6264,357.7552,0.687784,0.03696179,-0.7249736,0.0,0.0,0.0,3.390856,-0.7296846,-2.588367,0.1452705,-0.1122461,2.032989,-0.5219989,-0.03616234,-0.8521793,0.3104623,0.9225106,-0.2293193,0.7944372,-0.3842739,-0.4703224,moving,-61.86177,43.84108,4.087215,-3.160225,-10.284296461236128,18.261690641363256
05/11/2023 10:30:47.830221,4303,True,True,True,True,Eyes,1.926948,0.09533157,-1.931626,0.8011198,-0.4138777,-0.4323336,0.0,0.0,0.0,0.0,0.0,0.0,0.0,-0.5957917,-1.202051,-2.629838,2.146644,0.08310039,-2.025081,0.07880924,0.8542967,-0.1790996,0.4815492,22.45201,120.7161,357.6536,0.689473,0.03678594,-0.7233763,0.0,0.0,0.0,3.397226,-0.7367154,-2.595214,0.1420015,-0.1143239,2.033248,-0.5237992,-0.03783763,-0.8510011,0.3071435,0.9234249,-0.2301074,0.7945424,-0.3819095,-0.4720676,moving,-61.64597,43.75058,3.995034,-3.218193,-10.254443815992566,18.236545912270536
05/11/2023 10:30:47.840320,4304,True,True,True,True,Eyes,1.936916,0.09484927,-1.934719,0.7990438,-0.4151159,-0.4349803,0.0,0.0,0.0,0.0,0.0,0.0,0.0,-0.5947278,-1.200722,-2.642701,2.155658,0.08194688,-2.031187,0.07781269,0.854529,-0.1785591,0.4815,22.33996,120.7234,357.5855,0.6911237,0.03660011,-0.7218089,0.0,0.0,0.0,3.403515,-0.7438055,-2.601235,0.1388755,-0.1163108,2.033495,-0.5242062,-0.03896599,-0.8506997,0.3049388,0.9241236,-0.2302342,0.795123,-0.3801014,-0.4725492,moving,-61.43718,43.6614,3.906892,-3.273606,-10.225507404684809,18.21174757070331
05/11/2023 10:30:47.860743,4305,True,True,True,True,Eyes,1.946841,0.09432071,-1.937958,0.7969788,-0.4163359,-0.4375948,0.0,0.0,0.0,0.0,0.0,0.0,0.0,-0.5924999,-1.202204,-2.654708,2.1645,0.08018858,-2.037728,0.07709404,0.854788,-0.1785626,0.4811541,22.29991,120.7614,357.52,0.6927351,0.03640345,-0.7202724,0.0,0.0,0.0,3.410138,-0.749297,-2.608713,0.1357097,-0.1183233,2.033746,-0.5250942,-0.04003416,-0.8501016,0.3036304,0.9243438,-0.2310782,0.7950372,-0.3794546,-0.473212,moving,-61.23026,43.57389,3.817627,-3.329714,-10.196858932005085,18.187424362032733
05/11/2023 10:30:47.880815,4306,True,True,True,True,Eyes,1.956708,0.09377353,-1.941339,0.7950038,-0.4174825,-0.4400879,0.0,0.0,0.0,0.0,0.0,0.0,0.0,-0.590277,-1.203052,-2.667108,2.173331,0.07853384,-2.044429,0.07641947,0.8550922,-0.1784111,0.4807775,22.24682,120.8085,357.4698,0.6943069,0.0361955,-0.7187679,0.0,0.0,0.0,3.415797,-0.7547094,-2.618619,0.1325276,-0.1203456,2.033999,-0.5260261,-0.04086068,-0.8494863,0.3022434,0.9246591,-0.2316342,0.79495,-0.3785973,-0.474045,moving,-61.03254,43.49004,3.727904,-3.38607,-10.169476593721456,18.164115564370565
05/11/2023 10:30:47.890137,4307,True,True,True,True,Eyes,1.966532,0.09321193,-1.944886,0.7930059,-0.4186656,-0.4425616,0.0,0.0,0.0,0.0,0.0,0.0,0.0,-0.5922263,-1.205114,-2.677876,2.18186,0.07752226,-2.051226,0.07602379,0.8550487,-0.1783204,0.4809513,22.21435,120.7812,357.4296,0.6958384,0.0359768,-0.7172965,0.0,0.0,0.0,3.422356,-0.7572806,-2.63043,0.1293728,-0.1223512,2.034249,-0.5258126,-0.04151877,-0.8495867,0.3015349,0.9248444,-0.2318177,0.7953603,-0.3780727,-0.4737755,moving,-60.83494,43.41066,3.638957,-3.441946,-10.142256814186073,18.14210428715039
05/11/2023 10:30:47.910577,4308,True,True,True,True,Eyes,1.976313,0.09268261,-1.948598,0.7911454,-0.4196753,-0.4449287,0.0,0.0,0.0,0.0,0.0,0.0,0.0,-0.5924977,-1.205289,-2.690588,2.190631,0.07660057,-2.058716,0.07502779,0.855223,-0.178,0.4809164,22.12469,120.7807,357.3472,0.6973287,0.03574802,-0.7158591,0.0,0.0,0.0,3.428867,-0.759937,-2.641372,0.1261234,-0.1244164,2.034507,-0.5261807,-0.04287527,-0.8492915,0.2995372,0.9253737,-0.2322952,0.7958716,-0.3766236,-0.474071,moving,-60.64723,43.32698,3.547348,-3.499457,-10.116126187023493,18.11879208297792
05/11/2023 10:30:47.920747,4309,True,True,True,True,Eyes,1.986078,0.092325,-1.952508,0.789374,-0.4206811,-0.4471198,0.0,0.0,0.0,0.0,0.0,0.0,0.0,-0.5942787,-1.201917,-2.704681,2.199381,0.07679157,-2.066373,0.07319968,0.8553841,-0.1770932,0.4812462,21.92667,120.7337,357.2057,0.6987773,0.03551146,-0.7144569,0.0,0.0,0.0,3.435207,-0.7626416,-2.654199,0.1229751,-0.1264175,2.034757,-0.526088,-0.04522316,-0.849227,0.2956785,0.9265596,-0.2325113,0.7973743,-0.3734195,-0.4740804,moving,-60.47178,43.25495,3.458593,-3.555162,-10.091906486546673,18.098798568613024
05/11/2023 10:30:47.940589,4310,True,True,True,True,Eyes,1.995798,0.09204037,-1.956599,0.7876564,-0.4217211,-0.4491644,0.0,0.0,0.0,0.0,0.0,0.0,0.0,-0.6002955,-1.203497,-2.717075,2.208844,0.08046028,-2.075039,0.0705935,0.855075,-0.1766919,0.4823312,21.73218,120.5579,356.9317,0.7001835,0.03527407,-0.7130907,0.0,0.0,0.0,3.442298,-0.7634031,-2.666173,0.1197484,-0.1284684,2.035012,-0.5247466,-0.04972254,-0.8498054,0.2911735,0.9275931,-0.2340707,0.7999122,-0.3702685,-0.4722734,moving,-60.30587,43.1951,3.367632,-3.612234,-10.069276616098335,18.082292004777987
05/11/2023 10:30:47.960589,4311,True,True,True,True,Eyes,2.005485,0.09177143,-1.960843,0.7858763,-0.4228258,-0.4512393,0.0,0.0,0.0,0.0,0.0,0.0,0.0,-0.5937124,-1.218803,-2.725115,2.217422,0.08168176,-2.083411,0.06748867,0.8551287,-0.1794319,0.4816681,21.83218,120.5332,356.453,0.7015463,0.03503865,-0.7117617,0.0,0.0,0.0,3.448261,-0.7666994,-2.677857,0.1165377,-0.1305094,2.035267,-0.526882,-0.05743029,-0.8479958,0.2882763,0.9264989,-0.2418605,0.7995573,-0.3718891,-0.4715998,moving,-60.13615,43.13812,3.277133,-3.669009,-10.046267237975481,18.066639018706486
05/11/2023 10:30:47.980720,4312,True,True,True,True,Eyes,2.015094,0.09163,-1.965222,0.7842141,-0.423849,-0.4531669,0.0,0.0,0.0,0.0,0.0,0.0,0.0,-0.5735971,-1.223176,-2.740504,2.226136,0.08153938,-2.091219,0.06244872,0.856451,-0.181003,0.4794059,21.71049,120.735,355.8905,0.7028661,0.03480556,-0.7104697,0.0,0.0,0.0,3.45262,-0.7734284,-2.689183,0.1132919,-0.1325724,2.035525,-0.5325406,-0.06657927,-0.843782,0.2805164,0.9266762,-0.2501638,0.7985685,-0.3699169,-0.474816,moving,-59.97805,43.08537,3.185642,-3.726374,-10.024844072542201,18.052153220677276
05/11/2023 10:30:47.990529,4313,True,True,True,True,Eyes,2.024658,0.09155024,-1.969767,0.7825281,-0.4249501,-0.4550463,0.0,0.0,0.0,0.0,0.0,0.0,0.0,-0.5700982,-1.230844,-2.749939,2.233856,0.08422915,-2.098794,0.05871784,0.8564534,-0.1823836,0.4793497,21.6354,120.6531,355.4171,0.7041432,0.03457914,-0.7092152,0.0,0.0,0.0,3.457021,-0.7817447,-2.697856,0.1101484,-0.1345702,2.035776,-0.5335524,-0.07427286,-0.8424996,0.2754292,0.9265769,-0.2561134,0.7996629,-0.3686989,-0.4739204,moving,-59.82166,43.04123,3.097044,-3.781901,-10.003918119699598,18.040158876256886
05/11/2023 10:30:48.010504,4314,True,True,True,True,Eyes,2.034169,0.0915507,-1.974461,0.7808908,-0.4259063,-0.4569609,0.0,0.0,0.0,0.0,0.0,0.0,0.0,-0.5612408,-1.233831,-2.763732,2.242268,0.0854885,-2.107242,0.05550329,0.8571415,-0.1829181,0.4782979,21.51024,120.7401,355.0776,0.7053761,0.03436105,-0.7079994,0.0,0.0,0.0,3.46241,-0.7883999,-2.703575,0.1068597,-0.1366606,2.036035,-0.536301,-0.07983035,-0.8402432,0.270127,0.9269207,-0.2604791,0.7996328,-0.3666675,-0.4755442,moving,-59.66472,42.98547,3.004369,-3.839988,-9.982539952681858,18.02479281435392
05/11/2023 10:30:48.020328,4315,True,True,True,True,Eyes,2.043628,0.09163631,-1.979291,0.7794091,-0.4269961,-0.458471,0.0,0.0,0.0,0.0,0.0,0.0,0.0,-0.5452827,-1.234707,-2.779392,2.250372,0.0872392,-2.115436,0.05155662,0.8583987,-0.1832702,0.476346,21.33101,120.9468,354.6972,0.7065658,0.03415322,-0.7068222,0.0,0.0,0.0,3.469703,-0.7909563,-2.711062,0.1037037,-0.1386669,2.036285,-0.5408729,-0.08608778,-0.8366873,0.2631123,0.9275079,-0.2655202,0.7988921,-0.3637554,-0.4790131,moving,-59.53472,42.96422,2.915436,-3.895714,-9.965655100409556,18.01930692013728
05/11/2023 10:30:48.040245,4316,True,True,True,True,Eyes,2.053016,0.0918007,-1.98422,0.7778245,-0.4281245,-0.4601069,0.0,0.0,0.0,0.0,0.0,0.0,0.0,-0.5209633,-1.243222,-2.79283,2.258324,0.0891955,-2.12342,0.04814403,0.8600232,-0.1848657,0.4731461,21.3175,121.2958,354.3246,0.7077126,0.03395763,-0.7056835,0.0,0.0,0.0,3.479791,-0.7863678,-2.717187,0.1006004,-0.140639,2.036532,-0.5476301,-0.09212695,-0.8316334,0.2577468,0.9270136,-0.2724191,0.7960328,-0.3635358,-0.4839153,moving,-59.39439,42.93785,2.827991,-3.950466,-9.94731522935836,18.012388567480052
05/11/2023 10:30:48.060342,4317,True,True,True,True,Eyes,2.053016,0.0918007,-1.98422,0.7778245,-0.4281245,-0.4601069,0.0,0.0,0.0,0.0,0.0,0.0,0.0,-0.4966428,-1.255656,-2.803285,2.265824,0.09116083,-2.1306,0.04675375,0.8616332,-0.1865977,0.4696633,21.43679,121.7055,354.1603,0.7088173,0.03377582,-0.7045826,0.0,0.0,0.0,3.487658,-0.7842872,-2.727892,0.09717363,-0.1428175,2.036804,-0.5544609,-0.09470699,-0.8268033,0.2558453,0.9259909,-0.2776404,0.7919068,-0.3654745,-0.4891954,moving,-59.39439,42.93785,2.731446,-4.010927,-9.94731522935836,18.012388567480052
05/11/2023 10:30:48.070850,4318,True,True,True,True,Eyes,2.053016,0.0918007,-1.98422,0.7778245,-0.4281245,-0.4601069,0.0,0.0,0.0,0.0,0.0,0.0,0.0,-0.4785587,-1.267355,-2.811884,2.272808,0.09294069,-2.137195,0.04809312,0.8630621,-0.1873684,0.4665878,21.61084,122.1242,354.3313,0.7098098,0.03361217,-0.7035908,0.0,0.0,0.0,3.498475,-0.7731928,-2.741373,0.09394991,-0.1448663,2.03706,-0.559966,-0.09183297,-0.8234107,0.2578623,0.9251602,-0.2785419,0.7873662,-0.3683005,-0.4943781,moving,-59.39439,42.93785,2.64063,-4.067765,-9.94731522935836,18.012388567480052
05/11/2023 10:30:48.090242,4319,True,True,True,True,Eyes,2.062848,0.09212776,-1.989774,0.7761787,-0.4294429,-0.461655,2.297112,3.845818,-0.8943508,-3.050248,-0.5549361,-0.7958999,0.2420525,-0.05682385,-0.2566595,2.045311,2.279524,0.09449445,-2.143986,0.05135411,0.8646001,-0.1862377,0.4638373,21.69602,122.5808,354.8152,0.7107016,0.03346482,-0.7026967,0.0,0.0,0.0,3.509637,-0.7649308,-2.748188,0.09105009,-0.1467097,2.037289,-0.5644355,-0.08396643,-0.8211957,0.2615695,0.9253566,-0.2744023,0.7829394,-0.3696821,-0.5003411,moving,-59.2567,42.92973,2.558948,-4.118885,-9.929906700494783,18.010756361541286
05/11/2023 10:30:48.111075,4320,True,True,True,True,Eyes,2.07254,0.09246012,-1.995403,0.7744702,-0.4305119,-0.463525,2.284706,3.841976,-0.8911328,-3.054421,-0.8121953,-0.5822608,-0.03620827,-0.07139647,-0.2637275,2.034093,2.28575,0.09596516,-2.151104,0.05390316,0.8665478,-0.1835294,0.4609841,21.57821,123.0847,355.3252,0.7115735,0.03333127,-0.7018203,0.0,0.0,0.0,3.516958,-0.7630286,-2.760855,0.08778888,-0.1487826,2.037548,-0.5691762,-0.07578893,-0.8187152,0.2626275,0.9268228,-0.2683769,0.7791439,-0.3677709,-0.5076212,moving,-59.09923,42.88526,2.467095,-4.176351,-9.908835405469645,17.998671874532825
05/11/2023 10:30:48.130281,4321,True,True,True,True,Eyes,2.082107,0.09283555,-2.00108,0.77377,-0.4313626,-0.4639033,0.0,0.0,0.0,0.0,0.0,0.0,0.0,-0.4324324,-1.251769,-2.857779,2.291863,0.09662569,-2.158437,0.05436071,0.8691457,-0.1799979,0.4574185,21.26118,123.6747,355.6816,0.7124219,0.03321053,-0.7009647,0.0,0.0,0.0,3.523108,-0.7611988,-2.772543,0.08451629,-0.1508627,2.037808,-0.5756267,-0.07017395,-0.8146962,0.2591634,0.9292914,-0.2631575,0.7755569,-0.3626199,-0.5167384,moving,-59.05577,42.91836,2.37493,-4.233988,-9.904518396809948,18.008513736486297
05/11/2023 10:30:48.141032,4322,True,True,True,True,Eyes,2.09155,0.09322303,-2.006826,0.7729773,-0.4320461,-0.4645882,0.0,0.0,0.0,0.0,0.0,0.0,0.0,-0.4094315,-1.235033,-2.878973,2.298007,0.09816971,-2.16586,0.05309472,0.8717959,-0.1765845,0.4538402,20.85992,124.2336,355.8449,0.7132459,0.03310283,-0.7001312,0.0,0.0,0.0,3.526404,-0.7649187,-2.785048,0.08105969,-0.1530599,2.038082,-0.5824202,-0.06770677,-0.8100634,0.2528578,0.9319978,-0.2596982,0.7725605,-0.3560843,-0.5256943,moving,-58.99256,42.92144,2.277599,-4.294848,-9.896751403057962,18.009741483432816
05/11/2023 10:30:48.160570,4323,True,True,True,True,Eyes,2.100874,0.09355477,-2.012628,0.7720648,-0.432826,-0.4653791,0.0,0.0,0.0,0.0,0.0,0.0,0.0,-0.3827964,-1.227878,-2.896145,2.304237,0.0988568,-2.173153,0.05129772,0.8741873,-0.1752532,0.4499462,20.64463,124.7705,355.8315,0.7140456,0.03300717,-0.6993201,0.0,0.0,0.0,3.529636,-0.7681777,-2.797164,0.07813704,-0.1549177,2.038313,-0.5898341,-0.06802138,-0.8046547,0.2473966,0.9333098,-0.2602458,0.7686943,-0.3525706,-0.5336696,moving,-58.9196,42.92437,2.195311,-4.346289,-9.887765724833145,18.010977074350226
05/11/2023 10:30:48.170579,4324,True,True,True,True,Eyes,2.110054,0.09386154,-2.018475,0.7709991,-0.4336455,-0.4663818,0.0,0.0,0.0,0.0,0.0,0.0,0.0,-0.3520689,-1.225531,-2.911126,2.310372,0.09789027,-2.180166,0.04990764,0.8766254,-0.1749623,0.4454498,20.56167,125.3661,355.8122,0.7148183,0.03292067,-0.6985344,0.0,0.0,0.0,3.529538,-0.7766387,-2.811393,0.07511693,-0.1568375,2.038553,-0.5981677,-0.06837321,-0.7984491,0.2433744,0.9337949,-0.26229,0.7635213,-0.3512154,-0.5419257,moving,-58.83001,42.91692,2.11029,-4.399426,-9.876367060971408,18.00928584246844
05/11/2023 10:30:48.190068,4325,True,True,True,True,Eyes,2.11908,0.09417464,-2.024369,0.7698151,-0.4347944,-0.4672671,0.0,0.0,0.0,0.0,0.0,0.0,0.0,-0.3242698,-1.233692,-2.920319,2.315825,0.09754876,-2.186974,0.04898112,0.8784805,-0.1763226,0.4413425,20.67257,125.8725,355.7351,0.7155638,0.03284156,-0.6977744,0.0,0.0,0.0,3.536704,-0.771781,-2.823275,0.0718286,-0.1589275,2.038814,-0.6056351,-0.06957943,-0.7926944,0.2416952,0.9330224,-0.2665571,0.7581486,-0.3530269,-0.548254,moving,-58.74283,42.93833,2.017729,-4.457248,-9.866221500038446,18.015963268563333
05/11/2023 10:30:48.211070,4326,True,True,True,True,Eyes,2.127967,0.09448346,-2.030313,0.7684005,-0.43611,-0.468368,0.0,0.0,0.0,0.0,0.0,0.0,0.0,-0.2951878,-1.250601,-2.925354,2.320841,0.09801923,-2.193838,0.04843296,0.8801343,-0.1789967,0.4370102,20.94145,126.3804,355.6283,0.7162813,0.0327694,-0.6970413,0.0,0.0,0.0,3.541944,-0.7737284,-2.833251,0.06858373,-0.1609899,2.039072,-0.6133524,-0.07119177,-0.786594,0.2417018,0.9312288,-0.2727509,0.7519166,-0.3574137,-0.5539643,moving,-58.63618,42.95742,1.926404,-4.514284,-9.853575594770302,18.02206958699343
05/11/2023 10:30:48.230621,4327,True,True,True,True,Eyes,2.136697,0.09480916,-2.036295,0.7668388,-0.4378071,-0.4693433,0.0,0.0,0.0,0.0,0.0,0.0,0.0,-0.2610555,-1.27019,-2.929556,2.326061,0.09816425,-2.200825,0.04827744,0.8820298,-0.1820661,0.4319082,21.27707,126.9862,355.5619,0.7169704,0.03270338,-0.6963354,0.0,0.0,0.0,3.545902,-0.7742479,-2.849459,0.06555229,-0.1629167,2.039313,-0.6222494,-0.07210739,-0.7794911,0.2424359,0.9290425,-0.2794726,0.7443324,-0.3628783,-0.5606146,moving,-58.5313,43.00897,1.841099,-4.567547,-9.842222010910916,18.03759343020927
05/11/2023 10:30:48.240264,4328,True,True,True,True,Eyes,2.145277,0.09513602,-2.042318,0.7649853,-0.4397478,-0.4705523,0.0,0.0,0.0,0.0,0.0,0.0,0.0,-0.2269866,-1.293463,-2.930981,2.330677,0.09886327,-2.207575,0.04852141,0.8837894,-0.1855969,0.4267501,21.68295,127.5925,355.5164,0.717629,0.03264373,-0.6956595,0.0,0.0,0.0,3.548221,-0.7813933,-2.859312,0.06231403,-0.1649752,2.039569,-0.6310602,-0.07264161,-0.7723254,0.2441725,0.9263989,-0.2866442,0.7363037,-0.3694703,-0.5668764,moving,-58.40379,43.06186,1.749988,-4.624433,-9.828095579959317,18.05362574395797
05/11/2023 10:30:48.260535,4329,True,True,True,True,Eyes,2.153692,0.09547736,-2.048363,0.7629547,-0.4419907,-0.4717461,0.0,0.0,0.0,0.0,0.0,0.0,0.0,-0.1885313,-1.319939,-2.930724,2.335297,0.0991964,-2.214378,0.04948185,0.8857408,-0.1895075,0.4208346,22.17003,128.301,355.5504,0.7182582,0.03258977,-0.6950123,0.0,0.0,0.0,3.550272,-0.7932906,-2.864998,0.0590896,-0.1670248,2.039823,-0.6408998,-0.07184646,-0.7642551,0.2471588,0.9232768,-0.2940618,0.7267463,-0.3773565,-0.5739704,moving,-58.27089,43.13485,1.65928,-4.681051,-9.813961970729007,18.075523808965098
05/11/2023 10:30:48.280409,4330,True,True,True,True,Eyes,2.161945,0.09582619,-2.054438,0.7606606,-0.4443436,-0.4732379,0.0,0.0,0.0,0.0,0.0,0.0,0.0,-0.1523943,-1.343636,-2.930213,2.339391,0.099957,-2.22081,0.05144972,0.8877285,-0.1924916,0.4150157,22.61056,129.0373,355.7491,0.7188575,0.03254159,-0.6943948,0.0,0.0,0.0,3.55389,-0.8112699,-2.86051,0.05580574,-0.169112,2.040085,-0.6502296,-0.06842727,-0.7566498,0.2511208,0.9205998,-0.2990556,0.7170351,-0.3844654,-0.5814177,moving,-58.11258,43.19637,1.566913,-4.738676,-9.796286398797243,18.0942247911935
05/11/2023 10:30:48.290136,4331,True,True,True,True,Eyes,2.170032,0.09620683,-2.060548,0.7583275,-0.4465937,-0.4748615,0.0,0.0,0.0,0.0,0.0,0.0,0.0,-0.1188369,-1.359226,-2.932832,2.343419,0.1006333,-2.227415,0.05384766,0.889903,-0.1938351,0.4093912,22.89717,129.7985,356.0866,0.7194262,0.03249896,-0.6938077,0.0,0.0,0.0,3.557373,-0.8309376,-2.855243,0.05260587,-0.1711459,2.040339,-0.6589988,-0.06287043,-0.7495121,0.2545472,0.9190567,-0.3008994,0.7077618,-0.3890785,-0.5896538,moving,-57.94537,43.24287,1.476924,-4.794809,-9.777006877148473,18.10861067115706
05/11/2023 10:30:48.310518,4332,True,True,True,True,Eyes,2.177951,0.09662724,-2.066693,0.7558556,-0.448732,-0.4767828,0.0,0.0,0.0,0.0,0.0,0.0,0.0,-0.08722651,-1.363731,-2.940121,2.347215,0.1019413,-2.234249,0.05564209,0.8923393,-0.1932978,0.4040676,22.9508,130.5567,356.4569,0.7199643,0.03246246,-0.693251,0.0,0.0,0.0,3.56208,-0.8468334,-2.849498,0.04942769,-0.1731656,2.040591,-0.6672668,-0.05690747,-0.7426418,0.255514,0.9190798,-0.300008,0.6996199,-0.3899407,-0.5987309,moving,-57.75687,43.26399,1.387561,-4.850527,-9.754238897916125,18.11573807926044
05/11/2023 10:30:48.320575,4333,True,True,True,True,Eyes,2.185716,0.0970461,-2.072884,0.7534591,-0.4504186,-0.4789808,0.0,0.0,0.0,0.0,0.0,0.0,0.0,-0.05780351,-1.362877,-2.949393,2.350847,0.1034479,-2.241095,0.05620842,0.8946744,-0.1922537,0.3992956,22.88585,131.2302,356.7048,0.7204708,0.03243293,-0.6927261,0.0,0.0,0.0,3.56579,-0.8606963,-2.84818,0.04625618,-0.175182,2.040843,-0.6748075,-0.05295563,-0.7360916,0.2541086,0.9197583,-0.2991214,0.6928664,-0.3888965,-0.6072032,moving,-57.55551,43.23975,1.2984,-4.906134,-9.728372037373926,18.10976008581775
05/11/2023 10:30:48.350267,4334,True,True,True,True,Eyes,2.193329,0.09746055,-2.07912,0.7509546,-0.4519295,-0.481484,0.0,0.0,0.0,0.0,0.0,0.0,0.0,-0.0264219,-1.355551,-2.961641,2.354591,0.1039524,-2.24825,0.05581333,0.8972169,-0.1906014,0.3944086,22.70881,131.9138,356.8807,0.7209464,0.03240964,-0.6922321,0.0,0.0,0.0,3.56992,-0.8689427,-2.851714,0.04299343,-0.1772557,2.041102,-0.6826537,-0.05019629,-0.7290162,0.2505029,0.9211121,-0.297995,0.6864638,-0.386048,-0.6162261,moving,-57.33352,43.18646,1.20669,-4.963295,-9.698977678741507,18.09545431923731
05/11/2023 10:30:48.360466,4335,True,True,True,True,Eyes,2.200797,0.09785523,-2.085404,0.7485423,-0.4527464,-0.4844638,0.0,0.0,0.0,0.0,0.0,0.0,0.0,0.006829262,-1.347048,-2.973998,2.358254,0.1043999,-2.255435,0.0549004,0.8998132,-0.1889894,0.389365,22.51113,132.6046,356.9986,0.7213907,0.03239191,-0.69177,0.0,0.0,0.0,3.575633,-0.8729898,-2.856313,0.03984672,-0.1792556,2.041352,-0.6907619,-0.0483715,-0.7214627,0.2459719,0.9225379,-0.2973578,0.6799604,-0.382863,-0.6253561,moving,-57.08867,43.06171,1.118258,-5.018396,-9.664377641395312,18.06051605506629
05/11/2023 10:30:48.370545,4336,True,True,True,True,Eyes,2.208111,0.0982191,-2.091751,0.746016,-0.4534859,-0.4876583,0.0,0.0,0.0,0.0,0.0,0.0,0.0,0.03727126,-1.340307,-2.985242,2.361976,0.1042806,-2.262669,0.05439472,0.9021526,-0.1876134,0.38466,22.3559,133.2493,357.1372,0.7218025,0.03237863,-0.6913408,0.0,0.0,0.0,3.583512,-0.8729527,-2.862312,0.03648698,-0.1813917,2.041618,-0.6981561,-0.04619006,-0.7144544,0.2424794,0.9236849,-0.2966649,0.6736337,-0.3803587,-0.6336761,moving,-56.82802,42.92053,1.023858,-5.077226,-9.627268141543734,18.02088958382664
05/11/2023 10:30:48.390708,4337,True,True,True,True,Eyes,2.208111,0.0982191,-2.091751,0.746016,-0.4534859,-0.4876583,0.0,0.0,0.0,0.0,0.0,0.0,0.0,0.06559837,-1.33626,-2.995021,2.365351,0.1039312,-2.270321,0.05425711,0.9042905,-0.1865951,0.380128,22.25451,133.8673,357.2917,0.7221833,0.03236834,-0.6909436,0.0,0.0,0.0,3.592547,-0.8710659,-2.868497,0.03327763,-0.1834309,2.041873,-0.7051179,-0.04373167,-0.7077404,0.2399884,0.9244769,-0.296223,0.667244,-0.3787216,-0.6413701,moving,-56.82802,42.92053,0.9337013,-5.133366,-9.627268141543734,18.02088958382664
05/11/2023 10:30:48.410065,4338,True,True,True,True,Eyes,2.208111,0.0982191,-2.091751,0.746016,-0.4534859,-0.4876583,0.0,0.0,0.0,0.0,0.0,0.0,0.0,0.09898186,-1.337132,-3.002213,2.368709,0.1036921,-2.278041,0.05348947,0.9064303,-0.1867396,0.3750351,22.25031,134.5204,357.331,0.7225252,0.0323591,-0.6905866,0.0,0.0,0.0,3.602827,-0.8686666,-2.874232,0.03003448,-0.1854928,2.042129,-0.7129752,-0.04309884,-0.6998636,0.2370367,0.9245344,-0.298412,0.6599092,-0.3786537,-0.6489542,moving,-56.82802,42.92053,0.8426132,-5.190107,-9.627268141543734,18.02088958382664
05/11/2023 10:30:48.420692,4339,True,True,True,True,Eyes,2.215555,0.09851327,-2.098795,0.7430493,-0.4540066,-0.4916867,0.0,0.0,0.0,0.0,0.0,0.0,0.0,0.1365097,-1.340181,-3.007684,2.37186,0.1028691,-2.285734,0.05266629,0.9086618,-0.1874388,0.3693601,22.30535,135.2354,357.3514,0.7228326,0.03235072,-0.690264,0.0,0.0,0.0,3.613452,-0.866355,-2.879599,0.02679944,-0.1875491,2.042387,-0.721599,-0.04275312,-0.6909901,0.2341765,0.9241859,-0.3017312,0.6515033,-0.3795426,-0.6568799,moving,-56.50681,42.71832,0.7517709,-5.246666,-9.580604318579017,17.963858409445802
05/11/2023 10:30:48.440396,4340,True,True,True,True,Eyes,2.222823,0.09877342,-2.105882,0.7399188,-0.4545935,-0.4958475,0.0,0.0,0.0,0.0,0.0,0.0,0.0,0.1715608,-1.345614,-3.011764,2.374966,0.102549,-2.293435,0.05197358,0.9106458,-0.1884264,0.3640309,22.39684,135.8998,357.3636,0.7231092,0.03234198,-0.6899737,0.0,0.0,0.0,3.623122,-0.8664153,-2.884339,0.0238114,-0.1894478,2.042624,-0.7295607,-0.04252703,-0.6825927,0.2318451,0.9235885,-0.3053395,0.64342,-0.3810195,-0.6639543,moving,-56.17247,42.51463,0.6678815,-5.298869,-9.532257128258234,17.906466648457123
05/11/2023 10:30:48.460385,4341,True,True,True,True,Eyes,2.229939,0.09899295,-2.113027,0.7367244,-0.4550495,-0.5001671,0.0,0.0,0.0,0.0,0.0,0.0,0.0,0.2069625,-1.352218,-3.014755,2.377712,0.1019789,-2.301338,0.05121883,0.9125652,-0.1897146,0.3586222,22.51903,136.5659,357.3574,0.7233551,0.03233192,-0.6897158,0.0,0.0,0.0,3.631699,-0.8688797,-2.889035,0.02057821,-0.1915033,2.04288,-0.7375337,-0.04259068,-0.6739662,0.2295527,0.92277,-0.3095174,0.6350983,-0.3829903,-0.6707972,moving,-55.82716,42.29576,0.5771287,-5.355362,-9.482043019886767,17.844724232794686
05/11/2023 10:30:48.470496,4342,True,True,True,True,Eyes,2.236891,0.09918958,-2.120225,0.733281,-0.4556329,-0.504676,0.0,0.0,0.0,0.0,0.0,0.0,0.0,0.255311,-1.361214,-3.015638,2.380736,0.1011052,-2.309553,0.04932035,0.9148982,-0.1920796,0.3516166,22.71517,137.3945,357.2143,0.7235698,0.03231942,-0.6894908,0.0,0.0,0.0,3.639126,-0.873565,-2.893825,0.01749307,-0.193464,2.043125,-0.7478664,-0.04483055,-0.6623335,0.2253229,0.9213458,-0.3167829,0.6244398,-0.3861503,-0.6789423,moving,-55.46255,42.07644,0.4905499,-5.409225,-9.429411485902111,17.782952888403077
05/11/2023 10:30:48.500519,4343,True,True,True,True,Eyes,2.243687,0.09935363,-2.127465,0.7297679,-0.4561409,-0.509288,0.0,0.0,0.0,0.0,0.0,0.0,0.0,0.306113,-1.370918,-3.014835,2.383386,0.1006629,-2.31769,0.04741165,0.9172718,-0.1945899,0.3442374,22.9312,138.2661,357.0753,0.7237532,0.03230411,-0.6892987,0.0,0.0,0.0,3.647059,-0.8763353,-2.899278,0.01431638,-0.1954832,2.043376,-0.7585057,-0.04699152,-0.6499701,0.220949,0.9197738,-0.324342,0.6130669,-0.3896255,-0.6872709,moving,-55.08971,41.84904,0.4014214,-5.464674,-9.375488598884555,17.71887838634495
05/11/2023 10:30:48.510479,4344,True,True,True,True,Eyes,2.25034,0.09950417,-2.134761,0.7259718,-0.4567286,-0.5141633,0.0,0.0,0.0,0.0,0.0,0.0,0.0,0.3578554,-1.380141,-3.013048,2.385966,0.09995744,-2.325614,0.0458224,0.919651,-0.1969769,0.3366635,23.15087,139.1694,356.9858,0.7239056,0.03228533,-0.6891396,0.0,0.0,0.0,3.653719,-0.8836343,-2.902526,0.01076329,-0.197742,2.043658,-0.7691159,-0.04834862,-0.6372777,0.2169111,0.9182008,-0.3314466,0.6011738,-0.3931536,-0.6957155,moving,-54.6923,41.61452,0.3017556,-5.526671,-9.318271974295438,17.65286567605459
05/11/2023 10:30:48.520228,4345,True,True,True,True,Eyes,2.256845,0.09963474,-2.142105,0.7220924,-0.4572806,-0.5191118,0.0,0.0,0.0,0.0,0.0,0.0,0.0,0.4172715,-1.383904,-3.01225,2.388745,0.09970942,-2.333862,0.0434401,0.9224617,-0.198785,0.328119,23.28157,140.1922,356.8606,0.7240269,0.03226308,-0.6890132,0.0,0.0,0.0,3.661153,-0.8872778,-2.909141,0.007862568,-0.1995854,2.043889,-0.780902,-0.05030656,-0.6226248,0.2105939,0.917195,-0.3382359,0.5880839,-0.39525,-0.7056451,moving,-54.28767,41.37652,0.2204082,-5.577243,-9.260041640469826,17.58588038997453
05/11/2023 10:30:48.545807,4346,True,True,True,True,Eyes,2.263208,0.09973021,-2.149501,0.7179821,-0.457833,-0.5243002,0.0,0.0,0.0,0.0,0.0,0.0,0.0,0.4705101,-1.385702,-3.011867,2.391232,0.09929764,-2.342016,0.04167743,0.9250292,-0.1999842,0.3202971,23.37084,141.1436,356.8149,0.7241175,0.03223719,-0.6889195,0.0,0.0,0.0,3.669701,-0.8909193,-2.912737,0.004543662,-0.2016951,2.044152,-0.7913456,-0.05100303,-0.609238,0.2052144,0.9165387,-0.3432841,0.5758988,-0.3966808,-0.7148323,moving,-53.86154,41.12833,0.1273546,-5.635094,-9.198798352749197,17.51604913657996
05/11/2023 10:30:48.561754,4347,True,True,True,True,Eyes,2.26944,0.09978685,-2.156956,0.713829,-0.4583035,-0.5295337,0.0,0.0,0.0,0.0,0.0,0.0,0.0,0.5208567,-1.382729,-3.013414,2.393806,0.09857717,-2.350291,0.04042227,0.9276317,-0.2001234,0.3127557,23.36369,142.0883,356.8662,0.7241774,0.032207,-0.6888582,0.0,0.0,0.0,3.678815,-0.8930668,-2.917941,0.001413643,-0.2036842,2.044401,-0.8011,-0.05018551,-0.5964231,0.2001734,0.9166333,-0.345997,0.5640655,-0.3965662,-0.7242692,moving,-53.43118,40.8757,0.03961835,-5.689619,-9.136881862823117,17.44495074485268
05/11/2023 10:30:48.570435,4348,True,True,True,True,Eyes,2.275546,0.09981073,-2.164476,0.709447,-0.4587467,-0.5350108,0.0,0.0,0.0,0.0,0.0,0.0,0.0,0.5708247,-1.378392,-3.015147,2.396484,0.09770836,-2.358862,0.03958876,0.9302589,-0.1998313,0.3051538,23.3253,143.0553,356.9847,0.724207,0.0321718,-0.6888289,0.0,0.0,0.0,3.68944,-0.8931271,-2.923376,-0.001947582,-0.2058208,2.044667,-0.8106281,-0.04830297,-0.5835661,0.1956141,0.9170004,-0.3476284,0.5519218,-0.3959511,-0.7338974,moving,-52.97919,40.61155,-0.05457524,-5.748161,-9.07189231304011,17.370620819846643
05/11/2023 10:30:48.590281,4349,True,True,True,True,Eyes,2.281538,0.09982194,-2.172068,0.705108,-0.4590723,-0.5404399,0.0,0.0,0.0,0.0,0.0,0.0,0.0,0.6204146,-1.372689,-3.016924,2.399211,0.09701248,-2.367572,0.03870155,0.9328502,-0.1993038,0.2976083,23.2583,144.0152,357.1036,0.7242066,0.03213114,-0.6888315,0.0,0.0,0.0,3.700027,-0.8927003,-2.929078,-0.00500685,-0.207766,2.044908,-0.819863,-0.04642343,-0.5706747,0.1908344,0.9175604,-0.3488054,0.5398211,-0.394877,-0.7434145,moving,-52.53114,40.34597,-0.1402854,-5.801436,-9.007346009613347,17.295854828644153
05/11/2023 10:30:48.610261,4350,True,True,True,True,Eyes,2.287415,0.09981132,-2.179734,0.700554,-0.459379,-0.5460723,0.0,0.0,0.0,0.0,0.0,0.0,0.0,0.6684582,-1.366918,-3.018587,2.402056,0.09673316,-2.37654,0.03771302,0.9353084,-0.198738,0.2903082,23.1824,144.939,357.2038,0.7241765,0.03208526,-0.6888655,0.0,0.0,0.0,3.711478,-0.891399,-2.935261,-0.008221745,-0.2098089,2.045165,-0.8285974,-0.04484392,-0.5580456,0.1859372,0.9181619,-0.3498658,0.5280656,-0.3936594,-0.7524485,moving,-52.06407,40.07196,-0.2303329,-5.857358,-8.940153599120901,17.21874092415515
05/11/2023 10:30:48.620795,4351,True,True,True,True,Eyes,2.431842,0.09833325,-2.37336,0.5614125,-0.4685288,-0.6821267,0.0,0.0,0.0,0.0,0.0,0.0,0.0,0.717587,-1.361435,-3.019163,2.404845,0.0962263,-2.385632,0.03635631,0.9376755,-0.198497,0.2829165,23.13028,145.8576,357.2491,0.7241169,0.03203407,-0.6889306,0.0,0.0,0.0,3.723387,-0.8908162,-2.939304,-0.01137394,-0.2118126,2.045416,-0.8372731,-0.04413532,-0.5450011,0.180497,0.9185543,-0.35168,0.5161346,-0.3928232,-0.7611145,moving,-39.45549,34.4838,-0.3186012,-5.912179,-7.186024462717104,15.662335643075597
05/11/2023 10:30:48.641066,4352,True,True,True,True,Eyes,2.431981,0.09830566,-2.373732,0.5609422,-0.468516,-0.6825223,0.0,0.0,0.0,0.0,0.0,0.0,0.0,0.7740818,-1.35412,-3.018117,2.407817,0.09496541,-2.394842,0.0341677,0.9401941,-0.1986217,0.2746218,23.09472,146.8638,357.2057,0.7228596,0.03159822,-0.69027,0.4332805,-0.004434206,-0.5808792,3.733624,-0.8931629,-2.943911,-0.01462358,-0.2138785,2.045671,-0.8468309,-0.04484319,-0.5299684,0.1733402,0.918764,-0.3547195,0.5028226,-0.3922523,-0.7702645,moving,-39.41564,34.46757,-0.4095747,-5.968688,-7.180527735938997,15.657832320774048
05/11/2023 10:30:48.660405,4353,True,True,True,True,Eyes,2.43225,0.09824241,-2.374455,0.5598956,-0.4689074,-0.6831125,0.0,0.0,0.0,0.0,0.0,0.0,0.0,0.8302979,-1.347737,-3.015529,2.410916,0.09426069,-2.403706,0.03211407,0.9425937,-0.1988159,0.2663793,23.07367,147.8619,357.1727,0.7218234,0.03123735,-0.6913701,0.4072836,-0.004168153,-0.5460265,3.74389,-0.8950132,-2.949056,-0.01790744,-0.2159656,2.045932,-0.8560213,-0.04537985,-0.5149445,0.1664619,0.9188818,-0.3576963,0.4894054,-0.3919143,-0.7790284,moving,-39.33888,34.46679,-0.5014803,-6.025745,-7.170946492197248,15.658010508852392
05/11/2023 10:30:48.670594,4354,True,True,True,True,Eyes,2.43265,0.09813942,-2.375533,0.5584327,-0.4692987,-0.6840408,0.0,0.0,0.0,0.0,0.0,0.0,0.0,0.8796349,-1.34445,-3.012442,2.413983,0.09337112,-2.412485,0.03098567,0.9446482,-0.1990394,0.2589652,23.08479,148.7723,357.2244,0.7209659,0.03093691,-0.6922779,0.3828466,-0.003918064,-0.5132649,3.754639,-0.8967657,-2.952287,-0.02100617,-0.2179352,2.046178,-0.8639538,-0.04454746,-0.5015968,0.1616297,0.9188464,-0.359996,0.4769273,-0.3920929,-0.7866406,moving,-39.22729,34.45278,-0.5881806,-6.079563,-7.156592511591152,15.654530150762614
05/11/2023 10:30:48.690314,4355,True,True,True,True,Eyes,2.433177,0.09802938,-2.376959,0.5565391,-0.4699821,-0.685114,0.0,0.0,0.0,0.0,0.0,0.0,0.0,0.9304734,-1.340615,-3.008777,2.417184,0.09235103,-2.421666,0.02994379,0.9467279,-0.1991596,0.2512873,23.08828,149.7174,357.2961,0.7202515,0.03068464,-0.6930324,0.3598758,-0.00368298,-0.482469,3.766202,-0.8966866,-2.957152,-0.02427036,-0.2200098,2.046438,-0.8719163,-0.04339532,-0.4877286,0.1567898,0.9188776,-0.3620509,0.4638742,-0.3921489,-0.7943804,moving,-39.08801,34.44978,-0.679485,-6.136225,-7.139155137844238,15.654393250586097
05/11/2023 10:30:48.710187,4356,True,True,True,True,Eyes,2.433832,0.09789831,-2.378728,0.5542306,-0.4706509,-0.6865247,0.0,0.0,0.0,0.0,0.0,0.0,0.0,0.9835968,-1.335109,-3.004476,2.420396,0.09211963,-2.431059,0.02851949,0.9488565,-0.1991228,0.2433271,23.06387,150.6899,357.3348,0.7196491,0.03047068,-0.6936674,0.3382833,-0.003462001,-0.4535209,3.780143,-0.8919551,-2.96175,-0.02743137,-0.2220191,2.046689,-0.8799573,-0.04278212,-0.4731228,0.1510257,0.9190736,-0.3639987,0.4504073,-0.391757,-0.8022842,moving,-38.91389,34.43281,-0.7678782,-6.191079,-7.116919344083967,15.650382950183054
05/11/2023 10:30:48.730046,4357,True,True,True,True,Eyes,2.434613,0.09774745,-2.380817,0.5515743,-0.4715227,-0.6880641,0.0,0.0,0.0,0.0,0.0,0.0,0.0,1.039952,-1.329265,-2.998536,2.423807,0.09149303,-2.440585,0.02688373,0.9509817,-0.1992932,0.2349323,23.05909,151.7065,357.352,0.7191358,0.03028753,-0.6942077,0.3179863,-0.003254281,-0.4263096,3.796989,-0.8836739,-2.963434,-0.03047156,-0.2239512,2.04693,-0.8881681,-0.04250899,-0.4575482,0.1447727,0.9191189,-0.3664167,0.4361173,-0.3916802,-0.810178,moving,-38.71679,34.42241,-0.8528688,-6.243801,-7.092039852724102,15.648401833869322
05/11/2023 10:30:48.740962,4358,True,True,True,True,Eyes,2.435519,0.09757262,-2.383219,0.5485159,-0.4723387,-0.6899468,0.0,0.0,0.0,0.0,0.0,0.0,0.0,1.098363,-1.320597,-2.991883,2.427211,0.09094411,-2.449922,0.02516375,0.9531801,-0.1990817,0.2262322,23.01096,152.7626,357.378,0.7186907,0.03012829,-0.6946754,0.2989071,-0.003059024,-0.400731,3.806869,-0.8871021,-2.965621,-0.03370267,-0.2260053,2.047185,-0.8963716,-0.04210622,-0.4412994,0.1380486,0.9194666,-0.3681357,0.4212609,-0.3909071,-0.818371,moving,-38.48512,34.39561,-0.9431716,-6.299833,-7.062315302273429,15.641840186366004
05/11/2023 10:30:48.760582,4359,True,True,True,True,Eyes,2.436539,0.09735918,-2.38591,0.5452124,-0.4733109,-0.6918961,0.0,0.0,0.0,0.0,0.0,0.0,0.0,1.155849,-1.310979,-2.985071,2.430791,0.09023459,-2.459352,0.02374035,0.955331,-0.1985641,0.2176035,22.93713,153.8179,357.4448,0.718268,0.02997791,-0.6951191,0.2809727,-0.002875483,-0.3766872,3.816868,-0.8847429,-2.975124,-0.03697246,-0.2280836,2.047444,-0.9041703,-0.04105673,-0.4251948,0.1317763,0.9200174,-0.369057,0.4063389,-0.3897209,-0.8264421,moving,-38.23802,34.37517,-1.034527,-6.356494,-7.030879982340338,15.637206929073379
05/11/2023 10:30:48.780487,4360,True,True,True,True,Eyes,2.437664,0.09712327,-2.388887,0.5415349,-0.4741563,-0.6942015,0.0,0.0,0.0,0.0,0.0,0.0,0.0,1.212092,-1.298946,-2.978344,2.43418,0.08918758,-2.468556,0.02247592,0.9574589,-0.1976061,0.2090914,22.81758,154.8652,357.538,0.7178624,0.02983398,-0.6955443,0.2641143,-0.002702954,-0.354086,3.829412,-0.8810356,-2.976384,-0.04025024,-0.2301671,2.047706,-0.9115513,-0.03959595,-0.4092756,0.125675,0.9208933,-0.3690004,0.3915101,-0.3877985,-0.8344653,moving,-37.9572,34.33401,-1.126076,-6.413266,-6.994562748927403,15.62673406808133
05/11/2023 10:30:48.795475,4361,True,True,True,True,Eyes,2.438884,0.09690718,-2.392145,0.537631,-0.4750419,-0.6966263,0.0,0.0,0.0,0.0,0.0,0.0,0.0,1.268224,-1.283558,-2.972146,2.437526,0.08849092,-2.477943,0.02128913,0.9596543,-0.1959527,0.2005317,22.62089,155.9258,357.6575,0.7174713,0.02969557,-0.6959537,0.2482674,-0.002540777,-0.3328408,3.840467,-0.8772026,-2.984132,-0.04346365,-0.2322099,2.047961,-0.9186677,-0.03772902,-0.3932256,0.1194499,0.9222987,-0.3675554,0.3765389,-0.3846319,-0.8427792,moving,-37.65966,34.29078,-1.2158,-6.468907,-6.956095761678733,15.61574820389492
05/11/2023 10:30:48.810832,4362,True,True,True,True,Eyes,2.4402,0.09685504,-2.395726,0.5334032,-0.4757814,-0.6993662,0.0,0.0,0.0,0.0,0.0,0.0,0.0,1.323079,-1.268675,-2.965246,2.440699,0.08887123,-2.487537,0.02016195,0.9617609,-0.1941767,0.1921062,22.41111,156.9683,357.7792,0.7170879,0.02956162,-0.6963543,0.2333714,-0.00238833,-0.3128704,3.850274,-0.8710471,-2.995333,-0.04664785,-0.2342337,2.048213,-0.9253775,-0.03582319,-0.3773506,0.1133871,0.9237778,-0.3657568,0.3616906,-0.3812498,-0.8507813,moving,-37.33259,34.2276,-1.30468,-6.524004,-6.913293883004435,15.599124263762636
05/11/2023 10:30:48.820251,4363,True,True,True,True,Eyes,2.44159,0.09694853,-2.399584,0.5289834,-0.4767666,-0.7020472,0.0,0.0,0.0,0.0,0.0,0.0,0.0,1.37704,-1.255297,-2.958345,2.444016,0.09280293,-2.498397,0.01854306,0.9637715,-0.1923354,0.1838686,22.18223,157.9733,357.8347,0.7167087,0.02943643,-0.6967499,0.2193691,-0.00224503,-0.2940981,3.855347,-0.869897,-3.008939,-0.04979253,-0.236232,2.048463,-0.9316972,-0.03498634,-0.3615477,0.1064714,0.9253265,-0.3639157,0.3472818,-0.3775537,-0.858399,moving,-36.99755,34.18078,-1.392429,-6.578382,-6.870040141744727,15.58729352725248
05/11/2023 10:30:48.840516,4364,True,True,True,True,Eyes,2.443074,0.09703723,-2.403721,0.5241,-0.477673,-0.705087,0.0,0.0,0.0,0.0,0.0,0.0,0.0,1.436125,-1.254437,-2.941509,2.446855,0.09644778,-2.508413,0.01721516,0.9653834,-0.1928573,0.1747707,22.23336,159.0611,357.8843,0.7163309,0.02932345,-0.697143,0.2062069,-0.002110329,-0.2764522,3.856598,-0.8731585,-3.022945,-0.05290037,-0.2382079,2.048709,-0.938318,-0.03417312,-0.3440815,0.10065,0.9250194,-0.366345,0.3308012,-0.3783798,-0.8645228,moving,-36.62389,34.11633,-1.479124,-6.632124,-6.821396555895141,15.570546402956769
05/11/2023 10:30:48.860509,4365,True,True,True,True,Eyes,2.444589,0.09728,-2.408109,0.5151837,-0.4786193,-0.7109917,0.0,0.0,0.0,0.0,0.0,0.0,0.0,1.509628,-1.235836,-2.924063,2.450244,0.09640004,-2.518615,0.01431805,0.9675127,-0.1921335,0.1637031,22.11527,160.3674,357.8225,0.7159543,0.02922174,-0.6975341,0.1938345,-0.001983709,-0.2598651,3.855576,-0.878826,-3.037005,-0.05614263,-0.2402689,2.048966,-0.9459926,-0.03519991,-0.3222716,0.09061149,0.9257594,-0.3670955,0.3112677,-0.3764711,-0.8725721,moving,-35.92704,33.94731,-1.569538,-6.688159,-6.729067200579923,15.525134622413777
05/11/2023 10:30:48.880462,4366,True,True,True,True,Eyes,2.446169,0.09753147,-2.412741,0.505958,-0.4795312,-0.7169772,0.0,0.0,0.0,0.0,0.0,0.0,0.0,1.575348,-1.218398,-2.907195,2.453017,0.1005223,-2.527964,0.01155256,0.9694406,-0.1908271,0.1537417,21.93431,161.5429,357.7587,0.7155717,0.02913346,-0.6979303,0.1822045,-0.001864686,-0.2442732,3.85415,-0.8824096,-3.053876,-0.05955011,-0.2424343,2.049237,-0.9524602,-0.03627713,-0.302496,0.08107524,0.9269031,-0.3664389,0.2936779,-0.3735434,-0.8798971,moving,-35.20993,33.77554,-1.664527,-6.746999,-6.6341249569843255,15.47903102115717
05/11/2023 10:30:48.900143,4367,True,True,True,True,Eyes,2.446169,0.09753147,-2.412741,0.505958,-0.4795312,-0.7169772,0.0,0.0,0.0,0.0,0.0,0.0,0.0,1.63415,-1.212281,-2.888325,2.455853,0.1011293,-2.537923,0.01157799,0.9710385,-0.190116,0.144243,21.87359,162.7154,358.0016,0.7151821,0.02905761,-0.6983327,0.1712722,-0.001752805,-0.2296168,3.854026,-0.8795045,-3.074654,-0.06257206,-0.2443557,2.049476,-0.9581196,-0.03236047,-0.2845334,0.07733115,0.9274437,-0.3658798,0.2757287,-0.37256,-0.8860996,moving,-35.20993,33.77554,-1.748741,-6.799188,-6.6341249569843255,15.47903102115717
05/11/2023 10:30:48.910797,4368,True,True,True,True,Eyes,2.446169,0.09753147,-2.412741,0.505958,-0.4795312,-0.7169772,0.0,0.0,0.0,0.0,0.0,0.0,0.0,1.685051,-1.207836,-2.870792,2.458109,0.1006712,-2.547011,0.01385507,0.9726536,-0.1881729,0.1354404,21.70373,163.8613,358.5186,0.7148322,0.02898951,-0.6986938,0.1609959,-0.001647637,-0.2158398,3.855598,-0.871056,-3.09909,-0.06587565,-0.2464553,2.049738,-0.9629281,-0.02402006,-0.2686874,0.07792477,0.928798,-0.3623011,0.2582588,-0.3698073,-0.8924939,moving,-35.20993,33.77554,-1.840771,-6.856187,-6.6341249569843255,15.47903102115717
05/11/2023 10:30:48.920207,4369,True,True,True,True,Eyes,2.447843,0.09765167,-2.418274,0.4918784,-0.4801294,-0.7263136,0.0,0.0,0.0,0.0,0.0,0.0,0.0,1.719944,-1.217297,-2.854993,2.459621,0.09980099,-2.555642,0.01783697,0.9736598,-0.1873182,0.1287652,21.67627,164.7734,359.1673,0.714518,0.02892839,-0.6990176,0.1513361,-0.001548778,-0.2028894,3.859114,-0.8586751,-3.123108,-0.06900334,-0.2484435,2.049986,-0.9662027,-0.01350586,-0.2574293,0.0829744,0.9291875,-0.3601749,0.2440646,-0.3693619,-0.8966628,moving,-34.10688,33.46669,-1.927871,-6.910134,-6.486611863381847,15.395152230695604
05/11/2023 10:30:48.940636,4370,True,True,True,True,Eyes,2.449492,0.0977697,-2.424017,0.4777261,-0.4806051,-0.7353886,0.0,0.0,0.0,0.0,0.0,0.0,0.0,1.754374,-1.227142,-2.83771,2.460285,0.09865034,-2.563896,0.02123374,0.9745015,-0.1870229,0.1221415,21.69682,165.6611,359.7347,0.7141781,0.02887251,-0.6993672,0.1422559,-0.001455852,-0.190716,3.860857,-0.8528505,-3.144035,-0.07218719,-0.2504673,2.050239,-0.9692612,-0.004301884,-0.2459965,0.08707111,0.9291432,-0.3593211,0.2301117,-0.3696951,-0.9002078,moving,-33.00872,33.16618,-2.016503,-6.965022,-6.3399829286510085,15.313669715592958
05/11/2023 10:30:48.960255,4371,True,True,True,True,Eyes,2.451102,0.09800499,-2.429926,0.4637764,-0.4809711,-0.7440284,0.0,0.0,0.0,0.0,0.0,0.0,0.0,1.797984,-1.220644,-2.823323,2.461143,0.09881589,-2.574272,0.02117515,0.9755929,-0.1860568,0.114687,21.58545,166.5746,359.9162,0.7138122,0.02882127,-0.6997429,0.1337206,-0.001368501,-0.1792731,3.859625,-0.8529221,-3.164929,-0.07542008,-0.2525218,2.050496,-0.9727969,-0.001359947,-0.2316551,0.08399323,0.9298689,-0.3581744,0.215896,-0.3678885,-0.9044594,moving,-31.93658,32.88032,-2.106469,-7.020717,-6.197076911225055,15.236304585425323
05/11/2023 10:30:48.980144,4372,True,True,True,True,Eyes,2.452686,0.09820178,-2.436033,0.4497659,-0.4813644,-0.752329,0.0,0.0,0.0,0.0,0.0,0.0,0.0,1.840731,-1.216954,-2.806486,2.461551,0.1019056,-2.583799,0.02009324,0.9764486,-0.1859532,0.1075451,21.55963,167.4208,359.9534,0.7134207,0.02877764,-0.7001438,0.1256973,-0.001286391,-0.1685167,3.856661,-0.8584279,-3.181178,-0.0785684,-0.254523,2.050745,-0.9760605,-0.00075667,-0.2174972,0.07923673,0.9300354,-0.3588256,0.2025516,-0.3674693,-0.9077108,moving,-30.8723,32.61243,-2.194051,-7.074942,-6.05574280184181,15.164116763830865
05/11/2023 10:30:48.990699,4373,True,True,True,True,Eyes,2.454251,0.09838074,-2.442281,0.435964,-0.4819032,-0.7600689,0.0,0.0,0.0,0.0,0.0,0.0,0.0,1.890934,-1.206886,-2.78759,2.462321,0.1010738,-2.594152,0.0170381,0.9771494,-0.1869975,0.09960431,21.64429,168.3129,359.7563,0.7130026,0.02873958,-0.7005711,0.1181555,-0.001209207,-0.1584057,3.851102,-0.8680624,-3.195831,-0.08164978,-0.2564816,2.050988,-0.9795775,-0.003953989,-0.2010287,0.07054905,0.9294832,-0.3620549,0.1882844,-0.3688432,-0.9102219,moving,-29.83793,32.37575,-2.27974,-7.127992,-5.919162746673001,15.100835082731702
05/11/2023 10:30:49.010230,4374,True,True,True,True,Eyes,2.455781,0.09856551,-2.448658,0.4220936,-0.4825629,-0.7674438,0.0,0.0,0.0,0.0,0.0,0.0,0.0,1.9558,-1.188105,-2.759838,2.463101,0.1006751,-2.603161,0.01243392,0.9779906,-0.1880575,0.08952294,21.71951,169.4291,359.4233,0.7125589,0.02870599,-0.7010238,0.1110662,-0.001136655,-0.1489013,3.843017,-0.8802676,-3.212349,-0.08489913,-0.2585469,2.051246,-0.9836621,-0.009350406,-0.1797817,0.05799142,0.9289596,-0.3656106,0.1704286,-0.3700631,-0.9132401,moving,-28.81076,32.16137,-2.370065,-7.183896,-5.784215436372438,15.043991685100266
05/11/2023 10:30:49.020289,4375,True,True,True,True,Eyes,2.457264,0.0987471,-2.455158,0.4085769,-0.4834561,-0.7741673,0.0,0.0,0.0,0.0,0.0,0.0,0.0,2.003076,-1.189049,-2.73438,2.463614,0.1009324,-2.612164,0.01042225,0.9782448,-0.1903831,0.08174904,21.97404,170.3173,359.3367,0.7120903,0.02867654,-0.701501,0.1044022,-0.001068456,-0.1399673,3.83317,-0.8941034,-3.227794,-0.08809131,-0.2605758,2.051501,-0.9864172,-0.01073625,-0.1639096,0.0515183,0.9272913,-0.3707786,0.1559727,-0.3741866,-0.914143,moving,-27.82344,31.98417,-2.458766,-7.238786,-5.655456720851411,14.997735795036476
05/11/2023 10:30:49.040528,4376,True,True,True,True,Eyes,2.492512,0.1032397,-2.620919,0.04245901,-0.474462,-0.8792514,0.0,0.0,0.0,0.0,0.0,0.0,0.0,2.040781,-1.200117,-2.710318,2.463746,0.1011539,-2.621186,0.01093179,0.9783823,-0.1924341,0.07494998,22.22143,171.1481,359.5386,0.711595,0.02865057,-0.7020045,0.09813806,-0.001004348,-0.1315692,3.820098,-0.9110438,-3.244873,-0.09146583,-0.2627208,2.051768,-0.9885258,-0.007454922,-0.1508668,0.05023681,0.9256992,-0.3749096,0.1424522,-0.378187,-0.9147031,moving,-2.764663,28.3522,-2.552501,-7.296793,-2.4160648771337083,14.075079340218913
05/11/2023 10:30:49.060576,4377,True,True,True,True,Eyes,2.492488,0.1032636,-2.621316,0.04255509,-0.4747815,-0.8790743,0.0,0.0,0.0,0.0,0.0,0.0,0.0,2.074123,-1.214654,-2.687132,2.463271,0.1013823,-2.630602,0.01187979,0.978387,-0.1946895,0.06865772,22.49449,171.9288,359.7837,0.7087401,0.0286279,-0.7048876,0.1979918,0.01253374,-0.620958,3.805779,-0.9261774,-3.263172,-0.0945701,-0.2646942,2.052013,-0.99029,-0.003487797,-0.1389734,0.04997994,0.9239098,-0.379332,0.1297219,-0.3825946,-0.9147643,moving,-2.771467,28.37315,-2.638695,-7.350134,-2.41760374248059,14.081127651896374
05/11/2023 10:30:49.080601,4378,True,True,True,True,Eyes,2.492431,0.1033067,-2.622092,0.04211976,-0.4752763,-0.8788279,0.0,0.0,0.0,0.0,0.0,0.0,0.0,2.111018,-1.226552,-2.661493,2.462452,0.1020389,-2.640131,0.01179725,0.9783103,-0.1973298,0.06189384,22.80275,172.743,359.9164,0.7063506,0.02861143,-0.7072827,0.1861123,0.01178172,-0.5837005,3.79249,-0.9368697,-3.283973,-0.09780431,-0.2667493,2.052271,-0.9920599,-0.001344256,-0.1257586,0.04750972,0.9218436,-0.3846391,0.1164468,-0.3875598,-0.9144602,moving,-2.743927,28.40483,-2.728459,-7.405652,-2.415221643199014,14.09047318813186
05/11/2023 10:30:49.090427,4379,True,True,True,True,Eyes,2.49235,0.1033452,-2.623215,0.04179471,-0.4759557,-0.8784755,0.0,0.0,0.0,0.0,0.0,0.0,0.0,2.152165,-1.232115,-2.634298,2.46147,0.1025097,-2.649548,0.01042877,0.9782119,-0.2000208,0.05462842,23.10797,173.5888,359.9096,0.704342,0.0286003,-0.7092834,0.1749455,0.01107482,-0.5486785,3.781874,-0.9396608,-3.307585,-0.1009212,-0.2687304,2.052519,-0.9938141,-0.001450549,-0.1110483,0.04225674,0.9197658,-0.3901861,0.1027044,-0.3924649,-0.9140149,moving,-2.723873,28.44872,-2.814933,-7.459144,-2.4141746720734067,14.103325216898
05/11/2023 10:30:49.110417,4380,True,True,True,True,Eyes,2.492233,0.1033853,-2.624677,0.04100947,-0.4766726,-0.8781239,0.0,0.0,0.0,0.0,0.0,0.0,0.0,2.194497,-1.229456,-2.608771,2.460619,0.1023908,-2.658557,0.008396921,0.9782287,-0.2018934,0.04730013,23.31527,174.4291,359.8333,0.7026433,0.02859318,-0.7109666,0.1644488,0.01041033,-0.5157578,3.774553,-0.9383442,-3.329986,-0.1040353,-0.2707102,2.052766,-0.9953848,-0.002670954,-0.09593125,0.03552739,0.918337,-0.3942016,0.08915012,-0.3957903,-0.9140037,moving,-2.673841,28.49447,-2.901298,-7.512577,-2.4094573094150786,14.116875473562558
05/11/2023 10:30:49.120522,4381,True,True,True,True,Eyes,2.492105,0.1034111,-2.626457,0.0417161,-0.4773416,-0.8777272,0.0,0.0,0.0,0.0,0.0,0.0,0.0,2.234662,-1.220544,-2.587039,2.459491,0.1023998,-2.667701,0.006029934,0.9783706,-0.2027985,0.04034246,23.41016,175.2185,359.7151,0.7011946,0.02858909,-0.7123955,0.1545819,0.009785707,-0.4848123,3.768709,-0.9343715,-3.354051,-0.1070852,-0.2726488,2.053007,-0.9966724,-0.00456376,-0.08138547,0.0281618,0.9176728,-0.3963377,0.07649402,-0.3973107,-0.9144906,moving,-2.721072,28.53904,-2.985851,-7.564877,-2.416808782226476,14.129570229032563
05/11/2023 10:30:49.140271,4382,True,True,True,True,Eyes,2.491937,0.1033916,-2.628549,0.04194536,-0.477968,-0.8773751,0.0,0.0,0.0,0.0,0.0,0.0,0.0,2.274845,-1.20684,-2.5667,2.458482,0.1019374,-2.676715,0.003245236,0.9785452,-0.2032714,0.03346096,23.45556,175.9891,359.5471,0.6998886,0.02858562,-0.7136787,0.1453069,0.009198565,-0.4557236,3.763072,-0.9298518,-3.378112,-0.1103968,-0.2747537,2.05327,-0.9977398,-0.007252093,-0.06680546,0.01995453,0.9173405,-0.3976032,0.06416681,-0.3980376,-0.9151224,moving,-2.7371,28.58024,-3.077621,-7.621632,-2.4201646498121985,14.14145080291598
05/11/2023 10:30:49.160379,4383,True,True,True,True,Eyes,2.491736,0.1033479,-2.63095,0.04192299,-0.4785454,-0.8770614,0.0,0.0,0.0,0.0,0.0,0.0,0.0,2.314561,-1.188483,-2.548012,2.457233,0.1007409,-2.685871,0.0002937253,0.978786,-0.2031504,0.02660883,23.43429,176.753,359.3608,0.6986803,0.02858079,-0.7148619,0.1365885,0.008646651,-0.4283802,3.757523,-0.9272416,-3.400622,-0.1136479,-0.2768196,2.053529,-0.9985839,-0.0102362,-0.05220804,0.01138617,0.9174597,-0.3976658,0.05196936,-0.397697,-0.9160439,moving,-2.73662,28.61793,-3.167675,-7.677302,-2.421349598821104,14.15239905886817
05/11/2023 10:30:49.170459,4384,True,True,True,True,Eyes,2.491486,0.1032698,-2.633651,0.04152124,-0.479083,-0.876787,0.0,0.0,0.0,0.0,0.0,0.0,0.0,2.350849,-1.171451,-2.531347,2.456039,0.1000871,-2.695247,-0.002341625,0.979001,-0.2028323,0.02027308,23.39395,177.4618,359.2003,0.6975557,0.02857393,-0.7159596,0.1283932,0.008127852,-0.4026774,3.751096,-0.9264712,-3.422392,-0.1166853,-0.2787506,2.053769,-0.9991675,-0.01280898,-0.03874481,0.003639166,0.9177071,-0.397241,0.04064465,-0.3970511,-0.9168965,moving,-2.711281,28.65252,-3.251774,-7.729316,-2.4193375934306838,14.162578096895455
05/11/2023 10:30:49.190624,4385,True,True,True,True,Eyes,2.491189,0.1031702,-2.636643,0.0411051,-0.4796477,-0.8764979,0.0,0.0,0.0,0.0,0.0,0.0,0.0,2.382619,-1.157183,-2.516856,2.454558,0.09912547,-2.704777,-0.004520107,0.9791446,-0.202591,0.01457748,23.36579,178.1036,359.0788,0.6965022,0.02856416,-0.7169849,0.1206896,0.007640181,-0.3785167,3.743094,-0.9284981,-3.443316,-0.1198829,-0.2807833,2.054023,-0.9995344,-0.01475821,-0.02671545,-0.002945147,0.9178729,-0.3968635,0.03037838,-0.3965999,-0.9174891,moving,-2.685032,28.68889,-3.340274,-7.784041,-2.417271090513869,14.17327887076738
05/11/2023 10:30:49.210684,4386,True,True,True,True,Eyes,2.490837,0.1030223,-2.639925,0.04032344,-0.4801956,-0.8762342,0.0,0.0,0.0,0.0,0.0,0.0,0.0,2.412774,-1.144536,-2.50268,2.453005,0.09846301,-2.714391,-0.006609079,0.9792162,-0.2025064,0.009125937,23.35796,178.7174,358.9615,0.6955075,0.02855104,-0.7179504,0.1134482,0.00718177,-0.3558057,3.732982,-0.9330838,-3.46454,-0.1233509,-0.2829878,2.054297,-0.9997461,-0.01663955,-0.01519577,-0.009247312,0.917895,-0.3967157,0.02054929,-0.3964744,-0.9178157,moving,-2.634837,28.72371,-3.436216,-7.843364,-2.412172476516007,14.183655755574492
05/11/2023 10:30:49.230357,4387,True,True,True,True,Eyes,2.490433,0.1028284,-2.643474,0.0396549,-0.4807836,-0.8759421,0.0,0.0,0.0,0.0,0.0,0.0,0.0,2.443706,-1.131871,-2.487355,2.451243,0.09710024,-2.724288,-0.008627994,0.979232,-0.20253,0.003450777,23.36506,179.3601,358.858,0.6945614,0.02853346,-0.7188664,0.1066414,0.006750864,-0.3344573,3.723018,-0.9380158,-3.484325,-0.1263415,-0.2848884,2.054536,-0.9998273,-0.01829539,-0.003263368,-0.01549984,0.9178144,-0.3967072,0.01025308,-0.3965881,-0.9179394,moving,-2.592076,28.76132,-3.518913,-7.894474,-2.4080914245281733,14.194803701817968
05/11/2023 10:30:49.240823,4388,True,True,True,True,Eyes,2.489962,0.1025859,-2.64729,0.03868764,-0.481378,-0.8756589,0.0,0.0,0.0,0.0,0.0,0.0,0.0,2.471577,-1.121219,-2.473363,2.449505,0.09578064,-2.733881,-0.01036932,0.9791993,-0.2026286,-0.001727147,23.38224,179.9488,358.776,0.6936553,0.0285105,-0.7197418,0.1002429,0.006345812,-0.3143899,3.712405,-0.9442517,-3.50354,-0.1295776,-0.2869452,2.054791,-0.9997789,-0.01960733,0.007584685,-0.0210072,0.9176683,-0.3967917,0.0008198002,-0.3968634,-0.9178773,moving,-2.529749,28.79902,-3.608363,-7.949767,-2.401577667214032,14.206080945666105
05/11/2023 10:30:49.260513,4389,True,True,True,True,Eyes,2.489424,0.1022818,-2.651357,0.03782926,-0.4820414,-0.8753314,0.0,0.0,0.0,0.0,0.0,0.0,0.0,2.496547,-1.113302,-2.460617,2.447367,0.09433655,-2.743777,-0.01186618,0.9790919,-0.2029682,-0.006498542,23.42844,180.4938,358.7137,0.6927802,0.02848124,-0.7205853,0.0942283,0.005965063,-0.2955265,3.698166,-0.9527419,-3.525333,-0.1327653,-0.2889721,2.055043,-0.9996342,-0.02059817,0.01754225,-0.02587416,0.9173262,-0.3972949,-0.00790842,-0.3976033,-0.9175236,moving,-2.474616,28.8414,-3.696435,-8.004228,-2.396114012191737,14.218679399872439
05/11/2023 10:30:49.270429,4390,True,True,True,True,Eyes,2.488801,0.1019768,-2.655674,0.03669422,-0.4827007,-0.8750163,0.0,0.0,0.0,0.0,0.0,0.0,0.0,2.521355,-1.108289,-2.446181,2.445111,0.09258699,-2.753578,-0.01266069,0.9789638,-0.2033199,-0.01143039,23.47664,181.0765,358.7418,0.6919292,0.02844454,-0.7214041,0.0885746,0.005607159,-0.2777949,3.682208,-0.9613647,-3.547531,-0.135897,-0.2909625,2.055292,-0.9994181,-0.02014066,0.02752822,-0.02943677,0.9170014,-0.3977963,-0.01723154,-0.3983751,-0.9170608,moving,-2.401319,28.88322,-3.782923,-8.057675,-2.388370714031092,14.23121099027048
05/11/2023 10:30:49.290619,4391,True,True,True,True,Eyes,2.488085,0.1016268,-2.660238,0.03567321,-0.48345,-0.8746448,0.0,0.0,0.0,0.0,0.0,0.0,0.0,2.541389,-1.106949,-2.43464,2.44243,0.09229128,-2.763598,-0.01299283,0.9788592,-0.203523,-0.01563693,23.50611,181.5825,358.8083,0.6910948,0.02840103,-0.7222052,0.08326012,0.00527073,-0.2611272,3.665196,-0.970544,-3.569861,-0.1391885,-0.2930545,2.055553,-0.9991735,-0.01907136,0.03590139,-0.03180125,0.9168192,-0.3980342,-0.02532403,-0.3988469,-0.9166681,moving,-2.335568,28.93113,-3.87378,-8.113824,-2.381767901818107,14.245471419678005
05/11/2023 10:30:49.311154,4392,True,True,True,True,Eyes,2.487267,0.1012309,-2.665034,0.03437743,-0.484175,-0.8742955,0.0,0.0,0.0,0.0,0.0,0.0,0.0,2.560309,-1.109172,-2.422329,2.439379,0.09091979,-2.773857,-0.01301765,0.9786227,-0.2042977,-0.01976873,23.60165,182.0872,358.9119,0.6902707,0.02835007,-0.7229949,0.07826451,0.004954486,-0.2454596,3.64685,-0.9763968,-3.595987,-0.1424911,-0.2951539,2.055815,-0.9988796,-0.01740132,0.04401119,-0.03355614,0.916186,-0.399346,-0.03337329,-0.4003753,-0.9157434,moving,-2.251719,28.97719,-3.964901,-8.170141,-2.3728510605943747,14.25929000250029
05/11/2023 10:30:49.330432,4393,True,True,True,True,Eyes,2.486343,0.1008261,-2.670059,0.03320513,-0.4848758,-0.8739524,0.0,0.0,0.0,0.0,0.0,0.0,0.0,2.579333,-1.106669,-2.411471,2.436082,0.08946736,-2.783948,-0.01312129,0.978537,-0.2042527,-0.02395985,23.60109,182.5977,359.0063,0.6894514,0.02829109,-0.7237785,0.07356864,0.004657217,-0.230732,3.630023,-0.9815764,-3.620545,-0.146255,-0.2975463,2.056114,-0.9985076,-0.0158916,0.05225132,-0.03546706,0.9162173,-0.3991089,-0.04153109,-0.4003665,-0.9154136,moving,-2.175861,29.02187,-4.068697,-8.234279,-2.364883406534952,14.272665681255678
05/11/2023 10:30:49.340759,4394,True,True,True,True,Eyes,2.485299,0.1003883,-2.675325,0.03182399,-0.4854998,-0.8736573,0.0,0.0,0.0,0.0,0.0,0.0,0.0,2.595146,-1.100988,-2.405433,2.432539,0.08887352,-2.794265,-0.0137764,0.9785327,-0.2037908,-0.0274484,23.55243,183.0079,359.014,0.6886328,0.02822467,-0.7245599,0.06915452,0.004377784,-0.2168881,3.612964,-0.9835989,-3.64742,-0.1487203,-0.2991127,2.056311,-0.9981137,-0.01577384,0.05933332,-0.03814877,0.916559,-0.3980756,-0.04810332,-0.3995882,-0.9154319,moving,-2.086144,29.06135,-4.136648,-8.276246,-2.355018783424627,14.284604274797246
05/11/2023 10:30:49.360965,4395,True,True,True,True,Eyes,2.48414,0.09990903,-2.680803,0.03056197,-0.4861773,-0.8733256,0.0,0.0,0.0,0.0,0.0,0.0,0.0,2.612748,-1.089967,-2.399892,2.428584,0.08761907,-2.805043,-0.01505001,0.9785601,-0.2030245,-0.03121899,23.47089,183.4368,358.9519,0.6878085,0.0281505,-0.7253453,0.06500525,0.004115117,-0.2038748,3.595791,-0.9854053,-3.674825,-0.1519229,-0.3011484,2.056565,-0.9975976,-0.01677825,0.06721035,-0.04213112,0.9171091,-0.3964037,-0.05498827,-0.3982831,-0.9156127,moving,-2.004244,29.10453,-4.22489,-8.330769,-2.3462494526587436,14.297576187695661
05/11/2023 10:30:49.372540,4396,True,True,True,True,Eyes,2.482852,0.09937716,-2.686478,0.02912996,-0.4868095,-0.8730223,0.0,0.0,0.0,0.0,0.0,0.0,0.0,2.629512,-1.079522,-2.394352,2.424622,0.08611026,-2.815389,-0.01651343,0.9785032,-0.2026047,-0.03478808,23.43121,183.8363,358.8622,0.686976,0.02806828,-0.7261371,0.06110493,0.00386821,-0.1916423,3.578939,-0.9862354,-3.702272,-0.1552477,-0.3032618,2.056828,-0.9970343,-0.01822042,0.0747719,-0.04641334,0.9173573,-0.3953497,-0.06138911,-0.3976476,-0.9154823,moving,-1.911068,29.14465,-4.316454,-8.387348,-2.3359753710433036,14.309718883885402
05/11/2023 10:30:49.390579,4397,True,True,True,True,Eyes,2.481428,0.0988148,-2.692345,0.0278126,-0.4875086,-0.8726751,0.0,0.0,0.0,0.0,0.0,0.0,0.0,2.644241,-1.070568,-2.389621,2.420234,0.08428517,-2.825557,-0.01775021,0.9784266,-0.2022751,-0.03809556,23.4017,184.2096,358.7935,0.6861303,0.02797727,-0.7269397,0.05743864,0.003636117,-0.1801438,3.562908,-0.9863034,-3.7291,-0.1585208,-0.3053428,2.057086,-0.9964675,-0.01932299,0.08172826,-0.05014613,0.9175395,-0.3944703,-0.06736656,-0.3971751,-0.9152671,moving,-1.825428,29.18934,-4.406552,-8.44303,-2.326790332940538,14.323149041660706
05/11/2023 10:30:49.411488,4398,True,True,True,True,Eyes,2.479866,0.09821408,-2.698391,0.02634392,-0.488191,-0.8723391,0.0,0.0,0.0,0.0,0.0,0.0,0.0,2.657322,-1.063007,-2.385813,2.415479,0.08294571,-2.835847,-0.01920314,0.9782786,-0.2022704,-0.04109499,23.41149,184.5399,358.692,0.6852691,0.02787756,-0.7277555,0.05399232,0.00341795,-0.1693352,3.546569,-0.9871016,-3.755325,-0.1616375,-0.3073238,2.057333,-0.9958849,-0.02094744,0.08817315,-0.05419664,0.9174359,-0.3941753,-0.07263625,-0.3973319,-0.9147958,moving,-1.729759,29.23288,-4.492301,-8.496002,-2.316318854266706,14.336298099842661
05/11/2023 10:30:49.422195,4399,True,True,True,True,Eyes,2.478172,0.09759086,-2.704607,0.02492039,-0.4889242,-0.8719702,0.0,0.0,0.0,0.0,0.0,0.0,0.0,2.6728,-1.052323,-2.38025,2.410578,0.08134053,-2.845932,-0.02123043,0.9780691,-0.2023677,-0.04446909,23.43743,184.9016,358.5303,0.684389,0.02776895,-0.7285873,0.05075278,0.003212873,-0.1591751,3.528341,-0.9889312,-3.782675,-0.1647817,-0.3093222,2.057584,-0.9951435,-0.02353144,0.09558039,-0.05952787,0.9171932,-0.393971,-0.07839499,-0.3977474,-0.9141396,moving,-1.637034,29.27988,-4.578764,-8.54941,-2.3063281255915893,14.350436470417812
05/11/2023 10:30:49.440619,4400,True,True,True,True,Eyes,2.476343,0.09693909,-2.710978,0.02335553,-0.4895473,-0.8716639,0.0,0.0,0.0,0.0,0.0,0.0,0.0,2.689023,-1.038946,-2.374929,2.405704,0.0800987,-2.855996,-0.02335056,0.9779311,-0.2020008,-0.04797162,23.41112,185.2765,358.3583,0.6834881,0.02765174,-0.729437,0.04770761,0.003020101,-0.1496246,3.509984,-0.9907005,-3.808961,-0.1679621,-0.3113437,2.057835,-0.994307,-0.02628987,0.1032595,-0.06505109,0.9173008,-0.3928454,-0.08439221,-0.3973261,-0.9137889,moving,-1.534827,29.31961,-4.666182,-8.603413,-2.294916938432693,14.362513520206836
05/11/2023 10:30:49.460542,4401,True,True,True,True,Eyes,2.474379,0.09628949,-2.717497,0.02181635,-0.4901077,-0.8713888,0.0,0.0,0.0,0.0,0.0,0.0,0.0,2.701234,-1.026262,-2.373313,2.400608,0.0787347,-2.865899,-0.02454723,0.9780033,-0.2007784,-0.05094075,23.28,185.6091,358.2808,0.6825646,0.02752607,-0.7303059,0.04484516,0.002838895,-0.1406471,3.492795,-0.9939316,-3.832768,-0.1711973,-0.3133999,2.058091,-0.993605,-0.02755894,0.1094975,-0.06847015,0.9181709,-0.3902231,-0.08978333,-0.3952249,-0.9141861,moving,-1.434175,29.35533,-4.755064,-8.658314,-2.283566896620325,14.37341780894253
05/11/2023 10:30:49.480189,4402,True,True,True,True,Eyes,2.472257,0.09577168,-2.724225,0.02023602,-0.4904156,-0.8712538,0.0,0.0,0.0,0.0,0.0,0.0,0.0,2.70925,-1.012466,-2.376796,2.395342,0.07815268,-2.875849,-0.02527838,0.9783118,-0.1985829,-0.0532171,23.03183,185.8679,358.2363,0.6816159,0.02739272,-0.7311964,0.04215445,0.002668561,-0.1322083,3.474545,-0.9970656,-3.857557,-0.1743301,-0.3153912,2.058341,-0.9930581,-0.02832426,0.1141655,-0.07059628,0.9198516,-0.3858615,-0.09408611,-0.3912425,-0.9154657,moving,-1.330531,29.3745,-4.841084,-8.711447,-2.271297835861157,14.379531511624823
05/11/2023 10:30:49.490618,4403,True,True,True,True,Eyes,2.469973,0.09549713,-2.731138,0.01880522,-0.4907126,-0.8711185,0.0,0.0,0.0,0.0,0.0,0.0,0.0,2.712256,-0.998486,-2.387464,2.389402,0.08080379,-2.887475,-0.02586266,0.9788781,-0.1953087,-0.05462063,22.65566,186.023,358.1808,0.6806405,0.02725619,-0.7321095,0.03962518,0.002508447,-0.1242758,3.455918,-0.9985164,-3.883073,-0.177574,-0.317453,2.058599,-0.9926956,-0.02929702,0.1170363,-0.07196856,0.9223713,-0.3795415,-0.09683147,-0.3851921,-0.9177424,moving,-1.236677,29.39314,-4.930109,-8.766428,-2.26022998216967,14.38543967753078
05/11/2023 10:30:49.512194,4404,True,True,True,True,Eyes,2.467527,0.09515549,-2.738253,0.01713922,-0.4909217,-0.8710351,0.0,0.0,0.0,0.0,0.0,0.0,0.0,2.711482,-0.9968671,-2.396712,2.383164,0.08638557,-2.898822,-0.02603901,0.9792075,-0.1934101,-0.05538324,22.43664,186.1106,358.1666,0.6796355,0.02712333,-0.7330475,0.03724767,0.00235794,-0.1168192,3.436011,-1.00088,-3.908844,-0.1807727,-0.3194866,2.058852,-0.9925093,-0.02957182,0.1185358,-0.07241854,0.923829,-0.375893,-0.09839094,-0.3816615,-0.9190505,moving,-1.127254,29.40592,-5.017852,-8.820638,-2.2470304934051573,14.389728100454938
05/11/2023 10:30:49.521250,4405,True,True,True,True,Eyes,2.464953,0.09489381,-2.745458,0.01539607,-0.4910662,-0.8709862,0.0,0.0,0.0,0.0,0.0,0.0,0.0,2.730258,-0.9804504,-2.389963,2.376838,0.08439353,-2.910503,-0.02766415,0.9791492,-0.1921825,-0.05972916,22.31234,186.6002,358.0663,0.678599,0.02699195,-0.734012,0.03501281,0.002216464,-0.1098101,3.415123,-1.001834,-3.935507,-0.183935,-0.3214965,2.059103,-0.9913344,-0.03121686,0.1276006,-0.07713246,0.9246011,-0.373046,-0.1063344,-0.3796554,-0.9189969,moving,-1.012689,29.41451,-5.104553,-8.874183,-2.2330525281082125,14.392826797141982
05/11/2023 10:30:49.540685,4406,True,True,True,True,Eyes,2.462218,0.09468525,-2.752776,0.01379499,-0.4911528,-0.8709642,0.0,0.0,0.0,0.0,0.0,0.0,0.0,2.737748,-0.9632224,-2.394045,2.371141,0.08606688,-2.919726,-0.02840173,0.9796054,-0.1890122,-0.06197654,21.95234,186.8541,358.0094,0.6775309,0.02686408,-0.7350027,0.03291204,0.002083476,-0.1032215,3.394337,-1.002432,-3.962196,-0.1873472,-0.3236654,2.059374,-0.9907044,-0.03221633,0.1321616,-0.07907361,0.9269356,-0.3667942,-0.1106886,-0.3738351,-0.9208665,moving,-0.9074183,29.41946,-5.198055,-8.931932,-2.2201113556654235,14.394819381278062
05/11/2023 10:30:49.563766,4407,True,True,True,True,Eyes,2.459317,0.09449938,-2.76023,0.01219022,-0.4914005,-0.8708484,0.0,0.0,0.0,0.0,0.0,0.0,0.0,2.726736,-0.9675359,-2.410653,2.364518,0.08714154,-2.929832,-0.02813738,0.9798084,-0.1883485,-0.06089851,21.87099,186.7289,358.0117,0.6764303,0.02674082,-0.7360201,0.03093732,0.001958468,-0.09702817,3.373212,-1.001859,-3.989138,-0.1904371,-0.3256295,2.059619,-0.9909995,-0.03219819,0.129937,-0.07807877,0.9274662,-0.3656639,-0.1087385,-0.372518,-0.9216326,moving,-0.8019797,29.43508,-5.282679,-8.984202,-2.207501655978659,14.39991157412895
05/11/2023 10:30:49.580348,4408,True,True,True,True,Eyes,2.456263,0.09442169,-2.767778,0.01058199,-0.4917639,-0.8706642,0.0,0.0,0.0,0.0,0.0,0.0,0.0,2.731904,-0.9575474,-2.414959,2.357614,0.08742167,-2.940448,-0.02998073,0.9797728,-0.1876819,-0.06262654,21.80979,186.8955,357.8246,0.6752964,0.02662236,-0.737065,0.0,0.0,0.0,3.352002,-0.9987698,-4.017315,-0.1937585,-0.3277404,2.059882,-0.9903582,-0.03524086,0.1339732,-0.08225632,0.9277533,-0.3640161,-0.1114659,-0.3715264,-0.921707,moving,-0.6963348,29.4584,-5.373598,-9.040349,-2.19512056538094,14.407241046879427
05/11/2023 10:30:49.590523,4409,True,True,True,True,Eyes,2.453078,0.09443717,-2.775426,0.008842612,-0.4926053,-0.870208,0.0,0.0,0.0,0.0,0.0,0.0,0.0,2.743997,-0.9479004,-2.410312,2.350905,0.08967926,-2.950058,-0.03441874,0.9791176,-0.1894756,-0.06513931,22.05657,187.0975,357.3584,0.6741291,0.02651118,-0.7381368,0.0,0.0,0.0,3.33062,-0.9940852,-4.045371,-0.1968681,-0.3297172,2.060129,-0.9891445,-0.04271537,0.1406011,-0.09208462,0.9258286,-0.3665538,-0.1145151,-0.3755219,-0.9197118,moving,-0.5821906,29.51323,-5.45867,-9.092894,-2.1827220467708965,14.423766294700577
05/11/2023 10:30:49.611817,4410,True,True,True,True,Eyes,2.449789,0.09455135,-2.783137,0.006892466,-0.4935487,-0.8696909,0.0,0.0,0.0,0.0,0.0,0.0,0.0,2.767195,-0.9361312,-2.394086,2.344569,0.09164217,-2.959721,-0.03988057,0.9780458,-0.1923508,-0.06955024,22.44542,187.5042,356.821,0.6729282,0.02640907,-0.7392355,0.0,0.0,0.0,3.310663,-0.9851021,-4.073946,-0.2001053,-0.3317741,2.060387,-0.9871448,-0.05125395,0.1513887,-0.1047661,0.9228214,-0.3707084,-0.1207045,-0.3818032,-0.9163279,moving,-0.4540705,29.57487,-5.547183,-9.147536,-2.1688086337438195,14.442342952654343
05/11/2023 10:30:49.620850,4411,True,True,True,True,Eyes,2.446407,0.09474112,-2.790873,0.004676509,-0.4947258,-0.8690366,0.0,0.0,0.0,0.0,0.0,0.0,0.0,2.793324,-0.9247435,-2.37349,2.338792,0.09393255,-2.968584,-0.0437963,0.9771567,-0.1940445,-0.07479016,22.69186,188.0481,356.4849,0.6716946,0.02631776,-0.7403598,0.0,0.0,0.0,3.285482,-0.9849582,-4.097754,-0.2030816,-0.3336667,2.060623,-0.9849768,-0.05656645,0.1631603,-0.1146169,0.9208572,-0.3726728,-0.1291665,-0.3857749,-0.9135065,moving,-0.3083203,29.65203,-5.628525,-9.197797,-2.153213077817907,14.465519798155892
05/11/2023 10:30:49.640713,4412,True,True,True,True,Eyes,2.442937,0.09496213,-2.798633,0.00223434,-0.4957976,-0.8684352,0.0,0.0,0.0,0.0,0.0,0.0,0.0,2.812706,-0.9173744,-2.358013,2.333173,0.0958967,-2.976613,-0.04554529,0.9766766,-0.194332,-0.07914314,22.75603,188.537,356.3811,0.6704299,0.02623826,-0.7415081,0.0,0.0,0.0,3.256463,-0.9829848,-4.127158,-0.2062953,-0.3357092,2.060877,-0.9833241,-0.05820594,0.1722963,-0.1197261,0.9203214,-0.3723898,-0.1368927,-0.3868082,-0.911943,moving,-0.1474122,29.72244,-5.716308,-9.252007,-2.135507670681598,14.486816264212838
05/11/2023 10:30:49.660410,4413,True,True,True,True,Eyes,2.43937,0.09519846,-2.806419,-0.0004383087,-0.496815,-0.8678563,0.0,0.0,0.0,0.0,0.0,0.0,0.0,2.827653,-0.9140655,-2.346164,2.327595,0.09695405,-2.984714,-0.04502668,0.9765925,-0.1932343,-0.08306877,22.63771,189.0292,356.5313,0.6691358,0.02617024,-0.7426786,0.0,0.0,0.0,3.230669,-0.9749751,-4.154317,-0.2097018,-0.3378744,2.061148,-0.9821447,-0.05584195,0.1796501,-0.1200489,0.9212662,-0.3699418,-0.1448473,-0.384903,-0.9115205,moving,0.02893709,29.78951,-5.809302,-9.309435,-2.115769761235039,14.507224158138538
05/11/2023 10:30:49.670372,4414,True,True,True,True,Eyes,2.347543,0.1027063,-3.001706,-0.07203078,-0.5160104,-0.8535483,0.0,0.0,0.0,0.0,0.0,0.0,0.0,2.839705,-0.9122613,-2.336935,2.321642,0.09773915,-2.992964,-0.04315111,0.9767835,-0.1910599,-0.08676588,22.37929,189.5249,356.8294,0.6678128,0.02611294,-0.7438706,0.0,0.0,0.0,3.201953,-0.9752311,-4.179581,-0.212915,-0.3399175,2.061402,-0.9812195,-0.05114363,0.1859918,-0.1174535,0.9232682,-0.3657601,-0.153014,-0.3807363,-0.9119359,moving,4.82375,31.15495,-5.89697,-9.363598,-1.5639797670328597,14.929048127959845
05/11/2023 10:30:49.700633,4415,True,True,True,True,Eyes,2.3473,0.102756,-3.00204,-0.07230268,-0.516002,-0.8535305,0.0,0.0,0.0,0.0,0.0,0.0,0.0,2.850749,-0.9056326,-2.331635,2.315908,0.0990988,-3.0017,-0.04225729,0.9769908,-0.1886821,-0.09001447,22.10399,189.9406,356.993,0.6615164,0.02624567,-0.7494708,-0.2754786,0.02252345,-0.5858617,3.171832,-0.9740448,-4.205149,-0.2159281,-0.341832,2.061641,-0.9802237,-0.0486017,0.191833,-0.1165382,0.9252267,-0.3610739,-0.1599402,-0.3762889,-0.9125931,moving,4.841973,31.15507,-5.979133,-9.414325,-1.561715236080734,14.929179057133105
05/11/2023 10:30:49.712008,4416,True,True,True,True,Eyes,2.346854,0.102802,-3.00271,-0.07289764,-0.5159225,-0.8535279,0.0,0.0,0.0,0.0,0.0,0.0,0.0,2.868904,-0.8888441,-2.320255,2.309815,0.1003387,-3.009805,-0.04344437,0.9768992,-0.186729,-0.09440783,21.90284,190.4465,356.9341,0.6562045,0.0263505,-0.7541223,-0.2589499,0.02117204,-0.55071,3.146195,-0.9784371,-4.224139,-0.2192867,-0.3439665,2.061908,-0.9783994,-0.04962418,0.2006785,-0.1201389,0.9264897,-0.3566279,-0.1682292,-0.3730338,-0.9124388,moving,4.88164,31.15124,-6.070665,-9.470842,-1.5566507966929313,14.928275910660101
05/11/2023 10:30:49.730561,4417,True,True,True,True,Eyes,2.346208,0.1028843,-3.003671,-0.07310466,-0.5159481,-0.8534948,0.0,0.0,0.0,0.0,0.0,0.0,0.0,2.894329,-0.8649809,-2.302105,2.30406,0.1007799,-3.017644,-0.0461554,0.976479,-0.1853772,-0.09996918,21.79347,191.0598,356.7231,0.651709,0.02643326,-0.7580079,-0.2434129,0.01990172,-0.5176674,3.120193,-0.9841552,-4.241274,-0.2223361,-0.3459053,2.062149,-0.9757517,-0.05307554,0.2123479,-0.1272036,0.9270099,-0.3528055,-0.1781233,-0.371262,-0.911283,moving,4.895625,31.15348,-6.153725,-9.52216,-1.5549838464645027,14.929000174181532
05/11/2023 10:30:49.740704,4418,True,True,True,True,Eyes,2.34537,0.1030233,-3.004902,-0.07356073,-0.5159732,-0.8534405,0.0,0.0,0.0,0.0,0.0,0.0,0.0,2.917628,-0.8430363,-2.285341,2.298609,0.1016325,-3.025246,-0.04907747,0.9759784,-0.1844605,-0.1050331,21.73835,191.6086,356.4789,0.6478878,0.02649964,-0.7612742,-0.2288081,0.01870762,-0.4866073,3.096682,-0.9832137,-4.262722,-0.2256397,-0.3480051,2.062411,-0.973119,-0.05704818,0.2231257,-0.134546,0.9271314,-0.3497494,-0.1869143,-0.3703685,-0.9098848,moving,4.926329,31.15632,-6.243656,-9.5777,-1.5512554429029102,14.929986836141214
05/11/2023 10:30:49.760838,4419,True,True,True,True,Eyes,2.34537,0.1030233,-3.004902,-0.07356073,-0.5159732,-0.8534405,0.0,0.0,0.0,0.0,0.0,0.0,0.0,2.937577,-0.8269065,-2.270086,2.293194,0.1030154,-3.032666,-0.05178214,0.9753964,-0.1842329,-0.1094478,21.76096,192.0842,356.2533,0.6446214,0.02655475,-0.7640401,-0.2150796,0.01758516,-0.4574109,3.074943,-0.9814162,-4.280738,-0.2288076,-0.3500191,2.062661,-0.9706798,-0.06068846,0.2325899,-0.141344,0.9267537,-0.3480653,-0.19443,-0.370735,-0.9081591,moving,4.926329,31.15632,-6.32985,-9.630948,-1.5512554429029102,14.929986836141214
05/11/2023 10:30:49.770556,4420,True,True,True,True,Eyes,2.34537,0.1030233,-3.004902,-0.07356073,-0.5159732,-0.8534405,0.0,0.0,0.0,0.0,0.0,0.0,0.0,2.95905,-0.816192,-2.250628,2.28754,0.1035099,-3.040381,-0.05383579,0.974642,-0.184665,-0.114339,21.85603,192.6337,356.1256,0.6417066,0.02660274,-0.7664882,-0.2021748,0.01653005,-0.4299662,3.053184,-0.9861387,-4.297754,-0.2320249,-0.3520635,2.062917,-0.9680566,-0.06271241,0.2427624,-0.1471701,0.9260011,-0.3476535,-0.2029961,-0.3722756,-0.9056509,moving,4.926329,31.15632,-6.417325,-9.684958,-1.5512554429029102,14.929986836141214
05/11/2023 10:30:49.790584,4421,True,True,True,True,Eyes,2.343873,0.1032479,-3.006987,-0.07390738,-0.516311,-0.853206,0.0,0.0,0.0,0.0,0.0,0.0,0.0,2.984046,-0.8109754,-2.223198,2.281735,0.1041822,-3.047565,-0.05516962,0.9736731,-0.185684,-0.1201596,22.01501,193.3145,356.1152,0.6390753,0.02664561,-0.768682,-0.1900444,0.01553825,-0.4041682,3.025571,-0.9895711,-4.315582,-0.2352245,-0.3540969,2.063173,-0.9650359,-0.06281092,0.2544805,-0.1520578,0.9249555,-0.3483328,-0.2135041,-0.3748494,-0.9021661,moving,4.950781,31.17991,-6.504269,-9.738644,-1.5489905839090552,14.93696663724344
05/11/2023 10:30:49.812281,4422,True,True,True,True,Eyes,2.342208,0.103511,-3.00926,-0.07480748,-0.5167717,-0.8528486,0.0,0.0,0.0,0.0,0.0,0.0,0.0,3.011857,-0.805982,-2.190246,2.275896,0.1051916,-3.054063,-0.05668422,0.9724935,-0.1871069,-0.1266266,22.22693,194.0721,356.106,0.636651,0.02668933,-0.7706896,-0.1786417,0.01460595,-0.3799182,3.002292,-0.9988518,-4.327303,-0.2384257,-0.3561316,2.063426,-0.9615052,-0.06286467,0.267499,-0.1576355,0.9235559,-0.349565,-0.2250749,-0.3782759,-0.8979134,moving,5.01286,31.21318,-6.59121,-9.792342,-1.542361399391711,14.946956036979554
05/11/2023 10:30:49.830369,4423,True,True,True,True,Eyes,2.340441,0.1037704,-3.011694,-0.0741844,-0.5175072,-0.852457,0.0,0.0,0.0,0.0,0.0,0.0,0.0,3.047823,-0.798603,-2.145657,2.270259,0.1063846,-3.0603,-0.05813995,0.9710205,-0.1885055,-0.1349251,22.44364,195.0575,356.1511,0.6344086,0.02673486,-0.772535,-0.1679232,0.01372959,-0.3571231,2.978625,-1.009083,-4.338094,-0.2416702,-0.3581939,2.063684,-0.9568302,-0.06204195,0.2839494,-0.1637784,0.9221709,-0.3503962,-0.2401106,-0.3817744,-0.892522,moving,4.97359,31.26098,-6.679271,-9.846736,-1.5488285153373647,14.960630805300333
05/11/2023 10:30:49.840605,4424,True,True,True,True,Eyes,2.338549,0.1040158,-3.014255,-0.07409191,-0.5183481,-0.851954,0.0,0.0,0.0,0.0,0.0,0.0,0.0,3.081786,-0.8009374,-2.098692,2.265309,0.1067134,-3.066008,-0.057786,0.9695467,-0.1901504,-0.1431182,22.65988,196.0764,356.4199,0.6323271,0.02678189,-0.774238,-0.1578478,0.01290582,-0.3356957,2.955421,-1.020185,-4.347964,-0.2447914,-0.3601783,2.06393,-0.9523558,-0.05762446,0.2994957,-0.1664804,0.9210072,-0.3521789,-0.2555436,-0.3852598,-0.8867199,moving,4.970338,31.31728,-6.763938,-9.899052,-1.5510926332806747,14.976963999727069
05/11/2023 10:30:49.860650,4425,True,True,True,True,Eyes,2.336523,0.1042486,-3.016945,-0.07441854,-0.5192372,-0.851384,0.0,0.0,0.0,0.0,0.0,0.0,0.0,3.102573,-0.8185125,-2.063431,2.260444,0.1068801,-3.07126,-0.05487686,0.9685591,-0.1915526,-0.1489609,22.79338,196.8695,356.9386,0.6303874,0.02682991,-0.7758165,-0.1483769,0.01213147,-0.3155539,2.931748,-1.031598,-4.357202,-0.2481093,-0.3622875,2.064193,-0.9495983,-0.04923524,0.3095786,-0.1633707,0.9205922,-0.3547111,-0.2675314,-0.3874091,-0.8822364,moving,4.995465,31.37794,-6.853885,-9.95462,-1.5499679733505705,14.994713027870489
05/11/2023 10:30:49.871112,4426,True,True,True,True,Eyes,2.33438,0.1044709,-3.01977,-0.07520375,-0.520233,-0.8507068,0.0,0.0,0.0,0.0,0.0,0.0,0.0,3.122585,-0.8345768,-2.028947,2.255181,0.1070324,-3.076749,-0.05238274,0.9675004,-0.1930396,-0.1547076,22.93832,197.6441,357.409,0.6285719,0.02687849,-0.7772864,-0.1394743,0.01140358,-0.2966207,2.907802,-1.042404,-4.366439,-0.251252,-0.3642848,2.064443,-0.9466431,-0.04163126,0.3195832,-0.16109,0.9199835,-0.3573239,-0.2791354,-0.38974,-0.8776024,moving,5.051899,31.44705,-6.939028,-10.00721,-1.5452251139899613,15.015081122990946
05/11/2023 10:30:49.890523,4427,True,True,True,True,Eyes,2.332135,0.1046899,-3.022701,-0.0762073,-0.5212105,-0.8500189,0.0,0.0,0.0,0.0,0.0,0.0,0.0,3.144625,-0.8447238,-1.993573,2.250262,0.1071687,-3.082432,-0.05100234,0.9662841,-0.1946097,-0.1606892,23.10937,198.4244,357.7554,0.626865,0.02692731,-0.778662,-0.1311059,0.01071937,-0.2788235,2.885094,-1.050611,-4.376844,-0.2545989,-0.3664119,2.064709,-0.9431558,-0.03602216,0.330394,-0.1611089,0.9190516,-0.3597054,-0.2906918,-0.3924875,-0.8726124,moving,5.12308,31.51559,-7.029646,-10.06318,-1.538627647194572,15.03536143427668
05/11/2023 10:30:49.912596,4428,True,True,True,True,Eyes,2.329757,0.1049301,-3.025765,-0.07756756,-0.5222131,-0.8492802,0.0,0.0,0.0,0.0,0.0,0.0,0.0,3.159151,-0.8575219,-1.967803,2.245597,0.1074658,-3.087648,-0.04923022,0.9653867,-0.1958621,-0.1650547,23.2296,199.0148,358.1044,0.6252534,0.02697622,-0.7799549,-0.1232395,0.0100762,-0.2620941,2.863935,-1.05492,-4.389101,-0.2577198,-0.3683957,2.064956,-0.9406667,-0.03039648,0.3379679,-0.1597083,0.9184288,-0.3619139,-0.2993985,-0.3944166,-0.86879,moving,5.218534,31.5869,-7.114095,-10.11536,-1.5291000294702046,15.056574171528485
05/11/2023 10:30:49.920314,4429,True,True,True,True,Eyes,2.327241,0.1052077,-3.028962,-0.07918596,-0.5230097,-0.8486403,0.0,0.0,0.0,0.0,0.0,0.0,0.0,3.177659,-0.8594215,-1.94003,2.24008,0.1082696,-3.093567,-0.04874659,0.9644008,-0.196382,-0.1702621,23.28975,199.6754,358.3062,0.6237239,0.02702576,-0.7811769,-0.1158451,0.009471632,-0.2463684,2.843779,-1.057914,-4.401961,-0.2607594,-0.3703273,2.065199,-0.9372693,-0.02714969,0.3475476,-0.1608953,0.9181158,-0.3621825,-0.3092558,-0.3953812,-0.86489,moving,5.330789,31.64516,-7.196289,-10.16612,-1.5170499631212255,15.07408558066097
05/11/2023 10:30:49.940201,4430,True,True,True,True,Eyes,2.324605,0.105478,-3.032279,-0.08123469,-0.5236761,-0.8480355,0.0,0.0,0.0,0.0,0.0,0.0,0.0,3.201116,-0.8475541,-1.909384,2.234328,0.1094804,-3.099521,-0.04918678,0.9634562,-0.1953428,-0.1765623,23.18974,200.4395,358.3917,0.6222646,0.02707685,-0.7823381,-0.1088944,0.008903334,-0.2315863,2.823969,-1.059638,-4.416048,-0.2640098,-0.372393,2.065457,-0.932813,-0.02579826,0.3594366,-0.1637589,0.9188437,-0.3590394,-0.3210035,-0.3937775,-0.861334,moving,5.471759,31.69602,-7.284135,-10.22038,-1.5011809210963114,15.089599319688372
05/11/2023 10:30:49.960400,4431,True,True,True,True,Eyes,2.321858,0.1057172,-3.035711,-0.08348513,-0.5240184,-0.8476054,0.0,0.0,0.0,0.0,0.0,0.0,0.0,3.226451,-0.8277209,-1.878165,2.228856,0.1096554,-3.105283,-0.05001262,0.9625431,-0.193441,-0.1832761,22.99948,201.2397,358.4205,0.6208646,0.02712913,-0.7834477,-0.1023608,0.008369134,-0.2176911,2.805678,-1.060329,-4.430185,-0.2672637,-0.3744613,2.065715,-0.9278173,-0.0253724,0.3721713,-0.1671848,0.9201587,-0.3540583,-0.3334733,-0.3907228,-0.8579811,moving,5.62522,31.72577,-7.372016,-10.27469,-1.4830597823986946,15.099048264995368
05/11/2023 10:30:49.970798,4432,True,True,True,True,Eyes,2.318983,0.1059184,-3.039235,-0.08611767,-0.5242929,-0.8471721,0.0,0.0,0.0,0.0,0.0,0.0,0.0,3.249464,-0.8077767,-1.850148,2.223504,0.1091606,-3.111057,-0.05070036,0.9617168,-0.1913551,-0.189509,22.78505,201.9819,358.4467,0.619515,0.02718165,-0.7845135,-0.09621911,0.007866986,-0.2046297,2.788612,-1.06173,-4.443669,-0.2703118,-0.3763989,2.065958,-0.9230316,-0.02499172,0.3839115,-0.1700458,0.9216254,-0.3488425,-0.3451045,-0.3872752,-0.8549391,moving,5.804355,31.75229,-7.454288,-10.32552,-1.4616359406440744,15.10769453551066
05/11/2023 10:30:49.991330,4433,True,True,True,True,Eyes,2.315981,0.1060718,-3.042866,-0.08893768,-0.5245634,-0.8467132,0.0,0.0,0.0,0.0,0.0,0.0,0.0,3.271589,-0.7928984,-1.819243,2.217658,0.1085031,-3.116384,-0.05111122,0.96069,-0.1900577,-0.1958069,22.65548,202.7446,358.5237,0.6182079,0.0272334,-0.7855422,-0.09044596,0.007394967,-0.1923519,2.772371,-1.063526,-4.456511,-0.2734771,-0.3784111,2.066207,-0.9180944,-0.02377483,0.3956477,-0.1726333,0.9225314,-0.3451572,-0.3567914,-0.385189,-0.8510754,moving,5.996288,31.77942,-7.539678,-10.3783,-1.4386390822984798,15.11658543542633
05/11/2023 10:30:50.013413,4434,True,True,True,True,Eyes,2.312871,0.1061597,-3.046584,-0.09212369,-0.5249208,-0.8461509,0.0,0.0,0.0,0.0,0.0,0.0,0.0,3.296377,-0.776432,-1.783792,2.211704,0.1075173,-3.122125,-0.05237541,0.9592905,-0.1896019,-0.202657,22.64343,203.5636,358.5323,0.6169363,0.02728316,-0.7865396,-0.0850192,0.006951269,-0.1808108,2.755061,-1.066611,-4.469325,-0.2767807,-0.3805113,2.066467,-0.9123741,-0.02363812,0.4086749,-0.1773348,0.9226158,-0.3425382,-0.3689529,-0.3849952,-0.8459628,moving,6.213538,31.81394,-7.628742,-10.43336,-1.4127346847005509,15.127755981039972
05/11/2023 10:30:50.020635,4435,True,True,True,True,Eyes,2.30966,0.1061935,-3.050393,-0.09552382,-0.5254909,-0.8454197,0.0,0.0,0.0,0.0,0.0,0.0,0.0,3.32509,-0.7547516,-1.741491,2.206118,0.1059428,-3.127377,-0.05529079,0.9573374,-0.1903838,-0.210243,22.81594,204.4487,358.3954,0.6156927,0.02732945,-0.7875118,-0.07991805,0.006534193,-0.1699621,2.739145,-1.06998,-4.481212,-0.2799715,-0.3825397,2.06672,-0.9054819,-0.02581017,0.4235998,-0.1859176,0.9213938,-0.3412742,-0.381494,-0.3877721,-0.8391039,moving,6.446499,31.86401,-7.714702,-10.48649,-1.3853880345054694,15.143525308325192
05/11/2023 10:30:50.040174,4436,True,True,True,True,Eyes,2.30636,0.1061888,-3.054285,-0.09928457,-0.5262684,-0.8445023,0.0,0.0,0.0,0.0,0.0,0.0,0.0,3.356793,-0.7271755,-1.694503,2.200679,0.1045188,-3.132774,-0.05976437,0.9549205,-0.1919771,-0.2184029,23.1258,205.3793,358.1129,0.6144719,0.0273712,-0.7884633,-0.07512297,0.006142142,-0.1597644,2.724119,-1.074493,-4.492442,-0.283251,-0.3846232,2.066983,-0.8974568,-0.03028373,0.4400617,-0.1979972,0.9191461,-0.3405403,-0.3941681,-0.3927512,-0.8308899,moving,6.705244,31.92992,-7.802979,-10.54101,-1.3553547693979517,15.164030746657886
05/11/2023 10:30:50.060614,4437,True,True,True,True,Eyes,2.302961,0.1061314,-3.058269,-0.105815,-0.5276753,-0.8428297,0.0,0.0,0.0,0.0,0.0,0.0,0.0,3.390383,-0.7011778,-1.640589,2.195449,0.1034147,-3.138023,-0.06446759,0.9520536,-0.1944514,-0.2272148,23.55019,206.3978,357.8502,0.6132693,0.02740783,-0.7893978,-0.07061559,0.005773613,-0.1501785,2.707107,-1.079716,-4.503441,-0.2864029,-0.3866271,2.067233,-0.888435,-0.03438878,0.4577129,-0.2111176,0.9160652,-0.3409603,-0.4075696,-0.3995523,-0.8211244,moving,7.155893,32.04969,-7.887782,-10.59344,-1.3032110069312541,15.201189713493381
05/11/2023 10:30:50.080142,4438,True,True,True,True,Eyes,2.299486,0.1060317,-3.062324,-0.112628,-0.5292649,-0.840948,0.0,0.0,0.0,0.0,0.0,0.0,0.0,3.42488,-0.6806296,-1.580316,2.190321,0.1021301,-3.143647,-0.06814751,0.9489146,-0.1972092,-0.236697,23.98704,207.5326,357.7434,0.6120801,0.02743848,-0.7903191,-0.06637865,0.005427197,-0.1411678,2.691736,-1.083092,-4.514503,-0.2895426,-0.3886229,2.067482,-0.8786612,-0.03597469,0.4760892,-0.22269,0.9129289,-0.3420087,-0.422332,-0.40653,-0.8101665,moving,7.628222,32.18496,-7.972194,-10.64562,-1.2488802884331491,15.242964412384563
05/11/2023 10:30:50.090812,4439,True,True,True,True,Eyes,2.295935,0.1059192,-3.066472,-0.1197057,-0.5309035,-0.838935,0.0,0.0,0.0,0.0,0.0,0.0,0.0,3.455675,-0.6635008,-1.522669,2.185243,0.1009781,-3.148802,-0.07088795,0.9459519,-0.1995073,-0.2456559,24.34793,208.6255,357.7296,0.6109009,0.02746262,-0.7912301,-0.06239593,0.005101565,-0.1326977,2.675889,-1.089767,-4.52425,-0.292736,-0.3906523,2.067735,-0.8692563,-0.03609291,0.4930426,-0.2321334,0.9103435,-0.3426205,-0.436472,-0.4122767,-0.7997001,moving,8.120587,32.32687,-8.058002,-10.69866,-1.1922746685143653,15.286773102361966
05/11/2023 10:30:50.113251,4440,True,True,True,True,Eyes,2.292311,0.1057871,-3.070701,-0.1271555,-0.5326263,-0.836744,0.0,0.0,0.0,0.0,0.0,0.0,0.0,3.486507,-0.6492853,-1.46169,2.180004,0.1005546,-3.15457,-0.07250746,0.9429862,-0.2010957,-0.2551082,24.5984,209.8067,357.8479,0.6097283,0.02748056,-0.7921335,-0.05865218,0.004795471,-0.1247359,2.659538,-1.093522,-4.535761,-0.2958572,-0.3926367,2.067982,-0.8593249,-0.03414478,0.5102888,-0.2393494,0.9086064,-0.3422664,-0.4519651,-0.4162554,-0.7889608,moving,8.640823,32.47864,-8.141808,-10.75048,-1.1325251451979297,15.333592227804946
05/11/2023 10:30:50.120768,4441,True,True,True,True,Eyes,2.28861,0.1056295,-3.075016,-0.134802,-0.5342476,-0.8345106,0.0,0.0,0.0,0.0,0.0,0.0,0.0,3.515076,-0.6402503,-1.400365,2.174875,0.100055,-3.16016,-0.07276372,0.940158,-0.2021458,-0.2644723,24.74534,211.0094,358.1136,0.60856,0.02749237,-0.7930311,-0.05513305,0.004507742,-0.1172517,2.646812,-1.094715,-4.548204,-0.2992655,-0.3948029,2.068253,-0.8495197,-0.02989483,0.5267093,-0.2437427,0.907685,-0.34161,-0.4678738,-0.4185859,-0.778383,moving,9.175964,32.62708,-8.233262,-10.80702,-1.0708101975414073,15.379522858240126
05/11/2023 10:30:50.140465,4442,True,True,True,True,Eyes,2.284832,0.1054448,-3.079417,-0.1428117,-0.5358911,-0.8321211,0.0,0.0,0.0,0.0,0.0,0.0,0.0,3.541395,-0.6339963,-1.340271,2.169508,0.09939308,-3.16593,-0.07245322,0.9373787,-0.2030311,-0.2735878,24.85218,212.1971,358.4377,0.6073926,0.027498,-0.7939253,-0.05182507,0.004237278,-0.1102166,2.633256,-1.095075,-4.562019,-0.3024237,-0.3968105,2.068502,-0.8398007,-0.02473855,0.5423312,-0.2469258,0.9070578,-0.3409894,-0.4834902,-0.4202786,-0.7678565,moving,9.738439,32.78179,-8.31795,-10.85939,-1.005899636278235,15.427418504537432
05/11/2023 10:30:50.160360,4443,True,True,True,True,Eyes,2.188563,0.1008381,-3.191648,-0.3436364,-0.5625275,-0.751982,0.0,0.0,0.0,0.0,0.0,0.0,0.0,3.567779,-0.6215813,-1.279902,2.164099,0.09870574,-3.171827,-0.07255995,0.9345561,-0.2031932,-0.2829356,24.88829,213.3995,358.6961,0.6062231,0.02749733,-0.7948188,-0.04871556,0.003983041,-0.1036036,2.620891,-1.096863,-4.574464,-0.3056621,-0.3988689,2.068759,-0.8293651,-0.02064149,0.5583258,-0.2506039,0.9068951,-0.3387313,-0.499351,-0.4208505,-0.75732,moving,24.55918,36.79868,-8.404724,-10.91305,0.7064066784879832,16.672123156182167
05/11/2023 10:30:50.170486,4444,True,True,True,True,Eyes,2.188346,0.1008065,-3.191916,-0.3442408,-0.562527,-0.7517058,0.0,0.0,0.0,0.0,0.0,0.0,0.0,3.594079,-0.6051,-1.218524,2.15874,0.09861824,-3.177808,-0.07302917,0.9316427,-0.2028927,-0.292478,24.88294,214.6158,358.9016,0.6018464,0.02734366,-0.7981433,-0.3346,-0.01007593,-0.4340812,2.608508,-1.099224,-4.586376,-0.3086488,-0.400767,2.068997,-0.8182468,-0.01739091,0.574604,-0.2547574,0.9070026,-0.335328,-0.5153356,-0.4207657,-0.7465824,moving,24.60523,36.80876,-8.484697,-10.9625,0.7118063330161106,16.67529333029136
05/11/2023 10:30:50.191211,4445,True,True,True,True,Eyes,2.187914,0.1007517,-3.192461,-0.3451006,-0.5624141,-0.7513961,0.0,0.0,0.0,0.0,0.0,0.0,0.0,3.618767,-0.5826799,-1.16188,2.153578,0.09787662,-3.183939,-0.07424654,0.9288038,-0.202232,-0.3015181,24.86244,215.7477,358.9916,0.5981382,0.02721219,-0.8009306,-0.314524,-0.009471376,-0.4080363,2.594346,-1.100376,-4.597793,-0.3086999,-0.4008002,2.069,-0.8071488,-0.01596772,0.5901324,-0.2598742,0.9071793,-0.3308944,-0.5300723,-0.4204411,-0.7363783,moving,24.66833,36.81457,-8.486071,-10.96337,0.719469475894472,16.677313329050296
05/11/2023 10:30:50.214147,4446,True,True,True,True,Eyes,2.187285,0.1006702,-3.193266,-0.3465554,-0.5622887,-0.7508202,0.0,0.0,0.0,0.0,0.0,0.0,0.0,3.644037,-0.5543712,-1.103402,2.14826,0.0972594,-3.19051,-0.07608914,0.9257678,-0.2011942,-0.3109427,24.8243,216.9129,359.0049,0.5948804,0.02709532,-0.8033571,-0.2956526,-0.008903094,-0.3835541,2.579438,-1.101946,-4.60889,-0.3086999,-0.4007998,2.069001,-0.7950501,-0.01576196,0.606339,-0.2660015,0.9074627,-0.3251995,-0.5451041,-0.419837,-0.725671,static,24.77658,36.82952,-8.486068,-10.96335,0.7324512798571228,16.682225767037835
05/11/2023 10:30:50.230414,4447,True,True,True,True,Eyes,2.186464,0.1005594,-3.194326,-0.3482752,-0.561983,-0.7502529,0.0,0.0,0.0,0.0,0.0,0.0,0.0,3.667684,-0.5296884,-1.044417,2.143211,0.09658551,-3.196966,-0.07730241,0.9227239,-0.2001306,-0.3202387,24.76143,218.0789,359.0864,0.5919198,0.02698747,-0.8055445,-0.2779134,-0.008368908,-0.3605409,2.564111,-1.101507,-4.621048,-0.3086999,-0.4008,2.069,-0.7829433,-0.01447845,0.6219249,-0.2708367,0.9079441,-0.3198201,-0.5600426,-0.418841,-0.7147902,static,24.90122,36.83534,-8.486073,-10.96336,0.7477749121001165,16.684573135057843
05/11/2023 10:30:50.240202,4448,True,True,True,True,Eyes,2.18545,0.100431,-3.195637,-0.3505707,-0.5616381,-0.7494416,0.0,0.0,0.0,0.0,0.0,0.0,0.0,3.688873,-0.5095907,-0.9878731,2.138022,0.09583913,-3.203598,-0.07772547,0.9198371,-0.198852,-0.3291143,24.64433,219.2074,359.2372,0.5892221,0.02688698,-0.8075232,-0.2612386,-0.007866774,-0.3389084,2.549015,-1.098481,-4.634751,-0.3087003,-0.4007997,2.069001,-0.7712849,-0.0120995,0.6363748,-0.2738796,0.9088333,-0.3146617,-0.5745513,-0.416984,-0.7042831,static,25.06906,36.84821,-8.486079,-10.96335,0.7682434809511167,16.689195694621386
05/11/2023 10:30:50.260254,4449,True,True,True,True,Eyes,2.184255,0.100268,-3.197198,-0.3530701,-0.5611913,-0.7486026,0.0,0.0,0.0,0.0,0.0,0.0,0.0,3.709548,-0.4884419,-0.9298778,2.132678,0.09537832,-3.210385,-0.07813589,0.9168462,-0.1972982,-0.3381739,24.49609,220.358,359.3807,0.5867555,0.02679266,-0.8093204,-0.2455643,-0.007394767,-0.3185739,2.53553,-1.091261,-4.650537,-0.3087001,-0.4007997,2.069001,-0.7590666,-0.009835,0.650939,-0.2767193,0.9099365,-0.308937,-0.5892748,-0.4146311,-0.693424,static,25.25039,36.85713,-8.486073,-10.96335,0.7905218029047927,16.69274224165977
05/11/2023 10:30:50.280610,4450,True,True,True,True,Eyes,2.182892,0.1000696,-3.199008,-0.3561402,-0.5607077,-0.7475098,0.0,0.0,0.0,0.0,0.0,0.0,0.0,3.730386,-0.4657551,-0.8681698,2.127478,0.09434593,-3.217352,-0.07857469,0.9135922,-0.1957146,-0.3476652,24.34575,221.5669,359.5293,0.5844916,0.02670297,-0.8109598,-0.2308304,-0.006951081,-0.2994595,2.524348,-1.076801,-4.670293,-0.3087003,-0.4007996,2.069002,-0.74591,-0.00748417,0.6660048,-0.2796567,0.9110436,-0.3029713,-0.604492,-0.412242,-0.6816496,static,25.47478,36.87359,-8.486073,-10.96334,0.8179114514220094,16.698705545241882
05/11/2023 10:30:50.290291,4451,True,True,True,True,Eyes,2.181363,0.09985844,-3.201045,-0.3600857,-0.5602396,-0.7459692,0.0,0.0,0.0,0.0,0.0,0.0,0.0,3.749485,-0.4475688,-0.8076053,2.122399,0.09342279,-3.224573,-0.07838624,0.9104022,-0.194111,-0.3568532,24.16608,222.7514,359.737,0.5824053,0.02661649,-0.8124623,-0.2169806,-0.006534016,-0.2814919,2.515006,-1.064414,-4.686272,-0.3087,-0.4007998,2.069,-0.7330228,-0.00418775,0.6801913,-0.2812643,0.912353,-0.2974935,-0.6193287,-0.409383,-0.6699535,static,25.767,36.90737,-8.486072,-10.96336,0.8531729432529163,16.71005645787361
05/11/2023 10:30:50.310404,4452,True,True,True,True,Eyes,2.179659,0.09960373,-3.203318,-0.3645149,-0.5597053,-0.744217,0.0,0.0,0.0,0.0,0.0,0.0,0.0,3.765689,-0.4355558,-0.7513514,2.117211,0.09318343,-3.231622,-0.07758446,0.9074473,-0.1925964,-0.365276,23.96771,223.8513,359.9933,0.580474,0.02653256,-0.8138461,-0.2039618,-0.006141975,-0.2646024,2.493772,-1.062057,-4.701781,-0.3087001,-0.4007998,2.069001,-0.7211083,-0.0001059331,0.6928226,-0.2815093,0.9137745,-0.2928627,-0.6330526,-0.4062217,-0.6589602,static,26.09545,36.94582,-8.486072,-10.96335,0.8927903086490256,16.722954626558078
05/11/2023 10:30:50.321094,4453,True,True,True,True,Eyes,2.177722,0.0993906,-3.205778,-0.3768245,-0.5579166,-0.7394135,0.0,0.0,0.0,0.0,0.0,0.0,0.0,3.781162,-0.4220045,-0.6955218,2.111605,0.09203784,-3.239086,-0.07667604,0.9044641,-0.1906866,-0.3737704,23.71934,224.9563,0.2406011,0.5786763,0.02644975,-0.815128,-0.1917241,-0.005773457,-0.2487262,2.47965,-1.048969,-4.718786,-0.3087,-0.4008002,2.069,-0.7088332,0.003844555,0.7053658,-0.2812474,0.9155188,-0.2876199,-0.6468815,-0.4022568,-0.6478689,static,27.00458,37.03599,-8.486073,-10.96337,1.002985704983856,16.753934629375657
05/11/2023 10:30:50.340473,4454,True,True,True,True,Eyes,2.17559,0.09922803,-3.208477,-0.3892449,-0.5559955,-0.7344095,0.0,0.0,0.0,0.0,0.0,0.0,0.0,3.796559,-0.4018878,-0.6383147,2.105767,0.09245148,-3.246539,-0.0759953,0.901502,-0.1872674,-0.3826875,23.31643,226.0837,0.393689,0.5769932,0.02636902,-0.8163228,-0.1802206,-0.005427049,-0.2338026,2.476753,-1.045387,-4.730243,-0.3087001,-0.4008001,2.069001,-0.6955501,0.006309972,0.71845,-0.2803497,0.9183112,-0.2794791,-0.6615243,-0.3958089,-0.6369624,static,27.92407,37.12808,-8.486073,-10.96336,1.1144073605855178,16.785526850506507
05/11/2023 10:30:50.360352,4455,True,True,True,True,Eyes,2.17559,0.09922803,-3.208477,-0.3892449,-0.5559955,-0.7344095,0.0,0.0,0.0,0.0,0.0,0.0,0.0,3.810931,-0.382647,-0.5815368,2.099288,0.09360427,-3.254539,-0.07547333,0.8984313,-0.1839768,-0.3915067,22.93445,227.1985,0.5251596,0.5754074,0.02629144,-0.817444,-0.1694074,-0.005101427,-0.2197745,2.465683,-1.042231,-4.742919,-0.3087002,-0.4007999,2.069001,-0.6820527,0.00844111,0.7312545,-0.2796715,0.9209126,-0.2714845,-0.675713,-0.3896777,-0.6257502,static,27.92407,37.12808,-8.486075,-10.96335,1.1144073605855178,16.785526850506507
05/11/2023 10:30:50.370837,4456,True,True,True,True,Eyes,2.17559,0.09922803,-3.208477,-0.3892449,-0.5559955,-0.7344095,0.0,0.0,0.0,0.0,0.0,0.0,0.0,3.822803,-0.377148,-0.525279,2.092239,0.09830128,-3.262645,-0.07391216,0.8954348,-0.1813348,-0.3998142,22.57232,228.2782,0.783914,0.5739782,0.02622153,-0.8184503,-0.1592429,-0.004795341,-0.206588,2.45623,-1.045161,-4.74943,-0.3086999,-0.4008002,2.069,-0.6693714,0.01263341,0.7428207,-0.2773675,0.9233094,-0.2656447,-0.6892093,-0.3838492,-0.6145328,static,27.92407,37.12808,-8.48607,-10.96336,1.1144073605855178,16.785526850506507
05/11/2023 10:30:50.390913,4457,True,True,True,True,Eyes,2.172688,0.0993028,-3.212065,-0.4033108,-0.5539123,-0.7283691,0.0,0.0,0.0,0.0,0.0,0.0,0.0,3.833367,-0.3789881,-0.4669628,2.085799,0.09878111,-3.270484,-0.07250053,0.8918867,-0.1816897,-0.4077632,22.53324,229.3719,1.169264,0.5726906,0.02615855,-0.8193539,-0.1496884,-0.00450762,-0.1941927,2.441554,-1.052354,-4.753757,-0.3087002,-0.4008002,2.069,-0.6569459,0.01884825,0.7537023,-0.2774973,0.923465,-0.2649671,-0.7010119,-0.3832193,-0.6014363,static,28.97408,37.25237,-8.486078,-10.96337,1.241013429183301,16.827158577911664
05/11/2023 10:30:50.410502,4458,True,True,True,True,Eyes,2.169613,0.09951605,-3.215809,-0.4172394,-0.5517744,-0.7221193,0.0,0.0,0.0,0.0,0.0,0.0,0.0,3.842879,-0.3742591,-0.4141588,2.07899,0.09985919,-3.278282,-0.07063328,0.8889071,-0.1793386,-0.4155635,22.18113,230.3969,1.452993,0.5714372,0.02610289,-0.8202303,-0.1407071,-0.004237163,-0.1825412,2.421548,-1.055853,-4.75963,-0.3087003,-0.4007997,2.069001,-0.644636,0.02348026,0.7641292,-0.2746259,0.9256972,-0.2601254,-0.71346,-0.3775358,-0.5902895,static,30.01925,37.38359,-8.486077,-10.96335,1.3667881280328755,16.8707773597517
05/11/2023 10:30:50.430412,4459,True,True,True,True,Eyes,2.166345,0.09972414,-3.219713,-0.4311197,-0.5495531,-0.7156306,0.0,0.0,0.0,0.0,0.0,0.0,0.0,3.849603,-0.3795471,-0.3671455,2.072024,0.1035755,-3.285465,-0.06883542,0.8861095,-0.1785459,-0.4221292,21.99572,231.2902,1.776694,0.5702094,0.02605736,-0.8210857,-0.1322646,-0.003982934,-0.1715887,2.40148,-1.055306,-4.767357,-0.3086999,-0.4007999,2.069,-0.6341373,0.02874745,0.7726859,-0.2727304,0.926766,-0.2583076,-0.7235247,-0.3745374,-0.5798568,static,31.06616,37.52169,-8.48607,-10.96336,1.4925522210297073,16.916403367863197
05/11/2023 10:30:50.440629,4460,True,True,True,True,Eyes,2.16292,0.09998301,-3.223748,-0.4448113,-0.5473426,-0.708914,0.0,0.0,0.0,0.0,0.0,0.0,0.0,3.856455,-0.3780768,-0.3164167,2.064383,0.1042416,-3.292834,-0.0675091,0.8828973,-0.1777318,-0.4293561,21.82721,232.2654,2.062733,0.5689996,0.02602079,-0.8219258,-0.1243288,-0.003743958,-0.1612934,2.379209,-1.051415,-4.777835,-0.3087002,-0.4007997,2.069001,-0.622192,0.03341326,0.7821515,-0.2718276,0.9277079,-0.2558669,-0.7341576,-0.3718087,-0.5681298,static,32.1064,37.67123,-8.486073,-10.96335,1.6171081948378405,16.965316551585417
05/11/2023 10:30:50.460288,4461,True,True,True,True,Eyes,2.073682,0.106484,-3.327269,-0.7425495,-0.4594349,-0.4873806,0.0,0.0,0.0,0.0,0.0,0.0,0.0,3.862191,-0.3781697,-0.2708206,2.057608,0.1051872,-3.299706,-0.06647206,0.8799059,-0.1774808,-0.4357153,21.73157,233.1341,2.32496,0.5678015,0.02599359,-0.8227547,-0.116869,-0.00351932,-0.1516158,2.355034,-1.044262,-4.790578,-0.3087002,-0.4007995,2.069001,-0.6114674,0.03768393,0.790372,-0.2716406,0.9281641,-0.254407,-0.7431819,-0.3702587,-0.5573055,static,56.72066,43.30938,-8.486073,-10.96334,4.495021078663438,18.73249433817387
05/11/2023 10:30:50.470569,4462,True,True,True,True,Eyes,2.073403,0.1064471,-3.32752,-0.7428295,-0.4595048,-0.4868878,0.0,0.0,0.0,0.0,0.0,0.0,0.0,3.866411,-0.3814034,-0.2286282,2.050788,0.1056251,-3.306053,-0.06642859,0.8767417,-0.1796081,-0.441194,21.93507,233.9279,2.595274,0.5631979,0.02613098,-0.8259085,-0.3775714,0.01619474,-0.4530807,2.334295,-1.03527,-4.804357,-0.3087004,-0.4007997,2.069001,-0.6018704,0.04200263,0.7974886,-0.2749655,0.9266563,-0.2563241,-0.7497642,-0.3735557,-0.5461777,static,56.75716,43.34266,-8.486081,-10.96335,4.49846572583485,18.74235177866301
05/11/2023 10:30:50.490485,4463,True,True,True,True,Eyes,2.072845,0.1063835,-3.328003,-0.743178,-0.4596114,-0.486255,0.0,0.0,0.0,0.0,0.0,0.0,0.0,3.871213,-0.3736231,-0.1807742,2.044042,0.1050152,-3.312012,-0.06704162,0.8732114,-0.1806924,-0.4476134,22.06033,234.8186,2.763122,0.5593655,0.02624454,-0.8285052,-0.3549171,0.01522306,-0.4258959,2.311933,-1.027487,-4.816654,-0.3087002,-0.4008003,2.069,-0.5902957,0.04467764,0.8059499,-0.2788436,0.9257114,-0.2555478,-0.7574943,-0.3755827,-0.5339854,static,56.80362,43.38649,-8.486081,-10.96337,4.502801834808498,18.75532560624412
05/11/2023 10:30:50.510452,4464,True,True,True,True,Eyes,2.071993,0.1063806,-3.328716,-0.7438645,-0.4595437,-0.4852682,0.0,0.0,0.0,0.0,0.0,0.0,0.0,3.875995,-0.3549806,-0.1349478,2.03709,0.104358,-3.317669,-0.06820067,0.8698566,-0.1799452,-0.4542225,22.02491,235.6848,2.771286,0.5561605,0.02633783,-0.8306571,-0.3336221,0.01430967,-0.4003421,2.28772,-1.022522,-4.827236,-0.3087001,-0.4008002,2.069,-0.5780613,0.04482075,0.8147616,-0.28212,0.9259368,-0.2510965,-0.7656719,-0.3750097,-0.5226035,static,56.88114,43.44039,-8.486076,-10.96336,4.510671895311148,18.771387670118273
05/11/2023 10:30:50.540460,4465,True,True,True,True,Eyes,2.070857,0.1064352,-3.32965,-0.7445155,-0.4594709,-0.4843377,0.0,0.0,0.0,0.0,0.0,0.0,0.0,3.880267,-0.3338744,-0.09166193,2.029505,0.1058068,-3.323591,-0.06885045,0.8668817,-0.1770287,-0.4609086,21.73989,236.5172,2.703813,0.5533969,0.02641753,-0.8324982,-0.3136047,0.01345109,-0.3763216,2.266211,-1.018643,-4.836498,-0.3087,-0.4008,2.069001,-0.5656459,0.04381776,0.8234834,-0.2825585,0.9278409,-0.2434584,-0.7747294,-0.3703934,-0.5124483,static,56.95436,43.49076,-8.48607,-10.96336,4.518123246706963,18.786401899123025
05/11/2023 10:30:50.550303,4466,True,True,True,True,Eyes,2.069458,0.1064279,-3.330796,-0.7454821,-0.4593163,-0.4829957,0.0,0.0,0.0,0.0,0.0,0.0,0.0,3.883852,-0.3129665,-0.04893684,2.021861,0.1072405,-3.329448,-0.07001296,0.8637508,-0.1749867,-0.4673465,21.57571,237.3332,2.626325,0.5508733,0.02649031,-0.834168,-0.2947885,0.01264403,-0.3537423,2.247218,-1.016744,-4.843945,-0.3087007,-0.4007994,2.069002,-0.5533713,0.04261133,0.8318443,-0.2845063,0.9289557,-0.2368491,-0.782839,-0.3677304,-0.5019342,static,57.06091,43.56052,-8.486084,-10.96334,4.529083340608042,18.807222996631893
05/11/2023 10:30:50.560180,4467,True,True,True,True,Eyes,2.067806,0.106397,-3.332124,-0.7463619,-0.4593057,-0.4816454,0.0,0.0,0.0,0.0,0.0,0.0,0.0,3.887507,-0.2848518,-0.0005059242,2.014531,0.1057072,-3.335318,-0.07158226,0.8601176,-0.1728409,-0.4745523,21.42396,238.2502,2.518504,0.5485598,0.02655527,-0.8356891,-0.2771011,0.01188539,-0.3325178,2.225366,-1.01851,-4.849775,-0.3087001,-0.4007994,2.069001,-0.5393524,0.0409058,0.8410863,-0.2871824,0.930004,-0.2293879,-0.7915968,-0.365266,-0.4898524,static,57.16487,43.63996,-8.486071,-10.96334,4.539401338480265,18.83084165160557
05/11/2023 10:30:50.580160,4468,True,True,True,True,Eyes,2.065922,0.106389,-3.333624,-0.7474837,-0.4593741,-0.4798369,0.0,0.0,0.0,0.0,0.0,0.0,0.0,3.88957,-0.2608089,0.05087137,2.007133,0.1051145,-3.340619,-0.07319351,0.8561817,-0.1717163,-0.481777,21.38091,239.1996,2.469615,0.5464291,0.02661263,-0.8370822,-0.2604751,0.01117226,-0.3125667,2.198846,-1.022714,-4.853094,-0.3087,-0.4007999,2.069,-0.525067,0.04012404,0.8501144,-0.2907918,0.9303125,-0.2235147,-0.7998403,-0.3645665,-0.4768087,static,57.30212,43.75188,-8.486074,-10.96336,4.552790805791319,18.864068490922985
05/11/2023 10:30:50.590575,4469,True,True,True,True,Eyes,2.063804,0.10639,-3.335279,-0.7483587,-0.4597657,-0.4780951,0.0,0.0,0.0,0.0,0.0,0.0,0.0,3.890489,-0.2451911,0.1021681,2.000076,0.1056727,-3.34589,-0.07463015,0.8521242,-0.1721789,-0.4885378,21.491,240.1327,2.528154,0.5444574,0.02666374,-0.8383644,-0.2448466,0.01050193,-0.2938127,2.170213,-1.028216,-4.854318,-0.3087001,-0.4008,2.069,-0.5115225,0.04104353,0.8582892,-0.2954202,0.9295695,-0.2205164,-0.8068903,-0.366355,-0.4633707,static,57.42719,43.88036,-8.486075,-10.96336,4.564117153830413,18.902040377386538
05/11/2023 10:30:50.610192,4470,True,True,True,True,Eyes,2.061466,0.106372,-3.337067,-0.7493885,-0.4603457,-0.4759189,0.0,0.0,0.0,0.0,0.0,0.0,0.0,3.889569,-0.2455327,0.1474433,1.992629,0.1060292,-3.350964,-0.07478586,0.8484243,-0.1742655,-0.4941808,21.69205,240.9749,2.796709,0.5426231,0.02670948,-0.8395513,-0.2301558,0.009871811,-0.2761839,2.134486,-1.03396,-4.854145,-0.3087005,-0.4007998,2.069001,-0.5003847,0.0453371,0.8646152,-0.2991377,0.9280772,-0.2217868,-0.8124849,-0.3696177,-0.4508336,static,57.58133,44.04707,-8.486082,-10.96335,4.57779975156441,18.951268082339027
05/11/2023 10:30:50.621298,4471,True,True,True,True,Eyes,2.058922,0.10638,-3.338972,-0.7501222,-0.4613158,-0.4738188,0.0,0.0,0.0,0.0,0.0,0.0,0.0,3.88767,-0.2499131,0.1916089,1.985288,0.1056928,-3.355682,0.07487794,-0.8446645,0.1774841,0.4994344,22.00097,241.8006,3.140176,0.5409072,0.02674991,-0.8406566,-0.2163464,0.009279502,-0.2596129,2.097307,-1.04174,-4.851933,-0.3087003,-0.4007995,2.069001,-0.4899174,0.05078986,0.8702882,-0.3037767,0.9257854,-0.2250358,-0.8171296,-0.3746222,-0.4381296,static,57.72123,44.23399,-8.486078,-10.96334,4.589042250252473,19.00628998642424
05/11/2023 10:30:50.640659,4472,True,True,True,True,Eyes,2.056184,0.1064275,-3.340989,-0.7509795,-0.4624737,-0.4713255,0.0,0.0,0.0,0.0,0.0,0.0,0.0,3.885864,-0.2442129,0.2338896,1.978076,0.106409,-3.360086,0.07634185,-0.8408733,0.1802637,0.5045879,22.34608,242.5894,3.317924,0.539293,0.02678624,-0.8416919,-0.2033656,0.008722732,-0.2440361,2.065542,-1.048444,-4.850006,-0.3087003,-0.4008001,2.069,-0.4791259,0.05353007,0.8761123,-0.3103054,0.9233539,-0.2261155,-0.8210657,-0.3802001,-0.425792,static,57.88703,44.45689,-8.486081,-10.96336,4.602320686163246,19.07189756262183
05/11/2023 10:30:50.660349,4473,True,True,True,True,Eyes,2.053261,0.1065014,-3.343109,-0.7515766,-0.4638061,-0.4690591,0.0,0.0,0.0,0.0,0.0,0.0,0.0,3.883982,-0.2338194,0.2768054,1.971012,0.1074252,-3.364547,0.07831501,-0.836957,0.1827615,0.5098705,22.69267,243.3886,3.434928,0.5377659,0.0268199,-0.8426672,-0.1911637,0.008199368,-0.2293939,2.034444,-1.055217,-4.847949,-0.3087,-0.4008001,2.069,-0.4677975,0.05527675,0.8821053,-0.3174619,0.92093,-0.226066,-0.8248534,-0.385788,-0.4132605,static,58.0317,44.67737,-8.486073,-10.96337,4.613048669495307,19.136690929189168
05/11/2023 10:30:50.680280,4474,True,True,True,True,Eyes,2.050155,0.1066131,-3.34532,-0.7523504,-0.4650906,-0.4665401,0.0,0.0,0.0,0.0,0.0,0.0,0.0,3.881375,-0.2303373,0.3154783,1.963914,0.1082193,-3.368824,0.07905338,-0.8335205,0.1846753,0.5146741,22.90689,244.1238,3.629368,0.5363123,0.02685186,-0.8435921,-0.1796939,0.007707405,-0.2156303,2.004545,-1.062124,-4.84569,-0.3087,-0.4007998,2.069001,-0.4577225,0.05830995,0.8871811,-0.3218804,0.9192911,-0.2264878,-0.8287843,-0.3892347,-0.4020114,static,58.19653,44.91085,-8.486067,-10.96335,4.625856953158812,19.20536597729626
05/11/2023 10:30:50.690797,4475,True,True,True,True,Eyes,2.046866,0.1067535,-3.347616,-0.7530276,-0.4661712,-0.464364,0.0,0.0,0.0,0.0,0.0,0.0,0.0,3.878727,-0.2293847,0.3477407,1.956662,0.1093226,-3.373068,0.07878453,-0.830798,0.1849339,0.5190059,22.89632,244.7565,3.800208,0.5349206,0.02688326,-0.8444741,-0.1689122,0.007244961,-0.2026925,1.980536,-1.067305,-4.84445,-0.3087,-0.4007999,2.069,-0.4488517,0.06105552,0.8915179,-0.3228716,0.9191849,-0.2255062,-0.8332381,-0.3890647,-0.3928646,static,58.33942,45.11127,-8.486072,-10.96336,4.637025828818828,19.264324242647
05/11/2023 10:30:50.710629,4476,True,True,True,True,Eyes,2.043386,0.1069031,-3.34999,-0.7539288,-0.4670479,-0.4620147,0.0,0.0,0.0,0.0,0.0,0.0,0.0,3.875895,-0.2277412,0.3765645,1.949142,0.1102493,-3.377117,0.07794904,-0.8284898,0.1837651,0.5232199,22.70981,245.3361,3.924714,0.5335809,0.02691489,-0.8453203,-0.1587775,0.006810263,-0.1905309,1.954051,-1.069374,-4.84515,-0.3087003,-0.4007998,2.069,-0.4403297,0.06313921,0.8956133,-0.3214591,0.9203086,-0.2229261,-0.8383161,-0.386064,-0.3849426,static,58.49964,45.3104,-8.48608,-10.96335,4.650394635004613,19.32299924434895
05/11/2023 10:30:50.721221,4477,True,True,True,True,Eyes,2.039735,0.1070394,-3.352434,-0.7548121,-0.4676565,-0.4599523,0.0,0.0,0.0,0.0,0.0,0.0,0.0,3.873199,-0.2216978,0.403614,1.941363,0.1106725,-3.38121,0.07723393,-0.826319,0.181631,0.5274867,22.43592,245.8923,3.968914,0.5322832,0.02694701,-0.846137,-0.1492508,0.006401647,-0.1790991,1.923766,-1.065554,-4.848676,-0.3086998,-0.4007999,2.069001,-0.4315856,0.06397613,0.8998005,-0.3192556,0.9220902,-0.2186905,-0.8436883,-0.3816499,-0.3775361,static,58.64354,45.47585,-8.486065,-10.96335,4.662844115377669,19.371807037296307
05/11/2023 10:30:50.740700,4478,True,True,True,True,Eyes,2.035905,0.1071479,-3.354934,-0.7559052,-0.4680985,-0.4577021,0.0,0.0,0.0,0.0,0.0,0.0,0.0,3.87011,-0.2165812,0.4304414,1.933728,0.1105666,-3.385027,0.07639404,-0.8241474,0.1796361,0.5316727,22.16818,246.4436,4.030715,0.5310194,0.02697924,-0.8469298,-0.1402958,0.006017548,-0.1683531,1.892325,-1.059717,-4.853429,-0.3087002,-0.4007998,2.069001,-0.4229764,0.0650953,0.9037996,-0.3169351,0.9237896,-0.21486,-0.8489071,-0.3773265,-0.3701102,static,58.80501,45.64339,-8.486075,-10.96335,4.677411779153523,19.421314433227753
05/11/2023 10:30:50.760825,4479,True,True,True,True,Eyes,2.031894,0.1072325,-3.357485,-0.7569458,-0.4684249,-0.4556436,0.0,0.0,0.0,0.0,0.0,0.0,0.0,3.866363,-0.2162956,0.4569268,1.925847,0.1101056,-3.388705,0.07508188,-0.8219853,0.1781092,0.5357053,21.91618,246.9933,4.165965,0.529782,0.02701089,-0.8477033,-0.131878,0.005656496,-0.158252,1.862577,-1.053784,-4.858624,-0.3087,-0.4008,2.069,-0.4147653,0.06739571,0.9074292,-0.3142605,0.9252796,-0.2123628,-0.8539381,-0.3732498,-0.362594,static,58.95416,45.79244,-8.486074,-10.96336,4.691056412360958,19.465387107446
05/11/2023 10:30:50.770349,4480,True,True,True,True,Eyes,2.027689,0.1072968,-3.360088,-0.7581996,-0.4686113,-0.4533617,0.0,0.0,0.0,0.0,0.0,0.0,0.0,3.862129,-0.217082,0.483346,1.917653,0.1097436,-3.392248,0.07373237,-0.8197815,0.1767509,0.5397044,21.67749,247.5442,4.313703,0.5285648,0.02704145,-0.8484617,-0.1239654,0.005317106,-0.1487568,1.832063,-1.050864,-4.861057,-0.3087,-0.4008,2.069,-0.4065653,0.0698977,0.9109441,-0.3116754,0.9266453,-0.210207,-0.8588151,-0.3693818,-0.3549565,static,59.1229,45.9476,-8.486073,-10.96336,4.706937929691516,19.511337501525613
05/11/2023 10:30:50.790824,4481,True,True,True,True,Eyes,2.023295,0.1073341,-3.362731,-0.759311,-0.4688364,-0.451264,0.0,0.0,0.0,0.0,0.0,0.0,0.0,3.857196,-0.2191507,0.5124221,1.909047,0.1094373,-3.395899,0.07223795,-0.8173395,0.175557,0.5439832,21.44278,248.1429,4.492954,0.5273615,0.02707054,-0.8492092,-0.1165274,0.00499808,-0.1398314,1.801066,-1.051525,-4.86129,-0.3087,-0.4007998,2.069001,-0.3977282,0.07291432,0.9146016,-0.309086,0.9279227,-0.208387,-0.8638741,-0.3655719,-0.3465243,static,59.27668,46.09412,-8.48607,-10.96335,4.721242481961117,19.55469983821262
05/11/2023 10:30:50.810621,4482,True,True,True,True,Eyes,2.018708,0.1073256,-3.365395,-0.7605897,-0.4689667,-0.4489694,0.0,0.0,0.0,0.0,0.0,0.0,0.0,3.851717,-0.2280833,0.5387402,1.900275,0.1090119,-3.399274,0.0702532,-0.8150674,0.1751935,0.5477562,21.25702,248.6997,4.764203,0.5261665,0.02709767,-0.8499493,-0.1095358,0.004698195,-0.1314415,1.770845,-1.057685,-4.857465,-0.3086998,-0.4008,2.069,-0.3900551,0.07740447,0.9175323,-0.3064488,0.9287435,-0.2086257,-0.8683006,-0.3625523,-0.3385406,static,59.44703,46.24799,-8.486068,-10.96336,4.737367022370273,19.600284086101784
05/11/2023 10:30:50.830184,4483,True,True,True,True,Eyes,2.01392,0.1072887,-3.368072,-0.7618425,-0.4691091,-0.4466909,0.0,0.0,0.0,0.0,0.0,0.0,0.0,3.845982,-0.2384147,0.5622087,1.891288,0.1080712,-3.40233,0.06815694,-0.8129633,0.1749922,0.5512016,21.07937,249.2155,5.04748,0.5249752,0.02712193,-0.8506849,-0.1029636,0.004416303,-0.123555,1.741547,-1.067129,-4.851244,-0.3087001,-0.4007998,2.069,-0.3830631,0.08209381,0.9200671,-0.3037301,0.9294647,-0.2093881,-0.8723593,-0.3596609,-0.3311093,static,59.61564,46.40229,-8.486075,-10.96335,4.753260757887998,19.645984038234765
05/11/2023 10:30:50.840794,4484,True,True,True,True,Eyes,2.00893,0.1072318,-3.370757,-0.7632576,-0.4691533,-0.4442219,0.0,0.0,0.0,0.0,0.0,0.0,0.0,3.839785,-0.2410088,0.5875416,1.881823,0.1074793,-3.40506,0.0669196,-0.8106033,0.174312,0.555031,20.90875,249.7639,5.221075,0.5237828,0.02714295,-0.851419,-0.09678583,0.004151325,-0.1161417,1.711063,-1.079802,-4.841568,-0.3086999,-0.4008001,2.069001,-0.3749245,0.08500661,0.9231496,-0.3019876,0.9302742,-0.2083108,-0.87649,-0.3568806,-0.3231116,static,59.80026,46.56355,-8.486068,-10.96336,4.770917649472586,19.693789687328405
05/11/2023 10:30:50.860705,4485,True,True,True,True,Eyes,2.003741,0.1071605,-3.373453,-0.7646416,-0.4692479,-0.4417349,0.0,0.0,0.0,0.0,0.0,0.0,0.0,3.833912,-0.2365903,0.6124625,1.872259,0.1069952,-3.407809,0.06645085,-0.8081818,0.173115,0.5589791,20.73866,250.3069,5.28407,0.5225862,0.02716059,-0.8521535,-0.09097868,0.003902245,-0.1091732,1.677013,-1.093777,-4.829773,-0.3087003,-0.4007995,2.069001,-0.3662534,0.08612658,0.9265209,-0.300944,0.931231,-0.2055275,-0.8805063,-0.354106,-0.3151472,static,59.98489,46.72989,-8.486076,-10.96334,4.788408020303165,19.743070695167873
05/11/2023 10:30:50.870584,4486,True,True,True,True,Eyes,1.998356,0.1070304,-3.376148,-0.7661607,-0.4692673,-0.439074,0.0,0.0,0.0,0.0,0.0,0.0,0.0,3.827858,-0.2334454,0.6375661,1.86316,0.1063488,-3.410397,0.06590196,-0.8057436,0.172191,0.5628363,20.58934,250.8472,5.371315,0.5213813,0.02717488,-0.8528907,-0.08551996,0.003668111,-0.1026228,1.643561,-1.105746,-4.818262,-0.3087001,-0.4007999,2.069001,-0.3577447,0.08763053,0.9296989,-0.3000308,0.9320144,-0.2032995,-0.8843079,-0.3516676,-0.3071314,static,60.18369,46.90382,-8.486073,-10.96335,4.807411688843398,19.794630659883424
05/11/2023 10:30:50.890628,4487,True,True,True,True,Eyes,1.992797,0.1068196,-3.378816,-0.7675937,-0.4694203,-0.4363995,0.0,0.0,0.0,0.0,0.0,0.0,0.0,3.821414,-0.2367951,0.6592979,1.853304,0.1049174,-3.412946,0.06467379,-0.8035226,0.171762,0.5662745,20.44301,251.349,5.548275,0.5201653,0.02718474,-0.8536326,-0.08038876,0.003448024,-0.09646547,1.606093,-1.114307,-4.807276,-0.3086998,-0.4008002,2.069,-0.3503014,0.09059519,0.9322456,-0.2984626,0.9326302,-0.2027831,-0.8878115,-0.3492756,-0.2996624,static,60.3805,47.08774,-8.486066,-10.96337,4.825837714813778,19.84908137403664
05/11/2023 10:30:50.910333,4488,True,True,True,True,Eyes,1.987043,0.106582,-3.381446,-0.7691047,-0.4695448,-0.4335961,0.0,0.0,0.0,0.0,0.0,0.0,0.0,3.814355,-0.2400732,0.6797323,1.843053,0.1032149,-3.414891,0.06364547,-0.8013036,0.171739,0.5695328,20.34832,251.8365,5.7308,0.5189362,0.02718862,-0.8543801,-0.07556543,0.003241142,-0.09067754,1.566783,-1.120571,-4.796311,-0.3087,-0.4008003,2.069,-0.3431633,0.09362333,0.9345981,-0.2976207,0.93291,-0.2027338,-0.8908765,-0.3477265,-0.2922762,static,60.58712,47.2794,-8.486072,-10.96337,4.845229329284357,19.905831619472885
05/11/2023 10:30:50.920480,4489,True,True,True,True,Eyes,1.981085,0.1063157,-3.38405,-0.7705005,-0.4698189,-0.4308123,0.0,0.0,0.0,0.0,0.0,0.0,0.0,3.807913,-0.2383336,0.6965194,1.832805,0.1023801,-3.416503,0.06344841,-0.799283,0.1715305,0.5724493,20.29445,252.2616,5.81078,0.5176925,0.02718652,-0.8551345,-0.07103151,0.003046674,-0.08523688,1.52738,-1.126075,-4.785374,-0.3087001,-0.4007996,2.069001,-0.336552,0.09495852,0.9368647,-0.2978115,0.9331032,-0.2015608,-0.8933313,-0.3468447,-0.285758,static,60.78901,47.47995,-8.486071,-10.96334,4.863738538917263,19.965138711870402
05/11/2023 10:30:50.940340,4490,True,True,True,True,Eyes,1.974942,0.1060075,-3.386625,-0.7719964,-0.4700337,-0.42789,0.0,0.0,0.0,0.0,0.0,0.0,0.0,3.801636,-0.2249149,0.7156811,1.822166,0.1014119,-3.41828,0.06455602,-0.7968959,0.1707502,0.5758768,20.27294,252.7341,5.737205,0.5164317,0.02717839,-0.8558968,-0.06676962,0.002863873,-0.08012267,1.487409,-1.129146,-4.775314,-0.3087003,-0.4008,2.069001,-0.3283972,0.09377326,0.9398735,-0.299551,0.9333538,-0.1977876,-0.8957817,-0.3464928,-0.2784209,static,61.00196,47.68718,-8.486077,-10.96336,4.883403949767715,20.026444086638396
05/11/2023 10:30:50.960495,4491,True,True,True,True,Eyes,1.968615,0.1056418,-3.389156,-0.7733769,-0.470368,-0.4250201,0.0,0.0,0.0,0.0,0.0,0.0,0.0,3.795105,-0.2140071,0.7353401,1.811828,0.1000842,-3.42003,0.06511134,-0.7945549,0.1697004,0.5793487,20.18893,253.2102,5.696612,0.5151513,0.02716382,-0.8566685,0.0,0.0,0.0,1.44721,-1.130104,-4.765469,-0.3087001,-0.4007999,2.069,-0.3202313,0.09316228,0.9427474,-0.3001004,0.9339246,-0.1942282,-0.8985497,-0.3451168,-0.2711138,static,61.20839,47.89933,-8.486076,-10.96336,4.902095235421399,20.089143924877003
05/11/2023 10:30:50.981326,4492,True,True,True,True,Eyes,1.962103,0.1052012,-3.391606,-0.7747681,-0.4706917,-0.422118,0.0,0.0,0.0,0.0,0.0,0.0,0.0,3.788728,-0.2155036,0.7474399,1.801176,0.0984178,-3.421351,0.06462705,-0.7928264,0.1698215,0.5817305,20.14939,253.5721,5.814309,0.5138505,0.02714209,-0.85745,0.0,0.0,0.0,1.410183,-1.130684,-4.757057,-0.3087004,-0.4007997,2.069001,-0.314826,0.09510466,0.9443727,-0.3000568,0.9339679,-0.194087,-0.9004724,-0.344469,-0.2655007,static,61.41706,48.11414,-8.48608,-10.96335,4.920977522167674,20.152628076109874
05/11/2023 10:30:50.993236,4493,True,True,True,True,Eyes,1.955386,0.1047237,-3.39398,-0.7760514,-0.47113,-0.4192622,0.0,0.0,0.0,0.0,0.0,0.0,0.0,3.782768,-0.22267,0.7513375,1.790328,0.09626627,-3.421824,0.06370898,-0.7917523,0.1704321,0.5831145,20.1317,253.8054,5.983872,0.5125287,0.02711209,-0.8582416,0.0,0.0,0.0,1.372484,-1.130229,-4.748761,-0.3087003,-0.4007998,2.069001,-0.3118375,0.09787934,0.9450805,-0.2996462,0.9337882,-0.1955807,-0.9016484,-0.3441792,-0.261861,static,61.61983,48.33387,-8.486077,-10.96335,4.938962864545251,20.21750995971767
05/11/2023 10:30:51.010978,4494,True,True,True,True,Eyes,1.948487,0.1041921,-3.396282,-0.7773792,-0.4715471,-0.4163231,0.0,0.0,0.0,0.0,0.0,0.0,0.0,3.775827,-0.2176406,0.7620902,1.778857,0.09494105,-3.422232,0.06410038,-0.789983,0.1702871,0.5855086,20.12751,254.1548,5.999257,0.5111845,0.02707382,-0.8590441,0.0,0.0,0.0,1.334728,-1.129431,-4.739671,-0.3086996,-0.4007999,2.069001,-0.3061417,0.09813271,0.9469147,-0.3006856,0.9337869,-0.1939852,-0.9032528,-0.3441105,-0.256364,static,61.82885,48.55911,-8.48606,-10.96336,4.9575442732257615,20.2840249802771
05/11/2023 10:30:51.020586,4495,True,True,True,True,Eyes,1.941405,0.1036326,-3.398517,-0.7786551,-0.4720871,-0.4133161,0.0,0.0,0.0,0.0,0.0,0.0,0.0,3.769263,-0.202852,0.7746201,1.767787,0.09305026,-3.422688,0.06544539,-0.7879866,0.1695186,0.5882666,20.13025,254.5318,5.887167,0.5098173,0.0270268,-0.8598576,0.0,0.0,0.0,1.297142,-1.127426,-4.731092,-0.3086997,-0.4008002,2.068999,-0.2993189,0.09630403,0.9492808,-0.3025844,0.9339607,-0.190158,-0.9049039,-0.3441554,-0.250412,static,62.04029,48.79759,-8.486067,-10.96337,4.975989688739143,20.354397849030555
05/11/2023 10:30:51.040389,4496,True,True,True,True,Eyes,1.760141,0.08824589,-3.452319,-0.808364,-0.4828576,-0.3367436,0.0,0.0,0.0,0.0,0.0,0.0,0.0,3.762759,-0.1886798,0.7860966,1.756479,0.09179033,-3.423193,0.06678047,-0.7860666,0.1686471,0.5909297,20.12448,254.8924,5.765827,0.5084265,0.02697129,-0.8606825,0.0,0.0,0.0,1.258701,-1.12416,-4.722203,-0.3087004,-0.4007996,2.069002,-0.292685,0.09432941,0.9515449,-0.304305,0.9341971,-0.1862106,-0.9064956,-0.3440608,-0.2447205,static,67.38465,55.10818,-8.486078,-10.96334,5.432877944130031,22.215262882032263
05/11/2023 10:30:51.060744,4497,True,True,True,True,Eyes,1.759671,0.08818822,-3.452313,-0.8084013,-0.4828151,-0.3367148,0.0,0.0,0.0,0.0,0.0,0.0,0.0,3.757051,-0.1889962,0.7885208,1.745271,0.08990419,-3.423282,0.06652319,-0.7850401,0.1684491,0.5923778,20.0776,255.105,5.812837,0.5024778,0.02650155,-0.8641834,-0.5437925,-0.04616015,-0.1614053,1.219133,-1.121419,-4.71185,-0.3087001,-0.4008002,2.069001,-0.2893261,0.09512435,0.9524924,-0.3040179,0.9343991,-0.1856649,-0.9076693,-0.3432924,-0.2414266,static,67.38733,55.10812,-8.486073,-10.96336,5.433213545967159,22.215259587260515
05/11/2023 10:30:51.070805,4498,True,True,True,True,Eyes,1.75875,0.08809938,-3.452297,-0.8085798,-0.4825638,-0.3366464,0.0,0.0,0.0,0.0,0.0,0.0,0.0,3.751123,-0.1932043,0.7889314,1.733607,0.08855123,-3.423074,0.06538829,-0.7843461,0.1673111,0.5937446,19.88343,255.28,5.865781,0.4974173,0.02610519,-0.8671182,-0.511165,-0.04339054,-0.151721,1.180022,-1.117969,-4.701447,-0.3086998,-0.4007999,2.069001,-0.2863834,0.09610602,0.9532827,-0.3012542,0.9354627,-0.1848118,-0.9095219,-0.3401075,-0.2389486,static,67.39595,55.09958,-8.486066,-10.96336,5.4345686396043975,22.212824895137512
05/11/2023 10:30:51.090410,4499,True,True,True,True,Eyes,1.757385,0.08800808,-3.452281,-0.8088603,-0.4821015,-0.3366352,0.0,0.0,0.0,0.0,0.0,0.0,0.0,3.745714,-0.1936865,0.7875886,1.721953,0.08768358,-3.422772,0.06415179,-0.7839221,0.1646408,0.5951844,19.54185,255.4158,5.810269,0.4930896,0.02576881,-0.8695964,-0.4804951,-0.0407871,-0.1426177,1.14286,-1.113497,-4.691506,-0.3087004,-0.4007998,2.069,-0.2832806,0.09540325,0.9542802,-0.2965633,0.9375559,-0.1817668,-0.9120322,-0.3344954,-0.2372983,static,67.40367,55.07471,-8.486083,-10.96335,5.436350990324865,22.205642987883554
05/11/2023 10:30:51.110662,4500,True,True,True,True,Eyes,1.755497,0.08821955,-3.452291,-0.8093154,-0.4812731,-0.3367265,0.0,0.0,0.0,0.0,0.0,0.0,0.0,3.740974,-0.1943686,0.7836618,1.709982,0.08755516,-3.42273,0.06265076,-0.783779,0.1611268,0.5964929,19.10601,255.5074,5.710032,0.489178,0.02546545,-0.8718117,-0.4516654,-0.03833988,-0.1340607,1.104748,-1.108358,-4.681995,-0.3087,-0.4008,2.069001,-0.2805423,0.09401335,0.9552265,-0.2904307,0.9402261,-0.1778341,-0.9148477,-0.3273171,-0.2364689,static,67.4096,55.02114,-8.48607,-10.96336,5.4388583221504465,22.19011674479379
05/11/2023 10:30:51.130310,4501,True,True,True,True,Eyes,1.753175,0.08858972,-3.452281,-0.8096774,-0.4807068,-0.3366652,0.0,0.0,0.0,0.0,0.0,0.0,0.0,3.736876,-0.2188701,0.7689691,1.695542,0.09512983,-3.423383,0.05886344,-0.7848229,0.1570536,0.5965923,18.4667,255.4166,5.748176,0.4856112,0.02519799,-0.8738112,-0.4245654,-0.03603949,-0.126017,1.064153,-1.096484,-4.674185,-0.3087,-0.4007999,2.069,-0.2812256,0.09499916,0.954928,-0.2797886,0.9437386,-0.1762835,-0.9179492,-0.3167534,-0.2388237,static,67.42238,54.99435,-8.486071,-10.96336,5.441333975489285,22.182403920040322
05/11/2023 10:30:51.140539,4502,True,True,True,True,Eyes,1.750346,0.08884301,-3.452245,-0.8103749,-0.4796954,-0.3364294,0.0,0.0,0.0,0.0,0.0,0.0,0.0,3.729789,-0.2435782,0.7660766,1.682759,0.09947106,-3.422858,0.05692562,-0.7843643,0.158517,0.5969964,18.45978,255.535,6.049637,0.4823472,0.02496712,-0.8756239,-0.3990915,-0.03387712,-0.118456,1.02388,-1.084347,-4.666144,-0.3087001,-0.4007998,2.069,-0.2807097,0.09996727,0.9545724,-0.2785689,0.9432637,-0.1807013,-0.9184778,-0.3166389,-0.2369356,static,67.45408,54.9565,-8.486074,-10.96336,5.4465301424014845,22.17157886443553
05/11/2023 10:30:51.160250,4503,True,True,True,True,Eyes,1.747189,0.08928657,-3.452165,-0.8110908,-0.4786564,-0.3361844,0.0,0.0,0.0,0.0,0.0,0.0,0.0,3.719402,-0.242803,0.7806082,1.66799,0.0969844,-3.422082,0.05377068,-0.7826958,0.152875,0.6009371,17.69409,255.9671,5.998839,0.4793469,0.02476642,-0.8772756,-0.375146,-0.03184449,-0.1113487,0.9840684,-1.069845,-4.656952,-0.3087001,-0.4007997,2.069,-0.2719669,0.09956431,0.9571422,-0.2679087,0.947476,-0.1746836,-0.9242615,-0.3039348,-0.231008,static,67.48676,54.91771,-8.486074,-10.96335,5.451879348058186,22.16048598611162
05/11/2023 10:30:51.176493,4504,True,True,True,True,Eyes,1.743593,0.08970329,-3.452029,-0.8117477,-0.4776672,-0.3360057,0.0,0.0,0.0,0.0,0.0,0.0,0.0,3.71452,-0.2585663,0.7710061,1.65698,0.1020807,-3.420958,0.0513218,-0.7832108,0.1502805,0.6011345,17.28382,255.9315,6.028818,0.4765786,0.02459792,-0.8787873,-0.3526373,-0.02993382,-0.1046677,0.9494258,-1.070043,-4.641326,-0.3087006,-0.4007996,2.069001,-0.2720068,0.1002861,0.9570555,-0.2610692,0.9495637,-0.1737001,-0.9262048,-0.2971053,-0.2321062,static,67.51393,54.87627,-8.486084,-10.96334,5.456630155749578,22.14859445810511
05/11/2023 10:30:51.190702,4505,True,True,True,True,Eyes,1.739595,0.09018376,-3.451794,-0.8157915,-0.4756593,-0.3289869,0.0,0.0,0.0,0.0,0.0,0.0,0.0,3.710614,-0.2595839,0.7524834,1.642816,0.10182,-3.419511,0.05172084,-0.7836424,0.1501726,0.6005645,17.30671,255.8409,5.970994,0.4740112,0.02445791,-0.8801786,-0.331479,-0.02813779,-0.09838767,0.9119109,-1.05953,-4.63122,-0.3087001,-0.4008,2.069,-0.2732947,0.09931534,0.9567897,-0.2614379,0.9495463,-0.1732398,-0.9257216,-0.2974866,-0.2335411,static,68.03709,55.33056,-8.486074,-10.96336,5.506753033819951,22.283285216194265
05/11/2023 10:30:51.210304,4506,True,True,True,True,Eyes,1.735288,0.09064502,-3.451535,-0.8194302,-0.4742321,-0.3219289,0.0,0.0,0.0,0.0,0.0,0.0,0.0,3.703936,-0.2215256,0.7638793,1.629929,0.1033234,-3.418242,0.05657351,-0.7813203,0.148476,0.6035668,17.47601,256.2123,5.464065,0.4716182,0.02434542,-0.8814664,-0.3115903,-0.02644952,-0.09248441,0.8801197,-1.051665,-4.620188,-0.3086998,-0.4008,2.069,-0.2650132,0.09082628,0.9599575,-0.2676345,0.9495087,-0.1637229,-0.9263583,-0.3003064,-0.227324,static,68.55167,55.82968,-8.486068,-10.96336,5.5543273303691345,22.430950022091388
05/11/2023 10:30:51.230398,4507,True,True,True,True,Eyes,1.735288,0.09064502,-3.451535,-0.8194302,-0.4742321,-0.3219289,0.0,0.0,0.0,0.0,0.0,0.0,0.0,3.697825,-0.1472954,0.7824497,1.618587,0.1027995,-3.417226,0.06728236,-0.7775525,0.1488925,0.6072201,18.25543,256.715,4.60166,0.4693759,0.0242573,-0.8826649,-0.2928949,-0.02486255,-0.08693534,0.8464301,-1.047171,-4.607193,-0.3087,-0.4007999,2.069001,-0.2535141,0.07618987,0.9643267,-0.2854522,0.9466082,-0.1498331,-0.9242553,-0.3132539,-0.2182299,static,68.55167,55.82968,-8.486068,-10.96335,5.5543273303691345,22.430950022091388
05/11/2023 10:30:51.240545,4508,True,True,True,True,Eyes,1.735288,0.09064502,-3.451535,-0.8194302,-0.4742321,-0.3219289,0.0,0.0,0.0,0.0,0.0,0.0,0.0,3.689708,-0.06861737,0.8100581,1.608523,0.1032029,-3.41714,0.07849245,-0.7728457,0.1492634,0.6117752,19.07191,257.3544,3.719201,0.4673553,0.02417787,-0.8837386,-0.2753212,-0.0233708,-0.08171922,0.8175981,-1.044519,-4.594792,-0.3086998,-0.4008,2.069,-0.2391404,0.06130615,0.9690478,-0.3039564,0.9431188,-0.1346757,-0.9221837,-0.3267546,-0.2069034,static,68.55167,55.82968,-8.486067,-10.96336,5.5543273303691345,22.430950022091388
05/11/2023 10:30:51.260608,4509,True,True,True,True,Eyes,1.735288,0.09064502,-3.451535,-0.8194302,-0.4742321,-0.3219289,0.0,0.0,0.0,0.0,0.0,0.0,0.0,3.6809,-0.02317941,0.8343902,1.598262,0.1045829,-3.417659,0.08437822,-0.7691387,0.1481982,0.6159085,19.38466,257.9216,3.20602,0.4655346,0.02410626,-0.884701,-0.2588019,-0.02196855,-0.07681607,0.7955291,-1.051632,-4.579545,-0.3087002,-0.4007997,2.069,-0.2270741,0.05275602,0.9724476,-0.3123502,0.9418352,-0.1240315,-0.9224288,-0.3319086,-0.197388,static,68.55167,55.82968,-8.486076,-10.96335,5.5543273303691345,22.430950022091388
05/11/2023 10:30:51.280099,4510,True,True,True,True,Eyes,1.735288,0.09064502,-3.451535,-0.8194302,-0.4742321,-0.3219289,0.0,0.0,0.0,0.0,0.0,0.0,0.0,3.67205,-0.01923236,0.8563008,1.58805,0.1068833,-3.418223,0.08435591,-0.7665617,0.146972,0.6194084,19.25831,258.4224,3.202768,0.4638943,0.02404173,-0.8855639,-0.2432738,-0.02065044,-0.0722071,0.7707708,-1.056883,-4.563201,-0.3087001,-0.4007998,2.069001,-0.2184348,0.05274335,0.9744252,-0.3113993,0.9425666,-0.1208246,-0.9248334,-0.3298276,-0.1894651,static,68.55167,55.82968,-8.486071,-10.96335,5.5543273303691345,22.430950022091388
05/11/2023 10:30:51.290316,4511,True,True,True,True,Eyes,1.728966,0.09144454,-3.451333,-0.8256028,-0.4729524,-0.3077272,0.0,0.0,0.0,0.0,0.0,0.0,0.0,3.664676,-0.03850731,0.8694429,1.576999,0.1098094,-3.418813,0.08144645,-0.7651069,0.1460604,0.6218072,18.95295,258.779,3.455909,0.4624167,0.02398358,-0.886338,-0.2286774,-0.01941141,-0.06787468,0.7444355,-1.056489,-4.549813,-0.3087002,-0.4008,2.069,-0.2134445,0.05701235,0.9752902,-0.3062733,0.9440656,-0.1222157,-0.9277058,-0.3247917,-0.1840443,static,69.55805,56.9499,-8.486076,-10.96336,5.642611794432687,22.761584297406035
05/11/2023 10:30:51.310527,4512,True,True,True,True,Eyes,1.722439,0.09217145,-3.451161,-0.831545,-0.4714547,-0.2937064,0.0,0.0,0.0,0.0,0.0,0.0,0.0,3.655616,-0.06195092,0.8872364,1.565449,0.1108884,-3.419302,0.07779199,-0.7632056,0.1456549,0.6247002,18.63406,259.2302,3.826601,0.4609582,0.02395378,-0.8870982,-0.2149567,-0.01824673,-0.0638022,0.7144535,-1.045942,-4.540478,-0.3086998,-0.4008,2.069,-0.2073964,0.06323868,0.976211,-0.3007238,0.9454662,-0.1251359,-0.9308879,-0.3195226,-0.1770689,static,70.54649,58.07796,-8.486067,-10.96336,5.7284040800417575,23.094400835630612
05/11/2023 10:30:51.320528,4513,True,True,True,True,Eyes,1.715727,0.09289791,-3.451016,-0.8371304,-0.4699541,-0.2799209,0.0,0.0,0.0,0.0,0.0,0.0,0.0,3.64607,-0.0776228,0.907037,1.554185,0.1100476,-3.41979,0.07485296,-0.7609637,0.145092,0.627917,18.35009,259.7229,4.125957,0.4595115,0.02394766,-0.8878486,-0.2020593,-0.01715192,-0.05997407,0.6870223,-1.039073,-4.529811,-0.3087004,-0.4007998,2.069001,-0.2002347,0.06829076,0.9773653,-0.2961323,0.9466907,-0.1268166,-0.9339229,-0.3148224,-0.1693372,static,71.51102,59.22051,-8.486081,-10.96335,5.810741396087886,23.431299417278346
05/11/2023 10:30:51.340142,4514,True,True,True,True,Eyes,1.708837,0.09363807,-3.450889,-0.8422936,-0.4685752,-0.2664185,0.0,0.0,0.0,0.0,0.0,0.0,0.0,3.638849,-0.08571315,0.9178808,1.543194,0.1109484,-3.420133,0.0738917,-0.7592342,0.1453692,0.6300567,18.29143,260.0663,4.287248,0.458071,0.02396291,-0.8885923,-0.1899358,-0.01612281,-0.05637562,0.6583173,-1.035401,-4.516527,-0.3087002,-0.4007998,2.069001,-0.1951375,0.07097951,0.9782043,-0.2953839,0.9468156,-0.1276267,-0.9352379,-0.3138505,-0.163793,static,72.44778,60.37868,-8.486075,-10.96335,5.889105911733807,23.77258785924908
05/11/2023 10:30:51.360297,4515,True,True,True,True,Eyes,1.701757,0.09435683,-3.450771,-0.8469166,-0.4675604,-0.2532186,0.0,0.0,0.0,0.0,0.0,0.0,0.0,3.633132,-0.08649042,0.9230671,1.532138,0.1120345,-3.420407,0.0749997,-0.7576119,0.1473733,0.6314115,18.54291,260.3332,4.383564,0.4566322,0.02399782,-0.8893316,-0.1785396,-0.01515544,-0.05299309,0.630901,-1.034429,-4.499981,-0.3086998,-0.4008,2.069,-0.1913893,0.07246506,0.9788356,-0.2997477,0.9453124,-0.1285922,-0.9346238,-0.3180148,-0.1592015,static,73.35393,61.56117,-8.48607,-10.96336,5.962856773880121,24.120777794621297
05/11/2023 10:30:51.370984,4516,True,True,True,True,Eyes,1.694517,0.09507641,-3.450669,-0.8511016,-0.4668385,-0.2401831,0.0,0.0,0.0,0.0,0.0,0.0,0.0,3.625815,-0.07161602,0.9339359,1.520687,0.112235,-3.420352,0.07797591,-0.7551584,0.1490616,0.63359,18.90135,260.7123,4.311167,0.4551908,0.02404995,-0.8900688,-0.1678272,-0.01424611,-0.0498135,0.6069315,-1.037557,-4.481176,-0.3087003,-0.4007998,2.069001,-0.184967,0.07111958,0.980168,-0.3066562,0.9434008,-0.1263207,-0.9336751,-0.3239397,-0.1526887,static,74.2408,62.7747,-8.486077,-10.96335,6.033182473761113,24.477880545903435
05/11/2023 10:30:51.390519,4517,True,True,True,True,Eyes,1.509687,0.1126521,-3.448491,-0.8969014,-0.4330997,0.08940065,0.0,0.0,0.0,0.0,0.0,0.0,0.0,3.617647,-0.04704285,0.950278,1.509845,0.1128406,-3.420561,0.08227926,-0.7520331,0.1507536,0.6363566,19.35749,261.181,4.140003,0.4537427,0.02411767,-0.8908061,-0.1577576,-0.01339134,-0.04682469,0.5859606,-1.044679,-4.461753,-0.3086996,-0.4008,2.069,-0.1765608,0.06811262,0.9819303,-0.3156195,0.941007,-0.1220255,-0.9323148,-0.3314613,-0.1446473,static,-84.30772,-78.33679,-8.486064,-10.96336,-9.043594551724127,-17.338887699091245
05/11/2023 10:30:51.410162,4518,True,True,True,True,Eyes,1.509255,0.112675,-3.448508,-0.8967208,-0.4334005,0.08975406,0.0,0.0,0.0,0.0,0.0,0.0,0.0,3.608267,-0.01782963,0.9700727,1.4991,0.1130439,-3.420654,0.08700228,-0.7484794,0.1522442,0.6395553,19.82746,261.7133,3.931442,0.4460187,0.02490663,-0.8946767,-0.702781,0.04013923,-0.03747992,0.5676374,-1.056134,-4.440636,-0.3087001,-0.4007998,2.069001,-0.1667994,0.06449828,0.983879,-0.3249759,0.9385046,-0.1166177,-0.9308967,-0.3391888,-0.1355816,static,-84.28422,-78.29986,-8.486073,-10.96335,-9.041888752486493,-17.328038786959404
05/11/2023 10:30:51.420541,4519,True,True,True,True,Eyes,1.508395,0.1126873,-3.448548,-0.8964103,-0.433929,0.09030063,0.0,0.0,0.0,0.0,0.0,0.0,0.0,3.598313,0.01421428,0.9918535,1.488602,0.1134492,-3.420969,0.09184265,-0.7447132,0.1531928,0.6430389,20.26034,262.2772,3.680745,0.4397315,0.02555857,-0.8977653,-0.6606141,0.03773087,-0.03523112,0.5515679,-1.06683,-4.420879,-0.3086998,-0.4008,2.069,-0.1561316,0.06022502,0.9858985,-0.3338108,0.9361938,-0.1100526,-0.9296199,-0.3462862,-0.1260656,static,-84.24767,-78.24452,-8.48607,-10.96336,-9.0391664065016,-17.311774537408848
05/11/2023 10:30:51.440694,4520,True,True,True,True,Eyes,1.50715,0.1126901,-3.44861,-0.895992,-0.4346003,0.0912191,0.0,0.0,0.0,0.0,0.0,0.0,0.0,3.58677,0.03961912,1.017911,1.477844,0.113118,-3.421375,0.09553079,-0.7406348,0.1542375,0.6469504,20.61426,262.9219,3.556513,0.4346014,0.0260989,-0.9002444,-0.6209772,0.03546702,-0.03311726,0.5360386,-1.076943,-4.401282,-0.3087006,-0.4007998,2.069,-0.1446581,0.05806114,0.9877768,-0.3410748,0.9341694,-0.1048599,-0.9288391,-0.3520746,-0.115332,static,-84.18687,-78.14615,-8.486091,-10.96336,-9.03484634820034,-17.28288589252255
05/11/2023 10:30:51.460174,4521,True,True,True,True,Eyes,1.505537,0.1127019,-3.448687,-0.8955874,-0.4352224,0.09222038,0.0,0.0,0.0,0.0,0.0,0.0,0.0,3.575959,0.048253,1.042118,1.467622,0.1129155,-3.421864,0.09726844,-0.7370259,0.1562334,0.6503252,20.90432,263.5256,3.671834,0.4304004,0.02654805,-0.9022474,-0.5837186,0.033339,-0.03113022,0.5194675,-1.08356,-4.383683,-0.3087003,-0.4007999,2.069001,-0.1352319,0.05982635,0.9890062,-0.3465837,0.9322599,-0.1037839,-0.9282198,-0.3568084,-0.1053365,static,-84.12086,-78.03641,-8.486078,-10.96335,-9.03025321310302,-17.250667764620903
05/11/2023 10:30:51.480288,4522,True,True,True,True,Eyes,1.50355,0.112708,-3.448765,-0.8951507,-0.4358429,0.09352145,0.0,0.0,0.0,0.0,0.0,0.0,0.0,3.566252,0.04057023,1.062274,1.457336,0.1133938,-3.422213,0.0972276,-0.734066,0.1590769,0.6529843,21.13226,264.0548,3.996372,0.4269425,0.02692299,-0.9038776,-0.5486955,0.03133866,-0.02926241,0.5006598,-1.082909,-4.370734,-0.3087003,-0.4007998,2.069,-0.1283167,0.06500649,0.9896004,-0.3504924,0.9304827,-0.1065697,-0.9277338,-0.360522,-0.09661211,static,-84.03562,-77.88934,-8.486081,-10.96336,-9.024499040490326,-17.207507072019308
05/11/2023 10:30:51.490910,4523,True,True,True,True,Eyes,1.501181,0.1127233,-3.448846,-0.8948015,-0.4363061,0.09469533,0.0,0.0,0.0,0.0,0.0,0.0,0.0,3.556322,0.03103703,1.081132,1.44656,0.113399,-3.422256,0.09650507,-0.7313287,0.1611078,0.6556597,21.23502,264.5635,4.313686,0.4240751,0.0272372,-0.905217,-0.5157738,0.02945834,-0.02750666,0.4794369,-1.076868,-4.36069,-0.3086999,-0.4007999,2.069,-0.1215946,0.07010988,0.9901009,-0.3524176,0.9294621,-0.1090965,-0.92791,-0.3621944,-0.08830964,static,-83.95897,-77.75452,-8.48607,-10.96336,-9.019409642913352,-17.16794924805663
05/11/2023 10:30:51.510405,4524,True,True,True,True,Eyes,1.498452,0.1127276,-3.448944,-0.8944259,-0.4367568,0.09615613,0.0,0.0,0.0,0.0,0.0,0.0,0.0,3.546253,0.03406239,1.098976,1.43529,0.1135341,-3.422261,0.09678143,-0.7285583,0.1612321,0.6586656,21.24933,265.0557,4.392059,0.4215742,0.02750997,-0.9063762,-0.4848273,0.02769084,-0.02585626,0.4569592,-1.068285,-4.352449,-0.3086998,-0.4007998,2.069,-0.1135858,0.07137426,0.9909611,-0.3534179,0.9292752,-0.1074408,-0.928544,-0.3624272,-0.08032761,static,-83.86393,-77.58387,-8.486067,-10.96335,-9.013214238306112,-17.11788891008887
05/11/2023 10:30:51.530148,4525,True,True,True,True,Eyes,1.498452,0.1127276,-3.448944,-0.8944259,-0.4367568,0.09615613,0.0,0.0,0.0,0.0,0.0,0.0,0.0,3.535547,0.04600266,1.119816,1.424235,0.113253,-3.422707,0.09779784,-0.725391,0.1604649,0.6621892,21.24281,265.5996,4.346158,0.4192596,0.02775619,-0.9074417,-0.4557377,0.02602939,-0.02430489,0.4349389,-1.060472,-4.343672,-0.3086992,-0.4008,2.069,-0.1038821,0.07063294,0.9920784,-0.3543996,0.9293732,-0.1032782,-0.929306,-0.3623209,-0.07151287,static,-83.86393,-77.58387,-8.486051,-10.96336,-9.013214238306112,-17.11788891008887
05/11/2023 10:30:51.545813,4526,True,True,True,True,Eyes,1.498452,0.1127276,-3.448944,-0.8944259,-0.4367568,0.09615613,0.0,0.0,0.0,0.0,0.0,0.0,0.0,3.525522,0.04904068,1.136941,1.413063,0.1120816,-3.422723,0.09783082,-0.7226635,0.1604303,0.6651683,21.22443,266.0862,4.43166,0.417174,0.02797765,-0.9083956,-0.4283935,0.02446763,-0.02284659,0.4130422,-1.053805,-4.33392,-0.3087003,-0.4007996,2.069001,-0.09596079,0.07202872,0.9927758,-0.3548237,0.9293825,-0.1017263,-0.9299957,-0.3620221,-0.06362683,static,-83.86393,-77.58387,-8.486077,-10.96335,-9.013214238306112,-17.11788891008887
05/11/2023 10:30:51.562231,4527,True,True,True,True,Eyes,1.494473,0.1126123,-3.449141,-0.8944923,-0.4386664,0.08634548,0.0,0.0,0.0,0.0,0.0,0.0,0.0,3.517382,0.04573226,1.148467,1.402098,0.1113005,-3.422686,0.09745748,-0.7205375,0.1610628,0.6673728,21.23442,266.4728,4.586457,0.4152954,0.0281768,-0.9092499,-0.4026898,0.02299957,-0.0214758,0.3911911,-1.047484,-4.323611,-0.3087004,-0.4007998,2.069001,-0.09023127,0.07453426,0.9931279,-0.3554214,0.9291217,-0.1020227,-0.9303408,-0.3621845,-0.05734472,static,-84.48631,-78.86446,-8.486081,-10.96335,-9.048400207804175,-17.49307235847817
05/11/2023 10:30:51.571248,4528,True,True,True,True,Eyes,1.490175,0.1124636,-3.449335,-0.8944504,-0.4404504,0.07721379,0.0,0.0,0.0,0.0,0.0,0.0,0.0,3.50848,0.05507711,1.160187,1.390492,0.1104206,-3.422401,0.09853911,-0.7180896,0.1608592,0.669897,21.2873,266.8793,4.555047,0.4135127,0.02835406,-0.9100565,-0.3785284,0.0216196,-0.02018725,0.3683516,-1.041351,-4.311673,-0.3087001,-0.4007999,2.069001,-0.08305653,0.07399838,0.9937938,-0.357038,0.9288288,-0.09900054,-0.9303902,-0.3630447,-0.05072497,static,-85.06615,-80.05672,-8.486073,-10.96335,-9.081207650627743,-17.842379198780257
05/11/2023 10:30:51.590328,4529,True,True,True,True,Eyes,1.485564,0.1122816,-3.44953,-0.8943203,-0.4421029,0.06882098,0.0,0.0,0.0,0.0,0.0,0.0,0.0,3.497179,0.0769293,1.179069,1.37891,0.1093662,-3.422429,0.1007602,-0.7147396,0.1596547,0.6734279,21.34191,267.4149,4.371567,0.4118097,0.0285108,-0.9108236,-0.3558168,0.02032242,-0.01897601,0.3469951,-1.037244,-4.29934,-0.3086998,-0.4008001,2.069,-0.07268468,0.07099722,0.9948249,-0.3590665,0.9287155,-0.09251357,-0.9304776,-0.3639326,-0.04201065,static,-85.59957,-81.15194,-8.486067,-10.96337,-9.111441209535379,-18.163259463066105
05/11/2023 10:30:51.610245,4530,True,True,True,True,Eyes,1.480668,0.1120473,-3.449728,-0.8941186,-0.4436482,0.06105869,0.0,0.0,0.0,0.0,0.0,0.0,0.0,3.484637,0.09556049,1.201278,1.367189,0.1083356,-3.422565,0.1025101,-0.7110894,0.1586345,0.6772583,21.37424,268.0115,4.254569,0.4101707,0.02864834,-0.9115584,-0.3344677,0.01910307,-0.01783745,0.3263627,-1.033939,-4.287497,-0.3087002,-0.4007999,2.069,-0.06162594,0.06908533,0.9957055,-0.3606607,0.9286536,-0.08675498,-0.9306591,-0.3644582,-0.03231285,static,-86.09338,-82.1637,-8.486076,-10.96336,-9.13950015301005,-18.45969288643545
05/11/2023 10:30:51.621081,4531,True,True,True,True,Eyes,1.475475,0.1117544,-3.449924,-0.8938471,-0.445115,0.05394409,0.0,0.0,0.0,0.0,0.0,0.0,0.0,3.473794,0.1084067,1.218843,1.35575,0.106819,-3.422733,0.1036843,-0.707972,0.1580724,0.6804695,21.40325,268.526,4.207917,0.4085837,0.02876724,-0.9122672,-0.3143997,0.01795689,-0.01676721,0.3051405,-1.030002,-4.275063,-0.3086998,-0.4008001,2.069,-0.05242223,0.06831564,0.9962857,-0.3619379,0.9285254,-0.08271357,-0.9307272,-0.3649296,-0.02394933,static,-86.54636,-83.08995,-8.48607,-10.96337,-9.165300309787249,-18.731077686657294
05/11/2023 10:30:51.640512,4532,True,True,True,True,Eyes,1.469985,0.1114097,-3.450126,-0.8935531,-0.4464431,0.04745023,0.0,0.0,0.0,0.0,0.0,0.0,0.0,3.461392,0.1252586,1.239244,1.343807,0.1050873,-3.422833,0.1051812,-0.7044355,0.1571506,0.6841135,21.42707,269.1023,4.116989,0.407036,0.02886794,-0.9129555,-0.2955357,0.01687948,-0.01576117,0.2841721,-1.025475,-4.26349,-0.3087004,-0.4007998,2.069001,-0.04185129,0.06683109,0.9968863,-0.3632044,0.9284812,-0.07749328,-0.9307691,-0.3653166,-0.01458474,static,-86.96028,-83.9331,-8.486081,-10.96335,-9.188982429093876,-18.978123095042726
05/11/2023 10:30:51.660505,4533,True,True,True,True,Eyes,1.464239,0.1109864,-3.450342,-0.8932201,-0.447695,0.04155876,0.0,0.0,0.0,0.0,0.0,0.0,0.0,3.44864,0.1427058,1.260092,1.331543,0.1034393,-3.423099,0.1065043,-0.7008621,0.155615,0.6879194,21.3868,269.6861,3.991273,0.4055178,0.02895091,-0.9136283,-0.2778035,0.01586671,-0.0148155,0.2642144,-1.021854,-4.251367,-0.3087001,-0.4007999,2.069001,-0.03084724,0.06481155,0.9974207,-0.3633909,0.9288815,-0.07159654,-0.9311259,-0.3646621,-0.005101534,static,-87.33613,-84.69653,-8.486073,-10.96336,-9.210558127711888,-19.201815932544378
05/11/2023 10:30:51.680149,4534,True,True,True,True,Eyes,1.458247,0.1104726,-3.450577,-0.8928972,-0.4488025,0.03620484,0.0,0.0,0.0,0.0,0.0,0.0,0.0,3.435951,0.1629523,1.281108,1.320016,0.1010697,-3.423579,0.1083452,-0.6971391,0.1546,0.6916339,21.43379,270.278,3.867827,0.4040194,0.02901594,-0.9142898,-0.2611353,0.01491471,-0.01392657,0.2441836,-1.019499,-4.239457,-0.3087006,-0.4007998,2.069001,-0.01980809,0.0627899,0.9978303,-0.3649165,0.9287203,-0.06568503,-0.9308296,-0.3654258,0.004516872,static,-87.67807,-85.38795,-8.486088,-10.96335,-9.230290643466173,-19.40441722879947
05/11/2023 10:30:51.690674,4535,True,True,True,True,Eyes,1.451996,0.1099424,-3.450827,-0.8925828,-0.449793,0.03134175,0.0,0.0,0.0,0.0,0.0,0.0,0.0,3.424078,0.1850206,1.299299,1.308457,0.09827928,-3.42418,0.1099269,-0.6937858,0.1523301,0.6952502,21.35973,270.8093,3.649694,0.4025329,0.02906244,-0.9149438,-0.2454672,0.01401982,-0.01309098,0.2250503,-1.019043,-4.226864,-0.3086994,-0.4008,2.069,-0.009086493,0.05928371,0.9981998,-0.3643465,0.9294233,-0.05851562,-0.9312191,-0.3642223,0.01315459,static,-87.98897,-86.01405,-8.486056,-10.96336,-9.248316313485265,-19.587884989152673
05/11/2023 10:30:51.710355,4536,True,True,True,True,Eyes,1.445498,0.1093552,-3.451103,-0.8922434,-0.4507484,0.0269758,0.0,0.0,0.0,0.0,0.0,0.0,0.0,3.412551,0.2031409,1.3161,1.296341,0.0972856,-3.424752,0.1116644,-0.6904745,0.1509869,0.698555,21.37759,271.3262,3.493471,0.4010513,0.02909187,-0.9155933,-0.2307392,0.01317863,-0.01230552,0.2077586,-1.018543,-4.216161,-0.3086998,-0.4008001,2.069,0.0008959463,0.05674237,0.9983884,-0.365148,0.9294681,-0.05249768,-0.930949,-0.3645125,0.02155212,static,-88.26826,-86.57512,-8.48607,-10.96337,-9.264554604030998,-19.75230042854663
05/11/2023 10:30:51.721084,4537,True,True,True,True,Eyes,1.43877,0.1087501,-3.451412,-0.8919023,-0.4516426,0.02300258,0.0,0.0,0.0,0.0,0.0,0.0,0.0,3.401689,0.2185818,1.331784,1.284229,0.09528361,-3.425578,0.1131959,-0.6872212,0.1503164,0.7016543,21.43528,271.8363,3.409547,0.3995676,0.02910446,-0.9162413,-0.2168948,0.01238792,-0.01156719,0.1902301,-1.018518,-4.205198,-0.3086994,-0.4008,2.069,0.01026388,0.05535901,0.9984137,-0.3665215,0.9291834,-0.04775248,-0.9303529,-0.36545,0.02982729,moving,-88.52264,-87.0844,-8.486056,-10.96336,-9.279402318620338,-19.901543961159994
05/11/2023 10:30:51.740170,4538,True,True,True,True,Eyes,1.431822,0.1080892,-3.451759,-0.8915604,-0.452482,0.01949663,0.0,0.0,0.0,0.0,0.0,0.0,0.0,3.391394,0.2366215,1.345978,1.272269,0.09416229,-3.42661,0.1149619,-0.6841412,0.1489166,0.7046692,21.45561,272.3073,3.238255,0.3980766,0.02910144,-0.9168901,-0.2038811,0.01164464,-0.01087316,0.1705853,-1.014453,-4.193725,-0.3076536,-0.3980834,2.069143,0.01954951,0.05257358,0.9984258,-0.3671743,0.9292152,-0.04173974,-0.9299468,-0.3657802,0.03746935,moving,-88.74726,-87.53275,-8.45715,-10.8901,-9.292557549993479,-20.032935626544603
05/11/2023 10:30:51.760284,4539,True,True,True,True,Eyes,1.424692,0.1073919,-3.452153,-0.891235,-0.4532491,0.01629088,0.0,0.0,0.0,0.0,0.0,0.0,0.0,3.379877,0.256816,1.362921,1.260378,0.09207225,-3.427834,0.1167919,-0.6806952,0.1474434,0.7080072,21.47573,272.8351,3.066599,0.396573,0.02908289,-0.917542,-0.1916483,0.01094596,-0.01022077,0.1530462,-1.012895,-4.183578,-0.3066428,-0.3954594,2.06928,0.02982904,0.04978258,0.9983145,-0.3677814,0.9292402,-0.03534897,-0.9294338,-0.3661071,0.04602749,moving,-88.9528,-87.94154,-8.429215,-10.81932,-9.304644061770336,-20.152737893599497
05/11/2023 10:30:51.780608,4540,True,True,True,True,Eyes,1.241793,0.08821321,-3.462897,-0.8807069,-0.4703535,-0.05588372,0.0,0.0,0.0,0.0,0.0,0.0,0.0,3.372207,0.2648095,1.373621,1.249096,0.09049182,-3.429331,0.1173901,-0.6782342,0.1466733,0.710426,21.45385,273.2297,3.028072,0.3950536,0.02904937,-0.9181983,-0.1801494,0.01028921,-0.009607521,0.137309,-1.012415,-4.175691,-0.3055083,-0.3925105,2.069435,0.03697088,0.0491651,0.9981063,-0.367637,0.929413,-0.03216372,-0.9292343,-0.3657517,0.05243612,moving,86.36926,83.22433,-8.39785,-10.73974,6.867652902676714,30.480697484677126
05/11/2023 10:30:51.790473,4541,True,True,True,True,Eyes,1.241324,0.08819834,-3.462949,-0.8807434,-0.4703037,-0.05572738,0.0,0.0,0.0,0.0,0.0,0.0,0.0,3.366399,0.2710887,1.379107,1.237518,0.08804001,-3.430578,0.1179614,-0.6762474,0.1463461,0.7122902,21.46778,273.5454,3.014456,0.3863505,0.0283477,-0.9219159,-0.7180363,-0.04786419,-0.04126192,0.1198457,-1.010935,-4.165457,-0.3044018,-0.3896367,2.069586,0.04254456,0.04893955,0.9978953,-0.368024,0.9293359,-0.02988674,-0.9288425,-0.3659779,0.05754909,moving,86.37955,83.2424,-8.367266,-10.66216,6.868337098660562,30.485999529245017
05/11/2023 10:30:51.810438,4542,True,True,True,True,Eyes,1.240366,0.08830214,-3.463037,-0.8808507,-0.4701389,-0.05541963,0.0,0.0,0.0,0.0,0.0,0.0,0.0,3.359841,0.2765337,1.386795,1.225979,0.08764797,-3.431836,0.1182825,-0.6742036,0.1451755,0.7144109,21.39283,273.8746,2.951128,0.3792937,0.02776767,-0.9248592,-0.6749541,-0.04499234,-0.03878621,0.1030157,-1.010367,-4.155456,-0.3035677,-0.3874727,2.069699,0.04874723,0.04793693,0.9976602,-0.3669229,0.9298667,-0.02675104,-0.9289733,-0.3647603,0.06291757,moving,86.39992,83.27704,-8.344212,-10.60372,6.86972888582329,30.49616688931451
05/11/2023 10:30:51.820769,4543,True,True,True,True,Eyes,1.238942,0.08853655,-3.46315,-0.8809873,-0.4699425,-0.05491474,0.0,0.0,0.0,0.0,0.0,0.0,0.0,3.354449,0.2745928,1.391738,1.213467,0.09058359,-3.432778,0.1178565,-0.6726936,0.1434106,0.7162588,21.2092,274.1328,2.882125,0.3735586,0.0272908,-0.9272047,-0.6344569,-0.0422928,-0.03645903,0.08581793,-1.008364,-4.145948,-0.3025336,-0.3847858,2.06984,0.0538335,0.04687558,0.9974491,-0.3640007,0.9310865,-0.02411129,-0.9298416,-0.3617742,0.06718638,moving,86.43319,83.33498,-8.315626,-10.53114,6.871957056044082,30.513168923191806
05/11/2023 10:30:51.840181,4544,True,True,True,True,Eyes,1.237064,0.08876249,-3.463284,-0.8812687,-0.4695054,-0.05413172,0.0,0.0,0.0,0.0,0.0,0.0,0.0,3.345818,0.2713665,1.404254,1.201057,0.09397389,-3.433467,0.1173375,-0.6703469,0.1422296,0.7187752,21.0612,274.5318,2.896029,0.3688807,0.02690247,-0.929087,-0.5963895,-0.03975523,-0.03427149,0.06979021,-1.006377,-4.139256,-0.301482,-0.3820573,2.069983,0.06081176,0.0471486,0.9970351,-0.3617759,0.9320053,-0.02200778,-0.9302797,-0.3593649,0.07373406,moving,86.48504,83.42311,-8.286563,-10.45741,6.875501144936799,30.53903653465377
05/11/2023 10:30:51.860633,4545,True,True,True,True,Eyes,1.234786,0.08913343,-3.463445,-0.8816605,-0.4688703,-0.05324948,0.0,0.0,0.0,0.0,0.0,0.0,0.0,3.334549,0.2724413,1.421572,1.188583,0.09399489,-3.434056,0.115887,-0.6676278,0.1388976,0.722185,20.66158,275.0084,2.810605,0.3650444,0.0265872,-0.9306101,-0.5606061,-0.03736992,-0.0322152,0.05116575,-0.9993804,-4.134046,-0.3004908,-0.3794811,2.070117,0.06996136,0.04588076,0.9964941,-0.3553583,0.9345553,-0.01808013,-0.9321085,-0.3528475,0.08168682,moving,86.54372,83.5207,-8.259168,-10.38778,6.8795830538861145,30.567687478630774
05/11/2023 10:30:51.880151,4546,True,True,True,True,Eyes,1.232086,0.08958123,-3.463595,-0.882113,-0.4681234,-0.05231853,0.0,0.0,0.0,0.0,0.0,0.0,0.0,3.329495,0.2550693,1.429021,1.176819,0.09792115,-3.434851,0.1128179,-0.6665496,0.1361568,0.7241859,20.17647,275.255,2.858429,0.3618742,0.02633628,-0.9318546,-0.5269697,-0.03512772,-0.03028229,0.03033289,-0.9865321,-4.131295,-0.2994103,-0.3766788,2.070264,0.07434607,0.04680813,0.9961334,-0.3476031,0.9374669,-0.01810813,-0.9346897,-0.3449128,0.08596765,moving,86.60574,83.62296,-8.2293,-10.31201,6.883926517956776,30.597712268559043
05/11/2023 10:30:51.890306,4547,True,True,True,True,Eyes,1.228987,0.09008303,-3.46367,-0.8823482,-0.4684123,-0.04529283,0.0,0.0,0.0,0.0,0.0,0.0,0.0,3.327387,0.2410819,1.425828,1.164051,0.100275,-3.434754,0.1110686,-0.6660889,0.1351386,0.7250703,19.94353,275.3702,2.927347,0.3592049,0.02613966,-0.9328923,-0.4953516,-0.03302006,-0.02846535,0.00821504,-0.969839,-4.130829,-0.2983868,-0.37402,2.070404,0.07612608,0.04800691,0.995942,-0.3439331,0.9388027,-0.01896365,-0.9359034,-0.3410937,0.08797855,moving,87.06146,84.47699,-8.201004,-10.24008,6.912452809883155,30.848137774898778
05/11/2023 10:30:51.910403,4548,True,True,True,True,Eyes,1.225542,0.09062377,-3.463726,-0.8825095,-0.4687294,-0.03833693,0.0,0.0,0.0,0.0,0.0,0.0,0.0,3.318244,0.2446663,1.435047,1.15131,0.1021447,-3.434241,0.1109537,-0.6638972,0.1328869,0.7275101,19.74815,275.7233,2.80321,0.3567252,0.02597686,-0.9338479,-0.4656305,-0.03103885,-0.02675743,-0.01762992,-0.9393342,-4.136353,-0.2973206,-0.3712526,2.070549,0.0831634,0.04602944,0.9954723,-0.3406768,0.9400607,-0.01500658,-0.9364951,-0.3378863,0.09385976,moving,87.51259,85.32424,-8.171532,-10.16521,6.940631622351014,31.09657007000917
05/11/2023 10:30:51.920990,4549,True,True,True,True,Eyes,1.225542,0.09062377,-3.463726,-0.8825095,-0.4687294,-0.03833693,0.0,0.0,0.0,0.0,0.0,0.0,0.0,3.308971,0.2574791,1.44411,1.139808,0.1035361,-3.433825,0.1126855,-0.6613581,0.1319548,0.7297229,19.81578,276.0904,2.652007,0.354408,0.02584566,-0.9347334,-0.4376926,-0.02917652,-0.02515198,-0.03324299,-0.9335499,-4.129721,-0.2963221,-0.3686553,2.070685,0.09038683,0.04352998,0.9949551,-0.3416318,0.9397798,-0.01008038,-0.9354775,-0.3389971,0.09981499,moving,87.51259,85.32424,-8.143929,-10.09491,6.940631622351014,31.09657007000917
05/11/2023 10:30:51.940143,4550,True,True,True,True,Eyes,1.225542,0.09062377,-3.463726,-0.8825095,-0.4687294,-0.03833693,0.0,0.0,0.0,0.0,0.0,0.0,0.0,3.299831,0.2629314,1.45369,1.12872,0.1039872,-3.433134,0.1136777,-0.6588587,0.1321987,0.731783,19.91193,276.4712,2.663164,0.3523208,0.02572745,-0.9355254,-0.4114311,-0.02742593,-0.02364287,-0.06765366,-0.9085246,-4.119155,-0.2952725,-0.3659343,2.070827,0.09685775,0.04368651,0.994339,-0.3432766,0.9392018,-0.00782575,-0.9342269,-0.3405753,0.1059655,moving,87.51259,85.32424,-8.114917,-10.02124,6.940631622351014,31.09657007000917
05/11/2023 10:30:51.960489,4551,True,True,True,True,Eyes,1.225542,0.09062377,-3.463726,-0.8825095,-0.4687294,-0.03833693,0.0,0.0,0.0,0.0,0.0,0.0,0.0,3.291286,0.2653319,1.460903,1.117385,0.1045743,-3.431867,0.1137767,-0.6568427,0.1312219,0.733753,19.83741,276.7906,2.626281,0.3504407,0.02562094,-0.9362342,-0.3867452,-0.02578037,-0.02222429,-0.08627963,-0.8876795,-4.120155,-0.2942505,-0.3632784,2.070966,0.1026769,0.04310218,0.9937806,-0.3420356,0.9396713,-0.00541635,-0.9340606,-0.3393522,0.1112251,moving,87.51259,85.32424,-8.086667,-9.94931,6.940631622351014,31.09657007000917
05/11/2023 10:30:51.970409,4552,True,True,True,True,Eyes,1.225542,0.09062377,-3.463726,-0.8825095,-0.4687294,-0.03833693,0.0,0.0,0.0,0.0,0.0,0.0,0.0,3.28195,0.269949,1.468513,1.105468,0.1070562,-3.430318,0.1134671,-0.6549675,0.1278932,0.7360613,19.54635,277.0882,2.410803,0.3487477,0.02552501,-0.9368687,-0.3635405,-0.02423355,-0.02089084,-0.1000426,-0.8858333,-4.121278,-0.2932187,-0.3605993,2.071107,0.1093218,0.0396399,0.9932157,-0.3369089,0.9415371,-0.0004942808,-0.935169,-0.3345692,0.1162856,moving,87.51259,85.32424,-8.058146,-9.876729,6.940631622351014,31.09657007000917
05/11/2023 10:30:51.992289,4553,True,True,True,True,Eyes,1.21986,0.09125297,-3.463438,-0.8819233,-0.4707592,-0.02443511,0.0,0.0,0.0,0.0,0.0,0.0,0.0,3.268175,0.2961838,1.480612,1.093556,0.1074791,-3.428335,0.115591,-0.6519588,0.123737,0.7391061,19.40302,277.5039,1.955684,0.3472228,0.02543859,-0.9374374,-0.3417281,-0.02277954,-0.01963739,-0.1155274,-0.8851534,-4.11099,-0.2922192,-0.358004,2.071243,0.1192778,0.03218828,0.9923392,-0.3336307,0.9426557,0.009525251,-0.9351276,-0.3322109,0.1231769,moving,88.41293,87.02869,-8.030515,-9.8064,6.99642163967036,31.596314162154613
05/11/2023 10:30:52.010634,4554,True,True,True,True,Eyes,1.213936,0.09186972,-3.4631,-0.8811436,-0.4727266,-0.01075475,0.0,0.0,0.0,0.0,0.0,0.0,0.0,3.247592,0.334927,1.504382,1.081475,0.10596,-3.426569,0.1184336,-0.6473418,0.118252,0.7435983,19.22223,278.1489,1.367215,0.3457153,0.02537938,-0.9379959,-0.3212244,-0.02141277,-0.01845914,-0.1206593,-0.9045885,-4.096819,-0.2911791,-0.3553045,2.071384,0.1339299,0.0225299,0.9907348,-0.3291981,0.9439799,0.02303513,-0.9347146,-0.329233,0.133844,moving,89.30071,88.69672,-8.001764,-9.733224,7.051850883301808,32.08541513394339
05/11/2023 10:30:52.020719,4555,True,True,True,True,Eyes,1.207771,0.09247545,-3.462702,-0.8800511,-0.4748713,0.00269928,0.0,0.0,0.0,0.0,0.0,0.0,0.0,3.227234,0.3705351,1.528011,1.070147,0.1060431,-3.42501,0.1217195,-0.6426573,0.1142851,0.74774,19.20332,278.7925,0.8775396,0.3442175,0.02534442,-0.9385475,-0.3019509,-0.020128,-0.01735159,-0.1252304,-0.9240403,-4.079424,-0.2901509,-0.3526333,2.071525,0.1478611,0.01446317,0.9889025,-0.3273588,0.9442466,0.03513681,-0.9332596,-0.3289213,0.144352,moving,-89.82426,-89.67432,-7.973339,-9.660789,-9.355903355847747,-20.66055716287436
05/11/2023 10:30:52.040287,4556,True,True,True,True,Eyes,1.201397,0.09300251,-3.462238,-0.8786427,-0.4772119,0.01599705,0.0,0.0,0.0,0.0,0.0,0.0,0.0,3.207109,0.4032728,1.54966,1.058595,0.1062931,-3.423112,0.125982,-0.637754,0.1133867,0.7513602,19.50817,279.4522,0.5894659,0.342723,0.0253311,-0.9390947,-0.2838339,-0.01892032,-0.0163105,-0.1377846,-0.9277807,-4.064305,-0.2890819,-0.3498572,2.07167,0.1608266,0.009697327,0.9869353,-0.3310796,0.942544,0.04469019,-0.9297965,-0.3339414,0.1547968,moving,-88.95695,-88.08006,-7.943788,-9.585491,-9.300586090386755,-20.192988000567755
05/11/2023 10:30:52.060380,4557,True,True,True,True,Eyes,1.194839,0.09345023,-3.461715,-0.8768755,-0.4798456,0.02894077,0.0,0.0,0.0,0.0,0.0,0.0,0.0,3.187027,0.4306865,1.571437,1.047598,0.1048513,-3.421051,0.1301856,-0.6326556,0.1148759,0.75472,19.9903,280.1493,0.5287935,0.3412267,0.02533522,-0.9396393,-0.2668038,-0.0177851,-0.01533187,-0.1569587,-0.9189712,-4.049516,-0.2880841,-0.3472658,2.071806,0.1731008,0.008673032,0.984866,-0.3381236,0.9397105,0.05115351,-0.9250452,-0.3418611,0.1655972,moving,-88.10967,-86.54852,-7.916206,-9.515184,-9.245690952823267,-19.743739246864266
05/11/2023 10:30:52.080634,4558,True,True,True,True,Eyes,1.188109,0.09390023,-3.461121,-0.8747431,-0.4827844,0.04175749,0.0,0.0,0.0,0.0,0.0,0.0,0.0,3.165811,0.4592409,1.594735,1.037095,0.1034299,-3.41909,0.1350984,-0.6270805,0.1178312,0.7580464,20.64649,280.9054,0.5637955,0.3397249,0.02535296,-0.9401829,-0.2507956,-0.016718,-0.01441196,-0.1783718,-0.9047724,-4.037975,-0.287033,-0.3445373,2.071948,0.1857717,0.009207921,0.9825499,-0.3480782,0.9357284,0.05704241,-0.9188746,-0.3526011,0.177037,moving,-87.26696,-85.05662,-7.887152,-9.441135,-9.190055612530784,-19.306026621750377
05/11/2023 10:30:52.090314,4559,True,True,True,True,Eyes,1.18121,0.09433406,-3.460455,-0.8722965,-0.485958,0.05425587,0.0,0.0,0.0,0.0,0.0,0.0,0.0,3.144946,0.4852577,1.616449,1.026587,0.1038984,-3.416781,0.1401626,-0.6215917,0.1213546,0.7610856,21.35944,281.6433,0.6444302,0.3382132,0.02538313,-0.9407268,-0.2357479,-0.01571492,-0.01354724,-0.2012897,-0.8925425,-4.022636,-0.2860221,-0.3419108,2.072086,0.1977935,0.01047466,0.9801879,-0.3589704,0.931255,0.06248544,-0.9121503,-0.3642176,0.1879563,moving,-86.44086,-83.62946,-7.859204,-9.369833,-9.134349950783644,-18.887203010975387
05/11/2023 10:30:52.110426,4560,True,True,True,True,Eyes,1.174153,0.09474126,-3.459719,-0.8695885,-0.4892465,0.06673622,0.0,0.0,0.0,0.0,0.0,0.0,0.0,3.121274,0.5082932,1.643358,1.016128,0.1039882,-3.414382,0.1445124,-0.615523,0.124805,0.764638,22.00208,282.4885,0.8008991,0.3366896,0.02542416,-0.9412721,-0.221603,-0.01477202,-0.0127344,-0.2236172,-0.8828886,-4.0062,-0.2849675,-0.3391721,2.07223,0.2111102,0.01295988,0.9773764,-0.3687628,0.9270797,0.06735866,-0.9052328,-0.3746401,0.2004951,moving,-85.61147,-82.23244,-7.830051,-9.29546,-9.07723936747717,-18.477115149093013
05/11/2023 10:30:52.120715,4561,True,True,True,True,Eyes,1.166956,0.09516301,-3.458913,-0.8668206,-0.4923439,0.07886317,0.0,0.0,0.0,0.0,0.0,0.0,0.0,3.097182,0.523512,1.672419,1.005676,0.1038622,-3.411952,0.1472457,-0.6095747,0.1274462,0.7684366,22.43741,283.3535,1.01382,0.3351515,0.02547431,-0.9418195,-0.2083068,-0.0138857,-0.01197034,-0.2401321,-0.8782896,-3.994392,-0.2839644,-0.3365694,2.072366,0.2243523,0.01635413,0.9743709,-0.3753831,0.9241523,0.07092204,-0.8993073,-0.381674,0.2134747,moving,-84.80155,-80.89973,-7.80232,-9.224764,-9.020428691038815,-18.085806502423193
05/11/2023 10:30:52.140609,4562,True,True,True,True,Eyes,1.159616,0.09560421,-3.458024,-0.8639404,-0.4953175,0.09092619,0.0,0.0,0.0,0.0,0.0,0.0,0.0,3.076001,0.5271997,1.698976,0.9954789,0.1047123,-3.409442,0.1480811,-0.6045685,0.1291315,0.7719418,22.62869,284.1177,1.26106,0.3335969,0.02553319,-0.9423697,-0.1958084,-0.01305256,-0.01125212,-0.2505892,-0.8833086,-3.984393,-0.2829822,-0.3340176,2.0725,0.235644,0.02031364,0.9716272,-0.3784142,0.9227941,0.07248231,-0.8951395,-0.3847575,0.2251379,moving,-83.99197,-79.59794,-7.775167,-9.155431,-8.962639215054981,-17.70347926691902
05/11/2023 10:30:52.160420,4563,True,True,True,True,Eyes,1.152141,0.09601242,-3.45706,-0.8611819,-0.497871,0.1024223,0.0,0.0,0.0,0.0,0.0,0.0,0.0,3.055714,0.526787,1.723762,0.9850483,0.1056711,-3.406576,0.1480418,-0.6000159,0.1299708,0.775353,22.67717,284.8277,1.483753,0.3320244,0.02560054,-0.9429231,-0.1840599,-0.0122694,-0.01057699,-0.2607127,-0.891845,-3.971333,-0.281963,-0.3313725,2.072638,0.2461772,0.02389172,0.9689304,-0.3792014,0.9223824,0.07360016,-0.8919659,-0.3855384,0.2361292,moving,-83.21754,-78.37527,-7.746995,-9.083549,-8.906612477791965,-17.34431495807109
05/11/2023 10:30:52.170638,4564,True,True,True,True,Eyes,1.144543,0.09638822,-3.456014,-0.8584114,-0.5001861,0.1137708,0.0,0.0,0.0,0.0,0.0,0.0,0.0,3.037418,0.524526,1.745216,0.9746511,0.1053424,-3.403788,0.1471901,-0.5961043,0.1296715,0.7785757,22.56881,285.4496,1.64056,0.3304331,0.0256747,-0.9434799,-0.1730163,-0.01153324,-0.009942373,-0.269332,-0.9025581,-3.956107,-0.280897,-0.328604,2.072783,0.25569,0.0264368,0.9663973,-0.3773993,0.9230408,0.0746018,-0.8900518,-0.3837926,0.2459895,moving,-82.45023,-77.1857,-7.717525,-9.008288,-8.850378956782148,-16.994800911204386
05/11/2023 10:30:52.195641,4565,True,True,True,True,Eyes,1.136812,0.09672633,-3.454881,-0.8558363,-0.502062,0.1244105,0.0,0.0,0.0,0.0,0.0,0.0,0.0,3.021907,0.5205915,1.76165,0.9643444,0.1050081,-3.400788,0.1460263,-0.5929524,0.1288156,0.7813389,22.39285,285.9559,1.743077,0.3288214,0.02575422,-0.9440407,-0.1626353,-0.01084125,-0.00934583,-0.2779287,-0.9141085,-3.939079,-0.2799098,-0.3260381,2.072918,0.2636281,0.02812406,0.9642144,-0.3744705,0.9241658,0.07542896,-0.8889726,-0.380955,0.2541677,moving,-81.729,-76.0825,-7.690237,-8.938518,-8.79702936854024,-16.670612924254545
05/11/2023 10:30:52.210774,4566,True,True,True,True,Eyes,1.128961,0.09699868,-3.453645,-0.8532413,-0.5037813,0.134847,0.0,0.0,0.0,0.0,0.0,0.0,0.0,3.008819,0.5166847,1.773034,0.9536653,0.1044749,-3.39753,0.1450203,-0.5903375,0.1280069,0.7836358,22.23589,286.374,1.820121,0.3271886,0.02583764,-0.9446055,-0.1528772,-0.01019077,-0.00878508,-0.2871308,-0.9238187,-3.921633,-0.2788263,-0.3232255,2.073065,0.2702316,0.02939979,0.9623464,-0.3718434,0.9251667,0.07615155,-0.888092,-0.3784207,0.2609414,moving,-81.0192,-75.01494,-7.660285,-8.862019,-8.743925644988785,-16.356835576454127
05/11/2023 10:30:52.230447,4567,True,True,True,True,Eyes,1.120999,0.09720597,-3.452309,-0.8507777,-0.5052654,0.1445133,0.0,0.0,0.0,0.0,0.0,0.0,0.0,2.996249,0.5170571,1.78142,0.9431199,0.1031942,-3.393846,0.1446667,-0.5878657,0.1273057,0.7856711,22.14786,286.7526,1.853137,0.325534,0.02592286,-0.9451746,-0.1437046,-0.009579325,-0.008257975,-0.2983207,-0.9323636,-3.901263,-0.2777876,-0.3205307,2.073205,0.2764145,0.02995165,0.9605718,-0.3701299,0.9257296,0.07764353,-0.8869042,-0.3769981,0.266971,moving,-80.35974,-74.0387,-7.631574,-8.788704,-8.694072688793455,-16.06984430123399
05/11/2023 10:30:52.240257,4568,True,True,True,True,Eyes,1.112933,0.09736096,-3.450856,-0.8482903,-0.5066642,0.1539316,0.0,0.0,0.0,0.0,0.0,0.0,0.0,2.984791,0.5173842,1.787789,0.9326785,0.1018631,-3.390072,0.1445822,-0.5855493,0.1271912,0.7874328,22.12639,287.1046,1.91706,0.3238577,0.02600802,-0.945748,-0.1350823,-0.009004566,-0.007762496,-0.3092511,-0.9398745,-3.881025,-0.276808,-0.3179851,2.073339,0.2819088,0.03098917,0.9589407,-0.3696291,0.9258367,0.07874398,-0.8853824,-0.376651,0.272456,moving,-79.71496,-73.10049,-7.604494,-8.719429,-8.644791245115707,-15.793974891373885
05/11/2023 10:30:52.260461,4569,True,True,True,True,Eyes,1.104759,0.09747416,-3.449278,-0.8459167,-0.507933,0.1625696,0.0,0.0,0.0,0.0,0.0,0.0,0.0,2.97644,0.5163589,1.788528,0.9222633,0.1007919,-3.385843,0.1446261,-0.5839412,0.1273854,0.7885866,22.14004,287.3482,1.979966,0.3221598,0.02609179,-0.9463255,-0.1269774,-0.008464292,-0.007296747,-0.3204208,-0.9454145,-3.86183,-0.2757589,-0.3152625,2.073482,0.2855712,0.03200251,0.957823,-0.3698151,0.9257125,0.07932924,-0.8841299,-0.3768715,0.2761919,moving,-79.12144,-72.25216,-7.575493,-8.645323,-8.598922650788992,-15.544478207743783
05/11/2023 10:30:52.280648,4570,True,True,True,True,Eyes,1.096465,0.09754331,-3.447565,-0.8435478,-0.5091066,0.1709899,0.0,0.0,0.0,0.0,0.0,0.0,0.0,2.967098,0.5184742,1.789144,0.9116254,0.09989965,-3.381195,0.1449669,-0.5822414,0.1270333,0.7898368,22.14355,287.593,1.971177,0.3204401,0.02617328,-0.9469069,-0.1193587,-0.007956434,-0.006858942,-0.334,-0.9474694,-3.843288,-0.2747353,-0.3126032,2.073621,0.2897149,0.03185973,0.9565827,-0.3694826,0.9256943,0.08107221,-0.8829201,-0.3769284,0.2799591,moving,-78.54122,-71.43473,-7.547195,-8.572916,-8.553689245688368,-15.304025457632939
05/11/2023 10:30:52.300635,4571,True,True,True,True,Eyes,1.088049,0.09760926,-3.445739,-0.8423694,-0.5082768,0.1790769,0.0,0.0,0.0,0.0,0.0,0.0,0.0,2.95449,0.5305852,1.791552,0.9006453,0.09881718,-3.37628,0.1459951,-0.5800911,0.1247661,0.7915891,22.07919,287.8703,1.740539,0.3186981,0.02625163,-0.9474925,-0.1121972,-0.007479048,-0.006447405,-0.3496891,-0.9455492,-3.82676,-0.2736855,-0.3098767,2.073765,0.2958557,0.02814604,0.9548179,-0.3669079,0.9262377,0.08638489,-0.881957,-0.3758876,0.2843596,moving,-77.99832,-70.59154,-7.518174,-8.498661,-8.513952345428265,-15.056288395118681
05/11/2023 10:30:52.310571,4572,True,True,True,True,Eyes,1.079529,0.09758537,-3.443796,-0.8411487,-0.5074281,0.1870443,0.0,0.0,0.0,0.0,0.0,0.0,0.0,2.940447,0.5493712,1.794476,0.8897789,0.0982995,-3.37147,0.147765,-0.5777042,0.1216309,0.793492,22.02641,288.155,1.378266,0.3169333,0.02632718,-0.9480821,-0.1054654,-0.007030305,-0.006060561,-0.3658495,-0.942953,-3.809792,-0.2726643,-0.307227,2.073903,0.3029276,0.02229734,0.9527528,-0.3637552,0.9267429,0.09396728,-0.8808616,-0.375034,0.2888468,moving,-77.46325,-69.76549,-7.489948,-8.426487,-8.474624120538682,-14.813570321452392
05/11/2023 10:30:52.320751,4573,True,True,True,True,Eyes,1.07092,0.09753054,-3.441728,-0.8413157,-0.5035104,0.1966347,0.0,0.0,0.0,0.0,0.0,0.0,0.0,2.924391,0.5641475,1.80186,0.879034,0.09600212,-3.366765,0.1487334,-0.5748237,0.1190019,0.7957982,21.93372,288.5375,1.137321,0.3151459,0.02639782,-0.9486758,0.0,0.0,0.0,-0.3817112,-0.9412684,-3.793347,-0.2715893,-0.3044346,2.074049,0.3108326,0.01841196,0.9502864,-0.3603938,0.9274339,0.09991335,-0.8794882,-0.3735337,0.2949122,moving,-76.84482,-68.66798,-7.460229,-8.350401,-8.43388370084276,-14.491576798837606
05/11/2023 10:30:52.340307,4574,True,True,True,True,Eyes,1.062207,0.09743872,-3.439518,-0.8413747,-0.4996596,0.2059828,0.0,0.0,0.0,0.0,0.0,0.0,0.0,2.913403,0.5680438,1.804491,0.8685198,0.09431702,-3.362076,0.1488185,-0.5728811,0.1177247,0.7973716,21.85209,288.8137,1.063693,0.3133365,0.02646327,-0.9492731,0.0,0.0,0.0,-0.3958815,-0.9406035,-3.779581,-0.2706113,-0.3018951,2.074183,0.3158965,0.01723001,0.9486372,-0.3582512,0.9279879,0.1024428,-0.8785589,-0.3722118,0.2993207,moving,-76.24359,-67.59628,-7.433193,-8.28119,-8.394432058531857,-14.177169562037431
05/11/2023 10:30:52.360492,4575,True,True,True,True,Eyes,1.053384,0.09730395,-3.43717,-0.8412974,-0.4958873,0.2152079,0.0,0.0,0.0,0.0,0.0,0.0,0.0,2.902841,0.570585,1.804969,0.8574497,0.09330316,-3.356492,0.1488395,-0.5711865,0.1163218,0.798788,21.75665,289.0528,0.9749146,0.3115044,0.02652319,-0.9498743,0.0,0.0,0.0,-0.4103841,-0.9401581,-3.765797,-0.2694306,-0.2988302,2.074343,0.3204305,0.01580265,0.9471403,-0.3558631,0.9286321,0.1048996,-0.8778872,-0.3706653,0.3031857,moving,-75.65116,-66.53986,-7.400557,-8.19764,-8.355571268231461,-13.867246257236364
05/11/2023 10:30:52.370968,4576,True,True,True,True,Eyes,1.044471,0.09709039,-3.434689,-0.8410845,-0.4922009,0.2243104,0.0,0.0,0.0,0.0,0.0,0.0,0.0,2.88775,0.5790212,1.810705,0.8462713,0.09212679,-3.350874,0.1493574,-0.5685651,0.1143461,0.800844,21.66939,289.4108,0.8205053,0.3096502,0.02657701,-0.9504789,0.0,0.0,0.0,-0.4254293,-0.9398618,-3.749241,-0.268465,-0.2963218,2.074475,0.3273174,0.01330804,0.9448208,-0.3529856,0.9292347,0.1091975,-0.876507,-0.3692503,0.3088523,moving,-75.06724,-65.49986,-7.373862,-8.129243,-8.317227581044481,-13.5621364280419
05/11/2023 10:30:52.390795,4577,True,True,True,True,Eyes,0.8193444,0.08993773,-3.369355,-0.8080814,-0.3908511,0.4407265,0.0,0.0,0.0,0.0,0.0,0.0,0.0,2.870606,0.5887265,1.819254,0.8354297,0.08996437,-3.34524,0.1498464,-0.5655105,0.1124055,0.8031867,21.58261,289.8327,0.6830823,0.3077739,0.02662326,-0.9510868,0.0,0.0,0.0,-0.4410769,-0.9391745,-3.730485,-0.2675289,-0.2938899,2.074602,0.3351258,0.0110859,0.9421082,-0.3500446,0.9298221,0.1135762,-0.8747339,-0.3678422,0.3154879,moving,-61.39201,-41.56769,-7.347986,-8.062921,-7.405217097082173,-6.53978389772142
05/11/2023 10:30:52.410487,4578,True,True,True,True,Eyes,0.8189225,0.08986837,-3.369104,-0.8079413,-0.3908451,0.4409885,0.0,0.0,0.0,0.0,0.0,0.0,0.0,2.853978,0.5908697,1.829,0.8244913,0.08799583,-3.339465,0.1496583,-0.562413,0.1116946,0.8054926,21.51435,290.2885,0.7143465,0.2980117,0.02650823,-0.9541937,-0.6753802,-0.02145799,0.196003,-0.4558598,-0.9390021,-3.713869,-0.2665317,-0.2913004,2.074738,0.3424319,0.01159874,0.9394711,-0.3482779,0.9302534,0.1154604,-0.8726071,-0.3667343,0.3225879,moving,-61.37352,-41.55036,-7.320419,-7.99228,-7.403487684107558,-6.534653526040425
05/11/2023 10:30:52.420370,4579,True,True,True,True,Eyes,0.8180767,0.08970905,-3.368601,-0.8076202,-0.3909648,0.4414706,0.0,0.0,0.0,0.0,0.0,0.0,0.0,2.838515,0.5870501,1.838174,0.8141441,0.08635857,-3.333226,0.149235,-0.5594515,0.112615,0.8075029,21.53199,290.7447,0.9174479,0.2899449,0.02641545,-0.9566783,-0.6348574,-0.02017051,0.1842428,-0.4715423,-0.9384985,-3.69536,-0.2654476,-0.2884879,2.074885,0.3486637,0.01489438,0.9371296,-0.3488534,0.9300935,0.1150101,-0.8699051,-0.3670206,0.3294859,moving,-61.33759,-41.52798,-7.290455,-7.915544,-7.399754023994791,-6.527964609660084
05/11/2023 10:30:52.441134,4580,True,True,True,True,Eyes,0.8168421,0.08947843,-3.36787,-0.8070735,-0.3911345,0.4423191,0.0,0.0,0.0,0.0,0.0,0.0,0.0,2.816792,0.5943719,1.852539,0.8034497,0.0840909,-3.326695,0.1499373,-0.5552606,0.1126649,0.8102537,21.59795,291.3438,0.9900649,0.2832541,0.0263383,-0.9586828,-0.596766,-0.01896027,0.1731882,-0.4885136,-0.9359438,-3.676983,-0.2644495,-0.2858946,2.075021,0.3579846,0.01606588,0.9335893,-0.3490829,0.9296508,0.1178577,-0.8660185,-0.3680913,0.338409,moving,-61.27493,-41.48573,-7.262866,-7.844772,-7.393349075608367,-6.51536422379514
05/11/2023 10:30:52.460280,4581,True,True,True,True,Eyes,0.8152215,0.08921789,-3.366931,-0.8064256,-0.3912951,0.4433575,0.0,0.0,0.0,0.0,0.0,0.0,0.0,2.790099,0.6108205,1.871975,0.7932632,0.08210738,-3.320548,0.1514818,-0.5501178,0.1115735,0.8136185,21.66961,292.0475,0.9181013,0.2776797,0.02627161,-0.960314,-0.5609601,-0.01782266,0.1627969,-0.5030272,-0.9368377,-3.658457,-0.2634275,-0.2832391,2.07516,0.3698436,0.01489079,0.9289747,-0.3482221,0.9292092,0.1237397,-0.8613693,-0.3692539,0.3488473,moving,-61.19884,-41.43073,-7.234615,-7.772288,-7.385693356149267,-6.4989902434623295
05/11/2023 10:30:52.480227,4582,True,True,True,True,Eyes,0.8132252,0.08903081,-3.36579,-0.8057005,-0.3913482,0.444627,0.0,0.0,0.0,0.0,0.0,0.0,0.0,2.764628,0.6174101,1.892592,0.7827579,0.08116508,-3.314661,0.1517943,-0.5451525,0.1108546,0.8169937,21.6475,292.7565,0.9637181,0.2730086,0.02621219,-0.9616541,-0.5273024,-0.0167533,0.1530291,-0.5195306,-0.933832,-3.64236,-0.2623646,-0.2804804,2.075305,0.38104,0.015633,0.9244263,-0.346637,0.9293395,0.1271645,-0.857118,-0.3688951,0.3595345,moving,-61.10783,-41.35332,-7.205236,-7.696968,-7.376920401509057,-6.476029407988896
05/11/2023 10:30:52.490818,4583,True,True,True,True,Eyes,0.810827,0.08909979,-3.364424,-0.8050522,-0.3913831,0.4457693,0.0,0.0,0.0,0.0,0.0,0.0,0.0,2.749562,0.6057998,1.903462,0.7719384,0.08284714,-3.3087,0.1503304,-0.5423045,0.1109649,0.819142,21.50838,293.207,1.154314,0.2690666,0.02616035,-0.9627659,-0.4956643,-0.0157481,0.1438474,-0.5345744,-0.9323056,-3.62636,-0.2613451,-0.2778333,2.075443,0.3871853,0.01874239,0.9218115,-0.3448417,0.9301751,0.1259303,-0.855086,-0.3666374,0.3666133,moving,-61.02605,-41.28296,-7.177059,-7.624684,-7.369063621009907,-6.455164659737124
05/11/2023 10:30:52.510738,4584,True,True,True,True,Eyes,0.8080482,0.0891826,-3.362836,-0.8042127,-0.3914344,0.4472372,0.0,0.0,0.0,0.0,0.0,0.0,0.0,2.738008,0.5907853,1.908571,0.760049,0.08911697,-3.30193,0.1489035,-0.5404146,0.1101252,0.8207633,21.31257,293.5054,1.219932,0.2655965,0.02611957,-0.96373,-0.4659244,-0.01480321,0.1352165,-0.5486285,-0.9332929,-3.610421,-0.2603026,-0.2751276,2.075584,0.3916492,0.01983425,0.9199009,-0.3417128,0.9314004,0.1254026,-0.8543087,-0.3634556,0.3715598,moving,-60.92077,-41.19331,-7.148241,-7.550783,-7.358918485113449,-6.428573912389019
05/11/2023 10:30:52.520339,4585,True,True,True,True,Eyes,0.804938,0.08934291,-3.361061,-0.8033395,-0.3914913,0.448754,0.0,0.0,0.0,0.0,0.0,0.0,0.0,2.711987,0.6018462,1.925821,0.7484978,0.08949111,-3.295089,0.1499951,-0.535477,0.1087152,0.8239824,21.32241,294.1776,1.139229,0.2624054,0.02608664,-0.9646047,-0.437969,-0.01391502,0.1271035,-0.5630293,-0.9320014,-3.596367,-0.2593173,-0.272567,2.075719,0.4028908,0.01852108,0.9150608,-0.3397967,0.931365,0.1307576,-0.8498337,-0.3636156,0.3815317,moving,-60.81181,-41.10133,-7.121006,-7.480826,-7.348392191267499,-6.401287096561243
05/11/2023 10:30:52.540165,4586,True,True,True,True,Eyes,0.8015395,0.08956217,-3.3591,-0.8023354,-0.3914665,0.4505683,0.0,0.0,0.0,0.0,0.0,0.0,0.0,2.681395,0.6071389,1.952237,0.7378871,0.09147081,-3.288902,0.1494747,-0.5298816,0.1054233,0.8281117,21.05643,294.9571,0.994457,0.259458,0.02606328,-0.9654023,-0.4116908,-0.01308012,0.1194773,-0.5774598,-0.9315203,-3.58058,-0.2582667,-0.2698412,2.075863,0.4162229,0.01619679,0.9091185,-0.3330123,0.9330865,0.1358397,-0.846086,-0.3592872,0.3937657,moving,-60.6827,-40.98504,-7.091965,-7.406342,-7.336160351588764,-6.366834063117996
05/11/2023 10:30:52.560525,4587,True,True,True,True,Eyes,0.7978356,0.08980238,-3.356932,-0.8013453,-0.3914939,0.4523032,0.0,0.0,0.0,0.0,0.0,0.0,0.0,2.659287,0.6036195,1.969541,0.7275015,0.09292714,-3.28289,0.1487324,-0.5256577,0.1047553,0.8310168,20.93626,295.5705,1.088471,0.2567236,0.02605046,-0.9661334,-0.3869894,-0.01229531,0.1123087,-0.5912945,-0.9297462,-3.568623,-0.2572296,-0.2671466,2.076003,0.4254206,0.01774207,0.9048218,-0.3304714,0.9338101,0.1370674,-0.8424998,-0.3573291,0.4031253,moving,-60.55832,-40.87803,-7.063299,-7.332702,-7.3242108574834575,-6.335101015471714
05/11/2023 10:30:52.590586,4588,True,True,True,True,Eyes,0.7938626,0.09013075,-3.354581,-0.8002243,-0.3914942,0.4542832,0.0,0.0,0.0,0.0,0.0,0.0,0.0,2.635079,0.586154,1.991536,0.7167984,0.0938704,-3.275794,0.1460079,-0.5210927,0.1051539,0.8343181,20.68464,296.2848,1.426903,0.2541742,0.02604799,-0.9668074,-0.36377,-0.01155759,0.1055702,-0.6044692,-0.9300819,-3.558845,-0.2561904,-0.2644483,2.076144,0.4348102,0.02329641,0.9002207,-0.3276309,0.9352487,0.1340441,-0.8388075,-0.3532239,0.4142883,moving,-60.41665,-40.75425,-7.03458,-7.258946,-7.310662838805072,-6.298406555215865
05/11/2023 10:30:52.590586,4589,True,True,True,True,Eyes,0.7896304,0.09052774,-3.35204,-0.7989497,-0.3918773,0.4561926,0.0,0.0,0.0,0.0,0.0,0.0,0.0,2.615617,0.5767072,2.004992,0.7069726,0.09667112,-3.268774,0.1452167,-0.5174296,0.1060861,0.8366148,20.65654,296.832,1.667444,0.2517847,0.02605759,-0.9674321,-0.3419438,-0.01086414,0.09923594,-0.6192865,-0.9251918,-3.548702,-0.2550971,-0.2616094,2.076293,0.4420246,0.02722759,0.8965895,-0.3277853,0.9353156,0.1331967,-0.8349676,-0.3527651,0.4223574,moving,-60.27405,-40.66315,-7.004358,-7.181327,-7.295919800851809,-6.271197939789524
05/11/2023 10:30:52.610588,4590,True,True,True,True,Eyes,0.7851653,0.0910079,-3.349326,-0.7974166,-0.3923063,0.4585003,0.0,0.0,0.0,0.0,0.0,0.0,0.0,2.581656,0.5954494,2.028582,0.6970015,0.09868474,-3.261763,0.1478173,-0.5108522,0.1054527,0.8402738,20.86428,297.7,1.606256,0.2495338,0.02608028,-0.9680147,-0.3214272,-0.01021229,0.09328179,-0.6366566,-0.9137484,-3.540497,-0.2541222,-0.2590767,2.076426,0.4558195,0.02619274,0.8896867,-0.3282439,0.9340595,0.1406725,-0.8273358,-0.3561555,0.4343602,moving,-60.10187,-40.55127,-6.977415,-7.11207,-7.2781807442864865,-6.237798551203814
05/11/2023 10:30:52.620869,4591,True,True,True,True,Eyes,0.7805048,0.0915442,-3.346479,-0.7958522,-0.3929551,0.4606577,0.0,0.0,0.0,0.0,0.0,0.0,0.0,2.546422,0.6099615,2.054684,0.6874184,0.1011175,-3.255039,0.1494869,-0.5041676,0.1040641,0.8441798,20.93563,298.5894,1.531656,0.2474016,0.02611738,-0.9685607,-0.3021415,-0.009599552,0.08768488,-0.6533296,-0.9032462,-3.527081,-0.2531224,-0.2564816,2.076562,0.4699715,0.02496468,0.8823285,-0.3264304,0.9336486,0.1474562,-0.8201037,-0.357319,0.4469375,moving,-59.93675,-40.46519,-6.949782,-7.041092,-7.2604685153588875,-6.211929081884175
05/11/2023 10:30:52.640183,4592,True,True,True,True,Eyes,0.7756633,0.09208075,-3.343492,-0.7941421,-0.3934785,0.4631554,0.0,0.0,0.0,0.0,0.0,0.0,0.0,2.513834,0.6181006,2.079986,0.6785282,0.10303,-3.249113,0.1502569,-0.4979285,0.1031565,0.8478495,20.94795,299.4368,1.551629,0.2453717,0.02616926,-0.9690756,-0.2840131,-0.00902358,0.08242379,-0.6745791,-0.8875107,-3.511031,-0.2520861,-0.2537893,2.076703,0.4828519,0.02528805,0.8753369,-0.3245569,0.9335632,0.1520614,-0.8133369,-0.3575197,0.4589802,moving,-59.74863,-40.34991,-6.921138,-6.967442,-7.240857448668006,-6.177458241281028
05/11/2023 10:30:52.660884,4593,True,True,True,True,Eyes,0.7706227,0.09262271,-3.340376,-0.7930735,-0.3942744,0.4643082,0.0,0.0,0.0,0.0,0.0,0.0,0.0,2.487446,0.6096567,2.1015,0.669665,0.1037065,-3.242864,0.1487398,-0.4929374,0.1033368,0.8510056,20.79553,300.1666,1.792459,0.2434296,0.02623462,-0.9695634,-0.2669723,-0.008482165,0.07747836,-0.6958043,-0.8654637,-3.501805,-0.2510113,-0.2509995,2.076849,0.4926685,0.02924147,0.8697256,-0.3225192,0.934396,0.1512798,-0.8082445,-0.355034,0.4697784,moving,-59.65298,-40.33675,-6.891431,-6.89111,-7.229385044049216,-6.173132077947446
05/11/2023 10:30:52.670870,4594,True,True,True,True,Eyes,0.7654185,0.09319905,-3.337092,-0.7919942,-0.3948037,0.4656986,0.0,0.0,0.0,0.0,0.0,0.0,0.0,2.469076,0.5860783,2.116633,0.6603438,0.1048238,-3.236189,0.145083,-0.4896938,0.1033402,0.8535054,20.41812,300.6883,2.098099,0.2415621,0.02631247,-0.9700283,-0.2509539,-0.007973235,0.07282966,-0.7134299,-0.8533093,-3.496284,-0.2499839,-0.2483326,2.076989,0.4990415,0.03431039,0.8658985,-0.3184954,0.9365435,0.1464481,-0.8059269,-0.3488684,0.4783017,moving,-59.54415,-40.29016,-6.863039,-6.818132,-7.217375940984904,-6.159027864920691
05/11/2023 10:30:52.690613,4595,True,True,True,True,Eyes,0.7600563,0.09374796,-3.333644,-0.790969,-0.395169,0.4671291,0.0,0.0,0.0,0.0,0.0,0.0,0.0,2.453323,0.5644451,2.127025,0.6513824,0.1063731,-3.228933,0.1417898,-0.4871436,0.1029403,0.8555642,20.05451,301.0971,2.318413,0.2397574,0.02640276,-0.9704735,-0.2358967,-0.007494841,0.06845988,-0.7308912,-0.8421704,-3.483458,-0.2489907,-0.2457525,2.077124,0.5041888,0.03800008,0.8627571,-0.3142881,0.9385979,0.1423272,-0.8043736,-0.342914,0.4851735,moving,-59.43483,-40.22964,-6.835588,-6.747516,-7.205765874597054,-6.140875593428585
05/11/2023 10:30:52.710534,4596,True,True,True,True,Eyes,0.7545667,0.09423748,-3.330044,-0.7898504,-0.3954998,0.4687391,0.0,0.0,0.0,0.0,0.0,0.0,0.0,2.435565,0.5523958,2.136644,0.6424301,0.1063731,-3.221542,0.1396664,-0.4841786,0.10225,0.8576768,19.7911,301.5352,2.445444,0.2380062,0.02650365,-0.9709018,-0.2217429,-0.00704515,0.06435229,-0.7428138,-0.8398354,-3.470723,-0.2479405,-0.2430263,2.077267,0.510232,0.04014782,0.8590993,-0.3106418,0.9400765,0.1405628,-0.8019757,-0.3385918,0.4921287,moving,-59.31286,-40.15609,-6.806565,-6.672887,-7.193011382520818,-6.118872523881206
05/11/2023 10:30:52.730355,4597,True,True,True,True,Eyes,0.7489757,0.09467556,-3.3263,-0.7886493,-0.3961783,0.4701862,0.0,0.0,0.0,0.0,0.0,0.0,0.0,2.417435,0.554626,2.143307,0.6340982,0.1054464,-3.214368,0.1397302,-0.4810226,0.1016576,0.8595107,19.75497,301.9608,2.455673,0.2362998,0.02661254,-0.9713154,-0.2084383,-0.006622441,0.06049115,-0.7534196,-0.8401515,-3.456673,-0.2469517,-0.2404581,2.077402,0.5165661,0.04032481,0.8552972,-0.3091783,0.9402825,0.1424,-0.7984788,-0.3379983,0.4981856,moving,-59.19696,-40.11745,-6.77924,-6.602572,-7.179859622477544,-6.107039830641244
05/11/2023 10:30:52.740211,4598,True,True,True,True,Eyes,0.743312,0.0950684,-3.322424,-0.7871923,-0.397242,0.4717278,0.0,0.0,0.0,0.0,0.0,0.0,0.0,2.398691,0.5758774,2.145696,0.6263382,0.1046058,-3.207198,0.1429512,-0.4776207,0.1011949,0.8609315,20.04804,302.3659,2.299445,0.234631,0.02672734,-0.9717167,-0.195932,-0.006225095,0.05686168,-0.7670655,-0.8345329,-3.443918,-0.2459426,-0.2378376,2.077539,0.5232762,0.03769094,0.8513293,-0.3107967,0.9386491,0.1494768,-0.7934655,-0.342808,0.5028869,moving,-59.0677,-40.10073,-6.75135,-6.530816,-7.164320838089325,-6.101502585185872
05/11/2023 10:30:52.760743,4599,True,True,True,True,Eyes,0.7375674,0.09545191,-3.318428,-0.7855285,-0.3989007,0.4730996,0.0,0.0,0.0,0.0,0.0,0.0,0.0,2.37574,0.6166997,2.147472,0.6192336,0.1037032,-3.200295,0.1493371,-0.4732305,0.1010085,0.8622927,20.67981,302.8508,2.012571,0.2329953,0.02684624,-0.972107,-0.1841761,-0.005851589,0.05344998,-0.7850674,-0.8191711,-3.431839,-0.2449029,-0.2351383,2.07768,0.5317005,0.03285602,0.8462949,-0.3155395,0.9349914,0.161944,-0.7859578,-0.3531452,0.5075027,moving,-58.94073,-40.13639,-6.72262,-6.45689,-7.14733728969694,-6.111189328824863
05/11/2023 10:30:52.780624,4600,True,True,True,True,Eyes,0.7317712,0.09580467,-3.314332,-0.7834457,-0.401094,0.4746962,0.0,0.0,0.0,0.0,0.0,0.0,0.0,2.345377,0.6687478,2.153088,0.6119916,0.1036523,-3.193513,0.1575372,-0.4672898,0.1008827,0.8640862,21.50204,303.5089,1.669814,0.2313873,0.02696872,-0.9724876,-0.1731255,-0.005500494,0.05024298,-0.8010091,-0.80976,-3.416606,-0.2438652,-0.2324441,2.077821,0.5429257,0.02711163,0.839343,-0.3215738,0.9300094,0.1779686,-0.7757719,-0.3665344,0.5136445,moving,-58.78798,-40.1961,-6.693942,-6.38309,-7.126350268028557,-6.127724619750222
05/11/2023 10:30:52.793343,4601,True,True,True,True,Eyes,0.725926,0.09616145,-3.310148,-0.7812104,-0.4036734,0.4761913,0.0,0.0,0.0,0.0,0.0,0.0,0.0,2.30823,0.7261224,2.163442,0.605446,0.1030285,-3.187237,0.1664532,-0.4599564,0.1012091,0.8663083,22.42682,304.3422,1.378285,0.229803,0.02709365,-0.9728598,-0.162738,-0.005170464,0.0472284,-0.8177236,-0.8005005,-3.394306,-0.2428177,-0.2297246,2.077964,0.5563936,0.02223408,0.8306212,-0.3284789,0.9241002,0.195296,-0.763235,-0.381503,0.5214669,moving,-58.63536,-40.28836,-6.664994,-6.308586,-7.104304474618583,-6.153713590382721
05/11/2023 10:30:52.810395,4602,True,True,True,True,Eyes,0.7200564,0.09659576,-3.305904,-0.7787252,-0.4063548,0.4779778,0.0,0.0,0.0,0.0,0.0,0.0,0.0,2.274309,0.7682679,2.174045,0.5988678,0.1034,-3.181171,0.1730711,-0.4533649,0.1013577,0.8684661,23.11119,305.1118,1.191338,0.2282379,0.02722109,-0.9732245,-0.1529737,-0.004860236,0.0443947,-0.830707,-0.7953225,-3.372089,-0.2417654,-0.2269907,2.078108,0.5683737,0.0191227,0.8225484,-0.3329801,0.9195461,0.2087086,-0.75238,-0.3925167,0.5290133,moving,-58.4586,-40.36967,-6.635913,-6.233676,-7.079615229067552,-6.176395245089647
05/11/2023 10:30:52.826306,4603,True,True,True,True,Eyes,0.7141711,0.09705511,-3.301591,-0.776352,-0.4088359,0.4797195,2.234509,-1.020595,-0.8164923,-2.229653,0.9824987,0.07173331,0.1719027,-0.1817341,-0.1022184,2.074812,0.5927918,0.1057036,-3.175623,0.1758137,-0.4473587,0.1019805,0.8709534,23.42166,305.8893,1.269949,0.2266904,0.02735308,-0.9735825,-0.1437953,-0.004568622,0.04173101,-0.8381918,-0.8015125,-3.349036,-0.2407478,-0.2243488,2.078247,0.5789403,0.02033688,0.8151163,-0.3349441,0.917379,0.2150074,-0.7433981,-0.3974948,0.5379195,moving,-58.28747,-40.43895,-6.607794,-6.161277,-7.0560241226785,-6.1956128962654935
05/11/2023 10:30:52.840538,4604,True,True,True,True,Eyes,0.7082719,0.09751286,-3.297193,-0.7738799,-0.4111711,0.4817139,2.23646,-1.02248,-0.822055,-2.219859,0.3950216,-0.2390194,-0.8870331,-0.1987765,-0.1043824,2.074761,0.5868871,0.1067801,-3.169726,0.1762204,-0.442528,0.1033596,0.8731735,23.5295,306.5672,1.533525,0.2251577,0.02749005,-0.9739342,-0.1351676,-0.004294505,0.03922715,-0.8415439,-0.8160611,-3.324308,-0.2397202,-0.2216788,2.078386,0.5869716,0.02453674,0.8092356,-0.3364667,0.9165263,0.216263,-0.7363794,-0.3992211,0.5462307,moving,-58.09915,-40.4827,-6.579397,-6.0881,-7.031136236833329,-6.2073256304309234
05/11/2023 10:30:52.860759,4605,True,True,True,True,Eyes,0.7023577,0.09801832,-3.292671,-0.771319,-0.4095796,0.4871463,0.0,0.0,0.0,0.0,0.0,0.0,0.0,2.197849,0.7729566,2.21989,0.5808637,0.1073927,-3.163381,0.1746598,-0.4387693,0.1049922,0.8751869,23.44413,307.1422,1.905416,0.2236378,0.02763161,-0.9742803,-0.1270575,-0.004036834,0.03687352,-0.8409116,-0.8366122,-3.298143,-0.2387004,-0.219032,2.078524,0.5929161,0.03050485,0.8046861,-0.3370464,0.9169411,0.2135852,-0.7313345,-0.3978547,0.5539508,moving,-57.72449,-40.05622,-6.551221,-6.015547,-6.9985809943184885,-6.081494256873749
05/11/2023 10:30:52.870451,4606,True,True,True,True,Eyes,0.6964271,0.09853023,-3.288053,-0.7686303,-0.4079796,0.492707,0.0,0.0,0.0,0.0,0.0,0.0,0.0,2.176437,0.7601275,2.234063,0.5746224,0.1082939,-3.156547,0.1729072,-0.4348856,0.1062499,0.877319,23.31604,307.729,2.24917,0.2221295,0.02777885,-0.9746211,-0.1194341,-0.003794624,0.03466111,-0.8388272,-0.8571141,-3.27254,-0.2376502,-0.216306,2.078667,0.5991709,0.03604037,0.7998095,-0.3368197,0.9176282,0.2109764,-0.7263241,-0.3958025,0.5619553,moving,-57.33934,-39.62601,-6.522203,-5.940815,-6.964843084213308,-5.954524329214057
05/11/2023 10:30:52.890322,4607,True,True,True,True,Eyes,0.6964271,0.09853023,-3.288053,-0.7686303,-0.4079796,0.492707,0.0,0.0,0.0,0.0,0.0,0.0,0.0,2.151073,0.7530749,2.249877,0.5685648,0.1090888,-3.149765,0.1717341,-0.4303652,0.1066903,0.8797218,23.20287,308.3745,2.487991,0.220631,0.02793158,-0.974957,-0.112268,-0.003566947,0.03258144,-0.8368701,-0.8758804,-3.243221,-0.2365969,-0.2135701,2.07881,0.606806,0.0398988,0.793848,-0.3355322,0.9182492,0.2103249,-0.7205585,-0.393988,0.5705864,moving,-57.33934,-39.62601,-6.4931,-5.865799,-6.964843084213308,-5.954524329214057
05/11/2023 10:30:52.910579,4608,True,True,True,True,Eyes,0.6964271,0.09853023,-3.288053,-0.7686303,-0.4079796,0.492707,0.0,0.0,0.0,0.0,0.0,0.0,0.0,2.125118,0.7464266,2.265541,0.5624949,0.1097274,-3.142851,0.1703652,-0.4258879,0.1062909,0.8822118,23.02497,309.0004,2.642381,0.219282,0.02806895,-0.9752575,-0.1055319,-0.00335293,0.03062656,-0.8376124,-0.888397,-3.212648,-0.2355783,-0.2109242,2.078949,0.6146436,0.04242916,0.787663,-0.332655,0.9193559,0.2100604,-0.71523,-0.3911323,0.5791905,moving,-57.33934,-39.62601,-6.464954,-5.793242,-6.964843084213308,-5.954524329214057
05/11/2023 10:30:52.930257,4609,True,True,True,True,Eyes,0.6899605,0.09907038,-3.282757,-0.7658558,-0.4057491,0.4988311,0.0,0.0,0.0,0.0,0.0,0.0,0.0,2.101559,0.7410196,2.278053,0.556356,0.1102523,-3.135842,0.1691902,-0.4219113,0.1055413,0.8844358,22.85087,309.5462,2.731932,0.2180674,0.02819256,-0.9755262,-0.09920002,-0.003151754,0.02878896,-0.8420475,-0.8922061,-3.184367,-0.234564,-0.2082904,2.079087,0.6217038,0.0439225,0.7820199,-0.3294556,0.9204714,0.2102176,-0.7105937,-0.3883339,0.5867311,moving,-56.92227,-39.1249,-6.43693,-5.721007,-6.929473059360038,-5.80679571261017
05/11/2023 10:30:52.940558,4610,True,True,True,True,Eyes,0.6834871,0.0995727,-3.277371,-0.7629651,-0.4035318,0.5050212,0.0,0.0,0.0,0.0,0.0,0.0,0.0,2.077734,0.7400897,2.288584,0.5501229,0.1103271,-3.128501,0.168468,-0.4180312,0.1038303,0.886616,22.67735,310.0521,2.687619,0.2168218,0.02832558,-0.9757999,0.0,0.0,0.0,-0.8490353,-0.891288,-3.157072,-0.2335767,-0.205727,2.079221,0.6289384,0.04326554,0.7762504,-0.324965,0.9216757,0.2119241,-0.7062821,-0.3855413,0.593737,moving,-56.49866,-38.62623,-6.409653,-5.650698,-6.89320832092537,-5.659741225891858
05/11/2023 10:30:52.960296,4611,True,True,True,True,Eyes,0.6834871,0.0995727,-3.277371,-0.7629651,-0.4035318,0.5050212,0.0,0.0,0.0,0.0,0.0,0.0,0.0,2.050179,0.7445939,2.300355,0.5437751,0.1098812,-3.121142,0.1683708,-0.4134565,0.1016805,0.8890254,22.54772,310.6311,2.579482,0.2155483,0.02846607,-0.9760779,0.0,0.0,0.0,-0.858943,-0.8861986,-3.13213,-0.2325147,-0.2029693,2.079365,0.6374296,0.04156508,0.7693866,-0.3200211,0.9226247,0.2152909,-0.7009066,-0.3834528,0.60141,moving,-56.49866,-38.62623,-6.380314,-5.575047,-6.89320832092537,-5.659741225891858
05/11/2023 10:30:52.970822,4612,True,True,True,True,Eyes,0.6834871,0.0995727,-3.277371,-0.7629651,-0.4035318,0.5050212,0.0,0.0,0.0,0.0,0.0,0.0,0.0,2.024877,0.7484139,2.310289,0.5376793,0.1094293,-3.113939,0.1684597,-0.4091701,0.1003967,0.8911351,22.48239,311.1815,2.54795,0.2144018,0.02859247,-0.9763267,0.0,0.0,0.0,-0.8702773,-0.8788704,-3.110586,-0.2315118,-0.2003655,2.079502,0.6450007,0.04107673,0.7630771,-0.3167914,0.9230837,0.218082,-0.695426,-0.3823994,0.6084024,moving,-56.49866,-38.62623,-6.352605,-5.503612,-6.89320832092537,-5.659741225891858
05/11/2023 10:30:52.990586,4613,True,True,True,True,Eyes,0.6765013,0.09998142,-3.271298,-0.7599252,-0.401298,0.511345,0.0,0.0,0.0,0.0,0.0,0.0,0.0,2.001618,0.7561293,2.316605,0.5315786,0.1088032,-3.106518,0.1694139,-0.4051715,0.09964731,0.8928638,22.53672,311.6868,2.523051,0.2133697,0.0287062,-0.9765494,0.0,0.0,0.0,-0.8820239,-0.8721722,-3.09172,-0.2304792,-0.1976845,2.079643,0.651813,0.0406596,0.7572891,-0.3152263,0.9227387,0.2217785,-0.6897625,-0.3832754,0.61427,moving,-56.06384,-38.12444,-6.324074,-5.430046,-6.855651140469018,-5.511721541812501
05/11/2023 10:30:53.010404,4614,True,True,True,True,Eyes,0.669531,0.100345,-3.265154,-0.7566954,-0.3992659,0.5176859,0.0,0.0,0.0,0.0,0.0,0.0,0.0,1.976212,0.7707094,2.322078,0.5254195,0.10793,-3.098989,0.1713341,-0.4007974,0.09841315,0.8946068,22.6711,312.2162,2.406313,0.2122765,0.02882737,-0.976784,0.0,0.0,0.0,-0.8927439,-0.8681259,-3.074071,-0.229385,-0.1948431,2.079792,0.6593527,0.03874163,0.7508351,-0.3134227,0.921919,0.2276658,-0.6833889,-0.3854407,0.6200122,moving,-55.62239,-37.64124,-6.293845,-5.352074,-6.816654693444154,-5.369065708424814
05/11/2023 10:30:53.020240,4615,True,True,True,True,Eyes,0.6625666,0.1006716,-3.25895,-0.753658,-0.3972681,0.5236198,0.0,0.0,0.0,0.0,0.0,0.0,0.0,1.946118,0.7906048,2.329178,0.5191363,0.1070898,-3.091363,0.1738667,-0.3956334,0.09639084,0.8966345,22.83389,312.8248,2.193793,0.2111282,0.02895405,-0.9770291,0.0,0.0,0.0,-0.9021561,-0.8666714,-3.05756,-0.2284112,-0.1923132,2.079925,0.668366,0.03527971,0.7429954,-0.3104297,0.9209583,0.235519,-0.6759588,-0.3880607,0.6264891,moving,-55.20955,-37.18744,-6.266943,-5.282641,-6.7802488412462685,-5.2350989075464875
05/11/2023 10:30:53.040555,4616,True,True,True,True,Eyes,0.6556187,0.1009478,-3.252687,-0.7504464,-0.3954335,0.5295871,0.0,0.0,0.0,0.0,0.0,0.0,0.0,1.914392,0.8098513,2.337429,0.5127388,0.1064916,-3.083843,0.1763233,-0.3901377,0.09439763,0.8987725,22.99215,313.4773,1.998521,0.2099313,0.02908454,-0.9772831,0.0,0.0,0.0,-0.9116198,-0.8658513,-3.044129,-0.2273383,-0.1895283,2.08007,0.6777634,0.03210327,0.734579,-0.3072646,0.9199984,0.2432928,-0.6680009,-0.3906051,0.6334054,moving,-54.78953,-36.74805,-6.237307,-5.206206,-6.7424732989692915,-5.105279124617851
05/11/2023 10:30:53.060458,4617,True,True,True,True,Eyes,0.6486821,0.1011751,-3.246364,-0.7473875,-0.3936218,0.5352324,0.0,0.0,0.0,0.0,0.0,0.0,0.0,1.885711,0.8246241,2.344312,0.5064809,0.1054831,-3.07637,0.1781819,-0.3851655,0.09288874,0.9007057,23.11226,314.0775,1.873678,0.2086899,0.02921718,-0.977545,0.0,0.0,0.0,-0.9215428,-0.8644193,-3.030478,-0.2263289,-0.1869074,2.080207,0.6860385,0.03007178,0.7269437,-0.3045899,0.9192458,0.2494238,-0.6607393,-0.392534,0.6397975,moving,-54.39212,-36.33159,-6.209423,-5.13426,-6.706755110254579,-4.982237757365199
05/11/2023 10:30:53.080573,4618,True,True,True,True,Eyes,0.6417568,0.1013356,-3.239982,-0.7441502,-0.3919475,0.5409415,0.0,0.0,0.0,0.0,0.0,0.0,0.0,1.856989,0.8352265,2.35214,0.5001865,0.1045276,-3.068788,0.1794837,-0.3801298,0.09188037,0.9026877,23.19666,314.7038,1.834485,0.207408,0.0293504,-0.9778137,0.0,0.0,0.0,-0.9331941,-0.8601345,-3.015743,-0.225295,-0.1842221,2.080348,0.6941187,0.02942441,0.719259,-0.3023327,0.9186872,0.2541825,-0.6532949,-0.3938883,0.6465739,moving,-53.98566,-35.92579,-6.180862,-5.060542,-6.669558286845521,-4.862244493983121
05/11/2023 10:30:53.090396,4619,True,True,True,True,Eyes,0.6348369,0.1014191,-3.233553,-0.7410904,-0.3902549,0.5463389,0.0,0.0,0.0,0.0,0.0,0.0,0.0,1.828111,0.8468863,2.359169,0.4938762,0.1030726,-3.061103,0.1809111,-0.3750622,0.09086295,0.9046234,23.29537,315.3306,1.789862,0.20609,0.02948218,-0.9780885,0.0,0.0,0.0,-0.944761,-0.8551368,-3.001222,-0.2242373,-0.1814756,2.080492,0.7021447,0.02868768,0.7114561,-0.3000993,0.9180302,0.2591543,-0.6457037,-0.3954714,0.6531992,moving,-53.60201,-35.53857,-6.151644,-4.985136,-6.634587371596423,-4.7477673973776815
05/11/2023 10:30:53.110545,4620,True,True,True,True,Eyes,0.6279293,0.1014427,-3.227088,-0.7378718,-0.3886943,0.5517807,0.0,0.0,0.0,0.0,0.0,0.0,0.0,1.797875,0.8584285,2.3673,0.4874097,0.1012906,-3.053773,0.1823062,-0.3696118,0.0901681,0.906654,23.40523,316.0136,1.794457,0.2047388,0.02961046,-0.9783684,0.0,0.0,0.0,-0.9557942,-0.8511343,-2.983144,-0.2232133,-0.1788169,2.080631,0.7105137,0.02873749,0.7030963,-0.2982675,0.9172683,0.2639229,-0.6373436,-0.3972317,0.6603032,moving,-53.21085,-35.16225,-6.123356,-4.912134,-6.598321602936941,-4.636416223676425
05/11/2023 10:30:53.120950,4621,True,True,True,True,Eyes,0.6210188,0.1014422,-3.220565,-0.7348969,-0.3871292,0.5568281,0.0,0.0,0.0,0.0,0.0,0.0,0.0,1.772996,0.8651257,2.373077,0.4810476,0.0999099,-3.046648,0.183229,-0.3650365,0.09016545,0.9083202,23.49622,316.6017,1.876342,0.2033576,0.02973381,-0.9786527,0.0,0.0,0.0,-0.9666103,-0.8475657,-2.968131,-0.2222293,-0.1762612,2.080765,0.7172371,0.03002769,0.696182,-0.2975687,0.9165947,0.2670338,-0.6300982,-0.3986885,0.666351,moving,-52.84895,-34.80857,-6.096178,-4.841955,-6.564950591633793,-4.5317943070605
05/11/2023 10:30:53.140474,4622,True,True,True,True,Eyes,0.6141049,0.1014295,-3.213986,-0.7317364,-0.3856777,0.5619738,0.0,0.0,0.0,0.0,0.0,0.0,0.0,1.747809,0.873623,2.377322,0.474371,0.09929934,-3.038885,0.1844048,-0.360603,0.08909481,0.9099575,23.56922,317.1449,1.822561,0.2019489,0.02985208,-0.9789408,0.0,0.0,0.0,-0.9784682,-0.8426707,-2.953287,-0.2211829,-0.1735439,2.080908,0.7240552,0.02915115,0.6891258,-0.2951388,0.916114,0.2713453,-0.6234078,-0.3998567,0.6719207,moving,-52.47573,-34.46147,-6.067276,-4.767329,-6.529953105097871,-4.4290236344570255
05/11/2023 10:30:53.160443,4623,True,True,True,True,Eyes,0.6071772,0.1013522,-3.207369,-0.7286989,-0.3841682,0.5669327,0.0,0.0,0.0,0.0,0.0,0.0,0.0,1.715889,0.887877,2.384122,0.4676883,0.09887961,-3.031193,0.1861341,-0.3551268,0.08656611,0.9120008,23.64025,317.7852,1.607248,0.2005149,0.02996546,-0.9792321,0.0,0.0,0.0,-0.9895174,-0.8380408,-2.934818,-0.2201665,-0.1709049,2.081046,0.7327825,0.02569433,0.6799776,-0.2900991,0.9157209,0.2780249,-0.615526,-0.4009927,0.6784781,moving,-52.11684,-34.12258,-6.039204,-4.694851,-6.49646835857478,-4.328712819351973
05/11/2023 10:30:53.170538,4624,True,True,True,True,Eyes,0.6002331,0.1012279,-3.200729,-0.7254852,-0.3826103,0.5720844,0.0,0.0,0.0,0.0,0.0,0.0,0.0,1.678421,0.9030443,2.394433,0.4608485,0.09709199,-3.023919,0.1874097,-0.3487666,0.08277484,0.9145425,23.61109,318.5209,1.293101,0.199057,0.03007253,-0.9795261,0.0,0.0,0.0,-0.9996008,-0.8344481,-2.914214,-0.2191408,-0.1682422,2.081185,0.7430204,0.02067778,0.6689493,-0.2821266,0.9160519,0.2850499,-0.6068981,-0.4005263,0.686479,moving,-51.74231,-33.77462,-6.010877,-4.621719,-6.46133619768228,-4.225685483338819
05/11/2023 10:30:53.190718,4625,True,True,True,True,Eyes,0.5932612,0.1010584,-3.19406,-0.7224672,-0.3808858,0.577033,0.0,0.0,0.0,0.0,0.0,0.0,0.0,1.642058,0.9102875,2.406793,0.4538548,0.09571198,-3.017033,0.1873738,-0.3426168,0.07873454,0.9172273,23.43324,319.2429,1.001693,0.1975761,0.03017256,-0.9798229,0.0,0.0,0.0,-1.008698,-0.8318968,-2.892107,-0.2181323,-0.1656219,2.081322,0.7528293,0.01604012,0.6580203,-0.2728297,0.9173838,0.2897771,-0.5990092,-0.3976802,0.6950096,moving,-51.38571,-33.42785,-5.983022,-4.549742,-6.428396757119986,-4.123098275269171
05/11/2023 10:30:53.211489,4626,True,True,True,True,Eyes,0.5862651,0.1008706,-3.187356,-0.7193227,-0.3790226,0.5821656,0.0,0.0,0.0,0.0,0.0,0.0,0.0,1.609251,0.9097071,2.418787,0.4465706,0.09436747,-3.009894,0.1861992,-0.3370669,0.07503247,0.9198294,23.14908,319.9095,0.7796188,0.1960735,0.03026486,-0.9801218,0.0,0.0,0.0,-1.015398,-0.8323135,-2.869576,-0.2170779,-0.1628847,2.081466,0.7615121,0.01251097,0.6480299,-0.2635573,0.9194,0.291961,-0.592146,-0.3931248,0.7034316,moving,-51.0159,-33.06639,-5.953902,-4.474551,-6.394298000198132,-4.016175228397366
05/11/2023 10:30:53.230382,4627,True,True,True,True,Eyes,0.5792263,0.1006229,-3.18062,-0.7163377,-0.3769824,0.5871497,0.0,0.0,0.0,0.0,0.0,0.0,0.0,1.576326,0.9076715,2.430806,0.4392916,0.09362979,-3.002623,0.1848123,-0.3315801,0.07082576,0.922433,22.82532,320.5585,0.5037721,0.1945496,0.03034969,-0.9804227,0.0,0.0,0.0,-1.020672,-0.8345503,-2.842847,-0.2160514,-0.1602208,2.081605,0.7700766,0.008103844,0.6378999,-0.2532242,0.9216563,0.2939851,-0.585542,-0.3879228,0.711798,moving,-50.66007,-32.70269,-5.925557,-4.401368,-6.362013521849384,-3.908675361406
05/11/2023 10:30:53.241118,4628,True,True,True,True,Eyes,0.5721483,0.1003314,-3.173864,-0.7131194,-0.3748125,0.5924325,0.0,0.0,0.0,0.0,0.0,0.0,0.0,1.535964,0.9100054,2.44541,0.4316342,0.09177445,-2.995429,0.1837108,-0.3248067,0.06560536,0.9254441,22.4977,321.3463,0.129435,0.1930047,0.03042598,-0.9807256,0.0,0.0,0.0,-1.024545,-0.8362046,-2.813594,-0.2150318,-0.1575727,2.081744,0.7803931,0.002087151,0.6252859,-0.2407692,0.9238926,0.2974101,-0.5770761,-0.3826463,0.7215019,moving,-50.28149,-32.32019,-5.897398,-4.328615,-6.327517869892705,-3.7955957527779143
05/11/2023 10:30:53.260315,4629,True,True,True,True,Eyes,0.5650508,0.1000445,-3.167076,-0.7067546,-0.372497,0.6014515,0.0,0.0,0.0,0.0,0.0,0.0,0.0,1.491128,0.9134272,2.462043,0.4240102,0.09024384,-2.988568,0.1827187,-0.3172512,0.05985606,0.9286457,22.16905,322.2191,359.7052,0.191439,0.03049325,-0.9810304,0.0,0.0,0.0,-1.029575,-0.8338977,-2.78355,-0.213904,-0.1546441,2.081897,0.7915378,-0.004765294,0.6111016,-0.2271056,0.9260623,0.301383,-0.5673544,-0.3773406,0.7319311,moving,-49.60206,-31.77118,-5.866256,-4.24815,-6.261069790602044,-3.632573004447056
05/11/2023 10:30:53.271203,4630,True,True,True,True,Eyes,0.5578833,0.09984812,-3.160244,-0.7001895,-0.3701243,0.6105266,0.0,0.0,0.0,0.0,0.0,0.0,0.0,1.444809,0.9181937,2.478463,0.4163688,0.08980796,-2.98193,0.1822527,-0.3093266,0.0544284,0.9317396,21.91906,323.1334,359.3005,0.1898525,0.03055258,-0.9813369,0.0,0.0,0.0,-1.038326,-0.82613,-2.760916,-0.2129903,-0.1522704,2.082022,0.8027092,-0.01132503,0.5962632,-0.2141774,0.927643,0.3059518,-0.5565842,-0.3732964,0.742202,moving,-48.91337,-31.22583,-5.841023,-4.182928,-6.193348107802895,-3.4705643507790276
05/11/2023 10:30:53.291075,4631,True,True,True,True,Eyes,0.5506721,0.0998845,-3.153365,-0.6933483,-0.367888,0.6196181,0.0,0.0,0.0,0.0,0.0,0.0,0.0,1.40215,0.9150199,2.493729,0.4078777,0.09168144,-2.974425,0.1812106,-0.3018071,0.05027432,0.9346378,21.65881,324.0264,359.0503,0.1882453,0.03060759,-0.9816448,0.0,0.0,0.0,-1.050659,-0.8111811,-2.742018,-0.2119547,-0.1495814,2.082163,0.8127699,-0.01540471,0.5823811,-0.2033578,0.9292704,0.3083862,-0.5459401,-0.3690788,0.7521505,moving,-48.2141,-30.69903,-5.812426,-4.109038,-6.123696762858335,-3.313887105135879
05/11/2023 10:30:53.310388,4632,True,True,True,True,Eyes,0.543409,0.0998742,-3.146475,-0.6862667,-0.3657647,0.6286924,0.0,0.0,0.0,0.0,0.0,0.0,0.0,1.366155,0.9080767,2.505973,0.3998699,0.09737282,-2.966734,0.1809032,-0.2949755,0.04969309,0.9369067,21.61052,324.8878,359.1613,0.1866173,0.03066602,-0.9819537,0.0,0.0,0.0,-1.056188,-0.8083436,-2.712813,-0.2109019,-0.1468484,2.082307,0.82104,-0.01360845,0.5707083,-0.1998396,0.9296093,0.3096623,-0.5347498,-0.3682953,0.760527,moving,-47.50704,-30.19027,-5.783357,-4.033934,-6.052479912104733,-3.1624078661557293
05/11/2023 10:30:53.320155,4633,True,True,True,True,Eyes,0.5361552,0.09997802,-3.139576,-0.679199,-0.3636039,0.6375586,0.0,0.0,0.0,0.0,0.0,0.0,0.0,1.333059,0.9025435,2.516331,0.391673,0.09650852,-2.95987,0.1803828,-0.287974,0.05278255,0.9390139,21.66406,325.8447,359.7063,0.1849682,0.03072613,-0.9822638,0.0,0.0,0.0,-1.063381,-0.7946616,-2.679295,-0.2098765,-0.144185,2.082446,0.8285701,-0.004764008,0.5598652,-0.2030182,0.9293522,0.3083639,-0.5217809,-0.3691638,0.7690661,moving,-46.81129,-29.6964,-5.755044,-3.96074,-5.982179250873099,-3.0153125312819737
05/11/2023 10:30:53.340511,4634,True,True,True,True,Eyes,0.5289047,0.1001666,-3.132631,-0.6721467,-0.361362,0.6462478,0.0,0.0,0.0,0.0,0.0,0.0,0.0,1.311571,0.8764759,2.52768,0.3848603,0.09971599,-2.952885,0.1771071,-0.2832516,0.05630721,0.9408673,21.41785,326.5562,0.3461018,0.1832993,0.03079137,-0.9825746,0.0,0.0,0.0,-1.069136,-0.7871926,-2.651768,-0.2088894,-0.1416211,2.08258,0.8331961,0.005623444,0.5529491,-0.206287,0.9309251,0.3013704,-0.5130596,-0.3651668,0.7768032,moving,-46.12539,-29.21259,-5.727792,-3.890279,-5.9127725401865225,-2.8711907003934227
05/11/2023 10:30:53.360273,4635,True,True,True,True,Eyes,0.5216724,0.1003918,-3.125621,-0.6651832,-0.3590918,0.6546634,0.0,0.0,0.0,0.0,0.0,0.0,0.0,1.298642,0.8531982,2.532061,0.3778105,0.1022314,-2.944921,0.1743664,-0.2801904,0.05961999,0.9420909,21.21987,327.042,0.8988324,0.1816119,0.03086396,-0.9828856,0.0,0.0,0.0,-1.075049,-0.7766315,-2.618715,-0.2078772,-0.1389937,2.082717,0.8358775,0.01462333,0.5487211,-0.2100465,0.9320837,0.295128,-0.5071382,-0.3619478,0.7821794,moving,-45.45667,-28.74537,-5.699848,-3.818071,-5.844956605150912,-2.731977427524728
05/11/2023 10:30:53.372352,4636,True,True,True,True,Eyes,0.5144803,0.1005775,-3.118581,-0.6581106,-0.3567128,0.6630585,0.0,0.0,0.0,0.0,0.0,0.0,0.0,1.271083,0.831996,2.542418,0.3712615,0.103543,-2.936529,0.1711517,-0.2749741,0.06049354,0.9441594,20.88278,327.7522,1.233108,0.1799076,0.03094446,-0.9831964,0.0,0.0,0.0,-1.078931,-0.7710506,-2.592585,-0.2067756,-0.1361346,2.082867,0.8414595,0.02010651,0.5399458,-0.2083557,0.9340953,0.2899207,-0.4985316,-0.3564573,0.7901927,moving,-44.78542,-28.2794,-5.669434,-3.739489,-5.776784441635689,-2.593113833631427
05/11/2023 10:30:53.390537,4637,True,True,True,True,Eyes,0.5073118,0.1006685,-3.111499,-0.6510986,-0.3544175,0.6711623,0.0,0.0,0.0,0.0,0.0,0.0,0.0,1.237803,0.822319,2.55246,0.3652966,0.1028012,-2.929062,0.1690413,-0.2690777,0.0585784,0.9463568,20.57731,328.477,1.21808,0.1781885,0.03103092,-0.9835067,0.0,0.0,0.0,-1.076311,-0.7732838,-2.558836,-0.2057647,-0.1335091,2.083005,0.8483316,0.01990164,0.5290912,-0.2018426,0.9359872,0.2884224,-0.4894826,-0.351471,0.7980444,moving,-44.13068,-27.83698,-5.641526,-3.667327,-5.7098897965928215,-2.4611765506477203
05/11/2023 10:30:53.410274,4638,True,True,True,True,Eyes,0.5001691,0.1008572,-3.104351,-0.643956,-0.352041,0.6792553,0.0,0.0,0.0,0.0,0.0,0.0,0.0,1.19571,0.8201388,2.563316,0.3590623,0.1005349,-2.921285,0.1675845,-0.2618523,0.05440484,0.9488883,20.27522,329.3147,0.9457778,0.1764559,0.03111983,-0.9838163,0.0,0.0,0.0,-1.074584,-0.7700207,-2.523678,-0.204538,-0.1303221,2.083172,0.856947,0.01548344,0.5151719,-0.191013,0.9379111,0.2895459,-0.4787023,-0.34653,0.8066977,moving,-43.47188,-27.39658,-5.60766,-3.579726,-5.642423031665587,-2.3298044990469533
05/11/2023 10:30:53.430153,4639,True,True,True,True,Eyes,0.5001691,0.1008572,-3.104351,-0.643956,-0.352041,0.6792553,0.0,0.0,0.0,0.0,0.0,0.0,0.0,1.158225,0.8131099,2.572447,0.3528119,0.102959,-2.91291,0.1662426,-0.2554592,0.05046261,0.9510823,19.99896,330.0494,0.6738697,0.1747115,0.03121417,-0.9841246,0.0,0.0,0.0,-1.072631,-0.7666736,-2.490776,-0.203743,-0.1282588,2.08328,0.8643882,0.01105178,0.5027035,-0.1809246,0.9396338,0.2904386,-0.4691473,-0.3420031,0.814208,moving,-43.47188,-27.39658,-5.585714,-3.523014,-5.642423031665587,-2.3298044990469533
05/11/2023 10:30:53.440708,4640,True,True,True,True,Eyes,0.5001691,0.1008572,-3.104351,-0.643956,-0.352041,0.6792553,0.0,0.0,0.0,0.0,0.0,0.0,0.0,1.121318,0.8146451,2.577949,0.3465359,0.103329,-2.90449,0.1665179,-0.2487231,0.04931283,0.9528782,19.99103,330.8615,0.6794926,0.1731407,0.031299,-0.9843994,0.0,0.0,0.0,-1.073612,-0.7592682,-2.45943,-0.20272,-0.1256021,2.08342,0.8714101,0.01114455,0.4904286,-0.1768119,0.9396801,0.292812,-0.4575827,-0.341873,0.8208172,moving,-43.47188,-27.39658,-5.557475,-3.449986,-5.642423031665587,-2.3298044990469533
05/11/2023 10:30:53.460484,4641,True,True,True,True,Eyes,0.4925523,0.101024,-3.096452,-0.6362624,-0.3503468,0.6873334,0.0,0.0,0.0,0.0,0.0,0.0,0.0,1.083225,0.8176388,2.583251,0.3406164,0.1012143,-2.896348,0.1667824,-0.2415985,0.04943573,0.954657,20.01872,331.7448,0.8415301,0.1717269,0.03137527,-0.9846447,0.0,0.0,0.0,-1.080369,-0.7440223,-2.432217,-0.2016532,-0.122832,2.083564,0.8783726,0.01379957,0.4777773,-0.1749771,0.9394795,0.2945528,-0.4447973,-0.3423272,0.8276275,moving,-42.79034,-27.0088,-5.52803,-3.373844,-5.570387712079769,-2.2135941672069945
05/11/2023 10:30:53.470282,4642,True,True,True,True,Eyes,0.485022,0.101201,-3.088506,-0.6283791,-0.3489326,0.6952595,0.0,0.0,0.0,0.0,0.0,0.0,0.0,1.052616,0.8265483,2.58294,0.3347009,0.1027786,-2.887936,0.1688599,-0.2357925,0.04961962,0.9557334,20.25323,332.4482,0.9292144,0.1702573,0.03145844,-0.9848971,0.0,0.0,0.0,-1.088073,-0.7286133,-2.408193,-0.2006441,-0.1202126,2.083702,0.8838795,0.01521446,0.467467,-0.174478,0.9380485,0.2993701,-0.433952,-0.3461699,0.8317765,moving,-42.10744,-26.65088,-5.500176,-3.301839,-5.497196974306455,-2.1060484439625133
05/11/2023 10:30:53.490566,4643,True,True,True,True,Eyes,0.4775757,0.1013415,-3.080545,-0.6214347,-0.3485802,0.7016486,0.0,0.0,0.0,0.0,0.0,0.0,0.0,1.021262,0.8373941,2.581561,0.3294805,0.1033192,-2.879137,0.1713436,-0.2297006,0.05161215,0.9566688,20.58207,333.2199,1.226346,0.1687392,0.03154827,-0.9851555,0.0,0.0,0.0,-1.094094,-0.7177305,-2.384046,-0.1996239,-0.1175624,2.083841,0.8891476,0.02003603,0.4571817,-0.1774669,0.9359551,0.3041274,-0.4218081,-0.3515488,0.835758,moving,-41.53061,-26.41826,-5.472015,-3.228989,-5.433072384274965,-2.0354509127452847
05/11/2023 10:30:53.510156,4644,True,True,True,True,Eyes,0.4702556,0.1014604,-3.07255,-0.6143402,-0.3485399,0.7078884,0.0,0.0,0.0,0.0,0.0,0.0,0.0,0.9943221,0.8488085,2.578373,0.3247247,0.1030496,-2.870731,0.1738475,-0.2243775,0.05382963,0.9573579,20.9176,333.9029,1.536924,0.1671792,0.03164297,-0.9854184,0.0,0.0,0.0,-1.096983,-0.7149651,-2.362373,-0.1985916,-0.1148819,2.083981,0.8935143,0.02505352,0.4483354,-0.1810834,0.9337589,0.3087123,-0.4109028,-0.3570249,0.8388636,moving,-40.95304,-26.21405,-5.443529,-3.155304,-5.367917442736176,-1.973100157899645
05/11/2023 10:30:53.530311,4645,True,True,True,True,Eyes,0.4702556,0.1014604,-3.07255,-0.6143402,-0.3485399,0.7078884,0.0,0.0,0.0,0.0,0.0,0.0,0.0,0.9677335,0.8663629,2.572612,0.3206283,0.1027327,-2.862179,0.17742,-0.2192236,0.05571276,0.9577888,21.36383,334.5517,1.780328,0.165584,0.03174146,-0.9856845,0.0,0.0,0.0,-1.095843,-0.7226296,-2.34409,-0.1975665,-0.1122207,2.08412,0.8976742,0.02893281,0.4397089,-0.1845114,0.9308364,0.3154347,-0.4001706,-0.3642889,0.8409263,moving,-40.95304,-26.21405,-5.415235,-3.082148,-5.367917442736176,-1.973100157899645
05/11/2023 10:30:53.540850,4646,True,True,True,True,Eyes,0.4702556,0.1014604,-3.07255,-0.6143402,-0.3485399,0.7078884,0.0,0.0,0.0,0.0,0.0,0.0,0.0,0.9383165,0.8859407,2.56668,0.3168552,0.1029944,-2.853448,0.1814084,-0.2136132,0.05736018,0.9582121,21.84896,335.2517,2.001939,0.1641482,0.03183001,-0.9859217,0.0,0.0,0.0,-1.088862,-0.7410883,-2.326519,-0.1964801,-0.1093984,2.084269,0.9021584,0.03242399,0.4301846,-0.1874288,0.9276017,0.3231496,-0.3885621,-0.3721611,0.8429208,moving,-40.95304,-26.21405,-5.385251,-3.004564,-5.367917442736176,-1.973100157899645
05/11/2023 10:30:53.560514,4647,True,True,True,True,Eyes,0.4702556,0.1014604,-3.07255,-0.6143402,-0.3485399,0.7078884,0.0,0.0,0.0,0.0,0.0,0.0,0.0,0.9069341,0.9051985,2.561059,0.3133575,0.1033585,-2.844654,0.185225,-0.2078393,0.05786618,0.958721,22.28488,335.9508,2.103358,0.1628558,0.03190964,-0.9861335,0.0,0.0,0.0,-1.07683,-0.7649037,-2.305908,-0.1954478,-0.1067187,2.084409,0.9069086,0.03396099,0.4199564,-0.1879491,0.9246864,0.3311044,-0.3770834,-0.3792118,0.8449891,moving,-40.95304,-26.21405,-5.356764,-2.930902,-5.367917442736176,-1.973100157899645
05/11/2023 10:30:53.577243,4648,True,True,True,True,Eyes,0.4702556,0.1014604,-3.07255,-0.6143402,-0.3485399,0.7078884,0.0,0.0,0.0,0.0,0.0,0.0,0.0,0.8705609,0.9208621,2.557886,0.3101026,0.1033438,-2.835807,0.1881124,-0.2014503,0.05674556,0.9595892,22.57448,336.6979,2.055179,0.1616923,0.03198128,-0.9863226,0.0,0.0,0.0,-1.059549,-0.7927167,-2.282029,-0.1944234,-0.1040589,2.084548,0.9123954,0.03311426,0.4079682,-0.1846955,0.9227874,0.3381584,-0.36527,-0.383884,0.8480629,moving,-40.95304,-26.21405,-5.328496,-2.857784,-5.367917442736176,-1.973100157899645
05/11/2023 10:30:53.590615,4649,True,True,True,True,Eyes,0.4625835,0.1016772,-3.062993,-0.6005898,-0.3440816,0.7217339,0.0,0.0,0.0,0.0,0.0,0.0,0.0,0.8336394,0.9321961,2.555974,0.3071871,0.1036168,-2.826985,0.1901618,-0.1952171,0.05436388,0.960611,22.74115,337.4028,1.876484,0.1606453,0.03204569,-0.9864916,0.0,0.0,0.0,-1.045795,-0.811655,-2.25849,-0.1933316,-0.1012237,2.084697,0.9178697,0.03019938,0.3957312,-0.1786907,0.9217662,0.3441175,-0.3543795,-0.3865685,0.8514575,moving,-39.76548,-25.48915,-5.298369,-2.779848,-5.244023414421326,-1.7563173126620395
05/11/2023 10:30:53.610595,4650,True,True,True,True,Eyes,0.455083,0.1018525,-3.053455,-0.5867226,-0.3396885,0.7350975,0.0,0.0,0.0,0.0,0.0,0.0,0.0,0.791167,0.9369493,2.557456,0.303848,0.1036624,-2.818037,0.1907645,-0.1882743,0.04977174,0.9621251,22.69466,338.1543,1.487016,0.1595068,0.03212186,-0.9866739,0.0,0.0,0.0,-1.035354,-0.81757,-2.232235,-0.1924054,-0.09881878,2.084823,0.9241511,0.02394117,0.3812762,-0.1676054,0.9222633,0.3483371,-0.3432975,-0.38582,0.8563234,moving,-38.59533,-24.80165,-5.272811,-2.713738,-5.121061548815108,-1.5504877653284774
05/11/2023 10:30:53.620451,4651,True,True,True,True,Eyes,0.4477495,0.1019876,-3.04393,-0.5729387,-0.3353053,0.7478713,0.0,0.0,0.0,0.0,0.0,0.0,0.0,0.7536517,0.9366115,2.558897,0.3006708,0.1028009,-2.809309,0.1905708,-0.1818495,0.04754721,0.9635108,22.61436,338.9008,1.385124,0.1582907,0.03220727,-0.986867,0.0,0.0,0.0,-1.028407,-0.8184727,-2.206563,-0.1914082,-0.09622955,2.084958,0.9293401,0.02231407,0.3685502,-0.1609349,0.9228442,0.349941,-0.3323057,-0.3845268,0.8612271,moving,-37.45546,-24.1489,-5.245297,-2.642565,-5.000721486048842,-1.3549097734120075
05/11/2023 10:30:53.640388,4652,True,True,True,True,Eyes,0.4405861,0.1020937,-3.034399,-0.5591747,-0.3309176,0.760143,0.0,0.0,0.0,0.0,0.0,0.0,0.0,0.7240925,0.9314762,2.559063,0.2975958,0.1019865,-2.800321,0.1897402,-0.1766684,0.04673513,0.9646776,22.49418,339.5293,1.434313,0.1570082,0.0322998,-0.9870687,0.0,0.0,0.0,-1.025406,-0.8136479,-2.181444,-0.1903288,-0.09342581,2.085105,0.9332082,0.02312647,0.358591,-0.1572109,0.923629,0.349563,-0.3231209,-0.3825895,0.8655739,moving,-36.33886,-23.52523,-5.215517,-2.565495,-4.8823178350187,-1.1678997265856097
05/11/2023 10:30:53.660360,4653,True,True,True,True,Eyes,0.4405861,0.1020937,-3.034399,-0.5591747,-0.3309176,0.760143,0.0,0.0,0.0,0.0,0.0,0.0,0.0,0.6978427,0.9242603,2.558289,0.2946585,0.1014678,-2.790872,0.1886996,-0.1720077,0.04665636,0.9657272,22.36559,340.1104,1.561438,0.15567,0.03239786,-0.9872774,0.0,0.0,0.0,-1.022797,-0.8071506,-2.155283,-0.1892994,-0.09075221,2.085245,0.9364731,0.02519907,0.3498332,-0.1550302,0.9244313,0.3484142,-0.314617,-0.3805152,0.8696117,moving,-36.33886,-23.52523,-5.187116,-2.492004,-4.8823178350187,-1.1678997265856097
05/11/2023 10:30:53.670268,4654,True,True,True,True,Eyes,0.4405861,0.1020937,-3.034399,-0.5591747,-0.3309176,0.760143,0.0,0.0,0.0,0.0,0.0,0.0,0.0,0.6730671,0.9190416,2.55587,0.2921088,0.1009683,-2.781116,0.1880741,-0.1676489,0.04670901,0.9666128,22.2873,340.6534,1.686881,0.1544653,0.03248606,-0.9874637,0.0,0.0,0.0,-1.018764,-0.8009379,-2.127867,-0.188278,-0.08810082,2.085384,0.9394242,0.02723822,0.3416727,-0.1533599,0.9248929,0.3479282,-0.3065337,-0.3792511,0.873044,moving,-36.33886,-23.52523,-5.158937,-2.419126,-4.8823178350187,-1.1678997265856097
05/11/2023 10:30:53.690525,4655,True,True,True,True,Eyes,0.4334216,0.1020566,-3.02404,-0.5454373,-0.326408,0.7719819,0.0,0.0,0.0,0.0,0.0,0.0,0.0,0.6482921,0.9155666,2.552388,0.2898962,0.09978603,-2.771143,0.1876729,-0.163308,0.04688939,0.9674248,22.23669,341.1949,1.821817,0.1533809,0.03256541,-0.9876302,0.0,0.0,0.0,-1.015802,-0.7925116,-2.100392,-0.1872655,-0.08547106,2.085522,0.9422637,0.02942698,0.3335762,-0.1520209,0.9251606,0.347804,-0.2983767,-0.3784336,0.8762188,moving,-35.24279,-22.91953,-5.131005,-2.346843,-4.765876410960174,-0.9862166725154387
05/11/2023 10:30:53.710613,4656,True,True,True,True,Eyes,0.4264681,0.1019978,-3.013673,-0.5317711,-0.3219698,0.7832975,0.0,0.0,0.0,0.0,0.0,0.0,0.0,0.6235526,0.9135242,2.548321,0.2880134,0.09820468,-2.761283,0.1874427,-0.159033,0.04680684,0.9681852,22.20034,341.7206,1.919746,0.1522237,0.03264789,-0.9878064,0.0,0.0,0.0,-1.014217,-0.7840046,-2.075124,-0.1862071,-0.08272225,2.085666,0.9450352,0.03101624,0.325494,-0.1502545,0.9253487,0.3480709,-0.2903997,-0.3778462,0.8791475,moving,-34.1721,-22.34482,-5.101807,-2.27129,-4.651570985197716,-0.8136673801858052
05/11/2023 10:30:53.730305,4657,True,True,True,True,Eyes,0.25804,0.09941237,-2.754355,-0.1554304,-0.1819548,0.9709448,0.0,0.0,0.0,0.0,0.0,0.0,0.0,0.6003764,0.9107859,2.543464,0.2862391,0.09765694,-2.75095,0.1873026,-0.1551033,0.04652186,0.9688635,22.17104,342.1982,1.98298,0.1510061,0.03273255,-0.9879905,0.0,0.0,0.0,-1.013494,-0.775648,-2.050801,-0.1851853,-0.08007014,2.085805,0.9475574,0.03204417,0.3179752,-0.1482492,0.9255069,0.3485099,-0.2831205,-0.3773727,0.8817214,moving,-9.094834,-10.6141,-5.073623,-2.198398,-1.9172261563020503,2.7253226753196476
05/11/2023 10:30:53.750426,4658,True,True,True,True,Eyes,0.2579919,0.09936347,-2.753927,-0.1550939,-0.1819808,0.9709938,0.0,0.0,0.0,0.0,0.0,0.0,0.0,0.5772319,0.9125769,2.536853,0.2849621,0.09642948,-2.740641,0.1879134,-0.1511619,0.04659017,0.9693647,22.23453,342.6812,2.074979,0.1382931,0.03342231,-0.989827,-0.5052841,-0.007756234,0.7779529,-1.010893,-0.769062,-2.024995,-0.1841642,-0.07741758,2.085944,0.9499589,0.03351502,0.3105718,-0.1471364,0.9250358,0.350228,-0.2755522,-0.3783986,0.8836772,moving,-9.075022,-10.61506,-5.045455,-2.125496,-1.9147281516530428,2.7251483346414522
05/11/2023 10:30:53.760711,4659,True,True,True,True,Eyes,0.2579919,0.09936347,-2.753927,-0.1550939,-0.1819808,0.9709938,0.0,0.0,0.0,0.0,0.0,0.0,0.0,0.55215,0.9140277,2.530436,0.2838781,0.09521914,-2.730159,0.1884319,-0.1469717,0.04608175,0.9699327,22.27657,343.1819,2.105903,0.1285356,0.0339482,-0.9911234,-0.474967,-0.00729086,0.7312757,-1.007488,-0.7647389,-2.000767,-0.1831065,-0.07467178,2.086087,0.9525516,0.03400407,0.3024718,-0.1447807,0.9247397,0.351987,-0.2677388,-0.3790779,0.8857855,moving,-9.075022,-10.61506,-5.016285,-2.050035,-1.9147281516530428,2.7251483346414522
05/11/2023 10:30:53.776108,4660,True,True,True,True,Eyes,0.2579919,0.09936347,-2.753927,-0.1550939,-0.1819808,0.9709938,0.0,0.0,0.0,0.0,0.0,0.0,0.0,0.5267363,0.9157408,2.524088,0.2830585,0.09415937,-2.719939,0.1890111,-0.1427322,0.04551943,0.9704794,22.32483,343.6871,2.130886,0.1210346,0.03435178,-0.9920534,-0.446469,-0.006853408,0.6873992,-1.003405,-0.7646595,-1.978877,-0.1820869,-0.07202446,2.086226,0.955111,0.03439542,0.2942446,-0.1423073,0.9244056,0.3538687,-0.2598299,-0.379857,0.8878047,moving,-9.075022,-10.61506,-4.988163,-1.977283,-1.9147281516530428,2.7251483346414522
05/11/2023 10:30:53.790478,4661,True,True,True,True,Eyes,0.2579919,0.09936347,-2.753927,-0.1550939,-0.1819808,0.9709938,0.0,0.0,0.0,0.0,0.0,0.0,0.0,0.5000852,0.9159465,2.518023,0.2830887,0.09266257,-2.709383,0.1892285,-0.1384347,0.04479678,0.9710931,22.32871,344.1969,2.144378,0.1152719,0.03466204,-0.9927288,-0.4196809,-0.006442204,0.6461552,-0.9980201,-0.7672371,-1.957178,-0.1810769,-0.06940135,2.086364,0.9576582,0.03461211,0.2858196,-0.1393952,0.9243717,0.355114,-0.2519123,-0.3799198,0.8900568,moving,-9.075022,-10.61506,-4.96031,-1.9052,-1.9147281516530428,2.7251483346414522
05/11/2023 10:30:53.810261,4662,True,True,True,True,Eyes,0.2579919,0.09936347,-2.753927,-0.1550939,-0.1819808,0.9709938,0.0,0.0,0.0,0.0,0.0,0.0,0.0,0.4734678,0.9128333,2.513103,0.2830311,0.09121012,-2.699018,0.1888118,-0.1341302,0.04390864,0.9718185,22.25693,344.706,2.148208,0.1108568,0.03490045,-0.9932231,-0.3945,-0.006055671,0.6073859,-0.9908762,-0.7704216,-1.93369,-0.1800539,-0.06674486,2.086504,0.9601623,0.03469173,0.2772815,-0.1359932,0.9248443,0.3552026,-0.2441196,-0.3787605,0.8927184,moving,-9.075022,-10.61506,-4.932097,-1.832202,-1.9147281516530428,2.7251483346414522
05/11/2023 10:30:53.830225,4663,True,True,True,True,Eyes,0.2579919,0.09936347,-2.753927,-0.1550939,-0.1819808,0.9709938,0.0,0.0,0.0,0.0,0.0,0.0,0.0,0.4440092,0.905126,2.509402,0.2835105,0.09002531,-2.687938,0.1875715,-0.129477,0.04263983,0.972746,22.08369,345.2515,2.126462,0.1074905,0.0350832,-0.9935867,-0.37083,-0.005692331,0.5709428,-0.9827922,-0.7732304,-1.909232,-0.1790141,-0.06404477,2.086645,0.9628351,0.03438303,0.2678925,-0.1315278,0.9259975,0.353877,-0.2359004,-0.3759606,0.8961053,moving,-9.075022,-10.61506,-4.903422,-1.758011,-1.9147281516530428,2.7251483346414522
05/11/2023 10:30:53.840658,4664,True,True,True,True,Eyes,0.2579919,0.09936347,-2.753927,-0.1550939,-0.1819808,0.9709938,0.0,0.0,0.0,0.0,0.0,0.0,0.0,0.412701,0.8962874,2.506397,0.2839055,0.08867464,-2.677165,0.1860601,-0.1243876,0.04153926,0.9737475,21.88131,345.854,2.137473,0.1049418,0.03522267,-0.9938542,-0.3485802,-0.005350791,0.5366862,-0.9757438,-0.7755008,-1.885994,-0.1780193,-0.06146187,2.08678,0.9656044,0.03461032,0.2577019,-0.1271846,0.9273123,0.3520172,-0.2267867,-0.3726851,0.8998187,moving,-9.075022,-10.61506,-4.87599,-1.687043,-1.9147281516530428,2.7251483346414522
05/11/2023 10:30:53.860337,4665,True,True,True,True,Eyes,0.2580262,0.09894682,-2.750474,-0.1473036,-0.1746931,0.9735419,0.0,0.0,0.0,0.0,0.0,0.0,0.0,0.3820882,0.8861839,2.503673,0.2846282,0.08688296,-2.666671,0.1842203,-0.1193762,0.04086996,0.9747522,21.64756,346.4565,2.200789,0.1030305,0.03532842,-0.9940504,-0.3276654,-0.005029744,0.504485,-0.9682683,-0.7766708,-1.861665,-0.1769769,-0.05875453,2.086922,0.9681579,0.03569315,0.2477825,-0.1236592,0.928785,0.3493805,-0.2176663,-0.3688961,0.9036244,moving,-8.603985,-10.17293,-4.847248,-1.612661,-1.8706922353409974,2.856032836868366
05/11/2023 10:30:53.870655,4666,True,True,True,True,Eyes,0.2581154,0.09847891,-2.746732,-0.1395005,-0.1675803,0.9759388,0.0,0.0,0.0,0.0,0.0,0.0,0.0,0.3553057,0.8787544,2.499027,0.2854967,0.08485404,-2.656102,0.182904,-0.1149281,0.04112434,0.9755237,21.48805,347.0081,2.352475,0.101628,0.03539723,-0.9941922,-0.3080055,-0.004727959,0.4742159,-0.9604615,-0.7787823,-1.837517,-0.1759263,-0.05602613,2.087065,0.9702006,0.03819389,0.2392739,-0.1222772,0.9297099,0.3474017,-0.2091866,-0.3663071,0.9066753,moving,-8.134746,-9.743349,-4.818279,-1.537705,-1.826465716148734,2.983263446819101
05/11/2023 10:30:53.890476,4667,True,True,True,True,Eyes,0.2582546,0.09797817,-2.74271,-0.1318906,-0.1606555,0.9781588,0.0,0.0,0.0,0.0,0.0,0.0,0.0,0.3306426,0.8729256,2.493428,0.2870004,0.08322551,-2.645602,0.1819699,-0.1109703,0.04132129,0.9761482,21.37251,347.4966,2.47938,0.1006242,0.03543461,-0.994293,-0.2895252,-0.004444282,0.4457629,-0.9512128,-0.7817265,-1.812603,-0.1748746,-0.05329594,2.087208,0.9719564,0.04028491,0.2316853,-0.1210579,0.9303591,0.3460882,-0.2016084,-0.36443,0.9091451,moving,-7.679193,-9.327144,-4.789283,-1.462705,-1.7835011627637987,3.1065373130392766
05/11/2023 10:30:53.910636,4668,True,True,True,True,Eyes,0.2584541,0.09746435,-2.738426,-0.1242216,-0.1538739,0.980251,0.0,0.0,0.0,0.0,0.0,0.0,0.0,0.3038319,0.8671679,2.487843,0.2884841,0.08206116,-2.63509,0.1811154,-0.1067425,0.04043856,0.9768153,21.2517,347.9928,2.48052,0.09993118,0.03544556,-0.9943626,-0.2721536,-0.004177625,0.4190172,-0.9438087,-0.7839488,-1.79031,-0.1738603,-0.0506629,2.087346,0.9739416,0.04033656,0.2231835,-0.1176674,0.9311239,0.3451995,-0.1938874,-0.3624656,0.9116065,moving,-7.22227,-8.921145,-4.761319,-1.390379,-1.7400290142963462,3.2268544313700986
05/11/2023 10:30:53.930257,4669,True,True,True,True,Eyes,0.2586977,0.09703539,-2.733858,-0.1168771,-0.1472555,0.9821689,0.0,0.0,0.0,0.0,0.0,0.0,0.0,0.2766676,0.8579279,2.483461,0.2902199,0.08121075,-2.624756,0.1796278,-0.1025935,0.03877869,0.9776016,21.04897,348.4627,2.392716,0.09932926,0.03544223,-0.994423,-0.2558244,-0.003926967,0.3938761,-0.9379524,-0.7845236,-1.768464,-0.1728843,-0.04812819,2.087478,0.9759416,0.03896292,0.2145226,-0.1126775,0.9324601,0.3432519,-0.1866597,-0.3591657,0.9144168,moving,-6.786225,-8.526782,-4.734415,-1.320758,-1.6987715922643756,3.3436822080341533
05/11/2023 10:30:53.940514,4670,True,True,True,True,Eyes,0.2589917,0.09688567,-2.728977,-0.1095667,-0.14068,0.9839737,0.0,0.0,0.0,0.0,0.0,0.0,0.0,0.2509132,0.8414608,2.48028,0.2917208,0.08275055,-2.61359,0.1772373,-0.09869757,0.03718815,0.9785002,20.74407,348.9045,2.316024,0.09881182,0.03542947,-0.994475,-0.240475,-0.003691349,0.3702436,-0.9300432,-0.7842358,-1.744256,-0.1718363,-0.0454061,2.087621,0.9777517,0.03779145,0.2063334,-0.107763,0.934408,0.3395126,-0.1799689,-0.3541941,0.9176915,moving,-6.353782,-8.136512,-4.705523,-1.245996,-1.6578273957445433,3.4593023265788103
05/11/2023 10:30:53.960595,4671,True,True,True,True,Eyes,0.2679614,0.09310068,-2.600182,0.06870042,0.02088558,0.9974187,0.0,0.0,0.0,0.0,0.0,0.0,0.0,0.2299284,0.8187879,2.477441,0.293284,0.08932236,-2.601346,0.1746513,-0.09568184,0.03623786,0.9793002,20.42658,349.2532,2.296649,0.09837272,0.03541869,-0.994518,-0.2260465,-0.003469868,0.348029,-0.9210669,-0.7817698,-1.717145,-0.1707983,-0.04271188,2.087762,0.9790636,0.03755356,0.2000605,-0.1043974,0.9363675,0.3351375,-0.1747445,-0.3490067,0.9206838,moving,3.940208,1.199577,-4.67691,-1.172006,-0.6846997016866117,6.22491291370994
05/11/2023 10:30:53.971139,4672,True,True,True,True,Eyes,0.2680458,0.09318348,-2.599766,0.06908925,0.02121699,0.9973848,0.0,0.0,0.0,0.0,0.0,0.0,0.0,0.197428,0.8073456,2.472347,0.2953835,0.08914049,-2.589998,0.1728964,-0.09044565,0.03503641,0.9801525,20.19812,349.8626,2.284282,0.09793841,0.03552204,-0.9945564,-0.1855746,-0.01461665,0.7135313,-0.9137002,-0.7741328,-1.689282,-0.1698005,-0.04012004,2.087898,0.9811841,0.03740661,0.1894164,-0.0999575,0.9377586,0.3325918,-0.1651857,-0.3452674,0.9238529,moving,3.962572,1.218648,-4.649406,-1.100832,-0.682545529069051,6.23056932253889
05/11/2023 10:30:53.990769,4673,True,True,True,True,Eyes,0.2682118,0.09339173,-2.598929,0.06916659,0.02167145,0.9973696,0.0,0.0,0.0,0.0,0.0,0.0,0.0,0.1676443,0.7815433,2.472535,0.2975752,0.09119286,-2.579821,0.1686798,-0.08589348,0.03272341,0.9813759,19.67583,350.3681,2.145471,0.09778111,0.03559566,-0.9945692,-0.1744401,-0.01373965,0.6707194,-0.9085046,-0.7629669,-1.661361,-0.1687431,-0.0373745,2.088042,0.9831029,0.03525094,0.1796272,-0.09320491,0.9409526,0.3254551,-0.1575481,-0.336698,0.9283389,moving,3.967054,1.244761,-4.620262,-1.025445,-0.6828499610329615,6.238176549250702
05/11/2023 10:30:54.012609,4674,True,True,True,True,Eyes,0.2684555,0.09366959,-2.597652,0.06964235,0.02240627,0.9973204,0.0,0.0,0.0,0.0,0.0,0.0,0.0,0.1441563,0.7583622,2.470461,0.2998353,0.09440251,-2.569096,0.165272,-0.0824953,0.03072207,0.9823116,19.25458,350.7398,2.008602,0.09782897,0.03565288,-0.9945626,-0.1639737,-0.01291527,0.6304762,-0.9037895,-0.7495998,-1.63334,-0.1676434,-0.03451833,2.088192,0.9845013,0.03308896,0.1722272,-0.08762562,0.9434826,0.3196284,-0.1519172,-0.3297661,0.9317594,moving,3.99445,1.287017,-4.589953,-0.9470274,-0.68083505711913,6.2505927507615375
05/11/2023 10:30:54.020325,4675,True,True,True,True,Eyes,0.2687721,0.09402384,-2.595989,0.0698693,0.02300722,0.9972908,0.0,0.0,0.0,0.0,0.0,0.0,0.0,0.1140111,0.7340288,2.467673,0.3020239,0.09631748,-2.557482,0.1614364,-0.07782443,0.02830437,0.9834025,18.77905,351.256,1.848627,0.09802852,0.03570233,-0.9945411,-0.1541353,-0.01214036,0.5926477,-0.8958549,-0.7372753,-1.602466,-0.1666935,-0.03205314,2.08832,0.9862844,0.03054178,0.1622042,-0.08079658,0.9462743,0.3131084,-0.1439268,-0.3219195,0.9357633,moving,4.007543,1.321563,-4.563776,-0.8793505,-0.680346044480354,6.260694444415051
05/11/2023 10:30:54.040349,4676,True,True,True,True,Eyes,0.2691624,0.0944628,-2.593961,0.07048859,0.02364212,0.9972323,0.0,0.0,0.0,0.0,0.0,0.0,0.0,0.08544096,0.7187927,2.462661,0.3042516,0.09849109,-2.54684,0.1594052,-0.07328734,0.02640178,0.9841351,18.5192,351.764,1.728474,0.09833947,0.03575108,-0.9945084,-0.1448872,-0.01141194,0.5570888,-0.8853377,-0.7241146,-1.569974,-0.1656129,-0.02924633,2.088468,0.9878638,0.02860107,0.1526664,-0.07533062,0.9477859,0.3098827,-0.1358321,-0.3176224,0.9384379,moving,4.043182,1.358099,-4.533998,-0.802302,-0.6771161075783623,6.271492935188877
05/11/2023 10:30:54.060665,4677,True,True,True,True,Eyes,0.2696033,0.09496888,-2.591594,0.06991313,0.0233214,0.9972804,0.0,0.0,0.0,0.0,0.0,0.0,0.0,0.05640283,0.7073195,2.456212,0.3066126,0.1009586,-2.536189,0.1581797,-0.06858055,0.02487621,0.9847116,18.35688,352.2984,1.648004,0.09873167,0.03580519,-0.994467,-0.1361939,-0.01072722,0.5236635,-0.872541,-0.7126782,-1.538045,-0.1645963,-0.02660632,2.088606,0.9893558,0.02729567,0.1429339,-0.07068788,0.9487207,0.3081108,-0.1271943,-0.3149349,0.9405518,moving,4.01009,1.339618,-4.505983,-0.7298396,-0.680625242080038,6.265951308367424
05/11/2023 10:30:54.071259,4678,True,True,True,True,Eyes,0.2701231,0.09553429,-2.588913,0.06976645,0.02309259,0.997296,0.0,0.0,0.0,0.0,0.0,0.0,0.0,0.02634314,0.7021549,2.448173,0.3088577,0.1032645,-2.526105,0.1581447,-0.06350549,0.02388812,0.9850821,18.33697,352.8857,1.628595,0.09918023,0.03586874,-0.9944204,-0.1280223,-0.01008359,0.4922436,-0.8605333,-0.6990142,-1.506052,-0.1635935,-0.02400291,2.088743,0.9907928,0.0269774,0.1326718,-0.06714962,0.9488392,0.3085369,-0.1175607,-0.314605,0.9419147,moving,4.001642,1.326458,-4.478351,-0.6583889,-0.6812422877161193,6.262084911153271
05/11/2023 10:30:54.090389,4679,True,True,True,True,Eyes,0.2707153,0.09612198,-2.585946,0.06980281,0.02291143,0.9972976,0.0,0.0,0.0,0.0,0.0,0.0,0.0,-0.003373861,0.6930133,2.441064,0.3113558,0.1052555,-2.516158,0.1572533,-0.058518,0.02287889,0.9855576,18.21851,353.4622,1.610299,0.0996325,0.03594958,-0.9943725,-0.120341,-0.009478571,0.462709,-0.8463693,-0.6895765,-1.477469,-0.1625676,-0.02133834,2.088882,0.9921044,0.02669263,0.1225413,-0.06350121,0.9494959,0.3072866,-0.1081502,-0.3126419,0.9436941,moving,4.003714,1.316054,-4.450083,-0.5852674,-0.6806407651229253,6.259074362422097
05/11/2023 10:30:54.110368,4680,True,True,True,True,Eyes,0.2713821,0.09672583,-2.582695,0.07023635,0.02298368,0.9972655,0.0,0.0,0.0,0.0,0.0,0.0,0.0,-0.03265551,0.6803185,2.434961,0.3138326,0.1064504,-2.506613,0.1554536,-0.05353765,0.02216589,0.9861423,17.9973,354.0432,1.631143,0.1000731,0.0360488,-0.9943248,-0.1131205,-0.008909857,0.4349465,-0.8283944,-0.6912531,-1.449465,-0.1615352,-0.01865762,2.089022,0.9932848,0.02707221,0.112483,-0.0603627,0.9506857,0.3042254,-0.09869995,-0.3089722,0.9459358,moving,4.028629,1.320245,-4.42164,-0.5117105,-0.6776776228264185,6.2604228523915
05/11/2023 10:30:54.130144,4681,True,True,True,True,Eyes,0.2721194,0.09735453,-2.579175,0.0706497,0.02310085,0.9972337,0.0,0.0,0.0,0.0,0.0,0.0,0.0,-0.06200394,0.6623689,2.429664,0.3163704,0.1075037,-2.496837,0.152547,-0.04850211,0.02177055,0.9868653,17.64982,354.6357,1.694088,0.1005091,0.03616611,-0.9942766,-0.1063333,-0.008375266,0.4088497,-0.8174412,-0.6789746,-1.423595,-0.160512,-0.01600063,2.089162,0.9943472,0.02817149,0.1023722,-0.05776689,0.9525109,0.2989748,-0.08908803,-0.3031985,0.9487539,moving,4.052388,1.327015,-4.393451,-0.4388127,-0.6749435561960342,6.262514226615143
05/11/2023 10:30:54.140888,4682,True,True,True,True,Eyes,0.2729295,0.09798315,-2.575381,0.07145248,0.02344268,0.9971684,0.0,0.0,0.0,0.0,0.0,0.0,0.0,-0.09024541,0.6446095,2.423941,0.3189674,0.1088515,-2.48708,0.1496719,-0.04358717,0.02204702,0.9875284,17.30946,355.2241,1.830523,0.1009429,0.03630056,-0.9942279,-0.09995327,-0.00787275,0.3843187,-0.8122646,-0.668762,-1.402169,-0.1594913,-0.01334995,2.089301,0.9952281,0.03049657,0.09268679,-0.05659167,0.9542245,0.2936887,-0.07948752,-0.2975326,0.9513969,moving,4.098546,1.346733,-4.365332,-0.3660964,-0.6698487495709795,6.268483985783356
05/11/2023 10:30:54.160665,4683,True,True,True,True,Eyes,0.273787,0.09860826,-2.571344,0.07011244,0.02406705,0.9972488,0.0,0.0,0.0,0.0,0.0,0.0,0.0,-0.1198496,0.6281986,2.41698,0.3216037,0.1095443,-2.476966,0.1469928,-0.03842586,0.02180525,0.9881504,16.98838,355.8307,1.905315,0.1013795,0.03645115,-0.9941781,-0.09395608,-0.007400385,0.3612596,-0.8014962,-0.6543218,-1.374072,-0.1584238,-0.01057845,2.089446,0.996096,0.0317971,0.08235147,-0.05439039,0.9558353,0.2888262,-0.06953061,-0.2921777,0.9538332,moving,4.021612,1.382476,-4.335925,-0.2900748,-0.680606297220002,6.278458644954799
05/11/2023 10:30:54.180338,4684,True,True,True,True,Eyes,0.2747087,0.099215,-2.567059,0.06935991,0.02470108,0.9972858,0.0,0.0,0.0,0.0,0.0,0.0,0.0,-0.1526574,0.6177305,2.408354,0.3242665,0.1100063,-2.46735,0.1455587,-0.03266908,0.02042023,0.9885992,16.80604,356.4875,1.847615,0.1018203,0.0366161,-0.9941271,-0.08831871,-0.006956362,0.339584,-0.7894387,-0.6420903,-1.346996,-0.1573654,-0.007830739,2.08959,0.9970315,0.03086432,0.07053794,-0.04988539,0.9567913,0.2864642,-0.05864856,-0.2891327,0.9554908,moving,3.97844,1.418829,-4.306771,-0.214715,-0.6871811204076631,6.288788464671871
05/11/2023 10:30:54.190799,4685,True,True,True,True,Eyes,0.2756824,0.09982996,-2.562553,0.06896478,0.02512991,0.9973025,0.0,0.0,0.0,0.0,0.0,0.0,0.0,-0.1885615,0.6119863,2.397508,0.3268122,0.1100979,-2.457479,0.145154,-0.02628553,0.01813029,0.9888936,16.74046,357.2033,1.689105,0.1022693,0.036794,-0.9940746,-0.08301959,-0.006538981,0.319209,-0.7743004,-0.6310213,-1.317621,-0.1563958,-0.005313158,2.089722,0.9979607,0.02822695,0.05725056,-0.04348875,0.9572033,0.2861305,-0.04672383,-0.2880368,0.9564788,moving,3.955781,1.443427,-4.280065,-0.1456753,-0.6908141729036088,6.295812614385768
05/11/2023 10:30:54.210645,4686,True,True,True,True,Eyes,0.2767106,0.1004515,-2.557827,0.06912933,0.02545486,0.9972829,0.0,0.0,0.0,0.0,0.0,0.0,0.0,-0.2241597,0.6087419,2.386025,0.3292116,0.1109101,-2.448112,0.1453915,-0.0198322,0.01612857,0.989044,16.75243,357.9329,1.564099,0.10273,0.03698473,-0.9940202,-0.07803842,-0.006146642,0.3000564,-0.7614356,-0.6157963,-1.290094,-0.155291,-0.00244385,2.089872,0.9986931,0.02613686,0.04391974,-0.03767059,0.9572024,0.2869574,-0.03453992,-0.2882368,0.9569359,moving,3.965268,1.462112,-4.249637,-0.06700037,-0.6902502487468767,6.301289030156599
05/11/2023 10:30:54.220349,4687,True,True,True,True,Eyes,0.2777857,0.101054,-2.55291,0.06938399,0.0254603,0.997265,0.0,0.0,0.0,0.0,0.0,0.0,0.0,-0.2598789,0.609409,2.372744,0.3316212,0.1116139,-2.438524,0.1464833,-0.01328916,0.01409643,0.9890234,16.86547,358.6733,1.436461,0.1032033,0.0371873,-0.9939637,-0.07335611,-0.005777843,0.2820531,-0.7442811,-0.6126775,-1.26455,-0.1542552,0.0002465844,2.090013,0.9992493,0.02399013,0.03041636,-0.03177669,0.9566879,0.2893762,-0.02215679,-0.2901255,0.9567321,moving,3.979899,1.462451,-4.221111,0.006759884,-0.6884401010716332,6.301464621565627
05/11/2023 10:30:54.240578,4688,True,True,True,True,Eyes,0.2789159,0.1016409,-2.547819,0.07013568,0.02525761,0.9972177,0.0,0.0,0.0,0.0,0.0,0.0,0.0,-0.2943614,0.6148055,2.358351,0.3339977,0.111749,-2.429488,0.1484036,-0.006864805,0.01257452,0.9888232,17.07735,359.41,1.368551,0.1036915,0.03740052,-0.9939049,-0.06895475,-0.005431173,0.2651299,-0.7241982,-0.6138061,-1.238902,-0.1532808,0.002776504,2.090146,0.9995895,0.02283042,0.01730836,-0.02690547,0.9556365,0.2933172,-0.009843948,-0.2936625,0.9558585,moving,4.023066,1.450882,-4.194277,0.0761104,-0.6826843851094018,6.298332410218405
05/11/2023 10:30:54.260716,4689,True,True,True,True,Eyes,0.2800946,0.1022173,-2.542562,0.0708072,0.02466954,0.9971849,0.0,0.0,0.0,0.0,0.0,0.0,0.0,-0.3275396,0.6237758,2.342798,0.3365154,0.1119299,-2.420602,0.151056,-0.0006209048,0.01155552,0.9884576,17.37589,0.1358954,1.360332,0.1041949,0.03762247,-0.993844,-0.06481747,-0.005105303,0.2492221,-0.707906,-0.6180221,-1.218828,-0.1522526,0.00544697,2.090285,0.9997322,0.02265669,0.004718537,-0.02303185,0.9540971,0.2986106,0.002263584,-0.2986393,0.9543634,moving,4.06159,1.417162,-4.165963,0.1493039,-0.676775123264364,6.288742745829729
05/11/2023 10:30:54.270837,4690,True,True,True,True,Eyes,0.2813258,0.1027757,-2.537146,0.07199772,0.02385145,0.9971196,0.0,0.0,0.0,0.0,0.0,0.0,0.0,-0.3611874,0.6351843,2.326038,0.33903,0.1122724,-2.411809,0.1542539,0.005821653,0.01088445,0.9879543,17.738,0.8940079,1.401927,0.1047163,0.03785294,-0.9937805,-0.06092842,-0.004798985,0.2342687,-0.6881994,-0.6271338,-1.198792,-0.1512798,0.00797236,2.090418,0.9996953,0.02330269,-0.008145114,-0.01971064,0.9521745,0.3049183,0.01486099,-0.3046649,0.9523437,moving,4.129915,1.370274,-4.139178,0.2185115,-0.6667212081917736,6.275486025944411
05/11/2023 10:30:54.290806,4691,True,True,True,True,Eyes,0.282584,0.1033175,-2.53158,0.07161421,0.02284334,0.9971708,0.0,0.0,0.0,0.0,0.0,0.0,0.0,-0.3962708,0.6471485,2.308238,0.3415874,0.1124129,-2.403014,0.1575354,0.01265773,0.0105485,0.987376,18.10904,1.707395,1.496287,0.1052566,0.03809062,-0.9937144,-0.05727271,-0.004511046,0.2202126,-0.6704636,-0.6371134,-1.18109,-0.1502329,0.01069117,2.09056,0.999457,0.02481875,-0.02167235,-0.01684259,0.9501426,0.3113605,0.0283194,-0.3108264,0.9500447,moving,4.107781,1.312311,-4.110353,0.2930092,-0.6675623515835911,6.258536026271405
05/11/2023 10:30:54.310684,4692,True,True,True,True,Eyes,0.2838986,0.1038736,-2.525872,0.07175858,0.02176094,0.9971846,0.0,0.0,0.0,0.0,0.0,0.0,0.0,-0.429813,0.6562194,2.291029,0.3440909,0.1126623,-2.394387,0.1601664,0.01930189,0.01074982,0.9868428,18.40326,2.509112,1.654736,0.1058148,0.03833397,-0.9936459,-0.05383635,-0.004240383,0.2069999,-0.6524023,-0.6507093,-1.165413,-0.1491808,0.01342267,2.090703,0.9990237,0.02739978,-0.03465234,-0.01503373,0.9484623,0.316533,0.04153937,-0.315703,0.9479483,moving,4.115977,1.250132,-4.081387,0.3678435,-0.6644886264172012,6.240521551456431
05/11/2023 10:30:54.330625,4693,True,True,True,True,Eyes,0.2838986,0.1038736,-2.525872,0.07175858,0.02176094,0.9971846,0.0,0.0,0.0,0.0,0.0,0.0,0.0,-0.4628024,0.6598209,2.274908,0.3468167,0.1136555,-2.385699,0.1617297,0.02588348,0.01139026,0.9864299,18.57105,3.311026,1.864614,0.106393,0.03858367,-0.9935745,-0.05060617,-0.00398596,0.1945799,-0.6322495,-0.665069,-1.149598,-0.1481764,0.01603127,2.090841,0.9984006,0.03084364,-0.04738018,-0.01409913,0.9474275,0.3196596,0.05474875,-0.3184804,0.9463471,moving,4.115977,1.250132,-4.053733,0.4392998,-0.6644886264172012,6.240521551456431
05/11/2023 10:30:54.340831,4694,True,True,True,True,Eyes,0.2838986,0.1038736,-2.525872,0.07175858,0.02176094,0.9971846,0.0,0.0,0.0,0.0,0.0,0.0,0.0,-0.494826,0.6594723,2.259353,0.3496124,0.1143954,-2.376787,0.1623861,0.03231924,0.01217839,0.9861227,18.63136,4.096734,2.087404,0.1069134,0.03880839,-0.9935099,-0.0475698,-0.003746802,0.1829051,-0.6120642,-0.6771612,-1.133339,-0.1471022,0.01882017,2.090986,0.9976143,0.03451516,-0.05978627,-0.01352239,0.9469649,0.3210524,0.06769667,-0.319478,0.9451725,moving,4.115977,1.250132,-4.024164,0.5156835,-0.6644886264172012,6.240521551456431
05/11/2023 10:30:54.360756,4695,True,True,True,True,Eyes,0.2838986,0.1038736,-2.525872,0.07175858,0.02176094,0.9971846,0.0,0.0,0.0,0.0,0.0,0.0,0.0,-0.5283929,0.6544628,2.244299,0.3525715,0.1148766,-2.367889,0.1620605,0.03905331,0.01255413,0.9859279,18.57703,4.906683,2.26202,0.1073815,0.03901058,-0.9934515,-0.04471561,-0.003521994,0.1719308,-0.5909707,-0.6844192,-1.114731,-0.1460769,0.02148288,2.091126,0.9966344,0.03741293,-0.07293843,-0.01209694,0.9471576,0.3205405,0.08107654,-0.3185793,0.9444225,moving,4.115977,1.250132,-3.99594,0.5885993,-0.6644886264172012,6.240521551456431
05/11/2023 10:30:54.372493,4696,True,True,True,True,Eyes,0.2838986,0.1038736,-2.525872,0.07175858,0.02176094,0.9971846,0.0,0.0,0.0,0.0,0.0,0.0,0.0,-0.5616084,0.6486412,2.228954,0.3554999,0.1152597,-2.358964,0.1616398,0.04572688,0.01242574,0.9857117,18.51326,5.69903,2.374017,0.1078028,0.03919253,-0.9933987,-0.04203268,-0.003310675,0.1616149,-0.5713472,-0.6868064,-1.095384,-0.1450016,0.02427483,2.091272,0.9955093,0.03927895,-0.08613004,-0.009713817,0.9474363,0.3197968,0.09416401,-0.3175241,0.9435632,moving,4.115977,1.250132,-3.966344,0.6650415,-0.6644886264172012,6.240521551456431
05/11/2023 10:30:54.390898,4697,True,True,True,True,Eyes,0.2838986,0.1038736,-2.525872,0.07175858,0.02176094,0.9971846,0.0,0.0,0.0,0.0,0.0,0.0,0.0,-0.5952773,0.6428947,2.212411,0.3582054,0.1152512,-2.349647,0.1612004,0.05262895,0.01227327,0.985441,18.44627,6.51796,2.48661,0.1081825,0.03935652,-0.9933501,-0.03951072,-0.003112034,0.151918,-0.5517289,-0.6820104,-1.072719,-0.1440442,0.026761,2.091402,0.9941591,0.04115678,-0.09976853,-0.007221544,0.9477276,0.3189989,0.1076824,-0.3164152,0.9424893,moving,4.115977,1.250132,-3.939993,0.7331008,-0.6644886264172012,6.240521551456431
05/11/2023 10:30:54.410577,4698,True,True,True,True,Eyes,0.2838986,0.1038736,-2.525872,0.07175858,0.02176094,0.9971846,0.0,0.0,0.0,0.0,0.0,0.0,0.0,-0.6292536,0.6384125,2.195241,0.3612062,0.1147705,-2.340721,0.1609063,0.0596219,0.01220573,0.9850916,18.39459,7.350021,2.611448,0.1085242,0.03950411,-0.9933065,-0.03714007,-0.002925312,0.1428029,-0.5320095,-0.6774951,-1.050432,-0.1430205,0.02941895,2.091541,0.9925925,0.0432346,-0.1135381,-0.004860453,0.9479204,0.3184703,0.121394,-0.3155594,0.9411088,moving,4.115977,1.250132,-3.911819,0.8058508,-0.6644886264172012,6.240521551456431
05/11/2023 10:30:54.420521,4699,True,True,True,True,Eyes,0.2859509,0.1043218,-2.517763,0.07237475,0.01103696,0.9973165,0.0,0.0,0.0,0.0,0.0,0.0,0.0,-0.6604333,0.6355307,2.177734,0.3641622,0.1145076,-2.33171,0.1610373,0.06608423,0.01204744,0.9846597,18.39351,8.119413,2.718705,0.1088318,0.03963695,-0.9932672,-0.03491167,-0.002749793,0.1342347,-0.5158121,-0.6718596,-1.029485,-0.1419693,0.03214872,2.091684,0.9909754,0.0450093,-0.1262608,-0.002441215,0.9478437,0.3187262,0.1340211,-0.3155415,0.9393998,moving,4.15065,0.6340467,-3.882894,0.8805542,-0.6398263028682072,6.061784214087757
05/11/2023 10:30:54.440554,4700,True,True,True,True,Eyes,0.2880414,0.1047397,-2.509595,0.07353205,0.0007025719,0.9972926,0.0,0.0,0.0,0.0,0.0,0.0,0.0,-0.6938674,0.6319032,2.159072,0.3675028,0.1138667,-2.322568,0.1611882,0.07292984,0.01090406,0.984165,18.40194,8.916251,2.716682,0.1092238,0.03978673,-0.9932176,-0.03281697,-0.002584806,0.1261807,-0.5008602,-0.6659141,-1.008999,-0.1409609,0.03476745,2.091822,0.9891247,0.04497365,-0.1400348,0.002048073,0.947799,0.318862,0.1470652,-0.3156811,0.9373992,moving,4.216883,0.04036368,-3.855143,0.9522058,-0.6119750553500126,5.889719223033077
05/11/2023 10:30:54.460881,4701,True,True,True,True,Eyes,0.2901745,0.1051173,-2.501365,0.0751703,-0.009271684,0.9971277,0.0,0.0,0.0,0.0,0.0,0.0,0.0,-0.7289923,0.6282294,2.139198,0.3705146,0.1135249,-2.31346,0.1615708,0.08024956,0.009215419,0.9835497,18.44214,9.761301,2.662052,0.1096942,0.03995078,-0.9931595,-0.03084795,-0.002429718,0.1186098,-0.486331,-0.661528,-0.9894879,-0.1399038,0.037512,2.091966,0.9869502,0.04405963,-0.154881,0.007804333,0.9476199,0.319305,0.1608368,-0.3163469,0.9349098,moving,4.311193,-0.5327433,-3.826058,1.027287,-0.5813081547621874,5.723777847725077
05/11/2023 10:30:54.480629,4702,True,True,True,True,Eyes,0.2923436,0.1054522,-2.493082,0.07730783,-0.01886922,0.9968287,0.0,0.0,0.0,0.0,0.0,0.0,0.0,-0.763864,0.6236752,2.118909,0.3736615,0.1129412,-2.304313,0.161716,0.08759486,0.00766883,0.9829122,18.45513,10.61139,2.622765,0.1102383,0.04012653,-0.9930924,-0.02899707,-0.002283935,0.1114932,-0.4713259,-0.6589451,-0.9704053,-0.138916,0.04007709,2.0921,0.9845366,0.04340655,-0.1697158,0.01325541,0.9475782,0.3192488,0.1746764,-0.3165618,0.9323501,moving,4.434628,-1.084437,-3.798879,1.097446,-0.5477227902295195,5.5642087603621055
05/11/2023 10:30:54.500346,4703,True,True,True,True,Eyes,0.2945536,0.1057294,-2.484745,0.07982881,-0.02805458,0.9964137,0.0,0.0,0.0,0.0,0.0,0.0,0.0,-0.7977314,0.6194909,2.098211,0.3766973,0.1121336,-2.295247,0.1618813,0.09485559,0.006298894,0.9822206,18.4702,11.45558,2.603521,0.1108498,0.04031096,-0.9930171,-0.02725725,-0.002146899,0.1048036,-0.4562843,-0.6569693,-0.9518467,-0.1378493,0.04284704,2.092245,0.9819255,0.04308451,-0.1842989,0.0183369,0.9475095,0.3192013,0.1883776,-0.3168114,0.9295937,moving,4.580533,-1.612768,-3.769532,1.173195,-0.5121117898622747,5.411543012920381
05/11/2023 10:30:54.510749,4704,True,True,True,True,Eyes,0.2968012,0.1059797,-2.476349,0.08282378,-0.03682153,0.9958838,0.0,0.0,0.0,0.0,0.0,0.0,0.0,-0.8321342,0.6137574,2.077015,0.3798777,0.1110108,-2.286156,0.161715,0.102286,0.004767097,0.9815108,18.44986,12.31549,2.564259,0.1115269,0.04050182,-0.9929337,-0.02562181,-0.002018085,0.09851543,-0.4425471,-0.6541883,-0.9336796,-0.1368122,0.04554063,2.092386,0.9790297,0.04244024,-0.1992477,0.02372442,0.9476511,0.3184251,0.2023313,-0.3164747,0.9267717,moving,4.754127,-2.117474,-3.741,1.246841,-0.47383412775292644,5.265884297934855
05/11/2023 10:30:54.520712,4705,True,True,True,True,Eyes,0.299089,0.106196,-2.467886,0.08617071,-0.04512569,0.995258,0.0,0.0,0.0,0.0,0.0,0.0,0.0,-0.8662107,0.6042512,2.056034,0.3829845,0.1106836,-2.276793,0.1610009,0.1097211,0.002915432,0.980832,18.37228,13.16672,2.479059,0.1122635,0.04069702,-0.9928428,0.0,0.0,0.0,-0.4277292,-0.6553726,-0.9168313,-0.1358001,0.0481683,2.092524,0.9759055,0.04104951,-0.2142972,0.02961131,0.9481404,0.3164695,0.2161748,-0.3151899,0.92408,moving,4.948401,-2.596052,-3.713159,1.318672,-0.4338449816024652,5.127922568641142
05/11/2023 10:30:54.540525,4706,True,True,True,True,Eyes,0.3014107,0.1063314,-2.459368,0.08998249,-0.05304541,0.9945297,0.0,0.0,0.0,0.0,0.0,0.0,0.0,-0.9004359,0.5944929,2.034102,0.3862057,0.1100829,-2.267268,0.1601388,0.1173228,0.001349199,0.9800965,18.2755,14.0428,2.427607,0.1130568,0.04089519,-0.9927448,0.0,0.0,0.0,-0.4121315,-0.6555665,-0.8993405,-0.1347438,0.05091178,2.092667,0.9724671,0.04022055,-0.2295432,0.03493117,0.9487075,0.3142195,0.2304074,-0.3135864,0.9211819,moving,5.169899,-3.053102,-3.684107,1.393654,-0.39117780648135847,4.996356420769639
05/11/2023 10:30:54.560968,4707,True,True,True,True,Eyes,0.3037643,0.1064125,-2.450792,0.09404893,-0.06049825,0.9937277,0.0,0.0,0.0,0.0,0.0,0.0,0.0,-0.9346199,0.5858678,2.011149,0.3892973,0.1082435,-2.257921,0.1593698,0.1250359,-0.0004829049,0.9792686,18.19503,14.92856,2.347259,0.1139046,0.0410932,-0.9926398,0.0,0.0,0.0,-0.3960578,-0.6558944,-0.8823289,-0.1337233,0.05356169,2.092806,0.9687316,0.03890809,-0.2450413,0.04079967,0.9492021,0.3120109,0.2447335,-0.3122525,0.9179346,moving,5.406515,-3.483873,-3.656037,1.466064,-0.3474965207716084,4.872501785955039
05/11/2023 10:30:54.583415,4708,True,True,True,True,Eyes,0.306144,0.1064675,-2.442157,0.09852207,-0.06765176,0.9928327,0.0,0.0,0.0,0.0,0.0,0.0,0.0,-0.9681395,0.5754806,1.988104,0.392375,0.1069911,-2.248471,0.1583467,0.1327184,-0.002280734,0.9784206,18.08724,15.81009,2.264972,0.1148038,0.04128909,-0.9925283,0.0,0.0,0.0,-0.3790796,-0.655165,-0.8645345,-0.1327209,0.05616415,2.092943,0.9647613,0.037568,-0.2604311,0.04649406,0.9498423,0.3092539,0.2589865,-0.3104647,0.9146243,moving,5.667097,-3.898117,-3.628469,1.537164,-0.3013776222414444,4.753573191727275
05/11/2023 10:30:54.590871,4709,True,True,True,True,Eyes,0.3085669,0.1064811,-2.433459,0.1032543,-0.07446658,0.9918635,0.0,0.0,0.0,0.0,0.0,0.0,0.0,-0.99942,0.5682577,1.964335,0.3953232,0.1063883,-2.238922,0.158202,0.1400382,-0.003981075,0.9774179,18.08177,16.65739,2.202068,0.1157507,0.04148203,-0.9924104,0.0,0.0,0.0,-0.3623867,-0.6517557,-0.846121,-0.1317064,0.05879855,2.093081,0.9607469,0.03652629,-0.2750112,0.05209098,0.9499125,0.3081439,0.2724919,-0.3103739,0.9107229,moving,5.943161,-4.293566,-3.600572,1.609123,-0.25395214346101946,4.640184567068924
05/11/2023 10:30:54.610611,4710,True,True,True,True,Eyes,0.311017,0.106441,-2.42471,0.1084217,-0.08102091,0.9907978,0.0,0.0,0.0,0.0,0.0,0.0,0.0,-1.03283,0.5606644,1.938682,0.3987329,0.1053802,-2.229232,0.157995,0.1478992,-0.005770591,0.9762839,18.07146,17.56874,2.138061,0.1167432,0.04167076,-0.9922863,0.0,0.0,0.0,-0.3441951,-0.6445473,-0.8254642,-0.130691,0.0614351,2.093219,0.9561851,0.03546717,-0.2906066,0.05800212,0.9500086,0.306789,0.2869597,-0.3102028,0.9063268,moving,6.244956,-4.67487,-3.572649,1.681125,-0.2037906705742053,4.531039521321317
05/11/2023 10:30:54.621249,4711,True,True,True,True,Eyes,0.311017,0.106441,-2.42471,0.1084217,-0.08102091,0.9907978,0.0,0.0,0.0,0.0,0.0,0.0,0.0,-1.065777,0.5545384,1.912152,0.4017565,0.1040381,-2.219794,0.1579954,0.1558963,-0.007289452,0.9750286,18.0817,18.50437,2.112839,0.1177794,0.04185382,-0.9921563,0.0,0.0,0.0,-0.3241841,-0.636482,-0.8043431,-0.1296422,0.06415856,2.093362,0.9512865,0.03504694,-0.3063101,0.06347664,0.9499686,0.3058272,0.3017033,-0.3103728,0.9014676,moving,6.244956,-4.67487,-3.543812,1.755485,-0.2037906705742053,4.531039521321317
05/11/2023 10:30:54.650555,4712,True,True,True,True,Eyes,0.311017,0.106441,-2.42471,0.1084217,-0.08102091,0.9907978,0.0,0.0,0.0,0.0,0.0,0.0,0.0,-1.096786,0.5488214,1.885674,0.4048836,0.1024283,-2.210314,0.1580338,0.1635352,-0.008753443,0.9737582,18.09759,19.39949,2.088527,0.1187119,0.04201854,-0.9920382,0.0,0.0,0.0,-0.3038103,-0.6278109,-0.7833911,-0.1285673,0.0669499,2.093508,0.9463592,0.0346407,-0.3212542,0.06873564,0.9498974,0.3049104,0.3157208,-0.3106364,0.8965631,moving,6.244956,-4.67487,-3.514257,1.831681,-0.2037906705742053,4.531039521321317
05/11/2023 10:30:54.660982,4713,True,True,True,True,Eyes,0.3137398,0.1062294,-2.415138,0.1153672,-0.08723365,0.9894851,0.0,0.0,0.0,0.0,0.0,0.0,0.0,-1.122993,0.5422103,1.861641,0.4075505,0.1014749,-2.201004,0.1578657,0.1701995,-0.009986117,0.972631,18.08872,20.18054,2.068577,0.1195513,0.04216677,-0.9919313,0.0,0.0,0.0,-0.2847033,-0.622153,-0.7641444,-0.1275158,0.06968021,2.093651,0.9418648,0.03431168,-0.3342354,0.07316291,0.9499574,0.3036908,0.3279296,-0.3104893,0.8922212,moving,6.650273,-5.038207,-3.485348,1.906196,-0.1413355953785207,4.42765816629087
05/11/2023 10:30:54.680406,4714,True,True,True,True,Eyes,0.3164722,0.1059642,-2.405564,0.1225569,-0.09316032,0.9880794,0.0,0.0,0.0,0.0,0.0,0.0,0.0,-1.150298,0.5362263,1.836311,0.4107525,0.09965323,-2.191829,0.1578251,0.1770884,-0.01156597,0.9713894,18.10237,20.98469,2.015428,0.1204666,0.04230795,-0.9918146,0.0,0.0,0.0,-0.2668558,-0.6177184,-0.7463704,-0.1265374,0.0722208,2.093784,0.9370118,0.03342784,-0.3476943,0.07836811,0.949915,0.3025228,0.3403927,-0.3107156,0.8874619,moving,7.0706,-5.386167,-3.458453,1.975518,-0.07751981843795486,4.328821655240342
05/11/2023 10:30:54.690654,4715,True,True,True,True,Eyes,0.3192294,0.1057583,-2.395986,0.1301029,-0.09865537,0.9865801,0.0,0.0,0.0,0.0,0.0,0.0,0.0,-1.176287,0.5271834,1.811946,0.4136208,0.0980676,-2.182664,0.157114,0.1838236,-0.01318978,0.970232,18.04255,21.76444,1.938793,0.1214505,0.04244037,-0.991689,0.0,0.0,0.0,-0.2485419,-0.612206,-0.7283949,-0.1254933,0.07493216,2.093926,0.9320698,0.03216824,-0.3608477,0.08335681,0.9502825,0.3000248,0.3525586,-0.3097232,0.8830482,moving,7.5124,-5.710441,-3.42975,2.049483,-0.011813194307543018,4.236977118532887
05/11/2023 10:30:54.710872,4716,True,True,True,True,Eyes,0.3220251,0.105725,-2.386381,0.1377064,-0.1037829,0.9850208,0.0,0.0,0.0,0.0,0.0,0.0,0.0,-1.197208,0.513515,1.791667,0.4168862,0.09928461,-2.173344,0.1555326,0.1893186,-0.01401989,0.9694181,17.87015,22.40073,1.90919,0.1224996,0.0425676,-0.9915544,0.0,0.0,0.0,-0.2308646,-0.6033658,-0.709955,-0.1244532,0.0776332,2.094068,0.9279239,0.03170816,-0.3714189,0.08607271,0.9512261,0.2962438,0.3626966,-0.3068607,0.8799362,moving,7.958397,-6.014555,-3.401163,2.12315,0.05375011576661448,4.1510094679535445
05/11/2023 10:30:54.730300,4717,True,True,True,True,Eyes,0.3248743,0.1057493,-2.376765,0.1455767,-0.1085797,0.9833707,0.0,0.0,0.0,0.0,0.0,0.0,0.0,-1.21406,0.4975296,1.773752,0.42054,0.103444,-2.163358,0.1536612,0.1938712,-0.01391596,0.9688182,17.64602,22.93659,1.961468,0.1236102,0.04269737,-0.991411,0.0,0.0,0.0,-0.2145202,-0.5886915,-0.689985,-0.1234488,0.08024144,2.094204,0.9244406,0.0326169,-0.3799285,0.08654502,0.9523892,0.2923437,0.3713752,-0.3031353,0.8776044,moving,8.420821,-6.300841,-3.373557,2.194269,0.1207695795208954,4.070305938496155
05/11/2023 10:30:54.740704,4718,True,True,True,True,Eyes,0.3277654,0.1058008,-2.367134,0.1536469,-0.1129626,0.9816477,0.0,0.0,0.0,0.0,0.0,0.0,0.0,-1.236251,0.4845754,1.75132,0.4245796,0.1048082,-2.153834,0.1525384,0.1996727,-0.01522264,0.967797,17.5376,23.6066,1.890174,0.1247797,0.04283193,-0.9912587,0.0,0.0,0.0,-0.2011941,-0.5685438,-0.669804,-0.1224056,0.08294982,2.094346,0.9197981,0.03145067,-0.3911294,0.09038039,0.9530006,0.2891734,0.3818413,-0.3013315,0.8737257,moving,8.895724,-6.564406,-3.344888,2.268102,0.1885921393774026,3.9962667131183873
05/11/2023 10:30:54.760781,4719,True,True,True,True,Eyes,0.3306907,0.1059646,-2.35754,0.161882,-0.1169452,0.9798561,0.0,0.0,0.0,0.0,0.0,0.0,0.0,-1.261575,0.4615552,1.728593,0.4283586,0.1054067,-2.144303,0.1493048,0.2063722,-0.01779602,0.9668516,17.22089,24.3449,1.632559,0.1260047,0.04297202,-0.9910976,0.0,0.0,0.0,-0.1782336,-0.5582179,-0.6494915,-0.1213573,0.08567226,2.094489,0.9141876,0.02721251,-0.4043767,0.09603694,0.9547828,0.2813659,0.3937485,-0.2960563,0.8702372,moving,9.381096,-6.806019,-3.316081,2.342302,0.2569929760849352,3.9286578654381175
05/11/2023 10:30:54.780390,4720,True,True,True,True,Eyes,0.3336819,0.106127,-2.347931,0.1701686,-0.1205962,0.9780078,0.0,0.0,0.0,0.0,0.0,0.0,0.0,-1.278735,0.4416134,1.711746,0.4320117,0.108216,-2.135864,0.1465857,0.2109791,-0.01913378,0.9662476,16.93878,24.85622,1.490162,0.1272822,0.04312185,-0.9909279,0.0,0.0,0.0,-0.158973,-0.5352274,-0.6281812,-0.1203483,0.08829188,2.094626,0.9102434,0.0248771,-0.4133255,0.09882896,0.956293,0.2752024,0.4021066,-0.2913497,0.8680009,moving,9.87037,-7.029544,-3.288357,2.413681,0.3252822028317317,3.8663226095287246
05/11/2023 10:30:54.791873,4721,True,True,True,True,Eyes,0.3367321,0.1063076,-2.338345,0.1786633,-0.1240981,0.9760528,0.0,0.0,0.0,0.0,0.0,0.0,0.0,-1.297024,0.4245513,1.691316,0.4364924,0.1082873,-2.12622,0.1441342,0.2159265,-0.02064361,0.9654921,16.69255,25.40928,1.338953,0.1286105,0.0432805,-0.9907495,0.0,0.0,0.0,-0.1438537,-0.5145627,-0.6087804,-0.1193428,0.09090304,2.094763,0.9058992,0.02238232,-0.4229016,0.1021073,0.9575983,0.2694059,0.4109998,-0.2872359,0.8652021,moving,10.37297,-7.245872,-3.260729,2.484814,0.39499264049100735,3.8061477276411324
05/11/2023 10:30:54.810801,4722,True,True,True,True,Eyes,0.3398407,0.1064592,-2.328802,0.1872092,-0.1275285,0.9740068,0.0,0.0,0.0,0.0,0.0,0.0,0.0,-1.317171,0.4122398,1.668923,0.440843,0.1088895,-2.117542,0.1428291,0.2214572,-0.02174941,0.9644085,16.56628,26.05075,1.27398,0.1299895,0.04344812,-0.9905622,0.0,0.0,0.0,-0.1236323,-0.4927896,-0.5868828,-0.118171,0.0939458,2.094923,0.9009674,0.02131042,-0.4333632,0.1052117,0.9582536,0.265858,0.4209374,-0.2851242,0.8611131,moving,10.87987,-7.459408,-3.228536,2.567682,0.46514615950461424,3.7468063546694093
05/11/2023 10:30:54.821008,4723,True,True,True,True,Eyes,0.3430168,0.1065836,-2.319329,0.1959583,-0.1310836,0.9718114,0.0,0.0,0.0,0.0,0.0,0.0,0.0,-1.335256,0.4113054,1.645381,0.4452575,0.1083942,-2.10935,0.1436504,0.2265288,-0.02181541,0.9631063,16.6536,26.6734,1.379266,0.1314169,0.04362259,-0.9903662,0.0,0.0,0.0,-0.1034265,-0.4790494,-0.5688418,-0.1172748,0.09627348,2.095044,0.8964176,0.02306077,-0.4426101,0.107103,0.9577774,0.2668174,0.4300749,-0.2865847,0.8560986,moving,11.40038,-7.682022,-3.203915,2.63106,0.537293720638587,3.6849003559426987
05/11/2023 10:30:54.840292,4724,True,True,True,True,Eyes,0.3462707,0.1066681,-2.309906,0.2048456,-0.134562,0.9695005,0.0,0.0,0.0,0.0,0.0,0.0,0.0,-1.355783,0.4120271,1.619958,0.4499393,0.1079121,-2.101925,0.1451196,0.2322005,-0.0222539,0.9615238,16.82244,27.37085,1.472556,0.1328918,0.04380209,-0.9901615,0.0,0.0,0.0,-0.08193429,-0.468341,-0.5517554,-0.1163076,0.09878463,2.095176,0.8911754,0.0245984,-0.4529915,0.110189,0.9568901,0.2687372,0.4400736,-0.2894067,0.8500464,moving,11.93054,-7.901897,-3.177348,2.699417,0.6105521092924608,3.623840681640364
05/11/2023 10:30:54.860286,4725,True,True,True,True,Eyes,0.349618,0.1068351,-2.300532,0.2139864,-0.1378679,0.9670585,0.0,0.0,0.0,0.0,0.0,0.0,0.0,-1.378996,0.4068345,1.592647,0.4549189,0.1070093,-2.094103,0.1456037,0.2386473,-0.023774,0.9598344,16.90933,28.13749,1.428858,0.1344129,0.04398434,-0.989948,0.0,0.0,0.0,-0.05851147,-0.4628144,-0.5365043,-0.1152942,0.1014161,2.095314,0.8849646,0.02385764,-0.4650468,0.1151341,0.9564688,0.2681636,0.4512005,-0.290858,0.8436941,moving,12.47711,-8.113652,-3.149512,2.771033,0.6855851394141204,3.5652256941717764
05/11/2023 10:30:54.870756,4726,True,True,True,True,Eyes,0.3530716,0.1070435,-2.29118,0.2232792,-0.1409377,0.9645118,0.0,0.0,0.0,0.0,0.0,0.0,0.0,-1.402501,0.3878858,1.56813,0.460362,0.1091316,-2.086301,0.1431789,0.2451938,-0.02514396,0.9585133,16.66695,28.89071,1.316589,0.1359822,0.0441728,-0.9897254,0.0,0.0,0.0,-0.03518601,-0.4539254,-0.5206371,-0.114198,0.1042625,2.095463,0.8784956,0.0220115,-0.4772431,0.1184148,0.9577352,0.2621475,0.4628428,-0.286808,0.8387597,moving,13.03407,-8.313418,-3.119406,2.848478,0.7615156373966903,3.5101472675063983
05/11/2023 10:30:54.891020,4727,True,True,True,True,Eyes,0.3566269,0.1072288,-2.281863,0.2328365,-0.1439282,0.9618066,0.0,0.0,0.0,0.0,0.0,0.0,0.0,-1.426767,0.3702976,1.54092,0.466207,0.1102537,-2.077912,0.141333,0.2520483,-0.02725695,0.9569504,16.51327,29.67714,1.140212,0.1375989,0.04436853,-0.9894931,0.0,0.0,0.0,-0.01189339,-0.4425132,-0.5045378,-0.1132008,0.1068522,2.095598,0.8714575,0.01907838,-0.4900999,0.1234126,0.9585641,0.2567572,0.4746907,-0.2842374,0.8329933,moving,13.6085,-8.510795,-3.092019,2.918919,0.8395419958684454,3.4558547505392605
05/11/2023 10:30:54.910455,4728,True,True,True,True,Eyes,0.3602784,0.1073927,-2.2726,0.2425208,-0.1468453,0.9589683,0.0,0.0,0.0,0.0,0.0,0.0,0.0,-1.452428,0.3552542,1.51118,0.472007,0.1098236,-2.069919,0.1397949,0.2594823,-0.02931299,0.9551269,16.3949,30.5402,0.9886843,0.1392654,0.04457006,-0.9892508,0.0,0.0,0.0,0.01182617,-0.4266829,-0.4872051,-0.1121412,0.1096036,2.095742,0.8636194,0.01655333,-0.5038725,0.1285438,0.9591963,0.2518313,0.4874813,-0.282256,0.8262527,moving,14.19239,-8.705983,-3.062921,2.993739,0.9186736932699375,3.402247828221353
05/11/2023 10:30:54.921042,4729,True,True,True,True,Eyes,0.3640335,0.1075604,-2.263395,0.2523795,-0.1498142,0.9559604,0.0,0.0,0.0,0.0,0.0,0.0,0.0,-1.476312,0.3436843,1.48188,0.4777828,0.1093549,-2.062365,0.1396208,0.2664008,-0.03225835,0.9531507,16.46004,31.34226,0.7704875,0.1409814,0.04477585,-0.9889984,0.0,0.0,0.0,0.03542733,-0.4110167,-0.4703978,-0.1111214,0.1122519,2.095881,0.85598,0.01289603,-0.516848,0.1358843,0.9589309,0.248972,0.4988323,-0.2833466,0.8190733,moving,14.78901,-8.906719,-3.034919,3.065736,0.9995733085286336,3.3470968038495466
05/11/2023 10:30:54.940803,4730,True,True,True,True,Eyes,0.3679009,0.1077217,-2.254262,0.2623516,-0.1528833,0.9527845,0.0,0.0,0.0,0.0,0.0,0.0,0.0,-1.500834,0.3372306,1.450138,0.4838026,0.1095825,-2.055007,0.1408589,0.2736328,-0.03471024,0.9508307,16.67016,32.20692,0.6627104,0.1427474,0.04498564,-0.9887356,0.0,0.0,0.0,0.05998588,-0.3964224,-0.4535469,-0.1100532,0.1150253,2.096027,0.8478405,0.01108012,-0.5301355,0.1430944,0.9579079,0.2488702,0.5105785,-0.2868617,0.8105677,moving,15.39503,-9.115941,-3.005591,3.141114,1.0819233325505073,3.289530882234108
05/11/2023 10:30:54.960297,4731,True,True,True,True,Eyes,0.3718844,0.1078696,-2.245206,0.2724313,-0.1561406,0.9494216,0.0,0.0,0.0,0.0,0.0,0.0,0.0,-1.524233,0.3367746,1.417791,0.4901696,0.1095848,-2.048063,0.1431872,0.2805879,-0.03620917,0.948397,16.97271,33.06654,0.6992168,0.1445639,0.0451987,-0.9884619,0.0,0.0,0.0,0.08676253,-0.3868024,-0.4384508,-0.1090183,0.1177127,2.096167,0.8399187,0.01167183,-0.5425867,0.1490345,0.9563726,0.2512768,0.521848,-0.2919163,0.8015357,moving,16.01054,-9.339185,-2.977178,3.214134,1.1659177938850984,3.2279428028273824
05/11/2023 10:30:54.980289,4732,True,True,True,True,Eyes,0.3759846,0.1080315,-2.236238,0.2826339,-0.1596085,0.9458558,0.0,0.0,0.0,0.0,0.0,0.0,0.0,-1.547999,0.3400537,1.383366,0.4967383,0.1094055,-2.041303,0.1465665,0.2877578,-0.03760874,0.9456739,17.38871,33.9702,0.7937573,0.1464322,0.04541409,-0.9881769,0.0,0.0,0.0,0.1158749,-0.3814901,-0.4241258,-0.1079726,0.1204282,2.09631,0.831562,0.01322011,-0.5552745,0.1554825,0.9542077,0.2555639,0.5332258,-0.2988527,0.7914274,moving,16.63683,-9.578148,-2.948472,3.287896,1.2517733214082258,3.1618465335320334
05/11/2023 10:30:54.990980,4733,True,True,True,True,Eyes,0.3801993,0.1081864,-2.227367,0.2928875,-0.1632683,0.9421042,0.0,0.0,0.0,0.0,0.0,0.0,0.0,-1.572393,0.3417103,1.348042,0.5034126,0.1098733,-2.034922,0.1502627,0.2951613,-0.03980017,0.9427179,17.86683,34.89957,0.8225166,0.1483532,0.04563214,-0.9878803,0.0,0.0,0.0,0.1453377,-0.3783872,-0.411338,-0.1069677,0.1230375,2.096447,0.8225915,0.01366282,-0.5684686,0.1637442,0.9516741,0.2598157,0.5445467,-0.3068056,0.7806018,moving,17.26976,-9.831804,-2.920889,3.358755,1.3389406629962473,3.0915182118531463
05/11/2023 10:30:55.010473,4734,True,True,True,True,Eyes,0.3845188,0.1083479,-2.218585,0.3033234,-0.1669838,0.9381425,0.0,0.0,0.0,0.0,0.0,0.0,0.0,-1.597661,0.3407373,1.311562,0.5101196,0.1098161,-2.028925,0.1536544,0.3029405,-0.04267669,0.9395724,18.33642,35.86679,0.7787111,0.1503271,0.04585213,-0.9875718,0.0,0.0,0.0,0.1753298,-0.3788931,-0.3994815,-0.1059212,0.1257547,2.096589,0.8128116,0.0129006,-0.5823838,0.1732919,0.949138,0.2628818,0.556154,-0.3145958,0.7692347,moving,17.91723,-10.09261,-2.892166,3.432523,1.4281541462757716,3.0191900870689676
05/11/2023 10:30:55.030452,4735,True,True,True,True,Eyes,0.388953,0.1085199,-2.209894,0.3137652,-0.1704876,0.9340693,0.0,0.0,0.0,0.0,0.0,0.0,0.0,-1.623475,0.3323715,1.274686,0.5168909,0.1099527,-2.022794,0.1554411,0.3111536,-0.04595289,0.9364347,18.64585,36.8666,0.6451229,0.1523546,0.04607414,-0.9872507,0.0,0.0,0.0,0.2049885,-0.3838183,-0.3895211,-0.1049617,0.1282462,2.09672,0.8021436,0.01066831,-0.5970359,0.1827958,0.9474528,0.2625239,0.568464,-0.3197176,0.7580431,moving,18.56782,-10.34384,-2.865833,3.500144,1.5174397786273786,2.949659422188453
05/11/2023 10:30:55.040564,4736,True,True,True,True,Eyes,0.3934952,0.1086901,-2.20128,0.3243697,-0.1738076,0.9298254,0.0,0.0,0.0,0.0,0.0,0.0,0.0,-1.648526,0.3178506,1.239036,0.52358,0.1103798,-2.016819,0.1553955,0.3194244,-0.04888808,0.9335043,18.745,37.8595,0.4840302,0.1544361,0.04629831,-0.9869168,0.0,0.0,0.0,0.2343718,-0.3916418,-0.3808034,-0.1039007,0.1310016,2.096864,0.7911561,0.007999742,-0.6115621,0.1905487,0.9469244,0.2588926,0.5811742,-0.3213568,0.7476406,moving,19.23133,-10.58782,-2.836716,3.574909,1.608094330587142,2.882302382696928
05/11/2023 10:30:55.060287,4737,True,True,True,True,Eyes,0.398143,0.1088233,-2.19275,0.334917,-0.1765614,0.9255575,0.0,0.0,0.0,0.0,0.0,0.0,0.0,-1.671845,0.300848,1.204248,0.5304378,0.1104488,-2.010529,0.1539975,0.3274744,-0.05095582,0.9308323,18.66687,38.8242,0.3627353,0.1565718,0.04652427,-0.9865696,0.0,0.0,0.0,0.2647594,-0.4016222,-0.3731035,-0.1028286,0.1337852,2.09701,0.780328,0.00599786,-0.6253417,0.1957231,0.9473765,0.2533183,0.5939534,-0.3200652,0.7380905,moving,19.89288,-10.80011,-2.807297,3.650414,1.6974583379876167,2.82413824701034
05/11/2023 10:30:55.070770,4738,True,True,True,True,Eyes,0.517191,0.1111955,-1.981492,0.5858537,-0.2309928,0.7767997,0.0,0.0,0.0,0.0,0.0,0.0,0.0,-1.692761,0.2855245,1.171227,0.5373667,0.109724,-2.004478,0.1518015,0.3349505,-0.05160731,0.928494,18.4493,39.73088,0.353815,0.1587618,0.04675007,-0.9862089,0.0,0.0,0.0,0.2969311,-0.4123184,-0.3659375,-0.1018034,0.1364476,2.097149,0.7702896,0.00585781,-0.6376672,0.1975261,0.948586,0.2473218,0.606331,-0.3164653,0.7295289,moving,37.02319,-16.56062,-2.779168,3.72261,4.0201677789216745,1.2415205028254723
05/11/2023 10:30:55.090784,4739,True,True,True,True,Eyes,0.5175084,0.1111912,-1.981242,0.5874845,-0.2278442,0.776498,0.0,0.0,0.0,0.0,0.0,0.0,0.0,-1.711251,0.2718077,1.13998,0.5446392,0.1089443,-1.998327,0.149496,0.3416974,-0.05161298,0.926407,18.19551,40.55526,0.3941729,0.1727261,0.04786028,-0.9838058,0.357144,0.007116884,0.6337717,0.3284362,-0.4202882,-0.3587435,-0.1007819,0.1391001,2.097288,0.761158,0.00653557,-0.6485336,0.1977941,0.9499741,0.2417163,0.61767,-0.3122604,0.7217876,moving,37.1105,-16.35303,-2.751143,3.794515,4.02418097951833,1.3022679991970048
05/11/2023 10:30:55.110527,4740,True,True,True,True,Eyes,0.518149,0.1111572,-1.980734,0.5894684,-0.2247338,0.7759006,0.0,0.0,0.0,0.0,0.0,0.0,0.0,-1.7279,0.2618701,1.109872,0.5522702,0.1083084,-1.99231,0.1478931,0.347795,-0.05113272,0.9244197,17.99886,41.31522,0.5022494,0.1840392,0.04875829,-0.9817082,0.3357154,0.006689871,0.5957454,0.3600694,-0.4230587,-0.350746,-0.09973919,0.1418076,2.09743,0.7528481,0.008336792,-0.6581415,0.1974092,0.9510261,0.2378633,0.6278928,-0.3089981,0.7143325,moving,37.22472,-16.15326,-2.722538,3.867892,4.031802330377828,1.3608863346140643
05/11/2023 10:30:55.130513,4741,True,True,True,True,Eyes,0.5190975,0.1110747,-1.979997,0.5917,-0.2218031,0.7750448,0.0,0.0,0.0,0.0,0.0,0.0,0.0,-1.744323,0.2540805,1.078182,0.5604537,0.1076484,-1.98595,0.1468921,0.3539218,-0.05053856,0.9222841,17.86203,42.08984,0.6474273,0.1932563,0.04948708,-0.9798989,0.3155724,0.006288479,0.5600007,0.3911248,-0.4224677,-0.3419885,-0.09876966,0.1443251,2.097562,0.7443704,0.01075482,-0.6676803,0.1971985,0.9517371,0.2351792,0.6379855,-0.3067259,0.7063242,moving,37.35955,-15.97012,-2.695943,3.936098,4.042538522531403,1.4147837404188257
05/11/2023 10:30:55.141673,4742,True,True,True,True,Eyes,0.5203528,0.1109387,-1.97906,0.5942214,-0.2189824,0.7739171,0.0,0.0,0.0,0.0,0.0,0.0,0.0,-1.760534,0.2507105,1.045567,0.5685883,0.1065796,-1.980125,0.1467522,0.3600607,-0.04951496,0.919983,17.79883,42.88585,0.8770159,0.2008139,0.05007884,-0.978348,0.2966381,0.005911171,0.5264006,0.4235097,-0.4177002,-0.3324749,-0.09768574,0.1471401,2.09771,0.7358091,0.0145736,-0.6770321,0.1967852,0.9520241,0.2343623,0.6479664,-0.3056759,0.6976402,moving,37.51742,-15.79904,-2.666213,4.012338,4.056541132034988,1.4653002231974988
05/11/2023 10:30:55.160566,4743,True,True,True,True,Eyes,0.5219099,0.1107745,-1.977941,0.5968753,-0.2163941,0.7726018,0.0,0.0,0.0,0.0,0.0,0.0,0.0,-1.775649,0.2492933,1.014057,0.5770037,0.1053292,-1.97468,0.1470225,0.3657364,-0.0484367,0.9177555,17.7757,43.6311,1.121417,0.2070578,0.05055818,-0.9770209,0.2788398,0.0055565,0.4948166,0.4553604,-0.412726,-0.323279,-0.09666021,0.1498027,2.097849,0.7277816,0.01863684,-0.6855558,0.196449,0.9520766,0.2344313,0.6570706,-0.3052915,0.6892426,moving,37.68796,-15.64676,-2.638087,4.084432,4.072741833947101,1.5104237136794936
05/11/2023 10:30:55.180375,4744,True,True,True,True,Eyes,0.5237778,0.1105816,-1.976642,0.5997871,-0.2139564,0.771024,0.0,0.0,0.0,0.0,0.0,0.0,0.0,-1.789672,0.2476473,0.9842122,0.5856162,0.1046338,-1.969526,0.1476065,0.3709258,-0.04775764,0.9156121,17.80207,44.31477,1.326856,0.2122645,0.05094557,-0.9758827,0.2621094,0.00522311,0.4651276,0.4879821,-0.4079311,-0.3141048,-0.09559678,0.152564,2.097994,0.7202665,0.02204719,-0.693347,0.1969571,0.951863,0.2348716,0.6651496,-0.3057297,0.6812527,moving,37.8797,-15.50915,-2.608923,4.159172,4.092066094962978,1.551398597840219
05/11/2023 10:30:55.190822,4745,True,True,True,True,Eyes,0.5778516,0.1049545,-1.940221,0.6722932,-0.1565935,0.7235332,0.0,0.0,0.0,0.0,0.0,0.0,0.0,-1.804357,0.245073,0.9523194,0.5947311,0.1037989,-1.96423,0.1483076,0.3764655,-0.0474929,0.9132486,17.857,45.04124,1.500233,0.2166566,0.05125716,-0.9749007,0.2463829,0.004909723,0.4372199,0.5211993,-0.4044647,-0.3060462,-0.09465398,0.1550122,2.098122,0.7120364,0.02491974,-0.7017002,0.198411,0.9514985,0.2351246,0.673526,-0.3066423,0.6725572,moving,42.89765,-12.21211,-2.583071,4.225417,4.607842795926873,2.535363827206637
05/11/2023 10:30:55.210646,4746,True,True,True,True,Eyes,0.5782297,0.1049199,-1.94002,0.6726379,-0.1566625,0.7231978,0.0,0.0,0.0,0.0,0.0,0.0,0.0,-1.818774,0.2430177,0.9203809,0.603761,0.1028963,-1.959332,0.1492883,0.3819794,-0.04740852,0.9108003,17.94848,45.76868,1.667956,0.2264754,0.05137425,-0.9726605,0.3938212,-0.01226626,0.5202492,0.5522701,-0.402184,-0.2984733,-0.09356369,0.1578435,2.09827,0.7036883,0.02769068,-0.709969,0.2004095,0.9509309,0.2357255,0.6816589,-0.3081618,0.6636095,moving,42.92555,-12.22283,-2.553177,4.302004,4.611669958248467,2.532397683697808
05/11/2023 10:30:55.230632,4747,True,True,True,True,Eyes,0.5789785,0.1048355,-1.93963,0.673252,-0.1567138,0.722615,0.0,0.0,0.0,0.0,0.0,0.0,0.0,-1.832939,0.2400516,0.8884646,0.6129882,0.1020996,-1.954605,0.1502044,0.3874538,-0.04753048,0.9083277,18.04122,46.48957,1.810947,0.2343632,0.0514567,-0.9707857,0.3701919,-0.01153028,0.4890343,0.5848753,-0.4006627,-0.2914042,-0.09256527,0.1604357,2.098406,0.6952408,0.03004801,-0.7181486,0.202741,0.950359,0.2360378,0.6895914,-0.3097012,0.6546364,moving,42.97466,-12.23627,-2.525804,4.3721,4.61822727905491,2.5287534407175043
05/11/2023 10:30:55.241254,4748,True,True,True,True,Eyes,0.580094,0.1047226,-1.939059,0.674194,-0.1567295,0.7217328,0.0,0.0,0.0,0.0,0.0,0.0,0.0,-1.847197,0.234491,0.8561751,0.6223986,0.1008711,-1.950026,0.1502839,0.3931041,-0.04775347,0.9058717,18.04839,47.21984,1.906849,0.2407331,0.05151103,-0.9692229,0.3479804,-0.01083847,0.4596922,0.6189375,-0.3998877,-0.2852754,-0.09156698,0.1630284,2.098542,0.6863776,0.03163737,-0.7265568,0.2046714,0.9502687,0.2347317,0.6978505,-0.30982,0.6457679,moving,43.04953,-12.25197,-2.498437,4.442186,4.628065974662284,2.524588678508194
05/11/2023 10:30:55.265305,4749,True,True,True,True,Eyes,0.5815621,0.1045637,-1.938324,0.6754003,-0.1566288,0.720626,0.0,0.0,0.0,0.0,0.0,0.0,0.0,-1.8608,0.2278808,0.8244713,0.6320809,0.1001361,-1.945432,0.1499006,0.3986053,-0.04767024,0.9035326,17.99196,47.92886,2.010021,0.2459141,0.05154276,-0.9679197,0.3271015,-0.01018816,0.4321107,0.6533003,-0.3983605,-0.2793484,-0.09054759,0.1656757,2.09868,0.6776828,0.03335916,-0.7345973,0.2056456,0.9505147,0.232877,0.7060142,-0.3088834,0.6372872,moving,43.1445,-12.26257,-2.470495,4.513728,4.640238396820989,2.5220110063807826
05/11/2023 10:30:55.270756,4750,True,True,True,True,Eyes,0.5833769,0.1043477,-1.937439,0.6769068,-0.1564596,0.7192479,0.0,0.0,0.0,0.0,0.0,0.0,0.0,-1.873839,0.2224123,0.7928346,0.6417872,0.09895131,-1.941043,0.149296,0.4040302,-0.0471168,0.9012493,17.88931,48.63194,2.150619,0.250169,0.05155493,-0.9668281,0.3074754,-0.009576869,0.406184,0.687254,-0.3971439,-0.2739621,-0.08951911,0.1683464,2.098821,0.6690792,0.03571223,-0.7423326,0.2055681,0.9509814,0.2310326,0.7141953,-0.307179,0.6289406,moving,43.26293,-12.27248,-2.442305,4.585876,4.655308454864993,2.5197574114288064
05/11/2023 10:30:55.290643,4751,True,True,True,True,Eyes,0.5855261,0.1040881,-1.936424,0.6786758,-0.1561949,0.7176366,0.0,0.0,0.0,0.0,0.0,0.0,0.0,-1.88657,0.2185902,0.7606865,0.6516942,0.09747344,-1.936844,0.1487384,0.4094475,-0.04613493,0.8989447,17.76988,49.34184,2.338448,0.2539642,0.05155331,-0.9658382,0.2890269,-0.009002257,0.381813,0.722048,-0.3948047,-0.2687672,-0.0884321,0.1711682,2.098969,0.6604487,0.03885561,-0.7498652,0.2047466,0.951497,0.2296355,0.7224171,-0.3051948,0.6204594,moving,43.40171,-12.27903,-2.412514,4.662083,4.672800823784524,2.5185869033114647
05/11/2023 10:30:55.310449,4752,True,True,True,True,Eyes,0.5880153,0.1037811,-1.935287,0.6807119,-0.1558331,0.7157845,0.0,0.0,0.0,0.0,0.0,0.0,0.0,-1.898466,0.2150548,0.7301198,0.6616564,0.09627303,-1.932987,0.148179,0.4144762,-0.04508496,0.8967832,17.64643,50.00286,2.524288,0.2574887,0.05153945,-0.9649053,0.2716853,-0.008462122,0.3589042,0.7565927,-0.3897347,-0.2633148,-0.0874185,0.1738006,2.099106,0.6523536,0.0419705,-0.7567518,0.2036962,0.9520206,0.2283956,0.7300292,-0.3031422,0.612505,moving,43.56134,-12.28218,-2.384738,4.733146,4.692776425193835,2.518513734824762
05/11/2023 10:30:55.331135,4753,True,True,True,True,Eyes,0.5908234,0.1034244,-1.934044,0.6833213,-0.1553792,0.7133929,0.0,0.0,0.0,0.0,0.0,0.0,0.0,-1.910619,0.2103306,0.6983501,0.6720755,0.09492312,-1.929171,0.1471932,0.4197337,-0.04401938,0.8945503,17.4754,50.68698,2.692575,0.2607875,0.05151242,-0.9640204,0.2553842,-0.007954394,0.3373699,0.7920498,-0.384246,-0.2581941,-0.08638144,0.1764934,2.099247,0.6437718,0.04480883,-0.7639045,0.202319,0.9527929,0.2263906,0.737987,-0.3002963,0.6043155,moving,43.7666,-12.2873,-2.356322,4.80582,4.71849734528806,2.518109030445551
05/11/2023 10:30:55.340771,4754,True,True,True,True,Eyes,0.5939387,0.1029921,-1.932704,0.6861794,-0.1547891,0.710773,0.0,0.0,0.0,0.0,0.0,0.0,0.0,-1.922675,0.2049055,0.6661406,0.6822724,0.09347375,-1.925662,0.1459082,0.4251679,-0.04297157,0.8922425,17.27218,51.38922,2.844572,0.263899,0.05147117,-0.9631755,0.2400611,-0.007477131,0.3171278,0.8276678,-0.3806545,-0.2540326,-0.08539405,0.1790574,2.099382,0.6347715,0.04738882,-0.7712455,0.2007531,0.9537285,0.2238307,0.7461659,-0.2969112,0.5958862,moving,43.9914,-12.2858,-2.329268,4.87499,4.746432082635019,2.5197298937376877
05/11/2023 10:30:55.360461,4755,True,True,True,True,Eyes,0.5973386,0.1025087,-1.931276,0.6894909,-0.1540818,0.7077155,0.0,0.0,0.0,0.0,0.0,0.0,0.0,-1.934499,0.1992444,0.6332747,0.6925156,0.09132802,-1.922265,0.1443065,0.4307117,-0.04195013,0.8898896,17.03588,52.10038,2.976445,0.2668577,0.05141344,-0.9623631,0.2256574,-0.007028503,0.2981001,0.8632196,-0.3753044,-0.2500021,-0.08432975,0.1818212,2.099527,0.6254553,0.04964699,-0.778679,0.1989709,0.9548317,0.2206968,0.7544643,-0.2929705,0.5873262,moving,44.2527,-12.2826,-2.30011,4.949525,4.778854387988001,2.52203690536128
05/11/2023 10:30:55.380548,4756,True,True,True,True,Eyes,0.6010758,0.1021605,-1.929723,0.6929407,-0.153179,0.7045349,0.0,0.0,0.0,0.0,0.0,0.0,0.0,-1.945279,0.194186,0.601765,0.7024914,0.08973546,-1.918956,0.1424512,0.4359813,-0.04042854,0.88769,16.74766,52.77731,3.139017,0.2696934,0.05133839,-0.9615762,0.212118,-0.006606793,0.2802141,0.8970149,-0.3731487,-0.2469651,-0.0833272,0.1844246,2.099663,0.6165716,0.05243609,-0.7855508,0.1959881,0.9561464,0.2176528,0.7625144,-0.2881572,0.5792559,moving,44.52466,-12.26626,-2.272647,5.019711,4.812169760748494,2.5282161685146085
05/11/2023 10:30:55.390588,4757,True,True,True,True,Eyes,0.6051366,0.1020603,-1.928083,0.6966943,-0.1521606,0.701045,0.0,0.0,0.0,0.0,0.0,0.0,0.0,-1.954687,0.1856745,0.5736474,0.7141414,0.0927579,-1.914614,0.1403559,0.4402827,-0.03842676,0.8859881,16.41214,53.32768,3.316915,0.2724351,0.0512545,-0.9608075,0.1993909,-0.006210385,0.2634012,0.933681,-0.3706673,-0.2446827,-0.08209789,0.1876167,2.099831,0.6093491,0.05550127,-0.7909572,0.1916839,0.9576472,0.2148701,0.7693835,-0.2825446,0.5729028,moving,44.82166,-12.24601,-2.238975,5.105735,4.848473116404209,2.53566297419613
05/11/2023 10:30:55.411217,4758,True,True,True,True,Eyes,0.6095176,0.1018023,-1.92636,0.7007647,-0.1510666,0.6972142,0.0,0.0,0.0,0.0,0.0,0.0,0.0,-1.964405,0.180818,0.5450044,0.7257684,0.09881858,-1.911049,0.1393676,0.4446771,-0.0353414,0.8840758,16.13217,53.92346,3.668145,0.2751083,0.05117485,-0.9600498,0.1874275,-0.005837762,0.2475972,0.9700972,-0.3702044,-0.2438095,-0.08123004,0.1898708,2.099948,0.6020264,0.06145824,-0.7961075,0.1864361,0.9586552,0.2149921,0.7764057,-0.2778541,0.5656778,moving,45.14552,-12.2254,-2.215207,5.166457,4.888108255806988,2.5433559464940663
05/11/2023 10:30:55.423361,4759,True,True,True,True,Eyes,0.6141447,0.1016339,-1.924601,0.7050683,-0.1500166,0.69309,0.0,0.0,0.0,0.0,0.0,0.0,0.0,-1.976988,0.1809962,0.5013392,0.7376007,0.09570266,-1.907713,0.1392429,0.4518104,-0.03381786,0.8805313,16.00814,54.8818,3.95315,0.2777355,0.05109119,-0.9592975,0.1761818,-0.005487496,0.2327413,1.005242,-0.3698575,-0.2429885,-0.08021706,0.192501,2.100086,0.5894475,0.06626744,-0.8050841,0.1853782,0.9589355,0.214657,0.7862486,-0.275774,0.5529576,moving,45.49086,-12.21305,-2.187465,5.23729,4.93069012168024,2.5487633461513273
05/11/2023 10:30:55.440867,4760,True,True,True,True,Eyes,0.6190403,0.1015671,-1.922803,0.7095003,-0.1488978,0.6887951,0.0,0.0,0.0,0.0,0.0,0.0,0.0,-1.987435,0.1741272,0.467609,0.7477229,0.09705997,-1.905352,0.1373824,0.4575965,-0.0321479,0.8778941,15.70212,55.63031,4.127285,0.2803328,0.05100824,-0.9585462,0.1656109,-0.005158246,0.2187769,1.035947,-0.367985,-0.2414102,-0.07920867,0.1951192,2.100223,0.5791441,0.06928653,-0.8122756,0.1821763,0.9601852,0.211793,0.7946094,-0.270636,0.5434632,moving,45.84834,-12.19801,-2.159853,5.307773,4.97469440144929,2.5550159682604985
05/11/2023 10:30:55.460474,4761,True,True,True,True,Eyes,0.6242197,0.1015322,-1.920952,0.7142544,-0.1477664,0.6841095,0.0,0.0,0.0,0.0,0.0,0.0,0.0,-1.997042,0.1708736,0.4350363,0.758812,0.0995872,-1.902871,0.1369207,0.462695,-0.03024758,0.8753578,15.52745,56.3187,4.389928,0.2829156,0.05093082,-0.9577911,0.1556742,-0.004848751,0.2056502,1.068331,-0.3668934,-0.2406362,-0.07785505,0.1986339,2.100407,0.5699969,0.0737501,-0.8183304,0.1796599,0.9606756,0.2117184,0.8017643,-0.2677,0.5343321,moving,46.23495,-12.18853,-2.12279,5.402351,5.022508552759884,2.559807471132466
05/11/2023 10:30:55.470950,4762,True,True,True,True,Eyes,0.7595487,0.1030227,-1.873594,0.8279656,-0.1168025,0.5484799,2.112683,2.508777,-0.1437438,-0.7148297,-0.9449044,-0.06105075,-0.321603,-0.03276247,0.3215954,2.093298,0.7704065,0.1004105,-1.900094,0.135156,0.4701923,-0.02932912,0.8716605,15.26008,57.29208,4.516435,0.2854992,0.05085983,-0.957028,0.1463338,-0.004557826,0.1933112,1.098979,-0.3644777,-0.2398312,-0.07714474,0.2004787,2.100504,0.5561181,0.07596858,-0.8276241,0.1782287,0.9617453,0.2080397,0.811768,-0.263201,0.5213041,moving,56.4778,-12.02193,-2.103343,5.451973,6.292089931518145,2.6621952105599234
05/11/2023 10:30:55.490570,4763,True,True,True,True,Eyes,0.7599897,0.1030983,-1.873475,0.8283805,-0.1169419,0.5478233,0.0,0.0,0.0,0.0,0.0,0.0,0.0,-2.019159,0.1487734,0.3492894,0.7810311,0.102766,-1.897517,0.1342657,0.4775783,-0.02978142,0.8677585,15.15709,58.25872,4.54936,0.2974747,0.05092114,-0.9533703,0.5435408,0.0001871316,0.3237885,1.125658,-0.3544518,-0.2364498,-0.07609975,0.2031929,2.100646,0.5420641,0.07655863,-0.8368424,0.1799309,0.9621716,0.2045745,0.820848,-0.2614663,0.5077834,moving,56.5226,-12.04987,-2.074737,5.524961,6.298589579605575,2.65431723214018
05/11/2023 10:30:55.510761,4764,True,True,True,True,Eyes,0.7608348,0.1032535,-1.873243,0.829163,-0.1170055,0.5466246,0.0,0.0,0.0,0.0,0.0,0.0,0.0,-2.028968,0.1387194,0.3038878,0.7915995,0.1047134,-1.894916,0.134134,0.4854159,-0.0300479,0.86341,15.11734,59.30801,4.654228,0.3072375,0.05096083,-0.950267,0.5109283,0.0001759037,0.3043612,1.149123,-0.3397949,-0.2310004,-0.07508326,0.2058319,2.100785,0.526937,0.07833426,-0.8462868,0.1821089,0.9622104,0.2024538,0.830165,-0.2607967,0.492759,moving,56.60519,-12.08189,-2.046913,5.595897,6.309928264529491,2.6454536072604498
05/11/2023 10:30:55.523960,4765,True,True,True,True,Eyes,0.7620699,0.1034651,-1.872906,0.8302633,-0.1170506,0.5449422,0.0,0.0,0.0,0.0,0.0,0.0,0.0,-2.037453,0.1259721,0.2605445,0.8017243,0.106805,-1.892299,0.1331988,0.492943,-0.03055097,0.8592625,15.01223,60.30125,4.680608,0.3152377,0.05098997,-0.9476414,0.4802726,0.0001653495,0.2860995,1.177527,-0.3318967,-0.2289441,-0.07405621,0.2084984,2.100925,0.5121476,0.07881621,-0.8552735,0.1838214,0.9626494,0.1987856,0.8389962,-0.2590252,0.4785305,moving,56.72116,-12.12263,-2.018802,5.667547,6.325710241255756,2.634233560910439
05/11/2023 10:30:55.540848,4766,True,True,True,True,Eyes,0.7636775,0.1037135,-1.872465,0.8316745,-0.1168613,0.542827,0.0,0.0,0.0,0.0,0.0,0.0,0.0,-2.044899,0.1157831,0.2171263,0.8118846,0.1084406,-1.889774,0.1317902,0.5003757,-0.03007398,0.8551908,14.80369,61.28462,4.773291,0.3218381,0.0510159,-0.9454188,0.4514562,0.0001554285,0.2689335,1.209198,-0.3169347,-0.2269219,-0.07300401,0.2112309,2.101068,0.4974394,0.08045121,-0.8637602,0.1833272,0.9634538,0.1953149,0.8479064,-0.255508,0.4645109,moving,56.86785,-12.14937,-1.990007,5.740944,6.344854057369166,2.6272412874932334
05/11/2023 10:30:55.560685,4767,True,True,True,True,Eyes,0.7656415,0.1040121,-1.871929,0.8332788,-0.116539,0.5404304,0.0,0.0,0.0,0.0,0.0,0.0,0.0,-2.050897,0.1100836,0.1757438,0.8220527,0.1097109,-1.887161,0.1298588,0.5072272,-0.02809982,0.8515092,14.45727,62.19355,4.969439,0.3274229,0.05104432,-0.9434976,0.4243689,0.0001461028,0.2527975,1.23252,-0.3012617,-0.2234068,-0.07199681,0.2138455,2.101205,0.4838618,0.08388133,-0.8711153,0.1795903,0.9646942,0.1926459,0.8565192,-0.2496579,0.4517144,moving,57.03422,-12.16898,-1.962445,5.811143,6.366212276054172,2.622423431318358
05/11/2023 10:30:55.580393,4768,True,True,True,True,Eyes,0.7679556,0.1043402,-1.871305,0.8350835,-0.115973,0.5377601,0.0,0.0,0.0,0.0,0.0,0.0,0.0,-2.055653,0.109671,0.1369866,0.8322232,0.1113726,-1.884543,0.1280946,0.5133532,-0.02474384,0.8482028,14.04625,63.01961,5.295919,0.3325332,0.05108271,-0.9417066,0.3989067,0.0001373366,0.2376297,1.257997,-0.289478,-0.2197777,-0.07094038,0.2165889,2.101348,0.4717125,0.08953989,-0.8771943,0.1734911,0.965959,0.1918956,0.8645161,-0.242705,0.4401206,moving,57.2201,-12.16999,-1.93354,5.884774,6.389384941222969,2.6231101512047084
05/11/2023 10:30:55.591979,4769,True,True,True,True,Eyes,0.7706077,0.1046392,-1.8706,0.8369724,-0.1154265,0.5349336,0.0,0.0,0.0,0.0,0.0,0.0,0.0,-2.059674,0.1096982,0.1025238,0.8426583,0.1126,-1.882033,0.1264012,0.5184786,-0.02167753,0.8454188,13.66252,63.70846,5.576171,0.3372344,0.05113165,-0.9400306,0.3749723,0.0001290964,0.2233719,1.285577,-0.2815608,-0.2193158,-0.06986415,0.219384,2.101495,0.46142,0.09441947,-0.8821433,0.1677258,0.9671056,0.1912452,0.8711829,-0.2362026,0.4304053,moving,57.41616,-12.17644,-1.904096,5.959764,6.4140045203018685,2.6222706891237473
05/11/2023 10:30:55.610800,4770,True,True,True,True,Eyes,0.7735765,0.1049103,-1.869809,0.8390384,-0.1147936,0.5318244,0.0,0.0,0.0,0.0,0.0,0.0,0.0,-2.06345,0.104451,0.06729579,0.8531249,0.1123372,-1.87958,0.1248774,0.5237804,-0.02074336,0.8423952,13.42204,64.41074,5.656281,0.3415843,0.05118872,-0.9384556,0.352474,0.0001213506,0.2099696,1.311141,-0.2829187,-0.2204441,-0.06887919,0.221941,2.101629,0.4504477,0.09586845,-0.8876408,0.1657649,0.9679508,0.1886623,0.8772793,-0.2321222,0.4201196,moving,57.63144,-12.18035,-1.877151,6.028337,6.440932822247872,2.6222702160873226
05/11/2023 10:30:55.626601,4771,True,True,True,True,Eyes,0.7768405,0.1052094,-1.868943,0.8411492,-0.1143241,0.5285811,0.0,0.0,0.0,0.0,0.0,0.0,0.0,-2.066453,0.09787548,0.03296494,0.8633879,0.1119687,-1.876945,0.1237014,0.5288832,-0.0205197,0.8393804,13.25999,65.09024,5.683893,0.3456337,0.05125176,-0.9369683,0.3313256,0.0001140696,0.1973714,1.339089,-0.2872252,-0.2242459,-0.06790411,0.2244739,2.101761,0.4397231,0.09639955,-0.8929449,0.1652949,0.9685538,0.1859601,0.8827916,-0.2293701,0.4099611,moving,57.8546,-12.20423,-1.850479,6.096238,6.469501571391926,2.616511710783902
05/11/2023 10:30:55.640617,4772,True,True,True,True,Eyes,0.7804033,0.105498,-1.868001,0.8433746,-0.1139423,0.5251062,0.0,0.0,0.0,0.0,0.0,0.0,0.0,-2.069032,0.09120151,0.0023067,0.8734605,0.1129881,-1.874438,0.1237032,0.5332125,-0.02084235,0.8366287,13.25081,65.68672,5.721895,0.3494272,0.05132156,-0.9355564,0.311446,0.0001072254,0.1855291,1.370289,-0.288642,-0.2287229,-0.06685817,0.2271892,2.101904,0.4305001,0.09704559,-0.8973582,0.1667948,0.9685262,0.1847605,0.8870451,-0.2292141,0.4007639,moving,58.09257,-12.24276,-1.821872,6.168999,6.500397758675294,2.606576716646489
05/11/2023 10:30:55.660290,4773,True,True,True,True,Eyes,0.7842386,0.1057817,-1.866993,0.8456224,-0.1138855,0.5214909,0.0,0.0,0.0,0.0,0.0,0.0,0.0,-2.071209,0.08510312,-0.02890718,0.88392,0.113035,-1.87187,0.1244276,0.5374684,-0.02169566,0.8337715,13.34476,66.28738,5.755356,0.3530046,0.05139689,-0.9342083,0.2927593,0.0001007919,0.1743974,1.402658,-0.2750689,-0.2315198,-0.06583542,0.2298457,2.102043,0.421314,0.09757338,-0.9016507,0.1699303,0.9680941,0.1841669,0.8908525,-0.2308098,0.3912909,moving,58.33809,-12.3191,-1.793902,6.240159,6.53348247414334,2.5857009543916476
05/11/2023 10:30:55.670658,4774,True,True,True,True,Eyes,0.7883309,0.1060596,-1.865931,0.8479613,-0.1140645,0.5176398,0.0,0.0,0.0,0.0,0.0,0.0,0.0,-2.073031,0.0779756,-0.05966413,0.8940283,0.1132159,-1.86949,0.126005,0.541658,-0.02332623,0.8307739,13.57,66.89525,5.770994,0.3564005,0.0514769,-0.9329137,0.2751937,9.474438e-05,0.1639335,1.436345,-0.2655568,-0.235338,-0.06478125,0.2325827,2.102186,0.412125,0.0977456,-0.9058691,0.1752609,0.9671572,0.1840937,0.8941123,-0.2346331,0.3814587,moving,58.59793,-12.42682,-1.765076,6.31344,6.569386133658857,2.555787484038174
05/11/2023 10:30:55.691203,4775,True,True,True,True,Eyes,0.7926581,0.1063351,-1.864822,0.8506659,-0.1143657,0.513116,0.0,0.0,0.0,0.0,0.0,0.0,0.0,-2.074591,0.07003951,-0.09009671,0.9040053,0.113319,-1.86732,0.1282763,0.5457709,-0.02558814,0.8276622,13.90244,67.50732,5.774269,0.3596449,0.05156075,-0.9316631,0.2586821,8.905971e-05,0.1540975,1.471998,-0.2590413,-0.2415059,-0.06378102,0.2351803,2.102322,0.4029588,0.09766228,-0.9099925,0.1823756,0.9657809,0.1844084,0.896863,-0.2402694,0.3713586,moving,58.9019,-12.56497,-1.737727,6.382965,6.611788267740164,2.517269370457102
05/11/2023 10:30:55.710729,4776,True,True,True,True,Eyes,0.7972117,0.1066038,-1.863674,0.8534437,-0.1149485,0.5083508,0.0,0.0,0.0,0.0,0.0,0.0,0.0,-2.075695,0.06070843,-0.1209676,0.913664,0.1135094,-1.865251,0.1307866,0.5500346,-0.02827093,0.824353,14.284,68.14733,5.760285,0.3627638,0.05164784,-0.9304483,0.2431612,8.371614e-05,0.1448517,1.505186,-0.2590554,-0.2486389,-0.06273556,0.2378951,2.102465,0.3933255,0.09726381,-0.9142401,0.1904847,0.9641913,0.1845286,0.8994503,-0.2467286,0.3607138,moving,59.22,-12.74148,-1.709145,6.455593,6.657216206264418,2.4676854533096035
05/11/2023 10:30:55.730628,4777,True,True,True,True,Eyes,0.8019754,0.1068638,-1.86249,0.8565594,-0.1153842,0.5029837,0.0,0.0,0.0,0.0,0.0,0.0,0.0,-2.076396,0.05255705,-0.1528273,0.9233393,0.1135903,-1.863353,0.1337682,0.5544218,-0.03081405,0.8208369,14.70081,68.82169,5.799598,0.36578,0.05173739,-0.9292617,0.2285715,7.869316e-05,0.1361606,1.539441,-0.2638405,-0.2581229,-0.06171626,0.240542,2.102603,0.383334,0.09774138,-0.9184235,0.1989146,0.9623131,0.1854357,0.9019357,-0.2537716,0.3494452,moving,59.57795,-12.92009,-1.681281,6.526378,6.7076742321939795,2.417701771751249
05/11/2023 10:30:55.740789,4778,True,True,True,True,Eyes,0.8069406,0.1071237,-1.861275,0.8597149,-0.1159702,0.4974346,0.0,0.0,0.0,0.0,0.0,0.0,0.0,-2.076603,0.0452657,-0.1839015,0.9328284,0.1136379,-1.861469,0.1364207,0.5586702,-0.03288394,0.8174325,15.05653,69.47659,5.864441,0.3687127,0.05182857,-0.9280968,0.2148572,7.397158e-05,0.1279909,1.572792,-0.2722788,-0.2685909,-0.06066006,0.2432842,2.102747,0.3736127,0.09866751,-0.9223223,0.2061891,0.9606161,0.1862868,0.9043781,-0.2597719,0.3385542,moving,59.94615,-13.12333,-1.652411,6.59968,6.760221630482465,2.360619221674591
05/11/2023 10:30:55.760608,4779,True,True,True,True,Eyes,0.8121009,0.1073938,-1.860024,0.8631505,-0.1162067,0.4913932,0.0,0.0,0.0,0.0,0.0,0.0,0.0,-2.07657,0.03701669,-0.214213,0.9423335,0.1138905,-1.859688,0.1380764,0.5628542,-0.03455935,0.8142087,15.29268,70.10423,5.900238,0.3715792,0.0519211,-0.9269478,0.2019658,6.953328e-05,0.1203115,1.606707,-0.2851433,-0.2810518,-0.05963129,0.2459559,2.102887,0.3640018,0.09915674,-0.9261051,0.2117108,0.9594811,0.1859423,0.9070178,-0.2637498,0.3282603,moving,60.34706,-13.30511,-1.624293,6.671065,6.816132229266141,2.309941429360061
05/11/2023 10:30:55.780390,4780,True,True,True,True,Eyes,0.8174474,0.1076731,-1.85874,0.8666108,-0.1163988,0.4852185,0.0,0.0,0.0,0.0,0.0,0.0,0.0,-2.075997,0.02717677,-0.2444154,0.9518731,0.114363,-1.857713,0.1386224,0.5671057,-0.03594485,0.8110999,15.40511,70.71824,5.889122,0.3743944,0.05201519,-0.925809,0.1898478,6.536128e-05,0.1130928,1.641071,-0.2996163,-0.2953915,-0.05863547,0.2485415,2.103022,0.3541982,0.09891734,-0.9299242,0.2155368,0.9589836,0.1841041,0.9099932,-0.2656422,0.3183499,moving,60.75538,-13.48975,-1.59708,6.740123,6.87305971414568,2.2584721200509597
05/11/2023 10:30:55.790896,4781,True,True,True,True,Eyes,0.8229752,0.1079556,-1.85742,0.8702277,-0.1161096,0.4787715,0.0,0.0,0.0,0.0,0.0,0.0,0.0,-2.0752,0.01763839,-0.274417,0.9614828,0.1148418,-1.855918,0.1383461,0.5713535,-0.03679485,0.8081224,15.40539,71.31646,5.871339,0.3771713,0.052111,-0.9246758,0.178457,6.14396e-05,0.1063072,1.676517,-0.3141282,-0.3115099,-0.05760282,0.2512228,2.103163,0.3444027,0.09861953,-0.9336279,0.2175585,0.959013,0.1815554,0.9132661,-0.2656468,0.3088312,moving,61.18181,-13.63195,-1.568863,6.811706,6.930840056761395,2.219423488783039
05/11/2023 10:30:55.810846,4782,True,True,True,True,Eyes,0.8286898,0.1082342,-1.856073,0.8738182,-0.1156995,0.4722874,0.0,0.0,0.0,0.0,0.0,0.0,0.0,-2.073876,0.01154843,-0.3021843,0.9710153,0.1152175,-1.853716,0.1369551,0.5751306,-0.03624257,0.8057014,15.21122,71.8285,5.896507,0.3799218,0.05220839,-0.9235436,0.1677496,5.775323e-05,0.09992877,1.713599,-0.3225148,-0.3279669,-0.05655503,0.2539435,2.103305,0.3358227,0.09913268,-0.9366941,0.2159354,0.9598595,0.1790013,0.9168397,-0.2623781,0.3009364,moving,61.60936,-13.76506,-1.540235,6.88431,6.988459628052712,2.1830206310845632
05/11/2023 10:30:55.826434,4783,True,True,True,True,Eyes,0.8345908,0.1084959,-1.854701,0.8774964,-0.1148656,0.4656245,0.0,0.0,0.0,0.0,0.0,0.0,0.0,-2.072932,0.006380081,-0.32838,0.9809955,0.1154339,-1.851822,0.1356241,0.578494,-0.03560415,0.8035442,15.01984,72.28409,5.924791,0.3826559,0.05230683,-0.9224085,0.1576846,5.428804e-05,0.09393305,1.751171,-0.3227507,-0.3437853,-0.05541289,0.2569099,2.103461,0.3281541,0.09969644,-0.9393484,0.2141345,0.9606769,0.1767663,0.9200333,-0.2591535,0.2939016,moving,62.04831,-13.85769,-1.509032,6.963432,7.046161489806351,2.1584338608872007
05/11/2023 10:30:55.846396,4784,True,True,True,True,Eyes,0.8406786,0.108705,-1.853307,0.8811502,-0.1139986,0.4588884,0.0,0.0,0.0,0.0,0.0,0.0,0.0,-2.071786,-0.0007161796,-0.3544909,0.9911389,0.1152436,-1.849952,0.1341988,0.5818393,-0.03555776,0.8013673,14.86028,72.73237,5.889279,0.3853829,0.05240522,-0.921267,0.1482235,5.103075e-05,0.08829706,1.788095,-0.3175153,-0.3581296,-0.05449557,0.2592922,2.103586,0.3203973,0.09917466,-0.9420775,0.2131539,0.9614527,0.1737073,0.9229903,-0.2564629,0.2869074,moving,62.49025,-13.9512,-1.483974,7.026948,7.104264624086146,2.1336072904218835
05/11/2023 10:30:55.862034,4785,True,True,True,True,Eyes,0.8469464,0.1088724,-1.851896,0.8848909,-0.1128749,0.4519154,0.0,0.0,0.0,0.0,0.0,0.0,0.0,-2.07003,-0.007940829,-0.3828264,1.001456,0.1141799,-1.848159,0.1331873,0.5855283,-0.03590992,0.7988294,14.76413,73.24042,5.85231,0.3881111,0.05250077,-0.9201155,0.1393301,4.796891e-05,0.08299924,1.823381,-0.308028,-0.3708741,-0.05353975,0.2617736,2.103716,0.3117344,0.09859801,-0.9450398,0.2133416,0.9619433,0.1707353,0.9259089,-0.2548404,0.2788357,moving,62.94652,-14.02385,-1.457868,7.09308,7.163462735599867,2.1149143217803394
05/11/2023 10:30:55.871023,4786,True,True,True,True,Eyes,0.8533912,0.1090054,-1.850471,0.8885944,-0.1118144,0.4448567,0.0,0.0,0.0,0.0,0.0,0.0,0.0,-2.067972,-0.01487517,-0.4112989,1.011776,0.1133036,-1.846447,0.1326654,0.5892031,-0.03637538,0.7961888,14.72135,73.7601,5.839985,0.3908474,0.05259154,-0.9189513,0.1309703,4.509077e-05,0.07801928,1.856454,-0.2971516,-0.3818155,-0.05251813,0.2644261,2.103855,0.3030332,0.09841043,-0.9478852,0.2142571,0.9621534,0.1683885,0.9285822,-0.2541184,0.2704793,moving,63.40609,-14.10898,-1.429966,7.163741,7.223483796870798,2.092614378297377
05/11/2023 10:30:55.890577,4787,True,True,True,True,Eyes,0.8600156,0.1091001,-1.849028,0.892348,-0.1106697,0.4375698,0.0,0.0,0.0,0.0,0.0,0.0,0.0,-2.065577,-0.02327314,-0.4401295,1.022201,0.1125944,-1.844801,0.1325193,0.5929355,-0.03733404,0.793393,14.7471,74.29718,5.810852,0.3935974,0.05267612,-0.917772,0.1231121,4.238533e-05,0.07333813,1.887359,-0.2881594,-0.3919359,-0.0514586,0.2671778,2.103999,0.2940674,0.09790962,-0.9507567,0.2163919,0.9620896,0.1660064,0.9309667,-0.2545531,0.2617323,moving,63.87861,-14.19355,-1.401033,7.237009,7.285098447720382,2.070545344895038
05/11/2023 10:30:55.910271,4788,True,True,True,True,Eyes,0.8668138,0.1091589,-1.847566,0.8960894,-0.1096338,0.4301213,0.0,0.0,0.0,0.0,0.0,0.0,0.0,-2.062331,-0.03536242,-0.4706371,1.032815,0.1116611,-1.843037,0.1321293,0.5970339,-0.03910504,0.7902932,14.80534,74.87979,5.696434,0.3963669,0.05275305,-0.9165749,0.1157253,3.984221e-05,0.06893784,1.918652,-0.281257,-0.4026089,-0.05034566,0.270068,2.104151,0.2840429,0.09596241,-0.9539972,0.2195802,0.9620253,0.1621477,0.9333296,-0.2555358,0.252185,moving,64.35908,-14.29965,-1.370645,7.313931,7.34841377830442,2.042265601564513
05/11/2023 10:30:55.925066,4789,True,True,True,True,Eyes,0.8737758,0.1091607,-1.846084,0.8998697,-0.1085952,0.4224235,0.0,0.0,0.0,0.0,0.0,0.0,0.0,-2.058077,-0.04986265,-0.5032923,1.043439,0.1107713,-1.841313,0.1316949,0.6015943,-0.04136317,0.7867846,14.89205,75.52991,5.544048,0.3991607,0.05282115,-0.9153578,0.1087818,3.745167e-05,0.06480157,1.9494,-0.2778634,-0.4147797,-0.04937732,0.2725822,2.104282,0.2727469,0.09336597,-0.9575448,0.2235416,0.9618911,0.1574633,0.9357555,-0.2569987,0.2414816,moving,64.85336,-14.41721,-1.344208,7.380818,7.413826712946524,2.0107305194557266
05/11/2023 10:30:55.940817,4790,True,True,True,True,Eyes,0.8808883,0.1090965,-1.844581,0.9036201,-0.1076866,0.4145773,0.0,0.0,0.0,0.0,0.0,0.0,0.0,-2.05296,-0.06374776,-0.5362828,1.053949,0.1092339,-1.839447,0.1313192,0.6061873,-0.04361444,0.7831922,14.98543,76.19004,5.398999,0.401982,0.05287834,-0.9141191,0.1022549,3.520458e-05,0.06091347,1.978726,-0.2758206,-0.4265479,-0.04828656,0.2754137,2.10443,0.2612694,0.09089106,-0.9609772,0.227525,0.9617061,0.1528192,0.9380676,-0.2585733,0.2305844,moving,65.35453,-14.56081,-1.314432,7.45611,7.4809573145166075,1.9716693689308666
05/11/2023 10:30:55.960725,4791,True,True,True,True,Eyes,0.8881658,0.1090001,-1.843049,0.9073645,-0.1067608,0.4065611,0.0,0.0,0.0,0.0,0.0,0.0,0.0,-2.0474,-0.07760295,-0.5685483,1.064324,0.1074968,-1.8376,0.1311424,0.610642,-0.04599404,0.7796171,15.10884,76.83785,5.256434,0.404834,0.05292231,-0.9128571,0.09611962,3.30923e-05,0.05725867,2.006187,-0.2751682,-0.437701,-0.04727006,0.2780541,2.104569,0.2500021,0.08844658,-0.9641972,0.2318775,0.9613724,0.1483099,0.9400701,-0.2606534,0.2198363,moving,65.86437,-14.71339,-1.286686,7.526287,7.549463764863526,1.930046007493003
05/11/2023 10:30:55.976236,4792,True,True,True,True,Eyes,0.895577,0.1088431,-1.841495,0.9110724,-0.1059298,0.3984043,0.0,0.0,0.0,0.0,0.0,0.0,0.0,-2.041188,-0.09332538,-0.6010296,1.075197,0.1065076,-1.835485,0.1305236,0.6151156,-0.04842006,0.7760488,15.19787,77.48038,5.078321,0.4077197,0.05295267,-0.9115701,0.09035245,3.110676e-05,0.05382315,2.035003,-0.2757812,-0.45024,-0.04630053,0.2805721,2.1047,0.2385765,0.08542158,-0.9673594,0.2357269,0.9612382,0.1430176,0.9420796,-0.2621533,0.2091927,moving,66.38065,-14.8896,-1.260226,7.593183,7.619552274206758,1.8815941041637552
05/11/2023 10:30:55.993176,4793,True,True,True,True,Eyes,0.9031498,0.108626,-1.839923,0.9147668,-0.1049954,0.3900996,0.0,0.0,0.0,0.0,0.0,0.0,0.0,-2.034337,-0.1068971,-0.6333359,1.085463,0.1048157,-1.833536,0.1300204,0.6195934,-0.05053467,0.7724281,15.27693,78.13157,4.938873,0.4106407,0.05296768,-0.9102571,0.0,0.0,0.0,2.063595,-0.2773766,-0.4636309,-0.04516315,0.2835261,2.104856,0.2271006,0.0830507,-0.9703237,0.2391883,0.9610819,0.1382408,0.9440416,-0.2634846,0.1983975,moving,66.90432,-15.06419,-1.229187,7.671621,7.69050722917101,1.8336516356702681
05/11/2023 10:30:56.010506,4794,True,True,True,True,Eyes,0.9108537,0.1083968,-1.838308,0.9184027,-0.1040861,0.3817101,0.0,0.0,0.0,0.0,0.0,0.0,0.0,-2.027236,-0.1214875,-0.6658647,1.096542,0.1029834,-1.831615,0.1283743,0.624037,-0.05246268,0.76899,15.24306,78.75188,4.728493,0.4135986,0.05296578,-0.9089171,0.0,0.0,0.0,2.09186,-0.2792599,-0.4773495,-0.04417646,0.2860876,2.10499,0.2156511,0.07953404,-0.9732261,0.2409071,0.9615355,0.1319598,0.9462867,-0.2629144,0.1881958,moving,67.43106,-15.2528,-1.202264,7.739605,7.7623073603723975,1.7816537412377027
05/11/2023 10:30:56.026376,4795,True,True,True,True,Eyes,0.918716,0.1080953,-1.83666,0.9219784,-0.1030686,0.3732729,0.0,0.0,0.0,0.0,0.0,0.0,0.0,-2.019675,-0.1362685,-0.6957111,1.107073,0.1023625,-1.829093,0.1268948,0.628071,-0.05430118,0.7658172,15.22239,79.31833,4.531094,0.416595,0.05294797,-0.9075486,0.0,0.0,0.0,2.120872,-0.2784527,-0.4914693,-0.04320693,0.2886046,2.105121,0.2051564,0.07622828,-0.9757562,0.2425674,0.9618982,0.1261464,0.948194,-0.2625664,0.1788491,moving,67.95891,-15.43597,-1.175812,7.80638,7.834066015645775,1.7312415544655337
05/11/2023 10:30:56.040567,4796,True,True,True,True,Eyes,0.9267039,0.1077434,-1.834968,0.9254875,-0.102054,0.3647709,0.0,0.0,0.0,0.0,0.0,0.0,0.0,-2.011523,-0.1490836,-0.7276793,1.118389,0.1001803,-1.826784,0.1253083,0.632282,-0.05591696,0.7624897,15.17708,79.913,4.349093,0.4196316,0.0529122,-0.9061507,0.0,0.0,0.0,2.149811,-0.2745592,-0.5049626,-0.04212523,0.2914131,2.105269,0.1941856,0.07318816,-0.9782307,0.2437326,0.9623423,0.120382,0.9502032,-0.2618032,0.1690347,moving,68.48866,-15.63032,-1.146303,7.880853,7.906430409243886,1.677592550397633
05/11/2023 10:30:56.060737,4797,True,True,True,True,Eyes,0.9348305,0.1073439,-1.833234,0.9289017,-0.1009203,0.35631,0.0,0.0,0.0,0.0,0.0,0.0,0.0,-2.003119,-0.1618448,-0.7571628,1.129086,0.09852269,-1.824125,0.1236075,0.6361381,-0.05745913,0.7594393,15.12042,80.45393,4.157552,0.4227087,0.05285774,-0.9047226,0.0,0.0,0.0,2.178405,-0.2696095,-0.5184147,-0.04110634,0.2940586,2.105407,0.1840536,0.06998938,-0.9804213,0.2445363,0.9628392,0.1146408,0.9520118,-0.2608486,0.1600991,moving,69.01408,-15.81411,-1.118511,7.950968,7.977907040795192,1.6269874945953928
05/11/2023 10:30:56.080281,4798,True,True,True,True,Eyes,0.9430925,0.1069062,-1.831451,0.9322337,-0.09986858,0.3478023,0.0,0.0,0.0,0.0,0.0,0.0,0.0,-1.994982,-0.1758745,-0.7851331,1.140239,0.09683225,-1.821482,0.1223862,0.6396301,-0.05952796,0.756539,15.14909,80.95242,3.950072,0.4258272,0.05278407,-0.9032633,0.0,0.0,0.0,2.207178,-0.2641286,-0.5322508,-0.03998876,0.2969612,2.10556,0.1746595,0.0664933,-0.9823811,0.2466342,0.9629561,0.109028,0.9532395,-0.2613316,0.1517899,moving,69.54021,-16.02098,-1.08803,8.027857,8.050234267510124,1.5696834139131335
05/11/2023 10:30:56.090819,4799,True,True,True,True,Eyes,0.95147,0.1063884,-1.82963,0.9354623,-0.09881298,0.3393321,0.0,0.0,0.0,0.0,0.0,0.0,0.0,-1.986175,-0.1903846,-0.8131928,1.151455,0.09536487,-1.818648,0.1213156,0.6431345,-0.06169641,0.7535611,15.20038,81.45899,3.746753,0.428988,0.05269117,-0.9017718,0.0,0.0,0.0,2.234346,-0.2587212,-0.5453078,-0.03907764,0.2993288,2.105683,0.1651433,0.06306042,-0.9842516,0.2490285,0.9629521,0.1034792,0.9543126,-0.2621956,0.1433212,moving,70.06213,-16.23548,-1.063183,8.090551,8.12228939016179,1.5101412731380348
05/11/2023 10:30:56.110549,4800,True,True,True,True,Eyes,0.959958,0.105811,-1.827768,0.9385996,-0.0978795,0.3308328,0.0,0.0,0.0,0.0,0.0,0.0,0.0,-1.977083,-0.2053439,-0.8404503,1.162299,0.09277542,-1.815994,0.1205887,0.6465329,-0.06438418,0.7505388,15.32334,81.95909,3.52412,0.4321905,0.05257703,-0.9002479,0.0,0.0,0.0,2.26273,-0.2514518,-0.5591523,-0.03806555,0.3019555,2.105821,0.1557,0.05928349,-0.9860238,0.2525748,0.9626261,0.09776004,0.9549679,-0.264266,0.1349073,moving,70.58372,-16.48127,-1.035586,8.160069,8.195336776359476,1.4415103205302087
05/11/2023 10:30:56.125819,4801,True,True,True,True,Eyes,0.9685655,0.1052682,-1.825867,0.9416267,-0.09696674,0.3223918,0.0,0.0,0.0,0.0,0.0,0.0,0.0,-1.967822,-0.2228946,-0.8661821,1.173153,0.09059892,-1.813224,0.1193537,0.6497331,-0.06747898,0.7476953,15.43631,82.41693,3.222673,0.4354342,0.05244085,-0.8986914,0.0,0.0,0.0,2.291351,-0.2429586,-0.5740032,-0.03700662,0.3047052,2.105965,0.1465869,0.05418872,-0.9877125,0.2560036,0.9624025,0.09079377,0.955497,-0.2661671,0.127203,moving,71.09995,-16.73987,-1.006714,8.232806,8.268139968584983,1.3691308970605975
05/11/2023 10:30:56.140680,4802,True,True,True,True,Eyes,0.9773147,0.1049035,-1.823932,0.9445578,-0.09618062,0.3139426,0.0,0.0,0.0,0.0,0.0,0.0,0.0,-1.959062,-0.2425355,-0.889971,1.184344,0.09071409,-1.810496,0.1187317,0.6526004,-0.07075159,0.7449898,15.61981,82.84039,2.949195,0.4387186,0.05228643,-0.8971016,0.0,0.0,0.0,2.320203,-0.2338916,-0.5894471,-0.03593767,0.3074812,2.106111,0.1382139,0.04955032,-0.9891621,0.2603872,0.961794,0.08456282,0.9555603,-0.2692529,0.120031,moving,71.61475,-17.03317,-0.9775727,8.306203,8.341911104943602,1.2866665484016115
05/11/2023 10:30:56.160739,4803,True,True,True,True,Eyes,0.9861932,0.1045253,-1.821978,0.9474457,-0.09540294,0.3053604,0.0,0.0,0.0,0.0,0.0,0.0,0.0,-1.950166,-0.2622708,-0.9143741,1.196234,0.09455005,-1.807788,0.1182538,0.6555627,-0.07314288,0.7422289,15.75011,83.287,2.767361,0.4420439,0.05212407,-0.8954772,0.0,0.0,0.0,2.347781,-0.2225138,-0.6039679,-0.03492415,0.3101122,2.106249,0.1297753,0.04646806,-0.990454,0.2636231,0.9613323,0.07964332,0.9558562,-0.2714423,0.1125072,moving,72.13594,-17.35023,-0.9499462,8.375731,8.417262369252537,1.1973356403356714
05/11/2023 10:30:56.180420,4804,True,True,True,True,Eyes,0.9951844,0.1042186,-1.82,0.9502964,-0.09468375,0.2966002,0.0,0.0,0.0,0.0,0.0,0.0,0.0,-1.936875,-0.282555,-0.9466672,1.207802,0.09370126,-1.805529,0.1186454,0.6599805,-0.07671723,0.7378778,16.0428,83.98559,2.587767,0.4454096,0.05195377,-0.8938179,0.0,0.0,0.0,2.374029,-0.2048069,-0.6138359,-0.0339241,0.3127099,2.106385,0.1170806,0.04339137,-0.992174,0.2698231,0.9600755,0.07382783,0.9557654,-0.2763553,0.1006983,moving,72.66616,-17.70465,-0.92269,8.444346,8.494971538725341,1.0972024539002767
05/11/2023 10:30:56.190691,4805,True,True,True,True,Eyes,1.004261,0.1040296,-1.818011,0.9530508,-0.093947,0.2878683,0.0,0.0,0.0,0.0,0.0,0.0,0.0,-1.922251,-0.3011466,-0.9800549,1.219083,0.09497877,-1.80307,0.1172624,0.6647303,-0.07886861,0.7335959,16.07523,84.69955,2.396546,0.4488144,0.05177964,-0.8921232,0.0,0.0,0.0,2.400433,-0.1858467,-0.6254628,-0.03276742,0.3157129,2.106542,0.1038268,0.04018039,-0.9937835,0.2716111,0.9600586,0.06719377,0.9567901,-0.2768991,0.08876638,moving,73.19309,-18.0743,-0.8911681,8.523626,8.572774118439519,0.9926289072633248
05/11/2023 10:30:56.210685,4806,True,True,True,True,Eyes,1.013473,0.1038872,-1.816022,0.9557431,-0.09336609,0.2789944,0.0,0.0,0.0,0.0,0.0,0.0,0.0,-1.912578,-0.3159589,-1.003848,1.229937,0.0975619,-1.800897,0.1183584,0.667625,-0.08079293,0.7305757,16.30905,85.18649,2.387856,0.452256,0.0516076,-0.8903935,0.0,0.0,0.0,2.434169,-0.1823159,-0.6488939,-0.03184068,0.3181192,2.106668,0.09549879,0.0399874,-0.994626,0.2760887,0.9589276,0.0650608,0.956376,-0.2808183,0.08053639,moving,73.72676,-18.50294,-0.8659159,8.587119,8.653363857009378,0.8709593412261611
05/11/2023 10:30:56.225525,4807,True,True,True,True,Eyes,1.022758,0.1038231,-1.814034,0.9583619,-0.09282055,0.2700495,0.0,0.0,0.0,0.0,0.0,0.0,0.0,-1.898874,-0.3300946,-1.036367,1.242011,0.0985323,-1.799011,0.119095,0.6719222,-0.08246552,0.726317,16.48846,85.89302,2.405942,0.4557337,0.05143946,-0.8886282,0.0,0.0,0.0,2.462525,-0.1669821,-0.6674293,-0.03071183,0.3210503,2.106822,0.08343981,0.04025296,-0.9956996,0.2798374,0.9580317,0.06218061,0.9564147,-0.2838223,0.0686737,moving,74.2631,-18.96871,-0.8351598,8.664419,8.735512179142479,0.7385207595395542
05/11/2023 10:30:56.241192,4808,True,True,True,True,Eyes,1.032127,0.103827,-1.812056,0.9608797,-0.09255838,0.2610425,0.0,0.0,0.0,0.0,0.0,0.0,0.0,-1.88603,-0.3475747,-1.063555,1.252695,0.1002689,-1.797155,0.1201087,0.6755911,-0.08499521,0.7224448,16.76147,86.5092,2.363082,0.4592447,0.05127843,-0.8868282,0.0,0.0,0.0,2.489206,-0.1559392,-0.6842023,-0.0298,0.3234189,2.106946,0.07270505,0.03948008,-0.9965719,0.2850975,0.9566994,0.05869986,0.9557372,-0.2883879,0.05830121,moving,74.80126,-19.52309,-0.8103199,8.726858,8.820813385287387,0.5803581385170906
05/11/2023 10:30:56.260583,4809,True,True,True,True,Eyes,1.041553,0.1038536,-1.8101,0.9632963,-0.09237015,0.2520477,0.0,0.0,0.0,0.0,0.0,0.0,0.0,-1.873709,-0.3662206,-1.089099,1.263737,0.1018613,-1.795448,0.1218763,0.6789164,-0.08799271,0.7186627,17.13687,87.09455,2.339805,0.462786,0.05112686,-0.8849941,0.0,0.0,0.0,2.522955,-0.1428256,-0.7100034,-0.02880245,0.3260094,2.107082,0.06265972,0.03901344,-0.9972722,0.2919617,0.9548069,0.05569649,0.9543753,-0.2946552,0.04843749,moving,75.3372,-20.12682,-0.7831477,8.795111,8.90746800448234,0.4078518536207598
05/11/2023 10:30:56.270682,4810,True,True,True,True,Eyes,1.051045,0.1038247,-1.808167,0.965615,-0.09239123,0.2430054,0.0,0.0,0.0,0.0,0.0,0.0,0.0,-1.862456,-0.3823634,-1.112668,1.274222,0.1023743,-1.794115,0.1240833,0.6818826,-0.09079098,0.71512,17.53489,87.63914,2.366185,0.4663545,0.05098468,-0.8831272,0.0,0.0,0.0,2.55481,-0.134114,-0.7370197,-0.02778673,0.3286466,2.10722,0.05358636,0.03936758,-0.9977871,0.2990734,0.9527207,0.05365134,0.9527245,-0.3012864,0.03927903,moving,75.87434,-20.81692,-0.7554837,8.864561,8.99712435147568,0.21026878912368563
05/11/2023 10:30:56.290188,4811,True,True,True,True,Eyes,1.060601,0.1039006,-1.806269,0.967847,-0.0921391,0.2340564,0.0,0.0,0.0,0.0,0.0,0.0,0.0,-1.849913,-0.3968358,-1.138391,1.284996,0.1009791,-1.792813,0.1252727,0.6851344,-0.09329625,0.7114728,17.82419,88.20648,2.341944,0.4699471,0.0508481,-0.8812285,0.0,0.0,0.0,2.587323,-0.1281058,-0.7667817,-0.0267294,0.3313914,2.107364,0.04377337,0.03890184,-0.9982839,0.3044128,0.9512051,0.05041536,0.951534,-0.3060972,0.0297952,moving,76.40506,-21.48767,-0.7266898,8.936803,9.085342475002431,0.018271397601897554
05/11/2023 10:30:56.310384,4812,True,True,True,True,Eyes,1.070226,0.1040664,-1.80441,0.9699832,-0.09183742,0.2251634,0.0,0.0,0.0,0.0,0.0,0.0,0.0,-1.839777,-0.4104378,-1.160649,1.295828,0.1034649,-1.791778,0.1237467,0.687847,-0.09431639,0.7089838,17.77135,88.6096,2.196627,0.4735608,0.05072134,-0.8792991,0.0,0.0,0.0,2.618156,-0.1195372,-0.7954057,-0.02570266,0.3340575,2.107504,0.03594209,0.03650002,-0.9986872,0.3039751,0.9515823,0.04571835,0.9520019,-0.3052193,0.02310677,moving,76.93132,-22.18908,-0.698732,9.006936,9.174017932594957,-0.18265361969345228
05/11/2023 10:30:56.326152,4813,True,True,True,True,Eyes,1.079932,0.1041938,-1.802592,0.9720546,-0.09129128,0.2162772,0.0,0.0,0.0,0.0,0.0,0.0,0.0,-1.829699,-0.4253021,-1.182252,1.306883,0.1056805,-1.790891,0.1215484,0.6904307,-0.09559716,0.7066772,17.68583,88.97382,1.968639,0.4771929,0.05060743,-0.8773398,0.0,0.0,0.0,2.648414,-0.1076708,-0.8236669,-0.02468562,0.3366991,2.107642,0.02833327,0.03272885,-0.9990626,0.3029542,0.9521744,0.03978458,0.952584,-0.3037974,0.01706287,moving,77.45631,-22.88476,-0.6710424,9.076397,9.262346062297436,-0.38192125747739336
05/11/2023 10:30:56.350973,4814,True,True,True,True,Eyes,1.089698,0.1043067,-1.800812,0.9740433,-0.09070276,0.207395,0.0,0.0,0.0,0.0,0.0,0.0,0.0,-1.815867,-0.4408098,-1.20897,1.318248,0.1047526,-1.790124,0.1184346,0.69388,-0.09740228,0.7035744,17.56731,89.45863,1.64087,0.4808414,0.05050297,-0.8753515,0.0,0.0,0.0,2.676948,-0.09101859,-0.8490698,-0.02362126,0.3394625,2.107788,0.01808701,0.02729923,-0.9994637,0.3014182,0.9529721,0.03148408,0.9533206,-0.301826,0.009007936,moving,77.97998,-23.62183,-0.6420675,9.149014,9.351876764920043,-0.593216113964969
05/11/2023 10:30:56.360709,4815,True,True,True,True,Eyes,1.099514,0.1044641,-1.79908,0.9759334,-0.08998185,0.1986388,0.0,0.0,0.0,0.0,0.0,0.0,0.0,-1.80309,-0.456549,-1.232678,1.329164,0.104363,-1.789272,0.115452,0.6968524,-0.09931912,0.7008591,17.47278,89.87175,1.302887,0.4845035,0.05040611,-0.8733355,0.0,0.0,0.0,2.70325,-0.0717918,-0.8713263,-0.02260202,0.342109,2.107925,0.009064829,0.02168858,-0.9997237,0.3001234,0.953613,0.02340958,0.9538574,-0.3002527,0.002135019,moving,78.49533,-24.37016,-0.6143249,9.218532,9.44074360903436,-0.807824905110901
05/11/2023 10:30:56.381138,4816,True,True,True,True,Eyes,1.109382,0.104635,-1.797414,0.977718,-0.08940116,0.1899339,0.0,0.0,0.0,0.0,0.0,0.0,0.0,-1.792462,-0.4674355,-1.254892,1.339951,0.1054428,-1.788738,0.1144775,0.6994472,-0.1002083,0.6983028,17.46126,90.28008,1.212799,0.4881764,0.05031792,-0.8712928,0.0,0.0,0.0,2.727051,-0.05390517,-0.8897455,-0.0215646,0.3448037,2.108066,0.001463858,0.02019042,-0.9997951,0.3000935,0.9537063,0.01969907,0.9539087,-0.3000608,-0.004662951,moving,79.00651,-25.20619,-0.5860906,9.28927,9.531987618272876,-1.0479250401665423
05/11/2023 10:30:56.390591,4817,True,True,True,True,Eyes,1.119282,0.104767,-1.795824,0.9793957,-0.08896725,0.1812973,0.0,0.0,0.0,0.0,0.0,0.0,0.0,-1.783032,-0.476469,-1.276404,1.350813,0.1059526,-1.788718,0.1156,0.7018238,-0.1011385,0.6955939,17.6249,90.71182,1.296187,0.4918571,0.05023789,-0.869225,0.0,0.0,0.0,2.751012,-0.04251833,-0.9101158,-0.02048302,0.3476119,2.108214,-0.005571519,0.02155895,-0.999752,0.3029643,0.9528153,0.01885843,0.9529857,-0.3027841,-0.01184022,moving,79.51262,-26.13838,-0.5566577,9.362946,9.625776145128306,-1.3159781715877124
05/11/2023 10:30:56.410298,4818,True,True,True,True,Eyes,1.1292,0.1049107,-1.794315,0.9809643,-0.08881696,0.1726868,0.0,0.0,0.0,0.0,0.0,0.0,0.0,-1.772781,-0.4866779,-1.298026,1.361249,0.10515,-1.788973,0.1173775,0.7043157,-0.1026954,0.6925429,17.89285,91.18473,1.39092,0.4955416,0.05016309,-0.8671341,0.0,0.0,0.0,2.773931,-0.03433661,-0.9300769,-0.01949477,0.350178,2.108348,-0.01321375,0.02309969,-0.9996459,0.3075836,0.9513524,0.01791796,0.9514294,-0.3072379,-0.01967599,moving,80.01607,-27.21785,-0.5297683,9.430236,9.724097422921393,-1.6268175857054192
05/11/2023 10:30:56.425767,4819,True,True,True,True,Eyes,1.139149,0.1050767,-1.792899,0.9824379,-0.08890554,0.1640475,0.0,0.0,0.0,0.0,0.0,0.0,0.0,-1.762553,-0.502634,-1.317028,1.371311,0.1055577,-1.789458,0.1194561,0.7066062,-0.1053643,0.6894464,18.27748,91.63689,1.419985,0.499226,0.05009326,-0.8650222,0.0,0.0,0.0,2.794667,-0.03041033,-0.9476613,-0.01848716,0.3527938,2.108485,-0.02078795,0.02353067,-0.9995071,0.3141029,0.9492573,0.01581492,0.9491614,-0.3136193,-0.02712424,moving,80.52021,-28.45548,-0.5023555,9.498797,9.827727786108717,-1.983585330425889
05/11/2023 10:30:56.440497,4820,True,True,True,True,Eyes,1.149129,0.1052437,-1.791566,0.9838276,-0.08919185,0.1553321,0.0,0.0,0.0,0.0,0.0,0.0,0.0,-1.750702,-0.5230861,-1.336798,1.381724,0.1061639,-1.790299,0.1211402,0.7091548,-0.1088423,0.6859869,18.6976,92.12669,1.360237,0.5029072,0.05002865,-0.8628909,0.0,0.0,0.0,2.815442,-0.03123541,-0.9655777,-0.0174582,0.3554657,2.108624,-0.02949435,0.02248556,-0.999312,0.3211431,0.9469568,0.01182912,0.9465714,-0.3205732,-0.03515098,moving,81.02789,-29.86449,-0.4743654,9.568789,9.937458604401467,-2.3901056599650508
05/11/2023 10:30:56.460313,4821,True,True,True,True,Eyes,1.159136,0.1054216,-1.790315,0.9849207,-0.09180073,0.1466415,0.0,0.0,0.0,0.0,0.0,0.0,0.0,-1.735391,-0.5446239,-1.359652,1.392095,0.1062335,-1.790987,0.1211453,0.7123574,-0.1123198,0.6820962,18.98309,92.68263,1.173835,0.5065823,0.04996848,-0.860742,0.0,0.0,0.0,2.835533,-0.03670903,-0.984283,-0.01639384,0.35823,2.10877,-0.04013745,0.01937171,-0.9990065,0.3258234,0.9454162,0.00524184,0.9445784,-0.3252892,-0.04425835,moving,81.53163,-32.04745,-0.4454155,9.641153,10.072258437362432,-3.021413120224195
05/11/2023 10:30:56.471014,4822,True,True,True,True,Eyes,1.169175,0.1055955,-1.789146,0.9859381,-0.09430107,0.1379613,0.0,0.0,0.0,0.0,0.0,0.0,0.0,-1.720967,-0.5624605,-1.382225,1.402497,0.1068776,-1.791707,0.1200732,0.7153941,-0.114735,0.6786971,19.09577,93.17951,0.9737252,0.5102484,0.04991255,-0.8585771,0.0,0.0,0.0,2.854994,-0.04644711,-1.003606,-0.01540828,0.3607898,2.108904,-0.04990564,0.01605875,-0.9986249,0.32754,0.9448366,-0.001174786,0.9435185,-0.3271481,-0.05241258,moving,82.03439,-34.35389,-0.4186124,9.708134,10.211014167938679,-3.6885861387097263
05/11/2023 10:30:56.490555,4823,True,True,True,True,Eyes,1.179251,0.1057416,-1.788064,0.9868491,-0.09697375,0.129325,0.0,0.0,0.0,0.0,0.0,0.0,0.0,-1.707889,-0.5751225,-1.40483,1.413033,0.106872,-1.792516,0.118533,0.7182066,-0.1161122,0.6757567,19.08582,93.62447,0.8085195,0.513903,0.04985995,-0.8563977,0.0,0.0,0.0,2.87423,-0.05778271,-1.024278,-0.01437092,0.3634831,2.109045,-0.05860559,0.01333516,-0.9981921,0.3271895,0.9449358,-0.006586147,0.9431397,-0.326984,-0.05974171,moving,82.53403,-36.86423,-0.3904043,9.778572,10.356115246221329,-4.414991138227784
05/11/2023 10:30:56.510412,4824,True,True,True,True,Eyes,1.189367,0.1058566,-1.787068,0.9876834,-0.09950579,0.1207481,0.0,0.0,0.0,0.0,0.0,0.0,0.0,-1.695318,-0.5864902,-1.427281,1.423798,0.1063334,-1.793515,0.116608,0.7208781,-0.1172989,0.6730366,19.03098,94.03533,0.6198773,0.5175443,0.04980876,-0.8542051,0.0,0.0,0.0,2.893404,-0.07061835,-1.046155,-0.01334524,0.366146,2.109185,-0.06684857,0.0102274,-0.9977108,0.3260133,0.9452871,-0.0121535,0.9429988,-0.3260794,-0.06652528,moving,83.02996,-39.49116,-0.3625173,9.848172,10.50460483714593,-5.175275133300674
05/11/2023 10:30:56.526395,4825,True,True,True,True,Eyes,1.199515,0.1059178,-1.786162,0.9884139,-0.1021542,0.1122605,0.0,0.0,0.0,0.0,0.0,0.0,0.0,-1.683682,-0.5974594,-1.44848,1.43462,0.1056039,-1.794588,0.1146846,0.7232718,-0.1185016,0.6705839,18.97945,94.40006,0.4220579,0.5211708,0.04975712,-0.8520003,0.0,0.0,0.0,2.911901,-0.08122379,-1.067284,-0.01231456,0.3688222,2.109324,-0.07432941,0.00696575,-0.9972095,0.3248268,0.9456097,-0.01760643,0.9428483,-0.325229,-0.0725493,moving,83.52032,-42.3014,-0.3344978,9.918088,10.658454807920641,-5.988824390830083
05/11/2023 10:30:56.540745,4826,True,True,True,True,Eyes,1.20969,0.105928,-1.785351,0.9890617,-0.1047217,0.1038773,0.0,0.0,0.0,0.0,0.0,0.0,0.0,-1.672346,-0.6085224,-1.469066,1.445354,0.1044315,-1.795896,0.1130884,0.7255567,-0.119884,0.6681366,18.97056,94.75804,0.2366748,0.5247805,0.04970229,-0.849785,0.0,0.0,0.0,2.930222,-0.08709551,-1.087716,-0.01126152,0.3715575,2.109468,-0.08160921,0.003906356,-0.9966569,0.3243019,0.9456777,-0.02284819,0.9424269,-0.3250823,-0.0784428,moving,84.00443,-45.23191,-0.3058741,9.9895,10.815498629902866,-6.83733476149908
05/11/2023 10:30:56.560418,4827,True,True,True,True,Eyes,1.219904,0.1058856,-1.784639,0.9896064,-0.1074003,0.09562676,0.0,0.0,0.0,0.0,0.0,0.0,0.0,-1.663075,-0.6182011,-1.487663,1.455982,0.1031514,-1.797389,0.1121987,0.7274238,-0.1211229,0.6660295,19.00622,95.0647,0.1144809,0.528371,0.04964197,-0.8475606,0.0,0.0,0.0,2.948609,-0.08824171,-1.107696,-0.01026034,0.3741568,2.109605,-0.0876323,0.001889133,-0.9961511,0.3245749,0.9454814,-0.02676005,0.9417918,-0.3256707,-0.08346779,moving,84.48058,-48.31886,-0.2786635,10.05732,10.976717937714504,-7.731319556196037
05/11/2023 10:30:56.570671,4828,True,True,True,True,Eyes,1.230154,0.1057884,-1.784028,0.9900692,-0.1100298,0.08750132,0.0,0.0,0.0,0.0,0.0,0.0,0.0,-1.65499,-0.6264109,-1.505725,1.466917,0.1017257,-1.798998,0.1119428,0.7290765,-0.1221249,0.6640797,19.07192,95.3528,0.06234448,0.531941,0.04957403,-0.8453286,0.0,0.0,0.0,2.967086,-0.08502857,-1.127346,-0.009190917,0.3769338,2.10975,-0.09293414,0.001028393,-0.9956717,0.3254311,0.9451086,-0.02939892,0.9409877,-0.3267547,-0.08816744,moving,84.94938,-51.5065,-0.2496019,10.12974,11.140347538879084,-8.654584946397936
05/11/2023 10:30:56.590624,4829,True,True,True,True,Eyes,1.240436,0.1056277,-1.783533,0.9904459,-0.1126769,0.07950351,0.0,0.0,0.0,0.0,0.0,0.0,0.0,-1.647717,-0.6332161,-1.523599,1.477885,0.1003117,-1.800856,0.1122415,0.7306412,-0.1228545,0.6621723,19.15783,95.64211,0.07975935,0.5354891,0.04949645,-0.84309,0.0,0.0,0.0,2.984615,-0.07496151,-1.143153,-0.008220494,0.3794541,2.109881,-0.09785967,0.001314974,-0.9951994,0.3267182,0.9446173,-0.0308786,0.9400419,-0.3281715,-0.0928695,moving,85.41068,-54.79365,-0.223234,10.19544,11.306329791439403,-9.606789033774739
05/11/2023 10:30:56.610325,4830,True,True,True,True,Eyes,1.250747,0.1053593,-1.783152,0.9907473,-0.1152788,0.07162867,0.0,0.0,0.0,0.0,0.0,0.0,0.0,-1.641583,-0.6393383,-1.540754,1.488779,0.09866329,-1.803128,0.1129937,0.7320465,-0.1235286,0.6603644,19.27432,95.91759,0.1387223,0.5390136,0.049407,-0.8408462,0.0,0.0,0.0,3.001778,-0.06493731,-1.157392,-0.007165909,0.3821925,2.110025,-0.1023027,0.002285445,-0.9947507,0.328581,0.9439462,-0.03162336,0.9389189,-0.3300913,-0.09731915,moving,85.86485,-58.14519,-0.1945829,10.26677,11.473550926558644,-10.577730507789067
05/11/2023 10:30:56.626119,4831,True,True,True,True,Eyes,1.261085,0.1050833,-1.782898,0.9909788,-0.1177973,0.06391287,0.0,0.0,0.0,0.0,0.0,0.0,0.0,-1.635218,-0.6433144,-1.558912,1.499636,0.09584434,-1.805519,0.1137025,0.7335396,-0.1239457,0.6585051,19.36504,96.2078,0.2169821,0.5425125,0.04930174,-0.8385991,0.0,0.0,0.0,3.018861,-0.05653788,-1.171891,-0.006145835,0.3848414,2.110164,-0.1068858,0.003572808,-0.994265,0.3300484,0.9434184,-0.03209084,0.9378933,-0.3315856,-0.1020173,moving,86.30984,-61.51722,-0.166873,10.33573,11.640305964109281,-11.55467097724032
05/11/2023 10:30:56.640748,4832,True,True,True,True,Eyes,1.271473,0.1047542,-1.782772,0.9911396,-0.1202869,0.0563323,0.0,0.0,0.0,0.0,0.0,0.0,0.0,-1.63132,-0.6488186,-1.574348,1.510513,0.09541038,-1.808312,0.1140847,0.7345986,-0.1242558,0.6571988,19.42112,96.41065,0.2607137,0.545984,0.04918168,-0.8363501,0.0,0.0,0.0,3.036474,-0.05137302,-1.188729,-0.005126059,0.3874894,2.110303,-0.1101491,0.004291387,-0.9939058,0.3309344,0.9430904,-0.0326036,0.9372031,-0.3325089,-0.1053006,moving,86.74705,-64.90554,-0.1391748,10.40463,11.806630479532966,-12.536383319532728
05/11/2023 10:30:56.660277,4833,True,True,True,True,Eyes,1.281897,0.104334,-1.782781,0.9912409,-0.1227245,0.04878768,0.0,0.0,0.0,0.0,0.0,0.0,0.0,-1.625638,-0.6566331,-1.591259,1.521976,0.09379567,-1.811289,0.1143948,0.735886,-0.1252128,0.6555206,19.52761,96.65526,0.255562,0.5494271,0.04904564,-0.8341004,0.0,0.0,0.0,3.053914,-0.04783873,-1.206065,-0.004031241,0.3903319,2.110452,-0.114413,0.004203845,-0.9934243,0.3325222,0.9424712,-0.03430849,0.9361296,-0.3342609,-0.1092288,moving,87.18224,-68.3203,-0.1094423,10.47855,11.973576708584392,-13.52578487338813
05/11/2023 10:30:56.671213,4834,True,True,True,True,Eyes,1.292343,0.1038957,-1.78292,0.9912875,-0.1250234,0.04145153,0.0,0.0,0.0,0.0,0.0,0.0,0.0,-1.617803,-0.6619179,-1.611075,1.533053,0.09119651,-1.814501,0.1143871,0.7376947,-0.1257343,0.6533859,19.57162,96.9833,0.2711802,0.5528402,0.04889088,-0.8318512,0.0,0.0,0.0,3.071201,-0.04698271,-1.22427,-0.003053546,0.3928716,2.110585,-0.1200051,0.004459522,-0.9927634,0.3330716,0.9422129,-0.03602916,0.9352339,-0.3349849,-0.1145556,moving,87.60552,-71.65704,-0.08289416,10.54455,12.136463729733943,-14.492591076997918
05/11/2023 10:30:56.690762,4835,True,True,True,True,Eyes,1.302844,0.103415,-1.783207,0.9913009,-0.1271042,0.03416453,0.0,0.0,0.0,0.0,0.0,0.0,0.0,-1.615957,-0.6644278,-1.625933,1.543981,0.09032857,-1.817801,0.1139613,0.7384673,-0.1254905,0.652634,19.5173,97.10875,0.2744423,0.5562216,0.04871829,-0.8296042,0.0,0.0,0.0,3.089118,-0.04731636,-1.244688,-0.002000749,0.395604,2.110728,-0.1221637,0.004514675,-0.9924998,0.3321122,0.9425299,-0.03659126,0.9352956,-0.3340914,-0.1166424,moving,88.02612,-74.95498,-0.05431038,10.61552,12.297735771176427,-15.44814332534867
05/11/2023 10:30:56.720444,4836,True,True,True,True,Eyes,1.313407,0.1028899,-1.783644,0.9912842,-0.1289336,0.02705229,0.0,0.0,0.0,0.0,0.0,0.0,0.0,-1.612776,-0.6661204,-1.643675,1.555715,0.08883578,-1.821617,0.1132194,0.7395867,-0.1250724,0.6515749,19.42336,97.28659,0.2723622,0.5595702,0.04852756,-0.8273605,0.0,0.0,0.0,3.107465,-0.04870079,-1.267935,-0.0009678602,0.3982869,2.110868,-0.1252631,0.004483073,-0.9921135,0.3304592,0.9430765,-0.03746189,0.935471,-0.3325455,-0.1196141,moving,88.43678,-78.15034,-0.02627085,10.68517,12.454382753313102,-16.373957254905925
05/11/2023 10:30:56.726506,4837,True,True,True,True,Eyes,1.32401,0.102318,-1.784231,0.9912356,-0.1305868,0.01997947,0.0,0.0,0.0,0.0,0.0,0.0,0.0,-1.610115,-0.6642544,-1.662686,1.56767,0.08724724,-1.825658,0.1114614,0.7407465,-0.1238831,0.6507872,19.18427,97.43762,0.2357545,0.5628852,0.0483183,-0.8251209,0.0,0.0,0.0,3.125402,-0.05116266,-1.291433,-1.192093e-07,0.4008,2.111,-0.1281047,0.003886168,-0.9917531,0.3263724,0.9444587,-0.03845667,0.9365203,-0.3286073,-0.1222579,moving,88.8453,-81.30134,-3.235523e-06,10.75037,12.609298360279894,-17.286899677078207
05/11/2023 10:30:56.740669,4838,True,True,True,True,Eyes,1.334674,0.1017141,-1.784976,0.9911605,-0.1320232,0.01306924,0.0,0.0,0.0,0.0,0.0,0.0,0.0,-1.606905,-0.6646376,-1.680916,1.579161,0.08555154,-1.829835,0.1103742,0.741937,-0.1232522,0.6497354,19.04549,97.61768,0.2193483,0.5661654,0.04809013,-0.8228869,0.0,0.0,0.0,3.141748,-0.05742458,-1.314083,-1.192093e-07,0.4008,2.111,-0.1313232,0.003618774,-0.9913331,0.3239439,0.9452529,-0.03946268,0.9369177,-0.3263187,-0.125306,static,89.24456,-84.3466,-3.235523e-06,10.75037,12.759569199748427,-18.169182485162185
05/11/2023 10:30:56.760933,4839,True,True,True,True,Eyes,1.34538,0.1010574,-1.785881,0.9910601,-0.1332691,0.006266677,0.0,0.0,0.0,0.0,0.0,0.0,0.0,-1.604395,-0.6633748,-1.699963,1.591203,0.08418174,-1.834396,0.1088053,0.7431052,-0.1221825,0.6488664,18.83168,97.77782,0.1905281,0.5694105,0.04784332,-0.8206593,0.0,0.0,0.0,3.158406,-0.06163381,-1.336558,1.192093e-07,0.4008,2.111,-0.1342676,0.003147323,-0.9909401,0.3202677,0.9464657,-0.04038865,0.9377637,-0.322789,-0.1280876,static,89.63771,-87.30779,3.235524e-06,10.75037,12.906303045923238,-19.02708235477233
05/11/2023 10:30:56.781018,4840,True,True,True,True,Eyes,1.356129,0.1003344,-1.786941,0.9909261,-0.1344066,-0.0003977537,0.0,0.0,0.0,0.0,0.0,0.0,0.0,-1.602554,-0.6632937,-1.717577,1.602843,0.08223996,-1.839113,0.1073021,0.7440908,-0.1215528,0.6481051,18.66163,97.90923,0.1286305,0.5726187,0.04757729,-0.8184395,0.0,0.0,0.0,3.174202,-0.0661988,-1.359312,-8.940697e-08,0.4007999,2.111001,-0.1368922,0.002126992,-0.9905838,0.317243,0.9474223,-0.04180658,0.9384122,-0.3199787,-0.1303695,static,-89.977,89.83044,-2.426642e-06,10.75037,-15.303012670107115,31.469435425866624
05/11/2023 10:30:56.790909,4841,True,True,True,True,Eyes,1.366909,0.09955159,-1.78815,0.9907485,-0.1355269,-0.007059252,0.0,0.0,0.0,0.0,0.0,0.0,0.0,-1.598665,-0.6677859,-1.735283,1.614495,0.07986106,-1.843882,0.1057448,0.7452509,-0.1219495,0.6469526,18.57765,98.07571,359.9892,0.5757891,0.04729094,-0.8162288,0.0,0.0,0.0,3.190709,-0.06664556,-1.381444,1.490116e-07,0.4008001,2.111001,-0.1405409,-0.0001783527,-0.9900749,0.3154038,0.9478927,-0.04494223,0.9384928,-0.3185896,-0.1331614,static,-89.59177,87.0183,4.044402e-06,10.75037,-15.162187082119722,30.654780090473597
05/11/2023 10:30:56.810535,4842,True,True,True,True,Eyes,1.377709,0.09880371,-1.789506,0.9905216,-0.1366884,-0.01354003,0.0,0.0,0.0,0.0,0.0,0.0,0.0,-1.594037,-0.6755115,-1.752106,1.62591,0.07758716,-1.84866,0.1046393,0.7464139,-0.1230194,0.6455875,18.58761,98.25968,359.8409,0.5789207,0.04698361,-0.8140284,0.0,0.0,0.0,3.205931,-0.06638643,-1.400983,-2.980232e-08,0.4007999,2.111,-0.144535,-0.002631095,-0.9894963,0.3150479,0.9478337,-0.04853909,0.9380056,-0.3187543,-0.1361662,static,-89.21684,84.34287,-8.088807e-07,10.75037,-15.027158501997402,29.879773025114773
05/11/2023 10:30:56.831115,4843,True,True,True,True,Eyes,1.388573,0.09823351,-1.79103,0.9902388,-0.1379461,-0.01995386,0.0,0.0,0.0,0.0,0.0,0.0,0.0,-1.592441,-0.6871032,-1.7646,1.637109,0.07761263,-1.853549,0.1045484,0.7469798,-0.1245408,0.6446553,18.7146,98.36692,359.735,0.5820121,0.04665898,-0.8118399,0.0,0.0,0.0,3.221956,-0.06677948,-1.421703,-8.940697e-08,0.4007999,2.111,-0.1469784,-0.004380638,-0.98913,0.3167629,0.9471184,-0.05126349,0.9370478,-0.3208543,-0.1378182,static,-88.84561,81.76927,-2.426642e-06,10.75037,-14.89595342494773,29.134319367561258
05/11/2023 10:30:56.840854,4844,True,True,True,True,Eyes,1.39947,0.09770901,-1.792717,0.9898962,-0.1393247,-0.02634422,0.0,0.0,0.0,0.0,0.0,0.0,0.0,-1.591534,-0.7014789,-1.77715,1.649433,0.0812633,-1.859055,0.1045988,0.7475281,-0.1258379,0.6437591,18.8328,98.47441,359.6587,0.5850627,0.04632653,-0.8096633,0.0,0.0,0.0,3.236793,-0.0662228,-1.440208,2.980232e-08,0.4008,2.111001,-0.1492669,-0.005637489,-0.988781,0.3183997,0.9464477,-0.05346189,0.9361309,-0.3228077,-0.1394784,static,-88.47554,79.29264,8.088804e-07,10.75037,-14.768095158379602,28.417021094959985
05/11/2023 10:30:56.860892,4845,True,True,True,True,Eyes,1.410375,0.09730048,-1.794491,0.9895387,-0.140499,-0.03276018,0.0,0.0,0.0,0.0,0.0,0.0,0.0,-1.583225,-0.7172484,-1.794328,1.661032,0.08206265,-1.864108,0.1056115,0.7491739,-0.1278271,0.6412838,19.08578,98.81561,359.6542,0.5880714,0.045989,-0.8075,0.0,0.0,0.0,3.251379,-0.06888597,-1.457355,-2.980232e-08,0.4007999,2.111,-0.1552026,-0.005704167,-0.9878662,0.3221896,0.9450129,-0.0560756,0.9338661,-0.3269833,-0.1448306,static,-88.10383,76.87485,-8.088808e-07,10.75037,-14.641975910927307,27.716819462505757
05/11/2023 10:30:56.880445,4846,True,True,True,True,Eyes,1.421277,0.09707365,-1.796397,0.989168,-0.1415276,-0.03894428,0.0,0.0,0.0,0.0,0.0,0.0,0.0,-1.575507,-0.7200266,-1.814193,1.671982,0.08439778,-1.867969,0.1032062,0.7509597,-0.1269294,0.6397632,18.82585,99.06854,359.5519,0.591038,0.04565204,-0.8053504,0.0,0.0,0.0,3.26582,-0.07217886,-1.474622,8.940697e-08,0.4007999,2.111001,-0.1601029,-0.007402183,-0.9870726,0.3174169,0.9464749,-0.05858268,0.9346729,-0.3226928,-0.1491839,static,-87.74538,74.61465,2.426642e-06,10.75037,-14.52271170382215,27.062314349949958
05/11/2023 10:30:56.890803,4847,True,True,True,True,Eyes,1.432226,0.09690988,-1.798443,0.9887666,-0.1424882,-0.04514195,0.0,0.0,0.0,0.0,0.0,0.0,0.0,-1.576863,-0.7277234,-1.825745,1.682667,0.08820083,-1.873573,0.1011819,0.7513046,-0.1269885,0.63967,18.67865,99.07333,359.3695,0.5939611,0.04532352,-0.8032156,0.0,0.0,0.0,3.279469,-0.07926959,-1.492022,-5.960464e-08,0.4008001,2.111,-0.1611691,-0.01042459,-0.9868719,0.3144983,0.9472723,-0.06136795,0.9354762,-0.3202601,-0.1493925,static,-87.38599,72.42119,-1.617761e-06,10.75037,-14.405534550809708,26.427196461955063
05/11/2023 10:30:56.910833,4848,True,True,True,True,Eyes,1.443183,0.09691575,-1.80061,0.988373,-0.1431837,-0.05115968,0.0,0.0,0.0,0.0,0.0,0.0,0.0,-1.569952,-0.7328442,-1.846172,1.694614,0.08942785,-1.878949,0.09773941,0.7529623,-0.1267835,0.6382953,18.40305,99.27988,359.1146,0.5968408,0.0450052,-0.8010961,0.0,0.0,0.0,3.292814,-0.08554894,-1.508308,2.980232e-08,0.4008002,2.111001,-0.1660526,-0.01466247,-0.986008,0.3090388,0.9487459,-0.0661532,0.9364411,-0.3156996,-0.1530104,static,-87.03693,70.33814,8.088804e-07,10.75037,-14.29328958993512,25.824088782599695
05/11/2023 10:30:56.926535,4849,True,True,True,True,Eyes,1.454169,0.0970491,-1.8029,0.9879434,-0.1439132,-0.05706868,0.0,0.0,0.0,0.0,0.0,0.0,0.0,-1.567842,-0.7381383,-1.861336,1.705708,0.09337742,-1.883983,0.09385108,0.7537857,-0.1263103,0.6380007,18.06983,99.32249,358.8135,0.5996765,0.04470333,-0.7989925,0.0,0.0,0.0,3.305895,-0.09219187,-1.523218,-2.086163e-07,0.4008,2.111001,-0.1682944,-0.01968495,-0.9855403,0.3026594,0.9504753,-0.07066777,0.9381227,-0.310176,-0.1540018,static,-86.69397,68.36923,-5.662163e-06,10.75037,-14.185573431001131,25.25409686059764
05/11/2023 10:30:56.940809,4850,True,True,True,True,Eyes,1.465177,0.09728806,-1.805304,0.9874976,-0.1445505,-0.06287794,0.0,0.0,0.0,0.0,0.0,0.0,0.0,-1.565084,-0.7463427,-1.876445,1.717317,0.0964807,-1.8892,0.09181371,0.7546386,-0.1265212,0.6372466,17.93703,99.42629,358.6341,0.6024683,0.04442164,-0.7969053,0.0,0.0,0.0,3.319708,-0.09316269,-1.538364,0.0,0.4008,2.111,-0.1709741,-0.02267807,-0.9850146,0.2998227,0.9511253,-0.07393961,0.938549,-0.3079715,-0.1558184,static,-86.35667,66.49147,0.0,10.75037,-14.081572062075193,24.71054638482518
05/11/2023 10:30:56.960638,4851,True,True,True,True,Eyes,1.476207,0.09762105,-1.807865,0.9870381,-0.1451001,-0.06856884,0.0,0.0,0.0,0.0,0.0,0.0,0.0,-1.560336,-0.7540965,-1.893031,1.728745,0.09920428,-1.894327,0.09036403,0.7558198,-0.1266747,0.6360223,17.84443,99.60687,358.5229,0.6052159,0.04416249,-0.794835,0.0,0.0,0.0,3.333569,-0.1048866,-1.563365,-1.192093e-07,0.4008,2.111,-0.17462,-0.02453798,-0.9843302,0.2977337,0.9515757,-0.07653937,0.9385428,-0.3064336,-0.1588584,static,-86.02609,64.70635,-3.235523e-06,10.75037,-13.981466644317418,24.19386448422147
05/11/2023 10:30:56.970445,4852,True,True,True,True,Eyes,1.487234,0.09801892,-1.810521,0.9865557,-0.1455771,-0.07426447,0.0,0.0,0.0,0.0,0.0,0.0,0.0,-1.55295,-0.763011,-1.910804,1.739711,0.10183,-1.899486,0.08895267,0.7573729,-0.1270633,0.6342937,17.77699,99.85926,358.4083,0.6079189,0.04392741,-0.7927826,0.0,0.0,0.0,3.347729,-0.104764,-1.588752,-1.490116e-08,0.4008,2.111,-0.1795178,-0.02645017,-0.9833992,0.2959316,0.9518847,-0.07962433,0.9381886,-0.3053128,-0.1630528,static,-85.69509,62.97212,-4.044404e-07,10.75037,-13.882989571058928,23.69196399556387
05/11/2023 10:30:56.991405,4853,True,True,True,True,Eyes,1.498247,0.09846317,-1.813263,0.9861189,-0.1455616,-0.07988286,0.0,0.0,0.0,0.0,0.0,0.0,0.0,-1.543805,-0.7709549,-1.931346,1.750942,0.1036389,-1.905588,0.08749311,0.7593348,-0.1273395,0.6320918,17.69765,100.1869,358.3093,0.6105772,0.0437166,-0.7907488,0.0,0.0,0.0,3.359504,-0.1109075,-1.604808,-1.490116e-08,0.4007999,2.111,-0.1856094,-0.02810739,-0.9822214,0.2938536,0.9522592,-0.08277922,0.937656,-0.303994,-0.1684888,static,-85.36873,61.24244,-4.044404e-07,10.75037,-13.785240371660397,23.19136042914702
05/11/2023 10:30:57.010540,4854,True,True,True,True,Eyes,1.509252,0.09889021,-1.816081,0.985661,-0.1454363,-0.08556006,0.0,0.0,0.0,0.0,0.0,0.0,0.0,-1.532856,-0.7737709,-1.953124,1.761397,0.105179,-1.910362,0.08636962,0.7615562,-0.1266813,0.6297018,17.56119,100.568,358.3175,0.6131908,0.04352947,-0.7887343,0.0,0.0,0.0,3.373162,-0.1166376,-1.629119,-1.490116e-08,0.4007999,2.111,-0.1920321,-0.02799224,-0.9809894,0.2910935,0.9529843,-0.08417566,0.9372238,-0.301724,-0.1748551,static,-85.03889,59.53173,-4.044403e-07,10.75037,-13.687684442787749,22.696284375188917
05/11/2023 10:30:57.030887,4855,True,True,True,True,Eyes,1.52025,0.0993437,-1.818964,0.9852327,-0.1449562,-0.09112678,0.0,0.0,0.0,0.0,0.0,0.0,0.0,-1.520653,-0.7736015,-1.97672,1.772015,0.1052275,-1.914982,0.08530848,0.7639718,-0.1256971,0.6271123,17.4008,100.9868,358.3602,0.61576,0.04336278,-0.7867393,0.0,0.0,0.0,3.384524,-0.1250729,-1.650554,1.490116e-08,0.4008,2.111001,-0.1989054,-0.02730587,-0.9796383,0.2879989,0.9538454,-0.0850621,0.9367462,-0.2990541,-0.1818609,static,-84.7156,57.84446,4.044402e-07,10.75037,-13.591717991586275,22.207981104386782
05/11/2023 10:30:57.040803,4856,True,True,True,True,Eyes,1.531243,0.09979512,-1.821913,0.9847777,-0.1444359,-0.09670091,0.0,0.0,0.0,0.0,0.0,0.0,0.0,-1.511419,-0.7693492,-1.999336,1.78269,0.1063802,-1.919461,0.08447398,0.7660574,-0.1237515,0.6250646,17.16983,101.3456,358.4837,0.6182858,0.04321545,-0.7847641,0.0,0.0,0.0,3.395442,-0.1374694,-1.670873,-5.960464e-08,0.4008,2.111,-0.2043168,-0.02528152,-0.9785782,0.2841292,0.9550995,-0.08399817,0.936763,-0.2952049,-0.1879597,static,-84.39178,56.1974,-1.617761e-06,10.75037,-13.497013487441905,21.73135819787751
05/11/2023 10:30:57.060762,4857,True,True,True,True,Eyes,1.54223,0.1002202,-1.824912,0.9843103,-0.1438275,-0.1022111,0.0,0.0,0.0,0.0,0.0,0.0,0.0,-1.501658,-0.770532,-2.020044,1.793384,0.10682,-1.923964,0.0841717,0.7679797,-0.1230125,0.6228886,17.08568,101.695,358.5635,0.6207685,0.04308535,-0.7828088,0.0,0.0,0.0,3.405292,-0.151791,-1.689693,-4.470348e-08,0.4008001,2.111001,-0.2098499,-0.02396188,-0.9774401,0.2825305,0.9555661,-0.08408304,0.9360234,-0.2938014,-0.1937555,static,-84.07163,54.60047,-1.213321e-06,10.75037,-13.404421373500206,21.26927442401663
05/11/2023 10:30:57.070489,4858,True,True,True,True,Eyes,1.553213,0.1006571,-1.827954,0.9838003,-0.1433153,-0.1076923,0.0,0.0,0.0,0.0,0.0,0.0,0.0,-1.489876,-0.7754537,-2.040273,1.80406,0.1065822,-1.928155,0.08317897,0.7699274,-0.1231845,0.6205794,17.03313,102.0381,358.5132,0.6232097,0.04296953,-0.7808731,0.0,0.0,0.0,3.415694,-0.1639493,-1.709709,2.980232e-08,0.4008001,2.111001,-0.2159252,-0.02480805,-0.9760947,0.2809751,0.9558136,-0.08644801,0.9351093,-0.2929246,-0.1994138,static,-83.75295,53.07749,8.088802e-07,10.75037,-13.314454431270647,20.8286590572274
05/11/2023 10:30:57.090748,4859,True,True,True,True,Eyes,1.564194,0.1010902,-1.831031,0.9832238,-0.1430625,-0.1131552,0.0,0.0,0.0,0.0,0.0,0.0,0.0,-1.479602,-0.7881653,-2.056193,1.814759,0.1072363,-1.932229,0.08259051,0.7713483,-0.1247493,0.6185776,17.1352,102.3015,358.3856,0.6256101,0.04286698,-0.7789569,0.0,0.0,0.0,3.427338,-0.1594588,-1.724676,1.713634e-07,0.4008002,2.111001,-0.2210811,-0.0269221,-0.9748838,0.2817463,0.9552329,-0.09027296,0.9336714,-0.2946275,-0.2035987,static,-83.43495,51.6578,4.651062e-06,10.75037,-13.227983262889307,20.41803702624487
05/11/2023 10:30:57.110742,4860,True,True,True,True,Eyes,1.575157,0.1015139,-1.834138,0.9825844,-0.1430401,-0.1186061,0.0,0.0,0.0,0.0,0.0,0.0,0.0,-1.468282,-0.8053571,-2.070795,1.825503,0.1075097,-1.936135,0.0830071,0.7727339,-0.1271793,0.6162935,17.38944,102.5903,358.2901,0.6279712,0.04277611,-0.7770597,0.0,0.0,0.0,3.439212,-0.1540044,-1.738925,-4.470348e-08,0.4008001,2.111001,-0.2265844,-0.02847468,-0.9735752,0.2850443,0.9538705,-0.09423795,0.9313481,-0.2988649,-0.2080157,static,-83.11723,50.33514,-1.213321e-06,10.75037,-13.144751339491265,20.03559244482401
05/11/2023 10:30:57.126482,4861,True,True,True,True,Eyes,1.586092,0.1019281,-1.837273,0.9818632,-0.1432945,-0.1241423,0.0,0.0,0.0,0.0,0.0,0.0,0.0,-1.457284,-0.8216404,-2.084816,1.835836,0.1077041,-1.939932,0.08463585,0.7741288,-0.1293596,0.6138629,17.70953,102.9127,358.3289,0.6302938,0.04269533,-0.7751815,0.0,0.0,0.0,3.451516,-0.150451,-1.75849,1.378357e-07,0.4008002,2.111001,-0.2320185,-0.02777998,-0.9723148,0.2898561,0.9522057,-0.09637228,0.9285209,-0.3041915,-0.2128771,static,-82.79402,49.09619,3.741071e-06,10.75037,-13.063600492089591,19.677487412776607
05/11/2023 10:30:57.140628,4862,True,True,True,True,Eyes,1.596989,0.1023478,-1.840423,0.9810594,-0.1437977,-0.1297873,0.0,0.0,0.0,0.0,0.0,0.0,0.0,-1.443043,-0.8385738,-2.100333,1.845853,0.10791,-1.94375,0.08682138,0.7759761,-0.1315515,0.6107515,18.07214,103.3405,358.4359,0.6325784,0.04262318,-0.7733223,0.0,0.0,0.0,3.463047,-0.1472623,-1.775383,2.132729e-07,0.4008001,2.111001,-0.2388895,-0.02594791,-0.9707001,0.2954332,0.9503125,-0.09810907,0.9250141,-0.3102143,-0.2193538,static,-82.46393,47.93157,5.78855e-06,10.75037,-12.984047914320996,19.341005170097624
05/11/2023 10:30:57.160739,4863,True,True,True,True,Eyes,1.607825,0.1027548,-1.843573,0.9801887,-0.1444739,-0.1354892,0.0,0.0,0.0,0.0,0.0,0.0,0.0,-1.424847,-0.8565224,-2.117258,1.855556,0.1084993,-1.947238,0.08910479,0.7782843,-0.1337918,0.6069875,18.44699,103.8656,358.567,0.6348259,0.04255903,-0.7714818,0.0,0.0,0.0,3.47393,-0.1457402,-1.790687,1.164153e-08,0.4008,2.111001,-0.2472533,-0.02372223,-0.9686605,0.3011177,0.9483202,-0.1000852,0.9209746,-0.3164271,-0.2273322,static,-82.13001,46.83813,3.15969e-07,10.75037,-12.906369258179833,19.02521482998761
05/11/2023 10:30:57.171133,4864,True,True,True,True,Eyes,1.618608,0.1031525,-1.84673,0.9792567,-0.1453325,-0.1411903,0.0,0.0,0.0,0.0,0.0,0.0,0.0,-1.409772,-0.8728758,-2.131562,1.864696,0.1086581,-1.950391,0.09207465,0.780156,-0.1357983,0.6036869,18.84785,104.3304,358.7713,0.6370365,0.04250159,-0.7696606,0.0,0.0,0.0,3.483994,-0.1513364,-1.806154,-4.656613e-08,0.4008001,2.111,-0.254169,-0.02029404,-0.966947,0.3076244,0.9461622,-0.1007191,0.9169326,-0.3230561,-0.2342422,static,-81.79557,45.82825,-1.263876e-06,10.75037,-12.831385415802817,18.7336942731066
05/11/2023 10:30:57.190754,4865,True,True,True,True,Eyes,1.629333,0.1035644,-1.849907,0.9783605,-0.1457302,-0.1468794,0.0,0.0,0.0,0.0,0.0,0.0,0.0,-1.399206,-0.8823777,-2.145775,1.873988,0.1089916,-1.953716,0.09564693,0.7816927,-0.1363922,0.6010038,19.15967,104.7428,359.1258,0.6392109,0.04244984,-0.7678586,0.0,0.0,0.0,3.492997,-0.1621273,-1.823327,-7.078052e-08,0.4008,2.111,-0.2592924,-0.01441152,-0.9656914,0.3134775,0.9444976,-0.09826527,0.9135094,-0.3282019,-0.2403834,static,-81.46206,44.77497,-1.921092e-06,10.75037,-12.755084071576647,18.429564820480156
05/11/2023 10:30:57.210574,4866,True,True,True,True,Eyes,1.640022,0.1039849,-1.853106,0.9774253,-0.1461357,-0.1525918,0.0,0.0,0.0,0.0,0.0,0.0,0.0,-1.390704,-0.8856449,-2.161358,1.883204,0.1099172,-1.957384,0.099215,0.7832273,-0.1356501,0.5985904,19.34576,105.1492,359.576,0.641349,0.04240381,-0.7660762,0.0,0.0,0.0,3.500884,-0.1760305,-1.840379,1.825392e-07,0.4008001,2.111001,-0.263692,-0.006981955,-0.9645818,0.3178135,0.9435109,-0.09371148,0.9107477,-0.3312681,-0.2465774,static,-81.12683,43.76191,4.954392e-06,10.75037,-12.679896867259021,18.137124910479596
05/11/2023 10:30:57.230471,4867,True,True,True,True,Eyes,1.650667,0.1044168,-1.856319,0.9765241,-0.1460351,-0.1583492,0.0,0.0,0.0,0.0,0.0,0.0,0.0,-1.378855,-0.8870662,-2.180117,1.892826,0.1107032,-1.96112,0.1010868,0.7851714,-0.1346512,0.5959498,19.3862,105.5844,359.8937,0.6434516,0.04236323,-0.7643132,0.0,0.0,0.0,3.508651,-0.191026,-1.859762,-2.980232e-08,0.4008,2.111,-0.2692505,-0.001749674,-0.9630685,0.3192317,0.943301,-0.09096316,0.9086227,-0.3319338,-0.2534257,static,-80.78932,42.68332,-8.088807e-07,10.75037,-12.602261726401533,17.825666154761983
05/11/2023 10:30:57.240594,4868,True,True,True,True,Eyes,1.66128,0.1048388,-1.859543,0.9755963,-0.145836,-0.1641451,0.0,0.0,0.0,0.0,0.0,0.0,0.0,-1.365122,-0.8874328,-2.199906,1.902203,0.1114496,-1.964659,0.1012853,0.7872746,-0.1336307,0.5933657,19.30559,105.9989,0.05433286,0.6455191,0.04232804,-0.7625698,0.0,0.0,0.0,3.51669,-0.2015293,-1.882316,-1.490116e-07,0.4008001,2.111001,-0.2753169,0.0008949482,-0.9613532,0.3180624,0.9437683,-0.0902096,0.9072139,-0.3306065,-0.26012,static,-80.44938,41.61974,-4.044402e-06,10.75037,-12.524819787623432,17.518579333753642
05/11/2023 10:30:57.260424,4869,True,True,True,True,Eyes,1.67186,0.1052502,-1.862776,0.9746984,-0.1451844,-0.1699548,0.0,0.0,0.0,0.0,0.0,0.0,0.0,-1.34994,-0.8865576,-2.221029,1.91187,0.1116934,-1.96814,0.1006299,0.7895057,-0.1325353,0.5907527,19.15771,106.4118,0.1397818,0.6475527,0.04229729,-0.7608455,0.0,0.0,0.0,3.525543,-0.2050418,-1.902821,-5.215406e-08,0.4007999,2.111,-0.2817697,0.002304544,-0.9594793,0.3154868,0.9446161,-0.09038001,0.9061312,-0.3281695,-0.2668912,static,-80.10897,40.5057,-1.415541e-06,10.75037,-12.445652913144208,17.196840671524214
05/11/2023 10:30:57.270522,4870,True,True,True,True,Eyes,1.682412,0.1056337,-1.866025,0.9737839,-0.1444367,-0.1757358,0.0,0.0,0.0,0.0,0.0,0.0,0.0,-1.336052,-0.8839513,-2.241721,1.921465,0.1118403,-1.971593,0.09960897,0.791567,-0.1312186,0.5884569,18.96362,106.7782,0.1975855,0.6495526,0.04227011,-0.7591403,0.0,0.0,0.0,3.535139,-0.204661,-1.921271,2.831221e-07,0.4008,2.111001,-0.2875932,0.003261327,-0.9577473,0.3121273,0.9457195,-0.09050547,0.9054651,-0.3249678,-0.2730005,static,-79.77012,39.41668,7.684365e-06,10.75037,-12.367506514221866,16.882359956880517
05/11/2023 10:30:57.297051,4871,True,True,True,True,Eyes,1.692945,0.1059809,-1.869287,0.9728753,-0.143439,-0.1814906,0.0,0.0,0.0,0.0,0.0,0.0,0.0,-1.324459,-0.8810973,-2.261165,1.93121,0.1116065,-1.975186,0.09881859,0.7933164,-0.1299447,0.5865138,18.78946,107.0912,0.2638783,0.6515201,0.04224502,-0.7574539,0.0,0.0,0.0,3.545135,-0.2031492,-1.938821,-1.639128e-07,0.4008001,2.111001,-0.2924732,0.004360073,-0.956264,0.3092175,0.9466985,-0.09025763,0.9049001,-0.3220915,-0.2782322,static,-79.4329,38.32068,-4.448843e-06,10.75037,-12.289332513601494,16.565843554475133
05/11/2023 10:30:57.311049,4872,True,True,True,True,Eyes,1.703457,0.1062809,-1.872557,0.9719433,-0.1424353,-0.1871853,0.0,0.0,0.0,0.0,0.0,0.0,0.0,-1.31374,-0.8802748,-2.279239,1.941118,0.1110628,-1.97875,0.09813324,0.7948424,-0.1291303,0.58474,18.66543,107.3681,0.3015119,0.6534561,0.04222037,-0.7557857,0.0,0.0,0.0,3.555163,-0.2019543,-1.954796,-1.490116e-08,0.4008,2.111001,-0.2968981,0.004985573,-0.9548962,0.3070163,0.9473904,-0.09051167,0.9042083,-0.3200414,-0.2828091,static,-79.09895,37.26866,-4.044403e-07,10.75037,-12.213018007038695,16.262082344075942
05/11/2023 10:30:57.326469,4873,True,True,True,True,Eyes,1.713946,0.1065316,-1.875838,0.9710029,-0.1412555,-0.1928734,0.0,0.0,0.0,0.0,0.0,0.0,0.0,-1.303067,-0.8824282,-2.295883,1.951014,0.1102304,-1.982206,0.09743831,0.7962154,-0.1289597,0.5830234,18.60107,107.621,0.2896192,0.6553618,0.04219427,-0.7541353,0.0,0.0,0.0,3.564797,-0.2027897,-1.970646,-1.490116e-07,0.4008001,2.111001,-0.301179,0.004790736,-0.9535556,0.3055368,0.9477503,-0.09174171,0.9032931,-0.318977,-0.2869062,static,-78.76539,36.21809,-4.044402e-06,10.75037,-12.136799935558585,15.958740178558696
05/11/2023 10:30:57.340307,4874,True,True,True,True,Eyes,1.724429,0.1067324,-1.879133,0.9700314,-0.1401241,-0.1985054,0.0,0.0,0.0,0.0,0.0,0.0,0.0,-1.292578,-0.8858416,-2.311766,1.960816,0.1092563,-1.985698,0.09654497,0.7974957,-0.1291014,0.5813885,18.55264,107.8528,0.2340285,0.657238,0.04216494,-0.7525024,0.0,0.0,0.0,3.574194,-0.2053905,-1.984315,-3.576279e-07,0.4008,2.111001,-0.3053332,0.003872303,-0.9522378,0.3041045,0.9480238,-0.0936553,0.9023815,-0.3181758,-0.2906407,static,-78.43477,35.2181,-9.706567e-06,10.75037,-12.062618241206877,15.670071681118078
05/11/2023 10:30:57.360274,4875,True,True,True,True,Eyes,1.734895,0.1068885,-1.882439,0.9690192,-0.1390212,-0.2041442,0.0,0.0,0.0,0.0,0.0,0.0,0.0,-1.281137,-0.8917816,-2.327511,1.970988,0.1082219,-1.989318,0.09578175,0.798798,-0.1296857,0.5795941,18.55498,108.0986,0.1626022,0.6590859,0.04213077,-0.7508863,0.0,0.0,0.0,3.583776,-0.2092541,-1.996903,-2.533197e-07,0.4008,2.111001,-0.3097931,0.002690427,-0.9508002,0.3033506,0.948015,-0.09615625,0.9011141,-0.3182144,-0.2945047,static,-78.10341,34.25467,-6.875484e-06,10.75037,-11.989551811770436,15.39202464199506
05/11/2023 10:30:57.370585,4876,True,True,True,True,Eyes,1.745352,0.106996,-1.885759,0.9679533,-0.1380844,-0.2097593,0.0,0.0,0.0,0.0,0.0,0.0,0.0,-1.269885,-0.9018083,-2.341205,1.980921,0.1072114,-1.992878,0.09510378,0.7999219,-0.1310527,0.5778455,18.63719,108.3199,0.04200836,0.6609059,0.04209055,-0.7492872,0.0,0.0,0.0,3.593262,-0.213856,-2.009279,-5.960464e-08,0.4008,2.111,-0.3141,0.0006947241,-0.9493897,0.3036076,0.9475609,-0.09975336,0.8995353,-0.3195745,-0.2978398,static,-77.77283,33.35688,-1.617762e-06,10.75037,-11.918750223783828,15.1330363028314
05/11/2023 10:30:57.390850,4877,True,True,True,True,Eyes,1.755797,0.1070423,-1.889085,0.9667977,-0.1373686,-0.2154808,0.0,0.0,0.0,0.0,0.0,0.0,0.0,-1.2551,-0.9170929,-2.354735,1.990991,0.1060458,-1.996452,0.09441478,0.8012637,-0.1333851,0.5755613,18.81032,108.5969,359.8644,0.6626995,0.04204305,-0.747704,0.0,0.0,0.0,3.602532,-0.219826,-2.021244,1.043081e-07,0.4008,2.111001,-0.3196301,-0.002240353,-0.9475399,0.3048449,0.9465885,-0.1050703,0.8971658,-0.3224363,-0.3018753,static,-77.43523,32.51744,2.831082e-06,10.75037,-11.84900174238621,14.89103066632848
05/11/2023 10:30:57.410448,4878,True,True,True,True,Eyes,1.766248,0.1070397,-1.892422,0.9655626,-0.1368439,-0.2212747,0.0,0.0,0.0,0.0,0.0,0.0,0.0,-1.235825,-0.9356074,-2.368806,2.000869,0.1044735,-1.999869,0.09380811,0.8029732,-0.1363368,0.5725787,19.04888,108.961,359.6681,0.6644669,0.04198669,-0.7461368,0.0,0.0,0.0,3.611812,-0.2260109,-2.03374,4.023314e-07,0.4008,2.111001,-0.3267074,-0.005476266,-0.9451097,0.3067779,0.9452246,-0.1115245,0.8939517,-0.3263746,-0.3071318,static,-77.0926,31.73409,1.091989e-05,10.75037,-11.780479457258767,14.66534090342708
05/11/2023 10:30:57.426746,4879,True,True,True,True,Eyes,1.776688,0.10701,-1.895764,0.9642483,-0.136437,-0.2271788,0.0,0.0,0.0,0.0,0.0,0.0,0.0,-1.213849,-0.9533377,-2.384746,2.011225,0.1032101,-2.003401,0.09348545,0.8050073,-0.1389689,0.5691323,19.27807,109.4011,359.5344,0.6662097,0.04192055,-0.7445849,0.0,0.0,0.0,3.621587,-0.2285253,-2.043669,-2.980232e-08,0.4008,2.111,-0.3346981,-0.007670386,-0.9422943,0.3086963,0.9438962,-0.1173307,0.890328,-0.330153,-0.3135524,static,-76.74277,30.98781,-8.088807e-07,10.75037,-11.71228510522225,14.450454770148571
05/11/2023 10:30:57.440697,4880,True,True,True,True,Eyes,1.787138,0.1069286,-1.899119,0.9628612,-0.136128,-0.2331679,0.0,0.0,0.0,0.0,0.0,0.0,0.0,-1.194066,-0.9669365,-2.400413,2.021127,0.102451,-2.006811,0.09353789,0.8069201,-0.1407256,0.5659744,19.45028,109.8215,359.4933,0.6679289,0.04184466,-0.7430473,0.0,0.0,0.0,3.631421,-0.2340868,-2.055621,5.960464e-08,0.4008,2.111,-0.3418474,-0.008338952,-0.9397185,0.3102493,0.9428939,-0.1212285,0.8870658,-0.3329887,-0.3197387,static,-76.38722,30.27721,1.617762e-06,10.75037,-11.644557020013785,14.245960787048077
05/11/2023 10:30:57.460293,4881,True,True,True,True,Eyes,1.797598,0.1068259,-1.90248,0.9613937,-0.1357794,-0.2393452,0.0,0.0,0.0,0.0,0.0,0.0,0.0,-1.17102,-0.978159,-2.418912,2.031569,0.1010994,-2.010403,0.09322076,0.8092177,-0.1421238,0.5623856,19.56465,110.3092,359.4536,0.6696252,0.04175809,-0.7415238,0.0,0.0,0.0,3.640827,-0.2383178,-2.070769,-8.940697e-08,0.4008002,2.111001,-0.3500648,-0.008984981,-0.9366825,0.3107285,0.9422214,-0.1251661,0.883687,-0.3348702,-0.3270467,static,-76.02005,29.56605,-2.426641e-06,10.75037,-11.57536392285872,14.04136543738149
