Time,Frame,EyeTrackingEnabled,EyeCalibrationValid,EyeTrackingEnabledAndValid,EyeTrackingDataValid,GazeInputSource,EyeGazeOrigin.x,EyeGazeOrigin.y,EyeGazeOrigin.z,EyeGazeDirection.x,EyeGazeDirection.y,EyeGazeDirection.z,EyeHitInfo.distance,EyeHitPosition.x,EyeHitPosition.y,EyeHitPosition.z,EyeHitNormal.x,EyeHitNormal.y,EyeHitNormal.z,LocalEyeHitPosition.x,LocalEyeHitPosition.y,LocalEyeHitPosition.z,HeadGazeOrigin.x,HeadGazeOrigin.y,HeadGazeOrigin.z,HeadRotation.x,HeadRotation.y,HeadRotation.z,HeadRotation.w,HeadEulerAngles.x,HeadEulerAngles.y,HeadEulerAngles.z,HeadMovementDirection.x,HeadMovementDirection.y,HeadMovementDirection.z,HeadVelocity.x,HeadVelocity.y,HeadVelocity.z,transform.position.x,transform.position.y,transform.position.z,localTransform.position.x,localTransform.position.y,localTransform.position.z,localXAxis.x,localXAxis.y,localXAxis.z,localYAxis.x,localYAxis.y,localYAxis.z,localZAxis.x,localZAxis.y,localZAxis.z,Movement,GazeAngleX,GazeAngleY,TargetAngleX,TargetAngleY,CalibratedGazeAngleX,CalibratedGazeAngleY
05/04/2023 16:18:19.912437,182,True,True,True,True,Eyes,0.2247187,0.1409916,-3.271552,-0.4467086,-0.2101822,0.8696407,0.0,0.0,0.0,0.0,0.0,0.0,0.0,0.7161011,0.5019141,2.965986,0.1298349,0.1492567,-3.08588,0.1061385,-0.1375487,0.001823504,0.9847901,12.09598,343.9385,358.4994,0.08180656,0.04139923,-0.9957879,0.0,0.0,0.0,-0.9590295,0.1545775,-1.360149,-0.5796002,0.4008,1.915,0.962154,-0.02560688,0.2713003,-0.03278996,0.9774626,0.2085466,-0.2705261,-0.2095499,0.93963,moving,-27.18822,-13.58718,-16.83914,11.82109,4.645358286028909,-0.11734346023463033
05/04/2023 16:18:19.932318,183,True,True,True,True,Eyes,0.2199624,0.1412485,-3.263227,-0.4393436,-0.2094288,0.8735656,0.0,0.0,0.0,0.0,0.0,0.0,0.0,0.6942791,0.5078009,2.961204,0.1255474,0.1495745,-3.077414,0.1076658,-0.133488,0.004435895,0.9851748,12.31719,344.4406,358.8268,0.08047297,0.04155517,-0.99589,0.0,0.0,0.0,-0.9466916,0.1416485,-1.343082,-0.5760083,0.3983162,1.915,0.9643225,-0.02000392,0.2639733,-0.03748446,0.9767768,0.210955,-0.2620629,-0.2133235,0.9411781,moving,-26.69926,-13.48166,-16.74064,11.74988,4.6613600747469945,-0.11724795902362198
05/04/2023 16:18:19.952333,184,True,True,True,True,Eyes,0.2152247,0.1415129,-3.254885,-0.4319591,-0.2086909,0.8774164,0.0,0.0,0.0,0.0,0.0,0.0,0.0,0.6726691,0.5087045,2.95707,0.1210495,0.150013,-3.068936,0.1083351,-0.129437,0.006482667,0.9856306,12.42931,344.9395,359.1043,0.07914588,0.0417146,-0.9959896,0.0,0.0,0.0,-0.9339699,0.1329052,-1.326016,-0.5721569,0.3956529,1.915,0.9664081,-0.01526611,0.2565587,-0.04082417,0.9764429,0.2118786,-0.2537495,-0.215235,0.9430192,moving,-26.21139,-13.37904,-16.63491,11.67348,4.677360155796766,-0.11710258078546765
05/04/2023 16:18:19.962424,185,True,True,True,True,Eyes,0.2104999,0.141764,-3.246532,-0.424641,-0.207613,0.881236,0.0,0.0,0.0,0.0,0.0,0.0,0.0,0.6515734,0.5044069,2.953427,0.1167111,0.1504869,-3.0603,0.1080387,-0.1255593,0.00726525,0.9861591,12.41031,345.4065,359.249,0.07782401,0.04187759,-0.996087,0.0,0.0,0.0,-0.9211087,0.1299604,-1.308988,-0.5682755,0.392969,1.915,0.9683642,-0.01280114,0.2492127,-0.04145991,0.9765497,0.2112623,-0.246073,-0.2149111,0.945125,moving,-25.72801,-13.25675,-16.52824,11.59644,4.692950242421377,-0.11734603159810258
05/04/2023 16:18:19.982284,186,True,True,True,True,Eyes,0.205768,0.1419892,-3.238154,-0.4173049,-0.2064724,0.8850004,0.0,0.0,0.0,0.0,0.0,0.0,0.0,0.6308464,0.4977365,2.950137,0.1119962,0.1504021,-3.05186,0.1071967,-0.1216942,0.007428061,0.9867342,12.31917,345.8661,359.3296,0.07650685,0.04204345,-0.996182,0.0,0.0,0.0,-0.9082596,0.1294651,-1.292165,-0.5642749,0.3902025,1.915,0.9702707,-0.01143139,0.2417521,-0.04074947,0.9769074,0.2097414,-0.238567,-0.2133572,0.9473987,moving,-25.24532,-13.13232,-16.41817,11.51699,4.708488574744038,-0.11763264189694389
05/04/2023 16:18:20.002617,187,True,True,True,True,Eyes,0.2010192,0.142186,-3.229773,-0.4100277,-0.205103,0.8887126,0.0,0.0,0.0,0.0,0.0,0.0,0.0,0.6103045,0.4877262,2.946801,0.1070432,0.1500071,-3.043029,0.1057853,-0.1178022,0.007881599,0.9873551,12.16644,346.3338,359.4514,0.0751925,0.0422113,-0.996275,0.0,0.0,0.0,-0.8957816,0.1305146,-1.275112,-0.5604745,0.3875744,1.915,0.9721211,-0.009359599,0.2342927,-0.04048734,0.9774947,0.2070383,-0.2309577,-0.2107522,0.9498642,moving,-24.76731,-12.99556,-16.31349,11.44147,4.723703724034588,-0.1181709185875004
05/04/2023 16:18:20.012368,188,True,True,True,True,Eyes,0.1962724,0.1423551,-3.221386,-0.402748,-0.2037492,0.8923454,0.0,0.0,0.0,0.0,0.0,0.0,0.0,0.5907582,0.481849,2.942841,0.102237,0.1495134,-3.034581,0.1050609,-0.1140403,0.008785215,0.9878663,12.09751,346.7887,359.6129,0.0738804,0.04238004,-0.996366,0.0,0.0,0.0,-0.8834086,0.1280313,-1.25896,-0.5563661,0.3847336,1.915,0.9738353,-0.006605112,0.2271591,-0.04131958,0.97777,0.2055685,-0.2234672,-0.209576,0.9519141,moving,-24.29139,-12.86185,-16.2002,11.3598,4.738883600768244,-0.11866075050668023
05/04/2023 16:18:20.032174,189,True,True,True,True,Eyes,0.1915218,0.1424681,-3.212986,-0.3955952,-0.202251,0.8958789,0.0,0.0,0.0,0.0,0.0,0.0,0.0,0.5725003,0.4765455,2.938472,0.09748864,0.1490531,-3.026177,0.1044526,-0.1104688,0.00995311,0.9883256,12.04414,347.2236,359.8006,0.07256865,0.04254895,-0.9964551,0.0,0.0,0.0,-0.8721108,0.1251129,-1.243467,-0.5526849,0.382188,1.915,0.9753951,-0.003403673,0.2204375,-0.04275132,0.9779812,0.2042672,-0.216279,-0.2086653,0.9537727,moving,-23.82492,-12.72166,-16.09858,11.28657,4.753645631720049,-0.11931256711440069
05/04/2023 16:18:20.052108,190,True,True,True,True,Eyes,0.186763,0.1425441,-3.204563,-0.3883958,-0.2007922,0.8993505,0.0,0.0,0.0,0.0,0.0,0.0,0.0,0.5536947,0.4733118,2.933563,0.09260039,0.1479348,-3.017603,0.1040986,-0.1067564,0.0113794,0.9887554,12.0219,347.6769,0.01619864,0.07125705,0.04271632,-0.9965427,0.0,0.0,0.0,-0.8602906,0.1201112,-1.227718,-0.548825,0.3795187,1.915,0.9769472,0.0002765149,0.2134811,-0.04472927,0.978068,0.2034264,-0.2087428,-0.2082857,0.9555331,moving,-23.35771,-12.58565,-15.99192,11.20975,4.7684871916291005,-0.11988266561939873
05/04/2023 16:18:20.062346,191,True,True,True,True,Eyes,0.1820114,0.1425774,-3.196123,-0.3813119,-0.1992168,0.9027258,0.0,0.0,0.0,0.0,0.0,0.0,0.0,0.5331146,0.4703898,2.928605,0.08760557,0.1471004,-3.008802,0.1038292,-0.1027229,0.01270013,0.9891948,12.00657,348.1661,0.2222749,0.06994457,0.04288125,-0.9966286,0.0,0.0,0.0,-0.8472465,0.1152228,-1.211262,-0.5448952,0.3768013,1.915,0.9785734,0.003794552,0.2058631,-0.04645707,0.9781164,0.2028054,-0.2005885,-0.2080237,0.9573351,moving,-22.89922,-12.44478,-15.8832,11.13149,4.78295745146689,-0.12058119373120896
05/04/2023 16:18:20.090666,192,True,True,True,True,Eyes,0.1772518,0.1425654,-3.187668,-0.3741752,-0.1976285,0.9060551,0.0,0.0,0.0,0.0,0.0,0.0,0.0,0.5114879,0.4658251,2.924111,0.08256426,0.1461052,-3.000146,0.1032258,-0.09849343,0.013815,0.9896731,11.949,348.6761,0.4105734,0.06863067,0.04304277,-0.9967129,0.0,0.0,0.0,-0.8334939,0.1118553,-1.194708,-0.5410511,0.3741429,1.915,0.9802164,0.007010532,0.1978047,-0.0476788,0.9783071,0.2015983,-0.1921005,-0.207041,0.9592869,moving,-22.43925,-12.30462,-15.77675,11.0549,4.797489266145603,-0.12126008323391935
05/04/2023 16:18:20.102599,193,True,True,True,True,Eyes,0.172471,0.1424941,-3.179197,-0.3671113,-0.1959643,0.9093004,0.0,0.0,0.0,0.0,0.0,0.0,0.0,0.4895785,0.4581567,2.919958,0.07743822,0.1449514,-2.991445,0.1020488,-0.09420096,0.01468771,0.9902003,11.82157,349.191,0.5772675,0.06731433,0.04319993,-0.9967959,0.0,0.0,0.0,-0.8194824,0.1109376,-1.1781,-0.5372252,0.3714973,1.915,0.9818209,0.00986136,0.1895534,-0.04831372,0.9787407,0.1993302,-0.1835579,-0.2048646,0.9614245,moving,-21.98537,-12.16187,-15.67069,10.97864,4.811772016794271,-0.1220135507139764
05/04/2023 16:18:20.122160,194,True,True,True,True,Eyes,0.1676686,0.1423769,-3.170703,-0.3599688,-0.1942825,0.9125112,0.0,0.0,0.0,0.0,0.0,0.0,0.0,0.4683791,0.4523239,2.915248,0.07229556,0.1436193,-2.982749,0.1011385,-0.09000564,0.01547772,0.9906718,11.72276,349.6924,0.729169,0.06599497,0.04335131,-0.9968776,0.0,0.0,0.0,-0.8054742,0.1088436,-1.161847,-0.5331347,0.3686687,1.915,0.9833189,0.01246062,0.1814629,-0.04887275,0.9790629,0.1976039,-0.1752013,-0.2031762,0.96334,moving,-21.52832,-12.01936,-15.55717,10.89705,4.826170287544854,-0.12274902863864559
05/04/2023 16:18:20.136717,195,True,True,True,True,Eyes,0.1628451,0.1421912,-3.162187,-0.3528819,-0.1925471,0.9156419,0.0,0.0,0.0,0.0,0.0,0.0,0.0,0.4455003,0.4457156,2.910653,0.06691737,0.1421986,-2.973942,0.1000547,-0.08548414,0.01599724,0.9911739,11.60002,350.2282,0.8543376,0.0646712,0.04349617,-0.996958,0.0,0.0,0.0,-0.7908249,0.108032,-1.145073,-0.5294929,0.3661503,1.915,0.9848731,0.0146059,0.1726605,-0.04881826,0.9794663,0.1956082,-0.1662581,-0.2010783,0.965363,moving,-21.07631,-11.8755,-15.45599,10.82438,4.840372549234388,-0.12353131176479748
05/04/2023 16:18:20.152173,196,True,True,True,True,Eyes,0.1579986,0.1419217,-3.153652,-0.3456689,-0.1907847,0.9187568,0.0,0.0,0.0,0.0,0.0,0.0,0.0,0.4194535,0.4391981,2.906116,0.06138886,0.1403217,-2.964943,0.09884389,-0.08042727,0.01562419,0.9917244,11.45306,350.8156,0.882211,0.06334245,0.04363303,-0.9970373,0.0,0.0,0.0,-0.7737902,0.1083306,-1.127264,-0.5256203,0.3634724,1.915,0.9865747,0.01509029,0.1626121,-0.04688926,0.9799715,0.1935385,-0.1564347,-0.198565,0.9675227,moving,-20.61808,-11.73105,-15.3483,10.74706,4.854787956237326,-0.12429823886456826
05/04/2023 16:18:20.172442,197,True,True,True,True,Eyes,0.1531171,0.141574,-3.145099,-0.3384359,-0.1890937,0.9217943,0.0,0.0,0.0,0.0,0.0,0.0,0.0,0.3932411,0.4331686,2.901393,0.05606527,0.1382513,-2.956028,0.09767542,-0.07534518,0.01523686,0.9922452,11.31086,351.4051,0.9068025,0.06200777,0.0437601,-0.9971156,0.0,0.0,0.0,-0.756305,0.1082619,-1.109769,-0.5216836,0.36075,1.914999,0.9881819,0.01551865,0.1524983,-0.04495614,0.9804547,0.1915399,-0.1465453,-0.196132,0.9695653,moving,-20.16067,-11.59264,-15.23871,10.66843,4.869251255154018,-0.1249551181424915
05/04/2023 16:18:20.182230,198,True,True,True,True,Eyes,0.1481986,0.1411408,-3.13652,-0.3310384,-0.1874108,0.9248193,0.0,0.0,0.0,0.0,0.0,0.0,0.0,0.3644811,0.431151,2.896143,0.05028997,0.1358647,-2.9471,0.09710633,-0.06973851,0.01440569,0.9927233,11.23355,352.0497,0.8796245,0.06066534,0.043876,-0.9971932,0.0,0.0,0.0,-0.73722,0.1062203,-1.091673,-0.5178722,0.3581144,1.914999,0.989858,0.01505762,0.1412598,-0.04214583,0.9807256,0.1907902,-0.1356643,-0.1948087,0.9714138,moving,-19.69479,-11.45563,-15.1325,10.59225,4.884032885534232,-0.12554966863482808
05/04/2023 16:18:20.202143,199,True,True,True,True,Eyes,0.1432484,0.1406535,-3.127912,-0.3236201,-0.1858538,0.9277545,0.0,0.0,0.0,0.0,0.0,0.0,0.0,0.3348948,0.4279906,2.890909,0.04440696,0.1333469,-2.938185,0.09630475,-0.06395929,0.01323727,0.9932068,11.12758,352.7104,0.8161079,0.05931431,0.04397912,-0.9972699,0.0,0.0,0.0,-0.7173386,0.1052913,-1.073595,-0.513989,0.3554292,1.915,0.9914679,0.01397551,0.1295992,-0.03861385,0.9811003,0.1896077,-0.1245,-0.1929943,0.9732692,moving,-19.22983,-11.32792,-15.02418,10.51461,4.898900410486235,-0.1259733180341438
05/04/2023 16:18:20.222104,200,True,True,True,True,Eyes,0.1382474,0.1401624,-3.119289,-0.316007,-0.1843328,0.9306777,0.0,0.0,0.0,0.0,0.0,0.0,0.0,0.3025337,0.4297131,2.884871,0.03828089,0.1312633,-2.929158,0.0964219,-0.05761937,0.01216794,0.993597,11.12857,353.4365,0.7631424,0.05795394,0.04406904,-0.9973459,0.0,0.0,0.0,-0.6955492,0.1010858,-1.054992,-0.5101431,0.3527697,1.915,0.9930639,0.01306851,0.1168474,-0.03529159,0.9811095,0.1902068,-0.1121544,-0.1930112,0.9747656,moving,-18.75467,-11.20318,-14.91679,10.43767,4.914167652050908,-0.12629777160323347
05/04/2023 16:18:20.232386,201,True,True,True,True,Eyes,0.1331998,0.1396731,-3.110642,-0.308464,-0.1828819,0.9334903,0.0,0.0,0.0,0.0,0.0,0.0,0.0,0.2696453,0.4281531,2.879497,0.03188587,0.1305874,-2.920524,0.09622259,-0.05108927,0.01141893,0.9939823,11.09602,354.1883,0.751381,0.05658232,0.04414699,-0.9974211,0.0,0.0,0.0,-0.6732693,0.09903059,-1.036954,-0.5062549,0.3500811,1.915,0.994519,0.01286855,0.1037612,-0.03253231,0.9812217,0.1901203,-0.09936612,-0.1924539,0.9762623,moving,-18.2857,-11.08454,-14.80811,10.35984,4.929293040307553,-0.1265338817806984
05/04/2023 16:18:20.252418,202,True,True,True,True,Eyes,0.1281132,0.139142,-3.101982,-0.3007437,-0.1814121,0.9362921,0.0,0.0,0.0,0.0,0.0,0.0,0.0,0.2386575,0.4218684,2.873927,0.02550746,0.1301289,-2.911495,0.09528505,-0.04484285,0.01112252,0.9943774,10.98174,354.912,0.7922812,0.05519885,0.0442142,-0.9974957,0.0,0.0,0.0,-0.652108,0.09951907,-1.019353,-0.5023835,0.347404,1.915,0.9957308,0.01357427,0.09130103,-0.03066568,0.981594,0.188501,-0.08706179,-0.1904961,0.9778197,moving,-17.80739,-10.96552,-14.6998,10.28232,4.944744937778843,-0.12673742287936096
05/04/2023 16:18:20.272325,203,True,True,True,True,Eyes,0.1229983,0.1385764,-3.093305,-0.2931434,-0.1800651,0.9389588,0.0,0.0,0.0,0.0,0.0,0.0,0.0,0.2084783,0.4165049,2.867714,0.01939822,0.1288732,-2.902367,0.0943789,-0.03873747,0.01097028,0.994722,10.87176,355.6203,0.8467474,0.053802,0.04427044,-0.9975696,0.0,0.0,0.0,-0.6311685,0.09895699,-1.002247,-0.4985224,0.3447339,1.915,0.9967582,0.01451275,0.07913674,-0.02913675,0.9819446,0.1869116,-0.0749953,-0.1886114,0.9791841,moving,-17.33839,-10.85587,-14.59166,10.20496,4.959985972380209,-0.1268044198302867
05/04/2023 16:18:20.282353,204,True,True,True,True,Eyes,0.1178481,0.1380181,-3.084612,-0.2853566,-0.1788485,0.9415863,0.0,0.0,0.0,0.0,0.0,0.0,0.0,0.180006,0.4150825,2.860933,0.01301417,0.1274745,-2.89365,0.09412262,-0.03283007,0.01086186,0.99496,10.83665,356.3057,0.9004027,0.05239195,0.04431564,-0.9976425,0.0,0.0,0.0,-0.6112016,0.09575014,-0.9862105,-0.4947008,0.3420912,1.915,0.9976084,0.01543412,0.06737391,-0.02779432,0.9820459,0.1865833,-0.06328452,-0.1880096,0.9801262,moving,-16.85993,-10.75486,-14.48452,10.12835,4.9756727378101555,-0.12666878790024477
05/04/2023 16:18:20.302626,205,True,True,True,True,Eyes,0.1126791,0.1374979,-3.075911,-0.2776989,-0.1778076,0.9440697,0.0,0.0,0.0,0.0,0.0,0.0,0.0,0.1497658,0.4196592,2.852947,0.006907415,0.1271128,-2.884726,0.09508578,-0.02663513,0.01051161,0.9950572,10.94062,357.022,0.9252273,0.05096729,0.04435116,-0.9977148,0.0,0.0,0.0,-0.5894359,0.08896402,-0.9700456,-0.4906514,0.339291,1.915,0.9983602,0.01585407,0.05500597,-0.02598456,0.9816964,0.1886716,-0.05100795,-0.1897915,0.9804986,moving,-16.39129,-10.66623,-14.37089,10.04714,4.991168911200701,-0.12634220106390467
05/04/2023 16:18:20.322526,206,True,True,True,True,Eyes,0.1074822,0.1370556,-3.067199,-0.2698551,-0.1768541,0.9465204,0.0,0.0,0.0,0.0,0.0,0.0,0.0,0.1202971,0.4219221,2.845056,0.0008460474,0.1271995,-2.875874,0.09573604,-0.02053504,0.01043304,0.9951402,11.0094,357.7304,0.9825791,0.04952827,0.04437916,-0.997786,0.0,0.0,0.0,-0.5681944,0.08368272,-0.9544636,-0.4868019,0.336629,1.915,0.9989389,0.0168328,0.04286813,-0.02469657,0.9814515,0.1901131,-0.03887286,-0.1909701,0.9808259,moving,-15.91297,-10.58348,-14.26276,9.969905,5.007083442717326,-0.12586392986408368
05/04/2023 16:18:20.332085,207,True,True,True,True,Eyes,0.1023052,0.1366662,-3.058475,-0.2622394,-0.1760131,0.948815,0.0,0.0,0.0,0.0,0.0,0.0,0.0,0.08972376,0.4242391,2.837126,-0.005191984,0.128968,-2.867169,0.09667265,-0.014248,0.00964703,0.9951674,11.10957,358.4529,0.960329,0.04807468,0.0444029,-0.997856,0.0,0.0,0.0,-0.5460913,0.07980295,-0.9391528,-0.4831162,0.3340803,1.915,0.9994079,0.01644604,0.0302235,-0.02195561,0.9811226,0.1921361,-0.02649308,-0.1926859,0.9809028,moving,-15.45007,-10.50938,-14.15913,9.895915,5.02256117188436,-0.12528862700665114
05/04/2023 16:18:20.352157,208,True,True,True,True,Eyes,0.09710836,0.1363844,-3.049729,-0.2544325,-0.1752033,0.9510878,0.0,0.0,0.0,0.0,0.0,0.0,0.0,0.05977396,0.422729,2.829203,-0.01108296,0.1296528,-2.858274,0.09676555,-0.008083828,0.008470735,0.9952384,11.11311,359.1562,0.8931992,0.04660752,0.04442454,-0.9979247,0.0,0.0,0.0,-0.5238591,0.0782849,-0.9241111,-0.4791285,0.3313228,1.915,0.9997258,0.01529633,0.01773002,-0.01842527,0.9811294,0.1924726,-0.01445132,-0.1927465,0.9811422,moving,-14.97691,-10.43764,-14.0469,9.81583,5.038432971511993,-0.1246253394235684
05/04/2023 16:18:20.372185,209,True,True,True,True,Eyes,0.09189125,0.1362759,-3.040971,-0.2467564,-0.174454,0.9532455,0.0,0.0,0.0,0.0,0.0,0.0,0.0,0.02829256,0.4194466,2.821165,-0.01692675,0.1320909,-2.849205,0.09686042,-0.001654887,0.006710374,0.9952739,11.11784,359.8835,0.7612587,0.04512697,0.04444781,-0.9979917,0.0,0.0,0.0,-0.5005512,0.07914496,-0.9089623,-0.4753549,0.3287134,1.915,0.9999045,0.01303674,0.004594072,-0.01367791,0.9811461,0.1927831,-0.001994194,-0.1928275,0.9812307,moving,-14.51298,-10.37097,-13.9406,9.740009,5.0540419407575925,-0.1239059949545262
05/04/2023 16:18:20.382236,210,True,True,True,True,Eyes,0.0866598,0.1363605,-3.032198,-0.2388588,-0.1736019,0.9554103,0.0,0.0,0.0,0.0,0.0,0.0,0.0,-0.004784962,0.4111579,2.813662,-0.02242772,0.1357453,-2.840218,0.09629368,0.005023685,0.00478465,0.9953288,11.04849,0.6376095,0.6125172,0.04363244,0.04447826,-0.9980568,0.0,0.0,0.0,-0.4758744,0.08387253,-0.8940166,-0.4716168,0.3261283,1.915,0.9999037,0.0104921,-0.009078972,-0.008557102,0.9814093,0.1917358,0.0109219,-0.1916397,0.9814046,moving,-14.0366,-10.29851,-13.8352,9.664864,5.070018798642997,-0.12324255041379237
05/04/2023 16:18:20.402422,211,True,True,True,True,Eyes,0.08141389,0.1365329,-3.023409,-0.2310821,-0.1726787,0.9574879,0.0,0.0,0.0,0.0,0.0,0.0,0.0,-0.03930419,0.394487,2.807095,-0.02821017,0.1407495,-2.831314,0.09449047,0.01202312,0.002301817,0.9954506,10.83993,1.421919,0.3998914,0.04212384,0.0445216,-0.9981197,0.0,0.0,0.0,-0.4497586,0.0949805,-0.8792254,-0.4676135,0.32336,1.915,0.9997003,0.006854829,-0.02350184,-0.002310549,0.9821325,0.1881765,0.02437184,-0.1880658,0.981854,moving,-13.56842,-10.22315,-13.72222,9.584352,5.085667785527821,-0.12266848227532154
05/04/2023 16:18:20.422172,212,True,True,True,True,Eyes,0.07616848,0.1367617,-3.014606,-0.223047,-0.1717424,0.9595596,0.0,0.0,0.0,0.0,0.0,0.0,0.0,-0.07300144,0.3799028,2.799703,-0.03348706,0.1434275,-2.822463,0.0926665,0.01885456,-3.318638e-05,0.9955187,10.6322,2.188637,0.1998585,0.04060108,0.04457953,-0.9981802,0.0,0.0,0.0,-0.4237337,0.1035892,-0.8651596,-0.4635953,0.3205813,1.914999,0.999289,0.003428296,-0.03754628,0.003560446,0.9828259,0.1845012,0.03753397,-0.1845037,0.9821149,moving,-13.08587,-10.14738,-13.60871,9.503501,5.1018213471314615,-0.1220410223332867
05/04/2023 16:18:20.432540,213,True,True,True,True,Eyes,0.07095838,0.1370436,-3.005811,-0.2152403,-0.1709268,0.9614862,0.0,0.0,0.0,0.0,0.0,0.0,0.0,-0.1097038,0.3723422,2.790429,-0.03892048,0.1445085,-2.81332,0.09182784,0.02634698,-0.001327516,0.9954254,10.53788,3.044111,0.1279736,0.03906484,0.04465258,-0.9982383,0.0,0.0,0.0,-0.3958898,0.1059816,-0.8509094,-0.4599697,0.3180743,1.915,0.9986082,0.002195888,-0.05269672,0.007481659,0.9831318,0.1827456,0.05220911,-0.1828855,0.981747,moving,-12.61831,-10.08036,-13.50619,9.430519,5.117554635922319,-0.12131282274541133
05/04/2023 16:18:20.452511,214,True,True,True,True,Eyes,0.06576973,0.1373554,-2.99702,-0.2072125,-0.1702375,0.9633702,0.0,0.0,0.0,0.0,0.0,0.0,0.0,-0.1437681,0.3708354,2.78068,-0.0437905,0.1460826,-2.804837,0.09212337,0.03336703,-0.001262736,0.9951876,10.57045,3.860227,0.2118338,0.03751656,0.04474108,-0.9982937,0.0,0.0,0.0,-0.3692879,0.1030921,-0.8384273,-0.4559804,0.3153155,1.915,0.9977701,0.003634448,-0.06664557,0.008661085,0.9830233,0.1832758,0.06618026,-0.1834444,0.9807999,moving,-12.13888,-10.0213,-13.39329,9.350178,5.133810487481545,-0.12038452940741096
05/04/2023 16:18:20.472299,215,True,True,True,True,Eyes,0.0606182,0.137656,-2.988237,-0.1993894,-0.169754,0.9651049,0.0,0.0,0.0,0.0,0.0,0.0,0.0,-0.1756568,0.3740061,2.769905,-0.04860288,0.1471552,-2.796264,0.09316824,0.04004486,-0.0009124355,0.9948444,10.6873,4.640888,0.3292248,0.03595684,0.04484463,-0.9983464,0.0,0.0,0.0,-0.3441243,0.09669118,-0.8266159,-0.4521282,0.3126518,1.915,0.9967911,0.005646354,-0.07984682,0.00927728,0.9826377,0.1853027,0.07950678,-0.1854489,0.9794322,moving,-11.673,-9.975812,-13.28417,9.272565,5.149758611495599,-0.11925873432946005
05/04/2023 16:18:20.482349,216,True,True,True,True,Eyes,0.05549865,0.1379099,-2.979459,-0.1913743,-0.1693276,0.9668009,0.0,0.0,0.0,0.0,0.0,0.0,0.0,-0.2066675,0.3766127,2.75893,-0.05292802,0.1472354,-2.787788,0.0939385,0.04651999,-0.0005751743,0.9944904,10.77166,5.398195,0.4430308,0.03438807,0.0449614,-0.9983965,0.0,0.0,0.0,-0.3192015,0.09043221,-0.8154493,-0.4482608,0.3099774,1.915,0.9956711,0.007596025,-0.09263542,0.009884046,0.9823505,0.1867884,0.09241931,-0.1868954,0.9780229,moving,-11.19673,-9.934148,-13.17452,9.194609,5.166124077354739,-0.1180168828771608
05/04/2023 16:18:20.502622,217,True,True,True,True,Eyes,0.05060772,0.1381138,-2.970711,-0.1806492,-0.1687787,0.968958,0.0,0.0,0.0,0.0,0.0,0.0,0.0,-0.2365182,0.3778391,2.74775,-0.05741376,0.1463888,-2.779228,0.09431327,0.05284345,-0.0006248405,0.9941389,10.812,6.133553,0.5089658,0.03281016,0.0450887,-0.9984438,0.0,0.0,0.0,-0.2948171,0.08506056,-0.8046618,-0.4443077,0.3072437,1.915,0.9944143,0.008725321,-0.1051853,0.01121003,0.9822093,0.187455,0.1049496,-0.187587,0.9766251,moving,-10.56078,-9.880974,-13.06234,9.114889,5.188007764130994,-0.11631245566104564
05/04/2023 16:18:20.522168,218,True,True,True,True,Eyes,0.04575413,0.1383247,-2.961958,-0.1698858,-0.1682189,0.9710001,0.0,0.0,0.0,0.0,0.0,0.0,0.0,-0.2644051,0.376778,2.736971,-0.06131528,0.1456019,-2.770906,0.09430464,0.05871483,-0.001340755,0.9938096,10.81271,6.808697,0.4905294,0.03123132,0.04522381,-0.9984883,0.0,0.0,0.0,-0.2715783,0.08182885,-0.7946069,-0.440488,0.3046024,1.915,0.9931015,0.008409251,-0.1169556,0.01373907,0.9822096,0.1872842,0.1164498,-0.1875991,0.9753184,moving,-9.924001,-9.828535,-12.95385,9.03783,5.209930229045144,-0.114590687841575
05/04/2023 16:18:20.532037,219,True,True,True,True,Eyes,0.04073368,0.1385744,-2.953174,-0.1574094,-0.1662302,0.9734423,0.0,0.0,0.0,0.0,0.0,0.0,0.0,-0.2914627,0.3737789,2.725701,-0.06533296,0.1454802,-2.762006,0.09412365,0.06447169,-0.002903389,0.9934666,10.80061,7.461197,0.3714293,0.02965191,0.04536629,-0.99853,0.0,0.0,0.0,-0.2487655,0.08050171,-0.7843018,-0.436745,0.3020141,1.915,0.99167,0.00636778,-0.1286475,0.01790546,0.9822646,0.186643,0.1275544,-0.1873917,0.9739683,moving,-9.185443,-9.690658,-12.84744,8.962285,5.2343745283749055,-0.1140421585801733
05/04/2023 16:18:20.552224,220,True,True,True,True,Eyes,0.03578109,0.1388326,-2.944374,-0.1449623,-0.1641112,0.9757322,0.0,0.0,0.0,0.0,0.0,0.0,0.0,-0.3172709,0.3585756,2.716255,-0.06899484,0.1466342,-2.753365,0.091961,0.06996355,-0.004718756,0.9932905,10.56485,8.076905,0.2036234,0.02806491,0.04551696,-0.9985691,0.0,0.0,0.0,-0.2264289,0.08825404,-0.7744809,-0.4328488,0.2993198,1.915,0.9901657,0.003493646,-0.1398561,0.02224202,0.9830418,0.1820277,0.1381204,-0.1833482,0.9732966,moving,-8.450492,-9.547381,-12.73658,8.883613,5.258622037499897,-0.11361046980647732
05/04/2023 16:18:20.572215,221,True,True,True,True,Eyes,0.03092923,0.1390733,-2.935576,-0.132791,-0.1619696,0.9778202,0.0,0.0,0.0,0.0,0.0,0.0,0.0,-0.3428641,0.3401682,2.706473,-0.07249912,0.1471245,-2.744333,0.08907161,0.07547542,-0.005769989,0.9931447,10.24124,8.702193,0.1155484,0.02647223,0.04567542,-0.9986053,0.0,0.0,0.0,-0.2040465,0.09771202,-0.764563,-0.4289722,0.2966391,1.914999,0.9885404,0.001984569,-0.1509439,0.02490631,0.9840659,0.176051,0.1488882,-0.177793,0.9727395,moving,-7.733635,-9.405273,-12.62619,8.805303,5.282242530459165,-0.11323373962371797
05/04/2023 16:18:20.590843,222,True,True,True,True,Eyes,0.02617342,0.1393311,-2.926786,-0.1206728,-0.1598618,0.9797359,0.0,0.0,0.0,0.0,0.0,0.0,0.0,-0.3673655,0.3272939,2.696126,-0.0751897,0.1468963,-2.73568,0.08692127,0.08075039,-0.004460373,0.9929271,9.981683,9.325082,0.301367,0.0248779,0.04584032,-0.9986386,0.0,0.0,0.0,-0.1824539,0.1023083,-0.7555464,-0.4251586,0.294002,1.915,0.9869189,0.005180205,-0.1611339,0.02289551,0.9848496,0.1718926,0.1595831,-0.1733333,0.9718481,moving,-7.021683,-9.267189,-12.51749,8.728234,5.305740298029704,-0.11280222518541771
05/04/2023 16:18:20.602278,223,True,True,True,True,Eyes,0.02148791,0.139602,-2.918005,-0.1089045,-0.157988,0.9814172,0.0,0.0,0.0,0.0,0.0,0.0,0.0,-0.3910864,0.3230151,2.684788,-0.07774695,0.1475456,-2.727189,0.08648854,0.0858766,-0.00326771,0.9925393,9.918538,9.932309,0.486733,0.02328382,0.04601177,-0.9986691,0.0,0.0,0.0,-0.1610738,0.1010225,-0.7472197,-0.4211334,0.2912184,1.915,0.985229,0.008368021,-0.171037,0.02134134,0.9850181,0.1711253,0.1699066,-0.1722478,0.9702899,moving,-6.332009,-9.144986,-12.40267,8.646852,5.3286501266582595,-0.11216691642351781
05/04/2023 16:18:20.622101,224,True,True,True,True,Eyes,0.01691223,0.1399011,-2.909242,-0.09716919,-0.1563422,0.9829116,0.0,0.0,0.0,0.0,0.0,0.0,0.0,-0.4162916,0.3228492,2.672665,-0.0797575,0.1481483,-2.718889,0.08682688,0.09118712,-0.002628305,0.9920379,9.947775,10.55739,0.6177943,0.02169116,0.0461897,-0.9986967,0.0,0.0,0.0,-0.1384138,0.09708993,-0.7393574,-0.417267,0.2885448,1.915,0.983356,0.01062023,-0.1813786,0.02104975,0.9849083,0.1717918,0.1804658,-0.1727505,0.968292,moving,-5.645832,-9.037774,-12.29227,8.56865,5.351626961007213,-0.11126468936623293
05/04/2023 16:18:20.632172,225,True,True,True,True,Eyes,0.01247772,0.1402245,-2.900509,-0.08591989,-0.1550616,0.9841614,0.0,0.0,0.0,0.0,0.0,0.0,0.0,-0.4412763,0.3312714,2.659307,-0.08180042,0.1491433,-2.710616,0.0888562,0.09648293,-0.002470854,0.9913574,10.17488,11.18097,0.7129441,0.02010297,0.04637447,-0.9987214,0.0,0.0,0.0,-0.1158363,0.08723557,-0.7319739,-0.4135395,0.2859672,1.915,0.9813699,0.01224721,-0.1917373,0.02204521,0.9841969,0.1756997,0.190859,-0.1766533,0.9655913,moving,-4.989422,-8.953753,-12.18576,8.493227,5.373843340910021,-0.11005310324691839
05/04/2023 16:18:20.652351,226,True,True,True,True,Eyes,0.00816521,0.1405456,-2.891805,-0.07471509,-0.1540135,0.9852398,0.0,0.0,0.0,0.0,0.0,0.0,0.0,-0.4654808,0.3429826,2.645683,-0.08361989,0.1502447,-2.702662,0.0916117,0.1015713,-0.003621177,0.9905946,10.50001,11.77004,0.6664081,0.01852272,0.04656633,-0.9987431,0.0,0.0,0.0,-0.09344587,0.07511596,-0.7253956,-0.4096831,0.2833005,1.915,0.9793404,0.011436,-0.2018954,0.02578447,0.9831883,0.1807645,0.2005684,-0.1822357,0.9625812,moving,-4.336692,-8.884624,-12.07547,8.415165,5.396118972490166,-0.10857723782470541
05/04/2023 16:18:20.672293,227,True,True,True,True,Eyes,-0.09642265,0.1485846,-2.674881,0.1942879,-0.1287683,0.9724562,0.0,0.0,0.0,0.0,0.0,0.0,0.0,-0.4902309,0.35071,2.631929,-0.0850063,0.1506279,-2.694524,0.09354091,0.1067182,-0.004894163,0.9898673,10.7329,12.36295,0.5992592,0.0169527,0.04676461,-0.9987617,0.0,0.0,0.0,-0.07030667,0.06546117,-0.7189043,-0.4057164,0.2805574,1.915,0.9771746,0.01027589,-0.2121893,0.02965418,0.9824523,0.1841416,0.2103581,-0.1862308,0.9597227,moving,11.29841,-7.542971,-11.96194,8.334834,5.93370096943781,-0.06731880070330382
05/04/2023 16:18:20.692278,228,True,True,True,True,Eyes,-0.0964577,0.1485934,-2.674553,0.1946351,-0.1288846,0.9723713,0.0,0.0,0.0,0.0,0.0,0.0,0.0,-0.5125846,0.3582775,2.618613,-0.08629729,0.1508595,-2.68664,0.09548581,0.1113888,-0.006946542,0.9891546,10.97893,12.89227,0.4394674,0.009373029,0.04804632,-0.9988008,-0.3137636,0.02411704,0.6507711,-0.04905555,0.05598663,-0.7128959,-0.401956,0.2779571,1.915,0.9750885,0.007529694,-0.2216881,0.03501451,0.9816684,0.1873529,0.2190349,-0.190448,0.9569499,moving,11.31904,-7.550354,-11.85422,8.258654,5.934526954063499,-0.06709230695100515
05/04/2023 16:18:20.702270,229,True,True,True,True,Eyes,-0.09651629,0.1486196,-2.673911,0.1948722,-0.1290976,0.9722956,0.0,0.0,0.0,0.0,0.0,0.0,0.0,-0.5328152,0.3624448,2.605813,-0.08763459,0.1510705,-2.678622,0.09689237,0.1156644,-0.009907954,0.9885016,11.17747,13.3638,0.1650457,0.003180493,0.0490858,-0.9987892,-0.2949378,0.02267002,0.6117249,-0.02919049,0.04877381,-0.7069284,-0.3980711,0.2752708,1.915,0.9730472,0.002825943,-0.230589,0.04200206,0.9810274,0.1892646,0.2267489,-0.1938485,0.9544672,moving,11.33334,-7.563272,-11.74285,8.179923,5.935198917433868,-0.06678868540674027
05/04/2023 16:18:20.717804,230,True,True,True,True,Eyes,-0.09660327,0.1486644,-2.672958,0.1954364,-0.1292644,0.9721602,0.0,0.0,0.0,0.0,0.0,0.0,0.0,-0.5543593,0.3609538,2.593233,-0.08848393,0.1514826,-2.670521,0.09727202,0.120155,-0.01240665,0.9879003,11.25475,13.86271,359.9335,-0.001896742,0.04993306,-0.9987505,-0.2772415,0.02130982,0.5750214,-0.007476168,0.04506036,-0.7011976,-0.3935103,0.2721168,1.915,0.9708177,-0.001137627,-0.2398159,0.0478885,0.9807685,0.1892087,0.2349887,-0.1951716,0.9522018,moving,11.36684,-7.573971,-11.61198,8.087449,5.936523751440348,-0.0664451396874983
05/04/2023 16:18:20.732265,231,True,True,True,True,Eyes,-0.09664749,0.1487235,-2.671716,0.1958523,-0.1292363,0.9720801,0.0,0.0,0.0,0.0,0.0,0.0,0.0,-0.5748258,0.3534657,2.581268,-0.08935419,0.1519134,-2.662188,0.09655146,0.1244978,-0.01493995,0.987398,11.20906,14.34132,359.6809,-0.006074103,0.05062754,-0.9986989,-0.260607,0.02003123,0.5405201,0.01222849,0.04663322,-0.6946602,-0.390445,0.2699971,1.914999,0.9685542,-0.00546247,-0.2487428,0.05354425,0.9809092,0.1869494,0.2429729,-0.1943894,0.9503562,moving,11.39131,-7.572961,-11.52396,8.025274,5.937378993666151,-0.06636008278031752
05/04/2023 16:18:20.752436,232,True,True,True,True,Eyes,-0.0967053,0.1487929,-2.670173,0.196599,-0.1290644,0.9719523,0.0,0.0,0.0,0.0,0.0,0.0,0.0,-0.5957408,0.340288,2.569627,-0.0897893,0.1522415,-2.653761,0.09472618,0.128915,-0.01715332,0.9869719,11.0349,14.8301,359.4491,-0.009521087,0.0512004,-0.9986428,-0.2449706,0.01882935,0.5080889,0.03333866,0.05174331,-0.6883303,-0.3866211,0.2673528,1.915,0.9661734,-0.009436434,-0.2577208,0.05828296,0.9814654,0.1825615,0.2512213,-0.1914068,0.9488157,moving,11.43506,-7.56399,-11.41407,7.947683,5.938816760005226,-0.06634269433692133
05/04/2023 16:18:20.772252,233,True,True,True,True,Eyes,-0.0967373,0.1488559,-2.668349,0.1971903,-0.1286547,0.9718868,0.0,0.0,0.0,0.0,0.0,0.0,0.0,-0.6162993,0.3258699,2.557679,-0.09027762,0.1524811,-2.645059,0.09266334,0.1333349,-0.01937388,0.9865394,10.836,15.31946,359.2115,-0.01237571,0.05167647,-0.998587,-0.2302724,0.01769959,0.4776036,0.05446396,0.05755815,-0.6819503,-0.3827344,0.264665,1.915,0.9636929,-0.01351568,-0.2666708,0.06293671,0.9820763,0.1776657,0.2594897,-0.1879985,0.9472706,moving,11.4693,-7.540759,-11.30229,7.868789,5.939735391971096,-0.06663378690668409
05/04/2023 16:18:20.782768,234,True,True,True,True,Eyes,-0.09675468,0.1488962,-2.666247,0.1981036,-0.1281441,0.9717686,0.0,0.0,0.0,0.0,0.0,0.0,0.0,-0.6361325,0.3099944,2.545778,-0.09064982,0.1523275,-2.636348,0.09016756,0.1376723,-0.02079414,0.9861459,10.57732,15.80765,359.0566,-0.01475596,0.05207646,-0.9985338,-0.216456,0.01663762,0.4489473,0.07523423,0.06443141,-0.6756988,-0.3788519,0.2619804,1.915,0.9612279,-0.01618496,-0.2752798,0.06583925,0.9828748,0.1721112,0.26778,-0.1835623,0.9458323,moving,11.52236,-7.512074,-11.19055,7.789958,5.941252181730034,-0.06694737951776908
05/04/2023 16:18:20.802628,235,True,True,True,True,Eyes,-0.09673537,0.1488933,-2.663886,0.1989187,-0.1276006,0.9716736,0.0,0.0,0.0,0.0,0.0,0.0,0.0,-0.6565162,0.2989436,2.532854,-0.09041969,0.151777,-2.627645,0.08851269,0.1420332,-0.02211192,0.9856486,10.41438,16.30196,358.9254,-0.01690152,0.05244206,-0.9984806,-0.2034687,0.01563936,0.4220105,0.09673332,0.0674132,-0.6698986,-0.3748369,0.259204,1.915,0.9586752,-0.01844568,-0.283904,0.06873264,0.9833531,0.1682036,0.2760753,-0.1807661,0.9439842,moving,11.5696,-7.481296,-11.0749,7.7084,5.942535820684993,-0.06732505997125598
05/04/2023 16:18:20.812540,236,True,True,True,True,Eyes,-0.0966891,0.1488356,-2.661273,0.2000646,-0.1271144,0.971502,0.0,0.0,0.0,0.0,0.0,0.0,0.0,-0.6775185,0.2911954,2.519221,-0.09000583,0.1508675,-2.619053,0.08743192,0.1465012,-0.02347347,0.9850595,10.31903,16.80992,358.7986,-0.01883485,0.0527757,-0.9984285,-0.1912605,0.014701,0.3966899,0.1187512,0.06773307,-0.6645622,-0.3708559,0.2564511,1.915,0.9559728,-0.02062777,-0.2927293,0.07186327,0.9836093,0.1653735,0.28452,-0.179129,0.9417862,moving,11.63643,-7.454414,-10.96014,7.627502,5.9445641049257025,-0.06754621394961885
05/04/2023 16:18:20.832279,237,True,True,True,True,Eyes,-0.09663542,0.148758,-2.658414,0.2011673,-0.1268394,0.9713103,0.0,0.0,0.0,0.0,0.0,0.0,0.0,-0.6993676,0.289093,2.504309,-0.08958799,0.1494305,-2.610345,0.08736049,0.1511572,-0.02487429,0.9843277,10.34079,17.34182,358.686,-0.02057655,0.05307908,-0.998378,-0.1797849,0.01381894,0.3728885,0.1411431,0.06368387,-0.659467,-0.3671776,0.2539074,1.915,0.9530656,-0.02255858,-0.3019225,0.07537924,0.9834988,0.1644628,0.2932304,-0.1795025,0.9390393,moving,11.70105,-7.439919,-10.85403,7.552722,5.946671864135639,-0.06754392511875612
05/04/2023 16:18:20.852542,238,True,True,True,True,Eyes,-0.09654365,0.1486394,-2.655324,0.2025049,-0.1266161,0.9710613,0.0,0.0,0.0,0.0,0.0,0.0,0.0,-0.7195278,0.2937377,2.489007,-0.08911322,0.1488085,-2.601745,0.08868521,0.1554932,-0.0257374,0.9835113,10.51249,17.84465,358.6569,-0.02214598,0.05335508,-0.9983298,-0.1689978,0.0129898,0.3505152,0.1622273,0.05475728,-0.654863,-0.3633372,0.2512517,1.915,0.9503189,-0.02304615,-0.3104238,0.07820595,0.9829451,0.1664418,0.3012936,-0.1824498,0.9359136,moving,11.77962,-7.428849,-10.74316,7.474625,5.949318176836481,-0.06741794347836508
05/04/2023 16:18:20.872213,239,True,True,True,True,Eyes,-0.09638645,0.1484641,-2.652016,0.203627,-0.1265881,0.9708303,0.0,0.0,0.0,0.0,0.0,0.0,0.0,-0.7367089,0.2937379,2.47493,-0.0882187,0.1477827,-2.593198,0.08894906,0.1592336,-0.02597159,0.9828827,10.55178,18.28237,358.6754,-0.02355934,0.05360542,-0.998284,-0.1588579,0.01221041,0.3294843,0.1813732,0.04954857,-0.6500409,-0.3594275,0.2485482,1.915,0.9479403,-0.0227267,-0.3176362,0.07938141,0.9828271,0.1665819,0.3083956,-0.1831241,0.9334655,moving,11.8458,-7.428971,-10.63021,7.39509,5.9516675806903185,-0.06713426502087855
05/04/2023 16:18:20.882705,240,True,True,True,True,Eyes,-0.09616354,0.1482262,-2.648491,0.2048883,-0.1266041,0.9705628,0.0,0.0,0.0,0.0,0.0,0.0,0.0,-0.7484086,0.296672,2.461759,-0.08707775,0.1462401,-2.584456,0.08954913,0.1618988,-0.02534802,0.982409,10.61189,18.60354,358.7869,-0.02482971,0.05383097,-0.9982411,-0.1493264,0.01147779,0.3097152,0.1962783,0.04261602,-0.6445845,-0.3555891,0.2458938,1.915,0.9462926,-0.02080845,-0.3226414,0.07880002,0.9826769,0.1677401,0.3135618,-0.1841554,0.9315395,moving,11.92027,-7.431926,-10.51923,7.316974,5.954347194500469,-0.06676208690143065
05/04/2023 16:18:20.902557,241,True,True,True,True,Eyes,-0.0958529,0.1479446,-2.64476,0.2059615,-0.1267769,0.9703131,0.0,0.0,0.0,0.0,0.0,0.0,0.0,-0.7589602,0.2991247,2.448932,-0.08533607,0.1445211,-2.575771,0.09006038,0.1642309,-0.02504997,0.9819826,10.66716,18.88225,358.8563,-0.02596943,0.05403237,-0.9982012,-0.1403669,0.01078912,0.2911323,0.2106828,0.03581038,-0.639154,-0.3515702,0.2431148,1.915,0.9448014,-0.01961589,-0.3270557,0.07877866,0.9825232,0.1686475,0.3180317,-0.1851034,0.9298347,moving,11.9839,-7.443853,-10.40295,7.235162,5.956756593360035,-0.06626735114788748
05/04/2023 16:18:20.921989,242,True,True,True,True,Eyes,-0.09545569,0.1476258,-2.640824,0.2071872,-0.1269553,0.9700288,0.0,0.0,0.0,0.0,0.0,0.0,0.0,-0.7705929,0.2999744,2.435926,-0.08333418,0.1431469,-2.567119,0.09036596,0.1667464,-0.02497906,0.9815323,10.70338,19.1799,358.8979,-0.02698907,0.05421092,-0.9981645,-0.1319448,0.01014177,0.2736644,0.2260865,0.03017563,-0.6339114,-0.3475687,0.2403477,1.915,0.9431434,-0.01889912,-0.3318484,0.07917191,0.9824201,0.1690639,0.3228194,-0.1857246,0.9280593,moving,12.05657,-7.45637,-10.28709,7.153672,5.9594942215549995,-0.06572308870121132
05/04/2023 16:18:20.932488,243,True,True,True,True,Eyes,-0.09493847,0.1472746,-2.636697,0.2082881,-0.1271706,0.9697648,0.0,0.0,0.0,0.0,0.0,0.0,0.0,-0.7821648,0.2989657,2.422838,-0.0809456,0.1419416,-2.558243,0.09041151,0.1692034,-0.025347,0.9810981,10.71843,19.46561,358.8838,-0.02789694,0.05436784,-0.9981309,-0.1240281,0.009533267,0.2572445,0.2413095,0.02606662,-0.6282456,-0.3440181,0.2378923,1.915,0.9414555,-0.01913993,-0.3365936,0.08033167,0.9823666,0.1688275,0.3274269,-0.1859827,0.9263919,moving,12.12195,-7.470879,-10.18421,7.081336,5.9619986135437975,-0.06517237823042438
05/04/2023 16:18:20.952406,244,True,True,True,True,Eyes,-0.09432718,0.1468752,-2.632374,0.2095063,-0.1273436,0.9694797,0.0,0.0,0.0,0.0,0.0,0.0,0.0,-0.7930377,0.2937143,2.410201,-0.07834531,0.1408979,-2.549168,0.08976374,0.1715019,-0.02649391,0.9807281,10.67018,19.72294,358.7652,-0.0286997,0.05450444,-0.9981008,-0.1165865,0.008961271,0.2418098,0.2565356,0.02463157,-0.6223572,-0.3401577,0.2352229,1.915,0.9397703,-0.02117735,-0.3411498,0.08275594,0.9824811,0.1669801,0.3316371,-0.1851551,0.9250591,moving,12.19421,-7.483101,-10.07228,7.002667,5.964717936363761,-0.06463540416457403
05/04/2023 16:18:20.972082,245,True,True,True,True,Eyes,-0.09359811,0.14644,-2.627869,0.2106056,-0.1275603,0.9692129,0.0,0.0,0.0,0.0,0.0,0.0,0.0,-0.8028908,0.2895894,2.397722,-0.07552222,0.139319,-2.540168,0.08921722,0.1735643,-0.02756402,0.9803856,10.63215,19.95368,358.6546,-0.02940469,0.05462136,-0.9980739,-0.1095913,0.008423595,0.2273012,0.2711726,0.02213123,-0.6165528,-0.3361214,0.2324318,1.915,0.9382313,-0.02307688,-0.3452382,0.08501658,0.9825611,0.1653663,0.3354015,-0.1845028,0.9238315,moving,12.25953,-7.497733,-9.955168,6.920387,5.967221767446223,-0.06408263676299164
05/04/2023 16:18:20.982265,246,True,True,True,True,Eyes,-0.09275649,0.145963,-2.623176,0.2118074,-0.1277595,0.9689247,0.0,0.0,0.0,0.0,0.0,0.0,0.0,-0.8126858,0.2857329,2.3852,-0.07242294,0.1379807,-2.531204,0.08877798,0.1755763,-0.02865733,0.9800358,10.60717,20.17864,358.5428,-0.03001694,0.05471954,-0.9980502,-0.1030158,0.007918179,0.2136632,0.2856091,0.01962294,-0.6107038,-0.332369,0.2298371,1.915,0.9367034,-0.02499579,-0.3492305,0.08734504,0.9825945,0.1639481,0.3390539,-0.1840743,0.9225829,moving,12.33091,-7.511518,-9.846222,6.843869,5.969929791974468,-0.06352002447301955
05/04/2023 16:18:21.002253,247,True,True,True,True,Eyes,-0.09179138,0.1454469,-2.618317,0.2129297,-0.127975,0.9686502,0.0,0.0,0.0,0.0,0.0,0.0,0.0,-0.8213053,0.2830608,2.372554,-0.06893561,0.1365331,-2.521961,0.08854456,0.1773087,-0.02963941,0.9797159,10.60328,20.37235,358.4448,-0.03054311,0.05479987,-0.9980299,-0.09683485,0.007443088,0.2008434,0.2993409,0.01616029,-0.6044949,-0.328554,0.2271987,1.915,0.9353663,-0.02667696,-0.3526731,0.08947583,0.9825627,0.1629863,0.3421755,-0.1840076,0.921443,moving,12.39764,-7.526151,-9.735376,6.766036,5.972483657968537,-0.06296124321312621
05/04/2023 16:18:21.022678,248,True,True,True,True,Eyes,-0.09070829,0.1449021,-2.613287,0.2141391,-0.1281324,0.9683628,0.0,0.0,0.0,0.0,0.0,0.0,0.0,-0.8302106,0.2803234,2.360035,-0.06557072,0.1351221,-2.512974,0.08826593,0.1791302,-0.030392,0.9793866,10.59008,20.57891,358.373,-0.03098585,0.0548628,-0.9980128,-0.09102476,0.006996503,0.1887928,0.3134823,0.01270385,-0.5987674,-0.3244744,0.2243777,1.915,0.9339774,-0.02790885,-0.3562405,0.09115322,0.9825708,0.1620047,0.3455102,-0.1837812,0.920243,moving,12.46944,-7.537509,-9.616766,6.68279,5.975175649388429,-0.062442465652562396
05/04/2023 16:18:21.032333,249,True,True,True,True,Eyes,-0.08948436,0.1443294,-2.608099,0.2153615,-0.1282302,0.9680787,0.0,0.0,0.0,0.0,0.0,0.0,0.0,-0.837805,0.2755503,2.347969,-0.0616472,0.1338428,-2.503815,0.08754278,0.180625,-0.0307607,0.9791653,10.51833,20.74999,358.3322,-0.0313509,0.05490952,-0.9979982,-0.08556327,0.006576712,0.1774652,0.326486,0.01149817,-0.5923266,-0.3208595,0.2218779,1.915,0.9328568,-0.02861481,-0.3591091,0.09186445,0.98278,0.1603254,0.3483377,-0.18255,0.9194218,moving,12.54194,-7.545389,-9.511597,6.609003,5.9778481456594585,-0.061986088034851894
05/04/2023 16:18:21.052333,250,True,True,True,True,Eyes,-0.08814132,0.1437351,-2.60275,0.2166649,-0.1282609,0.9677837,0.0,0.0,0.0,0.0,0.0,0.0,0.0,-0.8458934,0.2700166,2.335697,-0.05769638,0.1326162,-2.494596,0.08660296,0.1822575,-0.03065277,0.9789498,10.41247,20.94174,358.3426,-0.03163958,0.05494076,-0.997987,-0.08042947,0.006182109,0.1668173,0.3402806,0.01098946,-0.5860571,-0.3169305,0.219161,1.915,0.9316852,-0.02844695,-0.3621511,0.09158311,0.9831207,0.1583865,0.3515326,-0.1807333,0.9185643,moving,12.61915,-7.549447,-9.397214,6.528777,5.980639023951034,-0.06158152676846984
05/04/2023 16:18:21.072282,251,True,True,True,True,Eyes,-0.08668849,0.1431264,-2.597246,0.2179901,-0.1282362,0.9674894,0.0,0.0,0.0,0.0,0.0,0.0,0.0,-0.8544371,0.2649903,2.323185,-0.05354785,0.1314178,-2.485424,0.08578357,0.183953,-0.03063212,0.9787055,10.3222,21.1403,358.3458,-0.03185501,0.05495757,-0.9979791,-0.0756037,0.005811183,0.1568083,0.3544675,0.01005196,-0.5799388,-0.3130424,0.2164724,1.915,0.9304459,-0.02839935,-0.365327,0.09151993,0.9834057,0.1566439,0.3548162,-0.1791834,0.9176049,moving,12.69758,-7.550279,-9.283949,6.449364,5.983432066850749,-0.06123241763837323
05/04/2023 16:18:21.091844,252,True,True,True,True,Eyes,-0.08512101,0.1425458,-2.591591,0.2193701,-0.1282571,0.9671747,0.0,0.0,0.0,0.0,0.0,0.0,0.0,-0.8624723,0.2617124,2.310609,-0.049319,0.1305383,-2.476246,0.08539706,0.185529,-0.03073233,0.9784384,10.28328,21.32451,358.343,-0.03200031,0.05496111,-0.9979743,-0.07106748,0.005462512,0.1473998,0.3681414,0.007810832,-0.5738103,-0.3092542,0.2138528,1.915,0.929269,-0.02845212,-0.3683064,0.09182665,0.9835257,0.155708,0.3578086,-0.178515,0.9165726,moving,12.77935,-7.553924,-9.173525,6.371964,5.986379455064697,-0.060816231279329086
05/04/2023 16:18:21.102367,253,True,True,True,True,Eyes,-0.08389896,0.1420738,-2.585618,0.2199493,-0.1261095,0.9673256,0.0,0.0,0.0,0.0,0.0,0.0,0.0,-0.8698873,0.2608887,2.297895,-0.04499289,0.130637,-2.466981,0.08584769,0.1869356,-0.0316422,0.9781023,10.35612,21.48252,358.2639,-0.03207806,0.05495407,-0.9979722,-0.06680343,0.005134761,0.1385558,0.381226,0.00319589,-0.5677026,-0.3054797,0.2112428,1.914999,0.9281078,-0.02980265,-0.371117,0.0939946,0.9832579,0.1561055,0.3602514,-0.1797657,0.9153705,moving,12.81004,-7.427716,-9.063429,6.294823,5.985859651363267,-0.06305808382097958
05/04/2023 16:18:21.112294,254,True,True,True,True,Eyes,-0.05007139,0.1311045,-2.433155,0.2361126,-0.07106057,0.969124,1.921497,0.4036182,-0.005438134,-0.5709863,0.5713294,-0.5345245,-0.6227892,-0.2895779,0.1998317,1.911015,-0.04062701,0.1318056,-2.45767,0.08545812,0.188404,-0.03268342,0.9778204,10.33719,21.64479,358.1525,-0.0321085,0.05494228,-0.997972,-0.06279523,0.004826676,0.1302424,0.3950351,0.002582664,-0.5616484,-0.3012805,0.2083388,1.914999,0.9268715,-0.03171572,-0.3740367,0.09611832,0.9832575,0.15481,0.3628644,-0.1794407,0.9144017,moving,13.6925,-4.193682,-8.940868,6.208968,5.975947052263586,-0.12009639391349985
05/04/2023 16:18:21.132230,255,True,True,True,True,Eyes,-0.04982843,0.1310395,-2.432798,0.2362072,-0.07094647,0.9691092,1.929282,0.4058819,-0.005836233,-0.563113,-0.1244228,-0.8352422,-0.5356206,-0.2958492,0.1920578,1.909195,-0.03620776,0.1320939,-2.448576,0.08373164,0.1896538,-0.03348337,0.9777012,10.16186,21.78118,358.0372,-0.03087874,0.0548347,-0.9980168,0.0424552,-0.02837068,0.5798168,0.407739,0.006692661,-0.5550861,-0.297574,0.2057758,1.915,0.9258206,-0.03371343,-0.3764566,0.09723351,0.9837357,0.1510285,0.3652422,-0.1764295,0.9140409,moving,13.69798,-4.187036,-8.832616,6.133169,5.9760567580620965,-0.12019801929582075
05/04/2023 16:18:21.152620,256,True,True,True,True,Eyes,-0.04942202,0.1309828,-2.432086,0.2363647,-0.07089841,0.9690744,0.0,0.0,0.0,0.0,0.0,0.0,0.0,-0.8900665,0.2379043,2.262395,-0.03173428,0.1304767,-2.439101,0.08282366,0.1908775,-0.03413148,0.9775178,10.07593,21.91778,357.9564,-0.02979787,0.05473266,-0.9980553,0.03990789,-0.02666844,0.5450277,0.4202974,0.005696033,-0.5483455,-0.2938471,0.2031987,1.915,0.9248016,-0.03510991,-0.3788262,0.09834661,0.9839506,0.1488933,0.3675186,-0.1749531,0.913412,moving,13.70724,-4.184359,-8.723706,6.056934,5.976351152726588,-0.12020896723538324
05/04/2023 16:18:21.162659,257,True,True,True,True,Eyes,-0.04876287,0.1310327,-2.431073,0.2365565,-0.07090602,0.969027,0.0,0.0,0.0,0.0,0.0,0.0,0.0,-0.8946513,0.2389814,2.250479,-0.02743086,0.1306311,-2.429887,0.08355139,0.1917377,-0.03440531,0.9772781,10.16593,22.01803,357.9502,-0.02883702,0.05463743,-0.9980888,0.03751342,-0.02506833,0.5123261,0.4311324,0.0001221942,-0.5419669,-0.2900191,0.2005515,1.914999,0.9241058,-0.03520719,-0.3805113,0.099287,0.9836709,0.1501123,0.3690129,-0.1764994,0.9125116,moving,13.71859,-4.18501,-8.611777,5.978602,5.976762110745779,-0.1201484722248205
05/04/2023 16:18:21.183548,258,True,True,True,True,Eyes,-0.04793575,0.1311662,-2.429728,0.236817,-0.07091586,0.9689627,0.0,0.0,0.0,0.0,0.0,0.0,0.0,-0.8982568,0.240577,2.239172,-0.02279979,0.133018,-2.420831,0.08473536,0.1923327,-0.03408329,0.9770705,10.29378,22.09373,358.0192,-0.02795706,0.05455501,-0.9981185,0.03526261,-0.02356423,0.4815865,0.4411478,-0.004836667,-0.5356096,-0.2862072,0.1979155,1.915,0.9236929,-0.03400878,-0.3816213,0.0991983,0.9833165,0.1524742,0.3700691,-0.1786955,0.9116561,moving,13.734,-4.185866,-8.50025,5.900578,5.977319717049452,-0.12006686143970058
05/04/2023 16:18:21.202452,259,True,True,True,True,Eyes,-0.04693161,0.1313893,-2.428056,0.2372903,-0.07089552,0.9688483,0.0,0.0,0.0,0.0,0.0,0.0,0.0,-0.9030529,0.2376498,2.227621,-0.01796119,0.1352607,-2.411567,0.08486293,0.1932133,-0.03320897,0.9769156,10.29059,22.20671,358.1309,-0.02713074,0.05448914,-0.9981449,0.03314685,-0.02215038,0.4526913,0.452712,-0.005867519,-0.5291479,-0.2822129,0.1951534,1.915,0.9231315,-0.03209144,-0.3831426,0.09767802,0.9833909,0.152975,0.3718697,-0.1786407,0.9109338,moving,13.76197,-4.185161,-8.383318,5.818799,5.978303015150129,-0.1199611900680507
05/04/2023 16:18:21.212250,260,True,True,True,True,Eyes,-0.04577201,0.131715,-2.426087,0.237846,-0.07061231,0.9687327,0.0,0.0,0.0,0.0,0.0,0.0,0.0,-0.9093823,0.2307679,2.215475,-0.01297232,0.1379214,-2.401951,0.08427929,0.1944588,-0.03239298,0.9767465,10.20887,22.36073,358.224,-0.02634741,0.05444276,-0.9981684,0.03115804,-0.02082135,0.4255298,0.4656799,-0.003550236,-0.5223899,-0.2784955,0.1925829,1.915,0.922273,-0.03050177,-0.3853339,0.09605715,0.9836953,0.1520408,0.3744137,-0.1772372,0.9101656,moving,13.79455,-4.168998,-8.274429,5.74267,5.979252840964178,-0.12012648295239342
05/04/2023 16:18:21.232501,261,True,True,True,True,Eyes,-0.04440956,0.1320767,-2.423844,0.2385794,-0.0701264,0.9685877,0.0,0.0,0.0,0.0,0.0,0.0,0.0,-0.9153051,0.2142973,2.20492,-0.008069199,0.1409302,-2.392792,0.08159124,0.1956741,-0.03103427,0.976776,9.877252,22.51159,358.3308,-0.02559638,0.05441879,-0.9981893,0.02928856,-0.01957207,0.399998,0.4788072,0.007297698,-0.5156221,-0.2745824,0.1898769,1.914999,0.921497,-0.02869647,-0.3873237,0.09255765,0.9847595,0.1472475,0.3771952,-0.171538,0.910109,moving,13.83746,-4.141027,-8.159746,5.662509,5.9804186423674315,-0.12046981039177765
05/04/2023 16:18:21.252517,262,True,True,True,True,Eyes,-0.04289933,0.1324776,-2.42132,0.2394468,-0.06952933,0.9684167,0.0,0.0,0.0,0.0,0.0,0.0,0.0,-0.9231337,0.1977021,2.193274,-0.003135943,0.1418968,-2.383604,0.07841968,0.1973144,-0.02958027,0.976751,9.489462,22.71193,358.4407,-0.02486664,0.05441711,-0.9982078,0.02753125,-0.01839775,0.3759981,0.4936429,0.01795868,-0.5092133,-0.2706339,0.1871466,1.915,0.920384,-0.02683845,-0.3900934,0.08873177,0.9859508,0.1415198,0.3808148,-0.1648662,0.9098347,moving,13.88818,-4.106614,-8.043955,5.581603,5.981779410393733,-0.1209010218785107
05/04/2023 16:18:21.262436,263,True,True,True,True,Eyes,-0.0412818,0.1328498,-2.418537,0.2407205,-0.06911505,0.9681306,0.0,0.0,0.0,0.0,0.0,0.0,0.0,-0.9329394,0.1868051,2.180127,0.001863608,0.1432135,-2.374387,0.07675479,0.1993417,-0.02922925,0.9764822,9.297025,22.95092,358.4622,-0.0241495,0.05443778,-0.9982243,0.02587937,-0.01729388,0.3534383,0.509957,0.02280815,-0.5036459,-0.2666534,0.1843938,1.915,0.9188171,-0.02648281,-0.3937941,0.08768453,0.9865087,0.1382461,0.3848202,-0.1615526,0.9087432,moving,13.96313,-4.08343,-7.927159,5.500009,5.984142898406788,-0.12101813953693782
05/04/2023 16:18:21.282757,264,True,True,True,True,Eyes,-0.03954887,0.1331873,-2.415517,0.24215,-0.06883828,0.9677938,0.0,0.0,0.0,0.0,0.0,0.0,0.0,-0.9448556,0.1820042,2.165872,0.006413197,0.1433321,-2.365648,0.07621655,0.2018727,-0.02927427,0.9760028,9.241404,23.24836,358.469,-0.02343901,0.05447802,-0.9982391,0.02432661,-0.01625625,0.332232,0.5274527,0.02209708,-0.499313,-0.2628941,0.1817942,1.915,0.9167808,-0.02637145,-0.3985191,0.08791562,0.9866681,0.1369558,0.3895943,-0.1605945,0.9068769,moving,14.04747,-4.068544,-7.81679,5.422934,5.986945274917541,-0.1209393545399759
05/04/2023 16:18:21.302673,265,True,True,True,True,Eyes,-0.03769255,0.1335008,-2.412271,0.2438847,-0.0688451,0.9673575,0.0,0.0,0.0,0.0,0.0,0.0,0.0,-0.9586121,0.1890697,2.149608,0.01080891,0.1424445,-2.356924,0.07806979,0.204806,-0.02941732,0.9752408,9.457929,23.5981,358.5245,-0.02272963,0.05453507,-0.9982524,0.02286701,-0.01528087,0.3122981,0.5461782,0.01095201,-0.4961521,-0.2589999,0.1791013,1.915,0.9143782,-0.02539962,-0.4040635,0.08935626,0.9860795,0.140224,0.394877,-0.1643234,0.9039192,moving,14.1502,-4.070775,-7.702403,5.343074,5.990618232910801,-0.12046062916645528
05/04/2023 16:18:21.312385,266,True,True,True,True,Eyes,-0.03573417,0.1338065,-2.408812,0.2457705,-0.06897597,0.9668709,0.0,0.0,0.0,0.0,0.0,0.0,0.0,-0.9704706,0.1952422,2.134229,0.01541516,0.1422665,-2.348273,0.07982682,0.2072994,-0.02931014,0.9745746,9.65681,23.89855,358.603,-0.02201654,0.05460681,-0.9982645,0.02149499,-0.01436402,0.2935602,0.5636106,0.0008444199,-0.4928176,-0.2548561,0.1762358,1.914999,0.9123358,-0.02403373,-0.4087369,0.09022593,0.9855372,0.1434424,0.399378,-0.1677463,0.9013093,moving,14.26205,-4.080532,-7.580616,5.258072,5.994710661163244,-0.1198016604671302
05/04/2023 16:18:21.332420,267,True,True,True,True,Eyes,-0.0337023,0.1341131,-2.405129,0.2479431,-0.0691954,0.9663003,0.0,0.0,0.0,0.0,0.0,0.0,0.0,-0.9834345,0.2002151,2.118411,0.01974269,0.1424376,-2.339704,0.08134925,0.2101394,-0.02887911,0.973853,9.821643,24.24312,358.7172,-0.02129657,0.0546919,-0.9982755,0.02020529,-0.01350218,0.2759466,0.5815384,-0.007474834,-0.4897018,-0.2513301,0.1737977,1.915,0.9100148,-0.02205864,-0.4139884,0.09043738,0.9850966,0.1463072,0.4045912,-0.1705817,0.8984475,moving,14.39106,-4.095879,-7.476931,5.185728,5.999483117164187,-0.11896465496775058
05/04/2023 16:18:21.352311,268,True,True,True,True,Eyes,-0.03157949,0.1344242,-2.401242,0.2501968,-0.06929383,0.9657122,0.0,0.0,0.0,0.0,0.0,0.0,0.0,-0.994462,0.1969391,2.104019,0.02397666,0.1427885,-2.331024,0.08113325,0.2126378,-0.02863239,0.973336,9.79459,24.54098,358.7653,-0.02056668,0.05478967,-0.9982854,0.01899297,-0.01269205,0.2593898,0.5985228,-0.00913378,-0.4858767,-0.2474716,0.1711294,1.915,0.9079307,-0.02123388,-0.4185821,0.09024186,0.9851952,0.1457631,0.40929,-0.1701165,0.8964051,moving,14.52484,-4.104175,-7.36341,5.106538,6.0043349285695955,-0.11823990645431817
05/04/2023 16:18:21.362383,269,True,True,True,True,Eyes,-0.0293834,0.1347546,-2.397151,0.2526244,-0.0693785,0.9650739,0.0,0.0,0.0,0.0,0.0,0.0,0.0,-1.003565,0.1864656,2.090905,0.02816165,0.1431714,-2.322177,0.07934918,0.2147813,-0.0285275,0.9730155,9.594278,24.79095,358.7546,-0.01982313,0.05489971,-0.9982944,0.01785339,-0.01193053,0.2438264,0.6143559,-0.004795489,-0.4811575,-0.2434999,0.168383,1.915,0.9061104,-0.02142994,-0.4224983,0.08960083,0.9857798,0.1421616,0.4134438,-0.1666703,0.8951454,moving,14.669,-4.111881,-7.246502,5.025006,6.009547468416782,-0.11748211435793979
05/04/2023 16:18:21.382098,270,True,True,True,True,Eyes,-0.02710165,0.1350884,-2.392872,0.2551183,-0.06932379,0.9644216,0.0,0.0,0.0,0.0,0.0,0.0,0.0,-1.01208,0.1769558,2.078149,0.03242621,0.1437396,-2.313571,0.07776285,0.2167666,-0.02830933,0.9727096,9.413263,25.02382,358.7593,-0.0190648,0.05502202,-0.9983024,0.01678219,-0.01121469,0.2291968,0.6296967,-0.001042065,-0.4766497,-0.2394438,0.1655782,1.915,0.9044216,-0.02136073,-0.4261047,0.0887863,0.986303,0.1390083,0.4172991,-0.1635544,0.8939303,moving,14.81705,-4.111419,-7.127045,4.941721,6.014793907437216,-0.11686131717478626
05/04/2023 16:18:21.402063,271,True,True,True,True,Eyes,-0.02474258,0.1354161,-2.388417,0.2577684,-0.06931926,0.9637169,0.0,0.0,0.0,0.0,0.0,0.0,0.0,-1.020552,0.1651537,2.065191,0.03673932,0.144315,-2.3047,0.07570464,0.2187904,-0.02826787,0.97242,9.183847,25.25844,358.7318,-0.01828975,0.05515597,-0.9983095,0.01577526,-0.01054181,0.215445,0.6448913,0.004778069,-0.4716378,-0.2358307,0.1630796,1.915,0.9026634,-0.02184958,-0.4297924,0.08810338,0.9869395,0.1348639,0.4212323,-0.1596029,0.8927991,moving,14.97455,-4.114147,-7.02058,4.86751,6.020416259545118,-0.11614037766805618
05/04/2023 16:18:21.422496,272,True,True,True,True,Eyes,-0.02230244,0.1357185,-2.383802,0.2605322,-0.06935795,0.9629706,0.0,0.0,0.0,0.0,0.0,0.0,0.0,-1.030412,0.1589485,2.05132,0.04108206,0.1446057,-2.296155,0.07481403,0.2210927,-0.02819089,0.9719703,9.085004,25.52973,358.7396,-0.01749535,0.05530078,-0.9983158,0.01482874,-0.009909305,0.2025183,0.6613353,0.005535674,-0.4678704,-0.2318424,0.1603216,1.915,0.9006466,-0.02171974,-0.4340091,0.08788306,0.9872162,0.1329684,0.4255728,-0.1578996,0.8910418,moving,15.13897,-4.119615,-6.903007,4.785577,6.026319033180283,-0.11533851161558686
05/04/2023 16:18:21.432528,273,True,True,True,True,Eyes,0.04043499,0.1434162,-2.264548,0.3346053,-0.0783307,0.9390972,1.901584,0.6767153,-0.005536288,-0.4787754,-0.1826007,-0.3971189,-0.8994184,-0.2243094,0.1496724,1.902789,0.04538698,0.1443403,-2.287721,0.07528861,0.2239051,-0.02824708,0.9712879,9.143239,25.86436,358.7721,-0.01668041,0.05545469,-0.9983212,0.01393902,-0.009314747,0.1903672,0.6794477,0.0004228922,-0.4652894,-0.2279045,0.1575984,1.915,0.8981372,-0.02115708,-0.439206,0.0885871,0.9870675,0.1336045,0.4306993,-0.1589032,0.8883963,moving,19.61125,-4.768041,-6.78686,4.704659,6.193245343125267,-0.08413468796874746
05/04/2023 16:18:21.452452,274,True,True,True,True,Eyes,0.04060482,0.1434518,-2.264214,0.3348695,-0.07851625,0.9389876,0.0,0.0,0.0,0.0,0.0,0.0,0.0,-1.056954,0.164997,2.018619,0.04966887,0.144735,-2.279426,0.07736279,0.2272679,-0.02888808,0.9703248,9.396441,26.26446,358.7863,-0.01274737,0.05634274,-0.9983294,0.201315,0.01433706,0.5367068,0.6993332,-0.01042844,-0.4641372,-0.2240307,0.1549197,1.915,0.8950296,-0.02089747,-0.4455169,0.09122577,0.9863609,0.1370034,0.4365775,-0.1632647,0.8847286,moving,19.62767,-4.779839,-6.672551,4.625044,6.193978242168575,-0.08384310529352867
05/04/2023 16:18:21.462358,275,True,True,True,True,Eyes,0.04093517,0.1435383,-2.263572,0.3354016,-0.07897658,0.938759,0.0,0.0,0.0,0.0,0.0,0.0,0.0,-1.071596,0.170756,2.001168,0.0538087,0.1456535,-2.271132,0.07955082,0.2307448,-0.0294707,0.9693092,9.661039,26.67986,358.8131,-0.009448744,0.05708668,-0.9983238,0.1892361,0.01347684,0.5045044,0.7194327,-0.02118958,-0.4633805,-0.2201356,0.1522263,1.915,0.8917766,-0.02042057,-0.4520148,0.09384432,0.9856063,0.1406182,0.4426372,-0.1678191,0.8808571,moving,19.66089,-4.808896,-6.557556,4.544972,6.195527124580819,-0.08315567344581615
05/04/2023 16:18:21.482131,276,True,True,True,True,Eyes,0.04141575,0.1436207,-2.262625,0.3362146,-0.07962284,0.9384135,0.0,0.0,0.0,0.0,0.0,0.0,0.0,-1.087802,0.1760123,1.983042,0.0578009,0.1470411,-2.263136,0.08179996,0.2346429,-0.0301751,0.9681638,9.936245,27.14555,358.8341,-0.006662743,0.057716,-0.9983101,0.1778819,0.01266823,0.4742341,0.7405871,-0.03156985,-0.4635649,-0.2165735,0.1497631,1.915,0.8880643,-0.02004131,-0.4592822,0.09681645,0.9847965,0.1442308,0.4494089,-0.1725523,0.8765029,moving,19.71158,-4.849837,-6.452351,4.471731,6.197847252698585,-0.08217057796743693
05/04/2023 16:18:21.502418,277,True,True,True,True,Eyes,0.04202554,0.1436867,-2.261378,0.3373101,-0.08045907,0.937949,0.0,0.0,0.0,0.0,0.0,0.0,0.0,-1.104025,0.1839974,1.964047,0.06176599,0.1470944,-2.25494,0.08426569,0.2386163,-0.03032986,0.9669756,10.22069,27.62736,358.9262,-0.004169822,0.0582799,-0.9982908,0.167209,0.01190814,0.4457801,0.7621367,-0.04404284,-0.4641135,-0.2127185,0.1470973,1.915,0.8842847,-0.01844215,-0.4665838,0.09887082,0.9839588,0.1484914,0.4563608,-0.1774401,0.8719231,moving,19.77986,-4.902939,-6.33844,4.392448,6.2009464142309465,-0.08088210185163047
05/04/2023 16:18:21.522106,278,True,True,True,True,Eyes,0.04276942,0.1437456,-2.259856,0.3386688,-0.0814512,0.9373735,0.0,0.0,0.0,0.0,0.0,0.0,0.0,-1.120621,0.191373,1.944633,0.06577168,0.1468453,-2.246803,0.08655415,0.2427232,-0.03047332,0.9657459,10.48463,28.1261,359.0186,-0.001898765,0.05879335,-0.9982677,0.1571765,0.01119365,0.4190333,0.7842044,-0.0561517,-0.4651401,-0.2088094,0.144394,1.915,0.8803136,-0.01684158,-0.4740932,0.1008764,0.9831595,0.1523855,0.4635428,-0.1819718,0.8671876,moving,19.86456,-4.966128,-6.222882,4.312033,6.204756667256439,-0.07933420484980086
05/04/2023 16:18:21.532715,279,True,True,True,True,Eyes,0.04365569,0.1438065,-2.258066,0.3402468,-0.08247929,0.936712,0.0,0.0,0.0,0.0,0.0,0.0,0.0,-1.136297,0.1988597,1.92549,0.06970268,0.1467852,-2.23871,0.08883657,0.2466734,-0.03030191,0.9645424,10.73826,28.61068,359.1469,0.0001795188,0.05926209,-0.9982417,0.1477459,0.01052203,0.3938913,0.8054943,-0.06777743,-0.4661683,-0.2049776,0.1417444,1.915,0.8764681,-0.01462773,-0.4812377,0.1022822,0.9823797,0.1564239,0.4704701,-0.1863226,0.8625206,moving,19.96281,-5.032026,-6.10956,4.233197,6.20908215730955,-0.07767777446817076
05/04/2023 16:18:21.552659,280,True,True,True,True,Eyes,0.04467551,0.1438845,-2.256004,0.3420774,-0.08351314,0.9359533,0.0,0.0,0.0,0.0,0.0,0.0,0.0,-1.152302,0.2031807,1.906072,0.07367899,0.1470048,-2.230506,0.09036291,0.2507937,-0.0297232,0.9633554,10.89513,29.11777,359.3031,0.002090637,0.05969142,-0.9982139,0.1388811,0.009890706,0.3702578,0.8276073,-0.076052,-0.4673267,-0.2010319,0.139016,1.915,0.8724381,-0.01194312,-0.4885787,0.1025929,0.9819022,0.1591944,0.4778352,-0.189012,0.8578741,moving,20.07663,-5.098878,-5.992819,4.152001,6.213972178999485,-0.07593721089778471
05/04/2023 16:18:21.572166,281,True,True,True,True,Eyes,0.04579343,0.1439865,-2.253668,0.3440914,-0.08430912,0.9351434,0.0,0.0,0.0,0.0,0.0,0.0,0.0,-1.167786,0.2036527,1.886797,0.07787222,0.1473618,-2.222031,0.09117516,0.2548348,-0.02959829,0.9622216,10.98469,29.60844,359.3877,0.003857324,0.06008679,-0.998185,0.1305483,0.009297264,0.3480423,0.8497801,-0.08181122,-0.4681288,-0.1969031,0.1361607,1.915,0.8683664,-0.01049103,-0.4958122,0.1034294,0.981622,0.160376,0.4850177,-0.1905468,0.8534927,moving,20.20139,-5.151651,-5.870606,4.06701,6.219070872043815,-0.07441477642357575
05/04/2023 16:18:21.582157,282,True,True,True,True,Eyes,0.04703921,0.1440935,-2.251071,0.3463429,-0.08497275,0.9342517,0.0,0.0,0.0,0.0,0.0,0.0,0.0,-1.183363,0.1979346,1.8679,0.08193037,0.1480879,-2.213579,0.0906639,0.2590161,-0.02960773,0.9611525,10.93069,30.10859,359.4195,0.005498883,0.06045351,-0.9981551,0.1227154,0.008739428,0.3271598,0.8719855,-0.08186036,-0.4684696,-0.1933239,0.1336857,1.915,0.864068,-0.009948255,-0.5032767,0.1038819,0.9818069,0.1589459,0.4925393,-0.1896214,0.8493814,moving,20.3406,-5.196909,-5.764619,3.993326,6.22458642116788,-0.07297216319290675
05/04/2023 16:18:21.602477,283,True,True,True,True,Eyes,0.04841552,0.1441796,-2.248232,0.3487437,-0.0853781,0.9333212,0.0,0.0,0.0,0.0,0.0,0.0,0.0,-1.198016,0.186532,1.849464,0.08600538,0.1484054,-2.204797,0.08877591,0.263089,-0.02983502,0.960215,10.73031,30.58688,359.3828,0.007034116,0.0607955,-0.9981247,0.1153524,0.008215062,0.3075302,0.8941314,-0.07741817,-0.4680696,-0.1894642,0.1310166,1.915,0.8597881,-0.01058412,-0.5105414,0.104008,0.9824574,0.1547894,0.4999469,-0.1861865,0.845806,moving,20.48865,-5.226741,-5.650278,3.913847,6.2302189723596335,-0.07178192752822646
05/04/2023 16:18:21.622331,284,True,True,True,True,Eyes,0.04991495,0.1442313,-2.245153,0.351408,-0.08573996,0.9322881,0.0,0.0,0.0,0.0,0.0,0.0,0.0,-1.213089,0.1790797,1.830151,0.09020884,0.1479725,-2.19615,0.08758745,0.2672679,-0.02988999,0.9591678,10.6028,31.08362,359.3867,0.008478764,0.06111481,-0.998094,0.1084313,0.007722158,0.2890784,0.9166924,-0.07633753,-0.4685178,-0.185528,0.1282946,1.915,0.8553489,-0.0105204,-0.5179455,0.1041577,0.98287,0.1520448,0.5074735,-0.1839994,0.8417926,moving,20.65297,-5.254554,-5.533629,3.832779,6.236402996516755,-0.07056046609657757
05/04/2023 16:18:21.632657,285,True,True,True,True,Eyes,0.05152922,0.1442402,-2.241843,0.3542397,-0.08605748,0.9311865,0.0,0.0,0.0,0.0,0.0,0.0,0.0,-1.229793,0.1759555,1.808838,0.09450781,0.1472163,-2.187382,0.08721536,0.2719202,-0.02942153,0.9579078,10.54975,31.64711,359.4792,0.009848813,0.06141314,-0.9980631,0.1019254,0.007258829,0.2717337,0.9408631,-0.07829217,-0.4701673,-0.1816494,0.1256126,1.915,0.8503875,-0.008934979,-0.526081,0.1037975,0.9830557,0.1510879,0.515817,-0.1830892,0.8369057,moving,20.82769,-5.280107,-5.418641,3.752886,6.2429271736652385,-0.06933726715492061
05/04/2023 16:18:21.652619,286,True,True,True,True,Eyes,0.05326237,0.1442019,-2.238317,0.3573081,-0.0864356,0.9299784,0.0,0.0,0.0,0.0,0.0,0.0,0.0,-1.246367,0.177751,1.786823,0.09880927,0.1462525,-2.178672,0.08771906,0.2765911,-0.02819007,0.9565606,10.56853,32.22549,359.6849,0.01115688,0.06169129,-0.9980322,0.09580988,0.006823299,0.2554297,0.9650726,-0.08326561,-0.4725714,-0.17764,0.12284,1.915,0.8454054,-0.005406386,-0.5340979,0.1024556,0.9830214,0.152223,0.5242066,-0.1834114,0.8316055,moving,21.01734,-5.310025,-5.299727,3.67028,6.250036652253733,-0.06796853937645048
05/04/2023 16:18:21.672460,287,True,True,True,True,Eyes,0.05512555,0.144119,-2.234593,0.3605659,-0.08686098,0.9286804,0.0,0.0,0.0,0.0,0.0,0.0,0.0,-1.262471,0.1818724,1.764584,0.1032407,0.1451508,-2.17001,0.08875392,0.2811641,-0.02698169,0.9551657,10.64492,32.79592,359.9047,0.01241515,0.06194988,-0.9980013,0.09006129,0.006413901,0.2401039,0.988771,-0.09019049,-0.4752158,-0.173801,0.1201854,1.915,0.8404376,-0.001635164,-0.5419059,0.1014528,0.9827895,0.1543768,0.532327,-0.184722,0.826139,moving,21.21901,-5.343422,-5.185827,3.591174,6.257616902532968,-0.06648330975240557
05/04/2023 16:18:21.682038,288,True,True,True,True,Eyes,0.05709809,0.1439982,-2.230658,0.3641298,-0.08733454,0.9272444,0.0,0.0,0.0,0.0,0.0,0.0,0.0,-1.279816,0.1880381,1.740928,0.1077521,0.1440823,-2.161422,0.0903334,0.2861149,-0.02580754,0.9535786,10.78055,33.41665,0.1442044,0.01363444,0.06218938,-0.9979705,0.08465762,0.006029067,0.2256976,1.013554,-0.09892739,-0.4790117,-0.1701856,0.1176851,1.915,0.8349445,0.002472419,-0.5503287,0.1009105,0.9823477,0.1575121,0.5410035,-0.1870479,0.8199562,moving,21.43999,-5.380655,-5.07852,3.516654,6.26593109988817,-0.06484387198613661
05/04/2023 16:18:21.702461,289,True,True,True,True,Eyes,0.05920168,0.1438395,-2.226533,0.368383,-0.08800771,0.9254991,0.0,0.0,0.0,0.0,0.0,0.0,0.0,-1.299258,0.1899075,1.71531,0.1121566,0.1431031,-2.152526,0.09115936,0.2918133,-0.02524734,0.9517866,10.85146,34.11908,0.3000302,0.01482405,0.06241065,-0.9979398,0.07957816,0.005667323,0.2121558,1.040963,-0.1053212,-0.4840783,-0.1663225,0.1150138,1.915,0.8284152,0.00514286,-0.560091,0.1012632,0.9821051,0.1587935,0.5508848,-0.1882635,0.8130699,moving,21.7044,-5.432045,-4.963824,3.437024,6.275966488953772,-0.0627536676899979
05/04/2023 16:18:21.712510,290,True,True,True,True,Eyes,0.06140142,0.1436209,-2.222207,0.3728926,-0.08863258,0.9236317,0.0,0.0,0.0,0.0,0.0,0.0,0.0,-1.317936,0.1857142,1.690254,0.1166005,0.142047,-2.143509,0.09073763,0.2974255,-0.02542009,0.9500834,10.80913,34.79698,0.3309098,0.01599408,0.06261449,-0.9979089,0.07480347,0.005327284,0.1994264,1.068164,-0.1077843,-0.4887401,-0.1622778,0.1122169,1.915,0.8217837,0.005672968,-0.5697713,0.1022778,0.982241,0.1572955,0.5605451,-0.1875378,0.8066094,moving,21.98513,-5.481374,-4.843693,3.353637,6.286554589509428,-0.06063281451306607
05/04/2023 16:18:21.732491,291,True,True,True,True,Eyes,0.06370016,0.1433544,-2.217695,0.3779567,-0.08944251,0.9214927,0.0,0.0,0.0,0.0,0.0,0.0,0.0,-1.33548,0.1824725,1.665525,0.1209947,0.1406114,-2.134565,0.09046569,0.3028194,-0.02565494,0.9483977,10.78549,35.44987,0.357388,0.0171507,0.06280046,-0.997878,0.07031526,0.005007647,0.1874608,1.094167,-0.1110477,-0.493234,-0.1585069,0.1096093,1.915,0.8152845,0.006127371,-0.5790283,0.1034517,0.9823156,0.1560573,0.5697447,-0.1871325,0.8002327,moving,22.30133,-5.543912,-4.731658,3.275878,6.298569404401789,-0.05811285888916451
05/04/2023 16:18:21.752363,292,True,True,True,True,Eyes,0.06608883,0.1430209,-2.213,0.3832435,-0.09021468,0.9192311,0.0,0.0,0.0,0.0,0.0,0.0,0.0,-1.354277,0.1774614,1.639085,0.1251666,0.1389819,-2.125365,0.08985628,0.3087752,-0.02618545,0.9465188,10.73531,36.16736,0.3452779,0.01830123,0.06296884,-0.997847,0.06609635,0.004707188,0.1762132,1.121797,-0.1135703,-0.4988572,-0.154659,0.1069483,1.915,0.8079444,0.005920738,-0.5892289,0.1050608,0.9824803,0.1539305,0.5798172,-0.1862722,0.7931674,moving,22.63211,-5.605142,-4.617293,3.196517,6.311084798663982,-0.055555498350370824
05/04/2023 16:18:21.762445,293,True,True,True,True,Eyes,0.06860252,0.1426017,-2.208144,0.3888758,-0.09111381,0.9167736,0.0,0.0,0.0,0.0,0.0,0.0,0.0,-1.371892,0.1740282,1.61314,0.1295198,0.1370365,-2.116374,0.08957353,0.3144215,-0.0267833,0.9446684,10.72393,36.85014,0.3338517,0.01944914,0.06311866,-0.9978158,0.06213057,0.004424757,0.1656404,1.148351,-0.1177391,-0.5045769,-0.1507532,0.1042474,1.914999,0.8008435,0.005725006,-0.5988463,0.1069304,0.9825185,0.1523921,0.5892499,-0.1860771,0.7862314,moving,22.98562,-5.67572,-4.501173,3.115952,6.324525723557455,-0.05272577899933073
05/04/2023 16:18:21.782470,294,True,True,True,True,Eyes,0.07117867,0.1421057,-2.20311,0.394756,-0.09193417,0.9141749,0.0,0.0,0.0,0.0,0.0,0.0,0.0,-1.391151,0.1716397,1.584702,0.1340106,0.1345655,-2.107124,0.08949511,0.3206823,-0.02739795,0.9425513,10.73574,37.61099,0.3353825,0.02060308,0.06324863,-0.9977844,0.05840274,0.004159271,0.155702,1.176805,-0.1231264,-0.5117102,-0.1470113,0.10166,1.915,0.7928245,0.005751042,-0.609423,0.1090469,0.98248,0.1511354,0.599615,-0.1862796,0.778307,moving,23.35549,-5.742654,-4.389889,3.038761,6.338500602883319,-0.04989499645889239
05/04/2023 16:18:21.802361,295,True,True,True,True,Eyes,0.0738356,0.1415683,-2.197902,0.4009166,-0.09281342,0.9114009,0.0,0.0,0.0,0.0,0.0,0.0,0.0,-1.409345,0.167372,1.556881,0.1380048,0.132348,-2.097995,0.08886086,0.3268754,-0.02772305,0.9404719,10.67666,38.36375,0.3467641,0.02176485,0.06335761,-0.9977529,0.05489857,0.003909715,0.1463599,1.204539,-0.1260031,-0.5189823,-0.1431662,0.09900086,1.915,0.7847678,0.005947372,-0.6197613,0.1102384,0.9826703,0.1490183,0.6099074,-0.1852663,0.7705124,moving,23.74424,-5.814728,-4.275505,2.959419,6.353210794430078,-0.04688732267618856
05/04/2023 16:18:21.812511,296,True,True,True,True,Eyes,0.07656657,0.1410173,-2.192516,0.4072851,-0.09358855,0.9084932,0.0,0.0,0.0,0.0,0.0,0.0,0.0,-1.427202,0.1627464,1.528333,0.1422392,0.1303901,-2.08853,0.08830984,0.3331041,-0.02825773,0.9383201,10.63498,39.12126,0.3383091,0.02293803,0.06344631,-0.997721,0.05160466,0.003675132,0.1375783,1.232434,-0.1292051,-0.5264912,-0.1392376,0.09628414,1.915,0.7764864,0.005803147,-0.6301073,0.1118623,0.9828058,0.1469003,0.6201256,-0.1845513,0.7624862,moving,24.14709,-5.881586,-4.158597,2.878346,6.368354727110895,-0.04391774380560415
05/04/2023 16:18:21.832182,297,True,True,True,True,Eyes,0.07937111,0.1404884,-2.186951,0.4138736,-0.09432802,0.905434,0.0,0.0,0.0,0.0,0.0,0.0,0.0,-1.444207,0.1537091,1.50019,0.1464102,0.1297854,-2.078858,0.08706704,0.3392798,-0.02905186,0.9361968,10.52923,39.86641,0.2729506,0.02412706,0.06351667,-0.9976885,0.04850838,0.003454624,0.1293236,1.259893,-0.1287498,-0.5336615,-0.1353817,0.09361795,1.915,0.7680904,0.00468365,-0.6403243,0.1134767,0.9831507,0.1433104,0.6302064,-0.1827372,0.7546171,moving,24.56513,-5.947613,-4.043821,2.798771,6.384026959560221,-0.0408992002090075
05/04/2023 16:18:21.852671,298,True,True,True,True,Eyes,0.08223818,0.1399478,-2.181216,0.4206675,-0.09486688,0.9022411,0.0,0.0,0.0,0.0,0.0,0.0,0.0,-1.461521,0.1409512,1.471082,0.1506098,0.1297507,-2.068931,0.0849566,0.3457746,-0.02972116,0.9339908,10.32614,40.64732,0.188292,0.02533378,0.06357194,-0.9976551,0.04559788,0.003247347,0.1215642,1.288356,-0.12443,-0.5412727,-0.1315736,0.09098451,1.915,0.7591133,0.003233067,-0.6509506,0.1142702,0.983798,0.1381437,0.6408505,-0.179251,0.7464446,moving,24.99716,-6.002357,-3.930434,2.720162,6.400051703757752,-0.03803326105663421
05/04/2023 16:18:21.872156,299,True,True,True,True,Eyes,0.0851696,0.1393895,-2.175314,0.4276162,-0.09541764,0.8989104,0.0,0.0,0.0,0.0,0.0,0.0,0.0,-1.477723,0.1305935,1.442209,0.1547662,0.128891,-2.059156,0.08273689,0.3520747,-0.02933707,0.9318463,10.07015,41.414,0.2085531,0.02656011,0.06361351,-0.9976205,0.04286201,0.003052506,0.1142703,1.316377,-0.1196804,-0.5491614,-0.1273848,0.08808775,1.915,0.7503654,0.003583864,-0.6610136,0.1129344,0.9845879,0.1335384,0.6513044,-0.1748538,0.738396,moving,25.44067,-6.05915,-3.805679,2.633682,6.416509836155974,-0.0350799958517137
05/04/2023 16:18:21.882112,300,True,True,True,True,Eyes,0.08815658,0.1387979,-2.169262,0.4347536,-0.09590495,0.8954282,0.0,0.0,0.0,0.0,0.0,0.0,0.0,-1.493667,0.1223139,1.41269,0.1591842,0.1279024,-2.04939,0.08116451,0.3583629,-0.02928294,0.9295865,9.897534,42.18288,0.2169802,0.02780845,0.0636424,-0.9975846,0.04029028,0.002869355,0.1074141,1.343875,-0.1174467,-0.5573573,-0.1237135,0.08554931,1.915,0.7414371,0.003730652,-0.671012,0.1126147,0.9851096,0.129911,0.6615051,-0.1718867,0.7299767,moving,25.89777,-6.113366,-3.696306,2.557889,6.433417251938348,-0.032117388513847184
05/04/2023 16:18:21.902396,301,True,True,True,True,Eyes,0.0912074,0.1382062,-2.163079,0.442001,-0.09662474,0.8917953,0.0,0.0,0.0,0.0,0.0,0.0,0.0,-1.509325,0.1163758,1.382739,0.1632794,0.1265363,-2.039829,0.08011679,0.3647389,-0.02928275,0.9271945,9.783678,42.96788,0.2408113,0.02907968,0.06365871,-0.9975473,0.03787287,0.002697194,0.1009692,1.371111,-0.1176871,-0.5667499,-0.1198724,0.08289295,1.915,0.7322161,0.004141812,-0.6810598,0.112745,0.9854476,0.1272066,0.6716756,-0.1699288,0.7210937,moving,26.36442,-6.183793,-3.581845,2.478566,6.4508700876326035,-0.02880945700382656
05/04/2023 16:18:21.922159,302,True,True,True,True,Eyes,0.09430884,0.1376375,-2.156766,0.4494011,-0.09743439,0.8880007,0.0,0.0,0.0,0.0,0.0,0.0,0.0,-1.524614,0.1169215,1.351918,0.1673086,0.1259642,-2.030257,0.08145058,0.3711023,-0.03009986,0.9245231,9.959159,43.76523,0.279052,0.03037557,0.06366401,-0.9975084,0.0356005,0.002535362,0.09491108,1.397431,-0.1267719,-0.577659,-0.1160098,0.08022191,1.914999,0.7227542,0.004796963,-0.6910885,0.116109,0.9849195,0.1282656,0.6812819,-0.1729461,0.7112979,moving,26.84315,-6.261636,-3.466717,2.398795,6.468846002653174,-0.02531076446907088
05/04/2023 16:18:21.932038,303,True,True,True,True,Eyes,0.09745445,0.1371051,-2.150329,0.4573902,-0.09869674,0.8837721,0.0,0.0,0.0,0.0,0.0,0.0,0.0,-1.539195,0.115937,1.321602,0.1714182,0.1259802,-2.020876,0.08261275,0.3773297,-0.03105118,0.9218641,10.12222,44.54597,0.2965123,0.03169781,0.06366076,-0.9974675,0.0,0.0,0.0,1.423142,-0.1348256,-0.5887539,-0.1121191,0.07753153,1.915,0.7133163,0.005094547,-0.7008238,0.1195944,0.9844219,0.1288824,0.690563,-0.1757485,0.7015949,moving,27.36351,-6.3722,-3.350718,2.318436,6.488715858758272,-0.021020009840315435
05/04/2023 16:18:21.952525,304,True,True,True,True,Eyes,0.100657,0.1365869,-2.14378,0.4654748,-0.0999544,0.8793988,0.0,0.0,0.0,0.0,0.0,0.0,0.0,-1.553088,0.1122518,1.291671,0.1754722,0.1263788,-2.01155,0.08353026,0.3834856,-0.03272937,0.9191792,10.29178,45.31266,0.2269328,0.0330463,0.06365179,-0.9974243,0.0,0.0,0.0,1.448169,-0.1425309,-0.5999991,-0.1082454,0.07485294,1.915,0.7037352,0.003896995,-0.7104517,0.1242336,0.983903,0.1284561,0.6995161,-0.178661,0.691923,moving,27.89273,-6.484535,-3.235201,2.23842,6.508922610825606,-0.01665829450404946
05/04/2023 16:18:21.962569,305,True,True,True,True,Eyes,0.1039315,0.1361482,-2.137117,0.4739632,-0.1014641,0.8746794,0.0,0.0,0.0,0.0,0.0,0.0,0.0,-1.566368,0.1065708,1.262047,0.1798926,0.1261218,-2.002339,0.08353417,0.3895076,-0.034017,0.9165964,10.34844,46.06044,0.1581115,0.03442223,0.06363861,-0.9973786,0.0,0.0,0.0,1.47321,-0.1472414,-0.6109747,-0.1042523,0.07209176,1.915,0.6942534,0.002714664,-0.7197255,0.1274341,0.9837298,0.1266345,0.7083593,-0.179634,0.6826118,moving,28.45197,-6.616822,-3.116099,2.155929,6.530448672046026,-0.01179390046807094
05/04/2023 16:18:21.982587,306,True,True,True,True,Eyes,0.1072706,0.1358643,-2.130351,0.4825584,-0.1028774,0.8698009,0.0,0.0,0.0,0.0,0.0,0.0,0.0,-1.580306,0.09642889,1.231095,0.1845772,0.1276832,-1.99296,0.08333836,0.3959333,-0.03620633,0.9137728,10.42657,46.85277,359.9897,0.03582764,0.0636256,-0.9973299,0.0,0.0,0.0,1.499102,-0.1504667,-0.6229838,-0.1005744,0.06954838,1.915,0.6838518,-0.0001758529,-0.729621,0.1321616,0.9834877,0.1236341,0.7175515,-0.1809752,0.672583,moving,29.02116,-6.745433,-3.006369,2.079936,6.552280874108976,-0.006956298892628665
05/04/2023 16:18:22.002201,307,True,True,True,True,Eyes,0.1106884,0.1357617,-2.123498,0.4914514,-0.1043123,0.8646353,0.0,0.0,0.0,0.0,0.0,0.0,0.0,-1.593936,0.08296278,1.200304,0.1893749,0.1305402,-1.98377,0.0823485,0.4024097,-0.03796958,0.9109575,10.40416,47.6509,359.831,0.03726359,0.06362023,-0.9972776,0.0,0.0,0.0,1.525364,-0.1492594,-0.6354803,-0.09667265,0.06685023,1.915,0.6732495,-0.002901673,-0.7394096,0.135453,0.9835541,0.1194733,0.7269027,-0.1805906,0.6625703,moving,29.61353,-6.879098,-2.889941,1.999312,6.5749998421481095,-0.0019251398121905572
05/04/2023 16:18:22.022132,308,True,True,True,True,Eyes,0.1141582,0.1357832,-2.116563,0.5004383,-0.1054495,0.8593265,0.0,0.0,0.0,0.0,0.0,0.0,0.0,-1.607447,0.06179821,1.169252,0.1940502,0.1352744,-1.974563,0.07977971,0.4091871,-0.03988623,0.9080806,10.22619,48.47603,359.5837,0.0387322,0.0636305,-0.9972211,0.0,0.0,0.0,1.552429,-0.1409208,-0.6484925,-0.09275478,0.06414099,1.915,0.6619501,-0.007150168,-0.7495138,0.1377295,0.9840886,0.112251,0.7367854,-0.1775347,0.6524023,moving,30.21486,-6.99589,-2.773007,1.918347,6.597821626722331,0.0028269525578953347
05/04/2023 16:18:22.032461,309,True,True,True,True,Eyes,0.1176825,0.1358199,-2.109528,0.5096909,-0.10664,0.8537232,0.0,0.0,0.0,0.0,0.0,0.0,0.0,-1.619706,0.03767155,1.139095,0.1985371,0.1381504,-1.96568,0.07572813,0.415764,-0.04176454,0.9053515,9.895371,49.26824,359.2641,0.04023405,0.06366095,-0.9971597,0.0,0.0,0.0,1.578682,-0.1291773,-0.6608141,-0.08902031,0.06155853,1.915,0.6507921,-0.01265312,-0.7591506,0.1385932,0.985042,0.1023928,0.7464995,-0.1718495,0.6428112,moving,30.8381,-7.120034,-2.661525,1.841165,6.621514411005094,0.007810398296162813
05/04/2023 16:18:22.052334,310,True,True,True,True,Eyes,0.1212726,0.1359134,-2.102435,0.5190347,-0.1078052,0.8479275,0.0,0.0,0.0,0.0,0.0,0.0,0.0,-1.633081,0.02054034,1.10521,0.2033955,0.1384764,-1.956609,0.07319234,0.422933,-0.04391428,0.902132,9.741535,50.14996,358.993,0.04176933,0.06371069,-0.9970933,0.0,0.0,0.0,1.606359,-0.1260744,-0.6761255,-0.08511472,0.0588578,1.915,0.6383983,-0.01732203,-0.7695112,0.1411439,0.9854288,0.09491269,0.7566544,-0.1692039,0.6315411,moving,31.4717,-7.245691,-2.544913,1.76044,6.6455940179814705,0.012866332822237925
05/04/2023 16:18:22.062465,311,True,True,True,True,Eyes,0.1249088,0.1360452,-2.095303,0.5286164,-0.1092497,0.8418012,0.0,0.0,0.0,0.0,0.0,0.0,0.0,-1.646261,0.008509189,1.071448,0.2083155,0.1398963,-1.948148,0.07244621,0.4299893,-0.04603729,0.8987443,9.776907,51.03433,358.811,0.0433393,0.06378075,-0.9970218,0.0,0.0,0.0,1.633007,-0.1283704,-0.693064,-0.08111441,0.05609164,1.915,0.6259795,-0.0204493,-0.7795714,0.1450537,0.9852642,0.09063013,0.7662305,-0.1698123,0.6197214,moving,32.12713,-7.394564,-2.425451,1.677752,6.670743981138331,0.01845147731214586
05/04/2023 16:18:22.082112,312,True,True,True,True,Eyes,0.128605,0.1361971,-2.08814,0.5382895,-0.1108027,0.8354443,0.0,0.0,0.0,0.0,0.0,0.0,0.0,-1.659935,0.0053702,1.036045,0.2127421,0.1410167,-1.940014,0.07409087,0.4373721,-0.04778723,0.8949484,10.04471,51.98465,358.794,0.04494405,0.0638712,-0.9969449,0.0,0.0,0.0,1.658873,-0.1385859,-0.7125608,-0.07755721,0.05363166,1.915,0.6128442,-0.02072367,-0.789932,0.1503447,0.9844539,0.09081339,0.7757696,-0.1744166,0.6064324,moving,32.7943,-7.55489,-2.319203,1.604212,6.696456415121642,0.02430182098649808
05/04/2023 16:18:22.102795,313,True,True,True,True,Eyes,0.2220001,0.1396205,-1.908001,0.7598715,-0.1518519,0.6320888,1.877607,1.64874,-0.1454976,-0.7211871,-0.6756957,-0.4607777,-0.5754296,-0.1054459,0.04894371,1.892997,0.2176142,0.1417071,-1.932114,0.07577071,0.4448453,-0.04853892,0.8910753,10.26607,52.95899,358.8883,0.04658441,0.06398118,-0.9968625,0.0,0.0,0.0,1.685372,-0.1480482,-0.7333745,-0.07368398,0.05095334,1.914999,0.5995132,-0.01909118,-0.8001371,0.1539162,0.9838055,0.09185019,0.7854258,-0.1782194,0.5927429,moving,50.24508,-13.50863,-2.203499,1.524138,7.391436130491268,0.21041221099509566
05/04/2023 16:18:22.112357,314,True,True,True,True,Eyes,0.2222183,0.1396105,-1.907695,0.7602717,-0.1518896,0.6315984,0.0,0.0,0.0,0.0,0.0,0.0,0.0,-1.68631,0.003551111,0.9637238,0.2224503,0.1416398,-1.924285,0.07733345,0.4520852,-0.04951971,0.8872352,10.48629,53.90569,358.9541,0.05487745,0.06504675,-0.9963714,0.2801855,0.01027,0.5404168,1.710738,-0.1582271,-0.7540313,-0.06973886,0.04822508,1.915,0.5863336,-0.01794864,-0.8098709,0.1577939,0.9831347,0.09245168,0.7945527,-0.1820002,0.579277,moving,50.28178,-13.52198,-2.085628,1.442564,7.3929082783011175,0.210819193563408
05/04/2023 16:18:22.132291,315,True,True,True,True,Eyes,0.2226409,0.1395836,-1.907099,0.7610468,-0.1520333,0.6306297,0.0,0.0,0.0,0.0,0.0,0.0,0.0,-1.698042,-0.002764031,0.928566,0.2275922,0.1414648,-1.91671,0.07742508,0.4591739,-0.05076374,0.8835088,10.56963,54.823,358.916,0.06179296,0.06592364,-0.9959089,0.2633743,0.009653799,0.5079919,1.735898,-0.1638382,-0.7741545,-0.06582969,0.04552192,1.914999,0.5731647,-0.01859726,-0.8192291,0.1608036,0.9828568,0.09019271,0.8035076,-0.1834303,0.5663293,moving,50.35368,-13.55432,-1.968815,1.361736,7.395871243469429,0.21173279645810544
05/04/2023 16:18:22.152234,316,True,True,True,True,Eyes,0.2232714,0.1395692,-1.906235,0.7622008,-0.1521412,0.6292082,0.0,0.0,0.0,0.0,0.0,0.0,0.0,-1.708889,-0.01332991,0.8931586,0.2325433,0.1408847,-1.909002,0.07634014,0.4663764,-0.05238596,0.8797278,10.55505,55.74657,358.7781,0.06759682,0.06664842,-0.9954836,0.2475719,0.009074572,0.4775123,1.760956,-0.1665068,-0.7943894,-0.06194335,0.04283444,1.915,0.5594976,-0.0209643,-0.8285668,0.1633772,0.9828559,0.08545393,0.8125702,-0.1831802,0.5533305,moving,50.45982,-13.59309,-1.852666,1.28137,7.400130884873551,0.21291284671835953
05/04/2023 16:18:22.172228,317,True,True,True,True,Eyes,0.2241018,0.1395594,-1.905111,0.7637653,-0.1522586,0.6272799,0.0,0.0,0.0,0.0,0.0,0.0,0.0,-1.719506,-0.02387977,0.857788,0.2379737,0.1409377,-1.90173,0.07536183,0.4734814,-0.05385955,0.8759196,10.546,56.66352,358.6601,0.07250445,0.06725169,-0.9950976,0.2327176,0.008530097,0.4488616,1.785846,-0.1688141,-0.8152951,-0.05798292,0.04009575,1.915,0.5458291,-0.02298842,-0.8375811,0.1657181,0.9828395,0.08101882,0.8213452,-0.1830248,0.5402721,moving,50.60376,-13.64345,-1.734288,1.199468,7.405879266392759,0.21447147369936093
05/04/2023 16:18:22.182393,318,True,True,True,True,Eyes,0.2251295,0.1395461,-1.903749,0.7656947,-0.1523258,0.6249068,0.0,0.0,0.0,0.0,0.0,0.0,0.0,-1.729916,-0.03712641,0.8212415,0.2433734,0.1412226,-1.894532,0.0732237,0.4809028,-0.05477548,0.8719923,10.39215,57.62038,358.5377,0.07691379,0.06778889,-0.9947301,0.2187545,0.008018292,0.4219299,1.811506,-0.1659903,-0.8371062,-0.0542134,0.03748931,1.915,0.5314645,-0.02510065,-0.8467087,0.1659545,0.9832759,0.07501762,0.8306652,-0.1803843,0.5267417,moving,50.78106,-13.69913,-1.621603,1.121517,7.4128789571350575,0.21627194169814118
05/04/2023 16:18:22.202201,319,True,True,True,True,Eyes,0.226348,0.1395453,-1.902176,0.7679225,-0.1524464,0.6221375,0.0,0.0,0.0,0.0,0.0,0.0,0.0,-1.740071,-0.04561014,0.7838292,0.2488513,0.141111,-1.887452,0.07213066,0.4883581,-0.05520364,0.8679034,10.31869,58.59837,358.5222,0.08094188,0.06827531,-0.9943771,0.2056292,0.007537194,0.3966141,1.836774,-0.1665198,-0.8604128,-0.05016488,0.03468974,1.915001,0.5169178,-0.02537166,-0.8556591,0.166274,0.9834995,0.07128657,0.8397316,-0.1791232,0.512607,moving,50.98711,-13.76827,-1.500563,1.037784,7.4210701578194485,0.2184476580020585
05/04/2023 16:18:22.222318,320,True,True,True,True,Eyes,0.2277512,0.1395583,-1.900412,0.7704185,-0.1525946,0.6190075,0.0,0.0,0.0,0.0,0.0,0.0,0.0,-1.749248,-0.05008578,0.7479986,0.2543534,0.141468,-1.880736,0.07191908,0.4953269,-0.05495302,0.8639786,10.29478,59.5277,358.6192,0.08463839,0.06871761,-0.9940389,0.1932915,0.007084962,0.3728172,1.860293,-0.1681778,-0.8830041,-0.04629797,0.03201558,1.915,0.5032628,-0.02370955,-0.8638081,0.1662034,0.9836156,0.06983367,0.8479995,-0.1787125,0.4989577,moving,51.2192,-13.84816,-1.384941,0.9578,7.430322186247713,0.22093616012490497
05/04/2023 16:18:22.232409,321,True,True,True,True,Eyes,0.2293258,0.1395942,-1.898459,0.7732109,-0.1529213,0.6154348,0.0,0.0,0.0,0.0,0.0,0.0,0.0,-1.757406,-0.05095726,0.7141255,0.2599507,0.1418601,-1.874393,0.07249481,0.5017135,-0.05425521,0.8602816,10.3216,60.39281,358.7998,0.08804724,0.06912169,-0.9937147,0.181694,0.006659865,0.3504482,1.881995,-0.1714655,-0.9044976,-0.04251111,0.02939685,1.915,0.4906799,-0.02060628,-0.8710962,0.1660928,0.9836018,0.07029076,0.8553633,-0.1791731,0.4860562,moving,51.48208,-13.95407,-1.271701,0.8794689,7.440998180591358,0.22404467547551743
05/04/2023 16:18:22.252605,322,True,True,True,True,Eyes,0.2310615,0.1396635,-1.896354,0.7761794,-0.1533653,0.6115756,0.0,0.0,0.0,0.0,0.0,0.0,0.0,-1.764409,-0.05144034,0.6820561,0.2655979,0.1425269,-1.868189,0.07393602,0.5076196,-0.05444484,0.8566748,10.48352,61.20002,358.9383,0.09120747,0.06949333,-0.9934037,0.1707923,0.006260273,0.3294213,1.901724,-0.1789591,-0.9252326,-0.03861135,0.02670013,1.914999,0.4787163,-0.01822031,-0.8777806,0.1683457,0.9831384,0.07140367,0.8616788,-0.1819527,0.4737117,moving,51.76434,-14.0778,-1.155075,0.7988021,7.452588838450298,0.22757055484221234
05/04/2023 16:18:22.271950,323,True,True,True,True,Eyes,0.2329577,0.1397275,-1.894091,0.779723,-0.1539906,0.6068929,0.0,0.0,0.0,0.0,0.0,0.0,0.0,-1.770916,-0.05446354,0.6508868,0.2713062,0.1433304,-1.862421,0.07498363,0.513363,-0.05515752,0.8531082,10.63606,61.98244,359.0017,0.09415334,0.0698381,-0.9931046,0.1605448,0.005884657,0.3096561,1.920748,-0.1859712,-0.9459594,-0.03466588,0.02397157,1.914999,0.4668323,-0.01712304,-0.8841801,0.1710983,0.9826702,0.07130663,0.8676364,-0.1845699,0.4616718,moving,52.1048,-14.23753,-1.037072,0.7171795,7.466703079031204,0.232020584499191
05/04/2023 16:18:22.282287,324,True,True,True,True,Eyes,0.2350089,0.139781,-1.891696,0.7833606,-0.1547943,0.6019842,0.0,0.0,0.0,0.0,0.0,0.0,0.0,-1.776579,-0.05858164,0.6204691,0.276852,0.1435713,-1.856714,0.07621451,0.5189411,-0.05678191,0.8495101,10.86076,62.74275,358.9865,0.09691617,0.07015908,-0.9928162,0.1509121,0.005531577,0.2910767,1.938365,-0.1956472,-0.9662353,-0.03103322,0.02145993,1.915,0.454952,-0.01737194,-0.8903465,0.1755753,0.9819343,0.07055707,0.873036,-0.1884229,0.4497831,moving,52.45903,-14.42062,-0.9284163,0.6420429,7.4816035688333375,0.23696826125744236
05/04/2023 16:18:22.302302,325,True,True,True,True,Eyes,0.2372087,0.1398142,-1.889169,0.7873287,-0.1557957,0.5965243,0.0,0.0,0.0,0.0,0.0,0.0,0.0,-1.780787,-0.06375968,0.5929903,0.2822936,0.1432428,-1.851133,0.07782711,0.5238307,-0.05960186,0.8461631,11.19516,63.40982,358.8709,0.09952305,0.07045855,-0.992537,0.1418574,0.005199683,0.2736121,1.953522,-0.2096074,-0.9846432,-0.02716613,0.01878569,1.914999,0.444098,-0.01932933,-0.8957698,0.1824022,0.9807811,0.0692663,0.8772151,-0.1941514,0.4390886,moving,52.85039,-14.63712,-0.8127418,0.5620399,7.498247136158387,0.24270181811773173
05/04/2023 16:18:22.322380,326,True,True,True,True,Eyes,0.2395506,0.1398497,-1.886533,0.7913352,-0.1569444,0.5908951,0.0,0.0,0.0,0.0,0.0,0.0,0.0,-1.784959,-0.06912306,0.5651592,0.2880416,0.142821,-1.845778,0.07932161,0.5287402,-0.06229084,0.8427702,11.51188,64.08252,358.7654,0.1019984,0.07073812,-0.9922658,0.1333459,0.004887702,0.2571954,1.968775,-0.2231562,-1.003628,-0.02319264,0.01603805,1.915,0.4331071,-0.02111267,-0.9010952,0.1888748,0.9796559,0.06782842,0.8813311,-0.1995711,0.4282836,moving,53.25106,-14.87458,-0.6938777,0.4798386,7.515488137362674,0.24886894600638199
05/04/2023 16:18:22.332532,327,True,True,True,True,Eyes,0.2420419,0.1398842,-1.883768,0.795536,-0.1580915,0.5849184,0.0,0.0,0.0,0.0,0.0,0.0,0.0,-1.788826,-0.07576694,0.5374147,0.2940133,0.142756,-1.840551,0.08039599,0.5336109,-0.06479045,0.8394034,11.7777,64.74977,358.6555,0.1043641,0.07100034,-0.992001,0.1253452,0.00459444,0.2417636,1.984,-0.2345543,-1.022406,-0.01939273,0.01341059,1.915,0.4221231,-0.0229703,-0.9062474,0.194571,0.9786773,0.06582353,0.8854119,-0.2041151,0.4175916,moving,53.67479,-15.1245,-0.5802003,0.4012313,7.533706040509131,0.2553683322929695
05/04/2023 16:18:22.352637,328,True,True,True,True,Eyes,0.2446956,0.1399285,-1.880911,0.7997518,-0.1592161,0.5788327,0.0,0.0,0.0,0.0,0.0,0.0,0.0,-1.791349,-0.08345807,0.5124692,0.2997948,0.142936,-1.835269,0.08065263,0.5378768,-0.06675686,0.8364971,11.93168,65.33038,358.5404,0.1066398,0.07124731,-0.9917412,0.1178245,0.004318773,0.2272578,1.99813,-0.2420654,-1.038391,-0.01556581,0.01076394,1.915,0.4124642,-0.02492146,-0.9106329,0.1984462,0.9780774,0.06311747,0.8890964,-0.2067453,0.4083675,moving,54.10428,-15.37967,-0.4657105,0.322048,7.552195203399661,0.26199089366743566
05/04/2023 16:18:22.372239,329,True,True,True,True,Eyes,0.2475175,0.1399812,-1.877969,0.8040993,-0.1601562,0.5725158,0.0,0.0,0.0,0.0,0.0,0.0,0.0,-1.794256,-0.0906731,0.486095,0.3062392,0.1430927,-1.830193,0.08050764,0.5423325,-0.0679771,0.8335306,12.00186,65.93957,358.477,0.1088442,0.07148142,-0.9914848,0.110755,0.004059647,0.2136223,2.01358,-0.2469919,-1.055439,-0.01157469,0.008004185,1.915001,0.4025092,-0.02599818,-0.9150468,0.2006458,0.9777952,0.06047877,0.8931561,-0.2079435,0.398788,moving,54.54927,-15.62849,-0.3463041,0.2394795,7.571153321426435,0.2685599967938693
05/04/2023 16:18:22.382339,330,True,True,True,True,Eyes,0.250515,0.1400294,-1.874954,0.8084595,-0.160972,0.5661107,0.0,0.0,0.0,0.0,0.0,0.0,0.0,-1.79639,-0.09835225,0.4629318,0.3130744,0.1433282,-1.825497,0.07912396,0.5459977,-0.06811351,0.831256,11.88361,66.43303,358.4285,0.1109934,0.07170463,-0.9912304,0.1041097,0.003816068,0.200805,2.028723,-0.2455078,-1.068745,-0.007833183,0.005416699,1.915,0.394494,-0.0268365,-0.9185066,0.1996425,0.9781999,0.05716489,0.8969489,-0.2059242,0.3912517,moving,54.99899,-15.87295,-0.2343633,0.1620643,7.590223673929126,0.27506725578088154
05/04/2023 16:18:22.402266,331,True,True,True,True,Eyes,0.2536775,0.1400716,-1.87187,0.8129684,-0.1616266,0.5594276,0.0,0.0,0.0,0.0,0.0,0.0,0.0,-1.798826,-0.1055884,0.4372008,0.3200283,0.1432803,-1.820747,0.07797546,0.5501923,-0.06835485,0.8285746,11.79635,67.00398,358.3918,0.1131037,0.07191808,-0.9909763,0.09786312,0.003587104,0.1887567,2.044652,-0.245465,-1.084678,-0.003898442,0.002695747,1.914999,0.3852322,-0.02747121,-0.9224107,0.1990772,0.9784949,0.05400034,0.9010907,-0.2044336,0.3824166,moving,55.46699,-16.11476,-0.1166392,0.08065528,7.609908765181042,0.28160242573392646
05/04/2023 16:18:22.422315,332,True,True,True,True,Eyes,0.2570139,0.1400915,-1.868727,0.8174779,-0.1621729,0.5526571,0.0,0.0,0.0,0.0,0.0,0.0,0.0,-1.800961,-0.1130314,0.4115577,0.3269955,0.143219,-1.816089,0.07650691,0.5543575,-0.06837428,0.8259296,11.66483,67.57033,358.3546,0.1151881,0.07212259,-0.9907213,0.09199134,0.003371878,0.1774313,2.060537,-0.2438887,-1.100405,-0.0001119375,7.719547e-05,1.914999,0.3760256,-0.02812032,-0.9261825,0.197769,0.9789433,0.05057102,0.9052581,-0.2021862,0.373669,moving,55.93929,-16.35391,-0.003349113,0.002309648,7.62971250327173,0.2881058782878726
05/04/2023 16:18:22.432650,333,True,True,True,True,Eyes,0.2605029,0.140067,-1.865517,0.8221083,-0.1626598,0.5456005,0.0,0.0,0.0,0.0,0.0,0.0,0.0,-1.802947,-0.1203996,0.3853736,0.3343188,0.1426706,-1.811493,0.07502668,0.5585436,-0.06854056,0.8232268,11.54244,68.14062,358.3017,0.1172593,0.07231806,-0.9904642,0.08647186,0.003169565,0.1667854,2.076539,-0.2431146,-1.116451,0.003689766,-0.002551481,1.914999,0.3666625,-0.0290375,-0.9299006,0.1966602,0.9793464,0.04696215,0.9093312,-0.2000937,0.3648002,moving,56.42936,-16.60089,0.1103958,-0.07633895,7.650246459825764,0.2948320666899028
05/04/2023 16:18:22.452691,334,True,True,True,True,Eyes,0.2641469,0.1399903,-1.862261,0.8266956,-0.1631706,0.5384698,0.0,0.0,0.0,0.0,0.0,0.0,0.0,-1.804665,-0.125292,0.3591903,0.3413832,0.1415579,-1.806918,0.07448065,0.5627057,-0.06895863,0.820402,11.52614,68.71857,358.2849,0.1193273,0.07250325,-0.9902036,0.08128355,0.002979391,0.1567783,2.091562,-0.2466843,-1.133526,0.007920742,-0.005477209,1.914999,0.3572139,-0.02932623,-0.933562,0.196969,0.9793947,0.04460132,0.9130177,-0.199815,0.3556298,moving,56.92171,-16.8582,0.2369832,-0.1638748,7.670992964299761,0.3017621229812564
05/04/2023 16:18:22.472119,335,True,True,True,True,Eyes,0.2679483,0.1398934,-1.858943,0.8313015,-0.1637723,0.5311464,0.0,0.0,0.0,0.0,0.0,0.0,0.0,-1.806417,-0.1288214,0.3333586,0.3487545,0.1403852,-1.802645,0.07446384,0.5667048,-0.06941462,0.8176078,11.56267,69.28123,358.2973,0.1214018,0.07267655,-0.9899386,0.07640653,0.002800628,0.1473716,2.106037,-0.2517481,-1.150253,0.01173949,-0.008118026,1.915,0.3480546,-0.02910985,-0.9370221,0.1979059,0.9792735,0.04308923,0.9163467,-0.2004396,0.3466017,moving,57.42413,-17.13649,0.351235,-0.2428856,7.692364119865291,0.30912935762292537
05/04/2023 16:18:22.482104,336,True,True,True,True,Eyes,0.271907,0.1397928,-1.855597,0.8358189,-0.1643461,0.5238292,0.0,0.0,0.0,0.0,0.0,0.0,0.0,-1.807695,-0.1304839,0.3089789,0.3562137,0.1395105,-1.798306,0.0753824,0.5703096,-0.07001028,0.8149621,11.69622,69.79996,358.3539,0.1234911,0.07283823,-0.9896684,0.07182214,0.00263259,0.1385293,2.119194,-0.2595043,-1.165648,0.01532018,-0.01059432,1.914999,0.3396912,-0.02812884,-0.9401163,0.2000941,0.9788321,0.04301253,0.9190062,-0.2027227,0.338129,moving,57.92357,-17.41872,0.458362,-0.3169733,7.713679772093697,0.31655798231286403
05/04/2023 16:18:22.502270,337,True,True,True,True,Eyes,0.2760314,0.139654,-1.852215,0.8403121,-0.1649159,0.5164092,0.0,0.0,0.0,0.0,0.0,0.0,0.0,-1.808573,-0.1311964,0.2880839,0.3638068,0.1395159,-1.794247,0.0757497,0.5731136,-0.06949622,0.8130025,11.70237,70.20569,358.4683,0.1256028,0.07298925,-0.9893914,0.06751281,0.002474635,0.1302175,2.131954,-0.2623998,-1.177896,0.01920205,-0.01327854,1.914999,0.3334221,-0.02617482,-0.9424142,0.1998276,0.9788645,0.04351092,0.9213569,-0.2028279,0.3316055,moving,58.42743,-17.71095,0.5744962,-0.3972805,7.735279686394128,0.3241933707458293
05/04/2023 16:18:22.522307,338,True,True,True,True,Eyes,0.2803258,0.1394693,-1.848819,0.8446876,-0.1653929,0.5090658,0.0,0.0,0.0,0.0,0.0,0.0,0.0,-1.809301,-0.1327727,0.2674456,0.3717395,0.1385501,-1.790346,0.07542328,0.5757872,-0.06901241,0.8111829,11.64441,70.58537,358.531,0.1277445,0.0731287,-0.9891069,0.06346204,0.002326156,0.1224045,2.145072,-0.2642182,-1.189444,0.02314335,-0.01600396,1.914999,0.3274129,-0.02510786,-0.9445477,0.1988189,0.9790972,0.04289123,0.9237271,-0.2018371,0.325561,moving,58.924,-17.99871,0.6924033,-0.478819,7.756564003068604,0.3317137405274043
05/04/2023 16:18:22.532716,339,True,True,True,True,Eyes,0.2847843,0.1392247,-1.845401,0.8490027,-0.1658874,0.5016732,0.0,0.0,0.0,0.0,0.0,0.0,0.0,-1.809796,-0.1349917,0.2487365,0.3801388,0.1372477,-1.786649,0.07473177,0.5779444,-0.06862357,0.8097446,11.55734,70.88716,358.5522,0.1299227,0.07325523,-0.9888138,0.05965432,0.002186587,0.1150602,2.157901,-0.2653407,-1.198614,0.02695203,-0.01863744,1.915,0.3225422,-0.02475354,-0.9462315,0.1975168,0.979412,0.04170608,0.925718,-0.2003485,0.3207909,moving,59.42129,-18.29741,0.8063371,-0.5576047,7.778013298744787,0.3394428115781557
05/04/2023 16:18:22.552467,340,True,True,True,True,Eyes,0.2894122,0.1389311,-1.841992,0.8531831,-0.1663534,0.4943735,0.0,0.0,0.0,0.0,0.0,0.0,0.0,-1.810217,-0.1358972,0.2310963,0.3886389,0.1354635,-1.783079,0.07405012,0.5798081,-0.06799017,0.8085275,11.45426,71.14867,358.5925,0.1321429,0.07336688,-0.9885113,0.05607506,0.002055392,0.1081566,2.170462,-0.2664443,-1.206708,0.03080976,-0.02130541,1.915,0.3183998,-0.02407411,-0.9476508,0.1958135,0.9797878,0.04090062,0.9275121,-0.1985856,0.3166784,moving,59.91003,-18.59774,0.9217321,-0.6374202,7.799180043684794,0.34716616882439755
05/04/2023 16:18:22.572127,341,True,True,True,True,Eyes,0.2942192,0.1385871,-1.838601,0.8573139,-0.1668998,0.486988,0.0,0.0,0.0,0.0,0.0,0.0,0.0,-1.810858,-0.1378259,0.2126206,0.3971097,0.1339446,-1.779824,0.07381352,0.5819127,-0.06802711,0.8070324,11.43824,71.44725,358.6031,0.1344102,0.07346235,-0.9881985,0.05271056,0.001932068,0.1016672,2.182763,-0.2703547,-1.216782,0.0349732,-0.02418446,1.915,0.3134999,-0.02389413,-0.9492875,0.1957062,0.9798478,0.03996815,0.9292022,-0.1983115,0.3118584,moving,60.40173,-18.91754,1.046263,-0.7235479,7.820699954578266,0.3552680904279276
05/04/2023 16:18:22.582542,342,True,True,True,True,Eyes,0.2991977,0.1381929,-1.83523,0.8613184,-0.1674536,0.479677,0.0,0.0,0.0,0.0,0.0,0.0,0.0,-1.811806,-0.1404434,0.1938289,0.4060965,0.1325691,-1.776921,0.07376475,0.584017,-0.06840448,0.8054836,11.46278,71.74702,358.5946,0.1367304,0.07354035,-0.9878743,0.04954792,0.001816144,0.09556717,2.195113,-0.2750124,-1.22673,0.03850204,-0.02662453,1.915,0.3084899,-0.02403766,-0.9509239,0.1963571,0.9797592,0.03893383,0.9307405,-0.1987313,0.3069658,moving,60.88612,-19.24392,1.151806,-0.7965406,7.8420443960844395,0.3634626159829032
05/04/2023 16:18:22.602354,343,True,True,True,True,Eyes,0.3043529,0.1377548,-1.831902,0.8652766,-0.1681631,0.4722473,0.0,0.0,0.0,0.0,0.0,0.0,0.0,-1.812748,-0.1419947,0.1749837,0.4152399,0.1308619,-1.77406,0.07405595,0.5860688,-0.06880122,0.8039312,11.52037,72.04385,358.6071,0.1391074,0.07359967,-0.987538,0.04657505,0.001707176,0.08983314,2.207345,-0.281318,-1.237083,0.04238892,-0.02931272,1.914999,0.3035796,-0.02381913,-0.9525082,0.1974266,0.9795642,0.0384273,0.9321277,-0.1997163,0.3020783,moving,61.37534,-19.60037,1.268047,-0.8769527,7.86394344729643,0.37224290574901564
05/04/2023 16:18:22.612558,344,True,True,True,True,Eyes,0.3096722,0.1372798,-1.828612,0.8690879,-0.1688496,0.4649475,0.0,0.0,0.0,0.0,0.0,0.0,0.0,-1.813699,-0.1430976,0.1574794,0.4244506,0.1294087,-1.771405,0.07448828,0.587815,-0.06910431,0.8025894,11.58422,72.29939,358.6339,0.141545,0.07363947,-0.9871886,0.0,0.0,0.0,2.21914,-0.2875914,-1.246433,0.04632196,-0.03203238,1.914999,0.2993962,-0.0233541,-0.953843,0.1984954,0.9793522,0.03832589,0.9332532,-0.2008081,0.2978501,moving,61.85397,-19.95892,1.385659,-0.9583027,7.8854935656615135,0.3810176426285615
05/04/2023 16:18:22.632683,345,True,True,True,True,Eyes,0.3151875,0.1367588,-1.825443,0.8732969,-0.1706033,0.4563408,0.0,0.0,0.0,0.0,0.0,0.0,0.0,-1.814665,-0.143933,0.1405815,0.4334952,0.1279873,-1.768952,0.07464762,0.5894666,-0.0690878,0.8013638,11.60069,72.53982,358.6707,0.1440463,0.07365938,-0.9868253,0.0,0.0,0.0,2.23088,-0.2922237,-1.25536,0.05018273,-0.03470198,1.914999,0.2955123,-0.02272436,-0.9550686,0.1987334,0.9793092,0.0381899,0.9344397,-0.2010897,0.2939139,moving,62.41071,-20.49828,1.501097,-1.038151,7.912119283943229,0.39352318737653846
05/04/2023 16:18:22.652467,346,True,True,True,True,Eyes,0.3208754,0.1362026,-1.822323,0.8773314,-0.172243,0.4479086,0.0,0.0,0.0,0.0,0.0,0.0,0.0,-1.815857,-0.1463155,0.1247778,0.4433899,0.1266888,-1.766825,0.07435434,0.5907502,-0.06920837,0.8004349,11.58382,72.72123,358.658,0.1466146,0.07365822,-0.986447,0.0,0.0,0.0,2.243097,-0.2956533,-1.262627,0.0539965,-0.03733924,1.915,0.2924488,-0.0229439,-0.9560061,0.1986433,0.9793633,0.03726189,0.9354222,-0.2008013,0.2909712,moving,62.95409,-21.03422,1.615119,-1.117029,7.938227443722532,0.4059076418720683
05/04/2023 16:18:22.662235,347,True,True,True,True,Eyes,0.3267305,0.1356115,-1.819215,0.8812739,-0.1738663,0.4394621,0.0,0.0,0.0,0.0,0.0,0.0,0.0,-1.817008,-0.149242,0.108168,0.4529719,0.1252314,-1.764831,0.07372405,0.5922894,-0.06928603,0.7993481,11.53329,72.93592,358.6295,0.1492524,0.07363578,-0.986053,0.0,0.0,0.0,2.255501,-0.2982582,-1.271135,0.05794859,-0.0400722,1.915,0.2887853,-0.02343536,-0.9571069,0.1980993,0.9795284,0.0357876,0.9366748,-0.1999371,0.287516,moving,63.49609,-21.58545,1.733262,-1.198764,7.964481524329267,0.4185736360828294
05/04/2023 16:18:22.682372,348,True,True,True,True,Eyes,0.4773887,0.1198839,-1.743097,0.953457,-0.2055375,0.2206222,0.0,0.0,0.0,0.0,0.0,0.0,0.0,-1.818555,-0.1520035,0.09047353,0.4630929,0.1238072,-1.763136,0.07286244,0.5939654,-0.0690575,0.7982025,11.44069,73.16926,358.6151,0.151962,0.07359202,-0.9856423,0.0,0.0,0.0,2.268825,-0.2993213,-1.280281,0.06171981,-0.04267986,1.915,0.2848724,-0.0236882,-0.9582726,0.1967993,0.9798443,0.03428244,0.9381458,-0.1983535,0.2837924,moving,76.97151,-42.97276,1.845985,-1.276748,8.715137095254745,0.8778874424413873
05/04/2023 16:18:22.702486,349,True,True,True,True,Eyes,0.4777946,0.1198341,-1.742999,0.9535248,-0.2056027,0.220268,0.0,0.0,0.0,0.0,0.0,0.0,0.0,-1.820367,-0.153006,0.07176852,0.4733192,0.1222781,-1.761623,0.07172965,0.5958076,-0.06801249,0.7970211,11.2672,73.42717,358.6596,0.1633918,0.07288167,-0.983865,0.4519747,-0.04718298,0.2283522,2.283014,-0.2978624,-1.290377,0.06559578,-0.0453602,1.915,0.2807754,-0.02294065,-0.9594993,0.1938889,0.9804584,0.03329537,0.9399852,-0.1953848,0.2797365,moving,76.99261,-43.02775,1.961824,-1.3569,8.716586528945378,0.879010806726413
05/04/2023 16:18:22.722321,350,True,True,True,True,Eyes,0.4785987,0.119752,-1.742851,0.9536479,-0.2055789,0.2197566,0.0,0.0,0.0,0.0,0.0,0.0,0.0,-1.822289,-0.1538186,0.05287552,0.4837042,0.121025,-1.760277,0.07079174,0.5976641,-0.06697915,0.7958015,11.11241,73.68978,358.7162,0.1735272,0.07224315,-0.9821754,0.4248562,-0.04435201,0.2146511,2.297231,-0.2968341,-1.301031,0.06963956,-0.04815659,1.915,0.2766228,-0.02198486,-0.9607271,0.1912236,0.9810046,0.03261027,0.9417608,-0.1927344,0.2755723,moving,77.02341,-43.09087,2.082661,-1.440516,8.71848370767094,0.8803282338219395
05/04/2023 16:18:22.732349,351,True,True,True,True,Eyes,0.4798035,0.1197182,-1.742667,0.9538175,-0.2056468,0.2189552,0.0,0.0,0.0,0.0,0.0,0.0,0.0,-1.82402,-0.1552677,0.03415263,0.4939731,0.120157,-1.758942,0.07000469,0.5995235,-0.06618732,0.7945378,10.98806,73.95398,358.7603,0.1826777,0.07165743,-0.9805577,0.3993648,-0.04169089,0.201772,2.31101,-0.296184,-1.311492,0.07334259,-0.05071753,1.914999,0.2723817,-0.02123774,-0.9619548,0.1891155,0.9814371,0.03188102,0.9434211,-0.1906044,0.2713419,moving,77.07136,-43.20475,2.1933,-1.517087,8.721636273604396,0.8826727189152911
05/04/2023 16:18:22.752725,352,True,True,True,True,Eyes,0.4813896,0.1197467,-1.742452,0.9540398,-0.2055896,0.2180389,0.0,0.0,0.0,0.0,0.0,0.0,0.0,-1.82556,-0.1613894,0.01625729,0.5046601,0.1212775,-1.757723,0.06906216,0.6012501,-0.06623243,0.7933109,10.90727,74.19418,358.714,0.1909652,0.07112294,-0.9790164,0.3754029,-0.03918943,0.1896657,2.324637,-0.2952179,-1.321535,0.07724389,-0.05341495,1.915,0.2682232,-0.02203855,-0.9631047,0.188133,0.9816874,0.02993101,0.9448081,-0.18922,0.2674575,moving,77.12656,-43.3167,2.309844,-1.597733,8.725021446896466,0.8850117513303007
05/04/2023 16:18:22.762461,353,True,True,True,True,Eyes,0.4833373,0.1197508,-1.742213,0.9543335,-0.2054978,0.2168368,0.0,0.0,0.0,0.0,0.0,0.0,0.0,-1.827198,-0.1678181,-0.001418948,0.5153338,0.1228859,-1.756744,0.06745207,0.6029484,-0.06573896,0.7922006,10.72793,74.425,358.6693,0.198498,0.07063878,-0.9775521,0.3528787,-0.03683807,0.1782858,2.33882,-0.2906101,-1.331423,0.08122897,-0.05617056,1.915,0.2642631,-0.02281665,-0.9641807,0.1854971,0.9822572,0.02759674,0.9464439,-0.1861456,0.2638067,moving,77.199,-43.46207,2.428872,-1.680112,8.729444193333904,0.888052283188237
05/04/2023 16:18:22.782100,354,True,True,True,True,Eyes,0.4856487,0.1197423,-1.741949,0.9546591,-0.2053995,0.2154925,0.0,0.0,0.0,0.0,0.0,0.0,0.0,-1.829011,-0.1713257,-0.01972139,0.5256829,0.1226769,-1.756027,0.06500367,0.6047488,-0.0642779,0.7911522,10.40469,74.66541,358.6551,0.2053725,0.07019907,-0.9761627,0.331706,-0.03462778,0.1675886,2.353655,-0.282888,-1.341387,0.08494115,-0.05873766,1.915,0.2602945,-0.02308541,-0.9652532,0.180329,0.9832858,0.02511162,0.94854,-0.1805996,0.2601068,moving,77.27997,-43.62632,2.539729,-1.756849,8.734410191174401,0.89148397174913
05/04/2023 16:18:22.802436,355,True,True,True,True,Eyes,0.4882997,0.1198073,-1.74169,0.954975,-0.2056193,0.2138769,0.0,0.0,0.0,0.0,0.0,0.0,0.0,-1.830428,-0.1769124,-0.0400914,0.5368407,0.1217261,-1.755094,0.06381726,0.6068435,-0.06464104,0.7896139,10.32526,74.95725,358.5655,0.2116746,0.06979909,-0.9748442,0.3118036,-0.03255012,0.1575333,2.367887,-0.2840204,-1.353231,0.08870021,-0.06133734,1.915,0.255125,-0.02462876,-0.9665945,0.1795371,0.9834978,0.02232799,0.9500936,-0.179236,0.2553367,moving,77.3763,-43.8723,2.651968,-1.834554,8.740962801034726,0.8965172528581505
05/04/2023 16:18:22.822399,356,True,True,True,True,Eyes,0.4912809,0.1199663,-1.741425,0.9553267,-0.2058189,0.2121069,0.0,0.0,0.0,0.0,0.0,0.0,0.0,-1.831708,-0.1841402,-0.05883646,0.5473522,0.1236459,-1.754321,0.06448652,0.6088357,-0.06599246,0.7879122,10.48491,75.25178,358.5158,0.2174804,0.06943902,-0.9735912,0.2930954,-0.03059711,0.1480813,2.3798,-0.2901703,-1.365988,0.09264097,-0.06406245,1.915,0.2499283,-0.02546914,-0.9679293,0.1825159,0.982973,0.02126231,0.9509069,-0.1819766,0.2503213,moving,77.48193,-44.13802,2.769609,-1.916,8.748096940497383,0.901961130050238
05/04/2023 16:18:22.842262,357,True,True,True,True,Eyes,0.4945917,0.1201723,-1.741145,0.9556917,-0.2062147,0.2100685,0.0,0.0,0.0,0.0,0.0,0.0,0.0,-1.83322,-0.191196,-0.07922578,0.5581449,0.1260518,-1.753885,0.06401643,0.6111239,-0.06624635,0.7861559,10.46432,75.58163,358.4898,0.2228568,0.06912012,-0.9723974,0.2755097,-0.02876128,0.1391964,2.393386,-0.2898764,-1.379865,0.09652898,-0.06675104,1.915,0.2442783,-0.025916,-0.9693589,0.1824038,0.9830266,0.01968433,0.9523954,-0.1816232,0.2448592,moving,77.60309,-44.46959,2.885653,-1.996347,8.756621324484154,0.9087088251051426
05/04/2023 16:18:22.852389,358,True,True,True,True,Eyes,0.4982138,0.120436,-1.740849,0.9561096,-0.2065114,0.2078643,0.0,0.0,0.0,0.0,0.0,0.0,0.0,-1.834441,-0.1959723,-0.1014855,0.5692405,0.1274029,-1.753172,0.06354392,0.6136576,-0.06603589,0.784236,10.41133,75.9499,358.5093,0.2278649,0.06884088,-0.9712559,0.2589791,-0.0270356,0.1308446,2.40768,-0.2895711,-1.394799,0.1005089,-0.06950297,1.915,0.2381274,-0.02558702,-0.970897,0.1815639,0.9832029,0.01862001,0.9541122,-0.1807137,0.2387731,moving,77.73441,-44.81293,3.004416,-2.078579,8.765656166413404,0.91572096014609
05/04/2023 16:18:22.871986,359,True,True,True,True,Eyes,0.5021391,0.1207619,-1.740543,0.9565492,-0.2069032,0.2054378,0.0,0.0,0.0,0.0,0.0,0.0,0.0,-1.83565,-0.1995058,-0.1235887,0.5802259,0.1289723,-1.752539,0.0628879,0.6161485,-0.06524616,0.7823996,10.30043,76.31252,358.5673,0.2325578,0.06860046,-0.9701599,0.2434404,-0.02541347,0.122994,2.422178,-0.2873237,-1.409936,0.1048249,-0.07248741,1.915,0.2322078,-0.02460054,-0.9723551,0.1795937,0.9835761,0.01800428,0.9559424,-0.1788096,0.2328121,moving,77.87873,-45.20361,3.133178,-2.16775,8.775755577579954,0.9236782221622141
05/04/2023 16:18:22.882196,360,True,True,True,True,Eyes,0.5063508,0.1211168,-1.740231,0.9570513,-0.2071432,0.2028411,0.0,0.0,0.0,0.0,0.0,0.0,0.0,-1.836682,-0.2024651,-0.1456095,0.5912269,0.1309466,-1.751828,0.06233669,0.6186004,-0.06423346,0.7805907,10.18276,76.67194,358.6518,0.2369828,0.06839829,-0.9691029,0.2288339,-0.02388866,0.1156143,2.436508,-0.2836367,-1.423886,0.1080655,-0.07472824,1.915,0.2264153,-0.02315706,-0.9737555,0.1774031,0.9839764,0.0178492,0.9577392,-0.1767886,0.2268954,moving,78.03359,-45.6012,3.229836,-2.234696,8.786316984711043,0.931810186087554
05/04/2023 16:18:22.902618,361,True,True,True,True,Eyes,0.5108483,0.1214771,-1.73992,0.9575614,-0.207517,0.2000322,0.0,0.0,0.0,0.0,0.0,0.0,0.0,-1.837478,-0.2042578,-0.1700152,0.6022157,0.1319416,-1.751251,0.06113147,0.6214994,-0.06269712,0.7785054,9.96897,77.09263,358.7414,0.2411816,0.06823197,-0.9680782,0.2151039,-0.02245534,0.1086775,2.451792,-0.2782182,-1.440464,0.111944,-0.07741033,1.915,0.2196152,-0.02163376,-0.9753468,0.1736064,0.984664,0.0172499,0.9600157,-0.1731148,0.2200029,moving,78.20074,-46.05214,3.345496,-2.314815,8.797994373066679,0.940997228597589
05/04/2023 16:18:22.922150,362,True,True,True,True,Eyes,0.5156038,0.1218292,-1.739595,0.9581118,-0.2078595,0.1970186,0.0,0.0,0.0,0.0,0.0,0.0,0.0,-1.837453,-0.2080453,-0.1954845,0.613321,0.1324517,-1.750436,0.06030563,0.6246141,-0.06220138,0.7761132,9.864092,77.54758,358.7661,0.2451913,0.06809799,-0.9670798,0.2021977,-0.02110802,0.1021568,2.466422,-0.2770237,-1.458141,0.1159164,-0.08015741,1.915001,0.2119766,-0.02121514,-0.9770445,0.1718861,0.9849884,0.01590428,0.9620402,-0.1713117,0.2124411,moving,78.38012,-46.53377,3.463929,-2.396867,8.810496801018301,0.950813152945006
05/04/2023 16:18:22.932702,363,True,True,True,True,Eyes,0.5205982,0.1221773,-1.739241,0.9586079,-0.2085479,0.1938522,0.0,0.0,0.0,0.0,0.0,0.0,0.0,-1.837335,-0.2114379,-0.2202469,0.6240917,0.1328516,-1.749822,0.0599011,0.6276444,-0.0619262,0.7737181,9.812728,77.99532,358.8001,0.2490441,0.06799249,-0.9661022,0.1900658,-0.01984154,0.0960274,2.48013,-0.277565,-1.475772,0.1197447,-0.08280472,1.915,0.2044554,-0.02063364,-0.9786584,0.17102,0.985154,0.01495786,0.9638205,-0.1704284,0.2049488,moving,78.56767,-47.09152,3.578038,-2.475931,8.82425926116537,0.9620946477093933
05/04/2023 16:18:22.952636,364,True,True,True,True,Eyes,0.5258124,0.122531,-1.738871,0.9591192,-0.209233,0.1905569,0.0,0.0,0.0,0.0,0.0,0.0,0.0,-1.836318,-0.2146926,-0.2456501,0.634726,0.1329203,-1.748701,0.06053472,0.63082,-0.06233688,0.7710484,9.903957,78.47588,358.8508,0.2527678,0.0679123,-0.9651404,0.1786619,-0.01865104,0.09026576,2.492681,-0.2830533,-1.494216,0.1235674,-0.08544824,1.915,0.1963604,-0.01975649,-0.9803327,0.1725025,0.9848993,0.0147037,0.9652386,-0.1719971,0.1968033,moving,78.76286,-47.67461,3.691952,-2.554871,8.838615734369222,0.9738849441414258
05/04/2023 16:18:22.972054,365,True,True,True,True,Eyes,0.5312573,0.1228843,-1.738496,0.9595768,-0.2100884,0.1872836,0.0,0.0,0.0,0.0,0.0,0.0,0.0,-1.835858,-0.2172978,-0.2680215,0.6451513,0.1333534,-1.747978,0.06083851,0.6333956,-0.06230697,0.7689126,9.932562,78.86555,358.9094,0.2563865,0.067855,-0.9641894,0.1679422,-0.01753198,0.08484981,2.50491,-0.2862272,-1.510221,0.1275621,-0.08821082,1.914999,0.1898558,-0.01874756,-0.9816329,0.1728869,0.984833,0.01462905,0.9664702,-0.1724889,0.1902175,moving,78.95624,-48.28455,3.810963,-2.637358,8.853250211391511,0.9861722461531904
05/04/2023 16:18:22.982359,366,True,True,True,True,Eyes,0.5369201,0.1232406,-1.738101,0.9600651,-0.2108078,0.1839432,0.0,0.0,0.0,0.0,0.0,0.0,0.0,-1.835204,-0.2200882,-0.2886959,0.6558912,0.1338219,-1.746899,0.06029031,0.6355153,-0.06186134,0.7672409,9.854227,79.17904,358.9361,0.2599218,0.06781802,-0.9632451,0.1578656,-0.01648006,0.07975882,2.517745,-0.2857243,-1.522914,0.1312523,-0.09076265,1.915,0.1845871,-0.01829428,-0.9826459,0.1715559,0.9850765,0.01388673,0.9677274,-0.171142,0.1849709,moving,79.15388,-48.89324,3.920869,-2.71354,8.868019887338766,0.9984541645638959
05/04/2023 16:18:23.002562,367,True,True,True,True,Eyes,0.5428002,0.1236053,-1.73771,0.9604959,-0.2116574,0.1806897,0.0,0.0,0.0,0.0,0.0,0.0,0.0,-1.834501,-0.2233728,-0.3095247,0.6665633,0.1341085,-1.746081,0.05930017,0.6376817,-0.06138388,0.7655571,9.734453,79.49531,358.9328,0.2633928,0.06779932,-0.962303,0.1483937,-0.01549126,0.07497329,2.530725,-0.284281,-1.53611,0.135179,-0.09347786,1.915,0.1791882,-0.01835647,-0.9836436,0.169615,0.9854311,0.01250857,0.9690833,-0.1690821,0.1796911,moving,79.34596,-49.51295,4.037786,-2.79459,8.882732768166608,1.0109195866019847
05/04/2023 16:18:23.022411,368,True,True,True,True,Eyes,0.5488819,0.1239963,-1.737295,0.960965,-0.2123415,0.1773617,0.0,0.0,0.0,0.0,0.0,0.0,0.0,-1.833247,-0.2284736,-0.3294913,0.677538,0.1347945,-1.744801,0.05717392,0.6395954,-0.0607403,0.7641726,9.501874,79.76205,358.8557,0.2668164,0.06779723,-0.9613594,0.1394901,-0.01456178,0.07047489,2.54449,-0.2788659,-1.546895,0.1390175,-0.09613219,1.915,0.1744568,-0.01969581,-0.984468,0.1659685,0.9860835,0.009683042,0.970577,-0.1650799,0.1752978,moving,79.54282,-50.12912,4.152044,-2.873811,8.89757010861589,1.0233387906900386
05/04/2023 16:18:23.032608,369,True,True,True,True,Eyes,0.5551553,0.124397,-1.736863,0.9613985,-0.213208,0.1739402,0.0,0.0,0.0,0.0,0.0,0.0,0.0,-1.831812,-0.2334347,-0.3506513,0.6883555,0.1357709,-1.743765,0.05536876,0.6417987,-0.06015626,0.7625026,9.302917,80.07703,358.8,0.2702069,0.06781131,-0.960411,0.1311207,-0.01368808,0.0662464,2.557952,-0.2742339,-1.559616,0.142883,-0.09880519,1.915,0.1689515,-0.02066741,-0.9854077,0.1628098,0.9866311,0.007221228,0.9720845,-0.161654,0.1700577,moving,79.74475,-50.79161,4.267077,-2.953579,8.913177687554194,1.0366502318357216
05/04/2023 16:18:23.052246,370,True,True,True,True,Eyes,0.561612,0.1247988,-1.736405,0.9618667,-0.2139522,0.1704022,0.0,0.0,0.0,0.0,0.0,0.0,0.0,-1.829859,-0.2377481,-0.3730077,0.6990924,0.1365179,-1.742606,0.05385107,0.6442455,-0.05960922,0.7605883,9.132778,80.4329,358.7644,0.2735767,0.06784026,-0.9594544,0.1232534,-0.01286679,0.06227161,2.571184,-0.2709815,-1.573993,0.1471066,-0.1017262,1.915,0.162789,-0.02128953,-0.9864312,0.1600628,0.9870936,0.005111051,0.9735911,-0.1587229,0.1640957,moving,79.95384,-51.46443,4.392726,-3.040735,8.929170940774593,1.05018628973516
05/04/2023 16:18:23.062099,371,True,True,True,True,Eyes,0.561612,0.1247988,-1.736405,0.9618667,-0.2139522,0.1704022,0.0,0.0,0.0,0.0,0.0,0.0,0.0,-1.827422,-0.2417365,-0.3964194,0.7098237,0.1368051,-1.741405,0.05249749,0.6468956,-0.05919604,0.758463,8.98768,80.8222,358.731,0.2769369,0.06788244,-0.9584869,0.1158582,-0.01209478,0.05853532,2.584173,-0.2685054,-1.58877,0.1506185,-0.1041544,1.915,0.1560439,-0.02187523,-0.9875079,0.1577168,0.9874797,0.003047489,0.9750773,-0.1562221,0.1575404,moving,79.95384,-51.46443,4.497166,-3.113175,8.929170940774593,1.05018628973516
05/04/2023 16:18:23.082301,372,True,True,True,True,Eyes,0.561612,0.1247988,-1.736405,0.9618667,-0.2139522,0.1704022,0.0,0.0,0.0,0.0,0.0,0.0,0.0,-1.824307,-0.245106,-0.4216455,0.7206045,0.1370233,-1.74009,0.05230077,0.6499252,-0.05919789,0.755882,8.975657,81.28151,358.7522,0.2799581,0.06791971,-0.9576063,0.1089067,-0.0113691,0.0550232,2.596363,-0.2704762,-1.606216,0.1543616,-0.1067428,1.915001,0.1481857,-0.02151005,-0.9887256,0.1574764,0.9875205,0.002118005,0.9763412,-0.1560148,0.1497238,moving,79.95384,-51.46443,4.608451,-3.190386,8.929170940774593,1.05018628973516
05/04/2023 16:18:23.102604,373,True,True,True,True,Eyes,0.561612,0.1247988,-1.736405,0.9618667,-0.2139522,0.1704022,0.0,0.0,0.0,0.0,0.0,0.0,0.0,-1.820884,-0.2464698,-0.4489841,0.7314354,0.1375047,-1.738979,0.05336286,0.6533844,-0.0591108,0.7528263,9.06704,81.82134,358.882,0.2826749,0.06795268,-0.9568055,0.1023723,-0.01068695,0.0517218,2.60793,-0.275386,-1.626992,0.1582683,-0.1094443,1.915,0.1391896,-0.0192674,-0.9900784,0.1587332,0.9873166,0.003101781,0.9774612,-0.1575901,0.1404825,moving,79.95384,-51.46443,4.724566,-3.270957,8.929170940774593,1.05018628973516
05/04/2023 16:18:23.112554,374,True,True,True,True,Eyes,0.561612,0.1247988,-1.736405,0.9618667,-0.2139522,0.1704022,0.0,0.0,0.0,0.0,0.0,0.0,0.0,-1.81632,-0.2485868,-0.4777138,0.7419361,0.1388844,-1.737604,0.05510848,0.6572297,-0.05927248,0.7493324,9.235944,82.4303,359.0484,0.285118,0.06798187,-0.9560782,0.09622998,-0.01004573,0.0486185,2.618482,-0.2817272,-1.649812,0.1620581,-0.112065,1.915,0.1290719,-0.01639172,-0.9914998,0.1612674,0.9868997,0.004677878,0.9784341,-0.1605004,0.1300244,moving,79.95384,-51.46443,4.837165,-3.349105,8.929170940774593,1.05018628973516
05/04/2023 16:18:23.134664,375,True,True,True,True,Eyes,0.56995,0.1252934,-1.735654,0.9626724,-0.2149724,0.1644652,0.0,0.0,0.0,0.0,0.0,0.0,0.0,-1.811527,-0.2477351,-0.5072155,0.7523888,0.1398107,-1.73627,0.05708326,0.6611741,-0.05875494,0.7457468,9.371419,83.06213,359.2945,0.2873152,0.06800777,-0.9554185,0.09045618,-0.00944299,0.04570138,2.62899,-0.2872804,-1.673702,0.1659966,-0.1147884,1.915,0.1187935,-0.01214867,-0.9928447,0.1631165,0.9865787,0.007444833,0.979429,-0.1628338,0.1191807,moving,80.30505,-52.5821,4.954145,-3.430304,8.95587598011657,1.0726884930131573
05/04/2023 16:18:23.152251,376,True,True,True,True,Eyes,0.5783852,0.1257675,-1.734889,0.9634447,-0.2161116,0.1583355,0.0,0.0,0.0,0.0,0.0,0.0,0.0,-1.80612,-0.244532,-0.5371548,0.7627113,0.1398515,-1.734679,0.06049412,0.6651934,-0.05843425,0.7419189,9.642707,83.72734,359.6382,0.2897175,0.06805134,-0.9546896,0.0,0.0,0.0,2.638094,-0.2977588,-1.698653,0.1698383,-0.117445,1.915,0.1082062,-0.006226349,-0.994109,0.1671875,0.9858518,0.01202329,0.9799693,-0.1675036,0.1077162,moving,80.66726,-53.7714,5.068213,-3.509498,8.983884223459185,1.096583900498103
05/04/2023 16:18:23.162285,377,True,True,True,True,Eyes,0.5783852,0.1257675,-1.734889,0.9634447,-0.2161116,0.1583355,0.0,0.0,0.0,0.0,0.0,0.0,0.0,-1.800856,-0.2441783,-0.5656723,0.7733211,0.1399408,-1.733517,0.06324431,0.6689001,-0.05859028,0.7383359,9.890935,84.3408,359.8889,0.292308,0.06810945,-0.9538954,0.0,0.0,0.0,2.647174,-0.3078233,-1.722376,0.1739292,-0.1202741,1.915,0.09827952,-0.001910364,-0.9951571,0.1711269,0.9851347,0.015009,0.9803351,-0.1717732,0.0971455,moving,80.66726,-53.7714,5.189631,-3.593816,8.983884223459185,1.096583900498103
05/04/2023 16:18:23.182392,378,True,True,True,True,Eyes,0.5783852,0.1257675,-1.734889,0.9634447,-0.2161116,0.1583355,0.0,0.0,0.0,0.0,0.0,0.0,0.0,-1.794754,-0.2457782,-0.593402,0.7836066,0.1400573,-1.732056,0.06631892,0.6725436,-0.05941201,0.7346817,10.21608,84.95325,0.1110176,0.2946378,0.06816132,-0.9531747,0.0,0.0,0.0,2.654952,-0.3200153,-1.745178,0.1774527,-0.1227106,1.915,0.0883107,0.001906908,-0.9960912,0.1765026,0.984144,0.01753228,0.9803306,-0.1773609,0.08657389,moving,80.66726,-53.7714,5.294173,-3.666424,8.983884223459185,1.096583900498103
05/04/2023 16:18:23.202505,379,True,True,True,True,Eyes,0.5877572,0.1262258,-1.73403,0.9641959,-0.2179473,0.1510801,0.0,0.0,0.0,0.0,0.0,0.0,0.0,-1.788327,-0.2474657,-0.6215165,0.794107,0.140293,-1.730706,0.06901339,0.6762096,-0.0599797,0.7310131,10.48727,85.56973,0.328823,0.2967329,0.06820765,-0.9525213,0.0,0.0,0.0,2.662988,-0.3305326,-1.76849,0.1813168,-0.1253826,1.915,0.07828595,0.005643145,-0.996915,0.1810269,0.9832791,0.0197817,0.9803574,-0.1820171,0.07595538,moving,81.09472,-55.27048,5.40878,-3.746035,9.018155623292975,1.126579695792259
05/04/2023 16:18:23.212531,380,True,True,True,True,Eyes,0.5971814,0.1266727,-1.733138,0.9648955,-0.2198003,0.1437513,0.0,0.0,0.0,0.0,0.0,0.0,0.0,-1.78124,-0.2496952,-0.6492537,0.80464,0.1403412,-1.729033,0.0712949,0.6797823,-0.06053247,0.7274264,10.72069,86.17024,0.51691,0.2990935,0.06826653,-0.9517785,0.0,0.0,0.0,2.670994,-0.3401546,-1.79098,0.1853184,-0.1281495,1.915,0.06846397,0.008864193,-0.9976143,0.1849958,0.9825057,0.02142579,0.9803516,-0.1860214,0.06562635,moving,81.52634,-56.81497,5.527415,-3.828457,9.053153379401625,1.157446753656055
05/04/2023 16:18:23.232633,381,True,True,True,True,Eyes,0.6066569,0.1270874,-1.732186,0.9655423,-0.2217304,0.1362484,0.0,0.0,0.0,0.0,0.0,0.0,0.0,-1.774375,-0.2519129,-0.6756119,0.8152848,0.140506,-1.727393,0.07297548,0.6830403,-0.06079283,0.7241789,10.87941,86.71567,0.6791808,0.3016941,0.06833589,-0.9509524,0.0,0.0,0.0,2.679477,-0.3471909,-1.811443,0.1891765,-0.1308175,1.915,0.05952053,0.01164062,-0.9981593,0.1877401,0.9819576,0.02264669,0.9804138,-0.1887425,0.0562612,moving,81.96798,-58.43021,5.641754,-3.907917,9.0894083562918,1.1896863075238002
05/04/2023 16:18:23.252450,382,True,True,True,True,Eyes,0.6161954,0.1274668,-1.731208,0.9661373,-0.2236387,0.1287027,0.0,0.0,0.0,0.0,0.0,0.0,0.0,-1.767521,-0.2547811,-0.699977,0.8258314,0.1403949,-1.725486,0.0740442,0.6859111,-0.06109568,0.7213255,10.98969,87.19225,0.7842156,0.3045119,0.06841289,-0.9500482,0.0,0.0,0.0,2.688088,-0.3531196,-1.829264,0.1930667,-0.1335081,1.915,0.05158638,0.01343573,-0.9985781,0.1897153,0.9815695,0.02300753,0.980483,-0.1906324,0.04808665,moving,82.41209,-60.07985,5.756999,-3.988038,9.126189405857998,1.2225829826350236
05/04/2023 16:18:23.262202,383,True,True,True,True,Eyes,0.6257883,0.1277981,-1.730202,0.9666873,-0.2254606,0.1211739,0.0,0.0,0.0,0.0,0.0,0.0,0.0,-1.760486,-0.2570713,-0.7247705,0.836721,0.1398712,-1.723666,0.07481554,0.688778,-0.06119696,0.7185001,11.05856,87.66562,0.8828866,0.3075273,0.06849467,-0.9490706,0.0,0.0,0.0,2.697193,-0.3581105,-1.847001,0.1969367,-0.1361841,1.915,0.04367955,0.01512255,-0.9989311,0.1910027,0.9813151,0.0232077,0.9806173,-0.1918122,0.03997494,moving,82.85526,-61.74417,5.871602,-4.067709,9.163124211250704,1.255751602047165
05/04/2023 16:18:23.282495,384,True,True,True,True,Eyes,0.6354417,0.1280724,-1.729162,0.9671966,-0.2272008,0.1136247,0.0,0.0,0.0,0.0,0.0,0.0,0.0,-1.753181,-0.2587673,-0.7490522,0.8474815,0.1391026,-1.721658,0.07549059,0.6915488,-0.06116691,0.7157654,11.10846,88.12401,0.9838296,0.3107211,0.06857795,-0.9480237,0.0,0.0,0.0,2.706182,-0.362652,-1.863961,0.2007199,-0.1388001,1.914999,0.03603794,0.01684852,-0.9992084,0.1919731,0.9811196,0.0234673,0.9807383,-0.1926669,0.03212305,moving,83.2997,-63.43004,5.983585,-4.145577,9.200378737590581,1.2893306981552892
05/04/2023 16:18:23.302374,385,True,True,True,True,Eyes,0.6451535,0.1282846,-1.728108,0.9676645,-0.2288284,0.1061276,0.0,0.0,0.0,0.0,0.0,0.0,0.0,-1.745798,-0.2583852,-0.7738361,0.8584696,0.1380468,-1.7197,0.07608739,0.6943238,-0.06058397,0.7130603,11.10687,88.58388,1.124567,0.3140772,0.06865933,-0.9469112,0.0,0.0,0.0,2.71568,-0.3657414,-1.881215,0.2046264,-0.1415014,1.915,0.0284882,0.01925851,-0.9994087,0.1920586,0.9810806,0.02437999,0.98097,-0.1926395,0.02425046,moving,83.74116,-65.11875,6.099169,-4.225966,9.237563740543541,1.3229505075331236
05/04/2023 16:18:23.322261,386,True,True,True,True,Eyes,0.654923,0.1284373,-1.727018,0.9680837,-0.2304217,0.09858844,0.0,0.0,0.0,0.0,0.0,0.0,0.0,-1.73773,-0.2578388,-0.7993013,0.8694383,0.1368182,-1.71768,0.07713466,0.6972429,-0.06013399,0.7101314,11.15171,89.07696,1.294051,0.3175802,0.06873544,-0.9457365,0.0,0.0,0.0,2.724472,-0.3704217,-1.89962,0.2085958,-0.1442463,1.915,0.02047262,0.02215711,-0.999545,0.1929692,0.9808683,0.0256955,0.9809913,-0.1934075,0.0158053,moving,84.18511,-66.83582,6.216566,-4.307636,9.275198542887926,1.3571139888794024
05/04/2023 16:18:23.332685,387,True,True,True,True,Eyes,0.6647438,0.1285143,-1.725888,0.9684778,-0.231849,0.0910867,0.0,0.0,0.0,0.0,0.0,0.0,0.0,-1.729413,-0.2581104,-0.8244991,0.8804124,0.1356266,-1.715741,0.07821561,0.7001305,-0.05989973,0.7071858,11.21558,89.56779,1.44886,0.3212167,0.06880343,-0.9445026,0.0,0.0,0.0,2.73288,-0.375731,-1.91802,0.2125982,-0.1470142,1.915001,0.01245874,0.02480178,-0.9996149,0.1942427,0.9805887,0.02675069,0.9808745,-0.1945012,0.007399313,moving,84.62705,-68.55158,6.334883,-4.389974,9.31274534043332,1.391244299910996
05/04/2023 16:18:23.352477,388,True,True,True,True,Eyes,0.6746266,0.1285078,-1.724716,0.9688242,-0.2332313,0.08356353,0.0,0.0,0.0,0.0,0.0,0.0,0.0,-1.720453,-0.2586883,-0.8494143,0.8914017,0.1338993,-1.713434,0.07886687,0.7029568,-0.05974055,0.7043175,11.24967,90.04301,1.561558,0.3249744,0.06885995,-0.9432122,0.0,0.0,0.0,2.741415,-0.3805947,-1.935185,0.2163651,-0.1496188,1.915001,0.004565829,0.02672737,-0.9996324,0.1950326,0.9804221,0.02710456,0.9807861,-0.1950846,-0.0007362287,moving,85.0703,-70.28811,6.446189,-4.467439,9.350603336504571,1.4257705959955254
05/04/2023 16:18:23.362546,389,True,True,True,True,Eyes,0.6845574,0.1284303,-1.723482,0.9691504,-0.2344695,0.07597052,0.0,0.0,0.0,0.0,0.0,0.0,0.0,-1.711467,-0.2590697,-0.8741632,0.902548,0.1319571,-1.711254,0.07950817,0.7057148,-0.05957294,0.7014956,11.28166,90.50887,1.673514,0.3288428,0.06890152,-0.9418675,0.0,0.0,0.0,2.749946,-0.3856984,-1.95232,0.2202942,-0.1523361,1.915,-0.003164562,0.02863988,-0.9995849,0.1958005,0.9802591,0.02746629,0.9806387,-0.1956323,-0.008709812,moving,85.51782,-72.04714,6.562242,-4.548238,9.388899591888471,1.4607379814433301
05/04/2023 16:18:23.387991,390,True,True,True,True,Eyes,0.6945446,0.1282622,-1.722209,0.9694341,-0.235636,0.068361,0.0,0.0,0.0,0.0,0.0,0.0,0.0,-1.702015,-0.2609649,-0.8982987,0.9135857,0.1300762,-1.7089,0.07964636,0.7084121,-0.05964972,0.6987494,11.29256,90.95722,1.722947,0.3328116,0.0689258,-0.9404706,0.0,0.0,0.0,2.758439,-0.3901318,-1.968294,0.2239819,-0.154886,1.915001,-0.01081171,0.02948449,-0.9995069,0.1962053,0.9801968,0.02679253,0.9805034,-0.1958189,-0.01638258,moving,85.96638,-73.82188,6.671106,-4.62404,9.427432974856517,1.4960050907722477
05/04/2023 16:18:23.402564,391,True,True,True,True,Eyes,0.7045895,0.1280006,-1.720891,0.9696587,-0.2368234,0.0606362,0.0,0.0,0.0,0.0,0.0,0.0,0.0,-1.691614,-0.2636727,-0.9233724,0.924833,0.1278086,-1.706471,0.07899675,0.7112779,-0.05977934,0.6958949,11.24392,91.42046,1.704686,0.3368722,0.06892957,-0.9390236,0.0,0.0,0.0,2.767359,-0.3934158,-1.984676,0.2278579,-0.1575664,1.915001,-0.01897969,0.02917701,-0.9993942,0.1955776,0.9803719,0.02490744,0.9805046,-0.1949863,-0.02431351,moving,86.42175,-75.63853,6.785482,-4.703704,9.466742118140996,1.5320889402345217
05/04/2023 16:18:23.422366,392,True,True,True,True,Eyes,0.714694,0.1276659,-1.719521,0.9698387,-0.2379445,0.05286974,0.0,0.0,0.0,0.0,0.0,0.0,0.0,-1.680157,-0.2667607,-0.9496759,0.9361211,0.1254262,-1.704089,0.07842798,0.7144067,-0.06003684,0.6927248,11.21198,91.93118,1.687196,0.3410167,0.06890981,-0.9375279,0.0,0.0,0.0,2.775721,-0.3974259,-2.002718,0.2318465,-0.1603245,1.915,-0.02796289,0.02888093,-0.9991916,0.195237,0.9804892,0.02287657,0.9803574,-0.1944395,-0.03305597,moving,86.87967,-77.47276,6.903127,-4.785664,9.506365792931733,1.568514084344347
05/04/2023 16:18:23.432627,393,True,True,True,True,Eyes,0.7248507,0.1272706,-1.718155,0.9698354,-0.2399113,0.0431507,0.0,0.0,0.0,0.0,0.0,0.0,0.0,-1.667287,-0.2713138,-0.9765936,0.9475098,0.123177,-1.701248,0.07741592,0.7176934,-0.06051107,0.6893921,11.16275,92.46257,1.617333,0.3452379,0.06886491,-0.935985,0.0,0.0,0.0,2.784014,-0.4008209,-2.020572,0.2356156,-0.1629306,1.915001,-0.03749088,0.02769008,-0.9989134,0.1945535,0.9806904,0.01988307,0.9801753,-0.1935966,-0.04215406,moving,87.45243,-79.80374,7.014239,-4.863083,9.556394940538624,1.6147649522856815
05/04/2023 16:18:23.452641,394,True,True,True,True,Eyes,0.7350664,0.1268459,-1.716728,0.9697664,-0.2417264,0.0334873,0.0,0.0,0.0,0.0,0.0,0.0,0.0,-1.654432,-0.2746657,-1.002994,0.9589589,0.1214666,-1.698301,0.07662901,0.7208574,-0.06061095,0.6861625,11.10126,92.98002,1.594164,0.349528,0.06879395,-0.9343966,0.0,0.0,0.0,2.792334,-0.403221,-2.038166,0.2395765,-0.1656696,1.915001,-0.04661818,0.02729925,-0.9985397,0.1936551,0.9809086,0.01777618,0.9799615,-0.1925436,-0.05101486,moving,88.02229,-82.11279,7.130951,-4.944435,9.606041696865326,1.6605912701830285
05/04/2023 16:18:23.462105,395,True,True,True,True,Eyes,0.7453387,0.12641,-1.715403,0.9696571,-0.2433022,0.02385483,0.0,0.0,0.0,0.0,0.0,0.0,0.0,-1.642063,-0.276559,-1.0285,0.9704213,0.1200604,-1.695445,0.07603395,0.7238183,-0.06033311,0.6831296,11.02413,93.46877,1.613575,0.3538816,0.06869794,-0.9327636,0.0,0.0,0.0,2.800788,-0.4046795,-2.055103,0.243606,-0.1684561,1.915,-0.05510591,0.02763886,-0.998098,0.1925002,0.9811575,0.01654167,0.9797485,-0.1912225,-0.05938803,moving,88.59074,-84.40028,7.249623,-5.027175,9.65536363804996,1.7060063281593711
05/04/2023 16:18:23.482203,396,True,True,True,True,Eyes,0.755667,0.1259666,-1.714015,0.9694945,-0.2446984,0.01424463,0.0,0.0,0.0,0.0,0.0,0.0,0.0,-1.629025,-0.2778319,-1.054622,0.9821289,0.1192396,-1.692438,0.0750545,0.7268656,-0.05963747,0.6800565,10.88156,93.96673,1.633606,0.3582902,0.0685783,-0.9310879,0.0,0.0,0.0,2.80991,-0.4031465,-2.071751,0.247191,-0.1709352,1.915001,-0.06378035,0.02799536,-0.9975713,0.1902228,0.9816204,0.01538575,0.9796671,-0.1887795,-0.06793337,moving,89.15823,-86.6684,7.355149,-5.100771,9.70440464125822,1.7510532051185317
05/04/2023 16:18:23.502404,397,True,True,True,True,Eyes,0.7660576,0.1254922,-1.712514,0.969269,-0.2459614,0.004545557,0.0,0.0,0.0,0.0,0.0,0.0,0.0,-1.614487,-0.279585,-1.0821,0.9938346,0.1188085,-1.689335,0.07347661,0.7302288,-0.05881685,0.6766888,10.68102,94.50972,1.615761,0.3627497,0.068437,-0.92937,0.0,0.0,0.0,2.818957,-0.3996947,-2.089931,0.2510537,-0.1736068,1.915001,-0.07338719,0.02770808,-0.9969187,0.1869109,0.9822835,0.01354208,0.979632,-0.1853411,-0.07726598,moving,89.7313,-88.94125,7.468797,-5.18006,9.75370389074221,1.7962127173614664
05/04/2023 16:18:23.512574,398,True,True,True,True,Eyes,0.7765024,0.1250019,-1.710947,0.9689611,-0.2471599,-0.005119908,0.0,0.0,0.0,0.0,0.0,0.0,0.0,-1.599138,-0.2823645,-1.109563,1.005527,0.1176001,-1.686176,0.07222728,0.7336295,-0.05857164,0.6731571,10.55506,95.06885,1.580824,0.3672572,0.06827471,-0.9276099,0.0,0.0,0.0,2.826935,-0.3995531,-2.10851,0.254989,-0.1763276,1.915,-0.08328546,0.02712029,-0.9961566,0.1848319,0.9827052,0.01130086,0.9792348,-0.1831803,-0.08685772,moving,-89.69726,88.81329,7.584519,-5.260795,1.122597808364123,-2.3079493745681936
05/04/2023 16:18:23.532615,399,True,True,True,True,Eyes,0.7869825,0.1245761,-1.70937,0.9685646,-0.2483303,-0.01465489,0.0,0.0,0.0,0.0,0.0,0.0,0.0,-1.584085,-0.286871,-1.135309,1.017185,0.1167211,-1.682931,0.07166456,0.7367528,-0.05889672,0.6697692,10.53185,95.5966,1.556419,0.371809,0.06809276,-0.9258082,0.0,0.0,0.0,2.833971,-0.4023101,-2.125836,0.2588475,-0.1789961,1.915,-0.09254701,0.02670372,-0.9953504,0.1844926,0.9827907,0.009212798,0.9784671,-0.1827821,-0.0958809,moving,-89.13315,86.62268,7.697921,-5.339951,1.1705309965901085,-2.2643738297543257
05/04/2023 16:18:23.552591,400,True,True,True,True,Eyes,0.7975072,0.1242041,-1.707733,0.9680905,-0.2494398,-0.02409226,0.0,0.0,0.0,0.0,0.0,0.0,0.0,-1.570244,-0.2941066,-1.157781,1.028656,0.117479,-1.67949,0.071335,0.7393423,-0.05964269,0.6668788,10.56415,96.03952,1.51165,0.3763995,0.0678964,-0.9239658,0.0,0.0,0.0,2.840804,-0.4052176,-2.139957,0.2625491,-0.1815556,1.915001,-0.1003683,0.02593306,-0.9946125,0.1850308,0.9827082,0.006950868,0.977594,-0.1833363,-0.1034311,moving,-88.57441,84.48318,7.806657,-5.415857,1.2176222523689049,-2.221781835515123
05/04/2023 16:18:23.562284,401,True,True,True,True,Eyes,0.80807,0.1238369,-1.706118,0.967533,-0.2505321,-0.03337019,0.0,0.0,0.0,0.0,0.0,0.0,0.0,-1.556976,-0.2996925,-1.179958,1.040251,0.1185626,-1.676339,0.07096449,0.7418177,-0.05987982,0.6641423,10.55043,96.46301,1.500792,0.3810253,0.06768992,-0.922083,0.0,0.0,0.0,2.848131,-0.4063313,-2.15412,0.2665114,-0.1842958,1.915,-0.1077579,0.02574797,-0.9938437,0.1848229,0.9827569,0.005421244,0.9768463,-0.1831008,-0.1106587,moving,-88.02465,82.41302,7.922989,-5.497102,1.2635111543030062,-2.180531411520028
05/04/2023 16:18:23.582520,402,True,True,True,True,Eyes,0.818691,0.1234852,-1.704459,0.9668823,-0.2516468,-0.04257324,0.0,0.0,0.0,0.0,0.0,0.0,0.0,-1.54386,-0.3038138,-1.201755,1.051781,0.1186485,-1.673231,0.0702266,0.7441868,-0.05994973,0.6615591,10.49476,96.86269,1.468744,0.3856812,0.06747434,-0.9201611,0.0,0.0,0.0,2.855846,-0.4071055,-2.167388,0.270345,-0.1869463,1.915,-0.1148158,0.02520283,-0.9930671,0.183844,0.9829485,0.003690505,0.9762269,-0.1821457,-0.1174914,moving,-87.47881,80.39771,8.035477,-5.575665,1.3085618968552684,-2.1403286740128014
05/04/2023 16:18:23.602573,403,True,True,True,True,Eyes,0.8293461,0.1232947,-1.702712,0.9660814,-0.2529741,-0.05187237,0.0,0.0,0.0,0.0,0.0,0.0,0.0,-1.529805,-0.3119321,-1.224084,1.063793,0.1184189,-1.670421,0.07020479,0.746685,-0.06122281,0.6586235,10.59732,97.30215,1.410536,0.3903646,0.06725133,-0.9182004,0.0,0.0,0.0,2.862074,-0.4134757,-2.181963,0.2742431,-0.1896425,1.915001,-0.1225733,0.02419615,-0.9921647,0.1854873,0.982646,0.001048732,0.9749721,-0.1839053,-0.1249342,moving,-86.92654,78.41212,8.149794,-5.65556,1.3534619584212422,-2.100657246288129
05/04/2023 16:18:23.612616,404,True,True,True,True,Eyes,0.8400421,0.123181,-1.700942,0.9652179,-0.2542051,-0.06110682,0.0,0.0,0.0,0.0,0.0,0.0,0.0,-1.514901,-0.3257061,-1.245167,1.075308,0.1216921,-1.667439,0.0697118,0.7492405,-0.06300212,0.6555988,10.70856,97.74645,1.274415,0.3950729,0.06703022,-0.9162006,0.0,0.0,0.0,2.8675,-0.4169153,-2.196046,0.2780073,-0.1922446,1.915001,-0.1306613,0.02185358,-0.9911863,0.18707,0.982342,-0.003001562,0.9736184,-0.1858134,-0.1324422,moving,-86.3775,76.48347,8.26012,-5.732649,1.397521701443119,-2.062069857177215
05/04/2023 16:18:23.632660,405,True,True,True,True,Eyes,0.8507657,0.1231492,-1.699214,0.9642424,-0.2555155,-0.07034479,0.0,0.0,0.0,0.0,0.0,0.0,0.0,-1.499966,-0.3340136,-1.267775,1.086789,0.1238725,-1.665011,0.06810821,0.7519582,-0.06347484,0.6526034,10.6236,98.19855,1.141564,0.3998028,0.06681471,-0.9141624,0.0,0.0,0.0,2.874435,-0.4152324,-2.211286,0.281938,-0.1949631,1.915001,-0.1389405,0.01958127,-0.9901072,0.1852768,0.9826644,-0.006565553,0.9728147,-0.1843562,-0.1401598,moving,-85.82747,74.60748,8.37526,-5.813159,1.4409453883912864,-2.0244681125488384
05/04/2023 16:18:23.652276,406,True,True,True,True,Eyes,0.8615182,0.123244,-1.697467,0.9631894,-0.2567739,-0.07958209,0.0,0.0,0.0,0.0,0.0,0.0,0.0,-1.48226,-0.3446833,-1.292316,1.098318,0.1256992,-1.662492,0.06615458,0.7551619,-0.0645619,0.6489885,10.56649,98.73512,0.9392877,0.4045493,0.06660819,-0.912087,0.0,0.0,0.0,2.880144,-0.4151387,-2.228693,0.2858313,-0.1976558,1.915001,-0.1488754,0.01611497,-0.9887248,0.1837147,0.9829106,-0.01164225,0.9716406,-0.1833765,-0.1492918,moving,-85.27675,72.7802,8.489244,-5.892887,1.4837727209759368,-1.9877790395158437
05/04/2023 16:18:23.662503,407,True,True,True,True,Eyes,0.8722957,0.1234464,-1.695677,0.9620082,-0.2580866,-0.08905923,0.0,0.0,0.0,0.0,0.0,0.0,0.0,-1.464405,-0.3558217,-1.316709,1.10983,0.1285579,-1.66029,0.06477983,0.7583905,-0.065611,0.6452461,10.55128,99.29019,0.7918527,0.4093091,0.06641624,-0.9099749,0.0,0.0,0.0,2.885056,-0.4151332,-2.247065,0.2897545,-0.2003685,1.915001,-0.1589218,0.01358631,-0.9871976,0.1829273,0.9829975,-0.01591963,0.9701967,-0.1831154,-0.158705,moving,-84.71084,70.96172,8.604033,-5.973182,1.5270267844410896,-1.951190795618964
05/04/2023 16:18:23.682213,408,True,True,True,True,Eyes,0.8830938,0.1236954,-1.693885,0.9607376,-0.2593521,-0.09858905,0.0,0.0,0.0,0.0,0.0,0.0,0.0,-1.444608,-0.3635144,-1.343055,1.120908,0.1315883,-1.658036,0.0633604,0.7620775,-0.06572791,0.6410176,10.45188,99.92818,0.7169716,0.4140797,0.06624293,-0.9078268,0.0,0.0,0.0,2.889263,-0.4118255,-2.268154,0.2935755,-0.2030107,1.915,-0.1701642,0.01230556,-0.985339,0.1808365,0.9833306,-0.01894926,0.9686809,-0.1814098,-0.1695529,moving,-84.14092,69.18641,8.715766,-6.051371,1.5698728863006801,-1.9153969715110923
05/04/2023 16:18:23.702670,409,True,True,True,True,Eyes,0.8830938,0.1236954,-1.693885,0.9607376,-0.2593521,-0.09858905,0.0,0.0,0.0,0.0,0.0,0.0,0.0,-1.423992,-0.3712171,-1.369839,1.132136,0.1329471,-1.656081,0.0625758,0.7658492,-0.06634083,0.6365205,10.44407,100.5987,0.6637625,0.4188576,0.06608857,-0.9056435,0.0,0.0,0.0,2.892098,-0.4130833,-2.290435,0.297461,-0.2056977,1.915001,-0.1818521,0.01139265,-0.98326,0.1803018,0.9833664,-0.02195256,0.9666548,-0.1812757,-0.1808813,moving,-84.14092,69.18641,8.829312,-6.130857,1.5698728863006801,-1.9153969715110923
05/04/2023 16:18:23.722466,410,True,True,True,True,Eyes,0.8830938,0.1236954,-1.693885,0.9607376,-0.2593521,-0.09858905,0.0,0.0,0.0,0.0,0.0,0.0,0.0,-1.40338,-0.3799416,-1.395814,1.143168,0.134467,-1.654453,0.0624623,0.7695608,-0.06726004,0.631942,10.51346,101.2759,0.6484987,0.4231479,0.06594809,-0.9036572,0.0,0.0,0.0,2.893577,-0.4165616,-2.313248,0.3014749,-0.208473,1.915,-0.1934955,0.01112819,-0.9810381,0.181146,0.9831491,-0.02457628,0.9642332,-0.1824665,-0.1922508,moving,-84.14092,69.18641,8.946541,-6.212932,1.5698728863006801,-1.9153969715110923
05/04/2023 16:18:23.732277,411,True,True,True,True,Eyes,0.8830938,0.1236954,-1.693885,0.9607376,-0.2593521,-0.09858905,0.0,0.0,0.0,0.0,0.0,0.0,0.0,-1.380208,-0.3874955,-1.423365,1.153566,0.1346767,-1.652949,0.06376034,0.7737963,-0.06828985,0.6265066,10.6948,102.0806,0.7642708,0.4270009,0.0658204,-0.9018523,0.0,0.0,0.0,2.891646,-0.4240056,-2.339812,0.3051062,-0.210984,1.915,-0.2068484,0.01310696,-0.9782853,0.1842431,0.9825422,-0.02579232,0.9608685,-0.1855774,-0.2056522,moving,-84.14092,69.18641,9.052528,-6.287172,1.5698728863006801,-1.9153969715110923
05/04/2023 16:18:23.752336,412,True,True,True,True,Eyes,0.8830938,0.1236954,-1.693885,0.9607376,-0.2593521,-0.09858905,0.0,0.0,0.0,0.0,0.0,0.0,0.0,-1.356962,-0.3964043,-1.450022,1.163987,0.1339819,-1.651736,0.06507259,0.7778918,-0.06986156,0.6211033,10.92495,102.8698,0.8436086,0.4304621,0.06570445,-0.9002138,0.0,0.0,0.0,2.888783,-0.4344724,-2.366283,0.3093059,-0.2138885,1.914999,-0.2199926,0.01445638,-0.9753944,0.1880213,0.9817699,-0.02785587,0.9572101,-0.1895231,-0.2187002,moving,-84.14092,69.18641,9.175035,-6.37302,1.5698728863006801,-1.9153969715110923
05/04/2023 16:18:23.762236,413,True,True,True,True,Eyes,0.8830938,0.1236954,-1.693885,0.9607376,-0.2593521,-0.09858905,0.0,0.0,0.0,0.0,0.0,0.0,0.0,-1.333439,-0.4068989,-1.47587,1.174349,0.1329368,-1.650772,0.06648146,0.7819022,-0.07189443,0.6156628,11.2032,103.6553,0.9017835,0.4335718,0.06559927,-0.8987278,0.0,0.0,0.0,2.885144,-0.4465847,-2.391972,0.3129965,-0.2164408,1.915,-0.2330795,0.01543855,-0.9723353,0.1924894,0.9808228,-0.03056851,0.9532167,-0.1942891,-0.2315814,moving,-84.14092,69.18641,9.28261,-6.448426,1.5698728863006801,-1.9153969715110923
05/04/2023 16:18:23.782349,414,True,True,True,True,Eyes,0.8830938,0.1236954,-1.693885,0.9607376,-0.2593521,-0.09858905,0.0,0.0,0.0,0.0,0.0,0.0,0.0,-1.308061,-0.4198989,-1.501618,1.184258,0.1318852,-1.649949,0.06822778,0.7861329,-0.07452289,0.6097431,11.55875,104.501,0.9587103,0.4363662,0.06550395,-0.8973813,0.0,0.0,0.0,2.879014,-0.4611339,-2.419085,0.3166502,-0.2189669,1.915001,-0.2471168,0.01639256,-0.9688471,0.1981518,0.9795826,-0.03396695,0.948509,-0.2003726,-0.2453196,moving,-84.14092,69.18641,9.389048,-6.523041,1.5698728863006801,-1.9153969715110923
05/04/2023 16:18:23.802415,415,True,True,True,True,Eyes,0.8830938,0.1236954,-1.693885,0.9607376,-0.2593521,-0.09858905,0.0,0.0,0.0,0.0,0.0,0.0,0.0,-1.281337,-0.4343994,-1.527723,1.194555,0.1321697,-1.649252,0.06924064,0.7904645,-0.07708928,0.6036797,11.85707,105.3615,0.9596005,0.4388775,0.06541763,-0.8961621,0.0,0.0,0.0,2.872984,-0.4729888,-2.446636,0.3205982,-0.2216967,1.915002,-0.2615536,0.01639006,-0.96505,0.202539,0.9785259,-0.03827433,0.9436992,-0.205471,-0.2592565,moving,-84.14092,69.18641,9.503983,-6.603644,1.5698728863006801,-1.9153969715110923
05/04/2023 16:18:23.822181,416,True,True,True,True,Eyes,0.8830938,0.1236954,-1.693885,0.9607376,-0.2593521,-0.09858905,0.0,0.0,0.0,0.0,0.0,0.0,0.0,-1.254891,-0.4449307,-1.553688,1.204745,0.1337853,-1.648439,0.06816585,0.7946766,-0.07828493,0.598092,11.88578,106.1576,0.8605248,0.4411347,0.0653395,-0.8950588,0.0,0.0,0.0,2.870019,-0.475415,-2.472217,0.3244902,-0.2243886,1.915002,-0.2752787,0.01469642,-0.9612522,0.2019828,0.9784497,-0.04288349,0.9399068,-0.2059613,-0.2723149,moving,-84.14092,69.18641,9.617218,-6.683107,1.5698728863006801,-1.9153969715110923
05/04/2023 16:18:23.837191,417,True,True,True,True,Eyes,0.8974966,0.1240063,-1.690947,0.9586714,-0.261483,-0.1121422,0.0,0.0,0.0,0.0,0.0,0.0,0.0,-1.229873,-0.4528525,-1.578792,1.215001,0.1344899,-1.648008,0.06762271,0.7986115,-0.07910427,0.5927812,11.91838,106.9165,0.8330462,0.4431638,0.06526882,-0.894061,0.0,0.0,0.0,2.867207,-0.4785035,-2.497192,0.3284149,-0.2271022,1.915001,-0.2880755,0.01422549,-0.9575022,0.2017916,0.9783393,-0.04617621,0.9361053,-0.2065181,-0.2847062,moving,-83.32806,66.78697,9.731328,-6.763187,1.629292549748528,-1.866838394923195
05/04/2023 16:18:23.852725,418,True,True,True,True,Eyes,0.9117308,0.1243042,-1.68812,0.9564349,-0.2635733,-0.1255443,0.0,0.0,0.0,0.0,0.0,0.0,0.0,-1.206385,-0.456926,-1.602815,1.225058,0.1350696,-1.647468,0.06692366,0.802242,-0.07905684,0.5879449,11.86113,107.614,0.8440166,0.445647,0.06520831,-0.8928303,0.0,0.0,0.0,2.86573,-0.4785402,-2.520411,0.3321975,-0.2297182,1.915001,-0.2996844,0.01441582,-0.9539297,0.20034,0.9785425,-0.0481506,0.9327666,-0.2055403,-0.296142,moving,-82.52195,64.53077,9.841233,-6.840359,1.6866470799867574,-1.8210010106064174
05/04/2023 16:18:23.872552,419,True,True,True,True,Eyes,0.9117308,0.1243042,-1.68812,0.9564349,-0.2635733,-0.1255443,0.0,0.0,0.0,0.0,0.0,0.0,0.0,-1.184599,-0.4629115,-1.62464,1.235082,0.1351838,-1.647214,0.06734071,0.8054775,-0.07964225,0.5833767,11.93899,108.2665,0.9112713,0.4485248,0.06515588,-0.8913919,0.0,0.0,0.0,2.863088,-0.4832005,-2.542509,0.3362466,-0.2325184,1.915001,-0.3102739,0.01555998,-0.95052,0.2014057,0.9782447,-0.04973009,0.9290674,-0.2068701,-0.3066576,moving,-82.52195,64.53077,9.958797,-6.922933,1.6866470799867574,-1.8210010106064174
05/04/2023 16:18:23.882339,420,True,True,True,True,Eyes,0.9117308,0.1243042,-1.68812,0.9564349,-0.2635733,-0.1255443,0.0,0.0,0.0,0.0,0.0,0.0,0.0,-1.165157,-0.4711609,-1.643914,1.245043,0.1355165,-1.647283,0.0688492,0.808247,-0.08075587,0.5792022,12.13973,108.8587,1.040107,0.4511109,0.06510811,-0.8900895,0.0,0.0,0.0,2.85994,-0.4909337,-2.562538,0.3399211,-0.2350588,1.915,-0.3195694,0.01774637,-0.9473966,0.2048423,0.9774765,-0.05078618,0.9251568,-0.2102966,-0.3160068,moving,-82.52195,64.53077,10.06542,-6.99783,1.6866470799867574,-1.8210010106064174
05/04/2023 16:18:23.902623,421,True,True,True,True,Eyes,0.9263755,0.1246811,-1.686088,0.9538178,-0.2662415,-0.1390933,0.0,0.0,0.0,0.0,0.0,0.0,0.0,-1.1466,-0.4828752,-1.661264,1.25492,0.1371788,-1.647427,0.07027338,0.8107483,-0.08240743,0.5752894,12.38493,109.4044,1.122361,0.4534354,0.06506466,-0.8889108,0.0,0.0,0.0,2.856635,-0.4991411,-2.581001,0.34381,-0.2377485,1.915,-0.3282075,0.01913181,-0.9444119,0.2087643,0.9765413,-0.05276829,0.9212478,-0.2144784,-0.3245023,moving,-81.70316,62.41596,10.17818,-7.077096,1.7426493687343356,-1.7777674311843925
05/04/2023 16:18:23.922326,422,True,True,True,True,Eyes,0.9408239,0.1250344,-1.684161,0.9509986,-0.269015,-0.1524224,0.0,0.0,0.0,0.0,0.0,0.0,0.0,-1.126413,-0.4965195,-1.678637,1.264529,0.1374482,-1.647797,0.07075516,0.8133777,-0.08486212,0.5711468,12.64286,109.9658,1.066636,0.4561636,0.0650283,-0.8875164,0.0,0.0,0.0,2.852432,-0.5099486,-2.599309,0.3477036,-0.2404408,1.915001,-0.3375701,0.01816387,-0.9411253,0.2120388,0.9755842,-0.05722675,0.9171075,-0.2188731,-0.3331794,moving,-80.89429,60.46436,10.29099,-7.156412,1.7962195354590804,-1.7376438998079458
05/04/2023 16:18:23.932657,423,True,True,True,True,Eyes,0.9550459,0.1253583,-1.6824,0.9480451,-0.2718417,-0.1652648,0.0,0.0,0.0,0.0,0.0,0.0,0.0,-1.105737,-0.5120248,-1.695317,1.274194,0.1371888,-1.64819,0.07142998,0.815947,-0.08787581,0.566927,12.96731,110.5293,0.9953235,0.4592395,0.06499679,-0.8859311,0.0,0.0,0.0,2.84722,-0.5235507,-2.617259,0.3517147,-0.2432147,1.915,-0.3469833,0.01692784,-0.9377186,0.2162045,0.9743512,-0.06241285,0.9126108,-0.2243952,-0.3417436,moving,-80.11147,58.7027,10.40713,-7.238102,1.8464446535614139,-1.7012014439959238
05/04/2023 16:18:23.952664,424,True,True,True,True,Eyes,0.9690871,0.1256766,-1.680735,0.9449173,-0.2747801,-0.1778407,0.0,0.0,0.0,0.0,0.0,0.0,0.0,-1.085658,-0.529833,-1.710229,1.283587,0.136857,-1.648615,0.07209704,0.8182847,-0.09148864,0.5628873,13.34962,111.0562,0.8831167,0.46261,0.06496764,-0.8841779,0.0,0.0,0.0,2.841556,-0.5391564,-2.633408,0.3555368,-0.2458574,1.915001,-0.3559199,0.01499621,-0.9343964,0.2209874,0.9728637,-0.06856247,0.9080121,-0.2308925,-0.3495755,moving,-79.34118,57.08862,10.51771,-7.315901,1.8943442675806135,-1.66758633524424
05/04/2023 16:18:23.962281,425,True,True,True,True,Eyes,0.9829436,0.1259801,-1.679193,0.9417108,-0.2777173,-0.1898785,0.0,0.0,0.0,0.0,0.0,0.0,0.0,-1.065567,-0.5472565,-1.725124,1.293186,0.1369015,-1.649213,0.07217743,0.8205707,-0.09492126,0.5589669,13.67822,111.5624,0.7275497,0.4662306,0.06494004,-0.8822762,0.0,0.0,0.0,2.836792,-0.552945,-2.648976,0.3593723,-0.2485098,1.915001,-0.3646928,0.01233768,-0.9310462,0.2245691,0.9715607,-0.07508965,0.9036415,-0.2364688,-0.3570919,moving,-78.60021,55.63913,10.6286,-7.393957,1.9391059225443334,-1.6371896997364392
05/04/2023 16:18:23.982148,426,True,True,True,True,Eyes,0.9966437,0.1262733,-1.677748,0.9384092,-0.2805872,-0.2016405,0.0,0.0,0.0,0.0,0.0,0.0,0.0,-1.047686,-0.5620294,-1.739016,1.302928,0.1370126,-1.649637,0.07114693,0.8224497,-0.09779556,0.5558336,13.88391,111.956,0.4906653,0.4700605,0.06491268,-0.8802437,0.0,0.0,0.0,2.835399,-0.563227,-2.661227,0.3631011,-0.251088,1.915001,-0.3719747,0.008313415,-0.9282059,0.2257456,0.9707482,-0.08177217,0.9003745,-0.2399555,-0.3629707,moving,-77.87298,54.29755,10.73633,-7.469804,1.9820047605790854,-1.6088798761637801
05/04/2023 16:18:24.002641,427,True,True,True,True,Eyes,1.010173,0.1265479,-1.676468,0.9351395,-0.283151,-0.2129309,0.0,0.0,0.0,0.0,0.0,0.0,0.0,-1.031247,-0.5711944,-1.754005,1.312821,0.1370441,-1.65045,0.07021517,0.8242939,-0.0993101,0.5529439,13.9675,112.3347,0.3501211,0.4740649,0.06488469,-0.8780956,0.0,0.0,0.0,2.835587,-0.5692648,-2.674467,0.366974,-0.2537661,1.915002,-0.3786459,0.005930063,-0.9255229,0.2255817,0.9704147,-0.0860713,0.8976305,-0.2413715,-0.3687812,moving,-77.17248,53.05665,10.84814,-7.54856,2.0226720891394736,-1.5825761927960134
05/04/2023 16:18:24.022349,428,True,True,True,True,Eyes,1.02357,0.1268056,-1.675295,0.9318148,-0.2855611,-0.2239999,0.0,0.0,0.0,0.0,0.0,0.0,0.0,-1.014334,-0.5782244,-1.770061,1.32278,0.1369359,-1.651615,0.06910579,0.8262775,-0.1003343,0.54993,13.99367,112.7363,0.2271851,0.4782105,0.06485469,-0.8758471,0.0,0.0,0.0,2.835919,-0.5736071,-2.688995,0.3709413,-0.2565097,1.915,-0.3856028,0.003847451,-0.922657,0.2245548,0.9703149,-0.0898012,0.8949222,-0.2418146,-0.3750201,moving,-76.48309,51.88864,10.9626,-7.629219,2.0620162519309675,-1.5576898656449947
05/04/2023 16:18:24.032338,429,True,True,True,True,Eyes,1.036902,0.1270236,-1.674059,0.9273337,-0.2888405,-0.2379563,0.0,0.0,0.0,0.0,0.0,0.0,0.0,-0.9984488,-0.5800644,-1.787237,1.332972,0.1366633,-1.652906,0.06755367,0.8282214,-0.1001807,0.54722,13.87928,113.1094,0.1332061,0.4824702,0.06482165,-0.8735104,0.0,0.0,0.0,2.838591,-0.5734185,-2.703474,0.3747289,-0.2591293,1.915,-0.3919736,0.002256991,-0.9199738,0.2215406,0.9708006,-0.09201019,0.8929035,-0.2398771,-0.3810283,moving,-75.60826,50.51718,11.07178,-7.706204,2.110532288420366,-1.5281908174656444
05/04/2023 16:18:24.052377,430,True,True,True,True,Eyes,1.050115,0.1271986,-1.672939,0.9227451,-0.2919731,-0.251581,0.0,0.0,0.0,0.0,0.0,0.0,0.0,-0.9817219,-0.583164,-1.804338,1.343083,0.1360667,-1.65442,0.06648701,0.8302525,-0.1003764,0.5442289,13.83011,113.5187,0.06765109,0.4868262,0.06478394,-0.871093,0.0,0.0,0.0,2.839593,-0.5755027,-2.718968,0.3786275,-0.2618252,1.915,-0.3987891,0.001146506,-0.9170421,0.2196575,0.9710081,-0.09430729,0.8903472,-0.2390439,-0.3874792,moving,-74.74932,49.24991,11.18409,-7.785397,2.1571566463059613,-1.5007177975211983
05/04/2023 16:18:24.062186,431,True,True,True,True,Eyes,1.063223,0.1273136,-1.671914,0.9180261,-0.2950528,-0.2649,0.0,0.0,0.0,0.0,0.0,0.0,0.0,-0.9640847,-0.5878701,-1.821286,1.353337,0.1353352,-1.655988,0.06567677,0.8323256,-0.1009674,0.541042,13.83598,113.9498,0.004346315,0.4912566,0.06473948,-0.8686054,0.0,0.0,0.0,2.83951,-0.5795278,-2.734843,0.3826541,-0.2646095,1.915001,-0.4059204,7.366331e-05,-0.9139085,0.2185842,0.9709843,-0.09700777,0.8873836,-0.2391433,-0.3941585,moving,-73.9043,48.08233,11.29998,-7.867156,2.2020165694626064,-1.4751778429118074
05/04/2023 16:18:24.082063,432,True,True,True,True,Eyes,1.076212,0.1273533,-1.671004,0.9132119,-0.2980428,-0.2778748,0.0,0.0,0.0,0.0,0.0,0.0,0.0,-0.9474514,-0.5930898,-1.837384,1.363549,0.1341585,-1.65775,0.06509538,0.834214,-0.1017875,0.538042,13.87905,114.3518,359.9454,0.4957429,0.06468564,-0.8660569,0.0,0.0,0.0,2.839608,-0.5848762,-2.749552,0.386283,-0.2671191,1.915,-0.412547,-0.0009249491,-0.9109359,0.2181388,0.9708038,-0.09977698,0.8844324,-0.2398732,-0.4003004,moving,-73.0759,47.00562,11.40435,-7.940824,2.245128686072059,-1.4514166433720694
05/04/2023 16:18:24.102673,433,True,True,True,True,Eyes,1.089078,0.127329,-1.670249,0.9083351,-0.3009093,-0.290484,0.0,0.0,0.0,0.0,0.0,0.0,0.0,-0.9328188,-0.5976167,-1.85234,1.373693,0.1321582,-1.659507,0.06549192,0.8358235,-0.1025578,0.5353426,13.97874,114.7187,359.9807,0.5002673,0.06461931,-0.8634562,0.0,0.0,0.0,2.839372,-0.5923619,-2.763627,0.3901474,-0.2697914,1.915,-0.4182379,-0.0003277779,-0.9083373,0.2192865,0.9703854,-0.1013192,0.8814705,-0.2415617,-0.4057801,moving,-72.26582,46.00993,11.51541,-8.019238,2.2865582288944326,-1.4292562758365395
05/04/2023 16:18:24.112633,434,True,True,True,True,Eyes,1.101842,0.1272563,-1.669608,0.9034246,-0.3036672,-0.3026717,0.0,0.0,0.0,0.0,0.0,0.0,0.0,-0.9203814,-0.6026392,-1.866142,1.383976,0.1306378,-1.661416,0.06594251,0.8371065,-0.103342,0.5331275,14.08305,115.0179,0.01257408,0.504813,0.06453818,-0.8608126,0.0,0.0,0.0,2.840371,-0.5995979,-2.776091,0.3941191,-0.272538,1.914999,-0.4228534,0.0002128833,-0.9061982,0.2205907,0.9699441,-0.1027049,0.8789397,-0.243328,-0.4101909,moving,-71.47775,45.09406,11.62946,-8.099801,2.3261895834564967,-1.4086898730223347
05/04/2023 16:18:24.139298,435,True,True,True,True,Eyes,1.114491,0.1271194,-1.669149,0.8985121,-0.3062565,-0.3144566,0.0,0.0,0.0,0.0,0.0,0.0,0.0,-0.9090029,-0.6076534,-1.879407,1.394228,0.1294349,-1.663453,0.0657216,0.8382148,-0.1041419,0.5312544,14.14734,115.2641,359.972,0.5093669,0.0644411,-0.8581331,0.0,0.0,0.0,2.842885,-0.6056442,-2.786999,0.3979397,-0.2751794,1.915,-0.4268991,-0.0004740019,-0.9042993,0.2208293,0.9696703,-0.1047567,0.8769218,-0.2444163,-0.4138467,moving,-70.71124,44.24313,11.73907,-8.177244,2.3642283673165596,-1.3894358211893434
05/04/2023 16:18:24.152554,436,True,True,True,True,Eyes,1.127057,0.1269303,-1.668819,0.8936282,-0.3086462,-0.3258314,0.0,0.0,0.0,0.0,0.0,0.0,0.0,-0.9022049,-0.6089081,-1.892191,1.404788,0.1277149,-1.665949,0.06506238,0.8388031,-0.1042475,0.5303857,14.11698,115.3782,359.9153,0.5139149,0.06432611,-0.8554258,0.0,0.0,0.0,2.849374,-0.6093596,-2.79542,0.401751,-0.2778158,1.915,-0.4289159,-0.001433672,-0.9033434,0.2197317,0.9697987,-0.1058698,0.876213,-0.2439024,-0.4156471,moving,-69.96732,43.44849,11.84835,-8.254515,2.400748288033041,-1.371335905040779
05/04/2023 16:18:24.172587,437,True,True,True,True,Eyes,1.139569,0.1266847,-1.668598,0.8887579,-0.3108299,-0.3368889,0.0,0.0,0.0,0.0,0.0,0.0,0.0,-0.8934753,-0.6094418,-1.906215,1.415313,0.1262252,-1.668631,0.06429353,0.8397003,-0.1041182,0.5290833,14.05713,115.5551,359.8701,0.5184473,0.06419222,-0.8526966,0.0,0.0,0.0,2.854841,-0.6119214,-2.805899,0.4056659,-0.2805225,1.914999,-0.4318744,-0.002199752,-0.901931,0.2181489,0.9700515,-0.1068228,0.8751545,-0.2428893,-0.4184605,moving,-69.24049,42.69613,11.9605,-8.333812,2.4361230319828495,-1.354103392615429
05/04/2023 16:18:24.182305,438,True,True,True,True,Eyes,1.152018,0.1263957,-1.668507,0.883958,-0.312789,-0.347536,0.0,0.0,0.0,0.0,0.0,0.0,0.0,-0.8871589,-0.6050692,-1.921141,1.426237,0.1246441,-1.671601,0.06327827,0.8404209,-0.1028872,0.5283017,13.87457,115.6749,359.8613,0.5229566,0.06403835,-0.8499501,0.0,0.0,0.0,2.863286,-0.6104196,-2.815995,0.4094683,-0.2831522,1.915,-0.4337862,-0.002350235,-0.9010127,0.2150718,0.9708202,-0.1060771,0.8749707,-0.2397972,-0.4206229,moving,-68.53728,41.98781,12.06933,-8.410823,2.470098504146821,-1.3377991311206165
05/04/2023 16:18:24.202655,439,True,True,True,True,Eyes,1.164388,0.1260625,-1.668587,0.879222,-0.3145752,-0.3577864,0.0,0.0,0.0,0.0,0.0,0.0,0.0,-0.8821051,-0.6015666,-1.935214,1.437181,0.1232961,-1.674621,0.06238326,0.840948,-0.1018255,0.5277748,13.71595,115.7575,359.849,0.5274357,0.06386417,-0.8471911,0.0,0.0,0.0,2.872143,-0.6095219,-2.825129,0.4133692,-0.2858497,1.914999,-0.4351238,-0.002559675,-0.9003667,0.212404,0.9714798,-0.1054112,0.8749579,-0.2371085,-0.4221704,moving,-67.85686,41.32278,12.1809,-8.489791,2.5027137093220624,-1.3224054937450975
05/04/2023 16:18:24.222265,440,True,True,True,True,Eyes,1.176702,0.1256865,-1.668824,0.8745787,-0.3161885,-0.3676097,0.0,0.0,0.0,0.0,0.0,0.0,0.0,-0.8804729,-0.597843,-1.947921,1.448093,0.1218834,-1.67786,0.06162168,0.8410481,-0.1007582,0.5279098,13.56488,115.7495,359.8392,0.5318762,0.06366934,-0.8444251,0.0,0.0,0.0,2.882684,-0.6089199,-2.832196,0.4172866,-0.288559,1.914999,-0.435028,-0.002728909,-0.900413,0.2100361,0.9721011,-0.1044236,0.8755774,-0.2345464,-0.4223181,moving,-67.20163,40.69948,12.29284,-8.569068,2.5339033863757585,-1.3079033614170177
05/04/2023 16:18:24.232788,441,True,True,True,True,Eyes,1.188954,0.1252793,-1.66925,0.8699566,-0.3176902,-0.3771586,0.0,0.0,0.0,0.0,0.0,0.0,0.0,-0.8784585,-0.5960405,-1.960867,1.459042,0.1204399,-1.681857,0.06076783,0.8412204,-0.100146,0.5278507,13.45269,115.7607,359.7946,0.5362725,0.0634536,-0.8416561,0.0,0.0,0.0,2.892365,-0.6099173,-2.840233,0.4213598,-0.2913747,1.915001,-0.4353619,-0.003485977,-0.900249,0.2079625,0.9725561,-0.1043369,0.8759064,-0.2326423,-0.4226888,moving,-66.56148,40.10828,12.40912,-8.651414,2.564148944045111,-1.294068732473992
05/04/2023 16:18:24.252609,442,True,True,True,True,Eyes,1.20116,0.1248419,-1.669829,0.8654086,-0.319074,-0.3863414,0.0,0.0,0.0,0.0,0.0,0.0,0.0,-0.8738354,-0.5963254,-1.974507,1.47026,0.1192548,-1.685818,0.05939627,0.8416321,-0.1000164,0.5273749,13.35608,115.8187,359.6754,0.540618,0.06321733,-0.8388893,0.0,0.0,0.0,2.901454,-0.6114413,-2.848605,0.4250664,-0.2939382,1.915001,-0.4366958,-0.005512661,-0.8995926,0.2054719,0.9729376,-0.1057058,0.8758302,-0.2310022,-0.423745,moving,-65.94275,39.55283,12.51485,-8.726366,2.593178938891887,-1.2809971727431906
05/04/2023 16:18:24.262141,443,True,True,True,True,Eyes,1.213309,0.1243734,-1.670599,0.860803,-0.3204708,-0.395369,0.0,0.0,0.0,0.0,0.0,0.0,0.0,-0.8678952,-0.5977191,-1.988361,1.481266,0.1181988,-1.689962,0.05778333,0.8421981,-0.1001566,0.5266233,13.27138,115.9089,359.5197,0.544909,0.06296099,-0.8361278,0.0,0.0,0.0,2.909376,-0.6137099,-2.857957,0.429101,-0.2967279,1.915,-0.4386578,-0.008159651,-0.8986171,0.2028196,0.9732594,-0.1078434,0.8754675,-0.2295635,-0.425273,moving,-65.33056,39.02689,12.62985,-8.807897,2.6216007963325665,-1.2685081214697163
05/04/2023 16:18:24.282397,444,True,True,True,True,Eyes,1.225427,0.12389,-1.671522,0.8562561,-0.3217609,-0.4040982,0.0,0.0,0.0,0.0,0.0,0.0,0.0,-0.8604481,-0.5991129,-2.003234,1.492662,0.1168092,-1.694275,0.05608514,0.8429348,-0.1003629,0.5255879,13.18842,116.0367,359.3558,0.5491404,0.06268489,-0.8333756,0.0,0.0,0.0,2.917189,-0.6161106,-2.867929,0.4326435,-0.2991778,1.915,-0.4412237,-0.01094685,-0.8973303,0.2000513,0.9735635,-0.1102435,0.8748149,-0.2281542,-0.4273693,moving,-64.73568,38.52835,12.73074,-8.879463,2.649059325166802,-1.256607708896388
05/04/2023 16:18:24.302371,445,True,True,True,True,Eyes,1.237479,0.1233842,-1.672656,0.8516055,-0.3231251,-0.4127448,0.0,0.0,0.0,0.0,0.0,0.0,0.0,-0.8523461,-0.6007062,-2.018389,1.503965,0.1158318,-1.698797,0.05461394,0.8437886,-0.1004911,0.524347,13.11227,116.1953,359.2223,0.5533096,0.0623902,-0.8306355,0.0,0.0,0.0,2.924035,-0.618257,-2.87916,0.4364043,-0.3017787,1.914999,-0.444155,-0.01321918,-0.8958524,0.1975496,0.9738377,-0.1123131,0.8738995,-0.2268598,-0.4299234,moving,-64.14208,38.05629,12.83775,-8.955414,2.6761349429726558,-1.2452104850992962
05/04/2023 16:18:24.322287,446,True,True,True,True,Eyes,1.249502,0.1228674,-1.673943,0.8469657,-0.3244441,-0.4211712,0.0,0.0,0.0,0.0,0.0,0.0,0.0,-0.8426665,-0.6019893,-2.03439,1.515293,0.1148995,-1.703498,0.05342373,0.844873,-0.1004832,0.5227224,13.04067,116.4105,359.1309,0.557412,0.06207756,-0.8279118,0.0,0.0,0.0,2.929526,-0.6203253,-2.892293,0.4403389,-0.3044996,1.914999,-0.4478143,-0.01477706,-0.8940042,0.1953221,0.974098,-0.1139395,0.8725315,-0.2256426,-0.4333288,moving,-63.56019,37.60841,12.94961,-9.034831,2.7024869422773516,-1.234317563260087
05/04/2023 16:18:24.342234,447,True,True,True,True,Eyes,1.261475,0.1223845,-1.675408,0.8421021,-0.326035,-0.4296107,0.0,0.0,0.0,0.0,0.0,0.0,0.0,-0.8307464,-0.6056081,-2.05062,1.52639,0.1140285,-1.70853,0.05247667,0.8462102,-0.1009469,0.5205615,13.03106,116.6936,359.0422,0.5614458,0.06174817,-0.8252062,0.0,0.0,0.0,2.932647,-0.6242275,-2.906999,0.4442171,-0.3071813,1.914999,-0.452524,-0.01628557,-0.8916035,0.1939107,0.9741119,-0.11621,0.8704141,-0.2254793,-0.4376511,moving,-62.97094,37.19516,13.05977,-9.113072,2.7286586735352816,-1.2240442906347648
05/04/2023 16:18:24.352709,448,True,True,True,True,Eyes,1.273415,0.1219856,-1.677008,0.8372352,-0.3276087,-0.4378467,0.0,0.0,0.0,0.0,0.0,0.0,0.0,-0.8142215,-0.6187149,-2.065812,1.537619,0.1144558,-1.713468,0.05214328,0.8478441,-0.1031447,0.5174965,13.23051,117.0778,358.9207,0.5654087,0.06140528,-0.8225217,0.0,0.0,0.0,2.931372,-0.6335736,-2.922529,0.4480145,-0.3098067,1.915001,-0.458957,-0.01833536,-0.8882695,0.1951729,0.9732845,-0.1209334,0.8667563,-0.2288693,-0.4431172,moving,-62.3919,36.80482,13.16753,-9.189628,2.7541761881471434,-1.2142450699619012
05/04/2023 16:18:24.362346,449,True,True,True,True,Eyes,1.285277,0.1216212,-1.678809,0.8322949,-0.3292858,-0.4459327,0.0,0.0,0.0,0.0,0.0,0.0,0.0,-0.7992613,-0.6275958,-2.081478,1.548856,0.1158114,-1.718394,0.05086613,0.8493512,-0.1043603,0.5149022,13.27701,117.4047,358.7599,0.5692997,0.06105424,-0.8198596,0.0,0.0,0.0,2.932501,-0.6381335,-2.937928,0.4527045,-0.3130504,1.915001,-0.4645767,-0.02106425,-0.8852823,0.1938771,0.9730431,-0.1248948,0.8640488,-0.2296592,-0.4479693,moving,-61.81818,36.44292,13.3005,-9.284176,2.7791424846282418,-1.2050030576638404
05/04/2023 16:18:24.382265,450,True,True,True,True,Eyes,1.2971,0.1212505,-1.680744,0.8273703,-0.3309014,-0.4538311,0.0,0.0,0.0,0.0,0.0,0.0,0.0,-0.7846925,-0.6324211,-2.097513,1.559662,0.1165462,-1.723116,0.0489935,0.8508514,-0.1049472,0.512482,13.22676,117.7124,358.5758,0.5731153,0.0606974,-0.8172234,0.0,0.0,0.0,2.935662,-0.6393672,-2.951741,0.4557828,-0.3151789,1.915001,-0.4699239,-0.02419478,-0.8823754,0.1909395,0.9731714,-0.1283724,0.8618085,-0.2288056,-0.4526968,moving,-61.25425,36.09688,13.38769,-9.346192,2.803559320456641,-1.1961007922018214
05/04/2023 16:18:24.402388,451,True,True,True,True,Eyes,1.308833,0.1209533,-1.682886,0.8223726,-0.3325951,-0.46161,0.0,0.0,0.0,0.0,0.0,0.0,0.0,-0.7702526,-0.6368512,-2.113746,1.570536,0.1160126,-1.72822,0.04784779,0.8523626,-0.1055844,0.5099416,13.22594,118.0403,358.4627,0.5768556,0.06033508,-0.8146145,0.0,0.0,0.0,2.937333,-0.643369,-2.967012,0.4595505,-0.3177845,1.915,-0.4753402,-0.0261164,-0.8794143,0.1892511,0.973125,-0.1311932,0.8592064,-0.2287915,-0.4576229,moving,-60.69386,35.77317,13.49433,-9.42208,2.8275659617082542,-1.187633316774905
05/04/2023 16:18:24.412509,452,True,True,True,True,Eyes,1.320535,0.1207448,-1.685148,0.8174114,-0.3342043,-0.4691973,0.0,0.0,0.0,0.0,0.0,0.0,0.0,-0.7565889,-0.6438807,-2.128601,1.581368,0.1175405,-1.733034,0.0469226,0.8537102,-0.1063387,0.5076113,13.25008,118.3387,358.361,0.5805168,0.05997123,-0.8120365,0.0,0.0,0.0,2.939138,-0.6461186,-2.981245,0.4634689,-0.3204943,1.914999,-0.4802579,-0.02784083,-0.8766853,0.188074,0.9729808,-0.1339279,0.8567265,-0.2292017,-0.4620456,moving,-60.14401,35.46188,13.60514,-9.500972,2.85104037929136,-1.1794441151207153
05/04/2023 16:18:24.432638,453,True,True,True,True,Eyes,1.332191,0.1206207,-1.687583,0.8124329,-0.3357681,-0.4766683,0.0,0.0,0.0,0.0,0.0,0.0,0.0,-0.7433792,-0.6491473,-2.144041,1.592329,0.1194522,-1.738142,0.04584458,0.8550603,-0.1066414,0.5053691,13.22093,118.6305,358.2701,0.5840997,0.05961016,-0.8094897,0.0,0.0,0.0,2.941805,-0.6467072,-2.995904,0.4673271,-0.3231618,1.915,-0.4850009,-0.02938681,-0.8740199,0.1861863,0.9730518,-0.1360328,0.8544642,-0.2287066,-0.4664596,moving,-59.59912,35.1611,13.71413,-9.578582,2.874204877172219,-1.1714735596968757
05/04/2023 16:18:24.452557,454,True,True,True,True,Eyes,1.343828,0.1206198,-1.690132,0.8075022,-0.337119,-0.4840361,0.0,0.0,0.0,0.0,0.0,0.0,0.0,-0.7286863,-0.6491376,-2.161816,1.603666,0.1213683,-1.743368,0.04462493,0.8567088,-0.1057821,0.5028608,13.06929,118.9752,358.2395,0.5876038,0.05925542,-0.8069757,0.0,0.0,0.0,2.944967,-0.6430261,-3.013035,0.4712081,-0.3258455,1.915001,-0.4902797,-0.02992622,-0.8710514,0.1828485,0.9736375,-0.1363687,0.8521693,-0.2261292,-0.4718828,moving,-59.06052,34.85625,13.82367,-9.656632,2.897198100709074,-1.1634532441180379
05/04/2023 16:18:24.462155,455,True,True,True,True,Eyes,1.355451,0.1207349,-1.692786,0.8027576,-0.3383217,-0.4910382,0.0,0.0,0.0,0.0,0.0,0.0,0.0,-0.7134956,-0.6468027,-2.180202,1.614866,0.1242955,-1.748562,0.04353495,0.8584941,-0.1041875,0.5002376,12.85264,119.3467,358.2668,0.5910305,0.05891205,-0.8044946,0.0,0.0,0.0,2.947959,-0.6358609,-3.031497,0.4751099,-0.3285434,1.915001,-0.4957344,-0.02948803,-0.8679736,0.178986,0.9744993,-0.1353331,0.8498304,-0.2224444,-0.4778149,moving,-58.54633,34.56656,13.93369,-9.735063,2.919132115890971,-1.155821678982215
05/04/2023 16:18:24.482042,456,True,True,True,True,Eyes,1.367067,0.1208746,-1.69555,0.7980589,-0.3392113,-0.4980337,0.0,0.0,0.0,0.0,0.0,0.0,0.0,-0.6974277,-0.6368469,-2.201007,1.626007,0.1271351,-1.753953,0.04168542,0.8605444,-0.1011189,0.4974946,12.44552,119.7495,358.3059,0.5943815,0.05858421,-0.8020461,0.0,0.0,0.0,2.952259,-0.6226696,-3.052089,0.4789493,-0.3311985,1.915001,-0.501523,-0.02886792,-0.8646626,0.1723565,0.9760746,-0.1325581,0.8478019,-0.2155112,-0.4845484,moving,-58.03352,34.25883,14.04185,-9.812215,2.9412471020247843,-1.147856882184763
05/04/2023 16:18:24.502379,457,True,True,True,True,Eyes,1.378652,0.1210294,-1.698419,0.7934337,-0.3401899,-0.5047115,0.0,0.0,0.0,0.0,0.0,0.0,0.0,-0.6790469,-0.62468,-2.222897,1.63746,0.127807,-1.759259,0.04022305,0.8628078,-0.09797598,0.4943133,12.05406,120.2123,358.3914,0.5976589,0.05827133,-0.7996297,0.0,0.0,0.0,2.955024,-0.6117563,-3.074134,0.4828283,-0.333881,1.915001,-0.508073,-0.02745214,-0.8608764,0.1662712,0.9775656,-0.1293033,0.8451129,-0.2088344,-0.4921103,moving,-57.53913,33.98109,14.15102,-9.890125,2.9623263695555964,-1.1405341280187233
05/04/2023 16:18:24.522562,458,True,True,True,True,Eyes,1.390209,0.121169,-1.701351,0.7887648,-0.3411147,-0.5113618,0.0,0.0,0.0,0.0,0.0,0.0,0.0,-0.659935,-0.6167162,-2.24298,1.648497,0.1283176,-1.764314,0.03931393,0.8650019,-0.09572577,0.4909815,11.7833,120.6839,358.4789,0.6008638,0.05797257,-0.7972461,0.0,0.0,0.0,2.955619,-0.6047364,-3.095263,0.4866898,-0.3365515,1.915,-0.5147833,-0.02598594,-0.8569266,0.1620124,0.978582,-0.1270011,0.8418732,-0.2042108,-0.4995475,moving,-57.04437,33.70611,14.2596,-9.967651,2.9833835858909397,-1.1332616805976983
05/04/2023 16:18:24.532838,459,True,True,True,True,Eyes,1.401756,0.1213363,-1.704323,0.7841277,-0.3423077,-0.5176574,0.0,0.0,0.0,0.0,0.0,0.0,0.0,-0.6407045,-0.6182108,-2.259572,1.659411,0.1281002,-1.768699,0.04024791,0.8669392,-0.09530024,0.4875598,11.79939,121.1539,358.6452,0.6039984,0.05768585,-0.7948949,0.0,0.0,0.0,2.952667,-0.6068044,-3.114189,0.4905516,-0.339222,1.915,-0.5213313,-0.02314415,-0.8530406,0.1627141,0.978596,-0.1259925,0.8376981,-0.2044856,-0.5064068,moving,-56.56842,33.47519,14.36808,-10.04514,3.0032119185226342,-1.1268974088113604
05/04/2023 16:18:24.552656,460,True,True,True,True,Eyes,1.41327,0.1215574,-1.707365,0.7795605,-0.343367,-0.5238172,0.0,0.0,0.0,0.0,0.0,0.0,0.0,-0.6275237,-0.6237852,-2.273347,1.670347,0.128979,-1.77322,0.04172269,0.8681636,-0.09540515,0.4852311,11.89652,121.474,358.8205,0.6070659,0.05741124,-0.7925746,0.0,0.0,0.0,2.952147,-0.6103163,-3.129385,0.4945436,-0.3419826,1.915,-0.5256203,-0.02014285,-0.8504809,0.1650313,0.9783141,-0.1251643,0.8345587,-0.2061448,-0.5108975,moving,-56.1013,33.24521,14.48011,-10.1252,3.0227150110038425,-1.1205883498116904
05/04/2023 16:18:24.572178,461,True,True,True,True,Eyes,1.424769,0.1218,-1.710473,0.7751355,-0.3445505,-0.5295752,0.0,0.0,0.0,0.0,0.0,0.0,0.0,-0.6164219,-0.6239073,-2.288057,1.681144,0.130554,-1.777963,0.04203958,0.8692741,-0.09446554,0.4833959,11.82226,121.7333,358.9322,0.6100677,0.05714997,-0.7902853,0.0,0.0,0.0,2.954854,-0.6082401,-3.144139,0.4985219,-0.3447337,1.914999,-0.5291222,-0.01824066,-0.8483495,0.1644163,0.9786179,-0.1235894,0.8324643,-0.2048764,-0.5148094,moving,-55.65898,33.0487,14.59165,-10.20495,3.0409116891102412,-1.1150138738411215
05/04/2023 16:18:24.582550,462,True,True,True,True,Eyes,1.436248,0.1220547,-1.713648,0.7708308,-0.345499,-0.5352106,0.0,0.0,0.0,0.0,0.0,0.0,0.0,-0.6083043,-0.6155484,-2.304332,1.692104,0.131242,-1.782818,0.04172216,0.8702262,-0.09205379,0.4821741,11.56327,121.9245,359.0551,0.6130055,0.05690167,-0.7880267,0.0,0.0,0.0,2.961488,-0.6009066,-3.158547,0.5021869,-0.3472679,1.914999,-0.531535,-0.01615648,-0.8468823,0.1613873,0.9795707,-0.1199806,0.8315196,-0.2004499,-0.5180687,moving,-55.22661,32.8438,14.69429,-10.27838,3.0588623086602262,-1.1093239960153536
05/04/2023 16:18:24.602427,463,True,True,True,True,Eyes,1.436248,0.1220547,-1.713648,0.7708308,-0.345499,-0.5352106,0.0,0.0,0.0,0.0,0.0,0.0,0.0,-0.5996414,-0.6073457,-2.320529,1.703102,0.1317466,-1.787562,0.04077974,0.8711563,-0.0899012,0.4809799,11.29523,122.1032,359.0984,0.6158813,0.05666552,-0.7857981,0.0,0.0,0.0,2.968452,-0.5943242,-3.172342,0.5061406,-0.3500022,1.915001,-0.5339909,-0.01543029,-0.8453497,0.1575324,0.9805096,-0.1174075,0.830685,-0.1958645,-0.5211524,moving,-55.22661,32.8438,14.80491,-10.35756,3.0588623086602262,-1.1093239960153536
05/04/2023 16:18:24.612347,464,True,True,True,True,Eyes,1.436248,0.1220547,-1.713648,0.7708308,-0.345499,-0.5352106,0.0,0.0,0.0,0.0,0.0,0.0,0.0,-0.5921311,-0.6016644,-2.335726,1.713937,0.1330339,-1.792473,0.03904128,0.8718802,-0.08836611,0.480096,11.0448,122.2271,359.021,0.6184627,0.05645235,-0.7837834,0.0,0.0,0.0,2.976617,-0.5884937,-3.184155,0.5100256,-0.3526887,1.915,-0.5359672,-0.0167698,-0.8440722,0.1529271,0.9813344,-0.1166022,0.8302725,-0.1915764,-0.5233985,moving,-55.22661,32.8438,14.91351,-10.43532,3.0588623086602262,-1.1093239960153536
05/04/2023 16:18:24.632636,465,True,True,True,True,Eyes,1.436248,0.1220547,-1.713648,0.7708308,-0.345499,-0.5352106,0.0,0.0,0.0,0.0,0.0,0.0,0.0,-0.5826365,-0.5973406,-2.350998,1.724794,0.1342023,-1.797374,0.03726106,0.8727491,-0.0871777,0.4788744,10.82765,122.3911,358.9234,0.6207803,0.05625997,-0.781963,0.0,0.0,0.0,2.983523,-0.5839676,-3.196427,0.5138475,-0.3553319,1.914999,-0.5385818,-0.01845522,-0.8423711,0.1485334,0.9820233,-0.1164818,0.8293777,-0.1878552,-0.5261587,moving,-55.22661,32.8438,15.02024,-10.5118,3.0588623086602262,-1.1093239960153536
05/04/2023 16:18:24.652641,466,True,True,True,True,Eyes,1.436248,0.1220547,-1.713648,0.7708308,-0.345499,-0.5352106,0.0,0.0,0.0,0.0,0.0,0.0,0.0,-0.5711552,-0.598704,-2.364708,1.735419,0.1350593,-1.801829,0.03486906,0.8735867,-0.08746764,0.4774725,10.72639,122.5572,358.6817,0.6228614,0.05608642,-0.7803188,0.0,0.0,0.0,2.989198,-0.5846882,-3.20659,0.5176712,-0.3579757,1.914999,-0.5416083,-0.02260451,-0.8403271,0.1444491,0.9822671,-0.1195231,0.8281274,-0.1861192,-0.5287388,moving,-55.22661,32.8438,15.1269,-10.58824,3.0588623086602262,-1.1093239960153536
05/04/2023 16:18:24.662436,467,True,True,True,True,Eyes,1.436248,0.1220547,-1.713648,0.7708308,-0.345499,-0.5352106,0.0,0.0,0.0,0.0,0.0,0.0,0.0,-0.5590197,-0.6023687,-2.37793,1.745947,0.1357544,-1.806416,0.03363146,0.8745011,-0.08797946,0.4757905,10.7124,122.7652,358.548,0.6247306,0.05592988,-0.7788342,0.0,0.0,0.0,2.992433,-0.5875807,-3.218034,0.5217367,-0.3607873,1.915,-0.5449849,-0.02489809,-0.8380763,0.1425411,0.9822571,-0.1218732,0.8262408,-0.1858793,-0.5317663,moving,-55.22661,32.8438,15.24019,-10.6695,3.0588623086602262,-1.1093239960153536
05/04/2023 16:18:24.682220,468,True,True,True,True,Eyes,1.436248,0.1220547,-1.713648,0.7708308,-0.345499,-0.5352106,0.0,0.0,0.0,0.0,0.0,0.0,0.0,-0.5457506,-0.6115526,-2.38979,1.756344,0.1361386,-1.810982,0.03370157,0.8754561,-0.08936575,0.4737664,10.85971,123.0162,358.5023,0.6264099,0.05578872,-0.7774944,0.0,0.0,0.0,2.992812,-0.5948161,-3.229463,0.525373,-0.3633016,1.915001,-0.5488192,-0.02566852,-0.8355469,0.1436855,0.981756,-0.1245382,0.8234999,-0.1884049,-0.5351183,moving,-55.22661,32.8438,15.34141,-10.74213,3.0588623086602262,-1.1093239960153536
05/04/2023 16:18:24.702705,469,True,True,True,True,Eyes,1.436248,0.1220547,-1.713648,0.7708308,-0.345499,-0.5352106,0.0,0.0,0.0,0.0,0.0,0.0,0.0,-0.5295141,-0.6305074,-2.399474,1.766545,0.1378825,-1.815409,0.03483993,0.8765323,-0.09222167,0.4711397,11.21549,123.3354,358.4915,0.6279187,0.05566147,-0.7762855,0.0,0.0,0.0,2.988738,-0.6071282,-3.241065,0.5292635,-0.3659915,1.915,-0.5536271,-0.02582194,-0.8323644,0.1479752,0.9805627,-0.1288416,0.8195123,-0.1944995,-0.5390451,moving,-55.22661,32.8438,15.44962,-10.81979,3.0588623086602262,-1.1093239960153536
05/04/2023 16:18:24.722098,470,True,True,True,True,Eyes,1.436248,0.1220547,-1.713648,0.7708308,-0.345499,-0.5352106,0.0,0.0,0.0,0.0,0.0,0.0,0.0,-0.5115598,-0.646233,-2.410238,1.776767,0.138742,-1.820001,0.03532162,0.8777783,-0.09474062,0.4682756,11.50205,123.6847,358.4375,0.6292744,0.05554677,-0.7751952,0.0,0.0,0.0,2.984481,-0.6187003,-3.253721,0.5334328,-0.3688743,1.915,-0.5589409,-0.02672035,-0.828777,0.1507385,0.9795532,-0.133242,0.8153914,-0.199403,-0.5434845,moving,-55.22661,32.8438,15.56544,-10.90298,3.0588623086602262,-1.1093239960153536
05/04/2023 16:18:24.732432,471,True,True,True,True,Eyes,1.436248,0.1220547,-1.713648,0.7708308,-0.345499,-0.5352106,0.0,0.0,0.0,0.0,0.0,0.0,0.0,-0.4894154,-0.6622398,-2.421297,1.786851,0.1391988,-1.824432,0.03640338,0.8794113,-0.09721228,0.464608,11.81813,124.1441,358.4601,0.6304931,0.05544339,-0.7742117,0.0,0.0,0.0,2.977024,-0.6305498,-3.268264,0.5371169,-0.3714217,1.915001,-0.5656288,-0.02630411,-0.8242406,0.1543583,0.9784492,-0.1371526,0.8100853,-0.2048058,-0.5493788,moving,-55.22661,32.8438,15.66768,-10.97645,3.0588623086602262,-1.1093239960153536
05/04/2023 16:18:24.752264,472,True,True,True,True,Eyes,1.436248,0.1220547,-1.713648,0.7708308,-0.345499,-0.5352106,0.0,0.0,0.0,0.0,0.0,0.0,0.0,-0.4671694,-0.6747969,-2.432624,1.796845,0.138857,-1.828475,0.0380196,0.8811033,-0.09895678,0.4608896,12.08883,124.6232,358.5808,0.6315887,0.05535021,-0.7733248,0.0,0.0,0.0,2.969057,-0.6409179,-3.283657,0.5408845,-0.3740277,1.915001,-0.5722709,-0.02421791,-0.8197073,0.1582147,0.9775242,-0.1393366,0.8046581,-0.209428,-0.555577,moving,-55.22661,32.8438,15.77212,-11.05157,3.0588623086602262,-1.1093239960153536
05/04/2023 16:18:24.772781,473,True,True,True,True,Eyes,1.436248,0.1220547,-1.713648,0.7708308,-0.345499,-0.5352106,0.0,0.0,0.0,0.0,0.0,0.0,0.0,-0.4467369,-0.6877306,-2.443366,1.80678,0.13866,-1.832731,0.04002439,0.8826361,-0.1006045,0.4574172,12.36918,125.0741,358.7457,0.6325737,0.05526626,-0.7725253,0.0,0.0,0.0,2.961316,-0.6510758,-3.298769,0.5447603,-0.3767076,1.915002,-0.5783353,-0.02138251,-0.8155192,0.1626904,0.9765536,-0.1409786,0.7994125,-0.21421,-0.5612966,moving,-55.22661,32.8438,15.87946,-11.12878,3.0588623086602262,-1.1093239960153536
05/04/2023 16:18:24.782183,474,True,True,True,True,Eyes,1.436248,0.1220547,-1.713648,0.7708308,-0.345499,-0.5352106,0.0,0.0,0.0,0.0,0.0,0.0,0.0,-0.426452,-0.698514,-2.454311,1.816606,0.1383317,-1.836908,0.0424328,0.8842099,-0.1016799,0.4539094,12.6112,125.5405,358.9861,0.6334592,0.05519063,-0.7718048,0.0,0.0,0.0,2.953295,-0.6593176,-3.314609,0.5484757,-0.3792769,1.915001,-0.5843316,-0.0172679,-0.8113314,0.1673459,0.9757213,-0.1412914,0.7940732,-0.2183339,-0.5672551,moving,-55.22661,32.8438,15.98225,-11.20278,3.0588623086602262,-1.1093239960153536
05/04/2023 16:18:24.802429,475,True,True,True,True,Eyes,1.452466,0.1225424,-1.719215,0.7639408,-0.3472508,-0.5438855,0.0,0.0,0.0,0.0,0.0,0.0,0.0,-0.4042941,-0.70644,-2.466305,1.826514,0.138313,-1.841164,0.04472394,0.8860031,-0.1020913,0.450084,12.77749,126.0562,359.2569,0.6342556,0.05512249,-0.7711552,0.0,0.0,0.0,2.944592,-0.6646899,-3.33225,0.5523769,-0.381975,1.915,-0.5908484,-0.0126482,-0.8066835,0.1711504,0.9751543,-0.1406473,0.7884198,-0.2211654,-0.5740036,moving,-54.55114,32.55673,16.09007,-11.28044,3.0864846149942533,-1.1010559462444407
05/04/2023 16:18:24.812565,476,True,True,True,True,Eyes,1.468433,0.1229839,-1.724737,0.7570161,-0.3489189,-0.552433,0.0,0.0,0.0,0.0,0.0,0.0,0.0,-0.3820678,-0.7106692,-2.479359,1.836599,0.1380509,-1.84556,0.04581055,0.8877842,-0.1021357,0.4464402,12.84136,126.5419,359.4208,0.6352757,0.05504739,-0.7703205,0.0,0.0,0.0,2.937993,-0.6681805,-3.349493,0.5564291,-0.384777,1.915001,-0.5971852,-0.009855228,-0.802043,0.1725348,0.9749393,-0.1404456,0.7833274,-0.2222523,-0.580519,moving,-53.87988,32.27667,16.20193,-11.36104,3.1138682184105413,-1.0929375640915548
05/04/2023 16:18:24.832639,477,True,True,True,True,Eyes,1.484169,0.1233732,-1.730213,0.7501699,-0.3504188,-0.5607601,0.0,0.0,0.0,0.0,0.0,0.0,0.0,-0.356848,-0.7118169,-2.493447,1.846644,0.1374185,-1.849952,0.04643267,0.8898391,-0.1017514,0.4423542,12.83617,127.0857,359.566,0.6364861,0.05496464,-0.7693267,0.0,0.0,0.0,2.930711,-0.6698419,-3.367916,0.5601804,-0.3873706,1.915001,-0.6043337,-0.007385096,-0.7966973,0.1726555,0.9749814,-0.1400053,0.7777989,-0.2221641,-0.587939,moving,-53.22149,32.00125,16.30537,-11.43561,3.1407360974042877,-1.0849611212281691
05/04/2023 16:18:24.853415,478,True,True,True,True,Eyes,1.499676,0.1236852,-1.735641,0.7432782,-0.3518296,-0.5689933,0.0,0.0,0.0,0.0,0.0,0.0,0.0,-0.3310096,-0.7105322,-2.508086,1.856838,0.1365581,-1.854298,0.0468783,0.8919441,-0.1009596,0.4382299,12.77879,127.6364,359.7144,0.6378587,0.05487322,-0.7681955,0.0,0.0,0.0,2.923787,-0.6700702,-3.386721,0.5639485,-0.3899763,1.915001,-0.611514,-0.004861394,-0.7912189,0.1721127,0.9752192,-0.1390137,0.7722876,-0.2211876,-0.5955235,moving,-52.56527,31.73003,16.40917,-11.51048,3.167473460830414,-1.0770728525065034
05/04/2023 16:18:24.862109,479,True,True,True,True,Eyes,1.51501,0.1239192,-1.740963,0.7363645,-0.3532116,-0.5770693,0.0,0.0,0.0,0.0,0.0,0.0,0.0,-0.3052304,-0.711313,-2.521618,1.866912,0.1350073,-1.858521,0.04792838,0.8939703,-0.1005336,0.4340657,12.78871,128.192,359.907,0.6393688,0.05477121,-0.7669464,0.0,0.0,0.0,2.915493,-0.6727076,-3.405102,0.5678288,-0.3926597,1.915,-0.6185797,-0.001583336,-0.7857205,0.1729695,0.9751917,-0.1381401,0.7664468,-0.2213563,-0.6029599,moving,-51.91515,31.4699,16.51595,-11.58756,3.1938530687109536,-1.0694189793873992
05/04/2023 16:18:24.882539,480,True,True,True,True,Eyes,1.530129,0.1240824,-1.746249,0.7293814,-0.3545791,-0.585044,0.0,0.0,0.0,0.0,0.0,0.0,0.0,-0.2803735,-0.714727,-2.534034,1.876906,0.1333892,-1.862849,0.04950528,0.8958576,-0.100471,0.4299929,12.86116,128.7352,0.1349212,0.640996,0.05465692,-0.7655951,0.0,0.0,0.0,2.906574,-0.6769117,-3.422783,0.5716063,-0.3952724,1.915,-0.6253107,0.002295742,-0.7803727,0.175103,0.9749096,-0.1374415,0.7604773,-0.2225892,-0.6100233,moving,-51.26656,31.2189,16.61978,-11.66255,3.2200620308064707,-1.0619432288095558
05/04/2023 16:18:24.902193,481,True,True,True,True,Eyes,1.545078,0.1241863,-1.75147,0.7223195,-0.3560221,-0.5928767,0.0,0.0,0.0,0.0,0.0,0.0,0.0,-0.2541471,-0.7197371,-2.545865,1.886853,0.1319368,-1.867195,0.0507278,0.897769,-0.1008111,0.4257636,12.9562,129.29,0.3080937,0.6427202,0.05452913,-0.7641574,0.0,0.0,0.0,2.896895,-0.6822641,-3.440021,0.5755514,-0.398,1.915001,-0.6323043,0.005240334,-0.7747025,0.176927,0.9745277,-0.137814,0.7542468,-0.2242062,-0.6171252,moving,-50.621,30.98479,16.72809,-11.7408,3.2459482269680926,-1.054797843771897
05/04/2023 16:18:24.912752,482,True,True,True,True,Eyes,1.55983,0.124212,-1.756661,0.7151571,-0.357461,-0.6006429,0.0,0.0,0.0,0.0,0.0,0.0,0.0,-0.2247862,-0.7266208,-2.55751,1.897145,0.1305869,-1.871671,0.05155715,0.8998233,-0.1016222,0.4211091,13.07971,129.8902,0.4233218,0.644525,0.05438723,-0.7626458,0.0,0.0,0.0,2.886004,-0.688927,-3.457276,0.5794766,-0.4007142,1.915,-0.6400182,0.007196611,-0.7683262,0.1783727,0.9740295,-0.1394617,0.7473689,-0.2263064,-0.6246803,moving,-49.97392,30.75817,16.83575,-11.81863,3.2717928839407175,-1.0477867860381038
05/04/2023 16:18:24.932753,483,True,True,True,True,Eyes,1.574446,0.1241507,-1.761752,0.7080665,-0.3587835,-0.6082073,0.0,0.0,0.0,0.0,0.0,0.0,0.0,-0.1920298,-0.7323033,-2.569176,1.907237,0.1287512,-1.87608,0.05198355,0.9021051,-0.1024249,0.4159488,13.18176,130.5507,0.5050391,0.6463945,0.05422993,-0.7610732,0.0,0.0,0.0,2.876322,-0.6931974,-3.472664,0.5796006,-0.4008,1.915,-0.6485686,0.008582243,-0.7611079,0.1789963,0.9736137,-0.141551,0.7398102,-0.228041,-0.6329916,moving,-49.33844,30.53649,16.83914,-11.82109,3.2971630482670675,-1.0409179069083043
05/04/2023 16:18:24.952671,484,True,True,True,True,Eyes,1.588882,0.124014,-1.766816,0.7008731,-0.3600742,-0.61573,0.0,0.0,0.0,0.0,0.0,0.0,0.0,-0.1574688,-0.736044,-2.580834,1.917421,0.1266472,-1.880085,0.05249621,0.9044958,-0.1028502,0.4105524,13.24762,131.2451,0.6189151,0.6483176,0.05405571,-0.7594481,0.0,0.0,0.0,2.866057,-0.6962114,-3.488437,0.5796001,-0.4008001,1.914999,-0.6573816,0.01051445,-0.7534843,0.1794159,0.973332,-0.1429502,0.7318873,-0.2291599,-0.641737,static,-48.70009,30.31877,16.83914,-11.8211,3.322584558582054,-1.0341112614680155
05/04/2023 16:18:24.972115,485,True,True,True,True,Eyes,1.603122,0.1237941,-1.771879,0.6934935,-0.3614606,-0.6232279,0.0,0.0,0.0,0.0,0.0,0.0,0.0,-0.124734,-0.7398967,-2.592197,1.927581,0.1247215,-1.884508,0.05317565,0.9067325,-0.1031857,0.4054152,13.3112,131.9073,0.7516602,0.6502819,0.05386373,-0.7577804,0.0,0.0,0.0,2.856508,-0.6987874,-3.503992,0.5796005,-0.4008,1.915001,-0.6656219,0.01276613,-0.7461801,0.1800983,0.9730502,-0.1440071,0.7242323,-0.23024,-0.6499827,static,-48.05464,30.11293,16.83914,-11.82108,3.348106537025486,-1.027497737339147
05/04/2023 16:18:24.982182,486,True,True,True,True,Eyes,1.617212,0.123499,-1.776914,0.6859905,-0.3627807,-0.6307195,0.0,0.0,0.0,0.0,0.0,0.0,0.0,-0.08776569,-0.7432648,-2.602084,1.938006,0.1233757,-1.886769,0.05346422,0.9091042,-0.1035058,0.399947,13.35364,132.6066,0.8489262,0.6522753,0.0536529,-0.7560803,0.0,0.0,0.0,2.846366,-0.7004799,-3.517703,0.5795997,-0.4008,1.915,-0.6743677,0.01441544,-0.7382547,0.1800027,0.9728562,-0.1454294,0.7161193,-0.2309608,-0.6586577,static,-47.40367,29.90689,16.83913,-11.82109,3.373826896027686,-1.020856983769015
05/04/2023 16:18:25.002501,487,True,True,True,True,Eyes,1.617212,0.123499,-1.776914,0.6859905,-0.3627807,-0.6307195,0.0,0.0,0.0,0.0,0.0,0.0,0.0,-0.04639387,-0.7429864,-2.613992,1.948617,0.1212608,-1.890853,0.05291836,0.911869,-0.1035041,0.393677,13.32237,133.4011,0.8841168,0.6542891,0.05342261,-0.7543547,0.0,0.0,0.0,2.834496,-0.7012772,-3.534767,0.5796005,-0.4008,1.915001,-0.6844364,0.01501491,-0.7289182,0.1780035,0.9729731,-0.1470988,0.7070091,-0.2304298,-0.6686109,static,-47.40367,29.90689,16.83914,-11.82108,3.373826896027686,-1.020856983769015
05/04/2023 16:18:25.012518,488,True,True,True,True,Eyes,1.617212,0.123499,-1.776914,0.6859905,-0.3627807,-0.6307195,0.0,0.0,0.0,0.0,0.0,0.0,0.0,-0.00594759,-0.7414575,-2.626265,1.959698,0.119523,-1.895353,0.05258463,0.9145523,-0.1030725,0.3875629,13.25528,134.1796,0.9588622,0.6560975,0.05321504,-0.7527971,0.0,0.0,0.0,2.823621,-0.7001938,-3.552309,0.5796002,-0.4008,1.915,-0.6940597,0.01628868,-0.7197331,0.1760769,0.9732218,-0.1477706,0.6980529,-0.22929,-0.6783421,static,-47.40367,29.90689,16.83914,-11.82109,3.373826896027686,-1.020856983769015
05/04/2023 16:18:25.032591,489,True,True,True,True,Eyes,1.632071,0.1230494,-1.782179,0.6773006,-0.3644588,-0.6390882,0.0,0.0,0.0,0.0,0.0,0.0,0.0,0.03250754,-0.7365766,-2.638205,1.97023,0.1173223,-1.899515,0.05207789,0.9170938,-0.1021694,0.3818226,13.13033,134.9107,1.029618,0.6577219,0.05302795,-0.7513915,0.0,0.0,0.0,2.813977,-0.6978179,-3.569077,0.5796003,-0.4008,1.915,-0.7029989,0.01749948,-0.7109756,0.1735418,0.9736986,-0.1476287,0.6896926,-0.2271668,-0.687546,static,-46.66273,29.69522,16.83914,-11.82109,3.402810852112088,-1.0137278667579226
05/04/2023 16:18:25.052722,490,True,True,True,True,Eyes,1.646773,0.1226179,-1.787397,0.6685388,-0.3659315,-0.6474179,0.0,0.0,0.0,0.0,0.0,0.0,0.0,0.07425225,-0.7327099,-2.649932,1.981524,0.1162432,-1.90383,0.05109895,0.9197547,-0.1014436,0.3756986,13.00301,135.6813,1.045147,0.6594138,0.05281167,-0.7499223,0.0,0.0,0.0,2.803952,-0.6947928,-3.585982,0.5795996,-0.4008,1.915,-0.7124789,0.01777254,-0.7014683,0.1702215,0.9741962,-0.1482109,0.6807337,-0.2250021,-0.6971195,static,-45.91951,29.47587,16.83912,-11.82109,3.431973580541949,-1.0064446940967642
05/04/2023 16:18:25.062332,491,True,True,True,True,Eyes,1.661348,0.1221906,-1.79257,0.6594882,-0.3675676,-0.6557205,0.0,0.0,0.0,0.0,0.0,0.0,0.0,0.1164447,-0.7254351,-2.661505,1.992519,0.1162182,-1.907821,0.04997452,0.9224722,-0.09992531,0.3695438,12.78494,136.4585,1.077974,0.6611611,0.05257062,-0.7483994,0.0,0.0,0.0,2.794061,-0.6877167,-3.60341,0.5796005,-0.4008,1.915001,-0.72188,0.01834666,-0.6917751,0.1660538,0.975035,-0.1474211,0.6718003,-0.2212922,-0.7069048,static,-45.16413,29.27304,16.83914,-11.82108,3.4613571501516978,-0.999420346967005
05/04/2023 16:18:25.082347,492,True,True,True,True,Eyes,1.67579,0.1217545,-1.79769,0.6504148,-0.3689626,-0.6639482,0.0,0.0,0.0,0.0,0.0,0.0,0.0,0.1582124,-0.7157799,-2.673521,2.003888,0.1159246,-1.912087,0.04884675,0.9251372,-0.09798848,0.3635019,12.52217,137.2219,1.123547,0.6629522,0.0523082,-0.7468317,0.0,0.0,0.0,2.785102,-0.6793765,-3.621182,0.5796003,-0.4008,1.915,-0.7309609,0.01914188,-0.682151,0.1616179,0.9760245,-0.1457938,0.6630053,-0.2168173,-0.7165294,static,-44.41007,29.06136,16.83914,-11.82109,3.4908066881728983,-0.9922352581529559
05/04/2023 16:18:25.102335,493,True,True,True,True,Eyes,1.690111,0.1213163,-1.802775,0.6412841,-0.3704494,-0.6719539,0.0,0.0,0.0,0.0,0.0,0.0,0.0,0.1973253,-0.7038102,-2.685174,2.015289,0.1151885,-1.915669,0.04777116,0.9275701,-0.09569742,0.3580136,12.2242,137.9161,1.17846,0.6647785,0.05202686,-0.7452263,0.0,0.0,0.0,2.778298,-0.6702685,-3.637493,0.5796003,-0.4008,1.915001,-0.7390886,0.02010026,-0.6733086,0.1571442,0.9771199,-0.1433266,0.6550223,-0.2117376,-0.7253367,static,-43.66214,28.86803,16.83913,-11.82108,3.5198048740184666,-0.9854211592344551
05/04/2023 16:18:25.122281,494,True,True,True,True,Eyes,1.704291,0.1209099,-1.807823,0.6320959,-0.3718573,-0.679836,0.0,0.0,0.0,0.0,0.0,0.0,0.0,0.2339089,-0.6986267,-2.695161,2.026703,0.1145829,-1.919904,0.04722826,0.9297004,-0.09452108,0.3528347,12.06845,138.5658,1.237276,0.6666312,0.05172907,-0.7435902,0.0,0.0,0.0,2.77133,-0.6654173,-3.652225,0.5796002,-0.4007999,1.915001,-0.7465544,0.02111563,-0.6649894,0.1545169,0.9776705,-0.142425,0.6471331,-0.2090801,-0.733147,static,-42.91597,28.67782,16.83913,-11.82108,3.548700854888769,-0.9786731903757855
05/04/2023 16:18:25.132400,495,True,True,True,True,Eyes,1.718355,0.1205368,-1.812825,0.6226938,-0.3735351,-0.6875492,0.0,0.0,0.0,0.0,0.0,0.0,0.0,0.2688129,-0.7042146,-2.701563,2.037582,0.1150693,-1.923965,0.04803555,0.9315673,-0.09470046,0.3477166,12.11328,139.2098,1.385384,0.6685026,0.0514184,-0.7419298,0.0,0.0,0.0,2.761742,-0.6648448,-3.664979,0.5796002,-0.4008,1.915,-0.7535715,0.02363884,-0.6569409,0.1553545,0.9774489,-0.1430342,0.6387449,-0.2098452,-0.74025,static,-42.16624,28.51456,16.83913,-11.82109,3.5773796416393684,-0.9724166661251464
05/04/2023 16:18:25.152482,496,True,True,True,True,Eyes,1.732279,0.1201829,-1.817801,0.6131707,-0.3752118,-0.6951531,0.0,0.0,0.0,0.0,0.0,0.0,0.0,0.3070992,-0.7125984,-2.706532,2.048373,0.1155647,-1.928273,0.04935623,0.9335908,-0.09517726,0.3419263,12.20825,139.9394,1.587076,0.6703864,0.05109809,-0.7402502,0.0,0.0,0.0,2.748717,-0.6652882,-3.678585,0.5796006,-0.4008,1.915001,-0.7613009,0.02706982,-0.6478336,0.1572443,0.9770105,-0.1439608,0.6290433,-0.2114656,-0.7480556,static,-41.41441,28.35814,16.83914,-11.82109,3.60604575026971,-0.9662797850283921
05/04/2023 16:18:25.172264,497,True,True,True,True,Eyes,1.746096,0.1199225,-1.822737,0.6035609,-0.3772482,-0.702423,0.0,0.0,0.0,0.0,0.0,0.0,0.0,0.3475275,-0.7226162,-2.710108,2.059016,0.1156977,-1.932538,0.05034814,0.9356425,-0.09621532,0.3358286,12.34883,140.6988,1.735919,0.6722761,0.0507705,-0.7385571,0.0,0.0,0.0,2.734319,-0.6680456,-3.691377,0.5796001,-0.4008,1.915,-0.7693682,0.02959198,-0.6381195,0.1588394,0.9764154,-0.1462296,0.6187425,-0.213863,-0.7559234,static,-40.67101,28.23878,16.83913,-11.82109,3.633940441981758,-0.960875366211319
05/04/2023 16:18:25.182429,498,True,True,True,True,Eyes,1.759772,0.1197873,-1.827657,0.593821,-0.379286,-0.7095906,0.0,0.0,0.0,0.0,0.0,0.0,0.0,0.3921386,-0.7464714,-2.709,2.070009,0.1177954,-1.936713,0.05117964,0.9376113,-0.09975688,0.3291116,12.75332,141.5158,1.780902,0.6741666,0.05044065,-0.7368545,0.0,0.0,0.0,2.716522,-0.6781036,-3.700904,0.5796008,-0.4007999,1.915001,-0.7781327,0.0303109,-0.6273686,0.1616355,0.9748585,-0.1533787,0.6069465,-0.220754,-0.7634685,static,-39.92429,28.12512,16.83914,-11.82108,3.661880267033866,-0.9555639746706067
05/04/2023 16:18:25.202753,499,True,True,True,True,Eyes,1.77335,0.1197865,-1.832556,0.584049,-0.3814012,-0.7165332,0.0,0.0,0.0,0.0,0.0,0.0,0.0,0.4364318,-0.7579294,-2.710299,2.080379,0.1206843,-1.941163,0.05110352,0.9397715,-0.1010966,0.3224866,12.88387,142.325,1.813332,0.6760529,0.05011415,-0.7351466,0.0,0.0,0.0,2.700676,-0.6789492,-3.71306,0.5796,-0.4008,1.915,-0.7867815,0.03084667,-0.6164601,0.1612558,0.9743358,-0.1570549,0.5957944,-0.2229757,-0.7715636,static,-39.18361,28.02579,16.83913,-11.82109,3.689423169723809,-0.9505476261348603
05/04/2023 16:18:25.222533,500,True,True,True,True,Eyes,1.786797,0.1199418,-1.837456,0.574153,-0.3834435,-0.7234082,0.0,0.0,0.0,0.0,0.0,0.0,0.0,0.4856322,-0.7656566,-2.711576,2.091096,0.1239767,-1.945935,0.05036686,0.9422019,-0.1019451,0.3151604,12.93544,143.2148,1.802338,0.6779314,0.04979634,-0.7334363,0.0,0.0,0.0,2.683413,-0.6773707,-3.726611,0.5796001,-0.4008001,1.915,-0.7962742,0.03065341,-0.6041586,0.1591696,0.9741408,-0.1603584,0.5836201,-0.2238529,-0.7805622,static,-38.43825,27.92588,16.83913,-11.82109,3.7171394958230657,-0.9455004767965562
05/04/2023 16:18:25.232529,501,True,True,True,True,Eyes,1.800094,0.1201904,-1.842371,0.5638241,-0.385512,-0.7303991,0.0,0.0,0.0,0.0,0.0,0.0,0.0,0.5373597,-0.7673262,-2.712963,2.101442,0.1278576,-1.950719,0.04790887,0.9447554,-0.1024339,0.3076513,12.88697,144.1078,1.616352,0.6797974,0.0494928,-0.7317278,0.0,0.0,0.0,2.667091,-0.6738542,-3.739882,0.5796001,-0.4008001,1.915,-0.8061108,0.02749645,-0.5911254,0.1535522,0.9744241,-0.1640715,0.5714955,-0.2230285,-0.7897159,static,-37.66598,27.82555,16.83913,-11.82109,3.745815853393923,-0.9403310163067283
05/04/2023 16:18:25.252636,502,True,True,True,True,Eyes,1.813251,0.1205027,-1.847291,0.5532827,-0.3875005,-0.7373747,0.0,0.0,0.0,0.0,0.0,0.0,0.0,0.5934908,-0.7652035,-2.713429,2.111664,0.1303226,-1.955595,0.04540366,0.9475197,-0.102535,0.2993857,12.79681,145.0927,1.448277,0.6816466,0.04920603,-0.7300248,0.0,0.0,0.0,2.647902,-0.6702735,-3.754289,0.5796008,-0.4007999,1.915001,-0.8166137,0.02464674,-0.5766585,0.1474367,0.9748502,-0.1671214,0.5580366,-0.2214942,-0.7997099,static,-36.88242,27.72254,16.83915,-11.82108,3.7749269010002773,-0.9350631766574201
05/04/2023 16:18:25.272112,503,True,True,True,True,Eyes,1.826352,0.1208632,-1.852167,0.5421046,-0.3894696,-0.7446045,0.0,0.0,0.0,0.0,0.0,0.0,0.0,0.649276,-0.7665577,-2.711815,2.1216,0.1325016,-1.960705,0.04414636,0.95019,-0.1027603,0.2909132,12.76596,146.1131,1.416334,0.6834754,0.04893708,-0.728331,0.0,0.0,0.0,2.626099,-0.6674555,-3.768841,0.5796005,-0.4007998,1.915001,-0.8268415,0.02410619,-0.5619186,0.1436835,0.9749829,-0.1695981,0.5437727,-0.2209692,-0.8096198,static,-36.05626,27.61207,16.83914,-11.82108,3.8056443380325415,-0.9294739834732062
05/04/2023 16:18:25.282195,504,True,True,True,True,Eyes,1.839293,0.1212593,-1.857062,0.5306697,-0.3914069,-0.7517915,0.0,0.0,0.0,0.0,0.0,0.0,0.0,0.7080917,-0.7715889,-2.706773,2.131191,0.133786,-1.965576,0.04420047,0.9529176,-0.1032192,0.2816739,12.80414,147.2376,1.533179,0.685284,0.0486862,-0.7266464,0.0,0.0,0.0,2.599303,-0.6661857,-3.783465,0.5796003,-0.4008,1.915,-0.8374122,0.02609051,-0.5459487,0.1423871,0.9747843,-0.1718185,0.5276994,-0.221619,-0.8200113,static,-35.21725,27.50294,16.83914,-11.82109,3.8368005718641975,-0.9238553425228994
05/04/2023 16:18:25.302526,505,True,True,True,True,Eyes,1.851988,0.1216548,-1.862025,0.519171,-0.3931803,-0.7588615,0.0,0.0,0.0,0.0,0.0,0.0,0.0,0.7647568,-0.7796543,-2.700136,2.140375,0.1350673,-1.970786,0.04492271,0.9554476,-0.1039115,0.2725885,12.88852,148.347,1.716087,0.6870685,0.04845321,-0.724975,0.0,0.0,0.0,2.571759,-0.6656899,-3.797395,0.5796005,-0.4007999,1.915002,-0.8473551,0.02919241,-0.530224,0.1424928,0.9743687,-0.1740732,0.5115521,-0.2230549,-0.8297961,static,-34.37777,27.38951,16.83913,-11.82108,3.868028285400417,-0.91815387581175
05/04/2023 16:18:25.322313,506,True,True,True,True,Eyes,1.864514,0.1220072,-1.867021,0.5074158,-0.3948451,-0.7659155,0.0,0.0,0.0,0.0,0.0,0.0,0.0,0.820176,-0.7837553,-2.693769,2.149328,0.1358356,-1.976179,0.04533448,0.9578994,-0.1040742,0.2637086,12.90266,149.4281,1.879016,0.6888237,0.0482365,-0.7233219,0.0,0.0,0.0,2.545326,-0.6637204,-3.811308,0.5796002,-0.4008,1.915001,-0.8568052,0.03196124,-0.5146489,0.1417422,0.9742267,-0.175475,0.4957763,-0.2232953,-0.8392528,static,-33.52431,27.27203,16.83913,-11.82108,3.899803582666331,-0.9123168405669418
05/04/2023 16:18:25.332554,507,True,True,True,True,Eyes,1.876867,0.1223094,-1.872057,0.4955608,-0.3965195,-0.7727818,0.0,0.0,0.0,0.0,0.0,0.0,0.0,0.8775762,-0.7852694,-2.686016,2.15782,0.1347334,-1.981697,0.04657656,0.9604489,-0.1035686,0.2542484,12.86347,150.5896,2.163543,0.6905468,0.04803308,-0.7216907,0.0,0.0,0.0,2.515483,-0.6607314,-3.826451,0.5796003,-0.4008,1.915,-0.8663768,0.0368045,-0.4980329,0.1421331,0.9742084,-0.1752605,0.4787374,-0.2226286,-0.8492627,static,-32.67079,27.16267,16.83914,-11.82109,3.9314775150765815,-0.9066321824330562
05/04/2023 16:18:25.352488,508,True,True,True,True,Eyes,1.889055,0.1225976,-1.877145,0.4835018,-0.3980331,-0.7796125,0.0,0.0,0.0,0.0,0.0,0.0,0.0,0.9322473,-0.784965,-2.67866,2.1661,0.133868,-1.987601,0.04766391,0.9628366,-0.1026991,0.2452078,12.77599,151.6967,2.434163,0.6922351,0.04783996,-0.7200842,0.0,0.0,0.0,2.487355,-0.6561325,-3.841381,0.5796002,-0.4007999,1.915,-0.8752026,0.04141989,-0.4819802,0.1421503,0.9743621,-0.1743897,0.4624,-0.22114,-0.8586522,static,-31.80645,27.04669,16.83913,-11.82108,3.9636196807362207,-0.9007770830320513
05/04/2023 16:18:25.362541,509,True,True,True,True,Eyes,2.188951,0.1306379,-2.006144,0.1623784,-0.404504,-0.9000053,0.0,0.0,0.0,0.0,0.0,0.0,0.0,0.9864341,-0.7818931,-2.671436,2.174412,0.1336783,-1.99375,0.04802513,0.9651515,-0.1015662,0.2363482,12.63591,152.7709,2.625203,0.6938866,0.04765578,-0.7185051,0.0,0.0,0.0,2.460828,-0.6500154,-3.855897,0.5795999,-0.4008001,1.915,-0.883666,0.04469305,-0.4659791,0.1407131,0.9747558,-0.1733523,0.4464681,-0.2187549,-0.8676475,static,-10.22725,24.20136,16.83913,-11.82109,4.765443930795297,-0.7555424135885429
05/04/2023 16:18:25.382543,510,True,True,True,True,Eyes,2.189277,0.1306494,-2.006406,0.1617975,-0.404211,-0.9002417,0.0,0.0,0.0,0.0,0.0,0.0,0.0,1.040097,-0.7698095,-2.666152,2.182761,0.1347326,-2.000043,0.04729289,0.9675151,-0.09901603,0.2277588,12.30653,153.8004,2.722638,0.7014492,0.04707625,-0.7111626,0.8996876,0.02412102,-0.3869963,2.437174,-0.6376829,-3.871527,0.5796006,-0.4007998,1.915002,-0.8917789,0.04640963,-0.4500856,0.1366167,0.9759184,-0.1700563,0.4313545,-0.2131417,-0.8766438,static,-10.18881,24.18021,16.83914,-11.82107,4.7670772229852645,-0.7549814157024941
05/04/2023 16:18:25.402480,511,True,True,True,True,Eyes,2.189882,0.1306259,-2.006913,0.1612891,-0.4039482,-0.9004509,0.0,0.0,0.0,0.0,0.0,0.0,0.0,1.091831,-0.7520691,-2.662147,2.191016,0.1350945,-2.00647,0.04654434,0.9698193,-0.09543636,0.219491,11.86135,154.7896,2.833859,0.7075678,0.04659335,-0.7051071,0.8457063,0.02267376,-0.3637765,2.415064,-0.6222414,-3.887972,0.5796003,-0.4007998,1.915001,-0.8993149,0.04838434,-0.4346172,0.132174,0.977451,-0.1646799,0.4168491,-0.2055442,-0.8854314,static,-10.15515,24.16132,16.83913,-11.82108,4.768512131654877,-0.7544832228806331
05/04/2023 16:18:25.412657,512,True,True,True,True,Eyes,2.190731,0.1306037,-2.007694,0.1601599,-0.4037135,-0.9007576,0.0,0.0,0.0,0.0,0.0,0.0,0.0,1.135825,-0.7465378,-2.656219,2.198282,0.1342863,-2.013067,0.0469157,0.9715681,-0.09389485,0.2122219,11.67521,155.6637,3.00336,0.7125162,0.04619037,-0.700133,0.794964,0.02131333,-0.3419499,2.393759,-0.6154689,-3.90078,0.5796001,-0.4008,1.915,-0.9055215,0.05131051,-0.4211864,0.1310167,0.9779654,-0.1625374,0.4035658,-0.2023635,-0.8922912,static,-10.08215,24.1416,16.83913,-11.82109,4.771353273000463,-0.7538021620290964
05/04/2023 16:18:25.432608,513,True,True,True,True,Eyes,2.191794,0.1305955,-2.008713,0.158477,-0.403861,-0.9009891,0.0,0.0,0.0,0.0,0.0,0.0,0.0,1.182458,-0.7546751,-2.644478,2.205011,0.1342821,-2.020123,0.04756191,0.9731445,-0.09488861,0.2042645,11.77747,156.6163,3.150652,0.7165152,0.04585377,-0.6960622,0.7472661,0.02003453,-0.3214329,2.367799,-0.6171747,-3.91026,0.5796006,-0.4007999,1.915,-0.9120279,0.05380448,-0.4065839,0.131334,0.977468,-0.1652502,0.3885316,-0.204111,-0.8985444,static,-9.975841,24.14392,16.83915,-11.82108,4.775095197381878,-0.7533937648764089
05/04/2023 16:18:25.452546,514,True,True,True,True,Eyes,2.19307,0.1306052,-2.009964,0.1561772,-0.4042322,-0.9012241,0.0,0.0,0.0,0.0,0.0,0.0,0.0,1.233611,-0.7714796,-2.62666,2.211497,0.1346692,-2.02669,0.04854243,0.9746684,-0.09744487,0.1953705,12.05909,157.681,3.31503,0.719743,0.04557247,-0.6927426,0.7024301,0.01883246,-0.3021469,2.336885,-0.6239367,-3.916821,0.5795997,-0.4008001,1.915,-0.9189478,0.05654984,-0.3903032,0.1327012,0.9762963,-0.1709854,0.3713824,-0.2089204,-0.9046696,static,-9.831404,24.15799,16.83913,-11.82109,4.780040018274802,-0.7530441200540561
05/04/2023 16:18:25.471966,515,True,True,True,True,Eyes,2.194531,0.1306582,-2.011437,0.1530803,-0.4048938,-0.9014584,0.0,0.0,0.0,0.0,0.0,0.0,0.0,1.28173,-0.7892757,-2.609221,2.217997,0.1349559,-2.033741,0.04961626,0.9759941,-0.1001449,0.1869355,12.35873,158.6922,3.486792,0.7223449,0.04533714,-0.6900448,0.6602843,0.01770251,-0.2840181,2.307679,-0.6312689,-3.92283,0.5796002,-0.4008,1.915,-0.9251868,0.05940907,-0.3748334,0.1342916,0.9750184,-0.1769316,0.3549582,-0.2140317,-0.9100522,static,-9.637691,24.18743,16.83914,-11.82109,4.786537091372587,-0.7527738737104296
05/04/2023 16:18:25.482311,516,True,True,True,True,Eyes,2.196148,0.1307099,-2.013142,0.1495688,-0.4058129,-0.9016347,0.0,0.0,0.0,0.0,0.0,0.0,0.0,1.321579,-0.8131378,-2.592419,2.224141,0.1363396,-2.040345,0.05076616,0.976867,-0.1038558,0.1799103,12.77795,159.5365,3.634062,0.7244386,0.04514082,-0.6878594,0.6206673,0.01664036,-0.266977,2.283242,-0.6414678,-3.925902,0.5796003,-0.4008,1.915001,-0.9301104,0.06181411,-0.3620417,0.136553,0.9732735,-0.1846398,0.3409522,-0.2211732,-0.9136928,static,-9.418811,24.23183,16.83914,-11.82108,4.793736334243135,-0.7526778260898108
05/04/2023 16:18:25.502391,517,True,True,True,True,Eyes,2.197918,0.1307434,-2.015051,0.1456711,-0.4069857,-0.9017442,0.0,0.0,0.0,0.0,0.0,0.0,0.0,1.359069,-0.8328134,-2.577058,2.229611,0.1365675,-2.047451,0.05082259,0.9776232,-0.1077477,0.1733797,13.1968,160.3091,3.651645,0.726119,0.0449763,-0.6860961,0.5834273,0.01564194,-0.2509584,2.26126,-0.6541036,-3.928312,0.5796005,-0.4007999,1.915001,-0.9347132,0.06200815,-0.349952,0.1367332,0.971615,-0.1930501,0.328048,-0.2282965,-0.91666,static,-9.176494,24.29116,16.83914,-11.82108,4.801576754536997,-0.7527627689225711
05/04/2023 16:18:25.522112,518,True,True,True,True,Eyes,2.199816,0.1307722,-2.01717,0.1413348,-0.4084418,-0.901776,0.0,0.0,0.0,0.0,0.0,0.0,0.0,1.401564,-0.8541189,-2.55703,2.234639,0.1361171,-2.054303,0.04966429,0.9783373,-0.1131687,0.1660797,13.76444,161.1556,3.517225,0.727464,0.04483698,-0.684679,0.5484216,0.01470342,-0.2359009,2.236637,-0.6735404,-3.927337,0.5796005,-0.4008,1.915,-0.9399019,0.05958679,-0.3362048,0.1347669,0.9694526,-0.2049378,0.3137231,-0.2379307,-0.9192207,static,-8.907469,24.36722,16.83915,-11.82109,4.810151454684538,-0.7530486292455498
05/04/2023 16:18:25.532292,519,True,True,True,True,Eyes,2.201848,0.1308084,-2.019485,0.1368659,-0.4101726,-0.9016796,0.0,0.0,0.0,0.0,0.0,0.0,0.0,1.447303,-0.8694867,-2.536497,2.23967,0.1361562,-2.061517,0.04832343,0.9792123,-0.1174244,0.1581768,14.19685,162.0715,3.399706,0.7285363,0.04471777,-0.6835456,0.5155163,0.01382122,-0.2217468,2.210451,-0.6880594,-3.927962,0.5796003,-0.4008001,1.915001,-0.94529,0.05749014,-0.321126,0.1317854,0.9677528,-0.2146795,0.2984286,-0.2452541,-0.9223833,static,-8.631042,24.46071,16.83913,-11.82109,4.818766599404059,-0.753630650577739
05/04/2023 16:18:25.552513,520,True,True,True,True,Eyes,2.203988,0.1308599,-2.022005,0.1320662,-0.4120127,-0.9015565,0.0,0.0,0.0,0.0,0.0,0.0,0.0,1.494538,-0.8782408,-2.516297,2.244969,0.1363519,-2.068386,0.04546727,0.9800817,-0.1215104,0.1503602,14.5872,162.9546,3.114646,0.7293879,0.04461477,-0.6826435,0.4845853,0.01299194,-0.208442,2.186856,-0.7027774,-3.927495,0.5796005,-0.4007999,1.915001,-0.9506494,0.05258262,-0.3057799,0.1256639,0.9663359,-0.2245072,0.2836809,-0.2518531,-0.9252543,static,-8.33381,24.56047,16.83913,-11.82108,4.8280399228652,-0.7542420705058108
05/04/2023 16:18:25.562430,521,True,True,True,True,Eyes,2.206269,0.1309305,-2.02473,0.1275194,-0.4135085,-0.9015262,0.0,0.0,0.0,0.0,0.0,0.0,0.0,1.539123,-0.8798894,-2.499218,2.249822,0.1367871,-2.07576,0.04280028,0.9810206,-0.123898,0.1428852,14.79279,163.8002,2.879437,0.7300691,0.04452448,-0.6819209,0.4555102,0.01221243,-0.1959355,2.164717,-0.7110341,-3.92988,0.5796006,-0.4007999,1.915001,-0.9555041,0.0485695,-0.2909524,0.1193823,0.9656348,-0.230862,0.2697409,-0.2553241,-0.9284664,static,-8.050986,24.63979,16.83914,-11.82108,4.837062615853654,-0.7545305384659771
05/04/2023 16:18:25.582225,522,True,True,True,True,Eyes,2.208649,0.1309972,-2.02767,0.1226955,-0.4149026,-0.9015552,0.0,0.0,0.0,0.0,0.0,0.0,0.0,1.583932,-0.8695603,-2.485756,2.254938,0.1372799,-2.083354,0.03891034,0.9821057,-0.1247081,0.1356551,14.8038,164.5994,2.525036,0.730671,0.04444037,-0.6812814,0.4281796,0.01147968,-0.1841794,2.145908,-0.7144541,-3.934425,0.5796003,-0.4008,1.915001,-0.9601676,0.04259356,-0.2761601,0.1102627,0.9658678,-0.2343963,0.2567504,-0.2555099,-0.9320913,static,-7.749949,24.71225,16.83914,-11.82108,4.846818880354741,-0.7546126201826329
05/04/2023 16:18:25.602380,523,True,True,True,True,Eyes,2.211058,0.1310548,-2.030823,0.1180072,-0.4158626,-0.9017388,0.0,0.0,0.0,0.0,0.0,0.0,0.0,1.628416,-0.8484264,-2.475589,2.259907,0.1372468,-2.091433,0.034994,0.9833969,-0.1233416,0.1284237,14.57078,165.4007,2.199576,0.7312002,0.04436135,-0.6807185,0.4024889,0.0107909,-0.1731286,2.127727,-0.7106143,-3.942773,0.5796001,-0.4008,1.915,-0.9645655,0.037146,-0.2612154,0.100506,0.9671245,-0.2335995,0.2439505,-0.2515757,-0.9365883,static,-7.455714,24.75814,16.83914,-11.82109,4.856672480180267,-0.7542241845674312
05/04/2023 16:18:25.622357,524,True,True,True,True,Eyes,2.21356,0.1310951,-2.034177,0.1130784,-0.4167292,-0.9019701,0.0,0.0,0.0,0.0,0.0,0.0,0.0,1.67059,-0.8341397,-2.463141,2.26468,0.1370531,-2.099087,0.03225684,0.9844832,-0.1226003,0.1213319,14.43157,166.2011,1.99785,0.7316595,0.04428662,-0.6802297,0.3783395,0.01014345,-0.1627409,2.108315,-0.7085588,-3.949572,0.5796002,-0.4007999,1.915,-0.968476,0.03376196,-0.2468078,0.0932633,0.9678572,-0.2335684,0.2309891,-0.2492235,-0.9404954,static,-7.145787,24.79793,16.83914,-11.82109,4.867160528143704,-0.7536543673123477
05/04/2023 16:18:25.632723,525,True,True,True,True,Eyes,2.216236,0.1310998,-2.037699,0.1084546,-0.4173242,-0.9022628,0.0,0.0,0.0,0.0,0.0,0.0,0.0,1.708241,-0.818149,-2.454189,2.269632,0.1365676,-2.107277,0.02998056,0.9854977,-0.1211098,0.1150129,14.21748,166.9171,1.846394,0.7320548,0.04421479,-0.6798089,0.3556392,0.00953484,-0.1529764,2.091762,-0.7039815,-3.958127,0.5796005,-0.4007998,1.915001,-0.9717466,0.03123319,-0.2339517,0.08694991,0.9688671,-0.2318105,0.2194279,-0.2456031,-0.944209,static,-6.854231,24.82199,16.83914,-11.82108,4.877197320114532,-0.7528669822444534
05/04/2023 16:18:25.652729,526,True,True,True,True,Eyes,2.21898,0.1310575,-2.041414,0.1036291,-0.417896,-0.9025652,0.0,0.0,0.0,0.0,0.0,0.0,0.0,1.742335,-0.8075536,-2.444837,2.274332,0.1357674,-2.115202,0.02815754,0.9862831,-0.1204972,0.10924,14.11333,167.5732,1.726338,0.7323933,0.04414396,-0.6794489,0.3343008,0.00896275,-0.1437978,2.076327,-0.7027792,-3.964915,0.5796005,-0.4007999,1.915001,-0.9745477,0.02921638,-0.2222689,0.08186883,0.9693751,-0.2315369,0.2086973,-0.2438406,-0.9470943,static,-6.5498,24.84457,16.83913,-11.82108,4.887709738112061,-0.7519970353736565
05/04/2023 16:18:25.672108,527,True,True,True,True,Eyes,2.221804,0.1309414,-2.045312,0.09862838,-0.4183598,-0.9029106,0.0,0.0,0.0,0.0,0.0,0.0,0.0,1.777051,-0.7995032,-2.433737,2.278697,0.1348158,-2.12357,0.02625854,0.9869694,-0.1205818,0.1032576,14.08989,168.2514,1.591085,0.7326785,0.04407207,-0.679145,0.3142428,0.008424984,-0.13517,2.059697,-0.7043621,-3.970628,0.5796007,-0.4007998,1.915002,-0.9772971,0.02693078,-0.2101568,0.07673471,0.9695411,-0.2325982,0.1974916,-0.2434438,-0.9495961,static,-6.233922,24.86045,16.83914,-11.82107,4.898713652898363,-0.7509524775810925
05/04/2023 16:18:25.682506,528,True,True,True,True,Eyes,2.224687,0.130767,-2.049392,0.09352418,-0.418878,-0.9032134,0.0,0.0,0.0,0.0,0.0,0.0,0.0,1.808052,-0.7915567,-2.424699,2.283208,0.1329414,-2.131682,0.02472153,0.9875517,-0.1205506,0.09796953,14.06036,168.8527,1.489028,0.732914,0.04399676,-0.678895,0.2953882,0.007919485,-0.1270598,2.045544,-0.7063471,-3.97638,0.5796002,-0.4008002,1.915,-0.9795815,0.02520699,-0.1994603,0.07244814,0.9697128,-0.233256,0.1875396,-0.2429439,-0.951739,static,-5.911684,24.88018,16.83914,-11.8211,4.909894129408576,-0.7499532469606616
05/04/2023 16:18:25.702611,529,True,True,True,True,Eyes,2.227767,0.1305475,-2.053612,0.08414121,-0.4190788,-0.9040427,0.0,0.0,0.0,0.0,0.0,0.0,0.0,1.831969,-0.7909953,-2.418509,2.287668,0.1311089,-2.140175,0.02370772,0.9878421,-0.1215694,0.09395212,14.16041,169.3102,1.418073,0.7331029,0.04391625,-0.6786959,0.2776649,0.007444316,-0.1194362,2.035446,-0.7119666,-3.981211,0.5796005,-0.4007999,1.915002,-0.9812222,0.02399556,-0.191384,0.06968236,0.9693177,-0.2357279,0.1798555,-0.2446375,-0.9527881,static,-5.317324,24.87059,16.83913,-11.82108,4.931102298218441,-0.7472458734015712
05/04/2023 16:18:25.714421,530,True,True,True,True,Eyes,2.230878,0.1302502,-2.058026,0.07489474,-0.4192607,-0.9047714,0.0,0.0,0.0,0.0,0.0,0.0,0.0,1.856569,-0.787903,-2.412023,2.291893,0.129758,-2.148461,0.02257987,0.988194,-0.1220711,0.08978517,14.20042,169.7841,1.342101,0.7332506,0.04382928,-0.6785417,0.261005,0.006997657,-0.11227,2.024817,-0.715305,-3.986487,0.5796003,-0.4008,1.915,-0.9828576,0.02270624,-0.182963,0.06654692,0.9691777,-0.2372051,0.1719376,-0.2453145,-0.9540745,static,-4.732015,24.86246,16.83914,-11.82109,4.951970758864222,-0.7446044267577285
05/04/2023 16:18:25.732515,531,True,True,True,True,Eyes,2.233917,0.1298836,-2.062646,0.06605151,-0.4194737,-0.9053613,0.0,0.0,0.0,0.0,0.0,0.0,0.0,1.875106,-0.7852904,-2.41025,2.295835,0.1276144,-2.157514,0.02205845,0.9884732,-0.1221803,0.08663794,14.20347,170.1471,1.32623,0.7333587,0.04373376,-0.678431,0.2453447,0.006577797,-0.1055338,2.017212,-0.7177006,-3.993711,0.5796007,-0.4007999,1.915002,-0.9840148,0.02243748,-0.1766688,0.06477927,0.9691708,-0.2377217,0.1658884,-0.2453661,-0.955132,static,-4.172676,24.85932,16.83914,-11.82108,4.971854289214999,-0.7421671971742955
05/04/2023 16:18:25.752654,532,True,True,True,True,Eyes,2.23697,0.1294579,-2.067448,0.05741584,-0.4196474,-0.9058695,0.0,0.0,0.0,0.0,0.0,0.0,0.0,1.887496,-0.7844076,-2.412451,2.299462,0.1255021,-2.166696,0.02184004,0.9886408,-0.1222886,0.08460417,14.21107,170.3833,1.329477,0.7334269,0.04362822,-0.6783642,0.2306241,0.006183129,-0.09920178,2.013235,-0.7200141,-4.001629,0.5796002,-0.4008,1.915,-0.9847304,0.02249165,-0.1726278,0.06387617,0.969137,-0.2381036,0.1619447,-0.2454946,-0.9557753,static,-3.626671,24.85611,16.83914,-11.82109,4.991265665252262,-0.7397853455168332
05/04/2023 16:18:25.772133,533,True,True,True,True,Eyes,2.239854,0.1289805,-2.072473,0.04929421,-0.4198259,-0.9062651,0.0,0.0,0.0,0.0,0.0,0.0,0.0,1.902307,-0.780794,-2.413501,2.30287,0.1236777,-2.175981,0.02113234,0.9888719,-0.1222227,0.08214253,14.19347,170.6628,1.283462,0.7334565,0.0435116,-0.6783398,0.2167866,0.005812142,-0.09324968,2.008022,-0.7217556,-4.009587,0.5796003,-0.4007998,1.915001,-0.9856122,0.021715,-0.1676226,0.06187371,0.9692301,-0.2382534,0.1572912,-0.2451968,-0.9566286,static,-3.113405,24.85586,16.83913,-11.82108,5.009477842485106,-0.7375983334105687
05/04/2023 16:18:25.782244,534,True,True,True,True,Eyes,2.242744,0.1284902,-2.077684,0.04145794,-0.4199249,-0.9066114,0.0,0.0,0.0,0.0,0.0,0.0,0.0,1.91258,-0.775633,-2.418585,2.306104,0.121815,-2.185444,0.02060961,0.9890957,-0.1215768,0.08052445,14.11219,170.8463,1.251975,0.7334453,0.04338336,-0.6783601,0.2037794,0.005463413,-0.08765469,2.005773,-0.7214323,-4.019167,0.5796003,-0.4008,1.915001,-0.9861823,0.02118995,-0.164304,0.06034955,0.9695887,-0.237183,0.1542815,-0.2438213,-0.95747,static,-2.618223,24.85266,16.83914,-11.82109,5.027086058054527,-0.7354327597928813
05/04/2023 16:18:25.802264,535,True,True,True,True,Eyes,2.312931,0.115576,-2.213164,-0.1458169,-0.4124204,-0.8992479,0.0,0.0,0.0,0.0,0.0,0.0,0.0,1.920735,-0.7647533,-2.427179,2.309118,0.1209915,-2.195132,0.01886843,0.9893413,-0.1205219,0.07951228,13.97361,170.9416,1.072798,0.7333947,0.04324415,-0.6784238,0.1915527,0.005135608,-0.08239541,2.00719,-0.7197736,-4.029732,0.5796001,-0.4008,1.915,-0.9866435,0.01816869,-0.1618777,0.05650056,0.970237,-0.2354739,0.1527814,-0.241475,-0.9583045,static,9.210588,24.63752,16.83913,-11.82109,5.449475464389881,-0.6810948242767487
05/04/2023 16:18:25.812855,536,True,True,True,True,Eyes,2.313034,0.115531,-2.213589,-0.1458877,-0.412348,-0.8992697,2.02239,2.017992,-0.7183974,-4.032263,0.8170187,-0.08028614,0.5709942,0.5661144,-0.4033288,1.908907,2.311919,0.119776,-2.205201,0.01700538,0.989686,-0.1191083,0.07775558,13.79237,171.1235,0.8930895,0.7321275,0.04237491,-0.6798461,0.3906208,-0.03391511,-0.4838907,2.005722,-0.7171903,-4.04083,0.5796005,-0.4007999,1.915001,-0.9873298,0.0151373,-0.1579582,0.05218263,0.9710481,-0.233115,0.1498562,-0.2384041,-0.9595347,static,9.214764,24.63319,16.83914,-11.82108,5.449678803159861,-0.6809956773718817
05/04/2023 16:18:25.832381,537,True,True,True,True,Eyes,2.313195,0.1154314,-2.214408,-0.1459935,-0.4121289,-0.8993529,0.0,0.0,0.0,0.0,0.0,0.0,0.0,1.944196,-0.7351661,-2.441413,2.314506,0.118627,-2.215818,0.01470129,0.9900352,-0.1176208,0.07602553,13.59944,171.2966,0.6617251,0.7310311,0.04164585,-0.6810701,0.3671835,-0.03188021,-0.4548573,2.004675,-0.7146829,-4.0525,0.5796006,-0.4008,1.915001,-0.9880081,0.01122523,-0.1539942,0.04699394,0.9718985,-0.230662,0.1470775,-0.2351327,-0.9607711,static,9.220491,24.61964,16.83914,-11.82108,5.450054679820832,-0.6807166269011804
05/04/2023 16:18:25.852662,538,True,True,True,True,Eyes,2.313443,0.1152797,-2.215617,-0.1462052,-0.4118126,-0.8994634,0.0,0.0,0.0,0.0,0.0,0.0,0.0,1.956567,-0.7154468,-2.448955,2.317087,0.1173084,-2.225925,0.01246859,0.9904764,-0.1153304,0.07416308,13.31552,171.488,0.4470802,0.7300746,0.0410308,-0.6821327,0.3451525,-0.0299674,-0.4275658,2.003119,-0.709354,-4.064908,0.5796004,-0.4008,1.915001,-0.9886888,0.007593169,-0.1497896,0.04180619,0.9730869,-0.2266145,0.1440376,-0.2303134,-0.9623976,static,9.23252,24.60032,16.83914,-11.82108,5.450727672264525,-0.6803023223809301
05/04/2023 16:18:25.862396,539,True,True,True,True,Eyes,2.313696,0.1150938,-2.217206,-0.1465247,-0.411524,-0.8995435,0.0,0.0,0.0,0.0,0.0,0.0,0.0,1.968134,-0.6995474,-2.455993,2.319402,0.1157296,-2.236469,0.01090368,0.9908664,-0.113317,0.07227993,13.06993,171.691,0.307456,0.7292316,0.04050769,-0.6830651,0.3244433,-0.02816935,-0.4019119,2.000341,-0.7047108,-4.077361,0.5796007,-0.4007999,1.915001,-0.9893137,0.005227086,-0.1457106,0.03798926,0.9740808,-0.2229877,0.1407684,-0.2261402,-0.9638701,static,9.251534,24.58319,16.83914,-11.82108,5.451620556907787,-0.6798994845089582
05/04/2023 16:18:25.882724,540,True,True,True,True,Eyes,2.314014,0.1149056,-2.219172,-0.147033,-0.4112058,-0.899606,0.0,0.0,0.0,0.0,0.0,0.0,0.0,1.981792,-0.6868446,-2.459973,2.321354,0.1146939,-2.246973,0.009551846,0.9912296,-0.111756,0.06988122,12.87864,171.9567,0.1949457,0.728467,0.04004654,-0.6839075,0.3049767,-0.02647919,-0.3777972,1.99488,-0.7009271,-4.088706,0.5796001,-0.4008001,1.914999,-0.9900507,0.003316846,-0.1406716,0.03455544,0.9748387,-0.2202168,0.1364017,-0.2228868,-0.9652544,static,9.282437,24.56492,16.83914,-11.82109,5.452949754068253,-0.6794246681294167
05/04/2023 16:18:25.902630,541,True,True,True,True,Eyes,2.314429,0.1148032,-2.221488,-0.1479302,-0.4110521,-0.8995292,0.0,0.0,0.0,0.0,0.0,0.0,0.0,1.998139,-0.6802954,-2.460473,2.323294,0.114442,-2.257985,0.008584877,0.9915254,-0.1110446,0.06688139,12.78865,172.2964,0.1275309,0.7277526,0.03962374,-0.6846924,0.2866781,-0.02489044,-0.3551293,1.986521,-0.6990518,-4.098804,0.5796005,-0.4007999,1.915001,-0.9909065,0.002170617,-0.1345358,0.03187787,0.9751908,-0.2190586,0.1307226,-0.2213553,-0.966392,static,9.338867,24.55868,16.83914,-11.82108,5.455031236932813,-0.6790674443996956
05/04/2023 16:18:25.912532,542,True,True,True,True,Eyes,2.314899,0.1148084,-2.224121,-0.1489515,-0.4107988,-0.8994764,0.0,0.0,0.0,0.0,0.0,0.0,0.0,2.014791,-0.6801171,-2.45885,2.325262,0.11642,-2.268808,0.007663687,0.991715,-0.1112107,0.06383583,12.8005,172.6406,0.05886958,0.7270792,0.0392379,-0.6854295,0.2694775,-0.02339701,-0.3338216,1.977872,-0.6981199,-4.10719,0.5796003,-0.4007999,1.915001,-0.9917325,0.001001933,-0.1283184,0.02939883,0.9751469,-0.2196001,0.1249093,-0.221557,-0.9671144,static,9.402735,24.5466,16.83913,-11.82108,5.457451029311676,-0.6785688207619028
05/04/2023 16:18:25.932655,543,True,True,True,True,Eyes,2.315433,0.1147612,-2.227094,-0.1503255,-0.4106045,-0.8993365,0.0,0.0,0.0,0.0,0.0,0.0,0.0,2.030609,-0.6684616,-2.460776,2.327092,0.1190395,-2.279496,0.005882891,0.9920827,-0.1095794,0.0610733,12.59994,172.9435,359.8995,0.7264392,0.03888849,-0.6861277,0.2533088,-0.02199319,-0.3137923,1.971403,-0.6908422,-4.118349,0.5796003,-0.4008,1.915001,-0.9924709,-0.001712123,-0.1224688,0.02505738,0.9759155,-0.216705,0.1198902,-0.2181422,-0.9685248,static,9.48935,24.53972,16.83914,-11.82108,5.460611533894678,-0.6780712258259676
05/04/2023 16:18:25.952595,544,True,True,True,True,Eyes,2.316014,0.1147121,-2.230383,-0.1518681,-0.4104356,-0.8991545,0.0,0.0,0.0,0.0,0.0,0.0,0.0,2.049377,-0.650033,-2.461444,2.3287,0.1181975,-2.290062,0.00348694,0.9924778,-0.107875,0.05778009,12.38796,173.3009,359.6747,0.7258244,0.03856966,-0.686796,0.2381103,-0.0206736,-0.2949647,1.963405,-0.6873034,-4.128957,0.5796002,-0.4008,1.915,-0.9932986,-0.005544635,-0.1154432,0.01938748,0.9767016,-0.2137242,0.1139386,-0.2145301,-0.9700489,static,9.586839,24.5352,16.83913,-11.82109,5.464127732881284,-0.6775717577261537
05/04/2023 16:18:25.962603,545,True,True,True,True,Eyes,2.316616,0.1147619,-2.233964,-0.1536439,-0.4105564,-0.8987975,0.0,0.0,0.0,0.0,0.0,0.0,0.0,2.071358,-0.640538,-2.457529,2.330539,0.1175617,-2.301091,0.001467445,0.9927191,-0.1077432,0.05383543,12.36129,173.7366,359.4904,0.7252293,0.0382785,-0.6874408,0.2238237,-0.01943319,-0.2772669,1.952567,-0.6889209,-4.136991,0.5796005,-0.4007998,1.915001,-0.9941995,-0.008687285,-0.1072031,0.01451433,0.9767785,-0.2137595,0.1065707,-0.2140755,-0.9709865,static,9.700594,24.55017,16.83913,-11.82108,5.467972586299179,-0.6773694845013752
05/04/2023 16:18:25.982246,546,True,True,True,True,Eyes,2.317258,0.114938,-2.237837,-0.1555654,-0.410643,-0.8984274,0.0,0.0,0.0,0.0,0.0,0.0,0.0,2.089537,-0.6431283,-2.453155,2.332274,0.1200195,-2.311674,-9.173273e-05,0.9927456,-0.1090741,0.0505887,12.50686,174.0935,359.3416,0.7246462,0.03801439,-0.6880702,0.2103942,-0.01826719,-0.2606308,1.943678,-0.6924513,-4.142708,0.5796002,-0.4008,1.915,-0.9948817,-0.01121797,-0.1004234,0.0108537,0.9762057,-0.216575,0.1004634,-0.2165564,-0.9710873,static,9.823532,24.56366,16.83913,-11.82109,5.4721620857173425,-0.6771003471801449
05/04/2023 16:18:26.002221,547,True,True,True,True,Eyes,2.317963,0.1152056,-2.241997,-0.1578295,-0.4107274,-0.8979937,0.0,0.0,0.0,0.0,0.0,0.0,0.0,2.106941,-0.6402372,-2.451027,2.333927,0.1232177,-2.322549,-0.0009913762,0.9929699,-0.1084695,0.04737503,12.4343,174.4587,359.2815,0.7240714,0.03777891,-0.6886882,0.1977706,-0.01717116,-0.244993,1.934182,-0.6875858,-4.151922,0.5796006,-0.4008,1.915,-0.9955094,-0.0122463,-0.09386888,0.008308676,0.9764668,-0.2155078,0.09429902,-0.2153199,-0.97198,static,9.968376,24.57857,16.83915,-11.82109,5.477110639412839,-0.6767647614084749
05/04/2023 16:18:26.022352,548,True,True,True,True,Eyes,2.318704,0.1155647,-2.246436,-0.1602535,-0.4106124,-0.897617,0.0,0.0,0.0,0.0,0.0,0.0,0.0,2.125106,-0.6330323,-2.44956,2.335548,0.1256099,-2.333792,-0.001988961,0.9932586,-0.1072206,0.04401364,12.28769,174.841,359.2148,0.7235,0.03757147,-0.6892999,0.1859043,-0.01614089,-0.2302934,1.924252,-0.6812832,-4.162333,0.5796002,-0.4008,1.915,-0.9961178,-0.01338944,-0.08700734,0.005487231,0.9769995,-0.2131706,0.08786037,-0.2128204,-0.9731332,static,10.12249,24.58159,16.83914,-11.82109,5.482539606235731,-0.6761662641188614
05/04/2023 16:18:26.032541,549,True,True,True,True,Eyes,2.319413,0.1160186,-2.251141,-0.1628336,-0.41039,-0.8972543,0.0,0.0,0.0,0.0,0.0,0.0,0.0,2.143037,-0.6219927,-2.449037,2.337271,0.1281659,-2.34478,-0.001934189,0.9937296,-0.104175,0.04056646,11.93996,175.2494,359.2799,0.7229277,0.03739182,-0.6899099,0.1747501,-0.01517244,-0.2164758,1.912903,-0.6672466,-4.175364,0.5796008,-0.4007998,1.915002,-0.9967017,-0.01229614,-0.08022118,0.004607903,0.9782876,-0.2072005,0.08102716,-0.2068867,-0.9750043,static,10.28608,24.57861,16.83913,-11.82107,5.488381223395116,-0.6754146941877592
05/04/2023 16:18:26.052249,550,True,True,True,True,Eyes,2.32014,0.1164987,-2.256091,-0.165604,-0.4099801,-0.8969346,0.0,0.0,0.0,0.0,0.0,0.0,0.0,2.161337,-0.6113181,-2.447793,2.33883,0.1308622,-2.355744,-0.001926439,0.9941705,-0.101243,0.03703253,11.60496,175.6661,359.3373,0.7223508,0.03724008,-0.6905222,0.1642651,-0.01426209,-0.2034873,1.901108,-0.6535115,-4.187946,0.5796003,-0.4007999,1.915001,-0.9972498,-0.01132898,-0.07324322,0.003668148,0.9794922,-0.2014482,0.07402337,-0.2011628,-0.976757,static,10.4609,24.56468,16.83913,-11.82108,5.494760807270635,-0.6744095484255416
05/04/2023 16:18:26.072079,551,True,True,True,True,Eyes,2.320896,0.1169598,-2.261263,-0.1684177,-0.4095498,-0.8966072,0.0,0.0,0.0,0.0,0.0,0.0,0.0,2.180705,-0.599557,-2.445291,2.340225,0.1324367,-2.366473,-0.002163901,0.9945691,-0.09858469,0.03330124,11.30048,176.1017,359.3648,0.7217653,0.0371138,-0.6911409,0.1544092,-0.01340637,-0.191278,1.888677,-0.6421219,-4.199494,0.5796005,-0.4007998,1.915002,-0.997773,-0.01087028,-0.06581411,0.002261687,0.9805527,-0.1962427,0.06666742,-0.1959544,-0.9783444,static,10.63841,24.54984,16.83913,-11.82107,5.501247421910437,-0.6733758599419976
05/04/2023 16:18:26.082570,552,True,True,True,True,Eyes,2.321688,0.1174042,-2.266639,-0.1714611,-0.4092533,-0.8961657,0.0,0.0,0.0,0.0,0.0,0.0,0.0,2.204506,-0.5913983,-2.437623,2.341557,0.1323031,-2.377227,-0.002490247,0.9948473,-0.09720978,0.02869195,11.14396,176.636,359.3849,0.72117,0.03700976,-0.6917677,0.1451446,-0.01260198,-0.1798013,1.872919,-0.6371433,-4.20811,0.5796003,-0.4007999,1.915001,-0.9983412,-0.0105331,-0.05660405,0.000623443,0.9810881,-0.1935606,0.05757235,-0.1932748,-0.9794543,static,10.83135,24.54483,16.83913,-11.82108,5.508156153977186,-0.6724613411421732
05/04/2023 16:18:26.102454,553,True,True,True,True,Eyes,2.322557,0.117856,-2.2722,-0.1743957,-0.408991,-0.8957189,0.0,0.0,0.0,0.0,0.0,0.0,0.0,2.229412,-0.5965605,-2.425406,2.343279,0.1321852,-2.387534,-0.002740922,0.9948362,-0.09859061,0.02395157,11.305,177.1828,359.4054,0.7205626,0.03692493,-0.6924049,0.1364359,-0.01184586,-0.1690133,1.856941,-0.6421161,-4.211742,0.5796006,-0.4008,1.915001,-0.9988379,-0.01017634,-0.04711531,-0.0007307368,0.9805447,-0.1962943,0.04819623,-0.1960317,-0.9794128,static,11.0176,24.54174,16.83914,-11.82108,5.514803075470635,-0.6716113573717346
05/04/2023 16:18:26.122236,554,True,True,True,True,Eyes,2.323457,0.1183131,-2.277943,-0.1775134,-0.4087311,-0.895225,0.0,0.0,0.0,0.0,0.0,0.0,0.0,2.253281,-0.6085843,-2.412097,2.345261,0.1326348,-2.397503,-0.002392908,0.9947226,-0.1007239,0.01939215,11.55403,177.715,359.4931,0.7199435,0.03685745,-0.6930523,0.1282498,-0.01113511,-0.1588725,1.841249,-0.6486105,-4.213936,0.5796002,-0.4008,1.915,-0.9992364,-0.008667065,-0.03809756,-0.0008540538,0.9796979,-0.2004775,0.03906165,-0.2002919,-0.9789572,static,11.21565,24.53992,16.83914,-11.82109,5.521852435399233,-0.6707350744475098
05/04/2023 16:18:26.132746,555,True,True,True,True,Eyes,2.324385,0.1187521,-2.283866,-0.1804083,-0.4083836,-0.8948048,0.0,0.0,0.0,0.0,0.0,0.0,0.0,2.274516,-0.6097888,-2.403606,2.346878,0.1332533,-2.407693,-0.002310949,0.9947914,-0.1007489,0.01531874,11.55903,178.1901,359.5506,0.7193121,0.03680561,-0.6937104,0.1205548,-0.01046701,-0.1493401,1.827418,-0.6475828,-4.219947,0.5796006,-0.4007999,1.915001,-0.9995203,-0.007684516,-0.03001225,-0.00151113,0.9796886,-0.2005191,0.03094355,-0.2003775,-0.9792303,static,11.39902,24.53168,16.83914,-11.82108,5.528462823281686,-0.6698005309907383
05/04/2023 16:18:26.152208,556,True,True,True,True,Eyes,2.325346,0.1192006,-2.289964,-0.1834196,-0.4079565,-0.8943874,0.0,0.0,0.0,0.0,0.0,0.0,0.0,2.293531,-0.6058789,-2.39858,2.348762,0.1332143,-2.417876,-0.00208484,0.9949514,-0.09964936,0.01172937,11.43427,178.6112,359.6208,0.7186662,0.036767,-0.6943815,0.1133215,-0.009838985,-0.1403797,1.815544,-0.6430184,-4.22811,0.5796005,-0.4007999,1.915002,-0.9997164,-0.006486277,-0.0229248,-0.00181098,0.9801313,-0.1983414,0.02375581,-0.1982436,-0.9798651,static,11.58944,24.51913,16.83913,-11.82108,5.5353782550988715,-0.6687549968499591
05/04/2023 16:18:26.172336,557,True,True,True,True,Eyes,2.326371,0.1196751,-2.296223,-0.1864051,-0.407419,-0.894015,0.0,0.0,0.0,0.0,0.0,0.0,0.0,2.31161,-0.5979275,-2.395433,2.350566,0.133867,-2.428183,-0.002571509,0.9951255,-0.09822245,0.008426948,11.27066,178.9906,359.6043,0.7180063,0.03674046,-0.6950653,0.1065222,-0.009248646,-0.1319569,1.805529,-0.6373953,-4.23702,0.5796003,-0.4007999,1.915001,-0.9998449,-0.006773379,-0.01626658,-0.003462518,0.9806915,-0.1955307,0.0172769,-0.195444,-0.9805627,static,11.77763,24.49962,16.83913,-11.82108,5.542303282523532,-0.6675881166428677
05/04/2023 16:18:26.182783,558,True,True,True,True,Eyes,2.327426,0.1201621,-2.302643,-0.1895049,-0.4067703,-0.8936586,0.0,0.0,0.0,0.0,0.0,0.0,0.0,2.328918,-0.5856168,-2.393245,2.351859,0.1352118,-2.438216,-0.003440231,0.9953498,-0.09612277,0.005239755,11.02957,179.3525,359.5414,0.7173311,0.03672531,-0.695763,0.1001309,-0.008693727,-0.1240395,1.795887,-0.6290947,-4.246678,0.5796005,-0.4007999,1.915001,-0.9999216,-0.007855785,-0.00976941,-0.005841147,0.9814972,-0.1913876,0.01109215,-0.1913155,-0.9814661,static,11.97251,24.4738,16.83914,-11.82108,5.54954607326567,-0.6662741822628666
05/04/2023 16:18:26.202457,559,True,True,True,True,Eyes,2.328496,0.1206544,-2.309207,-0.1924853,-0.4062777,-0.8932457,0.0,0.0,0.0,0.0,0.0,0.0,0.0,2.347893,-0.5729587,-2.390103,2.353698,0.1359668,-2.448488,-0.004248379,0.9955577,-0.09404075,0.001816945,10.79121,179.7424,359.4867,0.7166417,0.03672066,-0.6964734,0.09412304,-0.008172103,-0.1165971,1.785834,-0.621377,-4.256183,0.5796005,-0.4007999,1.915,-0.9999574,-0.008800744,-0.002818706,-0.008117276,0.9822766,-0.1872614,0.004416788,-0.1872305,-0.9823062,static,12.1607,24.45761,16.83914,-11.82108,5.5564287856309535,-0.6651697083328818
05/04/2023 16:18:26.222396,560,True,True,True,True,Eyes,2.329551,0.121128,-2.315904,-0.1955958,-0.4058328,-0.8927721,0.0,0.0,0.0,0.0,0.0,0.0,0.0,2.36623,-0.5630839,-2.385263,2.354077,0.1364296,-2.45872,-0.005366524,0.9956571,-0.09292622,-0.001723179,10.66485,180.1419,359.3956,0.7159371,0.03672546,-0.6971973,0.08847565,-0.007681777,-0.1096013,1.774264,-0.6178307,-4.263909,0.5796002,-0.4008,1.915,-0.9999365,-0.01036618,0.004428771,-0.01100669,0.9826718,-0.1850268,-0.002434008,-0.1850638,-0.9827235,static,12.35758,24.44541,16.83914,-11.82109,5.563568936092749,-0.6641032864326255
05/04/2023 16:18:26.232520,561,True,True,True,True,Eyes,2.330665,0.1216131,-2.322732,-0.1986684,-0.4056161,-0.892192,0.0,0.0,0.0,0.0,0.0,0.0,0.0,2.384712,-0.5622851,-2.378004,2.354969,0.1363392,-2.468491,-0.005981595,0.9956015,-0.09335058,-0.005247782,10.7161,180.5442,359.3626,0.7152171,0.03673806,-0.6979353,0.08316711,-0.00722087,-0.1030252,1.762736,-0.6198626,-4.268831,0.5796003,-0.4008,1.915001,-0.9998736,-0.0109308,0.01156617,-0.01289034,0.9824997,-0.1858172,-0.009332629,-0.1859428,-0.9825164,static,12.5535,24.44791,16.83914,-11.82108,5.570487670062292,-0.6633172632260316
05/04/2023 16:18:26.252721,562,True,True,True,True,Eyes,2.331768,0.122138,-2.329645,-0.2019416,-0.4055333,-0.8914945,0.0,0.0,0.0,0.0,0.0,0.0,0.0,2.404706,-0.5753509,-2.366765,2.356643,0.1371474,-2.478435,-0.005617984,0.9953684,-0.09554262,-0.009047562,10.9704,180.9886,359.4482,0.7144821,0.03675784,-0.6986867,0.07817709,-0.006787618,-0.09684373,1.749914,-0.6262181,-4.270907,0.5796004,-0.4007999,1.915001,-0.9997733,-0.009455072,0.01908483,-0.01291278,0.9816801,-0.1900985,-0.0169378,-0.1903018,-0.9815796,static,12.76327,24.46039,16.83914,-11.82108,5.577770556426398,-0.6626599471339114
05/04/2023 16:18:26.272175,563,True,True,True,True,Eyes,2.332896,0.1226577,-2.336671,-0.2052923,-0.4056411,-0.8906797,0.0,0.0,0.0,0.0,0.0,0.0,0.0,2.424237,-0.5885023,-2.353989,2.357491,0.1385577,-2.48748,-0.004777071,0.9951681,-0.09720465,-0.01300219,11.16261,181.4573,359.5923,0.7137321,0.0367852,-0.6994514,0.07348646,-0.006380361,-0.0910331,1.735157,-0.6294285,-4.272614,0.5796006,-0.4007998,1.915002,-0.9996166,-0.00698023,0.02680745,-0.01203572,0.9810568,-0.1933457,-0.02495003,-0.1935942,-0.9807647,static,12.9794,24.48588,16.83913,-11.82107,5.585113255736134,-0.66222013938811
05/04/2023 16:18:26.282342,564,True,True,True,True,Eyes,2.334019,0.1231624,-2.34378,-0.208855,-0.4058999,-0.889733,0.0,0.0,0.0,0.0,0.0,0.0,0.0,2.444666,-0.608103,-2.339845,2.359149,0.1391679,-2.49722,-0.003245503,0.9948683,-0.09967192,-0.0170875,11.44527,181.9501,359.8216,0.7129678,0.03681909,-0.7002288,0.06907728,-0.005997539,-0.08557112,1.719982,-0.6354256,-4.273529,0.5796001,-0.4008,1.915,-0.9993949,-0.003051408,0.03464659,-0.009863982,0.98011,-0.1982099,-0.03335265,-0.1984318,-0.979547,static,13.21037,24.52267,16.83913,-11.82109,5.592838405327098,-0.6619296415927364
05/04/2023 16:18:26.302668,565,True,True,True,True,Eyes,2.335152,0.1236498,-2.351007,-0.2127436,-0.406046,-0.8887445,0.0,0.0,0.0,0.0,0.0,0.0,0.0,2.465043,-0.631929,-2.322887,2.36024,0.139307,-2.506278,-0.00138401,0.9944688,-0.1028284,-0.02136087,11.80482,182.4709,0.09601287,0.7121896,0.03685827,-0.7010182,0.06493264,-0.005637687,-0.08043685,1.70322,-0.6438326,-4.272297,0.5796005,-0.4007999,1.915001,-0.9990838,0.001640298,0.04277006,-0.007145717,0.9788489,-0.2044602,-0.0422008,-0.2045784,-0.9779403,static,13.46189,24.55452,16.83914,-11.82108,5.601355564150625,-0.661458911435856
05/04/2023 16:18:26.322428,566,True,True,True,True,Eyes,2.336303,0.1241208,-2.358331,-0.2167923,-0.4063133,-0.8876433,0.0,0.0,0.0,0.0,0.0,0.0,0.0,2.485953,-0.6498599,-2.307804,2.361794,0.1394133,-2.516093,-0.0001092292,0.9941116,-0.1053029,-0.02556865,12.08551,182.9787,0.3028017,0.7113967,0.0369016,-0.7018205,0.0,0.0,0.0,1.687889,-0.6504487,-4.272731,0.5796006,-0.4007999,1.915001,-0.9986929,0.005167732,0.05085917,-0.005602075,0.9778225,-0.20936,-0.05081316,-0.2093712,-0.9765154,static,13.72487,24.59565,16.83914,-11.82108,5.610161007873195,-0.6611138922848488
05/04/2023 16:18:26.332377,567,True,True,True,True,Eyes,2.337398,0.1245863,-2.365731,-0.2209367,-0.4062995,-0.8866271,0.0,0.0,0.0,0.0,0.0,0.0,0.0,2.505802,-0.6663036,-2.293601,2.362929,0.1395587,-2.526005,0.0009210108,0.9937442,-0.107678,-0.02961268,12.35419,183.4658,0.481424,0.7105903,0.03694802,-0.7026345,0.0,0.0,0.0,1.673082,-0.6569117,-4.273445,0.5796,-0.4008002,1.915,-0.9982443,0.008207766,0.0586565,-0.00454677,0.9768092,-0.2140634,-0.0590532,-0.2139543,-0.9750571,static,13.99244,24.61976,16.83913,-11.82109,5.619346218117778,-0.660429431140661
05/04/2023 16:18:26.352302,568,True,True,True,True,Eyes,2.338509,0.125031,-2.373236,-0.2252432,-0.4063296,-0.8855292,0.0,0.0,0.0,0.0,0.0,0.0,0.0,2.526316,-0.67642,-2.279472,2.364014,0.1398594,-2.535289,0.001402201,0.9934371,-0.1092852,-0.03372595,12.53532,183.9542,0.596204,0.7097696,0.03699702,-0.7034609,0.0,0.0,0.0,1.658663,-0.6611123,-4.274463,0.5796003,-0.4008,1.915,-0.9977212,0.01015749,0.06670274,-0.004585498,0.9761096,-0.2172305,-0.0673157,-0.2170414,-0.9738386,static,14.27111,24.64826,16.83914,-11.82109,5.62886926713861,-0.6597802939770474
05/04/2023 16:18:26.362226,569,True,True,True,True,Eyes,2.339578,0.1254778,-2.380821,-0.2295595,-0.4060085,-0.8845674,0.0,0.0,0.0,0.0,0.0,0.0,0.0,2.547319,-0.6849346,-2.266095,2.365542,0.1397554,-2.545159,0.002093801,0.9931628,-0.1104006,-0.03788216,12.65811,184.4503,0.7354321,0.7089354,0.03704756,-0.704299,0.0,0.0,0.0,1.644314,-0.6636518,-4.27668,0.5796001,-0.4008001,1.915,-0.9971211,0.0125234,0.074784,-0.004205456,0.9756147,-0.2194501,-0.07570863,-0.2191329,-0.9727533,static,14.54824,24.6547,16.83913,-11.82109,5.638618847746434,-0.6587230412153421
05/04/2023 16:18:26.382142,570,True,True,True,True,Eyes,2.340652,0.1259144,-2.388511,-0.234001,-0.4056424,-0.883571,0.0,0.0,0.0,0.0,0.0,0.0,0.0,2.568806,-0.6869805,-2.253272,2.366597,0.1402861,-2.554892,0.002499959,0.9929951,-0.1103387,-0.0421907,12.64565,184.9588,0.8382856,0.7080871,0.03709952,-0.7051491,0.0,0.0,0.0,1.629295,-0.6617088,-4.280288,0.5796005,-0.4007999,1.915001,-0.9964277,0.01427543,0.08323862,-0.004345641,0.9756382,-0.2193426,-0.084342,-0.2189206,-0.9720908,static,14.83342,24.65959,16.83914,-11.82108,5.648673771423061,-0.6576024258702602
05/04/2023 16:18:26.402456,571,True,True,True,True,Eyes,2.341715,0.1263104,-2.396304,-0.2384993,-0.404986,-0.8826689,0.0,0.0,0.0,0.0,0.0,0.0,0.0,2.589825,-0.6870455,-2.242106,2.368106,0.1405464,-2.564873,0.002728179,0.9928439,-0.1100613,-0.04626376,12.6089,185.437,0.9160013,0.7072254,0.03715229,-0.7060106,0.0,0.0,0.0,1.615834,-0.6595298,-4.284689,0.5796005,-0.4007999,1.915001,-0.9957047,0.01560101,0.09126485,-0.004766388,0.9757581,-0.2187997,-0.09246591,-0.2182949,-0.9714926,static,15.12039,24.6466,16.83913,-11.82108,5.659020087953593,-0.6561381081367276
05/04/2023 16:18:26.422181,572,True,True,True,True,Eyes,2.342776,0.1266671,-2.404194,-0.2431732,-0.4042804,-0.8817166,0.0,0.0,0.0,0.0,0.0,0.0,0.0,2.612972,-0.678723,-2.23098,2.369226,0.1398454,-2.575417,0.002613725,0.9927838,-0.1085984,-0.05079215,12.43688,185.9613,0.9518082,0.7063498,0.03720451,-0.7068838,0.0,0.0,0.0,1.600748,-0.6545151,-4.290712,0.5796002,-0.4007998,1.915001,-0.9948267,0.01622162,0.1002836,-0.005842161,0.9763991,-0.2158949,-0.1014189,-0.2153639,-0.9712532,static,15.4186,24.63217,16.83913,-11.82108,5.669783516264178,-0.6545989322030968
05/04/2023 16:18:26.432512,573,True,True,True,True,Eyes,2.343821,0.1269723,-2.41217,-0.2478489,-0.4033872,-0.8808233,0.0,0.0,0.0,0.0,0.0,0.0,0.0,2.637229,-0.6737965,-2.216806,2.370324,0.1392383,-2.58561,0.002735947,0.9926289,-0.107637,-0.05563078,12.32067,186.5256,1.020938,0.7054604,0.03725497,-0.7077689,0.0,0.0,0.0,1.58432,-0.6508073,-4.294946,0.5796002,-0.4007999,1.915001,-0.9937956,0.01740742,0.1098524,-0.006544298,0.9768136,-0.2139916,-0.1110304,-0.2133828,-0.9706391,static,15.71571,24.60617,16.83913,-11.82108,5.680655385622686,-0.6528469511512938
05/04/2023 16:18:26.452486,574,True,True,True,True,Eyes,2.34488,0.1272201,-2.420233,-0.252716,-0.4025177,-0.8798375,0.0,0.0,0.0,0.0,0.0,0.0,0.0,2.661986,-0.6740338,-2.200468,2.371787,0.1382606,-2.595776,0.003317548,0.9923645,-0.1073721,-0.0606052,12.28076,187.1133,1.149318,0.7045577,0.0373022,-0.708665,0.0,0.0,0.0,1.567324,-0.6492546,-4.297676,0.5796003,-0.4007999,1.915001,-0.9926322,0.01959904,0.1195725,-0.006430177,0.9769205,-0.2135065,-0.1209973,-0.2127023,-0.9695967,moving,16.02567,24.58367,16.83914,-11.82108,5.691938521500991,-0.6511061240076599
05/04/2023 16:18:26.472477,575,True,True,True,True,Eyes,2.345977,0.1274032,-2.428387,-0.2576137,-0.4015683,-0.8788503,0.0,0.0,0.0,0.0,0.0,0.0,0.0,2.685955,-0.6800334,-2.183084,2.37332,0.1373612,-2.605981,0.004468798,0.9920132,-0.1076889,-0.06552212,12.30244,187.703,1.347623,0.7036416,0.03734479,-0.7095723,0.0,0.0,0.0,1.550019,-0.6460956,-4.300067,0.5796005,-0.3979888,1.915001,-0.991374,0.02297822,0.1290351,-0.005245793,0.9767663,-0.2142432,-0.1309601,-0.2130719,-0.9682201,moving,16.33722,24.55683,16.83913,-11.74048,5.703333380823031,-0.6492769571858671
05/04/2023 16:18:26.482280,576,True,True,True,True,Eyes,2.347085,0.1275229,-2.436648,-0.2627159,-0.4006608,-0.8777536,0.0,0.0,0.0,0.0,0.0,0.0,0.0,2.709182,-0.6828281,-2.16637,2.374181,0.136086,-2.616071,0.005166301,0.9916586,-0.1078778,-0.07034849,12.31165,188.2764,1.491175,0.7027136,0.03738114,-0.7104895,0.0,0.0,0.0,1.532976,-0.6437287,-4.302428,0.5796003,-0.3954423,1.915,-0.9900488,0.0254245,0.1384087,-0.004931672,0.9766714,-0.2146828,-0.140638,-0.2132291,-0.966827,moving,16.6627,24.53488,16.83914,-11.66743,5.715160105270764,-0.6474804802397135
05/04/2023 16:18:26.502328,577,True,True,True,True,Eyes,2.348186,0.1275884,-2.444996,-0.2678978,-0.3997956,-0.876581,0.0,0.0,0.0,0.0,0.0,0.0,0.0,2.735257,-0.6874039,-2.146734,2.375615,0.1343763,-2.626977,0.006029533,0.9912045,-0.1083742,-0.0757131,12.3527,188.9162,1.663868,0.7017731,0.03740994,-0.7114168,0.0,0.0,0.0,1.514521,-0.6424338,-4.304045,0.5796003,-0.392832,1.915,-0.9884626,0.0283637,0.1487874,-0.004457697,0.9764373,-0.2157551,-0.1514012,-0.213929,-0.9650454,moving,16.99403,24.51703,16.83914,-11.59251,5.727142111943543,-0.6457361981599531
05/04/2023 16:18:26.522263,578,True,True,True,True,Eyes,2.349299,0.1276027,-2.453452,-0.2732385,-0.3989526,-0.8753157,0.0,0.0,0.0,0.0,0.0,0.0,0.0,2.761006,-0.6896912,-2.127075,2.376915,0.133006,-2.637396,0.006416074,0.9907349,-0.1088394,-0.08097646,12.39341,189.5385,1.780123,0.700821,0.03743026,-0.7123537,0.0,0.0,0.0,1.49694,-0.6412504,-4.305185,0.5796002,-0.3901133,1.915,-0.9868033,0.03034012,0.1590558,-0.004913606,0.9762256,-0.2167011,-0.1618491,-0.2146229,-0.9631935,moving,17.33627,24.50261,16.83913,-11.51442,5.739467452496816,-0.6440100027173374
05/04/2023 16:18:26.532409,579,True,True,True,True,Eyes,2.350419,0.1275458,-2.461996,-0.2791063,-0.398319,-0.8737515,0.0,0.0,0.0,0.0,0.0,0.0,0.0,2.787848,-0.6864885,-2.108581,2.378512,0.1318904,-2.648537,0.006150591,0.9902971,-0.1087719,-0.08626992,12.37867,190.1544,1.815775,0.699857,0.03744139,-0.7133002,0.0,0.0,0.0,1.480366,-0.6389939,-4.307569,0.5796001,-0.3874993,1.915,-0.9850397,0.03094931,0.1695277,-0.006585657,0.9762617,-0.2164942,-0.1722037,-0.2143718,-0.9614526,moving,17.71527,24.50692,16.83913,-11.43931,5.752858193828766,-0.6424795796484993
05/04/2023 16:18:26.552766,580,True,True,True,True,Eyes,2.351559,0.127405,-2.470655,-0.2850351,-0.3976639,-0.8721344,0.0,0.0,0.0,0.0,0.0,0.0,0.0,2.813759,-0.6764374,-2.092752,2.380255,0.1300845,-2.659301,0.005399324,0.9899513,-0.1079152,-0.0912242,12.27924,190.7216,1.781632,0.6988814,0.03744208,-0.714256,0.0,0.0,0.0,1.465688,-0.6352938,-4.311243,0.5796003,-0.384693,1.915001,-0.9832981,0.03037908,0.1794497,-0.008998812,0.9766504,-0.2146466,-0.1817803,-0.2126764,-0.9600651,moving,18.09867,24.51139,16.83913,-11.35863,5.766402993420375,-0.6409334561185676
05/04/2023 16:18:26.572154,581,True,True,True,True,Eyes,2.352676,0.1272071,-2.4794,-0.2912753,-0.3972153,-0.8702751,0.0,0.0,0.0,0.0,0.0,0.0,0.0,2.838149,-0.6665872,-2.079109,2.381824,0.1280606,-2.670699,0.004610207,0.9896035,-0.1071333,-0.09584463,12.19006,191.2496,1.738911,0.6978946,0.03743087,-0.7152209,0.0,0.0,0.0,1.452097,-0.6323792,-4.315834,0.5796003,-0.3820552,1.915001,-0.9815853,0.02966085,0.1887085,-0.01141175,0.9770024,-0.2129227,-0.1906842,-0.2111552,-0.9586727,moving,18.50505,24.53314,16.83914,-11.28275,5.780542805652644,-0.6396144392399784
05/04/2023 16:18:26.582181,582,True,True,True,True,Eyes,2.38149,0.1211938,-2.700853,-0.4433288,-0.3802212,-0.8117213,0.0,0.0,0.0,0.0,0.0,0.0,0.0,2.861495,-0.6540499,-2.067157,2.383656,0.1261819,-2.681666,0.003438631,0.9892899,-0.1061691,-0.1001099,12.08576,191.7307,1.644432,0.6968964,0.03740726,-0.7161949,0.0,0.0,0.0,1.440459,-0.629433,-4.320752,0.5796003,-0.3794887,1.915001,-0.9799325,0.02806076,0.1973452,-0.01445355,0.9774326,-0.2107525,-0.1988055,-0.2093756,-0.9574124,moving,28.64155,25.09902,16.83913,-11.20888,6.132940089136833,-0.6071527882448079
05/04/2023 16:18:26.602564,583,True,True,True,True,Eyes,2.381542,0.121151,-2.7013,-0.4436479,-0.3802923,-0.8115136,0.0,0.0,0.0,0.0,0.0,0.0,0.0,2.88461,-0.6368797,-2.058073,2.385815,0.1250044,-2.69342,0.001526215,0.9890262,-0.1048543,-0.1040693,11.95185,192.1659,1.455104,0.6924437,0.03690843,-0.7205265,0.0864408,-0.01804014,-0.6643589,1.431034,-0.6256976,-4.327431,0.5796001,-0.3768119,1.915001,-0.9783347,0.02484315,0.2055344,-0.01880528,0.9780065,-0.2077249,-0.2061746,-0.2070896,-0.9563506,moving,28.66507,25.10877,16.83912,-11.13179,6.133650232816399,-0.6072360569674753
05/04/2023 16:18:26.612685,584,True,True,True,True,Eyes,2.381675,0.1210881,-2.702199,-0.4440753,-0.380317,-0.8112682,0.0,0.0,0.0,0.0,0.0,0.0,0.0,2.905766,-0.6217412,-2.050158,2.387875,0.1238919,-2.704789,0.0001151581,0.9887904,-0.1033995,-0.1077134,11.79766,192.57,1.317252,0.6886901,0.03649448,-0.7241361,0.08125436,-0.01695773,-0.6244973,1.422009,-0.6207124,-4.334449,0.5796002,-0.3741129,1.915002,-0.9767958,0.02250274,0.212988,-0.02204727,0.9786171,-0.2045056,-0.2130357,-0.204456,-0.9554129,moving,28.6956,25.11686,16.83912,-11.05403,6.134630225787654,-0.6072583173180511
05/04/2023 16:18:26.632478,585,True,True,True,True,Eyes,2.381862,0.1210046,-2.703503,-0.4445673,-0.3803804,-0.810969,0.0,0.0,0.0,0.0,0.0,0.0,0.0,2.922902,-0.6101812,-2.047085,2.389906,0.1232048,-2.716505,-0.001112202,0.9886025,-0.1023042,-0.110443,11.68448,192.871,1.193566,0.6855171,0.03614949,-0.7271579,0.07637909,-0.01594026,-0.5870274,1.415917,-0.6164474,-4.342966,0.5796002,-0.3714213,1.915,-0.9756023,0.0203985,0.218596,-0.0247966,0.9790652,-0.2020306,-0.2181408,-0.202522,-0.9546724,moving,28.73123,25.12866,16.83914,-10.97644,6.135743864193718,-0.6073286305395287
05/04/2023 16:18:26.652583,586,True,True,True,True,Eyes,2.3821,0.1209087,-2.705248,-0.4452139,-0.3804771,-0.8105687,0.0,0.0,0.0,0.0,0.0,0.0,0.0,2.934168,-0.5945401,-2.052416,2.391679,0.1227655,-2.727643,-0.003469709,0.9885492,-0.1014321,-0.1116698,11.61394,192.984,0.9238754,0.6828241,0.0358602,-0.7297015,0.07179634,-0.01498385,-0.5518058,1.415983,-0.6148068,-4.353428,0.5796003,-0.3688038,1.914999,-0.9750357,0.01579385,0.2214861,-0.02951377,0.979399,-0.1997663,-0.2200783,-0.2013161,-0.9544828,moving,28.77828,25.14514,16.83915,-10.90095,6.137202997729421,-0.6074383583110174
05/04/2023 16:18:26.662218,587,True,True,True,True,Eyes,2.382405,0.1208303,-2.707367,-0.4460363,-0.3806979,-0.8100128,0.0,0.0,0.0,0.0,0.0,0.0,0.0,2.955072,-0.5764968,-2.045568,2.393112,0.1223295,-2.739927,-0.006180927,0.9882128,-0.100694,-0.1151432,11.56255,193.3569,0.6417029,0.6805255,0.03561572,-0.7318577,0.06748856,-0.01408482,-0.5186974,1.408464,-0.6136282,-4.360389,0.5795999,-0.3659278,1.915,-0.9734077,0.01097231,0.2288167,-0.0354046,0.9796451,-0.1975908,-0.2263272,-0.2004376,-0.9532056,moving,28.83953,25.17306,16.83913,-10.81795,6.139020092079705,-0.6077027487854809
05/04/2023 16:18:26.682359,588,True,True,True,True,Eyes,2.382791,0.1207491,-2.709855,-0.4470572,-0.3809448,-0.8093336,0.0,0.0,0.0,0.0,0.0,0.0,0.0,2.979871,-0.5565866,-2.032865,2.395075,0.1227359,-2.751456,-0.009474524,0.9877318,-0.1002135,-0.1193869,11.55043,193.8146,0.3047862,0.6785205,0.03540397,-0.7337272,0.06343924,-0.01323973,-0.4875756,1.399597,-0.6137932,-4.364471,0.5795999,-0.3634747,1.914999,-0.971314,0.005211773,0.2377435,-0.04264493,0.979735,-0.1957058,-0.2339456,-0.2002303,-0.951408,moving,28.91525,25.20587,16.83913,-10.74713,6.141288208981002,-0.6079975331546834
05/04/2023 16:18:26.702686,589,True,True,True,True,Eyes,2.383292,0.1206509,-2.712699,-0.4483789,-0.3812838,-0.8084424,0.0,0.0,0.0,0.0,0.0,0.0,0.0,3.003584,-0.5456451,-2.019018,2.397688,0.1226151,-2.76256,-0.01137956,0.9872075,-0.1001934,-0.1235033,11.57405,194.2752,0.1333724,0.676684,0.03520897,-0.7354307,0.05963289,-0.01244534,-0.4583211,1.390355,-0.6137264,-4.367679,0.5795999,-0.3607859,1.915,-0.9692349,0.002280457,0.2461271,-0.0472164,0.9796636,-0.1950126,-0.2415664,-0.2006342,-0.9494165,moving,29.01366,25.24986,16.83913,-10.66946,6.144218797824885,-0.6084059950663606
05/04/2023 16:18:26.712576,590,True,True,True,True,Eyes,2.383834,0.1205646,-2.71589,-0.4499356,-0.3816444,-0.8074066,0.0,0.0,0.0,0.0,0.0,0.0,0.0,3.025405,-0.5437435,-2.004305,2.399478,0.1220845,-2.773728,-0.01198182,0.9866329,-0.1006738,-0.12758,11.63717,194.7481,0.1196064,0.674997,0.03502831,-0.7369881,0.05605491,-0.01169862,-0.4308218,1.379093,-0.6136335,-4.370237,0.5796,-0.3579813,1.915,-0.9671595,0.002044612,0.2541618,-0.04933123,0.9794425,-0.1955988,-0.2493368,-0.2017134,-0.9471762,moving,29.12919,25.29913,16.83913,-10.5884,6.147689451765765,-0.6088409144169526
05/04/2023 16:18:26.732702,591,True,True,True,True,Eyes,2.38441,0.1205825,-2.719393,-0.4518845,-0.3820348,-0.8061327,0.0,0.0,0.0,0.0,0.0,0.0,0.0,3.047517,-0.5507582,-1.986703,2.401146,0.1223529,-2.785178,-0.01147602,0.9859689,-0.101621,-0.1319349,11.73693,195.2684,0.2448873,0.6734411,0.03486068,-0.7384179,0.05269162,-0.01099671,-0.4049725,1.365698,-0.6127896,-4.371657,0.5796003,-0.3554571,1.914998,-0.964923,0.004184718,0.2624997,-0.04944469,0.9790829,-0.1973621,-0.257835,-0.2034184,-0.9445328,moving,29.27318,25.35677,16.83916,-10.51542,6.1520630931409,-0.6093121585582348
05/04/2023 16:18:26.752756,592,True,True,True,True,Eyes,2.385014,0.1206919,-2.723197,-0.4540785,-0.3823391,-0.8047544,0.0,0.0,0.0,0.0,0.0,0.0,0.0,3.072044,-0.5551847,-1.965147,2.402651,0.1244671,-2.796294,-0.01134919,0.9852374,-0.1021734,-0.1368907,11.79656,195.8542,0.3283588,0.672,0.03470743,-0.7397369,0.04953012,-0.0103369,-0.3806742,1.350572,-0.6091394,-4.371919,0.5795998,-0.352818,1.915001,-0.9622645,0.005609865,0.2720588,-0.05033644,0.9788636,-0.1982228,-0.2674205,-0.2044372,-0.9416432,moving,29.43364,25.41241,16.83912,-10.43906,6.157046526987859,-0.6096757811392246
05/04/2023 16:18:26.772633,593,True,True,True,True,Eyes,2.385672,0.1208978,-2.727308,-0.4567073,-0.3824672,-0.8032044,0.0,0.0,0.0,0.0,0.0,0.0,0.0,3.098819,-0.5438187,-1.943793,2.404046,0.1271702,-2.807337,-0.0122961,0.9846299,-0.1005883,-0.142249,11.62953,196.4675,0.25756,0.670659,0.03456947,-0.7409593,0.04655831,-0.009716691,-0.3578337,1.33487,-0.5992135,-4.374167,0.5796007,-0.350095,1.915,-0.9592282,0.004402976,0.2825991,-0.05283141,0.9794616,-0.1945864,-0.2776517,-0.2015828,-0.9392945,moving,29.62284,25.4627,16.83915,-10.36025,6.163117750006293,-0.6098166421824395
05/04/2023 16:18:26.782429,594,True,True,True,True,Eyes,2.386369,0.12123,-2.731689,-0.4596009,-0.3824092,-0.8015798,0.0,0.0,0.0,0.0,0.0,0.0,0.0,3.129648,-0.5266131,-1.917063,2.405318,0.1296618,-2.818648,-0.01297586,0.9839644,-0.09764253,-0.1486998,11.30388,197.2076,0.2046946,0.6694046,0.03444764,-0.7420985,0.04376481,-0.009133689,-0.3363637,1.314973,-0.5844156,-4.375938,0.5796002,-0.3474866,1.915001,-0.9554401,0.003503282,0.2951646,-0.05457441,0.9805951,-0.1882945,-0.2900966,-0.1960125,-0.9367088,moving,29.82862,25.50438,16.83913,-10.28471,6.169886915688803,-0.6097251653234779
05/04/2023 16:18:26.802688,595,True,True,True,True,Eyes,2.387104,0.1216563,-2.736328,-0.4629844,-0.3820705,-0.7997922,0.0,0.0,0.0,0.0,0.0,0.0,0.0,3.157423,-0.5105897,-1.89415,2.407066,0.1329822,-2.829517,-0.01364914,0.9833738,-0.09468913,-0.1543497,10.97864,197.854,0.1392602,0.6682252,0.03434361,-0.7431656,0.04113892,-0.008585668,-0.3161819,1.298245,-0.5686941,-4.378752,0.5796,-0.3446695,1.915002,-0.95198,0.00238606,0.3061518,-0.0560749,0.9816954,-0.1820161,-0.3009821,-0.1904431,-0.9344206,moving,30.06573,25.53438,16.83912,-10.20308,6.177916434244702,-0.6092809292599793
05/04/2023 16:18:26.812616,596,True,True,True,True,Eyes,2.387842,0.1221725,-2.741207,-0.4665788,-0.3816685,-0.7978932,0.0,0.0,0.0,0.0,0.0,0.0,0.0,3.182413,-0.501811,-1.87216,2.408193,0.1356202,-2.840204,-0.01363633,0.9827374,-0.09254479,-0.1596145,10.73388,198.4657,0.1598517,0.6671108,0.034258,-0.74417,0.03867059,-0.008070529,-0.297211,1.281672,-0.5554373,-4.380819,0.5796006,-0.3419666,1.915002,-0.9486747,0.002741115,0.3162422,-0.05634484,0.982499,-0.1775413,-0.3111944,-0.1862476,-0.9319175,moving,30.31754,25.56391,16.83913,-10.12473,6.186473450874724,-0.6087653568706303
05/04/2023 16:18:26.832511,597,True,True,True,True,Eyes,2.388591,0.1227588,-2.746308,-0.47048,-0.3810693,-0.7958862,0.0,0.0,0.0,0.0,0.0,0.0,0.0,3.207286,-0.4959475,-1.848761,2.409124,0.1382762,-2.850888,-0.01387395,0.981976,-0.09131455,-0.164901,10.59777,199.0807,0.1671728,0.6660519,0.03419126,-0.7451211,0.03635035,-0.007586297,-0.2793783,1.265389,-0.5456366,-4.381355,0.5796003,-0.3391685,1.914999,-0.9452304,0.002867938,0.3263913,-0.05736348,0.9829383,-0.1747617,-0.3213237,-0.183913,-0.9289386,moving,30.58902,25.58504,16.83915,-10.04359,6.195835356658735,-0.6080082558511735
05/04/2023 16:18:26.852436,598,True,True,True,True,Eyes,2.389317,0.1233694,-2.751594,-0.4746104,-0.3805615,-0.7936737,0.0,0.0,0.0,0.0,0.0,0.0,0.0,3.23355,-0.4918925,-1.820472,2.409592,0.1405334,-2.861124,-0.01447402,0.9809986,-0.09107188,-0.1706997,10.58093,199.7565,0.1570202,0.6650409,0.03414327,-0.7460258,0.03416933,-0.007131119,-0.2626156,1.247742,-0.5406539,-4.378592,0.5796005,-0.3368371,1.915,-0.9413044,0.002693916,0.3375488,-0.05948987,0.9829928,-0.1737413,-0.332276,-0.1836242,-0.9251351,moving,30.87908,25.61742,16.83915,-9.975942,6.205713032907649,-0.6073836231349312
05/04/2023 16:18:26.862613,599,True,True,True,True,Eyes,2.390012,0.1239662,-2.75705,-0.4789556,-0.3802013,-0.7912322,0.0,0.0,0.0,0.0,0.0,0.0,0.0,3.26054,-0.4917865,-1.787934,2.409877,0.1417406,-2.870903,-0.0149803,0.9798244,-0.09185299,-0.1768703,10.67855,200.4819,0.182847,0.6640701,0.03411265,-0.7468914,0.03211917,-0.006703252,-0.2468587,1.228989,-0.5396196,-4.372918,0.5796003,-0.3341187,1.915,-0.9369849,0.003136005,0.3493556,-0.06184826,0.9826772,-0.1747004,-0.3438517,-0.1852987,-0.9205599,moving,31.18772,25.66512,16.83914,-9.89703,6.216054605437229,-0.6069679628025737
05/04/2023 16:18:26.882501,600,True,True,True,True,Eyes,2.390798,0.1245186,-2.762707,-0.4835233,-0.3799309,-0.7885796,0.0,0.0,0.0,0.0,0.0,0.0,0.0,3.287099,-0.4944416,-1.753741,2.409907,0.1420345,-2.8805,-0.01553502,0.9785167,-0.09350815,-0.1830851,10.87617,201.2169,0.2238853,0.6631318,0.03409715,-0.7477253,0.03019202,-0.006301057,-0.2320471,1.210285,-0.5426363,-4.365491,0.5795998,-0.3315168,1.915,-0.9324771,0.003837338,0.3612089,-0.06464244,0.9820298,-0.1773101,-0.3553983,-0.188687,-0.9154723,moving,31.51484,25.72437,16.83912,-9.821463,6.226904577110411,-0.606690835076504
05/04/2023 16:18:26.902654,601,True,True,True,True,Eyes,2.391496,0.1250347,-2.768502,-0.4879951,-0.3798079,-0.7858796,0.0,0.0,0.0,0.0,0.0,0.0,0.0,3.314023,-0.4948082,-1.717928,2.40987,0.1417229,-2.889863,-0.01665483,0.9770917,-0.09556141,-0.1894269,11.13108,201.9642,0.2135609,0.6622226,0.03409383,-0.7485309,0.0283805,-0.005922993,-0.2181243,1.192006,-0.5485127,-4.356724,0.5796002,-0.3288449,1.914999,-0.92768,0.003657215,0.373358,-0.06875039,0.9811813,-0.1804348,-0.3669917,-0.1930543,-0.9099708,moving,31.83838,25.79402,16.83914,-9.743834,6.2374949889510285,-0.6066244183961835
05/04/2023 16:18:26.912732,602,True,True,True,True,Eyes,2.392124,0.1255032,-2.774434,-0.4927165,-0.3798005,-0.7829317,0.0,0.0,0.0,0.0,0.0,0.0,0.0,3.341977,-0.4869969,-1.680213,2.40922,0.1412402,-2.899104,-0.01855603,0.9755872,-0.09696539,-0.1961709,11.331,202.7495,0.1073745,0.6613366,0.03410042,-0.7493134,0.02667767,-0.005567614,-0.2050368,1.172737,-0.5536456,-4.347453,0.5796,-0.3260538,1.915,-0.9223455,0.001837511,0.3863622,-0.07424962,0.9805067,-0.1819161,-0.379165,-0.1964767,-0.9042295,moving,32.18313,25.87805,16.83913,-9.662697,6.2486545815987755,-0.6067381225752674
05/04/2023 16:18:26.932865,603,True,True,True,True,Eyes,2.392718,0.1259736,-2.780509,-0.4974356,-0.3798138,-0.7799355,0.0,0.0,0.0,0.0,0.0,0.0,0.0,3.371868,-0.4715877,-1.639016,2.408302,0.1405874,-2.908364,-0.02087794,0.9739766,-0.09743296,-0.20357,11.43728,203.6049,359.9415,0.6604688,0.03411453,-0.7500778,0.02507701,-0.005233556,-0.1927346,1.151635,-0.5567167,-4.337458,0.5796,-0.3234116,1.915,-0.9162467,-0.0010004,0.4006132,-0.0803381,0.9801419,-0.1812945,-0.3924764,-0.198295,-0.8981321,moving,32.52935,25.96521,16.83913,-9.585853,6.259826431601032,-0.6069044114176602
05/04/2023 16:18:26.952544,604,True,True,True,True,Eyes,2.393239,0.1264613,-2.78672,-0.5024022,-0.379719,-0.7767918,0.0,0.0,0.0,0.0,0.0,0.0,0.0,3.403143,-0.4508553,-1.594941,2.407598,0.1408575,-2.917552,-0.02304024,0.972334,-0.09646604,-0.2114948,11.38146,204.5195,359.7661,0.6596149,0.03413537,-0.7508278,0.02357239,-0.004919543,-0.1811706,1.128819,-0.5537826,-4.327597,0.5796003,-0.3207241,1.915,-0.9094784,-0.004001502,0.4157323,-0.08560976,0.9803269,-0.1778487,-0.4068419,-0.1973402,-0.8919287,moving,32.8934,26.05077,16.83914,-9.507655,6.271651224205616,-0.606964815057912
05/04/2023 16:18:26.962603,605,True,True,True,True,Eyes,2.393723,0.1269352,-2.793076,-0.5073557,-0.3793975,-0.7737232,0.0,0.0,0.0,0.0,0.0,0.0,0.0,3.42967,-0.4362013,-1.556838,2.406353,0.1417864,-2.926775,-0.02390046,0.9709173,-0.09486458,-0.2185162,11.22466,205.3391,359.7108,0.6587704,0.03416266,-0.7515677,0.02215805,-0.00462437,-0.1703003,1.106805,-0.5456594,-4.320624,0.5796002,-0.317893,1.915001,-0.9033592,-0.004951845,0.4288568,-0.08786962,0.980859,-0.173766,-0.4197876,-0.1946566,-0.886503,moving,33.25417,26.12116,16.83913,-9.425238,6.283553002421907,-0.6067540130828186
05/04/2023 16:18:26.982452,606,True,True,True,True,Eyes,2.394083,0.1273847,-2.799551,-0.5124967,-0.3790448,-0.7705013,0.0,0.0,0.0,0.0,0.0,0.0,0.0,3.453865,-0.4229447,-1.522,2.404842,0.1420663,-2.93617,-0.02415328,0.969605,-0.09282915,-0.2250901,11.00464,206.1106,359.7053,0.6579322,0.03419528,-0.7523001,0.02082856,-0.004346908,-0.1600823,1.085296,-0.5359817,-4.315182,0.5796004,-0.3153735,1.915,-0.8975021,-0.005048428,0.4409813,-0.08862814,0.9815987,-0.1691419,-0.4320128,-0.1908886,-0.8814343,moving,33.62975,26.19468,16.83914,-9.351865,6.295940297351486,-0.6065390765391652
05/04/2023 16:18:27.002364,607,True,True,True,True,Eyes,2.394418,0.1278304,-2.806161,-0.5176156,-0.3784638,-0.7673587,0.0,0.0,0.0,0.0,0.0,0.0,0.0,3.476239,-0.4132071,-1.487097,2.402748,0.1422884,-2.944993,-0.02458241,0.9682007,-0.09179038,-0.2314254,10.90149,206.8575,359.7015,0.6570966,0.034232,-0.7530285,0.01957885,-0.004086094,-0.1504774,1.064576,-0.5299523,-4.308212,0.5796004,-0.312757,1.915,-0.8916761,-0.005116151,0.4526453,-0.09008665,0.9819404,-0.166365,-0.4436196,-0.189121,-0.8760337,moving,34.00131,26.25266,16.83915,-9.275634,6.308383040959674,-0.6060491258079386
05/04/2023 16:18:27.022267,608,True,True,True,True,Eyes,2.394643,0.1282965,-2.812855,-0.5228646,-0.3779994,-0.7640217,0.0,0.0,0.0,0.0,0.0,0.0,0.0,3.498178,-0.4044562,-1.451452,2.400073,0.1422557,-2.954141,-0.02555743,0.9666421,-0.09174659,-0.237766,10.9251,207.6053,359.6626,0.6562613,0.03427218,-0.7537547,0.01840412,-0.003840928,-0.1414487,1.044324,-0.5284641,-4.300014,0.5796005,-0.3100521,1.915001,-0.8856286,-0.005781336,0.4643589,-0.09303821,0.9818587,-0.1652188,-0.4549797,-0.1895256,-0.8701,moving,34.38611,26.32388,16.83914,-9.196783,6.321126745837771,-0.6057517542520612
05/04/2023 16:18:27.032697,609,True,True,True,True,Eyes,2.394786,0.1287945,-2.819632,-0.5284035,-0.3770206,-0.7606872,0.0,0.0,0.0,0.0,0.0,0.0,0.0,3.520589,-0.3894119,-1.41492,2.397804,0.1432029,-2.962806,-0.02783149,0.9649822,-0.09189817,-0.2441094,11.00812,208.3426,359.4836,0.6554232,0.03431604,-0.7544816,0.01729987,-0.003610472,-0.1329618,1.026062,-0.5291823,-4.290884,0.5796006,-0.3072574,1.915,-0.8792719,-0.008847355,0.4762379,-0.09858021,0.9815602,-0.1637724,-0.4660072,-0.1909481,-0.8639306,moving,34.78538,26.36447,16.83915,-9.115287,6.334774193420219,-0.6048171046141675
05/04/2023 16:18:27.052447,610,True,True,True,True,Eyes,2.39483,0.1293009,-2.826469,-0.5340237,-0.3761627,-0.7571791,0.0,0.0,0.0,0.0,0.0,0.0,0.0,3.542138,-0.3703908,-1.37893,2.395278,0.1443946,-2.971055,-0.0306174,0.9633038,-0.09183736,-0.2503487,11.08497,209.0625,359.2407,0.6545807,0.03436403,-0.7552105,0.01626188,-0.003393844,-0.1249841,1.008515,-0.5302719,-4.281662,0.5796002,-0.3046523,1.915,-0.8727764,-0.01300497,0.4879473,-0.1049704,0.981257,-0.1616045,-0.4767,-0.1922646,-0.8577831,moving,35.19457,26.41795,16.83914,-9.039284,6.3486092805085175,-0.6040825712073467
05/04/2023 16:18:27.072188,611,True,True,True,True,Eyes,2.394806,0.1297719,-2.833377,-0.5397465,-0.375071,-0.7536547,0.0,0.0,0.0,0.0,0.0,0.0,0.0,3.563169,-0.350935,-1.343369,2.392844,0.1453209,-2.979454,-0.03315551,0.9616296,-0.09142159,-0.2565373,11.11849,209.7784,359.0154,0.6537322,0.03441592,-0.7559426,0.01528617,-0.003190213,-0.117485,0.9909885,-0.5299094,-4.272961,0.5796003,-0.3018818,1.915,-0.8661787,-0.01686056,0.4994498,-0.1106727,0.9810856,-0.1588161,-0.4873253,-0.1928386,-0.8516614,moving,35.60919,26.45814,16.83914,-8.95842,6.362806393843911,-0.6030751373578882
05/04/2023 16:18:27.082255,612,True,True,True,True,Eyes,2.394659,0.1302106,-2.840329,-0.5455083,-0.3742231,-0.7499185,0.0,0.0,0.0,0.0,0.0,0.0,0.0,3.580616,-0.335699,-1.312693,2.390265,0.1446318,-2.987034,-0.03581993,0.9600273,-0.09240266,-0.2617753,11.31318,210.3866,358.808,0.652876,0.03447038,-0.7566797,0.014369,-0.0029988,-0.1104359,0.9768124,-0.5363293,-4.264224,0.5796001,-0.2993492,1.915,-0.8603813,-0.02039873,0.5092427,-0.1171537,0.9803573,-0.1586646,-0.4960032,-0.1961717,-0.8458709,moving,36.03302,26.52004,16.83914,-8.884472,6.377053542910188,-0.6024366286991089
05/04/2023 16:18:27.102486,613,True,True,True,True,Eyes,2.394388,0.1306422,-2.84731,-0.5512375,-0.3732229,-0.7462184,0.0,0.0,0.0,0.0,0.0,0.0,0.0,3.598767,-0.3245928,-1.278169,2.387288,0.1443096,-2.995034,-0.03827719,0.9582052,-0.09404598,-0.2674566,11.57823,211.0545,358.6519,0.6520104,0.03452631,-0.7574232,0.01350686,-0.002818872,-0.1038098,0.9612325,-0.5439293,-4.253546,0.5796,-0.2966453,1.915,-0.8540037,-0.02304838,0.5197563,-0.1236613,0.9793804,-0.1597557,-0.505357,-0.2007057,-0.8392447,moving,36.45358,26.57204,16.83913,-8.805483,6.391310863571294,-0.6016259324731905
05/04/2023 16:18:27.122340,614,True,True,True,True,Eyes,2.393994,0.131079,-2.85433,-0.5570518,-0.372362,-0.7423207,0.0,0.0,0.0,0.0,0.0,0.0,0.0,3.617246,-0.3147304,-1.239192,2.383976,0.1445457,-3.002479,-0.04051024,0.9562061,-0.09567993,-0.2736315,11.83823,211.786,358.5299,0.6511348,0.03458336,-0.7581735,0.0,0.0,0.0,0.9439718,-0.5504819,-4.240582,0.5796002,-0.2939599,1.915001,-0.8469697,-0.02511022,0.5310482,-0.1298344,0.9784085,-0.1608097,-0.5155441,-0.2051492,-0.8319425,moving,36.88527,26.6392,16.83913,-8.726997,6.405769818277075,-0.6010528771325201
05/04/2023 16:18:27.132695,615,True,True,True,True,Eyes,2.393469,0.1315285,-2.861384,-0.5628237,-0.3712797,-0.738499,0.0,0.0,0.0,0.0,0.0,0.0,0.0,3.635401,-0.3015421,-1.201975,2.380812,0.1451012,-3.010396,-0.04242033,0.9543215,-0.09602777,-0.2797317,11.9475,212.507,358.4044,0.6502475,0.0346416,-0.758932,0.0,0.0,0.0,0.9264055,-0.5519878,-4.229733,0.5795998,-0.2912858,1.915002,-0.8399016,-0.02724122,0.542055,-0.1346893,0.9779584,-0.1595501,-0.5257609,-0.2070153,-0.8250579,moving,37.31169,26.69093,16.83911,-8.648811,6.4202384737645435,-0.6002121900527349
05/04/2023 16:18:27.153693,616,True,True,True,True,Eyes,2.392804,0.1319797,-2.868479,-0.568673,-0.3702036,-0.7345477,0.0,0.0,0.0,0.0,0.0,0.0,0.0,3.651721,-0.284356,-1.168228,2.377118,0.1457982,-3.018067,-0.04435902,0.9525918,-0.09541191,-0.2854779,11.95271,213.1812,358.2406,0.6493476,0.03470127,-0.7596992,0.0,0.0,0.0,0.9090487,-0.5504329,-4.220769,0.5796,-0.288608,1.915,-0.8330692,-0.03003607,0.5523526,-0.1389881,0.9778577,-0.1564502,-0.5354232,-0.2071043,-0.8187977,moving,37.74636,26.74758,16.83913,-8.570498,6.434937104279737,-0.5994289070783487
05/04/2023 16:18:27.162388,617,True,True,True,True,Eyes,2.391988,0.1324341,-2.875602,-0.5744637,-0.36874,-0.7307682,0.0,0.0,0.0,0.0,0.0,0.0,0.0,3.667111,-0.2677385,-1.136392,2.373231,0.1462538,-3.026079,-0.04565633,0.950978,-0.09400884,-0.291065,11.85166,213.8403,358.1198,0.6484336,0.03476231,-0.7604767,0.0,0.0,0.0,0.8910243,-0.5452385,-4.21341,0.5796,-0.2858245,1.915,-0.8263935,-0.03211097,0.562177,-0.1415617,0.9781557,-0.1522228,-0.5450087,-0.2053786,-0.8128872,moving,38.17122,26.77516,16.83913,-8.489051,6.449658219914538,-0.5981409035575387
05/04/2023 16:18:27.182329,618,True,True,True,True,Eyes,2.391022,0.1328781,-2.882762,-0.5803326,-0.3671837,-0.7269045,0.0,0.0,0.0,0.0,0.0,0.0,0.0,3.680957,-0.2519821,-1.106593,2.369027,0.146649,-3.033757,-0.04612582,0.9495354,-0.09155697,-0.2964328,11.60828,214.4773,358.0509,0.6475044,0.03482472,-0.7612652,0.0,0.0,0.0,0.8720886,-0.5353981,-4.207401,0.5796009,-0.2833585,1.915001,-0.8200003,-0.03331521,0.5713932,-0.1418772,0.9789794,-0.1465267,-0.5545006,-0.2012196,-0.8074901,moving,38.60252,26.79986,16.83915,-8.41686,6.464644512624071,-0.5967713827729022
05/04/2023 16:18:27.202707,619,True,True,True,True,Eyes,2.389827,0.1332981,-2.889891,-0.5862371,-0.3652855,-0.7231131,0.0,0.0,0.0,0.0,0.0,0.0,0.0,3.693816,-0.2358812,-1.079571,2.36466,0.1469134,-3.041741,-0.04645912,0.9481927,-0.08876544,-0.3014846,11.32342,215.0765,357.9789,0.6465591,0.0348881,-0.7620653,0.0,0.0,0.0,0.8536023,-0.524155,-4.202907,0.5796002,-0.2806545,1.915002,-0.8138974,-0.03458157,0.5799789,-0.1416272,0.9799245,-0.1403201,-0.5634831,-0.1963469,-0.8024557,moving,39.03213,26.80094,16.83912,-8.337671,6.479871898393274,-0.5949650607312349
05/04/2023 16:18:27.212748,620,True,True,True,True,Eyes,2.388475,0.1336585,-2.897034,-0.5921983,-0.3633831,-0.7192037,0.0,0.0,0.0,0.0,0.0,0.0,0.0,3.706209,-0.218394,-1.051207,2.359858,0.1467206,-3.049304,-0.04708978,0.9467377,-0.08621015,-0.3066565,11.07639,215.6897,357.8808,0.6455957,0.03495188,-0.7628788,0.0,0.0,0.0,0.8349259,-0.5148019,-4.197082,0.5796002,-0.2779479,1.915002,-0.8074889,-0.03628954,0.5887657,-0.1420371,0.9807008,-0.134356,-0.5725272,-0.1921176,-0.7970595,moving,39.46832,26.80553,16.83912,-8.258378,6.495287984233306,-0.5931967394577926
05/04/2023 16:18:27.232372,621,True,True,True,True,Eyes,2.386986,0.1339445,-2.904206,-0.5986028,-0.3616453,-0.7147638,0.0,0.0,0.0,0.0,0.0,0.0,0.0,3.718503,-0.1996562,-1.022706,2.355064,0.1459227,-3.05703,-0.04811942,0.9451939,-0.08408514,-0.3118057,10.89218,216.2995,357.7514,0.6446141,0.03501448,-0.7637056,0.0,0.0,0.0,0.8170606,-0.5084183,-4.190762,0.5796,-0.2753171,1.915001,-0.8009236,-0.03852792,0.5975259,-0.1434008,0.9812284,-0.1289457,-0.5813414,-0.1889613,-0.791414,moving,39.94561,26.8378,16.83912,-8.181275,6.511809367565507,-0.5917739714637843
05/04/2023 16:18:27.252601,622,True,True,True,True,Eyes,2.385344,0.1341682,-2.911389,-0.6049933,-0.3600224,-0.7101879,0.0,0.0,0.0,0.0,0.0,0.0,0.0,3.730856,-0.185656,-0.9914546,2.3502,0.1439733,-3.06473,-0.04899886,0.9434505,-0.08315459,-0.3171526,10.83519,216.9416,357.6828,0.6436135,0.03507408,-0.7645463,0.0,0.0,0.0,0.7991726,-0.5066057,-4.182121,0.5795996,-0.2726517,1.915001,-0.7940267,-0.03971059,0.6065844,-0.1452013,0.9813688,-0.1258242,-0.5902865,-0.1879847,-0.7849991,moving,40.42694,26.88226,16.83912,-8.10313,6.528318709177745,-0.5905631624317702
05/04/2023 16:18:27.262326,623,True,True,True,True,Eyes,2.340866,0.1382873,-3.091133,-0.7557604,-0.3155997,-0.5737797,0.0,0.0,0.0,0.0,0.0,0.0,0.0,3.74147,-0.1792722,-0.9627728,2.34499,0.1427101,-3.072185,-0.04965499,0.9417565,-0.08343477,-0.3219751,10.90177,217.5282,357.6772,0.6425933,0.03512941,-0.7654014,0.0,0.0,0.0,0.7826849,-0.5073055,-4.173398,0.5796005,-0.2698607,1.915,-0.7877333,-0.03979799,0.6147301,-0.1472536,0.9811461,-0.1251751,-0.5981583,-0.1891258,-0.7787417,moving,52.79392,28.8124,16.83914,-8.021271,6.942457917130806,-0.5742620124622668
05/04/2023 16:18:27.282384,624,True,True,True,True,Eyes,2.340613,0.1382009,-3.091426,-0.7559626,-0.3156131,-0.5735059,0.0,0.0,0.0,0.0,0.0,0.0,0.0,3.750779,-0.1746713,-0.9372387,2.339852,0.1414224,-3.079343,-0.04986525,0.9402386,-0.08339747,-0.3263584,10.91631,218.0645,357.7041,0.6384092,0.03518522,-0.7688922,-0.1334352,0.01235734,-0.5392313,0.7668808,-0.5062253,-4.166034,0.5796006,-0.267242,1.915001,-0.7820074,-0.03933553,0.6220267,-0.1482054,0.9811166,-0.1242791,-0.6053922,-0.1893749,-0.7730702,moving,52.81448,28.82497,16.83914,-7.944429,6.943027107428788,-0.5744108743031185
05/04/2023 16:18:27.302478,625,True,True,True,True,Eyes,2.340124,0.1380345,-3.091989,-0.7563969,-0.3156421,-0.5729168,0.0,0.0,0.0,0.0,0.0,0.0,0.0,3.758637,-0.1732595,-0.9140649,2.333726,0.1394786,-3.086607,-0.04974954,0.9387804,-0.08368725,-0.3304741,10.95335,218.5734,357.7763,0.6348282,0.03523196,-0.7718493,-0.1254291,0.0116159,-0.5068774,0.7506731,-0.5061145,-4.159155,0.5796003,-0.2646618,1.915001,-0.7766241,-0.03809485,0.6288119,-0.1487207,0.9810429,-0.124246,-0.6121584,-0.1900097,-0.767567,moving,52.85867,28.85208,16.83913,-7.868692,6.944249292900727,-0.5747325751389154
05/04/2023 16:18:27.312547,626,True,True,True,True,Eyes,2.339396,0.1378014,-3.092811,-0.757,-0.3156895,-0.5720938,0.0,0.0,0.0,0.0,0.0,0.0,0.0,3.766657,-0.1720318,-0.8899803,2.327796,0.1371894,-3.093849,-0.04955596,0.9372731,-0.08400793,-0.3346734,10.99054,219.0944,357.8595,0.6317012,0.03526881,-0.774409,-0.1179034,0.01091894,-0.4764648,0.7344928,-0.5061244,-4.151829,0.5796008,-0.2619582,1.915002,-0.7710762,-0.03666451,0.6356868,-0.1491254,0.9809738,-0.1243066,-0.6190344,-0.1906469,-0.761873,moving,52.92027,28.89054,16.83914,-7.789298,6.945944466532731,-0.5751935986103525
05/04/2023 16:18:27.332705,627,True,True,True,True,Eyes,2.338397,0.1375295,-3.093875,-0.7576845,-0.3157715,-0.5711414,0.0,0.0,0.0,0.0,0.0,0.0,0.0,3.773528,-0.1685148,-0.8689766,2.321432,0.1353635,-3.100913,-0.04974578,0.9358674,-0.08418968,-0.3385113,11.02631,219.5674,357.8915,0.6288567,0.03529531,-0.7767195,-0.1108292,0.01026381,-0.4478769,0.7191466,-0.5061722,-4.145668,0.5796,-0.2593015,1.915,-0.7658709,-0.03611257,0.6419794,-0.1501092,0.9808749,-0.1239017,-0.6252272,-0.1912597,-0.7566444,moving,52.99107,28.93724,16.83913,-7.711263,6.9478610030109555,-0.5757703932386373
05/04/2023 16:18:27.352425,628,True,True,True,True,Eyes,2.33716,0.1372292,-3.09517,-0.7585179,-0.3158409,-0.5699957,0.0,0.0,0.0,0.0,0.0,0.0,0.0,3.779605,-0.1617431,-0.8518624,2.314664,0.134175,-3.108308,-0.05047963,0.9345786,-0.08418856,-0.3419462,11.06277,219.9854,357.8524,0.6262606,0.03531157,-0.7788134,-0.1041794,0.009647978,-0.4210043,0.7048523,-0.506284,-4.141428,0.5795994,-0.2566297,1.915,-0.7610491,-0.03677844,0.6476507,-0.1519302,0.9807282,-0.122839,-0.6306514,-0.1918842,-0.7519702,moving,53.07661,28.99132,16.83912,-7.632751,6.950206404458319,-0.5764232384790411
05/04/2023 16:18:27.372478,629,True,True,True,True,Eyes,2.335666,0.1369022,-3.096685,-0.7595008,-0.3158493,-0.5686807,0.0,0.0,0.0,0.0,0.0,0.0,0.0,3.785795,-0.1540121,-0.8318548,2.307924,0.1329763,-3.115085,-0.05101238,0.9332032,-0.08373215,-0.3457146,11.04323,220.4447,357.8211,0.6238828,0.03531792,-0.7807191,-0.09792867,0.0090691,-0.395744,0.6894671,-0.504424,-4.135826,0.5795995,-0.2538355,1.915,-0.7557583,-0.03731497,0.6537866,-0.1531047,0.9807733,-0.1210068,-0.6367011,-0.1915497,-0.7469407,moving,53.17575,29.04811,16.83912,-7.55061,6.952999748905495,-0.5770691990788326
05/04/2023 16:18:27.382466,630,True,True,True,True,Eyes,2.333918,0.1365442,-3.098414,-0.7606381,-0.3158287,-0.56717,0.0,0.0,0.0,0.0,0.0,0.0,0.0,3.791309,-0.1453717,-0.8132105,2.300363,0.1321715,-3.122071,-0.05158715,0.9318606,-0.0829808,-0.3494124,10.99384,220.8939,357.7725,0.6216956,0.03531471,-0.7824621,-0.09205294,0.008524954,-0.3719994,0.6734432,-0.5016572,-4.130888,0.5795996,-0.2513157,1.915,-0.7504997,-0.03815503,0.6597685,-0.1541331,0.9809059,-0.1186027,-0.6426456,-0.1907034,-0.7420506,moving,53.28994,29.11126,16.83912,-7.476503,6.956245956512818,-0.5777707192147875
05/04/2023 16:18:27.402219,631,True,True,True,True,Eyes,2.331879,0.1361443,-3.100309,-0.7619303,-0.3156672,-0.565523,0.0,0.0,0.0,0.0,0.0,0.0,0.0,3.796581,-0.1396878,-0.7935562,2.292607,0.1311112,-3.128901,-0.05169189,0.9304864,-0.08228055,-0.3532041,10.93162,221.3599,357.7777,0.6196739,0.03530212,-0.7840647,-0.08652977,0.008013457,-0.3496794,0.6566306,-0.4979771,-4.125281,0.5796009,-0.248559,1.915001,-0.7451501,-0.03807355,0.6658096,-0.1543209,0.9811157,-0.1166063,-0.6487967,-0.1896374,-0.736954,moving,53.41631,29.16966,16.83915,-7.395405,6.959984811615313,-0.5783311661367585
05/04/2023 16:18:27.422173,632,True,True,True,True,Eyes,2.329583,0.1357048,-3.102396,-0.7633666,-0.3154782,-0.5636888,0.0,0.0,0.0,0.0,0.0,0.0,0.0,3.801795,-0.1334743,-0.772398,2.284583,0.1298005,-3.135582,-0.05185547,0.9290147,-0.08163425,-0.3571816,10.87824,221.8495,357.7805,0.6177952,0.0352801,-0.785547,-0.08133798,0.00753265,-0.3286986,0.6393306,-0.4949108,-4.118688,0.5796009,-0.2458631,1.915002,-0.7394649,-0.03803247,0.6721203,-0.1546655,0.9812937,-0.1146352,-0.6551875,-0.1887225,-0.7315146,moving,53.55692,29.23432,16.83914,-7.316061,6.9641490682899585,-0.5789487368591018
05/04/2023 16:18:27.432851,633,True,True,True,True,Eyes,2.327018,0.1352269,-3.104643,-0.7652367,-0.3151381,-0.5613383,0.0,0.0,0.0,0.0,0.0,0.0,0.0,3.806651,-0.1252013,-0.7517419,2.276265,0.1284234,-3.142213,-0.05221198,0.927538,-0.08079509,-0.3611362,10.81231,222.3342,357.7536,0.6160389,0.03524859,-0.7869264,-0.0764577,0.00708069,-0.3089767,0.6219893,-0.4918531,-4.112239,0.5796,-0.2432233,1.915001,-0.7337091,-0.03850113,0.6783721,-0.1552133,0.9814922,-0.1121698,-0.6614982,-0.1875923,-0.7261056,moving,53.73815,29.31007,16.83912,-7.238353,6.969613041476159,-0.5796020583179713
05/04/2023 16:18:27.452608,634,True,True,True,True,Eyes,2.324211,0.1347378,-3.107051,-0.7672024,-0.3148391,-0.5588173,0.0,0.0,0.0,0.0,0.0,0.0,0.0,3.811344,-0.114213,-0.7312317,2.267751,0.1269387,-3.148854,-0.05285867,0.9260314,-0.0797788,-0.3651128,10.74009,222.819,357.6876,0.6143865,0.03520761,-0.788219,-0.07187024,0.006655849,-0.2904381,0.6046867,-0.4890401,-4.105833,0.5795998,-0.2405409,1.915,-0.7277972,-0.03964106,0.6846457,-0.1561541,0.9816826,-0.1091566,-0.6677777,-0.1863541,-0.720656,moving,53.93104,29.39702,16.83913,-7.159362,6.975347923544474,-0.5804163307965394
05/04/2023 16:18:27.462240,635,True,True,True,True,Eyes,2.321121,0.1342679,-3.109592,-0.7694703,-0.3144969,-0.5558842,0.0,0.0,0.0,0.0,0.0,0.0,0.0,3.815748,-0.103245,-0.7102137,2.259262,0.1260611,-3.155129,-0.05387011,0.9244553,-0.07920879,-0.3690615,10.73185,223.3004,357.6005,0.6128225,0.03515786,-0.7894378,-0.06755802,0.006256498,-0.2730118,0.5881046,-0.4876851,-4.09863,0.5795998,-0.2376686,1.914999,-0.7217832,-0.04113518,0.6908957,-0.1580668,0.981648,-0.1066872,-0.6738278,-0.1862127,-0.7150392,moving,54.15473,29.49943,16.83913,-7.074743,6.981978442963083,-0.5813902500515814
05/04/2023 16:18:27.482354,636,True,True,True,True,Eyes,2.317793,0.1338745,-3.112283,-0.7718397,-0.3142061,-0.5527548,0.0,0.0,0.0,0.0,0.0,0.0,0.0,3.82039,-0.09280935,-0.6857972,2.250087,0.1261951,-3.161564,-0.05498955,0.922662,-0.07875763,-0.3734545,10.74309,223.8381,357.512,0.6113315,0.03510076,-0.7905955,-0.06350454,0.005881108,-0.2566311,0.5702452,-0.4863708,-4.089672,0.5795991,-0.2352206,1.915001,-0.7150158,-0.04264874,0.6978063,-0.1602983,0.9815468,-0.1042611,-0.6804829,-0.1864055,-0.7086579,moving,54.39157,29.61549,16.8391,-7.002595,6.988901505092459,-0.5825648379447373
05/04/2023 16:18:27.502352,637,True,True,True,True,Eyes,2.314219,0.1334873,-3.115086,-0.7744288,-0.3137807,-0.5493648,0.0,0.0,0.0,0.0,0.0,0.0,0.0,3.825244,-0.08180973,-0.6595626,2.241072,0.1273112,-3.167902,-0.05631049,0.920759,-0.07830285,-0.378022,10.76431,224.397,357.404,0.6099008,0.03503906,-0.7917025,-0.05969427,0.005528241,-0.2412333,0.5524758,-0.4843997,-4.079884,0.5795988,-0.2325846,1.915001,-0.7078569,-0.04449637,0.7049529,-0.1628972,0.9813955,-0.1016229,-0.6873158,-0.1867693,-0.701936,moving,54.64885,29.73371,16.8391,-6.92489,6.996522180967239,-0.5836931203832649
05/04/2023 16:18:27.512502,638,True,True,True,True,Eyes,2.310403,0.1330878,-3.118032,-0.7771155,-0.3134079,-0.5457721,0.0,0.0,0.0,0.0,0.0,0.0,0.0,3.82972,-0.06756583,-0.6329918,2.231817,0.1277642,-3.174061,-0.05742005,0.9188659,-0.07689401,-0.3827218,10.67643,224.9706,357.2782,0.6085186,0.03497342,-0.7927682,-0.05611261,0.005196547,-0.2267593,0.5336399,-0.4797202,-4.070256,0.5795999,-0.2298948,1.914999,-0.7004541,-0.04666461,0.7121703,-0.1643807,0.9815805,-0.09735876,-0.6945093,-0.1852624,-0.6952228,moving,54.91944,29.86646,16.83913,-6.845572,7.004429859787118,-0.5850379325921167
05/04/2023 16:18:27.532774,639,True,True,True,True,Eyes,2.306384,0.1327669,-3.121102,-0.7799265,-0.3130245,-0.5419688,0.0,0.0,0.0,0.0,0.0,0.0,0.0,3.834601,-0.05267842,-0.6033368,2.222695,0.1267013,-3.180335,-0.05880431,0.9167243,-0.07620551,-0.3877517,10.6799,225.5887,357.1584,0.6071746,0.03490396,-0.793801,-0.05274585,0.004884754,-0.2131537,0.5150669,-0.4794603,-4.058615,0.5796,-0.2272447,1.915001,-0.6923815,-0.04871704,0.7198852,-0.1669123,0.9814696,-0.09411596,-0.7019604,-0.1853218,-0.6876829,moving,55.20467,30.00941,16.83913,-6.767391,7.0127269135953085,-0.5865122283361335
05/04/2023 16:18:27.552416,640,True,True,True,True,Eyes,2.302142,0.1325489,-3.124292,-0.7827967,-0.3126522,-0.5380314,0.0,0.0,0.0,0.0,0.0,0.0,0.0,3.838757,-0.04221998,-0.5769377,2.213853,0.1282703,-3.186392,-0.06026373,0.9147391,-0.07600698,-0.3922293,10.73854,226.1405,357.0463,0.6058604,0.03483311,-0.7948076,-0.0495811,0.004591668,-0.2003645,0.4983365,-0.4782447,-4.048216,0.5796005,-0.2245805,1.915001,-0.6850491,-0.05062683,0.7267359,-0.1698755,0.9811825,-0.0917787,-0.708414,-0.1863275,-0.6807584,moving,55.4985,30.16104,16.83914,-6.688773,7.021218436201671,-0.5881131170383109
05/04/2023 16:18:27.562302,641,True,True,True,True,Eyes,2.297717,0.132416,-3.127613,-0.7857673,-0.3121647,-0.5339692,0.0,0.0,0.0,0.0,0.0,0.0,0.0,3.841964,-0.0317377,-0.5535178,2.204351,0.1305085,-3.192471,-0.0613597,0.9129332,-0.07496788,-0.3964441,10.69219,226.6589,356.9319,0.6045676,0.03476368,-0.7957945,-0.04660624,0.004316168,-0.1883426,0.4807582,-0.4728123,-4.039555,0.5796002,-0.2217038,1.915002,-0.6781344,-0.05259344,0.7330541,-0.1714758,0.9812296,-0.08822996,-0.714654,-0.1855327,-0.6744241,moving,55.80188,30.31106,16.83912,-6.603853,7.030069281677153,-0.5896431376081037
05/04/2023 16:18:27.582553,642,True,True,True,True,Eyes,2.293078,0.1323846,-3.13104,-0.788835,-0.3116254,-0.5297442,0.0,0.0,0.0,0.0,0.0,0.0,0.0,3.844887,-0.02333857,-0.5288801,2.19501,0.1321235,-3.198107,-0.06197621,0.9111034,-0.07384401,-0.4007455,10.61638,227.1929,356.8653,0.6032891,0.03469772,-0.7967669,-0.04380986,0.004057198,-0.1770421,0.4628629,-0.4669156,-4.02998,0.5796003,-0.219155,1.915002,-0.6711243,-0.05374815,0.7393942,-0.1721188,0.981412,-0.08488566,-0.721088,-0.1842324,-0.6679005,moving,56.11656,30.46644,16.83912,-6.528593,7.039252698136775,-0.5912258649544493
05/04/2023 16:18:27.602410,643,True,True,True,True,Eyes,2.288224,0.1324504,-3.134531,-0.7919605,-0.3108849,-0.5254989,0.0,0.0,0.0,0.0,0.0,0.0,0.0,3.848135,-0.01994488,-0.5014048,2.185236,0.1346129,-3.204149,-0.06192321,0.909138,-0.07268997,-0.4054008,10.50829,227.7781,356.8717,0.6020189,0.03463754,-0.7977298,-0.04118127,0.003813766,-0.1664195,0.4433751,-0.45835,-4.019244,0.5796006,-0.2165593,1.915001,-0.6636315,-0.05365635,0.7461329,-0.1715306,0.9817634,-0.08196298,-0.7281281,-0.1823778,-0.6607329,moving,56.43406,30.60853,16.83914,-6.451926,7.048705546621122,-0.5925467890991751
05/04/2023 16:18:27.612464,644,True,True,True,True,Eyes,2.283173,0.132585,-3.138115,-0.7951823,-0.3100719,-0.5210956,0.0,0.0,0.0,0.0,0.0,0.0,0.0,3.851298,-0.02350466,-0.4724631,2.175854,0.1371968,-3.209844,-0.06072673,0.9072012,-0.07138664,-0.4101246,10.33104,228.3812,356.9918,0.6007513,0.0345851,-0.7986871,-0.03871039,0.00358494,-0.1564344,0.4231853,-0.4462399,-4.007743,0.5795995,-0.2138431,1.915001,-0.6562202,-0.05162788,0.7528012,-0.1687375,0.9824324,-0.07971304,-0.7354609,-0.1793351,-0.6534036,moving,56.76254,30.75427,16.83911,-6.371673,7.058501408345951,-0.5938896376096041
05/04/2023 16:18:27.632663,645,True,True,True,True,Eyes,2.277932,0.1327565,-3.141744,-0.7984069,-0.3091598,-0.5166882,0.0,0.0,0.0,0.0,0.0,0.0,0.0,3.854172,-0.03144519,-0.4444194,2.166257,0.138888,-3.21577,-0.05900009,0.9052896,-0.07047149,-0.4147332,10.16787,228.9765,357.1832,0.5994812,0.03454142,-0.7996428,-0.03638777,0.003369844,-0.1470483,0.4029155,-0.4347999,-3.996321,0.5796003,-0.2111594,1.915,-0.649031,-0.0483706,0.7592229,-0.165278,0.9831055,-0.07865562,-0.7425916,-0.1765328,-0.6460605,moving,57.09112,30.89414,16.83914,-6.292355,7.068375633826035,-0.5951217221291631
05/04/2023 16:18:27.652484,646,True,True,True,True,Eyes,2.272518,0.1329588,-3.145452,-0.8017005,-0.3082892,-0.5120881,0.0,0.0,0.0,0.0,0.0,0.0,0.0,3.856826,-0.03656089,-0.4154625,2.157038,0.1401993,-3.22127,-0.05789737,0.9032613,-0.07000083,-0.4193649,10.07973,229.5733,357.329,0.5982053,0.03450665,-0.8005993,-0.0342045,0.003167653,-0.1382254,0.3839734,-0.4266248,-3.983891,0.5796005,-0.2085126,1.915,-0.641562,-0.04588111,0.7656978,-0.1633047,0.9834956,-0.07789783,-0.7494863,-0.1750183,-0.6384659,moving,57.4315,31.04894,16.83914,-6.214108,7.078478194213831,-0.5965842754905012
05/04/2023 16:18:27.672162,647,True,True,True,True,Eyes,2.266951,0.1331456,-3.149227,-0.805169,-0.3074732,-0.5071124,0.0,0.0,0.0,0.0,0.0,0.0,0.0,3.859596,-0.03853828,-0.3845892,2.147686,0.1408985,-3.22699,-0.057606,0.9009913,-0.07028226,-0.4242131,10.10903,230.1973,357.4281,0.59692,0.03448072,-0.8015591,-0.03215223,0.002977594,-0.1299319,0.3658089,-0.4232394,-3.970078,0.5795998,-0.2058085,1.915,-0.6334497,-0.0441757,0.7725219,-0.1634343,0.9834839,-0.07777297,-0.7563272,-0.1755219,-0.6302075,moving,57.79641,31.22934,16.83912,-6.134134,7.089124713589852,-0.5984237368218299
05/04/2023 16:18:27.682313,648,True,True,True,True,Eyes,2.26125,0.1333274,-3.153071,-0.8086635,-0.3068195,-0.5019214,0.0,0.0,0.0,0.0,0.0,0.0,0.0,3.862484,-0.03742981,-0.3505011,2.138574,0.1409119,-3.232596,-0.05817777,0.8984203,-0.07149059,-0.4293549,10.27745,230.8602,357.4868,0.595623,0.03446237,-0.8025243,-0.0302231,0.002798939,-0.122136,0.3488506,-0.4255199,-3.954054,0.5795996,-0.2032122,1.915,-0.6245395,-0.04314649,0.7798005,-0.1659258,0.9830089,-0.07849937,-0.7631638,-0.178415,-0.6210871,moving,58.17295,31.43703,16.83912,-6.057331,7.099836002454599,-0.6007267216064619
05/04/2023 16:18:27.702658,649,True,True,True,True,Eyes,2.11495,0.1372557,-3.250283,-0.888059,-0.2864687,-0.3595648,1.973403,0.3624523,-0.4280625,-3.959849,0.9068753,-0.1694214,-0.3858413,0.5440057,-0.2011001,1.905716,2.129885,0.1408143,-3.238257,-0.05953332,0.8957112,-0.07300784,-0.4345424,10.51701,231.5276,357.4818,0.5943117,0.0344507,-0.8034962,-0.02840971,0.002631002,-0.1148078,0.3332976,-0.4306662,-3.937561,0.5795994,-0.2004602,1.915,-0.6152574,-0.0431993,0.7871417,-0.1700993,0.9822512,-0.07904838,-0.7697561,-0.1825274,-0.6116856,moving,67.95755,38.54467,16.83912,-5.9759,7.356371029586465,-0.692727214748504
05/04/2023 16:18:27.722632,650,True,True,True,True,Eyes,2.114597,0.1372183,-3.250514,-0.8882047,-0.2865055,-0.3591755,0.0,0.0,0.0,0.0,0.0,0.0,0.0,3.868001,-0.02702208,-0.2838922,2.121073,0.1404137,-3.244085,-0.06028422,0.893222,-0.07362939,-0.4394305,10.63293,232.1575,357.4933,0.5884423,0.03457497,-0.8077993,-0.4656046,0.01425814,-0.3995563,0.317297,-0.4319442,-3.923082,0.5795998,-0.1976757,1.915001,-0.6065336,-0.04298439,0.7938953,-0.1724044,0.981889,-0.07855331,-0.7761406,-0.1845162,-0.6029594,moving,67.9824,38.57851,16.83912,-5.893477,7.356821318204573,-0.6932576500057022
05/04/2023 16:18:27.732638,651,True,True,True,True,Eyes,2.11393,0.1371638,-3.250999,-0.8885064,-0.2865036,-0.35843,0.0,0.0,0.0,0.0,0.0,0.0,0.0,3.870184,-0.02307823,-0.2535896,2.112287,0.139489,-3.249915,-0.0606494,0.8908265,-0.07396352,-0.4441612,10.69924,232.7698,357.5297,0.5835209,0.03467438,-0.8113571,-0.4376684,0.01340265,-0.3755829,0.301272,-0.4319577,-3.909336,0.5796002,-0.1949395,1.915001,-0.5980849,-0.04235274,0.8003128,-0.1737596,0.9817021,-0.07790108,-0.7823696,-0.1856535,-0.5945004,moving,68.03049,38.63637,16.83913,-5.812461,7.3577899387401295,-0.6941407787033125
05/04/2023 16:18:27.752529,652,True,True,True,True,Eyes,2.112948,0.1371085,-3.251696,-0.8889421,-0.2864836,-0.3573639,0.0,0.0,0.0,0.0,0.0,0.0,0.0,3.872054,-0.02126053,-0.2255049,2.103613,0.1388946,-3.255706,-0.06082409,0.8885596,-0.07438205,-0.4485863,10.7635,233.3462,357.5872,0.5793771,0.0347534,-0.8143181,-0.4114082,0.01259849,-0.3530479,0.2858817,-0.4314004,-3.89659,0.5796002,-0.1922367,1.915,-0.5901418,-0.04135812,0.8062397,-0.1748252,0.9815355,-0.07761607,-0.7881428,-0.1867554,-0.5864756,moving,68.09937,38.71768,16.83914,-5.732415,7.359197238179824,-0.6953763034610081
05/04/2023 16:18:27.762635,653,True,True,True,True,Eyes,2.111661,0.1370908,-3.252598,-0.8894535,-0.2862703,-0.3562607,0.0,0.0,0.0,0.0,0.0,0.0,0.0,3.873955,-0.02382435,-0.1990266,2.095197,0.1389196,-3.261679,-0.06026261,0.8864552,-0.07446167,-0.4527925,10.75366,233.8986,357.701,0.5758682,0.03481599,-0.8168005,-0.3867238,0.01184259,-0.3318651,0.2704384,-0.4275263,-3.885036,0.5796005,-0.1897734,1.915001,-0.582695,-0.03940883,0.8117351,-0.1742716,0.9816477,-0.07744096,-0.7937861,-0.1865868,-0.5788691,moving,68.17197,38.78333,16.83913,-5.659438,7.360936105520996,-0.6963016493229902
05/04/2023 16:18:27.782251,654,True,True,True,True,Eyes,2.110095,0.1371283,-3.253713,-0.890061,-0.2859229,-0.3550205,0.0,0.0,0.0,0.0,0.0,0.0,0.0,3.875762,-0.03284113,-0.1787481,2.086946,0.1397962,-3.267975,-0.05879198,0.8847948,-0.07425199,-0.4562549,10.66368,234.3594,357.8842,0.5727376,0.03486962,-0.8189964,-0.3635203,0.01113203,-0.3119532,0.2553961,-0.4194106,-3.877002,0.5796008,-0.1871767,1.915001,-0.5767503,-0.03628201,0.8161148,-0.1717933,0.9820603,-0.07774727,-0.798653,-0.1850438,-0.5726365,moving,68.25432,38.84692,16.83914,-5.58249,7.363047126548913,-0.6971468180071533
05/04/2023 16:18:27.802532,655,True,True,True,True,Eyes,2.108262,0.1371851,-3.255031,-0.8907542,-0.2853422,-0.3537467,0.0,0.0,0.0,0.0,0.0,0.0,0.0,3.877129,-0.03794551,-0.1679749,2.078743,0.1411327,-3.274248,-0.05747174,0.8837202,-0.07294874,-0.4587092,10.46636,234.6796,357.9805,0.5698724,0.0349184,-0.8209907,-0.3417091,0.01046411,-0.293236,0.2414596,-0.408147,-3.874155,0.5796005,-0.1845016,1.915,-0.5725658,-0.03465338,0.819126,-0.1685024,0.982751,-0.07620692,-0.8023561,-0.1816581,-0.5685288,moving,68.34041,38.89064,16.83914,-5.503203,7.365544083566786,-0.6976025870886049
05/04/2023 16:18:27.812526,656,True,True,True,True,Eyes,2.106188,0.1372466,-3.256553,-0.8915176,-0.2847703,-0.3522812,0.0,0.0,0.0,0.0,0.0,0.0,0.0,3.878882,-0.03744614,-0.1533318,2.070671,0.1416166,-3.280687,-0.05697051,0.882318,-0.07193834,-0.4616213,10.34312,235.0565,358.0126,0.5672398,0.03496335,-0.8228099,-0.3212066,0.009836261,-0.2756418,0.2279416,-0.4006442,-3.869315,0.5795996,-0.181724,1.914999,-0.5673202,-0.03411568,0.8227902,-0.1669488,0.9831585,-0.07434739,-0.8063967,-0.1795426,-0.5634612,moving,68.43865,38.95071,16.83913,-5.420857,7.368263693732381,-0.6983140287174802
05/04/2023 16:18:27.832414,657,True,True,True,True,Eyes,2.103884,0.1373583,-3.25823,-0.8922286,-0.2842205,-0.3509228,0.0,0.0,0.0,0.0,0.0,0.0,0.0,3.880687,-0.04451399,-0.1381521,2.06288,0.1417981,-3.28713,-0.05615966,0.8808597,-0.07243051,-0.4644203,10.35611,235.4324,358.1556,0.5648108,0.03500502,-0.8244774,-0.3019342,0.009246086,-0.2591033,0.21547,-0.3967338,-3.863529,0.5795996,-0.1789364,1.914999,-0.5623198,-0.03166116,0.8263134,-0.1662139,0.9831998,-0.07543888,-0.8100427,-0.1797656,-0.5581352,moving,68.52977,39.00482,16.83913,-5.338185,7.370806672876368,-0.6989437127340574
05/04/2023 16:18:27.852292,658,True,True,True,True,Eyes,2.101376,0.1375131,-3.260091,-0.8929394,-0.2838031,-0.3494495,0.0,0.0,0.0,0.0,0.0,0.0,0.0,3.88233,-0.06747055,-0.1350503,2.05582,0.1431712,-3.293689,-0.05505839,0.8800922,-0.07592335,-0.4654481,10.65488,235.6028,358.4702,0.56256,0.03504504,-0.8260131,-0.2838181,0.00869132,-0.2435571,0.2075553,-0.3995592,-3.862629,0.5795995,-0.1765605,1.914999,-0.5606531,-0.02623617,0.8276348,-0.1675897,0.9824084,-0.08238545,-0.810914,-0.1848927,-0.5551873,moving,68.62724,39.08155,16.83913,-5.267707,7.373286625945651,-0.6999715874714418
05/04/2023 16:18:27.862471,659,True,True,True,True,Eyes,2.098664,0.1376808,-3.262116,-0.8936504,-0.2834046,-0.3479525,0.0,0.0,0.0,0.0,0.0,0.0,0.0,3.883597,-0.0879593,-0.1296244,2.048423,0.1443983,-3.299997,-0.05397599,0.8791863,-0.07889102,-0.4667916,10.9009,235.8125,358.7595,0.5604641,0.03508471,-0.827435,-0.266789,0.008169841,-0.2289437,0.1985537,-0.4006042,-3.860613,0.5795997,-0.1737083,1.914999,-0.5583844,-0.02125856,0.8293099,-0.1685612,0.9817256,-0.08832871,-0.8122771,-0.1891109,-0.5517637,moving,68.72601,39.16255,16.83913,-5.183076,7.375758275458352,-0.7010741983423534
05/04/2023 16:18:27.882143,660,True,True,True,True,Eyes,2.095772,0.1378557,-3.264309,-0.8943245,-0.2831744,-0.3464042,0.0,0.0,0.0,0.0,0.0,0.0,0.0,3.884553,-0.1173722,-0.1291232,2.041168,0.1449026,-3.306483,-0.05221286,0.8785797,-0.08301624,-0.4674185,11.22622,235.9462,359.174,0.5585023,0.03512437,-0.8287586,-0.2507817,0.007679651,-0.2152071,0.1907455,-0.4040468,-3.860623,0.5796002,-0.1712293,1.915,-0.5575878,-0.01413966,0.8299978,-0.1693529,0.9807643,-0.09706227,-0.8126597,-0.1946833,-0.5492568,moving,68.82681,39.2649,16.83913,-5.109501,7.378029826278567,-0.7025694955005737
05/04/2023 16:18:27.902800,661,True,True,True,True,Eyes,2.092688,0.1380357,-3.266645,-0.8950593,-0.2828971,-0.344729,0.0,0.0,0.0,0.0,0.0,0.0,0.0,3.885072,-0.1465686,-0.1308622,2.033935,0.1452997,-3.312762,-0.05057593,0.8780947,-0.08725502,-0.4677376,11.56906,236.0434,359.5791,0.5566567,0.03516422,-0.8299978,-0.2357348,0.007218872,-0.2022946,0.183485,-0.4080206,-3.86161,0.5796002,-0.1685267,1.915,-0.5573274,-0.007196016,0.8302617,-0.1704458,0.9796573,-0.1059238,-0.8126097,-0.2005488,-0.5472164,moving,68.93598,39.37355,16.83913,-5.029271,7.380518020542392,-0.7041476265047716
05/04/2023 16:18:27.922408,662,True,True,True,True,Eyes,2.089425,0.1382222,-3.26913,-0.8957781,-0.2827553,-0.3429739,0.0,0.0,0.0,0.0,0.0,0.0,0.0,3.885429,-0.1717932,-0.1321659,2.026522,0.1456176,-3.318968,-0.04908373,0.877587,-0.09073886,-0.4681863,11.84256,236.152,359.9306,0.5549105,0.03520435,-0.8311646,-0.2215907,0.006785739,-0.190157,0.1756007,-0.4104003,-3.862663,0.5796,-0.1658592,1.915,-0.5567849,-0.001185129,0.8306559,-0.1711158,0.9787145,-0.1133018,-0.8128406,-0.2052231,-0.5451362,moving,69.04925,39.50293,16.83914,-4.950068,7.382887455120666,-0.7060979883518816
05/04/2023 16:18:27.932827,663,True,True,True,True,Eyes,2.085908,0.138444,-3.271614,-0.8975221,-0.2825889,-0.3385228,0.0,0.0,0.0,0.0,0.0,0.0,0.0,3.886016,-0.189568,-0.1289506,2.018978,0.1459915,-3.32507,-0.04833687,0.8767605,-0.09369809,-0.4692284,12.10264,236.3297,0.1858674,0.5532491,0.03524489,-0.8322696,-0.2082953,0.006378595,-0.1787475,0.1671685,-0.4131961,-3.861624,0.5796001,-0.1631471,1.915,-0.5549767,0.003171893,0.8318601,-0.1726913,0.9777684,-0.1189395,-0.8137438,-0.2096636,-0.5420909,moving,69.33479,39.85414,16.83913,-4.869515,7.388541128919105,-0.711485644126232
05/04/2023 16:18:27.952763,664,True,True,True,True,Eyes,2.082226,0.1386777,-3.27425,-0.8992512,-0.2824468,-0.3340226,0.0,0.0,0.0,0.0,0.0,0.0,0.0,3.887033,-0.2011972,-0.119843,2.01137,0.1467198,-3.331175,-0.04795153,0.8755785,-0.09577944,-0.4710513,12.29236,236.599,0.36729,0.5516597,0.03528684,-0.8333222,-0.1957975,0.005995879,-0.1680227,0.1575384,-0.4141343,-3.858113,0.5796001,-0.1604626,1.915001,-0.5516228,0.00626342,0.8340703,-0.1742047,0.9770539,-0.1225496,-0.8156992,-0.2129001,-0.5378741,moving,69.62273,40.21759,16.83913,-4.789765,7.3941239419123646,-0.7170931716951778
05/04/2023 16:18:27.962209,665,True,True,True,True,Eyes,2.078489,0.1389225,-3.277189,-0.9010496,-0.2821576,-0.3293883,0.0,0.0,0.0,0.0,0.0,0.0,0.0,3.8886,-0.2079258,-0.1062579,2.003779,0.1473688,-3.337497,-0.04749163,0.8741642,-0.0966316,-0.4735441,12.35232,236.9436,0.4978393,0.55013,0.03533033,-0.834331,-0.1840497,0.005636126,-0.1579413,0.1463924,-0.4114245,-3.853153,0.5795999,-0.1577076,1.915001,-0.5470013,0.008487684,0.8370889,-0.1745496,0.9768138,-0.123965,-0.8187321,-0.2139225,-0.5328369,moving,69.91958,40.58372,16.83912,-4.707901,7.399988694483873,-0.7227131917306691
05/04/2023 16:18:27.982144,666,True,True,True,True,Eyes,2.074586,0.1391494,-3.280263,-0.9028834,-0.2817355,-0.3246945,0.0,0.0,0.0,0.0,0.0,0.0,0.0,3.890414,-0.2119498,-0.09105062,1.996213,0.1480774,-3.343911,-0.04674793,0.8727087,-0.09634159,-0.4763533,12.28024,237.3186,0.5975621,0.5486497,0.03537531,-0.8353034,-0.1730067,0.005297959,-0.1484648,0.1341354,-0.404927,-3.847986,0.5796005,-0.1551615,1.915001,-0.5418045,0.0101906,0.8404429,-0.1733799,0.9770659,-0.1236192,-0.8224279,-0.2126933,-0.5276118,moving,70.22042,40.94798,16.83914,-4.63223,7.406018833227102,-0.7282810964948464
05/04/2023 16:18:28.002315,667,True,True,True,True,Eyes,2.070518,0.1393465,-3.283467,-0.9047853,-0.2811235,-0.3198955,0.0,0.0,0.0,0.0,0.0,0.0,0.0,3.892038,-0.2146695,-0.07522583,1.988402,0.1478126,-3.350241,-0.04543944,0.8712651,-0.0950101,-0.4793803,12.07099,237.714,0.6979764,0.5472093,0.03542113,-0.8362457,-0.1626263,0.004980081,-0.1395569,0.1204061,-0.3947878,-3.842756,0.5796,-0.1524143,1.915,-0.5362597,0.01191234,0.843969,-0.1702715,0.9778167,-0.1219924,-0.8267002,-0.2091235,-0.5223352,moving,70.52847,41.30894,16.83913,-4.550561,7.412346819224421,-0.7337563153265108
05/04/2023 16:18:28.012427,668,True,True,True,True,Eyes,2.0663,0.1395061,-3.286796,-0.9067389,-0.2803769,-0.3149812,0.0,0.0,0.0,0.0,0.0,0.0,0.0,3.893671,-0.2170732,-0.05511284,1.980507,0.1472306,-3.356597,-0.04405127,0.8695378,-0.09364683,-0.4829015,11.85314,238.1757,0.8100376,0.5458007,0.0354669,-0.8371637,-0.1528687,0.004681276,-0.1311835,0.106062,-0.3845944,-3.835333,0.5796,-0.1497028,1.915,-0.5297313,0.0138359,0.8480527,-0.1670529,0.9785795,-0.1203141,-0.8315517,-0.2054038,-0.5160728,moving,70.84389,41.67352,16.83913,-4.469937,7.418890129891296,-0.7392682436692355
05/04/2023 16:18:28.032638,669,True,True,True,True,Eyes,2.061961,0.1396127,-3.290286,-0.9087651,-0.2794326,-0.3099408,0.0,0.0,0.0,0.0,0.0,0.0,0.0,3.89502,-0.2241168,-0.03227711,1.972646,0.1464957,-3.362982,-0.04215221,0.8676423,-0.09268288,-0.486652,11.64563,238.6771,0.9982092,0.5444161,0.03551167,-0.8380628,-0.1436966,0.0044004,-0.1233125,0.09144605,-0.3741768,-3.826416,0.5796003,-0.1470528,1.915,-0.5227863,0.01706254,0.8522931,-0.1633547,0.9792662,-0.1198042,-0.836666,-0.2018581,-0.5091597,moving,71.16769,42.0368,16.83914,-4.391123,7.4257473045674915,-0.7447201055969985
05/04/2023 16:18:28.052612,670,True,True,True,True,Eyes,2.057476,0.1396756,-3.293889,-0.9107943,-0.2784625,-0.3048154,0.0,0.0,0.0,0.0,0.0,0.0,0.0,3.896271,-0.2338726,-0.009631634,1.964985,0.1451994,-3.369491,-0.04026915,0.865708,-0.09256631,-0.4902649,11.52269,239.1714,1.230474,0.543049,0.03555409,-0.8389477,-0.1350748,0.004136376,-0.1159138,0.07778188,-0.3665599,-3.817343,0.5795997,-0.1443645,1.915,-0.5160375,0.02104138,0.8563076,-0.1604867,0.9796197,-0.1207857,-0.8413973,-0.1997559,-0.5021437,moving,71.49616,42.41309,16.83912,-4.311153,7.432604336543413,-0.7503966614409348
05/04/2023 16:18:28.062173,671,True,True,True,True,Eyes,2.052865,0.139683,-3.297648,-0.9128115,-0.2774129,-0.2996953,0.0,0.0,0.0,0.0,0.0,0.0,0.0,3.897362,-0.2399895,0.009294987,1.957018,0.1442069,-3.375854,-0.03920001,0.8639231,-0.0927477,-0.4934554,11.47502,239.6081,1.391713,0.5416937,0.03559326,-0.8398218,-0.1269703,0.003888193,-0.1089589,0.06516674,-0.3616064,-3.809717,0.5796001,-0.1415071,1.915,-0.5099303,0.02380212,0.8598864,-0.1592653,0.9797224,-0.1215668,-0.8453436,-0.1989406,-0.4957993,moving,71.82389,42.78888,16.83913,-4.226135,7.439441488501213,-0.7560669650933589
05/04/2023 16:18:28.082400,672,True,True,True,True,Eyes,2.048112,0.1396307,-3.301522,-0.9148312,-0.2763991,-0.2944275,0.0,0.0,0.0,0.0,0.0,0.0,0.0,3.898777,-0.2394176,0.03118324,1.948871,0.1429281,-3.382341,0.03890139,-0.8618767,0.09269745,0.4970537,11.4469,240.0921,1.467167,0.5403454,0.03562799,-0.8406883,-0.1193521,0.003654901,-0.1024214,0.05260538,-0.3588464,-3.800557,0.5796,-0.1390802,1.915,-0.5028487,0.02509479,0.8640101,-0.1592076,0.9797877,-0.1211154,-0.8495858,-0.1984597,-0.4886896,moving,72.15985,43.19103,16.83913,-4.153913,7.446234642436488,-0.7621977670987066
05/04/2023 16:18:28.102258,673,True,True,True,True,Eyes,2.043222,0.1395191,-3.305504,-0.9166826,-0.2754472,-0.28952,0.0,0.0,0.0,0.0,0.0,0.0,0.0,3.900669,-0.2315289,0.05659771,1.940731,0.1414412,-3.389038,0.03937512,-0.8595427,0.09225675,0.5011235,11.42359,240.6302,1.448337,0.5389992,0.03565718,-0.8415509,-0.112191,0.003435607,-0.09627611,0.04006521,-0.3571264,-3.789863,0.5795999,-0.1363852,1.915,-0.4946499,0.02477486,0.8687394,-0.1601533,0.9798766,-0.1191336,-0.8542089,-0.1980608,-0.4807281,moving,72.47208,43.57311,16.83912,-4.073692,7.452441736140413,-0.7680522074858177
05/04/2023 16:18:28.122471,674,True,True,True,True,Eyes,2.03819,0.1393322,-3.309595,-0.9185524,-0.2744856,-0.284463,0.0,0.0,0.0,0.0,0.0,0.0,0.0,3.902433,-0.2233356,0.08021116,1.932648,0.139907,-3.395672,0.03966909,-0.85734,0.09138971,0.5050175,11.34821,241.1416,1.419435,0.5376511,0.03567985,-0.842412,-0.1054595,0.003229471,-0.09049954,0.02754626,-0.3538151,-3.780181,0.5795999,-0.1336347,1.915001,-0.4867677,0.02428699,0.8731939,-0.1603266,0.9801486,-0.1166369,-0.8586925,-0.1967713,-0.4732108,moving,72.79297,43.97736,16.83912,-3.991806,7.458673490452854,-0.774286558215525
05/04/2023 16:18:28.132636,675,True,True,True,True,Eyes,2.033034,0.1390472,-3.313801,-0.9203112,-0.2735472,-0.2796413,0.0,0.0,0.0,0.0,0.0,0.0,0.0,3.904149,-0.2122017,0.1052871,1.92427,0.1378947,-3.402449,0.04010145,-0.8550013,0.09015653,0.5091529,11.24492,241.6812,1.357355,0.5362965,0.03569467,-0.8432742,-0.09913195,0.003035703,-0.08506957,0.01459764,-0.3505204,-3.769774,0.5796,-0.1310003,1.915001,-0.4783106,0.02323334,0.8778836,-0.1603805,0.9805274,-0.1133324,-0.863422,-0.1950034,-0.4652705,moving,73.09833,44.36884,16.83912,-3.913361,7.4645170514364425,-0.7803469010531928
05/04/2023 16:18:28.152473,676,True,True,True,True,Eyes,2.027763,0.1386826,-3.318116,-0.9220824,-0.2726172,-0.2746706,0.0,0.0,0.0,0.0,0.0,0.0,0.0,3.905707,-0.2022844,0.1311297,1.916094,0.1352631,-3.409245,0.04040459,-0.8525974,0.08918837,0.5133135,11.16085,242.2301,1.323788,0.5349336,0.0356999,-0.8441393,-0.09318403,0.00285356,-0.07996539,0.002010363,-0.3480876,-3.758921,0.5796001,-0.128272,1.915,-0.4697535,0.02266548,0.8825066,-0.1604609,0.9808258,-0.1106031,-0.8680921,-0.193564,-0.4571095,moving,73.41222,44.78503,16.83913,-3.832106,7.47034828748626,-0.7868354515310004
05/04/2023 16:18:28.162449,677,True,True,True,True,Eyes,2.022385,0.1382563,-3.322554,-0.9237717,-0.2716809,-0.2698804,0.0,0.0,0.0,0.0,0.0,0.0,0.0,3.907131,-0.1957541,0.1552863,1.908008,0.132977,-3.416128,0.04053133,-0.8502938,0.08865021,0.5172032,11.10942,242.7506,1.32985,0.5335588,0.03569439,-0.8450092,-0.08759299,0.002682347,-0.07516747,-0.01003174,-0.3458441,-3.748906,0.5795997,-0.1254154,1.914999,-0.4617162,0.02277327,0.8867353,-0.1606274,0.9809967,-0.1088315,-0.8723629,-0.1926833,-0.4492841,moving,73.71425,45.19049,16.83913,-3.747012,7.4758955289263405,-0.793172735975972
05/04/2023 16:18:28.182180,678,True,True,True,True,Eyes,2.016886,0.1377769,-3.327109,-0.9254797,-0.2707241,-0.264945,0.0,0.0,0.0,0.0,0.0,0.0,0.0,3.908739,-0.1887867,0.1781311,1.899996,0.1310914,-3.42322,0.04061468,-0.8480799,0.08777881,0.5209664,11.0231,243.2511,1.317626,0.5321706,0.03567761,-0.8458849,-0.08233741,0.002521406,-0.07065742,-0.02187709,-0.342672,-3.739827,0.5796002,-0.1229895,1.915,-0.4538891,0.02257065,0.8907724,-0.1603486,0.9812906,-0.1065691,-0.8765119,-0.1912046,-0.441778,moving,74.02473,45.61812,16.83914,-3.674733,7.4814599808650915,-0.7998908236450012
05/04/2023 16:18:28.202503,679,True,True,True,True,Eyes,2.011286,0.1372819,-3.331787,-0.9271256,-0.2697782,-0.2601114,0.0,0.0,0.0,0.0,0.0,0.0,0.0,3.910186,-0.1820985,0.2016878,1.891604,0.1291622,-3.430531,0.04061604,-0.8457819,0.08684792,0.5248437,10.92611,243.7681,1.310651,0.5307663,0.03564926,-0.8467679,-0.07739717,0.002370122,-0.06641798,-0.03416845,-0.3389361,-3.730416,0.5796003,-0.1203532,1.915,-0.4457791,0.02245853,0.8948612,-0.1598678,0.9816155,-0.1042747,-0.8807517,-0.1895429,-0.4339932,moving,74.32818,46.04513,16.83914,-3.596172,7.486782933717457,-0.8066271473996193
05/04/2023 16:18:28.212744,680,True,True,True,True,Eyes,2.00557,0.136821,-3.336581,-0.9288008,-0.268758,-0.2551436,0.0,0.0,0.0,0.0,0.0,0.0,0.0,3.911453,-0.1802589,0.2254915,1.883472,0.1284606,-3.437852,0.04014114,-0.8435125,0.08601382,0.5286561,10.80979,244.2816,1.354822,0.5293446,0.03561006,-0.8476591,0.0,0.0,0.0,-0.04630411,-0.3327598,-3.721119,0.5796001,-0.1176445,1.915,-0.4378231,0.02322435,0.8987613,-0.1586625,0.9819806,-0.1026657,-0.8849504,-0.1875491,-0.4262489,moving,74.63961,46.48859,16.83913,-3.515443,7.49217932727205,-0.8136387534835322
05/04/2023 16:18:28.232458,681,True,True,True,True,Eyes,1.999748,0.1363519,-3.341497,-0.9304479,-0.2675984,-0.250315,0.0,0.0,0.0,0.0,0.0,0.0,0.0,3.912796,-0.1783011,0.2489467,1.875046,0.128794,-3.445481,0.03955801,-0.8412613,0.08465538,0.5324925,10.63567,244.7932,1.375917,0.5279028,0.03556192,-0.8485597,0.0,0.0,0.0,-0.05890877,-0.3239664,-3.712344,0.5796006,-0.1150083,1.915001,-0.4297742,0.02359949,0.9026283,-0.1567139,0.9825372,-0.1003059,-0.8892332,-0.1845633,-0.4185707,moving,74.94244,46.91132,16.83914,-3.436858,7.49753483530121,-0.8202972618987013
05/04/2023 16:18:28.252682,682,True,True,True,True,Eyes,1.993829,0.1358627,-3.346506,-0.9321206,-0.2663916,-0.2453296,0.0,0.0,0.0,0.0,0.0,0.0,0.0,3.913581,-0.179262,0.2734661,1.866689,0.1280839,-3.452839,0.03845461,-0.8389496,0.08341704,0.5364015,10.44081,245.3204,1.454748,0.5264407,0.0355055,-0.84947,0.0,0.0,0.0,-0.07162788,-0.3149432,-3.702731,0.5796003,-0.1123583,1.915001,-0.4215896,0.02496706,0.9064431,-0.154013,0.9831257,-0.09871116,-0.8936119,-0.1812196,-0.4106303,moving,75.25445,47.35691,16.83913,-3.357848,7.502924657435063,-0.8273464396911742
05/04/2023 16:18:28.272580,683,True,True,True,True,Eyes,1.987836,0.1353561,-3.351644,-0.9337236,-0.2652533,-0.240418,0.0,0.0,0.0,0.0,0.0,0.0,0.0,3.914506,-0.1779443,0.2993765,1.858448,0.1271186,-3.460442,0.03773421,-0.8364916,0.08236246,0.5404392,10.28689,245.867,1.508092,0.5249566,0.03544107,-0.8503906,0.0,0.0,0.0,-0.08378544,-0.3076656,-3.692538,0.5795996,-0.1096172,1.915,-0.4130033,0.02589511,0.9103613,-0.1521525,0.9835851,-0.09700491,-0.8979299,-0.1785771,-0.4022838,moving,75.56095,47.81174,16.83912,-3.276113,7.508001234458977,-0.8345927299323618
05/04/2023 16:18:28.282371,684,True,True,True,True,Eyes,1.836131,0.1240349,-3.482144,-0.9649733,-0.2372506,-0.1119766,0.0,0.0,0.0,0.0,0.0,0.0,0.0,3.915474,-0.1734144,0.3241878,1.85043,0.1261821,-3.467866,0.03789445,-0.8340373,0.08203423,0.5442575,10.2584,246.3899,1.519001,0.5234497,0.03536889,-0.851322,0.0,0.0,0.0,-0.09445896,-0.3050148,-3.682553,0.5796002,-0.1070252,1.915,-0.4046955,0.02608471,0.9140792,-0.1525062,0.9836688,-0.09559052,-0.9016447,-0.1780879,-0.3941082,moving,83.38094,64.73381,16.83914,-3.19881,7.569748539654974,-1.1194289258866261
05/04/2023 16:18:28.302489,685,True,True,True,True,Eyes,1.835821,0.1240835,-3.482441,-0.9649774,-0.237318,-0.1117976,0.0,0.0,0.0,0.0,0.0,0.0,0.0,3.916511,-0.1698983,0.3483996,1.842679,0.12708,-3.475296,0.03888781,-0.8315607,0.08301146,0.5478173,10.40849,246.8918,1.53082,0.516906,0.03492008,-0.8553294,-0.4551126,-0.03396358,-0.3915009,-0.1034266,-0.3061844,-3.672747,0.5795997,-0.1042725,1.915,-0.3967682,0.02627508,0.9175429,-0.1556254,0.9831937,-0.09545132,-0.9046303,-0.180665,-0.386011,moving,83.39146,64.77545,16.83912,-3.1167,7.569591032069346,-1.1201669068310678
05/04/2023 16:18:28.322335,686,True,True,True,True,Eyes,1.8352,0.1241527,-3.483002,-0.9650171,-0.2374026,-0.1112746,0.0,0.0,0.0,0.0,0.0,0.0,0.0,3.916966,-0.1653565,0.3731356,1.834618,0.1280732,-3.48238,0.0396389,-0.8290594,0.08326671,0.5515036,10.47392,247.4045,1.521974,0.5113587,0.03454343,-0.8586726,-0.4278058,-0.03192577,-0.3680109,-0.1131252,-0.3047566,-3.662479,0.5795999,-0.1015711,1.915001,-0.3885452,0.02611778,0.9210594,-0.1575698,0.9829908,-0.09434409,-0.9078571,-0.1817881,-0.377821,moving,83.42237,64.88673,16.83912,-3.036106,7.569269298066098,-1.1221272212909692
05/04/2023 16:18:28.332734,687,True,True,True,True,Eyes,1.834278,0.1242785,-3.483833,-0.9650726,-0.2375083,-0.1105651,0.0,0.0,0.0,0.0,0.0,0.0,0.0,3.917512,-0.1547017,0.3986783,1.826856,0.1288838,-3.489378,0.04083002,-0.8264953,0.08279064,0.5553235,10.49792,247.9254,1.425432,0.5066351,0.03422738,-0.8614808,-0.4021375,-0.03001022,-0.3459302,-0.1224744,-0.3031039,-3.652003,0.5795999,-0.09893785,1.915,-0.3798975,0.02445954,0.9247052,-0.1594428,0.9829572,-0.0915044,-0.9111838,-0.1821999,-0.3695231,moving,83.46431,65.03703,16.83913,-2.957538,7.5688415428106435,-1.1247740999417926
05/04/2023 16:18:28.352665,688,True,True,True,True,Eyes,1.833069,0.124528,-3.484905,-0.9652048,-0.2374769,-0.1094737,0.0,0.0,0.0,0.0,0.0,0.0,0.0,3.917282,-0.1428497,0.4289994,1.818697,0.1303761,-3.49641,0.04200093,-0.8235655,0.08188965,0.5597053,10.48041,248.5212,1.31039,0.5025857,0.03396289,-0.8638599,-0.3780092,-0.02820961,-0.3251744,-0.1325344,-0.2994208,-3.639132,0.5796,-0.09612177,1.915,-0.3699319,0.02248711,0.9287867,-0.1608492,0.9830601,-0.08786669,-0.9150289,-0.1818993,-0.3600482,moving,83.52915,65.25092,16.83913,-2.873501,7.568415717962447,-1.128518917766629
05/04/2023 16:18:28.362572,689,True,True,True,True,Eyes,1.831569,0.1249103,-3.486212,-0.9655072,-0.2369806,-0.1078703,0.0,0.0,0.0,0.0,0.0,0.0,0.0,3.916359,-0.1366217,0.4609275,1.81058,0.133123,-3.503292,0.04210035,-0.8206157,0.08019327,0.5642578,10.31889,249.1376,1.246556,0.4988971,0.03373028,-0.8660045,-0.3553286,-0.02651703,-0.3056639,-0.1434831,-0.2894256,-3.625712,0.5796006,-0.09345968,1.915,-0.3596819,0.02140293,0.9328297,-0.1595958,0.9835932,-0.0841048,-0.9193251,-0.1791266,-0.3503648,moving,83.62513,65.52563,16.83914,-2.794046,7.568319456675659,-1.133274571909841
05/04/2023 16:18:28.382521,690,True,True,True,True,Eyes,1.829793,0.1254291,-3.487739,-0.965916,-0.2361813,-0.1059462,0.0,0.0,0.0,0.0,0.0,0.0,0.0,3.915022,-0.1310498,0.4943652,1.802363,0.1369463,-3.510228,0.0413467,-0.8176359,0.07678527,0.5690925,9.940475,249.7776,1.150821,0.4955266,0.03352979,-0.8679452,-0.3340089,-0.02492601,-0.2873241,-0.1557105,-0.271733,-3.612031,0.5796003,-0.09095199,1.915,-0.3488486,0.01978274,0.9369704,-0.1550089,0.984789,-0.07850458,-0.924271,-0.1726249,-0.3404758,moving,83.74055,65.83995,16.83914,-2.719191,7.568408013452745,-1.1386921227394984
05/04/2023 16:18:28.402362,691,True,True,True,True,Eyes,1.827734,0.126031,-3.489469,-0.9664769,-0.2349487,-0.1035448,0.0,0.0,0.0,0.0,0.0,0.0,0.0,3.913623,-0.1257222,0.5273781,1.794065,0.140738,-3.517371,0.03965119,-0.8147394,0.07159971,0.574022,9.334121,250.4164,1.021343,0.4924362,0.0333617,-0.8697087,-0.3139684,-0.02343045,-0.2700846,-0.1691267,-0.2467725,-3.599042,0.5795999,-0.08829129,1.915,-0.3378533,0.01758884,0.9410344,-0.1468103,0.9866025,-0.07114888,-0.9296784,-0.1621915,-0.3307447,moving,83.88486,66.21632,16.83913,-2.639759,7.568730634220978,-1.1451531968724584
05/04/2023 16:18:28.412610,692,True,True,True,True,Eyes,1.825413,0.1267081,-3.491392,-0.9671187,-0.2334896,-0.1008167,0.0,0.0,0.0,0.0,0.0,0.0,0.0,3.911607,-0.1186327,0.5592389,1.785457,0.1435552,-3.524062,0.03843196,-0.8118183,0.06702481,0.5787764,8.818849,251.041,0.8804923,0.4895912,0.03322491,-0.8713186,-0.2951303,-0.02202462,-0.2538795,-0.1818486,-0.2257448,-3.585724,0.5796006,-0.08553207,1.915001,-0.3270823,0.01518521,0.944874,-0.1399843,0.9880614,-0.0643369,-0.9345705,-0.1533109,-0.3210516,moving,84.04873,66.64615,16.83914,-2.557374,7.569065805086308,-1.152535996913021
05/04/2023 16:18:28.442376,693,True,True,True,True,Eyes,1.82285,0.127444,-3.493519,-0.9678273,-0.2318511,-0.09775158,0.0,0.0,0.0,0.0,0.0,0.0,0.0,3.909093,-0.1101234,0.5937467,1.776879,0.1459091,-3.530876,0.03739617,-0.8086398,0.06254265,0.5837737,8.32632,251.7054,0.7262462,0.4869608,0.03311823,-0.8727955,-0.2774225,-0.02070314,-0.2386468,-0.1940244,-0.2061912,-3.570968,0.5796007,-0.08293755,1.915,-0.3156196,0.01254145,0.9488029,-0.1335016,0.9893799,-0.05748713,-0.9394475,-0.1448108,-0.3105933,moving,84.23263,67.13905,16.83915,-2.479897,7.569307715850906,-1.1610191643637626
05/04/2023 16:18:28.452764,694,True,True,True,True,Eyes,1.820042,0.1282078,-3.495801,-0.9685689,-0.2301538,-0.09435821,0.0,0.0,0.0,0.0,0.0,0.0,0.0,3.905748,-0.1077092,0.6296821,1.768461,0.1476914,-3.537471,0.03612626,-0.8053167,0.05942305,0.5887519,7.946453,252.387,0.681776,0.4845168,0.03304009,-0.8741575,-0.2607771,-0.01946096,-0.224328,-0.2052313,-0.1896983,-3.55499,0.5796001,-0.08025219,1.915,-0.3041324,0.0117847,0.9525568,-0.128157,0.9903276,-0.05316996,-0.94397,-0.1382475,-0.2996804,moving,84.43579,67.7074,16.83913,-2.399698,7.5692712601576595,-1.1708386808675255
05/04/2023 16:18:28.462189,695,True,True,True,True,Eyes,1.817,0.1289773,-3.498234,-0.9693061,-0.2285014,-0.09073498,0.0,0.0,0.0,0.0,0.0,0.0,0.0,3.901846,-0.1049748,0.664062,1.75989,0.1495825,-3.54356,0.03548862,-0.8020297,0.05735392,0.5934641,7.707824,253.0428,0.6446358,0.4822349,0.03298836,-0.8754203,-0.2451305,-0.0182933,-0.2108683,-0.2155195,-0.1773122,-3.539074,0.5796008,-0.07721663,1.915,-0.293082,0.01114913,0.9560224,-0.1250008,0.9909022,-0.04987663,-0.9478807,-0.1341215,-0.2890219,moving,84.65223,68.34261,16.83916,-2.30903,7.568853771102917,-1.1818585054433934
05/04/2023 16:18:28.482417,696,True,True,True,True,Eyes,1.813722,0.12971,-3.500795,-0.9700483,-0.2268879,-0.08676498,0.0,0.0,0.0,0.0,0.0,0.0,0.0,3.896743,-0.1080406,0.7006054,1.751211,0.1499774,-3.549351,0.03450127,-0.7985309,0.05664732,0.5982885,7.570886,253.7323,0.7330476,0.4800934,0.03296056,-0.8765976,-0.2304227,-0.0171957,-0.1982162,-0.2251762,-0.169208,-3.521357,0.5795999,-0.07488845,1.915,-0.2817212,0.01268221,0.9594126,-0.1228835,0.9912015,-0.04918585,-0.9515949,-0.1317527,-0.277684,moving,84.88884,69.07248,16.83913,-2.239481,7.567945358348265,-1.194571901661217
05/04/2023 16:18:28.502587,697,True,True,True,True,Eyes,1.810218,0.1303892,-3.503455,-0.9707273,-0.2254967,-0.08270379,0.0,0.0,0.0,0.0,0.0,0.0,0.0,3.890912,-0.1107449,0.7387395,1.74236,0.1498355,-3.555127,0.0339645,-0.794825,0.05690308,0.6032097,7.552314,254.4472,0.8471816,0.4780721,0.03295336,-0.8777019,-0.2165973,-0.01616396,-0.1863232,-0.2341251,-0.1650105,-3.502543,0.5796005,-0.07228519,1.915,-0.2699691,0.01465731,0.9627575,-0.1226406,0.9912169,-0.04948053,-0.9550268,-0.1314314,-0.2658004,moving,85.13029,69.85884,16.83914,-2.161708,7.566488659602793,-1.2083265656516522
05/04/2023 16:18:28.512671,698,True,True,True,True,Eyes,1.806499,0.1310235,-3.506217,-0.9714023,-0.2241448,-0.07833771,0.0,0.0,0.0,0.0,0.0,0.0,0.0,3.884883,-0.1096467,0.7748575,1.733649,0.1494336,-3.56046,0.03389511,-0.7912378,0.0570648,0.6078959,7.557036,255.1291,0.9098179,0.4761541,0.03296337,-0.8787435,-0.2036015,-0.01519412,-0.1751438,-0.2424772,-0.1622509,-3.484438,0.5795997,-0.06957338,1.915,-0.2586273,0.01574074,0.9658488,-0.1230171,0.9911895,-0.04909426,-0.9581119,-0.131513,-0.2544122,moving,85.38942,70.73568,16.83912,-2.080683,7.564505976329884,-1.2237068165485572
05/04/2023 16:18:28.532648,699,True,True,True,True,Eyes,1.802569,0.1316238,-3.509059,-0.9720127,-0.2229937,-0.07392593,0.0,0.0,0.0,0.0,0.0,0.0,0.0,3.878399,-0.1047599,0.8117318,1.72478,0.1487981,-3.565789,0.03420524,-0.7875285,0.05699835,0.6126828,7.567237,255.8256,0.9230124,0.4743239,0.03298774,-0.8797319,-0.1913854,-0.01428248,-0.1646352,-0.2505732,-0.1604434,-3.465858,0.5796003,-0.0669027,1.914999,-0.2468998,0.01596862,0.9689095,-0.123719,0.9911624,-0.04786173,-0.9611109,-0.1316896,-0.2427421,moving,85.65077,71.65883,16.83914,-2.00088,7.562011807264742,-1.2399481207902243
05/04/2023 16:18:28.552772,700,True,True,True,True,Eyes,1.798438,0.1322113,-3.511973,-0.9726158,-0.221863,-0.06924786,0.0,0.0,0.0,0.0,0.0,0.0,0.0,3.871661,-0.09662567,0.8478246,1.715953,0.1486016,-3.5709,0.03501577,-0.7838351,0.05688937,0.6173655,7.609386,256.5085,0.8873335,0.4725676,0.0330242,-0.8806752,-0.1799023,-0.01342553,-0.1547571,-0.2581257,-0.1597498,-3.447525,0.5796,-0.06423948,1.915,-0.2352677,0.01534991,0.9718096,-0.1251362,0.991075,-0.04594871,-0.9638414,-0.1324188,-0.231247,moving,85.92755,72.66582,16.83913,-1.92129,7.558996461185425,-1.2576997659712323
05/04/2023 16:18:28.562261,701,True,True,True,True,Eyes,1.794107,0.1327899,-3.514963,-0.9732486,-0.2206015,-0.0642041,0.0,0.0,0.0,0.0,0.0,0.0,0.0,3.864589,-0.09237128,0.8817568,1.707079,0.1488151,-3.575585,0.03510674,-0.7803361,0.05626119,0.6218345,7.554339,257.1592,0.8774089,0.4708731,0.03307125,-0.8815806,-0.1691081,-0.01262,-0.1454717,-0.2661024,-0.1549715,-3.429997,0.5796003,-0.06136654,1.915,-0.2241791,0.01518017,0.9744298,-0.1247604,0.9912044,-0.0441441,-0.9665293,-0.1314664,-0.2203134,moving,86.22573,73.77283,16.83914,-1.835426,7.55546551188487,-1.2772405053627227
05/04/2023 16:18:28.582208,702,True,True,True,True,Eyes,1.789581,0.1333752,-3.518011,-0.9738679,-0.2193383,-0.05892428,0.0,0.0,0.0,0.0,0.0,0.0,0.0,3.857082,-0.08935359,0.9148836,1.698008,0.1492409,-3.580023,0.03492386,-0.7768813,0.05533662,0.6262378,7.453485,257.8006,0.8693577,0.4692296,0.03312761,-0.8824544,-0.1589616,-0.0118628,-0.1367434,-0.274239,-0.1487992,-3.41258,0.5796,-0.05884751,1.915,-0.2132135,0.01504437,0.9768899,-0.1235711,0.9914364,-0.04223871,-0.9691596,-0.1297212,-0.2095286,moving,86.53751,74.96278,16.83913,-1.760132,7.551359934134172,-1.2982824491534393
05/04/2023 16:18:28.602437,703,True,True,True,True,Eyes,1.784892,0.1339659,-3.521105,-0.9745805,-0.2175794,-0.05340479,0.0,0.0,0.0,0.0,0.0,0.0,0.0,3.849327,-0.08920099,0.9478154,1.6888,0.1499734,-3.584563,0.03459157,-0.7734076,0.05482914,0.6305854,7.379249,258.4413,0.9037508,0.4676278,0.03319253,-0.8833017,-0.1494239,-0.01115103,-0.1285388,-0.2822056,-0.1426245,-3.395242,0.5795997,-0.05618058,1.915,-0.2023309,0.01564214,0.9791923,-0.1226557,0.9915943,-0.04118467,-0.9716057,-0.1284364,-0.1987116,moving,86.86346,76.2094,16.83912,-1.680411,7.547034773940128,-1.3203293747418465
05/04/2023 16:18:28.622502,704,True,True,True,True,Eyes,1.780029,0.134542,-3.524209,-0.9752318,-0.2159754,-0.04772475,0.0,0.0,0.0,0.0,0.0,0.0,0.0,3.841714,-0.0907138,0.9774885,1.680109,0.1507281,-3.588453,0.03412808,-0.7702323,0.05447194,0.6345159,7.309075,259.0243,0.9562613,0.4660597,0.03326535,-0.8841274,-0.1404585,-0.01048197,-0.1208264,-0.2896218,-0.1363392,-3.379236,0.5795996,-0.05347409,1.915,-0.19245,0.01655353,0.9811672,-0.1216997,0.9917362,-0.04060248,-0.9737312,-0.1272217,-0.188845,moving,87.19836,77.53941,16.83912,-1.599501,7.541964283103009,-1.3439057343582599
05/04/2023 16:18:28.632602,705,True,True,True,True,Eyes,1.775,0.1351245,-3.527297,-0.9758723,-0.2142709,-0.04196759,0.0,0.0,0.0,0.0,0.0,0.0,0.0,3.834693,-0.08821605,1.00328,1.671247,0.1509185,-3.592127,0.03486566,-0.7672648,0.0555687,0.6379666,7.455612,259.5513,1.005472,0.4645182,0.03334493,-0.8849353,-0.132031,-0.009853047,-0.1135768,-0.2961491,-0.1378627,-3.364751,0.5796003,-0.05081674,1.915,-0.1835663,0.01739955,0.9828535,-0.1244043,0.991393,-0.04078556,-0.9751037,-0.1297581,-0.1798218,moving,87.5375,78.91821,16.83914,-1.520053,7.536422360595497,-1.3683811753872575
05/04/2023 16:18:28.652353,706,True,True,True,True,Eyes,1.769825,0.135707,-3.530382,-0.9764201,-0.2128504,-0.03603487,0.0,0.0,0.0,0.0,0.0,0.0,0.0,3.826807,-0.07787631,1.031905,1.66244,0.1516551,-3.595641,0.03694915,-0.7639709,0.05712685,0.6416542,7.741483,260.1193,0.9746622,0.4629979,0.03343083,-0.8857285,-0.1241091,-0.009261864,-0.1067622,-0.3014854,-0.1440768,-3.348649,0.5796002,-0.04798794,1.915,-0.1738296,0.01685522,0.9846315,-0.1297675,0.9907426,-0.03986934,-0.9761884,-0.1347036,-0.1700331,moving,87.88646,80.39112,16.83913,-1.435473,7.53002934042771,-1.3945838559695192
05/04/2023 16:18:28.672144,707,True,True,True,True,Eyes,1.764517,0.1362684,-3.533462,-0.9769253,-0.2114549,-0.03006303,0.0,0.0,0.0,0.0,0.0,0.0,0.0,3.817987,-0.06706832,1.061841,1.653787,0.1523582,-3.598723,0.03893648,-0.7605599,0.05841168,0.6454618,7.996646,260.7057,0.9360723,0.461493,0.03352249,-0.88651,-0.1166626,-0.008706152,-0.1003565,-0.3064831,-0.1495989,-3.331545,0.5795997,-0.04537556,1.915,-0.1637263,0.01617796,0.9863731,-0.134632,0.9901441,-0.03858713,-0.9772758,-0.1391151,-0.1599346,moving,88.23738,81.90836,16.83912,-1.357358,7.523140846611796,-1.421611477167421
05/04/2023 16:18:28.682223,708,True,True,True,True,Eyes,1.759077,0.1368271,-3.536535,-0.977331,-0.2103569,-0.02396393,0.0,0.0,0.0,0.0,0.0,0.0,0.0,3.809783,-0.05005872,1.088939,1.645333,0.1523626,-3.601722,0.0419959,-0.7572899,0.06033897,0.648928,8.388985,261.2495,0.8516864,0.4599995,0.03361885,-0.8872822,-0.1096628,-0.008183783,-0.09433511,-0.3104558,-0.1608641,-3.315758,0.5795996,-0.04282796,1.915,-0.1542577,0.01470515,0.9879212,-0.1419174,0.9891911,-0.03688356,-0.9777852,-0.1458928,-0.1505034,moving,88.59541,83.50087,16.83912,-1.281176,7.5155452384583485,-1.4500237235157445
05/04/2023 16:18:28.702200,709,True,True,True,True,Eyes,1.753506,0.137378,-3.539569,-0.9777163,-0.2091592,-0.01798317,0.0,0.0,0.0,0.0,0.0,0.0,0.0,3.801627,-0.0307956,1.1149,1.636789,0.152896,-3.6047,0.04506598,-0.7540857,0.06145608,0.6523395,8.712876,261.7784,0.7079551,0.4585141,0.03371939,-0.8880469,-0.1030831,-0.007692756,-0.088675,-0.3146669,-0.1697525,-3.300587,0.5795993,-0.04010329,1.914999,-0.1448443,0.01221324,0.9893789,-0.1481477,0.9883844,-0.03388968,-0.9783007,-0.151483,-0.1413525,moving,88.94627,85.08588,16.83912,-1.199694,7.507790853517328,-1.4783254773526107
05/04/2023 16:18:28.712602,710,True,True,True,True,Eyes,1.747807,0.1379206,-3.542571,-0.978026,-0.2081451,-0.01186736,0.0,0.0,0.0,0.0,0.0,0.0,0.0,3.7927,-0.01194661,1.140699,1.628188,0.1532106,-3.607137,0.04773634,-0.7508949,0.06191074,0.6557785,8.950771,262.3065,0.5515803,0.4570329,0.0338236,-0.8888061,-0.09689808,-0.007231191,-0.0833545,-0.3192069,-0.1760906,-3.28501,0.5796001,-0.03732219,1.915,-0.1353521,0.009509499,0.990752,-0.1528894,0.9877766,-0.030368,-0.9789304,-0.1555858,-0.1322438,moving,89.30481,86.73682,16.83913,-1.116519,7.499468618933748,-1.5078338681574621
05/04/2023 16:18:28.732421,711,True,True,True,True,Eyes,1.741989,0.1384595,-3.545542,-0.9783684,-0.2067897,-0.005768252,0.0,0.0,0.0,0.0,0.0,0.0,0.0,3.783156,0.006639533,1.167092,1.619439,0.1536301,-3.609464,0.05011028,-0.747639,0.0617849,0.6593236,9.117717,262.8468,0.3797263,0.4555535,0.03393097,-0.8895612,-0.0910842,-0.006797319,-0.07835323,-0.3239857,-0.1803713,-3.268998,0.5796002,-0.03477687,1.915001,-0.1255628,0.006543691,0.9920641,-0.1564013,0.9873432,-0.02630781,-0.9796799,-0.1584634,-0.1229501,moving,89.6622,88.40219,16.83913,-1.04039,7.490921668567288,-1.5376183902918252
05/04/2023 16:18:28.752411,712,True,True,True,True,Eyes,1.736041,0.1389838,-3.548473,-0.9786693,-0.2054409,0.0004590988,0.0,0.0,0.0,0.0,0.0,0.0,0.0,3.773496,0.0204617,1.193653,1.610857,0.1540421,-3.611912,0.05126686,-0.7444661,0.06042644,0.662941,9.087618,263.3871,0.2196476,0.4540739,0.03404111,-0.8903132,-0.08561914,-0.00638948,-0.07365204,-0.3295839,-0.1780147,-3.253271,0.5795996,-0.03219109,1.915,-0.115762,0.003785454,0.9932698,-0.1564512,0.9874408,-0.02199706,-0.9808783,-0.1579447,-0.1137159,moving,-89.97312,-89.87196,16.83912,-0.9630495,3.3902440225356205,1.049637124870431
05/04/2023 16:18:28.762144,713,True,True,True,True,Eyes,1.729966,0.1394944,-3.551332,-0.9790266,-0.2036055,0.007189703,0.0,0.0,0.0,0.0,0.0,0.0,0.0,3.762764,0.03028911,1.220819,1.60169,0.1542049,-3.613933,0.05194604,-0.7411985,0.05930158,0.6666408,9.042505,263.9465,0.1195767,0.4525912,0.03415348,-0.8910636,-0.080482,-0.006006111,-0.06923291,-0.3357138,-0.1744483,-3.236483,0.5795996,-0.02923605,1.915,-0.1057836,0.002061068,0.9943871,-0.1560704,0.9875698,-0.01864979,-0.9820651,-0.1571672,-0.104147,moving,-89.57925,-87.97762,16.83912,-0.8746591,3.380072925587463,1.0157037435588259
05/04/2023 16:18:28.782452,714,True,True,True,True,Eyes,1.723764,0.1399837,-3.55415,-0.9793444,-0.2017158,0.01397796,0.0,0.0,0.0,0.0,0.0,0.0,0.0,3.752645,0.03443866,1.245495,1.592643,0.1542957,-3.615864,0.05161101,-0.7382283,0.05760567,0.6701022,8.871654,264.4656,0.05810286,0.4511037,0.03426762,-0.8918131,0.0,0.0,0.0,-0.3425042,-0.1669377,-3.221029,0.5795996,-0.02680042,1.915,-0.09659903,0.001001957,0.9953229,-0.1534048,0.9880358,-0.01588298,-0.9834306,-0.1542216,-0.09528958,moving,-89.18229,-86.03601,16.83912,-0.8018019,3.369408971908044,0.980894962794237
05/04/2023 16:18:28.802667,715,True,True,True,True,Eyes,1.717431,0.1404515,-3.556908,-0.979678,-0.1994655,0.02108598,0.0,0.0,0.0,0.0,0.0,0.0,0.0,3.743629,0.03632717,1.267002,1.583653,0.1542269,-3.617958,0.05066665,-0.7355793,0.05518942,0.6732833,8.593223,264.9354,359.9871,0.4496104,0.03438284,-0.8925624,0.0,0.0,0.0,-0.350012,-0.1558983,-3.207463,0.5796002,-0.02413093,1.915001,-0.08824552,-0.0002224538,0.9960989,-0.1488549,0.988774,-0.01296637,-0.9849139,-0.1494184,-0.0872879,moving,-88.76699,-83.96554,16.83913,-0.7219461,3.3577532760493254,0.9437419697210462
05/04/2023 16:18:28.812579,716,True,True,True,True,Eyes,1.71098,0.1408841,-3.559633,-0.9799544,-0.1972208,0.02816601,0.0,0.0,0.0,0.0,0.0,0.0,0.0,3.73503,0.04345106,1.285413,1.574254,0.1540781,-3.619752,0.05060242,-0.7330816,0.05305896,0.6761773,8.40825,265.3651,359.8589,0.4481087,0.03449864,-0.8933128,0.0,0.0,0.0,-0.3574723,-0.148525,-3.194914,0.5796002,-0.02139889,1.915001,-0.08044771,-0.00243689,0.996756,-0.1459459,0.9892483,-0.00936067,-0.9860163,-0.1462255,-0.07993834,moving,-88.35365,-81.87229,16.83913,-0.6402164,3.3457377033463174,0.9061524458006563
05/04/2023 16:18:28.832483,717,True,True,True,True,Eyes,1.704405,0.1412501,-3.562298,-0.980223,-0.1947131,0.03535032,0.0,0.0,0.0,0.0,0.0,0.0,0.0,3.726994,0.0506738,1.302423,1.564962,0.1536632,-3.62169,0.0506922,-0.7306843,0.05128996,0.6788964,8.266812,265.7733,359.743,0.4465979,0.03461408,-0.8940646,0.0,0.0,0.0,-0.364638,-0.1427934,-3.183206,0.5796007,-0.01873424,1.915,-0.07306017,-0.004438844,0.9973177,-0.1437211,0.9895993,-0.006124034,-0.9869177,-0.143783,-0.07293821,moving,-87.93461,-79.70998,16.83915,-0.5605008,3.333044143693503,0.8672890314821095
05/04/2023 16:18:28.852798,718,True,True,True,True,Eyes,1.697727,0.1415433,-3.564946,-0.9804171,-0.1923077,0.04242764,0.0,0.0,0.0,0.0,0.0,0.0,0.0,3.72172,0.0578646,1.310313,1.555493,0.152299,-3.623357,0.05076044,-0.7290856,0.04956517,0.6807358,8.127903,266.0447,359.6217,0.4450766,0.03472763,-0.8948185,0.0,0.0,0.0,-0.3729141,-0.1381885,-3.175826,0.5796001,-0.01611238,1.915,-0.06804487,-0.006535839,0.997661,-0.1414989,0.9899333,-0.003165609,-0.9875972,-0.1413834,-0.06828473,moving,-87.52206,-77.55851,16.83913,-0.4820624,3.320258501387705,0.8286017831287625
05/04/2023 16:18:28.872197,719,True,True,True,True,Eyes,1.690928,0.1417533,-3.567546,-0.9805593,-0.1898862,0.04946365,0.0,0.0,0.0,0.0,0.0,0.0,0.0,3.716351,0.06735616,1.320328,1.546301,0.151131,-3.625628,0.05140006,-0.727258,0.04841197,0.6827225,8.082565,266.3463,359.4989,0.4435432,0.03483772,-0.8955753,0.0,0.0,0.0,-0.3801683,-0.1363295,-3.168002,0.5795997,-0.01332605,1.915,-0.06249593,-0.00865833,0.9980076,-0.1408661,0.9900286,-0.0002320299,-0.9880541,-0.1405999,-0.06309243,moving,-87.1122,-75.39944,16.83912,-0.3987018,3.3072805609238776,0.7897602396463047
05/04/2023 16:18:28.882218,720,True,True,True,True,Eyes,1.684027,0.1418973,-3.5701,-0.9806203,-0.187637,0.05635677,0.0,0.0,0.0,0.0,0.0,0.0,0.0,3.7125,0.08037511,1.32225,1.53668,0.1489727,-3.626828,0.0528123,-0.7260565,0.04803562,0.6839193,8.163123,266.5311,359.3642,0.4419973,0.03494262,-0.8963351,0.0,0.0,0.0,-0.3880671,-0.139961,-3.162994,0.5795999,-0.01076246,1.915,-0.05893075,-0.01098447,0.9982017,-0.1423944,0.9898069,0.00248556,-0.9880542,-0.1419918,-0.05989425,moving,-86.7108,-73.28236,16.83913,-0.3220036,3.294537671000528,0.7516720148252379
05/04/2023 16:18:28.902369,721,True,True,True,True,Eyes,1.677006,0.1419747,-3.572539,-0.9806318,-0.1854011,0.06314831,0.0,0.0,0.0,0.0,0.0,0.0,0.0,3.708662,0.09072391,1.325417,1.527309,0.1475428,-3.628318,0.05408829,-0.7247722,0.04798975,0.6851838,8.261086,266.7305,359.2682,0.4404382,0.03504126,-0.8970984,0.0,0.0,0.0,-0.3955646,-0.1429141,-3.157768,0.5795999,-0.008060172,1.915,-0.05519536,-0.01263977,0.9983956,-0.1441669,0.9895429,0.004557566,-0.9880128,-0.1436841,-0.05644038,moving,-86.3155,-71.19096,16.83913,-0.2411547,3.281905677559698,0.7140405627176373
05/04/2023 16:18:28.922360,722,True,True,True,True,Eyes,1.669871,0.1420106,-3.574904,-0.9805762,-0.1833066,0.06977971,0.0,0.0,0.0,0.0,0.0,0.0,0.0,3.704241,0.09775457,1.328228,1.517593,0.14598,-3.629152,0.05488307,-0.7235264,0.04791201,0.6864417,8.318705,266.9293,359.2101,0.4388659,0.03513271,-0.8978651,0.0,0.0,0.0,-0.4036529,-0.1442713,-3.151914,0.5795996,-0.005340945,1.915,-0.05157162,-0.01364109,0.9985762,-0.1451962,0.9893846,0.006016855,-0.988058,-0.1446792,-0.05300489,moving,-85.92959,-69.15957,16.83912,-0.1597978,3.269705415222365,0.6774971983090451
05/04/2023 16:18:28.936678,723,True,True,True,True,Eyes,1.662614,0.1420058,-3.577189,-0.9804772,-0.1811773,0.0764146,0.0,0.0,0.0,0.0,0.0,0.0,0.0,3.700952,0.1032224,1.327661,1.507799,0.1448965,-3.629866,0.05568705,-0.7225873,0.04811581,0.6873511,8.400338,267.0758,359.1699,0.4372797,0.03521673,-0.8986354,0.0,0.0,0.0,-0.4121262,-0.1458878,-3.147683,0.5795997,-0.002746598,1.915,-0.04889502,-0.01433261,0.998701,-0.1466224,0.9891676,0.007017364,-0.9879834,-0.1460889,-0.05046691,moving,-85.5436,-67.13159,16.83912,-0.08217668,3.257551453176476,0.6410182720593057
05/04/2023 16:18:28.952472,724,True,True,True,True,Eyes,1.655244,0.14195,-3.579388,-0.9803298,-0.1790976,0.0829304,0.0,0.0,0.0,0.0,0.0,0.0,0.0,3.695626,0.1071867,1.330394,1.497458,0.1440145,-3.629872,0.05606749,-0.721334,0.04782092,0.6886559,8.407476,267.2807,359.1299,0.435679,0.03529315,-0.8994095,0.0,0.0,0.0,-0.421028,-0.1447576,-3.140807,0.5795996,-6.959168e-05,1.915,-0.04521917,-0.01502245,0.9988642,-0.1467511,0.9891392,0.008232694,-0.9881394,-0.1462121,-0.04693259,moving,-85.16461,-65.15371,16.83912,-0.002082146,3.245787703676331,0.6054513163722178
05/04/2023 16:18:28.962277,725,True,True,True,True,Eyes,1.647757,0.1418385,-3.581513,-0.9801846,-0.1767915,0.0893472,0.0,0.0,0.0,0.0,0.0,0.0,0.0,3.690293,0.1113595,1.333755,1.487372,0.1431765,-3.629986,0.05628554,-0.7200599,0.04709741,0.6900201,8.366361,267.4911,359.0698,0.4340635,0.03536152,-0.9001876,0.0,0.0,0.0,-0.4298311,-0.1420766,-3.133866,0.5796003,0.002722285,1.915,-0.04140866,-0.01606159,0.9990132,-0.1460542,0.9892275,0.009850383,-0.9884096,-0.1455022,-0.04330851,moving,-84.79169,-63.1888,16.83914,0.08144926,3.2339739196574944,0.5701023501753718
05/04/2023 16:18:28.982467,726,True,True,True,True,Eyes,1.64016,0.1417202,-3.583533,-0.9800124,-0.1744745,0.09557398,0.0,0.0,0.0,0.0,0.0,0.0,0.0,3.68654,0.1117289,1.333096,1.477144,0.1416673,-3.630177,0.05566681,-0.7192163,0.04579689,0.6910368,8.21056,267.6408,359.0287,0.4324328,0.03542136,-0.9009699,0.0,0.0,0.0,-0.4398223,-0.1363744,-3.129056,0.5795994,0.005220972,1.915,-0.03873873,-0.01677829,0.9991084,-0.1433676,0.9896077,0.01105989,-0.988911,-0.1428114,-0.04074169,moving,-84.42995,-61.28687,16.83912,0.1562083,3.2225662175593395,0.5358896882281424
05/04/2023 16:18:29.002360,727,True,True,True,True,Eyes,1.632434,0.1415884,-3.585448,-0.9798378,-0.1719633,0.1017182,0.0,0.0,0.0,0.0,0.0,0.0,0.0,3.683381,0.1152314,1.32911,1.467065,0.1406913,-3.629742,0.05528104,-0.7186925,0.04381067,0.6917412,8.016203,267.7342,358.9093,0.4307866,0.03547344,-0.9017561,0.0,0.0,0.0,-0.4502225,-0.1294461,-3.125504,0.5795999,0.00791884,1.914999,-0.03687673,-0.01884886,0.9991421,-0.1400714,0.9900492,0.01350753,-0.9894545,-0.1394531,-0.03914988,moving,-84.07329,-59.39522,16.83913,0.2369262,3.2111093174944143,0.5018486609473586
05/04/2023 16:18:29.022344,728,True,True,True,True,Eyes,1.624591,0.1414196,-3.58726,-0.979658,-0.1693279,0.1076947,0.0,0.0,0.0,0.0,0.0,0.0,0.0,3.680504,0.1206098,1.323738,1.456242,0.1402853,-3.629411,0.05471312,-0.7182587,0.04062037,0.6924312,7.707852,267.8152,358.7081,0.4291245,0.03551831,-0.9025465,0.0,0.0,0.0,-0.4618424,-0.1190203,-3.122473,0.5796001,0.0105862,1.915,-0.03509134,-0.02234272,0.9991344,-0.13485,0.9907129,0.01741826,-0.9902446,-0.134122,-0.0377784,moving,-83.72661,-57.54312,16.83913,0.3167301,3.1998024443458264,0.468508624712654
05/04/2023 16:18:29.032547,729,True,True,True,True,Eyes,1.425543,0.1357513,-3.63002,-0.9624195,-0.09571252,0.2541413,0.0,0.0,0.0,0.0,0.0,0.0,0.0,3.677024,0.1227597,1.319377,1.445428,0.1392123,-3.628731,0.05329374,-0.7177901,0.03678683,0.6932418,7.279015,267.9129,358.5267,0.4274467,0.03555588,-0.9033408,0.0,0.0,0.0,-0.4737832,-0.1050591,-3.11854,0.5795997,0.01325448,1.915,-0.0331514,-0.02550309,0.999125,-0.1275118,0.991613,0.02108045,-0.9912829,-0.1267013,-0.03612539,moving,-75.20784,-20.63695,16.83912,0.3965606,3.0316328246345434,-0.1889990418381326
05/04/2023 16:18:29.052661,730,True,True,True,True,Eyes,1.4251,0.1356895,-3.629991,-0.9624193,-0.09553336,0.2542094,0.0,0.0,0.0,0.0,0.0,0.0,0.0,3.673337,0.118688,1.316004,1.434641,0.1375002,-3.627983,0.05146152,-0.7172367,0.03422042,0.6940839,6.922431,268.0284,358.4809,0.4201953,0.03546117,-0.9067402,-0.5971434,-0.01700494,-0.1282804,-0.4853078,-0.09259584,-3.11391,0.5796005,0.01608625,1.915,-0.03119894,-0.02631652,0.9991668,-0.1213238,0.9923614,0.02234895,-0.9921227,-0.1205255,-0.03415347,moving,-75.20405,-20.59651,16.83914,0.4812808,3.031251853366488,-0.18974308102179643
05/04/2023 16:18:29.072510,731,True,True,True,True,Eyes,1.424244,0.135583,-3.629908,-0.9623749,-0.09525515,0.2544821,0.0,0.0,0.0,0.0,0.0,0.0,0.0,3.669866,0.1122996,1.312299,1.423623,0.1359685,-3.627321,0.04978549,-0.7166684,0.03268046,0.694867,6.663076,268.1431,358.5034,0.4140722,0.03538246,-0.9095557,-0.5613148,-0.01598464,-0.1205836,-0.4966814,-0.08240189,-3.109375,0.5796003,0.01899931,1.915001,-0.02936306,-0.02594224,0.9992323,-0.1167765,0.9929067,0.02234648,-0.9927242,-0.1160307,-0.03218416,moving,-75.18822,-20.52137,16.83914,0.5684304,3.0308557528861018,-0.19108818671321093
05/04/2023 16:18:29.082225,732,True,True,True,True,Eyes,1.422982,0.1354518,-3.629778,-0.9623214,-0.09497633,0.2547884,0.0,0.0,0.0,0.0,0.0,0.0,0.0,3.667043,0.1045945,1.305168,1.412809,0.1347084,-3.625939,0.04866188,-0.7163978,0.03264392,0.6952271,6.570991,268.201,358.5965,0.4088787,0.03531593,-0.9119047,-0.5276359,-0.01502556,-0.1133486,-0.5076852,-0.07744195,-3.106027,0.5796006,0.02124017,1.915,-0.02858263,-0.02433264,0.9992952,-0.1151124,0.9931328,0.02089006,-0.9929412,-0.1144342,-0.0311873,moving,-75.17039,-20.44372,16.83914,0.6354685,3.03049861462829,-0.19247196942091993
05/04/2023 16:18:29.102595,733,True,True,True,True,Eyes,1.421323,0.1353477,-3.629558,-0.9622051,-0.09481138,0.2552881,0.0,0.0,0.0,0.0,0.0,0.0,0.0,3.663967,0.1020068,1.299006,1.401874,0.1337298,-3.624823,0.04822547,-0.7159751,0.03247077,0.6957008,6.522741,268.2759,358.6229,0.4044492,0.03525876,-0.9138802,-0.4959778,-0.01412403,-0.1065477,-0.5184706,-0.0737353,-3.102352,0.5796003,0.02407581,1.915,-0.02734946,-0.02387659,0.9993407,-0.1142364,0.9932399,0.02060446,-0.993077,-0.1135975,-0.02989218,moving,-75.14087,-20.37448,16.83914,0.7202974,3.0306633888053223,-0.1936479650233328
05/04/2023 16:18:29.122072,734,True,True,True,True,Eyes,1.419304,0.135315,-3.629294,-0.9620885,-0.0945463,0.2558255,0.0,0.0,0.0,0.0,0.0,0.0,0.0,3.6587,0.1038893,1.295867,1.390618,0.1345533,-3.622738,0.04902015,-0.7151644,0.03308851,0.6964498,6.638671,268.4005,358.614,0.4004788,0.03520606,-0.915629,-0.4662191,-0.01327659,-0.1001548,-0.5284474,-0.07432513,-3.096025,0.5796002,0.02662172,1.915,-0.02510983,-0.02402596,0.9993959,-0.1162039,0.9930043,0.02095268,-0.9929079,-0.1156076,-0.02772605,moving,-75.10925,-20.28297,16.83914,0.7964564,3.0306188217999885,-0.19523364259160497
05/04/2023 16:18:29.132559,735,True,True,True,True,Eyes,1.416915,0.1352866,-3.628947,-0.9619446,-0.09430272,0.256456,0.0,0.0,0.0,0.0,0.0,0.0,0.0,3.655228,0.101298,1.290962,1.379995,0.1362033,-3.621409,0.04832557,-0.7147007,0.03157665,0.6970441,6.459785,268.4854,358.5551,0.3968572,0.03515815,-0.9172063,-0.438246,-0.01247999,-0.09414551,-0.5391842,-0.06451549,-3.091795,0.5795993,0.02944851,1.915,-0.02358831,-0.02505599,0.9994078,-0.1130973,0.9933351,0.0222344,-0.9933039,-0.1125058,-0.02626493,moving,-75.07206,-20.18923,16.83911,0.8810143,3.0307434376245577,-0.1968375550113342
05/04/2023 16:18:29.152372,736,True,True,True,True,Eyes,1.414172,0.1352187,-3.628555,-0.9617928,-0.09405127,0.2571168,0.0,0.0,0.0,0.0,0.0,0.0,0.0,3.651568,0.1011895,1.284469,1.368745,0.1362602,-3.619671,0.04771141,-0.7143038,0.0299396,0.6975653,6.277017,268.5581,358.4786,0.393543,0.03511497,-0.9186348,-0.4119512,-0.01173119,-0.08849677,-0.5505915,-0.05657258,-3.087554,0.5795998,0.03204454,1.915,-0.02225271,-0.02639125,0.999404,-0.1099305,0.9936545,0.02379172,-0.9936901,-0.1093356,-0.02501272,moving,-75.03307,-20.09212,16.83913,0.9586664,3.0308889591991512,-0.19849716029207348
05/04/2023 16:18:29.168048,737,True,True,True,True,Eyes,1.411116,0.1352399,-3.628085,-0.9615728,-0.09394419,0.2579771,0.0,0.0,0.0,0.0,0.0,0.0,0.0,3.647858,0.1061101,1.278345,1.357486,0.135232,-3.618181,0.04797291,-0.7137948,0.02899867,0.698108,6.221865,268.6392,358.3862,0.3904988,0.03507524,-0.9199345,-0.3872342,-0.01102732,-0.08318697,-0.5614515,-0.05422229,-3.08326,0.5796,0.03453524,1.915,-0.02068792,-0.02799722,0.9993939,-0.108974,0.9937153,0.02558234,-0.9938294,-0.1083787,-0.02360886,moving,-74.98196,-20.00946,16.83913,1.033164,3.0316486310142836,-0.19983361587506665
05/04/2023 16:18:29.182523,738,True,True,True,True,Eyes,1.407757,0.1353952,-3.627566,-0.9613426,-0.09383607,0.2588728,0.0,0.0,0.0,0.0,0.0,0.0,0.0,3.643873,0.1128335,1.272833,1.346937,0.1374227,-3.616286,0.0494328,-0.7132424,0.02910934,0.698566,6.349222,268.7133,358.2792,0.3876921,0.03504115,-0.9211222,-0.3640001,-0.01036568,-0.07819575,-0.5710539,-0.05473588,-3.078763,0.5796,0.03716081,1.915001,-0.01912379,-0.02984553,0.9993715,-0.1111847,0.9934181,0.02754012,-0.9936157,-0.1105882,-0.02231631,moving,-74.92875,-19.92454,16.83913,1.111692,3.0324539990982986,-0.2012036240248517
05/04/2023 16:18:29.202190,739,True,True,True,True,Eyes,1.40408,0.1356906,-3.626929,-0.9610673,-0.09370237,0.2599412,2.052406,-0.5684201,-0.05662473,-3.093424,0.1753749,-0.125739,-0.9764391,0.5597214,0.02972043,1.903755,1.336277,0.1407905,-3.614586,0.0495979,-0.7126003,0.02866133,0.6992278,6.327342,268.8171,358.2354,0.3850929,0.03501575,-0.9222128,-0.3421601,-0.00974374,-0.07350401,-0.5810691,-0.04831668,-3.073496,0.5796001,0.03994326,1.915,-0.0172411,-0.03060535,0.9993828,-0.1107685,0.9934372,0.02851231,-0.9936966,-0.1102086,-0.02051811,moving,-74.86526,-19.82298,16.83914,1.194908,3.0334119826807457,-0.2028427067695926
05/04/2023 16:18:29.212548,740,True,True,True,True,Eyes,1.400109,0.136097,-3.626243,-0.9607924,-0.09344617,0.2610472,0.0,0.0,0.0,0.0,0.0,0.0,0.0,3.635293,0.09947041,1.265192,1.324986,0.1444543,-3.61241,0.04866621,-0.7120128,0.02885134,0.6998835,6.269572,268.9243,358.333,0.382675,0.03500202,-0.9232192,-0.3216305,-0.009159115,-0.06909377,-0.5919325,-0.03911014,-3.067708,0.5795998,0.04259856,1.914999,-0.01558945,-0.02891677,0.9994602,-0.1096871,0.9935984,0.02703629,-0.9938439,-0.1092064,-0.01866149,moving,-74.79969,-19.69567,16.83913,1.274317,3.0341155612072095,-0.20495697032505594
05/04/2023 16:18:29.232340,741,True,True,True,True,Eyes,1.395863,0.1365947,-3.625515,-0.9604757,-0.09300623,0.2623667,0.0,0.0,0.0,0.0,0.0,0.0,0.0,3.631008,0.08404294,1.262273,1.313947,0.1474992,-3.610597,0.0469377,-0.7113848,0.02869678,0.7006462,6.119493,269.0467,358.4688,0.3804144,0.03500182,-0.924153,-0.3023327,-0.008609568,-0.06494814,-0.6027083,-0.02705158,-3.061807,0.5795996,0.04526599,1.914999,-0.01378355,-0.02656895,0.999552,-0.1069941,0.9939467,0.02494454,-0.9941641,-0.1066023,-0.01654291,moving,-74.72163,-19.51888,16.83913,1.354083,3.034631596555213,-0.20794820778640616
05/04/2023 16:18:29.252672,742,True,True,True,True,Eyes,1.391337,0.1371823,-3.624723,-0.9601482,-0.09247011,0.2637512,0.0,0.0,0.0,0.0,0.0,0.0,0.0,3.626104,0.06713588,1.260899,1.303082,0.1503903,-3.608651,0.04447598,-0.7106555,0.0275345,0.7015928,5.828039,269.1926,358.5843,0.3782898,0.03501629,-0.9250242,-0.2841927,-0.008092994,-0.06105125,-0.6134281,-0.01059391,-3.054995,0.5795998,0.04797896,1.915,-0.01157902,-0.02457819,0.999631,-0.1018502,0.9945275,0.02327297,-0.9947324,-0.1015431,-0.01401896,moving,-74.63982,-19.32046,16.83913,1.435205,3.0350049844180913,-0.2113300815907132
05/04/2023 16:18:29.262448,743,True,True,True,True,Eyes,1.386564,0.1377892,-3.623884,-0.9597368,-0.09203694,0.265395,0.0,0.0,0.0,0.0,0.0,0.0,0.0,3.619711,0.05782773,1.261889,1.29187,0.1528352,-3.606346,0.04308046,-0.709581,0.02649258,0.7028066,5.632749,269.3827,358.6239,0.3762817,0.03504648,-0.9258417,-0.2671411,-0.007607414,-0.05738818,-0.6236376,0.001459394,-3.046301,0.5796002,0.05069644,1.915,-0.008414195,-0.02389983,0.999679,-0.09837647,0.9948844,0.02295719,-0.9951138,-0.09815173,-0.01072235,moving,-74.54234,-19.12615,16.83913,1.516456,3.0359866763865564,-0.21456807346722195
05/04/2023 16:18:29.282450,744,True,True,True,True,Eyes,1.381559,0.1383609,-3.62303,-0.9592717,-0.09172323,0.2671792,0.0,0.0,0.0,0.0,0.0,0.0,0.0,3.612484,0.06245375,1.266648,1.281128,0.1538937,-3.60463,0.04328485,-0.708069,0.02507731,0.7043692,5.537081,269.6275,358.5049,0.3743734,0.03509146,-0.9266133,-0.2511127,-0.007150969,-0.05394489,-0.6323553,0.007108235,-3.036264,0.5795999,0.0533118,1.915,-0.00398112,-0.02596996,0.9996549,-0.09662468,0.9949951,0.0254641,-0.9953129,-0.09648996,-0.006470606,moving,-74.43626,-18.94746,16.83912,1.594649,3.0374725527986377,-0.2174758894664423
05/04/2023 16:18:29.302425,745,True,True,True,True,Eyes,1.376339,0.1389092,-3.62211,-0.9587639,-0.09161322,0.2690333,0.0,0.0,0.0,0.0,0.0,0.0,0.0,3.604628,0.07168086,1.273905,1.270386,0.1538708,-3.603297,0.04440536,-0.7062445,0.02454809,0.7061477,5.588743,269.9133,358.3848,0.3725502,0.03514894,-0.9273457,-0.2360459,-0.006721911,-0.0507082,-0.6402477,0.006820903,-3.02524,0.5795999,0.0559947,1.915,0.001232485,-0.02805292,0.9996058,-0.09739122,0.9948511,0.02803958,-0.9952455,-0.09738737,-0.001505958,moving,-74.32565,-18.80512,16.83913,1.674854,3.0395824376412937,-0.21968117119096736
05/04/2023 16:18:29.312784,746,True,True,True,True,Eyes,1.370901,0.1394219,-3.621178,-0.958208,-0.09160052,0.2710108,0.0,0.0,0.0,0.0,0.0,0.0,0.0,3.596803,0.08477646,1.281323,1.260007,0.15397,-3.602033,0.04626177,-0.7043861,0.02435244,0.7078892,5.727853,270.1958,358.2322,0.3707985,0.03521727,-0.9280449,-0.2218832,-0.006318597,-0.0476657,-0.6475047,0.003422817,-3.014376,0.5796004,0.05868794,1.915,0.006494316,-0.03069463,0.9995078,-0.09964997,0.9945337,0.03118936,-0.9950014,-0.09980346,0.003400091,moving,-74.20746,-18.67504,16.83914,1.755363,3.042117495800374,-0.22162377205097894
05/04/2023 16:18:29.332545,747,True,True,True,True,Eyes,1.365266,0.139914,-3.620188,-0.95762,-0.09168832,0.2730514,0.0,0.0,0.0,0.0,0.0,0.0,0.0,3.589005,0.09590847,1.288783,1.249419,0.153345,-3.60091,0.04779097,-0.7025033,0.02427705,0.709659,5.850894,270.4844,358.1169,0.3691067,0.03529453,-0.9287162,-0.2085702,-0.005939481,-0.04480576,-0.6549311,0.0001800051,-3.003485,0.5796003,0.06134965,1.915,0.01179949,-0.03268979,0.999396,-0.1016035,0.9942533,0.03372118,-0.9947551,-0.10194,0.008410264,moving,-74.08527,-18.56161,16.83914,1.834921,3.0450066733855397,-0.22323639440595855
05/04/2023 16:18:29.352403,748,True,True,True,True,Eyes,1.359428,0.1403971,-3.619203,-0.9570009,-0.09170011,0.2752096,0.0,0.0,0.0,0.0,0.0,0.0,0.0,3.580385,0.0975912,1.299716,1.239019,0.1534189,-3.599894,0.04799145,-0.7003749,0.0241238,0.7117513,5.860535,270.8262,358.1057,0.3674646,0.03537944,-0.929364,-0.196056,-0.005583112,-0.04211742,-0.6619695,0.002490454,-2.99102,0.5796003,0.06403612,1.915001,0.01778615,-0.03288373,0.999301,-0.1015643,0.9942297,0.03452456,-0.9946701,-0.1021074,0.0143437,moving,-73.95609,-18.42812,16.83913,1.915212,3.0478881584721935,-0.22519636581636815
05/04/2023 16:18:29.362375,749,True,True,True,True,Eyes,1.353411,0.1408913,-3.618171,-0.9563953,-0.09158985,0.2773433,0.0,0.0,0.0,0.0,0.0,0.0,0.0,3.573113,0.09081335,1.307707,1.228312,0.1536703,-3.599043,0.04702702,-0.6985757,0.02400623,0.7135855,5.776944,271.1266,358.189,0.3658629,0.03547106,-0.9299921,-0.1842926,-0.005248125,-0.03959037,-0.6700499,0.00923147,-2.980175,0.5796002,0.06691468,1.915001,0.02283148,-0.03144286,0.9992449,-0.09996487,0.9944243,0.03357526,-0.9947292,-0.1006559,0.01956101,moving,-73.82847,-18.27529,16.83913,2.001236,3.0504678019193325,-0.227526505421707
05/04/2023 16:18:29.382594,750,True,True,True,True,Eyes,1.347216,0.1413872,-3.617147,-0.9557717,-0.09132988,0.2795697,0.0,0.0,0.0,0.0,0.0,0.0,0.0,3.566351,0.08098244,1.314399,1.21797,0.1542956,-3.598028,0.04558755,-0.6969642,0.02370136,0.7152628,5.63853,271.4007,358.2932,0.3642933,0.03556916,-0.9306044,-0.173235,-0.004933238,-0.03721495,-0.6781002,0.01798225,-2.970084,0.5796002,0.0693855,1.915001,0.02735836,-0.02964038,0.9991862,-0.0974512,0.99472,0.03217617,-0.9948643,-0.09825216,0.02432543,moving,-73.69545,-18.09119,16.83913,2.075069,3.052840467840515,-0.23042146964127386
05/04/2023 16:18:29.402415,751,True,True,True,True,Eyes,1.340856,0.1418933,-3.61614,-0.9551253,-0.09097378,0.2818852,0.0,0.0,0.0,0.0,0.0,0.0,0.0,3.560104,0.0676706,1.320381,1.207524,0.1548434,-3.597254,0.0435322,-0.6954362,0.02319018,0.7168931,5.432353,271.6663,358.4287,0.3627482,0.03567321,-0.9312038,-0.1628409,-0.004637243,-0.03498205,-0.6864782,0.02944745,-2.960554,0.5795998,0.07207057,1.915,0.03166158,-0.02729798,0.9991259,-0.0937975,0.9951344,0.0301613,-0.9950878,-0.09467047,0.02894704,moving,-73.55714,-17.88663,16.83912,2.155295,3.0551400326502223,-0.23367852983285692
05/04/2023 16:18:29.422276,752,True,True,True,True,Eyes,1.334337,0.1424011,-3.615139,-0.9544423,-0.09060358,0.2843078,0.0,0.0,0.0,0.0,0.0,0.0,0.0,3.553241,0.05595884,1.327538,1.19714,0.1556535,-3.596337,0.04172185,-0.6937689,0.02264839,0.7186313,5.243622,271.9502,358.5419,0.3612213,0.03578291,-0.9317929,-0.1530705,-0.004359009,-0.03288313,-0.6944344,0.04033931,-2.950278,0.5795999,0.07472239,1.915,0.0363436,-0.02533895,0.9990181,-0.09044232,0.9954926,0.02853975,-0.9952383,-0.09139075,0.03388807,moving,-73.41235,-17.67611,16.83913,2.23452,3.0575935233848632,-0.23702006879928628
05/04/2023 16:18:29.432782,753,True,True,True,True,Eyes,1.327682,0.1429532,-3.614159,-0.9537287,-0.09034882,0.286773,0.0,0.0,0.0,0.0,0.0,0.0,0.0,3.546214,0.05098933,1.334996,1.186748,0.156147,-3.595511,0.04107963,-0.6919963,0.02260138,0.7203768,5.190403,272.239,358.6024,0.3597063,0.03589786,-0.9323744,-0.1438863,-0.004097468,-0.03091014,-0.7019539,0.04593695,-2.939907,0.5796,0.07745131,1.914999,0.04126049,-0.0242909,0.9988531,-0.08941692,0.9956033,0.02790548,-0.9951393,-0.09046576,0.03890707,moving,-73.26469,-17.48721,16.83914,2.316041,3.0604243899933445,-0.23994301236836263
05/04/2023 16:18:29.452796,754,True,True,True,True,Eyes,1.320903,0.1435354,-3.613187,-0.9529546,-0.09016711,0.2893911,0.0,0.0,0.0,0.0,0.0,0.0,0.0,3.537345,0.05206571,1.347419,1.176851,0.1578202,-3.594604,0.04181508,-0.6897012,0.02330292,0.7225102,5.311344,272.5977,358.6185,0.3581986,0.03601871,-0.93295,-0.1352531,-0.00385162,-0.02905553,-0.7077322,0.04638377,-2.927141,0.5795995,0.08011214,1.915,0.04753875,-0.02400662,0.9985808,-0.09135301,0.9954169,0.02827954,-0.9946832,-0.09256774,0.04512776,moving,-73.10764,-17.30575,16.83912,2.395516,3.063683209460682,-0.2426861811693264
05/04/2023 16:18:29.462577,755,True,True,True,True,Eyes,1.314004,0.1441246,-3.612247,-0.9521244,-0.09020503,0.2920997,0.0,0.0,0.0,0.0,0.0,0.0,0.0,3.52868,0.05189718,1.359684,1.167039,0.1591826,-3.593842,0.04222175,-0.6874318,0.02379353,0.7246301,5.388194,272.9542,358.6436,0.3566945,0.0361457,-0.9335212,-0.1271379,-0.003620523,-0.0273122,-0.7134866,0.04820133,-2.914622,0.5795996,0.08289152,1.915,0.05374278,-0.02356612,0.9982767,-0.09253216,0.9953024,0.02847744,-0.9942583,-0.09390316,0.05130972,moving,-72.94465,-17.16152,16.83912,2.478523,3.0676272755645373,-0.24470427921150778
05/04/2023 16:18:29.482478,756,True,True,True,True,Eyes,1.306994,0.1446925,-3.611311,-0.9512182,-0.09034759,0.2949935,0.0,0.0,0.0,0.0,0.0,0.0,0.0,3.517915,0.05060012,1.377043,1.157267,0.1599166,-3.593005,0.04270703,-0.6846214,0.02506308,0.7272149,5.533735,273.3948,358.7321,0.3551901,0.03627843,-0.9340895,-0.1195096,-0.003403291,-0.02567347,-0.7180271,0.04750043,-2.899393,0.5796005,0.08543477,1.915001,0.06133066,-0.02202381,0.9978746,-0.09492879,0.995096,0.02779694,-0.9935932,-0.09643182,0.05893923,moving,-72.7702,-17.02824,16.83914,2.554468,3.072117468028643,-0.24646782350478297
05/04/2023 16:18:29.502490,757,True,True,True,True,Eyes,1.299887,0.1452388,-3.610381,-0.9502832,-0.09072247,0.2978781,0.0,0.0,0.0,0.0,0.0,0.0,0.0,3.506849,0.04883865,1.395071,1.147534,0.160135,-3.59223,0.04329398,-0.6817185,0.0268736,0.7298379,5.729706,273.8478,358.8596,0.3536831,0.0364158,-0.9346558,-0.112339,-0.003199094,-0.02413306,-0.7222249,0.04512664,-2.883922,0.5795999,0.08811164,1.915,0.06907538,-0.01980189,0.9974149,-0.09825537,0.9948069,0.02655473,-0.9927611,-0.09983564,0.06677098,moving,-72.59575,-16.93877,16.83912,2.634395,3.0771660408395345,-0.24740786809925014
05/04/2023 16:18:29.512761,758,True,True,True,True,Eyes,1.29269,0.1457608,-3.609457,-0.9492685,-0.09120423,0.3009501,0.0,0.0,0.0,0.0,0.0,0.0,0.0,3.495392,0.04679636,1.414154,1.13809,0.1602108,-3.5915,0.04407021,-0.6787047,0.02925662,0.7325038,5.985479,274.3153,359.0229,0.3521702,0.03655689,-0.9352214,-0.1055987,-0.003007148,-0.02268508,-0.7257584,0.04096401,-2.868139,0.5796003,0.09078062,1.915,0.07700779,-0.01696016,0.9968863,-0.1026825,0.9944038,0.02484998,-0.9917289,-0.1042764,0.07483531,moving,-72.40963,-16.85966,16.83914,2.714077,3.0827606702756327,-0.24810355633548642
05/04/2023 16:18:29.532852,759,True,True,True,True,Eyes,1.285404,0.146274,-3.608542,-0.9482342,-0.09173813,0.3040331,0.0,0.0,0.0,0.0,0.0,0.0,0.0,3.483596,0.04501796,1.434021,1.128721,0.1600366,-3.590859,0.04488847,-0.675588,0.03176295,0.7352259,6.253273,274.7972,359.1961,0.35065,0.03670072,-0.9357868,-0.09926278,-0.002826719,-0.02132397,-0.7288977,0.03623745,-2.852065,0.5795999,0.09343801,1.915,0.08514395,-0.01394634,0.996271,-0.1073581,0.9939523,0.02308899,-0.9905678,-0.1089236,0.08313178,moving,-72.22255,-16.79052,16.83913,2.793401,3.088516429989873,-0.24860775602586588
05/04/2023 16:18:29.552693,760,True,True,True,True,Eyes,1.278021,0.1467808,-3.607648,-0.947121,-0.09231135,0.3073119,0.0,0.0,0.0,0.0,0.0,0.0,0.0,3.470979,0.04394816,1.455381,1.119086,0.1603362,-3.590223,0.045529,-0.6722721,0.03356051,0.7381404,6.45006,275.3098,359.327,0.3491206,0.03684685,-0.9363529,0.0,0.0,0.0,-0.7318792,0.03395415,-2.835003,0.5796003,0.09612313,1.915,0.09384808,-0.01167101,0.9955183,-0.1107605,0.9936016,0.02209,-0.9894063,-0.1123372,0.0919549,moving,-72.02334,-16.71939,16.83914,2.873541,3.0946771586948683,-0.24909778735444082
05/04/2023 16:18:29.562389,761,True,True,True,True,Eyes,1.270545,0.1472705,-3.606794,-0.9460052,-0.09279172,0.3105861,0.0,0.0,0.0,0.0,0.0,0.0,0.0,3.459103,0.04371367,1.475816,1.109519,0.1607487,-3.590051,0.04596812,-0.6690519,0.03462952,0.7409838,6.572548,275.807,359.4123,0.3475803,0.03699485,-0.9369198,0.0,0.0,0.0,-0.734967,0.03381887,-2.81889,0.5795999,0.09882427,1.915,0.1023405,-0.01019027,0.9946973,-0.11283,0.9933755,0.02178536,-0.9883298,-0.1144612,0.1005128,moving,-71.82431,-16.63422,16.83913,2.954149,3.100652554774058,-0.24985249489268646
05/04/2023 16:18:29.582616,762,True,True,True,True,Eyes,1.262999,0.1477175,-3.605971,-0.944837,-0.0931526,0.3140154,0.0,0.0,0.0,0.0,0.0,0.0,0.0,3.447752,0.0417298,1.494321,1.099889,0.1608394,-3.589722,0.04573565,-0.6660441,0.03487126,0.7436919,6.573521,276.2753,359.4776,0.3460274,0.03714414,-0.9374886,0.0,0.0,0.0,-0.7386065,0.03708693,-2.803553,0.5795998,0.1013932,1.915,0.1103385,-0.009056976,0.9938529,-0.1127909,0.9933845,0.02157486,-0.9874734,-0.1144781,0.108587,moving,-71.61583,-16.52298,16.83912,3.0308,3.1066309306161997,-0.2510570624170365
05/04/2023 16:18:29.602524,763,True,True,True,True,Eyes,1.255355,0.1481313,-3.605152,-0.9436955,-0.0933679,0.3173661,0.0,0.0,0.0,0.0,0.0,0.0,0.0,3.436964,0.039103,1.511888,1.090516,0.1604466,-3.589581,0.04501826,-0.6631687,0.03440563,0.7463223,6.478464,276.7253,359.5183,0.3444607,0.03729348,-0.9380594,0.0,0.0,0.0,-0.7423006,0.04293738,-2.788978,0.5796,0.10407,1.915,0.1180472,-0.008354027,0.9929729,-0.1110648,0.9935792,0.0215628,-0.9867773,-0.1128297,0.1163614,moving,-71.41213,-16.39368,16.83913,3.110659,3.1122095440409505,-0.25262142873397314
05/04/2023 16:18:29.612808,764,True,True,True,True,Eyes,1.247629,0.1484936,-3.604385,-0.942504,-0.09344992,0.3208632,0.0,0.0,0.0,0.0,0.0,0.0,0.0,3.426278,0.03164694,1.528571,1.080576,0.159839,-3.589391,0.04364704,-0.6603462,0.0340951,0.7489161,6.338668,277.1714,359.6209,0.3428789,0.03744204,-0.9386328,0.0,0.0,0.0,-0.7466604,0.05072635,-2.774613,0.5795996,0.1067794,1.915,0.1255607,-0.006575574,0.9920641,-0.108713,0.9938649,0.02034678,-0.9861115,-0.1104051,0.1240755,moving,-71.19952,-16.23795,16.83912,3.191478,3.1177673914234028,-0.2546447179636247
05/04/2023 16:18:29.632796,765,True,True,True,True,Eyes,1.052557,0.1562858,-3.58663,-0.9108323,-0.08820876,0.4032416,0.0,0.0,0.0,0.0,0.0,0.0,0.0,3.416425,0.02191287,1.544909,1.070877,0.1589994,-3.589864,0.04211112,-0.6575857,0.03423058,0.7514228,6.217649,277.608,359.7729,0.3412809,0.03758855,-0.9392092,0.0,0.0,0.0,-0.750808,0.05809414,-2.76136,0.5796003,0.1094281,1.915,0.1328189,-0.003940065,0.9911326,-0.1068266,0.9941099,0.01826745,-0.9853666,-0.1083056,0.1316156,moving,-66.12018,-12.33904,16.83914,3.270474,3.2482721249617734,-0.3063363861553891
05/04/2023 16:18:29.652707,766,True,True,True,True,Eyes,1.052156,0.1562459,-3.586626,-0.9107237,-0.08813826,0.4035022,0.0,0.0,0.0,0.0,0.0,0.0,0.0,3.407147,0.009581052,1.559653,1.061249,0.1580012,-3.590271,0.04042595,-0.6549984,0.03490222,0.7537405,6.122996,278.0179,359.9802,0.3344822,0.0380704,-0.9416325,-0.5852169,0.02337666,0.05326367,-0.7551925,0.06509353,-2.749049,0.5796001,0.1121913,1.915,0.1395181,-0.0003434258,0.9902194,-0.1055723,0.9942952,0.01521956,-0.9845756,-0.1066631,0.1386859,moving,-66.10394,-12.32176,16.83914,3.352872,3.248628024553095,-0.30659215004982
05/04/2023 16:18:29.662755,767,True,True,True,True,Eyes,1.051351,0.1561613,-3.586685,-0.9105123,-0.08754642,0.4041078,0.0,0.0,0.0,0.0,0.0,0.0,0.0,3.397369,0.0001104772,1.573911,1.051189,0.1569872,-3.590219,0.03917729,-0.6523692,0.03560806,0.7560502,6.067451,278.4288,0.1571167,0.3287288,0.03847621,-0.9436401,-0.5501038,0.02197406,0.05006785,-0.7598016,0.070584,-2.736257,0.5795997,0.1150753,1.915,0.1462931,0.002726842,0.9892377,-0.1049591,0.9943944,0.0127808,-0.9836576,-0.1056992,0.1457592,moving,-66.06717,-12.22373,16.83912,3.438857,3.248683061963776,-0.30827848766885346
05/04/2023 16:18:29.682249,768,True,True,True,True,Eyes,1.050184,0.1560261,-3.586763,-0.9102009,-0.08696417,0.404934,0.0,0.0,0.0,0.0,0.0,0.0,0.0,3.387613,-0.006930228,1.588126,1.040953,0.1558029,-3.5903,0.03825205,-0.649692,0.03630069,0.7583663,6.037921,278.843,0.3084942,0.3238334,0.038818,-0.9453172,-0.5170976,0.02065562,0.04706378,-0.7643211,0.07430444,-2.723518,0.5796002,0.1174841,1.915001,0.1531652,0.005354351,0.9881863,-0.1047625,0.9944381,0.01084959,-0.9826319,-0.1051867,0.1528742,moving,-66.01648,-12.12081,16.83913,3.51066,3.249169609733016,-0.30999755768169085
05/04/2023 16:18:29.702495,769,True,True,True,True,Eyes,1.048645,0.1558309,-3.58689,-0.9097934,-0.08605836,0.4060419,0.0,0.0,0.0,0.0,0.0,0.0,0.0,3.378978,-0.009768788,1.601168,1.031085,0.1544534,-3.590868,0.03786189,-0.6471509,0.0368601,0.7605285,6.044347,279.231,0.4068647,0.3195538,0.03911101,-0.9467604,-0.4860717,0.01941628,0.04423995,-0.7686794,0.07633578,-2.712043,0.5796002,0.1201062,1.915,0.159674,0.007061589,0.9871446,-0.105071,0.9944156,0.009882007,-0.9815623,-0.1052982,0.1595243,moving,-65.94874,-11.96644,16.83913,3.588813,3.2496052795029606,-0.31261124354795045
05/04/2023 16:18:29.712468,770,True,True,True,True,Eyes,1.046752,0.1555849,-3.587021,-0.9092754,-0.08517891,0.4073855,0.0,0.0,0.0,0.0,0.0,0.0,0.0,3.369086,-0.008049972,1.615575,1.020664,0.1529566,-3.591063,0.03789238,-0.6443477,0.03693662,0.7628998,6.051147,279.6538,0.4336368,0.3156582,0.03936924,-0.9480556,-0.4569074,0.0182513,0.04158556,-0.7728785,0.07755874,-2.699009,0.5796002,0.1227998,1.915,0.1669034,0.007526138,0.9859446,-0.1051896,0.9943997,0.01021612,-0.9803461,-0.1054162,0.1667604,moving,-65.86604,-11.80965,16.83913,3.669081,3.2505408367980944,-0.3152068111524712
05/04/2023 16:18:29.732581,771,True,True,True,True,Eyes,1.044521,0.1552665,-3.587157,-0.9086388,-0.08412245,0.4090222,0.0,0.0,0.0,0.0,0.0,0.0,0.0,3.358707,-0.004839677,1.631243,1.01041,0.1513414,-3.591387,0.03800796,-0.641399,0.03678056,0.7653823,6.048096,280.0962,0.4347691,0.3121006,0.03959503,-0.9492233,-0.429493,0.01715622,0.03909042,-0.7764851,0.07877799,-2.685482,0.5796005,0.1255361,1.915,0.1745092,0.007545844,0.9846267,-0.1050589,0.9944052,0.01099921,-0.9790348,-0.1053633,0.1743255,moving,-65.7652,-11.62181,16.83914,3.750605,3.2517241939078803,-0.31830889987352845
05/04/2023 16:18:29.752592,772,True,True,True,True,Eyes,1.041954,0.1548855,-3.587315,-0.9078916,-0.08312519,0.4108808,0.0,0.0,0.0,0.0,0.0,0.0,0.0,3.348564,0.00103005,1.646729,1.000014,0.1492589,-3.591975,0.03840552,-0.6384228,0.03653084,0.7678586,6.063134,280.5391,0.4069667,0.3088396,0.03978988,-0.9502812,-0.4037234,0.01612685,0.036745,-0.7800369,0.07847817,-2.672202,0.5795997,0.1281158,1.915,0.1821637,0.007063114,0.9832428,-0.105139,0.994381,0.01233578,-0.9776309,-0.1056243,0.1818827,moving,-65.65012,-11.43712,16.83913,3.827455,3.253452887743053,-0.3212912319529175
05/04/2023 16:18:29.762588,773,True,True,True,True,Eyes,1.039061,0.1544638,-3.5875,-0.9070379,-0.08203465,0.41298,0.0,0.0,0.0,0.0,0.0,0.0,0.0,3.338249,0.007617477,1.662639,0.9893837,0.1473761,-3.592733,0.03887388,-0.6353557,0.03614116,0.7703934,6.07449,280.9933,0.3623318,0.3058379,0.03995537,-0.9512445,-0.3795,0.01515924,0.0345403,-0.7835228,0.07845615,-2.658749,0.5796004,0.1308203,1.915,0.190034,0.006288335,0.9817575,-0.1050833,0.9943653,0.01397138,-0.9761376,-0.1058213,0.189624,moving,-65.51993,-11.23503,16.83914,3.908003,3.2554958630232567,-0.324536388127932
05/04/2023 16:18:29.782501,774,True,True,True,True,Eyes,1.035847,0.1540087,-3.587717,-0.9060761,-0.08095802,0.4152974,0.0,0.0,0.0,0.0,0.0,0.0,0.0,3.327538,0.01501247,1.679272,0.9786748,0.1459512,-3.593546,0.03938727,-0.6321805,0.03544521,0.7730073,6.068007,281.4613,0.2880407,0.3030618,0.04009349,-0.9521269,-0.35673,0.01424968,0.03246788,-0.7867177,0.07914326,-2.644914,0.5795996,0.1334765,1.915,0.1981828,0.004999069,0.9801525,-0.1045985,0.9943846,0.01607776,-0.9745681,-0.1057088,0.1975928,moving,-65.37578,-11.03089,16.83912,3.987098,3.2580079649500284,-0.32776072294126524
05/04/2023 16:18:29.802404,775,True,True,True,True,Eyes,1.032335,0.153537,-3.58794,-0.9050465,-0.07976649,0.4177657,0.0,0.0,0.0,0.0,0.0,0.0,0.0,3.316902,0.02062185,1.695825,0.9678652,0.1446155,-3.594497,0.03954493,-0.6290077,0.03450057,0.7756258,6.012554,281.9295,0.2172537,0.3004809,0.04020617,-0.9529397,-0.3353262,0.0133947,0.03051981,-0.7899541,0.08168182,-2.631259,0.5796003,0.1362203,1.915,0.2063182,0.003770933,0.9784778,-0.1032672,0.9944918,0.01794189,-0.9730206,-0.1047464,0.2055711,moving,-65.22215,-10.80972,16.83914,4.068786,3.2606393302594645,-0.33126486466059246
05/04/2023 16:18:29.812572,776,True,True,True,True,Eyes,1.028518,0.1530629,-3.588199,-0.903917,-0.0785116,0.4204403,0.0,0.0,0.0,0.0,0.0,0.0,0.0,3.306139,0.02334598,1.712834,0.9569309,0.1437041,-3.595627,0.03927514,-0.6257814,0.03340561,0.7782925,5.908742,282.4068,0.1637828,0.2980686,0.04029565,-0.9536932,-0.3152066,0.01259102,0.02868862,-0.7930986,0.08636001,-2.617589,0.5796002,0.1388847,1.915,0.2145636,0.002843369,0.9767059,-0.101154,0.994683,0.01932589,-0.9714578,-0.1029443,0.2137104,moving,-65.05537,-10.57739,16.83913,4.148093,3.2635949745741994,-0.33492287031020374
05/04/2023 16:18:29.832527,777,True,True,True,True,Eyes,1.024412,0.1525779,-3.588514,-0.9027348,-0.0770236,0.4232462,0.0,0.0,0.0,0.0,0.0,0.0,0.0,3.295585,0.02048674,1.729765,0.945922,0.1430453,-3.596964,0.0383011,-0.6225848,0.03247741,0.7809396,5.754232,282.8833,0.1747409,0.2958005,0.04036426,-0.9543962,-0.2962942,0.01183556,0.0269673,-0.7963358,0.09363137,-2.604346,0.5796002,0.1415421,1.915,0.2226671,0.003034448,0.9748899,-0.09841715,0.9949565,0.0193818,-0.9699143,-0.1002616,0.2218427,moving,-64.88052,-10.31398,16.83914,4.227177,3.266440785833125,-0.3391307767804668
05/04/2023 16:18:29.852530,778,True,True,True,True,Eyes,1.02003,0.1520756,-3.588865,-0.9014673,-0.0754741,0.4262163,0.0,0.0,0.0,0.0,0.0,0.0,0.0,3.285188,0.009277586,1.746199,0.9348367,0.1423864,-3.598273,0.03615179,-0.6194778,0.03164509,0.7835426,5.500807,283.3527,0.2762977,0.2936545,0.04041385,-0.9550566,-0.2785166,0.01112543,0.02534926,-0.7998335,0.105154,-2.591548,0.5795999,0.1442228,1.915,0.2304918,0.004800083,0.9730624,-0.09438101,0.9953833,0.01744608,-0.9684863,-0.0958598,0.2298807,moving,-64.69509,-10.0418,16.83913,4.306939,3.2695501626880734,-0.34345854934868414
05/04/2023 16:18:29.862232,779,True,True,True,True,Eyes,1.015384,0.1516119,-3.589297,-0.9001344,-0.07390078,0.4292978,0.0,0.0,0.0,0.0,0.0,0.0,0.0,3.275375,0.002125878,1.761342,0.9239441,0.1414002,-3.599547,0.03475954,-0.6164869,0.03127204,0.7859759,5.347607,283.7986,0.3625741,0.2916118,0.04044591,-0.955681,-0.2618056,0.0104579,0.02382831,-0.8033082,0.1128543,-2.579483,0.5796001,0.1469186,1.915,0.2379321,0.006300532,0.9712614,-0.09201571,0.9956276,0.01608271,-0.9669133,-0.09319789,0.2374716,moving,-64.5023,-9.76736,16.83914,4.387134,3.2728918433251866,-0.3477975099289985
05/04/2023 16:18:29.882555,780,True,True,True,True,Eyes,1.010502,0.1512005,-3.589771,-0.8987296,-0.07230507,0.4325009,0.0,0.0,0.0,0.0,0.0,0.0,0.0,3.266222,-0.003120426,1.775442,0.9129092,0.1415107,-3.60097,0.03399938,-0.6135789,0.03131945,0.7882794,5.280743,284.2275,0.440436,0.2896548,0.04046321,-0.9562752,-0.2460972,0.009830426,0.02239861,-0.8070486,0.1186024,-2.568137,0.5796,0.1495431,1.915,0.2450803,0.007654347,0.9694725,-0.09109955,0.9957263,0.01516811,-0.9652132,-0.09203591,0.2447303,moving,-64.30147,-9.49088,16.83913,4.465188,3.2764927559196395,-0.35214063193049017
05/04/2023 16:18:29.902507,781,True,True,True,True,Eyes,1.005391,0.1507961,-3.590236,-0.8972833,-0.07073877,0.4357509,0.0,0.0,0.0,0.0,0.0,0.0,0.0,3.258451,-0.007294197,1.787762,0.9025022,0.1427045,-3.602607,0.03324748,-0.6109585,0.03064237,0.7903705,5.163496,284.612,0.4494228,0.2877684,0.04046867,-0.9568443,-0.2313314,0.009240601,0.02105469,-0.8107799,0.1264822,-2.558226,0.5795996,0.1522186,1.915,0.2515816,0.007811992,0.9678046,-0.08906331,0.9959113,0.01511321,-0.9637294,-0.08999807,0.2512488,moving,-64.09724,-9.220823,16.83912,4.544745,3.2802961536854642,-0.35634856416622773
05/04/2023 16:18:29.912529,782,True,True,True,True,Eyes,1.000057,0.1503972,-3.590737,-0.8957725,-0.06918583,0.4390957,0.0,0.0,0.0,0.0,0.0,0.0,0.0,3.250352,-0.008863922,1.799891,0.8915856,0.1424094,-3.604063,0.03272572,-0.6082594,0.03010667,0.7924918,5.077035,285.0057,0.4548344,0.2859404,0.04046374,-0.9573925,-0.2174515,0.008686165,0.01979141,-0.8147538,0.1319072,-2.5479,0.5795997,0.1549958,1.915,0.2582283,0.007907132,0.9660515,-0.08753002,0.9960453,0.01524439,-0.9621106,-0.08849505,0.2578991,moving,-63.88652,-8.954157,16.83912,4.627306,3.2843730153121045,-0.3604651612438202
05/04/2023 16:18:29.932685,783,True,True,True,True,Eyes,0.9945188,0.1500568,-3.591248,-0.8942472,-0.06770095,0.4424233,0.0,0.0,0.0,0.0,0.0,0.0,0.0,3.242961,-0.009913146,1.810712,0.8808987,0.1421292,-3.605466,0.03230841,-0.6057313,0.02961295,0.7944614,5.003152,285.373,0.4550773,0.2841588,0.04044962,-0.9579234,-0.2044044,0.008164995,0.01860393,-0.8188826,0.1368292,-2.538342,0.5796,0.1577282,1.915,0.2644252,0.007912251,0.9643739,-0.08619312,0.9961585,0.01546058,-0.9605469,-0.08721056,0.2640914,moving,-63.67638,-8.700084,16.83913,4.708516,3.288589804524023,-0.3643475128546096
05/04/2023 16:18:29.957227,784,True,True,True,True,Eyes,0.9887823,0.1498054,-3.591787,-0.8926694,-0.06617703,0.4458272,0.0,0.0,0.0,0.0,0.0,0.0,0.0,3.235878,-0.01117931,1.820692,0.8703089,0.1431648,-3.606663,0.03233239,-0.6033044,0.02975157,0.7962998,5.013535,285.7234,0.481401,0.282414,0.04042885,-0.9584401,-0.1921402,0.007675095,0.01748769,-0.8231679,0.1402292,-2.52919,0.5796,0.1601857,1.915,0.2702773,0.008369782,0.9627461,-0.08639488,0.9961389,0.01559405,-0.9588984,-0.08739105,0.2699568,moving,-63.46101,-8.443134,16.83913,4.781538,3.292955468144857,-0.3682617066396672
05/04/2023 16:18:29.962456,785,True,True,True,True,Eyes,0.9828386,0.1496515,-3.592362,-0.8910519,-0.06468972,0.4492679,0.0,0.0,0.0,0.0,0.0,0.0,0.0,3.228652,-0.0175232,1.83106,0.8598061,0.1448793,-3.607912,0.03137907,-0.6008723,0.02913426,0.7981974,4.882082,286.0777,0.506054,0.2806969,0.04040448,-0.9589454,-0.1806117,0.00721459,0.01643843,-0.827257,0.1494275,-2.520007,0.5796,0.1630221,1.915,0.2762073,0.008800146,0.961058,-0.08421941,0.9963331,0.01508144,-0.9574011,-0.08510533,0.2759356,moving,-63.24279,-8.193656,16.83913,4.865804,3.297517474773914,-0.3720233310301184
05/04/2023 16:18:29.982130,786,True,True,True,True,Eyes,0.9767123,0.1496479,-3.592957,-0.8893862,-0.06312277,0.4527778,0.0,0.0,0.0,0.0,0.0,0.0,0.0,3.221384,-0.02150114,1.841245,0.848976,0.1471796,-3.609091,0.03069015,-0.5984024,0.02812104,0.8001137,4.747608,286.4343,0.4754694,0.2789991,0.04037952,-0.9594418,-0.169775,0.006781714,0.01545212,-0.8314262,0.1584806,-2.510592,0.5796002,0.1655796,1.915,0.2822476,0.008269943,0.9593059,-0.08173016,0.9965346,0.01545582,-0.9558538,-0.0827666,0.2819454,moving,-63.0198,-7.93658,16.83914,4.941762,3.3021518650190367,-0.3759074944045824
05/04/2023 16:18:30.002136,787,True,True,True,True,Eyes,0.970418,0.1497746,-3.593563,-0.8876586,-0.06148558,0.4563789,0.0,0.0,0.0,0.0,0.0,0.0,0.0,3.214676,-0.02730064,1.850557,0.838455,0.1507471,-3.610224,0.02957251,-0.596083,0.02629868,0.801947,4.518649,286.7692,0.3980113,0.2773144,0.04035807,-0.959931,-0.1595885,0.006374811,0.014525,-0.8355125,0.1715105,-2.501696,0.5796003,0.1681469,1.915,0.2879869,0.006924958,0.9576093,-0.07743564,0.9968677,0.01607877,-0.9544984,-0.07878356,0.2876211,moving,-62.79059,-7.672965,16.83914,5.017997,3.3069235775991777,-0.3798881255305289
05/04/2023 16:18:30.012983,788,True,True,True,True,Eyes,0.9639523,0.1499654,-3.59418,-0.8858678,-0.0597501,0.4600741,0.0,0.0,0.0,0.0,0.0,0.0,0.0,3.207058,-0.03396722,1.861215,0.8280888,0.1539392,-3.611242,0.02777656,-0.5935953,0.02335262,0.8039452,4.151023,287.1287,0.2626687,0.2756362,0.04034328,-0.9604147,-0.1500132,0.005992323,0.0136535,-0.8387033,0.1883714,-2.491881,0.5796001,0.1708506,1.915,0.2941986,0.00457239,0.9557334,-0.07052452,0.9973662,0.01693765,-0.9531389,-0.07238567,0.2937462,moving,-62.55496,-7.399621,16.83914,5.098263,3.3117990497126457,-0.384024336702484
05/04/2023 16:18:30.032500,789,True,True,True,True,Eyes,0.9573267,0.1502098,-3.594819,-0.8838406,-0.05788959,0.4641924,0.0,0.0,0.0,0.0,0.0,0.0,0.0,3.198678,-0.03562542,1.872814,0.8174964,0.155626,-3.612163,0.02662414,-0.5909097,0.02070757,0.8060324,3.864231,287.5128,0.1100879,0.27396,0.04033627,-0.9608945,-0.1410124,0.005632783,0.01283429,-0.8415049,0.2008156,-2.481257,0.5796008,0.17353,1.915001,0.3007938,0.001917024,0.9536873,-0.06484687,0.9977248,0.01844722,-0.9514821,-0.06739244,0.3002337,moving,-62.29158,-7.108675,16.83915,5.17778,3.3174346543394777,-0.3883734260181594
05/04/2023 16:18:30.052523,790,True,True,True,True,Eyes,0.9505689,0.150486,-3.595459,-0.881729,-0.05607491,0.4684117,0.0,0.0,0.0,0.0,0.0,0.0,0.0,3.188821,-0.03650713,1.886725,0.8071557,0.1571148,-3.612957,0.02601272,-0.5879411,0.01913765,0.808259,3.701225,287.9351,0.02000744,0.2722806,0.04033768,-0.9613716,-0.1325517,0.005294816,0.01206423,-0.8433582,0.209534,-2.469599,0.5796002,0.176205,1.915,0.3079182,0.0003484673,0.9514129,-0.06152425,0.9979141,0.0195464,-0.9494216,-0.06455365,0.3072973,moving,-62.02087,-6.826555,16.83914,5.257157,3.3234427950579897,-0.39252544656669003
05/04/2023 16:18:30.062372,791,True,True,True,True,Eyes,0.9436915,0.1507577,-3.596087,-0.8794614,-0.05424238,0.4728693,0.0,0.0,0.0,0.0,0.0,0.0,0.0,3.177926,-0.03636392,1.902302,0.7972057,0.1581459,-3.613688,0.02588989,-0.5847887,0.01852242,0.8105609,3.648429,288.3815,359.9855,0.270595,0.04034758,-0.961847,-0.1245986,0.004977127,0.01134038,-0.8444113,0.2146763,-2.457372,0.5796002,0.178899,1.915001,0.3153582,-0.000253138,0.9489728,-0.06030732,0.9979733,0.02030726,-0.9470546,-0.06363406,0.3147038,moving,-61.73394,-6.543742,16.83913,5.337071,3.330017535438942,-0.39662152902237635
05/04/2023 16:18:30.082469,792,True,True,True,True,Eyes,0.9367018,0.1509949,-3.596707,-0.8771192,-0.05256778,0.4773871,0.0,0.0,0.0,0.0,0.0,0.0,0.0,3.167342,-0.03548836,1.917088,0.7873237,0.1583094,-3.61436,0.02620891,-0.5817271,0.01897113,0.8127404,3.708142,288.8135,0.0197705,0.2689013,0.04036503,-0.9623212,-0.1171227,0.004678499,0.01065995,-0.8457987,0.2157795,-2.445723,0.5796,0.1815015,1.915,0.3224676,0.0003443421,0.9465805,-0.06133007,0.9979064,0.02053005,-0.9445916,-0.06467412,0.3218136,moving,-61.442,-6.283844,16.83913,5.414253,3.3370620772829924,-0.40026557498595244
05/04/2023 16:18:30.102456,793,True,True,True,True,Eyes,0.929624,0.1511964,-3.597291,-0.8746888,-0.05108573,0.4819852,0.0,0.0,0.0,0.0,0.0,0.0,0.0,3.15705,-0.03154878,1.931011,0.7776139,0.1577399,-3.614858,0.02706105,-0.5787629,0.01986012,0.8148049,3.846723,289.229,0.05974444,0.2671967,0.04038837,-0.9627949,-0.1100953,0.004397789,0.01002036,-0.847359,0.2137077,-2.434418,0.5795996,0.1842526,1.915,0.3292784,0.001040384,0.9442323,-0.06368811,0.9977466,0.02111035,-0.9420826,-0.06708755,0.3286027,moving,-61.14364,-6.050206,16.83912,5.495823,3.344669076453122,-0.4033887131922867
05/04/2023 16:18:30.122296,794,True,True,True,True,Eyes,0.922461,0.1513801,-3.597856,-0.8721889,-0.04973609,0.4866342,0.0,0.0,0.0,0.0,0.0,0.0,0.0,3.146796,-0.02444768,1.944527,0.7681592,0.1571316,-3.615156,0.02831703,-0.5758445,0.02062372,0.8168083,4.014636,289.635,0.06196506,0.2654807,0.04041612,-0.9632683,-0.1034896,0.004133922,0.009419134,-0.8487364,0.210158,-2.423123,0.5796003,0.1869314,1.915,0.3359556,0.00107884,0.9418772,-0.06630366,0.9975456,0.02250707,-0.9395412,-0.07001128,0.3352025,moving,-60.84085,-5.835611,16.83914,5.575226,3.352675950017215,-0.40613506322059945
05/04/2023 16:18:30.132862,795,True,True,True,True,Eyes,0.9152255,0.1515648,-3.598397,-0.8696121,-0.04842976,0.4913546,0.0,0.0,0.0,0.0,0.0,0.0,0.0,3.136109,-0.01508638,1.958447,0.7589818,0.1568875,-3.615281,0.02963497,-0.5728729,0.02063989,0.8188481,4.139275,290.0458,359.9912,0.2637519,0.04044739,-0.9637418,0.0,0.0,0.0,-0.8494892,0.207762,-2.411382,0.5795996,0.1896844,1.915,0.3427812,-0.0001522783,0.9394152,-0.06775601,0.9973915,0.02488502,-0.9369686,-0.07218115,0.3418767,moving,-60.53236,-5.629106,16.83912,5.656805,3.360988151942038,-0.40870510958719636
05/04/2023 16:18:30.152565,796,True,True,True,True,Eyes,0.9079192,0.1517645,-3.598908,-0.8669626,-0.04716041,0.4961371,0.0,0.0,0.0,0.0,0.0,0.0,0.0,3.124331,-0.007545404,1.973813,0.7499728,0.1571031,-3.615287,0.03053337,-0.5697193,0.02015849,0.8210245,4.192443,290.4819,359.9029,0.2620101,0.04048188,-0.9642154,0.0,0.0,0.0,-0.849353,0.2080197,-2.398839,0.5795999,0.1924103,1.915,0.3500273,-0.001689661,0.936738,-0.06789213,0.9973227,0.02716793,-0.9342759,-0.07310665,0.3489754,moving,-60.21877,-5.429947,16.83913,5.737559,3.3695749135475968,-0.4111153884031013
05/04/2023 16:18:30.172642,797,True,True,True,True,Eyes,0.9005632,0.151976,-3.599397,-0.8642794,-0.04582644,0.5009203,0.0,0.0,0.0,0.0,0.0,0.0,0.0,3.112904,-0.00413686,1.988268,0.7409352,0.1575806,-3.615187,0.0307858,-0.5666804,0.0194785,0.8231322,4.172397,290.9036,359.8377,0.2602538,0.04051973,-0.9646893,0.0,0.0,0.0,-0.8494331,0.2111664,-2.386744,0.5796005,0.1950717,1.915,0.356988,-0.002824653,0.9341048,-0.06695817,0.9973457,0.02860538,-0.9317061,-0.07275772,0.3558514,moving,-59.90422,-5.227125,16.83914,5.81638,3.378149046032352,-0.41359043914778654
05/04/2023 16:18:30.182394,798,True,True,True,True,Eyes,0.8931628,0.1522032,-3.599853,-0.8615435,-0.04453302,0.5057268,0.0,0.0,0.0,0.0,0.0,0.0,0.0,3.100823,-0.003118388,2.003923,0.7322788,0.1580518,-3.61519,0.03064658,-0.5635291,0.01871941,0.8253154,4.11072,291.3416,359.7908,0.2584838,0.04056094,-0.9651634,0.0,0.0,0.0,-0.8486776,0.2158091,-2.374437,0.5795999,0.1976528,1.915,0.364169,-0.003641645,0.9313259,-0.06543931,0.9974208,0.02948832,-0.9290311,-0.07168406,0.3629915,moving,-59.58703,-5.032341,16.83912,5.892798,3.386919285368378,-0.41590317423690426
05/04/2023 16:18:30.202345,799,True,True,True,True,Eyes,0.8857433,0.1524379,-3.600235,-0.8588334,-0.04321956,0.5104284,0.0,0.0,0.0,0.0,0.0,0.0,0.0,3.090189,-0.002253093,2.016801,0.7238439,0.1587443,-3.614915,0.0305995,-0.5607477,0.01811849,0.8272227,4.068267,291.727,359.7506,0.2567001,0.04060563,-0.9656374,0.0,0.0,0.0,-0.8487852,0.2201834,-2.363375,0.5795997,0.2003216,1.915,0.3704674,-0.004341159,0.9288352,-0.06429324,0.9974708,0.0303054,-0.9266175,-0.07094498,0.3692514,moving,-59.27582,-4.839868,16.83913,5.971796,3.3955068288074295,-0.41819789515653766
05/04/2023 16:18:30.212892,800,True,True,True,True,Eyes,0.8782985,0.1526998,-3.60058,-0.8560747,-0.04207968,0.5151364,0.0,0.0,0.0,0.0,0.0,0.0,0.0,3.080511,0.003912181,2.027837,0.7155377,0.1591246,-3.614467,0.03129674,-0.5581814,0.01752133,0.8289433,4.09708,292.078,359.6617,0.2549041,0.04065374,-0.966111,0.0,0.0,0.0,-0.8494167,0.2213443,-2.352958,0.5796003,0.2029761,1.914999,0.3762531,-0.005890145,0.9264982,-0.06398688,0.997427,0.03232629,-0.9243048,-0.07144661,0.3749081,moving,-58.9629,-4.669922,16.83915,6.050349,3.404442155300932,-0.42006190384216124
05/04/2023 16:18:30.232817,801,True,True,True,True,Eyes,0.8708321,0.1529927,-3.600924,-0.8533224,-0.04102811,0.5197667,0.0,0.0,0.0,0.0,0.0,0.0,0.0,3.070306,0.01443534,2.038976,0.7074826,0.1598862,-3.613629,0.03282213,-0.5555801,0.01723901,0.8306361,4.225485,292.4294,359.55,0.2530961,0.04070567,-0.9665841,0.0,0.0,0.0,-0.849782,0.2193533,-2.342074,0.5795999,0.2056724,1.914999,0.3820671,-0.007831953,0.9241014,-0.06510933,0.997251,0.03537117,-0.921838,-0.07368179,0.3805069,moving,-58.65401,-4.51332,16.83913,6.130113,3.413404586588318,-0.4216922192272096
05/04/2023 16:18:30.252520,802,True,True,True,True,Eyes,0.8633576,0.1533066,-3.601229,-0.8505367,-0.04018056,0.5243785,0.0,0.0,0.0,0.0,0.0,0.0,0.0,3.062037,0.02753852,2.047905,0.7000071,0.161156,-3.613137,0.03492922,-0.5533411,0.01724526,0.8320434,4.42823,292.727,359.4277,0.2512768,0.04076188,-0.9670562,0.0,0.0,0.0,-0.8507404,0.2152326,-2.332972,0.5796005,0.2083382,1.915,0.3870325,-0.009957932,0.9220123,-0.06735316,0.9969651,0.03904023,-0.9196029,-0.07721028,0.3851872,moving,-58.34507,-4.381734,16.83914,6.208948,3.4226876331346916,-0.42285209448284966
05/04/2023 16:18:30.262876,803,True,True,True,True,Eyes,0.8558775,0.1536154,-3.601494,-0.8478019,-0.03951521,0.5288389,0.0,0.0,0.0,0.0,0.0,0.0,0.0,3.053596,0.04300709,2.056645,0.6923111,0.162008,-3.612554,0.03718077,-0.5510632,0.01690294,0.8334634,4.623446,293.0271,359.2641,0.2494463,0.04082257,-0.9675274,0.0,0.0,0.0,-0.8517125,0.2106399,-2.323617,0.5795997,0.2111182,1.915,0.3920871,-0.01280196,0.919839,-0.06915388,0.9966637,0.04334846,-0.9173253,-0.0806068,0.3898937,moving,-58.04506,-4.27324,16.83912,6.29114,3.4319481917107173,-0.42361587648649646
05/04/2023 16:18:30.282642,804,True,True,True,True,Eyes,0.8484017,0.1539341,-3.60172,-0.8450617,-0.03905586,0.5332404,0.0,0.0,0.0,0.0,0.0,0.0,0.0,3.046051,0.06341974,2.063857,0.6845041,0.1622738,-3.612074,0.04019564,-0.5489285,0.01683384,0.8347326,4.909744,293.3018,359.0784,0.2476065,0.04088716,-0.9679972,0.0,0.0,0.0,-0.8532983,0.2019511,-2.314998,0.5795998,0.2136752,1.914999,0.3967884,-0.01602556,0.9177702,-0.07223256,0.9962019,0.04862408,-0.9150636,-0.08558636,0.3941237,moving,-57.74776,-4.189006,16.83913,6.366714,3.4414218142184687,-0.42393516396021674
05/04/2023 16:18:30.302280,805,True,True,True,True,Eyes,0.8409234,0.1542601,-3.601918,-0.8423632,-0.03859076,0.5375266,0.0,0.0,0.0,0.0,0.0,0.0,0.0,3.039988,0.08070986,2.068673,0.677127,0.1629073,-3.611428,0.04281555,-0.5471706,0.01675585,0.8357574,5.158052,293.5256,358.9157,0.245758,0.04095557,-0.9684652,0.0,0.0,0.0,-0.8555741,0.1952732,-2.307681,0.5796,0.2163695,1.915,0.4006472,-0.01884717,0.9160386,-0.07486246,0.9957721,0.0532302,-0.913169,-0.08990343,0.3975424,moving,-57.45735,-4.106403,16.83913,6.446324,3.4506717900800425,-0.4242530884260153
05/04/2023 16:18:30.312739,806,True,True,True,True,Eyes,0.8334464,0.1546001,-3.602057,-0.8396446,-0.03819197,0.5417918,0.0,0.0,0.0,0.0,0.0,0.0,0.0,3.033115,0.09464021,2.074043,0.6697794,0.1632408,-3.610421,0.04477387,-0.5453344,0.01637714,0.8368618,5.324773,293.7628,358.7672,0.2439017,0.04102763,-0.9689314,0.0,0.0,0.0,-0.8574506,0.1911288,-2.299727,0.5795998,0.2190142,1.915,0.4046845,-0.02142265,0.9142056,-0.07624425,0.9954542,0.05707704,-0.9112724,-0.09280109,0.4012114,moving,-57.16734,-4.032222,16.83913,6.52444,3.4600149178556165,-0.424414404682927
05/04/2023 16:18:30.333316,807,True,True,True,True,Eyes,0.8259927,0.1549546,-3.602104,-0.8369638,-0.0375385,0.5459694,0.0,0.0,0.0,0.0,0.0,0.0,0.0,3.025692,0.104311,2.080142,0.6624219,0.1639803,-3.609292,0.04593351,-0.5434241,0.01544128,0.8380585,5.380661,294.0136,358.6163,0.2420383,0.04110342,-0.9693953,0.0,0.0,0.0,-0.8589314,0.1911539,-2.291314,0.5796002,0.2217232,1.915,0.4089036,-0.02404137,0.9122609,-0.07580414,0.9953034,0.06020761,-0.9094238,-0.09377226,0.4051607,moving,-56.88273,-3.933221,16.83914,6.604432,3.4688501280726642,-0.42506522406142755
05/04/2023 16:18:30.352467,808,True,True,True,True,Eyes,0.8185408,0.1553288,-3.602088,-0.8342404,-0.03681152,0.5501707,0.0,0.0,0.0,0.0,0.0,0.0,0.0,3.015567,0.1058939,2.089835,0.6551746,0.1646787,-3.607754,0.04564443,-0.5410776,0.0139323,0.8396177,5.262832,294.3331,358.5039,0.2401696,0.04118304,-0.9698566,0.0,0.0,0.0,-0.858681,0.1972957,-2.28085,0.5795997,0.2243605,1.915,0.414082,-0.02599874,0.9098683,-0.07278996,0.995445,0.06157082,-0.9073246,-0.09172463,0.4103034,moving,-56.59567,-3.827914,16.83912,6.682282,3.4776918831160963,-0.4258241608219071
05/04/2023 16:18:30.362470,809,True,True,True,True,Eyes,0.8110954,0.1557004,-3.601991,-0.8315275,-0.03572939,0.5543333,0.0,0.0,0.0,0.0,0.0,0.0,0.0,3.004956,0.1061386,2.100326,0.6477417,0.165497,-3.606305,0.04496341,-0.5386057,0.01190806,0.8412732,5.076197,294.6707,358.3662,0.2382966,0.04126668,-0.970315,0.0,0.0,0.0,-0.8580415,0.205888,-2.269966,0.5796001,0.2272748,1.915,0.4195243,-0.02839923,0.9072998,-0.06847094,0.995673,0.06282552,-0.905158,-0.08848051,0.4157645,moving,-56.31081,-3.687881,16.83913,6.768281,3.4860129891632257,-0.4272451986806968
05/04/2023 16:18:30.382519,810,True,True,True,True,Eyes,0.8036443,0.1560579,-3.601824,-0.828759,-0.03451655,0.5585401,0.0,0.0,0.0,0.0,0.0,0.0,0.0,2.993601,0.1063463,2.111659,0.6402016,0.1658698,-3.604814,0.04411015,-0.5359843,0.009633277,0.8430199,4.85866,295.0286,358.2147,0.2364195,0.04135399,-0.9707704,0.0,0.0,0.0,-0.8568556,0.2144984,-2.258559,0.5796,0.2297543,1.915,0.4252561,-0.0310426,0.9045407,-0.06352677,0.9959229,0.06404489,-0.902841,-0.08469804,0.4215503,moving,-56.0221,-3.536256,16.83913,6.841425,3.4943229347237024,-0.4288677626979047
05/04/2023 16:18:30.402363,811,True,True,True,True,Eyes,0.7961962,0.1563882,-3.601587,-0.8260105,-0.03299793,0.5626879,0.0,0.0,0.0,0.0,0.0,0.0,0.0,2.981355,0.1013864,2.123842,0.6325756,0.1657383,-3.603031,0.04218865,-0.5332389,0.006777754,0.844885,4.503353,295.409,358.072,0.2345386,0.04144428,-0.9712228,0.0,0.0,0.0,-0.8550241,0.2274817,-2.246416,0.5796002,0.232393,1.915,0.4312207,-0.03354041,0.9016228,-0.05644609,0.9963483,0.06406078,-0.9004791,-0.07851743,0.4277529,moving,-55.73686,-3.356175,16.83913,6.919238,3.50214709014549,-0.4310399699825659
05/04/2023 16:18:30.420347,812,True,True,True,True,Eyes,0.7887387,0.1566806,-3.601281,-0.823208,-0.03142239,0.5668697,0.0,0.0,0.0,0.0,0.0,0.0,0.0,2.969495,0.09978949,2.135213,0.62513,0.1655312,-3.601223,0.0410301,-0.5305769,0.004580302,0.8466308,4.26302,295.7733,357.9436,0.2326548,0.04153658,-0.9716717,0.0,0.0,0.0,-0.8534093,0.2367464,-2.234736,0.5795999,0.2351086,1.915,0.4369343,-0.0357836,0.8987814,-0.0512949,0.9965911,0.06461429,-0.8980296,-0.07433511,0.4336093,moving,-55.4483,-3.17274,16.83913,6.999298,3.510046279849899,-0.43326110661404194
05/04/2023 16:18:30.432747,813,True,True,True,True,Eyes,0.7812729,0.1569523,-3.600929,-0.8204266,-0.02978634,0.5709755,0.0,0.0,0.0,0.0,0.0,0.0,0.0,2.957601,0.09833214,2.146249,0.6174574,0.1649805,-3.599303,0.03989239,-0.5279056,0.002486757,0.8483621,4.031904,296.1383,357.8226,0.2307687,0.04162974,-0.9721174,0.0,0.0,0.0,-0.8519207,0.2453221,-2.223025,0.5795999,0.2377149,1.915,0.442619,-0.03789949,0.8959085,-0.04633817,0.9968048,0.06506082,-0.8955117,-0.07031192,0.4394486,moving,-55.16403,-2.986269,16.83913,7.076108,3.5177545791157394,-0.4355575514470495
05/04/2023 16:18:30.452436,814,True,True,True,True,Eyes,0.7738021,0.1572228,-3.600506,-0.8176228,-0.02816215,0.5750652,0.0,0.0,0.0,0.0,0.0,0.0,0.0,2.94725,0.09777947,2.154795,0.6101524,0.1644077,-3.597175,0.03928415,-0.5256022,0.001347324,0.849822,3.909767,296.4512,357.7594,0.2288793,0.04172318,-0.97256,0.0,0.0,0.0,-0.8515024,0.2508859,-2.212602,0.5796001,0.2404037,1.915,0.4474811,-0.03900569,0.8934424,-0.04358563,0.9969099,0.06535275,-0.8932307,-0.06818537,0.4443983,moving,-54.87982,-2.803655,16.83913,7.15532,3.525509909171544,-0.43778175108458806
05/04/2023 16:18:30.462275,815,True,True,True,True,Eyes,0.7663152,0.1574655,-3.600026,-0.8148797,-0.02652763,0.5790228,0.0,0.0,0.0,0.0,0.0,0.0,0.0,2.938305,0.09652349,2.16138,0.6025372,0.164636,-3.595047,0.03881743,-0.5235378,0.0005018814,0.8511177,3.818835,296.731,357.7145,0.2269879,0.04181689,-0.9729991,0.0,0.0,0.0,-0.8522268,0.2565056,-2.203094,0.5795996,0.2432078,1.915,0.4518159,-0.03979046,0.8912234,-0.0414991,0.9969859,0.06555088,-0.8911454,-0.06660189,0.4488028,moving,-54.60384,-2.623143,16.83912,7.237902,3.533000056915422,-0.4400014317276528
05/04/2023 16:18:30.482496,816,True,True,True,True,Eyes,0.758821,0.1576623,-3.599467,-0.8121486,-0.02493281,0.5829177,0.0,0.0,0.0,0.0,0.0,0.0,0.0,2.930408,0.09068392,2.16643,0.5949109,0.164153,-3.59278,0.03784334,-0.5217045,0.0003226891,0.8522865,3.717864,296.9839,357.7639,0.2250939,0.04191017,-0.973435,0.0,0.0,0.0,-0.8537622,0.2623992,-2.194489,0.5796003,0.2456924,1.915,0.4556487,-0.03893603,0.8893077,-0.04003613,0.9971356,0.06417003,-0.8892589,-0.06484342,0.4527847,moving,-54.3312,-2.449188,16.83914,7.311047,3.5404552846783086,-0.4421120610404816
05/04/2023 16:18:30.502416,817,True,True,True,True,Eyes,0.7513384,0.1578149,-3.59881,-0.8095398,-0.02336184,0.5866,0.0,0.0,0.0,0.0,0.0,0.0,0.0,2.924338,0.0863857,2.168592,0.5872281,0.1632469,-3.590337,0.03733773,-0.5202553,0.0008730033,0.8531939,3.705092,297.1831,357.8544,0.2231974,0.04200189,-0.9738676,0.0,0.0,0.0,-0.8568775,0.2655143,-2.187146,0.5795994,0.2483636,1.915,0.4586673,-0.03736062,0.8878224,-0.04033998,0.9972103,0.06280427,-0.8876919,-0.06462099,0.4558806,moving,-54.07257,-2.280648,16.83912,7.389657,3.5474825005658186,-0.4441804721604955
05/04/2023 16:18:30.512893,818,True,True,True,True,Eyes,0.7438502,0.1579404,-3.598059,-0.806982,-0.02185755,0.5901715,0.0,0.0,0.0,0.0,0.0,0.0,0.0,2.919261,0.081909,2.169101,0.5798861,0.1623328,-3.587641,0.03694397,-0.5190725,0.001757573,0.8539298,3.722244,297.3463,357.9698,0.2212994,0.04209111,-0.9742968,0.0,0.0,0.0,-0.8606343,0.267886,-2.180535,0.5796001,0.2510511,1.915,0.4611213,-0.03535151,0.8866327,-0.04135488,0.9972641,0.06127049,-0.8863729,-0.06491971,0.4583977,moving,-53.82082,-2.121033,16.83913,7.468721,3.5543793902499177,-0.4461103719155023
05/04/2023 16:18:30.532601,819,True,True,True,True,Eyes,0.7363641,0.158044,-3.597221,-0.8045314,-0.02040967,0.5935594,0.0,0.0,0.0,0.0,0.0,0.0,0.0,2.915628,0.07739088,2.167259,0.5722758,0.1617477,-3.584721,0.03663219,-0.5181828,0.002717567,0.8544809,3.750934,297.4696,358.0865,0.2194002,0.04217745,-0.9747225,0.0,0.0,0.0,-0.8656586,0.2701827,-2.174715,0.5796,0.2537101,1.915,0.4629587,-0.03332011,0.8857534,-0.04260854,0.9973014,0.0597866,-0.8853552,-0.06541938,0.4602897,moving,-53.5812,-1.969352,16.83913,7.54692,3.560947070194146,-0.44794271023980714
05/04/2023 16:18:30.552632,820,True,True,True,True,Eyes,0.7288698,0.1581353,-3.596274,-0.8021324,-0.01900054,0.5968438,0.0,0.0,0.0,0.0,0.0,0.0,0.0,2.914287,0.07349867,2.162119,0.5648651,0.1613815,-3.581635,0.03631171,-0.5177863,0.00332246,0.8547327,3.756381,297.526,358.1667,0.2175,0.04226068,-0.9751446,0.0,0.0,0.0,-0.8720075,0.2731652,-2.170317,0.5796003,0.2564285,1.915,0.4637728,-0.03192377,0.8853788,-0.04328304,0.9973409,0.05863296,-0.8848963,-0.06551425,0.4611578,moving,-53.34812,-1.823396,16.83914,7.626835,3.5673557004181724,-0.44969524221003754
05/04/2023 16:18:30.562404,821,True,True,True,True,Eyes,0.7213893,0.158199,-3.595196,-0.799809,-0.01765464,0.5999949,0.0,0.0,0.0,0.0,0.0,0.0,0.0,2.911493,0.07199897,2.15827,0.5572242,0.1610754,-3.578219,0.0360675,-0.5171322,0.003223862,0.8551393,3.727991,297.615,358.1744,0.2155989,0.04234091,-0.9755632,0.0,0.0,0.0,-0.8775431,0.2766564,-2.164561,0.5796003,0.259199,1.915,0.465128,-0.03178962,0.8846726,-0.04281703,0.9973775,0.05835115,-0.8842074,-0.06501979,0.462547,moving,-53.12377,-1.685422,16.83914,7.70825,3.5735563535123944,-0.4513348543140993
05/04/2023 16:18:30.582320,822,True,True,True,True,Eyes,0.7138985,0.1582393,-3.594008,-0.7975146,-0.01632003,0.6030788,0.0,0.0,0.0,0.0,0.0,0.0,0.0,2.908299,0.07220772,2.154523,0.5496497,0.1605827,-3.574561,0.03580981,-0.5164419,0.002539197,0.8555694,3.663596,297.7077,358.1255,0.2136975,0.04241783,-0.9759781,0.0,0.0,0.0,-0.8826952,0.2804068,-2.158326,0.5796004,0.2617836,1.915,0.4665626,-0.03264246,0.8838857,-0.04133229,0.9974225,0.05865286,-0.8835219,-0.06389824,0.4640108,moving,-52.90351,-1.550114,16.83914,7.784176,3.57964588635069,-0.4529417433551727
05/04/2023 16:18:30.602597,823,True,True,True,True,Eyes,0.7064022,0.1582434,-3.592724,-0.7952847,-0.0150109,0.6060501,0.0,0.0,0.0,0.0,0.0,0.0,0.0,2.904181,0.07317042,2.151709,0.5419001,0.1600464,-3.570742,0.03553923,-0.5155742,0.001571858,0.8561063,3.581687,297.8237,358.0504,0.2117965,0.04249123,-0.9763893,0.0,0.0,0.0,-0.8873335,0.2844745,-2.151277,0.5795999,0.2644106,1.914999,0.4683618,-0.03395486,0.8828841,-0.03933756,0.997469,0.05922989,-0.8826606,-0.06247152,0.4658407,moving,-52.69064,-1.418835,16.83913,7.861321,3.5855245978945813,-0.4545043199193057
05/04/2023 16:18:30.622249,824,True,True,True,True,Eyes,0.5187736,0.1572686,-3.557685,-0.7371351,0.01696158,0.6755326,0.0,0.0,0.0,0.0,0.0,0.0,0.0,2.901367,0.07366131,2.147238,0.5345935,0.159261,-3.566908,0.03521255,-0.515008,0.000726967,0.8564616,3.500954,297.8998,357.9891,0.2098951,0.04256061,-0.9767967,0.0,0.0,0.0,-0.8925393,0.2884198,-2.145257,0.5796,0.2670611,1.915,0.4695326,-0.03502424,0.8822201,-0.03751471,0.9975191,0.05956759,-0.8821177,-0.06106516,0.4670538,moving,-47.49693,1.438307,16.83913,7.939124,3.7333646570105454,-0.4861275203633946
05/04/2023 16:18:30.632406,825,True,True,True,True,Eyes,0.5184896,0.1572197,-3.557491,-0.7367764,0.0171159,0.6759199,0.0,0.0,0.0,0.0,0.0,0.0,0.0,2.898846,0.07577612,2.141612,0.5268667,0.158144,-3.562717,0.03509103,-0.5145219,-0.0001022069,0.856759,3.441186,297.9641,357.9168,0.2026063,0.04269258,-0.9783288,-0.5628857,-0.002924412,0.1051168,-0.8984658,0.2913254,-2.139111,0.5796,0.2698226,1.914999,0.4705346,-0.03628533,0.8816352,-0.03593506,0.9975372,0.06023427,-0.8816495,-0.06002392,0.4680719,moving,-47.46667,1.450555,16.83914,8.020156,3.7342820754809196,-0.4862290869273752
05/04/2023 16:18:30.652699,826,True,True,True,True,Eyes,0.51791,0.1571244,-3.557122,-0.7363364,0.01727883,0.6763951,0.0,0.0,0.0,0.0,0.0,0.0,0.0,2.893706,0.0801629,2.139115,0.5193624,0.1568642,-3.558291,0.03524572,-0.5135711,-0.001010589,0.8573223,3.405137,298.0886,357.8221,0.1964193,0.04280358,-0.979585,-0.5291126,-0.002748948,0.09880983,-0.9026476,0.2930062,-2.131127,0.5796006,0.27255,1.915,0.4724876,-0.03793516,0.8805205,-0.03446956,0.9975134,0.0614719,-0.880663,-0.05939586,0.4700052,moving,-47.42957,1.463329,16.83915,8.100151,3.7354354505390877,-0.48631145832618516
05/04/2023 16:18:30.662599,827,True,True,True,True,Eyes,0.517055,0.1569948,-3.556589,-0.7354652,0.01761261,0.6773335,0.0,0.0,0.0,0.0,0.0,0.0,0.0,2.886511,0.08158582,2.13934,0.511668,0.1557477,-3.553775,0.0351646,-0.5122011,-0.001461258,0.8581442,3.374132,298.2714,357.788,0.1911419,0.04289626,-0.9806244,-0.4973658,-0.002584011,0.09288124,-0.9057212,0.2953305,-2.121826,0.5795993,0.2753058,1.914999,0.4752959,-0.03853063,0.8789818,-0.03351475,0.9975226,0.0618495,-0.8791873,-0.05885567,0.4728271,moving,-47.35619,1.489518,16.83912,8.180952,3.737704939884931,-0.486491736536099
05/04/2023 16:18:30.682434,828,True,True,True,True,Eyes,0.5159342,0.1568353,-3.555885,-0.7345292,0.01794047,0.6783399,0.0,0.0,0.0,0.0,0.0,0.0,0.0,2.878257,0.08045597,2.141185,0.5042902,0.1546093,-3.549267,0.03488037,-0.5106423,-0.001455717,0.8590844,3.350483,298.4812,357.8114,0.186419,0.04297524,-0.9815298,-0.4675239,-0.00242897,0.08730836,-0.9079385,0.2977468,-2.112093,0.5796,0.2778309,1.914999,0.4784849,-0.03812394,0.8772678,-0.0331216,0.9975625,0.06141704,-0.8774709,-0.05844364,0.4760558,moving,-47.27743,1.514983,16.83914,8.254958,3.7401745216915474,-0.4866355308936337
05/04/2023 16:18:30.702476,829,True,True,True,True,Eyes,0.5145597,0.1566402,-3.555008,-0.7332893,0.01837105,0.6796685,0.0,0.0,0.0,0.0,0.0,0.0,0.0,2.869155,0.0800201,2.143593,0.496708,0.1538095,-3.544442,0.03478456,-0.5089403,-0.001374321,0.8600978,3.350121,298.709,357.8317,0.1821371,0.04304213,-0.9823303,-0.4394724,-0.002283232,0.08206986,-0.9099385,0.299811,-2.101577,0.5796001,0.2804807,1.915,0.481956,-0.03777062,0.8753809,-0.03304242,0.9975763,0.06123514,-0.8755721,-0.05843735,0.4795399,moving,-47.17329,1.548295,16.83913,8.332586,3.7434444885510807,-0.48681891476827166
05/04/2023 16:18:30.732895,830,True,True,True,True,Eyes,0.512955,0.1564231,-3.553962,-0.7319785,0.01880495,0.6810681,0.0,0.0,0.0,0.0,0.0,0.0,0.0,2.860704,0.07859404,2.144977,0.4892223,0.1528297,-3.539496,0.03447476,-0.5073932,-0.001387508,0.8610237,3.322677,298.9169,357.8545,0.1782468,0.04309757,-0.9830413,-0.4131041,-0.002146238,0.07714567,-0.9122682,0.3026825,-2.091489,0.5796003,0.2831808,1.915001,0.4851005,-0.03737388,0.8736594,-0.03259516,0.9976192,0.0607752,-0.8738508,-0.05795915,0.4827273,moving,-47.0634,1.58159,16.83913,8.411656,3.7469186631870337,-0.4869775311479244
05/04/2023 16:18:30.742669,831,True,True,True,True,Eyes,0.5111297,0.1561698,-3.552756,-0.7304519,0.01930515,0.6826913,0.0,0.0,0.0,0.0,0.0,0.0,0.0,2.850822,0.07768199,2.148081,0.4821913,0.1522,-3.534374,0.03430336,-0.5056247,-0.001370881,0.8620701,3.311105,299.1532,357.873,0.1747037,0.04314243,-0.9836751,-0.3883179,-0.002017464,0.07251693,-0.9134303,0.3054919,-2.080508,0.5795999,0.2860476,1.915,0.4886836,-0.03705284,0.8716738,-0.03232567,0.9976428,0.06053011,-0.8718619,-0.05775751,0.4863339,moving,-46.93571,1.619778,16.83913,8.495579,3.7509619595936265,-0.4871524392646457
05/04/2023 16:18:30.752650,832,True,True,True,True,Eyes,0.5090887,0.1559021,-3.551391,-0.7288799,0.01978605,0.6843556,0.0,0.0,0.0,0.0,0.0,0.0,0.0,2.840978,0.08036034,2.151759,0.4747651,0.1510564,-3.529796,0.03420851,-0.503724,-0.002281135,0.8631842,3.253764,299.4047,357.7957,0.171468,0.04317711,-0.9842428,-0.3650188,-0.001896416,0.06816591,-0.9141908,0.3080363,-2.069449,0.5796004,0.2886081,1.914999,0.4925139,-0.03840138,0.869457,-0.03052522,0.9976491,0.06135462,-0.8697691,-0.05675837,0.4901839,moving,-46.80452,1.656071,16.83915,8.570502,3.7551535772197955,-0.4872768455733436
05/04/2023 16:18:30.762643,833,True,True,True,True,Eyes,0.5068555,0.1556355,-3.549862,-0.7271786,0.02025905,0.6861493,0.0,0.0,0.0,0.0,0.0,0.0,0.0,2.832169,0.08182862,2.153379,0.4673652,0.1502855,-3.524755,0.03423832,-0.5021064,-0.002607225,0.8641241,3.24204,299.6187,357.7677,0.1685043,0.04320253,-0.9847534,-0.3431177,-0.001782631,0.06407596,-0.9161234,0.3107445,-2.058935,0.5796002,0.2919884,1.915,0.4957647,-0.03888848,0.8675858,-0.02987662,0.9976419,0.0617905,-0.8679429,-0.05655409,0.4934338,moving,-46.66285,1.691207,16.83914,8.669368,3.7597317373472707,-0.4873349446336809
05/04/2023 16:18:30.782649,834,True,True,True,True,Eyes,0.5044311,0.1554587,-3.548201,-0.7254897,0.02064363,0.6879234,0.0,0.0,0.0,0.0,0.0,0.0,0.0,2.824641,0.08347993,2.154195,0.4599143,0.1500829,-3.520237,0.03460262,-0.5006403,-0.002398723,0.8649603,3.293915,299.8113,357.7729,0.1657809,0.04321993,-0.9852147,-0.3225306,-0.001675673,0.0602314,-0.9188321,0.3106267,-2.04961,0.5795998,0.2937692,1.915,0.4987071,-0.03879653,0.8659019,-0.03049733,0.9975938,0.06226157,-0.8662339,-0.05745798,0.4963239,moving,-46.52248,1.718852,16.83913,8.72143,3.764359254286224,-0.48725776219345496
05/04/2023 16:18:30.802536,835,True,True,True,True,Eyes,0.5018175,0.1552838,-3.546443,-0.7237328,0.02112558,0.6897569,0.0,0.0,0.0,0.0,0.0,0.0,0.0,2.818521,0.08590545,2.152561,0.4526625,0.1516842,-3.51526,0.03540402,-0.4995372,-0.002107456,0.8655662,3.39295,299.9533,357.7599,0.1632692,0.04323285,-0.9856335,-0.3031788,-0.001575133,0.05661752,-0.9227212,0.3114411,-2.040863,0.5796004,0.2964549,1.915,0.5009163,-0.03901953,0.8646157,-0.03172296,0.9974842,0.06339455,-0.8649141,-0.05918353,0.4984183,moving,-46.37695,1.754282,16.83914,8.79992,3.7690706073510643,-0.4873049755811687
05/04/2023 16:18:30.813056,836,True,True,True,True,Eyes,0.4990142,0.1550908,-3.544545,-0.7220232,0.02162096,0.6915309,0.0,0.0,0.0,0.0,0.0,0.0,0.0,2.81654,0.08196282,2.147538,0.4456827,0.1519186,-3.511385,0.03475896,-0.4991046,-0.002448821,0.865841,3.310502,300.0137,357.7648,0.1609437,0.04324197,-0.9860155,-0.284988,-0.001480625,0.05322047,-0.9280412,0.3172344,-2.035502,0.5795997,0.2991958,1.914999,0.5017771,-0.0389373,0.8641201,-0.03045614,0.9975716,0.0626359,-0.8644606,-0.05774703,0.4993728,moving,-46.23576,1.79079,16.83913,8.879992,3.773614251830292,-0.48739090509540234
05/04/2023 16:18:30.832825,837,True,True,True,True,Eyes,0.4960463,0.1549596,-3.54252,-0.7203174,0.02203358,0.6932946,0.0,0.0,0.0,0.0,0.0,0.0,0.0,2.8144,0.07993889,2.140331,0.4383249,0.1512831,-3.506171,0.03436965,-0.49884,-0.002597511,0.8660086,3.264034,300.0508,357.7734,0.1587805,0.04324739,-0.9863659,-0.2678888,-0.001391788,0.05002724,-0.9344311,0.3208452,-2.029339,0.5796004,0.3017962,1.915,0.5023039,-0.03878885,0.8638209,-0.02979098,0.997624,0.06212031,-0.8641779,-0.05693734,0.4999548,moving,-46.09514,1.820303,16.83914,8.955921,3.7782268293539834,-0.487347772630464
05/04/2023 16:18:30.852718,838,True,True,True,True,Eyes,0.4929205,0.1549219,-3.540361,-0.7186249,0.02242329,0.6950364,0.0,0.0,0.0,0.0,0.0,0.0,0.0,2.812996,0.08677155,2.132289,0.4313536,0.1526346,-3.50111,0.03549965,-0.4987218,-0.003085708,0.8660294,3.348532,300.0587,357.6603,0.1567597,0.04325143,-0.9866889,-0.2518154,-0.00130828,0.0470256,-0.9411578,0.3208815,-2.023347,0.5796002,0.3044954,1.915,0.5025342,-0.04075352,0.8635963,-0.03006427,0.9974605,0.0645653,-0.8640344,-0.05840966,0.5000327,moving,-45.95596,1.847837,16.83914,9.034708,3.7828135437542887,-0.4872735633769242
05/04/2023 16:18:30.862431,839,True,True,True,True,Eyes,0.4896537,0.1549678,-3.538075,-0.7168846,0.02298501,0.6968129,0.0,0.0,0.0,0.0,0.0,0.0,0.0,2.80834,0.08891486,2.128354,0.4244265,0.154844,-3.495777,0.03580575,-0.4979825,-0.004121641,0.8664378,3.321687,300.1527,357.5427,0.1548633,0.04325701,-0.9869881,-0.2367065,-0.001229783,0.04420407,-0.9453218,0.325589,-2.015157,0.5796001,0.3073111,1.915,0.5039928,-0.04280356,0.8626466,-0.02851898,0.997402,0.06615191,-0.8632369,-0.05794189,0.5014627,moving,-45.81343,1.889269,16.83914,9.116856,3.787341968188599,-0.4874463522367326
05/04/2023 16:18:30.882204,840,True,True,True,True,Eyes,0.4862316,0.1550595,-3.535669,-0.7150881,0.02365461,0.698634,0.0,0.0,0.0,0.0,0.0,0.0,0.0,2.801145,0.08514059,2.128237,0.4177273,0.1570214,-3.490545,0.03494814,-0.4967194,-0.005720436,0.8671885,3.148862,300.322,357.4376,0.1530756,0.04326652,-0.9872665,-0.2225041,-0.001155996,0.04155182,-0.9469398,0.3350557,-2.005562,0.5796001,0.3098766,1.915,0.5064743,-0.04464022,0.8610987,-0.02479744,0.9974918,0.06629615,-0.8618984,-0.05493033,0.504097,moving,-45.66682,1.939201,16.83913,9.191669,3.7919068008657946,-0.4877615687923449
05/04/2023 16:18:30.902505,841,True,True,True,True,Eyes,0.4826885,0.1552144,-3.533169,-0.7132031,0.02446874,0.7005302,0.0,0.0,0.0,0.0,0.0,0.0,0.0,2.791744,0.07702905,2.13091,0.4105324,0.1580899,-3.485256,0.03340953,-0.494963,-0.006932249,0.8682439,2.932121,300.5611,357.4111,0.1513813,0.04328102,-0.9875271,-0.2091539,-0.001086637,0.03905872,-0.9473118,0.3457903,-1.994665,0.5796,0.3125319,1.915,0.5099272,-0.04511072,0.8590339,-0.02103519,0.9976715,0.06487764,-0.8599604,-0.05115282,0.5077909,moving,-45.51359,2.000464,16.83913,9.269073,3.796562070128328,-0.48826162793908046
05/04/2023 16:18:30.922270,842,True,True,True,True,Eyes,0.47901,0.1554204,-3.530562,-0.7112603,0.02542636,0.7024687,0.0,0.0,0.0,0.0,0.0,0.0,0.0,2.781365,0.06325859,2.135876,0.4041005,0.15961,-3.4804,0.03123667,-0.4929981,-0.007713065,0.8694354,2.677345,300.8314,357.4633,0.149768,0.04330195,-0.9877721,-0.1966046,-0.001021438,0.03671519,-0.9461647,0.3591017,-1.9839,0.5795999,0.3152217,1.915,0.5137869,-0.04421125,0.856778,-0.01738722,0.9979296,0.06192158,-0.8577418,-0.04671148,0.5119543,moving,-45.3563,2.072957,16.83913,9.347442,3.8012182428849868,-0.4889555158229198
05/04/2023 16:18:30.932756,843,True,True,True,True,Eyes,0.4752362,0.1556613,-3.527839,-0.7092816,0.02646335,0.7044284,0.0,0.0,0.0,0.0,0.0,0.0,0.0,2.771572,0.05026281,2.139434,0.3971395,0.1610008,-3.475295,0.02913745,-0.4911346,-0.008556796,0.8705543,2.425848,301.087,357.5035,0.1482242,0.04333027,-0.9880037,-0.1848084,-0.0009601521,0.03451228,-0.9458293,0.3720608,-1.973254,0.5796002,0.3179251,1.915,0.5174272,-0.04351912,0.8546199,-0.01372251,0.9981556,0.05913653,-0.8556172,-0.04232638,0.5158756,moving,-45.19669,2.151426,16.83913,9.426174,3.805880554510207,-0.489751870791313
05/04/2023 16:18:30.952689,844,True,True,True,True,Eyes,0.4713413,0.1559305,-3.525025,-0.7072475,0.02757139,0.7064282,0.0,0.0,0.0,0.0,0.0,0.0,0.0,2.761524,0.04132009,2.143358,0.3907338,0.1620436,-3.47027,0.02743375,-0.4892549,-0.009811047,0.8716542,2.190681,301.3412,357.4793,0.146741,0.04336638,-0.9882235,-0.1737199,-0.000902543,0.03244154,-0.944756,0.3835472,-1.962482,0.5795997,0.3207217,1.915,0.521067,-0.04394786,0.8523836,-0.009740509,0.9983023,0.05742567,-0.8534602,-0.03822527,0.5197542,moving,-45.03321,2.235079,16.83912,9.507585,3.8106140883458437,-0.4906292152481504
05/04/2023 16:18:30.973783,845,True,True,True,True,Eyes,0.4673436,0.1561777,-3.522134,-0.7051946,0.02856772,0.7084381,0.0,0.0,0.0,0.0,0.0,0.0,0.0,2.751844,0.03579858,2.146682,0.3838972,0.1629667,-3.46529,0.02623323,-0.4873894,-0.011084,0.8727203,2.00485,301.5907,357.424,0.1453093,0.04341044,-0.9884331,-0.1632967,-0.0008483904,0.03049505,-0.9442456,0.3927641,-1.951703,0.5795999,0.3233509,1.915,0.5246577,-0.04491805,0.8501275,-0.00622512,0.9983779,0.05659299,-0.8512906,-0.03498408,0.523527,moving,-44.86854,2.309198,16.83913,9.584085,3.81551135506582,-0.49132228876447825
05/04/2023 16:18:30.982229,846,True,True,True,True,Eyes,0.4632306,0.1564091,-3.519161,-0.7030821,0.02953028,0.7104952,0.0,0.0,0.0,0.0,0.0,0.0,0.0,2.742048,0.03582159,2.150373,0.3774425,0.1626725,-3.460532,0.02567854,-0.4855071,-0.01241553,0.8737675,1.880698,301.8388,357.3258,0.1439209,0.04346117,-0.988634,-0.1534989,-0.000797487,0.02866535,-0.9434186,0.3981016,-1.940919,0.5795999,0.3258338,1.915,0.5282575,-0.04663079,0.8478028,-0.003237651,0.9983729,0.0569298,-0.849078,-0.03281848,0.527247,moving,-44.69953,2.380012,16.83913,9.656301,3.820604714599492,-0.4919347850762393
05/04/2023 16:18:31.002329,847,True,True,True,True,Eyes,0.4590295,0.1566351,-3.516131,-0.7009566,0.030325,0.7125589,0.0,0.0,0.0,0.0,0.0,0.0,0.0,2.731625,0.03896593,2.154452,0.3705245,0.162524,-3.455612,0.02577174,-0.4834764,-0.01342483,0.8748751,1.840251,302.1033,357.2238,0.1425677,0.04351764,-0.9888275,-0.1442889,-0.0007496378,0.02694543,-0.9428603,0.4010108,-1.929414,0.5796,0.3285966,1.915,0.5321407,-0.04841015,0.8452709,-0.001429971,0.9983112,0.05807527,-0.8466548,-0.03211293,0.5311728,moving,-44.52972,2.436917,16.83913,9.736613,3.8259037326608967,-0.49228243146846634
05/04/2023 16:18:31.012571,848,True,True,True,True,Eyes,0.4547272,0.1568271,-3.513038,-0.6987609,0.03113035,0.7146776,0.0,0.0,0.0,0.0,0.0,0.0,0.0,2.719679,0.04021746,2.160831,0.3644707,0.1626101,-3.450824,0.02572582,-0.4812029,-0.01415427,0.8761174,1.802567,302.4001,357.1578,0.1412451,0.04357917,-0.9890146,-0.1356316,-0.0007046595,0.0253287,-0.9406523,0.4044036,-1.917485,0.5795999,0.3313273,1.915,0.5364868,-0.04956028,0.8424522,4.291773e-05,0.9982757,0.05869982,-0.8439087,-0.03145553,0.5355639,moving,-44.35482,2.494147,16.83913,9.815962,3.831379184906842,-0.49261454516301123
05/04/2023 16:18:31.032540,849,True,True,True,True,Eyes,0.4503376,0.1569654,-3.50989,-0.6966152,0.03176609,0.7167413,0.0,0.0,0.0,0.0,0.0,0.0,0.0,2.708317,0.03749999,2.166636,0.3576997,0.1619762,-3.446232,0.02517535,-0.4789423,-0.01434013,0.8773683,1.744348,302.698,357.1741,0.1399464,0.04364445,-0.9891964,-0.1274937,-0.0006623799,0.02380898,-0.9392743,0.4086302,-1.906173,0.5795999,0.3340689,1.914999,0.5408173,-0.04927821,0.8396954,0.001048064,0.9983212,0.05791228,-0.8411395,-0.03043991,0.5399609,moving,-44.18417,2.537698,16.83913,9.895586,3.836878206812127,-0.49270760393768204
05/04/2023 16:18:31.052771,850,True,True,True,True,Eyes,0.4458581,0.1570781,-3.506686,-0.6944062,0.03238444,0.7188542,0.0,0.0,0.0,0.0,0.0,0.0,0.0,2.697494,0.03396554,2.171747,0.3513046,0.1608286,-3.441632,0.02469154,-0.4768442,-0.01386496,0.8785317,1.728403,302.9746,357.2527,0.1386667,0.0437117,-0.9893736,-0.1198441,-0.0006226371,0.02238044,-0.9384089,0.4112625,-1.895567,0.5795999,0.3365018,1.915,0.5448548,-0.04790964,0.8371606,0.0008135784,0.9983962,0.05660746,-0.8385301,-0.03016175,0.54402,moving,-44.00893,2.579435,16.83913,9.966208,3.8425631871692745,-0.49274704898714916
05/04/2023 16:18:31.062672,851,True,True,True,True,Eyes,0.4412954,0.1571768,-3.50344,-0.6922368,0.03288202,0.7209209,0.0,0.0,0.0,0.0,0.0,0.0,0.0,2.686243,0.03005992,2.177472,0.3446299,0.1603254,-3.437108,0.02438264,-0.4746109,-0.01306592,0.879761,1.747754,303.2679,357.3545,0.1374019,0.04378006,-0.989547,-0.1126534,-0.0005852789,0.02103761,-0.9375506,0.4138745,-1.884706,0.5796,0.3392138,1.914999,0.5491476,-0.0461343,0.834451,-0.0001547549,0.9984695,0.05530423,-0.8357254,-0.03049932,0.5483,moving,-43.83718,2.611515,16.83914,10.04491,3.8482474370878155,-0.4926198095574578
05/04/2023 16:18:31.082666,852,True,True,True,True,Eyes,0.4366484,0.1572715,-3.500149,-0.6899259,0.03339896,0.7231091,0.0,0.0,0.0,0.0,0.0,0.0,0.0,2.672003,0.02369328,2.186467,0.3384618,0.1600737,-3.432291,0.02363994,-0.4718679,-0.01247894,0.881264,1.712782,303.6289,357.4596,0.1361481,0.04384913,-0.9897172,-0.1058942,-0.0005501622,0.01977536,-0.9341308,0.4185008,-1.872248,0.5796,0.3418322,1.915,0.5543699,-0.04430433,0.8310904,-0.0003153838,0.9985709,0.05344287,-0.8322704,-0.02988923,0.5535636,moving,-43.65474,2.644498,16.83913,10.12084,3.854299423887895,-0.49246409196506485
05/04/2023 16:18:31.102638,853,True,True,True,True,Eyes,0.4319367,0.1573678,-3.496823,-0.6876236,0.03379092,0.7252807,0.0,0.0,0.0,0.0,0.0,0.0,0.0,2.656202,0.01917635,2.197776,0.331787,0.1600487,-3.427871,0.02303965,-0.4686766,-0.01232128,0.8829833,1.669714,304.0461,357.5141,0.1349011,0.04391882,-0.9898849,-0.09954057,-0.0005171524,0.01858884,-0.92943,0.4231622,-1.858811,0.5795999,0.3445115,1.915,0.5603809,-0.04335526,0.8270996,0.0001626788,0.9986347,0.05223665,-0.8282351,-0.02913787,0.5596229,moving,-43.4733,2.667489,16.83913,10.19851,3.860443287008549,-0.49212480585154855
05/04/2023 16:18:31.112559,854,True,True,True,True,Eyes,0.4271409,0.1574568,-3.493469,-0.6851962,0.03417129,0.7275565,0.0,0.0,0.0,0.0,0.0,0.0,0.0,2.639211,0.01611152,2.210297,0.3257869,0.1601908,-3.423347,0.02258476,-0.4653332,-0.01242778,0.8847601,1.627309,304.4814,357.5339,0.1336591,0.04398914,-0.9900503,0.0,0.0,0.0,-0.9233795,0.4276867,-1.844809,0.5795997,0.3472684,1.915,0.5666212,-0.04301009,0.8228551,0.0009723323,0.998671,0.05153032,-0.8239778,-0.02839808,0.5659099,moving,-43.28255,2.689046,16.83912,10.27839,3.8669357153791015,-0.4917189803261726
05/04/2023 16:18:31.132664,855,True,True,True,True,Eyes,0.4222754,0.157552,-3.490098,-0.6827826,0.03436398,0.7298129,0.0,0.0,0.0,0.0,0.0,0.0,0.0,2.623852,0.01580955,2.221412,0.3189314,0.1601037,-3.419382,0.02250628,-0.4621298,-0.01257433,0.8864374,1.620476,304.8959,357.5291,0.1324189,0.04405991,-0.9902138,0.0,0.0,0.0,-0.918734,0.4304072,-1.831707,0.5795995,0.3499001,1.915,0.5725558,-0.04309436,0.8187323,0.001491065,0.9986707,0.05152277,-0.8198644,-0.02827888,0.571859,moving,-43.09312,2.695839,16.83912,10.3546,3.873569489046998,-0.49104124723614234
05/04/2023 16:18:31.152699,856,True,True,True,True,Eyes,0.4173371,0.1576518,-3.486713,-0.6802555,0.03446858,0.7321642,0.0,0.0,0.0,0.0,0.0,0.0,0.0,2.608515,0.02038074,2.232386,0.3125523,0.1603821,-3.415392,0.0233003,-0.4589907,-0.01260072,0.8880461,1.708598,305.2978,357.4903,0.1311775,0.04413131,-0.9903758,0.0,0.0,0.0,-0.9141452,0.4299996,-1.818522,0.5796001,0.3525792,1.915,0.5783376,-0.04376929,0.8146227,0.0009908041,0.9985967,0.05295071,-0.815797,-0.02981625,0.5775692,moving,-42.89524,2.695362,16.83913,10.43215,3.880595700728044,-0.4901909315876335
05/04/2023 16:18:31.162545,857,True,True,True,True,Eyes,0.4123376,0.1577802,-3.483309,-0.6777619,0.03437626,0.7344774,0.0,0.0,0.0,0.0,0.0,0.0,0.0,2.593367,0.02198315,2.243235,0.3057925,0.1604704,-3.411579,0.02386147,-0.4558289,-0.01197369,0.8896669,1.807501,305.7036,357.5309,0.1299336,0.04420341,-0.9905366,0.0,0.0,0.0,-0.9100886,0.4302248,-1.80581,0.5796005,0.3556204,1.915,0.5841532,-0.04305869,0.8105005,-0.0004482992,0.9985745,0.05337344,-0.8116433,-0.03154161,0.5833012,moving,-42.70024,2.679699,16.83914,10.52013,3.8877132926342135,-0.48906740884404387
05/04/2023 16:18:31.182475,858,True,True,True,True,Eyes,0.4072745,0.1579392,-3.479902,-0.6751442,0.03420109,0.7368925,0.0,0.0,0.0,0.0,0.0,0.0,0.0,2.578109,0.02646318,2.253905,0.2995188,0.1612223,-3.407599,0.0252096,-0.4527346,-0.01077223,0.8912238,2.016132,306.0972,357.5898,0.1286844,0.04427706,-0.9906964,0.0,0.0,0.0,-0.9063118,0.4269503,-1.793076,0.5796,0.3579966,1.915,0.5898307,-0.04202744,0.8064325,-0.003625589,0.9984969,0.05468872,-0.8075188,-0.03518088,0.5887917,moving,-42.49606,2.657339,16.83913,10.58885,3.8952419173830326,-0.4877789704378661
05/04/2023 16:18:31.202989,859,True,True,True,True,Eyes,0.4021452,0.1581124,-3.476497,-0.6725561,0.03389294,0.7392696,0.0,0.0,0.0,0.0,0.0,0.0,0.0,2.561815,0.02857004,2.266321,0.2928516,0.1623233,-3.404087,0.02627377,-0.449311,-0.009463836,0.8929389,2.201692,306.5339,357.6765,0.1274295,0.04435294,-0.9908552,0.0,0.0,0.0,-0.9016672,0.4253137,-1.780155,0.5796001,0.3606024,1.915,0.5960602,-0.04051144,0.8019173,-0.006708929,0.9984403,0.05542615,-0.8029118,-0.03841732,0.5948586,moving,-42.2946,2.624974,16.83913,10.66416,3.902801564196615,-0.4863140322729855
05/04/2023 16:18:31.222069,860,True,True,True,True,Eyes,0.3969528,0.1582881,-3.473097,-0.6698744,0.03347952,0.7417192,0.0,0.0,0.0,0.0,0.0,0.0,0.0,2.545882,0.03038318,2.277744,0.286636,0.1629412,-3.400271,0.02729939,-0.4460663,-0.007936974,0.8945483,2.393392,306.9475,357.7885,0.1261666,0.04443128,-0.9910133,0.0,0.0,0.0,-0.8972849,0.4233452,-1.767582,0.5795998,0.3633088,1.915,0.6019237,-0.03855469,0.7976224,-0.01015467,0.9983835,0.05592209,-0.7984891,-0.04176043,0.6005591,moving,-42.08637,2.584446,16.83913,10.74234,3.9107054298759127,-0.4846668688165398
05/04/2023 16:18:31.232350,861,True,True,True,True,Eyes,0.3917094,0.158458,-3.46968,-0.6672648,0.03298768,0.7440897,0.0,0.0,0.0,0.0,0.0,0.0,0.0,2.53193,0.03393513,2.287469,0.2799015,0.1632677,-3.39696,0.02839059,-0.4430635,-0.006799387,0.8960148,2.570673,307.3288,357.8578,0.1248953,0.04451188,-0.9911707,0.0,0.0,0.0,-0.894074,0.4211305,-1.7561,0.5796,0.3660212,1.915,0.607297,-0.03734237,0.7935969,-0.01297297,0.9982955,0.05690189,-0.794369,-0.04485165,0.6057773,moving,-41.88427,2.538429,16.83913,10.82065,3.918461783349609,-0.48294259187011673
05/04/2023 16:18:31.252541,862,True,True,True,True,Eyes,0.3864133,0.1586386,-3.466252,-0.6645254,0.03245487,0.7465606,0.0,0.0,0.0,0.0,0.0,0.0,0.0,2.516052,0.03894427,2.298754,0.273314,0.1632979,-3.393366,0.02968916,-0.4397447,-0.005591907,0.8976147,2.7731,307.749,357.9259,0.1236133,0.04459447,-0.9913276,0.0,0.0,0.0,-0.8896267,0.4177052,-1.743538,0.5796002,0.3686822,1.915,0.6131867,-0.03615006,0.7891105,-0.01607255,0.9981745,0.05821688,-0.7897745,-0.04838083,0.6114863,moving,-41.67279,2.489225,16.83914,10.89744,3.9265915283043236,-0.4811185266184852
05/04/2023 16:18:31.262563,863,True,True,True,True,Eyes,0.3810383,0.1588302,-3.462846,-0.6618595,0.03198932,0.7489451,0.0,0.0,0.0,0.0,0.0,0.0,0.0,2.500002,0.04082629,2.31057,0.2663631,0.163756,-3.39008,0.03038847,-0.4362912,-0.004809451,0.8992794,2.892304,308.1878,357.9821,0.1223207,0.04467915,-0.9914842,0.0,0.0,0.0,-0.8846054,0.41749,-1.731157,0.5796002,0.3714484,1.915,0.6192536,-0.03516652,0.7844032,-0.01786637,0.9981068,0.05885209,-0.7849878,-0.0504588,0.6174529,moving,-41.46775,2.44576,16.83914,10.97723,3.9344196568003404,-0.47942971945786317
05/04/2023 16:18:31.282274,864,True,True,True,True,Eyes,0.37559,0.1590179,-3.459442,-0.6590248,0.0315797,0.7514579,0.0,0.0,0.0,0.0,0.0,0.0,0.0,2.483276,0.04042178,2.322575,0.2597019,0.1641525,-3.386482,0.03052271,-0.4327826,-0.004524014,0.90097,2.928187,308.6345,358.0162,0.1210159,0.04476602,-0.9916404,0.0,0.0,0.0,-0.8786116,0.4195871,-1.718536,0.5796002,0.3740107,1.915,0.6253574,-0.0345714,0.7795723,-0.01826739,0.9980958,0.05891592,-0.7801247,-0.05108426,0.6235351,moving,-41.2506,2.406415,16.83914,11.05109,3.9426248968382427,-0.4777668667338858
05/04/2023 16:18:31.303120,865,True,True,True,True,Eyes,0.3700845,0.1592048,-3.456024,-0.6561688,0.03132801,0.7539636,0.0,0.0,0.0,0.0,0.0,0.0,0.0,2.465132,0.03828806,2.336342,0.25245,0.1643528,-3.383208,0.03013608,-0.4288736,-0.004785731,0.9028491,2.883867,309.1326,358.0209,0.1196975,0.04485479,-0.9917964,0.0,0.0,0.0,-0.8712323,0.4240076,-1.705418,0.5796,0.3766941,1.915,0.6320891,-0.03449072,0.7741278,-0.01720755,0.9981379,0.05852161,-0.7747046,-0.05031171,0.6303185,moving,-41.0328,2.379333,16.83913,11.12841,3.9506968986757522,-0.4763317588159901
05/04/2023 16:18:31.312632,866,True,True,True,True,Eyes,0.3645145,0.159374,-3.452603,-0.6531001,0.03124271,0.7566268,0.0,0.0,0.0,0.0,0.0,0.0,0.0,2.444456,0.03313467,2.35216,0.2455142,0.1644622,-3.379614,0.02916157,-0.4245621,-0.005302811,0.9049137,2.767009,309.6829,358.0287,0.1183649,0.0449453,-0.9919522,0.0,0.0,0.0,-0.8616678,0.4307911,-1.691334,0.5796,0.3793557,1.915,0.6394379,-0.03435897,0.7680748,-0.01516462,0.998243,0.05728015,-0.7686933,-0.04827467,0.6377932,moving,-40.79988,2.36452,16.83913,11.20505,3.9591489338849666,-0.47506298470211106
05/04/2023 16:18:31.332775,867,True,True,True,True,Eyes,0.3588793,0.1595192,-3.449184,-0.6500475,0.03126775,0.75925,0.0,0.0,0.0,0.0,0.0,0.0,0.0,2.423434,0.02434455,2.368794,0.2380359,0.1643891,-3.376555,0.02759415,-0.4200466,-0.005791001,0.9070646,2.590328,310.2602,358.0675,0.1170181,0.04503682,-0.9921079,0.0,0.0,0.0,-0.8516508,0.4396807,-1.677773,0.5796001,0.3819712,1.915,0.6470547,-0.03368727,0.7616991,-0.01267603,0.99841,0.05492432,-0.7623382,-0.04519436,0.6455989,moving,-40.56916,2.358247,16.83913,11.28033,3.9674140737559678,-0.473964091574399
05/04/2023 16:18:31.352822,868,True,True,True,True,Eyes,0.3531783,0.1596312,-3.445764,-0.6468256,0.0313906,0.7619916,0.0,0.0,0.0,0.0,0.0,0.0,0.0,2.401726,0.01427652,2.385284,0.2307949,0.1638473,-3.373123,0.02587863,-0.415499,-0.005956674,0.909206,2.413326,310.841,358.1453,0.1156554,0.04512865,-0.9922634,0.0,0.0,0.0,-0.8413411,0.448625,-1.664153,0.5796,0.3846995,1.915,0.6546502,-0.03233678,0.7552401,-0.0106734,0.9985896,0.05200799,-0.7558568,-0.04210802,0.6533816,moving,-40.32666,2.358993,16.83913,11.35882,3.9760076686494257,-0.4729470486928106
05/04/2023 16:18:31.362456,869,True,True,True,True,Eyes,0.3473994,0.1597202,-3.442355,-0.643678,0.03155528,0.7646456,0.0,0.0,0.0,0.0,0.0,0.0,0.0,2.382031,0.005118445,2.400136,0.223103,0.163146,-3.370216,0.02440844,-0.4112167,-0.005778824,0.9111924,2.276896,311.3863,358.2448,0.1142766,0.04521981,-0.992419,0.0,0.0,0.0,-0.8326839,0.4562279,-1.651889,0.5795999,0.387389,1.914999,0.6617348,-0.03060556,0.749113,-0.009543075,0.9987417,0.04923426,-0.7496772,-0.03972887,0.6606101,moving,-40.09064,2.363133,16.83913,11.43615,3.9843281162127036,-0.4720213548424166
05/04/2023 16:18:31.382673,870,True,True,True,True,Eyes,0.3415373,0.1597806,-3.43897,-0.6403523,0.03176858,0.767424,0.0,0.0,0.0,0.0,0.0,0.0,0.0,2.361694,-0.001054928,2.414876,0.2156116,0.1625448,-3.366944,0.02340976,-0.4068904,-0.005645186,0.9131596,2.186924,311.9338,358.3163,0.1128805,0.0453097,-0.9925747,0.0,0.0,0.0,-0.8237161,0.4620259,-1.639117,0.5795997,0.3900265,1.914999,0.6688167,-0.02936032,0.7428474,-0.0087405,0.9988402,0.04734764,-0.743376,-0.03815975,0.6677843,moving,-39.84222,2.370485,16.83913,11.51194,3.9930475364786266,-0.4711033146610403
05/04/2023 16:18:31.403485,871,True,True,True,True,Eyes,0.3356003,0.15981,-3.4356,-0.6371262,0.0319476,0.7700971,0.0,0.0,0.0,0.0,0.0,0.0,0.0,2.341937,-0.005413651,2.429392,0.2077804,0.1620605,-3.364106,0.02265414,-0.402568,-0.005669499,0.9150921,2.114496,312.4783,358.3591,0.1114657,0.04539764,-0.9927306,0.0,0.0,0.0,-0.8150189,0.4671001,-1.626805,0.5796001,0.3927106,1.915,0.6758138,-0.02861589,0.7365167,-0.007863437,0.9989093,0.04602597,-0.7370304,-0.03689653,0.6748517,moving,-39.60205,2.375562,16.83914,11.58902,4.001503269869821,-0.47017758862816467
05/04/2023 16:18:31.412765,872,True,True,True,True,Eyes,0.3295892,0.1598011,-3.43225,-0.633767,0.03214553,0.7728558,0.0,0.0,0.0,0.0,0.0,0.0,0.0,2.322932,-0.009008974,2.442696,0.20003,0.1612755,-3.361077,0.02206217,-0.3984331,-0.005450904,0.9169158,2.069668,312.998,358.4187,0.1100319,0.0454829,-0.9928865,0.0,0.0,0.0,-0.8070982,0.4711192,-1.614884,0.5795999,0.3953952,1.915,0.6824427,-0.02757664,0.7304188,-0.007584558,0.9989671,0.04480195,-0.7308998,-0.03611467,0.6815287,moving,-39.35287,2.381741,16.83913,11.66608,4.010264602909324,-0.46923426810148916
05/04/2023 16:18:31.432258,873,True,True,True,True,Eyes,0.3234905,0.1597576,-3.428934,-0.6305388,0.0322816,0.7754862,0.0,0.0,0.0,0.0,0.0,0.0,0.0,2.30624,-0.01067051,2.45438,0.1918846,0.1602888,-3.358619,0.02169643,-0.3946009,-0.0053516,0.9185809,2.042245,313.478,358.4544,0.1085781,0.04556464,-0.9930429,0.0,0.0,0.0,-0.8006653,0.4740744,-1.6042,0.5795996,0.3980497,1.915,0.6885231,-0.02695461,0.7247134,-0.0072911,0.9990013,0.04408334,-0.7251779,-0.03563636,0.6876389,moving,-39.11416,2.383707,16.83912,11.74223,4.018708191548649,-0.4682562720314968
05/04/2023 16:18:31.452609,874,True,True,True,True,Eyes,0.3173144,0.159678,-3.425632,-0.6272155,0.03245271,0.7781693,0.0,0.0,0.0,0.0,0.0,0.0,0.0,2.292625,-0.0128974,2.46279,0.1838684,0.1593736,-3.355954,0.02126651,-0.3913883,-0.005220443,0.9199651,2.008196,313.8801,358.4948,0.1071038,0.04564215,-0.9931994,0.0,0.0,0.0,-0.7964256,0.4773822,-1.594809,0.5796002,0.4007149,1.915,0.6935759,-0.02625218,0.7199051,-0.007041676,0.999041,0.04321533,-0.7203493,-0.03504246,0.6927259,moving,-38.8693,2.388074,16.83913,11.81865,4.0273393600312675,-0.4672972590586144
05/04/2023 16:18:31.462661,875,True,True,True,True,Eyes,0.3110428,0.1595567,-3.422363,-0.6239749,0.03258333,0.7807649,0.0,0.0,0.0,0.0,0.0,0.0,0.0,2.278787,-0.01535983,2.471455,0.1755582,0.1584372,-3.353398,0.0207057,-0.3880717,-0.005335176,0.921381,1.949282,314.2946,358.5149,0.1056084,0.0457148,-0.9933562,0.0,0.0,0.0,-0.7918358,0.4787195,-1.585527,0.5795997,0.4008,1.914999,0.6987437,-0.02590206,0.7149029,-0.006239135,0.9990856,0.04229655,-0.7153448,-0.03401482,0.6979432,moving,-38.63129,2.389714,16.83913,11.82109,4.035762270004045,-0.4663161114148772
05/04/2023 16:18:31.482690,876,True,True,True,True,Eyes,0.3046859,0.1593822,-3.419117,-0.6205798,0.03273752,0.7834597,0.0,0.0,0.0,0.0,0.0,0.0,0.0,2.264566,-0.01422271,2.47985,0.1674468,0.1573757,-3.350419,0.02040909,-0.3847396,-0.00625047,0.9227784,1.882879,314.7083,358.4382,0.1040905,0.04578182,-0.9935132,0.0,0.0,0.0,-0.7865105,0.479102,-1.575522,0.5796,0.4008,1.915,0.7038727,-0.02723997,0.7098036,-0.004168771,0.9990888,0.04247574,-0.710314,-0.03285652,0.7031178,static,-38.3828,2.392761,16.83913,11.82109,4.044539043016609,-0.4653168522138942
05/04/2023 16:18:31.503361,877,True,True,True,True,Eyes,0.2982304,0.1591534,-3.415912,-0.6172284,0.03282034,0.7860991,0.0,0.0,0.0,0.0,0.0,0.0,0.0,2.247777,-0.01170582,2.491146,0.1589119,0.1558066,-3.347972,0.02012294,-0.3807951,-0.007519851,0.92441,1.803777,315.1968,358.3243,0.1025491,0.04584224,-0.9936708,0.0,0.0,0.0,-0.778994,0.4790182,-1.564809,0.5796,0.4008,1.915,0.7098772,-0.02922828,0.7037188,-0.001422579,0.999077,0.04293073,-0.7043241,-0.03147664,0.7091804,static,-38.13825,2.390762,16.83913,11.82109,4.053240351569834,-0.46423949514747626
05/04/2023 16:18:31.512650,878,True,True,True,True,Eyes,0.2916895,0.1588715,-3.412736,-0.613693,0.03289896,0.7888591,0.0,0.0,0.0,0.0,0.0,0.0,0.0,2.228716,-0.005194172,2.504261,0.1502167,0.1542804,-3.345469,0.02042021,-0.3764107,-0.008962549,0.9261845,1.780957,315.7369,358.1668,0.1009836,0.04589506,-0.9938287,0.0,0.0,0.0,-0.7699627,0.4766337,-1.552939,0.5795999,0.4008,1.915,0.7164692,-0.03197472,0.6968855,0.001229181,0.9990054,0.04457295,-0.6976176,-0.03107855,0.715796,static,-37.88113,2.388107,16.83913,11.82109,4.062395963460282,-0.4630963618690307
05/04/2023 16:18:31.532854,879,True,True,True,True,Eyes,0.2850598,0.1585657,-3.409602,-0.6101522,0.03291257,0.7916002,0.0,0.0,0.0,0.0,0.0,0.0,0.0,2.209549,-0.0022306,2.517532,0.1415218,0.1527954,-3.343158,0.02043173,-0.372003,-0.009658285,0.9279564,1.761188,316.2807,358.1008,0.09939336,0.04593944,-0.9939869,0.0,0.0,0.0,-0.7611933,0.475131,-1.541768,0.5796,0.4008,1.915,0.7230411,-0.03312626,0.6900104,0.002723608,0.9989785,0.04510532,-0.6907997,-0.03073368,0.7223927,static,-37.62444,2.380831,16.83913,11.82109,4.071595217318536,-0.46186819560465125
05/04/2023 16:18:31.552718,880,True,True,True,True,Eyes,0.278348,0.1582721,-3.406504,-0.6064395,0.032894,0.794449,0.0,0.0,0.0,0.0,0.0,0.0,0.0,2.189663,-0.0002152622,2.531271,0.1328159,0.1517231,-3.340852,0.02046129,-0.3674669,-0.01007087,0.929757,1.756198,316.8396,358.0641,0.09777766,0.04597547,-0.9941455,0.0,0.0,0.0,-0.7520793,0.4738479,-1.530605,0.5795999,0.4008,1.915,0.7297333,-0.03376461,0.6828976,0.003689225,0.9989598,0.04544948,-0.6837219,-0.03064664,0.7290989,static,-37.35616,2.370966,16.83913,11.82109,4.08123864438587,-0.4605420851693461
05/04/2023 16:18:31.562536,881,True,True,True,True,Eyes,0.2715635,0.1580214,-3.403445,-0.6027894,0.03283384,0.7972245,0.0,0.0,0.0,0.0,0.0,0.0,0.0,2.170075,0.002684578,2.544958,0.1240385,0.1518582,-3.338802,0.02098989,-0.362951,-0.009999794,0.9315183,1.824954,317.3939,358.0582,0.09613656,0.04600427,-0.9943042,0.0,0.0,0.0,-0.7435316,0.4716106,-1.519769,0.5796,0.4008,1.915,0.7363333,-0.03386658,0.6757709,0.003393378,0.9989188,0.0463638,-0.6766105,-0.03184607,0.7356521,static,-37.09329,2.358405,16.83913,11.82109,4.0907245043003835,-0.45918830015666606
05/04/2023 16:18:31.582276,882,True,True,True,True,Eyes,0.2646952,0.1577966,-3.400418,-0.5988827,0.03269853,0.8001689,0.0,0.0,0.0,0.0,0.0,0.0,0.0,2.149677,0.002894372,2.558925,0.1157298,0.1526444,-3.336544,0.02098908,-0.3583599,-0.01053224,0.9332882,1.812513,317.9574,358.0103,0.09446944,0.04602775,-0.9944629,0.0,0.0,0.0,-0.7336172,0.4723191,-1.508916,0.5796002,0.4008,1.915,0.7429345,-0.03470252,0.6684639,0.004615942,0.9988971,0.04672638,-0.6693482,-0.03162905,0.7422753,static,-36.81285,2.340063,16.83914,11.82109,4.100907371806419,-0.4576511448585331
05/04/2023 16:18:31.603465,883,True,True,True,True,Eyes,0.2577261,0.1576796,-3.397443,-0.5950302,0.03245439,0.8030478,0.0,0.0,0.0,0.0,0.0,0.0,0.0,2.124463,0.007716462,2.576566,0.1068217,0.1527935,-3.334267,0.02168223,-0.3528275,-0.01089231,0.9353738,1.883982,318.6329,357.9543,0.09277634,0.04604714,-0.9946214,0.0,0.0,0.0,-0.7208893,0.4694861,-1.496225,0.5796,0.4008,1.915,0.7507882,-0.03567693,0.6595789,0.005076587,0.9988225,0.04824819,-0.6605235,-0.03287577,0.7500852,static,-36.53715,2.314293,16.83913,11.82109,4.111016753262826,-0.45599451852403405
05/04/2023 16:18:31.612906,884,True,True,True,True,Eyes,0.2507265,0.1577163,-3.394531,-0.5909706,0.03233897,0.8060447,0.0,0.0,0.0,0.0,0.0,0.0,0.0,2.099413,0.01226626,2.59415,0.09790402,0.1555241,-3.332196,0.02294487,-0.3473072,-0.01064657,0.9374102,2.041436,319.3043,357.9414,0.09105595,0.04606592,-0.9947795,0.0,0.0,0.0,-0.7087064,0.466788,-1.483874,0.5795999,0.4007999,1.915,0.7585288,-0.03589824,0.6506501,0.004022575,0.9987203,0.05041276,-0.6516271,-0.03562224,0.7577025,static,-36.24788,2.297507,16.83913,11.82109,4.121493048151815,-0.4544490679294917
05/04/2023 16:18:31.633021,885,True,True,True,True,Eyes,0.2436416,0.1577058,-3.391633,-0.5870107,0.0322862,0.8089352,0.0,0.0,0.0,0.0,0.0,0.0,0.0,2.076815,0.004958183,2.610334,0.08999582,0.159587,-3.330685,0.02213339,-0.3422688,-0.01160519,0.9392698,1.927464,319.921,357.8811,0.08930974,0.04608857,-0.9949368,0.0,0.0,0.0,-0.6959553,0.4740594,-1.474025,0.5795998,0.4008,1.915,0.7654349,-0.03695195,0.6424516,0.00664968,0.9987509,0.04952263,-0.6434791,-0.03363425,0.7647244,static,-35.96684,2.285575,16.83913,11.82109,4.131615503032183,-0.45302985076925684
05/04/2023 16:18:31.652558,886,True,True,True,True,Eyes,0.2364992,0.1576969,-3.388741,-0.5828632,0.03221478,0.8119315,0.0,0.0,0.0,0.0,0.0,0.0,0.0,2.054372,0.002939463,2.624454,0.08125151,0.1580483,-3.328157,0.02112631,-0.3372898,-0.01304765,0.9410734,1.774226,320.5292,357.7748,0.08753772,0.04611327,-0.995093,0.0,0.0,0.0,-0.6838437,0.4765698,-1.463492,0.5796,0.4008,1.915,0.7721307,-0.03880898,0.6342776,0.01030621,0.9987668,0.0485645,-0.6353801,-0.03096115,0.7715786,static,-35.67352,2.272117,16.83913,11.82109,4.142193061587681,-0.45152973697164067
05/04/2023 16:18:31.662415,887,True,True,True,True,Eyes,0.2293552,0.1577307,-3.38587,-0.5780793,0.03231016,0.8153406,0.0,0.0,0.0,0.0,0.0,0.0,0.0,2.032621,0.007291466,2.637714,0.07266733,0.158074,-3.325488,0.02149344,-0.3324802,-0.01414831,0.9427591,1.78323,321.1113,357.6508,0.08573993,0.04613989,-0.9952483,0.0,0.0,0.0,-0.6728157,0.4750061,-1.452627,0.5796002,0.4008,1.915,0.7785134,-0.04096919,0.6262893,0.01238461,0.9986758,0.04993434,-0.6275057,-0.0311182,0.7779899,static,-35.33677,2.269318,16.83914,11.82109,4.154175519530234,-0.4500453247684555
05/04/2023 16:18:31.682595,888,True,True,True,True,Eyes,0.2221724,0.1577697,-3.383007,-0.5731093,0.03234072,0.8188406,0.0,0.0,0.0,0.0,0.0,0.0,0.0,2.012117,0.01711674,2.650851,0.06482682,0.1591642,-3.32361,0.02278873,-0.327906,-0.01556676,0.9443072,1.881373,321.6596,357.457,0.08391835,0.04616943,-0.9954022,0.0,0.0,0.0,-0.6619955,0.4707815,-1.44254,0.5796002,0.4008,1.915,0.7844708,-0.04434472,0.6185784,0.01445448,0.9984767,0.05324798,-0.6199974,-0.03283025,0.7839167,static,-34.9883,2.261764,16.83914,11.82109,4.166634369407222,-0.44842170120151126
05/04/2023 16:18:31.704224,889,True,True,True,True,Eyes,0.2151625,0.1578414,-3.380032,-0.5643247,0.03319791,0.8248851,0.0,0.0,0.0,0.0,0.0,0.0,0.0,1.988067,0.02542885,2.665456,0.05664286,0.1593339,-3.321011,0.02367845,-0.322741,-0.01710761,0.9460365,1.934598,322.2796,357.2671,0.08207424,0.04620173,-0.9955544,0.0,0.0,0.0,-0.6489384,0.4671823,-1.431253,0.5796001,0.4007999,1.915,0.7910911,-0.04765286,0.6098394,0.01708483,0.9982933,0.05584401,-0.6114597,-0.0337587,0.7905551,static,-34.37702,2.304653,16.83913,11.82109,4.187773933125724,-0.4466288384184744
05/04/2023 16:18:31.712484,890,True,True,True,True,Eyes,0.2081228,0.1579754,-3.377069,-0.5554838,0.03396839,0.8308333,0.0,0.0,0.0,0.0,0.0,0.0,0.0,1.963836,0.03355578,2.680073,0.04843443,0.1599511,-3.318529,0.02479435,-0.3175462,-0.01809745,0.9477459,2.034652,322.9017,357.1293,0.08021423,0.04623761,-0.9957043,0.0,0.0,0.0,-0.6361651,0.4629966,-1.420296,0.5796,0.4008,1.915,0.7976738,-0.05005027,0.6010088,0.01855686,0.9981154,0.05849104,-0.6028036,-0.03550394,0.7970992,static,-33.76615,2.341218,16.83913,11.82109,4.208979553932485,-0.4447188462005498
05/04/2023 16:18:31.732757,891,True,True,True,True,Eyes,0.2010498,0.1582022,-3.374124,-0.5467575,0.03474868,0.8365696,0.0,0.0,0.0,0.0,0.0,0.0,0.0,1.941178,0.03809227,2.693465,0.04064944,0.1618222,-3.316103,0.02554164,-0.3126741,-0.01909445,0.9493251,2.094853,323.4851,357.0043,0.0783385,0.04627853,-0.9958517,0.0,0.0,0.0,-0.6240981,0.4615359,-1.4103,0.5795999,0.4008,1.915,0.8037406,-0.0522261,0.5926833,0.02028126,0.9979661,0.06043531,-0.5946341,-0.03655395,0.803165,static,-33.16747,2.378534,16.83913,11.82109,4.2297431417306885,-0.44287480022617454
05/04/2023 16:18:31.752792,892,True,True,True,True,Eyes,0.1939586,0.1584659,-3.37117,-0.5379333,0.03560645,0.8422351,0.0,0.0,0.0,0.0,0.0,0.0,0.0,1.916507,0.03041725,2.707839,0.03315181,0.164245,-3.313343,0.02443296,-0.3074925,-0.02018359,0.9510226,1.951871,324.1128,356.9362,0.07644752,0.0463267,-0.9959965,0.0,0.0,0.0,-0.6098647,0.4680551,-1.400745,0.5795999,0.4008,1.915,0.810082,-0.053416,0.5838783,0.0233642,0.9979913,0.05888519,-0.5858509,-0.03405999,0.8097028,static,-32.56627,2.420803,16.83913,11.82109,4.250533002386471,-0.44111314156899656
05/04/2023 16:18:31.762465,893,True,True,True,True,Eyes,0.1868454,0.1587333,-3.368213,-0.5292439,0.03652483,0.8476833,0.0,0.0,0.0,0.0,0.0,0.0,0.0,1.890437,0.02322923,2.722167,0.02538904,0.1655539,-3.31005,0.02329382,-0.3020974,-0.02109942,0.9527588,1.813063,324.7655,356.8869,0.0745421,0.04638248,-0.9961383,0.0,0.0,0.0,-0.5951011,0.4735138,-1.390687,0.5796,0.4008,1.915,0.816584,-0.05427932,0.5746689,0.02613131,0.9980244,0.05713495,-0.5766348,-0.03163863,0.8163891,static,-31.97825,2.467224,16.83913,11.82109,4.270802360642421,-0.4394855672935764
05/04/2023 16:18:31.782703,894,True,True,True,True,Eyes,0.1797323,0.1589625,-3.365244,-0.5204505,0.03745355,0.8530701,0.0,0.0,0.0,0.0,0.0,0.0,0.0,1.862514,0.01349492,2.737638,0.01805544,0.1660526,-3.306947,0.02181933,-0.2964393,-0.02141573,0.9545622,1.659454,325.4509,356.9135,0.07262204,0.04644525,-0.9962772,0.0,0.0,0.0,-0.5791044,0.4794521,-1.381076,0.5795999,0.4007999,1.915,0.8233301,-0.05382151,0.5650051,0.02794908,0.9981306,0.05435275,-0.5668741,-0.02895889,0.8232952,static,-31.387,2.513924,16.83913,11.82109,4.2911827526886945,-0.4378495040338452
05/04/2023 16:18:31.802220,895,True,True,True,True,Eyes,0.1725617,0.1591534,-3.362298,-0.5119097,0.03819789,0.8581897,0.0,0.0,0.0,0.0,0.0,0.0,0.0,1.834101,0.006841898,2.752854,0.01084909,0.1654606,-3.303738,0.02084938,-0.2907641,-0.02111757,0.9563345,1.581421,326.1357,356.9886,0.07068862,0.04651319,-0.996413,0.0,0.0,0.0,-0.5634274,0.4822675,-1.371475,0.5796002,0.4008,1.915,0.8300206,-0.05251543,0.5552549,0.02826643,0.9982387,0.05215843,-0.557016,-0.02759749,0.830043,static,-30.81605,2.548544,16.83914,11.82109,4.3109969330876,-0.4360726840259716
05/04/2023 16:18:31.812613,896,True,True,True,True,Eyes,0.1654097,0.159292,-3.359322,-0.5032606,0.03879909,0.8632632,0.0,0.0,0.0,0.0,0.0,0.0,0.0,1.805586,0.009309515,2.767527,0.003910008,0.164213,-3.300372,0.02126343,-0.2851622,-0.02065517,0.9580209,1.659602,326.805,357.0351,0.0687407,0.04658465,-0.996546,0.0,0.0,0.0,-0.5482509,0.4788803,-1.361324,0.5795999,0.4008,1.915,0.8365118,-0.0517032,0.5455042,0.02744911,0.9982425,0.05252175,-0.547261,-0.02896146,0.8364608,static,-30.2411,2.573408,16.83913,11.82109,4.331077365436885,-0.43409547252341957
05/04/2023 16:18:31.832332,897,True,True,True,True,Eyes,0.1582894,0.1593717,-3.356328,-0.4949504,0.03915575,0.8680385,0.0,0.0,0.0,0.0,0.0,0.0,0.0,1.776256,0.01762567,2.782017,-0.002900356,0.1631227,-3.296725,0.02257584,-0.2794781,-0.02036143,0.9596707,1.830889,327.4791,357.035,0.06678042,0.04665774,-0.9966758,0.0,0.0,0.0,-0.5327109,0.4720333,-1.35053,0.5796,0.4008,1.915,0.8429549,-0.05169944,0.5354944,0.02646163,0.9981515,0.05471189,-0.5373332,-0.0319496,0.8427647,static,-29.69153,2.582765,16.83913,11.82109,4.3504550432618165,-0.43193468593670503
05/04/2023 16:18:31.852214,898,True,True,True,True,Eyes,0.1512083,0.1594217,-3.353295,-0.4865563,0.0393365,0.8727633,0.0,0.0,0.0,0.0,0.0,0.0,0.0,1.748797,0.02966467,2.795229,-0.009294131,0.1618621,-3.293355,0.02439449,-0.2741636,-0.02022658,0.9611609,2.051815,328.1056,357.0025,0.06480931,0.04673058,-0.9968025,0.0,0.0,0.0,-0.518231,0.4630051,-1.340384,0.5796,0.4008,1.915,0.8488505,-0.05225815,0.5260438,0.02550582,0.9979916,0.05798484,-0.5280175,-0.03580328,0.8484784,static,-29.1392,2.580644,16.83913,11.82109,4.370076929662999,-0.42954641155076834
05/04/2023 16:18:31.863244,899,True,True,True,True,Eyes,0.1441906,0.1594658,-3.350218,-0.4784555,0.03939458,0.8772277,0.0,0.0,0.0,0.0,0.0,0.0,0.0,1.721251,0.04169559,2.807492,-0.01553203,0.161239,-3.28941,0.0263133,-0.2689095,-0.02010291,0.9625961,2.283637,328.7232,356.9679,0.06282921,0.04680236,-0.996926,0.0,0.0,0.0,-0.5038114,0.45422,-1.329934,0.5796002,0.4008,1.915,0.8545671,-0.05285376,0.5166445,0.02455017,0.997807,0.06146989,-0.5187604,-0.03984644,0.8539906,static,-28.60883,2.571314,16.83914,11.82109,4.389011629742732,-0.42711599896692476
05/04/2023 16:18:31.882544,900,True,True,True,True,Eyes,0.1372412,0.1595209,-3.347099,-0.4702264,0.03942651,0.8816646,0.0,0.0,0.0,0.0,0.0,0.0,0.0,1.691765,0.04804817,2.820633,-0.02123382,0.1611914,-3.285409,0.02736257,-0.2633873,-0.02022692,0.9640899,2.413148,329.375,356.9354,0.06084254,0.04687304,-0.9970459,0.0,0.0,0.0,-0.4873382,0.4494729,-1.319846,0.5796,0.4008,1.915,0.860436,-0.05341504,0.5067511,0.02458723,0.9976844,0.06341498,-0.508965,-0.04210492,0.8597569,static,-28.07275,2.560462,16.83913,11.82109,4.40816830050756,-0.42463269936827164
05/04/2023 16:18:31.904903,901,True,True,True,True,Eyes,0.130357,0.1595779,-3.343941,-0.4622642,0.03944203,0.8858646,0.0,0.0,0.0,0.0,0.0,0.0,0.0,1.660827,0.04783627,2.834314,-0.02665237,0.1615183,-3.281337,0.02755072,-0.2576587,-0.01995284,0.965637,2.460231,330.055,356.9745,0.05885173,0.04694313,-0.9971621,0.0,0.0,0.0,-0.4697442,0.4486243,-1.310286,0.5796,0.4008,1.915,0.8664278,-0.05273177,0.4965101,0.02433705,0.9976857,0.06349003,-0.498709,-0.04292593,0.8657059,static,-27.55657,2.54934,16.83913,11.82109,4.426622425957657,-0.4222289357083261
05/04/2023 16:18:31.932209,902,True,True,True,True,Eyes,0.12357,0.1596527,-3.340728,-0.4546193,0.03948566,0.8898102,0.0,0.0,0.0,0.0,0.0,0.0,0.0,1.630769,0.04879464,2.846985,-0.03189696,0.161626,-3.277189,0.02790538,-0.2521233,-0.0196065,0.967094,2.52686,330.7104,357.0167,0.0568586,0.04701278,-0.9972745,0.0,0.0,0.0,-0.4528215,0.44693,-1.301025,0.5795999,0.4008,1.915,0.8720989,-0.05199386,0.4865597,0.02385147,0.9976737,0.06386076,-0.4887482,-0.04408773,0.8713103,static,-27.06327,2.540854,16.83913,11.82109,4.444231247064181,-0.41997200268974383
05/04/2023 16:18:31.952612,903,True,True,True,True,Eyes,0.1168672,0.1597502,-3.337463,-0.446891,0.03944654,0.8937182,0.0,0.0,0.0,0.0,0.0,0.0,0.0,1.601549,0.04927775,2.85867,-0.03679191,0.1621583,-3.272878,0.02842404,-0.2468084,-0.01860771,0.9684687,2.629109,331.3398,357.1268,0.05486585,0.04708262,-0.9973829,0.0,0.0,0.0,-0.436879,0.4451691,-1.292061,0.5795999,0.4008,1.915,0.8774788,-0.05007255,0.4769945,0.02201139,0.9976916,0.06424066,-0.4791102,-0.04587051,0.8765554,static,-26.56669,2.527256,16.83913,11.82109,4.462021586786197,-0.41760503308401375
05/04/2023 16:18:31.963088,904,True,True,True,True,Eyes,0.1102769,0.1598588,-3.334139,-0.4395493,0.0393223,0.8973573,0.0,0.0,0.0,0.0,0.0,0.0,0.0,1.57428,0.05262369,2.868721,-0.04157008,0.1628216,-3.268402,0.02933903,-0.241857,-0.01786111,0.9697037,2.766207,331.9231,357.1978,0.0528759,0.04715338,-0.9974869,0.0,0.0,0.0,-0.4222069,0.4419539,-1.283206,0.5795999,0.4008,1.915,0.8823724,-0.04883166,0.4680112,0.02044826,0.9976404,0.06554,-0.4701073,-0.04826067,0.8812888,static,-26.09683,2.509102,16.83913,11.82109,4.478922057219255,-0.41526603255730177
05/04/2023 16:18:31.987553,905,True,True,True,True,Eyes,0.1037865,0.1599665,-3.33076,-0.4321309,0.03904343,0.9009653,0.0,0.0,0.0,0.0,0.0,0.0,0.0,1.548684,0.05984719,2.877535,-0.04583929,0.16325,-3.263963,0.0306711,-0.2372601,-0.01769584,0.9708007,2.932188,332.4608,357.1927,0.05089116,0.04722536,-0.9975867,0.0,0.0,0.0,-0.4081702,0.4367354,-1.27456,0.5796,0.4008,1.915,0.886789,-0.04891232,0.4595791,0.01980421,0.9974923,0.06794808,-0.4617501,-0.05115401,0.8855338,static,-25.62382,2.481366,16.83913,11.82109,4.4960564066792035,-0.4127335252703477
05/04/2023 16:18:32.005255,906,True,True,True,True,Eyes,0.09741196,0.1600837,-3.327322,-0.4250361,0.03869294,0.904349,0.0,0.0,0.0,0.0,0.0,0.0,0.0,1.522964,0.07399586,2.885515,-0.05002165,0.1630824,-3.25914,0.0327539,-0.2326883,-0.01852318,0.9718233,3.155254,332.9887,357.0581,0.04891409,0.04729851,-0.9976822,0.0,0.0,0.0,-0.3936712,0.4276406,-1.265221,0.5796001,0.4008,1.915,0.8910261,-0.05124541,0.4510504,0.02075961,0.9971681,0.07228225,-0.4534772,-0.05504174,0.8895666,static,-25.17311,2.449929,16.83913,11.82109,4.512446796521753,-0.4102262655296236
05/04/2023 16:18:32.012455,907,True,True,True,True,Eyes,0.09114487,0.160187,-3.323823,-0.417856,0.03822886,0.9077086,0.0,0.0,0.0,0.0,0.0,0.0,0.0,1.494668,0.08562043,2.89472,-0.05383797,0.16347,-3.254404,0.03464245,-0.2277305,-0.01893775,0.9729236,3.369988,333.5632,356.978,0.04694651,0.04737305,-0.9977731,0.0,0.0,0.0,-0.3774299,0.4199468,-1.256077,0.5796001,0.4008,1.915,0.8955603,-0.05262825,0.4418167,0.02107168,0.9968826,0.07603431,-0.4444409,-0.05878349,0.8938774,static,-24.71858,2.411632,16.83913,11.82109,4.529060141538784,-0.4075738159400134
05/04/2023 16:18:32.032510,908,True,True,True,True,Eyes,0.08496618,0.1602938,-3.320271,-0.4109411,0.03788025,0.9108745,0.0,0.0,0.0,0.0,0.0,0.0,0.0,1.467527,0.0961463,2.902776,-0.05762916,0.1635233,-3.24945,0.03623556,-0.2229837,-0.01965432,0.9739503,3.544174,334.1122,356.873,0.04499064,0.04744853,-0.9978597,0.0,0.0,0.0,-0.3617547,0.4130234,-1.247187,0.5796,0.4008,1.915,0.899784,-0.05444454,0.4329257,0.02212478,0.9966013,0.07934844,-0.4357744,-0.06181806,0.8979306,static,-24.28252,2.381369,16.83913,11.82109,4.544915834311019,-0.4051509130725939
05/04/2023 16:18:32.052552,909,True,True,True,True,Eyes,0.07890001,0.1603982,-3.316647,-0.403932,0.03755003,0.914018,0.0,0.0,0.0,0.0,0.0,0.0,0.0,1.440726,0.1030578,2.910349,-0.06100576,0.1637312,-3.244366,0.03726827,-0.2183541,-0.02046205,0.9749432,3.654105,334.6491,356.7732,0.04304775,0.04752502,-0.9979418,0.0,0.0,0.0,-0.3459535,0.4084753,-1.238698,0.5796,0.4008,1.915,0.9038056,-0.05617402,0.4242404,0.02362331,0.9963848,0.08160482,-0.4272908,-0.06373293,0.9018651,static,-23.84208,2.352524,16.83913,11.82109,4.560908841969877,-0.40273604149625375
05/04/2023 16:18:32.062991,910,True,True,True,True,Eyes,0.07292525,0.1605033,-3.312943,-0.3971853,0.03742985,0.9169748,0.0,0.0,0.0,0.0,0.0,0.0,0.0,1.413933,0.1038761,2.917605,-0.06444468,0.1638218,-3.239047,0.03725319,-0.2137098,-0.02158066,0.9759482,3.640177,335.1911,356.6656,0.0411195,0.04760245,-0.9980194,0.0,0.0,0.0,-0.329727,0.4079086,-1.230603,0.5796,0.4008,1.915,0.9077249,-0.05804593,0.4155314,0.02620045,0.9962929,0.08193833,-0.4187471,-0.06349035,0.9058806,static,-23.41972,2.33745,16.83913,11.82109,4.5760849123698,-0.4006568972323995
05/04/2023 16:18:32.082949,911,True,True,True,True,Eyes,0.06707199,0.1606069,-3.309155,-0.3903547,0.03736573,0.919906,0.0,0.0,0.0,0.0,0.0,0.0,0.0,1.389208,0.1016192,2.923577,-0.06762781,0.1639144,-3.233588,0.03665786,-0.2094405,-0.02311911,0.9768606,3.550891,335.69,356.5234,0.03920633,0.04768088,-0.9980926,0.0,0.0,0.0,-0.3143883,0.4095236,-1.222969,0.5796,0.4007999,1.915,0.9112004,-0.06052358,0.4074932,0.02981302,0.9962434,0.08130339,-0.4108832,-0.06193508,0.9095818,static,-22.99355,2.326023,16.83913,11.82109,4.591349666210539,-0.39863010646720926
05/04/2023 16:18:32.105938,912,True,True,True,True,Eyes,0.06134194,0.1607047,-3.305267,-0.3837842,0.0375389,0.9226595,0.0,0.0,0.0,0.0,0.0,0.0,0.0,1.364819,0.09835139,2.928537,-0.07089685,0.1639072,-3.227513,0.035705,-0.2052343,-0.02550363,0.9777289,3.402571,336.1803,356.2938,0.03731025,0.04776028,-0.9981616,0.0,0.0,0.0,-0.2987921,0.4121065,-1.214987,0.5796,0.4008,1.915,0.9144569,-0.06452704,0.3995058,0.03521548,0.9961495,0.08028806,-0.4031482,-0.05935118,0.9132081,static,-22.58508,2.329825,16.83913,11.82109,4.6057923810047665,-0.3969648334543687
05/04/2023 16:18:32.112608,913,True,True,True,True,Eyes,0.05572907,0.160791,-3.301287,-0.3770857,0.03779091,0.9254071,0.0,0.0,0.0,0.0,0.0,0.0,0.0,1.337702,0.09599052,2.934408,-0.07398663,0.1638686,-3.221348,0.03496524,-0.2006033,-0.02767998,0.9786571,3.286717,336.7197,356.0826,0.03543331,0.04784052,-0.9982261,0.0,0.0,0.0,-0.28145,0.4137499,-1.206821,0.5796,0.4007999,1.915,0.9179843,-0.06820668,0.3907079,0.04015012,0.9960225,0.07954334,-0.3945793,-0.05733257,0.9170716,static,-22.16996,2.338492,16.83913,11.82109,4.620409009087526,-0.39536273361437024
05/04/2023 16:18:32.132344,914,True,True,True,True,Eyes,0.05023687,0.1608558,-3.297199,-0.370556,0.03821082,0.9280238,0.0,0.0,0.0,0.0,0.0,0.0,0.0,1.309615,0.09204057,2.940455,-0.07685815,0.1636894,-3.215141,0.03397448,-0.1958321,-0.02984438,0.9795943,3.145596,337.2767,355.8777,0.0335767,0.04792129,-0.9982864,0.0,0.0,0.0,-0.2632595,0.4161654,-1.19888,0.5796,0.4008,1.915,0.9215182,-0.07177735,0.381644,0.04516418,0.99591,0.07825138,-0.3856998,-0.05487344,0.9209911,static,-21.76662,2.357787,16.83913,11.82109,4.634472262312637,-0.39401049544755584
05/04/2023 16:18:32.152323,915,True,True,True,True,Eyes,0.04486231,0.1608917,-3.293011,-0.3639249,0.03865749,0.9306257,0.0,0.0,0.0,0.0,0.0,0.0,0.0,1.282829,0.08634031,2.945425,-0.0797779,0.1633442,-3.208674,0.03285043,-0.1912814,-0.03129837,0.980486,3.006266,337.8104,355.7537,0.03174128,0.04800209,-0.9983426,0.0,0.0,0.0,-0.2464142,0.4192043,-1.191109,0.5796001,0.4008,1.915,0.9248637,-0.07394258,0.3730412,0.04880787,0.9958825,0.07639236,-0.3771538,-0.05244518,0.9246646,static,-21.35818,2.378656,16.83914,11.82109,4.648696385360158,-0.39266615960709506
05/04/2023 16:18:32.162760,916,True,True,True,True,Eyes,0.03959656,0.1609011,-3.288725,-0.3574226,0.03916135,0.9331214,0.0,0.0,0.0,0.0,0.0,0.0,0.0,1.255708,0.08238773,2.950101,-0.0823454,0.1627389,-3.202096,0.03212295,-0.1867481,-0.03208411,0.9813583,2.927079,338.3413,355.6949,0.02992857,0.04808215,-0.9983947,0.0,0.0,0.0,-0.2297943,0.4206447,-1.183298,0.5796001,0.4008,1.915,0.9281915,-0.07496982,0.3644724,0.05097421,0.9958774,0.07503154,-0.3685949,-0.05106495,0.9281865,static,-20.95883,2.403186,16.83913,11.82109,4.66255136380668,-0.3914292888569149
05/04/2023 16:18:32.182273,917,True,True,True,True,Eyes,0.03445275,0.1608824,-3.284322,-0.3508189,0.03961156,0.9356052,0.0,0.0,0.0,0.0,0.0,0.0,0.0,1.228126,0.07998779,2.954381,-0.08480389,0.1619478,-3.195253,0.03174959,-0.1821815,-0.03228356,0.9822218,2.900826,338.8754,355.694,0.02813853,0.04816095,-0.9984429,0.0,0.0,0.0,-0.2133802,0.4207285,-1.175277,0.5796,0.4008,1.915,0.9315354,-0.07498762,0.3558353,0.05185087,0.9958994,0.07413322,-0.3599353,-0.05060734,0.9316037,static,-20.55427,2.424335,16.83913,11.82109,4.676634268465672,-0.39010671324440094
05/04/2023 16:18:32.202807,918,True,True,True,True,Eyes,0.029431,0.1608283,-3.279814,-0.3443716,0.03999902,0.9379809,0.0,0.0,0.0,0.0,0.0,0.0,0.0,1.20052,0.08122413,2.95806,-0.08706759,0.1611479,-3.188168,0.03198688,-0.1776668,-0.0323569,0.9830385,2.945795,339.4,355.6941,0.02637279,0.04823789,-0.9984875,0.0,0.0,0.0,-0.1972161,0.4184148,-1.16691,0.5796001,0.4008,1.915,0.9347751,-0.07498215,0.3472366,0.05225013,0.9958598,0.07438616,-0.3513765,-0.05139118,0.9348227,static,-20.16027,2.441827,16.83913,11.82109,4.690389149322371,-0.3887602959237616
05/04/2023 16:18:32.212662,919,True,True,True,True,Eyes,0.02454167,0.16073,-3.275192,-0.3378165,0.04032018,0.940348,0.0,0.0,0.0,0.0,0.0,0.0,0.0,1.172471,0.08500414,2.961585,-0.08897965,0.1602458,-3.181085,0.03257922,-0.1731337,-0.03262754,0.9838185,3.026982,339.9238,355.6651,0.02463201,0.04831226,-0.9985283,0.0,0.0,0.0,-0.1805949,0.4144694,-1.158518,0.5795999,0.4008,1.914999,0.9379203,-0.07548026,0.3385384,0.05291802,0.995748,0.07540193,-0.3427903,-0.05280623,0.9379267,static,-19.76064,2.455221,16.83913,11.82109,4.704395995134599,-0.3873129104776594
05/04/2023 16:18:32.232426,920,True,True,True,True,Eyes,0.01977969,0.1605805,-3.270456,-0.3313864,0.04055647,0.942623,0.0,0.0,0.0,0.0,0.0,0.0,0.0,1.143979,0.08788525,2.964723,-0.0907804,0.1591339,-3.173709,0.0329771,-0.1685468,-0.0330302,0.984588,3.0842,340.4541,355.6259,0.02291791,0.04838312,-0.9985657,0.0,0.0,0.0,-0.1635192,0.4110125,-1.150082,0.5796,0.4008,1.915,0.941002,-0.07615864,0.3297198,0.0539259,0.995643,0.07607199,-0.3340768,-0.05380344,0.941009,static,-19.36952,2.463638,16.83913,11.82109,4.718164368467067,-0.3858081549653727
05/04/2023 16:18:32.252321,921,True,True,True,True,Eyes,0.01514752,0.1603845,-3.265598,-0.3248604,0.04076449,0.944883,0.0,0.0,0.0,0.0,0.0,0.0,0.0,1.115177,0.09076014,2.967636,-0.09233956,0.157753,-3.166276,0.03336126,-0.1639431,-0.03332087,0.9853423,3.142476,340.9864,355.6,0.02123091,0.04844945,-0.9985998,0.0,0.0,0.0,-0.1462044,0.4073929,-1.141781,0.5796,0.4007999,1.915,0.9440248,-0.07660364,0.3208569,0.05472624,0.9955536,0.07666998,-0.3253034,-0.05481907,0.9440194,static,-18.97349,2.470344,16.83913,11.82109,4.732128740013254,-0.38425036124496414
05/04/2023 16:18:32.262934,922,True,True,True,True,Eyes,0.01061361,0.1601463,-3.260632,-0.3185217,0.04100611,0.9470283,0.0,0.0,0.0,0.0,0.0,0.0,0.0,1.086902,0.09222169,2.969735,-0.09395041,0.1564384,-3.158462,0.033523,-0.1594195,-0.03367053,0.986067,3.174456,341.5099,355.5718,0.01957178,0.04851046,-0.9986306,0.0,0.0,0.0,-0.1291873,0.404701,-1.133388,0.5796,0.4008,1.915,0.9469034,-0.07709123,0.3121391,0.05571436,0.995485,0.07684732,-0.316654,-0.05537637,0.9469233,static,-18.58975,2.479346,16.83913,11.82109,4.74562783908232,-0.3827879804250933
05/04/2023 16:18:32.283056,923,True,True,True,True,Eyes,0.006212133,0.1598609,-3.25554,-0.3121641,0.04127813,0.949131,0.0,0.0,0.0,0.0,0.0,0.0,0.0,1.062003,0.0916364,2.970526,-0.09527647,0.1550215,-3.15074,0.03335735,-0.1554774,-0.03386123,0.9866953,3.169945,341.9679,355.5659,0.01793993,0.04856557,-0.9986587,0.0,0.0,0.0,-0.1142842,0.4033735,-1.12546,0.5796,0.4008,1.915,0.9493604,-0.07719405,0.3045585,0.05644879,0.9954814,0.07635638,-0.3090766,-0.05529776,0.9494282,static,-18.20576,2.49025,16.83913,11.82109,4.75911156538913,-0.3813602886809385
05/04/2023 16:18:32.306709,924,True,True,True,True,Eyes,0.001912352,0.1595376,-3.250333,-0.3059902,0.04159268,0.9511257,0.0,0.0,0.0,0.0,0.0,0.0,0.0,1.041499,0.08743431,2.969219,-0.09660152,0.1536536,-3.14256,0.0326086,-0.1522578,-0.03401237,0.987217,3.096983,342.345,355.5725,0.01633693,0.04861407,-0.9986838,0.0,0.0,0.0,-0.1022206,0.4045352,-1.11751,0.5795999,0.4008,1.915,0.9513215,-0.077085,0.2984048,0.05722535,0.9955597,0.07474083,-0.3028412,-0.05402623,0.9515085,static,-17.83369,2.503946,16.83913,11.82109,4.772136823834926,-0.3800357600126463
05/04/2023 16:18:32.312503,925,True,True,True,True,Eyes,-0.002252784,0.159172,-3.244989,-0.2998071,0.04198541,0.9530755,0.0,0.0,0.0,0.0,0.0,0.0,0.0,1.021675,0.0832905,2.967502,-0.09759705,0.1523422,-3.134341,0.03185293,-0.1491918,-0.03428375,0.9877003,3.020463,342.7039,355.5645,0.01476258,0.04865564,-0.9987063,0.0,0.0,0.0,-0.09038579,0.4057187,-1.109606,0.5796001,0.4008,1.915,0.9531329,-0.07722854,0.2925296,0.05821975,0.99562,0.07315202,-0.2968977,-0.0526926,0.9534544,static,-17.46191,2.522394,16.83913,11.82109,4.7850912274186825,-0.3788017880545105
05/04/2023 16:18:32.332384,926,True,True,True,True,Eyes,-0.006304545,0.1587639,-3.239518,-0.2937694,0.04246219,0.9549327,0.0,0.0,0.0,0.0,0.0,0.0,0.0,1.001013,0.07710877,2.965702,-0.09858479,0.150924,-3.125838,0.03076663,-0.1459796,-0.03449215,0.9882073,2.908283,343.0814,355.5693,0.01321707,0.04868988,-0.9987262,0.0,0.0,0.0,-0.07791667,0.4081315,-1.10168,0.5796,0.4008,1.915,0.9550005,-0.07715338,0.2863938,0.05918818,0.9957274,0.07087791,-0.2906386,-0.05073731,0.9554868,static,-17.09966,2.546046,16.83913,11.82109,4.797641210341267,-0.377706155867105
05/04/2023 16:18:32.352338,927,True,True,True,True,Eyes,-0.01021836,0.1583176,-3.233907,-0.2877399,0.0430254,0.9567416,0.0,0.0,0.0,0.0,0.0,0.0,0.0,0.9809549,0.06889217,2.963433,-0.09929869,0.1494792,-3.11717,0.02937453,-0.1428988,-0.03451843,0.988699,2.763865,343.4455,355.5987,0.01170135,0.04871635,-0.9987438,0.0,0.0,0.0,-0.06575913,0.411864,-1.093848,0.5796,0.4008,1.915,0.9567768,-0.07665183,0.2805399,0.05986149,0.9958912,0.06795042,-0.2845957,-0.04821985,0.9574341,static,-16.73865,2.5749,16.83913,11.82109,4.810080900049021,-0.37671357829765173
05/04/2023 16:18:32.372248,928,True,True,True,True,Eyes,-0.0139801,0.1578395,-3.228155,-0.2818947,0.04361627,0.9584535,0.0,0.0,0.0,0.0,0.0,0.0,0.0,0.9622131,0.05959956,2.960292,-0.09996495,0.1480818,-3.108185,0.02789113,-0.1400504,-0.03405701,0.9891654,2.615801,343.7841,355.6834,0.01021568,0.04873487,-0.9987593,0.0,0.0,0.0,-0.05479234,0.4163516,-1.085862,0.5796,0.4008,1.915,0.958452,-0.07518835,0.2751662,0.05956371,0.9961244,0.06471726,-0.2789657,-0.04563848,0.959216,static,-16.38935,2.605557,16.83913,11.82109,4.822082177304923,-0.3758046806189679
05/04/2023 16:18:32.383003,929,True,True,True,True,Eyes,-0.01759608,0.1573427,-3.222264,-0.276065,0.04421518,0.9601215,0.0,0.0,0.0,0.0,0.0,0.0,0.0,0.9444355,0.05252673,2.95656,-0.1003374,0.146828,-3.099087,0.02684368,-0.1374217,-0.03323568,0.9895909,2.521479,344.0956,355.8006,0.008761954,0.04874543,-0.9987726,0.0,0.0,0.0,-0.04476535,0.4195146,-1.077613,0.5796001,0.4008,1.915,0.9600213,-0.07315727,0.2701983,0.05840164,0.9963496,0.06226313,-0.2737669,-0.04399391,0.9607894,static,-16.0416,2.636702,16.83913,11.82109,4.83402224585091,-0.37491154622668277
05/04/2023 16:18:32.402793,930,True,True,True,True,Eyes,-0.02107078,0.1568556,-3.216241,-0.2703256,0.04475264,0.9617283,0.0,0.0,0.0,0.0,0.0,0.0,0.0,0.9259628,0.04897511,2.952776,-0.1005031,0.1458778,-3.089873,0.02635834,-0.1347131,-0.03276155,0.9899922,2.485254,344.4125,355.869,0.007340512,0.04874843,-0.9987839,0.0,0.0,0.0,-0.03412635,0.4205084,-1.068988,0.5796,0.4008,1.915,0.9615581,-0.07196897,0.2650027,0.05776573,0.9964638,0.06101591,-0.2684568,-0.04336228,0.9623153,static,-15.69978,2.664255,16.83913,11.82109,4.845797719320862,-0.37397610602560327
05/04/2023 16:18:32.412980,931,True,True,True,True,Eyes,-0.02440591,0.1563982,-3.21008,-0.26457,0.0453066,0.9633017,0.0,0.0,0.0,0.0,0.0,0.0,0.0,0.9055995,0.04697709,2.949475,-0.1004842,0.1454593,-3.08066,0.02615013,-0.1317001,-0.03270212,0.990405,2.475071,344.7621,355.8866,0.005952581,0.0487451,-0.9987932,0.0,0.0,0.0,-0.02187518,0.4206183,-1.060286,0.5795999,0.4007999,1.915,0.9631713,-0.07166463,0.2591625,0.05788873,0.9964935,0.06041219,-0.2625832,-0.0431847,0.9639425,static,-15.35756,2.692786,16.83913,11.82109,4.857574918377416,-0.37305734863377743
05/04/2023 16:18:32.432281,932,True,True,True,True,Eyes,-0.02763071,0.155943,-3.203802,-0.2589424,0.04582697,0.964805,0.0,0.0,0.0,0.0,0.0,0.0,0.0,0.8855587,0.04368642,2.945809,-0.1005096,0.1457961,-3.071247,0.02577638,-0.1287079,-0.03310154,0.9907948,2.439093,345.1087,355.8542,0.00459813,0.04873718,-0.9988009,0.0,0.0,0.0,-0.009433457,0.421824,-1.051515,0.5795999,0.4008,1.915,0.9646772,-0.0722289,0.2533397,0.05895841,0.9964797,0.05959906,-0.2567526,-0.04255735,0.9655398,static,-15.02347,2.71943,16.83913,11.82109,4.869087742510942,-0.3721376884361845
05/04/2023 16:18:32.452301,933,True,True,True,True,Eyes,-0.03072257,0.1554715,-3.197391,-0.2532916,0.04632112,0.9662803,0.0,0.0,0.0,0.0,0.0,0.0,0.0,0.8670804,0.03773707,2.941753,-0.1003258,0.1455881,-3.062009,0.02478757,-0.1259704,-0.03399042,0.9911417,2.325266,345.4277,355.7744,0.003277117,0.04872533,-0.9988066,0.0,0.0,0.0,0.002622715,0.424601,-1.043258,0.5796,0.4008,1.915,0.9659522,-0.07362364,0.248024,0.06113363,0.9964604,0.05769955,-0.2513942,-0.04057241,0.967034,static,-14.6885,2.744519,16.83913,11.82109,4.880651605404601,-0.371185057194033
05/04/2023 16:18:32.463040,934,True,True,True,True,Eyes,-0.03363203,0.1550093,-3.190868,-0.2438795,0.04760579,0.9686364,0.0,0.0,0.0,0.0,0.0,0.0,0.0,0.8472334,0.0372234,2.937482,-0.1002909,0.1445882,-3.052381,0.02453977,-0.1230093,-0.03511549,0.9914805,2.293725,345.7683,355.6568,0.001989962,0.04870965,-0.9988108,0.0,0.0,0.0,0.01541651,0.4234159,-1.034295,0.5796,0.4008,1.915,0.9672712,-0.07566987,0.2421991,0.06359539,0.9963294,0.05730047,-0.245646,-0.04002235,0.968533,static,-14.13198,2.813665,16.83913,11.82109,4.899513805700429,-0.3701185785857598
05/04/2023 16:18:32.482910,935,True,True,True,True,Eyes,-0.03641577,0.1545741,-3.184229,-0.2345888,0.04874684,0.9708717,0.0,0.0,0.0,0.0,0.0,0.0,0.0,0.8269709,0.04150358,2.933449,-0.1001225,0.1440255,-3.043018,0.02518946,-0.1200017,-0.03609481,0.9917976,2.367151,346.11,355.5431,0.0007385337,0.04869095,-0.9988134,0.0,0.0,0.0,0.02822889,0.4191757,-1.025192,0.5796,0.4007999,1.915,0.9685935,-0.07764304,0.2362163,0.06555194,0.9961253,0.05862856,-0.2398531,-0.04130282,0.9699302,static,-13.58384,2.87437,16.83913,11.82109,4.918186295900608,-0.36892906411976867
05/04/2023 16:18:32.502544,936,True,True,True,True,Eyes,-0.03915234,0.1542094,-3.177498,-0.2231389,0.05084165,0.9734599,0.0,0.0,0.0,0.0,0.0,0.0,0.0,0.8071955,0.04849167,2.929206,-0.09997315,0.1442588,-3.033704,0.02650608,-0.1170787,-0.03656809,0.9920951,2.523573,346.4395,355.4781,-0.0004776017,0.04867052,-0.9988146,0.0,0.0,0.0,0.0402016,0.4134534,-1.015862,0.5796,0.4008,1.915,0.9699107,-0.07876465,0.2303679,0.06635146,0.9959204,0.06115579,-0.234245,-0.04403042,0.97118,static,-12.91045,2.989715,16.83913,11.82109,4.9406058303634,-0.36823408162167803
05/04/2023 16:18:32.512378,937,True,True,True,True,Eyes,-0.04176463,0.1539442,-3.170647,-0.2118535,0.05286179,0.9758707,0.0,0.0,0.0,0.0,0.0,0.0,0.0,0.78692,0.05094284,2.924936,-0.09962572,0.1450237,-3.024257,0.02719128,-0.1140675,-0.03690054,0.9924151,2.610828,346.7825,355.4386,-0.001659953,0.04865087,-0.9988142,0.0,0.0,0.0,0.05277424,0.4108618,-1.006857,0.5796,0.4008,1.915,0.9712539,-0.0794446,0.2243978,0.06703803,0.995798,0.06238838,-0.2284113,-0.04555177,0.9724985,static,-12.24839,3.100616,16.83913,11.82109,4.962680054662815,-0.3675037380189474
05/04/2023 16:18:32.532303,938,True,True,True,True,Eyes,-0.04418486,0.1537563,-3.163676,-0.2008718,0.05500055,0.9780723,0.0,0.0,0.0,0.0,0.0,0.0,0.0,0.7656213,0.04880318,2.920628,-0.09931609,0.1470972,-3.014486,0.02740173,-0.1108442,-0.036827,0.9927771,2.650504,347.1533,355.4527,-0.002809129,0.04863524,-0.9988124,0.0,0.0,0.0,0.0660102,0.4117495,-0.9979469,0.5796,0.4008,1.915,0.9727147,-0.07919665,0.2180689,0.06704736,0.9957858,0.06257174,-0.2221054,-0.04624351,0.9739255,static,-11.60575,3.21856,16.83913,11.82109,4.983975554629875,-0.36698835246629036
05/04/2023 16:18:32.552500,939,True,True,True,True,Eyes,-0.04649384,0.1536219,-3.15659,-0.1900067,0.05719578,0.9801153,0.0,0.0,0.0,0.0,0.0,0.0,0.0,0.7429271,0.03053518,2.917158,-0.09891045,0.149092,-3.005108,0.02497533,-0.1072859,-0.03623601,0.9932537,2.397867,347.5773,355.5603,-0.003923077,0.04862583,-0.9988091,0.0,0.0,0.0,0.08092852,0.4233913,-0.9911019,0.5796,0.4008,1.915,0.9743534,-0.0773421,0.2113143,0.0666241,0.9961264,0.05738891,-0.2149343,-0.04183846,0.9757319,static,-10.97136,3.339775,16.83913,11.82109,5.004936681180246,-0.3665695296202164
05/04/2023 16:18:32.562775,940,True,True,True,True,Eyes,-0.04868013,0.1535309,-3.149404,-0.1794212,0.05939827,0.9819776,0.0,0.0,0.0,0.0,0.0,0.0,0.0,0.7191097,0.01685418,2.913185,-0.09861422,0.1502173,-2.99529,0.0231602,-0.1035523,-0.0356841,0.9937139,2.214396,348.0176,355.6544,-0.005001166,0.04862393,-0.9988044,0.0,0.0,0.0,0.09630426,0.431688,-0.9836783,0.5796,0.4008,1.915,0.9760072,-0.07571615,0.2041497,0.06612298,0.9963805,0.05341956,-0.2074555,-0.03863888,0.9774811,static,-10.35453,3.461514,16.83913,11.82109,5.025268157998745,-0.3662352183369878
05/04/2023 16:18:32.583546,941,True,True,True,True,Eyes,-0.0507713,0.1534919,-3.142127,-0.1689089,0.06156282,0.9837071,0.0,0.0,0.0,0.0,0.0,0.0,0.0,0.6947812,0.003774151,2.909457,-0.09836026,0.1511728,-2.985824,0.02145097,-0.09971052,-0.03477967,0.9941772,2.04683,348.4701,355.7862,-0.006044387,0.04863033,-0.9987983,0.0,0.0,0.0,0.1117901,0.4396763,-0.9767441,0.5796,0.4008,1.915,0.9776964,-0.07343209,0.1967677,0.06487653,0.9966605,0.04958793,-0.199752,-0.03571633,0.9791954,static,-9.743048,3.581041,16.83913,11.82109,5.045438098398754,-0.3658820666463286
05/04/2023 16:18:32.602759,942,True,True,True,True,Eyes,-0.05273366,0.1534848,-3.134761,-0.1586683,0.06359468,0.9852818,0.0,0.0,0.0,0.0,0.0,0.0,0.0,0.668735,-0.003049746,2.905965,-0.09824258,0.1523769,-2.976403,0.0207468,-0.09554836,-0.03452757,0.9946095,1.986948,348.953,355.8314,-0.007053226,0.04864603,-0.9987909,0.0,0.0,0.0,0.1286106,0.4433732,-0.9695001,0.5796,0.4008,1.915,0.9793567,-0.07264753,0.1886339,0.06471824,0.9967548,0.04786803,-0.1914993,-0.03467182,0.9808801,static,-9.148284,3.693014,16.83913,11.82109,5.065111218607187,-0.36545800374612514
05/04/2023 16:18:32.612659,943,True,True,True,True,Eyes,-0.05461648,0.1535003,-3.127315,-0.1484808,0.06550543,0.9867433,0.0,0.0,0.0,0.0,0.0,0.0,0.0,0.6420771,-0.008252636,2.902466,-0.09801657,0.1532101,-2.967079,0.02026449,-0.09129139,-0.03417658,0.9950314,1.953451,349.4457,355.8852,-0.008027595,0.0486713,-0.9987824,0.0,0.0,0.0,0.1457841,0.4459019,-0.9624112,0.5796,0.4008,1.915,0.9809957,-0.07171348,0.1802904,0.0643136,0.9968426,0.04656766,-0.1830608,-0.03408755,0.9825104,static,-8.557416,3.798035,16.83913,11.82109,5.084734728254319,-0.36491982868243966
05/04/2023 16:18:32.632692,944,True,True,True,True,Eyes,-0.05641568,0.1535179,-3.119807,-0.1386008,0.06715401,0.9880689,0.0,0.0,0.0,0.0,0.0,0.0,0.0,0.6152222,-0.007675588,2.898768,-0.09806821,0.1537789,-2.957727,0.02069564,-0.08696317,-0.03396919,0.9954172,2.022586,349.942,355.913,-0.008968668,0.04870608,-0.9987727,0.0,0.0,0.0,0.1628548,0.4444408,-0.9549198,0.5796,0.4008,1.915,0.982567,-0.07122654,0.1717232,0.06402751,0.9968356,0.04710972,-0.1745353,-0.03529345,0.9840183,static,-7.985031,3.888123,16.83913,11.82109,5.1038928503535725,-0.36417954327530955
05/04/2023 16:18:32.652382,945,True,True,True,True,Eyes,-0.09971998,0.1536954,-2.930413,0.1108658,0.1041799,0.9883599,0.0,0.0,0.0,0.0,0.0,0.0,0.0,0.5897596,-0.006095365,2.894868,-0.09811525,0.1540374,-2.948688,0.02122295,-0.08284963,-0.0338684,0.9957603,2.100589,350.4129,355.9278,-0.009877132,0.04874963,-0.998762,0.0,0.0,0.0,0.1791009,0.4422324,-0.9477141,0.5796,0.4008,1.915,0.9839777,-0.07096624,0.1635592,0.06393299,0.996805,0.04787792,-0.1664343,-0.03665397,0.9853711,static,6.400197,6.017148,16.83913,11.82109,5.5870979757489705,-0.343035628743703
05/04/2023 16:18:32.672535,946,True,True,True,True,Eyes,-0.09972391,0.1536775,-2.93005,0.1109044,0.1040806,0.988366,0.0,0.0,0.0,0.0,0.0,0.0,0.0,0.5646328,-0.00593321,2.890744,-0.09830458,0.1535344,-2.93973,0.02140038,-0.07875117,-0.03356432,0.9960994,2.140343,350.8839,355.9696,-0.01258654,0.04917134,-0.9987108,-0.1299129,0.0005325079,0.5681834,0.1950582,0.4408344,-0.940931,0.5796,0.4008,1.915,0.9853434,-0.0702374,0.1554514,0.06349617,0.9968309,0.04792026,-0.1583246,-0.03734735,0.9866806,static,6.402367,6.011419,16.83913,11.82109,5.587247979185804,-0.34291871387978545
05/04/2023 16:18:32.682795,947,True,True,True,True,Eyes,-0.09974342,0.1536612,-2.929343,0.1111929,0.1040295,0.9883391,0.0,0.0,0.0,0.0,0.0,0.0,0.0,0.5407534,-0.007428259,2.88599,-0.09864441,0.152925,-2.930579,0.02131106,-0.07483065,-0.03287391,0.9964265,2.151954,351.3363,356.0578,-0.01488356,0.04952193,-0.9986619,-0.1221181,0.0005005574,0.5340924,0.2099306,0.4407668,-0.9341498,0.5796,0.4008,1.915,0.9866394,-0.0687023,0.1477253,0.06232342,0.9969303,0.04738975,-0.1505276,-0.03754985,0.9878924,static,6.419059,6.008651,16.83913,11.82109,5.587875436031892,-0.34279571226538513
05/04/2023 16:18:32.702896,948,True,True,True,True,Eyes,-0.09980176,0.1536438,-2.928312,0.111498,0.1039983,0.988308,0.0,0.0,0.0,0.0,0.0,0.0,0.0,0.5207825,-0.01167844,2.880606,-0.09906076,0.153202,-2.921637,0.02091001,-0.07153878,-0.0318355,0.9967104,2.127738,351.7184,356.1871,-0.01683891,0.04981505,-0.9986162,-0.114791,0.000470524,0.5020469,0.2220264,0.4432236,-0.9274972,0.5796,0.4008,1.915,0.9877374,-0.0664533,0.1412755,0.0604698,0.9970986,0.04623738,-0.1439382,-0.03712749,0.9888899,static,6.436724,6.007047,16.83913,11.82109,5.588522575958485,-0.3426904534246781
05/04/2023 16:18:32.712685,949,True,True,True,True,Eyes,-0.09987482,0.1536513,-2.92696,0.1120173,0.1040812,0.9882404,0.0,0.0,0.0,0.0,0.0,0.0,0.0,0.5014331,-0.01817048,2.875037,-0.09944236,0.1532117,-2.912772,0.02004488,-0.06832755,-0.03098392,0.9969802,2.047878,352.0926,356.2983,-0.01855681,0.05007083,-0.9985731,-0.1079036,0.0004422925,0.4719241,0.2340138,0.4470926,-0.9212291,0.5796,0.4008,1.915,0.9887426,-0.06451994,0.1350003,0.05904148,0.9972764,0.04420281,-0.1374846,-0.03573459,0.9898591,static,6.466887,6.01221,16.83913,11.82109,5.589526855053816,-0.34265925516386325
05/04/2023 16:18:32.732608,950,True,True,True,True,Eyes,-0.09996448,0.1536819,-2.92531,0.1125625,0.1041763,0.9881685,0.0,0.0,0.0,0.0,0.0,0.0,0.0,0.4835031,-0.02709826,2.868961,-0.09986367,0.1536931,-2.903765,0.01882059,-0.06532839,-0.03016634,0.9972302,1.925241,352.4435,356.4075,-0.02010635,0.05030347,-0.9985313,-0.1014294,0.000415755,0.4436086,0.2451738,0.4528471,-0.9149829,0.5796,0.4008,1.915,0.9896444,-0.06262461,0.1291594,0.05770654,0.9974715,0.04147835,-0.1314304,-0.03359548,0.990756,static,6.498566,6.0181,16.83913,11.82109,5.590575650868529,-0.34263527662018245
05/04/2023 16:18:32.752355,951,True,True,True,True,Eyes,-0.1000759,0.1537453,-2.923373,0.1133405,0.1043323,0.988063,0.0,0.0,0.0,0.0,0.0,0.0,0.0,0.4653148,-0.03597905,2.863007,-0.100451,0.154375,-2.894944,0.01757394,-0.0622182,-0.02988054,0.9974604,1.795966,352.8058,356.4554,-0.02150649,0.05051683,-0.9984914,-0.09534359,0.0003908097,0.4169921,0.2569398,0.4583778,-0.9090798,0.5796,0.4008,1.915,0.9904721,-0.06179615,0.1230701,0.05742248,0.9975966,0.03877684,-0.1251706,-0.03134039,0.9916401,static,6.543786,6.027685,16.83913,11.82109,5.592057742239639,-0.3426231794084083
05/04/2023 16:18:32.763086,952,True,True,True,True,Eyes,-0.1002238,0.1538297,-2.921168,0.1142116,0.1044096,0.9879546,0.0,0.0,0.0,0.0,0.0,0.0,0.0,0.4470836,-0.0429673,2.856989,-0.1011438,0.1552086,-2.886139,0.01662526,-0.05905621,-0.03009328,0.9976625,1.697258,353.172,356.4433,-0.0227723,0.05071433,-0.9984533,-0.08962297,0.0003673611,0.3919726,0.2690701,0.4624012,-0.903117,0.5796,0.4008,1.915,0.9912135,-0.06200953,0.1168357,0.05808223,0.997636,0.03672719,-0.118837,-0.02961841,0.9924719,static,6.594356,6.032773,16.83913,11.82109,5.59378695054091,-0.3425038045482906
05/04/2023 16:18:32.782591,953,True,True,True,True,Eyes,-0.1004046,0.1539566,-2.918708,0.1153291,0.1043947,0.9878263,0.0,0.0,0.0,0.0,0.0,0.0,0.0,0.4275053,-0.04535984,2.851286,-0.102001,0.1557965,-2.877495,0.01643501,-0.05563316,-0.03030614,0.9978559,1.686314,353.5652,356.426,-0.02391917,0.05089883,-0.9984171,-0.08424559,0.0003453195,0.3684542,0.2819292,0.4631746,-0.8971116,0.5796,0.4008,1.915,0.991973,-0.06231098,0.1100316,0.05865366,0.9976228,0.03617159,-0.1120239,-0.02942748,0.9932697,static,6.659155,6.032695,16.83913,11.82109,5.5960868002513395,-0.342226824920508
05/04/2023 16:18:32.802679,954,True,True,True,True,Eyes,-0.100625,0.1541115,-2.916009,0.1165481,0.1041941,0.9877045,0.0,0.0,0.0,0.0,0.0,0.0,0.0,0.4069708,-0.0413437,2.845804,-0.103035,0.1569662,-2.868916,0.01748855,-0.05202865,-0.03029929,0.9980327,1.819757,353.9748,356.4264,-0.02495981,0.05107346,-0.9983827,-0.07919086,0.0003246003,0.346347,0.2949665,0.4598649,-0.8906221,0.5796,0.4008,1.915,0.9927499,-0.06229917,0.1027928,0.05865954,0.9975522,0.03806115,-0.1049124,-0.03175543,0.9939743,static,6.729725,6.021924,16.83913,11.82109,5.598727673705173,-0.3417243109751391
05/04/2023 16:18:32.813245,955,True,True,True,True,Eyes,-0.1008793,0.1542739,-2.913077,0.1180247,0.1038757,0.9875627,0.0,0.0,0.0,0.0,0.0,0.0,0.0,0.385657,-0.03836083,2.840446,-0.1039125,0.1578941,-2.860526,0.01836488,-0.04830412,-0.02986795,0.9982171,1.93575,354.3997,356.4776,-0.02590703,0.0512407,-0.99835,-0.07443941,0.0003051243,0.3255661,0.3083611,0.4574327,-0.8846445,0.5795999,0.4008,1.915,0.9935492,-0.06140359,0.09533895,0.05785519,0.9975412,0.03954976,-0.09753304,-0.03377879,0.9946589,static,6.815158,6.004513,16.83913,11.82109,5.601980467671281,-0.3410337897271861
05/04/2023 16:18:32.832720,956,True,True,True,True,Eyes,-0.1011638,0.1544331,-2.909927,0.1195391,0.103366,0.987434,0.0,0.0,0.0,0.0,0.0,0.0,0.0,0.3624851,-0.03038788,2.835094,-0.1050613,0.1582944,-2.852014,0.02008296,-0.04423502,-0.02884895,0.9984025,2.151933,354.8622,356.5932,-0.02677182,0.05140202,-0.9983189,-0.06997304,0.0002868168,0.3060322,0.3223135,0.4517786,-0.8784334,0.5796,0.4007999,1.915,0.994422,-0.05938246,0.08716996,0.05582898,0.9975288,0.04265402,-0.08948745,-0.03754949,0.9952799,static,6.902658,5.976038,16.83913,11.82109,5.605447608214227,-0.34012650917639997
05/04/2023 16:18:32.852686,957,True,True,True,True,Eyes,-0.1014872,0.1545941,-2.906564,0.1212868,0.102683,0.9872921,0.0,0.0,0.0,0.0,0.0,0.0,0.0,0.3389504,-0.01934095,2.82974,-0.1062213,0.1583485,-2.843648,0.02230364,-0.04009906,-0.02756464,0.9985664,2.42621,355.3318,356.7387,-0.02756425,0.05155843,-0.9982893,-0.06577466,0.0002696078,0.2876703,0.3362674,0.4441296,-0.8722693,0.5796,0.4008,1.915,0.9952645,-0.05683895,0.07885356,0.05326153,0.9974855,0.04675397,-0.08131272,-0.0423327,0.9957892,static,7.003579,5.93768,16.83913,11.82109,5.609516845504399,-0.33897639353978914
05/04/2023 16:18:32.863114,958,True,True,True,True,Eyes,-0.1013831,0.1547657,-2.903002,0.1260352,0.1039465,0.9865648,0.0,0.0,0.0,0.0,0.0,0.0,0.0,0.3166644,-0.005916655,2.823971,-0.1075519,0.1586121,-2.835207,0.0249799,-0.03613988,-0.0262359,0.9986899,2.751142,355.7803,356.889,-0.02829169,0.0517106,-0.998261,-0.06182818,0.0002534314,0.27041,0.3492711,0.4350246,-0.8657625,0.5796,0.4007999,1.915,0.9960112,-0.05420859,0.07087433,0.05059751,0.9973753,0.05179068,-0.07349581,-0.04799804,0.9961398,static,7.28019,6.014611,16.83913,11.82109,5.618349570670607,-0.33924637183214074
05/04/2023 16:18:32.882620,959,True,True,True,True,Eyes,-0.1013402,0.1549424,-2.899246,0.130891,0.105072,0.985813,0.0,0.0,0.0,0.0,0.0,0.0,0.0,0.2951636,0.003723994,2.818101,-0.1088535,0.1590501,-2.826956,0.02699373,-0.03226991,-0.02523879,0.9987958,2.997567,356.2206,357.006,-0.02894742,0.05185999,-0.9982345,-0.05811849,0.0002382255,0.2541854,0.3622555,0.4283819,-0.859898,0.5796,0.4008,1.915,0.9966433,-0.05215897,0.06309953,0.04867464,0.9972687,0.05555136,-0.06582468,-0.05229355,0.99646,static,7.563191,6.083849,16.83913,11.82109,5.62750704316647,-0.3393445751467567
05/04/2023 16:18:32.902530,960,True,True,True,True,Eyes,-0.1014965,0.1551306,-2.895307,0.136002,0.1062543,0.9849941,0.0,0.0,0.0,0.0,0.0,0.0,0.0,0.2741107,0.008803904,2.811841,-0.1104061,0.1594642,-2.818519,0.0281384,-0.02837131,-0.02509967,0.9988861,3.140803,356.6647,357.0297,-0.02954069,0.05200736,-0.9982094,-0.05463138,0.0002239319,0.2389343,0.375742,0.4242132,-0.8545004,0.5796,0.4007999,1.915,0.9971302,-0.05174008,0.05526689,0.04854678,0.9971564,0.05763834,-0.05809194,-0.0547899,0.9968066,static,7.861347,6.156864,16.83913,11.82109,5.637154025503418,-0.3394493387213337
05/04/2023 16:18:32.912771,961,True,True,True,True,Eyes,-0.1017236,0.1553151,-2.891186,0.141231,0.1074325,0.9841301,0.0,0.0,0.0,0.0,0.0,0.0,0.0,0.2525542,0.01186176,2.805456,-0.111962,0.1597843,-2.810061,0.02890732,-0.02435012,-0.02507397,0.9989709,3.24089,357.1237,357.043,-0.030084,0.05215347,-0.9981856,-0.0513535,0.000210496,0.2245982,0.3897952,0.4212961,-0.849537,0.5796,0.4008,1.915,0.9975567,-0.05150412,0.04720048,0.04868853,0.9970713,0.05897625,-0.05009976,-0.05653403,0.9971429,static,8.166669,6.230019,16.83913,11.82109,5.647053449599706,-0.3395262653689997
05/04/2023 16:18:32.932520,962,True,True,True,True,Eyes,-0.1019475,0.155484,-2.886889,0.146571,0.1087625,0.9832028,0.0,0.0,0.0,0.0,0.0,0.0,0.0,0.2311565,0.008739322,2.798867,-0.1138717,0.1599203,-2.801539,0.02853599,-0.02024285,-0.02518553,0.9990705,3.210201,357.5957,357.0445,-0.03058645,0.05229906,-0.9981627,-0.04827229,0.0001978663,0.2111223,0.4040143,0.422483,-0.8453552,0.5796,0.4008,1.915,0.9979118,-0.05147953,0.03901068,0.04916893,0.9971028,0.05803857,-0.04188545,-0.05599926,0.9975519,static,8.478926,6.312433,16.83913,11.82109,5.657080894121711,-0.3397477477536197
05/04/2023 16:18:32.952400,963,True,True,True,True,Eyes,-0.1022484,0.1556321,-2.882414,0.1519983,0.1101338,0.9822255,0.0,0.0,0.0,0.0,0.0,0.0,0.0,0.2100304,0.003685117,2.792036,-0.1158698,0.1597675,-2.792962,0.02778599,-0.01614822,-0.0249541,0.999172,3.136793,358.0684,357.0858,-0.03105103,0.05244366,-0.9981408,-0.04537595,0.0001859943,0.198455,0.417881,0.4252376,-0.8414405,0.5796,0.4008,1.915,0.9982331,-0.05076426,0.03088294,0.04896948,0.9972104,0.05633188,-0.03365644,-0.05472002,0.9979343,static,8.796682,6.39767,16.83913,11.82109,5.667267444545566,-0.3399989135320177
05/04/2023 16:18:32.972415,964,True,True,True,True,Eyes,-0.111136,0.1588019,-2.766192,0.2866938,0.1463038,0.946785,0.0,0.0,0.0,0.0,0.0,0.0,0.0,0.1895058,-0.003457934,2.784804,-0.1181114,0.1593216,-2.784192,0.02662967,-0.01210276,-0.02422087,0.9992785,3.017137,358.538,357.1845,-0.03148545,0.05258733,-0.9981197,-0.04265339,0.0001748346,0.1865477,0.4309914,0.4298575,-0.8376314,0.5795999,0.4008,1.915,0.9985338,-0.04905139,0.02289806,0.04776222,0.9974084,0.0538072,-0.02547804,-0.05263464,0.9982888,static,16.84672,8.784266,16.83913,11.82109,5.922437977882365,-0.3506326447406358
05/04/2023 16:18:32.982766,965,True,True,True,True,Eyes,-0.1112236,0.1587798,-2.765845,0.2869897,0.1463749,0.9466844,0.0,0.0,0.0,0.0,0.0,0.0,0.0,0.1694724,-0.01003824,2.777429,-0.120309,0.1589358,-2.775463,0.02558109,-0.008138767,-0.02330876,0.9993678,2.909035,358.9983,357.3024,-0.03240516,0.05308269,-0.998064,-0.06675698,0.009673715,0.5240213,0.4436546,0.4343449,-0.8338414,0.5796,0.4008,1.915,0.9987809,-0.04700444,0.01507472,0.04617165,0.9976046,0.05150925,-0.01745977,-0.05075043,0.9985588,static,16.86481,8.789382,16.83913,11.82109,5.923014545653476,-0.35065189519785067
05/04/2023 16:18:33.003598,966,True,True,True,True,Eyes,-0.1114078,0.1587338,-2.765162,0.2875138,0.1465542,0.9464976,0.0,0.0,0.0,0.0,0.0,0.0,0.0,0.1494436,-0.01538241,2.769749,-0.1227854,0.1583522,-2.766573,0.02470534,-0.004107839,-0.02245223,0.9994342,2.819991,359.4653,357.413,-0.03317585,0.05350108,-0.9980163,-0.06275156,0.009093292,0.49258,0.4562683,0.4379146,-0.829993,0.5796,0.4008,1.914999,0.9989581,-0.04508203,0.007101649,0.04467609,0.9977711,0.04956718,-0.009320409,-0.04919826,0.9987455,moving,16.897,8.801694,16.83914,11.82109,5.923999618469018,-0.3507464587685919
05/04/2023 16:18:33.012812,967,True,True,True,True,Eyes,-0.111692,0.1586507,-2.764152,0.2883419,0.1467331,0.9462179,0.0,0.0,0.0,0.0,0.0,0.0,0.0,0.1283427,-0.01745677,2.76207,-0.1251396,0.1577162,-2.757766,0.02438862,0.0001164654,-0.02194533,0.9994617,2.794626,359.952,357.4831,-0.03387718,0.05387739,-0.9979724,-0.05898647,0.008547694,0.4630252,0.4655085,0.436118,-0.8264004,0.5753512,0.3978619,1.915,0.9990368,-0.04386134,-0.001303238,0.0438727,0.9978471,0.04874587,-0.0008376266,-0.04875609,0.9988104,moving,16.9476,8.814833,16.72261,11.73685,5.925627277052704,-0.3507782915759633
05/04/2023 16:18:33.032715,968,True,True,True,True,Eyes,-0.1120574,0.1585202,-2.762832,0.2893356,0.1468855,0.9458909,0.0,0.0,0.0,0.0,0.0,0.0,0.0,0.1072157,-0.01789533,2.754138,-0.1279039,0.1567382,-2.748848,0.02428432,0.004449955,-0.0218234,0.9994571,2.793502,0.4494594,357.5092,-0.03452025,0.05421522,-0.9979322,-0.05544728,0.008034833,0.4352437,0.4759184,0.4333086,-0.8227525,0.5720438,0.3955749,1.915,0.9990079,-0.04340697,-0.009955013,0.04383923,0.997868,0.04834805,0.007835145,-0.0487365,0.998781,moving,17.00819,8.826848,16.6318,11.67123,5.927623673946562,-0.35074652082840696
05/04/2023 16:18:33.052278,969,True,True,True,True,Eyes,-0.1125279,0.1583479,-2.76121,0.2906357,0.1469956,0.9454751,0.0,0.0,0.0,0.0,0.0,0.0,0.0,0.08586811,-0.01528732,2.746133,-0.1307071,0.1555039,-2.739998,0.02467687,0.008851736,-0.02195097,0.9994153,2.849547,0.952891,357.5072,-0.0351137,0.05451703,-0.997895,-0.05212044,0.007552743,0.4091291,0.4860332,0.4276535,-0.8190719,0.568159,0.3928885,1.915,0.9988796,-0.0434394,-0.01877648,0.04431313,0.9978184,0.04893626,0.01660976,-0.04971348,0.9986254,moving,17.08724,8.837181,16.52504,11.59413,5.9302964089032715,-0.35060464487446974
05/04/2023 16:18:33.062660,970,True,True,True,True,Eyes,-0.1131014,0.1581206,-2.759296,0.2921455,0.1470855,0.9449957,0.0,0.0,0.0,0.0,0.0,0.0,0.0,0.06445107,-0.01343727,2.737886,-0.1337772,0.1543453,-2.73105,0.02493274,0.0133584,-0.02250131,0.9993466,2.890886,1.467499,357.4573,-0.03566756,0.05478597,-0.9978606,-0.04899321,0.007099578,0.3845813,0.4965239,0.4220913,-0.8156034,0.5642846,0.3902093,1.915,0.9986305,-0.04430709,-0.02782137,0.04563934,0.9977441,0.04923175,0.02557729,-0.05043407,0.9983999,moving,17.179,8.846913,16.41843,11.51718,5.933427712934612,-0.3503974312931254
05/04/2023 16:18:33.082316,971,True,True,True,True,Eyes,-0.1137884,0.1578383,-2.757099,0.2939909,0.1471578,0.9444119,0.0,0.0,0.0,0.0,0.0,0.0,0.0,0.04106014,-0.01302704,2.729422,-0.1368851,0.152816,-2.722042,0.02486662,0.01827003,-0.02318332,0.9992549,2.897152,2.028987,357.3932,-0.03618877,0.05502335,-0.9978288,-0.04605362,0.006673603,0.3615064,0.5085651,0.4172012,-0.8128662,0.5604057,0.3875269,1.915,0.9982575,-0.04542347,-0.03766581,0.04724072,0.9976884,0.04884906,0.03535985,-0.0505433,0.9980957,moving,17.29111,8.856583,16.31159,11.44011,5.937281758307719,-0.35010252782794593
05/04/2023 16:18:33.102362,972,True,True,True,True,Eyes,-0.1145706,0.1574897,-2.754634,0.2960244,0.1472254,0.943766,0.0,0.0,0.0,0.0,0.0,0.0,0.0,0.01743586,-0.01340972,2.720686,-0.140383,0.1512307,-2.712939,0.02463738,0.02334285,-0.0242726,0.9991291,2.886925,2.608247,357.2824,-0.03668557,0.05523116,-0.9977992,-0.0432904,0.006273187,0.339816,0.5210525,0.4123697,-0.8104654,0.5565533,0.384863,1.915,0.9977319,-0.0473527,-0.04784107,0.04965313,0.9976076,0.04809866,0.04544902,-0.05036502,0.9976962,moving,17.41471,8.86655,16.20536,11.36352,5.9415396457060945,-0.3497643537216003
05/04/2023 16:18:33.112426,973,True,True,True,True,Eyes,-0.1154711,0.1570748,-2.751902,0.2984087,0.1472644,0.9430087,0.0,0.0,0.0,0.0,0.0,0.0,0.0,-0.006892279,-0.01432694,2.711816,-0.1438683,0.1493308,-2.703923,0.02425934,0.02857734,-0.02542837,0.9989735,2.861523,3.206342,357.1639,-0.03716443,0.05541059,-0.9977716,-0.04069298,0.005896796,0.3194271,0.5341666,0.4076887,-0.8085756,0.5527279,0.3822178,1.915,0.9970735,-0.049418,-0.05832977,0.05219107,0.9975298,0.04701553,0.05586227,-0.04992223,0.9971897,moving,17.55962,8.875874,16.09977,11.28743,5.946561737226638,-0.3493234868891033
05/04/2023 16:18:33.132393,974,True,True,True,True,Eyes,-0.1164631,0.1566322,-2.748919,0.3009231,0.1473242,0.9422,0.0,0.0,0.0,0.0,0.0,0.0,0.0,-0.03256536,-0.01367085,2.702514,-0.1477018,0.147343,-2.69468,0.02417082,0.03415034,-0.02652028,0.9987724,2.871356,3.842782,357.0543,-0.03763273,0.0555629,-0.9977455,-0.0382514,0.005542988,0.3002614,0.54802,0.4018099,-0.8068923,0.5488608,0.3795436,1.915,0.9962608,-0.05132456,-0.06949885,0.05462633,0.9974248,0.04647095,0.06693479,-0.05009365,0.9964991,moving,17.71262,8.886922,15.99291,11.21046,5.951848862118139,-0.3488806290123917
05/04/2023 16:18:33.152357,975,True,True,True,True,Eyes,-0.1175732,0.1562028,-2.745693,0.3038209,0.1473808,0.9412607,0.0,0.0,0.0,0.0,0.0,0.0,0.0,-0.06001596,-0.01395012,2.693036,-0.1514976,0.1462881,-2.685495,0.02409602,0.04009473,-0.02777384,0.9985191,2.885939,4.521444,356.9274,-0.03809458,0.05569005,-0.9977209,-0.03595632,0.005210409,0.2822458,0.563264,0.3965209,-0.8059462,0.5449525,0.3768409,1.915,0.9952421,-0.05353316,-0.08140918,0.05739766,0.997296,0.04589351,0.07873222,-0.05034784,0.9956236,moving,17.88908,8.899008,15.88479,11.13264,5.95795504088076,-0.3483575348811457
05/04/2023 16:18:33.162901,976,True,True,True,True,Eyes,-0.1188111,0.1557884,-2.742238,0.3069964,0.1475518,0.940203,0.0,0.0,0.0,0.0,0.0,0.0,0.0,-0.08868998,-0.01728213,2.683284,-0.1555426,0.1461921,-2.676306,0.02364931,0.04636937,-0.02888099,0.9982268,2.859853,5.239665,356.8164,-0.03855426,0.05579524,-0.9976974,-0.03379894,0.004897784,0.265311,0.5793627,0.393753,-0.8058478,0.5410764,0.3741605,1.915,0.9940315,-0.05546634,-0.09394032,0.05985275,0.9972132,0.04453636,0.09120825,-0.04989313,0.9945812,moving,18.08297,8.919031,15.77745,11.05541,5.964578417728577,-0.34790952394446184
05/04/2023 16:18:33.182816,977,True,True,True,True,Eyes,-0.1201669,0.1553558,-2.738554,0.3105744,0.1477841,0.9389907,0.0,0.0,0.0,0.0,0.0,0.0,0.0,-0.118995,-0.02498031,2.673259,-0.1595418,0.1461022,-2.667264,0.02240955,0.05298687,-0.02935603,0.9979121,2.741875,6.001613,356.7737,-0.03902029,0.05588236,-0.9976743,-0.031771,0.004603917,0.2493923,0.5963263,0.3947434,-0.8069971,0.5371683,0.3714581,1.914999,0.9926613,-0.05621465,-0.1070682,0.0609643,0.997272,0.04161454,0.1044367,-0.04783648,0.9933804,moving,18.30181,8.944189,15.66911,10.97751,5.972021490437976,-0.3474519531482837
05/04/2023 16:18:33.202701,978,True,True,True,True,Eyes,-0.1216487,0.1549366,-2.73466,0.3143044,0.1480064,0.9377136,0.0,0.0,0.0,0.0,0.0,0.0,0.0,-0.15186,-0.03016879,2.662438,-0.1638412,0.1452123,-2.657934,0.0215043,0.06015143,-0.02911184,0.997533,2.65975,6.827588,356.8154,-0.03949549,0.05595263,-0.9976517,-0.02986474,0.004327682,0.2344288,0.6144915,0.3945753,-0.8087011,0.5333087,0.3687891,1.915,0.9910686,-0.05549301,-0.1212581,0.06066707,0.9973801,0.03940025,0.118754,-0.04640472,0.9918387,moving,18.53021,8.969427,15.562,10.90053,5.979802700888945,-0.3469552387522518
05/04/2023 16:18:33.212691,979,True,True,True,True,Eyes,-0.1232404,0.1545559,-2.730568,0.3183619,0.1481925,0.9363144,0.0,0.0,0.0,0.0,0.0,0.0,0.0,-0.1826262,-0.03087842,2.651721,-0.1675954,0.1447957,-2.648939,0.0215112,0.06684024,-0.02895972,0.9971114,2.680671,7.596339,356.8508,-0.03998251,0.0560084,-0.9976292,-0.02807285,0.004068021,0.2203631,0.6310504,0.3911887,-0.8097394,0.5292027,0.3659498,1.915,0.9893874,-0.0548765,-0.1345402,0.06062774,0.9973972,0.03902676,0.1320484,-0.04676946,0.9901393,moving,18.77886,8.993724,15.44793,10.81859,5.988314308304663,-0.34635473702825703
05/04/2023 16:18:33.232903,980,True,True,True,True,Eyes,-0.1248993,0.1542246,-2.726303,0.3223447,0.148419,0.9349148,0.0,0.0,0.0,0.0,0.0,0.0,0.0,-0.2124268,-0.02925454,2.640907,-0.1720076,0.1454877,-2.640003,0.02215425,0.07349541,-0.02849362,0.9966422,2.771218,8.360721,356.9274,-0.04048628,0.0560531,-0.9976063,-0.02638848,0.00382394,0.2071413,0.6469685,0.3872456,-0.8107007,0.5255579,0.3634292,1.915,0.987573,-0.05353942,-0.1477598,0.06005236,0.9973946,0.03997142,0.1452347,-0.04834802,0.9882152,moving,19.02343,9.02051,15.34657,10.74582,5.996649447180055,-0.345818368626267
05/04/2023 16:18:33.252740,981,True,True,True,True,Eyes,-0.1263517,0.1539191,-2.721863,0.3265697,0.1486087,0.9334172,0.0,0.0,0.0,0.0,0.0,0.0,0.0,-0.2393926,-0.03153045,2.630232,-0.1762596,0.146514,-2.631329,0.0221138,0.07966532,-0.0286806,0.9961637,2.787256,9.069788,356.9228,-0.04100581,0.05608977,-0.9975832,-0.02480517,0.003594504,0.1947128,0.661393,0.3852529,-0.8117327,0.5217282,0.3607811,1.915,0.9856617,-0.05361773,-0.1599879,0.06066454,0.9973768,0.03948822,0.1574509,-0.04862761,0.9863288,moving,19.28314,9.0461,15.23995,10.66932,6.005536947116399,-0.34519514642532517
05/04/2023 16:18:33.262502,982,True,True,True,True,Eyes,-0.1279239,0.1536643,-2.717248,0.3307185,0.1488253,0.9319207,0.0,0.0,0.0,0.0,0.0,0.0,0.0,-0.2704243,-0.03283776,2.618117,-0.1727699,0.146815,-2.622468,0.02220236,0.08521134,-0.02937149,0.9956825,2.821156,9.705671,356.8602,-0.04153367,0.05612063,-0.9975595,-0.02331686,0.003378833,0.1830301,0.6812788,0.3812737,-0.811654,0.5177133,0.3580047,1.915,0.9837527,-0.05470557,-0.1709911,0.06227314,0.9972888,0.03920742,0.1683826,-0.04921857,0.9844922,moving,19.53868,9.073371,15.12807,10.58908,6.014255083972046,-0.34462125217616607
05/04/2023 16:18:33.282552,983,True,True,True,True,Eyes,-0.1293078,0.1534413,-2.712483,0.3350604,0.1490328,0.9303353,0.0,0.0,0.0,0.0,0.0,0.0,0.0,-0.2919387,-0.0372974,2.607392,-0.1766082,0.1477462,-2.613827,0.02172098,0.0903817,-0.0302628,0.9952103,2.791655,10.29959,356.7682,-0.04207503,0.05614851,-0.9975353,-0.02191785,0.003176103,0.1720483,0.6927684,0.379938,-0.8116298,0.5139259,0.3553857,1.915,0.9818307,-0.05630933,-0.1812123,0.06416205,0.9972247,0.03776348,0.1785829,-0.04870429,0.9827187,moving,19.80649,9.101036,15.02242,10.51335,6.023403498376047,-0.3440025941849123
05/04/2023 16:18:33.302685,984,True,True,True,True,Eyes,-0.1305597,0.1532492,-2.707562,0.3392791,0.149155,0.9287855,0.0,0.0,0.0,0.0,0.0,0.0,0.0,-0.3180228,-0.04139348,2.595485,-0.173523,0.1483991,-2.605237,0.0213372,0.09516088,-0.03132233,0.9947402,2.774845,10.84803,356.6565,-0.04262083,0.05617512,-0.9975106,-0.02060278,0.002985537,0.1617254,0.7096854,0.3776689,-0.8110384,0.5100464,0.352703,1.915,0.9799266,-0.05825423,-0.1906573,0.06637609,0.9971273,0.03648861,0.187984,-0.04841125,0.9809783,moving,20.06691,9.123317,14.91409,10.43573,6.0323583616378915,-0.34331415368494733
05/04/2023 16:18:33.312822,985,True,True,True,True,Eyes,-0.1318746,0.1531251,-2.702503,0.3437105,0.1492584,0.927138,0.0,0.0,0.0,0.0,0.0,0.0,0.0,-0.3389866,-0.04488938,2.584433,-0.176811,0.1490493,-2.596679,0.02098423,0.1001714,-0.03182832,0.9942396,2.757179,11.42484,356.6087,-0.0431666,0.0562021,-0.9974856,-0.01936661,0.002806405,0.1520218,0.7207071,0.3760407,-0.8109265,0.5061886,0.3500353,1.915,0.9779053,-0.05908591,-0.2005245,0.06749399,0.9970933,0.03535013,0.1978529,-0.04810328,0.9790507,moving,20.34085,9.145483,14.80626,10.35852,6.041794335799435,-0.3425660669629336
05/04/2023 16:18:33.332624,986,True,True,True,True,Eyes,-0.133103,0.1530885,-2.697311,0.3483771,0.1491088,0.9254189,0.0,0.0,0.0,0.0,0.0,0.0,0.0,-0.3645876,-0.04696878,2.572155,-0.1744031,0.1502135,-2.588075,0.02107837,0.1050348,-0.03246037,0.9937152,2.792024,11.98335,356.5512,-0.04371545,0.0562322,-0.9974599,-0.01820462,0.00263802,0.1429005,0.7368345,0.3730565,-0.8103904,0.5022985,0.3473452,1.915,0.9758281,-0.0600848,-0.2101178,0.06894065,0.997004,0.03507286,0.2073809,-0.04871073,0.9770468,moving,20.62902,9.153155,14.69742,10.28062,6.051919876869103,-0.3414850321392546
05/04/2023 16:18:33.352576,987,True,True,True,True,Eyes,-0.1343722,0.153137,-2.692,0.3532742,0.1490603,0.9235682,0.0,0.0,0.0,0.0,0.0,0.0,0.0,-0.3868229,-0.05463788,2.560675,-0.1770472,0.1525075,-2.579743,0.02026527,0.1102804,-0.03324507,0.9931377,2.727448,12.58846,356.4664,-0.04426388,0.05626861,-0.9974336,-0.01711234,0.002479739,0.1343265,0.7493531,0.374322,-0.8114002,0.4984302,0.3446701,1.915,0.973466,-0.06156414,-0.2203946,0.07050359,0.9969682,0.03291985,0.2176997,-0.04758497,0.9748551,moving,20.93236,9.168252,14.58908,10.20311,6.062488964347245,-0.340479065514821
05/04/2023 16:18:33.362705,988,True,True,True,True,Eyes,-0.1355983,0.1532461,-2.686558,0.3583843,0.1488855,0.9216256,0.0,0.0,0.0,0.0,0.0,0.0,0.0,-0.4136016,-0.06797203,2.547835,-0.1754053,0.1545268,-2.571479,0.01837031,0.1156807,-0.03415383,0.9925291,2.542935,13.21485,356.353,-0.04481484,0.0563142,-0.9974065,-0.0160856,0.002330955,0.1262669,0.7667925,0.3791266,-0.8134531,0.4946034,0.342024,1.915,0.970903,-0.06354717,-0.2308877,0.07204753,0.9969921,0.02856427,0.2283781,-0.04436802,0.972561,moving,21.24912,9.176661,14.48179,10.1264,6.073619391223998,-0.33929032469955855
05/04/2023 16:18:33.382559,989,True,True,True,True,Eyes,-0.1666939,0.1569284,-2.548014,0.488365,0.1450432,0.8605011,0.0,0.0,0.0,0.0,0.0,0.0,0.0,-0.4389175,-0.078968,2.535071,-0.1774925,0.1562622,-2.563113,0.01682265,0.1215269,-0.03481618,0.9918347,2.397541,13.89292,356.2713,-0.04536584,0.05637053,-0.9973783,-0.01512046,0.002191097,0.1186909,0.7814197,0.3823764,-0.8161039,0.4903752,0.3391,1.915,0.9680381,-0.06497497,-0.2422406,0.07315259,0.9970097,0.02490836,0.2398978,-0.04183277,0.9698964,moving,29.57645,9.567653,14.36314,10.0416,6.364062303822838,-0.3112335503028937
05/04/2023 16:18:33.402502,990,True,True,True,True,Eyes,-0.166689,0.1569403,-2.547686,0.4886436,0.1448768,0.8603709,0.0,0.0,0.0,0.0,0.0,0.0,0.0,-0.4677492,-0.08790603,2.521392,-0.1763204,0.1570688,-2.55503,0.0155214,0.1274423,-0.03515726,0.9911012,2.276824,14.57954,356.2281,-0.04749149,0.05691498,-0.9972484,-0.1074999,0.0131068,0.5272009,0.7999766,0.3846571,-0.8193346,0.486851,0.3366631,1.915,0.9650449,-0.06573264,-0.2537077,0.07364497,0.9970461,0.02180552,0.251525,-0.03972761,0.9670351,moving,29.5942,9.558299,14.26414,9.970892,6.364811236893629,-0.31098225275429875
05/04/2023 16:18:33.412703,991,True,True,True,True,Eyes,-0.1667289,0.1569483,-2.547063,0.4893789,0.1446751,0.8599869,0.0,0.0,0.0,0.0,0.0,0.0,0.0,-0.4969633,-0.09299374,2.507302,-0.1756751,0.1575521,-2.546861,0.01489007,0.1335429,-0.03524698,0.9903042,2.229675,15.28652,356.2224,-0.04928041,0.05736634,-0.9971358,-0.1010499,0.01232039,0.4955689,0.817858,0.3841594,-0.8225202,0.4828179,0.3338743,1.915,0.9618479,-0.06583355,-0.2655458,0.07378739,0.9970718,0.02007742,0.2634465,-0.03890536,0.9638892,moving,29.64221,9.549421,14.15074,9.889933,6.366627628458587,-0.31061124264495565
05/04/2023 16:18:33.438401,992,True,True,True,True,Eyes,-0.1667918,0.1569341,-2.546143,0.4904144,0.144245,0.8594691,0.0,0.0,0.0,0.0,0.0,0.0,0.0,-0.5275879,-0.09291197,2.49304,-0.17684,0.1573829,-2.538934,0.01513327,0.140256,-0.0352518,0.9893718,2.28289,16.06235,356.2409,-0.05087243,0.05776754,-0.9970327,-0.09498693,0.01158117,0.4658347,0.8362197,0.380079,-0.8270003,0.4791553,0.3313414,1.915,0.9581712,-0.06550921,-0.2785976,0.07399935,0.9970566,0.02005631,0.2764637,-0.03983341,0.9601985,moving,29.70915,9.527184,14.04766,9.816371,6.3692858613430765,-0.3099086355725412
05/04/2023 16:18:33.452621,993,True,True,True,True,Eyes,-0.1668752,0.1568942,-2.544957,0.4919117,0.1437338,0.8586987,0.0,0.0,0.0,0.0,0.0,0.0,0.0,-0.5615714,-0.08713578,2.477896,-0.1765196,0.1566956,-2.531247,0.01646121,0.1473587,-0.03560619,0.988305,2.466265,16.87995,356.2393,-0.05231019,0.05813019,-0.9969372,-0.08928771,0.0108863,0.4378847,0.85721,0.3708166,-0.8322083,0.4753116,0.3286834,1.915,0.9540353,-0.06552813,-0.2924429,0.07523095,0.9969225,0.02204362,0.2900984,-0.04303115,0.9560289,moving,29.80655,9.502398,13.93938,9.73914,6.373057203201378,-0.30902860443504376
05/04/2023 16:18:33.462907,994,True,True,True,True,Eyes,-0.1669847,0.1568282,-2.543507,0.493682,0.1429805,0.8578081,0.0,0.0,0.0,0.0,0.0,0.0,0.0,-0.5946589,-0.08318572,2.462436,-0.1771945,0.1560641,-2.523564,0.01744753,0.1545483,-0.03605054,0.9871732,2.613053,17.70945,356.2242,-0.05361012,0.05845769,-0.996849,-0.08393045,0.01023312,0.4116116,0.8772323,0.3626139,-0.8380151,0.4712929,0.3259045,1.915,0.9496304,-0.06578328,-0.3063899,0.07656923,0.9967918,0.02330437,0.3038739,-0.04559057,0.9516208,moving,29.9211,9.463136,13.82606,9.658355,6.377621474552377,-0.3078035482390393
05/04/2023 16:18:33.482533,995,True,True,True,True,Eyes,-0.1671023,0.1567536,-2.541831,0.4959365,0.1421275,0.8566486,0.0,0.0,0.0,0.0,0.0,0.0,0.0,-0.6304427,-0.07716338,2.445902,-0.1770044,0.1553735,-2.516024,0.01889845,0.1621564,-0.03675341,0.9858993,2.819147,18.58652,356.1915,-0.05478816,0.05875328,-0.9967676,-0.07889462,0.009619134,0.3869149,0.8997899,0.3524071,-0.8450633,0.4675922,0.3233453,1.915,0.9447091,-0.06634131,-0.3211288,0.07859933,0.9965841,0.02534434,0.3183505,-0.04918354,0.9466963,moving,30.06768,9.420195,13.72162,9.583924,6.383368955732253,-0.3063731519353733
05/04/2023 16:18:33.502677,996,True,True,True,True,Eyes,-0.1672326,0.1566687,-2.539927,0.4984267,0.1411493,0.855364,0.0,0.0,0.0,0.0,0.0,0.0,0.0,-0.6667231,-0.07271358,2.42896,-0.1774346,0.1551302,-2.508806,0.02015602,0.1700457,-0.03757584,0.9845132,3.007516,19.49772,356.1454,-0.05585708,0.0590203,-0.9966925,-0.07416095,0.009041985,0.3637,0.9224062,0.3430495,-0.8534585,0.4637563,0.3206929,1.915,0.9393451,-0.06713293,-0.3363392,0.0808427,0.9963636,0.02690852,0.3333097,-0.05246696,0.9413564,moving,30.22966,9.370316,13.61326,9.506748,6.389751206578525,-0.3047468635763899
05/04/2023 16:18:33.512551,997,True,True,True,True,Eyes,-0.167349,0.156579,-2.53782,0.501311,0.1401304,0.8538446,0.0,0.0,0.0,0.0,0.0,0.0,0.0,-0.7001977,-0.07094642,2.41211,-0.177541,0.1548607,-2.501616,0.02086454,0.1773847,-0.03830492,0.9831747,3.130845,20.34797,356.0997,-0.0568288,0.05926174,-0.9966232,-0.06971129,0.008499466,0.341878,0.9430057,0.3356866,-0.8611308,0.4596364,0.3178437,1.915,0.9341348,-0.06791874,-0.3503986,0.08272294,0.9961948,0.02743757,0.3472018,-0.05461639,0.9361987,moving,30.41813,9.320127,13.49676,9.423806,6.397077186671728,-0.3030021175066609
05/04/2023 16:18:33.532238,998,True,True,True,True,Eyes,-0.1674692,0.1564946,-2.535513,0.504205,0.139121,0.8523043,0.0,0.0,0.0,0.0,0.0,0.0,0.0,-0.7323028,-0.06913462,2.395153,-0.177286,0.1546315,-2.494486,0.02157671,0.1844234,-0.03884193,0.981842,3.250217,21.16493,356.0765,-0.0577134,0.05948055,-0.9965593,-0.06552862,0.007989498,0.3213653,0.9631568,0.3289718,-0.8685869,0.4559705,0.3153088,1.915,0.9289586,-0.06831478,-0.3638255,0.08423179,0.9960515,0.02804312,0.3604732,-0.05669656,0.9310449,moving,30.60765,9.270587,13.39301,9.349982,6.4044321454847815,-0.3012651063289761
05/04/2023 16:18:33.552478,999,True,True,True,True,Eyes,-0.1675821,0.1564351,-2.533021,0.5074239,0.1380697,0.8505632,0.0,0.0,0.0,0.0,0.0,0.0,0.0,-0.7632989,-0.06696258,2.37826,-0.1769634,0.1546877,-2.487566,0.02235172,0.1912409,-0.03878873,0.9805217,3.363399,21.95893,356.1219,-0.05851935,0.05967947,-0.9965005,-0.0615969,0.007510128,0.3020834,0.9821095,0.3232449,-0.8758554,0.4521855,0.3126915,1.915,0.9238447,-0.06751726,-0.3767658,0.08461551,0.9959917,0.0289967,0.3732978,-0.05866868,0.9258546,moving,30.8192,9.220247,13.28579,9.273721,6.412578852697232,-0.29941938997706025
05/04/2023 16:18:33.562996,1000,True,True,True,True,Eyes,-0.1676899,0.1564046,-2.530349,0.5105285,0.1371331,0.8488552,0.0,0.0,0.0,0.0,0.0,0.0,0.0,-0.7907957,-0.06849632,2.361883,-0.1769314,0.1551677,-2.480556,0.02265864,0.1975549,-0.04048952,0.9791932,3.461176,22.69078,355.959,-0.05925621,0.0598623,-0.996446,-0.05790108,0.00705952,0.2839584,0.9994268,0.3165554,-0.8823875,0.448081,0.3098532,1.914999,0.9186653,-0.07034149,-0.3887237,0.08824679,0.9956944,0.02837656,0.385054,-0.06037218,0.9209172,moving,31.02404,9.176882,13.16942,9.19099,6.420398611300557,-0.2977333128868764
05/04/2023 16:18:33.582923,1001,True,True,True,True,Eyes,-0.1677914,0.1563836,-2.527514,0.5137978,0.1361885,0.8470327,0.0,0.0,0.0,0.0,0.0,0.0,0.0,-0.8150124,-0.0721205,2.346383,-0.1764606,0.1558918,-2.473766,0.02253795,0.2031458,-0.04182652,0.9779951,3.501678,23.34118,355.8257,-0.05992992,0.06003189,-0.9963956,-0.05442702,0.006635949,0.2669209,1.014892,0.3125059,-0.8878311,0.4443119,0.3072468,1.915,0.9139647,-0.07265528,-0.3992364,0.09096923,0.9954852,0.02709026,0.3954657,-0.06107777,0.9164476,moving,31.24039,9.134017,13.06246,9.114981,6.428620334126958,-0.2960076959246944
05/04/2023 16:18:33.602468,1002,True,True,True,True,Eyes,-0.1678725,0.1563659,-2.524517,0.516796,0.135247,0.845358,0.0,0.0,0.0,0.0,0.0,0.0,0.0,-0.8307374,-0.07602292,2.333558,-0.1764736,0.1561151,-2.466958,0.02224772,0.2071159,-0.0436265,0.9770899,3.528644,23.80128,355.6308,-0.0605467,0.06019029,-0.9963487,-0.0511614,0.006237792,0.2509056,1.024749,0.3079396,-0.8895756,0.4405538,0.3046481,1.915,0.9103994,-0.07603832,-0.4066829,0.09446976,0.9952035,0.02540456,0.4028006,-0.06154753,0.9132161,moving,31.43886,9.0896,12.95572,9.039164,6.43622751433076,-0.294328928386369
05/04/2023 16:18:33.612577,1003,True,True,True,True,Eyes,-0.1679444,0.1563364,-2.521384,0.5199321,0.1341486,0.8436082,0.0,0.0,0.0,0.0,0.0,0.0,0.0,-0.8476145,-0.07605863,2.32037,-0.1755985,0.1561868,-2.46031,0.02280408,0.2111452,-0.04583951,0.976113,3.662335,24.26463,355.4101,-0.06111371,0.06033961,-0.996305,-0.04809171,0.005863525,0.2358513,1.03549,0.2993046,-0.8913207,0.4365612,0.301887,1.914999,0.9066329,-0.07985914,-0.4142937,0.09911904,0.9947574,0.02516113,0.4101124,-0.0638763,0.9097954,moving,31.64634,9.035387,12.84221,8.958574,6.444279194639829,-0.292427715869934
05/04/2023 16:18:33.632851,1004,True,True,True,True,Eyes,-0.1680262,0.1563101,-2.518098,0.522806,0.1330253,0.8420084,0.0,0.0,0.0,0.0,0.0,0.0,0.0,-0.8607008,-0.07223184,2.308774,-0.1755011,0.1559238,-2.453844,0.02413406,0.2145066,-0.04863377,0.9752124,3.895458,24.64501,355.1413,-0.06163609,0.06048071,-0.9962643,-0.04520621,0.005511713,0.2217002,1.043615,0.2867773,-0.8915534,0.4328037,0.2992887,1.915,0.9032434,-0.08450267,-0.4207264,0.1052103,0.9941046,0.02620713,0.4160315,-0.06793618,0.906809,moving,31.83629,8.977711,12.7353,8.882704,6.451753105826183,-0.29053594343810774
05/04/2023 16:18:33.652732,1005,True,True,True,True,Eyes,-0.1684365,0.1557482,-2.432858,0.5965645,0.1004724,0.7962513,0.0,0.0,0.0,0.0,0.0,0.0,0.0,-0.8740015,-0.06576428,2.296878,-0.1752612,0.1559924,-2.447202,0.02609542,0.2178839,-0.05136663,0.9742726,4.199646,25.02487,354.8964,-0.06211677,0.06061428,-0.9962264,-0.04249384,0.00518101,0.2083982,1.051705,0.2723845,-0.8914768,0.4290046,0.2966616,1.915,0.8997762,-0.08871865,-0.4272375,0.1114618,0.993361,0.02846417,0.4218758,-0.07323203,0.9036913,moving,36.84115,7.191678,12.62711,8.80596,6.6520729736798,-0.23568400734509085
05/04/2023 16:18:33.662806,1006,True,True,True,True,Eyes,-0.1684113,0.1557545,-2.432605,0.5965263,0.100481,0.7962788,0.0,0.0,0.0,0.0,0.0,0.0,0.0,-0.8905604,-0.06196379,2.283605,-0.1737814,0.1560628,-2.440745,0.02755222,0.2217415,-0.05383315,0.9732285,4.445068,25.46357,354.6728,-0.06279778,0.06092646,-0.9961646,-0.04117521,0.00318456,0.4516168,1.06218,0.2600344,-0.8929129,0.424979,0.293878,1.914999,0.8958654,-0.09256495,-0.4345768,0.1170028,0.9926857,0.02975512,0.4286439,-0.07750329,0.9001431,moving,36.83844,7.192039,12.51237,8.72461,6.6519722306606415,-0.23570231551053866
05/04/2023 16:18:33.682580,1007,True,True,True,True,Eyes,-0.168304,0.1557717,-2.43211,0.5967807,0.1003907,0.7960995,0.0,0.0,0.0,0.0,0.0,0.0,0.0,-0.905524,-0.0593794,2.271022,-0.1732845,0.1562608,-2.43446,0.02873636,0.2254638,-0.0560321,0.9722144,4.654224,25.88828,354.4733,-0.0634103,0.06120829,-0.9961085,-0.0387047,0.002993487,0.4245198,1.071324,0.2493974,-0.8944122,0.4212022,0.2912661,1.915,0.8920529,-0.0959924,-0.4416186,0.1219084,0.9920692,0.03060939,0.435178,-0.08114222,0.8966805,moving,36.85635,7.187246,12.40463,8.648248,6.652668707780957,-0.23553607111404257
05/04/2023 16:18:33.702832,1008,True,True,True,True,Eyes,-0.1681459,0.1557914,-2.431381,0.597058,0.1004735,0.7958812,0.0,0.0,0.0,0.0,0.0,0.0,0.0,-0.9235246,-0.06170134,2.256699,-0.1712266,0.1566121,-2.428076,0.02897106,0.2296324,-0.05789324,0.9711221,4.752817,26.37057,354.2908,-0.06395845,0.06146386,-0.9960577,-0.03638241,0.002813877,0.3990486,1.08325,0.2427354,-0.8972134,0.4173271,0.2885865,1.915,0.8878347,-0.09913743,-0.4493566,0.1257482,0.9916182,0.02968055,0.4426477,-0.08285721,0.8928593,moving,36.87668,7.195066,12.29399,8.56987,6.653290279558932,-0.23559662478345123
05/04/2023 16:18:33.713444,1009,True,True,True,True,Eyes,-0.1678979,0.1558102,-2.430428,0.5976318,0.1005209,0.7954444,0.0,0.0,0.0,0.0,0.0,0.0,0.0,-0.9420961,-0.06581926,2.241879,-0.1690139,0.1566963,-2.42173,0.02878731,0.233947,-0.05963504,0.9699916,4.804137,26.87257,354.1121,-0.06444766,0.06169672,-0.9960119,-0.03419947,0.002645045,0.3751057,1.095472,0.2373019,-0.9004896,0.4131961,0.2857299,1.915,0.8834249,-0.1022216,-0.4572867,0.1291604,0.9912299,0.02794402,0.4504198,-0.08374978,0.8888802,moving,36.9182,7.202335,12.17594,8.48628,6.654670625667466,-0.23555672527525687
05/04/2023 16:18:33.732332,1010,True,True,True,True,Eyes,-0.1676239,0.1558242,-2.429265,0.5982718,0.1007513,0.794934,0.0,0.0,0.0,0.0,0.0,0.0,0.0,-0.9600073,-0.07253,2.226793,-0.1679563,0.1567449,-2.415099,0.02801779,0.2384427,-0.06119087,0.9688219,4.788022,27.39963,353.9398,-0.06487983,0.06190925,-0.9959706,-0.0321475,0.002486342,0.3525994,1.107519,0.2344591,-0.9043745,0.4095533,0.2832108,1.915,0.8788015,-0.1052048,-0.4654458,0.1319274,0.9909413,0.02510747,0.4585881,-0.08346952,0.8847201,moving,36.96533,7.223255,12.07176,8.412538,6.6560760073210865,-0.23574957189852144
05/04/2023 16:18:33.752709,1011,True,True,True,True,Eyes,-0.1672518,0.1558271,-2.42789,0.5991678,0.1010025,0.7942269,0.0,0.0,0.0,0.0,0.0,0.0,0.0,-0.9771723,-0.07951343,2.212216,-0.1672024,0.1566345,-2.408858,0.02704583,0.2428203,-0.06216368,0.9676996,4.734216,27.91681,353.8263,-0.06526162,0.06210451,-0.9959326,-0.03021865,0.002337161,0.3314434,1.118572,0.2331226,-0.908335,0.4057938,0.2806111,1.915,0.8743479,-0.107177,-0.4733168,0.1334461,0.9908084,0.02215526,0.4665917,-0.08253367,0.8806136,moving,37.03104,7.247448,11.96416,8.336406,6.658098830291613,-0.23592494258630195
05/04/2023 16:18:33.762792,1012,True,True,True,True,Eyes,-0.166845,0.1558302,-2.426299,0.6001582,0.1013572,0.7934337,0.0,0.0,0.0,0.0,0.0,0.0,0.0,-0.9951963,-0.08611087,2.196603,-0.1645241,0.15643,-2.402365,0.02615389,0.2470673,-0.062974,0.9665961,4.685032,28.41958,353.7318,-0.0655939,0.062284,-0.995899,-0.02840553,0.002196932,0.3115568,1.130953,0.2316491,-0.9116824,0.4019562,0.2779574,1.915,0.869984,-0.1088173,-0.4809227,0.1346644,0.9907005,0.01944287,0.4743347,-0.08167814,0.8765473,moving,37.10409,7.279826,11.85422,8.258663,6.660277730423644,-0.23622295897065873
05/04/2023 16:18:33.782549,1013,True,True,True,True,Eyes,-0.1663314,0.1558353,-2.424511,0.6013623,0.1017353,0.7924729,0.0,0.0,0.0,0.0,0.0,0.0,0.0,-1.011062,-0.09015403,2.181748,-0.1631617,0.1563033,-2.395693,0.02571032,0.2511005,-0.06347213,0.9655355,4.676184,28.89707,353.6833,-0.06588079,0.06244991,-0.9958693,-0.0267012,0.002065116,0.2928634,1.141021,0.2291638,-0.9140927,0.3979707,0.2752012,1.915,0.8658397,-0.1096574,-0.4881566,0.1354809,0.9906206,0.0177727,0.481629,-0.08152422,0.8725751,moving,37.19278,7.315446,11.73996,8.177883,6.662970165445235,-0.2365154170507743
05/04/2023 16:18:33.802535,1014,True,True,True,True,Eyes,-0.1657874,0.155841,-2.422543,0.6025215,0.1022754,0.7915223,0.0,0.0,0.0,0.0,0.0,0.0,0.0,-1.02804,-0.09518653,2.16604,-0.16007,0.1563444,-2.389056,0.02504952,0.2550799,-0.06349955,0.9645075,4.629712,29.3716,353.6806,-0.06612301,0.0626042,-0.9958434,-0.02509913,0.001941209,0.2752916,1.152667,0.228549,-0.9165164,0.3941486,0.2725583,1.915,0.8618041,-0.1097123,-0.4952341,0.1352708,0.9906806,0.01592599,0.4888716,-0.08071582,0.8686135,moving,37.27907,7.362595,11.6303,8.100396,6.665430513486962,-0.23703479092682078
05/04/2023 16:18:33.812804,1015,True,True,True,True,Eyes,-0.1651222,0.155836,-2.420389,0.6038187,0.1028633,0.7904569,0.0,0.0,0.0,0.0,0.0,0.0,0.0,-1.041335,-0.09985375,2.152463,-0.1588516,0.1563269,-2.382808,0.02421108,0.2585595,-0.06275868,0.9636505,4.537741,29.79118,353.7552,-0.06632425,0.06274854,-0.9958209,-0.02359318,0.001824736,0.2587741,1.160609,0.22991,-0.9179106,0.390226,0.2698459,1.914999,0.8584166,-0.1084348,-0.5013609,0.1334749,0.9909503,0.01420834,0.4952831,-0.07911575,0.8651217,moving,37.37569,7.414321,11.51767,8.020838,6.668198999827038,-0.23759627773448766
05/04/2023 16:18:33.832696,1016,True,True,True,True,Eyes,-0.1643872,0.1558122,-2.418055,0.6050538,0.1035293,0.7894248,0.0,0.0,0.0,0.0,0.0,0.0,0.0,-1.053572,-0.1052171,2.138618,-0.155369,0.1561233,-2.376186,0.02323295,0.2614474,-0.06220532,0.962931,4.431678,30.14051,353.8015,-0.06648414,0.06288401,-0.9958016,-0.02217759,0.001715252,0.2432476,1.169182,0.2314104,-0.9174719,0.386421,0.2672145,1.915,0.8555515,-0.1076505,-0.506402,0.1319472,0.9911814,0.01221661,0.5006212,-0.07727029,0.862211,moving,37.46832,7.471432,11.40832,7.943624,6.670757299563552,-0.23827595151950154
05/04/2023 16:18:33.852284,1017,True,True,True,True,Eyes,-0.1635182,0.1557652,-2.415547,0.6064214,0.1042168,0.7882841,0.0,0.0,0.0,0.0,0.0,0.0,0.0,-1.064742,-0.1090339,2.125174,-0.1531565,0.1556035,-2.369442,0.02244822,0.2643484,-0.06152673,0.9622009,4.343075,30.49128,353.8668,-0.06660442,0.06301122,-0.9957857,-0.02084693,0.001612337,0.2286528,1.176376,0.2320896,-0.9168485,0.3825367,0.2645285,1.915,0.8526687,-0.1065338,-0.5114749,0.1302705,0.9914211,0.01067041,0.5059503,-0.07572838,0.8592319,moving,37.57083,7.531232,11.2966,7.86478,6.673631836580962,-0.23896416268271609
05/04/2023 16:18:33.862807,1018,True,True,True,True,Eyes,-0.1626167,0.1556827,-2.412897,0.6077955,0.1048597,0.7871398,0.0,0.0,0.0,0.0,0.0,0.0,0.0,-1.076652,-0.1134552,2.111144,-0.1491544,0.154937,-2.362779,0.02160692,0.267107,-0.06122277,0.9614775,4.258429,30.82407,353.8876,-0.06668399,0.06313054,-0.9957729,-0.01959612,0.001515597,0.2149336,1.185005,0.2321556,-0.9159898,0.3786349,0.2618303,1.915,0.8498112,-0.1061859,-0.5162805,0.1292713,0.9915699,0.008843068,0.5109891,-0.07425519,0.8563739,moving,37.67378,7.588041,11.1843,7.785549,6.676560105142274,-0.2395942810060684
05/04/2023 16:18:33.883066,1019,True,True,True,True,Eyes,-0.1615727,0.1555628,-2.410087,0.6092828,0.105487,0.7859052,0.0,0.0,0.0,0.0,0.0,0.0,0.0,-1.0873,-0.1170281,2.098505,-0.1471922,0.1540659,-2.356743,0.02088969,0.2699218,-0.06114838,0.9607118,4.194847,31.16239,353.8864,-0.06672592,0.06324169,-0.9957632,-0.01842035,0.001424661,0.2020376,1.19187,0.2311995,-0.9159616,0.3748142,0.2591882,1.915,0.8468063,-0.1062148,-0.5211887,0.1287691,0.991649,0.007127383,0.5160792,-0.07314849,0.8534118,moving,37.78508,7.64475,11.07425,7.707936,6.6797858788117255,-0.24018701695465489
05/04/2023 16:18:33.902614,1020,True,True,True,True,Eyes,-0.1604755,0.1554006,-2.407116,0.6111321,0.1057014,0.7844391,0.0,0.0,0.0,0.0,0.0,0.0,0.0,-1.098972,-0.1178978,2.084452,-0.1427643,0.1529456,-2.350065,0.02072776,0.2725348,-0.06094084,0.9599904,4.187113,31.47515,353.9158,-0.0667285,0.0633444,-0.9957566,-0.01731513,0.001339181,0.1899153,1.200424,0.228289,-0.9145256,0.3709267,0.2565002,1.915,0.8440219,-0.1057072,-0.5257879,0.1283033,0.9917132,0.006579902,0.5207352,-0.07301391,0.8505902,moving,37.92105,7.674254,10.96218,7.628944,6.684233604326899,-0.24016348626271478
05/04/2023 16:18:33.912552,1021,True,True,True,True,Eyes,-0.1592245,0.1551942,-2.404002,0.6130494,0.1059044,0.7829142,0.0,0.0,0.0,0.0,0.0,0.0,0.0,-1.109366,-0.1176331,2.071202,-0.1400917,0.1517436,-2.34345,0.02069333,0.2751867,-0.0604916,0.9592628,4.18595,31.79317,353.976,-0.06669383,0.06343822,-0.995753,-0.01627622,0.00125883,0.1785204,1.207185,0.2252392,-0.9131604,0.3669667,0.2537616,1.914999,0.8412262,-0.1046656,-0.5304561,0.1274437,0.9918251,0.006407721,0.5254489,-0.07299363,0.8476882,moving,38.06219,7.703612,10.84795,7.548437,6.688866605294108,-0.24011522930713616
05/04/2023 16:18:33.932594,1022,True,True,True,True,Eyes,-0.1579342,0.1549352,-2.400771,0.615195,0.105759,0.7812492,0.0,0.0,0.0,0.0,0.0,0.0,0.0,-1.120093,-0.1160302,2.057601,-0.1351911,0.1504806,-2.336851,0.02092621,0.2774669,-0.05983701,0.9586417,4.205104,32.06678,354.0656,-0.06661961,0.06352262,-0.9957526,-0.01529965,0.001183301,0.1678092,1.215289,0.2218257,-0.9108515,0.3633339,0.2512496,1.915,0.8388634,-0.1031118,-0.5344869,0.1263371,0.9919633,0.006915895,0.5294783,-0.07332703,0.8451485,moving,38.21868,7.709361,10.74307,7.474563,6.694345082319412,-0.2395579269094604
05/04/2023 16:18:33.952487,1023,True,True,True,True,Eyes,-0.1564733,0.1546311,-2.397406,0.6173838,0.1056077,0.7795411,0.0,0.0,0.0,0.0,0.0,0.0,0.0,-1.127935,-0.1144628,2.046486,-0.1326093,0.1489408,-2.331024,0.02099517,0.2794544,-0.0591495,0.9581053,4.202995,32.30642,354.1524,-0.06650838,0.06359669,-0.9957554,-0.01438167,0.001112303,0.1577406,1.219978,0.2186672,-0.9084045,0.3594414,0.2485581,1.915,0.8368132,-0.1016085,-0.5379772,0.1250773,0.992121,0.007171991,0.5330097,-0.07329033,0.8429289,moving,38.37865,7.715132,10.63061,7.39538,6.699946737906879,-0.23898624172599872
05/04/2023 16:18:33.962808,1024,True,True,True,True,Eyes,-0.1549239,0.1542835,-2.393905,0.6197107,0.1052262,0.7777442,0.0,0.0,0.0,0.0,0.0,0.0,0.0,-1.13806,-0.1140902,2.032933,-0.1271496,0.1475453,-2.324452,0.02104922,0.2815627,-0.05904234,0.9574932,4.218328,32.55854,354.1752,-0.066357,0.06365997,-0.9957615,-0.01351877,0.001045564,0.1482762,1.227902,0.21454,-0.9055545,0.3553925,0.2457578,1.915,0.834473,-0.1012119,-0.5416744,0.1249186,0.9921418,0.007060726,0.5367032,-0.07355721,0.8405587,moving,38.54803,7.705139,10.51354,7.312973,6.706083149427914,-0.23807822991561414
05/04/2023 16:18:33.983043,1025,True,True,True,True,Eyes,-0.1531951,0.1538931,-2.390281,0.6220713,0.1048385,0.77591,0.0,0.0,0.0,0.0,0.0,0.0,0.0,-1.147303,-0.1137245,2.019821,-0.123164,0.1461633,-2.31784,0.02112941,0.2837923,-0.05918528,0.9568242,4.245313,32.82432,354.1718,-0.06616607,0.0637121,-0.9957708,-0.01270764,0.0009828305,0.1393796,1.235034,0.2100342,-0.9031949,0.3516391,0.2431626,1.915,0.831918,-0.1012671,-0.5455799,0.1252525,0.9921013,0.006841594,0.5405777,-0.07402691,0.8380309,moving,38.72024,7.695023,10.40495,7.236568,6.712321527744777,-0.23715587342480132
05/04/2023 16:18:34.002359,1026,True,True,True,True,Eyes,-0.1084942,0.1428074,-2.297228,0.6804054,0.09191097,0.7270495,0.0,0.0,0.0,0.0,0.0,0.0,0.0,-1.157065,-0.1139214,2.006182,-0.1171635,0.1447495,-2.311247,0.02116473,0.2857784,-0.05952397,0.9562112,4.272335,33.06056,354.1444,-0.06593227,0.06375277,-0.9957836,-0.01194518,0.0009238607,0.1310168,1.243416,0.205283,-0.9001563,0.3477867,0.2404986,1.915,0.8295752,-0.1017381,-0.5490486,0.1259318,0.9920179,0.006454575,0.5440094,-0.07449724,0.8357655,moving,43.10188,7.204908,10.2934,7.158114,6.874014475552606,-0.20931321759708524
05/04/2023 16:18:34.019393,1027,True,True,True,True,Eyes,-0.1082365,0.1427369,-2.296969,0.6804898,0.09188987,0.7269731,0.0,0.0,0.0,0.0,0.0,0.0,0.0,-1.164437,-0.1127988,1.995,-0.1134701,0.1430033,-2.305502,0.02122304,0.2875201,-0.05937705,0.9556966,4.284547,33.26944,354.1703,-0.06404881,0.0635762,-0.995918,0.1228741,-0.03238859,0.4023151,1.24839,0.2008692,-0.8970374,0.3436412,0.2376318,1.915,0.8276131,-0.1012888,-0.5520844,0.125697,0.9920479,0.006421374,0.5470437,-0.07470977,0.8337635,moving,43.10843,7.20402,10.17329,7.073657,6.874258166030204,-0.20926867639970975
05/04/2023 16:18:34.032697,1028,True,True,True,True,Eyes,-0.1078003,0.142602,-2.296447,0.6806567,0.09173451,0.7268364,0.0,0.0,0.0,0.0,0.0,0.0,0.0,-1.172949,-0.1109698,1.982149,-0.1070844,0.1413567,-2.299041,0.02150968,0.2890911,-0.05916381,0.9552295,4.318507,33.4574,354.2101,-0.06234249,0.06341474,-0.9960367,0.1155017,-0.03044528,0.3781762,1.255753,0.1960595,-0.8927919,0.3397528,0.2349429,1.915,0.825852,-0.1005935,-0.5548419,0.1254665,0.992074,0.006885883,0.5497515,-0.07530081,0.8319273,moving,43.1208,7.193305,10.06054,6.994416,6.874833581007331,-0.2090146708095881
05/04/2023 16:18:34.052536,1029,True,True,True,True,Eyes,-0.1071086,0.1424083,-2.295693,0.680894,0.09155093,0.7266372,0.0,0.0,0.0,0.0,0.0,0.0,0.0,-1.178818,-0.1070978,1.970867,-0.1018593,0.139555,-2.292499,0.02211788,0.2902414,-0.05877986,0.9548904,4.379426,33.59458,354.2776,-0.06078923,0.06326493,-0.9961423,0.1085716,-0.02861856,0.3554857,1.260926,0.1905313,-0.8873338,0.3361651,0.2324621,1.915,0.8246098,-0.09941757,-0.5568975,0.1250957,0.9921115,0.008119604,0.5516972,-0.07636099,0.8305414,moving,43.1386,7.181008,9.956439,6.921279,6.875621797919748,-0.2087078408889869
05/04/2023 16:18:34.062666,1030,True,True,True,True,Eyes,-0.1062571,0.142169,-2.294712,0.6812164,0.09131991,0.7263642,0.0,0.0,0.0,0.0,0.0,0.0,0.0,-1.186651,-0.1041758,1.958486,-0.09505451,0.137961,-2.286174,0.02265372,0.2915553,-0.05854694,0.9544919,4.438266,33.75121,354.3269,-0.05936284,0.06312373,-0.9962373,0.1020573,-0.02690145,0.3341565,1.267923,0.1849787,-0.8824283,0.3322687,0.2297677,1.915,0.8231355,-0.09855553,-0.5592269,0.1249748,0.9921181,0.009106231,0.5539217,-0.07738491,0.8289646,moving,43.16288,7.16574,9.843305,6.841822,6.876677770815924,-0.20831761309840094
05/04/2023 16:18:34.082370,1031,True,True,True,True,Eyes,-0.1051442,0.1418895,-2.29352,0.6815908,0.09113234,0.7260364,0.0,0.0,0.0,0.0,0.0,0.0,0.0,-1.192386,-0.1021882,1.947612,-0.08995219,0.1366163,-2.280058,0.02290497,0.2926967,-0.05803933,0.9541675,4.45558,33.88926,354.3964,-0.05804379,0.06298891,-0.9963237,0.09593383,-0.02528736,0.3141071,1.272892,0.1813128,-0.8773879,0.3285884,0.2272229,1.915,0.8219202,-0.09735005,-0.561222,0.1241669,0.9922135,0.009734514,0.5559045,-0.07768618,0.827608,moving,43.19149,7.15437,9.736379,6.766752,6.87783767592351,-0.20798224592683429
05/04/2023 16:18:34.102341,1032,True,True,True,True,Eyes,-0.1038589,0.14157,-2.292148,0.6820375,0.09105228,0.7256268,0.0,0.0,0.0,0.0,0.0,0.0,0.0,-1.199623,-0.1031123,1.935328,-0.08258872,0.1353691,-2.27378,0.02259487,0.2938333,-0.05759536,0.9538523,4.413342,34.0284,354.4402,-0.05681117,0.06285879,-0.9964031,0.0901778,-0.02377012,0.2952607,1.279999,0.1794537,-0.8721825,0.3246935,0.2245293,1.915,0.8206895,-0.09659669,-0.5631499,0.1231532,0.9923445,0.009257457,0.5579445,-0.0769512,0.8263029,moving,43.22636,7.152142,9.623138,6.687266,6.879103145898643,-0.20779210521099115
05/04/2023 16:18:34.112781,1033,True,True,True,True,Eyes,-0.1023186,0.1412459,-2.290573,0.6825252,0.09100045,0.7251746,0.0,0.0,0.0,0.0,0.0,0.0,0.0,-1.205495,-0.1066043,1.924378,-0.07727388,0.1341081,-2.268008,0.02163476,0.2950383,-0.05714795,0.9535296,4.300097,34.17788,354.4629,-0.05564854,0.06273159,-0.9964768,0.08476713,-0.02234391,0.2775451,1.285341,0.1798353,-0.8678155,0.3208021,0.2218384,1.915,0.819373,-0.09621835,-0.5651282,0.1217507,0.9925321,0.00753708,0.5601828,-0.07498042,0.8249686,moving,43.26463,7.152524,9.509926,6.607835,6.880455970945343,-0.20763656867550953
05/04/2023 16:18:34.132371,1034,True,True,True,True,Eyes,-0.1005507,0.1410379,-2.288806,0.6830878,0.09100717,0.7246439,0.0,0.0,0.0,0.0,0.0,0.0,0.0,-1.211936,-0.1090568,1.912252,-0.06963263,0.1336648,-2.261565,0.02125196,0.2960129,-0.05711658,0.953238,4.262774,34.29629,354.4579,-0.05453828,0.06260742,-0.996546,0.07968111,-0.02100328,0.2608924,1.29244,0.1783732,-0.8620913,0.3170022,0.2192106,1.914999,0.8182281,-0.09630965,-0.5667691,0.1214731,0.9925721,0.006701854,0.5619137,-0.07433082,0.8238495,moving,43.30913,7.158232,9.399303,6.530241,6.881961933385471,-0.20755465652571603
05/04/2023 16:18:34.152719,1035,True,True,True,True,Eyes,-0.09860433,0.1408547,-2.286882,0.6836556,0.09132873,0.7240677,0.0,0.0,0.0,0.0,0.0,0.0,0.0,-1.215828,-0.122027,1.901768,-0.06197264,0.136384,-2.255528,0.01951196,0.2965577,-0.05844272,0.9530254,4.120486,34.36288,354.2562,-0.05346509,0.06249148,-0.9966115,0.07490024,-0.01974308,0.2452388,1.29873,0.18246,-0.8560295,0.3132063,0.2165857,1.915,0.817276,-0.09982193,-0.5675347,0.1229676,0.9924074,0.002527511,0.5629734,-0.07185407,0.8233457,moving,43.35564,7.188917,9.288724,6.452711,6.883220859671019,-0.2079336926775929
05/04/2023 16:18:34.162918,1036,True,True,True,True,Eyes,-0.09642836,0.1406181,-2.284745,0.6843724,0.09166819,0.7233473,0.0,0.0,0.0,0.0,0.0,0.0,0.0,-1.218887,-0.1390662,1.891679,-0.05576036,0.1367137,-2.249817,0.01557799,0.2971262,-0.05739535,0.9529844,3.657869,34.44934,354.2412,-0.05241889,0.06238459,-0.9966738,0.07040623,-0.0185585,0.2305245,1.303358,0.1959554,-0.8505482,0.3093283,0.213904,1.915,0.8168436,-0.1001365,-0.5681015,0.118651,0.9929262,-0.004416171,0.5645251,-0.06379848,0.8229467,moving,43.41408,7.222466,9.175682,6.373474,6.884866520037778,-0.20831583947138066
05/04/2023 16:18:34.185883,1037,True,True,True,True,Eyes,-0.09429055,0.1403934,-2.282372,0.6850965,0.09203313,0.7226151,0.0,0.0,0.0,0.0,0.0,0.0,0.0,-1.227335,-0.1480409,1.87688,-0.04763477,0.1349255,-2.242872,0.01342085,0.2987276,-0.05745788,0.9525127,3.433818,34.65002,354.1674,-0.05138626,0.06228404,-0.996734,0.06618185,-0.01744499,0.216693,1.312816,0.198912,-0.8464135,0.3053132,0.2111277,1.915,0.8149208,-0.1014404,-0.570626,0.1174771,0.9930369,-0.008761452,0.5675414,-0.05989557,0.8211634,moving,43.4733,7.258183,9.058569,6.29142,6.886512219997514,-0.208735421899146
05/04/2023 16:18:34.202533,1038,True,True,True,True,Eyes,-0.09214842,0.1402172,-2.279806,0.6859008,0.09234271,0.7218122,0.0,0.0,0.0,0.0,0.0,0.0,0.0,-1.226399,-0.1525533,1.867345,-0.04632886,0.1348136,-2.234722,0.01244595,0.2994923,-0.05757903,0.9522784,3.336097,34.74553,354.1237,-0.05036797,0.06219032,-0.9967918,0.06221094,-0.01639829,0.2036915,1.31306,0.1995929,-0.8384967,0.3014839,0.2084798,1.915,0.813978,-0.1022076,-0.5718333,0.1171175,0.9930595,-0.01078493,0.5689669,-0.05819297,0.8202989,moving,43.53868,7.290349,8.946803,6.213136,6.888421715782563,-0.2090620647367786
05/04/2023 16:18:34.212488,1039,True,True,True,True,Eyes,-0.08979008,0.1400803,-2.277083,0.6867178,0.09276112,0.7209813,0.0,0.0,0.0,0.0,0.0,0.0,0.0,-1.225209,-0.160103,1.859124,-0.04407713,0.1359383,-2.227709,0.01114956,0.2999179,-0.0580582,0.9521315,3.213518,34.80081,354.0285,-0.04936232,0.06210537,-0.9968474,0.05847829,-0.01541439,0.19147,1.313269,0.2019949,-0.8308079,0.2975354,0.2057491,1.915,0.813357,-0.1038702,-0.5724171,0.117246,0.9930099,-0.01359369,0.5698279,-0.05605708,0.81985,moving,43.60569,7.331373,8.831487,6.13238,6.8902761389733636,-0.2095482815721633
05/04/2023 16:18:34.232782,1040,True,True,True,True,Eyes,-0.08741902,0.1399938,-2.274194,0.687578,0.09309861,0.7201174,0.0,0.0,0.0,0.0,0.0,0.0,0.0,-1.229477,-0.1701603,1.847469,-0.03654443,0.1367107,-2.22119,0.009266653,0.3006009,-0.05829681,0.9519216,3.020336,34.89058,353.9404,-0.04835934,0.06203053,-0.9969012,0.05496959,-0.01448953,0.1799818,1.319748,0.2066035,-0.8246122,0.2938276,0.2031852,1.915,0.8124812,-0.1054169,-0.5733774,0.1165591,0.9930312,-0.01740589,0.5712165,-0.05269039,0.8191065,moving,43.67582,7.366485,8.723136,6.056534,6.892316600905336,-0.20991010445390318
05/04/2023 16:18:34.252735,1041,True,True,True,True,Eyes,-0.08484065,0.1400049,-2.271162,0.6884477,0.09358575,0.7192228,0.0,0.0,0.0,0.0,0.0,0.0,0.0,-1.230601,-0.1780825,1.837755,-0.03386257,0.1378039,-2.214339,0.007679757,0.3014941,-0.0580336,0.9516693,2.843655,35.00587,353.9177,-0.04735783,0.06196738,-0.9969532,0.05167142,-0.01362015,0.1691829,1.321721,0.2112552,-0.8184488,0.2899686,0.2005167,1.915,0.8114668,-0.1058268,-0.5747368,0.1150884,0.9931462,-0.0203764,0.572954,-0.04961076,0.8180847,moving,43.74757,7.413711,8.610298,5.97757,6.894260136128535,-0.21049274711609595
05/04/2023 16:18:34.262944,1042,True,True,True,True,Eyes,-0.01940382,0.1418944,-2.192048,0.7113761,0.1054131,0.6948612,0.0,0.0,0.0,0.0,0.0,0.0,0.0,-1.23596,-0.1871886,1.825498,-0.02632656,0.1401195,-2.207884,0.005943633,0.302385,-0.05684191,0.951471,2.618565,35.12387,353.9912,-0.04634829,0.06191944,-0.9970037,0.04857113,-0.01280295,0.1590319,1.328268,0.2192049,-0.8125502,0.2860047,0.1977756,1.914999,0.8106647,-0.1045723,-0.5760967,0.1117614,0.9934673,-0.02306589,0.5747454,-0.04568667,0.817056,moving,45.67286,8.626216,8.494327,5.896437,6.947109115712572,-0.22509831044089296
05/04/2023 16:18:34.282791,1043,True,True,True,True,Eyes,-0.01910121,0.1419309,-2.191781,0.7114952,0.1055419,0.6947197,0.0,0.0,0.0,0.0,0.0,0.0,0.0,-1.239465,-0.1979281,1.814234,-0.02290749,0.141712,-2.201429,0.003442348,0.3036868,-0.05531491,0.9511586,2.300772,35.29551,354.0754,-0.04259906,0.06219086,-0.9971541,0.2419674,-0.006366188,0.3868319,1.331972,0.2296307,-0.8080689,0.2821244,0.1950924,1.915,0.8094292,-0.1031357,-0.5780895,0.1073173,0.9938568,-0.02704838,0.5773278,-0.04014526,0.8155249,moving,45.68348,8.638328,8.380729,5.816994,6.947331504916764,-0.2252808262788657
05/04/2023 16:18:34.302875,1044,True,True,True,True,Eyes,-0.01864414,0.1420033,-2.191283,0.7117388,0.1054594,0.6944827,0.0,0.0,0.0,0.0,0.0,0.0,0.0,-1.249581,-0.2049987,1.798303,-0.01538638,0.1425961,-2.194721,0.001965028,0.305856,-0.05441706,0.9505194,2.121756,35.5652,354.1274,-0.03921046,0.06243686,-0.9972777,0.2274493,-0.005984216,0.363622,1.342393,0.2345487,-0.8055878,0.2783012,0.1924486,1.915,0.8069817,-0.1022469,-0.581658,0.104651,0.9940698,-0.02955198,0.5812303,-0.03702316,0.8128964,moving,45.70306,8.634577,8.268736,5.738694,6.948073947337905,-0.22512706789726203
05/04/2023 16:18:34.312622,1045,True,True,True,True,Eyes,-0.01791637,0.1420948,-2.190546,0.7121218,0.105402,0.6940987,0.0,0.0,0.0,0.0,0.0,0.0,0.0,-1.257562,-0.2098089,1.784613,-0.01144313,0.1437114,-2.188502,0.001022918,0.3081453,-0.05364273,0.9498253,2.005916,35.84661,354.184,-0.03613986,0.06266242,-0.9973795,0.2138024,-0.005625164,0.3418047,1.349204,0.2373572,-0.8035372,0.2740701,0.1895227,1.915,0.8043379,-0.101272,-0.5854779,0.1025328,0.9942428,-0.03111631,0.5852584,-0.03500268,0.810091,moving,45.73431,8.634652,8.144725,5.652014,6.949181638723914,-0.2249956084125583
05/04/2023 16:18:34.332639,1046,True,True,True,True,Eyes,-0.01706194,0.1421653,-2.189589,0.712697,0.1049598,0.693575,0.0,0.0,0.0,0.0,0.0,0.0,0.0,-1.270765,-0.2095511,1.767245,-0.004332326,0.1441106,-2.181999,0.001239461,0.3111095,-0.05289777,0.9489,2.021026,36.20385,354.2792,-0.03334302,0.06287132,-0.9974638,0.2009742,-0.005287654,0.3212964,1.361632,0.2356414,-0.803176,0.27051,0.1870609,1.915,0.8008255,-0.09961817,-0.5905548,0.1011606,0.9944006,-0.03056175,0.5902925,-0.03526625,0.8064188,moving,45.77904,8.605367,8.040318,5.579062,6.951141764083096,-0.22425495242485557
05/04/2023 16:18:34.352547,1047,True,True,True,True,Eyes,-0.01597219,0.1422219,-2.188415,0.7133931,0.1044312,0.692939,0.0,0.0,0.0,0.0,0.0,0.0,0.0,-1.283403,-0.2008458,1.751398,-0.000399631,0.1437343,-2.175821,0.003177576,0.31441,-0.05191943,0.9478612,2.216282,36.59465,354.4624,-0.03078718,0.06306499,-0.9975337,0.1889158,-0.004970395,0.3020186,1.371435,0.2273943,-0.8034353,0.2667089,0.1844323,1.915,0.7969015,-0.0964267,-0.596364,0.100423,0.9945886,-0.02662417,0.5957041,-0.03867178,0.8022725,moving,45.83327,8.570418,7.928785,5.50115,6.953511108731959,-0.22336743756806504
05/04/2023 16:18:34.363012,1048,True,True,True,True,Eyes,-0.01476555,0.1422607,-2.187042,0.7141867,0.1036286,0.6922416,0.0,0.0,0.0,0.0,0.0,0.0,0.0,-1.295493,-0.1929897,1.73524,0.00640955,0.1434883,-2.169326,0.004895895,0.3170336,-0.05069231,0.947046,2.373619,36.90641,354.6643,-0.02843755,0.06324507,-0.997592,0.1775808,-0.004672171,0.2838975,1.38195,0.2204898,-0.8014085,0.2627043,0.181663,1.915,0.7938399,-0.09291156,-0.6009872,0.09912022,0.9948126,-0.02286906,0.5999945,-0.04141561,0.7989314,moving,45.89394,8.513957,7.811216,5.419045,6.9563831046080615,-0.22204817841279406
05/04/2023 16:18:34.382777,1049,True,True,True,True,Eyes,-0.01333684,0.1422661,-2.185466,0.7150909,0.1027857,0.6914334,0.0,0.0,0.0,0.0,0.0,0.0,0.0,-1.305843,-0.1837097,1.721229,0.01067109,0.1431353,-2.163563,0.006782727,0.3196119,-0.04917757,0.9462473,2.537414,37.21371,354.9043,-0.02626825,0.06341276,-0.9976409,0.166926,-0.004391841,0.2668636,1.389924,0.2135487,-0.8000996,0.2589279,0.1790516,1.915,0.7908596,-0.08873259,-0.605531,0.09740396,0.9950711,-0.0185992,0.6041967,-0.04427175,0.7956044,moving,45.96361,8.455436,7.700286,5.3416,6.959600646635745,-0.2206519309420654
05/04/2023 16:18:34.402579,1050,True,True,True,True,Eyes,-0.01177388,0.1422485,-2.183721,0.7160125,0.1017919,0.6906263,0.0,0.0,0.0,0.0,0.0,0.0,0.0,-1.317414,-0.1763233,1.705005,0.01737966,0.1423713,-2.157114,0.00830707,0.3222045,-0.04808345,0.9454117,2.676263,37.52425,355.0862,-0.02425077,0.06356843,-0.9976821,0.1569104,-0.00412833,0.2508518,1.400427,0.2066658,-0.7982791,0.2550561,0.1763744,1.915,0.7877445,-0.08556415,-0.6100307,0.09627046,0.9952379,-0.0152782,0.6084329,-0.0466926,0.7922305,moving,46.03393,8.3845,7.586494,5.262183,6.962999483907409,-0.21901955414897317
05/04/2023 16:18:34.412466,1051,True,True,True,True,Eyes,-0.01001191,0.1422113,-2.181789,0.7170503,0.1008329,0.6896895,0.0,0.0,0.0,0.0,0.0,0.0,0.0,-1.327695,-0.1721889,1.690048,0.02206996,0.1417488,-2.151303,0.009123777,0.3248942,-0.04726685,0.9445245,2.748312,37.84912,355.2127,-0.02236421,0.06371277,-0.997717,0.1474958,-0.00388063,0.2358007,1.409169,0.2017833,-0.7975231,0.2510247,0.1735865,1.915,0.7844191,-0.08336087,-0.6146036,0.09521791,0.9953652,-0.01347819,0.6128786,-0.04794871,0.788721,moving,46.11425,8.317739,7.467947,5.179461,6.966699875852874,-0.2174231369642305
05/04/2023 16:18:34.438394,1052,True,True,True,True,Eyes,-0.008140162,0.142186,-2.179687,0.7181203,0.09983096,0.6887212,0.0,0.0,0.0,0.0,0.0,0.0,0.0,-1.338805,-0.1709818,1.673179,0.02860075,0.1413133,-2.144848,0.009420834,0.3276341,-0.04677776,0.943599,2.775975,38.18148,355.2849,-0.02058607,0.06384663,-0.9977466,0.138646,-0.003647793,0.2216527,1.420324,0.198545,-0.7966953,0.2473822,0.1710675,1.915,0.7809355,-0.08210573,-0.6191917,0.09445207,0.9954461,-0.012873,0.617429,-0.04843095,0.7851344,moving,46.19715,8.247647,7.360779,5.104701,6.970534252979179,-0.21575313704807225
05/04/2023 16:18:34.452489,1053,True,True,True,True,Eyes,-0.006093679,0.1421578,-2.177415,0.7192886,0.09889354,0.6876366,0.0,0.0,0.0,0.0,0.0,0.0,0.0,-1.348793,-0.1721701,1.657641,0.03361796,0.1414736,-2.139045,0.009247868,0.3303685,-0.04633055,0.942669,2.753989,38.51493,355.3348,-0.01890051,0.06397212,-0.997772,0.1303273,-0.003428925,0.2083535,1.429718,0.1972635,-0.7964342,0.2434196,0.1683276,1.915,0.7774202,-0.08123833,-0.6237133,0.09345914,0.9955359,-0.01317695,0.6219993,-0.04804767,0.7815422,moving,46.28878,8.183967,7.244138,5.023362,6.9745966176699925,-0.21416654559595685
05/04/2023 16:18:34.472163,1054,True,True,True,True,Eyes,-0.003937536,0.1421392,-2.174994,0.7204598,0.09792971,0.6865474,0.0,0.0,0.0,0.0,0.0,0.0,0.0,-1.358119,-0.174684,1.641734,0.03973589,0.1415333,-2.132764,0.008805898,0.3328282,-0.04611338,0.9418183,2.710114,38.81561,355.3488,-0.01728996,0.06409051,-0.9977936,0.1225076,-0.00322319,0.1958523,1.439557,0.1964995,-0.7950345,0.2395412,0.1656455,1.915,0.774198,-0.08099914,-0.6277394,0.09272254,0.9955921,-0.01410855,0.6261151,-0.04728277,0.7782958,moving,46.3807,8.117957,7.129915,4.943721,6.978698967622299,-0.21253492394065857
05/04/2023 16:18:34.482516,1055,True,True,True,True,Eyes,-0.00162359,0.1421333,-2.172426,0.7217559,0.09697042,0.6853212,0.0,0.0,0.0,0.0,0.0,0.0,0.0,-1.367619,-0.1762935,1.626412,0.04491442,0.141689,-2.127107,0.008572472,0.3354483,-0.04583006,0.9409041,2.686953,39.13557,355.3781,-0.01574238,0.06420334,-0.997812,0.1151572,-0.003029798,0.1841011,1.448928,0.1952368,-0.794727,0.2357204,0.1630033,1.915,0.7707481,-0.08049214,-0.632035,0.09199463,0.9956523,-0.01461548,0.6304635,-0.04687898,0.774802,moving,46.48328,8.053678,7.017331,4.865247,6.9831574368808935,-0.21089051565228692
05/04/2023 16:18:34.502643,1056,True,True,True,True,Eyes,0.000804228,0.1421593,-2.169741,0.7230512,0.095918,0.6841028,0.0,0.0,0.0,0.0,0.0,0.0,0.0,-1.378829,-0.1764908,1.608967,0.0509633,0.1420046,-2.120927,0.008918531,0.338498,-0.04593355,0.9398031,2.743233,39.50552,355.3889,-0.014243,0.06431229,-0.9978275,0.1082477,-0.00284801,0.1730551,1.460332,0.1913468,-0.7950634,0.2318285,0.160312,1.915,0.7666184,-0.08029916,-0.6370622,0.09237479,0.9956211,-0.01433351,0.6354235,-0.04786016,0.7706791,moving,46.58548,7.981406,6.902596,4.785294,6.987704299768339,-0.20909747806233706
05/04/2023 16:18:34.512468,1057,True,True,True,True,Eyes,0.06496339,0.1438034,-2.099445,0.758525,0.06779929,0.6481074,0.0,0.0,0.0,0.0,0.0,0.0,0.0,-1.390942,-0.1761495,1.591827,0.05637377,0.1428238,-2.115676,0.009583057,0.3418266,-0.04615995,0.9385799,2.839958,39.90871,355.4001,-0.01278172,0.06441958,-0.9978403,0.1017529,-0.00267713,0.1626718,1.471846,0.1866008,-0.7971394,0.2279286,0.1576154,1.915,0.7620478,-0.0800981,-0.6425477,0.09320107,0.9955548,-0.01356846,0.6407782,-0.04954632,0.7661256,moving,49.48839,5.972058,6.787571,4.705163,7.116300150862323,-0.1589849796198595
05/04/2023 16:18:34.532562,1058,True,True,True,True,Eyes,0.06517228,0.1438347,-2.099232,0.7586411,0.06763321,0.6479888,0.0,0.0,0.0,0.0,0.0,0.0,0.0,-1.404498,-0.174479,1.572512,0.06218242,0.143871,-2.109807,0.01076487,0.3456453,-0.046584,0.9371465,3.002503,40.37043,355.4126,-0.008417694,0.06481363,-0.9978612,0.2881252,0.002415678,0.3637982,1.485239,0.1799975,-0.8001723,0.2242199,0.1550508,1.915,0.7567185,-0.0798704,-0.6488434,0.09475371,0.9954281,-0.01202656,0.6468375,-0.05237959,0.7608269,moving,49.4979,5.958617,6.678134,4.62894,7.116808846671181,-0.1586918934081916
05/04/2023 16:18:34.552483,1059,True,True,True,True,Eyes,0.06560392,0.1438693,-2.098795,0.7589861,0.06729013,0.6476205,0.0,0.0,0.0,0.0,0.0,0.0,0.0,-1.419318,-0.1705546,1.552822,0.06746262,0.1447047,-2.104594,0.01248241,0.3498455,-0.0469721,0.9355459,3.222964,40.87837,355.4528,-0.004479907,0.06516937,-0.9978635,0.2708377,0.002270737,0.3419703,1.498914,0.1712447,-0.80489,0.2203365,0.1523652,1.915,0.7508036,-0.07915528,-0.6557656,0.09662294,0.9952756,-0.009510218,0.6534203,-0.05622169,0.7549047,moving,49.52685,5.931955,6.56349,4.549102,7.118175718044507,-0.15806763580290217
05/04/2023 16:18:34.562819,1060,True,True,True,True,Eyes,0.06623006,0.1439255,-2.09816,0.7593795,0.06673343,0.6472166,0.0,0.0,0.0,0.0,0.0,0.0,0.0,-1.433593,-0.1643064,1.532673,0.07321032,0.1449798,-2.098784,0.01457341,0.3538927,-0.04710204,0.9339857,3.472004,41.36866,355.5371,-0.0009146442,0.06549173,-0.9978521,0.2545874,0.002134493,0.3214521,1.512422,0.1610854,-0.8085018,0.216354,0.1496113,1.915,0.7450827,-0.0776704,-0.6624342,0.09830009,0.995138,-0.00611543,0.6596885,-0.06056083,0.7490951,moving,49.55916,5.88687,6.445864,4.467216,7.1198966015184135,-0.15708279364750588
05/04/2023 16:18:34.582828,1061,True,True,True,True,Eyes,0.06706026,0.1439863,-2.097327,0.7600033,0.06601445,0.6465578,0.0,0.0,0.0,0.0,0.0,0.0,0.0,-1.449328,-0.1547878,1.512158,0.07880561,0.1454353,-2.093746,0.01751401,0.3582526,-0.04703314,0.9322747,3.804671,41.89781,355.6808,0.002324764,0.06578583,-0.9978304,0.2393122,0.002006423,0.3021649,1.526589,0.1486125,-0.813942,0.2125166,0.1469577,1.915,0.7388859,-0.07514674,-0.6696272,0.1002445,0.9949623,-0.001043756,0.6663323,-0.06635523,0.7426966,moving,49.61118,5.829777,6.332472,4.388296,7.122469778978175,-0.15578843295566755
05/04/2023 16:18:34.602544,1062,True,True,True,True,Eyes,0.06810601,0.1440606,-2.096324,0.7605354,0.06479791,0.646055,0.0,0.0,0.0,0.0,0.0,0.0,0.0,-1.465337,-0.144663,1.490105,0.08438547,0.1457379,-2.088107,0.02046185,0.3628728,-0.04659976,0.9304479,4.122949,42.46258,355.868,0.005280946,0.06605549,-0.9978013,0.2249535,0.001886038,0.2840351,1.541355,0.1366219,-0.8197384,0.2086909,0.1443123,1.915,0.7323036,-0.0718672,-0.6771755,0.1015674,0.9948196,0.004257798,0.6733614,-0.07189694,0.7358093,moving,49.65296,5.727487,6.219379,4.309601,7.125255733246191,-0.1536880396277399
05/04/2023 16:18:34.612890,1063,True,True,True,True,Eyes,0.06934236,0.1441307,-2.095134,0.7613097,0.06351817,0.6452697,0.0,0.0,0.0,0.0,0.0,0.0,0.0,-1.481303,-0.1383077,1.467977,0.09046007,0.1462324,-2.082973,0.02257507,0.3674355,-0.04631992,0.9286207,4.356757,43.02335,356.0068,0.00799264,0.06630445,-0.9977667,0.2114563,0.001772876,0.266993,1.556218,0.1272358,-0.8258924,0.2045259,0.1414321,1.915,0.7256914,-0.06943748,-0.6845076,0.102617,0.9946896,0.007888187,0.6803249,-0.0759665,0.7289631,moving,49.71611,5.621891,6.096196,4.223904,7.12884196150519,-0.15143464186348682
05/04/2023 16:18:34.632680,1064,True,True,True,True,Eyes,0.07076689,0.1442157,-2.093758,0.7620224,0.06198452,0.6445772,0.0,0.0,0.0,0.0,0.0,0.0,0.0,-1.496914,-0.1334063,1.444702,0.09616303,0.1462429,-2.077276,0.02418946,0.3722138,-0.04601113,0.9266902,4.53593,43.61334,356.1307,0.0104937,0.06653522,-0.9977282,0.1987689,0.001666503,0.2509734,1.571718,0.1194691,-0.8327208,0.2009203,0.1389389,1.915,0.7186798,-0.06726882,-0.6920797,0.1032834,0.9945957,0.01058034,0.6876277,-0.07908422,0.7217435,moving,49.77289,5.492847,5.989515,4.149709,7.132501059578467,-0.14876757443962213
05/04/2023 16:18:34.652262,1065,True,True,True,True,Eyes,0.0724088,0.1443023,-2.092216,0.7629884,0.0605108,0.6435738,0.0,0.0,0.0,0.0,0.0,0.0,0.0,-1.513459,-0.1325824,1.420327,0.1026654,0.1466821,-2.072054,0.02492487,0.3771929,-0.04579451,0.924666,4.625416,44.23026,356.2099,0.01281488,0.06675105,-0.9976866,0.1868428,0.001566513,0.235915,1.588458,0.1148658,-0.8407549,0.1971666,0.1363431,1.914999,0.7112568,-0.06588629,-0.6998377,0.1034922,0.9945632,0.01154763,0.695272,-0.08064108,0.7142085,moving,49.85267,5.371336,5.878409,4.072442,7.136880110213349,-0.14614431357566252
05/04/2023 16:18:34.662996,1066,True,True,True,True,Eyes,0.07422941,0.1443671,-2.090503,0.7638615,0.05894919,0.6426824,0.0,0.0,0.0,0.0,0.0,0.0,0.0,-1.528967,-0.1324694,1.395418,0.1085028,0.1464148,-2.066221,0.0251796,0.382241,-0.04537284,0.9226046,4.654574,44.8583,356.2912,0.0149843,0.06695403,-0.9976428,0.1756322,0.001472522,0.2217601,1.604571,0.1114895,-0.8484344,0.1932794,0.1336549,1.915,0.7036662,-0.06447303,-0.7075995,0.1029717,0.9946145,0.0117749,0.7030297,-0.08114835,0.7065156,moving,49.9241,5.240716,5.7633,3.992409,7.141079029047864,-0.14338533285578345
05/04/2023 16:18:34.682746,1067,True,True,True,True,Eyes,0.07621814,0.1444031,-2.088624,0.7649942,0.05744014,0.6414706,0.0,0.0,0.0,0.0,0.0,0.0,0.0,-1.545414,-0.1327196,1.36941,0.1154057,0.1463849,-2.060693,0.02542245,0.387398,-0.0449315,0.9204661,4.68133,45.50145,356.3748,0.01702656,0.06714504,-0.9975972,0.1650943,0.001384171,0.2084545,1.621889,0.1083774,-0.8568388,0.189311,0.1309107,1.915,0.695808,-0.06301863,-0.7154579,0.1024131,0.9946697,0.01198827,0.7108888,-0.08161375,0.698553,moving,50.01916,5.116873,5.645741,3.910695,7.14602988637138,-0.1406532694654341
05/04/2023 16:18:34.702905,1068,True,True,True,True,Eyes,0.07844079,0.1444181,-2.086609,0.7660475,0.05591309,0.6403475,0.0,0.0,0.0,0.0,0.0,0.0,0.0,-1.561385,-0.1310107,1.342728,0.1212976,0.145751,-2.054762,0.02584046,0.3927922,-0.04413085,0.9182043,4.710558,46.17706,356.5058,0.01896198,0.06732441,-0.9975502,0.1551886,0.001301121,0.1959472,1.638807,0.1048234,-0.8658229,0.1854991,0.1282749,1.915,0.6875336,-0.0607424,-0.7236076,0.1013421,0.9947695,0.01278515,0.7190462,-0.08212215,0.6900932,moving,50.10738,4.990228,5.532772,3.832194,7.150773795864677,-0.1378976191057088
05/04/2023 16:18:34.722513,1069,True,True,True,True,Eyes,0.08087444,0.1444138,-2.084439,0.767352,0.05436663,0.6389171,0.0,0.0,0.0,0.0,0.0,0.0,0.0,-1.57798,-0.1281223,1.315333,0.1286155,0.1453896,-2.049111,0.02671514,0.3980987,-0.04339986,0.9159259,4.789374,46.84332,356.65,0.02081338,0.0674928,-0.9975019,0.1458773,0.001223053,0.1841904,1.656551,0.09971502,-0.8747241,0.1813831,0.1254283,1.915,0.6792677,-0.05823159,-0.7315767,0.1007726,0.9948055,0.01438333,0.726939,-0.08349303,0.6816075,moving,50.21836,4.863687,5.410742,3.747396,7.156323829826433,-0.13504715229828235
05/04/2023 16:18:34.732478,1070,True,True,True,True,Eyes,0.08344475,0.1443671,-2.0821,0.7686077,0.05273219,0.6375434,0.0,0.0,0.0,0.0,0.0,0.0,0.0,-1.593379,-0.1231721,1.288168,0.1345955,0.1444361,-2.043142,0.02794005,0.4034768,-0.04262263,0.9135696,4.901605,47.52088,356.8165,0.02259979,0.06765091,-0.9974523,0.1371247,0.00114967,0.1731389,1.673355,0.09324526,-0.884038,0.1777396,0.122909,1.915,0.6707796,-0.05533114,-0.7395898,0.1004238,0.9948053,0.01665588,0.7348263,-0.08544483,0.6728517,moving,50.32503,4.728259,5.302681,3.672335,7.161834228409614,-0.13204796124620427
05/04/2023 16:18:34.752494,1071,True,True,True,True,Eyes,0.08616533,0.1442752,-2.079613,0.7701195,0.05106857,0.6358522,0.0,0.0,0.0,0.0,0.0,0.0,0.0,-1.609418,-0.1196976,1.259411,0.1420819,0.1438771,-2.037101,0.02921889,0.4089408,-0.04241532,0.9111062,5.044748,48.20951,356.9275,0.02433463,0.06779831,-0.9974016,0.1288972,0.00108069,0.1627506,1.691585,0.08577757,-0.8936149,0.1738409,0.1202131,1.915,0.6619367,-0.05339211,-0.7476557,0.1011873,0.9946944,0.01855232,0.7426983,-0.08793373,0.6638274,moving,50.45509,4.591863,5.187012,3.591999,7.16818676496659,-0.1289311246414817
05/04/2023 16:18:34.762733,1072,True,True,True,True,Eyes,0.1591887,0.1409703,-2.013754,0.8081976,0.0005811378,0.5889111,0.0,0.0,0.0,0.0,0.0,0.0,0.0,-1.624458,-0.1159967,1.230791,0.1482183,0.1427109,-2.030967,0.03052157,0.4145556,-0.04246886,0.90852,5.202171,48.91858,357.0149,0.0260311,0.06793441,-0.9973496,0.1211633,0.001015849,0.1529856,1.70875,0.07716922,-0.9038545,0.1699913,0.117551,1.915,0.65268,-0.05186185,-0.7558566,0.1024734,0.9945297,0.02024749,0.7506717,-0.09067031,0.6544242,moving,53.92022,0.05653949,5.072754,3.512657,7.3489231543427715,-0.028947227875795345
05/04/2023 16:18:34.782416,1073,True,True,True,True,Eyes,0.1594926,0.1409245,-2.013484,0.8085076,0.0004578262,0.5884857,0.0,0.0,0.0,0.0,0.0,0.0,0.0,-1.640196,-0.1139505,1.200089,0.1557209,0.1416813,-2.024627,0.03160856,0.4203664,-0.04276934,0.9057947,5.348837,49.65376,357.0693,0.031295,0.0681112,-0.9971862,0.3329635,-0.008959753,0.3413844,1.727724,0.06901687,-0.9148502,0.1662502,0.114964,1.915,0.6429257,-0.05090612,-0.764235,0.1040548,0.9943434,0.02130413,0.7588274,-0.09321929,0.644586,moving,53.95038,0.04457458,4.961677,3.435537,7.350145630781657,-0.028594087822924635
05/04/2023 16:18:34.802575,1074,True,True,True,True,Eyes,0.1600556,0.140801,-2.012995,0.8090943,-0.0003725529,0.5876788,0.0,0.0,0.0,0.0,0.0,0.0,0.0,-1.655409,-0.1122778,1.168342,0.1631777,0.1405691,-2.017826,0.03282201,0.4263312,-0.04345764,0.9029264,5.527667,50.40978,357.0923,0.03604772,0.06826733,-0.997015,0.3129857,-0.008422168,0.3209013,1.746746,0.05952371,-0.9260656,0.162375,0.1122844,1.915,0.6327063,-0.05049201,-0.7727441,0.1064642,0.9940683,0.02221702,0.7670386,-0.09632642,0.634329,moving,54.00754,-0.03632206,4.84658,3.355646,7.353204547838231,-0.02683043407328886
05/04/2023 16:18:34.812498,1075,True,True,True,True,Eyes,0.1608394,0.1405985,-2.012262,0.809968,-0.001303582,0.5864726,0.0,0.0,0.0,0.0,0.0,0.0,0.0,-1.669254,-0.1098817,1.138011,0.1693047,0.1387061,-2.01138,0.03388567,0.4321518,-0.04393366,0.9000925,5.680005,51.15078,357.1313,0.04035397,0.06840205,-0.9968408,0.2942066,-0.007916838,0.3016472,1.763857,0.05012642,-0.9372029,0.1583689,0.1095138,1.915,0.6226293,-0.0498012,-0.7809306,0.1083762,0.9938431,0.02302845,0.7749757,-0.09897248,0.6241933,moving,54.09288,-0.127354,4.727557,3.273031,7.357392378146946,-0.02475645017725306
05/04/2023 16:18:34.832723,1076,True,True,True,True,Eyes,0.1618934,0.1403362,-2.011287,0.8110303,-0.002736695,0.5849978,0.0,0.0,0.0,0.0,0.0,0.0,0.0,-1.682744,-0.1072533,1.106868,0.1752569,0.1366437,-2.004719,0.03518779,0.4381326,-0.04473816,0.8971066,5.873754,51.91412,357.1514,0.04427053,0.06851465,-0.9966669,0.2765542,-0.007441828,0.2835484,1.781141,0.03926035,-0.9491522,0.1546301,0.1069289,1.915,0.6120766,-0.04943596,-0.7892517,0.1111036,0.9935207,0.0239319,0.7829548,-0.1023369,0.6136032,moving,54.19701,-0.2680351,4.616435,3.195937,7.3628796192627695,-0.021669315843174913
05/04/2023 16:18:34.852360,1077,True,True,True,True,Eyes,0.1632021,0.1400186,-2.010065,0.8123708,-0.004257192,0.5831258,0.0,0.0,0.0,0.0,0.0,0.0,0.0,-1.696709,-0.1048338,1.073732,0.1826218,0.1350314,-1.997781,0.03669132,0.4442489,-0.04560213,0.8939895,6.091739,52.69806,357.1791,0.04785058,0.06860533,-0.9964952,0.2599609,-0.006995318,0.2665355,1.799846,0.02797879,-0.9614632,0.1507726,0.104261,1.915,0.6011268,-0.04893548,-0.797654,0.1141358,0.9931484,0.02508592,0.7909612,-0.1061207,0.6025934,moving,54.32894,-0.4182885,4.501751,3.116356,7.36947511676319,-0.01828404980416798
05/04/2023 16:18:34.863294,1078,True,True,True,True,Eyes,0.1647111,0.1396326,-2.008628,0.8137889,-0.006057951,0.581129,0.0,0.0,0.0,0.0,0.0,0.0,0.0,-1.709437,-0.1019939,1.041274,0.1885343,0.1330172,-1.990877,0.0381403,0.450412,-0.04637138,0.8907997,6.299359,53.49158,357.2172,0.05114151,0.0686745,-0.9963269,0.2443633,-0.006575599,0.2505434,1.816944,0.0165999,-0.9741122,0.1468074,0.101519,1.914999,0.5899575,-0.04825751,-0.805991,0.1169729,0.99279,0.02617829,0.7989165,-0.1097232,0.5913487,moving,54.46926,-0.5972555,4.383827,3.034555,7.376734233073726,-0.014323379435019518
05/04/2023 16:18:34.882591,1079,True,True,True,True,Eyes,0.1664437,0.1392256,-2.006954,0.8154947,-0.007899141,0.5787107,0.0,0.0,0.0,0.0,0.0,0.0,0.0,-1.722351,-0.1009902,1.006669,0.1958199,0.1315241,-1.98354,0.03940448,0.4567391,-0.04730017,0.887468,6.496822,54.30855,357.2333,0.05418302,0.06872174,-0.9961629,0.2297015,-0.006181063,0.2355108,1.835693,0.006119272,-0.9872773,0.1429929,0.09888119,1.914999,0.5783041,-0.04795963,-0.8144103,0.1199499,0.99242,0.02673275,0.806955,-0.1131481,0.5796733,moving,54.63882,-0.782013,4.270348,2.955848,7.385104491305182,-0.01012954150989559
05/04/2023 16:18:34.902870,1080,True,True,True,True,Eyes,0.1683421,0.138804,-2.005046,0.8173143,-0.009813919,0.5761084,0.0,0.0,0.0,0.0,0.0,0.0,0.0,-1.73507,-0.1033152,0.9705423,0.2027794,0.130637,-1.976084,0.04011303,0.4634783,-0.04853278,0.8838685,6.655368,55.17962,357.1948,0.05701219,0.06874901,-0.9960031,0.2159194,-0.005810199,0.2213801,1.854813,-0.002638533,-1.001994,0.1391038,0.09619188,1.915,0.5656649,-0.04861015,-0.8232014,0.1229762,0.992071,0.02592151,0.8154142,-0.1158971,0.5671576,moving,54.82076,-0.9759305,4.154615,2.875593,7.394030700028693,-0.0057108849225397385
05/04/2023 16:18:34.912802,1081,True,True,True,True,Eyes,0.1704101,0.138366,-2.002923,0.8193978,-0.0116894,0.5731061,0.0,0.0,0.0,0.0,0.0,0.0,0.0,-1.746469,-0.106521,0.9355699,0.2087828,0.1297632,-1.968848,0.0403042,0.4700847,-0.0494053,0.8803154,6.742659,56.03711,357.1665,0.05965949,0.06875839,-0.9958473,0.2029642,-0.005461587,0.2080973,1.8724,-0.009141854,-1.016362,0.1349493,0.09331909,1.915001,0.553159,-0.04909173,-0.8316281,0.1248773,0.9918694,0.02451145,0.8236632,-0.1174102,0.5547919,moving,55.03016,-1.168475,4.030945,2.78985,7.403913599735093,-0.0012012818336467057
05/04/2023 16:18:34.932546,1082,True,True,True,True,Eyes,0.1726898,0.1379202,-2.000587,0.821472,-0.01354075,0.570088,0.0,0.0,0.0,0.0,0.0,0.0,0.0,-1.757312,-0.1110898,0.8995773,0.2146977,0.1290846,-1.961368,0.04002307,0.4768788,-0.05006521,0.876629,6.772124,56.92219,357.1367,0.0621528,0.06875158,-0.9956954,0.1907864,-0.005133892,0.1956115,1.890544,-0.01315034,-1.031827,0.1313738,0.09084678,1.915,0.5401602,-0.04960491,-0.840099,0.1259495,0.9917833,0.0224207,0.8320839,-0.1179208,0.5419696,moving,55.23999,-1.360635,3.924485,2.716051,7.413806853783643,0.00330292206237337
05/04/2023 16:18:34.952687,1083,True,True,True,True,Eyes,0.1751593,0.1374693,-1.998036,0.8237947,-0.01542645,0.5666784,0.0,0.0,0.0,0.0,0.0,0.0,0.0,-1.767759,-0.1146412,0.8625203,0.2217268,0.1284969,-1.953556,0.04005114,0.4835979,-0.05061227,0.8729075,6.827115,57.80272,357.1353,0.06451888,0.06873047,-0.9955463,0.1793392,-0.004825858,0.1838748,1.909232,-0.01796679,-1.046819,0.1276154,0.08824757,1.915,0.527143,-0.04962236,-0.8483265,0.1270969,0.9916686,0.02096992,0.8402182,-0.1188739,0.529058,moving,55.47639,-1.559354,3.812547,2.638453,7.424726321844536,0.008043386713746659
05/04/2023 16:18:34.962734,1084,True,True,True,True,Eyes,0.1777736,0.1370274,-1.995302,0.8264288,-0.01758966,0.5627664,0.0,0.0,0.0,0.0,0.0,0.0,0.0,-1.777084,-0.1153076,0.8265941,0.2275857,0.1276355,-1.945892,0.04084284,0.4902266,-0.05114138,0.8691342,6.95776,58.67796,357.179,0.06678088,0.0686969,-0.9953995,0.1685788,-0.004536307,0.1728423,1.926099,-0.02554914,-1.061897,0.1237469,0.08557229,1.914999,0.5141248,-0.04885295,-0.8563229,0.128942,0.9914328,0.02085409,0.8479679,-0.1211376,0.5160194,moving,55.74663,-1.790237,3.697301,2.558576,7.4372562681479915,0.013532321839945904
05/04/2023 16:18:34.982453,1085,True,True,True,True,Eyes,0.2477009,0.1271375,-1.921755,0.8894668,-0.07413231,0.4509471,0.0,0.0,0.0,0.0,0.0,0.0,0.0,-1.786034,-0.1157544,0.7905537,0.234464,0.1278058,-1.938294,0.0423307,0.4966628,-0.05200962,0.8653491,7.176376,59.53311,357.229,0.06895792,0.06865314,-0.995254,0.1584641,-0.004264128,0.1624717,1.943065,-0.03511408,-1.076578,0.119734,0.0827975,1.914999,0.5012421,-0.0479648,-0.8639767,0.1320611,0.9910062,0.02159917,0.8551702,-0.1249241,0.5030683,moving,63.11563,-9.335496,3.577723,2.475716,7.794852267481179,0.18669272978300622
05/04/2023 16:18:35.002421,1086,True,True,True,True,Eyes,0.2479437,0.1271335,-1.921465,0.8896988,-0.0744482,0.4504371,0.0,0.0,0.0,0.0,0.0,0.0,0.0,-1.793844,-0.1155355,0.7553734,0.2402263,0.128061,-1.930727,0.04414961,0.5030805,-0.05299707,0.8614825,7.43445,60.39122,357.2896,0.07509698,0.06833857,-0.9948314,0.3587383,-0.03367789,0.3733634,1.958681,-0.04571779,-1.091785,0.1159903,0.08020853,1.914999,0.4882026,-0.04689047,-0.8714697,0.1357337,0.9904843,0.02274464,0.8621104,-0.1293918,0.4899216,moving,63.1478,-9.384996,3.466134,2.398396,7.796624455596861,0.18775996575440407
05/04/2023 16:18:35.018016,1087,True,True,True,True,Eyes,0.2484216,0.1271551,-1.920884,0.8901709,-0.0749137,0.4494262,0.0,0.0,0.0,0.0,0.0,0.0,0.0,-1.800689,-0.1186158,0.7199394,0.2474174,0.1285459,-1.922791,0.04537462,0.5092142,-0.05438955,0.8577201,7.656242,61.21154,357.2766,0.08036944,0.0680612,-0.9944384,0.337214,-0.03165722,0.3509616,1.974849,-0.05516665,-1.105473,0.1120367,0.07747481,1.914999,0.4754855,-0.04709123,-0.8784623,0.1395128,0.9899659,0.02244559,0.8685905,-0.1332293,0.4772843,moving,63.21187,-9.463481,3.348263,2.316743,7.79989777918691,0.18950766778661626
05/04/2023 16:18:35.032263,1088,True,True,True,True,Eyes,0.2491509,0.1272399,-1.920001,0.8908026,-0.07548127,0.4480774,0.0,0.0,0.0,0.0,0.0,0.0,0.0,-1.806432,-0.1244526,0.6855274,0.2534244,0.1292146,-1.915127,0.04626058,0.5153869,-0.05643202,0.8538454,7.883969,62.03677,357.1829,0.08514083,0.06781286,-0.9940582,0.3169811,-0.02975779,0.3299039,1.98965,-0.06472196,-1.119873,0.1081714,0.07480185,1.915,0.4623836,-0.04868424,-0.8853425,0.1440526,0.9893507,0.02083012,0.8749002,-0.1371674,0.4644727,moving,63.29741,-9.562037,3.232995,2.236894,7.804188602743654,0.19172393233911922
05/04/2023 16:18:35.052233,1089,True,True,True,True,Eyes,0.2501581,0.1274022,-1.918835,0.8916739,-0.0760821,0.4462389,0.0,0.0,0.0,0.0,0.0,0.0,0.0,-1.811841,-0.1351182,0.6502234,0.2604146,0.1308118,-1.907587,0.04567806,0.5215973,-0.05814734,0.8499815,7.950066,62.86537,357.0368,0.08947629,0.06759512,-0.9936923,0.2979623,-0.02797232,0.3101096,2.005735,-0.06798477,-1.134492,0.1044118,0.07220216,1.915,0.4491103,-0.05119722,-0.8920082,0.1464994,0.9890648,0.01699203,0.8813841,-0.13831,0.4516995,moving,63.41429,-9.675681,3.120855,2.159228,7.809783570604284,0.19435705903371536
05/04/2023 16:18:35.062864,1090,True,True,True,True,Eyes,0.2513691,0.1276893,-1.917397,0.8926252,-0.07670053,0.4442266,0.0,0.0,0.0,0.0,0.0,0.0,0.0,-1.816674,-0.1461578,0.6131365,0.2679633,0.1328346,-1.899514,0.04514657,0.5280324,-0.05982232,0.8459106,8.022166,63.72893,356.9011,0.09343561,0.06741001,-0.9933404,0.2800846,-0.02629398,0.2915031,2.02252,-0.07098947,-1.149726,0.1006423,0.06959525,1.914999,0.4352062,-0.05353098,-0.898738,0.1488864,0.9887661,0.01320367,0.8879349,-0.1395562,0.4382872,moving,63.54217,-9.796153,3.008396,2.081338,7.8158558085867025,0.19716530211325245
05/04/2023 16:18:35.082658,1091,True,True,True,True,Eyes,0.2527911,0.1280957,-1.915726,0.8937955,-0.07720754,0.4417789,0.0,0.0,0.0,0.0,0.0,0.0,0.0,-1.820099,-0.1578098,0.5791537,0.274163,0.1361031,-1.891929,0.0439679,0.5340535,-0.06060753,0.8421286,7.977752,64.54084,356.8096,0.09706874,0.06726169,-0.9930021,0.2632795,-0.02471634,0.2740129,2.037256,-0.06889479,-1.163561,0.09668803,0.06686087,1.915,0.4222272,-0.05511624,-0.904813,0.1490411,0.9887871,0.0093179,0.8941538,-0.1387886,0.4257074,moving,63.69806,-9.913186,2.890401,1.99963,7.822877917541854,0.20002799544384275
05/04/2023 16:18:35.102920,1092,True,True,True,True,Eyes,0.2544633,0.1285832,-1.913813,0.8950125,-0.07766906,0.4392268,0.0,0.0,0.0,0.0,0.0,0.0,0.0,-1.823343,-0.1691232,0.5445346,0.2805176,0.1393438,-1.884567,0.04231466,0.5401542,-0.0607221,0.8383053,7.847898,65.36794,356.7539,0.1004208,0.06715348,-0.9926759,0.2474827,-0.02323336,0.2575721,2.052366,-0.06389672,-1.178034,0.09276342,0.06414703,1.915,0.4090926,-0.05609442,-0.9107671,0.1475202,0.9890446,0.00534662,0.9004894,-0.1365438,0.4128858,moving,63.86053,-10.02802,2.773265,1.918528,7.830105435918088,0.2028773309668367
05/04/2023 16:18:35.112525,1093,True,True,True,True,Eyes,0.2564034,0.1291517,-1.911654,0.8964456,-0.07809251,0.4362186,0.0,0.0,0.0,0.0,0.0,0.0,0.0,-1.82677,-0.1784787,0.5073915,0.2881893,0.1417453,-1.877031,0.04090733,0.5464703,-0.06060936,0.8342803,7.729636,66.23064,356.7359,0.1035346,0.06708645,-0.9923605,0.2326337,-0.02183936,0.2421178,2.068957,-0.05999875,-1.193597,0.08893007,0.06149626,1.915,0.3953936,-0.05642109,-0.9167773,0.1458396,0.9893062,0.002013928,0.9068599,-0.1344988,0.3993937,moving,64.05202,-10.14966,2.65883,1.839303,7.83844923439332,0.20597798707220472
05/04/2023 16:18:35.132546,1094,True,True,True,True,Eyes,0.2585165,0.1297609,-1.909265,0.8981526,-0.07888299,0.4325498,0.0,0.0,0.0,0.0,0.0,0.0,0.0,-1.829433,-0.1867288,0.4687357,0.2964147,0.144252,-1.868886,0.04019188,0.5529406,-0.06078063,0.8300284,7.697153,67.12104,356.7344,0.1064493,0.06706149,-0.9920537,0.2186757,-0.020529,0.2275907,2.085812,-0.0588657,-1.20956,0.0850246,0.05879573,1.915,0.3811249,-0.05645185,-0.9227985,0.1453467,0.9893807,-0.0004953571,0.9130269,-0.1339369,0.3852827,moving,64.28456,-10.33531,2.542221,1.758584,7.849065191402853,0.21045638078560025
05/04/2023 16:18:35.152265,1095,True,True,True,True,Eyes,0.2608543,0.1303929,-1.906689,0.9000245,-0.07973967,0.4284828,0.0,0.0,0.0,0.0,0.0,0.0,0.0,-1.832003,-0.1890847,0.4323837,0.3028817,0.1458167,-1.861704,0.04073858,0.5592559,-0.06051275,0.8257795,7.756674,68.00202,356.8543,0.1091956,0.06707735,-0.9917541,0.2055552,-0.01929726,0.2139353,2.100216,-0.06148462,-1.226413,0.08123344,0.05617408,1.915,0.3671422,-0.05437378,-0.9285744,0.1455069,0.9893571,-0.0004020637,0.9187136,-0.1349664,0.3711465,moving,64.54186,-10.54202,2.429005,1.680217,7.86082797206598,0.21543591579914423
05/04/2023 16:18:35.162590,1096,True,True,True,True,Eyes,0.263359,0.1310055,-1.903915,0.9020909,-0.08107278,0.4238623,0.0,0.0,0.0,0.0,0.0,0.0,0.0,-1.834436,-0.188721,0.3956935,0.3104745,0.1470426,-1.854543,0.04218505,0.5653761,-0.06022033,0.8215497,7.897915,68.86536,357.0343,0.1118035,0.06713179,-0.9914598,0.1932219,-0.01813943,0.2010992,2.114824,-0.0672591,-1.242639,0.07717532,0.05336769,1.915001,0.3534467,-0.05124714,-0.93405,0.1466488,0.9891878,0.00121996,0.9238883,-0.1374085,0.3571405,moving,64.83273,-10.82826,2.307795,1.596319,7.87479535560313,0.22205311538183325
05/04/2023 16:18:35.182532,1097,True,True,True,True,Eyes,0.266098,0.131572,-1.900968,0.9042701,-0.08252553,0.4189095,0.0,0.0,0.0,0.0,0.0,0.0,0.0,-1.836122,-0.1877556,0.360397,0.317292,0.1475057,-1.847715,0.0437517,0.5713326,-0.06014013,0.817342,8.061749,69.71095,357.2029,0.1142968,0.06722069,-0.9911694,0.1816286,-0.01705106,0.1890332,2.128198,-0.07441366,-1.259022,0.07338685,0.0507479,1.915,0.3399243,-0.04831655,-0.9392107,0.1483037,0.9889379,0.00280017,0.9286858,-0.1402402,0.3433296,moving,65.14374,-11.14461,2.194622,1.517995,7.889861007150569,0.22932192636885396
05/04/2023 16:18:35.202910,1098,True,True,True,True,Eyes,0.2689983,0.1320712,-1.897848,0.9064668,-0.0844223,0.4137522,0.0,0.0,0.0,0.0,0.0,0.0,0.0,-1.837195,-0.183349,0.3255591,0.325375,0.1467563,-1.840511,0.04644316,0.5768378,-0.06028025,0.8133066,8.342426,70.50444,357.4238,0.1167008,0.06733885,-0.9908813,0.1707308,-0.016028,0.1776912,2.141542,-0.08663259,-1.27355,0.06956822,0.04810729,1.915,0.327249,-0.04447231,-0.9438912,0.151633,0.9884187,0.00600122,0.9326928,-0.1450889,0.3302025,moving,65.46591,-11.53237,2.080529,1.439042,7.906232734962856,0.2379804864977485
05/04/2023 16:18:35.212784,1099,True,True,True,True,Eyes,0.2721054,0.1325337,-1.894593,0.9087187,-0.08643292,0.4083623,0.0,0.0,0.0,0.0,0.0,0.0,0.0,-1.837379,-0.181702,0.2933979,0.3323379,0.1457519,-1.833948,0.04849219,0.5820311,-0.06095666,0.8094274,8.595585,71.2532,357.5521,0.1190341,0.06748049,-0.990594,0.160487,-0.01506632,0.1670298,2.153005,-0.0985328,-1.287095,0.06542414,0.04524158,1.915,0.3150483,-0.04223206,-0.9481356,0.1551279,0.9878656,0.007544491,0.936312,-0.1494592,0.3177767,moving,65.80168,-11.9507,1.956694,1.353352,7.923476576008717,0.24727149780403512
05/04/2023 16:18:35.232561,1100,True,True,True,True,Eyes,0.2753708,0.1329549,-1.891215,0.910935,-0.08864152,0.4029145,0.0,0.0,0.0,0.0,0.0,0.0,0.0,-1.836309,-0.1856723,0.2640419,0.3402433,0.1453357,-1.827385,0.05004512,0.586494,-0.0630239,0.8059457,8.893226,71.89395,357.5122,0.1213159,0.06764182,-0.9903061,0.1508578,-0.01416234,0.157008,2.164164,-0.1112038,-1.297891,0.06176203,0.04270909,1.915,0.3041057,-0.04288536,-0.9516726,0.16029,0.987047,0.006741029,0.9390564,-0.1545936,0.3070407,moving,66.13978,-12.40746,1.847247,1.277621,7.941292887354949,0.2572947872973055
05/04/2023 16:18:35.252478,1101,True,True,True,True,Eyes,0.2788509,0.133338,-1.887717,0.9131948,-0.09079482,0.3972802,0.0,0.0,0.0,0.0,0.0,0.0,0.0,-1.834383,-0.193988,0.236854,0.3473128,0.1447963,-1.821291,0.04993244,0.5907053,-0.06520352,0.8026971,9.044027,72.48901,357.3484,0.1235611,0.06781922,-0.9900163,0.1418063,-0.0133126,0.1475875,2.174487,-0.1192701,-1.307569,0.05806613,0.04015338,1.915,0.2936317,-0.04568665,-0.9548264,0.1636681,0.9865106,0.003129134,0.9418032,-0.1571934,0.2971482,moving,66.48882,-12.87335,1.736776,1.201192,7.959613680360725,0.26753620892493135
05/04/2023 16:18:35.262620,1102,True,True,True,True,Eyes,0.2824664,0.1336765,-1.884075,0.9154068,-0.09296782,0.391647,0.0,0.0,0.0,0.0,0.0,0.0,0.0,-1.832363,-0.2024768,0.2070141,0.3558759,0.1442042,-1.814928,0.04930357,0.5951456,-0.06684238,0.799314,9.112878,73.11767,357.2036,0.1257857,0.06800948,-0.989723,0.1332979,-0.01251384,0.1387322,2.186727,-0.1247637,-1.317736,0.05416468,0.03745562,1.915,0.2826676,-0.0481705,-0.9580076,0.1655417,0.9862025,-0.0007438293,0.9448254,-0.1583799,0.2867417,moving,66.83687,-13.35353,1.620147,1.12051,7.978081484612405,0.27804203140479855
05/04/2023 16:18:35.282912,1103,True,True,True,True,Eyes,0.2862306,0.1339643,-1.880362,0.9176348,-0.09508693,0.3858821,0.0,0.0,0.0,0.0,0.0,0.0,0.0,-1.830116,-0.208688,0.1798127,0.3630353,0.1435233,-1.809093,0.04850663,0.5992816,-0.06764656,0.7961989,9.109428,73.70662,357.1217,0.1280001,0.06820951,-0.9894254,0.1253,-0.01176301,0.1304083,2.197387,-0.1279101,-1.326982,0.05021018,0.03472111,1.915,0.2725711,-0.04958199,-0.9608573,0.1658585,0.9861421,-0.003836823,0.9477321,-0.1583205,0.2770174,moving,67.19236,-13.84273,1.501918,1.038723,7.99692820002122,0.28874903698347854
05/04/2023 16:18:35.302833,1104,True,True,True,True,Eyes,0.2901858,0.1342201,-1.876557,0.919799,-0.09716206,0.3801701,0.0,0.0,0.0,0.0,0.0,0.0,0.0,-1.827969,-0.2118197,0.1553631,0.3701978,0.1425594,-1.803637,0.04831077,0.6027989,-0.0680567,0.7935162,9.132594,74.21384,357.1108,0.1302145,0.06841594,-0.9891222,0.117782,-0.01105723,0.1225838,2.207202,-0.1320481,-1.334153,0.04641664,0.03209783,1.915,0.2640038,-0.04976485,-0.963237,0.1662515,0.9860687,-0.005378241,0.9500855,-0.1587197,0.2685992,moving,67.54379,-14.33649,1.388489,0.9602602,8.01568899945216,0.29952449483290666
05/04/2023 16:18:35.322159,1105,True,True,True,True,Eyes,0.2942733,0.1343924,-1.872712,0.921961,-0.09926936,0.3743441,0.0,0.0,0.0,0.0,0.0,0.0,0.0,-1.825926,-0.2162062,0.130441,0.3788603,0.1435352,-1.798229,0.04875812,0.6061846,-0.0687187,0.7908483,9.232026,74.70777,357.1208,0.1324401,0.06862676,-0.988812,0.1107151,-0.0103938,0.1152288,2.217837,-0.1369798,-1.340689,0.04226163,0.02922436,1.915,0.2556361,-0.04957928,-0.9655011,0.1678049,0.9858007,-0.00619189,0.9520987,-0.1604329,0.2603259,moving,67.90136,-14.85198,1.26424,0.8743092,8.034944585615232,0.31073451919743944
05/04/2023 16:18:35.332347,1106,True,True,True,True,Eyes,0.2942733,0.1343924,-1.872712,0.921961,-0.09926936,0.3743441,0.0,0.0,0.0,0.0,0.0,0.0,0.0,-1.823935,-0.2171586,0.1061164,0.3861083,0.1415062,-1.793335,0.04945719,0.609659,-0.069483,0.7880624,9.362053,75.21821,357.1412,0.1346836,0.06883729,-0.9884943,0.1040722,-0.009770168,0.1083151,2.227155,-0.1455706,-1.348846,0.03865808,0.02673249,1.915001,0.2469764,-0.04920984,-0.9677713,0.1698179,0.9854522,-0.006771154,0.9540255,-0.1626725,0.2517401,moving,67.90136,-14.85198,1.156472,0.7997698,8.034944585615232,0.31073451919743944
05/04/2023 16:18:35.352606,1107,True,True,True,True,Eyes,0.2942733,0.1343924,-1.872712,0.921961,-0.09926936,0.3743441,0.0,0.0,0.0,0.0,0.0,0.0,0.0,-1.821541,-0.2236622,0.08174407,0.3945956,0.1422446,-1.788513,0.05092606,0.6130655,-0.07182171,0.7851109,9.673182,75.72235,357.0732,0.1367023,0.06902649,-0.988204,0.09782789,-0.009183958,0.1018161,2.236536,-0.1576274,-1.356839,0.03473943,0.02402271,1.915,0.2379847,-0.05033397,-0.9699638,0.175218,0.9844964,-0.00809762,0.9553335,-0.168028,0.2431144,moving,67.90136,-14.85198,1.039271,0.7187089,8.034944585615232,0.31073451919743944
05/04/2023 16:18:35.372283,1108,True,True,True,True,Eyes,0.2991742,0.1346714,-1.868466,0.924536,-0.1021278,0.3671552,0.0,0.0,0.0,0.0,0.0,0.0,0.0,-1.818774,-0.2317667,0.058622,0.4017024,0.1429729,-1.784176,0.05248779,0.6165511,-0.07483097,0.781991,10.04166,76.23953,356.9547,0.1385184,0.0691965,-0.9879391,0.09195822,-0.008632921,0.09570718,2.244195,-0.1715335,-1.365913,0.03091121,0.02137529,1.915,0.22853,-0.05231148,-0.9721303,0.1817571,0.9832907,-0.01018428,0.9564195,-0.1743642,0.2342194,moving,68.34081,-15.54443,0.9247665,0.6395106,8.05936044873075,0.3256190120535821
05/04/2023 16:18:35.382818,1109,True,True,True,True,Eyes,0.3042218,0.1349518,-1.864218,0.9270338,-0.1051944,0.3599199,0.0,0.0,0.0,0.0,0.0,0.0,0.0,-1.815945,-0.238456,0.03391814,0.4101787,0.1433135,-1.779574,0.05479263,0.6200649,-0.07791924,0.7787463,10.48448,76.7703,356.8864,0.1404393,0.06937701,-0.9876553,0.08644073,-0.008114945,0.08996475,2.252723,-0.1881823,-1.375283,0.02713582,0.01876469,1.914999,0.2188963,-0.05340867,-0.9742852,0.1893086,0.9818527,-0.01129085,0.9572077,-0.1819691,0.2250346,moving,68.78135,-16.29215,0.8118353,0.5614119,8.084519425238675,0.34154705352694437
05/04/2023 16:18:35.402689,1110,True,True,True,True,Eyes,0.3093762,0.1352392,-1.860019,0.9295706,-0.1083715,0.3523551,0.0,0.0,0.0,0.0,0.0,0.0,0.0,-1.813167,-0.2439453,0.01102602,0.4186106,0.1435548,-1.775208,0.05748355,0.6231937,-0.08090254,0.775745,10.95401,77.25153,356.8545,0.1424631,0.069567,-0.9873521,0.08125428,-0.007628048,0.08456686,2.2604,-0.2058763,-1.383128,0.02317128,0.01602303,1.915,0.2101689,-0.05387269,-0.9761798,0.1971662,0.9803008,-0.01165075,0.9575775,-0.1900211,0.2166506,moving,69.24071,-17.09597,0.6932385,0.4793894,8.111061096035128,0.35860962989302747
05/04/2023 16:18:35.412936,1111,True,True,True,True,Eyes,0.3146856,0.1355496,-1.855831,0.9320375,-0.111585,0.3447533,0.0,0.0,0.0,0.0,0.0,0.0,0.0,-1.81046,-0.249506,-0.01040149,0.4260124,0.1440966,-1.771406,0.05990369,0.6262459,-0.08359253,0.772813,11.37839,77.72321,356.8322,0.1445852,0.06976569,-0.9870296,0.07637902,-0.007170365,0.07949285,2.267053,-0.2217043,-1.391229,0.01927835,0.01333139,1.915,0.2016568,-0.05417392,-0.977957,0.2042317,0.9788476,-0.01211025,0.957927,-0.1972876,0.2084553,moving,69.70097,-17.93502,0.5767783,0.3988617,8.13808371983217,0.3763382537199885
05/04/2023 16:18:35.432699,1112,True,True,True,True,Eyes,0.4500632,0.1439815,-1.751981,0.9730584,-0.1829783,0.140272,0.0,0.0,0.0,0.0,0.0,0.0,0.0,-1.807663,-0.2553155,-0.03395081,0.4349319,0.1450177,-1.767424,0.06132954,0.6294084,-0.08527449,0.7699429,11.64139,78.20729,356.833,0.1468048,0.06997332,-0.9866872,0.07179628,-0.006740143,0.07472328,2.276177,-0.2317652,-1.399415,0.01548848,0.01071075,1.915001,0.1931466,-0.05411029,-0.9796767,0.2085156,0.9779339,-0.01290446,0.9587574,-0.2017854,0.2001675,moving,81.797,-52.52607,0.4633967,0.3204564,9.008091332545721,1.0779787907018288
05/04/2023 16:18:35.452439,1113,True,True,True,True,Eyes,0.4504409,0.144014,-1.75184,0.9731154,-0.1829416,0.1399237,0.0,0.0,0.0,0.0,0.0,0.0,0.0,-1.804784,-0.2618209,-0.05702746,0.4428774,0.1460811,-1.763964,0.06097579,0.6326617,-0.08581454,0.7672399,11.66267,78.69156,356.8083,0.1593905,0.0711316,-0.9846494,0.4736214,0.01895996,0.3817914,2.285752,-0.2338174,-1.407716,0.01160979,0.008028378,1.915,0.1847502,-0.05452661,-0.9812717,0.2088348,0.9778356,-0.01501702,0.9603413,-0.2021493,0.1920424,moving,81.81756,-52.58928,0.3473545,0.2402033,9.009626376819496,1.0792543709330076
05/04/2023 16:18:35.462772,1114,True,True,True,True,Eyes,0.4511454,0.1440661,-1.751606,0.9732793,-0.1826103,0.1392156,0.0,0.0,0.0,0.0,0.0,0.0,0.0,-1.801763,-0.2682857,-0.08208299,0.4520904,0.1469262,-1.760423,0.06053261,0.6360556,-0.08623611,0.7644163,11.66834,79.19827,356.7901,0.1697827,0.07209397,-0.9828407,0.4452041,0.01782236,0.3588839,2.296742,-0.2356139,-1.416571,0.00766322,0.005299276,1.915,0.1759932,-0.05483637,-0.9828628,0.2088448,0.9777983,-0.01715769,0.9619825,-0.2022462,0.1835381,moving,81.85976,-52.6794,0.2292782,0.1585511,9.012272118574487,1.0811277896647047
05/04/2023 16:18:35.482856,1115,True,True,True,True,Eyes,0.4522153,0.1441353,-1.751248,0.9735012,-0.1821982,0.1381998,0.0,0.0,0.0,0.0,0.0,0.0,0.0,-1.798712,-0.2731604,-0.1071514,0.4604481,0.1475158,-1.757183,0.05924432,0.6395695,-0.08563001,0.7616485,11.52406,79.71877,356.8022,0.1784136,0.07289921,-0.9812511,0.4184919,0.01675302,0.3373508,2.307911,-0.2326614,-1.426135,0.00385958,0.002668987,1.915,0.1672368,-0.05465825,-0.9844005,0.2062217,0.9783152,-0.019286,0.9641081,-0.1997794,0.174882,moving,81.92019,-52.81919,0.1154764,0.07985464,9.016197669793213,1.0840123695481827
05/04/2023 16:18:35.502858,1116,True,True,True,True,Eyes,0.453596,0.1442076,-1.750799,0.9737879,-0.1815888,0.1369769,0.0,0.0,0.0,0.0,0.0,0.0,0.0,-1.795488,-0.2776246,-0.1332698,0.4702689,0.1478815,-1.753736,0.05768133,0.6429632,-0.08471643,0.7590089,11.33238,80.22066,356.8179,0.1856366,0.0735782,-0.9798595,0.3933824,0.01574784,0.3171098,2.320657,-0.2283999,-1.434834,2.679229e-05,1.851935e-05,1.915,0.1588431,-0.0544271,-0.9858025,0.202775,0.9789919,-0.02137779,0.9662564,-0.1965003,0.1665426,moving,81.99308,-52.97186,0.0008016111,0.0005540891,9.02072942290038,1.0871920333448846
05/04/2023 16:18:35.512795,1117,True,True,True,True,Eyes,0.4553348,0.1442673,-1.750247,0.9741229,-0.1809334,0.1354534,0.0,0.0,0.0,0.0,0.0,0.0,0.0,-1.792257,-0.2826843,-0.1578026,0.4789366,0.1481546,-1.750904,0.05647912,0.6463013,-0.08441416,0.7562931,11.21805,80.71814,356.8045,0.1921149,0.07418358,-0.9785642,0.3697794,0.01480297,0.2980832,2.331581,-0.2269228,-1.44386,-0.004058301,-0.002806405,1.915,0.150338,-0.05467865,-0.9871216,0.2006887,0.9793687,-0.02368442,0.968051,-0.1945435,0.1582097,moving,82.08369,-53.18013,-0.121422,-0.08396605,9.026598473161261,1.0914921565004687
05/04/2023 16:18:35.532573,1118,True,True,True,True,Eyes,0.4573686,0.144295,-1.749588,0.9744917,-0.1802008,0.1337673,0.0,0.0,0.0,0.0,0.0,0.0,0.0,-1.788557,-0.2880906,-0.184451,0.4891464,0.1478245,-1.74781,0.05506725,0.6497372,-0.08419725,0.7534719,11.09261,81.2301,356.7682,0.1980364,0.07472974,-0.9773415,0.3475927,0.01391479,0.2801982,2.344256,-0.2253956,-1.453552,-0.007687092,-0.005315868,1.915,0.1415047,-0.05532202,-0.9883904,0.198439,0.9797569,-0.02642892,0.9698444,-0.1923954,0.1496182,moving,82.18392,-53.41263,-0.2299925,-0.1590476,9.033117632866967,1.0962886351710588
05/04/2023 16:18:35.552706,1119,True,True,True,True,Eyes,0.4597448,0.1442841,-1.748844,0.9748856,-0.1795145,0.1318058,0.0,0.0,0.0,0.0,0.0,0.0,0.0,-1.784698,-0.2937041,-0.2100627,0.4983248,0.147058,-1.745159,0.05381986,0.6531808,-0.08439904,0.7505566,11.0138,81.74605,356.707,0.2034747,0.07522143,-0.9761861,0.3267371,0.0130799,0.2633863,2.355469,-0.2259908,-1.463605,-0.01158413,-0.008010792,1.914999,0.1324634,-0.0563843,-0.9895829,0.1970007,0.9799604,-0.02946596,0.9714135,-0.1910453,0.1409166,moving,82.30023,-53.71259,-0.346587,-0.2396773,9.041067069543939,1.102421533488514
05/04/2023 16:18:35.562516,1120,True,True,True,True,Eyes,0.4624108,0.1442374,-1.748013,0.9752554,-0.1789427,0.1298322,0.0,0.0,0.0,0.0,0.0,0.0,0.0,-1.780466,-0.2999587,-0.2359698,0.5087869,0.1459711,-1.742282,0.05316611,0.6564403,-0.08527427,0.747655,11.03769,82.24041,356.6292,0.2084979,0.07566236,-0.9750915,0.3071329,0.01229511,0.2475831,2.367133,-0.2302412,-1.472855,-0.01545002,-0.01068395,1.914999,0.123629,-0.0577107,-0.9906489,0.1973122,0.9798033,-0.03245512,0.9725142,-0.1914547,0.1325192,moving,82.41702,-54.03717,-0.4622464,-0.3196549,9.049347329248796,1.1090192565761834
05/04/2023 16:18:35.583150,1121,True,True,True,True,Eyes,0.4654085,0.144135,-1.747118,0.9756438,-0.1784289,0.1276018,0.0,0.0,0.0,0.0,0.0,0.0,0.0,-1.776436,-0.3054515,-0.2612062,0.5183902,0.145104,-1.739963,0.05258718,0.6597396,-0.08592211,0.7447118,11.05184,82.74423,356.5778,0.2131643,0.07605595,-0.9740514,0.2887049,0.0115574,0.2327282,2.377959,-0.2339807,-1.482913,-0.01936533,-0.01339126,1.915,0.1147222,-0.05858673,-0.9916685,0.1973621,0.9797039,-0.03504784,0.9735949,-0.191697,0.1239565,moving,82.54874,-54.4299,-0.5793806,-0.4006529,9.059025862099208,1.1169614797010419
05/04/2023 16:18:35.602658,1122,True,True,True,True,Eyes,0.4686868,0.1439781,-1.746158,0.9759909,-0.1780567,0.1254495,0.0,0.0,0.0,0.0,0.0,0.0,0.0,-1.772547,-0.3082534,-0.2870507,0.5292426,0.1435792,-1.73742,0.05277878,0.6628567,-0.08633146,0.7418777,11.11399,83.23013,356.604,0.2175282,0.07640403,-0.9730589,0.2713826,0.01086396,0.2187645,2.389585,-0.2399157,-1.492317,-0.02318442,-0.01603236,1.915,0.1063358,-0.05812522,-0.99263,0.1980643,0.9795225,-0.03613998,0.974404,-0.1927616,0.1156709,moving,82.67561,-54.83347,-0.6936316,-0.4796684,9.06867049410686,1.12508684177013
05/04/2023 16:18:35.612694,1123,True,True,True,True,Eyes,0.4722889,0.1437563,-1.745157,0.9763506,-0.1777572,0.1230527,0.0,0.0,0.0,0.0,0.0,0.0,0.0,-1.76879,-0.3117177,-0.311438,0.5392123,0.1420806,-1.735466,0.05292324,0.6658772,-0.08697561,0.7390819,11.18978,83.70204,356.6056,0.2216356,0.07670826,-0.9721075,0.2550997,0.01021212,0.2056386,2.400057,-0.2463853,-1.501651,-0.02720499,-0.01881244,1.915,0.09808568,-0.05808343,-0.9934816,0.1990449,0.9792687,-0.03760093,0.9750695,-0.1940593,0.1076134,moving,82.8167,-55.30702,-0.8139041,-0.5628402,9.079711535058097,1.1345880837273996
05/04/2023 16:18:35.632813,1124,True,True,True,True,Eyes,0.4761664,0.1434875,-1.744119,0.9766611,-0.1775748,0.1208318,0.0,0.0,0.0,0.0,0.0,0.0,0.0,-1.764645,-0.3156922,-0.3374054,0.5504853,0.1403102,-1.733423,0.05300999,0.668955,-0.08773556,0.7362009,11.27009,84.1841,356.5943,0.22553,0.07696944,-0.9711907,0.2397937,0.009599393,0.1933003,2.411829,-0.2531111,-1.511474,-0.03097457,-0.02141922,1.915,0.08960342,-0.05825939,-0.9942722,0.2001046,0.9789848,-0.03933028,0.9756688,-0.1954343,0.09937831,moving,82.94724,-55.76645,-0.9266618,-0.6408248,9.09019833022401,1.1437790543723674
05/04/2023 16:18:35.652370,1125,True,True,True,True,Eyes,0.480354,0.1431612,-1.743056,0.9769807,-0.1774441,0.118416,0.0,0.0,0.0,0.0,0.0,0.0,0.0,-1.760237,-0.322433,-0.3610824,0.5608927,0.1388876,-1.73173,0.05254586,0.6717876,-0.08903048,0.7334944,11.34424,84.62283,356.4911,0.2292475,0.07718921,-0.9703024,0.2254061,0.00902343,0.1817023,2.422536,-0.2592647,-1.520127,-0.03480566,-0.02406844,1.915001,0.08154999,-0.06000744,-0.9948613,0.201206,0.978625,-0.04253497,0.9761486,-0.1967033,0.09188075,moving,83.08912,-56.28313,-1.041252,-0.7200768,9.101817111185866,1.1540943729549018
05/04/2023 16:18:35.662800,1126,True,True,True,True,Eyes,0.4848129,0.1427848,-1.741992,0.977264,-0.1773371,0.1162177,0.0,0.0,0.0,0.0,0.0,0.0,0.0,-1.755574,-0.3298281,-0.3854703,0.5724148,0.1371444,-1.730014,0.05180977,0.6745322,-0.09041455,0.7308539,11.40283,85.04642,356.3582,0.2328222,0.07736839,-0.9694365,0.2118817,0.008482024,0.1708001,2.43434,-0.2652516,-1.528131,-0.0387309,-0.02678265,1.915,0.07366315,-0.06226493,-0.9953375,0.2020544,0.9782819,-0.04624432,0.9766001,-0.1977058,0.08464424,moving,83.21815,-56.7612,-1.15865,-0.8012706,9.112487912630822,1.1636293007682075
05/04/2023 16:18:35.682693,1127,True,True,True,True,Eyes,0.48954,0.1423638,-1.740924,0.9775662,-0.1772186,0.1138326,0.0,0.0,0.0,0.0,0.0,0.0,0.0,-1.750841,-0.3380018,-0.4089915,0.583322,0.1355276,-1.728678,0.05065218,0.6772308,-0.09180982,0.7282609,11.42756,85.46001,356.1908,0.2362825,0.07750801,-0.9685878,0.1991688,0.007973103,0.1605521,2.445726,-0.2698567,-1.536311,-0.04248737,-0.02938041,1.914999,0.06585896,-0.06511657,-0.995702,0.2023294,0.9780107,-0.05057687,0.9771006,-0.1981289,0.07758574,moving,83.35811,-57.28619,-1.270991,-0.8789775,9.124144493406101,1.1740926595265768
05/04/2023 16:18:35.702541,1128,True,True,True,True,Eyes,0.4945871,0.1419614,-1.740172,0.9788706,-0.1718035,0.1108872,0.0,0.0,0.0,0.0,0.0,0.0,0.0,-1.746087,-0.3447088,-0.4322954,0.5942218,0.1329569,-1.727352,0.0488038,0.6798028,-0.09268408,0.7258761,11.35368,85.84876,356.0112,0.239654,0.07760933,-0.967751,0.1872187,0.007494716,0.150919,2.457664,-0.2722353,-1.543494,-0.04636514,-0.03206175,1.915001,0.05855571,-0.06820039,-0.9959518,0.2009082,0.9780557,-0.05516274,0.9778585,-0.1968648,0.07097279,moving,83.53705,-57.16058,-1.386949,-0.9591805,9.128891734297618,1.1724923794270792
05/04/2023 16:18:35.712503,1129,True,True,True,True,Eyes,0.499915,0.1414719,-1.739401,0.9801251,-0.1665196,0.107824,0.0,0.0,0.0,0.0,0.0,0.0,0.0,-1.741076,-0.353341,-0.4560723,0.6064943,0.1323373,-1.725934,0.04744934,0.6822847,-0.09377724,0.7234929,11.33961,86.22974,355.8505,0.2429568,0.07767551,-0.9669218,0.1759855,0.007045033,0.1418639,2.470456,-0.2747552,-1.550109,-0.05048428,-0.03491032,1.915,0.05138685,-0.07094642,-0.9961556,0.2004423,0.9779088,-0.05930701,0.978357,-0.1966241,0.06447233,moving,83.72211,-57.07631,-1.510113,-1.044382,9.134382991638319,1.1716951913768567
05/04/2023 16:18:35.742524,1130,True,True,True,True,Eyes,0.5054941,0.140962,-1.738666,0.9813941,-0.1608876,0.1047893,0.0,0.0,0.0,0.0,0.0,0.0,0.0,-1.73696,-0.3585655,-0.478246,0.618665,0.1307928,-1.724663,0.04596529,0.6843565,-0.09409399,0.7215884,11.25195,86.54613,355.7385,0.2462123,0.07770505,-0.9660956,0.1654264,0.006622331,0.133352,2.483559,-0.2754672,-1.555361,-0.05401829,-0.03735419,1.915,0.04560498,-0.07288096,-0.9962975,0.1987075,0.978067,-0.06245162,0.9789972,-0.1951237,0.0590867,moving,83.90528,-56.92299,-1.61577,-1.117476,9.138927121228352,1.1695920296120943
05/04/2023 16:18:35.752401,1131,True,True,True,True,Eyes,0.5113531,0.1404115,-1.737925,0.9826144,-0.1553477,0.1016658,0.0,0.0,0.0,0.0,0.0,0.0,0.0,-1.733516,-0.3629191,-0.498871,0.6301746,0.1297156,-1.723866,0.04409156,0.6862185,-0.09388275,0.7199627,11.08918,86.82684,355.636,0.2494373,0.07770005,-0.9652684,0.1555008,0.006224991,0.1253509,2.496355,-0.273457,-1.559545,-0.05789016,-0.04003165,1.915,0.04058019,-0.07467124,-0.9963823,0.1956971,0.9784839,-0.06535964,0.9798245,-0.1923367,0.05431997,moving,84.09293,-56.79765,-1.731515,-1.197551,9.143986805579855,1.1680338580434366
05/04/2023 16:18:35.762684,1132,True,True,True,True,Eyes,0.517452,0.1398249,-1.737176,0.9837988,-0.1496446,0.09872433,0.0,0.0,0.0,0.0,0.0,0.0,0.0,-1.729892,-0.3663691,-0.5207714,0.6427354,0.1281577,-1.722911,0.0421155,0.6880879,-0.09346088,0.7183499,10.90178,87.10918,355.5425,0.2526488,0.07766142,-0.964436,0.1461708,0.005851492,0.1178299,2.510371,-0.2711249,-1.563608,-0.06177624,-0.04271889,1.915,0.03560039,-0.07631689,-0.9964479,0.1922335,0.9789827,-0.06811126,0.9807034,-0.1891259,0.04952279,moving,84.26955,-56.58615,-1.847671,-1.277914,9.147557029517035,1.1648092332656375
05/04/2023 16:18:35.782558,1133,True,True,True,True,Eyes,0.5238195,0.1392028,-1.736417,0.9849297,-0.1440392,0.09574024,0.0,0.0,0.0,0.0,0.0,0.0,0.0,-1.726869,-0.367881,-0.5417593,0.6545646,0.126624,-1.722332,0.0401199,0.6898771,-0.09251326,0.7168692,10.67087,87.38007,355.4893,0.25586,0.07759029,-0.9635949,0.1374005,0.005500402,0.1107601,2.523917,-0.2673488,-1.567745,-0.06561202,-0.04537139,1.915001,0.03102175,-0.07728419,-0.9965265,0.1879954,0.9796634,-0.07012412,0.98168,-0.185167,0.04491994,moving,84.448,-56.38874,-1.962308,-1.357234,9.15137175993237,1.161857240048275
05/04/2023 16:18:35.802694,1134,True,True,True,True,Eyes,0.6888075,0.124537,-1.718681,0.999558,-0.002526195,0.02962147,0.0,0.0,0.0,0.0,0.0,0.0,0.0,-1.724248,-0.3668041,-0.562379,0.6673633,0.1251213,-1.721284,0.03906478,0.691377,-0.09124855,0.7156435,10.49136,87.61353,355.5328,0.259084,0.07748767,-0.9627413,0.1291565,0.005170378,0.1041145,2.537947,-0.2653492,-1.570259,-0.06947217,-0.0480407,1.915,0.02734312,-0.07658587,-0.9966881,0.1846198,0.9802954,-0.07026139,0.9824296,-0.1820872,0.04094358,moving,88.30257,-4.874537,-2.077659,-1.43705,8.631544971010136,0.20993001148990242
05/04/2023 16:18:35.812545,1135,True,True,True,True,Eyes,0.6893282,0.1245714,-1.718666,0.9995614,-0.002366545,0.02951903,0.0,0.0,0.0,0.0,0.0,0.0,0.0,-1.722225,-0.3673052,-0.5812899,0.6794099,0.1250852,-1.720937,0.03822736,0.6927533,-0.0902008,0.7144898,10.34646,87.82915,355.5732,0.2737157,0.07628208,-0.9587806,0.6163711,-0.03913737,0.1510755,2.55091,-0.263151,-1.572679,-0.07355499,-0.05086392,1.915,0.02391351,-0.07593083,-0.9968265,0.1818594,0.9808049,-0.07034768,0.983034,-0.1795999,0.03726324,moving,88.30843,-4.583608,-2.199644,-1.521463,8.628044829036597,0.20448631394401662
05/04/2023 16:18:35.832496,1136,True,True,True,True,Eyes,0.6903168,0.1246388,-1.718609,0.9995583,-0.002044253,0.02965194,0.0,0.0,0.0,0.0,0.0,0.0,0.0,-1.720683,-0.3681851,-0.5992899,0.6924663,0.1259198,-1.720492,0.03703125,0.6937342,-0.08886347,0.7137682,10.1461,87.97847,355.6025,0.2857566,0.07525773,-0.9553423,0.5793889,-0.03678913,0.142011,2.565146,-0.2580422,-1.573189,-0.07728228,-0.05344151,1.915001,0.02167258,-0.07547616,-0.9969121,0.1782355,0.9814639,-0.07043179,0.9837492,-0.1761587,0.03472336,moving,88.30082,-3.943824,-2.31099,-1.598526,8.619620484394426,0.19242789208070976
05/04/2023 16:18:35.852403,1137,True,True,True,True,Eyes,0.6917849,0.1246904,-1.718538,0.9995598,-0.001589,0.02962476,0.0,0.0,0.0,0.0,0.0,0.0,0.0,-1.719351,-0.3692776,-0.6167915,0.7046146,0.1271559,-1.720557,0.03490339,0.6947593,-0.08712182,0.7130927,9.836434,88.12823,355.5906,0.2957169,0.07438938,-0.9523746,0.5446255,-0.03458178,0.1334903,2.57919,-0.2489516,-1.574067,-0.08111043,-0.05608888,1.915,0.01943846,-0.07575295,-0.9969373,0.1727508,0.9823831,-0.0712787,0.9847739,-0.1708361,0.03218237,moving,88.30238,-3.070264,-2.425332,-1.67767,8.608541869251358,0.17601415520680613
05/04/2023 16:18:35.863563,1138,True,True,True,True,Eyes,0.6936806,0.1247877,-1.718449,0.9995548,-0.00132395,0.02980809,0.0,0.0,0.0,0.0,0.0,0.0,0.0,-1.716564,-0.3708662,-0.636973,0.7176693,0.1266305,-1.720112,0.03302788,0.6961406,-0.08612916,0.7119548,9.610225,88.33806,355.5409,0.3040123,0.07365196,-0.9498166,0.511948,-0.03250687,0.1254809,2.593739,-0.2443116,-1.576363,-0.08496782,-0.05875617,1.915001,0.01594027,-0.07665601,-0.9969303,0.1686242,0.9829819,-0.07288727,0.9855517,-0.1669447,0.02859506,moving,88.29187,-2.543166,-2.540525,-1.757401,8.601450881531758,0.16606156986547277
05/04/2023 16:18:35.882906,1139,True,True,True,True,Eyes,0.6960124,0.1249485,-1.718359,0.9995535,-0.001064797,0.02986096,0.0,0.0,0.0,0.0,0.0,0.0,0.0,-1.714134,-0.375671,-0.6543701,0.7298231,0.1278044,-1.72006,0.03198455,0.6972706,-0.0860471,0.7109057,9.524667,88.51363,355.4789,0.3110397,0.07302283,-0.9475872,0.4812311,-0.03055646,0.117952,2.606372,-0.2426713,-1.577748,-0.08901305,-0.06155351,1.915001,0.01281934,-0.07773894,-0.9968914,0.1669465,0.9831457,-0.07452022,0.9858828,-0.1654722,0.02558155,moving,88.28883,-2.042216,-2.661306,-1.841013,8.594958174191488,0.1566322514166884
05/04/2023 16:18:35.902804,1140,True,True,True,True,Eyes,0.6987416,0.1251798,-1.718218,0.999548,-0.001174442,0.03004173,0.0,0.0,0.0,0.0,0.0,0.0,0.0,-1.711435,-0.3823901,-0.6715997,0.7426078,0.1294851,-1.719896,0.03134326,0.6983041,-0.08654449,0.7098586,9.518573,88.67657,355.4,0.3174617,0.07245947,-0.9454984,0.4523573,-0.02872307,0.1108749,2.619148,-0.2428909,-1.578953,-0.09272164,-0.06411783,1.915,0.009763017,-0.07909445,-0.9968195,0.1666429,0.9830553,-0.07637019,0.9859691,-0.1653673,0.0227781,moving,88.27847,-2.238764,-2.772017,-1.917655,8.597095737936238,0.1602827293909349
05/04/2023 16:18:35.922862,1141,True,True,True,True,Eyes,0.7018791,0.1254814,-1.718072,0.9995473,-0.001209003,0.03006226,0.0,0.0,0.0,0.0,0.0,0.0,0.0,-1.708577,-0.387625,-0.6897195,0.7548642,0.1313787,-1.719918,0.0303073,0.6995763,-0.08638988,0.7086688,9.429173,88.87611,355.3462,0.3233601,0.07195931,-0.9435357,0.4252158,-0.02699969,0.1042224,2.631995,-0.2403768,-1.581239,-0.09672656,-0.06688757,1.915,0.006259765,-0.08003907,-0.9967722,0.1648481,0.9832365,-0.07791691,0.9862992,-0.1638283,0.01934911,moving,88.2773,-2.303002,-2.89155,-2.000427,8.597872975598339,0.161485241039379
05/04/2023 16:18:35.932581,1142,True,True,True,True,Eyes,0.7053865,0.1258806,-1.717893,0.9995421,-0.001479106,0.03022261,0.0,0.0,0.0,0.0,0.0,0.0,0.0,-1.705384,-0.3911924,-0.7091541,0.7677851,0.1333078,-1.719593,0.02964161,0.700966,-0.08587157,0.7073855,9.341709,89.09784,355.3535,0.3288079,0.07151969,-0.9416845,0.3997029,-0.02537971,0.09796906,2.645567,-0.237854,-1.584214,-0.1004972,-0.06949484,1.915001,0.002545506,-0.07993308,-0.9967971,0.1630441,0.9834949,-0.07845,0.9866156,-0.1623222,0.01553614,moving,88.2681,-2.801843,-3.004067,-2.078336,8.60390456770563,0.17082287423080478
05/04/2023 16:18:35.952745,1143,True,True,True,True,Eyes,0.7092753,0.1263099,-1.717721,0.9995425,-0.001575788,0.03020502,0.0,0.0,0.0,0.0,0.0,0.0,0.0,-1.702666,-0.3939888,-0.7280371,0.7801422,0.1359793,-1.719658,0.02852325,0.7023199,-0.08478124,0.706219,9.170588,89.31129,355.3703,0.333869,0.07113973,-0.9399309,0.3757207,-0.02385692,0.09209091,2.659083,-0.231943,-1.587176,-0.1044013,-0.07219464,1.915,-0.0008820824,-0.07968335,-0.9968197,0.1598131,0.9839971,-0.07879975,0.9871469,-0.1593744,0.01186646,moving,88.26912,-2.986398,-3.120541,-2.159003,8.60629299967135,0.1742963045991035
05/04/2023 16:18:35.962709,1144,True,True,True,True,Eyes,0.7135057,0.1267699,-1.71752,0.999539,-0.00190648,0.0303001,0.0,0.0,0.0,0.0,0.0,0.0,0.0,-1.69951,-0.3941378,-0.7492175,0.7931586,0.1370973,-1.719625,0.02708015,0.7039099,-0.08322828,0.7048764,8.936907,89.5618,355.4011,0.3386,0.0708148,-0.9382616,0.3531775,-0.02242551,0.08656546,2.673761,-0.2254088,-1.591541,-0.1080542,-0.07472049,1.915,-0.004832275,-0.07920731,-0.9968465,0.1554553,0.9846795,-0.0789941,0.9878312,-0.1553467,0.007554973,moving,88.26366,-3.600299,-3.229501,-2.234464,8.61392377189575,0.18581263062148817
05/04/2023 16:18:35.982726,1145,True,True,True,True,Eyes,0.7180784,0.12722,-1.717315,0.9995429,-0.002174471,0.03015353,0.0,0.0,0.0,0.0,0.0,0.0,0.0,-1.695565,-0.3951622,-0.7705808,0.8055488,0.1382403,-1.719554,0.02591727,0.705702,-0.08207468,0.7032616,8.759875,89.84776,355.4235,0.3430508,0.07054081,-0.9366641,0.3319868,-0.02107998,0.08137153,2.687505,-0.2208139,-1.596832,-0.1119042,-0.07738277,1.915001,-0.009503081,-0.07886021,-0.9968405,0.1520197,0.9851841,-0.07938728,0.9883319,-0.1522938,0.002626043,moving,88.27207,-4.124648,-3.344308,-2.313991,8.620905221137907,0.1957046139988824
05/04/2023 16:18:36.002842,1146,True,True,True,True,Eyes,0.7229618,0.1276758,-1.717089,0.9995416,-0.002762701,0.03014932,0.0,0.0,0.0,0.0,0.0,0.0,0.0,-1.690235,-0.3970562,-0.7936373,0.8182935,0.1384444,-1.719196,0.02531686,0.7078158,-0.08163067,0.7012078,8.688576,90.19059,355.4371,0.3472658,0.07031178,-0.9351268,0.3120676,-0.01981518,0.07648924,2.701041,-0.2206683,-1.603611,-0.1158423,-0.08010592,1.915,-0.01533339,-0.07864078,-0.996785,0.1503195,0.985391,-0.0800542,0.9885185,-0.1510637,-0.003288126,moving,88.27231,-5.235617,-3.461721,-2.39533,8.635073590730356,0.21658859807064995
05/04/2023 16:18:36.012727,1147,True,True,True,True,Eyes,0.7281586,0.1281111,-1.716857,0.9995449,-0.003298631,0.02998685,0.0,0.0,0.0,0.0,0.0,0.0,0.0,-1.685595,-0.3983443,-0.8147513,0.8305874,0.1390495,-1.718871,0.02520865,0.7096475,-0.08113346,0.6994159,8.650974,90.49088,355.4915,0.351283,0.07012327,-0.9336394,0.2933435,-0.01862627,0.07189988,2.713802,-0.2213513,-1.609026,-0.1198318,-0.08286488,1.915,-0.02036422,-0.07771353,-0.9967678,0.1492705,0.9855638,-0.07988963,0.9885867,-0.1504149,-0.008469912,moving,88.28162,-6.277446,-3.580634,-2.477727,8.648682510257682,0.23621151660009115
05/04/2023 16:18:36.032479,1148,True,True,True,True,Eyes,0.7336429,0.1285301,-1.716643,0.9995362,-0.004050569,0.03018529,0.0,0.0,0.0,0.0,0.0,0.0,0.0,-1.681882,-0.3980061,-0.834514,0.8432789,0.1389944,-1.718462,0.02525259,0.7110885,-0.08043835,0.6980294,8.606742,90.72839,355.5693,0.3551364,0.06996974,-0.932192,0.2757429,-0.01750869,0.06758589,2.726891,-0.2223812,-1.612604,-0.1235634,-0.08544547,1.915,-0.02423445,-0.076383,-0.9967839,0.1482103,0.985784,-0.07914346,0.9886588,-0.1496517,-0.01256915,moving,88.27024,-7.642872,-3.691833,-2.554789,8.665681822084448,0.2618291409660636
05/04/2023 16:18:36.052369,1149,True,True,True,True,Eyes,0.7394113,0.1289384,-1.716423,0.99953,-0.004704162,0.03029597,0.0,0.0,0.0,0.0,0.0,0.0,0.0,-1.679431,-0.3958615,-0.8519977,0.8556492,0.1391315,-1.718022,0.02560526,0.7121108,-0.07934309,0.6970992,8.551652,90.89896,355.6996,0.3588548,0.06984635,-0.9307761,0.2591983,-0.01645817,0.06353074,2.739579,-0.2230734,-1.613892,-0.1274258,-0.08811664,1.915,-0.02679403,-0.07415243,-0.9968869,0.1470876,0.9860981,-0.07730331,0.9887605,-0.1487009,-0.01551471,moving,88.26389,-8.826036,-3.8069,-2.634545,8.680536561493554,0.2840421601382136
05/04/2023 16:18:36.067090,1150,True,True,True,True,Eyes,0.7394113,0.1289384,-1.716423,0.99953,-0.004704162,0.03029597,0.0,0.0,0.0,0.0,0.0,0.0,0.0,-1.677708,-0.392283,-0.8688202,0.8682248,0.139282,-1.717622,0.02579974,0.7129129,-0.07781042,0.6964446,8.446178,91.0323,355.8493,0.3624642,0.06974915,-0.9293839,0.2436464,-0.01547068,0.05971889,2.752723,-0.2221568,-1.614049,-0.1312808,-0.09078236,1.914999,-0.02859829,-0.07159538,-0.9970236,0.1451672,0.9865599,-0.07500792,0.9889936,-0.1468803,-0.01782067,moving,88.26389,-8.826036,-3.921716,-2.714129,8.680536561493554,0.2840421601382136
05/04/2023 16:18:36.083043,1151,True,True,True,True,Eyes,0.7394113,0.1289384,-1.716423,0.99953,-0.004704162,0.03029597,0.0,0.0,0.0,0.0,0.0,0.0,0.0,-1.675975,-0.3900634,-0.8849071,0.8806296,0.1401366,-1.717252,0.02521708,0.7135832,-0.0762443,0.6959527,8.274344,91.13914,355.9358,0.3657081,0.06966078,-0.9281188,0.2290277,-0.01454244,0.05613576,2.766104,-0.2181696,-1.613385,-0.1350509,-0.09338919,1.915,-0.03002804,-0.07013588,-0.9970855,0.1421138,0.9871018,-0.07371349,0.9893948,-0.1439131,-0.01967342,moving,88.26389,-8.826036,-4.033973,-2.791943,8.680536561493554,0.2840421601382136
05/04/2023 16:18:36.102742,1152,True,True,True,True,Eyes,0.7464471,0.1294294,-1.716153,0.9995161,-0.005310945,0.03065033,0.0,0.0,0.0,0.0,0.0,0.0,0.0,-1.67422,-0.3890869,-0.9001428,0.8932235,0.1394597,-1.716787,0.0235926,0.7139843,-0.07514745,0.6957176,8.055702,91.19562,355.8953,0.3686238,0.06958052,-0.9269707,0.215286,-0.01366989,0.05276761,2.779915,-0.2139499,-1.610654,-0.1389569,-0.09609012,1.915001,-0.03084126,-0.07087329,-0.9970086,0.1382523,0.9875925,-0.07448061,0.9899169,-0.1401358,-0.02066023,moving,88.24357,-9.830337,-4.150241,-2.872555,8.692615992881375,0.3028336808491333
05/04/2023 16:18:36.113036,1153,True,True,True,True,Eyes,0.7536984,0.1298618,-1.715878,0.9995053,-0.005847768,0.0309022,0.0,0.0,0.0,0.0,0.0,0.0,0.0,-1.671343,-0.3926171,-0.9155198,0.9055666,0.140868,-1.716338,0.0225245,0.7146156,-0.07491004,0.6951301,7.954039,91.29401,355.8337,0.3715692,0.06952508,-0.925798,0.2023688,-0.0128497,0.04960155,2.792835,-0.2115213,-1.609112,-0.143012,-0.09889434,1.915,-0.03257396,-0.07195172,-0.9968761,0.1363371,0.9877623,-0.07574885,0.9901269,-0.1383787,-0.02236564,moving,88.22913,-10.71564,-4.270915,-2.956239,8.703387338358194,0.3194133883364074
05/04/2023 16:18:36.132740,1154,True,True,True,True,Eyes,0.7611379,0.1302966,-1.715573,0.9994855,-0.006687671,0.0313695,0.0,0.0,0.0,0.0,0.0,0.0,0.0,-1.668235,-0.395057,-0.931624,0.9180413,0.1407544,-1.715923,0.02196668,0.7153697,-0.07493716,0.6943689,7.916021,91.41581,355.7943,0.37455,0.06948846,-0.9245988,0.1902267,-0.01207872,0.04662546,2.805562,-0.2125686,-1.608722,-0.1467577,-0.1014844,1.915,-0.03473882,-0.07263947,-0.9967532,0.1354967,0.9878038,-0.0767096,0.9901687,-0.1377215,-0.02447271,moving,88.20232,-12.03473,-4.382346,-3.03352,8.719248669015544,0.3440944260728548
05/04/2023 16:18:36.152570,1155,True,True,True,True,Eyes,0.7687476,0.1307508,-1.715263,0.9994672,-0.007639182,0.03173387,0.0,0.0,0.0,0.0,0.0,0.0,0.0,-1.665079,-0.3977771,-0.9467391,0.9299781,0.1413269,-1.715284,0.02333286,0.7161778,-0.07543736,0.6934364,8.071737,91.55746,355.8761,0.3775702,0.06946861,-0.9233711,0.1788131,-0.01135399,0.04382793,2.81653,-0.2197122,-1.608772,-0.1506467,-0.1041738,1.915,-0.03720301,-0.07120106,-0.996768,0.138043,0.9875296,-0.07569341,0.9897273,-0.1404128,-0.02691022,moving,88.18143,-13.53508,-4.498007,-3.113756,8.737630271113135,0.3722077917280412
05/04/2023 16:18:36.162935,1156,True,True,True,True,Eyes,0.7687476,0.1307508,-1.715263,0.9994672,-0.007639182,0.03173387,0.0,0.0,0.0,0.0,0.0,0.0,0.0,-1.662336,-0.4006972,-0.9610796,0.941659,0.1422917,-1.714825,0.02518636,0.7169189,-0.07601431,0.6925423,8.27228,91.69168,355.9917,0.3806318,0.06946452,-0.9221135,0.1680843,-0.01067275,0.04119826,2.826905,-0.2280092,-1.608852,-0.1544913,-0.1068324,1.915,-0.0395016,-0.06917311,-0.9968224,0.1413994,0.9871749,-0.07410694,0.9891642,-0.1438774,-0.02921395,moving,88.18143,-13.53508,-4.61231,-3.19306,8.737630271113135,0.3722077917280412
05/04/2023 16:18:36.182956,1157,True,True,True,True,Eyes,0.7687476,0.1307508,-1.715263,0.9994672,-0.007639182,0.03173387,0.0,0.0,0.0,0.0,0.0,0.0,0.0,-1.659256,-0.4027514,-0.9761443,0.953346,0.1429604,-1.714319,0.02792778,0.7178457,-0.07664273,0.6914069,8.548944,91.86395,356.1797,0.3833839,0.06946019,-0.920973,0.1579992,-0.01003239,0.03872636,2.836776,-0.2393371,-1.610207,-0.1583732,-0.1095169,1.915,-0.04235331,-0.06588695,-0.996928,0.1460783,0.9866919,-0.07141639,0.9883662,-0.1486542,-0.03216498,moving,88.18143,-13.53508,-4.727683,-3.273121,8.737630271113135,0.3722077917280412
05/04/2023 16:18:36.202649,1158,True,True,True,True,Eyes,0.7687476,0.1307508,-1.715263,0.9994672,-0.007639182,0.03173387,0.0,0.0,0.0,0.0,0.0,0.0,0.0,-1.655318,-0.4042684,-0.9926071,0.9649904,0.143115,-1.713794,0.03108886,0.7190776,-0.07731707,0.6899152,8.8641,92.09258,356.4039,0.3858579,0.06945577,-0.9199396,0.1485193,-0.009430445,0.03640278,2.846352,-0.2525396,-1.61348,-0.162227,-0.1121817,1.915,-0.04610096,-0.06197385,-0.9970126,0.1513951,0.986111,-0.0682966,0.9873978,-0.1540913,-0.03607814,moving,88.18143,-13.53508,-4.842182,-3.352584,8.737630271113135,0.3722077917280412
05/04/2023 16:18:36.214216,1159,True,True,True,True,Eyes,0.7687476,0.1307508,-1.715263,0.9994672,-0.007639182,0.03173387,0.0,0.0,0.0,0.0,0.0,0.0,0.0,-1.650626,-0.4061857,-1.009874,0.9764812,0.1433196,-1.713284,0.03464251,0.7205358,-0.07812935,0.6881309,9.222403,92.36568,356.6544,0.3880818,0.06945135,-0.9190039,0.1396081,-0.008864618,0.03421861,2.85543,-0.2671924,-1.618264,-0.1660783,-0.1148449,1.915,-0.05055192,-0.05760409,-0.9970589,0.1574488,0.9853914,-0.06491281,0.9862325,-0.1602671,-0.04074364,moving,88.18143,-13.53508,-4.956572,-3.431986,8.737630271113135,0.3722077917280412
05/04/2023 16:18:36.232749,1160,True,True,True,True,Eyes,0.7687476,0.1307508,-1.715263,0.9994672,-0.007639182,0.03173387,0.0,0.0,0.0,0.0,0.0,0.0,0.0,-1.645055,-0.4076141,-1.028519,0.9879211,0.143519,-1.712781,0.03769839,0.722242,-0.07861723,0.686123,9.514244,92.6797,356.8946,0.3900816,0.06944704,-0.9181572,0.1312316,-0.008332741,0.0321655,2.864885,-0.2797298,-1.624275,-0.1700422,-0.1175857,1.915,-0.05562824,-0.05342746,-0.997021,0.1623369,0.9847963,-0.06182987,0.9851661,-0.1652928,-0.04610922,moving,88.18143,-13.53508,-5.074263,-3.513689,8.737630271113135,0.3722077917280412
05/04/2023 16:18:36.252590,1161,True,True,True,True,Eyes,0.7687476,0.1307508,-1.715263,0.9994672,-0.007639182,0.03173387,0.0,0.0,0.0,0.0,0.0,0.0,0.0,-1.639333,-0.4085189,-1.047433,0.9995446,0.1437235,-1.712213,0.04015176,0.7239152,-0.07877026,0.6842002,9.729081,92.9853,357.1122,0.3918797,0.06944287,-0.9173915,0.1233577,-0.007832776,0.03023557,2.87501,-0.2896521,-1.630001,-0.1739347,-0.1202778,1.915,-0.06051587,-0.04965633,-0.9969314,0.1659222,0.9843661,-0.0591023,0.9842802,-0.1689897,-0.05133064,moving,88.18143,-13.53508,-5.189795,-3.593929,8.737630271113135,0.3722077917280412
05/04/2023 16:18:36.262580,1162,True,True,True,True,Eyes,0.7687476,0.1307508,-1.715263,0.9994672,-0.007639182,0.03173387,0.0,0.0,0.0,0.0,0.0,0.0,0.0,-1.633413,-0.4087965,-1.066759,1.011137,0.1437307,-1.711745,0.04195162,0.7256231,-0.07861903,0.6822978,9.865888,93.29214,357.3005,0.3934966,0.06943889,-0.9166993,0.1159563,-0.007362809,0.02842143,2.885647,-0.2972822,-1.635639,-0.1780272,-0.1231079,1.915,-0.06541971,-0.04640105,-0.9967784,0.1681653,0.9841182,-0.05684858,0.9835857,-0.1713425,-0.05657763,moving,88.18143,-13.53508,-5.311214,-3.678261,8.737630271113135,0.3722077917280412
05/04/2023 16:18:36.282497,1163,True,True,True,True,Eyes,0.7687476,0.1307508,-1.715263,0.9994672,-0.007639182,0.03173387,0.0,0.0,0.0,0.0,0.0,0.0,0.0,-1.626147,-0.4078125,-1.088248,1.023006,0.143608,-1.711076,0.04309846,0.7276572,-0.07796334,0.680132,9.909151,93.64842,357.479,0.3949509,0.06943513,-0.916074,0.1089989,-0.00692104,0.02671615,2.897338,-0.3016417,-1.643283,-0.1815804,-0.1255647,1.915001,-0.07112659,-0.04332891,-0.9965259,0.1687725,0.9841285,-0.0548359,0.9830856,-0.1720865,-0.06268489,moving,88.18143,-13.53508,-5.416594,-3.751458,8.737630271113135,0.3722077917280412
05/04/2023 16:18:36.302495,1164,True,True,True,True,Eyes,0.7687476,0.1307508,-1.715263,0.9994672,-0.007639182,0.03173387,0.0,0.0,0.0,0.0,0.0,0.0,0.0,-1.618764,-0.4057899,-1.109782,1.034864,0.1431689,-1.710332,0.04368324,0.7296477,-0.07699242,0.6780696,9.880582,93.99219,357.6343,0.396259,0.06943159,-0.9155092,0.102459,-0.006505778,0.02511318,2.909531,-0.3041026,-1.650152,-0.1854149,-0.1282159,1.915001,-0.07662734,-0.04066568,-0.9962304,0.1681592,0.9843279,-0.05311414,0.9827773,-0.1715952,-0.06858803,moving,88.18143,-13.53508,-5.530273,-3.830431,8.737630271113135,0.3722077917280412
05/04/2023 16:18:36.322319,1165,True,True,True,True,Eyes,0.7687476,0.1307508,-1.715263,0.9994672,-0.007639182,0.03173387,0.0,0.0,0.0,0.0,0.0,0.0,0.0,-1.611663,-0.404086,-1.130105,1.046786,0.1423895,-1.70934,0.04416511,0.7313802,-0.07619359,0.6762596,9.856848,94.29202,357.7634,0.3974354,0.06942828,-0.9149994,0.0,0.0,0.0,2.9217,-0.3069928,-1.655298,-0.1892459,-0.1308655,1.915,-0.08144481,-0.03845032,-0.9959359,0.1676563,0.984488,-0.0517188,0.9824755,-0.1711871,-0.07373501,moving,88.18143,-13.53508,-5.643812,-3.909348,8.737630271113135,0.3722077917280412
05/04/2023 16:18:36.332760,1166,True,True,True,True,Eyes,0.7687476,0.1307508,-1.715263,0.9994672,-0.007639182,0.03173387,0.0,0.0,0.0,0.0,0.0,0.0,0.0,-1.604834,-0.4028846,-1.149814,1.058955,0.1411223,-1.708385,0.0443998,0.732932,-0.07560387,0.6746284,9.830366,94.55915,357.8523,0.3984936,0.06942521,-0.9145392,0.0,0.0,0.0,2.934123,-0.3102407,-1.659213,-0.1931993,-0.1335997,1.915,-0.08581048,-0.03692496,-0.995627,0.1670931,0.9846255,-0.05091824,0.9821998,-0.1707317,-0.07832135,moving,88.18143,-13.53508,-5.760929,-3.990767,8.737630271113135,0.3722077917280412
05/04/2023 16:18:36.352714,1167,True,True,True,True,Eyes,0.7687476,0.1307508,-1.715263,0.9994672,-0.007639182,0.03173387,0.0,0.0,0.0,0.0,0.0,0.0,0.0,-1.597851,-0.4025484,-1.169243,1.071074,0.1397329,-1.707506,0.044785,0.7344671,-0.07530065,0.6729653,9.839522,94.82616,357.9315,0.3994452,0.06942237,-0.9141243,0.0,0.0,0.0,2.946214,-0.3148217,-1.663049,-0.1972656,-0.1364114,1.915,-0.09022435,-0.03556322,-0.9952865,0.1671356,0.9846483,-0.0503342,0.9817971,-0.1708892,-0.08289537,moving,88.18143,-13.53508,-5.881338,-4.074472,8.737630271113135,0.3722077917280412
05/04/2023 16:18:36.362771,1168,True,True,True,True,Eyes,0.7687476,0.1307508,-1.715263,0.9994672,-0.007639182,0.03173387,0.0,0.0,0.0,0.0,0.0,0.0,0.0,-1.590741,-0.4024091,-1.188381,1.083342,0.1383006,-1.706424,0.04545472,0.7359373,-0.07511077,0.6713334,9.87994,95.0862,358.0254,0.4003017,0.06941976,-0.9137499,0.0,0.0,0.0,2.958187,-0.3203649,-1.666726,-0.2010828,-0.139051,1.915,-0.09449062,-0.03394508,-0.9949468,0.1677524,0.9845845,-0.04952308,0.9812903,-0.1715842,-0.08733963,moving,88.18143,-13.53508,-5.994325,-4.153043,8.737630271113135,0.3722077917280412
05/04/2023 16:18:36.382641,1169,True,True,True,True,Eyes,0.7687476,0.1307508,-1.715263,0.9994672,-0.007639182,0.03173387,0.0,0.0,0.0,0.0,0.0,0.0,0.0,-1.584199,-0.40202,-1.206306,1.095584,0.1362799,-1.70517,0.04613689,0.7371534,-0.07502529,0.6699609,9.929141,95.30351,358.1088,0.4010717,0.06941736,-0.9134123,0.0,0.0,0.0,2.970037,-0.3266271,-1.669012,-0.2047019,-0.1415541,1.915,-0.09804758,-0.03250811,-0.9946507,0.1685479,0.9844852,-0.04879046,0.9808049,-0.1724301,-0.09104727,moving,88.18143,-13.53508,-6.101405,-4.227534,8.737630271113135,0.3722077917280412
05/04/2023 16:18:36.402654,1170,True,True,True,True,Eyes,0.7687476,0.1307508,-1.715263,0.9994672,-0.007639182,0.03173387,0.0,0.0,0.0,0.0,0.0,0.0,0.0,-1.577314,-0.4025939,-1.22427,1.107944,0.133683,-1.703944,0.04704679,0.7383842,-0.07535034,0.6685039,10.03077,95.5274,358.1804,0.4017642,0.06941514,-0.9131081,0.0,0.0,0.0,2.981581,-0.3352945,-1.671223,-0.208567,-0.144226,1.915,-0.1017782,-0.03126679,-0.9943156,0.1702212,0.9842179,-0.04837309,0.9801357,-0.174177,-0.09484958,moving,88.18143,-13.53508,-6.215714,-4.307033,8.737630271113135,0.3722077917280412
05/04/2023 16:18:36.412818,1171,True,True,True,True,Eyes,0.7687476,0.1307508,-1.715263,0.9994672,-0.007639182,0.03173387,0.0,0.0,0.0,0.0,0.0,0.0,0.0,-1.570458,-0.4029604,-1.241934,1.120459,0.1311119,-1.702497,0.04784649,0.7395171,-0.0755893,0.6671666,10.11604,95.73358,358.2482,0.4023883,0.06941312,-0.9128333,0.0,0.0,0.0,2.993392,-0.3434545,-1.672547,-0.212519,-0.1469593,1.915,-0.1051987,-0.03009472,-0.9939957,0.1716279,0.9839939,-0.047956,0.979529,-0.1756424,-0.09834983,moving,88.18143,-13.53508,-6.332546,-4.388344,8.737630271113135,0.3722077917280412
05/04/2023 16:18:36.432856,1172,True,True,True,True,Eyes,0.784249,0.1304719,-1.714257,0.999448,-0.01399252,0.03013023,0.0,0.0,0.0,0.0,0.0,0.0,0.0,-1.56364,-0.4040227,-1.259262,1.132969,0.1286407,-1.70111,0.04800228,0.7405723,-0.07587338,0.6659517,10.15513,95.91878,358.256,0.40295,0.06941126,-0.9125857,0.0,0.0,0.0,3.005618,-0.3497041,-1.673282,-0.2163326,-0.1495965,1.915,-0.1084083,-0.02995769,-0.9936551,0.1721543,0.983878,-0.04844506,0.9790866,-0.1763138,-0.1015033,moving,88.27324,-24.91021,-6.445232,-4.466775,8.885869105466515,0.5864172819944703
05/04/2023 16:18:36.452697,1173,True,True,True,True,Eyes,0.7996445,0.1301159,-1.713222,0.9993936,-0.02006869,0.02845669,0.0,0.0,0.0,0.0,0.0,0.0,0.0,-1.5559,-0.4049626,-1.277526,1.145748,0.1260939,-1.699486,0.04714506,0.7417298,-0.07597611,0.664712,10.10096,96.10904,358.1917,0.4041607,0.06937526,-0.9120529,0.0,0.0,0.0,3.018964,-0.3527364,-1.673832,-0.2201637,-0.1522456,1.915,-0.1118708,-0.03106667,-0.9932371,0.1709422,0.9840099,-0.0500317,0.9789095,-0.1753833,-0.1047713,moving,88.369,-35.19288,-6.558386,-4.545545,9.020324124113259,0.7801085182950608
05/04/2023 16:18:36.464182,1174,True,True,True,True,Eyes,0.8149542,0.1296941,-1.712055,0.9993073,-0.02591332,0.02671058,0.0,0.0,0.0,0.0,0.0,0.0,0.0,-1.547787,-0.4069469,-1.295662,1.158561,0.1237991,-1.697763,0.04648575,0.7428999,-0.07631522,0.6634116,10.08259,96.30483,358.1265,0.4059465,0.06930475,-0.9112648,0.0,0.0,0.0,3.032059,-0.3568638,-1.674115,-0.2242992,-0.1551053,1.915,-0.1154484,-0.03218831,-0.992792,0.1703253,0.9840301,-0.05171078,0.9786016,-0.1750675,-0.1081223,moving,88.4689,-44.13202,-6.680473,-4.630558,9.137802054991019,0.9485629277541107
05/04/2023 16:18:36.482492,1175,True,True,True,True,Eyes,0.8301707,0.1292199,-1.710855,0.9991928,-0.03153355,0.02488559,0.0,0.0,0.0,0.0,0.0,0.0,0.0,-1.539197,-0.4092017,-1.31396,1.171487,0.1217766,-1.695834,0.04558807,0.7440911,-0.07662769,0.6621015,10.04397,96.50183,358.0429,0.4082436,0.06920025,-0.910246,0.0,0.0,0.0,3.045466,-0.3597012,-1.674641,-0.2280057,-0.1576688,1.915,-0.1190867,-0.03362727,-0.9923143,0.169314,0.9840999,-0.0536681,0.978341,-0.1744038,-0.1114997,moving,88.5733,-51.72026,-6.789847,-4.70675,9.23822173538305,1.0916435066092056
05/04/2023 16:18:36.502651,1176,True,True,True,True,Eyes,0.8452892,0.1287062,-1.709692,0.9990507,-0.03698513,0.02301772,0.0,0.0,0.0,0.0,0.0,0.0,0.0,-1.530123,-0.4121688,-1.332323,1.184407,0.1198458,-1.69383,0.0450439,0.7453421,-0.07714515,0.6606701,10.05057,96.71449,357.9753,0.4109916,0.06906259,-0.9090191,0.0,0.0,0.0,3.058489,-0.3640284,-1.675502,-0.2318053,-0.1602961,1.915,-0.1229723,-0.03478875,-0.9918002,0.1690812,0.9840393,-0.05548073,0.9779005,-0.1745174,-0.1151275,moving,88.68017,-58.10391,-6.901911,-4.78482,9.323375941638414,1.2120918231920061
05/04/2023 16:18:36.512615,1177,True,True,True,True,Eyes,0.8603202,0.1281444,-1.7085,0.9988861,-0.04225168,0.02101009,0.0,0.0,0.0,0.0,0.0,0.0,0.0,-1.5202,-0.4160172,-1.3512,1.197367,0.118605,-1.691764,0.04495179,0.7467567,-0.07775528,0.6590053,10.10051,96.962,357.9425,0.4141343,0.06889299,-0.9076045,0.0,0.0,0.0,3.071166,-0.3693057,-1.677322,-0.2357591,-0.16303,1.915001,-0.127383,-0.03534619,-0.9912238,0.1696184,0.9838669,-0.05688163,0.9772427,-0.1753755,-0.1193326,moving,88.79505,-63.56066,-7.018468,-4.866037,9.397000512593118,1.3151511913277925
05/04/2023 16:18:36.532307,1178,True,True,True,True,Eyes,0.875263,0.1275323,-1.707314,0.9986926,-0.04750978,0.01886605,0.0,0.0,0.0,0.0,0.0,0.0,0.0,-1.509513,-0.416341,-1.37178,1.210248,0.1169091,-1.689787,0.04549849,0.7484949,-0.07765283,0.657005,10.13866,97.27352,358.025,0.4176236,0.06869224,-0.9060194,0.0,0.0,0.0,3.083741,-0.3749891,-1.68187,-0.2394848,-0.1656064,1.915,-0.132549,-0.03392582,-0.9905958,0.1701474,0.9837999,-0.05646003,0.9764634,-0.176031,-0.1246292,moving,88.91777,-68.34206,-7.128249,-4.942557,9.462295547683697,1.4055492915228776
05/04/2023 16:18:36.552459,1179,True,True,True,True,Eyes,1.246688,0.1123994,-1.676741,0.983039,-0.179383,-0.03815985,0.0,0.0,0.0,0.0,0.0,0.0,0.0,-1.498421,-0.4170706,-1.392092,1.223237,0.1151298,-1.687475,0.04735438,0.7502402,-0.07778997,0.6548633,10.29659,97.60464,358.2044,0.4214146,0.06846088,-0.9042799,0.0,0.0,0.0,3.095263,-0.3851499,-1.686702,-0.2433503,-0.1682793,1.915,-0.1378232,-0.03082927,-0.9899769,0.1729379,0.9834126,-0.05470103,0.9752421,-0.1787436,-0.1302056,moving,-87.77699,77.99059,-7.242096,-5.021929,1.3286633979170555,-2.096349674100491
05/04/2023 16:18:36.572164,1180,True,True,True,True,Eyes,1.246688,0.1123994,-1.676741,0.983039,-0.179383,-0.03815985,0.0,0.0,0.0,0.0,0.0,0.0,0.0,-1.487723,-0.4220065,-1.4106,1.236053,0.1144078,-1.685314,0.0501354,0.751801,-0.07877177,0.6527456,10.59658,97.91976,358.3996,0.4630215,0.06526004,-0.8839409,1.114276,-0.04539862,0.09172118,3.105281,-0.3989489,-1.691001,-0.2472421,-0.170971,1.914999,-0.1428191,-0.02745218,-0.989368,0.1782195,0.9825629,-0.05299004,0.9735709,-0.1838927,-0.1354363,moving,-87.77699,77.99059,-7.356661,-5.101839,1.3286633979170555,-2.096349674100491
05/04/2023 16:18:36.582755,1181,True,True,True,True,Eyes,1.246688,0.1123994,-1.676741,0.983039,-0.179383,-0.03815985,0.0,0.0,0.0,0.0,0.0,0.0,0.0,-1.47681,-0.4269405,-1.429246,1.248984,0.1151979,-1.68308,0.05268497,0.7533885,-0.0793189,0.6506448,10.84042,98.23867,358.6096,0.4954235,0.06261731,-0.8663914,1.04742,-0.04267471,0.0862179,3.115798,-0.4094945,-1.695439,-0.2511381,-0.1736648,1.914999,-0.1477713,-0.02383237,-0.9887344,0.1826013,0.9818656,-0.05095747,0.9720188,-0.1880743,-0.1407397,moving,-87.77699,77.99059,-7.471283,-5.181786,1.3286633979170555,-2.096349674100491
05/04/2023 16:18:36.602900,1182,True,True,True,True,Eyes,1.246688,0.1123994,-1.676741,0.983039,-0.179383,-0.03815985,0.0,0.0,0.0,0.0,0.0,0.0,0.0,-1.465516,-0.4305219,-1.448465,1.2617,0.1155147,-1.681043,0.05412245,0.7550626,-0.07952725,0.6485575,10.97024,98.55836,358.7495,0.520538,0.06047458,-0.8516939,0.9845744,-0.04011422,0.08104483,3.127157,-0.4165516,-1.700024,-0.2550532,-0.176372,1.915001,-0.152888,-0.02142432,-0.9880114,0.1848876,0.9814923,-0.04989303,0.9707946,-0.1902991,-0.1460974,moving,-87.77699,77.99059,-7.586407,-5.262111,1.3286633979170555,-2.096349674100491
05/04/2023 16:18:36.612701,1183,True,True,True,True,Eyes,1.246688,0.1123994,-1.676741,0.983039,-0.179383,-0.03815985,0.0,0.0,0.0,0.0,0.0,0.0,0.0,-1.454086,-0.4369502,-1.467305,1.274922,0.1157947,-1.679119,0.05535771,0.7566253,-0.08038095,0.6465236,11.14056,98.85847,358.8223,0.5399025,0.05876479,-0.8396735,0.9254999,-0.03770737,0.07618214,3.138695,-0.4246213,-1.703892,-0.258909,-0.1790382,1.915001,-0.1578858,-0.02016627,-0.9872515,0.1877064,0.9809489,-0.05005638,0.9694527,-0.1932167,-0.1510926,moving,-87.77699,77.99059,-7.699728,-5.341199,1.3286633979170555,-2.096349674100491
05/04/2023 16:18:36.632477,1184,True,True,True,True,Eyes,1.246688,0.1123994,-1.676741,0.983039,-0.179383,-0.03815985,0.0,0.0,0.0,0.0,0.0,0.0,0.0,-1.44265,-0.4463686,-1.485279,1.287718,0.1186862,-1.677567,0.05539693,0.7581671,-0.08126249,0.6446009,11.22363,99.13781,358.787,0.5547378,0.05742105,-0.8300412,0.8699699,-0.03544493,0.07161121,3.150743,-0.4267178,-1.707357,-0.2626689,-0.1816381,1.915001,-0.1628421,-0.02076348,-0.9864337,0.188764,0.9806553,-0.0518033,0.9684269,-0.1946389,-0.1557725,moving,-87.77699,77.99059,-7.810174,-5.418304,1.3286633979170555,-2.096349674100491
05/04/2023 16:18:36.652467,1185,True,True,True,True,Eyes,1.246688,0.1123994,-1.676741,0.983039,-0.179383,-0.03815985,0.0,0.0,0.0,0.0,0.0,0.0,0.0,-1.424368,-0.4557431,-1.508711,1.302857,0.1218325,-1.673456,0.05316123,0.7604213,-0.08182236,0.6420578,11.11064,99.51063,358.5857,0.566009,0.05638145,-0.8224685,0.8177717,-0.03331823,0.06731454,3.167145,-0.4215429,-1.711006,-0.2665354,-0.1843121,1.914999,-0.169871,-0.02421951,-0.9851685,0.1859192,0.9809579,-0.05617377,0.9677693,-0.1927041,-0.1621336,moving,-87.77699,77.99059,-7.923696,-5.497589,1.3286633979170555,-2.096349674100491
05/04/2023 16:18:36.663117,1186,True,True,True,True,Eyes,1.246688,0.1123994,-1.676741,0.983039,-0.179383,-0.03815985,0.0,0.0,0.0,0.0,0.0,0.0,0.0,-1.407347,-0.4681124,-1.531016,1.315901,0.1247663,-1.672304,0.05012279,0.7628459,-0.08319607,0.6392435,11.0119,99.90764,358.2549,0.5744786,0.05559099,-0.8166294,0.7687054,-0.03131913,0.06327567,3.181478,-0.4164742,-1.717885,-0.2705194,-0.1870672,1.914999,-0.177711,-0.02989317,-0.9836287,0.182837,0.9811323,-0.06285022,0.9669486,-0.1910129,-0.1688924,moving,-87.77699,77.99059,-8.040596,-5.579251,1.3286633979170555,-2.096349674100491
05/04/2023 16:18:36.682486,1187,True,True,True,True,Eyes,1.246688,0.1123994,-1.676741,0.983039,-0.179383,-0.03815985,0.0,0.0,0.0,0.0,0.0,0.0,0.0,-1.39074,-0.478127,-1.553229,1.328895,0.1276952,-1.671232,0.04728854,0.7652055,-0.08406891,0.6365191,10.88627,100.298,357.9778,0.5807494,0.05500224,-0.8122218,0.7225831,-0.02943999,0.05947912,3.195929,-0.4107627,-1.724811,-0.2745233,-0.189836,1.915,-0.1852141,-0.03465203,-0.982087,0.1793939,0.9813924,-0.06845988,0.9661849,-0.1888601,-0.1755515,moving,-87.77699,77.99059,-8.158012,-5.661296,1.3286633979170555,-2.096349674100491
05/04/2023 16:18:36.702829,1188,True,True,True,True,Eyes,1.246688,0.1123994,-1.676741,0.983039,-0.179383,-0.03815985,0.0,0.0,0.0,0.0,0.0,0.0,0.0,-1.372927,-0.4865829,-1.576771,1.341856,0.1298207,-1.67047,0.0443178,0.7678087,-0.08478032,0.6334965,10.7393,100.7341,357.704,0.5852992,0.05457502,-0.8089781,0.6792281,-0.02767359,0.05591038,3.21045,-0.4049258,-1.733928,-0.2781959,-0.1923758,1.914999,-0.193436,-0.03936088,-0.9803229,0.1754713,0.9816964,-0.0740398,0.9652938,-0.1863405,-0.1829888,moving,-87.77699,77.99059,-8.265656,-5.73654,1.3286633979170555,-2.096349674100491
05/04/2023 16:18:36.712747,1189,True,True,True,True,Eyes,1.246688,0.1123994,-1.676741,0.983039,-0.179383,-0.03815985,0.0,0.0,0.0,0.0,0.0,0.0,0.0,-1.355387,-0.494429,-1.599977,1.354679,0.1322314,-1.669976,0.04195691,0.7703896,-0.0853416,0.6304414,10.62588,101.1773,357.4949,0.5885076,0.05427576,-0.8066674,0.6384745,-0.02601317,0.05255575,3.22443,-0.4005515,-1.743062,-0.282474,-0.195334,1.914999,-0.2015666,-0.04295942,-0.9785322,0.1722521,0.9819129,-0.07858981,0.9642096,-0.1843953,-0.190521,moving,-87.77699,77.99059,-8.390969,-5.824151,1.3286633979170555,-2.096349674100491
05/04/2023 16:18:36.732401,1190,True,True,True,True,Eyes,1.246688,0.1123994,-1.676741,0.983039,-0.179383,-0.03815985,0.0,0.0,0.0,0.0,0.0,0.0,0.0,-1.336618,-0.4988892,-1.624672,1.367373,0.1336554,-1.669558,0.03966535,0.7732446,-0.08535992,0.6270831,10.47201,101.6733,357.3355,0.5906762,0.05407675,-0.8050941,0.600166,-0.02445238,0.04940241,3.238388,-0.3955521,-1.755083,-0.2859253,-0.1977206,1.915,-0.210387,-0.04571348,-0.9765489,0.1683976,0.9822807,-0.08226122,0.9630056,-0.1817551,-0.198961,moving,-87.77699,77.99059,-8.492001,-5.894807,1.3286633979170555,-2.096349674100491
05/04/2023 16:18:36.752483,1191,True,True,True,True,Eyes,1.246688,0.1123994,-1.676741,0.983039,-0.179383,-0.03815985,0.0,0.0,0.0,0.0,0.0,0.0,0.0,-1.318511,-0.5028948,-1.648463,1.379868,0.1339366,-1.66938,0.03810744,0.7759684,-0.08558626,0.6237755,10.39105,102.1582,357.2242,0.5920455,0.05395529,-0.8040959,0.5641561,-0.02298524,0.04643826,3.251391,-0.3944817,-1.76666,-0.2897056,-0.2003349,1.914999,-0.2189036,-0.04763291,-0.974583,0.1659136,0.9824457,-0.08528349,0.9615372,-0.1803654,-0.207158,moving,-87.77699,77.99059,-8.602609,-5.972191,1.3286633979170555,-2.096349674100491
05/04/2023 16:18:36.762694,1192,True,True,True,True,Eyes,1.253373,0.1131263,-1.676495,0.9822401,-0.1835557,-0.03888059,0.0,0.0,0.0,0.0,0.0,0.0,0.0,-1.299668,-0.5070695,-1.672585,1.392324,0.1338383,-1.669526,0.0370695,0.7788258,-0.08594785,0.6202171,10.36155,102.6777,357.1523,0.5928065,0.05389294,-0.8035392,0.5303067,-0.02160612,0.04365196,3.263712,-0.395697,-1.77962,-0.2935734,-0.2030098,1.915,-0.2279131,-0.0488713,-0.9724542,0.164354,0.9824777,-0.08789451,0.95971,-0.179859,-0.2158874,moving,-87.73322,78.04044,-8.715708,-6.051345,1.3295808505035653,-2.0971006061032478
05/04/2023 16:18:36.782998,1193,True,True,True,True,Eyes,1.260285,0.1138533,-1.676281,0.9814547,-0.1875001,-0.0398792,0.0,0.0,0.0,0.0,0.0,0.0,0.0,-1.279943,-0.5121356,-1.696881,1.404762,0.1338927,-1.669927,0.03588388,0.7817672,-0.08649704,0.6164986,10.33981,103.2151,357.0549,0.5933238,0.05389964,-0.803157,0.4984883,-0.02030976,0.04103285,3.27588,-0.396882,-1.793303,-0.2974678,-0.2057026,1.915,-0.2372835,-0.05054491,-0.9701246,0.1627563,0.9824612,-0.09099638,0.9577092,-0.1794858,-0.2248955,moving,-87.67319,77.99275,-8.829515,-6.131006,1.3323183505041394,-2.09594893722393
05/04/2023 16:18:36.802457,1194,True,True,True,True,Eyes,1.267513,0.1145954,-1.675751,0.9806587,-0.1913334,-0.04123113,0.0,0.0,0.0,0.0,0.0,0.0,0.0,-1.261246,-0.518204,-1.719666,1.417079,0.1346242,-1.670416,0.03417474,0.7844068,-0.08718284,0.6131374,10.29295,103.6938,356.8949,0.5939978,0.05393065,-0.8026565,0.468579,-0.01909117,0.03857088,3.288314,-0.3961954,-1.805077,-0.3013074,-0.2083578,1.915,-0.2457896,-0.05329632,-0.9678569,0.1605239,0.9824625,-0.09486602,0.9559392,-0.1786812,-0.2329238,moving,-87.59246,77.83909,-8.941652,-6.209528,1.3371408590903684,-2.0927173300853057
05/04/2023 16:18:36.812521,1195,True,True,True,True,Eyes,1.274952,0.1153349,-1.675293,0.9798782,-0.1949414,-0.04285308,0.0,0.0,0.0,0.0,0.0,0.0,0.0,-1.243412,-0.523216,-1.742215,1.429453,0.1352162,-1.671383,0.03195973,0.7868989,-0.08769948,0.6099816,10.1957,104.1417,356.6978,0.594837,0.05398377,-0.8020313,0.4404643,-0.0179457,0.03625663,3.301372,-0.3938826,-1.81618,-0.3052859,-0.2111088,1.915,-0.2538022,-0.05669198,-0.9655933,0.1572883,0.9825748,-0.09903156,0.9543819,-0.1770109,-0.2404626,moving,-87.49588,77.60212,-9.057774,-6.290861,1.3435875011757723,-2.087852347635638
05/04/2023 16:18:36.832267,1196,True,True,True,True,Eyes,1.282596,0.1160747,-1.674888,0.9791011,-0.1984306,-0.04456865,0.0,0.0,0.0,0.0,0.0,0.0,0.0,-1.223912,-0.5285493,-1.765796,1.441962,0.1358591,-1.672616,0.02983775,0.7896363,-0.08828969,0.6064565,10.11497,104.6409,356.5078,0.5958269,0.05405597,-0.8012912,0.4140364,-0.01686896,0.03408123,3.314204,-0.3919662,-1.829376,-0.3091118,-0.2137545,1.915,-0.2626409,-0.05996575,-0.9630286,0.1542096,0.9826293,-0.1032429,0.9524912,-0.1756241,-0.2488314,moving,-87.3937,77.34113,-9.169372,-6.369059,1.350538959762563,-2.0825120493582188
05/04/2023 16:18:36.852626,1197,True,True,True,True,Eyes,1.290421,0.1168011,-1.67457,0.9783238,-0.2017846,-0.04653577,0.0,0.0,0.0,0.0,0.0,0.0,0.0,-1.204522,-0.5332004,-1.789144,1.454259,0.1365863,-1.674123,0.02832856,0.7923994,-0.08870297,0.6028534,10.06308,105.1544,356.3866,0.5969562,0.0541448,-0.8004444,0.3891942,-0.01585682,0.03203635,3.326351,-0.3912866,-1.843404,-0.3129907,-0.2164363,1.915001,-0.2715303,-0.06205471,-0.9604273,0.1518448,0.9826586,-0.1064204,0.9503759,-0.1747323,-0.2573988,moving,-87.27668,77.01344,-9.282438,-6.448295,1.3588670176159567,-2.0758548894606497
05/04/2023 16:18:36.863303,1198,True,True,True,True,Eyes,1.298401,0.1175311,-1.674382,0.9775154,-0.2052242,-0.04844291,0.0,0.0,0.0,0.0,0.0,0.0,0.0,-1.186502,-0.5377687,-1.811115,1.466352,0.1369551,-1.675761,0.02791064,0.7949668,-0.08914074,0.5994187,10.08961,105.6448,356.361,0.5982135,0.05424742,-0.7994981,0.3658426,-0.01490541,0.03011417,3.337424,-0.394045,-1.856876,-0.3169019,-0.2191417,1.915,-0.2798365,-0.0624892,-0.958012,0.1512413,0.9825498,-0.1082675,0.9480601,-0.1751882,-0.2655025,moving,-87.16291,76.71852,-9.396379,-6.528204,1.366662106121451,-2.0698275279970035
05/04/2023 16:18:36.882935,1199,True,True,True,True,Eyes,1.30653,0.1182734,-1.674292,0.9766809,-0.2086765,-0.05048396,0.0,0.0,0.0,0.0,0.0,0.0,0.0,-1.171254,-0.5461121,-1.829989,1.478278,0.1378899,-1.677681,0.02887319,0.7970554,-0.09023395,0.5964286,10.26985,106.063,356.4102,0.5995853,0.05436188,-0.7984621,0.343892,-0.01401109,0.02830732,3.346966,-0.4015903,-1.868155,-0.3207594,-0.221809,1.915,-0.2868786,-0.06160916,-0.9559838,0.1536633,0.9820483,-0.1094013,0.9455625,-0.1782845,-0.2722616,moving,-87.04105,76.40005,-9.50868,-6.606966,1.3750443577601636,-2.0633230983061326
05/04/2023 16:18:36.902786,1200,True,True,True,True,Eyes,1.314812,0.1190063,-1.674264,0.9758026,-0.2122465,-0.05254222,0.0,0.0,0.0,0.0,0.0,0.0,0.0,-1.157809,-0.558028,-1.846425,1.489919,0.1389558,-1.67989,0.0295384,0.7987168,-0.09213869,0.5938768,10.50199,106.4018,356.37,0.6010611,0.05448702,-0.7973433,0.3232585,-0.01317042,0.02660888,3.356121,-0.410131,-1.876727,-0.324577,-0.2244485,1.915,-0.2928758,-0.06225242,-0.9541219,0.1566237,0.9812759,-0.1121011,0.9432353,-0.1822697,-0.2776417,moving,-86.91788,76.0958,-9.619747,-6.684881,1.3832918428862966,-2.05708039309123
05/04/2023 16:18:36.912514,1201,True,True,True,True,Eyes,1.323229,0.1197077,-1.674344,0.9748825,-0.2158803,-0.05477083,0.0,0.0,0.0,0.0,0.0,0.0,0.0,-1.141574,-0.5724462,-1.863762,1.501545,0.1394111,-1.682385,0.02946665,0.8006522,-0.09477988,0.5908508,10.75398,106.792,356.2172,0.6026316,0.0546208,-0.7961477,0.303863,-0.0123802,0.02501235,3.36515,-0.4194725,-1.886423,-0.3287708,-0.2273486,1.915001,-0.3000544,-0.06481645,-0.9517176,0.1591866,0.980297,-0.1169507,0.9405463,-0.1865922,-0.2838245,moving,-86.78439,75.76391,-9.741673,-6.770458,1.3922577333111006,-2.050274258076249
05/04/2023 16:18:36.932661,1202,True,True,True,True,Eyes,1.331743,0.1203639,-1.674569,0.9739414,-0.2194489,-0.05727272,0.0,0.0,0.0,0.0,0.0,0.0,0.0,-1.122215,-0.5919089,-1.881043,1.513109,0.1393627,-1.684969,0.02916543,0.802802,-0.09868291,0.587299,11.11059,107.2316,355.9628,0.604287,0.05476027,-0.7948824,0.2856312,-0.01163739,0.02351161,3.372961,-0.4315766,-1.89792,-0.3322122,-0.2297284,1.915,-0.3084584,-0.06908462,-0.9487258,0.1627408,0.9788221,-0.124188,0.9372134,-0.1927033,-0.2906831,moving,-86.63459,75.37297,-9.841662,-6.84066,1.4025548706978643,-2.042288808867235
05/04/2023 16:18:36.952355,1203,True,True,True,True,Eyes,1.340375,0.1209737,-1.674896,0.9729657,-0.2230445,-0.05990715,0.0,0.0,0.0,0.0,0.0,0.0,0.0,-1.102224,-0.6110729,-1.897963,1.524369,0.1390365,-1.687465,0.02855471,0.8049464,-0.1026125,0.5837094,11.45104,107.671,355.6803,0.6060167,0.05490216,-0.7935547,0.2684934,-0.01093914,0.02210091,3.380682,-0.4434661,-1.908767,-0.3360745,-0.2323994,1.915,-0.316936,-0.07382176,-0.9455696,0.1657618,0.9773106,-0.1318599,0.9338493,-0.1985305,-0.2975081,moving,-86.47665,74.96584,-9.953808,-6.919431,1.4133471381749025,-2.0339644252858067
05/04/2023 16:18:36.962954,1204,True,True,True,True,Eyes,1.349099,0.1215414,-1.675376,0.9719936,-0.2264859,-0.06271151,0.0,0.0,0.0,0.0,0.0,0.0,0.0,-1.083678,-0.6285588,-1.914279,1.53572,0.1385091,-1.690055,0.02807956,0.8068811,-0.1061829,0.5804132,11.76801,108.072,355.4333,0.6078126,0.05504356,-0.7921702,0.2523837,-0.01028279,0.02077486,3.388733,-0.4549898,-1.918519,-0.3399929,-0.2351093,1.914999,-0.3246639,-0.07794619,-0.9426121,0.1685737,0.9758735,-0.1387585,0.9306858,-0.2039495,-0.3036913,moving,-86.30849,74.52316,-10.0675,-6.99932,1.4249550801827766,-2.024928352251035
05/04/2023 16:18:36.983130,1205,True,True,True,True,Eyes,1.357937,0.1220608,-1.675969,0.9710145,-0.2298304,-0.06564133,0.0,0.0,0.0,0.0,0.0,0.0,0.0,-1.066422,-0.6424827,-1.931038,1.54706,0.1381117,-1.693067,0.02748786,0.8087626,-0.1089109,0.5773092,11.99956,108.4588,355.233,0.6096651,0.05518194,-0.7907357,0.2372407,-0.009665825,0.01952837,3.397495,-0.4638329,-1.928691,-0.3438213,-0.2377564,1.915,-0.3319171,-0.08128826,-0.9397996,0.1702129,0.9747657,-0.1444282,0.9278247,-0.2079042,-0.309705,moving,-86.13264,74.06026,-10.17851,-7.07733,1.4370935521240726,-2.0154795059634516
05/04/2023 16:18:37.002772,1206,True,True,True,True,Eyes,1.366877,0.1225317,-1.67669,0.9700696,-0.2328972,-0.06873057,0.0,0.0,0.0,0.0,0.0,0.0,0.0,-1.050651,-0.649737,-1.949157,1.558543,0.1374954,-1.696253,0.02647713,0.8106271,-0.1102179,0.5744867,12.07036,108.8305,355.0893,0.6115672,0.05531482,-0.7892562,0.2230063,-0.009085876,0.01835666,3.407921,-0.468134,-1.939125,-0.3477432,-0.240468,1.915,-0.3385283,-0.08371128,-0.9372254,0.1695636,0.974302,-0.1482697,0.9255524,-0.2091127,-0.3156344,moving,-85.9473,73.55807,-10.29214,-7.157212,1.4500694687646085,-2.005251773001455
05/04/2023 16:18:37.012669,1207,True,True,True,True,Eyes,1.37593,0.1229456,-1.677531,0.9691343,-0.2358,-0.07195146,0.0,0.0,0.0,0.0,0.0,0.0,0.0,-1.034128,-0.6557344,-1.967971,1.56994,0.1367338,-1.699679,0.02528494,0.8126217,-0.1112983,0.5715063,12.10992,109.2272,354.9468,0.6135127,0.05544005,-0.7877361,0.2096259,-0.008540723,0.01725526,3.418547,-0.4718204,-1.95026,-0.3520935,-0.2434763,1.915001,-0.3454826,-0.08612116,-0.9344652,0.1683095,0.9739467,-0.1519858,0.9232085,-0.2097878,-0.3219867,moving,-85.75398,73.03108,-10.41809,-7.245802,1.4636445779746383,-1.994523943172775
05/04/2023 16:18:37.032693,1208,True,True,True,True,Eyes,1.38509,0.1233009,-1.67848,0.9682454,-0.2384123,-0.07523543,0.0,0.0,0.0,0.0,0.0,0.0,0.0,-1.017603,-0.6580594,-1.988215,1.581687,0.1358015,-1.703343,0.02334233,0.8146634,-0.1116866,0.5685991,12.03556,109.6227,354.7802,0.6154953,0.05555523,-0.7861798,0.1970484,-0.00802828,0.01621995,3.430487,-0.4712963,-1.962928,-0.3554731,-0.2458137,1.915001,-0.3523006,-0.08897747,-0.9316478,0.1650421,0.9739625,-0.1554291,0.9212196,-0.2085188,-0.3284426,moving,-85.55688,72.48595,-10.51587,-7.314611,1.4775849925284925,-1.9834390626022764
05/04/2023 16:18:37.052457,1209,True,True,True,True,Eyes,1.394354,0.1235829,-1.679555,0.9673617,-0.2408959,-0.07861607,0.0,0.0,0.0,0.0,0.0,0.0,0.0,-1.001984,-0.6611617,-2.007411,1.593206,0.1346891,-1.707149,0.02133431,0.8165144,-0.1123307,0.5658897,11.98086,109.9833,354.5862,0.6175098,0.05565821,-0.7845912,0.1852255,-0.007546583,0.01524675,3.442306,-0.4716126,-1.974048,-0.3592558,-0.2484293,1.915,-0.3586276,-0.092294,-0.928907,0.1619731,0.9738533,-0.1592935,0.9193211,-0.207585,-0.3343016,moving,-85.35387,71.92597,-10.62524,-7.391589,1.491924345131654,-1.9720499172858177
05/04/2023 16:18:37.062682,1210,True,True,True,True,Eyes,1.403709,0.1237736,-1.680769,0.9665089,-0.2431871,-0.08197955,0.0,0.0,0.0,0.0,0.0,0.0,0.0,-0.9862151,-0.6652822,-2.026472,1.604968,0.1331502,-1.711186,0.01940572,0.8183137,-0.1132912,0.5631618,11.96256,110.3391,354.3777,0.6195515,0.05574642,-0.7829736,0.1741119,-0.007093788,0.01433195,3.454095,-0.4734766,-1.984927,-0.3631813,-0.251144,1.915,-0.3649443,-0.09584258,-0.926083,0.1593624,0.9735771,-0.1635583,0.917289,-0.2072725,-0.3400277,moving,-85.15176,71.37079,-10.73866,-7.471455,1.506170590293518,-1.960754824546997
05/04/2023 16:18:37.087303,1211,True,True,True,True,Eyes,1.413156,0.1238527,-1.68211,0.9656287,-0.2454931,-0.0854061,0.0,0.0,0.0,0.0,0.0,0.0,0.0,-0.9705292,-0.671683,-2.044521,1.616542,0.1311414,-1.715442,0.01803699,0.820041,-0.1147921,0.5603842,12.03351,110.6923,354.186,0.6216146,0.0558167,-0.7813317,0.1636652,-0.006668161,0.01347203,3.464739,-0.4786597,-1.995797,-0.3669717,-0.2537649,1.915,-0.3712887,-0.09907321,-0.9232169,0.1582375,0.9729949,-0.1680532,0.9149349,-0.2084837,-0.345585,moving,-84.94556,70.81741,-10.84809,-7.548532,1.5205389933141475,-1.949476176607317
05/04/2023 16:18:37.102845,1212,True,True,True,True,Eyes,1.422688,0.1238325,-1.683576,0.9647577,-0.2477444,-0.08868587,0.0,0.0,0.0,0.0,0.0,0.0,0.0,-0.9548804,-0.681939,-2.061148,1.628177,0.1285448,-1.719793,0.01728654,0.8216139,-0.1171765,0.5576032,12.22937,111.0289,353.9933,0.6236953,0.05586541,-0.7796683,0.1538453,-0.006268071,0.01266371,3.474281,-0.4883932,-2.005701,-0.3707926,-0.2564071,1.915,-0.3775595,-0.1022702,-0.9203203,0.1590817,0.9719416,-0.1732696,0.912218,-0.2118257,-0.3506964,moving,-84.74782,70.30399,-10.95832,-7.626208,1.5340979531656203,-1.9389846300089246
05/04/2023 16:18:37.112478,1213,True,True,True,True,Eyes,1.432303,0.1237209,-1.685175,0.9638635,-0.2500178,-0.09196859,0.0,0.0,0.0,0.0,0.0,0.0,0.0,-0.9409564,-0.6939226,-2.076298,1.639619,0.1261171,-1.724438,0.01679659,0.822923,-0.1198518,0.5551137,12.46866,111.318,353.802,0.6257891,0.05588988,-0.777987,0.1446146,-0.005891987,0.01190388,3.483508,-0.49952,-2.013785,-0.374981,-0.2593035,1.914999,-0.3831334,-0.1054182,-0.9176579,0.1607074,0.9707069,-0.1786096,0.9096054,-0.2159056,-0.3549687,moving,-84.54953,69.80405,-11.07906,-7.711326,1.5475046158720742,-1.9287441294341767
05/04/2023 16:18:37.132315,1214,True,True,True,True,Eyes,1.441984,0.1235262,-1.686944,0.9629623,-0.2523035,-0.0951125,0.0,0.0,0.0,0.0,0.0,0.0,0.0,-0.9283836,-0.7036281,-2.091693,1.651257,0.123753,-1.72922,0.01643792,0.8241428,-0.1219649,0.5528501,12.66254,111.5869,353.6588,0.6278921,0.0558881,-0.7762909,0.1359377,-0.005538467,0.01118965,3.493265,-0.5092537,-2.021972,-0.3788596,-0.2619852,1.915,-0.3881736,-0.1077622,-0.9152644,0.161951,0.9697087,-0.1828576,0.907245,-0.2192084,-0.3589631,moving,-84.35915,69.34473,-11.19077,-7.790098,1.5601129355719499,-1.9193007977687868
05/04/2023 16:18:37.152410,1215,True,True,True,True,Eyes,1.451745,0.123256,-1.68887,0.9620617,-0.254535,-0.09823018,0.0,0.0,0.0,0.0,0.0,0.0,0.0,-0.9209869,-0.7117025,-2.105489,1.662711,0.1216934,-1.734475,0.01625076,0.8248353,-0.1235967,0.5514588,12.81578,111.7442,353.5517,0.6299993,0.05585865,-0.7745839,0.1277815,-0.005206159,0.01051827,3.503648,-0.5174739,-2.027557,-0.3824873,-0.2644938,1.915001,-0.3912587,-0.1095085,-0.9137423,0.1631253,0.9689196,-0.1859705,0.9057081,-0.221817,-0.3612346,moving,-84.17009,68.8974,-11.29518,-7.863757,1.5725216074671842,-1.9100884553874504
05/04/2023 16:18:37.162782,1216,True,True,True,True,Eyes,1.461578,0.122903,-1.690953,0.9611835,-0.256651,-0.1012742,0.0,0.0,0.0,0.0,0.0,0.0,0.0,-0.9130629,-0.7179279,-2.120557,1.67436,0.119604,-1.740138,0.01548324,0.8256392,-0.124903,0.5499813,12.90179,111.917,353.4127,0.632107,0.05580062,-0.7728691,0.1201146,-0.00489379,0.009887176,3.514977,-0.5234203,-2.034078,-0.3862476,-0.2670944,1.915,-0.3945616,-0.1118215,-0.91204,0.1629558,0.9683191,-0.1892186,0.9043044,-0.2232806,-0.3638395,moving,-83.98528,68.46586,-11.40333,-7.9401,1.5845782518877845,-1.9011909889838474
05/04/2023 16:18:37.182775,1217,True,True,True,True,Eyes,1.471484,0.1224841,-1.693196,0.9603122,-0.2586994,-0.1042833,0.0,0.0,0.0,0.0,0.0,0.0,0.0,-0.9043856,-0.7214269,-2.136858,1.685899,0.1172133,-1.746006,0.01393843,0.8265764,-0.1258184,0.5484042,12.90204,112.1076,353.2271,0.6342117,0.05571297,-0.7711492,0.1424066,-0.005659255,0.003042968,3.527156,-0.5266073,-2.041571,-0.3900311,-0.2697108,1.915,-0.3981175,-0.1149563,-0.9101031,0.161041,0.9679509,-0.1927092,0.9030883,-0.2232848,-0.3668455,moving,-83.80236,68.04534,-11.51207,-8.016874,1.5964273899118386,-1.8925087022404177
05/04/2023 16:18:37.202722,1218,True,True,True,True,Eyes,1.481457,0.1220097,-1.695584,0.9594752,-0.2606248,-0.1071552,0.0,0.0,0.0,0.0,0.0,0.0,0.0,-0.8967677,-0.7277229,-2.151917,1.697544,0.1151953,-1.752024,0.01274849,0.8273025,-0.1271886,0.5470204,12.96726,112.2621,353.0418,0.6363102,0.05559551,-0.769427,0.1635804,-0.006576382,-0.003866232,3.539015,-0.5315398,-2.047619,-0.3939682,-0.272433,1.915001,-0.4012127,-0.1180558,-0.9083455,0.1602433,0.967321,-0.1964995,0.9018597,-0.2243943,-0.3691838,moving,-83.62756,67.65012,-11.62512,-8.096715,1.6076659958765944,-1.8843365061536885
05/04/2023 16:18:37.212371,1219,True,True,True,True,Eyes,1.49149,0.1214731,-1.69814,0.9586488,-0.2624658,-0.1100195,0.0,0.0,0.0,0.0,0.0,0.0,0.0,-0.889477,-0.7325035,-2.167308,1.708887,0.1132818,-1.75836,0.01138725,0.8280714,-0.1282403,0.5456396,12.99176,112.4221,352.8615,0.6383995,0.05544864,-0.767705,0.1836826,-0.007604957,-0.01079933,3.551037,-0.5352045,-2.054115,-0.3981249,-0.2753076,1.915,-0.4042957,-0.1210871,-0.9065776,0.1588049,0.9668495,-0.1999576,0.9007364,-0.224811,-0.3716639,moving,-83.45308,67.25771,-11.74439,-8.181,1.618857434438541,-1.8762184904189168
05/04/2023 16:18:37.232655,1220,True,True,True,True,Eyes,1.501569,0.1208765,-1.700865,0.9578554,-0.2641893,-0.1127699,0.0,0.0,0.0,0.0,0.0,0.0,0.0,-0.8812733,-0.7374023,-2.183218,1.720363,0.1112246,-1.764886,0.009965236,0.8289348,-0.1293529,0.5440917,13.02018,112.6031,352.6739,0.6404768,0.05527243,-0.7659857,0.2027617,-0.00875861,-0.01781784,3.562915,-0.5387366,-2.062045,-0.4017006,-0.2777804,1.915,-0.40773,-0.1242386,-0.9046109,0.1572808,0.966337,-0.2036062,0.8994548,-0.2252942,-0.3744642,moving,-83.28538,66.88466,-11.8469,-8.253475,1.6295615880062364,-1.8684932133025383
05/04/2023 16:18:37.252898,1221,True,True,True,True,Eyes,1.511699,0.1202274,-1.703754,0.9570451,-0.2659138,-0.1155621,0.0,0.0,0.0,0.0,0.0,0.0,0.0,-0.8725965,-0.7401057,-2.19985,1.731548,0.109158,-1.771538,0.008775119,0.8299831,-0.1299643,0.5423656,13.01787,112.8218,352.5452,0.6425384,0.0550671,-0.7642719,0.2208327,-0.01002289,-0.02492414,3.574544,-0.541865,-2.071335,-0.4055497,-0.2804421,1.915,-0.4115253,-0.1264099,-0.9025894,0.1555427,0.9660646,-0.2062177,0.8980276,-0.225255,-0.3778979,moving,-83.11494,66.51096,-11.95716,-8.331453,1.6403712323439414,-1.8607440681125782
05/04/2023 16:18:37.262930,1222,True,True,True,True,Eyes,1.521888,0.1196385,-1.706795,0.9562119,-0.2677273,-0.1182417,0.0,0.0,0.0,0.0,0.0,0.0,0.0,-0.8625699,-0.7468293,-2.21582,1.7429,0.1072568,-1.778322,0.008539909,0.8311172,-0.1312026,0.5403308,13.13923,113.0739,352.4714,0.6445821,0.05483319,-0.7625659,0.2379747,-0.01136869,-0.03209724,3.584735,-0.549191,-2.081343,-0.4094971,-0.2831716,1.915001,-0.4159398,-0.1275903,-0.9003973,0.1559809,0.9654259,-0.2088607,0.8959155,-0.2273182,-0.3816574,moving,-82.9508,66.17136,-12.07015,-8.411386,1.6505227518426642,-1.853662689501797
05/04/2023 16:18:37.282964,1223,True,True,True,True,Eyes,1.532101,0.1191384,-1.709998,0.9554083,-0.2693683,-0.1209788,0.0,0.0,0.0,0.0,0.0,0.0,0.0,-0.8519745,-0.7590041,-2.230505,1.754185,0.1080345,-1.785572,0.008817185,0.8322451,-0.1329186,0.5381663,13.34017,113.3351,352.4178,0.6466056,0.05457622,-0.7608693,0.2542619,-0.01245338,-0.03929413,3.593849,-0.5564072,-2.09195,-0.4132899,-0.2857945,1.915,-0.4205983,-0.1283885,-0.8981164,0.1577407,0.9645098,-0.2117514,0.8934286,-0.2307319,-0.3854191,moving,-82.78332,65.81416,-12.17862,-8.48817,1.6610170843613496,-1.8462362813670148
05/04/2023 16:18:37.302812,1224,True,True,True,True,Eyes,1.542372,0.1186534,-1.713342,0.9546069,-0.2709824,-0.1236698,0.0,0.0,0.0,0.0,0.0,0.0,0.0,-0.8454702,-0.7566172,-2.247941,1.764961,0.1096492,-1.7926,0.008042044,0.8334036,-0.1316138,0.5367044,13.17978,113.5646,352.4535,0.6486059,0.05430235,-0.7591845,0.2696456,-0.01320629,-0.0465438,3.60621,-0.5521145,-2.103095,-0.417221,-0.2885131,1.915,-0.4237676,-0.1278709,-0.8966998,0.1546799,0.9652262,-0.2107424,0.892466,-0.2280072,-0.3892525,moving,-82.61842,65.46919,-12.29096,-8.567722,1.6712640094963644,-1.8390507311021937
05/04/2023 16:18:37.312887,1225,True,True,True,True,Eyes,1.55267,0.1182292,-1.716846,0.9538118,-0.2725289,-0.126376,0.0,0.0,0.0,0.0,0.0,0.0,0.0,-0.838312,-0.7582802,-2.264692,1.776113,0.1093735,-1.800012,0.007759377,0.8344782,-0.1314294,0.5350815,13.15898,113.7922,352.4643,0.6505817,0.05401395,-0.7575127,0.2842794,-0.01386886,-0.05378478,3.617615,-0.554026,-2.113683,-0.4213176,-0.2913454,1.915001,-0.4272551,-0.1277009,-0.8950674,0.153601,0.9653322,-0.2110462,0.8909882,-0.2276538,-0.3928281,moving,-82.45251,65.12209,-12.40792,-8.650561,1.681573914026668,-1.8318208487406067
05/04/2023 16:18:37.332463,1226,True,True,True,True,Eyes,1.562996,0.1179059,-1.72051,0.9529939,-0.2741951,-0.1289177,0.0,0.0,0.0,0.0,0.0,0.0,0.0,-0.8310434,-0.7632951,-2.280233,1.787173,0.1104158,-1.807356,0.007114546,0.8353958,-0.1317672,0.5335739,13.16451,113.9887,352.4031,0.6525312,0.05371501,-0.7558553,0.2981153,-0.01430937,-0.06107016,3.628963,-0.5547251,-2.123193,-0.4251055,-0.2939646,1.915001,-0.430497,-0.1287281,-0.8933654,0.152502,0.9651736,-0.2125632,0.8896155,-0.2277477,-0.395873,moving,-82.296,64.81861,-12.51597,-8.727139,1.690994378747762,-1.825450861709188
05/04/2023 16:18:37.352772,1227,True,True,True,True,Eyes,1.573347,0.1177121,-1.724334,0.9521562,-0.2758842,-0.1314776,0.0,0.0,0.0,0.0,0.0,0.0,0.0,-0.8230786,-0.7757926,-2.29369,1.798024,0.1124566,-1.815156,0.006980851,0.8362023,-0.1333409,0.5319186,13.32217,114.1789,352.312,0.654452,0.05341097,-0.7542144,0.3112064,-0.01442078,-0.06839836,3.638597,-0.5589373,-2.132235,-0.4288013,-0.2965211,1.915,-0.434028,-0.1301781,-0.8914446,0.1535278,0.964343,-0.2155734,0.8877212,-0.2304264,-0.398566,moving,-82.13808,64.51903,-12.62131,-8.801852,1.700415158185696,-1.8191481881950589
05/04/2023 16:18:37.362819,1228,True,True,True,True,Eyes,1.583712,0.1176313,-1.728325,0.9513084,-0.27762,-0.1339379,0.0,0.0,0.0,0.0,0.0,0.0,0.0,-0.813589,-0.7892562,-2.307219,1.808962,0.1153779,-1.82276,0.006764276,0.8371084,-0.1349586,0.5300851,13.4809,114.3916,352.2132,0.6563424,0.05310777,-0.7525913,0.3235883,-0.01413684,-0.07576501,3.648266,-0.5623137,-2.141575,-0.4326719,-0.2991971,1.915001,-0.4379283,-0.1317542,-0.889303,0.1544039,0.9634808,-0.2187786,0.8856514,-0.2331212,-0.4015922,moving,-81.98582,64.24499,-12.73154,-8.880025,1.7093096193597148,-1.8133496571662246
05/04/2023 16:18:37.382899,1229,True,True,True,True,Eyes,1.594093,0.1175963,-1.732451,0.9504353,-0.2793304,-0.1365554,0.0,0.0,0.0,0.0,0.0,0.0,0.0,-0.802246,-0.7973983,-2.323106,1.81969,0.1180161,-1.830592,0.006627978,0.8384616,-0.135516,0.5278009,13.5472,114.6924,352.2002,0.6582001,0.05281014,-0.7509882,0.335267,-0.01353121,-0.08319285,3.657938,-0.5637467,-2.154637,-0.436574,-0.3018958,1.915,-0.4427648,-0.1319362,-0.8868777,0.1541655,0.963183,-0.2202533,0.883285,-0.2342464,-0.4061235,moving,-81.82388,63.94752,-12.84258,-8.95883,1.7188461221815232,-1.8070695531705292
05/04/2023 16:18:37.402794,1230,True,True,True,True,Eyes,1.604484,0.1176289,-1.736676,0.949537,-0.2810909,-0.1391666,0.0,0.0,0.0,0.0,0.0,0.0,0.0,-0.7892947,-0.80137,-2.340367,1.830377,0.119264,-1.837931,0.006909145,0.8401057,-0.1354255,0.5251997,13.57988,115.0551,352.2761,0.6600244,0.05251936,-0.7494058,0.346295,-0.01282437,-0.09057878,3.667225,-0.5661883,-2.169699,-0.4404023,-0.3045437,1.914999,-0.4482351,-0.130642,-0.8843178,0.1538597,0.9632244,-0.2202861,0.880575,-0.2348009,-0.4116506,moving,-81.66195,63.66025,-12.95141,-9.036119,1.7282522661381075,-1.8009812218214591
05/04/2023 16:18:37.413055,1231,True,True,True,True,Eyes,1.614865,0.1177183,-1.741008,0.9486042,-0.2828597,-0.1419169,0.0,0.0,0.0,0.0,0.0,0.0,0.0,-0.7751924,-0.8069761,-2.356898,1.840671,0.1206726,-1.845122,0.007539054,0.8418238,-0.135581,0.5223922,13.65926,115.4421,352.3736,0.6618149,0.05223763,-0.7478448,0.3566899,-0.01195691,-0.09782053,3.675397,-0.5701878,-2.185088,-0.4443502,-0.3072735,1.914999,-0.4540991,-0.1289598,-0.8815686,0.154346,0.963122,-0.2203939,0.87748,-0.2361473,-0.4174483,moving,-81.49131,63.35607,-13.06355,-9.115762,1.7381829386715584,-1.7945379986731589
05/04/2023 16:18:37.437643,1232,True,True,True,True,Eyes,1.625261,0.1178525,-1.745383,0.9476525,-0.2846434,-0.1446823,0.0,0.0,0.0,0.0,0.0,0.0,0.0,-0.7598029,-0.8142991,-2.372657,1.850766,0.1221501,-1.851926,0.007942984,0.8435217,-0.13615,0.5194911,13.76521,115.8297,352.4238,0.6635711,0.05196643,-0.7463059,0.3664307,-0.01097128,-0.1049471,3.683149,-0.5744873,-2.199986,-0.4481345,-0.3098902,1.914999,-0.4601316,-0.1280573,-0.878567,0.1548577,0.9628001,-0.2214385,0.8742414,-0.2379437,-0.4231842,moving,-81.31943,63.05608,-13.17094,-9.192071,1.7481041986855987,-1.7881682630016607
05/04/2023 16:18:37.454375,1233,True,True,True,True,Eyes,1.635649,0.1180144,-1.749853,0.9466933,-0.2863176,-0.1476281,0.0,0.0,0.0,0.0,0.0,0.0,0.0,-0.7443408,-0.8189752,-2.389112,1.860671,0.1231189,-1.858861,0.007702534,0.8452382,-0.1364335,0.5166228,13.8037,116.2144,352.4291,0.6652943,0.05170657,-0.7447882,0.3756354,-0.009910559,-0.1117738,3.691658,-0.5768961,-2.214957,-0.4520853,-0.3126223,1.915,-0.4660834,-0.1279483,-0.8754404,0.1539902,0.9626532,-0.222679,0.8712368,-0.2385962,-0.4289739,moving,-81.13663,62.72394,-13.28296,-9.271707,1.758822632230597,-1.7811477716481021
05/04/2023 16:18:37.462549,1234,True,True,True,True,Eyes,1.646006,0.1181972,-1.75444,0.9457942,-0.2878239,-0.1504355,0.0,0.0,0.0,0.0,0.0,0.0,0.0,-0.7274915,-0.8206625,-2.406758,1.870695,0.1239901,-1.865567,0.007135911,0.8471206,-0.1362274,0.5135931,13.77632,116.6297,352.4363,0.6669838,0.05145815,-0.7432928,0.384261,-0.008830289,-0.1184763,3.700768,-0.5773383,-2.231064,-0.4560146,-0.315339,1.915001,-0.4723425,-0.127841,-0.8720949,0.1520209,0.9627823,-0.2234722,0.8682065,-0.238132,-0.4353285,moving,-80.96239,62.4055,-13.39426,-9.350858,1.7690627717601606,-1.7744211957220508
05/04/2023 16:18:37.482359,1235,True,True,True,True,Eyes,1.656355,0.1184266,-1.759111,0.9449199,-0.2890985,-0.1534545,0.0,0.0,0.0,0.0,0.0,0.0,0.0,-0.7094876,-0.8146033,-2.427137,1.880678,0.1247445,-1.872281,0.006201699,0.8493552,-0.134593,0.5103353,13.58953,117.1062,352.5019,0.6686389,0.05122077,-0.7418207,0.392276,-0.007751871,-0.1251314,3.710846,-0.5732985,-2.25036,-0.4597899,-0.3179498,1.915,-0.4790389,-0.1268403,-0.8685812,0.1479101,0.9636925,-0.2223047,0.8652424,-0.2349645,-0.4428853,moving,-80.77573,62.04047,-13.5011,-9.426895,1.7803373449083022,-1.766766056677945
05/04/2023 16:18:37.502605,1236,True,True,True,True,Eyes,1.666689,0.1186803,-1.763868,0.9441192,-0.2901549,-0.156362,0.0,0.0,0.0,0.0,0.0,0.0,0.0,-0.6928706,-0.8037317,-2.44838,1.89078,0.1258896,-1.878755,0.005127321,0.8515595,-0.1319767,0.5073486,13.29558,117.5655,352.6095,0.6702597,0.05099527,-0.7403721,0.3997855,-0.006598548,-0.1316339,3.722101,-0.5659165,-2.269516,-0.4636737,-0.3206354,1.915001,-0.4851426,-0.1251839,-0.8654283,0.1426488,0.9651117,-0.2195693,0.8627214,-0.2299746,-0.4503595,moving,-80.59621,61.68015,-13.61092,-9.50507,1.791298583017567,-1.7592298098098973
05/04/2023 16:18:37.513411,1237,True,True,True,True,Eyes,1.677015,0.1189441,-1.768694,0.9433224,-0.2910443,-0.1594868,0.0,0.0,0.0,0.0,0.0,0.0,0.0,-0.6766155,-0.7901704,-2.470176,1.900735,0.126929,-1.885483,0.003724245,0.8537704,-0.128958,0.5044127,12.94162,118.0219,352.7059,0.6718457,0.05078146,-0.7389479,0.4068007,-0.005441559,-0.1380095,3.733804,-0.5566642,-2.289157,-0.4675745,-0.3233328,1.915,-0.491108,-0.1237367,-0.8622656,0.1364554,0.966712,-0.2164439,0.8603445,-0.2239581,-0.4578754,moving,-80.40379,61.27809,-13.72112,-9.583562,1.8032494678938233,-1.7508541247482596
05/04/2023 16:18:37.533117,1238,True,True,True,True,Eyes,1.687111,0.1191713,-1.773916,0.9425246,-0.2928418,-0.1609073,0.0,0.0,0.0,0.0,0.0,0.0,0.0,-0.6578653,-0.7806393,-2.490848,1.910809,0.1274173,-1.891846,0.002457737,0.8559872,-0.1268786,0.5011805,12.69003,118.4958,352.7586,0.6733974,0.05057862,-0.7375481,0.4133701,-0.004323858,-0.1442043,3.744455,-0.5507788,-2.308392,-0.4714092,-0.3259846,1.915,-0.4976242,-0.1229706,-0.8586317,0.1313858,0.9677916,-0.2147494,0.8573844,-0.2196765,-0.46544,moving,-80.3119,61.2126,-13.82935,-9.660682,1.8073441258848222,-1.749232405124593
05/04/2023 16:18:37.552713,1239,True,True,True,True,Eyes,1.697189,0.1194364,-1.779172,0.9416639,-0.2946829,-0.1625769,0.0,0.0,0.0,0.0,0.0,0.0,0.0,-0.6378337,-0.7796961,-2.508589,1.920511,0.128074,-1.89816,0.002425399,0.8581257,-0.1261843,0.4976867,12.64903,118.9817,352.8505,0.6749042,0.05038389,-0.7361827,0.4188554,-0.00338281,-0.1512187,3.752222,-0.5517374,-2.326891,-0.475269,-0.3286535,1.915,-0.5046043,-0.1214379,-0.8547675,0.1297631,0.9681432,-0.2141499,0.8535433,-0.2189782,-0.4727711,moving,-80.20453,61.11442,-13.93817,-9.738266,1.8124046137904726,-1.746930391117143
05/04/2023 16:18:37.562554,1240,True,True,True,True,Eyes,1.707241,0.1197531,-1.784456,0.9407412,-0.2966671,-0.1643002,0.0,0.0,0.0,0.0,0.0,0.0,0.0,-0.6178478,-0.783013,-2.524702,1.930265,0.1291198,-1.904304,0.003372004,0.8601725,-0.1259957,0.4941833,12.71425,119.464,353.009,0.6763684,0.0501981,-0.7348505,0.4239583,-0.002384566,-0.1579141,3.758715,-0.5563861,-2.344464,-0.4793584,-0.3314817,1.915,-0.511543,-0.1187289,-0.8510154,0.1303309,0.9682274,-0.2134232,0.8493159,-0.2200887,-0.479816,moving,-80.09323,61.02143,-14.05338,-9.820444,1.8175383760363557,-1.7447092242715763
05/04/2023 16:18:37.583161,1241,True,True,True,True,Eyes,1.717259,0.1200758,-1.789759,0.9397389,-0.2987701,-0.1662143,0.0,0.0,0.0,0.0,0.0,0.0,0.0,-0.5999465,-0.7907265,-2.538412,1.939596,0.130906,-1.91038,0.00513636,0.8619561,-0.1262939,0.4909739,12.87138,119.9018,353.2159,0.6777919,0.05002253,-0.7335498,0.4286785,-0.001291186,-0.1642911,3.763686,-0.563378,-2.360603,-0.4829767,-0.3339836,1.914999,-0.5178367,-0.1151594,-0.847693,0.1328686,0.9680469,-0.212676,0.8450983,-0.2227632,-0.4859892,moving,-79.96967,60.91157,-14.15521,-9.893109,1.8233220993722212,-1.7421188235611251
05/04/2023 16:18:37.602674,1242,True,True,True,True,Eyes,1.727257,0.1204072,-1.795055,0.9386033,-0.3012507,-0.1681425,0.0,0.0,0.0,0.0,0.0,0.0,0.0,-0.5821226,-0.8005103,-2.550921,1.948842,0.1316201,-1.916135,0.007282847,0.8636255,-0.1270897,0.4877972,13.09822,120.3275,353.4319,0.6791767,0.04985646,-0.7322792,0.4330121,-0.00024575,-0.1703434,3.767905,-0.5738645,-2.375345,-0.4868387,-0.3366544,1.915,-0.5240018,-0.1114087,-0.8443993,0.1365673,0.9675903,-0.2124108,0.8406971,-0.226621,-0.4918042,moving,-79.8437,60.83202,-14.26379,-9.970638,1.8288050054884288,-1.7400879152076225
05/04/2023 16:18:37.613859,1243,True,True,True,True,Eyes,1.737208,0.1207522,-1.800367,0.9373678,-0.3039001,-0.1702535,0.0,0.0,0.0,0.0,0.0,0.0,0.0,-0.5640132,-0.81583,-2.561455,1.957799,0.1318601,-1.922076,0.01025994,0.8652089,-0.1287995,0.484478,13.46306,120.7596,353.6805,0.6805252,0.04969942,-0.7310368,0.4370245,0.0007631781,-0.1760097,3.770089,-0.5895067,-2.389543,-0.4907945,-0.3393894,1.915,-0.5303518,-0.1070471,-0.8409924,0.1425551,0.9666108,-0.2129356,0.8357065,-0.2328185,-0.4973837,moving,-79.70563,60.74121,-14.3749,-10.05,1.8348606941665029,-1.7377939048505255
05/04/2023 16:18:37.632871,1244,True,True,True,True,Eyes,1.747089,0.1211229,-1.805721,0.9360913,-0.3066669,-0.1723035,0.0,0.0,0.0,0.0,0.0,0.0,0.0,-0.5437424,-0.8343401,-2.570833,1.966599,0.1326385,-1.927655,0.01329479,0.8668433,-0.1310104,0.4808766,13.88166,121.2201,353.9124,0.6818393,0.04955108,-0.7298214,0.4406564,0.00175243,-0.1813872,3.771175,-0.60608,-2.403821,-0.4946653,-0.342066,1.915001,-0.5371622,-0.1029506,-0.8371729,0.1490487,0.9653191,-0.2143447,0.8302058,-0.2399172,-0.5031883,moving,-79.57048,60.67016,-14.48352,-10.12762,1.8405609397647105,-1.7358837399287688
05/04/2023 16:18:37.652822,1245,True,True,True,True,Eyes,1.756919,0.121504,-1.811086,0.9347501,-0.3094797,-0.174541,0.0,0.0,0.0,0.0,0.0,0.0,0.0,-0.5240716,-0.8491073,-2.580991,1.975207,0.1337575,-1.933343,0.01578943,0.8684943,-0.1325477,0.4773884,14.20011,121.6755,354.1312,0.6831182,0.04941178,-0.7286339,0.4438601,0.002759372,-0.1865657,3.773086,-0.6190096,-2.418611,-0.4984672,-0.3446952,1.915001,-0.5437024,-0.09912737,-0.8334037,0.1539795,0.9643636,-0.2151584,0.8250322,-0.2453092,-0.5090632,moving,-79.42326,60.57777,-14.59011,-10.20383,1.8469613782614878,-1.733521126078022
05/04/2023 16:18:37.662521,1246,True,True,True,True,Eyes,1.766695,0.1218875,-1.816482,0.9334448,-0.3121158,-0.1768182,0.0,0.0,0.0,0.0,0.0,0.0,0.0,-0.5042233,-0.8585064,-2.592628,1.983835,0.1344272,-1.938897,0.01735494,0.8701995,-0.13338,0.4739849,14.39387,122.1264,354.298,0.6843638,0.04928108,-0.7274732,0.4467185,0.003737124,-0.1914654,3.776679,-0.6281711,-2.433506,-0.5025052,-0.3474876,1.915,-0.5500744,-0.09623566,-0.8295524,0.1566447,0.9638172,-0.2156823,0.8202932,-0.2485863,-0.5150964,moving,-79.2738,60.4678,-14.7032,-10.28474,1.8536653504833245,-1.7308185356428334
05/04/2023 16:18:37.682542,1247,True,True,True,True,Eyes,1.776421,0.1222712,-1.821885,0.9321169,-0.3146593,-0.1792975,0.0,0.0,0.0,0.0,0.0,0.0,0.0,-0.4837067,-0.864318,-2.605567,1.992476,0.1349044,-1.944695,0.01820589,0.8719987,-0.133746,0.4705303,14.50032,122.5872,354.4215,0.6855767,0.04915824,-0.7263384,0.4492415,0.004663341,-0.1961648,3.781136,-0.6342083,-2.449761,-0.5061582,-0.350014,1.915001,-0.5565395,-0.09411208,-0.8254736,0.1576141,0.9635611,-0.2161198,0.8157338,-0.2503855,-0.5214264,moving,-79.11185,60.32487,-14.8054,-10.3579,1.861232518531243,-1.7274432885458593
05/04/2023 16:18:37.702577,1248,True,True,True,True,Eyes,1.786096,0.1226479,-1.827308,0.9308692,-0.3168417,-0.1819172,0.0,0.0,0.0,0.0,0.0,0.0,0.0,-0.4613878,-0.8650441,-2.620022,2.001067,0.1353004,-1.950159,0.01764808,0.8739213,-0.1335978,0.4670138,14.47703,123.0532,354.4325,0.6867585,0.0490426,-0.7252291,0.4514652,0.005534744,-0.2006036,3.787539,-0.6354117,-2.466189,-0.5100436,-0.3527003,1.915,-0.5631735,-0.09393797,-0.820982,0.1556301,0.9636803,-0.2170242,0.811551,-0.2499917,-0.5280997,moving,-78.94221,60.13737,-14.91401,-10.43566,1.8696405694330194,-1.7231975595070539
05/04/2023 16:18:37.722629,1249,True,True,True,True,Eyes,1.795723,0.1230043,-1.832737,0.9295958,-0.3189234,-0.1847688,0.0,0.0,0.0,0.0,0.0,0.0,0.0,-0.4372452,-0.865691,-2.634725,2.009613,0.1356885,-1.955869,0.01695603,0.8759739,-0.1334908,0.463209,14.4525,123.5543,354.4317,0.6879096,0.04893326,-0.7241447,0.4534034,0.006332809,-0.2048381,3.793605,-0.6365018,-2.483886,-0.5139685,-0.3554145,1.915001,-0.5703001,-0.09396219,-0.8160449,0.1533743,0.9637854,-0.2181605,0.806991,-0.2495772,-0.5352355,moving,-78.75826,59.91407,-15.0236,-10.51418,1.8790125809990093,-1.7182180518176398
05/04/2023 16:18:37.734902,1250,True,True,True,True,Eyes,1.8053,0.1233442,-1.838177,0.9282951,-0.3207837,-0.1880584,0.0,0.0,0.0,0.0,0.0,0.0,0.0,-0.4120729,-0.8649586,-2.649523,2.0181,0.1355735,-1.961332,0.01640269,0.8781101,-0.1331938,0.4592527,14.41737,124.0793,354.4581,0.6890339,0.04882858,-0.7230819,0.4550798,0.007021946,-0.2088342,3.79927,-0.6379857,-2.502299,-0.5178346,-0.358088,1.915,-0.5776357,-0.0935325,-0.8109185,0.151146,0.9639807,-0.2188517,0.8021795,-0.2489836,-0.5426927,moving,-78.54774,59.61918,-15.13145,-10.59149,1.8902396591756485,-1.7117798910215103
05/04/2023 16:18:37.752830,1251,True,True,True,True,Eyes,1.81483,0.1236561,-1.843615,0.9269689,-0.3225204,-0.1915963,0.0,0.0,0.0,0.0,0.0,0.0,0.0,-0.3860886,-0.8619682,-2.664917,2.026463,0.1353064,-1.966971,0.01572157,0.8803527,-0.1325441,0.4551528,14.34042,124.6277,354.4932,0.6901389,0.04872677,-0.7220342,0.4565061,0.007620294,-0.2126248,3.804855,-0.6383355,-2.522081,-0.5215734,-0.360674,1.915,-0.5851775,-0.0929746,-0.8055577,0.1483367,0.9643698,-0.2190597,0.7972225,-0.2476825,-0.550536,moving,-78.32191,59.28718,-15.23564,-10.66623,1.9024828713348088,-1.704579075594733
05/04/2023 16:18:37.762645,1252,True,True,True,True,Eyes,1.82434,0.1239415,-1.849027,0.9255894,-0.3241106,-0.1955418,0.0,0.0,0.0,0.0,0.0,0.0,0.0,-0.3598987,-0.8560901,-2.680717,2.034863,0.1349142,-1.972255,0.0153789,0.8826761,-0.1312721,0.4510146,14.21811,125.1951,354.5978,0.6912242,0.04862672,-0.721002,0.4577049,0.008098831,-0.2161794,3.810385,-0.6381289,-2.542553,-0.5254272,-0.3633385,1.915,-0.5926988,-0.09126213,-0.8002372,0.1455605,0.9650622,-0.2178693,0.7921619,-0.2456138,-0.558707,moving,-78.07099,58.89667,-15.34293,-10.7432,1.9163619334310131,-1.6961717654437773
05/04/2023 16:18:37.782566,1253,True,True,True,True,Eyes,1.833808,0.124172,-1.854437,0.9241711,-0.3255873,-0.1997517,0.0,0.0,0.0,0.0,0.0,0.0,0.0,-0.3333844,-0.8495572,-2.696662,2.043285,0.1344557,-1.977824,0.01517773,0.8850374,-0.1298408,0.4467883,14.08674,125.7764,354.7259,0.69229,0.04852745,-0.7199855,0.4587745,0.008469196,-0.2194464,3.815643,-0.6379442,-2.563887,-0.5292838,-0.3660061,1.915,-0.6002996,-0.08915701,-0.79479,0.1428884,0.965822,-0.2162655,0.7869073,-0.2433905,-0.5670431,moving,-77.80362,58.47039,-15.45018,-10.82022,1.9312804939934383,-1.6870221416670836
05/04/2023 16:18:37.802361,1254,True,True,True,True,Eyes,1.843255,0.1243405,-1.859826,0.9226792,-0.3270361,-0.2042311,0.0,0.0,0.0,0.0,0.0,0.0,0.0,-0.3042932,-0.8417497,-2.712706,2.051726,0.1333595,-1.983065,0.01504655,0.8875674,-0.1282966,0.4421964,13.94857,126.4062,354.8714,0.6933355,0.04842701,-0.7189856,0.4596505,0.008652607,-0.2225099,3.820247,-0.6383671,-2.586509,-0.5331366,-0.3686704,1.914999,-0.6084717,-0.08675487,-0.7888191,0.1401742,0.9666272,-0.2144366,0.7810973,-0.2410507,-0.5760045,moving,-77.51907,58.0156,-15.55723,-10.89711,1.9471719186943384,-1.6772635671771128
05/04/2023 16:18:37.815164,1255,True,True,True,True,Eyes,1.852663,0.1244394,-1.865212,0.9211357,-0.3283812,-0.2089854,0.0,0.0,0.0,0.0,0.0,0.0,0.0,-0.2744819,-0.8323901,-2.72902,2.060222,0.131968,-1.988425,0.01500415,0.8901607,-0.1264869,0.437481,13.78714,127.0552,355.0406,0.6943612,0.04832334,-0.7180021,0.460412,0.008638846,-0.2253258,3.824681,-0.638643,-2.610046,-0.5370526,-0.3713784,1.914998,-0.6167704,-0.08395897,-0.7826526,0.1373834,0.9675519,-0.2120592,0.7750612,-0.2383153,-0.5852228,moving,-77.21724,57.52688,-15.66591,-10.97522,1.9641088358140522,-1.666793736665133
05/04/2023 16:18:37.838871,1256,True,True,True,True,Eyes,1.862059,0.1244773,-1.870569,0.9195245,-0.3297089,-0.2139318,0.0,0.0,0.0,0.0,0.0,0.0,0.0,-0.242614,-0.8236699,-2.744768,2.068707,0.1303922,-1.993612,0.01501649,0.892829,-0.1248437,0.4324872,13.64569,127.7352,355.2085,0.6953675,0.04821421,-0.7170349,0.4610113,0.008417235,-0.2279632,3.828306,-0.6396766,-2.634284,-0.5408723,-0.3740192,1.915,-0.625459,-0.08117232,-0.7760236,0.1348009,0.9683772,-0.2099393,0.7685248,-0.2359171,-0.594738,moving,-76.90285,57.02246,-15.77179,-11.05134,1.9816914448030327,-1.6559753893168834
05/04/2023 16:18:37.853028,1257,True,True,True,True,Eyes,1.871422,0.1244442,-1.875917,0.9178599,-0.330921,-0.2191452,0.0,0.0,0.0,0.0,0.0,0.0,0.0,-0.2083251,-0.8141099,-2.760582,2.077338,0.1288998,-1.998759,0.01454216,0.8955907,-0.1232289,0.4272243,13.48264,128.442,355.3257,0.6963549,0.04809807,-0.7160837,0.4615395,0.008025949,-0.2303558,3.832119,-0.639547,-2.659216,-0.5448028,-0.3767368,1.915001,-0.634536,-0.0792451,-0.7688202,0.1313404,0.9692064,-0.2082998,0.7616522,-0.2331508,-0.6045884,moving,-76.57164,56.48635,-15.88063,-11.12963,2.000274677003014,-1.6444898472221814
05/04/2023 16:18:37.862821,1258,True,True,True,True,Eyes,1.880733,0.12433,-1.881288,0.9162308,-0.332001,-0.2242686,0.0,0.0,0.0,0.0,0.0,0.0,0.0,-0.1733948,-0.8050527,-2.775632,2.085903,0.127149,-2.003783,0.013962,0.8983033,-0.1218268,0.4219177,13.33572,129.1469,355.4188,0.6973241,0.04797305,-0.7151484,0.4619363,0.007444882,-0.2325812,3.835708,-0.6400443,-2.683608,-0.5488832,-0.3795586,1.915001,-0.6435813,-0.07771753,-0.761422,0.1278859,0.9699266,-0.2070931,0.7546182,-0.2306564,-0.6142877,moving,-76.24597,55.96074,-15.99352,-11.21089,2.0185275404618865,-1.6332252294406753
05/04/2023 16:18:37.882704,1259,True,True,True,True,Eyes,1.890017,0.1241672,-1.886648,0.9145244,-0.3330027,-0.2296829,0.0,0.0,0.0,0.0,0.0,0.0,0.0,-0.1382915,-0.7953401,-2.79039,2.094389,0.1251202,-2.008941,0.01353348,0.9010106,-0.1203089,0.4165605,13.18372,129.8588,355.5323,0.6982731,0.04783728,-0.7142308,0.4621519,0.006655671,-0.2347367,3.838652,-0.6406603,-2.708764,-0.5526054,-0.3821322,1.915001,-0.6525886,-0.07584425,-0.7539071,0.1246195,0.9706852,-0.2055242,0.7473943,-0.2280742,-0.6240064,moving,-75.90176,55.40469,-16.09637,-11.28496,2.0378261152043025,-1.6213096001276406
05/04/2023 16:18:37.902864,1260,True,True,True,True,Eyes,1.899267,0.1239873,-1.892017,0.912788,-0.3340029,-0.2350745,0.0,0.0,0.0,0.0,0.0,0.0,0.0,-0.09812999,-0.7887235,-2.804057,2.103167,0.1238087,-2.013904,0.01298364,0.9039096,-0.119343,0.4105316,13.08587,130.644,355.6124,0.6992034,0.04769011,-0.71333,0.4622763,0.005768056,-0.2367329,3.840428,-0.6419879,-2.735265,-0.5564232,-0.3847721,1.915001,-0.6625907,-0.07451613,-0.745266,0.1214603,0.9711773,-0.2050903,0.7390679,-0.226411,-0.6344422,moving,-75.55817,54.86175,-16.20177,-11.3609,2.0569356008817743,-1.60964303654711
05/04/2023 16:18:37.918694,1261,True,True,True,True,Eyes,1.908501,0.1238104,-1.897377,0.9109675,-0.3349033,-0.2407864,0.0,0.0,0.0,0.0,0.0,0.0,0.0,-0.05900562,-0.7810617,-2.817504,2.111799,0.1232246,-2.019156,0.01239857,0.9067354,-0.1180634,0.4046458,12.95223,131.4125,355.7005,0.7001151,0.04753227,-0.7124458,0.4622895,0.004882201,-0.2386361,3.842486,-0.6417275,-2.761596,-0.5605192,-0.3876048,1.915,-0.6722161,-0.07306324,-0.7367409,0.1180321,0.9718146,-0.2040704,0.7308856,-0.2241385,-0.6446456,moving,-75.19421,54.28489,-16.31472,-11.44234,2.077200074567937,-1.5972522668023554
05/04/2023 16:18:37.942323,1262,True,True,True,True,Eyes,1.917715,0.1236359,-1.902728,0.9091057,-0.335866,-0.246416,0.0,0.0,0.0,0.0,0.0,0.0,0.0,-0.01665103,-0.7726107,-2.830626,2.120663,0.1231055,-2.024172,0.0117687,0.9097229,-0.116608,0.3983323,12.79936,132.2348,355.7961,0.7010086,0.04736526,-0.7115779,0.4622533,0.00405846,-0.2403998,3.843564,-0.6401083,-2.790017,-0.5639821,-0.3899994,1.915,-0.682386,-0.07148495,-0.7274886,0.11431,0.9725282,-0.2027862,0.7219993,-0.2215376,-0.6554682,moving,-74.8342,53.73349,-16.4101,-11.51115,2.096999914810344,-1.5853568651709984
05/04/2023 16:18:37.952946,1263,True,True,True,True,Eyes,1.926919,0.1234393,-1.908054,0.9071509,-0.3367609,-0.2523278,0.0,0.0,0.0,0.0,0.0,0.0,0.0,0.02592432,-0.7633981,-2.843173,2.129469,0.1229766,-2.029117,0.01123198,0.9126828,-0.1149957,0.3919951,12.63356,133.0599,355.9067,0.7018846,0.04719033,-0.7107254,0.4621609,0.003291564,-0.2420276,3.844528,-0.6385141,-2.818179,-0.5678743,-0.3926906,1.915001,-0.6924275,-0.06965303,-0.7181175,0.110658,0.9732996,-0.2011034,0.712951,-0.2187149,-0.6662318,moving,-74.45586,53.15656,-16.5172,-11.58844,2.1177754358223684,-1.5729036385102346
05/04/2023 16:18:37.962825,1264,True,True,True,True,Eyes,1.936096,0.1232429,-1.913373,0.905207,-0.3377126,-0.257974,0.0,0.0,0.0,0.0,0.0,0.0,0.0,0.06892443,-0.7563612,-2.854346,2.138398,0.1222717,-2.033822,0.01045974,0.9154884,-0.1140332,0.3857046,12.52473,133.8639,355.9577,0.7027447,0.04700767,-0.7098871,0.4620437,0.002504096,-0.243484,3.845359,-0.638644,-2.844776,-0.5716999,-0.3953364,1.915,-0.7022451,-0.06881475,-0.7086017,0.1071178,0.973774,-0.2007235,0.7038307,-0.2168609,-0.6764569,moving,-74.09303,52.62429,-16.62235,-11.66439,2.1374314989855785,-1.5613558347326184
05/04/2023 16:18:37.982658,1265,True,True,True,True,Eyes,1.945256,0.1230445,-1.918662,0.9031636,-0.3386614,-0.2638256,0.0,0.0,0.0,0.0,0.0,0.0,0.0,0.1109126,-0.754847,-2.863414,2.147194,0.1220653,-2.038599,0.009975395,0.9180659,-0.1139144,0.3795775,12.51732,134.6351,355.9962,0.7035886,0.04681844,-0.7090631,0.4618523,0.001764747,-0.2448327,3.845546,-0.6414925,-2.869195,-0.5757995,-0.3981718,1.915,-0.7116431,-0.06816254,-0.699227,0.1047948,0.973848,-0.201589,0.6946816,-0.2167347,-0.6858891,moving,-73.71625,52.08053,-16.73491,-11.74573,2.1577289080956814,-1.5495327397644907
05/04/2023 16:18:38.002462,1266,True,True,True,True,Eyes,1.954395,0.1228569,-1.923925,0.9010949,-0.3398022,-0.2693742,0.0,0.0,0.0,0.0,0.0,0.0,0.0,0.1500988,-0.7546707,-2.871406,2.155957,0.1218243,-2.043044,0.009794852,0.9203877,-0.1139246,0.3739143,12.53491,135.3469,356.0546,0.7044177,0.04662346,-0.7082522,0.4616188,0.001063569,-0.2460089,3.845709,-0.6450923,-2.891642,-0.5794457,-0.4006925,1.915002,-0.7201846,-0.06716592,-0.6905239,0.1032262,0.9738505,-0.2023847,0.6860605,-0.2170344,-0.6944188,moving,-73.35644,51.5948,-16.83489,-11.818,2.176684656022691,-1.538872592176428
05/04/2023 16:18:38.015582,1267,True,True,True,True,Eyes,1.963514,0.1226826,-1.929158,0.8989388,-0.3409742,-0.2750378,0.0,0.0,0.0,0.0,0.0,0.0,0.0,0.1881771,-0.7622341,-2.876989,2.164673,0.1219295,-2.047632,0.009419808,0.9223829,-0.1154287,0.3685071,12.70207,136.0019,356.0208,0.7052319,0.04642423,-0.7074546,0.4613392,0.0004370493,-0.2470379,3.843363,-0.6499559,-2.913658,-0.5796008,-0.4007998,1.915002,-0.7282279,-0.06769523,-0.6819838,0.1024499,0.9731749,-0.2059964,0.6776346,-0.2198814,-0.7017578,moving,-72.98808,51.10954,-16.83914,-11.82107,2.1959377394656565,-1.528184926181011
05/04/2023 16:18:38.032966,1268,True,True,True,True,Eyes,1.972605,0.1225712,-1.934373,0.8966541,-0.3422649,-0.2808311,0.0,0.0,0.0,0.0,0.0,0.0,0.0,0.2241904,-0.7681233,-2.882541,2.173353,0.122088,-2.052059,0.008803469,0.9242199,-0.1167211,0.363478,12.83544,136.6086,355.9667,0.7060336,0.04622157,-0.7066678,0.4610178,-0.0001120926,-0.2479155,3.841875,-0.6534014,-2.934361,-0.5796004,-0.4007998,1.915001,-0.7356126,-0.06857843,-0.6739224,0.1011238,0.9725974,-0.2093522,0.6698121,-0.2221517,-0.70852,static,-72.6095,50.63085,-16.83913,-11.82107,2.2154696569873535,-1.5175773033803628
05/04/2023 16:18:38.052816,1269,True,True,True,True,Eyes,1.981679,0.1225072,-1.939575,0.8943488,-0.3433854,-0.286752,0.0,0.0,0.0,0.0,0.0,0.0,0.0,0.2576632,-0.7680798,-2.889566,2.181968,0.1235101,-2.05662,0.007257481,0.9259607,-0.1170883,0.3589352,12.82937,137.1567,355.8469,0.7068216,0.04601887,-0.7058929,0.460628,-0.0004395256,-0.2486857,3.842771,-0.6505528,-2.954599,-0.5796006,-0.4007997,1.915002,-0.7422259,-0.07061397,-0.6664194,0.09749455,0.9724753,-0.2116285,0.6630204,-0.2220483,-0.7149119,static,-72.22277,50.13565,-16.83913,-11.82107,2.2355011379264025,-1.5066246886262817
05/04/2023 16:18:38.062436,1270,True,True,True,True,Eyes,1.990735,0.1225046,-1.944775,0.8919789,-0.3445123,-0.29272,0.0,0.0,0.0,0.0,0.0,0.0,0.0,0.2908947,-0.7593478,-2.898744,2.190676,0.1245523,-2.061401,0.005371948,0.9278427,-0.116057,0.3544149,12.66047,137.7169,355.7506,0.7075969,0.045818,-0.7051288,0.4602133,-0.0006051332,-0.2493693,3.844743,-0.6432413,-2.97702,-0.5796006,-0.4007999,1.915001,-0.7487224,-0.07229601,-0.6589295,0.09223329,0.9730039,-0.2115574,0.6564357,-0.219173,-0.7218417,static,-71.83176,49.64662,-16.83914,-11.82108,2.25560581946561,-1.4957698540283046
05/04/2023 16:18:38.082764,1271,True,True,True,True,Eyes,1.999774,0.1226053,-1.949979,0.8896014,-0.3454248,-0.2988161,0.0,0.0,0.0,0.0,0.0,0.0,0.0,0.3225358,-0.7488706,-2.908372,2.199423,0.1260122,-2.066427,0.003157675,0.9296202,-0.1147902,0.350171,12.45273,138.2413,355.6231,0.7083598,0.04562128,-0.7043752,0.4597684,-0.000576693,-0.2500069,3.847673,-0.6339639,-2.998904,-0.5796006,-0.4007999,1.915002,-0.7547409,-0.07452153,-0.651777,0.08626328,0.9736265,-0.2112111,0.650327,-0.2156341,-0.7284073,static,-71.43286,49.13795,-16.83913,-11.82108,2.2762407338910586,-1.4845122981156424
05/04/2023 16:18:38.102450,1272,True,True,True,True,Eyes,2.008759,0.1227934,-1.955218,0.8872145,-0.3462472,-0.304899,0.0,0.0,0.0,0.0,0.0,0.0,0.0,0.3550259,-0.737077,-2.917964,2.208078,0.1285508,-2.071642,0.001016168,0.9314836,-0.1130806,0.3457605,12.20254,138.792,355.5225,0.7091107,0.0454322,-0.7036315,0.4592998,-0.0002398288,-0.2506195,3.850083,-0.622542,-3.02216,-0.579601,-0.4007998,1.915002,-0.7608976,-0.07630452,-0.6443703,0.08009069,0.9744235,-0.2099627,0.6439106,-0.2113681,-0.7353252,static,-71.03427,48.63343,-16.83915,-11.82107,2.296811756711085,-1.473334068112473
05/04/2023 16:18:38.116673,1273,True,True,True,True,Eyes,2.017715,0.123045,-1.960466,0.8847756,-0.3469374,-0.3111374,0.0,0.0,0.0,0.0,0.0,0.0,0.0,0.3892776,-0.7231563,-2.927422,2.216606,0.1308813,-2.076974,-0.0007691209,0.9335027,-0.1108814,0.3409947,11.91683,139.3953,355.4831,0.7098485,0.04525334,-0.7028986,0.4586948,0.0003388083,-0.2512997,3.851175,-0.6108328,-3.047464,-0.5796004,-0.4008,1.915001,-0.767444,-0.0770559,-0.6364684,0.07418399,0.9754094,-0.2075407,0.6368095,-0.2064916,-0.7428558,static,-70.62543,48.11389,-16.83914,-11.82108,2.317937853252201,-1.4618299249776707
05/04/2023 16:18:38.132751,1274,True,True,True,True,Eyes,2.026611,0.1233441,-1.965742,0.8822153,-0.3477456,-0.3174416,0.0,0.0,0.0,0.0,0.0,0.0,0.0,0.4247655,-0.714353,-2.934845,2.224943,0.1326324,-2.082326,-0.002020897,0.9354723,-0.1095315,0.3359916,11.74576,140.0201,355.4666,0.710572,0.04508643,-0.702178,0.4580438,0.001073298,-0.2519638,3.85035,-0.6035307,-3.072236,-0.5796002,-0.4007998,1.915001,-0.7742111,-0.07738431,-0.628179,0.06982233,0.9759976,-0.2062853,0.6290644,-0.2035693,-0.7502249,static,-70.21008,47.60843,-16.83913,-11.82108,2.339115446561179,-1.4505627652831317
05/04/2023 16:18:38.152637,1275,True,True,True,True,Eyes,2.035465,0.1237008,-1.971037,0.8795551,-0.3485371,-0.3238899,0.0,0.0,0.0,0.0,0.0,0.0,0.0,0.4631994,-0.7118745,-2.939721,2.233054,0.13414,-2.087762,-0.002818459,0.9374606,-0.1092401,0.3304943,11.70973,140.6949,355.461,0.7112816,0.04493177,-0.7014691,0.4572488,0.001906121,-0.252676,3.847018,-0.6008302,-3.097091,-0.5796008,-0.4007999,1.915001,-0.7815315,-0.07749081,-0.6190348,0.06692203,0.9761173,-0.2066795,0.6202664,-0.2029535,-0.7576805,static,-69.78413,47.09919,-16.83915,-11.82108,2.3607172710230984,-1.439179483403925
05/04/2023 16:18:38.162602,1276,True,True,True,True,Eyes,2.044235,0.1241001,-1.97637,0.876762,-0.3495324,-0.3303265,0.0,0.0,0.0,0.0,0.0,0.0,0.0,0.5032018,-0.7122027,-2.94315,2.240944,0.1358811,-2.093389,-0.003758932,0.9394239,-0.1095445,0.3247597,11.73444,141.3883,355.4182,0.7119762,0.04479045,-0.700773,0.4563742,0.002861799,-0.2533977,3.842643,-0.5994207,-3.121835,-0.5796009,-0.4007998,1.915002,-0.7890344,-0.07821375,-0.6093504,0.06408884,0.9759718,-0.208259,0.6109976,-0.203376,-0.7650626,static,-69.35574,46.61817,-16.83914,-11.82107,2.382045980661375,-1.4283162804479095
05/04/2023 16:18:38.182599,1277,True,True,True,True,Eyes,2.052954,0.1245137,-1.981718,0.8738422,-0.3505602,-0.3369085,0.0,0.0,0.0,0.0,0.0,0.0,0.0,0.5449113,-0.7161004,-2.944715,2.248713,0.1374284,-2.098924,-0.004411711,0.9413704,-0.1104499,0.3187527,11.83746,142.1088,355.3868,0.7126539,0.0446629,-0.700092,0.455301,0.003888212,-0.2541948,3.836733,-0.6007873,-3.146318,-0.5796005,-0.4007999,1.915001,-0.7967545,-0.07871849,-0.5991542,0.06210627,0.9755627,-0.2107609,0.6011032,-0.2051359,-0.7723951,static,-68.91594,46.13763,-16.83914,-11.82108,2.403773361761368,-1.4174135868601159
05/04/2023 16:18:38.202432,1278,True,True,True,True,Eyes,2.061657,0.1249105,-1.987064,0.870822,-0.3516943,-0.3434826,0.0,0.0,0.0,0.0,0.0,0.0,0.0,0.5867862,-0.7188303,-2.945851,2.256275,0.1383564,-2.104555,-0.00502496,0.9433085,-0.111249,0.3126779,11.93148,142.8379,355.3657,0.7133163,0.04454795,-0.6994243,0.4541412,0.004895619,-0.2549852,3.830237,-0.6025955,-3.171063,-0.5796005,-0.4007999,1.915001,-0.8044145,-0.07905036,-0.5887855,0.06009001,0.9751968,-0.2130266,0.5910216,-0.2067418,-0.7797124,static,-68.47399,45.67677,-16.83913,-11.82108,2.4253261863591877,-1.4068716782323851
05/04/2023 16:18:38.216952,1279,True,True,True,True,Eyes,2.070303,0.1252639,-1.992443,0.8677118,-0.3527862,-0.3501687,0.0,0.0,0.0,0.0,0.0,0.0,0.0,0.6285892,-0.7170452,-2.947657,2.263848,0.1381406,-2.11042,-0.005900824,0.9452607,-0.1115609,0.3065972,11.96358,143.5698,355.3349,0.7139638,0.0444438,-0.69877,0.4530025,0.00579209,-0.255725,3.824004,-0.6034997,-3.196554,-0.5796008,-0.4007999,1.915001,-0.8119269,-0.07956413,-0.5783119,0.05725287,0.9750386,-0.2145266,0.580945,-0.2072899,-0.7871048,static,-68.02325,45.21334,-16.83915,-11.82108,2.4472236072036453,-1.3962440876642357
05/04/2023 16:18:38.232633,1280,True,True,True,True,Eyes,2.078907,0.1255629,-1.997844,0.8645145,-0.3539971,-0.3567922,0.0,0.0,0.0,0.0,0.0,0.0,0.0,0.6680623,-0.7137778,-2.949728,2.271146,0.137609,-2.116516,-0.007062577,0.9470652,-0.1118043,0.3008615,11.97718,144.2558,355.2708,0.7145955,0.04434789,-0.6981301,0.4517596,0.006504953,-0.2565184,3.818486,-0.6037894,-3.220995,-0.5796009,-0.4007999,1.915001,-0.8188652,-0.08065264,-0.5682916,0.05389776,0.9748999,-0.2160216,0.5714502,-0.2075221,-0.7939645,static,-67.57365,44.77469,-16.83915,-11.82108,2.4687647511093007,-1.3860871355966045
05/04/2023 16:18:38.252489,1281,True,True,True,True,Eyes,2.087438,0.1258207,-2.003293,0.8612438,-0.3551388,-0.3635044,0.0,0.0,0.0,0.0,0.0,0.0,0.0,0.7057351,-0.7109076,-2.951607,2.278321,0.1364339,-2.122751,-0.008801192,0.9486567,-0.1125741,0.2954663,12.02787,144.8863,355.1188,0.7152104,0.0442576,-0.6975058,0.4504655,0.007011587,-0.2573307,3.813992,-0.6049716,-3.243393,-0.5796008,-0.4007998,1.915001,-0.8252446,-0.08322233,-0.5586107,0.0498251,0.9744992,-0.2187893,0.5625738,-0.2083874,-0.8000537,static,-67.1169,44.33306,-16.83914,-11.82107,2.490597535106293,-1.3758437677683037
05/04/2023 16:18:38.272954,1282,True,True,True,True,Eyes,2.095872,0.1260427,-2.008805,0.8579413,-0.3562851,-0.3701321,0.0,0.0,0.0,0.0,0.0,0.0,0.0,0.7444869,-0.7065962,-2.953025,2.285149,0.1356689,-2.129221,-0.01078847,0.9502901,-0.1131846,0.2898646,12.05567,145.5399,354.9478,0.7158101,0.04417063,-0.6968959,0.4490316,0.007364262,-0.2582366,3.808808,-0.6048237,-3.266736,-0.5796005,-0.4008,1.915001,-0.8317242,-0.08612075,-0.5484688,0.04511202,0.9741458,-0.2213707,0.5533531,-0.2088619,-0.8063356,static,-66.66372,43.90795,-16.83914,-11.82108,2.512093111579002,-1.3659261065446628
05/04/2023 16:18:38.282563,1283,True,True,True,True,Eyes,2.104215,0.126249,-2.014378,0.8545297,-0.3573779,-0.3769083,0.0,0.0,0.0,0.0,0.0,0.0,0.0,0.7862637,-0.7018602,-2.95329,2.291738,0.1350278,-2.135987,-0.01297021,0.9520228,-0.1138786,0.2837536,12.09126,146.2508,354.7588,0.716392,0.04408555,-0.696303,0.4473926,0.007588488,-0.2592805,3.802098,-0.6046045,-3.291653,-0.5796004,-0.4007999,1.915001,-0.8386315,-0.08932281,-0.5373257,0.03993106,0.9737268,-0.2241908,0.5432339,-0.2094694,-0.8130313,static,-66.19912,43.47642,-16.83913,-11.82108,2.5340756582292703,-1.3558392123782967
05/04/2023 16:18:38.303001,1284,True,True,True,True,Eyes,2.112482,0.1264694,-2.019999,0.8510743,-0.3584523,-0.3836462,0.0,0.0,0.0,0.0,0.0,0.0,0.0,0.8286698,-0.6965724,-2.952791,2.297949,0.13496,-2.142917,-0.01428325,0.9538816,-0.1138939,0.2773699,12.0848,147.0112,354.6937,0.7169538,0.04400193,-0.69573,0.4455779,0.00775192,-0.2604406,3.793294,-0.6037875,-3.318503,-0.5796006,-0.4007998,1.915002,-0.845724,-0.09043053,-0.5259025,0.03593242,0.9736483,-0.2252061,0.5324096,-0.2093591,-0.8201884,static,-65.73516,43.05558,-16.83913,-11.82107,2.555899250389869,-1.3459559800679344
05/04/2023 16:18:38.322856,1285,True,True,True,True,Eyes,2.120638,0.1266955,-2.025678,0.8475503,-0.3594636,-0.3904413,0.0,0.0,0.0,0.0,0.0,0.0,0.0,0.8670712,-0.692405,-2.95248,2.303891,0.1352873,-2.14992,-0.01518334,0.955557,-0.1137707,0.271545,12.07447,147.7085,354.6719,0.7174672,0.0439248,-0.6952053,0.4188433,0.007286805,-0.2448142,3.785026,-0.6029068,-3.343701,-0.5796005,-0.4007998,1.915001,-0.8520658,-0.09080479,-0.5154985,0.03277059,0.9736514,-0.2256746,0.5224081,-0.2091828,-0.8266394,static,-65.26588,42.63452,-16.83913,-11.82108,2.5779143826765214,-1.3360459927381765
05/04/2023 16:18:38.334538,1286,True,True,True,True,Eyes,2.128714,0.1269336,-2.031394,0.8438746,-0.3604121,-0.3974653,0.0,0.0,0.0,0.0,0.0,0.0,0.0,0.9005722,-0.6863218,-2.953375,2.309462,0.1357846,-2.156951,-0.01598835,0.9570572,-0.1131471,0.2664276,12.00852,148.3263,354.6679,0.7179654,0.04384863,-0.6946957,0.3937127,0.006849596,-0.2301254,3.77811,-0.6002951,-3.36735,-0.5796002,-0.4007999,1.915001,-0.8575214,-0.09089457,-0.5063549,0.02968751,0.9738842,-0.225096,0.513591,-0.2080571,-0.8324282,static,-64.77955,42.201,-16.83913,-11.82108,2.600693201856897,-1.3258293004275372
05/04/2023 16:18:38.352448,1287,True,True,True,True,Eyes,2.136657,0.1271971,-2.037185,0.8401431,-0.3614068,-0.4044065,0.0,0.0,0.0,0.0,0.0,0.0,0.0,0.9273208,-0.6894285,-2.953724,2.314671,0.1362906,-2.164125,-0.01705783,0.9579959,-0.1143459,0.2624465,12.1301,148.7805,354.5591,0.7184479,0.04377378,-0.6942014,0.3700899,0.00643862,-0.2163178,3.773554,-0.6024686,-3.38466,-0.5796009,-0.4007998,1.915002,-0.861662,-0.09270203,-0.4989443,0.02733671,0.9732681,-0.2280394,0.5067462,-0.2101323,-0.836094,static,-64.29596,41.78627,-16.83914,-11.82107,2.6231353269006643,-1.3159774550659966
05/04/2023 16:18:38.362651,1288,True,True,True,True,Eyes,2.144496,0.1274986,-2.043023,0.8362468,-0.3624111,-0.4115208,0.0,0.0,0.0,0.0,0.0,0.0,0.0,0.9574882,-0.6941468,-2.952261,2.319472,0.1369565,-2.17158,-0.01861464,0.9589722,-0.1161881,0.2579266,12.31229,149.2854,354.3824,0.718913,0.043701,-0.6937242,0.3478845,0.006052303,-0.2033388,3.767454,-0.6056671,-3.402704,-0.5796002,-0.4007998,1.915001,-0.8662547,-0.09563784,-0.4903633,0.02423416,0.9723076,-0.2324447,0.4990145,-0.2132399,-0.8399484,static,-63.798,41.36917,-16.83913,-11.82108,2.6461174591527263,-1.3060199620423507
05/04/2023 16:18:38.382725,1289,True,True,True,True,Eyes,2.152189,0.1278121,-2.048931,0.8322731,-0.3634911,-0.4185638,0.0,0.0,0.0,0.0,0.0,0.0,0.0,0.9908615,-0.7024822,-2.948354,2.3239,0.1383071,-2.17909,-0.02091533,0.9598801,-0.1191373,0.2529805,12.59938,149.8177,354.0933,0.7193584,0.04363171,-0.6932667,0.3270115,0.005689165,-0.1911384,3.760326,-0.6102787,-3.4201,-0.5796008,-0.4007998,1.915002,-0.871127,-0.1004312,-0.4806784,0.02012643,0.9707377,-0.2392974,0.4906456,-0.2181327,-0.8436146,static,-63.30143,40.97185,-16.83914,-11.82107,2.6687981727866594,-1.2964401851162561
05/04/2023 16:18:38.402746,1290,True,True,True,True,Eyes,2.159734,0.1281254,-2.054907,0.8282009,-0.3645162,-0.425689,0.0,0.0,0.0,0.0,0.0,0.0,0.0,1.027516,-0.7102921,-2.942846,2.328115,0.1389227,-2.1866,-0.02373102,0.9608018,-0.1225484,0.2475456,12.92882,150.3945,353.7401,0.7197825,0.04356603,-0.6928306,0.3073908,0.005347815,-0.1796701,3.752063,-0.6162536,-3.437956,-0.5796005,-0.4007997,1.915002,-0.8763163,-0.1062742,-0.469868,0.01507099,0.9688375,-0.2472384,0.4815008,-0.2237404,-0.8474064,static,-62.79718,40.57334,-16.83913,-11.82107,2.691766514725449,-1.2868053857245934
05/04/2023 16:18:38.417465,1291,True,True,True,True,Eyes,2.167127,0.128433,-2.060952,0.824042,-0.365594,-0.432777,0.0,0.0,0.0,0.0,0.0,0.0,0.0,1.065018,-0.7157266,-2.936984,2.332121,0.1392521,-2.194133,-0.0261617,0.961817,-0.1253797,0.241875,13.21048,151.0095,353.4543,0.7201848,0.04350353,-0.6924163,0.2889473,0.005026946,-0.1688899,3.742544,-0.6217083,-3.457245,-0.5796005,-0.4007999,1.915001,-0.8816241,-0.110978,-0.4587187,0.0103269,0.967191,-0.2538404,0.4718392,-0.228529,-0.8515529,static,-62.29208,40.18989,-16.83914,-11.82108,2.71457306464358,-1.2774500561844713
05/04/2023 16:18:38.437535,1292,True,True,True,True,Eyes,2.348305,0.1360842,-2.214055,0.7013551,-0.38535,-0.5996719,0.0,0.0,0.0,0.0,0.0,0.0,0.0,1.100303,-0.7193626,-2.931841,2.335922,0.139475,-2.201785,-0.02806222,0.96283,-0.1275436,0.2364396,13.43462,151.61,353.2482,0.7205641,0.04344375,-0.6920252,0.2716105,0.00472533,-0.1587565,3.732903,-0.6262988,-3.476869,-0.5796005,-0.4007999,1.915001,-0.8866177,-0.114351,-0.4481438,0.006274425,0.9658903,-0.2588757,0.4624605,-0.2323356,-0.8556581,static,-49.46893,32.72486,-16.83913,-11.82108,3.2646418224910043,-1.0826076736193055
05/04/2023 16:18:38.452927,1293,True,True,True,True,Eyes,2.348436,0.1361019,-2.214388,0.7011234,-0.3853369,-0.5999511,0.0,0.0,0.0,0.0,0.0,0.0,0.0,1.132348,-0.7223618,-2.927825,2.339556,0.139707,-2.209781,-0.0291153,0.9638394,-0.1289844,0.2313637,13.60153,152.1867,353.1569,0.722199,0.04311348,-0.6903396,0.7988453,0.02739535,-0.6085405,3.723161,-0.630301,-3.496845,-0.5796006,-0.4007998,1.915002,-0.8912466,-0.1158096,-0.4384841,0.003559691,0.9650307,-0.262113,0.4535058,-0.2351681,-0.859668,static,-49.4464,32.71184,-16.83913,-11.82107,3.265607059254886,-1.0822671423241101
05/04/2023 16:18:38.462536,1294,True,True,True,True,Eyes,2.348684,0.136124,-2.215062,0.7007135,-0.3851865,-0.6005265,0.0,0.0,0.0,0.0,0.0,0.0,0.0,1.164058,-0.719692,-2.924912,2.342832,0.1400627,-2.218021,-0.03061819,0.9649129,-0.1296276,0.2262792,13.6684,152.7692,353.0396,0.7234704,0.04285502,-0.6890231,0.7509146,0.02575163,-0.572028,3.713605,-0.6307861,-3.518245,-0.5796004,-0.4007999,1.915001,-0.8957205,-0.1177519,-0.4287415,-0.0004236958,0.9645184,-0.2640153,0.4446174,-0.2363022,-0.8639889,static,-49.40271,32.67671,-16.83913,-11.82108,3.2676047862783784,-1.0814210393431125
05/04/2023 16:18:38.482329,1295,True,True,True,True,Eyes,2.349044,0.1361395,-2.216068,0.7000777,-0.3848932,-0.6014553,0.0,0.0,0.0,0.0,0.0,0.0,0.0,1.197568,-0.7095546,-2.923069,2.346067,0.1402676,-2.226715,-0.03295326,0.9661031,-0.1294742,0.2208973,13.62772,153.3869,352.8553,0.7244449,0.04265461,-0.6880108,0.7058597,0.02420653,-0.5377064,3.704138,-0.6273636,-3.542082,-0.5796008,-0.4007997,1.915002,-0.9002373,-0.1208735,-0.4182858,-0.006471486,0.964301,-0.2647294,0.4353522,-0.2356123,-0.8688819,static,-49.33325,32.61666,-16.83914,-11.82107,3.270834366065429,-1.0799969440316475
05/04/2023 16:18:38.502636,1296,True,True,True,True,Eyes,2.349542,0.1361354,-2.217383,0.6992192,-0.3844262,-0.6027511,0.0,0.0,0.0,0.0,0.0,0.0,0.0,1.235323,-0.6905144,-2.921152,2.34916,0.14008,-2.235572,-0.03631222,0.9674804,-0.1285108,0.2148217,13.47742,154.0848,352.5865,0.7251779,0.04250029,-0.6872478,0.6635081,0.02275414,-0.505444,3.693652,-0.6200123,-3.569141,-0.5796006,-0.4007999,1.915001,-0.9050662,-0.1254766,-0.4063385,-0.01504888,0.9643328,-0.2642647,0.4250046,-0.2330621,-0.8746733,static,-49.23752,32.52916,-16.83914,-11.82108,3.275345783087339,-1.0779451738907873
05/04/2023 16:18:38.522798,1297,True,True,True,True,Eyes,2.350132,0.1361075,-2.219012,0.6981031,-0.3839158,-0.6043679,0.0,0.0,0.0,0.0,0.0,0.0,0.0,1.273366,-0.6743898,-2.917857,2.352106,0.1395457,-2.244609,-0.03931612,0.9687865,-0.1279794,0.2086348,13.38917,154.7934,352.3455,0.725713,0.04238209,-0.6866899,0.6236976,0.02138889,-0.4751174,3.681986,-0.6152266,-3.595737,-0.5796008,-0.4007998,1.915001,-0.9098517,-0.1295797,-0.3941818,-0.02277594,0.964151,-0.2643748,0.4143084,-0.2315639,-0.8801858,static,-49.11632,32.42515,-16.83914,-11.82108,3.2809712202053185,-1.0754747703350271
05/04/2023 16:18:38.532995,1298,True,True,True,True,Eyes,2.350775,0.1360444,-2.220958,0.6968426,-0.3833996,-0.6061478,0.0,0.0,0.0,0.0,0.0,0.0,0.0,1.313107,-0.6596379,-2.912848,2.355009,0.1388176,-2.253601,-0.04165661,0.9701554,-0.1273753,0.2020862,13.31539,155.5532,352.1857,0.7260857,0.04229159,-0.6863014,0.5862758,0.02010556,-0.4466103,3.668232,-0.6119459,-3.623128,-0.5796006,-0.4007998,1.915001,-0.914852,-0.1323083,-0.3814979,-0.02934521,0.9640805,-0.2639841,0.4027221,-0.2303112,-0.8858736,static,-48.98166,32.31411,-16.83914,-11.82108,3.287163774751388,-1.072814993917354
05/04/2023 16:18:38.552531,1299,True,True,True,True,Eyes,2.351484,0.1359247,-2.223207,0.6953487,-0.3829831,-0.6081235,0.0,0.0,0.0,0.0,0.0,0.0,0.0,1.347305,-0.6526036,-2.908056,2.357711,0.1379972,-2.262756,-0.04298086,0.9712617,-0.1274581,0.1963617,13.33892,156.217,352.1113,0.7263259,0.04222085,-0.6860509,0.5510992,0.01889922,-0.4198137,3.655309,-0.6127068,-3.64713,-0.5796006,-0.4007998,1.915002,-0.9191897,-0.1335471,-0.3704807,-0.03343552,0.9638141,-0.26447,0.3923937,-0.2307108,-0.8903931,static,-48.82839,32.20185,-16.83913,-11.82107,3.294032100446428,-1.0700531587678226
05/04/2023 16:18:38.562359,1300,True,True,True,True,Eyes,2.352225,0.135738,-2.225759,0.6937441,-0.3827348,-0.6101092,0.0,0.0,0.0,0.0,0.0,0.0,0.0,1.379508,-0.6495219,-2.902796,2.360039,0.136612,-2.272156,-0.04388838,0.9722316,-0.1280765,0.1908822,13.43164,156.8488,352.0673,0.726456,0.04216342,-0.6859165,0.5180332,0.01776527,-0.3946249,3.642084,-0.6165186,-3.66964,-0.5796005,-0.4007999,1.915001,-0.9232757,-0.1342344,-0.3599213,-0.03644428,0.9633405,-0.2657951,0.3824055,-0.2322851,-0.8943209,static,-48.67017,32.10095,-16.83913,-11.82108,3.3009312469956793,-1.0674838118580106
05/04/2023 16:18:38.582330,1301,True,True,True,True,Eyes,2.353011,0.1354802,-2.228599,0.6919008,-0.3827138,-0.6122119,0.0,0.0,0.0,0.0,0.0,0.0,0.0,1.411773,-0.655048,-2.895209,2.362212,0.1349569,-2.281701,-0.04439979,0.972996,-0.1301183,0.18541,13.69449,157.4645,352.0336,0.7264939,0.04211331,-0.6858795,0.4869512,0.01669936,-0.3709474,3.628041,-0.6260131,-3.689682,-0.5796009,-0.4007998,1.915002,-0.9273039,-0.1346521,-0.349252,-0.03815117,0.9621958,-0.2696735,0.3723609,-0.2367448,-0.8973851,static,-48.49676,32.01086,-16.83914,-11.82107,3.30823150597081,-1.0650530761978634
05/04/2023 16:18:38.602344,1302,True,True,True,True,Eyes,2.353828,0.1351497,-2.231719,0.6899511,-0.3829375,-0.6142689,0.0,0.0,0.0,0.0,0.0,0.0,0.0,1.445139,-0.668193,-2.884863,2.36418,0.1329334,-2.291359,-0.04491908,0.9735347,-0.1337278,0.1798037,14.13599,158.0738,351.9647,0.7264543,0.04206537,-0.6859246,0.4577341,0.01569739,-0.3486905,3.613175,-0.6410385,-3.707263,-0.5796002,-0.4007999,1.915001,-0.9313058,-0.1355501,-0.3380763,-0.03937106,0.9601983,-0.2765307,0.362104,-0.2442242,-0.899575,static,-48.32108,31.93957,-16.83913,-11.82108,3.3153726816892277,-1.0629660738569537
05/04/2023 16:18:38.617871,1303,True,True,True,True,Eyes,2.354671,0.1347473,-2.235108,0.6878163,-0.3834808,-0.6163207,0.0,0.0,0.0,0.0,0.0,0.0,0.0,1.477901,-0.6808347,-2.87444,2.366006,0.1309324,-2.301087,-0.04554914,0.9740097,-0.1373187,0.1742815,14.57356,158.6714,351.8864,0.7263486,0.04201525,-0.6860395,0.4302701,0.01475555,-0.3277691,3.598477,-0.6557764,-3.724432,-0.579601,-0.4007998,1.915002,-0.9351028,-0.1365948,-0.3269943,-0.04086637,0.9581377,-0.2833763,0.3520133,-0.2516228,-0.9015393,static,-48.13794,31.89028,-16.83915,-11.82107,3.3224981126948676,-1.0612608885362782
05/04/2023 16:18:38.632945,1304,True,True,True,True,Eyes,2.355548,0.1342764,-2.238763,0.6853092,-0.3843663,-0.6185578,0.0,0.0,0.0,0.0,0.0,0.0,0.0,1.50616,-0.6988354,-2.864379,2.36748,0.1288106,-2.310843,-0.04584492,0.9742281,-0.1416212,0.1694741,15.09401,159.1783,351.8227,0.7261862,0.04195935,-0.6862146,0.4044539,0.01387022,-0.3081029,3.585138,-0.6733042,-3.738333,-0.5796002,-0.4007997,1.915001,-0.9383537,-0.1373291,-0.3172277,-0.04132456,0.9556834,-0.2914817,0.3431982,-0.2604036,-0.9024441,static,-47.93069,31.85645,-16.83913,-11.82107,3.3302818418371407,-1.0597437946443402
05/04/2023 16:18:38.652784,1305,True,True,True,True,Eyes,2.356421,0.1337479,-2.242691,0.6826763,-0.3854885,-0.620767,0.0,0.0,0.0,0.0,0.0,0.0,0.0,1.528636,-0.7234153,-2.855611,2.368798,0.1267514,-2.321054,-0.04560569,0.974167,-0.1466186,0.1655954,15.69746,159.5723,351.7937,0.7259905,0.04189183,-0.6864254,0.3801866,0.013038,-0.2896168,3.573808,-0.6936226,-3.7489,-0.5796006,-0.4007999,1.915001,-0.9409967,-0.1374139,-0.3092619,-0.04029636,0.9528462,-0.3007662,0.3360085,-0.2705578,-0.9021624,static,-47.71932,31.83976,-16.83914,-11.82108,3.337993277172461,-1.0585313650725956
05/04/2023 16:18:38.662468,1306,True,True,True,True,Eyes,2.357246,0.1331582,-2.246904,0.679898,-0.3865608,-0.6231447,0.0,0.0,0.0,0.0,0.0,0.0,0.0,1.55181,-0.7406672,-2.847955,2.369784,0.1248277,-2.331541,-0.0457356,0.9742612,-0.1504673,0.1615031,16.16569,160.0026,351.756,0.7257674,0.04181063,-0.6866657,0.3573754,0.01225572,-0.2722397,3.561955,-0.709492,-3.762081,-0.5796005,-0.4007998,1.915002,-0.9436502,-0.1377187,-0.3009289,-0.04051496,0.9505357,-0.3079618,0.3284558,-0.2784161,-0.9025529,static,-47.49391,31.81293,-16.83913,-11.82107,3.3463320449341474,-1.0570686376932696
05/04/2023 16:18:38.682771,1307,True,True,True,True,Eyes,2.358049,0.1325302,-2.25138,0.67707,-0.3877118,-0.6255044,0.0,0.0,0.0,0.0,0.0,0.0,0.0,1.571225,-0.7552881,-2.84247,2.370257,0.1229468,-2.342137,-0.04576114,0.974355,-0.1536262,0.1579157,16.55407,160.3845,351.7409,0.7255147,0.04171507,-0.6869377,0.3359329,0.01152038,-0.2559054,3.551049,-0.7230701,-3.775243,-0.5796003,-0.4007997,1.915002,-0.9459373,-0.1376951,-0.2936716,-0.04065521,0.9486098,-0.3138257,0.3217921,-0.2849202,-0.9029235,static,-47.26701,31.79224,-16.83913,-11.82107,3.3546454156301775,-1.0557149891258901
05/04/2023 16:18:38.702584,1308,True,True,True,True,Eyes,2.358776,0.131882,-2.25613,0.6742985,-0.3885442,-0.6279769,0.0,0.0,0.0,0.0,0.0,0.0,0.0,1.585574,-0.7613046,-2.842046,2.370566,0.1215045,-2.352978,-0.04645295,0.9744879,-0.1553894,0.1551436,16.76438,160.6784,351.6679,0.7252312,0.04160526,-0.6872428,0.3157769,0.01082916,-0.240551,3.543413,-0.7301463,-3.789267,-0.5796008,-0.4007999,1.915001,-0.9475453,-0.138751,-0.2879346,-0.04232031,0.9473925,-0.3172641,0.3168078,-0.2884366,-0.9035692,static,-47.03714,31.74606,-16.83915,-11.82108,3.363389034955677,-1.053869575313123
05/04/2023 16:18:38.722784,1309,True,True,True,True,Eyes,2.359455,0.1312138,-2.261132,0.6715528,-0.3892619,-0.6304697,0.0,0.0,0.0,0.0,0.0,0.0,0.0,1.596039,-0.7583297,-2.846113,2.370672,0.1205215,-2.363926,-0.04790008,0.9746932,-0.1557902,0.1529983,16.80037,160.9047,351.5274,0.7249162,0.04148221,-0.6875829,0.2968303,0.01017941,-0.226118,3.538532,-0.7307411,-3.804504,-0.5796004,-0.4007996,1.915002,-0.9485946,-0.141047,-0.2833281,-0.04570448,0.94687,-0.3183526,0.3131775,-0.289038,-0.9046422,static,-46.80727,31.69184,-16.83912,-11.82106,3.3722351280996694,-1.0518730330461579
05/04/2023 16:18:38.732505,1310,True,True,True,True,Eyes,2.360088,0.1305175,-2.266402,0.6688745,-0.3893723,-0.6332425,0.0,0.0,0.0,0.0,0.0,0.0,0.0,1.605728,-0.7491203,-2.85184,2.370228,0.1193547,-2.374934,-0.04977225,0.9750017,-0.1553376,0.1508798,16.73166,161.1332,351.356,0.7245669,0.04134611,-0.6879597,0.2790205,0.009568644,-0.2125509,3.533716,-0.7280038,-3.821337,-0.5796006,-0.4008,1.915001,-0.949516,-0.1439307,-0.2787532,-0.0501814,0.9467859,-0.3179282,0.3096792,-0.2878897,-0.9062109,static,-46.56749,31.58681,-16.83914,-11.82108,3.3820803943204334,-1.0488792760791252
05/04/2023 16:18:38.752747,1311,True,True,True,True,Eyes,2.360664,0.1297964,-2.271911,0.6662113,-0.3892708,-0.6361059,0.0,0.0,0.0,0.0,0.0,0.0,0.0,1.613866,-0.7266221,-2.862225,2.36984,0.1180097,-2.386378,-0.05215506,0.9755943,-0.1527129,0.1489113,16.4058,161.3678,351.1705,0.724182,0.04119726,-0.6883742,0.2622793,0.008994525,-0.1997979,3.530056,-0.717442,-3.842306,-0.579601,-0.4007999,1.915001,-0.9502108,-0.1472457,-0.2746244,-0.05628303,0.9479173,-0.3135045,0.3064834,-0.2824386,-0.9090086,static,-46.32426,31.46493,-16.83915,-11.82108,3.392262816874792,-1.0455541196918425
05/04/2023 16:18:38.773169,1312,True,True,True,True,Eyes,2.361226,0.1290506,-2.277643,0.6635324,-0.3887546,-0.639214,0.0,0.0,0.0,0.0,0.0,0.0,0.0,1.622598,-0.7016035,-2.872345,2.369114,0.1165445,-2.39774,-0.05430206,0.9763035,-0.1495143,0.146725,16.02208,161.6411,351.0273,0.7237605,0.04103604,-0.6888273,0.2465425,0.008454854,-0.18781,3.524989,-0.7056423,-3.86463,-0.5796005,-0.4007999,1.915001,-0.9510461,-0.1499056,-0.2702585,-0.06215558,0.9493935,-0.3078777,0.3027342,-0.2760078,-0.9122345,static,-46.06942,31.30696,-16.83914,-11.82108,3.40331710916172,-1.041501213407741
05/04/2023 16:18:38.782468,1313,True,True,True,True,Eyes,2.361718,0.1282762,-2.283598,0.6608952,-0.388121,-0.6423237,0.0,0.0,0.0,0.0,0.0,0.0,0.0,1.630274,-0.6796209,-2.882032,2.368348,0.1150799,-2.40904,-0.05638522,0.9768872,-0.1468428,0.1447389,15.69852,161.8838,350.8751,0.7233035,0.04086313,-0.6893176,0.23175,0.007947562,-0.1765414,3.520344,-0.6955504,-3.885382,-0.5796002,-0.4007999,1.915,-0.9517427,-0.1526717,-0.2662276,-0.06765626,0.9505158,-0.3032201,0.2993467,-0.2705755,-0.9149757,static,-45.81644,31.14227,-16.83913,-11.82108,3.4143910645201823,-1.0373298991823692
05/04/2023 16:18:38.802424,1314,True,True,True,True,Eyes,2.362118,0.1275336,-2.289789,0.6582848,-0.3873751,-0.6454468,0.0,0.0,0.0,0.0,0.0,0.0,0.0,1.635708,-0.6645125,-2.89088,2.367169,0.1134669,-2.420317,-0.05850357,0.9772009,-0.1454784,0.1431503,15.51994,162.0597,350.6832,0.7228106,0.04067891,-0.6898455,0.217845,0.007470708,-0.1659489,3.516544,-0.6896163,-3.902816,-0.5796004,-0.4007999,1.915001,-0.9521707,-0.15599,-0.2627512,-0.07268891,0.9508267,-0.3010729,0.2967952,-0.2675737,-0.9166881,static,-45.56418,30.97074,-16.83913,-11.82108,3.4255266558636044,-1.0330330742963678
05/04/2023 16:18:38.822355,1315,True,True,True,True,Eyes,2.362427,0.1268883,-2.296207,0.6557316,-0.3865023,-0.6485615,0.0,0.0,0.0,0.0,0.0,0.0,0.0,1.643147,-0.6573561,-2.896911,2.36587,0.1130876,-2.431874,-0.0604339,0.9773806,-0.1452935,0.1412961,15.48202,162.2525,350.4919,0.7222791,0.0404849,-0.6904134,0.2047743,0.007022466,-0.155992,3.511539,-0.6867773,-3.918973,-0.5796003,-0.4007999,1.915001,-0.9527662,-0.1591927,-0.2586389,-0.07707503,0.9504751,-0.3010924,0.2937615,-0.266936,-0.9178504,static,-45.31496,30.79231,-16.83914,-11.82108,3.4366423419465355,-1.028619475139689
05/04/2023 16:18:38.832687,1316,True,True,True,True,Eyes,2.362632,0.1262833,-2.302833,0.6531512,-0.3854986,-0.6517548,0.0,0.0,0.0,0.0,0.0,0.0,0.0,1.647738,-0.6480702,-2.905051,2.364006,0.1149086,-2.443896,-0.06251831,0.9776031,-0.1443327,0.1398267,15.35013,162.4091,350.2927,0.7217095,0.04028539,-0.6910207,0.1924878,0.006601118,-0.1466324,3.507328,-0.6787496,-3.936118,-0.5796002,-0.4007999,1.915001,-0.9530799,-0.1625994,-0.2553431,-0.08187308,0.950519,-0.2996837,0.2914369,-0.2647168,-0.9192331,static,-45.06131,30.60338,-16.83913,-11.82108,3.448049017618532,-1.0239896711861105
05/04/2023 16:18:38.852961,1317,True,True,True,True,Eyes,2.362755,0.1256974,-2.309675,0.6506327,-0.3843433,-0.6549484,0.0,0.0,0.0,0.0,0.0,0.0,0.0,1.64856,-0.6253176,-2.91762,2.362077,0.1155109,-2.455306,-0.06415743,0.9781798,-0.1407044,0.138747,14.9197,162.5668,350.1947,0.7210998,0.04008179,-0.6916689,0.1809385,0.006205051,-0.1378345,3.503628,-0.6637866,-3.956427,-0.5796007,-0.4007998,1.915001,-0.9532663,-0.1645596,-0.2533845,-0.08647034,0.9521722,-0.2930717,0.2894934,-0.2574651,-0.9219033,static,-44.81061,30.40569,-16.83914,-11.82107,3.4594626875639087,-1.0192077477455341
05/04/2023 16:18:38.862390,1318,True,True,True,True,Eyes,2.365391,0.113794,-2.484917,0.5759476,-0.3603017,-0.7338032,0.0,0.0,0.0,0.0,0.0,0.0,0.0,1.652609,-0.6082798,-2.927427,2.360135,0.1152447,-2.467272,-0.06634846,0.9785216,-0.1387816,0.1372336,14.67828,162.7423,350.0026,0.7204517,0.03987567,-0.692356,0.1700822,0.005832748,-0.1295644,3.499159,-0.6544948,-3.975227,-0.5796005,-0.4008,1.915001,-0.9535297,-0.1679378,-0.2501562,-0.09175577,0.9526751,-0.2898121,0.286988,-0.2533911,-0.9238132,static,-38.12767,26.15131,-16.83914,-11.82108,3.7507756351202635,-0.9108232286079552
05/04/2023 16:18:38.882570,1319,True,True,True,True,Eyes,2.365308,0.1139017,-2.485393,0.5759771,-0.3601997,-0.7338301,0.0,0.0,0.0,0.0,0.0,0.0,0.0,1.651787,-0.5976146,-2.938397,2.358406,0.116804,-2.478709,-0.06880479,0.978564,-0.1377902,0.1367202,14.52836,162.7822,349.745,0.7165627,0.03902818,-0.6964282,0.1677873,-0.03022723,-0.6475171,3.498446,-0.6454905,-3.989676,-0.5796007,-0.4007999,1.915001,-0.953147,-0.1723372,-0.2486175,-0.09698235,0.9525595,-0.2884871,0.28654,-0.2508591,-0.9246429,static,-38.12808,26.14406,-16.83914,-11.82108,3.750853494541348,-0.9106886930849347
05/04/2023 16:18:38.902340,1320,True,True,True,True,Eyes,2.36552,0.1141628,-2.486231,0.5746264,-0.3614753,-0.7342616,0.0,0.0,0.0,0.0,0.0,0.0,0.0,1.647491,-0.5947497,-2.949854,2.356287,0.1198393,-2.490611,-0.07101423,0.9784124,-0.137669,0.1367973,14.47544,162.743,349.4893,0.7132811,0.03832066,-0.6998281,0.1577201,-0.0284136,-0.6086661,3.499016,-0.6380351,-4.00177,-0.5796004,-0.4007999,1.915001,-0.9524869,-0.1766279,-0.2481354,-0.1012969,0.9520084,-0.2888232,0.2872413,-0.249965,-0.9246674,static,-38.04641,26.21091,-16.83914,-11.82108,3.7528988410746598,-0.911598031457127
05/04/2023 16:18:38.918291,1321,True,True,True,True,Eyes,2.365626,0.1145274,-2.487527,0.5733524,-0.3626962,-0.7346554,0.0,0.0,0.0,0.0,0.0,0.0,0.0,1.643835,-0.5928847,-2.960869,2.354367,0.1222052,-2.502493,-0.07232154,0.9783924,-0.1372168,0.1367098,14.40235,162.7415,349.3479,0.7105067,0.03773369,-0.7026766,0.1482569,-0.02670878,-0.5721461,3.498215,-0.6318577,-4.014712,-0.5796003,-0.4008,1.915001,-0.95216,-0.1790355,-0.2476642,-0.1039999,0.9518822,-0.2882779,0.2873591,-0.2487297,-0.9249639,static,-37.9698,26.27536,-16.83913,-11.82108,3.7547952646369493,-0.9124837710493156
05/04/2023 16:18:38.932613,1322,True,True,True,True,Eyes,2.365532,0.1149438,-2.489276,0.5720619,-0.3640533,-0.73499,0.0,0.0,0.0,0.0,0.0,0.0,0.0,1.638283,-0.5998874,-2.971269,2.352002,0.1249202,-2.514906,-0.07285395,0.9782621,-0.1376825,0.1368913,14.44397,162.7052,349.2737,0.7081482,0.03725019,-0.7050794,0.1393614,-0.02510626,-0.5378174,3.497064,-0.6296294,-4.025964,-0.5796006,-0.4007997,1.915001,-0.9519063,-0.1802356,-0.2477696,-0.1048455,0.9514716,-0.2893254,0.2878925,-0.2494331,-0.9246088,static,-37.89455,26.35001,-16.83914,-11.82107,3.756513435770721,-0.9135670232403796
05/04/2023 16:18:38.952559,1323,True,True,True,True,Eyes,2.365361,0.1154054,-2.491434,0.5707729,-0.3653875,-0.73533,0.0,0.0,0.0,0.0,0.0,0.0,0.0,1.633635,-0.6071564,-2.980826,2.349904,0.1272042,-2.526757,-0.07297826,0.9781964,-0.1380277,0.1369465,14.48036,162.6914,349.2512,0.7061254,0.03685451,-0.7071258,0.1309998,-0.02359988,-0.5055483,3.495311,-0.6282335,-4.037107,-0.5796005,-0.4008002,1.915,-0.9518396,-0.180579,-0.2477751,-0.1049693,0.9512451,-0.2900247,0.2880672,-0.2500482,-0.9243879,static,-37.81909,26.42291,-16.83914,-11.82109,3.7582613616390104,-0.9146164876750017
05/04/2023 16:18:38.962467,1324,True,True,True,True,Eyes,2.365093,0.1159016,-2.49398,0.5694592,-0.3667972,-0.7356467,0.0,0.0,0.0,0.0,0.0,0.0,0.0,1.635321,-0.6109185,-2.987864,2.347856,0.1288904,-2.538855,-0.07377662,0.9782047,-0.1384886,0.1359915,14.52926,162.7852,349.1629,0.7043465,0.03652748,-0.7089148,0.1231398,-0.02218389,-0.4752154,3.49109,-0.6271076,-4.050572,-0.5796003,-0.4007998,1.915001,-0.9521267,-0.1820038,-0.2456205,-0.1066707,0.9507558,-0.2910063,0.2864894,-0.2508743,-0.9246545,static,-37.74322,26.50108,-16.83913,-11.82108,3.759956664175844,-0.9157632694312371
05/04/2023 16:18:38.982474,1325,True,True,True,True,Eyes,2.364763,0.1163965,-2.496879,0.5681203,-0.3682325,-0.7359648,0.0,0.0,0.0,0.0,0.0,0.0,0.0,1.640224,-0.6183527,-2.992111,2.346175,0.1302903,-2.550276,-0.07470522,0.9781201,-0.1398655,0.1346772,14.68403,162.9048,349.046,0.7027012,0.03624581,-0.7105603,0.1157514,-0.02085286,-0.4467025,3.486301,-0.6292458,-4.062566,-0.5796005,-0.4007997,1.915001,-0.9525625,-0.1838147,-0.2425637,-0.108468,0.9497135,-0.2937326,0.2843584,-0.2534882,-0.9245996,static,-37.66597,26.58063,-16.83913,-11.82107,3.7616833357876382,-0.9169301236392838
05/04/2023 16:18:39.002631,1326,True,True,True,True,Eyes,2.364352,0.1168812,-2.500119,0.5667029,-0.3699093,-0.7362166,0.0,0.0,0.0,0.0,0.0,0.0,0.0,1.645827,-0.6259054,-2.995778,2.34436,0.1307638,-2.561651,-0.07530262,0.9780846,-0.1412095,0.133192,14.84294,163.0498,348.9711,0.7011704,0.03600473,-0.712083,0.1088063,-0.01960168,-0.4199003,3.480458,-0.632893,-4.074897,-0.5796006,-0.4007998,1.915002,-0.9531791,-0.1849206,-0.2392791,-0.1096887,0.9487787,-0.2962891,0.2818129,-0.2561703,-0.9246398,static,-37.58729,26.67707,-16.83913,-11.82107,3.763245467607978,-0.918408380286006
05/04/2023 16:18:39.022332,1327,True,True,True,True,Eyes,2.363895,0.1173722,-2.50369,0.5652753,-0.3715308,-0.7364976,0.0,0.0,0.0,0.0,0.0,0.0,0.0,1.648439,-0.6357846,-3.000903,2.343266,0.1313098,-2.572712,-0.07530877,0.9780259,-0.1424569,0.132289,14.9946,163.1362,348.9585,0.6997373,0.03579965,-0.7135018,0.1022779,-0.01842558,-0.3947063,3.476562,-0.6369153,-4.085747,-0.5796009,-0.4008,1.915002,-0.9536568,-0.1849988,-0.2373075,-0.1096169,0.9480692,-0.2985781,0.2802205,-0.258728,-0.9244117,static,-37.50689,26.76894,-16.83915,-11.82108,3.7649268663097706,-0.9197934211920004
05/04/2023 16:18:39.032878,1328,True,True,True,True,Eyes,2.363366,0.1178317,-2.507578,0.563743,-0.3731438,-0.7368566,0.0,0.0,0.0,0.0,0.0,0.0,0.0,1.648787,-0.6412601,-3.008233,2.341731,0.1319489,-2.584194,-0.07498313,0.9781299,-0.1425846,0.1315649,15.02273,163.2245,349.005,0.6983865,0.03562697,-0.7148327,0.09614126,-0.01732005,-0.3710239,3.472325,-0.6376545,-4.09855,-0.5796007,-0.4007998,1.915002,-0.9541366,-0.1842047,-0.2359923,-0.1091682,0.9480944,-0.2986628,0.278758,-0.2592022,-0.9247208,static,-37.41833,26.85763,-16.83914,-11.82107,3.7669382856835494,-0.9210839925883941
05/04/2023 16:18:39.052663,1329,True,True,True,True,Eyes,2.362812,0.1182624,-2.511769,0.5621709,-0.37468,-0.737278,0.0,0.0,0.0,0.0,0.0,0.0,0.0,1.651331,-0.6390796,-3.016052,2.340579,0.131921,-2.595414,-0.07347333,0.978683,-0.1407202,0.1303052,14.85021,163.4255,349.2383,0.6971049,0.03548236,-0.7160898,0.09037278,-0.01628084,-0.3487625,3.465211,-0.6348687,-4.115625,-0.5796003,-0.4007998,1.915001,-0.9552446,-0.1804873,-0.2343766,-0.107141,0.949599,-0.2945887,0.2757333,-0.2562928,-0.9264369,static,-37.32534,26.93939,-16.83913,-11.82107,3.7691951932120635,-0.9222254647328485
05/04/2023 16:18:39.062398,1330,True,True,True,True,Eyes,2.362252,0.1186862,-2.516241,0.5604756,-0.3762437,-0.7377722,0.0,0.0,0.0,0.0,0.0,0.0,0.0,1.653206,-0.640751,-3.023624,2.339469,0.1316744,-2.606818,-0.07222951,0.9790568,-0.139741,0.1292406,14.77115,163.5849,349.4192,0.6958816,0.03536204,-0.7172846,0.08495041,-0.01530399,-0.3278367,3.459152,-0.6346263,-4.130925,-0.5796002,-0.4007998,1.915001,-0.9561594,-0.177554,-0.2328809,-0.1053131,0.9505107,-0.2922988,0.2732546,-0.2549588,-0.9275385,static,-37.22345,27.02034,-16.83913,-11.82108,3.771778167346037,-0.9233138700827656
05/04/2023 16:18:39.082445,1331,True,True,True,True,Eyes,2.361689,0.1190896,-2.52098,0.5587891,-0.3776984,-0.738308,0.0,0.0,0.0,0.0,0.0,0.0,0.0,1.653165,-0.6406085,-3.032706,2.338614,0.1319498,-2.618035,-0.07047614,0.9795405,-0.1379601,0.1284562,14.60589,163.7305,349.6706,0.6947061,0.03526308,-0.718428,0.07985339,-0.01438576,-0.3081665,3.453622,-0.6319476,-4.146769,-0.579601,-0.4007999,1.915002,-0.9570646,-0.1735121,-0.2322103,-0.1026248,0.9520003,-0.2883812,0.2711018,-0.2521688,-0.9289323,static,-37.12029,27.09306,-16.83915,-11.82108,3.7745110923696785,-0.924242175727983
05/04/2023 16:18:39.102417,1332,True,True,True,True,Eyes,2.361103,0.1194595,-2.525975,0.5574821,-0.3787127,-0.7387764,0.0,0.0,0.0,0.0,0.0,0.0,0.0,1.650867,-0.6409004,-3.042989,2.337965,0.1319546,-2.629146,-0.06887823,0.9799255,-0.1363636,0.1280889,14.45427,163.821,349.8935,0.6935704,0.03518261,-0.7195284,0.07506219,-0.01352261,-0.2896765,3.449856,-0.6296465,-4.161291,-0.5796,-0.4007999,1.915001,-0.957698,-0.1699244,-0.2322502,-0.1000577,0.9533215,-0.2848974,0.2698202,-0.2496073,-0.9299963,static,-37.03828,27.14065,-16.83913,-11.82108,3.776813979311987,-0.9247880368870672
05/04/2023 16:18:39.122743,1333,True,True,True,True,Eyes,2.360528,0.1198111,-2.5312,0.5562128,-0.3798203,-0.7391642,0.0,0.0,0.0,0.0,0.0,0.0,0.0,1.646526,-0.646421,-3.05325,2.337453,0.1315423,-2.640123,-0.06795015,0.9800003,-0.1361747,0.1282142,14.44663,163.8224,350.0034,0.6924663,0.03511759,-0.7205942,0.07055845,-0.01271125,-0.2722959,3.448707,-0.6310109,-4.172256,-0.5796,-0.4007998,1.915001,-0.9578879,-0.1681014,-0.2327937,-0.09826327,0.9536785,-0.2843267,0.2698061,-0.249478,-0.9300354,static,-36.96105,27.19641,-16.83912,-11.82107,3.778843156830049,-0.9255077938024175
05/04/2023 16:18:39.132585,1334,True,True,True,True,Eyes,2.35998,0.1201729,-2.536625,0.5553318,-0.3805818,-0.739435,0.0,0.0,0.0,0.0,0.0,0.0,0.0,1.643916,-0.6633136,-3.060147,2.33712,0.1314751,-2.650949,-0.06738199,0.979744,-0.1382074,0.1282971,14.68626,163.791,350.0287,0.691388,0.03506579,-0.7216313,0.06632494,-0.01194858,-0.2559582,3.448174,-0.6387944,-4.179362,-0.5796001,-0.4007998,1.915001,-0.9579991,-0.1674974,-0.2327712,-0.09657097,0.9527168,-0.2881055,0.270022,-0.2535259,-0.9288771,static,-36.90735,27.23455,-16.83913,-11.82108,3.7802621429849332,-0.925996391561208
05/04/2023 16:18:39.152599,1335,True,True,True,True,Eyes,2.359434,0.1205249,-2.542241,0.5544788,-0.3814813,-0.7396116,0.0,0.0,0.0,0.0,0.0,0.0,0.0,1.641749,-0.6830551,-3.065584,2.336532,0.1319798,-2.661374,-0.06711596,0.9793748,-0.1408628,0.1283673,14.99199,163.7473,350.0066,0.6903303,0.03502597,-0.7226452,0.06234545,-0.01123166,-0.2406007,3.447721,-0.6475265,-4.185,-0.5796,-0.4007998,1.915001,-0.9580345,-0.1676277,-0.2325311,-0.09529898,0.9513062,-0.2931459,0.2703477,-0.2586839,-0.9273589,static,-36.8585,27.28405,-16.83912,-11.82108,3.781364278201221,-0.9267191453612406
05/04/2023 16:18:39.172549,1336,True,True,True,True,Eyes,2.358923,0.1208706,-2.548053,0.5538732,-0.3822516,-0.7396677,0.0,0.0,0.0,0.0,0.0,0.0,0.0,1.644313,-0.702311,-3.070439,2.33921,0.1331772,-2.671134,-0.06712363,0.9789897,-0.143613,0.1282538,15.30597,163.7194,349.9532,0.6892888,0.03499653,-0.7236401,0.05860472,-0.01055776,-0.2261646,3.450243,-0.6554617,-4.190166,-0.5796004,-0.4008,1.915,-0.9580909,-0.1682645,-0.2318386,-0.09458886,0.9497394,-0.298409,0.2703979,-0.2639736,-0.9258527,static,-36.82637,27.3294,-16.83914,-11.82109,3.7819261365911445,-0.9274349816864674
05/04/2023 16:18:39.182676,1337,True,True,True,True,Eyes,2.358518,0.1212797,-2.554021,0.553253,-0.3832559,-0.7396121,0.0,0.0,0.0,0.0,0.0,0.0,0.0,1.648414,-0.7261253,-3.071949,2.339174,0.1333289,-2.68177,-0.06751294,0.9784615,-0.1475988,0.1275534,15.76048,163.7356,349.8397,0.6882597,0.03497605,-0.7246199,0.05508843,-0.009924298,-0.2125948,3.448664,-0.6681005,-4.195225,-0.5796001,-0.4007997,1.915001,-0.9583443,-0.1697711,-0.2296824,-0.09446415,0.9473132,-0.3060625,0.2695417,-0.2716165,-0.9238895,static,-36.79764,27.39251,-16.83913,-11.82107,3.782141014078321,-0.9284991101761109
05/04/2023 16:18:39.202595,1338,True,True,True,True,Eyes,2.358131,0.1217035,-2.56012,0.5528029,-0.3840845,-0.7395188,0.0,0.0,0.0,0.0,0.0,0.0,0.0,1.654345,-0.749634,-3.07142,2.339056,0.1341762,-2.691326,-0.06783436,0.9779734,-0.151454,0.1266032,16.20411,163.7833,349.7406,0.6872414,0.03496525,-0.7255862,0.05178313,-0.00932884,-0.1998391,3.446109,-0.679819,-4.199853,-0.5796009,-0.4007999,1.915001,-0.9587405,-0.1710295,-0.2270815,-0.09433127,0.9449204,-0.3134121,0.2681767,-0.2790599,-0.9220668,static,-36.77874,27.44605,-16.83915,-11.82108,3.7821291299044892,-0.9294251460483042
05/04/2023 16:18:39.220399,1339,True,True,True,True,Eyes,2.357728,0.1221414,-2.566374,0.5523228,-0.3850213,-0.7393903,0.0,0.0,0.0,0.0,0.0,0.0,0.0,1.654656,-0.7713351,-3.073799,2.337962,0.1350277,-2.701255,-0.0672274,0.9776356,-0.1541959,0.1262252,16.53036,163.7952,349.763,0.6862316,0.03496345,-0.7265415,0.04867614,-0.00876911,-0.1878487,3.44327,-0.6892033,-4.205498,-0.5796009,-0.4007998,1.915002,-0.9590957,-0.1703746,-0.2260721,-0.09252097,0.9434081,-0.3184665,0.2675369,-0.2845233,-0.9205819,static,-36.75964,27.50726,-16.83914,-11.82107,3.7820265830898063,-0.9304945050949748
05/04/2023 16:18:39.242485,1340,True,True,True,True,Eyes,2.357284,0.1226086,-2.572796,0.5519596,-0.3856573,-0.7393301,0.0,0.0,0.0,0.0,0.0,0.0,0.0,1.652209,-0.7892833,-3.078793,2.337199,0.1358583,-2.711231,-0.06537578,0.9775915,-0.1553696,0.1261001,16.69567,163.8228,349.9588,0.6852267,0.03497004,-0.7274889,0.04575557,-0.008242963,-0.1765778,3.439982,-0.6955255,-4.213387,-0.5796005,-0.4007999,1.915001,-0.9596497,-0.1670058,-0.2262339,-0.08863739,0.9431726,-0.3202637,0.2668635,-0.2872881,-0.9199182,static,-36.74381,27.54793,-16.83914,-11.82108,3.782069819987957,-0.9311916757346225
05/04/2023 16:18:39.252629,1341,True,True,True,True,Eyes,2.35685,0.1231,-2.579342,0.5515445,-0.386273,-0.7393184,0.0,0.0,0.0,0.0,0.0,0.0,0.0,1.649445,-0.7945395,-3.087427,2.336406,0.1371459,-2.7215,-0.062782,0.9780621,-0.1537653,0.1257349,16.55862,163.9344,350.3015,0.6842237,0.03498488,-0.7284318,0.04301024,-0.007748385,-0.1659831,3.43481,-0.6937177,-4.227149,-0.5796008,-0.4008,1.915001,-0.9604985,-0.1614767,-0.2266456,-0.08414206,0.9448293,-0.3165718,0.2652604,-0.2849962,-0.9210941,static,-36.72359,27.5858,-16.83915,-11.82109,3.7823044870580755,-0.931817549099945
05/04/2023 16:18:39.262606,1342,True,True,True,True,Eyes,2.356477,0.1236018,-2.585999,0.5510798,-0.3866462,-0.73947,0.0,0.0,0.0,0.0,0.0,0.0,0.0,1.649624,-0.7992138,-3.094438,2.336241,0.1382353,-2.731011,-0.06142266,0.9783325,-0.1530318,0.1251956,16.50221,164.0322,350.4847,0.6832207,0.03500772,-0.7293715,0.04042963,-0.007283482,-0.1560242,3.431222,-0.6928607,-4.239024,-0.5796002,-0.4007997,1.915,-0.9611065,-0.1585014,-0.2261667,-0.08186573,0.945617,-0.3148117,0.2637652,-0.2840523,-0.9218144,static,-36.69481,27.60369,-16.83913,-11.82108,3.7830974898824516,-0.9320314614292573
05/04/2023 16:18:39.282696,1343,True,True,True,True,Eyes,2.356104,0.1240752,-2.592789,0.5506088,-0.386853,-0.7397126,0.0,0.0,0.0,0.0,0.0,0.0,0.0,1.648808,-0.7907984,-3.105489,2.336231,0.1387768,-2.740575,-0.06021179,0.9789086,-0.1502234,0.1246815,16.20623,164.1545,350.6902,0.6822166,0.03503791,-0.7303092,0.03800385,-0.006846473,-0.1466627,3.427944,-0.6854578,-4.254711,-0.5796004,-0.4007999,1.915001,-0.9616582,-0.1553438,-0.2260131,-0.08042352,0.9476149,-0.3091246,0.2621939,-0.2790955,-0.923775,static,-36.66234,27.60855,-16.83914,-11.82108,3.7841874756423906,-0.931984758715179
05/04/2023 16:18:39.302425,1344,True,True,True,True,Eyes,2.35575,0.1245212,-2.599698,0.5501835,-0.3868703,-0.74002,0.0,0.0,0.0,0.0,0.0,0.0,0.0,1.646167,-0.7822273,-3.117549,2.335855,0.1387091,-2.750527,-0.05950157,0.9793544,-0.1477774,0.1244439,15.94078,164.2294,350.8246,0.6812107,0.03507377,-0.7312459,0.03572362,-0.006435684,-0.137863,3.425828,-0.6788223,-4.269542,-0.5796006,-0.4007999,1.915001,-0.9619466,-0.1533262,-0.2261634,-0.07976627,0.9492428,-0.3042622,0.2613354,-0.2746437,-0.9253511,static,-36.62973,27.59983,-16.83914,-11.82108,3.7854555120296807,-0.9316821965169416
05/04/2023 16:18:39.322630,1345,True,True,True,True,Eyes,2.355394,0.1249256,-2.606729,0.5497755,-0.3868427,-0.7403375,0.0,0.0,0.0,0.0,0.0,0.0,0.0,1.644892,-0.7768259,-3.128096,2.33576,0.1382667,-2.760293,-0.05874359,0.9797199,-0.1459562,0.124077,15.74848,164.3107,350.9541,0.6802015,0.03511381,-0.7321829,0.0335802,-0.006049543,-0.1295912,3.423548,-0.6747427,-4.283297,-0.5796006,-0.4007997,1.915002,-0.9623085,-0.1513242,-0.2259735,-0.0788849,0.9504919,-0.3005699,0.2602695,-0.2714149,-0.9266037,static,-36.59763,27.58806,-16.83913,-11.82107,3.7867443290674876,-0.9313244716772859
05/04/2023 16:18:39.333317,1346,True,True,True,True,Eyes,2.355067,0.1252843,-2.61387,0.5494478,-0.3867966,-0.7406049,0.0,0.0,0.0,0.0,0.0,0.0,0.0,1.641011,-0.7756859,-3.138879,2.335358,0.1376686,-2.770254,-0.05850536,0.979839,-0.1451639,0.1241782,15.66095,164.3136,350.9954,0.6791882,0.03515632,-0.7331209,0.03156539,-0.00568657,-0.1218157,3.42316,-0.6730914,-4.294447,-0.5796007,-0.4007997,1.915002,-0.9623141,-0.1507041,-0.2263635,-0.07859927,0.9510091,-0.2990048,0.260335,-0.2699444,-0.9270146,static,-36.57137,27.57677,-16.83913,-11.82107,3.7878198442582414,-0.9310006000401653
05/04/2023 16:18:39.352797,1347,True,True,True,True,Eyes,2.354729,0.1255904,-2.621139,0.549094,-0.3867532,-0.7408898,0.0,0.0,0.0,0.0,0.0,0.0,0.0,1.640877,-0.7753441,-3.147434,2.334907,0.1367734,-2.780194,-0.05920552,0.9798257,-0.1452649,0.1238321,15.66459,164.3421,350.9172,0.6781701,0.03519963,-0.7340608,0.02967146,-0.005345376,-0.1145068,3.4224,-0.6732634,-4.304991,-0.5796006,-0.4008002,1.915,-0.9623206,-0.1519991,-0.2254668,-0.08004525,0.9507856,-0.2993317,0.2598688,-0.2700055,-0.9271274,static,-36.54317,27.56509,-16.83915,-11.82109,3.7889691550182127,-0.9306611490212168
05/04/2023 16:18:39.372833,1348,True,True,True,True,Eyes,2.35438,0.1258314,-2.628521,0.5488027,-0.3867088,-0.7411287,0.0,0.0,0.0,0.0,0.0,0.0,0.0,1.644799,-0.7751569,-3.154094,2.33434,0.1358046,-2.790511,-0.06018142,0.979827,-0.1456657,0.1228767,15.70382,164.4342,350.8109,0.6771457,0.03524207,-0.7350039,0.02789118,-0.005024653,-0.1076363,3.419859,-0.6743027,-4.316676,-0.5796005,-0.4007999,1.915001,-0.9625591,-0.1537326,-0.2232631,-0.08213693,0.9503194,-0.3002441,0.2583285,-0.2706646,-0.9273658,static,-36.51979,27.55481,-16.83914,-11.82108,3.789929624319127,-0.9303685076576959
05/04/2023 16:18:39.382443,1349,True,True,True,True,Eyes,2.354014,0.1260072,-2.636024,0.5484222,-0.3866943,-0.741418,0.0,0.0,0.0,0.0,0.0,0.0,0.0,1.658125,-0.7732624,-3.155914,2.33362,0.1344053,-2.800581,-0.06326381,0.9796299,-0.1474653,0.120735,15.88138,164.613,350.451,0.6761143,0.03528177,-0.7359509,0.0262177,-0.004723174,-0.1011782,3.415817,-0.677308,-4.328251,-0.5796007,-0.4007996,1.915002,-0.9628417,-0.1595587,-0.2178929,-0.08834178,0.9485033,-0.3041993,0.2552098,-0.2736467,-0.9273544,static,-36.4901,27.54476,-16.83913,-11.82106,3.7911110202175964,-0.9300533606586
05/04/2023 16:18:39.402317,1350,True,True,True,True,Eyes,2.353634,0.1261151,-2.643638,0.5479765,-0.3866975,-0.7417458,0.0,0.0,0.0,0.0,0.0,0.0,0.0,1.674633,-0.7703141,-3.156504,2.332889,0.1329783,-2.810915,-0.06629009,0.979501,-0.1491315,0.1180815,16.05104,164.854,350.1088,0.6750748,0.0353171,-0.736903,0.0,0.0,0.0,3.41001,-0.6802753,-4.341351,-0.5796005,-0.4007996,1.915002,-0.9633248,-0.1650818,-0.2115501,-0.09464307,0.9467309,-0.3078041,0.2510939,-0.2764936,-0.9276332,static,-36.45572,27.53457,-16.83913,-11.82107,3.7924605862725977,-0.9297156410502055
05/04/2023 16:18:39.422489,1351,True,True,True,True,Eyes,2.353275,0.126155,-2.651358,0.5473375,-0.3867432,-0.7421936,0.0,0.0,0.0,0.0,0.0,0.0,0.0,1.699764,-0.764895,-3.153083,2.3325,0.1314524,-2.821057,-0.0699546,0.9794072,-0.1510633,0.1142272,16.25565,165.2215,349.707,0.6740264,0.03534648,-0.7378607,0.0,0.0,0.0,3.401346,-0.683762,-4.356244,-0.5796008,-0.4008,1.915001,-0.9641172,-0.1715391,-0.2026147,-0.102517,0.9445724,-0.3118865,0.244885,-0.2799236,-0.9282641,static,-36.40726,27.52318,-16.83915,-11.82108,3.794324959054183,-0.9292954993800444
05/04/2023 16:18:39.432884,1352,True,True,True,True,Eyes,2.352952,0.1261228,-2.65917,0.5465653,-0.3868833,-0.7426895,0.0,0.0,0.0,0.0,0.0,0.0,0.0,1.728618,-0.7589571,-3.148003,2.332698,0.1298286,-2.831204,-0.07307282,0.9794322,-0.1526892,0.1098143,16.44223,165.6674,349.3851,0.6729699,0.03536849,-0.7388233,0.0,0.0,0.0,3.390731,-0.6876401,-4.372671,-0.5796007,-0.4007996,1.915002,-0.9652026,-0.1766747,-0.1927964,-0.1096048,0.9426927,-0.3151463,0.2374262,-0.2830485,-0.9292538,static,-36.35036,27.516,-16.83913,-11.82107,3.796435096743936,-0.9289186080494443
05/04/2023 16:18:39.452703,1353,True,True,True,True,Eyes,2.352657,0.1260209,-2.667082,0.5455882,-0.3870813,-0.7433046,0.0,0.0,0.0,0.0,0.0,0.0,0.0,1.757343,-0.7516128,-3.142873,2.332846,0.1279714,-2.841176,-0.0757823,0.9795306,-0.1538824,0.1053432,16.58866,166.1328,349.1208,0.6719049,0.03538176,-0.7397915,0.0,0.0,0.0,3.379304,-0.6911336,-4.389658,-0.5796008,-0.4008,1.915001,-0.9663199,-0.1808831,-0.1830507,-0.1160412,0.9411545,-0.3174313,0.2296969,-0.2854987,-0.9304461,static,-36.2788,27.50858,-16.83915,-11.82108,3.799068381974314,-0.9284748737920788
05/04/2023 16:18:39.463462,1354,True,True,True,True,Eyes,2.352359,0.125842,-2.675087,0.5444571,-0.3874556,-0.7439386,0.0,0.0,0.0,0.0,0.0,0.0,0.0,1.785036,-0.7481379,-3.137589,2.333247,0.126191,-2.851413,-0.0775862,0.9796568,-0.155087,0.101001,16.74971,166.5974,348.9616,0.6708309,0.03538515,-0.7407653,0.0,0.0,0.0,3.367465,-0.6961244,-4.406404,-0.5796001,-0.4007998,1.915002,-0.9675584,-0.1833435,-0.1738273,-0.1206878,0.9398568,-0.3195366,0.2219577,-0.2881914,-0.9314938,static,-36.19881,27.51125,-16.83912,-11.82107,3.8018721338068246,-0.9281849591723752
05/04/2023 16:18:39.482317,1355,True,True,True,True,Eyes,2.352117,0.125582,-2.683166,0.5430564,-0.3878683,-0.7447469,0.0,0.0,0.0,0.0,0.0,0.0,0.0,1.814814,-0.7436389,-3.130995,2.333846,0.1243623,-2.861359,-0.07778597,0.9801189,-0.1551431,0.09616108,16.80752,167.1662,349.0208,0.6697488,0.03537742,-0.7417442,0.0,0.0,0.0,3.352063,-0.7003594,-4.425607,-0.5796005,-0.4007999,1.915001,-0.9694048,-0.1823165,-0.1643627,-0.1226415,0.9397599,-0.3190773,0.2126345,-0.2891574,-0.9333676,static,-36.09888,27.51075,-16.83913,-11.82108,3.8054236945419655,-0.9277506766156279
05/04/2023 16:18:39.502455,1356,True,True,True,True,Eyes,2.351921,0.1252782,-2.691326,0.5415886,-0.3883442,-0.7455673,0.0,0.0,0.0,0.0,0.0,0.0,0.0,1.842769,-0.7403705,-3.125129,2.334989,0.122185,-2.871109,-0.07691922,0.9806975,-0.1546975,0.09156857,16.81821,167.7318,349.2102,0.668659,0.03535735,-0.7427277,0.0,0.0,0.0,3.336637,-0.7049033,-4.444778,-0.5796008,-0.4007997,1.915002,-0.9713976,-0.1791998,-0.1558037,-0.1225381,0.9403043,-0.3175096,0.2034005,-0.289336,-0.9353681,static,-35.99508,27.51369,-16.83914,-11.82107,3.809068705639196,-0.9273646014547724
05/04/2023 16:18:39.522949,1357,True,True,True,True,Eyes,2.351774,0.1249594,-2.699582,0.5398405,-0.3888337,-0.7465793,0.0,0.0,0.0,0.0,0.0,0.0,0.0,1.867176,-0.7388233,-3.120816,2.33585,0.1208046,-2.88113,-0.07514311,0.9813767,-0.1536731,0.08739512,16.76746,168.2716,349.5085,0.6675622,0.0353249,-0.7437153,0.0,0.0,0.0,3.321115,-0.7079417,-4.464241,-0.5796005,-0.4007998,1.915001,-0.9734313,-0.1743479,-0.1484401,-0.1206268,0.9414762,-0.3147567,0.19463,-0.2884881,-0.9374934,static,-35.87014,27.51142,-16.83914,-11.82107,3.8135300985149354,-0.926790710151403
05/04/2023 16:18:39.532858,1358,True,True,True,True,Eyes,2.351659,0.1246168,-2.707921,0.5380893,-0.3893162,-0.7475914,0.0,0.0,0.0,0.0,0.0,0.0,0.0,1.891607,-0.7386005,-3.116621,2.33694,0.1200325,-2.891598,-0.07267696,0.9821476,-0.1522653,0.08318353,16.67861,168.8325,349.8938,0.6664593,0.03528083,-0.7447059,0.0,0.0,0.0,3.304749,-0.7101334,-4.4847,-0.5796002,-0.4007998,1.915001,-0.9755973,-0.1680909,-0.1412647,-0.1174271,0.9430667,-0.3111849,0.1855294,-0.2870028,-0.9397917,moving,-35.74498,27.50873,-16.83913,-11.82108,3.8180046493775777,-0.9262079886784121
05/04/2023 16:18:39.552453,1359,True,True,True,True,Eyes,2.351597,0.1242486,-2.71634,0.536058,-0.3897932,-0.7488011,0.0,0.0,0.0,0.0,0.0,0.0,0.0,1.918005,-0.7341399,-3.1116,2.337688,0.1193785,-2.901848,-0.07079127,0.9829181,-0.1505835,0.07864635,16.55213,169.4245,350.2186,0.6653501,0.03522561,-0.7456996,0.0,0.0,0.0,3.286358,-0.7081046,-4.507417,-0.5786709,-0.3980507,1.915529,-0.9776067,-0.1628497,-0.1332858,-0.1154784,0.9446264,-0.3071575,0.1759258,-0.2848876,-0.9422788,moving,-35.59844,27.49952,-16.80928,-11.73911,3.8233207930347355,-0.9254118064633946
05/04/2023 16:18:39.562710,1360,True,True,True,True,Eyes,2.351568,0.1238566,-2.724825,0.534077,-0.3902755,-0.7499645,0.0,0.0,0.0,0.0,0.0,0.0,0.0,1.947187,-0.7291651,-3.105119,2.338963,0.1184326,-2.912079,-0.06927245,0.9836161,-0.1491788,0.07380054,16.45395,170.0416,350.4997,0.664235,0.03515956,-0.7466962,0.0,0.0,0.0,3.267687,-0.7064871,-4.530155,-0.5776399,-0.3949993,1.916115,-0.9795097,-0.1582939,-0.1245148,-0.114256,0.9458941,-0.303694,0.1658508,-0.2832446,-0.9445984,moving,-35.45605,27.49211,-16.77618,-11.64812,3.828466766430991,-0.9246671040153289
05/04/2023 16:18:39.582625,1361,True,True,True,True,Eyes,2.351596,0.1234612,-2.733367,0.5318143,-0.3908157,-0.75129,0.0,0.0,0.0,0.0,0.0,0.0,0.0,1.977089,-0.7229918,-3.097816,2.340113,0.1175612,-2.922004,-0.06754614,0.9843608,-0.1474417,0.06879321,16.31859,170.6843,350.8106,0.6631148,0.03508312,-0.7476947,0.0,0.0,0.0,3.248284,-0.7046483,-4.552773,-0.5768908,-0.3927827,1.91654,-0.98141,-0.1532655,-0.1155164,-0.1126936,0.9473969,-0.299565,0.1553529,-0.2809781,-0.9470569,moving,-35.29346,27.48313,-16.75213,-11.58203,3.8343493798756985,-0.9238070034722027
05/04/2023 16:18:39.602665,1362,True,True,True,True,Eyes,2.351623,0.1231242,-2.741972,0.529631,-0.3914596,-0.7524961,0.0,0.0,0.0,0.0,0.0,0.0,0.0,2.006733,-0.7250677,-3.088662,2.341597,0.1171376,-2.931848,-0.06550168,0.9849271,-0.1467633,0.06394521,16.30349,171.2993,351.1418,0.6619903,0.03499722,-0.7486945,0.0,0.0,0.0,3.229274,-0.7058417,-4.573119,-0.5759825,-0.3900947,1.917057,-0.9832414,-0.1477983,-0.1067363,-0.1102591,0.9483402,-0.2974792,0.1451892,-0.2807252,-0.9487433,moving,-35.13912,27.48412,-16.72297,-11.50187,3.839812237800473,-0.9231693872170864
05/04/2023 16:18:39.618617,1363,True,True,True,True,Eyes,2.351682,0.1228338,-2.750637,0.5272059,-0.3920794,-0.7538751,0.0,0.0,0.0,0.0,0.0,0.0,0.0,2.033483,-0.7281308,-3.080541,2.342421,0.1181662,-2.941777,-0.06364864,0.9854322,-0.1460565,0.05949597,16.27715,171.864,351.4434,0.6608611,0.03490437,-0.7496958,0.0,0.0,0.0,3.211073,-0.7047822,-4.592844,-0.5750255,-0.387262,1.917602,-0.9848183,-0.1428224,-0.09866588,-0.1080633,0.9492327,-0.2954313,0.1358511,-0.280284,-0.9502555,moving,-34.96617,27.47828,-16.69225,-11.41739,3.8460223691281663,-0.9223242606594588
05/04/2023 16:18:39.632728,1364,True,True,True,True,Eyes,2.35176,0.1225694,-2.759371,0.5245382,-0.3927754,-0.7553722,0.0,0.0,0.0,0.0,0.0,0.0,0.0,2.060702,-0.7263891,-3.073181,2.343264,0.1192903,-2.951856,-0.06214188,0.985981,-0.1447723,0.05496292,16.17992,172.4385,351.711,0.6597277,0.03480656,-0.750698,0.0,0.0,0.0,3.192949,-0.7013128,-4.613598,-0.5741639,-0.384712,1.918092,-0.9862352,-0.1384556,-0.09039195,-0.1066272,0.9503587,-0.2923165,0.1263776,-0.2786545,-0.9520404,moving,-34.7765,27.47335,-16.66461,-11.34134,3.8528140727016167,-0.9214251490652436
05/04/2023 16:18:39.652875,1365,True,True,True,True,Eyes,2.351851,0.1224162,-2.768165,0.5216205,-0.3934115,-0.7570598,0.0,0.0,0.0,0.0,0.0,0.0,0.0,2.090779,-0.7224363,-3.064586,2.344479,0.1196803,-2.962103,-0.06146897,0.9864102,-0.1438925,0.05011304,16.12378,173.0313,351.8801,0.6585904,0.03470502,-0.7517006,0.0,0.0,0.0,3.174974,-0.6987028,-4.634275,-0.5732661,-0.3820557,1.918602,-0.9874207,-0.135689,-0.0811742,-0.1068455,0.951033,-0.2900349,0.1165539,-0.2777133,-0.9535673,moving,-34.56717,27.45896,-16.63581,-11.26212,3.8604238208917225,-0.9202646264633828
05/04/2023 16:18:39.662750,1366,True,True,True,True,Eyes,2.351909,0.1223927,-2.777038,0.5184392,-0.3939095,-0.7589836,0.0,0.0,0.0,0.0,0.0,0.0,0.0,2.122204,-0.7155129,-3.054877,2.344955,0.1221994,-2.972244,-0.06086324,0.9869334,-0.1422647,0.04493458,15.98239,173.6688,352.0525,0.6574492,0.03460316,-0.7527037,0.0,0.0,0.0,3.154872,-0.691209,-4.656543,-0.5723066,-0.3792185,1.919147,-0.9885532,-0.1329211,-0.07137749,-0.1073507,0.9521129,-0.2862813,0.1060123,-0.2753418,-0.9554834,moving,-34.33583,27.42914,-16.60505,-11.17751,3.869011074609211,-0.9187204825687803
05/04/2023 16:18:39.682310,1367,True,True,True,True,Eyes,2.351971,0.1224875,-2.785965,0.5150315,-0.3942522,-0.7611228,0.0,0.0,0.0,0.0,0.0,0.0,0.0,2.153582,-0.7048177,-3.046008,2.345282,0.1252292,-2.982753,-0.06019609,0.9875426,-0.13986,0.03968936,15.75099,174.3217,352.2376,0.6563026,0.03450454,-0.753708,0.0,0.0,0.0,3.134222,-0.6808524,-4.680184,-0.5714706,-0.3767435,1.919623,-0.9896025,-0.1299943,-0.06155183,-0.1077905,0.9536313,-0.2810137,0.09522792,-0.2714571,-0.9577282,moving,-34.08516,27.3836,-16.57824,-11.10369,3.878484452456709,-0.9167986610988966
05/04/2023 16:18:39.702523,1368,True,True,True,True,Eyes,2.352031,0.1226747,-2.794959,0.5114809,-0.3945447,-0.7633622,0.0,0.0,0.0,0.0,0.0,0.0,0.0,2.185153,-0.6865532,-3.038068,2.345564,0.1282936,-2.992987,-0.06016262,0.9881895,-0.136667,0.03441189,15.42431,174.9738,352.351,0.6551509,0.03441205,-0.7547136,0.0,0.0,0.0,3.113743,-0.6665115,-4.704873,-0.5705421,-0.3739967,1.920151,-0.9903927,-0.1283101,-0.05156646,-0.1094982,0.9554052,-0.2742464,0.08445544,-0.2659651,-0.9602761,moving,-33.82355,27.33224,-16.54848,-11.02177,3.8884201243593717,-0.9147209258010497
05/04/2023 16:18:39.718479,1369,True,True,True,True,Eyes,2.353212,0.1294917,-3.021759,0.4129654,-0.3983671,-0.8190014,0.0,0.0,0.0,0.0,0.0,0.0,0.0,2.219852,-0.6703585,-3.026913,2.345454,0.1306339,-3.003516,-0.060718,0.9886431,-0.13445,0.02865633,15.21052,175.6621,352.3917,0.6539939,0.03432756,-0.7557203,0.0,0.0,0.0,3.091795,-0.6555316,-4.728674,-0.5695859,-0.371168,1.920693,-0.9909843,-0.1277626,-0.0403347,-0.1123512,0.956473,-0.2693262,0.07298885,-0.2623663,-0.962204,moving,-26.75863,25.93856,-16.51784,-10.93741,4.156823415644628,-0.8584850800082204
05/04/2023 16:18:39.732940,1370,True,True,True,True,Eyes,2.353222,0.1295863,-3.022173,0.4125913,-0.3986177,-0.8190681,0.0,0.0,0.0,0.0,0.0,0.0,0.0,2.257517,-0.6601565,-3.012009,2.345282,0.1329513,-3.014359,-0.06112574,0.9889473,-0.1332026,0.02244701,15.11258,176.3963,352.448,0.6489714,0.03428808,-0.7600394,0.003541231,0.02045108,-0.6803992,3.06813,-0.6485626,-4.751309,-0.5687274,-0.3686265,1.92118,-0.9915196,-0.1268803,-0.02811361,-0.1149203,0.9570414,-0.2662048,0.06068203,-0.2607165,-0.9635065,moving,-26.73588,25.9509,-16.49035,-10.86162,4.157473231410246,-0.8586203070445507
05/04/2023 16:18:39.752886,1371,True,True,True,True,Eyes,2.353196,0.1297503,-3.022979,0.4117493,-0.3989243,-0.8193423,0.0,0.0,0.0,0.0,0.0,0.0,0.0,2.299673,-0.6547458,-2.991436,2.34498,0.1352329,-3.024675,-0.0615851,0.9890846,-0.132957,0.01553556,15.13522,177.2028,352.5025,0.6447453,0.03425058,-0.7636294,0.003328757,0.01922402,-0.6395752,3.041827,-0.6452457,-4.772393,-0.5678281,-0.3659655,1.921692,-0.991932,-0.1259569,-0.01435564,-0.1176946,0.9570594,-0.2649249,0.04710831,-0.2610978,-0.9641623,moving,-26.68119,25.96069,-16.46153,-10.78225,4.159288674431231,-0.8585717985303334
05/04/2023 16:18:39.762563,1372,True,True,True,True,Eyes,2.353113,0.1299666,-3.024148,0.4106782,-0.3996195,-0.8195412,0.0,0.0,0.0,0.0,0.0,0.0,0.0,2.34279,-0.6516927,-2.968225,2.344185,0.1370831,-3.034753,-0.06201673,0.9891098,-0.1332133,0.008378787,15.21761,178.0343,352.562,0.6411791,0.03421739,-0.7666277,0.003129032,0.01807058,-0.6012007,3.014,-0.6441609,-4.792374,-0.5668876,-0.3631828,1.922229,-0.9921677,-0.124915,-5.217933e-05,-0.1204504,0.9568163,-0.2645643,0.03309798,-0.2624858,-0.9643683,moving,-26.6158,25.9945,-16.4314,-10.69925,4.1611775713817245,-0.8589293012352118
05/04/2023 16:18:39.782724,1373,True,True,True,True,Eyes,2.352996,0.1301985,-3.02564,0.4091392,-0.4003874,-0.819936,0.0,0.0,0.0,0.0,0.0,0.0,0.0,2.38922,-0.6508414,-2.940706,2.343282,0.1386411,-3.044588,-0.06265516,0.9889749,-0.1341737,0.0006740618,15.38504,178.9216,352.6042,0.6381579,0.03418997,-0.7691456,0.00294129,0.01698634,-0.5651287,2.984413,-0.6460916,-4.81107,-0.5660493,-0.3607019,1.922705,-0.992148,-0.1241096,0.01548009,-0.1237479,0.9561435,-0.2654733,0.01814661,-0.2653043,-0.9639943,moving,-26.5187,26.02697,-16.40456,-10.62526,4.1642085138886955,-0.8591267907637488
05/04/2023 16:18:39.802351,1374,True,True,True,True,Eyes,2.352887,0.1304407,-3.027465,0.4066095,-0.4011752,-0.8208088,0.0,0.0,0.0,0.0,0.0,0.0,0.0,2.433475,-0.6483684,-2.913718,2.342441,0.1394894,-3.05376,-0.06291206,0.9888673,-0.1346761,-0.006779187,15.49811,179.7896,352.6908,0.6355851,0.03416851,-0.7712739,0.002764813,0.01596716,-0.531221,2.955068,-0.6473321,-4.829131,-0.5651473,-0.3580326,1.923218,-0.9919922,-0.1225974,0.03035293,-0.1262494,0.9558089,-0.2655006,0.00353807,-0.2672065,-0.9636328,moving,-26.35274,26.04735,-16.37569,-10.54565,4.169836475983577,-0.8588042436159011
05/04/2023 16:18:39.818337,1375,True,True,True,True,Eyes,2.352728,0.1306553,-3.029616,0.4036409,-0.4019784,-0.8218805,0.0,0.0,0.0,0.0,0.0,0.0,0.0,2.476726,-0.643083,-2.887277,2.340998,0.1395697,-3.063387,-0.06331466,0.9887291,-0.1349212,-0.01422439,15.58111,180.6569,352.7618,0.6333789,0.03415292,-0.7730873,0.002598924,0.01500913,-0.4993477,2.925079,-0.6482024,-4.847662,-0.5642277,-0.3553128,1.92374,-0.9915779,-0.1213637,0.04521311,-0.1290404,0.955575,-0.2649999,-0.01104314,-0.2686023,-0.9631879,moving,-26.15652,26.06307,-16.34627,-10.46454,4.176597357459664,-0.8582654421485041
05/04/2023 16:18:39.832468,1376,True,True,True,True,Eyes,2.352457,0.1308387,-3.032052,0.400147,-0.40249,-0.8233373,0.0,0.0,0.0,0.0,0.0,0.0,0.0,2.523355,-0.6324833,-2.858495,2.339754,0.1391339,-3.073197,-0.06409816,0.9885508,-0.1347705,-0.02225997,15.62314,181.5907,352.7984,0.6313597,0.03414284,-0.7747377,0.002442988,0.01410858,-0.4693868,2.893272,-0.6480362,-4.867196,-0.5633364,-0.3526738,1.924246,-0.9907918,-0.1207286,0.06128731,-0.1327285,0.9554567,-0.2636014,-0.02673315,-0.2693087,-0.9626828,moving,-25.92004,26.05178,-16.31776,-10.38584,4.185130787373283,-0.8570477536505539
05/04/2023 16:18:39.852470,1377,True,True,True,True,Eyes,2.352111,0.1310035,-3.034763,0.3963123,-0.402893,-0.8249933,0.0,0.0,0.0,0.0,0.0,0.0,0.0,2.568103,-0.6140649,-2.831527,2.338571,0.1387431,-3.082469,-0.06508288,0.9884597,-0.1334423,-0.03007933,15.52863,182.504,352.8073,0.6295041,0.03413682,-0.7762465,0.002296409,0.01326207,-0.4412236,2.862039,-0.6432732,-4.88745,-0.5624315,-0.3499994,1.924759,-0.9897189,-0.1206359,0.07683402,-0.1366913,0.9559148,-0.2598892,-0.0420948,-0.2677199,-0.9625767,moving,-25.65881,26.02899,-16.28883,-10.3061,4.194688839195154,-0.8555086663733729
05/04/2023 16:18:39.862469,1378,True,True,True,True,Eyes,2.351655,0.1311362,-3.037735,0.3921522,-0.403106,-0.8268749,0.0,0.0,0.0,0.0,0.0,0.0,0.0,2.607953,-0.5950892,-2.807449,2.33649,0.1383583,-3.091761,-0.06597073,0.9883738,-0.1318159,-0.03727961,15.3958,183.3477,352.8153,0.6277918,0.03413384,-0.7776321,0.002158625,0.01246634,-0.4147502,2.831761,-0.6370787,-4.907235,-0.5614427,-0.3470729,1.925321,-0.9885162,-0.1205794,0.09108435,-0.1402356,0.9565449,-0.2556479,-0.05630039,-0.2654854,-0.9624696,moving,-25.37303,25.98949,-16.25721,-10.21882,4.205330821636588,-0.8535510979381715
05/04/2023 16:18:39.882535,1379,True,True,True,True,Eyes,2.351116,0.1312478,-3.040927,0.3876763,-0.4032686,-0.8289039,0.0,0.0,0.0,0.0,0.0,0.0,0.0,2.645176,-0.5720924,-2.785294,2.334076,0.1378328,-3.100839,-0.06720676,0.9882799,-0.1297642,-0.04412784,15.21359,184.1469,352.7734,0.6262038,0.03413266,-0.7789114,0.002029107,0.01171836,-0.3898652,2.802792,-0.629388,-4.926602,-0.560617,-0.3446288,1.925791,-0.9870719,-0.1213857,0.1046634,-0.1442906,0.957289,-0.2505553,-0.06977926,-0.262418,-0.962428,moving,-25.06538,25.9433,-16.2308,-10.14593,4.216833947197147,-0.8513747898687264
05/04/2023 16:18:39.902569,1380,True,True,True,True,Eyes,2.35046,0.1313497,-3.044326,0.383056,-0.4032537,-0.8310563,0.0,0.0,0.0,0.0,0.0,0.0,0.0,2.683616,-0.5534092,-2.759511,2.331575,0.1374092,-3.109313,-0.06840514,0.9880224,-0.1284895,-0.0512144,15.12393,184.9694,352.7391,0.6247239,0.03413247,-0.7800989,0.001907361,0.01101526,-0.3664733,2.772777,-0.6243924,-4.943946,-0.5597293,-0.3420024,1.926296,-0.9853957,-0.1220106,0.1187806,-0.1483327,0.9576223,-0.2468943,-0.08362327,-0.2609076,-0.961735,moving,-24.74624,25.88407,-16.20243,-10.06762,4.228910901513972,-0.8489045146166176
05/04/2023 16:18:39.922794,1381,True,True,True,True,Eyes,2.349708,0.1314482,-3.047912,0.3781773,-0.4033046,-0.833263,0.0,0.0,0.0,0.0,0.0,0.0,0.0,2.720938,-0.5410094,-2.732212,2.328756,0.1373426,-3.117565,-0.06905307,0.9876839,-0.1277642,-0.05820904,15.09501,185.7863,352.7687,0.6233374,0.03413285,-0.7812073,0.001792919,0.01035435,-0.3444849,2.742226,-0.6215055,-4.959631,-0.5588135,-0.3392917,1.926817,-0.9836867,-0.1215312,0.1326293,-0.1512793,0.957816,-0.2443423,-0.09733926,-0.2604204,-0.9605761,moving,-24.41097,25.82728,-16.17316,-9.986787,4.241528996200844,-0.8464115224189145
05/04/2023 16:18:39.932605,1382,True,True,True,True,Eyes,2.34883,0.1315482,-3.051663,0.373288,-0.4034684,-0.8353857,0.0,0.0,0.0,0.0,0.0,0.0,0.0,2.755731,-0.5329583,-2.705594,2.325804,0.137268,-3.12572,-0.06963473,0.9872457,-0.1276719,-0.06478336,15.1359,186.5512,352.802,0.6220313,0.03413358,-0.7822477,0.001685344,0.009733086,-0.3238158,2.713176,-0.6208212,-4.97353,-0.557889,-0.3365547,1.927343,-0.9819085,-0.1209512,0.145695,-0.1540352,0.9577017,-0.2430647,-0.1101334,-0.2611094,-0.9590062,moving,-24.07725,25.77927,-16.14362,-9.905178,4.253980196493358,-0.8440901588238056
05/04/2023 16:18:39.952578,1383,True,True,True,True,Eyes,2.347825,0.1316616,-3.055566,0.3681571,-0.403767,-0.8375157,0.0,0.0,0.0,0.0,0.0,0.0,0.0,2.786965,-0.5331085,-2.679475,2.322608,0.1375875,-3.133293,-0.07042435,0.9866068,-0.129037,-0.0706901,15.34165,187.2267,352.8089,0.6207936,0.03413463,-0.7832303,0.001584223,0.009149101,-0.3043869,2.687135,-0.624716,-4.983798,-0.5569975,-0.3339162,1.927851,-0.9800867,-0.120719,0.1576613,-0.1572056,0.9567798,-0.2446609,-0.121312,-0.2645741,-0.9567049,moving,-23.72944,25.73876,-16.11514,-9.826508,4.266835672431223,-0.8418498651700987
05/04/2023 16:18:39.962594,1384,True,True,True,True,Eyes,2.346684,0.1318051,-3.059592,0.3626831,-0.4041161,-0.8397328,0.0,0.0,0.0,0.0,0.0,0.0,0.0,2.82197,-0.5298717,-2.648679,2.318641,0.1380523,-3.1408,-0.07203916,0.9857707,-0.1306801,-0.07739042,15.59236,187.9819,352.7352,0.6196137,0.03413627,-0.7841639,0.00148917,0.008600155,-0.2861236,2.657972,-0.6287736,-4.993985,-0.5559919,-0.3309413,1.928423,-0.9776422,-0.1218014,0.1714066,-0.1622549,0.9554662,-0.2464908,-0.1337503,-0.2687914,-0.953867,moving,-23.35966,25.69889,-16.08303,-9.737811,4.280462414645942,-0.8395281892339914
05/04/2023 16:18:39.982745,1385,True,True,True,True,Eyes,2.345424,0.1319644,-3.063716,0.3569673,-0.4045806,-0.8419554,0.0,0.0,0.0,0.0,0.0,0.0,0.0,2.860189,-0.5236454,-2.61352,2.314433,0.1390438,-3.147925,-0.07469744,0.9846866,-0.1328214,-0.08468305,15.91589,188.7885,352.5547,0.6184821,0.03413923,-0.7850568,0.00139982,0.008084145,-0.2689562,2.627819,-0.6340913,-5.002874,-0.555214,-0.3286393,1.928864,-0.9744984,-0.1246117,0.1866153,-0.1696026,0.9535576,-0.2489236,-0.1469297,-0.274226,-0.9503748,moving,-22.97569,25.66545,-16.0582,-9.669188,4.294510617862167,-0.8372670451912213
05/04/2023 16:18:40.002434,1386,True,True,True,True,Eyes,2.344424,0.1321947,-3.068039,0.3484679,-0.4049275,-0.8453425,0.0,0.0,0.0,0.0,0.0,0.0,0.0,2.900931,-0.5094808,-2.575204,2.310508,0.1395067,-3.154161,-0.07866039,0.9833772,-0.1350513,-0.09242877,16.26937,189.6271,352.2325,0.6173911,0.03414378,-0.7859148,0.001315831,0.007599097,-0.2528189,2.5973,-0.6391149,-5.010906,-0.5543005,-0.3259361,1.929383,-0.9705389,-0.1297404,0.203031,-0.1796709,0.9511474,-0.2510717,-0.1605383,-0.2801536,-0.9464361,moving,-22.40248,25.59489,-16.02905,-9.588608,4.31574554730398,-0.8335035401063885
05/04/2023 16:18:40.022553,1387,True,True,True,True,Eyes,2.343234,0.1323969,-3.072474,0.3397365,-0.4053178,-0.8487029,0.0,0.0,0.0,0.0,0.0,0.0,0.0,2.940677,-0.4936997,-2.536918,2.305931,0.1397972,-3.160761,-0.08202814,0.9821255,-0.1365374,-0.1002927,16.53777,190.4941,351.9807,0.6163386,0.0341513,-0.7867401,0.001236881,0.007143151,-0.2376497,2.564693,-0.6423422,-5.019936,-0.5533766,-0.3232028,1.929908,-0.9664258,-0.1337364,0.2193999,-0.1885112,0.9492579,-0.25174,-0.1746003,-0.2846473,-0.9425981,moving,-21.81627,25.52789,-15.99957,-9.507133,4.3373963000426325,-0.8297516789815377
05/04/2023 16:18:40.032757,1388,True,True,True,True,Eyes,2.34201,0.13262,-3.077031,0.3308134,-0.4055863,-0.8520929,0.0,0.0,0.0,0.0,0.0,0.0,0.0,2.981413,-0.4713678,-2.496845,2.300386,0.1392908,-3.167658,-0.08500794,0.9809364,-0.1367713,-0.1087709,16.66771,191.4481,351.7767,0.6153162,0.0341608,-0.7875396,0.001162668,0.006714562,-0.2233907,2.527791,-0.6426737,-5.030811,-0.5525028,-0.3206182,1.930405,-0.9618852,-0.1370213,0.2366479,-0.1965282,0.9481345,-0.2498351,-0.1901413,-0.2868206,-0.9389251,moving,-21.21802,25.45391,-15.9717,-9.430091,4.359563156001142,-0.8258174224277492
05/04/2023 16:18:40.052487,1389,True,True,True,True,Eyes,2.307094,0.1383217,-3.192887,0.09255872,-0.3991187,-0.9122155,0.0,0.0,0.0,0.0,0.0,0.0,0.0,3.020399,-0.4485177,-2.457634,2.295632,0.1396021,-3.17404,-0.08677211,0.9799815,-0.1356639,-0.1170568,16.63124,192.408,351.7005,0.6143184,0.03417255,-0.7883176,0.001092908,0.006311688,-0.2099873,2.490228,-0.6378992,-5.042548,-0.5514758,-0.3175778,1.930989,-0.9575367,-0.1383093,0.2529708,-0.2018309,0.9481318,-0.2455817,-0.2058834,-0.2862108,-0.9357861,moving,-5.793736,23.63066,-15.93894,-9.339475,4.930004293744304,-0.7259644370324511
05/04/2023 16:18:40.062585,1390,True,True,True,True,Eyes,2.306682,0.1383142,-3.193094,0.09216256,-0.3987236,-0.9124284,0.0,0.0,0.0,0.0,0.0,0.0,0.0,3.0565,-0.4253874,-2.419902,2.290305,0.1399219,-3.18025,-0.08815923,0.9790872,-0.1340795,-0.1250563,16.53499,193.3433,351.6571,0.6111456,0.03427635,-0.7907753,-0.1037204,0.0230381,-0.5449551,2.452737,-0.6319567,-5.053971,-0.5505986,-0.3149832,1.931487,-0.953178,-0.1390962,0.2685227,-0.2061661,0.9485012,-0.2405014,-0.2212413,-0.2846008,-0.9327674,moving,-5.767769,23.60493,-15.91097,-9.262154,4.93125345927528,-0.7253703814662885
05/04/2023 16:18:40.082491,1391,True,True,True,True,Eyes,2.306063,0.1383103,-3.193535,0.09120572,-0.3981681,-0.9127671,0.0,0.0,0.0,0.0,0.0,0.0,0.0,3.090325,-0.3976432,-2.384346,2.284733,0.140308,-3.186478,-0.08908541,0.9783696,-0.131149,-0.1328786,16.27808,194.2719,351.6461,0.6084688,0.03436303,-0.792833,-0.09749722,0.02165582,-0.5122578,2.414608,-0.6214468,-5.066709,-0.5498022,-0.3126269,1.931939,-0.9488143,-0.1394631,0.2833757,-0.2091707,0.9497275,-0.2329493,-0.2366418,-0.2802995,-0.9302866,moving,-5.706182,23.56784,-15.88559,-9.191936,4.933911094220842,-0.7244113414657352
05/04/2023 16:18:40.102586,1392,True,True,True,True,Eyes,2.305136,0.1382989,-3.194181,0.09002118,-0.3974203,-0.9132104,0.0,0.0,0.0,0.0,0.0,0.0,0.0,3.120575,-0.3707406,-2.35172,2.279344,0.1403504,-3.19232,-0.08958649,0.9777477,-0.1278893,-0.1401008,15.97329,195.1374,351.6658,0.6061515,0.03443709,-0.7946029,-0.09164739,0.02035647,-0.4815224,2.378139,-0.6097814,-5.078926,-0.5488958,-0.3099439,1.932456,-0.9446923,-0.1393512,0.2968807,-0.2110207,0.9512372,-0.2249846,-0.2510521,-0.2751892,-0.9280325,moving,-5.629835,23.51821,-15.85669,-9.111984,4.937252194026078,-0.7231538293783313
05/04/2023 16:18:40.122887,1393,True,True,True,True,Eyes,2.303978,0.138284,-3.195053,0.08837197,-0.3966114,-0.9137231,0.0,0.0,0.0,0.0,0.0,0.0,0.0,3.148291,-0.3479187,-2.320869,2.273546,0.1404705,-3.19851,-0.0903506,0.9770002,-0.1254748,-0.146846,15.76623,195.9379,351.6537,0.604039,0.03450325,-0.7962071,-0.08614855,0.01913508,-0.452631,2.343623,-0.6006353,-5.089777,-0.5479392,-0.3071126,1.933,-0.9405462,-0.1396941,0.3096107,-0.213396,0.9521857,-0.2186426,-0.2642637,-0.2717132,-0.9253848,moving,-5.524258,23.46378,-15.82621,-9.027626,4.941691456567534,-0.7216818107523559
05/04/2023 16:18:40.142694,1394,True,True,True,True,Eyes,2.302563,0.1382677,-3.196115,0.08651912,-0.3957479,-0.9142746,0.0,0.0,0.0,0.0,0.0,0.0,0.0,3.174611,-0.3267205,-2.289981,2.267007,0.1403428,-3.204668,-0.09129838,0.9761404,-0.1235278,-0.1534779,15.6158,196.72,351.6222,0.6021045,0.03456221,-0.7976685,-0.08097963,0.01798698,-0.4254731,2.309212,-0.5934193,-5.099452,-0.5470261,-0.3044121,1.933518,-0.9362184,-0.1403225,0.3221876,-0.2161576,0.952811,-0.2131363,-0.2770761,-0.2691855,-0.922371,moving,-5.405884,23.40559,-15.79714,-8.947175,4.946632637691607,-0.7200847046423309
05/04/2023 16:18:40.152646,1395,True,True,True,True,Eyes,2.300919,0.1382304,-3.197376,0.08427539,-0.3948428,-0.9148753,0.0,0.0,0.0,0.0,0.0,0.0,0.0,3.199461,-0.3052707,-2.26009,2.260641,0.1404352,-3.210534,-0.09245918,0.9752451,-0.1216665,-0.1598299,15.47778,197.4656,351.5601,0.6003246,0.03461469,-0.7990067,-0.07612085,0.01690776,-0.3999447,2.276263,-0.5860928,-5.108345,-0.5461245,-0.3017445,1.934031,-0.9318114,-0.1414489,0.3342449,-0.2192326,0.9532971,-0.2077538,-0.2892483,-0.2668647,-0.9193034,moving,-5.263051,23.34411,-15.76842,-8.867709,4.952483476446828,-0.7183217609880106
05/04/2023 16:18:40.172436,1396,True,True,True,True,Eyes,2.29904,0.1381576,-3.198809,0.08181307,-0.3938961,-0.9155067,0.0,0.0,0.0,0.0,0.0,0.0,0.0,3.223709,-0.2791807,-2.230154,2.253635,0.1398467,-3.216425,-0.09472476,0.9741442,-0.1201803,-0.1662142,15.40469,198.1969,351.3737,0.5986784,0.0346608,-0.800239,-0.0715536,0.01589329,-0.375948,2.2436,-0.5801688,-5.116589,-0.5451845,-0.2989618,1.934565,-0.9268004,-0.1445998,0.3466013,-0.2245025,0.9531678,-0.2026567,-0.3010651,-0.2656351,-0.9158593,moving,-5.106598,23.27976,-15.73849,-8.784821,4.9588540876250855,-0.7164469599982377
05/04/2023 16:18:40.182619,1397,True,True,True,True,Eyes,2.296947,0.1380482,-3.200403,0.07904606,-0.3930044,-0.9161327,0.0,0.0,0.0,0.0,0.0,0.0,0.0,3.246895,-0.2527505,-2.200314,2.246511,0.1389389,-3.222031,-0.09737898,0.9729307,-0.1190763,-0.1724647,15.38448,198.9057,351.1453,0.5971463,0.0347003,-0.801381,-0.06726038,0.01493969,-0.3533912,2.211642,-0.575578,-5.123799,-0.5441466,-0.2958913,1.935155,-0.9215465,-0.1484131,0.3587833,-0.2305589,0.9526763,-0.1981172,-0.3124012,-0.2652949,-0.9121535,moving,-4.931399,23.21846,-15.70546,-8.693375,4.965850871501159,-0.7145497855245186
05/04/2023 16:18:40.202329,1398,True,True,True,True,Eyes,2.294641,0.1379,-3.202158,0.07606907,-0.3921813,-0.9167374,0.0,0.0,0.0,0.0,0.0,0.0,0.0,3.268938,-0.2292295,-2.170592,2.239429,0.1379189,-3.227368,-0.1005671,0.971528,-0.1190581,-0.1784514,15.49946,199.5711,350.8694,0.5957125,0.03473295,-0.802446,-0.06322476,0.01404331,-0.3321877,2.182433,-0.5758287,-5.128778,-0.5434726,-0.2938974,1.935537,-0.9160828,-0.1529153,0.3706876,-0.2378996,0.9514229,-0.1954439,-0.3227943,-0.2672292,-0.9079605,moving,-4.743425,23.1613,-15.68402,-8.634,4.973248104023632,-0.7126761139709122
05/04/2023 16:18:40.218648,1399,True,True,True,True,Eyes,2.292119,0.1377065,-3.204061,0.07283356,-0.391488,-0.9172962,0.0,0.0,0.0,0.0,0.0,0.0,0.0,3.289211,-0.2139284,-2.141652,2.231908,0.1368178,-3.232832,-0.102803,0.9701721,-0.1195274,-0.1841492,15.65156,200.2154,350.7097,0.5943611,0.03475845,-0.8034464,-0.05943128,0.01320071,-0.3122565,2.152968,-0.5779647,-5.132927,-0.5425925,-0.2912924,1.936039,-0.9110415,-0.1554515,0.3818884,-0.243495,0.9502895,-0.1940622,-0.3327373,-0.2697865,-0.9036049,moving,-4.539776,23.11205,-15.65601,-8.556422,4.981100617127514,-0.7108844800288654
05/04/2023 16:18:40.232555,1400,True,True,True,True,Eyes,2.289335,0.1374549,-3.206087,0.06945296,-0.3909304,-0.9177961,0.0,0.0,0.0,0.0,0.0,0.0,0.0,3.307403,-0.2065495,-2.114333,2.224313,0.1355562,-3.238214,-0.1039599,0.9689388,-0.1202913,-0.1894204,15.81273,200.8251,350.6758,0.5930787,0.03477638,-0.8043927,-0.0558654,0.01240867,-0.2935211,2.124261,-0.5816765,-5.136244,-0.5416691,-0.2885599,1.936563,-0.9066244,-0.1558903,0.3920845,-0.2470327,0.9494447,-0.1937255,-0.3420626,-0.272494,-0.8992997,moving,-4.327531,23.07132,-15.62665,-8.475068,4.989149496402685,-0.7092164485208184
05/04/2023 16:18:40.253241,1401,True,True,True,True,Eyes,2.286329,0.1371572,-3.208226,0.06583042,-0.3904575,-0.9182643,0.0,0.0,0.0,0.0,0.0,0.0,0.0,3.324116,-0.2005615,-2.087868,2.216146,0.1340789,-3.243436,-0.1047426,0.96776,-0.1209161,-0.1945484,15.94954,201.425,350.6819,0.5918536,0.03478609,-0.8052942,-0.05251348,0.01166415,-0.2759098,2.095204,-0.5853145,-5.139295,-0.5407807,-0.2859306,1.937069,-0.9023599,-0.1556834,0.4018824,-0.2497795,0.9488166,-0.1932806,-0.351222,-0.2747906,-0.8950605,moving,-4.100523,23.0358,-15.59839,-8.396792,4.997655714345997,-0.7075835801881348
05/04/2023 16:18:40.272737,1402,True,True,True,True,Eyes,2.283079,0.1368147,-3.210474,0.06193225,-0.3900033,-0.9187284,0.0,0.0,0.0,0.0,0.0,0.0,0.0,3.339641,-0.1946614,-2.062179,2.207932,0.1326901,-3.248246,-0.1051095,0.9666839,-0.1210843,-0.1995313,16.02435,202.0169,350.726,0.5906742,0.03478725,-0.8061596,-0.04936267,0.0109643,-0.2593552,2.065975,-0.5872002,-5.142321,-0.5398605,-0.2832106,1.93759,-0.8982785,-0.154895,0.4112217,-0.2515355,0.9485812,-0.1921552,-0.3603132,-0.2760458,-0.8910517,moving,-3.856522,23.00139,-15.56915,-8.315829,5.006750640577905,-0.7058993254872477
05/04/2023 16:18:40.282385,1403,True,True,True,True,Eyes,2.279594,0.1364425,-3.212808,0.05780458,-0.3895624,-0.9191843,0.0,0.0,0.0,0.0,0.0,0.0,0.0,3.354601,-0.1872635,-2.03652,2.199081,0.1313183,-3.253094,-0.1055443,0.9655888,-0.1210258,-0.2045768,16.07564,202.6167,350.7591,0.5895311,0.03477965,-0.8069962,-0.04640091,0.01030644,-0.2437939,2.035848,-0.5883117,-5.145427,-0.5389786,-0.2805999,1.938092,-0.8940176,-0.1543067,0.4206213,-0.2533429,0.9484264,-0.1905385,-0.369527,-0.2769061,-0.8870023,moving,-3.598411,22.96787,-15.54111,-8.238126,5.016334799743196,-0.7041718070493623
05/04/2023 16:18:40.302691,1404,True,True,True,True,Eyes,2.275862,0.1360281,-3.215224,0.05344138,-0.3889087,-0.9197251,0.0,0.0,0.0,0.0,0.0,0.0,0.0,3.368093,-0.1780471,-2.012144,2.190099,0.1302379,-3.257449,-0.1056971,0.9646245,-0.1202375,-0.2094538,16.03624,203.2038,350.8068,0.5884158,0.03476347,-0.8078105,-0.04361685,0.009688055,-0.2291663,2.00547,-0.5862886,-5.148865,-0.5380498,-0.2778496,1.938622,-0.8899147,-0.1535476,0.429506,-0.2542843,0.9487422,-0.1876907,-0.378671,-0.2762453,-0.8833443,moving,-3.325479,22.92122,-15.51159,-8.156272,5.026612107692576,-0.7021344668916845
05/04/2023 16:18:40.322774,1405,True,True,True,True,Eyes,2.271886,0.1355767,-3.217719,0.04893475,-0.3881954,-0.920277,0.0,0.0,0.0,0.0,0.0,0.0,0.0,3.379134,-0.1676702,-1.991416,2.18078,0.1288404,-3.261901,-0.1056038,0.9638252,-0.1188913,-0.2139013,15.92378,203.745,350.8628,0.5873197,0.03473856,-0.8086089,-0.04099984,0.009106772,-0.2154163,1.975938,-0.5824074,-5.153105,-0.5371441,-0.2751712,1.939135,-0.8861883,-0.1527053,0.4374376,-0.2544293,0.9494254,-0.1840032,-0.3872161,-0.2743584,-0.8802223,moving,-3.043776,22.87121,-15.48283,-8.07658,5.037243406775889,-0.6999966758916802
05/04/2023 16:18:40.332723,1406,True,True,True,True,Eyes,2.267767,0.1351209,-3.220347,0.04232285,-0.3862149,-0.9214374,0.0,0.0,0.0,0.0,0.0,0.0,0.0,3.387083,-0.1545664,-1.975327,2.171067,0.1274802,-3.266245,-0.1058143,0.9631491,-0.1171823,-0.2177515,15.77203,204.2108,350.8643,0.5862361,0.03470492,-0.8093963,-0.03853985,0.008560366,-0.2024913,1.948423,-0.5767395,-5.157953,-0.5362514,-0.2725291,1.939644,-0.8827754,-0.1527966,0.4442534,-0.2548631,0.9501433,-0.1796456,-0.3946552,-0.2718105,-0.8777053,moving,-2.629823,22.7407,-15.45447,-7.997972,5.053592513961338,-0.6957834179128197
05/04/2023 16:18:40.352778,1407,True,True,True,True,Eyes,2.263391,0.1346301,-3.223037,0.03563049,-0.384196,-0.9225637,0.0,0.0,0.0,0.0,0.0,0.0,0.0,3.393456,-0.1356351,-1.961376,2.160897,0.1260578,-3.27041,-0.106527,0.9625115,-0.1148569,-0.2214303,15.56187,204.6502,350.7891,0.5851601,0.03466329,-0.8101763,-0.03622746,0.008046744,-0.1903418,1.921115,-0.5684849,-5.163486,-0.5353398,-0.2698321,1.940161,-0.8792411,-0.1542013,0.4507292,-0.2559325,0.9509198,-0.1739256,-0.4017877,-0.2682788,-0.8755528,moving,-2.21173,22.60899,-15.42554,-7.917747,5.070103789340666,-0.691530000928023
05/04/2023 16:18:40.373047,1408,True,True,True,True,Eyes,2.258661,0.13408,-3.225737,0.02886019,-0.3820743,-0.9236809,0.0,0.0,0.0,0.0,0.0,0.0,0.0,3.401815,-0.1162705,-1.943388,2.150491,0.1246822,-3.274518,-0.1074711,0.9616667,-0.1128083,-0.2256579,15.39496,205.1518,350.7009,0.5840856,0.03461367,-0.8109533,-0.03405381,0.00756394,-0.1789213,1.891693,-0.5613622,-5.168077,-0.5344059,-0.2670684,1.940691,-0.8750569,-0.1557905,0.4582627,-0.2576148,0.9514486,-0.1684645,-0.4097682,-0.2654713,-0.8727056,moving,-1.789611,22.4721,-15.3959,-7.835546,5.086823915657783,-0.6871620973001267
05/04/2023 16:18:40.382326,1409,True,True,True,True,Eyes,2.253688,0.1334967,-3.228482,0.02194819,-0.379929,-0.9247552,0.0,0.0,0.0,0.0,0.0,0.0,0.0,3.409791,-0.09309679,-1.924958,2.13946,0.1233209,-3.278461,-0.1088337,0.960748,-0.1104866,-0.2300246,15.21064,205.6654,350.5585,0.5830058,0.03455549,-0.8117325,-0.03201058,0.007110103,-0.1681861,1.861366,-0.5533239,-5.172568,-0.5335452,-0.2645222,1.941181,-0.8704878,-0.1582943,0.4660407,-0.2599528,0.9518958,-0.1622306,-0.4179421,-0.2623684,-0.8697628,moving,-1.359606,22.33496,-15.36858,-7.759826,5.103826997712923,-0.6827559645795993
05/04/2023 16:18:40.402713,1410,True,True,True,True,Eyes,2.123943,0.1187236,-3.298745,-0.155694,-0.3209788,-0.9342012,0.0,0.0,0.0,0.0,0.0,0.0,0.0,3.421115,-0.06985646,-1.900275,2.12877,0.1218786,-3.282291,-0.1101749,0.9595823,-0.1083515,-0.2352092,15.05657,206.2781,350.4343,0.5819165,0.03448883,-0.8125166,-0.03008995,0.006683497,-0.1580949,1.828081,-0.5463298,-5.175839,-0.5326183,-0.2617782,1.94171,-0.8650765,-0.1604733,0.4752804,-0.2624143,0.9522429,-0.156116,-0.4275299,-0.2597726,-0.8658735,moving,9.461951,18.96202,-15.33916,-7.67823,5.530730081724265,-0.5733432960994456
05/04/2023 16:18:40.423078,1411,True,True,True,True,Eyes,2.123495,0.1187012,-3.298855,-0.1561535,-0.3208817,-0.934158,0.0,0.0,0.0,0.0,0.0,0.0,0.0,3.432436,-0.04554212,-1.874257,2.117634,0.1206248,-3.285972,-0.1116875,0.958318,-0.1061815,-0.2405784,14.90698,206.9116,350.2906,0.5774905,0.03403199,-0.8156875,-0.4175196,-0.03803677,-0.3593979,1.793678,-0.5390699,-5.17857,-0.5316813,-0.2590046,1.942242,-0.8592957,-0.1629744,0.4848195,-0.2651543,0.9525028,-0.149772,-0.4373829,-0.2572504,-0.8616949,moving,9.489801,18.95751,-15.30944,-7.595774,5.531775590400837,-0.5731401082183305
05/04/2023 16:18:40.432551,1412,True,True,True,True,Eyes,2.122639,0.1187056,-3.299099,-0.1570587,-0.3207535,-0.9340502,0.0,0.0,0.0,0.0,0.0,0.0,0.0,3.445226,-0.02082297,-1.84313,2.106583,0.1200173,-3.288623,-0.113471,0.9568189,-0.1042642,-0.2464767,14.80084,207.6054,350.1288,0.5737551,0.03364367,-0.8183353,-0.3924684,-0.03575457,-0.3378341,1.757765,-0.5325839,-5.179174,-0.5308256,-0.2564748,1.942727,-0.8527473,-0.165745,0.4953291,-0.2685399,0.9525065,-0.1435881,-0.4480053,-0.25546,-0.8567565,moving,9.544886,18.95251,-15.28232,-7.52058,5.533793552665902,-0.5728119115503355
05/04/2023 16:18:40.452854,1413,True,True,True,True,Eyes,2.121347,0.1187205,-3.299471,-0.1583607,-0.3205093,-0.9339141,0.0,0.0,0.0,0.0,0.0,0.0,0.0,3.456931,-0.002557516,-1.813621,2.09536,0.1204966,-3.291587,-0.1140865,0.9555258,-0.1020032,-0.2520911,14.62276,208.2834,350.0858,0.5705032,0.03330617,-0.8206194,-0.3689203,-0.03360929,-0.317564,1.721581,-0.5237194,-5.180156,-0.5299248,-0.2538107,1.943238,-0.8468687,-0.166597,0.5050335,-0.2694534,0.9531593,-0.137413,-0.4584847,-0.2524538,-0.8520908,moving,9.623916,18.94167,-15.25377,-7.441404,5.53673543855587,-0.5722721302396017
05/04/2023 16:18:40.472677,1414,True,True,True,True,Eyes,2.119675,0.118745,-3.299981,-0.1599991,-0.3202337,-0.9337295,0.0,0.0,0.0,0.0,0.0,0.0,0.0,3.466693,0.01385495,-1.787291,2.083745,0.1207479,-3.294842,-0.1145621,0.9543138,-0.09984326,-0.2572779,14.44865,208.9118,350.0525,0.5675416,0.03300266,-0.8226827,-0.3467851,-0.03159273,-0.2985102,1.686527,-0.515119,-5.181366,-0.5289558,-0.2509422,1.94379,-0.8413673,-0.1672815,0.5139243,-0.2700314,0.9538137,-0.131615,-0.4681712,-0.2495123,-0.8476789,moving,9.723478,18.93002,-15.22305,-7.356165,5.540416056183333,-0.5716298250050129
05/04/2023 16:18:40.482458,1415,True,True,True,True,Eyes,2.117597,0.1188013,-3.300608,-0.1620761,-0.3198744,-0.9334944,0.0,0.0,0.0,0.0,0.0,0.0,0.0,3.47691,0.03801733,-1.758834,2.071939,0.1207045,-3.29793,-0.1160782,0.9528585,-0.09746569,-0.2628441,14.28604,209.5736,349.8981,0.5648345,0.03273017,-0.8245545,-0.325978,-0.02969717,-0.2805996,1.650646,-0.5063504,-5.182109,-0.5281192,-0.248466,1.944266,-0.8348776,-0.1699757,0.5235338,-0.2724488,0.9540525,-0.124721,-0.4782792,-0.2467629,-0.8428268,moving,9.849674,18.91471,-15.19654,-7.282597,5.545088209128848,-0.5708054796088557
05/04/2023 16:18:40.502598,1416,True,True,True,True,Eyes,2.115107,0.1189291,-3.301329,-0.1643965,-0.3194599,-0.9332305,0.0,0.0,0.0,0.0,0.0,0.0,0.0,3.490318,0.06241316,-1.723912,2.060311,0.1214693,-3.301279,-0.117867,0.9510573,-0.0953901,-0.269255,14.17684,210.3346,349.7318,0.5623488,0.03248657,-0.8262613,-0.3064193,-0.02791534,-0.2637636,1.611873,-0.4982129,-5.181554,-0.5272172,-0.2457965,1.944779,-0.8272185,-0.1728281,0.5346406,-0.2755651,0.9540161,-0.1179703,-0.4896672,-0.2449155,-0.8368054,moving,9.99064,18.8969,-15.16796,-7.203298,5.550316216883056,-0.5698713422047166
05/04/2023 16:18:40.518656,1417,True,True,True,True,Eyes,2.112242,0.1191356,-3.302158,-0.1670994,-0.3189282,-0.9329323,0.0,0.0,0.0,0.0,0.0,0.0,0.0,3.503731,0.07628658,-1.688887,2.048937,0.1234619,-3.304678,-0.1179001,0.9494873,-0.09312021,-0.2755037,13.99261,211.1007,349.755,0.5600546,0.03227093,-0.8278266,-0.2880341,-0.02624042,-0.2479378,1.57262,-0.4882261,-5.180643,-0.5263164,-0.2431299,1.945293,-0.8203946,-0.1725794,0.5451323,-0.2751993,0.9548564,-0.111869,-0.5012168,-0.2417967,-0.8308526,moving,10.15469,18.87329,-15.13942,-7.124096,5.556437092991806,-0.5687300328546863
05/04/2023 16:18:40.532633,1418,True,True,True,True,Eyes,2.108958,0.1194027,-3.303054,-0.169828,-0.3183564,-0.9326348,0.0,0.0,0.0,0.0,0.0,0.0,0.0,3.514009,0.08550343,-1.659371,2.037257,0.1255411,-3.308007,-0.1170686,0.9482401,-0.09054237,-0.2809588,13.73872,211.783,349.8526,0.5579259,0.03208263,-0.8292702,-0.2707521,-0.02466599,-0.2330615,1.535072,-0.4761498,-5.180376,-0.5252417,-0.2399513,1.945901,-0.8147143,-0.171141,0.5540321,-0.2728956,0.956194,-0.1059289,-0.5116334,-0.2374947,-0.8257285,moving,10.32019,18.84742,-15.10541,-7.02972,5.562638215164783,-0.5675400769893533
05/04/2023 16:18:40.552693,1419,True,True,True,True,Eyes,2.105332,0.1197464,-3.304048,-0.1729199,-0.3176816,-0.9322966,0.0,0.0,0.0,0.0,0.0,0.0,0.0,3.522961,0.08802491,-1.632586,2.025611,0.1274919,-3.311341,-0.1154105,0.9471698,-0.08823606,-0.2859447,13.48266,212.4174,350.0417,0.5559375,0.0319206,-0.8306107,-0.2545069,-0.02318603,-0.2190778,1.49972,-0.4658285,-5.179821,-0.5245062,-0.2377741,1.94632,-0.8098324,-0.1681655,0.5620431,-0.269088,0.9577897,-0.101147,-0.5213095,-0.2331511,-0.8209003,moving,10.50766,18.81663,-15.08212,-6.96508,5.569681468593571,-0.5661642271245375
05/04/2023 16:18:40.562521,1420,True,True,True,True,Eyes,2.101361,0.1201356,-3.305128,-0.176194,-0.3170783,-0.9318889,0.0,0.0,0.0,0.0,0.0,0.0,0.0,3.532884,0.09308606,-1.603271,2.013875,0.1297476,-3.314796,-0.1140564,0.9459239,-0.08577748,-0.2913103,13.22228,213.0946,350.1938,0.5540687,0.0317843,-0.8318636,-0.2392365,-0.02179487,-0.2059331,1.462604,-0.4542239,-5.178843,-0.5235887,-0.2350575,1.946843,-0.8042591,-0.1658015,0.5706817,-0.265753,0.9592668,-0.09582633,-0.5315478,-0.2287295,-0.8155613,moving,10.70663,18.79104,-15.05308,-6.884441,5.5770664276291795,-0.5648372261415515
05/04/2023 16:18:40.582579,1421,True,True,True,True,Eyes,2.097107,0.120562,-3.306309,-0.1797662,-0.3165049,-0.9314014,0.0,0.0,0.0,0.0,0.0,0.0,0.0,3.54424,0.09740961,-1.570866,2.00246,0.1313713,-3.318379,-0.1129802,0.9444332,-0.08398002,-0.2970337,13.04668,213.8103,350.3373,0.5523009,0.03167244,-0.8330427,-0.2248823,-0.02048718,-0.1935772,1.425184,-0.4460144,-5.176545,-0.5227131,-0.2324688,1.94734,-0.798013,-0.1635147,0.580033,-0.2632942,0.9603657,-0.09150919,-0.5420806,-0.2257448,-0.8094367,moving,10.92411,18.76857,-15.02539,-6.807618,5.585068294673218,-0.5634901708983082
05/04/2023 16:18:40.602680,1422,True,True,True,True,Eyes,2.092585,0.121017,-3.307568,-0.1834488,-0.3161987,-0.9307873,0.0,0.0,0.0,0.0,0.0,0.0,0.0,3.554608,0.1018607,-1.540349,1.991458,0.1328531,-3.321856,-0.1126778,0.942851,-0.08301137,-0.3023987,12.98418,214.4716,350.4139,0.5506176,0.03158358,-0.8341597,-0.2113894,-0.01925795,-0.1819625,1.390638,-0.4408924,-5.173627,-0.5218018,-0.2297717,1.947858,-0.7917176,-0.1622717,0.5889409,-0.2626818,0.9608256,-0.08838744,-0.5515268,-0.224682,-0.8033284,moving,11.14952,18.76319,-14.99656,-6.727588,5.593133671463926,-0.5624306407008913
05/04/2023 16:18:40.622541,1423,True,True,True,True,Eyes,2.087822,0.1214869,-3.308924,-0.1873479,-0.3160128,-0.9300734,0.0,0.0,0.0,0.0,0.0,0.0,0.0,3.564453,0.1045123,-1.510672,1.980865,0.133903,-3.32515,-0.1127643,0.9411899,-0.08290621,-0.3075265,13.0274,215.0984,350.4717,0.5490046,0.03151623,-0.8352247,-0.198706,-0.01810247,-0.1710448,1.358293,-0.4394388,-5.169802,-0.5208788,-0.2270425,1.948382,-0.7854236,-0.1612734,0.5975793,-0.2632568,0.9608216,-0.08670497,-0.5601839,-0.2254169,-0.7971082,moving,11.38888,18.76632,-14.96738,-6.646628,5.601585484205279,-0.5614717607413158
05/04/2023 16:18:40.632667,1424,True,True,True,True,Eyes,2.082844,0.1219911,-3.310371,-0.1913392,-0.3159796,-0.9292719,0.0,0.0,0.0,0.0,0.0,0.0,0.0,3.573823,0.1013935,-1.482964,1.97044,0.1347649,-3.328794,-0.1126313,0.9395648,-0.08366412,-0.3123025,13.1538,215.684,350.5791,0.5474494,0.03146866,-0.8362467,-0.1867837,-0.01701632,-0.1607821,1.328054,-0.4414481,-5.165704,-0.5199978,-0.2244333,1.948885,-0.7795631,-0.1593917,0.6057031,-0.2639058,0.960629,-0.08686565,-0.5680103,-0.2275658,-0.7909353,moving,11.63473,18.77954,-14.93952,-6.569236,5.610138938724473,-0.5606749489433769
05/04/2023 16:18:40.652649,1425,True,True,True,True,Eyes,2.077643,0.1225204,-3.311907,-0.1955504,-0.3159068,-0.9284196,0.0,0.0,0.0,0.0,0.0,0.0,0.0,3.582154,0.0971815,-1.456875,1.960088,0.1360824,-3.33216,-0.1118049,0.9381393,-0.08369448,-0.3168434,13.17249,216.2515,350.7364,0.5459415,0.03143984,-0.837233,-0.1755767,-0.01599534,-0.1511352,1.297764,-0.4397749,-5.162049,-0.5190457,-0.2216167,1.949425,-0.7742199,-0.156741,0.6132014,-0.2628131,0.9609898,-0.08618486,-0.5757716,-0.2278834,-0.7852111,moving,11.89419,18.79154,-14.90943,-6.485716,5.61919078082488,-0.5597973374959895
05/04/2023 16:18:40.662777,1426,True,True,True,True,Eyes,2.072197,0.1230547,-3.313503,-0.1999185,-0.3157353,-0.9275472,0.0,0.0,0.0,0.0,0.0,0.0,0.0,3.589953,0.09591419,-1.43169,1.949653,0.1372846,-3.335672,-0.1106334,0.9368226,-0.08272911,-0.3213714,13.06838,216.8236,350.8969,0.5444701,0.03142855,-0.838191,-0.1650421,-0.01503562,-0.142067,1.266654,-0.4343258,-5.15925,-0.5181297,-0.2189073,1.949945,-0.7689613,-0.1541142,0.6204411,-0.2604613,0.9618323,-0.08389618,-0.5838308,-0.2261138,-0.7797526,moving,12.16316,18.79848,-14.8805,-6.405394,5.628644498700216,-0.5587841780924856
05/04/2023 16:18:40.682772,1427,True,True,True,True,Eyes,2.066551,0.1235964,-3.31519,-0.2044751,-0.3154472,-0.9266515,0.0,0.0,0.0,0.0,0.0,0.0,0.0,3.596707,0.09561244,-1.40983,1.939427,0.1384114,-3.339542,-0.1093084,0.935671,-0.08131107,-0.3255149,12.90434,217.351,351.0515,0.5430273,0.03143325,-0.8391263,-0.1551395,-0.01413349,-0.133543,1.236996,-0.4270766,-5.157613,-0.5172713,-0.2163692,1.950431,-0.7641833,-0.1516174,0.6269256,-0.2574892,0.9628804,-0.08099782,-0.5913737,-0.2233238,-0.774857,moving,12.4435,18.79941,-14.8534,-6.330169,5.638578187262509,-0.5576097051363622
05/04/2023 16:18:40.702799,1428,True,True,True,True,Eyes,2.060837,0.1241585,-3.316964,-0.2110137,-0.3133309,-0.9259033,0.0,0.0,0.0,0.0,0.0,0.0,0.0,3.602189,0.09817787,-1.39063,1.929097,0.1390032,-3.343428,-0.1076694,0.9346982,-0.07897186,-0.3294086,12.62471,217.8521,351.2023,0.5416051,0.03145258,-0.8400443,-0.1458312,-0.01328548,-0.1255304,1.207333,-0.4163806,-5.157014,-0.5163559,-0.2136598,1.950952,-0.7597946,-0.1492487,0.6328011,-0.2533048,0.9643415,-0.07669529,-0.5987896,-0.2185642,-0.7705069,moving,12.83846,18.69611,-14.82449,-6.249878,5.65390668017757,-0.5539886702212176
05/04/2023 16:18:40.718805,1429,True,True,True,True,Eyes,1.913384,0.1382251,-3.363498,-0.3724381,-0.2555159,-0.8921892,0.0,0.0,0.0,0.0,0.0,0.0,0.0,3.60546,0.1032051,-1.369138,1.918554,0.1390278,-3.344301,-0.1064876,0.933623,-0.07681971,-0.3333277,12.3822,218.351,351.3069,0.5401988,0.03148555,-0.840948,-0.1370813,-0.01248835,-0.1179986,1.177789,-0.406948,-5.153059,-0.5154158,-0.2108748,1.951489,-0.7551062,-0.1476263,0.6387655,-0.2500508,0.9655182,-0.07245074,-0.606044,-0.2144318,-0.7659829,moving,22.65775,15.98129,-14.79479,-6.167359,6.03686455659086,-0.4612081857323438
05/04/2023 16:18:40.732643,1430,True,True,True,True,Eyes,1.91295,0.1382041,-3.36354,-0.3727591,-0.2555794,-0.8920369,0.0,0.0,0.0,0.0,0.0,0.0,0.0,3.6095,0.1089778,-1.353539,1.908407,0.1394855,-3.348278,-0.1058818,0.9326202,-0.07497607,-0.3367301,12.19008,218.7797,351.3503,0.5344343,0.03199,-0.8446043,-0.5712142,0.03046075,-0.2505195,1.151379,-0.3983467,-5.152724,-0.5145494,-0.2083132,1.95198,-0.7508038,-0.1470015,0.6439598,-0.2479883,0.9663353,-0.06854126,-0.6122053,-0.2111555,-0.7619828,moving,22.67879,15.98765,-14.76746,-6.091491,6.037529925265183,-0.4612382768877805
05/04/2023 16:18:40.752467,1431,True,True,True,True,Eyes,1.912137,0.1381992,-3.363736,-0.3733484,-0.2556809,-0.8917613,0.0,0.0,0.0,0.0,0.0,0.0,0.0,3.612114,0.1246848,-1.334679,1.898329,0.1390727,-3.349819,-0.1074029,0.9312171,-0.07390808,-0.3403481,12.16676,219.2127,351.1898,0.5296608,0.03241399,-0.8475899,-0.5369413,0.02863311,-0.2354883,1.126022,-0.3942545,-5.149111,-0.5136764,-0.2057306,1.952475,-0.7452554,-0.149722,0.649752,-0.2503399,0.9660044,-0.06454014,-0.6180001,-0.2107577,-0.7574013,moving,22.71731,15.99837,-14.73992,-6.015012,6.0387598565132095,-0.46127600152249426
05/04/2023 16:18:40.762563,1432,True,True,True,True,Eyes,1.910995,0.1382257,-3.364044,-0.3743106,-0.2560501,-0.8912519,0.0,0.0,0.0,0.0,0.0,0.0,0.0,3.617776,0.1366173,-1.313884,1.888552,0.1394401,-3.353683,-0.1092096,0.9295526,-0.07385734,-0.3443114,12.26965,219.6849,351.0409,0.5256916,0.03277205,-0.8500436,-0.5047249,0.02691512,-0.221359,1.100317,-0.393384,-5.146199,-0.5127035,-0.2028517,1.953028,-0.7390459,-0.1521723,0.656243,-0.253892,0.9652367,-0.06210435,-0.6239792,-0.2125128,-0.7519895,moving,22.78158,16.02897,-14.70923,-5.929775,6.040649932598923,-0.46157792766258177
05/04/2023 16:18:40.782626,1433,True,True,True,True,Eyes,1.909529,0.1382963,-3.364496,-0.3754248,-0.2566374,-0.8906142,0.0,0.0,0.0,0.0,0.0,0.0,0.0,3.622564,0.145995,-1.291424,1.878886,0.1400921,-3.355923,-0.1121436,0.9276152,-0.0756504,-0.3481824,12.61753,220.1325,350.8386,0.5223731,0.03307644,-0.8520752,-0.4744414,0.02530021,-0.2080774,1.077289,-0.4001635,-5.140273,-0.5118736,-0.2003943,1.953502,-0.7323859,-0.1553719,0.662926,-0.2607325,0.9634016,-0.06225606,-0.6289912,-0.2184418,-0.7460923,moving,22.85711,16.07475,-14.68304,-5.857033,6.042745999792075,-0.46211731789320293
05/04/2023 16:18:40.802462,1434,True,True,True,True,Eyes,1.90774,0.1383646,-3.365029,-0.3768207,-0.2574404,-0.8897924,0.0,0.0,0.0,0.0,0.0,0.0,0.0,3.62797,0.1482361,-1.272506,1.86965,0.1411814,-3.359746,-0.1141573,0.9259035,-0.07763417,-0.3516303,12.94678,220.5378,350.7414,0.5194901,0.0333431,-0.8538254,-0.4459749,0.0237822,-0.1955928,1.055811,-0.4066678,-5.136227,-0.5109679,-0.1977164,1.954016,-0.7266486,-0.1568003,0.6688763,-0.2659944,0.9618821,-0.06348115,-0.6334263,-0.2240459,-0.7406582,moving,22.95231,16.13655,-14.65448,-5.777788,6.045335711033797,-0.4628742039777356
05/04/2023 16:18:40.818700,1435,True,True,True,True,Eyes,1.905652,0.1384297,-3.365699,-0.3783509,-0.2584649,-0.8888456,0.0,0.0,0.0,0.0,0.0,0.0,0.0,3.631573,0.1494545,-1.255037,1.860284,0.141342,-3.362312,-0.1163625,0.9242193,-0.08019458,-0.3547498,13.34381,220.9004,350.6433,0.5168502,0.03358495,-0.8554165,-0.4192164,0.02235527,-0.1838572,1.036002,-0.4162742,-5.130932,-0.5100489,-0.1949943,1.954539,-0.7212248,-0.1581909,0.6743964,-0.2719869,0.9600572,-0.06567562,-0.6370698,-0.2307938,-0.735443,moving,23.05778,16.21376,-14.62551,-5.697254,6.048093359971585,-0.4638770867775453
05/04/2023 16:18:40.832891,1436,True,True,True,True,Eyes,1.903309,0.1384957,-3.366493,-0.380246,-0.2595925,-0.8877075,0.0,0.0,0.0,0.0,0.0,0.0,0.0,3.636707,0.1461872,-1.23752,1.851198,0.1413617,-3.366235,-0.118205,0.922495,-0.08328744,-0.357902,13.78481,221.272,350.6091,0.5144225,0.03380449,-0.85687,-0.3940634,0.02101395,-0.1728258,1.016621,-0.4280886,-5.126251,-0.5091507,-0.1923368,1.95505,-0.7158678,-0.1584695,0.6800155,-0.2777044,0.9581816,-0.06905294,-0.6406355,-0.2382761,-0.7299391,moving,23.18768,16.30052,-14.59721,-5.618649,6.051595985498234,-0.46495560973274025
05/04/2023 16:18:40.852714,1437,True,True,True,True,Eyes,1.900693,0.1385647,-3.367416,-0.382306,-0.2608719,-0.8864468,0.0,0.0,0.0,0.0,0.0,0.0,0.0,3.642358,0.144239,-1.215664,1.842139,0.1413316,-3.369267,-0.1196951,0.9206427,-0.08583742,-0.3615553,14.15843,221.7123,350.6025,0.5121802,0.03400403,-0.8582044,-0.3704196,0.01975311,-0.1624562,0.9947302,-0.4378399,-5.119976,-0.5081946,-0.1895072,1.955594,-0.7099018,-0.1583228,0.6862751,-0.2824627,0.9566101,-0.07149839,-0.6451778,-0.2446039,-0.7238196,moving,23.32953,16.3986,-14.56709,-5.534976,6.055378278693951,-0.4661961063294242
05/04/2023 16:18:40.862454,1438,True,True,True,True,Eyes,1.89781,0.1386338,-3.368438,-0.3848078,-0.2619206,-0.885054,0.0,0.0,0.0,0.0,0.0,0.0,0.0,3.648716,0.1420548,-1.194003,1.833074,0.141523,-3.373242,-0.1206885,0.9188514,-0.08780412,-0.3652901,14.44973,222.1704,350.6311,0.5100982,0.03418569,-0.8594364,-0.3481945,0.01856793,-0.1527089,0.9719265,-0.445081,-5.114771,-0.5072733,-0.1867819,1.956117,-0.7039949,-0.1576415,0.6924887,-0.2859375,0.9554495,-0.07318527,-0.6501008,-0.2495305,-0.7177072,moving,23.49866,16.48546,-14.53807,-5.454411,6.060271381143257,-0.46710971023117526
05/04/2023 16:18:40.882506,1439,True,True,True,True,Eyes,1.894675,0.1387075,-3.369594,-0.3874655,-0.2629768,-0.8835801,0.0,0.0,0.0,0.0,0.0,0.0,0.0,3.654907,0.1394378,-1.171693,1.824172,0.1415513,-3.376834,-0.120869,0.9171931,-0.08893646,-0.3691044,14.61782,222.6494,350.7184,0.5081547,0.03435134,-0.8605803,-0.3273028,0.01745385,-0.1435463,0.9481119,-0.4492427,-5.109512,-0.5064521,-0.1843538,1.956583,-0.6983055,-0.1560668,0.6985792,-0.2873742,0.954962,-0.07391723,-0.6555805,-0.2523704,-0.7117048,moving,23.6783,16.5744,-14.51223,-5.38265,6.065510833212383,-0.46801772545025
05/04/2023 16:18:40.902437,1440,True,True,True,True,Eyes,1.891328,0.1387822,-3.370895,-0.3905321,-0.2636938,-0.8820149,0.0,0.0,0.0,0.0,0.0,0.0,0.0,3.660395,0.1379759,-1.1531,1.815164,0.1418706,-3.381156,-0.1206676,0.9157882,-0.08919703,-0.3725794,14.67215,223.0909,350.8073,0.5063298,0.03450273,-0.8616492,-0.3076646,0.01640662,-0.1349336,0.9243902,-0.4491199,-5.106287,-0.5055151,-0.1815795,1.957116,-0.693248,-0.1545459,0.7039339,-0.2874778,0.9549664,-0.07345466,-0.6608812,-0.2532876,-0.706457,moving,23.88246,16.64496,-14.48272,-5.300675,6.071854436584354,-0.4684759959565313
05/04/2023 16:18:40.919004,1441,True,True,True,True,Eyes,1.887744,0.1388265,-3.372332,-0.3937629,-0.2643295,-0.8803867,0.0,0.0,0.0,0.0,0.0,0.0,0.0,3.66506,0.1384709,-1.136212,1.806229,0.1418299,-3.385296,-0.1201684,0.9145474,-0.08871544,-0.3758888,14.63194,223.515,350.8954,0.5046063,0.03464127,-0.8626541,-0.2892047,0.01542222,-0.1268376,0.9007429,-0.4463713,-5.103745,-0.5046204,-0.1789321,1.957625,-0.6885345,-0.1531051,0.7088578,-0.2864936,0.9553783,-0.07192903,-0.6662146,-0.2526088,-0.7016745,moving,24.09712,16.71199,-14.45457,-5.222476,6.078615537062957,-0.4688232687276481
05/04/2023 16:18:40.932981,1442,True,True,True,True,Eyes,1.883923,0.1388383,-3.373888,-0.397343,-0.2645531,-0.8787094,0.0,0.0,0.0,0.0,0.0,0.0,0.0,3.670068,0.1439723,-1.118252,1.797004,0.1413067,-3.3899,-0.1200784,0.9131621,-0.0878345,-0.3794751,14.56912,223.9695,350.9259,0.5029677,0.03476753,-0.8636054,-0.2718524,0.01449689,-0.1192273,0.8758,-0.4428878,-5.10139,-0.5037403,-0.1763292,1.958124,-0.6831596,-0.1526401,0.7141386,-0.2859641,0.9557325,-0.06928074,-0.6719504,-0.2515478,-0.6965675,moving,24.33197,16.75547,-14.42688,-5.145611,6.086393068908755,-0.4686420262921088
05/04/2023 16:18:40.952958,1443,True,True,True,True,Eyes,1.879885,0.1388118,-3.375581,-0.4011006,-0.2647731,-0.8769342,0.0,0.0,0.0,0.0,0.0,0.0,0.0,3.67639,0.1532328,-1.096132,1.788092,0.1404094,-3.394679,-0.1203451,0.9114936,-0.08683747,-0.3836089,14.51506,224.4897,350.9207,0.5013996,0.03488189,-0.8645121,-0.2555413,0.01362708,-0.1120737,0.8492553,-0.4396586,-5.09802,-0.5028266,-0.1736261,1.958643,-0.6767225,-0.1527643,0.720215,-0.2860108,0.9559526,-0.06597268,-0.6784132,-0.2506345,-0.6906068,moving,24.57887,16.80066,-14.39815,-5.065806,6.094576300348175,-0.4684416924600867
05/04/2023 16:18:40.972665,1444,True,True,True,True,Eyes,1.875635,0.1387485,-3.377404,-0.4051318,-0.2647318,-0.8750917,0.0,0.0,0.0,0.0,0.0,0.0,0.0,3.682795,0.1577852,-1.073784,1.778975,0.1395148,-3.399512,-0.1202847,0.9098094,-0.08639745,-0.3877034,14.50592,225.0102,350.9742,0.4998897,0.03498454,-0.865382,-0.2402088,0.01280945,-0.1053492,0.822773,-0.4382136,-5.094024,-0.5018354,-0.1706922,1.959206,-0.6704351,-0.1518792,0.7262568,-0.2858655,0.9561341,-0.0639408,-0.6846876,-0.25048,-0.6844429,moving,24.84221,16.83156,-14.36698,-4.979217,6.103524902150706,-0.46790284861454323
05/04/2023 16:18:40.982770,1445,True,True,True,True,Eyes,1.87118,0.1386448,-3.379366,-0.4093035,-0.2647511,-0.8731422,0.0,0.0,0.0,0.0,0.0,0.0,0.0,3.689988,0.1579909,-1.050502,1.770043,0.1386158,-3.404742,-0.1198482,0.9080857,-0.08642194,-0.3918522,14.52975,225.5437,351.0896,0.4984263,0.03507569,-0.8662218,-0.2257963,0.01204088,-0.09902829,0.7967703,-0.4388164,-5.089662,-0.5010094,-0.1682494,1.959676,-0.6641765,-0.1499356,0.7323857,-0.2853941,0.9563353,-0.06303146,-0.6909556,-0.2508826,-0.6779662,moving,25.11581,16.86817,-14.34102,-4.907137,6.11276471823035,-0.46742771240969017
05/04/2023 16:18:41.002520,1446,True,True,True,True,Eyes,1.866539,0.1385004,-3.381489,-0.4137882,-0.2646036,-0.8710707,0.0,0.0,0.0,0.0,0.0,0.0,0.0,3.696904,0.154411,-1.027897,1.760841,0.1376383,-3.409987,-0.1190566,0.9064089,-0.08676764,-0.3958783,14.56972,226.0672,351.2561,0.4969994,0.03515543,-0.8670381,-0.2122485,0.01131843,-0.09308659,0.7709049,-0.4402978,-5.085063,-0.5001163,-0.1656068,1.960183,-0.6582115,-0.1471291,0.7383158,-0.2845268,0.9565938,-0.06303002,-0.6969948,-0.2515578,-0.6715032,moving,25.40931,16.89711,-14.31295,-4.829186,6.122808278893237,-0.4667237915190735
05/04/2023 16:18:41.019244,1447,True,True,True,True,Eyes,1.861704,0.1383015,-3.383749,-0.4184155,-0.2645199,-0.868883,0.0,0.0,0.0,0.0,0.0,0.0,0.0,3.704744,0.1517843,-1.003952,1.751836,0.1364555,-3.415923,-0.1183853,0.9046013,-0.0871601,-0.4001057,14.62097,226.6163,351.4153,0.4955999,0.03522381,-0.867836,-0.1995136,0.01063933,-0.0875014,0.7446303,-0.4422255,-5.080483,-0.4992003,-0.162897,1.960704,-0.6518007,-0.1444365,0.7445093,-0.2839295,0.9567761,-0.062957,-0.7032354,-0.2524236,-0.6646371,moving,25.7134,16.93217,-14.28417,-4.749277,6.133149535493786,-0.4660898819689892
05/04/2023 16:18:41.032603,1448,True,True,True,True,Eyes,1.856692,0.1380493,-3.386189,-0.423282,-0.2643445,-0.8665762,0.0,0.0,0.0,0.0,0.0,0.0,0.0,3.71206,0.1524238,-0.9789562,1.742478,0.1349829,-3.421479,-0.11807,0.9026673,-0.08739698,-0.4044908,14.67272,227.1827,351.5321,0.4942197,0.03528053,-0.8686205,-0.1875428,0.01000097,-0.08225132,0.7175032,-0.4439553,-5.07515,-0.4982357,-0.1600401,1.961254,-0.6448934,-0.1424534,0.7508793,-0.2838585,0.9568425,-0.06226434,-0.7096034,-0.2532973,-0.6574979,moving,26.03335,16.96405,-14.25386,-4.66505,6.14409398346067,-0.46532876392239353
05/04/2023 16:18:41.052862,1449,True,True,True,True,Eyes,1.851498,0.1377315,-3.388773,-0.4283074,-0.2642567,-0.8641303,0.0,0.0,0.0,0.0,0.0,0.0,0.0,3.721717,0.1506491,-0.948719,1.733357,0.1334627,-3.42806,-0.1173635,0.900443,-0.08782711,-0.4095299,14.73177,227.8396,351.7113,0.4928508,0.03532531,-0.869396,-0.1762902,0.009400909,-0.07731624,0.6885443,-0.4469224,-5.068829,-0.4974316,-0.1576622,1.96171,-0.6370224,-0.1394226,0.758132,-0.2832939,0.9570244,-0.06203893,-0.7169012,-0.2542943,-0.6491436,moving,26.36538,17.00397,-14.22862,-4.594974,6.155364516308768,-0.4646674123868943
05/04/2023 16:18:41.062614,1450,True,True,True,True,Eyes,1.846155,0.1373392,-3.391534,-0.4335319,-0.2641469,-0.8615547,0.0,0.0,0.0,0.0,0.0,0.0,0.0,3.730206,0.1484212,-0.9197221,1.723963,0.1316233,-3.43409,-0.1166644,0.8982632,-0.08837161,-0.414371,14.80005,228.4733,351.8924,0.4914873,0.03535761,-0.8701662,-0.1657128,0.008836854,-0.07267726,0.659876,-0.4500645,-5.062056,-0.4964496,-0.1547551,1.96227,-0.6293725,-0.1363533,0.765048,-0.2828278,0.9571598,-0.06207728,-0.7238088,-0.2554466,-0.6409745,moving,26.71141,17.04519,-14.19778,-4.509318,6.167115153996835,-0.46397097161349116
05/04/2023 16:18:41.082528,1451,True,True,True,True,Eyes,1.708697,0.1243608,-3.464858,-0.5630947,-0.261762,-0.7838399,0.0,0.0,0.0,0.0,0.0,0.0,0.0,3.739548,0.1422651,-0.8887391,1.714562,0.1304223,-3.440578,-0.1159131,0.8959156,-0.08959804,-0.4193707,14.93753,229.1325,352.1151,0.490124,0.03537666,-0.8709341,-0.15577,0.008306643,-0.06831662,0.6315396,-0.4556364,-5.05451,-0.4956445,-0.1523721,1.962729,-0.621385,-0.1325472,0.7722127,-0.2828464,0.9570727,-0.06332339,-0.7306703,-0.2577657,-0.6322011,moving,35.6927,18.46665,-14.1725,-4.439127,6.467624588489238,-0.4525034598999272
05/04/2023 16:18:41.102320,1452,True,True,True,True,Eyes,1.708328,0.1243718,-3.465346,-0.5634309,-0.2617379,-0.7836064,0.0,0.0,0.0,0.0,0.0,0.0,0.0,3.749065,0.1404222,-0.857708,1.705528,0.1269243,-3.447598,-0.1153749,0.893477,-0.09069156,-0.4244556,15.07034,229.8026,352.3118,0.484063,0.03498799,-0.874333,-0.5587984,-0.03112695,-0.2841895,0.6032009,-0.4628426,-5.047145,-0.4947318,-0.1496699,1.963247,-0.6130524,-0.1291805,0.7794096,-0.2831587,0.9569274,-0.06411865,-0.7375555,-0.2600047,-0.6232252,moving,35.717,18.4702,-14.14386,-4.359563,6.468441426104213,-0.45246687036294914
05/04/2023 16:18:41.119440,1453,True,True,True,True,Eyes,1.707589,0.1242916,-3.466099,-0.5641198,-0.2618921,-0.783059,0.0,0.0,0.0,0.0,0.0,0.0,0.0,3.763309,0.1325313,-0.8258157,1.696565,0.1261953,-3.459447,-0.1148119,0.8908064,-0.09249925,-0.4297977,15.27723,230.5127,352.5524,0.4790452,0.03466284,-0.8771052,-0.5252705,-0.02925933,-0.2671382,0.5746692,-0.4700804,-5.042997,-0.4938223,-0.1469815,1.963762,-0.6041841,-0.1250385,0.7869732,-0.2840624,0.9565242,-0.06610601,-0.7444931,-0.2634897,-0.6134355,moving,35.76918,18.49238,-14.11535,-4.28043,6.470009905831505,-0.4526619296229663
05/04/2023 16:18:41.132651,1454,True,True,True,True,Eyes,1.706503,0.1241916,-3.467269,-0.5650536,-0.2619876,-0.7823535,0.0,0.0,0.0,0.0,0.0,0.0,0.0,3.773433,0.127053,-0.7897677,1.687135,0.1240244,-3.466534,-0.1143367,0.8879822,-0.09430503,-0.4353407,15.4878,231.2519,352.79,0.4748727,0.03438794,-0.879382,-0.4937543,-0.02750377,-0.2511099,0.5451512,-0.4788394,-5.033252,-0.4929131,-0.1442923,1.964279,-0.5948114,-0.1209482,0.7947146,-0.2851675,0.9560674,-0.06793157,-0.7515845,-0.2670332,-0.6031703,moving,35.83865,18.51421,-14.08684,-4.201296,6.472196238861044,-0.4527768960010148
05/04/2023 16:18:41.157604,1455,True,True,True,True,Eyes,1.705068,0.1240202,-3.468693,-0.5663266,-0.2622414,-0.7813473,0.0,0.0,0.0,0.0,0.0,0.0,0.0,3.786412,0.1179935,-0.7549934,1.677703,0.1233348,-3.477205,-0.1137281,0.8851091,-0.09636161,-0.4408655,15.71537,231.9957,353.0573,0.4713802,0.03415383,-0.8812681,-0.464129,-0.02585354,-0.2360433,0.5159634,-0.4869297,-5.026553,-0.4920132,-0.1416276,1.964792,-0.5854073,-0.1163585,0.8023461,-0.2862885,0.9555607,-0.07030351,-0.75851,-0.2708586,-0.5927043,moving,35.93489,18.55315,-14.05862,-4.122907,6.475114208010573,-0.4530996591437985
05/04/2023 16:18:41.162762,1456,True,True,True,True,Eyes,1.703293,0.1238132,-3.470469,-0.5677891,-0.2624436,-0.7802172,0.0,0.0,0.0,0.0,0.0,0.0,0.0,3.796705,0.1109122,-0.7170753,1.66814,0.1216848,-3.484821,-0.1129441,0.8821511,-0.09805963,-0.4465841,15.89557,232.7691,353.3315,0.4683582,0.03394728,-0.8828859,-0.4362813,-0.02430233,-0.2218807,0.4856746,-0.4943823,-5.016216,-0.4910758,-0.1388524,1.965324,-0.5756124,-0.1116838,0.8100598,-0.2868513,0.9552558,-0.07212873,-0.7657587,-0.2738849,-0.5818938,moving,36.04459,18.59153,-14.02924,-4.041297,6.478516831204405,-0.4533546664767417
05/04/2023 16:18:41.182610,1457,True,True,True,True,Eyes,1.70121,0.1235559,-3.472485,-0.5695363,-0.2628226,-0.7788149,0.0,0.0,0.0,0.0,0.0,0.0,0.0,3.809177,0.1004526,-0.6812935,1.6587,0.1207514,-3.495456,-0.1123233,0.8791439,-0.1004848,-0.4520976,16.15539,233.5232,353.6257,0.4655795,0.03375509,-0.8843617,-0.4101044,-0.02284419,-0.2085678,0.4571683,-0.5040542,-5.008482,-0.4902115,-0.1362982,1.965814,-0.5659824,-0.1066388,0.8174913,-0.2883545,0.9545726,-0.07511898,-0.7723442,-0.2782433,-0.5710211,moving,36.17747,18.64773,-14.00217,-3.96621,6.482514679811708,-0.4538460805162967
05/04/2023 16:18:41.202662,1458,True,True,True,True,Eyes,1.69883,0.1232791,-3.474837,-0.5713743,-0.2631552,-0.777355,0.0,0.0,0.0,0.0,0.0,0.0,0.0,3.8185,0.09083548,-0.646543,1.649438,0.1193928,-3.503185,-0.1114859,0.8763278,-0.1025053,-0.4572891,16.35686,234.2385,353.919,0.4630117,0.0335745,-0.8857157,-0.3854982,-0.02147354,-0.1960538,0.4295703,-0.5121254,-4.99879,-0.4893109,-0.1336302,1.966328,-0.5569154,-0.1016473,0.8243259,-0.2891455,0.9541271,-0.0776939,-0.7786143,-0.281619,-0.5607589,moving,36.31676,18.70232,-13.97394,-3.8878,6.4867604544075785,-0.45427997712722024
05/04/2023 16:18:41.222445,1459,True,True,True,True,Eyes,1.696179,0.1229751,-3.477407,-0.5734149,-0.2637215,-0.7756586,0.0,0.0,0.0,0.0,0.0,0.0,0.0,3.829293,0.08116049,-0.6146722,1.639993,0.1187006,-3.513435,-0.1112614,0.8734564,-0.1051209,-0.462217,16.64799,234.9214,354.178,0.4606246,0.03340378,-0.8869659,-0.3623683,-0.02018513,-0.1842905,0.4036377,-0.5220864,-4.991604,-0.4883876,-0.1309002,1.966853,-0.547953,-0.09718658,0.8308445,-0.2915413,0.953141,-0.08078332,-0.784061,-0.2864909,-0.5506104,moving,36.47411,18.77787,-13.94503,-3.807599,6.491379792774124,-0.45503107254939446
05/04/2023 16:18:41.232919,1460,True,True,True,True,Eyes,1.693242,0.1226931,-3.480239,-0.5754941,-0.2641389,-0.773975,0.0,0.0,0.0,0.0,0.0,0.0,0.0,3.837414,0.0774956,-0.5843878,1.631014,0.1178352,-3.521245,-0.1119521,0.8706237,-0.1076916,-0.4667801,16.97963,235.5493,354.3356,0.4583928,0.03324118,-0.8881274,-0.3406262,-0.01897402,-0.1732331,0.3801392,-0.5327172,-4.982994,-0.4874843,-0.1282257,1.967367,-0.5391662,-0.09439965,0.8368921,-0.2954728,0.9517385,-0.08300373,-0.788667,-0.2920317,-0.5410378,moving,36.63288,18.84353,-13.91675,-3.729052,6.496175561067058,-0.45559022735584365
05/04/2023 16:18:41.252835,1461,True,True,True,True,Eyes,1.690042,0.1224792,-3.483268,-0.5778123,-0.2646499,-0.7720709,0.0,0.0,0.0,0.0,0.0,0.0,0.0,3.846868,0.07499498,-0.5533371,1.621691,0.1181673,-3.530772,-0.1127722,0.8676623,-0.1099632,-0.471543,17.28805,236.2038,354.4713,0.4562927,0.03308642,-0.889214,-0.3201886,-0.01783558,-0.1628391,0.3555489,-0.5410882,-4.975542,-0.4865363,-0.1254228,1.967905,-0.5298594,-0.09199153,0.8430818,-0.2994011,0.9503811,-0.08446798,-0.7934787,-0.2971757,-0.5311106,moving,36.81092,18.92065,-13.88708,-3.646768,6.501508902202285,-0.4562828640971326
05/04/2023 16:18:41.262371,1462,True,True,True,True,Eyes,1.686622,0.1223797,-3.486566,-0.5803123,-0.2647169,-0.7701705,0.0,0.0,0.0,0.0,0.0,0.0,0.0,3.854547,0.07548404,-0.5215225,1.612381,0.1196375,-3.538521,-0.1131275,0.8648614,-0.110764,-0.476391,17.42018,236.8634,354.5787,0.4543039,0.03294045,-0.8902372,-0.3009773,-0.01676544,-0.1530688,0.3293717,-0.5423916,-4.967227,-0.4855988,-0.1226474,1.968438,-0.5205078,-0.09014524,0.8490853,-0.3012132,0.949867,-0.0838052,-0.7989634,-0.2993769,-0.521566,moving,36.99749,18.96847,-13.85774,-3.565318,6.507518302848615,-0.45638847865129323
05/04/2023 16:18:41.282472,1463,True,True,True,True,Eyes,1.682974,0.1223632,-3.490032,-0.5830576,-0.264605,-0.7681328,0.0,0.0,0.0,0.0,0.0,0.0,0.0,3.862745,0.07226044,-0.4922142,1.603224,0.122144,-3.54726,-0.1117724,0.8625588,-0.1097319,-0.4811009,17.26839,237.5056,354.7585,0.4524082,0.03280525,-0.8912071,-0.2829187,-0.01575952,-0.1438846,0.301552,-0.5343599,-4.96172,-0.4847816,-0.120229,1.968902,-0.5120977,-0.08723631,0.8544856,-0.2984048,0.9509317,-0.08175288,-0.8054256,-0.2968481,-0.5130017,moving,37.20062,19.00772,-13.83218,-3.494368,6.514224426804757,-0.45626259222246385
05/04/2023 16:18:41.302543,1464,True,True,True,True,Eyes,1.679107,0.1224319,-3.493705,-0.5861692,-0.2646193,-0.765756,0.0,0.0,0.0,0.0,0.0,0.0,0.0,3.86932,0.07092115,-0.4652939,1.594204,0.1241292,-3.554753,-0.1101227,0.8605098,-0.107913,-0.4855417,17.0172,238.1066,354.9163,0.4505902,0.03268184,-0.8921322,-0.2659435,-0.01481395,-0.1352516,0.2739044,-0.5232015,-4.956298,-0.4838765,-0.1175518,1.969417,-0.5042447,-0.08473083,0.8593941,-0.2943159,0.9524555,-0.0787821,-0.8118594,-0.2926588,-0.5052084,moving,37.43326,19.06341,-13.80388,-3.415855,6.521767932560895,-0.4563202585433594
05/04/2023 16:18:41.319798,1465,True,True,True,True,Eyes,1.675023,0.1226177,-3.497507,-0.5895159,-0.2645214,-0.7632165,0.0,0.0,0.0,0.0,0.0,0.0,0.0,3.875956,0.07319018,-0.4398417,1.585022,0.126117,-3.562815,-0.108785,0.8584775,-0.1056727,-0.489914,16.7398,238.6908,355.0135,0.4488355,0.03257118,-0.8930203,-0.2499869,-0.01392511,-0.1271365,0.246306,-0.5106217,-4.95188,-0.4829561,-0.1148274,1.969941,-0.4963005,-0.08323782,0.8641514,-0.29032,0.9539982,-0.07484475,-0.818169,-0.2880259,-0.4976354,moving,37.68285,19.11568,-13.7751,-3.335984,6.529956358221097,-0.45624157059063797
05/04/2023 16:18:41.332866,1466,True,True,True,True,Eyes,1.67073,0.1229373,-3.501437,-0.5930603,-0.2645752,-0.7604468,0.0,0.0,0.0,0.0,0.0,0.0,0.0,3.882049,0.07216595,-0.4092927,1.57594,0.1291187,-3.569702,0.1073944,-0.8561352,0.1040038,0.4946537,16.51873,239.3326,355.1537,0.4471317,0.03247497,-0.8938781,-0.2349877,-0.0130896,-0.1195083,0.2182334,-0.499256,-4.944263,-0.4820615,-0.1121794,1.970449,-0.4875683,-0.08099654,0.8693196,-0.2867799,0.9552993,-0.07183652,-0.8246419,-0.2843286,-0.4890018,moving,37.9501,19.18385,-13.74714,-3.25838,6.538568649195604,-0.45638666899438657
05/04/2023 16:18:41.352865,1467,True,True,True,True,Eyes,1.666239,0.1233625,-3.505483,-0.5967982,-0.2645414,-0.7575288,0.0,0.0,0.0,0.0,0.0,0.0,0.0,3.887998,0.07340577,-0.3813677,1.56696,0.132615,-3.576927,0.1065136,-0.8538667,0.1023453,0.4990913,16.32578,239.9292,355.2339,0.4454684,0.0323952,-0.8947111,-0.2208884,-0.01230423,-0.1123378,0.1917064,-0.4878004,-4.937791,-0.4811649,-0.1095291,1.970957,-0.4791256,-0.07973751,0.874117,-0.2840561,0.9563606,-0.06845846,-0.8305124,-0.2810985,-0.4808668,moving,38.23183,19.25003,-13.71913,-3.180743,6.547720006526968,-0.45643279492335576
05/04/2023 16:18:41.362599,1468,True,True,True,True,Eyes,1.661584,0.1238846,-3.509648,-0.6008041,-0.264672,-0.7543097,0.0,0.0,0.0,0.0,0.0,0.0,0.0,3.892954,0.07886393,-0.3516212,1.558015,0.135668,-3.583173,0.1062785,-0.8513796,0.1008116,0.5036812,16.18376,240.5429,355.2568,0.4438363,0.03233292,-0.895524,-0.2076351,-0.01156597,-0.1055975,0.1651038,-0.4775848,-4.929493,-0.4801209,-0.1064404,1.97155,-0.4700199,-0.07941289,0.8790759,-0.2825205,0.9570838,-0.06459682,-0.8362195,-0.2787188,-0.4722842,moving,38.53716,19.33494,-13.68652,-3.090294,6.557469891086668,-0.45673064713100464
05/04/2023 16:18:41.382363,1469,True,True,True,True,Eyes,1.656759,0.1244571,-3.513899,-0.6050584,-0.2646865,-0.7508963,0.0,0.0,0.0,0.0,0.0,0.0,0.0,3.898036,0.09317251,-0.318038,1.548983,0.1382324,-3.589716,0.1069557,-0.8484734,0.09884165,0.5088063,16.0555,241.2183,355.17,0.4422275,0.03228883,-0.8963212,-0.195177,-0.01087201,-0.09926166,0.1375892,-0.4680941,-4.920019,-0.4793444,-0.1041395,1.971993,-0.4593534,-0.08091559,0.8845605,-0.2820806,0.9575816,-0.05888953,-0.8422739,-0.2765685,-0.4626931,moving,38.86123,19.41725,-13.66227,-3.022939,6.567917747557841,-0.4568999479120963
05/04/2023 16:18:41.402598,1470,True,True,True,True,Eyes,1.651761,0.1250703,-3.518191,-0.6094283,-0.2648774,-0.7472864,0.0,0.0,0.0,0.0,0.0,0.0,0.0,3.90254,0.110735,-0.2794924,1.540322,0.1402762,-3.595542,0.1077191,-0.8452397,0.09655031,0.5144362,15.90514,241.9617,355.0634,0.4406352,0.03226239,-0.897106,-0.1834664,-0.01021969,-0.09330596,0.1086733,-0.4579642,-4.907969,-0.4784636,-0.1015337,1.972494,-0.447504,-0.08275902,0.8904445,-0.2814349,0.9581493,-0.05238704,-0.8488431,-0.2740455,-0.452067,moving,39.19799,19.51699,-13.63476,-2.946687,6.578593649462255,-0.4573429260968423
05/04/2023 16:18:41.419869,1471,True,True,True,True,Eyes,1.646605,0.125653,-3.522544,-0.6140314,-0.264953,-0.7434819,0.0,0.0,0.0,0.0,0.0,0.0,0.0,3.906822,0.1274433,-0.2413425,1.531645,0.1415081,-3.601635,0.1083555,-0.8419889,0.09441476,0.5199998,15.76438,242.7018,354.9761,0.4390541,0.03225289,-0.8978812,-0.1724584,-0.009606512,-0.0877076,0.08010985,-0.4490036,-4.895834,-0.4775419,-0.09880546,1.973019,-0.4357188,-0.08427695,0.896129,-0.2806596,0.9586899,-0.04630264,-0.8552075,-0.271682,-0.4413724,moving,39.55283,19.61443,-13.60599,-2.866881,6.5899402849972555,-0.4576657981753345
05/04/2023 16:18:41.432712,1472,True,True,True,True,Eyes,1.513702,0.1392317,-3.632068,-0.723644,-0.2697843,-0.6352605,0.0,0.0,0.0,0.0,0.0,0.0,0.0,3.910216,0.1419519,-0.2018657,1.52299,0.1416816,-3.607093,0.1084718,-0.8386954,0.09227394,0.5256516,15.59383,243.4616,354.9406,0.4374797,0.03225785,-0.8986491,-0.1621109,-0.009030121,-0.08244514,0.0512375,-0.440598,-4.882298,-0.4766448,-0.09614997,1.973529,-0.4238487,-0.08494171,0.9017412,-0.2789574,0.9594387,-0.04074271,-0.8617047,-0.2688161,-0.4303521,moving,48.72129,23.01011,-13.57799,-2.789234,6.8719274753253154,-0.4825120283050318
05/04/2023 16:18:41.452642,1473,True,True,True,True,Eyes,1.513334,0.1392455,-3.632284,-0.7240043,-0.2697165,-0.6348785,0.0,0.0,0.0,0.0,0.0,0.0,0.0,3.913571,0.1529021,-0.1600523,1.514193,0.1409337,-3.612809,0.1084585,-0.8351623,0.09098833,0.5314715,15.50159,244.2581,354.9725,0.4301049,0.03267156,-0.9021871,-0.5510936,0.0322476,-0.4060712,0.02249285,-0.4361962,-4.867266,-0.4757333,-0.09345588,1.974046,-0.4115499,-0.08444542,0.9074667,-0.2778762,0.9599158,-0.03669489,-0.8679929,-0.2672652,-0.4185186,moving,48.75251,23.01732,-13.54957,-2.71049,6.872943163268755,-0.4825148134793876
05/04/2023 16:18:41.462580,1474,True,True,True,True,Eyes,1.512613,0.1392825,-3.632685,-0.724562,-0.2698053,-0.6342041,0.0,0.0,0.0,0.0,0.0,0.0,0.0,3.916373,0.1576787,-0.1196589,1.505232,0.1412863,-3.618214,0.1077453,-0.8318182,0.08974838,0.5370426,15.36911,245.0291,355.0708,0.4240538,0.0330141,-0.9050347,-0.518028,0.03031275,-0.3817069,-0.005907451,-0.4297583,-4.852314,-0.4747701,-0.09060428,1.974594,-0.3999524,-0.08285164,0.9127834,-0.2756464,0.9606724,-0.03358102,-0.8741036,-0.2650363,-0.407061,moving,48.80457,23.04604,-13.51954,-2.627176,6.874424030221648,-0.4828333158044542
05/04/2023 16:18:41.482562,1475,True,True,True,True,Eyes,1.51154,0.1393209,-3.633262,-0.7254308,-0.2697508,-0.6332335,0.0,0.0,0.0,0.0,0.0,0.0,0.0,3.918279,0.1614999,-0.08297682,1.496298,0.1418886,-3.623097,0.1065872,-0.8288121,0.08787534,0.5422064,15.14417,245.7419,355.1633,0.4190767,0.03329922,-0.9073396,-0.4869463,0.02849398,-0.3588045,-0.03340984,-0.4202293,-4.838543,-0.4739107,-0.08806204,1.975082,-0.389303,-0.08138833,0.9175071,-0.2719746,0.9618342,-0.03007979,-0.8800416,-0.2612487,-0.3965805,moving,48.88207,23.07349,-13.49275,-2.552929,6.876823611552061,-0.4830197796375201
05/04/2023 16:18:41.502574,1476,True,True,True,True,Eyes,1.510129,0.1393569,-3.633974,-0.7264309,-0.2698586,-0.63204,0.0,0.0,0.0,0.0,0.0,0.0,0.0,3.919399,0.1680075,-0.04888582,1.487056,0.1420215,-3.627782,0.105695,-0.8259031,0.08577912,0.5471331,14.91282,246.4188,355.2082,0.4149672,0.03353748,-0.9092177,-0.4577295,0.02678434,-0.3372762,-0.06035223,-0.4105335,-4.825358,-0.4730442,-0.08549657,1.975576,-0.378948,-0.08072244,0.9218907,-0.2684528,0.962941,-0.02603201,-0.885625,-0.2573489,-0.3865748,moving,48.9747,23.12076,-13.46573,-2.478031,6.87950733975223,-0.48351447144271276
05/04/2023 16:18:41.520194,1477,True,True,True,True,Eyes,1.508407,0.1393908,-3.63483,-0.7276886,-0.2699898,-0.6305354,0.0,0.0,0.0,0.0,0.0,0.0,0.0,3.919723,0.1818688,-0.01288605,1.477846,0.1419472,-3.632257,0.1062487,-0.8225968,0.08425309,0.5522203,14.83036,247.1163,355.149,0.4115549,0.03373743,-0.9107599,-0.4302658,0.02517728,-0.3170396,-0.08640139,-0.4049657,-4.810705,-0.4721162,-0.08275098,1.976103,-0.3675282,-0.08174714,0.9264128,-0.2678522,0.9632253,-0.02126727,-0.8906057,-0.255958,-0.3759086,moving,49.09138,23.18019,-13.43682,-2.397908,6.8828892976356,-0.48413547944995394
05/04/2023 16:18:41.532711,1478,True,True,True,True,Eyes,1.506399,0.139427,-3.635825,-0.7290244,-0.2704101,-0.6288098,0.0,0.0,0.0,0.0,0.0,0.0,0.0,3.919326,0.2000704,0.02416563,1.46894,0.1419315,-3.636453,0.1077668,-0.8190494,0.08320484,0.5573343,14.85786,247.819,355.0271,0.4086999,0.03390594,-0.9120384,-0.4044498,0.02366665,-0.2980173,-0.1110676,-0.4026065,-4.795116,-0.4712368,-0.08014837,1.976603,-0.3555298,-0.08378684,0.9309021,-0.2692785,0.9629265,-0.01617346,-0.8950351,-0.256422,-0.3649111,moving,49.22105,23.26939,-13.40942,-2.321988,6.88635266449859,-0.4852608451771989
05/04/2023 16:18:41.552850,1479,True,True,True,True,Eyes,1.504107,0.1394761,-3.636926,-0.7305525,-0.2709207,-0.6268133,0.0,0.0,0.0,0.0,0.0,0.0,0.0,3.918659,0.2143936,0.05955935,1.46006,0.1420057,-3.640531,0.1099147,-0.8154381,0.08393773,0.56208,15.09699,248.4879,354.9553,0.4060975,0.03405714,-0.9131945,-0.3801828,0.02224665,-0.2801362,-0.1328975,-0.4074771,-4.779291,-0.4703153,-0.07742339,1.977126,-0.3439696,-0.08489779,0.9351348,-0.2736167,0.9617465,-0.01333038,-0.8982309,-0.2604537,-0.354041,moving,49.37044,23.37493,-13.38074,-2.242532,6.890307370685886,-0.48660950923038493
05/04/2023 16:18:41.562542,1480,True,True,True,True,Eyes,1.501551,0.1395275,-3.638129,-0.7320962,-0.2716821,-0.6246791,0.0,0.0,0.0,0.0,0.0,0.0,0.0,3.917539,0.2250042,0.09307432,1.451162,0.1423794,-3.644208,0.1113782,-0.812063,0.08437233,0.5665951,15.26264,249.1288,354.9284,0.4036936,0.03419416,-0.9142547,-0.3573719,0.02091185,-0.263328,-0.1545721,-0.4098944,-4.763871,-0.469364,-0.07460676,1.977666,-0.3331297,-0.08528224,0.9390162,-0.276502,0.9609525,-0.01081864,-0.9014273,-0.2632439,-0.3437026,moving,49.52672,23.50493,-13.35112,-2.160439,6.89419475650414,-0.4883886546348868
05/04/2023 16:18:41.582743,1481,True,True,True,True,Eyes,1.498736,0.1395618,-3.639404,-0.7337596,-0.2726251,-0.6223121,0.0,0.0,0.0,0.0,0.0,0.0,0.0,3.915821,0.2376294,0.1228862,1.442342,0.1425219,-3.647541,0.1133999,-0.8088388,0.08515266,0.5706745,15.49643,249.7104,354.8646,0.4014621,0.0343185,-0.9152321,-0.3359295,0.01965714,-0.2475284,-0.1740663,-0.4148053,-4.74953,-0.4685239,-0.07212362,1.978144,-0.3229423,-0.08625551,0.94248,-0.2806333,0.959779,-0.008320724,-0.9038548,-0.2671784,-0.3341595,moving,49.69824,23.65747,-13.32497,-2.088094,6.89833552387115,-0.49052668834595814
05/04/2023 16:18:41.602586,1482,True,True,True,True,Eyes,1.495654,0.1395862,-3.640697,-0.7354274,-0.2736827,-0.6198745,0.0,0.0,0.0,0.0,0.0,0.0,0.0,3.913319,0.2553207,0.1531463,1.433533,0.1422646,-3.650679,0.1163122,-0.8053879,0.08625893,0.574788,15.82222,250.2979,354.7406,0.3993798,0.03443107,-0.9161385,-0.3157738,0.01847771,-0.2326767,-0.1928264,-0.42253,-4.73444,-0.4676242,-0.06946091,1.978655,-0.3121805,-0.08819162,0.9459204,-0.286514,0.9580618,-0.005234135,-0.9057885,-0.2726534,-0.3243563,moving,49.87325,23.82208,-13.29698,-2.010549,6.902446266785719,-0.49287676386951884
05/04/2023 16:18:41.620354,1483,True,True,True,True,Eyes,1.492334,0.1396222,-3.642045,-0.7372308,-0.2748463,-0.6172116,0.0,0.0,0.0,0.0,0.0,0.0,0.0,3.909977,0.2750826,0.1852813,1.424603,0.1421277,-3.653522,0.1194172,-0.8017283,0.08723476,0.5791039,16.15203,250.9154,354.597,0.3974259,0.0345329,-0.916984,-0.2968273,0.01736904,-0.2187161,-0.2120812,-0.4300552,-4.718081,-0.4667016,-0.06673005,1.97918,-0.3007565,-0.09044428,0.9494027,-0.2925162,0.9562593,-0.001567252,-0.9077334,-0.278187,-0.3140576,moving,50.06384,24.00356,-13.26828,-1.931054,6.906894720315589,-0.4954777026871073
05/04/2023 16:18:41.632608,1484,True,True,True,True,Eyes,1.488778,0.1396641,-3.64343,-0.7394446,-0.2759171,-0.6140776,0.0,0.0,0.0,0.0,0.0,0.0,0.0,3.9065,0.2939641,0.2166295,1.41579,0.1424708,-3.65641,0.1222207,-0.798169,0.08783855,0.5833291,16.42797,251.5206,354.4583,0.3955821,0.03462539,-0.9177774,-0.2790177,0.0163269,-0.2055931,-0.2312059,-0.4354472,-4.702192,-0.4658106,-0.06409445,1.979686,-0.2895787,-0.09262802,0.9526617,-0.2975831,0.954693,0.002369767,-0.9097189,-0.2828098,-0.3040234,moving,50.2918,24.19532,-13.24058,-1.854364,6.912537914892818,-0.49811298501693985
05/04/2023 16:18:41.652863,1485,True,True,True,True,Eyes,1.484988,0.1397041,-3.644849,-0.7417853,-0.2769816,-0.6107665,0.0,0.0,0.0,0.0,0.0,0.0,0.0,3.902812,0.3084259,0.2456741,1.406821,0.1427012,-3.658949,0.123795,-0.7949998,0.08749952,0.5873619,16.5319,252.0969,354.3701,0.3938326,0.03470968,-0.9185264,-0.2622766,0.01534729,-0.1932575,-0.2513463,-0.4355968,-4.687139,-0.4648917,-0.06137318,1.98021,-0.2793618,-0.09404619,0.9555693,-0.2996218,0.9540372,0.006300718,-0.9122413,-0.2845491,-0.2946998,moving,50.53286,24.39421,-13.212,-1.775215,6.918554979003913,-0.5008265916700672
05/04/2023 16:18:41.662659,1486,True,True,True,True,Eyes,1.480971,0.1397495,-3.646298,-0.7444621,-0.2777529,-0.6071487,0.0,0.0,0.0,0.0,0.0,0.0,0.0,3.898729,0.3211379,0.2737226,1.397624,0.1426898,-3.661207,0.1250072,-0.7919368,0.08701441,0.5913017,16.59793,252.6626,354.3054,0.3921625,0.0347866,-0.9192377,-0.24654,0.01442645,-0.1816621,-0.2718461,-0.4346408,-4.671988,-0.4638603,-0.05832446,1.980795,-0.2694708,-0.09509205,0.9583019,-0.3008991,0.9536034,0.01001408,-0.9147923,-0.2856537,-0.2855814,moving,50.80091,24.58272,-13.17996,-1.686586,6.925661857901825,-0.5032303281950321
05/04/2023 16:18:41.682701,1487,True,True,True,True,Eyes,1.47673,0.1397878,-3.647768,-0.7472399,-0.278431,-0.6034141,0.0,0.0,0.0,0.0,0.0,0.0,0.0,3.894798,0.3327569,0.2986879,1.388348,0.1428821,-3.663532,0.1257253,-0.7892022,0.08584341,0.5949658,16.56483,253.1839,354.2339,0.3905583,0.0348571,-0.9199178,-0.2317476,0.01356086,-0.1707623,-0.2920078,-0.4308241,-4.658589,-0.4630923,-0.05604967,1.981232,-0.2604179,-0.09629748,0.9606819,-0.300593,0.9536481,0.01410887,-0.917511,-0.2851,-0.2772934,moving,51.0783,24.76983,-13.15609,-1.620483,6.933117933004048,-0.5055680368540711
05/04/2023 16:18:41.702783,1488,True,True,True,True,Eyes,1.472269,0.1398106,-3.649237,-0.7502879,-0.2788904,-0.5994066,0.0,0.0,0.0,0.0,0.0,0.0,0.0,3.890576,0.343583,0.3214407,1.378877,0.1427189,-3.665554,0.1261312,-0.7866737,0.0843517,0.5984315,16.47974,253.6756,354.1648,0.3890085,0.03492171,-0.9205718,-0.2178428,0.01274721,-0.1605166,-0.3123884,-0.4253674,-4.645688,-0.4622098,-0.0534372,1.981734,-0.2519413,-0.09749073,0.9628193,-0.2994056,0.9539514,0.01824726,-0.9202619,-0.2836763,-0.269529,moving,51.37857,24.9515,-13.12868,-1.544599,6.941455050831318,-0.5077062078834917
05/04/2023 16:18:41.720365,1489,True,True,True,True,Eyes,1.4676,0.1398133,-3.650724,-0.7533435,-0.2793354,-0.595353,0.0,0.0,0.0,0.0,0.0,0.0,0.0,3.886325,0.3552071,0.3427954,1.369469,0.1424263,-3.667625,0.1269549,-0.7841441,0.08332229,0.6017125,16.46646,254.145,354.0848,0.3875032,0.03498068,-0.9212041,-0.2047722,0.01198238,-0.1508856,-0.3316929,-0.4220828,-4.633101,-0.4612283,-0.05053433,1.982291,-0.2436491,-0.09882969,0.964815,-0.299374,0.9538798,0.02210731,-0.9225022,-0.283454,-0.261999,moving,51.68136,25.13564,-13.09821,-1.460319,6.949850088592202,-0.5098800931017795
05/04/2023 16:18:41.732689,1490,True,True,True,True,Eyes,1.462712,0.1398054,-3.652188,-0.7564374,-0.2797269,-0.5912321,0.0,0.0,0.0,0.0,0.0,0.0,0.0,3.882138,0.3673563,0.3592911,1.359873,0.1419492,-3.669553,0.1280959,-0.781899,0.08254765,0.6044928,16.49633,254.5428,353.9825,0.386033,0.03503413,-0.9218192,-0.1924859,0.01126344,-0.1418325,-0.3492711,-0.4206176,-4.622434,-0.460393,-0.04806203,1.982767,-0.2363603,-0.1005171,0.9664526,-0.300115,0.9535547,0.02577818,-0.9241565,-0.2839539,-0.2555492,moving,51.98878,25.32001,-13.07227,-1.388571,6.958406452071873,-0.512038615736182
05/04/2023 16:18:41.762470,1491,True,True,True,True,Eyes,1.457617,0.1398215,-3.653682,-0.759518,-0.2801646,-0.5870606,0.0,0.0,0.0,0.0,0.0,0.0,0.0,3.876891,0.3864788,0.3688121,1.350232,0.1401854,-3.670543,0.1299398,-0.7800633,0.08128465,0.6066383,16.527,254.8366,353.7661,0.3845899,0.03508244,-0.9224203,-0.1809367,0.01058763,-0.1333225,-0.3654653,-0.419401,-4.613859,-0.4594846,-0.04537183,1.983285,-0.2302116,-0.1041018,0.9675565,-0.3013433,0.9530169,0.03083858,-0.9253082,-0.2844672,-0.2507659,moving,52.29819,25.51201,-13.04408,-1.310533,6.966936166047943,-0.5143320989107024
05/04/2023 16:18:41.762470,1492,True,True,True,True,Eyes,1.45233,0.1397211,-3.655144,-0.7626116,-0.2804717,-0.5828887,0.0,0.0,0.0,0.0,0.0,0.0,0.0,3.873479,0.3935201,0.3832254,1.340259,0.1407894,-3.672797,0.1310559,-0.7779244,0.08135974,0.6091296,16.63319,255.2046,353.7215,0.3831664,0.03512678,-0.9230109,-0.1700805,0.009952372,-0.1253232,-0.3821001,-0.4195849,-4.603963,-0.458546,-0.04259579,1.983818,-0.2235716,-0.1047859,0.9690388,-0.3030204,0.9524099,0.03307656,-0.926388,-0.2862435,-0.244684,moving,52.60815,25.69571,-13.01496,-1.230044,6.975591179864911,-0.516467227893391
05/04/2023 16:18:41.782597,1493,True,True,True,True,Eyes,1.446849,0.1395575,-3.656602,-0.7656712,-0.2807419,-0.5787328,0.0,0.0,0.0,0.0,0.0,0.0,0.0,3.868871,0.411885,0.3896971,1.330325,0.1393595,-3.674301,0.1329013,-0.7762843,0.08008809,0.6109877,16.66315,255.4571,353.4986,0.3817563,0.03516466,-0.9235935,-0.1598757,0.009355229,-0.1178038,-0.3977283,-0.4181536,-4.597092,-0.4577053,-0.04010726,1.984296,-0.2180628,-0.1084728,0.9698878,-0.3042041,0.9518463,0.03805991,-0.9273126,-0.2867444,-0.2405601,moving,52.91618,25.87791,-12.98889,-1.157924,6.984196841874441,-0.5185823672747634
05/04/2023 16:18:41.802378,1494,True,True,True,True,Eyes,1.44117,0.1393429,-3.658033,-0.7687829,-0.28092,-0.5745057,0.0,0.0,0.0,0.0,0.0,0.0,0.0,3.86391,0.4292387,0.3980441,1.320269,0.1377561,-3.675649,0.1345391,-0.7745132,0.07881673,0.613039,16.6811,255.7409,353.2995,0.3803543,0.03519519,-0.9241707,-0.1502831,0.008793916,-0.1107356,-0.4141855,-0.4164,-4.588977,-0.4567504,-0.03728256,1.984838,-0.2121654,-0.1117692,0.9708213,-0.3050401,0.9513743,0.04286623,-0.9284055,-0.2870446,-0.2359428,moving,53.22951,26.05757,-12.95928,-1.076099,6.993022904035321,-0.5206272274673804
05/04/2023 16:18:41.820564,1495,True,True,True,True,Eyes,1.435299,0.1390638,-3.659431,-0.7718537,-0.2810477,-0.5703105,0.0,0.0,0.0,0.0,0.0,0.0,0.0,3.85913,0.4446583,0.403326,1.309993,0.1361688,-3.676772,0.1360184,-0.7729967,0.07763015,0.6147757,16.69382,255.9801,353.1145,0.3789551,0.03521791,-0.9247445,-0.1412661,0.00826628,-0.1040914,-0.4300053,-0.4147692,-4.582012,-0.4558722,-0.03468655,1.985337,-0.2071003,-0.1148332,0.9715571,-0.3057337,0.9509452,0.04722581,-0.9293206,-0.2872572,-0.2320494,moving,53.5399,26.23397,-12.93206,-1.000934,7.001786214987748,-0.5226233095476329
05/04/2023 16:18:41.832613,1496,True,True,True,True,Eyes,1.429239,0.1387213,-3.660808,-0.7749601,-0.2811071,-0.5660526,0.0,0.0,0.0,0.0,0.0,0.0,0.0,3.854825,0.4517933,0.407989,1.299591,0.1343163,-3.6774,0.1363868,-0.7717338,0.0766724,0.6163986,16.64725,256.2115,353.0467,0.3775546,0.03523203,-0.9253166,-0.1327902,0.007770304,-0.09784593,-0.446108,-0.4122773,-4.574835,-0.4549752,-0.03203043,1.985848,-0.2029032,-0.115987,0.9723053,-0.30503,0.95104,0.04979585,-0.9304769,-0.2864785,-0.2283485,moving,53.85456,26.40943,-12.90426,-0.9240633,7.010712992276863,-0.524583567124375
05/04/2023 16:18:41.852613,1497,True,True,True,True,Eyes,1.273017,0.1285566,-3.694028,-0.8450133,-0.2795142,-0.4558776,0.0,0.0,0.0,0.0,0.0,0.0,0.0,3.850722,0.456524,0.4128399,1.289029,0.1323868,-3.678013,0.1365432,-0.7704711,0.07597134,0.6180281,16.60922,256.4487,353.0171,0.376149,0.03523687,-0.9258887,-0.1248228,0.007304085,-0.09197517,-0.4622959,-0.4103702,-4.567379,-0.45405,-0.02929462,1.986373,-0.1987948,-0.1165004,0.9730923,-0.3043101,0.9511687,0.0517077,-0.9315988,-0.2858426,-0.2245395,moving,61.65351,31.51389,-12.8756,-0.8449252,7.222335213458955,-0.5873727621413065
05/04/2023 16:18:41.873018,1498,True,True,True,True,Eyes,1.272578,0.1284743,-3.693996,-0.8451546,-0.2794302,-0.455667,0.0,0.0,0.0,0.0,0.0,0.0,0.0,3.846343,0.4607535,0.4171114,1.278367,0.1304892,-3.678231,0.136693,-0.7692501,0.0753419,0.6195912,16.57685,256.6771,352.9918,0.3699289,0.03495905,-0.9284018,-0.5860004,-0.02362833,-0.1861147,-0.478396,-0.4085742,-4.55972,-0.4530947,-0.02646874,1.986916,-0.1948439,-0.1169399,0.9738383,-0.3036646,0.9512773,0.05347408,-0.9326435,-0.2853011,-0.2208611,moving,61.66857,31.51801,-12.84602,-0.7632218,7.222816981305817,-0.5873861737193296
05/04/2023 16:18:41.893000,1499,True,True,True,True,Eyes,1.27172,0.1283284,-3.693953,-0.8453705,-0.2792937,-0.4553502,0.0,0.0,0.0,0.0,0.0,0.0,0.0,3.842407,0.4620001,0.4199939,1.267637,0.1284054,-3.678387,0.1364139,-0.768216,0.0747369,0.6210073,16.51439,256.886,353.0045,0.3647673,0.03472362,-0.9304508,-0.5508404,-0.02221063,-0.1749478,-0.4942312,-0.4065346,-4.552746,-0.4522548,-0.02397946,1.987394,-0.1914827,-0.1167664,0.9745256,-0.302415,0.9516113,0.05459993,-0.9337451,-0.2842562,-0.2175289,moving,61.69133,31.5233,-12.82001,-0.6912847,7.223557007612248,-0.5873888388840004
05/04/2023 16:18:41.902562,1500,True,True,True,True,Eyes,1.270449,0.1281332,-3.69388,-0.845737,-0.2790731,-0.4548045,0.0,0.0,0.0,0.0,0.0,0.0,0.0,3.838034,0.4638057,0.4218574,1.256734,0.1267671,-3.678061,0.1361114,-0.7672821,0.07380369,0.6223383,16.41969,257.0785,352.9933,0.3604645,0.03452186,-0.9321336,-0.51779,-0.02087799,-0.1644509,-0.5103918,-0.4026432,-4.545778,-0.4513562,-0.02132275,1.987904,-0.1883375,-0.1170099,0.9751091,-0.3007333,0.9520534,0.05615813,-0.9349269,-0.2826711,-0.2144962,moving,61.73036,31.53374,-12.7922,-0.614545,7.224808600724134,-0.5874191319123114
05/04/2023 16:18:41.920734,1501,True,True,True,True,Eyes,1.268784,0.1278899,-3.693775,-0.8461834,-0.2787555,-0.4541686,0.0,0.0,0.0,0.0,0.0,0.0,0.0,3.833714,0.4655666,0.4235544,1.245788,0.1252694,-3.677748,0.1357488,-0.7663732,0.07274777,0.6236604,16.30952,257.2687,352.9781,0.3568558,0.03434676,-0.9335276,-0.4867226,-0.01962531,-0.1545839,-0.526763,-0.3979109,-4.538835,-0.4503996,-0.01849461,1.988447,-0.1852399,-0.1173286,0.975664,-0.2988082,0.9525601,0.05781843,-0.9361624,-0.2808262,-0.2115109,moving,61.77639,31.54039,-12.76261,-0.5328947,7.226356836275172,-0.587348421324576
05/04/2023 16:18:41.932777,1502,True,True,True,True,Eyes,1.266735,0.1275845,-3.693623,-0.8467862,-0.2783109,-0.4533168,0.0,0.0,0.0,0.0,0.0,0.0,0.0,3.829009,0.4656487,0.4255576,1.234643,0.124019,-3.676889,0.1349718,-0.7655269,0.07136874,0.6250263,16.14034,257.464,352.9778,0.3536574,0.03418664,-0.9347498,-0.4575193,-0.01844779,-0.1453088,-0.5436812,-0.3913352,-4.531386,-0.4495534,-0.01598809,1.988929,-0.1822497,-0.1174343,0.9762143,-0.2958637,0.9533783,0.0594524,-0.9376833,-0.2779911,-0.2084974,moving,61.83817,31.54758,-12.73643,-0.4605646,7.228456947494751,-0.587220895045816
05/04/2023 16:18:41.952573,1503,True,True,True,True,Eyes,1.264332,0.1272112,-3.693429,-0.8474553,-0.2778307,-0.4523601,0.0,0.0,0.0,0.0,0.0,0.0,0.0,3.824428,0.4642188,0.4295673,1.223591,0.1221912,-3.676163,0.1338529,-0.7645661,0.070025,0.6265929,15.95129,257.6922,353.0152,0.3507302,0.03403511,-0.9358576,-0.4300681,-0.01734092,-0.1365903,-0.5611097,-0.3848048,-4.523003,-0.4486536,-0.01332473,1.98944,-0.1789295,-0.1169244,0.9768893,-0.2924331,0.9543598,0.06066507,-0.9393972,-0.27482,-0.2049558,moving,61.90731,31.55743,-12.7086,-0.3837458,7.230784264296571,-0.5871120756077199
05/04/2023 16:18:41.963149,1504,True,True,True,True,Eyes,1.26158,0.1268233,-3.693193,-0.8482372,-0.2774018,-0.4511563,0.0,0.0,0.0,0.0,0.0,0.0,0.0,3.819525,0.4616986,0.4345131,1.212741,0.1201885,-3.67499,0.1329987,-0.7634641,0.06944501,0.628181,15.85073,257.9315,353.0843,0.3480399,0.03388975,-0.9368667,-0.404264,-0.01630047,-0.1283949,-0.5777966,-0.3813371,-4.513507,-0.4476305,-0.01030046,1.990021,-0.1754001,-0.1158314,0.9776595,-0.2903275,0.9549775,0.06105696,-0.9407151,-0.2731321,-0.2011322,moving,61.9926,31.58605,-12.67698,-0.2965634,7.233445296990773,-0.5872874103639504
05/04/2023 16:18:41.982443,1505,True,True,True,True,Eyes,1.258487,0.1265121,-3.692912,-0.8490344,-0.2769801,-0.4499141,0.0,0.0,0.0,0.0,0.0,0.0,0.0,3.815411,0.4557099,0.4385881,1.201723,0.1195048,-3.674094,0.1325899,-0.7623176,0.07007413,0.6295885,15.89002,258.1553,353.1978,0.3455551,0.03374972,-0.9377911,-0.3800082,-0.01532244,-0.1206912,-0.5926851,-0.3822353,-4.504774,-0.4468673,-0.008036258,1.990457,-0.1720768,-0.1139155,0.9784749,-0.290387,0.9550191,0.06011672,-0.9413105,-0.2737917,-0.1974163,moving,62.08032,31.61765,-12.65338,-0.2313243,7.236154556509464,-0.5875084284789545
05/04/2023 16:18:42.002446,1506,True,True,True,True,Eyes,1.255087,0.1262667,-3.692609,-0.8499336,-0.2765668,-0.4484682,0.0,0.0,0.0,0.0,0.0,0.0,0.0,3.81189,0.4454012,0.4380107,1.19046,0.1210511,-3.672723,0.1316772,-0.7617089,0.07024549,0.6304969,15.84628,258.3001,353.313,0.3432487,0.03361664,-0.9386425,-0.3572077,-0.01440309,-0.1134497,-0.6075798,-0.3777489,-4.49803,-0.4459569,-0.005344201,1.990974,-0.1702696,-0.1120203,0.9790095,-0.2891785,0.9554534,0.05903094,-0.9420106,-0.2730574,-0.1950785,moving,62.18159,31.66181,-12.62526,-0.1537938,7.239184442019138,-0.5879079256976343
05/04/2023 16:18:42.013014,1507,True,True,True,True,Eyes,1.251372,0.1260226,-3.692251,-0.8508652,-0.2760587,-0.4470124,0.0,0.0,0.0,0.0,0.0,0.0,0.0,3.80922,0.4317541,0.4342127,1.179628,0.122304,-3.671324,0.1295847,-0.7616525,0.06934536,0.6310979,15.61639,258.3904,353.4494,0.3410961,0.03349162,-0.9394314,-0.3357752,-0.01353891,-0.1066427,-0.6227219,-0.3675043,-4.493329,-0.4450728,-0.002730213,1.991475,-0.1698467,-0.1098696,0.9793267,-0.2849245,0.9567981,0.05792713,-0.9433824,-0.2691954,-0.1938135,moving,62.28426,31.69798,-12.59795,-0.0785496,7.242365831471285,-0.5881512817726123
05/04/2023 16:18:42.032739,1508,True,True,True,True,Eyes,1.247376,0.125841,-3.691844,-0.8519092,-0.2754815,-0.4453769,0.0,0.0,0.0,0.0,0.0,0.0,0.0,3.804723,0.4290401,0.4317622,1.16838,0.1220653,-3.669659,0.1286798,-0.7611931,0.06808126,0.6319743,15.44366,258.5135,353.4561,0.3390753,0.03337402,-0.9401668,-0.3156287,-0.01272657,-0.1002442,-0.6385788,-0.3595926,-4.48712,-0.4441493,3.863126e-06,1.992001,-0.1680999,-0.1098491,0.9796302,-0.2819515,0.9576129,0.05899864,-0.9445875,-0.2662906,-0.1919468,moving,62.39949,31.73827,-12.56943,0.0001111148,7.245940296986416,-0.5884186789668182
05/04/2023 16:18:42.052815,1509,True,True,True,True,Eyes,1.243105,0.1257606,-3.6914,-0.8529712,-0.274857,-0.4437272,0.0,0.0,0.0,0.0,0.0,0.0,0.0,3.800219,0.4304563,0.4304905,1.15773,0.1233573,-3.66834,0.1284011,-0.7605942,0.06651895,0.6329178,15.29106,258.6412,353.3849,0.3371669,0.03326483,-0.9408568,-0.296691,-0.01196298,-0.0942295,-0.6538135,-0.3503278,-4.48105,-0.4432577,0.002639098,1.992507,-0.1658565,-0.1111201,0.9798694,-0.2795242,0.9581769,0.06134676,-0.945705,-0.2637224,-0.1899806,moving,62.51594,31.77523,-12.54192,0.07588888,7.2496004866064565,-0.5886182946970954
05/04/2023 16:18:42.062742,1510,True,True,True,True,Eyes,1.238587,0.1257962,-3.69094,-0.8541452,-0.2741714,-0.4418892,0.0,0.0,0.0,0.0,0.0,0.0,0.0,3.795676,0.4316107,0.4300852,1.146876,0.125909,-3.667047,0.1285357,-0.7598394,0.06539118,0.6339139,15.20864,258.7805,353.3094,0.335354,0.03316592,-0.941508,-0.2788895,-0.0112452,-0.08857574,-0.668882,-0.3420434,-4.474459,-0.44233,0.005383085,1.993034,-0.1632636,-0.1124281,0.9801556,-0.2782376,0.9584051,0.06358752,-0.9465352,-0.2623347,-0.1877544,moving,62.64536,31.81765,-12.51329,0.1547527,7.253651218772287,-0.5888653963775423
05/04/2023 16:18:42.082676,1511,True,True,True,True,Eyes,1.233815,0.1259357,-3.690453,-0.8553418,-0.2733917,-0.4400538,0.0,0.0,0.0,0.0,0.0,0.0,0.0,3.791691,0.4296208,0.4261451,1.136311,0.1285792,-3.665427,0.1279791,-0.7595522,0.06381024,0.6345315,15.03137,258.86,353.2549,0.3336211,0.03307931,-0.9421265,-0.2621561,-0.01057049,-0.08326119,-0.683448,-0.3306702,-4.469609,-0.441438,0.008025754,1.993543,-0.1619825,-0.1134344,0.9802523,-0.2753929,0.9590992,0.06547915,-0.9475868,-0.259348,-0.1865964,moving,62.77522,31.8514,-12.48576,0.2306644,7.257828064175456,-0.5889476566495464
05/04/2023 16:18:42.102698,1512,True,True,True,True,Eyes,1.228803,0.1261869,-3.689921,-0.8566464,-0.2725884,-0.4380096,0.0,0.0,0.0,0.0,0.0,0.0,0.0,3.788626,0.4197936,0.424758,1.12551,0.1309956,-3.664206,0.126445,-0.7591822,0.06273252,0.6353885,14.82896,258.9856,353.3307,0.3319547,0.03300655,-0.9427175,-0.2464268,-0.009936259,-0.07826552,-0.6988179,-0.3195675,-4.463766,-0.4405149,0.01075903,1.994067,-0.1605861,-0.1122706,0.9806159,-0.2717087,0.9601526,0.06543264,-0.948887,-0.2559343,-0.184692,moving,62.91901,31.89542,-12.45729,0.3091376,7.262368203915327,-0.5891637350414163
05/04/2023 16:18:42.122718,1513,True,True,True,True,Eyes,1.223555,0.1265372,-3.689343,-0.8580257,-0.2715963,-0.4359213,0.0,0.0,0.0,0.0,0.0,0.0,0.0,3.785469,0.4049205,0.4254661,1.114764,0.1338614,-3.662532,0.1241665,-0.7587808,0.06166924,0.6364207,14.57405,259.141,353.4777,0.3303427,0.03294921,-0.9432855,-0.2316412,-0.009340083,-0.07356959,-0.7146732,-0.3068617,-4.45668,-0.4396369,0.01335336,1.994565,-0.1591024,-0.1099351,0.9811221,-0.2669254,0.9615592,0.06445739,-0.950493,-0.2516311,-0.182331,moving,63.06709,31.92454,-12.43023,0.3835824,7.267250446703541,-0.5890814967764557
05/04/2023 16:18:42.133017,1514,True,True,True,True,Eyes,1.218081,0.1269563,-3.688758,-0.8595523,-0.2703743,-0.4336676,0.0,0.0,0.0,0.0,0.0,0.0,0.0,3.781957,0.3884681,0.4304152,1.103907,0.1365693,-3.660887,0.1210615,-0.7581483,0.05987788,0.6379421,14.19679,259.3666,353.6533,0.3287743,0.03290841,-0.9438348,-0.2177427,-0.008779678,-0.06915541,-0.7324635,-0.2901969,-4.447487,-0.4387063,0.0161093,1.995095,-0.1567483,-0.107168,0.9818071,-0.2599624,0.9635175,0.06366785,-0.9528115,-0.2452531,-0.1788893,moving,63.22781,31.94188,-12.40154,0.4626222,7.272731257138841,-0.5887240860498637
05/04/2023 16:18:42.152867,1515,True,True,True,True,Eyes,1.212396,0.1274134,-3.688137,-0.8611368,-0.2690398,-0.4313478,0.0,0.0,0.0,0.0,0.0,0.0,0.0,3.77794,0.3798068,0.4368095,1.09302,0.1385372,-3.659781,0.1189936,-0.7571623,0.05806515,0.6396673,13.89611,259.6196,353.7364,0.3272404,0.03288436,-0.9443685,-0.2046781,-0.008252897,-0.06500608,-0.7501928,-0.2761217,-4.437707,-0.4377568,0.01891709,1.995634,-0.1533327,-0.1059102,0.9824827,-0.2544796,0.9649379,0.06430309,-0.9548451,-0.240162,-0.1749085,moving,63.39347,31.95257,-12.37229,0.5431041,7.2784720801128415,-0.5882206708249234
05/04/2023 16:18:42.162847,1516,True,True,True,True,Eyes,1.206507,0.1278955,-3.687534,-0.8628309,-0.2676065,-0.4288467,0.0,0.0,0.0,0.0,0.0,0.0,0.0,3.773068,0.3754272,0.4442348,1.082349,0.1398767,-3.658318,0.1174898,-0.7559848,0.05628353,0.6414946,13.64097,259.8872,353.7717,0.3257323,0.03287644,-0.94489,-0.1923974,-0.007757723,-0.06110572,-0.767488,-0.2639962,-4.427011,-0.4368632,0.02156512,1.996143,-0.1493614,-0.1054298,0.9831458,-0.2498521,0.9660566,0.06563914,-0.9566949,-0.2358371,-0.1706334,moving,63.57157,31.96475,-12.34476,0.6189651,7.284635242608705,-0.5876923706393602
05/04/2023 16:18:42.182521,1517,True,True,True,True,Eyes,1.200411,0.1283853,-3.686909,-0.8645463,-0.2661718,-0.4262773,0.0,0.0,0.0,0.0,0.0,0.0,0.0,3.768466,0.3730735,0.4517908,1.071591,0.1410055,-3.657382,0.1164818,-0.7546746,0.05484679,0.6433429,13.45364,260.1602,353.7878,0.3242424,0.03288374,-0.945402,-0.1808536,-0.00729226,-0.05743938,-0.7843931,-0.2542852,-4.416533,-0.4359842,0.02416254,1.996642,-0.1450838,-0.1052412,0.9838064,-0.2463824,0.9668477,0.06709259,-0.9582517,-0.2326585,-0.1662035,moving,63.75372,31.98106,-12.31769,0.6933362,7.290889446880229,-0.5872244825020003
05/04/2023 16:18:42.202453,1518,True,True,True,True,Eyes,1.194131,0.1288765,-3.686322,-0.8663,-0.2647417,-0.4235991,0.0,0.0,0.0,0.0,0.0,0.0,0.0,3.763373,0.3731883,0.4598517,1.060533,0.1415091,-3.656358,0.1162215,-0.7531388,0.05412261,0.6452482,13.38582,260.447,353.791,0.3227639,0.03290503,-0.9459072,-0.1700024,-0.006854724,-0.05399301,-0.8009327,-0.2491572,-4.405319,-0.4350963,0.0267885,1.997146,-0.1402948,-0.1052169,0.9845034,-0.2449069,0.9671265,0.06845981,-0.9593426,-0.2315072,-0.1614513,moving,63.94252,32.00463,-12.29036,0.7684844,7.297287038968233,-0.5868647865235279
05/04/2023 16:18:42.221014,1519,True,True,True,True,Eyes,1.187673,0.1293502,-3.685719,-0.868055,-0.2633326,-0.4208758,0.0,0.0,0.0,0.0,0.0,0.0,0.0,3.759415,0.3678708,0.4668641,1.049701,0.1420653,-3.65574,0.1151914,-0.7518264,0.05349391,0.6470134,13.26746,260.7159,353.867,0.3212912,0.03293896,-0.9464072,-0.1598022,-0.00644344,-0.05075343,-0.8171939,-0.2426889,-4.395154,-0.4341784,0.02950877,1.997669,-0.1362093,-0.1039854,0.9852077,-0.2424305,0.9677386,0.0686245,-0.9605594,-0.2294971,-0.1570242,moving,64.13361,32.03329,-12.2621,0.8462888,7.303700998136225,-0.5865910309788278
05/04/2023 16:18:42.232563,1520,True,True,True,True,Eyes,1.181044,0.1298035,-3.685143,-0.8698128,-0.2620206,-0.4180559,0.0,0.0,0.0,0.0,0.0,0.0,0.0,3.755889,0.3570157,0.4725566,1.039108,0.1421015,-3.654796,0.1136803,-0.7507038,0.05354963,0.6485777,13.17117,260.9619,354.0331,0.319819,0.03298392,-0.9469041,-0.1502141,-0.006056834,-0.04770823,-0.8325035,-0.2382201,-4.385481,-0.4332877,0.03214268,1.998175,-0.1328474,-0.1012183,0.9859545,-0.2401427,0.9684184,0.06706127,-0.9616044,-0.2278609,-0.1529587,moving,64.32978,32.07783,-12.2347,0.9215817,7.310092780472038,-0.586594173700512
05/04/2023 16:18:42.252927,1521,True,True,True,True,Eyes,1.011083,0.1408807,-3.670434,-0.9100578,-0.2293841,-0.3452214,0.0,0.0,0.0,0.0,0.0,0.0,0.0,3.753067,0.3456565,0.4770856,1.028309,0.1419844,-3.654451,0.1122507,-0.7496291,0.05386947,0.6500417,13.10284,261.1949,354.2099,0.3183433,0.03303829,-0.9473994,-0.1412012,-0.005693424,-0.04484573,-0.8476384,-0.2348663,-4.376773,-0.432373,0.03484876,1.998695,-0.1296913,-0.098258,0.9866741,-0.2383276,0.9689957,0.06517107,-0.9624865,-0.2266995,-0.149088,moving,69.22626,33.60225,-12.20657,0.998894,7.46437430402011,-0.5944298709436293
05/04/2023 16:18:42.262671,1522,True,True,True,True,Eyes,1.010656,0.1408953,-3.670487,-0.9101245,-0.229358,-0.3450627,0.0,0.0,0.0,0.0,0.0,0.0,0.0,3.750011,0.3332993,0.4804082,1.017584,0.1421664,-3.653598,0.1109574,-0.7486455,0.05453336,0.6513405,13.07312,261.4057,354.3975,0.311452,0.03353534,-0.9496697,-0.6426117,0.02787972,0.001969852,-0.8620716,-0.2326811,-4.368279,-0.4314867,0.03747319,1.999199,-0.1268879,-0.09509594,0.9873481,-0.2371751,0.9694291,0.06288978,-0.9631446,-0.2261944,-0.1455632,moving,69.23638,33.6114,-12.17931,1.073832,7.46461670703797,-0.5945588357643039
05/04/2023 16:18:42.282752,1523,True,True,True,True,Eyes,1.00982,0.1409212,-3.670521,-0.9102395,-0.2293033,-0.3447957,0.0,0.0,0.0,0.0,0.0,0.0,0.0,3.747677,0.3183692,0.4845905,1.006757,0.1425281,-3.653408,0.1091689,-0.7476458,0.05505158,0.652746,12.99331,261.6332,354.6194,0.3057722,0.03394904,-0.951499,-0.604055,0.02620694,0.00185166,-0.8770627,-0.2287879,-4.35996,-0.4305795,0.04015258,1.999714,-0.1240097,-0.09136996,0.9880654,-0.2351087,0.970103,0.060201,-0.9640257,-0.2248373,-0.141784,moving,69.25347,33.62553,-12.15143,1.150297,7.46504291016022,-0.5947517748397593
05/04/2023 16:18:42.302495,1524,True,True,True,True,Eyes,1.008594,0.1409534,-3.670587,-0.9104077,-0.2292707,-0.3443732,0.0,0.0,0.0,0.0,0.0,0.0,0.0,3.745118,0.305921,0.486886,0.9960592,0.1427995,-3.652948,0.1075898,-0.7467873,0.05527479,0.6539709,12.90165,261.8294,354.7969,0.3010715,0.03429507,-0.9529845,-0.5678117,0.02463452,0.001740561,-0.8916385,-0.2242876,-4.352369,-0.42969,0.04278713,2.000221,-0.121493,-0.08839713,0.9886482,-0.2329895,0.9707384,0.05816413,-0.9648603,-0.2232781,-0.1385335,moving,69.28024,33.65417,-12.12409,1.225439,7.465627590667372,-0.5951763018379402
05/04/2023 16:18:42.321297,1525,True,True,True,True,Eyes,1.006999,0.1410015,-3.670643,-0.9105957,-0.2293291,-0.3438365,0.0,0.0,0.0,0.0,0.0,0.0,0.0,3.742713,0.2995224,0.4884505,0.9855165,0.1430373,-3.653011,0.1069459,-0.7458501,0.05548368,0.6551274,12.87891,262.0126,354.8896,0.2971589,0.03458596,-0.9542012,-0.533743,0.02315645,0.001636127,-0.9056237,-0.221501,-4.34553,-0.4287735,0.04549862,2.000741,-0.1187416,-0.08683345,0.9891212,-0.232229,0.9709682,0.05736135,-0.9653862,-0.2228914,-0.1354596,moving,69.31371,33.70216,-12.09594,1.302732,7.46620333973395,-0.5959360649976242
05/04/2023 16:18:42.332476,1526,True,True,True,True,Eyes,1.005061,0.1410763,-3.670706,-0.9108821,-0.2290997,-0.3432305,0.0,0.0,0.0,0.0,0.0,0.0,0.0,3.739682,0.2968834,0.4914503,0.975077,0.1434352,-3.65288,0.107254,-0.7446449,0.05623905,0.6563824,12.97674,262.2149,354.9425,0.2938786,0.03483219,-0.9552076,-0.5017185,0.02176706,0.001537959,-0.9190094,-0.2224331,-4.337716,-0.4278669,0.04818301,2.001258,-0.1153178,-0.08590364,0.9896074,-0.2335609,0.9706675,0.05704303,-0.9654799,-0.2245555,-0.1319989,moving,69.35303,33.72234,-12.06809,1.379208,7.467341079924592,-0.5961482084747635
05/04/2023 16:18:42.352910,1527,True,True,True,True,Eyes,1.002806,0.1411764,-3.670767,-0.911146,-0.2290845,-0.3425394,0.0,0.0,0.0,0.0,0.0,0.0,0.0,3.73734,0.2938371,0.4944215,0.9650363,0.1442489,-3.653272,0.1086464,-0.7432891,0.05865163,0.6574782,13.30034,262.4085,355.0255,0.2908938,0.03505484,-0.9561127,-0.4716153,0.02046104,0.001445682,-0.9303597,-0.2309212,-4.330547,-0.4269591,0.05086989,2.001774,-0.1118373,-0.08438704,0.9901371,-0.2386357,0.9695119,0.05567504,-0.9646479,-0.2300555,-0.1285653,moving,69.39658,33.77393,-12.04022,1.45571,7.468228550464446,-0.596932782781413
05/04/2023 16:18:42.362392,1528,True,True,True,True,Eyes,1.000234,0.1413038,-3.670723,-0.9118751,-0.2270328,-0.3419646,0.0,0.0,0.0,0.0,0.0,0.0,0.0,3.735212,0.2876298,0.4955616,0.9552342,0.1450388,-3.653301,0.109557,-0.742191,0.06103997,0.6583494,13.58338,262.5698,355.1458,0.2881499,0.03525814,-0.9569358,-0.4433184,0.01923338,0.001358941,-0.9412389,-0.2382647,-4.324154,-0.4260365,0.05359978,2.002298,-0.1091467,-0.08225316,0.9906167,-0.2429957,0.9685428,0.0536469,-0.9638672,-0.2348602,-0.1257004,moving,69.44333,33.58047,-12.01191,1.533392,7.472352831216721,-0.5930975289244218
05/04/2023 16:18:42.382408,1529,True,True,True,True,Eyes,0.9973822,0.1414384,-3.670707,-0.912533,-0.2254128,-0.3412808,0.0,0.0,0.0,0.0,0.0,0.0,0.0,3.73338,0.2851903,0.4957676,0.9454218,0.1455908,-3.653796,0.1114574,-0.740996,0.06405257,0.6590901,13.99553,262.7177,355.2265,0.2856162,0.03544495,-0.9576882,-0.4167193,0.01807938,0.001277404,-0.9510126,-0.2501879,-4.318592,-0.4251884,0.05610802,2.002779,-0.1063554,-0.08074606,0.9910443,-0.2496117,0.966949,0.05199547,-0.9624879,-0.2418463,-0.1229954,moving,69.49457,33.44439,-11.98589,1.604726,7.475905065633602,-0.5903217603693722
05/04/2023 16:18:42.402596,1530,True,True,True,True,Eyes,0.9942678,0.1415682,-3.670763,-0.9131773,-0.2240911,-0.3404267,0.0,0.0,0.0,0.0,0.0,0.0,0.0,3.731637,0.2815398,0.499074,0.9359359,0.1463138,-3.654595,0.1137045,-0.739475,0.06792441,0.6600261,14.51022,262.9092,355.349,0.2832648,0.0356172,-0.9583798,-0.3917162,0.01699461,0.00120076,-0.9601349,-0.2655887,-4.311795,-0.4242838,0.05878453,2.003294,-0.1028737,-0.07849947,0.9915921,-0.257827,0.9649152,0.04963906,-0.9606988,-0.2505527,-0.1195038,moving,69.55486,33.35552,-11.95814,1.680801,7.479176649261978,-0.5883949226167893
05/04/2023 16:18:42.421493,1531,True,True,True,True,Eyes,0.9909056,0.1417094,-3.670817,-0.9137681,-0.2231338,-0.3394688,0.0,0.0,0.0,0.0,0.0,0.0,0.0,3.729367,0.2780018,0.5020866,0.9264307,0.1463013,-3.654843,0.1155694,-0.738025,0.07134126,0.6609639,14.95603,263.0995,355.4716,0.2810709,0.03577626,-0.9590196,-0.3682132,0.01597494,0.001128715,-0.9697143,-0.2791567,-4.304476,-0.4233067,0.06167699,2.003849,-0.09954108,-0.07627828,0.9921055,-0.2648943,0.9631083,0.04747117,-0.959126,-0.2580777,-0.1160744,moving,69.61975,33.31704,-11.92818,1.762965,7.481969180037142,-0.5873957109371256
05/04/2023 16:18:42.432512,1532,True,True,True,True,Eyes,0.9872944,0.1418579,-3.67093,-0.9144261,-0.2221933,-0.338312,0.0,0.0,0.0,0.0,0.0,0.0,0.0,3.726892,0.2723444,0.5056834,0.9171453,0.1464634,-3.654723,0.1170743,-0.7366015,0.07469039,0.6619163,15.3682,263.2954,355.6226,0.2790128,0.03592383,-0.9596149,-0.3461204,0.01501644,0.001060992,-0.9790879,-0.2918095,-4.296774,-0.4224144,0.0643157,2.004356,-0.09632071,-0.07359664,0.9926258,-0.2713518,0.9614299,0.04495269,-0.9576485,-0.2650209,-0.1125763,moving,69.69694,33.29572,-11.90083,1.837874,7.48497936161221,-0.5866667596602616
05/04/2023 16:18:42.452855,1533,True,True,True,True,Eyes,0.9834498,0.1419987,-3.671045,-0.9150655,-0.221497,-0.3370376,0.0,0.0,0.0,0.0,0.0,0.0,0.0,3.72517,0.2645991,0.5116258,0.9076076,0.1467971,-3.655594,0.1181021,-0.7350155,0.07785007,0.6631317,15.72833,263.5343,355.8079,0.2770708,0.03606125,-0.9601724,-0.3253532,0.01411545,0.0009973323,-0.9893855,-0.3027861,-4.28876,-0.4215415,0.0669011,2.004853,-0.09261666,-0.07036401,0.9932126,-0.2768634,0.9599825,0.04219246,-0.9564355,-0.2710765,-0.1083916,moving,69.7802,33.31244,-11.87407,1.911227,7.487720048025669,-0.5866270404540801
05/04/2023 16:18:42.462629,1534,True,True,True,True,Eyes,0.9793598,0.142128,-3.671125,-0.9158297,-0.2205985,-0.3355477,0.0,0.0,0.0,0.0,0.0,0.0,0.0,3.722744,0.2531522,0.5199645,0.8981618,0.1469306,-3.655816,0.1181593,-0.7333912,0.08054784,0.6645962,15.97409,263.8109,356.0486,0.2752272,0.03618943,-0.9606975,-0.305832,0.01326853,0.0009374924,-1.00073,-0.3103538,-4.279013,-0.4206377,0.06957601,2.005367,-0.08870102,-0.06625044,0.9938527,-0.2803776,0.9591008,0.03891034,-0.9557828,-0.2752026,-0.1036483,moving,69.87785,33.32204,-11.84639,1.987074,7.491061992305806,-0.58639230246023
05/04/2023 16:18:42.482569,1535,True,True,True,True,Eyes,0.9750491,0.1422513,-3.671225,-0.9166252,-0.2197697,-0.3339155,0.0,0.0,0.0,0.0,0.0,0.0,0.0,3.721004,0.2383139,0.530503,0.8884658,0.1469549,-3.656928,0.1173747,-0.7316801,0.08288744,0.6663312,16.12387,264.129,356.3414,0.2734668,0.03630911,-0.9611957,-0.2874821,0.01247242,0.0008812428,-1.013317,-0.3151649,-4.268961,-0.4197525,0.07219009,2.005869,-0.08445215,-0.06130043,0.9945403,-0.2822224,0.9587057,0.03512661,-0.9556247,-0.277715,-0.09826512,moving,69.98393,33.3513,-11.81928,2.061153,7.494452428754869,-0.5864912720775086
05/04/2023 16:18:42.502660,1536,True,True,True,True,Eyes,0.9705199,0.1423606,-3.671365,-0.9175617,-0.2185504,-0.332139,0.0,0.0,0.0,0.0,0.0,0.0,0.0,3.718797,0.2198098,0.5418172,0.8788996,0.1470387,-3.657492,0.115672,-0.7300746,0.08473217,0.6681553,16.15849,264.4569,356.6773,0.2717754,0.03642101,-0.9616711,-0.2702332,0.01172407,0.0008283682,-1.026641,-0.3162711,-4.258191,-0.4188673,0.07481225,2.006373,-0.08037708,-0.0556699,0.9952088,-0.2821269,0.9588809,0.03085209,-0.9560042,-0.2782954,-0.09277799,moving,70.10076,33.34527,-11.79218,2.135416,7.4986740285629985,-0.5858811860172772
05/04/2023 16:18:42.521341,1537,True,True,True,True,Eyes,0.9657807,0.1424443,-3.67153,-0.918526,-0.2173344,-0.3302662,0.0,0.0,0.0,0.0,0.0,0.0,0.0,3.717536,0.1981654,0.5523129,0.8693177,0.1468927,-3.658839,0.1131061,-0.7286735,0.08606611,0.6699512,16.08001,264.7743,357.0462,0.2701405,0.03652556,-0.9621276,-0.2540192,0.01102063,0.0007786661,-1.040726,-0.3138154,-4.248625,-0.4179228,0.07760652,2.00691,-0.07674506,-0.04951474,0.9958205,-0.2801551,0.9595992,0.02612298,-0.9568821,-0.2769794,-0.08751632,moving,70.22339,33.34725,-11.76327,2.214505,7.50299930185623,-0.5853970039635062
05/04/2023 16:18:42.532556,1538,True,True,True,True,Eyes,0.9608387,0.142498,-3.671767,-0.9196211,-0.2157346,-0.3282617,0.0,0.0,0.0,0.0,0.0,0.0,0.0,3.715994,0.1748372,0.5608752,0.8596603,0.1464753,-3.659684,0.1100704,-0.7275076,0.08709373,0.6715891,15.9362,265.0622,357.4267,0.2685512,0.03662287,-0.9625688,-0.238778,0.01035939,0.0007319461,-1.054941,-0.309615,-4.239645,-0.4170342,0.08023655,2.007415,-0.07370529,-0.04317173,0.9963452,-0.2771365,0.9605983,0.02112148,-0.9579995,-0.2745669,-0.08276567,moving,70.35582,33.31305,-11.73608,2.288899,7.508133379125486,-0.584191076064321
05/04/2023 16:18:42.552674,1539,True,True,True,True,Eyes,0.9557018,0.1425169,-3.672032,-0.920742,-0.2141452,-0.3261532,0.0,0.0,0.0,0.0,0.0,0.0,0.0,3.714409,0.1543128,0.5711863,0.8497856,0.1457236,-3.661083,0.1069841,-0.7261464,0.08751944,0.6735031,15.7364,265.3836,357.7682,0.2669975,0.03671284,-0.9629974,-0.2244513,0.009737825,0.0006880294,-1.070188,-0.3035052,-4.230042,-0.4161291,0.08291651,2.00793,-0.06989636,-0.03748307,0.99685,-0.2732615,0.9617895,0.01700443,-0.9593972,-0.2712121,-0.07746827,moving,70.4944,33.28804,-11.7084,2.364659,7.513368507039809,-0.5831317445801006
05/04/2023 16:18:42.562493,1540,True,True,True,True,Eyes,0.9503768,0.1424869,-3.672377,-0.9219854,-0.2122047,-0.3239011,0.0,0.0,0.0,0.0,0.0,0.0,0.0,3.712252,0.1388502,0.5808272,0.8400459,0.1449575,-3.662071,0.1047164,-0.7247151,0.0879582,0.6753414,15.60048,265.6917,358.038,0.2654705,0.03679534,-0.9634164,-0.2109843,0.009153555,0.0006467476,-1.084857,-0.2988641,-4.22021,-0.415141,0.08583903,2.008492,-0.06589703,-0.0329755,0.9972815,-0.2705828,0.9625956,0.01394941,-0.9604387,-0.2689279,-0.07235477,moving,70.6432,33.23093,-11.67818,2.447221,7.5193753375106125,-0.5814255735389278
05/04/2023 16:18:42.582340,1541,True,True,True,True,Eyes,0.9448721,0.1423994,-3.672773,-0.9232477,-0.2102804,-0.3215522,0.0,0.0,0.0,0.0,0.0,0.0,0.0,3.710411,0.1287008,0.5904338,0.8303286,0.1437967,-3.663633,0.1027354,-0.7232272,0.08766662,0.6772758,15.42437,266.0012,358.2253,0.2639625,0.03686978,-0.9638277,-0.1983252,0.008604342,0.0006079428,-1.099652,-0.2931545,-4.210963,-0.4143398,0.08820882,2.008946,-0.06148598,-0.02985305,0.9976614,-0.2673509,0.96352,0.01235459,-0.9616356,-0.2659661,-0.06722426,moving,70.7976,33.18285,-11.65369,2.514128,7.5254657457139995,-0.5798653298803578
05/04/2023 16:18:42.602775,1542,True,True,True,True,Eyes,0.9391925,0.1422429,-3.673237,-0.9245783,-0.2081577,-0.3191009,0.0,0.0,0.0,0.0,0.0,0.0,0.0,3.708562,0.1241933,0.5993736,0.8205281,0.1422733,-3.665324,0.1014966,-0.7216632,0.08721212,0.6791868,15.29244,266.3029,358.3351,0.262467,0.03693544,-0.9642336,-0.1864257,0.008088081,0.0005714662,-1.114357,-0.2884693,-4.201815,-0.413426,0.09091515,2.009466,-0.05680742,-0.02802604,0.9979917,-0.2649593,0.964185,0.01199472,-0.9625848,-0.2637458,-0.06219862,moving,70.95884,33.11743,-11.62577,2.590491,7.53201982160483,-0.5779500625786691
05/04/2023 16:18:42.621460,1543,True,True,True,True,Eyes,0.9333431,0.1420228,-3.673759,-0.9259211,-0.2060865,-0.3165417,0.0,0.0,0.0,0.0,0.0,0.0,0.0,3.70642,0.1255963,0.6082904,0.8107274,0.140432,-3.666926,0.1010278,-0.7199731,0.08658253,0.681128,15.20658,266.6056,358.3654,0.2609776,0.03699136,-0.9646356,-0.1752401,0.007602796,0.0005371782,-1.128785,-0.2851691,-4.192374,-0.4125264,0.09357315,2.009976,-0.0517157,-0.02752705,0.9982824,-0.2634222,0.9645937,0.01295157,-0.9632934,-0.2623,-0.05713595,moving,71.12615,33.06641,-11.59829,2.665444,7.53860570594962,-0.5762796645793495
05/04/2023 16:18:42.632804,1544,True,True,True,True,Eyes,0.9273282,0.1417412,-3.674333,-0.9272978,-0.2039011,-0.3139159,0.0,0.0,0.0,0.0,0.0,0.0,0.0,3.704501,0.1266769,0.6180019,0.8009005,0.1386881,-3.668872,0.1006595,-0.7181838,0.08618226,0.6831197,15.14807,266.9214,358.4067,0.2594889,0.03703682,-0.9650353,-0.1647257,0.007146629,0.0005049476,-1.143099,-0.2827087,-4.182784,-0.4116018,0.09631228,2.010503,-0.04643052,-0.0268385,0.998561,-0.2623297,0.9648805,0.01373564,-0.9638608,-0.2613144,-0.05184039,moving,71.29762,33.00537,-11.57005,2.742634,7.545466883330906,-0.5744032323678601
05/04/2023 16:18:42.652608,1545,True,True,True,True,Eyes,0.9211541,0.1413828,-3.674965,-0.9287055,-0.2017554,-0.3111285,0.0,0.0,0.0,0.0,0.0,0.0,0.0,3.701857,0.1304612,0.6304886,0.791037,0.1369056,-3.670667,0.1002645,-0.7161337,0.08519485,0.6854498,15.03888,267.2817,358.4091,0.2579967,0.03707124,-0.965434,-0.1548422,0.006717831,0.0004746507,-1.158179,-0.2783299,-4.171463,-0.4106968,0.09898743,2.011017,-0.04021126,-0.02681203,0.9988314,-0.2603992,0.9653777,0.0154308,-0.9646633,-0.2594744,-0.04580083,moving,71.47848,32.96192,-11.54242,2.817971,7.552436993710744,-0.5728175160858422
05/04/2023 16:18:42.672646,1546,True,True,True,True,Eyes,0.9148222,0.1409933,-3.675632,-0.9301566,-0.2000325,-0.307889,0.0,0.0,0.0,0.0,0.0,0.0,0.0,3.699015,0.1345623,0.645637,0.7811661,0.1346979,-3.672778,0.09997819,-0.7137928,0.08447717,0.6880173,14.96161,267.6869,358.4291,0.2564964,0.03709367,-0.9658328,-0.1455517,0.006314761,0.0004461717,-1.173308,-0.2755376,-4.158887,-0.4097735,0.1017209,2.011542,-0.03327314,-0.02648391,0.9990954,-0.2589709,0.9657359,0.01697505,-0.9653119,-0.2581719,-0.03899157,moving,71.68507,33.01139,-11.51424,2.894903,7.55913560808769,-0.5728690244418739
05/04/2023 16:18:42.682706,1547,True,True,True,True,Eyes,0.9083393,0.1406003,-3.676373,-0.9316475,-0.1983387,-0.3044581,0.0,0.0,0.0,0.0,0.0,0.0,0.0,3.695453,0.1401403,0.6647024,0.771219,0.1333534,-3.674953,0.1001066,-0.7110203,0.08394115,0.6909289,14.93368,268.153,358.4366,0.2549851,0.03710446,-0.9662324,-0.1368186,0.005935875,0.0004194014,-1.188501,-0.2736228,-4.144261,-0.4088984,0.1043098,2.01204,-0.02519197,-0.02636096,0.9993351,-0.2583504,0.9658651,0.01896541,-0.9657228,-0.2577008,-0.0311423,moving,71.90285,33.08216,-11.48754,2.967717,7.565959727743277,-0.5732733325926692
05/04/2023 16:18:42.702780,1548,True,True,True,True,Eyes,0.7423875,0.1305206,-3.696302,-0.9645944,-0.1628836,-0.2074286,0.0,0.0,0.0,0.0,0.0,0.0,0.0,3.691924,0.140847,0.6871748,0.7612591,0.1331246,-3.677649,0.09960058,-0.7080292,0.08345152,0.6941256,14.8591,268.669,358.5067,0.2534593,0.03710465,-0.9666339,-0.1286095,0.005579723,0.0003942373,-1.204189,-0.2693624,-4.128504,-0.4080054,0.1069508,2.012547,-0.01653911,-0.02518855,0.9995461,-0.2568919,0.9662311,0.02009838,-0.9662988,-0.2564429,-0.02245127,moving,77.86381,38.14083,-11.4603,3.041952,7.7129597206206615,-0.6430166058849931
05/04/2023 16:18:42.721575,1549,True,True,True,True,Eyes,0.7419831,0.1304643,-3.696402,-0.9646777,-0.1628508,-0.2070665,0.0,0.0,0.0,0.0,0.0,0.0,0.0,3.688272,0.1361682,0.7078838,0.7510628,0.1324881,-3.679856,0.09831771,-0.7052751,0.08310599,0.6971473,14.73264,269.1612,358.6487,0.2464196,0.03680877,-0.9684637,-0.6187481,-0.02499397,-0.05941621,-1.220066,-0.2640306,-4.113106,-0.407049,0.1097837,2.013092,-0.00863902,-0.02280784,0.9997028,-0.2545563,0.966854,0.01985867,-0.9670196,-0.254309,-0.01415854,moving,77.88538,38.18386,-11.43113,3.121524,7.713176514475042,-0.6437337321865801
05/04/2023 16:18:42.732819,1550,True,True,True,True,Eyes,0.7411983,0.1303919,-3.696587,-0.9647994,-0.1630744,-0.2063224,0.0,0.0,0.0,0.0,0.0,0.0,0.0,3.684468,0.1306448,0.731406,0.741004,0.1311558,-3.682531,0.09697699,-0.7022342,0.08312885,0.7003944,14.63119,269.6995,358.8301,0.2405771,0.03655801,-0.9699411,-0.5816232,-0.02349434,-0.05585124,-1.23556,-0.2608569,-4.096745,-0.4062175,0.1122435,2.013565,-8.664886e-05,-0.01975516,0.999805,-0.2526471,0.9673702,0.01909243,-0.9675587,-0.2525961,-0.005074917,moving,77.92912,38.32236,-11.40579,3.190576,7.712963014201767,-0.6461511521250075
05/04/2023 16:18:42.752870,1551,True,True,True,True,Eyes,0.7400551,0.1302966,-3.696866,-0.9649838,-0.1633219,-0.205261,0.0,0.0,0.0,0.0,0.0,0.0,0.0,3.680069,0.1274417,0.7573023,0.7313499,0.1307157,-3.685199,0.09667984,-0.6988456,0.08404772,0.7037073,14.68717,270.2686,359.0026,0.2357057,0.03634439,-0.9711444,-0.5467258,-0.02208468,-0.05250017,-1.249737,-0.2619045,-4.079142,-0.4052912,0.1149847,2.014091,0.009101702,-0.01683857,0.9998169,-0.2534185,0.967178,0.01859586,-0.967314,-0.2535414,0.004535775,moving,77.99163,38.50854,-11.37756,3.267475,7.7128077064108,-0.6493850098332634
05/04/2023 16:18:42.762390,1552,True,True,True,True,Eyes,0.7385805,0.1301763,-3.697233,-0.9651729,-0.1638638,-0.2039359,0.0,0.0,0.0,0.0,0.0,0.0,0.0,3.67599,0.1252993,0.780627,0.7217386,0.1301096,-3.687837,0.09632734,-0.6957013,0.08459423,0.7067989,14.7068,270.7963,359.1441,0.2316198,0.03616103,-0.9721338,-0.5139223,-0.0207596,-0.04935016,-1.263762,-0.261509,-4.062789,-0.4043137,0.1178785,2.014647,0.01768718,-0.01444787,0.9997392,-0.2536123,0.9671298,0.01846348,-0.9671444,-0.2538727,0.01344166,moving,78.06919,38.78209,-11.34778,3.348603,7.71207274884017,-0.6541971778332277
05/04/2023 16:18:42.782803,1553,True,True,True,True,Eyes,0.7367857,0.130066,-3.697692,-0.9654096,-0.1644665,-0.2023244,0.0,0.0,0.0,0.0,0.0,0.0,0.0,3.671985,0.1284168,0.8035562,0.7123801,0.1293397,-3.690725,0.09717906,-0.6924187,0.08575634,0.7097596,14.8747,271.3177,359.2385,0.228049,0.03599773,-0.9729837,-0.4830869,-0.01951402,-0.04638915,-1.276151,-0.266566,-4.046972,-0.403515,0.1202393,2.0151,0.02640459,-0.01284441,0.9995689,-0.2563099,0.9664042,0.01918897,-0.9662341,-0.2567061,0.02222536,moving,78.16362,39.10716,-11.32346,3.414741,7.711279635276819,-0.6599060428085803
05/04/2023 16:18:42.802478,1554,True,True,True,True,Eyes,0.7346721,0.1300101,-3.698275,-0.9656726,-0.1651454,-0.2005078,0.0,0.0,0.0,0.0,0.0,0.0,0.0,3.667891,0.1317956,0.8260844,0.7030894,0.1296209,-3.693518,0.09802429,-0.6891957,0.08659142,0.7126728,15.0152,271.8275,359.3063,0.2247849,0.03584738,-0.9737485,-0.4541017,-0.01834318,-0.0436058,-1.288608,-0.2691284,-4.031257,-0.4026001,0.1229471,2.01562,0.03502237,-0.01169316,0.9993182,-0.2585385,0.9657863,0.02036161,-0.9653659,-0.2590753,0.030801,moving,78.27004,39.47609,-11.29561,3.490555,7.710352869887178,-0.6663883680566933
05/04/2023 16:18:42.822841,1555,True,True,True,True,Eyes,0.7322636,0.1300449,-3.69893,-0.9660348,-0.1655616,-0.1984091,0.0,0.0,0.0,0.0,0.0,0.0,0.0,3.663392,0.1333681,0.8494656,0.6935027,0.1308828,-3.696179,0.09805218,-0.6860008,0.08638969,0.7157693,15.00434,272.3483,359.3559,0.2217888,0.03571016,-0.9744403,-0.4268556,-0.01724259,-0.04098945,-1.302353,-0.265316,-4.0149,-0.40167,0.1256984,2.016149,0.04387944,-0.01085759,0.9989779,-0.2581979,0.9658452,0.02183867,-0.9650952,-0.2588922,0.03957733,moving,78.3937,39.84317,-11.2673,3.567535,7.710061302213823,-0.6727626174065354
05/04/2023 16:18:42.842859,1556,True,True,True,True,Eyes,0.7295571,0.1301793,-3.69966,-0.9664752,-0.1656328,-0.1961924,0.0,0.0,0.0,0.0,0.0,0.0,0.0,3.658482,0.1334849,0.8738835,0.6841727,0.1330345,-3.698673,0.09638436,-0.6830029,0.08373382,0.7191703,14.65596,272.8696,359.3353,0.2190259,0.0355872,-0.9750696,-0.4012443,-0.01620803,-0.03853008,-1.317989,-0.2486065,-3.998096,-0.4007968,0.1282832,2.016646,0.0529914,-0.01122387,0.9985319,-0.2520993,0.9673975,0.02425265,-0.9662495,-0.2530144,0.0484342,moving,78.52501,40.17229,-11.24074,3.639805,7.710524950572022,-0.678390803529276
05/04/2023 16:18:42.852611,1557,True,True,True,True,Eyes,0.7265623,0.1304246,-3.700447,-0.9670159,-0.1654186,-0.1936933,0.0,0.0,0.0,0.0,0.0,0.0,0.0,3.652929,0.1358343,0.8994536,0.6743634,0.1353234,-3.701117,0.0948569,-0.6798017,0.08071631,0.7227426,14.29157,273.4161,359.2731,0.2164656,0.03547972,-0.9756451,-0.3771696,-0.01523555,-0.03621828,-1.334167,-0.2307569,-3.980107,-0.3998716,0.1310206,2.017172,0.062709,-0.01229353,0.9979563,-0.245642,0.9689741,0.02737206,-0.9673303,-0.2468564,0.05774361,moving,78.67354,40.4981,-11.2126,3.716291,7.711641695541965,-0.6838835550658058
05/04/2023 16:18:42.862768,1558,True,True,True,True,Eyes,0.7232862,0.130783,-3.701274,-0.9676176,-0.1649266,-0.1910899,0.0,0.0,0.0,0.0,0.0,0.0,0.0,3.6471,0.1371146,0.9251955,0.6647434,0.1382909,-3.703393,0.09269554,-0.6766821,0.07678602,0.7263697,13.80286,273.9572,359.1798,0.2140797,0.03538916,-0.9761747,-0.3545394,-0.01432142,-0.03404518,-1.35084,-0.2071239,-3.961695,-0.3987468,0.1343483,2.01781,0.07241053,-0.01390075,0.9972781,-0.2370009,0.9710228,0.03074301,-0.9688072,-0.2385819,0.06701782,moving,78.8287,40.79695,-11.1784,3.809202,7.713337269797699,-0.6888413480136399
05/04/2023 16:18:42.882343,1559,True,True,True,True,Eyes,0.7197527,0.1312366,-3.702145,-0.9683212,-0.1641271,-0.1881921,0.0,0.0,0.0,0.0,0.0,0.0,0.0,3.64063,0.1369178,0.9520214,0.6548695,0.141284,-3.705463,0.09049008,-0.673396,0.07313031,0.7300696,13.33354,274.521,359.1114,0.2118442,0.03531686,-0.9766648,-0.3332671,-0.01346213,-0.03200247,-1.366792,-0.1854627,-3.942747,-0.3980629,0.1363742,2.0182,0.08237947,-0.0150909,0.9964869,-0.2286517,0.972927,0.03363677,-0.9700166,-0.2306194,0.07669865,moving,79.00174,41.09252,-11.15761,3.865726,7.715708972931125,-0.6936614640885275
05/04/2023 16:18:42.902407,1560,True,True,True,True,Eyes,0.7159607,0.1317777,-3.703054,-0.9690474,-0.1633016,-0.1851478,0.0,0.0,0.0,0.0,0.0,0.0,0.0,3.633696,0.1388701,0.9797223,0.6453329,0.1439231,-3.707521,0.0884416,-0.6699878,0.06927788,0.7338223,12.86364,275.0956,359.0106,0.209737,0.03526355,-0.9771215,-0.313271,-0.0126544,-0.03008232,-1.382273,-0.1634591,-3.923052,-0.3972236,0.1388569,2.018677,0.0926339,-0.01683426,0.995558,-0.2201849,0.9747573,0.03697015,-0.9710498,-0.2226315,0.08658892,moving,79.18333,41.41251,-11.13211,3.934955,7.71807275686,-0.698904251616514
05/04/2023 16:18:42.912899,1561,True,True,True,True,Eyes,0.711938,0.1323862,-3.70399,-0.9698365,-0.16237,-0.1818053,0.0,0.0,0.0,0.0,0.0,0.0,0.0,3.625884,0.1472772,1.007756,0.6355205,0.1464822,-3.709306,0.08762838,-0.6663163,0.06577087,0.7375758,12.52781,275.6842,358.8405,0.2077385,0.03522964,-0.9775496,-0.2944748,-0.01189514,-0.02827738,-1.397143,-0.1455344,-3.902299,-0.3963159,0.141543,2.019193,0.1033934,-0.01975444,0.9944444,-0.2137985,0.9759909,0.04161672,-0.9713908,-0.2169136,0.09668761,moving,79.38258,41.76798,-11.10454,4.009807,7.72061084921685,-0.7047388721593285
05/04/2023 16:18:42.932674,1562,True,True,True,True,Eyes,0.7076904,0.1330281,-3.704943,-0.9705585,-0.1618596,-0.1783755,0.0,0.0,0.0,0.0,0.0,0.0,0.0,3.617354,0.1618996,1.036467,0.6261356,0.1486242,-3.711009,0.08814604,-0.6624053,0.06294692,0.741274,12.36118,276.2828,358.6241,0.2058319,0.03521502,-0.9779533,-0.2768063,-0.01118143,-0.02658074,-1.410502,-0.1335763,-3.880961,-0.3953909,0.1442792,2.019718,0.1145139,-0.02345495,0.9931447,-0.2100986,0.9765359,0.04728801,-0.9709506,-0.2140735,0.1068991,moving,79.58603,42.2209,-11.07645,4.086,7.7220558948138915,-0.7123874096825704
05/04/2023 16:18:42.952737,1563,True,True,True,True,Eyes,0.7032301,0.1336889,-3.705905,-0.9713215,-0.1613508,-0.1746441,0.0,0.0,0.0,0.0,0.0,0.0,0.0,3.607303,0.1856172,1.066645,0.6166739,0.1500357,-3.712414,0.09045389,-0.6580476,0.06092728,0.7450365,12.41371,276.915,358.3418,0.2040027,0.03521868,-0.9783364,-0.2601979,-0.01051055,-0.0249859,-1.422706,-0.1296872,-3.858023,-0.3945029,0.1469084,2.020223,0.1265223,-0.02825985,0.9915614,-0.209832,0.976212,0.0545968,-0.9695168,-0.214969,0.1175827,moving,79.80709,42.73432,-11.04949,4.159166,7.723354582597923,-0.7210982955383343
05/04/2023 16:18:42.972327,1564,True,True,True,True,Eyes,0.6985644,0.1343194,-3.706884,-0.9720162,-0.1612794,-0.1708026,0.0,0.0,0.0,0.0,0.0,0.0,0.0,3.596966,0.2071605,1.096452,0.607292,0.1510827,-3.713712,0.09236685,-0.6537437,0.05889167,0.748745,12.43422,277.5421,358.0882,0.2022372,0.03523931,-0.9787021,-0.244586,-0.009879912,-0.02348674,-1.434723,-0.1250538,-3.83507,-0.3935441,0.1497451,2.020769,0.1383016,-0.03257881,0.9898542,-0.2089582,0.9760002,0.06131832,-0.9680957,-0.2153186,0.1281748,moving,80.03374,43.35736,-11.02039,4.238045,7.723454423521263,-0.731845948708769
05/04/2023 16:18:42.982720,1565,True,True,True,True,Eyes,0.6937121,0.1349139,-3.707854,-0.972737,-0.1612475,-0.1666792,0.0,0.0,0.0,0.0,0.0,0.0,0.0,3.585435,0.2322536,1.127095,0.5979319,0.1512651,-3.71473,0.09496854,-0.6491966,0.05731454,0.7524893,12.55298,278.1899,357.8247,0.2005239,0.03527443,-0.9790533,-0.2299109,-0.009287117,-0.02207754,-1.44593,-0.1248891,-3.811151,-0.3926618,0.1523547,2.02127,0.1505179,-0.03704933,0.9879129,-0.2095636,0.975392,0.06850879,-0.9661406,-0.2173424,0.1390498,moving,80.27676,44.05105,-10.99363,4.310558,7.723234548683694,-0.7438520127390522
05/04/2023 16:18:43.002486,1566,True,True,True,True,Eyes,0.6886685,0.1354484,-3.708864,-0.9733871,-0.161624,-0.1624659,0.0,0.0,0.0,0.0,0.0,0.0,0.0,3.573636,0.2566128,1.157072,0.5887804,0.1506616,-3.715666,0.09751785,-0.6446863,0.05602514,0.756129,12.69197,278.8292,357.5906,0.1988527,0.0353217,-0.9793923,-0.2161162,-0.00872989,-0.02075289,-1.456517,-0.1263533,-3.787473,-0.3917527,0.1550463,2.021787,0.1624814,-0.04101239,0.985859,-0.2104613,0.9747029,0.07523485,-0.9640052,-0.2197094,0.1497396,moving,80.52424,44.85117,-10.96605,4.3853,7.72181639644352,-0.7578396859788085
05/04/2023 16:18:43.021619,1567,True,True,True,True,Eyes,0.6834564,0.1359367,-3.709846,-0.9740483,-0.1620962,-0.1579708,0.0,0.0,0.0,0.0,0.0,0.0,0.0,3.56113,0.2828409,1.185991,0.5796121,0.149732,-3.71616,0.1004165,-0.6401756,0.05488809,0.759657,12.87591,279.4574,357.3439,0.1972145,0.03537831,-0.9797216,-0.2031492,-0.008206096,-0.01950771,-1.466571,-0.1297681,-3.763749,-0.3908843,0.1576149,2.02228,0.1743248,-0.04517617,0.9836512,-0.2119607,0.9738076,0.0822882,-0.9616045,-0.2228403,0.1601833,moving,80.788,45.73845,-10.93973,4.45658,7.719864907336312,-0.7733964923910026
05/04/2023 16:18:43.032729,1568,True,True,True,True,Eyes,0.6780782,0.1363913,-3.710825,-0.9747982,-0.1625021,-0.152845,0.0,0.0,0.0,0.0,0.0,0.0,0.0,3.547505,0.3097865,1.216565,0.5705113,0.1489844,-3.7166,0.1035863,-0.6354046,0.0540252,0.7632905,13.10807,280.1158,357.1065,0.1956019,0.03544213,-0.9800425,-0.1909603,-0.00771373,-0.01833725,-1.476098,-0.1346097,-3.738847,-0.3899561,0.1603607,2.022806,0.1866848,-0.04916453,0.9811889,-0.2141122,0.9727023,0.08947708,-0.9588038,-0.2267885,0.171062,moving,81.08877,46.75405,-10.91161,4.532719,7.717590908861719,-0.7912079792795156
05/04/2023 16:18:43.052922,1569,True,True,True,True,Eyes,0.6725474,0.1368246,-3.711752,-0.9755536,-0.1629231,-0.1474832,0.0,0.0,0.0,0.0,0.0,0.0,0.0,3.533608,0.3343955,1.246652,0.5615256,0.148617,-3.716847,0.1062362,-0.6307356,0.05278866,0.7668767,13.26949,280.7637,356.8756,0.194008,0.03551159,-0.9803568,-0.1795027,-0.007250906,-0.01723702,-1.485515,-0.1366968,-3.714075,-0.389046,0.1630536,2.023324,0.1987719,-0.05304914,0.978609,-0.2149787,0.9718544,0.09634877,-0.9561766,-0.2295315,0.181773,moving,81.40318,47.84761,-10.88403,4.607337,7.714807173594588,-0.8104268910789364
05/04/2023 16:18:43.062702,1570,True,True,True,True,Eyes,0.6668742,0.13726,-3.712671,-0.9763926,-0.1629801,-0.1417563,0.0,0.0,0.0,0.0,0.0,0.0,0.0,3.519462,0.3556181,1.275955,0.5525338,0.1484811,-3.716691,0.1082415,-0.6262113,0.05124937,0.7704005,13.35386,281.3984,356.6651,0.1924272,0.03558564,-0.9806656,-0.1687325,-0.006815852,-0.0162028,-1.495059,-0.1358243,-3.689247,-0.3880725,0.1659338,2.023878,0.210466,-0.05659896,0.9759614,-0.2145291,0.9713145,0.1025927,-0.9537722,-0.2309644,0.1922866,moving,81.7393,48.984,-10.85454,4.687086,7.712247748021699,-0.8303585745113532
05/04/2023 16:18:43.082760,1571,True,True,True,True,Eyes,0.6610875,0.1376792,-3.713523,-0.9772211,-0.1629984,-0.1359058,0.0,0.0,0.0,0.0,0.0,0.0,0.0,3.506746,0.3697865,1.301846,0.5438946,0.1488363,-3.716294,0.1090106,-0.6222832,0.04921733,0.7736006,13.29211,281.965,356.4936,0.190854,0.03566392,-0.9809701,-0.1586086,-0.006406901,-0.01523063,-1.504535,-0.1300111,-3.666785,-0.3872573,0.168347,2.024343,0.2206827,-0.05952184,0.9735278,-0.2118201,0.9713887,0.1074072,-0.9520669,-0.2299156,0.2017607,moving,82.08245,50.17912,-10.82985,4.753853,7.70918918054109,-0.8513643196782615
05/04/2023 16:18:43.102616,1572,True,True,True,True,Eyes,0.6551845,0.1380958,-3.714317,-0.9780604,-0.1627833,-0.1299975,0.0,0.0,0.0,0.0,0.0,0.0,0.0,3.49497,0.380568,1.325046,0.535544,0.1487834,-3.715703,0.1096176,-0.6186737,0.04781924,0.7764923,13.26195,282.4871,356.3849,0.1892859,0.03574562,-0.981271,-0.149092,-0.006022487,-0.01431679,-1.513412,-0.1258948,-3.645831,-0.3863575,0.1710102,2.024854,0.2299124,-0.06137248,0.9712744,-0.2098975,0.9713947,0.1110654,-0.9503071,-0.2294034,0.2104537,moving,82.42899,51.3894,-10.80262,4.827492,7.706057657342265,-0.8726406147899882
05/04/2023 16:18:43.121733,1573,True,True,True,True,Eyes,0.6491902,0.1385392,-3.715025,-0.9788725,-0.162594,-0.1239832,0.0,0.0,0.0,0.0,0.0,0.0,0.0,3.48276,0.3938405,1.346551,0.527188,0.1490927,-3.714535,0.1107488,-0.6151341,0.04650373,0.779219,13.28572,282.9854,356.2426,0.1877194,0.03583042,-0.9815688,-0.1401465,-0.005661137,-0.01345778,-1.521914,-0.1230534,-3.625031,-0.3854378,0.1737308,2.025377,0.238895,-0.06377748,0.9689487,-0.2087239,0.9711443,0.115383,-0.9483479,-0.2298071,0.2186897,moving,82.7814,52.67329,-10.77479,4.902662,7.7021961862107915,-0.89527560416602
05/04/2023 16:18:43.132742,1574,True,True,True,True,Eyes,0.6431154,0.1389962,-3.715647,-0.9796656,-0.1623059,-0.1179502,0.0,0.0,0.0,0.0,0.0,0.0,0.0,3.469861,0.4114354,1.368075,0.5191351,0.1499502,-3.713335,0.1124696,-0.6115063,0.04492035,0.7819161,13.34546,283.4806,356.0336,0.1861521,0.03591879,-0.981864,-0.1317377,-0.005321469,-0.01265032,-1.529784,-0.1205852,-3.604113,-0.384544,0.1763751,2.025884,0.2480844,-0.06730384,0.9663975,-0.2077996,0.9706655,0.1209454,-0.9461888,-0.2308217,0.2268213,moving,83.13473,53.99352,-10.74776,4.975671,7.697904182192598,-0.9185897674462065
05/04/2023 16:18:43.152992,1575,True,True,True,True,Eyes,0.6369652,0.1394507,-3.716159,-0.9804198,-0.1621068,-0.1117963,0.0,0.0,0.0,0.0,0.0,0.0,0.0,3.456798,0.4363726,1.38636,0.5113761,0.1507913,-3.711822,0.115158,-0.6080646,0.04297351,0.7843146,13.46795,283.9225,355.7165,0.1845824,0.03601084,-0.9821569,-0.1238335,-0.005002181,-0.0118913,-1.537084,-0.1196266,-3.584383,-0.3836297,0.1790797,2.026404,0.2568215,-0.07263744,0.9637254,-0.2074565,0.9697838,0.1283788,-0.9439303,-0.2329015,0.2339922,moving,83.49471,55.40807,-10.72011,5.05029,7.692645942777209,-0.9436485959229025
05/04/2023 16:18:43.162537,1576,True,True,True,True,Eyes,0.6307415,0.1399081,-3.716591,-0.9811441,-0.1618615,-0.1056262,0.0,0.0,0.0,0.0,0.0,0.0,0.0,3.441126,0.4670517,1.407107,0.5035992,0.1512152,-3.709846,0.1184701,-0.6041592,0.04073423,0.7869545,13.63177,284.4139,355.3351,0.1830091,0.03610623,-0.9824477,-0.1164035,-0.00470205,-0.01117782,-1.544081,-0.1197884,-3.56196,-0.3825745,0.1822042,2.027004,0.266665,-0.07903756,0.960543,-0.2072615,0.9686111,0.1372412,-0.9412398,-0.235681,0.2419132,moving,83.85542,56.87269,-10.68821,5.136423,7.686775434187101,-0.9696454899394489
05/04/2023 16:18:43.182339,1577,True,True,True,True,Eyes,0.4739182,0.1512432,-3.72476,-0.9861585,-0.1567875,0.05393648,0.0,0.0,0.0,0.0,0.0,0.0,0.0,3.422871,0.5048454,1.430175,0.4960457,0.1514187,-3.707739,0.1226932,-0.5997687,0.03829442,0.7897833,13.87106,284.9497,354.8772,0.1814307,0.03620482,-0.9827368,-0.1094193,-0.004419927,-0.01050715,-1.549941,-0.1231983,-3.538019,-0.3818224,0.1844297,2.027432,0.2776222,-0.08668657,0.9567714,-0.2076637,0.9669598,0.1478666,-0.9379776,-0.2397377,0.2504478,moving,-86.86942,-71.01627,-10.66548,5.197726,3.260027905026824,0.7084017361260193
05/04/2023 16:18:43.202485,1578,True,True,True,True,Eyes,0.4736022,0.1512718,-3.724702,-0.9861506,-0.1567354,0.05423279,0.0,0.0,0.0,0.0,0.0,0.0,0.0,3.403158,0.5440724,1.454685,0.4887326,0.1515794,-3.70564,0.127056,-0.5951384,0.03575325,0.7927099,14.12235,285.5106,354.4051,0.1751298,0.03665996,-0.9838624,-0.5733238,0.02985058,-0.0343821,-1.555299,-0.1266613,-3.512892,-0.3809321,0.1870642,2.027938,0.2890643,-0.09454785,0.9526293,-0.2079156,0.965157,0.1588808,-0.9344587,-0.2439933,0.2593344,moving,-86.85222,-70.91361,-10.63859,5.27025,3.2593296514891645,0.7065451600177709
05/04/2023 16:18:43.213079,1579,True,True,True,True,Eyes,0.4729901,0.1513237,-3.724527,-0.9861205,-0.156682,0.05492837,0.0,0.0,0.0,0.0,0.0,0.0,0.0,3.383503,0.5778676,1.478632,0.4813643,0.1521101,-3.703178,0.1306719,-0.590657,0.03320373,0.7955796,14.30856,286.0623,353.9854,0.1698443,0.03704632,-0.9847741,-0.5389244,0.02805955,-0.03231917,-1.560785,-0.1277368,-3.487776,-0.3800101,0.1897917,2.028462,0.3000437,-0.1015322,0.9485067,-0.207197,0.9636447,0.1686958,-0.9311515,-0.2471438,0.2680984,moving,-86.81184,-70.68075,-10.61075,5.345279,3.2577942840960477,0.7023397623169932
05/04/2023 16:18:43.232540,1580,True,True,True,True,Eyes,0.4721034,0.1513924,-3.724231,-0.9860965,-0.1562219,0.05664289,0.0,0.0,0.0,0.0,0.0,0.0,0.0,3.363754,0.6055847,1.50348,0.4739715,0.1526014,-3.700552,0.1331377,-0.5862527,0.03024822,0.7985408,14.36499,286.6252,353.6112,0.1653888,0.03737651,-0.9855197,-0.5065889,0.02637598,-0.03038002,-1.566562,-0.1246381,-3.462109,-0.3791105,0.192453,2.028973,0.3107858,-0.1077958,0.9443476,-0.2044135,0.9627188,0.1771656,-0.9282389,-0.248098,0.2771643,moving,-86.71246,-70.07039,-10.58359,5.418432,3.25354061662327,0.6912893273284806
05/04/2023 16:18:43.252836,1581,True,True,True,True,Eyes,0.4709439,0.1514761,-3.723805,-0.9860579,-0.1556917,0.0587347,0.0,0.0,0.0,0.0,0.0,0.0,0.0,3.343653,0.6263468,1.530328,0.4666804,0.1529336,-3.697708,0.1342554,-0.5818596,0.02681862,0.8016832,14.26871,287.2151,353.2903,0.1614266,0.03767117,-0.9861652,-0.4761936,0.02479342,-0.02855722,-1.572522,-0.1166612,-3.43526,-0.3782172,0.1950974,2.029482,0.3214404,-0.1132355,0.9401351,-0.1992356,0.9625126,0.1840512,-0.9257329,-0.2464699,0.2868299,moving,-86.5912,-69.33101,-10.55662,5.491064,3.2484187552571964,0.6779067239302853
05/04/2023 16:18:43.262886,1582,True,True,True,True,Eyes,0.4695179,0.151565,-3.723245,-0.9860198,-0.1547818,0.06170518,0.0,0.0,0.0,0.0,0.0,0.0,0.0,3.322477,0.6457949,1.557851,0.4592025,0.1532512,-3.694381,0.135341,-0.5773097,0.02364547,0.8048833,14.19182,287.8265,352.9968,0.1578295,0.03793872,-0.986737,-0.447622,0.02330581,-0.02684379,-1.578197,-0.1094302,-3.407202,-0.3772725,0.197892,2.030018,0.3323088,-0.1182037,0.9357343,-0.194331,0.9622474,0.1905659,-0.9229335,-0.245169,0.2967926,moving,-86.4191,-68.26485,-10.52813,5.567765,3.240935555579368,0.6585977758841661
05/04/2023 16:18:43.282840,1583,True,True,True,True,Eyes,0.4678409,0.1516472,-3.722561,-0.9859638,-0.1537812,0.06501346,0.0,0.0,0.0,0.0,0.0,0.0,0.0,3.300732,0.6594361,1.587656,0.4516002,0.1533159,-3.69092,0.1354394,-0.5726313,0.02035237,0.8082917,14.01984,288.478,352.7635,0.1545551,0.03818227,-0.9872458,-0.4207647,0.02190746,-0.02523316,-1.583779,-0.09970187,-3.37787,-0.3764242,0.2004014,2.0305,0.3433584,-0.1222124,0.9312192,-0.188015,0.9624839,0.1956403,-0.9201931,-0.2422579,0.3074992,moving,-86.22744,-67.08301,-10.50255,5.636587,3.2326718810003037,0.6371975481468382
05/04/2023 16:18:43.302945,1584,True,True,True,True,Eyes,0.465942,0.1517117,-3.721737,-0.9858975,-0.1525644,0.06877616,0.0,0.0,0.0,0.0,0.0,0.0,0.0,3.279482,0.6715699,1.616158,0.4441221,0.1531302,-3.687449,0.1354788,-0.5680865,0.01736525,0.8115553,13.86452,289.1101,352.5584,0.1515651,0.03840429,-0.9877007,-0.3955188,0.02059301,-0.02371917,-1.588955,-0.0908239,-3.349262,-0.3755153,0.2030922,2.031017,0.3539524,-0.1257416,0.9267723,-0.1821131,0.9626879,0.2001671,-0.9173618,-0.239627,0.3178465,moving,-86.00951,-65.73412,-10.47514,5.710329,3.223211043942567,0.6127689648481692
05/04/2023 16:18:43.322821,1585,True,True,True,True,Eyes,0.4638099,0.1517365,-3.720781,-0.9857882,-0.151387,0.07282648,0.0,0.0,0.0,0.0,0.0,0.0,0.0,3.257998,0.6859341,1.643214,0.436981,0.1526768,-3.683876,0.1360191,-0.5635874,0.01468019,0.8146489,13.77813,289.7213,352.3436,0.1488259,0.0386067,-0.9881092,-0.3717877,0.01935743,-0.02229602,-1.593342,-0.08447931,-3.321264,-0.3745571,0.2059276,2.031562,0.3643075,-0.1293989,0.9222451,-0.1772357,0.9625666,0.2050685,-0.914258,-0.2381628,0.3277361,moving,-85.77487,-64.30957,-10.44626,5.787969,3.2133786982524675,0.5869892429794524
05/04/2023 16:18:43.332721,1586,True,True,True,True,Eyes,0.4614682,0.1517278,-3.719658,-0.9856342,-0.1502589,0.07711907,0.0,0.0,0.0,0.0,0.0,0.0,0.0,3.235994,0.699739,1.669716,0.4295025,0.1517552,-3.679909,0.1368337,-0.5589821,0.01273173,0.8177125,13.7694,290.3419,352.1799,0.1463072,0.03879062,-0.9884781,-0.3494804,0.01819599,-0.02095826,-1.59733,-0.08195992,-3.293094,-0.3737129,0.2084261,2.032043,0.374754,-0.1321533,0.9176575,-0.1737969,0.9622289,0.2095475,-0.9106889,-0.2380148,0.3376313,moving,-85.52612,-62.83124,-10.42082,5.856335,3.203361476010668,0.5602586077404538
05/04/2023 16:18:43.352680,1587,True,True,True,True,Eyes,0.4589208,0.1517075,-3.718405,-0.9854282,-0.1492516,0.08158096,0.0,0.0,0.0,0.0,0.0,0.0,0.0,3.214526,0.7160544,1.693009,0.4219989,0.1508746,-3.675778,0.1383347,-0.5545673,0.01124038,0.8204831,13.85524,290.9176,352.0082,0.1439816,0.03895728,-0.988813,-0.3285116,0.01710423,-0.01970076,-1.601073,-0.08246015,-3.266282,-0.3727671,0.2112253,2.03258,0.3846575,-0.1349867,0.9131359,-0.1718768,0.9614743,0.2145354,-0.9069163,-0.2394696,0.3466372,moving,-85.26743,-61.33897,-10.39233,5.932869,3.1935192200341875,0.5333082043817232
05/04/2023 16:18:43.362714,1588,True,True,True,True,Eyes,0.456176,0.1516567,-3.717003,-0.9851813,-0.1483242,0.08612585,0.0,0.0,0.0,0.0,0.0,0.0,0.0,3.195099,0.7348354,1.710612,0.4146699,0.1505226,-3.671542,0.1404333,-0.5507265,0.009863442,0.8227282,14.00113,291.395,351.7965,0.1418255,0.03910825,-0.9891186,-0.3088009,0.01607797,-0.01851872,-1.604843,-0.08451204,-3.242856,-0.3718829,0.2138397,2.033082,0.3932061,-0.1384508,0.9089666,-0.1709105,0.9603624,0.2202127,-0.9034261,-0.2419409,0.3539577,moving,-85.00383,-59.85799,-10.36571,6.004298,3.1839950514141298,0.5065908963782243
05/04/2023 16:18:43.382761,1589,True,True,True,True,Eyes,0.4532475,0.1515612,-3.715464,-0.9848879,-0.147505,0.09076438,0.0,0.0,0.0,0.0,0.0,0.0,0.0,3.175923,0.7500443,1.727979,0.4072456,0.1497004,-3.666975,0.14192,-0.5469875,0.008444696,0.82498,14.08734,291.8717,351.6219,0.1398171,0.03924451,-0.989399,-0.2902729,0.01511329,-0.01740759,-1.608811,-0.08497304,-3.219105,-0.3709343,0.2166474,2.033621,0.4014666,-0.1413236,0.9049044,-0.1691904,0.9595748,0.2249241,-0.9001105,-0.2434006,0.3613266,moving,-84.73466,-58.39474,-10.33716,6.080948,3.1748944658002305,0.48023054306876467
05/04/2023 16:18:43.403229,1590,True,True,True,True,Eyes,0.4501489,0.1514055,-3.713756,-0.9845695,-0.1467149,0.09538107,0.0,0.0,0.0,0.0,0.0,0.0,0.0,3.159835,0.7614872,1.740711,0.3999973,0.148809,-3.662288,0.1433348,-0.5438572,0.00789808,0.8268083,14.21799,292.2691,351.526,0.137937,0.03936657,-0.9896581,-0.2728565,0.0142065,-0.01636314,-1.61288,-0.08776401,-3.198643,-0.3700718,0.219199,2.034111,0.4083138,-0.142847,0.9015956,-0.1689677,0.9587855,0.22843,-0.8970672,-0.2456117,0.3673488,moving,-84.46669,-56.97163,-10.31121,6.150548,3.1662629124925434,0.45461960202623175
05/04/2023 16:18:43.412724,1591,True,True,True,True,Eyes,0.4468756,0.1512241,-3.711904,-0.9842083,-0.1460164,0.1000662,0.0,0.0,0.0,0.0,0.0,0.0,0.0,3.142807,0.7735878,1.753708,0.3927099,0.1472548,-3.65722,0.1445814,-0.5406615,0.006990153,0.8286934,14.31105,292.6765,351.4084,0.1361685,0.03947443,-0.9898987,-0.2564851,0.01335411,-0.01538135,-1.616956,-0.08958843,-3.17717,-0.3691391,0.2219585,2.034642,0.4152726,-0.1447538,0.8981066,-0.1679246,0.9580947,0.2320687,-0.8940639,-0.2471859,0.3735627,moving,-84.19459,-55.57684,-10.28315,6.22576,3.1581388305665152,0.4295585540483179
05/04/2023 16:18:43.432706,1592,True,True,True,True,Eyes,0.4434303,0.1510005,-3.709909,-0.983823,-0.1453282,0.1047476,0.0,0.0,0.0,0.0,0.0,0.0,0.0,3.127641,0.7821098,1.764382,0.3853839,0.1461585,-3.651986,0.1455766,-0.5378175,0.006450065,0.8303723,14.4008,293.0428,351.3379,0.1344964,0.03956901,-0.9901235,-0.241096,0.01255286,-0.01445847,-1.621282,-0.09131633,-3.157355,-0.3682883,0.2244768,2.035126,0.4214215,-0.1458753,0.8950555,-0.1672992,0.9575318,0.2348276,-0.8912995,-0.2487034,0.3791196,moving,-83.92262,-54.21722,-10.25757,6.294349,3.1504583958961314,0.40515804633602037
05/04/2023 16:18:43.452799,1593,True,True,True,True,Eyes,0.4398192,0.1507283,-3.707746,-0.9834027,-0.1446637,0.1095055,0.0,0.0,0.0,0.0,0.0,0.0,0.0,3.112682,0.7902839,1.774059,0.3781196,0.1449049,-3.646457,0.1464363,-0.535107,0.00574347,0.8319759,14.46625,293.3921,351.2583,0.1329071,0.03965067,-0.9903348,-0.2266302,0.01179969,-0.01359096,-1.625705,-0.09218323,-3.137688,-0.3673941,0.2271225,2.035634,0.427255,-0.1471613,0.8920744,-0.1662751,0.9570469,0.2375163,-0.8887102,-0.2498097,0.3844338,moving,-83.64608,-52.87552,-10.23069,6.366352,3.14316848916332,0.3811138129448498
05/04/2023 16:18:43.462864,1594,True,True,True,True,Eyes,0.4360605,0.1504082,-3.705415,-0.9829726,-0.1439073,0.1142611,0.0,0.0,0.0,0.0,0.0,0.0,0.0,3.096919,0.7975176,1.78408,0.3705732,0.1433869,-3.640329,0.1469307,-0.532351,0.004627327,0.8336619,14.47206,293.7539,351.1646,0.1313881,0.03971965,-0.9905347,-0.2130324,0.01109171,-0.0127755,-1.630429,-0.09103866,-3.11677,-0.3664697,0.2298588,2.036159,0.4331619,-0.1487222,0.8889614,-0.1641527,0.9567799,0.2400543,-0.8862419,-0.2499078,0.3900275,moving,-83.36967,-51.55075,-10.20291,6.440764,3.136089751769571,0.35738726123663767
05/04/2023 16:18:43.482555,1595,True,True,True,True,Eyes,0.432153,0.15004,-3.702914,-0.9825113,-0.1431341,0.1190975,0.0,0.0,0.0,0.0,0.0,0.0,0.0,3.079968,0.8053266,1.795867,0.3634081,0.1419049,-3.634238,0.147417,-0.5293842,0.003352261,0.8354697,14.47006,294.143,351.0595,0.1299285,0.03977614,-0.990725,-0.2002505,0.0104262,-0.01200897,-1.634461,-0.08934511,-3.094741,-0.3654743,0.232802,2.036725,0.4394824,-0.150479,0.8855572,-0.1616818,0.956514,0.2427755,-0.8835804,-0.2498741,0.3960414,moving,-83.08847,-50.23721,-10.17301,6.520731,3.1293240797966306,0.3338921668413942
05/04/2023 16:18:43.503100,1596,True,True,True,True,Eyes,0.4281337,0.1496265,-3.700214,-0.982005,-0.1420809,0.1244152,0.0,0.0,0.0,0.0,0.0,0.0,0.0,3.063217,0.8118976,1.806952,0.3560838,0.1403835,-3.627816,0.1475656,-0.5265402,0.00173373,0.8372436,14.41376,294.5208,350.941,0.1285194,0.03982025,-0.9909069,-0.1882354,0.009800632,-0.01128843,-1.638716,-0.08617818,-3.072986,-0.3646744,0.2351703,2.03718,0.4455048,-0.1524953,0.8821965,-0.1583015,0.9564428,0.2452709,-0.8811731,-0.2489224,0.4019597,moving,-82.77937,-48.79251,-10.14899,6.585028,3.1218765083763786,0.30805027423885567
05/04/2023 16:18:43.512387,1597,True,True,True,True,Eyes,0.4239848,0.1491723,-3.697342,-0.9814594,-0.1410431,0.129785,0.0,0.0,0.0,0.0,0.0,0.0,0.0,3.046144,0.8189022,1.817952,0.3489742,0.1388896,-3.621252,0.147807,-0.5236788,0.0001369642,0.8389957,14.3688,294.8975,350.8181,0.1271538,0.03985224,-0.9910818,-0.1769413,0.009212594,-0.01061113,-1.642657,-0.0830569,-3.050904,-0.3637511,0.2379023,2.037705,0.451521,-0.1545769,0.8787689,-0.1550366,0.9563061,0.2478754,-0.878688,-0.2481623,0.4078273,moving,-82.46709,-47.38036,-10.12127,6.659144,3.114956618924118,0.28283374708737463
05/04/2023 16:18:43.532813,1598,True,True,True,True,Eyes,0.4198202,0.1486685,-3.694094,-0.980709,-0.139328,0.1371047,0.0,0.0,0.0,0.0,0.0,0.0,0.0,3.028572,0.8277673,1.828105,0.3418151,0.137407,-3.614374,0.1483608,-0.5208019,-0.001473095,0.8406857,14.35417,295.2668,350.673,0.1258233,0.03987243,-0.9912508,-0.1663248,0.008659838,-0.00997446,-1.646444,-0.08101861,-3.0288,-0.3628778,0.2404878,2.038202,0.4575265,-0.1570099,0.8752242,-0.1520563,0.9559738,0.2509839,-0.8760985,-0.2479152,0.413509,moving,-82.04153,-45.46079,-10.09506,6.729227,3.1055882100681482,0.24856085572821396
05/04/2023 16:18:43.552852,1599,True,True,True,True,Eyes,0.4155411,0.14814,-3.690679,-0.9798862,-0.1376805,0.1444543,0.0,0.0,0.0,0.0,0.0,0.0,0.0,3.008995,0.8386711,1.840103,0.3350053,0.1362307,-3.607299,0.149303,-0.5175767,-0.003008798,0.8425045,14.38655,295.6728,350.515,0.1245248,0.03988105,-0.9914144,-0.1563454,0.008140247,-0.009375992,-1.649213,-0.08022638,-3.005195,-0.3619772,0.2431521,2.038713,0.4642106,-0.1596214,0.8712231,-0.1494817,0.955399,0.2546916,-0.8730199,-0.2484624,0.4196459,moving,-81.61389,-43.62463,-10.06804,6.801392,3.097356694915727,0.21586467187428315
05/04/2023 16:18:43.562954,1600,True,True,True,True,Eyes,0.4111404,0.147608,-3.687155,-0.9789791,-0.1361105,0.1519009,0.0,0.0,0.0,0.0,0.0,0.0,0.0,2.987219,0.8490037,1.855109,0.3279989,0.1351358,-3.599982,0.1501313,-0.5138918,-0.004598149,0.8446033,14.41106,296.1432,350.3671,0.1232526,0.03987876,-0.9915734,-0.1469646,0.007651832,-0.008813432,-1.651389,-0.07907049,-2.979131,-0.3610506,0.2458928,2.039239,0.4717883,-0.1620697,0.8666886,-0.1465352,0.9548789,0.2583287,-0.86945,-0.2488769,0.4267517,moving,-81.18018,-41.86188,-10.04026,6.875568,3.0902761705558017,0.18457418955916832
05/04/2023 16:18:43.582687,1601,True,True,True,True,Eyes,0.4066471,0.1470614,-3.683471,-0.9779986,-0.1346088,0.159371,0.0,0.0,0.0,0.0,0.0,0.0,0.0,2.964916,0.8563036,1.872169,0.3214988,0.1341279,-3.592721,0.1506625,-0.5100311,-0.005818844,0.8468385,14.43242,296.6469,350.2779,0.1220016,0.03986667,-0.9917286,-0.1381467,0.007192723,-0.008284627,-1.652573,-0.07810929,-2.952362,-0.3601542,0.2485465,2.03975,0.4796689,-0.1635403,0.8620745,-0.1438298,0.9545339,0.2611091,-0.8655812,-0.249238,0.4343382,moving,-80.74464,-40.18528,-10.01338,6.947326,3.0843585933905224,0.1549108557708473
05/04/2023 16:18:43.602975,1602,True,True,True,True,Eyes,0.4020714,0.1465067,-3.679652,-0.9769568,-0.1331259,0.1668315,0.0,0.0,0.0,0.0,0.0,0.0,0.0,2.943637,0.8611508,1.88813,0.3148354,0.1333561,-3.585346,0.1510193,-0.5063193,-0.006743819,0.8489926,14.45382,297.136,350.2266,0.1207667,0.03984552,-0.9918807,-0.1298579,0.006761159,-0.007787549,-1.653955,-0.07705349,-2.92618,-0.3592313,0.2512763,2.040274,0.4871905,-0.1643789,0.8576859,-0.1414771,0.9542953,0.2632577,-0.8617597,-0.2495996,0.4416678,moving,-80.30927,-38.58869,-9.985724,7.021084,3.0794547526239384,0.1267507528578517
05/04/2023 16:18:43.612724,1603,True,True,True,True,Eyes,0.397419,0.1459698,-3.675676,-0.9758469,-0.1317004,0.1742921,0.0,0.0,0.0,0.0,0.0,0.0,0.0,2.923587,0.8647021,1.902319,0.3087554,0.1324529,-3.577851,0.1511783,-0.5029431,-0.007670522,0.850961,14.45254,297.5834,350.182,0.1195447,0.03981612,-0.9920298,-0.1220665,0.00635549,-0.007320296,-1.655161,-0.07526923,-2.901276,-0.3582746,0.2541069,2.040818,0.4939788,-0.1651228,0.8536507,-0.1390136,0.9541725,0.2650093,-0.8582891,-0.249578,0.4483867,moving,-79.87341,-37.07581,-9.957063,7.097501,3.075635221236299,0.10016623618330489
05/04/2023 16:18:43.632849,1604,True,True,True,True,Eyes,0.3927059,0.1455086,-3.67155,-0.9746858,-0.1302857,0.1816949,0.0,0.0,0.0,0.0,0.0,0.0,0.0,2.903218,0.8693228,1.915939,0.3023343,0.1321659,-3.570203,0.1515045,-0.4995353,-0.008839922,0.8528966,14.45406,298.0275,350.1027,0.1183329,0.03977995,-0.9921765,-0.1147425,0.00597416,-0.006881078,-1.656494,-0.07307601,-2.876399,-0.357432,0.2566012,2.041297,0.5007727,-0.1664428,0.8494254,-0.1362846,0.9539365,0.267267,-0.8547825,-0.2496036,0.4550217,moving,-79.44048,-35.6427,-9.93183,7.164784,3.072728451597997,0.07506870407345345
05/04/2023 16:18:43.652866,1605,True,True,True,True,Eyes,0.3879339,0.145135,-3.667269,-0.9734796,-0.1287918,0.1890773,0.0,0.0,0.0,0.0,0.0,0.0,0.0,2.883139,0.8745461,1.928324,0.2964368,0.1332697,-3.562319,0.1519725,-0.4963321,-0.01040585,0.8546641,14.44446,298.4355,349.9708,0.1171274,0.03973982,-0.9923211,-0.1078579,0.00561571,-0.006468214,-1.657574,-0.06868953,-2.852135,-0.3565347,0.2592558,2.041807,0.5070924,-0.1686447,0.8452316,-0.1330707,0.9535921,0.2701004,-0.8515572,-0.2494414,0.4611175,moving,-79.00839,-34.26111,-9.904963,7.236333,3.07044852967065,0.05093602555719512
05/04/2023 16:18:43.663526,1606,True,True,True,True,Eyes,0.3831064,0.1447691,-3.662865,-0.9722535,-0.1270995,0.1963893,0.0,0.0,0.0,0.0,0.0,0.0,0.0,2.866372,0.868149,1.940791,0.2902699,0.135274,-3.554418,0.1506316,-0.4936125,-0.01227791,0.8564499,14.23478,298.8237,349.9147,0.1159271,0.03969868,-0.9924637,-0.1013865,0.005278768,-0.006080121,-1.659749,-0.05659189,-2.828627,-0.3556297,0.2619339,2.042322,0.512392,-0.1697381,0.8418097,-0.1276764,0.9543187,0.2701379,-0.8492074,-0.2458958,0.4673137,moving,-78.58025,-32.91018,-9.877876,7.308457,3.068419251749025,0.0273628705754988
05/04/2023 16:18:43.683116,1607,True,True,True,True,Eyes,0.3782184,0.1444221,-3.658318,-0.9709932,-0.1253,0.2036475,0.0,0.0,0.0,0.0,0.0,0.0,0.0,2.85234,0.8509375,1.953803,0.2845324,0.1349226,-3.546565,0.1475062,-0.4912684,-0.01356998,0.85832,13.87958,299.2121,350.0211,0.1147296,0.03965694,-0.9926046,0.0,0.0,0.0,-1.661991,-0.04244087,-2.805876,-0.3547233,0.2646156,2.042837,0.5169426,-0.168225,0.8393276,-0.1216355,0.9561155,0.266548,-0.8473341,-0.239882,0.4737947,moving,-78.15498,-31.60312,-9.850758,7.38062,3.0668473007362818,0.004602140403592525
05/04/2023 16:18:43.703068,1608,True,True,True,True,Eyes,0.3732735,0.1441654,-3.653639,-0.969701,-0.1234779,0.2107915,0.0,0.0,0.0,0.0,0.0,0.0,0.0,2.839179,0.8339112,1.965095,0.2782539,0.1350275,-3.538684,0.1448357,-0.4889606,-0.01414423,0.8600814,13.60984,299.587,350.1678,0.1135334,0.03961533,-0.9927437,0.0,0.0,0.0,-1.664609,-0.03112768,-2.783997,-0.3538309,0.2672571,2.043344,0.5214349,-0.1659683,0.8369946,-0.1173075,0.9576451,0.262973,-0.845189,-0.2353091,0.4798803,moving,-77.73596,-30.36101,-9.824074,7.451643,3.0658814404766606,-0.01696429383274861
05/04/2023 16:18:43.712673,1609,True,True,True,True,Eyes,0.368291,0.1440003,-3.64881,-0.9683772,-0.1215024,0.2179054,0.0,0.0,0.0,0.0,0.0,0.0,0.0,2.825135,0.819171,1.97514,0.2723871,0.1370578,-3.529961,0.142729,-0.4867029,-0.01498136,0.8616987,13.37926,299.9366,350.2501,0.112337,0.03957642,-0.9928814,0.0,0.0,0.0,-1.666845,-0.01856558,-2.761594,-0.3527859,0.270349,2.043938,0.5257918,-0.164752,0.8345057,-0.1131143,0.958808,0.2605616,-0.8430589,-0.2313957,0.4854976,moving,-77.31847,-29.14371,-9.79283,7.5347,3.0651775166956536,-0.03807087800643483
05/04/2023 16:18:43.732882,1610,True,True,True,True,Eyes,0.3632657,0.1439441,-3.643819,-0.9670439,-0.1193927,0.2248811,0.0,0.0,0.0,0.0,0.0,0.0,0.0,2.809769,0.8051149,1.98726,0.2666125,0.1389279,-3.521624,0.1403529,-0.4841934,-0.01650215,0.863473,13.0853,300.3196,350.2821,0.1111387,0.03954256,-0.9930177,0.0,0.0,0.0,-1.668376,-0.004240307,-2.738603,-0.3519897,0.2727052,2.044391,0.5305688,-0.1644142,0.8315436,-0.1074176,0.9600575,0.2583623,-0.840808,-0.2264014,0.4917156,moving,-76.90883,-27.96449,-9.76903,7.59794,3.0646804493461253,-0.05849504645991921
05/04/2023 16:18:43.752554,1611,True,True,True,True,Eyes,0.3581952,0.1439732,-3.638694,-0.9656942,-0.1170571,0.2318022,0.0,0.0,0.0,0.0,0.0,0.0,0.0,2.795535,0.7880323,1.998797,0.2604677,0.1413558,-3.513314,0.1371514,-0.4819134,-0.01898252,0.8652102,12.65229,300.6831,350.2619,0.1099385,0.03951642,-0.9931523,0.0,0.0,0.0,-1.67056,0.01612103,-2.715783,-0.3511233,0.2752693,2.044883,0.5347983,-0.165038,0.8287059,-0.09934252,0.9616584,0.2556255,-0.8391197,-0.2190338,0.4978978,moving,-76.50227,-26.79318,-9.743145,7.66671,3.064174930622374,-0.07878362567325448
05/04/2023 16:18:43.762988,1612,True,True,True,True,Eyes,0.3530706,0.1440488,-3.633467,-0.9643003,-0.1147413,0.2386616,0.0,0.0,0.0,0.0,0.0,0.0,0.0,2.783635,0.7706972,2.007472,0.2542403,0.1433339,-3.505332,0.1336854,-0.4800861,-0.02182717,0.8667002,12.16762,300.9879,350.2113,0.1087351,0.0394997,-0.9932854,0.0,0.0,0.0,-1.673447,0.03818406,-2.69506,-0.3502136,0.2779602,2.045401,0.5380819,-0.1661962,0.8263453,-0.09052573,0.9633036,0.2526881,-0.8380173,-0.2107724,0.5032912,moving,-76.09881,-25.67684,-9.715973,7.738815,3.0642600542113048,-0.09805211050185453
05/04/2023 16:18:43.783601,1613,True,True,True,True,Eyes,0.3479041,0.1441386,-3.628117,-0.9628786,-0.1122661,0.2454816,0.0,0.0,0.0,0.0,0.0,0.0,0.0,2.771875,0.7541671,2.015239,0.2481958,0.1443482,-3.497257,0.1302618,-0.4783241,-0.02454866,0.8681217,11.69383,301.2822,350.1667,0.107527,0.03949284,-0.9934172,0.0,0.0,0.0,-1.676052,0.05884663,-2.674778,-0.3493189,0.280609,2.045909,0.541207,-0.1672371,0.8240915,-0.08199225,0.9648585,0.2496506,-0.8368826,-0.2026818,0.5084759,moving,-75.69738,-24.57605,-9.689256,7.809737,3.0644713525938103,-0.11703693205736815
05/04/2023 16:18:43.802816,1614,True,True,True,True,Eyes,0.3426979,0.1442523,-3.622657,-0.9613794,-0.1099944,0.2522911,0.0,0.0,0.0,0.0,0.0,0.0,0.0,2.757534,0.742539,2.024313,0.2420785,0.1447032,-3.489078,0.1277103,-0.476064,-0.02683204,0.8696742,11.33734,301.6237,350.1182,0.1063132,0.0394954,-0.9935477,0.0,0.0,0.0,-1.677679,0.07464624,-2.652965,-0.3484232,0.2832581,2.046418,0.5452862,-0.1682668,0.8211877,-0.07492628,0.9659403,0.2476802,-0.8348945,-0.1965852,0.5141063,moving,-75.29565,-23.55635,-9.662523,7.88061,3.065726826570177,-0.13449622354667884
05/04/2023 16:18:43.812545,1615,True,True,True,True,Eyes,0.3374559,0.1443841,-3.617084,-0.9598311,-0.1076901,0.2590888,0.0,0.0,0.0,0.0,0.0,0.0,0.0,2.74125,0.7341262,2.034778,0.2361156,0.1454026,-3.480922,0.1258587,-0.4734145,-0.0288037,0.8713258,11.07278,302.0015,350.0625,0.1050931,0.03950727,-0.993677,0.0,0.0,0.0,-1.678347,0.08791871,-2.629757,-0.3473699,0.286374,2.047017,0.5500982,-0.1693615,0.8177462,-0.06897188,0.9666598,0.2466001,-0.8322469,-0.1920557,0.5200766,moving,-74.89407,-22.57018,-9.631099,7.963892,3.0674043356482237,-0.15132588700382743
05/04/2023 16:18:43.832539,1616,True,True,True,True,Eyes,0.3321866,0.1445314,-3.611392,-0.9581984,-0.105769,0.265836,0.0,0.0,0.0,0.0,0.0,0.0,0.0,2.723721,0.7284515,2.045776,0.2300545,0.1458775,-3.472793,0.1247708,-0.4704557,-0.02998433,0.8730434,10.93224,302.4072,350.044,0.1038661,0.03952815,-0.9938052,0.0,0.0,0.0,-1.678486,0.09554677,-2.606514,-0.3466074,0.2886321,2.047451,0.5555448,-0.1697535,0.8139741,-0.06504302,0.9670664,0.2460732,-0.8289388,-0.189648,0.5262073,moving,-74.49422,-21.69628,-9.608356,8.024194,3.070451407275776,-0.16605255889542847
05/04/2023 16:18:43.853000,1617,True,True,True,True,Eyes,0.1994785,0.1482571,-3.466639,-0.9011593,-0.05458372,0.4300379,0.0,0.0,0.0,0.0,0.0,0.0,0.0,2.706297,0.720927,2.057076,0.224013,0.1464807,-3.464636,0.1235728,-0.4674502,-0.03080738,0.8747977,10.80113,302.8228,350.0677,0.1026329,0.03955771,-0.9939322,0.0,0.0,0.0,-1.678423,0.1030408,-2.583004,-0.3457337,0.291216,2.047947,0.5610824,-0.1694287,0.8102348,-0.06162782,0.9675613,0.2450043,-0.8254626,-0.1874006,0.5324401,moving,-64.48928,-7.23374,-9.582302,8.093145,3.24106149690068,-0.3953667873636283
05/04/2023 16:18:43.862955,1618,True,True,True,True,Eyes,0.1992111,0.1482463,-3.466339,-0.9010497,-0.05472037,0.4302499,0.0,0.0,0.0,0.0,0.0,0.0,0.0,2.690334,0.7081971,2.068285,0.2178343,0.1466626,-3.456628,0.1215379,-0.464605,-0.03149036,0.8765724,10.5919,303.2354,350.1508,0.09743653,0.03992879,-0.9944402,-0.3981243,0.01117717,0.4342589,-1.678601,0.1127422,-2.560044,-0.3448276,0.2938981,2.048463,0.5663011,-0.1681414,0.8068654,-0.05772708,0.9684738,0.2423347,-0.8221744,-0.1838124,0.5387414,moving,-64.47559,-7.248122,-9.55529,8.164651,3.241730478887508,-0.3950382405148619
05/04/2023 16:18:43.882941,1619,True,True,True,True,Eyes,0.198694,0.1482419,-3.465722,-0.9008492,-0.05469365,0.4306731,0.0,0.0,0.0,0.0,0.0,0.0,0.0,2.67613,0.6935648,2.077744,0.211624,0.1464571,-3.448694,0.1191558,-0.462077,-0.03213985,0.8782105,10.34562,303.6125,350.2516,0.0930557,0.04023626,-0.9948474,-0.3742369,0.01050654,0.4082034,-1.679285,0.1233059,-2.5385,-0.3439273,0.2965611,2.048974,0.5709039,-0.1665694,0.8039424,-0.05366715,0.9695379,0.2389899,-0.819261,-0.1795856,0.5445736,moving,-64.44872,-7.237577,-9.528468,8.235594,3.242549336885123,-0.395122209324092
05/04/2023 16:18:43.902881,1620,True,True,True,True,Eyes,0.1979685,0.1482614,-3.464788,-0.9005934,-0.05474235,0.4312016,0.0,0.0,0.0,0.0,0.0,0.0,0.0,2.663123,0.6783063,2.085407,0.2051215,0.1464816,-3.440598,0.1167477,-0.4597658,-0.0327246,0.8797242,10.0973,303.9606,350.356,0.08934141,0.04049257,-0.9951774,-0.3517826,0.009876144,0.3837112,-1.680604,0.1342734,-2.517765,-0.3429869,0.2993447,2.049509,0.5750892,-0.1649304,0.801293,-0.04977595,0.9705982,0.2355029,-0.8165751,-0.1753203,0.5499709,moving,-64.41503,-7.235168,-9.500456,8.30968,3.2437138434556347,-0.3950242477718612
05/04/2023 16:18:43.912511,1621,True,True,True,True,Eyes,0.197017,0.1483138,-3.463566,-0.9002585,-0.05459733,0.4319186,0.0,0.0,0.0,0.0,0.0,0.0,0.0,2.650757,0.663285,2.092342,0.1991171,0.1472103,-3.432643,0.1143753,-0.4576276,-0.03353703,0.881119,9.83792,304.2825,350.4315,0.08611024,0.0407135,-0.9954531,-0.3306757,0.009283575,0.3606885,-1.681649,0.1464455,-2.497975,-0.3420674,0.3020648,2.050032,0.5789046,-0.1637828,0.798777,-0.0455824,0.9715871,0.2322515,-0.8141203,-0.1708616,0.5549905,moving,-64.36963,-7.204351,-9.473076,8.382012,3.244931708183166,-0.3954104846534602
05/04/2023 16:18:43.932717,1622,True,True,True,True,Eyes,0.1958551,0.1483862,-3.462064,-0.8998388,-0.05460844,0.4327909,0.0,0.0,0.0,0.0,0.0,0.0,0.0,2.638097,0.6481712,2.099316,0.192791,0.1480204,-3.424577,0.1118822,-0.455419,-0.03461558,0.8825405,9.552543,304.6129,350.4854,0.08317636,0.04091505,-0.9956942,-0.3108352,0.008726561,0.3390472,-1.682688,0.1596057,-2.477853,-0.3412071,0.3046105,2.05052,0.5827906,-0.1630059,0.7961057,-0.0408073,0.9725683,0.2290104,-0.8115971,-0.165952,0.5601518,moving,-64.31408,-7.19143,-9.447471,8.449655,3.2467377550178926,-0.39541717320767705
05/04/2023 16:18:43.952535,1623,True,True,True,True,Eyes,0.1944846,0.1484816,-3.460309,-0.899341,-0.05457265,0.433829,0.0,0.0,0.0,0.0,0.0,0.0,0.0,2.624172,0.6374785,2.10651,0.186533,0.1486372,-3.4166,0.110058,-0.4530093,-0.03570532,0.8839655,9.336082,304.9547,350.5013,0.08050417,0.0411002,-0.9959062,-0.292185,0.008202967,0.3187043,-1.683244,0.1703829,-2.457208,-0.3403024,0.3072884,2.051034,0.5870154,-0.1628391,0.7930298,-0.03659006,0.9732248,0.2269246,-0.8087485,-0.1622253,0.5653396,moving,-64.24802,-7.169749,-9.42055,8.520744,3.2488050115336913,-0.3955438375162877
05/04/2023 16:18:43.962799,1624,True,True,True,True,Eyes,0.1929288,0.1486248,-3.458307,-0.8987541,-0.05494979,0.4349959,0.0,0.0,0.0,0.0,0.0,0.0,0.0,2.610542,0.6316859,2.112206,0.180208,0.1492797,-3.408902,0.1093217,-0.450626,-0.03611781,0.8852574,9.265203,305.2752,350.5248,0.07806198,0.04127162,-0.9960935,-0.2746539,0.007710789,0.2995821,-1.684192,0.1758772,-2.43759,-0.3393916,0.3099825,2.051552,0.5912634,-0.1624735,0.7899431,-0.03457931,0.9734886,0.2261069,-0.805737,-0.1610044,0.5699699,moving,-64.17308,-7.199615,-9.393458,8.592201,3.2518442935446656,-0.3946638130541725
05/04/2023 16:18:43.982971,1625,True,True,True,True,Eyes,0.1911935,0.1488118,-3.456075,-0.898084,-0.05547151,0.4363118,0.0,0.0,0.0,0.0,0.0,0.0,0.0,2.596553,0.6317362,2.116353,0.1742945,0.1506159,-3.401038,0.1100112,-0.4482604,-0.03570766,0.8863889,9.381812,305.5703,350.5536,0.07582245,0.0414324,-0.9962598,-0.2581747,0.007248142,0.2816072,-1.685175,0.175236,-2.418636,-0.3384768,0.3126911,2.052073,0.5955752,-0.1619291,0.7868096,-0.03532559,0.973245,0.2270381,-0.8025225,-0.1630128,0.5739204,moving,-64.08836,-7.245559,-9.366253,8.663978,3.2554354599601623,-0.39343998651261086
05/04/2023 16:18:44.002894,1626,True,True,True,True,Eyes,0.1893017,0.1490145,-3.453616,-0.8972648,-0.05586905,0.4379434,0.0,0.0,0.0,0.0,0.0,0.0,0.0,2.580511,0.6382878,2.121369,0.1682815,0.151972,-3.393411,0.1120496,-0.445462,-0.03461336,0.8875869,9.675602,305.899,350.5841,0.07376035,0.04158522,-0.9964082,-0.2426842,0.006813253,0.2647107,-1.685664,0.1681273,-2.398851,-0.3375721,0.3153664,2.052587,0.6007311,-0.1612724,0.7830156,-0.03838294,0.9724936,0.2297453,-0.7985293,-0.1680696,0.578017,moving,-63.98359,-7.270034,-9.339362,8.734813,3.259464301346898,-0.39253446537685266
05/04/2023 16:18:44.012828,1627,True,True,True,True,Eyes,0.1872456,0.1492238,-3.450948,-0.8963454,-0.05650888,0.4397404,0.0,0.0,0.0,0.0,0.0,0.0,0.0,2.564189,0.6418706,2.127404,0.1625612,0.1528689,-3.385722,0.1135871,-0.4425919,-0.03339512,0.888873,9.925537,306.2472,350.6571,0.07185349,0.04173167,-0.9965414,-0.2281232,0.006404458,0.2488281,-1.68554,0.162073,-2.378583,-0.3366186,0.3181885,2.053129,0.6059944,-0.1599135,0.7792295,-0.0411774,0.9719655,0.2314898,-0.7944024,-0.1723682,0.5824208,moving,-63.86777,-7.322668,-9.311031,8.809468,3.2642440609476013,-0.3910526549349191
05/04/2023 16:18:44.032540,1628,True,True,True,True,Eyes,0.185047,0.1494395,-3.448075,-0.8952793,-0.05695571,0.4418496,0.0,0.0,0.0,0.0,0.0,0.0,0.0,2.546073,0.6478216,2.134943,0.1565953,0.1532324,-3.378186,0.1158074,-0.4392596,-0.0312745,0.8903155,10.29608,306.6476,350.7929,0.07008208,0.04187286,-0.9966616,-0.2144358,0.006020191,0.2338984,-1.68484,0.1505113,-2.357392,-0.3357694,0.3207011,2.053612,0.6121457,-0.1574273,0.7749157,-0.04605064,0.9712211,0.2336854,-0.789403,-0.1787349,0.5872791,moving,-63.73215,-7.345091,-9.285804,8.875873,3.269341205181796,-0.3900545368512426
05/04/2023 16:18:44.052669,1629,True,True,True,True,Eyes,0.1827054,0.149665,-3.445015,-0.8941167,-0.05754475,0.4441217,0.0,0.0,0.0,0.0,0.0,0.0,0.0,2.527138,0.6487038,2.144727,0.1510515,0.1537084,-3.370557,0.1175968,-0.4356608,-0.02825266,0.8919488,10.67066,307.0974,351.0511,0.06842865,0.04200982,-0.9967707,-0.2015696,0.005658979,0.2198645,-1.683064,0.1384684,-2.335214,-0.3348639,0.3233807,2.054127,0.6188029,-0.1528644,0.7705294,-0.05206476,0.9707456,0.2343977,-0.7838191,-0.1851635,0.5927414,moving,-63.58569,-7.382671,-9.258915,8.946631,3.2750161005315506,-0.38872542186542447
05/04/2023 16:18:44.062875,1630,True,True,True,True,Eyes,0.180227,0.1498947,-3.441768,-0.8928434,-0.05782092,0.4466402,0.0,0.0,0.0,0.0,0.0,0.0,0.0,2.509829,0.6449212,2.15412,0.1453263,0.1542534,-3.363106,0.1182484,-0.4323369,-0.02609196,0.8935443,10.88039,307.5284,351.2803,0.06687775,0.04214351,-0.9968704,-0.1894754,0.00531944,0.2066726,-1.681612,0.1326765,-2.313688,-0.3339429,0.3261054,2.05465,0.624808,-0.148875,0.7664537,-0.05561769,0.9706731,0.2338815,-0.778795,-0.1887594,0.5982041,moving,-63.42373,-7.376343,-9.231579,9.018521,3.2806812555355904,-0.38815574553594345
05/04/2023 16:18:44.083046,1631,True,True,True,True,Eyes,0.1776059,0.150143,-3.438341,-0.8914654,-0.05808473,0.4493504,0.0,0.0,0.0,0.0,0.0,0.0,0.0,2.492054,0.6372807,2.164682,0.1397664,0.1546974,-3.35542,0.1182208,-0.4289254,-0.02398811,0.8952494,11.01675,307.9836,351.5424,0.06541511,0.04227465,-0.9969619,-0.1781069,0.005000274,0.1942723,-1.679571,0.1292492,-2.291435,-0.3330413,0.3287734,2.055162,0.6308951,-0.1443665,0.7623187,-0.05846514,0.9708968,0.2322524,-0.7736622,-0.191096,0.6040937,moving,-63.24924,-7.365427,-9.204825,9.088846,3.2867324574072954,-0.38761903490960814
05/04/2023 16:18:44.102896,1632,True,True,True,True,Eyes,0.1748664,0.150399,-3.434726,-0.8899752,-0.05783101,0.4523271,0.0,0.0,0.0,0.0,0.0,0.0,0.0,2.473319,0.6277853,2.176782,0.133857,0.155384,-3.347796,0.1175039,-0.4253126,-0.0228335,0.8970957,11.0346,308.4701,351.7453,0.06402805,0.04240431,-0.9970465,-0.1674205,0.004700257,0.1826159,-1.677025,0.1305972,-2.268001,-0.3321685,0.3313566,2.055659,0.6371757,-0.1409195,0.7577261,-0.05898414,0.9713429,0.2302473,-0.7684583,-0.1914018,0.610604,moving,-63.05819,-7.285863,-9.178932,9.15688,3.29249620058429,-0.38830229556101215
05/04/2023 16:18:44.112791,1633,True,True,True,True,Eyes,0.1719902,0.1506479,-3.43094,-0.8883793,-0.05749747,0.4554957,0.0,0.0,0.0,0.0,0.0,0.0,0.0,2.453613,0.6159106,2.189967,0.1282791,0.1560571,-3.339867,0.1159664,-0.421645,-0.0226833,0.8990288,10.91693,308.9702,351.8866,0.06270565,0.04253313,-0.997125,-0.1573753,0.004418242,0.171659,-1.673586,0.1373178,-2.243431,-0.3312414,0.3340994,2.056185,0.643402,-0.1385792,0.7528809,-0.05700741,0.9720745,0.2276429,-0.7634029,-0.1893857,0.6175346,moving,-62.85458,-7.194427,-9.151444,9.229052,3.2985542167097215,-0.38915531222927363
05/04/2023 16:18:44.132672,1634,True,True,True,True,Eyes,0.1689974,0.1508893,-3.426985,-0.8866888,-0.0567001,0.458877,0.0,0.0,0.0,0.0,0.0,0.0,0.0,2.433635,0.5985219,2.205001,0.1221233,0.1560369,-3.332202,0.1134226,-0.4177442,-0.02247315,0.901177,10.69913,309.5174,352.0875,0.06143766,0.04266125,-0.9971985,-0.1479328,0.004153147,0.1613594,-1.669881,0.1466182,-2.218144,-0.3303531,0.336727,2.05669,0.6499695,-0.1352679,0.747825,-0.0542587,0.9732605,0.2232038,-0.7580209,-0.1856516,0.6252502,moving,-62.63765,-7.04392,-9.125116,9.298131,3.3043318932402386,-0.39106205650770887
05/04/2023 16:18:44.152419,1635,True,True,True,True,Eyes,0.165875,0.1511063,-3.422877,-0.8849128,-0.05576485,0.4624062,0.0,0.0,0.0,0.0,0.0,0.0,0.0,2.414437,0.5791826,2.219045,0.1163996,0.1560946,-3.324335,0.1106388,-0.4140586,-0.02211105,0.9032308,10.4603,310.0399,352.3115,0.06021531,0.04278876,-0.9972675,-0.1390568,0.003903958,0.1516779,-1.666118,0.1566857,-2.193661,-0.3294562,0.3393801,2.0572,0.6561331,-0.1315646,0.7430882,-0.05167915,0.9745403,0.2181753,-0.7528735,-0.1815542,0.632629,moving,-62.41093,-6.876496,-9.098536,9.367816,3.3102412711761007,-0.3932451655599588
05/04/2023 16:18:44.162980,1636,True,True,True,True,Eyes,0.1626252,0.1512935,-3.418623,-0.8831221,-0.05443092,0.4659749,0.0,0.0,0.0,0.0,0.0,0.0,0.0,2.397089,0.5569782,2.231744,0.1102283,0.1557614,-3.316704,0.1073978,-0.410616,-0.02155108,0.9052048,10.17967,310.538,352.5738,0.05903028,0.04291525,-0.9973329,-0.1307134,0.003669721,0.1425772,-1.663247,0.1677244,-2.170507,-0.3285562,0.3420449,2.057712,0.66186,-0.1272148,0.7387542,-0.04918223,0.9760025,0.2121324,-0.7480123,-0.1767355,0.6397203,moving,-62.18186,-6.662575,-9.071876,9.437745,3.315641391884027,-0.3962922902731833
05/04/2023 16:18:44.182692,1637,True,True,True,True,Eyes,0.1592506,0.1514417,-3.414217,-0.8812438,-0.05303263,0.4696775,0.0,0.0,0.0,0.0,0.0,0.0,0.0,2.379923,0.5366378,2.242853,0.1042905,0.1552715,-3.308688,0.1044923,-0.4073211,-0.02087379,0.9070475,9.936368,311.0095,352.8271,0.05787447,0.04304026,-0.9973953,-0.1228706,0.003449538,0.1340226,-1.660486,0.1772941,-2.147851,-0.3276566,0.3447071,2.058223,0.6673076,-0.1229909,0.7345569,-0.04725682,0.9772913,0.2065637,-0.7432815,-0.1725544,0.6463418,moving,-61.94367,-6.442144,-9.045237,9.507544,3.321282087015767,-0.3994230073550217
05/04/2023 16:18:44.204225,1638,True,True,True,True,Eyes,0.1557594,0.1515457,-3.409668,-0.8793257,-0.05140238,0.4734384,0.0,0.0,0.0,0.0,0.0,0.0,0.0,2.362017,0.5211188,2.253518,0.09797256,0.1544046,-3.300847,0.1021078,-0.4038909,-0.02067517,0.9088557,9.723954,311.4839,353.0033,0.05674171,0.04316299,-0.9974551,-0.1154983,0.003242566,0.1259812,-1.657619,0.1858111,-2.124908,-0.3267308,0.3474462,2.05875,0.6728894,-0.1200623,0.7299349,-0.04489932,0.9782931,0.2023035,-0.7383792,-0.1689015,0.6528922,moving,-61.7015,-6.196473,-9.017833,9.579295,3.326742283052175,-0.4030112402898439
05/04/2023 16:18:44.212962,1639,True,True,True,True,Eyes,0.1521585,0.1516064,-3.404967,-0.8773113,-0.04974116,0.477337,0.0,0.0,0.0,0.0,0.0,0.0,0.0,2.342962,0.5097736,2.264196,0.09168941,0.153461,-3.293018,0.1002659,-0.4002932,-0.02077709,0.9106485,9.554172,311.9668,353.1209,0.05562653,0.04328255,-0.9975126,-0.1085684,0.003048012,0.1184223,-1.654184,0.1929629,-2.101494,-0.3258137,0.3501597,2.059271,0.6786674,-0.1181127,0.7248861,-0.04243021,0.9790301,0.1992477,-0.7332191,-0.16598,0.6594244,moving,-61.4498,-5.949066,-8.990695,9.650308,3.332518445981058,-0.4065915851295745
05/04/2023 16:18:44.234588,1640,True,True,True,True,Eyes,0.1484077,0.1516158,-3.400169,-0.8752686,-0.04798086,0.4812512,0.0,0.0,0.0,0.0,0.0,0.0,0.0,2.322711,0.503203,2.274459,0.08549882,0.1523819,-3.284941,0.09895202,-0.3965853,-0.02147299,0.9123967,9.412152,312.4498,353.1497,0.05452428,0.04339818,-0.9975685,-0.1020543,0.002865131,0.111317,-1.650169,0.1993224,-2.077478,-0.3249262,0.3527864,2.059776,0.684518,-0.1176696,0.7194365,-0.03930205,0.9794948,0.1975987,-0.7279357,-0.1635352,0.6658572,moving,-61.19658,-5.693589,-8.964441,9.718986,3.338245677331053,-0.4103171595745931
05/04/2023 16:18:44.252650,1641,True,True,True,True,Eyes,0.1445416,0.1515807,-3.395241,-0.873143,-0.04619594,0.4852703,0.0,0.0,0.0,0.0,0.0,0.0,0.0,2.303774,0.4982862,2.283414,0.0788418,0.1510482,-3.277287,0.09795448,-0.3930116,-0.02194256,0.914038,9.312602,312.9115,353.1846,0.05342905,0.04350895,-0.997623,-0.09593107,0.002693223,0.104638,-1.646968,0.2038468,-2.054641,-0.3240399,0.3554101,2.06028,0.6901209,-0.1171072,0.7141563,-0.03688182,0.9798469,0.1963156,-0.7227538,-0.1618208,0.6718936,moving,-60.93583,-5.437958,-8.938234,9.787523,3.344238085527122,-0.4140136125905012
05/04/2023 16:18:44.263159,1642,True,True,True,True,Eyes,0.1405523,0.1515009,-3.390194,-0.8709918,-0.04425837,0.4892999,0.0,0.0,0.0,0.0,0.0,0.0,0.0,2.285373,0.4916517,2.291713,0.07227005,0.1499303,-3.269388,0.09664504,-0.389573,-0.02259279,0.9156322,9.170883,313.3585,353.2126,0.05233542,0.04361433,-0.9976763,-0.0901752,0.00253163,0.0983597,-1.643793,0.2102209,-2.032047,-0.3231326,0.3580929,2.060795,0.695445,-0.116674,0.709044,-0.03392722,0.9802986,0.1945857,-0.717778,-0.1593795,0.6777854,moving,-60.67389,-5.168478,-8.911415,9.857542,3.3500961985854145,-0.4179653265868589
05/04/2023 16:18:44.282689,1643,True,True,True,True,Eyes,0.1364302,0.1513582,-3.385035,-0.8687407,-0.0421669,0.4934689,0.0,0.0,0.0,0.0,0.0,0.0,0.0,2.266299,0.4846696,2.30051,0.06557587,0.1486537,-3.261436,0.09500274,-0.3860153,-0.02387064,0.917277,8.966605,313.82,353.1895,0.05124063,0.04371363,-0.9977289,-0.08476469,0.002379732,0.09245811,-1.640018,0.2189431,-2.008859,-0.3222387,0.3607384,2.061303,0.7008448,-0.117137,0.7036302,-0.02955304,0.9808094,0.1927165,-0.7127013,-0.1558588,0.6839334,moving,-60.40222,-4.884058,-8.885001,9.926523,3.3561090822993673,-0.4221564986558276
05/04/2023 16:18:44.302873,1644,True,True,True,True,Eyes,0.1321858,0.1511652,-3.379757,-0.8664583,-0.03994296,0.4976491,0.0,0.0,0.0,0.0,0.0,0.0,0.0,2.246545,0.4753259,2.310647,0.05833291,0.1469194,-3.253767,0.09255325,-0.382223,-0.02599092,0.919056,8.641682,314.3156,353.1144,0.05014031,0.04380579,-0.9977808,-0.07967881,0.002236948,0.08691063,-1.635515,0.231911,-1.984878,-0.3213324,0.3634202,2.061818,0.7064601,-0.1185262,0.6977576,-0.02297774,0.9815168,0.1899919,-0.7073798,-0.1502546,0.690679,moving,-60.12915,-4.588912,-8.858232,9.996387,3.3620349251813035,-0.4265433355697474
05/04/2023 16:18:44.312516,1645,True,True,True,True,Eyes,0.1278103,0.1509303,-3.374378,-0.864063,-0.03755527,0.5019808,0.0,0.0,0.0,0.0,0.0,0.0,0.0,2.226126,0.4652861,2.320936,0.05124619,0.1453924,-3.245782,0.09014469,-0.3783249,-0.02783361,0.9208527,8.334943,314.8242,353.0649,0.04903071,0.04389026,-0.9978322,-0.07489808,0.002102731,0.08169599,-1.630451,0.2444969,-1.960373,-0.3203545,0.3663141,2.062375,0.7121913,-0.1194693,0.6917447,-0.01694664,0.9821984,0.1870803,-0.701781,-0.1449597,0.6974885,moving,-59.84538,-4.278563,-8.82935,10.0717,3.368146599064595,-0.4311704499240734
05/04/2023 16:18:44.333120,1646,True,True,True,True,Eyes,0.1233137,0.1506668,-3.3689,-0.8616112,-0.03508512,0.5063546,0.0,0.0,0.0,0.0,0.0,0.0,0.0,2.205367,0.4538274,2.332156,0.04378844,0.1440686,-3.238191,0.08739195,-0.3742377,-0.0300178,0.9227176,7.978912,315.3575,352.9932,0.0479093,0.04396664,-0.9978833,-0.07040419,0.001976567,0.07679423,-1.624845,0.2587721,-1.935928,-0.3195354,0.3687384,2.06284,0.7180902,-0.1208066,0.6853847,-0.01001482,0.9829232,0.1837438,-0.695878,-0.1388086,0.7046177,moving,-59.55795,-3.963668,-8.805175,10.13474,3.374330176677339,-0.43586745411674027
05/04/2023 16:18:44.352771,1647,True,True,True,True,Eyes,0.1186892,0.1503788,-3.363336,-0.8590448,-0.03249966,0.5108677,0.0,0.0,0.0,0.0,0.0,0.0,0.0,2.184438,0.4429468,2.343216,0.03637716,0.1430511,-3.230611,0.08492224,-0.3700915,-0.03186431,0.9245569,7.668736,315.8948,352.9418,0.04677363,0.04403503,-0.9979342,0.0,0.0,0.0,-1.618988,0.2718259,-1.911478,-0.3186253,0.3714303,2.063357,0.7240339,-0.1217787,0.6789292,-0.003937268,0.9835458,0.1806163,-0.6897531,-0.1334455,0.7116411,moving,-59.26036,-3.640057,-8.778323,10.20467,3.3807631079234035,-0.44068509512842724
05/04/2023 16:18:44.362807,1648,True,True,True,True,Eyes,0.1139371,0.1500452,-3.357679,-0.8563916,-0.02993779,0.5154582,0.0,0.0,0.0,0.0,0.0,0.0,0.0,2.163756,0.4319453,2.354036,0.02874235,0.1421095,-3.223179,0.08247694,-0.365921,-0.0336287,0.9263739,7.365479,316.4337,352.8951,0.04561982,0.04409567,-0.9979849,0.0,0.0,0.0,-1.613119,0.2846562,-1.887357,-0.3177261,0.3740922,2.063869,0.7299418,-0.1226656,0.6724122,0.00194541,0.9841333,0.1774199,-0.6835065,-0.1281981,0.7185987,moving,-58.95646,-3.324002,-8.751797,10.27376,3.387516202228563,-0.4453338765064814
05/04/2023 16:18:44.382906,1649,True,True,True,True,Eyes,0.1090546,0.1496809,-3.351956,-0.8536025,-0.02730855,0.5202087,0.0,0.0,0.0,0.0,0.0,0.0,0.0,2.140803,0.4225973,2.365964,0.02102676,0.1406184,-3.215462,0.08031768,-0.3613333,-0.0351683,0.9283053,7.105902,317.0202,352.8602,0.04444664,0.04414805,-0.9980356,0.0,0.0,0.0,-1.606104,0.2953699,-1.861722,-0.3167951,0.376847,2.064399,0.7364029,-0.1233367,0.6652058,0.007250941,0.9846245,0.1745336,-0.6765044,-0.1237037,0.7259747,moving,-58.64073,-3.005005,-8.724345,10.34519,3.394651488794592,-0.4499876598796651
05/04/2023 16:18:44.402715,1650,True,True,True,True,Eyes,0.1040616,0.1492812,-3.346143,-0.8507554,-0.0247632,0.524978,0.0,0.0,0.0,0.0,0.0,0.0,0.0,2.117913,0.4120012,2.378649,0.01307959,0.1394776,-3.208371,0.07812953,-0.3565974,-0.03635256,0.9302754,6.859643,317.6256,352.8627,0.04325097,0.04419221,-0.9980862,0.0,0.0,0.0,-1.59885,0.3056921,-1.83661,-0.3158948,0.3795106,2.06491,0.7430335,-0.1233574,0.6577873,0.01191421,0.9851485,0.1712904,-0.6691481,-0.1194375,0.7334681,moving,-58.32239,-2.700638,-8.697808,10.41419,3.402065836245249,-0.45435534485699064
05/04/2023 16:18:44.412765,1651,True,True,True,True,Eyes,0.09894475,0.148867,-3.340272,-0.8477703,-0.02225453,0.5298964,0.0,0.0,0.0,0.0,0.0,0.0,0.0,2.09559,0.4005248,2.390076,0.005286149,0.138238,-3.200819,0.07583622,-0.3520309,-0.03742083,0.9321603,6.605728,318.2103,352.8781,0.04203183,0.04422798,-0.9981366,0.0,0.0,0.0,-1.591728,0.316304,-1.81182,-0.314935,0.3823506,2.065455,0.7493478,-0.1231578,0.6506227,0.01637104,0.9856971,0.1677296,-0.6619742,-0.1150364,0.7406462,moving,-57.99268,-2.404889,-8.66953,10.48769,3.409993394646374,-0.45851269351943924
05/04/2023 16:18:44.432487,1652,True,True,True,True,Eyes,-0.03142629,0.140093,-3.191333,-0.7535224,0.04119431,0.6561304,0.0,0.0,0.0,0.0,0.0,0.0,0.0,2.072676,0.3923896,2.401861,-0.002660504,0.1373055,-3.193749,0.07432618,-0.347268,-0.03799761,0.9340433,6.456972,318.8104,352.9124,0.04078684,0.04425586,-0.9981871,0.0,0.0,0.0,-1.584541,0.3229293,-1.78734,-0.3141062,0.3848036,2.065927,0.7559222,-0.122605,0.6430783,0.0193606,0.9860636,0.1652384,-0.6543751,-0.112457,0.7477611,moving,-48.95225,3.592528,-8.645115,10.55111,3.654278062892713,-0.5328083199122986
05/04/2023 16:18:44.452664,1653,True,True,True,True,Eyes,-0.03173304,0.1401703,-3.191045,-0.7532235,0.04135563,0.6564634,0.0,0.0,0.0,0.0,0.0,0.0,0.0,2.047271,0.3880124,2.414258,-0.01052763,0.138225,-3.18611,0.07400241,-0.3420901,-0.03795637,0.9359794,6.462935,319.4488,352.9658,0.03488836,0.04420782,-0.9984127,-0.3911131,-0.02632195,0.4468195,-1.576511,0.3259182,-1.760989,-0.3131792,0.3875467,2.066454,0.7630674,-0.1216837,0.6347608,0.02042177,0.9861659,0.1644984,-0.6459963,-0.1125605,0.7549961,moving,-48.92659,3.604734,-8.617822,10.62198,3.6550328237917418,-0.5329286553550965
05/04/2023 16:18:44.462869,1654,True,True,True,True,Eyes,-0.03232848,0.1402273,-3.190439,-0.7525197,0.04178397,0.657243,0.0,0.0,0.0,0.0,0.0,0.0,0.0,2.022886,0.3731993,2.428138,-0.01811043,0.1405925,-3.179168,0.07201104,-0.3369454,-0.03828577,0.9379854,6.274399,320.0995,353.0458,0.02993105,0.04417177,-0.9985752,-0.3676463,-0.02474263,0.4200103,-1.5674,0.337305,-1.735856,-0.3122756,0.3902202,2.066967,0.770004,-0.1203506,0.6265857,0.0232954,0.9866972,0.1608911,-0.6376138,-0.1092902,0.7625644,moving,-48.86637,3.637662,-8.591224,10.69097,3.656749547664006,-0.533291560934196
05/04/2023 16:18:44.486944,1655,True,True,True,True,Eyes,-0.03321645,0.140336,-3.189561,-0.7515564,0.04230067,0.6583111,0.0,0.0,0.0,0.0,0.0,0.0,0.0,1.997356,0.3478466,2.443214,-0.02618427,0.1403039,-3.171648,0.06824054,-0.3314714,-0.03746963,0.940248,5.939935,320.8142,353.3199,0.02573938,0.0441456,-0.9986932,-0.3455875,-0.02325807,0.3948097,-1.557652,0.350477,-1.710078,-0.3113827,0.3928622,2.067475,0.7774455,-0.1157011,0.6182166,0.02522191,0.9878785,0.1531663,-0.6284445,-0.1034858,0.7709399,moving,-48.7839,3.676564,-8.564953,10.75909,3.6591794867969196,-0.533672157301222
05/04/2023 16:18:44.502864,1656,True,True,True,True,Eyes,-0.03436348,0.1405583,-3.188399,-0.7502885,0.04292225,0.6597157,0.0,0.0,0.0,0.0,0.0,0.0,0.0,1.973479,0.330893,2.455813,-0.03404901,0.1416793,-3.164474,0.06605007,-0.3263757,-0.03688173,0.9422081,5.761699,321.461,353.5009,0.02212601,0.04412899,-0.9987805,-0.3248523,-0.02186259,0.3711211,-1.549049,0.3600332,-1.685792,-0.3104833,0.3955236,2.067986,0.7842374,-0.1126148,0.6101555,0.02638625,0.9885542,0.1485404,-0.6198997,-0.1003912,0.7782327,moving,-48.67539,3.722516,-8.538496,10.82764,3.6624433837770445,-0.5340745557205532
05/04/2023 16:18:44.512417,1657,True,True,True,True,Eyes,-0.03576621,0.1408929,-3.186979,-0.7487377,0.04369601,0.6614246,0.0,0.0,0.0,0.0,0.0,0.0,0.0,1.947596,0.311972,2.469328,-0.04147509,0.1444325,-3.156811,0.06364635,-0.3209935,-0.03663394,0.94423,5.547739,322.1409,353.6524,0.01883728,0.04412214,-0.9988483,-0.3053611,-0.02055083,0.3488538,-1.53867,0.3725148,-1.66028,-0.3095487,0.398289,2.068517,0.7912423,-0.1100419,0.60152,0.02832162,0.9892142,0.1437121,-0.6108465,-0.09667508,0.7858247,moving,-48.54307,3.779667,-8.511021,10.89881,3.6664092444544374,-0.5345862267922563
05/04/2023 16:18:44.532651,1658,True,True,True,True,Eyes,-0.03740068,0.1413074,-3.185288,-0.7469196,0.04459024,0.6634175,0.0,0.0,0.0,0.0,0.0,0.0,0.0,1.920144,0.2913392,2.484231,-0.04892887,0.1476443,-3.149451,0.06086969,-0.3152621,-0.03682172,0.9463345,5.278053,322.8625,353.7693,0.01583301,0.04412802,-0.9989002,-0.2870395,-0.01931778,0.3279226,-1.526698,0.3874233,-1.634393,-0.3087,0.4008,2.069,0.798508,-0.1080711,0.5922042,0.03131152,0.9898781,0.1384232,-0.6011694,-0.0919892,0.7938094,moving,-48.38837,3.845234,-8.486073,10.96336,3.6710618078546986,-0.5351609383641451
05/04/2023 16:18:44.552890,1659,True,True,True,True,Eyes,-0.03926705,0.1417831,-3.183354,-0.7448173,0.04562247,0.665707,0.0,0.0,0.0,0.0,0.0,0.0,0.0,1.89056,0.2734849,2.499374,-0.05637018,0.1499939,-3.141688,0.0580565,-0.3092224,-0.03808503,0.9484517,4.966547,323.6146,353.7679,0.01307718,0.04414831,-0.9989391,-0.2698171,-0.01815872,0.3082472,-1.513327,0.401193,-1.608433,-0.3087,0.4008,2.069,0.805862,-0.1081484,0.5821429,0.03633887,0.9903579,0.133681,-0.5909872,-0.08657406,0.8020219,static,-48.21011,3.920485,-8.486073,10.96336,3.676426775206057,-0.5358175079793284
05/04/2023 16:18:44.562931,1660,True,True,True,True,Eyes,-0.04135532,0.1423212,-3.18117,-0.7424936,0.04659938,0.6682302,0.0,0.0,0.0,0.0,0.0,0.0,0.0,1.861219,0.2581166,2.513754,-0.06373914,0.1520335,-3.134093,0.05569023,-0.3032346,-0.03912322,0.9504825,4.711476,324.3547,353.7704,0.01053752,0.04418391,-0.9989676,-0.253628,-0.01706919,0.2897524,-1.500118,0.4125614,-1.583082,-0.3087,0.4008,2.069,0.8130363,-0.1081463,0.5720807,0.04059746,0.9907359,0.1295922,-0.5807958,-0.08213814,0.8098948,static,-48.01339,3.989093,-8.486073,10.96336,3.6825313110448357,-0.536270720116828
05/04/2023 16:18:44.582769,1661,True,True,True,True,Eyes,-0.0436442,0.1429072,-3.178768,-0.7399148,0.04766667,0.6710097,0.0,0.0,0.0,0.0,0.0,0.0,0.0,1.830447,0.2465489,2.527843,-0.07103164,0.1539453,-3.126111,0.05387622,-0.2970581,-0.04041565,0.9524812,4.509281,325.1095,353.7229,0.008185235,0.04423563,-0.9989873,-0.2384104,-0.01604504,0.2723672,-1.486038,0.4220912,-1.556859,-0.3086998,0.4008,2.069,0.8202461,-0.108999,0.5615296,0.04498155,0.9909279,0.1266438,-0.5702395,-0.07862057,0.8177077,static,-47.79592,4.063309,-8.48607,10.96336,3.6893005119268665,-0.536741121038838
05/04/2023 16:18:44.602651,1662,True,True,True,True,Eyes,-0.04608709,0.1435116,-3.176115,-0.7372981,0.04868654,0.6738108,0.0,0.0,0.0,0.0,0.0,0.0,0.0,1.80108,0.2356439,2.541225,-0.07814128,0.1555768,-3.118803,0.05222377,-0.2910998,-0.04139,0.9543692,4.334794,325.8361,353.7007,0.005995271,0.04430375,-0.9989999,-0.2241057,-0.01508234,0.2560252,-1.472537,0.4302075,-1.532318,-0.3086997,0.4008,2.069,0.8270956,-0.1094073,0.5513102,0.04859801,0.9911191,0.1237788,-0.5599564,-0.07558428,0.8250672,static,-47.57606,4.132753,-8.486066,10.96336,3.696215323679392,-0.5371116604946509
05/04/2023 16:18:44.612797,1663,True,True,True,True,Eyes,-0.04870436,0.1441096,-3.173257,-0.7344828,0.04968598,0.676806,0.0,0.0,0.0,0.0,0.0,0.0,0.0,1.773465,0.2259186,2.552107,-0.08508887,0.1567101,-3.110896,0.05076942,-0.2855639,-0.04213948,0.9560858,4.187052,326.5095,353.6924,0.003946471,0.0443876,-0.9990064,-0.2106594,-0.0141774,0.2406637,-1.460296,0.4367824,-1.50869,-0.3087001,0.4008,2.069,0.8333551,-0.1095737,0.5417683,0.05158209,0.9912935,0.1211469,-0.5503259,-0.07301281,0.8317515,static,-47.34027,4.198691,-8.486076,10.96336,3.7037399652011405,-0.5373485659815166
05/04/2023 16:18:44.632765,1664,True,True,True,True,Eyes,-0.05145979,0.1446691,-3.170178,-0.7316691,0.05039125,0.679795,0.0,0.0,0.0,0.0,0.0,0.0,0.0,1.747723,0.2236266,2.561128,-0.09187801,0.1571406,-3.103351,0.0504673,-0.2804263,-0.04280739,0.9575917,4.16595,327.124,353.6512,0.002019146,0.04448573,-0.9990077,-0.1980198,-0.01332676,0.2262239,-1.449513,0.4381726,-1.486395,-0.3087,0.4008,2.069,0.8390572,-0.1102887,0.532747,0.05367927,0.9912412,0.1206628,-0.5413885,-0.07264549,0.8376282,static,-47.10479,4.239418,-8.486073,10.96336,3.7115749357374606,-0.5371128965639809
05/04/2023 16:18:44.652442,1665,True,True,True,True,Eyes,-0.05436279,0.1451976,-3.166886,-0.7286507,0.05102532,0.6829821,0.0,0.0,0.0,0.0,0.0,0.0,0.0,1.72234,0.2253852,2.568765,-0.09849994,0.1569424,-3.095396,0.05075145,-0.2754546,-0.04348717,0.958988,4.208295,327.7124,353.5885,0.0001957961,0.04459593,-0.9990048,-0.1861386,-0.01252715,0.2126504,-1.43918,0.4367122,-1.464138,-0.3086998,0.4008,2.069,0.8444672,-0.1113668,0.5239012,0.05544792,0.9910663,0.1212975,-0.5327294,-0.07338257,0.8430981,static,-46.85296,4.272607,-8.48607,10.96336,3.72008602611794,-0.5366660176226195
05/04/2023 16:18:44.662719,1666,True,True,True,True,Eyes,-0.0574026,0.1457015,-3.163409,-0.7255591,0.05150829,0.6862294,0.0,0.0,0.0,0.0,0.0,0.0,0.0,1.695212,0.2291584,2.577399,-0.1047498,0.1566413,-3.087675,0.05138486,-0.2702011,-0.04412877,0.9604185,4.292871,328.3304,353.5204,-0.001538415,0.04471633,-0.9989983,-0.1749703,-0.01177552,0.1998914,-1.427547,0.4336283,-1.441412,-0.3086997,0.4008,2.069,0.850088,-0.1125327,0.5144772,0.05699569,0.9908245,0.1225492,-0.5235474,-0.07485464,0.8487019,static,-46.59573,4.292564,-8.486065,10.96336,3.728957339205118,-0.5359474560232571
05/04/2023 16:18:44.683015,1667,True,True,True,True,Eyes,-0.06056464,0.1461903,-3.15974,-0.7222916,0.05203047,0.6896287,0.0,0.0,0.0,0.0,0.0,0.0,0.0,1.666464,0.2277477,2.586704,-0.1110572,0.1564777,-3.079478,0.05127636,-0.2646241,-0.04448219,0.9619595,4.30751,328.9937,353.5096,-0.003196772,0.04484545,-0.9989886,-0.1644721,-0.01106899,0.1878979,-1.414676,0.4329786,-1.417906,-0.3086998,0.4008,2.069,0.8559908,-0.1127181,0.5045537,0.05844222,0.9907842,0.1221937,-0.5136772,-0.07510944,0.8546896,static,-46.32523,4.314625,-8.48607,10.96336,3.7382726117495233,-0.5352120218574424
05/04/2023 16:18:44.702796,1668,True,True,True,True,Eyes,-0.06379236,0.1466642,-3.15587,-0.7190395,0.05260058,0.6929758,0.0,0.0,0.0,0.0,0.0,0.0,0.0,1.641505,0.2198124,2.594028,-0.1171768,0.1566835,-3.071409,0.05017471,-0.2596947,-0.04460014,0.9633546,4.215455,329.5889,353.5523,-0.004791444,0.04498228,-0.9989761,-0.1546038,-0.01040485,0.176624,-1.403511,0.4363563,-1.396947,-0.3086999,0.4008,2.069,0.861139,-0.1119917,0.4958806,0.05987128,0.9909866,0.1198369,-0.5048318,-0.07350723,0.8600823,static,-46.05748,4.340734,-8.486072,10.96336,3.7474387295484206,-0.5345643707320518
05/04/2023 16:18:44.712941,1669,True,True,True,True,Eyes,-0.06710021,0.1471335,-3.151825,-0.7156217,0.05326136,0.6964544,0.0,0.0,0.0,0.0,0.0,0.0,0.0,1.616671,0.2110214,2.601121,-0.122807,0.1569035,-3.063378,0.04881856,-0.2548442,-0.04507289,0.9646967,4.083895,330.1746,353.5619,-0.006331479,0.04512595,-0.998961,-0.1453276,-0.009780561,0.1660266,-1.391695,0.4413432,-1.376453,-0.3086999,0.4008,2.069,0.8660457,-0.1118456,0.487294,0.06208108,0.9911703,0.1171633,-0.4960955,-0.07121708,0.8653423,static,-45.77768,4.373183,-8.486071,10.96336,3.7569515352768055,-0.5339846586508419
05/04/2023 16:18:44.732815,1670,True,True,True,True,Eyes,-0.07050052,0.1476142,-3.147603,-0.7121975,0.05398105,0.6999006,0.0,0.0,0.0,0.0,0.0,0.0,0.0,1.592101,0.1994673,2.607962,-0.1280424,0.1572435,-3.05531,0.04707015,-0.2500714,-0.04535559,0.9660185,3.913879,330.7543,353.6022,-0.007824505,0.04527589,-0.9989437,-0.1366079,-0.009193727,0.156065,-1.379643,0.4477131,-1.356539,-0.3087,0.4007999,2.069,0.8708143,-0.1111705,0.4788775,0.06408688,0.9914545,0.1136255,-0.487417,-0.068257,0.8704973,static,-45.49894,4.410306,-8.486073,10.96336,3.766367163222702,-0.533497311006909
05/04/2023 16:18:44.752681,1671,True,True,True,True,Eyes,-0.07395571,0.1481073,-3.143231,-0.7086444,0.0547284,0.70344,0.0,0.0,0.0,0.0,0.0,0.0,0.0,1.566213,0.188511,2.614881,-0.1333811,0.1579637,-3.04687,0.04553386,-0.2450596,-0.04552094,0.9673678,3.771943,331.3597,353.6485,-0.00927842,0.04543209,-0.9989241,-0.1284114,-0.008642104,0.1467011,-1.366912,0.4534077,-1.335786,-0.3087,0.4008,2.069,0.8757473,-0.110388,0.4699799,0.06575397,0.9917091,0.1104067,-0.4782709,-0.06578528,0.875745,static,-45.21117,4.448712,-8.486073,10.96336,3.776086793415712,-0.5329956861027733
05/04/2023 16:18:44.763032,1672,True,True,True,True,Eyes,-0.07747167,0.1486019,-3.13871,-0.7051125,0.05539217,0.7069287,0.0,0.0,0.0,0.0,0.0,0.0,0.0,1.543989,0.1791341,2.619965,-0.1381583,0.158762,-3.039065,0.04437032,-0.2407631,-0.04527736,0.9685115,3.677711,331.8779,353.7254,-0.01070009,0.04559471,-0.9989025,-0.1207067,-0.008123578,0.137899,-1.356435,0.457296,-1.317619,-0.3087001,0.4008,2.069,0.8799662,-0.1090688,0.4623457,0.06633782,0.9919624,0.1077486,-0.4703816,-0.06414407,0.8801287,static,-44.9263,4.480319,-8.486076,10.96336,3.785790197792647,-0.5323785901778664
05/04/2023 16:18:44.782701,1673,True,True,True,True,Eyes,-0.08100786,0.1491119,-3.134041,-0.7014644,0.05595305,0.7105047,0.0,0.0,0.0,0.0,0.0,0.0,0.0,1.523884,0.1744273,2.622799,-0.1427214,0.1593474,-3.030835,0.04406312,-0.2369621,-0.04468638,0.9694899,3.684338,332.331,353.8143,-0.01209477,0.04576337,-0.9988788,-0.1134643,-0.007636163,0.1296251,-1.347943,0.4572315,-1.300112,-0.3086999,0.4007999,2.069,0.8837042,-0.1075285,0.4555267,0.06576339,0.9921231,0.1066154,-0.4634027,-0.06425953,0.8838148,static,-44.63317,4.502815,-8.486072,10.96336,3.795902764072312,-0.5315551141311325
05/04/2023 16:18:44.803045,1674,True,True,True,True,Eyes,-0.08458189,0.1496567,-3.129237,-0.6977993,0.0563961,0.7140697,0.0,0.0,0.0,0.0,0.0,0.0,0.0,1.501737,0.1778329,2.626329,-0.1467092,0.1602027,-3.022789,0.04510402,-0.2329124,-0.0444318,0.9704346,3.832712,332.801,353.8295,-0.01346623,0.04593826,-0.9988532,-0.1066565,-0.007177993,0.1218476,-1.338144,0.4525971,-1.281616,-0.3086999,0.4008,2.069,0.8875553,-0.1072469,0.4480443,0.06522574,0.9919829,0.1082384,-0.4560605,-0.06684359,0.8874349,static,-44.33975,4.515757,-8.486071,10.96336,3.8061473891041153,-0.5305508178372944
05/04/2023 16:18:44.813027,1675,True,True,True,True,Eyes,-0.08815619,0.1502277,-3.124309,-0.6939861,0.05675463,0.717748,0.0,0.0,0.0,0.0,0.0,0.0,0.0,1.476657,0.1848012,2.632227,-0.150481,0.1607552,-3.015758,0.04653822,-0.2282917,-0.04476766,0.9714489,4.012772,333.3323,353.7715,-0.01481835,0.04612012,-0.9988257,-0.1002571,-0.006747314,0.1145367,-1.325743,0.4468362,-1.262586,-0.3086998,0.4008,2.069,0.8917575,-0.1082276,0.4393806,0.0657304,0.9916601,0.1108592,-0.4477143,-0.06997883,0.8914341,static,-44.03571,4.521153,-8.48607,10.96336,3.8168649543754243,-0.5293595245515007
05/04/2023 16:18:44.832710,1676,True,True,True,True,Eyes,-0.09174086,0.1507486,-3.119308,-0.6901468,0.05705367,0.7214168,0.0,0.0,0.0,0.0,0.0,0.0,0.0,1.450326,0.1917503,2.637834,-0.1540705,0.1619566,-3.008058,0.04782604,-0.2235076,-0.04608392,0.9724368,4.152731,333.8797,353.6098,-0.01615345,0.04630932,-0.9987962,-0.09424166,-0.006342475,0.1076645,-1.311765,0.4436609,-1.242531,-0.3086998,0.4008,2.069,0.8958412,-0.1110064,0.430286,0.06824844,0.9911779,0.1136158,-0.4391021,-0.07241538,0.895514,static,-43.73095,4.521859,-8.486068,10.96336,3.8276678392746115,-0.5280770116928911
05/04/2023 16:18:44.852974,1677,True,True,True,True,Eyes,-0.0953084,0.1512581,-3.114191,-0.6861771,0.05726794,0.7251768,0.0,0.0,0.0,0.0,0.0,0.0,0.0,1.424828,0.198509,2.642372,-0.1575787,0.1622009,-3.000089,0.0489087,-0.2189141,-0.04748159,0.9733602,4.268058,334.405,353.4446,-0.01747474,0.04650382,-0.998765,-0.08858716,-0.005961926,0.1012046,-1.298178,0.44044,-1.222924,-0.3086998,0.4008,2.069,0.8996442,-0.113847,0.42152,0.07101976,0.9907069,0.1160003,-0.4308091,-0.07442278,0.8993691,static,-43.41716,4.515335,-8.486069,10.96336,3.8388832288608157,-0.5266202021051001
05/04/2023 16:18:44.862878,1678,True,True,True,True,Eyes,-0.09886866,0.1517632,-3.108962,-0.6822215,0.0575441,0.7288775,0.0,0.0,0.0,0.0,0.0,0.0,0.0,1.39986,0.2042573,2.646806,-0.1607794,0.1622296,-2.992447,0.04998051,-0.2144296,-0.04818797,0.9742689,4.400232,334.9196,353.3576,-0.01878216,0.04670278,-0.998732,-0.08327194,-0.005604211,0.09513237,-1.285059,0.4360284,-1.204229,-0.3086998,0.4008,2.069,0.9033958,-0.1153307,0.4130072,0.07246149,0.9903597,0.1180547,-0.422641,-0.07672305,0.9030438,static,-43.10629,4.514078,-8.486071,10.96336,3.849927895895936,-0.5252748119965931
05/04/2023 16:18:44.883203,1679,True,True,True,True,Eyes,-0.1024013,0.1522594,-3.103607,-0.6781433,0.05788054,0.732647,0.0,0.0,0.0,0.0,0.0,0.0,0.0,1.375879,0.2036976,2.650694,-0.1638221,0.1626069,-2.984532,0.05009455,-0.2101025,-0.04865845,0.9751821,4.430861,335.4243,353.3214,-0.02007834,0.04690599,-0.9986973,-0.07827562,-0.005267958,0.08942442,-1.27212,0.4354489,-1.18622,-0.3086998,0.4007999,2.069,0.9069785,-0.1159517,0.4049013,0.07385171,0.9902458,0.1181491,-0.4146515,-0.07725609,0.9066949,static,-42.78756,4.517096,-8.48607,10.96336,3.8611969228878755,-0.5239763600908487
05/04/2023 16:18:44.902979,1680,True,True,True,True,Eyes,-0.1058861,0.1527481,-3.098135,-0.6740761,0.05846053,0.7363449,0.0,0.0,0.0,0.0,0.0,0.0,0.0,1.352333,0.1975246,2.654271,-0.1667029,0.1628605,-2.97635,0.04914771,-0.2058402,-0.04939995,0.9761015,4.336232,335.9292,353.2806,-0.02136417,0.04711306,-0.9986609,-0.07357908,-0.004951881,0.08405896,-1.258651,0.439349,-1.168617,-0.3086998,0.4008,2.069,0.9103789,-0.1166719,0.396986,0.07620558,0.9902883,0.1162833,-0.4066975,-0.07560931,0.9104286,static,-42.47209,4.539355,-8.48607,10.96336,3.872105059631744,-0.5230534435579828
05/04/2023 16:18:44.912725,1681,True,True,True,True,Eyes,-0.1093346,0.1532257,-3.092536,-0.6698745,0.05918986,0.7401112,0.0,0.0,0.0,0.0,0.0,0.0,0.0,1.328804,0.1907068,2.657887,-0.1692036,0.1631103,-2.96837,0.04801564,-0.2016096,-0.05041825,0.9769884,4.21457,336.4304,353.212,-0.02263915,0.04732352,-0.9986228,-0.06916434,-0.004654768,0.07901542,-1.244594,0.4443586,-1.151468,-0.3086997,0.4008,2.069,0.9136232,-0.1178769,0.3890988,0.07915524,0.990305,0.114151,-0.3987822,-0.07349181,0.9140961,static,-42.14824,4.572457,-8.486066,10.96336,3.883172291780709,-0.52229871344838
05/04/2023 16:18:44.932798,1682,True,True,True,True,Eyes,-0.1127597,0.1536856,-3.086836,-0.6657315,0.0601797,0.7437607,0.0,0.0,0.0,0.0,0.0,0.0,0.0,1.304817,0.1791099,2.661618,-0.1715952,0.1632904,-2.960191,0.04596006,-0.1972672,-0.0517845,0.9779018,3.982861,336.9508,353.1251,-0.0239042,0.04753705,-0.9985831,0.0,0.0,0.0,-1.22939,0.4534017,-1.134375,-0.3086998,0.4008,2.069,0.9168081,-0.1194131,0.3810559,0.08314749,0.9904121,0.1103196,-0.3905759,-0.06945806,0.9179467,static,-41.83135,4.62588,-8.48607,10.96336,3.893733604701664,-0.5219555512697698
05/04/2023 16:18:44.952795,1683,True,True,True,True,Eyes,-0.1161379,0.1541224,-3.081009,-0.6614722,0.06131139,0.7474593,0.0,0.0,0.0,0.0,0.0,0.0,0.0,1.282405,0.1666738,2.664021,-0.1740155,0.1633306,-2.951676,0.04365398,-0.1932068,-0.05344408,0.9787285,3.715327,337.439,353.0075,-0.0251598,0.04775295,-0.998542,0.0,0.0,0.0,-1.214874,0.4637455,-1.117811,-0.3086999,0.4007999,2.069,0.9196297,-0.121483,0.3735279,0.087746,0.9904761,0.1061023,-0.3828601,-0.06479926,0.9215309,static,-41.50757,4.689268,-8.486073,10.96336,3.9044123432733597,-0.521770406892276
05/04/2023 16:18:44.972553,1684,True,True,True,True,Eyes,-0.1194778,0.1545293,-3.075079,-0.6572968,0.06262073,0.7510257,0.0,0.0,0.0,0.0,0.0,0.0,0.0,1.260121,0.1557941,2.665751,-0.1763024,0.1630264,-2.942914,0.04152691,-0.1892076,-0.05525846,0.9795012,3.465107,337.9179,352.8658,-0.02640647,0.04797061,-0.9984993,0.0,0.0,0.0,-1.200313,0.4732128,-1.101208,-0.3086998,0.4007999,2.069,0.922294,-0.1239659,0.3660688,0.09253704,0.9904441,0.102262,-0.3752476,-0.06044067,0.9249519,static,-41.19237,4.766312,-8.486068,10.96336,3.9146126390973413,-0.521878435907477
05/04/2023 16:18:44.983203,1685,True,True,True,True,Eyes,-0.1227642,0.1548973,-3.069019,-0.6530039,0.06401457,0.7546443,0.0,0.0,0.0,0.0,0.0,0.0,0.0,1.238313,0.1466834,2.667235,-0.1782295,0.1625634,-2.934431,0.03962616,-0.1853355,-0.05728886,0.9802034,3.235957,338.3793,352.6921,-0.02764337,0.04818897,-0.9984554,0.0,0.0,0.0,-1.185699,0.4818869,-1.085179,-0.3087,0.4008,2.069,0.9247375,-0.1269977,0.3587927,0.0976212,0.9902955,0.09891871,-0.3678733,-0.05644808,0.9281611,static,-40.87008,4.848649,-8.486073,10.96336,3.9249970028898966,-0.5220558124428347
05/04/2023 16:18:45.002656,1686,True,True,True,True,Eyes,-0.1259517,0.1552265,-3.062838,-0.648828,0.06539525,0.7581199,0.0,0.0,0.0,0.0,0.0,0.0,0.0,1.216031,0.1418997,2.667964,-0.1802658,0.1618224,-2.925443,0.0383817,-0.1814172,-0.05960096,0.980848,3.076424,338.8396,352.4706,-0.02887108,0.0484071,-0.9984101,0.0,0.0,0.0,-1.170966,0.4879469,-1.068334,-0.3086998,0.4008,2.069,0.927071,-0.1308451,0.3513101,0.1029928,0.9899492,0.09691849,-0.3604604,-0.05366795,0.9312294,static,-40.55817,4.930117,-8.48607,10.96336,3.9350241942351225,-0.5222609881782129
05/04/2023 16:18:45.027398,1687,True,True,True,True,Eyes,-0.12908,0.15551,-3.056536,-0.6445528,0.06679319,0.7616366,0.0,0.0,0.0,0.0,0.0,0.0,0.0,1.19364,0.1382186,2.668916,-0.1819314,0.1612424,-2.91683,0.03741331,-0.1775121,-0.06174149,0.9814672,2.953194,339.2964,352.2613,-0.03008773,0.04862403,-0.9983636,0.0,0.0,0.0,-1.156062,0.4927826,-1.051932,-0.3087,0.4008,2.069,0.9293548,-0.1344771,0.3438247,0.1079119,0.9895765,0.09535959,-0.3530645,-0.05152014,0.9341794,static,-40.24035,5.011842,-8.486073,10.96336,3.945257777363987,-0.5224458665255372
05/04/2023 16:18:45.032550,1688,True,True,True,True,Eyes,-0.1321473,0.1557382,-3.050127,-0.6403391,0.06804267,0.7650726,0.0,0.0,0.0,0.0,0.0,0.0,0.0,1.171829,0.1366786,2.668856,-0.1836641,0.1603628,-2.907784,0.03687608,-0.1737468,-0.06349325,0.9820493,2.886909,339.734,352.0854,-0.03129295,0.04883864,-0.998316,0.0,0.0,0.0,-1.142137,0.4950892,-1.035357,-0.3086997,0.4008,2.069,0.9315613,-0.1375212,0.3365731,0.1118928,0.9892175,0.09449176,-0.3459386,-0.05036476,0.9369044,static,-39.92816,5.082299,-8.486065,10.96336,3.955435242887442,-0.5224428771989205
05/04/2023 16:18:45.052458,1689,True,True,True,True,Eyes,-0.1351495,0.155904,-3.0436,-0.6360503,0.06924496,0.7685345,0.0,0.0,0.0,0.0,0.0,0.0,0.0,1.150522,0.1371038,2.668483,-0.185168,0.1592101,-2.898908,0.03676534,-0.1701213,-0.06474027,0.9826066,2.878854,340.1528,351.9571,-0.03248683,0.04904968,-0.9982675,0.0,0.0,0.0,-1.128999,0.4947896,-1.01921,-0.3087,0.4007999,2.069,0.9337349,-0.1397376,0.3295643,0.1147193,0.988914,0.09427915,-0.3390851,-0.05022434,0.9394141,static,-39.61165,5.148448,-8.486074,10.96336,3.9658208754266333,-0.5223405422414346
05/04/2023 16:18:45.063117,1690,True,True,True,True,Eyes,-0.1378775,0.1559849,-3.036898,-0.62871,0.07182027,0.7743163,0.0,0.0,0.0,0.0,0.0,0.0,0.0,1.129559,0.1378054,2.667449,-0.1866315,0.1578565,-2.88971,0.03678424,-0.1665838,-0.06554271,0.9831587,2.894254,340.561,351.8762,-0.03366804,0.04925555,-0.9982182,0.0,0.0,0.0,-1.116495,0.4932266,-1.003026,-0.3086998,0.4008,2.069,0.935908,-0.1411331,0.3227347,0.1166225,0.9887021,0.09416621,-0.3323785,-0.05049279,0.9417935,static,-39.07505,5.299203,-8.486069,10.96336,3.9829362320943096,-0.5228927700188055
05/04/2023 16:18:45.082734,1691,True,True,True,True,Eyes,-0.1405395,0.1560053,-3.030085,-0.6214295,0.07421837,0.7799468,0.0,0.0,0.0,0.0,0.0,0.0,0.0,1.10961,0.1398648,2.665948,-0.1878423,0.1562637,-2.88069,0.03714553,-0.1632798,-0.06571735,0.9836875,2.95884,340.9405,351.859,-0.03483009,0.04945446,-0.9981685,0.0,0.0,0.0,-1.105189,0.4893536,-0.9874856,-0.3086998,0.4008,2.069,0.9380419,-0.1414209,0.3163505,0.1171605,0.9886029,0.09453983,-0.3261149,-0.05161856,0.9439198,static,-38.54639,5.435799,-8.48607,10.96337,3.9999503671882293,-0.5232126094848402
05/04/2023 16:18:45.103135,1692,True,True,True,True,Eyes,-0.1432504,0.1559924,-3.023217,-0.6141444,0.07652932,0.7854743,0.0,0.0,0.0,0.0,0.0,0.0,0.0,1.091696,0.1428697,2.663046,-0.1889463,0.1548556,-2.871296,0.03780536,-0.1603919,-0.06542088,0.9841571,3.062593,341.2701,351.8886,-0.03597431,0.04964554,-0.9981185,0.0,0.0,0.0,-1.095792,0.4840336,-0.9723576,-0.3087001,0.4008,2.069,0.9399891,-0.1408962,0.310755,0.1166415,0.9885818,0.09539877,-0.3206481,-0.05342687,0.9456904,static,-38.02104,5.564805,-8.486076,10.96336,4.01694381270387,-0.52340385269137
05/04/2023 16:18:45.112863,1693,True,True,True,True,Eyes,-0.145871,0.1559259,-3.01624,-0.6069446,0.07872202,0.7908357,0.0,0.0,0.0,0.0,0.0,0.0,0.0,1.075337,0.1436549,2.659791,-0.1896328,0.153629,-2.862152,0.03816139,-0.1578101,-0.06480865,0.9846013,3.135218,341.568,351.9594,-0.03710361,0.04982844,-0.998068,0.0,0.0,0.0,-1.087237,0.4798507,-0.9583187,-0.3086998,0.4008,2.069,0.9417915,-0.1396659,0.3058137,0.1155769,0.9886871,0.09560242,-0.3157064,-0.05469257,0.9472794,static,-37.50524,5.684657,-8.486071,10.96336,4.033715127910374,-0.5234636323535448
05/04/2023 16:18:45.132656,1694,True,True,True,True,Eyes,-0.1484357,0.1558157,-3.009158,-0.5997758,0.08087852,0.7960702,0.0,0.0,0.0,0.0,0.0,0.0,0.0,1.058876,0.1423618,2.656265,-0.1901426,0.152236,-2.8527,0.03810298,-0.1552216,-0.06427882,0.9850497,3.15927,341.8701,352.0288,-0.0382173,0.05000248,-0.9980173,0.0,0.0,0.0,-1.078241,0.477278,-0.9442123,-0.3087,0.4007999,2.069,0.943549,-0.1384645,0.3009036,0.1148068,0.9888328,0.09502158,-0.3107005,-0.05511173,0.9489088,static,-36.99512,5.801187,-8.486074,10.96336,4.050327275934281,-0.5234851184620873
05/04/2023 16:18:45.152639,1695,True,True,True,True,Eyes,-0.1509067,0.1556723,-3.00196,-0.5926934,0.08298755,0.8011414,0.0,0.0,0.0,0.0,0.0,0.0,0.0,1.042301,0.1407879,2.652399,-0.1905287,0.1509375,-2.842948,0.03796741,-0.1526302,-0.06395501,0.9854808,3.170612,342.1725,352.0763,-0.03931568,0.05016732,-0.9979664,0.0,0.0,0.0,-1.068905,0.4753585,-0.9298605,-0.3087,0.4008,2.069,0.9452276,-0.1376428,0.2959718,0.1144629,0.9889365,0.09435524,-0.3056847,-0.05530938,0.950525,static,-36.49446,5.913985,-8.486073,10.96336,4.066651380453287,-0.5234766760840183
05/04/2023 16:18:45.163021,1696,True,True,True,True,Eyes,-0.2105925,0.1512331,-2.819527,-0.4046558,0.1347609,0.9044851,0.0,0.0,0.0,0.0,0.0,0.0,0.0,1.026714,0.1365267,2.648312,-0.1906769,0.149854,-2.833289,0.03734349,-0.1502096,-0.06377349,0.9858882,3.122689,342.4589,352.1159,-0.04039844,0.05032311,-0.9979154,0.0,0.0,0.0,-1.059683,0.4758502,-0.9161943,-0.3087,0.4008,2.069,0.94674,-0.1369658,0.2914167,0.1145284,0.9890768,0.09279179,-0.3009428,-0.05447423,0.9520851,static,-24.10317,8.474264,-8.486073,10.96336,4.473621590806443,-0.5189169322418954
05/04/2023 16:18:45.182819,1697,True,True,True,True,Eyes,-0.2105838,0.151188,-2.819127,-0.404559,0.1348238,0.9045189,0.0,0.0,0.0,0.0,0.0,0.0,0.0,1.01318,0.1311553,2.643147,-0.190751,0.1490429,-2.82336,0.03654245,-0.1481701,-0.06361023,0.9862374,3.051227,342.7026,352.1551,-0.0442161,0.05066419,-0.9977362,-0.1790574,-0.01331779,0.5472987,-1.051758,0.477474,-0.903075,-0.3086999,0.4008,2.069,0.9479988,-0.1362985,0.2876127,0.1146406,0.9892368,0.09092931,-0.2969106,-0.05322878,0.9534206,static,-24.09727,8.477852,-8.486073,10.96336,4.473785172563073,-0.5189592904168986
05/04/2023 16:18:45.202814,1698,True,True,True,True,Eyes,-0.2105869,0.1511002,-2.818352,-0.4042882,0.134971,0.9046181,0.0,0.0,0.0,0.0,0.0,0.0,0.0,1.002618,0.1259404,2.636794,-0.1905714,0.147925,-2.813465,0.03565923,-0.1467231,-0.06353854,0.9864906,2.964078,342.878,352.1832,-0.04744273,0.05095493,-0.9975731,-0.168314,-0.01251873,0.5144607,-1.045751,0.4794108,-0.8911019,-0.3086999,0.4008,2.069,0.9488704,-0.1358244,0.2849505,0.1148963,0.9893825,0.08900013,-0.2940134,-0.05170985,0.9544015,static,-24.08063,8.486054,-8.486072,10.96336,4.474270966487112,-0.519042713770407
05/04/2023 16:18:45.212912,1699,True,True,True,True,Eyes,-0.2105626,0.1509647,-2.817195,-0.4039006,0.135156,0.9047636,0.0,0.0,0.0,0.0,0.0,0.0,0.0,0.9920499,0.1216919,2.630223,-0.1900375,0.1466687,-2.803465,0.03488692,-0.1453466,-0.06364235,0.9867152,2.885863,343.0437,352.1889,-0.05018207,0.05120281,-0.9974264,-0.1582151,-0.0117676,0.4835931,-1.039562,0.4809808,-0.8790849,-0.3087001,0.4008,2.069,0.949648,-0.1357351,0.2823909,0.1154523,0.9894651,0.08734731,-0.2912721,-0.05034651,0.9553145,static,-24.05673,8.496168,-8.486078,10.96336,4.474989951955897,-0.5191312089368074
05/04/2023 16:18:45.237635,1700,True,True,True,True,Eyes,-0.2105216,0.1507874,-2.815684,-0.4033253,0.1354273,0.9049796,0.0,0.0,0.0,0.0,0.0,0.0,0.0,0.9797785,0.1183506,2.623954,-0.1893743,0.1453726,-2.793226,0.03425955,-0.1436863,-0.0638883,0.9869645,2.823888,343.2405,352.1765,-0.05260807,0.05142007,-0.9972902,-0.1487222,-0.01106155,0.4545775,-1.032089,0.4819978,-0.8662563,-0.3086998,0.4008,2.069,0.9505451,-0.1359562,0.279249,0.1162657,0.9894891,0.08598567,-0.2880041,-0.04926618,0.9563611,static,-24.02126,8.510972,-8.486068,10.96336,4.476059626606356,-0.5192586688514608
05/04/2023 16:18:45.254515,1701,True,True,True,True,Eyes,-0.210447,0.1505817,-2.813819,-0.4026763,0.1356706,0.9052321,0.0,0.0,0.0,0.0,0.0,0.0,0.0,0.9670959,0.1146088,2.617971,-0.1884895,0.1441313,-2.783142,0.03366091,-0.1419696,-0.06371949,0.9872444,2.772515,343.4447,352.2108,-0.05479354,0.05161192,-0.9971626,-0.1397989,-0.01039785,0.4273029,-1.024495,0.4824786,-0.8535535,-0.3087,0.4008,2.069,0.9515689,-0.1353711,0.2760276,0.1162558,0.9896135,0.08455554,-0.284607,-0.04837064,0.9574232,static,-23.98104,8.523694,-8.486074,10.96336,4.477324351776796,-0.5193267971351334
05/04/2023 16:18:45.262696,1702,True,True,True,True,Eyes,-0.2103286,0.1503895,-2.811626,-0.4019122,0.1359528,0.9055293,0.0,0.0,0.0,0.0,0.0,0.0,0.0,0.9553441,0.1124424,2.611427,-0.1876146,0.1430963,-2.772941,0.03347833,-0.140445,-0.06307085,0.9875102,2.774453,343.6243,352.2918,-0.05676258,0.05178064,-0.9970437,-0.1314109,-0.009773982,0.4016647,-1.018163,0.4810169,-0.8409228,-0.3086999,0.4008,2.069,0.9525946,-0.1339699,0.2731586,0.1151625,0.9898025,0.08383633,-0.2816047,-0.04840441,0.9583088,static,-23.93367,8.538402,-8.486073,10.96336,4.478817422886504,-0.5194018559147958
05/04/2023 16:18:45.282486,1703,True,True,True,True,Eyes,-0.2101592,0.1502053,-2.809108,-0.4011429,0.1363152,0.905816,0.0,0.0,0.0,0.0,0.0,0.0,0.0,0.9462876,0.1089401,2.60405,-0.1863844,0.1432233,-2.762816,0.03330667,-0.1394562,-0.06207815,0.9877192,2.77884,343.7427,352.4104,-0.05853632,0.05192968,-0.9969333,-0.1235263,-0.009187543,0.3775648,-1.013809,0.480462,-0.8293383,-0.3086997,0.4008,2.069,0.9533966,-0.1319212,0.2713518,0.1133419,0.990074,0.08310962,-0.2796223,-0.0484809,0.9588853,static,-23.88628,8.558155,-8.486066,10.96336,4.480246902483929,-0.5195716608834307
05/04/2023 16:18:45.302667,1704,True,True,True,True,Eyes,-0.2099244,0.1500096,-2.806268,-0.4002575,0.1367888,0.9061362,0.0,0.0,0.0,0.0,0.0,0.0,0.0,0.9402263,0.09982869,2.595761,-0.1849904,0.1434911,-2.752663,0.03208772,-0.1389976,-0.06110212,0.9878849,2.660159,343.8085,352.5429,-0.06013303,0.05206191,-0.9968314,-0.1161147,-0.00863629,0.3549109,-1.010963,0.484468,-0.819221,-0.3086997,0.4008,2.069,0.9538924,-0.129644,0.270706,0.1118035,0.9904738,0.08038405,-0.2785485,-0.04641185,0.9593001,static,-23.83196,8.584455,-8.486066,10.96336,4.481838790918995,-0.5198350651904173
05/04/2023 16:18:45.312685,1705,True,True,True,True,Eyes,-0.2096414,0.1498291,-2.803128,-0.3993321,0.1373209,0.9064639,0.0,0.0,0.0,0.0,0.0,0.0,0.0,0.9333491,0.08967043,2.587366,-0.183388,0.143039,-2.74218,0.03038089,-0.1384237,-0.06089882,0.988032,2.474509,343.8893,352.5956,-0.06156874,0.05217922,-0.9967377,-0.1091478,-0.008118113,0.3336163,-1.006705,0.4905427,-0.8087671,-0.3086999,0.4007999,2.069,0.9542605,-0.1287508,0.2698338,0.1119291,0.9907367,0.07689425,-0.2772344,-0.04317489,0.9598318,static,-23.77533,8.614282,-8.486072,10.96336,4.483467677184527,-0.5201549450722207
05/04/2023 16:18:45.332762,1706,True,True,True,True,Eyes,-0.2093065,0.1496977,-2.799706,-0.3982083,0.1378953,0.906871,0.0,0.0,0.0,0.0,0.0,0.0,0.0,0.9250211,0.08443353,2.579411,-0.181977,0.1430098,-2.731774,0.02949495,-0.1375642,-0.06151131,0.9881409,2.370821,343.9944,352.5426,-0.06285948,0.0522843,-0.9966516,-0.1025989,-0.007631026,0.3135993,-1.001185,0.4945233,-0.7973401,-0.3086999,0.4008,2.069,0.9545848,-0.1296786,0.2682372,0.1134488,0.9906928,0.07521385,-0.2754942,-0.04136682,0.9604123,static,-23.70635,8.645949,-8.486072,10.96336,4.48551124914277,-0.520456901631881
05/04/2023 16:18:45.352773,1707,True,True,True,True,Eyes,-0.208915,0.1496428,-2.796012,-0.3970616,0.1385198,0.9072785,0.0,0.0,0.0,0.0,0.0,0.0,0.0,0.9155608,0.07906419,2.572104,-0.1802134,0.1441156,-2.721576,0.02869785,-0.1365071,-0.06263884,0.9882401,2.270621,344.1206,352.4297,-0.06401806,0.05238061,-0.9965728,-0.096443,-0.007173164,0.2947834,-0.9941677,0.4997747,-0.7856831,-0.3086999,0.4008,2.069,0.9548844,-0.1316394,0.2662084,0.1159695,0.9905056,0.07382203,-0.2733988,-0.03961943,0.9610845,static,-23.63612,8.680666,-8.486072,10.96336,4.487560293218524,-0.5208108744887627
05/04/2023 16:18:45.362588,1708,True,True,True,True,Eyes,-0.2084672,0.149679,-2.792058,-0.3957303,0.1392569,0.9077473,0.0,0.0,0.0,0.0,0.0,0.0,0.0,0.9080229,0.07277526,2.564146,-0.1784722,0.1458535,-2.711369,0.02789453,-0.1357948,-0.06342889,0.988311,2.172621,344.2078,352.3543,-0.0650565,0.0524723,-0.9965007,-0.09065642,-0.006742775,0.2770964,-0.9887613,0.5054102,-0.7746581,-0.3086998,0.4008,2.069,0.9550731,-0.1329508,0.2648764,0.1177991,0.9903973,0.07236356,-0.2719536,-0.0379103,0.9615634,static,-23.55468,8.721712,-8.486067,10.96336,4.489926364984881,-0.5212361511478845
05/04/2023 16:18:45.382874,1709,True,True,True,True,Eyes,-0.207957,0.1497837,-2.787852,-0.394351,0.1401299,0.908213,0.0,0.0,0.0,0.0,0.0,0.0,0.0,0.8996411,0.06161903,2.556624,-0.1764065,0.1479432,-2.701198,0.02642857,-0.1349281,-0.06337079,0.9884737,2.014183,344.3201,352.3862,-0.06598575,0.05256361,-0.9964348,-0.08521704,-0.006338208,0.2604706,-0.98286,0.5131211,-0.7639387,-0.3086999,0.4008,2.069,0.9555571,-0.1324126,0.2633961,0.1181488,0.9905713,0.06934889,-0.2700953,-0.03514689,0.9621919,static,-23.47075,8.771109,-8.486072,10.96336,4.492274336099047,-0.5218078151273752
05/04/2023 16:18:45.402917,1710,True,True,True,True,Eyes,-0.2074098,0.1499433,-2.78341,-0.392778,0.1410901,0.9087459,0.0,0.0,0.0,0.0,0.0,0.0,0.0,0.8893062,0.04513684,2.549825,-0.1744102,0.1499154,-2.691025,0.02409764,-0.1336241,-0.06258049,0.9887607,1.772388,344.4911,352.5156,-0.06681481,0.05265751,-0.9963747,-0.08010402,-0.005957915,0.2448423,-0.9756109,0.5233094,-0.7531521,-0.3086999,0.4008,2.069,0.9564565,-0.1301943,0.2612284,0.1173142,0.991006,0.06437812,-0.2672606,-0.03092908,0.9631279,static,-23.37496,8.82517,-8.486072,10.96336,4.494983616024813,-0.5224167221044823
05/04/2023 16:18:45.412762,1711,True,True,True,True,Eyes,-0.2068006,0.1501646,-2.778742,-0.3911354,0.1421193,0.9092938,0.0,0.0,0.0,0.0,0.0,0.0,0.0,0.8775012,0.02791552,2.5433,-0.1722938,0.151341,-2.680778,0.02158284,-0.1320671,-0.06148971,0.9890963,1.515849,344.6924,352.6815,-0.06755314,0.05275621,-0.9963197,-0.07529777,-0.00560044,0.2301518,-0.9674492,0.5333142,-0.742088,-0.3086999,0.4008001,2.069,0.9575546,-0.1273392,0.2585999,0.1159377,0.9915064,0.05893653,-0.2639084,-0.02645347,0.9641849,static,-23.2751,8.883249,-8.486073,10.96337,4.497786074756489,-0.5230838508214641
05/04/2023 16:18:45.432748,1712,True,True,True,True,Eyes,-0.2061225,0.150429,-2.773862,-0.3893169,0.1430947,0.909921,0.0,0.0,0.0,0.0,0.0,0.0,0.0,0.864861,0.01616901,2.537107,-0.170254,0.1528452,-2.670732,0.01996498,-0.1303574,-0.06109963,0.9893813,1.350952,344.9027,352.7533,-0.06820869,0.05286199,-0.9962694,-0.0707799,-0.005264414,0.2163427,-0.958525,0.5404829,-0.7303548,-0.3086999,0.4008,2.069,0.9585475,-0.1261068,0.2555066,0.1156965,0.9917365,0.05543553,-0.260386,-0.02357638,0.9652167,static,-23.16405,8.937173,-8.486072,10.96336,4.501038475464529,-0.523625299880273
05/04/2023 16:18:45.452663,1713,True,True,True,True,Eyes,-0.2053952,0.1507128,-2.768779,-0.3874083,0.1440906,0.9105783,0.0,0.0,0.0,0.0,0.0,0.0,0.0,0.8498417,0.007181391,2.531888,-0.1681174,0.15417,-2.660959,0.01870124,-0.128185,-0.06146759,0.9896669,1.21806,345.1625,352.7333,-0.06878678,0.05297601,-0.9962236,-0.06653311,-0.004948549,0.2033621,-0.9472033,0.5467172,-0.7178621,-0.3086999,0.4008,2.069,0.9595807,-0.1264593,0.2514218,0.1168704,0.991744,0.05277443,-0.2560199,-0.02125755,0.9664378,static,-23.04748,8.991968,-8.486073,10.96336,4.50447560630104,-0.5241596511613063
05/04/2023 16:18:45.462924,1714,True,True,True,True,Eyes,-0.2046224,0.1510045,-2.763513,-0.3853191,0.1448649,0.9113415,0.0,0.0,0.0,0.0,0.0,0.0,0.0,0.8351167,0.0005997717,2.52637,-0.1662292,0.1549032,-2.651101,0.01782202,-0.1260581,-0.06158409,0.9899491,1.132207,345.4144,352.7356,-0.06929304,0.05309834,-0.996182,-0.06254113,-0.004651636,0.1911604,-0.936635,0.550553,-0.7051741,-0.3086999,0.4008,2.069,0.9606335,-0.1264234,0.247387,0.117437,0.9917796,0.05081213,-0.2517772,-0.01975945,0.9675835,static,-22.91885,9.032051,-8.486072,10.96336,4.508528098096226,-0.524366183020871
05/04/2023 16:18:45.482931,1715,True,True,True,True,Eyes,-0.2038112,0.1512872,-2.758075,-0.3831238,0.1455955,0.9121502,0.0,0.0,0.0,0.0,0.0,0.0,0.0,0.81955,-0.001089543,2.521359,-0.1643522,0.1553853,-2.641545,0.01780576,-0.123789,-0.06185284,0.990219,1.143115,345.6758,352.7078,-0.06973572,0.05322938,-0.9961441,-0.05878866,-0.004372538,0.1796908,-0.9256859,0.5507635,-0.691995,-0.3087,0.4008,2.069,0.961701,-0.126904,0.2429538,0.1180874,0.9917144,0.0505766,-0.2473592,-0.01994979,0.9687185,static,-22.78351,9.068931,-8.486073,10.96336,4.512859462475245,-0.5244839781720911
05/04/2023 16:18:45.502895,1716,True,True,True,True,Eyes,-0.2029665,0.151555,-2.752475,-0.3807794,0.1462246,0.9130309,0.0,0.0,0.0,0.0,0.0,0.0,0.0,0.8024993,-0.00283134,2.516847,-0.162639,0.1554607,-2.632093,0.01778809,-0.1211971,-0.06174928,0.9905463,1.16159,345.9748,352.7229,-0.07012067,0.05336861,-0.9961088,-0.05526134,-0.004110185,0.1689093,-0.9139315,0.550102,-0.678503,-0.3086999,0.4008,2.069,0.9629966,-0.1266428,0.2379059,0.1180193,0.9917412,0.05020752,-0.2422995,-0.02027218,0.9699897,static,-22.63857,9.098822,-8.486072,10.96336,4.517620481602552,-0.5244295831529469
05/04/2023 16:18:45.512825,1717,True,True,True,True,Eyes,-0.2020915,0.1518037,-2.746724,-0.3783382,0.1468759,0.9139408,0.0,0.0,0.0,0.0,0.0,0.0,0.0,0.7853373,-0.007066354,2.512285,-0.1608182,0.1554991,-2.622659,0.01731839,-0.1185677,-0.06146106,0.9908907,1.131474,346.2816,352.7653,-0.07045154,0.05351471,-0.9960771,-0.05194566,-0.003863574,0.1587748,-0.9019024,0.551043,-0.6653558,-0.3086999,0.4008,2.069,0.9643285,-0.1259092,0.2328465,0.1176956,0.9918452,0.04889585,-0.2371041,-0.01974666,0.9712836,static,-22.48777,9.12972,-8.486073,10.96336,4.52257655955296,-0.5243692011401362
05/04/2023 16:18:45.532947,1718,True,True,True,True,Eyes,-0.2011736,0.1520303,-2.740829,-0.3758589,0.1474715,0.9148673,0.0,0.0,0.0,0.0,0.0,0.0,0.0,0.7682684,-0.01301151,2.507728,-0.159254,0.1551989,-2.613361,0.01648289,-0.1158808,-0.06095116,0.9912543,1.062974,346.5979,352.8379,-0.07073297,0.0536667,-0.9960487,-0.04882892,-0.00363176,0.1492483,-0.8899475,0.5529019,-0.6525916,-0.3086998,0.4008,2.069,0.9657133,-0.1246563,0.2277253,0.1170161,0.9920266,0.0468036,-0.2317439,-0.01855133,0.9726,static,-22.33454,9.156995,-8.48607,10.96336,4.527665022863121,-0.5242303854235281
05/04/2023 16:18:45.552691,1719,True,True,True,True,Eyes,-0.2002365,0.1522394,-2.734801,-0.373335,0.148121,0.9157954,0.0,0.0,0.0,0.0,0.0,0.0,0.0,0.7533494,-0.01956978,2.502584,-0.1577605,0.154974,-2.604216,0.01548339,-0.113572,-0.06057548,0.9915605,0.9709852,346.8715,352.8964,-0.07096869,0.05382358,-0.9960232,-0.04589919,-0.003413854,0.1402934,-0.8793691,0.5557483,-0.6407095,-0.3086999,0.4008,2.069,0.966864,-0.1236455,0.2233512,0.1166116,0.9921818,0.04446479,-0.2271028,-0.01694608,0.9737234,static,-22.17886,9.187469,-8.486071,10.96336,4.532799631267583,-0.5241412845880045
05/04/2023 16:18:45.563032,1720,True,True,True,True,Eyes,-0.1992705,0.1524467,-2.728645,-0.3707777,0.1487717,0.9167284,0.0,0.0,0.0,0.0,0.0,0.0,0.0,0.7405344,-0.02757552,2.496826,-0.1563852,0.1547717,-2.595165,0.0142193,-0.1116367,-0.05993129,0.9918383,0.849466,347.1041,352.9883,-0.07116283,0.05398456,-0.9960006,-0.04314524,-0.003209023,0.1318758,-0.8705054,0.5595364,-0.6297401,-0.3086999,0.4008001,2.069,0.967891,-0.1220591,0.2197468,0.1157095,0.9924121,0.04158757,-0.2231555,-0.01482543,0.9746701,static,-22.02124,9.217913,-8.486072,10.96337,4.53800344686133,-0.5240433713163634
05/04/2023 16:18:45.583141,1721,True,True,True,True,Eyes,-0.1982872,0.1526618,-2.722379,-0.3681434,0.1495053,0.9176701,0.0,0.0,0.0,0.0,0.0,0.0,0.0,0.7274803,-0.03748754,2.491067,-0.1549276,0.1549031,-2.586127,0.01266145,-0.1096399,-0.05916378,0.9921283,0.6961693,347.3457,353.0974,-0.07131878,0.05414954,-0.9959804,-0.04055652,-0.003016481,0.1239632,-0.8613234,0.5647272,-0.6189601,-0.3086999,0.4008,2.069,0.9689575,-0.1201725,0.2160555,0.1146197,0.9926786,0.03809699,-0.2190519,-0.01215015,0.9756376,static,-21.85927,9.253241,-8.486072,10.96336,4.5432993371379435,-0.5240187675398298
05/04/2023 16:18:45.602643,1722,True,True,True,True,Eyes,-0.1972937,0.1528786,-2.716012,-0.3654473,0.1501989,0.9186341,0.0,0.0,0.0,0.0,0.0,0.0,0.0,0.7130602,-0.04844319,2.485859,-0.1535885,0.1553959,-2.577316,0.01090623,-0.1072961,-0.05875842,0.9924294,0.5178587,347.628,353.1672,-0.07143992,0.0543187,-0.9959626,-0.03812313,-0.002835493,0.1165254,-0.8505246,0.5713582,-0.6080645,-0.3087,0.4008,2.069,0.97007,-0.1189675,0.2116859,0.1142868,0.992857,0.03425641,-0.2142493,-0.009038216,0.9767372,static,-21.69345,9.285835,-8.486073,10.96336,4.548766658958218,-0.5239264030765849
05/04/2023 16:18:45.612809,1723,True,True,True,True,Eyes,-0.1962925,0.1530984,-2.709552,-0.3626601,0.15087,0.9196281,0.0,0.0,0.0,0.0,0.0,0.0,0.0,0.6975108,-0.05590387,2.481013,-0.1522569,0.1556409,-2.568592,0.009762954,-0.1047436,-0.05850161,0.9927292,0.4084423,347.9297,353.2117,-0.07152954,0.054492,-0.9959467,-0.03583574,-0.002665363,0.1095339,-0.8389769,0.5753596,-0.5965503,-0.3086998,0.4008,2.069,0.9712127,-0.1181977,0.2068217,0.1141073,0.9929645,0.03163927,-0.2091063,-0.007128603,0.9778669,static,-21.52205,9.316691,-8.486069,10.96336,4.554454092518787,-0.523777644167247
05/04/2023 16:18:45.632798,1724,True,True,True,True,Eyes,-0.195291,0.1533278,-2.703017,-0.3599085,0.1513872,0.9206236,0.0,0.0,0.0,0.0,0.0,0.0,0.0,0.6810028,-0.05783021,2.476662,-0.1511615,0.1559596,-2.560038,0.009670568,-0.1019754,-0.05856548,0.9930145,0.4160601,348.2487,353.2067,-0.07159067,0.05466943,-0.9959326,-0.03368559,-0.002505441,0.1029619,-0.8268658,0.5754256,-0.5841406,-0.3087,0.4008,2.069,0.9723423,-0.118285,0.2013933,0.1143404,0.9929531,0.0311505,-0.2036587,-0.007261554,0.979015,static,-21.35251,9.338137,-8.486074,10.96336,4.5601954745453845,-0.5234599131945252
05/04/2023 16:18:45.652572,1725,True,True,True,True,Eyes,-0.1942892,0.1535941,-2.696419,-0.3570886,0.1517724,0.9216577,0.0,0.0,0.0,0.0,0.0,0.0,0.0,0.6651295,-0.05563449,2.472543,-0.1500904,0.1564655,-2.551853,0.01045332,-0.09935237,-0.05842828,0.9932805,0.5246173,348.5449,353.2144,-0.07162624,0.05485117,-0.9959201,-0.03166446,-0.002355115,0.09678415,-0.8157843,0.5719696,-0.5717257,-0.3086999,0.4008,2.069,0.9734305,-0.1181484,0.196148,0.1139942,0.9929538,0.03237612,-0.1985911,-0.009156169,0.9800397,static,-21.17844,9.351162,-8.486072,10.96336,4.566204895938293,-0.5229646313547323
05/04/2023 16:18:45.662731,1726,True,True,True,True,Eyes,-0.1932741,0.1538778,-2.689764,-0.3543519,0.1519648,0.9226816,0.0,0.0,0.0,0.0,0.0,0.0,0.0,0.6498749,-0.05186422,2.468426,-0.1491045,0.1576483,-2.543829,0.01169632,-0.09683143,-0.0581677,0.9935307,0.6862123,348.8263,353.2316,-0.07163886,0.0550384,-0.9959089,0.0,0.0,0.0,-0.8054203,0.567227,-0.559342,-0.3086998,0.4008001,2.069,0.9744804,-0.1178479,0.1910493,0.1133177,0.9929594,0.03450623,-0.1937707,-0.01197638,0.9809738,static,-21.00907,9.3526,-8.486069,10.96336,4.572195258883836,-0.5222715313858878
05/04/2023 16:18:45.682718,1727,True,True,True,True,Eyes,-0.1922616,0.1541612,-2.683056,-0.3515598,0.1520167,0.9237406,0.0,0.0,0.0,0.0,0.0,0.0,0.0,0.6356846,-0.04856393,2.464096,-0.1480867,0.1585561,-2.535972,0.01279351,-0.09451353,-0.05784512,0.9937593,0.8304194,349.0853,353.258,-0.07163039,0.05523145,-0.9958988,0.0,0.0,0.0,-0.795814,0.5627939,-0.5475714,-0.3086998,0.4008,2.069,0.9754423,-0.1173866,0.1863673,0.1125499,0.9929805,0.03636163,-0.1893275,-0.01449304,0.9818071,static,-20.83596,9.345199,-8.48607,10.96336,4.578430962210905,-0.5213963823091401
05/04/2023 16:18:45.703033,1728,True,True,True,True,Eyes,-0.1912441,0.1544344,-2.676301,-0.3488275,0.1519133,0.9247928,0.0,0.0,0.0,0.0,0.0,0.0,0.0,0.6214797,-0.04061238,2.459751,-0.147215,0.1587642,-2.528119,0.0146349,-0.09219777,-0.05781279,0.9939533,1.056158,349.3386,353.2438,-0.07160308,0.05542995,-0.9958897,0.0,0.0,0.0,-0.7863308,0.5548875,-0.5353031,-0.3086999,0.4008,2.069,0.9763145,-0.117625,0.1815884,0.1122278,0.992887,0.03975324,-0.1849727,-0.0184324,0.9825708,static,-20.66624,9.32852,-8.486072,10.96336,4.5846646522262935,-0.5203612476616533
05/04/2023 16:18:45.712777,1729,True,True,True,True,Eyes,-0.190236,0.1547058,-2.669507,-0.3460375,0.151674,0.9258796,0.0,0.0,0.0,0.0,0.0,0.0,0.0,0.6066372,-0.03382783,2.455582,-0.1463263,0.158939,-2.52039,0.01625204,-0.08972751,-0.05778546,0.9941558,1.257413,349.6111,353.2325,-0.07155865,0.05563321,-0.9958816,0.0,0.0,0.0,-0.7761213,0.5478166,-0.5231847,-0.3086998,0.4008,2.069,0.9772196,-0.117812,0.176528,0.111979,0.9927934,0.04268401,-0.1802845,-0.02194423,0.9833696,static,-20.49269,9.303338,-8.486069,10.96336,4.591142593039491,-0.5191499970587761
05/04/2023 16:18:45.732688,1730,True,True,True,True,Eyes,-0.1892193,0.1549727,-2.662678,-0.3433719,0.1513949,0.9269171,0.0,0.0,0.0,0.0,0.0,0.0,0.0,0.5923012,-0.02583515,2.451334,-0.1456242,0.1591496,-2.512766,0.01812053,-0.08732057,-0.05773994,0.9943405,1.487118,349.8745,353.2215,-0.07149918,0.05584089,-0.9958742,0.0,0.0,0.0,-0.7664211,0.5397426,-0.5111526,-0.3086999,0.4008,2.069,0.9780824,-0.1179909,0.1715602,0.1116617,0.9926754,0.04611973,-0.1757453,-0.0259522,0.9840935,static,-20.3269,9.276307,-8.48607,10.96336,4.59736880098468,-0.5179369847667474
05/04/2023 16:18:45.752538,1731,True,True,True,True,Eyes,-0.188218,0.1552362,-2.65582,-0.3406843,0.1510517,0.9279642,0.0,0.0,0.0,0.0,0.0,0.0,0.0,0.5797291,-0.02148223,2.446708,-0.1449449,0.1594279,-2.505295,0.01929962,-0.08522031,-0.05742946,0.9945185,1.638846,350.1079,353.2483,-0.07142582,0.05605258,-0.9958676,0.0,0.0,0.0,-0.7579549,0.5343915,-0.5002224,-0.3086998,0.4008,2.069,0.9788787,-0.1175188,0.1672896,0.1109399,0.9926588,0.04817598,-0.1717231,-0.02859936,0.98473,static,-20.15974,9.245378,-8.48607,10.96336,4.603693293985704,-0.5166448765017524
05/04/2023 16:18:45.763034,1732,True,True,True,True,Eyes,-0.1872079,0.1555003,-2.648926,-0.3381136,0.1508736,0.928933,0.0,0.0,0.0,0.0,0.0,0.0,0.0,0.5687016,-0.01903398,2.441621,-0.1443321,0.1596424,-2.497795,0.02008292,-0.08339501,-0.05702759,0.9946808,1.744385,350.3127,353.2895,-0.07134052,0.05626794,-0.9958615,0.0,0.0,0.0,-0.7505947,0.5305862,-0.4899251,-0.3086998,0.4008,2.069,0.9795863,-0.1167981,0.1636123,0.1100989,0.992689,0.04946382,-0.1681934,-0.03044055,0.9852839,static,-20.00053,9.225201,-8.48607,10.96336,4.609598707500007,-0.5155886762896714
05/04/2023 16:18:45.782975,1733,True,True,True,True,Eyes,-0.1862163,0.1557474,-2.641997,-0.3354615,0.1507813,0.9299089,0.0,0.0,0.0,0.0,0.0,0.0,0.0,0.557238,-0.02122763,2.436474,-0.1436379,0.1600005,-2.490208,0.01995226,-0.08143295,-0.05673121,0.9948629,1.745497,350.5394,353.3281,-0.07124414,0.05648685,-0.9958559,0.0,0.0,0.0,-0.7422391,0.5307289,-0.4800008,-0.3086998,0.4008,2.069,0.9803005,-0.1161291,0.1597654,0.10963,0.9927669,0.04893911,-0.1642931,-0.03045995,0.9859412,static,-19.83674,9.210146,-8.486067,10.96336,4.615601321912338,-0.5146092813579045
05/04/2023 16:18:45.802842,1734,True,True,True,True,Eyes,-0.1852092,0.155975,-2.635035,-0.3328497,0.1508984,0.930828,0.0,0.0,0.0,0.0,0.0,0.0,0.0,0.5440791,-0.02820541,2.431498,-0.143123,0.1598319,-2.482533,0.01875303,-0.07903171,-0.05650102,0.9950929,1.626918,350.8238,353.3699,-0.07113848,0.05670849,-0.9958509,0.0,0.0,0.0,-0.7319277,0.534677,-0.4701966,-0.3087,0.4008,2.069,0.9811233,-0.1154117,0.1551687,0.1094834,0.9929119,0.04625275,-0.1594069,-0.02839126,0.9868047,static,-19.67626,9.208228,-8.486073,10.96336,4.621319070771776,-0.5138908970659066
05/04/2023 16:18:45.812581,1735,True,True,True,True,Eyes,-0.1842267,0.1561723,-2.628043,-0.330123,0.1510919,0.9317672,0.0,0.0,0.0,0.0,0.0,0.0,0.0,0.5301804,-0.03321768,2.42678,-0.1425536,0.159676,-2.475003,0.01795202,-0.07649331,-0.05629164,0.9953179,1.554285,351.121,353.4053,-0.07102386,0.05693208,-0.9958462,0.0,0.0,0.0,-0.7211022,0.5369974,-0.4601558,-0.3086998,0.4008,2.069,0.9819601,-0.1148026,0.1502492,0.1093097,0.9930179,0.0443478,-0.1542914,-0.02712407,0.987653,static,-19.50912,9.210698,-8.486071,10.96336,4.627217167290291,-0.51322667722552
05/04/2023 16:18:45.833376,1736,True,True,True,True,Eyes,-0.1832248,0.1563449,-2.62102,-0.3274719,0.1514484,0.9326444,0.0,0.0,0.0,0.0,0.0,0.0,0.0,0.5149009,-0.04018091,2.422189,-0.1421578,0.1592283,-2.467423,0.01674412,-0.07362028,-0.05577802,0.9955845,1.439856,351.4597,353.4792,-0.07090209,0.05715647,-0.995842,0.0,0.0,0.0,-0.7092248,0.5403669,-0.4500324,-0.3086999,0.4007999,2.069,0.9829378,-0.1135289,0.1447225,0.108598,0.9932169,0.04155316,-0.1484583,-0.02512759,0.9885994,static,-19.3473,9.223526,-8.486073,10.96336,4.632794509805652,-0.5127797771145611
05/04/2023 16:18:45.852650,1737,True,True,True,True,Eyes,-0.1822495,0.1564952,-2.613975,-0.3247638,0.1518315,0.9335286,0.0,0.0,0.0,0.0,0.0,0.0,0.0,0.4999412,-0.04660252,2.417473,-0.1418052,0.1588673,-2.459866,0.01576892,-0.07083559,-0.05437017,0.9958804,1.358337,351.7877,353.6526,-0.07077315,0.05738083,-0.9958382,0.0,0.0,0.0,-0.6985317,0.5421717,-0.4400075,-0.3086999,0.4008,2.069,0.9840524,-0.1105263,0.1393728,0.1060583,0.9935905,0.0391106,-0.1428023,-0.02370523,0.9894673,static,-19.1822,9.237845,-8.486072,10.96336,4.638469212401244,-0.5123469574790254
05/04/2023 16:18:45.862777,1738,True,True,True,True,Eyes,-0.1812649,0.156611,-2.606904,-0.3221762,0.1523236,0.9343446,0.0,0.0,0.0,0.0,0.0,0.0,0.0,0.4868282,-0.05240794,2.412441,-0.1414717,0.1585407,-2.452441,0.01487781,-0.06841404,-0.05306954,0.9961335,1.282339,352.0729,353.812,-0.0706387,0.05760449,-0.9958347,0.0,0.0,0.0,-0.6892527,0.54387,-0.430523,-0.3086998,0.4007999,2.069,0.9850062,-0.1077644,0.1347199,0.103693,0.9939245,0.03690197,-0.1378782,-0.02237916,0.9901963,static,-19.02497,9.259311,-8.48607,10.96336,4.643773621174023,-0.5120819423086245
05/04/2023 16:18:45.882635,1739,True,True,True,True,Eyes,-0.1803037,0.1567062,-2.599806,-0.3195272,0.1528225,0.9351726,0.0,0.0,0.0,0.0,0.0,0.0,0.0,0.4749855,-0.05737527,2.406925,-0.1411084,0.1579156,-2.444861,0.01412029,-0.06628509,-0.05140013,0.9963759,1.221874,352.324,354.0118,-0.07049892,0.05782638,-0.9958317,0.0,0.0,0.0,-0.6814587,0.5445157,-0.4211862,-0.3086998,0.4008,2.069,0.9859287,-0.1042996,0.1306382,0.1005558,0.9943173,0.03495235,-0.1335413,-0.02132411,0.9908138,static,-18.86413,9.281031,-8.486069,10.96336,4.649202863525771,-0.5118063525368639
05/04/2023 16:18:45.892763,1740,True,True,True,True,Eyes,-0.1793111,0.1567771,-2.592679,-0.31698,0.1533996,0.9359446,0.0,0.0,0.0,0.0,0.0,0.0,0.0,0.4625928,-0.06181386,2.401431,-0.1407197,0.1575065,-2.437226,0.01343402,-0.06401303,-0.05032802,0.9965887,1.16508,352.59,354.1425,-0.07035521,0.05804607,-0.995829,0.0,0.0,0.0,-0.6725899,0.5455596,-0.4115845,-0.3086999,0.4008,2.069,0.9867389,-0.1020326,0.1262371,0.09859277,0.9945732,0.03321969,-0.1289416,-0.02033309,0.9914438,static,-18.7099,9.307918,-8.486071,10.96336,4.65433174880341,-0.5116559917400639
05/04/2023 16:18:45.912941,1741,True,True,True,True,Eyes,-0.1783559,0.1568158,-2.585526,-0.3143133,0.1539899,0.9367466,0.0,0.0,0.0,0.0,0.0,0.0,0.0,0.4489057,-0.06535262,2.396183,-0.1403818,0.1571451,-2.429625,0.01281855,-0.06140643,-0.05029036,0.9967626,1.110335,352.8927,354.1544,-0.07020673,0.05826302,-0.9958267,0.0,0.0,0.0,-0.6615856,0.5471281,-0.4015827,-0.3087,0.4008,2.069,0.9874002,-0.1018294,0.121126,0.09868082,0.9946131,0.03173039,-0.1237046,-0.01937779,0.9921299,static,-18.54852,9.335248,-8.486073,10.96336,4.6597086463265285,-0.5114835575580561
05/04/2023 16:18:45.932763,1742,True,True,True,True,Eyes,-0.1774042,0.1568161,-2.578351,-0.3116708,0.1546261,0.9375244,0.0,0.0,0.0,0.0,0.0,0.0,0.0,0.4345739,-0.06775026,2.39091,-0.140373,0.156395,-2.421927,0.0123022,-0.05857766,-0.05072306,0.9969175,1.064965,353.2197,354.1115,-0.07005538,0.05847643,-0.9958248,0.0,0.0,0.0,-0.6496387,0.5482215,-0.391209,-0.3087,0.4007999,2.069,0.9879917,-0.1025747,0.1155462,0.09969216,0.9945517,0.03047103,-0.1180422,-0.01858608,0.9928346,static,-18.38888,9.365495,-8.486074,10.96336,4.664986635745113,-0.5113733525940523
05/04/2023 16:18:45.952608,1743,True,True,True,True,Eyes,-0.1764917,0.1567664,-2.571151,-0.3089429,0.1552597,0.9383222,0.0,0.0,0.0,0.0,0.0,0.0,0.0,0.422417,-0.07000823,2.385333,-0.1404182,0.1555317,-2.414383,0.0117724,-0.05617778,-0.0511098,0.9970423,1.016061,353.4976,354.0733,-0.06990153,0.05868533,-0.9958233,0.0,0.0,0.0,-0.6395044,0.5493079,-0.3815155,-0.3087,0.4007999,2.069,0.9884637,-0.10324,0.1108199,0.1005946,0.9944984,0.02921762,-0.1132266,-0.01773268,0.9934109,static,-18.22415,9.395329,-8.486073,10.96336,4.670450465527099,-0.51123374269366
05/04/2023 16:18:45.963054,1744,True,True,True,True,Eyes,-0.1755815,0.1566702,-2.563919,-0.306219,0.1559284,0.939104,0.0,0.0,0.0,0.0,0.0,0.0,0.0,0.4101103,-0.07089479,2.379586,-0.1404913,0.1542698,-2.40668,0.01144246,-0.05374766,-0.05152805,0.9971586,0.9901705,353.7778,354.0299,-0.06974693,0.05888838,-0.9958221,0.0,0.0,0.0,-0.6292894,0.549185,-0.3715351,-0.3086998,0.4008,2.069,0.9889121,-0.1039933,0.1060107,0.1015332,0.9944278,0.02835892,-0.1083691,-0.01728087,0.9939605,static,-18.05989,9.427357,-8.486069,10.96336,4.6758696576271275,-0.5111373719217045
05/04/2023 16:18:45.982785,1745,True,True,True,True,Eyes,-0.1747163,0.1565246,-2.556661,-0.3033434,0.1566275,0.9399205,0.0,0.0,0.0,0.0,0.0,0.0,0.0,0.3960823,-0.07183237,2.373919,-0.1405319,0.1531192,-2.398821,0.01113857,-0.05094738,-0.05200133,0.9972845,0.9693747,354.1001,353.9803,-0.06959175,0.05908454,-0.9958214,0.0,0.0,0.0,-0.6174881,0.5490177,-0.3610587,-0.3086999,0.4008,2.069,0.9894004,-0.1048552,0.1004596,0.1025853,0.9943436,0.0275153,-0.1027765,-0.01691797,0.9945606,static,-17.88661,9.460786,-8.486072,10.96336,4.681590993238156,-0.5110289844621383
05/04/2023 16:18:46.003530,1746,True,True,True,True,Eyes,-0.1738805,0.1563261,-2.549365,-0.3004003,0.1573525,0.9407443,0.0,0.0,0.0,0.0,0.0,0.0,0.0,0.380376,-0.07465402,2.368439,-0.1407382,0.1518655,-2.391002,0.01043684,-0.04772354,-0.05246321,0.9974273,0.9060283,354.4734,353.9345,-0.06943775,0.05927271,-0.9958209,0.0,0.0,0.0,-0.6040233,0.5502707,-0.3505764,-0.3086999,0.4008,2.069,0.9899402,-0.1056526,0.09410641,0.1036603,0.9942774,0.02582744,-0.09629662,-0.01581252,0.9952271,static,-17.70942,9.495612,-8.486072,10.96336,4.6874332373359335,-0.5109302319088981
05/04/2023 16:18:46.012832,1747,True,True,True,True,Eyes,-0.1730879,0.156093,-2.542044,-0.2973088,0.1580841,0.9416034,0.0,0.0,0.0,0.0,0.0,0.0,0.0,0.3641759,-0.07698116,2.362683,-0.1410449,0.1503057,-2.382926,0.009778325,-0.0443688,-0.052931,0.9975641,0.8486986,354.8613,353.8874,-0.069286,0.05945177,-0.9958208,0.0,0.0,0.0,-0.5901139,0.551005,-0.3397728,-0.3087,0.4008,2.069,0.9904594,-0.1064718,0.0874863,0.1047364,0.9942054,0.02420598,-0.0895566,-0.01481204,0.9958716,static,-17.52338,9.530406,-8.486073,10.96336,4.693589858204639,-0.5107932492735077
05/04/2023 16:18:46.032926,1748,True,True,True,True,Eyes,-0.1723331,0.1558363,-2.534686,-0.2941054,0.1588202,0.9424852,0.0,0.0,0.0,0.0,0.0,0.0,0.0,0.348105,-0.07888602,2.35712,-0.14135,0.1492176,-2.375115,0.009284379,-0.04100589,-0.05359504,0.9976773,0.809628,355.2491,353.8165,-0.06913797,0.05962139,-0.9958211,0.0,0.0,0.0,-0.5760289,0.5516583,-0.3291938,-0.3087,0.4008,2.069,0.9908922,-0.1077025,0.0808261,0.1061797,0.9940827,0.02292105,-0.08281648,-0.0141302,0.9964646,static,-17.33069,9.565169,-8.486074,10.96336,4.6999827943289585,-0.5106274093492984
05/04/2023 16:18:46.052623,1749,True,True,True,True,Eyes,-0.1716281,0.155561,-2.527296,-0.2907387,0.1595777,0.9434013,0.0,0.0,0.0,0.0,0.0,0.0,0.0,0.3307113,-0.08162126,2.351277,-0.1417279,0.1483921,-2.366945,0.008705636,-0.03732952,-0.05407873,0.9978008,0.7640913,355.6733,353.7666,-0.06899478,0.05978173,-0.9958214,0.0,0.0,0.0,-0.5608461,0.5527112,-0.3181498,-0.3086998,0.4007999,2.069,0.9913639,-0.1085695,0.07355326,0.1072696,0.9939994,0.02141044,-0.07543642,-0.01333551,0.9970614,static,-17.12832,9.600783,-8.48607,10.96336,4.70670829862012,-0.5104364081493207
05/04/2023 16:18:46.062883,1750,True,True,True,True,Eyes,-0.1709668,0.1552655,-2.519871,-0.2873618,0.160343,0.9443057,0.0,0.0,0.0,0.0,0.0,0.0,0.0,0.3133312,-0.08546854,2.345419,-0.142286,0.1476519,-2.358903,0.007924139,-0.03358888,-0.05438014,0.9979238,0.696862,356.1063,353.738,-0.06885793,0.0599331,-0.9958219,0.0,0.0,0.0,-0.5456617,0.5545363,-0.3074576,-0.3087,0.4008,2.069,0.9918292,-0.1090668,0.06617644,0.1080021,0.99396,0.01946851,-0.06790011,-0.01216224,0.997618,moving,-16.92554,9.636898,-8.486073,10.96336,4.71344196286843,-0.5102530810373656
05/04/2023 16:18:46.082942,1751,True,True,True,True,Eyes,-0.1703544,0.1549482,-2.512412,-0.2838399,0.1610924,0.9452429,0.0,0.0,0.0,0.0,0.0,0.0,0.0,0.2968584,-0.08921273,2.339242,-0.1428893,0.1469231,-2.350773,0.007179079,-0.03002526,-0.0544116,0.9980413,0.6338527,356.519,353.7396,-0.06872857,0.06007572,-0.9958223,0.0,0.0,0.0,-0.5285147,0.5537357,-0.2970295,-0.3055238,0.3987859,2.068741,0.9922757,-0.1090411,0.05915165,0.1081789,0.9939756,0.01759748,-0.06071415,-0.01106259,0.9980939,moving,-16.71409,9.671673,-8.401049,10.91093,4.720500289192984,-0.5100077026008125
05/04/2023 16:18:46.102902,1752,True,True,True,True,Eyes,-0.1698077,0.1546133,-2.504919,-0.2803125,0.1618308,0.946169,0.0,0.0,0.0,0.0,0.0,0.0,0.0,0.2795575,-0.09121948,2.332996,-0.1435038,0.1460247,-2.342526,0.006797321,-0.02629621,-0.05418461,0.9981616,0.6142195,356.9484,353.7692,-0.06860792,0.06020971,-0.9958226,0.0,0.0,0.0,-0.5109354,0.5510248,-0.2862317,-0.3022875,0.3967338,2.068478,0.992745,-0.1085275,0.05175911,0.1078125,0.9940356,0.01641935,-0.05323234,-0.01071995,0.9985246,moving,-16.50248,9.705833,-8.314354,10.85746,4.7275721302740905,-0.5097500836747005
05/04/2023 16:18:46.112688,1753,True,True,True,True,Eyes,-0.1692966,0.1542635,-2.497388,-0.2766461,0.1624499,0.9471415,0.0,0.0,0.0,0.0,0.0,0.0,0.0,0.2625125,-0.09227276,2.326669,-0.1441319,0.1452241,-2.334299,0.006629471,-0.02260255,-0.05400195,0.998263,0.6185055,357.3723,353.7929,-0.06849778,0.06033535,-0.9958227,0.0,0.0,0.0,-0.4932731,0.5473868,-0.2754847,-0.2987953,0.3945196,2.068194,0.9931458,-0.108116,0.04441056,0.1075166,0.9940796,0.01567707,-0.04584258,-0.01079475,0.9988903,moving,-16.28231,9.732447,-8.220733,10.79974,4.735043829564787,-0.5093142264985856
05/04/2023 16:18:46.132531,1754,True,True,True,True,Eyes,-0.158233,0.1458559,-2.308383,-0.1845198,0.1738239,0.9673353,0.0,0.0,0.0,0.0,0.0,0.0,0.0,0.2452791,-0.08943514,2.320254,-0.144556,0.1445005,-2.325933,0.007296119,-0.01892057,-0.05405979,0.9983318,0.7174886,357.7896,353.7871,-0.06839862,0.06045299,-0.9958225,0.0,0.0,0.0,-0.4759776,0.5409615,-0.2640967,-0.2958847,0.3926741,2.067957,0.9934391,-0.1082153,0.03698917,0.1076631,0.9940486,0.01661358,-0.03856687,-0.01252221,0.9991776,moving,-10.79947,10.18697,-8.142652,10.75161,4.923763850884004,-0.4945458983108177
05/04/2023 16:18:46.153200,1755,True,True,True,True,Eyes,-0.15825,0.1458757,-2.308047,-0.1842589,0.1737652,0.9673957,0.0,0.0,0.0,0.0,0.0,0.0,0.0,0.2285786,-0.08331305,2.314032,-0.1453272,0.144513,-2.317743,0.008803334,-0.01527085,-0.05435833,0.998366,0.9120556,358.1976,353.7526,-0.06839558,0.06072096,-0.9958063,0.03319077,-0.02522278,0.5670147,-0.4588748,0.5317202,-0.2524592,-0.292682,0.3906431,2.067697,0.993624,-0.1088079,0.02953472,0.1082701,0.9939353,0.01923809,-0.03144886,-0.0159177,0.9993786,moving,-10.7839,10.18297,-8.056681,10.6986,4.9243672053132554,-0.4944045092425235
05/04/2023 16:18:46.163220,1756,True,True,True,True,Eyes,-0.1583167,0.1459063,-2.307387,-0.1836701,0.1738065,0.9675002,0.0,0.0,0.0,0.0,0.0,0.0,0.0,0.2127989,-0.08191063,2.307329,-0.1458141,0.1450193,-2.30943,0.009409374,-0.01180387,-0.05456214,0.9983963,1.002755,358.5904,353.7315,-0.06838823,0.06095197,-0.9957926,0.03119932,-0.02370941,0.5329938,-0.4420322,0.5266261,-0.2416645,-0.2894186,0.3885739,2.067431,0.9937673,-0.1091714,0.02254308,0.1087271,0.9938689,0.02007665,-0.02459667,-0.01750048,0.9995443,moving,-10.74911,10.18427,-7.969019,10.64457,4.925584871027968,-0.4942810247399604
05/04/2023 16:18:46.182724,1757,True,True,True,True,Eyes,-0.1584081,0.1459127,-2.30641,-0.1827686,0.1738856,0.9676567,0.0,0.0,0.0,0.0,0.0,0.0,0.0,0.1970927,-0.08457865,2.300516,-0.146455,0.1453131,-2.301262,0.009067464,-0.008236414,-0.0550472,0.9984086,0.985495,359.0003,353.6798,-0.06838137,0.0611535,-0.9957808,0.02932736,-0.02228684,0.5010142,-0.4245856,0.5254453,-0.2317788,-0.2862777,0.3865824,2.067176,0.9938039,-0.1100686,0.01544834,0.1097698,0.9937751,0.01901285,-0.01744489,-0.01719929,0.9996999,moving,-10.69588,10.18719,-7.88459,10.59253,4.927436079630879,-0.4941095879971673
05/04/2023 16:18:46.202661,1758,True,True,True,True,Eyes,-0.1585534,0.1459436,-2.30513,-0.1814238,0.1741476,0.9678626,0.0,0.0,0.0,0.0,0.0,0.0,0.0,0.1794508,-0.08828028,2.293251,-0.1470956,0.1446486,-2.292692,0.008315588,-0.004221939,-0.05556317,0.9984117,0.9245412,359.464,353.6251,-0.06838164,0.06133715,-0.9957696,0.02756772,-0.02094963,0.4709533,-0.4050796,0.5248253,-0.221698,-0.2830434,0.3845316,2.066913,0.9937898,-0.11102,0.007506385,0.1108796,0.9936872,0.01707393,-0.009354547,-0.01613559,0.999826,moving,-10.61677,10.20009,-7.797595,10.53891,4.930078225492382,-0.4940157090165703
05/04/2023 16:18:46.212932,1759,True,True,True,True,Eyes,-0.1587172,0.1460398,-2.30357,-0.1798405,0.174516,0.9680917,0.0,0.0,0.0,0.0,0.0,0.0,0.0,0.161239,-0.092418,2.286212,-0.1479487,0.1448262,-2.284391,0.007673757,-7.005408e-06,-0.05579566,0.9984128,0.8779417,359.9501,353.6024,-0.0683919,0.0615072,-0.9957585,0.02591366,-0.01969265,0.4426961,-0.3852762,0.5244498,-0.2118805,-0.2798911,0.3825326,2.066656,0.9937737,-0.1114143,-0.000842336,0.1114141,0.9936559,0.01532393,-0.0008703135,-0.01532237,0.9998822,moving,-10.52376,10.21885,-7.712746,10.48661,4.933138809043355,-0.4939728806253822
05/04/2023 16:18:46.232588,1760,True,True,True,True,Eyes,-0.1589311,0.1462217,-2.301733,-0.178024,0.1751905,0.9683056,0.0,0.0,0.0,0.0,0.0,0.0,0.0,0.1445717,-0.1025283,2.27866,-0.1485757,0.1465055,-2.275998,0.006091831,0.003892393,-0.05513594,0.9984527,0.7216039,0.4068921,353.6811,-0.06841276,0.06166858,-0.9957471,0.02435884,-0.01851109,0.4161344,-0.3669896,0.5290931,-0.203016,-0.2766899,0.3805028,2.066396,0.9938897,-0.1100538,-0.0084445,0.1101487,0.9938458,0.01173559,0.007100984,-0.01259403,0.9998955,moving,-10.41755,10.25529,-7.626526,10.43348,4.936442344776527,-0.49420626047929705
05/04/2023 16:18:46.252448,1761,True,True,True,True,Eyes,-0.1591522,0.1464414,-2.299629,-0.1759653,0.1761215,0.968513,0.0,0.0,0.0,0.0,0.0,0.0,0.0,0.1290652,-0.1191299,2.270774,-0.149125,0.1487075,-2.267799,0.003177836,0.007618517,-0.05431563,0.9984897,0.4110253,0.8519732,353.7757,-0.06844614,0.06182662,-0.9957351,0.02289731,-0.01740043,0.3911663,-0.3491675,0.5397616,-0.195602,-0.2734783,0.3784664,2.066135,0.9939836,-0.1084188,-0.01555924,0.1085156,0.9940795,0.005518465,0.01486881,-0.007173683,0.9998637,moving,-10.29752,10.30646,-7.539971,10.38014,4.9400484274787475,-0.4946577610914139
05/04/2023 16:18:46.263405,1762,True,True,True,True,Eyes,-0.1594026,0.1466989,-2.29726,-0.1736449,0.1773093,0.9687151,0.0,0.0,0.0,0.0,0.0,0.0,0.0,0.1126266,-0.1399486,2.262097,-0.1495796,0.1501438,-2.2593,-0.0008519038,0.01159412,-0.05351418,0.9984994,359.9736,1.331939,353.8641,-0.0684919,0.06198402,-0.9957222,0.02152347,-0.0163564,0.3676963,-0.3299932,0.5542634,-0.1888584,-0.2702762,0.376436,2.065874,0.9940036,-0.1068875,-0.02306227,0.106848,0.994271,-0.002942151,0.02324462,0.0004603511,0.9997297,moving,-10.1625,10.37235,-7.453616,10.32693,4.943998692359869,-0.49532221986573477
05/04/2023 16:18:46.283195,1763,True,True,True,True,Eyes,-0.1596523,0.1469985,-2.294653,-0.1710597,0.1786313,0.9689322,0.0,0.0,0.0,0.0,0.0,0.0,0.0,0.09496778,-0.1578681,2.253278,-0.1499854,0.1510839,-2.250751,-0.004413014,0.01586523,-0.05349088,0.9984326,359.5923,1.842586,353.8601,-0.06855087,0.06214323,-0.9957083,0.02023206,-0.01537502,0.3456345,-0.3090471,0.5665978,-0.1818571,-0.2670797,0.3744091,2.065614,0.9937741,-0.1069541,-0.03120861,0.106674,0.9942386,-0.01050948,0.03215284,0.007114904,0.9994577,moving,-10.01209,10.4457,-7.367351,10.27377,4.948399862433952,-0.49606146933717465
05/04/2023 16:18:46.303220,1764,True,True,True,True,Eyes,-0.1599387,0.1473425,-2.291818,-0.1683083,0.1799084,0.9691776,0.0,0.0,0.0,0.0,0.0,0.0,0.0,0.07632843,-0.1712976,2.244717,-0.1503555,0.15221,-2.242354,-0.006979857,0.02037045,-0.05410116,0.9983034,359.3278,2.374436,353.7821,-0.06862245,0.06230658,-0.9956931,0.01901814,-0.01445252,0.3248965,-0.2868036,0.5751927,-0.174391,-0.2638924,0.3723881,2.065355,0.9933162,-0.1083031,-0.03991653,0.1077344,0.9940487,-0.01614016,0.04142701,0.0117319,0.9990727,moving,-9.851785,10.51612,-7.281284,10.22075,4.953189418903081,-0.49670357166527224
05/04/2023 16:18:46.312638,1765,True,True,True,True,Eyes,-0.1602154,0.1477178,-2.288764,-0.1653232,0.1811786,0.9694548,0.0,0.0,0.0,0.0,0.0,0.0,0.0,0.05827291,-0.1811132,2.236485,-0.1506172,0.15354,-2.234234,-0.008700054,0.0246929,-0.05444276,0.9981737,359.1589,2.88023,353.735,-0.06870768,0.06247624,-0.9956767,0.01787705,-0.01358537,0.3054027,-0.2654129,0.5802606,-0.1668179,-0.2604935,0.3702328,2.065078,0.9928525,-0.1091163,-0.04834831,0.108257,0.9939206,-0.02005703,0.05024292,0.01467963,0.9986292,moving,-9.677673,10.58573,-7.189445,10.16416,4.958479126211069,-0.4972717435353555
05/04/2023 16:18:46.332540,1766,True,True,True,True,Eyes,-0.1604869,0.1481192,-2.2855,-0.1621895,0.1822435,0.9697844,0.0,0.0,0.0,0.0,0.0,0.0,0.0,0.04121619,-0.1859419,2.228387,-0.1509146,0.1546248,-2.22605,-0.009401488,0.02880528,-0.05529369,0.9980103,359.1073,3.35617,353.6315,-0.06880548,0.0626536,-0.9956588,0.01680443,-0.01277024,0.2870785,-0.2451394,0.5814084,-0.1585483,-0.2575498,0.3683664,2.064839,0.9922258,-0.110909,-0.05645625,0.1098257,0.9937084,-0.02195106,0.05853562,0.01558006,0.9981637,moving,-9.494438,10.64299,-7.109849,10.11513,4.964249894499473,-0.49756898225166607
05/04/2023 16:18:46.352656,1767,True,True,True,True,Eyes,-0.1607401,0.1485392,-2.28204,-0.1588073,0.1832886,0.9701473,0.0,0.0,0.0,0.0,0.0,0.0,0.0,0.02290189,-0.1874162,2.220548,-0.1509794,0.155584,-2.21799,-0.009371765,0.03316322,-0.05655953,0.9978043,359.1433,3.855963,353.4826,-0.06891505,0.06283967,-0.9956394,0.01579616,-0.01200403,0.2698538,-0.2231895,0.5792412,-0.1499787,-0.2543414,0.366332,2.064578,0.9914024,-0.1134923,-0.06512069,0.1122491,0.9934264,-0.02245376,0.06724094,0.01495098,0.9976248,moving,-9.296527,10.69871,-7.023048,10.06166,4.970560947105676,-0.4977748738193048
05/04/2023 16:18:46.362988,1768,True,True,True,True,Eyes,-0.1668711,0.1591075,-2.190765,-0.06855997,0.2044908,0.9764646,0.0,0.0,0.0,0.0,0.0,0.0,0.0,0.003473565,-0.189028,2.212441,-0.1510065,0.1563876,-2.209837,-0.009383084,0.03779712,-0.05783037,0.9975665,359.1779,4.38761,353.3329,-0.06903507,0.06303503,-0.9956186,0.01484839,-0.01128379,0.2536626,-0.2000194,0.5769276,-0.141535,-0.2510915,0.3642712,2.064313,0.9904541,-0.1160886,-0.07432503,0.11467,0.9931352,-0.02309215,0.07649554,0.01434886,0.9969667,moving,-4.016286,11.82793,-6.935071,10.00746,5.143494071249012,-0.49655028709324206
05/04/2023 16:18:46.383023,1769,True,True,True,True,Eyes,-0.1668576,0.1591183,-2.190437,-0.06811716,0.2045323,0.9764869,0.0,0.0,0.0,0.0,0.0,0.0,0.0,-0.0177272,-0.1920952,2.204133,-0.1508708,0.1569472,-2.201823,-0.009741553,0.04284367,-0.05909635,0.9972849,359.1768,4.9689,353.1818,-0.06972377,0.06397701,-0.9955107,-0.004435359,0.02109811,0.5122678,-0.1749898,0.5756899,-0.1337098,-0.2479182,0.3622591,2.064055,0.9893441,-0.1187065,-0.0843033,0.1170371,0.9928254,-0.02449401,0.08660606,0.0143664,0.996139,moving,-3.990339,11.82999,-6.849111,9.954508,5.144388329805927,-0.496478687178106
05/04/2023 16:18:46.403068,1770,True,True,True,True,Eyes,-0.1668289,0.159125,-2.189796,-0.0674113,0.2045026,0.9765421,0.0,0.0,0.0,0.0,0.0,0.0,0.0,-0.04010209,-0.1959993,2.195402,-0.1509051,0.1570423,-2.193714,-0.01037832,0.04825906,-0.06059249,0.9969413,359.1494,5.594729,353.0023,-0.07032708,0.06480347,-0.9954149,-0.004169237,0.01983223,0.4815317,-0.1483006,0.5749588,-0.1263058,-0.2446675,0.3601978,2.063791,0.9879993,-0.121816,-0.09496521,0.1198126,0.9924417,-0.02654142,0.0974806,0.01484488,0.9951267,moving,-3.948898,11.82767,-6.760999,9.900232,5.145888089851793,-0.4962588784455897
05/04/2023 16:18:46.412586,1771,True,True,True,True,Eyes,-0.1667874,0.1591055,-2.188852,-0.06626979,0.2045243,0.9766156,0.0,0.0,0.0,0.0,0.0,0.0,0.0,-0.06256314,-0.2008778,2.186406,-0.1505853,0.1569016,-2.185713,-0.01126765,0.05364034,-0.0617743,0.996584,359.0929,6.218473,352.8567,-0.07087108,0.06554987,-0.9953276,-0.003919083,0.01864229,0.4526398,-0.1214102,0.5747275,-0.1195649,-0.2411903,0.3579929,2.063508,0.9866133,-0.1243353,-0.1055221,0.1219178,0.9921139,-0.0290855,0.1083063,0.01583113,0.9939915,moving,-3.881944,11.82803,-6.666688,9.842141,5.1482588093510095,-0.49598096927056945
05/04/2023 16:18:46.432733,1772,True,True,True,True,Eyes,-0.1667061,0.1590549,-2.187625,-0.06425744,0.2043578,0.976785,0.0,0.0,0.0,0.0,0.0,0.0,0.0,-0.08563937,-0.2052719,2.177117,-0.1503346,0.1562921,-2.177679,-0.01213766,0.05919592,-0.0628109,0.9961945,359.0404,6.862254,352.7269,-0.0713618,0.06622354,-0.995248,-0.003683938,0.01752375,0.4254814,-0.0945529,0.5742703,-0.1129893,-0.2383213,0.3561738,2.063275,0.9851012,-0.1265807,-0.1164165,0.1237067,0.9918149,-0.03161922,0.119466,0.01674663,0.9926971,moving,-3.763758,11.81668,-6.588828,9.794185,5.152596321641718,-0.4952651173272466
05/04/2023 16:18:46.462935,1773,True,True,True,True,Eyes,-0.1665999,0.158989,-2.186122,-0.06188784,0.2042336,0.976964,0.0,0.0,0.0,0.0,0.0,0.0,0.0,-0.1095291,-0.2093957,2.167643,-0.1497975,0.1554561,-2.169773,-0.01297275,0.0648754,-0.06347021,0.9957883,358.9915,7.519948,352.6397,-0.07180418,0.06683187,-0.9951757,-0.003462901,0.01647233,0.3999526,-0.06694864,0.5730734,-0.106889,-0.2351447,0.3541594,2.063016,0.9835254,-0.128089,-0.1275576,0.1247226,0.9916065,-0.03407154,0.1308511,0.01760092,0.9912458,moving,-3.624679,11.8076,-6.502569,9.741055,5.15764611662409,-0.49450310153428506
05/04/2023 16:18:46.472643,1774,True,True,True,True,Eyes,-0.1664697,0.1589016,-2.184361,-0.05863062,0.2039363,0.9772269,0.0,0.0,0.0,0.0,0.0,0.0,0.0,-0.1328606,-0.2131697,2.157908,-0.1492595,0.1549275,-2.161801,-0.01366226,0.07042912,-0.06360532,0.9953932,358.9549,8.16191,352.613,-0.07220212,0.06738055,-0.99511,-0.003255127,0.01548399,0.3759554,-0.04028776,0.5714953,-0.1008983,-0.2319163,0.3521125,2.062754,0.9819881,-0.128549,-0.1384713,0.1247001,0.9915354,-0.03615797,0.1419473,0.0182393,0.9897062,moving,-3.433456,11.78781,-6.414851,9.687033,5.1646823136609,-0.49331806238780695
05/04/2023 16:18:46.482795,1775,True,True,True,True,Eyes,-0.1662962,0.1587955,-2.182349,-0.0550627,0.2036803,0.9774879,0.0,0.0,0.0,0.0,0.0,0.0,0.0,-0.1555234,-0.2179033,2.148072,-0.1482569,0.1543315,-2.154086,-0.01459494,0.07576936,-0.06371287,0.9949807,358.8891,8.78149,352.5869,-0.07256056,0.06787638,-0.9950503,-0.00305982,0.01455495,0.3533981,-0.01393826,0.5708082,-0.09566964,-0.2285746,0.3499935,2.062482,0.9803994,-0.1289979,-0.1489183,0.1245745,0.9914553,-0.03869835,0.1526379,0.01938841,0.988092,moving,-3.224111,11.77037,-6.324,9.631079,5.172331467776138,-0.49210014494087495
05/04/2023 16:18:46.502672,1776,True,True,True,True,Eyes,-0.1660598,0.1586879,-2.18011,-0.05093158,0.2032713,0.9777969,0.0,0.0,0.0,0.0,0.0,0.0,0.0,-0.1786133,-0.2217621,2.137844,-0.1472079,0.1537349,-2.146195,-0.01532374,0.08124027,-0.06391284,0.9945253,358.8486,9.414916,352.5511,-0.07288241,0.06832474,-0.9949961,-0.00287623,0.01368165,0.3321942,0.01321303,0.569059,-0.09048613,-0.2249971,0.3477252,2.062191,0.9786303,-0.1296157,-0.1596322,0.124636,0.9913607,-0.04086429,0.1635498,0.02009511,0.9863304,moving,-2.981734,11.74378,-6.226676,9.571141,5.181269110016703,-0.49056978828844056
05/04/2023 16:18:46.514412,1777,True,True,True,True,Eyes,-0.1657617,0.1585955,-2.177652,-0.04648939,0.2028703,0.9781014,0.0,0.0,0.0,0.0,0.0,0.0,0.0,-0.2042412,-0.2235577,2.127738,-0.1455793,0.1536565,-2.138728,-0.01540812,0.0871485,-0.06384948,0.9940277,358.8825,10.09361,352.5508,-0.0731696,0.06873151,-0.994947,-0.002703656,0.01286075,0.3122626,0.04153762,0.5657774,-0.08541069,-0.2223804,0.3460659,2.061978,0.9766568,-0.1296219,-0.1712884,0.1242507,0.9913717,-0.04176096,0.1752236,0.01950342,0.9843355,moving,-2.721234,11.7177,-6.155449,9.527273,5.190843196532064,-0.4889719624723272
05/04/2023 16:18:46.532478,1778,True,True,True,True,Eyes,-0.1653953,0.1585318,-2.174996,-0.04160816,0.2022841,0.9784425,0.0,0.0,0.0,0.0,0.0,0.0,0.0,-0.2302823,-0.2262177,2.117109,-0.1439517,0.1539323,-2.131182,-0.01561009,0.09321553,-0.06368829,0.9934843,358.9031,10.7917,352.5604,-0.07342271,0.06910115,-0.9949028,-0.002541437,0.01208911,0.2935268,0.07123841,0.5626074,-0.08097059,-0.2188571,0.3438318,2.061691,0.9745094,-0.1294568,-0.183228,0.1236364,0.9914002,-0.04289023,0.1872047,0.01914328,0.9821343,moving,-2.43503,11.68082,-6.059492,9.46818,5.201466827890536,-0.4870618395940518
05/04/2023 16:18:46.552521,1779,True,True,True,True,Eyes,-0.164948,0.1585067,-2.172162,-0.03643655,0.2016669,0.9787762,0.0,0.0,0.0,0.0,0.0,0.0,0.0,-0.2577018,-0.2280984,2.106436,-0.1418041,0.1545744,-2.124031,-0.01551996,0.09949725,-0.06337497,0.9928964,358.9567,11.51247,352.5905,-0.07364299,0.06943976,-0.9948624,-0.002388951,0.01136376,0.2759152,0.1015429,0.5590785,-0.07697929,-0.2160133,0.3420287,2.06146,0.9721678,-0.1289379,-0.1956138,0.1227612,0.9914855,-0.0434307,0.1995481,0.01820816,0.9797189,moving,-2.131945,11.64229,-5.981996,9.420455,5.212710371725167,-0.485048926633906
05/04/2023 16:18:46.572529,1780,True,True,True,True,Eyes,-0.1644232,0.1584953,-2.169149,-0.03094119,0.20088,0.9791271,0.0,0.0,0.0,0.0,0.0,0.0,0.0,-0.2843456,-0.228966,2.09581,-0.139576,0.1554843,-2.117083,-0.0151245,0.1056419,-0.06351469,0.9922585,359.0491,12.21605,352.5732,-0.07383065,0.06975283,-0.9948261,-0.002245614,0.01068193,0.2593603,0.1319041,0.5543213,-0.07338481,-0.2128473,0.3400211,2.061203,0.9696114,-0.1292416,-0.2077269,0.1228504,0.9914743,-0.04343446,0.2115695,0.0165952,0.977222,moving,-1.80999,11.59405,-5.895675,9.367293,5.2247471199477,-0.4827732623332808
05/04/2023 16:18:46.582647,1781,True,True,True,True,Eyes,-0.1638,0.1585183,-2.16598,-0.02511322,0.1999619,0.9794818,0.0,0.0,0.0,0.0,0.0,0.0,0.0,-0.3131165,-0.2272513,2.084638,-0.1371465,0.1557998,-2.110051,-0.01418034,0.1123209,-0.06455626,0.9914714,359.2198,12.97804,352.4605,-0.073986,0.07004418,-0.9947938,-0.002110877,0.01004102,0.2437986,0.1652245,0.5464139,-0.07003303,-0.209656,0.3379976,2.060943,0.966433,-0.1311969,-0.220895,0.1248259,0.9912629,-0.04262083,0.2245567,0.01361677,0.9743658,moving,-1.468702,11.53842,-5.808614,9.313681,5.237563928716945,-0.480276487306834
05/04/2023 16:18:46.602909,1782,True,True,True,True,Eyes,-0.1631033,0.1585804,-2.162671,-0.01911069,0.1989226,0.9798288,0.0,0.0,0.0,0.0,0.0,0.0,0.0,-0.3428232,-0.2229444,2.073518,-0.1343519,0.1566545,-2.103359,-0.01243295,0.1191574,-0.06589101,0.9906086,359.4884,13.75228,352.3274,-0.07410826,0.07031812,-0.9947653,-0.001984224,0.009438558,0.2291707,0.199669,0.5354756,-0.06701531,-0.206337,0.3358932,2.060673,0.9629197,-0.1335074,-0.2344383,0.1275815,0.9910076,-0.04033517,0.2377152,0.008929565,0.9712938,moving,-1.117361,11.47609,-5.718019,9.257891,5.2508227797362705,-0.47761102839079606
05/04/2023 16:18:46.612924,1783,True,True,True,True,Eyes,-0.1622992,0.1586584,-2.159228,-0.01283486,0.1977859,0.9801612,0.0,0.0,0.0,0.0,0.0,0.0,0.0,-0.3716891,-0.2206968,2.062205,-0.1316156,0.1576232,-2.096993,-0.01116513,0.1258278,-0.06660112,0.989751,359.694,14.51108,352.2617,-0.07419781,0.07057869,-0.99474,-0.001865171,0.008872245,0.2154205,0.2328708,0.5267566,-0.06503407,-0.2030825,0.3338295,2.060408,0.9594633,-0.1346468,-0.2475892,0.1290273,0.9908792,-0.03886194,0.2505637,0.005340836,0.9680854,moving,-0.7502246,11.40847,-5.629131,9.203149,5.2647094233308405,-0.4747789738249002
05/04/2023 16:18:46.632949,1784,True,True,True,True,Eyes,-0.161388,0.1587368,-2.155666,-0.00654268,0.1966213,0.9804577,0.0,0.0,0.0,0.0,0.0,0.0,0.0,-0.4001974,-0.2173942,2.05058,-0.1284676,0.1582085,-2.090636,-0.009729653,0.1323269,-0.06710783,0.988884,359.915,15.24921,352.2241,-0.07425338,0.07082848,-0.9947181,-0.001753261,0.00833991,0.2024953,0.265415,0.5171221,-0.06322678,-0.1999694,0.3318554,2.060155,0.9559723,-0.1352987,-0.260406,0.1301487,0.9908038,-0.03700333,0.2630177,0.001482657,0.9647899,moving,-0.3823341,11.33969,-5.54406,9.150756,5.278637604694882,-0.47192190836135073
05/04/2023 16:18:46.652532,1785,True,True,True,True,Eyes,-0.160357,0.158819,-2.151993,-2.207905e-05,0.1954111,0.9807214,0.0,0.0,0.0,0.0,0.0,0.0,0.0,-0.4272398,-0.2139219,2.038797,-0.125256,0.1582866,-2.084286,-0.00839154,0.138486,-0.06745482,0.9880288,0.1203742,15.94944,352.2056,-0.07427379,0.07106906,-0.9946994,-0.001648065,0.007839515,0.1903455,0.2965113,0.5074536,-0.0616857,-0.1968095,0.3298518,2.059898,0.952543,-0.1356189,-0.2725241,0.1309704,0.9907588,-0.03526526,0.2747883,-0.002100923,0.9615024,moving,-0.001289904,11.26874,-5.457662,9.097548,5.293060093698657,-0.46896812615137407
05/04/2023 16:18:46.662896,1786,True,True,True,True,Eyes,-0.1592272,0.1589081,-2.14821,0.006495857,0.19428,0.9809246,0.0,0.0,0.0,0.0,0.0,0.0,0.0,-0.4540883,-0.2124234,2.026686,-0.1215542,0.1585334,-2.078188,-0.007458878,0.1445658,-0.06789953,0.9871347,0.2810978,16.64423,352.1714,-0.07425732,0.07130199,-0.994684,-0.001549181,0.007369144,0.1789248,0.3279377,0.4995142,-0.06109262,-0.1935451,0.3277819,2.059632,0.9489808,-0.1362085,-0.2843989,0.1318953,0.9906681,-0.03435773,0.2864247,-0.004906059,0.9580902,moving,0.3794173,11.2029,-5.36836,9.042552,5.307405497829738,-0.4661118298044815
05/04/2023 16:18:46.692773,1787,True,True,True,True,Eyes,-0.1579621,0.159003,-2.14433,0.01324801,0.1932178,0.9810664,0.0,0.0,0.0,0.0,0.0,0.0,0.0,-0.4799494,-0.2144418,2.014021,-0.1176578,0.1587107,-2.072097,-0.007381948,0.1504875,-0.06845089,0.9862117,0.346165,17.32798,352.1119,-0.07420336,0.07152879,-0.9946718,-0.00145623,0.006926995,0.1681893,0.3589672,0.4950983,-0.06135244,-0.1904011,0.3257884,2.059376,0.9453359,-0.1372359,-0.2958145,0.1327923,0.9905199,-0.03516233,0.2978357,-0.00604168,0.954598,moving,0.7736573,11.14162,-5.282306,8.989556,5.322172881608919,-0.4632837091381742
05/04/2023 16:18:46.702976,1788,True,True,True,True,Eyes,-0.1565821,0.1591009,-2.140353,0.01999857,0.1923694,0.9811188,0.0,0.0,0.0,0.0,0.0,0.0,0.0,-0.5057106,-0.2206292,2.000487,-0.1133195,0.1588439,-2.065986,-0.008253022,0.1564685,-0.06959827,0.9851933,0.3161729,18.0265,351.9684,-0.07410962,0.07175078,-0.9946628,-0.001368856,0.006511375,0.158098,0.3912139,0.4942207,-0.06278794,-0.1872084,0.3237638,2.059117,0.9413474,-0.1397182,-0.3071546,0.1345528,0.990176,-0.03804151,0.3094522,-0.005518228,0.950899,moving,1.167723,11.09334,-5.19487,8.9357,5.336768390299367,-0.46070069149190934
05/04/2023 16:18:46.722683,1789,True,True,True,True,Eyes,-0.1550587,0.1591948,-2.136289,0.02697574,0.1916201,0.9810984,0.0,0.0,0.0,0.0,0.0,0.0,0.0,-0.5313053,-0.2280736,1.986558,-0.1090187,0.1589077,-2.059995,-0.009432161,0.1624978,-0.07080454,0.9841201,0.2547609,18.73391,351.8117,-0.0739749,0.071969,-0.994657,-0.001286725,0.006120693,0.1486121,0.4238233,0.4942319,-0.06509125,-0.183774,0.3215861,2.058838,0.9371623,-0.1424257,-0.318499,0.1362949,0.9897955,-0.04157592,0.3211703,-0.004446404,0.947011,moving,1.574977,11.05142,-5.100763,8.877745,5.351750715152343,-0.45818114898855233
05/04/2023 16:18:46.732649,1790,True,True,True,True,Eyes,-0.1533957,0.1592818,-2.132151,0.0348123,0.1909533,0.9809816,0.0,0.0,0.0,0.0,0.0,0.0,0.0,-0.5573531,-0.2347359,1.972194,-0.1042491,0.1588853,-2.054065,-0.010439,0.1685508,-0.07179924,0.9830191,0.2108589,19.44359,351.6812,-0.07379677,0.07218403,-0.9946545,-0.001209522,0.005753451,0.1396954,0.4564162,0.4937388,-0.06757251,-0.1807186,0.3196486,2.058589,0.932871,-0.144679,-0.3298783,0.137641,0.9894718,-0.04472711,0.3328764,-0.003680175,0.9429633,moving,2.032414,11.01518,-5.016997,8.826151,5.368440973482555,-0.4555550049443353
05/04/2023 16:18:46.752726,1791,True,True,True,True,Eyes,-0.1515793,0.1593424,-2.127939,0.0428238,0.1903731,0.9807774,0.0,0.0,0.0,0.0,0.0,0.0,0.0,-0.5823981,-0.2429082,1.957707,-0.09937153,0.1587726,-2.048347,-0.01186601,0.1743902,-0.07262286,0.9819233,0.1161052,20.13295,351.5609,-0.07357312,0.07239624,-0.9946555,-0.00113695,0.005408244,0.1313136,0.488148,0.4949206,-0.07070726,-0.1776305,0.3176906,2.058338,0.928628,-0.1467588,-0.3407521,0.1384815,0.9891702,-0.04863244,0.344199,-0.002026414,0.9388945,moving,2.500124,10.98476,-4.932292,8.773986,5.385421505282175,-0.4529945809450504
05/04/2023 16:18:46.763096,1792,True,True,True,True,Eyes,-0.1497145,0.1593738,-2.123615,0.05318052,0.189662,0.9804082,0.0,0.0,0.0,0.0,0.0,0.0,0.0,-0.608062,-0.2502972,1.94254,-0.09406381,0.158195,-2.042542,-0.01319668,0.1803277,-0.07342747,0.9807733,0.03415458,20.83386,351.4431,-0.07330136,0.07260505,-0.9946601,-0.001068733,0.00508375,0.1234348,0.520694,0.4950444,-0.07421198,-0.1743981,0.315641,2.058075,0.9241806,-0.1487908,-0.3517832,0.1392719,0.9888685,-0.05236792,0.3556592,-0.0005961054,0.9346155,moving,3.104866,10.94874,-4.843586,8.719349,5.40733485689218,-0.44974625842967586
05/04/2023 16:18:46.782616,1793,True,True,True,True,Eyes,-0.1476905,0.1593484,-2.119228,0.06363105,0.1889059,0.9799315,0.0,0.0,0.0,0.0,0.0,0.0,0.0,-0.6340804,-0.2554822,1.927147,-0.08861038,0.1571337,-2.036831,-0.01401295,0.1863662,-0.0747764,0.9795304,0.02402765,21.54293,351.2737,-0.07298413,0.07280991,-0.9946682,-0.001004609,0.004778725,0.1160287,0.5539313,0.4922221,-0.07797626,-0.1711938,0.313609,2.057814,0.9193523,-0.1517146,-0.363007,0.1412684,0.9884243,-0.0553238,0.3671983,-0.0004193644,0.9301426,moving,3.715239,10.91132,-4.755602,8.665151,5.429465821575933,-0.44644767803570684
05/04/2023 16:18:46.802894,1794,True,True,True,True,Eyes,-0.1454665,0.1592694,-2.114802,0.07403938,0.1879905,0.9793762,0.0,0.0,0.0,0.0,0.0,0.0,0.0,-0.6610181,-0.2555493,1.911599,-0.08301864,0.1555054,-2.031105,-0.01360418,0.1925756,-0.07651517,0.9782,0.1635619,22.26174,351.087,-0.07261845,0.07300889,-0.9946799,-0.0009443326,0.004492001,0.109067,0.5878738,0.483503,-0.0814404,-0.1680283,0.3116019,2.057557,0.9141201,-0.1549339,-0.3746731,0.1444546,0.9879208,-0.05608514,0.3788368,-0.002854689,0.9254591,moving,4.323252,10.86572,-4.668642,8.61159,5.4516173194041695,-0.44300537188443867
05/04/2023 16:18:46.813078,1795,True,True,True,True,Eyes,-0.143085,0.159135,-2.110343,0.08445824,0.1870012,0.9787223,0.0,0.0,0.0,0.0,0.0,0.0,0.0,-0.6880158,-0.2539156,1.895997,-0.0771661,0.1543279,-2.025555,-0.01271204,0.1986983,-0.07765579,0.9768966,0.3451212,22.96675,350.9801,-0.07220098,0.07319977,-0.9946966,-0.0008876726,0.004222481,0.102523,0.6212316,0.473435,-0.08499484,-0.1647248,0.3095074,2.057288,0.9089771,-0.1567751,-0.3862411,0.1466717,0.987616,-0.05569685,0.3901898,-0.006023469,0.9207147,moving,4.932086,10.81694,-4.577845,8.555664,5.473838474303636,-0.4394998003047307
05/04/2023 16:18:46.832685,1796,True,True,True,True,Eyes,-0.1405252,0.1589196,-2.105843,0.09473556,0.1859018,0.9779906,0.0,0.0,0.0,0.0,0.0,0.0,0.0,-0.7138062,-0.2513295,1.88099,-0.07126942,0.1530831,-2.020469,-0.01180756,0.2043794,-0.07750064,0.9757476,0.4948519,23.62136,351.0209,-0.07172664,0.07338208,-0.9947178,0.0,0.0,0.0,0.6518428,0.4642431,-0.08855062,-0.1615477,0.307493,2.057029,0.9044454,-0.1560685,-0.3970153,0.1464156,0.9877085,-0.05472145,0.4006757,-0.00863668,0.9161793,moving,5.532839,10.76269,-4.490477,8.50185,5.495842659764865,-0.4359257676733585
05/04/2023 16:18:46.852874,1797,True,True,True,True,Eyes,-0.1377901,0.1586344,-2.101314,0.1050205,0.1847446,0.9771592,0.0,0.0,0.0,0.0,0.0,0.0,0.0,-0.7391956,-0.2464552,1.86561,-0.06467987,0.1510239,-2.015108,-0.01064583,0.2097535,-0.07665082,0.9746871,0.653349,24.23918,351.1472,-0.07119389,0.07355247,-0.9947438,0.0,0.0,0.0,0.6813321,0.4538018,-0.09142689,-0.1584224,0.305511,2.056775,0.9002563,-0.1538871,-0.4072559,0.1449551,0.9880226,-0.05290825,0.41052,-0.01140285,0.9117803,moving,6.134335,10.70614,-4.40449,8.448873,5.5179025190738304,-0.43230534267807963
05/04/2023 16:18:46.872838,1798,True,True,True,True,Eyes,-0.1348518,0.1582792,-2.096772,0.1151378,0.183545,0.9762451,0.0,0.0,0.0,0.0,0.0,0.0,0.0,-0.7647492,-0.243485,1.849735,-0.05789711,0.1489093,-2.010005,-0.009859798,0.2152584,-0.07641539,0.9735129,0.7850244,24.87627,351.1967,-0.07059929,0.07370921,-0.9947749,0.0,0.0,0.0,0.7120472,0.4442727,-0.09551504,-0.155103,0.3034065,2.056505,0.895649,-0.1530275,-0.4176069,0.1445379,0.9881269,-0.05209539,0.4206206,-0.01370084,0.9071332,moving,6.726358,10.64795,-4.313121,8.392591,5.539647210095013,-0.428694367943209
05/04/2023 16:18:46.883034,1799,True,True,True,True,Eyes,-0.1317331,0.1578778,-2.092207,0.1252328,0.1823032,0.9752345,0.0,0.0,0.0,0.0,0.0,0.0,0.0,-0.7890832,-0.2395324,1.834227,-0.05090286,0.1470572,-2.005044,-0.008815546,0.2204003,-0.07596824,0.9724067,0.9363837,25.46974,351.2774,-0.0699412,0.07384993,-0.9948112,0.0,0.0,0.0,0.741077,0.4344617,-0.09916527,-0.1520618,0.3014778,2.056258,0.8913051,-0.15163,-0.4272981,0.1438582,0.9883022,-0.05063144,0.4299769,-0.01634226,0.902692,moving,7.317478,10.58825,-4.229368,8.340982,5.561379111348575,-0.42505884902078084
05/04/2023 16:18:46.902995,1800,True,True,True,True,Eyes,-0.1284376,0.1574481,-2.087626,0.1351494,0.1811076,0.9741328,0.0,0.0,0.0,0.0,0.0,0.0,0.0,-0.8126608,-0.2369494,1.818457,-0.04363121,0.1455946,-2.000062,-0.008019573,0.2253819,-0.07556313,0.9713027,1.059016,26.04743,351.3481,-0.06921333,0.07397494,-0.994853,0.0,0.0,0.0,0.7699277,0.4259154,-0.1031113,-0.1487848,0.2993999,2.055991,0.8869864,-0.1504043,-0.4366162,0.1431744,0.9884518,-0.04963999,0.4390401,-0.01848226,0.8982774,moving,7.898693,10.532,-4.139076,8.285351,5.582715643780054,-0.42153029423699706
05/04/2023 16:18:46.912397,1801,True,True,True,True,Eyes,-0.1249482,0.156988,-2.083028,0.1450261,0.1799131,0.972933,0.0,0.0,0.0,0.0,0.0,0.0,0.0,-0.8352615,-0.2357477,1.802843,-0.03601364,0.1444842,-1.995321,-0.007578024,0.2300599,-0.07477979,0.9702697,1.128926,26.59368,351.4525,-0.06841612,0.07408408,-0.9949002,0.0,0.0,0.0,0.7977136,0.4195584,-0.1072538,-0.145497,0.297315,2.055724,0.8829609,-0.1485999,-0.4453069,0.1416263,0.9887011,-0.04911311,0.4475736,-0.01970221,0.89403,moving,8.478128,10.47669,-4.048444,8.229504,5.603977046891585,-0.4180269769336838
05/04/2023 16:18:46.932883,1802,True,True,True,True,Eyes,-0.1212799,0.156493,-2.078426,0.1547647,0.1787209,0.9716516,0.0,0.0,0.0,0.0,0.0,0.0,0.0,-0.8582426,-0.2347407,1.786536,-0.02803896,0.1433472,-1.990492,-0.007231503,0.2348124,-0.07379605,0.9692085,1.1826,27.15047,351.5773,-0.06754586,0.0741777,-0.9949529,0.0,0.0,0.0,0.8257165,0.4140008,-0.111536,-0.1425539,0.295449,2.055484,0.8788346,-0.1464436,-0.454097,0.1396514,0.9890037,-0.04867411,0.4562316,-0.02063878,0.8896217,moving,9.05005,10.42222,-3.96728,8.179496,5.62496120723436,-0.41457139306758994
05/04/2023 16:18:46.952473,1803,True,True,True,True,Eyes,-0.1174206,0.1559601,-2.073819,0.1644253,0.1774222,0.9703018,0.0,0.0,0.0,0.0,0.0,0.0,0.0,-0.8805991,-0.2319117,1.770802,-0.01992185,0.1420168,-1.986055,-0.006516536,0.2393114,-0.07268026,0.9681969,1.270228,27.67544,351.7269,-0.06660026,0.0742557,-0.9950109,0.0,0.0,0.0,0.8529075,0.4067687,-0.115895,-0.1393146,0.293395,2.055221,0.8748953,-0.1438566,-0.4624539,0.1376187,0.9893502,-0.04740502,0.4643483,-0.02216786,0.8853752,moving,9.617853,10.36221,-3.877902,8.12442,5.645869849062976,-0.4110291866579313
05/04/2023 16:18:46.963090,1804,True,True,True,True,Eyes,-0.1133382,0.1554249,-2.069241,0.1742678,0.1760214,0.968838,0.0,0.0,0.0,0.0,0.0,0.0,0.0,-0.9022821,-0.2264628,1.755239,-0.01163755,0.1406389,-1.981501,-0.005062498,0.2436201,-0.07195948,0.9671844,1.44795,28.17267,351.8533,-0.06557755,0.07431782,-0.9950743,0.0,0.0,0.0,0.8795692,0.3963113,-0.1196083,-0.1360923,0.2913519,2.054959,0.8709421,-0.1416628,-0.4705225,0.1367295,0.9895924,-0.04485429,0.4719797,-0.02526881,0.8812472,moving,10.19692,10.29735,-3.788954,8.069608,5.66723991626713,-0.40734792199104464
05/04/2023 16:18:46.982599,1805,True,True,True,True,Eyes,-0.1090698,0.1549023,-2.064677,0.1840071,0.1745184,0.9673079,0.0,0.0,0.0,0.0,0.0,0.0,0.0,-0.9231637,-0.2192097,1.740294,-0.003110012,0.1400538,-1.97719,-0.002764412,0.2476887,-0.07195302,0.9661602,1.736452,28.63523,351.925,-0.06447424,0.07436538,-0.995143,0.0,0.0,0.0,0.9057652,0.3827413,-0.1229627,-0.1328503,0.2892962,2.054695,0.8669462,-0.1404057,-0.4782161,0.1376669,0.9896303,-0.04098563,0.4790117,-0.03030216,0.8772854,moving,10.77046,10.22709,-3.69942,8.014427,5.688482729374471,-0.4035886529281982
05/04/2023 16:18:47.003306,1806,True,True,True,True,Eyes,-0.104628,0.1543919,-2.060131,0.1942071,0.172839,0.965614,0.0,0.0,0.0,0.0,0.0,0.0,0.0,-0.9423727,-0.2142809,1.725957,0.00544366,0.1400853,-1.973134,-0.0009141959,0.2513708,-0.07198927,0.9652096,1.972924,29.05641,351.9804,-0.06328799,0.07440042,-0.9952166,0.0,0.0,0.0,0.9304926,0.3717284,-0.1263347,-0.1296575,0.2872715,2.054435,0.8632606,-0.1394291,-0.4851193,0.1385099,0.9896334,-0.03795678,0.4853826,-0.03442722,0.8736238,moving,11.37178,10.14813,-3.611206,7.960052,5.71082197143265,-0.3995477338821502
05/04/2023 16:18:47.023079,1807,True,True,True,True,Eyes,-0.1000017,0.1538567,-2.055595,0.2042664,0.1711152,0.9638437,0.0,0.0,0.0,0.0,0.0,0.0,0.0,-0.96181,-0.2115177,1.711164,0.01421735,0.1398539,-1.969299,0.0003536876,0.2551372,-0.07212992,0.9642107,2.148414,29.49233,352.0092,-0.06201781,0.07442467,-0.9952949,0.0,0.0,0.0,0.9559864,0.3625367,-0.1307438,-0.126259,0.2851168,2.054159,0.8594046,-0.1389164,-0.4920631,0.1392774,0.9895943,-0.03612399,0.4919611,-0.03748811,0.8698097,moving,11.96559,10.06707,-3.517264,7.902152,5.732921548921661,-0.39549927212790437
05/04/2023 16:18:47.032929,1808,True,True,True,True,Eyes,-0.0952087,0.1533294,-2.05108,0.214596,0.1693404,0.9619108,0.0,0.0,0.0,0.0,0.0,0.0,0.0,-0.9803223,-0.2086155,1.696124,0.02313849,0.1387575,-1.965095,0.001413438,0.2586845,-0.07221612,0.9632576,2.297339,29.90452,352.0386,-0.06066195,0.07443795,-0.9953776,0.0,0.0,0.0,0.9804148,0.3537693,-0.1344143,-0.1232932,0.2832361,2.053918,0.8557344,-0.1383942,-0.4985637,0.1398567,0.9895657,-0.03463937,0.4981554,-0.04008539,0.8661607,moving,12.57636,9.984379,-3.435245,7.851593,5.755643599382706,-0.391348041542643
05/04/2023 16:18:47.052642,1809,True,True,True,True,Eyes,-0.09023643,0.1528367,-2.046593,0.2247944,0.1675722,0.9598891,0.0,0.0,0.0,0.0,0.0,0.0,0.0,-0.9994881,-0.2057476,1.681062,0.03213827,0.138394,-1.961401,0.002721669,0.26239,-0.07243291,0.9622357,2.478765,30.33402,352.0623,-0.0592206,0.07444163,-0.9954643,0.0,0.0,0.0,1.005787,0.3442532,-0.1391867,-0.1199057,0.2810881,2.053642,0.85181,-0.1379668,-0.5053563,0.1408233,0.9894922,-0.03277356,0.5045677,-0.04324911,0.8622882,moving,13.18045,9.902594,-3.341525,7.793816,5.778117117974395,-0.3872422432381852
05/04/2023 16:18:47.062833,1810,True,True,True,True,Eyes,-0.08509864,0.1523634,-2.042127,0.2351341,0.165927,0.9576953,0.0,0.0,0.0,0.0,0.0,0.0,0.0,-1.018176,-0.2072359,1.665471,0.04126799,0.1387382,-1.95767,0.003106761,0.2661135,-0.07276955,0.961186,2.562106,30.77236,352.0462,-0.05769195,0.07443818,-0.9955543,0.0,0.0,0.0,1.031131,0.3394063,-0.1443715,-0.1170046,0.2792485,2.053406,0.8477764,-0.1382366,-0.5120212,0.1415436,0.9893898,-0.03275756,0.511117,-0.04470226,0.8583479,moving,13.79444,9.829294,-3.26123,7.744308,5.800833710464336,-0.38325384510153526
05/04/2023 16:18:47.082773,1811,True,True,True,True,Eyes,-0.0797902,0.1519518,-2.037683,0.2453203,0.1643219,0.9554142,0.0,0.0,0.0,0.0,0.0,0.0,0.0,-1.036823,-0.2090746,1.649564,0.0504485,0.1386942,-1.953969,0.003228528,0.269844,-0.07285129,0.9601388,2.608813,31.21441,352.0508,-0.05607556,0.07442915,-0.9956474,0.0,0.0,0.0,1.056629,0.3352191,-0.1500374,-0.1137831,0.2772059,2.053144,0.8437538,-0.1381523,-0.5186458,0.1416371,0.9893646,-0.03311729,0.517705,-0.04551663,0.8543476,moving,14.40066,9.75884,-3.172027,7.689312,5.823238375197515,-0.37935198004420456
05/04/2023 16:18:47.103045,1812,True,True,True,True,Eyes,-0.07431506,0.1516166,-2.033281,0.2555754,0.1628917,0.9529678,0.0,0.0,0.0,0.0,0.0,0.0,0.0,-1.054349,-0.2125981,1.633785,0.05971486,0.1397664,-1.950129,0.003175385,0.2733567,-0.07291877,0.9591398,2.634067,31.63227,352.0512,-0.05437066,0.07441799,-0.9957429,0.0,0.0,0.0,1.08133,0.3329456,-0.1553395,-0.110586,0.2751788,2.052884,0.8399178,-0.1381426,-0.5248377,0.1416146,0.9893456,-0.0337744,0.5239116,-0.04595695,0.8505321,moving,15.01282,9.699879,-3.083463,7.634704,5.845707287579845,-0.3756408939387744
05/04/2023 16:18:47.112656,1813,True,True,True,True,Eyes,-0.06867174,0.1513439,-2.028907,0.2656902,0.1615958,0.9504186,0.0,0.0,0.0,0.0,0.0,0.0,0.0,-1.071921,-0.217613,1.618192,0.06907459,0.1412463,-1.946842,0.002707083,0.2768397,-0.07258823,0.9581668,2.600877,32.05079,352.0826,-0.05257724,0.07440845,-0.9958401,0.0,0.0,0.0,1.106009,0.3329535,-0.1615701,-0.1071337,0.2729896,2.052603,0.8361815,-0.1376044,-0.5309102,0.1406021,0.9894472,-0.03500294,0.5301242,-0.04537828,0.8467048,moving,15.61837,9.64949,-2.98779,7.575695,5.867832444461206,-0.37211904083648206
05/04/2023 16:18:47.132523,1814,True,True,True,True,Eyes,-0.0628708,0.1511102,-2.024551,0.2758896,0.1604587,0.9477013,0.0,0.0,0.0,0.0,0.0,0.0,0.0,-1.089882,-0.2252764,1.601257,0.078605,0.1424587,-1.94323,0.001431838,0.2805635,-0.07217991,0.9571167,2.478412,32.50409,352.0971,-0.05069372,0.07440328,-0.9959382,0.0,0.0,0.0,1.131428,0.336296,-0.168258,-0.104162,0.2711052,2.052361,0.8321484,-0.1373657,-0.5372707,0.1389726,0.9895761,-0.03776122,0.5368572,-0.04324296,0.8425642,moving,16.23105,9.609817,-2.905399,7.524879,5.890073969534201,-0.3687683016999853
05/04/2023 16:18:47.152633,1815,True,True,True,True,Eyes,-0.05691579,0.1509154,-2.020223,0.2860178,0.1593239,0.9448861,0.0,0.0,0.0,0.0,0.0,0.0,0.0,-1.109779,-0.2312789,1.582781,0.08824749,0.1430777,-1.939597,0.0006019205,0.2848739,-0.07214114,0.9558464,2.421636,33.02406,352.0857,-0.04872056,0.07440387,-0.9960366,0.0,0.0,0.0,1.159286,0.3365528,-0.1763104,-0.1009854,0.2690912,2.052103,0.8272851,-0.1375688,-0.5446781,0.1382546,0.9895906,-0.03995156,0.5445044,-0.04225294,0.837693,moving,16.8411,9.571014,-2.817292,7.470541,5.912211102265717,-0.36544509829296934
05/04/2023 16:18:47.162939,1816,True,True,True,True,Eyes,-0.05081245,0.1507636,-2.015933,0.2961697,0.1581497,0.9419513,0.0,0.0,0.0,0.0,0.0,0.0,0.0,-1.130419,-0.2342998,1.563892,0.09771333,0.1438206,-1.936045,0.0007184544,0.2894434,-0.07236432,0.9544557,2.479516,33.56863,352.0765,-0.0466579,0.07441144,-0.9961348,0.0,0.0,0.0,1.187781,0.3328206,-0.1847553,-0.09783196,0.2670915,2.051847,0.8219718,-0.1377212,-0.5526258,0.138553,0.9895258,-0.04051929,0.5524178,-0.04326222,0.832444,moving,17.45427,9.530829,-2.729793,7.416562,5.934476536624255,-0.3620826516658306
05/04/2023 16:18:47.182711,1817,True,True,True,True,Eyes,-0.04457519,0.1506438,-2.011672,0.3062214,0.1568445,0.9389507,0.0,0.0,0.0,0.0,0.0,0.0,0.0,-1.1514,-0.2342471,1.545136,0.1071323,0.1447218,-1.932775,0.00171896,0.2940584,-0.07254373,0.953029,2.63313,34.11356,352.1022,-0.04450586,0.07442728,-0.996232,0.0,0.0,0.0,1.216179,0.3257173,-0.1933901,-0.09461445,0.265051,2.051585,0.8165342,-0.1372616,-0.5607417,0.1392835,0.9894689,-0.03938774,0.5602429,-0.04594062,0.8270535,moving,18.06278,9.483263,-2.640481,7.361456,5.956670724031759,-0.35860127731936375
05/04/2023 16:18:47.202894,1818,True,True,True,True,Eyes,-0.03821257,0.150552,-2.007448,0.3161939,0.1554572,0.9358709,0.0,0.0,0.0,0.0,0.0,0.0,0.0,-1.171542,-0.2308905,1.526953,0.1163959,0.145486,-1.929428,0.003390149,0.2983934,-0.07220634,0.9517018,2.839859,34.62279,352.2078,-0.04226509,0.074452,-0.9963278,0.0,0.0,0.0,1.242983,0.3164886,-0.2011308,-0.09139109,0.2630074,2.051323,0.8114954,-0.1354146,-0.5684525,0.139461,0.9895495,-0.03663896,0.5674734,-0.0495446,0.8218999,moving,18.66808,9.431265,-2.55097,7.306235,5.978807519243929,-0.35505024268328084
05/04/2023 16:18:47.212889,1819,True,True,True,True,Eyes,-0.0317228,0.150485,-2.003257,0.3260444,0.1539572,0.9327337,0.0,0.0,0.0,0.0,0.0,0.0,0.0,-1.191537,-0.2249449,1.509044,0.1258018,0.1460751,-1.926243,0.005603828,0.302575,-0.07151566,0.9504223,3.091445,35.11249,352.3719,-0.03993744,0.07448593,-0.9964213,0.0,0.0,0.0,1.26912,0.3053582,-0.208657,-0.08807755,0.2609065,2.051053,0.8066677,-0.132549,-0.5759497,0.1393313,0.9897082,-0.0326257,0.5743466,-0.05392971,0.816834,moving,19.26747,9.372745,-2.458919,7.249439,6.000817773228786,-0.3514017417828201
05/04/2023 16:18:47.232814,1820,True,True,True,True,Eyes,-0.02508786,0.1504346,-1.999116,0.3359701,0.1520928,0.9295117,0.0,0.0,0.0,0.0,0.0,0.0,0.0,-1.210525,-0.2201464,1.491189,0.1351796,0.14669,-1.922937,0.007578881,0.3065884,-0.07103862,0.9491574,3.321941,35.58445,352.5058,-0.03752359,0.07452927,-0.9965119,0.0,0.0,0.0,1.294514,0.2952197,-0.2159092,-0.08498311,0.258944,2.050801,0.8019142,-0.1302065,-0.583078,0.1395009,0.9897922,-0.02917213,0.5809245,-0.05794634,0.8118923,moving,19.87229,9.29276,-2.372921,7.196359,6.023294247921705,-0.34732667438088227
05/04/2023 16:18:47.252653,1821,True,True,True,True,Eyes,-0.0183396,0.1503971,-1.995004,0.3457733,0.1502562,0.9262094,0.0,0.0,0.0,0.0,0.0,0.0,0.0,-1.22913,-0.2177395,1.472999,0.1446157,0.1471446,-1.919721,0.008927474,0.3106022,-0.07075736,0.9478608,3.490256,36.06082,352.5981,-0.03502342,0.07458169,-0.9965989,0.0,0.0,0.0,1.320125,0.2871184,-0.2238482,-0.08177054,0.2569068,2.05054,0.7970393,-0.1285904,-0.5900787,0.139682,0.9898273,-0.02703078,0.5875519,-0.06087879,0.8068932,moving,20.47165,9.214645,-2.283606,7.14123,6.045553185673981,-0.34330997242048683
05/04/2023 16:18:47.267675,1822,True,True,True,True,Eyes,-0.01146375,0.150359,-1.990937,0.3556118,0.1480934,0.9228264,0.0,0.0,0.0,0.0,0.0,0.0,0.0,-1.246944,-0.2182609,1.454435,0.153874,0.1475036,-1.916364,0.009268396,0.3145671,-0.07011658,0.9465966,3.535078,36.53898,352.6948,-0.03243866,0.07464281,-0.9966818,0.0,0.0,0.0,1.345302,0.2833773,-0.2320807,-0.07856184,0.2548724,2.050279,0.7922624,-0.1269132,-0.5968361,0.1385753,0.9899955,-0.02656588,0.5942366,-0.0616596,0.8019233,moving,21.0742,9.116983,-2.194366,7.086148,6.068174430427323,-0.33891228081051294
05/04/2023 16:18:47.282934,1823,True,True,True,True,Eyes,-0.004491024,0.1503054,-1.98689,0.365274,0.1460507,0.9193715,0.0,0.0,0.0,0.0,0.0,0.0,0.0,-1.263338,-0.2202312,1.436548,0.1631158,0.1475746,-1.913063,0.009079757,0.3181709,-0.06947735,0.9454406,3.519032,36.97709,352.7711,-0.02976976,0.07471152,-0.9967599,0.0,0.0,0.0,1.369147,0.2815961,-0.239821,-0.07539654,0.2528654,2.050021,0.7878804,-0.1255956,-0.6028849,0.1371512,0.990181,-0.02704259,0.6003615,-0.06138007,0.7973697,moving,21.66834,9.026538,-2.106299,7.031783,6.090405331747546,-0.3346860054415733
05/04/2023 16:18:47.302922,1824,True,True,True,True,Eyes,0.002567033,0.1502305,-1.982863,0.3749182,0.1438279,0.9158329,0.0,0.0,0.0,0.0,0.0,0.0,0.0,-1.278104,-0.2236308,1.419199,0.1722774,0.1471456,-1.909543,0.008408503,0.3214229,-0.06909928,0.9443738,3.457131,37.37502,352.8,-0.02701881,0.0747862,-0.9968326,0.0,0.0,0.0,1.39177,0.2809925,-0.246838,-0.07221407,0.2508476,2.049762,0.7838253,-0.1251057,-0.6082487,0.1359165,0.9903092,-0.02853864,0.6059246,-0.06030171,0.7932333,moving,22.26292,8.925174,-2.017722,6.977099,6.112791010934186,-0.33025261405057216
05/04/2023 16:18:47.312789,1825,True,True,True,True,Eyes,0.009711052,0.1501355,-1.978853,0.3844071,0.1416871,0.9122258,0.0,0.0,0.0,0.0,0.0,0.0,0.0,-1.293623,-0.2261145,1.401323,0.1814911,0.1465461,-1.906274,0.007927405,0.3248813,-0.0686535,0.9432265,3.414738,37.79752,352.8434,-0.02418857,0.07486508,-0.9968994,0.0,0.0,0.0,1.415235,0.2792888,-0.2548593,-0.06873751,0.2486431,2.04948,0.7794777,-0.1243607,-0.6139617,0.1346625,0.9904477,-0.0296538,0.6117848,-0.05956315,0.7887786,moving,22.8503,8.828648,-1.920923,6.917324,6.134859595055159,-0.32594077596975946
05/04/2023 16:18:47.332636,1826,True,True,True,True,Eyes,0.01693423,0.1500416,-1.974872,0.3938375,0.1394162,0.9085456,0.0,0.0,0.0,0.0,0.0,0.0,0.0,-1.30878,-0.2275887,1.383275,0.190553,0.1459817,-1.902769,0.007778748,0.3283436,-0.06832331,0.9420521,3.412434,38.21889,352.8863,-0.02128096,0.07494659,-0.9969596,0.0,0.0,0.0,1.43857,0.2760772,-0.262763,-0.06511915,0.2463488,2.049186,0.7750449,-0.12362,-0.6196964,0.1338364,0.9905428,-0.03021106,0.6175705,-0.059523,0.78426,moving,23.43583,8.72398,-1.820136,6.855083,6.156966321115535,-0.3214837579939557
05/04/2023 16:18:47.352584,1827,True,True,True,True,Eyes,0.02422343,0.1499574,-1.970907,0.4030774,0.1372422,0.9048166,0.0,0.0,0.0,0.0,0.0,0.0,0.0,-1.322913,-0.2295861,1.366084,0.1995224,0.1458838,-1.899447,0.007597832,0.3315259,-0.0680301,0.9409596,3.405717,38.60685,352.9228,-0.01829839,0.07503037,-0.9970125,0.0,0.0,0.0,1.460087,0.2743121,-0.2695334,-0.06259096,0.2447455,2.04898,0.770925,-0.1229894,-0.6249385,0.1330649,0.9906284,-0.03080897,0.622871,-0.05940598,0.7800658,moving,24.012,8.624859,-1.749692,6.811565,6.178670285849606,-0.31717080437557654
05/04/2023 16:18:47.362699,1828,True,True,True,True,Eyes,0.03159653,0.1498953,-1.966979,0.4121826,0.1350286,0.9010399,0.0,0.0,0.0,0.0,0.0,0.0,0.0,-1.335498,-0.2328082,1.3497,0.2082437,0.1460575,-1.895981,0.007234162,0.3343931,-0.06803009,0.9399474,3.387985,38.9571,352.9193,-0.01524328,0.07511654,-0.9970574,0.0,0.0,0.0,1.480799,0.2726864,-0.2760416,-0.05932325,0.2426736,2.048714,0.7671064,-0.1230513,-0.629608,0.1327275,0.9906392,-0.03189811,0.6276394,-0.05909704,0.7762579,moving,24.58182,8.522843,-1.658612,6.755304,6.20018587167458,-0.31283043227010343
05/04/2023 16:18:47.383016,1829,True,True,True,True,Eyes,0.03902055,0.1498505,-1.96306,0.4211265,0.132873,0.8972164,0.0,0.0,0.0,0.0,0.0,0.0,0.0,-1.347803,-0.2380372,1.333193,0.2171182,0.1465985,-1.892619,0.006700089,0.3372745,-0.06866973,0.9388746,3.376801,39.30857,352.84,-0.01211793,0.07520577,-0.9970936,0.0,0.0,0.0,1.501842,0.2712804,-0.2829095,-0.05612862,0.2406477,2.048454,0.7630608,-0.124425,-0.634237,0.1334641,0.9904791,-0.03374,0.6323966,-0.05890217,0.7724022,moving,25.14395,8.423974,-1.569539,6.700267,6.22138853148443,-0.3085819110171277
05/04/2023 16:18:47.402867,1830,True,True,True,True,Eyes,0.046508,0.1498226,-1.959178,0.4299178,0.1305853,0.8933746,0.0,0.0,0.0,0.0,0.0,0.0,0.0,-1.359309,-0.2432444,1.316733,0.225549,0.1469583,-1.88897,0.006407873,0.3401627,-0.06993258,0.9377408,3.416553,39.65825,352.7024,-0.00892446,0.07529853,-0.9971202,0.0,0.0,0.0,1.522556,0.2678925,-0.2895935,-0.0529542,0.2386351,2.048195,0.7587976,-0.1267978,-0.6388651,0.1355167,0.9901367,-0.03555906,0.6370726,-0.05959475,0.7684966,moving,25.69821,8.316081,-1.481,6.645566,6.242427004948936,-0.3041972267873917
05/04/2023 16:18:47.412727,1831,True,True,True,True,Eyes,0.0540269,0.1498336,-1.955312,0.4385525,0.1282387,0.8895091,0.0,0.0,0.0,0.0,0.0,0.0,0.0,-1.371546,-0.2459096,1.30021,0.234091,0.147339,-1.885643,0.006757468,0.3431421,-0.07090487,0.9365791,3.515508,40.01672,352.6217,-0.005665625,0.07539511,-0.9971368,0.0,0.0,0.0,1.543478,0.2623022,-0.2966983,-0.04969752,0.2365699,2.047931,0.754452,-0.1281785,-0.6437177,0.1374536,0.9898537,-0.03600309,0.6418012,-0.0613187,0.7644157,moving,26.24457,8.203691,-1.390134,6.589403,6.263242528889038,-0.2997616014776976
05/04/2023 16:18:47.432806,1832,True,True,True,True,Eyes,0.06159182,0.1498781,-1.951482,0.4470965,0.1257021,0.8856093,0.0,0.0,0.0,0.0,0.0,0.0,0.0,-1.383301,-0.2461963,1.284216,0.2422047,0.1483303,-1.8822,0.008079198,0.3460729,-0.07205518,0.9354017,3.726123,40.36384,352.5603,-0.002344935,0.07549695,-0.9971425,0.0,0.0,0.0,1.563552,0.2534042,-0.3032174,-0.04658222,0.2345947,2.047678,0.7500831,-0.1292091,-0.6485988,0.1403931,0.9894856,-0.03475811,0.6462702,-0.06498729,0.7603365,moving,26.78675,8.078517,-1.303186,6.535667,6.284072698636098,-0.2951034469998945
05/04/2023 16:18:47.452846,1833,True,True,True,True,Eyes,0.251292,0.1512258,-1.856033,0.6444062,0.05611519,0.7626216,0.0,0.0,0.0,0.0,0.0,0.0,0.0,-1.39529,-0.2444446,1.268489,0.2503618,0.1493569,-1.879005,0.01000675,0.3489789,-0.07311937,0.9342201,3.998551,40.70544,352.5332,0.001035344,0.07560503,-0.9971365,0.0,0.0,0.0,1.583427,0.2422378,-0.3098689,-0.0433737,0.2325603,2.047416,0.7457345,-0.1296349,-0.6535096,0.1436034,0.9891068,-0.03233723,0.6505828,-0.06973125,0.7562271,moving,40.19741,4.208352,-1.213607,6.480294,6.809166029278885,-0.16533601387529961
05/04/2023 16:18:47.462898,1834,True,True,True,True,Eyes,0.2516437,0.151232,-1.855927,0.6446149,0.05588182,0.7624624,0.0,0.0,0.0,0.0,0.0,0.0,0.0,-1.407646,-0.2412587,1.251852,0.2583753,0.1496858,-1.875538,0.01214261,0.3521038,-0.07407305,0.9329461,4.290858,41.0738,352.5289,0.01760249,0.07629643,-0.996929,0.5691005,0.004042983,0.2863469,1.603745,0.229618,-0.316963,-0.04011679,0.2304951,2.047151,0.7410722,-0.1296614,-0.6587867,0.1467632,0.9887314,-0.02950601,0.6551889,-0.07481959,0.7517509,moving,40.21246,4.191784,-1.122647,6.424053,6.809911121258734,-0.1649605941579988
05/04/2023 16:18:47.483126,1835,True,True,True,True,Eyes,0.2522976,0.1512476,-1.855689,0.6450399,0.05540327,0.7621378,0.0,0.0,0.0,0.0,0.0,0.0,0.0,-1.420075,-0.2375903,1.23536,0.2663798,0.150042,-1.872353,0.01446382,0.3552211,-0.07501784,0.931655,4.602731,41.44123,352.5348,0.03141152,0.07685415,-0.9965467,0.5349545,0.003800404,0.2691661,1.623871,0.2163353,-0.3244135,-0.03687596,0.2284399,2.046888,0.7363805,-0.1295058,-0.6640572,0.1500572,0.9883263,-0.02634526,0.6597171,-0.08024643,0.7472175,moving,40.24311,4.157778,-1.032108,6.36806,6.811431905995721,-0.1641910627721988
05/04/2023 16:18:47.502661,1836,True,True,True,True,Eyes,0.2532697,0.151266,-1.855352,0.6456881,0.05474265,0.7616366,0.0,0.0,0.0,0.0,0.0,0.0,0.0,-1.433211,-0.2321643,1.217737,0.2741456,0.1503569,-1.868988,0.01729804,0.3586925,-0.07584366,0.9302087,4.967502,41.85131,352.578,0.0429763,0.07730811,-0.9960799,0.5028572,0.00357238,0.2530161,1.644578,0.2012488,-0.3325941,-0.03381801,0.226501,2.046639,0.7311749,-0.1286915,-0.6699417,0.1535102,0.987897,-0.02222754,0.6646939,-0.08659068,0.742081,moving,40.29008,4.111066,-0.9466508,6.31521,6.813693615018492,-0.16311330615198094
05/04/2023 16:18:47.522864,1837,True,True,True,True,Eyes,0.2545162,0.1512881,-1.854891,0.6465358,0.0539637,0.7609727,0.0,0.0,0.0,0.0,0.0,0.0,0.0,-1.446319,-0.2279292,1.199863,0.2820416,0.1505973,-1.865807,0.01959159,0.3621542,-0.07630694,0.9287829,5.259252,42.26548,352.6405,0.05271766,0.0776808,-0.9955829,0.4726858,0.003358037,0.2378352,1.66549,0.188426,-0.3415162,-0.03036857,0.2243136,2.046358,0.7260432,-0.1275548,-0.6757152,0.1559355,0.9875869,-0.01887709,0.6697353,-0.09166241,0.736921,moving,40.35181,4.056288,-0.850224,6.255559,6.816581765534775,-0.16182117554243508
05/04/2023 16:18:47.532952,1838,True,True,True,True,Eyes,0.2560377,0.1513132,-1.854316,0.6477222,0.05324137,0.7600139,0.0,0.0,0.0,0.0,0.0,0.0,0.0,-1.459397,-0.2242296,1.181085,0.2897156,0.1508183,-1.862364,0.02135953,0.3657788,-0.0760865,0.9273406,5.46725,42.70611,352.7578,0.06102157,0.07799151,-0.9950842,0.4443246,0.003156555,0.223565,1.686274,0.1789575,-0.3505278,-0.02739322,0.2224273,2.046116,0.7208334,-0.1254905,-0.6816534,0.1567419,0.9875093,-0.01604655,0.6751527,-0.09527678,0.7314993,moving,40.43931,4.007204,-0.7670249,6.204094,6.820311578083357,-0.16052650614680225
05/04/2023 16:18:47.552902,1839,True,True,True,True,Eyes,0.257819,0.1513162,-1.853622,0.6491177,0.05253696,0.7588717,0.0,0.0,0.0,0.0,0.0,0.0,0.0,-1.47256,-0.2234288,1.161513,0.2976086,0.1515513,-1.859013,0.02230818,0.3695421,-0.07565999,0.9258599,5.579546,43.16912,352.8653,0.06857576,0.07826984,-0.9945703,0.4176652,0.002967161,0.2101511,1.707877,0.1732625,-0.360567,-0.02416503,0.22038,2.045853,0.7154284,-0.1236135,-0.6876642,0.1565887,0.9875558,-0.0146106,0.6809127,-0.0972276,0.7258819,moving,40.54276,3.960289,-0.6767299,6.148212,6.8245795992239975,-0.15920479112618774
05/04/2023 16:18:47.562592,1840,True,True,True,True,Eyes,0.2598357,0.1513383,-1.852801,0.6508768,0.05200671,0.7574,0.0,0.0,0.0,0.0,0.0,0.0,0.0,-1.485896,-0.2239393,1.140612,0.305471,0.1510492,-1.855506,0.02240004,0.373554,-0.07507396,0.9242942,5.595044,43.66761,352.9561,0.07546985,0.07851903,-0.9940512,0.3926052,0.002789132,0.1975421,1.730301,0.1697713,-0.3715869,-0.02087224,0.2182924,2.045586,0.7096427,-0.1220456,-0.6939107,0.1555161,0.9877242,-0.01467991,0.687184,-0.09749679,0.7199114,moving,40.67434,3.928038,-0.5846,6.091204,6.829658680307599,-0.15803911276320537
05/04/2023 16:18:47.582534,1841,True,True,True,True,Eyes,0.2620982,0.1513434,-1.851858,0.6528673,0.05161391,0.7557119,0.0,0.0,0.0,0.0,0.0,0.0,0.0,-1.500076,-0.2267094,1.118029,0.3134463,0.1509013,-1.852186,0.02156836,0.3779843,-0.07389138,0.9226065,5.48918,44.22457,353.0736,0.08178344,0.07874406,-0.993534,0.3690489,0.002621784,0.1856896,1.753941,0.171213,-0.3841517,-0.01786327,0.2163843,2.045341,0.703336,-0.1200403,-0.7006489,0.1526503,0.9881498,-0.01606132,0.694274,-0.09565777,0.7133255,moving,40.82407,3.907142,-0.500388,6.039071,6.835236938591796,-0.15700970467702371
05/04/2023 16:18:47.602878,1842,True,True,True,True,Eyes,0.2645878,0.1513292,-1.850808,0.6550984,0.05136506,0.7537955,0.0,0.0,0.0,0.0,0.0,0.0,0.0,-1.513977,-0.2299835,1.094437,0.3213404,0.1506106,-1.848477,0.02048403,0.382573,-0.0726698,0.9208352,5.355085,44.80303,353.1841,0.08758878,0.07894733,-0.9930229,0.346906,0.002464477,0.1745482,1.777985,0.1734018,-0.3972041,-0.01467693,0.2143639,2.045082,0.6967141,-0.1181605,-0.7075503,0.1495071,0.988599,-0.01787816,0.7015961,-0.09332782,0.7064368,moving,40.99282,3.898217,-0.4111873,5.983848,6.841337387589494,-0.15612444678329676
05/04/2023 16:18:47.612819,1843,True,True,True,True,Eyes,0.2673038,0.1512847,-1.849646,0.6575378,0.05116605,0.7516822,0.0,0.0,0.0,0.0,0.0,0.0,0.0,-1.52817,-0.2322112,1.070323,0.3293235,0.1500015,-1.844956,0.01958794,0.3872761,-0.07141548,0.9189849,5.239381,45.39615,353.3055,0.09294956,0.07913069,-0.9925209,0.3260916,0.002316608,0.1640753,1.80233,0.1745517,-0.4110416,-0.01139402,0.2122823,2.044815,0.6898341,-0.1160876,-0.7145995,0.1464314,0.9890323,-0.01931299,0.709004,-0.09131707,0.6992671,moving,41.17797,3.894044,-0.3192576,5.926925,6.847959088074332,-0.15525878278264305
05/04/2023 16:18:47.633035,1844,True,True,True,True,Eyes,0.27025,0.1512093,-1.848384,0.6603421,0.05077748,0.7492462,0.0,0.0,0.0,0.0,0.0,0.0,0.0,-1.541742,-0.2342989,1.045964,0.3372796,0.1492436,-1.841161,0.01902103,0.3919775,-0.07073701,0.9170541,5.18324,45.98674,353.3791,0.09792344,0.07929521,-0.9920293,0.3065261,0.002177611,0.1542308,1.826465,0.1735038,-0.4247431,-0.008234859,0.2102791,2.044558,0.6826998,-0.1148277,-0.7216201,0.1446509,0.9892689,-0.02056802,0.7162381,-0.09034126,0.6919836,moving,41.39108,3.877088,-0.2307688,5.87212,6.8557356431941825,-0.1540339550292228
05/04/2023 16:18:47.652904,1845,True,True,True,True,Eyes,0.2734011,0.1511015,-1.84701,0.6633437,0.05041073,0.746615,0.0,0.0,0.0,0.0,0.0,0.0,0.0,-1.555436,-0.2373853,1.02043,0.3453399,0.1484581,-1.837311,0.01853604,0.3969616,-0.07067253,0.9149227,5.165139,46.61121,353.3923,0.1025622,0.07944167,-0.9915487,0.2881345,0.002046955,0.1449769,1.851483,0.1710649,-0.4395971,-0.005095005,0.2082883,2.044302,0.6748539,-0.1146036,-0.7289981,0.144036,0.9893236,-0.02219046,0.7237582,-0.09002665,0.6841559,moving,41.62008,3.862693,-0.1427977,5.817633,6.864043282067351,-0.15278970521180546
05/04/2023 16:18:47.672440,1846,True,True,True,True,Eyes,0.2767735,0.1509504,-1.845554,0.6666203,0.0495639,0.7437478,0.0,0.0,0.0,0.0,0.0,0.0,0.0,-1.56818,-0.2406781,0.9953867,0.3532639,0.1476505,-1.833388,0.0180376,0.4017591,-0.07075032,0.9128301,5.150933,47.21324,353.3885,0.1069112,0.0795707,-0.9910789,0.2708465,0.001924137,0.1362783,1.875817,0.1682019,-0.4542981,-0.001605868,0.2060757,2.044018,0.6671681,-0.1146725,-0.7360278,0.1436596,0.9893381,-0.02391863,0.7309231,-0.08977968,0.6765287,moving,41.86983,3.812595,-0.04501401,5.757045,6.873542115326527,-0.15078611836156336
05/04/2023 16:18:47.682709,1847,True,True,True,True,Eyes,0.3658613,0.1462254,-1.806293,0.7483966,0.02821432,0.6626512,0.0,0.0,0.0,0.0,0.0,0.0,0.0,-1.580534,-0.2440079,0.9698853,0.3611635,0.1465984,-1.82931,0.01766225,0.4066211,-0.0711471,0.9106513,5.165224,47.82315,353.3568,0.1110121,0.0796821,-0.9906189,0.2545957,0.001808689,0.1281016,1.8999,0.1644405,-0.4689088,0.001366019,0.2041914,2.043777,0.6591948,-0.1152167,-0.7430931,0.1439441,0.9892523,-0.02569152,0.7380667,-0.09002811,0.6686947,moving,48.47743,2.438064,0.03829533,5.705422,7.125477132394353,-0.09685465840282337
05/04/2023 16:18:47.702945,1848,True,True,True,True,Eyes,0.3662022,0.1461705,-1.806137,0.7487156,0.0277882,0.6623087,0.0,0.0,0.0,0.0,0.0,0.0,0.0,-1.592287,-0.2464824,0.9442296,0.3690265,0.1453903,-1.824933,0.01756677,0.4114378,-0.07162668,0.9084494,5.212904,48.42765,353.3293,0.1209688,0.07965428,-0.9894546,0.5065835,-0.01247482,0.2381974,1.923702,0.1591553,-0.4834252,0.004569173,0.2021603,2.043517,0.6511771,-0.1156831,-0.7500572,0.1445937,0.989122,-0.02702281,0.7450243,-0.09085687,0.6608207,moving,48.50425,2.402525,0.1281095,5.649753,7.126881580169649,-0.09607259556366582
05/04/2023 16:18:47.712591,1849,True,True,True,True,Eyes,0.3668588,0.1460612,-1.805808,0.7493179,0.0273435,0.6616457,0.0,0.0,0.0,0.0,0.0,0.0,0.0,-1.604195,-0.248376,0.9179449,0.3769892,0.1441616,-1.820674,0.01745687,0.4163652,-0.07179835,0.9061902,5.245714,49.04882,353.3344,0.1292124,0.07961846,-0.9884149,0.4761885,-0.01172633,0.2239055,1.947791,0.1542345,-0.4987947,0.00799489,0.1999883,2.043239,0.6429701,-0.115589,-0.7571187,0.1446627,0.9890805,-0.02815016,0.7521053,-0.09142713,0.6526706,moving,48.55559,2.366487,0.2241887,5.590195,7.129162276965643,-0.09517689844573415
05/04/2023 16:18:47.732924,1850,True,True,True,True,Eyes,0.3668588,0.1460612,-1.805808,0.7493179,0.0273435,0.6616457,0.0,0.0,0.0,0.0,0.0,0.0,0.0,-1.616231,-0.2486241,0.8904917,0.3849963,0.1427128,-1.81615,0.01769737,0.4215118,-0.07176781,0.9038054,5.306981,49.69909,353.3789,0.1361721,0.07957595,-0.9874836,0.4476171,-0.01102275,0.2104712,1.97203,0.1484428,-0.5144211,0.01095188,0.198113,2.042997,0.6343544,-0.114809,-0.7644694,0.1446476,0.9890724,-0.02851201,0.7593889,-0.0924919,0.6440293,moving,48.55559,2.366487,0.307142,5.538754,7.129162276965643,-0.09517689844573415
05/04/2023 16:18:47.763015,1851,True,True,True,True,Eyes,0.3668588,0.1460612,-1.805808,0.7493179,0.0273435,0.6616457,0.0,0.0,0.0,0.0,0.0,0.0,0.0,-1.62828,-0.2484106,0.8618841,0.3929862,0.1411268,-1.811489,0.01801933,0.426898,-0.0716702,0.9012752,5.374916,50.38165,353.4363,0.14243,0.07953433,-0.9866038,0.4207601,-0.01036138,0.1978429,1.996775,0.1421551,-0.5311297,0.01409084,0.1961228,2.042742,0.625243,-0.1138043,-0.7720879,0.144574,0.9890774,-0.02871097,0.7669222,-0.09367245,0.634867,moving,48.55559,2.366487,0.39522,5.484133,7.129162276965643,-0.09517689844573415
05/04/2023 16:18:47.763015,1852,True,True,True,True,Eyes,0.3668588,0.1460612,-1.805808,0.7493179,0.0273435,0.6616457,0.0,0.0,0.0,0.0,0.0,0.0,0.0,-1.64032,-0.2477993,0.8321539,0.4009653,0.1395129,-1.806736,0.01872048,0.4325501,-0.07186728,0.898546,5.498221,51.09808,353.4841,0.1480572,0.07949416,-0.9857783,0.3955145,-0.009739699,0.1859724,2.022024,0.1337895,-0.5490313,0.017322,0.1940738,2.042479,0.6154711,-0.112957,-0.7800231,0.1453472,0.9889693,-0.02852998,0.7746415,-0.09581482,0.6251,moving,48.55559,2.366487,0.4859065,5.427877,7.129162276965643,-0.09517689844573415
05/04/2023 16:18:47.782951,1853,True,True,True,True,Eyes,0.3668588,0.1460612,-1.805808,0.7493179,0.0273435,0.6616457,0.0,0.0,0.0,0.0,0.0,0.0,0.0,-1.652113,-0.2470787,0.8014566,0.4088221,0.1375165,-1.801892,0.01931188,0.4383942,-0.0720104,0.8956853,5.60862,51.84195,353.5345,0.1531177,0.0794558,-0.9850081,0.3717836,-0.009155317,0.174814,2.047391,0.1255443,-0.5678267,0.02050954,0.1920527,2.04222,0.6052501,-0.1120649,-0.7881077,0.1459297,0.9888831,-0.02854314,0.7825451,-0.09773262,0.6148752,moving,48.55559,2.366487,0.5753888,5.372361,7.129162276965643,-0.09517689844573415
05/04/2023 16:18:47.802616,1854,True,True,True,True,Eyes,0.3668588,0.1460612,-1.805808,0.7493179,0.0273435,0.6616457,0.0,0.0,0.0,0.0,0.0,0.0,0.0,-1.66354,-0.2456834,0.7697647,0.4165413,0.135872,-1.796745,0.02041901,0.4444614,-0.07231817,0.8926407,5.781723,52.61535,353.5968,0.1576686,0.0794195,-0.9842929,0.3494766,-0.008605998,0.1643252,2.072868,0.1153983,-0.5874401,0.02373111,0.19001,2.041958,0.5944483,-0.1109573,-0.796442,0.1472592,0.9887063,-0.02783159,0.7905353,-0.1007389,0.6040742,moving,48.55559,2.366487,0.665847,5.316227,7.129162276965643,-0.09517689844573415
05/04/2023 16:18:47.812531,1855,True,True,True,True,Eyes,0.3668588,0.1460612,-1.805808,0.7493179,0.0273435,0.6616457,0.0,0.0,0.0,0.0,0.0,0.0,0.0,-1.674452,-0.2452259,0.7379237,0.4245116,0.1345839,-1.791685,0.02087266,0.4504206,-0.07205147,0.8896596,5.857004,53.38142,353.6862,0.1617617,0.07938538,-0.9836313,0.328508,-0.008089638,0.1544657,2.0981,0.1090384,-0.6072191,0.0270924,0.1878788,2.041685,0.5838598,-0.1093996,-0.8044498,0.1470055,0.9887459,-0.02776779,0.7984342,-0.1020461,0.5933714,moving,48.55559,2.366487,0.7602491,5.257633,7.129162276965643,-0.09517689844573415
05/04/2023 16:18:47.832925,1856,True,True,True,True,Eyes,0.3668588,0.1460612,-1.805808,0.7493179,0.0273435,0.6616457,0.0,0.0,0.0,0.0,0.0,0.0,0.0,-1.684793,-0.2446084,0.7055079,0.4323772,0.1336857,-1.786415,0.02088608,0.4564198,-0.07103787,0.8866783,5.847707,54.1591,353.8306,0.1654431,0.07935351,-0.9830213,0.3087976,-0.00760426,0.1451977,2.12287,0.1064246,-0.626903,0.03007835,0.1859854,2.041441,0.5732692,-0.1069098,-0.8123623,0.1450411,0.9890348,-0.0278077,0.8064275,-0.1018846,0.5824896,moving,48.55559,2.366487,0.844128,5.205559,7.129162276965643,-0.09517689844573415
05/04/2023 16:18:47.852890,1857,True,True,True,True,Eyes,0.3668588,0.1460612,-1.805808,0.7493179,0.0273435,0.6616457,0.0,0.0,0.0,0.0,0.0,0.0,0.0,-1.694041,-0.2441714,0.6738698,0.440283,0.1327061,-1.781021,0.02047059,0.4620987,-0.06970426,0.883848,5.774082,54.89973,353.9827,0.1687543,0.07932388,-0.9824607,0.2902697,-0.007148005,0.1364859,2.14668,0.1059027,-0.6457407,0.03326625,0.1839637,2.041182,0.5632125,-0.1042971,-0.8197036,0.1421348,0.9894445,-0.02823471,0.813996,-0.1006063,0.5720916,moving,48.55559,2.366487,0.9336978,5.14993,7.129162276965643,-0.09517689844573415
05/04/2023 16:18:47.863041,1858,True,True,True,True,Eyes,0.3705446,0.1454412,-1.803853,0.7530869,0.02536684,0.6574318,0.0,0.0,0.0,0.0,0.0,0.0,0.0,-1.702185,-0.2444346,0.6431235,0.4482543,0.1317991,-1.775525,0.01988415,0.4674709,-0.06851563,0.8811251,5.687287,55.60243,354.1078,0.1717328,0.07929645,-0.9819466,0.2728535,-0.006719125,0.1282967,2.169559,0.1058719,-0.6636755,0.03651005,0.181907,2.040918,0.553553,-0.1021511,-0.8265254,0.1393322,0.9898205,-0.02901729,0.8210759,-0.09909897,0.5621511,moving,48.8796,2.209647,1.024857,5.093312,7.142656091114163,-0.09085113470628009
05/04/2023 16:18:47.882693,1859,True,True,True,True,Eyes,0.3744039,0.1448119,-1.801752,0.7569688,0.02341443,0.6530313,0.0,0.0,0.0,0.0,0.0,0.0,0.0,-1.709166,-0.2448975,0.6135471,0.4560507,0.130794,-1.769908,0.01955474,0.4725519,-0.0678198,0.878472,5.650113,56.26706,354.1937,0.1746258,0.07924326,-0.9814406,0.2564823,-0.006315977,0.1205989,2.191248,0.1039851,-0.6805986,0.03969204,0.179889,2.040659,0.5441905,-0.1006743,-0.8328993,0.1376368,0.9900362,-0.02974015,0.8275945,-0.09845331,0.5526248,moving,49.2159,2.05346,1.114297,5.037741,7.156577591260858,-0.08648539062989904
05/04/2023 16:18:47.902827,1860,True,True,True,True,Eyes,0.3744039,0.1448119,-1.801752,0.7569688,0.02341443,0.6530313,0.0,0.0,0.0,0.0,0.0,0.0,0.0,-1.715336,-0.2458007,0.5848153,0.4639336,0.1299585,-1.764278,0.01990861,0.4774353,-0.06801467,0.8758044,5.728651,56.90387,354.2247,0.1774528,0.07916679,-0.9809396,0.2410934,-0.005937018,0.113363,2.212257,0.09808232,-0.6970133,0.04287577,0.1778706,2.0404,0.5348591,-0.1001249,-0.838988,0.1381452,0.9899553,-0.03007311,0.8335717,-0.09981729,0.5433184,moving,49.2159,2.05346,1.203803,4.98213,7.156577591260858,-0.08648539062989904
05/04/2023 16:18:47.912644,1861,True,True,True,True,Eyes,0.3744039,0.1448119,-1.801752,0.7569688,0.02341443,0.6530313,0.0,0.0,0.0,0.0,0.0,0.0,0.0,-1.721232,-0.2458178,0.5562744,0.4717496,0.1295804,-1.75874,0.02095392,0.4823142,-0.06839652,0.8730727,5.88694,57.54084,354.2756,0.1799957,0.07909741,-0.9804817,0.2266278,-0.005580797,0.1065612,2.232975,0.08956159,-0.7139705,0.04641074,0.1756292,2.040113,0.5253899,-0.09921752,-0.8450571,0.139643,0.9897657,-0.02938864,0.8393244,-0.1025658,0.533868,moving,49.2159,2.05346,1.303203,4.920347,7.156577591260858,-0.08648539062989904
05/04/2023 16:18:47.932841,1862,True,True,True,True,Eyes,0.3791315,0.1442374,-1.799207,0.7611952,0.02116881,0.6481773,0.0,0.0,0.0,0.0,0.0,0.0,0.0,-1.726289,-0.2470966,0.5290644,0.4795423,0.130587,-1.753289,0.02236468,0.4869111,-0.06911544,0.8704256,6.098596,58.14157,354.3126,0.1822835,0.07903452,-0.9800641,0.2130301,-0.00524595,0.1001675,2.252445,0.08101928,-0.7295094,0.04923928,0.1738356,2.039883,0.5162813,-0.09854046,-0.8507312,0.1420989,0.9894457,-0.02837257,0.8445482,-0.1062397,0.5248349,moving,49.58475,1.870556,1.382753,4.870887,7.171994379952155,-0.08147904856996563
05/04/2023 16:18:47.952734,1863,True,True,True,True,Eyes,0.3839937,0.1436796,-1.796536,0.7654995,0.01892179,0.6431582,0.0,0.0,0.0,0.0,0.0,0.0,0.0,-1.730784,-0.248257,0.5019736,0.4871126,0.1312299,-1.747776,0.02289986,0.4914132,-0.06902262,0.8678852,6.176186,58.7355,354.3835,0.1846159,0.0789535,-0.9796339,0.2002483,-0.004931193,0.09415746,2.27149,0.07667331,-0.7451084,0.05245095,0.1717992,2.039622,0.5074979,-0.09730083,-0.8561417,0.142314,0.989423,-0.02808835,0.8498193,-0.1075862,0.5159773,moving,49.96366,1.685162,1.473095,4.814709,7.187799800676316,-0.07638312852839413
05/04/2023 16:18:47.962985,1864,True,True,True,True,Eyes,0.3889256,0.1431957,-1.793649,0.7697895,0.01667216,0.63808,0.0,0.0,0.0,0.0,0.0,0.0,0.0,-1.735311,-0.2497475,0.4732541,0.4952254,0.1311708,-1.742181,0.02356665,0.4961815,-0.06939742,0.86512,6.294759,59.36486,354.4178,0.1869977,0.07885736,-0.9791898,0.1882334,-0.004635321,0.08850802,2.291503,0.07000332,-0.7621401,0.05583334,0.1696544,2.039346,0.4979759,-0.09668752,-0.8617839,0.1434609,0.9892572,-0.02809147,0.8552421,-0.1096434,0.5064971,moving,50.3446,1.49672,1.568255,4.755517,7.203716087412416,-0.07122128382568327
05/04/2023 16:18:47.992939,1865,True,True,True,True,Eyes,0.3939862,0.1428123,-1.790663,0.7741604,0.01444861,0.6328245,0.0,0.0,0.0,0.0,0.0,0.0,0.0,-1.739153,-0.2528064,0.4448831,0.5031024,0.1319511,-1.736652,0.02434421,0.5009436,-0.07016144,0.8622878,6.446609,59.99419,354.4207,0.1894301,0.07875233,-0.9787306,0.1769394,-0.004357202,0.08319753,2.310895,0.06315458,-0.7792337,0.05893034,0.1676903,2.039094,0.4882657,-0.09660855,-0.8673312,0.1453889,0.9889694,-0.02831042,0.8604991,-0.1122773,0.4969257,moving,50.73629,1.307947,1.655402,4.701293,7.220017967579636,-0.0660075102651525
05/04/2023 16:18:48.003017,1866,True,True,True,True,Eyes,0.5232047,0.1364751,-1.712851,0.8704926,-0.03816382,0.4906998,0.0,0.0,0.0,0.0,0.0,0.0,0.0,-1.742974,-0.2564057,0.4153785,0.5111182,0.1342139,-1.73118,0.02490127,0.5059437,-0.070297,0.8593366,6.541901,60.65993,354.4769,0.1919162,0.07864492,-0.9782548,0.166323,-0.00409577,0.07820568,2.330742,0.05982316,-0.79759,0.06210881,0.165675,2.038836,0.4781587,-0.09562025,-0.8730527,0.1460148,0.9888766,-0.0283355,0.8660507,-0.1139298,0.4868019,moving,60.58989,-4.447186,1.744855,4.645627,7.642943358806337,0.08406783464027134
05/04/2023 16:18:48.012902,1867,True,True,True,True,Eyes,0.5235405,0.136564,-1.712648,0.870726,-0.03809601,0.4902906,0.0,0.0,0.0,0.0,0.0,0.0,0.0,-1.746482,-0.2608706,0.386127,0.5192249,0.1368573,-1.725984,0.02489393,0.5108438,-0.07008408,0.8564504,6.560072,61.31587,354.5351,0.2050056,0.07837327,-0.9756176,0.5439993,-0.02286143,0.3069489,2.350471,0.05922763,-0.8165203,0.06585574,0.1632994,2.038531,0.4682537,-0.09461326,-0.878514,0.1454809,0.988937,-0.02896321,0.8715353,-0.1142449,0.4768379,moving,60.6169,-4.443006,1.850325,4.579979,7.643848308650156,0.08410410444492228
05/04/2023 16:18:48.032748,1868,True,True,True,True,Eyes,0.5242181,0.1366903,-1.712254,0.8710581,-0.03797814,0.4897096,0.0,0.0,0.0,0.0,0.0,0.0,0.0,-1.749468,-0.2678328,0.355511,0.5274696,0.1392091,-1.720802,0.02344327,0.5159451,-0.06958983,0.8534684,6.420545,62.00163,354.5377,0.2156801,0.07813862,-0.9733323,0.5113593,-0.02148975,0.2885319,2.370398,0.06470424,-0.8355738,0.06845766,0.1616497,2.038319,0.4579158,-0.09459457,-0.8839485,0.1429763,0.9892153,-0.03179289,0.8774228,-0.1118252,0.4665021,moving,60.65527,-4.434548,1.923576,4.534375,7.645101748711726,0.08410826101328295
05/04/2023 16:18:48.052674,1869,True,True,True,True,Eyes,0.5252024,0.1368592,-1.711668,0.8716156,-0.03787735,0.4887244,0.0,0.0,0.0,0.0,0.0,0.0,0.0,-1.751652,-0.2755277,0.3232493,0.5358679,0.1402761,-1.715184,0.02196286,0.5213348,-0.06984051,0.8502058,6.324913,62.72611,354.4655,0.2244289,0.07794117,-0.9713683,0.4806778,-0.02020036,0.27122,2.390934,0.06680495,-0.8563274,0.07163793,0.1596331,2.038061,0.4466647,-0.09585763,-0.8895516,0.1416576,0.9892799,-0.03547468,0.8834159,-0.1101665,0.4554553,moving,60.72018,-4.431706,2.013121,4.478605,7.647368319477907,0.08433082514415546
05/04/2023 16:18:48.072627,1870,True,True,True,True,Eyes,0.5252024,0.1368592,-1.711668,0.8716156,-0.03787735,0.4887244,0.0,0.0,0.0,0.0,0.0,0.0,0.0,-1.753838,-0.2801204,0.2921983,0.5440573,0.1414688,-1.709908,0.02169026,0.5265368,-0.07000424,0.8469877,6.341971,63.42848,354.4719,0.2316456,0.0777803,-0.9696856,0.4518371,-0.01898834,0.2549468,2.410385,0.06505631,-0.8768277,0.07491887,0.1575526,2.037794,0.4357168,-0.09574401,-0.8949771,0.1414269,0.9892579,-0.03697684,0.8889034,-0.1104624,0.4445771,moving,60.72018,-4.431706,2.105514,4.421044,7.647368319477907,0.08433082514415546
05/04/2023 16:18:48.082791,1871,True,True,True,True,Eyes,0.5252024,0.1368592,-1.711668,0.8716156,-0.03787735,0.4887244,0.0,0.0,0.0,0.0,0.0,0.0,0.0,-1.753874,-0.2833427,0.2624327,0.5518278,0.1427407,-1.703038,0.02208531,0.5313698,-0.07028932,0.8439299,6.429245,64.08321,354.5044,0.237775,0.07763777,-0.9682121,0.4247269,-0.01784904,0.23965,2.428456,0.06043694,-0.8949306,0.07888889,0.1550351,2.037471,0.4254111,-0.09516759,-0.8999825,0.1421094,0.9891433,-0.03742234,0.8937731,-0.1119761,0.4343168,moving,60.72018,-4.431706,2.21733,4.351362,7.647368319477907,0.08433082514415546
05/04/2023 16:18:48.092887,1872,True,True,True,True,Eyes,0.5252024,0.1368592,-1.711668,0.8716156,-0.03787735,0.4887244,0.0,0.0,0.0,0.0,0.0,0.0,0.0,-1.755769,-0.2850916,0.2331165,0.5601687,0.1435178,-1.698223,0.02306905,0.5361887,-0.07063764,0.840821,6.577329,64.73865,354.5676,0.2432834,0.07750686,-0.9668533,0.3992433,-0.0167781,0.225271,2.446378,0.05400829,-0.9141942,0.08174497,0.1532242,2.037238,0.4150242,-0.09404848,-0.9049363,0.1435259,0.9889563,-0.03695631,0.8984181,-0.1145441,0.4239392,moving,60.72018,-4.431706,2.297783,4.301217,7.647368319477907,0.08433082514415546
05/04/2023 16:18:48.112650,1873,True,True,True,True,Eyes,0.5252024,0.1368592,-1.711668,0.8716156,-0.03787735,0.4887244,0.0,0.0,0.0,0.0,0.0,0.0,0.0,-1.757611,-0.2861356,0.2022479,0.5687367,0.1437275,-1.693475,0.02457678,0.5413388,-0.07129012,0.8374163,6.796667,65.4418,354.6381,0.2482342,0.0773869,-0.9656036,0.3752887,-0.01577141,0.2117547,2.464707,0.04452953,-0.9352208,0.08455467,0.1514425,2.037009,0.4037402,-0.09279028,-0.910156,0.1460077,0.9886274,-0.03602223,0.9031475,-0.1183462,0.4126967,moving,60.72018,-4.431706,2.376939,4.251861,7.647368319477907,0.08433082514415546
05/04/2023 16:18:48.133037,1874,True,True,True,True,Eyes,0.527845,0.1370321,-1.710077,0.8738365,-0.03853883,0.4846901,0.0,0.0,0.0,0.0,0.0,0.0,0.0,-1.759228,-0.2873623,0.1696835,0.5773034,0.1431621,-1.688928,0.02598877,0.5468713,-0.07212515,0.8336993,7.020241,66.20045,354.6908,0.2526843,0.07727721,-0.9644574,0.3527714,-0.01482513,0.1990495,2.483386,0.03403387,-0.958576,0.08746499,0.1495971,2.036773,0.3914596,-0.09183634,-0.9156012,0.1486864,0.9882451,-0.03555268,0.9081035,-0.12222,0.4005129,moving,60.98422,-4.546155,2.458938,4.200723,7.658194300632172,0.08760478079472245
05/04/2023 16:18:48.152578,1875,True,True,True,True,Eyes,0.5307345,0.1371306,-1.708383,0.8762149,-0.03933421,0.4803126,0.0,0.0,0.0,0.0,0.0,0.0,0.0,-1.760389,-0.2884345,0.1356852,0.5859594,0.1419165,-1.684366,0.02735904,0.552677,-0.07303534,0.8297382,7.246109,67.00072,354.7391,0.2568458,0.07719032,-0.9633645,0.3316051,-0.01393562,0.1871065,2.502287,0.02253667,-0.9837931,0.09071767,0.1475347,2.036509,0.3784279,-0.09095901,-0.9211509,0.1514419,0.9878346,-0.03532823,0.9131582,-0.1261316,0.3875992,moving,61.26987,-4.681672,2.550593,4.143548,7.6700554557563425,0.09136663490009106
05/04/2023 16:18:48.162726,1876,True,True,True,True,Eyes,0.533857,0.1371656,-1.706563,0.8790469,-0.04030528,0.4750285,0.0,0.0,0.0,0.0,0.0,0.0,0.0,-1.761261,-0.2893933,0.1014118,0.5945995,0.1402766,-1.680133,0.02872014,0.5585413,-0.07398047,0.8256717,7.473587,67.81357,354.7871,0.2607623,0.07712009,-0.9623175,0.3117088,-0.01309948,0.1758801,2.520811,0.01060252,-1.009926,0.09396476,0.1454757,2.036245,0.365117,-0.0900844,-0.9265929,0.1542499,0.9874041,-0.0352155,0.918094,-0.1300691,0.3744135,moving,61.61364,-4.849823,2.642102,4.086446,7.684394454113026,0.09598902820803301
05/04/2023 16:18:48.182615,1877,True,True,True,True,Eyes,0.5372172,0.137178,-1.704665,0.881997,-0.04133766,0.4694385,0.0,0.0,0.0,0.0,0.0,0.0,0.0,-1.761509,-0.2909188,0.06712496,0.6033964,0.1387966,-1.675918,0.03005665,0.564356,-0.07500035,0.821568,7.703168,68.62399,354.8293,0.2644727,0.07706168,-0.9613091,0.2930062,-0.01231351,0.1653273,2.538933,-0.001200505,-1.036108,0.09714764,0.1434578,2.035986,0.3517545,-0.08931048,-0.9318222,0.1571611,0.9869431,-0.03526664,0.9228052,-0.134041,0.3611978,moving,61.97609,-5.032353,2.731812,4.030461,7.699579425020661,0.10096112853777195
05/04/2023 16:18:48.202696,1878,True,True,True,True,Eyes,0.5408069,0.1371735,-1.702701,0.8852323,-0.04230622,0.4632212,0.0,0.0,0.0,0.0,0.0,0.0,0.0,-1.761188,-0.2947983,0.03261197,0.6122769,0.138291,-1.672049,0.03056298,0.570201,-0.07585215,0.8174248,7.843505,69.4418,354.8367,0.2680113,0.07701275,-0.9603325,0.2754259,-0.0115747,0.1554077,2.556934,-0.008921815,-1.06304,0.1003367,0.1414354,2.035727,0.3382345,-0.08915277,-0.9368294,0.1588609,0.9866247,-0.03653608,0.9275563,-0.1364678,0.3478734,moving,62.378,-5.218374,2.821707,3.97433,7.716208801584898,0.10616662612220656
05/04/2023 16:18:48.212454,1879,True,True,True,True,Eyes,0.544619,0.1371705,-1.700693,0.8885442,-0.04316493,0.456756,0.0,0.0,0.0,0.0,0.0,0.0,0.0,-1.760796,-0.2982694,-0.001491666,0.621269,0.1378758,-1.668647,0.03024101,0.5758689,-0.07593746,0.8134459,7.854556,70.23927,354.8622,0.2714084,0.07697149,-0.9593813,0.2589003,-0.01088022,0.1460832,2.574706,-0.01219639,-1.090095,0.1039151,0.1391663,2.035435,0.3252171,-0.08871232,-0.9414691,0.1583718,0.9866379,-0.0382612,0.9322834,-0.1366589,0.3349211,moving,62.79458,-5.398605,2.922585,3.911328,7.733284825093024,0.11132566281092271
05/04/2023 16:18:48.233042,1880,True,True,True,True,Eyes,0.548647,0.1371594,-1.698662,0.8919752,-0.04392936,0.449945,0.0,0.0,0.0,0.0,0.0,0.0,0.0,-1.760144,-0.3014327,-0.03505278,0.630242,0.1378993,-1.665525,0.02920719,0.5813575,-0.07531121,0.8096287,7.750491,71.01548,354.9054,0.2746903,0.07693712,-0.9584495,0.2433663,-0.01022741,0.1373182,2.591956,-0.01035241,-1.115946,0.1067054,0.1373972,2.035208,0.3127034,-0.08798862,-0.9457667,0.1559079,0.9869503,-0.04027152,0.9369682,-0.1348594,0.3223409,moving,63.23195,-5.576271,3.001254,3.862185,7.751065717268874,0.11652488027611163
05/04/2023 16:18:48.252959,1881,True,True,True,True,Eyes,0.5528815,0.1371505,-1.696621,0.8954365,-0.04473579,0.4429359,0.0,0.0,0.0,0.0,0.0,0.0,0.0,-1.759696,-0.3029802,-0.06648028,0.6393498,0.1376183,-1.662841,0.02891704,0.5863577,-0.07480296,0.8060727,7.720517,71.72736,354.9817,0.2778805,0.07690834,-0.9575318,0.2287643,-0.009613762,0.1290791,2.608198,-0.01172564,-1.140612,0.1100008,0.1353076,2.034941,0.3011783,-0.08668177,-0.9496199,0.1545047,0.9871366,-0.04110412,0.9409677,-0.134341,0.3106969,moving,63.68028,-5.767222,3.094171,3.804121,7.769404758190262,0.1220204167437261
05/04/2023 16:18:48.263041,1882,True,True,True,True,Eyes,0.5573049,0.1371424,-1.69457,0.89895,-0.04571369,0.4356593,0.0,0.0,0.0,0.0,0.0,0.0,0.0,-1.758809,-0.3061688,-0.09695637,0.6483284,0.1377614,-1.660494,0.02940402,0.5912687,-0.07523774,0.802419,7.825708,72.42914,355.0215,0.2809987,0.07688449,-0.9566233,0.2150384,-0.009036936,0.1213344,2.623515,-0.0175054,-1.165502,0.1132457,0.13325,2.034676,0.2894815,-0.08597304,-0.9533148,0.1555157,0.9869494,-0.04178275,0.9444657,-0.1361601,0.2990737,moving,64.14372,-5.990119,3.185673,3.746925,7.788687019990428,0.1281806894018912
05/04/2023 16:18:48.287217,1883,True,True,True,True,Eyes,0.5619072,0.1371485,-1.692527,0.9024438,-0.04698091,0.4282383,0.0,0.0,0.0,0.0,0.0,0.0,0.0,-1.757436,-0.3117743,-0.1264957,0.657289,0.1378485,-1.65854,0.03061623,0.5960805,-0.07694872,0.7986424,8.084772,73.11884,354.993,0.2840618,0.07686489,-0.9557197,0.2021361,-0.00849472,0.1140543,2.637922,-0.02887278,-1.190632,0.1163942,0.1312537,2.034421,0.2775338,-0.08640953,-0.9568222,0.1594085,0.9862831,-0.04283242,0.9473986,-0.1406381,0.2875013,moving,64.61417,-6.260733,3.274462,3.691408,7.808826150567144,0.13526770715043124
05/04/2023 16:18:48.303030,1884,True,True,True,True,Eyes,0.5666831,0.137169,-1.690501,0.9059089,-0.04846479,0.42069,0.0,0.0,0.0,0.0,0.0,0.0,0.0,-1.755118,-0.3209277,-0.152966,0.665989,0.1381922,-1.656561,0.03328282,0.6004226,-0.0806663,0.7949076,8.61425,73.74409,354.8776,0.2870843,0.07684965,-0.9548174,0.190008,-0.007985037,0.107211,2.650345,-0.04982124,-1.214094,0.119642,0.1291942,2.034156,0.2659715,-0.08827697,-0.9599305,0.168212,0.9847704,-0.04395419,0.9491912,-0.1497813,0.2767701,moving,65.09058,-6.571681,3.36606,3.634112,7.829690799346068,0.1431382268037636
05/04/2023 16:18:48.312483,1885,True,True,True,True,Eyes,0.5716249,0.1371828,-1.688501,0.9093294,-0.05023775,0.413033,0.0,0.0,0.0,0.0,0.0,0.0,0.0,-1.753185,-0.3291642,-0.1796554,0.6748727,0.1385999,-1.65518,0.03539619,0.6047378,-0.08360945,0.7912325,9.040746,74.3699,354.8005,0.2900787,0.07683875,-0.9539129,0.1786075,-0.007505935,0.1007784,2.662784,-0.06708227,-1.238238,0.1230659,0.1270231,2.033877,0.2546033,-0.08949818,-0.9628952,0.1751198,0.9835131,-0.04511036,0.9510574,-0.1571368,0.2660787,moving,65.57163,-6.934896,3.462633,3.573691,7.851386229114572,0.15201094141735916
05/04/2023 16:18:48.332525,1886,True,True,True,True,Eyes,0.5767235,0.1371913,-1.686508,0.9126869,-0.05218834,0.4053134,0.0,0.0,0.0,0.0,0.0,0.0,0.0,-1.750603,-0.338865,-0.2050358,0.6836613,0.1385114,-1.653754,0.03769108,0.6088033,-0.08725575,0.7876068,9.532945,74.96204,354.6732,0.2930557,0.07683104,-0.9530031,0.167891,-0.007055579,0.09473167,2.674158,-0.08687396,-1.260856,0.1259294,0.1252074,2.033644,0.24349,-0.09155352,-0.9655727,0.1833393,0.9819317,-0.04687167,0.9524177,-0.1656147,0.2558759,moving,66.05457,-7.337061,3.543402,3.52314,7.873645147089386,0.16162383789582369
05/04/2023 16:18:48.352755,1887,True,True,True,True,Eyes,0.5819858,0.1371897,-1.684555,0.9159948,-0.05433185,0.3974943,0.0,0.0,0.0,0.0,0.0,0.0,0.0,-1.747819,-0.3501592,-0.2297202,0.6925704,0.1383103,-1.652716,0.03942402,0.6126946,-0.09105268,0.7840669,9.985392,75.52914,354.4954,0.2960244,0.07682562,-0.9520856,0.1578176,-0.006632244,0.08904777,2.6852,-0.1057463,-1.283454,0.1291685,0.1231536,2.033381,0.2326297,-0.09447298,-0.9679661,0.1910925,0.9803103,-0.0497528,0.9536075,-0.1733971,0.2461024,moving,66.54165,-7.78329,3.634771,3.465938,7.896612556362043,0.1720826110494713
05/04/2023 16:18:48.372724,1888,True,True,True,True,Eyes,0.5874139,0.1371828,-1.68268,0.9194773,-0.05664385,0.3890411,0.0,0.0,0.0,0.0,0.0,0.0,0.0,-1.744367,-0.362651,-0.2547123,0.7016426,0.1381302,-1.651613,0.04045472,0.6165873,-0.09474759,0.7805169,10.36927,76.09625,354.2813,0.2989934,0.07682124,-0.9511577,0.1483485,-0.00623431,0.08370491,2.696265,-0.1222543,-1.306001,0.1323956,0.1211071,2.033118,0.2216861,-0.09801644,-0.9701794,0.1977919,0.9787726,-0.05368914,0.9548475,-0.1799915,0.2363672,moving,67.06624,-8.283977,3.72581,3.408921,7.921604791588817,0.18372452075461898
05/04/2023 16:18:48.382855,1889,True,True,True,True,Eyes,0.5930016,0.137172,-1.680854,0.9228923,-0.05896673,0.3805164,0.0,0.0,0.0,0.0,0.0,0.0,0.0,-1.740984,-0.375483,-0.2793315,0.7108032,0.1380297,-1.650983,0.0403436,0.6203249,-0.09783868,0.7771726,10.60816,76.63883,354.0421,0.3019691,0.07681688,-0.9502174,0.1394476,-0.005860251,0.07868262,2.707547,-0.1335884,-1.327991,0.1355439,0.1191109,2.032862,0.2112495,-0.1020228,-0.9720931,0.2021273,0.9776,-0.05867563,0.9563044,-0.1840914,0.227139,moving,67.59322,-8.808777,3.81463,3.353281,7.94698914839796,0.1958298460842527
05/04/2023 16:18:48.402868,1890,True,True,True,True,Eyes,0.5987586,0.1371451,-1.679123,0.9263881,-0.06125982,0.371554,0.0,0.0,0.0,0.0,0.0,0.0,0.0,-1.737208,-0.3870718,-0.3053071,0.7200786,0.1379084,-1.650272,0.03963714,0.6242509,-0.1001527,0.773763,10.74162,77.21118,353.8355,0.3049577,0.07681185,-0.9492629,0.1310807,-0.005508636,0.07396166,2.719289,-0.1414501,-1.351149,0.1390948,0.1168596,2.032573,0.2005605,-0.1055019,-0.9739839,0.204476,0.9767966,-0.06370136,0.9581048,-0.1863804,0.2174795,moving,68.14536,-9.362391,3.91481,3.290508,7.9736333481516635,0.20858376593240013
05/04/2023 16:18:48.422938,1891,True,True,True,True,Eyes,0.6046732,0.1371016,-1.67746,0.929794,-0.06351007,0.3625599,0.0,0.0,0.0,0.0,0.0,0.0,0.0,-1.73375,-0.3975821,-0.3315539,0.729574,0.1375866,-1.650055,0.03880669,0.6281604,-0.1020825,0.7703816,10.83844,77.78436,353.6557,0.3079646,0.07680462,-0.9482922,0.1232159,-0.005178118,0.06952396,2.731132,-0.1479362,-1.374432,0.1423141,0.114818,2.032311,0.1899873,-0.1085313,-0.9757693,0.2060386,0.9761464,-0.06845648,0.9599235,-0.1880403,0.207817,moving,68.69741,-9.935764,4.005642,3.23356,8.000526193331943,0.22170871445120588
05/04/2023 16:18:48.432746,1892,True,True,True,True,Eyes,0.6107448,0.1370326,-1.675855,0.9331869,-0.06562785,0.3533486,0.0,0.0,0.0,0.0,0.0,0.0,0.0,-1.730554,-0.4064964,-0.3570428,0.7392093,0.1370289,-1.649948,0.0375438,0.6317886,-0.1033714,0.7672992,10.84964,78.31758,353.4991,0.3109938,0.07679391,-0.947304,0.1158229,-0.004867431,0.06535252,2.743085,-0.1513608,-1.395983,0.1451955,0.112991,2.032077,0.180315,-0.111194,-0.9773036,0.206073,0.9758096,-0.07300304,0.9617798,-0.1882323,0.1988672,moving,69.26096,-10.52172,4.086938,3.182581,8.02798739734221,0.2351190824092021
05/04/2023 16:18:48.452442,1893,True,True,True,True,Eyes,0.6169689,0.1369366,-1.67433,0.9364664,-0.06776224,0.3441497,0.0,0.0,0.0,0.0,0.0,0.0,0.0,-1.727315,-0.4148965,-0.3808755,0.748948,0.1362738,-1.649645,0.03651217,0.6350117,-0.1047273,0.7644994,10.8847,78.79321,353.3479,0.3140494,0.07677811,-0.9462966,0.1088736,-0.004575385,0.06143137,2.75454,-0.1560636,-1.415664,0.1484152,0.1109496,2.031815,0.1715847,-0.1137566,-0.9785798,0.2064993,0.9753981,-0.0771791,0.9632844,-0.1888332,0.190854,moving,69.82171,-11.13891,4.177785,3.125597,8.055747359495674,0.2491046530097083
05/04/2023 16:18:48.462883,1894,True,True,True,True,Eyes,0.6233487,0.1367876,-1.672932,0.9396772,-0.06983345,0.3348581,0.0,0.0,0.0,0.0,0.0,0.0,0.0,-1.724052,-0.4247259,-0.4043972,0.7587169,0.135599,-1.649923,0.03600653,0.6382496,-0.1067475,0.7615421,11.01722,79.27401,353.1764,0.3171344,0.07675559,-0.9452691,0.1023411,-0.004300862,0.05774549,2.765333,-0.1642719,-1.436354,0.1517636,0.1088266,2.031544,0.1624849,-0.1166231,-0.9797949,0.2085477,0.974617,-0.08142208,0.9644204,-0.191104,0.1826821,moving,70.38625,-11.77999,4.272264,3.066314,8.083946268384022,0.263555400030849
05/04/2023 16:18:48.482979,1895,True,True,True,True,Eyes,0.6298706,0.1365808,-1.671601,0.9427469,-0.07199126,0.3256462,0.0,0.0,0.0,0.0,0.0,0.0,0.0,-1.720668,-0.4342533,-0.4266376,0.7685163,0.1343095,-1.650041,0.03563517,0.6411778,-0.1089467,0.7587832,11.17388,79.71011,352.9954,0.3202504,0.07672329,-0.9442206,0.09620067,-0.00404281,0.05428076,2.775668,-0.1736644,-1.454932,0.1546707,0.1069829,2.031307,0.1540432,-0.1196369,-0.9807945,0.2110308,0.9737214,-0.08562974,0.9652651,-0.1937872,0.1752423,moving,70.94392,-12.46599,4.354297,3.014815,8.112473980101845,0.2788213015208405
05/04/2023 16:18:48.505135,1896,True,True,True,True,Eyes,0.6365441,0.1363092,-1.670431,0.9457355,-0.07411471,0.3163724,0.0,0.0,0.0,0.0,0.0,0.0,0.0,-1.717578,-0.4440518,-0.4468454,0.7783765,0.1327241,-1.650286,0.03575701,0.6436874,-0.1115718,0.756267,11.40357,80.0857,352.808,0.3233997,0.07667838,-0.9431502,0.09042864,-0.003800241,0.05102391,2.785256,-0.1861551,-1.471857,0.1578734,0.1049521,2.031046,0.1464366,-0.1227235,-0.981578,0.2147888,0.9725463,-0.08955108,0.96562,-0.1977185,0.168776,moving,71.50361,-13.18459,4.44467,2.958066,8.141488858074931,0.29470857620834134
05/04/2023 16:18:48.512850,1897,True,True,True,True,Eyes,0.6433535,0.1359805,-1.669336,0.9485775,-0.07629482,0.307213,0.0,0.0,0.0,0.0,0.0,0.0,0.0,-1.714909,-0.4527319,-0.4675903,0.7883585,0.1311057,-1.651007,0.03589905,0.6462702,-0.113811,0.7537196,11.60837,80.47506,352.6589,0.3265825,0.07661761,-0.9420578,0.0,0.0,0.0,2.794925,-0.1980678,-1.490114,0.161581,0.1026008,2.030743,0.1387639,-0.1251622,-0.9823843,0.2179642,0.9715166,-0.09298972,0.9660414,-0.201221,0.1620924,moving,72.05457,-13.94696,4.549294,2.892341,8.170751894865502,0.3113814803539061
05/04/2023 16:18:48.532631,1898,True,True,True,True,Eyes,0.6503105,0.1355836,-1.668381,0.9513345,-0.07838788,0.2980236,0.0,0.0,0.0,0.0,0.0,0.0,0.0,-1.712906,-0.4596276,-0.4865896,0.798384,0.12943,-1.651637,0.03631483,0.6484299,-0.1156663,0.7515593,11.80541,80.80353,352.5591,0.3297996,0.07653881,-0.9409429,0.0,0.0,0.0,2.804437,-0.2089144,-1.505135,0.1643101,0.1008707,2.030522,0.13232,-0.1267649,-0.9830677,0.2209554,0.9706051,-0.09541747,0.9662661,-0.2045884,0.1564399,moving,72.60584,-14.73648,4.626301,2.843959,8.200371969757185,0.3285660430515699
05/04/2023 16:18:48.552536,1899,True,True,True,True,Eyes,0.6573984,0.1351033,-1.667514,0.953958,-0.08044493,0.2889508,0.0,0.0,0.0,0.0,0.0,0.0,0.0,-1.71228,-0.4636386,-0.5048967,0.8086835,0.1275318,-1.65274,0.0363231,0.6502795,-0.1165093,0.7498287,11.88801,81.08563,352.5143,0.3330512,0.07643917,-0.939805,0.0,0.0,0.0,2.814639,-0.2161502,-1.519238,0.167499,0.09884886,2.030263,0.1271244,-0.1274837,-0.9836603,0.2219643,0.9702125,-0.09705503,0.9667324,-0.2059994,0.1516345,moving,73.14861,-15.55739,4.716286,2.787399,8.23009057382279,0.34630450538093804
05/04/2023 16:18:48.563090,1900,True,True,True,True,Eyes,0.6646285,0.1345408,-1.666766,0.9565194,-0.08239146,0.2797896,0.0,0.0,0.0,0.0,0.0,0.0,0.0,-1.711375,-0.4663486,-0.5247078,0.818877,0.1250608,-1.653906,0.03635427,0.652429,-0.1170984,0.7478655,11.95673,81.41549,352.4991,0.3363377,0.07631555,-0.9386439,0.0,0.0,0.0,2.824824,-0.2234806,-1.535139,0.1708204,0.09674273,2.029993,0.1212486,-0.1277106,-0.9843724,0.2225849,0.9699326,-0.09842062,0.9673442,-0.207173,0.1460294,moving,73.69538,-16.40846,4.810011,2.728463,8.26033548901695,0.3646268946501904
05/04/2023 16:18:48.582584,1901,True,True,True,True,Eyes,0.6719834,0.1339183,-1.666115,0.9589338,-0.08425961,0.2708251,0.0,0.0,0.0,0.0,0.0,0.0,0.0,-1.711399,-0.4672579,-0.5439355,0.8294105,0.122608,-1.655333,0.036778,0.6543642,-0.1172955,0.746121,12.028,81.71641,352.5449,0.3396589,0.0761651,-0.9374594,0.0,0.0,0.0,2.835221,-0.2305297,-1.550003,0.1739243,0.0947745,2.02974,0.1160985,-0.1269009,-0.9850976,0.2231657,0.9697783,-0.09862628,0.9678421,-0.2083897,0.1409098,moving,74.22909,-17.28206,4.897596,2.673366,8.290404234442896,0.383317253215229
05/04/2023 16:18:48.602734,1902,True,True,True,True,Eyes,0.6794762,0.1332341,-1.665624,0.9613162,-0.08612438,0.2616366,0.0,0.0,0.0,0.0,0.0,0.0,0.0,-1.712898,-0.465716,-0.5606016,0.8397361,0.1205552,-1.656953,0.03725713,0.655741,-0.1167356,0.7449756,12.04078,81.93372,352.6528,0.3430142,0.07598659,-0.9362514,0.0,0.0,0.0,2.845562,-0.235014,-1.562105,0.1771398,0.09273574,2.029479,0.1127531,-0.1250683,-0.9857205,0.2227924,0.9699695,-0.09758536,0.9683236,-0.2086079,0.1372313,moving,74.77488,-18.22029,4.988328,2.616274,8.32172528022143,0.40327382844909276
05/04/2023 16:18:48.612820,1903,True,True,True,True,Eyes,0.6871088,0.1325173,-1.665244,0.9635509,-0.08788066,0.2526789,0.0,0.0,0.0,0.0,0.0,0.0,0.0,-1.71443,-0.4656883,-0.5769705,0.8503738,0.1185659,-1.658866,0.03767179,0.6570241,-0.1165641,0.7438502,12.07636,82.13563,352.7202,0.3464026,0.0757786,-0.93502,0.0,0.0,0.0,2.855959,-0.240493,-1.574223,0.180553,0.09057131,2.029201,0.1094646,-0.1239099,-0.9862372,0.222915,0.9699873,-0.09712649,0.9686725,-0.2092151,0.1338007,moving,75.30579,-19.17746,5.084639,2.555642,8.352759832268763,0.42352315318635625
05/04/2023 16:18:48.632753,1904,True,True,True,True,Eyes,0.6948916,0.1317651,-1.665049,0.9657516,-0.08972958,0.2434591,0.0,0.0,0.0,0.0,0.0,0.0,0.0,-1.716656,-0.4655282,-0.5927294,0.8613458,0.1170631,-1.661124,0.03760178,0.6580803,-0.1160143,0.7430056,12.03857,82.30038,352.7804,0.3498232,0.07554163,-0.9337648,0.0,0.0,0.0,2.8671,-0.2426083,-1.584901,0.1835018,0.08870151,2.028961,0.1069423,-0.1229086,-0.9866393,0.2218885,0.9702536,-0.09681674,0.9691899,-0.2085701,0.1310331,moving,75.85096,-20.23193,5.167843,2.503246,8.385540419383101,0.4456620638755907
05/04/2023 16:18:48.652615,1905,True,True,True,True,Eyes,0.7028037,0.1309747,-1.664973,0.9678411,-0.09140904,0.2343672,0.0,0.0,0.0,0.0,0.0,0.0,0.0,-1.718377,-0.4648977,-0.6115847,0.8724906,0.11556,-1.663848,0.03703309,0.6597206,-0.1150511,0.7417281,11.93139,82.55385,352.8481,0.3532753,0.07527575,-0.9324858,0.0,0.0,0.0,2.878896,-0.2424469,-1.599313,0.1866895,0.08668041,2.028702,0.1030641,-0.1218103,-0.987188,0.2195363,0.9707836,-0.09686621,0.9701452,-0.2067401,0.1267947,moving,76.3876,-21.30702,5.257785,2.446591,8.418281202336978,0.46815230218286674
05/04/2023 16:18:48.672677,1906,True,True,True,True,Eyes,0.7108425,0.1301528,-1.665064,0.9699027,-0.09313209,0.2249782,0.0,0.0,0.0,0.0,0.0,0.0,0.0,-1.719813,-0.46098,-0.6333286,0.8835644,0.113883,-1.666646,0.03668761,0.6619181,-0.1132316,0.7400657,11.78282,82.89764,353.0161,0.3567572,0.07498114,-0.9311828,0.0,0.0,0.0,2.890943,-0.2407318,-1.616908,0.1899622,0.08460498,2.028435,0.09808611,-0.1190292,-0.9880341,0.2161659,0.9716653,-0.09559756,0.9714172,-0.2042025,0.121037,moving,76.94065,-22.48763,5.350124,2.388393,8.452949063300453,0.4926957797746029
05/04/2023 16:18:48.692845,1907,True,True,True,True,Eyes,0.7190032,0.12934,-1.665283,0.9718458,-0.09472699,0.2157373,0.0,0.0,0.0,0.0,0.0,0.0,0.0,-1.722602,-0.4513559,-0.6556901,0.894541,0.1124019,-1.669781,0.03771167,0.6642268,-0.1102443,0.738395,11.66251,83.27058,353.3914,0.3602671,0.07465821,-0.9298565,0.0,0.0,0.0,2.902773,-0.2389673,-1.635529,0.1930826,0.08262651,2.028182,0.09329797,-0.1127094,-0.9892383,0.2129058,0.9728481,-0.09076221,0.9726083,-0.2021466,0.1147612,moving,77.48403,-23.70555,5.438159,2.332894,8.487749399041887,0.5178994610355522
05/04/2023 16:18:48.702994,1908,True,True,True,True,Eyes,0.7272866,0.1285662,-1.665661,0.9737312,-0.09638802,0.2062934,0.0,0.0,0.0,0.0,0.0,0.0,0.0,-1.725243,-0.4450933,-0.6761411,0.9056152,0.1118069,-1.673051,0.03891719,0.6662096,-0.1080951,0.7368621,11.61774,83.59322,353.7022,0.3638034,0.0743097,-0.9285066,0.0,0.0,0.0,2.914048,-0.2392995,-1.652882,0.1964247,0.08050741,2.027911,0.08896035,-0.1074484,-0.9902227,0.2111564,0.9736018,-0.08667483,0.9733958,-0.2013812,0.1093004,moving,78.03827,-25.04375,5.532448,2.273431,8.524468040609941,0.5454102287736117
05/04/2023 16:18:48.713052,1909,True,True,True,True,Eyes,0.7356799,0.12783,-1.666184,0.9755095,-0.09782036,0.1970088,0.0,0.0,0.0,0.0,0.0,0.0,0.0,-1.728276,-0.4393315,-0.6961926,0.9167994,0.1120085,-1.676773,0.03994549,0.6680972,-0.1058163,0.7354274,11.54545,83.90076,354.0087,0.3673634,0.07393965,-0.9271334,0.0,0.0,0.0,2.925473,-0.2380572,-1.670431,0.200047,0.0782105,2.027615,0.08489821,-0.1022655,-0.9911276,0.2090153,0.9744145,-0.08263712,0.9742201,-0.2001452,0.1041011,moving,78.58242,-26.40568,5.634639,2.208956,8.561131172848809,0.5733241501881098
05/04/2023 16:18:48.732907,1910,True,True,True,True,Eyes,0.7441995,0.127113,-1.666856,0.9772278,-0.09929261,0.1875286,0.0,0.0,0.0,0.0,0.0,0.0,0.0,-1.731322,-0.4325216,-0.7166891,0.9278162,0.1121495,-1.680706,0.04007572,0.6700236,-0.1029692,0.7340705,11.35109,84.20911,354.2945,0.3709449,0.07355169,-0.9257372,0.0,0.0,0.0,2.937488,-0.232035,-1.687342,0.2027761,0.07647995,2.027393,0.08093132,-0.09747,-0.9919423,0.2048767,0.9755825,-0.07914683,0.9754361,-0.1968205,0.09892453,moving,79.13708,-27.90032,5.711625,2.160362,8.599858620627224,0.6037773175416713
05/04/2023 16:18:48.752688,1911,True,True,True,True,Eyes,0.7528309,0.126443,-1.667663,0.9788595,-0.1005012,0.1781393,0.0,0.0,0.0,0.0,0.0,0.0,0.0,-1.732801,-0.4265398,-0.7408796,0.9393018,0.1118597,-1.684825,0.03940634,0.6725824,-0.1001429,0.7321555,11.09357,84.61111,354.5248,0.3745463,0.07314803,-0.924318,0.0,0.0,0.0,2.950132,-0.2246748,-1.708128,0.2058765,0.07451417,2.027141,0.0752087,-0.09363233,-0.9927623,0.1996484,0.9768371,-0.07700558,0.9769772,-0.1924119,0.09216018,moving,79.68581,-29.43047,5.799077,2.105145,8.638828284192616,0.6348727556295363
05/04/2023 16:18:48.763008,1912,True,True,True,True,Eyes,0.7615703,0.1258231,-1.668595,0.980422,-0.1017369,0.1685891,0.0,0.0,0.0,0.0,0.0,0.0,0.0,-1.732715,-0.4232216,-0.7659048,0.9506308,0.1122891,-1.688703,0.03795075,0.6753575,-0.09764136,0.7300126,10.79495,85.04153,354.6671,0.3781651,0.07273228,-0.9228762,0.0,0.0,0.0,2.9626,-0.2155783,-1.729931,0.209147,0.07244036,2.026876,0.0687169,-0.09129819,-0.99345,0.1938195,0.9780518,-0.0764766,0.9786277,-0.1872947,0.08490407,moving,80.24309,-31.10934,5.891324,2.046875,8.679996784390994,0.6688000472095569
05/04/2023 16:18:48.783077,1913,True,True,True,True,Eyes,0.770399,0.1252671,-1.669644,0.9818738,-0.1027997,0.1592359,0.0,0.0,0.0,0.0,0.0,0.0,0.0,-1.732514,-0.4209291,-0.7900422,0.9619506,0.1128421,-1.692593,0.03632802,0.6779497,-0.09540693,0.727985,10.50112,85.44247,354.7685,0.3817995,0.07230789,-0.9214119,0.0,0.0,0.0,2.974867,-0.206555,-1.750637,0.2122653,0.07046312,2.026622,0.0625634,-0.08965248,-0.9940063,0.1881668,0.9791556,-0.0764697,0.9801425,-0.1822547,0.07812893,moving,80.78823,-32.84552,5.979273,1.991301,8.721465041881107,0.7037529819004333
05/04/2023 16:18:48.802997,1914,True,True,True,True,Eyes,0.7793204,0.1248132,-1.670787,0.983206,-0.1040446,0.1499353,0.0,0.0,0.0,0.0,0.0,0.0,0.0,-1.733764,-0.421478,-0.8084751,0.9729098,0.1137956,-1.696382,0.03533662,0.6795238,-0.09420239,0.726722,10.33396,85.68626,354.8157,0.3854472,0.07187875,-0.9199256,0.0,0.0,0.0,2.98607,-0.2017981,-1.765906,0.2154498,0.06844385,2.026362,0.05874687,-0.08889374,-0.9943072,0.184942,0.9797544,-0.07666571,0.980992,-0.1793853,0.07399768,moving,81.32941,-34.75793,6.069083,1.934527,8.76503895101751,0.7420016872939764
05/04/2023 16:18:48.812881,1915,True,True,True,True,Eyes,0.7883394,0.1244939,-1.672046,0.9844251,-0.1052039,0.1408525,0.0,0.0,0.0,0.0,0.0,0.0,0.0,-1.735191,-0.4238064,-0.8262267,0.9840919,0.1157514,-1.700386,0.03479445,0.6809863,-0.09337216,0.7254852,10.23326,85.91552,354.8643,0.3891059,0.07145051,-0.9184175,0.0,0.0,0.0,2.997059,-0.1985037,-1.781121,0.2188522,0.06628636,2.026085,0.0550788,-0.08809114,-0.9945885,0.1828693,0.9801419,-0.07668459,0.9815932,-0.177656,0.07009424,moving,81.85733,-36.75636,6.165031,1.873847,8.809238806826091,0.7818109376843169
05/04/2023 16:18:48.832870,1916,True,True,True,True,Eyes,0.7974401,0.124341,-1.673377,0.9855143,-0.1065474,0.1319436,0.0,0.0,0.0,0.0,0.0,0.0,0.0,-1.737032,-0.4269676,-0.8428528,0.9954481,0.1186417,-1.704403,0.03488612,0.6822433,-0.09273674,0.7243804,10.19971,86.11671,354.9431,0.3927735,0.07102988,-0.9168877,0.0,0.0,0.0,3.007891,-0.1963687,-1.795186,0.2220668,0.06424775,2.025823,0.05188793,-0.0867517,-0.9948778,0.181955,0.9803657,-0.0759964,0.9819368,-0.1770797,0.06665403,moving,82.37442,-38.92165,6.255678,1.816492,8.855181163925618,0.8247106202389095
05/04/2023 16:18:48.852880,1917,True,True,True,True,Eyes,0.8066149,0.1242854,-1.674843,0.9865099,-0.1077321,0.1232558,0.0,0.0,0.0,0.0,0.0,0.0,0.0,-1.739728,-0.4260564,-0.8594708,1.006639,0.1225253,-1.708372,0.03512398,0.6834561,-0.09081522,0.7234685,10.07625,86.31335,355.1413,0.3964486,0.0706247,-0.9153361,0.0,0.0,0.0,3.019128,-0.1894614,-1.8087,0.2250508,0.062356,2.025581,0.04928069,-0.0833925,-0.9952975,0.1794153,0.9810379,-0.07331426,0.9825383,-0.1749586,0.06330812,moving,82.8783,-41.15517,6.339808,1.763251,8.90152449909133,0.8688366604806034
05/04/2023 16:18:48.864550,1918,True,True,True,True,Eyes,0.8158492,0.1243173,-1.676407,0.9873623,-0.1092954,0.1147618,0.0,0.0,0.0,0.0,0.0,0.0,0.0,-1.743524,-0.4239935,-0.8750237,1.017501,0.1247058,-1.713024,0.0350548,0.6844475,-0.08898494,0.7227618,9.93225,86.47248,355.3039,0.4001275,0.07023814,-0.9137637,0.0,0.0,0.0,3.030116,-0.1838395,-1.821859,0.2282903,0.0603018,2.025317,0.04722694,-0.08064349,-0.9956235,0.1766161,0.9817057,-0.07113848,0.9831462,-0.1724835,0.06060587,moving,83.37022,-43.60242,6.431139,1.705421,8.950167628437892,0.916929347071271
05/04/2023 16:18:48.883134,1919,True,True,True,True,Eyes,0.8251191,0.1244193,-1.678071,0.9881121,-0.1108885,0.1064811,0.0,0.0,0.0,0.0,0.0,0.0,0.0,-1.744145,-0.4308071,-0.8907508,1.028313,0.1270293,-1.716831,0.03451059,0.685641,-0.08934958,0.7216109,9.92331,86.65874,355.2466,0.4038076,0.06987255,-0.9121714,0.0,0.0,0.0,3.040107,-0.183609,-1.835258,0.2314436,0.05830216,2.025062,0.04382629,-0.0816275,-0.9956989,0.176275,0.9816513,-0.07271701,0.983365,-0.1723299,0.05741105,moving,83.84942,-46.16159,6.520024,1.649108,8.999785970327087,0.9670717187893535
05/04/2023 16:18:48.902814,1920,True,True,True,True,Eyes,0.8344239,0.1245634,-1.679814,0.9887275,-0.1128814,0.09836574,0.0,0.0,0.0,0.0,0.0,0.0,0.0,-1.74356,-0.4458593,-0.903826,1.038286,0.1286784,-1.720784,0.03349221,0.6866072,-0.09197551,0.7204092,10.05295,86.80389,354.9585,0.4074848,0.06952922,-0.910561,0.0,0.0,0.0,3.048373,-0.1899217,-1.847655,0.2347099,0.05623128,2.024796,0.04022219,-0.08652803,-0.9954371,0.178512,0.9808376,-0.0780459,0.9831154,-0.1745583,0.0548977,moving,84.3185,-48.93086,6.612092,1.590771,9.051723117385746,1.0211203268294908
05/04/2023 16:18:48.912700,1921,True,True,True,True,Eyes,0.8437492,0.124722,-1.681632,0.9892465,-0.1149292,0.09045884,0.0,0.0,0.0,0.0,0.0,0.0,0.0,-1.742841,-0.4581414,-0.9173534,1.048444,0.1299144,-1.724184,0.03299467,0.6875873,-0.09411037,0.7192207,10.18803,86.95573,354.7535,0.4111566,0.06920781,-0.9089335,0.0,0.0,0.0,3.056762,-0.1965557,-1.859702,0.2380313,0.05412508,2.024525,0.03673406,-0.08999882,-0.9952643,0.1807456,0.9801092,-0.08195728,0.9828437,-0.176879,0.0522703,moving,84.77528,-51.7943,6.705702,1.531421,9.10442414458506,1.0768867577423014
05/04/2023 16:18:48.932893,1922,True,True,True,True,Eyes,0.8530893,0.1248838,-1.683487,0.9896691,-0.1172327,0.08253153,0.0,0.0,0.0,0.0,0.0,0.0,0.0,-1.742254,-0.4701922,-0.930387,1.058259,0.1304428,-1.72778,0.03274669,0.6885399,-0.09643098,0.7180123,10.35917,87.10508,354.5527,0.4148194,0.06890658,-0.9072906,0.0,0.0,0.0,3.064594,-0.2049462,-1.871559,0.241057,0.05220659,2.024279,0.03322787,-0.09338244,-0.9950757,0.1835721,0.9792575,-0.08576808,0.9824445,-0.1798182,0.04968107,moving,85.23296,-54.85455,6.790968,1.477343,9.159665542644671,1.136356466915657
05/04/2023 16:18:48.952730,1923,True,True,True,True,Eyes,0.8624383,0.1250647,-1.68541,0.9900287,-0.1194013,0.07474302,0.0,0.0,0.0,0.0,0.0,0.0,0.0,-1.741694,-0.4765235,-0.9450378,1.068015,0.1307658,-1.73087,0.0331212,0.6897358,-0.09746021,0.7167071,10.48161,87.29915,354.5138,0.4184716,0.0686235,-0.9056334,0.0,0.0,0.0,3.07257,-0.211269,-1.884488,0.2442237,0.05019863,2.024022,0.02953207,-0.09401108,-0.9951331,0.1853906,0.978809,-0.08696719,0.9822211,-0.18192,0.04633505,moving,85.6826,-57.95418,6.880194,1.420726,9.21512362570994,1.196532220156925
05/04/2023 16:18:48.962679,1924,True,True,True,True,Eyes,0.8717968,0.1252656,-1.687342,0.9903326,-0.1215452,0.06684367,0.0,0.0,0.0,0.0,0.0,0.0,0.0,-1.742201,-0.4761022,-0.9613795,1.077471,0.1313121,-1.734359,0.03357076,0.6911836,-0.09668177,0.7153957,10.46777,87.53596,354.6361,0.4221098,0.0683575,-0.9039636,0.0,0.0,0.0,3.080988,-0.2120113,-1.899297,0.2475063,0.04811713,2.023755,0.02583584,-0.09192432,-0.9954309,0.1847386,0.9790513,-0.08561695,0.9824482,-0.1816825,0.04227656,moving,86.13861,-61.19144,6.972678,1.362017,9.272561858579728,1.2593220984083966
05/04/2023 16:18:48.982753,1925,True,True,True,True,Eyes,0.8811547,0.1254909,-1.689329,0.9905947,-0.1234382,0.0590343,0.0,0.0,0.0,0.0,0.0,0.0,0.0,-1.741879,-0.4725428,-0.9797425,1.087024,0.1318755,-1.737332,0.03365885,0.6929128,-0.09498982,0.7139441,10.35231,87.8166,354.8098,0.4257328,0.06810784,-0.9022818,0.0,0.0,0.0,3.089977,-0.208895,-1.914986,0.2506912,0.04609783,2.023496,0.02169774,-0.08898951,-0.9957963,0.1822801,0.979688,-0.08357823,0.9830073,-0.1797004,0.03747801,moving,86.58951,-64.44054,7.062397,1.305045,9.329969712161049,1.3223128072032302
05/04/2023 16:18:49.002919,1926,True,True,True,True,Eyes,0.890514,0.1257168,-1.69132,0.9908108,-0.1252351,0.05108885,0.0,0.0,0.0,0.0,0.0,0.0,0.0,-1.740003,-0.4694477,-1.000671,1.096445,0.1327758,-1.740549,0.03223534,0.695093,-0.09293801,0.7121582,10.08532,88.15994,354.8977,0.4293378,0.06787395,-0.9005897,0.0,0.0,0.0,3.099365,-0.2005446,-1.933151,0.2539026,0.04406157,2.023234,0.01641648,-0.08756,-0.996024,0.1771862,0.9806468,-0.08328782,0.9840405,-0.1751144,0.03161319,moving,87.04829,-67.80732,7.15285,1.247578,9.389157012663091,1.3875490596763727
05/04/2023 16:18:49.023008,1927,True,True,True,True,Eyes,0.8998647,0.1259329,-1.693341,0.9909738,-0.1269098,0.04318459,0.0,0.0,0.0,0.0,0.0,0.0,0.0,-1.735898,-0.4700454,-1.022239,1.105829,0.1329742,-1.743192,0.03054252,0.6974592,-0.09197023,0.7100417,9.884577,88.53217,354.8751,0.4329239,0.06765424,-0.8988878,0.0,0.0,0.0,3.107991,-0.1957861,-1.951946,0.2572551,0.04193555,2.022961,0.01018411,-0.08800106,-0.9960684,0.1732097,0.9812173,-0.08491803,0.9848323,-0.1716639,0.02523545,moving,87.50475,-71.2077,7.247268,1.187559,9.448690255983394,1.4534070295349104
05/04/2023 16:18:49.032606,1928,True,True,True,True,Eyes,0.909201,0.1261489,-1.695356,0.9910618,-0.1286798,0.03518578,0.0,0.0,0.0,0.0,0.0,0.0,0.0,-1.73149,-0.4721656,-1.04314,1.114949,0.1330036,-1.745949,0.02947769,0.6998162,-0.09161603,0.7078099,9.785375,88.90823,354.8513,0.4364888,0.06744666,-0.8971778,0.0,0.0,0.0,3.115683,-0.1945262,-1.970705,0.2602962,0.04000711,2.022714,0.003727465,-0.08843552,-0.9960749,0.1709514,0.9814752,-0.08649958,0.9852725,-0.169958,0.01877659,moving,87.96667,-74.70705,7.3329,1.133101,9.509678624276132,1.5211485604696455
05/04/2023 16:18:49.052555,1929,True,True,True,True,Eyes,0.9185095,0.126399,-1.697386,0.9910717,-0.1305134,0.02726176,0.0,0.0,0.0,0.0,0.0,0.0,0.0,-1.726075,-0.475987,-1.06346,1.123916,0.1331754,-1.74812,0.03000627,0.7022371,-0.09204917,0.7053296,9.881399,89.30641,354.8923,0.4400315,0.06724998,-0.8954604,0.0,0.0,0.0,3.121916,-0.1997005,-1.989729,0.2634383,0.03801489,2.022459,-0.003219957,-0.08770696,-0.9961412,0.171993,0.9812532,-0.08695205,0.985093,-0.1716093,0.01192545,moving,88.42434,-78.20165,7.42136,1.076826,9.570455675412166,1.5887827350950992
05/04/2023 16:18:49.062696,1930,True,True,True,True,Eyes,0.9277928,0.1266562,-1.699425,0.9910158,-0.1322767,0.0197641,0.0,0.0,0.0,0.0,0.0,0.0,0.0,-1.721924,-0.4805396,-1.081117,1.132542,0.1342865,-1.750449,0.0318093,0.7043048,-0.09274567,0.7030941,10.10032,89.65745,355.0113,0.4435498,0.06706487,-0.8937368,0.0,0.0,0.0,3.127212,-0.2078196,-2.007198,0.2665453,0.03604506,2.022206,-0.009293929,-0.08561097,-0.9962854,0.1752248,0.9807728,-0.08591256,0.9844847,-0.1753723,0.005886001,moving,88.85748,-81.50202,7.508823,1.021168,9.627886924336192,1.6526616574807975
05/04/2023 16:18:49.082721,1931,True,True,True,True,Eyes,0.9370416,0.1269122,-1.701473,0.9908816,-0.1341712,0.01231378,0.0,0.0,0.0,0.0,0.0,0.0,0.0,-1.718579,-0.481497,-1.098471,1.141217,0.1348121,-1.752553,0.03437936,0.7062572,-0.09284313,0.7009986,10.33144,89.9978,355.2419,0.4470422,0.06689049,-0.8920081,0.0,0.0,0.0,3.132455,-0.2164793,-2.024125,0.2697565,0.03400822,2.021944,-0.01483824,-0.08160445,-0.9965544,0.1787271,0.9803964,-0.08294248,0.9837868,-0.179342,3.7645e-05,moving,89.28802,-84.75628,7.599207,0.9635991,9.684638238808631,1.7156627921805745
05/04/2023 16:18:49.102679,1932,True,True,True,True,Eyes,0.9462608,0.127158,-1.703522,0.9906861,-0.1360686,0.005120122,0.0,0.0,0.0,0.0,0.0,0.0,0.0,-1.715102,-0.4825934,-1.115636,1.149627,0.1351133,-1.754769,0.03805536,0.7082906,-0.0932399,0.6987007,10.67632,90.36427,355.5419,0.4505069,0.06672567,-0.8902757,0.0,0.0,0.0,3.136507,-0.2289365,-2.042012,0.2729455,0.03198629,2.021685,-0.0207385,-0.07638505,-0.9968628,0.184202,0.9797162,-0.07890327,0.9826697,-0.1852605,-0.006247517,moving,89.70389,-87.84504,7.68895,0.9064351,9.738759729674292,1.7754906374129384
05/04/2023 16:18:49.112487,1933,True,True,True,True,Eyes,0.9554409,0.1274048,-1.705571,0.9904121,-0.1381291,-0.002047396,0.0,0.0,0.0,0.0,0.0,0.0,0.0,-1.710582,-0.4848886,-1.133382,1.158124,0.1352166,-1.756766,0.04125872,0.7104079,-0.09383723,0.6962852,10.99837,90.74498,355.7906,0.4539428,0.06656898,-0.8885404,0.0,0.0,0.0,3.140363,-0.2413429,-2.060642,0.276648,0.02963875,2.021384,-0.0269694,-0.07205392,-0.9970362,0.189296,0.9789847,-0.07586972,0.9815497,-0.1907811,-0.01276314,moving,-89.88156,89.1508,7.79312,0.8400448,1.1117577164148038,-2.315077183919988
05/04/2023 16:18:49.132469,1934,True,True,True,True,Eyes,0.9645904,0.1276547,-1.707603,0.9900864,-0.14017,-0.009010839,0.0,0.0,0.0,0.0,0.0,0.0,0.0,-1.705916,-0.4883898,-1.150357,1.166364,0.1355682,-1.758752,0.04501658,0.7124805,-0.09476007,0.6938052,11.3905,91.12867,356.0609,0.4573485,0.06641966,-0.8868034,0.0,0.0,0.0,3.143511,-0.2551263,-2.078402,0.2793856,0.02790338,2.021162,-0.03321579,-0.06734318,-0.9971769,0.1956369,0.9779881,-0.07256392,0.9801138,-0.1974949,-0.01930991,moving,-89.47856,86.32179,7.870135,0.7909532,1.1621119784007563,-2.260186598866485
05/04/2023 16:18:49.152581,1935,True,True,True,True,Eyes,0.9737142,0.1279174,-1.709632,0.9897005,-0.1422615,-0.01595473,0.0,0.0,0.0,0.0,0.0,0.0,0.0,-1.701127,-0.4918032,-1.167235,1.174755,0.1359606,-1.76057,0.04815954,0.7144555,-0.09549252,0.6914589,11.71543,91.49416,356.2968,0.4607236,0.06627721,-0.8850653,0.0,0.0,0.0,3.147045,-0.2669175,-2.095696,0.2825,0.02592865,2.020909,-0.03913087,-0.06324263,-0.9972308,0.200874,0.9771237,-0.06984963,0.9788354,-0.203051,-0.02553187,moving,-89.07643,83.60098,7.957731,0.7350755,1.211056312566206,-2.207333556020713
05/04/2023 16:18:49.163029,1936,True,True,True,True,Eyes,0.982815,0.1281801,-1.711638,0.989291,-0.1441685,-0.02277479,0.0,0.0,0.0,0.0,0.0,0.0,0.0,-1.695865,-0.4943909,-1.185212,1.183246,0.1365846,-1.762492,0.05054774,0.7165611,-0.09577005,0.6890669,11.94143,91.8761,356.5108,0.4640678,0.0661416,-0.8833266,0.0,0.0,0.0,3.151059,-0.2751893,-2.113736,0.2857082,0.023894,2.020647,-0.04526351,-0.05954288,-0.9971991,0.204425,0.9765461,-0.06758863,0.9778352,-0.2069117,-0.03202987,moving,-88.68121,81.02298,8.047953,0.6774866,1.2579353178127892,-2.1571943029959875
05/04/2023 16:18:49.182826,1937,True,True,True,True,Eyes,0.9918993,0.1284388,-1.713636,0.9888396,-0.1460173,-0.02958342,0.0,0.0,0.0,0.0,0.0,0.0,0.0,-1.690017,-0.4951596,-1.204128,1.19176,0.1368649,-1.764154,0.05191822,0.7187371,-0.09547216,0.6867361,12.03722,92.25941,356.6883,0.467381,0.06601222,-0.8815877,0.0,0.0,0.0,3.155824,-0.2794884,-2.131609,0.2889596,0.0218326,2.020383,-0.05139595,-0.05649727,-0.997079,0.2057595,0.9763792,-0.06593055,0.9772521,-0.208547,-0.03855718,moving,-88.28638,78.54678,8.13937,0.6191238,1.3035029952601755,-2.108970250050008
05/04/2023 16:18:49.202775,1938,True,True,True,True,Eyes,1.000976,0.1286872,-1.71559,0.9883871,-0.1475492,-0.03633501,0.0,0.0,0.0,0.0,0.0,0.0,0.0,-1.68342,-0.4970843,-1.223581,1.200419,0.1370406,-1.765887,0.05246574,0.7209731,-0.09530887,0.6843695,12.07794,92.64403,356.7874,0.4706635,0.06588826,-0.879849,0.0,0.0,0.0,3.160939,-0.282293,-2.149492,0.2921034,0.01983915,2.020128,-0.05777182,-0.05480018,-0.9968248,0.2061057,0.9763271,-0.06561834,0.976823,-0.2092422,-0.04510954,moving,-87.89465,76.16578,8.227743,0.5626688,1.3477473233133992,-2.062548858934085
05/04/2023 16:18:49.212808,1939,True,True,True,True,Eyes,1.010047,0.1289169,-1.717529,0.987898,-0.1489975,-0.04309694,0.0,0.0,0.0,0.0,0.0,0.0,0.0,-1.675913,-0.49849,-1.244098,1.209235,0.1370059,-1.767466,0.05261992,0.7233542,-0.09497975,0.6818863,12.07369,93.04939,356.8693,0.4739164,0.06576877,-0.8781101,0.0,0.0,0.0,3.166233,-0.2838702,-2.167975,0.2953041,0.01780936,2.019867,-0.06452461,-0.05340511,-0.9964862,0.2056564,0.9764199,-0.06564638,0.9764949,-0.2091696,-0.05202002,moving,-87.50206,73.8677,8.317701,0.5051693,1.3909653044958263,-2.0176824644179394
05/04/2023 16:18:49.232468,1940,True,True,True,True,Eyes,1.019111,0.1291099,-1.719459,0.9874007,-0.1501991,-0.04979951,0.0,0.0,0.0,0.0,0.0,0.0,0.0,-1.668232,-0.498579,-1.264992,1.218149,0.1370648,-1.768929,0.05304034,0.7257731,-0.09434979,0.6793661,12.06497,93.46593,356.9985,0.4771405,0.06565241,-0.8763711,0.0,0.0,0.0,3.171455,-0.2850245,-2.186813,0.2986197,0.01570728,2.019597,-0.07129704,-0.05120558,-0.99614,0.2051866,0.9765697,-0.06488546,0.9761226,-0.2090207,-0.0591198,moving,-87.11274,71.65672,8.41087,0.445605,1.4329571437912687,-1.9744671982621687
05/04/2023 16:18:49.252569,1941,True,True,True,True,Eyes,1.028177,0.1292863,-1.721379,0.9868588,-0.1513683,-0.05654457,0.0,0.0,0.0,0.0,0.0,0.0,0.0,-1.660435,-0.4986818,-1.286023,1.227017,0.1364794,-1.770702,0.0534688,0.7282164,-0.09387042,0.6767794,12.06898,93.88849,357.117,0.4803361,0.06553705,-0.8746324,0.0,0.0,0.0,3.176385,-0.287189,-2.205967,0.3017596,0.01371614,2.019341,-0.07822146,-0.04918542,-0.9957219,0.2049328,0.9766588,-0.06434279,0.9756454,-0.2090891,-0.06631596,moving,-86.72068,69.51651,8.499084,0.389169,1.4741441902601133,-1.9325705508734656
05/04/2023 16:18:49.262458,1942,True,True,True,True,Eyes,1.037248,0.1294292,-1.723292,0.9862946,-0.1523709,-0.06329268,0.0,0.0,0.0,0.0,0.0,0.0,0.0,-1.651291,-0.4988631,-1.30833,1.236022,0.1358929,-1.772325,0.05412931,0.7309075,-0.09341387,0.673883,12.09349,94.35857,357.2582,0.4835039,0.06542179,-0.8728938,0.0,0.0,0.0,3.180769,-0.2900009,-2.226653,0.3050088,0.01165578,2.019077,-0.08590379,-0.04677299,-0.995205,0.2050271,0.9766877,-0.06360017,0.9749793,-0.2095075,-0.07431147,moving,-86.32824,67.4427,8.590347,0.3307549,1.5144984166925575,-1.8919204133366323
05/04/2023 16:18:49.282488,1943,True,True,True,True,Eyes,1.046325,0.1295374,-1.72519,0.9856787,-0.1533606,-0.0701291,0.0,0.0,0.0,0.0,0.0,0.0,0.0,-1.639983,-0.5001933,-1.332454,1.245199,0.1352363,-1.773799,0.05490711,0.7339745,-0.09321377,0.6705057,12.14955,94.89782,357.3969,0.486645,0.06530496,-0.8711553,0.0,0.0,0.0,3.184377,-0.2938724,-2.249334,0.3081115,0.009688325,2.018825,-0.09481458,-0.04439988,-0.9945043,0.2056016,0.9765928,-0.06320199,0.9740319,-0.2104641,-0.08346657,moving,-85.93038,65.42622,8.677477,0.27496,1.5543142274082014,-1.852324867058842
05/04/2023 16:18:49.302470,1944,True,True,True,True,Eyes,1.055414,0.1295997,-1.72709,0.9850336,-0.1542352,-0.0769437,0.0,0.0,0.0,0.0,0.0,0.0,0.0,-1.628709,-0.5020967,-1.355945,1.254411,0.1345745,-1.77531,0.05553807,0.7369177,-0.09313246,0.6672286,12.20295,95.41663,357.5121,0.48976,0.06518506,-0.8694168,0.0,0.0,0.0,3.187884,-0.297925,-2.271537,0.311461,0.007564411,2.018552,-0.1034429,-0.04242731,-0.9937301,0.2061353,0.9764838,-0.06314874,0.9730405,-0.2113751,-0.09226444,moving,-85.53354,63.48665,8.771521,0.2147118,1.593113595485443,-1.8141793403965956
05/04/2023 16:18:49.317191,1945,True,True,True,True,Eyes,1.064518,0.1296205,-1.728975,0.9843292,-0.1551311,-0.08384709,0.0,0.0,0.0,0.0,0.0,0.0,0.0,-1.616501,-0.5041934,-1.379899,1.263697,0.1335345,-1.776695,0.05615921,0.7399474,-0.09316412,0.6638105,12.26487,95.95339,357.6201,0.4928496,0.06506015,-0.8676785,0.0,0.0,0.0,3.191085,-0.3025303,-2.293941,0.3145878,0.005581714,2.018297,-0.1124036,-0.04057691,-0.9928339,0.2067963,0.9763331,-0.06331496,0.9719058,-0.2124313,-0.1013522,moving,-85.13119,61.60914,8.859286,0.1584543,1.6313174545359912,-1.777176932477714
05/04/2023 16:18:49.332961,1946,True,True,True,True,Eyes,1.07364,0.129594,-1.730848,0.9835762,-0.1559906,-0.0908011,0.0,0.0,0.0,0.0,0.0,0.0,0.0,-1.60381,-0.5074888,-1.403713,1.273129,0.1325469,-1.778127,0.05686577,0.7429637,-0.09345939,0.6603306,12.35536,96.4927,357.716,0.4959151,0.06492874,-0.86594,0.0,0.0,0.0,3.193924,-0.3081643,-2.316453,0.3177868,0.003553376,2.018037,-0.1214597,-0.03892977,-0.9918327,0.2079266,0.9760633,-0.06377348,0.9705742,-0.2139743,-0.1104579,moving,-84.72556,59.79659,8.949059,0.1008867,1.668809729539169,-1.7413816363600638
05/04/2023 16:18:49.353022,1947,True,True,True,True,Eyes,1.082785,0.1295116,-1.732699,0.9827606,-0.1568416,-0.09788861,0.0,0.0,0.0,0.0,0.0,0.0,0.0,-1.589185,-0.510377,-1.429332,1.282747,0.1313975,-1.779404,0.05747422,0.746305,-0.09363391,0.6564741,12.42841,97.09077,357.8199,0.4989574,0.06478922,-0.864201,0.0,0.0,0.0,3.196276,-0.3133206,-2.340744,0.3210118,0.00150853,2.017775,-0.1314771,-0.03714987,-0.9906229,0.2087231,0.9758588,-0.06429823,0.9690968,-0.2152196,-0.120549,moving,-84.31178,58.03073,9.03954,0.0428355,1.7059960523715492,-1.7064293232025758
05/04/2023 16:18:49.362494,1948,True,True,True,True,Eyes,1.091958,0.1293717,-1.734532,0.9818945,-0.1576483,-0.1050251,0.0,0.0,0.0,0.0,0.0,0.0,0.0,-1.574477,-0.5119527,-1.454978,1.292347,0.130079,-1.780717,0.05820162,0.7496298,-0.09354537,0.6526233,12.48689,97.69097,357.955,0.5019779,0.06463979,-0.8624613,0.0,0.0,0.0,3.198385,-0.3180954,-2.36528,0.32445,-0.0006714128,2.017495,-0.1413912,-0.03484042,-0.9893406,0.2093591,0.9757237,-0.06428134,0.9675626,-0.2162162,-0.1306646,moving,-83.89476,56.32849,9.13598,-0.01906776,1.7424864510577653,-1.6726591038432792
05/04/2023 16:18:49.382603,1949,True,True,True,True,Eyes,1.101163,0.1291783,-1.736337,0.9809644,-0.1584123,-0.1123137,0.0,0.0,0.0,0.0,0.0,0.0,0.0,-1.558775,-0.5122474,-1.481615,1.302179,0.1284729,-1.781905,0.05890348,0.753083,-0.09319033,0.6486232,12.51953,98.31681,358.1114,0.5049777,0.06447872,-0.8607205,0.0,0.0,0.0,3.200587,-0.3218121,-2.390015,0.3273776,-0.002528306,2.017257,-0.1516368,-0.0321724,-0.9879125,0.2096092,0.9756919,-0.06394779,0.9659556,-0.2167724,-0.1412071,moving,-83.46847,54.66351,9.218079,-0.07181098,1.7788308215555935,-1.639549849026217
05/04/2023 16:18:49.402590,1950,True,True,True,True,Eyes,1.110408,0.1289314,-1.738107,0.9799004,-0.1594637,-0.1198606,0.0,0.0,0.0,0.0,0.0,0.0,0.0,-1.541968,-0.5126409,-1.50879,1.312104,0.1269674,-1.783024,0.05935888,0.7566383,-0.09279379,0.6444877,12.52906,98.96084,358.2517,0.5079589,0.06430469,-0.8589776,0.0,0.0,0.0,3.202484,-0.3248299,-2.415391,0.3304958,-0.004505485,2.017003,-0.1622245,-0.02978248,-0.9863043,0.2094353,0.9757317,-0.06391053,0.9642718,-0.2169348,-0.1520501,moving,-83.02627,53.06971,9.305502,-0.1279844,1.814832401889377,-1.6077109233524363
05/04/2023 16:18:49.413044,1951,True,True,True,True,Eyes,1.11969,0.1286329,-1.739841,0.9787723,-0.1604459,-0.1275216,0.0,0.0,0.0,0.0,0.0,0.0,0.0,-1.52412,-0.512967,-1.536382,1.322207,0.1254863,-1.783975,0.059339,0.7602448,-0.09232786,0.6402987,12.49608,99.61001,358.356,0.510923,0.06411657,-0.8572319,0.0,0.0,0.0,3.204421,-0.326664,-2.440873,0.3337872,-0.006592352,2.016737,-0.1729931,-0.02801051,-0.9845248,0.2084592,0.9759089,-0.06439418,0.9626102,-0.2163729,-0.1629864,moving,-82.5769,51.5225,9.397751,-0.187289,1.8504945374230628,-1.57671726771183
05/04/2023 16:18:49.432844,1952,True,True,True,True,Eyes,1.129014,0.128287,-1.741528,0.9775409,-0.1615546,-0.1353286,0.0,0.0,0.0,0.0,0.0,0.0,0.0,-1.505917,-0.5127715,-1.563585,1.33241,0.1239489,-1.784611,0.05935991,0.7637673,-0.09177162,0.6361715,12.45721,100.2484,358.4689,0.5138715,0.06391346,-0.8554829,0.0,0.0,0.0,3.206358,-0.3282449,-2.465536,0.3370057,-0.008632638,2.016475,-0.183525,-0.02609065,-0.9826689,0.2074393,0.9761088,-0.06465815,0.9608787,-0.2157105,-0.1737281,moving,-82.11819,50.04829,9.487934,-0.2452848,1.8855576039750095,-1.5470560863187717
05/04/2023 16:18:49.453134,1953,True,True,True,True,Eyes,1.13839,0.1279082,-1.743181,0.9762489,-0.1625663,-0.1432147,0.0,0.0,0.0,0.0,0.0,0.0,0.0,-1.488711,-0.5114212,-1.589746,1.342677,0.1224713,-1.785307,0.05966783,0.7670553,-0.09097914,0.6322886,12.41709,100.852,358.6204,0.5168061,0.06369478,-0.8537296,0.0,0.0,0.0,3.208539,-0.329496,-2.489061,0.3402352,-0.01068091,2.016212,-0.1933018,-0.0235131,-0.9808576,0.2065872,0.9763251,-0.06411749,0.9591435,-0.2150266,-0.1838679,moving,-81.6543,48.6212,9.578406,-0.3035223,1.9202038719519896,-1.5182585985215376
05/04/2023 16:18:49.463218,1954,True,True,True,True,Eyes,1.147813,0.1275012,-1.744794,0.9748648,-0.1636928,-0.1511395,0.0,0.0,0.0,0.0,0.0,0.0,0.0,-1.471491,-0.510133,-1.615623,1.353144,0.1212201,-1.786076,0.05993412,0.7702626,-0.09014852,0.6284717,12.36918,101.4433,358.7692,0.5197285,0.06346064,-0.851971,0.0,0.0,0.0,3.210848,-0.3302718,-2.512218,0.3434953,-0.01274798,2.015946,-0.2028626,-0.02098156,-0.9789825,0.2056416,0.9765623,-0.06354228,0.9573706,-0.2142099,-0.1937932,moving,-81.18723,47.28335,9.669713,-0.3623092,1.9538255474747976,-1.491125040601203
05/04/2023 16:18:49.482427,1955,True,True,True,True,Eyes,1.157289,0.127067,-1.746367,0.9734319,-0.1646594,-0.1591145,0.0,0.0,0.0,0.0,0.0,0.0,0.0,-1.453827,-0.5073159,-1.641816,1.363771,0.1202321,-1.786677,0.05991666,0.7734777,-0.08890099,0.624691,12.26214,102.0328,358.9221,0.5226404,0.06321146,-0.8502064,0.0,0.0,0.0,3.213626,-0.3285895,-2.534975,0.3465508,-0.01468527,2.015698,-0.2123424,-0.0183829,-0.9770223,0.2037597,0.9770132,-0.06266709,0.9557158,-0.2123847,-0.2037156,moving,-80.71668,45.98114,9.755263,-0.4174183,1.987116432347448,-1.4646466139848373
05/04/2023 16:18:49.502586,1956,True,True,True,True,Eyes,1.166825,0.126605,-1.747866,0.9719288,-0.1656274,-0.1670984,0.0,0.0,0.0,0.0,0.0,0.0,0.0,-1.436752,-0.502803,-1.667396,1.374449,0.1191334,-1.787169,0.05974127,0.7765189,-0.0873189,0.6211481,12.11215,102.5888,359.0802,0.5255429,0.06294762,-0.8484349,0.0,0.0,0.0,3.216944,-0.3255424,-2.55661,0.3496785,-0.01666845,2.015444,-0.2212123,-0.0156955,-0.9750996,0.2012564,0.9776128,-0.06139322,0.9542333,-0.2098259,-0.2131012,moving,-80.24482,44.74669,9.842806,-0.4738461,2.019590156647556,-1.4394363070481413
05/04/2023 16:18:49.512674,1957,True,True,True,True,Eyes,1.176417,0.1261271,-1.749331,0.9703886,-0.166416,-0.1750764,0.0,0.0,0.0,0.0,0.0,0.0,0.0,-1.420581,-0.4972552,-1.692189,1.385316,0.1180292,-1.787675,0.05957378,0.7793418,-0.08553424,0.6178684,11.94299,103.106,359.248,0.528438,0.06266956,-0.8466552,0.0,0.0,0.0,3.220874,-0.3218052,-2.577046,0.3528666,-0.01869054,2.015184,-0.2293792,-0.01284114,-0.9732524,0.1985545,0.9782697,-0.05970329,0.95287,-0.2069383,-0.221845,moving,-79.77279,43.54726,9.93202,-0.5313948,2.051623564585534,-1.4148835507436899
05/04/2023 16:18:49.532513,1958,True,True,True,True,Eyes,1.186071,0.1256336,-1.750722,0.9687704,-0.1672654,-0.1830468,0.0,0.0,0.0,0.0,0.0,0.0,0.0,-1.405208,-0.4909788,-1.715932,1.396082,0.1170569,-1.788113,0.05918045,0.7819557,-0.08359779,0.6148611,11.74259,103.5815,359.4002,0.5313271,0.06237812,-0.8448668,0.0,0.0,0.0,3.225227,-0.3170133,-2.596187,0.3561789,-0.02079064,2.014913,-0.2368867,-0.01024907,-0.9714831,0.1953551,0.9790182,-0.05796402,0.9516937,-0.2035151,-0.2299143,moving,-79.30025,42.42059,10.02469,-0.5911787,2.0827477030810657,-1.3916963009291816
05/04/2023 16:18:49.552495,1959,True,True,True,True,Eyes,1.195775,0.1251188,-1.752082,0.9670911,-0.1680294,-0.1910522,0.0,0.0,0.0,0.0,0.0,0.0,0.0,-1.388307,-0.4896228,-1.739429,1.40705,0.1162813,-1.788694,0.05802794,0.7846168,-0.08271884,0.611692,11.58349,104.0595,359.4071,0.5342119,0.06207414,-0.843068,0.0,0.0,0.0,3.229147,-0.3142383,-2.615199,0.3593612,-0.02280845,2.014654,-0.2449314,-0.01013753,-0.9694874,0.1922563,0.9795807,-0.05881472,0.9502873,-0.2007956,-0.2379812,moving,-78.82492,41.33146,10.11369,-0.6486334,2.113492355544446,-1.3692028306077084
05/04/2023 16:18:49.563053,1960,True,True,True,True,Eyes,1.205433,0.1246563,-1.753746,0.9648436,-0.169655,-0.2007331,0.0,0.0,0.0,0.0,0.0,0.0,0.0,-1.368795,-0.4913408,-1.76335,1.417856,0.1152199,-1.789086,0.05711722,0.7875429,-0.08259378,0.608023,11.51061,104.5984,359.3876,0.5370928,0.06175809,-0.841259,0.0,0.0,0.0,3.231155,-0.3148931,-2.635732,0.3625737,-0.0248456,2.014393,-0.2540911,-0.01047332,-0.9671236,0.1904024,0.9798318,-0.06063511,0.9482534,-0.1995494,-0.2469724,moving,-78.24742,40.20372,10.2035,-0.7066525,2.1483537675791764,-1.3455491972688414
05/04/2023 16:18:49.582766,1961,True,True,True,True,Eyes,1.215119,0.1243242,-1.755364,0.9625294,-0.1710934,-0.2103906,0.0,0.0,0.0,0.0,0.0,0.0,0.0,-1.348666,-0.4982818,-1.786345,1.42899,0.1154983,-1.789654,0.05776823,0.7904556,-0.08331466,0.6040707,11.625,105.1699,359.4543,0.5399595,0.06143315,-0.8394459,0.0,0.0,0.0,3.231532,-0.3200706,-2.657034,0.3657339,-0.02684963,2.014137,-0.2635229,-0.009329454,-0.9646081,0.1919823,0.9794431,-0.0619209,0.9453564,-0.2015053,-0.2563145,moving,-77.67015,39.11863,10.29183,-0.7637414,2.1826634244027874,-1.3226982369437286
05/04/2023 16:18:49.602776,1962,True,True,True,True,Eyes,1.224905,0.1239795,-1.756776,0.9601012,-0.1724134,-0.2201801,0.0,0.0,0.0,0.0,0.0,0.0,0.0,-1.328288,-0.50148,-1.809522,1.439422,0.1190828,-1.789996,0.05730582,0.7934844,-0.08252706,0.6002397,11.52306,105.7399,359.5246,0.5428128,0.06110652,-0.8376276,0.0,0.0,0.0,3.232563,-0.3145072,-2.678415,0.3689318,-0.02887697,2.013877,-0.2728568,-0.008129487,-0.9620204,0.1900146,0.9798106,-0.06217343,0.9431033,-0.1997623,-0.2658032,moving,-77.0837,38.06295,10.38118,-0.8215075,2.216923912307319,-1.3003610668137044
05/04/2023 16:18:49.612622,1963,True,True,True,True,Eyes,1.234751,0.1236377,-1.758147,0.9575921,-0.1736775,-0.2298988,0.0,0.0,0.0,0.0,0.0,0.0,0.0,-1.30763,-0.4971634,-1.834824,1.450376,0.1183805,-1.790543,0.05606193,0.7965654,-0.08101875,0.5964702,11.30034,106.3057,359.5713,0.5456589,0.0607783,-0.8358002,0.0,0.0,0.0,3.234617,-0.3094439,-2.700324,0.3724843,-0.03112955,2.013588,-0.2821608,-0.00733653,-0.9593391,0.1859645,0.9805861,-0.06219489,0.9411708,-0.195952,-0.2753186,moving,-76.49993,37.0693,10.48041,-0.8857074,2.2502987192661608,-1.2792012738918905
05/04/2023 16:18:49.632970,1964,True,True,True,True,Eyes,1.244659,0.1234189,-1.759396,0.9549488,-0.1750292,-0.2396615,0.0,0.0,0.0,0.0,0.0,0.0,0.0,-1.286867,-0.5021394,-1.857221,1.461664,0.1179934,-1.790825,0.05503812,0.7992855,-0.08152911,0.5928462,11.2791,106.8197,359.4925,0.5484995,0.0604489,-0.8339627,0.0,0.0,0.0,3.23635,-0.3113649,-2.719107,0.3753501,-0.03294701,2.013355,-0.2910087,-0.008686082,-0.9566811,0.1846507,0.9806476,-0.06507178,0.9387323,-0.1955884,-0.2837731,moving,-75.91158,36.14134,10.56043,-0.9375179,2.2829987576903874,-1.2592567872720153
05/04/2023 16:18:49.652998,1965,True,True,True,True,Eyes,1.254614,0.123323,-1.760625,0.9522402,-0.1762242,-0.2493667,0.0,0.0,0.0,0.0,0.0,0.0,0.0,-1.266074,-0.5091954,-1.878602,1.472275,0.1207326,-1.791423,0.05309796,0.8020024,-0.08190656,0.5892915,11.18391,107.32,359.3362,0.551337,0.06012446,-0.8321131,0.0,0.0,0.0,3.237772,-0.3082931,-2.737996,0.3784806,-0.03493163,2.013101,-0.2998326,-0.01136428,-0.9539242,0.181703,0.9809439,-0.06879813,0.9365279,-0.1939588,-0.2920541,moving,-75.32526,35.24834,10.64781,-0.9941052,2.3151811957126585,-1.2399780774563602
05/04/2023 16:18:49.663231,1966,True,True,True,True,Eyes,1.26461,0.1233385,-1.76184,0.9494108,-0.1774052,-0.2591262,0.0,0.0,0.0,0.0,0.0,0.0,0.0,-1.243918,-0.5133694,-1.901649,1.483328,0.1235442,-1.7921,0.05072655,0.8049134,-0.08165985,0.5855535,11.00324,107.8516,359.1845,0.5541711,0.05981019,-0.8302512,0.0,0.0,0.0,3.23951,-0.3022364,-2.758071,0.3816656,-0.03695148,2.012841,-0.3091075,-0.01397149,-0.9509243,0.1772934,0.981517,-0.07205196,0.9343551,-0.1908644,-0.3009172,moving,-74.73387,34.39666,10.7367,-1.051711,2.347016856620385,-1.2214545059221196
05/04/2023 16:18:49.682930,1967,True,True,True,True,Eyes,1.274645,0.1234614,-1.76303,0.9465219,-0.1784145,-0.2688206,0.0,0.0,0.0,0.0,0.0,0.0,0.0,-1.220311,-0.515112,-1.925783,1.494298,0.1261963,-1.792843,0.04818488,0.8080323,-0.08095852,0.5815564,10.77068,108.4238,359.0496,0.5570008,0.05951025,-0.828377,0.0,0.0,0.0,3.240628,-0.294473,-2.779499,0.3848681,-0.03898207,2.01258,-0.3189409,-0.016294,-0.9476347,0.1720337,0.9822479,-0.07478973,0.9320307,-0.1868786,-0.3104759,moving,-74.14498,33.57196,10.82604,-1.109635,2.3784199521592906,-1.2034487089159325
05/04/2023 16:18:49.702861,1968,True,True,True,True,Eyes,1.284733,0.1236591,-1.764171,0.9434751,-0.1794759,-0.2786451,0.0,0.0,0.0,0.0,0.0,0.0,0.0,-1.197793,-0.5172024,-1.948405,1.505232,0.1288511,-1.793366,0.04574815,0.8108709,-0.08039992,0.5778681,10.55974,108.9479,358.9083,0.5598258,0.05922815,-0.8264908,0.0,0.0,0.0,3.242175,-0.2874871,-2.799046,0.3880391,-0.04099221,2.012324,-0.3279515,-0.01872939,-0.944509,0.1671128,0.9828859,-0.07751511,0.9297965,-0.1832607,-0.319209,moving,-73.54607,32.78567,10.91446,-1.166987,2.4096889697201873,-1.1861223042217492
05/04/2023 16:18:49.712942,1969,True,True,True,True,Eyes,1.294847,0.1239144,-1.765309,0.9403499,-0.1804173,-0.2884293,0.0,0.0,0.0,0.0,0.0,0.0,0.0,-1.174885,-0.5175509,-1.971637,1.516128,0.1310079,-1.794368,0.04390907,0.813826,-0.07955249,0.5739605,10.36323,109.5074,358.8437,0.5626468,0.05896552,-0.8245916,0.0,0.0,0.0,3.242663,-0.2811769,-2.820345,0.3914951,-0.04318414,2.012042,-0.3372827,-0.0198513,-0.9411942,0.1627887,0.9834868,-0.07907964,0.9272218,-0.1798879,-0.3284816,moving,-72.94789,32.02665,11.01081,-1.229541,2.4405845195003044,-1.1693115994911567
05/04/2023 16:18:49.732702,1970,True,True,True,True,Eyes,1.304957,0.1242069,-1.766481,0.9370571,-0.1815717,-0.2982546,0.0,0.0,0.0,0.0,0.0,0.0,0.0,-1.150853,-0.5186318,-1.994486,1.526949,0.1324347,-1.795078,0.042828,0.8168312,-0.07899337,0.5698355,10.24504,110.0947,358.8319,0.5654623,0.05872303,-0.8226807,0.0,0.0,0.0,3.242088,-0.2776546,-2.841555,0.3944988,-0.04508889,2.011797,-0.3469065,-0.02005996,-0.9376851,0.1599929,0.9838516,-0.08023868,0.9241527,-0.1778583,-0.3380951,moving,-72.34432,31.33226,11.09451,-1.283912,2.4708475471135833,-1.1536928321954512
05/04/2023 16:18:49.752905,1971,True,True,True,True,Eyes,1.315071,0.1245175,-1.767642,0.9336829,-0.1827645,-0.3079503,0.0,0.0,0.0,0.0,0.0,0.0,0.0,-1.12889,-0.5236102,-2.014485,1.537329,0.1336841,-1.795956,0.0433067,0.8194896,-0.07921714,0.5659381,10.30296,110.6441,358.9118,0.5682696,0.05850025,-0.8207601,0.0,0.0,0.0,3.240356,-0.2798338,-2.861479,0.3976474,-0.04708511,2.011541,-0.3556772,-0.01868523,-0.9344221,0.1606428,0.9836983,-0.08081743,0.9206995,-0.1788531,-0.3468775,moving,-71.74625,30.68858,11.18223,-1.340905,2.5002691285068352,-1.1390506493819856
05/04/2023 16:18:49.762809,1972,True,True,True,True,Eyes,1.3252,0.1248291,-1.768781,0.9301695,-0.1841536,-0.3176038,0.0,0.0,0.0,0.0,0.0,0.0,0.0,-1.109636,-0.5298473,-2.032145,1.547585,0.1346119,-1.796804,0.04436815,0.8217099,-0.07974458,0.5625525,10.42642,111.1186,359.0209,0.5710674,0.05829598,-0.8188304,0.0,0.0,0.0,3.239262,-0.2843962,-2.878927,0.4008294,-0.04910269,2.011282,-0.3631326,-0.01680551,-0.9315859,0.1626365,0.9833446,-0.081135,0.9174334,-0.1809726,-0.3543513,moving,-71.14767,30.10609,11.27084,-1.39852,2.5289289058904716,-1.1255564909421611
05/04/2023 16:18:49.783044,1973,True,True,True,True,Eyes,1.335341,0.1251256,-1.769937,0.9265997,-0.1854677,-0.327131,0.0,0.0,0.0,0.0,0.0,0.0,0.0,-1.091842,-0.5357683,-2.049017,1.55779,0.1348937,-1.79798,0.04468343,0.8236891,-0.0804201,0.5595288,10.51458,111.5359,359.0452,0.5738553,0.05810839,-0.8168924,0.0,0.0,0.0,3.23917,-0.2890167,-2.894958,0.4040965,-0.05117433,2.011016,-0.369862,-0.0163842,-0.9289423,0.1636052,0.983072,-0.08247897,0.9145685,-0.1824856,-0.3609205,moving,-70.5547,29.55117,11.36179,-1.457691,2.557038265481252,-1.1126044204517855
05/04/2023 16:18:49.802968,1974,True,True,True,True,Eyes,1.345502,0.1254038,-1.771089,0.9229099,-0.1868091,-0.3366598,0.0,0.0,0.0,0.0,0.0,0.0,0.0,-1.072446,-0.5391839,-2.067467,1.568196,0.1347648,-1.79941,0.04352047,0.8258477,-0.08079215,0.556376,10.47879,111.9672,358.95,0.5766317,0.05793506,-0.8149471,0.0,0.0,0.0,3.239658,-0.290593,-2.911688,0.4073154,-0.0532156,2.010755,-0.3771034,-0.01801907,-0.9259959,0.1617842,0.9831572,-0.08501653,0.9119314,-0.1818715,-0.3678367,moving,-69.959,29.02545,11.45136,-1.516006,2.5848723079055036,-1.10018961698781
05/04/2023 16:18:49.812604,1975,True,True,True,True,Eyes,1.355675,0.1256625,-1.77227,0.919189,-0.1879451,-0.3460757,0.0,0.0,0.0,0.0,0.0,0.0,0.0,-1.051952,-0.53936,-2.087061,1.578542,0.1346081,-1.800949,0.04164852,0.8281689,-0.08057368,0.553091,10.34227,112.42,358.8266,0.5793961,0.05777371,-0.8129957,0.0,0.0,0.0,3.240168,-0.2889831,-2.929344,0.4105878,-0.05529052,2.010488,-0.3847116,-0.02014514,-0.922817,0.1581132,0.9835466,-0.08738638,0.9093939,-0.1795281,-0.3751965,moving,-69.36859,28.50528,11.54239,-1.575297,2.6124479409911068,-1.0879016293793917
05/04/2023 16:18:49.832961,1976,True,True,True,True,Eyes,1.365862,0.125898,-1.773496,0.9153425,-0.1890806,-0.3555231,0.0,0.0,0.0,0.0,0.0,0.0,0.0,-1.030779,-0.5354056,-2.107904,1.589063,0.1342833,-1.802573,0.03883437,0.8305817,-0.07965375,0.5498012,10.07983,112.8766,358.6569,0.5821472,0.05762211,-0.8110387,0.0,0.0,0.0,3.241554,-0.2834429,-2.947227,0.4136723,-0.05724657,2.010237,-0.3924211,-0.02307723,-0.9194961,0.1520977,0.9842944,-0.08961554,0.9071229,-0.1750202,-0.3827479,moving,-68.77361,28.00573,11.62816,-1.631201,2.6399228904515075,-1.0759818065822833
05/04/2023 16:18:49.852641,1977,True,True,True,True,Eyes,1.376057,0.1261063,-1.774765,0.911429,-0.1900607,-0.3649303,0.0,0.0,0.0,0.0,0.0,0.0,0.0,-1.007168,-0.5290778,-2.13047,1.59967,0.1339822,-1.804528,0.03593456,0.8333398,-0.07826116,0.5460116,9.769079,113.4066,358.5131,0.5848833,0.05747817,-0.809078,0.0,0.0,0.0,3.241627,-0.2761467,-2.967755,0.4169104,-0.05929981,2.009974,-0.4011598,-0.02557161,-0.915651,0.1453544,0.9851678,-0.09119488,0.9044018,-0.1696776,-0.3914928,moving,-68.17915,27.51112,11.71817,-1.689895,2.667316429251788,-1.0641570522625492
05/04/2023 16:18:49.863053,1978,True,True,True,True,Eyes,1.38625,0.1262826,-1.776095,0.9073574,-0.191164,-0.374378,0.0,0.0,0.0,0.0,0.0,0.0,0.0,-0.9829183,-0.5257082,-2.1522,1.61004,0.1335306,-1.806766,0.03397045,0.8361297,-0.07744642,0.5419737,9.574658,113.9658,358.4228,0.5876031,0.05733977,-0.8071147,0.0,0.0,0.0,3.239929,-0.2726138,-2.989016,0.4201263,-0.06133878,2.009711,-0.4102214,-0.02714043,-0.9115821,0.1407552,0.9856961,-0.09268833,0.9010585,-0.1663327,-0.4005335,moving,-67.57883,27.04966,11.80753,-1.748193,2.694495348274698,-1.052930505215726
05/04/2023 16:18:49.882945,1979,True,True,True,True,Eyes,1.396438,0.126436,-1.777483,0.9031735,-0.1922851,-0.3838021,0.0,0.0,0.0,0.0,0.0,0.0,0.0,-0.9565312,-0.5265042,-2.173336,1.620342,0.1328816,-1.808972,0.03299488,0.8390655,-0.07743568,0.5374795,9.521365,114.5804,358.3806,0.5903042,0.05720485,-0.8051509,0.0,0.0,0.0,3.235944,-0.2737529,-3.011292,0.4232824,-0.06334011,2.009456,-0.4200541,-0.02787045,-0.9070709,0.1386099,0.9858301,-0.09447905,0.896851,-0.1654153,-0.4102389,moving,-66.97701,26.6109,11.89519,-1.805424,2.721438159522191,-1.0421242739653613
05/04/2023 16:18:49.903106,1980,True,True,True,True,Eyes,1.406616,0.1265816,-1.77893,0.8988019,-0.1935805,-0.3932958,0.0,0.0,0.0,0.0,0.0,0.0,0.0,-0.9292023,-0.5333403,-2.193177,1.630447,0.1325603,-1.811619,0.0334207,0.8420436,-0.07841554,0.5326318,9.651821,115.2358,358.4161,0.592985,0.05707194,-0.8031879,0.0,0.0,0.0,3.22949,-0.2803268,-3.034565,0.4264569,-0.06535296,2.009197,-0.430373,-0.02724983,-0.9022399,0.1398166,0.9854681,-0.09645674,0.891757,-0.1676605,-0.4203089,moving,-66.36688,26.20645,11.98332,-1.862997,2.7482384841607335,-1.0319276376403719
05/04/2023 16:18:49.912680,1981,True,True,True,True,Eyes,1.416785,0.1267324,-1.780444,0.8942627,-0.1949586,-0.4028465,0.0,0.0,0.0,0.0,0.0,0.0,0.0,-0.9010751,-0.5385712,-2.213306,1.640367,0.1324956,-1.814486,0.0339893,0.8451337,-0.07896641,0.5275967,9.749424,115.9206,358.4956,0.5956438,0.05694042,-0.8012274,0.0,0.0,0.0,3.222022,-0.2853436,-3.05903,0.4298831,-0.06752524,2.008919,-0.4409732,-0.02587382,-0.8971474,0.1407758,0.9852181,-0.09760905,0.8864114,-0.1693396,-0.4308123,moving,-65.74944,25.82478,12.07841,-1.925143,2.7750078010896106,-1.022128117823794
05/04/2023 16:18:49.933117,1982,True,True,True,True,Eyes,1.426923,0.1269214,-1.782055,0.8895567,-0.1965813,-0.4123648,0.0,0.0,0.0,0.0,0.0,0.0,0.0,-0.8693696,-0.5468833,-2.233698,1.650247,0.1326756,-1.817518,0.03590633,0.8485936,-0.07984159,0.5217521,9.960808,116.7166,358.6983,0.5982787,0.05681028,-0.799271,0.0,0.0,0.0,3.211362,-0.2927953,-3.085924,0.4328393,-0.06939946,2.00868,-0.4529713,-0.02237527,-0.8912445,0.1442548,0.9846721,-0.09803772,0.8797773,-0.1729745,-0.4428006,moving,-65.12935,25.48794,12.16041,-1.97877,2.8012997505528063,-1.013160003405193
05/04/2023 16:18:49.952695,1983,True,True,True,True,Eyes,1.437044,0.1271576,-1.783733,0.8847011,-0.1982598,-0.421897,0.0,0.0,0.0,0.0,0.0,0.0,0.0,-0.8381494,-0.5601181,-2.252053,1.660037,0.1340757,-1.820514,0.03789633,0.8518243,-0.08146378,0.5160648,10.24744,117.4802,358.8634,0.6008869,0.05668294,-0.7973211,0.0,0.0,0.0,3.200263,-0.3020194,-3.111449,0.4360577,-0.07144059,2.008417,-0.4644819,-0.01951915,-0.8853675,0.1486432,0.983855,-0.09967171,0.8730187,-0.1778996,-0.4540814,moving,-64.50443,25.16999,12.24966,-2.037186,2.8275222900509984,-1.004526429392064
05/04/2023 16:18:49.962868,1984,True,True,True,True,Eyes,1.447134,0.1273933,-1.785515,0.8796841,-0.2001061,-0.4314087,0.0,0.0,0.0,0.0,0.0,0.0,0.0,-0.8081203,-0.5704318,-2.270186,1.669779,0.13549,-1.823644,0.03960333,0.8549163,-0.08249348,0.5106317,10.45688,118.2131,359.0367,0.6034672,0.05656006,-0.7953787,0.0,0.0,0.0,3.189957,-0.3085156,-3.13627,0.4393111,-0.07350332,2.008152,-0.4753738,-0.0165325,-0.8796287,0.1519626,0.9832528,-0.1006046,0.8665606,-0.1814954,-0.4649003,moving,-63.87606,24.88392,12.33985,-2.096231,2.8534608976769222,-0.9964774372488673
05/04/2023 16:18:49.983112,1985,True,True,True,True,Eyes,1.457211,0.1276388,-1.787368,0.8745128,-0.2020273,-0.4409222,0.0,0.0,0.0,0.0,0.0,0.0,0.0,-0.7775408,-0.5809034,-2.2882,1.67957,0.1359802,-1.827138,0.0413484,0.8580082,-0.08369916,0.5050809,10.68432,118.9581,359.2073,0.6060172,0.05644105,-0.7934461,0.0,0.0,0.0,3.178971,-0.3165352,-3.16138,0.442551,-0.07555805,2.007888,-0.4863671,-0.01359517,-0.8736487,0.1555042,0.9825696,-0.1018605,0.8598053,-0.1853977,-0.4757754,moving,-63.24313,24.6169,12.42962,-2.155059,2.8793184773452136,-0.9887671410330198
05/04/2023 16:18:50.003058,1986,True,True,True,True,Eyes,1.46728,0.1278832,-1.789283,0.869249,-0.2040175,-0.4503145,0.0,0.0,0.0,0.0,0.0,0.0,0.0,-0.7470003,-0.5929804,-2.305167,1.68937,0.1364133,-1.830534,0.04360972,0.8610012,-0.08511456,0.4995305,10.96074,119.702,359.42,0.6085358,0.05632583,-0.7915242,0.0,0.0,0.0,3.167479,-0.3258254,-3.185791,0.4456179,-0.07750285,2.007638,-0.4971349,-0.009938608,-0.8676163,0.1601307,0.9817074,-0.1029987,0.852769,-0.1901362,-0.4864495,moving,-62.61358,24.37317,12.51456,-2.210748,2.904759303031067,-0.9815089997501983
05/04/2023 16:18:50.022994,1987,True,True,True,True,Eyes,1.477331,0.1281295,-1.791283,0.8638763,-0.2060197,-0.4596451,0.0,0.0,0.0,0.0,0.0,0.0,0.0,-0.7188371,-0.6037399,-2.321246,1.698941,0.1366617,-1.834212,0.04584146,0.8637372,-0.08627293,0.4943821,11.20738,120.3934,359.6429,0.6110226,0.05621388,-0.7896141,0.0,0.0,0.0,3.156681,-0.3343667,-3.209197,0.4490072,-0.07965134,2.007364,-0.5069699,-0.006113641,-0.8619421,0.1644935,0.9809111,-0.1037079,0.8461227,-0.1943607,-0.4962869,moving,-61.98377,24.14263,12.60838,-2.27228,2.9300412395199174,-0.9744976863670909
05/04/2023 16:18:50.033591,1988,True,True,True,True,Eyes,1.487378,0.1283651,-1.793365,0.8584642,-0.207901,-0.4688457,0.0,0.0,0.0,0.0,0.0,0.0,0.0,-0.6934131,-0.6131443,-2.336723,1.708644,0.1371286,-1.838143,0.04800797,0.8661795,-0.08708686,0.489739,11.41351,121.0198,359.8753,0.6134765,0.05610485,-0.7877169,0.0,0.0,0.0,3.147846,-0.3409822,-3.230846,0.4520401,-0.08157475,2.007118,-0.5157022,-0.002132622,-0.8567654,0.1684667,0.9802222,-0.103843,0.8400421,-0.1978885,-0.5051435,moving,-61.35907,23.91402,12.6923,-2.327376,2.955117291187879,-0.967544378114042
05/04/2023 16:18:50.052591,1989,True,True,True,True,Eyes,1.497414,0.1285813,-1.795547,0.8529549,-0.2097214,-0.4780009,0.0,0.0,0.0,0.0,0.0,0.0,0.0,-0.6689045,-0.6168235,-2.353406,1.71843,0.137102,-1.842451,0.04929949,0.8685875,-0.08697604,0.4853458,11.4754,121.6163,0.07102933,0.6158973,0.05599784,-0.7858333,0.0,0.0,0.0,3.140297,-0.343702,-3.252776,0.4555153,-0.08377813,2.006835,-0.5240182,0.001214906,-0.8517063,0.1700687,0.9800094,-0.103238,0.8345549,-0.1989472,-0.5137494,moving,-60.73347,23.68931,12.78842,-2.390505,2.980175564448769,-0.9606605518046883
05/04/2023 16:18:50.072601,1990,True,True,True,True,Eyes,1.507467,0.1287831,-1.797787,0.847394,-0.2111723,-0.4871648,0.0,0.0,0.0,0.0,0.0,0.0,0.0,-0.6423285,-0.6205531,-2.370433,1.72821,0.136872,-1.846938,0.05024761,0.8711474,-0.08697233,0.4806383,11.52721,122.2496,0.2304911,0.6182834,0.0558917,-0.783965,0.0,0.0,0.0,3.132029,-0.3462317,-3.275174,0.4584751,-0.08565502,2.006593,-0.5329238,0.003941684,-0.8461539,0.1711506,0.979822,-0.1032296,0.8286733,-0.1998333,-0.5228451,moving,-60.1055,23.43538,12.87026,-2.444289,3.005690341025298,-0.9532173982634483
05/04/2023 16:18:50.082869,1991,True,True,True,True,Eyes,1.517513,0.1289586,-1.800134,0.8417919,-0.2125197,-0.4962073,0.0,0.0,0.0,0.0,0.0,0.0,0.0,-0.6185095,-0.620784,-2.387345,1.738101,0.1367405,-1.851391,0.05009152,0.8734007,-0.08650737,0.4766326,11.4704,122.7852,0.2943929,0.620636,0.05578562,-0.7821114,0.0,0.0,0.0,3.126762,-0.3457583,-3.295312,0.4615235,-0.0875885,2.006344,-0.5406244,0.005035478,-0.8412489,0.1699644,0.9800146,-0.1033607,0.8239158,-0.1988617,-0.5306758,moving,-59.48212,23.18488,12.95451,-2.499705,3.0309985624222673,-0.9458582345148229
05/04/2023 16:18:50.102856,1992,True,True,True,True,Eyes,1.52754,0.1290978,-1.802604,0.8361475,-0.2134402,-0.5052728,0.0,0.0,0.0,0.0,0.0,0.0,0.0,-0.5956355,-0.6209835,-2.403964,1.747995,0.1362768,-1.856175,0.0495822,0.8755205,-0.0862024,0.4728367,11.41024,123.2872,0.3098598,0.6229542,0.05567833,-0.7802738,0.0,0.0,0.0,3.121896,-0.34612,-3.315023,0.4649683,-0.08977243,2.006064,-0.5479342,0.005301161,-0.8365046,0.1683398,0.9802215,-0.1040554,0.8194082,-0.1978325,-0.5379892,moving,-58.856,22.90045,13.04966,-2.562307,3.056836444823007,-0.9378496361558356
05/04/2023 16:18:50.112509,1993,True,True,True,True,Eyes,1.537567,0.1291772,-1.805181,0.8304403,-0.2143294,-0.5142294,0.0,0.0,0.0,0.0,0.0,0.0,0.0,-0.5700305,-0.6223234,-2.420758,1.757854,0.1355583,-1.861145,0.0488105,0.8778336,-0.0862515,0.4686006,11.37176,123.8404,0.2840332,0.6252364,0.05556829,-0.7784541,0.0,0.0,0.0,3.115602,-0.3476015,-3.33555,0.4680752,-0.09174247,2.005812,-0.5560621,0.004859973,-0.8311266,0.16653,0.9803565,-0.1056837,0.8142867,-0.1971742,-0.5459484,moving,-58.23318,22.62624,13.13544,-2.618787,3.0824269950609415,-0.9300471748611273
05/04/2023 16:18:50.133798,1994,True,True,True,True,Eyes,1.547589,0.1291967,-1.807875,0.8246684,-0.2149819,-0.523168,0.0,0.0,0.0,0.0,0.0,0.0,0.0,-0.5434916,-0.6242748,-2.437435,1.767889,0.1342818,-1.866207,0.04724053,0.8801176,-0.08676615,0.4643631,11.33834,124.3813,0.1503235,0.6274824,0.05545312,-0.776653,0.0,0.0,0.0,3.109571,-0.3506697,-3.355418,0.4711527,-0.09369425,2.005562,-0.5642708,0.00257244,-0.825586,0.1637364,0.9804799,-0.1088553,0.8091905,-0.1966023,-0.5536773,moving,-57.60904,22.3389,13.22037,-2.674754,3.108231722973303,-0.9219922956209489
05/04/2023 16:18:50.152759,1995,True,True,True,True,Eyes,1.557614,0.1291564,-1.810671,0.818836,-0.2156826,-0.5319666,0.0,0.0,0.0,0.0,0.0,0.0,0.0,-0.5172367,-0.6301386,-2.452729,1.77786,0.1326994,-1.871387,0.04595063,0.8822558,-0.08809715,0.4601657,11.40473,124.9089,0.0001080004,0.6296915,0.05533073,-0.7748716,0.0,0.0,0.0,3.102901,-0.3576424,-3.374458,0.4743286,-0.09570739,2.005304,-0.5722724,1.848734e-06,-0.8200638,0.162159,0.9802549,-0.1131586,0.8038713,-0.1977382,-0.5609732,moving,-56.98975,22.06979,13.30798,-2.732489,3.1336320383633556,-0.9143007083026518
05/04/2023 16:18:50.163268,1996,True,True,True,True,Eyes,1.567643,0.1290625,-1.813555,0.812978,-0.2162261,-0.5406598,0.0,0.0,0.0,0.0,0.0,0.0,0.0,-0.4919403,-0.6367264,-2.467412,1.787983,0.1312253,-1.876551,0.04489057,0.8842467,-0.08950529,0.4561597,11.49275,125.4106,359.8673,0.631864,0.05519925,-0.7731106,0.0,0.0,0.0,3.096787,-0.3651022,-3.392613,0.4774867,-0.0977098,2.005048,-0.5798066,-0.002268753,-0.8147513,0.1610461,0.9799473,-0.117335,0.7986795,-0.1992441,-0.5678145,moving,-56.37465,21.79796,13.39505,-2.789926,3.1589183740831164,-0.9065758080611579
05/04/2023 16:18:50.182873,1997,True,True,True,True,Eyes,1.577677,0.1289033,-1.816547,0.8071165,-0.2167697,-0.5491573,0.0,0.0,0.0,0.0,0.0,0.0,0.0,-0.4695385,-0.6416211,-2.481546,1.797956,0.1298292,-1.881677,0.0438393,0.8859785,-0.09057517,0.4526774,11.5478,125.8463,359.7473,0.6340002,0.05505734,-0.7713699,0.0,0.0,0.0,3.09233,-0.3713205,-3.409307,0.4807261,-0.09976418,2.004784,-0.586323,-0.004321319,-0.8100661,0.159684,0.9797485,-0.1208052,0.7941831,-0.2001854,-0.573759,moving,-55.76886,21.54072,13.48433,-2.848863,3.1836884647574455,-0.8991647415030944
05/04/2023 16:18:50.202795,1998,True,True,True,True,Eyes,1.587729,0.1286802,-1.819635,0.8012626,-0.2171348,-0.557522,0.0,0.0,0.0,0.0,0.0,0.0,0.0,-0.4499428,-0.6445125,-2.495858,1.808093,0.1280941,-1.887205,0.0427653,0.8874851,-0.09131332,0.4496702,11.56848,126.2224,359.6365,0.6360999,0.05490328,-0.7696503,0.0,0.0,0.0,3.089854,-0.3765872,-3.425061,0.4838692,-0.1017574,2.004528,-0.5919358,-0.006214618,-0.8059612,0.1580289,0.979666,-0.1236178,0.7903411,-0.200539,-0.5789173,moving,-55.16964,21.27912,13.57091,-2.906057,3.2082810438029212,-0.8916996541479362
05/04/2023 16:18:50.213109,1999,True,True,True,True,Eyes,1.597788,0.128387,-1.822835,0.7954053,-0.2174617,-0.5657215,0.0,0.0,0.0,0.0,0.0,0.0,0.0,-0.4282429,-0.6456074,-2.511014,1.818177,0.1262969,-1.893059,0.04142784,0.8892002,-0.09177618,0.4463004,11.54826,126.646,359.5179,0.6381632,0.05473567,-0.7679523,0.0,0.0,0.0,3.086082,-0.3807454,-3.44243,0.4872391,-0.1038942,2.004253,-0.5981994,-0.008244218,-0.8013049,0.1555948,0.9797217,-0.1262363,0.7860965,-0.2001933,-0.5847863,moving,-54.57816,21.02662,13.6637,-2.96738,3.2324830490372123,-0.8844385292022487
05/04/2023 16:18:50.234132,2000,True,True,True,True,Eyes,1.60788,0.1280524,-1.82612,0.7895244,-0.217701,-0.5738094,0.0,0.0,0.0,0.0,0.0,0.0,0.0,-0.4066327,-0.6448594,-2.526477,1.828398,0.1242962,-1.898891,0.03951757,0.8908702,-0.09209844,0.4430654,11.48511,127.0481,359.3451,0.6401908,0.05455293,-0.7662759,0.0,0.0,0.0,3.083467,-0.3839278,-3.459063,0.4902992,-0.1058343,2.004005,-0.6042632,-0.01120121,-0.7967064,0.1520213,0.9799125,-0.1290777,0.7821483,-0.1991132,-0.5904223,moving,-53.99115,20.77655,13.74791,-3.023062,3.2564955017973825,-0.8772420867597804
05/04/2023 16:18:50.253913,2001,True,True,True,True,Eyes,1.617976,0.1276797,-1.829519,0.7836367,-0.2179109,-0.581746,0.0,0.0,0.0,0.0,0.0,0.0,0.0,-0.3848577,-0.6467002,-2.541282,1.838596,0.1229106,-1.904969,0.03778544,0.892502,-0.09278672,0.4397765,11.47024,127.4537,359.1719,0.6421837,0.05435491,-0.7646207,0.0,0.0,0.0,3.080209,-0.3882419,-3.47573,0.4935025,-0.1078656,2.003745,-0.610338,-0.01416368,-0.7920147,0.149058,0.9799258,-0.1323904,0.7779908,-0.1988589,-0.5959747,moving,-53.41103,20.53499,13.83601,-3.081372,3.280155055797776,-0.8702349024106368
05/04/2023 16:18:50.263035,2002,True,True,True,True,Eyes,1.628084,0.1272674,-1.83303,0.7777146,-0.2180088,-0.5896035,0.0,0.0,0.0,0.0,0.0,0.0,0.0,-0.3635497,-0.6467507,-2.556241,1.848768,0.1216061,-1.911044,0.03655204,0.8941361,-0.0929565,0.4365132,11.42835,127.8648,359.0771,0.6441411,0.05414166,-0.7629876,0.0,0.0,0.0,3.076897,-0.3909087,-3.492739,0.4966955,-0.1098903,2.003485,-0.6162407,-0.01578845,-0.7873999,0.1465185,0.9800461,-0.1343206,0.7738089,-0.1981424,-0.601631,moving,-52.83339,20.29212,13.92379,-3.139501,3.303743324153315,-0.8632136384028114
05/04/2023 16:18:50.282639,2003,True,True,True,True,Eyes,1.638189,0.1268052,-1.836659,0.7717941,-0.2181021,-0.5972984,0.0,0.0,0.0,0.0,0.0,0.0,0.0,-0.3439957,-0.6469306,-2.570953,1.858906,0.1201982,-1.917465,0.03612395,0.8956636,-0.09291703,0.433415,11.40589,128.2625,359.0745,0.6460634,0.05391311,-0.7613767,0.0,0.0,0.0,3.073627,-0.3936239,-3.5099,0.4999899,-0.1119789,2.003218,-0.6216933,-0.01583345,-0.783101,0.1452531,0.980123,-0.1351314,0.7696749,-0.1977581,-0.6070361,moving,-52.26339,20.05955,14.01431,-3.199478,3.3269292717692496,-0.8564184681085096
05/04/2023 16:18:50.302777,2004,True,True,True,True,Eyes,1.648289,0.1263175,-1.840409,0.7658262,-0.2181664,-0.6049079,0.0,0.0,0.0,0.0,0.0,0.0,0.0,-0.3255616,-0.6483765,-2.584921,1.868934,0.1185465,-1.923857,0.0361792,0.8970709,-0.09303122,0.4304652,11.42347,128.6426,359.1125,0.6479504,0.05366883,-0.7597888,0.0,0.0,0.0,3.070423,-0.3975485,-3.526394,0.5032154,-0.1140239,2.002955,-0.6267819,-0.01518279,-0.7790471,0.145004,0.9800726,-0.1357634,0.7655839,-0.1980589,-0.6120902,moving,-51.69563,19.83238,14.1029,-3.258208,3.349966925847841,-0.8497343260687829
05/04/2023 16:18:50.312904,2005,True,True,True,True,Eyes,1.658379,0.125791,-1.844282,0.759833,-0.2182117,-0.612403,0.0,0.0,0.0,0.0,0.0,0.0,0.0,-0.3052051,-0.6504014,-2.598944,1.878875,0.1174157,-1.930472,0.03581745,0.8986016,-0.09329611,0.4272333,11.43621,129.0534,359.1028,0.6498013,0.05340948,-0.7582248,0.0,0.0,0.0,3.066295,-0.4011373,-3.543478,0.5063474,-0.1160103,2.0027,-0.6323779,-0.01534717,-0.7745082,0.1440896,0.9800259,-0.1370673,0.7611417,-0.1982769,-0.6175354,moving,-51.13221,19.61203,14.18888,-3.315264,3.3727636866808957,-0.8431968329396561
05/04/2023 16:18:50.338650,2006,True,True,True,True,Eyes,1.668422,0.1252402,-1.848313,0.7537416,-0.2182365,-0.619876,0.0,0.0,0.0,0.0,0.0,0.0,0.0,-0.2832893,-0.6506551,-2.613349,1.888687,0.116032,-1.937162,0.03501453,0.9002487,-0.093414,0.4237927,11.4124,129.4883,359.057,0.6516158,0.05313511,-0.7566853,0.0,0.0,0.0,3.061177,-0.4043282,-3.561396,0.5099145,-0.1182723,2.00241,-0.6383477,-0.01613278,-0.7695793,0.1422199,0.9800957,-0.1385139,0.756496,-0.1978695,-0.6233474,moving,-50.56617,19.39537,14.28675,-3.380247,3.395606365609148,-0.8367175612448778
05/04/2023 16:18:50.352701,2007,True,True,True,True,Eyes,1.678458,0.1247147,-1.852443,0.7475602,-0.2183558,-0.6272754,0.0,0.0,0.0,0.0,0.0,0.0,0.0,-0.2549471,-0.6535864,-2.627584,1.898494,0.114792,-1.943943,0.03444048,0.9023333,-0.0939659,0.41926,11.44669,130.0596,359.0273,0.653392,0.05284636,-0.7551725,0.0,0.0,0.0,3.052224,-0.4087584,-3.581276,0.5127649,-0.1200796,2.002178,-0.64607,-0.01663872,-0.763097,0.1409459,0.9799685,-0.1406981,0.7501522,-0.1984562,-0.630783,moving,-50.00009,19.19311,14.36491,-3.432173,3.4182669284086424,-0.8305087973058547
05/04/2023 16:18:50.372682,2008,True,True,True,True,Eyes,1.688444,0.1242563,-1.856702,0.7412998,-0.2184744,-0.6346207,0.0,0.0,0.0,0.0,0.0,0.0,0.0,-0.2272661,-0.661288,-2.640135,1.908334,0.1145039,-1.950491,0.03441654,0.9042518,-0.09510119,0.4148497,11.5689,130.6122,359.0255,0.65513,0.05254588,-0.7536863,0.0,0.0,0.0,3.042651,-0.4152952,-3.600218,0.5161487,-0.1222252,2.001902,-0.6534306,-0.01666295,-0.7568031,0.1411478,0.9795426,-0.1434354,0.7437109,-0.2005461,-0.6377112,moving,-49.43344,18.99653,14.45765,-3.493829,3.4408753184959266,-0.8244043771970891
05/04/2023 16:18:50.382673,2009,True,True,True,True,Eyes,1.698412,0.1238078,-1.861078,0.7349235,-0.2184394,-0.6420059,0.0,0.0,0.0,0.0,0.0,0.0,0.0,-0.2018416,-0.6686516,-2.651959,1.918002,0.1160394,-1.956661,0.03479743,0.9060148,-0.09568089,0.4108182,11.65203,131.1248,359.0896,0.6568286,0.05223766,-0.752228,0.0,0.0,0.0,3.034475,-0.4178787,-3.617985,0.5191742,-0.1241437,2.001656,-0.6600351,-0.01556096,-0.7510737,0.1416689,0.9792686,-0.1447858,0.7377558,-0.2019674,-0.6441472,moving,-48.86057,18.79063,14.54053,-3.548969,3.4638231617997555,-0.8180983220841935
05/04/2023 16:18:50.402720,2010,True,True,True,True,Eyes,1.708356,0.1234219,-1.865582,0.7282972,-0.2180984,-0.6496279,0.0,0.0,0.0,0.0,0.0,0.0,0.0,-0.1704383,-0.6625948,-2.667774,1.927571,0.1158326,-1.963708,0.03635953,0.90859,-0.09346775,0.4054702,11.49797,131.8439,359.4314,0.6584877,0.05192299,-0.7507979,0.0,0.0,0.0,3.021376,-0.4119125,-3.642867,0.5225141,-0.1262617,2.001383,-0.6685439,-0.009724961,-0.7436092,0.1418686,0.9798836,-0.1403623,0.7300155,-0.1993331,-0.6537156,moving,-48.26762,18.55836,14.63197,-3.609846,3.4878194763417607,-0.8112112117230571
05/04/2023 16:18:50.413097,2011,True,True,True,True,Eyes,1.718286,0.1231628,-1.870179,0.7214155,-0.2173078,-0.6575235,0.0,0.0,0.0,0.0,0.0,0.0,0.0,-0.1279799,-0.6544541,-2.684442,1.937198,0.1165836,-1.970935,0.03899616,0.912046,-0.09022039,0.3981354,11.28105,132.8305,359.9587,0.6601071,0.05160511,-0.7493964,0.0,0.0,0.0,3.000702,-0.4009969,-3.673375,0.5256041,-0.128221,2.001132,-0.6799352,-0.0007072647,-0.733272,0.1429725,0.9806792,-0.1335188,0.7191991,-0.1956218,-0.6666971,moving,-47.65286,18.28843,14.71652,-3.666172,3.5130695335292703,-0.8035234715348606
05/04/2023 16:18:50.434830,2012,True,True,True,True,Eyes,1.728228,0.1230092,-1.874846,0.7144145,-0.2161599,-0.6654975,0.0,0.0,0.0,0.0,0.0,0.0,0.0,-0.07756841,-0.6339958,-2.703252,1.946869,0.1193987,-1.97762,0.04275745,0.9162667,-0.08365568,0.3893957,10.75448,134.0234,0.7700905,0.6616876,0.05128941,-0.748023,0.0,0.0,0.0,2.975173,-0.3749112,-3.709182,0.5287663,-0.1302253,2.000876,-0.6930858,0.01320414,-0.7207344,0.1435048,0.9823471,-0.1200027,0.7064269,-0.186601,-0.6827458,moving,-47.03025,17.99429,14.803,-3.723795,3.538906651468622,-0.7953472774882593
05/04/2023 16:18:50.453038,2013,True,True,True,True,Eyes,1.738151,0.1229682,-1.879619,0.7072667,-0.21468,-0.6735623,0.0,0.0,0.0,0.0,0.0,0.0,0.0,-0.03204989,-0.6042548,-2.722841,1.956554,0.1220057,-1.984193,0.04484026,0.9200392,-0.07592742,0.3817751,10.01757,135.0526,1.427674,0.6632298,0.05098003,-0.7466772,0.0,0.0,0.0,2.955011,-0.3431537,-3.741936,0.5319761,-0.1322611,2.000616,-0.7044746,0.02453521,-0.7093054,0.140484,0.9844488,-0.1054746,0.6956871,-0.1739502,-0.6969658,moving,-46.39824,17.67829,14.89073,-3.782331,3.5653558671412626,-0.7867202123855379
05/04/2023 16:18:50.462703,2014,True,True,True,True,Eyes,1.748059,0.1230401,-1.884506,0.7001154,-0.2131571,-0.6814708,0.0,0.0,0.0,0.0,0.0,0.0,0.0,0.008567095,-0.5860882,-2.739106,1.966052,0.1246232,-1.991326,0.04540924,0.9231105,-0.07109652,0.375167,9.516522,135.9122,1.771571,0.6647344,0.05068072,-0.7453585,0.0,0.0,0.0,2.937824,-0.3222289,-3.769515,0.5352936,-0.1343644,2.000345,-0.7143754,0.03048936,-0.6990981,0.1371816,0.9857666,-0.09718779,0.6861842,-0.165332,-0.7083901,moving,-45.77317,17.36915,14.98137,-3.84282,3.5914714402931396,-0.7782516027991262
05/04/2023 16:18:50.482534,2015,True,True,True,True,Eyes,1.757955,0.1231953,-1.889476,0.6927631,-0.2114144,-0.6894804,0.0,0.0,0.0,0.0,0.0,0.0,0.0,0.05723083,-0.568271,-2.754808,1.975562,0.1275136,-1.999016,0.04505285,0.9266076,-0.06664656,0.3673241,9.010091,136.9093,2.003597,0.6662014,0.05039484,-0.744067,0.0,0.0,0.0,2.916174,-0.3016405,-3.798965,0.5383044,-0.1362736,2.0001,-0.7260869,0.03453084,-0.6867358,0.1324544,0.987057,-0.09041243,0.6747254,-0.1566084,-0.7212628,moving,-45.13608,17.04704,15.06358,-3.897733,3.6181787526744777,-0.7694880883623146
05/04/2023 16:18:50.502593,2016,True,True,True,True,Eyes,1.767833,0.1233966,-1.894525,0.6855277,-0.2100389,-0.6970907,0.0,0.0,0.0,0.0,0.0,0.0,0.0,0.1043893,-0.5557739,-2.767784,1.985254,0.1294496,-2.005596,0.0455493,0.9297702,-0.06310034,0.3598207,8.633697,137.8591,2.27762,0.6676315,0.05012429,-0.7428022,0.0,0.0,0.0,2.894799,-0.2861239,-3.82542,0.5415267,-0.1383169,1.999838,-0.7369087,0.03929116,-0.6748495,0.1301104,0.9878872,-0.08455847,0.6633528,-0.1501168,-0.7330949,moving,-44.52084,16.76796,15.1515,-3.956507,3.6435624600077765,-0.7616263140987352
05/04/2023 16:18:50.522433,2017,True,True,True,True,Eyes,2.01407,0.1292957,-2.022539,0.4776015,-0.1705192,-0.86187,0.0,0.0,0.0,0.0,0.0,0.0,0.0,0.1436936,-0.5521562,-2.778524,1.994625,0.1310085,-2.012468,0.04726221,0.9322805,-0.06085715,0.353434,8.446162,138.6689,2.613587,0.6690254,0.04986938,-0.7415642,0.0,0.0,0.0,2.876112,-0.2768772,-3.848625,0.5448644,-0.1404334,1.999566,-0.7457014,0.04510531,-0.6647518,0.1311412,0.9881254,-0.08006372,0.6532468,-0.14688,-0.7427616,moving,-28.99284,11.19133,15.24254,-4.017398,4.2655218046599295,-0.5907797953875626
05/04/2023 16:18:50.535328,2018,True,True,True,True,Eyes,2.014705,0.1292955,-2.022589,0.4783075,-0.1721437,-0.8611553,0.0,0.0,0.0,0.0,0.0,0.0,0.0,0.1782427,-0.5612563,-2.786462,2.003991,0.1320688,-2.019337,0.04984513,0.9342855,-0.06080362,0.347749,8.527438,139.3884,2.94738,0.6744166,0.04924949,-0.7367063,0.7387111,0.01769719,-0.384043,2.859051,-0.2771477,-3.868438,0.5479251,-0.1423742,1.999317,-0.7531726,0.05085035,-0.6558549,0.1354279,0.9876368,-0.07894868,0.643732,-0.148283,-0.7507474,moving,-29.0489,11.30434,15.32596,-4.073237,4.2620926111644035,-0.5931424092604494
05/04/2023 16:18:50.552951,2019,True,True,True,True,Eyes,2.015671,0.129323,-2.022929,0.4784648,-0.1738112,-0.8607329,0.0,0.0,0.0,0.0,0.0,0.0,0.0,0.2131097,-0.5832717,-2.790895,2.012819,0.1329517,-2.026228,0.05211737,0.9361114,-0.06342794,0.3419885,8.881905,140.1068,3.14424,0.6788692,0.0487249,-0.7326403,0.6943884,0.01663536,-0.3610004,2.839983,-0.2882902,-3.886114,0.5511268,-0.144404,1.999057,-0.7606553,0.05419207,-0.64689,0.1409586,0.9865213,-0.08310416,0.6336672,-0.1543983,-0.7580416,moving,-29.06884,11.41644,15.41318,-4.131645,4.259956434967198,-0.5953343421870192
05/04/2023 16:18:50.562815,2020,True,True,True,True,Eyes,2.016922,0.1293441,-2.023561,0.4782848,-0.1756717,-0.8604552,0.0,0.0,0.0,0.0,0.0,0.0,0.0,0.2548193,-0.5974974,-2.795997,2.021717,0.1337139,-2.033301,0.05352343,0.9383775,-0.06488644,0.3352207,9.071114,140.9454,3.306026,0.6825538,0.04828093,-0.7292384,0.6527252,0.01563724,-0.3393404,2.817258,-0.2944692,-3.906302,0.5547923,-0.1467288,1.998759,-0.7695249,0.05694779,-0.6360729,0.1439529,0.98585,-0.08589164,0.6221812,-0.1576603,-0.766834,moving,-29.06753,11.539,15.51297,-4.198549,4.25844082100493,-0.5976325413803769
05/04/2023 16:18:50.582614,2021,True,True,True,True,Eyes,2.018475,0.1293616,-2.024448,0.4775687,-0.1775938,-0.8604584,0.0,0.0,0.0,0.0,0.0,0.0,0.0,0.2990425,-0.6141807,-2.79939,2.030385,0.13365,-2.04032,0.05483175,0.9406858,-0.0670085,0.3280452,9.325468,141.8302,3.439129,0.6856088,0.047904,-0.7263919,0.6135616,0.014699,-0.3189799,2.793209,-0.30338,-3.925535,0.5574338,-0.1484037,1.998543,-0.7787595,0.05919527,-0.6245232,0.1471225,0.9850066,-0.09009328,0.6098266,-0.1620425,-0.7757924,moving,-29.031,11.66178,15.58485,-4.246757,4.258171892884,-0.5997851269529533
05/04/2023 16:18:50.602700,2022,True,True,True,True,Eyes,2.019991,0.1294244,-2.025811,0.4742654,-0.1799601,-0.8617927,0.0,0.0,0.0,0.0,0.0,0.0,0.0,0.3445672,-0.6308697,-2.801679,2.039182,0.1336244,-2.046951,0.05564725,0.9429656,-0.06934662,0.3207962,9.58356,142.7182,3.515025,0.6881486,0.04758263,-0.7240075,0.576748,0.01381706,-0.2998412,2.768476,-0.3132178,-3.943928,0.5606246,-0.1504272,1.998282,-0.7879863,0.06045461,-0.6127176,0.1494392,0.9841889,-0.09508011,0.5972818,-0.1664858,-0.7845615,moving,-28.82505,11.79505,15.67164,-4.305006,4.263779729279986,-0.6014145510563337
05/04/2023 16:18:50.622552,2023,True,True,True,True,Eyes,2.021796,0.1295271,-2.027392,0.4706348,-0.1822775,-0.8632948,0.0,0.0,0.0,0.0,0.0,0.0,0.0,0.3890742,-0.6450455,-2.804051,2.048129,0.1342751,-2.053607,0.05583327,0.9451421,-0.07136641,0.3138407,9.784814,143.5644,3.534072,0.6902574,0.04730884,-0.7220154,0.542143,0.01298804,-0.2818507,2.74527,-0.3210464,-3.961491,0.5639305,-0.1525231,1.998015,-0.7967736,0.06074538,-0.6012173,0.1503361,0.983579,-0.09985729,0.5852787,-0.1699483,-0.7928219,moving,-28.5975,11.92242,15.76148,-4.365338,4.270229061137586,-0.6028412332023404
05/04/2023 16:18:50.635457,2024,True,True,True,True,Eyes,2.02375,0.1296504,-2.029263,0.4649562,-0.1843672,-0.8659241,0.0,0.0,0.0,0.0,0.0,0.0,0.0,0.43132,-0.6528624,-2.807537,2.056839,0.1352842,-2.060495,0.05521376,0.9472223,-0.07248947,0.3073545,9.86153,144.3471,3.493762,0.6920134,0.04707576,-0.7203478,0.5096145,0.01220876,-0.2649397,2.724472,-0.3248158,-3.978605,0.5671563,-0.1545682,1.997753,-0.8049694,0.06003946,-0.5902709,0.1491593,0.9833934,-0.1033869,0.5742613,-0.1712677,-0.8005571,moving,-28.23349,12.01958,15.84909,-4.424219,4.281904586875804,-0.6031198529436964
05/04/2023 16:18:50.652671,2025,True,True,True,True,Eyes,2.025962,0.1297789,-2.031332,0.4590249,-0.1864358,-0.8686414,0.0,0.0,0.0,0.0,0.0,0.0,0.0,0.4693264,-0.6553594,-2.81193,2.064887,0.135611,-2.067501,0.05382669,0.9490921,-0.07313985,0.3016252,9.863636,145.0306,3.377955,0.6934775,0.04687709,-0.7189513,0.4790376,0.01147623,-0.2490433,2.706675,-0.3274408,-3.99453,0.5703008,-0.1565618,1.997498,-0.8122502,0.05805132,-0.5804138,0.1462946,0.9835065,-0.1063619,0.5646664,-0.1713039,-0.8073459,moving,-27.85377,12.11357,15.93445,-4.48162,4.294177855018326,-0.6032720899317274
05/04/2023 16:18:50.662964,2026,True,True,True,True,Eyes,2.028398,0.129918,-2.033583,0.4530564,-0.1885084,-0.8713234,0.0,0.0,0.0,0.0,0.0,0.0,0.0,0.5099165,-0.6632116,-2.814224,2.073374,0.13587,-2.074217,0.05377119,0.9509833,-0.07417219,0.2953609,9.9528,145.7884,3.402449,0.6947029,0.04670701,-0.7177784,0.4502954,0.01078766,-0.2341007,2.686058,-0.331774,-4.010456,0.5735792,-0.158641,1.997231,-0.8197413,0.05845587,-0.5697432,0.1460861,0.9832143,-0.1093092,0.5537899,-0.1728368,-0.814521,moving,-27.47279,12.20764,16.02339,-4.541495,4.3064948041799385,-0.6034204733967047
05/04/2023 16:18:50.682771,2027,True,True,True,True,Eyes,2.031066,0.1301143,-2.035983,0.4468684,-0.1906632,-0.8740458,0.0,0.0,0.0,0.0,0.0,0.0,0.0,0.5483893,-0.6771004,-2.814231,2.080772,0.1363288,-2.08108,0.05456482,0.9527034,-0.07593699,0.2891587,10.15121,146.5432,3.497643,0.6957878,0.04655539,-0.7167366,0.4232776,0.0101404,-0.2200546,2.663984,-0.3387666,-4.025394,0.5766196,-0.1605695,1.996982,-0.82682,0.06005247,-0.559252,0.1478838,0.9825125,-0.113135,0.542678,-0.1762466,-0.8212417,moving,-27.07904,12.30566,16.10584,-4.59704,4.319214446249349,-0.6035888095973075
05/04/2023 16:18:50.702806,2028,True,True,True,True,Eyes,2.033996,0.1303227,-2.038497,0.4407583,-0.1928345,-0.8766681,0.0,0.0,0.0,0.0,0.0,0.0,0.0,0.5849081,-0.6952398,-2.813074,2.089101,0.1379404,-2.086982,0.05548961,0.9541717,-0.07823983,0.2834713,10.41449,147.2351,3.587137,0.6967677,0.04642003,-0.7157928,0.397881,0.009531975,-0.2068514,2.644404,-0.3469359,-4.037899,0.5798321,-0.1626057,1.996722,-0.8331297,0.06153572,-0.5496435,0.1502507,0.9815989,-0.117849,0.5322775,-0.1807678,-0.827045,moving,-26.69166,12.4054,16.19288,-4.655684,4.331686179393756,-0.6038165608317387
05/04/2023 16:18:50.712918,2029,True,True,True,True,Eyes,2.037123,0.1305379,-2.041155,0.4344666,-0.1950995,-0.8793036,0.0,0.0,0.0,0.0,0.0,0.0,0.0,0.6194917,-0.7093438,-2.812564,2.096575,0.138827,-2.093456,0.05614027,0.9555926,-0.0800447,0.2779999,10.61416,147.8989,3.6627,0.6976562,0.04629929,-0.7149348,0.3740081,0.008960056,-0.1944403,2.625004,-0.3538636,-4.050762,0.5831695,-0.1647225,1.996448,-0.8391286,0.06278962,-0.5402967,0.1517993,0.9808823,-0.1217663,0.5223218,-0.1841942,-0.8326178,moving,-26.29412,12.51009,16.28327,-4.716663,4.344455265723779,-0.6040941591142309
05/04/2023 16:18:50.735974,2030,True,True,True,True,Eyes,2.040437,0.1307607,-2.043947,0.4282823,-0.1973499,-0.8818318,0.0,0.0,0.0,0.0,0.0,0.0,0.0,0.6518149,-0.7277354,-2.810908,2.104472,0.1390913,-2.099408,0.05729868,0.9567718,-0.08253369,0.2729343,10.90665,148.5169,3.77159,0.6984631,0.04619161,-0.7141534,0.3515677,0.008422453,-0.1827739,2.607295,-0.3640594,-4.061627,0.5862635,-0.1666841,1.996198,-0.8444479,0.06459095,-0.5317298,0.1546961,0.9798101,-0.1266542,0.5128135,-0.1892093,-0.8373905,moving,-25.90462,12.61467,16.36699,-4.773168,4.356940521281823,-0.6044038743233818
05/04/2023 16:18:50.753004,2031,True,True,True,True,Eyes,2.043921,0.1309995,-2.046864,0.4219131,-0.1996534,-0.88438,0.0,0.0,0.0,0.0,0.0,0.0,0.0,0.684708,-0.7466328,-2.808265,2.111779,0.1395539,-2.1056,0.05844844,0.9579653,-0.08508787,0.2676688,11.20454,149.1588,3.883226,0.6991974,0.04609565,-0.7134408,0.3304736,0.007917106,-0.1718074,2.587986,-0.3742278,-4.07256,0.5894424,-0.1686999,1.99594,-0.8498746,0.0664324,-0.5227813,0.1575339,0.9786876,-0.1317328,0.5028883,-0.1943121,-0.8422271,moving,-25.50451,12.72156,16.45296,-4.831245,4.369772742666086,-0.6047118989946344
05/04/2023 16:18:50.773073,2032,True,True,True,True,Eyes,2.047606,0.1312499,-2.049875,0.4155553,-0.2017872,-0.8869023,0.0,0.0,0.0,0.0,0.0,0.0,0.0,0.7184246,-0.7629608,-2.805655,2.11948,0.1401951,-2.11142,0.05940736,0.9591756,-0.08719599,0.2623926,11.44625,149.801,3.990384,0.6998674,0.04601043,-0.7127891,0.3106452,0.00744208,-0.161499,2.569163,-0.3823865,-4.083189,0.5927094,-0.1707708,1.995674,-0.8552419,0.06820501,-0.5137213,0.1597233,0.9777352,-0.1360964,0.493001,-0.1984486,-0.8470941,moving,-25.1053,12.81769,16.54127,-4.890914,4.382710176586135,-0.6048214938122666
05/04/2023 16:18:50.782987,2033,True,True,True,True,Eyes,2.051449,0.1315084,-2.053004,0.4090732,-0.2038838,-0.8894327,0.0,0.0,0.0,0.0,0.0,0.0,0.0,0.7507362,-0.7721732,-2.804667,2.126754,0.1408268,-2.117332,0.05912191,0.9603816,-0.0886247,0.2575223,11.57658,150.3821,3.975145,0.7004816,0.04593494,-0.7121903,0.2920065,0.006995555,-0.151809,2.552742,-0.3879593,-4.093552,0.5958051,-0.1727341,1.995422,-0.8603739,0.0679135,-0.5051185,0.1592048,0.9773006,-0.1397766,0.4841599,-0.2006775,-0.851656,moving,-24.69893,12.91081,16.62489,-4.947486,4.39593998772965,-0.604844066438921
05/04/2023 16:18:50.802789,2034,True,True,True,True,Eyes,2.055455,0.131775,-2.056243,0.4026033,-0.2056963,-0.8919638,0.0,0.0,0.0,0.0,0.0,0.0,0.0,0.7847667,-0.7761259,-2.804558,2.134444,0.141277,-2.123197,0.05808005,0.9616758,-0.08948723,0.2525835,11.62209,150.9637,3.893055,0.701046,0.04586822,-0.7116389,0.2744861,0.006575822,-0.1427005,2.536799,-0.3917226,-4.104173,0.5992163,-0.1748973,1.995144,-0.8656566,0.06650236,-0.4962017,0.1569143,0.9772375,-0.1427753,0.475412,-0.2014555,-0.8563873,moving,-24.29286,12.98599,16.71698,-5.009827,4.409387810125736,-0.6045306951492871
05/04/2023 16:18:50.836080,2035,True,True,True,True,Eyes,2.059606,0.1320367,-2.059596,0.3959976,-0.2073985,-0.8945233,0.0,0.0,0.0,0.0,0.0,0.0,0.0,0.8200846,-0.7737447,-2.805385,2.141802,0.1417403,-2.129317,0.05628199,0.9630925,-0.08956527,0.2475148,11.55921,151.5535,3.749731,0.7015672,0.0458093,-0.711129,0.2580169,0.006181273,-0.1341385,2.52083,-0.3924326,-4.115497,0.6025437,-0.1770064,1.994875,-0.8711379,0.06407206,-0.486841,0.1527469,0.9776208,-0.144658,0.4666774,-0.2003805,-0.8614293,moving,-23.87855,13.0536,16.80672,-5.070607,4.42322444407507,-0.6040399950612105
05/04/2023 16:18:50.842878,2036,True,True,True,True,Eyes,2.063604,0.1322917,-2.063194,0.387108,-0.2087,-0.8981045,0.0,0.0,0.0,0.0,0.0,0.0,0.0,0.8571203,-0.7697291,-2.805794,2.14944,0.1418566,-2.135276,0.0546309,0.9645602,-0.08932677,0.2421985,11.46592,152.1742,3.634124,0.7020502,0.04575694,-0.7106556,0.2425359,0.005810396,-0.1260902,2.504255,-0.3921153,-4.126864,0.605727,-0.1790254,1.994616,-0.876711,0.06211995,-0.47699,0.1486592,0.9780723,-0.145859,0.45747,-0.1987851,-0.8667215,moving,-23.31739,13.08212,16.89254,-5.128802,4.442769054997161,-0.6021901382010472
05/04/2023 16:18:50.862500,2037,True,True,True,True,Eyes,2.067698,0.1325227,-2.066909,0.3780361,-0.2099173,-0.9016782,0.0,0.0,0.0,0.0,0.0,0.0,0.0,0.8978223,-0.7589656,-2.806291,2.157113,0.1412208,-2.141099,0.05271186,0.9662294,-0.08809733,0.2363496,11.25415,152.8565,3.520211,0.7024904,0.0457103,-0.7102234,0.2279837,0.005461772,-0.1185247,2.486361,-0.3883673,-4.139033,0.6085578,-0.1808203,1.994385,-0.8827209,0.06021996,-0.4660233,0.143507,0.9789206,-0.1453276,0.4474483,-0.1951613,-0.8727558,moving,-22.74627,13.10544,16.96881,-5.18054,4.462733290585252,-0.600200188477352
05/04/2023 16:18:50.882611,2038,True,True,True,True,Eyes,2.072238,0.1326903,-2.070956,0.3684779,-0.2110571,-0.9053613,0.0,0.0,0.0,0.0,0.0,0.0,0.0,0.9365978,-0.7563767,-2.804741,2.164853,0.1408131,-2.146968,0.05182008,0.9676797,-0.08783857,0.2306407,11.18064,153.53,3.493112,0.7028931,0.04566762,-0.7098276,0.2143047,0.005134066,-0.1114133,2.465244,-0.3896488,-4.150796,0.6141706,-0.1843793,1.993929,-0.8882394,0.05977218,-0.4554763,0.1408088,0.9791982,-0.1460955,0.4372691,-0.1939028,-0.8781788,moving,-22.1461,13.12239,17.11989,-5.283135,4.48380931353583,-0.5979669861399266
05/04/2023 16:18:50.902775,2039,True,True,True,True,Eyes,2.07689,0.1328067,-2.075089,0.3588329,-0.2121062,-0.9089829,0.0,0.0,0.0,0.0,0.0,0.0,0.0,1.012897,-0.7525553,-2.800314,2.180271,0.1394422,-2.158942,0.05016669,0.9703923,-0.0876683,0.2194004,11.07878,154.8537,3.440514,0.7032645,0.04562549,-0.7094625,0.2014464,0.004826022,-0.1047285,2.430745,-0.3903132,-4.170929,0.6181207,-0.1868837,1.993608,-0.8986938,0.05889382,-0.4346049,0.1358316,0.9795952,-0.1481321,0.4170128,-0.1921584,-0.8883558,moving,-21.54228,13.13463,17.22612,-5.355339,4.505074857794988,-0.5956297304659648
05/04/2023 16:18:50.922775,2040,True,True,True,True,Eyes,2.081673,0.1328496,-2.079289,0.3491189,-0.2130786,-0.9125314,0.0,0.0,0.0,0.0,0.0,0.0,0.0,1.051612,-0.7497907,-2.797478,2.188072,0.1383219,-2.164986,0.04958072,0.9717287,-0.08736707,0.2136636,11.01006,155.5306,3.447303,0.7036076,0.04558193,-0.7091248,0.1893597,0.004536461,-0.09844476,2.411748,-0.3907928,-4.181208,0.6213113,-0.1889074,1.993347,-0.9037794,0.05902371,-0.4239095,0.1336923,0.9798175,-0.148607,0.4065826,-0.1909814,-0.8934299,moving,-20.936,13.14323,17.31187,-5.413692,4.5264740683888025,-0.5932135939834973
05/04/2023 16:18:50.936538,2041,True,True,True,True,Eyes,2.086961,0.1327664,-2.083775,0.3389999,-0.2140005,-0.9161239,0.0,0.0,0.0,0.0,0.0,0.0,0.0,1.089792,-0.7475272,-2.794159,2.196089,0.1365882,-2.170785,0.04918025,0.9729846,-0.08717795,0.2080443,10.95914,156.1944,3.470432,0.7039269,0.0455344,-0.708811,0.1779981,0.004264273,-0.09253807,2.39323,-0.3923309,-4.190757,0.6245468,-0.1909589,1.993084,-0.9085977,0.05942949,-0.4134227,0.131977,0.9799626,-0.1491822,0.396273,-0.1901089,-0.8982351,moving,-20.30634,13.14815,17.39875,-5.472848,4.548749627984768,-0.5906288768088654
05/04/2023 16:18:50.952828,2042,True,True,True,True,Eyes,2.221892,0.1291967,-2.197418,0.07420631,-0.2281304,-0.9707986,0.0,0.0,0.0,0.0,0.0,0.0,0.0,1.162282,-0.7455226,-2.787334,2.212225,0.1336036,-2.182693,0.04808205,0.9752098,-0.08742329,0.1975128,10.92394,157.432,3.459276,0.7042273,0.04547825,-0.708515,0.1673182,0.004008417,-0.08698579,2.362513,-0.3960178,-4.20744,0.6277755,-0.1930062,1.992821,-0.9173537,0.05924573,-0.3936397,0.1283146,0.9800906,-0.1515184,0.3768257,-0.1895057,-0.9066917,moving,-4.371099,13.22414,17.4854,-5.531888,5.113111077790334,-0.5243035459387002
05/04/2023 16:18:50.972886,2043,True,True,True,True,Eyes,2.222234,0.129128,-2.19765,0.07382743,-0.2281536,-0.970822,0.0,0.0,0.0,0.0,0.0,0.0,0.0,1.199459,-0.7412444,-2.78378,2.220332,0.1320259,-2.188668,0.04682658,0.9763283,-0.08741374,0.1922223,10.87642,158.0453,3.376005,0.7051784,0.04488878,-0.7076064,0.5620723,-0.006940897,-0.4226954,2.345842,-0.3987189,-4.21577,0.6310786,-0.1951006,1.992552,-0.9217159,0.05783049,-0.3835306,0.1250419,0.9803322,-0.1526867,0.3671575,-0.1886912,-0.9108191,moving,-4.348763,13.22513,17.57397,-5.592286,5.113890867619413,-0.5242271864664635
05/04/2023 16:18:50.982491,2044,True,True,True,True,Eyes,2.222903,0.1289841,-2.198097,0.07302072,-0.2281221,-0.9708904,0.0,0.0,0.0,0.0,0.0,0.0,0.0,1.239812,-0.7329403,-2.779628,2.228658,0.1302864,-2.194715,0.04500654,0.9775521,-0.08705106,0.1865167,10.77676,158.7013,3.239871,0.7059449,0.04440258,-0.7068724,0.528348,-0.006524443,-0.3973337,2.328349,-0.4003029,-4.224197,0.6341631,-0.1970565,1.992302,-0.9263719,0.05551952,-0.3724952,0.1204654,0.9807931,-0.153405,0.3568237,-0.1869828,-0.9152673,moving,-4.301121,13.22248,17.65663,-5.648694,5.115614824780952,-0.523974809186375
05/04/2023 16:18:51.002879,2045,True,True,True,True,Eyes,2.223911,0.1287747,-2.198757,0.07187031,-0.2281081,-0.9709796,0.0,0.0,0.0,0.0,0.0,0.0,0.0,1.280453,-0.7245293,-2.774767,2.237339,0.1284829,-2.200372,0.0434624,0.9787431,-0.08652718,0.1807932,10.66645,159.3616,3.137695,0.7065638,0.043998,-0.706279,0.4966471,-0.006132976,-0.3734937,2.31087,-0.401302,-4.232128,0.6373762,-0.1990937,1.99204,-0.9308499,0.05378998,-0.3614215,0.1163641,0.9812481,-0.1536603,0.3463788,-0.1850911,-0.919654,moving,-4.23322,13.22052,17.74267,-5.707452,5.118048710287467,-0.5236492643354573
05/04/2023 16:18:51.022825,2046,True,True,True,True,Eyes,2.225229,0.1285524,-2.199619,0.07036462,-0.2281152,-0.9710882,0.0,0.0,0.0,0.0,0.0,0.0,0.0,1.317706,-0.720579,-2.769849,2.246136,0.1266163,-2.20601,0.04283065,0.979753,-0.08627561,0.175517,10.60823,159.9776,3.128412,0.7070656,0.04365726,-0.7057978,0.4668483,-0.005764998,-0.3510841,2.294705,-0.40309,-4.23949,0.6405841,-0.2011282,1.99178,-0.9347188,0.05364124,-0.351317,0.1142126,0.9814441,-0.1540226,0.336536,-0.1840926,-0.923501,moving,-4.144383,13.21949,17.82851,-5.766131,5.121213482954078,-0.5232521847310927
05/04/2023 16:18:51.036852,2047,True,True,True,True,Eyes,2.226809,0.128356,-2.200687,0.06863146,-0.2281335,-0.9712079,0.0,0.0,0.0,0.0,0.0,0.0,0.0,1.353065,-0.7220511,-2.764118,2.254932,0.1257977,-2.211775,0.04255044,0.9806201,-0.08665305,0.1704845,10.62941,160.5675,3.144065,0.7074761,0.04336666,-0.7054043,0.4388373,-0.005419098,-0.330019,2.279171,-0.4062033,-4.246041,0.6437605,-0.2031418,1.991521,-0.9382491,0.05390563,-0.3417353,0.1129976,0.9813614,-0.1554391,0.3269868,-0.1844558,-0.9268526,moving,-4.042149,13.21894,17.91346,-5.824216,5.124847419312232,-0.5228071661356002
05/04/2023 16:18:51.052708,2048,True,True,True,True,Eyes,2.228679,0.1281603,-2.201943,0.06655271,-0.2281557,-0.9713473,0.0,0.0,0.0,0.0,0.0,0.0,0.0,1.3901,-0.7247301,-2.756912,2.263937,0.126453,-2.217381,0.04223216,0.9815057,-0.08702637,0.165195,10.64871,161.1869,3.158508,0.7078133,0.0431175,-0.7050813,0.4125071,-0.005093952,-0.3102179,2.262694,-0.407847,-4.252174,0.647037,-0.2052198,1.991254,-0.9418541,0.05414957,-0.3316302,0.1116549,0.9812857,-0.1568807,0.316929,-0.1847868,-0.9302741,moving,-3.919544,13.21835,18.00103,-5.884163,5.129204561622143,-0.5222747819036977
05/04/2023 16:18:51.073052,2049,True,True,True,True,Eyes,2.230831,0.1279424,-2.203372,0.06423616,-0.228185,-0.9714964,0.0,0.0,0.0,0.0,0.0,0.0,0.0,1.427383,-0.7242749,-2.749921,2.272864,0.1262751,-2.223106,0.0415276,0.9823913,-0.08723207,0.1599171,10.64213,161.8003,3.131776,0.7081092,0.04289316,-0.7047979,0.3877567,-0.004788315,-0.2916048,2.246665,-0.4098338,-4.258204,0.6501604,-0.2071999,1.991001,-0.945404,0.0536929,-0.3214475,0.1094925,0.9813321,-0.1581101,0.3069573,-0.184674,-0.9336342,moving,-3.782939,13.21803,18.08442,-5.941282,5.13405493663683,-0.5216879474503313
05/04/2023 16:18:51.093027,2050,True,True,True,True,Eyes,2.233254,0.1276973,-2.204958,0.06158831,-0.2282783,-0.971646,0.0,0.0,0.0,0.0,0.0,0.0,0.0,1.463726,-0.7242789,-2.742793,2.281912,0.1255218,-2.228699,0.04085807,0.9831991,-0.08763121,0.1548267,10.65936,162.3916,3.103636,0.7083863,0.04268087,-0.7045311,0.3644913,-0.004501016,-0.2741085,2.234728,-0.4114851,-4.263181,0.6501604,-0.2072,1.991001,-0.948719,0.05320792,-0.3116118,0.1074785,0.9813029,-0.159666,0.2972901,-0.1849697,-0.9366993,static,-3.626872,13.22128,18.08442,-5.941286,5.139550258016333,-0.5210854696895546
05/04/2023 16:18:51.102767,2051,True,True,True,True,Eyes,2.235951,0.1274869,-2.206688,0.05867095,-0.2284656,-0.9717825,0.0,0.0,0.0,0.0,0.0,0.0,0.0,1.499856,-0.7291448,-2.733944,2.290865,0.1245137,-2.234301,0.04098732,0.9839257,-0.08846998,0.1496112,10.74044,163.0055,3.161518,0.7086489,0.04247835,-0.7042783,0.3426218,-0.004230955,-0.257662,2.221534,-0.4145608,-4.267602,0.6501602,-0.2071999,1.991,-0.9518732,0.05418476,-0.3016649,0.1071291,0.9809862,-0.1618315,0.2871602,-0.1863601,-0.9395792,static,-3.455014,13.22995,18.08442,-5.941285,5.145536711570548,-0.5205177316217956
05/04/2023 16:18:51.112918,2052,True,True,True,True,Eyes,2.238887,0.127287,-2.208565,0.05546648,-0.2286625,-0.9719244,0.0,0.0,0.0,0.0,0.0,0.0,0.0,1.534291,-0.7436684,-2.722589,2.299793,0.1253126,-2.239381,0.04225847,0.9844964,-0.09003409,0.1444815,10.92288,163.6214,3.339101,0.7089003,0.04228534,-0.7040361,0.3220645,-0.003977098,-0.2422023,2.207724,-0.4178753,-4.270684,0.6501601,-0.2072,1.991,-0.9546786,0.05719009,-0.2920925,0.1092231,0.9802161,-0.1650653,0.2768737,-0.1894876,-0.9420378,static,-3.266254,13.23909,18.08443,-5.941289,5.152116802152304,-0.5198869639754256
05/04/2023 16:18:51.137141,2053,True,True,True,True,Eyes,2.242087,0.127078,-2.210561,0.05204091,-0.2289264,-0.9720516,0.0,0.0,0.0,0.0,0.0,0.0,0.0,1.568201,-0.750008,-2.71337,2.308552,0.12537,-2.244774,0.04288736,0.9851339,-0.09057592,0.1395284,10.97769,164.2096,3.45862,0.7091431,0.04210091,-0.703802,0.3027406,-0.003738472,-0.2276702,2.195226,-0.4183028,-4.274873,0.6501603,-0.2071999,1.991001,-0.9573851,0.05922376,-0.2826773,0.1097754,0.9799134,-0.1664908,0.2671391,-0.1904268,-0.9446558,static,-3.064529,13.25216,18.08442,-5.941282,5.1591067585109975,-0.5192749440190387
05/04/2023 16:18:51.152790,2054,True,True,True,True,Eyes,2.2455,0.1268924,-2.212702,0.04838114,-0.2292351,-0.972168,0.0,0.0,0.0,0.0,0.0,0.0,0.0,1.600027,-0.7589973,-2.703907,2.317299,0.125022,-2.249836,0.04328749,0.9856254,-0.09190846,0.1349879,11.11981,164.7473,3.535979,0.7093804,0.04192358,-0.7035729,0.2845762,-0.003514163,-0.21401,2.184401,-0.4225416,-4.277701,0.6501602,-0.2071999,1.991001,-0.9598091,0.06051743,-0.2740521,0.1101436,0.9793581,-0.1694881,0.2581381,-0.1928612,-0.9466625,static,-2.849045,13.26786,18.08442,-5.941282,5.166551318306943,-0.5186538596175058
05/04/2023 16:18:51.162648,2055,True,True,True,True,Eyes,2.249112,0.1268839,-2.215005,0.04460878,-0.2295371,-0.972277,0.0,0.0,0.0,0.0,0.0,0.0,0.0,1.633096,-0.7632661,-2.695005,2.325903,0.1254109,-2.255455,0.04288053,0.9861903,-0.09277572,0.1303177,11.19596,165.2909,3.529807,0.7096137,0.04175308,-0.7033474,0.2675016,-0.003303314,-0.2011694,2.1736,-0.4247759,-4.281244,0.6501598,-0.2072,1.991,-0.962357,0.06039608,-0.2649926,0.1087573,0.9791079,-0.1718128,0.2490795,-0.1941652,-0.9488198,static,-2.62693,13.28328,18.08442,-5.941288,5.174234692930398,-0.5179993182408841
05/04/2023 16:18:51.182923,2056,True,True,True,True,Eyes,2.252939,0.1270515,-2.217443,0.04067338,-0.229536,-0.97245,0.0,0.0,0.0,0.0,0.0,0.0,0.0,1.670251,-0.7612964,-2.685959,2.335102,0.1296066,-2.261457,0.04071354,0.9869075,-0.09304801,0.1252925,11.17824,165.8558,3.333497,0.7098437,0.04159404,-0.7031244,0.2514515,-0.003105115,-0.1890992,2.163325,-0.4222093,-4.285244,0.6501603,-0.2072,1.991,-0.9652885,0.05704455,-0.2548808,0.1036774,0.9793689,-0.1734574,0.2397276,-0.1938618,-0.9512879,static,-2.395039,13.28095,18.08443,-5.941287,5.1824911205272075,-0.5169695630886717
05/04/2023 16:18:51.203002,2057,True,True,True,True,Eyes,2.256998,0.1272514,-2.220019,0.03658645,-0.2293074,-0.9726661,0.0,0.0,0.0,0.0,0.0,0.0,0.0,1.708398,-0.7282982,-2.683945,2.344159,0.1339253,-2.267066,0.03648371,0.9880616,-0.08875454,0.1205235,10.61357,166.3656,2.956903,0.7100717,0.04145056,-0.7029024,0.2363644,-0.002918808,-0.1777533,2.156548,-0.4032049,-4.293396,0.6501601,-0.2071999,1.991,-0.968286,0.05070228,-0.2446455,0.09349032,0.9815831,-0.1665956,0.2316931,-0.1841842,-0.9551935,static,-2.154142,13.26535,18.08442,-5.941285,5.191236184188777,-0.5156520789395106
05/04/2023 16:18:51.222681,2058,True,True,True,True,Eyes,2.261244,0.1275248,-2.222741,0.03235101,-0.2289751,-0.9728945,0.0,0.0,0.0,0.0,0.0,0.0,0.0,1.74423,-0.7013763,-2.681018,2.353049,0.1348696,-2.273125,0.03344443,0.989015,-0.08543404,0.1158956,10.18012,166.8733,2.699206,0.7102993,0.04132178,-0.7026798,0.2221826,-0.00274368,-0.1670881,2.149047,-0.3906022,-4.300928,0.6501601,-0.2071998,1.991001,-0.9708995,0.04635123,-0.2349595,0.08595694,0.983165,-0.161239,0.2235303,-0.1767432,-0.9585386,static,-1.904517,13.2438,18.08442,-5.941282,5.20036672433011,-0.5141856423611602
05/04/2023 16:18:51.237435,2059,True,True,True,True,Eyes,2.265666,0.1278837,-2.225593,0.02798193,-0.2286551,-0.9731053,0.0,0.0,0.0,0.0,0.0,0.0,0.0,1.777693,-0.6849241,-2.676384,2.361832,0.1368724,-2.279332,0.0308728,0.9897497,-0.0836681,0.1115441,9.933689,167.3546,2.469833,0.7105269,0.04120824,-0.7024561,0.2088516,-0.002579059,-0.1570628,2.14189,-0.3828982,-4.306938,0.6501603,-0.2071999,1.991,-0.9732097,0.04244732,-0.2259676,0.07977805,0.9840931,-0.1587336,0.2156353,-0.1725083,-0.9611152,static,-1.647103,13.22318,18.08443,-5.941285,5.209761739278474,-0.5127035696606506
05/04/2023 16:18:51.253102,2060,True,True,True,True,Eyes,2.270243,0.1283039,-2.228577,0.02339355,-0.2284113,-0.9732836,0.0,0.0,0.0,0.0,0.0,0.0,0.0,1.810841,-0.678696,-2.668384,2.370168,0.1392789,-2.285378,0.0293301,0.9903497,-0.08308479,0.1069769,9.836738,167.8716,2.345163,0.7107552,0.04111081,-0.7022307,0.1963205,-0.002424315,-0.147639,2.132454,-0.3786359,-4.311453,0.6501598,-0.2071999,1.991,-0.9753914,0.04031781,-0.2167628,0.0758704,0.9844733,-0.1582907,0.2070152,-0.1708413,-0.9633057,static,-1.376879,13.20724,18.08442,-5.941285,5.219551561988315,-0.5112550014852422
05/04/2023 16:18:51.272930,2061,True,True,True,True,Eyes,2.27493,0.1287643,-2.231692,0.01856894,-0.2284352,-0.973382,0.0,0.0,0.0,0.0,0.0,0.0,0.0,1.84587,-0.676415,-2.657669,2.378417,0.1414722,-2.291527,0.02780648,0.9908918,-0.08336868,0.1020275,9.839732,168.4332,2.215801,0.7109842,0.04102954,-0.7020035,0.1845413,-0.002278856,-0.1387807,2.121198,-0.378007,-4.314816,0.6501598,-0.2072001,1.991,-0.9776342,0.03809463,-0.2068329,0.07211823,0.9845529,-0.1595446,0.1975601,-0.1708928,-0.96528,static,-1.092883,13.20728,18.08442,-5.94129,5.229626296910186,-0.5100482544944991
05/04/2023 16:18:51.284499,2062,True,True,True,True,Eyes,2.279743,0.1292469,-2.234927,0.01346621,-0.2285744,-0.9734333,0.0,0.0,0.0,0.0,0.0,0.0,0.0,1.882909,-0.687749,-2.641389,2.386577,0.1426029,-2.29765,0.02776263,0.9912804,-0.08541346,0.09642024,10.06069,169.0865,2.244981,0.7112134,0.04096383,-0.701775,0.1734688,-0.002142125,-0.1304538,2.105845,-0.383988,-4.31597,0.6501605,-0.2071998,1.991001,-0.9798649,0.03856993,-0.1959016,0.07151228,0.9838676,-0.1639837,0.1864164,-0.1746912,-0.9668155,static,-0.7925639,13.21437,18.08443,-5.941281,5.240190266001358,-0.5089046240316344
05/04/2023 16:18:51.303142,2063,True,True,True,True,Eyes,2.284671,0.1297377,-2.238284,0.008121966,-0.2289024,-0.9734155,0.0,0.0,0.0,0.0,0.0,0.0,0.0,1.919348,-0.6971427,-2.625394,2.394407,0.1438134,-2.304067,0.02796751,0.9916815,-0.08684143,0.0907986,10.21352,169.7438,2.311869,0.7114426,0.04091257,-0.7015455,0.1630607,-0.002013598,-0.1226266,2.090104,-0.3871641,-4.317816,0.6501604,-0.2071999,1.991001,-0.9819472,0.03969956,-0.184944,0.07123989,0.9833528,-0.1671592,0.1752291,-0.1773169,-0.9684287,static,-0.4780523,13.2329,18.08442,-5.941283,5.251111929831759,-0.5079156881603683
05/04/2023 16:18:51.312853,2064,True,True,True,True,Eyes,2.289694,0.130192,-2.241761,0.002541971,-0.2292384,-0.9733669,0.0,0.0,0.0,0.0,0.0,0.0,0.0,1.956492,-0.7109118,-2.606574,2.402132,0.1443697,-2.310064,0.02913632,0.9920297,-0.08848166,0.0848484,10.39872,170.4497,2.493596,0.7116718,0.04087434,-0.7013153,0.153277,-0.001892782,-0.115269,2.072256,-0.3907818,-4.318676,0.6501606,-0.2071999,1.991001,-0.9839039,0.04279314,-0.1735003,0.07282326,0.9826441,-0.1706085,0.1631882,-0.1804972,-0.9699437,static,-0.149629,13.25228,18.08443,-5.941282,5.262516301383238,-0.5068835798044555
05/04/2023 16:18:51.337929,2065,True,True,True,True,Eyes,2.294802,0.1305571,-2.245361,-0.003213692,-0.2297002,-0.9732561,0.0,0.0,0.0,0.0,0.0,0.0,0.0,1.99114,-0.7166646,-2.591197,2.409494,0.1444072,-2.316469,0.02969808,0.9924106,-0.08908997,0.07938757,10.45965,171.0918,2.611134,0.7119004,0.04084646,-0.7010849,0.1440804,-0.001779215,-0.1083529,2.056718,-0.391463,-4.320993,0.6501606,-0.2071998,1.991001,-0.9856316,0.04480009,-0.1628617,0.07309064,0.982362,-0.1721124,0.1522785,-0.181543,-0.9715214,static,0.18919,13.27949,18.08442,-5.941279,5.274189680942256,-0.5059544519091419
05/04/2023 16:18:51.357555,2066,True,True,True,True,Eyes,2.299958,0.1308426,-2.249094,-0.009238219,-0.2302419,-0.9730896,0.0,0.0,0.0,0.0,0.0,0.0,0.0,2.026688,-0.7234171,-2.573762,2.416266,0.1422421,-2.323032,0.03039607,0.9927309,-0.09024313,0.07360601,10.58237,171.7733,2.744354,0.7121277,0.04082493,-0.7008551,0.1354356,-0.001672462,-0.1018517,2.039141,-0.3962452,-4.322413,0.6501598,-0.2072,1.991,-0.9873165,0.04706535,-0.151628,0.0736351,0.9818645,-0.1746996,0.1406558,-0.1836489,-0.9728768,static,0.5439325,13.31189,18.08442,-5.941289,5.28636182480549,-0.5050551770147362
05/04/2023 16:18:51.362915,2067,True,True,True,True,Eyes,2.305175,0.1310634,-2.252947,-0.01539216,-0.2309598,-0.9728416,0.0,0.0,0.0,0.0,0.0,0.0,0.0,2.064701,-0.7271895,-2.554774,2.42275,0.1406906,-2.330053,0.03018545,0.9930609,-0.09150241,0.06742681,10.7081,172.4917,2.777431,0.7123528,0.04080648,-0.7006275,0.1273094,-0.001572114,-0.09574059,2.020339,-0.4016452,-4.323457,0.6501604,-0.2072,1.991,-0.9890852,0.04761255,-0.1394419,0.0722914,0.9814323,-0.1776643,0.1283938,-0.1858055,-0.974162,static,0.9064499,13.3552,18.08443,-5.941287,5.298670743165963,-0.5043279207215319
05/04/2023 16:18:51.382652,2068,True,True,True,True,Eyes,2.310417,0.131227,-2.256905,-0.02174532,-0.2317905,-0.9725226,0.0,0.0,0.0,0.0,0.0,0.0,0.0,2.106102,-0.7256703,-2.533294,2.429048,0.1392974,-2.336699,0.02848176,0.9933907,-0.09308607,0.06081661,10.85978,173.2445,2.641703,0.7125746,0.04078861,-0.7004029,0.1196709,-0.001477788,-0.08999616,2.000695,-0.4096628,-4.32287,0.6501603,-0.2072,1.991,-0.9909804,0.04526467,-0.1261318,0.06790939,0.9810475,-0.1814774,0.1155268,-0.188406,-0.9752728,static,1.280904,13.40574,18.08443,-5.941289,5.311310986449446,-0.5036858145968776
05/04/2023 16:18:51.413200,2069,True,True,True,True,Eyes,2.315652,0.1313571,-2.260986,-0.02807095,-0.2327935,-0.9721211,0.0,0.0,0.0,0.0,0.0,0.0,0.0,2.145712,-0.7198839,-2.513264,2.434998,0.1381873,-2.343181,0.02577126,0.9936702,-0.09471204,0.05463694,11.01355,173.9356,2.386114,0.7127924,0.04076939,-0.7001824,0.1124906,-0.00138912,-0.08459639,1.983294,-0.4188132,-4.321927,0.6501604,-0.2071999,1.991,-0.9927015,0.04086671,-0.1134639,0.06156581,0.980731,-0.1854089,0.1037005,-0.1910412,-0.9760889,static,1.654012,13.467,18.08443,-5.941285,5.323766842770827,-0.5032509364479869
05/04/2023 16:18:51.422840,2070,True,True,True,True,Eyes,2.320869,0.1314954,-2.265172,-0.03451712,-0.2340239,-0.9716179,0.0,0.0,0.0,0.0,0.0,0.0,0.0,2.181412,-0.7206875,-2.493802,2.440153,0.137123,-2.350286,0.02418411,0.9938269,-0.0966526,0.04880147,11.2139,174.5992,2.257354,0.7130045,0.04074785,-0.6999678,0.1057412,-0.001305773,-0.07952061,1.965756,-0.428038,-4.321393,0.65016,-0.2071999,1.991,-0.994067,0.03863606,-0.1016753,0.05750321,0.9801468,-0.1897514,0.09232549,-0.1944723,-0.9765533,static,2.0346,13.54232,18.08442,-5.941284,5.336308863182212,-0.5030485415359438
05/04/2023 16:18:51.437880,2071,True,True,True,True,Eyes,2.326044,0.1316642,-2.269476,-0.04090061,-0.2353961,-0.9710385,0.0,0.0,0.0,0.0,0.0,0.0,0.0,2.215795,-0.7182853,-2.475093,2.444905,0.137964,-2.356941,0.02019477,0.9938411,-0.09988037,0.04354423,11.55387,175.1686,1.839089,0.7132095,0.04072441,-0.6997604,0.09939671,-0.001227427,-0.07474937,1.951915,-0.443266,-4.318791,0.6501601,-0.2072,1.991,-0.9953921,0.03144235,-0.09058621,0.0488392,0.9792322,-0.1967717,0.08251796,-0.2002891,-0.9762556,static,2.4119,13.6266,18.08442,-5.941287,5.348620036481118,-0.5030285483563955
05/04/2023 16:18:51.452930,2072,True,True,True,True,Eyes,2.33116,0.1318669,-2.273903,-0.04738005,-0.236879,-0.9703832,0.0,0.0,0.0,0.0,0.0,0.0,0.0,2.247841,-0.7093343,-2.459669,2.449027,0.1389197,-2.364081,0.0155729,0.9938715,-0.1023633,0.03871342,11.81063,175.6781,1.348142,0.7134055,0.04070014,-0.6995621,0.09343291,-0.001153781,-0.07026441,1.939939,-0.4563782,-4.317584,0.6501603,-0.2072,1.991,-0.9965177,0.02302926,-0.0801405,0.03888059,0.9785585,-0.2022662,0.07376414,-0.2046777,-0.9760461,static,2.795311,13.71812,18.08442,-5.941285,5.361055730557897,-0.5031186631233902
05/04/2023 16:18:51.463003,2073,True,True,True,True,Eyes,2.336195,0.1320886,-2.278451,-0.05457883,-0.2384263,-0.9696258,0.0,0.0,0.0,0.0,0.0,0.0,0.0,2.281424,-0.6948344,-2.443799,2.452867,0.1399052,-2.371435,0.01116008,0.9939957,-0.10358,0.03345613,11.92686,176.2378,0.8933899,0.7135907,0.04067613,-0.6993748,0.08782694,-0.001084554,-0.06604854,1.926111,-0.4643446,-4.317491,0.6501603,-0.2071998,1.991001,-0.9975124,0.01525536,-0.06882242,0.02911691,0.9782932,-0.2051694,0.06419858,-0.2066629,-0.9763039,static,3.221697,13.81468,18.08442,-5.94128,5.374951799080511,-0.5031207933170193
05/04/2023 16:18:51.482511,2074,True,True,True,True,Eyes,2.341165,0.1323268,-2.283118,-0.06195145,-0.2400687,-0.9687771,0.0,0.0,0.0,0.0,0.0,0.0,0.0,2.318609,-0.6722092,-2.425889,2.45632,0.1405253,-2.378968,0.006288015,0.9942037,-0.1037653,0.02743106,11.92743,176.8808,0.3988179,0.7137629,0.0406529,-0.6992006,0.08255732,-0.001019481,-0.06208563,1.909418,-0.4692537,-4.317728,0.6501605,-0.2071999,1.991001,-0.9984162,0.006810352,-0.05584907,0.01819592,0.9783865,-0.2059827,0.05323916,-0.2066726,-0.9769609,static,3.658974,13.91787,18.08443,-5.941282,5.389149741826661,-0.5032012415608429
05/04/2023 16:18:51.502781,2075,True,True,True,True,Eyes,2.346152,0.1325847,-2.287878,-0.06982934,-0.2418223,-0.9678046,0.0,0.0,0.0,0.0,0.0,0.0,0.0,2.357918,-0.6597397,-2.402189,2.459797,0.1412776,-2.386416,0.002645597,0.9942545,-0.1049863,0.02071064,12.05647,177.619,0.05343999,0.7139207,0.04063084,-0.699041,0.0,0.0,0.0,1.889102,-0.4766304,-4.315721,0.6501604,-0.2071999,1.991,-0.9991282,0.0009121303,-0.04173879,0.009609458,0.9779418,-0.2086565,0.04062778,-0.2088757,-0.977098,static,4.126871,14.02906,18.08443,-5.941286,5.404332017543267,-0.5033018757553314
05/04/2023 16:18:51.522703,2076,True,True,True,True,Eyes,2.351055,0.1328325,-2.292735,-0.07783357,-0.2437832,-0.9667014,0.0,0.0,0.0,0.0,0.0,0.0,0.0,2.393387,-0.6569207,-2.378386,2.463284,0.1420574,-2.393452,0.0002923333,0.9941565,-0.1069682,0.01451336,12.28032,178.3113,359.852,0.7140643,0.04061035,-0.6988958,0.0,0.0,0.0,1.869964,-0.4855171,-4.312786,0.6501602,-0.2072,1.991,-0.9995785,-0.002523688,-0.02891965,0.003686188,0.9771155,-0.2126778,0.02879457,-0.2126948,-0.9766944,static,4.603217,14.15376,18.08442,-5.941288,5.419641844310207,-0.5036205347872168
05/04/2023 16:18:51.538080,2077,True,True,True,True,Eyes,2.355875,0.1330874,-2.297694,-0.08615948,-0.2458362,-0.9654745,0.0,0.0,0.0,0.0,0.0,0.0,0.0,2.425571,-0.6669273,-2.353168,2.466249,0.142123,-2.400623,-0.0007240021,0.9938426,-0.1104623,0.008627746,12.68271,178.9834,359.8035,0.7141925,0.04059095,-0.6987663,0.0,0.0,0.0,1.850552,-0.4993228,-4.308289,0.6501605,-0.2072,1.991001,-0.9998503,-0.00334517,-0.01698929,0.0004669935,0.9755951,-0.2195768,0.0173092,-0.2195518,-0.9754475,static,5.099598,14.2855,18.08443,-5.941285,5.435572718714477,-0.5039863400586673
05/04/2023 16:18:51.553012,2078,True,True,True,True,Eyes,2.360596,0.1333642,-2.302755,-0.09465373,-0.2479287,-0.9641432,0.0,0.0,0.0,0.0,0.0,0.0,0.0,2.459372,-0.6773703,-2.325185,2.468781,0.1426266,-2.408027,-0.001432845,0.9935076,-0.1137353,0.002223579,13.06094,179.7209,359.8028,0.7143039,0.04057274,-0.6986538,0.0,0.0,0.0,1.828561,-0.5113328,-4.303331,0.6501606,-0.2071999,1.991001,-0.9999863,-0.003352884,-0.004092356,-0.002341287,0.9741245,-0.2260001,0.004744215,-0.2259873,-0.9741189,static,5.606984,14.42111,18.08443,-5.941282,5.45184468926711,-0.5043780987561205
05/04/2023 16:18:51.573129,2079,True,True,True,True,Eyes,2.365209,0.133648,-2.307929,-0.1032767,-0.2497769,-0.9627801,0.0,0.0,0.0,0.0,0.0,0.0,0.0,2.492954,-0.6807154,-2.298471,2.471006,0.1433917,-2.415519,-0.002223887,0.9932888,-0.1155617,-0.004235941,13.27301,180.4651,359.7975,0.7143972,0.04055627,-0.6985596,0.0,0.0,0.0,1.806262,-0.517624,-4.299901,0.6501604,-0.2072,1.991,-0.9999543,-0.003438898,0.008929018,-0.005396949,0.9732811,-0.2295535,-0.007901033,-0.2295912,-0.973255,static,6.122663,14.54378,18.08443,-5.941288,5.4685757949728035,-0.5044913630353445
05/04/2023 16:18:51.582610,2080,True,True,True,True,Eyes,2.369722,0.1339354,-2.313216,-0.1120931,-0.2515229,-0.9613383,0.0,0.0,0.0,0.0,0.0,0.0,0.0,2.530169,-0.67727,-2.269384,2.473293,0.1439195,-2.423357,-0.002800411,0.9931937,-0.1158667,-0.01154744,13.31007,181.3124,359.83,0.714471,0.04054158,-0.6984853,0.0,0.0,0.0,1.780646,-0.5179603,-4.297358,0.6501604,-0.2071999,1.991001,-0.9997178,-0.002886774,0.02358664,-0.008238628,0.9731342,-0.2300914,-0.02228875,-0.2302208,-0.9728833,static,6.650717,14.6621,18.08443,-5.941284,5.485801367932884,-0.504470243824938
05/04/2023 16:18:51.602765,2081,True,True,True,True,Eyes,2.37419,0.1342168,-2.318621,-0.1209662,-0.252849,-0.9599138,0.0,0.0,0.0,0.0,0.0,0.0,0.0,2.566741,-0.6682582,-2.241758,2.475503,0.1442841,-2.431309,-0.003648989,0.9931476,-0.1152953,-0.01875571,13.24688,182.1438,359.8279,0.7145241,0.04052857,-0.698432,0.0,0.0,0.0,1.755717,-0.5155346,-4.295785,0.6501607,-0.2072,1.991001,-0.9992701,-0.002923079,0.03809578,-0.01157286,0.9733874,-0.2288736,-0.03641294,-0.2291474,-0.9727107,static,7.182424,14.75697,18.08443,-5.941285,5.503455419298173,-0.5039928014041788
05/04/2023 16:18:51.612986,2082,True,True,True,True,Eyes,2.378566,0.1344812,-2.324139,-0.1298854,-0.2540245,-0.9584368,0.0,0.0,0.0,0.0,0.0,0.0,0.0,2.599493,-0.6584115,-2.218062,2.47771,0.1443978,-2.439419,-0.004153412,0.9931359,-0.1141332,-0.02525222,13.11518,182.8963,359.8538,0.7145562,0.04051685,-0.6984002,0.0,0.0,0.0,1.733329,-0.5107893,-4.295853,0.6501604,-0.2072,1.991001,-0.9986904,-0.002485571,0.05110585,-0.01401404,0.9739127,-0.2264898,-0.04920968,-0.2269093,-0.9726721,static,7.717592,14.84439,18.08443,-5.941285,5.521327209542668,-0.5033606052645141
05/04/2023 16:18:51.638352,2083,True,True,True,True,Eyes,2.382851,0.1347229,-2.329783,-0.1385879,-0.2549365,-0.9569748,0.0,0.0,0.0,0.0,0.0,0.0,0.0,2.627713,-0.6497954,-2.198344,2.479632,0.1444506,-2.447527,-0.004678855,0.9930861,-0.1131644,-0.0308535,13.00598,183.5435,359.8642,0.7145664,0.04050576,-0.6983907,0.0,0.0,0.0,1.714209,-0.5070153,-4.2967,0.6501603,-0.2072001,1.991,-0.9980524,-0.002309974,0.06233933,-0.01627605,0.9743438,-0.2244753,-0.0602214,-0.2250528,-0.9724837,static,8.240219,14.91706,18.08443,-5.941289,5.538942082444743,-0.5025044743519385
05/04/2023 16:18:51.653111,2084,True,True,True,True,Eyes,2.38702,0.134932,-2.335546,-0.1473231,-0.2557744,-0.9554451,0.0,0.0,0.0,0.0,0.0,0.0,0.0,2.651673,-0.6396157,-2.18395,2.481312,0.1438983,-2.456116,-0.005365763,0.9930543,-0.1120278,-0.03555432,12.8783,184.0831,359.8419,0.7145538,0.04049452,-0.6984046,0.0,0.0,0.0,1.698491,-0.5035944,-4.299392,0.6501601,-0.2072001,1.990999,-0.9974142,-0.002690843,0.07181697,-0.01862313,0.974842,-0.2221179,-0.06941251,-0.222881,-0.9723713,static,8.765587,14.98678,18.08443,-5.941291,5.556691796243111,-0.5015812378497039
05/04/2023 16:18:51.662809,2085,True,True,True,True,Eyes,2.391072,0.13508,-2.341429,-0.1557794,-0.2564545,-0.9539202,0.0,0.0,0.0,0.0,0.0,0.0,0.0,2.678165,-0.6279564,-2.16626,2.482801,0.1433086,-2.464698,-0.006569575,0.9929347,-0.111236,-0.04079415,12.7934,184.6791,359.7667,0.7145172,0.04048219,-0.6984429,0.0,0.0,0.0,1.68106,-0.5022069,-4.30052,0.6501606,-0.2071998,1.991001,-0.9965856,-0.003970766,0.0824734,-0.02212187,0.9751667,-0.2203641,-0.07955031,-0.2214361,-0.9719251,static,9.274783,15.04775,18.08443,-5.94128,5.573979303753279,-0.5005622873487103
05/04/2023 16:18:51.682647,2086,True,True,True,True,Eyes,2.395013,0.1351633,-2.347431,-0.1641908,-0.2571418,-0.9523231,0.0,0.0,0.0,0.0,0.0,0.0,0.0,2.701926,-0.6170629,-2.151101,2.484048,0.1419482,-2.47341,-0.007720416,0.9927865,-0.110655,-0.04550662,12.73349,185.2144,359.6911,0.7144558,0.04046706,-0.6985068,0.0,0.0,0.0,1.665423,-0.5024207,-4.30217,0.6501601,-0.2071998,1.991001,-0.9957392,-0.005258377,0.09206533,-0.02540052,0.9753917,-0.219011,-0.08864812,-0.2204163,-0.9713694,static,9.782243,15.11039,18.08442,-5.941277,5.591183938704034,-0.4995821091103969
05/04/2023 16:18:51.702525,2087,True,True,True,True,Eyes,2.398767,0.1351881,-2.353546,-0.1722722,-0.2577765,-0.9507226,0.0,0.0,0.0,0.0,0.0,0.0,0.0,2.723221,-0.6096518,-2.137912,2.485384,0.1404794,-2.482217,-0.008922454,0.992556,-0.1108526,-0.04964644,12.7643,185.6829,359.6061,0.7143689,0.04044749,-0.698597,0.0,0.0,0.0,1.652201,-0.5058479,-4.303697,0.6501604,-0.2071996,1.991001,-0.9949116,-0.006705192,0.1005319,-0.02871895,0.9752641,-0.219169,-0.09657559,-0.2209408,-0.9704942,static,10.27063,15.1703,18.08442,-5.941273,5.6077467215117025,-0.4986317097628729
05/04/2023 16:18:51.712940,2088,True,True,True,True,Eyes,2.402392,0.135163,-2.359771,-0.1802856,-0.2584447,-0.9490539,0.0,0.0,0.0,0.0,0.0,0.0,0.0,2.741152,-0.6042969,-2.127584,2.486024,0.1390775,-2.491194,-0.01012607,0.9922991,-0.1114077,-0.05318198,12.83691,186.0811,359.5154,0.7142546,0.04042229,-0.6987153,0.0,0.0,0.0,1.640646,-0.5106518,-4.305831,0.6501604,-0.2071999,1.991,-0.9941384,-0.008246416,0.1078011,-0.03194595,0.9749715,-0.2200226,-0.1032886,-0.2221767,-0.96952,static,10.75595,15.2333,18.08443,-5.941284,5.624161313644487,-0.4977524336871796
05/04/2023 16:18:51.738621,2089,True,True,True,True,Eyes,2.405944,0.1350439,-2.366122,-0.1897529,-0.2608918,-0.9465354,0.0,0.0,0.0,0.0,0.0,0.0,0.0,2.760127,-0.595874,-2.116408,2.486644,0.1378521,-2.500029,-0.01175321,0.9920326,-0.111783,-0.05690105,12.89249,186.4952,359.3771,0.7141124,0.04039059,-0.6988624,0.0,0.0,0.0,1.628798,-0.5152394,-4.307594,0.6501603,-0.2072001,1.990999,-0.9932482,-0.01059799,0.115523,-0.03604027,0.9747329,-0.2204472,-0.1102678,-0.2231223,-0.9685337,static,11.33588,15.4097,18.08443,-5.941293,5.642487017967673,-0.49860248115289496
05/04/2023 16:18:51.752674,2090,True,True,True,True,Eyes,2.409356,0.1348491,-2.372585,-0.1990253,-0.2632858,-0.9439648,0.0,0.0,0.0,0.0,0.0,0.0,0.0,2.775578,-0.5867701,-2.109977,2.486906,0.1357182,-2.509385,-0.01341731,0.9917971,-0.1121281,-0.05988048,12.94547,186.8222,359.2248,0.7139424,0.04035025,-0.6990383,0.0,0.0,0.0,1.619442,-0.5208009,-4.311109,0.6501602,-0.2071999,1.991001,-0.9924687,-0.01318592,0.1217875,-0.04004307,0.9744945,-0.2208098,-0.1157697,-0.2240236,-0.9676833,static,11.90586,15.58457,18.08442,-5.941282,5.6604792296057305,-0.4994660746733363
05/04/2023 16:18:51.762920,2091,True,True,True,True,Eyes,2.412388,0.1345721,-2.379149,-0.2079783,-0.2657048,-0.9413532,0.0,0.0,0.0,0.0,0.0,0.0,0.0,2.789927,-0.5802128,-2.103787,2.487024,0.1337038,-2.51855,-0.01462848,0.9915644,-0.1124834,-0.06271806,12.99724,187.1386,359.1238,0.7137439,0.04029997,-0.6992435,0.0,0.0,0.0,1.610107,-0.525636,-4.31466,0.6501602,-0.2071999,1.991001,-0.9917049,-0.01490068,0.1276689,-0.04311964,0.974267,-0.2212341,-0.1210871,-0.224904,-0.9668279,static,12.45853,15.76216,18.08442,-5.941283,5.677822671572716,-0.5004543951713358
05/04/2023 16:18:51.782654,2092,True,True,True,True,Eyes,2.41526,0.1342339,-2.385841,-0.2167634,-0.2680863,-0.9386924,0.0,0.0,0.0,0.0,0.0,0.0,0.0,2.802527,-0.5728393,-2.099832,2.486372,0.131517,-2.528289,-0.0161849,0.991315,-0.1130242,-0.06525508,13.0733,187.4155,358.9801,0.7135128,0.04023862,-0.6994823,0.0,0.0,0.0,1.60149,-0.5319123,-4.318978,0.6501603,-0.2072,1.991,-0.9909597,-0.01733785,0.1330353,-0.04683947,0.9739272,-0.2219729,-0.1257181,-0.2261975,-0.9659346,static,13.00285,15.9391,18.08443,-5.941287,5.694878167556421,-0.5014660002405378
05/04/2023 16:18:51.802481,2093,True,True,True,True,Eyes,2.417953,0.1338427,-2.392665,-0.2253624,-0.2703929,-0.9360019,0.0,0.0,0.0,0.0,0.0,0.0,0.0,2.817846,-0.5631505,-2.092565,2.485459,0.1296237,-2.538092,-0.01797918,0.9910291,-0.113372,-0.06844578,13.13058,187.7655,358.8164,0.7132486,0.04016559,-0.6997553,0.0,0.0,0.0,1.590421,-0.5374922,-4.322352,0.6501601,-0.2071999,1.991,-0.9899839,-0.02011612,0.1397402,-0.05115544,0.9736471,-0.2222487,-0.1315868,-0.2271711,-0.9649239,static,13.53751,16.11299,18.08442,-5.941286,5.711629832261645,-0.5024613467891315
05/04/2023 16:18:51.822752,2094,True,True,True,True,Eyes,2.420483,0.1334043,-2.39962,-0.2338453,-0.2726249,-0.9332695,0.0,0.0,0.0,0.0,0.0,0.0,0.0,2.834682,-0.5512198,-2.083664,2.484313,0.1279634,-2.548084,-0.01969894,0.9907647,-0.1131594,-0.07205788,13.12449,188.1657,358.6628,0.7129502,0.04008061,-0.7000633,0.0,0.0,0.0,1.577468,-0.5406365,-4.325815,0.6501603,-0.2072,1.991,-0.9888393,-0.02272597,0.147243,-0.05534209,0.9736138,-0.2213898,-0.1383265,-0.2270676,-0.9640053,static,14.06674,16.28404,18.08443,-5.941288,5.72822505563175,-0.5034263970183956
05/04/2023 16:18:51.838745,2095,True,True,True,True,Eyes,2.42288,0.1329396,-2.406716,-0.2422464,-0.2747395,-0.9305025,0.0,0.0,0.0,0.0,0.0,0.0,0.0,2.85094,-0.5406707,-2.075011,2.48299,0.1264966,-2.558244,-0.02115483,0.9904996,-0.1128964,-0.07561434,13.11151,188.563,358.5388,0.7126178,0.03998368,-0.7004077,0.0,0.0,0.0,1.564342,-0.5430347,-4.329553,0.6501599,-0.2071999,1.991,-0.9876698,-0.02483453,0.1545686,-0.05898086,0.9736137,-0.2204484,-0.1450153,-0.2268468,-0.9630738,static,14.59243,16.44972,18.08442,-5.941285,5.744763134769874,-0.504305558404493
05/04/2023 16:18:51.853099,2096,True,True,True,True,Eyes,2.425098,0.1324446,-2.413946,-0.250586,-0.2767072,-0.9277067,0.0,0.0,0.0,0.0,0.0,0.0,0.0,2.866044,-0.5290735,-2.068063,2.481456,0.1254077,-2.568591,-0.02238853,0.9903073,-0.1120368,-0.07898088,13.02865,188.9408,358.4328,0.7122499,0.03987509,-0.7007884,0.0,0.0,0.0,1.551448,-0.5425543,-4.334556,0.6501604,-0.2071998,1.991,-0.9865216,-0.02664553,0.1614473,-0.06204058,0.973893,-0.2183652,-0.151414,-0.2254382,-0.9624195,static,15.11563,16.60827,18.08443,-5.941283,5.761303752304917,-0.5050612836944224
05/04/2023 16:18:51.862912,2097,True,True,True,True,Eyes,2.427114,0.1319117,-2.421296,-0.258884,-0.2784915,-0.92489,0.0,0.0,0.0,0.0,0.0,0.0,0.0,2.882797,-0.5202538,-2.05762,2.479471,0.1240245,-2.579113,-0.02307428,0.9900544,-0.1112894,-0.08291361,12.95534,189.3925,358.3986,0.7118468,0.03975553,-0.7012051,0.0,0.0,0.0,1.535581,-0.5418944,-4.338471,0.6501602,-0.2072001,1.991,-0.9851859,-0.02723478,0.1693138,-0.0641444,0.9741645,-0.2165387,-0.1590421,-0.2241914,-0.96148,static,15.63735,16.75745,18.08443,-5.94129,5.777911289637147,-0.5056471731135614
05/04/2023 16:18:51.882661,2098,True,True,True,True,Eyes,2.428944,0.1313301,-2.428769,-0.2671746,-0.280138,-0.9220306,0.0,0.0,0.0,0.0,0.0,0.0,0.0,2.899103,-0.5124301,-2.04691,2.477353,0.1226693,-2.589382,-0.02302109,0.9898683,-0.1099119,-0.08689201,12.80287,189.8587,358.4442,0.7114072,0.03962508,-0.7016587,0.0,0.0,0.0,1.518678,-0.5377178,-4.342822,0.65016,-0.2071999,1.991,-0.9838396,-0.02647477,0.1770838,-0.06467662,0.9747788,-0.2135959,-0.1669627,-0.2215973,-0.9607382,static,16.15987,16.90021,18.08442,-5.941286,5.794629034449015,-0.5061089838810136
05/04/2023 16:18:51.902751,2099,True,True,True,True,Eyes,2.430622,0.1307395,-2.436365,-0.2754596,-0.2817546,-0.9190954,0.0,0.0,0.0,0.0,0.0,0.0,0.0,2.91607,-0.5071956,-2.033881,2.47474,0.1208975,-2.599698,-0.02282572,0.9895836,-0.1090568,-0.09115984,12.70922,190.3609,358.5143,0.7109298,0.03948331,-0.7021506,0.0,0.0,0.0,1.500238,-0.5356286,-4.345848,0.6501604,-0.2072,1.991,-0.9823378,-0.0252927,0.1853991,-0.0650591,0.9751712,-0.21168,-0.1754419,-0.2200032,-0.959593,static,16.68386,17.04325,18.08443,-5.941288,5.811395361289856,-0.5065698076582343
05/04/2023 16:18:51.912880,2100,True,True,True,True,Eyes,2.467863,0.1178624,-2.629161,-0.4746485,-0.314633,-0.8220187,2.072073,1.484357,-0.53408,-4.332443,0.2053695,0.2472331,0.946942,0.6498061,-0.2068065,1.975989,2.472028,0.1200953,-2.610204,-0.02242578,0.9891018,-0.1097206,-0.0955838,12.78756,190.8855,358.6258,0.7104145,0.03933115,-0.7026809,0.0,0.0,0.0,1.481271,-0.5377946,-4.346667,0.6501604,-0.2072,1.991,-0.9807218,-0.02338774,0.1940053,-0.06533777,0.974917,-0.2127625,-0.184163,-0.2213367,-0.9576504,static,30.00292,20.94467,18.08443,-5.941285,6.234186289810951,-0.5232748791968376
05/04/2023 16:18:51.938691,2101,True,True,True,True,Eyes,2.467732,0.1179385,-2.629571,-0.4748197,-0.3145971,-0.8219336,2.084871,1.477794,-0.537956,-4.343197,0.9479228,0.0286055,0.3172126,0.637174,-0.2087388,1.98363,2.469072,0.1214057,-2.62071,-0.02222602,0.9886233,-0.1104397,-0.09966496,12.87335,191.3678,358.7108,0.7074317,0.03857131,-0.7057259,0.1117251,-0.03863116,-0.5783873,1.463561,-0.5383831,-4.347947,0.6501603,-0.2072,1.991001,-0.9791459,-0.02193239,0.2019715,-0.06596024,0.9746182,-0.2139361,-0.1921529,-0.2227967,-0.95574,static,30.01443,20.94447,18.08442,-5.941286,6.234597175883895,-0.5232221813748471
05/04/2023 16:18:51.953089,2102,True,True,True,True,Eyes,2.467472,0.1180103,-2.630392,-0.4752281,-0.3144478,-0.8217548,0.0,0.0,0.0,0.0,0.0,0.0,0.0,2.963371,-0.509189,-1.994608,2.46613,0.1232839,-2.631026,-0.02262737,0.9884135,-0.1090206,-0.1031573,12.71979,191.7708,358.6937,0.7049003,0.03793103,-0.7082891,0.1050216,-0.0363133,-0.543684,1.448212,-0.5316213,-4.352846,0.6501603,-0.2071998,1.991,-0.9776933,-0.02223786,0.2088578,-0.06722292,0.9752051,-0.2108464,-0.1989904,-0.2201831,-0.9549463,static,30.04118,20.93956,18.08443,-5.941283,6.235608758375486,-0.523016151663295
05/04/2023 16:18:51.962748,2103,True,True,True,True,Eyes,2.46711,0.1180878,-2.631615,-0.4757752,-0.3142804,-0.8215022,0.0,0.0,0.0,0.0,0.0,0.0,0.0,2.977487,-0.4977919,-1.98653,2.46285,0.1232262,-2.641724,-0.02317044,0.9882145,-0.1072124,-0.106775,12.52384,192.1861,358.6559,0.7027385,0.03739022,-0.710463,0.09872029,-0.0341345,-0.511063,1.43217,-0.5256162,-4.358239,0.6501607,-0.2072,1.991001,-0.9761248,-0.02289953,0.2160015,-0.06868994,0.9759373,-0.2069497,-0.2060649,-0.2168457,-0.9542094,static,30.07739,20.93525,18.08443,-5.941285,6.236948303277389,-0.5227811780106745
05/04/2023 16:18:51.982846,2104,True,True,True,True,Eyes,2.466627,0.1182381,-2.633212,-0.476471,-0.3141175,-0.8211611,0.0,0.0,0.0,0.0,0.0,0.0,0.0,2.991914,-0.4815312,-1.979295,2.45971,0.1233921,-2.652477,-0.02446488,0.9880099,-0.1051905,-0.11033,12.31329,192.5845,358.526,0.7008448,0.03692427,-0.7123557,0.09279707,-0.03208642,-0.4803992,1.417164,-0.5199088,-4.363904,0.65016,-0.2071999,1.991,-0.9744574,-0.02513175,0.2231613,-0.07155444,0.9766728,-0.2024601,-0.2128674,-0.2132569,-0.9535244,static,30.12405,20.93328,18.08442,-5.941286,6.2386287553663475,-0.5225457580229352
05/04/2023 16:18:52.002656,2105,True,True,True,True,Eyes,2.466028,0.11845,-2.635167,-0.4772688,-0.3140074,-0.8207399,0.0,0.0,0.0,0.0,0.0,0.0,0.0,3.005205,-0.4632317,-1.973702,2.456364,0.1252714,-2.663066,-0.02716337,0.9877118,-0.1039867,-0.113465,12.21507,192.9178,358.2374,0.6991074,0.03650814,-0.7140824,0.08722924,-0.03016124,-0.4515752,1.404894,-0.5179463,-4.369056,0.65016,-0.2072,1.991,-0.9727757,-0.03006147,0.2297906,-0.07725685,0.9768978,-0.1992536,-0.2184921,-0.211582,-0.9526249,static,30.17845,20.93638,18.08442,-5.941288,6.240519177534148,-0.5223727301277135
05/04/2023 16:18:52.012865,2106,True,True,True,True,Eyes,2.465327,0.1187394,-2.637465,-0.4782774,-0.313905,-0.8201917,0.0,0.0,0.0,0.0,0.0,0.0,0.0,3.019835,-0.4482505,-1.964958,2.453006,0.1269421,-2.673582,-0.02911189,0.9873686,-0.1027424,-0.1170465,12.10501,193.3132,358.0403,0.6975048,0.03613839,-0.7156667,0.08199549,-0.02835156,-0.4244807,1.390375,-0.5147924,-4.373203,0.6501603,-0.2072001,1.991,-0.9709054,-0.03343706,0.2371181,-0.08153958,0.9771931,-0.1960742,-0.225154,-0.209704,-0.9514884,static,30.24769,20.94292,18.08443,-5.941291,6.242892229611703,-0.5222012672015768
05/04/2023 16:18:52.038736,2107,True,True,True,True,Eyes,2.464519,0.1191348,-2.640091,-0.4794056,-0.3139126,-0.8195298,0.0,0.0,0.0,0.0,0.0,0.0,0.0,3.035186,-0.4429013,-1.953152,2.449907,0.1290859,-2.68414,-0.03009029,0.9869189,-0.1023784,-0.1208488,12.08433,193.7473,357.9694,0.6960177,0.0358124,-0.7171295,0.07707576,-0.02665047,-0.3990119,1.37469,-0.5127405,-4.375792,0.6501603,-0.2071999,1.991,-0.9689803,-0.03464872,0.2446972,-0.08413796,0.9772265,-0.1948055,-0.2323748,-0.209351,-0.9498286,static,30.32663,20.95883,18.08443,-5.941285,6.245489980477467,-0.5221646902147489
05/04/2023 16:18:52.052878,2108,True,True,True,True,Eyes,2.463601,0.1196137,-2.643032,-0.4807737,-0.3138174,-0.8187645,0.0,0.0,0.0,0.0,0.0,0.0,0.0,3.049587,-0.4429152,-1.941059,2.446523,0.132015,-2.694617,-0.03009525,0.9865071,-0.1018432,-0.124604,12.03083,194.1877,358.0079,0.6946294,0.03552866,-0.7184887,0.07245121,-0.02505144,-0.3750712,1.358018,-0.5076159,-4.378585,0.6501603,-0.2072,1.991,-0.9671363,-0.0339982,0.2519755,-0.08475849,0.9774445,-0.1934381,-0.2397155,-0.208438,-0.9482037,static,30.42121,20.97091,18.08443,-5.941288,6.248691402407464,-0.5219896220346141
05/04/2023 16:18:52.062689,2109,True,True,True,True,Eyes,2.462568,0.1201265,-2.64627,-0.4823332,-0.3137265,-0.8178816,0.0,0.0,0.0,0.0,0.0,0.0,0.0,3.064104,-0.441746,-1.92867,2.442999,0.1345719,-2.705048,-0.02980383,0.9861274,-0.1007928,-0.128474,11.91423,194.6445,358.0742,0.6933237,0.03528503,-0.7197608,0.06810414,-0.02354836,-0.3525669,1.340477,-0.500465,-4.381621,0.6501601,-0.2071999,1.991001,-0.9652124,-0.03288222,0.2593914,-0.08467925,0.9779051,-0.1911311,-0.2473754,-0.2064472,-0.9466706,static,30.52933,20.98603,18.08442,-5.941282,6.252334432719523,-0.5218141273564239
05/04/2023 16:18:52.082721,2110,True,True,True,True,Eyes,2.46144,0.1206484,-2.64978,-0.4841138,-0.3136105,-0.8168734,0.0,0.0,0.0,0.0,0.0,0.0,0.0,3.080142,-0.4445433,-1.913097,2.43964,0.1357984,-2.715611,-0.02855027,0.9856906,-0.09979421,-0.1328162,11.78948,195.1682,358.257,0.6920874,0.03507836,-0.7209598,0.06401789,-0.02213545,-0.3314129,1.320671,-0.493089,-4.383584,0.6501603,-0.2071999,1.991,-0.9630897,-0.02977489,0.2675297,-0.08279204,0.978452,-0.1891485,-0.2561331,-0.2043163,-0.9448021,static,30.65278,21.00258,18.08443,-5.941283,6.256503094985598,-0.521600332143693
05/04/2023 16:18:52.102703,2111,True,True,True,True,Eyes,2.460245,0.1211473,-2.65355,-0.485951,-0.3137558,-0.8157261,0.0,0.0,0.0,0.0,0.0,0.0,0.0,3.095478,-0.4456311,-1.89808,2.436285,0.136536,-2.725646,-0.02818489,0.9851637,-0.09957799,-0.1369034,11.76619,195.6524,358.3453,0.6909082,0.03490504,-0.7220983,0.06017682,-0.02080733,-0.3115281,1.302799,-0.4906062,-4.384449,0.6501605,-0.2071998,1.991001,-0.9609264,-0.02826832,0.2753578,-0.08279859,0.9785797,-0.188484,-0.2641314,-0.2039185,-0.9426836,static,30.78345,21.03843,18.08442,-5.94128,6.260681910977137,-0.5217186222943235
05/04/2023 16:18:52.122705,2112,True,True,True,True,Eyes,2.458972,0.1216272,-2.657566,-0.4880005,-0.3140662,-0.8143819,0.0,0.0,0.0,0.0,0.0,0.0,0.0,3.1123,-0.4485632,-1.879902,2.433072,0.1365027,-2.735538,-0.02853387,0.9844108,-0.1008413,-0.1412529,11.92314,196.1619,358.3783,0.6897762,0.03476096,-0.7231867,0.05656621,-0.01955889,-0.2928364,1.285215,-0.4954881,-4.382576,0.6501603,-0.2071999,1.991001,-0.9584671,-0.02768985,0.2838566,-0.08466633,0.9780337,-0.1904774,-0.272347,-0.2065994,-0.9397576,static,30.93123,21.08912,18.08442,-5.941281,6.265278590320331,-0.5220431124047866
05/04/2023 16:18:52.138872,2113,True,True,True,True,Eyes,2.457651,0.1220792,-2.661821,-0.490466,-0.314572,-0.8127039,0.0,0.0,0.0,0.0,0.0,0.0,0.0,3.130664,-0.4518612,-1.859022,2.429987,0.1365672,-2.745489,-0.02944988,0.983492,-0.1029099,-0.1458962,12.18186,196.7015,358.3644,0.6886826,0.03464261,-0.7242339,0.05317223,-0.01838535,-0.2752662,1.267558,-0.5041551,-4.378876,0.65016,-0.2072,1.991,-0.9556938,-0.02789912,0.2930369,-0.08795575,0.9770845,-0.1938288,-0.2809142,-0.2110153,-0.9362477,static,31.11094,21.15985,18.08442,-5.941289,6.270752621310991,-0.5226085353261918
05/04/2023 16:18:52.152864,2114,True,True,True,True,Eyes,2.456263,0.122507,-2.666299,-0.4931127,-0.3151414,-0.8108795,0.0,0.0,0.0,0.0,0.0,0.0,0.0,3.149129,-0.4540091,-1.837927,2.427066,0.1363715,-2.755336,-0.03009127,0.982598,-0.1044802,-0.1505973,12.37959,197.2512,358.3769,0.6876193,0.03454644,-0.7252482,0.0499819,-0.01728223,-0.2587503,1.249624,-0.5107623,-4.375387,0.6501596,-0.2072,1.991,-0.9528297,-0.02766638,0.3022411,-0.0906041,0.9763568,-0.1962607,-0.2896653,-0.2143873,-0.9328086,static,31.30466,21.23819,18.08442,-5.941288,6.2766266878049395,-0.5232574360121739
05/04/2023 16:18:52.163013,2115,True,True,True,True,Eyes,2.454796,0.1229246,-2.670986,-0.4960077,-0.3157453,-0.8088765,0.0,0.0,0.0,0.0,0.0,0.0,0.0,3.166335,-0.4548788,-1.818989,2.424132,0.1362361,-2.7652,-0.03055089,0.9817873,-0.1055003,-0.1550167,12.51114,197.7695,358.3987,0.6865798,0.03446949,-0.726236,0.04698298,-0.0162453,-0.2432252,1.232439,-0.5150105,-4.373139,0.6501603,-0.2071999,1.991001,-0.9500731,-0.02728034,0.3108331,-0.09269755,0.9758727,-0.1976858,-0.2979407,-0.2166294,-0.9296792,static,31.51687,21.32321,18.08442,-5.941281,6.283071578793714,-0.5239532850484752
05/04/2023 16:18:52.182969,2116,True,True,True,True,Eyes,2.453265,0.1233765,-2.675885,-0.4990939,-0.3163221,-0.80675,0.0,0.0,0.0,0.0,0.0,0.0,0.0,3.18337,-0.4554775,-1.800215,2.421252,0.1364432,-2.775067,-0.03096216,0.9809827,-0.1063318,-0.1593993,12.62036,198.2842,358.4234,0.6855573,0.03440941,-0.727204,0.04416401,-0.01527058,-0.2286317,1.21544,-0.5181434,-4.37108,0.6501606,-0.2072,1.991001,-0.9472666,-0.02684825,0.3193204,-0.09464513,0.9754698,-0.1987487,-0.3061514,-0.2184901,-0.9265711,static,31.74291,21.40986,18.08443,-5.941285,6.289986337566215,-0.5246209706892423
05/04/2023 16:18:52.202634,2117,True,True,True,True,Eyes,2.451707,0.1238521,-2.680983,-0.5023385,-0.316871,-0.8045177,0.0,0.0,0.0,0.0,0.0,0.0,0.0,3.201054,-0.4529521,-1.78067,2.418159,0.1375553,-2.785011,-0.03134681,0.9802116,-0.106293,-0.1640263,12.6305,198.8267,358.4389,0.6845468,0.03436536,-0.7281575,0.04151417,-0.01435434,-0.2149138,1.197259,-0.5171964,-4.369442,0.6501603,-0.2071999,1.991,-0.9442256,-0.02658329,0.3282249,-0.09632272,0.9754384,-0.1980959,-0.3148971,-0.2186627,-0.9235944,static,31.98054,21.49772,18.08443,-5.941285,6.297296849394009,-0.5252621222333993
05/04/2023 16:18:52.212926,2118,True,True,True,True,Eyes,2.450093,0.1243193,-2.68627,-0.5058284,-0.317349,-0.8021392,0.0,0.0,0.0,0.0,0.0,0.0,0.0,3.220621,-0.4450378,-1.758815,2.41541,0.1387486,-2.794714,-0.03202526,0.9794133,-0.105518,-0.1690859,12.5635,199.4152,358.412,0.683544,0.03433625,-0.7291003,0.03902332,-0.01349308,-0.202019,1.178169,-0.5140836,-4.367217,0.65016,-0.2071999,1.991,-0.9407688,-0.02704872,0.3379684,-0.09841511,0.9756807,-0.1958613,-0.3244515,-0.2175214,-0.9205518,static,32.2355,21.58516,18.08442,-5.941284,6.305227525777577,-0.5258216950279292
05/04/2023 16:18:52.243192,2119,True,True,True,True,Eyes,2.448376,0.1247578,-2.691696,-0.5094371,-0.3177975,-0.7996741,0.0,0.0,0.0,0.0,0.0,0.0,0.0,3.242484,-0.4395916,-1.731768,2.412672,0.1390034,-2.804576,-0.03188863,0.9784917,-0.1045904,-0.1749234,12.46469,200.1058,358.485,0.6825439,0.03432024,-0.7300375,0.03668192,-0.0126835,-0.1898979,1.155851,-0.5097589,-4.363176,0.6501606,-0.2071997,1.991002,-0.9367703,-0.02581489,0.3489926,-0.09899615,0.9760879,-0.1935256,-0.3356517,-0.2158379,-0.9169257,static,32.49942,21.67331,18.08442,-5.941275,6.313467024209704,-0.5263565174674876
05/04/2023 16:18:52.253011,2120,True,True,True,True,Eyes,2.446617,0.1252107,-2.697272,-0.5133442,-0.3183408,-0.7969548,0.0,0.0,0.0,0.0,0.0,0.0,0.0,3.264874,-0.4443308,-1.699576,2.409994,0.1387911,-2.813903,-0.03112113,0.9773191,-0.1052886,-0.1810894,12.53715,200.8484,358.6677,0.6815437,0.03431517,-0.7309716,0.034481,-0.01192249,-0.178504,1.132545,-0.510362,-4.355476,0.6501605,-0.2071998,1.991001,-0.9324765,-0.02269723,0.3605176,-0.09896384,0.9758915,-0.1945298,-0.3474108,-0.2170726,-0.9122421,static,32.78688,21.77406,18.08443,-5.941279,6.3223810511812015,-0.5270280952469242
05/04/2023 16:18:52.262751,2121,True,True,True,True,Eyes,2.444814,0.1256905,-2.702978,-0.5173694,-0.3189432,-0.7941059,0.0,0.0,0.0,0.0,0.0,0.0,0.0,3.288,-0.4614655,-1.661674,2.407331,0.1396289,-2.823174,-0.0296864,0.9758599,-0.1077274,-0.1876463,12.79097,201.6536,358.9712,0.6805407,0.03432026,-0.7319052,0.03241214,-0.01120714,-0.1677938,1.108049,-0.5145781,-4.344227,0.6501603,-0.2071999,1.991,-0.9278154,-0.01751023,0.372629,-0.09836882,0.975027,-0.1991127,-0.3598368,-0.2213948,-0.9063675,static,33.08472,21.88227,18.08443,-5.941283,6.331568245010767,-0.5277957653240541
05/04/2023 16:18:52.282714,2122,True,True,True,True,Eyes,2.442988,0.1262128,-2.708809,-0.5216483,-0.3196796,-0.7910044,0.0,0.0,0.0,0.0,0.0,0.0,0.0,3.309738,-0.4797255,-1.624718,2.404852,0.1407963,-2.83215,-0.02810158,0.97441,-0.1101323,-0.1939237,13.03388,202.4305,359.2913,0.6795331,0.03433513,-0.7328401,0.03046741,-0.01053471,-0.1577261,1.084697,-0.5179093,-4.333156,0.6501603,-0.2072001,1.990999,-0.9232078,-0.0120504,0.3841122,-0.09747945,0.9741623,-0.2037289,-0.3717326,-0.2255271,-0.9005289,static,33.40388,22.00579,18.08443,-5.941293,6.341316668771127,-0.528760569837194
05/04/2023 16:18:52.302586,2123,True,True,True,True,Eyes,2.44116,0.1267369,-2.714769,-0.5259838,-0.3205349,-0.7877808,0.0,0.0,0.0,0.0,0.0,0.0,0.0,3.331196,-0.5008901,-1.586336,2.402561,0.1423851,-2.841063,-0.0266705,0.9728208,-0.1133133,-0.2001713,13.36446,203.2092,359.6156,0.6785187,0.03435989,-0.7337783,0.02863937,-0.009902628,-0.1482626,1.062195,-0.5236514,-4.320771,0.6501605,-0.2071998,1.991001,-0.9184405,-0.006527084,0.3955058,-0.09725539,0.9728976,-0.2097898,-0.3834173,-0.2311445,-0.8941832,static,33.73016,22.14059,18.08443,-5.941281,6.351173917494092,-0.5299071323825739
05/04/2023 16:18:52.312695,2124,True,True,True,True,Eyes,2.439311,0.1272522,-2.720848,-0.5305205,-0.3214529,-0.7843571,0.0,0.0,0.0,0.0,0.0,0.0,0.0,3.352159,-0.5128728,-1.550454,2.400172,0.143012,-2.850023,-0.02604504,0.9712892,-0.1156833,-0.2062439,13.61915,203.9561,359.8304,0.6774966,0.03439347,-0.7347205,0.02692101,-0.00930847,-0.1393668,1.040889,-0.5290462,-4.309615,0.6501603,-0.2072,1.991001,-0.9135705,-0.002876603,0.4066709,-0.09831246,0.9718781,-0.2139805,-0.394619,-0.235467,-0.8881619,static,34.07349,22.28528,18.08442,-5.941285,6.36150999118997,-0.5311671044932577
05/04/2023 16:18:52.338704,2125,True,True,True,True,Eyes,2.437482,0.1277439,-2.727049,-0.5349544,-0.3223972,-0.7809505,0.0,0.0,0.0,0.0,0.0,0.0,0.0,3.372674,-0.5226561,-1.515409,2.397958,0.1434629,-2.858982,-0.02554749,0.9697686,-0.1177661,-0.2121968,13.84251,204.688,0.02530636,0.6764659,0.03443466,-0.7356677,0.02530575,-0.008749962,-0.1310048,1.020376,-0.533795,-4.298882,0.6501603,-0.2071999,1.991001,-0.9086399,0.0004288585,0.4175808,-0.09952948,0.970957,-0.2175695,-0.4055463,-0.2392539,-0.8822075,static,34.41131,22.43214,18.08442,-5.941283,6.3716229304595835,-0.5324912937577332
05/04/2023 16:18:52.352997,2126,True,True,True,True,Eyes,2.435641,0.1282236,-2.733365,-0.5395468,-0.3233427,-0.7773922,0.0,0.0,0.0,0.0,0.0,0.0,0.0,3.391852,-0.5310704,-1.48314,2.396159,0.143298,-2.867801,-0.02494581,0.968345,-0.1194877,-0.2177348,14.02078,205.3717,0.219743,0.6754265,0.03448191,-0.7366199,0.0237874,-0.008224964,-0.1231445,1.001541,-0.5376755,-4.289433,0.6501601,-0.2071999,1.991001,-0.9039387,0.003720967,0.4276462,-0.1003456,0.9702008,-0.2205475,-0.4157233,-0.2422738,-0.8766286,static,34.76247,22.58401,18.08442,-5.941282,6.382145274133919,-0.5338529371181423
05/04/2023 16:18:52.362859,2127,True,True,True,True,Eyes,2.433812,0.1287035,-2.739798,-0.5439495,-0.324184,-0.7739662,0.0,0.0,0.0,0.0,0.0,0.0,0.0,3.409967,-0.5394086,-1.452364,2.393955,0.1434134,-2.87691,-0.0241446,0.9669724,-0.120817,-0.223125,14.14803,206.0397,0.426635,0.6743773,0.03453419,-0.7375782,0.02236016,-0.007731466,-0.1157558,0.9826117,-0.5394577,-4.281017,0.6501601,-0.2072001,1.991,-0.8992646,0.007220258,0.4373455,-0.1006089,0.9696406,-0.2228788,-0.4256772,-0.2444279,-0.871237,static,35.09985,22.72689,18.08443,-5.94129,6.392293330738823,-0.5351041848376277
05/04/2023 16:18:52.382716,2128,True,True,True,True,Eyes,2.431966,0.1291736,-2.74634,-0.5485011,-0.3249525,-0.7704236,0.0,0.0,0.0,0.0,0.0,0.0,0.0,3.426603,-0.5446832,-1.425907,2.39213,0.1439825,-2.885909,-0.02340373,0.9657947,-0.1213351,-0.2279711,14.18422,206.6369,0.5978066,0.6733178,0.0345909,-0.7385429,0.02101855,-0.007267578,-0.1088105,0.9656678,-0.5381882,-4.274999,0.6501602,-0.2071996,1.991002,-0.8949633,0.01011541,0.446026,-0.1005282,0.9694601,-0.2236989,-0.4346672,-0.2450403,-0.8666142,static,35.44887,22.86925,18.08441,-5.941271,6.402860963949374,-0.5362961669361261
05/04/2023 16:18:52.402671,2129,True,True,True,True,Eyes,2.430137,0.1296221,-2.753006,-0.5534674,-0.3253767,-0.7666837,0.0,0.0,0.0,0.0,0.0,0.0,0.0,3.442901,-0.546546,-1.401,2.390078,0.1442438,-2.895133,-0.02260336,0.964705,-0.1210269,-0.2327789,14.12474,207.225,0.7523654,0.6722475,0.03465122,-0.7395145,0.01975743,-0.006831523,-0.1022819,0.9484357,-0.5342667,-4.270274,0.6501604,-0.2071998,1.991001,-0.8906063,0.01273389,0.4545971,-0.09995618,0.9696832,-0.2229874,-0.4436547,-0.2440338,-0.8623331,static,35.82544,22.99612,18.08442,-5.94128,6.414603408410373,-0.5370798448542881
05/04/2023 16:18:52.412958,2130,True,True,True,True,Eyes,2.428316,0.1300452,-2.759801,-0.5586122,-0.3255703,-0.7628607,0.0,0.0,0.0,0.0,0.0,0.0,0.0,3.460178,-0.5455622,-1.375085,2.388313,0.1441512,-2.904567,-0.02162921,0.9636229,-0.1199413,-0.2378594,13.97189,207.8425,0.9077317,0.6711657,0.03471411,-0.7404935,0.0,0.0,0.0,0.9304179,-0.5276168,-4.265813,0.6501602,-0.2072,1.991,-0.8859101,0.01537353,0.463602,-0.09874316,0.9702925,-0.220867,-0.4532251,-0.2414458,-0.8580739,static,36.21382,23.11161,18.08443,-5.941288,6.426909876646285,-0.5375993981470654
05/04/2023 16:18:52.438637,2131,True,True,True,True,Eyes,2.426539,0.1304313,-2.766727,-0.5641047,-0.3251918,-0.7589705,0.0,0.0,0.0,0.0,0.0,0.0,0.0,3.477206,-0.5512913,-1.34787,2.386782,0.1439391,-2.914479,-0.01912296,0.9625627,-0.1183007,-0.2431304,13.71205,208.4982,1.221552,0.6700726,0.03477847,-0.7414798,0.0,0.0,0.0,0.9106169,-0.5157958,-4.261851,0.6501607,-0.2071998,1.991001,-0.8810441,0.02071089,0.4725809,-0.09433907,0.9712785,-0.218445,-0.4635319,-0.2370424,-0.8537854,static,36.62157,23.19341,18.08443,-5.94128,6.440332924712379,-0.5374033204185269
05/04/2023 16:18:52.452877,2132,True,True,True,True,Eyes,2.424767,0.1307767,-2.773775,-0.5697458,-0.3245459,-0.7550229,0.0,0.0,0.0,0.0,0.0,0.0,0.0,3.490178,-0.5742263,-1.323834,2.385709,0.1433878,-2.924286,-0.01329721,0.9617575,-0.1159325,-0.2478012,13.27281,209.1149,1.876998,0.6689683,0.03484299,-0.7424731,0.0,0.0,0.0,0.8899601,-0.4945523,-4.260508,0.6501597,-0.2071999,1.991,-0.8768355,0.031879,0.4797325,-0.08303379,0.9727657,-0.2164077,-0.4735661,-0.2295879,-0.8503084,static,37.03848,23.2604,18.08441,-5.941285,6.454269700326832,-0.5368899114233183
05/04/2023 16:18:52.462647,2133,True,True,True,True,Eyes,2.422999,0.131065,-2.78094,-0.5754858,-0.3236278,-0.7510534,0.0,0.0,0.0,0.0,0.0,0.0,0.0,3.503434,-0.593391,-1.29943,2.384171,0.1427351,-2.934285,-0.008808384,0.9607652,-0.1145176,-0.252465,12.97328,209.7196,2.405355,0.6678522,0.03490647,-0.7434743,0.0,0.0,0.0,0.8706243,-0.4793808,-4.257869,0.6501606,-0.2071998,1.991001,-0.8723681,0.04089777,0.4871365,-0.07474892,0.9736163,-0.2156014,-0.4831016,-0.2244966,-0.8462946,static,37.46071,23.31114,18.08442,-5.941278,6.468602326429333,-0.5360484303538888
05/04/2023 16:18:52.482643,2134,True,True,True,True,Eyes,2.421234,0.1312951,-2.788222,-0.5813463,-0.3225465,-0.7469941,0.0,0.0,0.0,0.0,0.0,0.0,0.0,3.516722,-0.6126848,-1.274322,2.382765,0.1416134,-2.944314,-0.004437141,0.959684,-0.1133676,-0.2571669,12.70177,210.328,2.925726,0.6667243,0.03496734,-0.7444831,0.0,0.0,0.0,0.8517227,-0.4656532,-4.254603,0.6501601,-0.2071999,1.991,-0.867691,0.04979227,0.4946039,-0.06682529,0.9742562,-0.215312,-0.4925918,-0.2198763,-0.8420259,static,37.89175,23.35433,18.08443,-5.941285,6.483343730901811,-0.5350275728920503
05/04/2023 16:18:52.502660,2135,True,True,True,True,Eyes,2.377623,0.1350918,-2.973525,-0.7185431,-0.2901887,-0.6320494,0.0,0.0,0.0,0.0,0.0,0.0,0.0,3.530637,-0.6289553,-1.247999,2.381171,0.1404339,-2.954452,-0.000922651,0.9584644,-0.1127164,-0.2619928,12.50664,210.945,3.364374,0.6655842,0.03502419,-0.7454998,0.0,0.0,0.0,0.8333619,-0.4554075,-4.250206,0.6501601,-0.2072,1.991,-0.8627177,0.05729309,0.5024295,-0.0608304,0.9745883,-0.2155858,-0.5020134,-0.2165527,-0.8373095,static,48.66429,24.66096,18.08443,-5.941289,6.848864394287392,-0.5137855271943537
05/04/2023 16:18:52.522461,2136,True,True,True,True,Eyes,2.377554,0.1350159,-2.973938,-0.7188845,-0.2901877,-0.6316614,0.0,0.0,0.0,0.0,0.0,0.0,0.0,3.546855,-0.6364469,-1.218488,2.379436,0.1387451,-2.964623,0.001193903,0.9570565,-0.1121781,-0.2673156,12.36175,211.6071,3.65433,0.6610844,0.03507206,-0.7494907,-0.1308331,0.01139009,-0.5559082,0.8148764,-0.4490006,-4.243853,0.65016,-0.2071999,1.991,-0.8570819,0.06225914,0.5114043,-0.05768861,0.9748294,-0.2153597,-0.5119401,-0.2140831,-0.8319169,static,48.69524,24.67424,18.08442,-5.941286,6.849793138334311,-0.5139035585826648
05/04/2023 16:18:52.538625,2137,True,True,True,True,Eyes,2.377436,0.1348624,-2.97477,-0.7194129,-0.2904417,-0.6309427,0.0,0.0,0.0,0.0,0.0,0.0,0.0,3.565377,-0.6407686,-1.183204,2.377708,0.1369341,-2.974931,0.002134376,0.9553126,-0.1127031,-0.2732606,12.36666,212.3434,3.855052,0.6572385,0.03511212,-0.7528635,-0.1229832,0.01070668,-0.5225537,0.7961119,-0.4487088,-4.234017,0.6501603,-0.2071999,1.991001,-0.8506484,0.06567261,0.5216175,-0.05751663,0.974587,-0.2164999,-0.5225797,-0.2141669,-0.8252535,static,48.74845,24.71802,18.08442,-5.941284,6.851122856280612,-0.5145002552143272
05/04/2023 16:18:52.553191,2138,True,True,True,True,Eyes,2.377249,0.134647,-2.975994,-0.7202503,-0.2907388,-0.6298496,0.0,0.0,0.0,0.0,0.0,0.0,0.0,3.585826,-0.6367267,-1.146043,2.376016,0.1351069,-2.985512,0.0016461,0.9534285,-0.1133822,-0.2794923,12.43216,213.102,3.905724,0.6539369,0.03514312,-0.7557318,-0.1156042,0.01006428,-0.4912004,0.7780665,-0.4521469,-4.223013,0.6501603,-0.2072002,1.990999,-0.8437626,0.06651778,0.5325785,-0.06024003,0.9742836,-0.2171238,-0.5333251,-0.2152835,-0.8180569,static,48.83072,24.77807,18.08444,-5.941297,6.85327615824078,-0.5152792224109902
05/04/2023 16:18:52.562807,2139,True,True,True,True,Eyes,2.377051,0.1343449,-2.977622,-0.7212065,-0.291351,-0.628471,0.0,0.0,0.0,0.0,0.0,0.0,0.0,3.607521,-0.6292694,-1.105807,2.374424,0.1332278,-2.996223,0.000343704,0.9513459,-0.1145411,-0.2860445,12.57631,213.8979,3.88813,0.6509617,0.03516409,-0.7582951,-0.1086679,0.009460426,-0.4617284,0.7603328,-0.4590265,-4.21017,0.6501605,-0.2071999,1.991001,-0.8363571,0.06618166,0.5441757,-0.06487373,0.9737605,-0.218133,-0.5443332,-0.2177398,-0.8101179,static,48.93058,24.87183,18.08443,-5.941283,6.855623844793645,-0.5166170494332258
05/04/2023 16:18:52.582826,2140,True,True,True,True,Eyes,2.376801,0.1339523,-2.979621,-0.7224585,-0.2920553,-0.6267036,0.0,0.0,0.0,0.0,0.0,0.0,0.0,3.62992,-0.6177055,-1.063877,2.373069,0.1310077,-3.006841,-0.001505162,0.9491533,-0.115701,-0.2927782,12.73942,214.7121,3.814705,0.6482521,0.03517356,-0.7606123,-0.1021478,0.008892801,-0.4340247,0.7431337,-0.4675037,-4.196302,0.65016,-0.2071998,1.991001,-0.8285574,0.06489222,0.5561309,-0.07060673,0.973222,-0.2187547,-0.5554344,-0.2205174,-0.8017884,moving,49.05968,24.98637,18.08442,-5.941281,6.8587440189646625,-0.518221156485589
05/04/2023 16:18:52.602610,2141,True,True,True,True,Eyes,2.376526,0.1334998,-2.981992,-0.7237575,-0.2929625,-0.6247784,0.0,0.0,0.0,0.0,0.0,0.0,0.0,3.653328,-0.6039711,-1.019122,2.371889,0.1284127,-3.017921,-0.003648249,0.9467764,-0.116974,-0.299864,12.92553,215.5698,3.720455,0.6457781,0.03517015,-0.7627142,-0.09601897,0.008359233,-0.4079832,0.7293804,-0.4776219,-4.18368,0.6458307,-0.2072,1.991,-0.8201366,0.0632444,0.5686617,-0.07706071,0.9726076,-0.2193084,-0.5669547,-0.2236843,-0.7927974,moving,49.19784,25.12218,17.97177,-5.941288,6.861914515379446,-0.5201865557896799
05/04/2023 16:18:52.622650,2142,True,True,True,True,Eyes,2.376218,0.1330505,-2.984722,-0.7253429,-0.293969,-0.6224626,0.0,0.0,0.0,0.0,0.0,0.0,0.0,3.674227,-0.5952955,-0.9772539,2.370571,0.1266056,-3.028815,-0.0050938,0.9445089,-0.1181889,-0.3064446,13.08421,216.3753,3.697493,0.6435118,0.03515342,-0.7646281,-0.09025783,0.007857678,-0.3835042,0.7165,-0.4852324,-4.172555,0.6414255,-0.2072,1.991,-0.8121313,0.06281441,0.5800834,-0.08205897,0.9720109,-0.2201389,-0.5776753,-0.2263828,-0.784246,moving,49.36502,25.27985,17.857,-5.941289,6.865835929395604,-0.5224394713606554
05/04/2023 16:18:52.638706,2143,True,True,True,True,Eyes,2.375852,0.1326105,-2.987793,-0.727026,-0.2950737,-0.6199716,0.0,0.0,0.0,0.0,0.0,0.0,0.0,3.696551,-0.5848956,-0.9311881,2.369633,0.1262545,-3.040164,-0.00698827,0.9420181,-0.1194657,-0.3134979,13.26525,217.2373,3.636759,0.6414288,0.0351246,-0.7663776,-0.08484236,0.007386218,-0.360494,0.7033939,-0.4925282,-4.159861,0.637146,-0.2072,1.991,-0.8033406,0.06173836,0.5923113,-0.08807068,0.9713582,-0.2206962,-0.5889718,-0.2294594,-0.7748941,moving,49.54411,25.45198,17.74535,-5.941288,6.869995571142875,-0.5249135534500308
05/04/2023 16:18:52.652670,2144,True,True,True,True,Eyes,2.375455,0.1321576,-2.991186,-0.7289864,-0.2961749,-0.617138,0.0,0.0,0.0,0.0,0.0,0.0,0.0,3.717432,-0.5800535,-0.8847113,2.368429,0.1260368,-3.051742,-0.007862084,0.9395005,-0.1205137,-0.3205518,13.38456,218.1109,3.682849,0.6395057,0.03508499,-0.7679848,-0.07975182,0.006943045,-0.3388644,0.6896071,-0.4964819,-4.147697,0.6325161,-0.2071999,1.991,-0.7943696,0.0624889,0.6042122,-0.09203462,0.9708292,-0.2214049,-0.6004222,-0.2314857,-0.7654461,moving,49.74975,25.63714,17.62441,-5.941286,6.874931045772389,-0.5275196756523832
05/04/2023 16:18:52.662900,2145,True,True,True,True,Eyes,2.374994,0.1316576,-2.994868,-0.7309744,-0.2972933,-0.614242,0.0,0.0,0.0,0.0,0.0,0.0,0.0,3.736542,-0.577702,-0.840292,2.367399,0.1252941,-3.06289,-0.008145466,0.9370816,-0.1213529,-0.3272388,13.45999,218.946,3.782482,0.6377233,0.03503519,-0.7694678,-0.07496671,0.006526462,-0.3185325,0.6761666,-0.498899,-4.136196,0.628371,-0.2071996,1.991002,-0.7856972,0.06415684,0.6152758,-0.0946887,0.9704142,-0.2221042,-0.6113219,-0.2327662,-0.7563767,moving,49.95947,25.82699,17.51598,-5.941272,6.879951488999074,-0.5301966087084383
05/04/2023 16:18:52.692840,2146,True,True,True,True,Eyes,2.374514,0.1311183,-2.99884,-0.7331411,-0.2986032,-0.6110158,0.0,0.0,0.0,0.0,0.0,0.0,0.0,3.754525,-0.5762942,-0.797864,2.366304,0.1236236,-3.074163,-0.008472252,0.9346719,-0.1226633,-0.3335722,13.5888,219.7457,3.893223,0.6360629,0.03497484,-0.7708436,-0.0704687,0.006134874,-0.2994205,0.6640158,-0.5039101,-4.125343,0.6241401,-0.2071998,1.991001,-0.7773157,0.06599662,0.6256397,-0.09767172,0.9697638,-0.2236477,-0.6214827,-0.2349522,-0.7473667,moving,50.19143,26.04474,17.4052,-5.941282,6.885405334890383,-0.5333034196584884
05/04/2023 16:18:52.702666,2147,True,True,True,True,Eyes,2.373995,0.1306376,-3.003092,-0.7352372,-0.3000483,-0.6077806,0.0,0.0,0.0,0.0,0.0,0.0,0.0,3.772198,-0.5706905,-0.7567701,2.365333,0.1220567,-3.085153,-0.01003255,0.9322055,-0.1248838,-0.3395532,13.86576,220.5029,3.904216,0.634509,0.03490382,-0.7721264,-0.06624058,0.005766782,-0.2814553,0.6545616,-0.5148042,-4.114164,0.6198243,-0.2071999,1.991,-0.7692059,0.0661046,0.6355725,-0.1035142,0.9686067,-0.2260216,-0.6305608,-0.2396479,-0.7382153,moving,50.42131,26.27457,17.29205,-5.941284,6.890631423579769,-0.5366461430095462
05/04/2023 16:18:52.722943,2148,True,True,True,True,Eyes,2.373453,0.1302396,-3.007606,-0.7375069,-0.3015809,-0.6042621,0.0,0.0,0.0,0.0,0.0,0.0,0.0,3.789802,-0.5652217,-0.7146955,2.364373,0.1231482,-3.096358,-0.01265504,0.9295651,-0.1282631,-0.3453945,14.31187,221.2503,3.850865,0.6330469,0.03482459,-0.7733291,-0.06226614,0.005420775,-0.264568,0.6472006,-0.5292942,-4.102034,0.6154134,-0.2071997,1.991001,-0.7610852,0.06507536,0.6453797,-0.1121301,0.9667769,-0.2297158,-0.6388869,-0.2471997,-0.7285026,moving,50.67118,26.52331,17.17625,-5.941277,6.896325674371603,-0.5402593251696384
05/04/2023 16:18:52.738583,2149,True,True,True,True,Eyes,2.372864,0.1298849,-3.012374,-0.7397671,-0.3029636,-0.6007975,0.0,0.0,0.0,0.0,0.0,0.0,0.0,3.808187,-0.5474597,-0.6738224,2.363385,0.1247479,-3.10723,-0.01549219,0.9271305,-0.1289377,-0.3515172,14.47607,221.9938,3.666645,0.6316641,0.03474,-0.7744628,-0.05853018,0.005095528,-0.2486939,0.6389674,-0.5353595,-4.092325,0.6105382,-0.2071999,1.991001,-0.7523915,0.06192103,0.6557995,-0.1193742,0.9662701,-0.2281925,-0.6478094,-0.2499756,-0.7196216,moving,50.91843,26.7604,17.0481,-5.941283,6.902075461246746,-0.5436646612068975
05/04/2023 16:18:52.752892,2150,True,True,True,True,Eyes,2.372235,0.1296149,-3.017385,-0.7422234,-0.304326,-0.597068,0.0,0.0,0.0,0.0,0.0,0.0,0.0,3.826768,-0.5235259,-0.6329842,2.362032,0.1254052,-3.11833,-0.01836099,0.9247091,-0.1284292,-0.3578853,14.51666,222.7527,3.432948,0.6303493,0.03465161,-0.7755373,-0.05501837,0.004789796,-0.2337723,0.6290205,-0.5387326,-4.082888,0.6064395,-0.2072,1.991,-0.7431621,0.05796871,0.6665957,-0.125883,0.9663376,-0.2243771,-0.6571634,-0.2506616,-0.7108483,moving,51.1857,27.00798,16.94023,-5.941288,6.908401791634163,-0.5471820571573598
05/04/2023 16:18:52.762622,2151,True,True,True,True,Eyes,2.371557,0.1294472,-3.022629,-0.7447062,-0.305376,-0.5934291,0.0,0.0,0.0,0.0,0.0,0.0,0.0,3.844707,-0.4995107,-0.5906997,2.360543,0.1271537,-3.129198,-0.02104066,0.9222407,-0.1274136,-0.3644109,14.49804,223.5288,3.200518,0.6290923,0.0345619,-0.7765613,-0.05171726,0.004502408,-0.2197459,0.6185013,-0.5390239,-4.073228,0.6022301,-0.2071998,1.991001,-0.7335242,0.05405268,0.6775108,-0.1316709,0.9666461,-0.2196771,-0.6667873,-0.2503469,-0.7019411,moving,51.44994,27.23015,16.82931,-5.941281,6.914944490729754,-0.5502347025270394
05/04/2023 16:18:52.782983,2152,True,True,True,True,Eyes,2.370827,0.1294272,-3.028115,-0.7474048,-0.3063749,-0.5895087,0.0,0.0,0.0,0.0,0.0,0.0,0.0,3.863741,-0.461301,-0.5487642,2.358992,0.1293661,-3.1402,-0.02440279,0.919875,-0.1239347,-0.3713149,14.24869,224.3122,2.787902,0.627883,0.0344735,-0.7775433,-0.04861423,0.004232264,-0.2065612,0.6067957,-0.53307,-4.065293,0.5981619,-0.2072001,1.991,-0.7230594,0.04714257,0.6891752,-0.1369326,0.9680894,-0.2098866,-0.6770778,-0.2461311,-0.6935309,moving,51.73571,27.46146,16.722,-5.94129,6.92213450959983,-0.5533676115206208
05/04/2023 16:18:52.803010,2153,True,True,True,True,Eyes,2.370072,0.1295923,-3.033817,-0.7501827,-0.3070144,-0.5856348,0.0,0.0,0.0,0.0,0.0,0.0,0.0,3.88181,-0.4305133,-0.5020194,2.357127,0.1328557,-3.151526,-0.02756941,0.9171435,-0.1217991,-0.3784876,14.13951,225.1552,2.460422,0.6267132,0.03439,-0.7784902,-0.04569737,0.003978328,-0.1941675,0.5951065,-0.529535,-4.054874,0.5937185,-0.2071999,1.991,-0.7119743,0.04162868,0.7009706,-0.1427691,0.9688098,-0.2025451,-0.6875389,-0.2442838,-0.6838243,moving,52.0224,27.66542,16.60464,-5.941285,6.9297057564662445,-0.5559825089397656
05/04/2023 16:18:52.813187,2154,True,True,True,True,Eyes,2.369262,0.1298731,-3.039718,-0.7531883,-0.3075294,-0.581492,0.0,0.0,0.0,0.0,0.0,0.0,0.0,3.897811,-0.4074026,-0.455615,2.355555,0.137141,-3.162126,-0.02950291,0.9145184,-0.1193153,-0.3854215,13.94404,225.9803,2.244597,0.6255761,0.03431561,-0.7794075,-0.04295553,0.003739628,-0.1825175,0.5830303,-0.5211765,-4.0448,0.5893443,-0.2071999,1.991001,-0.7011598,0.03801144,0.7119904,-0.1459352,0.9697869,-0.1954899,-0.6979098,-0.2409741,-0.6744285,moving,52.3304,27.87269,16.48897,-5.941284,6.93799082449407,-0.5585690184560731
05/04/2023 16:18:52.838857,2155,True,True,True,True,Eyes,2.368391,0.1302163,-3.04579,-0.756334,-0.3077562,-0.5772737,0.0,0.0,0.0,0.0,0.0,0.0,0.0,3.913246,-0.3831764,-0.4078054,2.353657,0.1404274,-3.172887,-0.03108987,0.9118072,-0.1162282,-0.3925963,13.67222,226.8349,2.038651,0.6244648,0.03425228,-0.780301,-0.0403782,0.003515251,-0.1715664,0.5696872,-0.511158,-4.034389,0.585051,-0.2072,1.990999,-0.6898029,0.03456563,0.7231714,-0.1479575,0.9710488,-0.187544,-0.7087173,-0.236367,-0.664718,moving,52.64723,28.06297,16.37531,-5.94129,6.946805697944372,-0.5607986221894592
05/04/2023 16:18:52.853126,2156,True,True,True,True,Eyes,2.36746,0.1306522,-3.052038,-0.7596837,-0.3079414,-0.572759,0.0,0.0,0.0,0.0,0.0,0.0,0.0,3.927409,-0.3642085,-0.3572102,2.351743,0.142186,-3.183375,-0.03226191,0.9088621,-0.1142086,-0.3998566,13.49733,227.7225,1.926613,0.623374,0.03420044,-0.781175,-0.03795551,0.003304336,-0.1612724,0.5565225,-0.5048907,-4.021699,0.5807749,-0.2072,1.991,-0.678148,0.03269088,0.7341982,-0.1499774,0.9718311,-0.1817995,-0.7194598,-0.2334,-0.6541423,moving,52.98575,28.26451,16.26197,-5.941288,6.956246546983725,-0.5631476590475153
05/04/2023 16:18:52.872909,2157,True,True,True,True,Eyes,2.366507,0.1311406,-3.05845,-0.765748,-0.3078088,-0.564698,0.0,0.0,0.0,0.0,0.0,0.0,0.0,3.94003,-0.3518052,-0.3071461,2.349478,0.1448292,-3.193886,-0.03317862,0.9058592,-0.1131576,-0.4068336,13.4152,228.5925,1.883014,0.6222985,0.03416124,-0.7820336,-0.03567818,0.003106075,-0.1515961,0.5442494,-0.500115,-4.008898,0.5762223,-0.2071998,1.991001,-0.6667714,0.03196228,0.7445768,-0.1521829,0.9721891,-0.1780133,-0.7295592,-0.232006,-0.6433638,moving,53.59322,28.59416,16.14115,-5.941278,6.973596032151861,-0.5667612626820756
05/04/2023 16:18:52.882702,2158,True,True,True,True,Eyes,2.365481,0.1316399,-3.065006,-0.7718129,-0.3076369,-0.556475,0.0,0.0,0.0,0.0,0.0,0.0,0.0,3.950513,-0.3500323,-0.259594,2.347373,0.1462766,-3.20389,-0.03286004,0.9029931,-0.1128745,-0.4132591,13.35649,229.417,1.999557,0.6212347,0.03413464,-0.7828801,-0.03353749,0.002919711,-0.1425003,0.5323004,-0.4957111,-3.996205,0.5721773,-0.2072,1.991,-0.6562744,0.033948,0.7537582,-0.1526376,0.9723591,-0.1766903,-0.738922,-0.2310091,-0.6329526,moving,54.2085,28.9352,16.03369,-5.941288,6.991077419209973,-0.5705557582733594
05/04/2023 16:18:52.902641,2159,True,True,True,True,Eyes,2.364384,0.1320685,-3.071688,-0.7778268,-0.3073758,-0.548184,0.0,0.0,0.0,0.0,0.0,0.0,0.0,3.960598,-0.342216,-0.2135301,2.344749,0.1469288,-3.213971,-0.03308777,0.9001306,-0.1121557,-0.4196324,13.27817,230.2259,2.03506,0.6201784,0.03411958,-0.7837179,-0.03152524,0.002744528,-0.1339503,0.5207583,-0.4922752,-3.98453,0.567691,-0.2072,1.991,-0.6456278,0.03456171,0.7628698,-0.1536949,0.9726526,-0.1741402,-0.7480258,-0.229679,-0.6226597,moving,54.82521,29.28007,15.91436,-5.941287,7.008560722704182,-0.5744161665506036
05/04/2023 16:18:52.912740,2160,True,True,True,True,Eyes,2.363203,0.1324665,-3.078498,-0.7837836,-0.3071019,-0.5397885,0.0,0.0,0.0,0.0,0.0,0.0,0.0,3.96872,-0.3436536,-0.1738234,2.342134,0.1457483,-3.223695,-0.03230446,0.8975863,-0.1122896,-0.4250722,13.24071,230.938,2.206063,0.6191266,0.03411301,-0.7845494,-0.02963373,0.002579856,-0.1259133,0.5105314,-0.4907115,-3.974999,0.5632867,-0.2071998,1.991001,-0.6365403,0.03747027,0.7703329,-0.1534544,0.9726949,-0.1741157,-0.7558231,-0.2290426,-0.6134096,moving,55.44498,29.63685,15.79708,-5.94128,7.026000786039093,-0.5784874373899975
05/04/2023 16:18:52.938966,2161,True,True,True,True,Eyes,2.361966,0.1328586,-3.085435,-0.7894479,-0.3068751,-0.5316011,0.0,0.0,0.0,0.0,0.0,0.0,0.0,3.976698,-0.3405437,-0.1356754,2.338992,0.1455146,-3.233643,-0.03228325,0.8950443,-0.1123227,-0.4303921,13.22975,231.6278,2.289926,0.618076,0.03411324,-0.7853773,-0.0278557,0.002425065,-0.1183585,0.5009599,-0.4899486,-3.966413,0.5586704,-0.2071999,1.991001,-0.6274413,0.03889568,0.7776921,-0.1544755,0.9726828,-0.1732786,-0.7631875,-0.2288564,-0.6042929,moving,56.04433,29.99637,15.674,-5.941281,7.04268149221379,-0.5826970342976368
05/04/2023 16:18:52.952580,2162,True,True,True,True,Eyes,2.360614,0.1332407,-3.092473,-0.7949828,-0.306652,-0.5234184,0.0,0.0,0.0,0.0,0.0,0.0,0.0,3.984267,-0.3299243,-0.1117668,2.336057,0.145867,-3.243035,-0.03337712,0.8932557,-0.1118887,-0.4341215,13.23054,232.0956,2.20878,0.6170234,0.03411935,-0.7862043,-0.02618436,0.002279561,-0.111257,0.4948077,-0.4905477,-3.963879,0.5548176,-0.2071998,1.991002,-0.6208494,0.03751794,0.7830318,-0.1567751,0.9727338,-0.1709109,-0.7680938,-0.2288698,-0.5980393,moving,56.639,30.3645,15.57116,-5.941277,7.059086428615678,-0.5870883724913174
05/04/2023 16:18:52.962834,2163,True,True,True,True,Eyes,2.359118,0.1335887,-3.099539,-0.8002044,-0.3065307,-0.5154725,0.0,0.0,0.0,0.0,0.0,0.0,0.0,3.992054,-0.3073452,-0.08668613,2.332029,0.1459782,-3.252507,-0.03545129,0.8913401,-0.1102152,-0.4383023,13.15317,232.5966,1.966612,0.6159672,0.03413047,-0.7870317,-0.0246133,0.002142787,-0.1045815,0.487541,-0.4903398,-3.961605,0.5503061,-0.2071996,1.991002,-0.6132688,0.03341684,0.7891673,-0.1598134,0.9731916,-0.1654016,-0.7735382,-0.2275551,-0.5914876,moving,57.21133,30.73824,15.45062,-5.941273,7.074627312982869,-0.5916801478358574
05/04/2023 16:18:52.982974,2164,True,True,True,True,Eyes,2.357501,0.1339149,-3.106654,-0.8053432,-0.3065158,-0.5074155,0.0,0.0,0.0,0.0,0.0,0.0,0.0,3.999627,-0.2701041,-0.05841494,2.327716,0.1454872,-3.260974,-0.03935737,0.8891206,-0.1084016,-0.4429048,13.15743,233.136,1.532171,0.614905,0.03414525,-0.7878612,-0.0231365,0.00201422,-0.09830666,0.480791,-0.4951864,-3.956496,0.5461977,-0.2071998,1.991001,-0.6045728,0.02603631,0.7961245,-0.1660101,0.9734002,-0.1579011,-0.7790588,-0.2276274,-0.584169,moving,57.78656,31.13503,15.34073,-5.941281,7.0899772960486835,-0.5966928654087769
05/04/2023 16:18:53.002716,2165,True,True,True,True,Eyes,2.355741,0.134227,-3.113782,-0.8102539,-0.3067166,-0.4994132,0.0,0.0,0.0,0.0,0.0,0.0,0.0,4.006215,-0.2387832,-0.02081394,2.32328,0.145276,-3.269323,-0.04269388,0.8863441,-0.1073239,-0.4483893,13.21106,233.8086,1.210281,0.6138347,0.0341628,-0.7886947,0.0,0.0,0.0,0.4726881,-0.5002772,-3.946839,0.5417021,-0.2071999,1.991,-0.5942485,0.02056283,0.8040187,-0.1719287,0.9733176,-0.1519648,-0.7856903,-0.2285387,-0.5748572,moving,58.35172,31.55633,15.22035,-5.941283,7.104657636408627,-0.6022091149941162
05/04/2023 16:18:53.013044,2166,True,True,True,True,Eyes,2.353875,0.1345407,-3.120944,-0.8151506,-0.3069882,-0.4912105,0.0,0.0,0.0,0.0,0.0,0.0,0.0,4.011619,-0.2094455,0.02937078,2.318589,0.1452729,-3.277325,-0.04618136,0.8827319,-0.1074476,-0.4550897,13.39884,234.659,0.9580438,0.6127549,0.03418252,-0.7895331,0.0,0.0,0.0,0.463264,-0.508887,-3.929851,0.5375265,-0.2072,1.990999,-0.5815212,0.01626513,0.8133686,-0.1793282,0.9726446,-0.1476616,-0.7935203,-0.2317282,-0.5626966,moving,58.9268,32.00385,15.10841,-5.941288,7.119355718761921,-0.6081760457725262
05/04/2023 16:18:53.032759,2167,True,True,True,True,Eyes,2.351894,0.1348937,-3.12811,-0.8198383,-0.3073489,-0.4831168,0.0,0.0,0.0,0.0,0.0,0.0,0.0,4.015635,-0.1987073,0.07745504,2.314275,0.1456401,-3.285381,-0.04733817,0.8793759,-0.1079552,-0.4613056,13.50564,235.4755,0.963154,0.6116647,0.03420426,-0.7903771,0.0,0.0,0.0,0.4533085,-0.5120675,-3.914276,0.5331741,-0.2072001,1.990999,-0.5699124,0.01634458,0.8215427,-0.1828568,0.9722096,-0.1461917,-0.8011011,-0.2335411,-0.5510856,moving,59.48988,32.46367,14.99161,-5.941294,7.133471310904898,-0.6144252023271565
05/04/2023 16:18:53.052929,2168,True,True,True,True,Eyes,2.349788,0.135261,-3.135274,-0.8244783,-0.3078101,-0.4748563,0.0,0.0,0.0,0.0,0.0,0.0,0.0,4.018423,-0.1931904,0.1212034,2.309688,0.1468077,-3.29295,-0.04836271,0.8762143,-0.1093043,-0.466864,13.69219,236.2217,1.020755,0.6105631,0.03422885,-0.7912273,0.0,0.0,0.0,0.4447048,-0.5166001,-3.899888,0.5288056,-0.2072,1.990999,-0.5593981,0.01730831,0.8287184,-0.1868127,0.9714273,-0.1463904,-0.8075734,-0.2367057,-0.540181,moving,60.06031,32.95201,14.87424,-5.941292,7.147484155237829,-0.6211792005074765
05/04/2023 16:18:53.063001,2169,True,True,True,True,Eyes,2.347556,0.1356,-3.142415,-0.8289374,-0.3083887,-0.4666468,0.0,0.0,0.0,0.0,0.0,0.0,0.0,4.020256,-0.1866156,0.1651611,2.304772,0.1477106,-3.300116,-0.04947511,0.8729912,-0.1106539,-0.4724346,13.88343,236.9722,1.072503,0.6094491,0.03425643,-0.7920845,0.0,0.0,0.0,0.4361216,-0.5216083,-3.885008,0.5243365,-0.2072,1.990999,-0.5487156,0.0181708,0.8358115,-0.1909361,0.9706159,-0.1464523,-0.813913,-0.2399473,-0.5291225,moving,60.62285,33.45917,14.75404,-5.941289,7.160977217994365,-0.6283205064039192
05/04/2023 16:18:53.082605,2170,True,True,True,True,Eyes,2.345213,0.1359236,-3.149533,-0.8333316,-0.3092151,-0.458197,0.0,0.0,0.0,0.0,0.0,0.0,0.0,4.020904,-0.1786897,0.2176018,2.299746,0.1474171,-3.307019,-0.05119717,0.8690645,-0.1135416,-0.4787634,14.26296,237.8463,1.166587,0.6083232,0.03428603,-0.7929482,0.0,0.0,0.0,0.4280712,-0.5336184,-3.864327,0.5201514,-0.2071998,1.991,-0.5363292,0.01973181,0.8437785,-0.1977064,0.9689743,-0.1483272,-0.8205265,-0.2463725,-0.515788,moving,61.19635,34.01352,14.64135,-5.941282,7.174257645395277,-0.6363022461919198
05/04/2023 16:18:53.102925,2171,True,True,True,True,Eyes,2.342764,0.1362361,-3.15664,-0.8375314,-0.3101579,-0.4498259,0.0,0.0,0.0,0.0,0.0,0.0,0.0,4.021026,-0.1676315,0.2670484,2.294729,0.1473221,-3.313694,-0.05321575,0.8652653,-0.1160852,-0.4847768,14.62458,238.6761,1.211576,0.6071845,0.03431713,-0.7938192,0.0,0.0,0.0,0.4211056,-0.5452682,-3.84539,0.515587,-0.2071998,1.991001,-0.5243194,0.02045936,0.851276,-0.2046423,0.9673846,-0.1492935,-0.8265658,-0.2524845,-0.5030316,moving,61.7604,34.58652,14.51832,-5.941279,7.18696511428162,-0.644674731027614
05/04/2023 16:18:53.122820,2172,True,True,True,True,Eyes,2.34019,0.1365612,-3.163714,-0.8416721,-0.311278,-0.4412415,0.0,0.0,0.0,0.0,0.0,0.0,0.0,4.020481,-0.1549608,0.3168116,2.289697,0.1475485,-3.320266,-0.05583238,0.8612925,-0.119428,-0.4907088,15.1009,239.5089,1.248285,0.6060326,0.03434933,-0.7946975,0.0,0.0,0.0,0.4156089,-0.5603893,-3.82532,0.5113208,-0.2072001,1.991,-0.5121753,0.02103268,0.8586233,-0.2133847,0.9652395,-0.1509299,-0.8319516,-0.2605197,-0.4898838,moving,62.3345,35.20142,14.40321,-5.941289,7.1994950876970165,-0.6537920824000649
05/04/2023 16:18:53.139193,2173,True,True,True,True,Eyes,2.337472,0.1368855,-3.170729,-0.8456067,-0.3122703,-0.4329394,0.0,0.0,0.0,0.0,0.0,0.0,0.0,4.019045,-0.1433282,0.3640575,2.284219,0.1480682,-3.326593,0.05779056,-0.8575439,0.1215865,0.4964834,15.42136,240.3122,1.284839,0.6048681,0.03438291,-0.7955828,0.0,0.0,0.0,0.4087154,-0.5701002,-3.807008,0.5070151,-0.2071999,1.991,-0.5003293,0.02161551,0.8655655,-0.2198472,0.9637539,-0.1511474,-0.8374593,-0.2659156,-0.4774422,moving,62.88815,35.80214,14.28691,-5.941284,7.211480293507618,-0.6627298409468687
05/04/2023 16:18:53.152754,2174,True,True,True,True,Eyes,2.334608,0.1372061,-3.177714,-0.8495091,-0.3133015,-0.4244722,0.0,0.0,0.0,0.0,0.0,0.0,0.0,4.017294,-0.1273986,0.4094782,2.278525,0.1485249,-3.332989,0.05967598,-0.8539405,0.1223422,0.5022519,15.59826,241.0954,1.247754,0.6036902,0.03441782,-0.7964754,0.0,0.0,0.0,0.4008326,-0.5758148,-3.790491,0.5026853,-0.2071999,1.991,-0.4883637,0.0209737,0.8723881,-0.2248126,0.9629424,-0.1490011,-0.8431846,-0.2688906,-0.4655509,moving,63.45018,36.43092,14.16984,-5.941285,7.2234051554530465,-0.6721594150955337
05/04/2023 16:18:53.162931,2175,True,True,True,True,Eyes,2.331591,0.1375284,-3.184647,-0.8532614,-0.3139988,-0.416353,0.0,0.0,0.0,0.0,0.0,0.0,0.0,4.014679,-0.1104959,0.4539208,2.272194,0.1487482,-3.339297,0.06148161,-0.8503519,0.1226874,0.5080055,15.73097,241.8739,1.195932,0.6024982,0.0344539,-0.7973758,0.0,0.0,0.0,0.392354,-0.5804442,-3.774644,0.498028,-0.2071998,1.991001,-0.4763013,0.02008968,0.8790529,-0.2292137,0.9623356,-0.1461889,-0.8488808,-0.2711208,-0.4537568,moving,63.98972,37.02231,14.04377,-5.941281,7.235008700348683,-0.6809817900965706
05/04/2023 16:18:53.183006,2176,True,True,True,True,Eyes,2.328422,0.13783,-3.191547,-0.8569981,-0.3146535,-0.4081024,0.0,0.0,0.0,0.0,0.0,0.0,0.0,4.011967,-0.09207872,0.4950962,2.265881,0.1491483,-3.345598,0.06302997,-0.8470376,0.1218566,0.5135226,15.73384,242.6044,1.093843,0.6012926,0.03449117,-0.7982838,0.0,0.0,0.0,0.3828999,-0.5810711,-3.760646,0.4940521,-0.2072,1.991,-0.4646434,0.01837472,0.885307,-0.2319297,0.9623564,-0.1416996,-0.8545845,-0.2711688,-0.4428909,moving,64.53622,37.6328,13.93604,-5.941289,7.246615724124221,-0.6901335965189708
05/04/2023 16:18:53.202923,2177,True,True,True,True,Eyes,2.325097,0.1380947,-3.198394,-0.8605873,-0.3150091,-0.4001983,0.0,0.0,0.0,0.0,0.0,0.0,0.0,4.008812,-0.0716221,0.5341973,2.259177,0.148884,-3.351869,0.0643037,-0.8438879,0.1199056,0.5189805,15.61182,243.3119,0.9475551,0.6000718,0.0345291,-0.7992002,0.0,0.0,0.0,0.3723325,-0.5786598,-3.748502,0.4897079,-0.2072002,1.990999,-0.4530486,0.01592713,0.8913436,-0.2329876,0.9629753,-0.1356291,-0.8605021,-0.2691185,-0.4325638,moving,65.0602,38.20744,13.81823,-5.941296,7.2578807384788515,-0.6987072788382205
05/04/2023 16:18:53.213206,2178,True,True,True,True,Eyes,2.321624,0.1383,-3.205198,-0.8641374,-0.3153555,-0.3921958,0.0,0.0,0.0,0.0,0.0,0.0,0.0,4.004969,-0.05382884,0.5731792,2.252443,0.148457,-3.357926,0.0656821,-0.8406337,0.1190242,0.5242652,15.60365,244.017,0.8549573,0.5988359,0.03456677,-0.8001251,0.0,0.0,0.0,0.3630927,-0.5796532,-3.7356,0.485195,-0.2072001,1.991,-0.4416637,0.01437136,0.8970656,-0.2352297,0.9630381,-0.1312419,-0.8657946,-0.2689812,-0.4219585,moving,65.58869,38.80196,13.69569,-5.941289,7.269052372275327,-0.70763547124492
05/04/2023 16:18:53.239304,2179,True,True,True,True,Eyes,2.317992,0.1384521,-3.211951,-0.867685,-0.3157604,-0.3839507,0.0,0.0,0.0,0.0,0.0,0.0,0.0,4.001061,-0.03737083,0.6079159,2.245485,0.1473442,-3.363858,0.06680992,-0.8376451,0.1180042,0.5291148,15.56857,244.664,0.770237,0.5975844,0.03460281,-0.8010587,0.0,0.0,0.0,0.3536996,-0.5803744,-3.724336,0.4809969,-0.2072,1.991,-0.4311482,0.01294954,0.9021882,-0.2368015,0.9632229,-0.126991,-0.8706529,-0.2683915,-0.4122254,moving,66.13061,39.43382,13.5816,-5.941287,7.280224541371806,-0.7172084444030027
05/04/2023 16:18:53.252810,2180,True,True,True,True,Eyes,2.314206,0.138572,-3.218662,-0.8711626,-0.3162323,-0.3755966,0.0,0.0,0.0,0.0,0.0,0.0,0.0,3.996638,-0.02139437,0.6413836,2.238187,0.1458946,-3.369596,0.06813728,-0.8346283,0.1176274,0.533776,15.61014,245.2974,0.70407,0.5963172,0.03463614,-0.8020011,0.0,0.0,0.0,0.3450675,-0.5837654,-3.712993,0.4766683,-0.2071998,1.991,-0.420881,0.0118348,0.9070387,-0.239312,0.9630423,-0.1236102,-0.8749795,-0.2690904,-0.402494,moving,66.67699,40.0956,13.46385,-5.941282,7.291173591256335,-0.7273248628363927
05/04/2023 16:18:53.263037,2181,True,True,True,True,Eyes,2.310243,0.138679,-3.225317,-0.8745663,-0.3167751,-0.3671341,0.0,0.0,0.0,0.0,0.0,0.0,0.0,3.991371,-0.004459947,0.6777182,2.230759,0.1451284,-3.375354,0.06977009,-0.8313311,0.1175758,0.5386993,15.70348,245.9738,0.6351737,0.5950333,0.03466633,-0.8029527,0.0,0.0,0.0,0.3368616,-0.588168,-3.70009,0.4722421,-0.2072001,1.991,-0.4098707,0.01067186,0.9120813,-0.24268,0.9626162,-0.1203186,-0.8792682,-0.2706589,-0.3919583,moving,67.22783,40.78868,13.34332,-5.941288,7.301881933139174,-0.7380106665036463
05/04/2023 16:18:53.282806,2182,True,True,True,True,Eyes,2.306117,0.1387554,-3.231925,-0.8779276,-0.317286,-0.3585705,0.0,0.0,0.0,0.0,0.0,0.0,0.0,3.985811,0.009639621,0.7123857,2.222869,0.144868,-3.381144,0.07118277,-0.8281131,0.1176581,0.5434319,15.79728,246.6306,0.5944822,0.5937331,0.03469346,-0.8039134,0.0,0.0,0.0,0.3283111,-0.5918419,-3.687652,0.4680031,-0.2072,1.991,-0.3992295,0.009983632,0.9167967,-0.2457732,0.9621791,-0.1175025,-0.8832958,-0.2722345,-0.3816765,moving,67.7835,41.50445,13.22777,-5.941286,7.312472432157723,-0.7491024394477589
05/04/2023 16:18:53.302746,2183,True,True,True,True,Eyes,2.301831,0.138746,-3.238489,-0.8811952,-0.3177782,-0.350017,0.0,0.0,0.0,0.0,0.0,0.0,0.0,3.979412,0.01979327,0.7483025,2.214738,0.1443984,-3.38676,0.07182483,-0.8248859,0.1172861,0.5483143,15.79882,247.3088,0.6028877,0.5924155,0.03471721,-0.804884,0.0,0.0,0.0,0.318354,-0.5923392,-3.674778,0.4636775,-0.2071999,1.991,-0.3883855,0.01012471,0.9214415,-0.2471138,0.9621704,-0.1147301,-0.8877453,-0.2722604,-0.3711911,moving,68.33667,42.2361,13.10975,-5.941284,7.322771840855369,-0.7605033394271891
05/04/2023 16:18:53.322597,2184,True,True,True,True,Eyes,2.297381,0.1386464,-3.244993,-0.8843955,-0.3183212,-0.3413447,0.0,0.0,0.0,0.0,0.0,0.0,0.0,3.972344,0.02813795,0.7842641,2.206456,0.1426615,-3.392133,0.07215073,-0.821622,0.1171349,0.5531828,15.80155,247.9945,0.6569704,0.59108,0.03473585,-0.8058644,0.0,0.0,0.0,0.3082542,-0.5937894,-3.661322,0.459326,-0.2071997,1.991001,-0.3775665,0.01103271,0.9259169,-0.2481552,0.9621474,-0.112656,-0.8921115,-0.2723062,-0.3605367,moving,68.89521,43.00109,12.99091,-5.941278,7.33283682454104,-0.772508101513176
05/04/2023 16:18:53.339898,2185,True,True,True,True,Eyes,2.292776,0.1384562,-3.251456,-0.8874205,-0.3189691,-0.3327814,0.0,0.0,0.0,0.0,0.0,0.0,0.0,3.964842,0.03608906,0.8196349,2.198255,0.1400609,-3.397225,0.07272197,-0.8182707,0.1179607,0.5578799,15.91362,248.6757,0.750912,0.5897266,0.03474774,-0.8068547,0.0,0.0,0.0,0.2995982,-0.5993543,-3.647074,0.4550205,-0.2071999,1.991,-0.3669632,0.01260324,0.93015,-0.2506283,0.9615936,-0.1119073,-0.8958367,-0.2741878,-0.3497107,moving,69.44403,43.78593,12.87322,-5.941284,7.342303976399709,-0.784927313123008
05/04/2023 16:18:53.352889,2186,True,True,True,True,Eyes,2.288009,0.1382047,-3.257865,-0.8903531,-0.3197064,-0.3241283,0.0,0.0,0.0,0.0,0.0,0.0,0.0,3.957097,0.04615155,0.854116,2.189827,0.1377302,-3.402344,0.07393973,-0.8148047,0.1195631,0.5624332,16.14168,249.3505,0.8350709,0.5883554,0.03475139,-0.8078552,0.0,0.0,0.0,0.2924255,-0.6084966,-3.632693,0.4505957,-0.2072,1.991,-0.3564037,0.01399967,0.9342272,-0.2549853,0.9604751,-0.1116688,-0.8988655,-0.2780134,-0.3387472,moving,69.99623,44.60649,12.75215,-5.941288,7.35143577029688,-0.7980035849841701
05/04/2023 16:18:53.362981,2187,True,True,True,True,Eyes,2.283075,0.137882,-3.264226,-0.8931233,-0.3204653,-0.3156464,0.0,0.0,0.0,0.0,0.0,0.0,0.0,3.949369,0.05495325,0.8866124,2.181111,0.1358607,-3.407479,0.07494114,-0.8114868,0.1208243,0.566811,16.32285,249.9988,0.9159684,0.5869656,0.03474619,-0.8088657,0.0,0.0,0.0,0.2847241,-0.6156874,-3.619505,0.4461473,-0.2071999,1.991001,-0.3462187,0.01534164,0.9380286,-0.2585965,0.9595706,-0.1111398,-0.9018097,-0.2810496,-0.328254,moving,70.53564,45.43405,12.63031,-5.941284,7.360024598529037,-0.8112658170780594
05/04/2023 16:18:53.382972,2188,True,True,True,True,Eyes,2.277962,0.1375086,-3.270534,-0.8958279,-0.3212081,-0.3071119,0.0,0.0,0.0,0.0,0.0,0.0,0.0,3.94233,0.062543,0.9142556,2.172307,0.1339751,-3.41246,0.07570487,-0.8085495,0.1216927,0.5707076,16.45127,250.5744,0.9845654,0.5855575,0.03473138,-0.8098863,0.0,0.0,0.0,0.276651,-0.6212796,-3.608582,0.44201,-0.2072001,1.990999,-0.3371229,0.0164796,0.9413162,-0.2613241,0.9589193,-0.1103784,-0.9044653,-0.2831998,-0.3189671,moving,71.07702,46.2852,12.5169,-5.941291,7.368382649546313,-0.8249630960082225
05/04/2023 16:18:53.403057,2189,True,True,True,True,Eyes,2.272677,0.137094,-3.276794,-0.8984226,-0.3218004,-0.2987996,0.0,0.0,0.0,0.0,0.0,0.0,0.0,3.935216,0.06685603,0.941113,2.16288,0.132439,-3.417673,0.07584415,-0.8057345,0.1219135,0.5746103,16.47646,251.1439,1.06868,0.5841297,0.03470675,-0.8109177,0.0,0.0,0.0,0.2668409,-0.6230806,-3.598725,0.4376603,-0.2072001,1.990999,-0.3281415,0.01788504,0.9444594,-0.262326,0.9587695,-0.1092981,-0.9074737,-0.2836215,-0.3099204,moving,71.60378,47.12253,12.39755,-5.941291,7.37639817381887,-0.8384627609683587
05/04/2023 16:18:53.412915,2190,True,True,True,True,Eyes,2.267214,0.136632,-3.282998,-0.9009752,-0.3222713,-0.2904909,0.0,0.0,0.0,0.0,0.0,0.0,0.0,3.927973,0.07130751,0.9672947,2.153531,0.1311015,-3.422694,0.07579259,-0.8030265,0.1215253,0.578477,16.43125,251.6985,1.127413,0.5826823,0.03467239,-0.8119597,0.0,0.0,0.0,0.2564654,-0.6226038,-3.589542,0.4333085,-0.2072001,1.991,-0.3192397,0.01887221,0.9474859,-0.262326,0.9589742,-0.1074875,-0.9106431,-0.2828645,-0.301192,moving,72.12973,47.96894,12.27803,-5.941291,7.384269232815154,-0.8521365473083181
05/04/2023 16:18:53.440042,2191,True,True,True,True,Eyes,2.261564,0.1361227,-3.289131,-0.9034497,-0.3225173,-0.2824202,0.0,0.0,0.0,0.0,0.0,0.0,0.0,3.921111,0.06992388,0.9903603,2.143853,0.1293063,-3.427533,0.07482326,-0.800657,0.1207486,0.5820393,16.28746,252.2079,1.238415,0.5812151,0.03462821,-0.8130126,0.0,0.0,0.0,0.2445874,-0.6190214,-3.581905,0.4289795,-0.2072,1.991,-0.3112637,0.02074536,0.9500973,-0.2603764,0.9596425,-0.1062563,-0.9139581,-0.2804566,-0.2933002,moving,72.64066,48.7922,12.15903,-5.941289,7.391902489894548,-0.8654390437285168
05/04/2023 16:18:53.452965,2192,True,True,True,True,Eyes,2.255734,0.1355805,-3.295199,-0.9058873,-0.3226328,-0.2743651,0.0,0.0,0.0,0.0,0.0,0.0,0.0,3.914997,0.07054663,1.008844,2.133769,0.1277204,-3.432297,0.07398985,-0.7986152,0.1193372,0.5852333,16.09386,252.65,1.282298,0.5797272,0.03457414,-0.8140765,0.0,0.0,0.0,0.2321419,-0.6141068,-3.576751,0.4246691,-0.2071999,1.991001,-0.304055,0.02150142,0.9524119,-0.2578591,0.9605682,-0.1040064,-0.917093,-0.2772117,-0.2865213,moving,73.15007,49.62236,12.04044,-5.941282,7.3993938784206374,-0.8788777027025497
05/04/2023 16:18:53.462821,2193,True,True,True,True,Eyes,2.249731,0.1350098,-3.301227,-0.9082474,-0.322453,-0.2666659,0.0,0.0,0.0,0.0,0.0,0.0,0.0,3.908132,0.07227412,1.029126,2.12362,0.1263626,-3.436872,0.07332458,-0.796396,0.1179868,0.5886052,15.91713,253.1193,1.317103,0.5782185,0.03451049,-0.8151515,0.0,0.0,0.0,0.2199985,-0.609584,-3.570849,0.4199158,-0.2071999,1.991,-0.2963347,0.02210448,0.9548283,-0.255686,0.9614052,-0.1016099,-0.9202229,-0.2742468,-0.279246,moving,73.6375,50.40954,11.90954,-5.941285,7.406653290364798,-0.8916019184733243
05/04/2023 16:18:53.482858,2194,True,True,True,True,Eyes,2.243546,0.1344147,-3.307186,-0.9105738,-0.3221163,-0.25903,0.0,0.0,0.0,0.0,0.0,0.0,0.0,3.901928,0.06879318,1.046774,2.113364,0.1251639,-3.441442,0.07187371,-0.7944905,0.1161932,0.5917079,15.64555,253.5453,1.386431,0.5766888,0.0344376,-0.8162375,0.0,0.0,0.0,0.2063941,-0.6015506,-3.565761,0.4160439,-0.2071998,1.991,-0.2894321,0.02329896,0.9569151,-0.2517109,0.9626666,-0.09957239,-0.9235102,-0.2696853,-0.272762,moving,74.12059,51.19548,11.80282,-5.94128,7.413774537791912,-0.9043212787590723
05/04/2023 16:18:53.502810,2195,True,True,True,True,Eyes,2.237205,0.1338129,-3.313118,-0.912778,-0.3216912,-0.2516966,0.0,0.0,0.0,0.0,0.0,0.0,0.0,3.896826,0.05909878,1.058941,2.102848,0.1238675,-3.445692,0.06990576,-0.7930143,0.1149333,0.5941648,15.38826,253.8911,1.527796,0.5751373,0.03435593,-0.8173349,0.0,0.0,0.0,0.1928844,-0.5935794,-3.56319,0.4116835,-0.2071997,1.991001,-0.2841629,0.02570607,0.9584314,-0.2474511,0.963807,-0.0992164,-0.9262934,-0.2653586,-0.2675173,moving,74.58392,51.95979,11.68254,-5.941277,7.420470450520186,-0.9167180742837391
05/04/2023 16:18:53.512957,2196,True,True,True,True,Eyes,2.230683,0.1332174,-3.318981,-0.9149134,-0.321218,-0.2444433,0.0,0.0,0.0,0.0,0.0,0.0,0.0,3.891806,0.05510589,1.069858,2.092428,0.1231311,-3.449691,0.06885087,-0.7915148,0.1138494,0.5964917,15.21043,254.2166,1.593107,0.573564,0.03426628,-0.8184435,0.0,0.0,0.0,0.1807505,-0.5881761,-3.561017,0.4072453,-0.2071998,1.991,-0.2789147,0.02682745,0.9599411,-0.2448134,0.9645958,-0.09808902,-0.9285867,-0.2623649,-0.2624723,moving,75.04132,52.72927,11.56,-5.941281,7.426890092103068,-0.929237263939373
05/04/2023 16:18:53.532695,2197,True,True,True,True,Eyes,2.223994,0.1327126,-3.324831,-0.9168741,-0.3208652,-0.2374604,0.0,0.0,0.0,0.0,0.0,0.0,0.0,3.886426,0.05717659,1.081573,2.081649,0.1224668,-3.453855,0.06862045,-0.7898039,0.1128234,0.5989758,15.09503,254.5628,1.588447,0.5719683,0.0341697,-0.8195634,0.0,0.0,0.0,0.1691351,-0.5852195,-3.558129,0.4029762,-0.2071999,1.991,-0.2730387,0.0267636,0.9616308,-0.2435504,0.9651242,-0.0960128,-0.9306628,-0.2604207,-0.256998,moving,75.48005,53.49623,11.44203,-5.941283,7.432679502103464,-0.9417884663887518
05/04/2023 16:18:53.552705,2198,True,True,True,True,Eyes,2.217148,0.1323275,-3.330617,-0.9187933,-0.320379,-0.2305994,0.0,0.0,0.0,0.0,0.0,0.0,0.0,3.882407,0.07616714,1.087511,2.070566,0.1243731,-3.458157,0.07082426,-0.7882828,0.1111649,0.6010296,15.09342,254.8205,1.303737,0.5703493,0.03406924,-0.820695,0.0,0.0,0.0,0.1594931,-0.5853122,-3.558758,0.3987022,-0.2071999,1.991,-0.2674947,0.02196764,0.9633089,-0.2452858,0.9652526,-0.09012374,-0.9318161,-0.2603936,-0.2528116,moving,75.91089,54.25478,11.32383,-5.941287,7.438296190487359,-0.9542151322995505
05/04/2023 16:18:53.572728,2199,True,True,True,True,Eyes,2.042053,0.1223957,-3.474454,-0.9510185,-0.3028192,-0.06216433,0.0,0.0,0.0,0.0,0.0,0.0,0.0,3.877561,0.09121722,1.096846,2.059809,0.1268642,-3.462363,0.07190046,-0.7867545,0.1079354,0.6034878,14.86957,255.1133,1.016094,0.568708,0.03396841,-0.8218374,0.0,0.0,0.0,0.1474902,-0.5775371,-3.558985,0.3942991,-0.2072002,1.990999,-0.2612655,0.01713942,0.9651148,-0.2434115,0.9663605,-0.08305527,-0.9340724,-0.2566195,-0.2483047,moving,86.26012,78.39919,11.20195,-5.941294,7.49772028555135,-1.3640563047177379
05/04/2023 16:18:53.583058,2200,True,True,True,True,Eyes,2.041623,0.1223853,-3.474636,-0.9510301,-0.3028136,-0.06201432,0.0,0.0,0.0,0.0,0.0,0.0,0.0,3.873145,0.1099397,1.103897,2.049078,0.1260439,-3.466601,0.07268985,-0.7854159,0.1037541,0.6058656,14.54029,255.3799,0.6830001,0.5607434,0.03350857,-0.8273109,-0.5252852,-0.02979548,-0.4315124,0.1343908,-0.5698673,-3.560461,0.3900202,-0.2072001,1.991,-0.2552861,0.01153854,0.9667966,-0.2399056,0.9679025,-0.07489967,-0.9366292,-0.2510608,-0.2443239,moving,86.26917,78.42622,11.08342,-5.94129,7.497696838949063,-1.3645259106189962
05/04/2023 16:18:53.602889,2201,True,True,True,True,Eyes,2.040782,0.1225426,-3.475028,-0.9509901,-0.3029999,-0.06171687,0.0,0.0,0.0,0.0,0.0,0.0,0.0,3.869828,0.1245126,1.108492,2.038404,0.1255317,-3.471164,0.07402893,-0.7840594,0.1021431,0.6077316,14.4865,255.6198,0.4772707,0.5540751,0.03312339,-0.831807,-0.4937681,-0.02800775,-0.4056216,0.1244052,-0.5700185,-3.562329,0.3853291,-0.2071999,1.991,-0.2503645,0.008065031,0.9681183,-0.2402373,0.968173,-0.07019307,-0.9378721,-0.2501519,-0.2404587,moving,86.28685,78.48714,10.95335,-5.941283,7.497547611396081,-1.3655958560943597
05/04/2023 16:18:53.613047,2202,True,True,True,True,Eyes,2.039572,0.1227945,-3.475638,-0.9510007,-0.3030511,-0.06129975,0.0,0.0,0.0,0.0,0.0,0.0,0.0,3.867255,0.1299161,1.110607,2.027491,0.1291132,-3.475427,0.07507299,-0.782961,0.1013719,0.6091471,14.48943,255.8109,0.3516619,0.5484741,0.03280452,-0.8355234,-0.464142,-0.02632728,-0.3812843,0.1145939,-0.5673793,-3.564691,0.3810915,-0.2071998,1.991001,-0.246608,0.0059424,0.9690972,-0.2410592,0.9681755,-0.06727953,-0.938656,-0.2502015,-0.2373274,moving,86.31192,78.56477,10.83575,-5.941281,7.497447579454381,-1.3669484797093112
05/04/2023 16:18:53.632611,2203,True,True,True,True,Eyes,2.037976,0.1230917,-3.476435,-0.950977,-0.3032847,-0.06050692,0.0,0.0,0.0,0.0,0.0,0.0,0.0,3.866818,0.1243761,1.113187,2.017359,0.1327067,-3.481318,0.07441264,-0.7821097,0.09999032,0.6105484,14.31613,255.9966,0.3370635,0.543749,0.03254342,-0.8386163,-0.4362935,-0.02474765,-0.3584073,0.1031781,-0.5582246,-3.568897,0.3770056,-0.2072,1.991,-0.2433871,0.005700152,0.9699126,-0.2384955,0.9689294,-0.06554174,-0.9401504,-0.2472718,-0.2344655,moving,86.35941,78.71732,10.72229,-5.941286,7.497188042584559,-1.3696140541893498
05/04/2023 16:18:53.655878,2204,True,True,True,True,Eyes,2.036002,0.1234514,-3.477369,-0.9509853,-0.303446,-0.05956073,0.0,0.0,0.0,0.0,0.0,0.0,0.0,3.864095,0.1178862,1.120876,2.006582,0.133794,-3.486721,0.07339402,-0.7807778,0.0990624,0.6125243,14.15835,256.2783,0.3987137,0.5397395,0.03233187,-0.8412107,-0.4101159,-0.02326279,-0.3369028,0.09104533,-0.5515966,-3.569386,0.3726388,-0.2071999,1.991,-0.2388544,0.006747449,0.9710319,-0.2359651,0.9695999,-0.06478019,-0.9419497,-0.2446027,-0.230001,moving,86.41621,78.8951,10.60092,-5.941285,7.496937224957637,-1.3727142943698092
05/04/2023 16:18:53.662544,2205,True,True,True,True,Eyes,2.033694,0.1238533,-3.478472,-0.9509387,-0.3039014,-0.05796199,0.0,0.0,0.0,0.0,0.0,0.0,0.0,3.860143,0.1140132,1.1288,1.995591,0.1356461,-3.491004,0.07293193,-0.7793517,0.09842408,0.6144956,14.06642,256.5625,0.4301939,0.5363079,0.03216327,-0.8434091,-0.385509,-0.02186702,-0.3166887,0.07957549,-0.5465597,-3.568676,0.3681602,-0.2072,1.991,-0.2341524,0.007283089,0.9721727,-0.2346415,0.9699873,-0.06378123,-0.9434596,-0.2430466,-0.225416,moving,86.512,79.20187,10.47635,-5.941286,7.496425602371286,-1.3780733904678026
05/04/2023 16:18:53.682649,2206,True,True,True,True,Eyes,2.031046,0.1242629,-3.479698,-0.9508988,-0.3043591,-0.0561877,0.0,0.0,0.0,0.0,0.0,0.0,0.0,3.856801,0.1064215,1.137719,1.985004,0.1373104,-3.495933,0.07215841,-0.7778673,0.09835589,0.6164753,14.00363,256.8604,0.5319731,0.5331583,0.03202126,-0.845409,-0.3623784,-0.020555,-0.2976873,0.06860229,-0.5422329,-3.567552,0.3639933,-0.2072,1.991,-0.2295028,0.009008599,0.9732662,-0.2335273,0.9702386,-0.0640479,-0.9448775,-0.2419834,-0.2205688,moving,86.61839,79.5404,10.36036,-5.941289,7.495885235874538,-1.3839844122993132
05/04/2023 16:18:53.702798,2207,True,True,True,True,Eyes,2.028099,0.1246762,-3.481064,-0.9507902,-0.305109,-0.05391159,0.0,0.0,0.0,0.0,0.0,0.0,0.0,3.851841,0.1025773,1.149711,1.974465,0.1376878,-3.500223,0.0720342,-0.7759884,0.09923382,0.6187129,14.07227,257.2125,0.6497121,0.530256,0.0319035,-0.8472368,-0.3406357,-0.0193217,-0.2798261,0.05915453,-0.543428,-3.563739,0.3596612,-0.2072,1.991,-0.2240109,0.01099908,0.9745246,-0.2345899,0.9699274,-0.06487162,-0.9459317,-0.2431456,-0.2146939,moving,86.7547,79.97948,10.23968,-5.941288,7.495124772641113,-1.391658265312731
05/04/2023 16:18:53.712954,2208,True,True,True,True,Eyes,2.02485,0.1251038,-3.482544,-0.9506777,-0.3058829,-0.05145571,0.0,0.0,0.0,0.0,0.0,0.0,0.0,3.84665,0.1002382,1.163813,1.964189,0.1384029,-3.504858,0.07211839,-0.7739223,0.1001172,0.621144,14.15569,257.5941,0.7532008,0.5275702,0.03180774,-0.8489155,-0.3201976,-0.0181624,-0.2630365,0.05018961,-0.5448738,-3.559362,0.355273,-0.2072,1.991,-0.2179584,0.01274627,0.975875,-0.2360024,0.969551,-0.06537399,-0.9469938,-0.2445576,-0.2083136,moving,86.90187,80.45109,10.11734,-5.941286,7.494334975407962,-1.3998974123323715
05/04/2023 16:18:53.733169,2209,True,True,True,True,Eyes,2.021328,0.1255248,-3.484153,-0.9505266,-0.3068151,-0.04861803,0.0,0.0,0.0,0.0,0.0,0.0,0.0,3.840703,0.09446454,1.179578,1.95392,0.139048,-3.509158,0.07208877,-0.7716846,0.1019622,0.6236264,14.31651,258.0041,0.9410174,0.5250735,0.03173224,-0.8504648,-0.3009857,-0.01707265,-0.2472543,0.04194818,-0.5484359,-3.553165,0.350987,-0.2071999,1.991,-0.2117867,0.0159131,0.9771864,-0.2384322,0.9688138,-0.06745245,-0.9477851,-0.2472783,-0.2013877,moving,87.07195,80.99576,9.997765,-5.941283,7.493426763465981,-1.4094124642741863
05/04/2023 16:18:53.752821,2210,True,True,True,True,Eyes,2.017517,0.1259614,-3.485861,-0.9504017,-0.3076541,-0.0456681,0.0,0.0,0.0,0.0,0.0,0.0,0.0,3.836452,0.08134788,1.191047,1.943801,0.1393799,-3.513655,0.07093073,-0.7699627,0.1033516,0.6256557,14.35388,258.3429,1.188665,0.522741,0.03167485,-0.8519027,-0.2829266,-0.01604829,-0.2324191,0.03237614,-0.5479297,-3.549655,0.3467318,-0.2072,1.991001,-0.2070479,0.02009701,0.9781244,-0.238553,0.9685746,-0.07039735,-0.9488013,-0.2479102,-0.1957472,moving,87.24898,81.55668,9.878958,-5.941285,7.492558000311232,-1.4192034185019877
05/04/2023 16:18:53.763046,2211,True,True,True,True,Eyes,2.013434,0.1264445,-3.487691,-0.9502712,-0.3085168,-0.04245055,0.0,0.0,0.0,0.0,0.0,0.0,0.0,3.831528,0.07287036,1.202165,1.933099,0.1401996,-3.517753,0.06997513,-0.7682624,0.1035102,0.6278234,14.29474,258.6778,1.327727,0.5205499,0.03163423,-0.8532448,-0.265951,-0.01508539,-0.2184739,0.02142484,-0.5444466,-3.546773,0.3421466,-0.2071998,1.991001,-0.2018828,0.02245372,0.9791524,-0.2374907,0.9687782,-0.07118192,-0.9501798,-0.24691,-0.1902472,moving,87.44218,82.16555,9.750842,-5.941281,7.491651748898606,-1.4298269404317545
05/04/2023 16:18:53.782984,2212,True,True,True,True,Eyes,2.009089,0.1270016,-3.489628,-0.9502178,-0.3091162,-0.03915744,0.0,0.0,0.0,0.0,0.0,0.0,0.0,3.82635,0.0668377,1.214815,1.922435,0.1418235,-3.522119,0.06897085,-0.7664977,0.1025267,0.6302481,14.12927,259.0292,1.388738,0.5184805,0.03160989,-0.8545046,-0.249994,-0.01418027,-0.2053655,0.009349341,-0.5371268,-3.54356,0.3381047,-0.2071999,1.991,-0.1960608,0.0235025,0.9803101,-0.2349665,0.9694626,-0.07023542,-0.9520248,-0.2441104,-0.1845513,moving,87.64024,82.78048,9.637827,-5.941284,7.4908406765849795,-1.4405437087862096
05/04/2023 16:18:53.802936,2213,True,True,True,True,Eyes,2.004489,0.127539,-3.491704,-0.9501688,-0.3096831,-0.03571684,0.0,0.0,0.0,0.0,0.0,0.0,0.0,3.821141,0.06273903,1.227659,1.911781,0.144024,-3.52655,0.06773393,-0.7648049,0.1001265,0.6328194,13.82052,259.3758,1.364155,0.5165146,0.03160211,-0.8556948,-0.2349943,-0.01332945,-0.1930436,-0.004084348,-0.525018,-3.541472,0.3337169,-0.2072001,1.991,-0.1899037,0.0231175,0.9815305,-0.2303304,0.9707736,-0.06742782,-0.9544026,-0.2388812,-0.1790289,moving,87.84727,83.42094,9.515053,-5.941291,7.490022437781699,-1.4517022275801152
05/04/2023 16:18:53.812917,2214,True,True,True,True,Eyes,1.999662,0.1280615,-3.493876,-0.9501351,-0.3101691,-0.03222392,0.0,0.0,0.0,0.0,0.0,0.0,0.0,3.816637,0.06079255,1.238,1.901097,0.1445291,-3.531006,0.06664613,-0.763246,0.09784274,0.6351699,13.53382,259.6919,1.329556,0.5146363,0.03160875,-0.8568255,-0.2208946,-0.01252969,-0.1814609,-0.01721876,-0.515366,-3.540354,0.329349,-0.2072001,1.991,-0.1842351,0.02255875,0.9826233,-0.2260283,0.9719702,-0.06469291,-0.95654,-0.2340194,-0.1739721,moving,88.05756,84.06873,9.392748,-5.941291,7.489226428550971,-1.4629846679857814
05/04/2023 16:18:53.833209,2215,True,True,True,True,Eyes,1.994606,0.1285775,-3.49613,-0.9500402,-0.3108122,-0.02862186,0.0,0.0,0.0,0.0,0.0,0.0,0.0,3.812727,0.05927283,1.247238,1.890701,0.144604,-3.535583,0.06616687,-0.7616478,0.09705517,0.6372558,13.42511,259.996,1.349426,0.512831,0.03162803,-0.8579065,-0.207641,-0.01177791,-0.1705733,-0.02812424,-0.5116926,-3.539193,0.3249892,-0.2072001,1.991,-0.179054,0.02290625,0.9835726,-0.2244896,0.9724045,-0.06351326,-0.9578851,-0.2321741,-0.1689708,moving,88.27437,84.73862,9.270585,-5.941293,7.488380051946746,-1.4746548018263153
05/04/2023 16:18:53.852720,2216,True,True,True,True,Eyes,1.989334,0.1291256,-3.498465,-0.9498965,-0.3115678,-0.02494412,0.0,0.0,0.0,0.0,0.0,0.0,0.0,3.809132,0.0605942,1.25432,1.880269,0.1447575,-3.539789,0.06690183,-0.760004,0.09825689,0.6389552,13.58253,260.2769,1.407272,0.5110864,0.03165859,-0.8589458,-0.1951825,-0.01107123,-0.1603389,-0.03611453,-0.516511,-3.537806,0.3206157,-0.2072,1.990999,-0.1745208,0.02387221,0.984364,-0.2272548,0.9717394,-0.06385673,-0.9580697,-0.2348458,-0.1641636,moving,88.49577,85.42266,9.147951,-5.94129,7.487516164635376,-1.4865713983897573
05/04/2023 16:18:53.862688,2217,True,True,True,True,Eyes,1.983845,0.1297252,-3.500865,-0.9496945,-0.3124303,-0.02162383,0.0,0.0,0.0,0.0,0.0,0.0,0.0,3.804934,0.06294942,1.263679,1.869859,0.146118,-3.5441,0.06805906,-0.7581158,0.09986036,0.640825,13.80624,260.5919,1.462941,0.509392,0.0317001,-0.8599502,-0.1834716,-0.01040696,-0.1507186,-0.04324786,-0.5223262,-3.535526,0.3159996,-0.2072,1.991,-0.169423,0.02479271,0.9852316,-0.2311793,0.9707918,-0.06418356,-0.958046,-0.2386393,-0.158743,moving,88.69564,86.04077,9.018419,-5.941287,7.486728774483874,-1.4973402456434886
05/04/2023 16:18:53.882676,2218,True,True,True,True,Eyes,1.97816,0.1302821,-3.503346,-0.9494472,-0.3134029,-0.01813252,0.0,0.0,0.0,0.0,0.0,0.0,0.0,3.799143,0.06572145,1.277023,1.859224,0.148009,-3.548236,0.06923997,-0.7558723,0.1013697,0.6431075,14.02248,260.97,1.518505,0.5077373,0.03175282,-0.8609263,-0.1724633,-0.00978254,-0.1416754,-0.05074191,-0.5273472,-3.530342,0.3120624,-0.2072,1.991,-0.1632373,0.02571012,0.9862518,-0.2350564,0.96986,-0.06418763,-0.9581765,-0.2423026,-0.152274,moving,88.9059,86.68874,8.907869,-5.941288,7.485929406761774,-1.508626197076504
05/04/2023 16:18:53.902563,2219,True,True,True,True,Eyes,1.972271,0.1308009,-3.505877,-0.949149,-0.3144704,-0.01498613,2.121305,-0.04116344,-0.5362865,-3.537668,0.6384999,-0.5953553,-0.4877192,0.2918936,-0.2128882,1.977303,1.848808,0.1478414,-3.552639,0.0699259,-0.7534623,0.1031897,0.6455671,14.2281,261.3856,1.646926,0.5061139,0.03181458,-0.8618793,-0.1621155,-0.009195588,-0.1331749,-0.0581456,-0.5336977,-3.524296,0.3078286,-0.2072,1.991,-0.1567071,0.02785871,0.9872522,-0.2386049,0.9689245,-0.06521542,-0.9583897,-0.2457829,-0.1451902,moving,89.09544,87.27162,8.788911,-5.941286,7.485224566117676,-1.5187767447684495
05/04/2023 16:18:53.913107,2220,True,True,True,True,Eyes,1.966203,0.1312845,-3.508482,-0.9488232,-0.3155929,-0.01164591,0.0,0.0,0.0,0.0,0.0,0.0,0.0,3.78591,0.06523606,1.309007,1.838141,0.1472946,-3.556741,0.07063039,-0.7508746,0.1057265,0.6480901,14.49671,261.829,1.833204,0.5045146,0.03188358,-0.8628139,-0.1523885,-0.008643853,-0.1251844,-0.06502465,-0.5422067,-3.517012,0.3033451,-0.2071999,1.991,-0.1499814,0.03097148,0.9882036,-0.2431097,0.9676664,-0.06722501,-0.9583336,-0.2503244,-0.1376025,moving,89.29679,87.88665,8.66286,-5.941286,7.484528937641652,-1.5294814043538212
05/04/2023 16:18:53.940194,2221,True,True,True,True,Eyes,1.959946,0.1317449,-3.51116,-0.948491,-0.3166918,-0.008425974,0.0,0.0,0.0,0.0,0.0,0.0,0.0,3.778634,0.05758731,1.328023,1.827876,0.1469936,-3.561222,0.07048967,-0.7481984,0.1084248,0.6507491,14.71367,262.3032,2.111383,0.5029325,0.03195823,-0.8637343,-0.1432452,-0.008125221,-0.1176734,-0.07218764,-0.5483106,-3.508745,0.2990513,-0.2072,1.991,-0.1431138,0.0356341,0.9890646,-0.2465951,0.9665506,-0.07050429,-0.9584933,-0.2539887,-0.1295395,moving,89.49103,88.47594,8.542062,-5.941289,7.483909138897451,-1.5397324577360885
05/04/2023 16:18:53.954327,2222,True,True,True,True,Eyes,1.953495,0.1321926,-3.513899,-0.9481593,-0.3177561,-0.004996872,0.0,0.0,0.0,0.0,0.0,0.0,0.0,3.770169,0.04113671,1.349833,1.817149,0.1468308,-3.565716,0.06921828,-0.7453654,0.1113056,0.6536438,14.85744,262.8252,2.509583,0.5013616,0.03203743,-0.8646442,-0.1346505,-0.007637708,-0.110613,-0.08075342,-0.5512955,-3.498659,0.294784,-0.2072,1.991,-0.1359171,0.04232256,0.9898158,-0.2486942,0.9656398,-0.07543842,-0.9589983,-0.2564148,-0.1207216,moving,89.69805,89.09908,8.421932,-5.941288,7.4833112973837865,-1.5505654537712048
05/04/2023 16:18:53.962898,2223,True,True,True,True,Eyes,1.946841,0.1326044,-3.516718,-0.9478737,-0.3186418,-0.001700449,0.0,0.0,0.0,0.0,0.0,0.0,0.0,3.762013,0.02735063,1.369233,1.806115,0.1470345,-3.569961,0.06802844,-0.7427418,0.1132661,0.6564127,14.92559,263.3088,2.826234,0.4997965,0.03212041,-0.8655469,-0.1265715,-0.007179446,-0.1039762,-0.09026549,-0.5519252,-3.490511,0.2900067,-0.2072,1.991,-0.1289891,0.04764353,0.9905008,-0.2497538,0.9650858,-0.07894555,-0.9596795,-0.2575645,-0.1125864,moving,89.89722,89.69424,8.287355,-5.941288,7.482791582753495,-1.560905884507438
05/04/2023 16:18:53.992751,2224,True,True,True,True,Eyes,1.94,0.1329828,-3.519614,-0.9476231,-0.3193856,0.001816106,0.0,0.0,0.0,0.0,0.0,0.0,0.0,3.752746,0.01613384,1.391858,1.794879,0.1469709,-3.574554,0.06659447,-0.7398727,0.1139711,0.6596699,14.86302,263.8413,3.073545,0.4982313,0.03220596,-0.8664457,-0.1189772,-0.006748679,-0.0977376,-0.1013808,-0.5488934,-3.480696,0.2860528,-0.2072,1.991,-0.1208019,0.05182379,0.9913231,-0.2489095,0.9651515,-0.08078753,-0.9609636,-0.2565089,-0.1036927,moving,-89.8902,-89.6742,8.175904,-5.941287,3.3906652015804175,1.0462723766495547
05/04/2023 16:18:54.002835,2225,True,True,True,True,Eyes,1.932972,0.13329,-3.522603,-0.9474276,-0.3199272,0.005241609,0.0,0.0,0.0,0.0,0.0,0.0,0.0,3.742786,0.009686232,1.415369,1.783372,0.1463934,-3.579101,0.06512671,-0.7369347,0.1131748,0.6632324,14.66655,264.3866,3.2078,0.4966615,0.03229298,-0.8673432,-0.1118386,-0.006343758,-0.09187335,-0.1140086,-0.5425975,-3.4713,0.2817247,-0.2071999,1.991,-0.1117627,0.05413409,0.9922593,-0.2461106,0.9658999,-0.08041657,-0.9627765,-0.2531931,-0.09462862,moving,-89.68301,-89.06136,8.053833,-5.941285,3.3902046697561268,1.035633713258842
05/04/2023 16:18:54.022566,2226,True,True,True,True,Eyes,1.925776,0.1335218,-3.525666,-0.9472292,-0.3204343,0.008869337,0.0,0.0,0.0,0.0,0.0,0.0,0.0,3.733717,0.004141092,1.436451,1.771909,0.1450411,-3.583763,0.06395683,-0.7341145,0.1129811,0.6664988,14.54477,264.901,3.358171,0.4950832,0.03237956,-0.8682418,-0.1051282,-0.005963132,-0.08636095,-0.1256422,-0.539474,-3.463154,0.27712,-0.2071999,1.991,-0.1033778,0.05670026,0.9930247,-0.2445068,0.9662896,-0.08062784,-0.964121,-0.2511365,-0.08602923,moving,-89.46353,-88.41451,7.923882,-5.941287,3.3897466722927643,1.0244080162937776
05/04/2023 16:18:54.032890,2227,True,True,True,True,Eyes,1.918405,0.1336721,-3.528798,-0.9470074,-0.3209757,0.01231251,0.0,0.0,0.0,0.0,0.0,0.0,0.0,3.725273,-0.001883477,1.456395,1.760716,0.1435655,-3.588594,0.06313188,-0.7313117,0.1138388,0.6695061,14.53892,265.4016,3.559292,0.4934925,0.03246391,-0.8691438,-0.09882055,-0.005605344,-0.08117929,-0.1356637,-0.5400411,-3.455164,0.2727006,-0.2071999,1.991,-0.09555218,0.06009342,0.993609,-0.2447697,0.9661102,-0.08196899,-0.9648616,-0.2510377,-0.07760487,moving,-89.25511,-87.80323,7.799081,-5.941285,3.3893496598058497,1.0138039060687496
05/04/2023 16:18:54.052785,2228,True,True,True,True,Eyes,1.910866,0.1337675,-3.531996,-0.9467508,-0.3215716,0.0159585,0.0,0.0,0.0,0.0,0.0,0.0,0.0,3.717225,-0.008423746,1.474263,1.749257,0.1417828,-3.593227,0.06281612,-0.7285274,0.1162018,0.6721601,14.69997,265.8858,3.834511,0.4918867,0.03254421,-0.8700505,-0.09289132,-0.005269024,-0.07630853,-0.1440589,-0.5460387,-3.446767,0.2686621,-0.2071998,1.991,-0.08850993,0.06468593,0.9939728,-0.247739,0.9651026,-0.08486744,-0.9647753,-0.2537574,-0.06939595,moving,-89.03431,-87.15894,7.684974,-5.941281,3.3889711200838954,1.0026319420042702
05/04/2023 16:18:54.062817,2229,True,True,True,True,Eyes,1.903162,0.1337778,-3.535266,-0.946479,-0.3221812,0.01941662,0.0,0.0,0.0,0.0,0.0,0.0,0.0,3.70906,-0.01304659,1.492851,1.737756,0.1406233,-3.5981,0.06270272,-0.7256579,0.1182535,0.6749114,14.8483,266.3805,4.070873,0.4902637,0.03261949,-0.8709633,-0.08731784,-0.004952882,-0.07173002,-0.1524249,-0.551239,-3.438878,0.2641883,-0.2072,1.991,-0.08112624,0.06861985,0.994339,-0.2506227,0.964169,-0.08698563,-0.9646798,-0.2562607,-0.06102174,moving,-88.82477,-86.55118,7.558492,-5.941287,3.388658705675499,0.992098759505092
05/04/2023 16:18:54.082665,2230,True,True,True,True,Eyes,1.895301,0.1336843,-3.538607,-0.9461762,-0.322828,0.02307961,0.0,0.0,0.0,0.0,0.0,0.0,0.0,3.700615,-0.01684839,1.511053,1.726145,0.1386823,-3.602681,0.06243644,-0.7228183,0.1198893,0.6776887,14.94794,266.8715,4.287712,0.4886204,0.03268817,-0.8718836,-0.08207877,-0.004655709,-0.06742622,-0.1614141,-0.5557125,-3.430488,0.2601884,-0.2071999,1.991001,-0.07367952,0.07223489,0.9946626,-0.2527557,0.9634565,-0.08869145,-0.9647208,-0.2579413,-0.05272924,moving,-88.60269,-85.91077,7.445346,-5.941282,3.3883750286861645,0.9810051704028103
05/04/2023 16:18:54.102986,2231,True,True,True,True,Eyes,1.69486,0.1290903,-3.623945,-0.9345425,-0.3387178,0.1090894,0.0,0.0,0.0,0.0,0.0,0.0,0.0,3.692463,-0.01971948,1.529655,1.714603,0.1361561,-3.607785,0.06227857,-0.7198933,0.1217067,0.6804869,15.06954,267.3734,4.512547,0.4869551,0.03274831,-0.8728125,0.0,0.0,0.0,-0.1699245,-0.5615048,-3.422613,0.2558288,-0.2071998,1.991,-0.06611784,0.07597176,0.9949155,-0.2553075,0.9626177,-0.09047215,-0.9645966,-0.2599912,-0.04425007,moving,-83.34198,-72.14803,7.321963,-5.941282,3.3995947303458762,0.7446735372046654
05/04/2023 16:18:54.112901,2232,True,True,True,True,Eyes,1.694399,0.1290059,-3.624168,-0.9345136,-0.3387158,0.1093435,0.0,0.0,0.0,0.0,0.0,0.0,0.0,3.685352,-0.02137753,1.544834,1.702885,0.1338833,-3.612623,0.06221265,-0.7172739,0.1230875,0.6830062,15.16254,267.8206,4.688444,0.4790736,0.03267259,-0.8771661,-0.601323,-0.01378195,-0.2560158,-0.1789868,-0.5663568,-3.416473,0.2514779,-0.2071999,1.991,-0.05926448,0.07889204,0.9951199,-0.2573861,0.9619581,-0.09159166,-0.9644896,-0.2615581,-0.03670426,moving,-83.32641,-72.109,7.198759,-5.941286,3.3996496459181964,0.7440060882898573
05/04/2023 16:18:54.133175,2233,True,True,True,True,Eyes,1.693475,0.1288302,-3.624591,-0.9345152,-0.3386517,0.1095283,0.0,0.0,0.0,0.0,0.0,0.0,0.0,3.68048,-0.01917177,1.556802,1.691439,0.1317849,-3.618232,0.06229007,-0.7150083,0.1232629,0.685339,15.16785,268.2049,4.747288,0.4724611,0.03261094,-0.8807477,-0.5652436,-0.01295503,-0.2406548,-0.1888574,-0.5687132,-3.413627,0.2471046,-0.2072,1.991,-0.05286116,0.07987795,0.9954022,-0.2580296,0.9618524,-0.09088843,-0.96469,-0.2616477,-0.03023376,moving,-83.31524,-72.07751,7.074846,-5.941288,3.399644565019474,0.7434616613010182
05/04/2023 16:18:54.152890,2234,True,True,True,True,Eyes,1.69211,0.1285705,-3.625222,-0.9345275,-0.3384926,0.1099141,2.023706,-0.1990988,-0.5564389,-3.402788,0.1067715,0.7638458,0.6365057,0.2528968,-0.197441,1.986254,1.679477,0.1293868,-3.623566,0.06225363,-0.7129779,0.1220722,0.6876668,15.05161,268.5506,4.699505,0.4668898,0.03255838,-0.8837156,-0.531329,-0.01217773,-0.2262155,-0.2006962,-0.5678808,-3.412322,0.2425723,-0.2071999,1.991001,-0.04647806,0.07911906,0.9957812,-0.2566609,0.9624457,-0.08845004,-0.9653834,-0.259689,-0.0244258,moving,-83.292,-72.01054,6.946362,-5.941283,3.3996154777199754,0.7423016336432172
05/04/2023 16:18:54.162784,2235,True,True,True,True,Eyes,1.690304,0.1282529,-3.626044,-0.9346274,-0.3381364,0.1101602,2.027393,-0.2045536,-0.5572825,-3.402706,0.5618985,0.5528399,0.6153358,0.2476661,-0.2021457,1.980543,1.667635,0.1270767,-3.629233,0.06204952,-0.7110701,0.1204958,0.6899347,14.89107,268.877,4.630917,0.4621697,0.03251074,-0.8861951,-0.4994492,-0.01144707,-0.2126426,-0.2129876,-0.5655801,-3.411941,0.2381591,-0.2072001,1.991,-0.04027977,0.07802533,0.9961373,-0.2545115,0.9632613,-0.08574164,-0.9662305,-0.2569821,-0.01894162,moving,-83.27782,-71.9551,6.821187,-5.94129,3.399411927008535,0.7413198147615353
05/04/2023 16:18:54.182919,2236,True,True,True,True,Eyes,1.688089,0.1278937,-3.627064,-0.9347687,-0.3376135,0.1105657,2.039737,-0.2185931,-0.5607491,-3.401539,0.5850671,-0.1149279,0.8028001,0.2456652,-0.2120579,1.982746,1.655331,0.1252806,-3.634712,0.06160946,-0.7095813,0.1175914,0.6920052,14.60474,269.1354,4.463762,0.4581426,0.03246503,-0.8882853,-0.4694823,-0.01076024,-0.1998841,-0.2273936,-0.5590171,-3.413615,0.2340663,-0.2071997,1.991001,-0.0346667,0.07531379,0.9965572,-0.2501815,0.9647531,-0.08161313,-0.9675784,-0.2521493,-0.01460271,moving,-83.25433,-71.8668,6.705038,-5.941277,3.399119847376424,0.7397599085245159
05/04/2023 16:18:54.202881,2237,True,True,True,True,Eyes,1.68547,0.1275118,-3.628236,-0.9349598,-0.3369745,0.1108985,2.03517,-0.2173318,-0.5582883,-3.402539,0.6715785,0.04880888,0.739324,0.2412611,-0.2206079,1.96912,1.643409,0.1238568,-3.640515,0.06081437,-0.7080482,0.114929,0.6940898,14.31022,269.4051,4.345707,0.4545351,0.0324161,-0.8901385,-0.4413133,-0.01011463,-0.187891,-0.2414916,-0.5515856,-3.415267,0.2297681,-0.2071999,1.991001,-0.02908186,0.07342303,0.9968767,-0.2456611,0.9661859,-0.07832922,-0.9689195,-0.2471718,-0.01006137,moving,-83.23557,-71.7836,6.583003,-5.941282,3.398724964938256,0.7382757562597672
05/04/2023 16:18:54.213217,2238,True,True,True,True,Eyes,1.682483,0.12711,-3.629586,-0.9351206,-0.3363284,0.1115019,0.0,0.0,0.0,0.0,0.0,0.0,0.0,3.663325,0.002997458,1.596598,1.63119,0.1228382,-3.645986,0.06059158,-0.7059823,0.1131876,0.6964957,14.13577,269.7539,4.264912,0.4512182,0.03236219,-0.8918264,-0.4148345,-0.009507752,-0.1766175,-0.2541665,-0.5475219,-3.413936,0.2253599,-0.2071999,1.991,-0.02244466,0.07211617,0.9971437,-0.2432225,0.9670344,-0.07541328,-0.9697108,-0.2442204,-0.004164549,moving,-83.20027,-71.65826,6.457786,-5.941287,3.398379771980136,0.7360698204500887
05/04/2023 16:18:54.233109,2239,True,True,True,True,Eyes,1.67914,0.1266653,-3.631088,-0.9352194,-0.3357909,0.1122906,0.0,0.0,0.0,0.0,0.0,0.0,0.0,3.65702,0.007016897,1.611993,1.619448,0.1219467,-3.651695,0.0607251,-0.7033703,0.1126169,0.6992139,14.08389,270.187,4.260737,0.4481545,0.03230336,-0.893372,-0.3899445,-0.008937287,-0.1660205,-0.2646395,-0.5470337,-3.409698,0.2210651,-0.2071998,1.991,-0.01482483,0.07206208,0.9972901,-0.242911,0.9672598,-0.07350303,-0.9699354,-0.2433424,0.003165194,moving,-83.15334,-71.50974,6.335725,-5.941282,3.398151732514971,0.7334776171506335
05/04/2023 16:18:54.252973,2240,True,True,True,True,Eyes,1.675473,0.1261993,-3.632745,-0.9352667,-0.3353005,0.1133568,0.0,0.0,0.0,0.0,0.0,0.0,0.0,3.647866,0.003471434,1.632534,1.607672,0.1205179,-3.656907,0.06047597,-0.7001963,0.1141177,0.7021717,14.16639,270.7172,4.470201,0.4453109,0.0322391,-0.8947951,-0.3665478,-0.00840105,-0.1560593,-0.2733044,-0.5506656,-3.401119,0.2167352,-0.2071999,1.991,-0.006595317,0.07557036,0.9971187,-0.2449505,0.9666396,-0.07488059,-0.9695132,-0.2447386,0.01213571,moving,-83.08932,-71.32088,6.21261,-5.941284,3.3980158366219695,0.7301998035338662
05/04/2023 16:18:54.273053,2241,True,True,True,True,Eyes,1.671476,0.1258381,-3.634527,-0.9352048,-0.3350702,0.1145426,0.0,0.0,0.0,0.0,0.0,0.0,0.0,3.640802,0.001005173,1.649229,1.596293,0.1195766,-3.662369,0.06032822,-0.6974386,0.1151664,0.7047529,14.22179,271.1751,4.625874,0.4426578,0.03216947,-0.896113,-0.3445549,-0.007896987,-0.1466957,-0.2820765,-0.5531747,-3.395625,0.2121461,-0.2072,1.991,0.0006323243,0.07817731,0.9969392,-0.2464782,0.9661944,-0.07561005,-0.9691481,-0.245676,0.01987998,moving,-83.01727,-71.12719,6.082065,-5.941289,3.3981032579746953,0.7268653421485008
05/04/2023 16:18:54.282669,2242,True,True,True,True,Eyes,1.667188,0.125584,-3.636445,-0.9351269,-0.3347981,0.115965,2.07908,-0.2770158,-0.570488,-3.395344,0.7298951,-0.5778746,-0.3651221,0.2019172,-0.2179464,1.982418,1.584423,0.1217452,-3.667576,0.06271849,-0.6944229,0.1169141,0.7072301,14.54194,271.639,4.637674,0.4401685,0.03209767,-0.897341,-0.3238816,-0.007423168,-0.137894,-0.2879827,-0.5617999,-3.389852,0.2079822,-0.2072,1.991,0.008215735,0.07826409,0.9968989,-0.2524767,0.964795,-0.07366295,-0.9675682,-0.2510886,0.02768637,moving,-82.93085,-70.89529,5.963554,-5.941287,3.3982134741533243,0.7228737432671121
05/04/2023 16:18:54.302577,2243,True,True,True,True,Eyes,1.662585,0.1253218,-3.638478,-0.9350139,-0.3345602,0.1175517,2.072564,-0.2752908,-0.5680757,-3.394844,0.8456066,-0.4178336,-0.3322119,0.1939009,-0.2211532,1.971432,1.573142,0.1240862,-3.672797,0.06357539,-0.6916674,0.1157021,0.7100475,14.49751,272.0782,4.52381,0.43782,0.03202663,-0.8984917,-0.3044487,-0.006977777,-0.1296203,-0.2975845,-0.5587692,-3.385493,0.2035679,-0.2071999,1.991,0.01641837,0.0763619,0.9969451,-0.252254,0.9651424,-0.06977163,-0.9675218,-0.2503378,0.03510869,moving,-82.83427,-70.64046,5.837865,-5.941285,3.39839187943094,0.7184943259935727
05/04/2023 16:18:54.313131,2244,True,True,True,True,Eyes,1.65769,0.1252211,-3.640638,-0.9348823,-0.3342855,0.1193663,0.0,0.0,0.0,0.0,0.0,0.0,0.0,3.617012,0.04294156,1.700501,1.56121,0.1234865,-3.677457,0.06489035,-0.6886384,0.1119943,0.7134591,14.29062,272.5511,4.16815,0.4355907,0.03195609,-0.899577,-0.2861818,-0.006559111,-0.1218431,-0.3093642,-0.5541925,-3.380074,0.1992967,-0.2071998,1.991,0.02646891,0.0704347,0.9971653,-0.2491786,0.966493,-0.06165393,-0.9680958,-0.2468404,0.04313285,moving,-82.72381,-70.34942,5.716197,-5.941282,3.398601186944444,0.7134932819767683
05/04/2023 16:18:54.333589,2245,True,True,True,True,Eyes,1.652522,0.1253128,-3.642896,-0.934779,-0.3338861,0.1212774,0.0,0.0,0.0,0.0,0.0,0.0,0.0,3.608244,0.06137431,1.718976,1.549411,0.1263573,-3.682585,0.06666172,-0.6855763,0.1095502,0.7166171,14.22628,273.0208,3.880941,0.4334617,0.03189006,-0.9006072,-0.2690109,-0.006165564,-0.1145325,-0.3193673,-0.5505324,-3.375188,0.1949103,-0.2072001,1.991,0.03596773,0.06560772,0.997197,-0.2484145,0.9671099,-0.05466822,-0.9679858,-0.2457519,0.05108268,moving,-82.60779,-70.03746,5.591193,-5.94129,3.398741109129219,0.708122643325546
05/04/2023 16:18:54.352759,2246,True,True,True,True,Eyes,1.647069,0.1255553,-3.645247,-0.934691,-0.3333358,0.1234504,0.0,0.0,0.0,0.0,0.0,0.0,0.0,3.60039,0.07115975,1.735791,1.53777,0.1317577,-3.687648,0.06671503,-0.6830577,0.1046123,0.7197483,13.82449,273.4221,3.509959,0.4314163,0.03183293,-0.9015908,-0.2528702,-0.00579563,-0.1076606,-0.3334475,-0.5334766,-3.372433,0.1906286,-0.2072,1.991,0.04497701,0.05944857,0.9972176,-0.2417294,0.9692108,-0.04687635,-0.9693008,-0.2389485,0.05796266,moving,-82.47615,-69.67797,5.469124,-5.941289,3.398829383973585,0.7019249932432899
05/04/2023 16:18:54.362820,2247,True,True,True,True,Eyes,1.641362,0.1258697,-3.647676,-0.9346231,-0.3326634,0.1257561,0.0,0.0,0.0,0.0,0.0,0.0,0.0,3.589394,0.07982895,1.75736,1.525584,0.1355264,-3.692243,0.06700764,-0.6798391,0.1014715,0.7232096,13.58512,273.9322,3.282759,0.4294396,0.03178759,-0.9025356,-0.237698,-0.005447892,-0.1012009,-0.3456259,-0.5228554,-3.36554,0.1860544,-0.2071999,1.991,0.05504449,0.05566151,0.9969312,-0.2378792,0.970427,-0.04104747,-0.9697337,-0.2348897,0.06665736,moving,-82.33672,-69.292,5.338657,-5.941287,3.3988565215814845,0.6952627183602882
05/04/2023 16:18:54.382718,2248,True,True,True,True,Eyes,1.635415,0.1262417,-3.650169,-0.9345297,-0.3319261,0.1283715,0.0,0.0,0.0,0.0,0.0,0.0,0.0,3.576975,0.08289231,1.781869,1.513943,0.1380777,-3.6967,0.06615111,-0.6764814,0.09780907,0.7269323,13.20918,274.477,3.103132,0.4275186,0.03175471,-0.9034483,-0.2234361,-0.005121019,-0.09512888,-0.3585213,-0.5087146,-3.35664,0.1819094,-0.2072,1.991,0.06561275,0.05270116,0.9964526,-0.2317011,0.9721149,-0.03615727,-0.9705718,-0.2285068,0.07599404,moving,-82.17853,-68.85616,5.220383,-5.941287,3.398913584259967,0.6877427976028884
05/04/2023 16:18:54.402739,2249,True,True,True,True,Eyes,1.629235,0.1267027,-3.652692,-0.934356,-0.3313554,0.131082,0.0,0.0,0.0,0.0,0.0,0.0,0.0,3.561524,0.08753302,1.811181,1.502301,0.13919,-3.700839,0.06591434,-0.6724206,0.09595675,0.7309572,13.02685,275.1239,3.038111,0.4256424,0.03173449,-0.9043345,-0.21003,-0.004813758,-0.08942115,-0.3685469,-0.5020084,-3.343967,0.1776284,-0.2071999,1.991,0.07728587,0.05163622,0.995671,-0.2289248,0.9728952,-0.03268548,-0.9703712,-0.2254077,0.08701184,moving,-82.01402,-68.41657,5.098183,-5.941283,3.3991470641438,0.6801792593078376
05/04/2023 16:18:54.422684,2250,True,True,True,True,Eyes,1.622855,0.1271939,-3.655253,-0.9341462,-0.3307224,0.1341402,0.0,0.0,0.0,0.0,0.0,0.0,0.0,3.546575,0.08896442,1.838574,1.490594,0.1417454,-3.704659,0.06587364,-0.6684933,0.09516648,0.734657,12.94557,275.7449,3.044244,0.4238008,0.03172795,-0.9051992,-0.1974282,-0.004524932,-0.08405588,-0.3775744,-0.4969749,-3.331854,0.1731718,-0.2071999,1.991,0.0881203,0.05175728,0.9947644,-0.2279016,0.9732081,-0.03044724,-0.9696885,-0.2240254,0.09755497,moving,-81.82838,-67.92265,4.970921,-5.941285,3.3994377039801704,0.6716843170049288
05/04/2023 16:18:54.432854,2251,True,True,True,True,Eyes,1.616267,0.1276475,-3.657818,-0.9338266,-0.3303175,0.1373252,0.0,0.0,0.0,0.0,0.0,0.0,0.0,3.529193,0.08648171,1.870302,1.479545,0.142953,-3.708264,0.06511089,-0.6641963,0.09452523,0.7386941,12.81247,276.4304,3.125028,0.4219863,0.0317345,-0.9060463,-0.1855825,-0.004253436,-0.07901253,-0.3859429,-0.49133,-3.316842,0.1689871,-0.2071999,1.991,0.09981676,0.05315763,0.9935849,-0.2261433,0.9736511,-0.02937251,-0.9689664,-0.2217607,0.1092079,moving,-81.63425,-67.42554,4.851378,-5.941285,3.3999888829701934,0.6631655099661286
05/04/2023 16:18:54.452868,2252,True,True,True,True,Eyes,1.609485,0.12806,-3.660393,-0.9334445,-0.3298976,0.1408859,0.0,0.0,0.0,0.0,0.0,0.0,0.0,3.509273,0.09418383,1.904028,1.468009,0.1424915,-3.711311,0.06541844,-0.6594108,0.09380914,0.7430328,12.76388,277.1739,3.122876,0.4201913,0.03175198,-0.9068794,-0.1744475,-0.00399823,-0.07427178,-0.3932764,-0.4904249,-3.300069,0.164539,-0.2072,1.991,0.1127546,0.05313129,0.9922014,-0.2256818,0.9738405,-0.02650142,-0.967654,-0.2209336,0.1217958,moving,-81.41707,-66.87464,4.724267,-5.941288,3.4006722197726713,0.6537336128256807
05/04/2023 16:18:54.463058,2253,True,True,True,True,Eyes,1.602504,0.1284324,-3.662966,-0.9329215,-0.3297516,0.1446423,0.0,0.0,0.0,0.0,0.0,0.0,0.0,3.487988,0.1015726,1.939409,1.45668,0.141909,-3.714247,0.06561876,-0.6544282,0.09303482,0.7475041,12.70139,277.9447,3.126282,0.4184102,0.03177829,-0.9077017,-0.1639807,-0.003758336,-0.06981547,-0.4001461,-0.489162,-3.282278,0.1601146,-0.2071999,1.991,0.1261365,0.0532023,0.9905852,-0.2249733,0.9740774,-0.02366864,-0.9661659,-0.2198698,0.1348358,moving,-81.1869,-66.31582,4.597786,-5.941285,3.401715454725673,0.6442080739757051
05/04/2023 16:18:54.482649,2254,True,True,True,True,Eyes,1.595351,0.1288342,-3.665536,-0.9322941,-0.329659,0.1488377,0.0,0.0,0.0,0.0,0.0,0.0,0.0,3.462444,0.1153494,1.980325,1.445091,0.1413677,-3.716884,0.0668065,-0.6486016,0.09291249,0.7524761,12.77171,278.83,3.125088,0.4166369,0.03181164,-0.908516,-0.1541418,-0.003532836,-0.06562655,-0.4046432,-0.4922515,-3.260395,0.1560744,-0.2071998,1.991,0.1413664,0.05316725,0.9885287,-0.2264905,0.9738083,-0.0199858,-0.9637001,-0.221067,0.1497057,moving,-80.92946,-65.7013,4.482247,-5.941282,3.4030162153176757,0.6337514852832274
05/04/2023 16:18:54.502542,2255,True,True,True,True,Eyes,1.588016,0.1292576,-3.668101,-0.9315864,-0.3297035,0.1531093,0.0,0.0,0.0,0.0,0.0,0.0,0.0,3.434907,0.1300761,2.023797,1.433902,0.1424738,-3.719528,0.06811992,-0.6424899,0.09232142,0.7576564,12.81796,279.7502,3.078341,0.4148669,0.03185208,-0.9093242,-0.1448933,-0.003320866,-0.06168895,-0.4084417,-0.4930385,-3.237942,0.1517149,-0.2071999,1.991,0.1573669,0.05236306,0.986151,-0.2274285,0.9736729,-0.01540819,-0.9609953,-0.2218541,0.1651327,moving,-80.66669,-65.09055,4.357537,-5.941285,3.4045541173272036,0.623388423731843
05/04/2023 16:18:54.513203,2256,True,True,True,True,Eyes,1.580513,0.1296919,-3.670646,-0.9307953,-0.3297037,0.1578467,0.0,0.0,0.0,0.0,0.0,0.0,0.0,3.40494,0.144231,2.069255,1.422367,0.1434395,-3.721898,0.06898058,-0.6361082,0.09076419,0.7631318,12.75333,280.7078,2.983943,0.4130957,0.03189951,-0.9101285,-0.1361997,-0.003121614,-0.05798762,-0.4131382,-0.4904156,-3.214094,0.1473386,-0.2072001,1.990999,0.1742568,0.05077187,0.9833905,-0.2262883,0.9740071,-0.01018914,-0.9583465,-0.2207542,0.1812164,moving,-80.3752,-64.41708,4.232306,-5.941294,3.4063115128016994,0.6119685220305034
05/04/2023 16:18:54.540662,2257,True,True,True,True,Eyes,1.572857,0.1301413,-3.6732,-0.9299633,-0.329763,0.1625564,0.0,0.0,0.0,0.0,0.0,0.0,0.0,3.374153,0.1531045,2.114579,1.410893,0.1440175,-3.724034,0.0692299,-0.6297139,0.08957463,0.7685339,12.66345,281.6689,2.966443,0.4113203,0.03195357,-0.9109303,-0.1280277,-0.002934317,-0.05450836,-0.4176305,-0.4871231,-3.189583,0.1430457,-0.2072,1.991,0.1908738,0.05049222,0.9803151,-0.2248723,0.9743672,-0.00640172,-0.9555102,-0.2192238,0.1973355,moving,-80.08495,-63.75905,4.109422,-5.941288,3.4082217076684964,0.6008335748594152
05/04/2023 16:18:54.552958,2258,True,True,True,True,Eyes,1.565043,0.1306157,-3.675696,-0.9290498,-0.3298176,0.1675916,0.0,0.0,0.0,0.0,0.0,0.0,0.0,3.346005,0.1517339,2.155812,1.400033,0.1445235,-3.726301,0.06857669,-0.623871,0.08955251,0.7733451,12.58016,282.5554,3.109611,0.4095373,0.032014,-0.9117312,-0.1203461,-0.002758258,-0.05123786,-0.4217927,-0.4837191,-3.167309,0.1385537,-0.2071999,1.991,0.2055307,0.05294398,0.9772176,-0.224076,0.9745551,-0.005671524,-0.9526527,-0.2178053,0.2121645,moving,-79.77437,-63.06332,3.980796,-5.941285,3.4103726387788704,0.5890764175249582
05/04/2023 16:18:54.562902,2259,True,True,True,True,Eyes,1.557081,0.1311512,-3.678138,-0.928072,-0.3301056,0.1723734,0.0,0.0,0.0,0.0,0.0,0.0,0.0,3.319885,0.155754,2.190423,1.388532,0.1456046,-3.72755,0.06875838,-0.6185361,0.08934986,0.777626,12.56041,283.3499,3.16572,0.4077447,0.03208089,-0.912532,-0.1131253,-0.002592762,-0.04816359,-0.4265628,-0.4820859,-3.147548,0.1339913,-0.2072,1.991,0.2188595,0.05390246,0.9742665,-0.2240206,0.9745778,-0.003595618,-0.9496922,-0.2174688,0.2253708,moving,-79.4782,-62.42749,3.850114,-5.941287,3.4127758058857314,0.578383936092915
05/04/2023 16:18:54.582844,2260,True,True,True,True,Eyes,1.548998,0.1317084,-3.680518,-0.9269835,-0.3304893,0.1774213,0.0,0.0,0.0,0.0,0.0,0.0,0.0,3.294287,0.1644921,2.22183,1.377248,0.1482367,-3.727885,0.07018308,-0.6133499,0.0903357,0.7814831,12.7389,284.1081,3.23828,0.4059407,0.03215516,-0.9133332,-0.1063378,-0.002437197,-0.04527377,-0.4290038,-0.4854091,-3.127997,0.1300183,-0.2071999,1.991,0.2312828,0.05509811,0.9713252,-0.2272852,0.9738276,-0.001121018,-0.9459651,-0.2205086,0.2377525,moving,-79.16484,-61.77113,3.736282,-5.941285,3.4155271525873983,0.5673786395099915
05/04/2023 16:18:54.602641,2261,True,True,True,True,Eyes,1.540804,0.1322284,-3.682853,-0.9257921,-0.331075,0.1824783,0.0,0.0,0.0,0.0,0.0,0.0,0.0,3.270044,0.1757983,2.251659,1.366358,0.149345,-3.728917,0.07161231,-0.6083266,0.09086442,0.7852097,12.88599,284.837,3.26783,0.4041238,0.03223674,-0.9141357,-0.09995751,-0.002290965,-0.04255734,-0.4315785,-0.48934,-3.110597,0.1257001,-0.2071999,1.991,0.2433648,0.05556788,0.9683419,-0.2298226,0.9732307,0.001910887,-0.9423138,-0.2230118,0.2496209,moving,-78.84965,-61.13781,3.612525,-5.941285,3.418637077990544,0.5568142082766928
05/04/2023 16:18:54.613154,2262,True,True,True,True,Eyes,1.532508,0.132721,-3.68512,-0.9244416,-0.3319146,0.1877242,0.0,0.0,0.0,0.0,0.0,0.0,0.0,3.247589,0.2052316,2.276685,1.355679,0.1490603,-3.729901,0.07553433,-0.6034065,0.09215607,0.7884812,13.3165,285.5206,3.191169,0.4022931,0.03232402,-0.9149397,-0.09396006,-0.002153507,-0.0400039,-0.4312103,-0.5042679,-3.095917,0.121374,-0.2071999,1.991001,0.2548158,0.05417087,0.9654713,-0.2364825,0.9716036,0.007899643,-0.9376274,-0.2303299,0.2603904,moving,-78.52116,-60.50838,3.488507,-5.941282,3.422268423678201,0.5463794468104184
05/04/2023 16:18:54.633036,2263,True,True,True,True,Eyes,1.52411,0.1331701,-3.687316,-0.9230434,-0.3327773,0.1930028,0.0,0.0,0.0,0.0,0.0,0.0,0.0,3.223973,0.230671,2.302357,1.344918,0.148974,-3.730558,0.07881093,-0.5984256,0.09304664,0.7918446,13.6609,286.2155,3.128524,0.4004484,0.03241581,-0.9157454,0.0,0.0,0.0,-0.4315737,-0.5160907,-3.080604,0.116876,-0.2071999,1.991,0.2664582,0.05303203,0.9623864,-0.2416819,0.9702623,0.01344904,-0.9330541,-0.236175,0.2713512,moving,-78.18995,-59.8873,3.35953,-5.941285,3.4261026909501524,0.5361132058313122
05/04/2023 16:18:54.653048,2264,True,True,True,True,Eyes,1.515612,0.1335968,-3.689435,-0.9214964,-0.3338458,0.1984725,0.0,0.0,0.0,0.0,0.0,0.0,0.0,3.200924,0.2664009,2.325161,1.334347,0.148417,-3.731052,0.08340097,-0.5934964,0.09392842,0.7949739,14.12839,286.8817,2.975867,0.3985889,0.03251066,-0.9165529,0.0,0.0,0.0,-0.4304767,-0.5325696,-3.066715,0.112605,-0.2072,1.990999,0.2778789,0.05034494,0.9592959,-0.2483377,0.9684435,0.02111085,-0.9279609,-0.2440956,0.2816126,moving,-77.84528,-59.26837,3.237031,-5.941289,3.430441877611108,0.5259446080056007
05/04/2023 16:18:54.662803,2265,True,True,True,True,Eyes,1.515612,0.1335968,-3.689435,-0.9214964,-0.3338458,0.1984725,0.0,0.0,0.0,0.0,0.0,0.0,0.0,3.175507,0.2965169,2.350512,1.32353,0.1482938,-3.731347,0.08706835,-0.5883158,0.09417099,0.7983956,14.46772,287.5892,2.836931,0.3967147,0.03260779,-0.9173622,0.0,0.0,0.0,-0.4304588,-0.5443287,-3.051276,0.1081151,-0.2072,1.990999,0.2900329,0.04792404,0.955816,-0.2528187,0.9671019,0.02822543,-0.9230187,-0.2498345,0.2926074,moving,-77.84528,-59.26837,3.108218,-5.941289,3.430441877611108,0.5259446080056007
05/04/2023 16:18:54.682911,2266,True,True,True,True,Eyes,1.515612,0.1335968,-3.689435,-0.9214964,-0.3338458,0.1984725,0.0,0.0,0.0,0.0,0.0,0.0,0.0,3.15029,0.32116,2.375666,1.312747,0.1479636,-3.731763,0.08990088,-0.5832502,0.09410427,0.8017991,14.71063,288.2859,2.72809,0.3950263,0.0326951,-0.9180874,0.0,0.0,0.0,-0.4313574,-0.5530207,-3.035674,0.1039664,-0.2072,1.991,0.3019272,0.04603597,0.9522189,-0.2557748,0.9661244,0.0343922,-0.9183787,-0.2539375,0.3034741,moving,-77.84528,-59.26837,2.989166,-5.941288,3.430441877611108,0.5259446080056007
05/04/2023 16:18:54.702657,2267,True,True,True,True,Eyes,1.278119,0.1430915,-3.740652,-0.8679246,-0.3534758,0.3489438,0.0,0.0,0.0,0.0,0.0,0.0,0.0,3.126186,0.3375342,2.399444,1.301591,0.1479812,-3.732058,0.09146363,-0.5785426,0.09311718,0.8051412,14.77517,288.94,2.614871,0.3935061,0.03277355,-0.9187372,0.0,0.0,0.0,-0.4351545,-0.5555243,-3.020916,0.09957993,-0.2072,1.991,0.3132354,0.0441137,0.9486504,-0.2557762,0.9659272,0.03953776,-0.9145831,-0.2550268,0.3138458,moving,-68.0977,-45.36967,2.863264,-5.941288,3.599108102850595,0.3061346727957498
05/04/2023 16:18:54.722619,2268,True,True,True,True,Eyes,1.277661,0.1430564,-3.740642,-0.8677864,-0.3534291,0.3493346,0.0,0.0,0.0,0.0,0.0,0.0,0.0,3.102051,0.3487989,2.423022,1.290344,0.1475799,-3.732111,0.09222324,-0.573947,0.09180877,0.8084869,14.74451,289.5845,2.524126,0.3835002,0.03327439,-0.9229408,-0.7124791,0.02848394,-0.1536498,-0.4401947,-0.555284,-3.005986,0.09501189,-0.2071999,1.991,0.3243121,0.04258986,0.9449909,-0.2543149,0.966132,0.04373581,-0.9111233,-0.2545092,0.3241595,moving,-68.07234,-45.33382,2.732121,-5.941285,3.599550866137991,0.30556862385140815
05/04/2023 16:18:54.733073,2269,True,True,True,True,Eyes,1.276764,0.1429885,-3.740628,-0.8677894,-0.3530826,0.3496771,0.0,0.0,0.0,0.0,0.0,0.0,0.0,3.077888,0.3567001,2.446347,1.279007,0.1466796,-3.732006,0.09249329,-0.5694016,0.09050485,0.8118103,14.66939,290.226,2.4654,0.3752617,0.03368106,-0.9263064,-0.6697304,0.02677491,-0.1444308,-0.4456363,-0.5540078,-2.99046,0.0907411,-0.2071999,1.991,0.3351816,0.04161391,0.9412341,-0.2522772,0.9665077,0.0471068,-0.9077498,-0.2532412,0.3344539,moving,-68.05296,-45.27764,2.609486,-5.941285,3.599522362667159,0.30459500458258326
05/04/2023 16:18:54.753063,2270,True,True,True,True,Eyes,1.275447,0.1428687,-3.740599,-0.8676578,-0.3527336,0.3503553,0.0,0.0,0.0,0.0,0.0,0.0,0.0,3.054584,0.3678028,2.467974,1.267649,0.1457998,-3.732086,0.09313967,-0.5649744,0.08891539,0.8149987,14.61291,290.8404,2.350678,0.3684611,0.03401131,-0.9290204,-0.6295465,0.02516841,-0.135765,-0.4511646,-0.5534012,-2.976251,0.08646333,-0.2071998,1.991,0.345796,0.03968881,0.9374698,-0.2501749,0.9668381,0.05134759,-0.9043437,-0.2522873,0.3442579,moving,-68.01143,-45.19381,2.486626,-5.941283,3.5999272553316843,0.3031958240241346
05/04/2023 16:18:54.762827,2271,True,True,True,True,Eyes,1.273713,0.1426512,-3.740579,-0.8676008,-0.3522439,0.3509887,0.0,0.0,0.0,0.0,0.0,0.0,0.0,3.032227,0.3798066,2.487404,1.256366,0.1444071,-3.731825,0.09392775,-0.5607429,0.08748541,0.81798,14.58261,291.4234,2.237493,0.3628275,0.03427867,-0.9312252,-0.5917737,0.02365831,-0.1276191,-0.4566212,-0.5541434,-2.962753,0.08222824,-0.2072001,1.990999,0.3558274,0.03778397,0.9337876,-0.2484612,0.9670478,0.05554839,-0.9009183,-0.2517757,0.3534899,moving,-67.97416,-45.10227,2.364971,-5.941292,3.6000827493929246,0.3016336053068426
05/04/2023 16:18:54.782689,2272,True,True,True,True,Eyes,1.271584,0.1423229,-3.740546,-0.8674294,-0.3517902,0.3518664,0.0,0.0,0.0,0.0,0.0,0.0,0.0,3.012677,0.389918,2.503194,1.244948,0.1418538,-3.731517,0.09456213,-0.5569291,0.08666357,0.8205959,14.57964,291.951,2.185252,0.3581379,0.03449264,-0.933031,-0.5562673,0.02223881,-0.1199619,-0.4624995,-0.5568341,-2.950775,0.07802993,-0.2072001,1.991,0.3646391,0.03690276,0.9304174,-0.2475603,0.9670948,0.05866366,-0.8976371,-0.2517255,0.3617762,moving,-67.92043,-44.9938,2.244349,-5.941291,3.600606408847402,0.2998231370697423
05/04/2023 16:18:54.802559,2273,True,True,True,True,Eyes,1.269077,0.1419179,-3.740482,-0.8673671,-0.3512014,0.3526072,0.0,0.0,0.0,0.0,0.0,0.0,0.0,2.997814,0.3943551,2.514076,1.233388,0.1388815,-3.731278,0.09477512,-0.5538009,0.0868431,0.8226669,14.60325,292.3926,2.245335,0.3542089,0.03466031,-0.9345234,-0.5228913,0.02090448,-0.1127642,-0.4692813,-0.5606569,-2.941338,0.07368022,-0.2072,1.991001,0.3715258,0.03791279,0.9276484,-0.2478589,0.966952,0.05974913,-0.8947262,-0.2521242,0.3686446,moving,-67.87698,-44.88556,2.119356,-5.941285,3.6007682991515235,0.2979732834856338
05/04/2023 16:18:54.812779,2274,True,True,True,True,Eyes,1.266203,0.1414348,-3.740376,-0.867222,-0.3506031,0.3535584,0.0,0.0,0.0,0.0,0.0,0.0,0.0,2.984313,0.3958433,2.52319,1.22187,0.1366391,-3.730639,0.09477986,-0.5509521,0.08719964,0.8245391,14.6187,292.7979,2.331295,0.3508905,0.03478806,-0.9357697,-0.4915178,0.01965021,-0.1059984,-0.4767139,-0.5634742,-2.932884,0.06889254,-0.2071999,1.991,0.377696,0.03936071,0.9250926,-0.2482373,0.966826,0.06021374,-0.8920335,-0.252385,0.3749371,moving,-67.81973,-44.75953,1.981757,-5.941286,3.601193025660996,0.29584770506845537
05/04/2023 16:18:54.832990,2275,True,True,True,True,Eyes,1.262969,0.1408959,-3.740191,-0.8672291,-0.3498357,0.3543002,0.0,0.0,0.0,0.0,0.0,0.0,0.0,2.97118,0.3958229,2.531417,1.210229,0.1342835,-3.729608,0.09444054,-0.5482656,0.08701076,0.8263867,14.56622,293.1802,2.383551,0.3478618,0.03489025,-0.936896,-0.4620267,0.0184712,-0.09963845,-0.4851578,-0.5642153,-2.924032,0.06463718,-0.2071999,1.991,0.3836679,0.04025208,0.9225935,-0.2473661,0.9670202,0.06067881,-0.8897242,-0.2514988,0.3809717,moving,-67.77788,-44.63673,1.859436,-5.941286,3.601112578746165,0.2937173632181346
05/04/2023 16:18:54.852902,2276,True,True,True,True,Eyes,1.259383,0.1403093,-3.739949,-0.8671953,-0.3489798,0.3552259,0.0,0.0,0.0,0.0,0.0,0.0,0.0,2.962373,0.3929673,2.534311,1.198167,0.1323207,-3.728229,0.09370672,-0.5463734,0.08615931,0.8278116,14.4357,293.4504,2.382002,0.3450617,0.03496944,-0.9379279,-0.4343051,0.01736293,-0.09366015,-0.4963893,-0.5620641,-2.91767,0.06069535,-0.2071999,1.991,0.3881054,0.04024963,0.9207358,-0.245045,0.9675912,0.06099269,-0.888441,-0.2492933,0.3853903,moving,-67.72471,-44.49181,1.746113,-5.941285,3.6011517977728875,0.29121936071063026
05/04/2023 16:18:54.863012,2277,True,True,True,True,Eyes,1.255448,0.1396889,-3.739643,-0.867276,-0.3479376,0.3560504,0.0,0.0,0.0,0.0,0.0,0.0,0.0,2.950507,0.3907619,2.54048,1.186186,0.1305536,-3.726681,0.09284559,-0.5440582,0.08468022,0.8295841,14.25207,293.7765,2.334037,0.3424601,0.03502694,-0.9388789,-0.4082468,0.01632115,-0.08804054,-0.5076638,-0.5580534,-2.910077,0.05599463,-0.2072,1.991,0.3936599,0.03947193,0.9184083,-0.2415255,0.9684179,0.0619045,-0.8869596,-0.2461884,0.3907608,moving,-67.67995,-44.33976,1.610955,-5.941287,3.600801782224976,0.2885515773073051
05/04/2023 16:18:54.883054,2278,True,True,True,True,Eyes,1.251168,0.1390264,-3.739265,-0.8673452,-0.3467454,0.3570432,0.0,0.0,0.0,0.0,0.0,0.0,0.0,2.939803,0.3862367,2.545407,1.173899,0.1289955,-3.725055,0.09133948,-0.5420512,0.08177119,0.8313552,13.9172,294.0568,2.18107,0.3400301,0.03506421,-0.9397603,-0.383752,0.01534188,-0.08275811,-0.5213491,-0.5489284,-2.902698,0.05202693,-0.2071999,1.991,0.398988,0.03694044,0.9162119,-0.2349831,0.9699411,0.06322275,-0.8863361,-0.2405194,0.3956752,moving,-67.62546,-44.16172,1.496859,-5.941287,3.6004656995597975,0.28543662819220406
05/04/2023 16:18:54.903001,2279,True,True,True,True,Eyes,1.246562,0.1383613,-3.738817,-0.8664892,-0.3451502,0.3606491,0.0,0.0,0.0,0.0,0.0,0.0,0.0,2.928469,0.3827229,2.550234,1.161367,0.1274386,-3.723047,0.09007391,-0.539924,0.07924452,0.8331201,13.63034,294.3526,2.050598,0.3377474,0.03508241,-0.9405825,-0.3607269,0.01442137,-0.07779262,-0.5345948,-0.5413306,-2.894948,0.0477047,-0.2072,1.991,0.4044049,0.0347743,0.9139187,-0.2293065,0.971214,0.06451273,-0.8853672,-0.2356568,0.4007377,moving,-67.402,-43.74202,1.372554,-5.941287,3.6030440396987813,0.2784976082292602
05/04/2023 16:18:54.912879,2280,True,True,True,True,Eyes,1.241642,0.1376804,-3.738291,-0.8656445,-0.3434649,0.3642685,0.0,0.0,0.0,0.0,0.0,0.0,0.0,2.924088,0.3706919,2.548337,1.14895,0.126452,-3.720974,0.08786912,-0.5389776,0.07670312,0.8342056,13.25494,294.4948,1.957806,0.3355905,0.03508352,-0.9413542,-0.3390833,0.01355609,-0.07312506,-0.5509151,-0.5301837,-2.891425,0.04305381,-0.2072001,1.990999,0.4072397,0.03325337,0.9127157,-0.2226913,0.9727913,0.06391928,-0.8857564,-0.2292843,0.4035645,moving,-67.17834,-43.31629,1.238783,-5.941293,3.605552619816606,0.2714460922889643
05/04/2023 16:18:54.933093,2281,True,True,True,True,Eyes,1.236413,0.1369662,-3.73773,-0.8647119,-0.3418299,0.3680022,0.0,0.0,0.0,0.0,0.0,0.0,0.0,2.916716,0.3602597,2.549252,1.136565,0.1251713,-3.718637,0.08617456,-0.5374431,0.0755937,0.8354726,13.01744,294.7213,1.981315,0.3335405,0.035069,-0.942083,-0.3187383,0.01274272,-0.06873756,-0.5641975,-0.5237455,-2.885072,0.03876269,-0.2072,1.991,0.410881,0.0336851,0.9110665,-0.2189408,0.9737191,0.06273834,-0.8850095,-0.2252476,0.4074577,moving,-66.94647,-42.88839,1.115348,-5.941289,3.608324806018098,0.2643886941170086
05/04/2023 16:18:54.952932,2282,True,True,True,True,Eyes,1.230901,0.1362521,-3.73707,-0.8637436,-0.3402529,0.3717189,0.0,0.0,0.0,0.0,0.0,0.0,0.0,2.91477,0.3470663,2.544563,1.124328,0.1237533,-3.716411,0.0846558,-0.5366575,0.07617386,0.83608,12.90391,294.8521,2.146717,0.3315796,0.0350397,-0.9427761,-0.299614,0.01197816,-0.06461331,-0.5771452,-0.5214288,-2.881578,0.03469479,-0.2072,1.991,0.4123926,0.03651255,0.9102743,-0.2182372,0.9740619,0.05979949,-0.88448,-0.2233166,0.4096643,moving,-66.715,-42.46943,0.9983245,-5.941288,3.6111967463024937,0.2574976410369342
05/04/2023 16:18:54.962954,2283,True,True,True,True,Eyes,1.225169,0.1356677,-3.736243,-0.8626127,-0.3389894,0.3754803,0.0,0.0,0.0,0.0,0.0,0.0,0.0,2.907974,0.3429003,2.543107,1.112078,0.123062,-3.713412,0.08434714,-0.5351365,0.07666936,0.8370402,12.90064,295.0699,2.238669,0.3296932,0.03499724,-0.9434389,-0.2816371,0.01125947,-0.06073651,-0.5879973,-0.5221179,-2.87591,0.03016722,-0.2072,1.991,0.4155017,0.03807624,0.9087952,-0.2186251,0.9740148,0.05914678,-0.8829278,-0.223261,0.4130292,moving,-66.47735,-42.07621,0.8680676,-5.94129,3.614616001841813,0.25111670080100856
05/04/2023 16:18:54.982947,2284,True,True,True,True,Eyes,1.219188,0.1351648,-3.73534,-0.8614742,-0.3377179,0.3792216,0.0,0.0,0.0,0.0,0.0,0.0,0.0,2.900774,0.3453696,2.542166,1.099843,0.124879,-3.710947,0.08532727,-0.533392,0.07746094,0.8379809,13.04048,295.3057,2.282281,0.32787,0.03494641,-0.9440761,-0.2647389,0.0105839,-0.05709232,-0.5970178,-0.5250556,-2.870746,0.026025,-0.2072001,1.991,0.4189856,0.0387958,0.9071637,-0.2208473,0.9734381,0.06037116,-0.8807256,-0.2256393,0.4164245,moving,-66.24087,-41.68684,0.748889,-5.941292,3.618042819800555,0.244803154664757
05/04/2023 16:18:55.002839,2285,True,True,True,True,Eyes,1.212958,0.1346773,-3.73434,-0.8601913,-0.3366822,0.3830352,0.0,0.0,0.0,0.0,0.0,0.0,0.0,2.893542,0.3451222,2.541665,1.088036,0.1269739,-3.708343,0.08543795,-0.5318519,0.07636445,0.8390485,12.97949,295.5102,2.19172,0.3260984,0.03489024,-0.9446914,-0.2488546,0.009948866,-0.05366678,-0.6084598,-0.5211647,-2.866148,0.02154762,-0.2072,1.991,0.4226041,0.0372663,0.9055479,-0.2190276,0.9737377,0.06214403,-0.8794502,-0.2246023,0.4196679,moving,-65.99704,-41.31499,0.62006,-5.941289,3.621953692760618,0.23885018407088537
05/04/2023 16:18:55.022785,2286,True,True,True,True,Eyes,1.206499,0.1343047,-3.733271,-0.8588972,-0.3356557,0.3868214,0.0,0.0,0.0,0.0,0.0,0.0,0.0,2.885101,0.3540923,2.540083,1.075832,0.1268413,-3.705091,0.0864919,-0.5301138,0.07522605,0.8401427,13.00804,295.7304,2.040967,0.3243679,0.03482978,-0.9452893,-0.2339233,0.009351933,-0.05044677,-0.6192346,-0.5224693,-2.861024,0.0171144,-0.2071998,1.991,0.4266408,0.03470014,0.9037552,-0.2181023,0.9737204,0.06557433,-0.8777295,-0.2250878,0.4229971,moving,-65.75464,-40.94908,0.4924957,-5.941284,3.6258895422891886,0.23300278798366542
05/04/2023 16:18:55.040820,2287,True,True,True,True,Eyes,1.199793,0.1340432,-3.732156,-0.8575037,-0.3346991,0.3907224,0.0,0.0,0.0,0.0,0.0,0.0,0.0,2.875867,0.3607652,2.540787,1.063896,0.1291745,-3.702405,0.08723926,-0.528266,0.07307364,0.8414183,12.94491,295.962,1.811024,0.3226693,0.03476849,-0.9458727,-0.2198879,0.008790817,-0.04741997,-0.6306061,-0.5182775,-2.855857,0.01276642,-0.2071999,1.991,0.4311906,0.03079992,0.9017351,-0.2151421,0.9740991,0.06960478,-0.8762355,-0.224014,0.4266487,moving,-65.50357,-40.58389,0.3673792,-5.941286,3.6301421516841175,0.22720578903676425
05/04/2023 16:18:55.053073,2288,True,True,True,True,Eyes,1.192866,0.1338786,-3.730967,-0.8561207,-0.3336724,0.3946138,0.0,0.0,0.0,0.0,0.0,0.0,0.0,2.86535,0.3625347,2.543098,1.051749,0.1315579,-3.699395,0.08722172,-0.5262825,0.07059069,0.8428738,12.78746,296.2185,1.597792,0.3209939,0.03470937,-0.9464448,-0.2066946,0.008263368,-0.04457477,-0.6428076,-0.5108767,-2.849198,0.008302629,-0.2072,1.990999,0.4360875,0.02719154,0.8994935,-0.2108046,0.9748186,0.07273251,-0.8748652,-0.2213351,0.4308383,moving,-65.25349,-40.21676,0.2389267,-5.941289,3.634334912862994,0.22136811447299598
05/04/2023 16:18:55.062543,2289,True,True,True,True,Eyes,1.185717,0.1338214,-3.729715,-0.854674,-0.3326793,0.3985687,0.0,0.0,0.0,0.0,0.0,0.0,0.0,2.855746,0.3619389,2.544848,1.039529,0.133655,-3.696491,0.0869019,-0.5244146,0.06825899,0.8442618,12.61085,296.4633,1.415793,0.3193346,0.03465478,-0.947008,-0.1942929,0.007767566,-0.04190028,-0.6553598,-0.5030809,-2.842708,0.003920019,-0.2072,1.990999,0.4406601,0.02411169,0.8973501,-0.2064022,0.9755775,0.07514387,-0.8736228,-0.2183279,0.4348748,moving,-64.99848,-39.85124,0.1128078,-5.941288,3.6387230944943796,0.21558166464946577
05/04/2023 16:18:55.082780,2290,True,True,True,True,Eyes,1.178373,0.1338636,-3.728418,-0.8532592,-0.3315533,0.4025186,0.0,0.0,0.0,0.0,0.0,0.0,0.0,2.846821,0.3577003,2.546385,1.027208,0.136124,-3.693607,0.08615515,-0.5226486,0.06596027,0.8456151,12.39536,296.6991,1.261142,0.317685,0.03460713,-0.9475643,-0.1826354,0.007301512,-0.03938626,-0.6682505,-0.4935766,-2.835757,4.678965e-05,-0.2072,1.991,0.4449753,0.02149623,0.8952847,-0.2016117,0.9764531,0.07676012,-0.8725535,-0.2146563,0.4388314,moving,-64.74476,-39.47818,0.001346484,-5.941289,3.642969410096697,0.20964800006418488
05/04/2023 16:18:55.102694,2291,True,True,True,True,Eyes,1.170834,0.1339585,-3.727054,-0.8517405,-0.3305709,0.4065231,0.0,0.0,0.0,0.0,0.0,0.0,0.0,2.838843,0.3486139,2.548398,1.01519,0.138666,-3.691213,0.08484823,-0.5209719,0.06400751,0.846931,12.14658,296.931,1.17299,0.3160391,0.03456833,-0.9481159,-0.1716772,0.006863421,-0.03702309,-0.6813285,-0.4828732,-2.829503,-0.004366159,-0.2072,1.991,0.4489827,0.02001279,0.8933163,-0.196827,0.9774076,0.07702897,-0.8715926,-0.2104134,0.4427781,moving,-64.48555,-39.11685,-0.1256465,-5.941289,3.647559997569214,0.20395816759911883
05/04/2023 16:18:55.113082,2292,True,True,True,True,Eyes,1.163128,0.1340299,-3.725646,-0.8501838,-0.3295694,0.4105745,0.0,0.0,0.0,0.0,0.0,0.0,0.0,2.829631,0.3410771,2.550785,1.003055,0.1398228,-3.688357,0.08362111,-0.5191126,0.06228372,0.8483221,11.91965,297.188,1.104231,0.3143923,0.03453895,-0.9486643,-0.1613766,0.006451616,-0.0348017,-0.6938523,-0.4742573,-2.822043,-0.008733153,-0.2072001,1.991,0.4532856,0.01885575,0.8911659,-0.1924908,0.9782565,0.07721074,-0.8703329,-0.2065398,0.4470592,moving,-64.22297,-38.75412,-0.2513158,-5.94129,3.6522522978666636,0.19825634785561225
05/04/2023 16:18:55.140714,2293,True,True,True,True,Eyes,1.15527,0.1340982,-3.72419,-0.848441,-0.3288352,0.4147472,0.0,0.0,0.0,0.0,0.0,0.0,0.0,2.817194,0.3394865,2.556735,0.9913839,0.139313,-3.685983,0.08318371,-0.5165775,0.06152283,0.8499666,11.82771,297.5338,1.091404,0.3127411,0.03451754,-0.9492108,-0.151694,0.006064519,-0.0327136,-0.7031099,-0.4717871,-2.812812,-0.01298958,-0.2072,1.991,0.4587252,0.01864302,0.8883827,-0.1905264,0.9785908,0.07784414,-0.8679119,-0.2049694,0.4524563,moving,-63.94902,-38.40938,-0.3738009,-5.941288,3.657577259938825,0.19294103058030881
05/04/2023 16:18:55.153116,2294,True,True,True,True,Eyes,1.147267,0.1341746,-3.722713,-0.8465899,-0.3282288,0.4189886,0.0,0.0,0.0,0.0,0.0,0.0,0.0,2.803259,0.3424278,2.5637,0.9798163,0.1393476,-3.68356,0.08374334,-0.5136974,0.06190113,0.8516281,11.9017,297.9221,1.135799,0.3110816,0.03450329,-0.9497564,-0.1425924,0.005700648,-0.03075078,-0.7100359,-0.474308,-2.803135,-0.01748848,-0.2071998,1.991001,0.4645665,0.01939603,0.885326,-0.191471,0.9783106,0.07903948,-0.8645907,-0.2062333,0.4582041,moving,-63.66858,-38.07457,-0.5032597,-5.941282,3.663259028695075,0.1878399625131506
05/04/2023 16:18:55.172551,2295,True,True,True,True,Eyes,1.139115,0.1343126,-3.721207,-0.8446426,-0.3278162,0.4232203,0.0,0.0,0.0,0.0,0.0,0.0,0.0,2.789695,0.3437844,2.571087,0.9683897,0.1395554,-3.681551,0.08428852,-0.5107822,0.06293051,0.8532508,12.01256,298.3191,1.246934,0.3094114,0.03449576,-0.9503022,-0.1340368,0.005358609,-0.02890574,-0.7164072,-0.4779159,-2.794023,-0.02244359,-0.2071999,1.991001,0.4702826,0.02128485,0.8822592,-0.1934972,0.9778704,0.07955093,-0.861042,-0.208126,0.463994,moving,-63.38618,-37.7605,-0.6458404,-5.941282,3.6692746734759982,0.18313707926749911
05/04/2023 16:18:55.183001,2296,True,True,True,True,Eyes,1.130812,0.134527,-3.719677,-0.8427266,-0.3272834,0.4274313,0.0,0.0,0.0,0.0,0.0,0.0,0.0,2.779268,0.3412047,2.575744,0.9565991,0.1413298,-3.679695,0.08451648,-0.5083522,0.06381166,0.8546129,12.08341,298.6523,1.356007,0.3077282,0.03449591,-0.9508485,-0.1259946,0.005037093,-0.02717139,-0.723857,-0.4786122,-2.785585,-0.0260573,-0.2071999,1.991,0.4750124,0.02314026,0.8796749,-0.1949968,0.9775701,0.07958017,-0.8581023,-0.2093353,0.4688702,moving,-63.10586,-37.44123,-0.7498181,-5.941283,3.6751502500937088,0.17832760747219345
05/04/2023 16:18:55.202818,2297,True,True,True,True,Eyes,1.130812,0.134527,-3.719677,-0.8427266,-0.3272834,0.4274313,0.0,0.0,0.0,0.0,0.0,0.0,0.0,2.771824,0.3328975,2.577633,0.9447104,0.1433331,-3.677635,0.08334351,-0.5066233,0.06225399,0.8558688,11.87287,298.8886,1.294905,0.3060286,0.03450501,-0.9513965,-0.1184349,0.004734867,-0.02554111,-0.7362388,-0.4696856,-2.77955,-0.03044438,-0.2072,1.991,0.4789148,0.02211499,0.8775828,-0.19101,0.9783566,0.07958356,-0.8568289,-0.2057408,0.4727736,moving,-63.10586,-37.44123,-0.8760417,-5.941288,3.6751502500937088,0.17832760747219345
05/04/2023 16:18:55.222792,2298,True,True,True,True,Eyes,1.130812,0.134527,-3.719677,-0.8427266,-0.3272834,0.4274313,0.0,0.0,0.0,0.0,0.0,0.0,0.0,2.762281,0.3233988,2.581674,0.9326438,0.1449771,-3.675457,0.08165594,-0.5046033,0.05976375,0.857401,11.55671,299.1629,1.174112,0.3044985,0.0345131,-0.9518871,-0.1113288,0.004450775,-0.02400864,-0.7492512,-0.4575508,-2.771901,-0.03481263,-0.2071999,1.991,0.4836078,0.02007528,0.8750547,-0.1848907,0.9795212,0.07970978,-0.8555344,-0.2003377,0.4774158,moving,-63.10586,-37.44123,-1.001714,-5.941286,3.6751502500937088,0.17832760747219345
05/04/2023 16:18:55.233181,2299,True,True,True,True,Eyes,1.121403,0.1348713,-3.717984,-0.8411726,-0.3262476,0.4312669,0.0,0.0,0.0,0.0,0.0,0.0,0.0,2.751942,0.311444,2.587091,0.9206422,0.1460005,-3.673462,0.07982701,-0.5023602,0.05833129,0.8589875,11.28839,299.4749,1.169062,0.3031208,0.03452031,-0.9523264,-0.1046491,0.004183729,-0.02256812,-0.7608935,-0.447666,-2.763217,-0.03918982,-0.2072,1.991,0.4884634,0.02000787,0.8723549,-0.1804155,0.9804502,0.07853414,-0.8537292,-0.1957474,0.4825238,moving,-62.85591,-37.10701,-1.127635,-5.941289,3.679757853698653,0.17310799179263792
05/04/2023 16:18:55.253053,2300,True,True,True,True,Eyes,1.111907,0.1352278,-3.716293,-0.8395593,-0.32534,0.4350795,0.0,0.0,0.0,0.0,0.0,0.0,0.0,2.744358,0.3066018,2.589448,0.909021,0.1467381,-3.671906,0.0794398,-0.5003903,0.05854899,0.8601575,11.25969,299.7455,1.239827,0.3016712,0.03453955,-0.952786,-0.09837016,0.003932705,-0.02121404,-0.7705371,-0.4461084,-2.757281,-0.04368943,-0.2072001,1.991,0.492363,0.02122089,0.8701313,-0.1802245,0.9805227,0.0780668,-0.8515268,-0.1952562,0.4865977,moving,-62.60574,-36.78809,-1.257066,-5.94129,3.684568268327711,0.16817690670539842
05/04/2023 16:18:55.272836,2301,True,True,True,True,Eyes,1.102336,0.1356312,-3.7146,-0.8380984,-0.324766,0.4383127,0.0,0.0,0.0,0.0,0.0,0.0,0.0,2.738299,0.3068344,2.589611,0.8974751,0.1474341,-3.670328,0.08009265,-0.4985777,0.0598774,0.8610576,11.39874,299.9915,1.359115,0.3001545,0.03456996,-0.9532637,0.0,0.0,0.0,-0.7787448,-0.4502284,-2.752508,-0.0478974,-0.2072,1.991,0.49567,0.02325096,0.8681998,-0.1829806,0.9799997,0.07822171,-0.8490168,-0.1976358,0.4900109,moving,-62.39112,-36.53645,-1.378096,-5.941288,3.688975003017385,0.16435933650720724
05/04/2023 16:18:55.292797,2302,True,True,True,True,Eyes,1.092702,0.1360746,-3.712904,-0.836499,-0.324428,0.441606,0.0,0.0,0.0,0.0,0.0,0.0,0.0,2.730778,0.3147836,2.590246,0.8861437,0.1490904,-3.668533,0.08274557,-0.4963366,0.06403358,0.8618021,11.89888,300.2945,1.653162,0.2985751,0.03461166,-0.9537581,0.0,0.0,0.0,-0.7821003,-0.4655554,-2.747181,-0.05200136,-0.2072,1.991,0.4990994,0.02822925,0.8660849,-0.1925078,0.9781058,0.07905619,-0.8448909,-0.206185,0.4936063,moving,-62.16946,-36.30305,-1.496123,-5.941288,3.693863971687045,0.16091455767970692
05/04/2023 16:18:55.304048,2303,True,True,True,True,Eyes,1.083005,0.1365165,-3.711209,-0.8349683,-0.3243036,0.4445843,0.0,0.0,0.0,0.0,0.0,0.0,0.0,2.721274,0.312419,2.594456,0.8750042,0.1506165,-3.666855,0.08386039,-0.4938239,0.06800395,0.8628331,12.23249,300.6495,2.024665,0.296937,0.03466459,-0.9542674,0.0,0.0,0.0,-0.7859051,-0.4755541,-2.739765,-0.05648577,-0.2071999,1.991,0.503027,0.03452758,0.8635808,-0.2001766,0.9766858,0.0775511,-0.8407694,-0.211879,0.4982109,moving,-61.96664,-36.10902,-1.625077,-5.941285,3.6985863494010065,0.15812971533140086
05/04/2023 16:18:55.312781,2304,True,True,True,True,Eyes,0.8393447,0.1472623,-3.668764,-0.7904955,-0.3250643,0.519086,0.0,0.0,0.0,0.0,0.0,0.0,0.0,2.711902,0.3078085,2.598874,0.8637805,0.1511834,-3.665288,0.08476751,-0.4912607,0.07278324,0.8638172,12.58915,301.0205,2.493315,0.2952437,0.03472763,-0.9547904,0.0,0.0,0.0,-0.7889956,-0.4873838,-2.731863,-0.06089181,-0.2071999,1.990999,0.5067312,0.04245695,0.8610581,-0.2090287,0.9750342,0.07493616,-0.8363795,-0.2179583,0.5029548,moving,-56.70873,-32.0558,-1.751762,-5.941288,3.8334594016022594,0.10429671791835315
05/04/2023 16:18:55.332993,2305,True,True,True,True,Eyes,0.8388761,0.1472576,-3.668727,-0.7904915,-0.325131,0.5190501,0.0,0.0,0.0,0.0,0.0,0.0,0.0,2.70382,0.3025151,2.601971,0.8528232,0.1514933,-3.663625,0.08539744,-0.4889798,0.07698098,0.8646849,12.88342,301.3531,2.917304,0.2846628,0.03540836,-0.9579734,-0.7309819,0.03223756,0.1273334,-0.7932317,-0.4974152,-2.725146,-0.06565034,-0.2072,1.991,0.5099454,0.04961332,0.8587748,-0.2166438,0.9735624,0.07239946,-0.8324789,-0.222968,0.507212,moving,-56.71042,-32.06287,-1.888561,-5.941288,3.833489556640031,0.10442242764342163
05/04/2023 16:18:55.352662,2306,True,True,True,True,Eyes,0.837979,0.1472611,-3.668612,-0.7903267,-0.3252696,0.5192143,0.0,0.0,0.0,0.0,0.0,0.0,0.0,2.694463,0.296298,2.606206,0.8416669,0.1515185,-3.661813,0.08571018,-0.4865229,0.08072078,0.8656983,13.11718,301.7095,3.317543,0.2759933,0.03595643,-0.9604865,-0.687123,0.03030331,0.1196934,-0.7973402,-0.5056934,-2.71653,-0.06941503,-0.2071999,1.991,0.5135593,0.05635975,0.8562012,-0.2231596,0.9722759,0.06985331,-0.8285269,-0.2269433,0.5118986,moving,-56.69662,-32.0657,-1.996774,-5.941285,3.834015205051516,0.10453429842298423
05/04/2023 16:18:55.362993,2307,True,True,True,True,Eyes,0.8366443,0.1472834,-3.668439,-0.790198,-0.3252906,0.5193969,0.0,0.0,0.0,0.0,0.0,0.0,0.0,2.683797,0.2924896,2.611363,0.8304992,0.1517856,-3.659886,0.08586742,-0.4839559,0.08273916,0.8669301,13.23622,302.0684,3.554211,0.2688682,0.03639898,-0.9624887,-0.6458956,0.02848511,0.1125118,-0.803202,-0.5098528,-2.708189,-0.0738889,-0.2071999,1.990999,0.5178819,0.06034604,0.8533209,-0.2265702,0.971562,0.06879788,-0.8249025,-0.2289663,0.516827,moving,-56.68309,-32.05831,-2.125355,-5.941288,3.834401015742258,0.104452915142208
05/04/2023 16:18:55.382551,2308,True,True,True,True,Eyes,0.8348978,0.1473079,-3.668188,-0.7899446,-0.3251731,0.5198557,0.0,0.0,0.0,0.0,0.0,0.0,0.0,2.670549,0.2891196,2.618999,0.8190184,0.1523193,-3.657948,0.08554606,-0.481053,0.08293307,0.8685574,13.20252,302.4611,3.637091,0.2629887,0.03675776,-0.9640982,-0.6071419,0.026776,0.1057611,-0.8104388,-0.5085489,-2.698146,-0.07803351,-0.2072,1.990999,0.5234202,0.06175987,0.8498335,-0.2263687,0.971608,0.06881294,-0.8214551,-0.2283937,0.5225397,moving,-56.65143,-32.02625,-2.244453,-5.941289,3.83511558776932,0.10398489354237533
05/04/2023 16:18:55.402997,2309,True,True,True,True,Eyes,0.8327606,0.1473221,-3.66786,-0.7897378,-0.324823,0.5203886,0.0,0.0,0.0,0.0,0.0,0.0,0.0,2.652915,0.2831742,2.631128,0.807456,0.1523613,-3.655924,0.08429887,-0.4775466,0.08169124,0.8707293,12.99263,302.9292,3.633325,0.2581121,0.03704964,-0.965404,-0.5707133,0.02516944,0.09941541,-0.8184205,-0.5018408,-2.685184,-0.08234334,-0.2072,1.990999,0.5305516,0.06174863,0.8454005,-0.2227752,0.9724405,0.06878025,-0.8178546,-0.2248257,0.529686,moving,-56.61758,-31.97213,-2.368277,-5.941288,3.835626688073197,0.10311152002516433
05/04/2023 16:18:55.413105,2310,True,True,True,True,Eyes,0.8302414,0.1473078,-3.667472,-0.7893921,-0.3244022,0.521175,0.0,0.0,0.0,0.0,0.0,0.0,0.0,2.635359,0.2793887,2.643156,0.7958313,0.1520952,-3.654171,0.08349393,-0.4739363,0.08109441,0.8728327,12.86294,303.4112,3.671095,0.2540399,0.03728779,-0.9664745,-0.5364705,0.02365927,0.09345049,-0.8253672,-0.4981448,-2.672616,-0.086806,-0.2071999,1.991,0.5376161,0.06242209,0.840876,-0.2207053,0.9729049,0.06888529,-0.8137924,-0.2226196,0.5368263,moving,-56.56628,-31.89994,-2.496469,-5.941287,3.836526545846941,0.1019726776250458
05/04/2023 16:18:55.440922,2311,True,True,True,True,Eyes,0.8273612,0.1472578,-3.667022,-0.7892124,-0.3239113,0.5217521,0.0,0.0,0.0,0.0,0.0,0.0,0.0,2.619093,0.2737113,2.654035,0.7841918,0.151394,-3.652477,0.0824928,-0.4705139,0.08085451,0.8747996,12.73345,303.8714,3.752377,0.2506102,0.03748223,-0.9673619,-0.5042823,0.02223972,0.08784346,-0.8324872,-0.4949456,-2.660549,-0.09119046,-0.2072,1.991,0.5441584,0.06383497,0.8365506,-0.219091,0.973315,0.06824298,-0.8098708,-0.2204157,0.5436233,moving,-56.53112,-31.83262,-2.622391,-5.941288,3.8369158800480454,0.10085675264471283
05/04/2023 16:18:55.453355,2312,True,True,True,True,Eyes,0.8241224,0.1471651,-3.666517,-0.7888921,-0.3234124,0.5225453,0.0,0.0,0.0,0.0,0.0,0.0,0.0,2.604492,0.2697383,2.66315,0.7725167,0.1504844,-3.650901,0.08193809,-0.4672733,0.08134315,0.8765415,12.68926,304.3086,3.880708,0.2475521,0.03764998,-0.9681424,-0.4740254,0.02090533,0.08257285,-0.8390213,-0.4948458,-2.64959,-0.09548932,-0.2072001,1.990999,0.5500779,0.06602632,0.8324991,-0.2191762,0.9733388,0.0676253,-0.8058386,-0.2196632,0.5498836,moving,-56.48036,-31.75409,-2.74583,-5.941293,3.8377157739276604,0.09959644083090602
05/04/2023 16:18:55.462551,2313,True,True,True,True,Eyes,0.8207014,0.1470385,-3.665731,-0.7894939,-0.3228177,0.522004,0.0,0.0,0.0,0.0,0.0,0.0,0.0,2.590602,0.2656571,2.671132,0.760716,0.1494937,-3.649068,0.08137579,-0.4641656,0.08182276,0.8781989,12.64366,304.7273,4.006166,0.2447192,0.0377995,-0.9688566,-0.4455839,0.01965101,0.07761848,-0.8462151,-0.4948236,-2.639274,-0.1002206,-0.2072001,1.991,0.5557108,0.06816963,0.8285762,-0.219257,0.973366,0.06696965,-0.8019425,-0.2188869,0.5558566,moving,-56.52779,-31.73348,-2.881655,-5.941293,3.8357704286527614,0.09900736953325034
05/04/2023 16:18:55.482740,2314,True,True,True,True,Eyes,0.8169448,0.1468231,-3.664903,-0.7899066,-0.3222666,0.52172,0.0,0.0,0.0,0.0,0.0,0.0,0.0,2.577435,0.2661034,2.678233,0.7489756,0.1478313,-3.647478,0.08132424,-0.4611022,0.08217899,0.8797829,12.64333,305.1345,4.090463,0.2420862,0.03793208,-0.9695126,-0.4188488,0.01847195,0.07296137,-0.8527089,-0.4968664,-2.629236,-0.1040877,-0.2072,1.990999,0.5612627,0.06960174,0.824706,-0.2195969,0.973266,0.0673095,-0.7979733,-0.2188812,0.5615423,moving,-56.55591,-31.70364,-2.992649,-5.941289,3.834392497753279,0.09832690384267562
05/04/2023 16:18:55.502910,2315,True,True,True,True,Eyes,0.8129622,0.1465353,-3.663924,-0.7901601,-0.3218103,0.5216178,0.0,0.0,0.0,0.0,0.0,0.0,0.0,2.563498,0.2688984,2.685532,0.7371565,0.1454947,-3.64573,0.08152223,-0.4578873,0.08261996,0.8814008,12.67196,305.5598,4.172463,0.2396248,0.03804722,-0.9701194,-0.3937179,0.01736364,0.06858368,-0.8588991,-0.5005796,-2.619107,-0.1083851,-0.2071999,1.991,0.5670263,0.07098661,0.8206352,-0.2202986,0.9730561,0.06804628,-0.7936937,-0.2193688,0.5673867,moving,-56.56953,-31.67237,-3.115964,-5.941285,3.8335107531355663,0.09768120967896143
05/04/2023 16:18:55.522692,2316,True,True,True,True,Eyes,0.8086593,0.1461721,-3.662925,-0.790269,-0.321354,0.5217342,0.0,0.0,0.0,0.0,0.0,0.0,0.0,2.550383,0.2761666,2.692115,0.7253174,0.143373,-3.644387,0.08230804,-0.4547134,0.08279785,0.8829529,12.74703,305.9727,4.195694,0.2373133,0.03814495,-0.9706836,-0.3700948,0.01632182,0.06446866,-0.8650196,-0.5055279,-2.610237,-0.1126892,-0.2071999,1.991,0.5727604,0.07136005,0.8166109,-0.2210663,0.9727398,0.07004963,-0.7893512,-0.2206468,0.5729222,moving,-56.56728,-31.63035,-3.239444,-5.941284,3.8330550098389367,0.09690092332507555
05/04/2023 16:18:55.538859,2317,True,True,True,True,Eyes,0.8040791,0.1457372,-3.661857,-0.7902939,-0.3208497,0.5220069,0.0,0.0,0.0,0.0,0.0,0.0,0.0,2.538191,0.2831278,2.697911,0.7133484,0.1410223,-3.64315,0.08273628,-0.451728,0.08190497,0.8845271,12.73033,306.3534,4.1239,0.2351286,0.03822513,-0.971212,-0.3478891,0.01534251,0.06060054,-0.8729817,-0.5075188,-2.602149,-0.1171265,-0.2071999,1.991,0.5784668,0.07014576,0.8126843,-0.2196429,0.9728926,0.07236742,-0.7855783,-0.2203625,0.5781931,moving,-56.55434,-31.57682,-3.366715,-5.941286,3.8328318119073335,0.095949734597364
05/04/2023 16:18:55.553066,2318,True,True,True,True,Eyes,0.7991879,0.1452418,-3.660771,-0.790206,-0.3202186,0.5225273,0.0,0.0,0.0,0.0,0.0,0.0,0.0,2.524937,0.2912694,2.704346,0.7011236,0.1387388,-3.641814,0.08308252,-0.4485967,0.08014031,0.8862482,12.65998,306.7455,3.967434,0.2330516,0.03828773,-0.9717101,-0.3270158,0.01442196,0.05696451,-0.8816462,-0.5074992,-2.593486,-0.1215115,-0.2072001,1.990999,0.584677,0.06750731,0.8084525,-0.2165895,0.9733496,0.07536209,-0.7818195,-0.2191648,0.5837166,moving,-56.52515,-31.50107,-3.492452,-5.941291,3.8329019055651146,0.09464996696058309
05/04/2023 16:18:55.562697,2319,True,True,True,True,Eyes,0.7939404,0.1446824,-3.659739,-0.7899976,-0.3194557,0.5233086,0.0,0.0,0.0,0.0,0.0,0.0,0.0,2.509663,0.2958083,2.712685,0.6888126,0.1368639,-3.640244,0.08280496,-0.445219,0.0778557,0.8881789,12.49867,307.1688,3.791979,0.2310638,0.03833299,-0.9721829,-0.3073948,0.01355664,0.05354664,-0.8906768,-0.5039993,-2.583184,-0.1259227,-0.2072001,1.991,0.591437,0.06456691,0.803762,-0.2120323,0.9741637,0.07776558,-0.7779747,-0.2164169,0.5898467,moving,-56.47879,-31.40213,-3.618907,-5.941291,3.8332855662539282,0.09298729892662122
05/04/2023 16:18:55.582622,2320,True,True,True,True,Eyes,0.7883956,0.144108,-3.658696,-0.7896435,-0.3186281,0.5243466,0.0,0.0,0.0,0.0,0.0,0.0,0.0,2.491781,0.2969396,2.724082,0.6761388,0.1346063,-3.639022,0.08190574,-0.4413651,0.07541636,0.8903936,12.26474,307.6561,3.637741,0.2291465,0.03836096,-0.9726355,-0.2889511,0.01274324,0.05033384,-0.8992835,-0.4984705,-2.570751,-0.1301232,-0.2072,1.991,0.5990184,0.06199981,0.7983314,-0.2066012,0.9752076,0.07928438,-0.7736232,-0.212429,0.5969766,moving,-56.41466,-31.28567,-3.739288,-5.941289,3.834076346985843,0.09107086098030559
05/04/2023 16:18:55.602553,2321,True,True,True,True,Eyes,0.7825825,0.1435579,-3.657635,-0.789224,-0.3177908,0.5254851,0.0,0.0,0.0,0.0,0.0,0.0,0.0,2.47403,0.294019,2.735952,0.6633492,0.1337966,-3.637962,0.08099855,-0.4374445,0.07425365,0.8925065,12.09582,308.1616,3.616587,0.2272854,0.03837304,-0.9730716,-0.2716141,0.01197865,0.04731381,-0.9067273,-0.493901,-2.558173,-0.1344506,-0.2072001,1.991,0.6062573,0.06167899,0.792873,-0.2034085,0.9758512,0.07961977,-0.7688153,-0.2095472,0.6041631,moving,-56.34333,-31.16375,-3.863273,-5.94129,3.8350529696263544,0.08908240410271928
05/04/2023 16:18:55.622673,2322,True,True,True,True,Eyes,0.7765051,0.142995,-3.656566,-0.7886363,-0.31695,0.5268734,0.0,0.0,0.0,0.0,0.0,0.0,0.0,2.458627,0.2906472,2.745716,0.6507254,0.1335475,-3.636894,0.0803486,-0.4338714,0.07381929,0.8943437,11.99197,308.6251,3.652674,0.2254672,0.03837154,-0.9734946,-0.2553172,0.01125993,0.04447498,-0.9141198,-0.4910585,-2.547193,-0.138967,-0.2072001,1.991,0.6126127,0.06231771,0.7879228,-0.2017616,0.9761896,0.07966236,-0.7641976,-0.2077747,0.6105995,moving,-56.25385,-31.02975,-3.992634,-5.941291,3.8365195289800966,0.08694404907155451
05/04/2023 16:18:55.640940,2323,True,True,True,True,Eyes,0.7701535,0.1423781,-3.655529,-0.787831,-0.3163077,0.5284618,0.0,0.0,0.0,0.0,0.0,0.0,0.0,2.440491,0.2876994,2.757784,0.6382251,0.1328942,-3.635814,0.07980239,-0.4298237,0.07392433,0.8963361,11.92367,309.1527,3.745786,0.2236814,0.0383575,-0.9739071,-0.2399982,0.01058433,0.04180648,-0.9194391,-0.4899101,-2.534314,-0.1431588,-0.2072,1.991,0.6195735,0.06392017,0.7823318,-0.201124,0.9763335,0.07951068,-0.7587343,-0.2066084,0.6177663,moving,-56.14706,-30.90238,-4.112659,-5.941288,3.838684692909178,0.08500391756719106
05/04/2023 16:18:55.653099,2324,True,True,True,True,Eyes,0.7635831,0.1417275,-3.654479,-0.7867873,-0.3158665,0.5302774,0.0,0.0,0.0,0.0,0.0,0.0,0.0,2.420099,0.2950041,2.770594,0.6259915,0.1310771,-3.634701,0.08068534,-0.4253035,0.07471414,0.8983456,12.03557,309.7371,3.846362,0.2219175,0.03833076,-0.9743115,-0.2255983,0.009949273,0.03929809,-0.9218696,-0.4959507,-2.521268,-0.1475118,-0.2071999,1.990999,0.6270694,0.0656067,0.7761957,-0.2028697,0.9758153,0.08141426,-0.7520823,-0.208519,0.6252136,moving,-56.02089,-30.78068,-4.237263,-5.941288,3.8416096625308302,0.08325276566118522
05/04/2023 16:18:55.662897,2325,True,True,True,True,Eyes,0.7567891,0.1411119,-3.653457,-0.7854718,-0.315813,0.5322558,0.0,0.0,0.0,0.0,0.0,0.0,0.0,2.399772,0.307915,2.782394,0.6141096,0.1296638,-3.633386,0.08259746,-0.4207567,0.07617565,0.9001883,12.28704,310.3237,3.969397,0.220167,0.03829171,-0.9747101,-0.2120624,0.009352317,0.03694021,-0.9227367,-0.5062971,-2.509192,-0.1521243,-0.2071999,1.991,0.6343222,0.06763797,0.7701043,-0.2066517,0.9747499,0.08460372,-0.7449366,-0.2128094,0.632283,moving,-55.87743,-30.6827,-4.369252,-5.941284,3.8454503477853463,0.08202099419617892
05/04/2023 16:18:55.682969,2326,True,True,True,True,Eyes,0.7498093,0.1405534,-3.652429,-0.7838895,-0.315963,0.5344949,0.0,0.0,0.0,0.0,0.0,0.0,0.0,2.375192,0.3302054,2.797045,0.6024996,0.130044,-3.632371,0.0863315,-0.415345,0.07889897,0.9021144,12.78554,311.0217,4.153745,0.2184229,0.03824252,-0.9751043,-0.1993387,0.008791178,0.03472379,-0.9182526,-0.5231186,-2.495695,-0.1559773,-0.2072,1.991,0.642527,0.07063704,0.7630002,-0.2140665,0.9726436,0.09022119,-0.7357544,-0.2213023,0.6400709,moving,-55.71189,-30.58917,-4.479471,-5.941288,3.8501310763492524,0.080966749806902
05/04/2023 16:18:55.702944,2327,True,True,True,True,Eyes,0.7426561,0.1400409,-3.651379,-0.7822675,-0.3162017,0.5367254,0.0,0.0,0.0,0.0,0.0,0.0,0.0,2.349142,0.3459281,2.813319,0.5910015,0.1309058,-3.631319,0.08876262,-0.4098702,0.08011588,0.9042727,13.07377,311.7211,4.246657,0.216679,0.03818574,-0.9754955,-0.1873783,0.008263708,0.03264036,-0.9158734,-0.5323114,-2.48145,-0.160363,-0.2072001,1.991,0.6511759,0.07213092,0.7554913,-0.2176555,0.9714053,0.094857,-0.7270462,-0.2262054,0.6482553,moving,-55.5454,-30.50367,-4.604887,-5.94129,3.854947854154527,0.0800674851267667
05/04/2023 16:18:55.713197,2328,True,True,True,True,Eyes,0.5590356,0.1301005,-3.624362,-0.7358325,-0.3189324,0.5973547,0.0,0.0,0.0,0.0,0.0,0.0,0.0,2.324501,0.3578174,2.828345,0.579345,0.1314547,-3.630145,0.08988431,-0.4048547,0.07848103,0.9065617,13.09217,312.3404,4.092724,0.2149315,0.03812342,-0.9758846,-0.1761356,0.007767885,0.03068194,-0.9182779,-0.5323022,-2.467932,-0.1648515,-0.2072,1.991,0.6598668,0.06951561,0.7481601,-0.215076,0.9715231,0.09942451,-0.7199432,-0.2265182,0.6560268,moving,-50.93004,-28.09811,-4.7332,-5.941288,3.988025594284121,0.05447366572529033
05/04/2023 16:18:55.732816,2329,True,True,True,True,Eyes,0.5585615,0.1302769,-3.624285,-0.7359217,-0.3185764,0.5974349,0.0,0.0,0.0,0.0,0.0,0.0,0.0,2.297168,0.3669998,2.84493,0.567372,0.1337811,-3.628428,0.0904253,-0.399587,0.07520293,0.9091194,12.97436,312.9774,3.79348,0.20542,0.03779843,-0.9779435,-0.7164289,-0.02251957,0.1098917,-0.9221134,-0.5256109,-2.452711,-0.1692971,-0.2071999,1.991,0.6693495,0.06447133,0.7401451,-0.2090024,0.9723356,0.1043146,-0.7129442,-0.224515,0.6643069,moving,-50.92966,-28.06834,-4.860237,-5.941285,3.9876596419058528,0.053915692599449616
05/04/2023 16:18:55.752898,2330,True,True,True,True,Eyes,0.5576205,0.1305695,-3.624138,-0.735819,-0.3177809,0.5979848,0.0,0.0,0.0,0.0,0.0,0.0,0.0,2.262474,0.3560642,2.869762,0.5553357,0.1380277,-3.626797,0.08717359,-0.3935817,0.0675967,0.9126472,12.25876,313.6886,3.212644,0.1977156,0.03752564,-0.9795406,-0.6734431,-0.02116839,0.1032982,-0.9298322,-0.4963675,-2.431435,-0.1733741,-0.2071998,1.991,0.6810482,0.054764,0.7301879,-0.1920037,0.9756629,0.1059078,-0.7066174,-0.2123271,0.6749883,moving,-50.89996,-27.98706,-4.976701,-5.941283,3.9876773460735815,0.05251414558413492
05/04/2023 16:18:55.772516,2331,True,True,True,True,Eyes,0.5576205,0.1305695,-3.624138,-0.735819,-0.3177809,0.5979848,0.0,0.0,0.0,0.0,0.0,0.0,0.0,2.22854,0.345335,2.892951,0.5431811,0.1410335,-3.624896,0.08445506,-0.3875203,0.06231088,0.9158672,11.71202,314.4241,2.84969,0.1914586,0.0373009,-0.9807914,-0.6330366,-0.01989829,0.09710027,-0.9350119,-0.47442,-2.410475,-0.1778895,-0.2072,1.991,0.6918908,0.0486809,0.7203591,-0.1795931,0.9779694,0.1064058,-0.6993093,-0.2029927,0.6853908,moving,-50.89996,-27.98706,-5.105638,-5.941288,3.9876773460735815,0.05251414558413492
05/04/2023 16:18:55.782706,2332,True,True,True,True,Eyes,0.5576205,0.1305695,-3.624138,-0.735819,-0.3177809,0.5979848,0.0,0.0,0.0,0.0,0.0,0.0,0.0,2.194765,0.320644,2.917653,0.5314935,0.1424315,-3.623498,0.07971872,-0.3815058,0.05761598,0.9191185,10.98217,315.1686,2.632325,0.1863941,0.03710904,-0.9817737,-0.5950544,-0.01870439,0.09127425,-0.9398625,-0.4482636,-2.388031,-0.1821381,-0.2071999,1.991,0.7022676,0.0450855,0.7104841,-0.1667381,0.9806507,0.1025803,-0.6921118,-0.1905036,0.6961966,moving,-50.89996,-27.98706,-5.22691,-5.941286,3.9876773460735815,0.05251414558413492
05/04/2023 16:18:55.802939,2333,True,True,True,True,Eyes,0.5553489,0.1310713,-3.623755,-0.7350658,-0.3166448,0.5995118,0.0,0.0,0.0,0.0,0.0,0.0,0.0,2.161904,0.3038532,2.939428,0.5202614,0.1437383,-3.621472,0.07709582,-0.3754848,0.05677047,0.9218702,10.64816,315.9314,2.727904,0.1822933,0.03694503,-0.9825497,-0.5593511,-0.01758213,0.08579779,-0.9397026,-0.4362788,-2.366927,-0.1865069,-0.2072,1.991,0.7115766,0.0467734,0.7010499,-0.1625666,0.9816667,0.09951177,-0.6835428,-0.1847776,0.7061349,moving,-50.79968,-27.84172,-5.351563,-5.941288,3.9893825199658095,0.05020855138109859
05/04/2023 16:18:55.822845,2334,True,True,True,True,Eyes,0.5527554,0.1316203,-3.623275,-0.7339477,-0.3155951,0.601432,0.0,0.0,0.0,0.0,0.0,0.0,0.0,2.12808,0.2913513,2.960567,0.5093809,0.1460663,-3.619083,0.07571311,-0.3692738,0.0579538,0.9244164,10.53188,316.7252,2.986863,0.1789115,0.03681897,-0.9831758,-0.5257901,-0.0165272,0.08064993,-0.9362733,-0.4310699,-2.346102,-0.1909733,-0.2072001,1.991,0.7205563,0.05122915,0.6915014,-0.1630647,0.9818178,0.09717925,-0.6739499,-0.1827825,0.7158087,moving,-50.66716,-27.68777,-5.478951,-5.94129,3.9921217243495626,0.04787819295653328
05/04/2023 16:18:55.833088,2335,True,True,True,True,Eyes,0.5498781,0.1321808,-3.622695,-0.7326652,-0.3150337,0.6032872,0.0,0.0,0.0,0.0,0.0,0.0,0.0,2.091373,0.2851889,2.982154,0.4988525,0.1480967,-3.6163,0.07540611,-0.3626142,0.06024358,0.926928,10.57267,317.5768,3.323908,0.1760959,0.03672714,-0.9836873,-0.4942427,-0.01553557,0.07581093,-0.9296586,-0.431698,-2.324627,-0.1954784,-0.2072,1.991,0.7297633,0.05699627,0.6813201,-0.1663696,0.9813693,0.09610171,-0.6631492,-0.1834825,0.7256497,moving,-50.53146,-27.57335,-5.607386,-5.941287,3.9954775742899993,0.04630440354152088
05/04/2023 16:18:55.852943,2336,True,True,True,True,Eyes,0.5467146,0.1327312,-3.622009,-0.7310154,-0.3146082,0.6055066,0.0,0.0,0.0,0.0,0.0,0.0,0.0,2.053215,0.2876367,3.00357,0.4888022,0.1489725,-3.613688,0.0761787,-0.3556993,0.06285001,0.9293677,10.73738,318.4566,3.654752,0.1734889,0.03666061,-0.984153,-0.4645881,-0.01460343,0.07126228,-0.9206269,-0.4376296,-2.303614,-0.1996828,-0.2072,1.991,0.7390558,0.06262814,0.6707267,-0.171015,0.9804934,0.09688462,-0.6515754,-0.1863075,0.7353496,moving,-50.36474,-27.45542,-5.727199,-5.941288,3.9998891751804715,0.044796527753101556
05/04/2023 16:18:55.862829,2337,True,True,True,True,Eyes,0.5432795,0.1332244,-3.621245,-0.7292136,-0.3146803,0.607638,0.0,0.0,0.0,0.0,0.0,0.0,0.0,2.013807,0.2922949,3.024357,0.4786791,0.1493131,-3.610562,0.07698745,-0.3486623,0.0646839,0.9318389,10.87025,319.3433,3.904082,0.1710602,0.0366167,-0.9845797,-0.4367129,-0.01372723,0.06698654,-0.9118013,-0.4428089,-2.282191,-0.2039697,-0.2072,1.991,0.7485012,0.06686469,0.6597539,-0.1742352,0.9797779,0.09837412,-0.6398345,-0.1885855,0.7450151,moving,-50.19629,-27.37849,-5.84931,-5.941288,4.004884716277701,0.04406668753532028
05/04/2023 16:18:55.882664,2338,True,True,True,True,Eyes,0.5395981,0.1337085,-3.620372,-0.7270898,-0.3149351,0.6100461,0.0,0.0,0.0,0.0,0.0,0.0,0.0,1.974693,0.306034,3.043661,0.4691206,0.1485546,-3.607603,0.07885802,-0.3416592,0.06631873,0.9341586,11.10739,320.2191,4.091872,0.1687849,0.03659175,-0.9849732,-0.4105101,-0.01290359,0.06296735,-0.9017524,-0.4523746,-2.262287,-0.2080202,-0.2072,1.991,0.7577416,0.07001928,0.6487873,-0.1777896,0.9787664,0.102015,-0.6278682,-0.1926486,0.7541008,moving,-50.00253,-27.30496,-5.964638,-5.941288,4.010821507694289,0.04350837083551656
05/04/2023 16:18:55.902787,2339,True,True,True,True,Eyes,0.535665,0.1342409,-3.619396,-0.7249705,-0.3154152,0.6123162,0.0,0.0,0.0,0.0,0.0,0.0,0.0,1.936942,0.327372,3.060144,0.4594528,0.148861,-3.604184,0.08161616,-0.334924,0.06632361,0.9363578,11.37739,321.0423,4.067328,0.166642,0.0365838,-0.9853383,-0.3858795,-0.01212938,0.0591893,-0.8935916,-0.4612899,-2.244365,-0.2123909,-0.2072,1.991,0.7668542,0.06953485,0.6380435,-0.1788757,0.97788,0.1084171,-0.6163912,-0.1972706,0.7623295,moving,-49.81528,-27.25382,-6.089029,-5.941289,4.016812717446458,0.04334324123945699
05/04/2023 16:18:55.912940,2340,True,True,True,True,Eyes,0.5315045,0.134802,-3.618287,-0.7225936,-0.3158047,0.6149194,0.0,0.0,0.0,0.0,0.0,0.0,0.0,1.89756,0.3382595,3.07778,0.4497635,0.1502981,-3.600418,0.08272572,-0.3281432,0.06480058,0.9387649,11.41113,321.86,3.941153,0.1646114,0.03659261,-0.9856792,-0.3627267,-0.01140162,0.05563794,-0.8874143,-0.4608506,-2.224741,-0.2168516,-0.2072,1.991,0.7762458,0.06737325,0.6268199,-0.1759568,0.9779147,0.1127922,-0.6053773,-0.1978477,0.7709569,moving,-49.60257,-27.18371,-6.215922,-5.941288,4.023465382194212,0.04292978244623408
05/04/2023 16:18:55.933131,2341,True,True,True,True,Eyes,0.5271381,0.1353661,-3.617051,-0.7202564,-0.3161616,0.6174728,0.0,0.0,0.0,0.0,0.0,0.0,0.0,1.855511,0.343878,3.096696,0.4401171,0.1518354,-3.596379,0.08280203,-0.3211072,0.06185013,0.9413866,11.28086,322.6964,3.699271,0.1626769,0.0366175,-0.9859994,-0.3409631,-0.01071752,0.05229967,-0.8818724,-0.4544051,-2.203281,-0.2211167,-0.2072,1.991,0.7861294,0.06327312,0.6148146,-0.1696264,0.9786368,0.1161764,-0.5943294,-0.1956185,0.780068,moving,-49.39366,-27.11359,-6.337192,-5.941288,4.029983107975472,0.042499978779665604
05/04/2023 16:18:55.953004,2342,True,True,True,True,Eyes,0.5225819,0.1359115,-3.615683,-0.7177007,-0.3164969,0.6202706,0.0,0.0,0.0,0.0,0.0,0.0,0.0,1.81677,0.3447466,3.113451,0.4306274,0.1524447,-3.592269,0.08221907,-0.3146117,0.05922223,0.9437968,11.09639,323.4696,3.508546,0.1608233,0.03665712,-0.986302,-0.3205054,-0.01007447,0.04916169,-0.8776619,-0.4472238,-2.182806,-0.2253856,-0.2072,1.990999,0.7950244,0.06005333,0.6035974,-0.1635217,0.9794655,0.1179322,-0.5841206,-0.1924602,0.788519,moving,-49.16489,-27.03323,-6.458517,-5.941289,4.03707488736979,0.04196213417711131
05/04/2023 16:18:55.962966,2343,True,True,True,True,Eyes,0.5178348,0.1364464,-3.614174,-0.7151716,-0.3169163,0.6229715,0.0,0.0,0.0,0.0,0.0,0.0,0.0,1.78176,0.3511377,3.126584,0.4214613,0.1525352,-3.587841,0.08269586,-0.3086338,0.05798694,0.9458035,11.08246,324.1875,3.425888,0.1590381,0.03670966,-0.9865896,-0.301275,-0.009469999,0.04621199,-0.8732295,-0.4466442,-2.164915,-0.2301006,-0.2072,1.990999,0.8027654,0.05864304,0.5934044,-0.160734,0.9795978,0.1206346,-0.5742233,-0.1922215,0.7958132,moving,-48.94153,-26.96323,-6.592451,-5.941291,4.044106781121851,0.04159602490727671
05/04/2023 16:18:55.982551,2344,True,True,True,True,Eyes,0.5129409,0.1369908,-3.612529,-0.7123849,-0.3175026,0.6258593,0.0,0.0,0.0,0.0,0.0,0.0,0.0,1.746967,0.365258,3.137492,0.4125357,0.1528975,-3.582681,0.08445296,-0.3026967,0.05735213,0.9476039,11.23167,324.9005,3.364681,0.1573099,0.03677373,-0.9868641,-0.2831985,-0.008901799,0.04343927,-0.8668433,-0.4512557,-2.147423,-0.2340221,-0.2071999,1.991,0.8101709,0.05756695,0.5833603,-0.1598215,0.9791569,0.1253353,-0.5639861,-0.1947765,0.8024848,moving,-48.69938,-26.89898,-6.703788,-5.941285,4.051878568945472,0.041417890429789106
05/04/2023 16:18:56.002735,2345,True,True,True,True,Eyes,0.507893,0.1374801,-3.610753,-0.7091168,-0.3180835,0.6292666,0.0,0.0,0.0,0.0,0.0,0.0,0.0,1.711872,0.3849245,3.147897,0.4040488,0.1537078,-3.577855,0.08714993,-0.2966733,0.05722549,0.9492708,11.5026,325.6247,3.330864,0.1556291,0.03684864,-0.9871278,-0.2662066,-0.008367691,0.04083291,-0.8591628,-0.4595907,-2.131478,-0.2383994,-0.2071999,1.991,0.8174205,0.05693486,0.573221,-0.1603551,0.9782603,0.1315032,-0.5532721,-0.1994123,0.8087797,moving,-48.41432,-26.81581,-6.828005,-5.941288,4.0609315176911505,0.041066560806318486
05/04/2023 16:18:56.022862,2346,True,True,True,True,Eyes,0.5027243,0.1379131,-3.608846,-0.7055559,-0.3190441,0.632773,0.0,0.0,0.0,0.0,0.0,0.0,0.0,1.674852,0.4107113,3.157584,0.3957165,0.152983,-3.572695,0.09059485,-0.2903319,0.05763366,0.950883,11.87376,326.3895,3.33919,0.1539873,0.03693195,-0.9873822,-0.2502342,-0.00786563,0.03838294,-0.8495545,-0.4729461,-2.11546,-0.2429222,-0.2072,1.991,0.8247715,0.05700059,0.5625859,-0.1622109,0.9769418,0.1388244,-0.5417007,-0.205756,0.8149999,moving,-48.11287,-26.75724,-6.956285,-5.941289,4.07087946906733,0.04124732641186113
05/04/2023 16:18:56.032728,2347,True,True,True,True,Eyes,0.4974751,0.1383089,-3.606796,-0.7017303,-0.3201385,0.6364636,0.0,0.0,0.0,0.0,0.0,0.0,0.0,1.639483,0.4482445,3.164377,0.3875647,0.1521559,-3.567737,0.09584343,-0.2841179,0.05874316,0.9521767,12.46832,327.1394,3.370515,0.1523773,0.03702149,-0.9876285,-0.2352201,-0.007393692,0.03607996,-0.8383949,-0.4938549,-2.102195,-0.2472072,-0.2072001,1.991,0.8316526,0.05740607,0.5523211,-0.1663294,0.9747266,0.1491398,-0.5298005,-0.2158997,0.8201821,moving,-47.79223,-26.7022,-7.077755,-5.941292,4.081553210190907,0.04157603803779619
05/04/2023 16:18:56.052754,2348,True,True,True,True,Eyes,0.4921378,0.1386724,-3.604606,-0.6976562,-0.3215697,0.64021,0.0,0.0,0.0,0.0,0.0,0.0,0.0,1.605289,0.4904072,3.168894,0.3798295,0.1517459,-3.562589,0.1018421,-0.2781023,0.0599051,0.953257,13.14892,327.8626,3.389002,0.1507949,0.03711575,-0.9878678,-0.2211069,-0.006950071,0.03391517,-0.8270931,-0.5170774,-2.090724,-0.2517211,-0.2072,1.991,0.838141,0.05756489,0.5424076,-0.1708549,0.9720792,0.1608438,-0.5180041,-0.2274828,0.8245746,moving,-47.45869,-26.66983,-7.205647,-5.941288,4.0929735414000525,0.04238572770538662
05/04/2023 16:18:56.062559,2349,True,True,True,True,Eyes,0.4866847,0.1390275,-3.602293,-0.6934394,-0.322998,0.6440606,0.0,0.0,0.0,0.0,0.0,0.0,0.0,1.570711,0.5278859,3.173157,0.3722984,0.1514147,-3.557132,0.1070659,-0.2721512,0.06031012,0.9543759,13.7207,328.5715,3.354322,0.1492349,0.03721354,-0.988101,-0.2078405,-0.006533066,0.03188026,-0.8165931,-0.5363262,-2.078576,-0.2560623,-0.2072001,1.991,0.8445929,0.05684083,0.5323833,-0.1733933,0.9697992,0.1715353,-0.5065547,-0.2371892,0.8289413,moving,-47.11433,-26.63388,-7.328576,-5.94129,4.1047321017605,0.043174128511636045
05/04/2023 16:18:56.082692,2350,True,True,True,True,Eyes,0.4811395,0.1393746,-3.599826,-0.6890275,-0.3245682,0.6479943,0.0,0.0,0.0,0.0,0.0,0.0,0.0,1.534696,0.5670877,3.176816,0.3647211,0.1516972,-3.55148,0.1124256,-0.2660733,0.05950309,0.9555234,14.27138,329.2785,3.187415,0.147692,0.03731447,-0.9883289,-0.1953701,-0.006141082,0.02996744,-0.806407,-0.5536193,-2.066354,-0.2599971,-0.2071999,1.991,0.8513287,0.05388626,0.521858,-0.1735401,0.9676397,0.1831862,-0.4950993,-0.246515,0.8331309,moving,-46.75785,-26.60543,-7.439937,-5.941285,4.117016231137789,0.04415503936927884
05/04/2023 16:18:56.102615,2351,True,True,True,True,Eyes,0.4754664,0.1397068,-3.59723,-0.6845954,-0.3257728,0.6520745,0.0,0.0,0.0,0.0,0.0,0.0,0.0,1.496965,0.5970703,3.181597,0.3569862,0.1517189,-3.545349,0.1163346,-0.2598716,0.05797802,0.9568551,14.64115,329.9955,2.991254,0.1461627,0.03741817,-0.9885524,-0.1836479,-0.005772618,0.02816939,-0.7977803,-0.5650868,-2.052142,-0.2644809,-0.2071999,1.991,0.8582106,0.05048901,0.5108086,-0.1714173,0.9662097,0.192497,-0.4838293,-0.2527643,0.8378659,moving,-46.39372,-26.54646,-7.566772,-5.941285,4.129182764719473,0.04459479000334132
05/04/2023 16:18:56.122804,2352,True,True,True,True,Eyes,0.4697151,0.1400026,-3.59447,-0.6800258,-0.3269436,0.6562567,0.0,0.0,0.0,0.0,0.0,0.0,0.0,1.460791,0.6106794,3.188134,0.3491843,0.151922,-3.539212,0.1178482,-0.2540454,0.05573362,0.9583665,14.72626,330.6664,2.782431,0.1446422,0.03752413,-0.988772,-0.172629,-0.005426261,0.02647923,-0.7919866,-0.5669667,-2.03583,-0.2687307,-0.2071997,1.991,0.8647094,0.04694889,0.5000734,-0.166704,0.9660111,0.1975658,-0.473801,-0.2542013,0.8431455,moving,-46.01904,-26.48224,-7.686912,-5.941279,4.141656663755112,0.04498071267634529
05/04/2023 16:18:56.134291,2353,True,True,True,True,Eyes,0.4638942,0.1402621,-3.59155,-0.675525,-0.3276441,0.6605418,0.0,0.0,0.0,0.0,0.0,0.0,0.0,1.426363,0.6193389,3.193867,0.3415137,0.1513318,-3.532612,0.11868,-0.2485035,0.05401473,0.9598143,14.75387,331.3119,2.649591,0.1431277,0.03763132,-0.9889882,-0.1622713,-0.005100685,0.02489047,-0.7869825,-0.5680823,-2.019125,-0.2733034,-0.2072,1.990999,0.8706568,0.04470342,0.4898553,-0.162673,0.965995,0.2009758,-0.4642135,-0.2546672,0.8483222,moving,-45.64251,-26.38248,-7.816111,-5.94129,4.153743219647486,0.044706453291656956
05/04/2023 16:18:56.152911,2354,True,True,True,True,Eyes,0.4580127,0.1404759,-3.588466,-0.6708855,-0.32833,0.664915,0.0,0.0,0.0,0.0,0.0,0.0,0.0,1.391904,0.6284842,3.199085,0.3340432,0.1507005,-3.525938,0.1196793,-0.2429281,0.05285006,0.9611815,14.81771,331.9673,2.576011,0.1416171,0.03773881,-0.9892015,-0.152535,-0.004794644,0.02339705,-0.7809845,-0.5706674,-2.002598,-0.2778733,-0.2072001,1.990999,0.8763856,0.04345008,0.4796461,-0.1597439,0.9657675,0.2043895,-0.4543459,-0.2557445,0.8533255,moving,-45.25608,-26.27981,-7.94515,-5.941294,4.166143905599569,0.04441958741231433
05/04/2023 16:18:56.162898,2355,True,True,True,True,Eyes,0.4520639,0.1406206,-3.585225,-0.6663101,-0.3286672,0.6693345,0.0,0.0,0.0,0.0,0.0,0.0,0.0,1.358862,0.6339855,3.203826,0.3266795,0.149727,-3.519063,0.1201617,-0.2375842,0.05183358,0.9625115,14.82951,332.5982,2.530689,0.1401085,0.03784552,-0.9894122,-0.1433829,-0.004506966,0.02199322,-0.774855,-0.5719774,-1.985426,-0.2815446,-0.2072,1.991,0.881734,0.04268378,0.4698119,-0.1568779,0.9657489,0.2066844,-0.4448982,-0.2559437,0.8582298,moving,-44.87026,-26.15269,-8.048752,-5.941289,4.178211323285969,0.04367053952875566
05/04/2023 16:18:56.182710,2356,True,True,True,True,Eyes,0.4460705,0.1406818,-3.581824,-0.6615933,-0.3290358,0.6738173,0.0,0.0,0.0,0.0,0.0,0.0,0.0,1.325699,0.6398787,3.207982,0.3194538,0.1481968,-3.511987,0.120683,-0.2322112,0.05112415,0.9637945,14.85481,333.2359,2.519989,0.1385994,0.03794986,-0.9896207,-0.1347799,-0.004236548,0.02067363,-0.7686908,-0.5744678,-1.968472,-0.2858828,-0.2072,1.991,0.8869286,0.04249845,0.4599474,-0.1545942,0.9656438,0.2088841,-0.4352682,-0.2563705,0.8630272,moving,-44.47554,-26.027,-8.171109,-5.941287,4.190612709787713,0.042986212624013476
05/04/2023 16:18:56.203084,2357,True,True,True,True,Eyes,0.4400293,0.1406466,-3.578258,-0.6569419,-0.3291883,0.678279,0.0,0.0,0.0,0.0,0.0,0.0,0.0,1.29366,0.6478876,3.210836,0.3123192,0.1463477,-3.504829,0.121501,-0.226991,0.05049065,0.9649681,14.9165,333.8541,2.508009,0.1370901,0.03804984,-0.9898272,-0.1266931,-0.003982355,0.01943321,-0.7627767,-0.57846,-1.952371,-0.2903283,-0.2071999,1.991,0.8918515,0.04228444,0.4503475,-0.152603,0.9653764,0.2115674,-0.4258089,-0.2574111,0.8674251,moving,-44.08448,-25.88864,-8.296418,-5.941286,4.202722766035231,0.04204816517608567
05/04/2023 16:18:56.212831,2358,True,True,True,True,Eyes,0.4339391,0.1405548,-3.574517,-0.6521752,-0.3293667,0.6827774,0.0,0.0,0.0,0.0,0.0,0.0,0.0,1.260697,0.6585557,3.212821,0.3052774,0.1439677,-3.497335,0.1226572,-0.2216296,0.0499628,0.9660949,15.01925,334.4889,2.502338,0.1355786,0.03814349,-0.9900317,-0.1190915,-0.003743414,0.01826722,-0.7559136,-0.584344,-1.936155,-0.294675,-0.2072001,1.991,0.8967681,0.04216868,0.440487,-0.1509065,0.9649178,0.2148506,-0.4159738,-0.2591435,0.8716711,moving,-43.68679,-25.75232,-8.41886,-5.941291,4.215094033713218,0.04117665329712494
05/04/2023 16:18:56.233014,2359,True,True,True,True,Eyes,0.4277629,0.1403791,-3.570631,-0.6475587,-0.3292441,0.6872161,0.0,0.0,0.0,0.0,0.0,0.0,0.0,1.231564,0.6645203,3.213621,0.2979639,0.1425219,-3.489499,0.1233038,-0.2168447,0.04927478,0.9671331,15.06249,335.0533,2.483027,0.1340644,0.03823004,-0.9902346,-0.111946,-0.003518809,0.01717119,-0.751565,-0.5872872,-1.920327,-0.2990288,-0.2072,1.991,0.9011007,0.04183498,0.431587,-0.1487861,0.9647363,0.2171325,-0.4072839,-0.2598724,0.8755491,moving,-43.29819,-25.599,-8.541427,-5.941288,4.226926144568204,0.03994694219224332
05/04/2023 16:18:56.252810,2360,True,True,True,True,Eyes,0.4215539,0.1401264,-3.566557,-0.6429245,-0.3290627,0.69164,0.0,0.0,0.0,0.0,0.0,0.0,0.0,1.214372,0.6563781,3.212635,0.2908107,0.140303,-3.481709,0.1219328,-0.2138836,0.04881196,0.9679895,14.88854,335.4088,2.510985,0.1325452,0.03830804,-0.990436,-0.1052293,-0.00330768,0.01614092,-0.7537248,-0.584161,-1.905903,-0.3034064,-0.2071999,1.991,0.9037424,0.04234008,0.4259777,-0.1466578,0.9654996,0.2151791,-0.4021707,-0.2569394,0.8787724,moving,-42.90947,-25.44378,-8.664585,-5.941285,4.238738296179173,0.03868202686964595
05/04/2023 16:18:56.262764,2361,True,True,True,True,Eyes,0.4153106,0.1398056,-3.562299,-0.6384305,-0.3286931,0.695965,0.0,0.0,0.0,0.0,0.0,0.0,0.0,1.19577,0.6519454,3.210573,0.2837885,0.1381931,-3.47319,0.1211504,-0.2107278,0.04853078,0.9687936,14.78502,335.7874,2.547333,0.1310212,0.03837642,-0.9906362,-0.09891552,-0.003109219,0.01517246,-0.7548917,-0.5832747,-1.891253,-0.3080314,-0.2071998,1.991,0.9064772,0.04297314,0.4200625,-0.1450921,0.9659348,0.2142858,-0.3965444,-0.255193,0.8818328,moving,-42.53114,-25.28061,-8.794613,-5.941284,4.25008051801283,0.0372234984560309
05/04/2023 16:18:56.282862,2362,True,True,True,True,Eyes,0.4090506,0.1394418,-3.557837,-0.6339954,-0.3282103,0.7002342,0.0,0.0,0.0,0.0,0.0,0.0,0.0,1.184189,0.6401004,3.207157,0.2769871,0.1361799,-3.46448,0.1193766,-0.2086744,0.04834529,0.9694673,14.5746,336.0379,2.600796,0.1294918,0.03843441,-0.990835,0.0,0.0,0.0,-0.7592934,-0.578867,-1.87727,-0.3120742,-0.2071999,1.991,0.9082354,0.04391669,0.4161487,-0.1435601,0.9668239,0.2112866,-0.3930635,-0.2516403,0.8844084,moving,-42.15784,-25.11319,-8.908199,-5.941285,4.261190123603118,0.03566369585198681
05/04/2023 16:18:56.302866,2363,True,True,True,True,Eyes,0.4027405,0.1390309,-3.553184,-0.6294075,-0.3280911,0.7044163,0.0,0.0,0.0,0.0,0.0,0.0,0.0,1.172219,0.6308372,3.202732,0.2703177,0.1347525,-3.455187,0.1179827,-0.2066529,0.0474661,0.9701143,14.39063,336.273,2.564027,0.1279576,0.03848206,-0.9910325,0.0,0.0,0.0,-0.7644492,-0.5742818,-1.863442,-0.3164036,-0.2072,1.991,0.9100831,0.04333215,0.4121542,-0.140858,0.9676541,0.2092954,-0.3897535,-0.2485314,0.8867493,moving,-41.78131,-24.97436,-9.029759,-5.941288,4.272778712817817,0.03465503488701038
05/04/2023 16:18:56.312904,2364,True,True,True,True,Eyes,0.3964181,0.1385623,-3.548331,-0.6249038,-0.3278699,0.7085172,0.0,0.0,0.0,0.0,0.0,0.0,0.0,1.157525,0.621973,3.198899,0.2636139,0.1331816,-3.445641,0.1165301,-0.2042641,0.04601759,0.9708652,14.18595,336.5444,2.46798,0.1264172,0.0385193,-0.9912288,0.0,0.0,0.0,-0.7689834,-0.5688387,-1.848513,-0.3207729,-0.2072001,1.991,0.9123171,0.04174792,0.4073507,-0.1369596,0.9686062,0.2074706,-0.3859009,-0.2450696,0.8893937,moving,-41.41191,-24.83258,-9.15236,-5.941291,4.284076753840445,0.03356060710983566
05/04/2023 16:18:56.332542,2365,True,True,True,True,Eyes,0.3901247,0.1380444,-3.543265,-0.6203493,-0.3280329,0.7124332,0.0,0.0,0.0,0.0,0.0,0.0,0.0,1.145012,0.6169216,3.193382,0.256997,0.1312865,-3.435992,0.1156031,-0.2021938,0.04448876,0.9714805,14.04023,336.7746,2.344838,0.1248714,0.03854574,-0.9914237,0.0,0.0,0.0,-0.7743423,-0.5654818,-1.83488,-0.3251113,-0.2071999,1.991,0.9142768,0.03969146,0.4031408,-0.1331884,0.9693134,0.2066216,-0.3825687,-0.242603,0.8915071,moving,-41.04764,-24.72324,-9.274006,-5.941285,4.29560626333647,0.03305414451089783
05/04/2023 16:18:56.353015,2366,True,True,True,True,Eyes,0.3838365,0.137483,-3.538005,-0.6158859,-0.3281414,0.7162457,0.0,0.0,0.0,0.0,0.0,0.0,0.0,1.137624,0.6173961,3.184868,0.2506513,0.1295318,-3.426244,0.1156286,-0.2008604,0.04348443,0.9717994,14.01667,336.9205,2.248522,0.1233213,0.03856125,-0.9916171,0.0,0.0,0.0,-0.7811226,-0.5661153,-1.824027,-0.3294942,-0.2072,1.991,0.9155284,0.03806586,0.4004483,-0.1309667,0.9694782,0.2072671,-0.3803361,-0.2422043,0.8925702,moving,-40.6916,-24.61445,-9.396815,-5.941288,4.30685080950486,0.032523027851593445
05/04/2023 16:18:56.373140,2367,True,True,True,True,Eyes,0.3775422,0.1368865,-3.532554,-0.6114048,-0.3284884,0.7199163,0.0,0.0,0.0,0.0,0.0,0.0,0.0,1.127668,0.6154839,3.177621,0.2444138,0.1279238,-3.416376,0.1152942,-0.199165,0.04243774,0.9722344,13.95089,337.1104,2.160903,0.1217683,0.03856589,-0.9918088,0.0,0.0,0.0,-0.7867341,-0.5652499,-1.811779,-0.3338804,-0.2072,1.991,0.9170647,0.03659371,0.3970559,-0.128444,0.9698126,0.2072818,-0.3774846,-0.2410902,0.8940811,moving,-40.34031,-24.52659,-9.51963,-5.941288,4.3181936045949545,0.03236513776877159
05/04/2023 16:18:56.382804,2368,True,True,True,True,Eyes,0.3712636,0.136248,-3.526923,-0.6069942,-0.3288439,0.7234776,0.0,0.0,0.0,0.0,0.0,0.0,0.0,1.118322,0.6166495,3.169235,0.2384878,0.1264583,-3.406183,0.1154136,-0.197627,0.04109009,0.9725919,13.93032,337.2757,2.025813,0.1202121,0.03855992,-0.9919987,0.0,0.0,0.0,-0.7926204,-0.5654418,-1.800111,-0.338182,-0.2071999,1.991,0.9185104,0.03431009,0.3939055,-0.1255455,0.9699826,0.2082597,-0.374936,-0.2407417,0.8952466,moving,-39.99649,-24.44333,-9.639991,-5.941286,4.3293300179339544,0.032261953145351074
05/04/2023 16:18:56.402681,2369,True,True,True,True,Eyes,0.3649994,0.1356354,-3.521097,-0.6025538,-0.329483,0.7268906,0.0,0.0,0.0,0.0,0.0,0.0,0.0,1.108331,0.622984,3.16034,0.2325757,0.1247953,-3.396261,0.1162742,-0.1959422,0.03980698,0.9728836,13.99529,337.4567,1.883345,0.1186533,0.03854338,-0.992187,0.0,0.0,0.0,-0.7978828,-0.5685815,-1.789452,-0.3426955,-0.2072,1.991,0.9200442,0.03188907,0.3905149,-0.1230211,0.9697915,0.2106427,-0.3720008,-0.2418422,0.896174,moving,-39.65694,-24.38371,-9.766189,-5.941289,4.340616249321656,0.03258497603386645
05/04/2023 16:18:56.422816,2370,True,True,True,True,Eyes,0.3587421,0.1351491,-3.515082,-0.598217,-0.3300595,0.7302036,0.0,0.0,0.0,0.0,0.0,0.0,0.0,1.097754,0.6339365,3.150145,0.2266548,0.1248062,-3.385765,0.1180575,-0.1942036,0.0382218,0.973081,14.15847,337.6363,1.686188,0.1170926,0.03851821,-0.9923734,0.0,0.0,0.0,-0.8026794,-0.5729178,-1.779216,-0.3468943,-0.2072001,1.991,0.9216481,0.02853143,0.3869764,-0.1202402,0.9692031,0.2149134,-0.3689269,-0.2446046,0.8966948,moving,-39.32594,-24.32346,-9.883502,-5.941291,4.351591125143607,0.032859803736468185
05/04/2023 16:18:56.433104,2371,True,True,True,True,Eyes,0.352533,0.1347089,-3.508891,-0.5939289,-0.3304709,0.7335104,0.0,0.0,0.0,0.0,0.0,0.0,0.0,1.087974,0.634514,3.141807,0.2205634,0.1273051,-3.375262,0.1185406,-0.1926714,0.03569901,0.9734226,14.15445,337.7829,1.407757,0.1155305,0.03848899,-0.9925576,0.0,0.0,0.0,-0.8097921,-0.5687825,-1.767719,-0.3512158,-0.2071999,1.991,0.9232066,0.02382164,0.383565,-0.1151792,0.9693474,0.2170239,-0.3666379,-0.2445366,0.8976517,moving,-38.99735,-24.25315,-10.00415,-5.941287,4.362352282357785,0.032935286022886756
05/04/2023 16:18:56.454653,2372,True,True,True,True,Eyes,0.346338,0.1342524,-3.502519,-0.5897342,-0.3307047,0.7367822,0.0,0.0,0.0,0.0,0.0,0.0,0.0,1.078531,0.6161123,3.137383,0.2151685,0.1278711,-3.365019,0.1157878,-0.1913583,0.03262776,0.9741205,13.77264,337.9096,1.135835,0.1139682,0.03845758,-0.9927394,0.0,0.0,0.0,-0.8185852,-0.5541767,-1.752663,-0.3556878,-0.2071999,1.991,0.9246349,0.01925281,0.3803679,-0.1078807,0.9710572,0.2130954,-0.3652563,-0.2380698,0.8999503,moving,-38.67443,-24.17293,-10.12891,-5.941285,4.372785978702981,0.03280038153210385
05/04/2023 16:18:56.462843,2373,True,True,True,True,Eyes,0.3401603,0.1338771,-3.495989,-0.5855379,-0.3308994,0.7400344,0.0,0.0,0.0,0.0,0.0,0.0,0.0,1.066671,0.6093297,3.130929,0.2094023,0.1269572,-3.354373,0.1146365,-0.1895459,0.03009506,0.9746924,13.58452,338.0972,0.8965331,0.1124061,0.0384239,-0.9929188,0.0,0.0,0.0,-0.824916,-0.547543,-1.738236,-0.3600716,-0.2071999,1.991,0.9263333,0.01520909,0.3763978,-0.1021246,0.9719055,0.2120619,-0.3625978,-0.2348795,0.9018617,moving,-38.35213,-24.09136,-10.25112,-5.941286,4.38318047306103,0.03263746486868824
05/04/2023 16:18:56.482984,2374,True,True,True,True,Eyes,0.3339924,0.1336327,-3.489292,-0.5814316,-0.3309567,0.7432395,0.0,0.0,0.0,0.0,0.0,0.0,0.0,1.056431,0.6011027,3.124489,0.2036212,0.1283174,-3.343931,0.1136371,-0.1879335,0.02782607,0.9751889,13.4204,338.264,0.6808843,0.110844,0.03839062,-0.9930957,0.0,0.0,0.0,-0.8313279,-0.5395188,-1.724523,-0.3641375,-0.2071999,1.991,0.9278134,0.0115589,0.3728656,-0.0969838,0.9726247,0.2111764,-0.3602172,-0.2320942,0.9035351,moving,-38.03585,-24.00291,-10.36438,-5.941285,4.393273708564785,0.032319628418697954
05/04/2023 16:18:56.502947,2375,True,True,True,True,Eyes,0.327815,0.1335056,-3.48243,-0.5772623,-0.3310282,0.7464507,0.0,0.0,0.0,0.0,0.0,0.0,0.0,1.048128,0.5882339,3.118201,0.1976546,0.1313474,-3.333384,0.1123015,-0.1865255,0.02641009,0.9756532,13.23744,338.4194,0.5674166,0.1092823,0.03836159,-0.9932699,0.0,0.0,0.0,-0.8382201,-0.529803,-1.710831,-0.3685409,-0.2072,1.991,0.9290215,0.009639996,0.3699001,-0.09342837,0.9733818,0.2092824,-0.3580365,-0.228987,0.9051933,moving,-37.71632,-23.91583,-10.48695,-5.941288,4.403499704722328,0.03204136236011612
05/04/2023 16:18:56.513245,2376,True,True,True,True,Eyes,0.3216476,0.1334798,-3.475414,-0.5731399,-0.3308934,0.74968,0.0,0.0,0.0,0.0,0.0,0.0,0.0,1.03818,0.5754774,3.112265,0.1917937,0.1339639,-3.322718,0.1109176,-0.1848622,0.02507391,0.9761633,13.05097,338.6065,0.4672033,0.1077206,0.03833989,-0.9934413,0.0,0.0,0.0,-0.8440991,-0.5204433,-1.696429,-0.3729953,-0.2072,1.991,0.9303945,0.007943518,0.3664736,-0.08996139,0.9741372,0.2072769,-0.3553491,-0.2258178,0.9070465,moving,-37.39837,-23.81568,-10.61084,-5.941288,4.413503063989909,0.03151070070806394
05/04/2023 16:18:56.541583,2377,True,True,True,True,Eyes,0.3154432,0.1334774,-3.468267,-0.5689005,-0.330822,0.7529336,0.0,0.0,0.0,0.0,0.0,0.0,0.0,1.025242,0.5566201,3.108048,0.1859348,0.1365925,-3.311749,0.1086194,-0.1827247,0.0240069,0.9768507,12.76678,338.8573,0.4234273,0.1061588,0.03832788,-0.9936098,0.0,0.0,0.0,-0.848074,-0.5081754,-1.679454,-0.3771916,-0.2071999,1.991,0.9320707,0.007207437,0.3622047,-0.0865972,0.9752511,0.2034365,-0.3517743,-0.2209831,0.9096271,moving,-37.07392,-23.7196,-10.72746,-5.941286,4.423788896079813,0.031084179943814183
05/04/2023 16:18:56.553105,2378,True,True,True,True,Eyes,0.309257,0.1334904,-3.460988,-0.5646043,-0.3307816,0.7561782,0.0,0.0,0.0,0.0,0.0,0.0,0.0,1.009733,0.5384076,3.104503,0.1802696,0.1369563,-3.300928,0.1061897,-0.1801114,0.02405656,0.9776017,12.49111,339.1784,0.5154663,0.1045956,0.03832543,-0.9937757,0.0,0.0,0.0,-0.8493642,-0.4993119,-1.661539,-0.3815336,-0.2071998,1.991,0.9339623,0.008783519,0.3572636,-0.08528742,0.97629,0.1989567,-0.3470453,-0.2162882,0.9125673,moving,-36.74704,-23.62643,-10.84803,-5.941283,4.4341980259881035,0.030722690571440836
05/04/2023 16:18:56.562924,2379,True,True,True,True,Eyes,0.3031257,0.133525,-3.453581,-0.5606289,-0.331064,0.7590072,0.0,0.0,0.0,0.0,0.0,0.0,0.0,0.9933568,0.5335185,3.099251,0.174511,0.1376299,-3.290496,0.1058486,-0.1772762,0.02425415,0.9781519,12.45491,339.5184,0.5820606,0.1030309,0.03833217,-0.9939389,0.0,0.0,0.0,-0.8495778,-0.4979154,-1.646278,-0.3861536,-0.2072,1.991,0.9359698,0.009919623,0.3519407,-0.08497735,0.9764156,0.1984726,-0.3416716,-0.2156713,0.9147384,moving,-36.45086,-23.56588,-10.97622,-5.941288,4.443933778994237,0.030843830902716807
05/04/2023 16:18:56.582563,2380,True,True,True,True,Eyes,0.2970247,0.1335799,-3.446064,-0.5564783,-0.3315422,0.7618476,0.0,0.0,0.0,0.0,0.0,0.0,0.0,0.9728698,0.5426688,3.093022,0.16895,0.1379481,-3.280271,0.1076961,-0.1737088,0.02531605,0.9785632,12.68379,339.9473,0.7124706,0.101466,0.03834799,-0.9940993,0.0,0.0,0.0,-0.8451964,-0.5060774,-1.632242,-0.3901892,-0.2072,1.991,0.9383687,0.01213119,0.3454229,-0.08696221,0.9755213,0.2019796,-0.3345172,-0.2195701,0.9164537,moving,-36.14561,-23.5178,-11.0881,-5.941289,4.454150242174946,0.031237934690062086
05/04/2023 16:18:56.603039,2381,True,True,True,True,Eyes,0.2909257,0.1336284,-3.438454,-0.5524834,-0.3322588,0.7644385,0.0,0.0,0.0,0.0,0.0,0.0,0.0,0.9436715,0.5611797,3.087879,0.1637483,0.1386104,-3.270231,0.1109724,-0.1687798,0.02622685,0.9790357,13.07021,340.531,0.8172818,0.09990172,0.03837273,-0.9942567,0.0,0.0,0.0,-0.8357451,-0.5189372,-1.617567,-0.3945131,-0.2072001,1.991,0.941651,0.01389426,0.3363038,-0.08881383,0.9739946,0.2084386,-0.324662,-0.2261449,0.918397,moving,-35.85681,-23.4919,-11.20788,-5.941289,4.46406580860357,0.031979015140323475
05/04/2023 16:18:56.613063,2382,True,True,True,True,Eyes,0.2848319,0.1337109,-3.430741,-0.5483353,-0.3329874,0.7671036,0.0,0.0,0.0,0.0,0.0,0.0,0.0,0.9149057,0.5695633,3.084191,0.1582815,0.1386046,-3.26028,0.1125286,-0.1639051,0.02664553,0.9796748,13.25101,341.1089,0.9018107,0.09833729,0.03840543,-0.9944114,0.0,0.0,0.0,-0.8276109,-0.5255369,-1.601047,-0.3988869,-0.2072001,1.991,0.9448503,0.01531988,0.3271441,-0.08909594,0.9732546,0.2117483,-0.3151506,-0.2292176,0.9209449,moving,-35.55766,-23.4649,-11.32894,-5.941289,4.474334538967661,0.03274342511261341
05/04/2023 16:18:56.642986,2383,True,True,True,True,Eyes,0.278761,0.1338534,-3.422927,-0.5443801,-0.3336473,0.7696297,0.0,0.0,0.0,0.0,0.0,0.0,0.0,0.8891922,0.5720627,3.080346,0.1524232,0.1393381,-3.250201,0.1132661,-0.1594781,0.02665176,0.98032,13.33092,341.6312,0.9496742,0.0967724,0.03844646,-0.9945634,0.0,0.0,0.0,-0.8227069,-0.5278418,-1.584591,-0.4040458,-0.2072,1.991,0.9477128,0.01612758,0.3187165,-0.08838144,0.972921,0.2135734,-0.3066416,-0.2305748,0.923475,moving,-35.27282,-23.43753,-11.4716,-5.941288,4.484090881725895,0.03344003667462242
05/04/2023 16:18:56.653095,2384,True,True,True,True,Eyes,0.2726901,0.1340409,-3.415026,-0.5403781,-0.3341679,0.7722198,0.0,0.0,0.0,0.0,0.0,0.0,0.0,0.86544,0.5565074,3.079201,0.1462884,0.1410834,-3.240194,0.1112894,-0.1553743,0.02613175,0.9812191,13.09222,342.1168,0.9823586,0.09520714,0.03849687,-0.9947125,0.0,0.0,0.0,-0.8186929,-0.5185055,-1.564836,-0.4075044,-0.2072001,1.991,0.950352,0.01669891,0.3107287,-0.08586496,0.9738636,0.2102782,-0.299096,-0.226519,0.926947,moving,-34.98327,-23.39991,-11.56716,-5.941291,4.49388367843188,0.03396400431023028
05/04/2023 16:18:56.662806,2385,True,True,True,True,Eyes,0.2665771,0.1342033,-3.40706,-0.5365415,-0.3346363,0.7746882,0.0,0.0,0.0,0.0,0.0,0.0,0.0,0.847488,0.5443115,3.075773,0.1401904,0.1423299,-3.230322,0.1097945,-0.152152,0.02567349,0.9819042,12.91046,342.4966,0.9997457,0.09364119,0.0385572,-0.9948588,0.0,0.0,0.0,-0.8188996,-0.5114605,-1.54812,-0.412417,-0.2072001,1.991,0.9523813,0.01700689,0.3044351,-0.08382875,0.9745721,0.2078029,-0.2931599,-0.223428,0.9295899,moving,-34.7061,-23.36253,-11.70278,-5.941292,4.503240332344049,0.0344398457549322
05/04/2023 16:18:56.682549,2386,True,True,True,True,Eyes,0.2604704,0.1343421,-3.399026,-0.5326166,-0.3352363,0.7771333,0.0,0.0,0.0,0.0,0.0,0.0,0.0,0.8318578,0.5341997,3.071122,0.1344741,0.1419238,-3.220391,0.1084552,-0.1492878,0.02590446,0.9824865,12.75873,342.8418,1.088016,0.09207306,0.03862584,-0.9950025,0.0,0.0,0.0,-0.8181145,-0.5075337,-1.531925,-0.4160843,-0.2071999,1.991,0.9540842,0.01851948,0.2989655,-0.08328364,0.9751328,0.2053771,-0.2877276,-0.220846,0.9319012,moving,-34.4252,-23.33419,-11.80394,-5.941286,4.51284453371607,0.03510147200072733
05/04/2023 16:18:56.702951,2387,True,True,True,True,Eyes,0.2543755,0.1345006,-3.390924,-0.5288354,-0.3361668,0.7793106,0.0,0.0,0.0,0.0,0.0,0.0,0.0,0.8155101,0.5386857,3.064286,0.1285123,0.1414079,-3.210697,0.1094751,-0.1461477,0.02699833,0.982816,12.88996,343.2238,1.238509,0.09050125,0.03870147,-0.9951438,0.0,0.0,0.0,-0.8159233,-0.5135331,-1.518692,-0.420445,-0.2072,1.991,0.9558239,0.02106969,0.2931839,-0.08506785,0.9745725,0.2072963,-0.2813613,-0.2230793,0.933312,moving,-34.16057,-23.33365,-11.92412,-5.941288,4.522225853853391,0.03621647977777276
05/04/2023 16:18:56.722690,2388,True,True,True,True,Eyes,0.2482897,0.1347273,-3.382764,-0.5248989,-0.3373142,0.7814732,0.0,0.0,0.0,0.0,0.0,0.0,0.0,0.7969961,0.5599272,3.055051,0.1228646,0.1422971,-3.201049,0.1133746,-0.142622,0.02833077,0.9828542,13.35258,343.6479,1.375196,0.0889269,0.03878404,-0.9952825,0.0,0.0,0.0,-0.8111123,-0.5289693,-1.508553,-0.4247868,-0.2072001,1.990999,0.9577127,0.02335062,0.2867772,-0.08802945,0.9726871,0.2147803,-0.2739292,-0.2309426,0.9336103,moving,-33.88842,-23.3469,-12.04368,-5.941291,4.532049719319036,0.03762267282961185
05/04/2023 16:18:56.732730,2389,True,True,True,True,Eyes,0.2422554,0.1349569,-3.374544,-0.5213384,-0.3383132,0.7834222,0.0,0.0,0.0,0.0,0.0,0.0,0.0,0.7759773,0.5747597,3.047631,0.1169459,0.144247,-3.191561,0.1164023,-0.1386508,0.02951047,0.983034,13.71179,344.126,1.518296,0.08734976,0.03887501,-0.9954186,0.0,0.0,0.0,-0.8053933,-0.539969,-1.496747,-0.4292382,-0.2071999,1.991,0.9598101,0.02574104,0.279467,-0.09029812,0.9711593,0.2206715,-0.2657267,-0.2370381,0.9344529,moving,-33.64229,-23.35663,-12.16615,-5.941287,4.540905616538723,0.03885206792520102
05/04/2023 16:18:56.753076,2390,True,True,True,True,Eyes,0.2362329,0.1351696,-3.366278,-0.5176018,-0.3395156,0.7853773,0.0,0.0,0.0,0.0,0.0,0.0,0.0,0.754209,0.5875543,3.040673,0.1113936,0.1445794,-3.182206,0.1188539,-0.134588,0.03069131,0.983269,14.00414,344.6176,1.675099,0.08577096,0.03897375,-0.9955521,0.0,0.0,0.0,-0.7990617,-0.5504828,-1.484251,-0.433681,-0.2072,1.990999,0.9618883,0.02836301,0.2719679,-0.09234822,0.9698636,0.2254693,-0.2573768,-0.241992,0.9355196,moving,-33.38683,-23.37864,-12.28827,-5.94129,4.550249026233546,0.040351960505575546
05/04/2023 16:18:56.772976,2391,True,True,True,True,Eyes,0.2302209,0.1353726,-3.357975,-0.5141335,-0.3404555,0.7872464,0.0,0.0,0.0,0.0,0.0,0.0,0.0,0.7327631,0.6025998,3.033029,0.1055957,0.1444757,-3.172903,0.1216325,-0.1304817,0.03211447,0.9834373,14.33651,345.1181,1.85863,0.08418975,0.03907915,-0.9956828,0.0,0.0,0.0,-0.7924039,-0.5629361,-1.472291,-0.4380663,-0.2072,1.991,0.9638864,0.03142349,0.2644535,-0.09490676,0.9683484,0.2308552,-0.2488289,-0.2476166,0.9363601,moving,-33.14768,-23.38673,-12.40869,-5.941288,4.558836393372948,0.04152085072499606
05/04/2023 16:18:56.790346,2392,True,True,True,True,Eyes,0.2242189,0.135579,-3.34963,-0.5104834,-0.3415483,0.7891461,0.0,0.0,0.0,0.0,0.0,0.0,0.0,0.7122809,0.6198637,3.024679,0.099859,0.1445455,-3.163763,0.1248955,-0.1264169,0.03449973,0.9834784,14.73725,345.6287,2.150004,0.08260608,0.03919036,-0.9958111,0.0,0.0,0.0,-0.7843753,-0.5782211,-1.461351,-0.4421034,-0.2072,1.991,0.9656571,0.03628167,0.2572743,-0.09943727,0.9664218,0.2369413,-0.2400389,-0.2543867,0.9368398,moving,-32.89805,-23.40332,-12.51946,-5.941288,4.56790389321878,0.0428940750881972
05/04/2023 16:18:56.803357,2393,True,True,True,True,Eyes,0.2182015,0.1357766,-3.341253,-0.5069163,-0.3423129,0.7911118,0.0,0.0,0.0,0.0,0.0,0.0,0.0,0.6915838,0.6284903,3.017852,0.09403612,0.1449221,-3.154501,0.1267778,-0.1223556,0.03635481,0.9836845,14.97011,346.1351,2.402668,0.08101997,0.03930702,-0.9959369,0.0,0.0,0.0,-0.7776086,-0.587459,-1.448555,-0.4465249,-0.2072,1.991,0.9674149,0.04049936,0.2499365,-0.1025473,0.9652115,0.2405223,-0.2315006,-0.2583151,0.937913,moving,-32.6503,-23.39806,-12.64066,-5.941288,4.5766262076722315,0.04384859002593644
05/04/2023 16:18:56.817201,2394,True,True,True,True,Eyes,0.2121865,0.1359856,-3.332825,-0.5031927,-0.343032,0.7931747,0.0,0.0,0.0,0.0,0.0,0.0,0.0,0.6710109,0.6331013,3.011635,0.08855535,0.1449818,-3.14518,0.127902,-0.1184186,0.03751902,0.983977,15.10514,346.618,2.585033,0.07943026,0.03942845,-0.9960601,0.0,0.0,0.0,-0.7720201,-0.5933394,-1.434952,-0.4511965,-0.2072001,1.991,0.9691387,0.04354371,0.2426399,-0.1041276,0.9644668,0.2428193,-0.2234449,-0.2605911,0.9392362,moving,-32.39117,-23.3875,-12.76859,-5.94129,4.585684695976896,0.04475186615672622
05/04/2023 16:18:56.837147,2395,True,True,True,True,Eyes,0.2061743,0.1362021,-3.324346,-0.4996668,-0.3431779,0.7953377,0.0,0.0,0.0,0.0,0.0,0.0,0.0,0.6471302,0.6293314,3.007578,0.08254945,0.1454706,-3.135663,0.1276105,-0.1139954,0.03740414,0.9845414,15.0584,347.1404,2.644696,0.07783663,0.03955463,-0.9961809,0.0,0.0,0.0,-0.7660517,-0.5919475,-1.418048,-0.4550854,-0.2072001,1.991,0.971212,0.04455782,0.2340127,-0.1027459,0.964633,0.2427479,-0.21492,-0.2598034,0.9414412,moving,-32.13888,-23.33957,-12.875,-5.941291,4.594024224232873,0.04492361330390149
05/04/2023 16:18:56.852992,2396,True,True,True,True,Eyes,0.2001508,0.1363856,-3.315821,-0.4959953,-0.3431614,0.7976395,0.0,0.0,0.0,0.0,0.0,0.0,0.0,0.6221572,0.6195254,3.004777,0.07656274,0.145786,-3.126094,0.1262017,-0.1095031,0.03606785,0.9852824,14.86768,347.6526,2.575717,0.07623906,0.03968544,-0.9962992,0.0,0.0,0.0,-0.7616681,-0.5850949,-1.399466,-0.4593979,-0.2071999,1.991,0.9734163,0.04343506,0.2248867,-0.098713,0.9655445,0.2407895,-0.2066794,-0.2565877,0.9441644,moving,-31.87454,-23.2784,-12.99288,-5.941286,4.602622496469632,0.044897721614114205
05/04/2023 16:18:56.862714,2397,True,True,True,True,Eyes,0.1941771,0.1365058,-3.307241,-0.4925136,-0.3427951,0.7999512,0.0,0.0,0.0,0.0,0.0,0.0,0.0,0.596688,0.6080767,3.002265,0.07022752,0.1451288,-3.116632,0.124364,-0.104851,0.03467726,0.9860716,14.62761,348.1826,2.506137,0.07463639,0.03981959,-0.9964153,0.0,0.0,0.0,-0.7571188,-0.5775809,-1.380193,-0.4637021,-0.2072,1.991,0.9756075,0.04230912,0.2154065,-0.09446792,0.9666621,0.2379918,-0.1981561,-0.2525356,0.9470797,moving,-31.61976,-23.1961,-13.11043,-5.941287,4.610612298913797,0.04443400043970436
05/04/2023 16:18:56.882784,2398,True,True,True,True,Eyes,0.1881884,0.1365741,-3.298624,-0.4888596,-0.3424227,0.8023484,0.0,0.0,0.0,0.0,0.0,0.0,0.0,0.5731359,0.6017184,2.998087,0.06404685,0.143615,-3.107145,0.1233138,-0.100404,0.03428417,0.98668,14.49094,348.7021,2.539149,0.07302994,0.03995499,-0.9965289,0.0,0.0,0.0,-0.7519912,-0.5750752,-1.362533,-0.4680762,-0.2072,1.991,0.9774873,0.04289263,0.2065887,-0.0924174,0.9672366,0.2364579,-0.1896778,-0.250227,0.9494255,moving,-31.35336,-23.1116,-13.22977,-5.941289,4.618986300669848,0.04397833181569555
05/04/2023 16:18:56.902908,2399,True,True,True,True,Eyes,0.1821454,0.1365993,-3.289981,-0.4852401,-0.3418689,0.8047781,0.0,0.0,0.0,0.0,0.0,0.0,0.0,0.5510859,0.5967161,2.993317,0.0576415,0.1424564,-3.097757,0.1226335,-0.09604429,0.03501602,0.987173,14.4093,349.2271,2.697194,0.07141885,0.04009004,-0.9966402,0.0,0.0,0.0,-0.7460896,-0.574987,-1.345777,-0.4723661,-0.2072001,1.991,0.9790987,0.04557724,0.1982129,-0.09269024,0.9674698,0.2353947,-0.1810364,-0.2488471,0.9514731,moving,-31.08783,-23.01573,-13.3467,-5.941291,4.627184521352239,0.043305241409328676
05/04/2023 16:18:56.922793,2400,True,True,True,True,Eyes,0.1760909,0.1365702,-3.281287,-0.4814366,-0.3413789,0.8072665,0.0,0.0,0.0,0.0,0.0,0.0,0.0,0.5299707,0.5935515,2.987937,0.05131027,0.1413957,-3.088416,0.1222684,-0.09181502,0.03575968,0.987594,14.36331,349.7364,2.850754,0.0698012,0.04022356,-0.9967494,0.0,0.0,0.0,-0.7405283,-0.5759543,-1.329816,-0.4767211,-0.2072,1.991,0.9805825,0.04817994,0.1900965,-0.09308424,0.9675434,0.2349365,-0.1726074,-0.2480696,0.9532409,moving,-30.81095,-22.92265,-13.46529,-5.941289,4.635820962677921,0.04273285294928686
05/04/2023 16:18:56.932808,2401,True,True,True,True,Eyes,0.1700218,0.1364965,-3.272552,-0.4776444,-0.3407539,0.8097793,0.0,0.0,0.0,0.0,0.0,0.0,0.0,0.5082445,0.5930765,2.981612,0.04500227,0.1400554,-3.078704,0.1223183,-0.0874484,0.03667646,0.9879503,14.36532,350.2643,3.022291,0.06817585,0.04035424,-0.9968566,0.0,0.0,0.0,-0.7341717,-0.5789346,-1.313931,-0.4811153,-0.2072001,1.991,0.9820153,0.05107596,0.1817618,-0.09386213,0.9673861,0.2352743,-0.1638169,-0.2481035,0.954782,moving,-30.53402,-22.82129,-13.58482,-5.941289,4.644353645100834,0.04200503732873084
05/04/2023 16:18:56.953037,2402,True,True,True,True,Eyes,0.1639396,0.136347,-3.263775,-0.473662,-0.3401167,0.8123823,0.0,0.0,0.0,0.0,0.0,0.0,0.0,0.4812834,0.5915779,2.976245,0.03854368,0.1389679,-3.069012,0.1220912,-0.08229489,0.0360706,0.9884433,14.31765,350.862,3.029734,0.06654309,0.04048102,-0.9969617,0.0,0.0,0.0,-0.7265669,-0.5787493,-1.29638,-0.4855141,-0.2072001,1.991,0.9838529,0.05121251,0.1714955,-0.09140246,0.9675853,0.2354237,-0.1538799,-0.2472974,0.9566425,moving,-30.24445,-22.71739,-13.70436,-5.94129,4.653302379613517,0.041283220107105556
05/04/2023 16:18:56.962995,2403,True,True,True,True,Eyes,0.1578193,0.1361081,-3.254964,-0.4697012,-0.3394322,0.8149641,0.0,0.0,0.0,0.0,0.0,0.0,0.0,0.4554324,0.5891865,2.970694,0.03209526,0.1370171,-3.059375,0.1215965,-0.07728403,0.03560729,0.9889255,14.24115,351.4444,3.053474,0.06490215,0.04060209,-0.9970649,0.0,0.0,0.0,-0.719474,-0.5786251,-1.278879,-0.4900567,-0.2072,1.991,0.9855185,0.05163098,0.1615157,-0.08922084,0.9678928,0.234996,-0.1441969,-0.2460035,0.9584829,moving,-29.95682,-22.61171,-13.82769,-5.941289,4.662159602312244,0.04051969557438179
05/04/2023 16:18:56.983100,2404,True,True,True,True,Eyes,0.1516743,0.1357923,-3.246118,-0.4655641,-0.338732,0.817625,0.0,0.0,0.0,0.0,0.0,0.0,0.0,0.4304458,0.5876127,2.96474,0.02542388,0.1345957,-3.049834,0.1211523,-0.07235894,0.03491878,0.9893771,14.16907,352.0131,3.048465,0.06325184,0.04071536,-0.9971664,0.0,0.0,0.0,-0.7125963,-0.5788594,-1.261686,-0.4941222,-0.2071999,1.991,0.9870897,0.05156277,0.1516415,-0.08662857,0.9682056,0.2346772,-0.1347196,-0.2447839,0.9601727,moving,-29.65763,-22.50363,-13.93794,-5.941285,4.671396346620079,0.039760209068786745
05/04/2023 16:18:57.002855,2405,True,True,True,True,Eyes,0.1455609,0.1354353,-3.23722,-0.4615173,-0.3378951,0.8202614,0.0,0.0,0.0,0.0,0.0,0.0,0.0,0.4055239,0.5857139,2.958679,0.0186244,0.1324206,-3.040298,0.1206904,-0.06740481,0.03412103,0.9898113,14.09446,352.5832,3.030531,0.06159109,0.04081933,-0.9972661,0.0,0.0,0.0,-0.70604,-0.5786701,-1.24456,-0.4984482,-0.2072001,1.991,0.9885847,0.05127652,0.1416722,-0.08381697,0.9685392,0.2343216,-0.1251999,-0.2435213,0.9617808,moving,-29.36414,-22.38852,-14.05516,-5.941291,4.680341272796987,0.03884434379717849
05/04/2023 16:18:57.013181,2406,True,True,True,True,Eyes,0.1394134,0.1350101,-3.228278,-0.4572263,-0.3369339,0.8230551,0.0,0.0,0.0,0.0,0.0,0.0,0.0,0.3755378,0.5804586,2.953561,0.01165032,0.1309003,-3.030547,0.1196943,-0.06165227,0.03230897,0.9903679,13.94951,353.2315,2.908026,0.05992072,0.04091374,-0.997364,0.0,0.0,0.0,-0.6976763,-0.5746491,-1.225316,-0.5027809,-0.2072001,1.991,0.9903103,0.04923667,0.1298513,-0.07875438,0.9692587,0.233099,-0.1143825,-0.2410667,0.9637445,moving,-29.0532,-22.26271,-14.17242,-5.94129,4.689768890777382,0.037801544059010705
05/04/2023 16:18:57.032931,2407,True,True,True,True,Eyes,0.1332362,0.1345429,-3.219295,-0.4529723,-0.3358446,0.8258477,0.0,0.0,0.0,0.0,0.0,0.0,0.0,0.3421397,0.5717816,2.949164,0.004609868,0.1287744,-3.020755,0.1180007,-0.05531918,0.03020644,0.9910112,13.72264,353.9424,2.762154,0.05824042,0.04099745,-0.9974602,0.0,0.0,0.0,-0.6876411,-0.5683343,-1.204391,-0.507284,-0.2071999,1.991,0.9920547,0.04681445,0.1167726,-0.07292525,0.9703268,0.230538,-0.1025151,-0.2372219,0.9660313,moving,-28.74449,-22.12993,-14.29418,-5.941286,4.699028559552861,0.03661824718230727
05/04/2023 16:18:57.052988,2408,True,True,True,True,Eyes,0.1270176,0.1340788,-3.210272,-0.4484809,-0.3346731,0.8287694,0.0,0.0,0.0,0.0,0.0,0.0,0.0,0.307638,0.5675279,2.943702,-0.002646938,0.127181,-3.010968,0.1171302,-0.04872389,0.02787085,0.991529,13.59115,354.6817,2.586,0.05654892,0.04107028,-0.9975545,0.0,0.0,0.0,-0.676728,-0.5643236,-1.184404,-0.511747,-0.2072,1.991,0.9936984,0.04385544,0.1031513,-0.0666836,0.9710075,0.2295601,-0.09009326,-0.234992,0.967813,moving,-28.41963,-21.98981,-14.41472,-5.941288,4.7087676252835795,0.035365646637581016
05/04/2023 16:18:57.062788,2409,True,True,True,True,Eyes,0.1206923,0.1336264,-3.201212,-0.4439988,-0.3334914,0.8316542,0.0,0.0,0.0,0.0,0.0,0.0,0.0,0.2756607,0.5593486,2.938414,-0.009941709,0.1267373,-3.001163,0.1158332,-0.04249605,0.02586747,0.9920221,13.41583,355.3816,2.443883,0.05484499,0.04113344,-0.9976471,0.0,0.0,0.0,-0.6666333,-0.5579718,-1.164541,-0.5159817,-0.2072,1.991,0.99505,0.04147729,0.09030665,-0.0611671,0.9718271,0.2276196,-0.07832141,-0.2320167,0.9695535,moving,-28.09661,-21.85067,-14.52897,-5.941289,4.718453904451179,0.03412364388051753
05/04/2023 16:18:57.082754,2410,True,True,True,True,Eyes,0.1143174,0.133161,-3.192122,-0.4392296,-0.3323212,0.8346496,0.0,0.0,0.0,0.0,0.0,0.0,0.0,0.2435506,0.550742,2.932817,-0.01732171,0.1265738,-2.991275,0.1145422,-0.03615772,0.02433429,0.992462,13.2451,356.1006,2.356218,0.0531257,0.04118829,-0.9977378,0.0,0.0,0.0,-0.6555194,-0.5519299,-1.144696,-0.5201023,-0.2071999,1.991,0.9962009,0.04001854,0.07734494,-0.05658488,0.9725758,0.2255977,-0.06619573,-0.2291172,0.9711455,moving,-27.75534,-21.7103,-14.64003,-5.941286,4.72877195667633,0.032936116376405256
05/04/2023 16:18:57.102738,2411,True,True,True,True,Eyes,0.1078765,0.1326541,-3.183002,-0.4340195,-0.3317009,0.8376166,0.0,0.0,0.0,0.0,0.0,0.0,0.0,0.2093838,0.5474703,2.926022,-0.02483171,0.1259696,-2.981389,0.1140796,-0.02938811,0.02280217,0.992775,13.17058,356.871,2.270174,0.05138987,0.04123528,-0.9978268,0.0,0.0,0.0,-0.6428798,-0.5495008,-1.125637,-0.5244499,-0.2071999,1.991,0.9972327,0.03856969,0.06355408,-0.05198002,0.9729318,0.2251705,-0.05314904,-0.2278509,0.9722444,moving,-27.39139,-21.60385,-14.75709,-5.941286,4.740326948118477,0.03248261673259023
05/04/2023 16:18:57.112917,2412,True,True,True,True,Eyes,0.101404,0.1321461,-3.173874,-0.4285646,-0.3313956,0.8405411,0.0,0.0,0.0,0.0,0.0,0.0,0.0,0.1778539,0.5526391,2.917504,-0.03229002,0.1243211,-2.971931,0.1149176,-0.02292282,0.02223185,0.9928616,13.25079,357.6207,2.289073,0.04963598,0.04127389,-0.997914,0.0,0.0,0.0,-0.6302999,-0.5541275,-1.109456,-0.5288734,-0.2071998,1.991,0.9979606,0.03887783,0.05062805,-0.04941477,0.9725994,0.2271754,-0.04040872,-0.2292138,0.972537,moving,-27.01556,-21.51756,-14.87606,-5.941284,4.752560352193838,0.03245857762836046
05/04/2023 16:18:57.141690,2413,True,True,True,True,Eyes,0.09496335,0.131707,-3.16473,-0.4229186,-0.3316918,0.8432795,0.0,0.0,0.0,0.0,0.0,0.0,0.0,0.1494126,0.5687258,2.906627,-0.03956608,0.1236962,-2.962665,0.1178252,-0.01688223,0.02236088,0.992639,13.57222,358.3349,2.382773,0.0478636,0.04130493,-0.9979993,0.0,0.0,0.0,-0.6180749,-0.5663192,-1.09707,-0.5331295,-0.2072001,1.991,0.99843,0.04041426,0.03878527,-0.04837086,0.9712344,0.2331609,-0.02824656,-0.2346709,0.9716644,moving,-26.63452,-21.47148,-14.99041,-5.94129,4.765491086494267,0.03321252072970593
05/04/2023 16:18:57.153230,2414,True,True,True,True,Eyes,0.08851428,0.131317,-3.155554,-0.4170872,-0.3320511,0.846038,0.0,0.0,0.0,0.0,0.0,0.0,0.0,0.1222293,0.5870473,2.894954,-0.04650989,0.1251183,-2.953388,0.1214702,-0.0111029,0.02208531,0.9922873,13.97846,359.0157,2.429373,0.04607463,0.04133128,-0.9980823,0.0,0.0,0.0,-0.6069832,-0.5788172,-1.086211,-0.5375825,-0.2071998,1.991,0.9987779,0.04113261,0.02739995,-0.0465273,0.9695145,0.2405763,-0.01666912,-0.2415571,0.9702434,moving,-26.24277,-21.4289,-15.10991,-5.941281,4.778846385646178,0.03407779053553456
05/04/2023 16:18:57.162840,2415,True,True,True,True,Eyes,0.08207417,0.1310676,-3.14633,-0.4111935,-0.3324253,0.8487717,0.0,0.0,0.0,0.0,0.0,0.0,0.0,0.09262855,0.5926355,2.885083,-0.05325402,0.1258989,-2.943606,0.1228221,-0.00508025,0.02026102,0.9922089,14.11898,359.6984,2.302302,0.04426926,0.04135498,-0.998163,0.0,0.0,0.0,-0.5969526,-0.5816954,-1.071407,-0.5425987,-0.2072001,1.991,0.9991273,0.03895839,0.01505834,-0.04145425,0.9690084,0.2435245,-0.005104336,-0.2439362,0.9697778,moving,-25.8482,-21.38802,-15.24437,-5.941291,4.792323396479987,0.03498700548525224
05/04/2023 16:18:57.182869,2416,True,True,True,True,Eyes,0.07562664,0.130986,-3.137082,-0.4051988,-0.3323357,0.8516847,0.0,0.0,0.0,0.0,0.0,0.0,0.0,0.06117842,0.5853561,2.877242,-0.06014665,0.1289341,-2.933371,0.1223313,0.001113359,0.0164172,0.992353,14.0492,0.367747,1.940911,0.04244868,0.04138081,-0.9982411,0.0,0.0,0.0,-0.5868721,-0.5732209,-1.053267,-0.5461127,-0.2072001,1.990999,0.9994585,0.0328557,0.001806983,-0.03231091,0.9695311,0.2428282,0.006226364,-0.2427551,0.9700676,moving,-25.44331,-21.31621,-15.33846,-5.941292,4.80577230868845,0.03535870576211497
05/04/2023 16:18:57.202932,2417,True,True,True,True,Eyes,0.06917869,0.1309417,-3.127791,-0.3991467,-0.3320621,0.8546442,0.0,0.0,0.0,0.0,0.0,0.0,0.0,0.03039405,0.5525424,2.874751,-0.06684581,0.1326796,-2.923755,0.1175266,0.007034269,0.01093742,0.9929846,13.4885,0.9746427,1.3774,0.04061245,0.04141392,-0.9983162,0.0,0.0,0.0,-0.5800332,-0.5460151,-1.030072,-0.5504642,-0.2072,1.991,0.9996618,0.02337481,-0.01139897,-0.02006796,0.9721357,0.233558,0.01654072,-0.2332502,0.9722761,moving,-25.03411,-21.23306,-15.45486,-5.941288,4.819229591564448,0.03553557257813844
05/04/2023 16:18:57.213042,2418,True,True,True,True,Eyes,0.06275119,0.1309429,-3.118467,-0.392849,-0.3316859,0.8577029,0.0,0.0,0.0,0.0,0.0,0.0,0.0,-0.004278578,0.5300444,2.869029,-0.07321899,0.1334064,-2.913612,0.1140527,0.01379465,0.007026515,0.9933542,13.08496,1.706635,1.006295,0.03876138,0.04145487,-0.998388,0.0,0.0,0.0,-0.5679551,-0.5286303,-1.007837,-0.554999,-0.2072001,1.991,0.9995207,0.01710627,-0.02580315,-0.010813,0.9738852,0.2267833,0.02900873,-0.2263956,0.9736034,moving,-24.60894,-21.1422,-15.57602,-5.94129,4.833155169752314,0.03563541548274801
05/04/2023 16:18:57.233243,2419,True,True,True,True,Eyes,0.05640787,0.1310236,-3.109129,-0.3865128,-0.3315496,0.8606293,0.0,0.0,0.0,0.0,0.0,0.0,0.0,-0.03895661,0.5176433,2.861085,-0.07926998,0.134556,-2.9036,0.1124267,0.02068353,0.004656155,0.9934339,12.89614,2.477834,0.8171605,0.03689596,0.04150444,-0.9984566,0.0,0.0,0.0,-0.5531901,-0.5195323,-0.9885603,-0.5592816,-0.2072,1.991,0.999101,0.01390192,-0.04004848,-0.004600401,0.9746771,0.2235696,0.04214239,-0.2231844,0.9738648,moving,-24.18508,-21.06872,-15.69031,-5.941287,4.847255790232168,0.03605638160900537
05/04/2023 16:18:57.253187,2420,True,True,True,True,Eyes,0.05012147,0.1311605,-3.099777,-0.3798522,-0.3315932,0.863573,0.0,0.0,0.0,0.0,0.0,0.0,0.0,-0.07587228,0.5201197,2.850506,-0.08482227,0.1364483,-2.894107,0.1135141,0.02804679,0.003979925,0.9931325,13.01734,3.331053,0.8393587,0.03501924,0.04156438,-0.9985217,0.0,0.0,0.0,-0.5344437,-0.5219132,-0.9734269,-0.5635588,-0.2071999,1.991,0.9983951,0.0142726,-0.05480481,-0.00153777,0.9741974,0.2256923,0.05661191,-0.2252459,0.9726558,moving,-23.74283,-21.0057,-15.80433,-5.941285,4.86214214540228,0.036752156007393955
05/04/2023 16:18:57.262909,2421,True,True,True,True,Eyes,0.04393624,0.1313548,-3.090414,-0.373104,-0.3320737,0.8663259,0.0,0.0,0.0,0.0,0.0,0.0,0.0,-0.1146185,0.5241708,2.838646,-0.08987745,0.1381014,-2.884208,0.1148687,0.03569975,0.003353051,0.9927335,13.16926,4.219994,0.8743825,0.03313328,0.04163555,-0.998583,0.0,0.0,0.0,-0.5142047,-0.5256742,-0.958299,-0.5681252,-0.2072001,1.990999,0.9974285,0.01485894,-0.07011035,0.001544194,0.9735879,0.2283073,0.07165099,-0.2278285,0.9710614,moving,-23.30029,-20.97246,-15.92593,-5.941292,4.877418349803738,0.038008940219380394
05/04/2023 16:18:57.282888,2422,True,True,True,True,Eyes,0.037829,0.1315827,-3.081054,-0.366052,-0.3326579,0.8691056,0.0,0.0,0.0,0.0,0.0,0.0,0.0,-0.1567168,0.5409251,2.824336,-0.09468891,0.1395489,-2.874994,0.1184027,0.0439896,0.003289817,0.9919854,13.56911,5.197058,0.9987386,0.03124044,0.04171882,-0.9986406,0.0,0.0,0.0,-0.4901827,-0.5386572,-0.9467626,-0.5722286,-0.2071998,1.991,0.9961082,0.01694387,-0.08649501,0.003890074,0.9719399,0.2351969,0.08805311,-0.2346181,0.9680914,moving,-22.83997,-20.94479,-16.03506,-5.941284,4.893396322606102,0.039446021416211785
05/04/2023 16:18:57.302932,2423,True,True,True,True,Eyes,0.03180276,0.1317927,-3.071689,-0.3590189,-0.3334072,0.8717483,0.0,0.0,0.0,0.0,0.0,0.0,0.0,-0.1966052,0.5457202,2.811662,-0.09906242,0.1408582,-2.865703,0.1198592,0.05178933,0.002201024,0.9914367,13.73536,6.09965,0.9897291,0.02934397,0.04181408,-0.9986942,0.0,0.0,0.0,-0.4687333,-0.5427997,-0.932972,-0.5766112,-0.2071998,1.991,0.994626,0.0167792,-0.1021641,0.008050501,0.9712579,0.2378936,0.1032193,-0.2374376,0.9659033,moving,-22.38372,-20.92976,-16.15148,-5.941281,4.909391008301941,0.04110339270268104
05/04/2023 16:18:57.322615,2424,True,True,True,True,Eyes,0.02586549,0.1319866,-3.062307,-0.3517235,-0.3341065,0.8744504,0.0,0.0,0.0,0.0,0.0,0.0,0.0,-0.2381463,0.5474757,2.798817,-0.1032849,0.1405025,-2.856469,0.120528,0.05987719,0.000731761,0.9909023,13.81427,7.029546,0.9372344,0.02744448,0.04191974,-0.9987438,0.0,0.0,0.0,-0.4460788,-0.5453056,-0.9182746,-0.5808825,-0.2072,1.991,0.9928284,0.01588396,-0.1184885,0.01298355,0.9709449,0.2389506,0.1188413,-0.2387753,0.9637755,moving,-21.91109,-20.91066,-16.26483,-5.941289,4.925914928381522,0.04275390466245421
05/04/2023 16:18:57.333242,2425,True,True,True,True,Eyes,0.01999792,0.1321959,-3.052904,-0.3445422,-0.3347316,0.8770663,0.0,0.0,0.0,0.0,0.0,0.0,0.0,-0.2780659,0.5438585,2.786142,-0.1072315,0.1402814,-2.846843,0.1203328,0.06764317,-0.00142581,0.9904254,13.80123,7.910214,0.7938629,0.02554447,0.04203433,-0.9987894,0.0,0.0,0.0,-0.4250287,-0.5437539,-0.9024462,-0.5852903,-0.2072,1.991,0.9908448,0.01345507,-0.1343342,0.01910371,0.971036,0.2381685,0.1336479,-0.2385543,0.9618888,moving,-21.44663,-20.88931,-16.38165,-5.941289,4.9421203263368065,0.044327385870880365
05/04/2023 16:18:57.352815,2426,True,True,True,True,Eyes,0.01424205,0.1324311,-3.043488,-0.3371347,-0.3352266,0.8797519,0.0,0.0,0.0,0.0,0.0,0.0,0.0,-0.3157125,0.5329043,2.774497,-0.1109728,0.1408434,-2.837136,0.1190111,0.07500479,-0.003926937,0.9900482,13.66487,8.735954,0.5942044,0.02364491,0.04215761,-0.998831,0.0,0.0,0.0,-0.4055207,-0.5367822,-0.8855078,-0.5897269,-0.2072,1.991,0.9887177,0.01007709,-0.1494514,0.02562851,0.9716419,0.2350643,0.147582,-0.2362425,0.9604213,moving,-20.96762,-20.85918,-16.4991,-5.941289,4.958730004985916,0.045797692722071404
05/04/2023 16:18:57.362734,2427,True,True,True,True,Eyes,0.008622356,0.1326556,-3.034049,-0.3299124,-0.3356133,0.8823386,0.0,0.0,0.0,0.0,0.0,0.0,0.0,-0.353347,0.521806,2.762435,-0.1141878,0.1416442,-2.827558,0.1177232,0.08233713,-0.006343981,0.9896068,13.53528,9.560088,0.4025063,0.02174836,0.04228966,-0.9988685,0.0,0.0,0.0,-0.3852041,-0.5298346,-0.8691154,-0.5939844,-0.2071999,1.991,0.9863607,0.006829889,-0.1644564,0.03194208,0.972202,0.2319547,0.1614691,-0.2340441,0.9587237,moving,-20.50111,-20.82521,-16.61167,-5.941285,4.974847281996348,0.04714267111299458
05/04/2023 16:18:57.382601,2428,True,True,True,True,Eyes,0.003139812,0.1328808,-3.0246,-0.3224036,-0.3360311,0.8849515,0.0,0.0,0.0,0.0,0.0,0.0,0.0,-0.3925118,0.510891,2.749216,-0.1170366,0.1416783,-2.81771,0.1163317,0.09001323,-0.00783632,0.9890921,13.38754,10.43747,0.3204616,0.01985764,0.04242942,-0.9989018,0.0,0.0,0.0,-0.3620612,-0.5241311,-0.852657,-0.5981323,-0.2071999,1.991,0.9836724,0.005441097,-0.179886,0.03644446,0.9728111,0.2287148,0.1762395,-0.2315363,0.9567291,moving,-20.01758,-20.79262,-16.72122,-5.941287,4.991585961461173,0.048585955378996515
05/04/2023 16:18:57.402747,2429,True,True,True,True,Eyes,-0.002209054,0.1331144,-3.015146,-0.3147721,-0.3364573,0.8875331,0.0,0.0,0.0,0.0,0.0,0.0,0.0,-0.4333399,0.5093224,2.733608,-0.1193634,0.1418554,-2.808102,0.1166232,0.0979892,-0.008720323,0.9882919,13.42807,11.36371,0.3310058,0.01797593,0.04257626,-0.9989313,0.0,0.0,0.0,-0.3369961,-0.5254216,-0.8389722,-0.6025637,-0.2071999,1.991,0.9806442,0.005619172,-0.1957179,0.04009208,0.972646,0.2288065,0.1916499,-0.2322245,0.9535943,moving,-19.52754,-20.76136,-16.83811,-5.941287,5.008572545845971,0.050081919075281145
05/04/2023 16:18:57.412884,2430,True,True,True,True,Eyes,-0.007400025,0.1333604,-3.005694,-0.3068508,-0.3370243,0.8900884,0.0,0.0,0.0,0.0,0.0,0.0,0.0,-0.4717448,0.5075076,2.718022,-0.1213846,0.142362,-2.798705,0.1169385,0.1055268,-0.009679797,0.9874694,13.47313,12.23834,0.3277749,0.0161055,0.04272986,-0.9989566,0.0,0.0,0.0,-0.3133711,-0.5263909,-0.8260556,-0.6069788,-0.2072,1.991,0.9775407,0.005563281,-0.2106728,0.04379729,0.9724634,0.2289034,0.2061451,-0.2329893,0.950379,moving,-19.02122,-20.73874,-16.95443,-5.941288,5.026246812245772,0.05180950904094017
05/04/2023 16:18:57.433152,2431,True,True,True,True,Eyes,-0.01244224,0.1336131,-2.996246,-0.2982997,-0.3374373,0.8928345,0.0,0.0,0.0,0.0,0.0,0.0,0.0,-0.5129331,0.512548,2.700042,-0.1228703,0.1427821,-2.789364,0.1184849,0.1135559,-0.0102605,0.986388,13.65497,13.18137,0.3931445,0.01424934,0.04289009,-0.998978,0.0,0.0,0.0,-0.2868112,-0.5326566,-0.815145,-0.6112476,-0.2072002,1.991,0.9739996,0.00666767,-0.2264519,0.04715099,0.9717121,0.2314139,0.221589,-0.2360745,0.9461327,moving,-18.47469,-20.70356,-17.06677,-5.941294,5.045187513819848,0.053471973330331324
05/04/2023 16:18:57.452962,2432,True,True,True,True,Eyes,-0.01731591,0.1338455,-2.986816,-0.2895206,-0.3380245,0.8954984,0.0,0.0,0.0,0.0,0.0,0.0,0.0,-0.5530161,0.5218165,2.680984,-0.1242777,0.1433837,-2.78025,0.1208195,0.1214517,-0.01048291,0.9851612,13.92194,14.1187,0.5131384,0.01240982,0.04305661,-0.9989952,0.0,0.0,0.0,-0.2605115,-0.5421065,-0.8060465,-0.6155695,-0.2072,1.991,0.9702792,0.008692754,-0.2418321,0.05000218,0.9705855,0.235507,0.2367659,-0.2405997,0.9413043,moving,-17.91636,-20.68006,-17.18036,-5.941288,5.064695708051646,0.05540415884836758
05/04/2023 16:18:57.462691,2433,True,True,True,True,Eyes,-0.02201216,0.1340607,-2.977407,-0.2805166,-0.3386243,0.8981336,0.0,0.0,0.0,0.0,0.0,0.0,0.0,-0.5916535,0.5309475,2.661705,-0.1252716,0.1431769,-2.77136,0.1230405,0.1290364,-0.01116417,0.9839137,14.18205,15.01488,0.578228,0.01059029,0.04322821,-0.9990088,0.0,0.0,0.0,-0.2359276,-0.5515704,-0.797272,-0.6204276,-0.2071999,1.991,0.9664499,0.009784239,-0.2566687,0.05372257,0.9694728,0.2392413,0.2511741,-0.2450036,0.9364213,moving,-17.3453,-20.658,-17.30787,-5.941286,5.084673874366688,0.05741753777306002
05/04/2023 16:18:57.482948,2434,True,True,True,True,Eyes,-0.02653647,0.1342447,-2.968027,-0.2713124,-0.3394134,0.9006597,0.0,0.0,0.0,0.0,0.0,0.0,0.0,-0.6319938,0.5441955,2.640493,-0.126039,0.1430226,-2.762504,0.1261302,0.1369063,-0.01250996,0.9824415,14.55188,15.94175,0.5893196,0.008793207,0.04340391,-0.9990186,0.0,0.0,0.0,-0.2095469,-0.5639854,-0.7902586,-0.6241573,-0.2072002,1.991,0.9622004,0.009955442,-0.2721606,0.05911664,0.9678694,0.2444057,0.2658491,-0.2512565,0.9306957,moving,-16.76427,-20.64891,-17.40565,-5.941293,5.10517105264841,0.05971710532436436
05/04/2023 16:18:57.502996,2435,True,True,True,True,Eyes,-0.03091589,0.134423,-2.95866,-0.261986,-0.3401983,0.9031215,0.0,0.0,0.0,0.0,0.0,0.0,0.0,-0.6724128,0.5556346,2.619117,-0.1266005,0.1424882,-2.753963,0.1289663,0.1447217,-0.01492255,0.9809184,14.91169,16.84789,0.4774791,0.007020768,0.04358238,-0.9990249,0.0,0.0,0.0,-0.1846362,-0.575132,-0.7832702,-0.6284628,-0.2072,1.991,0.9576659,0.008052852,-0.2877694,0.06660406,0.9662901,0.2486916,0.2800714,-0.2573301,0.9248466,moving,-16.17689,-20.64097,-17.5184,-5.941289,5.125908165385971,0.06206528854245924
05/04/2023 16:18:57.512988,2436,True,True,True,True,Eyes,-0.0351199,0.1345873,-2.949307,-0.2524634,-0.3410346,0.9055151,0.0,0.0,0.0,0.0,0.0,0.0,0.0,-0.7137487,0.5621579,2.597555,-0.1269864,0.1425375,-2.745233,0.1311323,0.1527132,-0.01781737,0.9793699,15.20635,17.76636,0.3058805,0.005274989,0.04376319,-0.9990277,0.0,0.0,0.0,-0.1592949,-0.5828971,-0.7753732,-0.6329584,-0.2072,1.991,0.9527224,0.005151668,-0.3037983,0.07495087,0.9649737,0.2514122,0.2944525,-0.262296,0.9189659,moving,-15.57881,-20.63735,-17.63597,-5.941288,5.147079939517726,0.06454016954543507
05/04/2023 16:18:57.532793,2437,True,True,True,True,Eyes,-0.03917361,0.1347535,-2.93995,-0.2429294,-0.3416215,0.9078987,0.0,0.0,0.0,0.0,0.0,0.0,0.0,-0.7532814,0.5638221,2.576562,-0.1270344,0.142356,-2.736348,0.1323583,0.1604373,-0.02015042,0.9779239,15.38706,18.65835,0.1818002,0.003557966,0.04394576,-0.9990273,0.0,0.0,0.0,-0.1338294,-0.5876544,-0.7665273,-0.6372922,-0.2072001,1.991,0.9477077,0.003059269,-0.3191251,0.08188156,0.9641505,0.2524069,0.3084568,-0.2653384,0.9134823,moving,-14.9799,-20.62017,-17.74917,-5.941289,5.168108330344271,0.06676369126766724
05/04/2023 16:18:57.552909,2438,True,True,True,True,Eyes,-0.04304909,0.134912,-2.930593,-0.2332372,-0.3421358,0.9102437,0.0,0.0,0.0,0.0,0.0,0.0,0.0,-0.7909253,0.5571688,2.557042,-0.1271449,0.1425552,-2.727266,0.1321223,0.1679305,-0.02227972,0.9766509,15.40008,19.51955,0.05085386,0.001871257,0.04413007,-0.9990238,0.0,0.0,0.0,-0.1087409,-0.5864791,-0.7557698,-0.6415707,-0.2071999,1.991,0.9426059,0.000855702,-0.3339062,0.08789372,0.9640947,0.2505918,0.3221316,-0.2655575,0.9086861,moving,-14.37203,-20.59987,-17.86078,-5.941287,5.189414826564826,0.06896666240275434
05/04/2023 16:18:57.572895,2439,True,True,True,True,Eyes,-0.04674918,0.1350682,-2.921234,-0.2237107,-0.3422893,0.9125742,0.0,0.0,0.0,0.0,0.0,0.0,0.0,-0.8274428,0.5476664,2.5376,-0.1269108,0.142496,-2.718015,0.1313102,0.175264,-0.02414287,0.9754267,15.34495,20.36377,359.9363,0.0002168299,0.04431583,-0.9990173,0.0,0.0,0.0,-0.08368621,-0.5835027,-0.744325,-0.6460504,-0.2071998,1.991,0.9373993,-0.001071299,-0.3482548,0.09312709,0.9643496,0.2477041,0.335574,-0.2646296,0.9040803,moving,-13.774,-20.56012,-17.97749,-5.941283,5.210124331952677,0.07076219262458577
05/04/2023 16:18:57.583378,2440,True,True,True,True,Eyes,-0.1348473,0.1382762,-2.68719,0.02349198,-0.3338238,0.9423426,0.0,0.0,0.0,0.0,0.0,0.0,0.0,-0.8589933,0.5355437,2.519717,-0.1266394,0.1425375,-2.708744,0.1299525,0.1817602,-0.02559018,0.9743822,15.22138,21.11204,359.8439,-0.001403573,0.04450296,-0.9990081,0.0,0.0,0.0,-0.06112524,-0.5784192,-0.7324727,-0.6501599,-0.2072,1.990999,0.9326167,-0.00262888,-0.3608588,0.09710961,0.964915,0.2439442,0.3475568,-0.2625493,0.9001512,moving,1.42805,-19.50663,-18.08442,-5.941289,5.736015848605746,0.11559599260578685
05/04/2023 16:18:57.602797,2441,True,True,True,True,Eyes,-0.134833,0.1382317,-2.686805,0.02371477,-0.3336198,0.9424094,0.0,0.0,0.0,0.0,0.0,0.0,0.0,-0.8880779,0.5247725,2.501773,-0.1260944,0.141978,-2.699422,0.1286274,0.187865,-0.02626493,0.9733818,15.08642,21.82579,359.8337,-0.008612624,0.04554662,-0.9989249,-0.2642944,0.009623989,0.7021329,-0.03535996,-0.5744666,-0.7225063,-0.65016,-0.2072001,1.991,0.9280338,-0.002802414,-0.3724856,0.09946077,0.9655303,0.2405386,0.358972,-0.2602757,0.8963234,static,1.441485,-19.49434,-18.08442,-5.94129,5.736335836059618,0.1154220997524984
05/04/2023 16:18:57.623200,2442,True,True,True,True,Eyes,-0.1347722,0.1381288,-2.686059,0.02436735,-0.333424,0.9424621,0.0,0.0,0.0,0.0,0.0,0.0,0.0,-0.9149751,0.516595,2.483672,-0.1251784,0.1408267,-2.6902,0.1276203,0.1935558,-0.02661593,0.9723894,14.98087,22.49696,359.8601,-0.01447816,0.0463884,-0.9988183,-0.2484367,0.00904655,0.660005,-0.01073127,-0.5724634,-0.7133742,-0.65016,-0.2072001,1.991,0.9236555,-0.002358816,-0.3832166,0.1011654,0.9660093,0.2378899,0.3696297,-0.2584965,0.8924984,static,1.481052,-19.48275,-18.08442,-5.94129,5.737591822841897,0.11537247331750777
05/04/2023 16:18:57.632618,2443,True,True,True,True,Eyes,-0.1346753,0.1379591,-2.684962,0.02518842,-0.3331583,0.9425343,0.0,0.0,0.0,0.0,0.0,0.0,0.0,-0.9423071,0.5124374,2.463972,-0.1240928,0.1394938,-2.680827,0.1273804,0.1993513,-0.0270925,0.971236,14.96534,23.18399,359.8909,-0.01926578,0.04706788,-0.9987056,-0.2335305,0.008503756,0.6204047,0.01419149,-0.5736272,-0.7054651,-0.6501598,-0.2072001,1.990999,0.9190501,-0.001839531,-0.3941363,0.1034133,0.9660804,0.236631,0.3803321,-0.2582347,0.8880666,static,1.530816,-19.46701,-18.08442,-5.941292,5.739156671848042,0.11528819480880009
05/04/2023 16:18:57.652970,2444,True,True,True,True,Eyes,-0.1345216,0.1377607,-2.683521,0.02633967,-0.3329266,0.9425848,0.0,0.0,0.0,0.0,0.0,0.0,0.0,-0.9642692,0.5112544,2.445489,-0.1228808,0.1375713,-2.671627,0.1275327,0.2041208,-0.02745395,0.9702146,14.99151,23.75263,359.9283,-0.02318455,0.04761546,-0.9985964,-0.2195187,0.007993531,0.5831804,0.0349487,-0.5768145,-0.6981875,-0.65016,-0.2072,1.990999,0.915162,-0.001208296,-0.4030845,0.1053366,0.9659634,0.2362603,0.3890794,-0.258676,0.8841402,static,1.600662,-19.45353,-18.08442,-5.941288,5.7414627690453095,0.11533178266008631
05/04/2023 16:18:57.672444,2445,True,True,True,True,Eyes,-0.1343315,0.137517,-2.681746,0.02826125,-0.3326723,0.942619,0.0,0.0,0.0,0.0,0.0,0.0,0.0,-0.9860049,0.5086173,2.42673,-0.121494,0.136652,-2.662045,0.1277042,0.2088531,-0.02832719,0.9691593,15.03232,24.31019,359.9072,-0.02639965,0.04805636,-0.9984955,-0.2063476,0.007513919,0.5481895,0.05527855,-0.5788336,-0.6906104,-0.6501601,-0.2072,1.991,0.9111559,-0.00156428,-0.4120588,0.1082499,0.9657784,0.235699,0.3975887,-0.2593639,0.8801441,static,1.717306,-19.43913,-18.08442,-5.941288,5.745417379623548,0.11555705371338915
05/04/2023 16:18:57.682730,2446,True,True,True,True,Eyes,-0.1340604,0.1372128,-2.679653,0.03038108,-0.3323807,0.9426559,0.0,0.0,0.0,0.0,0.0,0.0,0.0,-1.005452,0.5014735,2.409797,-0.119789,0.1354471,-2.652704,0.1268072,0.2131729,-0.02846571,0.9683321,14.93478,24.82235,359.9369,-0.02904349,0.04840996,-0.998405,-0.1939667,0.007063084,0.5152981,0.07516925,-0.5771801,-0.6819492,-0.65016,-0.2072,1.991,0.9074941,-0.001064806,-0.4200636,0.1091923,0.9662192,0.2334468,0.405625,-0.2577192,0.8769544,static,1.84596,-19.42266,-18.08442,-5.941288,5.749771682346934,0.1157944791448054
05/04/2023 16:18:57.703043,2447,True,True,True,True,Eyes,-0.1337259,0.1368629,-2.677245,0.03295093,-0.3320857,0.9426735,0.0,0.0,0.0,0.0,0.0,0.0,0.0,-1.01711,0.4955383,2.395221,-0.117675,0.133546,-2.643005,0.1257903,0.2160072,-0.02767813,0.9678594,14.80037,25.16811,0.0454014,-0.03122102,0.04869112,-0.9983255,-0.1823287,0.006639299,0.4843802,0.09010283,-0.5758821,-0.672406,-0.6501599,-0.2072,1.990999,0.9051496,0.0007661163,-0.4250924,0.1079203,0.9668214,0.2315372,0.4111658,-0.2554519,0.8750354,static,2.001945,-19.40638,-18.08442,-5.941289,5.755098020773367,0.11615168241605828
05/04/2023 16:18:57.713030,2448,True,True,True,True,Eyes,-0.1332884,0.1364686,-2.674544,0.03566926,-0.3317193,0.9427035,0.0,0.0,0.0,0.0,0.0,0.0,0.0,-1.031204,0.4899145,2.379704,-0.1150655,0.1318886,-2.633582,0.1249089,0.2192323,-0.02702036,0.9672667,14.684,25.55986,0.1478581,-0.03308136,0.04892182,-0.9982544,-0.171389,0.006240941,0.4553174,0.1070098,-0.5748605,-0.66358,-0.65016,-0.2072,1.990999,0.9024142,0.002496324,-0.4308623,0.1070399,0.9673353,0.2297929,0.417362,-0.2534879,0.87267,static,2.166878,-19.38599,-18.08443,-5.941288,5.760689420828434,0.11646967497766492
05/04/2023 16:18:57.732796,2449,True,True,True,True,Eyes,-0.1327033,0.1360395,-2.671567,0.03863847,-0.3312684,0.9427451,0.0,0.0,0.0,0.0,0.0,0.0,0.0,-1.04187,0.4807328,2.36597,-0.1121778,0.1306238,-2.623883,0.1233963,0.2217659,-0.02647077,0.9668984,14.49906,25.86231,0.2095642,-0.03474456,0.04911982,-0.9981881,-0.1611057,0.005866485,0.4279984,0.1214107,-0.5707528,-0.6532927,-0.65016,-0.2072,1.991,0.9002383,0.003541087,-0.4353831,0.1059193,0.9681453,0.2268828,0.4223174,-0.250364,0.8711865,static,2.346958,-19.36081,-18.08442,-5.941288,5.766757135719568,0.11676203183143258
05/04/2023 16:18:57.752957,2450,True,True,True,True,Eyes,-0.1320066,0.1355569,-2.668318,0.04168491,-0.3307114,0.9428108,0.0,0.0,0.0,0.0,0.0,0.0,0.0,-1.052477,0.4707781,2.352234,-0.1088961,0.1292143,-2.614152,0.1218246,0.2241905,-0.02661646,0.9665346,14.32547,26.14155,0.187597,-0.03622491,0.04928758,-0.9981272,-0.1514393,0.005514496,0.4023185,0.1351812,-0.566237,-0.6427327,-0.6501599,-0.2072,1.991,0.8980604,0.003172366,-0.4398607,0.1060753,0.9689007,0.2235611,0.4268906,-0.2474297,0.8697948,static,2.531595,-19.32943,-18.08442,-5.941289,5.77290749589552,0.1169572223701188
05/04/2023 16:18:57.763216,2451,True,True,True,True,Eyes,-0.1311422,0.1350358,-2.664814,0.04484755,-0.3300881,0.9428841,0.0,0.0,0.0,0.0,0.0,0.0,0.0,-1.061883,0.4588324,2.339172,-0.1054985,0.1274912,-2.604316,0.1198983,0.2263414,-0.02737287,0.9662529,14.12838,26.37735,0.08139676,-0.03753702,0.04942667,-0.9980718,-0.142353,0.005183626,0.3781794,0.1475317,-0.5603306,-0.63135,-0.65016,-0.2072,1.991,0.8960406,0.001377671,-0.4439699,0.1071741,0.9697502,0.219313,0.4308421,-0.2440954,0.868788,static,2.723177,-19.2943,-18.08442,-5.941288,5.779256446222793,0.11711145275645574
05/04/2023 16:18:57.782783,2452,True,True,True,True,Eyes,-0.1301501,0.1344604,-2.661055,0.04802374,-0.3293166,0.9429976,0.0,0.0,0.0,0.0,0.0,0.0,0.0,-1.071604,0.4474796,2.325567,-0.1017074,0.1259577,-2.594345,0.118243,0.2284768,-0.02871787,0.9659152,13.97794,26.60572,359.9146,-0.03869217,0.04953904,-0.9980221,-0.1338118,0.004872608,0.3554886,0.159656,-0.5550886,-0.6201146,-0.6501599,-0.2072001,1.990999,0.8939474,-0.001446488,-0.4481697,0.1095096,0.9703877,0.2153028,0.434587,-0.2415482,0.8676339,static,2.915365,-19.25039,-18.08442,-5.941291,5.785514989950125,0.11710322145653362
05/04/2023 16:18:57.802980,2453,True,True,True,True,Eyes,-0.1289995,0.1338329,-2.657054,0.05134279,-0.3284921,0.9431102,0.0,0.0,0.0,0.0,0.0,0.0,0.0,-1.079105,0.4339651,2.313254,-0.09775744,0.1242075,-2.584367,0.1160154,0.2301844,-0.0296979,0.9657503,13.75412,26.78426,359.7669,-0.03970236,0.04962585,-0.9979782,-0.1257831,0.004580252,0.3341593,0.1706562,-0.5478516,-0.6080044,-0.65016,-0.2071999,1.991,0.8922663,-0.00395166,-0.4514921,0.1107713,0.9713169,0.2104117,0.4377104,-0.2377557,0.8671112,static,3.116098,-19.2036,-18.08443,-5.941287,5.792039975155296,0.1170771863627667
05/04/2023 16:18:57.812808,2454,True,True,True,True,Eyes,-0.09671269,0.116378,-2.55127,0.1343586,-0.3041915,0.9430882,0.0,0.0,0.0,0.0,0.0,0.0,0.0,-1.087044,0.4211296,2.300467,-0.09335321,0.1221192,-2.5744,0.1137769,0.2319462,-0.03028992,0.9655766,13.51924,26.97488,359.6633,-0.04057483,0.049688,-0.99794,-0.1182361,0.004305437,0.3141097,0.1826726,-0.5410606,-0.5960873,-0.65016,-0.2072,1.991,0.8905669,-0.005714233,-0.4548163,0.1112747,0.9722747,0.2056693,0.4410311,-0.2337719,0.8665115,static,8.108176,-17.87702,-18.08442,-5.941288,5.952234571248401,0.11336676688095915
05/04/2023 16:18:57.832549,2455,True,True,True,True,Eyes,-0.09651189,0.1163363,-2.550872,0.1347399,-0.3042972,0.9429997,0.0,0.0,0.0,0.0,0.0,0.0,0.0,-1.094362,0.4106562,2.287579,-0.08891977,0.1198898,-2.564567,0.1118003,0.2336273,-0.03011426,0.9654078,13.29335,27.16739,359.6523,-0.04042568,0.04920637,-0.99797,-0.01428144,-0.04831763,0.612615,0.1949174,-0.5357189,-0.5848361,-0.65016,-0.2071999,1.991,0.8890229,-0.005905897,-0.4578247,0.1103843,0.9731877,0.2017947,0.4443576,-0.2299368,0.865838,static,8.131632,-17.88441,-18.08442,-5.941285,5.953160902285087,0.11360540784613554
05/04/2023 16:18:57.853017,2456,True,True,True,True,Eyes,-0.09611192,0.1163556,-2.5501,0.1352194,-0.304357,0.9429117,0.0,0.0,0.0,0.0,0.0,0.0,0.0,-1.101105,0.4094366,2.273178,-0.08394144,0.118679,-2.554658,0.1117646,0.2351167,-0.0294067,0.9650721,13.27056,27.35524,359.7525,-0.04023652,0.04879735,-0.9979977,-0.01342456,-0.04541857,0.5758581,0.206701,-0.5372866,-0.5760333,-0.65016,-0.2072,1.991,0.8877108,-0.004203739,-0.4603823,0.1093146,0.9732879,0.2018937,0.4472359,-0.2295497,0.8644576,static,8.160928,-17.88926,-18.08442,-5.941287,5.954262043759392,0.11382113485816558
05/04/2023 16:18:57.872661,2457,True,True,True,True,Eyes,-0.09546705,0.1163937,-2.548993,0.1359784,-0.3043942,0.9427906,0.0,0.0,0.0,0.0,0.0,0.0,0.0,-1.108091,0.40296,2.259696,-0.07892872,0.1195856,-2.544786,0.111212,0.2366309,-0.02932549,0.9647683,13.20679,27.53511,359.7674,-0.04001373,0.04845142,-0.9980227,-0.01261908,-0.04269346,0.5413066,0.21829,-0.5344393,-0.5664963,-0.6501601,-0.2072,1.991,0.8862916,-0.003952212,-0.4631107,0.109217,0.9735438,0.200709,0.4500653,-0.2284663,0.8632754,static,8.207155,-17.89346,-18.08443,-5.941288,5.955955556895965,0.11409663127862968
05/04/2023 16:18:57.883211,2458,True,True,True,True,Eyes,-0.09462816,0.11638,-2.547543,0.1368548,-0.3042628,0.9427062,0.0,0.0,0.0,0.0,0.0,0.0,0.0,-1.114801,0.3879699,2.248165,-0.0734792,0.1206353,-2.53527,0.1088075,0.2380499,-0.02863175,0.9647142,12.91867,27.69956,359.7978,-0.0397597,0.0481599,-0.9980464,-0.01186194,-0.04013185,0.5088282,0.2309943,-0.5242059,-0.5550694,-0.6501601,-0.2072,1.991,0.885025,-0.003439697,-0.465531,0.1070461,0.9746823,0.1963047,0.4530695,-0.2235678,0.8629864,static,8.260053,-17.88773,-18.08443,-5.941288,5.9577591723755035,0.1142138366476671
05/04/2023 16:18:57.903146,2459,True,True,True,True,Eyes,-0.09361096,0.1163943,-2.545764,0.1379785,-0.3042858,0.9425349,0.0,0.0,0.0,0.0,0.0,0.0,0.0,-1.12388,0.3745571,2.234769,-0.06803562,0.1193182,-2.525614,0.1066094,0.239904,-0.02952327,0.9644734,12.69783,27.89877,359.6595,-0.0394918,0.04790433,-0.9980689,-0.01115022,-0.03772394,0.4782985,0.2442036,-0.5166822,-0.5437639,-0.65016,-0.2072,1.991,0.8831489,-0.005796781,-0.4690569,0.1081008,0.9755256,0.1914783,0.4564671,-0.2198093,0.862161,static,8.32842,-17.89203,-18.08442,-5.941288,5.960239414500095,0.11458534799218256
05/04/2023 16:18:57.932677,2460,True,True,True,True,Eyes,-0.09240755,0.1165302,-2.543673,0.1391765,-0.3042504,0.9423702,0.0,0.0,0.0,0.0,0.0,0.0,0.0,-1.132055,0.3650325,2.221181,-0.06283367,0.1195973,-2.515987,0.1056603,0.2415709,-0.03113833,0.9641109,12.63743,28.07478,359.472,-0.03921343,0.04767813,-0.9980903,-0.01048121,-0.0354605,0.4496006,0.2554426,-0.51232,-0.5337916,-0.65016,-0.2072,1.991,0.8813478,-0.008992704,-0.4723825,0.1110905,0.9757326,0.1886922,0.4592222,-0.2187807,0.8609588,static,8.401153,-17.89302,-18.08442,-5.941289,5.962832360351674,0.11491320446106568
05/04/2023 16:18:57.942218,2461,True,True,True,True,Eyes,-0.09101409,0.116808,-2.541281,0.140662,-0.3043762,0.942109,0.0,0.0,0.0,0.0,0.0,0.0,0.0,-1.140502,0.3549386,2.207467,-0.05732158,0.12255,-2.506259,0.1052109,0.2432539,-0.0330435,0.9636734,12.64172,28.25242,359.266,-0.03891873,0.04748368,-0.9981107,-0.009852336,-0.03333287,0.4226246,0.266686,-0.5072209,-0.5243082,-0.65016,-0.2072,1.991,0.8794714,-0.01250036,-0.4757877,0.1148722,0.9756776,0.1867019,0.4618816,-0.2188538,0.8595164,static,8.491843,-17.90459,-18.08442,-5.941288,5.96619720893652,0.1155162838141135
05/04/2023 16:18:57.952733,2462,True,True,True,True,Eyes,-0.08943441,0.1172162,-2.538595,0.1422815,-0.3043327,0.9418799,0.0,0.0,0.0,0.0,0.0,0.0,0.0,-1.149614,0.3407436,2.194171,-0.05160904,0.1266758,-2.496677,0.1038889,0.2451433,-0.03374811,0.9633135,12.51536,28.46442,359.1733,-0.03860221,0.04732395,-0.9981303,-0.009261196,-0.0313329,0.3972671,0.2802167,-0.4978747,-0.5143685,-0.6501599,-0.2071999,1.990999,0.8775316,-0.01408469,-0.4793119,0.1159554,0.9761363,0.1836089,0.4652877,-0.2167014,0.8582237,static,8.590222,-17.90627,-18.08442,-5.941288,5.96970878497872,0.11596615234777019
05/04/2023 16:18:57.963219,2463,True,True,True,True,Eyes,-0.08763753,0.1177059,-2.535649,0.1441867,-0.304338,0.9415883,0.0,0.0,0.0,0.0,0.0,0.0,0.0,-1.158927,0.3250492,2.180632,-0.04582661,0.1302489,-2.486938,0.1019078,0.2471713,-0.03342154,0.9630182,12.28649,28.70166,359.1794,-0.03825905,0.04720115,-0.998149,-0.008705524,-0.02945293,0.3734311,0.2954062,-0.486771,-0.5038676,-0.65016,-0.2072001,1.991,0.8755786,-0.01399371,-0.4828728,0.1147485,0.9769956,0.1797565,0.4692492,-0.2127999,0.8570423,static,8.706149,-17.91175,-18.08442,-5.94129,5.973891339289615,0.11656206062843871
05/04/2023 16:18:57.992684,2464,True,True,True,True,Eyes,-0.08567556,0.1182799,-2.532446,0.1462539,-0.3042103,0.9413107,0.0,0.0,0.0,0.0,0.0,0.0,0.0,-1.169325,0.3084318,2.166547,-0.03978927,0.132633,-2.477338,0.09914581,0.2494747,-0.03167418,0.9627716,11.92982,28.98361,359.3253,-0.03788359,0.04711532,-0.998167,-0.008183192,-0.02768575,0.3510252,0.3133175,-0.4741534,-0.4931893,-0.6501601,-0.2072001,1.991,0.8735181,-0.01152126,-0.4866552,0.1104588,0.9783337,0.1751057,0.4740937,-0.2067134,0.8558649,static,8.831579,-17.90966,-18.08443,-5.94129,5.978314545375813,0.11705608009050322
05/04/2023 16:18:58.003010,2465,True,True,True,True,Eyes,-0.08350606,0.1189069,-2.529027,0.1485828,-0.3041407,0.9409684,0.0,0.0,0.0,0.0,0.0,0.0,0.0,-1.181682,0.295096,2.150969,-0.03389918,0.1352138,-2.467932,0.09714663,0.2522124,-0.03016152,0.9623107,11.66474,29.31864,359.4707,-0.03747273,0.04706661,-0.9981844,-0.007692201,-0.02602461,0.3299637,0.3324475,-0.4643663,-0.4839931,-0.6501599,-0.2072001,1.991,0.8709583,-0.009046336,-0.4912736,0.1070527,0.9793056,0.1717562,0.4795532,-0.2021847,0.8539029,static,8.97315,-17.91192,-18.08442,-5.94129,5.983365824019635,0.11770049538306926
05/04/2023 16:18:58.012694,2466,True,True,True,True,Eyes,-0.08119099,0.1195291,-2.525377,0.1510837,-0.3040458,0.9406008,0.0,0.0,0.0,0.0,0.0,0.0,0.0,-1.195674,0.2831821,2.134159,-0.02812597,0.1371155,-2.458632,0.09557685,0.255299,-0.02978802,0.9616654,11.48057,29.6855,359.5036,-0.03702309,0.04705397,-0.9982021,-0.007230669,-0.02446313,0.3101659,0.3519292,-0.4566905,-0.4755361,-0.6501598,-0.2072,1.990999,0.8678703,-0.008490879,-0.4967184,0.1060936,0.9799555,0.1686162,0.4853302,-0.1990356,0.851375,static,9.125173,-17.91324,-18.08442,-5.941288,5.988775924503677,0.11837168141437177
05/04/2023 16:18:58.032977,2467,True,True,True,True,Eyes,-0.07875655,0.1201357,-2.521499,0.1534595,-0.3041605,0.940179,0.0,0.0,0.0,0.0,0.0,0.0,0.0,-1.210308,0.2747669,2.116222,-0.02242477,0.1379082,-2.44933,0.09466525,0.2585448,-0.03002611,0.9608806,11.38789,30.06886,359.4884,-0.03653067,0.04707401,-0.9982197,-0.006796828,-0.02299534,0.2915559,0.3713415,-0.4526371,-0.4679354,-0.6501599,-0.2072,1.990999,0.8645061,-0.008752596,-0.5025462,0.1066534,0.9802738,0.1663978,0.4911765,-0.1974502,0.8483862,static,9.270282,-17.92709,-18.08442,-5.941289,5.994100440102872,0.11924899769138164
05/04/2023 16:18:58.052942,2468,True,True,True,True,Eyes,-0.07619647,0.1207226,-2.517407,0.1559847,-0.3042597,0.9397312,0.0,0.0,0.0,0.0,0.0,0.0,0.0,-1.226653,0.2726687,2.096411,-0.01697885,0.1378492,-2.44022,0.09542695,0.262144,-0.03217256,0.95976,11.53939,30.48444,359.3144,-0.03599723,0.0471233,-0.9982371,-0.006389019,-0.02161562,0.2740625,0.3900291,-0.4558081,-0.4624345,-0.6501601,-0.2072,1.991,0.860491,-0.01172466,-0.5093309,0.1117871,0.9797173,0.1663063,0.4970503,-0.2000416,0.8443485,static,9.424517,-17.94056,-18.08443,-5.941288,5.999743872900012,0.12015797315846677
05/04/2023 16:18:58.072578,2469,True,True,True,True,Eyes,-0.07353301,0.1212877,-2.513094,0.1582831,-0.3043416,0.9393204,0.0,0.0,0.0,0.0,0.0,0.0,0.0,-1.241549,0.2664175,2.077653,-0.01148136,0.137946,-2.431029,0.09517854,0.2655074,-0.03367531,0.958808,11.56023,30.87323,359.1792,-0.03541953,0.04719885,-0.9982545,-0.006005677,-0.02031868,0.2576188,0.4085832,-0.4548973,-0.4557312,-0.65016,-0.2072,1.991,0.8567435,-0.01403508,-0.5155516,0.1151175,0.979614,0.1646338,0.502731,-0.200398,0.8408937,static,9.564944,-17.95242,-18.08442,-5.941288,6.0048769229817305,0.12097797625858708
05/04/2023 16:18:58.082906,2470,True,True,True,True,Eyes,-0.07074593,0.1218358,-2.508578,0.1607758,-0.3043039,0.9389091,0.0,0.0,0.0,0.0,0.0,0.0,0.0,-1.255731,0.258681,2.05909,-0.005874147,0.1379474,-2.421687,0.09442801,0.268786,-0.03453632,0.9579377,11.50644,31.25622,359.0992,-0.03479942,0.04729754,-0.9982719,-0.005645337,-0.01909956,0.2421617,0.4275319,-0.452208,-0.4484673,-0.65016,-0.2072,1.991,0.8531227,-0.01540543,-0.5214828,0.1169291,0.9797812,0.1623465,0.5084381,-0.199478,0.837675,static,9.716902,-17.9577,-18.08442,-5.941288,6.010335189658649,0.12172332232463218
05/04/2023 16:18:58.102782,2471,True,True,True,True,Eyes,-0.06784766,0.1223743,-2.503868,0.1631086,-0.3042045,0.9385388,0.0,0.0,0.0,0.0,0.0,0.0,0.0,-1.27039,0.2472064,2.040413,-0.0003171396,0.1380948,-2.412305,0.0926736,0.2722938,-0.03454199,0.957118,11.31543,31.6708,359.0854,-0.03413635,0.04741682,-0.9982893,-0.005306616,-0.01795359,0.227632,0.4483581,-0.4455295,-0.4405566,-0.6501601,-0.2071999,1.991,0.849326,-0.01565264,-0.5276366,0.1165904,0.9804369,0.158588,0.5148321,-0.1962103,0.8345355,static,9.858961,-17.95884,-18.08443,-5.941287,6.015389505978894,0.12234875978365362
05/04/2023 16:18:58.112828,2472,True,True,True,True,Eyes,-0.06483836,0.1229139,-2.498966,0.1656052,-0.3039943,0.9381697,0.0,0.0,0.0,0.0,0.0,0.0,0.0,-1.283216,0.2371322,2.022508,0.00517353,0.1384058,-2.402963,0.09107893,0.2754372,-0.03407913,0.9563879,11.12714,32.04713,359.1233,-0.03342818,0.04755507,-0.998307,-0.00498822,-0.01687637,0.213974,0.4678687,-0.4393514,-0.4327272,-0.65016,-0.2071999,1.991,0.845946,-0.01501269,-0.5330573,0.1153588,0.9810865,0.1554402,0.5206418,-0.1929869,0.8316779,static,10.01069,-17.95383,-18.08442,-5.941286,6.020708497295338,0.12289971031883662
05/04/2023 16:18:58.132662,2473,True,True,True,True,Eyes,0.01226422,0.1364225,-2.371781,0.2263039,-0.2978238,0.9274091,0.0,0.0,0.0,0.0,0.0,0.0,0.0,-1.294787,0.2271316,2.005031,0.01076514,0.1389559,-2.393488,0.08938723,0.2783363,-0.033156,0.9557404,10.91305,32.39794,359.2054,-0.03267689,0.04771052,-0.9983247,-0.004688927,-0.01586379,0.2011356,0.4868088,-0.4325579,-0.424612,-0.6501598,-0.2072,1.991,0.8428592,-0.01361764,-0.5379618,0.1131365,0.9818212,0.1524049,0.526107,-0.189319,0.8290777,static,13.71317,-17.80366,-18.08442,-5.941289,6.150146327979861,0.13581921959203114
05/04/2023 16:18:58.152718,2474,True,True,True,True,Eyes,0.01249946,0.1364197,-2.371418,0.2265674,-0.2977939,0.9273543,0.0,0.0,0.0,0.0,0.0,0.0,0.0,-1.306421,0.218321,1.987413,0.01626811,0.1394693,-2.384218,0.08803672,0.2812586,-0.03263376,0.9550279,10.7493,32.74942,359.2529,-0.02807826,0.04889351,-0.9984075,0.2269001,0.02561378,0.5706207,0.5053439,-0.4270944,-0.4171056,-0.65016,-0.2072,1.991,0.8396574,-0.01281014,-0.5429654,0.1118544,0.9823691,0.149798,0.5314735,-0.1865121,0.8262864,static,13.72932,-17.80297,-18.08442,-5.941288,6.1507104825088526,0.13587491644893596
05/04/2023 16:18:58.163168,2475,True,True,True,True,Eyes,0.01295186,0.1364255,-2.370719,0.2269457,-0.2980047,0.9271941,0.0,0.0,0.0,0.0,0.0,0.0,0.0,-1.319934,0.2130998,1.968288,0.0219478,0.1394359,-2.375262,0.08753856,0.2845578,-0.03269744,0.9540938,10.69895,33.14571,359.2668,-0.02424192,0.04987825,-0.9984595,0.2132861,0.02407695,0.5363834,0.5249136,-0.4255972,-0.4112144,-0.6501599,-0.2072,1.991,0.8359154,-0.01257328,-0.5487143,0.1122124,0.9825358,0.1484313,0.5372652,-0.1856486,0.8227276,static,13.75366,-17.81766,-18.08442,-5.941287,6.151761217108949,0.13625453464123144
05/04/2023 16:18:58.183045,2476,True,True,True,True,Eyes,0.01360654,0.1364691,-2.369704,0.2276087,-0.2984116,0.9269007,0.0,0.0,0.0,0.0,0.0,0.0,0.0,-1.336563,0.2176657,1.945816,0.02735922,0.1397102,-2.366371,0.08953725,0.2886272,-0.03346545,0.9526582,10.94781,33.64297,359.2952,-0.0210185,0.05070242,-0.9984911,0.200489,0.02263234,0.5042004,0.5460297,-0.4339722,-0.4089265,-0.6501598,-0.2072,1.991,0.8311489,-0.01207649,-0.5559189,0.115448,0.9817263,0.1512787,0.5439333,-0.1899148,0.8173549,static,13.79651,-17.84573,-18.08442,-5.941288,6.153639160464382,0.1369643587721756
05/04/2023 16:18:58.203056,2477,True,True,True,True,Eyes,0.0144193,0.1365191,-2.368364,0.2283792,-0.2991531,0.926472,0.0,0.0,0.0,0.0,0.0,0.0,0.0,-1.353714,0.2236556,1.922923,0.03276417,0.1407138,-2.357821,0.09205671,0.2928277,-0.03427184,0.9511061,11.25541,34.16031,359.3411,-0.01828705,0.05139773,-0.9985095,0.1884596,0.0212744,0.4739484,0.5674173,-0.4437636,-0.407885,-0.65016,-0.2071999,1.991,0.8261547,-0.01127881,-0.5633304,0.1191058,0.980702,0.1550399,0.5507106,-0.1951829,0.8115549,static,13.84757,-17.895,-18.08442,-5.941285,6.1560785722341,0.1381075882304909
05/04/2023 16:18:58.212871,2478,True,True,True,True,Eyes,0.01542327,0.1365711,-2.366735,0.2294092,-0.3001542,0.9258935,0.0,0.0,0.0,0.0,0.0,0.0,0.0,-1.369797,0.2302751,1.900178,0.03810786,0.1409863,-2.349195,0.09446299,0.2968619,-0.03470237,0.9496029,11.53744,34.66224,359.4256,-0.01585112,0.05201402,-0.9985192,0.1771521,0.01999793,0.4455115,0.5883064,-0.4538474,-0.4067289,-0.65016,-0.2072,1.991,0.8213374,-0.009822008,-0.5703581,0.1219919,0.979745,0.158801,0.5572457,-0.2000083,0.8058995,static,13.91596,-17.96155,-18.08442,-5.941288,6.159353037686432,0.13964931506253508
05/04/2023 16:18:58.232836,2479,True,True,True,True,Eyes,0.01657974,0.1366318,-2.364815,0.2307701,-0.3011388,0.9252354,0.0,0.0,0.0,0.0,0.0,0.0,0.0,-1.38627,0.2420992,1.876206,0.04359644,0.1411712,-2.340658,0.09805982,0.3009844,-0.03510371,0.9479243,11.94882,35.1852,359.5594,-0.01361579,0.0525746,-0.9985229,0.1665229,0.01879806,0.4187808,0.6092153,-0.468855,-0.4073543,-0.65016,-0.2072,1.990999,0.8163523,-0.007522377,-0.5775052,0.1255803,0.978304,0.1647752,0.5637363,-0.2070379,0.7995854,static,14.00484,-18.02865,-18.08442,-5.941288,6.163361431024337,0.14128850000357362
05/04/2023 16:18:58.252893,2480,True,True,True,True,Eyes,0.01790601,0.1366969,-2.362633,0.2323726,-0.3022555,0.9244699,0.0,0.0,0.0,0.0,0.0,0.0,0.0,-1.402631,0.2513527,1.852287,0.04884657,0.1414499,-2.332193,0.1011418,0.3051986,-0.03550997,0.9462363,12.3031,35.71859,359.6795,-0.0115544,0.05308618,-0.9985219,0.1565316,0.01767017,0.3936539,0.6303904,-0.4816842,-0.4078151,-0.6501598,-0.2072,1.991,0.8111857,-0.005464947,-0.5847632,0.1289383,0.9770188,0.169733,0.570397,-0.2130833,0.7932482,static,14.10943,-18.10516,-18.08442,-5.941288,6.168047098685377,0.1431713614235834
05/04/2023 16:18:58.272480,2481,True,True,True,True,Eyes,0.01938866,0.1367612,-2.360191,0.2342095,-0.3031786,0.9237038,0.0,0.0,0.0,0.0,0.0,0.0,0.0,-1.418665,0.2566453,1.828672,0.05410718,0.1417383,-2.323683,0.103398,0.3094208,-0.03600807,0.9446011,12.56946,36.24813,359.7629,-0.009642562,0.05355445,-0.9985172,0.1471397,0.01660996,0.3700347,0.651804,-0.491155,-0.4074562,-0.65016,-0.2072,1.990999,0.8059244,-0.004039539,-0.5920047,0.1320135,0.9760246,0.1730564,0.577112,-0.217623,0.7871353,static,14.22778,-18.1709,-18.08442,-5.941289,6.17308365689191,0.14491028337921613
05/04/2023 16:18:58.283143,2482,True,True,True,True,Eyes,0.02103448,0.1368346,-2.357494,0.2362812,-0.3041349,0.9228614,0.0,0.0,0.0,0.0,0.0,0.0,0.0,-1.433749,0.2600197,1.805398,0.05929363,0.1416405,-2.31498,0.1051936,0.3135185,-0.03661053,0.9430271,12.78875,36.75943,359.8185,-0.007858506,0.05398437,-0.9985098,0.1383113,0.01561336,0.3478326,0.6726843,-0.4991318,-0.4063461,-0.6501598,-0.2072,1.991,0.8007317,-0.003089155,-0.5990152,0.1350098,0.975188,0.1754447,0.5836105,-0.2213571,0.7812809,static,14.36101,-18.23997,-18.08442,-5.941288,6.178690551110469,0.1467750666119207
05/04/2023 16:18:58.302908,2483,True,True,True,True,Eyes,0.02283516,0.136906,-2.354553,0.2384844,-0.3047853,0.9220797,0.0,0.0,0.0,0.0,0.0,0.0,0.0,-1.449017,0.2566842,1.782514,0.0646635,0.1421181,-2.30619,0.1057581,0.3177244,-0.03761367,0.9415157,12.88808,37.27097,359.787,-0.006182572,0.05438079,-0.9985001,0.1300126,0.01467656,0.3269626,0.6943539,-0.5015917,-0.4038634,-0.6501601,-0.2071999,1.991,0.7952728,-0.003623869,-0.6062409,0.1380316,0.9748008,0.1752442,0.5903292,-0.2230474,0.7757329,static,14.50107,-18.29085,-18.08443,-5.941287,6.184307910640998,0.1483269710221094
05/04/2023 16:18:58.316191,2484,True,True,True,True,Eyes,0.02477528,0.1369613,-2.351369,0.2409759,-0.3054073,0.9212258,0.0,0.0,0.0,0.0,0.0,0.0,0.0,-1.465426,0.2515932,1.758409,0.06996746,0.1421325,-2.29732,0.1057554,0.3223612,-0.03832807,0.9399097,12.91539,37.83517,359.7727,-0.004596244,0.0547478,-0.9984887,0.1222118,0.01379597,0.3073449,0.7181532,-0.502322,-0.4014687,-0.6501602,-0.2071999,1.991,0.7892284,-0.003866983,-0.6140875,0.1402327,0.9746935,0.1740901,0.5978739,-0.223512,0.7697982,static,14.65907,-18.34153,-18.08443,-5.941286,6.190559173312684,0.14995139360570026
05/04/2023 16:18:58.332780,2485,True,True,True,True,Eyes,0.02680873,0.1369992,-2.347919,0.2436784,-0.3057458,0.9204022,0.0,0.0,0.0,0.0,0.0,0.0,0.0,-1.481789,0.2467605,1.73374,0.07511654,0.1418096,-2.288381,0.1054583,0.3271528,-0.03826521,0.9382886,12.88164,38.42562,359.8351,-0.003085042,0.05508813,-0.9984758,0.1148791,0.01296821,0.2889042,0.7431173,-0.5022199,-0.3992755,-0.65016,-0.2071999,1.991,0.7830136,-0.002805623,-0.6219983,0.1408096,0.9748287,0.1728635,0.6058568,-0.2229378,0.7636991,static,14.82895,-18.37583,-18.08442,-5.941286,6.197023128054437,0.15131843173927506
05/04/2023 16:18:58.353197,2486,True,True,True,True,Eyes,0.02897392,0.1370168,-2.344241,0.2466253,-0.3060677,0.91951,0.0,0.0,0.0,0.0,0.0,0.0,0.0,-1.496368,0.2427898,1.709852,0.08020832,0.1414251,-2.279303,0.1052073,0.3315928,-0.03790905,0.9367713,12.84128,38.97701,359.9264,-0.001637004,0.05540445,-0.9984618,0.1079864,0.01219012,0.2715699,0.7667527,-0.5022801,-0.3967462,-0.6501601,-0.2072,1.991,0.7772183,-0.001252283,-0.6292299,0.1407962,0.9749886,0.1719695,0.6132767,-0.222251,0.7579553,static,15.01415,-18.41051,-18.08443,-5.941289,6.204035429337733,0.15275775058849156
05/04/2023 16:18:58.362848,2487,True,True,True,True,Eyes,0.03125599,0.1370009,-2.340337,0.2496621,-0.3061669,0.918657,0.0,0.0,0.0,0.0,0.0,0.0,0.0,-1.509879,0.2403568,1.686374,0.08546381,0.1410033,-2.270282,0.1051147,0.3357873,-0.03711412,0.9353184,12.80046,39.50482,0.06847019,-0.0002400017,0.05569884,-0.9984468,0.1015072,0.01145871,0.2552757,0.7897817,-0.5029234,-0.3943782,-0.6501598,-0.2071999,1.990999,0.7717389,0.001165332,-0.6359384,0.1400194,0.9751469,0.1717066,0.6203334,-0.2215564,0.7523956,static,15.20398,-18.43203,-18.08442,-5.941288,6.2110442570272415,0.1539693858881629
05/04/2023 16:18:58.382996,2488,True,True,True,True,Eyes,0.03367024,0.1369459,-2.33622,0.2528984,-0.3063124,0.9177228,0.0,0.0,0.0,0.0,0.0,0.0,0.0,-1.521498,0.2397796,1.663667,0.09055353,0.1401788,-2.261059,0.1050054,0.339634,-0.03550447,0.9340034,12.72476,39.9986,0.2939413,0.001117058,0.05597278,-0.9984308,0.09541677,0.01077119,0.2399592,0.8118267,-0.5037363,-0.3916046,-0.65016,-0.2072,1.991,0.7667764,0.005004216,-0.6418949,0.1376494,0.9754266,0.1720337,0.6269823,-0.2202678,0.7472452,static,15.4067,-18.45769,-18.08442,-5.941287,6.218563145923656,0.15531364697795536
05/04/2023 16:18:58.403065,2489,True,True,True,True,Eyes,0.0362364,0.1368448,-2.331918,0.2561035,-0.3064453,0.9167892,0.0,0.0,0.0,0.0,0.0,0.0,0.0,-1.533399,0.2409218,1.640178,0.09601793,0.1392332,-2.251873,0.1054518,0.3435155,-0.03430666,0.9325773,12.72392,40.49804,0.4970153,0.002443764,0.05622713,-0.9984142,0.08969177,0.01012492,0.2255616,0.8338071,-0.5068969,-0.3896431,-0.65016,-0.2072,1.991,0.7616403,0.008461422,-0.6479448,0.1364358,0.9754059,0.1731141,0.6334741,-0.2202535,0.7417541,static,15.60761,-18.48268,-18.08442,-5.941288,6.226009282483668,0.15663761824206568
05/04/2023 16:18:58.422864,2490,True,True,True,True,Eyes,0.03891965,0.1367006,-2.327418,0.2595169,-0.306652,0.9157596,0.0,0.0,0.0,0.0,0.0,0.0,0.0,-1.54571,0.2437029,1.615709,0.1014426,0.1380882,-2.242714,0.1063525,0.3475768,-0.03333275,0.9310041,12.77956,41.02284,0.6971291,0.003750025,0.05646233,-0.9983969,0.08431026,0.009517421,0.2120279,0.8560802,-0.5120891,-0.3886616,-0.6501602,-0.2072,1.991,0.7561585,0.01186552,-0.6542809,0.1359972,0.9751562,0.1748579,0.6401008,-0.2212007,0.735759,static,15.82219,-18.51368,-18.08443,-5.941288,6.234016986171806,0.15813268223670407
05/04/2023 16:18:58.433104,2491,True,True,True,True,Eyes,0.04169379,0.1365039,-2.322691,0.2630188,-0.3068514,0.9146931,0.0,0.0,0.0,0.0,0.0,0.0,0.0,-1.558075,0.2465546,1.590473,0.106815,0.1369036,-2.233347,0.107319,0.3517846,-0.03243716,0.9293428,12.84381,41.56702,0.8942123,0.0050439,0.05667905,-0.9983789,0.07925164,0.008946376,0.1993063,0.878771,-0.5175676,-0.387955,-0.65016,-0.2072001,1.990999,0.7503909,0.01521583,-0.6608193,0.1357968,0.974861,0.1766504,0.6468948,-0.222294,0.7294605,static,16.04252,-18.54502,-18.08443,-5.941291,6.242233014432804,0.15965858518039544
05/04/2023 16:18:58.453118,2492,True,True,True,True,Eyes,0.04458819,0.1362411,-2.317783,0.2667183,-0.3070941,0.9135396,0.0,0.0,0.0,0.0,0.0,0.0,0.0,-1.56789,0.2489695,1.564432,0.111096,0.1355187,-2.221937,0.108392,0.3559498,-0.03200926,0.9276456,12.93738,42.10344,1.045175,0.006331014,0.05687745,-0.9983604,0.07449654,0.008409593,0.1873479,0.8997475,-0.5237033,-0.385317,-0.65016,-0.2072,1.990999,0.7445502,0.0177777,-0.6673296,0.1365507,0.9744532,0.1783113,0.6534514,-0.223886,0.7231018,static,16.27577,-18.58051,-18.08442,-5.941289,6.250960295657113,0.16131742943941663
05/04/2023 16:18:58.463071,2493,True,True,True,True,Eyes,0.04752495,0.1359152,-2.312597,0.2704135,-0.307219,0.9124106,0.0,0.0,0.0,0.0,0.0,0.0,0.0,-1.579899,0.2493335,1.538866,0.1165777,0.1336981,-2.21244,0.1089323,0.3602136,-0.03181503,0.9259415,12.98232,42.64535,1.150185,0.007618106,0.05705702,-0.9983411,0.07002675,0.007905018,0.176107,0.9223298,-0.5281609,-0.3842098,-0.6501601,-0.2072,1.991,0.7384679,0.01956009,-0.6740049,0.1373955,0.9742431,0.1788095,0.6601421,-0.2246503,0.7167598,static,16.50838,-18.60896,-18.08443,-5.941289,6.259575143466069,0.162841221153109
05/04/2023 16:18:58.482804,2494,True,True,True,True,Eyes,0.05057044,0.1355054,-2.307238,0.2742953,-0.307318,0.9112177,0.0,0.0,0.0,0.0,0.0,0.0,0.0,-1.591692,0.2467097,1.513686,0.1220709,0.1317989,-2.203026,0.1089016,0.3644734,-0.03204177,0.9242689,12.98321,43.17715,1.185061,0.008907239,0.05721753,-0.9983213,0.06582514,0.007430716,0.1655406,0.9447879,-0.5304724,-0.3825166,-0.6501601,-0.2071999,1.991,0.7322649,0.02015302,-0.6807218,0.1386139,0.9742275,0.1779519,0.6667641,-0.2246654,0.7105991,static,16.75288,-18.63723,-18.08443,-5.941285,6.2686095152091905,0.16441218349191616
05/04/2023 16:18:58.502977,2495,True,True,True,True,Eyes,0.05371317,0.1350045,-2.301688,0.2785995,-0.3071557,0.9099657,0.0,0.0,0.0,0.0,0.0,0.0,0.0,-1.603247,0.2428846,1.488397,0.1275876,0.1293734,-2.193559,0.1084154,0.3687736,-0.03219857,0.9226134,12.93226,43.71064,1.20803,0.0102038,0.05735773,-0.9983009,0.06187563,0.006984873,0.1556082,0.9676498,-0.531469,-0.3804671,-0.65016,-0.2071999,1.991,0.7259386,0.02054779,-0.6874525,0.1393751,0.9744188,0.176303,0.6734893,-0.2237989,0.7045043,static,17.02275,-18.65193,-18.08442,-5.941285,6.278370974742665,0.16583593815573205
05/04/2023 16:18:58.513363,2496,True,True,True,True,Eyes,0.05695504,0.1344273,-2.295958,0.2830683,-0.3069666,0.9086494,0.0,0.0,0.0,0.0,0.0,0.0,0.0,-1.613804,0.2380095,1.462987,0.1329413,0.1266393,-2.183491,0.1076813,0.3730228,-0.03253121,0.920978,12.86261,44.234,1.199833,0.01151212,0.05747617,-0.9982798,0.0581631,0.006565781,0.1462717,0.9900805,-0.5318137,-0.3775362,-0.6501598,-0.2072,1.990999,0.7195915,0.02041407,-0.6940975,0.1402562,0.9746929,0.1740744,0.6800854,-0.2226139,0.6985176,static,17.30319,-18.66637,-18.08442,-5.941289,6.288504109308432,0.16729974728119323
05/04/2023 16:18:58.532799,2497,True,True,True,True,Eyes,0.06028791,0.1337995,-2.290047,0.2879699,-0.306612,0.9072278,0.0,0.0,0.0,0.0,0.0,0.0,0.0,-1.624301,0.233502,1.437375,0.1385751,0.1241273,-2.173548,0.107108,0.3772551,-0.032894,0.9193065,12.81179,44.75764,1.194931,0.0128363,0.05757213,-0.9982581,0.05467331,0.006171834,0.1374954,1.01259,-0.5325935,-0.3750665,-0.65016,-0.2071999,1.991,0.7131932,0.02033478,-0.7006726,0.1412935,0.9748917,0.1721114,0.6865798,-0.2217491,0.692413,static,17.61035,-18.6735,-18.08442,-5.941286,6.299492012056675,0.16873975835098826
05/04/2023 16:18:58.553097,2498,True,True,True,True,Eyes,0.06372508,0.1331367,-2.283954,0.2930404,-0.3061907,0.9057453,0.0,0.0,0.0,0.0,0.0,0.0,0.0,-1.633747,0.2257487,1.412403,0.1436873,0.122314,-2.163185,0.1060479,0.3814493,-0.03363085,0.9176705,12.72612,45.26815,1.126664,0.01417974,0.05764607,-0.9982357,0.05139291,0.005801524,0.1292456,1.034323,-0.5308261,-0.3715666,-0.65016,-0.2072001,1.991,0.7067308,0.0191797,-0.7072226,0.1426279,0.9752457,0.1689771,0.6929566,-0.220291,0.6865005,static,17.92821,-18.67802,-18.08442,-5.941293,6.310826249885411,0.1701762035007397
05/04/2023 16:18:58.562695,2499,True,True,True,True,Eyes,0.067245,0.1324579,-2.277679,0.2984202,-0.3057782,0.9041266,0.0,0.0,0.0,0.0,0.0,0.0,0.0,-1.644195,0.2182285,1.385933,0.1495015,0.1205936,-2.152886,0.1049389,0.3859166,-0.03402342,0.9159141,12.62039,45.81709,1.09628,0.01554571,0.05769901,-0.9982123,0.04830934,0.005453432,0.1214909,1.058095,-0.5287161,-0.368909,-0.65016,-0.2071999,1.990999,0.6998216,0.01867025,-0.7140737,0.1433204,0.9756604,0.1659696,0.6997921,-0.2184904,0.6801124,static,18.26623,-18.68568,-18.08443,-5.941288,6.322915719128762,0.17175738807501822
05/04/2023 16:18:58.582624,2500,True,True,True,True,Eyes,0.07085671,0.131763,-2.271235,0.3040002,-0.305334,0.9024162,0.0,0.0,0.0,0.0,0.0,0.0,0.0,-1.654857,0.2086599,1.358486,0.1550205,0.1195818,-2.142252,0.1036306,0.3907086,-0.0346815,0.9140048,12.5058,46.40345,1.031832,0.01693691,0.05773274,-0.9981877,0.04541078,0.005126227,0.1142014,1.082706,-0.5252277,-0.3664876,-0.65016,-0.2072,1.991,0.692288,0.01758064,-0.7214072,0.1443769,0.9761158,0.1623371,0.7070309,-0.2165385,0.6732151,static,18.61731,-18.69333,-18.08442,-5.941287,6.335468386796103,0.17339391340183635
05/04/2023 16:18:58.602845,2501,True,True,True,True,Eyes,0.0745676,0.1310533,-2.26465,0.3097528,-0.3049306,0.9005945,0.0,0.0,0.0,0.0,0.0,0.0,0.0,-1.666684,0.20115,1.328822,0.1604961,0.1185902,-2.131723,0.102545,0.3960434,-0.03465071,0.9118298,12.38347,47.06917,1.057912,0.01835597,0.05774882,-0.9981617,0.04268613,0.004818653,0.1073494,1.109777,-0.5224562,-0.3660378,-0.6501601,-0.2072,1.991,0.6838979,0.01803347,-0.7293549,0.1444157,0.9765677,0.1595608,0.7151418,-0.2144536,0.6652682,static,18.98027,-18.70549,-18.08443,-5.941288,6.348500000024594,0.1751657251005535
05/04/2023 16:18:58.622623,2502,True,True,True,True,Eyes,0.07836153,0.1303526,-2.257908,0.3156654,-0.3046233,0.8986434,0.0,0.0,0.0,0.0,0.0,0.0,0.0,-1.677462,0.1969545,1.299376,0.1660407,0.1174904,-2.121244,0.1021524,0.4011375,-0.03438465,0.9096546,12.32359,47.71566,1.13771,0.01980584,0.0577486,-0.998134,0.04012496,0.004529534,0.1009084,1.135743,-0.5224515,-0.3662872,-0.65016,-0.2072,1.991,0.6758128,0.01939798,-0.736818,0.1445106,0.9767652,0.1582608,0.7227682,-0.2134327,0.6573072,static,19.35479,-18.7257,-18.08442,-5.941287,6.362044325335234,0.17713800422271375
05/04/2023 16:18:58.633177,2503,True,True,True,True,Eyes,0.08219015,0.1297225,-2.250979,0.3216831,-0.3044477,0.8965666,0.0,0.0,0.0,0.0,0.0,0.0,0.0,-1.688176,0.196442,1.268805,0.1714953,0.1170637,-2.110753,0.1030328,0.4063476,-0.03429618,0.907243,12.4052,48.39166,1.261664,0.02128813,0.05773442,-0.9981043,0.03771747,0.004257762,0.09485389,1.161245,-0.5269453,-0.3685226,-0.6501601,-0.2072,1.991,0.6674107,0.02150435,-0.7443793,0.1459642,0.976416,0.1590792,0.7302448,-0.2148239,0.6485317,static,19.7377,-18.75598,-18.08442,-5.941289,6.376014647455687,0.1793352425943333
05/04/2023 16:18:58.652828,2504,True,True,True,True,Eyes,0.08609806,0.1291597,-2.243917,0.3278549,-0.30434,0.8943647,0.0,0.0,0.0,0.0,0.0,0.0,0.0,-1.698751,0.1933535,1.238644,0.1769812,0.1181911,-2.100497,0.1037698,0.4115727,-0.0344495,0.9047945,12.48228,49.06779,1.354419,0.02280208,0.05771115,-0.9980722,0.0,0.0,0.0,1.18663,-0.5293891,-0.3710549,-0.65016,-0.2072,1.991,0.6588423,0.02307817,-0.751927,0.147757,0.9760901,0.1594237,0.7376277,-0.2161376,0.6396795,static,20.13185,-18.79273,-18.08442,-5.941288,6.3904661912202485,0.1817018884352819
05/04/2023 16:18:58.662603,2505,True,True,True,True,Eyes,0.09008951,0.1286416,-2.236726,0.3341386,-0.3042592,0.8920637,0.0,0.0,0.0,0.0,0.0,0.0,0.0,-1.709372,0.1874706,1.20818,0.1826084,0.1192576,-2.09027,0.1042142,0.4169011,-0.03541037,0.9022634,12.56709,49.74832,1.349986,0.02434977,0.05768292,-0.9980373,0.0,0.0,0.0,1.211991,-0.5310795,-0.3735422,-0.65016,-0.2072,1.991,0.6498793,0.02299509,-0.7596896,0.150793,0.975771,0.1585321,0.7449285,-0.2175826,0.6306658,static,20.53435,-18.83314,-18.08442,-5.941289,6.405260614072282,0.18417283422524322
05/04/2023 16:18:58.682845,2506,True,True,True,True,Eyes,0.09416132,0.128276,-2.229404,0.3406483,-0.3042201,0.8896116,0.0,0.0,0.0,0.0,0.0,0.0,0.0,-1.721358,0.1766106,1.17593,0.1883742,0.1196737,-2.080209,0.103899,0.422806,-0.03760423,0.8994588,12.63294,50.48473,1.186838,0.02593275,0.05765249,-0.9979991,0.0,0.0,0.0,1.239067,-0.5310476,-0.3765871,-0.6501601,-0.2072,1.991,0.6396421,0.02021131,-0.7684072,0.1555051,0.9755818,0.1551071,0.752779,-0.2187043,0.6208803,static,20.95274,-18.87913,-18.08442,-5.941288,6.420689881791608,0.18681622903761286
05/04/2023 16:18:58.703107,2507,True,True,True,True,Eyes,0.09833114,0.128069,-2.221998,0.3471938,-0.3040822,0.8871248,0.0,0.0,0.0,0.0,0.0,0.0,0.0,-1.7347,0.1640834,1.140328,0.1943557,0.1223389,-2.069713,0.1041899,0.4294878,-0.04032052,0.8961356,12.78956,51.32716,1.012447,0.02755257,0.05762714,-0.9979572,0.0,0.0,0.0,1.26851,-0.5316411,-0.3820459,-0.65016,-0.2072,1.991,0.6278289,0.01723124,-0.7781607,0.1617619,0.9750375,0.1521021,0.7613567,-0.2213708,0.6093694,static,21.37387,-18.92032,-18.08442,-5.941287,6.436155177306965,0.18938104788433813
05/04/2023 16:18:58.713168,2508,True,True,True,True,Eyes,0.1025911,0.1280105,-2.214475,0.3539851,-0.3038614,0.8845128,0.0,0.0,0.0,0.0,0.0,0.0,0.0,-1.746798,0.1440497,1.107395,0.2000565,0.1264276,-2.059701,0.102007,0.4359763,-0.04185285,0.8931783,12.63355,52.12784,0.8327096,0.02921133,0.05761366,-0.9979108,0.0,0.0,0.0,1.299021,-0.5204152,-0.3853087,-0.65016,-0.2072,1.991,0.6163461,0.01418114,-0.7873476,0.1637094,0.9756858,0.1457272,0.7702705,-0.2187146,0.5990386,static,21.81146,-18.95941,-18.08442,-5.941289,6.452177653977779,0.19197637778037868
05/04/2023 16:18:58.733158,2509,True,True,True,True,Eyes,0.1069291,0.1280687,-2.206877,0.360765,-0.3035254,0.8818849,0.0,0.0,0.0,0.0,0.0,0.0,0.0,-1.759142,0.1244905,1.071941,0.2061817,0.1300023,-2.049323,0.09993665,0.4428605,-0.04347618,0.8899422,12.49671,52.98403,0.6533915,0.03091045,0.05761787,-0.9978594,0.0,0.0,0.0,1.331217,-0.5103335,-0.3898092,-0.65016,-0.2071999,1.991,0.6039687,0.01113342,-0.7969302,0.1658986,0.976245,0.1393679,0.7795509,-0.2163834,0.5877744,static,22.24868,-18.99234,-18.08442,-5.941287,6.468108491985735,0.19445434454438826
05/04/2023 16:18:58.753031,2510,True,True,True,True,Eyes,0.1113486,0.1281868,-2.199199,0.367782,-0.3031363,0.8791159,0.0,0.0,0.0,0.0,0.0,0.0,0.0,-1.770341,0.1044544,1.037969,0.2118767,0.1327679,-2.039578,0.09688264,0.449528,-0.0442788,0.8868923,12.21954,53.81075,0.5019369,0.03265116,0.05764352,-0.9978024,0.0,0.0,0.0,1.36318,-0.4967075,-0.3939833,-0.65016,-0.2072,1.991,0.591928,0.008561869,-0.8059454,0.165644,0.9773063,0.1320398,0.788786,-0.211658,0.5770767,static,22.70221,-19.02519,-18.08442,-5.941288,6.484616935551736,0.19700015466950438
05/04/2023 16:18:58.762914,2511,True,True,True,True,Eyes,0.1158499,0.1283469,-2.19147,0.3747304,-0.3029326,0.8762471,0.0,0.0,0.0,0.0,0.0,0.0,0.0,-1.781085,0.09055987,1.003042,0.2180965,0.1346474,-2.02999,0.09538715,0.4560367,-0.04516897,0.8836807,12.10952,54.63792,0.4201746,0.0344345,0.05769148,-0.9977397,0.0,0.0,0.0,1.394002,-0.4902722,-0.4001312,-0.6501599,-0.2072,1.990999,0.5799806,0.007170189,-0.8145988,0.16683,0.9777221,0.1273861,0.7973646,-0.209781,0.5658636,static,23.15416,-19.07109,-18.08442,-5.941289,6.501235654682877,0.1997845487065798
05/04/2023 16:18:58.783007,2512,True,True,True,True,Eyes,0.1204144,0.1285307,-2.18369,0.3818684,-0.3027956,0.8732076,0.0,0.0,0.0,0.0,0.0,0.0,0.0,-1.791341,0.08116184,0.9677321,0.2241443,0.1357739,-2.020723,0.09508613,0.4624885,-0.04623821,0.8802984,12.13276,55.47357,0.3836077,0.03626148,0.05776171,-0.9976709,0.0,0.0,0.0,1.423481,-0.4895125,-0.4081697,-0.65016,-0.2071999,1.991,0.5679329,0.006545625,-0.8230489,0.1693593,0.9776413,0.124639,0.8054624,-0.2101776,0.5541261,static,23.62057,-19.12463,-18.08442,-5.941286,6.518464742710545,0.20277403363561464
05/04/2023 16:18:58.802921,2513,True,True,True,True,Eyes,0.1250518,0.1287028,-2.175881,0.3888727,-0.3028129,0.8701048,0.0,0.0,0.0,0.0,0.0,0.0,0.0,-1.801125,0.07535791,0.9325359,0.2301903,0.1365562,-2.011894,0.09545953,0.4688103,-0.0468919,0.8768726,12.20315,56.30694,0.4260787,0.03813208,0.05785333,-0.9975959,0.0,0.0,0.0,1.452216,-0.4915365,-0.4175691,-0.65016,-0.2072,1.991,0.5560361,0.00726839,-0.8311264,0.1717412,0.9773773,0.1234449,0.8132213,-0.2113785,0.5422088,static,24.08113,-19.18886,-18.08442,-5.941289,6.535622541356932,0.20593958613168506
05/04/2023 16:18:58.812974,2514,True,True,True,True,Eyes,0.1297513,0.1288569,-2.168041,0.3960168,-0.3028782,0.8668538,0.0,0.0,0.0,0.0,0.0,0.0,0.0,-1.809962,0.07082012,0.8977541,0.2361111,0.1361244,-2.003163,0.0959056,0.4749598,-0.04763015,0.8734683,12.28566,57.12126,0.4630015,0.04004707,0.05796391,-0.9975144,0.0,0.0,0.0,1.479911,-0.4951138,-0.4270215,-0.6501601,-0.2072,1.990999,0.5442892,0.007895768,-0.8388606,0.1743094,0.977067,0.1222962,0.8205886,-0.2127858,0.5304307,static,24.553,-19.25938,-18.08443,-5.941289,6.55326175082741,0.2092714602513832
05/04/2023 16:18:58.833176,2515,True,True,True,True,Eyes,0.1345221,0.1290161,-2.160181,0.4036192,-0.3030271,0.8632879,0.0,0.0,0.0,0.0,0.0,0.0,0.0,-1.817873,0.0647555,0.8640535,0.2422611,0.1360111,-1.994557,0.09599604,0.4808402,-0.04839962,0.8701926,12.33429,57.89846,0.4741015,0.04200631,0.05809094,-0.9974265,0.0,0.0,0.0,1.50687,-0.4969624,-0.4357662,-0.6501601,-0.2071999,1.991,0.5329003,0.008083547,-0.8461395,0.1765515,0.9768845,0.1205251,0.8275547,-0.213615,0.5191549,static,25.05784,-19.34184,-18.08443,-5.941286,6.5722228088114525,0.2129679537932172
05/04/2023 16:18:58.853158,2516,True,True,True,True,Eyes,0.1393695,0.1292151,-2.152291,0.4113063,-0.3030543,0.8596424,0.0,0.0,0.0,0.0,0.0,0.0,0.0,-1.824026,0.0572308,0.8336695,0.2484301,0.1361473,-1.986227,0.09548881,0.4859947,-0.04899631,0.8673468,12.31392,58.57534,0.4586394,0.04401082,0.05823327,-0.9973317,0.0,0.0,0.0,1.53156,-0.4959798,-0.4422991,-0.6501598,-0.2071999,1.991,0.522817,0.007820522,-0.8524091,0.1778077,0.9769625,0.1180199,0.8336947,-0.2132677,0.5093821,static,25.56935,-19.41936,-18.08442,-5.941285,6.591357533705812,0.21659994941818234
05/04/2023 16:18:58.862893,2517,True,True,True,True,Eyes,0.1443065,0.1294287,-2.144406,0.4192334,-0.3029759,0.8558323,0.0,0.0,0.0,0.0,0.0,0.0,0.0,-1.829722,0.04681534,0.8030457,0.2549886,0.1370184,-1.977667,0.09412041,0.491196,-0.0493063,0.8645442,12.19155,59.25179,0.4225311,0.04606086,0.05839139,-0.9972298,0.0,0.0,0.0,1.557418,-0.4906501,-0.448148,-0.6501597,-0.2072001,1.990999,0.5125908,0.007208175,-0.8586026,0.1777181,0.9774205,0.1143044,0.8400397,-0.2111806,0.4997357,static,26.09814,-19.49463,-18.08442,-5.941293,6.61107661883577,0.22026312302126527
05/04/2023 16:18:58.882999,2518,True,True,True,True,Eyes,0.1493272,0.129647,-2.136522,0.4272184,-0.3027882,0.8519411,0.0,0.0,0.0,0.0,0.0,0.0,0.0,-1.834668,0.0335395,0.7744896,0.261702,0.1379296,-1.969633,0.09131689,0.4960302,-0.04901881,0.8620977,11.8926,59.86721,0.3556435,0.04815763,0.05856453,-0.9971207,0.0,0.0,0.0,1.583306,-0.4790688,-0.4522683,-0.6501599,-0.2072001,1.990999,0.5031024,0.006073871,-0.8642054,0.1751099,0.9785168,0.1088185,0.8463005,-0.2060778,0.4912306,static,26.63215,-19.56571,-18.08442,-5.941292,6.630927488766253,0.2238697313771439
05/04/2023 16:18:58.902977,2519,True,True,True,True,Eyes,0.1544269,0.1298628,-2.128661,0.4352888,-0.3026664,0.8478896,0.0,0.0,0.0,0.0,0.0,0.0,0.0,-1.83914,0.02537307,0.7459236,0.2685752,0.1380946,-1.961703,0.08939487,0.5006579,-0.04816588,0.8596689,11.6498,60.4717,0.3919051,0.05030227,0.0587516,-0.9970038,0.0,0.0,0.0,1.608368,-0.4712289,-0.4572434,-0.65016,-0.2072,1.991,0.4940435,0.006699079,-0.8694114,0.1723259,0.9793772,0.1054707,0.8521883,-0.2019292,0.4827005,static,27.17501,-19.64475,-18.08442,-5.941289,6.651193781790178,0.22766359299737216
05/04/2023 16:18:58.913159,2520,True,True,True,True,Eyes,0.1595942,0.1300887,-2.120827,0.4433501,-0.302607,0.8437237,0.0,0.0,0.0,0.0,0.0,0.0,0.0,-1.843928,0.02263689,0.7169129,0.2754154,0.1382776,-1.954372,0.0891326,0.5052781,-0.04727345,0.8570384,11.56927,61.09763,0.5288888,0.05249537,0.05895118,-0.9968789,0.0,0.0,0.0,1.632285,-0.4698836,-0.4648206,-0.6501603,-0.2072,1.991,0.4849185,0.009043179,-0.8745127,0.1711038,0.9796412,0.1050076,0.8576582,-0.2005526,0.4734989,static,27.72051,-19.73071,-18.08443,-5.941288,6.671641932196581,0.23159875514732287
05/04/2023 16:18:58.932827,2521,True,True,True,True,Eyes,0.1648128,0.1303358,-2.112998,0.4513511,-0.3027707,0.8394117,0.0,0.0,0.0,0.0,0.0,0.0,0.0,-1.848227,0.02058759,0.6881982,0.2821347,0.1387206,-1.947084,0.08942108,0.5098148,-0.04672698,0.8543473,11.56255,61.71872,0.662871,0.0547369,0.05916257,-0.9967458,0.0,0.0,0.0,1.655104,-0.4707012,-0.4728786,-0.6501603,-0.2071999,1.991,0.4758109,0.01133423,-0.8794747,0.1710185,0.9796409,0.1051491,0.8627611,-0.2004375,0.4641855,static,28.26689,-19.83407,-18.08443,-5.941285,6.692343073807649,0.23586472793844515
05/04/2023 16:18:58.952963,2522,True,True,True,True,Eyes,0.1700991,0.1306167,-2.105213,0.4592803,-0.3030711,0.8349907,0.0,0.0,0.0,0.0,0.0,0.0,0.0,-1.852057,0.02271481,0.6613898,0.2889111,0.13963,-1.940386,0.09172998,0.5138067,-0.04689104,0.8516981,11.79662,62.28993,0.8422438,0.05702625,0.05938574,-0.9966041,0.0,0.0,0.0,1.674238,-0.4795637,-0.4818977,-0.6501602,-0.2071999,1.991,0.4676078,0.01438893,-0.883819,0.174137,0.9787737,0.1080667,0.8666137,-0.2044384,0.4551766,static,28.81266,-19.94905,-18.08443,-5.941287,6.71317067733127,0.2403465290913866
05/04/2023 16:18:58.962776,2523,True,True,True,True,Eyes,0.1754726,0.1309035,-2.097536,0.4670378,-0.3036039,0.830482,0.0,0.0,0.0,0.0,0.0,0.0,0.0,-1.855411,0.02096349,0.634932,0.2956834,0.140769,-1.933619,0.09335162,0.5178028,-0.04763082,0.8490565,11.99629,62.85162,0.9251117,0.05936356,0.05962116,-0.9964537,0.0,0.0,0.0,1.693281,-0.4859735,-0.4901394,-0.6501598,-0.2072,1.990999,0.459223,0.01579295,-0.8881807,0.177558,0.9780335,0.1091949,0.870395,-0.2078484,0.4463313,static,29.35208,-20.08117,-18.08442,-5.941289,6.733991461590625,0.24512351301376667
05/04/2023 16:18:58.982658,2524,True,True,True,True,Eyes,0.3110436,0.1379407,-1.907051,0.6465534,-0.313941,0.6952767,0.0,0.0,0.0,0.0,0.0,0.0,0.0,-1.858592,0.01783711,0.6097734,0.302502,0.1412255,-1.927448,0.09532107,0.5215358,-0.04961115,0.8464355,12.30492,63.37666,0.9055686,0.06174936,0.05986771,-0.996294,0.0,0.0,0.0,1.710234,-0.495539,-0.4982729,-0.65016,-0.2072001,1.990999,0.4510784,0.01544141,-0.8923507,0.1834119,0.9769052,0.1096183,0.8734347,-0.2131142,0.4378288,static,42.92044,-24.30079,-18.08443,-5.941292,7.269133448597513,0.3821301881898207
05/04/2023 16:18:59.002884,2525,True,True,True,True,Eyes,0.3113371,0.1379435,-1.906842,0.6467282,-0.3140972,0.6950436,0.0,0.0,0.0,0.0,0.0,0.0,0.0,-1.861399,0.01119494,0.5843879,0.3089921,0.1414033,-1.92119,0.09718775,0.5254326,-0.05288358,0.8436105,12.68264,63.91666,0.7579125,0.07577812,0.06152586,-0.9952242,0.4067132,0.02111158,0.5714543,1.726408,-0.5062392,-0.5065479,-0.6501599,-0.2071999,1.991,0.4422477,0.01290496,-0.8968002,0.1913575,0.9755157,0.1084037,0.8762417,-0.2195507,0.4289501,static,42.93775,-24.31869,-18.08442,-5.941285,7.269975694955739,0.382540254711499
05/04/2023 16:18:59.022935,2526,True,True,True,True,Eyes,0.3118984,0.1379516,-1.906389,0.6471016,-0.3143411,0.6945856,0.0,0.0,0.0,0.0,0.0,0.0,0.0,-1.864339,0.003859371,0.5586747,0.3158328,0.1415218,-1.915232,0.09823707,0.5293971,-0.05540227,0.8408442,12.93607,64.46147,0.6374776,0.08722982,0.06286713,-0.994202,0.3823104,0.01984488,0.537167,1.744114,-0.5131696,-0.5148347,-0.65016,-0.2072,1.990999,0.4333386,0.0108435,-0.901166,0.1971822,0.9745601,0.1065445,0.8793957,-0.2238637,0.4201764,static,42.97308,-24.34957,-18.08443,-5.94129,7.2716226682797345,0.3832709249531828
05/04/2023 16:18:59.032824,2527,True,True,True,True,Eyes,0.3127057,0.1379671,-1.90567,0.6477128,-0.3145772,0.6939087,0.0,0.0,0.0,0.0,0.0,0.0,0.0,-1.866127,-0.006376296,0.5342038,0.3227174,0.1416209,-1.908832,0.09878527,0.5331001,-0.05846466,0.838229,13.17608,64.9611,0.4302386,0.09662738,0.06395767,-0.993263,0.3593718,0.01865419,0.504937,1.760814,-0.5187094,-0.5211855,-0.6501601,-0.2072,1.991,0.4247723,0.007311337,-0.9052708,0.2033384,0.9736467,0.1032743,0.882169,-0.2279444,0.4120914,static,43.02792,-24.38673,-18.08443,-5.941288,7.274041834023949,0.38420259374293175
05/04/2023 16:18:59.052739,2528,True,True,True,True,Eyes,0.3137689,0.1380004,-1.904735,0.6485181,-0.3147646,0.6930711,0.0,0.0,0.0,0.0,0.0,0.0,0.0,-1.867735,-0.01672882,0.5109899,0.3298635,0.1418168,-1.902867,0.09835847,0.5365466,-0.0604559,0.8359358,13.25689,65.41947,0.2633182,0.1043854,0.06484931,-0.9924198,0.3378094,0.01753494,0.4746408,1.778305,-0.519339,-0.5264183,-0.6501599,-0.2072,1.991,0.4169257,0.004473289,-0.9089295,0.2066223,0.9733414,0.0995679,0.8851442,-0.2293175,0.4048868,static,43.09796,-24.42561,-18.08442,-5.941287,7.277022168073829,0.38523122110604446
05/04/2023 16:18:59.062947,2529,True,True,True,True,Eyes,0.3150889,0.1380307,-1.903582,0.6498699,-0.3145777,0.6918887,0.0,0.0,0.0,0.0,0.0,0.0,0.0,-1.868768,-0.02736369,0.4882282,0.336954,0.1422486,-1.896743,0.09735127,0.539916,-0.06183519,0.8337806,13.24473,65.86401,0.1182561,0.1108356,0.0655833,-0.9916719,0.3175409,0.01648284,0.4461623,1.796286,-0.5169052,-0.5308787,-0.6501603,-0.2071999,1.991,0.4093343,0.002009037,-0.9123824,0.208237,0.9733983,0.09556757,0.8883034,-0.2291108,0.398027,static,43.2063,-24.44964,-18.08443,-5.941287,7.281171989580528,0.3861435565298623
05/04/2023 16:18:59.082913,2530,True,True,True,True,Eyes,0.3166789,0.1380471,-1.902232,0.6514102,-0.3142223,0.6906006,0.0,0.0,0.0,0.0,0.0,0.0,0.0,-1.869663,-0.03898481,0.4663292,0.3445667,0.1421579,-1.890949,0.09497286,0.5430567,-0.06234222,0.8319755,13.04645,66.26359,359.9657,0.1162453,0.06619132,-0.991012,0.2984884,0.01549387,0.4193926,1.815601,-0.5087646,-0.5337176,-0.6501601,-0.2071999,1.991,0.4024059,-0.0005831111,-0.9154612,0.2068857,0.9741872,0.09031944,0.891778,-0.2257408,0.3921393,static,43.32728,-24.46547,-18.08442,-5.941285,7.28566572364806,0.3869554989283869
05/04/2023 16:18:59.102869,2531,True,True,True,True,Eyes,0.3185315,0.1380561,-1.900723,0.6534848,-0.3134738,0.6889789,0.0,0.0,0.0,0.0,0.0,0.0,0.0,-1.870347,-0.04980023,0.4434501,0.3525355,0.1418773,-1.884918,0.09267478,0.5462815,-0.06268809,0.8300954,12.84701,66.67875,359.8342,0.1210145,0.06671965,-0.9904056,0.2805791,0.01456424,0.3942291,1.835554,-0.5009965,-0.5369234,-0.6501601,-0.2072,1.991,0.3952937,-0.002821172,-0.9185505,0.2053272,0.9749632,0.08536713,0.8953121,-0.2223485,0.385976,static,43.48548,-24.46473,-18.08443,-5.941288,7.291268708062098,0.3876142264629777
05/04/2023 16:18:59.113546,2532,True,True,True,True,Eyes,0.3206317,0.1380238,-1.899054,0.6556915,-0.3126893,0.6872365,0.0,0.0,0.0,0.0,0.0,0.0,0.0,-1.871135,-0.05808693,0.4210758,0.3604243,0.1415723,-1.879329,0.09084104,0.5493695,-0.06265733,0.8282603,12.66934,67.08517,359.7661,0.1254109,0.06719894,-0.989826,0.2637444,0.01369038,0.3705753,1.854856,-0.4946661,-0.5408239,-0.6501601,-0.2071999,1.991,0.3885346,-0.003982583,-0.9214255,0.2036037,0.9756439,0.08163603,0.8986582,-0.2193241,0.3798823,moving,43.65438,-24.46531,-18.08442,-5.941284,7.297268117370893,0.38834326056819657
05/04/2023 16:18:59.142880,2533,True,True,True,True,Eyes,0.3229805,0.1379349,-1.897243,0.6582239,-0.3118406,0.6851983,0.0,0.0,0.0,0.0,0.0,0.0,0.0,-1.871826,-0.06476302,0.3982079,0.3683514,0.1405231,-1.873784,0.08967121,0.552483,-0.06300061,0.8262884,12.57997,67.50338,359.7047,0.1294861,0.06763261,-0.9892716,0.2479197,0.01286896,0.3483408,1.875337,-0.4901821,-0.5482627,-0.6469869,-0.205188,1.991258,0.381587,-0.005029718,-0.9243192,0.203197,0.97598,0.07857501,0.9017218,-0.2178021,0.3734432,moving,43.84972,-24.47076,-17.99969,-5.883245,7.304267601570085,0.3892762544390014
05/04/2023 16:18:59.153129,2534,True,True,True,True,Eyes,0.3255655,0.1377986,-1.8953,0.6608359,-0.311096,0.6830193,0.0,0.0,0.0,0.0,0.0,0.0,0.0,-1.87274,-0.07102564,0.3745601,0.3765075,0.1390612,-1.868528,0.08957282,0.5556961,-0.06440209,0.8240335,12.66193,67.94546,359.6131,0.1332864,0.0680228,-0.98874,0.2330445,0.01209682,0.3274403,1.894769,-0.491456,-0.5573354,-0.6438012,-0.203168,1.991517,0.3741086,-0.006588433,-0.9273616,0.2056895,0.9756582,0.07604603,0.9042869,-0.219198,0.3663573,moving,44.05429,-24.48792,-17.91456,-5.824974,7.311743785638164,0.39046860628223523
05/04/2023 16:18:59.162817,2535,True,True,True,True,Eyes,0.3283648,0.1376341,-1.893183,0.6636311,-0.3104455,0.6806008,0.0,0.0,0.0,0.0,0.0,0.0,0.0,-1.873573,-0.07630481,0.3510548,0.384672,0.1378096,-1.863431,0.08992044,0.5588582,-0.06579726,0.8217437,12.78691,68.38808,359.5516,0.1368525,0.06837187,-0.9882287,0.2190619,0.01137101,0.3077939,1.913964,-0.4939332,-0.567489,-0.6400194,-0.20077,1.991825,0.3666965,-0.007631419,-0.9303092,0.2086425,0.9751701,0.07424043,0.9066432,-0.2213258,0.3591838,moving,44.27673,-24.51937,-17.81341,-5.755804,7.320036071769736,0.3920055482365594
05/04/2023 16:18:59.182852,2536,True,True,True,True,Eyes,0.3313842,0.1374197,-1.89095,0.6664225,-0.3098998,0.6781173,0.0,0.0,0.0,0.0,0.0,0.0,0.0,-1.873736,-0.07854733,0.3288233,0.3927818,0.1368993,-1.858,0.09120186,0.5616452,-0.06689397,0.819611,12.9818,68.7942,359.5762,0.1402206,0.06868305,-0.9877349,0.2059181,0.01068875,0.2893263,1.930657,-0.5000292,-0.5760373,-0.6374231,-0.1991239,1.992036,0.3601599,-0.007207898,-0.9328627,0.2121002,0.9744148,0.07435875,0.9084593,-0.2246414,0.3524739,moving,44.50166,-24.56042,-17.74393,-5.708324,7.328539051716252,0.3937335290995333
05/04/2023 16:18:59.202818,2537,True,True,True,True,Eyes,0.4122499,0.1305755,-1.831523,0.7345685,-0.2984195,0.6093889,2.063982,1.928386,-0.485357,-0.5737557,-0.1514744,0.976764,0.1516172,-0.6481227,-0.181673,1.975207,0.4010375,0.1355811,-1.852878,0.09210542,0.5636036,-0.06780597,0.8180893,13.12829,69.07978,359.5811,0.1434234,0.06895792,-0.9872557,0.1935631,0.01004743,0.2719667,1.945594,-0.5043207,-0.5820004,-0.6341643,-0.1970573,1.992301,0.3555068,-0.007120791,-0.9346466,0.2147646,0.9738379,0.07426955,0.9096654,-0.2271323,0.3477353,moving,50.32132,-26.09113,-17.65666,-5.648718,7.554511126523268,0.44725052059644743
05/04/2023 16:18:59.213019,2538,True,True,True,True,Eyes,0.4126056,0.1305069,-1.831329,0.7346509,-0.2984789,0.6092605,0.0,0.0,0.0,0.0,0.0,0.0,0.0,-1.873538,-0.08281958,0.2903785,0.4098021,0.1339372,-1.848093,0.09276735,0.5657879,-0.06860385,0.8164386,13.24457,69.39536,359.5851,0.1531187,0.0690781,-0.9857901,0.4245462,-0.01108804,0.4339294,1.961954,-0.5079164,-0.5890427,-0.6308855,-0.1949781,1.992568,0.3503554,-0.007048386,-0.9365904,0.2169949,0.9733755,0.07384725,0.9111336,-0.2291081,0.3425568,moving,50.33041,-26.1004,-17.56879,-5.588752,7.554951760632716,0.4474634184603099
05/04/2023 16:18:59.242812,2539,True,True,True,True,Eyes,0.4133191,0.1303843,-1.830966,0.7348388,-0.2985505,0.6089988,0.0,0.0,0.0,0.0,0.0,0.0,0.0,-1.873111,-0.08517513,0.2727072,0.4185666,0.1321549,-1.843232,0.09331139,0.5674741,-0.0694454,0.815134,13.35239,69.63878,359.5695,0.1610226,0.06915446,-0.9845245,0.3990735,-0.01042276,0.4078937,1.976683,-0.5112545,-0.5938414,-0.6277659,-0.1930002,1.992822,0.3463009,-0.007311014,-0.9380949,0.2191182,0.9729406,0.07330564,0.9121748,-0.2309395,0.3385322,moving,50.3497,-26.11555,-17.48514,-5.531713,7.55582920075929,0.4478302116322237
05/04/2023 16:18:59.253014,2540,True,True,True,True,Eyes,0.4143728,0.1302082,-1.830431,0.735085,-0.2986358,0.6086597,0.0,0.0,0.0,0.0,0.0,0.0,0.0,-1.872579,-0.08960244,0.2572967,0.427762,0.1307564,-1.838669,0.09353076,0.568665,-0.07065511,0.8141745,13.45366,69.80492,359.4889,0.1675069,0.06919578,-0.9834391,0.375129,-0.009797393,0.3834201,1.990331,-0.5132355,-0.5966795,-0.6245303,-0.1909487,1.993085,0.343256,-0.00867582,-0.9392018,0.2214265,0.9725197,0.07194256,0.9127682,-0.2326589,0.3357442,moving,50.37481,-26.13465,-17.39831,-5.472553,7.556963460082995,0.4482959988081622
05/04/2023 16:18:59.263234,2541,True,True,True,True,Eyes,0.4157687,0.1299802,-1.829753,0.7354479,-0.2986436,0.6082174,0.0,0.0,0.0,0.0,0.0,0.0,0.0,-1.872016,-0.09401345,0.2406169,0.4369051,0.1292765,-1.834007,0.09346687,0.5701398,-0.0715647,0.8130702,13.50876,70.00933,359.4228,0.1728707,0.06920825,-0.9825096,0.3526213,-0.00920955,0.3604148,2.005234,-0.5138918,-0.6004256,-0.6212248,-0.1888524,1.993354,0.3396382,-0.009795873,-0.9405052,0.2229526,0.9722849,0.07038648,0.9137495,-0.233594,0.3324091,moving,50.40916,-26.15171,-17.30954,-5.412108,7.558399523420302,0.44876272674270157
05/04/2023 16:18:59.282610,2542,True,True,True,True,Eyes,0.4174905,0.1296921,-1.828929,0.7358615,-0.2986201,0.6077285,0.0,0.0,0.0,0.0,0.0,0.0,0.0,-1.87163,-0.09870957,0.2253413,0.446393,0.1277874,-1.829734,0.09302317,0.5712823,-0.07228183,0.8122554,13.51523,70.16186,359.3437,0.1777092,0.0692055,-0.9816462,0.331464,-0.008656977,0.3387899,2.019728,-0.5129651,-0.6027164,-0.6181659,-0.1869128,1.993603,0.3368239,-0.01113764,-0.9415019,0.2237076,0.972244,0.06853046,0.9146064,-0.2337038,0.3299666,moving,50.4476,-26.16816,-17.22734,-5.356183,7.55997291176115,0.44923537839308725
05/04/2023 16:18:59.302967,2543,True,True,True,True,Eyes,0.4195297,0.1293532,-1.827951,0.7364073,-0.2984935,0.6071293,0.0,0.0,0.0,0.0,0.0,0.0,0.0,-1.871003,-0.104221,0.2105646,0.4558524,0.1260519,-1.825421,0.09229548,0.572335,-0.0731442,0.8115197,13.5047,70.29665,359.2299,0.1821577,0.06918817,-0.9808317,0.3115762,-0.008137558,0.3184626,2.034088,-0.5112913,-0.604423,-0.6149776,-0.1848911,1.993863,0.3341652,-0.01306805,-0.9424239,0.2243638,0.972263,0.06607321,0.9154204,-0.2335252,0.3278284,moving,50.4962,-26.18092,-17.14161,-5.297895,7.561859712617376,0.44968186730539805
05/04/2023 16:18:59.312607,2544,True,True,True,True,Eyes,0.4218834,0.1289645,-1.826849,0.7369997,-0.2983339,0.6064885,0.0,0.0,0.0,0.0,0.0,0.0,0.0,-1.870755,-0.1097458,0.1953738,0.4657407,0.1243761,-1.821416,0.09148135,0.5734153,-0.07388701,0.8107815,13.47839,70.43505,359.1222,0.1862735,0.06915554,-0.9800608,0.2928816,-0.007649304,0.2993548,2.04908,-0.5091172,-0.6065146,-0.6118052,-0.1828796,1.994119,0.331471,-0.0148988,-0.9433478,0.2247261,0.9723437,0.06360689,0.9163106,-0.2330787,0.3256519,moving,50.5485,-26.19274,-17.05626,-5.239908,7.56386579654392,0.45012641869155934
05/04/2023 16:18:59.333026,2545,True,True,True,True,Eyes,0.4245484,0.1285196,-1.825636,0.7376633,-0.2981814,0.6057564,0.0,0.0,0.0,0.0,0.0,0.0,0.0,-1.870318,-0.1153975,0.1806451,0.475585,0.1227986,-1.817355,0.09055165,0.5744068,-0.07456677,0.8101216,13.43718,70.55965,359.0109,0.1901082,0.06910686,-0.9793277,0.2753087,-0.007190346,0.2813935,2.063906,-0.5062913,-0.6081791,-0.6085742,-0.1808312,1.994383,0.3289931,-0.0167893,-0.944183,0.2248433,0.9724804,0.06105237,0.9171745,-0.232379,0.3237143,moving,50.60775,-26.20855,-16.96926,-5.180857,7.566169298173902,0.4506755205172265
05/04/2023 16:18:59.352812,2546,True,True,True,True,Eyes,0.4275149,0.1280176,-1.824322,0.7383665,-0.2979806,0.6049979,0.0,0.0,0.0,0.0,0.0,0.0,0.0,-1.8699,-0.1216974,0.1652862,0.4855876,0.1209602,-1.813348,0.0894825,0.5755134,-0.07541952,0.8093758,13.39481,70.69806,358.8756,0.1937068,0.06904104,-0.9786269,0.2587902,-0.006758926,0.2645099,2.079225,-0.5034266,-0.6102552,-0.6053042,-0.1787575,1.994649,0.3261925,-0.01908872,-0.9451106,0.2250822,0.9726096,0.05804005,0.9181157,-0.2316598,0.3215545,moving,50.66972,-26.22171,-16.88116,-5.121084,7.568535520890241,0.4511863750444677
05/04/2023 16:18:59.363228,2547,True,True,True,True,Eyes,0.4307677,0.1274692,-1.822935,0.7392038,-0.297748,0.6040893,0.0,0.0,0.0,0.0,0.0,0.0,0.0,-1.869682,-0.128125,0.1500543,0.4957156,0.1190921,-1.809621,0.08847244,0.5765849,-0.07638524,0.8086333,13.36589,70.83204,358.7331,0.1971103,0.06895694,-0.977953,0.2432628,-0.00635339,0.2486393,2.094407,-0.5009941,-0.6125149,-0.6020668,-0.1767049,1.994912,0.3234304,-0.02151154,-0.9460074,0.225559,0.9726758,0.05499838,0.9189755,-0.2311687,0.319445,moving,50.74375,-26.23811,-16.79388,-5.061922,7.5713708881914075,0.451809408989874
05/04/2023 16:18:59.382780,2548,True,True,True,True,Eyes,0.4343045,0.126865,-1.821457,0.7400718,-0.2974294,0.6031828,0.0,0.0,0.0,0.0,0.0,0.0,0.0,-1.869234,-0.134728,0.1357894,0.5055974,0.1173433,-1.805887,0.08696852,0.5775096,-0.07702142,0.8080761,13.26855,70.94015,358.5854,0.2003537,0.06885403,-0.9773009,0.228667,-0.005972187,0.2337209,2.109409,-0.4962078,-0.6136969,-0.5989661,-0.1747384,1.995164,0.3211008,-0.02402804,-0.9467403,0.2249286,0.9730083,0.05159313,0.9199465,-0.2295156,0.3178383,moving,50.81884,-26.2479,-16.71023,-5.005248,7.574159613055178,0.4523127012186804
05/04/2023 16:18:59.402899,2549,True,True,True,True,Eyes,0.4381229,0.1262349,-1.819913,0.7410131,-0.2970436,0.6022165,0.0,0.0,0.0,0.0,0.0,0.0,0.0,-1.869016,-0.1400158,0.1215109,0.5159138,0.1153577,-1.802253,0.08552077,0.578317,-0.07733401,0.8076231,13.15489,71.03444,358.4702,0.2034683,0.06873135,-0.9766659,0.214947,-0.005613856,0.2196977,2.124751,-0.4913514,-0.6148406,-0.5956839,-0.1726569,1.995432,0.3191376,-0.02599722,-0.9473518,0.2238297,0.9734113,0.04868997,0.9208972,-0.2275843,0.3164712,moving,50.89946,-26.25484,-16.62161,-4.945262,7.577108199470425,0.45278593433909153
05/04/2023 16:18:59.412690,2550,True,True,True,True,Eyes,0.4422316,0.1256556,-1.81828,0.7419771,-0.2965941,0.6012504,0.0,0.0,0.0,0.0,0.0,0.0,0.0,-1.8687,-0.1470929,0.1074835,0.5263726,0.113962,-1.798659,0.0838157,0.5790979,-0.0778714,0.8071907,13.03233,71.1207,358.3155,0.2064827,0.06858949,-0.9760429,0.2020501,-0.005277024,0.2065158,2.140141,-0.4852545,-0.6156057,-0.5924718,-0.1706205,1.995693,0.3171635,-0.02863916,-0.9479384,0.2227891,0.973822,0.04512021,0.921831,-0.2255008,0.3152413,moving,50.98093,-26.25692,-16.53485,-4.886583,7.580024997963103,0.4531714277364224
05/04/2023 16:18:59.438016,2551,True,True,True,True,Eyes,0.4466015,0.1252191,-1.816558,0.743108,-0.2959838,0.6001534,0.0,0.0,0.0,0.0,0.0,0.0,0.0,-1.868204,-0.1552229,0.09343696,0.5371207,0.1139691,-1.79486,0.0825391,0.5798619,-0.07863295,0.8066996,12.96531,71.20963,358.1686,0.2094226,0.06843316,-0.9754273,0.1899271,-0.004960403,0.1941249,2.155227,-0.4797653,-0.6163766,-0.5893823,-0.1686617,1.995944,0.315154,-0.03114378,-0.9485294,0.2225889,0.9740083,0.04197601,0.9225682,-0.224361,0.3138949,moving,51.07475,-26.2516,-16.45134,-4.830144,7.583285617169533,0.45347033273881443
05/04/2023 16:18:59.453871,2552,True,True,True,True,Eyes,0.4512235,0.1247949,-1.814763,0.7443057,-0.2950663,0.5991202,0.0,0.0,0.0,0.0,0.0,0.0,0.0,-1.867589,-0.1659853,0.08059216,0.5479243,0.1175849,-1.791058,0.07940087,0.5805145,-0.07768625,0.8066371,12.6087,71.26801,358.0538,0.2123097,0.06827144,-0.9748144,0.1785315,-0.004662779,0.1824774,2.172529,-0.4612657,-0.6155547,-0.5861892,-0.1666368,1.996204,0.3139355,-0.0331425,-0.9488658,0.2175159,0.9753207,0.0378994,0.9241924,-0.2182914,0.3133968,moving,51.16808,-26.22022,-16.36497,-4.771806,7.586196705061209,0.4532773026699858
05/04/2023 16:18:59.463131,2553,True,True,True,True,Eyes,0.5731437,0.1142956,-1.767081,0.7764594,-0.2717783,0.5685485,0.0,0.0,0.0,0.0,0.0,0.0,0.0,-1.867384,-0.1718399,0.06765461,0.5584273,0.1180841,-1.787581,0.07578512,0.5810631,-0.07583752,0.8067657,12.14664,71.3118,357.9897,0.2151631,0.06810555,-0.9742001,0.1678196,-0.004383012,0.1715287,2.190085,-0.4427846,-0.6146032,-0.5829071,-0.1645559,1.996471,0.3132288,-0.03429436,-0.9490582,0.2104381,0.9770106,0.03414891,0.9260688,-0.2104144,0.3132446,moving,53.78722,-25.54879,-16.27615,-4.711861,7.67055747365423,0.45179248762848323
05/04/2023 16:18:59.482686,2554,True,True,True,True,Eyes,0.5735658,0.11438,-1.766938,0.7764684,-0.2716586,0.5685933,0.0,0.0,0.0,0.0,0.0,0.0,0.0,-1.867131,-0.175867,0.05324352,0.5699466,0.1169284,-1.783657,0.07326378,0.5815993,-0.07473088,0.8067157,11.83728,71.36459,357.93,0.226928,0.06736277,-0.9715788,0.5235111,-0.03561786,0.3042831,2.207209,-0.4311913,-0.6138533,-0.5797986,-0.1625849,1.996723,0.3123153,-0.03535282,-0.9493205,0.2057934,0.9780955,0.03127922,0.9274201,-0.2051329,0.3127495,moving,53.78538,-25.53722,-16.19198,-4.655089,7.6703447310684645,0.45156718216985414
05/04/2023 16:18:59.502716,2555,True,True,True,True,Eyes,0.5744265,0.1145487,-1.766678,0.7765771,-0.2716079,0.5684692,0.0,0.0,0.0,0.0,0.0,0.0,0.0,-1.866695,-0.1807324,0.0449121,0.5802891,0.119047,-1.779978,0.07191058,0.5811746,-0.07397769,0.8072128,11.65875,71.29185,357.9024,0.2365656,0.0667313,-0.9693209,0.4921004,-0.03348079,0.2860261,2.219372,-0.4209673,-0.610379,-0.576582,-0.160545,1.996985,0.3135268,-0.03584623,-0.9489026,0.2030167,0.9787123,0.03010639,0.9276235,-0.2020822,0.3141299,moving,53.79517,-25.53792,-16.10481,-4.596334,7.670700969944006,0.45162196540320443
05/04/2023 16:18:59.522657,2556,True,True,True,True,Eyes,0.5757008,0.1148016,-1.766282,0.7767221,-0.2714557,0.5683439,0.0,0.0,0.0,0.0,0.0,0.0,0.0,-1.866657,-0.1858867,0.03394675,0.5915176,0.1212592,-1.776377,0.07097663,0.5811489,-0.07349693,0.8073579,11.53885,71.28002,357.8838,0.2445089,0.0661997,-0.9673843,0.4625744,-0.03147194,0.2688646,2.233122,-0.4126913,-0.6089561,-0.5733391,-0.1584888,1.997249,0.3137286,-0.03618067,-0.9488232,0.2011726,0.979121,0.02918178,0.927957,-0.2000324,0.3144568,moving,53.80628,-25.53034,-16.01689,-4.537116,7.670998505342988,0.45152672128297267
05/04/2023 16:18:59.533254,2557,True,True,True,True,Eyes,0.5773692,0.1151511,-1.765745,0.7769786,-0.2715645,0.567941,0.0,0.0,0.0,0.0,0.0,0.0,0.0,-1.866516,-0.1918756,0.02151692,0.6027081,0.1235065,-1.772752,0.06970963,0.5814553,-0.07300743,0.8072919,11.38807,71.31236,357.8481,0.2511085,0.06575798,-0.9657224,0.4348199,-0.02958362,0.2527327,2.247979,-0.403197,-0.6085974,-0.5701478,-0.1564651,1.997509,0.3131593,-0.03681055,-0.9489869,0.1989427,0.9796209,0.02765094,0.9286296,-0.1974532,0.3141007,moving,53.83465,-25.55509,-15.9303,-4.478841,7.6723204308268125,0.45211257283415207
05/04/2023 16:18:59.553143,2558,True,True,True,True,Eyes,0.5794177,0.1155871,-1.765084,0.7772812,-0.2715763,0.5675212,0.0,0.0,0.0,0.0,0.0,0.0,0.0,-1.866424,-0.1958769,0.008833408,0.6138474,0.1261461,-1.768972,0.06901461,0.5817867,-0.07216167,0.8071889,11.26698,71.35621,357.8851,0.2570637,0.06537975,-0.9641799,0.4087307,-0.0278086,0.2375687,2.262735,-0.394934,-0.6088609,-0.5668011,-0.1543433,1.997781,0.3126339,-0.03619264,-0.949184,0.1967998,0.9800594,0.02745026,0.9292631,-0.195381,0.3135225,moving,53.86546,-25.57254,-15.83945,-4.417747,7.673635877343072,0.45257158019619836
05/04/2023 16:18:59.562987,2559,True,True,True,True,Eyes,0.58184,0.1160741,-1.764316,0.7776573,-0.2718059,0.5668957,0.0,0.0,0.0,0.0,0.0,0.0,0.0,-1.866581,-0.1983571,-0.004785776,0.6249927,0.1286433,-1.765313,0.06819955,0.582286,-0.07076958,0.8070216,11.09832,71.42529,357.9676,0.2625263,0.06506091,-0.9627286,0.3842069,-0.02614009,0.2233146,2.278243,-0.3857521,-0.6097927,-0.5636516,-0.1523461,1.998037,0.3118695,-0.03480186,-0.9494874,0.1936484,0.9806809,0.02766074,0.9301817,-0.1924933,0.3125838,moving,53.90875,-25.61603,-15.7539,-4.360247,7.675725966059576,0.45357312596765487
05/04/2023 16:18:59.582977,2560,True,True,True,True,Eyes,0.5846031,0.1165614,-1.763431,0.7780768,-0.2720507,0.5662022,0.0,0.0,0.0,0.0,0.0,0.0,0.0,-1.866827,-0.1982863,-0.01996708,0.6361945,0.1304021,-1.761537,0.06791279,0.5830396,-0.06912973,0.8066435,10.96291,71.53745,358.1126,0.2675662,0.06479855,-0.9613578,0.3611544,-0.02457168,0.2099157,2.294203,-0.3791275,-0.6119659,-0.5606855,-0.1504654,1.998279,0.310572,-0.03233441,-0.9499997,0.1907178,0.9812179,0.0289521,0.9312206,-0.1901736,0.3109055,moving,53.95683,-25.6635,-15.67328,-4.306102,7.678036715323247,0.4546698502843023
05/04/2023 16:18:59.602620,2561,True,True,True,True,Eyes,0.5876892,0.1170434,-1.762458,0.7785274,-0.2726457,0.5652959,0.0,0.0,0.0,0.0,0.0,0.0,0.0,-1.867064,-0.1970576,-0.0355128,0.6471627,0.1313452,-1.757825,0.06826413,0.5838931,-0.06783134,0.8061064,10.91012,71.66924,358.2702,0.2722455,0.06458732,-0.9600574,0.3394852,-0.02309738,0.1973208,2.309714,-0.3760697,-0.6152763,-0.5574701,-0.1484266,1.998539,0.3089354,-0.02964066,-0.950621,0.1890765,0.9814779,0.03084379,0.9320992,-0.1892688,0.3088176,moving,54.01625,-25.7483,-15.58585,-4.247421,7.681225560026597,0.45651648487587615
05/04/2023 16:18:59.622954,2562,True,True,True,True,Eyes,0.591076,0.1175227,-1.761371,0.7789718,-0.2733612,0.5643374,0.0,0.0,0.0,0.0,0.0,0.0,0.0,-1.867077,-0.1960035,-0.05086291,0.65788,0.1316627,-1.754092,0.06943589,0.58476,-0.06736209,0.8054172,10.98961,71.80849,358.4063,0.2766178,0.064422,-0.958818,0.3191161,-0.02171154,0.1854815,2.323997,-0.3778969,-0.6190794,-0.5542735,-0.1463997,1.9988,0.3070363,-0.02730252,-0.9513061,0.1897158,0.9812821,0.0330684,0.9325967,-0.190631,0.306469,moving,54.078,-25.84523,-15.49886,-4.189082,7.684651668385248,0.458601034676149
05/04/2023 16:18:59.632904,2563,True,True,True,True,Eyes,0.5947573,0.1179956,-1.760219,0.7794335,-0.2743383,0.5632245,0.0,0.0,0.0,0.0,0.0,0.0,0.0,-1.866595,-0.1976007,-0.06562483,0.6682927,0.1318364,-1.750296,0.0714991,0.5856268,-0.06839003,0.8045197,11.25331,71.95194,358.4635,0.2807306,0.06429801,-0.9576302,0.2999691,-0.02040885,0.1743527,2.336552,-0.3853179,-0.6232574,-0.5510602,-0.1443621,1.999061,0.3047282,-0.02629868,-0.9520761,0.1937858,0.9804214,0.0349428,0.9325168,-0.1951469,0.3038583,moving,54.14785,-25.97003,-15.41137,-4.130441,7.6887203552034435,0.4612438985703359
05/04/2023 16:18:59.653144,2564,True,True,True,True,Eyes,0.5987133,0.118454,-1.758952,0.7799221,-0.275278,0.5620885,0.0,0.0,0.0,0.0,0.0,0.0,0.0,-1.866112,-0.1996874,-0.08014059,0.6786995,0.1322384,-1.746583,0.07238429,0.5864415,-0.06870491,0.80382,11.3587,72.07805,358.5064,0.2846259,0.06421092,-0.9564856,0.2819709,-0.01918432,0.1638915,2.350181,-0.386919,-0.6266975,-0.5476736,-0.142215,1.999337,0.3027321,-0.02555446,-0.9527331,0.1953511,0.9800803,0.03578507,0.9328405,-0.1969507,0.3016939,moving,54.21977,-26.0929,-15.31911,-4.068659,7.6928378800040536,0.4638592853768041
05/04/2023 16:18:59.663033,2565,True,True,True,True,Eyes,0.6029401,0.1188901,-1.757581,0.7805815,-0.2755633,0.5610324,0.0,0.0,0.0,0.0,0.0,0.0,0.0,-1.865408,-0.2015963,-0.09503067,0.6893331,0.1325335,-1.742606,0.07258911,0.5872551,-0.06852703,0.8032225,11.3672,72.19843,358.5488,0.2883407,0.06415639,-0.9553759,0.2650527,-0.01803326,0.154058,2.364664,-0.3854314,-0.6293056,-0.5444371,-0.1401625,1.9996,0.3008709,-0.02482824,-0.9533416,0.1953415,0.9800697,0.03612469,0.9334444,-0.1970961,0.2997245,moving,54.29382,-26.15897,-15.23088,-4.009603,7.6963070258151784,0.4654160548958556
05/04/2023 16:18:59.682627,2566,True,True,True,True,Eyes,0.6074312,0.1193212,-1.7561,0.7812637,-0.2757725,0.559979,0.0,0.0,0.0,0.0,0.0,0.0,0.0,-1.864736,-0.2010899,-0.1091464,0.6998661,0.132249,-1.738473,0.07205339,0.5878342,-0.06732982,0.8029484,11.237,72.28075,358.6321,0.2919081,0.06413009,-0.9542937,0.2491495,-0.01695126,0.1448145,2.379305,-0.3803598,-0.6301511,-0.5414536,-0.1382707,1.999843,0.2998352,-0.02341385,-0.9537037,0.1928356,0.9805501,0.03655273,0.9342983,-0.1948678,0.2985184,moving,54.36854,-26.21883,-15.14952,-3.955181,7.699720791470547,0.46685894331844613
05/04/2023 16:18:59.702985,2567,True,True,True,True,Eyes,0.6121562,0.1197636,-1.754503,0.7821827,-0.2753051,0.5589252,0.0,0.0,0.0,0.0,0.0,0.0,0.0,-1.864347,-0.199427,-0.1229551,0.7106813,0.1325668,-1.734369,0.07172491,0.5882812,-0.06572852,0.802783,11.0983,72.34814,358.7654,0.2953572,0.06412902,-0.9532319,0.2342006,-0.01593419,0.1361257,2.394038,-0.3747264,-0.6308914,-0.5382628,-0.1362472,2.000103,0.29921,-0.02114264,-0.953953,0.1899203,0.9810706,0.03782541,0.9350955,-0.1924928,0.2975616,moving,54.4515,-26.22309,-15.06244,-3.896975,7.7027182354560075,0.46729174953802566
05/04/2023 16:18:59.713291,2568,True,True,True,True,Eyes,0.617126,0.1201966,-1.752806,0.7831116,-0.2747922,0.5578758,0.0,0.0,0.0,0.0,0.0,0.0,0.0,-1.86393,-0.1982502,-0.1359272,0.7211379,0.1332491,-1.730381,0.07101677,0.5886394,-0.06398706,0.8027241,10.91453,72.39876,358.8842,0.2987134,0.06415138,-0.952184,0.2201485,-0.01497814,0.1279581,2.408499,-0.3670024,-0.6311733,-0.5349942,-0.134175,2.000369,0.2988187,-0.01912138,-0.9541183,0.1863344,0.9817245,0.03868313,0.9359418,-0.1893443,0.2969206,moving,54.53456,-26.22342,-14.9732,-3.837374,7.70566913729856,0.46765110844858193
05/04/2023 16:18:59.733100,2569,True,True,True,True,Eyes,0.6222878,0.1206185,-1.750932,0.7841603,-0.2739494,0.5568162,0.0,0.0,0.0,0.0,0.0,0.0,0.0,-1.863119,-0.1998962,-0.1499417,0.7319596,0.1334482,-1.726291,0.07036675,0.589193,-0.06328997,0.8024303,10.80744,72.47382,358.9119,0.3019989,0.06419439,-0.951144,0.2069396,-0.01407945,0.1202806,2.423171,-0.3615685,-0.631952,-0.5318309,-0.1321695,2.000625,0.2976919,-0.01865241,-0.9544798,0.1844908,0.9820858,0.03834881,0.9366657,-0.1875088,0.2958002,moving,54.62222,-26.19684,-14.88678,-3.779701,7.7084402506234975,0.4675241965231056
05/04/2023 16:18:59.753172,2570,True,True,True,True,Eyes,0.627647,0.1210334,-1.748971,0.7851527,-0.2732818,0.5557448,0.0,0.0,0.0,0.0,0.0,0.0,0.0,-1.86168,-0.2054531,-0.1627647,0.7423238,0.1335452,-1.722114,0.07059415,0.5896812,-0.06441939,0.8019618,10.90618,72.54218,358.829,0.3052331,0.06425571,-0.9501069,0.1945232,-0.01323468,0.1130638,2.435629,-0.3622413,-0.632647,-0.5287355,-0.1302067,2.000877,0.2962525,-0.0200677,-0.9548988,0.1865799,0.9817332,0.03725383,0.9367084,-0.1892014,0.2945852,moving,54.70847,-26.18518,-14.80217,-3.723261,7.711351504639529,0.4676717418419414
05/04/2023 16:18:59.763100,2571,True,True,True,True,Eyes,0.7662013,0.1320404,-1.696873,0.8093308,-0.2587163,0.5273041,0.0,0.0,0.0,0.0,0.0,0.0,0.0,-1.860556,-0.208235,-0.1754848,0.7525914,0.1337612,-1.718004,0.07169373,0.5901312,-0.06516191,0.801473,11.05956,72.61694,358.842,0.3084319,0.06433321,-0.9490681,0.1828518,-0.0124406,0.10628,2.447752,-0.3652826,-0.6343622,-0.525227,-0.1279817,2.001162,0.2949983,-0.01983364,-0.9552919,0.1890684,0.9812279,0.03801303,0.936605,-0.1918293,0.2932104,moving,56.91451,-26.1344,-14.70621,-3.659293,7.788967337322921,0.47609690378713077
05/04/2023 16:18:59.783036,2572,True,True,True,True,Eyes,0.7665991,0.1320742,-1.696716,0.8093137,-0.2589238,0.5272284,0.0,0.0,0.0,0.0,0.0,0.0,0.0,-1.859543,-0.2103858,-0.1879094,0.7628451,0.1345296,-1.713897,0.07443794,0.5905502,-0.06648041,0.8008058,11.40487,72.70515,358.9153,0.322202,0.06514847,-0.9444262,0.5875435,0.02132678,0.2561951,2.458143,-0.375131,-0.6366347,-0.5222688,-0.1261058,2.001403,0.2936617,-0.01855713,-0.9557294,0.1943945,0.9800787,0.04070063,0.9359347,-0.1977407,0.291419,moving,56.91772,-26.15582,-14.62526,-3.605367,7.789354226179405,0.4765131853878041
05/04/2023 16:18:59.802790,2573,True,True,True,True,Eyes,0.7673795,0.1321048,-1.696398,0.8092939,-0.2592797,0.5270838,0.0,0.0,0.0,0.0,0.0,0.0,0.0,-1.858762,-0.2108078,-0.1996577,0.7725609,0.1358427,-1.709969,0.07756484,0.5909213,-0.06731655,0.8001652,11.75264,72.79494,359.0601,0.3334348,0.06582718,-0.9404719,0.5522909,0.02004717,0.2408234,2.467963,-0.3850027,-0.6395327,-0.5190846,-0.1240866,2.001663,0.292561,-0.01605926,-0.9561121,0.1993981,0.9789044,0.04457182,0.9352265,-0.2036869,0.2895914,moving,56.92427,-26.1932,-14.53807,-3.547327,7.790063025436162,0.4772436693153531
05/04/2023 16:18:59.812882,2574,True,True,True,True,Eyes,0.7685212,0.1321251,-1.695935,0.8092618,-0.2598512,0.5268517,0.0,0.0,0.0,0.0,0.0,0.0,0.0,-1.85794,-0.2091287,-0.2131526,0.782546,0.1358819,-1.70595,0.08080986,0.5915263,-0.06785974,0.7993507,12.09144,72.92354,359.245,0.3426422,0.06639593,-0.9371165,0.5191535,0.01884434,0.226374,2.478767,-0.3961157,-0.6436503,-0.5158129,-0.1220121,2.001929,0.2909836,-0.01288517,-0.9566414,0.2040898,0.9777296,0.04890922,0.9347064,-0.2094725,0.287133,moving,56.93477,-26.25321,-14.44845,-3.487708,7.791200388372204,0.47841632564418723
05/04/2023 16:18:59.833171,2575,True,True,True,True,Eyes,0.7700143,0.1321302,-1.695327,0.8092769,-0.2603483,0.5265831,0.0,0.0,0.0,0.0,0.0,0.0,0.0,-1.857017,-0.2078293,-0.2263408,0.7924019,0.1357168,-1.701945,0.08355119,0.5920824,-0.06827122,0.7986218,12.37423,73.04075,359.4071,0.3502366,0.06687512,-0.9342706,0.4880043,0.01771368,0.2127916,2.489633,-0.4053689,-0.6471518,-0.5126405,-0.1200006,2.002187,0.2895549,-0.01010739,-0.9571081,0.2079841,0.9767165,0.05260722,0.9342915,-0.214296,0.2849152,moving,56.94861,-26.30828,-14.3615,-3.429904,7.792393280762436,0.4795103255072679
05/04/2023 16:18:59.852983,2576,True,True,True,True,Eyes,0.77185,0.1321445,-1.694586,0.8093317,-0.2608891,0.5262311,0.0,0.0,0.0,0.0,0.0,0.0,0.0,-1.856071,-0.206457,-0.2403541,0.8022941,0.1354297,-1.698051,0.08603878,0.5928019,-0.06849489,0.7978044,12.62048,73.18048,359.5724,0.3565519,0.06728045,-0.9318495,0.458724,0.01665086,0.2000241,2.501204,-0.4135248,-0.6513259,-0.5094879,-0.1180016,2.002443,0.2877889,-0.007283158,-0.9576662,0.211299,0.9758115,0.05607645,0.9340934,-0.218492,0.2823667,moving,56.9679,-26.3708,-14.27505,-3.372472,7.793874475215128,0.48076753595223665
05/04/2023 16:18:59.863024,2577,True,True,True,True,Eyes,0.7740459,0.132161,-1.693771,0.8095013,-0.2611406,0.5258453,0.0,0.0,0.0,0.0,0.0,0.0,0.0,-1.854834,-0.2070864,-0.2547073,0.8122733,0.1356301,-1.694103,0.08726359,0.5936177,-0.0684496,0.7970682,12.73111,73.31776,359.676,0.3623087,0.067643,-0.9296001,0.4312006,0.01565181,0.1880226,2.51419,-0.4159631,-0.6550128,-0.5061508,-0.1158858,2.002715,0.2858655,-0.005515589,-0.9582538,0.2127204,0.9753994,0.0578443,0.9343612,-0.2203759,0.2800063,moving,56.99258,-26.40951,-14.18349,-3.311692,7.795243418803329,0.48160010541758824
05/04/2023 16:18:59.882650,2578,True,True,True,True,Eyes,0.7765676,0.1321801,-1.692825,0.809764,-0.2612968,0.525363,0.0,0.0,0.0,0.0,0.0,0.0,0.0,-1.853288,-0.2077259,-0.2710593,0.8224533,0.135677,-1.690107,0.08726872,0.594803,-0.06772222,0.7962458,12.68187,73.49384,359.7632,0.367594,0.06796775,-0.927499,0.4053286,0.0147127,0.1767413,2.5294,-0.4131921,-0.6590729,-0.5031028,-0.1139531,2.002962,0.2832463,-0.004031674,-0.9590387,0.2116625,0.9755958,0.05841195,0.9353986,-0.2195375,0.2771872,moving,57.02509,-26.44412,-14.09982,-3.256178,7.79683788850941,0.4823888986131809
05/04/2023 16:18:59.903074,2579,True,True,True,True,Eyes,0.7793983,0.1322007,-1.691751,0.8101736,-0.2611495,0.5248044,0.0,0.0,0.0,0.0,0.0,0.0,0.0,-1.851246,-0.2090359,-0.2898405,0.8329424,0.1358169,-1.685994,0.08600346,0.5964444,-0.06642698,0.7952642,12.47602,73.71981,359.8203,0.372474,0.0682589,-0.9255286,0.3810089,0.01382994,0.1661368,2.547327,-0.4046736,-0.6641993,-0.4998737,-0.1119052,2.003226,0.2796832,-0.003061439,-0.9600875,0.2082465,0.9763817,0.05755096,0.9372358,-0.2160309,0.2737151,moving,57.06613,-26.45553,-14.01113,-3.197364,7.798439278986438,0.48277786774647446
05/04/2023 16:18:59.922741,2580,True,True,True,True,Eyes,0.7825425,0.1321787,-1.690547,0.8107308,-0.2608205,0.524107,0.0,0.0,0.0,0.0,0.0,0.0,0.0,-1.849361,-0.2101489,-0.3069111,0.8431721,0.1358237,-1.681994,0.08559471,0.5977795,-0.06564139,0.7943706,12.3842,73.91193,359.8854,0.3770071,0.06852011,-0.923672,0.3581483,0.01300014,0.1561686,2.563296,-0.4001729,-0.6688042,-0.4966207,-0.1098424,2.003491,0.2767017,-0.001953658,-0.9609541,0.2066207,0.9767295,0.05750967,0.9384798,-0.214466,0.2706664,moving,57.11885,-26.45712,-13.92174,-3.138128,7.800329876669592,0.48303191085495556
05/04/2023 16:18:59.932970,2581,True,True,True,True,Eyes,0.7859673,0.1321077,-1.689184,0.8114365,-0.2602541,0.5232958,0.0,0.0,0.0,0.0,0.0,0.0,0.0,-1.846207,-0.2120202,-0.3290722,0.853771,0.134784,-1.677686,0.08341689,0.600087,-0.06434974,0.7929668,12.09449,74.22205,359.8864,0.3812453,0.06875228,-0.9219135,0.3366594,0.01222013,0.1467985,2.583494,-0.3894716,-0.6760554,-0.4933501,-0.1077687,2.003757,0.2715094,-0.001939621,-0.9624339,0.2021692,0.9778014,0.05506276,0.9409624,-0.2095245,0.2658744,moving,57.18201,-26.44283,-13.83183,-3.078592,7.802388452705204,0.4830318454333953
05/04/2023 16:18:59.953158,2582,True,True,True,True,Eyes,0.7896939,0.1319849,-1.687795,0.8122158,-0.2596866,0.522368,0.0,0.0,0.0,0.0,0.0,0.0,0.0,-1.843503,-0.2113168,-0.3488681,0.8641075,0.1334805,-1.67343,0.08288838,0.6018964,-0.06330912,0.7917337,11.97367,74.4832,359.9726,0.3852348,0.06895597,-0.9202383,0.3164599,0.01148692,0.1379906,2.601026,-0.3852484,-0.6828586,-0.4897543,-0.1054888,2.004049,0.2674253,-0.0004674943,-0.9635786,0.2000284,0.9782429,0.05503998,0.9425883,-0.2074621,0.2617005,moving,57.25333,-26.43351,-13.73291,-3.013145,7.804799863857468,0.48315989627927325
05/04/2023 16:18:59.973044,2583,True,True,True,True,Eyes,0.7937063,0.1318193,-1.686336,0.8130525,-0.2590927,0.5213603,0.0,0.0,0.0,0.0,0.0,0.0,0.0,-1.843017,-0.2103153,-0.3683245,0.8749754,0.1320844,-1.6714,0.08281181,0.6036469,-0.06245406,0.7904758,11.90689,74.74191,0.07268713,0.3890147,0.06913095,-0.9186336,0.2974723,0.01079771,0.1297112,2.6181,-0.3835472,-0.6912624,-0.4869862,-0.1037336,2.004274,0.2634197,0.001241332,-0.9646806,0.198715,0.9784834,0.05552106,0.9439929,-0.2063219,0.2575052,moving,57.33046,-26.42531,-13.65673,-2.962768,7.807431669675258,0.483333702898899
05/04/2023 16:18:59.982664,2584,True,True,True,True,Eyes,0.7979829,0.1315984,-1.684768,0.8139523,-0.2584985,0.5202502,0.0,0.0,0.0,0.0,0.0,0.0,0.0,-1.841715,-0.2086791,-0.3881294,0.8857902,0.1308112,-1.668643,0.08310946,0.6054313,-0.06154792,0.7891499,11.87035,75.01169,0.2045111,0.3926206,0.06927772,-0.9170872,0.2796239,0.01014985,0.1219285,2.635061,-0.3828465,-0.6996758,-0.4839681,-0.1018202,2.004519,0.2593297,0.00349305,-0.9657825,0.1977752,0.9786093,0.05664558,0.9453217,-0.2056977,0.2530917,moving,57.41469,-26.42156,-13.57364,-2.90786,7.810372077633431,0.483621344383355
05/04/2023 16:19:00.002777,2585,True,True,True,True,Eyes,0.8025231,0.1313062,-1.683105,0.8148721,-0.2579535,0.5190794,0.0,0.0,0.0,0.0,0.0,0.0,0.0,-1.838677,-0.2082724,-0.4077975,0.8963851,0.1293265,-1.664385,0.08303198,0.6071697,-0.06088937,0.7878725,11.81648,75.26849,0.2858271,0.3960841,0.06939615,-0.9155877,0.2628465,0.009540856,0.1146128,2.651832,-0.3812011,-0.7062804,-0.4807208,-0.09976113,2.004783,0.2552747,0.004882898,-0.9668562,0.1967752,0.9787964,0.05689686,0.9466332,-0.2047776,0.2489011,moving,57.50257,-26.42481,-13.48419,-2.848778,7.813531194094756,0.4840560844978937
05/04/2023 16:19:00.012844,2586,True,True,True,True,Eyes,0.8073167,0.1309309,-1.68134,0.8158588,-0.2574205,0.5177925,0.0,0.0,0.0,0.0,0.0,0.0,0.0,-1.836449,-0.2091981,-0.4276967,0.9073625,0.1273246,-1.661239,0.08293711,0.6089618,-0.06075514,0.7865087,11.79769,75.53124,0.3185438,0.3994329,0.06948522,-0.914125,0.2470757,0.008968404,0.107736,2.668843,-0.3807688,-0.7143158,-0.4773314,-0.09761152,2.005059,0.2509488,0.005442163,-0.9679851,0.19658,0.9788605,0.05646641,0.9478297,-0.2044566,0.2445741,moving,57.59837,-26.43426,-13.39078,-2.787108,7.81705030822625,0.48464104084175874
05/04/2023 16:19:00.037589,2587,True,True,True,True,Eyes,0.8123642,0.1304729,-1.679541,0.8168575,-0.2569481,0.5164511,0.0,0.0,0.0,0.0,0.0,0.0,0.0,-1.832581,-0.2115647,-0.4484205,0.9181456,0.1249495,-1.656982,0.08261012,0.6109366,-0.06101351,0.7849901,11.78542,75.81643,0.3013756,0.4026918,0.06954342,-0.9126896,0.2322512,0.0084303,0.1012718,2.685713,-0.3808615,-0.721368,-0.474497,-0.09581453,2.005289,0.2460676,0.005149097,-0.9692389,0.1967291,0.9789058,0.05514547,0.9490776,-0.204247,0.2398641,moving,57.69723,-26.45156,-13.31263,-2.735563,7.820778033274739,0.4853865647546871
05/04/2023 16:19:00.052729,2588,True,True,True,True,Eyes,0.8176458,0.1299329,-1.677632,0.8179287,-0.2564318,0.5150101,0.0,0.0,0.0,0.0,0.0,0.0,0.0,-1.828965,-0.2146589,-0.4693913,0.9289188,0.1224877,-1.653368,0.08209278,0.6130155,-0.06142463,0.7833899,11.76686,76.11413,0.2580654,0.4058813,0.06956914,-0.9112737,0.2183161,0.007924482,0.09519553,2.702984,-0.380353,-0.7298222,-0.4712272,-0.09374123,2.005555,0.240878,0.004409416,-0.9705455,0.1968872,0.9789756,0.0533128,0.9503754,-0.2039298,0.2349455,moving,57.80336,-26.46946,-13.22243,-2.676102,7.824771321330639,0.48617427761628973
05/04/2023 16:19:00.069623,2589,True,True,True,True,Eyes,0.823168,0.1293313,-1.675668,0.8190273,-0.2557858,0.5135834,0.0,0.0,0.0,0.0,0.0,0.0,0.0,-1.82424,-0.2187066,-0.4902033,0.9397301,0.1199457,-1.648788,0.08094949,0.6150194,-0.0618705,0.7819019,11.69444,76.39184,0.1648646,0.4090211,0.06956126,-0.9098694,0.2052171,0.007449013,0.0894838,2.720403,-0.3777161,-0.7365053,-0.4679807,-0.09168253,2.00582,0.2358464,0.002817698,-0.9717863,0.1963243,0.9792385,0.050486,0.9517528,-0.2026922,0.2303967,moving,57.90961,-26.47521,-13.13283,-2.617069,7.828614008769442,0.48673411627814545
05/04/2023 16:19:00.082961,2590,True,True,True,True,Eyes,0.8289179,0.1286333,-1.673593,0.8202311,-0.2549671,0.5120671,0.0,0.0,0.0,0.0,0.0,0.0,0.0,-1.819564,-0.2250766,-0.5109628,0.9507043,0.1178005,-1.64464,0.07908159,0.6170564,-0.06258399,0.7804299,11.5762,76.66366,-0.005218549,0.4121273,0.06951964,-0.9084699,0.1929041,0.007002072,0.08411477,2.738248,-0.3725818,-0.7431598,-0.4648336,-0.08968695,2.006076,0.2306493,-8.922414e-05,-0.9730369,0.1952804,0.9796587,0.04619958,0.95324,-0.200671,0.225975,moving,58.02362,-26.46951,-13.04594,-2.559855,7.832586059532554,0.4871117225681686
05/04/2023 16:19:00.102891,2591,True,True,True,True,Eyes,0.8349031,0.1278899,-1.671469,0.8214536,-0.2540916,0.5105405,0.0,0.0,0.0,0.0,0.0,0.0,0.0,-1.813965,-0.2296205,-0.5331115,0.9618173,0.1147061,-1.639863,0.0761994,0.6192557,-0.0626305,0.7789695,11.31966,76.94861,359.813,0.4152149,0.06944252,-0.9070688,0.1813298,0.006581948,0.07906788,2.757506,-0.3635968,-0.7493997,-0.4616656,-0.08767825,2.006333,0.2251998,-0.003200687,-0.9743074,0.1919483,0.9805421,0.04114543,0.9552177,-0.1962826,0.2214323,moving,58.13869,-26.45913,-12.95843,-2.502276,7.836536066672909,0.4874058654894279
05/04/2023 16:19:00.113248,2592,True,True,True,True,Eyes,0.9899286,0.1098702,-1.615665,0.8532278,-0.2284323,0.4688507,0.0,0.0,0.0,0.0,0.0,0.0,0.0,-1.808378,-0.2349741,-0.5552234,0.9730425,0.1128124,-1.635292,0.07418013,0.6214873,-0.06294743,0.77736,11.16128,77.25129,359.6694,0.4182969,0.0693308,-0.9056603,0.1704501,0.006187031,0.0743238,2.776224,-0.3570053,-0.7568215,-0.4584097,-0.08561391,2.006597,0.2195823,-0.005661581,-0.9755775,0.1900696,0.9810698,0.03708728,0.9568998,-0.1935714,0.2165016,moving,61.21111,-25.97616,-12.86846,-2.443113,7.939379736879367,0.49139080990222406
05/04/2023 16:19:00.132824,2593,True,True,True,True,Eyes,0.9903718,0.1098578,-1.615415,0.8542935,-0.2285782,0.4668349,0.0,0.0,0.0,0.0,0.0,0.0,0.0,-1.802399,-0.2396248,-0.5777389,0.984328,0.1125778,-1.63042,0.07188492,0.623789,-0.06252154,0.7757648,10.92548,77.56435,359.5727,0.4328894,0.0678857,-0.898887,0.6252995,-0.04824322,0.2372764,2.795586,-0.3465139,-0.7642478,-0.4551985,-0.08357764,2.006859,0.2139567,-0.007321967,-0.9768158,0.1866861,0.9818472,0.03353109,0.9588383,-0.1895321,0.2114397,moving,61.34528,-26.08794,-12.77967,-2.384761,7.9455643395056565,0.49406241276267004
05/04/2023 16:19:00.153026,2594,True,True,True,True,Eyes,0.9912617,0.1098009,-1.61498,0.8554475,-0.2285848,0.4647133,0.0,0.0,0.0,0.0,0.0,0.0,0.0,-1.796121,-0.2427831,-0.6007661,0.9955106,0.1122067,-1.62551,0.0692599,0.6261771,-0.06163394,0.774149,10.62746,77.88881,359.4934,0.444761,0.06667349,-0.8931639,0.5877815,-0.04534863,0.2230398,2.815325,-0.3341774,-0.7719834,-0.4520105,-0.08155608,2.00712,0.2082071,-0.008689784,-0.9780461,0.1821656,0.9828086,0.03004743,0.9609711,-0.1844225,0.2062107,moving,61.48742,-26.1918,-12.69149,-2.326842,7.95193074718044,0.49661902979484907
05/04/2023 16:19:00.163028,2595,True,True,True,True,Eyes,0.9925873,0.1097244,-1.61441,0.8566062,-0.2286142,0.4625597,0.0,0.0,0.0,0.0,0.0,0.0,0.0,-1.789634,-0.2467318,-0.6237886,1.007021,0.111029,-1.620605,0.06732894,0.6285142,-0.06147924,0.7724356,10.44524,78.21393,359.3974,0.4544652,0.06565477,-0.8883413,0.5525146,-0.04262771,0.2096574,2.834447,-0.3263915,-0.7801163,-0.4486912,-0.07945143,2.007389,0.2023803,-0.01034313,-0.9792523,0.1796119,0.9833742,0.02673338,0.9626951,-0.1812957,0.2008733,moving,61.63135,-26.30029,-12.59964,-2.266555,7.958419669836612,0.4992702880191945
05/04/2023 16:19:00.182938,2596,True,True,True,True,Eyes,0.9942953,0.1096837,-1.613681,0.8577889,-0.2287348,0.4603028,0.0,0.0,0.0,0.0,0.0,0.0,0.0,-1.782891,-0.2510912,-0.6464533,1.018447,0.1105067,-1.615612,0.06681793,0.6308434,-0.06178661,0.7705545,10.42388,78.5555,359.364,0.4624463,0.06479649,-0.8842762,0.5193638,-0.04007005,0.197078,2.852244,-0.3240883,-0.7888628,-0.4456189,-0.07750318,2.007639,0.196438,-0.0109166,-0.9804555,0.1795232,0.9834355,0.02501837,0.9639418,-0.1809291,0.1951439,moving,61.78131,-26.42381,-12.51458,-2.210757,7.965314081937684,0.5022297046803336
05/04/2023 16:19:00.202660,2597,True,True,True,True,Eyes,0.9963657,0.109619,-1.612748,0.8589438,-0.2290861,0.4579684,0.0,0.0,0.0,0.0,0.0,0.0,0.0,-1.776945,-0.2563646,-0.6663304,1.029258,0.1113526,-1.61105,0.06768163,0.6328009,-0.06251412,0.7688135,10.55546,78.8584,359.39,0.4690615,0.06407337,-0.8808379,0.4882019,-0.03766585,0.1852533,2.867625,-0.3260202,-0.7972983,-0.4424005,-0.07546246,2.0079,0.1913099,-0.0104654,-0.9814739,0.1817814,0.9830224,0.02495113,0.9645495,-0.1831871,0.1899644,moving,61.93452,-26.57525,-12.42545,-2.152322,7.972679647712566,0.5057277539790198
05/04/2023 16:19:00.213154,2598,True,True,True,True,Eyes,0.9988025,0.1095444,-1.61168,0.8601054,-0.2296302,0.4555091,0.0,0.0,0.0,0.0,0.0,0.0,0.0,-1.770154,-0.2642373,-0.6870831,1.040217,0.1107413,-1.60656,0.06875586,0.634967,-0.0643746,0.766776,10.78897,79.19347,359.3347,0.4747178,0.06345036,-0.8778476,0.4589098,-0.0354059,0.1741381,2.882865,-0.3322369,-0.8069645,-0.4391089,-0.07337552,2.008168,0.1853456,-0.0114064,-0.9826071,0.1860372,0.9822571,0.02368918,0.9649026,-0.1871922,0.1841791,moving,62.09444,-26.75348,-12.33425,-2.092574,7.980624714175356,0.5097579065095792
05/04/2023 16:19:00.233152,2599,True,True,True,True,Eyes,1.001598,0.1096389,-1.610438,0.8612638,-0.2304346,0.4529068,0.0,0.0,0.0,0.0,0.0,0.0,0.0,-1.762667,-0.2767383,-0.7078813,1.051359,0.1104476,-1.602224,0.07006691,0.6372409,-0.06744559,0.7645037,11.13323,79.54611,359.1926,0.4799134,0.06288282,-0.875059,0.4313752,-0.03328154,0.1636898,2.897635,-0.3413275,-0.8173358,-0.4359019,-0.07134189,2.008429,0.1787504,-0.01382583,-0.9837974,0.1924238,0.9810834,0.02117465,0.9648945,-0.193091,0.1780294,moving,62.26177,-26.96655,-12.24535,-2.034362,7.989276716299033,0.5144744549684611
05/04/2023 16:19:00.252902,2600,True,True,True,True,Eyes,1.004734,0.1099377,-1.609085,0.8624834,-0.2311314,0.4502228,0.0,0.0,0.0,0.0,0.0,0.0,0.0,-1.75386,-0.2958987,-0.7289284,1.062806,0.114607,-1.597569,0.07130201,0.6397536,-0.07103195,0.7619619,11.51034,79.93428,359.005,0.4847146,0.06237429,-0.8724453,0.4054927,-0.03128465,0.1538685,2.912867,-0.3467159,-0.8286229,-0.4326233,-0.06926264,2.008697,0.1713395,-0.01701583,-0.9850653,0.1994787,0.979741,0.01777295,0.9648063,-0.1995447,0.1712627,moving,62.4351,-27.17465,-12.15442,-1.974855,7.998078233569952,0.5191230928812886
05/04/2023 16:19:00.273097,2601,True,True,True,True,Eyes,1.008223,0.1103408,-1.607657,0.8638147,-0.2315366,0.4474539,0.0,0.0,0.0,0.0,0.0,0.0,0.0,-1.746041,-0.3113741,-0.7493593,1.073997,0.1197405,-1.593532,0.06939568,0.6420667,-0.07242272,0.7600589,11.44868,80.25657,358.7736,0.4891773,0.06192963,-0.8699825,0.3811632,-0.02940757,0.1446363,2.930288,-0.3359518,-0.8376054,-0.4295292,-0.06730077,2.008948,0.1650105,-0.02097774,-0.9860688,0.1992044,0.9798784,0.01248917,0.9659654,-0.1984901,0.165869,moving,62.61595,-27.35946,-12.06859,-1.91872,8.006849693036148,0.5233659206607427
05/04/2023 16:19:00.282722,2602,True,True,True,True,Eyes,1.012044,0.1107726,-1.606113,0.8652365,-0.2317357,0.4445948,0.0,0.0,0.0,0.0,0.0,0.0,0.0,-1.735632,-0.3297524,-0.7733239,1.085699,0.1227778,-1.589141,0.06485049,0.6449658,-0.07434609,0.7578167,11.19746,80.63492,358.3043,0.4933523,0.06154774,-0.867649,0.3582934,-0.02764312,0.1359582,2.950599,-0.3190952,-0.8475813,-0.4264634,-0.06535716,2.009197,0.1569835,-0.02902871,-0.9871745,0.1963341,0.9805342,0.002388204,0.967889,-0.1941909,0.159627,moving,62.804,-27.52984,-11.98351,-1.863117,8.015692667277625,0.52736811977831
05/04/2023 16:19:00.302697,2603,True,True,True,True,Eyes,1.016181,0.1113163,-1.604496,0.8667127,-0.2317953,0.4416786,0.0,0.0,0.0,0.0,0.0,0.0,0.0,-1.724904,-0.3473735,-0.7968546,1.097334,0.1237466,-1.584766,0.06068867,0.6477277,-0.07681143,0.7555567,11.02359,81.00097,357.8133,0.4972844,0.06122375,-0.8654244,0.3367957,-0.02598453,0.1278007,2.970097,-0.306591,-0.8578005,-0.4229828,-0.06314993,2.009481,0.1490978,-0.03745132,-0.988113,0.1946903,0.9808338,-0.007798302,0.9694668,-0.1912133,0.1535316,moving,62.99652,-27.69074,-11.88686,-1.799985,8.024573395090453,0.5312111282785118
05/04/2023 16:19:00.312755,2604,True,True,True,True,Eyes,1.020614,0.1119518,-1.602775,0.8682526,-0.2317361,0.4386751,0.0,0.0,0.0,0.0,0.0,0.0,0.0,-1.715024,-0.3640648,-0.8188567,1.10881,0.1265957,-1.580787,0.05793221,0.650264,-0.07898542,0.7533672,10.95343,81.35336,357.4508,0.5010121,0.06095752,-0.8632905,0.316588,-0.02442546,0.1201326,2.988062,-0.2969451,-0.8679802,-0.4198729,-0.06117759,2.009734,0.1418361,-0.04366758,-0.9889267,0.1943525,0.9808103,-0.01543431,0.9706235,-0.1900112,0.1476012,moving,63.19532,-27.84587,-11.80048,-1.743582,8.03360337513047,0.5349723790841403
05/04/2023 16:19:00.333060,2605,True,True,True,True,Eyes,1.02534,0.1125888,-1.600986,0.8698038,-0.2316593,0.4356321,0.0,0.0,0.0,0.0,0.0,0.0,0.0,-1.705618,-0.3751173,-0.8409936,1.120265,0.1293637,-1.57651,0.05563894,0.6526976,-0.0798225,0.7513445,10.82489,81.70043,357.2387,0.5045695,0.06074792,-0.8612311,0.2975927,-0.02295993,0.1129247,3.006022,-0.2865379,-0.8777706,-0.4168442,-0.05925741,2.00998,0.1352284,-0.04731759,-0.989684,0.1925792,0.9810654,-0.02059188,0.9719191,-0.1878079,0.1417803,moving,63.39648,-28.00304,-11.71633,-1.688682,8.042743081034086,0.538782010202358
05/04/2023 16:19:00.352852,2606,True,True,True,True,Eyes,1.030352,0.1131742,-1.59913,0.8713865,-0.2314903,0.432548,0.0,0.0,0.0,0.0,0.0,0.0,0.0,-1.697214,-0.3832739,-0.8618382,1.131728,0.1305133,-1.572374,0.05346716,0.6547566,-0.08040861,0.7496464,10.6879,81.99344,357.0518,0.5079865,0.06058907,-0.8592312,0.2797372,-0.02158234,0.1061492,3.023293,-0.2775732,-0.8861493,-0.4136689,-0.05724418,2.010238,0.1296566,-0.05054007,-0.9902701,0.1905719,0.9813515,-0.0251332,0.9730732,-0.185459,0.1368702,moving,63.60063,-28.15472,-11.62807,-1.631132,8.051918889517252,0.5425011583297737
05/04/2023 16:19:00.372697,2607,True,True,True,True,Eyes,1.035624,0.1136998,-1.597181,0.8730057,-0.2314478,0.4292937,0.0,0.0,0.0,0.0,0.0,0.0,0.0,-1.688997,-0.3929808,-0.8825207,1.143545,0.1300434,-1.568879,0.05102035,0.6567233,-0.08179254,0.747945,10.58832,82.26952,356.7726,0.5112892,0.0604729,-0.8572782,0.262953,-0.02028739,0.09978024,3.040501,-0.2708172,-0.8947415,-0.4103896,-0.05516484,2.010504,0.1240492,-0.05534013,-0.9907318,0.1893651,0.9814138,-0.0311093,0.9740395,-0.1837509,0.1322231,moving,63.81471,-28.33072,-11.53688,-1.571705,8.061756952321428,0.5467196717717325
05/04/2023 16:19:00.382865,2608,True,True,True,True,Eyes,1.041157,0.1141753,-1.595198,0.8746065,-0.2314667,0.4260125,0.0,0.0,0.0,0.0,0.0,0.0,0.0,-1.680563,-0.4038466,-0.9018475,1.155112,0.1282931,-1.565238,0.04925495,0.6584961,-0.08403922,0.7462535,10.61405,82.52231,356.4675,0.5145011,0.06039182,-0.8553602,0.2471758,-0.01907015,0.09379342,3.05625,-0.2695345,-0.9025117,-0.407176,-0.05312688,2.010767,0.1186405,-0.06056073,-0.9910888,0.1902975,0.9810227,-0.03716563,0.9745314,-0.1841924,0.1279136,moving,64.02973,-28.5167,-11.44748,-1.513472,8.07175556332447,0.5511297766939327
05/04/2023 16:19:00.402939,2609,True,True,True,True,Eyes,1.046941,0.1146892,-1.593173,0.8764288,-0.2314714,0.4222482,0.0,0.0,0.0,0.0,0.0,0.0,0.0,-1.672491,-0.4175619,-0.9205381,1.166854,0.1275213,-1.562423,0.04840726,0.6602645,-0.08698488,0.7444066,10.77399,82.78288,356.1722,0.5176414,0.06033929,-0.8534671,0.2323452,-0.01792594,0.08816582,3.071287,-0.2719527,-0.9116244,-0.4038829,-0.05103905,2.011034,0.1129688,-0.06558104,-0.9914318,0.1934274,0.9801807,-0.04279669,0.9745891,-0.1869354,0.123415,moving,64.27604,-28.73103,-11.35584,-1.453827,8.083225575614234,0.5562058179285428
05/04/2023 16:19:00.412657,2610,True,True,True,True,Eyes,1.052983,0.1152512,-1.591136,0.8782762,-0.2314343,0.4184126,0.0,0.0,0.0,0.0,0.0,0.0,0.0,-1.662876,-0.4330325,-0.9404875,1.178537,0.1283226,-1.559414,0.04761908,0.6624027,-0.08996534,0.7422004,10.94534,83.10242,355.8847,0.5207268,0.06031412,-0.8515899,0.2184045,-0.01685038,0.08287587,3.086757,-0.2732959,-0.9225357,-0.4006204,-0.04897047,2.011299,0.1062578,-0.07045858,-0.9918391,0.1966306,0.9792774,-0.04850076,0.9747029,-0.1898723,0.1179102,moving,64.52677,-28.94806,-11.26502,-1.394744,8.09488680782739,0.561351404284831
05/04/2023 16:19:00.432755,2611,True,True,True,True,Eyes,1.059264,0.1158394,-1.589059,0.8803304,-0.2312434,0.4141795,0.0,0.0,0.0,0.0,0.0,0.0,0.0,-1.653144,-0.4474304,-0.9622313,1.190609,0.1303165,-1.557059,0.04608591,0.6648154,-0.0921444,0.739869,10.9944,83.46077,355.614,0.5237717,0.06031558,-0.8497204,0.2053002,-0.01583936,0.07790332,3.103699,-0.2695229,-0.9351013,-0.3976075,-0.0470601,2.011544,0.09905989,-0.07507232,-0.9922456,0.1976268,0.978771,-0.05432297,0.9752594,-0.1907131,0.1117932,moving,64.80386,-29.17536,-11.18112,-1.340191,8.107614102492848,0.566802114447042
05/04/2023 16:19:00.452609,2612,True,True,True,True,Eyes,1.065797,0.1164402,-1.587003,0.882407,-0.2309579,0.4098981,0.0,0.0,0.0,0.0,0.0,0.0,0.0,-1.644635,-0.4525658,-0.9851673,1.202663,0.1317221,-1.554492,0.04432487,0.6672108,-0.09200474,0.7378348,10.84671,83.81994,355.5256,0.5267891,0.060342,-0.8478512,0.1929822,-0.014889,0.07322912,3.121694,-0.2607289,-0.9476691,-0.3943959,-0.04502364,2.011805,0.09272979,-0.07662053,-0.9927388,0.1949167,0.9791409,-0.05736426,0.9764265,-0.188182,0.1057301,moving,65.08406,-29.39917,-11.09165,-1.28205,8.120407247943106,0.5722004459792639
05/04/2023 16:19:00.472693,2613,True,True,True,True,Eyes,1.072563,0.1170613,-1.584951,0.8846019,-0.2306582,0.4053102,0.0,0.0,0.0,0.0,0.0,0.0,0.0,-1.637484,-0.4565549,-1.007602,1.215012,0.1325766,-1.552813,0.04290815,0.6694351,-0.09178589,0.7359287,10.72201,84.15668,355.4674,0.5297893,0.06039094,-0.8459763,0.1814033,-0.01399566,0.06883537,3.139437,-0.2534583,-0.9605105,-0.3911307,-0.04295316,2.012071,0.08686384,-0.07764726,-0.9931896,0.1925442,0.9794685,-0.05973474,0.9774362,-0.1860441,0.1000309,moving,65.38351,-29.64379,-11.00065,-1.222949,8.134148553980335,0.5780717920349646
05/04/2023 16:19:00.483259,2614,True,True,True,True,Eyes,1.079548,0.1177285,-1.582947,0.8867866,-0.2304205,0.4006442,0.0,0.0,0.0,0.0,0.0,0.0,0.0,-1.630345,-0.4581416,-1.030931,1.227395,0.1336798,-1.551247,0.04229099,0.6718506,-0.09102043,0.7338553,10.62471,84.53197,355.5204,0.5327808,0.06046068,-0.8440903,0.1705191,-0.01315592,0.06470525,3.157118,-0.2477107,-0.9747058,-0.388019,-0.04097967,2.012325,0.08066415,-0.07676519,-0.9937809,0.1904181,0.9798535,-0.06023332,0.9783835,-0.1843752,0.09365655,moving,65.68687,-29.90428,-10.9139,-1.16663,8.148230845049575,0.5842580722165079
05/04/2023 16:19:00.503092,2615,True,True,True,True,Eyes,1.086742,0.1184322,-1.580958,0.8890306,-0.2302214,0.3957556,0.0,0.0,0.0,0.0,0.0,0.0,0.0,-1.622144,-0.4658672,-1.053613,1.239546,0.1354593,-1.550374,0.04231812,0.6744224,-0.09179208,0.7313944,10.70286,84.93634,355.4943,0.5357704,0.0605509,-0.8421894,0.1602879,-0.01236656,0.06082293,3.173718,-0.2466853,-0.9909331,-0.3846789,-0.03886189,2.012596,0.07345708,-0.07719184,-0.9943066,0.191353,0.9795668,-0.06191079,0.9787688,-0.1857157,0.08672699,moving,66.00357,-30.18768,-10.82076,-1.106206,8.163078394878301,0.5909317125360988
05/04/2023 16:19:00.512673,2616,True,True,True,True,Eyes,1.094124,0.1191073,-1.579031,0.8912151,-0.2302184,0.3908134,0.0,0.0,0.0,0.0,0.0,0.0,0.0,-1.612591,-0.4754397,-1.07635,1.251664,0.1370064,-1.54906,0.0420309,0.6770403,-0.09305324,0.7288286,10.7934,85.34618,355.4031,0.5387638,0.06066089,-0.8402697,0.1506707,-0.01162457,0.05717355,3.190133,-0.2460134,-1.006704,-0.3815613,-0.03688499,2.01285,0.0659152,-0.07872652,-0.9947148,0.192553,0.979149,-0.06473494,0.9790703,-0.1872682,0.07969983,moving,66.32171,-30.50127,-10.73378,-1.049814,8.178361817813883,0.5981789590575229
05/04/2023 16:19:00.532639,2617,True,True,True,True,Eyes,1.101692,0.1197565,-1.577189,0.8933579,-0.2303572,0.3858073,0.0,0.0,0.0,0.0,0.0,0.0,0.0,-1.603251,-0.4887977,-1.097408,1.263642,0.1371325,-1.548562,0.04240169,0.6794804,-0.09574921,0.7261822,11.05213,85.73344,355.2401,0.5417641,0.06078653,-0.8383293,0.1416304,-0.0109271,0.05374314,3.204991,-0.2521465,-1.022558,-0.3785216,-0.03495765,2.013097,0.05827683,-0.08144052,-0.9949731,0.196685,0.9780684,-0.06853675,0.9787332,-0.1917022,0.07301684,moving,66.64232,-30.84051,-10.64896,-0.9948478,8.194059790302127,0.6059188524475204
05/04/2023 16:19:00.563095,2618,True,True,True,True,Eyes,1.109436,0.1203743,-1.575413,0.8954649,-0.2306027,0.3807426,0.0,0.0,0.0,0.0,0.0,0.0,0.0,-1.591599,-0.5076001,-1.118139,1.275317,0.1370729,-1.547855,0.04242704,0.6820616,-0.09982815,0.7232056,11.39342,86.14048,354.9367,0.5447737,0.06092421,-0.8363667,0.1331326,-0.01027147,0.05051855,3.219245,-0.2603003,-1.039168,-0.3752494,-0.03288299,2.013363,0.04965265,-0.08651683,-0.9950123,0.2022683,0.9764686,-0.07481094,0.9780707,-0.1975449,0.06598385,moving,66.96529,-31.20184,-10.55762,-0.9356928,8.21012303592521,0.6140840074320316
05/04/2023 16:19:00.572957,2619,True,True,True,True,Eyes,1.11735,0.1209567,-1.573715,0.8975517,-0.23088,0.3756267,0.0,0.0,0.0,0.0,0.0,0.0,0.0,-1.58048,-0.5230392,-1.140166,1.287379,0.1369435,-1.547697,0.04176432,0.6847084,-0.1029085,0.7203057,11.60075,86.55513,354.6662,0.5477944,0.06107043,-0.8343806,0.1251446,-0.009655182,0.04748744,3.234672,-0.2641461,-1.056588,-0.3719596,-0.03079683,2.013631,0.04116898,-0.09105849,-0.9949943,0.2054439,0.9753311,-0.08075849,0.9778026,-0.2010908,0.05886077,moving,67.29062,-31.57707,-10.46575,-0.8762238,8.226447169039673,0.6225204759961457
05/04/2023 16:19:00.582905,2620,True,True,True,True,Eyes,1.125435,0.1215018,-1.572099,0.8996191,-0.2311458,0.3704822,0.0,0.0,0.0,0.0,0.0,0.0,0.0,-1.569145,-0.5388298,-1.160428,1.299021,0.1366571,-1.546938,0.04059549,0.6870232,-0.1061061,0.7176997,11.77479,86.91397,354.3415,0.5508276,0.06122185,-0.8323702,0.117636,-0.009075872,0.04463819,3.249327,-0.2667715,-1.071386,-0.3688239,-0.02880846,2.013886,0.03348134,-0.09652445,-0.9947674,0.2080846,0.9741871,-0.08752386,0.9775378,-0.2040653,0.05270236,moving,67.6171,-31.96026,-10.37816,-0.8195549,8.242913554553224,0.6311114588376986
05/04/2023 16:19:00.602954,2621,True,True,True,True,Eyes,1.133694,0.1220194,-1.570539,0.9016715,-0.2314333,0.3652768,0.0,0.0,0.0,0.0,0.0,0.0,0.0,-1.558889,-0.5516375,-1.181977,1.311123,0.1362507,-1.547223,0.03883613,0.6893911,-0.1084516,0.7151715,11.83419,87.279,354.043,0.5538737,0.06137533,-0.830335,0.1105778,-0.008531319,0.0419599,3.265265,-0.2655175,-1.087983,-0.3651769,-0.02649577,2.014184,0.02595628,-0.1015764,-0.9944892,0.2086696,0.97346,-0.0939822,0.9776419,-0.2050801,0.0464633,moving,67.9466,-32.35766,-10.27625,-0.7536593,8.25966819329404,0.6399823885498719
05/04/2023 16:19:00.612886,2622,True,True,True,True,Eyes,1.142121,0.1224875,-1.569069,0.9037422,-0.2316456,0.3599866,0.0,0.0,0.0,0.0,0.0,0.0,0.0,-1.546993,-0.5642453,-1.20514,1.323423,0.1360278,-1.547246,0.03679381,0.6920511,-0.1106583,0.7123667,11.86368,87.69131,353.7388,0.5569345,0.06152863,-0.8282738,0.1039431,-0.00801944,0.0394423,3.281691,-0.2633963,-1.105256,-0.3622211,-0.02462161,2.014423,0.01764006,-0.1067322,-0.9941314,0.208585,0.972802,-0.100741,0.9778453,-0.2055838,0.03942302,moving,68.28118,-32.76063,-10.19364,-0.7002718,8.276674046173655,0.6489796171775696
05/04/2023 16:19:00.632780,2623,True,True,True,True,Eyes,1.150698,0.1229009,-1.567632,0.9058386,-0.2317591,0.3546043,0.0,0.0,0.0,0.0,0.0,0.0,0.0,-1.534999,-0.5735532,-1.230152,1.335751,0.13524,-1.547883,0.0344853,0.6949894,-0.1121275,0.7093858,11.81672,88.14986,353.4796,0.5600095,0.06167852,-0.8261866,0.09770655,-0.007538273,0.03707577,3.298793,-0.2595498,-1.124684,-0.3593363,-0.02279224,2.014658,0.008834428,-0.1111495,-0.9937645,0.2070171,0.9724764,-0.1069281,0.9782976,-0.2047816,0.03160114,moving,68.62139,-33.16747,-10.11298,-0.648171,8.29392895803484,0.658073528198447
05/04/2023 16:19:00.652677,2624,True,True,True,True,Eyes,1.159425,0.1232626,-1.566296,0.9079333,-0.2318264,0.3491613,0.0,0.0,0.0,0.0,0.0,0.0,0.0,-1.523142,-0.5797229,-1.254963,1.347792,0.1343969,-1.54802,0.03236243,0.6978635,-0.1128981,0.7065362,11.73032,88.60254,353.2923,0.5631001,0.06182204,-0.8240726,0.0,0.0,0.0,3.315624,-0.2547002,-1.143803,-0.35612,-0.02075297,2.01492,0.0004812323,-0.1143641,-0.9934389,0.2047023,0.9724134,-0.1118445,0.9788243,-0.2033054,0.02387854,moving,68.9649,-33.58225,-10.02304,-0.5901057,8.311402142319256,0.667330718960771
05/04/2023 16:19:00.672709,2625,True,True,True,True,Eyes,1.168295,0.1235595,-1.565033,0.9100124,-0.2318368,0.3436994,0.0,0.0,0.0,0.0,0.0,0.0,0.0,-1.513265,-0.5837659,-1.279093,1.360029,0.1332912,-1.548995,0.03098799,0.7005422,-0.1132656,0.7038831,11.67257,89.03105,353.1953,0.5662045,0.06195648,-0.8219326,0.0,0.0,0.0,3.332001,-0.2516378,-1.16302,-0.3528463,-0.01867716,2.015186,-0.007176857,-0.1160346,-0.9932193,0.2028682,0.9724213,-0.1150708,0.9791798,-0.2023185,0.01656081,moving,69.30913,-34.00098,-9.931454,-0.531014,8.328951214561691,0.6766652194630617
05/04/2023 16:19:00.683177,2626,True,True,True,True,Eyes,1.177309,0.1237599,-1.563887,0.9121088,-0.2318196,0.3381085,0.0,0.0,0.0,0.0,0.0,0.0,0.0,-1.502521,-0.5869163,-1.304148,1.372183,0.1319328,-1.550015,0.02953313,0.7034155,-0.1134804,0.7010398,11.59869,89.49294,353.1073,0.5693223,0.06207888,-0.8197669,0.0,0.0,0.0,3.348425,-0.2483574,-1.183421,-0.3496208,-0.01663211,2.015448,-0.01534204,-0.1175605,-0.9929473,0.2006567,0.9725,-0.11824,0.9795415,-0.2010556,0.008669148,moving,69.66083,-34.43597,-9.841194,-0.472812,8.346972539681309,0.6863371214157237
05/04/2023 16:19:00.703194,2627,True,True,True,True,Eyes,1.186452,0.1238754,-1.562707,0.9149806,-0.230213,0.3313797,0.0,0.0,0.0,0.0,0.0,0.0,0.0,-1.490218,-0.5905889,-1.33102,1.384525,0.1297908,-1.551581,0.02826502,0.7066931,-0.1140047,0.6977026,11.57052,90.02503,353.0153,0.5724519,0.06218484,-0.8175765,0.0,0.0,0.0,3.364954,-0.247462,-1.206766,-0.3464722,-0.01463567,2.015704,-0.02482415,-0.1191334,-0.9925678,0.1990321,0.972408,-0.1216915,0.9796784,-0.2005738,-0.00042788,moving,70.09106,-34.78812,-9.753063,-0.4160071,8.366724013911684,0.6947857691204716
05/04/2023 16:19:00.712833,2628,True,True,True,True,Eyes,1.195721,0.1238728,-1.561644,0.917798,-0.228707,0.3245609,0.0,0.0,0.0,0.0,0.0,0.0,0.0,-1.476892,-0.5932029,-1.357996,1.396441,0.1271113,-1.552755,0.02741673,0.7101033,-0.1144649,0.69419,11.57372,90.58466,352.9651,0.5755947,0.06227147,-0.8153603,0.0,0.0,0.0,3.380755,-0.2483458,-1.230918,-0.3431191,-0.01250965,2.015977,-0.03469743,-0.1199834,-0.9921695,0.1978582,0.9722922,-0.1244989,0.9796164,-0.2006286,-0.009996404,moving,70.52488,-35.17105,-9.659181,-0.3555304,8.386995156027938,0.7038282547046252
05/04/2023 16:19:00.732859,2629,True,True,True,True,Eyes,1.205111,0.1237697,-1.560721,0.9205384,-0.227292,0.3177221,0.0,0.0,0.0,0.0,0.0,0.0,0.0,-1.464959,-0.595254,-1.383936,1.408575,0.124287,-1.554407,0.02726154,0.7132778,-0.1148496,0.6908699,11.62514,91.11246,352.9745,0.5787484,0.06233412,-0.8131201,0.0,0.0,0.0,3.395932,-0.2514795,-1.254255,-0.3399478,-0.01049867,2.016235,-0.04391118,-0.1198022,-0.9918263,0.1975824,0.9721328,-0.126171,0.9793025,-0.2015077,-0.01901668,moving,70.95798,-35.57917,-9.570357,-0.2983403,8.407561814050712,0.7133411772099231
05/04/2023 16:19:00.752832,2630,True,True,True,True,Eyes,1.214615,0.123573,-1.559926,0.9232079,-0.2259272,0.3108762,0.0,0.0,0.0,0.0,0.0,0.0,0.0,-1.455286,-0.5933614,-1.408651,1.420638,0.1219212,-1.556006,0.02781051,0.7161359,-0.1142051,0.6879922,11.64455,91.59421,353.1208,0.5819096,0.06236949,-0.810858,0.0,0.0,0.0,3.410608,-0.2539124,-1.275713,-0.3369436,-0.008593475,2.016479,-0.05178681,-0.1173122,-0.9917439,0.1969766,0.9723676,-0.1253059,0.9790395,-0.2018395,-0.02724812,moving,71.38983,-36.00754,-9.486198,-0.2441716,8.42834222255275,0.7232294256408259
05/04/2023 16:19:00.763271,2631,True,True,True,True,Eyes,1.224243,0.1233091,-1.559251,0.9257621,-0.2246354,0.3041438,0.0,0.0,0.0,0.0,0.0,0.0,0.0,-1.449082,-0.5874453,-1.431964,1.432873,0.1195526,-1.558215,0.0286016,0.7185128,-0.1125854,0.6857449,11.59631,91.99825,353.3578,0.5850757,0.06237506,-0.8085759,0.0,0.0,0.0,3.425283,-0.2543915,-1.295314,-0.3336981,-0.006535996,2.016743,-0.05787199,-0.1133085,-0.991873,0.1955109,0.9730129,-0.1225613,0.9789925,-0.2010148,-0.03415718,moving,71.81292,-36.44894,-9.395259,-0.1856874,8.448977928906631,0.7333253539999196
05/04/2023 16:19:00.783239,2632,True,True,True,True,Eyes,1.234004,0.1230039,-1.558732,0.9282769,-0.2233239,0.2973691,0.0,0.0,0.0,0.0,0.0,0.0,0.0,-1.444405,-0.5801116,-1.454538,1.445224,0.1177362,-1.560763,0.0293703,0.7206445,-0.1104979,0.6838123,11.50345,92.36182,353.626,0.5882449,0.06234994,-0.8062752,0.0,0.0,0.0,3.439997,-0.2529761,-1.31373,-0.3305655,-0.004549377,2.016998,-0.0630766,-0.1087885,-0.9920618,0.1934507,0.9738552,-0.1190918,0.9790804,-0.1994269,-0.04038216,moving,72.23739,-36.90651,-9.307455,-0.1292315,8.469868687857183,0.743731098510582
05/04/2023 16:19:00.803223,2633,True,True,True,True,Eyes,1.243887,0.1226887,-1.558349,0.9307362,-0.2219379,0.2906439,0.0,0.0,0.0,0.0,0.0,0.0,0.0,-1.438098,-0.5710075,-1.480498,1.458197,0.1164709,-1.564016,0.02973143,0.7233233,-0.1077937,0.6813955,11.32986,92.81542,353.9178,0.591414,0.06229456,-0.8039578,0.0,0.0,0.0,3.456076,-0.2482692,-1.336109,-0.327342,-0.002505144,2.01726,-0.06963236,-0.1038894,-0.9921483,0.1899111,0.9749932,-0.1154216,0.9793288,-0.1964571,-0.04816133,moving,72.65782,-37.36563,-9.217081,-0.07115301,8.49063587640969,0.7541488011433545
05/04/2023 16:19:00.812847,2634,True,True,True,True,Eyes,1.253894,0.1223365,-1.558116,0.9331653,-0.2204514,0.283908,0.0,0.0,0.0,0.0,0.0,0.0,0.0,-1.430335,-0.5644892,-1.505837,1.470735,0.1156723,-1.567038,0.02945936,0.7260017,-0.1056508,0.67889,11.15154,93.2658,354.1104,0.5945809,0.06221095,-0.8016251,0.0,0.0,0.0,3.471673,-0.2422597,-1.358415,-0.323948,-0.0003532972,2.017536,-0.07648103,-0.1006755,-0.9919754,0.1862256,0.9759401,-0.113406,0.9795259,-0.1934046,-0.05589257,moving,73.07804,-37.82894,-9.121902,-0.01003325,8.51144901849657,0.764644370623906
05/04/2023 16:19:00.832681,2635,True,True,True,True,Eyes,1.264004,0.1219513,-1.558017,0.9355081,-0.2189988,0.2772434,0.0,0.0,0.0,0.0,0.0,0.0,0.0,-1.424281,-0.5543466,-1.531057,1.483495,0.1146918,-1.570382,0.02876315,0.728443,-0.1027137,0.6767522,10.86953,93.67301,354.3246,0.597743,0.06209961,-0.7992787,0.0,0.0,0.0,3.48772,-0.2331107,-1.379191,-0.3209221,0.001565303,2.017783,-0.08235864,-0.09711879,-0.9918595,0.1809281,0.9772452,-0.1107111,0.980042,-0.1885732,-0.06291299,moving,73.49249,-38.30574,-9.037024,0.04444741,8.532229396738726,0.7753689796167812
05/04/2023 16:19:00.853071,2636,True,True,True,True,Eyes,1.274213,0.1215298,-1.558074,0.9377783,-0.2175847,0.2706082,0.0,0.0,0.0,0.0,0.0,0.0,0.0,-1.420096,-0.5448288,-1.55385,1.496182,0.1135306,-1.573693,0.02853559,0.7303987,-0.1000301,0.6750537,10.64072,94.00211,354.5487,0.6008977,0.06196127,-0.7969205,0.0,0.0,0.0,3.50296,-0.2259037,-1.397411,-0.3176917,0.003613969,2.018046,-0.08697665,-0.09336668,-0.9918256,0.1767361,0.9783594,-0.1075976,0.9804079,-0.1846498,-0.06859311,moving,73.90382,-38.8013,-8.946388,0.1026067,8.553138193211081,0.7864329560020281
05/04/2023 16:19:00.863162,2637,True,True,True,True,Eyes,1.284515,0.1210677,-1.558331,0.9399019,-0.2163749,0.264133,0.0,0.0,0.0,0.0,0.0,0.0,0.0,-1.41464,-0.5404707,-1.575947,1.508634,0.1123719,-1.577441,0.02874324,0.7324415,-0.09857832,0.673042,10.55018,94.35156,354.7129,0.6040422,0.06179641,-0.7945526,0.0,0.0,0.0,3.517147,-0.2231112,-1.416841,-0.3143981,0.005702149,2.018313,-0.09237649,-0.09058921,-0.9915949,0.1748002,0.9789122,-0.1057149,0.9802609,-0.1830965,-0.07459347,moving,74.30347,-39.32396,-8.853963,0.1618719,8.573978024714073,0.7979566718061849
05/04/2023 16:19:00.882801,2638,True,True,True,True,Eyes,1.294912,0.1207393,-1.558734,0.9419082,-0.2154696,0.2576469,0.0,0.0,0.0,0.0,0.0,0.0,0.0,-1.407333,-0.5439807,-1.596875,1.52121,0.1110139,-1.581172,0.03013548,0.7345243,-0.09898937,0.670647,10.71015,94.72086,354.8322,0.6071724,0.06160522,-0.792178,0.0,0.0,0.0,3.52995,-0.2290662,-1.436656,-0.311304,0.00766426,2.018565,-0.09864946,-0.08850338,-0.991179,0.1770443,0.9785858,-0.1049997,0.9792466,-0.1858407,-0.0808679,moving,74.7017,-39.90568,-8.767109,0.2175444,8.595520228502744,0.8105845050688646
05/04/2023 16:19:00.903087,2639,True,True,True,True,Eyes,1.305368,0.1205073,-1.559283,0.9438382,-0.2146564,0.2511812,0.0,0.0,0.0,0.0,0.0,0.0,0.0,-1.398304,-0.5578415,-1.61594,1.533767,0.1139864,-1.585014,0.03265452,0.7366552,-0.1007652,0.6679217,11.07418,95.1126,354.9435,0.6102857,0.06139658,-0.7897983,0.0,0.0,0.0,3.541427,-0.237704,-1.457282,-0.3081828,0.009643558,2.01882,-0.1056288,-0.08649625,-0.9906367,0.1827168,0.9775602,-0.1048371,0.977475,-0.1920797,-0.08745418,moving,75.09744,-40.5168,-8.679478,0.2736901,8.617348812969162,0.8237543852081838
05/04/2023 16:19:00.912616,2640,True,True,True,True,Eyes,1.315924,0.1203049,-1.559971,0.9457051,-0.2138264,0.2447859,0.0,0.0,0.0,0.0,0.0,0.0,0.0,-1.392749,-0.555859,-1.636552,1.545587,0.1161167,-1.588933,0.03309349,0.7386211,-0.09913078,0.6659708,10.98306,95.45439,355.1412,0.6133786,0.06117667,-0.7874159,0.0,0.0,0.0,3.554624,-0.231663,-1.476727,-0.3047597,0.01181363,2.019097,-0.1107758,-0.08314931,-0.9903611,0.1809235,0.9781559,-0.1023616,0.9772388,-0.1905187,-0.09331235,moving,75.48808,-41.138,-8.583352,0.3352306,8.639124940834574,0.8370920555633349
05/04/2023 16:19:00.932966,2641,True,True,True,True,Eyes,1.326553,0.1202021,-1.560801,0.9476377,-0.2128767,0.2380465,0.0,0.0,0.0,0.0,0.0,0.0,0.0,-1.388584,-0.5543765,-1.656561,1.558455,0.116646,-1.592892,0.03307151,0.7401529,-0.09797636,0.6644402,10.89344,95.71817,355.2543,0.61645,0.06094768,-0.7850314,0.0,0.0,0.0,3.568653,-0.2270603,-1.493045,-0.3018048,0.01368761,2.019338,-0.1148512,-0.08124291,-0.9900551,0.1791548,0.9786138,-0.1010869,0.9770942,-0.188983,-0.09783991,moving,75.89907,-41.80515,-8.500353,0.3883601,8.662208675537148,0.8513799758155353
05/04/2023 16:19:00.953094,2642,True,True,True,True,Eyes,1.337255,0.1202113,-1.561758,0.9495083,-0.2118804,0.2313886,0.0,0.0,0.0,0.0,0.0,0.0,0.0,-1.384225,-0.556964,-1.674955,1.570834,0.1192117,-1.596882,0.03131968,0.7414351,-0.0974133,0.6631771,10.71899,95.92432,355.1682,0.6194972,0.06071507,-0.782647,0.0,0.0,0.0,3.582719,-0.2163157,-1.507847,-0.2986006,0.01571884,2.019598,-0.1184306,-0.08276154,-0.9895074,0.1756476,0.9790595,-0.1029103,0.9773035,-0.1859923,-0.1014137,moving,76.30436,-42.48004,-8.410334,0.4459328,8.685188843141027,0.8657891500465612
05/04/2023 16:19:00.963095,2643,True,True,True,True,Eyes,1.34802,0.1203574,-1.562851,0.9513996,-0.2109168,0.2243943,0.0,0.0,0.0,0.0,0.0,0.0,0.0,-1.37843,-0.5600978,-1.694233,1.583222,0.1218979,-1.60086,0.03023671,0.7429948,-0.09692839,0.6615507,10.60522,96.18573,355.1376,0.6225188,0.06048431,-0.7802638,0.0,0.0,0.0,3.596398,-0.207783,-1.524632,-0.2952813,0.01782362,2.019868,-0.122873,-0.08331465,-0.9889192,0.1731775,0.9793813,-0.1040284,0.977196,-0.1840408,-0.1059113,moving,76.72893,-43.22666,-8.317063,0.5055734,8.709767236483737,0.8816286132321477
05/04/2023 16:19:00.982754,2644,True,True,True,True,Eyes,1.358854,0.120638,-1.564061,0.9532136,-0.2099065,0.2175389,0.0,0.0,0.0,0.0,0.0,0.0,0.0,-1.37364,-0.5621111,-1.712793,1.595524,0.1248175,-1.604757,0.02962834,0.7444091,-0.09614063,0.6601017,10.50092,96.42601,355.1686,0.6255123,0.0602615,-0.7778832,0.0,0.0,0.0,3.609776,-0.1996118,-1.540623,-0.2918857,0.0199769,2.020145,-0.126776,-0.08281396,-0.9884683,0.1710364,0.9797583,-0.1040205,0.9770744,-0.1822513,-0.1100456,moving,77.14434,-43.97705,-8.221628,0.5665707,8.734068713664605,0.8974999947380046
05/04/2023 16:19:01.002872,2645,True,True,True,True,Eyes,1.369747,0.1209824,-1.565427,0.955023,-0.2088157,0.2105398,0.0,0.0,0.0,0.0,0.0,0.0,0.0,-1.372625,-0.5600724,-1.729648,1.607896,0.1285285,-1.608607,0.02972881,0.7453315,-0.0942555,0.6593279,10.35259,96.58472,355.3368,0.6284764,0.06005196,-0.7755067,0.0,0.0,0.0,3.623177,-0.1900273,-1.553114,-0.2889556,0.02183481,2.020382,-0.128806,-0.0799749,-0.9884397,0.1686062,0.9804642,-0.1013011,0.9772313,-0.1797052,-0.1128054,moving,77.5677,-44.76444,-8.13926,0.6191866,8.759123814211272,0.9141006698273461
05/04/2023 16:19:01.022750,2646,True,True,True,True,Eyes,1.380699,0.1213761,-1.566905,0.9567624,-0.2076964,0.2036367,0.0,0.0,0.0,0.0,0.0,0.0,0.0,-1.371389,-0.5542668,-1.747944,1.620237,0.1307556,-1.61275,0.02996801,0.7464615,-0.0918493,0.6583776,10.17088,96.7802,355.5597,0.631409,0.05985698,-0.7731361,0.0,0.0,0.0,3.636692,-0.1807988,-1.567578,-0.2856317,0.02394247,2.020653,-0.1312821,-0.07620311,-0.988412,0.165683,0.9813313,-0.0976634,0.9774019,-0.1765845,-0.1162056,moving,77.9845,-45.56547,-8.045805,0.6788591,8.784120036134482,0.9309298450547031
05/04/2023 16:19:01.033173,2647,True,True,True,True,Eyes,1.391698,0.1217951,-1.568512,0.9584702,-0.2066712,0.1965241,0.0,0.0,0.0,0.0,0.0,0.0,0.0,-1.367369,-0.5517687,-1.767156,1.632591,0.1320918,-1.616843,0.02984037,0.7478779,-0.0904116,0.6569734,10.04621,97.02479,355.6806,0.6343091,0.05967708,-0.7707724,0.0,0.0,0.0,3.649946,-0.1740609,-1.58351,-0.2825563,0.0258931,2.020904,-0.1349914,-0.07416211,-0.9880676,0.1634299,0.9818706,-0.09602503,0.977276,-0.1744424,-0.1204238,moving,78.41271,-46.44164,-7.959314,0.7340695,8.81047874421523,0.9492199454544424
05/04/2023 16:19:01.052661,2648,True,True,True,True,Eyes,1.402731,0.1221846,-1.570204,0.9600932,-0.2057396,0.1894524,0.0,0.0,0.0,0.0,0.0,0.0,0.0,-1.359522,-0.5530123,-1.787603,1.644725,0.1331639,-1.620739,0.02928199,0.7497337,-0.08990385,0.6549498,9.971853,97.34523,355.6993,0.6371752,0.05951156,-0.7684176,0.0,0.0,0.0,3.662754,-0.168681,-1.602295,-0.2791817,0.02803272,2.021178,-0.1403667,-0.07385764,-0.987341,0.1616724,0.9821197,-0.09645144,0.9768108,-0.1731644,-0.1259162,moving,78.83739,-47.36002,-7.864398,0.7946126,8.837250207044224,0.9682884613265402
05/04/2023 16:19:01.072730,2649,True,True,True,True,Eyes,1.4138,0.1225579,-1.57199,0.9616354,-0.2050827,0.1822047,0.0,0.0,0.0,0.0,0.0,0.0,0.0,-1.350414,-0.557119,-1.807734,1.656865,0.1332672,-1.62448,0.02915379,0.7516434,-0.09021904,0.6527197,10.00206,97.68152,355.6936,0.6400068,0.05935733,-0.7660728,0.0,0.0,0.0,3.674928,-0.1678761,-1.621289,-0.2759489,0.03008251,2.021441,-0.1462143,-0.07394902,-0.9864852,0.161602,0.9820212,-0.0975666,0.9759644,-0.1736836,-0.1316352,moving,79.27113,-48.38067,-7.773453,0.8525965,8.865646571163824,0.9893178751498487
05/04/2023 16:19:01.082789,2650,True,True,True,True,Eyes,1.424893,0.1229433,-1.57385,0.9630898,-0.2045287,0.1750028,0.0,0.0,0.0,0.0,0.0,0.0,0.0,-1.33842,-0.572517,-1.825369,1.668432,0.1329009,-1.627816,0.02975196,0.7535558,-0.09308994,0.6500791,10.31031,98.03159,355.5584,0.6428035,0.0592122,-0.7637389,0.0,0.0,0.0,3.685036,-0.1767747,-1.64003,-0.2729607,0.03197719,2.021684,-0.153024,-0.07619211,-0.9852809,0.1658711,0.9808981,-0.1016147,0.9742024,-0.1789792,-0.137463,moving,79.70117,-49.44841,-7.689374,0.9061778,8.894511857029453,1.0112167113452317
05/04/2023 16:19:01.103889,2651,True,True,True,True,Eyes,1.436018,0.1233317,-1.575807,0.9645122,-0.2040122,0.1676164,0.0,0.0,0.0,0.0,0.0,0.0,0.0,-1.328016,-0.5801997,-1.844255,1.680001,0.1335919,-1.631345,0.03006238,0.7554909,-0.09403459,0.6476786,10.42953,98.38061,355.5455,0.6455645,0.05907563,-0.7614172,0.0,0.0,0.0,3.695956,-0.1781911,-1.659743,-0.2692088,0.03435595,2.021989,-0.1592177,-0.07638465,-0.9842842,0.1672321,0.9805076,-0.103143,0.9729765,-0.1810261,-0.1433403,moving,80.1414,-50.59349,-7.583794,0.9734283,8.924724387561673,1.034612639054008
05/04/2023 16:19:01.123333,2652,True,True,True,True,Eyes,1.447187,0.1237525,-1.577818,0.9659024,-0.2033328,0.1602757,0.0,0.0,0.0,0.0,0.0,0.0,0.0,-1.318839,-0.5794975,-1.864958,1.691937,0.1341347,-1.634802,0.0300412,0.7574578,-0.0931879,0.645501,10.36714,98.72933,355.6392,0.6482894,0.05894664,-0.7591084,0.0,0.0,0.0,3.708009,-0.1744005,-1.678406,-0.2663939,0.03614107,2.022219,-0.1648525,-0.07479587,-0.9834782,0.1658156,0.9808271,-0.1023885,0.9722804,-0.179955,-0.1492894,moving,80.57854,-51.75329,-7.504561,1.02388,8.955014908806259,1.058272121541123
05/04/2023 16:19:01.132680,2653,True,True,True,True,Eyes,1.458377,0.124214,-1.579924,0.967276,-0.2025392,0.1528233,0.0,0.0,0.0,0.0,0.0,0.0,0.0,-1.311386,-0.5680847,-1.88758,1.704107,0.1353388,-1.638022,0.02968168,0.7594467,-0.08991113,0.6436425,10.06552,99.07388,355.8848,0.650979,0.05882579,-0.7568126,0.0,0.0,0.0,3.721333,-0.1621849,-1.696865,-0.2634338,0.03801796,2.022459,-0.1696865,-0.07065795,-0.9829617,0.1608246,0.98207,-0.09835665,0.9722869,-0.1747742,-0.1552805,moving,81.02185,-52.96409,-7.421234,1.076913,8.986174341863897,1.082916488378233
05/04/2023 16:19:01.152815,2654,True,True,True,True,Eyes,1.469603,0.124703,-1.58209,0.9686068,-0.2016285,0.1454192,0.0,0.0,0.0,0.0,0.0,0.0,0.0,-1.305331,-0.5590237,-1.908236,1.715836,0.1367733,-1.641632,0.02932454,0.7611427,-0.08714548,0.642034,9.806134,99.36797,356.0861,0.653632,0.05871389,-0.7545313,0.0,0.0,0.0,3.733936,-0.1507356,-1.71443,-0.2600177,0.04018397,2.022737,-0.1738651,-0.06726041,-0.9824699,0.156541,0.9830915,-0.09500561,0.972248,-0.170315,-0.1603963,moving,81.46182,-54.19998,-7.325057,1.138096,9.017535067288566,1.108018272670162
05/04/2023 16:19:01.162878,2655,True,True,True,True,Eyes,1.480855,0.1251901,-1.584357,0.9699143,-0.2006447,0.1378698,0.0,0.0,0.0,0.0,0.0,0.0,0.0,-1.296146,-0.5516263,-1.930436,1.727854,0.1379673,-1.6451,0.02812145,0.7631476,-0.08489428,0.6400062,9.530321,99.71215,356.1776,0.6562492,0.05861111,-0.752264,0.0,0.0,0.0,3.746758,-0.138649,-1.733343,-0.2569864,0.04210634,2.022984,-0.1792025,-0.06574411,-0.9816132,0.1515874,0.9840043,-0.09357791,0.9720637,-0.1655695,-0.1663701,moving,81.90981,-55.50571,-7.239697,1.192381,9.050070461662827,1.1344669439980857
05/04/2023 16:19:01.183041,2656,True,True,True,True,Eyes,1.492134,0.1256929,-1.586648,0.9711391,-0.1997981,0.1302676,0.0,0.0,0.0,0.0,0.0,0.0,0.0,-1.281952,-0.5499189,-1.953997,1.739877,0.1384714,-1.648506,0.02706962,0.765703,-0.08401123,0.6371095,9.38966,100.162,356.1879,0.6588298,0.05851617,-0.7500124,0.0,0.0,0.0,3.758641,-0.1315988,-1.755927,-0.2539271,0.04404607,2.023232,-0.1867177,-0.06559413,-0.9802214,0.1485033,0.9844187,-0.09416268,0.9711248,-0.1631479,-0.1740674,moving,82.36001,-56.89579,-7.153539,1.247141,9.083759342483223,1.1625105448145145
05/04/2023 16:19:01.203159,2657,True,True,True,True,Eyes,1.503426,0.1262342,-1.588973,0.9722851,-0.1990951,0.1225675,0.0,0.0,0.0,0.0,0.0,0.0,0.0,-1.265414,-0.5552627,-1.976202,1.751702,0.1393639,-1.651387,0.02744222,0.7683757,-0.08441466,0.6338139,9.468818,100.651,356.2312,0.6613752,0.05842886,-0.7477757,0.0,0.0,0.0,3.769016,-0.131918,-1.779288,-0.2507273,0.04607495,2.023493,-0.195054,-0.06483448,-0.9786474,0.1491782,0.9842422,-0.09493781,0.9693813,-0.1645109,-0.1823085,moving,82.81512,-58.38259,-7.063412,1.3044,9.118855158709023,1.192393074797386
05/04/2023 16:19:01.212712,2658,True,True,True,True,Eyes,1.514735,0.1267794,-1.591324,0.9733345,-0.198569,0.1148486,0.0,0.0,0.0,0.0,0.0,0.0,0.0,-1.250111,-0.5620224,-1.996702,1.763247,0.140898,-1.654258,0.0287711,0.7708461,-0.08487047,0.6306868,9.621297,101.1147,356.354,0.6638857,0.05835005,-0.7455538,0.0,0.0,0.0,3.778591,-0.1344267,-1.801687,-0.2474076,0.04817964,2.023764,-0.2028133,-0.06269717,-0.9772084,0.1514095,0.9839385,-0.09455302,0.9674411,-0.1671352,-0.1900629,moving,83.27051,-59.95572,-6.969894,1.36378,9.15506122741343,1.2238995464643598
05/04/2023 16:19:01.232808,2659,True,True,True,True,Eyes,1.526054,0.1273075,-1.593732,0.9742793,-0.1983262,0.1069885,0.0,0.0,0.0,0.0,0.0,0.0,0.0,-1.234632,-0.5686272,-2.017098,1.774875,0.1416032,-1.657138,0.03067865,0.7733247,-0.08536584,0.6274873,9.818751,101.5888,356.5275,0.6663621,0.05827896,-0.743347,0.0,0.0,0.0,3.787798,-0.1396609,-1.824078,-0.2443191,0.05013848,2.024014,-0.2106368,-0.05968285,-0.9757407,0.1545811,0.983543,-0.0935301,0.965265,-0.170532,-0.1979445,moving,83.73328,-61.65503,-6.882883,1.41903,9.193137341430193,1.2578092110084511
05/04/2023 16:19:01.252675,2660,True,True,True,True,Eyes,1.537387,0.1278204,-1.596164,0.9751287,-0.19826,0.09908179,0.0,0.0,0.0,0.0,0.0,0.0,0.0,-1.216342,-0.5784984,-2.038033,1.786537,0.141849,-1.660087,0.03304535,0.7761055,-0.08654225,0.623762,10.11105,102.1298,356.7,0.6688042,0.05821385,-0.7411556,0.0,0.0,0.0,3.796151,-0.1485693,-1.848898,-0.2410824,0.0521907,2.024278,-0.2196585,-0.05667018,-0.9739297,0.1592569,0.9828369,-0.09310697,0.9624905,-0.1755567,-0.2068632,moving,84.19815,-63.44609,-6.791681,1.476894,9.23245735615321,1.293452435669725
05/04/2023 16:19:01.263226,2661,True,True,True,True,Eyes,1.548729,0.1283026,-1.598616,0.9758992,-0.1983044,0.09108289,0.0,0.0,0.0,0.0,0.0,0.0,0.0,-1.198139,-0.5864745,-2.058994,1.798137,0.1420594,-1.66297,0.03492805,0.7788286,-0.0873642,0.6201401,10.33505,102.6587,356.8563,0.6712127,0.05815334,-0.7389798,0.0,0.0,0.0,3.804564,-0.1549168,-1.873492,-0.2376298,0.05438039,2.024559,-0.2284127,-0.05395017,-0.9720685,0.162762,0.9822951,-0.09276289,0.9598626,-0.179404,-0.2155877,moving,84.6679,-65.33028,-6.694383,1.538615,9.2731374856359,1.330866980456558
05/04/2023 16:19:01.283114,2662,True,True,True,True,Eyes,1.560091,0.1287576,-1.601076,0.9765866,-0.1984565,0.08302794,0.0,0.0,0.0,0.0,0.0,0.0,0.0,-1.177868,-0.594,-2.080569,1.80971,0.1419461,-1.665466,0.03706333,0.781768,-0.08808863,0.6162026,10.56826,103.2355,357.0489,0.6735887,0.05809551,-0.7368193,0.0,0.0,0.0,3.81247,-0.1622962,-1.898765,-0.2346454,0.05627212,2.0248,-0.2378415,-0.05061103,-0.9699845,0.1665107,0.9817334,-0.09205271,0.956925,-0.1834068,-0.2250697,moving,85.14049,-67.2971,-6.610275,1.591923,9.314971529634581,1.3698468024134414
05/04/2023 16:19:01.303241,2663,True,True,True,True,Eyes,1.571475,0.1291781,-1.603539,0.9772129,-0.1985985,0.07492435,0.0,0.0,0.0,0.0,0.0,0.0,0.0,-1.157907,-0.5983182,-2.102586,1.821477,0.1417883,-1.667849,0.03883163,0.7846508,-0.08817258,0.6124058,10.71541,103.7997,357.255,0.6759334,0.05803882,-0.7346735,0.0,0.0,0.0,3.820785,-0.1666106,-1.923764,-0.2314231,0.05831528,2.025063,-0.2469025,-0.04705627,-0.9678972,0.1689333,0.9814354,-0.09080794,0.9542016,-0.1859308,-0.2343695,moving,85.61563,-69.33025,-6.519447,1.649478,9.357741448255386,1.4100842762494872
05/04/2023 16:19:01.322804,2664,True,True,True,True,Eyes,1.58289,0.1295537,-1.606005,0.9777735,-0.1987401,0.06679414,0.0,0.0,0.0,0.0,0.0,0.0,0.0,-1.139064,-0.6003149,-2.1244,1.833287,0.1415346,-1.670313,0.04001774,0.7873504,-0.08786947,0.6088982,10.78368,104.3245,357.4333,0.6782477,0.05798157,-0.7325419,0.0,0.0,0.0,3.8295,-0.1680647,-1.947686,-0.228076,0.06043755,2.025335,-0.2552832,-0.04399118,-0.9658651,0.1700231,0.9813551,-0.08963466,0.9517997,-0.1871016,-0.243044,moving,86.09206,-71.42313,-6.425093,1.709243,9.401318420540472,1.4514499840045723
05/04/2023 16:19:01.334745,2665,True,True,True,True,Eyes,1.594349,0.1298763,-1.608415,0.9782901,-0.1987847,0.05859288,0.0,0.0,0.0,0.0,0.0,0.0,0.0,-1.12054,-0.5984032,-2.146989,1.845476,0.1407681,-1.67262,0.0405982,0.7899782,-0.08694363,0.60558,10.75082,104.8281,357.5989,0.6805336,0.05792179,-0.7304235,0.0,0.0,0.0,3.839041,-0.1665957,-1.970516,-0.2250272,0.06237122,2.025584,-0.2632495,-0.04115926,-0.9638495,0.169446,0.9815852,-0.08819623,0.9497305,-0.186538,-0.2514276,moving,86.57247,-73.57683,-6.339138,1.763679,9.44581177144409,1.493975851872877
05/04/2023 16:19:01.353101,2666,True,True,True,True,Eyes,1.605832,0.1301364,-1.610826,0.9787391,-0.1988282,0.05036978,0.0,0.0,0.0,0.0,0.0,0.0,0.0,-1.101751,-0.5961069,-2.169303,1.857523,0.139809,-1.674854,0.04115944,0.7925861,-0.08598716,0.602262,10.71256,105.3302,357.7644,0.6827937,0.05785745,-0.7283164,0.0,0.0,0.0,3.848252,-0.1649752,-1.993448,-0.2217365,0.0644578,2.025852,-0.2711729,-0.0383288,-0.9617672,0.1688184,0.9818243,-0.08672693,0.9476105,-0.185882,-0.2597736,moving,87.05393,-75.78416,-6.246357,1.822401,9.491025914051882,1.5375142710886176
05/04/2023 16:19:01.372700,2667,True,True,True,True,Eyes,1.61735,0.1303253,-1.61321,0.9792233,-0.198381,0.04203467,0.0,0.0,0.0,0.0,0.0,0.0,0.0,-1.082689,-0.5945033,-2.191439,1.869585,0.1386794,-1.677341,0.0420124,0.795205,-0.08514673,0.5988607,10.70412,105.8418,357.9491,0.685029,0.05778629,-0.72622,0.0,0.0,0.0,3.857068,-0.1646919,-2.016727,-0.2185703,0.06646509,2.026109,-0.2792019,-0.03516513,-0.9595884,0.168799,0.98197,-0.08509907,0.9452796,-0.1857373,-0.268232,moving,87.542,-78.03662,-6.15708,1.878874,9.537049762142791,1.5819291066443828
05/04/2023 16:19:01.382707,2668,True,True,True,True,Eyes,1.628905,0.1304506,-1.615591,0.9796284,-0.1979718,0.03369612,0.0,0.0,0.0,0.0,0.0,0.0,0.0,-1.063786,-0.5917049,-2.213265,1.881714,0.1371653,-1.679475,0.04297067,0.7977309,-0.08411898,0.5955694,10.68403,106.3389,358.1549,0.6872413,0.05770592,-0.7241333,0.0,0.0,0.0,3.865891,-0.1644494,-2.039083,-0.2154176,0.06846456,2.026365,-0.2869012,-0.03163933,-0.9574376,0.1687555,0.982155,-0.0830246,0.942979,-0.1853927,-0.2764422,moving,88.02998,-80.34045,-6.068174,1.93511,9.583725153654848,1.6273091650953901
05/04/2023 16:19:01.402932,2669,True,True,True,True,Eyes,1.640486,0.1305079,-1.617966,0.980069,-0.1970384,0.0253078,0.0,0.0,0.0,0.0,0.0,0.0,0.0,-1.044875,-0.590278,-2.234538,1.894049,0.1357092,-1.681521,0.04387204,0.8001464,-0.08336612,0.5923607,10.68366,106.818,358.3347,0.6894313,0.05761456,-0.7220558,0.0,0.0,0.0,3.874745,-0.164689,-2.060758,-0.2122037,0.07050218,2.026627,-0.2943684,-0.0285575,-0.9552654,0.1689737,0.9822507,-0.08143406,0.9406356,-0.1853863,-0.2843181,moving,88.52081,-82.68095,-5.977533,1.992398,9.630969031278653,1.6733906298322565
05/04/2023 16:19:01.413114,2670,True,True,True,True,Eyes,1.652103,0.130488,-1.620327,0.9804378,-0.1961018,0.01690797,0.0,0.0,0.0,0.0,0.0,0.0,0.0,-1.024021,-0.5892522,-2.256341,1.906329,0.1341316,-1.683694,0.04434942,0.8027404,-0.08279465,0.5888854,10.67038,107.3296,358.4658,0.6916,0.05751045,-0.7199871,0.0,0.0,0.0,3.883207,-0.1643812,-2.083774,-0.2089487,0.07256653,2.026892,-0.3024943,-0.026311,-0.9527882,0.1687153,0.9823563,-0.08069177,0.9381006,-0.1851587,-0.2927181,moving,89.01202,-85.07212,-5.885729,2.05042,9.678872204529107,1.7204261578681197
05/04/2023 16:19:01.432933,2671,True,True,True,True,Eyes,1.663754,0.1303726,-1.62266,0.9808066,-0.1947993,0.008456409,0.0,0.0,0.0,0.0,0.0,0.0,0.0,-1.002352,-0.5874315,-2.278216,1.918651,0.1323292,-1.685621,0.04404422,0.8053178,-0.08227997,0.5854515,10.60835,107.8296,358.5191,0.6937484,0.05739167,-0.7179267,0.0,0.0,0.0,3.891856,-0.162385,-2.10615,-0.2058327,0.07454202,2.027145,-0.3106135,-0.02540269,-0.950197,0.1672811,0.9825802,-0.08095156,0.9357011,-0.1840946,-0.3009533,moving,89.50602,-87.5143,-5.797839,2.105927,9.727524505755806,1.768432387084982
05/04/2023 16:19:01.453165,2672,True,True,True,True,Eyes,1.675433,0.130154,-1.624964,0.9810932,-0.1935361,3.890991e-05,0.0,0.0,0.0,0.0,0.0,0.0,0.0,-0.9819187,-0.5856183,-2.298897,1.930977,0.1297646,-1.687165,0.04338751,0.8076003,-0.08202842,0.5823836,10.54622,108.2701,358.5157,0.6958782,0.0572557,-0.7158734,0.0,0.0,0.0,3.900759,-0.1609119,-2.12621,-0.2026595,0.0765543,2.027404,-0.3178939,-0.02546449,-0.9477844,0.1656235,0.9827777,-0.08195601,0.9335484,-0.1830287,-0.3082016,moving,89.99773,-89.98848,-5.708331,2.162448,9.77650342130247,1.817030385927466
05/04/2023 16:19:01.462749,2673,True,True,True,True,Eyes,1.687146,0.1298359,-1.627243,0.9813644,-0.1919717,-0.008413935,0.0,0.0,0.0,0.0,0.0,0.0,0.0,-0.9610826,-0.5853727,-2.319157,1.943284,0.1272474,-1.688871,0.04311551,0.8098937,-0.0820066,0.5792134,10.5317,108.7223,358.5335,0.69799,0.05710012,-0.713827,0.0,0.0,0.0,3.9091,-0.1609451,-2.147016,-0.1991674,0.078768,2.027687,-0.3253058,-0.02516067,-0.945274,0.1648366,0.982832,-0.08288708,0.931131,-0.1827794,-0.3155735,moving,-89.50877,87.49039,-5.609823,2.224607,1.1461458358034653,-2.282281303901087
05/04/2023 16:19:01.483045,2674,True,True,True,True,Eyes,1.698879,0.1294169,-1.629487,0.9815518,-0.1904519,-0.01686208,0.0,0.0,0.0,0.0,0.0,0.0,0.0,-0.9388564,-0.5860682,-2.339571,1.955768,0.1244514,-1.690563,0.04259245,0.8122582,-0.08228989,0.5758916,10.52931,109.1892,358.5086,0.7000848,0.05692288,-0.7117867,0.0,0.0,0.0,3.917352,-0.1618785,-2.167732,-0.1962599,0.08061203,2.027923,-0.3330699,-0.02558797,-0.942555,0.1639722,0.9828286,-0.08462399,0.9285353,-0.1827385,-0.3231548,moving,-89.01582,84.94038,-5.5278,2.276368,1.196135233725717,-2.2322526508805645
05/04/2023 16:19:01.503017,2675,True,True,True,True,Eyes,1.710653,0.1289355,-1.631683,0.9816808,-0.1888331,-0.02539723,0.0,0.0,0.0,0.0,0.0,0.0,0.0,-0.9153291,-0.5852295,-2.360013,1.967935,0.121452,-1.691881,0.04188237,0.8147231,-0.08237247,0.5724396,10.49628,109.6753,358.4812,0.7021636,0.05672215,-0.7097522,0.0,0.0,0.0,3.925038,-0.1617656,-2.18904,-0.1930616,0.08264016,2.028184,-0.3411178,-0.02606146,-0.9396594,0.1625516,0.9829213,-0.08627125,0.9258595,-0.1821718,-0.3310556,moving,-88.51802,82.33994,-5.437566,2.333277,1.2469394492642394,-2.1812554402385107
05/04/2023 16:19:01.512960,2676,True,True,True,True,Eyes,1.722457,0.1284509,-1.633856,0.9817174,-0.1872882,-0.03397046,0.0,0.0,0.0,0.0,0.0,0.0,0.0,-0.890058,-0.5921377,-2.379027,1.980269,0.1194077,-1.693184,0.04120082,0.8171647,-0.08383176,0.5687853,10.5957,110.169,358.366,0.7042277,0.056498,-0.7077221,0.0,0.0,0.0,3.932009,-0.1650649,-2.210474,-0.1898622,0.08466849,2.028444,-0.3495716,-0.02802884,-0.9364902,0.1627002,0.9825494,-0.09013987,0.9226746,-0.1838775,-0.3389111,moving,-88.01818,79.71942,-5.3473,2.390173,1.2980719669346419,-2.1298721106967675
05/04/2023 16:19:01.533255,2677,True,True,True,True,Eyes,1.734295,0.1279896,-1.635993,0.9816918,-0.1856353,-0.04266986,0.0,0.0,0.0,0.0,0.0,0.0,0.0,-0.8634211,-0.5974131,-2.39895,1.992699,0.1184495,-1.694839,0.04034981,0.819802,-0.08478431,0.5648967,10.63779,110.7004,358.2723,0.7062777,0.05625292,-0.705696,0.0,0.0,0.0,3.938776,-0.1653307,-2.233592,-0.1866312,0.08671734,2.028707,-0.3585274,-0.02963105,-0.933049,0.1619465,0.982367,-0.09342576,0.9193648,-0.1845997,-0.3474068,moving,-87.51117,77.05493,-5.256141,2.447626,1.350019272267967,-2.077631788400614
05/04/2023 16:19:01.558080,2678,True,True,True,True,Eyes,1.746147,0.1275746,-1.638092,0.9815834,-0.1839718,-0.05146245,0.0,0.0,0.0,0.0,0.0,0.0,0.0,-0.8302734,-0.6039863,-2.420148,2.005182,0.1188194,-1.695995,0.03822786,0.8229796,-0.08609229,0.5602065,10.63405,111.3313,358.0445,0.708314,0.05599032,-0.7036732,0.0,0.0,0.0,3.944605,-0.1622978,-2.259764,-0.1834737,0.08871942,2.028963,-0.3694144,-0.03353744,-0.9286592,0.1593804,0.9822535,-0.09887341,0.9154947,-0.1845354,-0.3575135,moving,-86.99885,74.37209,-5.167051,2.503748,1.4023888388718122,-2.0250239626984277
05/04/2023 16:19:01.572674,2679,True,True,True,True,Eyes,1.758029,0.1271007,-1.640119,0.9814005,-0.1821809,-0.06052469,0.0,0.0,0.0,0.0,0.0,0.0,0.0,-0.7980608,-0.6082191,-2.440855,2.01738,0.1193087,-1.697218,0.03602575,0.8260444,-0.0869813,0.5556862,10.58761,111.9413,357.834,0.7103369,0.0557142,-0.7016529,0.0,0.0,0.0,3.950189,-0.1576059,-2.285489,-0.1801065,0.0908545,2.029237,-0.3798301,-0.03715087,-0.9243099,0.1561863,0.9822728,-0.1036628,0.9117758,-0.1837388,-0.3672943,moving,-86.47094,71.62233,-5.072042,2.563578,1.456164416287383,-1.971091951158018
05/04/2023 16:19:01.585072,2680,True,True,True,True,Eyes,1.769922,0.1266736,-1.642112,0.9810818,-0.1806339,-0.06964143,0.0,0.0,0.0,0.0,0.0,0.0,0.0,-0.7643667,-0.6077759,-2.46208,2.029387,0.1178109,-1.697999,0.03381957,0.8292375,-0.08738173,0.5509862,10.49727,112.5807,357.6566,0.7123478,0.05542384,-0.6996345,0.0,0.0,0.0,3.95522,-0.1536734,-2.311371,-0.1770787,0.09277429,2.029483,-0.3905408,-0.04020333,-0.9197073,0.1523812,0.9824413,-0.1076522,0.9078864,-0.1821887,-0.3775572,moving,-85.93971,68.9164,-4.986606,2.617355,1.509499141135164,-1.917969699227124
05/04/2023 16:19:01.603252,2681,True,True,True,True,Eyes,1.78182,0.1264114,-1.644055,0.9806759,-0.1790134,-0.07892358,0.0,0.0,0.0,0.0,0.0,0.0,0.0,-0.7309532,-0.6230977,-2.479022,2.041539,0.1181692,-1.698896,0.03460001,0.8321815,-0.08972073,0.5461019,10.78465,113.2293,357.6426,0.7143466,0.05512293,-0.6976174,0.0,0.0,0.0,3.958293,-0.1615517,-2.336775,-0.1738703,0.094809,2.029745,-0.4011514,-0.04040635,-0.9151203,0.1555803,0.981506,-0.1115376,0.902703,-0.1871181,-0.387446,moving,-85.39883,66.20824,-4.896072,2.674331,1.5632046387333016,-1.8647644997979187
05/04/2023 16:19:01.613073,2682,True,True,True,True,Eyes,1.793718,0.1262452,-1.645991,0.9801791,-0.1773777,-0.08823834,0.0,0.0,0.0,0.0,0.0,0.0,0.0,-0.7020333,-0.6284398,-2.496626,2.053208,0.1213601,-1.700158,0.03388352,0.8348421,-0.08996151,0.5420308,10.77421,113.7865,357.611,0.7163333,0.05481962,-0.6956011,0.0,0.0,0.0,3.962919,-0.1560302,-2.36008,-0.1705643,0.0969053,2.030014,-0.410109,-0.04094905,-0.9111167,0.1540986,0.9815177,-0.1134755,0.8989239,-0.1869391,-0.396219,moving,-84.85595,63.55148,-4.802782,2.733012,1.6163259710681803,-1.8125169662066174
05/04/2023 16:19:01.632636,2683,True,True,True,True,Eyes,1.805603,0.1260685,-1.647918,0.9795948,-0.1756385,-0.09769875,0.0,0.0,0.0,0.0,0.0,0.0,0.0,-0.6713617,-0.6303992,-2.515458,2.064995,0.123743,-1.701805,0.03206318,0.8376533,-0.09003898,0.5377749,10.68028,114.3638,357.4847,0.7183068,0.05451838,-0.6935869,0.0,0.0,0.0,3.967558,-0.1482335,-2.384506,-0.1674592,0.09887411,2.030266,-0.4195402,-0.04312575,-0.9067118,0.1505571,0.9817299,-0.1163573,0.8951641,-0.1853284,-0.4053822,moving,-84.3045,60.91504,-4.715165,2.788106,1.6694923502820078,-1.760614951039273
05/04/2023 16:19:01.652962,2684,True,True,True,True,Eyes,1.81746,0.1259423,-1.649853,0.9788701,-0.1741063,-0.1072391,0.0,0.0,0.0,0.0,0.0,0.0,0.0,-0.6371554,-0.6294512,-2.534942,2.076343,0.1232472,-1.703442,0.02861653,0.8406707,-0.09068698,0.5331321,10.54388,114.9749,357.1675,0.7202662,0.05421875,-0.6915753,0.0,0.0,0.0,3.971157,-0.1412754,-2.410481,-0.1642911,0.100883,2.030524,-0.4299026,-0.04858213,-0.9015675,0.1448104,0.9819139,-0.121963,0.8911869,-0.1829886,-0.4150922,moving,-83.74795,58.36939,-4.625765,2.8443,1.7216824968069733,-1.7103978377218807
05/04/2023 16:19:01.662946,2685,True,True,True,True,Eyes,1.829248,0.1259839,-1.651815,0.9779986,-0.1727619,-0.116928,0.0,0.0,0.0,0.0,0.0,0.0,0.0,-0.6018221,-0.6400316,-2.551532,2.08759,0.124052,-1.705499,0.02790689,0.8437176,-0.09252409,0.528016,10.69606,115.6451,357.0472,0.7222105,0.05392283,-0.6895678,0.0,0.0,0.0,3.972399,-0.1436436,-2.437946,-0.1609617,0.1029943,2.030795,-0.4408403,-0.05061735,-0.8961571,0.1447995,0.981321,-0.1266578,0.8858289,-0.185599,-0.4252765,moving,-83.18217,55.90924,-4.531815,2.90334,1.773110353164053,-1.66174862974457
05/04/2023 16:19:01.683191,2686,True,True,True,True,Eyes,1.840963,0.126153,-1.653809,0.976977,-0.1716825,-0.1266538,0.0,0.0,0.0,0.0,0.0,0.0,0.0,-0.5684882,-0.6595097,-2.563928,2.097677,0.1284388,-1.707371,0.02971486,0.8465723,-0.09461997,0.5229527,11.02774,116.316,357.1588,0.7241368,0.05363733,-0.6875672,0.0,0.0,0.0,3.971537,-0.1495252,-2.463982,-0.1579188,0.1049231,2.031041,-0.451275,-0.04865199,-0.8910577,0.1492751,0.9803281,-0.1291264,0.8798112,-0.1912842,-0.435135,moving,-82.61346,53.58302,-4.445951,2.957258,1.8229351515019507,-1.6156044557199358
05/04/2023 16:19:01.703235,2687,True,True,True,True,Eyes,1.852595,0.1263885,-1.655852,0.9758013,-0.1708303,-0.1364881,0.0,0.0,0.0,0.0,0.0,0.0,0.0,-0.5351338,-0.6779663,-2.576263,2.107544,0.1317201,-1.709985,0.03065831,0.849377,-0.09699892,0.5178901,11.33426,116.9755,357.1712,0.7260427,0.05336647,-0.6855754,0.0,0.0,0.0,3.97028,-0.1552597,-2.490643,-0.1546977,0.1069658,2.031304,-0.4616999,-0.04838862,-0.8857154,0.1525505,0.9793026,-0.133022,0.8738201,-0.1965325,-0.4447622,moving,-82.03754,51.37624,-4.355058,3.014337,1.871493414446952,-1.571674748308593
05/04/2023 16:19:01.712968,2688,True,True,True,True,Eyes,1.864119,0.1266628,-1.657928,0.9744662,-0.1702227,-0.1464231,0.0,0.0,0.0,0.0,0.0,0.0,0.0,-0.4965289,-0.6985565,-2.588336,2.117278,0.1335749,-1.712688,0.03119556,0.8525155,-0.1002309,0.5120528,11.70334,117.722,357.1049,0.7279258,0.05311159,-0.6835954,0.0,0.0,0.0,3.96694,-0.1643113,-2.520235,-0.151282,0.1091316,2.031581,-0.4736574,-0.04945763,-0.8793193,0.1558364,0.9779612,-0.1389492,0.8668123,-0.2028443,-0.4555113,moving,-81.45468,49.29836,-4.258677,3.074833,1.9186549908581716,-1.5301384757966021
05/04/2023 16:19:01.732801,2689,True,True,True,True,Eyes,1.875537,0.1269371,-1.660008,0.9729481,-0.1695706,-0.1569005,0.0,0.0,0.0,0.0,0.0,0.0,0.0,-0.4583097,-0.7154176,-2.600067,2.126309,0.1349643,-1.715464,0.03143732,0.8556399,-0.1029355,0.5062572,12.00413,118.4661,357.0449,0.7297837,0.05287285,-0.6816301,0.0,0.0,0.0,3.962913,-0.1716109,-2.54946,-0.1481561,0.111114,2.031836,-0.4854307,-0.05042567,-0.8728198,0.1580218,0.9768319,-0.1443208,0.8598758,-0.2079822,-0.4662158,moving,-80.83918,47.2225,-4.170476,3.130188,1.9669487812901014,-1.4885013940789054
05/04/2023 16:19:01.752771,2690,True,True,True,True,Eyes,1.886835,0.1272102,-1.66213,0.9712774,-0.1690572,-0.1674511,0.0,0.0,0.0,0.0,0.0,0.0,0.0,-0.4166403,-0.7288963,-2.611667,2.134513,0.1350278,-1.717935,0.03058404,0.8589842,-0.1056874,0.5000411,12.24862,119.2554,356.882,0.7316153,0.05264883,-0.6796813,0.0,0.0,0.0,3.957209,-0.1780662,-2.579885,-0.1451113,0.113045,2.032085,-0.4980473,-0.05315364,-0.8655195,0.1582385,0.9757895,-0.150981,0.8525901,-0.2121541,-0.4775783,moving,-80.21819,45.27346,-4.084559,3.184084,2.0138209545932093,-1.4492248144859112
05/04/2023 16:19:01.762930,2691,True,True,True,True,Eyes,1.898021,0.1275219,-1.66429,0.969442,-0.1684183,-0.1783746,0.0,0.0,0.0,0.0,0.0,0.0,0.0,-0.3767473,-0.7390458,-2.623585,2.142825,0.1352592,-1.720851,0.02949414,0.86219,-0.1078368,0.4940949,12.42124,120.0126,356.7301,0.7334187,0.05243815,-0.6777512,0.0,0.0,0.0,3.951907,-0.1817058,-2.610004,-0.1417561,0.1151723,2.032358,-0.5100008,-0.05570406,-0.8583684,0.1574223,0.9750026,-0.1568057,0.8456462,-0.2150973,-0.488483,moving,-79.57435,43.3555,-3.989896,3.243444,2.0611076406668043,-1.4104352938659659
05/04/2023 16:19:01.783200,2692,True,True,True,True,Eyes,1.909092,0.1279058,-1.666518,0.9675032,-0.1676333,-0.1893054,0.0,0.0,0.0,0.0,0.0,0.0,0.0,-0.3401513,-0.7425739,-2.636473,2.151137,0.136309,-1.723988,0.02835129,0.8652489,-0.1085266,0.4886335,12.44556,120.7254,356.6538,0.7351922,0.05224117,-0.6758422,0.0,0.0,0.0,3.94776,-0.1796608,-2.638729,-0.1386775,0.1171242,2.032607,-0.5208671,-0.05699766,-0.8517329,0.1551213,0.9748363,-0.1600983,0.8394254,-0.2155119,-0.4989186,moving,-78.92915,41.52547,-3.903037,3.297886,2.107321863272315,-1.3732928172653605
05/04/2023 16:19:01.803057,2693,True,True,True,True,Eyes,1.920054,0.1283358,-1.66881,0.9654342,-0.1665901,-0.2004609,0.0,0.0,0.0,0.0,0.0,0.0,0.0,-0.3068113,-0.7325236,-2.652492,2.159315,0.1384889,-1.727603,0.02571605,0.8682743,-0.1068804,0.4837511,12.15067,121.3853,356.5547,0.7369339,0.05205946,-0.6739568,0.0,0.0,0.0,3.945415,-0.165188,-2.667135,-0.1355233,0.1191243,2.032865,-0.5306474,-0.05874979,-0.8455544,0.1480641,0.9758305,-0.1607226,0.8345602,-0.2104833,-0.5091232,moving,-78.2699,39.72779,-3.814045,3.353652,2.1536222167842958,-1.3366986879035454
05/04/2023 16:19:01.822612,2694,True,True,True,True,Eyes,1.930896,0.1287442,-1.671187,0.9632437,-0.1654026,-0.2116686,0.0,0.0,0.0,0.0,0.0,0.0,0.0,-0.2721281,-0.7238593,-2.667784,2.167311,0.1399135,-1.731556,0.02265797,0.8712859,-0.1058892,0.4786804,11.90043,122.0535,356.3736,0.7386422,0.0518934,-0.672097,0.0,0.0,0.0,3.942024,-0.1527757,-2.696198,-0.1322075,0.1212268,2.033134,-0.5407034,-0.06189108,-0.8389334,0.1408573,0.9765481,-0.1628278,0.8293365,-0.2062115,-0.5193051,moving,-77.60648,38.00487,-3.720504,3.412256,2.199117654625805,-1.3014920975261859
05/04/2023 16:19:01.832986,2695,True,True,True,True,Eyes,1.941623,0.1291568,-1.673645,0.9609157,-0.1640889,-0.2229708,0.0,0.0,0.0,0.0,0.0,0.0,0.0,-0.2339153,-0.7097907,-2.684257,2.175176,0.1396422,-1.735759,0.01820847,0.8745318,-0.1048108,0.4731568,11.56923,122.7702,356.0588,0.7403155,0.05174062,-0.6702651,0.0,0.0,0.0,3.937539,-0.1390274,-2.727191,-0.1290484,0.1232298,2.03339,-0.5515822,-0.06733616,-0.8313982,0.1310317,0.9773663,-0.1660899,0.8237644,-0.2005517,-0.5302747,moving,-76.93628,36.35014,-3.631387,3.468063,2.243984508952981,-1.2675384521330493
05/04/2023 16:19:01.852963,2696,True,True,True,True,Eyes,1.952222,0.1295732,-1.676194,0.9584368,-0.1628277,-0.2342779,0.0,0.0,0.0,0.0,0.0,0.0,0.0,-0.1947386,-0.7070762,-2.6972,2.18292,0.1400291,-1.740121,0.01501918,0.877616,-0.1054214,0.4673875,11.48308,123.4987,355.7759,0.7419522,0.05160005,-0.6684639,0.0,0.0,0.0,3.931308,-0.1333517,-2.757792,-0.125899,0.1252269,2.033647,-0.562647,-0.07218315,-0.8235401,0.1249074,0.9773214,-0.1709995,0.8172067,-0.1990786,-0.5408708,moving,-76.26411,34.80006,-3.542546,3.52368,2.287587435850475,-1.2355435441853015
05/04/2023 16:19:01.863160,2697,True,True,True,True,Eyes,2.214019,0.1400108,-1.741642,0.8527232,-0.12692,-0.5067095,0.0,0.0,0.0,0.0,0.0,0.0,0.0,-0.156019,-0.7093047,-2.708063,2.190348,0.1404572,-1.744622,0.01194659,0.8804783,-0.1070264,0.461693,11.50773,124.199,355.4468,0.7435508,0.05147068,-0.6666952,0.0,0.0,0.0,3.924409,-0.1315119,-2.787247,-0.1228005,0.1271916,2.033899,-0.5733936,-0.07778924,-0.8155787,0.1198641,0.9768053,-0.1774375,0.8104643,-0.1995001,-0.5507698,moving,-59.28016,14.06206,-3.455147,3.57838,3.1544383400906852,-0.7735172385876313
05/04/2023 16:19:01.892856,2698,True,True,True,True,Eyes,2.214291,0.1399858,-1.741839,0.852455,-0.1271112,-0.5071127,0.0,0.0,0.0,0.0,0.0,0.0,0.0,-0.1174488,-0.7163782,-2.716721,2.19737,0.1407854,-1.749088,0.00927555,0.8831666,-0.1095103,0.4560025,11.64756,124.8839,355.1099,0.749734,0.05125887,-0.6597506,0.7853897,0.03131282,-0.1963434,3.916527,-0.1338172,-2.815809,-0.1196171,0.12921,2.034158,-0.5839514,-0.08349022,-0.807484,0.1162576,0.9758429,-0.1849723,0.8034209,-0.201891,-0.5601385,moving,-59.25222,14.07165,-3.365359,3.634554,3.1553073301241215,-0.7735787067500218
05/04/2023 16:19:01.903229,2699,True,True,True,True,Eyes,2.214807,0.1399532,-1.742255,0.8520063,-0.1274839,-0.5077727,0.0,0.0,0.0,0.0,0.0,0.0,0.0,-0.0789026,-0.729597,-2.723033,2.204082,0.1401223,-1.753806,0.007302527,0.88568,-0.1131528,0.4502378,11.94719,125.5605,354.7831,0.7548185,0.05107205,-0.653942,0.7382663,0.02943405,-0.1845628,3.907463,-0.1427477,-2.843824,-0.1163106,0.1313067,2.034427,-0.5944653,-0.08895591,-0.799186,0.1148267,0.9742863,-0.1938585,0.7958807,-0.20701,-0.5689648,moving,-59.2062,14.09365,-3.272105,3.69288,3.1566595674859013,-0.7737965737267124
05/04/2023 16:19:01.912769,2700,True,True,True,True,Eyes,2.215566,0.1399185,-1.742867,0.8512831,-0.1280629,-0.5088388,0.0,0.0,0.0,0.0,0.0,0.0,0.0,-0.03789759,-0.7482305,-2.727395,2.210733,0.1399406,-1.758705,0.005294167,0.8881574,-0.1178649,0.4441354,12.36085,126.2573,354.4017,0.7590064,0.05090671,-0.6490895,0.6939704,0.02766801,-0.1734891,3.897098,-0.155214,-2.872071,-0.1131021,0.1333412,2.034688,-0.6054315,-0.09529185,-0.7901722,0.1141001,0.9721597,-0.2046625,0.7876763,-0.2140679,-0.5777032,moving,-59.1319,14.12663,-3.181623,3.74946,3.1588751407189855,-0.7741005911774602
05/04/2023 16:19:01.933052,2701,True,True,True,True,Eyes,2.216545,0.1399014,-1.743677,0.8503587,-0.128713,-0.5102186,0.0,0.0,0.0,0.0,0.0,0.0,0.0,0.003774524,-0.761431,-2.732632,2.217256,0.1397493,-1.76389,0.00286437,0.8907365,-0.1217369,0.4379047,12.6726,126.9768,354.0276,0.7624622,0.05075964,-0.6450383,0.6523322,0.02600793,-0.1630797,3.886083,-0.1640387,-2.901528,-0.1096488,0.1355312,2.03497,-0.6164627,-0.1015156,-0.7808128,0.1117212,0.9703438,-0.2143624,0.7794181,-0.2193797,-0.5868394,moving,-59.03608,14.15861,-3.084244,3.810335,3.1618669183275183,-0.7742943124660994
05/04/2023 16:19:01.952978,2702,True,True,True,True,Eyes,2.217733,0.1398832,-1.744669,0.8491884,-0.1293961,-0.5119919,0.0,0.0,0.0,0.0,0.0,0.0,0.0,0.04718482,-0.7727324,-2.737456,2.223623,0.1402033,-1.768855,0.0001104488,0.8933822,-0.1253441,0.4314594,12.94735,127.7211,353.6397,0.7653188,0.05062856,-0.6416567,0.6131923,0.02444745,-0.1532949,3.874446,-0.1712334,-2.930797,-0.1067818,0.1373491,2.035203,-0.6276856,-0.1079644,-0.770944,0.1083591,0.9685777,-0.223865,0.7708886,-0.2240556,-0.5962633,moving,-58.91343,14.18341,-3.003408,3.860848,3.1659020488492993,-0.7742389945457498
05/04/2023 16:19:01.973138,2703,True,True,True,True,Eyes,2.219139,0.1398758,-1.745838,0.8478739,-0.1298718,-0.514046,0.0,0.0,0.0,0.0,0.0,0.0,0.0,0.08786237,-0.7760038,-2.743802,2.229679,0.1400511,-1.774052,-0.002368017,0.8960546,-0.1273472,0.4252804,13.07381,128.4594,353.3643,0.7676849,0.05051083,-0.6388333,0.5764007,0.02298061,-0.1440972,3.862813,-0.1738326,-2.960492,-0.103508,0.1394245,2.035469,-0.6382621,-0.1125603,-0.7615457,0.1040728,0.9675542,-0.2302343,0.7627519,-0.226206,-0.6058388,moving,-58.77255,14.17886,-2.911106,3.918494,3.1709580002786275,-0.7735544719648263
05/04/2023 16:19:01.982870,2704,True,True,True,True,Eyes,2.220742,0.139874,-1.74721,0.8463429,-0.1302534,-0.5164667,0.0,0.0,0.0,0.0,0.0,0.0,0.0,0.1271554,-0.772581,-2.75188,2.236001,0.1402865,-1.779469,-0.004496191,0.8988397,-0.1277669,0.4192171,13.05664,129.2134,353.2081,0.769649,0.05040444,-0.6364741,0.5418167,0.02160177,-0.1354514,3.851582,-0.1712492,-2.990706,-0.1003532,0.1414252,2.035726,-0.648474,-0.1152068,-0.7524688,0.09904142,0.9673108,-0.2334537,0.7547668,-0.2259142,-0.6158656,moving,-58.60706,14.15487,-2.822171,3.974046,3.1771348061448212,-0.7723998971119233
05/04/2023 16:19:02.003130,2705,True,True,True,True,Eyes,2.222512,0.1398655,-1.748802,0.8447069,-0.1303407,-0.519116,0.0,0.0,0.0,0.0,0.0,0.0,0.0,0.1651103,-0.7648309,-2.761043,2.242302,0.1403625,-1.785487,-0.00696238,0.9015942,-0.1275211,0.4133012,12.95522,129.9551,353.0476,0.7712829,0.05030748,-0.6345009,0.5093076,0.02030566,-0.1273243,3.840456,-0.1657842,-3.021399,-0.09701753,0.1435404,2.035998,-0.6582674,-0.1179637,-0.7434842,0.09285478,0.9673798,-0.2356997,0.7470357,-0.2241895,-0.625841,moving,-58.42712,14.09458,-2.728143,4.032752,3.1842869121650326,-0.7705015498183952
05/04/2023 16:19:02.013119,2706,True,True,True,True,Eyes,2.224447,0.1398468,-1.750577,0.8428674,-0.1303127,-0.5221047,0.0,0.0,0.0,0.0,0.0,0.0,0.0,0.2030389,-0.7567496,-2.769484,2.248336,0.1403696,-1.791428,-0.009318504,0.9043135,-0.127221,0.4073638,12.85611,130.6991,352.8999,0.772663,0.05021742,-0.6328266,0.4787492,0.01908732,-0.1196849,3.828662,-0.160522,-3.051746,-0.09372282,0.1456295,2.036266,-0.6679361,-0.1205042,-0.7343981,0.08679677,0.967456,-0.2376874,0.7391402,-0.2225033,-0.6357394,moving,-58.22432,14.01419,-2.635282,4.090711,3.1925062004032703,-0.7681281848645954
05/04/2023 16:19:02.033060,2707,True,True,True,True,Eyes,2.22654,0.1398067,-1.752557,0.8405655,-0.1300567,-0.5258659,0.0,0.0,0.0,0.0,0.0,0.0,0.0,0.2402641,-0.7444532,-2.778644,2.25431,0.14002,-1.797577,-0.01160983,0.9070757,-0.1261365,0.4014581,12.68019,131.4516,352.7963,0.773898,0.05013093,-0.6313226,0.4500242,0.01794208,-0.1125038,3.816797,-0.153142,-3.082115,-0.09077841,0.1474965,2.036505,-0.6773934,-0.122339,-0.7253768,0.08021501,0.9679096,-0.2381524,0.7312346,-0.2195089,-0.6458421,moving,-57.96951,13.89159,-2.552303,4.142487,3.2031086200604237,-0.7647402585510313
05/04/2023 16:19:02.052964,2708,True,True,True,True,Eyes,2.228785,0.1397343,-1.754721,0.8380806,-0.1297096,-0.5299023,0.0,0.0,0.0,0.0,0.0,0.0,0.0,0.2763093,-0.7316447,-2.787668,2.260422,0.139348,-1.803836,-0.01369703,0.9097329,-0.1249215,0.3957182,12.50061,132.1847,352.7156,0.7750015,0.05004652,-0.6299741,0.4230228,0.01686556,-0.1057535,3.805026,-0.1458646,-3.111999,-0.08757544,0.1495272,2.036764,-0.6864389,-0.1237887,-0.7165737,0.07394613,0.9684141,-0.2381307,0.7234179,-0.2164501,-0.6556033,moving,-57.69562,13.75442,-2.462049,4.198786,3.2145736373444143,-0.7609973342484366
05/04/2023 16:19:02.063250,2709,True,True,True,True,Eyes,2.231187,0.1396114,-1.757068,0.8351442,-0.1292421,-0.5346313,0.0,0.0,0.0,0.0,0.0,0.0,0.0,0.3120258,-0.7199346,-2.795797,2.266271,0.1384507,-1.810247,-0.01579213,0.9122867,-0.1240103,0.3900066,12.3538,132.9059,352.616,0.7759858,0.04996251,-0.6287679,0.3976414,0.01585362,-0.09940834,3.792706,-0.1399234,-3.141442,-0.08431041,0.1515974,2.037029,-0.695291,-0.1255435,-0.7076788,0.06791573,0.9687441,-0.2385839,0.7155123,-0.2139478,-0.6650327,moving,-57.37399,13.59,-2.370057,4.256153,3.22807962780326,-0.7565392080308637
05/04/2023 16:19:02.082877,2710,True,True,True,True,Eyes,2.233744,0.1394302,-1.759615,0.8320855,-0.1287463,-0.539498,0.0,0.0,0.0,0.0,0.0,0.0,0.0,0.3460475,-0.7095551,-2.803449,2.272243,0.1372357,-1.816761,-0.01747833,0.9146819,-0.1232095,0.3845402,12.23681,133.5956,352.549,0.7768625,0.04987672,-0.6276913,0.3737829,0.01490241,-0.09344383,3.780927,-0.1354504,-3.169618,-0.08116311,0.1535931,2.037286,-0.7036468,-0.1267322,-0.6991569,0.06278376,0.9690279,-0.2388372,0.7077708,-0.2119527,-0.6738966,moving,-57.0419,13.42209,-2.281391,4.311433,3.242001186480203,-0.7519710060336422
05/04/2023 16:19:02.103304,2711,True,True,True,True,Eyes,2.236413,0.1392008,-1.762382,0.828806,-0.1281699,-0.5446588,0.0,0.0,0.0,0.0,0.0,0.0,0.0,0.3727844,-0.7019652,-2.811659,2.278591,0.1354891,-1.823956,-0.01830035,0.9166009,-0.1224764,0.3801416,12.15813,134.1556,352.5552,0.7776415,0.04978689,-0.6267331,0.351356,0.01400826,-0.0878372,3.772315,-0.1329338,-3.194582,-0.07800305,0.1555972,2.037544,-0.7103151,-0.126665,-0.6923934,0.05956849,0.9693292,-0.2384374,0.7013588,-0.2106105,-0.6809841,moving,-56.68866,13.242,-2.192377,4.366922,3.256828317836484,-0.747083929787961
05/04/2023 16:19:02.113103,2712,True,True,True,True,Eyes,2.239204,0.1389107,-1.765346,0.8254606,-0.1275386,-0.5498623,0.0,0.0,0.0,0.0,0.0,0.0,0.0,0.3996018,-0.6953986,-2.818951,2.2845,0.1343139,-1.831056,-0.01935017,0.9184524,-0.1219928,0.3757508,12.09583,134.7066,352.524,0.7783307,0.04969142,-0.6258847,0.3302746,0.01316777,-0.08256697,3.763032,-0.1303019,-3.219242,-0.07465863,0.1577175,2.037816,-0.7168739,-0.1272222,-0.6854973,0.05613336,0.9694867,-0.2386308,0.6949396,-0.2095474,-0.6878583,moving,-56.33131,13.05864,-2.098184,4.425604,3.271842936269849,-0.7421179121530032
05/04/2023 16:19:02.133092,2713,True,True,True,True,Eyes,2.242106,0.1385527,-1.768541,0.8219556,-0.126798,-0.5552579,0.0,0.0,0.0,0.0,0.0,0.0,0.0,0.4206451,-0.6870812,-2.827488,2.290307,0.1325114,-1.838654,-0.01989873,0.9200499,-0.1209085,0.3721469,11.98603,135.173,352.5634,0.7789375,0.04958844,-0.6251375,0.3104581,0.0123777,-0.07761295,3.755982,-0.1268085,-3.24182,-0.07159215,0.1596621,2.038064,-0.7222213,-0.1266071,-0.6799757,0.05337581,0.9699704,-0.2372942,0.6895993,-0.2076732,-0.6937755,moving,-55.95969,12.86342,-2.011831,4.479405,3.2875149690333756,-0.7368682878298349
05/04/2023 16:19:02.152749,2714,True,True,True,True,Eyes,2.245117,0.1381361,-1.771954,0.8184069,-0.1259711,-0.5606617,0.0,0.0,0.0,0.0,0.0,0.0,0.0,0.4379731,-0.677861,-2.837245,2.296397,0.1305676,-1.846831,-0.02001646,0.9214928,-0.1193532,0.3690602,11.84072,135.5857,352.6631,0.7794684,0.04947595,-0.6244844,0.2918306,0.01163504,-0.07295617,3.750534,-0.122176,-3.263587,-0.06839025,0.161692,2.038326,-0.7267879,-0.1249871,-0.6753946,0.05120698,0.9707083,-0.2347407,0.6849507,-0.2051916,-0.6990989,moving,-55.58633,12.66309,-1.921677,4.535542,3.303313860782524,-0.7315152123110438
05/04/2023 16:19:02.172870,2715,True,True,True,True,Eyes,2.248247,0.1376618,-1.775587,0.814652,-0.1251584,-0.566284,0.0,0.0,0.0,0.0,0.0,0.0,0.0,0.4571522,-0.667533,-2.8466,2.302142,0.1285734,-1.855083,-0.02036847,0.9230434,-0.1177633,0.3656608,11.68351,136.0347,352.7417,0.7799289,0.04935256,-0.6239188,0.2743208,0.01093694,-0.0685788,3.743678,-0.1171258,-3.286342,-0.06515813,0.1637417,2.038588,-0.7317546,-0.1237248,-0.6702443,0.04852089,0.9714338,-0.2322972,0.6798389,-0.2025054,-0.7048479,moving,-55.19592,12.46298,-1.830686,4.592202,3.3197148264877723,-0.7260937786769478
05/04/2023 16:19:02.183074,2716,True,True,True,True,Eyes,2.251479,0.1371465,-1.779457,0.8108389,-0.124275,-0.5719231,0.0,0.0,0.0,0.0,0.0,0.0,0.0,0.4736239,-0.6561903,-2.856981,2.30774,0.1266798,-1.864277,-0.02077079,0.9244794,-0.1159209,0.3625864,11.49431,136.4457,352.8208,0.7803238,0.0492172,-0.6234356,0.2578615,0.01028072,-0.06446408,3.737626,-0.1108621,-3.308993,-0.0619992,0.1657446,2.038845,-0.7361996,-0.122467,-0.6655919,0.0456584,0.9722618,-0.2293954,0.6752229,-0.1992706,-0.7101871,moving,-54.80287,12.25941,-1.741769,4.647547,3.3362535501461488,-0.7205960823802344
05/04/2023 16:19:02.203136,2717,True,True,True,True,Eyes,2.254813,0.1365826,-1.783554,0.8067611,-0.1235093,-0.5778251,0.0,0.0,0.0,0.0,0.0,0.0,0.0,0.4933414,-0.6466124,-2.866543,2.313421,0.1252612,-1.873754,-0.02144695,0.9260164,-0.1145448,0.3590447,11.34638,136.9035,352.8536,0.7806574,0.04906929,-0.6230295,0.2423898,0.009663877,-0.06059623,3.729997,-0.1054556,-3.333104,-0.058658,0.1678637,2.039118,-0.741254,-0.1219739,-0.6600493,0.04253294,0.9728391,-0.2275415,0.6698759,-0.1967399,-0.7159329,moving,-54.38869,12.06533,-1.647736,4.706075,3.353420941968655,-0.7151869294090116
05/04/2023 16:19:02.212932,2718,True,True,True,True,Eyes,2.339906,0.1213059,-1.892313,0.6905038,-0.1023487,-0.7160511,0.0,0.0,0.0,0.0,0.0,0.0,0.0,0.5139396,-0.6380831,-2.875528,2.318967,0.1234699,-1.883372,-0.02179266,0.9275988,-0.1132806,0.3553212,11.22551,137.384,352.918,0.7809335,0.04890821,-0.6226961,0.2278464,0.009084044,-0.05696046,3.721595,-0.1014675,-3.357492,-0.05547285,0.1698833,2.039377,-0.7465441,-0.1209317,-0.6542538,0.04007234,0.9733852,-0.2256447,0.6641285,-0.1946712,-0.7218289,moving,-43.95945,8.134468,-1.558111,4.761834,3.7735169028958753,-0.5969550211361097
05/04/2023 16:19:02.233001,2719,True,True,True,True,Eyes,2.340117,0.1212387,-1.892738,0.6900483,-0.1024475,-0.716476,0.0,0.0,0.0,0.0,0.0,0.0,0.0,0.5324602,-0.6323223,-2.884099,2.323962,0.1219118,-1.893597,-0.02182068,0.9290534,-0.1122984,0.3518137,11.14595,137.8349,353.0005,0.7805421,0.04789409,-0.6232653,0.4694554,-0.03729117,-0.379821,3.713281,-0.09877749,-3.381357,-0.05242211,0.1718178,2.039626,-0.751502,-0.1195614,-0.6488065,0.03847108,0.9738259,-0.2240161,0.6586083,-0.1933088,-0.7272324,moving,-43.92357,8.137455,-1.472282,4.815219,3.774751736570175,-0.5968586128130628
05/04/2023 16:19:02.253078,2720,True,True,True,True,Eyes,2.340512,0.1211127,-1.893591,0.6893038,-0.1025521,-0.7171773,0.0,0.0,0.0,0.0,0.0,0.0,0.0,0.5569797,-0.6300951,-2.891029,2.329011,0.1201285,-1.904356,-0.02168993,0.93077,-0.1120366,0.3473393,11.1567,138.3948,353.08,0.7801828,0.04703886,-0.62378,0.4412881,-0.0350537,-0.3570318,3.701699,-0.09943992,-3.408115,-0.04922622,0.1738438,2.039884,-0.7577699,-0.1182061,-0.6417258,0.03745273,0.9739547,-0.2236281,0.6514461,-0.193493,-0.7336063,moving,-43.86467,8.137789,-1.382387,4.871114,3.7768370580014405,-0.5966144590441311
05/04/2023 16:19:02.272863,2721,True,True,True,True,Eyes,2.341077,0.1209467,-1.89487,0.6881157,-0.1027488,-0.7182893,0.0,0.0,0.0,0.0,0.0,0.0,0.0,0.5835207,-0.6264553,-2.897657,2.333841,0.1184661,-1.915334,-0.02195651,0.9325751,-0.1117378,0.342544,11.14927,138.9903,353.1216,0.7798489,0.04631316,-0.6242517,0.4148108,-0.03295048,-0.3356099,3.688682,-0.09927205,-3.435948,-0.04595268,0.1759195,2.040149,-0.7643631,-0.1175024,-0.6339893,0.03559805,0.9740652,-0.2234499,0.6438028,-0.1933656,-0.7403566,moving,-43.77094,8.140739,-1.290322,4.928353,3.7801246911382056,-0.5962713876459628
05/04/2023 16:19:02.283292,2722,True,True,True,True,Eyes,2.341807,0.1207529,-1.896563,0.6866897,-0.1028895,-0.7196326,0.0,0.0,0.0,0.0,0.0,0.0,0.0,0.6120881,-0.6232452,-2.903679,2.338755,0.1174049,-1.926365,-0.02242185,0.934429,-0.1115591,0.3374823,11.14859,139.6138,353.1393,0.779533,0.04569178,-0.6246917,0.3899222,-0.03097345,-0.3154733,3.674824,-0.09879936,-3.46419,-0.04282206,0.1779047,2.040405,-0.7712058,-0.1172017,-0.6257038,0.03339518,0.9741037,-0.2236221,0.6357092,-0.1933541,-0.7473205,moving,-43.6581,8.13672,-1.202292,4.983068,3.7841791076591402,-0.5957160672441151
05/04/2023 16:19:02.302900,2723,True,True,True,True,Eyes,2.342696,0.1205324,-1.898668,0.6848534,-0.1030647,-0.7213554,0.0,0.0,0.0,0.0,0.0,0.0,0.0,0.6382694,-0.6164051,-2.91087,2.343448,0.1166438,-1.937821,-0.02361966,0.9361448,-0.1110147,0.3327926,11.07716,140.189,353.0874,0.7792311,0.04512735,-0.6251093,0.3665268,-0.02911504,-0.2965448,3.66179,-0.09545019,-3.49193,-0.03961575,0.1799375,2.040666,-0.7773826,-0.1181126,-0.6178398,0.02966689,0.9742357,-0.2235725,0.6283283,-0.1921308,-0.7538499,moving,-43.51307,8.131187,-1.112152,5.039072,3.7893948162760243,-0.594995422103588
05/04/2023 16:19:02.322675,2724,True,True,True,True,Eyes,2.343735,0.1203179,-1.901176,0.6827763,-0.1031958,-0.7233028,0.0,0.0,0.0,0.0,0.0,0.0,0.0,0.6641585,-0.6071796,-2.918663,2.34823,0.1157744,-1.949557,-0.02510426,0.9378375,-0.1102009,0.328156,10.96591,140.7579,353.0135,0.7789369,0.04460893,-0.6255133,0.3445352,-0.02736814,-0.2787521,3.64869,-0.09067898,-3.519944,-0.03617799,0.182118,2.040946,-0.7833671,-0.1194136,-0.6099811,0.02523873,0.9744511,-0.2231773,0.621047,-0.1902248,-0.760339,moving,-43.34906,8.119761,-1.015524,5.099121,3.7953589821465172,-0.5940833063443699
05/04/2023 16:19:02.335755,2725,True,True,True,True,Eyes,2.344954,0.1201936,-1.90404,0.6803564,-0.103301,-0.7255646,0.0,0.0,0.0,0.0,0.0,0.0,0.0,0.6927047,-0.6010202,-2.925085,2.352878,0.1156803,-1.961573,-0.0264859,0.9395973,-0.1098275,0.3230995,10.9103,141.3715,352.9367,0.7786453,0.04413227,-0.62591,0.3238631,-0.02572605,-0.262027,3.634344,-0.08742595,-3.548367,-0.03337413,0.1838955,2.041174,-0.7898104,-0.1207426,-0.6013492,0.02119823,0.9744729,-0.2235023,0.6129847,-0.189272,-0.7670894,moving,-43.15826,8.102931,-0.9367287,5.148049,3.80234244585405,-0.5929557050476599
05/04/2023 16:19:02.352976,2726,True,True,True,True,Eyes,2.346306,0.120112,-1.907272,0.6777719,-0.1032795,-0.7279825,0.0,0.0,0.0,0.0,0.0,0.0,0.0,0.7201775,-0.5938559,-2.931838,2.357703,0.1172603,-1.973445,-0.02734086,0.9413761,-0.1086191,0.3182222,10.78371,141.979,352.9478,0.7783523,0.04369521,-0.6263049,0.3044313,-0.02418249,-0.2463054,3.620175,-0.07976844,-3.576661,-0.03011417,0.1859626,2.041439,-0.7959743,-0.1206061,-0.5931939,0.01765397,0.9749087,-0.2219039,0.6050729,-0.187102,-0.773873,moving,-42.95439,8.074718,-0.8451343,5.204932,3.809934672232071,-0.5915585654455839
05/04/2023 16:19:02.363183,2727,True,True,True,True,Eyes,2.347835,0.1200229,-1.910844,0.6749342,-0.1032252,-0.7306219,0.0,0.0,0.0,0.0,0.0,0.0,0.0,0.7415594,-0.5837814,-2.940189,2.362291,0.1185507,-1.98518,-0.02786493,0.9429222,-0.1066245,0.3142496,10.57743,142.4889,353.0139,0.7780547,0.04329548,-0.6267025,0.2861654,-0.02273154,-0.2315271,3.608636,-0.06957185,-3.60254,-0.02687961,0.1880139,2.041703,-0.8009418,-0.1195623,-0.5866835,0.01446448,0.9757095,-0.2185903,0.5985678,-0.1835641,-0.7797573,moving,-42.73115,8.041757,-0.754272,5.261347,3.8182745981847006,-0.5899898196631621
05/04/2023 16:19:02.382884,2728,True,True,True,True,Eyes,2.349492,0.1199753,-1.91478,0.6719587,-0.1031517,-0.7333697,0.0,0.0,0.0,0.0,0.0,0.0,0.0,0.7595857,-0.5759503,-2.949339,2.367208,0.1181622,-1.997412,-0.02846864,0.9441749,-0.1053717,0.3108377,10.44435,142.9178,353.0343,0.7777489,0.04292795,-0.6271071,0.2689955,-0.02136765,-0.2176355,3.599408,-0.06371811,-3.626779,-0.02378541,0.1899757,2.041954,-0.8051387,-0.1192657,-0.5809708,0.01174825,0.9761727,-0.2166769,0.5929699,-0.1812804,-0.7845532,moving,-42.49784,8.006384,-0.6673716,5.315283,3.827002516788345,-0.5883329195525079
05/04/2023 16:19:02.403121,2729,True,True,True,True,Eyes,2.35126,0.120016,-1.919056,0.668785,-0.1031563,-0.7362644,0.0,0.0,0.0,0.0,0.0,0.0,0.0,0.7808882,-0.5738254,-2.95651,2.371933,0.1191074,-2.009915,-0.02901249,0.9454756,-0.1049841,0.3069407,10.4111,143.3933,353.0325,0.777432,0.04259037,-0.627523,0.2528558,-0.02008559,-0.2045773,3.5882,-0.06003056,-3.652028,-0.02057576,0.1920109,2.042215,-0.8098916,-0.119309,-0.5743182,0.009586626,0.9762732,-0.2163301,0.5865017,-0.1807097,-0.7895317,moving,-42.2504,7.975665,-0.577248,5.371211,3.836172403798349,-0.5867034228453419
05/04/2023 16:19:02.413263,2730,True,True,True,True,Eyes,2.353124,0.1201433,-1.92366,0.6654726,-0.1031809,-0.7392563,0.0,0.0,0.0,0.0,0.0,0.0,0.0,0.8014975,-0.5743243,-2.962897,2.376322,0.1212803,-2.022222,-0.02924035,0.9467233,-0.1046771,0.303155,10.39724,143.8562,353.0608,0.7771009,0.04228248,-0.6279536,0.2376844,-0.01888045,-0.1923027,3.576958,-0.05581583,-3.676539,-0.01739097,0.1940303,2.042476,-0.8144845,-0.1188318,-0.5678862,0.008101733,0.9763754,-0.2159292,0.5801293,-0.1804718,-0.7942798,moving,-41.99329,7.945668,-0.4878417,5.426677,3.8456761483775344,-0.5850463825583594
05/04/2023 16:19:02.432984,2731,True,True,True,True,Eyes,2.355114,0.1203923,-1.92856,0.661972,-0.1033144,-0.7423741,0.0,0.0,0.0,0.0,0.0,0.0,0.0,0.823481,-0.5775652,-2.968108,2.380464,0.1235185,-2.034576,-0.02884395,0.9480416,-0.1045178,0.2991007,10.42335,144.3547,353.1552,0.7767535,0.04200398,-0.6284021,0.2234234,-0.01774763,-0.1807645,3.564403,-0.05292937,-3.701482,-0.01416957,0.1960732,2.042737,-0.8194137,-0.1172132,-0.5610904,0.007832168,0.9764882,-0.215429,0.5731493,-0.18092,-0.7992297,moving,-41.72326,7.922828,-0.3974294,5.482769,3.855547032553652,-0.5834689394425666
05/04/2023 16:19:02.453061,2732,True,True,True,True,Eyes,2.357188,0.1207365,-1.933755,0.6583529,-0.1034223,-0.7455705,0.0,0.0,0.0,0.0,0.0,0.0,0.0,0.846503,-0.583766,-2.972481,2.384758,0.126605,-2.046923,-0.02771032,0.9494187,-0.1043105,0.2948822,10.47032,144.8798,353.3347,0.7763889,0.04175603,-0.628869,0.210018,-0.01668277,-0.1699187,3.551338,-0.04993412,-3.726538,-0.01099461,0.1980862,2.042994,-0.8245532,-0.114136,-0.5541524,0.008901224,0.9767029,-0.2144112,0.5657143,-0.1817261,-0.8043276,moving,-41.44511,7.897422,-0.308341,5.538016,3.8657386925963286,-0.5818087382916829
05/04/2023 16:19:02.463285,2733,True,True,True,True,Eyes,2.359354,0.1211538,-1.939228,0.6546,-0.103614,-0.748841,0.0,0.0,0.0,0.0,0.0,0.0,0.0,0.8669386,-0.5870839,-2.977691,2.388873,0.1293473,-2.058991,-0.02625456,0.9507521,-0.1033764,0.2910233,10.44486,145.3734,353.5724,0.7760046,0.04153784,-0.6293575,0.1974169,-0.0156818,-0.1597235,3.539097,-0.04460105,-3.75067,-0.007690847,0.2001811,2.043263,-0.8292325,-0.110093,-0.5479539,0.01024673,0.9772481,-0.211852,0.5588103,-0.1812892,-0.8092377,moving,-41.15836,7.877762,-0.2156605,5.595483,3.8761622167336287,-0.5802199794914206
05/04/2023 16:19:02.482679,2734,True,True,True,True,Eyes,2.361589,0.121599,-1.944954,0.6507429,-0.1039415,-0.7521501,0.0,0.0,0.0,0.0,0.0,0.0,0.0,0.8862603,-0.5936532,-2.982537,2.392914,0.1315456,-2.071249,-0.02483811,0.9519284,-0.1031587,0.2873566,10.49353,145.8333,353.7776,0.7755992,0.0413483,-0.6298696,0.1855719,-0.01474089,-0.1501401,3.527635,-0.04255657,-3.77387,-0.004615068,0.2021313,2.043513,-0.8336185,-0.1065748,-0.5419611,0.01199844,0.9774827,-0.2106741,0.5522102,-0.1821245,-0.8135689,moving,-40.8656,7.868017,-0.1293965,5.648958,3.8866725842887337,-0.5787920402372081
05/04/2023 16:19:02.502862,2735,True,True,True,True,Eyes,2.363875,0.1220647,-1.950915,0.6466637,-0.1045738,-0.7555729,0.0,0.0,0.0,0.0,0.0,0.0,0.0,0.9060733,-0.604143,-2.985691,2.396705,0.1329798,-2.082889,-0.02361393,0.9529685,-0.103973,0.2836952,10.64758,146.2773,353.9255,0.7751714,0.04118505,-0.6304068,0.1744376,-0.01385644,-0.1411317,3.515812,-0.0449463,-3.795977,-0.001353025,0.2041998,2.043778,-0.837919,-0.1039999,-0.5357949,0.01398659,0.977264,-0.2115643,0.5456157,-0.1847676,-0.8174134,moving,-40.55886,7.879867,-0.03793104,5.705652,3.8974036772308427,-0.5777105833458428
05/04/2023 16:19:02.513056,2736,True,True,True,True,Eyes,2.366219,0.1225502,-1.957085,0.642481,-0.1053566,-0.7590245,0.0,0.0,0.0,0.0,0.0,0.0,0.0,0.9306356,-0.6247566,-2.984913,2.400469,0.1337967,-2.094267,-0.02217631,0.953971,-0.106756,0.2793758,11.02827,146.7779,354.0374,0.7747213,0.04104623,-0.6309687,0.1639713,-0.01302505,-0.1326638,3.501631,-0.05602992,-3.818243,0.001941502,0.2062886,2.044047,-0.8429147,-0.1019612,-0.5282978,0.01733899,0.9762228,-0.2160753,0.5377676,-0.1912932,-0.8211046,moving,-40.24645,7.902466,0.05442138,5.762874,3.9081989217613065,-0.5768070683756934
05/04/2023 16:19:02.533170,2737,True,True,True,True,Eyes,2.368601,0.1230139,-1.963453,0.6381541,-0.1062331,-0.7625443,0.0,0.0,0.0,0.0,0.0,0.0,0.0,0.9524008,-0.6397455,-2.985664,2.404183,0.1348385,-2.105292,-0.02076896,0.954949,-0.1084027,0.2754817,11.27949,147.2417,354.1831,0.7742488,0.0409297,-0.631556,0.154133,-0.01224355,-0.124704,3.488817,-0.06229477,-3.839451,0.005125761,0.2083074,2.044305,-0.847357,-0.09939247,-0.521639,0.02005932,0.9756351,-0.2184809,0.5306447,-0.195595,-0.8247175,moving,-39.92512,7.931055,0.1436595,5.818156,3.9192342730327754,-0.5759782216603171
05/04/2023 16:19:02.553150,2738,True,True,True,True,Eyes,2.429273,0.1342379,-2.127254,0.5227352,-0.1268584,-0.8430035,0.0,0.0,0.0,0.0,0.0,0.0,0.0,0.9686842,-0.6512837,-2.988532,2.407788,0.134947,-2.116173,-0.01911609,0.9557654,-0.1093191,0.2723909,11.45234,147.6205,354.3732,0.7737526,0.04083206,-0.6321702,0.144885,-0.01150894,-0.1172218,3.478737,-0.06669989,-3.858845,0.00823015,0.2102762,2.044559,-0.8508757,-0.09609606,-0.5165041,0.02301408,0.9753678,-0.2193809,0.5248631,-0.1985527,-0.8277052,moving,-31.8025,8.557876,0.2306367,5.872039,4.199408989125138,-0.553224731171023
05/04/2023 16:19:02.563132,2739,True,True,True,True,Eyes,2.429426,0.1342537,-2.127707,0.5223927,-0.1267456,-0.8432328,0.0,0.0,0.0,0.0,0.0,0.0,0.0,0.9846729,-0.6552829,-2.992953,2.411286,0.1350895,-2.127015,-0.01806722,0.9566626,-0.1091814,0.2693509,11.48823,148.0001,354.5318,0.7709472,0.04089115,-0.6355846,0.3182074,0.02285385,-0.6015913,3.468261,-0.06594992,-3.8789,0.01178849,0.2125328,2.044849,-0.8542477,-0.09338465,-0.5114106,0.02424772,0.9755061,-0.2186323,0.5193009,-0.1991666,-0.8310594,moving,-31.77871,8.548091,0.3303046,5.933771,4.2003776948562015,-0.5529396511130962
05/04/2023 16:19:02.582925,2740,True,True,True,True,Eyes,2.429719,0.1343373,-2.128584,0.5218245,-0.1264484,-0.8436291,0.0,0.0,0.0,0.0,0.0,0.0,0.0,1.000952,-0.6531942,-2.998968,2.414819,0.1354031,-2.138385,-0.0175189,0.9576555,-0.1081697,0.2662487,11.41125,148.3924,354.6642,0.76859,0.04094756,-0.6384293,0.2991149,0.02148262,-0.5654958,3.458057,-0.06135815,-3.899477,0.01463741,0.2143392,2.04508,-0.8576096,-0.09115423,-0.5061589,0.02404593,0.9759848,-0.2165074,0.513739,-0.1978499,-0.834822,moving,-31.73875,8.524389,0.4100806,5.98317,4.202097438166288,-0.552324220339737
05/04/2023 16:19:02.602672,2741,True,True,True,True,Eyes,2.430159,0.1344693,-2.129872,0.5208808,-0.1258733,-0.844298,0.0,0.0,0.0,0.0,0.0,0.0,0.0,1.019538,-0.6441934,-3.00541,2.418371,0.1368999,-2.149342,-0.01774672,0.9588031,-0.1061945,0.2628774,11.20435,148.8197,354.7438,0.7666026,0.04100266,-0.6408108,0.281168,0.02019366,-0.531566,3.446504,-0.05079294,-3.92085,0.01780999,0.2163503,2.045336,-0.8611611,-0.08986346,-0.500326,0.02180103,0.9768156,-0.2129696,0.5078645,-0.1943087,-0.8392364,moving,-31.67208,8.479561,0.4988967,6.038145,4.205034025924383,-0.5511981166173763
05/04/2023 16:19:02.622860,2742,True,True,True,True,Eyes,2.43073,0.1346121,-2.131548,0.5196784,-0.1251994,-0.8451387,0.0,0.0,0.0,0.0,0.0,0.0,0.0,1.041933,-0.6266399,-3.012464,2.422001,0.1382848,-2.160561,-0.01874137,0.9601846,-0.1031949,0.2589309,10.86333,149.3192,354.7752,0.7649185,0.04105717,-0.6428168,0.264298,0.01898204,-0.4996721,3.432646,-0.03550904,-3.944108,0.02108234,0.2184256,2.045603,-0.8652073,-0.08943105,-0.4933749,0.01745035,0.9779992,-0.2078778,0.5011109,-0.1884669,-0.8446113,moving,-31.58749,8.426549,0.5904793,6.094841,4.208710665559793,-0.5498419851111773
05/04/2023 16:19:02.633076,2743,True,True,True,True,Eyes,2.431431,0.1347822,-2.13357,0.5179307,-0.1244067,-0.8463279,0.0,0.0,0.0,0.0,0.0,0.0,0.0,1.06624,-0.6165419,-3.016826,2.425697,0.1386651,-2.171404,-0.01928685,0.9614707,-0.10154,0.2547388,10.68616,149.8359,354.8141,0.763482,0.04111065,-0.644519,0.2484401,0.01784312,-0.4696917,3.417892,-0.02705011,-3.966651,0.02439767,0.220528,2.045873,-0.8694725,-0.08881985,-0.485931,0.01464488,0.9786353,-0.2050817,0.4937646,-0.1854292,-0.8495956,moving,-31.46555,8.362351,0.6832374,6.152249,4.2138549316072655,-0.5481167842185005
05/04/2023 16:19:02.653031,2744,True,True,True,True,Eyes,2.432245,0.1349942,-2.135941,0.5159677,-0.1236939,-0.8476304,0.0,0.0,0.0,0.0,0.0,0.0,0.0,1.090502,-0.6154398,-3.018784,2.429378,0.1394504,-2.181674,-0.01944971,0.9625725,-0.101267,0.2506408,10.67303,150.3287,354.8502,0.7622459,0.04116326,-0.645977,0.2335337,0.01677253,-0.4415102,3.403502,-0.02405517,-3.987602,0.02770764,0.2226266,2.046142,-0.8736018,-0.08820681,-0.4785806,0.01331978,0.9787334,-0.2047035,0.486459,-0.185204,-0.8538483,moving,-31.32962,8.302517,0.7758178,6.20953,4.219439895516146,-0.5464141308329084
05/04/2023 16:19:02.662753,2745,True,True,True,True,Eyes,2.432245,0.1349942,-2.135941,0.5159677,-0.1236939,-0.8476304,0.0,0.0,0.0,0.0,0.0,0.0,0.0,1.113744,-0.6202626,-3.019873,2.432907,0.1407056,-2.192246,-0.01899077,0.9635792,-0.1015796,0.2466502,10.74229,150.8079,354.9368,0.7611061,0.04121425,-0.6473163,0.2195217,0.01576618,-0.4150196,3.389467,-0.02356805,-4.008057,0.03087109,0.2246327,2.0464,-0.8776065,-0.08670747,-0.4714758,0.01351101,0.9786419,-0.2051281,0.4791921,-0.1863917,-0.8576909,moving,-31.32962,8.302517,0.8642735,6.26426,4.219439895516146,-0.5464141308329084
05/04/2023 16:19:02.682744,2746,True,True,True,True,Eyes,2.432245,0.1349942,-2.135941,0.5159677,-0.1236939,-0.8476304,0.0,0.0,0.0,0.0,0.0,0.0,0.0,1.136065,-0.6292837,-3.019874,2.436501,0.1415893,-2.202201,-0.01791332,0.9644907,-0.1023297,0.2428284,10.87648,151.268,355.0784,0.7600781,0.04126004,-0.6485202,0.2063504,0.01482021,-0.3901184,3.376303,-0.02583773,-4.027008,0.03380907,0.2264956,2.046641,-0.8814272,-0.08425157,-0.4647453,0.01514264,0.9784155,-0.2060918,0.4720775,-0.1886923,-0.8611262,moving,-31.32962,8.302517,0.9463997,6.315054,4.219439895516146,-0.5464141308329084
05/04/2023 16:19:02.702696,2747,True,True,True,True,Eyes,2.433429,0.1352322,-2.139443,0.5129228,-0.1231623,-0.8495536,0.0,0.0,0.0,0.0,0.0,0.0,0.0,1.157429,-0.6463283,-3.018552,2.440053,0.1420365,-2.212464,-0.01622361,0.9652454,-0.104211,0.2391196,11.15242,151.709,355.2551,0.7591513,0.04130116,-0.6496022,0.1939693,0.013931,-0.3667113,3.36333,-0.03343343,-4.045539,0.03701597,0.2285289,2.046901,-0.8851174,-0.08115734,-0.4582369,0.01851828,0.9777537,-0.2089372,0.4649996,-0.1934197,-0.8639239,moving,-31.12172,8.24887,1.036019,6.370481,4.227499262092012,-0.5445217716959734
05/04/2023 16:19:02.712999,2748,True,True,True,True,Eyes,2.434702,0.1354676,-2.14321,0.509737,-0.1228339,-0.8515164,0.0,0.0,0.0,0.0,0.0,0.0,0.0,1.178172,-0.6681145,-3.015842,2.443568,0.1418975,-2.222299,-0.01411803,0.9658824,-0.1067928,0.2355147,11.51641,152.1354,355.4592,0.7582783,0.04134135,-0.6506185,0.1823312,0.01309514,-0.3447087,3.350706,-0.04474031,-4.06292,0.04019153,0.2305426,2.047158,-0.8886669,-0.07757524,-0.4519435,0.02302984,0.9767919,-0.2129486,0.4579744,-0.1996485,-0.8662562,moving,-30.90569,8.208473,1.124735,6.425345,4.235678176476539,-0.5428439064873244
05/04/2023 16:19:02.733245,2749,True,True,True,True,Eyes,2.436022,0.1357207,-2.147256,0.5061655,-0.1222668,-0.8537255,0.0,0.0,0.0,0.0,0.0,0.0,0.0,1.197861,-0.6887936,-3.013527,2.446924,0.1421274,-2.232265,-0.01194366,0.9665076,-0.1090186,0.2320249,11.84075,152.5536,355.6827,0.7574517,0.0413803,-0.6515782,0.1713913,0.01230943,-0.3240261,3.338166,-0.05416754,-4.080265,0.04346567,0.2326187,2.047425,-0.8920439,-0.07367733,-0.4459034,0.0275028,0.9759446,-0.2162771,0.4511118,-0.2051922,-0.8685591,moving,-30.66329,8.150225,1.216174,6.481881,4.245020131714581,-0.5407183743561704
05/04/2023 16:19:02.753126,2750,True,True,True,True,Eyes,2.437421,0.135984,-2.151553,0.5024611,-0.1217437,-0.8559856,0.0,0.0,0.0,0.0,0.0,0.0,0.0,1.21804,-0.7009459,-3.012965,2.450229,0.1429,-2.242512,-0.01054194,0.9672512,-0.1100645,0.2284725,12.0112,152.9836,355.8557,0.7566633,0.04141839,-0.6524912,0.1611078,0.01157086,-0.3045846,3.325297,-0.05764733,-4.098381,0.04660964,0.2346121,2.047681,-0.8953784,-0.07068681,-0.43966,0.02989998,0.9755493,-0.2177371,0.4443011,-0.2081029,-0.8713723,moving,-30.41282,8.094682,1.303951,6.536136,4.254613907453992,-0.5386093761441921
05/04/2023 16:19:02.763085,2751,True,True,True,True,Eyes,2.438886,0.1362503,-2.156108,0.4984332,-0.1208521,-0.8584632,0.0,0.0,0.0,0.0,0.0,0.0,0.0,1.239985,-0.7041015,-3.013585,2.453552,0.1434392,-2.25267,-0.01000197,0.9681358,-0.1100858,0.224709,12.04389,153.4395,355.9636,0.7559068,0.04145572,-0.6533651,0.1514414,0.01087661,-0.2863095,3.311307,-0.05635289,-4.117347,0.0500043,0.2367647,2.047956,-0.8988116,-0.06884108,-0.4328955,0.03010802,0.9755621,-0.2176511,0.4372998,-0.208661,-0.874774,moving,-30.13992,8.013283,1.398695,6.594701,4.265332973521524,-0.5359189926099492
05/04/2023 16:19:02.783215,2752,True,True,True,True,Eyes,2.440438,0.1365103,-2.160896,0.494264,-0.1198529,-0.8610102,0.0,0.0,0.0,0.0,0.0,0.0,0.0,1.264371,-0.696924,-3.015678,2.457111,0.1436495,-2.262879,-0.01040536,0.9691949,-0.1089226,0.2206558,11.91981,153.9306,356.0008,0.7551753,0.04149221,-0.6542081,0.1423549,0.01022402,-0.2691309,3.296664,-0.05007655,-4.137042,0.05296457,0.2386419,2.048197,-0.9024057,-0.06823844,-0.4254501,0.02789914,0.9760551,-0.2157265,0.4299836,-0.2065424,-0.878894,moving,-29.85803,7.924668,1.481289,6.645748,4.276462946770533,-0.533054745578184
05/04/2023 16:19:02.802997,2753,True,True,True,True,Eyes,2.442052,0.136744,-2.165929,0.4898589,-0.1185161,-0.8637084,0.0,0.0,0.0,0.0,0.0,0.0,0.0,1.289827,-0.6810047,-3.019405,2.46092,0.143824,-2.273193,-0.01156139,0.9703643,-0.106682,0.2165146,11.65595,154.4333,355.9815,0.7544645,0.04152745,-0.6550253,0.1338136,0.009610576,-0.2529831,3.281544,-0.03875097,-4.157474,0.05618393,0.2406832,2.04846,-0.905976,-0.06863393,-0.4177292,0.02375888,0.9769706,-0.2120472,0.4226628,-0.2020344,-0.8834811,moving,-29.56007,7.813202,1.57108,6.701226,4.288454278222535,-0.5296926399765891
05/04/2023 16:19:02.813322,2754,True,True,True,True,Eyes,2.44375,0.1369334,-2.171183,0.4853124,-0.1171457,-0.8664576,0.0,0.0,0.0,0.0,0.0,0.0,0.0,1.314559,-0.6708351,-3.021638,2.46451,0.1435321,-2.283413,-0.01191805,0.9714459,-0.1050481,0.2124052,11.48048,154.9341,356.034,0.7537705,0.04156044,-0.6558217,0.1257848,0.009033941,-0.2378041,3.266217,-0.03091466,-4.177246,0.05948973,0.2427795,2.048728,-0.909484,-0.06778099,-0.4101763,0.02147003,0.9776457,-0.2091599,0.4151841,-0.1990341,-0.8876979,moving,-29.25367,7.699741,1.663253,6.758178,4.300770460409041,-0.5262571488864086
05/04/2023 16:19:02.833171,2755,True,True,True,True,Eyes,2.445516,0.137086,-2.176661,0.4805043,-0.1155996,-0.8693402,0.0,0.0,0.0,0.0,0.0,0.0,0.0,1.340772,-0.6609035,-3.023538,2.468395,0.1425158,-2.294114,-0.01215612,0.9725454,-0.1035157,0.2080677,11.32002,155.4614,356.0983,0.7530881,0.04158986,-0.6566035,0.1182377,0.008491904,-0.2235358,3.250332,-0.0243826,-4.197509,0.06266767,0.2447944,2.048986,-0.9131201,-0.0667213,-0.4021939,0.01943178,0.9782735,-0.206406,0.4072273,-0.1962888,-0.8919846,moving,-28.93044,7.574409,1.75183,6.812894,4.313835017512899,-0.5225269596900384
05/04/2023 16:19:02.853212,2756,True,True,True,True,Eyes,2.44735,0.1371879,-2.182343,0.4755578,-0.1141015,-0.8722532,0.0,0.0,0.0,0.0,0.0,0.0,0.0,1.366346,-0.6580484,-3.023744,2.472093,0.1417762,-2.304693,-0.01168715,0.97354,-0.1027453,0.2037815,11.26167,155.9824,356.2215,0.7524148,0.04161464,-0.6573733,0.1111434,0.00798239,-0.2101237,3.234442,-0.02112781,-4.217012,0.06587803,0.2468302,2.049248,-0.9166734,-0.064631,-0.3943772,0.01911936,0.9786136,-0.2048166,0.3991804,-0.1952901,-0.8958333,moving,-28.59949,7.452679,1.841277,6.868143,4.327127545555051,-0.5188316535216739
05/04/2023 16:19:02.863088,2757,True,True,True,True,Eyes,2.449223,0.1372277,-2.18824,0.4703181,-0.1126641,-0.8752758,0.0,0.0,0.0,0.0,0.0,0.0,0.0,1.392568,-0.6576911,-3.022645,2.475599,0.1406943,-2.315124,-0.01092999,0.9745093,-0.1023081,0.1993623,11.2472,156.5187,356.3701,0.7517481,0.04163347,-0.6581343,0.1044748,0.007503447,-0.1975163,3.217669,-0.01965218,-4.236308,0.06925106,0.2489687,2.049523,-0.9202705,-0.06209551,-0.3863244,0.01949002,0.9788272,-0.2037585,0.3907973,-0.1950423,-0.8995755,moving,-28.25078,7.334691,1.935224,6.926152,4.341002446369586,-0.5151311737338355
05/04/2023 16:19:02.883101,2758,True,True,True,True,Eyes,2.451172,0.1371956,-2.194345,0.4648958,-0.1113597,-0.8783342,0.0,0.0,0.0,0.0,0.0,0.0,0.0,1.422351,-0.6625776,-3.018758,2.479232,0.1393026,-2.325723,-0.00973336,0.9754983,-0.102616,0.1943671,11.32767,157.1214,356.5573,0.7510839,0.04164487,-0.6588914,0.09820633,0.00705324,-0.1856653,3.199189,-0.02209227,-4.255805,0.07212996,0.2507941,2.049757,-0.9242536,-0.05888011,-0.377212,0.02090061,0.9787505,-0.2039872,0.3812071,-0.1964198,-0.9033831,moving,-27.89194,7.225699,2.015379,6.975644,4.355122067776088,-0.5115567214995087
05/04/2023 16:19:02.902769,2759,True,True,True,True,Eyes,2.453146,0.1370959,-2.200662,0.459235,-0.1101553,-0.8814585,0.0,0.0,0.0,0.0,0.0,0.0,0.0,1.452347,-0.6687822,-3.014422,2.482917,0.1377469,-2.336552,-0.008278368,0.9764659,-0.1029935,0.1893099,11.42031,157.7334,356.7739,0.7504204,0.04164717,-0.6596469,0.09231395,0.006630045,-0.1745254,3.180153,-0.02488327,-4.275521,0.0753547,0.2528391,2.050019,-0.9281862,-0.05516245,-0.3680041,0.02282828,0.9786476,-0.2042735,0.3714146,-0.1980048,-0.9071081,moving,-27.51927,7.123288,2.105133,7.031066,4.369648453996745,-0.5080471701702365
05/04/2023 16:19:02.913192,2760,True,True,True,True,Eyes,2.504166,0.1327667,-2.363137,0.3080679,-0.08001484,-0.9479936,0.0,0.0,0.0,0.0,0.0,0.0,0.0,1.483078,-0.6763041,-3.009418,2.486828,0.135965,-2.347489,-0.006628842,0.9774115,-0.1035018,0.1841475,11.53031,158.359,357.0118,0.7497557,0.04163905,-0.6604028,0.08677511,0.006232243,-0.1640538,3.16089,-0.02848827,-4.295145,0.07854855,0.2548642,2.050278,-0.9320914,-0.05107741,-0.3586036,0.02516098,0.9784868,-0.204769,0.361348,-0.1998863,-0.9107541,moving,-18.00252,4.824581,2.193995,7.085926,4.736569637328585,-0.42437473601862213
05/04/2023 16:19:02.933162,2761,True,True,True,True,Eyes,2.504288,0.1326862,-2.363597,0.307635,-0.07999782,-0.9481356,2.044884,3.133366,-0.03090005,-4.302424,-0.5961213,-0.1308169,0.7921656,0.08631152,0.2524834,2.036968,2.490511,0.134063,-2.358212,-0.005782202,0.9783275,-0.1033908,0.179311,11.55021,158.9415,357.1689,0.7466986,0.04121112,-0.6638842,0.2346269,-0.007129081,-0.6416345,3.142296,-0.02893791,-4.31428,0.08200675,0.2570567,2.050559,-0.9356282,-0.04839198,-0.349654,0.02576443,0.9785538,-0.2043737,0.3520453,-0.2002265,-0.9143158,moving,-17.97633,4.822841,2.290175,7.145285,4.737520949626181,-0.42423067404069387
05/04/2023 16:19:02.952927,2762,True,True,True,True,Eyes,2.504556,0.132519,-2.364481,0.3067871,-0.07994052,-0.9484151,0.0,0.0,0.0,0.0,0.0,0.0,0.0,1.543837,-0.6758049,-3.002028,2.494212,0.1320592,-2.369343,-0.005671666,0.9792653,-0.1033951,0.1741178,11.5678,159.5566,357.2435,0.7441587,0.04085685,-0.6667517,0.2205493,-0.006701336,-0.6031365,3.122532,-0.02975719,-4.333815,0.08505255,0.2589881,2.050808,-0.9393018,-0.04711399,-0.3398421,0.02489773,0.9785545,-0.2044776,0.3421878,-0.2005274,-0.917985,moving,-17.92502,4.817989,2.37485,7.197546,4.7394031009636155,-0.42392130994648797
05/04/2023 16:19:02.972968,2763,True,True,True,True,Eyes,2.504954,0.1322746,-2.365791,0.3055284,-0.07980071,-0.9488331,0.0,0.0,0.0,0.0,0.0,0.0,0.0,1.577078,-0.6698115,-2.997698,2.497891,0.1299226,-2.380268,-0.005968049,0.9802558,-0.102929,0.1687264,11.52407,160.1932,357.2838,0.7420436,0.04055995,-0.669123,0.2073163,-0.006299256,-0.5669483,3.101444,-0.0283263,-4.353512,0.08850771,0.2611791,2.051088,-0.9429915,-0.04643412,-0.3295615,0.02303327,0.97874,-0.2038075,0.3320187,-0.1997797,-0.921874,moving,-17.84879,4.807494,2.470871,7.256811,4.742241254858204,-0.4233999187115427
05/04/2023 16:19:02.982955,2764,True,True,True,True,Eyes,2.505502,0.1319578,-2.367501,0.3038724,-0.07951053,-0.9493891,0.0,0.0,0.0,0.0,0.0,0.0,0.0,1.613634,-0.6578662,-2.992894,2.501915,0.1276152,-2.391266,-0.006963052,0.9813321,-0.1019674,0.1629165,11.41179,160.8739,357.2581,0.7402748,0.04030697,-0.6710947,0.1948773,-0.005921301,-0.5329314,3.079328,-0.02501547,-4.373378,0.09141743,0.2630242,2.051325,-0.9468195,-0.04689049,-0.3183303,0.01955823,0.9791083,-0.2023966,0.3211704,-0.197859,-0.9261218,moving,-17.74839,4.787302,2.551702,7.306686,4.746060474031021,-0.42259348587069223
05/04/2023 16:19:03.002665,2765,True,True,True,True,Eyes,2.506154,0.1315843,-2.369609,0.3018871,-0.07908548,-0.9500577,0.0,0.0,0.0,0.0,0.0,0.0,0.0,1.651587,-0.6367769,-2.989494,2.50642,0.1255812,-2.40258,-0.008504135,0.9825213,-0.09970579,0.1569665,11.14289,161.5727,357.1952,0.7387872,0.04008674,-0.6727451,0.1831847,-0.005566022,-0.5009555,3.056646,-0.01570999,-4.393929,0.0945968,0.26504,2.051584,-0.9505783,-0.04801191,-0.3067499,0.01458994,0.9799729,-0.1985958,0.3101416,-0.1932564,-0.9308406,moving,-17.628,4.758491,2.639991,7.361158,4.750698726170623,-0.42154004725981936
05/04/2023 16:19:03.013215,2766,True,True,True,True,Eyes,2.506952,0.1312091,-2.3721,0.2995472,-0.07851885,-0.9508451,0.0,0.0,0.0,0.0,0.0,0.0,0.0,1.686906,-0.6222801,-2.985299,2.510597,0.123841,-2.413808,-0.009391493,0.9835554,-0.098102,0.1513495,10.96064,162.234,357.1877,0.7375255,0.03989039,-0.6741397,0.1721936,-0.005232061,-0.4708982,3.034841,-0.00904744,-4.413449,0.09791726,0.2671457,2.051853,-0.9540102,-0.04816948,-0.2958785,0.01122126,0.9805756,-0.1958203,0.2995638,-0.1901347,-0.9349386,moving,-17.48613,4.720658,2.732162,7.418029,4.756214008016627,-0.42022569245258456
05/04/2023 16:19:03.033132,2767,True,True,True,True,Eyes,2.507874,0.1308518,-2.374956,0.296984,-0.07777879,-0.9517096,0.0,0.0,0.0,0.0,0.0,0.0,0.0,1.72202,-0.6070921,-2.9814,2.514984,0.1233894,-2.425342,-0.01017805,0.9845903,-0.09606035,0.1457772,10.73068,162.8928,357.1969,0.736368,0.03970086,-0.6754152,0.161862,-0.004918137,-0.4426443,3.013648,0.0004593981,-4.432794,0.1008772,0.2690226,2.052094,-0.9572909,-0.04804921,-0.2851061,0.007964397,0.9813377,-0.1921276,0.2890169,-0.1861927,-0.939043,moving,-17.3307,4.672134,2.814291,7.46869,4.76234661623689,-0.4186527235233287
05/04/2023 16:19:03.052745,2768,True,True,True,True,Eyes,2.508927,0.1304744,-2.378173,0.2940675,-0.07693206,-0.9526834,0.0,0.0,0.0,0.0,0.0,0.0,0.0,1.75706,-0.5920567,-2.976868,2.519225,0.1234338,-2.436761,-0.0108605,0.9856019,-0.09389602,0.1401947,10.48878,163.5533,357.2174,0.7352964,0.039517,-0.6765922,0.1521503,-0.004623049,-0.4160856,2.991993,0.01103446,-4.451775,0.104037,0.271026,2.052351,-0.9604549,-0.0477357,-0.2743128,0.004919191,0.9821312,-0.1881333,0.2783918,-0.182043,-0.943058,moving,-17.15404,4.616789,2.901932,7.522745,4.769319332140078,-0.4168612737060218
05/04/2023 16:19:03.064639,2769,True,True,True,True,Eyes,2.510105,0.1300713,-2.381723,0.2908723,-0.07604212,-0.9537352,0.0,0.0,0.0,0.0,0.0,0.0,0.0,1.793607,-0.5792414,-2.970803,2.523515,0.1225458,-2.448483,-0.0112201,0.9865851,-0.09207994,0.1343332,10.29259,164.2466,357.2691,0.7342993,0.03933734,-0.6776846,0.1430213,-0.004345666,-0.3911205,2.969138,0.01915922,-4.470873,0.1072987,0.2730941,2.052616,-0.9636576,-0.04687796,-0.262996,0.002599617,0.9827908,-0.1847038,0.2671286,-0.1786749,-0.9469518,moving,-16.96078,4.558598,2.992363,7.578514,4.776917235180694,-0.4149457472698603
05/04/2023 16:19:03.083170,2770,True,True,True,True,Eyes,2.511396,0.1296452,-2.385593,0.287342,-0.07521258,-0.9548705,0.0,0.0,0.0,0.0,0.0,0.0,0.0,1.831061,-0.568571,-2.962996,2.527767,0.1215992,-2.459879,-0.01179605,0.9874839,-0.09087327,0.1283688,10.16266,164.9452,357.2849,0.7333662,0.03916038,-0.6787044,0.13444,-0.004084926,-0.3676533,2.945808,0.02473224,-4.489181,0.1104967,0.2751221,2.052878,-0.9667648,-0.0466274,-0.2513804,3.378064e-05,0.9832059,-0.1825003,0.2556682,-0.1764433,-0.9505273,moving,-16.74772,4.503735,3.080988,7.63317,4.785175160126259,-0.4130085915210347
05/04/2023 16:19:03.103055,2771,True,True,True,True,Eyes,2.512784,0.1292555,-2.389784,0.2836316,-0.07453276,-0.9560324,0.0,0.0,0.0,0.0,0.0,0.0,0.0,1.868979,-0.566515,-2.952757,2.531976,0.1205386,-2.471308,-0.01233607,0.9882048,-0.09126115,0.1223534,10.21548,165.6406,357.2794,0.7324879,0.03898484,-0.6796625,0.1263736,-0.003839831,-0.345594,2.922169,0.02360876,-4.506881,0.1137969,0.2772147,2.053145,-0.9697548,-0.04671335,-0.2395689,-0.002048888,0.9830384,-0.1833882,0.2440721,-0.1773507,-0.953402,moving,-16.52435,4.457791,3.172412,7.689548,4.7936851728757155,-0.41119525062425466
05/04/2023 16:19:03.112917,2772,True,True,True,True,Eyes,2.514266,0.1289946,-2.394266,0.2796136,-0.07399201,-0.9572573,0.0,0.0,0.0,0.0,0.0,0.0,0.0,1.906159,-0.5702524,-2.941546,2.536024,0.1210629,-2.482992,-0.01294041,0.9887958,-0.09247614,0.1164623,10.36195,166.316,357.2538,0.7316558,0.03881142,-0.6805681,0.1187912,-0.003609441,-0.3248584,2.89885,0.0206461,-4.524196,0.1171053,0.2793126,2.053415,-0.9725383,-0.04713081,-0.2279215,-0.004050887,0.9825614,-0.1858942,0.2327082,-0.1798659,-0.9557695,moving,-16.28301,4.419937,3.264017,7.74603,4.8027295910742165,-0.4094575728930634
05/04/2023 16:19:03.133292,2773,True,True,True,True,Eyes,2.515859,0.1287718,-2.399035,0.2753636,-0.07359178,-0.9585193,0.0,0.0,0.0,0.0,0.0,0.0,0.0,1.943069,-0.5745121,-2.929579,2.539779,0.1234748,-2.494452,-0.01384734,0.9893376,-0.09371331,0.1106213,10.50752,166.9821,357.194,0.7308625,0.03864335,-0.6814294,0.1116637,-0.003392874,-0.3053669,2.875586,0.01937075,-4.540778,0.1201481,0.2812417,2.053661,-0.9751422,-0.04813276,-0.2162882,-0.006666024,0.9820521,-0.1884918,0.2214789,-0.1823646,-0.9579614,moving,-16.02831,4.390358,3.348236,7.797951,4.81214250915482,-0.40781863665965484
05/04/2023 16:19:03.152875,2774,True,True,True,True,Eyes,2.517529,0.1286148,-2.404099,0.2707971,-0.07323168,-0.9598469,0.0,0.0,0.0,0.0,0.0,0.0,0.0,1.982154,-0.5687304,-2.917811,2.543706,0.1245694,-2.506002,-0.01531279,0.9899736,-0.0938475,0.104454,10.52206,167.6857,357.0894,0.7301016,0.03848088,-0.6822538,0.1049639,-0.003189302,-0.2870449,2.85072,0.02150425,-4.557637,0.123384,0.2832935,2.053926,-0.9777101,-0.04992401,-0.2039392,-0.01071303,0.9819163,-0.1890121,0.2096875,-0.1826141,-0.9605644,moving,-15.7551,4.362939,3.437757,7.853132,4.822184570923674,-0.4061416009774281
05/04/2023 16:19:03.163231,2775,True,True,True,True,Eyes,2.519271,0.1285854,-2.409442,0.2660091,-0.07287984,-0.9612116,0.0,0.0,0.0,0.0,0.0,0.0,0.0,2.020501,-0.5631382,-2.906125,2.547289,0.12569,-2.518061,-0.01682688,0.9905553,-0.0940562,0.09833793,10.54608,168.382,356.9777,0.7293674,0.03832524,-0.6830475,0.09866603,-0.002997944,-0.2698222,2.825593,0.02332472,-4.574581,0.12668,0.2853836,2.054194,-0.9800929,-0.05183449,-0.191653,-0.01483733,0.9817406,-0.1896452,0.1979837,-0.1830263,-0.962966,moving,-15.46908,4.335917,3.528901,7.909322,4.832676029429701,-0.4044175619634207
05/04/2023 16:19:03.183284,2776,True,True,True,True,Eyes,2.521058,0.1286885,-2.415066,0.2608747,-0.07240494,-0.9626536,0.0,0.0,0.0,0.0,0.0,0.0,0.0,2.061219,-0.5531917,-2.892798,2.550534,0.1287749,-2.530044,-0.0186002,0.9912154,-0.0933953,0.0917786,10.47087,169.1313,356.851,0.7286536,0.03817904,-0.6838171,0.09274607,-0.002818067,-0.2536328,2.798211,0.03058316,-4.591415,0.129864,0.2874026,2.054452,-0.9824613,-0.054017,-0.1784704,-0.01973024,0.9818627,-0.1885639,0.1854191,-0.1817355,-0.9657079,moving,-15.16272,4.30134,3.616914,7.963576,4.843985376540455,-0.40246502912761056
05/04/2023 16:19:03.202875,2777,True,True,True,True,Eyes,2.522884,0.1288887,-2.420953,0.2555124,-0.07174541,-0.9641401,0.0,0.0,0.0,0.0,0.0,0.0,0.0,2.103776,-0.5325926,-2.879559,2.553714,0.1321925,-2.542135,-0.02105593,0.9919698,-0.09134646,0.08490413,10.23293,169.9169,356.6629,0.7279552,0.03804497,-0.6845679,0.08718131,-0.002648983,-0.2384149,2.769189,0.04384194,-4.608289,0.1329689,0.2893713,2.054705,-0.9846962,-0.05728507,-0.1645979,-0.02626231,0.982425,-0.1848013,0.1722914,-0.1776504,-0.9688945,moving,-14.84308,4.255758,3.702696,8.016442,4.855906118632614,-0.40024917039796915
05/04/2023 16:19:03.223375,2778,True,True,True,True,Eyes,2.524741,0.1291517,-2.427097,0.249759,-0.070978,-0.9657031,0.0,0.0,0.0,0.0,0.0,0.0,0.0,2.148339,-0.5067341,-2.864612,2.556605,0.1346353,-2.55417,-0.02401746,0.992709,-0.08902123,0.07763636,9.963167,170.7442,356.4196,0.7272674,0.03792432,-0.6853052,0.08195043,-0.002490044,-0.22411,2.737706,0.05727706,-4.62486,0.1363727,0.2915295,2.054983,-0.9867917,-0.06150725,-0.1498645,-0.03386211,0.9829967,-0.1804736,0.1584167,-0.1730151,-0.9720957,moving,-14.50062,4.203611,3.796693,8.074369,4.8687201135342955,-0.39781288244235324
05/04/2023 16:19:03.233070,2779,True,True,True,True,Eyes,2.52662,0.1294693,-2.433476,0.2437987,-0.0701893,-0.9672826,0.0,0.0,0.0,0.0,0.0,0.0,0.0,2.193097,-0.4851784,-2.847706,2.559223,0.1366562,-2.566359,-0.02660177,0.9933477,-0.08729555,0.07023057,9.76998,171.5878,356.2117,0.726586,0.03781734,-0.6860335,0.0770334,-0.002340641,-0.2106634,2.705827,0.06736288,-4.64077,0.1393629,0.2934259,2.055227,-0.9887204,-0.06511125,-0.1348823,-0.04058798,0.9833437,-0.1771662,0.1441712,-0.1696931,-0.9748946,moving,-14.14647,4.150302,3.879232,8.125242,4.881963641488179,-0.3953050485550764
05/04/2023 16:19:03.253331,2780,True,True,True,True,Eyes,2.528501,0.1298309,-2.44008,0.2374671,-0.06941601,-0.9689122,0.0,0.0,0.0,0.0,0.0,0.0,0.0,2.240837,-0.466156,-2.826694,2.561795,0.1379141,-2.578185,-0.02902089,0.9939111,-0.08614808,0.06226494,9.650231,172.4946,356.0206,0.7259075,0.03772402,-0.6867566,0.0724114,-0.002200203,-0.1980236,2.671427,0.07414596,-4.655809,0.1425283,0.2954328,2.055484,-0.9905618,-0.06841637,-0.1187715,-0.04696036,0.9834726,-0.174861,0.1287718,-0.1676331,-0.9774033,moving,-13.77096,4.097854,3.966571,8.179055,4.895953978168191,-0.3927225801462363
05/04/2023 16:19:03.272804,2781,True,True,True,True,Eyes,2.530376,0.1301795,-2.44687,0.2309346,-0.06880205,-0.9705335,0.0,0.0,0.0,0.0,0.0,0.0,0.0,2.286199,-0.4548298,-2.804927,2.563879,0.1393096,-2.59004,-0.03063793,0.9943547,-0.08569755,0.0545537,9.618361,173.3754,355.9124,0.7252284,0.03764406,-0.6874781,0.06806671,-0.002068191,-0.1861422,2.637299,0.07837114,-4.670223,0.1461961,0.2977582,2.055781,-0.9921705,-0.07028016,-0.1032402,-0.0515797,0.9834345,-0.1737703,0.1137426,-0.1670847,-0.9793597,moving,-13.38441,4.054969,4.067719,8.24138,4.910214092551109,-0.39027292807740294
05/04/2023 16:19:03.282894,2782,True,True,True,True,Eyes,2.53223,0.1305053,-2.453853,0.2240225,-0.06836155,-0.9721834,0.0,0.0,0.0,0.0,0.0,0.0,0.0,2.332972,-0.4517084,-2.77882,2.565807,0.1393709,-2.601123,-0.03133398,0.9946923,-0.08627933,0.04649136,9.713943,174.3,355.9067,0.7245467,0.03757565,-0.6882002,0.0639827,-0.001944099,-0.1749736,2.602852,0.07641366,-4.682867,0.1488999,0.2994731,2.056001,-0.9937137,-0.0703578,-0.08708223,-0.05431283,0.9831482,-0.1745563,0.09789613,-0.1687293,-0.980789,moving,-12.97629,4.022278,4.142249,8.287312,4.925109512020251,-0.38792318167308615
05/04/2023 16:19:03.303156,2783,True,True,True,True,Eyes,2.534041,0.1308382,-2.461017,0.2163112,-0.06790164,-0.9739604,0.0,0.0,0.0,0.0,0.0,0.0,0.0,2.379837,-0.4536811,-2.75073,2.567304,0.1391827,-2.612575,-0.03196872,0.9948854,-0.08782711,0.03830877,9.921947,175.2342,355.9052,0.72386,0.03751687,-0.6889257,0.06014374,-0.001827453,-0.1644752,2.566859,0.07053761,-4.695307,0.152334,0.3016505,2.05628,-0.995021,-0.07033952,-0.07061022,-0.05688132,0.9825288,-0.1772052,0.08184111,-0.1723064,-0.9816377,moving,-12.52183,3.988039,4.236864,8.345603,4.941668652429094,-0.38534730822644264
05/04/2023 16:19:03.312813,2784,True,True,True,True,Eyes,2.578538,0.1398264,-2.643959,0.01099169,-0.05678911,-0.9983257,0.0,0.0,0.0,0.0,0.0,0.0,0.0,2.426569,-0.452812,-2.721819,2.568457,0.1397137,-2.623945,-0.03280681,0.9950436,-0.08893349,0.03004694,10.07947,176.1778,355.8861,0.7231655,0.03746678,-0.6896574,0.05653511,-0.001717806,-0.1546067,2.530291,0.06703586,-4.706983,0.1555503,0.3036902,2.056542,-0.9960417,-0.07063278,-0.05396077,-0.05994406,0.9820291,-0.1789569,0.06563127,-0.1750139,-0.982376,moving,-0.6308083,3.255724,4.325436,8.400177,5.372856743813737,-0.3210234888202673
05/04/2023 16:19:03.332911,2785,True,True,True,True,Eyes,2.578547,0.1398819,-2.644416,0.01022189,-0.05657151,-0.9983462,0.0,0.0,0.0,0.0,0.0,0.0,0.0,2.471803,-0.4488786,-2.693274,2.569642,0.140725,-2.634799,-0.03351692,0.9952004,-0.0892721,0.02198366,10.14929,177.1035,355.8849,0.7195648,0.0375148,-0.6934109,0.1866348,0.02535005,-0.6941561,2.494822,0.06707312,-4.71753,0.1584509,0.3055291,2.056777,-0.9967866,-0.07063715,-0.03777203,-0.06278705,0.9818142,-0.1791609,0.04974053,-0.1762136,-0.9830943,moving,-0.5866207,3.24321,4.405276,8.449359,5.374583871826133,-0.3206003847025701
05/04/2023 16:19:03.353241,2786,True,True,True,True,Eyes,2.578561,0.1400064,-2.645326,0.008836364,-0.0561909,-0.998381,0.0,0.0,0.0,0.0,0.0,0.0,0.0,2.512478,-0.4372963,-2.669161,2.570333,0.1418541,-2.646027,-0.03467072,0.9953669,-0.08848193,0.01461215,10.08627,177.9497,355.8292,0.7165926,0.03755597,-0.6964798,0.1754367,0.02382904,-0.6525067,2.46117,0.07202894,-4.728172,0.1616465,0.3075553,2.057037,-0.9971688,-0.071606,-0.02295343,-0.06643437,0.9819378,-0.1771572,0.03522436,-0.1751308,-0.9839148,moving,-0.5070941,3.221324,4.493196,8.503515,5.37768416224298,-0.31985085948889186
05/04/2023 16:19:03.363201,2787,True,True,True,True,Eyes,2.578562,0.1401749,-2.646662,0.006854176,-0.05549338,-0.9984355,0.0,0.0,0.0,0.0,0.0,0.0,0.0,2.555405,-0.413881,-2.643931,2.570596,0.1433272,-2.657677,-0.03634444,0.9956141,-0.08594918,0.006672837,9.826159,178.864,355.7211,0.7141338,0.03759326,-0.6989987,0.1649105,0.0223993,-0.6133563,2.424293,0.08432738,-4.738699,0.1648907,0.3096127,2.057302,-0.9972693,-0.07351712,-0.007039592,-0.07122303,0.9825836,-0.1716295,0.01953469,-0.1706594,-0.9851367,moving,-0.3933245,3.181246,4.582404,8.558474,5.382231147894572,-0.31861378300019305
05/04/2023 16:19:03.382875,2788,True,True,True,True,Eyes,2.578607,0.1403895,-2.648425,0.004310655,-0.0545899,-0.9984996,0.0,0.0,0.0,0.0,0.0,0.0,0.0,2.59875,-0.3933653,-2.616258,2.570534,0.1449964,-2.669152,-0.0375204,0.9958009,-0.08349013,-0.001494207,9.578064,179.8089,355.6684,0.7120915,0.03762851,-0.7010773,0.1550159,0.02105534,-0.5765549,2.38626,0.09656739,-4.748261,0.1681481,0.3116779,2.057568,-0.9971802,-0.0744762,0.00924103,-0.07497519,0.9832432,-0.166167,0.003289301,-0.1663912,-0.9860545,moving,-0.2473519,3.129355,4.671933,8.613612,5.388071152741958,-0.31701773546067
05/04/2023 16:19:03.403174,2789,True,True,True,True,Eyes,2.578654,0.1406118,-2.650588,0.001398492,-0.05359096,-0.998562,0.0,0.0,0.0,0.0,0.0,0.0,0.0,2.6412,-0.3709803,-2.59029,2.571759,0.1462606,-2.681011,-0.0382085,0.9959984,-0.08024582,-0.009371417,9.239724,180.7277,355.665,0.7103849,0.03766327,-0.7028047,0.1457149,0.01979202,-0.5419616,2.350873,0.1117723,-4.757636,0.1712751,0.3136607,2.057822,-0.9969047,-0.07460718,0.02479998,-0.07761525,0.9842015,-0.1591333,-0.01253568,-0.1605656,-0.9869457,moving,-0.08024301,3.072011,4.757834,8.666528,5.3947305049056995,-0.31522931986451785
05/04/2023 16:19:03.413013,2790,True,True,True,True,Eyes,2.578659,0.1408596,-2.653116,-0.001960945,-0.05265064,-0.9986111,0.0,0.0,0.0,0.0,0.0,0.0,0.0,2.677747,-0.3567639,-2.565579,2.571251,0.1468944,-2.692005,-0.0386244,0.9960435,-0.07832087,-0.01647533,9.049904,181.5533,355.6815,0.7089464,0.03769785,-0.7042537,0.136972,0.0186045,-0.5094439,2.3169,0.1212187,-4.76583,0.1747527,0.3158658,2.058104,-0.9964736,-0.07436243,0.03887049,-0.07952388,0.9847479,-0.1547493,-0.02677011,-0.1572947,-0.9871889,moving,0.11251,3.018061,4.853318,8.725339,5.4022563679426066,-0.3133956674366768
05/04/2023 16:19:03.432842,2791,True,True,True,True,Eyes,2.57864,0.1411746,-2.655974,-0.00558486,-0.05184012,-0.9986398,0.0,0.0,0.0,0.0,0.0,0.0,0.0,2.713537,-0.3576576,-2.540245,2.57124,0.1475158,-2.703887,-0.03832017,0.9959022,-0.07852476,-0.02333193,9.102092,182.3481,355.7799,0.7077084,0.03773305,-0.7054958,0.1287537,0.01748823,-0.4788773,2.285577,0.1218654,-4.774405,0.1776932,0.3177305,2.058344,-0.9959745,-0.072662,0.0524908,-0.07999054,0.9847308,-0.1546178,-0.04045447,-0.1581941,-0.9865791,moving,0.3204214,2.971598,4.934009,8.775043,5.410224575282354,-0.3116382979900984
05/04/2023 16:19:03.453542,2792,True,True,True,True,Eyes,2.578575,0.1415059,-2.659155,-0.009575653,-0.05106425,-0.9986494,0.0,0.0,0.0,0.0,0.0,0.0,0.0,2.747536,-0.3585058,-2.514313,2.570623,0.1494454,-2.714556,-0.03846229,0.9956877,-0.07892863,-0.02995151,9.176746,183.1108,355.8254,0.7065541,0.03777106,-0.7066498,0.1210285,0.01643894,-0.4501447,2.254442,0.122895,-4.781435,0.1807587,0.3196738,2.058592,-0.9952471,-0.07186478,0.06571624,-0.08132091,0.9845818,-0.1548725,-0.05357314,-0.1594805,-0.9857463,moving,0.5493696,2.927173,5.018099,8.826825,5.418913123821131,-0.30982979236210234
05/04/2023 16:19:03.463043,2793,True,True,True,True,Eyes,2.578464,0.1418241,-2.662649,-0.01362867,-0.05034206,-0.998639,0.0,0.0,0.0,0.0,0.0,0.0,0.0,2.779749,-0.3516946,-2.490489,2.569616,0.1501647,-2.725389,-0.03920565,0.9954666,-0.07867163,-0.0363321,9.176645,183.8431,355.7978,0.7054699,0.03781184,-0.7077299,0.1137668,0.0154526,-0.423136,2.223544,0.1252404,-4.78835,0.1839482,0.3216966,2.058852,-0.9942859,-0.07233922,0.07850353,-0.08377245,0.9845473,-0.1537811,-0.06616604,-0.1594788,-0.9849817,moving,0.7818812,2.885875,5.105539,8.880686,5.427688234903064,-0.3080649142535776
05/04/2023 16:19:03.483042,2794,True,True,True,True,Eyes,2.578297,0.1421116,-2.666438,-0.01794267,-0.04971547,-0.9986023,0.0,0.0,0.0,0.0,0.0,0.0,0.0,2.806013,-0.34004,-2.474038,2.569041,0.1501873,-2.736361,-0.04114973,0.9951875,-0.07871205,-0.04138997,9.211125,184.4101,355.6199,0.7044449,0.03785456,-0.7087479,0.1069408,0.01452545,-0.3977478,2.198171,0.1251289,-4.795895,0.1872236,0.3237735,2.05912,-0.9931874,-0.07538761,0.08885951,-0.08841918,0.9842222,-0.1532601,-0.07590359,-0.1600728,-0.9841828,moving,1.029367,2.85012,5.195282,8.935954,5.436923933083604,-0.30634056076155747
05/04/2023 16:19:03.503317,2795,True,True,True,True,Eyes,2.578089,0.1423712,-2.670502,-0.02235312,-0.0491884,-0.9985393,0.0,0.0,0.0,0.0,0.0,0.0,0.0,2.832342,-0.3255062,-2.456477,2.567666,0.1497154,-2.747193,-0.04387391,0.9948075,-0.07913599,-0.04659247,9.29621,184.9852,355.355,0.7034684,0.03789802,-0.7097149,0.1005243,0.01365392,-0.373883,2.171371,0.1222865,-4.802826,0.1904068,0.3257916,2.059378,-0.9918086,-0.07991789,0.09964508,-0.09466645,0.9836251,-0.1533617,-0.08575706,-0.1615385,-0.9831334,moving,1.282399,2.820131,5.28246,8.989637,5.446282901660927,-0.3047010097587595
05/04/2023 16:19:03.522858,2796,True,True,True,True,Eyes,2.577821,0.1425989,-2.674837,-0.02701731,-0.04870318,-0.9984478,0.0,0.0,0.0,0.0,0.0,0.0,0.0,2.860218,-0.3076562,-2.43727,2.566736,0.1492921,-2.757781,-0.04663659,0.9944181,-0.07903191,-0.05207507,9.325252,185.5944,355.0864,0.7025312,0.03794123,-0.7106405,0.09449285,0.01283468,-0.35145,2.143767,0.1214963,-4.808978,0.1936246,0.3278324,2.059641,-0.9902267,-0.08452135,0.1109403,-0.1009837,0.983158,-0.1523243,-0.09619722,-0.1620387,-0.9820845,moving,1.550006,2.792611,5.370532,9.043887,5.456127474699231,-0.3030458985000678
05/04/2023 16:19:03.533007,2797,True,True,True,True,Eyes,2.577494,0.1427988,-2.679432,-0.03179302,-0.04823395,-0.9983299,0.0,0.0,0.0,0.0,0.0,0.0,0.0,2.886211,-0.2923555,-2.418912,2.56512,0.1487295,-2.768549,-0.04886511,0.994032,-0.07887261,-0.05737326,9.346861,186.1876,354.8777,0.7016251,0.03798319,-0.7115328,0.08882327,0.0120646,-0.330363,2.116445,0.121011,-4.815164,0.1968041,0.3298482,2.059897,-0.9886409,-0.0880966,0.1217699,-0.1061973,0.9827826,-0.1511967,-0.1063535,-0.1624109,-0.9809747,moving,1.824037,2.766074,5.457515,9.097453,5.466187421319076,-0.30138195109349974
05/04/2023 16:19:03.552970,2798,True,True,True,True,Eyes,2.577082,0.1429719,-2.684287,-0.03686967,-0.04770903,-0.9981806,0.0,0.0,0.0,0.0,0.0,0.0,0.0,2.913031,-0.2753704,-2.399301,2.563501,0.1482397,-2.779335,-0.05061849,0.993683,-0.07792426,-0.06292751,9.278564,186.8185,354.7217,0.7007427,0.03802315,-0.7123998,0.08349387,0.01134073,-0.3105412,2.088025,0.1240829,-4.82085,0.20005,0.3319067,2.060162,-0.9869561,-0.09079029,0.1329488,-0.1104046,0.9827312,-0.1484934,-0.1171712,-0.1612346,-0.9799361,moving,2.115365,2.736426,5.546262,9.152114,5.476900659903143,-0.29958598232806355
05/04/2023 16:19:03.572884,2799,True,True,True,True,Eyes,2.576354,0.1431057,-2.689353,-0.04466677,-0.0465954,-0.9979147,0.0,0.0,0.0,0.0,0.0,0.0,0.0,2.941353,-0.2619058,-2.376393,2.561177,0.1477455,-2.79033,-0.05134983,0.9933411,-0.07663546,-0.06902032,9.168512,187.523,354.6856,0.6998776,0.03806042,-0.7132477,0.07848424,0.01066028,-0.2919087,2.056737,0.1292478,-4.825932,0.203519,0.3341062,2.060445,-0.9851989,-0.09143697,0.1449919,-0.1125946,0.9829804,-0.1451619,-0.129251,-0.1593387,-0.9787265,moving,2.562855,2.673357,5.641052,9.210486,5.493579980378125,-0.2964978244733277
05/04/2023 16:19:03.582728,2800,True,True,True,True,Eyes,2.575543,0.1432081,-2.694655,-0.05266278,-0.0454236,-0.9975787,0.0,0.0,0.0,0.0,0.0,0.0,0.0,2.970825,-0.2486918,-2.35167,2.558895,0.1472401,-2.801494,-0.0516683,0.9929856,-0.07499303,-0.07540665,9.016928,188.2668,354.6958,0.6990211,0.03809428,-0.7140854,0.07377518,0.01002067,-0.2743942,2.024796,0.1359153,-4.830467,0.2066342,0.3360813,2.060698,-0.9832888,-0.09130181,0.157505,-0.1139217,0.9834129,-0.1411417,-0.1420059,-0.1567263,-0.97738,moving,3.021873,2.607097,5.726129,9.262874,5.510708947296834,-0.2933006702232945
05/04/2023 16:19:03.603072,2801,True,True,True,True,Eyes,2.574705,0.1432688,-2.70019,-0.06104527,-0.04425596,-0.9971534,0.0,0.0,0.0,0.0,0.0,0.0,0.0,2.999662,-0.2371959,-2.32622,2.556208,0.1465633,-2.812445,-0.05171578,0.9925947,-0.07342133,-0.08179621,8.871305,189.0131,354.7356,0.6981675,0.03812415,-0.7149183,0.06934867,0.009419425,-0.2579305,1.992487,0.1423827,-4.834361,0.2098668,0.3381314,2.060962,-0.9812697,-0.09065443,0.169975,-0.1146768,0.9838696,-0.1372949,-0.1547869,-0.1542155,-0.9758374,moving,3.503249,2.541251,5.814361,9.317215,5.528625825940211,-0.2900162358479254
05/04/2023 16:19:03.613195,2802,True,True,True,True,Eyes,2.573772,0.1432628,-2.70594,-0.06955175,-0.04305867,-0.9966487,0.0,0.0,0.0,0.0,0.0,0.0,0.0,3.027878,-0.2263142,-2.300618,2.553421,0.1456089,-2.823286,-0.05158905,0.9921764,-0.07182178,-0.08812764,8.720389,189.7543,354.7926,0.6973134,0.03814914,-0.7157501,0.06518775,0.00885426,-0.2424547,1.960658,0.1487427,-4.837774,0.2129045,0.3400572,2.061208,-0.9791445,-0.0897119,0.1822867,-0.1150298,0.9843604,-0.1334269,-0.1674659,-0.1516126,-0.9741505,moving,3.99195,2.473838,5.897233,9.368245,5.546822543708563,-0.2866712019059148
05/04/2023 16:19:03.632873,2803,True,True,True,True,Eyes,2.572678,0.1431723,-2.711879,-0.07820706,-0.04187608,-0.9960572,0.0,0.0,0.0,0.0,0.0,0.0,0.0,3.052927,-0.2164014,-2.278246,2.55037,0.1438788,-2.834168,-0.051463,0.9917533,-0.07047297,-0.09386392,8.594744,190.4256,354.8446,0.6964548,0.03816786,-0.7165846,0.06127649,0.008323004,-0.2279074,1.930935,0.1534735,-4.841547,0.2160926,0.3420791,2.061467,-0.9770822,-0.08884747,0.1934332,-0.1153069,0.9847702,-0.1301226,-0.1789262,-0.1494447,-0.9724463,moving,4.489461,2.407402,5.984155,9.421786,5.5653193589699885,-0.28330707419947343
05/04/2023 16:19:03.653940,2804,True,True,True,True,Eyes,2.57148,0.1429931,-2.718016,-0.08696671,-0.04076826,-0.9953767,0.0,0.0,0.0,0.0,0.0,0.0,0.0,3.077663,-0.2051356,-2.255496,2.54707,0.1419003,-2.844936,-0.05205461,0.9912204,-0.06969477,-0.09957413,8.541885,191.0857,354.8181,0.6955878,0.03817866,-0.7174257,0.0575999,0.007823624,-0.214233,1.901004,0.1549803,-4.844846,0.2192912,0.3441068,2.061725,-0.9747505,-0.08931561,0.2046557,-0.1170748,0.9848659,-0.1277992,-0.190144,-0.1485323,-0.9704552,moving,4.993289,2.345388,6.071322,9.47546,5.583983920030751,-0.27999920841812476
05/04/2023 16:19:03.663134,2805,True,True,True,True,Eyes,2.537088,0.1361794,-2.875525,-0.3056941,-0.01412568,-0.9520251,0.0,0.0,0.0,0.0,0.0,0.0,0.0,3.102069,-0.1956948,-2.232377,2.543488,0.1395974,-2.855838,-0.0529318,0.9905896,-0.06965094,-0.1052583,8.576745,191.738,354.7659,0.694709,0.0381799,-0.7182765,0.05414391,0.007354206,-0.201379,1.871009,0.1528519,-4.847997,0.2224883,0.3461342,2.061987,-0.9722381,-0.09020471,0.215909,-0.1195301,0.9846939,-0.126848,-0.201162,-0.149134,-0.9681392,moving,17.80176,0.8500643,6.158387,9.529079,6.057445024672605,-0.19743223393068218
05/04/2023 16:19:03.682717,2806,True,True,True,True,Eyes,2.536924,0.1360712,-2.875954,-0.3061025,-0.01416069,-0.9518932,0.0,0.0,0.0,0.0,0.0,0.0,0.0,3.125483,-0.1856734,-2.209623,2.539654,0.1373667,-2.866503,-0.05401281,0.9899222,-0.06970077,-0.1108083,8.625004,192.3731,354.6905,0.6903366,0.03782237,-0.7224986,-0.05227965,-0.01352829,-0.6618228,1.841256,0.1502304,-4.850733,0.2257492,0.348202,2.062253,-0.9696081,-0.0914901,0.2269127,-0.1223838,0.9844488,-0.1260265,-0.2118537,-0.1499668,-0.9657266,moving,17.82635,0.8522888,6.247139,9.58374,6.0582890446945115,-0.19736949584876035
05/04/2023 16:19:03.703101,2807,True,True,True,True,Eyes,2.536555,0.1358692,-2.876794,-0.3068928,-0.01414716,-0.9516389,0.0,0.0,0.0,0.0,0.0,0.0,0.0,3.147542,-0.1837944,-2.187572,2.535687,0.1345192,-2.877232,-0.05394493,0.9892846,-0.07015641,-0.1161204,8.704447,192.9895,354.7504,0.6867056,0.03752467,-0.7259661,-0.04914287,-0.0127166,-0.6221134,1.81299,0.1463791,-4.85372,0.2288657,0.3501784,2.062506,-0.967212,-0.09044059,0.2373214,-0.1230269,0.9843361,-0.1262811,-0.222183,-0.1513375,-0.9631883,moving,17.87393,0.851702,6.331917,9.635962,6.059984505784597,-0.19715616429904262
05/04/2023 16:19:03.713197,2808,True,True,True,True,Eyes,2.536016,0.1356136,-2.878038,-0.3079934,-0.01403869,-0.9512849,0.0,0.0,0.0,0.0,0.0,0.0,0.0,3.168596,-0.1830351,-2.166325,2.53132,0.1321894,-2.888149,-0.05336275,0.9886935,-0.07012283,-0.1213279,8.720168,193.6003,354.863,0.6836798,0.0372734,-0.7288293,-0.0461943,-0.0119536,-0.5847866,1.784812,0.1456518,-4.856764,0.2320596,0.3522032,2.062766,-0.9648643,-0.0885031,0.2473961,-0.1225345,0.9844704,-0.1257112,-0.2324284,-0.1516087,-0.960725,moving,17.94017,0.8454875,6.418743,9.689424,6.062413690198855,-0.19675770957495506
05/04/2023 16:19:03.733388,2809,True,True,True,True,Eyes,2.535268,0.1353333,-2.879651,-0.3093359,-0.01366988,-0.9508546,0.0,0.0,0.0,0.0,0.0,0.0,0.0,3.186165,-0.1831067,-2.149766,2.526788,0.1306253,-2.899129,-0.05193911,0.9882812,-0.06904323,-0.1258404,8.600289,194.1409,355.0519,0.681145,0.03705828,-0.7312097,-0.04342264,-0.01123638,-0.5496994,1.759322,0.1510302,-4.860651,0.2353175,0.3542694,2.063034,-0.9629334,-0.08528403,0.2559035,-0.1200377,0.9850708,-0.1233962,-0.2415593,-0.1495403,-0.9587948,moving,18.02096,0.823651,6.507252,9.743938,6.065558170993363,-0.19600374307136875
05/04/2023 16:19:03.753529,2810,True,True,True,True,Eyes,2.534332,0.1350079,-2.881636,-0.31091,-0.013157,-0.9503483,0.0,0.0,0.0,0.0,0.0,0.0,0.0,3.199147,-0.1794904,-2.139229,2.521755,0.1297568,-2.909806,-0.05038163,0.9880455,-0.06681818,-0.129473,8.342196,194.5829,355.2311,0.6790055,0.03687153,-0.7332064,-0.04081728,-0.0105622,-0.5167174,1.736851,0.1620699,-4.865272,0.2384744,0.3562711,2.063289,-0.9613968,-0.08225637,0.2625831,-0.116861,0.9859941,-0.1189927,-0.2491175,-0.1450849,-0.9575441,moving,18.11571,0.793175,6.592976,9.796741,6.069308021454685,-0.19502802391118193
05/04/2023 16:19:03.764709,2811,True,True,True,True,Eyes,2.53316,0.1346282,-2.883966,-0.3126355,-0.01235395,-0.9497929,0.0,0.0,0.0,0.0,0.0,0.0,0.0,3.212321,-0.1722876,-2.128577,2.516403,0.1283095,-2.920751,-0.04956705,0.9877256,-0.0648392,-0.1331815,8.122471,195.0266,355.3273,0.6771249,0.03670138,-0.734952,-0.03836824,-0.009928469,-0.4857144,1.713405,0.1708747,-4.869752,0.2418358,0.3584026,2.063561,-0.9596117,-0.08064653,0.2695213,-0.115188,0.986678,-0.1148838,-0.2566657,-0.1412895,-0.9561172,moving,18.21957,0.745204,6.684197,9.852933,6.0736040472956825,-0.1936847159383927
05/04/2023 16:19:03.782960,2812,True,True,True,True,Eyes,2.531793,0.1342081,-2.88664,-0.3146789,-0.01147095,-0.9491289,0.0,0.0,0.0,0.0,0.0,0.0,0.0,3.225066,-0.16086,-2.11797,2.510448,0.1266357,-2.931611,-0.04914679,0.9873829,-0.062515,-0.1369366,7.869223,195.4731,355.3716,0.6753824,0.03653733,-0.7365618,-0.03606615,-0.00933276,-0.4565715,1.689485,0.1802252,-4.873811,0.2447845,0.3602722,2.063801,-0.9576659,-0.0799322,0.2765625,-0.1141746,0.987353,-0.1099925,-0.2642729,-0.1369125,-0.9546805,moving,18.34268,0.69243,6.764168,9.902188,6.0786442165081525,-0.19216927816430748
05/04/2023 16:19:03.803099,2813,True,True,True,True,Eyes,2.530218,0.1337965,-2.889626,-0.3170644,-0.01051535,-0.9483458,0.0,0.0,0.0,0.0,0.0,0.0,0.0,3.243474,-0.1518487,-2.098507,2.504474,0.1252166,-2.94259,-0.04889183,0.9867818,-0.06096049,-0.1419701,7.711884,196.0651,355.4169,0.6737574,0.03637761,-0.7380563,-0.03390218,-0.008772794,-0.4291772,1.660279,0.1865507,-4.875685,0.2481223,0.3623882,2.064073,-0.9549086,-0.07918199,0.2861478,-0.1138002,0.9877868,-0.106427,-0.2742259,-0.1341917,-0.9522569,moving,18.48654,0.6352751,6.854636,9.957901,6.084476364286952,-0.19048326710804875
05/04/2023 16:19:03.813175,2814,True,True,True,True,Eyes,2.52846,0.1334589,-2.89292,-0.3197213,-0.009548983,-0.9474635,0.0,0.0,0.0,0.0,0.0,0.0,0.0,3.262041,-0.1488578,-2.077292,2.498359,0.1247617,-2.953107,-0.04816446,0.9861339,-0.05987767,-0.1470883,7.600419,196.6694,355.5227,0.6722316,0.03622196,-0.7394539,-0.03186805,-0.008246426,-0.4034266,1.631134,0.1923695,-4.876836,0.251281,0.3643911,2.064331,-0.9520907,-0.0773786,0.2958654,-0.1126078,0.9881897,-0.1039259,-0.2843296,-0.1322636,-0.9495597,moving,18.64695,0.5774343,6.940193,10.0106,6.090904393813355,-0.18871399557772883
05/04/2023 16:19:03.832960,2815,True,True,True,True,Eyes,2.5265,0.1331948,-2.896483,-0.3226022,-0.008459282,-0.9464968,0.0,0.0,0.0,0.0,0.0,0.0,0.0,3.28037,-0.1508012,-2.056349,2.492224,0.1259216,-2.963966,-0.04727822,0.9854541,-0.05924641,-0.1521017,7.536135,197.2619,355.6521,0.6707891,0.03607187,-0.74077,-0.02995596,-0.007751641,-0.379221,1.602638,0.1981883,-4.878351,0.2544014,0.3663701,2.064585,-0.9492599,-0.07515807,0.3053806,-0.111204,0.9885093,-0.1023871,-0.2941763,-0.1311514,-0.9467102,moving,18.82107,0.5120654,7.024663,10.06265,6.097914758479693,-0.18674492541010243
05/04/2023 16:19:03.853081,2816,True,True,True,True,Eyes,2.524368,0.1329705,-2.900337,-0.3256758,-0.007351135,-0.9454529,0.0,0.0,0.0,0.0,0.0,0.0,0.0,3.295664,-0.1466797,-2.039343,2.485904,0.1279172,-2.974179,-0.04685939,0.9848748,-0.05772377,-0.1565055,7.375345,197.7818,355.7073,0.6694149,0.03592859,-0.742019,-0.02815861,-0.007286543,-0.3564677,1.576018,0.20806,-4.879789,0.2576032,0.3684003,2.064846,-0.9466208,-0.0742331,0.3136864,-0.1103694,0.9889444,-0.09903387,-0.3028668,-0.1283689,-0.9443483,moving,19.00706,0.4454802,7.111288,10.11601,6.105361734087313,-0.18470252330287032
05/04/2023 16:19:03.872719,2817,True,True,True,True,Eyes,2.522055,0.1328208,-2.904447,-0.3289752,-0.006222113,-0.9443181,0.0,0.0,0.0,0.0,0.0,0.0,0.0,3.309899,-0.138745,-2.02505,2.4796,0.1285147,-2.985058,-0.04718793,0.9842684,-0.05653847,-0.1606003,7.264779,198.2598,355.6795,0.6680962,0.03579241,-0.743213,-0.02646909,-0.00684935,-0.3350797,1.550416,0.2142938,-4.882202,0.2608038,0.3704297,2.065106,-0.9439619,-0.07473099,0.3214834,-0.1110514,0.9891534,-0.09614126,-0.3108117,-0.1264548,-0.9420221,moving,19.20697,0.3775165,7.197822,10.16932,6.113320115219065,-0.1825750241472606
05/04/2023 16:19:03.882905,2818,True,True,True,True,Eyes,2.519578,0.1327494,-2.908814,-0.3325045,-0.005125269,-0.9430878,0.0,0.0,0.0,0.0,0.0,0.0,0.0,3.323692,-0.121128,-2.011355,2.47335,0.1302875,-2.995447,-0.04940834,0.9835686,-0.05540726,-0.1645654,7.19551,198.7097,355.4354,0.6668221,0.03566454,-0.7443625,-0.02488095,-0.006438389,-0.3149749,1.524579,0.2191318,-4.883881,0.2640672,0.372499,2.065371,-0.9409544,-0.07895675,0.329198,-0.1154292,0.9889777,-0.09273189,-0.3182477,-0.1252555,-0.9396968,moving,19.42112,0.3113744,7.286,10.22365,6.121760467549337,-0.18042121987024273
05/04/2023 16:19:03.903063,2819,True,True,True,True,Eyes,2.516905,0.1327639,-2.913406,-0.3362936,-0.00407742,-0.9417483,0.0,0.0,0.0,0.0,0.0,0.0,0.0,3.340199,-0.1080641,-1.992844,2.467015,0.1321011,-3.006063,-0.05109155,0.9827387,-0.05462743,-0.1692052,7.161056,199.2419,355.2633,0.6655818,0.03554605,-0.7454776,-0.02338809,-0.006052086,-0.2960764,1.496453,0.2230545,-4.884441,0.267292,0.3745436,2.065633,-0.9375187,-0.08193278,0.3381509,-0.1189058,0.988811,-0.09007905,-0.3269869,-0.1246589,-0.936771,moving,19.65139,0.2480679,7.37308,10.2773,6.130736563362796,-0.17825217728724824
05/04/2023 16:19:03.913236,2820,True,True,True,True,Eyes,2.514083,0.1329038,-2.918231,-0.3403209,-0.003012635,-0.9403046,0.0,0.0,0.0,0.0,0.0,0.0,0.0,3.356789,-0.1014945,-1.972585,2.460332,0.1342168,-3.016318,-0.05160152,0.9819233,-0.05372757,-0.1740039,7.092435,199.8016,355.2231,0.6643666,0.03543823,-0.7465659,-0.0219848,-0.005688961,-0.2783118,1.468033,0.2291438,-4.884237,0.2704244,0.3765298,2.065887,-0.93412,-0.08263987,0.3472619,-0.1200351,0.9889013,-0.08755497,-0.3361722,-0.1234705,-0.9336722,moving,19.89652,0.1835689,7.45761,10.32938,6.140255042148162,-0.1759975372036668
05/04/2023 16:19:03.932819,2821,True,True,True,True,Eyes,2.511071,0.1331336,-2.923255,-0.3446044,-0.001834222,-0.9387462,0.0,0.0,0.0,0.0,0.0,0.0,0.0,3.375534,-0.1038885,-1.94875,2.454002,0.1373469,-3.026823,-0.05085003,0.9810613,-0.05298029,-0.1792381,7.018068,200.4208,355.3315,0.6631685,0.03534317,-0.7476348,-0.02066572,-0.005347623,-0.2616131,1.439021,0.2372146,-4.883389,0.2735168,0.3784907,2.06614,-0.9305762,-0.08078182,0.3570751,-0.1187662,0.9892147,-0.08572529,-0.3462989,-0.1221823,-0.9301338,moving,20.15769,0.1119504,7.541003,10.38077,6.150433309004814,-0.17354087223375728
05/04/2023 16:19:03.952906,2822,True,True,True,True,Eyes,2.507921,0.1334399,-2.928488,-0.349128,-0.000576891,-0.9370748,0.0,0.0,0.0,0.0,0.0,0.0,0.0,3.393547,-0.1032841,-1.925135,2.447421,0.1397902,-3.037032,-0.04948271,0.9802622,-0.05103444,-0.1844805,6.794662,201.048,355.4841,0.6619807,0.03526192,-0.7486907,-0.01942577,-0.005026766,-0.2459163,1.409905,0.2503378,-4.881666,0.2766914,0.3805038,2.066396,-0.9270367,-0.07818234,0.3667292,-0.1158418,0.9898939,-0.08179706,-0.3566279,-0.1183115,-0.9267249,moving,20.43399,0.03527297,7.626568,10.4335,6.161212817128872,-0.17092478421196933
05/04/2023 16:19:03.963350,2823,True,True,True,True,Eyes,2.504634,0.1337605,-2.9339,-0.3539421,0.0006345659,-0.9352671,0.0,0.0,0.0,0.0,0.0,0.0,0.0,3.413286,-0.09583998,-1.899021,2.441113,0.1418598,-3.04743,-0.04915338,0.9793033,-0.04906471,-0.1901097,6.591371,201.7139,355.5187,0.6607974,0.03519499,-0.7497383,-0.01826023,-0.00472516,-0.2311613,1.379155,0.2618231,-4.878762,0.2800233,0.3826165,2.066668,-0.9228846,-0.07761677,0.3771736,-0.1149275,0.9903532,-0.0774094,-0.3675268,-0.1147875,-0.922902,moving,20.72863,-0.0388744,7.716304,10.4888,6.172610721300215,-0.16827827559441388
05/04/2023 16:19:03.983102,2824,True,True,True,True,Eyes,2.501242,0.1340707,-2.939499,-0.3590395,0.001773138,-0.9333207,0.0,0.0,0.0,0.0,0.0,0.0,0.0,3.434448,-0.08358237,-1.869397,2.434968,0.1425311,-3.057399,-0.0496601,0.9781635,-0.04745768,-0.1961572,6.449368,202.4234,355.467,0.6596135,0.03514127,-0.7507827,-0.01716461,-0.00444165,-0.2172916,1.347036,0.2691018,-4.874168,0.2831587,0.3846047,2.066921,-0.9181123,-0.07853306,0.3884613,-0.1157697,0.9905633,-0.07336038,-0.3790343,-0.1123251,-0.9185401,moving,21.04125,-0.1088514,7.800698,10.54082,6.184593343331166,-0.1656337100592416
05/04/2023 16:19:04.002982,2825,True,True,True,True,Eyes,2.497757,0.1343787,-2.945263,-0.3644041,0.002683218,-0.931237,0.0,0.0,0.0,0.0,0.0,0.0,0.0,3.457152,-0.07646795,-1.836684,2.42913,0.1425998,-3.067597,-0.05040463,0.9768364,-0.04732515,-0.2025103,6.480944,203.1651,355.422,0.6584257,0.03509912,-0.7518266,-0.01613474,-0.004175151,-0.2042541,1.314194,0.26952,-4.869149,0.2863988,0.386659,2.067184,-0.9128979,-0.0793065,0.4004096,-0.1176418,0.9904394,-0.07204294,-0.390868,-0.1128727,-0.9134998,moving,21.371,-0.1650886,7.887852,10.59453,6.197008560846936,-0.1631745789095984
05/04/2023 16:19:04.013283,2826,True,True,True,True,Eyes,2.494194,0.1346951,-2.951181,-0.3699893,0.003549194,-0.9290293,0.0,0.0,0.0,0.0,0.0,0.0,0.0,3.478508,-0.07340081,-1.804689,2.42308,0.1429384,-3.077426,-0.05086427,0.9755101,-0.04759112,-0.2086341,6.550289,203.8818,355.4171,0.6572305,0.03506721,-0.7528732,-0.01516665,-0.003924642,-0.1919989,1.28208,0.2691696,-4.864,0.289872,0.3888613,2.067468,-0.9077693,-0.07937894,0.4118907,-0.1190955,0.9902958,-0.07162716,-0.402208,-0.1140752,-0.9084139,moving,21.7151,-0.2188875,7.981203,10.65208,6.209901791849983,-0.16070026709267737
05/04/2023 16:19:04.033049,2827,True,True,True,True,Eyes,2.403068,0.1427863,-3.102793,-0.508962,0.02379138,-0.8604601,0.0,0.0,0.0,0.0,0.0,0.0,0.0,3.500469,-0.07712656,-1.771356,2.41793,0.1433744,-3.087068,-0.05030103,0.9741846,-0.04799167,-0.2147818,6.610141,204.6084,355.5317,0.6560253,0.03504468,-0.7539245,-0.01425665,-0.003689164,-0.1804789,1.252088,0.2695777,-4.85866,0.2926927,0.39065,2.067699,-0.9026773,-0.07738949,0.4233023,-0.1186204,0.9903332,-0.07189799,-0.4136461,-0.115113,-0.9031314,moving,30.60431,-1.583802,8.056962,10.69878,6.542658266225844,-0.09724858216790808
05/04/2023 16:19:04.053779,2828,True,True,True,True,Eyes,2.402843,0.1428198,-3.103187,-0.509308,0.0239051,-0.8602522,0.0,0.0,0.0,0.0,0.0,0.0,0.0,3.518996,-0.07858351,-1.743404,2.412225,0.1438353,-3.096681,-0.04923279,0.9730569,-0.04721339,-0.220244,6.521099,205.2603,355.6698,0.6500452,0.03521837,-0.7590786,-0.2867799,0.02080573,-0.624485,1.223831,0.27586,-4.854131,0.2959899,0.3927405,2.067967,-0.8981377,-0.07501567,0.4332688,-0.1166095,0.9906941,-0.0701962,-0.423971,-0.1135691,-0.8985272,moving,30.62744,-1.591753,8.145471,10.75333,6.543580182079307,-0.09700078213783939
05/04/2023 16:19:04.063281,2829,True,True,True,True,Eyes,2.402391,0.1429187,-3.103935,-0.5098576,0.02412059,-0.8599206,0.0,0.0,0.0,0.0,0.0,0.0,0.0,3.535861,-0.07913141,-1.719163,2.406662,0.1446332,-3.106629,-0.04802503,0.972038,-0.04594471,-0.2252224,6.370233,205.8572,355.8068,0.6451004,0.03536306,-0.7632788,-0.2695731,0.01955739,-0.5870159,1.197565,0.28479,-4.850649,0.2993572,0.3948762,2.068243,-0.8939373,-0.07266874,0.4422625,-0.1140598,0.9911654,-0.06768737,-0.4334365,-0.1109526,-0.8943282,moving,30.66423,-1.606713,8.235791,10.80903,6.5450760430480734,-0.09656315362106122
05/04/2023 16:19:04.083097,2830,True,True,True,True,Eyes,2.401731,0.1430868,-3.105039,-0.5107878,0.02448716,-0.859358,0.0,0.0,0.0,0.0,0.0,0.0,0.0,3.552002,-0.07143643,-1.695185,2.400923,0.14629,-3.116029,-0.04787397,0.9709773,-0.04412796,-0.2301389,6.184466,206.4416,355.8089,0.6410026,0.03548585,-0.7667177,-0.2533987,0.01838394,-0.5517949,1.171207,0.2949639,-4.846159,0.3024777,0.3968547,2.068496,-0.8894885,-0.07265794,0.4511445,-0.1132802,0.9915217,-0.06365918,-0.4426941,-0.1077298,-0.8901777,moving,30.72653,-1.632185,8.31944,10.8606,6.547610895673577,-0.09581946645108672
05/04/2023 16:19:04.103317,2831,True,True,True,True,Eyes,2.40088,0.1433001,-3.106488,-0.5120012,0.0249356,-0.8586227,0.0,0.0,0.0,0.0,0.0,0.0,0.0,3.57037,-0.05253172,-1.667221,2.395338,0.1480936,-3.125755,-0.04887433,0.9697121,-0.04149874,-0.2356858,5.941999,207.0962,355.6624,0.6375942,0.03559261,-0.7695494,-0.2381948,0.01728091,-0.5186872,1.142533,0.3063828,-4.839608,0.3053861,0.3986987,2.068731,-0.8841272,-0.07522672,0.4611512,-0.1143494,0.9917784,-0.05744569,-0.4530383,-0.1035216,-0.8854603,moving,30.80785,-1.663482,8.397355,10.90865,6.550894757927243,-0.09488541679061821
05/04/2023 16:19:04.112799,2832,True,True,True,True,Eyes,2.39987,0.1435541,-3.108259,-0.5135694,0.02540011,-0.857672,0.0,0.0,0.0,0.0,0.0,0.0,0.0,3.590701,-0.03741622,-1.634137,2.389816,0.1493679,-3.135506,-0.04957912,0.9682459,-0.03943942,-0.24184,5.759586,207.8246,355.5652,0.6347435,0.03568758,-0.771898,-0.2239031,0.01624405,-0.487566,1.111802,0.3155397,-4.831293,0.308649,0.4007674,2.068997,-0.8781111,-0.0769335,0.4722318,-0.1150856,0.9919729,-0.05239369,-0.4644103,-0.1003545,-0.8799162,moving,30.91294,-1.696329,8.484703,10.96251,6.555041657186745,-0.09382116599167703
05/04/2023 16:19:04.133171,2833,True,True,True,True,Eyes,2.398707,0.1438747,-3.110334,-0.5153859,0.02573753,-0.8565717,0.0,0.0,0.0,0.0,0.0,0.0,0.0,3.610229,-0.03498186,-1.60247,2.385048,0.15059,-3.145116,-0.049403,0.9668291,-0.03884319,-0.2475726,5.714473,208.5062,355.6024,0.6323416,0.03577411,-0.7738628,-0.2104689,0.01526941,-0.458312,1.087168,0.318659,-4.82558,0.3087003,0.4008,2.069,-0.8725344,-0.0762955,0.4825586,-0.1147615,0.9921011,-0.05064778,-0.4748828,-0.0995711,-0.874398,moving,31.03467,-1.721057,8.486078,10.96336,6.559675408246773,-0.0928387783893167
05/04/2023 16:19:04.153054,2834,True,True,True,True,Eyes,2.397393,0.1442721,-3.112691,-0.5174645,0.02599614,-0.8553098,0.0,0.0,0.0,0.0,0.0,0.0,0.0,3.626861,-0.04209355,-1.57564,2.380056,0.1525064,-3.154458,-0.04889618,0.9655514,-0.03955645,-0.2524976,5.80136,209.0925,355.7085,0.6301582,0.03585847,-0.775638,-0.1978408,0.01435324,-0.4308133,1.065505,0.3180192,-4.822169,0.3087004,0.4007999,2.069,-0.8677083,-0.07444773,0.4914671,-0.1143994,0.9920889,-0.05169525,-0.4837305,-0.1010799,-0.8693605,static,31.17404,-1.740902,8.486085,10.96336,6.56487273225827,-0.09187317484394769
05/04/2023 16:19:04.162956,2835,True,True,True,True,Eyes,2.395934,0.144694,-3.115328,-0.5197654,0.02613469,-0.8539091,0.0,0.0,0.0,0.0,0.0,0.0,0.0,3.643105,-0.04861787,-1.549068,2.375159,0.1547585,-3.163678,-0.04860854,0.9642556,-0.04035701,-0.2573316,5.903079,209.6676,355.7929,0.6281396,0.0359433,-0.7772697,-0.1859703,0.01349205,-0.4049645,1.044246,0.3170441,-4.818681,0.3086996,0.4008,2.069002,-0.8628355,-0.07297185,0.5001901,-0.1145124,0.992017,-0.05281193,-0.4923434,-0.102846,-0.8643036,static,31.32843,-1.753044,8.486056,10.96335,6.57050473792226,-0.09098850285615051
05/04/2023 16:19:04.183272,2836,True,True,True,True,Eyes,2.394342,0.1451254,-3.118227,-0.52237,0.02618046,-0.852317,0.0,0.0,0.0,0.0,0.0,0.0,0.0,3.660849,-0.05365701,-1.517664,2.369906,0.1559863,-3.172885,-0.04827474,0.9627624,-0.04106435,-0.2628156,5.995199,210.3217,355.8848,0.6262643,0.03602909,-0.7787774,-0.1748121,0.01268253,-0.3806666,1.020551,0.3154376,-4.813165,0.3087008,0.4008,2.069001,-0.8571953,-0.0713695,0.5100228,-0.1145389,0.9919665,-0.05369571,-0.5020933,-0.1044451,-0.8584837,static,31.5034,-1.75939,8.48609,10.96335,6.576792981434233,-0.09012527631109218
05/04/2023 16:19:04.202955,2837,True,True,True,True,Eyes,2.392621,0.1455694,-3.121379,-0.5251817,0.02613177,-0.8505888,0.0,0.0,0.0,0.0,0.0,0.0,0.0,3.679644,-0.05925162,-1.483737,2.365132,0.1565162,-3.182204,-0.04796006,0.9611465,-0.04209706,-0.2685612,6.124158,211.0078,355.9871,0.624513,0.0361159,-0.7801786,-0.1643234,0.01192157,-0.3578266,0.9965945,0.311844,-4.806912,0.3087003,0.4007999,2.069,-0.8511494,-0.06958201,0.5202913,-0.1148046,0.9918554,-0.05516244,-0.5122154,-0.1066833,-0.8522054,static,31.69255,-1.759686,8.486081,10.96336,6.583507174470506,-0.08931548129039707
05/04/2023 16:19:04.213051,2838,True,True,True,True,Eyes,2.390782,0.1460152,-3.124765,-0.5282481,0.02600599,-0.8486918,0.0,0.0,0.0,0.0,0.0,0.0,0.0,3.697563,-0.06919788,-1.450453,2.360238,0.1572032,-3.191415,-0.04732246,0.9595377,-0.04356558,-0.2741352,6.289442,211.6766,356.1391,0.6228688,0.03620382,-0.7814878,-0.154464,0.01120628,-0.336357,0.9734045,0.3073641,-4.801027,0.3086995,0.4008001,2.069003,-0.8452212,-0.06692966,0.5302094,-0.1147011,0.9917252,-0.05766013,-0.5219628,-0.1095511,-0.8459042,static,31.89922,-1.755134,8.486051,10.96335,6.590781129345115,-0.08852232264717155
05/04/2023 16:19:04.233175,2839,True,True,True,True,Eyes,2.388837,0.1464527,-3.128397,-0.5315518,0.02585379,-0.8466312,0.0,0.0,0.0,0.0,0.0,0.0,0.0,3.714813,-0.077971,-1.418223,2.355645,0.1577019,-3.200521,-0.04661063,0.9579634,-0.04472397,-0.2795237,6.415941,212.3254,356.2901,0.621316,0.03629272,-0.7827187,-0.1451961,0.0105339,-0.3161756,0.9512913,0.3041064,-4.795218,0.3087001,0.4008,2.069001,-0.839388,-0.06429973,0.5397161,-0.1143054,0.9916545,-0.0596303,-0.5313777,-0.1117454,-0.8397326,static,32.12239,-1.749112,8.486073,10.96336,6.598621714108606,-0.08768664072697824
05/04/2023 16:19:04.253465,2840,True,True,True,True,Eyes,2.386779,0.1468724,-3.13225,-0.5351012,0.02566569,-0.844398,0.0,0.0,0.0,0.0,0.0,0.0,0.0,3.731494,-0.0819376,-1.386952,2.350782,0.1579314,-3.209871,-0.04630175,0.9563758,-0.04545344,-0.284843,6.506655,212.9652,356.3836,0.6198418,0.03638214,-0.7838824,-0.1364844,0.009901868,-0.2972051,0.9290705,0.3015544,-4.789368,0.3087004,0.4008,2.069001,-0.8334414,-0.06266956,0.5490431,-0.1144579,0.9915802,-0.06056368,-0.5406248,-0.1133186,-0.8335971,static,32.36274,-1.740984,8.486079,10.96336,6.607044946788311,-0.08681749923203116
05/04/2023 16:19:04.273114,2841,True,True,True,True,Eyes,2.38465,0.1472774,-3.136337,-0.5388685,0.02550426,-0.8420036,0.0,0.0,0.0,0.0,0.0,0.0,0.0,3.748497,-0.08185567,-1.354098,2.346064,0.1579342,-3.219092,-0.04632349,0.9547003,-0.04585183,-0.2903434,6.571842,213.6262,356.432,0.6184337,0.03647149,-0.7849896,-0.1282953,0.009307756,-0.2793728,0.9063851,0.2994485,-4.782422,0.3087002,0.4008,2.069001,-0.8271098,-0.06182453,0.5586298,-0.1150756,0.9915035,-0.06065008,-0.5501338,-0.1144489,-0.8271968,static,32.61858,-1.734957,8.486073,10.96335,6.61604449205604,-0.0858430044527306
05/04/2023 16:19:04.283213,2842,True,True,True,True,Eyes,2.38242,0.1476547,-3.140631,-0.5428634,0.02535216,-0.8394383,0.0,0.0,0.0,0.0,0.0,0.0,0.0,3.7663,-0.07580152,-1.31933,2.341664,0.1579649,-3.228476,-0.04678781,0.9529175,-0.04562276,-0.2961041,6.583876,214.3172,356.413,0.6170814,0.03656026,-0.7860489,-0.1205976,0.00874929,-0.2626104,0.8831225,0.2989288,-4.774272,0.3086998,0.4008,2.069001,-0.8202664,-0.06215168,0.5685947,-0.116188,0.991459,-0.05924132,-0.5600563,-0.1146576,-0.8204818,static,32.89069,-1.729883,8.486065,10.96336,6.6256333899145785,-0.08478141901020816
05/04/2023 16:19:04.303261,2843,True,True,True,True,Eyes,2.380109,0.1479939,-3.145138,-0.5469597,0.02529034,-0.8367769,0.0,0.0,0.0,0.0,0.0,0.0,0.0,3.783054,-0.07157324,-1.286094,2.337115,0.1576763,-3.237854,-0.04692217,0.9511852,-0.04537444,-0.3016391,6.582061,214.9842,356.4281,0.6157752,0.03664773,-0.7870686,-0.1133617,0.008224333,-0.2468538,0.8607574,0.2987942,-4.766629,0.3086998,0.4008,2.069001,-0.8136241,-0.06188992,0.5780874,-0.1166368,0.991479,-0.05801186,-0.5695712,-0.1146261,-0.8139098,static,33.17066,-1.731153,8.486066,10.96336,6.635581992192446,-0.08356716566906411
05/04/2023 16:19:04.312969,2844,True,True,True,True,Eyes,2.377705,0.1482958,-3.149839,-0.5512703,0.02524314,-0.8339448,0.0,0.0,0.0,0.0,0.0,0.0,0.0,3.799476,-0.06882907,-1.25271,2.332556,0.1571094,-3.247235,-0.04694458,0.949423,-0.04534507,-0.3071418,6.600198,215.6491,356.4629,0.6145068,0.03673291,-0.7880552,-0.10656,0.007730873,-0.2320425,0.838704,0.2977635,-4.758965,0.3087,0.4008,2.069002,-0.8069206,-0.06128581,0.5874723,-0.1169953,0.9914801,-0.05726602,-0.5789576,-0.1149406,-0.8072158,static,33.46627,-1.733788,8.486065,10.96335,6.646102847877507,-0.08226075591565768
05/04/2023 16:19:04.332814,2845,True,True,True,True,Eyes,2.375225,0.1485607,-3.154749,-0.5556376,0.02542908,-0.8310356,0.0,0.0,0.0,0.0,0.0,0.0,0.0,3.816061,-0.06740716,-1.218277,2.328063,0.1564924,-3.256791,-0.04661694,0.9476141,-0.04513938,-0.312757,6.58684,216.3309,356.5307,0.6132686,0.03681501,-0.7890154,-0.1001664,0.007267021,-0.21812,0.8166851,0.2980268,-4.750916,0.3087001,0.4008001,2.069001,-0.8000199,-0.06011442,0.5969544,-0.1165851,0.9915786,-0.05638987,-0.5885374,-0.114709,-0.800291,static,33.76703,-1.752662,8.48607,10.96336,6.657013382808815,-0.08062720366461795
05/04/2023 16:19:04.352786,2846,True,True,True,True,Eyes,2.372678,0.1487674,-3.159842,-0.5601898,0.0256512,-0.827967,0.0,0.0,0.0,0.0,0.0,0.0,0.0,3.832421,-0.06601781,-1.183858,2.32356,0.1558133,-3.266516,-0.04606005,0.9457952,-0.0446292,-0.318368,6.531433,217.0146,356.6122,0.6120544,0.03689327,-0.789954,-0.09415644,0.006830999,-0.2050328,0.7949469,0.2998472,-4.742761,0.3087,0.4008,2.069001,-0.7930406,-0.05870974,0.606333,-0.1155438,0.9917734,-0.05509207,-0.5981106,-0.1137483,-0.7933002,static,34.08168,-1.77451,8.48607,10.96336,6.668454594407801,-0.07887869119224813
05/04/2023 16:19:04.363150,2847,True,True,True,True,Eyes,2.370067,0.1489035,-3.165112,-0.5647848,0.02607835,-0.8248261,0.0,0.0,0.0,0.0,0.0,0.0,0.0,3.848394,-0.06068905,-1.150093,2.319312,0.1547302,-3.276184,-0.04590989,0.9439679,-0.04391656,-0.3238646,6.468032,217.6831,356.6404,0.6108581,0.0369665,-0.790876,-0.08850705,0.006421139,-0.1927308,0.7738128,0.3012489,-4.734494,0.3086998,0.4008,2.069001,-0.7860081,-0.05822888,0.615468,-0.115121,0.9919273,-0.05317446,-0.6074032,-0.1126488,-0.7863663,static,34.40069,-1.810905,8.486063,10.96335,6.680235893263645,-0.07683819980210443
05/04/2023 16:19:04.383247,2848,True,True,True,True,Eyes,2.367389,0.1489599,-3.170568,-0.5695788,0.02650181,-0.8215094,0.0,0.0,0.0,0.0,0.0,0.0,0.0,3.86423,-0.05119528,-1.116389,2.315367,0.1532259,-3.28585,-0.04625598,0.9421008,-0.04309629,-0.3293163,6.411465,218.3447,356.6095,0.6096752,0.03703331,-0.7917852,-0.08319663,0.006035871,-0.1811669,0.7530735,0.3016386,-4.725959,0.3087003,0.4008,2.069002,-0.7788227,-0.05877099,0.6244851,-0.1155402,0.9920062,-0.05073641,-0.6165113,-0.1116678,-0.7793872,static,34.73481,-1.847715,8.486073,10.96335,6.69255853464368,-0.0747256626802805
05/04/2023 16:19:04.403300,2849,True,True,True,True,Eyes,2.364671,0.1489288,-3.176202,-0.5744745,0.02700232,-0.818077,0.0,0.0,0.0,0.0,0.0,0.0,0.0,3.880326,-0.03306082,-1.081573,2.311328,0.1512147,-3.295862,-0.04770628,0.9400867,-0.04210364,-0.3349454,6.379891,219.0234,356.4526,0.608501,0.03709223,-0.7926852,-0.07820483,0.005673719,-0.1702969,0.731391,0.2998793,-4.716565,0.3087005,0.4008,2.069001,-0.7710716,-0.06149123,0.6337728,-0.1179009,0.9919028,-0.04720414,-0.6257383,-0.1111201,-0.7720779,static,35.07751,-1.890479,8.486082,10.96336,6.705261452931872,-0.07246472720982092
05/04/2023 16:19:04.412918,2850,True,True,True,True,Eyes,2.361918,0.1488057,-3.181999,-0.5795669,0.02754934,-0.8144588,0.0,0.0,0.0,0.0,0.0,0.0,0.0,3.896679,-0.01875319,-1.043508,2.307359,0.149174,-3.305632,-0.0487309,0.9379338,-0.041388,-0.3408705,6.364908,219.7422,356.3542,0.6073318,0.03714174,-0.793579,-0.07351254,0.005333296,-0.1600791,0.7092841,0.2978185,-4.705904,0.3087006,0.4008,2.069,-0.7628653,-0.06319682,0.6434615,-0.1196286,0.9918247,-0.04441655,-0.6353941,-0.1108603,-0.7641888,static,35.43556,-1.93731,8.486089,10.96336,6.718560774720823,-0.07006207866690817
05/04/2023 16:19:04.432880,2851,True,True,True,True,Eyes,2.359123,0.1485628,-3.187953,-0.5846791,0.02822358,-0.8107736,0.0,0.0,0.0,0.0,0.0,0.0,0.0,3.913118,-0.003487915,-1.00454,2.303778,0.146936,-3.315512,-0.04947073,0.935748,-0.04012061,-0.3468697,6.281039,220.4732,356.265,0.6061648,0.03718034,-0.794469,-0.06910179,0.005013298,-0.1504744,0.6877003,0.2981355,-4.694689,0.3087002,0.4008,2.069,-0.7544681,-0.06475104,0.6531348,-0.1204175,0.991886,-0.04076578,-0.6451956,-0.1094054,-0.7561435,static,35.79678,-1.9937,8.486076,10.96336,6.7320943919244405,-0.06746627066006633
05/04/2023 16:19:04.453148,2852,True,True,True,True,Eyes,2.356293,0.1482257,-3.194068,-0.589987,0.02885722,-0.806897,0.0,0.0,0.0,0.0,0.0,0.0,0.0,3.929189,0.01211195,-0.9660001,2.300448,0.1436002,-3.325529,-0.0498332,0.9335823,-0.03846475,-0.3527906,6.141335,221.1981,356.1992,0.6049975,0.03720603,-0.795357,-0.06495568,0.0047125,-0.1414459,0.6669962,0.2995335,-4.68355,0.3086999,0.4008,2.069001,-0.746111,-0.06590678,0.6625518,-0.1201868,0.9920742,-0.03665866,-0.6548845,-0.1069814,-0.7481186,static,36.17353,-2.048208,8.486068,10.96336,6.746154975458871,-0.06483980803166828
05/04/2023 16:19:04.473084,2853,True,True,True,True,Eyes,2.353433,0.1478879,-3.200316,-0.5953101,0.02948076,-0.802955,0.0,0.0,0.0,0.0,0.0,0.0,0.0,3.944818,0.02325299,-0.9264898,2.296744,0.140854,-3.335513,-0.05037188,0.9313071,-0.03790828,-0.3587375,6.127948,221.9274,356.1578,0.6038274,0.03721762,-0.7962452,-0.06105834,0.00442975,-0.1329591,0.6459761,0.297037,-4.672403,0.3087002,0.4008,2.069,-0.7375401,-0.06662514,0.6720086,-0.1210216,0.9920513,-0.03446794,-0.6643706,-0.1067491,-0.7397407,static,36.5532,-2.102689,8.486076,10.96336,6.760318806868378,-0.06220143762007127
05/04/2023 16:19:04.483318,2854,True,True,True,True,Eyes,2.350552,0.1475797,-3.206708,-0.6008608,0.03007558,-0.7987878,0.0,0.0,0.0,0.0,0.0,0.0,0.0,3.961837,0.03100305,-0.880147,2.293557,0.1406794,-3.34538,-0.05123999,0.9286869,-0.03812236,-0.3653246,6.21421,222.7363,356.1172,0.6026528,0.03721645,-0.7971346,-0.05739484,0.004163965,-0.1249816,0.6237431,0.2934679,-4.658803,0.3087006,0.4008001,2.069001,-0.7278251,-0.06731774,0.682451,-0.1230259,0.9918423,-0.033369,-0.6746375,-0.1082459,-0.7301695,static,36.95107,-2.156255,8.486084,10.96336,6.7751166523321995,-0.059502883468850465
05/04/2023 16:19:04.503321,2855,True,True,True,True,Eyes,2.34765,0.1472915,-3.21321,-0.6063251,0.03074815,-0.7946222,0.0,0.0,0.0,0.0,0.0,0.0,0.0,3.978525,0.04187743,-0.8325076,2.290273,0.141085,-3.355328,-0.05211231,0.9259838,-0.03755193,-0.3720594,6.218637,223.5655,356.045,0.6014723,0.03720444,-0.7980263,-0.05395115,0.003914127,-0.1174827,0.6013035,0.2932913,-4.644094,0.3087002,0.4008,2.069001,-0.7177122,-0.0685672,0.6929559,-0.1244534,0.9917483,-0.03076719,-0.6851282,-0.1083227,-0.7203233,static,37.34492,-2.215972,8.486075,10.96336,6.789850278976889,-0.05670580083359689
05/04/2023 16:19:04.522728,2856,True,True,True,True,Eyes,2.275043,0.1387526,-3.378999,-0.7383475,0.04712685,-0.6727719,0.0,0.0,0.0,0.0,0.0,0.0,0.0,3.994295,0.05488455,-0.7855659,2.287124,0.1412029,-3.365061,-0.05308046,0.9232878,-0.03671143,-0.3786483,6.19935,224.3785,355.9499,0.6002844,0.03718311,-0.7989213,-0.05071408,0.003679279,-0.1104337,0.5796677,0.2935611,-4.629213,0.3087002,0.4008,2.069001,-0.7076162,-0.07021564,0.7030999,-0.1258185,0.9916695,-0.02759278,-0.6953053,-0.1079881,-0.7105557,static,47.66066,-4.006954,8.486073,10.96335,7.178645792777201,0.020820049083374037
05/04/2023 16:19:04.533132,2857,True,True,True,True,Eyes,2.274913,0.1387342,-3.379367,-0.7384663,0.04709516,-0.6726438,0.0,0.0,0.0,0.0,0.0,0.0,0.0,4.009542,0.07080248,-0.7387218,2.2843,0.1400262,-3.374837,-0.0539628,0.9205799,-0.03538267,-0.3851867,6.12608,225.188,355.8418,0.5948733,0.03677891,-0.8029771,-0.2654916,-0.02215805,-0.6011765,0.5588401,0.2944354,-4.614049,0.3087004,0.4008,2.069,-0.6974383,-0.07209626,0.7130089,-0.126612,0.9916722,-0.02357364,-0.7053716,-0.1067166,-0.7007584,static,47.67068,-4.005029,8.486085,10.96336,7.178976734359851,0.0208264679220439
05/04/2023 16:19:04.553063,2858,True,True,True,True,Eyes,2.274669,0.1387988,-3.380082,-0.7389148,0.04699007,-0.6721582,0.0,0.0,0.0,0.0,0.0,0.0,0.0,4.02441,0.07558686,-0.6935735,2.281514,0.1394604,-3.384949,-0.05470743,0.9178851,-0.03618767,-0.3913878,6.272424,225.9589,355.8402,0.590374,0.03644279,-0.8063062,-0.2495621,-0.02082857,-0.5651059,0.5392513,0.2885027,-4.601093,0.3087003,0.4008,2.069,-0.6876454,-0.07210345,0.7224576,-0.1287571,0.9913951,-0.02360861,-0.7145386,-0.1092559,-0.6910121,static,47.7086,-3.998998,8.486081,10.96336,7.180245143228367,0.02087433166531838
05/04/2023 16:19:04.573126,2859,True,True,True,True,Eyes,2.274244,0.1389029,-3.381055,-0.7394727,0.04706104,-0.6715395,0.0,0.0,0.0,0.0,0.0,0.0,0.0,4.037516,0.07626553,-0.6517191,2.278582,0.1415305,-3.394129,-0.05512905,0.9153896,-0.0367864,-0.3970764,6.38038,226.6696,355.8618,0.5866228,0.03616471,-0.809052,-0.2345884,-0.01957885,-0.5311996,0.5212553,0.2867458,-4.588874,0.3087004,0.4008,2.069001,-0.6785825,-0.07171507,0.7310151,-0.1301431,0.9912151,-0.02356689,-0.7229031,-0.1111287,-0.6819545,static,47.75638,-4.008697,8.486079,10.96336,7.182063839204555,0.02125979625250457
05/04/2023 16:19:04.583961,2860,True,True,True,True,Eyes,2.273698,0.1390507,-3.382355,-0.7403803,0.04721106,-0.6705282,0.0,0.0,0.0,0.0,0.0,0.0,0.0,4.047297,0.09092966,-0.6106582,2.274221,0.1423716,-3.401388,-0.05583076,0.9129407,-0.03488121,-0.4027475,6.238097,227.3775,355.7399,0.5834825,0.03593551,-0.8113298,-0.2205131,-0.01840412,-0.4993276,0.5020518,0.2920837,-4.573438,0.3087,0.4007999,2.069,-0.6693546,-0.0738437,0.739264,-0.130037,0.9913324,-0.01871755,-0.7314742,-0.1086604,-0.6731553,static,47.83432,-4.027478,8.486074,10.96336,7.185068267490763,0.021944210627400706
05/04/2023 16:19:04.603207,2861,True,True,True,True,Eyes,2.273008,0.1392507,-3.38391,-0.7414643,0.04752181,-0.6693074,0.0,0.0,0.0,0.0,0.0,0.0,0.0,4.059156,0.1137404,-0.5659866,2.270822,0.143567,-3.410688,-0.05752662,0.9101849,-0.03267679,-0.4088843,6.11517,228.1418,355.5009,0.5808388,0.03574762,-0.8132328,-0.2072823,-0.01729987,-0.469368,0.4824831,0.2963754,-4.557506,0.3087001,0.4008,2.069,-0.6590085,-0.07799767,0.7480801,-0.1314418,0.9912458,-0.01244038,-0.7405609,-0.1065273,-0.6634915,static,47.92796,-4.06127,8.486078,10.96336,7.18882100287742,0.022977541360113596
05/04/2023 16:19:04.613009,2862,True,True,True,True,Eyes,2.272203,0.1395263,-3.385744,-0.7428811,0.04793442,-0.6677051,0.0,0.0,0.0,0.0,0.0,0.0,0.0,4.068263,0.1363292,-0.5229344,2.266639,0.1449571,-3.418208,-0.05895986,0.9075347,-0.02999839,-0.4147345,5.932373,228.8743,355.2634,0.5785035,0.03558818,-0.8149028,-0.1948454,-0.01626188,-0.4412059,0.4632494,0.3030539,-4.540479,0.3086998,0.4008,2.069,-0.649038,-0.0821335,0.7563092,-0.131899,0.9912477,-0.005543777,-0.7492344,-0.1033545,-0.6541908,static,48.05064,-4.106209,8.486067,10.96336,7.193746056112031,0.024343875798554182
05/04/2023 16:19:04.633043,2863,True,True,True,True,Eyes,2.271218,0.1398811,-3.387748,-0.7446926,0.04845504,-0.6656464,0.0,0.0,0.0,0.0,0.0,0.0,0.0,4.078664,0.1575719,-0.475934,2.263028,0.1469061,-3.426946,-0.0602701,0.9046395,-0.02735713,-0.4210066,5.753273,229.6639,355.0408,0.5763635,0.03545029,-0.8164238,-0.1831546,-0.01528617,-0.4147335,0.4438922,0.3102362,-4.522742,0.3087002,0.4008,2.069001,-0.6382419,-0.08601037,0.765016,-0.1320805,0.9912382,0.001251538,-0.7584207,-0.1002449,-0.6440101,static,48.20794,-4.163443,8.486075,10.96336,7.2000560190900025,0.026088518116679116
05/04/2023 16:19:04.653186,2864,True,True,True,True,Eyes,2.270079,0.1403247,-3.389924,-0.7468195,0.04903848,-0.6632163,0.0,0.0,0.0,0.0,0.0,0.0,0.0,4.086393,0.1736608,-0.4268007,2.258082,0.1493034,-3.433612,-0.06120253,0.9016354,-0.02515324,-0.4274052,5.605283,230.4741,354.8772,0.5743953,0.03533379,-0.8178148,-0.1721654,-0.014369,-0.3898495,0.4233604,0.3170725,-4.502421,0.3087009,0.4008,2.069001,-0.6271582,-0.08886348,0.7738063,-0.131866,0.9912431,0.006958455,-0.7676485,-0.09767467,-0.6333843,static,48.39318,-4.228777,8.486094,10.96336,7.207460439993094,0.028104212465791978
05/04/2023 16:19:04.662981,2865,True,True,True,True,Eyes,2.270079,0.1403247,-3.389924,-0.7468195,0.04903848,-0.6632163,0.0,0.0,0.0,0.0,0.0,0.0,0.0,4.093913,0.1843022,-0.3747697,2.253278,0.1518688,-3.440089,-0.06165748,0.8984799,-0.02341082,-0.4340325,5.485336,231.318,354.7852,0.5725773,0.03523864,-0.8190928,-0.1618354,-0.01350686,-0.3664585,0.40296,0.3234749,-4.481038,0.3087004,0.4008,2.069001,-0.6156285,-0.09047391,0.7828259,-0.1311181,0.9913006,0.01145441,-0.7770521,-0.095591,-0.6221356,static,48.39318,-4.228777,8.486079,10.96336,7.207460439993094,0.028104212465791978
05/04/2023 16:19:04.683163,2866,True,True,True,True,Eyes,2.270079,0.1403247,-3.389924,-0.7468195,0.04903848,-0.6632163,0.0,0.0,0.0,0.0,0.0,0.0,0.0,4.102395,0.1944324,-0.3226891,2.249384,0.1546966,-3.447885,-0.06224497,0.8952622,-0.02196067,-0.4406235,5.403798,232.1596,354.692,0.5709389,0.03515287,-0.8202394,-0.1521253,-0.01269645,-0.344471,0.3838422,0.3287268,-4.460885,0.3087,0.4008,2.069001,-0.6039532,-0.09209836,0.7916809,-0.1308039,0.9912866,0.01553208,-0.786213,-0.09417429,-0.6107376,static,48.39318,-4.228777,8.486067,10.96336,7.207460439993094,0.028104212465791978
05/04/2023 16:19:04.703180,2867,True,True,True,True,Eyes,2.26859,0.1409442,-3.393006,-0.7533807,0.04878211,-0.6557727,0.0,0.0,0.0,0.0,0.0,0.0,0.0,4.108221,0.2009895,-0.2698684,2.244428,0.1559038,-3.45383,-0.06251384,0.8919877,-0.02115752,-0.4472163,5.374137,233.005,354.6633,0.5694621,0.03507556,-0.8212686,-0.1429978,-0.01193466,-0.3238027,0.3641165,0.3308465,-4.438981,0.3087001,0.4008,2.069001,-0.5921791,-0.09259918,0.8004681,-0.1304471,0.9912888,0.01816993,-0.7951776,-0.09365892,-0.5990998,static,48.96238,-4.254325,8.486073,10.96336,7.227979407376003,0.031004573987880313
05/04/2023 16:19:04.722958,2868,True,True,True,True,Eyes,2.266964,0.141491,-3.396193,-0.759968,0.04851149,-0.6481476,0.0,0.0,0.0,0.0,0.0,0.0,0.0,4.115256,0.2001709,-0.2170601,2.240321,0.1562732,-3.461076,-0.06189189,0.8887246,-0.02081978,-0.4537672,5.346296,233.8508,354.7493,0.5680717,0.0350196,-0.8222334,-0.1344179,-0.01121858,-0.3043746,0.34603,0.3327486,-4.418793,0.3086997,0.4008,2.069002,-0.5805298,-0.09111501,0.8091252,-0.1289043,0.9914718,0.01916292,-0.8039709,-0.0931751,-0.5873241,static,49.54041,-4.2804,8.486058,10.96335,7.248818351017976,0.03395238510614107
05/04/2023 16:19:04.732910,2869,True,True,True,True,Eyes,2.265115,0.1419512,-3.399367,-0.7663584,0.04814165,-0.6406069,0.0,0.0,0.0,0.0,0.0,0.0,0.0,4.120011,0.1961524,-0.1669126,2.235494,0.1550875,-3.466893,-0.06117957,0.8855729,-0.02140417,-0.459956,5.404686,234.6523,354.8902,0.5667562,0.0349811,-0.8231423,-0.1263529,-0.01054546,-0.2861121,0.3283089,0.3302694,-4.398911,0.3086997,0.4008,2.069001,-0.5693952,-0.088668,0.8172681,-0.1280479,0.9915978,0.0183699,-0.8120301,-0.09418973,-0.5759649,static,50.1074,-4.297703,8.486062,10.96336,7.2691538282179815,0.03668836825996569
05/04/2023 16:19:04.752775,2870,True,True,True,True,Eyes,2.263126,0.1423595,-3.402636,-0.7727759,0.04768926,-0.6328847,0.0,0.0,0.0,0.0,0.0,0.0,0.0,4.125058,0.1922404,-0.1151414,2.230873,0.1539291,-3.473592,-0.06082404,0.8822389,-0.02262336,-0.4663079,5.545943,235.4766,355.0303,0.565504,0.03495628,-0.8240042,-0.1187717,-0.009912737,-0.2689454,0.310576,0.3247797,-4.379112,0.3087,0.4008,2.069,-0.5577146,-0.08622378,0.8255421,-0.1284216,0.9915773,0.01680705,-0.820038,-0.09664389,-0.5640901,static,50.68336,-4.309219,8.486073,10.96336,7.2897337733311325,0.03935371155533912
05/04/2023 16:19:04.773134,2871,True,True,True,True,Eyes,2.261046,0.1427602,-3.406065,-0.7790295,0.04715136,-0.6252117,0.0,0.0,0.0,0.0,0.0,0.0,0.0,4.128871,0.1937574,-0.0636692,2.225939,0.1531848,-3.480073,-0.0610836,0.8788334,-0.02349784,-0.4726189,5.683886,236.2971,355.0909,0.5643057,0.0349425,-0.8248258,-0.1116454,-0.009317973,-0.2528086,0.2927231,0.3193508,-4.358576,0.3086997,0.4008,2.069001,-0.5458004,-0.08515357,0.8335771,-0.1295756,0.9914333,0.01643716,-0.8278358,-0.09903989,-0.5521586,static,51.25114,-4.312891,8.48606,10.96336,7.309923543226899,0.04183683076369027
05/04/2023 16:19:04.783067,2872,True,True,True,True,Eyes,2.258825,0.1431519,-3.40957,-0.7853168,0.04665748,-0.6173335,0.0,0.0,0.0,0.0,0.0,0.0,0.0,4.13041,0.2046669,-0.01118803,2.220535,0.153292,-3.485401,-0.06215809,0.8752965,-0.02329198,-0.4790096,5.757793,237.1288,355.0125,0.5631527,0.03493842,-0.8256136,-0.1049467,-0.008758894,-0.2376401,0.2743558,0.3162885,-4.335413,0.3087003,0.4008,2.069001,-0.5333726,-0.08649936,0.8414462,-0.1311277,0.9911878,0.01877387,-0.835655,-0.1003234,-0.5400148,static,51.8293,-4.322144,8.486075,10.96336,7.330552694043789,0.04446899028270579
05/04/2023 16:19:04.803204,2873,True,True,True,True,Eyes,2.256469,0.1435324,-3.413161,-0.7914236,0.04616184,-0.6095226,0.0,0.0,0.0,0.0,0.0,0.0,0.0,4.13132,0.2153511,0.04030466,2.214977,0.153464,-3.490863,-0.06273832,0.8718094,-0.02220495,-0.4853036,5.716783,237.953,354.9354,0.5620372,0.03494284,-0.8263733,-0.09864987,-0.008233361,-0.2233817,0.2566432,0.3175018,-4.312278,0.3087006,0.4008,2.069001,-0.5210891,-0.08783941,0.8489704,-0.130944,0.9911417,0.02217727,-0.843398,-0.09961122,-0.5279752,static,52.39798,-4.330995,8.486084,10.96335,7.350840401925281,0.0470532861587627
05/04/2023 16:19:04.813035,2874,True,True,True,True,Eyes,2.253977,0.1439175,-3.416818,-0.7975526,0.04568591,-0.6015169,0.0,0.0,0.0,0.0,0.0,0.0,0.0,4.131798,0.2253141,0.09144258,2.209376,0.1535868,-3.496563,-0.06322296,0.8682976,-0.02111793,-0.4915448,5.671635,238.7741,354.8669,0.5609524,0.03495464,-0.8271096,-0.09273087,-0.007739359,-0.2099788,0.2393881,0.3188677,-4.289362,0.3086998,0.4008,2.069,-0.508773,-0.08903185,0.8562845,-0.1305535,0.9911138,0.02548055,-0.8509439,-0.09882712,-0.5158753,static,52.97628,-4.343343,8.486069,10.96336,7.371513966803988,0.04974421786812333
05/04/2023 16:19:04.832978,2875,True,True,True,True,Eyes,2.251328,0.1442705,-3.420479,-0.8033401,0.04517347,-0.5938048,0.0,0.0,0.0,0.0,0.0,0.0,0.0,4.131483,0.234094,0.1418209,2.203697,0.1545774,-3.501983,0.06387529,-0.8647811,0.02039953,0.497652,5.673388,239.5801,354.8009,0.5598925,0.03497319,-0.8278267,-0.08716702,-0.007274997,-0.1973801,0.2225643,0.3194005,-4.266606,0.3087007,0.4008,2.069001,-0.496525,-0.09017254,0.8633262,-0.13078,0.9910076,0.02829307,-0.8581141,-0.09885757,-0.5038527,static,53.5293,-4.350375,8.48609,10.96336,7.3912229252871,0.05222773842516465
05/04/2023 16:19:04.852749,2876,True,True,True,True,Eyes,2.248541,0.1446556,-3.424186,-0.8091413,0.04464935,-0.5859154,0.0,0.0,0.0,0.0,0.0,0.0,0.0,4.129503,0.2481248,0.1896672,2.197739,0.1542545,-3.506635,0.06488739,-0.8613521,0.01928508,0.5034782,5.656328,240.3511,354.6745,0.5588523,0.03499711,-0.8285282,-0.08193699,-0.006838498,-0.1855373,0.2062009,0.3189457,-4.24376,0.3086995,0.4008,2.069001,-0.4845988,-0.09236255,0.8698466,-0.131201,0.9908354,0.03211628,-0.8648412,-0.09856126,-0.4922757,static,54.09095,-4.357769,8.486058,10.96336,7.411242661679097,0.05475475669829816
05/04/2023 16:19:04.863616,2877,True,True,True,True,Eyes,2.245625,0.1450522,-3.42789,-0.8145372,0.04406583,-0.5784354,0.0,0.0,0.0,0.0,0.0,0.0,0.0,4.127779,0.2517265,0.2379065,2.191673,0.154924,-3.511565,0.06514138,-0.857902,0.01918083,0.5093063,5.696813,241.1274,354.6816,0.5578271,0.03502666,-0.8292174,-0.07702077,-0.006428188,-0.174405,0.1902467,0.3181774,-4.221737,0.3086993,0.4007999,2.069002,-0.4727275,-0.092232,0.8763687,-0.1313077,0.9907774,0.03344328,-0.8713709,-0.09926438,-0.4804786,static,54.61992,-4.35644,8.486047,10.96335,7.4299918400773555,0.05697885875482617
05/04/2023 16:19:04.883219,2878,True,True,True,True,Eyes,2.24258,0.1454207,-3.431614,-0.8198964,0.04338262,-0.5708659,0.0,0.0,0.0,0.0,0.0,0.0,0.0,4.125692,0.2520107,0.2794056,2.185896,0.155659,-3.515755,0.06520576,-0.8548827,0.0194794,0.5143388,5.761106,241.8008,354.7263,0.5568127,0.03506162,-0.8298973,-0.07239953,-0.006042496,-0.1639407,0.1762151,0.3168282,-4.202711,0.3087003,0.4008,2.069001,-0.4624077,-0.09144854,0.8819392,-0.1315246,0.9907376,0.03377051,-0.8768584,-0.1003809,-0.4701524,static,55.15182,-4.345807,8.486077,10.96336,7.4487263811160656,0.05904053068117626
05/04/2023 16:19:04.903220,2879,True,True,True,True,Eyes,2.239385,0.1457568,-3.4353,-0.825425,0.04247796,-0.5629113,0.0,0.0,0.0,0.0,0.0,0.0,0.0,4.123168,0.2552809,0.3176017,2.179817,0.1556218,-3.520047,0.06582323,-0.8519655,0.020237,0.5190496,5.901208,242.4315,354.7423,0.5558057,0.03510081,-0.8305705,-0.06805556,-0.005679946,-0.1541043,0.1623907,0.3117611,-4.185113,0.3086998,0.4008,2.069001,-0.4525097,-0.09115025,0.8870888,-0.1331663,0.9905155,0.03384859,-0.8817606,-0.1028135,-0.460356,static,55.70736,-4.315429,8.486062,10.96336,7.468047931769343,0.06083156737401718
05/04/2023 16:19:04.913267,2880,True,True,True,True,Eyes,2.236062,0.1460709,-3.438988,-0.8309196,0.04135806,-0.5548533,0.0,0.0,0.0,0.0,0.0,0.0,0.0,4.11971,0.2641911,0.3542509,2.173505,0.155086,-3.524078,0.06750914,-0.8490092,0.0217297,0.5235969,6.176558,243.0392,354.6976,0.554804,0.03514309,-0.8312381,-0.06397222,-0.005339149,-0.144858,0.148386,0.3008828,-4.167767,0.3086997,0.4008,2.069001,-0.4425776,-0.09187655,0.8920111,-0.137387,0.9899407,0.03379771,-0.8861433,-0.1075926,-0.4507483,static,56.26666,-4.262872,8.486062,10.96336,7.487220192425234,0.06222169064985772
05/04/2023 16:19:04.932803,2881,True,True,True,True,Eyes,2.232673,0.1463743,-3.442722,-0.839848,0.03984686,-0.541357,0.0,0.0,0.0,0.0,0.0,0.0,0.0,4.115211,0.2776377,0.3932443,2.16712,0.1549354,-3.527927,0.06996306,-0.8457991,0.02349876,0.5283719,6.527697,243.6779,354.5989,0.5538041,0.03518769,-0.8319027,-0.06013389,-0.0050188,-0.1361665,0.1339631,0.287289,-4.148779,0.3087001,0.4007999,2.069001,-0.4318568,-0.09351722,0.897081,-0.1431815,0.9891059,0.03418257,-0.8905048,-0.1136835,-0.440542,static,57.19461,-4.209693,8.486072,10.96335,7.519463015831121,0.06516755429333693
05/04/2023 16:19:04.953092,2882,True,True,True,True,Eyes,2.229149,0.1466651,-3.446445,-0.8484438,0.03820345,-0.527905,0.0,0.0,0.0,0.0,0.0,0.0,0.0,4.110542,0.2893976,0.4302101,2.160953,0.1547507,-3.531532,0.07216703,-0.8427209,0.02524797,0.5328941,6.861444,244.2859,354.5252,0.5528042,0.0352341,-0.8325655,-0.05652585,-0.004717672,-0.1279965,0.1205014,0.2744426,-4.130642,0.3086998,0.4008,2.069001,-0.4216316,-0.09472433,0.9018061,-0.1485423,0.9883089,0.03436079,-0.8945178,-0.1194687,-0.4307729,static,58.10997,-4.139168,8.486064,10.96336,7.551038103973645,0.06773383356649787
05/04/2023 16:19:04.963555,2883,True,True,True,True,Eyes,2.225472,0.1469315,-3.450101,-0.8566467,0.03661938,-0.5146025,0.0,0.0,0.0,0.0,0.0,0.0,0.0,4.105686,0.2973858,0.4649415,2.154213,0.1547809,-3.535064,0.07374917,-0.8397864,0.02668915,0.5372221,7.126806,244.872,354.495,0.5518023,0.0352819,-0.8332279,-0.0531343,-0.004434612,-0.1203168,0.1071961,0.2645725,-4.113309,0.3086998,0.4008,2.069001,-0.411907,-0.09519109,0.9062402,-0.1525431,0.9876975,0.03441301,-0.8983669,-0.1240657,-0.4213602,static,59.00603,-4.070336,8.486065,10.96336,7.5819500696758,0.07024987622346796
05/04/2023 16:19:04.982877,2884,True,True,True,True,Eyes,2.221662,0.1471881,-3.453743,-0.8645492,0.03504913,-0.5013245,0.0,0.0,0.0,0.0,0.0,0.0,0.0,4.100345,0.3035564,0.5013156,2.147586,0.154405,-3.538407,0.07473863,-0.8367883,0.02757408,0.5417002,7.303154,245.4827,354.4919,0.550797,0.03533044,-0.8338907,-0.04994624,-0.004168536,-0.1130977,0.09421774,0.2577177,-4.09492,0.3087001,0.4008,2.069001,-0.40195,-0.09520705,0.9106986,-0.1549546,0.9873076,0.03482454,-0.9024552,-0.1271192,-0.4116011,static,59.89192,-3.999216,8.486073,10.96336,7.612472075497562,0.07267967020741312
05/04/2023 16:19:05.003188,2885,True,True,True,True,Eyes,2.217703,0.1474405,-3.457355,-0.8720069,0.03374194,-0.4883292,0.0,0.0,0.0,0.0,0.0,0.0,0.0,4.094696,0.3074598,0.5374641,2.140441,0.1546431,-3.541825,0.07507464,-0.8338282,0.02755538,0.5462009,7.351987,246.1,354.4977,0.5497861,0.03537952,-0.8345554,-0.04694946,-0.003918423,-0.1063119,0.08112798,0.2562013,-4.076255,0.3087008,0.4008,2.069001,-0.3920572,-0.09509715,0.9150125,-0.1553002,0.987209,0.03605876,-0.9067377,-0.1279645,-0.4018109,static,60.75091,-3.952667,8.48609,10.96336,7.642352927400673,0.07545695316979811
05/04/2023 16:19:05.023006,2886,True,True,True,True,Eyes,2.213618,0.1476738,-3.460945,-0.8792006,0.03250991,-0.4753413,0.0,0.0,0.0,0.0,0.0,0.0,0.0,4.087648,0.3140811,0.5763087,2.13307,0.1548574,-3.544811,0.07555578,-0.8306466,0.02711434,0.5509832,7.371644,246.7573,354.4659,0.5487682,0.03542904,-0.835223,-0.0441325,-0.003683318,-0.09993318,0.06767037,0.2555049,-4.055396,0.3086998,0.4008,2.069001,-0.3814178,-0.0956412,0.9194419,-0.1553994,0.9871122,0.03821505,-0.9112473,-0.1283048,-0.3913648,static,61.60205,-3.912524,8.486062,10.96336,7.6720369347742015,0.0783212734123016
05/04/2023 16:19:05.032688,2887,True,True,True,True,Eyes,2.209381,0.147854,-3.464488,-0.8859313,0.03147263,-0.4627475,0.0,0.0,0.0,0.0,0.0,0.0,0.0,4.080457,0.3216872,0.6147957,2.125828,0.1547476,-3.548026,0.07580112,-0.8274907,0.02597751,0.5557324,7.310281,247.4124,354.4124,0.5477421,0.03547855,-0.8358941,-0.04148455,-0.003462319,-0.09393719,0.0547325,0.2573227,-4.034589,0.3086997,0.4008,2.069001,-0.3708315,-0.09657636,0.9236651,-0.1543225,0.9871587,0.04125799,-0.9157886,-0.1272426,-0.3809734,static,62.42064,-3.89084,8.48606,10.96335,7.700801444302657,0.08139417216961714
05/04/2023 16:19:05.052796,2888,True,True,True,True,Eyes,2.205012,0.1479843,-3.468007,-0.8924144,0.0304331,-0.4501894,0.0,0.0,0.0,0.0,0.0,0.0,0.0,4.07285,0.3322491,0.6492147,2.118145,0.1534967,-3.55104,0.0761981,-0.8245388,0.02454517,0.5601135,7.229041,248.0179,354.3215,0.5467063,0.03552687,-0.8365698,0.0,0.0,0.0,0.04200516,0.2585025,-4.015063,0.3087,0.4007999,2.069,-0.3609332,-0.09816041,0.9274111,-0.1531527,0.9871828,0.04488228,-0.91993,-0.1258361,-0.3713407,static,63.23079,-3.867349,8.486073,10.96336,7.729243499250574,0.08439721928777366
05/04/2023 16:19:05.072978,2889,True,True,True,True,Eyes,2.2005,0.1480683,-3.471511,-0.8984249,0.02945896,-0.4381379,0.0,0.0,0.0,0.0,0.0,0.0,0.0,4.065236,0.342598,0.6824656,2.110595,0.1524464,-3.554071,0.07704961,-0.8215872,0.02407125,0.5643389,7.268394,248.6037,354.2469,0.5456597,0.03557299,-0.837251,0.0,0.0,0.0,0.02963083,0.2555621,-3.996403,0.3087006,0.4008,2.069001,-0.35117,-0.09943723,0.9310167,-0.1537746,0.9869679,0.04741091,-0.923598,-0.1265174,-0.3618844,static,64.00274,-3.846591,8.486084,10.96336,7.756365177191798,0.08728921941250517
05/04/2023 16:19:05.083279,2890,True,True,True,True,Eyes,2.195853,0.148122,-3.474983,-0.9041923,0.02849196,-0.4261741,0.0,0.0,0.0,0.0,0.0,0.0,0.0,4.057713,0.3523968,0.7106314,2.102481,0.1513918,-3.556806,0.07809897,-0.8189062,0.02408461,0.5680783,7.364362,249.1236,354.1811,0.5446005,0.0356161,-0.8379385,0.0,0.0,0.0,0.01732806,0.2505966,-3.979888,0.3087001,0.4008,2.069001,-0.3423751,-0.1005476,0.9341678,-0.1552754,0.986641,0.04928658,-0.9266439,-0.1281787,-0.3534139,static,64.76403,-3.824831,8.486073,10.96336,7.783095902375748,0.09011706050797896
05/04/2023 16:19:05.103144,2891,True,True,True,True,Eyes,2.191069,0.1481302,-3.478427,-0.9094753,0.02763491,-0.4148384,0.0,0.0,0.0,0.0,0.0,0.0,0.0,4.050956,0.3573638,0.7367864,2.094591,0.1507247,-3.559605,0.07849589,-0.8164331,0.02394057,0.5715786,7.401693,249.6134,354.1656,0.5435287,0.0356558,-0.8386324,0.0,0.0,0.0,0.005814075,0.2484687,-3.96477,0.3087001,0.4008,2.069,-0.3342724,-0.1008055,0.9370698,-0.1555411,0.9865305,0.0506414,-0.9295529,-0.1288249,-0.3454494,static,65.48088,-3.81119,8.486075,10.96336,7.808353523122432,0.09290856430183603
05/04/2023 16:19:05.113217,2892,True,True,True,True,Eyes,2.186145,0.1480582,-3.481838,-0.9145235,0.02682747,-0.4036422,0.0,0.0,0.0,0.0,0.0,0.0,0.0,4.043754,0.3620786,0.761301,2.086358,0.1495965,-3.56193,0.07868284,-0.8140695,0.02349307,0.5749331,7.395905,250.0845,354.149,0.5424434,0.03569141,-0.8393332,0.0,0.0,0.0,-0.005694526,0.2474526,-3.949801,0.3087004,0.4008,2.069001,-0.3265222,-0.1010927,0.939768,-0.1551205,0.9865142,0.05222476,-0.932374,-0.1287247,-0.3378004,static,66.18483,-3.802485,8.486078,10.96335,7.833216406051372,0.09573800200759408
05/04/2023 16:19:05.132856,2893,True,True,True,True,Eyes,2.181068,0.1479145,-3.485196,-0.9190747,0.02619437,-0.3932119,0.0,0.0,0.0,0.0,0.0,0.0,0.0,4.038066,0.3659712,0.779027,2.07807,0.147597,-3.564636,0.07866696,-0.8121765,0.02298589,0.5776265,7.366599,250.464,354.1416,0.5413435,0.0357215,-0.8400419,0.0,0.0,0.0,-0.01646885,0.2464816,-3.938577,0.3086996,0.4008,2.069001,-0.3203182,-0.1012284,0.9418859,-0.1543375,0.9865663,0.05354305,-0.934653,-0.1282174,-0.3316386,static,66.83709,-3.811209,8.486059,10.96336,7.856467638973051,0.09867527747714
05/04/2023 16:19:05.152889,2894,True,True,True,True,Eyes,2.175855,0.1477081,-3.488509,-0.923426,0.02559539,-0.3829219,0.0,0.0,0.0,0.0,0.0,0.0,0.0,4.032456,0.3688634,0.7923083,2.069314,0.1457231,-3.566682,0.07861183,-0.8105809,0.02254829,0.5798884,7.338239,250.7835,354.1383,0.5402289,0.03574496,-0.8407583,0.0,0.0,0.0,-0.02723533,0.2456267,-3.928899,0.3087001,0.4008,2.069001,-0.3150995,-0.1012915,0.943638,-0.1535935,0.9866236,0.05461776,-0.9365477,-0.1277266,-0.3264422,static,67.47742,-3.824095,8.48607,10.96336,7.879348681472275,0.10164006218729682
05/04/2023 16:19:05.173170,2895,True,True,True,True,Eyes,2.170486,0.1474343,-3.49178,-0.9273725,0.02505694,-0.3732996,0.0,0.0,0.0,0.0,0.0,0.0,0.0,4.026237,0.3729549,0.8097281,2.060837,0.1440187,-3.568971,0.07869375,-0.8086766,0.02208946,0.5825474,7.320077,251.1596,354.1241,0.5390988,0.03576104,-0.8414828,0.0,0.0,0.0,-0.03803368,0.2445025,-3.91732,0.3087,0.4008,2.069,-0.3088915,-0.1015393,0.9456615,-0.1530119,0.9866387,0.05595922,-0.9387082,-0.1274121,-0.3203011,static,68.0735,-3.840097,8.486072,10.96336,7.900699594374247,0.10447527569266624
05/04/2023 16:19:05.182973,2896,True,True,True,True,Eyes,2.164968,0.1471005,-3.495002,-0.9311392,0.02454564,-0.3638369,0.0,0.0,0.0,0.0,0.0,0.0,0.0,4.020739,0.3745204,0.8203182,2.051558,0.1420691,-3.570777,0.07862587,-0.8072233,0.02197324,0.5845732,7.319361,251.4474,354.1411,0.5379517,0.03576892,-0.8422163,0.0,0.0,0.0,-0.04901196,0.2426812,-3.908687,0.3087001,0.4008,2.069001,-0.3041845,-0.1012473,0.9472175,-0.1526272,0.9866703,0.05645051,-0.9403068,-0.1273998,-0.3155828,static,68.65724,-3.859515,8.486072,10.96336,7.921656263258351,0.1073222325786114
05/04/2023 16:19:05.203246,2897,True,True,True,True,Eyes,2.159288,0.1467172,-3.498152,-0.9345267,0.02408155,-0.3550773,0.0,0.0,0.0,0.0,0.0,0.0,0.0,4.0159,0.3724471,0.830996,2.042472,0.1402931,-3.572862,0.07821544,-0.8057973,0.02213584,0.586586,7.321347,251.7352,354.2087,0.5367876,0.03576807,-0.8429587,0.0,0.0,0.0,-0.05968691,0.2412395,-3.900644,0.3087005,0.4008001,2.069001,-0.2995986,-0.1000824,0.9488015,-0.1520208,0.9867848,0.05608615,-0.9418761,-0.1274342,-0.3108538,static,69.1955,-3.879892,8.486081,10.96336,7.941011674144436,0.10999384324244826
05/04/2023 16:19:05.213030,2898,True,True,True,True,Eyes,2.153472,0.1463005,-3.501234,-0.9377645,0.02363107,-0.3464671,0.0,0.0,0.0,0.0,0.0,0.0,0.0,4.010217,0.370215,0.8415623,2.032952,0.1385176,-3.57422,0.07785255,-0.8043513,0.02242373,0.5886043,7.337965,252.0244,354.2804,0.5356061,0.03575828,-0.8437104,0.0,0.0,0.0,-0.07077174,0.2392863,-3.89185,0.3087001,0.4008,2.069,-0.2949677,-0.0988442,0.9503808,-0.151639,0.9868723,0.05557558,-0.9433978,-0.1277218,-0.3060842,static,69.72272,-3.901863,8.486076,10.96336,7.959995738439609,0.11264847638416453
05/04/2023 16:19:05.233042,2899,True,True,True,True,Eyes,2.147495,0.1458348,-3.504222,-0.9406899,0.02324164,-0.3384706,0.0,0.0,0.0,0.0,0.0,0.0,0.0,4.005684,0.3649348,0.8492069,2.023793,0.1374862,-3.575638,0.07733729,-0.8031555,0.0230269,0.5902795,7.370766,252.2661,354.3845,0.534407,0.03573973,-0.8444712,0.0,0.0,0.0,-0.08118011,0.2376782,-3.885073,0.3087,0.4008,2.069001,-0.2911783,-0.09704315,0.9517341,-0.1514124,0.9869775,0.05431287,-0.9446108,-0.1282896,-0.3020799,static,70.21071,-3.928144,8.486069,10.96336,7.977642984366338,0.1152173261431052
05/04/2023 16:19:05.253022,2900,True,True,True,True,Eyes,2.141397,0.1453261,-3.507122,-0.9435066,0.0228584,-0.3305643,0.0,0.0,0.0,0.0,0.0,0.0,0.0,3.999299,0.3622757,0.8598719,2.013946,0.1358411,-3.576393,0.07693986,-0.8016829,0.02331159,0.5923185,7.384242,252.5594,354.4596,0.5331905,0.03571224,-0.845241,0.0,0.0,0.0,-0.09251752,0.2359893,-3.875532,0.3086999,0.4008,2.069,-0.2864779,-0.09574696,0.9532906,-0.1509785,0.9870737,0.0537688,-0.9461161,-0.1285228,-0.2972305,static,70.69173,-3.955685,8.48607,10.96336,7.995059016929374,0.11778022505115304
05/04/2023 16:19:05.263595,2901,True,True,True,True,Eyes,2.135136,0.14479,-3.509896,-0.9461764,0.02246228,-0.322871,0.0,0.0,0.0,0.0,0.0,0.0,0.0,3.992701,0.3619295,0.8728795,2.00494,0.1342987,-3.577254,0.07678218,-0.8000611,0.02348011,0.5945212,7.404202,252.8759,354.5061,0.5319566,0.03567576,-0.8460196,0.0,0.0,0.0,-0.1031236,0.2339936,-3.86506,0.3087001,0.4008,2.069002,-0.2812984,-0.09494203,0.9549124,-0.1507797,0.9871063,0.05372623,-0.9477009,-0.1288683,-0.2919867,static,71.15842,-3.97968,8.48607,10.96335,8.011921472644877,0.12021554101376791
05/04/2023 16:19:05.283341,2902,True,True,True,True,Eyes,2.128746,0.1442849,-3.512593,-0.9487364,0.02209027,-0.3152957,0.0,0.0,0.0,0.0,0.0,0.0,0.0,3.985514,0.3617983,0.8848958,1.995,0.1331791,-3.577779,0.07678413,-0.7984296,0.02376782,0.5966988,7.445776,253.1893,354.5458,0.5307049,0.03563067,-0.8468071,0.0,0.0,0.0,-0.1146301,0.2315881,-3.854324,0.3087001,0.4008,2.069,-0.2761095,-0.09424898,0.9564939,-0.1509779,0.9870785,0.05368013,-0.9491939,-0.1295878,-0.2867712,static,71.61669,-4.007713,8.486073,10.96336,8.028536680760515,0.12269095925598955
05/04/2023 16:19:05.303306,2903,True,True,True,True,Eyes,2.122323,0.1438631,-3.515613,-0.9520206,0.02159031,-0.3052712,0.0,0.0,0.0,0.0,0.0,0.0,0.0,3.979962,0.3583937,0.8936152,1.985523,0.1334147,-3.578686,0.07644477,-0.7971157,0.02383623,0.5984935,7.440924,253.4487,354.5987,0.5294365,0.03557871,-0.8476029,0.0,0.0,0.0,-0.1252709,0.2323175,-3.846015,0.3086999,0.4008,2.069,-0.2719233,-0.093339,0.9577814,-0.1504023,0.9871761,0.05350293,-0.9504928,-0.1295039,-0.2824747,static,72.22124,-4.04551,8.486071,10.96336,8.050465869594685,0.12597186781850866
05/04/2023 16:19:05.312750,2904,True,True,True,True,Eyes,2.115774,0.143447,-3.518531,-0.955119,0.0212329,-0.2954605,0.0,0.0,0.0,0.0,0.0,0.0,0.0,3.973485,0.3550569,0.9021301,1.975335,0.1335473,-3.578925,0.07597371,-0.7957918,0.02358293,0.6003226,7.397462,253.7131,354.6418,0.5281483,0.03552232,-0.8484085,0.0,0.0,0.0,-0.1365521,0.2343006,-3.836767,0.3087004,0.4008,2.069,-0.2676815,-0.09260379,0.9590469,-0.1492332,0.9873437,0.05368327,-0.9518802,-0.1287517,-0.2781132,static,72.81085,-4.110424,8.486081,10.96336,8.072210656046806,0.12969897442842088
05/04/2023 16:19:05.338798,2905,True,True,True,True,Eyes,2.109066,0.1430106,-3.521338,-0.9580303,0.02095653,-0.2859,0.0,0.0,0.0,0.0,0.0,0.0,0.0,3.968065,0.3543798,0.9075041,1.965925,0.1337094,-3.579378,0.0752278,-0.7948025,0.02188219,0.6017898,7.199622,253.9233,354.607,0.5268409,0.03546222,-0.8492234,0.0,0.0,0.0,-0.1465844,0.2415032,-3.829147,0.3087002,0.4008,2.069001,-0.2643799,-0.09324554,0.9599003,-0.1459194,0.9877239,0.05575859,-0.9533157,-0.1253267,-0.2747406,static,73.38359,-4.192296,8.486074,10.96336,8.093573088527128,0.13367311363138373
05/04/2023 16:19:05.354859,2906,True,True,True,True,Eyes,2.102248,0.14258,-3.524034,-0.9607759,0.02074887,-0.2765489,0.0,0.0,0.0,0.0,0.0,0.0,0.0,3.961502,0.3572704,0.9131188,1.955306,0.1326508,-3.57968,0.07492176,-0.7936411,0.02042932,0.6034097,7.056273,254.1555,354.5494,0.5255141,0.03539841,-0.8500477,0.0,0.0,0.0,-0.1579936,0.2453517,-3.82044,0.3087002,0.4008,2.069001,-0.2605672,-0.09426747,0.9608426,-0.1435765,0.9879388,0.05798992,-0.9547202,-0.1228441,-0.2709591,static,73.94212,-4.29074,8.486073,10.96336,8.114642615330773,0.13789833958967207
05/04/2023 16:19:05.372740,2907,True,True,True,True,Eyes,2.095262,0.1421562,-3.52654,-0.9633201,0.02053593,-0.2675677,0.0,0.0,0.0,0.0,0.0,0.0,0.0,3.955638,0.3575819,0.9184732,1.945993,0.1323559,-3.579681,0.07460665,-0.7925949,0.01953199,0.6048521,6.962163,254.3636,354.5291,0.5241696,0.03533154,-0.8508804,0.0,0.0,0.0,-0.1680071,0.2483821,-3.812586,0.3087003,0.4008001,2.069002,-0.2571759,-0.09463774,0.9617196,-0.1418936,0.9881047,0.05929006,-0.9558908,-0.1212139,-0.2675453,static,74.47707,-4.38887,8.486075,10.96336,8.134871599141922,0.1420174054348915
05/04/2023 16:19:05.383141,2908,True,True,True,True,Eyes,2.088143,0.141771,-3.528964,-0.9657378,0.02036514,-0.2587196,0.0,0.0,0.0,0.0,0.0,0.0,0.0,3.948595,0.3630657,0.9244242,1.935425,0.1322602,-3.579722,0.07498932,-0.7913337,0.01855561,0.6064843,6.910978,254.5977,354.4405,0.5228071,0.03526224,-0.851721,0.0,0.0,0.0,-0.1794974,0.2496302,-3.80339,0.3087003,0.4008,2.069001,-0.2531069,-0.0961758,0.9626461,-0.1411906,0.9880646,0.06159234,-0.9570801,-0.1203271,-0.2636651,static,75.00272,-4.500762,8.486076,10.96336,8.15494605308546,0.14635561468367897
05/04/2023 16:19:05.402872,2909,True,True,True,True,Eyes,2.080878,0.1414581,-3.531252,-0.9679834,0.02015796,-0.2502036,0.0,0.0,0.0,0.0,0.0,0.0,0.0,3.941739,0.3663726,0.9329419,1.925325,0.1326935,-3.580145,0.07510047,-0.7899287,0.01752511,0.60833,6.837794,254.864,354.3747,0.5214266,0.0351918,-0.8525698,0.0,0.0,0.0,-0.1905326,0.2523488,-3.793522,0.3087,0.4008,2.069,-0.2485888,-0.09732591,0.9637069,-0.1399701,0.9881056,0.06368457,-0.9584424,-0.1190589,-0.2592547,static,75.50743,-4.606156,8.486072,10.96336,8.174194804389442,0.15048264752526308
05/04/2023 16:19:05.422931,2910,True,True,True,True,Eyes,2.073483,0.1412618,-3.533447,-0.9701179,0.02003425,-0.2418052,0.0,0.0,0.0,0.0,0.0,0.0,0.0,3.933741,0.3673102,0.9449587,1.914717,0.1338437,-3.580242,0.0751858,-0.7882158,0.01696347,0.6105531,6.80852,255.1863,354.3469,0.5200288,0.03512225,-0.853426,0.0,0.0,0.0,-0.2022748,0.254404,-3.781518,0.3086999,0.4008,2.069,-0.2431437,-0.09781107,0.965046,-0.1392395,0.9881186,0.0650681,-0.9599444,-0.1185516,-0.253874,static,76.00403,-4.736302,8.48607,10.96336,8.193471316157876,0.1550404632469088
05/04/2023 16:19:05.433246,2911,True,True,True,True,Eyes,2.065974,0.1411913,-3.535484,-0.9720766,0.0201088,-0.2338004,0.0,0.0,0.0,0.0,0.0,0.0,0.0,3.926575,0.3600162,0.9567752,1.904176,0.1368975,-3.580278,0.0743591,-0.7866278,0.01626955,0.6127174,6.70275,255.5026,354.3923,0.518613,0.03505642,-0.8542898,0.0,0.0,0.0,-0.2136336,0.2616037,-3.770099,0.3086998,0.4008,2.069001,-0.2380961,-0.09704861,0.9663808,-0.1369232,0.9884121,0.06552608,-0.9615417,-0.1167184,-0.2486253,static,76.4763,-4.915823,8.486065,10.96336,8.212513988538838,0.16042293767479654
05/04/2023 16:19:05.453238,2912,True,True,True,True,Eyes,2.058335,0.1411846,-3.537437,-0.9739483,0.02037601,-0.225853,0.0,0.0,0.0,0.0,0.0,0.0,0.0,3.92003,0.3455215,0.9682188,1.894266,0.1401115,-3.579886,0.07208971,-0.7852702,0.01447267,0.6147718,6.394144,255.8053,354.4898,0.5171815,0.03499719,-0.8551597,0.0,0.0,0.0,-0.223746,0.2767009,-3.758969,0.3087003,0.4008,2.069001,-0.2337176,-0.09542503,0.9676108,-0.1310146,0.9891872,0.06590755,-0.9634374,-0.1113674,-0.2436925,static,76.9442,-5.155156,8.486076,10.96335,8.232163961516363,0.1669111221002917
05/04/2023 16:19:05.464712,2913,True,True,True,True,Eyes,2.050679,0.1412816,-3.539492,-0.9756829,0.02062605,-0.2182139,0.0,0.0,0.0,0.0,0.0,0.0,0.0,3.912663,0.3303839,0.9823451,1.88364,0.1416448,-3.579793,0.06982606,-0.7835965,0.01341816,0.617188,6.155111,256.162,354.6404,0.5157329,0.03494554,-0.8560362,0.0,0.0,0.0,-0.2347367,0.2878846,-3.746511,0.3086998,0.4007999,2.069001,-0.2284067,-0.09286783,0.9691264,-0.1259939,0.9898885,0.06516276,-0.9653787,-0.1072204,-0.237798,static,77.39313,-5.399678,8.486064,10.96336,8.251207077636337,0.1734161875707111
05/04/2023 16:19:05.483235,2914,True,True,True,True,Eyes,2.042938,0.1414117,-3.541476,-0.9773604,0.0208173,-0.2105548,0.0,0.0,0.0,0.0,0.0,0.0,0.0,3.909595,0.3185435,1.003098,1.875703,0.1440639,-3.585191,0.06821633,-0.7814225,0.01284226,0.6201295,6.008522,256.5956,354.7682,0.5142677,0.03490317,-0.856919,0.0,0.0,0.0,-0.2433906,0.2964319,-3.736609,0.3086998,0.4007999,2.069001,-0.221572,-0.09068382,0.9709183,-0.1225393,0.9903632,0.06453545,-0.967414,-0.1046764,-0.2305491,static,77.84246,-5.646414,8.486066,10.96336,8.270292602978316,0.17996457048384196
05/04/2023 16:19:05.503256,2915,True,True,True,True,Eyes,2.035209,0.1416048,-3.543571,-0.9789306,0.02074143,-0.2031374,0.0,0.0,0.0,0.0,0.0,0.0,0.0,3.899596,0.3175278,1.025316,1.86594,0.1450053,-3.585552,0.06841126,-0.7788777,0.01334681,0.6232907,6.088891,257.0604,354.8111,0.5127864,0.03487005,-0.8578076,0.0,0.0,0.0,-0.2544824,0.2946879,-3.7201,0.3086997,0.4007999,2.069001,-0.2136572,-0.08993013,0.9727606,-0.1232059,0.9902835,0.06448916,-0.9691084,-0.1060713,-0.2226612,static,78.27695,-5.830004,8.486062,10.96335,8.288046826560027,0.1852628965686412
05/04/2023 16:19:05.512926,2916,True,True,True,True,Eyes,2.027478,0.1417799,-3.545695,-0.9804431,0.02045435,-0.1957372,0.0,0.0,0.0,0.0,0.0,0.0,0.0,3.894773,0.3171337,1.046659,1.858504,0.1467412,-3.590231,0.0688358,-0.7764732,0.0140924,0.6262209,6.20566,257.4926,354.8494,0.511289,0.03484668,-0.8587018,0.0,0.0,0.0,-0.2631376,0.2923788,-3.709094,0.3087001,0.4008,2.069001,-0.2062183,-0.08924837,0.9744275,-0.1245482,0.9901261,0.06432808,-0.9705473,-0.1080976,-0.2152977,static,78.70982,-5.965703,8.486073,10.96336,8.305133183134263,0.18965412416347638
05/04/2023 16:19:05.533207,2917,True,True,True,True,Eyes,1.832452,0.1456331,-3.597881,-0.999854,0.005267164,-0.01625376,0.0,0.0,0.0,0.0,0.0,0.0,0.0,3.885968,0.321289,1.064114,1.849013,0.1465183,-3.5911,0.0700926,-0.7741681,0.01575721,0.6288899,6.462824,257.8875,354.8781,0.5097765,0.03483163,-0.8596013,0.0,0.0,0.0,-0.2739955,0.2829133,-3.695654,0.3086998,0.4008,2.069,-0.1991691,-0.08870781,0.9759418,-0.128346,0.9896774,0.06376359,-0.9715239,-0.1125585,-0.2084985,static,89.06867,-17.95535,8.486067,10.96336,8.825445180901065,0.4590683042588236
05/04/2023 16:19:05.553263,2918,True,True,True,True,Eyes,1.832106,0.1456415,-3.59798,-0.9998576,0.00518291,-0.016062,0.0,0.0,0.0,0.0,0.0,0.0,0.0,3.881095,0.3220708,1.078561,1.841265,0.146246,-3.5942,0.07114127,-0.7722038,0.01807093,0.631121,6.759749,258.2209,354.9704,0.5032808,0.03499209,-0.8634139,-0.5850753,0.0115597,-0.156558,-0.2829218,0.2723169,-3.687136,0.3086997,0.4008,2.069001,-0.1932503,-0.08706123,0.9772792,-0.132681,0.9892247,0.06188862,-0.9721369,-0.1177064,-0.2027194,static,89.07967,-17.88393,8.486061,10.96336,8.824925141153527,0.457772587399475
05/04/2023 16:19:05.563533,2919,True,True,True,True,Eyes,1.831391,0.1456755,-3.598124,-0.9998598,0.005026688,-0.01597447,0.0,0.0,0.0,0.0,0.0,0.0,0.0,3.876145,0.3191622,1.090574,1.832574,0.1464035,-3.596659,0.07129931,-0.7704666,0.01928307,0.6331871,6.892423,258.5308,355.0624,0.4977889,0.03512219,-0.8665865,-0.5499707,0.01086611,-0.1471646,-0.292311,0.2681611,-3.678762,0.3087002,0.4008001,2.069001,-0.1879811,-0.08544789,0.9784488,-0.1342871,0.9890892,0.0605777,-0.9729493,-0.1200056,-0.1974046,static,89.08469,-17.46723,8.486073,10.96336,8.819792184483687,0.4499611918584733
05/04/2023 16:19:05.588823,2920,True,True,True,True,Eyes,1.830346,0.1457461,-3.598341,-0.9998648,0.004975013,-0.01567395,0.0,0.0,0.0,0.0,0.0,0.0,0.0,3.871414,0.3116987,1.097727,1.823059,0.1471586,-3.597889,0.07078054,-0.7691529,0.02004927,0.6348165,6.93292,258.7766,355.1791,0.4931251,0.03522885,-0.8692445,-0.5169725,0.01021415,-0.1383347,-0.3021765,0.2681232,-3.671654,0.3087001,0.4008,2.069001,-0.1839964,-0.08342689,0.9793801,-0.1343373,0.9891763,0.05902338,-0.9737038,-0.1207072,-0.1932122,static,89.1019,-17.60978,8.486071,10.96336,8.822219609722186,0.45271388815071534
05/04/2023 16:19:05.603467,2921,True,True,True,True,Eyes,1.828959,0.1458269,-3.598596,-0.9998684,0.005020551,-0.01542914,0.0,0.0,0.0,0.0,0.0,0.0,0.0,3.866223,0.3034498,1.110296,1.814142,0.1480874,-3.599928,0.06954832,-0.7675071,0.0194815,0.6369587,6.805727,259.0974,355.2665,0.4891434,0.03531781,-0.8714877,-0.4859541,0.009601298,-0.1300346,-0.3111577,0.2742279,-3.662314,0.3086996,0.4008,2.069001,-0.1788934,-0.08193984,0.9804505,-0.1315755,0.989567,0.05869443,-0.9750309,-0.1185032,-0.1878084,static,89.11593,-18.02458,8.48606,10.96336,8.828004181335544,0.46057056636000404
05/04/2023 16:19:05.613014,2922,True,True,True,True,Eyes,1.827267,0.1459321,-3.598938,-0.9998749,0.00511017,-0.01497233,0.0,0.0,0.0,0.0,0.0,0.0,0.0,3.859796,0.2975441,1.123091,1.804518,0.1485513,-3.601323,0.06854816,-0.7657576,0.01883491,0.6391884,6.688785,259.4312,355.3276,0.4855442,0.03539892,-0.8734947,-0.4567969,0.00902522,-0.1222325,-0.3208202,0.2793355,-3.651675,0.3087004,0.4008,2.069001,-0.173479,-0.08090445,0.9815089,-0.1290607,0.9898928,0.05878442,-0.9763445,-0.1164763,-0.1821673,static,89.14211,-18.84516,8.48608,10.96336,8.839391663932474,0.4761063797794084
05/04/2023 16:19:05.633090,2923,True,True,True,True,Eyes,1.825266,0.1460517,-3.599308,-0.9998809,0.005165699,-0.01454892,0.0,0.0,0.0,0.0,0.0,0.0,0.0,3.854641,0.2883402,1.13671,1.795445,0.1490803,-3.60384,0.06739689,-0.7639652,0.01889819,0.6414497,6.623152,259.7726,355.4538,0.4822617,0.03547446,-0.8753082,-0.4293891,0.008483707,-0.1148986,-0.3299444,0.2830124,-3.642328,0.3086998,0.4008,2.069001,-0.1679997,-0.07873327,0.9826378,-0.1272222,0.990201,0.05758832,-0.9775431,-0.1153385,-0.1763701,static,89.16637,-19.54777,8.486066,10.96336,8.849207444626504,0.48941653919602535
05/04/2023 16:19:05.652777,2924,True,True,True,True,Eyes,1.822992,0.1462384,-3.599741,-0.9998899,0.005154379,-0.01392169,0.0,0.0,0.0,0.0,0.0,0.0,0.0,3.849541,0.2742633,1.148629,1.786314,0.1496613,-3.60558,0.06622048,-0.7623024,0.02037088,0.6435021,6.677665,260.0872,355.6842,0.4792593,0.03554555,-0.8769528,-0.4036257,0.007974684,-0.1080047,-0.3392742,0.2829498,-3.633934,0.3086996,0.4008,2.069,-0.1630401,-0.07474267,0.9837844,-0.1271775,0.9903998,0.0541685,-0.9783885,-0.1162836,-0.1709805,moving,89.20232,-20.31661,8.486062,10.96336,8.860282082554537,0.5040213323873081
05/04/2023 16:19:05.663398,2925,True,True,True,True,Eyes,1.820443,0.1464671,-3.600164,-0.9998981,0.005118589,-0.01331749,0.0,0.0,0.0,0.0,0.0,0.0,0.0,3.843992,0.2625729,1.162754,1.777522,0.1514824,-3.607587,0.06565199,-0.7604218,0.02217202,0.6457219,6.805891,260.4287,355.8873,0.4765038,0.03561443,-0.8784504,-0.3794082,0.007496203,-0.1015244,-0.3480504,0.2785284,-3.624805,0.3086995,0.3980409,2.069,-0.1574659,-0.0712125,0.9849535,-0.1284803,0.9903964,0.05106569,-0.9791309,-0.1185061,-0.1651031,moving,89.23694,-21.02431,8.48606,10.8897,8.870530276595009,0.5174712177161938
05/04/2023 16:19:05.683231,2926,True,True,True,True,Eyes,1.817623,0.1467036,-3.600659,-0.9999096,0.005046305,-0.01246748,0.0,0.0,0.0,0.0,0.0,0.0,0.0,3.837923,0.2509629,1.176731,1.76862,0.1529505,-3.609143,0.06479819,-0.7585689,0.02339151,0.6479409,6.860878,260.7699,356.073,0.473966,0.03568252,-0.8798195,-0.3566437,0.007046431,-0.09543291,-0.3567261,0.2764237,-3.615072,0.3086997,0.3953768,2.069,-0.151948,-0.06799515,0.986047,-0.1286204,0.9905081,0.04848265,-0.9799842,-0.1194589,-0.1592513,moving,89.28564,-22.03601,8.486063,10.81854,8.88515261470529,0.536695278332115
05/04/2023 16:19:05.703274,2927,True,True,True,True,Eyes,1.814561,0.1469399,-3.601202,-0.9999217,0.004891646,-0.01152227,0.0,0.0,0.0,0.0,0.0,0.0,0.0,3.830714,0.2396296,1.195581,1.759264,0.1532796,-3.611468,0.06394944,-0.7562276,0.0249793,0.6506968,6.95002,261.1954,356.291,0.4716186,0.0357502,-0.8810772,-0.335245,0.006623645,-0.08970694,-0.3658528,0.272169,-3.603189,0.3087,0.3927706,2.069,-0.1450084,-0.06421277,0.9873446,-0.1292285,0.990573,0.04544332,-0.9809549,-0.1210034,-0.1519396,moving,89.33981,-23.00309,8.486073,10.7489,8.899400306237068,0.5551038710575361
05/04/2023 16:19:05.712996,2928,True,True,True,True,Eyes,1.811263,0.1471937,-3.6018,-0.9999352,0.004666902,-0.01038296,0.0,0.0,0.0,0.0,0.0,0.0,0.0,3.824142,0.2330271,1.210547,1.750411,0.1535566,-3.613346,0.06374028,-0.7541929,0.02653775,0.6530131,7.081188,261.555,356.4478,0.469438,0.03581761,-0.8822383,-0.3151304,0.006226227,-0.08432452,-0.3744654,0.2657253,-3.592918,0.3086998,0.3899243,2.069,-0.1390225,-0.06148595,0.9883787,-0.1308039,0.9904659,0.04321729,-0.9816126,-0.1232756,-0.1457397,moving,89.40509,-24.20282,8.486065,10.67279,8.917007384587784,0.5779328401293912
05/04/2023 16:19:05.732895,2929,True,True,True,True,Eyes,1.807736,0.1474447,-3.602445,-0.999948,0.004394221,-0.009204006,0.0,0.0,0.0,0.0,0.0,0.0,0.0,3.817755,0.2287057,1.224546,1.741458,0.1542502,-3.615328,0.06379613,-0.7522029,0.02785517,0.6552442,7.210184,261.9017,356.5633,0.4674025,0.03588529,-0.8833156,-0.2962225,0.005852653,-0.07926505,-0.3831434,0.2598534,-3.582935,0.3087,0.3873957,2.069,-0.1331704,-0.05947141,0.9893073,-0.1324791,0.9903083,0.0416986,-0.982199,-0.1255096,-0.1397585,moving,89.47264,-25.52097,8.486073,10.60516,8.936204317166059,0.6029974100219402
05/04/2023 16:19:05.752861,2930,True,True,True,True,Eyes,1.803962,0.1477131,-3.603165,-0.999961,0.004084504,-0.007829547,0.0,0.0,0.0,0.0,0.0,0.0,0.0,3.811451,0.2284814,1.237309,1.732502,0.1544534,-3.617302,0.06411377,-0.7502848,0.02862762,0.6573756,7.31079,262.2313,356.6148,0.4654927,0.03595323,-0.8843208,-0.2784492,0.005501494,-0.07450914,-0.3917066,0.2541185,-3.57315,0.3087004,0.3848229,2.069,-0.1274936,-0.05856896,0.9901087,-0.1338454,0.9901398,0.04133592,-0.9827669,-0.1272514,-0.1340755,moving,89.55139,-27.55007,8.486084,10.53631,8.964860002027814,0.6414733781834756
05/04/2023 16:19:05.763319,2931,True,True,True,True,Eyes,1.799975,0.1479893,-3.603966,-0.9999722,0.003860902,-0.006372786,0.0,0.0,0.0,0.0,0.0,0.0,0.0,3.805073,0.23429,1.249876,1.722912,0.155094,-3.619832,0.06496163,-0.748276,0.02858293,0.6595803,7.381227,262.5682,356.5596,0.4636907,0.03602188,-0.8852642,-0.2617422,0.005171404,-0.07003859,-0.4007591,0.2491776,-3.562968,0.3087001,0.3821105,2.069,-0.1214678,-0.05951297,0.9908098,-0.1349239,0.989926,0.04291898,-0.9833825,-0.1284707,-0.1282739,moving,89.63486,-31.20924,8.486074,10.46369,9.014459193856899,0.710609957124599
05/04/2023 16:19:05.783080,2932,True,True,True,True,Eyes,1.79577,0.1482597,-3.604832,-0.9999819,0.003702389,-0.00474875,0.0,0.0,0.0,0.0,0.0,0.0,0.0,3.798861,0.2393707,1.261982,1.713782,0.155599,-3.622151,0.0654078,-0.7463823,0.02786726,0.6617091,7.363343,262.8914,356.4876,0.4619808,0.03609141,-0.8861548,-0.2460377,0.00486112,-0.06583628,-0.4091469,0.2472606,-3.552966,0.3087,0.3794188,2.069,-0.1157262,-0.06075839,0.9914212,-0.1345185,0.9898905,0.04496259,-0.9841303,-0.1281611,-0.1227293,moving,89.72791,-37.94196,8.486073,10.39159,9.103572183550526,0.8375610073233833
05/04/2023 16:19:05.803299,2933,True,True,True,True,Eyes,1.791359,0.1485181,-3.605766,-0.9999887,0.003642069,-0.003074193,0.0,0.0,0.0,0.0,0.0,0.0,0.0,3.792989,0.2420048,1.273559,1.704214,0.1557423,-3.624732,0.06522336,-0.7445468,0.02654193,0.663846,7.245437,263.2146,356.4234,0.4603488,0.03616165,-0.8870009,-0.2312754,0.004569453,-0.0618861,-0.4177464,0.2487026,-3.543273,0.3087002,0.3767423,2.069,-0.1101088,-0.06188417,0.9919911,-0.1323632,0.9900829,0.0470731,-0.9850665,-0.1261199,-0.117208,moving,89.82386,-49.833,8.486078,10.31987,9.258533422306279,1.0614856972251352
05/04/2023 16:19:05.812980,2934,True,True,True,True,Eyes,1.786731,0.1487621,-3.60677,-0.9999927,0.003610857,-0.001235485,0.0,0.0,0.0,0.0,0.0,0.0,0.0,3.787764,0.2427639,1.283689,1.69505,0.1557634,-3.627189,0.06506314,-0.7428572,0.02589305,0.6657775,7.186809,263.5101,356.4064,0.4587822,0.03623225,-0.8878093,-0.2173989,0.004295285,-0.05817294,-0.4259979,0.2479988,-3.534803,0.3087,0.3739418,2.068999,-0.1050144,-0.06218723,0.9925244,-0.1311433,0.9901927,0.04816548,-0.9857857,-0.1251048,-0.1121399,moving,89.92921,-71.11118,8.486075,10.24479,9.533471933279351,1.4619010951894373
05/04/2023 16:19:05.832731,2935,True,True,True,True,Eyes,1.781912,0.148965,-3.607833,-0.9999932,0.003631268,0.0006831169,0.0,0.0,0.0,0.0,0.0,0.0,0.0,3.781658,0.2501082,1.294457,1.685033,0.1558744,-3.629805,0.06560808,-0.740966,0.02476712,0.667871,7.142566,263.8286,356.2935,0.45727,0.03630286,-0.8885863,-0.204355,0.004037568,-0.05468256,-0.4350603,0.2465559,-3.525053,0.3086999,0.3713925,2.069,-0.09928785,-0.06414423,0.9929892,-0.1303092,0.9901643,0.05093228,-0.9864895,-0.1243386,-0.1066699,moving,-89.96086,79.34599,8.48607,10.17641,1.233911617046763,-2.1311126391603685
05/04/2023 16:19:05.853009,2936,True,True,True,True,Eyes,1.77689,0.1491345,-3.608962,-0.9999895,0.003645161,0.002776909,0.0,0.0,0.0,0.0,0.0,0.0,0.0,3.77592,0.2475916,1.30782,1.675634,0.1549591,-3.632837,0.0651135,-0.7389656,0.02473042,0.6701332,7.112577,264.1802,356.3548,0.4558017,0.03637249,-0.8893375,-0.1920937,0.003795314,-0.05140161,-0.4433869,0.2444341,-3.515584,0.3087002,0.3687098,2.069,-0.09336361,-0.06308792,0.9936313,-0.1293786,0.9902973,0.05071957,-0.9871901,-0.1238193,-0.1006199,moving,-89.8409,52.6996,8.48608,10.10442,1.5777889623532997,-1.629728495402242
05/04/2023 16:19:05.873001,2937,True,True,True,True,Eyes,1.771691,0.149252,-3.610156,-0.9999811,0.003659315,0.004942012,0.0,0.0,0.0,0.0,0.0,0.0,0.0,3.769547,0.2467102,1.321311,1.665826,0.1542971,-3.635578,0.06490947,-0.736886,0.024764,0.6724379,7.110981,264.5395,356.3971,0.4543683,0.03644047,-0.8900679,-0.1805681,0.003567596,-0.04831751,-0.4520719,0.2413874,-3.505437,0.3087003,0.3659978,2.069,-0.08722831,-0.06235724,0.9942349,-0.1289663,0.9903471,0.05079869,-0.9878052,-0.1237917,-0.09442826,moving,-89.71684,36.51812,8.48608,10.03162,1.788431253742547,-1.325036579845977
05/04/2023 16:19:05.902837,2938,True,True,True,True,Eyes,1.766292,0.1493412,-3.611435,-0.9999674,0.003685493,0.007181549,0.0,0.0,0.0,0.0,0.0,0.0,0.0,3.764066,0.2427139,1.334437,1.656357,0.15309,-3.638801,0.06441386,-0.7348734,0.02529316,0.6746646,7.12821,264.8902,356.5019,0.4529623,0.03650566,-0.8907816,-0.169734,0.00335354,-0.04541846,-0.460409,0.2375387,-3.496469,0.3086995,0.3633608,2.069,-0.08135735,-0.06054328,0.9948445,-0.1288009,0.9904222,0.04974097,-0.9883276,-0.12409,-0.08837613,moving,-89.58852,27.16641,8.486057,9.960789,1.9121758436770921,-1.1487062260077248
05/04/2023 16:19:05.912838,2939,True,True,True,True,Eyes,1.760702,0.1493913,-3.612782,-0.999947,0.00376287,0.009589767,0.0,0.0,0.0,0.0,0.0,0.0,0.0,3.758824,0.2365843,1.346639,1.646208,0.1524865,-3.642102,0.06375368,-0.732896,0.02589552,0.6768519,7.138083,265.2364,356.6261,0.4515759,0.03656767,-0.8914827,-0.1595499,0.003152327,-0.04269335,-0.4693466,0.2345557,-3.487869,0.3087007,0.3606068,2.069,-0.07561412,-0.05839477,0.9954259,-0.1285045,0.9905297,0.04834616,-0.988822,-0.124261,-0.08240195,moving,-89.45054,21.42424,8.486091,9.886789,1.990257747271329,-1.0401835807871755
05/04/2023 16:19:05.949389,2940,True,True,True,True,Eyes,1.754946,0.1493927,-3.614196,-0.9999199,0.003905561,0.01203554,0.0,0.0,0.0,0.0,0.0,0.0,0.0,3.752359,0.2336581,1.360656,1.635973,0.1516077,-3.645105,0.0631114,-0.7307407,0.02562359,0.6792484,7.075958,265.6118,356.6826,0.4502024,0.03662587,-0.8921747,-0.1499769,0.002963188,-0.04013175,-0.4777829,0.2310756,-3.477597,0.3086998,0.3553628,2.069,-0.06927706,-0.05742657,0.9959432,-0.1270457,0.9907208,0.04828824,-0.9894747,-0.1231851,-0.07593004,moving,-89.31039,17.97838,8.486068,9.745794,2.0391490166595263,-0.974815612191959
05/04/2023 16:19:05.953034,2941,True,True,True,True,Eyes,1.748999,0.1493317,-3.615687,-0.9998839,0.004107356,0.01467264,0.0,0.0,0.0,0.0,0.0,0.0,0.0,3.745824,0.2352918,1.375715,1.626282,0.150429,-3.648524,0.06269649,-0.7285071,0.02455637,0.6817212,6.964943,265.9962,356.6578,0.4488368,0.03667941,-0.8928603,-0.1409783,0.002785396,-0.03772384,-0.4858087,0.2311952,-3.466812,0.3087006,0.3527197,2.069001,-0.06265116,-0.05786849,0.9963565,-0.1248309,0.9909322,0.04970407,-0.9901981,-0.121262,-0.06930678,moving,-89.15928,15.63869,8.486086,9.674678,2.074330421300656,-0.9301938001781792
05/04/2023 16:19:05.963227,2942,True,True,True,True,Eyes,1.742896,0.1491892,-3.617253,-0.9998382,0.004405178,0.01743774,0.0,0.0,0.0,0.0,0.0,0.0,0.0,3.738461,0.2402353,1.39128,1.615741,0.1488524,-3.651943,0.06259449,-0.7261068,0.02327827,0.6843311,6.861846,266.4025,356.5908,0.4474733,0.03672725,-0.8935425,-0.1325196,0.002618273,-0.03546041,-0.4944988,0.2302628,-3.455003,0.3087001,0.3499531,2.069,-0.05554604,-0.05904048,0.996709,-0.1227607,0.9910801,0.05186569,-0.9908807,-0.1194757,-0.06229838,moving,-89.00083,14.17761,8.486073,9.600212,2.098573901428994,-0.9020560747496967
05/04/2023 16:19:05.983325,2943,True,True,True,True,Eyes,1.736611,0.1489632,-3.618903,-0.999781,0.004732893,0.02038763,0.0,0.0,0.0,0.0,0.0,0.0,0.0,3.731428,0.2439025,1.407321,1.605862,0.1469158,-3.655573,0.06227158,-0.7237262,0.02202422,0.6869189,6.743807,266.807,356.5433,0.4461079,0.03676791,-0.8942232,-0.1245684,0.002461176,-0.03333279,-0.5023782,0.229342,-3.443618,0.3087002,0.3469001,2.069,-0.04852945,-0.05987743,0.9970255,-0.1203929,0.9912744,0.05367203,-0.9915395,-0.1174301,-0.05531478,moving,-88.83178,13.06946,8.48608,9.518001,2.118695165472154,-0.8805073304819423
05/04/2023 16:19:06.003260,2944,True,True,True,True,Eyes,1.730182,0.148686,-3.620667,-0.9997128,0.00506832,0.02342286,0.0,0.0,0.0,0.0,0.0,0.0,0.0,3.72398,0.2476505,1.424007,1.595269,0.1445144,-3.659424,0.06206213,-0.7211897,0.02115873,0.6896275,6.668138,267.2339,356.5174,0.4447362,0.03680002,-0.8949049,-0.1170943,0.002313506,-0.03133282,-0.5109505,0.2273679,-3.431735,0.3087,0.3446914,2.069,-0.04112452,-0.06033386,0.9973308,-0.1187004,0.9914013,0.05508059,-0.9920782,-0.1161184,-0.04793259,moving,-88.65783,12.20962,8.486074,9.458499,2.1358254303532758,-0.8636052531171471
05/04/2023 16:19:06.023337,2945,True,True,True,True,Eyes,1.723577,0.1483912,-3.622506,-0.9996294,0.005469359,0.02666512,0.0,0.0,0.0,0.0,0.0,0.0,0.0,3.716788,0.248754,1.44095,1.585275,0.1427683,-3.663229,0.06174307,-0.718687,0.02069209,0.6922778,6.616833,267.6548,356.5314,0.443354,0.03682314,-0.8955895,-0.1100687,0.002174695,-0.02945285,-0.5188061,0.2247035,-3.420309,0.3087,0.3417951,2.069,-0.03387837,-0.06009853,0.9976174,-0.1173972,0.9915193,0.05574444,-0.992507,-0.115229,-0.04064651,moving,-88.472,11.59133,8.486075,9.380442,2.1502984831116843,-0.8511930967734834
05/04/2023 16:19:06.032864,2946,True,True,True,True,Eyes,1.716835,0.1480702,-3.62443,-0.9995327,0.005924821,0.02998836,0.0,0.0,0.0,0.0,0.0,0.0,0.0,3.708214,0.2472127,1.460938,1.574536,0.1422349,-3.667002,0.06105277,-0.7158655,0.01982465,0.6952814,6.504502,268.1323,356.5469,0.4419585,0.03683772,-0.8962784,-0.1034646,0.002044213,-0.02768568,-0.527007,0.225916,-3.406779,0.3087001,0.3393302,2.069,-0.02571302,-0.05984373,0.9978766,-0.1149786,0.9917591,0.05651416,-0.9930353,-0.1132813,-0.0323818,moving,-88.28151,11.17603,8.486077,9.313983,2.162349648348304,-0.8425767444920859
05/04/2023 16:19:06.052930,2947,True,True,True,True,Eyes,1.709944,0.1477112,-3.626427,-0.9994173,0.006442276,0.0335202,0.0,0.0,0.0,0.0,0.0,0.0,0.0,3.699669,0.2456121,1.481864,1.564514,0.1412608,-3.670986,0.06015281,-0.7130201,0.01864093,0.6983098,6.349517,268.6144,356.5536,0.4405472,0.03684391,-0.8969727,-0.09725668,0.001921561,-0.02602454,-0.5342259,0.227906,-3.393278,0.3087003,0.336576,2.069,-0.0174902,-0.05974603,0.9980605,-0.1118146,0.9920684,0.05742787,-0.9935752,-0.1105933,-0.02403202,moving,-88.07903,10.87907,8.486081,9.239693,2.173317876932598,-0.8361338583626367
05/04/2023 16:19:06.063317,2948,True,True,True,True,Eyes,1.702931,0.1473181,-3.628511,-0.9992854,0.006855632,0.03716988,0.0,0.0,0.0,0.0,0.0,0.0,0.0,3.690536,0.2462233,1.502773,1.554061,0.1399691,-3.67482,0.05957673,-0.7100853,0.01759927,0.7013701,6.23258,269.1042,356.5442,0.4391178,0.03684161,-0.8976734,0.0,0.0,0.0,-0.5417455,0.2281297,-3.379286,0.3086994,0.3338556,2.069001,-0.009061542,-0.05992191,0.998162,-0.1092963,0.9922817,0.0585767,-0.9939681,-0.1085646,-0.01554083,moving,-87.86978,10.45022,8.486055,9.166282,2.186207286837909,-0.827183041686329
05/04/2023 16:19:06.082891,2949,True,True,True,True,Eyes,1.695783,0.1469257,-3.630657,-0.9991337,0.007154553,0.04099739,0.0,0.0,0.0,0.0,0.0,0.0,0.0,3.68155,0.249207,1.52334,1.543994,0.1387059,-3.678766,0.05957319,-0.7071496,0.01716127,0.7043409,6.211036,269.5839,356.5352,0.4376683,0.03683078,-0.8983815,0.0,0.0,0.0,-0.5489495,0.2250638,-3.365799,0.3086997,0.3312981,2.069001,-0.0007100096,-0.06007955,0.9981933,-0.1084291,0.992313,0.05964849,-0.9941039,-0.1081908,-0.007218899,moving,-87.6503,9.899136,8.486062,9.097241,2.201017556946937,-0.8158910876997442
05/04/2023 16:19:06.103364,2950,True,True,True,True,Eyes,1.68853,0.1465611,-3.63286,-0.9989697,0.007253037,0.04480074,0.0,0.0,0.0,0.0,0.0,0.0,0.0,3.672283,0.2571453,1.542806,1.533614,0.1382526,-3.682519,0.06066373,-0.7041813,0.01746835,0.7072083,6.338694,270.0517,356.4969,0.4361971,0.03681226,-0.8990975,0.0,0.0,0.0,-0.5565783,0.2171397,-3.352426,0.3086999,0.3286829,2.069,0.007647224,-0.06072899,0.998125,-0.110144,0.9920295,0.06120201,-0.9938863,-0.1104056,0.0008972874,moving,-87.43218,9.196138,8.486071,9.026622,2.2177157985840505,-0.8017493778762318
05/04/2023 16:19:06.113027,2951,True,True,True,True,Eyes,1.681146,0.1462372,-3.635107,-0.9987828,0.007270554,0.04878809,0.0,0.0,0.0,0.0,0.0,0.0,0.0,3.663665,0.267853,1.560984,1.523906,0.1385037,-3.686378,0.06228938,-0.7013413,0.01794291,0.7098722,6.523067,270.4891,356.4281,0.4347037,0.0367875,-0.8998215,0.0,0.0,0.0,-0.5635924,0.2075608,-3.34014,0.3086996,0.3259492,2.069,0.0155968,-0.06189787,0.9979606,-0.1128466,0.9915962,0.06326676,-0.99349,-0.1136032,0.008480781,moving,-87.20347,8.476018,8.486061,8.952764,2.235007967065468,-0.7872407978593625
05/04/2023 16:19:06.132894,2952,True,True,True,True,Eyes,1.673657,0.14596,-3.637411,-0.9985794,0.007215182,0.05279231,0.0,0.0,0.0,0.0,0.0,0.0,0.0,3.653467,0.2869584,1.579217,1.513401,0.1393141,-3.689755,0.06452109,-0.6983541,0.01690696,0.7126379,6.636759,270.9389,356.189,0.4331868,0.03675813,-0.9005539,0.0,0.0,0.0,-0.5709642,0.2002229,-3.326046,0.3086999,0.3232892,2.069,0.0240312,-0.06602008,0.997529,-0.1142142,0.9911023,0.06834626,-0.9931656,-0.1155744,0.01627697,moving,-86.97374,7.782459,8.48607,8.880874,2.251997788574188,-0.7732271500036064
05/04/2023 16:19:06.152875,2953,True,True,True,True,Eyes,1.66606,0.1457506,-3.639764,-0.9983492,0.00717596,0.05698588,0.0,0.0,0.0,0.0,0.0,0.0,0.0,3.64255,0.3097336,1.599302,1.503361,0.140263,-3.693522,0.06675627,-0.695215,0.01464866,0.7155455,6.655666,271.4099,355.8514,0.4316462,0.03672575,-0.9012946,0.0,0.0,0.0,-0.5774016,0.1959929,-3.311116,0.3087005,0.3207098,2.069,0.03292317,-0.07185636,0.9968716,-0.1137835,0.990658,0.07516637,-0.99296,-0.1159022,0.02443952,moving,-86.73309,7.177207,8.486085,8.811131,2.2682494989429514,-0.7608269852975473
05/04/2023 16:19:06.162885,2954,True,True,True,True,Eyes,1.473792,0.1422102,-3.700042,-0.9847609,0.01324144,0.1734091,0.0,0.0,0.0,0.0,0.0,0.0,0.0,3.631721,0.3284025,1.618967,1.49319,0.1416771,-3.697108,0.06836289,-0.6921512,0.01202402,0.7184072,6.596108,271.8752,355.5336,0.4300807,0.03669234,-0.9020441,0.0,0.0,0.0,-0.5837769,0.1951248,-3.296397,0.3087001,0.3180585,2.069,0.04156442,-0.0773586,0.9961367,-0.1119112,0.9903638,0.08157989,-0.9928486,-0.1148696,0.0325066,moving,-80.01302,4.366603,8.486074,8.73942,2.542478050136191,-0.6794233567971051
05/04/2023 16:19:06.182961,2955,True,True,True,True,Eyes,1.473373,0.1422988,-3.700153,-0.9847008,0.01323706,0.1737504,0.0,0.0,0.0,0.0,0.0,0.0,0.0,3.620978,0.339845,1.639631,1.483252,0.1431068,-3.700655,0.06943712,-0.6890408,0.01050427,0.7213121,6.583288,272.354,355.3499,0.4231057,0.03658405,-0.9053411,-0.576803,-0.01062119,-0.180836,-0.5898241,0.1932997,-3.281902,0.3087004,0.3153707,2.069001,0.0502248,-0.08053632,0.9954857,-0.1108437,0.9901363,0.08569594,-0.9925682,-0.1146474,0.04080246,moving,-79.99317,4.356626,8.48608,8.66669,2.5433094247518238,-0.679151419858405
05/04/2023 16:19:06.203035,2956,True,True,True,True,Eyes,1.472569,0.1425068,-3.700361,-0.9845415,0.01347405,0.1746323,0.0,0.0,0.0,0.0,0.0,0.0,0.0,3.609939,0.3445132,1.660093,1.472763,0.1448621,-3.703544,0.06987122,-0.6859428,0.009518786,0.7242308,6.561201,272.8388,355.2615,0.4172108,0.03649297,-0.9080764,-0.5421948,-0.009983919,-0.1699858,-0.5963016,0.1926917,-3.267061,0.3087001,0.3126869,2.069001,0.05878399,-0.08206771,0.9948917,-0.1096429,0.9900548,0.08814708,-0.9922314,-0.1142645,0.04920124,moving,-79.94181,4.41201,8.486073,8.59404,2.54442561199823,-0.6799741035672895
05/04/2023 16:19:06.213104,2957,True,True,True,True,Eyes,1.471389,0.1428043,-3.700671,-0.9843092,0.01377534,0.1759139,0.0,0.0,0.0,0.0,0.0,0.0,0.0,3.5963,0.3487825,1.686464,1.462707,0.1479266,-3.706452,0.07030661,-0.6822864,0.008308846,0.7276492,6.526061,273.4094,355.1588,0.4122055,0.03641988,-0.9103623,-0.5096631,-0.009384884,-0.1597867,-0.6014889,0.193779,-3.249125,0.3087001,0.3099958,2.069001,0.06883249,-0.08384662,0.9940986,-0.1080303,0.9899759,0.09097906,-0.9917619,-0.1136551,0.05908459,moving,-79.86719,4.47754,8.486073,8.52117,2.546237671760754,-0.680888605111408
05/04/2023 16:19:06.233031,2958,True,True,True,True,Eyes,1.469869,0.1431714,-3.701054,-0.9839856,0.01430846,0.1776728,0.0,0.0,0.0,0.0,0.0,0.0,0.0,3.58119,0.348793,1.71601,1.452454,0.1508066,-3.709298,0.07008272,-0.6783251,0.0069636,0.731379,6.428382,274.0352,355.0993,0.4079304,0.03636474,-0.9122882,-0.4790833,-0.00882179,-0.1501995,-0.6062082,0.1972927,-3.22941,0.3087002,0.3073892,2.069001,0.07965323,-0.08489165,0.9932014,-0.1052638,0.9900799,0.09306688,-0.9912493,-0.1119612,0.06992705,moving,-79.7647,4.604245,8.486075,8.450558,2.548258761578938,-0.6828345193741511
05/04/2023 16:19:06.252809,2959,True,True,True,True,Eyes,1.467998,0.1435865,-3.701519,-0.9835933,0.01487505,0.1797855,0.0,0.0,0.0,0.0,0.0,0.0,0.0,3.565218,0.3429767,1.748075,1.442725,0.1528332,-3.712058,0.06909608,-0.6741906,0.005987256,0.7352937,6.297155,274.6966,355.1312,0.4040559,0.03632412,-0.9140124,-0.4503383,-0.008292482,-0.1411875,-0.6099063,0.2015978,-3.208854,0.3087003,0.3046768,2.069,0.09086224,-0.08436309,0.9922836,-0.1019727,0.9903798,0.09353875,-0.9906289,-0.1096849,0.0813854,moving,-79.64158,4.729752,8.48608,8.377055,2.551027005106471,-0.6846701997713138
05/04/2023 16:19:06.263438,2960,True,True,True,True,Eyes,1.465792,0.143987,-3.702069,-0.983136,0.01552124,0.1822161,0.0,0.0,0.0,0.0,0.0,0.0,0.0,3.549815,0.3382615,1.777062,1.432403,0.1543883,-3.714557,0.06840129,-0.6702378,0.00546976,0.7389674,6.224515,275.322,355.1756,0.4005187,0.0362977,-0.915569,-0.423318,-0.007794933,-0.1327162,-0.6143151,0.2032483,-3.189464,0.3087002,0.3018426,2.069,0.1015029,-0.0836063,0.991316,-0.0997742,0.9905826,0.09376056,-0.9898195,-0.1084247,0.09220526,moving,-79.49985,4.868724,8.486078,8.30022,2.5542838521182283,-0.6866798564303868
05/04/2023 16:19:06.283896,2961,True,True,True,True,Eyes,1.463295,0.1443672,-3.702675,-0.9826167,0.01609118,0.1849471,0.0,0.0,0.0,0.0,0.0,0.0,0.0,3.533765,0.3285477,1.807711,1.422744,0.1547223,-3.716869,0.06737072,-0.6661618,0.006278993,0.7427316,6.225533,275.9691,355.3592,0.397278,0.03628383,-0.9169803,-0.3979189,-0.007327237,-0.1247533,-0.6178702,0.2020981,-3.169789,0.3086999,0.2993133,2.069001,0.1123779,-0.08043239,0.990405,-0.09908682,0.9908435,0.09171107,-0.9887129,-0.1084424,0.1033791,moving,-79.34056,4.972455,8.486066,8.231621,2.5586128343788483,-0.6879524235982073
05/04/2023 16:19:06.302916,2962,True,True,True,True,Eyes,1.460494,0.1447202,-3.703312,-0.982061,0.01651724,0.1878388,0.0,0.0,0.0,0.0,0.0,0.0,0.0,3.518043,0.3198331,1.836318,1.412668,0.154307,-3.719077,0.06681353,-0.6621628,0.008222084,0.7463302,6.350978,276.5954,355.6022,0.3942983,0.03628089,-0.9182656,-0.3740438,-0.006887603,-0.1172681,-0.6219559,0.195812,-3.151093,0.3086998,0.2965891,2.069,0.1229455,-0.0762101,0.989483,-0.1007557,0.9909366,0.08884121,-0.9872856,-0.1106186,0.1141526,moving,-79.17181,5.025267,8.486068,8.157718,2.563926414454621,-0.6882276405025927
05/04/2023 16:19:06.312988,2963,True,True,True,True,Eyes,1.457427,0.1450575,-3.703981,-0.9814422,0.01686307,0.1910156,0.0,0.0,0.0,0.0,0.0,0.0,0.0,3.501872,0.3170539,1.863738,1.403138,0.1540175,-3.720838,0.06674636,-0.6582597,0.00931788,0.7497681,6.451133,277.1964,355.7349,0.3915474,0.03628723,-0.9194418,-0.3516012,-0.006474347,-0.110232,-0.6253536,0.1897649,-3.132403,0.3087002,0.2936923,2.069,0.1332146,-0.07390039,0.9883282,-0.1018454,0.9909162,0.08782142,-0.9858404,-0.1123558,0.1244781,moving,-78.98636,5.045056,8.486079,8.079099,2.5702533502870173,-0.6878111163823045
05/04/2023 16:19:06.333013,2964,True,True,True,True,Eyes,1.454077,0.1453912,-3.704676,-0.9807799,0.01718471,0.1943588,0.0,0.0,0.0,0.0,0.0,0.0,0.0,3.484898,0.3189502,1.89046,1.392968,0.1538879,-3.72237,0.06720038,-0.6542754,0.01005951,0.7531977,6.568657,277.7995,355.7986,0.3889968,0.03630164,-0.9205232,-0.3305051,-0.006085886,-0.1036181,-0.6291182,0.1833156,-3.113114,0.3087004,0.2912655,2.069,0.1436451,-0.0727815,0.9869494,-0.1030887,0.9907659,0.08806696,-0.9842455,-0.1143937,0.1348157,moving,-78.79105,5.052807,8.486082,8.013209,2.577083516841778,-0.6871263902057787
05/04/2023 16:19:06.352877,2965,True,True,True,True,Eyes,1.45048,0.1457217,-3.705379,-0.9800473,0.01752178,0.1979905,0.0,0.0,0.0,0.0,0.0,0.0,0.0,3.468007,0.3242819,1.916133,1.383556,0.1540499,-3.723686,0.06770481,-0.6504483,0.009595362,0.7564663,6.598745,278.3738,355.7533,0.3866206,0.03632334,-0.9215229,-0.3106748,-0.005720733,-0.09740099,-0.6320025,0.1794807,-3.094224,0.3087002,0.2885976,2.069001,0.15365,-0.07355981,0.9853836,-0.1025941,0.990648,0.08995023,-0.982785,-0.1149154,0.1446663,moving,-78.57875,5.05739,8.486075,7.940752,2.58455681050319,-0.686309876544974
05/04/2023 16:19:06.362745,2966,True,True,True,True,Eyes,1.446624,0.1460472,-3.706068,-0.9792804,0.01792536,0.201714,0.0,0.0,0.0,0.0,0.0,0.0,0.0,3.449335,0.332088,1.943026,1.373308,0.154505,-3.724741,0.06810803,-0.6463748,0.007823519,0.7599341,6.524559,278.9825,355.6038,0.3843959,0.03635162,-0.922452,-0.2920343,-0.005377489,-0.09155693,-0.6349415,0.1791075,-3.073493,0.3086998,0.2858977,2.069,0.164277,-0.07615589,0.9834701,-0.09993733,0.9906002,0.09340137,-0.9813387,-0.1136291,0.155122,moving,-78.36089,5.078264,8.486068,7.867401,2.592019717754505,-0.6857759458749948
05/04/2023 16:19:06.383074,2967,True,True,True,True,Eyes,1.442547,0.1463611,-3.706748,-0.978444,0.01833708,0.2056966,0.0,0.0,0.0,0.0,0.0,0.0,0.0,3.43006,0.3364436,1.970546,1.363134,0.154746,-3.725517,0.06812403,-0.6422349,0.006309323,0.7634485,6.437685,279.6041,355.5055,0.3823026,0.03638583,-0.9233202,-0.2745122,-0.00505484,-0.08606351,-0.6374913,0.1792559,-3.052358,0.3087002,0.2831807,2.068999,0.1749891,-0.07786958,0.9814862,-0.09713695,0.9906386,0.09591426,-0.9797669,-0.1121225,0.165787,moving,-78.1277,5.094239,8.486081,7.793559,2.60008892322815,-0.6850847480054727
05/04/2023 16:19:06.402782,2968,True,True,True,True,Eyes,1.438234,0.1466746,-3.707427,-0.9775637,0.01866789,0.2098109,0.0,0.0,0.0,0.0,0.0,0.0,0.0,3.41124,0.3395388,1.997144,1.353731,0.1547398,-3.726111,0.06809942,-0.6382414,0.005218612,0.7668006,6.378663,280.2019,355.445,0.3803231,0.03642519,-0.9241357,-0.2580415,-0.00475155,-0.0808997,-0.639402,0.1784645,-3.032114,0.3087001,0.2805697,2.069,0.1852414,-0.07892447,0.9795185,-0.09493102,0.9906705,0.09777589,-0.978097,-0.1110988,0.1760208,moving,-77.88659,5.084495,8.486076,7.72257,2.608766905782804,-0.6838764338696228
05/04/2023 16:19:06.423149,2969,True,True,True,True,Eyes,1.433724,0.1470122,-3.708074,-0.9766194,0.01887735,0.2141453,0.0,0.0,0.0,0.0,0.0,0.0,0.0,3.392815,0.343392,2.021918,1.343739,0.1550042,-3.726607,0.06850467,-0.6343082,0.004892007,0.7700236,6.413698,280.7831,355.4188,0.3784408,0.03646925,-0.9249064,-0.242559,-0.004466456,-0.07604572,-0.6419634,0.1745332,-3.012591,0.3087003,0.2777724,2.069,0.1952585,-0.07937222,0.9775347,-0.09444007,0.9905663,0.09929436,-0.9761943,-0.1117065,0.1859206,moving,-77.63238,5.037718,8.486083,7.646492,2.6183816373795437,-0.6819163089920495
05/04/2023 16:19:06.432992,2970,True,True,True,True,Eyes,1.429005,0.1473749,-3.708682,-0.9756521,0.0189201,0.2185064,0.0,0.0,0.0,0.0,0.0,0.0,0.0,3.374023,0.3511009,2.045829,1.334527,0.1559697,-3.726584,0.06982385,-0.6304225,0.005414448,0.7730865,6.591312,281.3431,355.4002,0.3766416,0.03651828,-0.9256386,-0.2280054,-0.004198469,-0.07148298,-0.6438754,0.1663877,-2.993366,0.3086999,0.2752036,2.069,0.2050761,-0.07966539,0.9754984,-0.09640873,0.9901906,0.101133,-0.9739862,-0.1147865,0.195384,moving,-77.37638,4.948802,8.486071,7.576602,2.6285969549101393,-0.6791564835705044
05/04/2023 16:19:06.453111,2971,True,True,True,True,Eyes,1.424107,0.1477227,-3.709245,-0.9746081,0.01877705,0.2231292,0.0,0.0,0.0,0.0,0.0,0.0,0.0,3.354015,0.3638687,2.069743,1.324749,0.1569593,-3.7264,0.07160833,-0.6263786,0.005313705,0.7762048,6.766436,281.9163,355.2947,0.3749134,0.03657252,-0.9263378,-0.2143251,-0.00394656,-0.067194,-0.6458066,0.1576762,-2.973276,0.3087,0.2724469,2.069,0.2152434,-0.0814588,0.9731572,-0.09795689,0.9896881,0.1045087,-0.971635,-0.1178223,0.2050443,moving,-77.1048,4.810291,8.486073,7.501575,2.639997112701074,-0.6753981740912118
05/04/2023 16:19:06.465214,2972,True,True,True,True,Eyes,1.419044,0.148056,-3.709764,-0.9733914,0.01825781,0.2284207,0.0,0.0,0.0,0.0,0.0,0.0,0.0,3.330829,0.3839474,2.096735,1.315512,0.1569947,-3.725978,0.07420493,-0.6218758,0.00514512,0.7795752,7.01308,282.5419,355.1294,0.3732456,0.03663118,-0.9270089,-0.2014656,-0.003709767,-0.06316236,-0.6461524,0.1451565,-2.951015,0.3086997,0.2697778,2.069,0.2264879,-0.08427049,0.9703616,-0.1003145,0.9889343,0.1092974,-0.9688345,-0.1220959,0.2155281,moving,-76.79366,4.569973,8.486065,7.428912,2.65409831037953,-0.6695579893020764
05/04/2023 16:19:06.483307,2973,True,True,True,True,Eyes,1.413821,0.1483765,-3.710233,-0.9720905,0.01754354,0.2339492,0.0,0.0,0.0,0.0,0.0,0.0,0.0,3.306688,0.4056275,2.124136,1.306464,0.1570281,-3.725475,0.07723743,-0.6172265,0.00563406,0.7829649,7.348453,283.1796,354.9951,0.3716285,0.03669355,-0.9276559,-0.1893777,-0.003487181,-0.05937262,-0.6458526,0.1296487,-2.928517,0.3086995,0.267167,2.069,0.2379992,-0.08652345,0.9674038,-0.1041685,0.9880053,0.1139934,-0.9656631,-0.1279034,0.2261314,moving,-76.46819,4.288507,8.486061,7.357808,2.6692323411894683,-0.6628834140880608
05/04/2023 16:19:06.502911,2974,True,True,True,True,Eyes,1.408422,0.1486867,-3.710619,-0.9706625,0.01665989,0.2398681,0.0,0.0,0.0,0.0,0.0,0.0,0.0,3.281698,0.4241958,2.152396,1.297334,0.157094,-3.724854,0.07984786,-0.612449,0.006115021,0.7864432,7.647722,283.8387,354.8951,0.3700542,0.03675904,-0.9282824,-0.178015,-0.00327795,-0.05581026,-0.6450571,0.1156138,-2.905463,0.3086998,0.264482,2.069,0.2497377,-0.08818725,0.9642894,-0.1074237,0.9871738,0.1181014,-0.9623364,-0.1330819,0.237061,moving,-76.11928,3.973061,8.486069,7.284659,2.6856310382486908,-0.6554704518089368
05/04/2023 16:19:06.513178,2975,True,True,True,True,Eyes,1.402869,0.1489942,-3.710947,-0.9691454,0.01572547,0.2459878,0.0,0.0,0.0,0.0,0.0,0.0,0.0,3.257154,0.4391357,2.179356,1.287499,0.1572441,-3.724125,0.08190699,-0.6077552,0.006334866,0.7898638,7.879539,284.4901,354.8131,0.3685149,0.03682723,-0.9288919,-0.1673341,-0.003081273,-0.05246164,-0.6448145,0.1040779,-2.882784,0.3086997,0.2616508,2.069,0.261187,-0.08955143,0.9611254,-0.1095662,0.9865022,0.1216906,-0.9590499,-0.1370908,0.2478497,moving,-75.75799,3.657818,8.486065,7.207506,2.7024663496852224,-0.6480086678472644
05/04/2023 16:19:06.532689,2976,True,True,True,True,Eyes,1.397161,0.1492977,-3.711214,-0.967528,0.01485651,0.2523267,0.0,0.0,0.0,0.0,0.0,0.0,0.0,3.232208,0.4503469,2.20689,1.278155,0.1575768,-3.723148,0.08332291,-0.603078,0.006061784,0.7932954,8.019541,285.1451,354.7339,0.3670044,0.03689787,-0.9294869,-0.1572941,-0.002896396,-0.04931394,-0.643864,0.09642044,-2.859826,0.3087001,0.2591647,2.069,0.2725205,-0.09088286,0.957848,-0.110118,0.9860411,0.1248879,-0.9558278,-0.1395108,0.2587085,moving,-75.38311,3.369576,8.486074,7.139731,2.719439648418487,-0.640996641424951
05/04/2023 16:19:06.553039,2977,True,True,True,True,Eyes,1.391273,0.1496135,-3.711418,-0.9658195,0.01409266,0.2588319,0.0,0.0,0.0,0.0,0.0,0.0,0.0,3.207452,0.4547727,2.234583,1.268741,0.1571764,-3.722031,0.08351961,-0.5984796,0.005116685,0.7967564,8.002366,285.8039,354.68,0.3655161,0.03697076,-0.9300703,-0.1478564,-0.002722613,-0.04635511,-0.6428537,0.09371319,-2.836802,0.3086998,0.2565061,2.069,0.2835922,-0.09181603,0.9545394,-0.108123,0.9859966,0.1269651,-0.95283,-0.139214,0.2696935,moving,-74.99771,3.116515,8.486068,7.067235,2.7363377627494123,-0.6346011856627927
05/04/2023 16:19:06.562930,2978,True,True,True,True,Eyes,1.385234,0.1498872,-3.711556,-0.964038,0.01352132,0.2654204,0.0,0.0,0.0,0.0,0.0,0.0,0.0,3.184079,0.4536963,2.260299,1.258533,0.1571881,-3.720824,0.08290364,-0.5941055,0.003682828,0.8000951,7.876459,286.4394,354.6353,0.3640448,0.03704608,-0.9306442,-0.138985,-0.002559256,-0.0435738,-0.6428754,0.09525475,-2.814612,0.3087003,0.2536812,2.069,0.2940499,-0.09261381,0.9512926,-0.1044003,0.9862269,0.1282856,-0.9500713,-0.1370375,0.280331,moving,-74.60663,2.916299,8.48608,6.990177,2.7527638488757207,-0.6291749108220834
05/04/2023 16:19:06.583154,2979,True,True,True,True,Eyes,1.37902,0.1501308,-3.71163,-0.9621702,0.01305945,0.2721357,0.0,0.0,0.0,0.0,0.0,0.0,0.0,3.160448,0.4551924,2.285207,1.24882,0.1576224,-3.719329,0.08275857,-0.5897719,0.002429225,0.8033146,7.806485,287.0592,354.5722,0.3625856,0.03712264,-0.9312105,-0.1306459,-0.002405701,-0.04095937,-0.6423549,0.09522796,-2.792708,0.3086999,0.251004,2.069001,0.3043265,-0.09371448,0.9479468,-0.1015202,0.9862902,0.130097,-0.9471426,-0.1358277,0.2906404,moving,-74.20723,2.747445,8.486068,6.917123,2.7690853768936603,-0.6243027746220455
05/04/2023 16:19:06.603211,2980,True,True,True,True,Eyes,1.372633,0.150346,-3.711645,-0.9602473,0.01270142,0.2788616,0.0,0.0,0.0,0.0,0.0,0.0,0.0,3.13823,0.4556355,2.307673,1.238355,0.1571272,-3.717961,0.08223205,-0.5856574,0.000727893,0.8063762,7.670304,287.6499,354.4908,0.3611338,0.0371997,-0.9317715,-0.1228072,-0.002261359,-0.03850181,-0.6429082,0.09679916,-2.771892,0.3086998,0.24856,2.069,0.3140097,-0.09514572,0.9446402,-0.09749354,0.9864748,0.1317673,-0.9444007,-0.1334725,0.3004865,moving,-73.80639,2.607872,8.48607,6.850418,2.7850847903991047,-0.6199749128544543
05/04/2023 16:19:06.612811,2981,True,True,True,True,Eyes,1.3661,0.1505151,-3.711588,-0.9582528,0.01237128,0.2856545,0.0,0.0,0.0,0.0,0.0,0.0,0.0,3.115847,0.4608383,2.328825,1.228469,0.1567229,-3.716262,0.08240344,-0.5816277,-0.000867843,0.8092701,7.606206,288.2153,354.3688,0.3596858,0.03727655,-0.9323284,-0.1154387,-0.002125677,-0.0361917,-0.6429343,0.09528818,-2.751615,0.3087,0.2457886,2.069,0.3234172,-0.09726086,0.9412448,-0.09445159,0.9864178,0.1343828,-0.9415308,-0.1323638,0.309838,moving,-73.40072,2.479847,8.486073,6.774752,2.8011083713991694,-0.6158435833939866
05/04/2023 16:19:06.632981,2982,True,True,True,True,Eyes,1.359401,0.1506269,-3.711498,-0.9562162,0.01202565,0.2924143,0.0,0.0,0.0,0.0,0.0,0.0,0.0,3.095356,0.46887,2.346099,1.217906,0.1558661,-3.71452,0.08288907,-0.5779263,-0.002579006,0.8118645,7.562547,288.7267,354.2106,0.3582371,0.03735222,-0.9328829,-0.1085124,-0.001998136,-0.0340202,-0.6443092,0.09248012,-2.733041,0.3086998,0.2431244,2.069,0.3319889,-0.09999517,0.9379683,-0.09161995,0.9862455,0.1375703,-0.9388233,-0.1316084,0.318261,moving,-72.99618,2.354983,8.48607,6.701987,2.8170515751880134,-0.6117764760288946
05/04/2023 16:19:06.652862,2983,True,True,True,True,Eyes,1.352556,0.1506666,-3.711328,-0.9541218,0.0116448,0.2991923,0.0,0.0,0.0,0.0,0.0,0.0,0.0,3.076677,0.4799045,2.360462,1.207405,0.1543459,-3.713001,0.08379538,-0.5745187,-0.003994284,0.8141811,7.577065,289.1889,354.0481,0.3567851,0.03742544,-0.9334363,-0.1020017,-0.001878248,-0.03197899,-0.6462636,0.08685978,-2.716392,0.3086998,0.2404465,2.069,0.3398245,-0.1027882,0.934855,-0.08977989,0.9859248,0.1410388,-0.9361939,-0.1318596,0.3258131,moving,-72.58968,2.228871,8.486067,6.628827,2.833080219719185,-0.607677576358369
05/04/2023 16:19:06.673278,2984,True,True,True,True,Eyes,1.345565,0.1506108,-3.711065,-0.9520362,0.01117378,0.3057814,0.0,0.0,0.0,0.0,0.0,0.0,0.0,3.058536,0.49162,2.373033,1.197027,0.1526659,-3.710989,0.08488327,-0.5712835,-0.005115172,0.8163355,7.628075,289.6231,353.8993,0.3553267,0.03749476,-0.9339896,-0.09588157,-0.001765553,-0.03006025,-0.6484603,0.07992493,-2.700285,0.3086998,0.2378597,2.069,0.3472179,-0.1053362,0.9318497,-0.08863343,0.9855373,0.1444309,-0.9335865,-0.132742,0.33286,moving,-72.19367,2.092755,8.486066,6.558138,2.8488642195053226,-0.6034352323402763
05/04/2023 16:19:06.682927,2985,True,True,True,True,Eyes,1.338432,0.1504826,-3.710714,-0.9499108,0.01068678,0.3123385,0.0,0.0,0.0,0.0,0.0,0.0,0.0,3.042985,0.5006057,2.382654,1.186288,0.1503926,-3.709111,0.08575365,-0.5683994,-0.005542152,0.8182529,7.702883,290.0125,353.8274,0.3538602,0.03755829,-0.9345437,0.0,0.0,0.0,-0.6518184,0.07187118,-2.686097,0.3087001,0.2351656,2.069,0.3537828,-0.1065544,0.9292385,-0.08841489,0.9852312,0.1466366,-0.9311395,-0.134036,0.3391368,moving,-71.79871,1.959632,8.486075,6.484493,2.8645728214612913,-0.5992536123642427
05/04/2023 16:19:06.703352,2986,True,True,True,True,Eyes,1.331153,0.1502875,-3.710274,-0.9477781,0.01018079,0.3187681,0.0,0.0,0.0,0.0,0.0,0.0,0.0,3.028456,0.504844,2.391146,1.175722,0.1485363,-3.706697,0.08614501,-0.5657259,-0.005674486,0.8200618,7.750989,290.3802,353.8138,0.3523834,0.03761488,-0.9350992,0.0,0.0,0.0,-0.6554446,0.0654261,-2.672305,0.3086997,0.2323571,2.069,0.3598442,-0.1067758,0.9268826,-0.08816206,0.9850937,0.1477089,-0.928838,-0.1348681,0.3450666,moving,-71.41056,1.829286,8.486064,6.407698,2.880004432744993,-0.5951531467257779
05/04/2023 16:19:06.713092,2987,True,True,True,True,Eyes,1.323727,0.1500122,-3.709735,-0.9456109,0.009740505,0.3251539,0.0,0.0,0.0,0.0,0.0,0.0,0.0,3.015768,0.5061618,2.397337,1.164999,0.1467231,-3.703989,0.08609653,-0.563385,-0.006027637,0.8216743,7.740974,290.7072,353.8058,0.3508947,0.03766367,-0.935657,0.0,0.0,0.0,-0.6599969,0.06125709,-2.659537,0.3087001,0.2296439,2.069,0.3651221,-0.1069165,0.9247999,-0.08710546,0.9851021,0.1482784,-0.9268757,-0.1346948,0.3503696,moving,-71.02417,1.715874,8.486076,6.33349,2.8951577727190188,-0.591378473891708
05/04/2023 16:19:06.732902,2988,True,True,True,True,Eyes,1.31618,0.1496602,-3.709074,-0.9434185,0.009299393,0.331474,0.0,0.0,0.0,0.0,0.0,0.0,0.0,3.001964,0.5076941,2.404575,1.154075,0.1445101,-3.701182,0.08589105,-0.5608764,-0.006817284,0.8234041,7.689163,291.0579,353.7682,0.3493924,0.03770351,-0.9362173,0.0,0.0,0.0,-0.664272,0.0581819,-2.645823,0.3087,0.2270815,2.069,0.3707426,-0.1075753,0.9224845,-0.08512176,0.9851525,0.1490934,-0.9248267,-0.1337988,0.3560809,moving,-70.64086,1.606993,8.486073,6.263384,2.9101440945556543,-0.5877020661829957
05/04/2023 16:19:06.753014,2989,True,True,True,True,Eyes,1.308488,0.149238,-3.708306,-0.9411907,0.008941698,0.3377574,0.0,0.0,0.0,0.0,0.0,0.0,0.0,2.989133,0.5096906,2.410064,1.143346,0.1423688,-3.698053,0.08561991,-0.5586153,-0.008096239,0.8249563,7.597895,291.3729,353.6858,0.3478756,0.03773351,-0.9367808,0.0,0.0,0.0,-0.6689201,0.05625157,-2.632832,0.3087001,0.2244187,2.069,0.3757668,-0.1090153,0.9202799,-0.0822991,0.9852073,0.1503107,-0.9230528,-0.13222,0.3612364,moving,-70.25888,1.516479,8.486076,6.190513,2.9248491357682096,-0.5843765592009328
05/04/2023 16:19:06.772922,2990,True,True,True,True,Eyes,1.300672,0.1487555,-3.707401,-0.9389435,0.008611722,0.3439636,0.0,0.0,0.0,0.0,0.0,0.0,0.0,2.975295,0.5125265,2.416148,1.132182,0.1402467,-3.69477,0.08536728,-0.5561938,-0.009716965,0.8265994,7.488087,291.708,353.5705,0.3463431,0.03775298,-0.9373477,0.0,0.0,0.0,-0.6735463,0.05488069,-2.618983,0.3087003,0.2218147,2.069001,0.3811081,-0.1110256,0.9178399,-0.07889743,0.985236,0.1519381,-0.921158,-0.1303201,0.3667218,moving,-69.88068,1.434199,8.486079,6.119227,2.9393151285580834,-0.5812218991712246
05/04/2023 16:19:06.792940,2991,True,True,True,True,Eyes,1.292733,0.1482269,-3.706383,-0.9366717,0.00837858,0.3501083,0.0,0.0,0.0,0.0,0.0,0.0,0.0,2.962839,0.5113704,2.420776,1.121131,0.1383559,-3.691069,0.08472779,-0.5540171,-0.01096891,0.8281099,7.364084,292.0159,353.5129,0.3447944,0.03776158,-0.9379181,0.0,0.0,0.0,-0.6786446,0.05453222,-2.605773,0.3087001,0.2191567,2.069,0.3858895,-0.1120482,0.9157154,-0.07571436,0.9854017,0.1524818,-0.9194329,-0.1281739,0.3717726,moving,-69.50531,1.370906,8.486075,6.046452,2.953438723443665,-0.5784361717771673
05/04/2023 16:19:06.803317,2992,True,True,True,True,Eyes,1.284661,0.1476555,-3.705254,-0.9341772,0.007941695,0.356721,0.0,0.0,0.0,0.0,0.0,0.0,0.0,2.950938,0.5072511,2.425428,1.11024,0.1367017,-3.687373,0.08383895,-0.5518863,-0.01181025,0.8296102,7.242636,292.3223,353.5096,0.3432286,0.03775935,-0.9384924,0.0,0.0,0.0,-0.6836428,0.05430343,-2.592851,0.3087002,0.2161586,2.069,0.3905643,-0.1121349,0.9137205,-0.0729433,0.9856631,0.1521431,-0.9176812,-0.1260715,0.3767853,moving,-69.10036,1.275368,8.48608,5.964336,2.969022698157564,-0.5749185640837122
05/04/2023 16:19:06.812825,2993,True,True,True,True,Eyes,1.276473,0.1470697,-3.703999,-0.9316643,0.007582061,0.3632412,0.0,0.0,0.0,0.0,0.0,0.0,0.0,2.939461,0.5024182,2.42925,1.09901,0.1350811,-3.683482,0.08297722,-0.5497996,-0.01227513,0.8310743,7.147423,292.6226,353.5395,0.3416454,0.03774638,-0.9390703,0.0,0.0,0.0,-0.6890822,0.05339969,-2.580045,0.3087003,0.2132143,2.069,0.3951395,-0.1116448,0.9118116,-0.07083859,0.9859282,0.1514182,-0.9158858,-0.1244228,0.3816704,moving,-68.69997,1.195781,8.486083,5.883669,2.9842415955901576,-0.571720176759598
05/04/2023 16:19:06.833052,2994,True,True,True,True,Eyes,1.268083,0.1465059,-3.702804,-0.9284232,0.006270282,0.3714714,0.0,0.0,0.0,0.0,0.0,0.0,0.0,2.928059,0.495856,2.432951,1.088013,0.1341351,-3.67925,0.0820751,-0.5477458,-0.01240112,0.832517,7.069458,292.9195,353.6035,0.340044,0.03772349,-0.9396523,0.0,0.0,0.0,-0.6944113,0.05356349,-2.567003,0.3087004,0.2111046,2.069,0.3996413,-0.1105609,0.9099798,-0.06926432,0.9862198,0.1502432,-0.9140511,-0.1230725,0.3864763,moving,-68.19315,0.9670368,8.486083,5.825852,3.0051373627107045,-0.5652655500664538
05/04/2023 16:19:06.852864,2995,True,True,True,True,Eyes,1.259597,0.1459863,-3.701476,-0.9251614,0.005021106,0.3795409,0.0,0.0,0.0,0.0,0.0,0.0,0.0,2.915845,0.4900334,2.437157,1.076791,0.1337573,-3.674867,0.0814703,-0.5455327,-0.01213287,0.8340321,7.04564,293.2343,353.6871,0.3384211,0.03769224,-0.9402393,0.0,0.0,0.0,-0.6995028,0.05196482,-2.553429,0.3086998,0.2085079,2.069,0.4044937,-0.1091278,0.9080067,-0.06865102,0.9864308,0.1491354,-0.9119605,-0.1226599,0.3915133,moving,-67.69446,0.7579457,8.486068,5.754676,3.025494215567711,-0.5592149113655862
05/04/2023 16:19:06.863111,2996,True,True,True,True,Eyes,1.250994,0.1454766,-3.700042,-0.9218731,0.0037609,0.3874738,0.0,0.0,0.0,0.0,0.0,0.0,0.0,2.903736,0.4840686,2.441354,1.066,0.1343022,-3.670398,0.08101575,-0.5433511,-0.01170127,0.8355053,7.045782,293.5424,353.7762,0.3367768,0.03765467,-0.9408309,0.0,0.0,0.0,-0.7042205,0.05038751,-2.540039,0.3087002,0.2058463,2.069001,0.4092652,-0.1075929,0.9060495,-0.06848706,0.986599,0.148094,-0.9098416,-0.1226624,0.396412,moving,-67.20243,0.5561072,8.486075,5.6817,3.0455223555005215,-0.5533289174026519
05/04/2023 16:19:06.883330,2997,True,True,True,True,Eyes,1.242299,0.1450014,-3.69848,-0.9185477,0.002448466,0.3953024,0.0,0.0,0.0,0.0,0.0,0.0,0.0,2.890898,0.4783527,2.445598,1.055053,0.1339284,-3.665513,0.08044562,-0.541106,-0.01137341,0.8370207,7.028373,293.8601,353.8633,0.3351108,0.03761178,-0.9414274,0.0,0.0,0.0,-0.7088755,0.04850359,-2.525953,0.3086997,0.2031747,2.069,0.41415,-0.1060988,0.9040039,-0.06801967,0.9867983,0.1469777,-0.9076636,-0.1223609,0.4014657,moving,-66.71509,0.3548802,8.486065,5.608433,3.065376315773639,-0.5474743588681897
05/04/2023 16:19:06.903261,2998,True,True,True,True,Eyes,1.233512,0.1445811,-3.696783,-0.915157,0.001019464,0.4030962,0.0,0.0,0.0,0.0,0.0,0.0,0.0,2.874535,0.4842289,2.452205,1.04412,0.1343036,-3.660944,0.08154637,-0.538282,-0.01108004,0.8387372,7.172876,294.231,353.8452,0.3334235,0.03756509,-0.9420282,0.0,0.0,0.0,-0.7119691,0.04085778,-2.510441,0.3087,0.2004504,2.069,0.4202595,-0.1063764,0.9011471,-0.06920341,0.9864548,0.1487203,-0.9047613,-0.1248636,0.4072054,moving,-66.22811,0.1449056,8.486072,5.5337,3.0853289969640376,-0.5414569017257279
05/04/2023 16:19:06.913198,2999,True,True,True,True,Eyes,1.22464,0.1442479,-3.694967,-0.9117159,-0.0004271567,0.410821,0.0,0.0,0.0,0.0,0.0,0.0,0.0,2.858157,0.4872878,2.458987,1.033097,0.1352269,-3.656166,0.08223519,-0.5354598,-0.01113744,0.8404738,7.256168,294.6059,353.8201,0.3317157,0.03751649,-0.9426329,0.0,0.0,0.0,-0.7150643,0.03591687,-2.494608,0.3087004,0.1977054,2.069,0.4263176,-0.1067887,0.898248,-0.06934582,0.9862266,0.1501604,-0.9019116,-0.1263058,0.4130404,moving,-65.74358,-0.05957404,8.486081,5.458382,3.1051247241945847,-0.535553150689204
05/04/2023 16:19:06.932747,3000,True,True,True,True,Eyes,1.215682,0.1440142,-3.693018,-0.908191,-0.001893158,0.4185516,0.0,0.0,0.0,0.0,0.0,0.0,0.0,2.84041,0.4908059,2.467457,1.022208,0.136778,-3.651512,0.08306042,-0.5323817,-0.01121869,0.8423449,7.353214,295.0127,353.7867,0.329988,0.03746854,-0.943241,0.0,0.0,0.0,-0.7172653,0.03121185,-2.477965,0.3087,0.1951135,2.069,0.4328877,-0.1073397,0.8950344,-0.0695397,0.9859502,0.1518763,-0.8987617,-0.1279858,0.4193414,moving,-65.25677,-0.2591538,8.486074,5.38725,3.1249388869124086,-0.5297318089053993
05/04/2023 16:19:06.952874,3001,True,True,True,True,Eyes,1.206644,0.143895,-3.690954,-0.9045966,-0.003224779,0.4262564,0.0,0.0,0.0,0.0,0.0,0.0,0.0,2.821557,0.4910034,2.477389,1.011036,0.1391609,-3.646664,0.08332112,-0.5291167,-0.01205405,0.8443625,7.351172,295.4497,353.7176,0.3282407,0.03742382,-0.9438522,0.0,0.0,0.0,-0.7191261,0.03060015,-2.460146,0.3087,0.192399,2.069,0.4397805,-0.1085292,0.8915238,-0.06781722,0.9858246,0.1534624,-0.8955413,-0.1279504,0.4261862,moving,-64.76965,-0.4334545,8.486073,5.312731,3.144441853156943,-0.5243843213546765
05/04/2023 16:19:06.963213,3002,True,True,True,True,Eyes,1.197537,0.1438594,-3.688766,-0.9009005,-0.0044734,0.4340023,0.0,0.0,0.0,0.0,0.0,0.0,0.0,2.801175,0.4844612,2.490514,1.000108,0.1417658,-3.641927,0.08256447,-0.5255463,-0.01325358,0.8466454,7.231285,295.9412,353.6789,0.326474,0.03738508,-0.9444664,0.0,0.0,0.0,-0.7197728,0.03473126,-2.440834,0.3087004,0.1897725,2.069,0.4472509,-0.1092251,0.8877141,-0.06434074,0.9860149,0.1537364,-0.8920912,-0.1258749,0.4339684,moving,-64.27789,-0.5905449,8.486085,5.240612,3.163890077476935,-0.5193406086136971
05/04/2023 16:19:06.983263,3003,True,True,True,True,Eyes,1.188359,0.1438804,-3.686483,-0.8971198,-0.005628082,0.4417514,0.0,0.0,0.0,0.0,0.0,0.0,0.0,2.779624,0.4741959,2.505092,0.9891377,0.1439175,-3.63697,0.0812989,-0.5217646,-0.01423613,0.8490876,7.077048,296.4681,353.6933,0.3246887,0.03735398,-0.9450827,0.0,0.0,0.0,-0.7197395,0.03991821,-2.420421,0.3086999,0.1871113,2.069,0.4551181,-0.1090132,0.8837329,-0.06066233,0.9863756,0.1529156,-0.8883623,-0.1232039,0.4423045,moving,-63.78387,-0.7299306,8.48607,5.167521,3.1831928239190237,-0.514620083277797
05/04/2023 16:19:07.003266,3004,True,True,True,True,Eyes,1.179129,0.1439237,-3.684091,-0.8934377,-0.00693955,0.4491335,0.0,0.0,0.0,0.0,0.0,0.0,0.0,2.756469,0.4660515,2.521706,0.9782791,0.1451078,-3.632663,0.0803985,-0.5176095,-0.01446836,0.8517084,7.006055,297.041,353.7603,0.3228849,0.03733132,-0.9457015,0.0,0.0,0.0,-0.7184262,0.04136669,-2.399584,0.3087005,0.1843858,2.069,0.4637421,-0.1078757,0.8793783,-0.05858441,0.9866535,0.1519301,-0.8840313,-0.1219742,0.451233,moving,-63.3112,-0.8852051,8.486086,5.092649,3.201940653224202,-0.5096916713154449
05/04/2023 16:19:07.012852,3005,True,True,True,True,Eyes,1.169847,0.1439812,-3.681628,-0.8896762,-0.008331168,0.4565159,0.0,0.0,0.0,0.0,0.0,0.0,0.0,2.734782,0.4618962,2.535422,0.9674524,0.145925,-3.628152,0.08015453,-0.5137398,-0.01419482,0.8540757,7.026661,297.5659,353.8339,0.3210635,0.03731694,-0.946322,0.0,0.0,0.0,-0.7178239,0.03910674,-2.380165,0.3087003,0.1816003,2.069,0.4717399,-0.106604,0.8752697,-0.05811024,0.9867475,0.151501,-0.8798208,-0.1223312,0.4592934,moving,-62.83646,-1.045501,8.486078,5.01611,3.2208259195791906,-0.5046600704785585
05/04/2023 16:19:07.033173,3006,True,True,True,True,Eyes,1.160519,0.1440299,-3.679095,-0.8859797,-0.01000792,0.463616,0.0,0.0,0.0,0.0,0.0,0.0,0.0,2.712365,0.4659092,2.548951,0.9568826,0.1463095,-3.624103,0.08116142,-0.5097269,-0.013266,0.8563967,7.208978,298.0931,353.8978,0.3192249,0.03731046,-0.946944,0.0,0.0,0.0,-0.7164934,0.03070823,-2.361348,0.3087004,0.1790123,2.069,0.480005,-0.1054622,0.8709035,-0.0600184,0.9864736,0.1525368,-0.8752102,-0.1254887,0.4671826,moving,-62.37781,-1.236633,8.486086,4.944985,3.239533387119899,-0.499117252994924
05/04/2023 16:19:07.053094,3007,True,True,True,True,Eyes,1.151146,0.1440743,-3.676512,-0.8822096,-0.01178212,0.4707096,0.0,0.0,0.0,0.0,0.0,0.0,0.0,2.688419,0.4741802,2.563316,0.9464113,0.1461322,-3.620219,0.08291317,-0.5054313,-0.01149585,0.8587971,7.515273,298.6493,354.0042,0.3173695,0.03731094,-0.9475675,0.0,0.0,0.0,-0.7140865,0.01743293,-2.342199,0.3087001,0.176346,2.069,0.4888139,-0.103559,0.8662197,-0.06406863,0.9859865,0.1540319,-0.8700324,-0.1307905,0.475329,moving,-61.91751,-1.433846,8.486076,4.871689,3.2583768966223277,-0.4934531150228035
05/04/2023 16:19:07.063352,3008,True,True,True,True,Eyes,1.14173,0.1441369,-3.673876,-0.8785073,-0.01371205,0.4775323,0.0,0.0,0.0,0.0,0.0,0.0,0.0,2.666945,0.4783939,2.57579,0.9359822,0.1460771,-3.616456,0.0840731,-0.5015013,-0.009862663,0.8610058,7.75183,299.1639,354.1316,0.3154977,0.03731763,-0.948192,0.0,0.0,0.0,-0.7125496,0.006873521,-2.324492,0.3087,0.1736309,2.069,0.4967984,-0.1013091,0.8619325,-0.06734191,0.9856688,0.1546671,-0.8652493,-0.1348826,0.4828564,moving,-61.47271,-1.644762,8.486074,4.797033,3.2768451686486335,-0.4875973039365165
05/04/2023 16:19:07.083167,3009,True,True,True,True,Eyes,1.132277,0.144247,-3.671196,-0.8747646,-0.01553294,0.484299,0.0,0.0,0.0,0.0,0.0,0.0,0.0,2.648779,0.4800568,2.58504,0.9256163,0.1464512,-3.612575,0.08497489,-0.4981057,-0.008110043,0.8629045,7.965172,299.6109,354.2833,0.3136099,0.03733045,-0.9488176,0.0,0.0,0.0,-0.7124251,-0.002214149,-2.308731,0.3087001,0.1709831,2.069,0.5036499,-0.09864934,0.8582571,-0.07065656,0.985427,0.1547298,-0.8610136,-0.1385711,0.48934,moving,-61.02962,-1.83702,8.486078,4.724215,3.295014969959264,-0.4820994792149244
05/04/2023 16:19:07.102865,3010,True,True,True,True,Eyes,1.122776,0.144403,-3.668472,-0.8710619,-0.01719014,0.4908723,0.0,0.0,0.0,0.0,0.0,0.0,0.0,2.634041,0.4720769,2.592774,0.9151808,0.1479172,-3.608887,0.0842379,-0.4952416,-0.007939927,0.8646252,7.920797,300.0033,354.3701,0.3117063,0.03735007,-0.9494438,0.0,0.0,0.0,-0.7139705,-0.001264442,-2.294351,0.3087001,0.1683405,2.069,0.5093455,-0.09716634,0.8550589,-0.0697061,0.9856818,0.1535328,-0.8577343,-0.1378041,0.4952796,moving,-60.59729,-2.005655,8.486076,4.651523,3.3125019548900068,-0.4770914472567773
05/04/2023 16:19:07.113007,3011,True,True,True,True,Eyes,1.113234,0.1445913,-3.665711,-0.8672901,-0.0186813,0.4974523,0.0,0.0,0.0,0.0,0.0,0.0,0.0,2.616009,0.4649417,2.603427,0.9047108,0.1490245,-3.605107,0.0833888,-0.4918705,-0.008389189,0.8666253,7.832695,300.4608,354.4058,0.3097866,0.03737707,-0.9500709,0.0,0.0,0.0,-0.7139649,0.000446788,-2.277979,0.3087001,0.165525,2.069,0.5159861,-0.09657354,0.8511357,-0.0674924,0.9859518,0.1527865,-0.8539339,-0.1362809,0.5022194,moving,-60.16268,-2.150672,8.486077,4.57406,3.3297688035130752,-0.4725176703897938
05/04/2023 16:19:07.132930,3012,True,True,True,True,Eyes,1.103657,0.1448044,-3.662931,-0.8635236,-0.02011806,0.5039071,0.0,0.0,0.0,0.0,0.0,0.0,0.0,2.596384,0.4557145,2.615976,0.8940942,0.1500982,-3.601427,0.08206929,-0.488215,-0.009443127,0.8688048,7.665175,300.9586,354.4097,0.3078512,0.03741159,-0.9506983,0.0,0.0,0.0,-0.7132029,0.005091117,-2.26046,0.3087001,0.1629917,2.069,0.5231138,-0.09654339,0.8467771,-0.06372646,0.9863509,0.151825,-0.8498771,-0.1333838,0.5098214,moving,-59.73441,-2.286271,8.486074,4.504344,3.3466906926549918,-0.46814788085791725
05/04/2023 16:19:07.152933,3013,True,True,True,True,Eyes,1.094053,0.1450539,-3.660127,-0.8596915,-0.02159042,0.5103571,0.0,0.0,0.0,0.0,0.0,0.0,0.0,2.577486,0.452011,2.627437,0.8836768,0.1508911,-3.598267,0.08170759,-0.4846137,-0.009652898,0.8708503,7.640344,301.4381,354.4413,0.3059005,0.03745359,-0.9513261,0.0,0.0,0.0,-0.7122871,0.004342511,-2.244313,0.3087,0.1603417,2.069,0.5301128,-0.09600569,0.8424745,-0.06238076,0.9864614,0.151666,-0.8456293,-0.1329543,0.516947,moving,-59.30446,-2.422427,8.486073,4.431404,3.3636792819190706,-0.46376047830557143
05/04/2023 16:19:07.172741,3014,True,True,True,True,Eyes,1.084436,0.1453533,-3.657297,-0.8558317,-0.02312758,0.5167371,0.0,0.0,0.0,0.0,0.0,0.0,0.0,2.558241,0.4523153,2.638271,0.8734345,0.1520437,-3.594948,0.08233739,-0.4809444,-0.008475016,0.8728353,7.792272,301.9182,354.5562,0.3039345,0.0375033,-0.9519541,0.0,0.0,0.0,-0.710819,-0.0021815,-2.22849,0.3086997,0.1574674,2.069,0.5372415,-0.09399398,0.8381748,-0.06440483,0.9862974,0.151886,-0.8409659,-0.1355819,0.5238262,moving,-58.87711,-2.562675,8.486068,4.352277,3.380627786313147,-0.45930721285983755
05/04/2023 16:19:07.182869,3015,True,True,True,True,Eyes,1.074811,0.1456821,-3.654448,-0.8518664,-0.02472838,0.5231751,0.0,0.0,0.0,0.0,0.0,0.0,0.0,2.536268,0.4530726,2.651743,0.8633763,0.1536137,-3.591748,0.0832026,-0.4767956,-0.006814973,0.8750412,7.996505,302.4596,354.7119,0.3019544,0.03756129,-0.9525818,0.0,0.0,0.0,-0.7075366,-0.00963169,-2.2113,0.3087,0.1549123,2.069,0.5452391,-0.09126803,0.8332974,-0.06741448,0.9860618,0.1521101,-0.8355655,-0.1391127,0.5314867,moving,-58.44377,-2.706127,8.486074,4.281921,3.397829632802799,-0.45476825321655473
05/04/2023 16:19:07.202874,3016,True,True,True,True,Eyes,1.065191,0.1460262,-3.651569,-0.8478481,-0.02643139,0.5295802,0.0,0.0,0.0,0.0,0.0,0.0,0.0,2.512015,0.4515261,2.667558,0.8535103,0.1546969,-3.58853,0.08383199,-0.4722507,-0.004506668,0.8774573,8.213458,303.0587,354.952,0.2999604,0.03762756,-0.9532089,0.0,0.0,0.0,-0.7026151,-0.0176383,-2.192816,0.3087,0.1522758,2.069,0.5539179,-0.08708825,0.828004,-0.07127063,0.9859038,0.1513745,-0.8295153,-0.1428614,0.5399029,moving,-58.01041,-2.857266,8.486073,4.209307,3.41513016348378,-0.4500847154489547
05/04/2023 16:19:07.213110,3017,True,True,True,True,Eyes,1.055564,0.1463797,-3.648692,-0.8437254,-0.02820659,0.5360334,0.0,0.0,0.0,0.0,0.0,0.0,0.0,2.488094,0.4501097,2.68317,0.8436221,0.155661,-3.585622,0.08446492,-0.4677107,-0.002119054,0.879834,8.432722,303.6568,355.202,0.2979533,0.03770173,-0.9538353,0.0,0.0,0.0,-0.697557,-0.02588663,-2.174867,0.3086999,0.1495437,2.069,0.5624844,-0.08273911,0.8226576,-0.07528145,0.9857224,0.1506124,-0.8233736,-0.146648,0.5482247,moving,-57.5715,-3.012181,8.486069,4.13405,3.4326757169322657,-0.44530660235820685
05/04/2023 16:19:07.232703,3018,True,True,True,True,Eyes,1.045934,0.146733,-3.645806,-0.839543,-0.0300628,0.5424609,0.0,0.0,0.0,0.0,0.0,0.0,0.0,2.463851,0.4488153,2.698817,0.8337325,0.1561981,-3.582751,0.08514442,-0.463095,0.0006699958,0.8822091,8.676243,304.2656,355.4932,0.2959337,0.03778326,-0.9544606,0.0,0.0,0.0,-0.6920657,-0.03506859,-2.156915,0.3086999,0.1469538,2.069,0.5710852,-0.07767776,0.8172073,-0.08004206,0.9855,0.1496098,-0.8169791,-0.1508509,0.556587,moving,-57.13195,-3.172047,8.486072,4.062697,3.450307078446996,-0.44043270380432176
05/04/2023 16:19:07.252999,3019,True,True,True,True,Eyes,1.036294,0.1470866,-3.642923,-0.835238,-0.03194837,0.5489598,0.0,0.0,0.0,0.0,0.0,0.0,0.0,2.439612,0.4494587,2.713934,0.8238993,0.1564997,-3.579924,0.08598414,-0.4584954,0.003211432,0.8845215,8.919957,304.8683,355.7527,0.293902,0.03787147,-0.9550846,0.0,0.0,0.0,-0.6864108,-0.04474888,-2.139321,0.3087003,0.1442818,2.069,0.5795432,-0.07316551,0.8116505,-0.08452784,0.9851928,0.1491648,-0.8105459,-0.1550545,0.5647773,moving,-56.6851,-3.330743,8.486082,3.989066,3.468182507735875,-0.4355497595636773
05/04/2023 16:19:07.272847,3020,True,True,True,True,Eyes,1.02665,0.1474382,-3.640033,-0.8308433,-0.03381279,0.5554785,0.0,0.0,0.0,0.0,0.0,0.0,0.0,2.413548,0.4513223,2.73042,0.8140622,0.156969,-3.577257,0.08677157,-0.4536196,0.004879337,0.8869478,9.111162,305.5017,355.9307,0.2918586,0.03796569,-0.9557074,0.0,0.0,0.0,-0.6797861,-0.05282377,-2.121058,0.3087,0.1416031,2.069,0.588411,-0.07006712,0.8055205,-0.08737799,0.9848937,0.149497,-0.8038269,-0.1583504,0.5734,moving,-56.23443,-3.483381,8.486073,3.915237,3.4861162458326573,-0.43076444604272013
05/04/2023 16:19:07.292856,3021,True,True,True,True,Eyes,1.016989,0.1477885,-3.637157,-0.8263243,-0.0356059,0.5620678,0.0,0.0,0.0,0.0,0.0,0.0,0.0,2.385463,0.4534497,2.748118,0.8040944,0.1573255,-3.574476,0.08721646,-0.4484887,0.005150501,0.8895081,9.194091,306.1629,355.9879,0.2898037,0.03806531,-0.9563285,0.0,0.0,0.0,-0.6724796,-0.05778106,-2.101787,0.3086998,0.1389192,2.069,0.5976627,-0.06906837,0.7987671,-0.08739401,0.9847335,0.1505396,-0.7969702,-0.1597794,0.5825024,moving,-55.77637,-3.624732,8.486067,3.841254,3.5041682983862037,-0.42615987414305273
05/04/2023 16:19:07.302947,3022,True,True,True,True,Eyes,1.007314,0.1481225,-3.63428,-0.821762,-0.03721264,0.5686145,0.0,0.0,0.0,0.0,0.0,0.0,0.0,2.358723,0.4526381,2.765174,0.7939826,0.157649,-3.572028,0.08714121,-0.4435288,0.005020354,0.8919997,9.201859,306.8045,356.03,0.2877371,0.0381698,-0.9569483,0.0,0.0,0.0,-0.6658341,-0.06014407,-2.083364,0.3087001,0.1362408,2.068999,0.606514,-0.06834296,0.7921301,-0.08625559,0.9847624,0.1510065,-0.7903801,-0.1599132,0.5913773,moving,-55.31888,-3.744348,8.48608,3.767409,3.521923105774601,-0.421966280126043
05/04/2023 16:19:07.313177,3023,True,True,True,True,Eyes,0.9976149,0.1484292,-3.631416,-0.817072,-0.03872997,0.5752332,0.0,0.0,0.0,0.0,0.0,0.0,0.0,2.331697,0.4493129,2.782289,0.783787,0.1576096,-3.569407,0.08658153,-0.4385481,0.004546507,0.8945158,9.142174,307.451,356.0619,0.2856589,0.03827822,-0.9575663,0.0,0.0,0.0,-0.6591449,-0.06062009,-2.064686,0.3087,0.1334408,2.068999,0.6153098,-0.06780648,0.7853637,-0.08407417,0.9849659,0.1509094,-0.783789,-0.1588848,0.6003584,moving,-54.85378,-3.851863,8.486074,3.690201,3.5397936576598967,-0.41796779314683097
05/04/2023 16:19:07.333172,3024,True,True,True,True,Eyes,0.9878795,0.1486945,-3.628587,-0.8123522,-0.04011068,0.5817861,0.0,0.0,0.0,0.0,0.0,0.0,0.0,2.304513,0.4457241,2.799408,0.7734833,0.1572598,-3.566949,0.08607077,-0.4334851,0.004613362,0.8970292,9.114945,308.1089,356.1472,0.2835688,0.03838952,-0.9581829,0.0,0.0,0.0,-0.6520729,-0.06245354,-2.046228,0.3087001,0.1304676,2.069,0.6241388,-0.06634413,0.7784916,-0.08289742,0.985141,0.1504163,-0.7769033,-0.1584156,0.609365,moving,-54.39072,-3.943961,8.486079,3.608196,3.557395339678937,-0.41426777432328826
05/04/2023 16:19:07.353037,3025,True,True,True,True,Eyes,0.9781187,0.148922,-3.625782,-0.8075331,-0.04145934,0.5883634,0.0,0.0,0.0,0.0,0.0,0.0,0.0,2.279644,0.4400273,2.814786,0.7631267,0.1565718,-3.564623,0.08526997,-0.4287553,0.004883572,0.8993744,9.065701,308.7271,356.2646,0.2814663,0.03850226,-0.9587981,0.0,0.0,0.0,-0.6461329,-0.06283882,-2.028924,0.3087,0.128328,2.069,0.6322902,-0.06433555,0.7720557,-0.0819042,0.9854104,0.1491915,-0.77039,-0.1575669,0.617796,moving,-53.92316,-4.030715,8.486072,3.549176,3.5750885549579627,-0.41064907387523286
05/04/2023 16:19:07.363337,3026,True,True,True,True,Eyes,0.96833,0.1490997,-3.623008,-0.8027359,-0.04275758,0.5947998,0.0,0.0,0.0,0.0,0.0,0.0,0.0,2.256113,0.4388528,2.828317,0.7527,0.1558161,-3.562468,0.08521453,-0.424197,0.005636191,0.901534,9.11574,309.3157,356.3921,0.2793508,0.03861532,-0.959412,0.0,0.0,0.0,-0.6405736,-0.06737806,-2.013015,0.3086998,0.1256087,2.069,0.6400502,-0.06213306,0.7658166,-0.08245793,0.9854134,0.1488659,-0.7638955,-0.1584293,0.6255908,moving,-53.46282,-4.111673,8.48607,3.474155,3.592451755448231,-0.4071700193681137
05/04/2023 16:19:07.382935,3027,True,True,True,True,Eyes,0.9585112,0.1492128,-3.620264,-0.7978485,-0.04397672,0.6012519,0.0,0.0,0.0,0.0,0.0,0.0,0.0,2.232723,0.4372292,2.841444,0.7423743,0.1549032,-3.560184,0.08498885,-0.4196995,0.006027769,0.9036554,9.129182,309.895,356.4901,0.2772225,0.0387273,-0.9600247,0.0,0.0,0.0,-0.6350808,-0.07091998,-1.997245,0.3086997,0.1228901,2.069,0.6476319,-0.06044551,0.7595521,-0.08223362,0.9854811,0.1485416,-0.7575028,-0.158661,0.6332584,moving,-52.99863,-4.183274,8.486065,3.399139,3.6098322816439286,-0.40385047956479425
05/04/2023 16:19:07.403056,3028,True,True,True,True,Eyes,0.9486562,0.1492433,-3.617555,-0.7929839,-0.04515126,0.6075672,0.0,0.0,0.0,0.0,0.0,0.0,0.0,2.211215,0.4359024,2.853465,0.731831,0.1533726,-3.558461,0.0845711,-0.4154395,0.005799339,0.9056622,9.091076,310.4409,356.5301,0.2750804,0.03883661,-0.9606363,0.0,0.0,0.0,-0.630642,-0.07348751,-1.982798,0.3087,0.1202277,2.069,0.6547529,-0.05976386,0.7534766,-0.08077283,0.9856282,0.1483672,-0.7515148,-0.1580043,0.6405156,moving,-52.54144,-4.250115,8.486072,3.325665,3.6269038022656552,-0.40065017653679635
05/04/2023 16:19:07.412904,3029,True,True,True,True,Eyes,0.9387609,0.1491977,-3.614882,-0.7880253,-0.04622756,0.6139049,0.0,0.0,0.0,0.0,0.0,0.0,0.0,2.188125,0.4356801,2.865944,0.721187,0.1515826,-3.556439,0.08421018,-0.4109673,0.005282984,0.9077372,9.045784,311.0099,356.5387,0.2729243,0.03894125,-0.9612468,0.0,0.0,0.0,-0.6254975,-0.07640059,-1.967634,0.3087001,0.11739,2.069,0.662156,-0.05962412,0.7469903,-0.07880637,0.9857615,0.1485391,-0.7452107,-0.1572237,0.6480291,moving,-52.07991,-4.306293,8.486075,3.24734,3.6439933865596963,-0.3976318537977934
05/04/2023 16:19:07.433088,3030,True,True,True,True,Eyes,0.9288221,0.1490804,-3.612258,-0.7830608,-0.04724241,0.6201484,0.0,0.0,0.0,0.0,0.0,0.0,0.0,2.165766,0.4344477,2.878229,0.7103043,0.1494856,-3.554801,0.08361804,-0.4065429,0.004578084,0.9097857,8.967337,311.5729,356.5374,0.2707535,0.03903966,-0.9618565,0.0,0.0,0.0,-0.6207439,-0.07814914,-1.953005,0.3087004,0.1148911,2.069,0.6694039,-0.05965848,0.7404994,-0.07631878,0.9859741,0.1484266,-0.7389681,-0.1558714,0.6554619,moving,-51.62239,-4.356334,8.486087,3.178359,3.6608624901000453,-0.3947459384701733
05/04/2023 16:19:07.453054,3031,True,True,True,True,Eyes,0.9188403,0.1488661,-3.609678,-0.7779949,-0.04814627,0.626423,0.0,0.0,0.0,0.0,0.0,0.0,0.0,2.143619,0.4314828,2.89063,0.6994269,0.1476569,-3.553312,0.08274988,-0.402137,0.003573733,0.9118254,8.846113,312.1332,356.5166,0.2685676,0.03913045,-0.9624655,0.0,0.0,0.0,-0.6160167,-0.07836336,-1.938637,0.3087001,0.1122259,2.069,0.6765461,-0.06003634,0.7339489,-0.07307082,0.9862794,0.1480326,-0.732766,-0.1537812,0.6628765,moving,-51.15981,-4.395058,8.486075,3.104774,3.6777668649895885,-0.3920512354083883
05/04/2023 16:19:07.463169,3032,True,True,True,True,Eyes,0.9088143,0.1485704,-3.607139,-0.7728747,-0.04909827,0.6326563,0.0,0.0,0.0,0.0,0.0,0.0,0.0,2.120467,0.4284219,2.903439,0.6883802,0.1452303,-3.551749,0.08188168,-0.397542,0.002995874,0.9139184,8.745648,312.7187,356.5414,0.2663657,0.03921178,-0.9630738,0.0,0.0,0.0,-0.6106321,-0.07976204,-1.923871,0.3087004,0.1094724,2.069,0.6839029,-0.05962684,0.7271324,-0.07057878,0.9865728,0.1472844,-0.7261513,-0.1520483,0.6705115,moving,-50.69708,-4.437633,8.486084,3.028739,3.6947256443059424,-0.38928350705210163
05/04/2023 16:19:07.483321,3033,True,True,True,True,Eyes,0.8987446,0.1482487,-3.604648,-0.7676266,-0.05001207,0.6389429,0.0,0.0,0.0,0.0,0.0,0.0,0.0,2.095964,0.42838,2.916542,0.6773801,0.1427244,-3.550152,0.08154111,-0.3927245,0.002927579,0.9160294,8.724738,313.3282,356.5963,0.2641474,0.03928233,-0.9636819,0.0,0.0,0.0,-0.6042106,-0.08380948,-1.908908,0.3087001,0.1068458,2.069,0.6915178,-0.05868289,0.7199718,-0.06940988,0.9866849,0.1470887,-0.7190169,-0.1516876,0.6782371,moving,-50.22731,-4.475596,8.486074,2.956202,3.711875397440566,-0.3865725380011605
05/04/2023 16:19:07.503156,3034,True,True,True,True,Eyes,0.88862,0.147905,-3.602224,-0.7620046,-0.05119913,0.6455445,0.0,0.0,0.0,0.0,0.0,0.0,0.0,2.069402,0.4298977,2.931299,0.6662284,0.1419108,-3.549049,0.08161183,-0.3875085,0.002718244,0.9182426,8.742013,313.9811,356.6208,0.261912,0.03934241,-0.9642893,0.0,0.0,0.0,-0.5963917,-0.08770083,-1.893758,0.3087002,0.1042208,2.069,0.6996596,-0.05825853,0.7120971,-0.06824256,0.9866642,0.1477722,-0.7112097,-0.1519856,0.6863534,moving,-49.72986,-4.534725,8.48608,2.883697,3.730276917255335,-0.38334601985637345
05/04/2023 16:19:07.513015,3035,True,True,True,True,Eyes,0.8784463,0.1475334,-3.599859,-0.7562435,-0.05232981,0.6521943,0.0,0.0,0.0,0.0,0.0,0.0,0.0,2.042542,0.4305234,2.946125,0.6551502,0.141029,-3.547938,0.08149447,-0.3822623,0.002266555,0.9204504,8.728709,314.6365,356.6283,0.2596586,0.0393924,-0.9648964,0.0,0.0,0.0,-0.58832,-0.09079265,-1.87869,0.3087001,0.1014557,2.069,0.7077409,-0.05813202,0.7040764,-0.06647702,0.986707,0.1482904,-0.7033376,-0.1517561,0.6944684,moving,-49.22509,-4.587388,8.486075,2.807314,3.7488557142115164,-0.38020992027872536
05/04/2023 16:19:07.532791,3036,True,True,True,True,Eyes,0.8682234,0.1471147,-3.597568,-0.7502158,-0.05372884,0.6590064,0.0,0.0,0.0,0.0,0.0,0.0,0.0,2.014737,0.4291713,2.961835,0.6437479,0.1399917,-3.547085,0.08119519,-0.376773,0.002410839,0.922737,8.723157,315.3265,356.7095,0.2573869,0.03943247,-0.9655033,0.0,0.0,0.0,-0.5795103,-0.09368385,-1.863375,0.3087001,0.09892935,2.069,0.7160726,-0.05673517,0.6957163,-0.06563345,0.9868031,0.1480269,-0.6949333,-0.1516603,0.7028989,moving,-48.70321,-4.66102,8.486076,2.737516,3.7683087781221376,-0.3766069163305146
05/04/2023 16:19:07.553039,3037,True,True,True,True,Eyes,0.8579676,0.1466691,-3.595337,-0.7440952,-0.05522973,0.6657867,0.0,0.0,0.0,0.0,0.0,0.0,0.0,1.989708,0.4289638,2.975495,0.6325417,0.1384746,-3.54644,0.08126907,-0.3716572,0.003880037,0.924798,8.812362,315.9737,356.9121,0.255096,0.03946225,-0.9661099,0.0,0.0,0.0,-0.5715092,-0.09998395,-1.849763,0.3087001,0.09621674,2.069,0.7237117,-0.05323197,0.6880463,-0.06758497,0.9867606,0.1474309,-0.686785,-0.153199,0.7105325,moving,-48.17909,-4.742063,8.486076,2.662564,3.787935766770225,-0.372855083217108
05/04/2023 16:19:07.573163,3038,True,True,True,True,Eyes,0.8476816,0.146232,-3.593184,-0.7378116,-0.05711717,0.6725857,0.0,0.0,0.0,0.0,0.0,0.0,0.0,1.967317,0.434075,2.986427,0.6214498,0.1374497,-3.54576,0.08247175,-0.3669003,0.006807424,0.9265723,9.080812,316.5744,357.2195,0.2527861,0.03948192,-0.966716,0.0,0.0,0.0,-0.5642633,-0.111596,-1.837875,0.3086998,0.09356815,2.069,0.7306758,-0.04790267,0.681042,-0.07313295,0.9863041,0.1478368,-0.6787964,-0.1578274,0.7171653,moving,-47.64784,-4.854013,8.486068,2.589372,3.8082096295486427,-0.3684919735658795
05/04/2023 16:19:07.582900,3039,True,True,True,True,Eyes,0.8373759,0.1458082,-3.591084,-0.7314641,-0.05914626,0.6793098,0.0,0.0,0.0,0.0,0.0,0.0,0.0,1.947741,0.4459212,2.994537,0.6108623,0.1373092,-3.545107,0.08488623,-0.3625918,0.01038133,0.9280161,9.50188,317.1129,357.5425,0.2504571,0.03949263,-0.9673216,0.0,0.0,0.0,-0.5577733,-0.1277533,-1.828032,0.3087001,0.0908719,2.069,0.7368388,-0.04229002,0.6747444,-0.08082617,0.9853731,0.1500232,-0.6712195,-0.1650799,0.7226431,moving,-47.11718,-4.976089,8.486076,2.514854,3.828591621997166,-0.3639410333412001
05/04/2023 16:19:07.602948,3040,True,True,True,True,Eyes,0.8270392,0.145412,-3.589053,-0.7250136,-0.06136847,0.6859951,0.0,0.0,0.0,0.0,0.0,0.0,0.0,1.927935,0.4587056,3.002378,0.6000446,0.137276,-3.544392,0.08712997,-0.3582908,0.01241307,0.9294525,9.837901,317.6411,357.7105,0.2481091,0.03949552,-0.9679264,0.0,0.0,0.0,-0.5516819,-0.1416129,-1.818249,0.3087001,0.0881393,2.069,0.7429472,-0.03936101,0.6681917,-0.08551045,0.9845086,0.1530714,-0.6638655,-0.1708613,0.7280722,moving,-46.58399,-5.112019,8.486075,2.439322,3.849239946685378,-0.35911892139340107
05/04/2023 16:19:07.622579,3041,True,True,True,True,Eyes,0.8166766,0.1451261,-3.587065,-0.7185035,-0.063535,0.6926153,0.0,0.0,0.0,0.0,0.0,0.0,0.0,1.907169,0.4709638,3.010761,0.5894105,0.1375596,-3.54365,0.08887583,-0.3539777,0.01216367,0.9309419,10.02558,318.1572,357.6561,0.2457422,0.03949204,-0.9685302,0.0,0.0,0.0,-0.5457765,-0.1510907,-1.808321,0.3086998,0.08534293,2.069,0.7491037,-0.04027278,0.6612275,-0.08556746,0.9839062,0.1568651,-0.6569032,-0.1740878,0.7336017,moving,-46.05103,-5.241189,8.48607,2.36202,3.86979395215074,-0.3544248555661763
05/04/2023 16:19:07.633374,3042,True,True,True,True,Eyes,0.8063053,0.1449586,-3.585126,-0.7119708,-0.06538579,0.6991583,0.0,0.0,0.0,0.0,0.0,0.0,0.0,1.885571,0.4788772,3.020069,0.5784,0.139896,-3.542796,0.08982124,-0.3496175,0.009532888,0.9325283,10.03137,318.6665,357.3792,0.2433565,0.03948571,-0.9691326,0.0,0.0,0.0,-0.5406452,-0.1530766,-1.797862,0.3087,0.08266979,2.069,0.7553536,-0.04502677,0.6537688,-0.08058552,0.9836826,0.1608559,-0.6503437,-0.1741874,0.7393996,moving,-45.52021,-5.342803,8.486073,2.288117,3.889920822456268,-0.35025786072620807
05/04/2023 16:19:07.653344,3043,True,True,True,True,Eyes,0.795906,0.1448443,-3.583218,-0.7053771,-0.0669364,0.7056647,0.0,0.0,0.0,0.0,0.0,0.0,0.0,1.864521,0.4742846,3.031189,0.5677744,0.1424786,-3.54215,0.08857664,-0.3454542,0.004660042,0.9342344,9.713543,319.1545,356.9473,0.2409526,0.03947996,-0.9697334,0.0,0.0,0.0,-0.536589,-0.1439632,-1.786927,0.3087,0.0801093,2.069,0.7612794,-0.0524912,0.646296,-0.06990549,0.9842649,0.162283,-0.6446449,-0.1687224,0.7456312,moving,-44.98832,-5.418626,8.486073,2.217319,3.909756933659632,-0.34657111171153715
05/04/2023 16:19:07.665612,3044,True,True,True,True,Eyes,0.7855228,0.1447905,-3.58131,-0.6987832,-0.06824613,0.7120706,0.0,0.0,0.0,0.0,0.0,0.0,0.0,1.841874,0.4667284,3.042918,0.5567585,0.1438971,-3.541045,0.08698814,-0.340969,0.0008998127,0.9360409,9.407931,319.6943,356.6508,0.2385306,0.03947612,-0.9703321,0.0,0.0,0.0,-0.5313999,-0.1359733,-1.774802,0.3087001,0.07729569,2.069,0.7674787,-0.05763599,0.6384783,-0.06100504,0.9848645,0.1622353,-0.6381652,-0.1634625,0.7523465,moving,-44.46041,-5.474609,8.486077,2.139516,3.92919897682678,-0.3432742188233907
05/04/2023 16:19:07.687942,3045,True,True,True,True,Eyes,0.7751383,0.1448212,-3.579423,-0.6921525,-0.06934156,0.7184125,0.0,0.0,0.0,0.0,0.0,0.0,0.0,1.822962,0.4513669,3.053334,0.5459034,0.1449381,-3.539881,0.08446384,-0.336991,-0.001779735,0.9377099,9.044739,320.1887,356.5014,0.2360921,0.03947562,-0.9709283,0.0,0.0,0.0,-0.5277514,-0.125162,-1.763376,0.3087001,0.07483035,2.069,0.7728679,-0.06026485,0.6316989,-0.05358936,0.9857254,0.1596047,-0.6323001,-0.1572057,0.7586058,moving,-43.93347,-5.513141,8.486075,2.071337,3.9483841858645548,-0.34030947789054145
05/04/2023 16:19:07.703491,3046,True,True,True,True,Eyes,0.7647752,0.1449327,-3.577543,-0.685383,-0.07037733,0.7247739,0.0,0.0,0.0,0.0,0.0,0.0,0.0,1.804267,0.436711,3.063283,0.5354552,0.1469554,-3.538571,0.08251017,-0.3330135,-0.002772848,0.939301,8.809924,320.6888,356.5096,0.2336378,0.03948039,-0.9715217,0.0,0.0,0.0,-0.5232213,-0.1173055,-1.752336,0.3087,0.0721772,2.069,0.7781886,-0.06016309,0.6251424,-0.04974493,0.9863688,0.1568506,-0.6260575,-0.153157,0.7645881,moving,-43.39993,-5.546174,8.486073,1.997957,3.967733453708303,-0.33742004006463727
05/04/2023 16:19:07.713115,3047,True,True,True,True,Eyes,0.7544249,0.1451081,-3.575667,-0.6784958,-0.07130832,0.7311352,0.0,0.0,0.0,0.0,0.0,0.0,0.0,1.77974,0.4257536,3.075817,0.5253419,0.1490069,-3.537118,0.081176,-0.3281827,-0.003271454,0.9411142,8.664278,321.2897,356.553,0.2311692,0.03949206,-0.9721115,0.0,0.0,0.0,-0.5148796,-0.1125927,-1.739795,0.3087001,0.06934795,2.069,0.7845709,-0.05943874,0.6171836,-0.0471235,0.9867995,0.1549391,-0.6182458,-0.1506445,0.7714132,moving,-42.86142,-5.570495,8.486076,1.919699,3.9871480020240364,-0.3346732307970086
05/04/2023 16:19:07.733191,3048,True,True,True,True,Eyes,0.7440914,0.1453199,-3.573799,-0.6714181,-0.07237998,0.7375357,0.0,0.0,0.0,0.0,0.0,0.0,0.0,1.751742,0.416657,3.089561,0.5152423,0.1507095,-3.53545,0.08019162,-0.3228218,-0.003061486,0.9430515,8.5848,321.9557,356.6634,0.2286869,0.03951167,-0.9726976,0.0,0.0,0.0,-0.5042543,-0.1100042,-1.72626,0.3087,0.06675752,2.069,0.7915535,-0.05754947,0.608384,-0.04600092,0.9871199,0.1532263,-0.609366,-0.149273,0.7787108,moving,-42.31327,-5.604923,8.486073,1.848042,4.0070333646250145,-0.3316954520176759
05/04/2023 16:19:07.753137,3049,True,True,True,True,Eyes,0.7337845,0.1455569,-3.57192,-0.6642061,-0.07340945,0.7439364,0.0,0.0,0.0,0.0,0.0,0.0,0.0,1.721248,0.4108796,3.103946,0.5054003,0.1518104,-3.533769,0.07969394,-0.3171045,-0.002282538,0.9450336,8.57937,322.6632,356.8197,0.2261922,0.03953941,-0.9732795,0.0,0.0,0.0,-0.4917529,-0.110509,-1.712496,0.3087002,0.06408153,2.069,0.7988791,-0.05485675,0.5989849,-0.04622845,0.9872874,0.1520745,-0.5997125,-0.1491793,0.7861873,moving,-41.75932,-5.635535,8.48608,1.774011,4.027075855337309,-0.32876474232727787
05/04/2023 16:19:07.763264,3050,True,True,True,True,Eyes,0.7235218,0.1457673,-3.570021,-0.6568239,-0.07469148,0.7503356,0.0,0.0,0.0,0.0,0.0,0.0,0.0,1.690432,0.4067628,3.117535,0.4956702,0.1526662,-3.531719,0.07941481,-0.3113895,-0.001427923,0.9469572,8.598853,323.3676,356.976,0.2236866,0.03957514,-0.973857,0.0,0.0,0.0,-0.4790191,-0.1121465,-1.698776,0.3086999,0.06141233,2.069,0.8060691,-0.05216224,0.5895182,-0.04675351,0.9873825,0.1512941,-0.5899719,-0.1495156,0.7934598,moving,-41.19805,-5.68473,8.486072,1.700162,4.047614885215818,-0.3254536033620776
05/04/2023 16:19:07.783319,3051,True,True,True,True,Eyes,0.7132986,0.1459459,-3.568096,-0.6492972,-0.07597335,0.7567306,0.0,0.0,0.0,0.0,0.0,0.0,0.0,1.656608,0.404285,3.131873,0.4861353,0.1525127,-3.529425,0.07926622,-0.3052652,-0.0003112547,0.9489626,8.641491,324.1212,357.16,0.2211714,0.03961735,-0.9744297,0.0,0.0,0.0,-0.4643275,-0.1154391,-1.684341,0.3087002,0.05877855,2.069,0.8136262,-0.04898517,0.5793211,-0.0478037,0.9874336,0.1506314,-0.5794198,-0.1502513,0.8010601,moving,-40.63057,-5.733104,8.486079,1.627287,4.068363761430139,-0.3221314930121586
05/04/2023 16:19:07.803247,3052,True,True,True,True,Eyes,0.7031243,0.1461013,-3.566143,-0.6416637,-0.07744099,0.7630666,0.0,0.0,0.0,0.0,0.0,0.0,0.0,1.622975,0.4073673,3.145012,0.4768865,0.151743,-3.52713,0.07982361,-0.2992167,0.0008464314,0.9508402,8.760558,324.8587,357.3231,0.2186481,0.03966453,-0.974997,0.0,0.0,0.0,-0.4494701,-0.1222679,-1.670795,0.3087001,0.05607335,2.069,0.8209373,-0.04615947,0.5691496,-0.04937875,0.987255,0.1512925,-0.5688793,-0.1523055,0.8081952,moving,-40.06052,-5.79491,8.486075,1.552431,4.08937501035177,-0.31854597323059897
05/04/2023 16:19:07.813070,3053,True,True,True,True,Eyes,0.6930032,0.1462548,-3.564149,-0.6338629,-0.0788653,0.7694141,0.0,0.0,0.0,0.0,0.0,0.0,0.0,1.588939,0.4108127,3.157657,0.4678017,0.1513145,-3.524565,0.08035133,-0.2931779,0.001249774,0.9526747,8.848954,325.5885,357.4052,0.2161185,0.03971555,-0.9755588,0.0,0.0,0.0,-0.4345487,-0.1281002,-1.657322,0.3086999,0.0533582,2.069,0.8280903,-0.04473321,0.5588071,-0.04949572,0.9870842,0.1523645,-0.5584054,-0.1538301,0.8151807,moving,-39.48256,-5.852406,8.48607,1.477294,4.110611946973402,-0.31500783695847745
05/04/2023 16:19:07.832969,3054,True,True,True,True,Eyes,0.6829377,0.146419,-3.562098,-0.6259726,-0.08036292,0.7756933,0.0,0.0,0.0,0.0,0.0,0.0,0.0,1.5517,0.4138407,3.171045,0.4588761,0.1514084,-3.521516,0.0807149,-0.2867579,0.0005531031,0.9545967,8.883018,326.3559,357.3758,0.213584,0.03977,-0.9761145,0.0,0.0,0.0,-0.4181396,-0.1319454,-1.642903,0.3087,0.05076167,2.069,0.8355392,-0.04523528,0.5475655,-0.04734725,0.9869696,0.1537831,-0.5473869,-0.1544175,0.8225101,moving,-38.903,-5.914823,8.486075,1.405436,4.131968366941296,-0.31137039739153854
05/04/2023 16:19:07.852861,3055,True,True,True,True,Eyes,0.6729481,0.1465925,-3.559978,-0.6179047,-0.0817439,0.7819922,0.0,0.0,0.0,0.0,0.0,0.0,0.0,1.512576,0.4148045,3.185104,0.450254,0.1517733,-3.51839,0.08065508,-0.2801368,-0.00122147,0.9565651,8.836729,327.1409,357.2432,0.2110461,0.03982787,-0.976664,0.0,0.0,0.0,-0.4008228,-0.1332751,-1.62821,0.3086999,0.04808684,2.069,0.8430437,-0.04752574,0.5357412,-0.04285209,0.9869865,0.154988,-0.5361352,-0.1536193,0.8300362,moving,-38.31464,-5.967619,8.486072,1.331405,4.15351435753475,-0.3078763884636681
05/04/2023 16:19:07.865395,3056,True,True,True,True,Eyes,0.663026,0.146768,-3.557794,-0.6098132,-0.08318934,0.7881671,0.0,0.0,0.0,0.0,0.0,0.0,0.0,1.471601,0.4122061,3.199304,0.441949,0.1523271,-3.514619,0.08011658,-0.2733274,-0.003156558,0.9585738,8.735295,327.9492,357.1092,0.2085067,0.03988912,-0.9772068,0.0,0.0,0.0,-0.3824161,-0.1324586,-1.612663,0.3087,0.04540446,2.069,0.8505644,-0.04984768,0.523503,-0.03774451,0.9871427,0.1553208,-0.5245146,-0.1518697,0.837747,moving,-37.7295,-6.025138,8.486073,1.257161,4.1750063101061805,-0.3043072918165638
05/04/2023 16:19:07.883362,3057,True,True,True,True,Eyes,0.653207,0.1469533,-3.555535,-0.6015787,-0.08465519,0.7943152,0.0,0.0,0.0,0.0,0.0,0.0,0.0,1.431701,0.4103115,3.212256,0.4340525,0.1524867,-3.510707,0.07968566,-0.2667313,-0.004832035,0.9604589,8.655434,328.7314,356.997,0.2059676,0.03995352,-0.9777424,0.0,0.0,0.0,-0.3642914,-0.132694,-1.597803,0.3086998,0.04271951,2.069,0.8576621,-0.05179127,0.5115988,-0.03322738,0.9872537,0.1556473,-0.513139,-0.1504919,0.8450091,moving,-37.13865,-6.08341,8.48607,1.182842,4.196710432073351,-0.3006997631025702
05/04/2023 16:19:07.903206,3058,True,True,True,True,Eyes,0.6434982,0.1471639,-3.553194,-0.5934049,-0.08628421,0.800266,0.0,0.0,0.0,0.0,0.0,0.0,0.0,1.394413,0.4178496,3.222546,0.4267372,0.1529364,-3.506892,0.08078177,-0.2605784,-0.0056929,0.9620503,8.769824,329.4533,356.9228,0.2034313,0.04002107,-0.9782706,0.0,0.0,0.0,-0.3470095,-0.139343,-1.585031,0.3086999,0.04007471,2.069,0.864133,-0.05305368,0.5004593,-0.03114625,0.9868838,0.1583991,-0.5022989,-0.1524654,0.8511464,moving,-36.55729,-6.153825,8.486072,1.10963,4.218232648633138,-0.29690433128876537
05/04/2023 16:19:07.923193,3059,True,True,True,True,Eyes,0.6339043,0.1473908,-3.550763,-0.5851066,-0.08804832,0.8061625,0.0,0.0,0.0,0.0,0.0,0.0,0.0,1.357855,0.4272668,3.231308,0.4195311,0.1537921,-3.502573,0.08221176,-0.2545902,-0.006672132,0.9635251,8.91847,330.1505,356.8249,0.2008997,0.04009224,-0.9787907,0.0,0.0,0.0,-0.3302302,-0.1471779,-1.572622,0.3086999,0.037182,2.069,0.8702786,-0.05471814,0.4895111,-0.02900308,0.9863934,0.1618235,-0.4917052,-0.1550288,0.8568501,moving,-35.97186,-6.233087,8.486072,1.029552,4.240012014853923,-0.292925296891047
05/04/2023 16:19:07.933121,3060,True,True,True,True,Eyes,0.6244591,0.1476251,-3.548243,-0.5766177,-0.09016614,0.8120235,0.0,0.0,0.0,0.0,0.0,0.0,0.0,1.321265,0.4450467,3.238417,0.4126783,0.1545571,-3.498137,0.08478277,-0.248691,-0.008114342,0.9648311,9.181716,330.8228,356.6418,0.1983757,0.04016716,-0.9793023,0.0,0.0,0.0,-0.3135064,-0.1591822,-1.561261,0.3087,0.03475872,2.069,0.8761739,-0.05782735,0.4785136,-0.02651148,0.9854921,0.167638,-0.4812654,-0.1595662,0.8619294,moving,-35.37855,-6.336101,8.486073,0.9624652,4.262373668689041,-0.2884662901391387
05/04/2023 16:19:07.952901,3061,True,True,True,True,Eyes,0.6151379,0.1478694,-3.545627,-0.5679722,-0.09242407,0.8178419,0.0,0.0,0.0,0.0,0.0,0.0,0.0,1.282557,0.465202,3.24572,0.4061702,0.1540177,-3.493904,0.0875112,-0.2425289,-0.009654382,0.966141,9.463157,331.5226,356.4485,0.1958618,0.04024575,-0.9798049,0.0,0.0,0.0,-0.295366,-0.1734414,-1.550273,0.3086999,0.03207192,2.069,0.8821731,-0.06110297,0.4669444,-0.02379299,0.9844972,0.1737792,-0.4703239,-0.1644134,0.8670431,moving,-34.77908,-6.447624,8.486072,0.8880805,4.285062310537544,-0.2838211479170089
05/04/2023 16:19:07.963412,3062,True,True,True,True,Eyes,0.6059235,0.1481245,-3.542921,-0.5591162,-0.09492093,0.8236378,0.0,0.0,0.0,0.0,0.0,0.0,0.0,1.240327,0.487075,3.253043,0.3997799,0.1545743,-3.489158,0.0906673,-0.2359033,-0.01127882,0.967472,9.794489,332.2712,356.2412,0.1933605,0.04032799,-0.9802982,0.0,0.0,0.0,-0.2752191,-0.1884501,-1.538869,0.3087,0.02937579,2.069,0.888445,-0.06460132,0.4544144,-0.02095354,0.9833045,0.1807576,-0.4585049,-0.1701147,0.8722582,moving,-34.17013,-6.574104,8.486073,0.8134345,4.308277906071214,-0.2788545506774365
05/04/2023 16:19:07.983050,3063,True,True,True,True,Eyes,0.5968388,0.1483941,-3.540105,-0.5500855,-0.09743558,0.8294047,0.0,0.0,0.0,0.0,0.0,0.0,0.0,1.198568,0.5020253,3.26038,0.393481,0.1559869,-3.48418,0.09302283,-0.2293307,-0.01253566,0.9688122,10.0492,333.022,356.101,0.1908732,0.04041389,-0.9807821,0.0,0.0,0.0,-0.2550765,-0.1994957,-1.5272,0.3086998,0.02668411,2.069,0.8945006,-0.06695538,0.4420245,-0.01837658,0.9823793,0.1859929,-0.446689,-0.1744937,0.8775083,moving,-33.5535,-6.700199,8.48607,0.7389086,4.331761055747535,-0.27386253635977864
05/04/2023 16:19:08.003155,3064,True,True,True,True,Eyes,0.5878425,0.1486741,-3.5372,-0.5408681,-0.09991134,0.8351523,0.0,0.0,0.0,0.0,0.0,0.0,0.0,1.153303,0.5094342,3.269117,0.3873878,0.1566627,-3.478814,0.09424151,-0.2222554,-0.01357519,0.9703282,10.18669,333.8432,356.0245,0.1884019,0.0405036,-0.9812561,0.0,0.0,0.0,-0.2325959,-0.206695,-1.514068,0.3087,0.0240581,2.069,0.9008365,-0.06823616,0.4287627,-0.01554659,0.9818685,0.1889247,-0.4338801,-0.1768561,0.8834421,moving,-32.92823,-6.822014,8.486073,0.666199,4.355496173489745,-0.26891423781338464
05/04/2023 16:19:08.013219,3065,True,True,True,True,Eyes,0.5789771,0.1489549,-3.534175,-0.5314623,-0.1023032,0.8408816,0.0,0.0,0.0,0.0,0.0,0.0,0.0,1.106712,0.5108374,3.278605,0.3815004,0.1571619,-3.473439,0.09455969,-0.2149962,-0.0148453,0.971913,10.21976,334.6907,355.9494,0.1859467,0.04059712,-0.9817206,0.0,0.0,0.0,-0.209201,-0.2104452,-1.50051,0.3087,0.02133423,2.069,0.9071125,-0.06951661,0.4151076,-0.01180326,0.9816762,0.190191,-0.4207227,-0.1774242,0.8896702,moving,-32.29411,-6.93662,8.486074,0.5907773,4.37945337783874,-0.26406381877897556
05/04/2023 16:19:08.033016,3066,True,True,True,True,Eyes,0.5702372,0.149218,-3.531032,-0.5219735,-0.1044924,0.846537,0.0,0.0,0.0,0.0,0.0,0.0,0.0,1.059703,0.5104653,3.287402,0.3756886,0.1574524,-3.467654,0.09460404,-0.2077052,-0.01628919,0.9734698,10.21961,335.5411,355.862,0.1835099,0.0406942,-0.9821749,0.0,0.0,0.0,-0.1856104,-0.213282,-1.48677,0.3087,0.01861596,2.069,0.9131864,-0.07101357,0.4013074,-0.007585431,0.9815694,0.190955,-0.4074715,-0.1774216,0.8958173,moving,-31.65792,-7.036716,8.486073,0.5155085,4.403299081782509,-0.2594773439907192
05/04/2023 16:19:08.054279,3067,True,True,True,True,Eyes,0.5616244,0.1494627,-3.527754,-0.5123131,-0.1065425,0.8521643,0.0,0.0,0.0,0.0,0.0,0.0,0.0,1.011866,0.5039153,3.29669,0.3698013,0.1573004,-3.461859,0.09368419,-0.2002637,-0.01802448,0.9750862,10.10665,336.4134,355.7666,0.1810927,0.04079411,-0.9826193,0.0,0.0,0.0,-0.1615314,-0.212409,-1.47256,0.3086999,0.01608801,2.069,0.9191391,-0.07267392,0.3871716,-0.002372264,0.9817968,0.1899196,-0.393926,-0.175481,0.9022354,moving,-31.01389,-7.12647,8.486073,0.4455083,4.427291109201463,-0.2550519342738461
05/04/2023 16:19:08.062921,3068,True,True,True,True,Eyes,0.5531568,0.1496742,-3.524336,-0.5026593,-0.10842,0.8576589,0.0,0.0,0.0,0.0,0.0,0.0,0.0,0.9657502,0.4995541,3.303964,0.3641849,0.1571826,-3.455585,0.09312417,-0.1931324,-0.01970736,0.9765446,10.03604,337.2448,355.6633,0.1786966,0.04089621,-0.9830537,0.0,0.0,0.0,-0.1383814,-0.2132806,-1.458984,0.3087,0.01332381,2.069,0.924623,-0.07446082,0.3735344,0.002519636,0.9818791,0.1894921,-0.3808753,-0.1742675,0.9080555,moving,-30.37384,-7.204769,8.486074,0.3689646,4.450995939600128,-0.2508587672396604
05/04/2023 16:19:08.083209,3069,True,True,True,True,Eyes,0.5448151,0.1498301,-3.520772,-0.4928417,-0.1101821,0.8631147,0.0,0.0,0.0,0.0,0.0,0.0,0.0,0.9207704,0.4938115,3.310136,0.3586752,0.1565178,-3.448989,0.09228235,-0.1861988,-0.02175175,0.9779268,9.926836,338.0506,355.5219,0.1763234,0.04099949,-0.9834778,0.0,0.0,0.0,-0.116024,-0.2133734,-1.445489,0.3087001,0.01071912,2.069,0.9297137,-0.07690895,0.360163,0.008177501,0.9820216,0.1885911,-0.3681922,-0.1723905,0.913628,moving,-29.72653,-7.274823,8.486077,0.2968366,4.474853244293226,-0.2467897138716546
05/04/2023 16:19:08.102913,3070,True,True,True,True,Eyes,0.5366107,0.1499029,-3.517059,-0.4830929,-0.1118204,0.8683993,0.0,0.0,0.0,0.0,0.0,0.0,0.0,0.8745815,0.4895684,3.315463,0.3532592,0.1553121,-3.442085,0.09161781,-0.179108,-0.02378082,0.9792655,9.841178,338.8722,355.3781,0.1739744,0.04110242,-0.9838918,0.0,0.0,0.0,-0.09288216,-0.2149014,-1.432105,0.3087,0.00806874,2.069,0.9347095,-0.07939444,0.3464311,0.0137565,0.9820813,0.187955,-0.3551461,-0.1709177,0.919053,moving,-29.0873,-7.337383,8.486073,0.2234425,4.49832838236523,-0.2428958804340267
05/04/2023 16:19:08.113160,3071,True,True,True,True,Eyes,0.528523,0.1498839,-3.513204,-0.4732379,-0.1134476,0.8735992,0.0,0.0,0.0,0.0,0.0,0.0,0.0,0.8291166,0.4861112,3.319697,0.3478482,0.1534148,-3.435054,0.09102541,-0.172102,-0.02539972,0.9805357,9.774133,339.6858,355.2771,0.1716509,0.04120288,-0.9842956,0.0,0.0,0.0,-0.0699011,-0.2175814,-1.419134,0.3086998,0.005391628,2.069,0.9394715,-0.08114197,0.3328803,0.01847934,0.9821384,0.18725,-0.3421284,-0.1697646,0.9241905,moving,-28.44487,-7.399157,8.486069,0.1493073,4.521907027957748,-0.23900321568179095
05/04/2023 16:19:08.133277,3072,True,True,True,True,Eyes,0.5205852,0.1497993,-3.509186,-0.4635376,-0.1150098,0.8785816,0.0,0.0,0.0,0.0,0.0,0.0,0.0,0.7880023,0.4887626,3.321342,0.3425225,0.1512174,-3.427967,0.09134665,-0.1657271,-0.02618894,0.9815826,9.825505,340.4245,355.2444,0.169353,0.04129869,-0.9846895,0.0,0.0,0.0,-0.04914685,-0.2243291,-1.407664,0.3086999,0.002792627,2.069,0.9436973,-0.08169045,0.3205651,0.02113599,0.9819399,0.188009,-0.3301343,-0.1706481,0.9283807,moving,-27.81602,-7.457838,8.486072,0.07733477,4.544964477949311,-0.2352264299392745
05/04/2023 16:19:08.153078,3073,True,True,True,True,Eyes,0.5127721,0.1496466,-3.505003,-0.4537488,-0.1164976,0.883482,0.0,0.0,0.0,0.0,0.0,0.0,0.0,0.7508986,0.4899843,3.321331,0.3374376,0.1496122,-3.420369,0.091575,-0.1599567,-0.02669063,0.9825048,9.869637,341.095,355.2406,0.167083,0.04138862,-0.9850734,0.0,0.0,0.0,-0.03053354,-0.2302494,-1.396423,0.3086999,1.382828e-05,2.069,0.947403,-0.0817434,0.309428,0.02315127,0.9818032,0.1884844,-0.3192048,-0.171407,0.9320558,moving,-27.18464,-7.511794,8.486073,0.0003829396,4.568051461539547,-0.23152770326350727
05/04/2023 16:19:08.166216,3074,True,True,True,True,Eyes,0.5050915,0.1494279,-3.500655,-0.4434784,-0.118159,0.8884624,0.0,0.0,0.0,0.0,0.0,0.0,0.0,0.7141834,0.486728,3.320948,0.3324847,0.1478251,-3.412222,0.09117242,-0.1542204,-0.02666474,0.9834597,9.85203,341.7711,355.3094,0.1648411,0.0414715,-0.9854475,0.0,0.0,0.0,-0.01167291,-0.2337261,-1.384406,0.3087,-0.002713948,2.069,0.9510101,-0.08056868,0.298477,0.02432608,0.9819531,0.1875533,-0.3082013,-0.1711043,0.9358073,moving,-26.5262,-7.575468,8.486074,-0.07515598,4.592222305765672,-0.22753125249370237
05/04/2023 16:19:08.183194,3075,True,True,True,True,Eyes,0.4975375,0.1491442,-3.496129,-0.4332117,-0.119706,0.8933074,0.0,0.0,0.0,0.0,0.0,0.0,0.0,0.680804,0.4793507,3.31985,0.3276249,0.1461474,-3.403818,0.09021439,-0.1489248,-0.02593074,0.9843835,9.781282,342.406,355.4648,0.1626287,0.04154634,-0.9858119,0.0,0.0,0.0,0.005782905,-0.2345584,-1.372177,0.3086999,-0.005246341,2.068999,0.954298,-0.0779219,0.2885195,0.02418126,0.9823779,0.1853345,-0.2978768,-0.1698876,0.9393656,moving,-25.87119,-7.632348,8.486073,-0.145284,4.616184871938589,-0.22367709275764208
05/04/2023 16:19:08.203178,3076,True,True,True,True,Eyes,0.4901449,0.1487988,-3.491415,-0.4226963,-0.1213699,0.8981075,0.0,0.0,0.0,0.0,0.0,0.0,0.0,0.6523799,0.4726164,3.317249,0.3232244,0.1442083,-3.395267,0.08929829,-0.1444114,-0.02508075,0.9851611,9.712387,342.9492,355.624,0.1604456,0.0416123,-0.9861668,0.0,0.0,0.0,0.02049619,-0.2359326,-1.360576,0.3087,-0.008016557,2.069,0.9570326,-0.07520853,0.2800577,0.02362576,0.9827935,0.1831903,-0.2890163,-0.1687025,0.9423423,moving,-25.20413,-7.696305,8.486073,-0.2219974,4.6406651324119785,-0.21963867175855184
05/04/2023 16:19:08.212742,3077,True,True,True,True,Eyes,0.4828836,0.148413,-3.486511,-0.4121869,-0.1229752,0.9027619,0.0,0.0,0.0,0.0,0.0,0.0,0.0,0.6196373,0.4697531,3.314253,0.3190813,0.1424543,-3.386264,0.08896874,-0.1393368,-0.02480767,0.9859283,9.701798,343.5477,355.7114,0.1582942,0.04166867,-0.986512,0.0,0.0,0.0,0.03755756,-0.2396433,-1.348883,0.3087001,-0.01085994,2.069,0.9599397,-0.0737104,0.2703379,0.02412393,0.9829383,0.1823468,-0.2791663,-0.1685203,0.9453397,moving,-24.54069,-7.757144,8.486075,-0.300736,4.664977226713895,-0.2156742516038064
05/04/2023 16:19:08.232931,3078,True,True,True,True,Eyes,0.4757925,0.1479728,-3.481422,-0.4015632,-0.1247136,0.9073001,0.0,0.0,0.0,0.0,0.0,0.0,0.0,0.5883895,0.4685223,3.31007,0.3148912,0.1411053,-3.376864,0.08893964,-0.1344778,-0.02461174,0.9866103,9.722592,344.1176,355.7826,0.1561749,0.04171545,-0.9868478,0.0,0.0,0.0,0.05364815,-0.2437641,-1.337291,0.3087001,-0.01331139,2.069,0.96262,-0.07248519,0.2609764,0.02464359,0.982968,0.182117,-0.2697322,-0.168878,0.9480109,moving,-23.87377,-7.826585,8.486077,-0.3686205,4.689522416768359,-0.21153334271936916
05/04/2023 16:19:08.252959,3079,True,True,True,True,Eyes,0.4688347,0.147467,-3.476138,-0.3909605,-0.1264139,0.911685,0.0,0.0,0.0,0.0,0.0,0.0,0.0,0.5580673,0.4684842,3.305395,0.3112402,0.1394401,-3.367527,0.08903603,-0.1298152,-0.02443341,0.9872302,9.756104,344.6633,355.8478,0.154089,0.04175223,-0.987174,0.0,0.0,0.0,0.06944839,-0.2488902,-1.326192,0.3087,-0.01597273,2.069,0.9651021,-0.07135926,0.251964,0.02512635,0.9829512,0.1821418,-0.2606658,-0.1694545,0.9504412,moving,-23.21124,-7.894276,8.486073,-0.4423162,4.713889559425659,-0.20744399418426845
05/04/2023 16:19:08.263281,3080,True,True,True,True,Eyes,0.4620295,0.1468945,-3.470663,-0.3803437,-0.1282542,0.9159091,0.0,0.0,0.0,0.0,0.0,0.0,0.0,0.5273502,0.4700489,3.299675,0.307398,0.1373689,-3.357608,0.08931989,-0.1250848,-0.02449506,0.9878136,9.807292,345.213,355.8834,0.1520373,0.04177831,-0.987491,0.0,0.0,0.0,0.08523537,-0.2552185,-1.314835,0.3087,-0.01864764,2.069,0.9675076,-0.07073823,0.2427451,0.02604799,0.9828439,0.1825907,-0.2514966,-0.1703349,0.9527515,moving,-22.55133,-7.971263,8.486073,-0.5163859,4.738282235259709,-0.20319104783245173
05/04/2023 16:19:08.283123,3081,True,True,True,True,Eyes,0.4553655,0.1462788,-3.465,-0.3697898,-0.130107,0.9199607,0.0,0.0,0.0,0.0,0.0,0.0,0.0,0.4986851,0.4750437,3.29291,0.3039662,0.1352572,-3.347674,0.09010793,-0.1207111,-0.02455693,0.9882846,9.914358,345.7175,355.908,0.1500207,0.04179302,-0.9877988,0.0,0.0,0.0,0.0999185,-0.2636625,-1.304211,0.3087,-0.02136096,2.069,0.9696516,-0.07029251,0.2341682,0.02678441,0.982555,0.1840331,-0.2430193,-0.172176,0.9546188,moving,-21.89828,-8.049765,8.486073,-0.5915174,4.76245085027101,-0.19893879137850326
05/04/2023 16:19:08.303309,3082,True,True,True,True,Eyes,0.2928155,0.129924,-3.318925,-0.09181646,-0.1739641,0.9804623,0.0,0.0,0.0,0.0,0.0,0.0,0.0,0.4716382,0.4809428,3.285357,0.300618,0.1336287,-3.337527,0.09111866,-0.1165606,-0.0243028,0.9886963,10.05025,346.1975,355.9643,0.1480399,0.04179643,-0.9880974,0.0,0.0,0.0,0.1138831,-0.2723793,-1.293776,0.3087,-0.02397722,2.069,0.971646,-0.06929787,0.2260572,0.02681448,0.9822135,0.1858429,-0.234915,-0.1745119,0.956222,moving,-5.349924,-10.06132,8.486073,-0.6639595,5.375170409711994,-0.09076687559343513
05/04/2023 16:19:08.312949,3083,True,True,True,True,Eyes,0.2926973,0.1298844,-3.318507,-0.09149694,-0.1740811,0.9804713,0.0,0.0,0.0,0.0,0.0,0.0,0.0,0.4440737,0.4878191,3.277618,0.2976671,0.1322494,-3.327439,0.09231972,-0.1123661,-0.02403332,0.989077,10.20797,346.6816,356.0212,0.1404551,0.04141505,-0.9892202,-0.4876501,-0.04906449,0.4382236,0.1284218,-0.2818943,-1.283761,0.3087001,-0.02688083,2.069,0.9735925,-0.06828883,0.2178399,0.02679441,0.9817989,0.1880237,-0.2267149,-0.1772216,0.9577019,moving,-5.331364,-10.06786,8.486074,-0.7443554,5.37591221308429,-0.09056502903245914
05/04/2023 16:19:08.332744,3084,True,True,True,True,Eyes,0.2924768,0.1298501,-3.317678,-0.0908099,-0.1743332,0.9804905,0.0,0.0,0.0,0.0,0.0,0.0,0.0,0.4169987,0.4947939,3.269254,0.2946858,0.1311173,-3.317031,0.09357459,-0.108254,-0.02431749,0.9894108,10.36408,347.1503,356.0139,0.1341252,0.04110271,-0.9901114,-0.4583911,-0.04612062,0.4119302,0.1423408,-0.2909843,-1.273619,0.3086999,-0.02932286,2.069,0.9753795,-0.0683796,0.2096644,0.02786031,0.9813049,0.1904323,-0.2187664,-0.1799024,0.9590498,moving,-5.291457,-10.08194,8.486072,-0.811969,5.377507438929363,-0.09013068902655438
05/04/2023 16:19:08.353308,3085,True,True,True,True,Eyes,0.292156,0.1298222,-3.316462,-0.08983847,-0.1745589,0.9805398,0.0,0.0,0.0,0.0,0.0,0.0,0.0,0.3896704,0.5001621,3.260762,0.291941,0.1312863,-3.306375,0.09477797,-0.1041716,-0.02580958,0.9896966,10.49942,347.6031,355.8688,0.1288238,0.04084715,-0.9908256,-0.4308876,-0.04335338,0.3872144,0.1557817,-0.2990648,-1.263498,0.3087,-0.03207907,2.069,0.9769643,-0.07083365,0.2013042,0.03134096,0.980702,0.1929801,-0.2110889,-0.1822256,0.9603308,moving,-5.234906,-10.09423,8.486073,-0.8882787,5.379670324750128,-0.08965922854496211
05/04/2023 16:19:08.373094,3086,True,True,True,True,Eyes,0.2917206,0.1297065,-3.314878,-0.08851641,-0.1746756,0.9806393,0.0,0.0,0.0,0.0,0.0,0.0,0.0,0.3631869,0.4952035,3.253741,0.2891483,0.131396,-3.29592,0.09441323,-0.1001327,-0.02735937,0.9901067,10.45593,348.0601,355.7379,0.1243671,0.04063842,-0.9914035,-0.4050344,-0.04075218,0.3639815,0.1690315,-0.3007308,-1.252369,0.3087,-0.03475672,2.069,0.9784498,-0.07308508,0.1931178,0.03526969,0.9806752,0.1924375,-0.2034502,-0.1814792,0.9621192,moving,-5.157768,-10.09984,8.486073,-0.96241,5.382478429734037,-0.08922580035452654
05/04/2023 16:19:08.382968,3087,True,True,True,True,Eyes,0.2912029,0.1295528,-3.312946,-0.0869737,-0.1748739,0.9807419,0.0,0.0,0.0,0.0,0.0,0.0,0.0,0.3374933,0.488008,3.246643,0.2864375,0.1291305,-3.285426,0.09336691,-0.09616944,-0.02824383,0.9905738,10.34304,348.5195,355.6911,0.1206039,0.04046565,-0.9918754,-0.3807323,-0.03830705,0.3421426,0.1824035,-0.3018534,-1.240705,0.3087001,-0.0374079,2.069,0.9799075,-0.07391328,0.1852518,0.0379971,0.9809698,0.190406,-0.1957999,-0.1795412,0.9640681,moving,-5.067821,-10.11003,8.486075,-1.035806,5.385799330330972,-0.08865182005968114
05/04/2023 16:19:08.402970,3088,True,True,True,True,Eyes,0.2905843,0.1294478,-3.310676,-0.085255,-0.1752338,0.9808286,0.0,0.0,0.0,0.0,0.0,0.0,0.0,0.3151455,0.4930132,3.237501,0.2838837,0.1280874,-3.275179,0.09435558,-0.09271768,-0.02827302,0.9908083,10.47077,348.9148,355.7121,0.1172986,0.04031362,-0.9922779,-0.3578884,-0.03600863,0.321614,0.194059,-0.3099497,-1.231232,0.3087,-0.04011178,2.069,0.9812081,-0.07352314,0.1783955,0.03852941,0.9805953,0.1922194,-0.1890663,-0.1817338,0.9650009,moving,-4.967743,-10.12953,8.486075,-1.110656,5.389598306116156,-0.08785976387715888
05/04/2023 16:19:08.413163,3089,True,True,True,True,Eyes,0.2899028,0.1294204,-3.308075,-0.08341792,-0.175663,0.9809097,0.0,0.0,0.0,0.0,0.0,0.0,0.0,0.2956379,0.5015683,3.227235,0.2813072,0.1287767,-3.264705,0.09614911,-0.08971597,-0.02880269,0.990897,10.68327,349.2473,355.6617,0.11431,0.04017596,-0.9926321,-0.3364151,-0.03384811,0.3023172,0.203494,-0.319713,-1.222478,0.3087,-0.04285622,2.069,0.9822429,-0.07433321,0.1722598,0.03982878,0.9798515,0.1957158,-0.1833372,-0.1853796,0.9654128,moving,-4.860817,-10.15301,8.486073,-1.186626,5.393690953524995,-0.08696377891112617
05/04/2023 16:19:08.433148,3090,True,True,True,True,Eyes,0.2891255,0.1294882,-3.305149,-0.08140296,-0.1760777,0.9810047,0.0,0.0,0.0,0.0,0.0,0.0,0.0,0.2792366,0.5044968,3.217559,0.2791042,0.1306766,-3.254259,0.09725646,-0.08725411,-0.03049731,0.990958,10.80296,349.5085,355.4797,0.1116061,0.04005406,-0.9929447,-0.3162302,-0.03181722,0.2841781,0.2104879,-0.3255131,-1.213351,0.3087,-0.04543874,2.069,0.9829133,-0.07741516,0.1669982,0.04347105,0.9792222,0.1980762,-0.1788624,-0.1874321,0.9658558,moving,-4.743489,-10.17551,8.486073,-1.25811,5.398140139118386,-0.08604198768003782
05/04/2023 16:19:08.453231,3091,True,True,True,True,Eyes,0.2882959,0.1296322,-3.30191,-0.07925607,-0.1763241,0.9811362,0.0,0.0,0.0,0.0,0.0,0.0,0.0,0.2627641,0.4960729,3.209151,0.2765684,0.1332657,-3.243383,0.09673911,-0.08476207,-0.03416386,0.9911053,10.71744,349.7626,355.0887,0.1091564,0.03994965,-0.9932212,-0.2972564,-0.02990819,0.2671275,0.2163416,-0.3245573,-1.202516,0.3087,-0.04810503,2.069,0.9832964,-0.08411957,0.1614063,0.05132034,0.9789487,0.1975489,-0.1746262,-0.1859657,0.9669139,moving,-4.618319,-10.18811,8.486074,-1.331909,5.402741352651305,-0.08527294471113309
05/04/2023 16:19:08.463862,3092,True,True,True,True,Eyes,0.287382,0.1298372,-3.298372,-0.07682791,-0.1764523,0.9813063,0.0,0.0,0.0,0.0,0.0,0.0,0.0,0.2440062,0.477264,3.202586,0.2744386,0.1351719,-3.232691,0.09453126,-0.08186302,-0.03742304,0.9914444,10.44653,350.081,354.7677,0.1069347,0.0398637,-0.9934663,-0.279421,-0.0281137,0.2510998,0.2246586,-0.3174873,-1.190323,0.3087,-0.05087933,2.069,0.9837959,-0.08968295,0.15525,0.0587285,0.9793267,0.1935721,-0.1694005,-0.1813179,0.9687245,moving,-4.476639,-10.19363,8.486073,-1.408692,5.407838048586293,-0.08456678751774888
05/04/2023 16:19:08.483021,3093,True,True,True,True,Eyes,0.286415,0.1300929,-3.29456,-0.0742533,-0.176503,0.9814954,0.0,0.0,0.0,0.0,0.0,0.0,0.0,0.2246206,0.4604745,3.195498,0.2719509,0.1368158,-3.22196,0.0926018,-0.07875044,-0.03981126,0.9917855,10.21905,350.4321,354.5452,0.1049166,0.0397966,-0.9936841,-0.2626557,-0.02642687,0.2360338,0.233955,-0.3114875,-1.178313,0.3087,-0.05344424,2.069,0.9844269,-0.09355332,0.1488339,0.06438359,0.9796799,0.1899525,-0.1635803,-0.1774119,0.9704466,moving,-4.326369,-10.19458,8.486073,-1.479675,5.413181242556548,-0.08391000983716376
05/04/2023 16:19:08.503289,3094,True,True,True,True,Eyes,0.2854081,0.1303802,-3.290485,-0.07140763,-0.1766769,0.9816753,0.0,0.0,0.0,0.0,0.0,0.0,0.0,0.2048015,0.4474551,3.18811,0.2695889,0.1381626,-3.21161,0.09120288,-0.07554147,-0.04138995,0.9921,10.06187,350.799,354.4103,0.1030809,0.0397484,-0.9938781,-0.2468964,-0.02484126,0.2218718,0.2441319,-0.3078993,-1.167207,0.3086999,-0.05610371,2.069,0.9851607,-0.09590514,0.1423396,0.06834675,0.9799378,0.1872181,-0.1574392,-0.1747114,0.971951,moving,-4.160401,-10.20258,8.486073,-1.553271,5.419171205749818,-0.08305396778795088
05/04/2023 16:19:08.512865,3095,True,True,True,True,Eyes,0.2843584,0.1306828,-3.286157,-0.06838179,-0.1768781,0.9818544,0.0,0.0,0.0,0.0,0.0,0.0,0.0,0.1841505,0.440438,3.179792,0.2671534,0.1394665,-3.201273,0.09073491,-0.07218259,-0.04236056,0.9923519,10.01852,351.1826,354.337,0.1014089,0.03971851,-0.9940513,-0.2320826,-0.02335079,0.2085595,0.2550261,-0.3083301,-1.157044,0.3086999,-0.05904707,2.068999,0.9859905,-0.09717213,0.1355739,0.07097422,0.9799455,0.1861973,-0.1509482,-0.1739665,0.9731137,moving,-3.983963,-10.21213,8.486074,-1.634718,5.425552365658684,-0.08212427375947487
05/04/2023 16:19:08.532776,3096,True,True,True,True,Eyes,0.2832144,0.1309689,-3.281597,-0.06495486,-0.1773514,0.9820017,0.0,0.0,0.0,0.0,0.0,0.0,0.0,0.1602034,0.4402817,3.170563,0.2649443,0.1399106,-3.190957,0.09122454,-0.06833699,-0.04239732,0.9925779,10.09613,351.6251,354.3672,0.0998832,0.03970594,-0.9942062,-0.2181576,-0.02194974,0.1960459,0.2685597,-0.3128468,-1.147717,0.3087,-0.06147462,2.069,0.987065,-0.09663329,0.1279242,0.07169726,0.9797611,0.1868895,-0.1433949,-0.1753003,0.9740163,moving,-3.784338,-10.23737,8.486074,-1.701885,5.432956101016734,-0.08080106681168941
05/04/2023 16:19:08.552931,3097,True,True,True,True,Eyes,0.2820293,0.1312442,-3.276814,-0.06130391,-0.1778635,0.9821438,0.0,0.0,0.0,0.0,0.0,0.0,0.0,0.1337223,0.4427051,3.161033,0.2623212,0.1398793,-3.180821,0.09205332,-0.06400272,-0.04193856,0.9928097,10.2192,352.1269,354.4572,0.09848762,0.03970878,-0.9943453,-0.2050682,-0.02063275,0.1842832,0.2839122,-0.3192889,-1.139042,0.3087001,-0.06406459,2.069,0.9882896,-0.09505735,0.1193639,0.07149069,0.9795347,0.1881512,-0.1348062,-0.1774145,0.9748597,moving,-3.571681,-10.26486,8.486075,-1.773542,5.440850846280371,-0.07938015678082178
05/04/2023 16:19:08.562957,3098,True,True,True,True,Eyes,0.2807722,0.1315288,-3.271814,-0.05729299,-0.1785203,0.9822668,0.0,0.0,0.0,0.0,0.0,0.0,0.0,0.104451,0.4446878,3.151471,0.2600008,0.1398034,-3.170691,0.09282473,-0.05923614,-0.04125227,0.9930624,10.33914,352.6819,354.5796,0.09720798,0.03972551,-0.9944705,-0.1927641,-0.01939479,0.1732262,0.301484,-0.3255985,-1.130546,0.3086999,-0.06676021,2.069,0.9895787,-0.09292931,0.1099919,0.07093499,0.9793637,0.1892487,-0.1253088,-0.1794742,0.9757493,moving,-3.338127,-10.30069,8.486073,-1.848116,5.449593245895536,-0.07771362896530812
05/04/2023 16:19:08.583274,3099,True,True,True,True,Eyes,0.2794731,0.1318386,-3.266603,-0.05303144,-0.179098,0.9824009,0.0,0.0,0.0,0.0,0.0,0.0,0.0,0.0748823,0.4430835,3.142106,0.2572717,0.1403049,-3.16052,0.09312361,-0.05430434,-0.04068377,0.9933398,10.40402,353.2584,354.6949,0.09603126,0.03975533,-0.9945837,-0.1811982,-0.0182311,0.1628326,0.3193271,-0.3294075,-1.121796,0.3087,-0.06943676,2.069,0.9907917,-0.09093965,0.1003081,0.0707116,0.9793456,0.1894254,-0.1154625,-0.1805882,0.9767581,moving,-3.089911,-10.33192,8.486073,-1.922156,5.458797175785661,-0.07607122754505777
05/04/2023 16:19:08.603161,3100,True,True,True,True,Eyes,0.2781115,0.1321487,-3.261194,-0.0485427,-0.1797075,0.9825217,0.0,0.0,0.0,0.0,0.0,0.0,0.0,0.04448183,0.4338226,3.133545,0.2548711,0.1412236,-3.150299,0.09228224,-0.0492114,-0.04022231,0.9937024,10.33734,353.8597,354.8082,0.09494618,0.03979802,-0.9946862,-0.1703263,-0.01713723,0.1530626,0.3382542,-0.328168,-1.112169,0.3086998,-0.07210404,2.069,0.9919208,-0.08902068,0.09037935,0.07085534,0.9797323,0.1873609,-0.1052266,-0.1794434,0.9781245,moving,-2.828469,-10.36507,8.486071,-1.995934,5.468494792048862,-0.07433650122289565
05/04/2023 16:19:08.613051,3101,True,True,True,True,Eyes,0.2767125,0.1324467,-3.255599,-0.04384718,-0.1802782,0.9826379,0.0,0.0,0.0,0.0,0.0,0.0,0.0,0.01630631,0.4247994,3.124727,0.2521583,0.1416201,-3.140223,0.09137578,-0.04440315,-0.03998836,0.994022,10.25957,354.4257,354.8918,0.0939418,0.03985263,-0.9947793,-0.1601068,-0.016109,0.1438789,0.3555401,-0.3274088,-1.102823,0.3087,-0.07496917,2.069,0.9928586,-0.08761337,0.08096749,0.07138388,0.9801028,0.1852103,-0.09558336,-0.1781079,0.9793577,moving,-2.554952,-10.39607,8.486073,-2.075176,5.478593386803604,-0.07259084792026224
05/04/2023 16:19:08.633184,3102,True,True,True,True,Eyes,0.2752248,0.132743,-3.249831,-0.0389418,-0.181063,0.9827002,0.0,0.0,0.0,0.0,0.0,0.0,0.0,-0.01253757,0.418308,3.11531,0.249751,0.1415678,-3.130156,0.09079804,-0.039521,-0.03962821,0.9942955,10.21998,354.9991,354.9878,0.09301062,0.03991782,-0.9948643,-0.1505004,-0.01514246,0.1352461,0.3734732,-0.3280344,-1.093928,0.3087,-0.07748252,2.069,0.9937354,-0.08598115,0.07139475,0.07162743,0.9803706,0.1836924,-0.08578741,-0.1774278,0.9803876,moving,-2.269292,-10.43969,8.486073,-2.144683,5.489283623498641,-0.07055634576879796
05/04/2023 16:19:08.663228,3103,True,True,True,True,Eyes,0.2737068,0.1330686,-3.243894,-0.0338234,-0.1819521,0.9827255,0.0,0.0,0.0,0.0,0.0,0.0,0.0,-0.04181676,0.420985,3.10454,0.2469002,0.1417555,-3.120271,0.09171238,-0.03451676,-0.03911333,0.9944183,10.35233,355.5794,355.0945,0.09214249,0.03999278,-0.9949421,-0.1414703,-0.01423391,0.1271314,0.3913146,-0.3345859,-1.086868,0.3087,-0.08016616,2.069,0.9945574,-0.08412124,0.06147384,0.07145879,0.980118,0.185101,-0.07582255,-0.1797008,0.9807948,moving,-1.971226,-10.48955,8.486073,-2.218891,5.50049351622083,-0.06835180185641271
05/04/2023 16:19:08.672818,3104,True,True,True,True,Eyes,0.2721516,0.1334173,-3.237805,-0.02858107,-0.1830826,0.982682,0.0,0.0,0.0,0.0,0.0,0.0,0.0,-0.07187459,0.425412,3.093177,0.2446217,0.1426228,-3.110257,0.09302823,-0.02944973,-0.03852895,0.9944818,10.53059,356.1658,355.2092,0.09132935,0.04007779,-0.9950136,-0.1329821,-0.01337988,0.1195035,0.4099464,-0.3421085,-1.080322,0.3087,-0.08293366,2.069,0.9952965,-0.082112,0.05140587,0.07115337,0.9797226,0.1872991,-0.06574299,-0.1827604,0.9809569,moving,-1.665964,-10.55372,8.486073,-2.295412,5.512141087476056,-0.0658476757806368
05/04/2023 16:19:08.683386,3105,True,True,True,True,Eyes,0.2705746,0.1337743,-3.231566,-0.02309788,-0.1843204,0.9825948,0.0,0.0,0.0,0.0,0.0,0.0,0.0,-0.1028248,0.4340727,3.081291,0.2418734,0.1438178,-3.100671,0.09503534,-0.02411205,-0.03713126,0.9944889,10.79132,356.7894,355.4202,0.09056601,0.04017273,-0.9950795,-0.1250032,-0.01257708,0.1123333,0.4296126,-0.3515003,-1.075139,0.3087,-0.08550096,2.069,0.9960798,-0.07843624,0.04090076,0.06927025,0.9791791,0.1908138,-0.05501589,-0.1872326,0.9807737,moving,-1.346606,-10.62438,8.486073,-2.366389,5.524371456779292,-0.06316162310623105
05/04/2023 16:19:08.707914,3106,True,True,True,True,Eyes,0.2689548,0.1341345,-3.225193,-0.01749795,-0.1857538,0.9824405,0.0,0.0,0.0,0.0,0.0,0.0,0.0,-0.1346239,0.4438893,3.068674,0.2396712,0.1444544,-3.090892,0.09709811,-0.01864585,-0.03466975,0.9944961,11.05986,357.441,355.759,0.08984613,0.04027724,-0.9951406,-0.117503,-0.01182246,0.1055933,0.450956,-0.3616856,-1.070222,0.3086999,-0.08871567,2.069,0.9969007,-0.0725788,0.03035372,0.06533689,0.9787399,0.1944203,-0.04381919,-0.1918345,0.9804485,moving,-1.02037,-10.70674,8.486072,-2.455255,5.536994957266143,-0.06022640070247595
05/04/2023 16:19:08.713069,3107,True,True,True,True,Eyes,0.2281176,0.1433031,-3.062379,0.1285306,-0.2225246,0.9664175,0.0,0.0,0.0,0.0,0.0,0.0,0.0,-0.1662934,0.4563679,3.055489,0.237115,0.1449977,-3.081346,0.09953091,-0.01308372,-0.03168078,0.994444,11.36899,358.1103,356.1625,0.08916555,0.04039051,-0.9951972,-0.1104528,-0.01111311,0.09925768,0.4727089,-0.3720666,-1.066038,0.3087,-0.09093827,2.069,0.9976503,-0.06561399,0.01971561,0.06040505,0.9781798,0.1987848,-0.03232848,-0.1971268,0.9798448,moving,7.575705,-12.96676,8.486073,-2.516688,5.8707605321974095,0.018804290007709945
05/04/2023 16:19:08.732996,3108,True,True,True,True,Eyes,0.2280328,0.1433194,-3.061996,0.1287848,-0.2227315,0.966336,0.0,0.0,0.0,0.0,0.0,0.0,0.0,-0.1981954,0.4688244,3.041682,0.235045,0.1456142,-3.071556,0.1019956,-0.007527193,-0.02900515,0.9943336,11.67725,358.778,356.5333,0.08712553,0.04114797,-0.9953468,-0.2263371,0.01705946,0.5817432,0.4947211,-0.3829464,-1.062075,0.3087,-0.09362334,2.069,0.9982041,-0.05921705,0.00905229,0.05614609,0.9775112,0.2032718,-0.02088587,-0.2023985,0.9790805,moving,7.591149,-12.97947,8.486073,-2.590897,5.871470429864121,0.01910886583917526
05/04/2023 16:19:08.753042,3109,True,True,True,True,Eyes,0.2278718,0.1433496,-3.061233,0.129511,-0.2230771,0.9661592,0.0,0.0,0.0,0.0,0.0,0.0,0.0,-0.2309172,0.4823044,3.027456,0.2325529,0.1461758,-3.062022,0.1046458,-0.001748268,-0.02683457,0.994146,12.00356,359.4674,356.8516,0.08548597,0.04178162,-0.9954626,-0.2127569,0.01603589,0.5468386,0.5169004,-0.3945897,-1.059021,0.3086999,-0.09613073,2.069,0.9985537,-0.05372085,-0.002140182,0.05298906,0.9766583,0.2081602,-0.009092315,-0.2079725,0.9780924,moving,7.634832,-13.00122,8.486073,-2.660187,5.873297373763127,0.01970343424188925
05/04/2023 16:19:08.763180,3110,True,True,True,True,Eyes,0.2276112,0.1434037,-3.06011,0.1304852,-0.2234609,0.9659393,0.0,0.0,0.0,0.0,0.0,0.0,0.0,-0.2659824,0.4921208,3.012901,0.2303705,0.1465715,-3.052204,0.1067592,0.004380676,-0.02554496,0.9939471,12.26595,0.1907965,357.0761,0.08416504,0.04231488,-0.9955526,-0.1999915,0.01507374,0.5140283,0.5402766,-0.4048327,-1.055773,0.3087,-0.0988405,2.069,0.9986566,-0.04984532,-0.01416264,0.05171603,0.9758999,0.2120022,0.003254004,-0.2124498,0.9771666,moving,7.693306,-13.02569,8.486073,-2.735062,5.875683721491769,0.02041201929644343
05/04/2023 16:19:08.783004,3111,True,True,True,True,Eyes,0.2272663,0.1434746,-3.058631,0.1318878,-0.2238328,0.9656627,0.0,0.0,0.0,0.0,0.0,0.0,0.0,-0.3002355,0.4967083,2.998877,0.2276468,0.1472202,-3.042471,0.1081037,0.01049667,-0.02495802,0.9937709,12.4381,0.9074997,357.2216,0.08309627,0.0427672,-0.9956231,-0.187992,0.01416932,0.4831866,0.5626302,-0.4120001,-1.052141,0.3087,-0.1014752,2.069,0.9985338,-0.04733564,-0.02625868,0.05187456,0.9753814,0.2143368,0.01546646,-0.2153846,0.9764068,moving,7.777197,-13.05024,8.486073,-2.807854,5.878972800488742,0.021230176536231993
05/04/2023 16:19:08.803347,3112,True,True,True,True,Eyes,0.2268269,0.1435371,-3.05681,0.1334902,-0.2240669,0.9653882,0.0,0.0,0.0,0.0,0.0,0.0,0.0,-0.3331176,0.4915737,2.98602,0.2250181,0.1477522,-3.032567,0.1078553,0.01643323,-0.0247689,0.9937222,12.42553,1.602911,357.3188,0.08218899,0.04316339,-0.9956813,-0.1767125,0.01331916,0.4541954,0.5841938,-0.4131714,-1.046801,0.3087,-0.1041855,2.069,0.9982329,-0.04568199,-0.03800304,0.05277163,0.9755075,0.2135424,0.02731721,-0.2151705,0.9761943,moving,7.872719,-13.067,8.486073,-2.882723,5.882575221697497,0.02195135746717819
05/04/2023 16:19:08.812851,3113,True,True,True,True,Eyes,0.2262941,0.1435796,-3.054657,0.1355126,-0.2242532,0.9650631,0.0,0.0,0.0,0.0,0.0,0.0,0.0,-0.3648931,0.4864515,2.9728,0.2221297,0.1476513,-3.022611,0.1074666,0.02229215,-0.02422697,0.9936635,12.39508,2.294027,357.4558,0.08136241,0.04352482,-0.9957334,-0.1661097,0.01252001,0.4269437,0.6053735,-0.4144228,-1.041516,0.3087001,-0.107178,2.069,0.9978322,-0.04335558,-0.04950898,0.05293823,0.975728,0.2124911,0.03909462,-0.2146514,0.975908,moving,7.99312,-13.08175,8.486076,-2.965377,5.8870346496080845,0.02274053722682856
05/04/2023 16:19:08.833107,3114,True,True,True,True,Eyes,0.2256531,0.1435909,-3.052178,0.1377716,-0.2243572,0.964719,0.0,0.0,0.0,0.0,0.0,0.0,0.0,-0.3971759,0.4828954,2.958759,0.2192877,0.1474964,-3.012532,0.1072795,0.02829867,-0.02314392,0.9935566,12.3854,3.008751,357.6577,0.08060681,0.04385458,-0.9957804,-0.1561432,0.01176881,0.4013271,0.6275277,-0.4155591,-1.036583,0.3086999,-0.1096006,2.069,0.9973271,-0.03991785,-0.06119839,0.05206132,0.975911,0.2118667,0.05126692,-0.2144865,0.9753805,moving,8.127459,-13.09211,8.486073,-3.032282,5.891932599207981,0.023506459661080448
05/04/2023 16:19:08.853246,3115,True,True,True,True,Eyes,0.2249254,0.1435746,-3.049385,0.1404345,-0.224456,0.9643121,0.0,0.0,0.0,0.0,0.0,0.0,0.0,-0.4305226,0.4793482,2.944079,0.2167539,0.146691,-3.00237,0.1069822,0.03448123,-0.02200766,0.9934192,12.36121,3.744877,357.8675,0.0799116,0.04415567,-0.9958231,-0.1467746,0.01106268,0.3772475,0.6506863,-0.4170185,-1.031941,0.3087,-0.1122479,2.069,0.9966534,-0.03634791,-0.07321749,0.05110342,0.9761409,0.2110387,0.06379978,-0.2140741,0.9747317,moving,8.285836,-13.10302,8.486073,-3.105379,5.897690348073133,0.024384925649204525
05/04/2023 16:19:08.863442,3116,True,True,True,True,Eyes,0.2241429,0.1435156,-3.046299,0.1437078,-0.2248957,0.9637272,0.0,0.0,0.0,0.0,0.0,0.0,0.0,-0.4622557,0.4790814,2.928726,0.2136872,0.145799,-2.992276,0.107139,0.04055208,-0.02031762,0.993209,12.38448,4.474484,358.1419,0.07926901,0.04443042,-0.9958623,-0.1379681,0.01039892,0.3546126,0.6731405,-0.4198464,-1.028046,0.3087,-0.1148608,2.069,0.9958854,-0.03166986,-0.084907,0.0490487,0.9762169,0.2111751,0.07619975,-0.2144708,0.9737535,moving,8.481264,-13.13549,8.486074,-3.177521,5.905037337628051,0.025826190549565087
05/04/2023 16:19:08.883160,3117,True,True,True,True,Eyes,0.2232804,0.143408,-3.042916,0.1473341,-0.2252983,0.9630854,0.0,0.0,0.0,0.0,0.0,0.0,0.0,-0.4921619,0.4798183,2.912979,0.2108981,0.1448556,-2.982018,0.1074105,0.04633358,-0.01835622,0.9929649,12.41616,5.174027,358.4451,0.07867342,0.04468022,-0.9958983,-0.12969,0.009774983,0.3333358,0.6948297,-0.4229521,-1.024142,0.3087,-0.1175615,2.069,0.9950325,-0.02650074,-0.09595854,0.04640758,0.9762521,0.2116087,0.08807193,-0.2150108,0.9726323,moving,8.697753,-13.16665,8.486074,-3.252076,5.91311480564233,0.027332378793294254
05/04/2023 16:19:08.903229,3118,True,True,True,True,Eyes,0.2223403,0.1432382,-3.039255,0.1514614,-0.2260792,0.9622618,0.0,0.0,0.0,0.0,0.0,0.0,0.0,-0.5227492,0.4791482,2.896744,0.2079921,0.1436125,-2.971547,0.1074157,0.05229601,-0.0166029,0.992699,12.41549,5.892505,358.7251,0.07811589,0.04490741,-0.995932,-0.1219086,0.009188483,0.3133357,0.716962,-0.4252889,-1.020187,0.3087001,-0.1202002,2.069,0.9939789,-0.02172854,-0.1073952,0.04419819,0.9763724,0.2115263,0.1002616,-0.2149994,0.971454,moving,8.94505,-13.2216,8.486077,-3.324908,5.9225884556882535,0.02941673932822475
05/04/2023 16:19:08.912849,3119,True,True,True,True,Eyes,0.2213132,0.1430027,-3.035312,0.1558867,-0.2268272,0.9613786,0.0,0.0,0.0,0.0,0.0,0.0,0.0,-0.5525613,0.4788622,2.880374,0.2048473,0.1420065,-2.96126,0.1074451,0.05819407,-0.01519769,0.9923902,12.41691,6.599289,358.9639,0.07759321,0.04511165,-0.9959636,-0.1145941,0.008637174,0.2945355,0.7382853,-0.4283793,-1.01671,0.3086999,-0.1229461,2.069,0.9927649,-0.01765875,-0.1187683,0.04266942,0.9764492,0.211486,0.1122366,-0.2150237,0.970138,moving,9.2103,-13.27556,8.486073,-3.400687,5.932686401127758,0.031558823623751675
05/04/2023 16:19:08.932932,3120,True,True,True,True,Eyes,0.2201905,0.1426929,-3.031107,0.1606352,-0.2279442,0.9603321,0.0,0.0,0.0,0.0,0.0,0.0,0.0,-0.5817549,0.478976,2.863361,0.2017137,0.1402154,-2.950651,0.1075484,0.06402577,-0.01407483,0.9920363,12.42644,7.295058,359.1696,0.07709844,0.04529401,-0.9959938,-0.1077184,0.008118943,0.2768634,0.7590911,-0.4319547,-1.013187,0.3087001,-0.1255346,2.069,0.9914052,-0.01415376,-0.1300592,0.04169722,0.9764705,0.2115814,0.1240043,-0.2151861,0.968668,moving,9.495981,-13.35261,8.486075,-3.472111,5.94380346489251,0.034221801160854604
05/04/2023 16:19:08.953233,3121,True,True,True,True,Eyes,0.218986,0.1423205,-3.026638,0.1656487,-0.2290535,0.9592158,0.0,0.0,0.0,0.0,0.0,0.0,0.0,-0.6097622,0.4807689,2.846049,0.1981664,0.1381818,-2.940166,0.1079875,0.06972487,-0.01371643,0.9916094,12.47864,7.966336,359.2874,0.07662783,0.0454541,-0.9960228,-0.1012553,0.007631807,0.2602516,0.7782992,-0.4378647,-1.010366,0.3087001,-0.1282772,2.069,0.9899006,-0.01214384,-0.1412421,0.04226151,0.9763011,0.2122502,0.1353173,-0.2160757,0.9669542,moving,9.797876,-13.43029,8.486077,-3.547775,5.955503777755674,0.036965559805388515
05/04/2023 16:19:08.963182,3122,True,True,True,True,Eyes,0.2177014,0.1418794,-3.02192,0.1709104,-0.2304129,0.9579663,0.0,0.0,0.0,0.0,0.0,0.0,0.0,-0.6387611,0.4820821,2.828068,0.1949845,0.1362461,-2.929471,0.108396,0.07558431,-0.0134876,0.9911384,12.52759,8.655202,359.3925,0.07617489,0.0455932,-0.9960512,-0.09518001,0.007173898,0.2446365,0.7983415,-0.443632,-1.007773,0.3087001,-0.1310236,2.069,0.9882102,-0.01035009,-0.152753,0.04312223,0.9761368,0.212832,0.146905,-0.2169097,0.9650747,moving,10.11568,-13.52406,8.486076,-3.623532,5.967973564746717,0.0400794054774436
05/04/2023 16:19:08.982989,3123,True,True,True,True,Eyes,0.2163223,0.14138,-3.016951,0.1763979,-0.2316904,0.9566625,0.0,0.0,0.0,0.0,0.0,0.0,0.0,-0.6677938,0.4804985,2.810094,0.1912647,0.1342383,-2.918707,0.1084349,0.08154447,-0.01421533,0.9906514,12.54232,9.343669,359.3848,0.07573596,0.04571142,-0.9960792,-0.08946921,0.006743464,0.2299583,0.8175066,-0.4487142,-1.005099,0.3086998,-0.1336077,2.069,0.9862968,-0.01048035,-0.1646472,0.0458494,0.9760796,0.2125239,0.1584814,-0.2171606,0.9631848,moving,10.44736,-13.61411,8.486069,-3.694801,5.980888213355703,0.04318232424932811
05/04/2023 16:19:09.003107,3124,True,True,True,True,Eyes,0.1794017,0.1274115,-2.886586,0.3158079,-0.264349,0.9112546,0.0,0.0,0.0,0.0,0.0,0.0,0.0,-0.6962581,0.4730915,2.792664,0.1873465,0.1323513,-2.907739,0.1076293,0.08745436,-0.01586076,0.9902102,12.46982,10.01373,359.2614,0.07530644,0.04580937,-0.9961064,-0.08410106,0.006338856,0.2161608,0.8356006,-0.4513658,-1.001519,0.3086998,-0.1363089,2.069,0.9842004,-0.01258568,-0.1766105,0.05023626,0.9763288,0.210377,0.1697822,-0.2159254,0.9615353,moving,19.11447,-16.1771,8.486068,-3.769289,6.321035380712317,0.12820999147071732
05/04/2023 16:19:09.013093,3125,True,True,True,True,Eyes,0.1792491,0.1273788,-2.886132,0.3162471,-0.2642964,0.9111176,0.0,0.0,0.0,0.0,0.0,0.0,0.0,-0.7238841,0.4676208,2.77469,0.1834852,0.1303871,-2.896708,0.1070656,0.09329946,-0.01691805,0.98972,12.42062,10.68429,359.2074,0.07348674,0.04560052,-0.9962519,-0.189817,-0.03594688,0.5942866,0.85381,-0.4545546,-0.9983158,0.3086999,-0.1390235,2.069,0.9820179,-0.01350995,-0.1883034,0.05346659,0.9765015,0.208773,0.181058,-0.2150868,0.9596643,moving,19.14178,-16.17635,8.486071,-3.844131,6.321994690634558,0.12831201077527532
05/04/2023 16:19:09.033047,3126,True,True,True,True,Eyes,0.1789647,0.1273013,-2.885252,0.3170355,-0.2643643,0.9108238,0.0,0.0,0.0,0.0,0.0,0.0,0.0,-0.7517104,0.4597282,2.756539,0.1796325,0.1293984,-2.885466,0.1062726,0.09924428,-0.01806284,0.989207,12.34728,11.3654,359.1412,0.07202214,0.04542279,-0.9963672,-0.178428,-0.03379007,0.5586294,0.8723022,-0.4558182,-0.9950099,0.3086998,-0.1415587,2.069,0.9796486,-0.01464187,-0.2001854,0.05682966,0.9767597,0.206666,0.1925071,-0.2138365,0.9577134,moving,19.19176,-16.18524,8.486069,-3.914016,6.323881124271211,0.12869162252794486
05/04/2023 16:19:09.052978,3127,True,True,True,True,Eyes,0.1785315,0.127187,-2.883948,0.3182646,-0.2643767,0.9103914,0.0,0.0,0.0,0.0,0.0,0.0,0.0,-0.7807413,0.451281,2.737797,0.1755307,0.1284148,-2.874272,0.1052993,0.1055439,-0.01864728,0.9886481,12.24803,12.09503,359.1414,0.07083694,0.04526998,-0.9964591,-0.1677223,-0.03176266,0.5251116,0.892269,-0.4560176,-0.9923585,0.3087,-0.1442857,2.069,0.9770255,-0.01464379,-0.2126186,0.05909859,0.9771287,0.2042717,0.2047644,-0.2121441,0.9555451,moving,19.26916,-16.19324,8.486074,-3.989174,6.326728985898622,0.12917108969498692
05/04/2023 16:19:09.063123,3128,True,True,True,True,Eyes,0.1779351,0.1270205,-2.882243,0.3198615,-0.2645241,0.9097888,0.0,0.0,0.0,0.0,0.0,0.0,0.0,-0.8093823,0.4442658,2.718256,0.1713956,0.1274105,-2.862827,0.104533,0.1118686,-0.01893928,0.9880282,12.16927,12.83179,359.1772,0.06987043,0.04513729,-0.9965335,-0.157659,-0.0298569,0.4936049,0.9123932,-0.4566362,-0.99001,0.3087,-0.1468824,2.069,0.9742534,-0.01403716,-0.2250182,0.06081301,0.9774283,0.2023257,0.217099,-0.2108006,0.9531165,moving,19.37054,-16.21197,8.486074,-4.060728,6.330564338329995,0.129954207997577
05/04/2023 16:19:09.083033,3129,True,True,True,True,Eyes,0.1772004,0.1268003,-2.880151,0.3218392,-0.2646995,0.9090401,0.0,0.0,0.0,0.0,0.0,0.0,0.0,-0.8363186,0.4392841,2.69868,0.1670124,0.126017,-2.851578,0.1039996,0.1179947,-0.01899985,0.9873705,12.11392,13.54882,359.2395,0.06904054,0.04501824,-0.9965968,-0.1481995,-0.02806549,0.4639886,0.9315335,-0.4583511,-0.9881321,0.3087,-0.1495121,2.069,0.9714324,-0.01297698,-0.2369609,0.0620626,0.9776462,0.2008885,0.229057,-0.2098561,0.9505227,moving,19.49615,-16.2348,8.486073,-4.133178,6.335311548079959,0.13091741580633642
05/04/2023 16:19:09.103401,3130,True,True,True,True,Eyes,0.1763131,0.1265302,-2.877691,0.3241435,-0.2651656,0.9080849,0.0,0.0,0.0,0.0,0.0,0.0,0.0,-0.8619649,0.4405186,2.678043,0.1628349,0.1245273,-2.840234,0.1045062,0.1239211,-0.01875716,0.9865953,12.17272,14.24883,359.3488,0.0682718,0.04490658,-0.9966547,-0.1393075,-0.02638156,0.4361493,0.9500604,-0.4639587,-0.9873481,0.3087,-0.1522202,2.069,0.9685835,-0.01111042,-0.2484405,0.06291249,0.9774532,0.2015617,0.2405995,-0.2108594,0.947444,moving,19.64417,-16.27808,8.486074,-4.207777,6.341114436451786,0.13236030693294698
05/04/2023 16:19:09.112955,3131,True,True,True,True,Eyes,0.1753056,0.1263124,-2.874878,0.3267755,-0.2658898,0.9069291,0.0,0.0,0.0,0.0,0.0,0.0,0.0,-0.8865248,0.4516303,2.655965,0.1585649,0.1231593,-2.829087,0.1067193,0.12973,-0.01802156,0.9856249,12.41825,14.94656,359.5403,0.06755406,0.04480048,-0.9967085,-0.1309491,-0.02479867,0.4099803,0.9680272,-0.47549,-0.9888563,0.3086999,-0.1549292,2.069,0.9656907,-0.007835592,-0.2595767,0.0632144,0.9765725,0.2056946,0.2518838,-0.2150463,0.9435622,moving,19.81459,-16.33987,8.486071,-4.282385,6.347947922408702,0.1342463725406936
05/04/2023 16:19:09.133204,3132,True,True,True,True,Eyes,0.1741683,0.1261519,-2.871731,0.3296883,-0.2668058,0.905605,0.0,0.0,0.0,0.0,0.0,0.0,0.0,-0.9112703,0.4672593,2.63261,0.154553,0.1242735,-2.817809,0.1103851,0.1355353,-0.0181252,0.9844373,12.84109,15.64004,359.6613,0.06688034,0.04470195,-0.9967583,-0.1230921,-0.02331075,0.3853815,0.985208,-0.4909646,-0.9923286,0.3086998,-0.1575718,2.069,0.9626033,-0.005764096,-0.2708535,0.0656084,0.9749732,0.2124213,0.2628504,-0.2222477,0.9388906,moving,20.00419,-16.41582,8.486069,-4.35515,6.355642328008888,0.13648015451983764
05/04/2023 16:19:09.153525,3133,True,True,True,True,Eyes,0.1729265,0.1259982,-2.868245,0.3329662,-0.2677801,0.9041169,0.0,0.0,0.0,0.0,0.0,0.0,0.0,-0.938493,0.4666752,2.611114,0.1506175,0.1255475,-2.806782,0.1113887,0.1417905,-0.01936366,0.983419,12.97787,16.36542,359.618,0.06624047,0.04461246,-0.996805,-0.1157066,-0.0219121,0.3622586,1.003591,-0.497156,-0.9939442,0.3087,-0.1601468,2.069,0.9590411,-0.006497459,-0.2831928,0.0696729,0.9744352,0.2135923,0.2745652,-0.2245747,0.934976,moving,20.21763,-16.49816,8.486073,-4.426041,6.3642639422039515,0.13893541309026952
05/04/2023 16:19:09.166718,3134,True,True,True,True,Eyes,0.1715818,0.1259167,-2.864449,0.3365462,-0.2687502,0.9025021,0.0,0.0,0.0,0.0,0.0,0.0,0.0,-0.9687475,0.4650288,2.587619,0.1467255,0.1255652,-2.79521,0.1121374,0.1486782,-0.02105584,0.9822815,13.09475,17.15977,359.5282,0.06562871,0.04453197,-0.9968491,-0.1087642,-0.02059737,0.3405231,1.023891,-0.5043428,-0.9962125,0.3087,-0.1629169,2.069,0.9549029,-0.008020755,-0.2968099,0.07471029,0.9739637,0.2140399,0.2873653,-0.2265621,0.93064,moving,20.45066,-16.58266,8.486073,-4.502286,6.37360807549709,0.14151456641984445
05/04/2023 16:19:09.183310,3135,True,True,True,True,Eyes,0.170153,0.1259345,-2.86035,0.3404426,-0.2696966,0.9007567,0.0,0.0,0.0,0.0,0.0,0.0,0.0,-0.9974971,0.4569288,2.565869,0.1428514,0.1272357,-2.784039,0.1119823,0.1553515,-0.02270903,0.9812289,13.10971,17.92711,359.4251,0.06504122,0.0444628,-0.9968907,-0.1022383,-0.01936153,0.3200917,1.043449,-0.5062969,-0.9976951,0.3086998,-0.1655557,2.069,0.9507005,-0.009772289,-0.3099567,0.07935877,0.9738885,0.2127049,0.2997847,-0.2268164,0.9266518,moving,20.70418,-16.66829,8.486071,-4.574905,6.3836935290656935,0.14420208015983582
05/04/2023 16:19:09.203072,3136,True,True,True,True,Eyes,0.1686331,0.1261041,-2.855955,0.3445507,-0.2705483,0.8989374,0.0,0.0,0.0,0.0,0.0,0.0,0.0,-1.025645,0.446791,2.544141,0.1392661,0.1296245,-2.772729,0.1116099,0.1619476,-0.02440862,0.9801635,13.10273,18.68484,359.3118,0.06447062,0.04440744,-0.9969302,-0.09610403,-0.01819984,0.3008862,1.062849,-0.5068429,-0.9989606,0.3086999,-0.1682095,2.069,0.9463544,-0.01169897,-0.3229187,0.08399878,0.9738949,0.2108861,0.3120217,-0.2266977,0.9226325,moving,20.97116,-16.74993,8.486073,-4.647921,6.394205644654453,0.14687182303471746
05/04/2023 16:19:09.213012,3137,True,True,True,True,Eyes,0.167055,0.1263856,-2.851284,0.3489859,-0.2712361,0.8970172,0.0,0.0,0.0,0.0,0.0,0.0,0.0,-1.054931,0.4287191,2.522962,0.1359438,0.1333903,-2.761475,0.1101839,0.168775,-0.02678087,0.9791105,12.99137,19.45848,359.1032,0.06391318,0.04437034,-0.9969678,-0.09033779,-0.01710785,0.282833,1.082888,-0.5029359,-0.9997576,0.3087,-0.170893,2.069,0.9415956,-0.01525027,-0.3364004,0.08963543,0.9742845,0.2067246,0.3245971,-0.2248043,0.918749,moving,21.2586,-16.82404,8.486073,-4.721735,6.405347640188895,0.14948701612704418
05/04/2023 16:19:09.232873,3138,True,True,True,True,Eyes,0.1654081,0.1267148,-2.846345,0.3536857,-0.2718056,0.8950018,0.0,0.0,0.0,0.0,0.0,0.0,0.0,-1.086026,0.4027723,2.501699,0.1328137,0.1362793,-2.750266,0.1073279,0.1759976,-0.02990937,0.978065,12.73695,20.2659,358.7823,0.06336539,0.04435404,-0.9970034,-0.08491752,-0.01608138,0.265863,1.104144,-0.4955511,-0.9999825,0.3087003,-0.1735781,2.069,0.9362606,-0.02072773,-0.3506944,0.09628551,0.9751723,0.1994193,0.3378539,-0.2204752,0.9150112,moving,21.56288,-16.89316,8.486083,-4.795581,6.417023463535484,0.1520800124225523
05/04/2023 16:19:09.253024,3139,True,True,True,True,Eyes,0.163724,0.127075,-2.841159,0.3587508,-0.2722698,0.8928421,0.0,0.0,0.0,0.0,0.0,0.0,0.0,-1.118881,0.3803125,2.478325,0.1298219,0.1376614,-2.739128,0.1047885,0.18366,-0.03263344,0.9768437,12.51592,21.13354,358.517,0.06282496,0.04435865,-0.9970375,-0.07982247,-0.0151165,0.2499112,1.127246,-0.4905924,-1.002007,0.3086998,-0.176328,2.069,0.9304081,-0.02526463,-0.3656534,0.1022464,0.9759089,0.192737,0.351975,-0.2167108,0.9105768,moving,21.89064,-16.95894,8.48607,-4.871193,6.429489710146897,0.15471005915052094
05/04/2023 16:19:09.263373,3140,True,True,True,True,Eyes,0.161995,0.1274454,-2.835745,0.3640142,-0.2727951,0.8905484,0.0,0.0,0.0,0.0,0.0,0.0,0.0,-1.152086,0.3633155,2.453297,0.1270626,0.1387243,-2.728109,0.1029612,0.1914936,-0.03420609,0.9754791,12.35531,22.03933,358.3984,0.06229163,0.04438355,-0.9970698,-0.07503313,-0.01420951,0.2349166,1.151796,-0.4871666,-1.005824,0.3086998,-0.1789649,2.069,0.9243203,-0.02730182,-0.3806397,0.1061675,0.9764578,0.1877725,0.3665521,-0.2139735,0.9054584,moving,22.23243,-17.03101,8.486069,-4.943681,6.442533864243263,0.15751799244294806
05/04/2023 16:19:09.283328,3141,True,True,True,True,Eyes,0.1602595,0.1278026,-2.830117,0.3696705,-0.2732819,0.8880657,0.0,0.0,0.0,0.0,0.0,0.0,0.0,-1.184377,0.3545191,2.427178,0.1245572,0.1393295,-2.71748,0.1021898,0.1992216,-0.03416276,0.9740129,12.27947,22.95635,358.485,0.0617606,0.04442763,-0.9971009,-0.07053114,-0.01335694,0.2208216,1.177059,-0.4860913,-1.011569,0.3087,-0.1816279,2.069,0.9182873,-0.02583308,-0.3950709,0.1072667,0.9767803,0.1854565,0.3811066,-0.2126803,0.899736,moving,22.60025,-17.10455,8.486073,-5.01687,6.456520213078107,0.16046423221338357
05/04/2023 16:19:09.302964,3142,True,True,True,True,Eyes,0.1585417,0.1281579,-2.824294,0.3754597,-0.2738561,0.8854563,0.0,0.0,0.0,0.0,0.0,0.0,0.0,-1.217173,0.3512514,2.399181,0.122473,0.1395051,-2.70675,0.1021169,0.2071154,-0.03298143,0.9724133,12.25492,23.91014,358.7192,0.06123344,0.04448881,-0.9971308,-0.06629927,-0.01255552,0.2075723,1.20386,-0.4864866,-1.018921,0.3086997,-0.1843249,2.069,0.9120309,-0.02184321,-0.4095394,0.1064431,0.9769687,0.1849377,0.3960676,-0.2122615,0.8933507,moving,22.97839,-17.18592,8.486066,-5.090978,6.470972478860338,0.16360153179911285
05/04/2023 16:19:09.312991,3143,True,True,True,True,Eyes,0.1568403,0.1285197,-2.818275,0.3815887,-0.2743612,0.8826755,0.0,0.0,0.0,0.0,0.0,0.0,0.0,-1.250498,0.3502247,2.370062,0.1207109,0.1397645,-2.696199,0.1023596,0.2151654,-0.03132389,0.9706932,12.25127,24.8909,359.0171,0.06071055,0.0445657,-0.9971594,-0.06232131,-0.01180219,0.195118,1.231601,-0.4872078,-1.027706,0.3086997,-0.1870438,2.069,0.9054453,-0.01676327,-0.4241317,0.1048603,0.9770827,0.18524,0.4113065,-0.2121992,0.8864527,moving,23.37927,-17.26677,8.486065,-5.165668,6.486224857448835,0.16682574321450383
05/04/2023 16:19:09.332949,3144,True,True,True,True,Eyes,0.1147537,0.1379452,-2.662874,0.5386487,-0.2863147,0.7923898,0.0,0.0,0.0,0.0,0.0,0.0,0.0,-1.282886,0.3418739,2.341635,0.1192621,0.1402482,-2.685523,0.101646,0.2230368,-0.03125064,0.9689924,12.17677,25.82929,359.1078,0.06019005,0.0446577,-0.9971869,-0.05858203,-0.01109406,0.1834109,1.257712,-0.4863497,-1.035256,0.3087001,-0.1897801,2.069,0.8985559,-0.01522167,-0.438595,0.1059049,0.977383,0.1830484,0.425889,-0.2109285,0.8798453,moving,34.20698,-19.86634,8.486075,-5.240821,6.903489242488666,0.26172748199919116
05/04/2023 16:19:09.353019,3145,True,True,True,True,Eyes,0.1147242,0.1379604,-2.662441,0.539172,-0.2861897,0.792079,0.0,0.0,0.0,0.0,0.0,0.0,0.0,-1.315755,0.3273131,2.313032,0.1180421,0.1409249,-2.674821,0.1000476,0.2310592,-0.03216692,0.9672474,12.02899,26.77171,359.063,0.05774355,0.04560436,-0.9972887,-0.1813268,0.01784819,0.638607,1.283766,-0.483338,-1.042506,0.3087002,-0.1923823,2.069,0.8911539,-0.01599292,-0.4534192,0.1084606,0.9779115,0.1786767,0.4405463,-0.2084065,0.8732042,moving,34.24331,-19.86553,8.486079,-5.312273,6.904767787637156,0.261866724864131
05/04/2023 16:19:09.362949,3146,True,True,True,True,Eyes,0.114641,0.1379796,-2.661575,0.5405149,-0.2861853,0.7911648,0.0,0.0,0.0,0.0,0.0,0.0,0.0,-1.347471,0.3097387,2.284476,0.1170687,0.1413509,-2.663974,0.09780779,0.2389467,-0.03308721,0.9655275,11.81102,27.69646,358.996,0.05577056,0.04638088,-0.9973652,-0.1704472,0.0167773,0.6002906,1.309543,-0.4783719,-1.049022,0.3086999,-0.1950961,2.069,0.8836194,-0.01715153,-0.4678916,0.1106349,0.9786777,0.1730601,0.4549469,-0.2046844,0.8666763,moving,34.34045,-19.88641,8.48607,-5.38677,6.908480121627665,0.26267222916838573
05/04/2023 16:19:09.383124,3147,True,True,True,True,Eyes,0.1145509,0.1379918,-2.660316,0.5422851,-0.2861817,0.7899537,0.0,0.0,0.0,0.0,0.0,0.0,0.0,-1.378566,0.2948869,2.255259,0.1164483,0.1414429,-2.653305,0.09596012,0.2467421,-0.03379501,0.963726,11.63263,28.61585,358.9597,0.0541751,0.04702119,-0.9974231,-0.1602204,0.01577066,0.5642732,1.335174,-0.4748726,-1.056428,0.3087,-0.1977345,2.069,0.8759525,-0.01778346,-0.4820696,0.1124931,0.9792991,0.1682812,0.4690977,-0.2016359,0.8598199,moving,34.46871,-19.91426,8.486074,-5.459184,6.9133853270776005,0.26374106558933896
05/04/2023 16:19:09.403073,3148,True,True,True,True,Eyes,0.1144607,0.1379994,-2.658684,0.5445185,-0.2864545,0.7883169,0.0,0.0,0.0,0.0,0.0,0.0,0.0,-1.406979,0.289614,2.225691,0.116004,0.1412927,-2.642678,0.09579664,0.2540186,-0.03408455,0.9618398,11.63044,29.48701,359.0114,0.05288272,0.04755189,-0.9974673,-0.1506072,0.01482442,0.5304168,1.358763,-0.4772791,-1.06498,0.3086996,-0.2003918,2.069,0.8686257,-0.01689949,-0.4951807,0.114236,0.9793224,0.1669658,0.4821199,-0.2015982,0.8525952,moving,34.63422,-19.96987,8.486065,-5.532095,6.919965855182137,0.26549008887679815
05/04/2023 16:19:09.413112,3149,True,True,True,True,Eyes,0.1143898,0.1380306,-2.656699,0.5470609,-0.2868875,0.7863968,0.0,0.0,0.0,0.0,0.0,0.0,0.0,-1.433971,0.2869316,2.196373,0.1159953,0.1412728,-2.632346,0.09613089,0.2609755,-0.03428505,0.9599351,11.6805,30.32491,359.0845,0.05183391,0.04799446,-0.9975012,-0.1415707,0.01393496,0.4985918,1.381353,-0.4814592,-1.073999,0.3086999,-0.2032591,2.069,0.8614327,-0.01564723,-0.5076306,0.1159984,0.9791668,0.1666637,0.4944472,-0.2024539,0.8453013,moving,34.8246,-20.04261,8.486072,-5.610749,6.927647019564494,0.2676668486735473
05/04/2023 16:19:09.433166,3150,True,True,True,True,Eyes,0.1143413,0.1380947,-2.654376,0.5498002,-0.2876866,0.7841914,0.0,0.0,0.0,0.0,0.0,0.0,0.0,-1.458366,0.2931245,2.166726,0.1162863,0.1417246,-2.621802,0.09833158,0.2673906,-0.03448714,0.9579374,11.93688,31.10962,359.2101,0.05094667,0.04837899,-0.9975283,-0.1330765,0.01309886,0.4686763,1.401585,-0.4916528,-1.083872,0.3087002,-0.2057424,2.069,0.8546258,-0.01348717,-0.5190691,0.1186589,0.978283,0.1699479,0.5055045,-0.206834,0.8376664,moving,35.03447,-20.14594,8.486078,-5.67885,6.936409509933243,0.2705014787881955
05/04/2023 16:19:09.453070,3151,True,True,True,True,Eyes,0.1143343,0.1381632,-2.651732,0.5528191,-0.2886314,0.781718,0.0,0.0,0.0,0.0,0.0,0.0,0.0,-1.480991,0.298938,2.138283,0.1168036,0.1428157,-2.611687,0.1006392,0.2734109,-0.03487586,0.9559821,12.20965,31.84802,359.317,0.05015024,0.04873187,-0.9975515,-0.1250919,0.01231293,0.4405557,1.420285,-0.5020231,-1.093594,0.3087,-0.2083993,2.069,0.8480603,-0.0116497,-0.5297717,0.1217131,0.9773108,0.1733477,0.5157322,-0.2114894,0.8302364,moving,35.26738,-20.26551,8.486073,-5.751697,6.946196370699179,0.2737393351944102
05/04/2023 16:19:09.463710,3152,True,True,True,True,Eyes,0.1143693,0.1382102,-2.648786,0.5559743,-0.2899348,0.7789932,0.0,0.0,0.0,0.0,0.0,0.0,0.0,-1.504301,0.3056985,2.108275,0.1176821,0.1430719,-2.601323,0.1031208,0.279624,-0.03549821,0.9538954,12.50855,32.61118,359.41,0.04943763,0.04905705,-0.9975711,-0.1175864,0.01157415,0.4141223,1.439445,-0.5142574,-1.10416,0.3086999,-0.2111336,2.069,0.8411006,-0.01005305,-0.5407852,0.1253932,0.976212,0.1768806,0.5261428,-0.2165852,0.8223531,moving,35.51578,-20.41485,8.486071,-5.826647,6.956912199287451,0.27760264105403365
05/04/2023 16:19:09.482973,3153,True,True,True,True,Eyes,0.1144541,0.1382551,-2.645556,0.5593133,-0.2915242,0.776004,0.0,0.0,0.0,0.0,0.0,0.0,0.0,-1.527319,0.3175184,2.077377,0.1187157,0.1427198,-2.591246,0.1065285,0.2857856,-0.03605384,0.9516714,12.90691,33.37846,359.5454,0.04880185,0.04935742,-0.9975876,-0.1105312,0.0108797,0.389275,1.458043,-0.5301401,-1.11639,0.3086999,-0.2137315,2.069,0.8340533,-0.007734192,-0.5516295,0.1295114,0.9747036,0.1821529,0.5362664,-0.2233676,0.8139565,moving,35.78259,-20.58988,8.486072,-5.897841,6.9686085860623965,0.2820271196198091
05/04/2023 16:19:09.503183,3154,True,True,True,True,Eyes,0.1146147,0.1382862,-2.642064,0.5627386,-0.2933686,0.7728261,0.0,0.0,0.0,0.0,0.0,0.0,0.0,-1.548593,0.3286051,2.047254,0.1198528,0.1427911,-2.581204,0.1104029,0.2915411,-0.03802922,0.9494045,13.40355,34.08689,359.5385,0.04823872,0.04963541,-0.9976012,-0.1038993,0.01022692,0.3659185,1.47361,-0.5497493,-1.128407,0.3086998,-0.2164118,2.069,0.8271151,-0.007836224,-0.5619779,0.1365842,0.9727299,0.1874599,0.5451837,-0.2318082,0.80563,moving,36.06049,-20.78701,8.48607,-5.971272,6.980980085136488,0.28691416610869935
05/04/2023 16:19:09.513052,3155,True,True,True,True,Eyes,0.1148351,0.1383027,-2.638306,0.5663517,-0.2953868,0.7694104,0.0,0.0,0.0,0.0,0.0,0.0,0.0,-1.571007,0.3346498,2.016495,0.1213795,0.1425826,-2.571233,0.1133523,0.2975779,-0.0402077,0.9470914,13.80628,34.82351,359.4868,0.04774327,0.04989376,-0.9976121,-0.09766535,0.009613306,0.3439634,1.490291,-0.566732,-1.140474,0.3087001,-0.2192259,2.069,0.8196614,-0.008698427,-0.5727823,0.143623,0.9710692,0.1907801,0.5545518,-0.2386398,0.7971973,moving,36.35624,-21.00245,8.486075,-6.048346,6.994218213649046,0.2922212818994494
05/04/2023 16:19:09.532942,3156,True,True,True,True,Eyes,0.1151215,0.1382991,-2.634284,0.5700693,-0.2974014,0.7658809,0.0,0.0,0.0,0.0,0.0,0.0,0.0,-1.593421,0.3360826,1.985622,0.1228798,0.1422804,-2.561112,0.1155855,0.3037302,-0.04288514,0.944748,14.14929,35.56517,359.3608,0.04731153,0.05013442,-0.9976207,-0.09180543,0.009036507,0.3233256,1.506836,-0.5817986,-1.152003,0.3087,-0.2217137,2.069,0.8118178,-0.01081771,-0.5838107,0.1512449,0.9696018,0.1923473,0.5639831,-0.2444493,0.788776,moving,36.66147,-21.22183,8.486072,-6.116465,7.007842878675337,0.29764276537183376
05/04/2023 16:19:09.553089,3157,True,True,True,True,Eyes,0.1154793,0.1382837,-2.630008,0.5739785,-0.2994507,0.7621534,0.0,0.0,0.0,0.0,0.0,0.0,0.0,-1.616165,0.3344519,1.954217,0.1247359,0.1418481,-2.550908,0.1171511,0.310041,-0.04533332,0.942388,14.41325,36.32616,359.2428,0.04694034,0.05035874,-0.9976261,-0.0862971,0.008494317,0.3039261,1.524405,-0.5944211,-1.163377,0.3087003,-0.2243969,2.069,0.8036388,-0.01279987,-0.5949796,0.1580864,0.9684411,0.1926931,0.5737363,-0.2489139,0.7803003,moving,36.98344,-21.44991,8.486083,-6.189918,7.022172309734854,0.303298958773459
05/04/2023 16:19:09.563566,3158,True,True,True,True,Eyes,0.1159022,0.1382447,-2.625482,0.5784672,-0.3012035,0.7580582,0.0,0.0,0.0,0.0,0.0,0.0,0.0,-1.63749,0.3288017,1.923806,0.1266438,0.1415542,-2.540558,0.1177634,0.3161889,-0.04734645,0.9401674,14.55892,37.06667,359.1383,0.04662687,0.05056849,-0.9976297,-0.08111928,0.007984658,0.2856905,1.542141,-0.6027969,-1.173105,0.3086999,-0.2270782,2.069,0.7955657,-0.01455623,-0.6056924,0.1634981,0.9677802,0.1914937,0.5833896,-0.2513754,0.7723128,moving,37.34692,-21.66969,8.486072,-6.263296,7.037868591525463,0.3089756293844823
05/04/2023 16:19:09.584192,3159,True,True,True,True,Eyes,0.1164082,0.1381712,-2.620721,0.5830804,-0.3029555,0.7538137,0.0,0.0,0.0,0.0,0.0,0.0,0.0,-1.656825,0.3223968,1.894599,0.1287879,0.140995,-2.530227,0.1178826,0.3219689,-0.04866259,0.9381214,14.62622,37.76807,359.0884,0.04636831,0.05076475,-0.9976315,-0.07625212,0.007505578,0.2685491,1.559735,-0.6084836,-1.181333,0.3087,-0.2297525,2.069,0.787936,-0.01539374,-0.6155647,0.1672119,0.9674713,0.1898408,0.5926189,-0.2525122,0.7648795,moving,37.72221,-21.89505,8.486073,-6.336459,7.054054973192073,0.31480740160666776
05/04/2023 16:19:09.603116,3160,True,True,True,True,Eyes,0.1310094,0.135304,-2.496047,0.6997625,-0.3364825,0.6301681,0.0,0.0,0.0,0.0,0.0,0.0,0.0,-1.673237,0.3185671,1.866788,0.1309657,0.1400841,-2.519787,0.1181721,0.3271691,-0.04930628,0.9362504,14.68711,38.40902,359.1114,0.0461628,0.05094805,-0.9976315,-0.07167699,0.007055244,0.2524361,1.57605,-0.613961,-1.188155,0.3087001,-0.232462,2.069,0.7810586,-0.01500151,-0.6242775,0.1696505,0.9672085,0.1890144,0.600971,-0.2535404,0.7579916,moving,47.99552,-28.10029,8.486077,-6.410568,7.497607134547717,0.47512796983230987
05/04/2023 16:19:09.612924,3161,True,True,True,True,Eyes,0.1311259,0.1352419,-2.495631,0.700012,-0.3365694,0.6298447,0.0,0.0,0.0,0.0,0.0,0.0,0.0,-1.689652,0.3157279,1.838449,0.1335403,0.1390425,-2.509449,0.1188412,0.3323348,-0.05036394,0.9342879,14.80554,39.04546,359.104,0.04680723,0.05136013,-0.9975806,-0.02357284,-0.001969602,0.6113115,1.591818,-0.6218115,-1.195693,0.3086998,-0.2353168,2.069,0.7740341,-0.01511869,-0.6329634,0.173099,0.9666805,0.1885884,0.6090221,-0.2555392,0.7508607,moving,48.0203,-28.11866,8.486067,-6.488628,7.498720382341087,0.4755786320466744
05/04/2023 16:19:09.633039,3162,True,True,True,True,Eyes,0.1313265,0.1350973,-2.494798,0.7006581,-0.3365082,0.6291585,0.0,0.0,0.0,0.0,0.0,0.0,0.0,-1.704074,0.3135414,1.811176,0.1360903,0.1374607,-2.499023,0.1195436,0.3370999,-0.05147871,0.9324287,14.92999,39.63308,359.0865,0.04738211,0.05168977,-0.9975366,-0.02215847,-0.001851426,0.5746328,1.606191,-0.6301317,-1.202014,0.3087,-0.2378414,2.069,0.7674272,-0.01540417,-0.6409512,0.1765967,0.9661185,0.1882247,0.6163353,-0.2576386,0.744146,moving,48.07763,-28.14029,8.486073,-6.557639,7.5010299474899576,0.4762289693403471
05/04/2023 16:19:09.653141,3163,True,True,True,True,Eyes,0.1316415,0.1348721,-2.493587,0.7014654,-0.3365749,0.6282227,0.0,0.0,0.0,0.0,0.0,0.0,0.0,-1.716812,0.3125193,1.785102,0.1388542,0.1353314,-2.488796,0.1203278,0.3414403,-0.0525198,0.9306887,15.06058,40.17071,359.075,0.04790158,0.05195135,-0.9974983,-0.02082896,-0.00174034,0.5401549,1.619417,-0.6392198,-1.207444,0.3086999,-0.2404175,2.069,0.7613204,-0.01558965,-0.6481886,0.1799287,0.9655257,0.1881107,0.6229102,-0.2598402,0.7378794,moving,48.15281,-28.1805,8.48607,-6.628034,7.504209583362245,0.4773044511451623
05/04/2023 16:19:09.663310,3164,True,True,True,True,Eyes,0.1320714,0.1345853,-2.492011,0.7025271,-0.3365147,0.6270674,0.0,0.0,0.0,0.0,0.0,0.0,0.0,-1.727811,0.3144391,1.759736,0.141802,0.1332046,-2.478512,0.1217108,0.34536,-0.0534746,0.9290068,15.25268,40.66384,359.092,0.04837764,0.05215545,-0.9974648,-0.01957922,-0.00163592,0.5077456,1.631214,-0.6503474,-1.21247,0.3087003,-0.2431209,2.069,0.7557339,-0.01528843,-0.6547003,0.1834246,0.9646539,0.1892044,0.6286666,-0.2630763,0.7318259,moving,48.24828,-28.22016,8.486083,-6.701894,7.508102031727601,0.4784558639171158
05/04/2023 16:19:09.683433,3165,True,True,True,True,Eyes,0.1326346,0.1342272,-2.490079,0.7037309,-0.3364511,0.6257503,0.0,0.0,0.0,0.0,0.0,0.0,0.0,-1.737072,0.3147454,1.736011,0.1450956,0.1313436,-2.46818,0.1226638,0.3488606,-0.05416106,0.9275326,15.38708,41.10474,359.1153,0.04882397,0.05232498,-0.9974343,-0.01840447,-0.001537765,0.4772808,1.642595,-0.6591855,-1.215572,0.3087001,-0.2457861,2.069,0.7507257,-0.01488712,-0.6604463,0.1860574,0.9640403,0.1897601,0.6338719,-0.2653387,0.7264997,moving,48.35683,-28.26587,8.486075,-6.774681,7.512535625780082,0.47977661273073
05/04/2023 16:19:09.703386,3166,True,True,True,True,Eyes,0.1333447,0.1337987,-2.487823,0.705135,-0.3362474,0.6242774,0.0,0.0,0.0,0.0,0.0,0.0,0.0,-1.744831,0.3092747,1.714531,0.14865,0.1293644,-2.457818,0.1221572,0.3520413,-0.05457637,0.9263725,15.35225,41.49473,359.1024,0.0492528,0.05246757,-0.9974058,-0.0173002,-0.001445499,0.448644,1.654392,-0.6626994,-1.215564,0.3087001,-0.2485251,2.069,0.7461766,-0.01510733,-0.6655766,0.1871249,0.9641981,0.1878999,0.638909,-0.2647524,0.722289,moving,48.48056,-28.30773,8.486077,-6.849466,7.51745868617,0.48108953539358157
05/04/2023 16:19:09.713142,3167,True,True,True,True,Eyes,0.1341912,0.1333106,-2.485237,0.7066605,-0.3360057,0.6226805,0.0,0.0,0.0,0.0,0.0,0.0,0.0,-1.753197,0.3021456,1.692368,0.1523291,0.1272129,-2.447389,0.1212951,0.355438,-0.05505416,0.9251596,15.28208,41.908,359.0709,0.04967203,0.05258351,-0.9973782,-0.01626219,-0.001358769,0.4217253,1.66698,-0.6653486,-1.215765,0.3087002,-0.2513224,2.069,0.7412657,-0.01564201,-0.6710294,0.1880935,0.9645131,0.185298,0.6443182,-0.2635713,0.7179027,moving,48.61481,-28.35182,8.486078,-6.925813,7.522783384051067,0.48248910463508443
05/04/2023 16:19:09.732983,3168,True,True,True,True,Eyes,0.1352155,0.132768,-2.482357,0.7083611,-0.3355955,0.620967,0.0,0.0,0.0,0.0,0.0,0.0,0.0,-1.761119,0.2935865,1.670611,0.1563445,0.1252704,-2.436911,0.1202226,0.358715,-0.05569595,0.9239958,15.19638,42.3025,359.01,0.05008879,0.05267379,-0.9973519,-0.01528646,-0.001277243,0.3964218,1.679494,-0.6671832,-1.215214,0.3087002,-0.2538768,2.069,0.736443,-0.01667433,-0.6762941,0.1891769,0.964889,0.1822124,0.6495105,-0.2621283,0.7137402,moving,48.76139,-28.38857,8.486079,-6.995514,7.528451957841603,0.4838031282696037
05/04/2023 16:19:09.753261,3169,True,True,True,True,Eyes,0.1363956,0.1321944,-2.479158,0.7102687,-0.3350097,0.6191017,0.0,0.0,0.0,0.0,0.0,0.0,0.0,-1.769606,0.2822415,1.648398,0.1608567,0.1233603,-2.426374,0.1183801,0.3621722,-0.05597376,0.9228675,15.01326,42.71696,358.958,0.05051117,0.05273936,-0.9973266,-0.01436927,-0.001200608,0.3726365,1.693799,-0.6657197,-1.214233,0.3087002,-0.2564948,2.069,0.7313965,-0.01756477,-0.6817262,0.1890607,0.9657062,0.177954,0.6552216,-0.2590426,0.709635,moving,48.92315,-28.4188,8.486078,-7.066926,7.534575967485078,0.4850591375726754
05/04/2023 16:19:09.763172,3170,True,True,True,True,Eyes,0.1377474,0.1315876,-2.475684,0.7124766,-0.33417,0.617015,0.0,0.0,0.0,0.0,0.0,0.0,0.0,-1.780797,0.2686607,1.622918,0.1656404,0.1219995,-2.415566,0.1158098,0.3665394,-0.05533179,0.9215071,14.71444,43.2508,358.9882,0.05094567,0.05278207,-0.9973017,-0.01350711,-0.001128572,0.3502783,1.712242,-0.6594224,-1.215307,0.3087002,-0.2591586,2.069,0.7251745,-0.01707955,-0.6883532,0.186875,0.9670529,0.1728766,0.6627215,-0.2540017,0.7044739,moving,49.10696,-28.43959,8.486079,-7.139565,7.541361921144141,0.48623145507499066
05/04/2023 16:19:09.783353,3171,True,True,True,True,Eyes,0.1392434,0.1309427,-2.471924,0.7147987,-0.3331555,0.6148741,0.0,0.0,0.0,0.0,0.0,0.0,0.0,-1.79052,0.2592905,1.597961,0.1702891,0.1205388,-2.404817,0.1134787,0.3706515,-0.05338918,0.9202661,14.38515,43.77018,359.1635,0.05139734,0.05280338,-0.9972777,-0.01269669,-0.001060857,0.3292616,1.731048,-0.6514386,-1.21625,0.3087,-0.261828,2.069,0.7195342,-0.0141424,-0.694313,0.1823866,0.9685444,0.1692836,0.6700789,-0.2484387,0.6994802,moving,49.29769,-28.45004,8.486074,-7.212335,7.548261585192922,0.4872388334289022
05/04/2023 16:19:09.803235,3172,True,True,True,True,Eyes,0.1409183,0.130277,-2.467904,0.7173262,-0.3319589,0.6125737,0.0,0.0,0.0,0.0,0.0,0.0,0.0,-1.794949,0.2564075,1.577768,0.1751637,0.1189766,-2.39418,0.1119942,0.3732505,-0.05058007,0.919556,14.10667,44.11591,359.4436,0.05187263,0.05280452,-0.9972534,-0.01193488,-0.0009972058,0.3095059,1.746379,-0.6447003,-1.213465,0.3086998,-0.2644845,2.069,0.7162516,-0.009418635,-0.6977788,0.1766261,0.9697979,0.1682117,0.67512,-0.2437279,0.6962829,moving,49.50373,-28.45364,8.486071,-7.284729,7.555617091052465,0.4881825471539408
05/04/2023 16:19:09.812979,3173,True,True,True,True,Eyes,0.1427592,0.1296189,-2.463622,0.7199917,-0.3306124,0.61017,0.0,0.0,0.0,0.0,0.0,0.0,0.0,-1.801546,0.2507895,1.555559,0.1807003,0.1177692,-2.383632,0.1103668,0.3763365,-0.04852883,0.918605,13.84483,44.5125,359.6408,0.05237678,0.05278714,-0.9972282,-0.01121879,-0.0009373735,0.2909356,1.762833,-0.6387213,-1.212276,0.3087003,-0.2672838,2.069,0.7120316,-0.006087539,-0.702121,0.1722278,0.9709282,0.1662407,0.6806971,-0.2392934,0.6923801,moving,49.71979,-28.45045,8.486081,-7.360988,7.56324153163807,0.48904123196520255
05/04/2023 16:19:09.832895,3174,True,True,True,True,Eyes,0.1447811,0.129029,-2.459105,0.7227674,-0.3292587,0.6076149,0.0,0.0,0.0,0.0,0.0,0.0,0.0,-1.809571,0.2435641,1.531649,0.1864211,0.117274,-2.373039,0.1085695,0.3798781,-0.04653029,0.917464,13.56622,44.96394,359.8295,0.05291554,0.05275381,-0.9972019,-0.01054566,-0.0008811311,0.2734794,1.780681,-0.6312599,-1.212475,0.3087001,-0.2698476,2.069,0.7070552,-0.002893354,-0.7071525,0.1678661,0.9720952,0.1638656,0.6869454,-0.2345689,0.6878106,moving,49.94696,-28.45269,8.486075,-7.430811,7.571329326575219,0.4900492225553762
05/04/2023 16:19:09.853205,3175,True,True,True,True,Eyes,0.1469541,0.1284862,-2.454349,0.7256126,-0.3277575,0.6050301,0.0,0.0,0.0,0.0,0.0,0.0,0.0,-1.817074,0.2331318,1.50843,0.1922063,0.1179992,-2.362329,0.106721,0.3832971,-0.04546194,0.9163117,13.3224,45.3892,359.9115,0.05349191,0.05270937,-0.9971737,-0.009912925,-0.0008282632,0.2570707,1.797197,-0.6243915,-1.212037,0.3086999,-0.2725002,2.069,0.702033,-0.001502919,-0.7121428,0.1651263,0.9730877,0.1607285,0.6927359,-0.2304302,0.6833878,moving,50.17799,-28.44534,8.486071,-7.503027,7.5794318322834755,0.4908933612422748
05/04/2023 16:19:09.863310,3176,True,True,True,True,Eyes,0.2054041,0.1152236,-2.329886,0.7935049,-0.2932974,0.5332229,0.0,0.0,0.0,0.0,0.0,0.0,0.0,-1.822959,0.2172131,1.488126,0.1979063,0.1188965,-2.351931,0.1038566,0.3862385,-0.0450959,0.9154234,13.00177,45.73638,359.8626,0.05411141,0.05265709,-0.9971433,-0.00931815,-0.0007785675,0.2416464,1.812143,-0.6154752,-1.208803,0.3086999,-0.2752209,2.069,0.6975723,-0.002336834,-0.7165106,0.1627906,0.9743603,0.15531,0.6977766,-0.2249811,0.6800672,moving,56.09952,-28.81284,8.486072,-7.577072,7.794192227063116,0.5229785438404602
05/04/2023 16:19:09.883184,3177,True,True,True,True,Eyes,0.2056427,0.1152702,-2.329471,0.7936046,-0.2932086,0.5331234,0.0,0.0,0.0,0.0,0.0,0.0,0.0,-1.827798,0.204802,1.467864,0.2038977,0.1185077,-2.341324,0.1016122,0.3888713,-0.04497311,0.9145663,12.75835,46.04891,359.81,0.05833867,0.05226932,-0.9969254,0.1665911,-0.04051954,0.6005369,1.825932,-0.6104107,-1.205126,0.3087,-0.2778651,2.069,0.693513,-0.003233684,-0.7204368,0.1612899,0.9753047,0.1508846,0.7021575,-0.2208396,0.6769082,moving,56.1078,-28.81003,8.486074,-7.649011,7.7944501593968525,0.5229609291102467
05/04/2023 16:19:09.903230,3178,True,True,True,True,Eyes,0.2061296,0.1153878,-2.32866,0.793808,-0.2933034,0.5327682,0.0,0.0,0.0,0.0,0.0,0.0,0.0,-1.830593,0.1914087,1.450506,0.20981,0.1196306,-2.330953,0.09981873,0.3908381,-0.0456796,0.9138901,12.6006,46.27389,359.6791,0.0618385,0.05193894,-0.9967319,0.1565956,-0.03808837,0.5645047,1.836755,-0.6071897,-1.199787,0.3087,-0.2805348,2.069,0.6903179,-0.005466351,-0.7234856,0.1615182,0.9758992,0.1467401,0.7052468,-0.2181534,0.6745636,moving,56.13226,-28.83398,8.486073,-7.721621,7.795623174530839,0.5235151184018477
05/04/2023 16:19:09.913349,3179,True,True,True,True,Eyes,0.2068499,0.1156076,-2.327469,0.7941209,-0.2933088,0.5322987,0.0,0.0,0.0,0.0,0.0,0.0,0.0,-1.834136,0.1779769,1.431451,0.2157858,0.1211838,-2.320244,0.09821736,0.3931459,-0.04650834,0.9130317,12.46952,46.54347,359.5482,0.06476088,0.05166092,-0.9965609,0.1471999,-0.03580306,0.5306344,1.848203,-0.6047392,-1.195665,0.3087002,-0.2835034,2.069,0.6865466,-0.007699697,-0.7270449,0.1621546,0.9763806,0.142782,0.7087733,-0.2159202,0.6715794,moving,56.16608,-28.85577,8.48608,-7.802329,7.797100721424076,0.5240685030214572
05/04/2023 16:19:09.932894,3180,True,True,True,True,Eyes,0.2078041,0.115928,-2.32594,0.7945101,-0.2934738,0.5316266,0.0,0.0,0.0,0.0,0.0,0.0,0.0,-1.838315,0.1617734,1.412449,0.2220445,0.1238088,-2.309968,0.09626865,0.395567,-0.04749679,0.912142,12.30981,46.82338,359.385,0.0672264,0.05143257,-0.9964095,0.1383679,-0.03365488,0.4987963,1.860295,-0.6000119,-1.191884,0.3087,-0.2860708,2.068999,0.6825415,-0.01048623,-0.7307715,0.162809,0.9769528,0.138045,0.7124817,-0.2131977,0.6685181,moving,56.21253,-28.90001,8.486076,-7.872106,7.799312475680264,0.52509758233656
05/04/2023 16:19:09.953398,3181,True,True,True,True,Eyes,0.208964,0.1163092,-2.324067,0.7949771,-0.293498,0.5309147,0.0,0.0,0.0,0.0,0.0,0.0,0.0,-1.841831,0.1429849,1.395462,0.2286562,0.1268028,-2.300378,0.09358563,0.3976353,-0.04828399,0.9114805,12.06386,47.05451,359.2035,0.06939296,0.05124867,-0.9962706,0.1300658,-0.03163559,0.4688686,1.872502,-0.5918834,-1.186589,0.3086999,-0.288463,2.069,0.6791098,-0.01359393,-0.7339109,0.1624457,0.9778208,0.1322041,0.7158361,-0.2090018,0.6662558,moving,56.26356,-28.93451,8.486072,-7.937098,7.801562572116344,0.5259630514955419
05/04/2023 16:19:09.963062,3182,True,True,True,True,Eyes,0.2103411,0.1167084,-2.321898,0.7954831,-0.2938225,0.5299764,0.0,0.0,0.0,0.0,0.0,0.0,0.0,-1.842625,0.1279284,1.380182,0.23471,0.1285403,-2.290179,0.09114859,0.3991264,-0.0485669,0.9110606,11.82086,47.22012,359.0789,0.07139914,0.051103,-0.9961364,0.1222619,-0.02973745,0.4407364,1.883015,-0.5851724,-1.179065,0.3087001,-0.2912285,2.069,0.6766788,-0.01573515,-0.7361102,0.1612544,0.9786664,0.1273151,0.718403,-0.2048524,0.6647801,moving,56.32717,-29.00428,8.486075,-8.012207,7.804708499387295,0.5275449812147674
05/04/2023 16:19:09.983197,3183,True,True,True,True,Eyes,0.2118996,0.1171241,-2.319427,0.796027,-0.2941812,0.5289598,0.0,0.0,0.0,0.0,0.0,0.0,0.0,-1.843887,0.116019,1.364969,0.2411077,0.1293614,-2.280713,0.08950422,0.4005047,-0.04933639,0.9105772,11.68436,47.37455,358.9377,0.07327116,0.05099317,-0.9960062,0.1149262,-0.0279532,0.4142922,1.892617,-0.5829802,-1.172788,0.3087,-0.2938622,2.069,0.6743239,-0.01815547,-0.7382125,0.1615429,0.9791098,0.1234821,0.7205493,-0.2025199,0.66317,moving,56.39597,-29.08064,8.486073,-8.083712,7.808122543645343,0.5292728505621765
05/04/2023 16:19:10.002889,3184,True,True,True,True,Eyes,0.2136479,0.1175573,-2.316685,0.7966717,-0.2949198,0.527576,0.0,0.0,0.0,0.0,0.0,0.0,0.0,-1.846257,0.1042978,1.347536,0.2469805,0.1301504,-2.271003,0.08875798,0.4024186,-0.05154721,0.9096836,11.71072,47.5924,358.6923,0.07503122,0.05091699,-0.9958791,0.1080306,-0.02627601,0.3894347,1.900952,-0.5869405,-1.16913,0.3087,-0.2964935,2.069,0.6708043,-0.02234756,-0.7412978,0.165219,0.9789298,0.1199962,0.7229968,-0.2029704,0.6603625,moving,56.48647,-29.20559,8.486073,-8.155124,7.812925736423355,0.5320063340274276
05/04/2023 16:19:10.023527,3185,True,True,True,True,Eyes,0.2155532,0.1179802,-2.31367,0.7974391,-0.2956372,0.5260128,0.0,0.0,0.0,0.0,0.0,0.0,0.0,-1.851292,0.09385689,1.326859,0.2532223,0.1310335,-2.261716,0.08815718,0.4051045,-0.05324586,0.9084512,11.73078,47.91472,358.5183,0.07670045,0.05087243,-0.9957543,0.1015488,-0.02469945,0.3660686,1.911931,-0.5905081,-1.169115,0.3087,-0.299423,2.069,0.6661103,-0.02531678,-0.7454234,0.1681683,0.9787863,0.1170327,0.7266474,-0.2033133,0.6562372,moving,56.59005,-29.33747,8.486073,-8.2346,7.818281290928326,0.5349256949571868
05/04/2023 16:19:10.033010,3186,True,True,True,True,Eyes,0.2176338,0.1183899,-2.310418,0.7983531,-0.296659,0.5240475,0.0,0.0,0.0,0.0,0.0,0.0,0.0,-1.857685,0.08612236,1.303037,0.2588141,0.1312018,-2.252136,0.08766449,0.4085485,-0.0541321,0.906903,11.72634,48.34234,358.4459,0.07829583,0.05085652,-0.9956311,0.09545584,-0.02321748,0.3441045,1.924949,-0.5929061,-1.171945,0.3086999,-0.30182,2.069,0.6603158,-0.02655473,-0.7505184,0.1698155,0.9787693,0.1147752,0.7315366,-0.2032375,0.6508061,moving,56.71868,-29.51385,8.486073,-8.29961,7.825092711849427,0.5387880335679042
05/04/2023 16:19:10.052977,3187,True,True,True,True,Eyes,0.2198676,0.1188348,-2.30691,0.7994092,-0.2975921,0.5219042,0.0,0.0,0.0,0.0,0.0,0.0,0.0,-1.864788,0.08155367,1.27813,0.2647777,0.1313585,-2.242841,0.0876556,0.4121405,-0.05442055,0.9052598,11.74521,48.79881,358.4621,0.07983269,0.05086637,-0.9955086,0.08972849,-0.02182443,0.3234582,1.938891,-0.5959819,-1.17648,0.3086998,-0.304547,2.069,0.6543572,-0.0262766,-0.7557291,0.1707823,0.9787098,0.1138444,0.736648,-0.20356,0.6449133,moving,56.86099,-29.69198,8.486069,-8.373538,7.832411758836589,0.5427414319030751
05/04/2023 16:19:10.063169,3188,True,True,True,True,Eyes,0.2222459,0.1193236,-2.303153,0.800621,-0.2985961,0.5194674,0.0,0.0,0.0,0.0,0.0,0.0,0.0,-1.871546,0.07365677,1.252933,0.2705946,0.1326395,-2.23319,0.086891,0.4158935,-0.05438469,0.9036176,11.66967,49.27333,358.478,0.08132511,0.05090152,-0.9953861,0.08434478,-0.02051497,0.3040507,1.953819,-0.5946594,-1.18046,0.3087,-0.3072315,2.069,0.6481497,-0.02601112,-0.7610685,0.1705607,0.9789845,0.111796,0.7421663,-0.202269,0.638965,moving,57.02326,-29.89081,8.486073,-8.446287,7.840702752872363,0.5471687958735707
05/04/2023 16:19:10.084076,3189,True,True,True,True,Eyes,0.2247546,0.1198264,-2.299157,0.8019977,-0.2994463,0.5168478,0.0,0.0,0.0,0.0,0.0,0.0,0.0,-1.878873,0.05766825,1.227177,0.2766195,0.1341821,-2.22372,0.08442402,0.4199829,-0.05488455,0.9019284,11.44283,49.77352,358.3577,0.08278514,0.05096193,-0.9952627,0.07928409,-0.01928407,0.2858077,1.970176,-0.5885938,-1.183735,0.3086999,-0.3099206,2.069,0.6412042,-0.02809058,-0.7668561,0.1699171,0.9797206,0.1061877,0.7483218,-0.1983899,0.632974,moving,57.20022,-30.08673,8.486072,-8.519137,7.84947781042576,0.5516039195503605
05/04/2023 16:19:10.103175,3190,True,True,True,True,Eyes,0.2274015,0.1203425,-2.294942,0.8034965,-0.3003679,0.5139772,0.0,0.0,0.0,0.0,0.0,0.0,0.0,-1.886377,0.04394661,1.199647,0.2821472,0.1349789,-2.213973,0.0822738,0.4244365,-0.05525206,0.9000178,11.24459,50.32553,358.2697,0.0842237,0.05104629,-0.9951378,0.07452705,-0.01812703,0.2686592,1.98673,-0.5840436,-1.188712,0.3087002,-0.3125698,2.069,0.6336019,-0.02961566,-0.7730922,0.1692957,0.9803565,0.1011938,0.7549091,-0.1949978,0.6261695,moving,57.39394,-30.30198,8.486079,-8.590876,7.8590938282096605,0.5564736510618908
05/04/2023 16:19:10.112829,3191,True,True,True,True,Eyes,0.2301692,0.1208865,-2.290516,0.8051235,-0.3012404,0.5109112,0.0,0.0,0.0,0.0,0.0,0.0,0.0,-1.893273,0.03516397,1.172679,0.2879748,0.1358599,-2.204429,0.08110669,0.4285834,-0.05515138,0.8981628,11.12604,50.8508,358.2744,0.08564889,0.05115328,-0.9950107,0.07005543,-0.01703941,0.2525397,2.002584,-0.5818132,-1.194195,0.3087003,-0.3153688,2.069,0.6265491,-0.02954786,-0.7788217,0.1685918,0.9807601,0.09842007,0.7609292,-0.1929679,0.6194759,moving,57.60181,-30.5242,8.486081,-8.666643,7.869300677624013,0.5615345613644215
05/04/2023 16:19:10.133080,3192,True,True,True,True,Eyes,0.2330575,0.1214714,-2.285893,0.806833,-0.3022539,0.5076052,0.0,0.0,0.0,0.0,0.0,0.0,0.0,-1.899857,0.03188471,1.145425,0.2935469,0.1370809,-2.194884,0.08121794,0.4326963,-0.05464765,0.8962094,11.12022,51.38588,358.3843,0.08706906,0.05128241,-0.9948808,0.0658521,-0.01601704,0.2373873,2.017621,-0.5823128,-1.201325,0.3087,-0.3179017,2.069,0.6195751,-0.02766604,-0.7844496,0.1682369,0.9808345,0.09828487,0.7666962,-0.1928682,0.6123551,moving,57.82465,-30.77172,8.486074,-8.735179,7.880361074585492,0.5671346872665533
05/04/2023 16:19:10.153334,3193,True,True,True,True,Eyes,0.2360573,0.1220516,-2.281082,0.8087012,-0.3032824,0.5040061,0.0,0.0,0.0,0.0,0.0,0.0,0.0,-1.907363,0.02861021,1.116617,0.2993163,0.1387208,-2.185601,0.08145074,0.4371692,-0.05409307,0.8940486,11.12426,51.97006,358.5103,0.08849175,0.05143384,-0.9947475,0.06190097,-0.01505602,0.2231441,2.033482,-0.5828,-1.210456,0.3087,-0.3205888,2.069,0.6119141,-0.02550815,-0.7905128,0.1679392,0.9808794,0.09834619,0.7728891,-0.1929375,0.6044978,moving,58.06764,-31.03715,8.486074,-8.807861,7.892364599226683,0.5731571428198863
05/04/2023 16:19:10.163433,3194,True,True,True,True,Eyes,0.3138735,0.1364244,-2.156562,0.8469021,-0.3284318,0.4181979,0.0,0.0,0.0,0.0,0.0,0.0,0.0,-1.915881,0.03024161,1.084827,0.3049884,0.139255,-2.176225,0.08258836,0.4421768,-0.05322857,0.8915299,11.20575,52.63521,358.7224,0.08992221,0.05160557,-0.9946103,0.05818691,-0.01415266,0.2097554,2.049996,-0.5866137,-1.223004,0.3086999,-0.323284,2.069,0.6032927,-0.02187241,-0.7972199,0.167947,0.9806917,0.1001871,0.7796357,-0.1943329,0.5953176,moving,63.71997,-38.14433,8.48607,-8.880733,8.183475252894496,0.7307839827133469
05/04/2023 16:19:10.183063,3195,True,True,True,True,Eyes,0.3141015,0.1364379,-2.156194,0.847083,-0.3284978,0.4177794,0.0,0.0,0.0,0.0,0.0,0.0,0.0,-1.924174,0.03817375,1.052429,0.3104615,0.1397855,-2.166929,0.08509629,0.4471863,-0.05180796,0.8888752,11.39756,53.31994,359.0652,0.09708452,0.05300682,-0.993863,0.2881443,0.02981491,0.5707288,2.065777,-0.5935987,-1.237744,0.3087001,-0.3260526,2.069001,0.5946807,-0.01599384,-0.8038029,0.1682094,0.9801491,0.1049444,0.7861682,-0.1976156,0.5855662,moving,63.74759,-38.17779,8.486072,-8.955556,8.184881584146524,0.7315303678942127
05/04/2023 16:19:10.203193,3196,True,True,True,True,Eyes,0.3145696,0.1364625,-2.155487,0.8471956,-0.328683,0.4174051,0.0,0.0,0.0,0.0,0.0,0.0,0.0,-1.93119,0.04515649,1.02154,0.3160521,0.1401826,-2.157669,0.08730695,0.4518222,-0.05041015,0.8863933,11.55622,53.95673,359.3876,0.1029358,0.05416259,-0.9932117,0.2708556,0.02802601,0.5364851,2.080857,-0.5995812,-1.250842,0.3086999,-0.3287317,2.069,0.5866311,-0.01047201,-0.8097866,0.1682609,0.9796726,0.1092237,0.7921819,-0.2003294,0.5764685,moving,63.77098,-38.21844,8.486071,-9.027939,8.18622948904388,0.7323939188348528
05/04/2023 16:19:10.213042,3197,True,True,True,True,Eyes,0.3152502,0.1364927,-2.154433,0.847477,-0.3288755,0.4166819,0.0,0.0,0.0,0.0,0.0,0.0,0.0,-1.937427,0.04920435,0.991371,0.321908,0.1405678,-2.148366,0.08891652,0.4562896,-0.04931329,0.8840033,11.66607,54.56608,359.6465,0.107746,0.05512126,-0.9926486,0.2546043,0.02634445,0.504296,2.09573,-0.6043018,-1.262551,0.3087003,-0.3314913,2.069,0.578736,-0.006042869,-0.8154927,0.1683296,0.9793241,0.1122027,0.7979537,-0.2022073,0.5677872,moving,63.81788,-38.28306,8.48608,-9.102461,8.188716961107344,0.7338079957828645
05/04/2023 16:19:10.232932,3198,True,True,True,True,Eyes,0.3161342,0.1365192,-2.153022,0.8477386,-0.3291024,0.41597,0.0,0.0,0.0,0.0,0.0,0.0,0.0,-1.942727,0.04957163,0.9620823,0.327592,0.1407545,-2.138952,0.08972757,0.4606495,-0.04864467,0.8816942,11.71484,55.15181,359.8178,0.1117295,0.05592119,-0.9921634,0.239328,0.02476379,0.4740382,2.110166,-0.6072775,-1.272667,0.3087003,-0.3339366,2.069001,0.5708714,-0.003113518,-0.8210337,0.1684454,0.9791653,0.1134083,0.8035746,-0.2030409,0.5595019,moving,63.86364,-38.34993,8.486077,-9.168469,8.191192667091938,0.7352595190707766
05/04/2023 16:19:10.253297,3199,True,True,True,True,Eyes,0.3172209,0.1365526,-2.151278,0.8481393,-0.3292935,0.4150005,0.0,0.0,0.0,0.0,0.0,0.0,0.0,-1.946736,0.0455889,0.9341785,0.3334358,0.1407445,-2.129215,0.08978405,0.4647165,-0.04874862,0.879546,11.7269,55.68647,359.8651,0.1150621,0.05659339,-0.9917443,0.2249683,0.02327796,0.4455959,2.123629,-0.6100878,-1.280194,0.3087006,-0.3366299,2.069,0.5633243,-0.002305046,-0.8262327,0.1692016,0.9791248,0.1126298,0.8087254,-0.203247,0.5519548,moving,63.92717,-38.43121,8.486088,-9.241148,8.194482456928647,0.7370574629367008
05/04/2023 16:19:10.263287,3200,True,True,True,True,Eyes,0.3185216,0.1365803,-2.149231,0.8485171,-0.3294289,0.4141201,0.0,0.0,0.0,0.0,0.0,0.0,0.0,-1.949748,0.03919972,0.9077305,0.3393003,0.1409369,-2.119443,0.08923724,0.4685121,-0.04895193,0.8775744,11.68283,56.17922,359.8654,0.1181207,0.05720391,-0.9913496,0.2114702,0.02188128,0.4188602,2.136753,-0.6110213,-1.285826,0.3086999,-0.3393188,2.069,0.5562002,-0.00230048,-0.8310452,0.1695354,0.9792809,0.1107555,0.8135719,-0.2024938,0.5450662,moving,63.98523,-38.50193,8.486069,-9.313673,8.197443596664204,0.7386336522922985
05/04/2023 16:19:10.283085,3201,True,True,True,True,Eyes,0.3200181,0.1365749,-2.14687,0.8490313,-0.3294992,0.4130088,0.0,0.0,0.0,0.0,0.0,0.0,0.0,-1.951962,0.03404249,0.8818711,0.3452706,0.1408518,-2.109493,0.08857562,0.4721018,-0.04866789,0.8757315,11.60067,56.64816,359.906,0.1209443,0.05775947,-0.9909769,0.198782,0.02056841,0.3937286,2.150107,-0.6106769,-1.290489,0.3087,-0.3419648,2.069,0.5495027,-0.001606585,-0.8354904,0.1688734,0.9795716,0.1091845,0.8182473,-0.2010893,0.5385485,moving,64.05953,-38.58294,8.486073,-9.385015,8.201112029420916,0.7404723130124502
05/04/2023 16:19:10.303357,3202,True,True,True,True,Eyes,0.3217193,0.1365424,-2.144222,0.8495444,-0.3295667,0.411898,0.0,0.0,0.0,0.0,0.0,0.0,0.0,-1.953629,0.0332123,0.85646,0.3513928,0.1400537,-2.099571,0.0883897,0.4754472,-0.04765645,0.8739944,11.52646,57.09621,0.04364139,0.1235683,0.05826511,-0.9906235,0.1868551,0.0193343,0.3701049,2.163516,-0.6108409,-1.295081,0.3087,-0.3446473,2.069,0.5433577,0.0007463316,-0.839501,0.1673522,0.9798323,0.1091879,0.8226516,-0.1998205,0.5322745,moving,64.13377,-38.6639,8.486074,-9.45731,8.204777696299825,0.7423097787700422
05/04/2023 16:19:10.313096,3203,True,True,True,True,Eyes,0.3236097,0.1364668,-2.14129,0.8501972,-0.3296022,0.4105206,0.0,0.0,0.0,0.0,0.0,0.0,0.0,-1.955456,0.03362487,0.8301691,0.3576746,0.1394383,-2.089675,0.08864632,0.4789275,-0.0466474,0.8721207,11.49614,57.56789,0.2073299,0.1260238,0.05872527,-0.9902869,0.1756438,0.01817424,0.3478986,2.176881,-0.6124341,-1.300976,0.3086997,-0.3475867,2.069,0.536905,0.003545973,-0.8436354,0.1662746,0.9799317,0.1099391,0.8270949,-0.199302,0.5255406,moving,64.22627,-38.76057,8.486065,-9.536493,8.209291399770242,0.7445201846885657
05/04/2023 16:19:10.332967,3204,True,True,True,True,Eyes,0.3256866,0.1363424,-2.138077,0.8508935,-0.3296539,0.4090338,0.0,0.0,0.0,0.0,0.0,0.0,0.0,-1.957473,0.0351461,0.802802,0.3640754,0.1383875,-2.079838,0.08903794,0.4825931,-0.04551693,0.8701175,11.47143,58.06763,0.3933497,0.128338,0.05914328,-0.9899648,0.1651052,0.01708379,0.3270247,2.190727,-0.6140512,-1.307982,0.3087001,-0.3500349,2.069,0.5300642,0.00672804,-0.8479309,0.1651483,0.9800009,0.1110146,0.83172,-0.1988792,0.5183523,moving,64.3259,-38.86649,8.486073,-9.602414,8.214175948081552,0.7469347789692186
05/04/2023 16:19:10.352777,3205,True,True,True,True,Eyes,0.3279401,0.1361417,-2.134598,0.8517286,-0.329725,0.4072343,0.0,0.0,0.0,0.0,0.0,0.0,0.0,-1.959916,0.03553215,0.7730921,0.3704775,0.1370466,-2.069824,0.0894729,0.4867665,-0.04488679,0.8677776,11.47755,58.63321,0.5379614,0.1305361,0.05952194,-0.9896547,0.1551989,0.01605876,0.3074032,2.204744,-0.617422,-1.317041,0.3087,-0.3526791,2.069,0.5220872,0.009201312,-0.8528425,0.1650083,0.9799595,0.1115864,0.8367779,-0.198984,0.510106,moving,64.44628,-38.99602,8.486073,-9.67359,8.220097559449634,0.7498813972980426
05/04/2023 16:19:10.363171,3206,True,True,True,True,Eyes,0.3303652,0.1358668,-2.130854,0.8525839,-0.3299452,0.4052614,0.0,0.0,0.0,0.0,0.0,0.0,0.0,-1.962452,0.03648892,0.7421927,0.3768777,0.1350319,-2.059886,0.09014293,0.4911691,-0.04453433,0.8652421,11.52168,59.23202,0.6715838,0.1326398,0.05986235,-0.9893544,0.1458869,0.01509524,0.288959,2.218496,-0.6229333,-1.327547,0.3086999,-0.3554377,2.069,0.5135393,0.01148488,-0.8579892,0.1656168,0.9797819,0.1122431,0.8419313,-0.1997387,0.5012544,moving,64.57671,-39.1509,8.486073,-9.747809,8.22669881020916,0.7533472521429475
05/04/2023 16:19:10.383227,3207,True,True,True,True,Eyes,0.332952,0.1355186,-2.126858,0.8535547,-0.3302394,0.4029716,0.0,0.0,0.0,0.0,0.0,0.0,0.0,-1.964432,0.03794117,0.7110304,0.3833384,0.1330672,-2.049718,0.09129921,0.4955579,-0.04452725,0.8626147,11.6331,59.83477,0.79959,0.134669,0.06016571,-0.9890619,0.1371337,0.01418952,0.2716215,2.231354,-0.6306191,-1.338445,0.3087,-0.3580947,2.069,0.5048794,0.01366837,-0.8630817,0.1673078,0.9793636,0.1133804,0.8468204,-0.2016437,0.4921736,moving,64.72754,-39.33498,8.486074,-9.819263,8.234395954519666,0.7574487185294795
05/04/2023 16:19:10.402809,3208,True,True,True,True,Eyes,0.3356808,0.1350893,-2.122588,0.8545893,-0.3306383,0.4004441,0.0,0.0,0.0,0.0,0.0,0.0,0.0,-1.966508,0.03659897,0.6784199,0.3896568,0.1309363,-2.039552,0.09236456,0.5003338,-0.04541928,0.859693,11.78618,60.48466,0.8389339,0.1366404,0.06043291,-0.9887751,0.1289057,0.01333815,0.2553242,2.243547,-0.6403403,-1.350783,0.3086997,-0.3607309,2.068999,0.4952064,0.01433294,-0.8686571,0.1705195,0.9788118,0.1133607,0.8518766,-0.2042599,0.4822699,moving,64.89311,-39.54577,8.486067,-9.890128,8.242956457887919,0.7621149264685209
05/04/2023 16:19:10.423047,3209,True,True,True,True,Eyes,0.3385572,0.1345765,-2.118072,0.8557299,-0.3310697,0.3976418,0.0,0.0,0.0,0.0,0.0,0.0,0.0,-1.967842,0.03378196,0.645584,0.3959171,0.1286034,-2.029047,0.09282634,0.5051736,-0.04617635,0.8567677,11.87138,61.13878,0.8584647,0.1385684,0.06066451,-0.9884927,0.1211714,0.01253786,0.2400047,2.256153,-0.6481283,-1.362444,0.3087001,-0.3634462,2.069,0.4853348,0.01466203,-0.8742054,0.1729116,0.9785021,0.1124071,0.8570599,-0.2057153,0.4723659,moving,65.07658,-39.78018,8.486076,-9.963087,8.252453043134322,0.7673012287494739
05/04/2023 16:19:10.433416,3210,True,True,True,True,Eyes,0.3415856,0.1339979,-2.113315,0.8570636,-0.3316948,0.3942342,0.0,0.0,0.0,0.0,0.0,0.0,0.0,-1.968438,0.02796818,0.6137557,0.4022415,0.1260874,-2.018547,0.09268744,0.5098532,-0.04742418,0.8539378,11.92654,61.76228,0.7917179,0.1404668,0.06086084,-0.9882126,0.1139011,0.01178559,0.2256044,2.268234,-0.6554628,-1.372537,0.3086997,-0.3660863,2.069,0.4756013,0.01351936,-0.879557,0.1755086,0.9783199,0.1099399,0.8619745,-0.2066574,0.4629176,moving,65.2984,-40.07608,8.486065,-10.03399,8.264093881128908,0.7738064201139808
05/04/2023 16:19:10.453582,3211,True,True,True,True,Eyes,0.3447515,0.1333627,-2.108322,0.8585007,-0.3323289,0.3905561,0.0,0.0,0.0,0.0,0.0,0.0,0.0,-1.968771,0.01990196,0.5807244,0.4087202,0.1239478,-2.007805,0.09239333,0.5147954,-0.04911082,0.8509039,11.99344,62.4188,0.6765581,0.1423476,0.06102294,-0.9879335,0.107067,0.01107846,0.2120682,2.280236,-0.6631904,-1.383352,0.3087,-0.3688426,2.069,0.4651477,0.01155015,-0.8851578,0.1787045,0.9781032,0.1066716,0.8670077,-0.2077997,0.4528984,moving,65.53788,-40.39486,8.486073,-10.10799,8.276652854920528,0.7808167755515948
05/04/2023 16:19:10.472986,3212,True,True,True,True,Eyes,0.3480586,0.1326948,-2.103107,0.8600906,-0.3331003,0.3863783,0.0,0.0,0.0,0.0,0.0,0.0,0.0,-1.968788,0.01210666,0.5473983,0.4151514,0.1219008,-1.997175,0.09191209,0.5198255,-0.05044742,0.8478141,12.02254,63.08973,0.5867791,0.1442215,0.06115213,-0.9876537,0.100643,0.01041375,0.1993441,2.292651,-0.6693707,-1.394677,0.3086999,-0.3715674,2.069,0.4544731,0.01001641,-0.8907042,0.1810966,0.9780144,0.103401,0.8721573,-0.2082964,0.4426673,moving,65.80897,-40.76493,8.48607,-10.1811,8.290986964312905,0.7889256327012141
05/04/2023 16:19:10.482942,3213,True,True,True,True,Eyes,0.4338277,0.115449,-1.96703,0.8962919,-0.3494531,0.2730267,0.0,0.0,0.0,0.0,0.0,0.0,0.0,-1.968186,0.003655717,0.5125073,0.4214728,0.1204954,-1.98602,0.09143315,0.5251912,-0.05172522,0.8444755,12.04954,63.80979,0.5084467,0.1460978,0.06125069,-0.9873718,0.09460442,0.009788923,0.1873834,2.305296,-0.6745811,-1.407169,0.3087003,-0.3740932,2.069,0.4429973,0.008678425,-0.896481,0.1834011,0.9779289,0.1000948,0.8775634,-0.2087573,0.4316283,moving,73.05832,-51.99959,8.486081,-10.24885,8.691361434623364,1.0309272448876174
05/04/2023 16:19:10.503249,3214,True,True,True,True,Eyes,0.4340799,0.1153834,-1.966574,0.8963949,-0.3495331,0.2725852,0.0,0.0,0.0,0.0,0.0,0.0,0.0,-1.967049,-0.004849449,0.4786091,0.4279012,0.1192667,-1.975107,0.09073744,0.5303611,-0.05277379,0.8412483,12.04289,64.50446,0.436786,0.1562459,0.06077427,-0.9858463,0.3462356,-0.04253554,0.5843712,2.317886,-0.6787481,-1.418989,0.3086999,-0.376939,2.068999,0.4318641,0.007455496,-0.9019079,0.1850389,0.9779633,0.0966871,0.8827536,-0.2086438,0.4209676,moving,73.08598,-52.05093,8.486073,-10.32514,8.69299707448058,1.0320098917780904
05/04/2023 16:19:10.513054,3215,True,True,True,True,Eyes,0.4345696,0.1152635,-1.965688,0.8965872,-0.3496879,0.2717533,0.0,0.0,0.0,0.0,0.0,0.0,0.0,-1.965014,-0.01248741,0.4444706,0.43415,0.1176239,-1.96384,0.09027499,0.535551,-0.0538992,0.8379324,12.06494,65.20747,0.3729841,0.1644143,0.0603646,-0.9845423,0.3254615,-0.03998341,0.549309,2.329829,-0.6839213,-1.430967,0.3086999,-0.3794369,2.069,0.4205602,0.006365962,-0.9072424,0.1870215,0.9778906,0.09355715,0.8877795,-0.2090202,0.4100713,moving,73.13808,-52.14812,8.48607,-10.39208,8.696084146383408,1.034058298787881
05/04/2023 16:19:10.533284,3216,True,True,True,True,Eyes,0.4352775,0.1151435,-1.96436,0.8968433,-0.3499394,0.2705815,0.0,0.0,0.0,0.0,0.0,0.0,0.0,-1.962051,-0.02075899,0.4118234,0.4403128,0.1161866,-1.952511,0.09017652,0.5404422,-0.05559334,0.8346854,12.15916,65.87363,0.2733901,0.1710227,0.06001014,-0.9834376,0.3059338,-0.03758441,0.5163504,2.33997,-0.6917113,-1.441945,0.3086999,-0.3821253,2.069,0.4096631,0.0046645,-0.9122249,0.1902763,0.9775552,0.09044807,0.892172,-0.210628,0.3995808,moving,73.21121,-52.28795,8.486071,-10.46409,8.700460761684234,1.0369976286235363
05/04/2023 16:19:10.553178,3217,True,True,True,True,Eyes,0.4362032,0.1150222,-1.962641,0.8971774,-0.3502195,0.2691078,0.0,0.0,0.0,0.0,0.0,0.0,0.0,-1.957717,-0.02713093,0.3827164,0.4462405,0.1161422,-1.940939,0.09103858,0.5445825,-0.05719894,0.8317873,12.34212,66.45201,0.2346836,0.1764024,0.05970356,-0.9825056,0.2875777,-0.03532934,0.4853694,2.347922,-0.700748,-1.450628,0.3086998,-0.3847755,2.069,0.4003163,0.004001324,-0.9163683,0.1943108,0.9768806,0.08915038,0.895539,-0.2137486,0.3902837,moving,73.30341,-52.46141,8.486066,-10.53504,8.705942549071189,1.0406501861112774
05/04/2023 16:19:10.562815,3218,True,True,True,True,Eyes,0.4373661,0.1148791,-1.960597,0.8975321,-0.3505816,0.2674488,0.0,0.0,0.0,0.0,0.0,0.0,0.0,-1.953439,-0.03447342,0.353691,0.4524353,0.1159789,-1.929782,0.09089082,0.5487552,-0.05818246,0.8289883,12.38917,67.02669,0.1929076,0.1808172,0.05943838,-0.9817188,0.2703231,-0.03320958,0.4562472,2.357603,-0.7055356,-1.458843,0.3087001,-0.3876537,2.069,0.3909651,0.00328845,-0.9203997,0.1962188,0.9767073,0.08683899,0.8992466,-0.2145507,0.3812133,moving,73.40687,-52.66101,8.486073,-10.61206,8.712156971617837,1.0448419744994633
05/04/2023 16:19:10.583188,3219,True,True,True,True,Eyes,0.4387437,0.1147753,-1.958188,0.89795,-0.3509838,0.2655112,0.0,0.0,0.0,0.0,0.0,0.0,0.0,-1.948546,-0.04027873,0.3252397,0.458652,0.1153268,-1.918482,0.09097597,0.5527528,-0.05903781,0.8262581,12.45107,67.583,0.1768202,0.1844848,0.05920772,-0.9810501,0.2541037,-0.03121701,0.4288723,2.366934,-0.7107728,-1.466518,0.3086996,-0.3901184,2.069,0.3819578,0.003013505,-0.9241749,0.1981353,0.9764758,0.08507263,0.9026908,-0.2156059,0.3723755,moving,73.52779,-52.89333,8.486062,-10.67799,8.719407850336964,1.049723039780209
05/04/2023 16:19:10.603221,3220,True,True,True,True,Eyes,0.4403184,0.1147906,-1.955411,0.8984681,-0.3512497,0.2633984,0.0,0.0,0.0,0.0,0.0,0.0,0.0,-1.943243,-0.04657175,0.2983284,0.4650169,0.1161652,-1.907256,0.09123603,0.5564593,-0.05975504,0.8236859,12.52128,68.10368,0.1819154,0.1878745,0.05900026,-0.9804191,0.2388575,-0.02934399,0.40314,2.375873,-0.714876,-1.473284,0.3087,-0.3927782,2.069,0.3735648,0.003099495,-0.927599,0.199977,0.9762107,0.08379716,0.9057918,-0.2168021,0.3640581,moving,73.66077,-53.13417,8.486072,-10.7491,8.727195169879929,1.0548155330162055
05/04/2023 16:19:10.613288,3221,True,True,True,True,Eyes,0.4421123,0.1149162,-1.952308,0.899103,-0.3513735,0.2610564,0.0,0.0,0.0,0.0,0.0,0.0,0.0,-1.937377,-0.06098081,0.2727555,0.4714554,0.1190041,-1.896078,0.08927503,0.5601645,-0.06059648,0.8213245,12.38828,68.59304,0.02807914,0.1910282,0.05882059,-0.9798203,0.224526,-0.02758335,0.3789516,2.386632,-0.7110804,-1.477043,0.3086999,-0.3955686,2.069,0.3650876,0.0004786443,-0.9309731,0.1995562,0.9767161,0.07875954,0.9093341,-0.2145355,0.3564914,moving,73.80923,-53.38913,8.486069,-10.82366,8.735711635406028,1.0602392590197591
05/04/2023 16:19:10.633448,3222,True,True,True,True,Eyes,0.4441005,0.1151286,-1.948866,0.8998541,-0.3513125,0.2585384,0.0,0.0,0.0,0.0,0.0,0.0,0.0,-1.931786,-0.07718305,0.2441361,0.4784578,0.121659,-1.885108,0.08666884,0.5644705,-0.06145922,0.8185869,12.19713,69.16035,359.8373,0.1939836,0.0586723,-0.9792484,0.2110545,-0.02592834,0.3562145,2.399081,-0.7055012,-1.483109,0.3087002,-0.3981633,2.069,0.3551916,-0.002775402,-0.9347894,0.1984634,0.9774225,0.07250808,0.9134831,-0.2112758,0.347723,moving,73.97003,-53.64985,8.486076,-10.89297,8.744739297656277,1.065823723570066
05/04/2023 16:19:10.653356,3223,True,True,True,True,Eyes,0.4462963,0.1154128,-1.945152,0.9007027,-0.3511755,0.2557546,0.0,0.0,0.0,0.0,0.0,0.0,0.0,-1.925433,-0.09724899,0.2162312,0.4852639,0.1239324,-1.874211,0.08254053,0.5687572,-0.06254355,0.8159599,11.8789,69.70634,359.5214,0.196774,0.05855747,-0.9786984,0.1983912,-0.02437264,0.3348416,2.412303,-0.696685,-1.487168,0.3087,-0.4008,2.069,0.345207,-0.008175006,-0.9384909,0.1959571,0.9785507,0.06355534,0.9178414,-0.2058437,0.3394046,moving,74.1481,-53.93485,8.486075,-10.96336,8.754689103485015,1.0719380098850362
05/04/2023 16:19:10.662823,3224,True,True,True,True,Eyes,0.4486888,0.1157882,-1.941188,0.9015986,-0.351079,0.2527123,0.0,0.0,0.0,0.0,0.0,0.0,0.0,-1.919655,-0.1116174,0.1866003,0.4923666,0.1260381,-1.863878,0.08029386,0.5732404,-0.06339791,0.8129755,11.72639,70.31013,359.3547,0.1994289,0.0584771,-0.9781657,0.1864877,-0.02291029,0.3147511,2.424863,-0.690276,-1.495386,0.3087006,-0.4007999,2.069,0.3347524,-0.01102653,-0.9422416,0.1951372,0.9790672,0.05786939,0.9218798,-0.2032384,0.3298967,static,74.34216,-54.25305,8.486088,-10.96336,8.765629332557221,1.0787443455166192
05/04/2023 16:19:10.683009,3225,True,True,True,True,Eyes,0.4512773,0.1162289,-1.937003,0.9025814,-0.3509559,0.2493527,0.0,0.0,0.0,0.0,0.0,0.0,0.0,-1.913911,-0.1212616,0.1548843,0.4994763,0.12848,-1.853581,0.07926145,0.5780754,-0.06354124,0.8096352,11.64276,70.98618,359.3417,0.2019745,0.05843296,-0.9776458,0.1752985,-0.02153567,0.2958661,2.437267,-0.6850638,-1.507446,0.3087001,-0.4008,2.069,0.3235828,-0.01125227,-0.946133,0.1945286,0.9793603,0.05488244,0.9259875,-0.2018089,0.319093,static,74.55633,-54.60636,8.486076,-10.96336,8.777730492837371,1.0862961503551274
05/04/2023 16:19:10.703069,3226,True,True,True,True,Eyes,0.4540613,0.1166824,-1.93266,0.9035937,-0.3509671,0.245643,0.0,0.0,0.0,0.0,0.0,0.0,0.0,-1.908592,-0.1280109,0.1224295,0.5065036,0.1304481,-1.844054,0.07889091,0.5830719,-0.06342323,0.80609,11.60403,71.69803,359.4004,0.2044342,0.05842531,-0.9771348,0.1647805,-0.02024353,0.2781141,2.449157,-0.6814761,-1.522221,0.3087,-0.4007998,2.069,0.3120093,-0.0102515,-0.9500237,0.1942478,0.9795074,0.05322574,0.9300097,-0.2011469,0.3076068,static,74.79162,-55.01171,8.486072,-10.96335,8.791244197117978,1.0949159531543091
05/04/2023 16:19:10.723030,3227,True,True,True,True,Eyes,0.4570294,0.1171378,-1.928148,0.904696,-0.3509795,0.2415337,0.0,0.0,0.0,0.0,0.0,0.0,0.0,-1.903706,-0.1267768,0.08673131,0.5135993,0.1312314,-1.834853,0.08021474,0.5885726,-0.062287,0.8020402,11.65345,72.51297,359.6789,0.2068281,0.0584516,-0.9766293,0.1548937,-0.01902892,0.2614273,2.46084,-0.6809161,-1.542673,0.3087002,-0.4007999,2.069,0.2994054,-0.005488964,-0.9541103,0.1943377,0.9793719,0.05535005,0.934125,-0.2019917,0.2942959,static,75.05194,-55.4654,8.486075,-10.96336,8.806262000999723,1.1045508293523638
05/04/2023 16:19:10.732959,3228,True,True,True,True,Eyes,0.4601929,0.117589,-1.923506,0.9057921,-0.3511893,0.23708,0.0,0.0,0.0,0.0,0.0,0.0,0.0,-1.898559,-0.1278359,0.0504545,0.5208772,0.1317129,-1.826131,0.08088461,0.594236,-0.06145796,0.7978498,11.66029,73.34566,359.8865,0.2091747,0.05850901,-0.976126,0.1456001,-0.01788718,0.2457416,2.472698,-0.6795764,-1.56364,0.3087003,-0.4007999,2.069,0.286213,-0.00193935,-0.9581641,0.1941975,0.9793612,0.05602647,0.9382802,-0.2021086,0.2806825,static,75.33256,-55.9776,8.486078,-10.96336,8.8227457213606,1.1153718340736485
05/04/2023 16:19:10.753603,3229,True,True,True,True,Eyes,0.463541,0.1180534,-1.918718,0.9069654,-0.3513798,0.2322625,0.0,0.0,0.0,0.0,0.0,0.0,0.0,-1.892685,-0.1321578,0.0133965,0.5284308,0.1320789,-1.817475,0.08120121,0.6000826,-0.06143101,0.7934315,11.68802,74.20123,-0.001621643,0.2114895,0.05859458,-0.9756219,0.1368641,-0.01681395,0.2309971,2.483906,-0.6795623,-1.584984,0.3087003,-0.4007999,2.069,0.2722543,-2.773188e-05,-0.9622254,0.1949375,0.9792652,0.05512784,0.9422724,-0.2025826,0.2666146,static,75.63596,-56.53524,8.48608,-10.96336,8.840616756767668,1.12714383409961
05/04/2023 16:19:10.763170,3230,True,True,True,True,Eyes,0.4670705,0.1185526,-1.913799,0.9081615,-0.3515522,0.2272742,0.0,0.0,0.0,0.0,0.0,0.0,0.0,-1.886327,-0.1385605,-0.02313197,0.5361417,0.1328984,-1.809103,0.08086171,0.6058651,-0.06145979,0.7890575,11.65872,75.04248,0.05803301,0.2137874,0.0587066,-0.9751142,0.1286522,-0.01580511,0.2171373,2.495391,-0.6774331,-1.605627,0.3087001,-0.4007999,2.069,0.2583004,0.0009919663,-0.9660642,0.1949732,0.9793682,0.0531364,0.9461852,-0.2020817,0.2527778,static,75.94987,-57.11783,8.486075,-10.96336,8.859178652654487,1.1394295076486678
05/04/2023 16:19:10.782803,3231,True,True,True,True,Eyes,0.4707881,0.1190523,-1.908768,0.9094455,-0.351613,0.2219846,0.0,0.0,0.0,0.0,0.0,0.0,0.0,-1.879162,-0.1462571,-0.05907393,0.5438713,0.1342071,-1.800645,0.07900164,0.6115659,-0.06068633,0.784897,11.43427,75.85709,0.07975706,0.2160809,0.05884454,-0.9746002,0.1209331,-0.01485681,0.2041091,2.508939,-0.6683826,-1.624414,0.3087002,-0.4007999,2.069001,0.2446085,0.001364388,-0.9696211,0.1918944,0.9801518,0.0497889,0.9504438,-0.1982437,0.2394917,static,76.28301,-57.73446,8.486074,-10.96335,8.878856622556526,1.15243679593973
05/04/2023 16:19:10.803240,3232,True,True,True,True,Eyes,0.4746824,0.1195588,-1.903601,0.9106654,-0.3518653,0.2165163,0.0,0.0,0.0,0.0,0.0,0.0,0.0,-1.872205,-0.1522047,-0.0944128,0.552027,0.1346954,-1.792862,0.07758555,0.6170369,-0.05999689,0.7807986,11.25629,76.64793,0.1200717,0.2183816,0.05900616,-0.9740775,0.1136771,-0.0139654,0.1918625,2.521863,-0.6616239,-1.643461,0.3087001,-0.4008,2.069,0.2313316,0.002055331,-0.9728729,0.1894373,0.9807617,0.04711677,0.9542533,-0.195198,0.2264918,static,76.62589,-58.3944,8.486077,-10.96336,8.899432143245438,1.1662995980864248
05/04/2023 16:19:10.813432,3233,True,True,True,True,Eyes,0.4787573,0.1200747,-1.898362,0.9119452,-0.3520843,0.2106951,0.0,0.0,0.0,0.0,0.0,0.0,0.0,-1.864873,-0.1572929,-0.1307648,0.5603876,0.1353313,-1.785285,0.07681953,0.6226767,-0.05943734,0.7764277,11.14602,77.47678,0.196792,0.2206992,0.05918982,-0.9735438,0.1068565,-0.01312747,0.1803508,2.533865,-0.6568245,-1.664568,0.3087004,-0.4007998,2.069001,0.217482,0.003369879,-0.9760586,0.187965,0.9811319,0.04526913,0.9577948,-0.1933101,0.2127451,static,76.9907,-59.10276,8.48608,-10.96335,8.921402805363465,1.1811657967666123
05/04/2023 16:19:10.833256,3234,True,True,True,True,Eyes,0.4830025,0.1205978,-1.893012,0.9131466,-0.352472,0.2047605,0.0,0.0,0.0,0.0,0.0,0.0,0.0,-1.857347,-0.1617122,-0.1680509,0.568745,0.1360637,-1.778242,0.07651913,0.6285285,-0.05894464,0.7717658,11.08158,78.34845,0.3039507,0.2230431,0.05939403,-0.9729971,0.1004451,-0.01233983,0.1695297,2.544962,-0.6533257,-1.688091,0.3087001,-0.4008,2.069,0.202955,0.005205991,-0.9791743,0.1871718,0.9813407,0.04401291,0.9611327,-0.1922065,0.1981935,static,77.36128,-59.84654,8.486078,-10.96336,8.944029613722043,1.1967223206975133
05/04/2023 16:19:10.853514,3235,True,True,True,True,Eyes,0.4874173,0.1211064,-1.887615,0.9143605,-0.3529061,0.1984995,0.0,0.0,0.0,0.0,0.0,0.0,0.0,-1.84928,-0.1650755,-0.2051699,0.5771,0.1368708,-1.771272,0.07691184,0.6343344,-0.05855825,0.7669911,11.08543,79.22831,0.4523933,0.2254209,0.05961743,-0.9724354,0.0944184,-0.01159944,0.1593579,2.554762,-0.6518583,-1.712474,0.3087004,-0.4007999,2.069,0.1883816,0.007748335,-0.9820653,0.187403,0.981311,0.04369037,0.9640501,-0.1922724,0.1834089,static,77.75165,-60.6435,8.486083,-10.96336,8.968036311921841,1.2133626163345834
05/04/2023 16:19:10.872978,3236,True,True,True,True,Eyes,0.4920033,0.1216047,-1.882194,0.9155028,-0.3536345,0.1918258,0.0,0.0,0.0,0.0,0.0,0.0,0.0,-1.841273,-0.1656996,-0.2403657,0.5855004,0.1370648,-1.764631,0.07833483,0.6396825,-0.05819859,0.7624191,11.18078,80.06004,0.6702281,0.227839,0.05985751,-0.9718569,0.0887533,-0.01090347,0.1497965,2.563,-0.6537486,-1.736224,0.3087001,-0.4008,2.068999,0.1748384,0.0114754,-0.9845302,0.1889623,0.9809531,0.04499069,0.9662943,-0.1939052,0.1693399,static,78.16599,-61.52279,8.486077,-10.96337,8.99394272394504,1.2316523909025414
05/04/2023 16:19:10.883269,3237,True,True,True,True,Eyes,0.4967529,0.1220804,-1.876757,0.9165838,-0.3545132,0.1849172,0.0,0.0,0.0,0.0,0.0,0.0,0.0,-1.833046,-0.1674407,-0.2729789,0.5940605,0.1373809,-1.758075,0.0803553,0.6444978,-0.05855703,0.758114,11.38009,80.82406,0.8645377,0.2303026,0.0601121,-0.9712603,0.0834281,-0.01024926,0.1408087,2.569458,-0.6591764,-1.757774,0.3087001,-0.4008,2.069,0.1623874,0.01479182,-0.9866163,0.1923634,0.9802282,0.04635721,0.9677948,-0.1973167,0.1563313,static,78.59391,-62.45306,8.486075,-10.96336,9.020980675318715,1.2509581798391967
05/04/2023 16:19:10.903222,3238,True,True,True,True,Eyes,0.5016552,0.1225207,-1.87125,0.9175693,-0.3557049,0.1775968,0.0,0.0,0.0,0.0,0.0,0.0,0.0,-1.824851,-0.171326,-0.3043185,0.6026794,0.13737,-1.752127,0.08251233,0.6491032,-0.05975608,0.7538475,11.65272,81.56207,0.9959842,0.2328165,0.06037864,-0.9706442,0.07842241,-0.009634306,0.1323601,2.574423,-0.6677495,-1.778706,0.3087002,-0.4008,2.069,0.1501886,0.01702407,-0.9885108,0.197212,0.9792419,0.04682769,0.9687884,-0.2019791,0.1437135,static,79.04578,-63.46791,8.486078,-10.96336,9.049946308356095,1.2719556560810998
05/04/2023 16:19:10.913443,3239,True,True,True,True,Eyes,0.5067201,0.1229283,-1.865753,0.9184469,-0.3571085,0.1700844,0.0,0.0,0.0,0.0,0.0,0.0,0.0,-1.816258,-0.1766875,-0.3355072,0.6114103,0.1370949,-1.746413,0.08468094,0.6536946,-0.06143804,0.7494918,11.96176,82.30306,1.090379,0.2353851,0.06065433,-0.9700074,0.07371707,-0.009056248,0.1244185,2.578508,-0.6780027,-1.799705,0.3087003,-0.4007998,2.069,0.1378175,0.01861635,-0.9902827,0.2028056,0.978109,0.04661192,0.9694723,-0.2072588,0.1310251,static,79.50842,-64.53237,8.486081,-10.96336,9.079926329844128,1.2939314470995438
05/04/2023 16:19:10.933246,3240,True,True,True,True,Eyes,0.5119485,0.1233019,-1.860248,0.9191856,-0.3587679,0.1624293,0.0,0.0,0.0,0.0,0.0,0.0,0.0,-1.807237,-0.1859868,-0.3661042,0.6203166,0.1367772,-1.741042,0.08672488,0.6582337,-0.06422284,0.7450389,12.34361,83.03767,1.083563,0.2380115,0.06093648,-0.9693485,0.06929404,-0.008512873,0.1169534,2.581121,-0.6912832,-1.820168,0.3087003,-0.4007998,2.069,0.1252079,0.01847345,-0.9919586,0.2098675,0.9767085,0.04467954,0.9696798,-0.2137741,0.1184146,static,79.97872,-65.64175,8.48608,-10.96335,9.110750630809546,1.3167841714803208
05/04/2023 16:19:10.953610,3241,True,True,True,True,Eyes,0.5173473,0.1236492,-1.854765,0.9198338,-0.3605524,0.1546218,0.0,0.0,0.0,0.0,0.0,0.0,0.0,-1.797464,-0.1972106,-0.3968087,0.629442,0.1364389,-1.73563,0.0882583,0.6628074,-0.06723173,0.7405246,12.69953,83.77422,1.023353,0.2406988,0.06122262,-0.9686667,0.0651364,-0.008002101,0.1099362,2.583799,-0.7039605,-1.840112,0.3087003,-0.4008,2.069,0.1123326,0.017423,-0.9935179,0.21657,0.9753808,0.04159153,0.9697829,-0.2198383,0.1057937,static,80.45794,-66.78808,8.486081,-10.96336,9.142362330277917,1.3403693738529991
05/04/2023 16:19:10.962908,3242,True,True,True,True,Eyes,0.5229198,0.1239703,-1.849304,0.9203965,-0.3624005,0.1467518,0.0,0.0,0.0,0.0,0.0,0.0,0.0,-1.787236,-0.2106925,-0.4276426,0.6388494,0.1361802,-1.730551,0.08868223,0.6674334,-0.07023162,0.736027,12.96142,84.50398,0.8816023,0.24345,0.06151088,-0.9679607,0.06122822,-0.007521974,0.1033401,2.587605,-0.7137989,-1.859328,0.3087002,-0.4007999,2.069,0.0992004,0.01499421,-0.9949545,0.2217637,0.9744059,0.03679514,0.9700413,-0.2242949,0.09333627,static,80.94078,-67.95483,8.486078,-10.96336,9.174362718555518,1.3643538039996912
05/04/2023 16:19:10.983123,3243,True,True,True,True,Eyes,0.5286689,0.1242639,-1.843873,0.9209207,-0.3642242,0.1387292,0.0,0.0,0.0,0.0,0.0,0.0,0.0,-1.776414,-0.2244887,-0.4590809,0.6485085,0.1359276,-1.725618,0.08833271,0.6721614,-0.07285137,0.731498,13.13029,85.24117,0.7158167,0.2462678,0.0617995,-0.9672292,0.05755452,-0.007070656,0.09713965,2.592641,-0.7206142,-1.87854,0.3087001,-0.4007997,2.069,0.08578364,0.01216641,-0.9962396,0.2253289,0.97378,0.03129464,0.970499,-0.2271661,0.08079299,static,81.43327,-69.14869,8.486075,-10.96335,9.20705098761881,1.3888888527815664
05/04/2023 16:19:11.003163,3244,True,True,True,True,Eyes,0.5346045,0.1245159,-1.838465,0.9214566,-0.365835,0.1306996,0.0,0.0,0.0,0.0,0.0,0.0,0.0,-1.764833,-0.2375914,-0.4918323,0.658399,0.1355473,-1.720791,0.08705474,0.6771101,-0.07475989,0.72688,13.16747,86.0021,0.5418546,0.2491549,0.06208681,-0.9664711,0.05410125,-0.006646417,0.09131127,2.599473,-0.7231689,-1.898369,0.3087003,-0.4007998,2.069,0.07186585,0.00920837,-0.9973719,0.2265742,0.9736649,0.02531537,0.9713391,-0.227798,0.06788687,static,81.92701,-70.34003,8.48608,-10.96336,9.239751483914517,1.4133818477140712
05/04/2023 16:19:11.013101,3245,True,True,True,True,Eyes,0.5407232,0.1247175,-1.833087,0.9219698,-0.3673769,0.1224984,0.0,0.0,0.0,0.0,0.0,0.0,0.0,-1.752454,-0.2492183,-0.5256382,0.6687036,0.1348159,-1.715855,0.08573075,0.6821572,-0.07626661,0.7221464,13.17181,86.78403,0.4008706,0.2521139,0.06237055,-0.9656852,0.0,0.0,0.0,2.606879,-0.724794,-1.918941,0.3087003,-0.4007999,2.069,0.0576901,0.006812368,-0.9983114,0.227115,0.9736673,0.01976867,0.9721578,-0.2278719,0.05462378,static,82.43167,-71.55952,8.48608,-10.96336,9.27319817174193,1.4384504100429663
05/04/2023 16:19:11.033280,3246,True,True,True,True,Eyes,0.5470181,0.1248587,-1.827679,0.9225056,-0.3686521,0.1143635,0.0,0.0,0.0,0.0,0.0,0.0,0.0,-1.74007,-0.2584088,-0.55922,0.6790828,0.1338631,-1.71122,0.08470661,0.6870946,-0.0772746,0.717464,13.16392,87.56016,0.3247754,0.255147,0.06264817,-0.9648703,0.0,0.0,0.0,2.614331,-0.7258841,-1.94001,0.3087001,-0.4007999,2.069,0.04385951,0.005519411,-0.9990225,0.2272864,0.9737068,0.01535799,0.9728398,-0.2277378,0.04145184,static,82.93307,-72.76503,8.486074,-10.96336,9.306351023395784,1.4632423283917109
05/04/2023 16:19:11.053352,3247,True,True,True,True,Eyes,0.5534925,0.1249148,-1.822315,0.9229902,-0.3699197,0.1060585,0.0,0.0,0.0,0.0,0.0,0.0,0.0,-1.727434,-0.2649292,-0.5927424,0.6895788,0.132519,-1.706599,0.083928,0.6919355,-0.07772855,0.7128391,13.13349,88.33106,0.3135692,0.2582565,0.06291706,-0.9640251,0.0,0.0,0.0,2.622014,-0.7262657,-1.961315,0.3087004,-0.4008,2.069,0.03036699,0.005329645,-0.9995246,0.2269614,0.9738287,0.01208804,0.9734302,-0.2272206,0.02836259,static,83.44504,-74.00204,8.486084,-10.96336,9.340280347155977,1.4886712961903261
05/04/2023 16:19:11.073307,3248,True,True,True,True,Eyes,0.5601394,0.1248831,-1.816967,0.9234034,-0.3713404,0.09712151,0.0,0.0,0.0,0.0,0.0,0.0,0.0,-1.714813,-0.2701806,-0.6257722,0.7002974,0.1306857,-1.702257,0.0839709,0.6966059,-0.07833354,0.708204,13.18361,89.09501,0.3552594,0.2614438,0.06317331,-0.963149,0.0,0.0,0.0,2.628469,-0.7295611,-1.983017,0.3087001,-0.4008,2.069,0.01720803,0.006037015,-0.9998336,0.2279415,0.9736255,0.009801839,0.9735227,-0.2280722,0.01537809,static,83.99583,-75.343,8.486076,-10.96336,9.37691177164176,1.5162192750786359
05/04/2023 16:19:11.083137,3249,True,True,True,True,Eyes,0.5669624,0.1247586,-1.811671,0.9237021,-0.3728414,0.08811165,0.0,0.0,0.0,0.0,0.0,0.0,0.0,-1.702498,-0.2739704,-0.656822,0.7110493,0.1284761,-1.697904,0.08497006,0.7008331,-0.07907956,0.703818,13.32357,89.81003,0.4583561,0.2647104,0.06341331,-0.9622404,0.0,0.0,0.0,2.633592,-0.7359216,-2.003428,0.3087002,-0.4007999,2.069001,0.005158871,0.007784427,-0.9999565,0.2304149,0.973053,0.008763742,0.973079,-0.23045,0.003226228,static,84.55106,-76.70354,8.486076,-10.96336,9.413950269622042,1.5441541786904835
05/04/2023 16:19:11.103091,3250,True,True,True,True,Eyes,0.5739616,0.1245537,-1.806383,0.9239519,-0.3743092,0.078775,0.0,0.0,0.0,0.0,0.0,0.0,0.0,-1.69082,-0.277609,-0.6854893,0.7219722,0.1260972,-1.69372,0.08667299,0.7045388,-0.08016058,0.6997766,13.54777,90.45818,0.5858288,0.2680569,0.06363342,-0.9612991,0.0,0.0,0.0,2.637695,-0.7451372,-2.021832,0.3087004,-0.4007999,2.069,-0.005601177,0.00993996,-0.999935,0.234318,0.9721242,0.008350985,0.972144,-0.2342559,-0.007774165,static,85.12682,-78.11529,8.486084,-10.96336,9.45236980157694,1.5731389701220029
05/04/2023 16:19:11.113266,3251,True,True,True,True,Eyes,0.5811406,0.1242754,-1.801161,0.9241111,-0.3757583,0.06945771,0.0,0.0,0.0,0.0,0.0,0.0,0.0,-1.680032,-0.2806935,-0.7117521,0.7330539,0.1241051,-1.689709,0.08815187,0.7077202,-0.08090848,0.6962868,13.72601,91.01906,0.7138372,0.2714842,0.06383106,-0.9603236,0.0,0.0,0.0,2.642903,-0.7524126,-2.037399,0.3086996,-0.4007999,2.069,-0.01482789,0.01210269,-0.9998168,0.2374447,0.9713662,0.008236824,0.9712878,-0.2372791,-0.01727704,static,85.70164,-79.52728,8.486064,-10.96336,9.490759044341058,1.60212427614317
05/04/2023 16:19:11.133355,3252,True,True,True,True,Eyes,0.5884998,0.1239186,-1.796031,0.9242156,-0.377115,0.0600815,0.0,0.0,0.0,0.0,0.0,0.0,0.0,-1.66943,-0.2834429,-0.7377483,0.7444645,0.1220946,-1.685964,0.08883426,0.7107813,-0.0812192,0.6930383,13.80329,91.54615,0.80876,0.2749928,0.06400412,-0.9593133,0.0,0.0,0.0,2.649957,-0.7565012,-2.051838,0.3087004,-0.4007998,2.069,-0.02361292,0.0137074,-0.9996273,0.2388595,0.9710239,0.007672918,0.9707671,-0.2385892,-0.02620292,static,86.28054,-80.94778,8.486081,-10.96336,9.529401496299869,1.6312868926533475
05/04/2023 16:19:11.153438,3253,True,True,True,True,Eyes,0.596039,0.1234945,-1.790974,0.9242505,-0.3783996,0.05074111,0.0,0.0,0.0,0.0,0.0,0.0,0.0,-1.659374,-0.2846597,-0.7630881,0.7560909,0.119854,-1.682503,0.08907386,0.7136275,-0.08099013,0.6901032,13.80002,92.02978,0.9055516,0.2785826,0.06415029,-0.9582671,0.0,0.0,0.0,2.658581,-0.7581166,-2.065123,0.3087004,-0.4007998,2.069001,-0.03164696,0.015348,-0.9993815,0.2389142,0.9710129,0.007346765,0.9705251,-0.2385339,-0.03439646,static,86.85763,-82.36254,8.486081,-10.96335,9.567906576238228,1.6603339181857555
05/04/2023 16:19:11.163148,3254,True,True,True,True,Eyes,0.6037503,0.1230148,-1.786057,0.9242462,-0.3795408,0.04144577,0.0,0.0,0.0,0.0,0.0,0.0,0.0,-1.648646,-0.2868632,-0.7891496,0.7678669,0.1178278,-1.67916,0.08908445,0.7166359,-0.0808653,0.6869919,13.78638,92.53799,0.9778738,0.2822536,0.06426813,-0.9571843,0.0,0.0,0.0,2.667169,-0.7593001,-2.079153,0.3086999,-0.4008,2.069,-0.04021255,0.01657463,-0.9990537,0.2387898,0.9710495,0.0064986,0.9702383,-0.2383025,-0.04300626,static,87.43242,-83.76801,8.486073,-10.96336,9.60621165404216,1.689196539746785
05/04/2023 16:19:11.183072,3255,True,True,True,True,Eyes,0.6116466,0.1224918,-1.781227,0.9242159,-0.3805096,0.03221049,0.0,0.0,0.0,0.0,0.0,0.0,0.0,-1.638432,-0.288213,-0.814188,0.7797083,0.1159646,-1.676017,0.08868105,0.7194116,-0.08034278,0.6841987,13.7066,92.99936,1.041296,0.2860039,0.06435672,-0.9560644,0.0,0.0,0.0,2.677006,-0.7581561,-2.091795,0.3087003,-0.4007999,2.069,-0.04801586,0.0176555,-0.9986906,0.2375372,0.9713615,0.005751854,0.9701911,-0.2369499,-0.05083467,static,88.00396,-85.16139,8.486081,-10.96336,9.644247339434315,1.7178180863108086
05/04/2023 16:19:11.203271,3256,True,True,True,True,Eyes,0.6197223,0.1219222,-1.776454,0.9241667,-0.3813001,0.02293757,0.0,0.0,0.0,0.0,0.0,0.0,0.0,-1.627802,-0.2897177,-0.840387,0.791962,0.1143768,-1.673212,0.08732398,0.7223663,-0.07942761,0.6813611,13.51795,93.47163,1.056173,0.2898337,0.06441603,-0.9549063,0.0,0.0,0.0,2.688644,-0.7533495,-2.104892,0.3087002,-0.4007999,2.069,-0.05624329,0.01792203,-0.9982563,0.2343976,0.9721316,0.004246676,0.9705125,-0.23375,-0.05887684,static,88.57822,-86.55745,8.486078,-10.96336,9.682413679426828,1.7465015739670622
05/04/2023 16:19:11.213370,3257,True,True,True,True,Eyes,0.6279767,0.1213049,-1.771776,0.9240997,-0.3819053,0.01371117,0.0,0.0,0.0,0.0,0.0,0.0,0.0,-1.616408,-0.2899656,-0.867876,0.8041931,0.1126591,-1.670523,0.08570313,0.7255718,-0.07810355,0.6783071,13.27385,93.98264,1.083902,0.2937428,0.06444595,-0.9537091,0.0,0.0,0.0,2.700642,-0.7467334,-2.11955,0.3087001,-0.4007998,2.069,-0.06510899,0.01841115,-0.9977084,0.2303239,0.9731096,0.002926634,0.9709335,-0.2296055,-0.06759868,static,89.14995,-87.94385,8.486073,-10.96336,9.720367141805866,1.774992724817722
05/04/2023 16:19:11.233282,3258,True,True,True,True,Eyes,0.6364005,0.1206648,-1.767228,0.9239883,-0.3823941,0.004514933,0.0,0.0,0.0,0.0,0.0,0.0,0.0,-1.605308,-0.2895123,-0.894684,0.8166245,0.1108938,-1.667968,0.08451918,0.7285838,-0.07679447,0.6753702,13.06556,94.47212,1.142873,0.2977303,0.06444619,-0.9524719,0.0,0.0,0.0,2.712311,-0.7411851,-2.133834,0.3087007,-0.4008,2.069,-0.07346335,0.01942923,-0.9971087,0.226888,0.9739183,0.002261064,0.9711462,-0.2260659,-0.07595558,static,89.72003,-89.32354,8.48609,-10.96336,9.758176545303803,1.8033507318219741
05/04/2023 16:19:11.253027,3259,True,True,True,True,Eyes,0.6449918,0.120051,-1.76278,0.9238369,-0.3827583,-0.004634214,0.0,0.0,0.0,0.0,0.0,0.0,0.0,-1.594479,-0.2893196,-0.9208027,0.8291315,0.1096279,-1.665673,0.08348241,0.7314616,-0.07551999,0.6725262,12.87167,94.94366,1.207868,0.3017944,0.06441768,-0.951194,0.0,0.0,0.0,2.723823,-0.7355772,-2.147825,0.3087001,-0.4007998,2.069001,-0.08147869,0.02055003,-0.9964634,0.2237067,0.9746549,0.001808297,0.9712451,-0.2227681,-0.08401069,static,-89.71259,89.30633,8.486073,-10.96335,1.1157699091178168,-2.317282263006627
05/04/2023 16:19:11.263217,3260,True,True,True,True,Eyes,0.6537502,0.1194935,-1.75841,0.9236133,-0.3830781,-0.01377289,0.0,0.0,0.0,0.0,0.0,0.0,0.0,-1.583469,-0.2902958,-0.9464857,0.8416858,0.109333,-1.663458,0.08291487,0.7342993,-0.07447889,0.6696139,12.73379,95.42046,1.293839,0.3059332,0.06436396,-0.9498746,0.0,0.0,0.0,2.734368,-0.7307625,-2.162149,0.3087001,-0.4007999,2.069,-0.08948489,0.02202445,-0.9957447,0.2215128,0.9751561,0.001662327,0.9710432,-0.2204215,-0.09214042,static,-89.14567,87.94092,8.486075,-10.96336,1.153285200463607,-2.2892061139223023
05/04/2023 16:19:11.282985,3261,True,True,True,True,Eyes,0.6626644,0.1189969,-1.754136,0.9233864,-0.3831926,-0.022824,0.0,0.0,0.0,0.0,0.0,0.0,0.0,-1.57245,-0.2921638,-0.9719034,0.8543202,0.110406,-1.661476,0.0818714,0.7371231,-0.07320334,0.6667742,12.53871,95.88618,1.354729,0.3101456,0.06428991,-0.9485126,0.0,0.0,0.0,2.74575,-0.7227793,-2.176251,0.3087005,-0.4007999,2.069,-0.09741835,0.0230784,-0.9949759,0.2183188,0.9758766,0.001259741,0.9710029,-0.2170992,-0.1001068,static,-88.58407,86.59134,8.486089,-10.96336,1.1904099944312696,-2.2614501421422024
05/04/2023 16:19:11.303241,3262,True,True,True,True,Eyes,0.6717362,0.1185459,-1.749993,0.9230936,-0.3832592,-0.03178961,0.0,0.0,0.0,0.0,0.0,0.0,0.0,-1.561347,-0.2945919,-0.9966446,0.8668749,0.1113901,-1.65952,0.07964105,0.7398403,-0.07185119,0.6641769,12.24593,96.31035,1.313394,0.3144294,0.06420008,-0.9471072,0.0,0.0,0.0,2.758631,-0.7121245,-2.188461,0.3087006,-0.4007999,2.069,-0.1050527,0.02239953,-0.9942144,0.2132871,0.9769894,-0.0005253088,0.9713252,-0.2121083,-0.1074129,static,-88.02763,85.25843,8.486089,-10.96336,1.2271392610751297,-2.2340294569156827
05/04/2023 16:19:11.313357,3263,True,True,True,True,Eyes,0.6809456,0.1181982,-1.745921,0.922763,-0.3832214,-0.04061621,0.0,0.0,0.0,0.0,0.0,0.0,0.0,-1.549568,-0.2998822,-1.021236,0.879775,0.111955,-1.657551,0.07762727,0.7425268,-0.07150073,0.6614497,12.05646,96.73816,1.212418,0.3187821,0.06409768,-0.945658,0.0,0.0,0.0,2.770189,-0.705692,-2.200217,0.3087002,-0.4007999,2.069001,-0.1129169,0.0206924,-0.9933891,0.2098689,0.9777233,-0.003489335,0.9711875,-0.2088755,-0.1147441,static,-87.47971,83.95002,8.486075,-10.96336,1.263254001374123,-2.207105525415321
05/04/2023 16:19:11.333094,3264,True,True,True,True,Eyes,0.6902869,0.1179558,-1.741939,0.9222817,-0.3833657,-0.04926633,0.0,0.0,0.0,0.0,0.0,0.0,0.0,-1.538176,-0.3060261,-1.043652,0.8922402,0.1138364,-1.655233,0.07587583,0.7449069,-0.07120512,0.6590043,11.89316,97.11997,1.12381,0.3232008,0.06398885,-0.9441642,0.0,0.0,0.0,2.781276,-0.6987544,-2.210155,0.3087003,-0.4007998,2.069,-0.1199127,0.0191919,-0.992599,0.2068898,0.9783454,-0.006077371,0.9709879,-0.2060873,-0.1212866,static,-86.94229,82.67706,8.486081,-10.96336,1.298544408212468,-2.1808925941697757
05/04/2023 16:19:11.353016,3265,True,True,True,True,Eyes,0.6997507,0.1178452,-1.738038,0.9217695,-0.3834263,-0.05766469,0.0,0.0,0.0,0.0,0.0,0.0,0.0,-1.530812,-0.3110616,-1.061001,0.9047284,0.1161448,-1.653435,0.07507042,0.7461748,-0.07089591,0.6576941,11.80305,97.32635,1.09907,0.3276824,0.06387921,-0.9426256,0.0,0.0,0.0,2.793012,-0.6935228,-2.215147,0.3087001,-0.4007998,2.069,-0.1236059,0.01877566,-0.9921538,0.2052869,0.9786764,-0.007054725,0.970865,-0.2045482,-0.1248246,static,-86.42032,81.4472,8.486074,-10.96335,1.3327373687845183,-2.1555555072669774
05/04/2023 16:19:11.372868,3266,True,True,True,True,Eyes,0.7093371,0.1178378,-1.73426,0.9211214,-0.3836506,-0.06593597,0.0,0.0,0.0,0.0,0.0,0.0,0.0,-1.52641,-0.3141809,-1.074178,0.9171128,0.1193041,-1.651413,0.07517851,0.7465492,-0.07018337,0.6573331,11.74904,97.39279,1.169419,0.332224,0.06377523,-0.9410416,0.0,0.0,0.0,2.805516,-0.6881495,-2.215903,0.3087001,-0.4007998,2.069,-0.1245228,0.01998119,-0.9920157,0.2045166,0.978845,-0.005956035,0.9709105,-0.2036253,-0.125975,static,-85.90562,80.24815,8.486074,-10.96336,1.3662797247998242,-2.130828468840381
05/04/2023 16:19:11.383166,3267,True,True,True,True,Eyes,0.7190274,0.1179062,-1.730576,0.9204324,-0.3838279,-0.074028,0.0,0.0,0.0,0.0,0.0,0.0,0.0,-1.521348,-0.3153433,-1.090388,0.9296333,0.121909,-1.650396,0.07499741,0.7474543,-0.06894393,0.6564558,11.62643,97.54585,1.26344,0.3368214,0.06368107,-0.9394123,0.0,0.0,0.0,2.818249,-0.6808703,-2.22081,0.3086999,-0.4007999,2.069,-0.1268826,0.02159701,-0.9916826,0.2026315,0.9792442,-0.004599903,0.9710002,-0.2015298,-0.1286252,static,-85.40175,79.08353,8.48607,-10.96336,1.3989990404488193,-2.106794660755194
05/04/2023 16:19:11.402852,3268,True,True,True,True,Eyes,0.7288018,0.1180431,-1.726964,0.919586,-0.3842409,-0.08197916,0.0,0.0,0.0,0.0,0.0,0.0,0.0,-1.514777,-0.3175094,-1.107252,0.9418325,0.1236742,-1.648947,0.0754753,0.7486046,-0.06833653,0.6551526,11.60771,97.75694,1.37239,0.3414709,0.06359919,-0.9377379,0.0,0.0,0.0,2.828614,-0.6778766,-2.227109,0.3087001,-0.4007999,2.069,-0.1301573,0.02346059,-0.9912158,0.202544,0.9792672,-0.003418413,0.9705849,-0.2012097,-0.1322106,static,-84.90567,77.95631,8.486074,-10.96336,1.4309653108062577,-2.0834969847914224
05/04/2023 16:19:11.413471,3269,True,True,True,True,Eyes,0.7386523,0.1182339,-1.723429,0.9186836,-0.3846672,-0.08973046,0.0,0.0,0.0,0.0,0.0,0.0,0.0,-1.508366,-0.3214006,-1.122199,0.9536344,0.1254877,-1.647007,0.07655164,0.7495005,-0.06835983,0.654,11.6891,97.9371,1.482572,0.3461682,0.06353144,-0.9360186,0.0,0.0,0.0,2.837477,-0.6782289,-2.231707,0.3087,-0.4007999,2.069,-0.1328479,0.02533631,-0.9908127,0.2041656,0.9789335,-0.002341905,0.9698804,-0.202601,-0.1352222,static,-84.42146,76.86954,8.486073,-10.96336,1.4619949171064208,-2.061010119428135
05/04/2023 16:19:11.433129,3270,True,True,True,True,Eyes,0.7485719,0.11846,-1.719997,0.9176236,-0.3852823,-0.09759317,0.0,0.0,0.0,0.0,0.0,0.0,0.0,-1.501698,-0.3266647,-1.137162,0.9652988,0.1269889,-1.645302,0.0771604,0.7504568,-0.0687293,0.6527919,11.76489,98.11991,1.526473,0.3509089,0.06347872,-0.9342553,0.0,0.0,0.0,2.846219,-0.6790624,-2.236164,0.3087,-0.4008,2.069,-0.135818,0.02607923,-0.9903904,0.2055429,0.9786451,-0.002417366,0.9691777,-0.2038961,-0.1382779,static,-83.92918,75.78578,8.486074,-10.96336,1.4932724565305113,-2.038545521090806
05/04/2023 16:19:11.453469,3271,True,True,True,True,Eyes,0.7585604,0.1187159,-1.716638,0.9165066,-0.3858966,-0.1053536,0.0,0.0,0.0,0.0,0.0,0.0,0.0,-1.49212,-0.338618,-1.154566,0.9768869,0.1280675,-1.644201,0.07668784,0.7521222,-0.07069965,0.6507172,11.89705,98.41139,1.367138,0.3556879,0.06344078,-0.9324489,0.0,0.0,0.0,2.852912,-0.6833366,-2.243244,0.3087,-0.4007998,2.069,-0.1413724,0.02334629,-0.9896812,0.2073682,0.9782411,-0.00654537,0.967994,-0.2061538,-0.1431375,static,-83.44257,74.72981,8.486072,-10.96336,1.523994645548973,-2.0166274011676264
05/04/2023 16:19:11.462833,3272,True,True,True,True,Eyes,0.7686128,0.1190075,-1.713347,0.9152926,-0.3865595,-0.113187,0.0,0.0,0.0,0.0,0.0,0.0,0.0,-1.480319,-0.3477027,-1.174499,0.988486,0.1290285,-1.642539,0.07585235,0.7542756,-0.0717943,0.6481979,11.92552,98.78141,1.250542,0.3605016,0.0634172,-0.9306,0.0,0.0,0.0,2.860195,-0.6839741,-2.252811,0.3086998,-0.4007999,2.069,-0.1481719,0.0213533,-0.9887311,0.2075009,0.978184,-0.009970712,0.966948,-0.20664,-0.1493702,static,-82.95048,73.67965,8.486066,-10.96336,1.5548371956037887,-1.9947951922750624
05/04/2023 16:19:11.482932,3273,True,True,True,True,Eyes,0.7787327,0.1193595,-1.710109,0.9141284,-0.387009,-0.1208024,0.0,0.0,0.0,0.0,0.0,0.0,0.0,-1.467971,-0.3541283,-1.195213,1.000063,0.1301563,-1.640675,0.07424414,0.7565351,-0.07199936,0.6457233,11.8191,99.15395,1.132951,0.3653459,0.06340794,-0.9287094,0.0,0.0,0.0,2.869249,-0.6798729,-2.262523,0.3087001,-0.4007999,2.069,-0.1550583,0.01935323,-0.9877158,0.2053199,0.9786078,-0.01305773,0.9663336,-0.2048224,-0.1557148,static,-82.47196,72.66457,8.486074,-10.96336,1.5847512145222837,-1.97368008179749
05/04/2023 16:19:11.503001,3274,True,True,True,True,Eyes,0.7889223,0.1197685,-1.706917,0.9129792,-0.3872894,-0.128358,0.0,0.0,0.0,0.0,0.0,0.0,0.0,-1.458133,-0.3587028,-1.212742,1.011688,0.1318517,-1.638495,0.07154224,0.7580347,-0.07151304,0.6443222,11.5727,99.36823,0.9538203,0.3702179,0.06341427,-0.9267778,0.0,0.0,0.0,2.88196,-0.6707761,-2.266643,0.3087,-0.4007999,2.069,-0.1594613,0.01630813,-0.9870695,0.2006179,0.9795352,-0.01622622,0.9666047,-0.2006112,-0.1594697,static,-81.99711,71.66344,8.486074,-10.96336,1.614357234179658,-1.9528427946326823
05/04/2023 16:19:11.513203,3275,True,True,True,True,Eyes,0.7991872,0.120196,-1.70378,0.9119109,-0.3872938,-0.1357276,0.0,0.0,0.0,0.0,0.0,0.0,0.0,-1.449152,-0.3614049,-1.230445,1.023546,0.1335964,-1.636812,0.06728769,0.7594096,-0.07032435,0.6432915,11.15017,99.53132,0.6844261,0.3751145,0.06343718,-0.924805,0.0,0.0,0.0,2.897834,-0.6560976,-2.269367,0.3087001,-0.4007999,2.069,-0.1632966,0.0117197,-0.9865074,0.1926759,0.9810537,-0.02023876,0.9675795,-0.1933812,-0.1624609,static,-81.53432,70.68693,8.486075,-10.96336,1.643221610466215,-1.9325195682729497
05/04/2023 16:19:11.534047,3276,True,True,True,True,Eyes,0.8095119,0.1206419,-1.700678,0.9108077,-0.3872288,-0.1431198,0.0,0.0,0.0,0.0,0.0,0.0,0.0,-1.438487,-0.3632663,-1.249743,1.035532,0.1346115,-1.634814,0.06315777,0.7610809,-0.06915259,0.6418607,10.73917,99.75487,0.4294319,0.3800335,0.06347548,-0.922792,0.0,0.0,0.0,2.912915,-0.6424186,-2.27384,0.3087001,-0.4007999,2.069001,-0.1680522,0.007363651,-0.9857507,0.184909,0.9824581,-0.02418445,0.9682807,-0.1863384,-0.1664657,static,-81.06985,69.71568,8.486073,-10.96336,1.672078546302524,-1.9122880714571848
05/04/2023 16:19:11.553392,3277,True,True,True,True,Eyes,0.8198957,0.1211227,-1.69762,0.9096864,-0.3871245,-0.15035,0.0,0.0,0.0,0.0,0.0,0.0,0.0,-1.428352,-0.3636553,-1.268239,1.04728,0.1352179,-1.632723,0.06044628,0.7626224,-0.06799324,0.6404141,10.43545,99.98329,0.2975747,0.3849724,0.06352819,-0.9207388,0.0,0.0,0.0,2.926161,-0.6321236,-2.279011,0.3086999,-0.4007999,2.069,-0.1724319,0.00510772,-0.9850082,0.179283,0.9834463,-0.02628503,0.9685684,-0.1811277,-0.1704933,static,-80.61518,68.77501,8.486073,-10.96336,1.7001980529617597,-1.8926730568868941
05/04/2023 16:19:11.562819,3278,True,True,True,True,Eyes,0.8303332,0.1216409,-1.694596,0.9084097,-0.3872509,-0.1575709,0.0,0.0,0.0,0.0,0.0,0.0,0.0,-1.418299,-0.3678285,-1.285627,1.059168,0.1364632,-1.63072,0.05914027,0.7640504,-0.06789791,0.6388424,10.33,100.2193,0.2108375,0.3899283,0.06359523,-0.9186463,0.0,0.0,0.0,2.936782,-0.6277278,-2.284382,0.3086999,-0.4007998,2.069001,-0.176766,0.003620162,-0.9842464,0.1771244,0.9837846,-0.02819223,0.9681845,-0.1793175,-0.174541,static,-80.15951,67.85879,8.486068,-10.96335,1.7280414088641307,-1.873513378896284
05/04/2023 16:19:11.583156,3279,True,True,True,True,Eyes,0.8408204,0.1221608,-1.691619,0.907076,-0.3873951,-0.1647369,0.0,0.0,0.0,0.0,0.0,0.0,0.0,-1.408009,-0.3720923,-1.302745,1.070846,0.1379958,-1.628598,0.05908176,0.7655252,-0.06793028,0.6370762,10.32805,100.4855,0.2273447,0.3948987,0.06367671,-0.9165151,0.0,0.0,0.0,2.945423,-0.6260402,-2.291099,0.3087002,-0.4008,2.069,-0.1812866,0.003903624,-0.9834225,0.1770107,0.9837896,-0.02872551,0.9673688,-0.1792838,-0.1790389,static,-79.70653,66.96274,8.486079,-10.96336,1.7555322556758295,-1.8547442752225045
05/04/2023 16:19:11.603129,3280,True,True,True,True,Eyes,0.8513435,0.1226602,-1.688727,0.9056036,-0.3877061,-0.1719481,0.0,0.0,0.0,0.0,0.0,0.0,0.0,-1.396773,-0.3737303,-1.321372,1.082397,0.1385692,-1.626618,0.06080685,0.7673442,-0.06769552,0.6347463,10.43299,100.8442,0.4299912,0.3998808,0.06377081,-0.9143457,0.0,0.0,0.0,2.951343,-0.6279806,-2.302001,0.3087003,-0.4007998,2.069001,-0.1867997,0.0073806,-0.9823704,0.1792585,0.9834397,-0.0266977,0.9659051,-0.1810854,-0.1850293,static,-79.24915,66.08266,8.486077,-10.96335,1.782975654395151,-1.8362566527867448
05/04/2023 16:19:11.623218,3281,True,True,True,True,Eyes,0.8619114,0.1231372,-1.685875,0.9040311,-0.3881135,-0.179153,0.0,0.0,0.0,0.0,0.0,0.0,0.0,-1.385099,-0.375525,-1.340078,1.094092,0.1387608,-1.624511,0.06273897,0.7691732,-0.06758788,0.6323516,10.56318,101.2109,0.6432098,0.4048707,0.06387461,-0.91214,0.0,0.0,0.0,2.956884,-0.6311039,-2.312996,0.3087004,-0.4007999,2.069,-0.1923911,0.01103566,-0.9812564,0.1819929,0.9829914,-0.02462741,0.9642948,-0.1833197,-0.1911271,static,-78.79085,65.22198,8.486084,-10.96336,1.810204428994577,-1.818129781865324
05/04/2023 16:19:11.633391,3282,True,True,True,True,Eyes,0.8725209,0.1235916,-1.683071,0.9023019,-0.3887028,-0.1864442,0.0,0.0,0.0,0.0,0.0,0.0,0.0,-1.373591,-0.376466,-1.35861,1.105661,0.138674,-1.622524,0.06688036,0.77103,-0.06751257,0.629668,10.85553,101.6263,1.05674,0.409866,0.06398551,-0.9098985,0.0,0.0,0.0,2.959383,-0.638957,-2.326583,0.3087002,-0.4008,2.068999,-0.1980904,0.0181125,-0.9800164,0.1881545,0.9819381,-0.01988361,0.9619552,-0.1883333,-0.1979204,static,-78.32518,64.37495,8.486081,-10.96337,1.8375206909004396,-1.8002281550812826
05/04/2023 16:19:11.653400,3283,True,True,True,True,Eyes,0.8831773,0.1240166,-1.680299,0.9004937,-0.3893372,-0.1937203,0.0,0.0,0.0,0.0,0.0,0.0,0.0,-1.361589,-0.3767349,-1.377594,1.117336,0.1387063,-1.620475,0.07041367,0.7729336,-0.06710287,0.6269872,11.07122,102.0434,1.442482,0.4148642,0.06410116,-0.9076223,0.0,0.0,0.0,2.962856,-0.6441914,-2.340077,0.3087003,-0.4007999,2.069,-0.2038583,0.02470492,-0.9786887,0.1929955,0.9810782,-0.01543521,0.9597889,-0.1920291,-0.2047689,static,-77.85918,63.5467,8.48608,-10.96336,1.8646092996352959,-1.7826781341990263
05/04/2023 16:19:11.663224,3284,True,True,True,True,Eyes,0.893881,0.1244139,-1.677571,0.8985553,-0.3901321,-0.2009861,0.0,0.0,0.0,0.0,0.0,0.0,0.0,-1.349342,-0.3775738,-1.39645,1.129111,0.1384864,-1.618421,0.07317653,0.7747889,-0.06678823,0.6244093,11.23758,102.4411,1.751948,0.4198634,0.0642191,-0.9053122,0.0,0.0,0.0,2.967236,-0.6483906,-2.352465,0.3087005,-0.4007998,2.069001,-0.2095168,0.02998634,-0.9773453,0.1967991,0.980369,-0.01210934,0.9577959,-0.1948777,-0.2113051,static,-77.39178,62.74363,8.486084,-10.96335,1.8914266440838459,-1.7655954710319919
05/04/2023 16:19:11.682802,3285,True,True,True,True,Eyes,0.904637,0.1247773,-1.674869,0.8965577,-0.3909423,-0.2082026,0.0,0.0,0.0,0.0,0.0,0.0,0.0,-1.336396,-0.3803489,-1.415318,1.140979,0.1382578,-1.616414,0.07545357,0.7766885,-0.06688396,0.6217626,11.40392,102.842,1.989791,0.4248618,0.06433723,-0.9029689,0.0,0.0,0.0,2.971583,-0.6529774,-2.364433,0.3087003,-0.4007999,2.069001,-0.2154366,0.03403593,-0.9759247,0.2003797,0.9796666,-0.0100676,0.9557381,-0.1977244,-0.2178762,static,-76.92625,61.96175,8.486077,-10.96336,1.9179075699370265,-1.7489190687051188
05/04/2023 16:19:11.703198,3286,True,True,True,True,Eyes,0.9154387,0.1250931,-1.672214,0.8944923,-0.3917675,-0.2154108,0.0,0.0,0.0,0.0,0.0,0.0,0.0,-1.322751,-0.384133,-1.434204,1.152989,0.1379009,-1.614239,0.07672282,0.7785965,-0.06716219,0.6191851,11.51332,103.2265,2.123066,0.4298582,0.06445332,-0.9005927,0.0,0.0,0.0,2.976997,-0.6563222,-2.375095,0.3087,-0.4008,2.069,-0.2214465,0.03630058,-0.9744965,0.2026439,0.9792057,-0.009573219,0.953885,-0.1995957,-0.2241978,static,-76.45991,61.1961,8.486074,-10.96336,1.9442103724662276,-1.7325442988760043
05/04/2023 16:19:11.712995,3287,True,True,True,True,Eyes,0.9262909,0.1253585,-1.669588,0.8923737,-0.3925812,-0.2225967,0.0,0.0,0.0,0.0,0.0,0.0,0.0,-1.30889,-0.3860153,-1.453693,1.164961,0.1371008,-1.612294,0.07789964,0.7805873,-0.06702947,0.6165406,11.57797,103.6248,2.279335,0.4348507,0.06456465,-0.8981848,0.0,0.0,0.0,2.982687,-0.6584566,-2.386671,0.3087004,-0.4007999,2.069001,-0.2276189,0.03896215,-0.9729707,0.2042677,0.9788774,-0.008588112,0.9520844,-0.2007013,-0.2307697,static,-75.99378,60.44641,8.486081,-10.96336,1.9703023067085748,-1.7164704231881767
05/04/2023 16:19:11.733017,3288,True,True,True,True,Eyes,0.9371912,0.1255748,-1.666997,0.8911735,-0.3919282,-0.2284775,0.0,0.0,0.0,0.0,0.0,0.0,0.0,-1.294239,-0.3879935,-1.473558,1.17701,0.1361809,-1.610301,0.07908065,0.7826726,-0.06691529,0.6137527,11.64326,104.0432,2.437217,0.4398382,0.06466866,-0.8957454,0.0,0.0,0.0,2.988068,-0.6607197,-2.39879,0.3087004,-0.4007999,2.069,-0.2341079,0.04164962,-0.9713181,0.2059274,0.9785372,-0.007673621,0.9501512,-0.2018174,-0.2376602,static,-75.62032,59.75963,8.486082,-10.96336,1.9923047945128705,-1.701973087096614
05/04/2023 16:19:11.753216,3289,True,True,True,True,Eyes,0.9481393,0.1257357,-1.664433,0.8898954,-0.3913251,-0.2344159,0.0,0.0,0.0,0.0,0.0,0.0,0.0,-1.277809,-0.3892566,-1.494623,1.188976,0.1349893,-1.608206,0.08015828,0.7850593,-0.06662808,0.6105878,11.68327,104.5178,2.604115,0.4448193,0.06476312,-0.8932755,0.0,0.0,0.0,2.992806,-0.6623416,-2.412669,0.3087002,-0.4007999,2.069,-0.2415144,0.04449341,-0.9693766,0.2072226,0.9782707,-0.006726645,0.9480134,-0.2025013,-0.2454865,static,-75.24242,59.07708,8.48608,-10.96336,2.014410885461129,-1.6875363845519686
05/04/2023 16:19:11.763039,3290,True,True,True,True,Eyes,0.959108,0.125831,-1.661999,0.8886454,-0.3905399,-0.2403913,0.0,0.0,0.0,0.0,0.0,0.0,0.0,-1.261752,-0.3910168,-1.515088,1.201054,0.1338445,-1.606225,0.08134189,0.787316,-0.06645063,0.6075372,11.74005,104.9734,2.771478,0.4497927,0.06484575,-0.8907756,0.0,0.0,0.0,2.997562,-0.6644807,-2.425941,0.3087002,-0.4007999,2.069,-0.2485642,0.04734106,-0.9674578,0.208826,0.9779357,-0.00579884,0.945837,-0.2034717,-0.2529658,static,-74.86297,58.38621,8.486078,-10.96336,2.0366780078738325,-1.6729367000575817
05/04/2023 16:19:11.783008,3291,True,True,True,True,Eyes,0.9701272,0.125844,-1.659578,0.8873137,-0.3897994,-0.2464361,0.0,0.0,0.0,0.0,0.0,0.0,0.0,-1.244232,-0.3924673,-1.536341,1.213188,0.1322044,-1.604115,0.08228181,0.789763,-0.06626436,0.6042461,11.77701,105.4623,2.921001,0.4547541,0.06491369,-0.888248,0.0,0.0,0.0,3.00204,-0.6665381,-2.440007,0.3087001,-0.4007998,2.069,-0.2562328,0.04988628,-0.965327,0.2100462,0.9776775,-0.005229352,0.9435175,-0.2041032,-0.2609915,static,-74.47828,57.69841,8.486078,-10.96336,2.059091899581124,-1.6583724430540814
05/04/2023 16:19:11.802985,3292,True,True,True,True,Eyes,0.9811996,0.1257753,-1.657168,0.8859477,-0.3889859,-0.2525603,0.0,0.0,0.0,0.0,0.0,0.0,0.0,-1.226086,-0.394509,-1.557603,1.22541,0.1302993,-1.602012,0.08301032,0.7922379,-0.06626537,0.6008974,11.81529,105.9553,3.038883,0.459703,0.06496385,-0.8856933,0.0,0.0,0.0,3.006407,-0.6690812,-2.453917,0.3087003,-0.4007998,2.069001,-0.2640638,0.05189047,-0.9631087,0.2111652,0.9774364,-0.005234479,0.9411058,-0.2047572,-0.269063,static,-74.08855,57.00519,8.486075,-10.96335,2.0817536745336995,-1.643684876768428
05/04/2023 16:19:11.813326,3293,True,True,True,True,Eyes,0.9923216,0.1256256,-1.654769,0.8845022,-0.3882078,-0.2587482,0.0,0.0,0.0,0.0,0.0,0.0,0.0,-1.207208,-0.3972282,-1.578756,1.237739,0.1282224,-1.599742,0.08287521,0.7947188,-0.06646339,0.5976089,11.81155,106.4323,3.062073,0.4646395,0.06499352,-0.8831113,0.0,0.0,0.0,3.011613,-0.6709005,-2.466617,0.3087001,-0.4007998,2.069,-0.2719909,0.05228677,-0.9608783,0.2111632,0.9774287,-0.006585501,0.9388457,-0.2046933,-0.2768928,static,-73.69394,56.31576,8.486075,-10.96335,2.1045402704041196,-1.629047802519016
05/04/2023 16:19:11.833389,3294,True,True,True,True,Eyes,1.003522,0.1253866,-1.652304,0.8830059,-0.3873869,-0.2650129,0.0,0.0,0.0,0.0,0.0,0.0,0.0,-1.187164,-0.4010861,-1.600166,1.249993,0.1261946,-1.597608,0.08254735,0.7973526,-0.06692128,0.5940845,11.81779,106.9385,3.052655,0.4695632,0.06500027,-0.8805027,0.0,0.0,0.0,3.016063,-0.6731932,-2.480033,0.3087003,-0.4007998,2.069,-0.2804995,0.05212491,-0.9584381,0.2111525,0.977415,-0.008639502,0.9363413,-0.2047999,-0.2851706,static,-73.29414,55.62383,8.48608,-10.96335,2.127542854167404,-1.6143416686635188
05/04/2023 16:19:11.853302,3295,True,True,True,True,Eyes,1.014775,0.1250763,-1.649841,0.8814279,-0.3865738,-0.2713774,0.0,0.0,0.0,0.0,0.0,0.0,0.0,-1.162979,-0.4060986,-1.623749,1.262547,0.1238401,-1.595192,0.08118062,0.8005539,-0.06768692,0.589866,11.77948,107.5356,2.935104,0.4744767,0.06498177,-0.877866,0.0,0.0,0.0,3.019941,-0.6749073,-2.495341,0.3087002,-0.4007999,2.069001,-0.2909361,0.05012649,-0.9554287,0.2098313,0.9776564,-0.01260269,0.9334492,-0.2041454,-0.2949536,static,-72.88725,54.93089,8.486075,-10.96335,2.150809840784582,-1.5995864043870331
05/04/2023 16:19:11.862878,3296,True,True,True,True,Eyes,1.026089,0.1246758,-1.647383,0.8798476,-0.3856578,-0.2777339,0.0,0.0,0.0,0.0,0.0,0.0,0.0,-1.139276,-0.4104635,-1.646516,1.274986,0.1218049,-1.592803,0.08014563,0.8036155,-0.06825322,0.5857648,11.74707,108.1168,2.860071,0.4793797,0.06493667,-0.8752017,0.0,0.0,0.0,3.023661,-0.6762623,-2.510365,0.3087004,-0.4007999,2.069,-0.3009125,0.04885189,-0.9523996,0.2087732,0.9778363,-0.0158057,0.9305188,-0.2035917,-0.3044421,static,-72.48111,54.24021,8.486087,-10.96336,2.1740214150370196,-1.5848768103543125
05/04/2023 16:19:11.882814,3297,True,True,True,True,Eyes,1.037472,0.1242238,-1.644917,0.8781867,-0.3847281,-0.284205,0.0,0.0,0.0,0.0,0.0,0.0,0.0,-1.114142,-0.411032,-1.670617,1.287733,0.1192977,-1.590199,0.07835191,0.8068507,-0.06801514,0.5815728,11.58906,108.7134,2.769033,0.4842719,0.06486278,-0.8725097,0.0,0.0,0.0,3.028934,-0.6739067,-2.52601,0.3086995,-0.4007999,2.069,-0.3112681,0.04732505,-0.9491429,0.2055481,0.9784698,-0.01862145,0.9278265,-0.2008908,-0.3142939,static,-72.06702,53.54611,8.486061,-10.96336,2.1975586187715535,-1.5700691283963124
05/04/2023 16:19:11.903201,3298,True,True,True,True,Eyes,1.048948,0.1237429,-1.642377,0.8765053,-0.3837028,-0.2907071,0.0,0.0,0.0,0.0,0.0,0.0,0.0,-1.088172,-0.4127632,-1.694429,1.300705,0.1172987,-1.587448,0.0771957,0.8101001,-0.06793344,0.5772035,11.48907,109.3341,2.72851,0.4891537,0.06476019,-0.8697898,0.0,0.0,0.0,3.033016,-0.6727297,-2.542252,0.3087004,-0.4008,2.069,-0.321754,0.04664966,-0.9456734,0.2034953,0.9788517,-0.02095051,0.9246967,-0.199181,-0.3244425,static,-71.65107,52.85112,8.486087,-10.96336,2.2211731526881264,-1.555236808666094
05/04/2023 16:19:11.922633,3299,True,True,True,True,Eyes,1.060489,0.123251,-1.639801,0.8748149,-0.3825946,-0.2971873,0.0,0.0,0.0,0.0,0.0,0.0,0.0,-1.062588,-0.4131751,-1.717736,1.313945,0.1163678,-1.584435,0.07571075,0.8131945,-0.06732894,0.5731051,11.31971,109.9172,2.686658,0.4940278,0.06463026,-0.8670403,0.0,0.0,0.0,3.038689,-0.6681255,-2.55733,0.3087003,-0.4007999,2.069,-0.3316369,0.04596202,-0.9422868,0.2003083,0.9794694,-0.02272261,0.9218968,-0.1962835,-0.3340348,static,-71.23663,52.16108,8.486081,-10.96336,2.244671026543164,-1.540503954682281
05/04/2023 16:19:11.933371,3300,True,True,True,True,Eyes,1.072092,0.1227289,-1.637218,0.8731782,-0.3814203,-0.3034442,0.0,0.0,0.0,0.0,0.0,0.0,0.0,-1.041159,-0.4118596,-1.737918,1.327016,0.11553,-1.581037,0.07432959,0.815517,-0.06641072,0.570085,11.13179,110.3484,2.658752,0.4988944,0.06447514,-0.8642609,0.0,0.0,0.0,3.046829,-0.6627101,-2.567589,0.3087,-0.4007999,2.069001,-0.3389566,0.04551458,-0.9397005,0.1969536,0.9801295,-0.02356975,0.9199554,-0.1930665,-0.3411856,static,-70.83679,51.49551,8.486071,-10.96335,2.2673390579999335,-1.5262931415566938
05/04/2023 16:19:11.953464,3301,True,True,True,True,Eyes,1.083753,0.1221652,-1.634615,0.8714751,-0.3803144,-0.3096644,0.0,0.0,0.0,0.0,0.0,0.0,0.0,-1.024351,-0.4142155,-1.75438,1.340156,0.1142916,-1.57786,0.07320652,0.8169821,-0.0665959,0.5681072,11.06916,110.6213,2.566721,0.5037531,0.06429564,-0.8614512,0.0,0.0,0.0,3.056169,-0.6623247,-2.572276,0.3086998,-0.4007999,2.068999,-0.3437898,0.04394962,-0.9380175,0.1952841,0.9804116,-0.02563701,0.9185165,-0.1919936,-0.3456381,static,-70.43816,50.84639,8.486073,-10.96336,2.2897544991613894,-1.5123966849538708
05/04/2023 16:19:11.963072,3302,True,True,True,True,Eyes,1.095479,0.1215725,-1.631971,0.8696602,-0.3794495,-0.3157675,0.0,0.0,0.0,0.0,0.0,0.0,0.0,-1.003899,-0.4181842,-1.772387,1.353266,0.1128865,-1.574793,0.07252123,0.8189843,-0.06713038,0.5652423,11.06612,111.0178,2.505219,0.5086036,0.06409202,-0.8586116,0.0,0.0,0.0,3.062482,-0.6639698,-2.580663,0.3087003,-0.4007998,2.069,-0.3504836,0.04289763,-0.935586,0.1946774,0.9804683,-0.02797334,0.9161125,-0.1919416,-0.3519894,static,-70.0444,50.2337,8.48608,-10.96336,2.3115328501696784,-1.49920571200906
05/04/2023 16:19:11.982870,3303,True,True,True,True,Eyes,1.107253,0.1210353,-1.629313,0.8677222,-0.3787954,-0.3218261,0.0,0.0,0.0,0.0,0.0,0.0,0.0,-0.9847268,-0.4281161,-1.787743,1.366259,0.1115084,-1.571591,0.07384963,0.8206359,-0.06895521,0.5624485,11.3176,111.4008,2.550804,0.5134459,0.06386521,-0.8557418,0.0,0.0,0.0,3.065456,-0.6736727,-2.587916,0.3087001,-0.4007998,2.069,-0.356396,0.04363979,-0.9333154,0.1987748,0.9795828,-0.03010102,0.9129461,-0.1962474,-0.3577939,static,-69.65088,49.64864,8.486074,-10.96336,2.3329505286068954,-1.4865351225834753
05/04/2023 16:19:12.003146,3304,True,True,True,True,Eyes,1.11907,0.1205626,-1.626644,0.8655547,-0.3782701,-0.3282175,0.0,0.0,0.0,0.0,0.0,0.0,0.0,-0.9665914,-0.4403639,-1.801912,1.379214,0.1123622,-1.568519,0.07590103,0.8221377,-0.07071619,0.559757,11.61002,111.7731,2.67024,0.5182789,0.06362023,-0.8528416,0.0,0.0,0.0,3.067854,-0.6821082,-2.595168,0.3087001,-0.4007999,2.069,-0.3618225,0.04563442,-0.9311295,0.20397,0.9784765,-0.03130465,0.9096598,-0.2012492,-0.3633427,static,-69.23332,49.05247,8.486074,-10.96336,2.3553626697408157,-1.4735534840262146
05/04/2023 16:19:12.023096,3305,True,True,True,True,Eyes,1.130946,0.1201094,-1.623979,0.8633074,-0.377807,-0.3346074,0.0,0.0,0.0,0.0,0.0,0.0,0.0,-0.9474078,-0.4466163,-1.817917,1.392066,0.1134789,-1.565613,0.07608061,0.8239039,-0.07112201,0.5570779,11.65166,112.1467,2.699383,0.5231012,0.06336212,-0.8499116,0.0,0.0,0.0,3.073397,-0.682245,-2.603228,0.3087004,-0.4007998,2.069,-0.367752,0.04612523,-0.9287794,0.2046072,0.9783068,-0.03242975,0.9071354,-0.2019611,-0.3692119,static,-68.81428,48.47007,8.486081,-10.96335,2.3776518108783744,-1.460824388453982
05/04/2023 16:19:12.042992,3306,True,True,True,True,Eyes,1.142879,0.1197711,-1.621308,0.8606973,-0.3776061,-0.3414878,0.0,0.0,0.0,0.0,0.0,0.0,0.0,-0.9248806,-0.4535917,-1.835593,1.405285,0.1134456,-1.562964,0.07548881,0.8260887,-0.07200874,0.5537993,11.68802,112.5946,2.63173,0.5279119,0.06309301,-0.846952,0.0,0.0,0.0,3.078089,-0.6838927,-2.613046,0.3087,-0.4008,2.069,-0.3752156,0.04496413,-0.9258463,0.2044777,0.9782324,-0.03535992,0.9041029,-0.2025825,-0.3762422,static,-68.35895,47.87541,8.486073,-10.96336,2.40138466177843,-1.44771054236604
05/04/2023 16:19:12.053316,3307,True,True,True,True,Eyes,1.154863,0.1195862,-1.618651,0.858054,-0.3773384,-0.3483662,0.0,0.0,0.0,0.0,0.0,0.0,0.0,-0.8991586,-0.462159,-1.854158,1.418468,0.1158861,-1.560288,0.07416415,0.8287106,-0.07276319,0.5499492,11.66402,113.1183,2.509983,0.5327098,0.06281963,-0.8439628,0.0,0.0,0.0,3.082107,-0.6813152,-2.624935,0.3087003,-0.4007999,2.069,-0.3841114,0.04288914,-0.9222901,0.2029533,0.9784104,-0.0390262,0.9007045,-0.2021723,-0.384523,static,-67.90306,47.2862,8.48608,-10.96336,2.4250679166640965,-1.4346967593000945
05/04/2023 16:19:12.063105,3308,True,True,True,True,Eyes,1.166891,0.1195146,-1.616029,0.855165,-0.3772122,-0.3555331,0.0,0.0,0.0,0.0,0.0,0.0,0.0,-0.8736957,-0.4694734,-1.872748,1.431683,0.1192289,-1.557884,0.07197943,0.8312935,-0.07316212,0.546276,11.55331,113.6142,2.32458,0.5374933,0.06254993,-0.8409446,0.0,0.0,0.0,3.087762,-0.6752384,-2.636273,0.3087002,-0.4007999,2.069,-0.3928031,0.03973864,-0.9187636,0.1996055,0.9789326,-0.04299713,0.897699,-0.2002796,-0.3924599,static,-67.425,46.69466,8.486078,-10.96336,2.44956738730377,-1.4215449162863414
05/04/2023 16:19:12.082904,3309,True,True,True,True,Eyes,1.178965,0.1194785,-1.613426,0.8522172,-0.3769847,-0.3627786,0.0,0.0,0.0,0.0,0.0,0.0,0.0,-0.8431591,-0.4736157,-1.893991,1.444829,0.1219886,-1.555642,0.06810366,0.834561,-0.07318994,0.5417685,11.30056,114.2182,2.008561,0.5422601,0.06228894,-0.8378983,0.0,0.0,0.0,3.093186,-0.665622,-2.650759,0.3087002,-0.4007999,2.069,-0.4036975,0.03436931,-0.9142466,0.1929773,0.9800103,-0.0483701,0.8943086,-0.1959558,-0.4022602,static,-66.94112,46.10014,8.486081,-10.96336,2.4743113140057567,-1.4083123124278392
05/04/2023 16:19:12.103143,3310,True,True,True,True,Eyes,1.191099,0.1195114,-1.610806,0.8490099,-0.3769083,-0.3703004,0.0,0.0,0.0,0.0,0.0,0.0,0.0,-0.8107814,-0.4757583,-1.915825,1.457996,0.1229494,-1.553457,0.06461316,0.8379997,-0.07316648,0.5368692,11.06979,114.8765,1.73596,0.5470086,0.06203732,-0.8348247,0.0,0.0,0.0,3.097043,-0.6582924,-2.666958,0.3087002,-0.4007998,2.069,-0.4151935,0.02972994,-0.9092474,0.1868533,0.9809436,-0.05324934,0.8903373,-0.1920046,-0.4128365,static,-66.4353,45.50668,8.486078,-10.96335,2.499820089573269,-1.395006348611426
05/04/2023 16:19:12.113483,3311,True,True,True,True,Eyes,1.203267,0.1196105,-1.608213,0.8456724,-0.3768683,-0.3779002,0.0,0.0,0.0,0.0,0.0,0.0,0.0,-0.7770697,-0.4842626,-1.935685,1.471106,0.1243306,-1.551004,0.06235961,0.8413892,-0.07444398,0.5316329,11.04486,115.572,1.505347,0.5517389,0.06179741,-0.831724,0.0,0.0,0.0,3.09728,-0.6573244,-2.682935,0.3087004,-0.4008001,2.069,-0.4269554,0.02578365,-0.903905,0.1840912,0.9811387,-0.0589679,0.8853359,-0.1915776,-0.4236491,static,-65.92188,44.92167,8.486085,-10.96336,2.5254907886903593,-1.3818269062432296
05/04/2023 16:19:12.133108,3312,True,True,True,True,Eyes,1.215463,0.1197227,-1.605656,0.8420633,-0.3770002,-0.3857463,0.0,0.0,0.0,0.0,0.0,0.0,0.0,-0.7435892,-0.4926869,-1.955066,1.484136,0.1261041,-1.548995,0.06050549,0.8447325,-0.07558582,0.5263583,11.03419,116.2731,1.322395,0.5564487,0.06157104,-0.8285972,0.0,0.0,0.0,3.096848,-0.6561847,-2.699594,0.3087004,-0.4008,2.069,-0.4385721,0.02265145,-0.8984106,0.1817923,0.9812518,-0.06400444,0.8801171,-0.1913947,-0.4344676,static,-65.38765,44.34304,8.486087,-10.96336,2.5518184419276597,-1.368678908889689
05/04/2023 16:19:12.153621,3313,True,True,True,True,Eyes,1.227681,0.1198158,-1.603149,0.8382832,-0.3771889,-0.3937128,0.0,0.0,0.0,0.0,0.0,0.0,0.0,-0.7069638,-0.4996139,-1.975402,1.496752,0.1268379,-1.547666,0.05906358,0.8485203,-0.07654133,0.5202559,11.03159,117.0884,1.202084,0.5611359,0.06135724,-0.8254461,0.0,0.0,0.0,3.093224,-0.6560162,-2.720318,0.3087003,-0.4007998,2.069001,-0.4516906,0.02059113,-0.8919371,0.1798755,0.9813058,-0.0684374,0.8738539,-0.1913501,-0.4469505,static,-64.84217,43.77208,8.486079,-10.96335,2.578447450208856,-1.3556272521385004
05/04/2023 16:19:12.163033,3314,True,True,True,True,Eyes,1.239886,0.1198599,-1.600743,0.8342673,-0.3776077,-0.4017592,0.0,0.0,0.0,0.0,0.0,0.0,0.0,-0.6688243,-0.5069193,-1.995012,1.509344,0.1260819,-1.546075,0.05884573,0.8523659,-0.07770262,0.513782,11.12382,117.9557,1.195492,0.5657978,0.06115352,-0.8222728,0.0,0.0,0.0,3.086784,-0.6599545,-2.742121,0.3086998,-0.4007998,2.069,-0.4651305,0.02047177,-0.8850053,0.1801606,0.9809989,-0.07199436,0.8667154,-0.1929298,-0.4599808,static,-64.28587,43.22505,8.48607,-10.96336,2.60515531672017,-1.3429794046520018
05/04/2023 16:19:12.182960,3315,True,True,True,True,Eyes,1.252097,0.1199023,-1.598407,0.8300225,-0.3781835,-0.4099269,0.0,0.0,0.0,0.0,0.0,0.0,0.0,-0.6319751,-0.5166597,-2.013053,1.521585,0.1249977,-1.545273,0.05984918,0.8560317,-0.0792599,0.5072926,11.32769,118.825,1.288561,0.5704299,0.06095612,-0.8190809,0.0,0.0,0.0,3.078015,-0.6674815,-2.76437,0.3086996,-0.4008,2.068999,-0.4781446,0.02204966,-0.8780043,0.1828815,0.9802719,-0.07497589,0.8590297,-0.1964201,-0.4727442,moving,-63.71641,42.6935,8.486065,-10.96336,2.6321327564447285,-1.330566581926147
05/04/2023 16:19:12.203140,3316,True,True,True,True,Eyes,1.264322,0.1199897,-1.596153,0.8256234,-0.3788884,-0.4180784,0.0,0.0,0.0,0.0,0.0,0.0,0.0,-0.5942428,-0.529723,-2.029813,1.533898,0.1250513,-1.544471,0.06098444,0.859653,-0.08129545,0.5006685,11.58595,119.7054,1.371474,0.5750293,0.06076404,-0.8158728,0.0,0.0,0.0,3.069822,-0.6738006,-2.783357,0.3055062,-0.3987697,2.068747,-0.4912242,0.02344678,-0.8707177,0.186255,0.9793438,-0.07870574,0.8508867,-0.2008377,-0.4854445,moving,-63.1433,42.18481,8.400547,-10.91046,2.6589483240480374,-1.318567941122741
05/04/2023 16:19:12.213432,3317,True,True,True,True,Eyes,1.276571,0.120135,-1.593994,0.8210505,-0.3795866,-0.4263685,0.0,0.0,0.0,0.0,0.0,0.0,0.0,-0.5557586,-0.5415451,-2.046906,1.54629,0.1262729,-1.544347,0.06058421,0.8633233,-0.08311962,0.4940583,11.73483,120.5723,1.315366,0.5795935,0.06057863,-0.8126506,0.0,0.0,0.0,3.063425,-0.6759666,-2.802186,0.3023024,-0.396733,2.068493,-0.504472,0.02247566,-0.8631355,0.1867394,0.9788413,-0.08365396,0.8429925,-0.2033825,-0.4979952,moving,-62.55732,41.67797,8.314695,-10.85737,2.6861968977801056,-1.306549354023335
05/04/2023 16:19:12.233181,3318,True,True,True,True,Eyes,1.288806,0.1203096,-1.591986,0.816474,-0.3800964,-0.4346228,0.0,0.0,0.0,0.0,0.0,0.0,0.0,-0.5134305,-0.5484264,-2.065765,1.55905,0.1277877,-1.544281,0.05880586,0.8673908,-0.08403482,0.4869426,11.7155,121.5025,1.180622,0.5841198,0.06040169,-0.8094165,0.0,0.0,0.0,3.057973,-0.6725317,-2.823176,0.2990996,-0.3946977,2.068238,-0.5188574,0.02017504,-0.8546226,0.1838556,0.97896,-0.0885119,0.8348557,-0.2030522,-0.5116499,moving,-61.97288,41.1711,8.228818,-10.80428,2.7133912197382974,-1.294536750809169
05/04/2023 16:19:12.254019,3319,True,True,True,True,Eyes,1.30105,0.1204963,-1.590091,0.8117412,-0.3806049,-0.4429629,0.0,0.0,0.0,0.0,0.0,0.0,0.0,-0.4738045,-0.5520123,-2.084098,1.571535,0.1286324,-1.544799,0.05741843,0.8711831,-0.08427116,0.4802518,11.65287,122.3813,1.117519,0.5886038,0.06023336,-0.8061743,0.0,0.0,0.0,3.053536,-0.6678027,-2.843808,0.295729,-0.3925553,2.067972,-0.5321231,0.01910118,-0.8464517,0.1809867,0.979203,-0.09168062,0.8270969,-0.2019818,-0.5245136,moving,-61.37894,40.67,8.138371,-10.74836,2.740849028941314,-1.2825922144405046
05/04/2023 16:19:12.272646,3320,True,True,True,True,Eyes,1.31328,0.1206809,-1.588347,0.8070151,-0.381189,-0.4510228,0.0,0.0,0.0,0.0,0.0,0.0,0.0,-0.4358726,-0.5570268,-2.100889,1.583956,0.1291068,-1.545449,0.05654,0.8746719,-0.08484592,0.4738708,11.65452,123.2155,1.082109,0.5930427,0.06007298,-0.8029266,0.0,0.0,0.0,3.048895,-0.6655568,-2.862999,0.2924852,-0.3904934,2.067714,-0.5444991,0.01849589,-0.8385572,0.1793199,0.9792088,-0.09483933,0.8193684,-0.2020099,-0.5364951,moving,-60.80014,40.20335,8.05127,-10.69451,2.767330638232615,-1.271359609683715
05/04/2023 16:19:12.283158,3321,True,True,True,True,Eyes,1.325504,0.1208907,-1.586733,0.8020414,-0.3819738,-0.4591574,0.0,0.0,0.0,0.0,0.0,0.0,0.0,-0.3988783,-0.563829,-2.116652,1.596173,0.1293285,-1.546845,0.05629397,0.8780233,-0.08573804,0.4674989,11.72384,124.0466,1.093738,0.5974331,0.05991923,-0.7996768,0.0,0.0,0.0,3.042839,-0.6657628,-2.882592,0.2894708,-0.3885775,2.067473,-0.5565517,0.01868996,-0.8306028,0.1790197,0.9789599,-0.09792524,0.8112966,-0.2031947,-0.5481877,moving,-60.20947,39.75713,7.970277,-10.64445,2.7939729655526073,-1.2604605600343475
05/04/2023 16:19:12.303094,3322,True,True,True,True,Eyes,1.337705,0.1211328,-1.585263,0.7969703,-0.3830097,-0.4670568,0.0,0.0,0.0,0.0,0.0,0.0,0.0,-0.3606958,-0.5816973,-2.128749,1.608237,0.1301477,-1.548122,0.05788508,0.8812328,-0.08858248,0.460686,12.09055,124.9278,1.195615,0.601772,0.0597723,-0.7964278,0.0,0.0,0.0,3.031723,-0.6748478,-2.901022,0.2861983,-0.3864972,2.067216,-0.5688357,0.02040305,-0.8221983,0.1836379,0.9776049,-0.1027899,0.8016879,-0.2094572,-0.5598434,moving,-59.62798,39.35345,7.88228,-10.59005,2.8197474230801696,-1.2504001694783922
05/04/2023 16:19:12.313190,3323,True,True,True,True,Eyes,1.349881,0.1213676,-1.583928,0.7916141,-0.384348,-0.4749988,0.0,0.0,0.0,0.0,0.0,0.0,0.0,-0.3231786,-0.5996514,-2.1401,1.620037,0.1312056,-1.549941,0.05901233,0.8843197,-0.09152345,0.4540044,12.44226,125.7847,1.24794,0.6060563,0.05963269,-0.7931829,0.0,0.0,0.0,3.021008,-0.6834272,-2.918813,0.2829472,-0.3844305,2.066958,-0.5807953,0.02126746,-0.8137719,0.1874756,0.9762821,-0.1082882,0.7921679,-0.2154556,-0.5710071,moving,-59.03463,38.97825,7.794807,-10.53597,2.8455796425957964,-1.2408246929729358
05/04/2023 16:19:12.333254,3324,True,True,True,True,Eyes,1.362042,0.1215804,-1.582707,0.7861708,-0.385951,-0.4826774,0.0,0.0,0.0,0.0,0.0,0.0,0.0,-0.2847366,-0.6225564,-2.149124,1.631638,0.13145,-1.55173,0.06081738,0.8872941,-0.09561056,0.4470672,12.94692,126.6668,1.319202,0.6102836,0.05949895,-0.7899452,0.0,0.0,0.0,3.007401,-0.6979181,-2.935649,0.2797903,-0.3824245,2.066706,-0.5928643,0.02243711,-0.8049897,0.1934145,0.9743198,-0.1152905,0.7817306,-0.2240483,-0.581979,moving,-58.45174,38.64598,7.709818,-10.48347,2.870493611380721,-1.2321006487438413
05/04/2023 16:19:12.354607,3325,True,True,True,True,Eyes,1.37416,0.1217637,-1.581619,0.7804152,-0.3879668,-0.4903405,0.0,0.0,0.0,0.0,0.0,0.0,0.0,-0.245986,-0.6529075,-2.154897,1.642948,0.1312167,-1.553666,0.06315361,0.8900267,-0.1014127,0.4399768,13.65602,127.5535,1.366783,0.6144523,0.05936916,-0.7867168,0.0,0.0,0.0,2.990875,-0.7197824,-2.950208,0.2765982,-0.3803954,2.066453,-0.6048641,0.0231783,-0.7959914,0.2016553,0.9714542,-0.1249478,0.770373,-0.2360923,-0.5922717,moving,-57.85855,38.35172,7.623824,-10.43032,2.895288533867355,-1.2240472874895678
05/04/2023 16:19:12.369494,3326,True,True,True,True,Eyes,1.386234,0.121917,-1.580676,0.774693,-0.3901469,-0.4976307,0.0,0.0,0.0,0.0,0.0,0.0,0.0,-0.2074444,-0.6813293,-2.160091,1.654047,0.1307914,-1.555718,0.06502735,0.8926698,-0.106943,0.4329843,14.31432,128.4236,1.388937,0.6185599,0.05924125,-0.783501,0.0,0.0,0.0,2.975183,-0.7399728,-2.963935,0.273118,-0.3781832,2.066178,-0.6165923,0.0234866,-0.7869323,0.2087052,0.9686693,-0.134618,0.7591155,-0.2472412,-0.6021758,moving,-57.28499,38.09676,7.529996,-10.37233,2.918886150324336,-1.216816114299549
05/04/2023 16:19:12.383815,3327,True,True,True,True,Eyes,1.398263,0.1220485,-1.579879,0.7686918,-0.3926231,-0.5049356,0.0,0.0,0.0,0.0,0.0,0.0,0.0,-0.1676097,-0.7130226,-2.163531,1.665063,0.1302276,-1.558193,0.06687035,0.8952535,-0.1132846,0.4256948,15.05639,129.3202,1.381544,0.6226042,0.05911332,-0.7803007,0.0,0.0,0.0,2.957218,-0.7634712,-2.977501,0.2702255,-0.3763449,2.065949,-0.6286249,0.02328247,-0.7773604,0.2161812,0.9653898,-0.1459042,0.7470589,-0.2597697,-0.6119013,moving,-56.70003,37.86759,7.451967,-10.32412,2.942559494875644,-1.2100212468734979
05/04/2023 16:19:12.403399,3328,True,True,True,True,Eyes,1.410276,0.1221626,-1.579207,0.7628641,-0.3948416,-0.5119945,0.0,0.0,0.0,0.0,0.0,0.0,0.0,-0.1266301,-0.7398386,-2.167559,1.676057,0.1300365,-1.560651,0.06782022,0.8979393,-0.1186851,0.4183531,15.65769,130.2221,1.338505,0.6265828,0.05898408,-0.7771192,0.0,0.0,0.0,2.940921,-0.7817892,-2.991455,0.2670263,-0.3743109,2.065695,-0.6407623,0.02249236,-0.7674098,0.2211014,0.9626285,-0.1563984,0.7352128,-0.2698895,-0.6217892,moving,-56.13255,37.63881,7.365613,-10.27075,2.9656077357291384,-1.2033080320574034
05/04/2023 16:19:12.422968,3329,True,True,True,True,Eyes,1.42225,0.122252,-1.578684,0.7568492,-0.397112,-0.5191158,0.0,0.0,0.0,0.0,0.0,0.0,0.0,-0.08624613,-0.7576061,-2.174002,1.687122,0.1298067,-1.563476,0.06797726,0.9007378,-0.1221839,0.4112441,16.02292,131.1049,1.309457,0.6304957,0.05885261,-0.7739581,0.0,0.0,0.0,2.927947,-0.7921331,-3.007227,0.263674,-0.37218,2.065429,-0.6525149,0.02196456,-0.7574578,0.2229542,0.9609004,-0.1642008,0.7242348,-0.2760218,-0.6318989,moving,-55.55414,37.41518,7.275067,-10.2148,2.9889780977377205,-1.1966451498049628
05/04/2023 16:19:12.432968,3330,True,True,True,True,Eyes,1.434462,0.122309,-1.578027,0.7509266,-0.3974117,-0.5274214,0.0,0.0,0.0,0.0,0.0,0.0,0.0,-0.04675925,-0.7684805,-2.182019,1.698171,0.1293286,-1.566347,0.0676584,0.9035631,-0.1242628,0.4044192,16.21743,131.9601,1.298461,0.6343407,0.05871773,-0.77082,0.0,0.0,0.0,2.917341,-0.7971514,-3.024146,0.2605599,-0.3702009,2.065182,-0.6637352,0.02175879,-0.7476513,0.2227758,0.9599622,-0.1698338,0.7140217,-0.2792832,-0.642008,moving,-54.9173,36.99801,7.190898,-10.1628,3.016888128152847,-1.1860958487133084
05/04/2023 16:19:12.454738,3331,True,True,True,True,Eyes,1.446629,0.1223137,-1.577543,0.7448376,-0.3977328,-0.5357476,0.0,0.0,0.0,0.0,0.0,0.0,0.0,-0.008255124,-0.7769564,-2.190331,1.709097,0.1284018,-1.569645,0.06745978,0.9063324,-0.1258167,0.3977196,16.36311,132.8047,1.325927,0.6381311,0.05857816,-0.7676956,0.0,0.0,0.0,2.907338,-0.8007147,-3.041555,0.2572474,-0.3680957,2.064919,-0.6745365,0.02220246,-0.7379074,0.2223615,0.9592387,-0.1744033,0.703957,-0.2817236,-0.6519785,moving,-54.27325,36.58976,7.101318,-10.10747,3.0449402558143546,-1.175683561901865
05/04/2023 16:19:12.462979,3332,True,True,True,True,Eyes,1.458629,0.1222516,-1.577352,0.7385329,-0.3981078,-0.5441318,0.0,0.0,0.0,0.0,0.0,0.0,0.0,0.02845597,-0.778711,-2.200544,1.720174,0.1271585,-1.57303,0.06710876,0.9090822,-0.1258665,0.3914377,16.34281,133.6093,1.401911,0.6418634,0.05843168,-0.7645891,0.0,0.0,0.0,2.899954,-0.7990971,-3.060224,0.2541978,-0.3661567,2.064676,-0.6845459,0.02347699,-0.7285917,0.2205525,0.9593081,-0.1763081,0.6948048,-0.2813837,-0.6618684,moving,-53.61818,36.19065,7.018794,-10.05647,3.0732668429909173,-1.1653962253055483
05/04/2023 16:19:12.483327,3333,True,True,True,True,Eyes,1.470582,0.1221119,-1.577317,0.7321095,-0.3984542,-0.5524942,0.0,0.0,0.0,0.0,0.0,0.0,0.0,0.06466258,-0.7811883,-2.209807,1.730983,0.1255536,-1.576585,0.06662941,0.9116955,-0.126267,0.3852642,16.35417,134.3918,1.445127,0.6455287,0.05827564,-0.7615091,0.0,0.0,0.0,2.892591,-0.7989103,-3.077717,0.25095,-0.3640927,2.064419,-0.6942642,0.02419916,-0.7193133,0.2187838,0.9592344,-0.1788943,0.685661,-0.281574,-0.6712564,moving,-52.95959,35.79883,6.930849,-10.00215,3.1016253935055493,-1.1552309529658502
05/04/2023 16:19:12.503285,3334,True,True,True,True,Eyes,1.482415,0.1218903,-1.577514,0.7256891,-0.3986947,-0.5607299,0.0,0.0,0.0,0.0,0.0,0.0,0.0,0.09871531,-0.7797288,-2.219952,1.741777,0.1234383,-1.580153,0.06578015,0.9141552,-0.1260185,0.3796218,16.28074,135.1066,1.46779,0.6491253,0.05810728,-0.7584584,0.0,0.0,0.0,2.887811,-0.7965947,-3.094563,0.2477869,-0.3620821,2.064168,-0.7031205,0.02458779,-0.7106454,0.2159452,0.9595846,-0.1804577,0.6774874,-0.280344,-0.6800133,moving,-52.30724,35.41389,6.845147,-9.949209,3.1296748802889076,-1.1452215358123525
05/04/2023 16:19:12.513234,3335,True,True,True,True,Eyes,1.494203,0.1215943,-1.577875,0.719201,-0.3988814,-0.5688967,0.0,0.0,0.0,0.0,0.0,0.0,0.0,0.1326499,-0.7811746,-2.228676,1.752515,0.1212299,-1.583926,0.06544279,0.9164966,-0.126283,0.3739036,16.28494,135.83,1.523537,0.6526487,0.05792392,-0.755443,0.0,0.0,0.0,2.881706,-0.7967063,-3.11082,0.2444986,-0.3599921,2.063907,-0.7118269,0.02552088,-0.7018912,0.2143915,0.9595397,-0.1825372,0.6688341,-0.2804144,-0.6884975,moving,-51.65558,35.03618,6.755999,-9.894145,3.157607738176271,-1.1353509552385774
05/04/2023 16:19:12.532953,3336,True,True,True,True,Eyes,1.505915,0.121216,-1.578425,0.71285,-0.3989126,-0.5768133,0.0,0.0,0.0,0.0,0.0,0.0,0.0,0.1628829,-0.7802031,-2.238209,1.763242,0.119117,-1.587959,0.06498714,0.9185791,-0.1259972,0.3689364,16.22612,136.4603,1.576859,0.6560978,0.0577236,-0.7524647,0.0,0.0,0.0,2.878503,-0.7947872,-3.126184,0.2414079,-0.3580274,2.063663,-0.7193257,0.02642176,-0.6941708,0.2123615,0.9598027,-0.1835245,0.661418,-0.279429,-0.6960217,moving,-51.02143,34.66697,6.672153,-9.842347,3.1848110620609353,-1.1257145990784505
05/04/2023 16:19:12.555106,3337,True,True,True,True,Eyes,1.51758,0.1207715,-1.579141,0.7065013,-0.3988329,-0.5846265,0.0,0.0,0.0,0.0,0.0,0.0,0.0,0.1881622,-0.7764795,-2.248761,1.773939,0.1166373,-1.592102,0.06493053,0.9203441,-0.1249411,0.3648841,16.10282,136.9859,1.690246,0.6594713,0.05750421,-0.7495268,0.0,0.0,0.0,2.878528,-0.7908154,-3.140512,0.2382326,-0.3560093,2.06341,-0.7252872,0.02833884,-0.6878628,0.2106949,0.9603475,-0.1825934,0.6554129,-0.2773619,-0.7024987,moving,-50.3924,34.30185,6.585968,-9.78912,3.2117806160779816,-1.1161768922408095
05/04/2023 16:19:12.572811,3338,True,True,True,True,Eyes,1.529207,0.1202712,-1.580037,0.700304,-0.3985878,-0.5922009,0.0,0.0,0.0,0.0,0.0,0.0,0.0,0.213021,-0.7737893,-2.258915,1.784461,0.1145402,-1.596687,0.06497247,0.9220623,-0.1239981,0.3608381,15.99522,137.5095,1.80812,0.6627687,0.05726466,-0.746631,0.0,0.0,0.0,2.878276,-0.7868726,-3.154895,0.2349048,-0.3538938,2.063146,-0.7311488,0.03033083,-0.6815434,0.2093038,0.9608061,-0.1817789,0.6493174,-0.2755571,-0.7088407,moving,-49.781,33.94299,6.495586,-9.733291,3.238044928806283,-1.1068318145948193
05/04/2023 16:19:12.583132,3339,True,True,True,True,Eyes,1.54079,0.1197345,-1.58112,0.694177,-0.3981288,-0.5996763,0.0,0.0,0.0,0.0,0.0,0.0,0.0,0.2329259,-0.7648599,-2.271967,1.79518,0.1127419,-1.601785,0.06447612,0.9235613,-0.1217183,0.357858,15.7223,137.9026,1.903862,0.6659898,0.05700444,-0.7437792,0.0,0.0,0.0,2.883293,-0.7774269,-3.169199,0.2318332,-0.3519416,2.062903,-0.7355614,0.03197956,-0.6767033,0.206211,0.9620549,-0.178682,0.6453116,-0.2709752,-0.714245,moving,-49.17736,33.58043,6.412111,-9.681733,3.264081100586728,-1.0974501818804834
05/04/2023 16:19:12.603004,3340,True,True,True,True,Eyes,1.552366,0.1191691,-1.582373,0.68816,-0.3975601,-0.6069446,0.0,0.0,0.0,0.0,0.0,0.0,0.0,0.2551473,-0.7551194,-2.284804,1.805643,0.1112081,-1.607147,0.06324929,0.9252138,-0.1195832,0.3545125,15.43383,138.3293,1.917317,0.6691341,0.05672401,-0.7409733,0.0,0.0,0.0,2.88773,-0.7673343,-3.183936,0.2284533,-0.3497934,2.062636,-0.7406411,0.03225073,-0.6711267,0.2018257,0.9633988,-0.1764347,0.6408725,-0.2661254,-0.7200417,moving,-48.58829,33.22555,6.320202,-9.624969,3.289502491212163,-1.088274859640777
05/04/2023 16:19:12.622074,3341,True,True,True,True,Eyes,1.563901,0.1185927,-1.583833,0.6822312,-0.3967462,-0.6141278,0.0,0.0,0.0,0.0,0.0,0.0,0.0,0.2774565,-0.741715,-2.29911,1.816383,0.1098917,-1.612981,0.06108823,0.9269032,-0.1170039,0.3513243,15.05975,138.727,1.841623,0.6722026,0.05642413,-0.7382137,0.0,0.0,0.0,2.894022,-0.7547256,-3.199309,0.2254277,-0.3478699,2.062395,-0.7456788,0.0310331,-0.6655824,0.1954584,0.9651566,-0.173979,0.6369921,-0.2598262,-0.7257626,moving,-48.00723,32.86375,6.237888,-9.574122,3.3147279122207505,-1.0790035187168803
05/04/2023 16:19:12.633245,3342,True,True,True,True,Eyes,1.575403,0.1180014,-1.585505,0.676419,-0.3958482,-0.6210971,0.0,0.0,0.0,0.0,0.0,0.0,0.0,0.2998055,-0.7259093,-2.314116,1.826976,0.1090563,-1.61933,0.0581447,0.9286218,-0.1141905,0.3481972,14.62972,139.1082,1.685951,0.6751947,0.05610628,-0.7355022,0.0,0.0,0.0,2.901487,-0.7399172,-3.214963,0.2222009,-0.3458194,2.062137,-0.7507558,0.02846726,-0.6599661,0.1875104,0.9671595,-0.1715879,0.6334078,-0.2525712,-0.7314385,moving,-47.44143,32.51088,6.150046,-9.519889,3.3392981412672116,-1.0699649183602578
05/04/2023 16:19:12.655929,3343,True,True,True,True,Eyes,1.586865,0.117414,-1.587403,0.6706516,-0.3947119,-0.6280358,0.0,0.0,0.0,0.0,0.0,0.0,0.0,0.3240924,-0.7081114,-2.32933,1.837609,0.1080196,-1.625964,0.05458868,0.9304574,-0.1113332,0.3447814,14.17142,139.5179,1.466503,0.6781099,0.05577162,-0.7328408,0.0,0.0,0.0,2.908491,-0.7245842,-3.231439,0.2190429,-0.343812,2.061888,-0.7562919,0.02481367,-0.6537638,0.1783561,0.96925,-0.1695392,0.6294537,-0.2448238,-0.7374616,moving,-46.87946,32.1488,6.064025,-9.466756,3.363849880554042,-1.0607694814330042
05/04/2023 16:19:12.672924,3344,True,True,True,True,Eyes,1.598288,0.1168239,-1.589525,0.6648104,-0.3936251,-0.6348909,0.0,0.0,0.0,0.0,0.0,0.0,0.0,0.3500718,-0.6921038,-2.343557,1.848027,0.107499,-1.63311,0.05123312,0.9323775,-0.1087486,0.3409124,13.7521,139.9835,1.261812,0.6809474,0.05542208,-0.7302317,0.0,0.0,0.0,2.913197,-0.7098355,-3.248979,0.2157729,-0.3417331,2.06163,-0.7623082,0.02138975,-0.6468611,0.1696847,0.9710978,-0.1678575,0.624575,-0.2377215,-0.7439054,moving,-46.31873,31.79844,5.974897,-9.411699,3.388208251458266,-1.051799618435203
05/04/2023 16:19:12.683126,3345,True,True,True,True,Eyes,1.609683,0.1162578,-1.591865,0.6588841,-0.3924666,-0.641749,0.0,0.0,0.0,0.0,0.0,0.0,0.0,0.3833451,-0.6740402,-2.357008,1.858451,0.106871,-1.64058,0.04683814,0.9347474,-0.1063537,0.3357714,13.31365,140.5933,0.950491,0.6837066,0.05505908,-0.7276765,0.0,0.0,0.0,2.914097,-0.6949746,-3.269265,0.2126634,-0.3397569,2.061383,-0.7701278,0.0161426,-0.6376858,0.1589848,0.9729902,-0.1673739,0.6177601,-0.2302815,-0.7518932,moving,-45.7548,31.4482,5.890105,-9.359338,3.4126786183858777,-1.04281840527323
05/04/2023 16:19:12.702949,3346,True,True,True,True,Eyes,1.621067,0.1158272,-1.594416,0.652863,-0.3915858,-0.648406,0.0,0.0,0.0,0.0,0.0,0.0,0.0,0.4209734,-0.6652945,-2.366608,1.869158,0.1065943,-1.647895,0.04336319,0.9371403,-0.1056851,0.3297245,13.10165,141.3103,0.6812835,0.6863877,0.05468507,-0.7251764,0.0,0.0,0.0,2.909932,-0.6870944,-3.288934,0.2094481,-0.3377135,2.061127,-0.7788026,0.01158084,-0.627162,0.1509687,0.9739006,-0.1694877,0.6088306,-0.2266793,-0.7602246,moving,-45.19624,31.12864,5.802378,-9.305169,3.436567443427469,-1.0344367185168588
05/04/2023 16:19:12.713425,3347,True,True,True,True,Eyes,1.632409,0.1155436,-1.59718,0.6469544,-0.3904687,-0.6549689,0.0,0.0,0.0,0.0,0.0,0.0,0.0,0.4500754,-0.6619092,-2.37631,1.880175,0.1093732,-1.655452,0.04042108,0.9388629,-0.1053049,0.3252898,12.9459,141.8298,0.4344902,0.6889912,0.05430713,-0.7227317,0.0,0.0,0.0,2.911083,-0.6778917,-3.304624,0.2061728,-0.3356313,2.060866,-0.7851052,0.007390463,-0.6193181,0.1444089,0.9745541,-0.1714367,0.6022919,-0.2240309,-0.7661947,moving,-44.6473,30.80187,5.712967,-9.249947,3.46020687753834,-1.0259604073501223
05/04/2023 16:19:12.733122,3348,True,True,True,True,Eyes,1.643741,0.1152762,-1.600168,0.6410316,-0.3895334,-0.6613184,0.0,0.0,0.0,0.0,0.0,0.0,0.0,0.4740756,-0.6471398,-2.38941,1.890464,0.1128022,-1.663202,0.03599647,0.9404529,-0.1029964,0.3219384,12.52724,142.2145,0.08152454,0.6915168,0.05393216,-0.7203438,0.0,0.0,0.0,2.917948,-0.6594706,-3.320423,0.2028867,-0.3335423,2.060606,-0.7901201,0.001388992,-0.6129509,0.1340229,0.9761921,-0.1705492,0.5981209,-0.2169037,-0.771495,moving,-44.10757,30.49917,5.623201,-9.194498,3.4832127869369116,-1.0179757009222075
05/04/2023 16:19:12.755983,3349,True,True,True,True,Eyes,1.655042,0.1150557,-1.60335,0.6351102,-0.3885089,-0.6676046,0.0,0.0,0.0,0.0,0.0,0.0,0.0,0.5025007,-0.6308315,-2.402392,1.901328,0.1125075,-1.671597,0.03190383,0.942249,-0.1010555,0.3177055,12.16402,142.7085,359.7603,0.6939652,0.05356048,-0.7180132,0.0,0.0,0.0,2.921267,-0.6466303,-3.338473,0.1998729,-0.3316268,2.060369,-0.7960907,-0.004089078,-0.6051635,0.1243345,0.9775399,-0.1701668,0.5922673,-0.2107109,-0.7777021,moving,-43.57113,30.19703,5.540829,-9.143626,3.506094840468003,-1.010015509330512
05/04/2023 16:19:12.763137,3350,True,True,True,True,Eyes,1.666245,0.1149484,-1.606764,0.6292435,-0.3878689,-0.673506,0.0,0.0,0.0,0.0,0.0,0.0,0.0,0.5280185,-0.6237825,-2.412509,1.911863,0.1133615,-1.679297,0.02998429,0.9437565,-0.09984712,0.3137758,11.96297,143.1814,359.6449,0.6963372,0.05319384,-0.7157403,0.0,0.0,0.0,2.922801,-0.6372346,-3.354382,0.1966038,-0.3295492,2.060109,-0.8012915,-0.006063486,-0.5982435,0.1192549,0.978263,-0.1696461,0.5862682,-0.2072794,-0.7831507,moving,-43.05405,29.93743,5.451438,-9.088429,3.527747871262707,-1.002937260324014
05/04/2023 16:19:12.797535,3351,True,True,True,True,Eyes,1.677413,0.1149265,-1.610371,0.6233746,-0.3872227,-0.6793105,0.0,0.0,0.0,0.0,0.0,0.0,0.0,0.5510162,-0.6278149,-2.420141,1.922325,0.1157553,-1.687045,0.02867088,0.9448776,-0.1005362,0.3102854,11.99235,143.5905,359.5192,0.6986312,0.05283668,-0.7135279,0.0,0.0,0.0,2.92419,-0.6342327,-3.366787,0.1934749,-0.3275601,2.05986,-0.8058021,-0.008208896,-0.5921284,0.1165708,0.9781409,-0.1721964,0.5805985,-0.207781,-0.7872311,moving,-42.54129,29.68414,5.365834,-9.035551,3.54916721855105,-0.9959959886853637
05/04/2023 16:19:12.803434,3352,True,True,True,True,Eyes,1.688508,0.1149697,-1.614179,0.6174895,-0.3868192,-0.6848925,0.0,0.0,0.0,0.0,0.0,0.0,0.0,0.5720525,-0.6318045,-2.428206,1.932664,0.1180228,-1.695135,0.0282983,0.9459475,-0.1006784,0.3069958,11.99626,143.9886,359.5151,0.7008483,0.05249168,-0.7113759,0.0,0.0,0.0,2.925502,-0.6300418,-3.380015,0.1902733,-0.3255253,2.059607,-0.8099056,-0.008278276,-0.586502,0.1153531,0.9781262,-0.173098,0.5751058,-0.2078478,-0.791235,moving,-42.03738,29.45725,5.278192,-8.981428,3.5699361157294094,-0.9895885883080046
05/04/2023 16:19:12.813225,3353,True,True,True,True,Eyes,1.699579,0.1150611,-1.618142,0.6116202,-0.3863899,-0.6903794,0.0,0.0,0.0,0.0,0.0,0.0,0.0,0.5944479,-0.6351597,-2.435814,1.943013,0.1196693,-1.703046,0.02781896,0.9470629,-0.1009003,0.3035079,12.00543,144.4088,359.4988,0.7029888,0.05216043,-0.7092853,0.0,0.0,0.0,2.926231,-0.6266341,-3.393251,0.1869877,-0.323437,2.059345,-0.814218,-0.008555477,-0.5804961,0.1139407,0.9780905,-0.1742313,0.5692683,-0.2080044,-0.7954041,moving,-41.53834,29.23476,5.188206,-8.925856,3.5904761611135965,-0.9832846013911501
05/04/2023 16:19:12.833135,3354,True,True,True,True,Eyes,1.710604,0.1151859,-1.622252,0.6057698,-0.3861455,-0.6956541,0.0,0.0,0.0,0.0,0.0,0.0,0.0,0.6155334,-0.6355681,-2.444251,1.953449,0.1210435,-1.710725,0.02737815,0.9481366,-0.1004833,0.3003174,11.9459,144.7977,359.5059,0.7050547,0.05184356,-0.7072549,0.0,0.0,0.0,2.928803,-0.6207551,-3.406214,0.1831846,-0.3210196,2.059042,-0.8181197,-0.008437307,-0.574986,0.1122702,0.9783071,-0.1740995,0.5639818,-0.206988,-0.799425,moving,-41.04908,29.0339,5.083986,-8.861485,3.610393559078302,-0.9774287778942529
05/04/2023 16:19:12.856584,3355,True,True,True,True,Eyes,1.721591,0.1153571,-1.626507,0.5999748,-0.3858655,-0.7008125,0.0,0.0,0.0,0.0,0.0,0.0,0.0,0.6309031,-0.6373886,-2.453271,1.963774,0.121889,-1.718014,0.02786851,0.9488724,-0.09992928,0.2981251,11.90309,145.0748,359.6079,0.7070476,0.05154115,-0.7052848,0.0,0.0,0.0,2.932934,-0.6165137,-3.417718,0.1806653,-0.319418,2.058844,-0.8206899,-0.006695556,-0.5713353,0.1124702,0.978475,-0.1730237,0.5601957,-0.2062569,-0.8022714,moving,-40.56727,28.83707,5.014907,-8.81881,3.6299952911628024,-0.9716803826279593
05/04/2023 16:19:12.863230,3356,True,True,True,True,Eyes,1.732545,0.1155518,-1.630883,0.5941483,-0.3857014,-0.7058486,0.0,0.0,0.0,0.0,0.0,0.0,0.0,0.6479715,-0.6383325,-2.462146,1.973876,0.1231092,-1.725732,0.02764736,0.9496945,-0.09952955,0.2956516,11.85252,145.3775,359.6289,0.7089702,0.0512536,-0.7033733,0.0,0.0,0.0,2.93731,-0.6112493,-3.429318,0.1771585,-0.3171888,2.058567,-0.8236516,-0.006339059,-0.5670609,0.1113652,0.978659,-0.1726974,0.5560541,-0.2053933,-0.8053681,moving,-40.08901,28.6538,4.918707,-8.759382,3.649298251936736,-0.9662019695985999
05/04/2023 16:19:12.882878,3357,True,True,True,True,Eyes,1.743462,0.1157655,-1.63537,0.5883563,-0.3855064,-0.7107895,0.0,0.0,0.0,0.0,0.0,0.0,0.0,0.6671166,-0.6368504,-2.470643,1.98388,0.1240631,-1.733068,0.02711631,0.9506413,-0.09886298,0.292869,11.76215,145.7162,359.6282,0.7108245,0.05098044,-0.701519,0.0,0.0,0.0,2.94033,-0.6053689,-3.441786,0.1742848,-0.3153622,2.058339,-0.8269851,-0.006352028,-0.5621883,0.1094636,0.9789817,-0.1720834,0.551465,-0.2038495,-0.8089079,moving,-39.61627,28.47379,4.839837,-8.710665,3.668363830922475,-0.9608083050490425
05/04/2023 16:19:12.903074,3358,True,True,True,True,Eyes,1.754316,0.1160294,-1.639984,0.5825965,-0.3853593,-0.7155973,0.0,0.0,0.0,0.0,0.0,0.0,0.0,0.6866241,-0.6362174,-2.478525,1.99382,0.1244955,-1.740257,0.02676008,0.9515702,-0.09841949,0.2900202,11.70238,146.0627,359.6396,0.7126132,0.05072109,-0.6997209,0.0,0.0,0.0,2.943043,-0.6007974,-3.453753,0.171073,-0.313321,2.058083,-0.8303444,-0.006159091,-0.5572165,0.1080155,0.979195,-0.1717842,0.5466817,-0.202828,-0.8124038,moving,-39.15042,28.3031,4.751646,-8.656202,3.6870661872935893,-0.955619124220658
05/04/2023 16:19:12.913438,3359,True,True,True,True,Eyes,1.765134,0.1163434,-1.644712,0.5768791,-0.3850566,-0.7203763,0.0,0.0,0.0,0.0,0.0,0.0,0.0,0.7056527,-0.6346301,-2.486704,2.0038,0.1261223,-1.747362,0.02613658,0.9524806,-0.09766688,0.2873308,11.59961,146.3888,359.6294,0.7143373,0.05047626,-0.6979783,0.0,0.0,0.0,2.946776,-0.593623,-3.465641,0.1678545,-0.3112754,2.057828,-0.8335161,-0.006336245,-0.5524594,0.1059146,0.9795561,-0.1710319,0.5422487,-0.2010713,-0.8158047,moving,-38.68784,28.12546,4.663223,-8.601586,3.7057411160350857,-0.9503132071858167
05/04/2023 16:19:12.933039,3360,True,True,True,True,Eyes,1.775889,0.1166807,-1.649558,0.5710869,-0.384882,-0.7250693,0.0,0.0,0.0,0.0,0.0,0.0,0.0,0.726814,-0.6278911,-2.495676,2.013735,0.1276812,-1.754843,0.02514926,0.9535999,-0.09600648,0.284249,11.38501,146.7649,359.6134,0.7159992,0.05024657,-0.69629,0.0,0.0,0.0,2.949732,-0.5827007,-3.479831,0.1646183,-0.3092181,2.057572,-0.8371403,-0.00661482,-0.5469486,0.1025442,0.9803005,-0.1688062,0.5372906,-0.1974009,-0.8199707,moving,-38.22506,27.9603,4.574267,-8.546623,3.7242640762816333,-0.9452410272389714
05/04/2023 16:19:12.957096,3361,True,True,True,True,Eyes,1.786608,0.1170419,-1.654484,0.5652781,-0.3847201,-0.7296926,0.0,0.0,0.0,0.0,0.0,0.0,0.0,0.7492583,-0.6220763,-2.503589,2.023684,0.1285193,-1.761961,0.02411427,0.9547113,-0.0947913,0.2809975,11.21836,147.1573,359.5778,0.7176002,0.0500315,-0.6946554,0.0,0.0,0.0,2.951812,-0.5742464,-3.49336,0.1614865,-0.3072274,2.057323,-0.8409178,-0.007227932,-0.5411146,0.09931657,0.9808662,-0.1674446,0.5319713,-0.1945487,-0.8241102,moving,-37.76422,27.79981,4.488145,-8.493419,3.7426586902197645,-0.9402648781396216
05/04/2023 16:19:12.973459,3362,True,True,True,True,Eyes,1.797272,0.1174332,-1.65949,0.5594646,-0.3845989,-0.7342228,0.0,0.0,0.0,0.0,0.0,0.0,0.0,0.7707905,-0.6239402,-2.509459,2.033566,0.1293849,-1.768805,0.02427303,0.9556651,-0.0945615,0.2778009,11.19942,147.5477,359.6411,0.7191432,0.04983056,-0.6930726,0.0,0.0,0.0,2.952596,-0.5704247,-3.505256,0.1581755,-0.3051229,2.05706,-0.8444752,-0.006144765,-0.5355598,0.09893232,0.9809379,-0.1672521,0.5263786,-0.1942244,-0.8277698,moving,-37.30676,27.64634,4.397046,-8.437141,3.7608439194574084,-0.9354350556213326
05/04/2023 16:19:12.983237,3363,True,True,True,True,Eyes,1.807888,0.1178788,-1.664577,0.5535495,-0.3846413,-0.7386704,0.0,0.0,0.0,0.0,0.0,0.0,0.0,0.7921692,-0.6389899,-2.511642,2.0433,0.1307718,-1.77539,0.02635445,0.9564533,-0.09595444,0.2744,11.42092,147.9712,359.8687,0.7206299,0.04964356,-0.6915399,0.0,0.0,0.0,2.949761,-0.5740111,-3.515519,0.1550838,-0.3031577,2.056814,-0.8480201,-0.002246203,-0.5299592,0.1030734,0.9801964,-0.1690885,0.5198439,-0.1980152,-0.8309947,moving,-36.84739,27.50694,4.311942,-8.384563,3.778917580035573,-0.9308615869284098
05/04/2023 16:19:13.003118,3364,True,True,True,True,Eyes,1.81843,0.1183888,-1.669746,0.547665,-0.3845931,-0.7430688,0.0,0.0,0.0,0.0,0.0,0.0,0.0,0.8141301,-0.6575505,-2.512589,2.052814,0.1325904,-1.782319,0.02897786,0.9572459,-0.09765935,0.2707459,11.69251,148.4297,0.1519005,0.7220626,0.04947137,-0.6900563,0.0,0.0,0.0,2.945267,-0.5786088,-3.526109,0.1517864,-0.3010624,2.056551,-0.8517138,0.002596149,-0.5240005,0.1083596,0.9792459,-0.1712767,0.5126808,-0.2026593,-0.8343186,moving,-36.39138,27.36491,4.221135,-8.328479,3.7969055595207113,-0.9262529680410377
05/04/2023 16:19:13.013274,3365,True,True,True,True,Eyes,1.828896,0.1189381,-1.674983,0.5416622,-0.3847337,-0.7473835,0.0,0.0,0.0,0.0,0.0,0.0,0.0,0.8364837,-0.6742687,-2.513542,2.062422,0.1345973,-1.789005,0.03121564,0.9580448,-0.09913621,0.2671103,11.92493,148.8842,0.4012154,0.7234424,0.04931514,-0.6886208,0.0,0.0,0.0,2.941319,-0.5818359,-3.536604,0.1485722,-0.299019,2.056297,-0.8553554,0.006851356,-0.5179963,0.1127725,0.9783952,-0.1732778,0.5056179,-0.2066299,-0.8376482,moving,-35.93252,27.23824,4.132572,-8.273747,3.814798876762352,-0.9219209544936675
05/04/2023 16:19:13.033147,3366,True,True,True,True,Eyes,1.839296,0.1194912,-1.680277,0.5356218,-0.3849133,-0.7516322,0.0,0.0,0.0,0.0,0.0,0.0,0.0,0.8594714,-0.6940576,-2.512486,2.071098,0.1361578,-1.79583,0.03363669,0.9588287,-0.1012822,0.2631694,12.23541,149.3744,0.6563433,0.7247714,0.0491748,-0.687232,0.0,0.0,0.0,2.934656,-0.5882806,-3.546911,0.1455492,-0.2970973,2.056058,-0.8592213,0.0111949,-0.5114823,0.1178124,0.977221,-0.1765202,0.4978551,-0.2119288,-0.8409679,moving,-35.47411,27.11713,4.049235,-8.222241,3.8326053645039364,-0.9176953659807964
05/04/2023 16:19:13.053252,3367,True,True,True,True,Eyes,1.849659,0.120041,-1.685619,0.5295064,-0.3852368,-0.755788,0.0,0.0,0.0,0.0,0.0,0.0,0.0,0.882544,-0.7111765,-2.512318,2.080657,0.1370647,-1.802352,0.03610991,0.9596038,-0.1028859,0.2593672,12.4854,149.8526,0.9349842,0.7260509,0.04904901,-0.6858891,0.0,0.0,0.0,2.929885,-0.593031,-3.557124,0.1421401,-0.2949308,2.055788,-0.8628495,0.01593193,-0.5052099,0.1226729,0.9762211,-0.178728,0.4903491,-0.2161909,-0.8442863,moving,-35.01515,27.00864,3.955217,-8.164153,3.8502705162303412,-0.9137046580101512
05/04/2023 16:19:13.063094,3368,True,True,True,True,Eyes,1.859981,0.1205876,-1.691004,0.5234657,-0.3854999,-0.7598509,0.0,0.0,0.0,0.0,0.0,0.0,0.0,0.9011129,-0.730512,-2.512236,2.089469,0.1374135,-1.808927,0.03920729,0.960149,-0.1046501,0.2561741,12.77055,150.2647,1.273336,0.7272837,0.04893612,-0.6845897,0.0,0.0,0.0,2.925607,-0.5996209,-3.566231,0.1390939,-0.2929947,2.055546,-0.8656753,0.02167237,-0.5001366,0.128907,0.9750223,-0.1808717,0.4837244,-0.2210472,-0.8468466,moving,-34.56318,26.90033,3.871169,-8.112218,3.8676853915390526,-0.9097470537095698
05/04/2023 16:19:13.082944,3369,True,True,True,True,Eyes,1.870241,0.1211368,-1.696451,0.5174144,-0.3858301,-0.7638177,0.0,0.0,0.0,0.0,0.0,0.0,0.0,0.9183969,-0.7481152,-2.513237,2.098861,0.1379548,-1.815279,0.04184981,0.9605978,-0.1062367,0.2534054,13.02119,150.6224,1.562119,0.7284719,0.04883474,-0.6833324,0.0,0.0,0.0,2.924103,-0.6049289,-3.574402,0.1359573,-0.2910009,2.055297,-0.8680687,0.02655978,-0.4957333,0.1342435,0.9739247,-0.1828915,0.4779494,-0.2253114,-0.848999,moving,-34.11394,26.79988,3.784585,-8.058704,3.8849032357912407,-0.9059488018493268
05/04/2023 16:19:13.103141,3370,True,True,True,True,Eyes,1.880511,0.1216785,-1.701923,0.5114505,-0.3859956,-0.7677407,0.0,0.0,0.0,0.0,0.0,0.0,0.0,0.9362106,-0.7595651,-2.515637,2.107681,0.138601,-1.822176,0.04335355,0.9611643,-0.1071704,0.2505957,13.16436,150.9754,1.743577,0.7296168,0.04874384,-0.6821164,0.0,0.0,0.0,2.923353,-0.6067442,-3.583847,0.1327726,-0.2889768,2.055045,-0.8706447,0.02962689,-0.4910196,0.1370526,0.9732699,-0.1842883,0.4724348,-0.2277451,-0.8514328,moving,-33.6706,26.6918,3.696636,-8.004351,3.902009015597043,-0.9020322140514104
05/04/2023 16:19:13.113300,3371,True,True,True,True,Eyes,1.890754,0.1221875,-1.707446,0.5054759,-0.3861432,-0.7716136,0.0,0.0,0.0,0.0,0.0,0.0,0.0,0.9576839,-0.7673367,-2.518034,2.117145,0.139106,-1.828879,0.04432656,0.9619106,-0.1076638,0.2473294,13.24129,151.3794,1.88503,0.7307219,0.048662,-0.6809384,0.0,0.0,0.0,2.922413,-0.6064724,-3.594327,0.129424,-0.2868477,2.054779,-0.8737268,0.03201954,-0.4853621,0.1385332,0.9728873,-0.1851994,0.4662727,-0.2290524,-0.8544735,moving,-33.22838,26.58503,3.604118,-7.947145,3.9190583648789117,-0.898145012451511
05/04/2023 16:19:13.133502,3372,True,True,True,True,Eyes,1.901,0.1226507,-1.713005,0.4997239,-0.3860666,-0.7753893,0.0,0.0,0.0,0.0,0.0,0.0,0.0,0.9802356,-0.7687571,-2.521622,2.126335,0.1389345,-1.835708,0.04433468,0.9627722,-0.1075537,0.2440005,13.2226,151.7817,1.935681,0.731789,0.04858701,-0.6797968,0.0,0.0,0.0,2.921989,-0.6040123,-3.605784,0.126308,-0.2848675,2.054532,-0.8769963,0.03288208,-0.4793706,0.1378547,0.9729332,-0.185464,0.4602972,-0.2287348,-0.8577919,moving,-32.80102,26.46873,3.517988,-7.893914,3.9357019948106142,-0.8941418567539224
05/04/2023 16:19:13.152973,3373,True,True,True,True,Eyes,1.91122,0.1230524,-1.718622,0.4939671,-0.3859986,-0.779103,0.0,0.0,0.0,0.0,0.0,0.0,0.0,1.001507,-0.7683882,-2.526268,2.135784,0.1381452,-1.842499,0.04407243,0.9635555,-0.1073543,0.241026,13.18694,152.1379,1.953062,0.7328208,0.04851635,-0.6786894,0.0,0.0,0.0,2.923527,-0.6016333,-3.616593,0.1231208,-0.2828417,2.05428,-0.8799285,0.0331821,-0.4739466,0.1366828,0.9730654,-0.1856385,0.4550211,-0.2281289,-0.8607633,moving,-32.37552,26.35564,3.429853,-7.839431,3.9522387250007123,-0.890206948034241
05/04/2023 16:19:13.163311,3374,True,True,True,True,Eyes,1.92144,0.1233934,-1.72428,0.4883343,-0.3858476,-0.7827204,0.0,0.0,0.0,0.0,0.0,0.0,0.0,1.022158,-0.7721039,-2.529998,2.145388,0.1372228,-1.849412,0.04459063,0.9642505,-0.1075354,0.2380519,13.21536,152.5018,2.04828,0.7338187,0.04844718,-0.6776153,0.0,0.0,0.0,2.924482,-0.6012465,-3.626975,0.1197063,-0.2806714,2.054008,-0.8826858,0.03479507,-0.4686735,0.1371911,0.9728957,-0.1861524,0.4494932,-0.2286119,-0.8635347,moving,-31.95978,26.24132,3.335391,-7.781034,3.9684448794313143,-0.8862904166455795
05/04/2023 16:19:13.183247,3375,True,True,True,True,Eyes,1.931636,0.1236677,-1.729996,0.4826475,-0.3857653,-0.7862803,0.0,0.0,0.0,0.0,0.0,0.0,0.0,1.043344,-0.7769239,-2.533019,2.154983,0.1359319,-1.856322,0.04515441,0.9649235,-0.1080093,0.2349846,13.27721,152.8761,2.142167,0.7347839,0.04837708,-0.6765736,0.0,0.0,0.0,2.924503,-0.6026291,-3.637242,0.1167215,-0.2787739,2.053771,-0.8854868,0.03638004,-0.4632385,0.1379022,0.9725901,-0.1872203,0.4437301,-0.2296627,-0.8662326,moving,-31.54312,26.13352,3.252778,-7.72995,3.984600571779606,-0.8824925304913978
05/04/2023 16:19:13.203223,3376,True,True,True,True,Eyes,1.941825,0.1238661,-1.735765,0.4770699,-0.3856236,-0.789746,0.0,0.0,0.0,0.0,0.0,0.0,0.0,1.067579,-0.7837462,-2.534092,2.164498,0.1347109,-1.863439,0.04553367,0.9656624,-0.1090568,0.2313646,13.39682,153.3121,2.207857,0.7357185,0.04830354,-0.6755624,0.0,0.0,0.0,2.922498,-0.6058319,-3.647658,0.1135221,-0.2767401,2.053518,-0.8887942,0.03747652,-0.4567717,0.1384041,0.9720666,-0.1895544,0.4369087,-0.2316939,-0.8691542,moving,-31.13535,26.02571,3.164192,-7.675162,4.00044100359942,-0.8787322550150262
05/04/2023 16:19:13.213146,3377,True,True,True,True,Eyes,1.951995,0.1239701,-1.741585,0.4714043,-0.3855245,-0.793189,0.0,0.0,0.0,0.0,0.0,0.0,0.0,1.093048,-0.7892639,-2.53495,2.174099,0.1331156,-1.870625,0.04618477,0.96648,-0.1096933,0.2274878,13.47645,153.784,2.319976,0.7366241,0.048224,-0.6745805,0.0,0.0,0.0,2.919565,-0.6079277,-3.659087,0.1102521,-0.2746622,2.053258,-0.8922326,0.03936557,-0.4498572,0.1391811,0.9716687,-0.1910197,0.4295925,-0.2330456,-0.8724334,moving,-30.72366,25.92177,3.073612,-7.619166,4.016371179052083,-0.8750280570844317
05/04/2023 16:19:13.243016,3378,True,True,True,True,Eyes,1.962192,0.1239826,-1.747439,0.4658103,-0.3853872,-0.7965535,0.0,0.0,0.0,0.0,0.0,0.0,0.0,1.118847,-0.7938448,-2.535683,2.183806,0.131091,-1.877632,0.04685694,0.9672987,-0.1101958,0.2235948,13.54084,154.2585,2.438889,0.7375015,0.04813559,-0.6736276,0.0,0.0,0.0,2.916665,-0.6099598,-3.670493,0.1070238,-0.2726097,2.053002,-0.8956197,0.04137092,-0.4428926,0.1399277,0.9713226,-0.1922305,0.4222389,-0.2341384,-0.8757246,moving,-30.31834,25.81855,2.984151,-7.563824,4.032066191079555,-0.8713644771162478
05/04/2023 16:19:13.263040,3379,True,True,True,True,Eyes,1.972394,0.1239209,-1.753332,0.4603083,-0.3851671,-0.7998516,0.0,0.0,0.0,0.0,0.0,0.0,0.0,1.145287,-0.7986226,-2.535951,2.193637,0.1288601,-1.884642,0.04771263,0.9681248,-0.1106424,0.2195819,13.60252,154.7498,2.582466,0.7383525,0.04803581,-0.6727017,0.0,0.0,0.0,2.913178,-0.6121246,-3.682146,0.1038861,-0.2706155,2.052753,-0.8990148,0.04379345,-0.4357233,0.1409737,0.9709635,-0.1932776,0.4146072,-0.2351849,-0.8790843,moving,-29.92009,25.71306,2.897165,-7.510026,4.047539315026791,-0.867688288138473
05/04/2023 16:19:13.283034,3380,True,True,True,True,Eyes,1.982587,0.1237821,-1.759289,0.4547315,-0.3849481,-0.8031403,0.0,0.0,0.0,0.0,0.0,0.0,0.0,1.172986,-0.7971509,-2.537455,2.203642,0.1270068,-1.891521,0.0474847,0.9690557,-0.1104248,0.2155984,13.56161,155.2253,2.61874,0.7391789,0.04792312,-0.6718016,0.0,0.0,0.0,2.911637,-0.610478,-3.694202,0.1004224,-0.2684141,2.052479,-0.9025253,0.04441582,-0.4283407,0.1396455,0.9711031,-0.1935403,0.4073667,-0.2344908,-0.8826476,moving,-29.51819,25.60857,2.8011,-7.450605,4.0631291834786785,-0.8640153771019569
05/04/2023 16:19:13.303136,3381,True,True,True,True,Eyes,1.992794,0.1235723,-1.765288,0.4492292,-0.3845592,-0.8064164,0.0,0.0,0.0,0.0,0.0,0.0,0.0,1.200615,-0.7971023,-2.538635,2.213611,0.1250266,-1.898896,0.04742116,0.9699485,-0.1104155,0.2115649,13.54801,155.7079,2.669108,0.7399811,0.04779606,-0.670927,0.0,0.0,0.0,2.910922,-0.6090483,-3.705975,0.09558928,-0.2653417,2.052096,-0.9059831,0.04527208,-0.4208861,0.1387123,0.9711193,-0.1941294,0.399942,-0.23426,-0.8860975,moving,-29.1208,25.49527,2.666984,-7.367625,4.078671339805795,-0.8601960395585846
05/04/2023 16:19:13.313437,3382,True,True,True,True,Eyes,2.003001,0.1232965,-1.771346,0.4436301,-0.3841282,-0.8097147,0.0,0.0,0.0,0.0,0.0,0.0,0.0,1.232823,-0.789127,-2.539803,2.223765,0.1231314,-1.906013,0.04632489,0.9711056,-0.1094571,0.2069469,13.40085,156.2492,2.631913,0.7407612,0.04765348,-0.6700759,0.0,0.0,0.0,2.906574,-0.6050016,-3.720601,0.09382975,-0.2642238,2.051954,-0.9100537,0.04466912,-0.4120758,0.1352763,0.9717463,-0.1934152,0.3917934,-0.2317624,-0.8903841,moving,-28.71765,25.37963,2.618142,-7.337426,4.094447666472531,-0.8563082264051591
05/04/2023 16:19:13.322975,3383,True,True,True,True,Eyes,2.013249,0.1229806,-1.77744,0.4380539,-0.3836522,-0.8129698,0.0,0.0,0.0,0.0,0.0,0.0,0.0,1.264799,-0.7833892,-2.540265,2.234073,0.1212054,-1.913266,0.04565997,0.9721993,-0.1086815,0.2023167,13.28504,156.7962,2.638661,0.7415189,0.04749476,-0.6692485,0.0,0.0,0.0,2.904248,-0.6004537,-3.734138,0.08952272,-0.2614863,2.051612,-0.9139662,0.04480504,-0.403309,0.1327573,0.972207,-0.1928445,0.3834594,-0.2297956,-0.8945127,moving,-28.3172,25.2633,2.498533,-7.263416,4.110137000407549,-0.8524189231769567
05/04/2023 16:19:13.333351,3384,True,True,True,True,Eyes,2.023503,0.1226579,-1.78359,0.4323749,-0.3831418,-0.816244,0.0,0.0,0.0,0.0,0.0,0.0,0.0,1.296695,-0.7792836,-2.539847,2.24432,0.1199567,-1.920458,0.04509913,0.9732475,-0.1080625,0.1976814,13.18957,157.3438,2.652726,0.7422571,0.04732004,-0.6684421,0.0,0.0,0.0,2.90036,-0.5966867,-3.747768,0.08654368,-0.2595918,2.051378,-0.9177765,0.04506135,-0.3945329,0.1305091,0.9725771,-0.1925126,0.3750387,-0.2281736,-0.8984894,moving,-27.91074,25.14518,2.415766,-7.212165,4.126062363835677,-0.8484704197738601
05/04/2023 16:19:13.354384,3385,True,True,True,True,Eyes,2.033758,0.1223327,-1.789794,0.4265822,-0.3825929,-0.8195428,0.0,0.0,0.0,0.0,0.0,0.0,0.0,1.32918,-0.775566,-2.539,2.25476,0.1194542,-1.927829,0.04437284,0.9742832,-0.1075056,0.1929921,13.09751,157.8949,2.646229,0.7429751,0.04713108,-0.6676573,0.0,0.0,0.0,2.89653,-0.5923362,-3.761427,0.08358824,-0.2577134,2.051144,-0.9215704,0.04496796,-0.3855986,0.1279589,0.9729472,-0.1923546,0.3665173,-0.226609,-0.9023935,moving,-27.49754,25.02491,2.333627,-7.161328,4.142254243137741,-0.8444528454241276
05/04/2023 16:19:13.373423,3386,True,True,True,True,Eyes,2.044032,0.1219723,-1.796036,0.4207795,-0.3820733,-0.8227786,0.0,0.0,0.0,0.0,0.0,0.0,0.0,1.362841,-0.7712461,-2.53719,2.265064,0.1190494,-1.935148,0.04358951,0.9753473,-0.1068747,0.1880837,12.99564,158.4708,2.636844,0.7436748,0.04692911,-0.6668922,0.0,0.0,0.0,2.891115,-0.5879475,-3.775511,0.0812934,-0.2562549,2.050963,-0.9254493,0.04482705,-0.3762112,0.1252326,0.9733555,-0.1920829,0.3575768,-0.2248769,-0.906405,moving,-27.08578,24.90872,2.269828,-7.121841,4.158343034333056,-0.840518085741513
05/04/2023 16:19:13.383211,3387,True,True,True,True,Eyes,2.054299,0.1215815,-1.802318,0.4148543,-0.3815721,-0.8260137,0.0,0.0,0.0,0.0,0.0,0.0,0.0,1.397924,-0.7685581,-2.533776,2.275507,0.1179654,-1.942431,0.04324989,0.9764041,-0.1064218,0.1828634,12.92286,159.0881,2.677878,0.7443563,0.04671451,-0.6661463,0.0,0.0,0.0,2.884619,-0.5848301,-3.789454,0.07846916,-0.2544597,2.050739,-0.9293812,0.04553744,-0.3663027,0.1233801,0.9736077,-0.1920037,0.3478917,-0.223639,-0.9104711,moving,-26.66748,24.7943,2.191288,-7.073221,4.174641283700331,-0.8365887899955159
05/04/2023 16:19:13.403018,3388,True,True,True,True,Eyes,2.064583,0.1211642,-1.808632,0.4089889,-0.3812072,-0.8291014,0.0,0.0,0.0,0.0,0.0,0.0,0.0,1.430235,-0.7701479,-2.529702,2.285715,0.116731,-1.949352,0.04339172,0.9772688,-0.1065677,0.1780624,12.929,159.6598,2.755742,0.7450203,0.04648776,-0.6654195,0.0,0.0,0.0,2.879221,-0.5842414,-3.801438,0.07522714,-0.2523995,2.05048,-0.932822,0.04685936,-0.357278,0.1227622,0.973521,-0.1928377,0.3387814,-0.2237434,-0.9138743,moving,-26.25674,24.69219,2.101101,-7.017401,4.190514432010463,-0.8329230299312737
05/04/2023 16:19:13.413379,3389,True,True,True,True,Eyes,2.075252,0.1207979,-1.815291,0.4027445,-0.3809406,-0.8322747,0.0,0.0,0.0,0.0,0.0,0.0,0.0,1.459098,-0.7757733,-2.526234,2.295955,0.1157273,-1.956487,0.04409346,0.9779508,-0.1070598,0.1737999,12.98672,160.1737,2.884082,0.7456678,0.04624929,-0.6647105,0.0,0.0,0.0,2.875168,-0.5851728,-3.812452,0.07209802,-0.2504101,2.050232,-0.935699,0.0490285,-0.3493767,0.1234564,0.9731879,-0.1940715,0.3304942,-0.2247253,-0.9166639,moving,-25.82272,24.59405,2.014021,-6.963472,4.207162878577826,-0.8292329119528603
05/04/2023 16:19:13.433240,3390,True,True,True,True,Eyes,2.0859,0.1205122,-1.821976,0.3967323,-0.3805066,-0.8353551,0.0,0.0,0.0,0.0,0.0,0.0,0.0,1.514338,-0.788479,-2.519503,2.315953,0.1166466,-1.971185,0.04509329,0.9792026,-0.1080323,0.1657048,13.092,161.145,3.090268,0.7462991,0.04600181,-0.6640188,0.0,0.0,0.0,2.865542,-0.5856736,-3.834936,0.06892818,-0.2483957,2.049981,-0.9410171,0.05250798,-0.3342603,0.1241139,0.9725912,-0.1966267,0.3147741,-0.2265154,-0.921742,moving,-25.40428,24.4894,1.925778,-6.908835,4.22334157115183,-0.8254866683403064
05/04/2023 16:19:13.453020,3391,True,True,True,True,Eyes,2.096511,0.1202289,-1.828722,0.3906612,-0.3800066,-0.8384383,0.0,0.0,0.0,0.0,0.0,0.0,0.0,1.541282,-0.7758174,-2.521808,2.325594,0.1182342,-1.978532,0.04296544,0.9800643,-0.1062879,0.1622684,12.84309,161.5268,2.923314,0.7469153,0.04574915,-0.663343,0.0,0.0,0.0,2.867596,-0.5739743,-3.847606,0.06568438,-0.2463339,2.049722,-0.9436459,0.04972345,-0.3272002,0.1187121,0.9737137,-0.1943941,0.3089334,-0.2222818,-0.9247437,moving,-24.98265,24.38153,1.835444,-6.852892,4.239674474951461,-0.8216663348632104
05/04/2023 16:19:13.463120,3392,True,True,True,True,Eyes,2.10712,0.1200565,-1.835503,0.384728,-0.3793063,-0.8414933,0.0,0.0,0.0,0.0,0.0,0.0,0.0,1.574036,-0.7658236,-2.519942,2.335308,0.1179523,-1.986606,0.0409824,0.9809858,-0.1054773,0.1576769,12.70124,162.0459,2.769966,0.7475153,0.04549232,-0.6626845,0.0,0.0,0.0,2.864865,-0.5676416,-3.860982,0.06228966,-0.2441761,2.049453,-0.9469171,0.04714365,-0.318003,0.1136689,0.97439,-0.1940194,0.3007121,-0.2198673,-0.9280252,moving,-24.56973,24.26365,1.740873,-6.794314,4.255825959029179,-0.8176948760227808
05/04/2023 16:19:13.482934,3393,True,True,True,True,Eyes,2.117677,0.1200147,-1.842356,0.3787962,-0.3784089,-0.8445829,0.0,0.0,0.0,0.0,0.0,0.0,0.0,1.60614,-0.7467354,-2.520691,2.345069,0.120347,-1.994329,0.03748078,0.9820024,-0.1034371,0.1535168,12.39551,162.4964,2.45603,0.7481002,0.04523558,-0.6620416,0.0,0.0,0.0,2.865207,-0.5534401,-3.875004,0.05926019,-0.2422501,2.049214,-0.9500557,0.04185376,-0.3092616,0.1053711,0.9757919,-0.1916431,0.293754,-0.2146588,-0.9314669,moving,-24.15628,24.1344,1.656446,-6.741994,4.272141162097948,-0.8135074410175971
05/04/2023 16:19:13.502939,3394,True,True,True,True,Eyes,2.128206,0.120115,-1.849293,0.372876,-0.3773664,-0.8476781,0.0,0.0,0.0,0.0,0.0,0.0,0.0,1.63965,-0.7229483,-2.521542,2.354386,0.1232848,-2.002735,0.03324711,0.9830951,-0.1009523,0.1490887,12.02889,162.9711,2.066548,0.7486684,0.04498404,-0.6614161,0.0,0.0,0.0,2.864877,-0.5365412,-3.890356,0.0560618,-0.2402174,2.04896,-0.9533346,0.03526846,-0.2998495,0.09547183,0.9774065,-0.1885778,0.286424,-0.2084049,-0.9351626,moving,-23.7437,23.99751,1.567284,-6.686756,4.288522876044493,-0.8091800954671218
05/04/2023 16:19:13.513336,3395,True,True,True,True,Eyes,2.138679,0.1203027,-1.856303,0.3668515,-0.3761108,-0.8508588,0.0,0.0,0.0,0.0,0.0,0.0,0.0,1.679033,-0.6940596,-2.519871,2.363936,0.126629,-2.011564,0.02896804,0.9844112,-0.09742349,0.1435424,11.54431,163.5795,1.699883,0.7492191,0.04474229,-0.6608086,0.0,0.0,0.0,2.860533,-0.5150848,-3.908483,0.05284351,-0.2381718,2.048705,-0.957113,0.02906411,-0.2882538,0.08500171,0.979339,-0.1834932,0.2769651,-0.2001258,-0.9398086,moving,-23.32351,23.84718,1.477538,-6.631145,4.305345867298649,-0.8045677609533656
05/04/2023 16:19:13.533295,3396,True,True,True,True,Eyes,2.149092,0.1205228,-1.863389,0.3607284,-0.3749799,-0.8539702,0.0,0.0,0.0,0.0,0.0,0.0,0.0,1.720749,-0.6640739,-2.515313,2.373063,0.1287342,-2.020092,0.02423135,0.9856838,-0.09447382,0.1375324,11.12253,164.2375,1.272039,0.7497512,0.04451267,-0.6602203,0.0,0.0,0.0,2.853946,-0.496995,-3.925766,0.04964912,-0.2361412,2.048451,-0.9609954,0.02178246,-0.2757053,0.0737553,0.9809751,-0.1795774,0.2665484,-0.1929078,-0.9443191,moving,-22.89984,23.70637,1.388429,-6.575913,4.3221709803577495,-0.8001195782381484
05/04/2023 16:19:13.553391,3397,True,True,True,True,Eyes,2.159426,0.1208097,-1.870549,0.3544015,-0.3738626,-0.8571035,0.0,0.0,0.0,0.0,0.0,0.0,0.0,1.765102,-0.6426852,-2.505856,2.382181,0.1299536,-2.028859,0.02022737,0.9868175,-0.09307836,0.1308385,10.89418,164.9814,0.9082131,0.750264,0.04429518,-0.6596522,0.0,0.0,0.0,2.843506,-0.4862793,-3.941842,0.04644302,-0.2341035,2.048196,-0.9649444,0.01556499,-0.2619928,0.06427792,0.9818546,-0.1784097,0.2544619,-0.1889957,-0.9484355,moving,-22.46448,23.5665,1.298964,-6.520463,4.339398835428447,-0.7956393610353901
05/04/2023 16:19:13.563224,3398,True,True,True,True,Eyes,2.169684,0.1211257,-1.87777,0.347892,-0.3731541,-0.8600739,0.0,0.0,0.0,0.0,0.0,0.0,0.0,1.81004,-0.6329148,-2.491345,2.39068,0.1314215,-2.037401,0.01743411,0.987778,-0.09321085,0.1237025,10.86273,165.7868,0.6640096,0.7507573,0.04409071,-0.6591043,0.0,0.0,0.0,2.829392,-0.4818493,-3.956029,0.04311407,-0.2319874,2.047932,-0.9687874,0.01138124,-0.2476313,0.0575029,0.9820156,-0.17983,0.2411312,-0.1884566,-0.9520188,moving,-22.02288,23.45423,1.206041,-6.462852,4.356496289396883,-0.7916514116689123
05/04/2023 16:19:13.583057,3399,True,True,True,True,Eyes,2.179836,0.1214303,-1.885041,0.341014,-0.3727351,-0.8630053,0.0,0.0,0.0,0.0,0.0,0.0,0.0,1.855227,-0.6342432,-2.472748,2.399012,0.1324549,-2.045926,0.01618703,0.9885812,-0.09453994,0.1162211,10.99267,166.6461,0.5853884,0.7512298,0.04389939,-0.6585785,0.0,0.0,0.0,2.81194,-0.4833947,-3.968879,0.04002452,-0.2300237,2.047686,-0.9724613,0.01002932,-0.2328486,0.05397945,0.9816004,-0.1831583,0.2267273,-0.1906834,-0.9551098,moving,-21.56131,23.35969,1.119773,-6.409366,4.374076235623274,-0.7879118256035257
05/04/2023 16:19:13.603074,3400,True,True,True,True,Eyes,2.189895,0.121715,-1.892361,0.3339477,-0.3728001,-0.8657361,0.0,0.0,0.0,0.0,0.0,0.0,0.0,1.899737,-0.6538144,-2.448009,2.406683,0.1325961,-2.054146,0.0175493,0.9891459,-0.09772792,0.1083132,11.36953,167.5806,0.7917588,0.751681,0.04371967,-0.6580756,0.0,0.0,0.0,2.789701,-0.4940181,-3.979234,0.03681836,-0.2279857,2.047432,-0.9759205,0.01354719,-0.2177052,0.05588808,0.9802825,-0.1895327,0.2108449,-0.197136,-0.957435,moving,-21.09354,23.2975,1.030222,-6.353828,4.391463820554751,-0.7847539635363125
05/04/2023 16:19:13.613310,3401,True,True,True,True,Eyes,2.199823,0.1219655,-1.899735,0.3265752,-0.3731327,-0.8684012,0.0,0.0,0.0,0.0,0.0,0.0,0.0,1.940683,-0.6671491,-2.426717,2.41414,0.1326725,-2.062673,0.01801578,0.9896331,-0.1003433,0.1011585,11.66862,168.419,0.8984881,0.7521105,0.04354977,-0.6575959,0.0,0.0,0.0,2.771215,-0.5020202,-3.989506,0.03347409,-0.2258601,2.047167,-0.9788849,0.01535687,-0.2038352,0.05595919,0.9792133,-0.1949612,0.1966041,-0.202251,-0.9593965,moving,-20.60952,23.25213,0.9367839,-6.295873,4.4092135227746,-0.7818431761925134
05/04/2023 16:19:13.633277,3402,True,True,True,True,Eyes,2.209641,0.1221968,-1.907157,0.3192075,-0.3737048,-0.8708911,0.0,0.0,0.0,0.0,0.0,0.0,0.0,1.984479,-0.6859086,-2.399732,2.420933,0.1320473,-2.070987,0.01851528,0.9899801,-0.1044003,0.09325939,12.13184,169.3439,1.007284,0.7525177,0.04338767,-0.6571406,0.0,0.0,0.0,2.748565,-0.5164866,-3.997906,0.03039926,-0.2239055,2.046925,-0.9819199,0.01718691,-0.1885158,0.05613213,0.9775155,-0.2032549,0.1807839,-0.2101618,-0.9608068,moving,-20.12939,23.22447,0.8508478,-6.242553,4.426599497777051,-0.7792818245496358
05/04/2023 16:19:13.653284,3403,True,True,True,True,Eyes,2.219321,0.1224489,-1.914643,0.3116205,-0.374435,-0.8733218,0.0,0.0,0.0,0.0,0.0,0.0,0.0,2.028081,-0.6941522,-2.375029,2.427863,0.1318949,-2.079376,0.01734293,0.9903386,-0.1076565,0.08566665,12.48619,170.2143,0.9334418,0.7529031,0.04323173,-0.6567094,0.0,0.0,0.0,2.729106,-0.5266996,-4.006618,0.02709207,-0.2218031,2.046662,-0.9847209,0.0159056,-0.1734121,0.0527959,0.9762186,-0.2102614,0.1659438,-0.2162043,-0.9621426,moving,-19.63752,23.20714,0.7583913,-6.185183,4.444270308383539,-0.7768647303290047
05/04/2023 16:19:13.663212,3404,True,True,True,True,Eyes,2.228868,0.1227474,-1.9222,0.3041663,-0.3752905,-0.8755798,0.0,0.0,0.0,0.0,0.0,0.0,0.0,2.070578,-0.6951785,-2.35228,2.434288,0.132635,-2.088166,0.0151981,0.9907148,-0.1100914,0.07831461,12.7395,171.0449,0.7560558,0.7532641,0.04308281,-0.6563051,0.0,0.0,0.0,2.711433,-0.5323972,-4.016193,0.02345622,-0.2194926,2.046372,-0.9872717,0.01287045,-0.1585212,0.0473575,0.9752978,-0.2157578,0.1518285,-0.2205187,-0.9634935,moving,-19.15663,23.20091,0.656715,-6.122104,4.461410109627309,-0.7747029685460814
05/04/2023 16:19:13.683012,3405,True,True,True,True,Eyes,2.238262,0.1230923,-1.929831,0.2964528,-0.3760942,-0.8778774,0.0,0.0,0.0,0.0,0.0,0.0,0.0,2.115664,-0.686901,-2.329122,2.440617,0.1340299,-2.097163,0.01226208,0.9912202,-0.1111875,0.07049588,12.83543,171.921,0.5072771,0.7536013,0.04294132,-0.6559272,0.0,0.0,0.0,2.69161,-0.5327582,-4.027733,0.02089,-0.2178613,2.046169,-0.9897602,0.008632316,-0.1424807,0.03998535,0.974974,-0.2186937,0.1370271,-0.2221514,-0.9653356,moving,-18.65945,23.19093,0.5849307,-6.077544,4.479175622159135,-0.7724014556548514
05/04/2023 16:19:13.703167,3406,True,True,True,True,Eyes,2.24749,0.1234481,-1.937537,0.2888534,-0.3768187,-0.8800974,0.0,0.0,0.0,0.0,0.0,0.0,0.0,2.161388,-0.6736807,-2.305293,2.446436,0.1354278,-2.106282,0.00970429,0.9918318,-0.1108766,0.06230617,12.77666,172.8466,0.3192195,0.7539114,0.04280906,-0.6555792,0.0,0.0,0.0,2.670208,-0.527415,-4.041027,0.0176934,-0.2158293,2.045918,-0.9920478,0.005433451,-0.1257464,0.03306664,0.9752244,-0.2187327,0.1214425,-0.2211512,-0.967649,moving,-18.17016,23.17847,0.4954902,-6.022011,4.496692832260571,-0.7700868728585478
05/04/2023 16:19:13.713125,3407,True,True,True,True,Eyes,2.256542,0.1238156,-1.945316,0.2810036,-0.3775864,-0.8823069,0.0,0.0,0.0,0.0,0.0,0.0,0.0,2.202492,-0.673308,-2.280876,2.45211,0.1360861,-2.1155,0.009312729,0.992231,-0.1113875,0.05462266,12.83015,173.7398,0.3709258,0.754195,0.04268475,-0.6552597,0.0,0.0,0.0,2.649008,-0.5263151,-4.052737,0.01413919,-0.2135701,2.045635,-0.9938595,0.006312197,-0.1104713,0.03064932,0.9750122,-0.2200269,0.106322,-0.2220616,-0.9692186,moving,-17.66602,23.16868,0.3960154,-5.960248,4.5147028410737535,-0.7677593387681728
05/04/2023 16:19:13.732954,3408,True,True,True,True,Eyes,2.265082,0.1242633,-1.953211,0.2735384,-0.3747193,-0.8858681,0.0,0.0,0.0,0.0,0.0,0.0,0.0,2.240501,-0.6761627,-2.25687,2.457039,0.1367736,-2.124796,0.00937108,0.9925221,-0.1121342,0.04731084,12.91339,174.595,0.4697759,0.7544508,0.04256855,-0.6549717,0.0,0.0,0.0,2.627622,-0.526503,-4.063738,0.01107825,-0.2116246,2.045391,-0.9953479,0.007991684,-0.09601574,0.02921233,0.9746763,-0.2217045,0.09181246,-0.2234779,-0.9703754,moving,-17.15964,22.9282,0.3103225,-5.907039,4.535732577077038,-0.7610859842035373
05/04/2023 16:19:13.753327,3409,True,True,True,True,Eyes,2.273442,0.1247298,-1.961165,0.2658178,-0.3720601,-0.8893324,0.0,0.0,0.0,0.0,0.0,0.0,0.0,2.277581,-0.684364,-2.231301,2.46173,0.1382463,-2.134292,0.009802909,0.9926787,-0.1135379,0.04002602,13.07334,175.452,0.6101744,0.7546722,0.04246279,-0.6547229,0.0,0.0,0.0,2.605645,-0.5285594,-4.073716,0.008092448,-0.209727,2.045154,-0.9966037,0.01037333,-0.08169196,0.02855122,0.9740261,-0.2246286,0.07723995,-0.2261981,-0.9710142,moving,-16.64119,22.70243,0.2267119,-5.855116,4.557003030710651,-0.7546378151345188
05/04/2023 16:19:13.763353,3410,True,True,True,True,Eyes,2.281685,0.1251259,-1.969175,0.2578926,-0.3696341,-0.8926713,0.0,0.0,0.0,0.0,0.0,0.0,0.0,2.313882,-0.6888933,-2.206116,2.465887,0.1392538,-2.143731,0.009694071,0.9927985,-0.1147962,0.03284758,13.21324,176.2898,0.6890168,0.7548593,0.0423672,-0.6545131,0.0,0.0,0.0,2.584335,-0.5302392,-4.083444,0.004821658,-0.2076478,2.044895,-0.9976541,0.01170697,-0.06744774,0.02679007,0.9734557,-0.2273021,0.06299637,-0.2285758,-0.9714857,moving,-16.114,22.49329,0.1350975,-5.798196,4.578371593158825,-0.748465080487124
05/04/2023 16:19:13.783094,3411,True,True,True,True,Eyes,2.289733,0.1254778,-1.977242,0.2497298,-0.3676006,-0.8958263,0.0,0.0,0.0,0.0,0.0,0.0,0.0,2.350548,-0.6964152,-2.178543,2.470086,0.1383069,-2.153059,0.009416942,0.9927075,-0.117426,0.02558091,13.51035,177.1363,0.7477272,0.755013,0.0422785,-0.6543415,0.0,0.0,0.0,2.562686,-0.5392657,-4.090884,0.001645721,-0.2056294,2.044641,-0.9985141,0.01268881,-0.05300031,0.02470426,0.972245,-0.2326575,0.04857714,-0.2336211,-0.9711137,moving,-15.57689,22.3107,0.04611707,-5.742923,4.599753691585411,-0.7427492300663676
05/04/2023 16:19:13.803220,3412,True,True,True,True,Eyes,2.297596,0.1257975,-1.985373,0.2415997,-0.3658502,-0.8987677,0.0,0.0,0.0,0.0,0.0,0.0,0.0,2.386596,-0.7047349,-2.149603,2.47359,0.1375393,-2.162342,0.008248236,0.9924175,-0.1212462,0.01841093,13.94305,177.9603,0.7029426,0.7551331,0.04219472,-0.6542083,0.0,0.0,0.0,2.541516,-0.5526735,-4.096243,-0.00155082,-0.2035977,2.044389,-0.999186,0.01190688,-0.03854278,0.0208359,0.9704627,-0.2403499,0.03454252,-0.2409573,-0.9699208,moving,-15.04612,22.14915,-0.04346307,-5.687251,4.620642702332024,-0.7374558265447343
05/04/2023 16:19:13.817968,3413,True,True,True,True,Eyes,2.305264,0.1260908,-1.993575,0.2332269,-0.3643819,-0.9015715,0.0,0.0,0.0,0.0,0.0,0.0,0.0,2.424052,-0.7124792,-2.118336,2.477056,0.1368114,-2.171745,0.006464777,0.9919834,-0.1257245,0.01097622,14.45237,178.8076,0.5955938,0.7552195,0.04211447,-0.6541139,0.0,0.0,0.0,2.51993,-0.5685297,-4.10041,-0.004824748,-0.2015163,2.044129,-0.9996755,0.01006594,-0.02340202,0.01558586,0.9683031,-0.2492913,0.02015089,-0.2495751,-0.9681458,moving,-14.50385,22.00674,-0.1352347,-5.630197,4.641695746418071,-0.7324733030804931
05/04/2023 16:19:13.833272,3414,True,True,True,True,Eyes,2.489825,0.1324977,-2.200331,0.02400145,-0.3171907,-0.948058,0.0,0.0,0.0,0.0,0.0,0.0,0.0,2.46292,-0.710523,-2.087751,2.48021,0.1367042,-2.181603,0.003879908,0.9916589,-0.1287908,0.003246089,14.80075,179.6777,0.4064796,0.755272,0.0420367,-0.6540586,0.0,0.0,0.0,2.4976,-0.5783648,-4.106618,-0.007976799,-0.1995133,2.043878,-0.9999489,0.006858957,-0.00743742,0.008531222,0.9667957,-0.255408,0.005438633,-0.2554583,-0.9668047,moving,-1.450215,18.49864,-0.2236115,-5.575267,5.149508304015404,-0.6110296363981931
05/04/2023 16:19:13.853256,3415,True,True,True,True,Eyes,2.489933,0.1324763,-2.200739,0.02346706,-0.3172059,-0.9480664,0.0,0.0,0.0,0.0,0.0,0.0,0.0,2.500212,-0.7037684,-2.05947,2.483353,0.1360503,-2.191396,0.00128569,0.9913864,-0.1308959,-0.004185935,15.04194,180.5124,0.2162578,0.7541116,0.04170883,-0.6554173,0.5536838,0.01922071,-0.6202683,2.47667,-0.5850269,-4.11376,-0.0112538,-0.19743,2.043618,-0.9999615,0.003645075,0.007963173,0.001453389,0.9657292,-0.2595475,-0.00863634,-0.259526,-0.9656974,moving,-1.417927,18.49931,-0.3155131,-5.518109,5.150645236657691,-0.6109049477854747
05/04/2023 16:19:13.863324,3416,True,True,True,True,Eyes,2.490165,0.1324081,-2.201541,0.02279072,-0.3169872,-0.948156,0.0,0.0,0.0,0.0,0.0,0.0,0.0,2.537217,-0.6893275,-2.032955,2.486115,0.1355475,-2.201454,-0.001682002,0.9912294,-0.1316293,-0.01163451,15.12874,181.3428,359.9839,0.7531745,0.04143684,-0.6565114,0.5204628,0.01806747,-0.5830522,2.455484,-0.5864354,-4.122804,-0.01434739,-0.195464,2.043372,-0.9997236,-0.0002716139,0.02350774,-0.006397385,0.9653418,-0.2609105,-0.02262214,-0.2609888,-0.9650767,moving,-1.376947,18.4858,-0.4022917,-5.464148,5.152271264081511,-0.6104767599111929
05/04/2023 16:19:13.883082,3417,True,True,True,True,Eyes,2.490477,0.1323015,-2.202737,0.02161672,-0.3167563,-0.9482606,0.0,0.0,0.0,0.0,0.0,0.0,0.0,2.573443,-0.6713184,-2.007559,2.488843,0.1342694,-2.211606,-0.004294157,0.9911485,-0.1313136,-0.01905401,15.09772,182.1751,359.7918,0.752415,0.04120916,-0.6573962,0.489235,0.01698342,-0.5480691,2.434186,-0.5845459,-4.133155,-0.01760758,-0.1933911,2.043115,-0.9992369,-0.003508193,0.03889846,-0.01351639,0.9654766,-0.2601388,-0.03664294,-0.2604661,-0.9647873,moving,-1.305899,18.47135,-0.4937633,-5.407224,5.154975986098232,-0.6099030591718
05/04/2023 16:19:13.903234,3418,True,True,True,True,Eyes,2.490829,0.1321505,-2.20431,0.02045391,-0.3161567,-0.9484865,0.0,0.0,0.0,0.0,0.0,0.0,0.0,2.607183,-0.656105,-1.983445,2.491232,0.1332177,-2.222147,-0.006406601,0.99102,-0.1309816,-0.02612035,15.06682,182.9736,359.6526,0.7517954,0.04101651,-0.6581169,0.4598809,0.01596441,-0.5151849,2.413366,-0.5825006,-4.143616,-0.02075803,-0.191389,2.042865,-0.9985536,-0.005855568,0.05344987,-0.01954071,0.9656055,-0.2592761,-0.05009328,-0.2599455,-0.9643233,moving,-1.23538,18.43465,-0.5821756,-5.352221,5.157945528304312,-0.608913372804283
05/04/2023 16:19:13.923147,3419,True,True,True,True,Eyes,2.491236,0.1319345,-2.206264,0.0188158,-0.3155662,-0.948717,0.0,0.0,0.0,0.0,0.0,0.0,0.0,2.639285,-0.6416441,-1.959873,2.493237,0.1319582,-2.232709,-0.008248202,0.9908577,-0.1305545,-0.03299432,15.02652,183.7539,359.5414,0.7512819,0.04085042,-0.6587136,0.432288,0.01500655,-0.4842739,2.392691,-0.5803223,-4.153971,-0.02394044,-0.1893662,2.042614,-0.9976868,-0.007730477,0.06753903,-0.0249607,0.965775,-0.2581775,-0.06323168,-0.2592661,-0.963734,moving,-1.136192,18.39837,-0.6715041,-5.296624,5.1619267993012885,-0.6078096858800413
05/04/2023 16:19:13.933515,3420,True,True,True,True,Eyes,2.491706,0.1316115,-2.20857,0.01716826,-0.3148856,-0.9489743,0.0,0.0,0.0,0.0,0.0,0.0,0.0,2.67172,-0.625616,-1.935767,2.495087,0.1301641,-2.243718,-0.01037266,0.9906195,-0.1302548,-0.03998954,15.00454,184.5442,359.3989,0.7508491,0.04070394,-0.6592162,0.4063507,0.01410616,-0.4552174,2.371617,-0.5792697,-4.164273,-0.02711497,-0.1873478,2.042362,-0.9965866,-0.01013307,0.08193102,-0.03096838,0.9658521,-0.2572363,-0.07652666,-0.2588955,-0.9628692,moving,-1.036447,18.35671,-0.7606302,-5.241127,5.165996401616704,-0.6066025024497921
05/04/2023 16:19:13.953186,3421,True,True,True,True,Eyes,2.492213,0.1311983,-2.211234,0.01507883,-0.3143371,-0.9491917,0.0,0.0,0.0,0.0,0.0,0.0,0.0,2.703834,-0.6141204,-1.909117,2.496867,0.1272549,-2.25434,-0.01191688,0.9902332,-0.1306815,-0.04710284,15.06608,185.3581,359.3301,0.7504736,0.04056903,-0.6596522,0.3819697,0.01325979,-0.4279044,2.34991,-0.5819117,-4.172873,-0.03067729,-0.1850842,2.042078,-0.9952785,-0.01129005,0.09640023,-0.03591192,0.9655607,-0.2576875,-0.09017096,-0.2599328,-0.9614074,moving,-0.9101225,18.32296,-0.860666,-5.178866,5.170908140336453,-0.6054309926982754
05/04/2023 16:19:13.973221,3422,True,True,True,True,Eyes,2.492754,0.1307321,-2.214248,0.01299965,-0.3137183,-0.9494271,0.0,0.0,0.0,0.0,0.0,0.0,0.0,2.732827,-0.6109121,-1.883722,2.498358,0.1247015,-2.265527,-0.01261766,0.9897296,-0.1318846,-0.05369117,15.21342,186.1246,359.3579,0.7501379,0.04044012,-0.6600421,0.3590515,0.0124642,-0.4022301,2.328956,-0.5873812,-4.180719,-0.03384766,-0.1830689,2.041828,-0.9939165,-0.01081406,0.1096076,-0.03913822,0.9648945,-0.2597053,-0.1029513,-0.2624152,-0.9594477,moving,-0.7844507,18.28506,-0.9497128,-5.123402,5.17584961722949,-0.6041842502609932
05/04/2023 16:19:13.983289,3423,True,True,True,True,Eyes,2.493299,0.1302354,-2.217619,0.01056692,-0.3131818,-0.9496344,0.0,0.0,0.0,0.0,0.0,0.0,0.0,2.760194,-0.6123602,-1.85828,2.499542,0.1228074,-2.276854,-0.01296827,0.9891302,-0.1335969,-0.06004267,15.41727,186.8701,359.4287,0.7498254,0.0403128,-0.660405,0.3375084,0.01171635,-0.3780963,2.30823,-0.5942293,-4.187752,-0.0368377,-0.1811683,2.041591,-0.9924535,-0.009611594,0.1222451,-0.04169765,0.9639674,-0.2627322,-0.115315,-0.2658468,-0.9570935,moving,-0.6375245,18.25214,-1.033711,-5.071074,5.1814816577939755,-0.6029407474311375
05/04/2023 16:19:14.003139,3424,True,True,True,True,Eyes,2.493876,0.1296591,-2.221332,0.008156943,-0.3124965,-0.9498838,0.0,0.0,0.0,0.0,0.0,0.0,0.0,2.782966,-0.6136121,-1.839369,2.50034,0.1217865,-2.288703,-0.01299729,0.9886793,-0.1344275,-0.06537382,15.5162,187.5002,359.5169,0.7495086,0.04018193,-0.6607727,0.3172579,0.01101337,-0.3554105,2.290905,-0.5966487,-4.196789,-0.03991011,-0.1792153,2.041346,-0.9911148,-0.008124237,0.1327618,-0.04327638,0.9635206,-0.264112,-0.1257731,-0.2675107,-0.9553112,moving,-0.4920043,18.21037,-1.12004,-5.017287,5.1871766157725485,-0.6015368685732092
05/04/2023 16:19:14.013008,3425,True,True,True,True,Eyes,2.494443,0.1289936,-2.225389,0.005497885,-0.3117723,-0.950141,0.0,0.0,0.0,0.0,0.0,0.0,0.0,2.806522,-0.6069272,-1.820891,2.500875,0.1192857,-2.300426,-0.01357702,0.9882914,-0.1344208,-0.07090146,15.52263,188.1439,359.5377,0.7491764,0.04004354,-0.6611578,0.2982224,0.01035256,-0.3340859,2.273283,-0.5971898,-4.206752,-0.04332462,-0.1770449,2.041077,-0.9895776,-0.007774851,0.1437927,-0.04589735,0.9634934,-0.2637684,-0.1364925,-0.267619,-0.9538084,moving,-0.3315319,18.16635,-1.215998,-4.957481,5.193430706042069,-0.60002712229419
05/04/2023 16:19:14.033190,3426,True,True,True,True,Eyes,2.494443,0.1289936,-2.225389,0.005497885,-0.3117723,-0.950141,0.0,0.0,0.0,0.0,0.0,0.0,0.0,2.826371,-0.5950086,-1.809968,2.501284,0.1164563,-2.312664,-0.01450525,0.9880771,-0.1334404,-0.07541091,15.41964,188.6601,359.4925,0.7488244,0.039895,-0.6615656,0.2803291,0.009731411,-0.3140408,2.259354,-0.5946202,-4.218886,-0.04630327,-0.1751516,2.040839,-0.9882056,-0.008538887,0.1528948,-0.04879032,0.9639665,-0.261511,-0.1451524,-0.2658865,-0.9530136,moving,-0.3315319,18.16635,-1.299724,-4.905296,5.193430706042069,-0.60002712229419
05/04/2023 16:19:14.053194,3427,True,True,True,True,Eyes,2.494443,0.1289936,-2.225389,0.005497885,-0.3117723,-0.950141,0.0,0.0,0.0,0.0,0.0,0.0,0.0,2.842401,-0.5780748,-1.806446,2.501586,0.11402,-2.32502,-0.0158741,0.9880465,-0.1315123,-0.07884695,15.21156,189.0409,359.3688,0.7485082,0.0397617,-0.6619313,0.2635093,0.009147527,-0.2951983,2.250028,-0.587926,-4.233004,-0.04948172,-0.1731313,2.040586,-0.9870626,-0.01063,0.1599842,-0.05210738,0.9649051,-0.2573773,-0.1516336,-0.2623838,-0.9529755,moving,-0.3315319,18.16635,-1.38908,-4.849585,5.193430706042069,-0.60002712229419
05/04/2023 16:19:14.063327,3428,True,True,True,True,Eyes,2.494991,0.1281514,-2.23082,0.001145983,-0.3110524,-0.9503921,0.0,0.0,0.0,0.0,0.0,0.0,0.0,2.858015,-0.5622584,-1.803025,2.501478,0.1125001,-2.337784,-0.01707103,0.9880232,-0.1294104,-0.0822903,14.98289,189.4251,359.2625,0.7482233,0.03964169,-0.6622605,0.2476988,0.008598675,-0.2774864,2.240317,-0.5794339,-4.247736,-0.05293864,-0.1709344,2.040312,-0.9858737,-0.01243471,0.1670278,-0.05503159,0.9659231,-0.2529114,-0.1581911,-0.2585304,-0.9529625,moving,-0.06908721,18.12268,-1.486283,-4.788974,5.203297977109209,-0.5980903875268457
05/04/2023 16:19:14.083240,3429,True,True,True,True,Eyes,2.495484,0.1272722,-2.236576,-0.00326519,-0.310135,-0.9506869,0.0,0.0,0.0,0.0,0.0,0.0,0.0,2.872244,-0.5394061,-1.803568,2.501002,0.1112061,-2.350791,-0.01889618,0.9881349,-0.1262898,-0.08534243,14.64374,189.7523,359.065,0.7478949,0.039504,-0.6626396,0.2328368,0.008082755,-0.2608372,2.231636,-0.5672165,-4.264118,-0.05587208,-0.1690696,2.040082,-0.9847195,-0.01578819,0.1734324,-0.0588997,0.9673876,-0.2463575,-0.1638869,-0.252808,-0.9535354,moving,0.196785,18.06747,-1.568778,-4.737503,5.213433928389418,-0.5959221613693135
05/04/2023 16:19:14.103120,3430,True,True,True,True,Eyes,2.495842,0.12632,-2.242632,-0.009496093,-0.3104581,-0.9505397,0.0,0.0,0.0,0.0,0.0,0.0,0.0,2.886493,-0.5167305,-1.803924,2.500237,0.1093586,-2.364285,-0.02061376,0.9882122,-0.123221,-0.08847832,14.31098,190.0919,358.8802,0.7475212,0.03934894,-0.6630704,0.2188666,0.00759779,-0.245187,2.222467,-0.555538,-4.2808,-0.05910289,-0.1670159,2.039826,-0.9834936,-0.01893678,0.1799508,-0.06254631,0.9687833,-0.2398892,-0.1697906,-0.2471847,-0.9539767,moving,0.5723779,18.08768,-1.659651,-4.680797,5.226501143563607,-0.5947050980999518
05/04/2023 16:19:14.122876,3431,True,True,True,True,Eyes,2.496146,0.1253347,-2.248971,-0.01567917,-0.3107181,-0.9503728,0.0,0.0,0.0,0.0,0.0,0.0,0.0,2.899596,-0.5008692,-1.803585,2.499316,0.1069361,-2.377695,-0.0216546,0.9881861,-0.1210611,-0.09145278,14.07682,190.4242,358.7798,0.7471011,0.03917624,-0.6635538,0.2057346,0.007141922,-0.2304758,2.213293,-0.547832,-4.296135,-0.06231204,-0.1649763,2.039569,-0.9823351,-0.02065479,0.1859878,-0.0649403,0.9697505,-0.2353011,-0.1755017,-0.2432226,-0.9539614,moving,0.9451752,18.10481,-1.749932,-4.624461,5.239508436176814,-0.5934420262287805
05/04/2023 16:19:14.133373,3432,True,True,True,True,Eyes,2.496465,0.1244276,-2.255634,-0.02190714,-0.3110371,-0.9501452,0.0,0.0,0.0,0.0,0.0,0.0,0.0,2.909634,-0.4972261,-1.804276,2.498328,0.1048672,-2.39081,-0.02170648,0.9880506,-0.1203928,-0.09375777,14.00336,190.694,358.8001,0.7466344,0.03898651,-0.6640899,0.1933906,0.006713407,-0.2166472,2.206148,-0.5453184,-4.30954,-0.06554163,-0.1629234,2.039313,-0.9814767,-0.02031867,0.1905015,-0.06546973,0.9700688,-0.2338381,-0.1800482,-0.2419787,-0.9534302,moving,1.320813,18.12624,-1.840799,-4.567734,5.252561694745669,-0.5922477044799882
05/04/2023 16:19:14.153095,3433,True,True,True,True,Eyes,2.496694,0.1236274,-2.262589,-0.0280535,-0.3113008,-0.9498973,0.0,0.0,0.0,0.0,0.0,0.0,0.0,2.920006,-0.4949519,-1.803672,2.496367,0.1052321,-2.40452,-0.02247554,0.9877934,-0.1204077,-0.0962355,14.01652,190.9748,358.7463,0.7461216,0.03878373,-0.6646779,0.1817871,0.006310602,-0.2036484,2.198056,-0.5431994,-4.322566,-0.06879434,-0.1608559,2.039056,-0.9804674,-0.0212274,0.195534,-0.06757737,0.9699937,-0.2335499,-0.1847091,-0.2422017,-0.9524818,moving,1.691635,18.14503,-1.932331,-4.510577,5.265477752676908,-0.591024234360467
05/04/2023 16:19:14.163274,3434,True,True,True,True,Eyes,2.496891,0.1229008,-2.269842,-0.03429205,-0.3114515,-0.949643,0.0,0.0,0.0,0.0,0.0,0.0,0.0,2.930011,-0.4884953,-1.805651,2.494447,0.1077394,-2.418695,-0.02407855,0.9875968,-0.1199349,-0.0984304,13.98304,191.2099,358.5858,0.7455615,0.03857216,-0.6653184,0.1708799,0.005931966,-0.1914295,2.191681,-0.5372358,-4.336885,-0.07201603,-0.158808,2.0388,-0.9794635,-0.02394933,0.2001948,-0.07117028,0.9700717,-0.2321545,-0.1886434,-0.2416347,-0.9518543,moving,2.068079,18.15778,-2.023004,-4.453941,5.278670243510602,-0.5896633262173216
05/04/2023 16:19:14.183187,3435,True,True,True,True,Eyes,2.497006,0.1221961,-2.277385,-0.04047773,-0.3115439,-0.9493693,0.0,0.0,0.0,0.0,0.0,0.0,0.0,2.941575,-0.4635785,-1.809069,2.492244,0.109036,-2.432555,-0.02712088,0.9875803,-0.1172921,-0.1009566,13.71821,191.4616,358.2372,0.7449547,0.03835502,-0.6660103,0.1606271,0.005576048,-0.1799437,2.18429,-0.5244582,-4.353439,-0.07509953,-0.156848,2.038555,-0.9781446,-0.02988527,0.2057675,-0.0772509,0.9710141,-0.2261947,-0.1930433,-0.2371468,-0.9521009,moving,2.44141,18.1677,-2.109799,-4.399714,5.291788365099479,-0.5882624582667726
05/04/2023 16:19:14.203054,3436,True,True,True,True,Eyes,2.499271,0.1071048,-2.472177,-0.1968846,-0.3159213,-0.9281327,0.0,0.0,0.0,0.0,0.0,0.0,0.0,2.956658,-0.435489,-1.808607,2.490471,0.1083431,-2.44711,-0.03138964,0.9872679,-0.1160707,-0.1041376,13.63427,191.7761,357.7705,0.7442998,0.03813314,-0.6667548,0.1509895,0.005241485,-0.1691471,2.176061,-0.5194559,-4.368504,-0.07837963,-0.1547634,2.038295,-0.9763405,-0.03780531,0.2129103,-0.0861546,0.9710846,-0.222648,-0.1983366,-0.2357234,-0.9513662,moving,11.9766,18.79774,-2.20214,-4.342015,5.622035394689849,-0.5595634871425039
05/04/2023 16:19:14.223159,3437,True,True,True,True,Eyes,2.499194,0.1071595,-2.472718,-0.1970695,-0.3161227,-0.9280248,0.0,0.0,0.0,0.0,0.0,0.0,0.0,2.968796,-0.4183354,-1.808444,2.488633,0.1099221,-2.460458,-0.03482154,0.986909,-0.1158172,-0.106698,13.65251,192.0301,357.4038,0.7393928,0.0370325,-0.6722538,0.1487272,-0.04034677,-0.7433729,2.169686,-0.5157679,-4.38149,-0.08161676,-0.1527058,2.038038,-0.9748059,-0.04401647,0.2186683,-0.09344631,0.9707476,-0.2211712,-0.2025366,-0.2360327,-0.9504038,moving,11.98888,18.81091,-2.293284,-4.285044,5.622303190499735,-0.5597588322666764
05/04/2023 16:19:14.233438,3438,True,True,True,True,Eyes,2.49905,0.1072527,-2.473776,-0.1976586,-0.3168577,-0.9276487,0.0,0.0,0.0,0.0,0.0,0.0,0.0,2.982242,-0.4209116,-1.8018,2.486818,0.1114299,-2.474011,-0.03700862,0.9861608,-0.1187146,-0.1096554,14.01995,192.3486,357.2258,0.7353352,0.03612435,-0.676739,0.1398036,-0.03792597,-0.6987705,2.161406,-0.5243171,-4.390365,-0.08475122,-0.1507136,2.037789,-0.9732123,-0.0469575,0.2250627,-0.09902829,0.9690744,-0.2260269,-0.2074888,-0.2422597,-0.9477652,moving,12.02841,18.85867,-2.381547,-4.229858,5.623096859915393,-0.5604885060920538
05/04/2023 16:19:14.253266,3439,True,True,True,True,Eyes,2.498831,0.1074248,-2.47531,-0.1985092,-0.3179582,-0.9270905,0.0,0.0,0.0,0.0,0.0,0.0,0.0,2.996509,-0.437003,-1.789331,2.484482,0.1125189,-2.487253,-0.03749869,0.9852458,-0.1228145,-0.113143,14.50653,192.7545,357.2707,0.7319748,0.035376,-0.6804116,0.1314153,-0.03565041,-0.6568443,2.149708,-0.5374739,-4.396905,-0.08811516,-0.1485752,2.037522,-0.9715851,-0.04609965,0.232158,-0.101682,0.9670209,-0.2335194,-0.2137365,-0.2504903,-0.9442306,moving,12.08572,18.9301,-2.476283,-4.170601,5.624219619317441,-0.5615875093008387
05/04/2023 16:19:14.263231,3440,True,True,True,True,Eyes,2.498554,0.1077586,-2.477302,-0.1997369,-0.3193509,-0.9263477,0.0,0.0,0.0,0.0,0.0,0.0,0.0,3.011667,-0.4579548,-1.774024,2.482416,0.1143423,-2.50031,-0.03735097,0.9842677,-0.1271347,-0.1168716,15.01071,193.2006,357.4003,0.7291833,0.03476163,-0.6834341,0.1235304,-0.03351139,-0.6174337,2.136746,-0.5507102,-4.402545,-0.09130621,-0.1465467,2.03727,-0.9698921,-0.04380983,0.2395631,-0.1032436,0.9648833,-0.2415386,-0.2205687,-0.2589996,-0.9403558,moving,12.1677,19.02122,-2.566161,-4.114364,5.625966630351504,-0.5629517345332284
05/04/2023 16:19:14.283194,3441,True,True,True,True,Eyes,2.498212,0.1082297,-2.479709,-0.2012212,-0.3206741,-0.9255692,0.0,0.0,0.0,0.0,0.0,0.0,0.0,3.025923,-0.4871436,-1.757487,2.480516,0.11832,-2.51303,-0.03597548,0.9833341,-0.1313128,-0.1204856,15.48094,193.6548,357.6742,0.7268516,0.03426214,-0.6859387,0.1161186,-0.0315007,-0.5803877,2.123251,-0.5609596,-4.407822,-0.09434989,-0.1446121,2.037028,-0.968378,-0.03910923,0.2464033,-0.1023944,0.9629254,-0.2495797,-0.2275071,-0.2669178,-0.9364805,moving,12.26539,19.10923,-2.651898,-4.060714,5.628310619059884,-0.5641907048365782
05/04/2023 16:19:14.303085,3442,True,True,True,True,Eyes,2.497819,0.1087538,-2.482513,-0.203087,-0.3219001,-0.9247357,0.0,0.0,0.0,0.0,0.0,0.0,0.0,3.039701,-0.5026052,-1.744738,2.478747,0.1228652,-2.525315,-0.03386787,0.9829676,-0.1311858,-0.1241708,15.44501,194.125,357.9784,0.7248892,0.03386148,-0.688032,0.1091515,-0.02961066,-0.5455644,2.108094,-0.5535877,-4.418283,-0.09754151,-0.1425838,2.036776,-0.9668694,-0.03400315,0.2529977,-0.09916091,0.9632865,-0.2494919,-0.2352258,-0.2663135,-0.9347441,moving,12.38645,19.19299,-2.741809,-4.004439,5.6315378669381735,-0.5652504226352204
05/04/2023 16:19:14.313541,3443,True,True,True,True,Eyes,2.497388,0.1093141,-2.485678,-0.2051894,-0.3230334,-0.9238759,0.0,0.0,0.0,0.0,0.0,0.0,0.0,3.053386,-0.5115495,-1.733487,2.476907,0.1250962,-2.537539,-0.03240838,0.9825941,-0.1308713,-0.127794,15.39487,194.5774,358.2026,0.7232203,0.03354413,-0.6898015,0.1026024,-0.02783402,-0.5128306,2.093675,-0.5478959,-4.428973,-0.1007964,-0.1405146,2.036518,-0.965237,-0.03023943,0.2596219,-0.09713769,0.9636449,-0.2489035,-0.2426566,-0.2654698,-0.933083,moving,12.52193,19.27219,-2.833513,-3.947011,5.635334808505024,-0.5661631145945287
05/04/2023 16:19:14.333351,3444,True,True,True,True,Eyes,2.496943,0.1098963,-2.489186,-0.2075572,-0.3241971,-0.9229389,0.0,0.0,0.0,0.0,0.0,0.0,0.0,3.067853,-0.5197822,-1.721118,2.475567,0.1264723,-2.549453,-0.03062982,0.9822363,-0.1302208,-0.1315912,15.3002,195.0544,358.4613,0.7217558,0.03329128,-0.6913459,0.09644625,-0.02616398,-0.4820607,2.078666,-0.5417048,-4.439527,-0.1039588,-0.1385045,2.036265,-0.9634911,-0.02589962,0.2664846,-0.09444325,0.9642087,-0.2477539,-0.25053,-0.2638764,-0.9314526,moving,12.67424,19.35464,-2.922624,-3.891203,5.6396874002865625,-0.5670653389645537
05/04/2023 16:19:14.353429,3445,True,True,True,True,Eyes,2.496468,0.110487,-2.49301,-0.2100678,-0.3253348,-0.9219701,0.0,0.0,0.0,0.0,0.0,0.0,0.0,3.080346,-0.5292789,-1.711534,2.474668,0.1272982,-2.560826,-0.02906403,0.9818649,-0.130172,-0.1347292,15.27513,195.4512,358.6933,0.7203795,0.03307824,-0.69279,0.09065947,-0.02459414,-0.4531371,2.067069,-0.5383532,-4.449269,-0.107162,-0.1364686,2.03601,-0.9620067,-0.02199795,0.2721383,-0.09214982,0.964421,-0.2477912,-0.257005,-0.2634543,-0.9298066,moving,12.83553,19.43637,-3.012888,-3.834656,5.644367749715661,-0.5679158481311504
05/04/2023 16:19:14.363306,3446,True,True,True,True,Eyes,2.495955,0.1111191,-2.497143,-0.2126302,-0.3263329,-0.9210294,0.0,0.0,0.0,0.0,0.0,0.0,0.0,3.092295,-0.5391518,-1.702243,2.473411,0.1282745,-2.572233,-0.02787336,0.9814202,-0.1306309,-0.1377436,15.31266,195.8292,358.8876,0.7190785,0.0329011,-0.6941488,0.0852199,-0.02311849,-0.4259489,2.056445,-0.5366169,-4.45863,-0.1108147,-0.134147,2.035722,-0.9604999,-0.01872384,0.2776509,-0.09069808,0.9643173,-0.2487287,-0.2630864,-0.2640862,-0.9279249,moving,12.99964,19.50991,-3.115825,-3.770143,5.64925252912044,-0.5686004191603573
05/04/2023 16:19:14.383092,3447,True,True,True,True,Eyes,2.495418,0.1118334,-2.501578,-0.2152562,-0.327073,-0.9201565,0.0,0.0,0.0,0.0,0.0,0.0,0.0,3.102105,-0.5462722,-1.698166,2.472383,0.1297955,-2.583738,-0.02669181,0.9811813,-0.1301833,-0.1400835,15.24487,196.124,359.0554,0.7178401,0.0327572,-0.6954361,0.08010671,-0.02173138,-0.4003919,2.047639,-0.5313817,-4.469515,-0.1135099,-0.1324335,2.03551,-0.9593287,-0.01590594,0.2818443,-0.08885204,0.9646797,-0.2479886,-0.267945,-0.2629449,-0.9268581,moving,13.16668,19.56794,-3.191785,-3.722509,5.654438937998017,-0.5689809897895841
05/04/2023 16:19:14.403282,3448,True,True,True,True,Eyes,2.49486,0.1125835,-2.506316,-0.2179433,-0.3274801,-0.9193789,0.0,0.0,0.0,0.0,0.0,0.0,0.0,3.112034,-0.5417027,-1.697674,2.471253,0.1321481,-2.595329,-0.02642539,0.9811603,-0.1279709,-0.1423016,14.98941,196.3841,359.0845,0.7166536,0.03264536,-0.696664,0.07530031,-0.0204275,-0.3763684,2.039981,-0.5184262,-4.483092,-0.1166642,-0.130429,2.035257,-0.958104,-0.01543417,0.2860048,-0.08827601,0.9658504,-0.2435991,-0.272478,-0.2586406,-0.9267476,moving,13.33608,19.60575,-3.280697,-3.666774,5.659966785925786,-0.5689714493478486
05/04/2023 16:19:14.413563,3449,True,True,True,True,Eyes,2.494288,0.1133439,-2.511336,-0.2207284,-0.3277031,-0.9186347,0.0,0.0,0.0,0.0,0.0,0.0,0.0,3.122765,-0.5237569,-1.700546,2.47025,0.1339589,-2.607251,-0.02694067,0.9813576,-0.123778,-0.1445359,14.52065,196.6278,358.9881,0.7155102,0.03256322,-0.6978422,0.07078229,-0.01920184,-0.3537863,2.032671,-0.4984443,-4.499515,-0.1199496,-0.1283405,2.034997,-0.9567672,-0.01709613,0.2903521,-0.0886576,0.9679064,-0.2351532,-0.2770134,-0.2507288,-0.9275768,moving,13.51083,19.63276,-3.373303,-3.608675,5.665822085669031,-0.5687361533166239
05/04/2023 16:19:14.432968,3450,True,True,True,True,Eyes,2.493333,0.1140891,-2.516483,-0.2214107,-0.3277165,-0.9184657,0.0,0.0,0.0,0.0,0.0,0.0,0.0,3.134871,-0.5139109,-1.698152,2.469394,0.1349174,-2.618993,-0.02720641,0.9812487,-0.1214596,-0.147168,14.26293,196.9288,358.9569,0.7144005,0.03250785,-0.6989807,0.06653535,-0.01804973,-0.3325591,2.024089,-0.48659,-4.512858,-0.123175,-0.1262904,2.034741,-0.9552029,-0.01764257,0.2954258,-0.08914246,0.9690148,-0.2303564,-0.2822078,-0.246372,-0.9271785,moving,13.55346,19.63684,-3.464228,-3.551624,5.667282456328511,-0.5686315904313836
05/04/2023 16:19:14.453367,3451,True,True,True,True,Eyes,2.492384,0.114849,-2.52188,-0.2222264,-0.3277972,-0.9182399,0.0,0.0,0.0,0.0,0.0,0.0,0.0,3.145038,-0.5161279,-1.695238,2.468806,0.1353337,-2.630238,-0.02629783,0.9810527,-0.120498,-0.1494138,14.13977,197.2049,359.0788,0.7133151,0.03247632,-0.7000899,0.06254324,-0.01696675,-0.3126056,2.0167,-0.4801753,-4.524255,-0.1263726,-0.1242581,2.034488,-0.9539681,-0.01559099,0.2995033,-0.08760723,0.9695773,-0.2285712,-0.286828,-0.2442882,-0.9263119,moving,13.60476,19.64577,-3.554372,-3.495046,5.668988594420394,-0.5685813300936207
05/04/2023 16:19:14.463311,3452,True,True,True,True,Eyes,2.49144,0.1156446,-2.527524,-0.2230983,-0.3279465,-0.9179751,0.0,0.0,0.0,0.0,0.0,0.0,0.0,3.153435,-0.5306531,-1.691939,2.468061,0.1364735,-2.641675,-0.02490526,0.9806809,-0.1215081,-0.1512634,14.23242,197.4475,359.2854,0.7122479,0.03246646,-0.701176,0.05879064,-0.01594874,-0.2938493,2.010966,-0.480434,-4.533839,-0.129754,-0.1221086,2.03422,-0.9529985,-0.01208878,0.3027346,-0.08560767,0.969231,-0.2307868,-0.2906298,-0.2458558,-0.9247105,moving,13.65994,19.65927,-3.649704,-3.435185,5.670774135226715,-0.5686004753242868
05/04/2023 16:19:14.483257,3453,True,True,True,True,Eyes,2.490496,0.1164337,-2.533391,-0.224171,-0.3281072,-0.9176562,0.0,0.0,0.0,0.0,0.0,0.0,0.0,3.163904,-0.5415031,-1.685387,2.466962,0.1382,-2.65312,-0.02401687,0.9802263,-0.1222919,-0.1537019,14.30777,197.7527,359.4388,0.7111938,0.03247688,-0.7022446,0.0552632,-0.01499182,-0.2762183,2.002523,-0.4796692,-4.543009,-0.132749,-0.1202052,2.03398,-0.9515978,-0.009490935,0.3071994,-0.08467692,0.9689358,-0.2323645,-0.2954511,-0.2471303,-0.9228407,moving,13.72773,19.67447,-3.73415,-3.382162,5.672985370041244,-0.5685979601705258
05/04/2023 16:19:14.503129,3454,True,True,True,True,Eyes,2.489539,0.1171697,-2.539461,-0.2253982,-0.3284164,-0.9172449,0.0,0.0,0.0,0.0,0.0,0.0,0.0,3.1755,-0.5518962,-1.676701,2.466106,0.139016,-2.66434,-0.02267814,0.9797695,-0.1226592,-0.1565003,14.32689,198.1056,359.6425,0.7101483,0.03250523,-0.7033006,0.05194741,-0.01409231,-0.2596452,1.992693,-0.4778988,-4.552139,-0.135965,-0.118161,2.033726,-0.9499868,-0.006046308,0.3122317,-0.08283108,0.9688808,-0.2332571,-0.301105,-0.2474537,-0.9209249,moving,13.80596,19.69974,-3.824824,-3.325189,5.67543863456214,-0.5687403425618696
05/04/2023 16:19:14.513119,3455,True,True,True,True,Eyes,2.488585,0.117875,-2.545736,-0.2267977,-0.328869,-0.9167377,0.0,0.0,0.0,0.0,0.0,0.0,0.0,3.186927,-0.5691754,-1.666264,2.465609,0.1385518,-2.675532,-0.02070322,0.9791842,-0.1240697,-0.1593006,14.45208,198.473,359.9399,0.7091079,0.03254801,-0.7043476,0.04883057,-0.01324677,-0.2440665,1.983106,-0.4811502,-4.55994,-0.1393278,-0.1160235,2.033462,-0.9483896,-0.001015758,0.3171066,-0.08007328,0.9683561,-0.2363781,-0.306832,-0.2495703,-0.9184604,moving,13.89576,19.73486,-3.919641,-3.265593,5.678176821485679,-0.5690186825899815
05/04/2023 16:19:14.533132,3456,True,True,True,True,Eyes,2.487599,0.1185543,-2.552201,-0.2284066,-0.3294208,-0.91614,0.0,0.0,0.0,0.0,0.0,0.0,0.0,3.19715,-0.5902306,-1.656035,2.46476,0.1384136,-2.686704,-0.01876453,0.9785196,-0.1262693,-0.1618755,14.6663,198.8183,0.246196,0.7080694,0.03260276,-0.7053891,0.04590073,-0.01245197,-0.2294225,1.974103,-0.4872271,-4.566881,-0.1425462,-0.1139777,2.033206,-0.9468888,0.004156908,0.3215355,-0.07760275,0.9674079,-0.241039,-0.3120579,-0.2531891,-0.9157051,moving,13.99925,19.77731,-4.010392,-3.208536,5.681307260104117,-0.5693765977839471
05/04/2023 16:19:14.553070,3457,True,True,True,True,Eyes,2.486615,0.1192013,-2.558857,-0.2301888,-0.3300559,-0.9154651,0.0,0.0,0.0,0.0,0.0,0.0,0.0,3.207727,-0.6105729,-1.645159,2.463816,0.1385331,-2.698013,-0.01678417,0.9778513,-0.1281959,-0.1645941,14.84696,199.1816,0.5557542,0.7070296,0.03266741,-0.7064282,0.04314669,-0.01170485,-0.2156571,1.964216,-0.4920307,-4.574039,-0.1456239,-0.1120213,2.032962,-0.9452543,0.009375754,0.3262005,-0.07502541,0.9665682,-0.2451878,-0.3175938,-0.2562382,-0.9129493,moving,14.11412,19.82594,-4.097179,-3.153953,5.684762656533934,-0.5698022932077098
05/04/2023 16:19:14.563346,3458,True,True,True,True,Eyes,2.48561,0.119817,-2.565698,-0.2321123,-0.3307473,-0.9147295,0.0,0.0,0.0,0.0,0.0,0.0,0.0,3.219304,-0.6254441,-1.634036,2.462925,0.1384405,-2.709244,-0.01540588,0.9771843,-0.129725,-0.1674664,14.99237,199.5535,0.7913078,0.7059859,0.03273991,-0.707468,0.04055789,-0.01100256,-0.2027177,1.954315,-0.4955823,-4.581532,-0.1488844,-0.109949,2.032702,-0.9434355,0.01334038,0.3312881,-0.0735579,0.9658682,-0.2483705,-0.3232939,-0.2586904,-0.910253,moving,14.23827,19.87894,-4.189126,-3.096115,5.68849157903133,-0.5702706749766155
05/04/2023 16:19:14.583110,3459,True,True,True,True,Eyes,2.484612,0.1203961,-2.572731,-0.2342052,-0.3314267,-0.9139498,0.0,0.0,0.0,0.0,0.0,0.0,0.0,3.232149,-0.6357646,-1.622786,2.46226,0.1382485,-2.720767,-0.01458529,0.9765083,-0.1309719,-0.1704855,15.11536,199.9339,0.9598569,0.7049359,0.03281847,-0.7085106,0.03812441,-0.0103424,-0.1905547,1.944161,-0.4985066,-4.589396,-0.1518564,-0.1080599,2.032466,-0.941444,0.01617231,0.3367816,-0.07314292,0.9652673,-0.250817,-0.3291405,-0.2607633,-0.9075623,moving,14.37311,19.93223,-4.272934,-3.043373,5.69259605140165,-0.5706990559780406
05/04/2023 16:19:14.602999,3460,True,True,True,True,Eyes,2.483576,0.1209171,-2.579931,-0.2364722,-0.331999,-0.9131581,0.0,0.0,0.0,0.0,0.0,0.0,0.0,3.245365,-0.640391,-1.612745,2.461456,0.1380377,-2.73233,-0.01414718,0.9759184,-0.1314111,-0.1735343,15.15334,200.3076,1.068281,0.7038784,0.03290121,-0.7095574,0.03583695,-0.009721859,-0.1791214,1.934113,-0.4982915,-4.598384,-0.1550711,-0.1060166,2.032209,-0.9393714,0.01799568,0.3424288,-0.07322167,0.965062,-0.251583,-0.3349924,-0.2614031,-0.9052339,moving,14.51844,19.97987,-4.363592,-2.986309,5.69714468657107,-0.5709766319710605
05/04/2023 16:19:14.613341,3461,True,True,True,True,Eyes,2.482547,0.1213787,-2.587306,-0.2389261,-0.3325533,-0.9123172,0.0,0.0,0.0,0.0,0.0,0.0,0.0,3.259804,-0.6421252,-1.601472,2.460688,0.1373878,-2.743993,-0.01361262,0.9753451,-0.131209,-0.1769207,15.11545,200.719,1.179538,0.7028112,0.03298602,-0.7106106,0.03368673,-0.009138548,-0.1683741,1.922571,-0.495988,-4.607852,-0.1582646,-0.1039868,2.031956,-0.9370275,0.01987315,0.3486895,-0.07298116,0.9651978,-0.2511314,-0.3415451,-0.2607648,-0.9029666,moving,14.67557,20.02756,-4.453652,-2.929596,5.70211130968541,-0.5712049763831646
05/04/2023 16:19:14.632893,3462,True,True,True,True,Eyes,2.481512,0.1218014,-2.594867,-0.2415805,-0.33307,-0.9114292,0.0,0.0,0.0,0.0,0.0,0.0,0.0,3.274595,-0.6463394,-1.588319,2.459905,0.1361824,-2.755686,-0.01266172,0.9747019,-0.131183,-0.1805181,15.08787,201.1632,1.345929,0.7017328,0.03307088,-0.7116717,0.03166553,-0.008590235,-0.1582717,1.909929,-0.4947416,-4.616798,-0.1614661,-0.1019517,2.031702,-0.9345059,0.022679,0.3552245,-0.07204461,0.9652614,-0.2511573,-0.3485806,-0.2603,-0.9004086,moving,14.84527,20.07417,-4.543934,-2.872718,5.707537640228894,-0.5713595746249598
05/04/2023 16:19:14.653395,3463,True,True,True,True,Eyes,2.480483,0.1221738,-2.6026,-0.244406,-0.3335414,-0.910503,0.0,0.0,0.0,0.0,0.0,0.0,0.0,3.289419,-0.6524083,-1.574671,2.458992,0.1356684,-2.767753,-0.01152192,0.9740339,-0.1311606,-0.1841793,15.05546,201.618,1.535031,0.7006418,0.03315456,-0.7127419,0.02976559,-0.008074821,-0.1487754,1.896741,-0.4927482,-4.62594,-0.1646222,-0.0999456,2.031452,-0.9318904,0.02586863,0.3618161,-0.07075958,0.9653283,-0.2512655,-0.3557713,-0.2597539,-0.8977498,moving,15.02568,20.11912,-4.632939,-2.816629,5.713365083904207,-0.5714374327736804
05/04/2023 16:19:14.663322,3464,True,True,True,True,Eyes,2.479479,0.122468,-2.610503,-0.2473576,-0.3339562,-0.9095534,0.0,0.0,0.0,0.0,0.0,0.0,0.0,3.303317,-0.6563065,-1.563146,2.458149,0.1349374,-2.779454,-0.01068329,0.9734249,-0.1310425,-0.187504,15.01823,202.0276,1.681618,0.6995375,0.03323562,-0.7138219,0.02797966,-0.007590332,-0.1398488,1.885495,-0.4904832,-4.635364,-0.1681516,-0.09770229,2.031173,-0.9294562,0.02834321,0.367842,-0.06994072,0.9654275,-0.2511136,-0.3622422,-0.2591263,-0.8953403,moving,15.21393,20.16147,-4.732465,-2.753886,5.719503803313279,-0.5714330842954968
05/04/2023 16:19:14.683249,3465,True,True,True,True,Eyes,2.478482,0.1226697,-2.618555,-0.2504798,-0.3344337,-0.908523,0.0,0.0,0.0,0.0,0.0,0.0,0.0,3.318733,-0.6586402,-1.549317,2.457309,0.1332741,-2.791424,-0.01007712,0.9727005,-0.1311365,-0.1911947,15.00875,202.4794,1.811986,0.6984193,0.033312,-0.7149124,0.02630088,-0.007134912,-0.1314579,1.872488,-0.490423,-4.644032,-0.1710773,-0.09584275,2.03094,-0.926686,0.03054118,0.3745933,-0.06974927,0.9654033,-0.2512598,-0.3693074,-0.2589665,-0.8924957,moving,15.41353,20.20902,-4.814973,-2.70186,5.725978906822139,-0.5714782224716152
05/04/2023 16:19:14.703058,3466,True,True,True,True,Eyes,2.477498,0.1227771,-2.626758,-0.2536883,-0.3349728,-0.9074334,0.0,0.0,0.0,0.0,0.0,0.0,0.0,3.334125,-0.6647159,-1.533249,2.456557,0.1312759,-2.803066,-0.009514148,0.9718139,-0.1322547,-0.1949258,15.11534,202.9441,1.962923,0.6972871,0.03338148,-0.7160134,0.02472283,-0.006706817,-0.1235704,1.859833,-0.4945616,-4.651069,-0.1742162,-0.09384745,2.030692,-0.9238271,0.03306771,0.3813797,-0.07005164,0.9648364,-0.2533447,-0.3763466,-0.260763,-0.8890255,moving,15.61923,20.26128,-4.903487,-2.646014,5.732610386979548,-0.571585958773571
05/04/2023 16:19:14.723184,3467,True,True,True,True,Eyes,2.476521,0.1228051,-2.635109,-0.2570747,-0.3355752,-0.906257,0.0,0.0,0.0,0.0,0.0,0.0,0.0,3.349936,-0.6746504,-1.514806,2.455897,0.1291589,-2.814915,-0.008766312,0.9707822,-0.1340615,-0.1988283,15.29418,203.4391,2.15612,0.6961403,0.03344203,-0.7171256,0.02323946,-0.006304408,-0.1161562,1.846671,-0.5013515,-4.657166,-0.1774265,-0.09180683,2.030438,-0.9207812,0.03629009,0.3883883,-0.07033081,0.9639013,-0.2568031,-0.3836875,-0.2637751,-0.8849899,moving,15.83686,20.31894,-4.994012,-2.588881,5.739596278630644,-0.571744475090553
05/04/2023 16:19:14.733018,3468,True,True,True,True,Eyes,2.475574,0.122756,-2.643629,-0.2605858,-0.3360663,-0.9050716,0.0,0.0,0.0,0.0,0.0,0.0,0.0,3.366192,-0.6808742,-1.496721,2.455162,0.1273031,-2.826834,-0.008234089,0.969797,-0.1352556,-0.20281,15.40742,203.9364,2.31202,0.6949793,0.03349221,-0.7182486,0.02184509,-0.005926143,-0.1091868,1.833364,-0.5054538,-4.664033,-0.1808371,-0.08963889,2.030168,-0.9176007,0.03889159,0.3955965,-0.07083318,0.9632763,-0.2590011,-0.3911416,-0.2656809,-0.8811481,moving,16.06203,20.3707,-5.090185,-2.528164,5.746924863150813,-0.5717600299898971
05/04/2023 16:19:14.753232,3469,True,True,True,True,Eyes,2.474636,0.1226324,-2.652296,-0.2642674,-0.3364885,-0.9038464,0.0,0.0,0.0,0.0,0.0,0.0,0.0,3.383683,-0.6791775,-1.479905,2.454427,0.1254321,-2.839149,-0.0079863,0.9689491,-0.135024,-0.2069842,15.3651,204.4404,2.402386,0.6938032,0.03353084,-0.719383,0.02053438,-0.005570575,-0.1026356,1.818994,-0.5043228,-4.672651,-0.1839477,-0.08766219,2.02992,-0.9141875,0.04041903,0.403271,-0.07137229,0.9634095,-0.2583567,-0.3989576,-0.2649688,-0.8778522,moving,16.29791,20.41955,-5.177897,-2.472785,5.754670492677577,-0.5716753484568944
05/04/2023 16:19:14.763167,3470,True,True,True,True,Eyes,2.473725,0.1224442,-2.66113,-0.2680075,-0.3366069,-0.9027002,0.0,0.0,0.0,0.0,0.0,0.0,0.0,3.401213,-0.6740723,-1.464255,2.453797,0.1235056,-2.851365,-0.007991607,0.9681613,-0.1343557,-0.2110651,15.27959,204.9255,2.450285,0.692612,0.03355689,-0.7205287,0.0,0.0,0.0,1.805273,-0.5016214,-4.681811,-0.1871368,-0.08563495,2.029667,-0.9107755,0.04124126,0.4108375,-0.07218991,0.9637694,-0.2567825,-0.4065426,-0.2635295,-0.8748003,moving,16.53591,20.44993,-5.26782,-2.41597,5.762726742218608,-0.5712344711638656
05/04/2023 16:19:14.783033,3471,True,True,True,True,Eyes,2.472817,0.1221572,-2.670119,-0.2719612,-0.3365525,-0.9015373,0.0,0.0,0.0,0.0,0.0,0.0,0.0,3.420894,-0.654833,-1.450912,2.453329,0.1217426,-2.864056,-0.00880527,0.9675914,-0.1315277,-0.2153827,14.97059,205.4074,2.350343,0.6914057,0.03356976,-0.7216858,0.0,0.0,0.0,1.790863,-0.4908088,-4.693717,-0.1902176,-0.08367661,2.029423,-0.9070656,0.0396178,0.4191213,-0.07369741,0.9652459,-0.2507372,-0.4144887,-0.2583232,-0.8726215,moving,16.78666,20.47109,-5.354685,-2.361067,5.771352833365696,-0.5705660742122216
05/04/2023 16:19:14.802914,3472,True,True,True,True,Eyes,2.471889,0.1217997,-2.679241,-0.2760275,-0.3363108,-0.900391,0.0,0.0,0.0,0.0,0.0,0.0,0.0,3.441967,-0.6355975,-1.433161,2.452591,0.1190412,-2.876751,-0.009675954,0.9668138,-0.1291092,-0.2202459,14.70908,205.9585,2.261184,0.6901838,0.03356796,-0.7228545,0.0,0.0,0.0,1.774345,-0.48243,-4.704266,-0.1934915,-0.08159554,2.029162,-0.9027962,0.03816185,0.428372,-0.07558123,0.9664744,-0.2453869,-0.423375,-0.2539113,-0.8696451,moving,17.04366,20.48148,-5.44699,-2.302705,5.7803379230054635,-0.5696686589483972
05/04/2023 16:19:14.813417,3473,True,True,True,True,Eyes,2.470973,0.1214269,-2.688513,-0.2803611,-0.3359629,-0.8991811,0.0,0.0,0.0,0.0,0.0,0.0,0.0,3.46285,-0.6222126,-1.412044,2.45173,0.1168415,-2.88924,-0.01012529,0.9658678,-0.1274058,-0.2253104,14.51758,206.5469,2.240881,0.6889462,0.03355097,-0.7240349,0.0,0.0,0.0,1.75678,-0.4761181,-4.713227,-0.1967731,-0.07950985,2.028902,-0.8982656,0.03785232,0.4378202,-0.07697109,0.9673305,-0.2415517,-0.4326601,-0.250677,-0.8660062,moving,17.31727,20.4873,-5.539507,-2.244194,5.7899705277914695,-0.5686147183964295
05/04/2023 16:19:14.837569,3474,True,True,True,True,Eyes,2.448709,0.1122773,-2.924254,-0.3918009,-0.3219604,-0.8618779,0.0,0.0,0.0,0.0,0.0,0.0,0.0,3.486675,-0.6099761,-1.384277,2.451295,0.1161652,-2.902216,-0.01047988,0.9646915,-0.1256515,-0.2312409,14.31642,207.241,2.241197,0.6876927,0.03351985,-0.7252271,0.0,0.0,0.0,1.736102,-0.4681035,-4.721155,-0.1999035,-0.07752007,2.028654,-0.8928356,0.03789184,0.4487859,-0.07833125,0.9682038,-0.2375831,-0.4435186,-0.2472766,-0.8614787,moving,24.44606,20.48352,-5.627757,-2.188354,6.0429247465818845,-0.5382333586483125
05/04/2023 16:19:14.853061,3475,True,True,True,True,Eyes,2.448682,0.112258,-2.924771,-0.3922446,-0.3217875,-0.8617407,0.0,0.0,0.0,0.0,0.0,0.0,0.0,3.510184,-0.5950204,-1.357276,2.450683,0.1159442,-2.915192,-0.01130982,0.963508,-0.1238184,-0.2370518,14.1205,207.9141,2.181117,0.6816669,0.03294268,-0.7309202,-0.06679201,-0.02744874,-0.7072213,1.716159,-0.4595077,-4.729216,-0.2031854,-0.07543412,2.028393,-0.8873573,0.03690854,0.4596033,-0.08049695,0.9690822,-0.233238,-0.4540019,-0.243962,-0.8569511,moving,24.47394,20.47642,-5.720273,-2.129797,6.044004330404379,-0.5379813587977311
05/04/2023 16:19:14.863375,3476,True,True,True,True,Eyes,2.448622,0.1121841,-2.925782,-0.3928109,-0.3214118,-0.8616229,0.0,0.0,0.0,0.0,0.0,0.0,0.0,3.533612,-0.578177,-1.330113,2.449911,0.1154933,-2.928226,-0.01209751,0.9623213,-0.1215582,-0.2429298,13.87674,208.5927,2.111967,0.676617,0.03246741,-0.7356185,-0.06278449,-0.02580182,-0.664788,1.695658,-0.4494919,-4.737432,-0.2064267,-0.07337394,2.028136,-0.8816774,0.03577686,0.4704942,-0.08234362,0.9701545,-0.2280785,-0.464612,-0.2398339,-0.8524173,moving,24.50808,20.45706,-5.811636,-2.071944,6.0454622582814075,-0.5374722904803922
05/04/2023 16:19:14.883189,3477,True,True,True,True,Eyes,2.448531,0.1120944,-2.927272,-0.3938012,-0.3210567,-0.8613032,0.0,0.0,0.0,0.0,0.0,0.0,0.0,3.558288,-0.5596556,-1.298736,2.449132,0.1142481,-2.941093,-0.0130303,0.9609438,-0.1194128,-0.2493152,13.6503,209.3327,2.034594,0.6723762,0.03207424,-0.7395139,-0.05901742,-0.02425371,-0.6249007,1.673149,-0.4409427,-4.744134,-0.2094498,-0.07145247,2.027898,-0.8753446,0.0345001,0.4822677,-0.08458564,0.9711416,-0.2230007,-0.4760438,-0.2359953,-0.8471652,moving,24.57061,20.44328,-5.89684,-2.017968,6.04785625016722,-0.5369474007516424
05/04/2023 16:19:14.902844,3478,True,True,True,True,Eyes,2.448429,0.1120593,-2.929209,-0.3945531,-0.3206091,-0.8611258,0.0,0.0,0.0,0.0,0.0,0.0,0.0,3.581965,-0.554033,-1.26378,2.448616,0.1135165,-2.953974,-0.01349062,0.9592688,-0.1194783,-0.2556292,13.6577,210.0919,2.076072,0.6688025,0.03174763,-0.7427615,-0.05547638,-0.02279849,-0.5874066,1.651552,-0.440144,-4.748278,-0.2126585,-0.06941286,2.027643,-0.8689435,0.03520202,0.4936579,-0.08696654,0.9710858,-0.2223264,-0.4872105,-0.2361208,-0.8407574,moving,24.61644,20.421,-5.987274,-1.960657,6.049766117685122,-0.5363337412510902
05/04/2023 16:19:14.913455,3479,True,True,True,True,Eyes,2.44829,0.1120542,-2.931566,-0.3956564,-0.3202168,-0.8607656,0.0,0.0,0.0,0.0,0.0,0.0,0.0,3.602392,-0.5514288,-1.234484,2.447923,0.1147923,-2.966435,-0.0139279,0.9577969,-0.1196113,-0.2610063,13.674,210.7396,2.109047,0.6657767,0.03147648,-0.7454863,-0.05214779,-0.02143058,-0.5521622,1.633426,-0.4375944,-4.753304,-0.2159017,-0.06735149,2.027385,-0.8633635,0.03575842,0.503314,-0.08911882,0.9709983,-0.2218561,-0.4966502,-0.2363972,-0.8351378,moving,24.68618,20.4059,-6.078672,-1.902715,6.052432720735395,-0.5357533837912343
05/04/2023 16:19:14.933411,3480,True,True,True,True,Eyes,2.448128,0.1120881,-2.934344,-0.3965647,-0.3198837,-0.8604714,0.0,0.0,0.0,0.0,0.0,0.0,0.0,3.622549,-0.5473243,-1.205169,2.446982,0.1155129,-2.978891,-0.01467417,0.9562674,-0.1199774,-0.2663513,13.72593,211.383,2.114765,0.6631985,0.03125114,-0.7477903,-0.04901893,-0.02014474,-0.5190325,1.615395,-0.4367568,-4.757934,-0.2190793,-0.06533146,2.027133,-0.8576835,0.0358474,0.5129272,-0.09197712,0.9707802,-0.2216439,-0.505885,-0.2372779,-0.829325,moving,24.74352,20.39282,-6.168211,-1.845918,6.054633666628005,-0.5352637189400179
05/04/2023 16:19:14.953110,3481,True,True,True,True,Eyes,2.447917,0.1122509,-2.937501,-0.3978351,-0.319588,-0.8599946,0.0,0.0,0.0,0.0,0.0,0.0,0.0,3.642798,-0.5399601,-1.175231,2.445612,0.1165093,-2.991338,-0.01629241,0.9546209,-0.120826,-0.2717255,13.8594,212.0251,2.039765,0.6609406,0.03105915,-0.7497948,-0.04607779,-0.01893606,-0.4878905,1.597555,-0.4380895,-4.761897,-0.2223084,-0.06327924,2.026878,-0.8517997,0.03455685,0.5227267,-0.09676915,0.9702713,-0.2218319,-0.5148525,-0.2395401,-0.8231328,moving,24.82535,20.38589,-6.259195,-1.788197,6.057625052411652,-0.5347855290923778
05/04/2023 16:19:14.963399,3482,True,True,True,True,Eyes,2.447658,0.1125256,-2.941033,-0.3990563,-0.3192712,-0.8595464,0.0,0.0,0.0,0.0,0.0,0.0,0.0,3.664217,-0.5289928,-1.142335,2.44417,0.1194565,-3.003831,-0.01820299,0.9528946,-0.1209396,-0.2775506,13.92136,212.7125,1.915436,0.6588603,0.03088866,-0.7516305,-0.04331312,-0.01779989,-0.4586171,1.578128,-0.4347314,-4.765837,-0.2257171,-0.06111231,2.026607,-0.8452689,0.03244267,0.5333558,-0.1018248,0.9700845,-0.2203809,-0.52455,-0.2405899,-0.8166788,moving,24.90374,20.37709,-6.355233,-1.727231,6.060518232385329,-0.5342868149698845
05/04/2023 16:19:14.982832,3483,True,True,True,True,Eyes,2.447337,0.1129797,-2.944917,-0.4006576,-0.3189082,-0.858936,0.0,0.0,0.0,0.0,0.0,0.0,0.0,3.685697,-0.5107095,-1.109555,2.442527,0.1226999,-3.015841,-0.02051747,0.9512216,-0.1199445,-0.2834961,13.87597,213.3998,1.710262,0.656935,0.03074025,-0.7533199,-0.04071433,-0.0167319,-0.4311001,1.557642,-0.4273936,-4.769797,-0.2286369,-0.0592567,2.026376,-0.8384182,0.02897429,0.544257,-0.1070409,0.9703847,-0.2165544,-0.5344132,-0.2398209,-0.8104867,moving,25.00708,20.3691,-6.437481,-1.675006,6.064286232507277,-0.5336972436540155
05/04/2023 16:19:15.003084,3484,True,True,True,True,Eyes,2.446967,0.1135636,-2.949125,-0.4023361,-0.3183598,-0.8583547,0.0,0.0,0.0,0.0,0.0,0.0,0.0,3.708747,-0.4842309,-1.074153,2.440695,0.1270226,-3.028195,-0.02404962,0.9493698,-0.1187161,-0.2898706,13.84839,214.1239,1.366864,0.6551444,0.03061626,-0.7548827,-0.03827148,-0.01572799,-0.4052341,1.536227,-0.4188828,-4.773505,-0.2317829,-0.05725718,2.026125,-0.8307932,0.02316064,0.556099,-0.1144886,0.9706562,-0.2114684,-0.5446787,-0.2393535,-0.803763,moving,25.11387,20.34959,-6.526103,-1.618717,6.068323455448818,-0.5328764613085525
05/04/2023 16:19:15.022731,3485,True,True,True,True,Eyes,2.446525,0.1142094,-2.953638,-0.4043812,-0.3177721,-0.8576111,0.0,0.0,0.0,0.0,0.0,0.0,0.0,3.731552,-0.4488316,-1.040208,2.439147,0.1310236,-3.03996,-0.02781285,0.9476563,-0.1158769,-0.2962203,13.6565,214.8291,0.9396822,0.6534708,0.0305175,-0.756336,-0.03597519,-0.01478431,-0.3809201,1.514911,-0.4046789,-4.77813,-0.2349919,-0.05521691,2.02587,-0.8229602,0.01593616,0.5678759,-0.1213642,0.9715979,-0.2031456,-0.5549845,-0.2361005,-0.7976523,moving,25.24484,20.33126,-6.616486,-1.561261,6.073203465634264,-0.5319750505848295
05/04/2023 16:19:15.033427,3486,True,True,True,True,Eyes,2.446114,0.1149259,-2.958536,-0.4064986,-0.3172542,-0.8568014,0.0,0.0,0.0,0.0,0.0,0.0,0.0,3.752875,-0.4216636,-1.004476,2.437106,0.1331353,-3.051825,-0.03086409,0.9457417,-0.1143705,-0.3025551,13.59199,215.5564,0.6382801,0.651898,0.03044288,-0.757695,-0.03381668,-0.01389725,-0.3580649,1.493292,-0.3970176,-4.781235,-0.2384299,-0.05303174,2.025597,-0.8150157,0.01082787,0.5793377,-0.1275857,0.9719336,-0.1976538,-0.565218,-0.2350061,-0.7907596,moving,25.38141,20.31845,-6.713305,-1.499706,6.078211790256635,-0.531153589523033
05/04/2023 16:19:15.053430,3487,True,True,True,True,Eyes,2.445626,0.1156669,-2.963681,-0.408963,-0.3167938,-0.8557984,0.0,0.0,0.0,0.0,0.0,0.0,0.0,3.775826,-0.4048748,-0.9667573,2.437026,0.1355139,-3.065606,-0.03299344,0.943679,-0.1138721,-0.3088927,13.60932,216.3063,0.4762164,0.6504119,0.03039158,-0.7589731,-0.03178767,-0.01306341,-0.336581,1.473131,-0.3926586,-4.784597,-0.241483,-0.05109137,2.025356,-0.8069936,0.008078084,0.5905052,-0.1326189,0.9718892,-0.1945345,-0.5754771,-0.2353002,-0.7832371,moving,25.54188,20.31321,-6.799272,-1.445029,6.083971524899314,-0.5303728038779506
05/04/2023 16:19:15.063114,3488,True,True,True,True,Eyes,2.445108,0.116399,-2.969126,-0.4120012,-0.31599,-0.8546375,0.0,0.0,0.0,0.0,0.0,0.0,0.0,3.794329,-0.3928263,-0.9283085,2.434814,0.1368458,-3.076679,-0.03453392,0.9415808,-0.1138937,-0.3150575,13.66477,217.0486,0.3970246,0.6489992,0.03036176,-0.7601827,-0.02988041,-0.01227961,-0.3163861,1.451601,-0.3907781,-4.784965,-0.244846,-0.04895368,2.025089,-0.7990922,0.006733201,0.6011706,-0.1367991,0.9716713,-0.1927199,-0.5854378,-0.2362406,-0.7755338,moving,25.73765,20.29115,-6.893956,-1.384775,6.091197966837219,-0.529125762369811
05/04/2023 16:19:15.083194,3489,True,True,True,True,Eyes,2.444549,0.1170985,-2.974826,-0.4153538,-0.3153301,-0.8532574,0.0,0.0,0.0,0.0,0.0,0.0,0.0,3.81454,-0.3865709,-0.8867645,2.433778,0.1378175,-3.089374,-0.03579124,0.9392382,-0.1150045,-0.3214414,13.83005,217.8336,0.395429,0.6476492,0.03035086,-0.7613336,-0.02808759,-0.01154283,-0.2974029,1.430395,-0.3935871,-4.784803,-0.2477884,-0.04708341,2.024854,-0.7907888,0.006701407,0.6120524,-0.1411674,0.9709859,-0.1930236,-0.5955878,-0.2390428,-0.7668988,moving,25.95617,20.28232,-6.976795,-1.332044,6.099062881045908,-0.5280306772915635
05/04/2023 16:19:15.103158,3490,True,True,True,True,Eyes,2.443929,0.1177777,-2.980756,-0.419124,-0.3143413,-0.8517773,0.0,0.0,0.0,0.0,0.0,0.0,0.0,3.833575,-0.3790525,-0.8442464,2.432278,0.1376709,-3.101257,-0.03706645,0.9368194,-0.1161788,-0.3278691,14.00361,218.627,0.3976358,0.6463521,0.03035599,-0.762435,-0.02640233,-0.01085026,-0.2795588,1.408901,-0.3976339,-4.783572,-0.2510105,-0.04503536,2.0246,-0.7822562,0.006733736,0.6229208,-0.145632,0.9702572,-0.1933713,-0.6056955,-0.241983,-0.758009,moving,26.19987,20.25616,-7.067483,-1.274282,6.108041978413584,-0.5265027782266332
05/04/2023 16:19:15.122919,3491,True,True,True,True,Eyes,2.44323,0.1184827,-2.986903,-0.4230876,-0.3133959,-0.8501646,0.0,0.0,0.0,0.0,0.0,0.0,0.0,3.849853,-0.3662825,-0.8078327,2.4297,0.1374447,-3.112199,-0.03881813,0.9346466,-0.1167447,-0.3336163,14.13047,219.3265,0.3151185,0.6450985,0.03037486,-0.763495,-0.02481819,-0.01019925,-0.2627853,1.388928,-0.399825,-4.783302,-0.2541964,-0.04301035,2.024349,-0.7743869,0.005333428,0.6326904,-0.1504583,0.9697276,-0.1923293,-0.6145632,-0.2441308,-0.7501419,moving,26.45741,20.23538,-7.157139,-1.217152,6.117443502707825,-0.52501716226582
05/04/2023 16:19:15.135347,3492,True,True,True,True,Eyes,2.442462,0.119215,-2.993263,-0.4272473,-0.3121264,-0.8485498,0.0,0.0,0.0,0.0,0.0,0.0,0.0,3.865456,-0.3463913,-0.7781296,2.427225,0.1387481,-3.123545,-0.04120405,0.9327879,-0.1160965,-0.3387194,14.15229,219.9276,0.1051213,0.6438807,0.03040667,-0.764521,-0.0233291,-0.009587292,-0.2470181,1.371513,-0.3962198,-4.786132,-0.2575759,-0.04086223,2.024081,-0.7671431,0.001779023,0.6414739,-0.1555176,0.9696476,-0.1886737,-0.6223393,-0.2445001,-0.7435818,moving,26.72539,20.19529,-7.252237,-1.156533,6.127461519492926,-0.5231241858918604
05/04/2023 16:19:15.153304,3493,True,True,True,True,Eyes,2.441577,0.1199368,-2.999813,-0.4316712,-0.3107914,-0.8467991,0.0,0.0,0.0,0.0,0.0,0.0,0.0,3.879741,-0.3223694,-0.7492957,2.423877,0.1400585,-3.134161,-0.04357374,0.9310113,-0.1144356,-0.3438371,14.0664,220.5222,359.8558,0.6426914,0.03045067,-0.7655193,-0.02192935,-0.009012054,-0.2321971,1.352716,-0.388813,-4.788942,-0.260837,-0.03878957,2.02382,-0.7597546,-0.002440877,0.6502051,-0.1598297,0.9700117,-0.1831171,-0.6302595,-0.2430462,-0.7373609,moving,27.01104,20.1541,-7.343994,-1.098026,6.138120429856283,-0.5211354031421058
05/04/2023 16:19:15.163128,3494,True,True,True,True,Eyes,2.440594,0.1206461,-3.006529,-0.4362988,-0.3092335,-0.8449959,0.0,0.0,0.0,0.0,0.0,0.0,0.0,3.89512,-0.297385,-0.7140312,2.420341,0.1404765,-3.145227,-0.04547921,0.9289573,-0.1121935,-0.3498322,13.90224,221.2282,359.6459,0.6415239,0.0305053,-0.7664958,-0.02061359,-0.008471331,-0.2182652,1.329869,-0.3799941,-4.790163,-0.2637523,-0.03693622,2.023587,-0.7510982,-0.005998743,0.6601632,-0.1629942,0.9706885,-0.1766257,-0.6397534,-0.240266,-0.7300602,moving,27.30878,20.10053,-7.426012,-1.045695,6.149366042974159,-0.5188625081869341
05/04/2023 16:19:15.182828,3495,True,True,True,True,Eyes,2.4395,0.1213513,-3.013383,-0.4411196,-0.3077485,-0.8430328,0.0,0.0,0.0,0.0,0.0,0.0,0.0,3.909272,-0.2800051,-0.6759295,2.416702,0.1408156,-3.155537,-0.04667053,0.9267667,-0.1107233,-0.3559014,13.79505,221.9612,359.5462,0.6403722,0.03056909,-0.7674558,-0.01937678,-0.007963051,-0.2051693,1.30676,-0.3735275,-4.7895,-0.2668922,-0.03494048,2.02334,-0.7423121,-0.007692199,0.6700103,-0.1653186,0.9711244,-0.1720092,-0.6493402,-0.2384496,-0.7221491,moving,27.62096,20.05457,-7.51432,-0.9893264,6.161026946582151,-0.516671262715252
05/04/2023 16:19:15.203315,3496,True,True,True,True,Eyes,2.438317,0.1220815,-3.020385,-0.4459301,-0.3062463,-0.8410467,0.0,0.0,0.0,0.0,0.0,0.0,0.0,3.921843,-0.2687327,-0.6414232,2.413073,0.1414156,-3.165686,-0.04775181,0.9246607,-0.11038,-0.3613015,13.80591,222.6241,359.4957,0.6392318,0.03064093,-0.7684031,-0.01821417,-0.007485268,-0.1928592,1.286513,-0.371019,-4.78901,-0.2700734,-0.03291851,2.023088,-0.7343621,-0.008547503,0.6787043,-0.1680694,0.971072,-0.1696225,-0.6576209,-0.2386337,-0.7145551,moving,27.93291,20.00784,-7.603783,-0.9322016,6.172689504580881,-0.5144665214163691
05/04/2023 16:19:15.213187,3497,True,True,True,True,Eyes,2.436999,0.1228122,-3.027483,-0.4508954,-0.3048885,-0.83889,0.0,0.0,0.0,0.0,0.0,0.0,0.0,3.932762,-0.2613624,-0.6096053,2.408948,0.1427207,-3.175398,-0.04901684,0.9225878,-0.1110456,-0.3661941,13.93364,223.2325,359.4618,0.6380982,0.0307206,-0.7693415,-0.01712132,-0.007036152,-0.1812876,1.268152,-0.3718362,-4.788256,-0.2733057,-0.03086418,2.022831,-0.7269983,-0.009116188,0.6865785,-0.1717731,0.9705325,-0.1689993,-0.6648061,-0.240798,-0.7071414,moving,28.25761,19.97331,-7.694663,-0.8741462,6.184648895579685,-0.5124368937286372
05/04/2023 16:19:15.233240,3498,True,True,True,True,Eyes,2.435556,0.1235057,-3.034658,-0.4557844,-0.3035913,-0.8367156,0.0,0.0,0.0,0.0,0.0,0.0,0.0,3.943357,-0.2526486,-0.5754828,2.404539,0.1434788,-3.184758,-0.05030148,0.9203825,-0.1116382,-0.3713527,14.05533,223.8754,359.4283,0.6369681,0.03080725,-0.770274,-0.01609404,-0.006613983,-0.1704103,1.248593,-0.3729988,-4.786366,-0.2765244,-0.02881825,2.022575,-0.7191339,-0.009678923,0.6948042,-0.1755075,0.9700134,-0.1681404,-0.6723419,-0.2428588,-0.6992682,moving,28.57847,19.94264,-7.785155,-0.8163121,6.196422858369173,-0.510496149711868
05/04/2023 16:19:15.253363,3499,True,True,True,True,Eyes,2.433984,0.1241714,-3.041895,-0.4608207,-0.3025162,-0.834343,0.0,0.0,0.0,0.0,0.0,0.0,0.0,3.953944,-0.2379402,-0.5394464,2.400171,0.143273,-3.193733,-0.05283471,0.9178976,-0.1132044,-0.3766394,14.33669,224.5323,359.3069,0.6358384,0.03089921,-0.7712032,-0.0151284,-0.006217144,-0.1601857,1.229761,-0.3801473,-4.782736,-0.2797493,-0.02676848,2.022321,-0.7107028,-0.01171921,0.7033951,-0.1822682,0.9687865,-0.1680209,-0.6794707,-0.2476194,-0.6906553,moving,28.91256,19.92964,-7.87579,-0.758352,6.208440965097266,-0.5088312984149932
05/04/2023 16:19:15.263222,3500,True,True,True,True,Eyes,2.432278,0.124807,-3.049191,-0.4657778,-0.301635,-0.831906,0.0,0.0,0.0,0.0,0.0,0.0,0.0,3.964112,-0.2215593,-0.5018954,2.395644,0.1432908,-3.202425,-0.05546366,0.9153152,-0.1145623,-0.3820961,14.60217,225.2099,359.1719,0.6347058,0.03099527,-0.7721316,-0.01422069,-0.005844116,-0.1505746,1.210374,-0.3863006,-4.778543,-0.2831951,-0.02457824,2.022047,-0.7018526,-0.01398586,0.7121847,-0.189081,0.9675985,-0.1673363,-0.6867685,-0.2521061,-0.681756,moving,29.24413,19.92978,-7.972628,-0.6964034,6.22020219463967,-0.5074241552140808
05/04/2023 16:19:15.282969,3501,True,True,True,True,Eyes,2.430443,0.1254334,-3.05654,-0.4708822,-0.3009444,-0.8292783,0.0,0.0,0.0,0.0,0.0,0.0,0.0,3.97405,-0.2037032,-0.4622283,2.390877,0.1432084,-3.211139,-0.05853833,0.9125032,-0.1164582,-0.3877483,14.94746,225.9155,359.0203,0.6335686,0.0310942,-0.7730612,-0.01336745,-0.005493469,-0.1415401,1.190343,-0.3954845,-4.772757,-0.2861519,-0.02269894,2.021812,-0.6924493,-0.01651988,0.7212776,-0.1971457,0.9660215,-0.1671407,-0.6940086,-0.2579332,-0.6721777,moving,29.58885,19.9458,-8.055704,-0.6432344,6.23222754442826,-0.5062595981205438
05/04/2023 16:19:15.303281,3502,True,True,True,True,Eyes,2.381952,0.1412497,-3.242234,-0.592243,-0.2792344,-0.7558283,0.0,0.0,0.0,0.0,0.0,0.0,0.0,3.983165,-0.1878659,-0.4241996,2.386077,0.143629,-3.219757,-0.0609732,0.9098475,-0.1176199,-0.3932245,15.18786,226.6007,358.9045,0.632424,0.03119552,-0.7739937,-0.0125654,-0.005163861,-0.1330477,1.170476,-0.4005855,-4.767981,-0.2893575,-0.02066121,2.021559,-0.6833138,-0.01845056,0.7298919,-0.2034547,0.9648957,-0.1660801,-0.7012053,-0.2619847,-0.6630805,moving,38.08112,20.27633,-8.145749,-0.5855671,6.529292604570001,-0.4763650205812959
05/04/2023 16:19:15.313127,3503,True,True,True,True,Eyes,2.381728,0.1412705,-3.24257,-0.5925315,-0.2792155,-0.7556092,0.0,0.0,0.0,0.0,0.0,0.0,0.0,3.991099,-0.1714501,-0.3931856,2.381174,0.1442846,-3.228321,-0.063054,0.9076175,-0.1177557,-0.3979803,15.30414,227.1884,358.7686,0.6268606,0.03169203,-0.7784864,-0.1572838,0.04259501,-0.6821482,1.152364,-0.4011378,-4.765897,-0.2925333,-0.01864266,2.021305,-0.6752717,-0.0207289,0.7372776,-0.2081867,0.9643156,-0.1635658,-0.7075777,-0.2639428,-0.6554906,moving,38.10274,20.28046,-8.234951,-0.5284286,6.5300069722027665,-0.47635072821391167
05/04/2023 16:19:15.333157,3504,True,True,True,True,Eyes,2.381258,0.1413028,-3.243219,-0.5929149,-0.2789297,-0.7554139,0.0,0.0,0.0,0.0,0.0,0.0,0.0,3.997998,-0.1528421,-0.3660126,2.375697,0.1448519,-3.236725,-0.06499778,0.9056164,-0.1169977,-0.4024252,15.32082,227.7292,358.6002,0.6222535,0.03210946,-0.7821567,-0.1478467,0.0400393,-0.6412193,1.134358,-0.3981264,-4.76534,-0.2958506,-0.01653388,2.021043,-0.6676588,-0.02356045,0.7440948,-0.2118918,0.9641736,-0.1595966,-0.7136765,-0.2642236,-0.6487312,moving,38.12792,20.26621,-8.3281,-0.4687186,6.53108189922233,-0.4759758092071952
05/04/2023 16:19:15.353506,3505,True,True,True,True,Eyes,2.380557,0.141351,-3.244183,-0.5936083,-0.2785247,-0.7550187,0.0,0.0,0.0,0.0,0.0,0.0,0.0,4.004471,-0.128367,-0.3414826,2.369802,0.1450861,-3.245283,-0.06686205,0.9038209,-0.1146119,-0.4068188,15.16376,228.2478,358.3608,0.6184293,0.03246169,-0.7851694,-0.1389759,0.03763695,-0.6027461,1.115192,-0.3892686,-4.766347,-0.2990102,-0.01452571,2.020792,-0.6600561,-0.02761011,0.7507089,-0.2141151,0.9647871,-0.1527757,-0.7200562,-0.2615786,-0.6427252,moving,38.17502,20.24891,-8.4168,-0.4118422,6.532973349577377,-0.475450359315371
05/04/2023 16:19:15.363562,3506,True,True,True,True,Eyes,2.379623,0.1413967,-3.245434,-0.5944366,-0.2778054,-0.7546319,0.0,0.0,0.0,0.0,0.0,0.0,0.0,4.010615,-0.1033491,-0.3130422,2.363558,0.145406,-3.253638,-0.06893325,0.9017507,-0.1125606,-0.4116118,15.05527,228.8212,358.1213,0.6152427,0.03276021,-0.7876565,-0.1306374,0.03537873,-0.5665814,1.094721,-0.3818111,-4.765655,-0.302372,-0.01238874,2.020525,-0.6516482,-0.03165865,0.7578605,-0.2169838,0.9651566,-0.1462558,-0.7268239,-0.2597507,-0.635812,moving,38.22812,20.21036,-8.511162,-0.3513014,6.535348502084751,-0.47449996075703005
05/04/2023 16:19:15.388962,3507,True,True,True,True,Eyes,2.37845,0.1413889,-3.246953,-0.5955563,-0.2769659,-0.7540574,0.0,0.0,0.0,0.0,0.0,0.0,0.0,4.016115,-0.08017838,-0.2864394,2.35722,0.1454914,-3.261902,-0.07020088,0.8998961,-0.1095269,-0.4162483,14.80723,229.375,357.9155,0.6125724,0.03301401,-0.7897243,-0.1227991,0.03325601,-0.5325865,1.073617,-0.3701869,-4.765689,-0.3054172,-0.01045316,2.020283,-0.6436182,-0.0351662,0.7645382,-0.2175278,0.9661514,-0.1386837,-0.7337827,-0.2555677,-0.6294822,moving,38.30177,20.16833,-8.59662,-0.2964519,6.538497055394963,-0.47339677356145204
05/04/2023 16:19:15.413499,3508,True,True,True,True,Eyes,2.377054,0.1413245,-3.248747,-0.5968066,-0.2760086,-0.7534197,0.0,0.0,0.0,0.0,0.0,0.0,0.0,4.020875,-0.05457565,-0.2608023,2.350613,0.1439722,-3.269912,-0.07164008,0.8980238,-0.1065433,-0.4207962,14.57509,229.9183,357.6904,0.6103173,0.03322932,-0.7914594,-0.1154312,0.03126065,-0.5006313,1.052766,-0.3604701,-4.76556,-0.3086171,-0.008419484,2.020029,-0.6355965,-0.03900301,0.7710357,-0.218335,0.9670324,-0.131065,-0.7405045,-0.2516485,-0.6231582,moving,38.38381,20.11986,-8.686398,-0.2388075,6.5420253393506655,-0.47213686048566095
05/04/2023 16:19:15.423057,3509,True,True,True,True,Eyes,2.375426,0.1412173,-3.250785,-0.5983279,-0.2750598,-0.7525595,0.0,0.0,0.0,0.0,0.0,0.0,0.0,4.025558,-0.03028473,-0.2329702,2.343953,0.1426625,-3.278085,-0.07347115,0.8958993,-0.1046113,-0.4254681,14.47524,230.4862,357.4767,0.6083165,0.03341589,-0.7929903,-0.1085053,0.02938501,-0.4705934,1.032212,-0.3550564,-4.764152,-0.3118651,-0.006354988,2.019773,-0.627158,-0.04262792,0.7777248,-0.2206631,0.9673169,-0.1249232,-0.7469812,-0.2499617,-0.6160669,moving,38.48671,20.07731,-8.777496,-0.1802741,6.546218214192171,-0.47089953318084954
05/04/2023 16:19:15.433134,3510,True,True,True,True,Eyes,2.373554,0.1410764,-3.25304,-0.5999386,-0.2740645,-0.7516397,0.0,0.0,0.0,0.0,0.0,0.0,0.0,4.029628,-0.01002851,-0.2027898,2.336867,0.1413226,-3.286062,-0.07513698,0.893582,-0.1034831,-0.4302988,14.45407,231.0862,357.3232,0.6064625,0.03358045,-0.7944022,-0.101995,0.02762191,-0.4423578,1.011003,-0.3527254,-4.761096,-0.3150091,-0.004355997,2.019523,-0.618395,-0.04522482,0.7845652,-0.2233394,0.9672914,-0.1202785,-0.7534636,-0.2496039,-0.6082687,moving,38.59593,20.03297,-8.865665,-0.1235836,6.5506581163079876,-0.4696016876380348
05/04/2023 16:19:15.453128,3511,True,True,True,True,Eyes,2.371448,0.1408725,-3.255516,-0.6017715,-0.272994,-0.7505633,0.0,0.0,0.0,0.0,0.0,0.0,0.0,4.033396,0.006353021,-0.1776304,2.329831,0.1403776,-3.294247,-0.0760839,0.8916324,-0.1017632,-0.4345652,14.33539,231.616,357.2057,0.6047351,0.03372432,-0.7957118,-0.0958753,0.02596459,-0.4158163,0.991428,-0.3464305,-4.760732,-0.3187597,-0.001972467,2.019225,-0.6107284,-0.04723229,0.79043,-0.2241232,0.967711,-0.1153438,-0.7594599,-0.2475975,-0.6015945,moving,38.72124,19.98728,-8.970818,-0.05596898,6.555686045169601,-0.4682100543216121
05/04/2023 16:19:15.463214,3512,True,True,True,True,Eyes,2.369105,0.140571,-3.258209,-0.6036037,-0.2717957,-0.7495262,0.0,0.0,0.0,0.0,0.0,0.0,0.0,4.036178,0.0242483,-0.1548848,2.322244,0.1386133,-3.302011,-0.07699859,0.8898005,-0.09970652,-0.438617,14.18087,232.1164,357.0699,0.6031157,0.03384799,-0.7969347,-0.09012278,0.02440672,-0.3908673,0.9713554,-0.3402511,-4.759943,-0.3215711,-0.00018543,2.019001,-0.6033727,-0.04956086,0.7959177,-0.2244927,0.9682596,-0.109892,-0.7652087,-0.2449836,-0.5953475,moving,38.84497,19.93182,-9.049624,-0.005262186,6.56078244435697,-0.4666414914874802
05/04/2023 16:19:15.483224,3513,True,True,True,True,Eyes,2.366526,0.1402064,-3.261124,-0.6055788,-0.2705021,-0.7484002,0.0,0.0,0.0,0.0,0.0,0.0,0.0,4.038951,0.03773877,-0.138247,2.314439,0.1361403,-3.310363,-0.07724816,0.8883368,-0.09752467,-0.4420175,13.97861,232.5383,356.9856,0.6015872,0.03395107,-0.7980848,-0.08471541,0.02294232,-0.3674153,0.9529337,-0.3333196,-4.761793,-0.3245145,0.001685277,2.018769,-0.5973065,-0.05102954,0.800388,-0.22346,0.9690434,-0.1049794,-0.7702536,-0.2415596,-0.590219,moving,38.97855,19.87191,-9.132101,0.04783075,6.566285006646989,-0.4649474012931928
05/04/2023 16:19:15.503300,3514,True,True,True,True,Eyes,2.363696,0.1397846,-3.264245,-0.6079805,-0.2692306,-0.74691,0.0,0.0,0.0,0.0,0.0,0.0,0.0,4.040922,0.04493821,-0.1260533,2.306209,0.1339883,-3.318194,-0.07687012,0.8871717,-0.09556985,-0.4448413,13.76639,232.8937,356.9684,0.6001347,0.03403401,-0.7991741,-0.07963248,0.02156578,-0.3453704,0.9359866,-0.3258814,-4.764856,-0.3277466,0.003739968,2.018512,-0.5924144,-0.05136715,0.8039942,-0.2214208,0.9699147,-0.1011837,-0.7746083,-0.2379637,-0.5859653,moving,39.1454,19.82216,-9.222652,0.1061595,6.572838384918784,-0.4633028314101554
05/04/2023 16:19:15.513089,3515,True,True,True,True,Eyes,2.360611,0.1393232,-3.267551,-0.6104698,-0.2678809,-0.7453633,0.0,0.0,0.0,0.0,0.0,0.0,0.0,4.042984,0.05047223,-0.1156831,2.297575,0.1322017,-3.326457,-0.07629635,0.8861004,-0.09351569,-0.447504,13.53353,233.2295,356.9627,0.5987439,0.03409744,-0.800214,-0.07485454,0.02027183,-0.3246481,0.9190329,-0.3174562,-4.768799,-0.3309314,0.005764022,2.01826,-0.5878381,-0.05151515,0.8073367,-0.2189097,0.9708674,-0.09744275,-0.7787971,-0.2340144,-0.58199,moving,39.31827,19.76826,-9.311852,0.1636327,6.579658226830381,-0.46155465774551346
05/04/2023 16:19:15.533382,3516,True,True,True,True,Eyes,2.357255,0.1388185,-3.271015,-0.6131471,-0.2666443,-0.743607,0.0,0.0,0.0,0.0,0.0,0.0,0.0,4.04431,0.05713502,-0.1065187,2.288433,0.1307572,-3.334221,-0.0760809,0.8850331,-0.0916983,-0.4500218,13.34348,233.5455,356.9285,0.5974027,0.03414232,-0.8012138,-0.07036327,0.01905552,-0.3051693,0.9023228,-0.3100061,-4.772437,-0.3340907,0.007772073,2.01801,-0.5833842,-0.05213575,0.8105214,-0.2172007,0.9716063,-0.09383593,-0.7826154,-0.2307882,-0.5781437,moving,39.50756,19.72693,-9.400314,0.2206653,6.586900385445857,-0.45997294844195835
05/04/2023 16:19:15.553328,3517,True,True,True,True,Eyes,2.353648,0.1382732,-3.274656,-0.6158563,-0.2653742,-0.7418203,0.0,0.0,0.0,0.0,0.0,0.0,0.0,4.045119,0.06508374,-0.1035337,2.278896,0.1292134,-3.341837,-0.07627707,0.8842338,-0.09014219,-0.4518706,13.19985,233.7728,356.8541,0.5961003,0.03416945,-0.8021821,-0.06614147,0.01791219,-0.2868591,0.8877226,-0.3039824,-4.777865,-0.3372929,0.009807602,2.017756,-0.5799897,-0.05342831,0.81287,-0.2163587,0.9721124,-0.09047879,-0.7853669,-0.2283482,-0.5753748,moving,39.69933,19.68385,-9.489958,0.2784925,6.594252830935614,-0.4583477997585472
05/04/2023 16:19:15.563169,3518,True,True,True,True,Eyes,2.3498,0.1376899,-3.278463,-0.6186838,-0.2642246,-0.7398755,0.0,0.0,0.0,0.0,0.0,0.0,0.0,4.046241,0.07314241,-0.0981493,2.269422,0.1277148,-3.349696,-0.07654787,0.8832713,-0.08876245,-0.4539752,13.07959,234.0349,356.7847,0.5948263,0.03417964,-0.8031268,-0.06217298,0.01683746,-0.2696475,0.8725969,-0.2985599,-4.782754,-0.3407476,0.01200378,2.017481,-0.5760939,-0.05463317,0.8155557,-0.215817,0.9725233,-0.08730098,-0.7883774,-0.2263043,-0.5720555,moving,39.90236,19.65268,-9.586641,0.3408992,6.601852945317197,-0.45689864874213404
05/04/2023 16:19:15.582944,3519,True,True,True,True,Eyes,2.345703,0.1370592,-3.282418,-0.6214679,-0.2631088,-0.7379372,0.0,0.0,0.0,0.0,0.0,0.0,0.0,4.046627,0.07883418,-0.09744501,2.259448,0.1261393,-3.357064,-0.07672552,0.8825579,-0.08769289,-0.4555378,12.9847,234.2297,356.7328,0.5935723,0.03417364,-0.8040544,-0.0584426,0.01582721,-0.2534687,0.8586198,-0.2944866,-4.788282,-0.3437581,0.01391746,2.017243,-0.5731972,-0.05553459,0.8175336,-0.2153243,0.9728463,-0.08488539,-0.7906204,-0.2246909,-0.5695907,moving,40.10305,19.6235,-9.670868,0.3952916,6.609344680644441,-0.45549685314840976
05/04/2023 16:19:15.603368,3520,True,True,True,True,Eyes,2.341358,0.1363934,-3.286517,-0.6242226,-0.2621922,-0.7359357,0.0,0.0,0.0,0.0,0.0,0.0,0.0,4.047016,0.08635396,-0.09998703,2.249412,0.1243578,-3.364591,-0.07751065,0.8819167,-0.08722851,-0.4567343,12.98289,234.3763,356.6445,0.5923302,0.03415193,-0.8049707,-0.05493605,0.01487758,-0.2382606,0.8463426,-0.2935204,-4.794844,-0.34689,0.01590799,2.016993,-0.5707718,-0.05703536,0.8191255,-0.2163964,0.9727666,-0.08305302,-0.7920809,-0.2246601,-0.56757,moving,40.3047,19.60948,-9.758475,0.4518814,6.616677251839539,-0.4543759394135546
05/04/2023 16:19:15.613457,3521,True,True,True,True,Eyes,2.33676,0.1356783,-3.290725,-0.6269611,-0.2613154,-0.733917,0.0,0.0,0.0,0.0,0.0,0.0,0.0,4.046473,0.09976751,-0.1021318,2.238736,0.1228059,-3.371542,-0.07915474,0.8811437,-0.08676258,-0.4580313,13.02707,234.5288,356.4684,0.5910931,0.03411523,-0.8058811,-0.05163988,0.01398492,-0.2239649,0.8334449,-0.2933285,-4.800568,-0.3500968,0.01794577,2.016739,-0.5678839,-0.06001344,0.8209182,-0.2189733,0.9724136,-0.0803899,-0.7934475,-0.2254113,-0.5653595,moving,40.50617,19.59857,-9.848145,0.5098277,6.623963798721779,-0.45331424989777513
05/04/2023 16:19:15.637049,3522,True,True,True,True,Eyes,2.331906,0.1349698,-3.295052,-0.6297328,-0.2606892,-0.7317634,0.0,0.0,0.0,0.0,0.0,0.0,0.0,4.046362,0.1151873,-0.1005363,2.2284,0.1211095,-3.378756,-0.08081145,0.8801708,-0.08596319,-0.45976,13.04006,234.7356,356.2798,0.5898552,0.03406387,-0.8067898,-0.04854149,0.01314583,-0.210527,0.8193752,-0.2920186,-4.805455,-0.3534404,0.02007129,2.016475,-0.5641807,-0.06321087,0.8232282,-0.2213006,0.9721597,-0.07701684,-0.7954411,-0.2256323,-0.5624623,moving,40.71427,19.60833,-9.941607,0.5702834,6.631222106733745,-0.4526129063049236
05/04/2023 16:19:15.653151,3523,True,True,True,True,Eyes,2.326803,0.1343599,-3.299481,-0.6324859,-0.2600726,-0.7296053,0.0,0.0,0.0,0.0,0.0,0.0,0.0,4.045665,0.1307302,-0.0966177,2.217294,0.1203581,-3.385699,-0.08317887,0.8789026,-0.0862253,-0.4617108,13.2015,234.9743,356.0781,0.5886113,0.03399955,-0.8077005,-0.045629,0.01235708,-0.1978954,0.8044894,-0.2949151,-4.808491,-0.3565899,0.02207338,2.016225,-0.5598089,-0.06658994,0.8259417,-0.2258345,0.971293,-0.0747581,-0.7972533,-0.2283764,-0.5587767,moving,40.92162,19.61894,-10.02963,0.6272421,6.638442973535705,-0.4519307290851386
05/04/2023 16:19:15.663043,3524,True,True,True,True,Eyes,2.321489,0.1338381,-3.304039,-0.6352884,-0.2594451,-0.7273905,0.0,0.0,0.0,0.0,0.0,0.0,0.0,4.045068,0.1425066,-0.0947547,2.206325,0.1215403,-3.392523,-0.08483567,0.8779112,-0.08560584,-0.4634076,13.23442,235.1789,355.899,0.5873559,0.03392601,-0.8086169,-0.04289126,0.01161565,-0.1860217,0.7899514,-0.2914126,-4.812943,-0.3599602,0.02421594,2.015956,-0.5561128,-0.06961555,0.8281863,-0.2282972,0.9709491,-0.07168166,-0.7991366,-0.2289356,-0.5558503,moving,41.13332,19.63026,-10.12379,0.6882114,6.645809114736749,-0.4512434023843638
05/04/2023 16:19:15.682848,3525,True,True,True,True,Eyes,2.315923,0.1333063,-3.308687,-0.6380984,-0.2586765,-0.7252012,0.0,0.0,0.0,0.0,0.0,0.0,0.0,4.044647,0.1505046,-0.09804821,2.195405,0.1235859,-3.399463,-0.08509514,0.8774941,-0.08305487,-0.4646128,12.99305,235.3165,355.7528,0.5860856,0.03384639,-0.8095415,-0.04031778,0.01091871,-0.1748604,0.7753786,-0.2780497,-4.81994,-0.3629435,0.0261116,2.015722,-0.5537878,-0.07216423,0.8295251,-0.2265177,0.9717214,-0.06668773,-0.8012548,-0.2248329,-0.5544739,moving,41.34428,19.63112,-10.2071,0.7421665,6.653282321097803,-0.4503626046607567
05/04/2023 16:19:15.702886,3526,True,True,True,True,Eyes,2.310154,0.1328442,-3.313443,-0.6409605,-0.258004,-0.7229132,0.0,0.0,0.0,0.0,0.0,0.0,0.0,4.04359,0.1620929,-0.09898376,2.183935,0.1229611,-3.40617,-0.08555624,0.8768461,-0.0806969,-0.4661646,12.78446,235.5005,355.6008,0.5847962,0.03376108,-0.810477,-0.03789872,0.01026359,-0.1643688,0.7594486,-0.2682194,-4.825611,-0.3662201,0.02819443,2.015461,-0.5507417,-0.07480322,0.8313172,-0.2252753,0.9723363,-0.06175093,-0.8037007,-0.2212841,-0.5523574,moving,41.56134,19.64122,-10.29859,0.8014625,6.660854166993257,-0.4496295557965093
05/04/2023 16:19:15.722906,3527,True,True,True,True,Eyes,2.304161,0.1324908,-3.318258,-0.6438197,-0.257319,-0.7206129,0.0,0.0,0.0,0.0,0.0,0.0,0.0,4.042776,0.1772759,-0.09952879,2.172869,0.1238836,-3.413011,-0.08715315,0.8760265,-0.07911349,-0.4676785,12.71669,235.6763,355.3726,0.5834849,0.03367241,-0.8114252,-0.03562479,0.009647775,-0.1545066,0.7447338,-0.2612979,-4.830926,-0.3693686,0.03019577,2.015212,-0.5473626,-0.07869755,0.8331875,-0.2266963,0.9722908,-0.05709171,-0.8056076,-0.2201303,-0.550036,moving,41.77867,19.65081,-10.38647,0.858451,6.6684420918062735,-0.44888577243538863
05/04/2023 16:19:15.733024,3528,True,True,True,True,Eyes,2.149392,0.1261464,-3.440318,-0.7129561,-0.242139,-0.6580746,0.0,0.0,0.0,0.0,0.0,0.0,0.0,4.04147,0.1919872,-0.09602022,2.161575,0.1260911,-3.419246,-0.08896495,0.8749468,-0.07781825,-0.4695718,12.69285,235.9032,355.1432,0.5821494,0.03358345,-0.8123877,-0.03348731,0.009068908,-0.1452362,0.7288558,-0.2544239,-4.834343,-0.3727338,0.03233449,2.014945,-0.5431755,-0.0825967,0.835547,-0.2287617,0.9720591,-0.05262281,-0.8078545,-0.2197245,-0.5468936,moving,47.29229,20.20113,-10.48037,0.9193656,6.857033105723078,-0.4357872763869052
05/04/2023 16:19:15.753221,3529,True,True,True,True,Eyes,2.148937,0.1262194,-3.440564,-0.7130903,-0.2420886,-0.6579478,0.0,0.0,0.0,0.0,0.0,0.0,0.0,4.04096,0.1987058,-0.0918541,2.150683,0.1282183,-3.425697,-0.08978023,0.8739457,-0.0768072,-0.4714438,12.64462,236.1378,355.0316,0.5748082,0.03328329,-0.8176107,-0.4957849,-0.01050863,-0.5027022,0.7131611,-0.2476576,-4.837685,-0.3758905,0.034341,2.014694,-0.5393606,-0.08450551,0.837824,-0.2293466,0.9720803,-0.04959797,-0.8102409,-0.2189033,-0.5436829,moving,47.30317,20.20084,-10.56842,0.9765275,6.857422788561467,-0.4357355654728708
05/04/2023 16:19:15.772810,3530,True,True,True,True,Eyes,2.148069,0.1263961,-3.441052,-0.713319,-0.2418753,-0.6577783,0.0,0.0,0.0,0.0,0.0,0.0,0.0,4.040253,0.2002556,-0.0864377,2.139345,0.1299745,-3.43184,-0.08987461,0.8729349,-0.07592342,-0.4734376,12.57118,236.3958,355.0028,0.5687574,0.03302829,-0.8218416,-0.4660378,-0.009878111,-0.4725401,0.6964962,-0.2408562,-4.840273,-0.3791173,0.03639162,2.014438,-0.535559,-0.08501938,0.8402073,-0.2287993,0.9723163,-0.04745234,-0.812913,-0.2176524,-0.5401852,moving,47.31968,20.18926,-10.6584,1.034958,6.858156101990036,-0.4354476978957377
05/04/2023 16:19:15.775281,3531,True,True,True,True,Eyes,2.146793,0.126624,-3.441745,-0.7137065,-0.2415836,-0.6574652,0.0,0.0,0.0,0.0,0.0,0.0,0.0,4.040411,0.1918798,-0.07843637,2.128562,0.1326685,-3.437952,-0.08867045,0.8719667,-0.07508001,-0.4755785,12.4316,236.6841,355.1113,0.5637586,0.03281444,-0.8252872,-0.4380755,-0.009285425,-0.4441877,0.6794575,-0.2318605,-4.842124,-0.3821312,0.03830782,2.014198,-0.5319256,-0.08322249,0.8426918,-0.2260482,0.9730011,-0.04659499,-0.8160623,-0.215274,-0.5363765,moving,47.34879,20.17571,-10.74241,1.089571,6.85936153064399,-0.43506922720023955
05/04/2023 16:19:15.803214,3532,True,True,True,True,Eyes,2.145111,0.1269208,-3.442588,-0.7139542,-0.2393613,-0.6580088,0.0,0.0,0.0,0.0,0.0,0.0,0.0,4.039697,0.1908257,-0.06811333,2.117545,0.1341099,-3.443577,-0.08811065,0.8707719,-0.07391706,-0.4780471,12.29657,237.0091,355.14,0.5596129,0.03263708,-0.828111,-0.411791,-0.008728299,-0.4175364,0.6613776,-0.2234725,-4.842828,-0.3855543,0.04048342,2.013927,-0.5274149,-0.08277689,0.8455656,-0.2241202,0.9735456,-0.04448773,-0.8195142,-0.2129719,-0.5320145,moving,47.33509,19.98967,-10.8378,1.151589,6.861246672453447,-0.43163046991949955
05/04/2023 16:19:15.816216,3533,True,True,True,True,Eyes,2.143086,0.127253,-3.443615,-0.7143732,-0.2372467,-0.6583198,0.0,0.0,0.0,0.0,0.0,0.0,0.0,4.039303,0.1947735,-0.05514765,2.10692,0.1357942,-3.449549,-0.08851968,0.8692793,-0.07324629,-0.4807837,12.26659,237.3656,355.1001,0.556156,0.03249272,-0.8304421,-0.3870835,-0.008204602,-0.3924842,0.6432703,-0.2181779,-4.842481,-0.3887699,0.04252768,2.013672,-0.5220229,-0.08346539,0.848838,-0.2243279,0.9735985,-0.04222532,-0.8229032,-0.2124606,-0.5269643,moving,47.33836,19.81825,-10.92737,1.209877,6.863547514884621,-0.4283943724971875
05/04/2023 16:19:15.833326,3534,True,True,True,True,Eyes,2.140777,0.1276242,-3.444875,-0.7149304,-0.2353917,-0.6583808,0.0,0.0,0.0,0.0,0.0,0.0,0.0,4.03861,0.1997385,-0.03789377,2.09656,0.1370462,-3.455049,-0.08921465,0.867484,-0.07305927,-0.4839159,12.3041,237.7765,355.0635,0.5532519,0.03237756,-0.8323842,-0.3638585,-0.007712326,-0.3689352,0.6243587,-0.2158934,-4.839745,-0.3916769,0.04437497,2.013441,-0.5157321,-0.08407548,0.8526145,-0.2254937,0.9734062,-0.04041069,-0.8265427,-0.2131003,-0.5209752,moving,47.35797,19.67356,-11.00833,1.262559,6.866087359605244,-0.425591246112555
05/04/2023 16:19:15.854103,3535,True,True,True,True,Eyes,2.138162,0.1280393,-3.446305,-0.7155935,-0.2336472,-0.6582817,0.0,0.0,0.0,0.0,0.0,0.0,0.0,4.038908,0.1992399,-0.02119493,2.087058,0.1381796,-3.460927,-0.08946996,0.8657694,-0.07350759,-0.4868626,12.38035,238.1709,355.1051,0.5507059,0.03228626,-0.8340746,-0.342027,-0.007249586,-0.3467991,0.6072466,-0.2153343,-4.837957,-0.3949295,0.04644319,2.013181,-0.50992,-0.08334451,0.8561748,-0.2264969,0.9731836,-0.04016211,-0.8298679,-0.2144004,-0.515123,moving,47.38873,19.54155,-11.09888,1.321554,6.868861156744346,-0.4229790588397252
05/04/2023 16:19:15.863298,3536,True,True,True,True,Eyes,2.135268,0.1284981,-3.447889,-0.7162719,-0.2320184,-0.6581201,0.0,0.0,0.0,0.0,0.0,0.0,0.0,4.03905,0.1942908,-0.01074219,2.077405,0.1396224,-3.466507,-0.08934715,0.8644735,-0.07414728,-0.4890859,12.45035,238.4736,355.186,0.5483484,0.03221423,-0.835629,-0.3215054,-0.006814611,-0.3259911,0.5921655,-0.214675,-4.838071,-0.3979646,0.04837173,2.012943,-0.5056245,-0.08194771,0.8588532,-0.2270053,0.9730386,-0.04079986,-0.8323538,-0.2155936,-0.5105947,moving,47.4228,19.41996,-11.18333,1.376573,6.8716195736972585,-0.4205486635385123
05/04/2023 16:19:15.882913,3537,True,True,True,True,Eyes,2.132102,0.1289447,-3.449627,-0.7170526,-0.2303457,-0.6578574,0.0,0.0,0.0,0.0,0.0,0.0,0.0,4.039355,0.1904193,-0.005251884,2.06808,0.1411892,-3.472143,-0.08884003,0.8635878,-0.07367916,-0.4908106,12.38409,238.7054,355.2361,0.5461548,0.03216068,-0.8370665,-0.3022151,-0.006405734,-0.3064317,0.5784258,-0.2088382,-4.840652,-0.4011902,0.05042166,2.012688,-0.5024251,-0.08111734,0.8608074,-0.2257674,0.9733577,-0.0400496,-0.8346247,-0.2144641,-0.5073531,moving,47.46528,19.29746,-11.27305,1.435068,6.874687948215971,-0.41806540512569623
05/04/2023 16:19:15.903169,3538,True,True,True,True,Eyes,2.128698,0.1293923,-3.451542,-0.7178395,-0.2286491,-0.6575911,0.0,0.0,0.0,0.0,0.0,0.0,0.0,4.039295,0.1866642,-4.816055e-05,2.05844,0.1413252,-3.477586,-0.08773378,0.8627914,-0.07246047,-0.4925885,12.2085,238.9438,355.3047,0.5441024,0.03212349,-0.8384035,-0.2840822,-0.00602139,-0.2880458,0.5637249,-0.2007303,-4.843252,-0.4044775,0.05251131,2.012426,-0.4993188,-0.08000549,0.8627167,-0.2227783,0.9741045,-0.03860321,-0.8372877,-0.2114698,-0.5042121,moving,47.50814,19.17293,-11.36446,1.49471,6.877795677250454,-0.4155423729676393
05/04/2023 16:19:15.913341,3539,True,True,True,True,Eyes,2.125045,0.1298834,-3.453601,-0.7186776,-0.2268477,-0.6572994,0.0,0.0,0.0,0.0,0.0,0.0,0.0,4.039937,0.1803227,0.001486778,2.049177,0.1417712,-3.483444,0.08622276,-0.8622833,0.07101869,0.493953,11.98505,239.1282,355.3949,0.5421717,0.03210108,-0.8396541,-0.2670372,-0.005660106,-0.270763,0.5504743,-0.1908788,-4.847716,-0.4076606,0.05453511,2.012173,-0.4971521,-0.07853708,0.8641017,-0.2188567,0.975044,-0.03729647,-0.839608,-0.2076565,-0.5019336,moving,47.5541,19.04062,-11.45295,1.552485,6.881112544085488,-0.4128599189628589
05/04/2023 16:19:15.933284,3540,True,True,True,True,Eyes,2.121186,0.1304141,-3.455845,-0.7194746,-0.2250002,-0.6570625,0.0,0.0,0.0,0.0,0.0,0.0,0.0,4.040097,0.1755421,-0.002025604,2.039592,0.1432691,-3.488945,0.08488183,-0.8620849,0.06909622,0.4948035,11.72024,239.2393,355.4325,0.5403446,0.03209304,-0.8408313,-0.251015,-0.0053205,-0.2545172,0.53839,-0.178159,-4.853829,-0.4108742,0.05657784,2.011918,-0.4959294,-0.07797259,0.8648553,-0.2147288,0.9760416,-0.03513394,-0.8413951,-0.2031332,-0.5007907,moving,47.59601,18.90292,-11.54224,1.61081,6.8843544284746265,-0.4100933685998891
05/04/2023 16:19:15.953274,3541,True,True,True,True,Eyes,2.11711,0.1309555,-3.45823,-0.7203088,-0.2231507,-0.6567792,0.0,0.0,0.0,0.0,0.0,0.0,0.0,4.040531,0.1733524,-0.006543159,2.03019,0.144578,-3.494769,0.08381547,-0.8619098,0.06705859,0.4955699,11.45918,239.3366,355.4341,0.5386049,0.03209889,-0.8419465,-0.2359541,-0.00500127,-0.2392462,0.526791,-0.1655278,-4.860529,-0.4140525,0.05859804,2.011666,-0.494771,-0.07801832,0.8655143,-0.2109472,0.9769562,-0.03252408,-0.8430321,-0.1986698,-0.4998273,moving,47.64137,18.76597,-11.63052,1.668504,6.88770914840066,-0.4073262472736199
05/04/2023 16:19:15.963443,3542,True,True,True,True,Eyes,2.112851,0.1315078,-3.460764,-0.7211528,-0.2214631,-0.6564242,0.0,0.0,0.0,0.0,0.0,0.0,0.0,4.041158,0.1711257,-0.009662151,2.021167,0.1454989,-3.500578,0.08317869,-0.8615762,0.06593852,0.496407,11.31501,239.4464,355.4454,0.5369389,0.03211752,-0.8430093,-0.2217969,-0.004701194,-0.2248914,0.5159082,-0.157344,-4.866623,-0.4173199,0.06067408,2.011408,-0.493323,-0.07786489,0.8663543,-0.2087943,0.9774668,-0.03104115,-0.8444157,-0.1962031,-0.4984647,moving,47.69019,18.64326,-11.72123,1.727802,6.891005121838252,-0.40481208495931076
05/04/2023 16:19:15.983075,3543,True,True,True,True,Eyes,2.108394,0.13208,-3.463409,-0.7220129,-0.2199304,-0.6559938,0.0,0.0,0.0,0.0,0.0,0.0,0.0,4.041096,0.1701403,-0.0121398,2.011919,0.1460784,-3.505765,0.08331377,-0.8610757,0.06595153,0.4972503,11.32851,239.5586,355.4438,0.5353343,0.03214788,-0.8440279,-0.208489,-0.004419122,-0.2113979,0.5054061,-0.1549348,-4.871531,-0.4205184,0.06270777,2.011154,-0.4916021,-0.07789009,0.8673297,-0.2090677,0.9774184,-0.03072293,-0.845351,-0.1964341,-0.4967852,moving,47.74289,18.53439,-11.81,1.785904,6.89426234720702,-0.40254157706547233
05/04/2023 16:19:16.003332,3544,True,True,True,True,Eyes,2.103839,0.132726,-3.466307,-0.7251342,-0.2152561,-0.6540989,0.0,0.0,0.0,0.0,0.0,0.0,0.0,4.041435,0.1610813,-0.01191807,2.002677,0.1472626,-3.510965,0.0830285,-0.8604229,0.06714027,0.498268,11.43633,239.7046,355.5545,0.5337803,0.03218931,-0.84501,-0.1959797,-0.004153975,-0.198714,0.4947747,-0.1559882,-4.875415,-0.4237359,0.06475259,2.010898,-0.4896706,-0.07597153,0.8685916,-0.2097869,0.9771969,-0.03279715,-0.8462934,-0.1982789,-0.4944424,moving,47.94833,18.21576,-11.89927,1.844334,6.905611781844366,-0.3956787730216157
05/04/2023 16:19:16.013575,3545,True,True,True,True,Eyes,2.099102,0.1333864,-3.46929,-0.728178,-0.2109071,-0.6521311,0.0,0.0,0.0,0.0,0.0,0.0,0.0,4.041944,0.1561372,-0.01169205,1.993853,0.148689,-3.516285,0.08317977,-0.8597496,0.06802256,0.4992845,11.53845,239.8459,355.6039,0.5322677,0.03224238,-0.8459615,-0.1842209,-0.003904736,-0.1867912,0.4845344,-0.1561443,-4.879551,-0.4269899,0.06682089,2.01064,-0.4875926,-0.07510232,0.8698353,-0.2109528,0.9769081,-0.033904,-0.847203,-0.2000255,-0.4921762,moving,48.15348,17.92184,-11.98951,1.903447,6.916635986934413,-0.38928167763926935
05/04/2023 16:19:16.033337,3546,True,True,True,True,Eyes,2.094126,0.1340229,-3.472212,-0.7311648,-0.2067566,-0.6501152,0.0,0.0,0.0,0.0,0.0,0.0,0.0,4.042027,0.1531125,-0.006397724,1.984798,0.1497434,-3.521308,0.08390427,-0.8586581,0.06962788,0.5008178,11.74841,240.058,355.6448,0.5307877,0.03230631,-0.8468886,-0.1731677,-0.003670452,-0.1755837,0.4727838,-0.1604957,-4.881064,-0.4300537,0.06876831,2.010398,-0.4842834,-0.0743484,0.8717467,-0.2138319,0.9762241,-0.03553156,-0.8483784,-0.2036146,-0.4886672,moving,48.3581,17.64226,-12.07443,1.959114,6.927458618898967,-0.38315638572378785
05/04/2023 16:19:16.053227,3547,True,True,True,True,Eyes,2.089003,0.1346473,-3.47522,-0.7340854,-0.2028733,-0.648044,0.0,0.0,0.0,0.0,0.0,0.0,0.0,4.042571,0.1505836,0.0009560585,1.976369,0.1501631,-3.526537,0.08439337,-0.8574903,0.0709305,0.5025506,11.91547,240.2973,355.6955,0.529333,0.03237957,-0.8477958,-0.1627776,-0.003450225,-0.1650487,0.4609355,-0.1639196,-4.882361,-0.4333227,0.07084574,2.010139,-0.4806415,-0.07344067,0.8738367,-0.2160253,0.9756932,-0.03682053,-0.8498925,-0.2064683,-0.4848236,moving,48.56223,17.38298,-12.16501,2.018508,6.938005133627687,-0.377414757748161
05/04/2023 16:19:16.062937,3548,True,True,True,True,Eyes,2.083734,0.1352534,-3.478303,-0.7369404,-0.1992201,-0.6459335,0.0,0.0,0.0,0.0,0.0,0.0,0.0,4.042927,0.1481073,0.005747795,1.967748,0.1505336,-3.531648,0.08485529,-0.8564799,0.07211139,0.5040255,12.06741,240.5017,355.7388,0.527898,0.03246091,-0.8486869,-0.1530109,-0.003243212,-0.1551458,0.4496303,-0.1668402,-4.884466,-0.4365592,0.07290358,2.009881,-0.4775158,-0.07266176,0.8756135,-0.2180457,0.975199,-0.03798546,-0.8511373,-0.2090624,-0.4815166,moving,48.76521,17.14091,-12.25466,2.077355,6.948291500084049,-0.37200151696058636
05/04/2023 16:19:16.083284,3549,True,True,True,True,Eyes,2.07833,0.1358429,-3.481469,-0.7397515,-0.1957564,-0.6437758,0.0,0.0,0.0,0.0,0.0,0.0,0.0,4.043555,0.1438133,0.01193285,1.959302,0.1507878,-3.536885,0.08502986,-0.8554163,0.07331038,0.5056269,12.20491,240.726,355.8145,0.5264775,0.03254907,-0.8495656,-0.1438303,-0.003048619,-0.145837,0.4379828,-0.1697285,-4.886101,-0.4396421,0.07486275,2.009636,-0.4742228,-0.07133644,0.8775102,-0.2196072,0.974791,-0.03943501,-0.8525759,-0.2114086,-0.4779342,moving,48.96827,16.91323,-12.34002,2.133389,6.9583972969351935,-0.3668584258853933
05/04/2023 16:19:16.103141,3550,True,True,True,True,Eyes,1.939965,0.1506332,-3.563106,-0.805089,-0.109598,-0.5829408,0.0,0.0,0.0,0.0,0.0,0.0,0.0,4.044142,0.1372709,0.01758528,1.950697,0.1510135,-3.542063,0.08461985,-0.8544632,0.07404044,0.5071981,12.26115,240.9474,355.9214,0.5250656,0.032643,-0.8504353,-0.1352005,-0.002865702,-0.1370868,0.4259713,-0.169993,-4.888093,-0.4428284,0.07688798,2.009383,-0.4711789,-0.06950276,0.879295,-0.2197154,0.974715,-0.0406916,-0.8542337,-0.2123677,-0.4745359,moving,54.09283,10.64781,-12.4282,2.191324,7.2200557535695875,-0.2272981900131302
05/04/2023 16:19:16.113252,3551,True,True,True,True,Eyes,1.939602,0.1506447,-3.563317,-0.8052269,-0.1094669,-0.582775,0.0,0.0,0.0,0.0,0.0,0.0,0.0,4.044625,0.1352704,0.02530622,1.941942,0.1516456,-3.547364,0.08428568,-0.8533967,0.07374348,0.5090895,12.22099,241.2038,355.9648,0.5187703,0.03321142,-0.8542681,-0.5421835,0.04167726,-0.373773,0.4124251,-0.1659558,-4.889582,-0.4461395,0.07899319,2.00912,-0.467448,-0.06877419,0.8813414,-0.2189423,0.9749157,-0.04004698,-0.8564793,-0.2116828,-0.4707799,moving,54.10524,10.63833,-12.5198,2.251557,7.220616846922988,-0.2270672287335501
05/04/2023 16:19:16.133369,3552,True,True,True,True,Eyes,1.938882,0.1506452,-3.563719,-0.8055128,-0.10914,-0.5824412,0.0,0.0,0.0,0.0,0.0,0.0,0.0,4.044889,0.1350022,0.03437424,1.933035,0.1519867,-3.552579,0.08364654,-0.8522954,0.07260334,0.5111992,12.08011,241.4856,355.9917,0.5135872,0.03368507,-0.8573757,-0.5096525,0.03917663,-0.3513466,0.3975769,-0.1586711,-4.890442,-0.449344,0.08102971,2.008866,-0.4633573,-0.06835358,0.8835314,-0.2168127,0.975464,-0.03823891,-0.8592393,-0.2092791,-0.4668083,moving,54.13048,10.61322,-12.6084,2.309833,7.221832318673329,-0.22648791842224886
05/04/2023 16:19:16.153192,3553,True,True,True,True,Eyes,1.937827,0.1506275,-3.564324,-0.8059626,-0.1086613,-0.5819082,0.0,0.0,0.0,0.0,0.0,0.0,0.0,4.045213,0.1377531,0.05095625,1.92405,0.1516525,-3.558138,0.0824882,-0.8507846,0.07019083,0.514232,11.78681,241.8869,356.0067,0.5093066,0.03408078,-0.8599098,-0.4790733,0.03682603,-0.3302658,0.3791401,-0.1467281,-4.8887,-0.4524801,0.08302328,2.008618,-0.4575224,-0.06817062,0.8865814,-0.2125482,0.9765379,-0.03459841,-0.8634217,-0.2042708,-0.4612775,moving,54.17057,10.57718,-12.69507,2.36689,7.223713927932864,-0.22564001664559596
05/04/2023 16:19:16.163052,3554,True,True,True,True,Eyes,1.936459,0.1505875,-3.565135,-0.8065203,-0.1080858,-0.5812421,0.0,0.0,0.0,0.0,0.0,0.0,0.0,4.045642,0.1325345,0.06645775,1.915048,0.1513137,-3.563551,0.08083144,-0.8493554,0.06883521,0.5170333,11.56715,242.2686,356.1296,0.5057554,0.03441198,-0.8619901,-0.4503289,0.03461647,-0.3104499,0.3619503,-0.1379144,-4.887503,-0.4559766,0.08524537,2.008341,-0.4522859,-0.06612907,0.8894182,-0.2084894,0.977456,-0.03334604,-0.867162,-0.2005162,-0.4558768,moving,54.22051,10.5342,-12.79166,2.430498,7.226033436589583,-0.22461978280095757
05/04/2023 16:19:16.182850,3555,True,True,True,True,Eyes,1.934772,0.1505165,-3.566137,-0.8072233,-0.1074098,-0.5803909,0.0,0.0,0.0,0.0,0.0,0.0,0.0,4.04634,0.1206965,0.08425951,1.906136,0.1506176,-3.569104,0.07830543,-0.8478484,0.06774423,0.5200308,11.32162,242.6847,356.3558,0.5027902,0.03468948,-0.8637118,-0.4233092,0.03253948,-0.2918229,0.3440291,-0.1297681,-4.885114,-0.4589016,0.08710541,2.008108,-0.4468724,-0.0623241,0.892424,-0.2032405,0.978558,-0.03343121,-0.8712051,-0.1963162,-0.4499573,moving,54.28399,10.48479,-12.87244,2.483753,7.228915253511589,-0.22342111419193833
05/04/2023 16:19:16.203238,3556,True,True,True,True,Eyes,1.932781,0.1504058,-3.567327,-0.807981,-0.1067474,-0.5794581,0.0,0.0,0.0,0.0,0.0,0.0,0.0,4.046841,0.1090314,0.1013379,1.896915,0.1498172,-3.574682,0.07597106,-0.8463206,0.06693393,0.5229623,11.11362,243.0928,356.5772,0.5001863,0.03492931,-0.8652127,-0.3979107,0.03058711,-0.2743135,0.3262887,-0.1228671,-4.882998,-0.4620404,0.08909954,2.007859,-0.4414775,-0.0585839,0.8953577,-0.1985996,0.9794965,-0.03383513,-0.8750175,-0.1927552,-0.4440605,moving,54.35312,10.43796,-12.95907,2.540856,7.231964630475646,-0.22224691926405385
05/04/2023 16:19:16.213450,3557,True,True,True,True,Eyes,1.930495,0.1502515,-3.568694,-0.8088606,-0.1060542,-0.5783571,0.0,0.0,0.0,0.0,0.0,0.0,0.0,4.04731,0.09998666,0.1173782,1.887766,0.1488873,-3.580316,0.074281,-0.844763,0.06659777,0.525759,10.98935,243.4825,356.7607,0.4977895,0.03514212,-0.8665854,-0.374036,0.02875188,-0.2578547,0.3093787,-0.1187046,-4.881202,-0.4652171,0.09111899,2.007607,-0.4361197,-0.05547094,0.8981774,-0.1955285,0.9800941,-0.03441086,-0.8783897,-0.1906265,-0.4382846,moving,54.43421,10.39098,-13.04672,2.598692,7.235440220758755,-0.2210190530503329
05/04/2023 16:19:16.233021,3558,True,True,True,True,Eyes,1.927929,0.1500229,-3.570267,-0.8097682,-0.1055446,-0.5771791,0.0,0.0,0.0,0.0,0.0,0.0,0.0,4.047584,0.0955805,0.1332345,1.87845,0.1476027,-3.586008,0.07318549,-0.8431287,0.06622644,0.5285755,10.89694,243.8716,356.8828,0.4955724,0.03532957,-0.8678476,-0.3515939,0.02702677,-0.2423835,0.2923771,-0.1154971,-4.879353,-0.4684535,0.09317647,2.007351,-0.4305041,-0.05339826,0.9010079,-0.1934209,0.9805159,-0.03430672,-0.8816207,-0.1890429,-0.4324445,moving,54.51984,10.36277,-13.13596,2.657626,7.238837642289909,-0.2201247046202936
05/04/2023 16:19:16.253275,3559,True,True,True,True,Eyes,1.925083,0.1497214,-3.572009,-0.8107994,-0.1050085,-0.5758277,0.0,0.0,0.0,0.0,0.0,0.0,0.0,4.047713,0.0951003,0.1502814,1.868942,0.1457975,-3.591851,0.07255638,-0.8413353,0.06584649,0.5315589,10.83223,244.2814,356.9601,0.4935098,0.03549236,-0.8690155,-0.3304982,0.02540516,-0.2278404,0.2747391,-0.1134907,-4.876845,-0.4716023,0.09517787,2.007102,-0.4243616,-0.05208589,0.9039938,-0.1920911,0.9807996,-0.03366197,-0.8848835,-0.1879339,-0.4262189,moving,54.61773,10.33495,-13.22275,2.714964,7.242665037584281,-0.21918555977803883
05/04/2023 16:19:16.263011,3560,True,True,True,True,Eyes,1.921966,0.1493284,-3.573916,-0.8117006,-0.1046687,-0.5746186,0.0,0.0,0.0,0.0,0.0,0.0,0.0,4.047872,0.09563489,0.1671104,1.859543,0.1435448,-3.597753,0.07196239,-0.8395439,0.0653842,0.5345208,10.76123,244.6882,357.0282,0.4915796,0.0356312,-0.8701032,-0.3106683,0.02388085,-0.21417,0.2573321,-0.1115471,-4.874561,-0.4748935,0.09726986,2.00684,-0.4182182,-0.05093275,0.9069178,-0.1907296,0.9810926,-0.03285504,-0.8880969,-0.1867166,-0.4200251,moving,54.70458,10.32343,-13.31343,2.774907,7.245893018314097,-0.21859974725385245
05/04/2023 16:19:16.282878,3561,True,True,True,True,Eyes,1.918589,0.1488617,-3.575996,-0.8127145,-0.1042795,-0.5732548,0.0,0.0,0.0,0.0,0.0,0.0,0.0,4.048109,0.09800502,0.1836729,1.850021,0.1411453,-3.603889,0.07159749,-0.837722,0.06489348,0.5374799,10.70135,245.0939,357.0716,0.4897623,0.0357462,-0.8711226,-0.2920282,0.022448,-0.2013198,0.2397906,-0.1100754,-4.872272,-0.4779959,0.09924144,2.006594,-0.4119787,-0.05019972,0.9098098,-0.1897155,0.9813253,-0.03176098,-0.891225,-0.1856898,-0.4138087,moving,54.80246,10.30981,-13.39886,2.831408,7.249539072743996,-0.21792756334389338
05/04/2023 16:19:16.303165,3562,True,True,True,True,Eyes,1.915033,0.1483074,-3.578362,-0.8116809,-0.1055114,-0.5744925,0.0,0.0,0.0,0.0,0.0,0.0,0.0,4.048576,0.09876078,0.1977615,1.840576,0.1388032,-3.610103,0.07092606,-0.8360974,0.06419865,0.5401753,10.60153,245.4639,357.1283,0.4880403,0.03583793,-0.8720847,-0.2745065,0.02110112,-0.1892406,0.2231275,-0.1070845,-4.871346,-0.4813639,0.1013824,2.006326,-0.4063602,-0.04924512,0.9123849,-0.1879592,0.981696,-0.03072762,-0.8941715,-0.1839776,-0.4081782,moving,54.70986,10.40698,-13.49156,2.892773,7.245015448852316,-0.22014779297977385
05/04/2023 16:19:16.323257,3563,True,True,True,True,Eyes,1.911216,0.1476522,-3.580886,-0.8108286,-0.1066628,-0.5754824,0.0,0.0,0.0,0.0,0.0,0.0,0.0,4.049298,0.1011964,0.2080908,1.831179,0.1364784,-3.616423,0.07063861,-0.8346754,0.06366969,0.5424696,10.54022,245.7783,357.1523,0.4863976,0.03590644,-0.8729992,-0.2580361,0.01983505,-0.1778862,0.2077541,-0.1053258,-4.871723,-0.4844826,0.1033649,2.006078,-0.4014737,-0.04884288,0.9145671,-0.1869984,0.9819127,-0.02964844,-0.8965769,-0.1829256,-0.4033456,moving,54.63492,10.50033,-13.57737,2.949606,7.241167031531245,-0.22222113072376806
05/04/2023 16:19:16.333465,3564,True,True,True,True,Eyes,1.907115,0.1469479,-3.583476,-0.8101001,-0.1078549,-0.5762856,0.0,0.0,0.0,0.0,0.0,0.0,0.0,4.049629,0.1092296,0.2187791,1.821264,0.1333091,-3.622777,0.07094519,-0.8331242,0.06299847,0.5448875,10.5029,246.1061,357.1109,0.4848195,0.03595157,-0.8738748,-0.242554,0.01864495,-0.167213,0.19156,-0.1046539,-4.871661,-0.4876821,0.1053984,2.005825,-0.396129,-0.04955813,0.9168566,-0.1868664,0.9819959,-0.0276568,-0.8989789,-0.1822854,-0.3982579,moving,54.57287,10.60057,-13.66534,3.007908,7.23768809255415,-0.22436917437537804
05/04/2023 16:19:16.353375,3565,True,True,True,True,Eyes,1.902779,0.1462221,-3.586216,-0.809561,-0.1090012,-0.5768275,0.0,0.0,0.0,0.0,0.0,0.0,0.0,4.049672,0.1185642,0.23453,1.811412,0.1315604,-3.629102,0.07169113,-0.831193,0.0625369,0.5477845,10.51559,246.5006,357.0462,0.4832945,0.03597451,-0.8747182,-0.2280007,0.01752625,-0.1571802,0.1742269,-0.1039296,-4.869745,-0.491136,0.1075934,2.005551,-0.3895852,-0.05066483,0.9195958,-0.1876918,0.981899,-0.02541788,-0.9016625,-0.182503,-0.3920426,moving,54.52941,10.70082,-13.76026,3.070849,7.2348685382269835,-0.2264383647293033
05/04/2023 16:19:16.363282,3566,True,True,True,True,Eyes,1.898184,0.1455042,-3.589041,-0.8090892,-0.1100647,-0.577287,0.0,0.0,0.0,0.0,0.0,0.0,0.0,4.049672,0.1275798,0.2508478,1.80152,0.1303065,-3.635462,0.07247492,-0.829211,0.06211119,0.5507258,10.53489,246.9023,356.9809,0.4818104,0.03597695,-0.8755363,-0.2143207,0.01647468,-0.1477494,0.1566492,-0.1031421,-4.867312,-0.4942784,0.1095913,2.005301,-0.3828973,-0.05178152,0.9223387,-0.1886065,0.9817792,-0.02317897,-0.9043326,-0.1828341,-0.385687,moving,54.49205,10.79438,-13.84659,3.128148,7.232350659246229,-0.22835586659490462
05/04/2023 16:19:16.387883,3567,True,True,True,True,Eyes,1.893374,0.1447873,-3.592017,-0.808823,-0.1110462,-0.5774721,0.0,0.0,0.0,0.0,0.0,0.0,0.0,4.04969,0.1400649,0.2677908,1.79158,0.1298426,-3.642074,0.07364388,-0.8271445,0.06132303,0.553758,10.54501,247.313,356.8564,0.4803578,0.03596117,-0.8763348,-0.2014614,0.0154862,-0.1388845,0.1386177,-0.1009062,-4.864526,-0.497183,0.1114376,2.005071,-0.3758571,-0.05391201,0.9251081,-0.1897445,0.9816321,-0.01988423,-0.9070438,-0.1830078,-0.379183,moving,54.47446,10.88495,-13.92633,3.181105,7.230572263936834,-0.23013310680511953
05/04/2023 16:19:16.402852,3568,True,True,True,True,Eyes,1.888335,0.1440444,-3.595085,-0.8086587,-0.1119386,-0.57753,0.0,0.0,0.0,0.0,0.0,0.0,0.0,4.049455,0.1531927,0.286479,1.781649,0.1291242,-3.648654,0.07469765,-0.8249629,0.06027908,0.5569768,10.52507,247.7495,356.7291,0.478928,0.035929,-0.8771184,-0.1893738,0.01455703,-0.1305514,0.1200672,-0.09764273,-4.861198,-0.5003738,0.1134656,2.004818,-0.3683945,-0.05609747,0.9279757,-0.1903937,0.9815733,-0.01624629,-0.9099649,-0.1826657,-0.3722869,moving,54.46624,10.96923,-14.0139,3.239283,7.22920645462724,-0.23175227391568173
05/04/2023 16:19:16.413504,3569,True,True,True,True,Eyes,1.883098,0.143298,-3.598296,-0.8086784,-0.1128673,-0.5773215,0.0,0.0,0.0,0.0,0.0,0.0,0.0,4.048936,0.1663203,0.309021,1.771828,0.1277885,-3.655317,0.07565095,-0.8225058,0.0593014,0.5605751,10.50769,248.2416,356.6205,0.4775132,0.03588146,-0.8778914,-0.1780113,0.01368361,-0.1227183,0.1005759,-0.09520421,-4.856327,-0.5036061,0.1155196,2.004562,-0.3600649,-0.05796089,0.9311249,-0.1909324,0.9815205,-0.01273543,-0.9131801,-0.1823675,-0.3644777,moving,54.47668,11.06189,-14.10255,3.298215,7.228395833504095,-0.2334496215891713
05/04/2023 16:19:16.433298,3570,True,True,True,True,Eyes,1.877664,0.1425962,-3.601605,-0.8087267,-0.1138798,-0.5770552,0.0,0.0,0.0,0.0,0.0,0.0,0.0,4.04854,0.1762515,0.3290706,1.761798,0.1265305,-3.661979,0.07675159,-0.8201546,0.05929499,0.5638615,10.59215,248.6983,356.5573,0.476106,0.03581996,-0.8786578,-0.1673307,0.01286259,-0.1153552,0.08221622,-0.09648503,-4.852512,-0.5070226,0.1176919,2.00429,-0.3523388,-0.05902801,0.9340091,-0.1927647,0.9811866,-0.01070758,-0.9158052,-0.1838166,-0.3570887,moving,54.4908,11.16367,-14.19622,3.36055,7.227599527728531,-0.23530275186933652
05/04/2023 16:19:16.453226,3571,True,True,True,True,Eyes,1.872047,0.1419326,-3.605037,-0.8089468,-0.114938,-0.5765365,0.0,0.0,0.0,0.0,0.0,0.0,0.0,4.048136,0.1879907,0.3486223,1.752172,0.1273899,-3.668507,0.07885303,-0.8177471,0.06008351,0.5669762,10.81753,249.1339,356.4493,0.4747015,0.035747,-0.8794204,-0.1572908,0.01209083,-0.1084339,0.06504735,-0.100429,-4.848506,-0.5100679,0.1196275,2.004048,-0.3446404,-0.06083181,0.9367617,-0.1970955,0.9803444,-0.008850639,-0.9178107,-0.1876818,-0.3498559,moving,54.52253,11.27464,-14.27966,3.416098,7.227310835735337,-0.23725375274758342
05/04/2023 16:19:16.473104,3572,True,True,True,True,Eyes,1.866235,0.1412864,-3.608562,-0.8091897,-0.115991,-0.5759845,0.0,0.0,0.0,0.0,0.0,0.0,0.0,4.047247,0.2011609,0.3690805,1.742247,0.1276473,-3.674939,0.08073351,-0.8152732,0.06029828,0.570242,10.9758,249.5887,356.3282,0.473294,0.03566463,-0.880182,-0.1478534,0.01136538,-0.1019279,0.04709373,-0.1021865,-4.844271,-0.5135775,0.1218586,2.00377,-0.3366123,-0.06287049,0.9395421,-0.2004089,0.9796924,-0.00624386,-0.9200698,-0.1903944,-0.3423763,moving,54.55658,11.38587,-14.37577,3.480137,7.227101135887631,-0.23919977665016093
05/04/2023 16:19:16.484750,3573,True,True,True,True,Eyes,1.860245,0.1407292,-3.612195,-0.8096301,-0.1170964,-0.5751413,0.0,0.0,0.0,0.0,0.0,0.0,0.0,4.045639,0.2166269,0.3924818,1.732061,0.127447,-3.681288,0.08270467,-0.8125448,0.06028549,0.5738439,11.1214,250.0907,356.1892,0.4718796,0.03557423,-0.8809447,-0.1389822,0.01068346,-0.09581218,0.02771997,-0.1042257,-4.837909,-0.5164719,0.1236975,2.003541,-0.3277266,-0.06521354,0.9425194,-0.2035914,0.9790512,-0.003050175,-0.9225758,-0.1928884,-0.334138,moving,54.61095,11.5079,-14.45498,3.532925,7.227474671461325,-0.24126241201313645
05/04/2023 16:19:16.503128,3574,True,True,True,True,Eyes,1.854106,0.1403021,-3.61597,-0.8102019,-0.11807,-0.5741361,0.0,0.0,0.0,0.0,0.0,0.0,0.0,4.04371,0.2301141,0.4178796,1.721727,0.1285686,-3.687587,0.08468165,-0.8096542,0.06050015,0.5776062,11.29109,250.6192,356.0686,0.4704545,0.03547881,-0.8817104,-0.1306432,0.01004245,-0.09006345,0.00798531,-0.1056692,-4.830963,-0.5197358,0.1257723,2.003283,-0.3184004,-0.06723519,0.9455689,-0.2070162,0.9783375,-0.0001431289,-0.9250759,-0.1957937,-0.3254218,moving,54.67735,11.62076,-14.54427,3.592493,7.228391868132327,-0.24310152887893458
05/04/2023 16:19:16.512901,3575,True,True,True,True,Eyes,1.847794,0.1399803,-3.619835,-0.8109626,-0.1189436,-0.5728806,0.0,0.0,0.0,0.0,0.0,0.0,0.0,4.041912,0.2383027,0.4427261,1.711873,0.1315232,-3.693512,0.0855855,-0.8070115,0.05967385,0.5812459,11.29189,251.1286,355.9789,0.4690147,0.03538195,-0.882481,-0.1228046,0.009439905,-0.08465964,-0.01141225,-0.09977417,-4.824271,-0.522831,0.1277398,2.003037,-0.3096569,-0.06876661,0.9483585,-0.2075073,0.9782283,0.003177495,-0.9279297,-0.1958074,-0.3171847,moving,54.76183,11.72932,-14.6289,3.648986,7.2300052894335405,-0.2447829454956435
05/04/2023 16:19:16.533272,3576,True,True,True,True,Eyes,1.84133,0.1397673,-3.623811,-0.8118076,-0.1196736,-0.57153,0.0,0.0,0.0,0.0,0.0,0.0,0.0,4.039862,0.2466752,0.4679723,1.701626,0.1336074,-3.699588,0.08614015,-0.8043357,0.05839115,0.584991,11.22805,251.6526,355.8926,0.4675578,0.03528643,-0.8832576,-0.1154364,0.008873511,-0.07958006,-0.03161865,-0.09244891,-4.817373,-0.5260247,0.1297699,2.002783,-0.3007307,-0.07025458,0.951118,-0.2068878,0.9783407,0.006850256,-0.9309987,-0.1947146,-0.3087519,moving,54.85363,11.82639,-14.71617,3.707285,7.232024846070798,-0.24621726046511586
05/04/2023 16:19:16.552963,3577,True,True,True,True,Eyes,1.834699,0.1396778,-3.627851,-0.8128241,-0.1203075,-0.5699501,0.0,0.0,0.0,0.0,0.0,0.0,0.0,4.037656,0.2575257,0.4895868,1.69124,0.1361021,-3.705383,0.08685051,-0.8019053,0.05656619,0.588392,11.12358,252.1241,355.7495,0.4660807,0.03519468,-0.8840416,-0.1085102,0.0083411,-0.07480526,-0.05113824,-0.08276676,-4.811638,-0.5292394,0.1318132,2.002528,-0.2925037,-0.07272557,0.953495,-0.2058579,0.9785146,0.01148283,-0.9338437,-0.1929258,-0.3011903,moving,54.96196,11.91926,-14.80398,3.765969,7.23468436388228,-0.24750234520818784
05/04/2023 16:19:16.563479,3578,True,True,True,True,Eyes,1.82793,0.1396892,-3.631984,-0.8139175,-0.1208497,-0.5682725,0.0,0.0,0.0,0.0,0.0,0.0,0.0,4.034651,0.2738577,0.5122046,1.680747,0.1387733,-3.711008,0.08833727,-0.7992846,0.05473081,0.5918998,11.07329,252.6095,355.5337,0.4645818,0.03510942,-0.8848336,-0.1019996,0.007840634,-0.07031694,-0.07093868,-0.07411787,-4.805001,-0.5324786,0.133872,2.002272,-0.2837026,-0.07642294,0.9558623,-0.2060035,0.9784021,0.01708265,-0.9365232,-0.1920646,-0.2933186,moving,55.07748,12.00575,-14.89239,3.825107,7.2376802755530045,-0.24863693407511012
05/04/2023 16:19:16.583099,3579,True,True,True,True,Eyes,1.821015,0.1397782,-3.636155,-0.8151814,-0.1213766,-0.5663453,0.0,0.0,0.0,0.0,0.0,0.0,0.0,4.030571,0.2990815,0.5351048,1.670415,0.1412735,-3.716321,0.09082263,-0.7965176,0.05250445,0.5954447,11.05792,253.0956,355.1981,0.4630594,0.03503244,-0.8856344,-0.0958796,0.007370196,-0.06609792,-0.09072152,-0.06583585,-4.797499,-0.5356176,0.1358669,2.002023,-0.274394,-0.08215665,0.9581014,-0.2072106,0.9779891,0.02451825,-0.9390271,-0.1918011,-0.2853782,moving,55.21045,12.09639,-14.97802,3.882415,7.241242362050985,-0.2497753365908061
05/04/2023 16:19:16.603008,3580,True,True,True,True,Eyes,1.813969,0.1399205,-3.640367,-0.8165554,-0.121878,-0.5642545,0.0,0.0,0.0,0.0,0.0,0.0,0.0,4.024813,0.3350709,0.5618248,1.660223,0.143043,-3.72159,0.09487406,-0.7932171,0.0506728,0.5993646,11.19317,253.6354,354.7496,0.4615128,0.03496484,-0.8864439,-0.09012682,0.006927984,-0.06213205,-0.1110491,-0.06242199,-4.787818,-0.5388643,0.1379307,2.001765,-0.2635221,-0.08976848,0.9604675,-0.2112544,0.9768624,0.03333923,-0.9412373,-0.1941174,-0.2763888,moving,55.35483,12.18854,-15.06656,3.941708,7.2451899921458764,-0.2508936094582841
05/04/2023 16:19:16.623141,3581,True,True,True,True,Eyes,1.806806,0.1400765,-3.644602,-0.8180627,-0.1224792,-0.5619361,0.0,0.0,0.0,0.0,0.0,0.0,0.0,4.019056,0.3641502,0.5881143,1.650146,0.1446278,-3.72658,0.09836464,-0.7899787,0.04961827,0.6031553,11.36468,254.1671,354.4066,0.4599409,0.03490698,-0.8872628,-0.08471921,0.006512305,-0.05840412,-0.1306284,-0.06139591,-4.778191,-0.5420852,0.1399777,2.00151,-0.2530565,-0.09555689,0.9627209,-0.2152669,0.9757249,0.04026355,-0.9431981,-0.197053,-0.2674838,moving,55.51441,12.29585,-15.15433,4.000528,7.249483646509597,-0.2522322183179287
05/04/2023 16:19:16.641519,3582,True,True,True,True,Eyes,1.625079,0.1433028,-3.751229,-0.8605968,-0.1334889,-0.4914813,0.0,0.0,0.0,0.0,0.0,0.0,0.0,4.012804,0.3955351,0.6141086,1.640329,0.1448571,-3.731556,0.1024711,-0.7866104,0.04946499,0.6068748,11.66526,254.6946,354.0705,0.4583438,0.03485823,-0.8880908,0.0,0.0,0.0,-0.1493313,-0.06633964,-4.76836,-0.5452067,0.1419621,2.001262,-0.2424053,-0.1011715,0.9648855,-0.2212477,0.9741058,0.04655487,-0.9446105,-0.2021935,-0.2585123,moving,60.26959,15.19526,-15.23934,4.057552,7.3812273756456035,-0.2865144824585166
05/04/2023 16:19:16.653335,3583,True,True,True,True,Eyes,1.624674,0.1432759,-3.751396,-0.8607675,-0.1337069,-0.4911231,0.0,0.0,0.0,0.0,0.0,0.0,0.0,4.005634,0.4277326,0.6400523,1.630522,0.1442393,-3.736082,0.1067734,-0.7831551,0.04969218,0.6105722,12.018,255.2232,353.7454,0.4510063,0.03490238,-0.8918378,-0.5451794,0.009678975,-0.3198824,-0.1676799,-0.07385083,-4.758127,-0.5485665,0.1440977,2.000995,-0.2316024,-0.1065589,0.9669571,-0.2279215,0.9722602,0.0525523,-0.9457338,-0.208219,-0.2494648,moving,60.29247,15.22952,-15.3308,4.118932,7.381602422028093,-0.2870611885641795
05/04/2023 16:19:16.663393,3584,True,True,True,True,Eyes,1.623898,0.1432128,-3.751759,-0.8611695,-0.1339739,-0.4903449,0.0,0.0,0.0,0.0,0.0,0.0,0.0,3.99729,0.4605583,0.6680045,1.620545,0.1435599,-3.740307,0.1113153,-0.7794356,0.05028138,0.6144598,12.42607,255.7842,353.4301,0.4448271,0.03493279,-0.8949347,-0.5124686,0.009098236,-0.3006895,-0.1864137,-0.08339073,-4.746464,-0.5519614,0.1462561,2.000726,-0.2200962,-0.1117344,0.9690578,-0.235318,0.9701614,0.05841534,-0.9466696,-0.2151797,-0.2398219,moving,60.34306,15.2816,-15.42314,4.18097,7.382733403336444,-0.287825040647791
05/04/2023 16:19:16.683097,3585,True,True,True,True,Eyes,1.622748,0.1431496,-3.75227,-0.8617557,-0.1344276,-0.4891893,0.0,0.0,0.0,0.0,0.0,0.0,0.0,3.987393,0.4939372,0.701158,1.610646,0.1425013,-3.744384,0.1159927,-0.775217,0.0512461,0.6188362,12.88616,256.4235,353.1413,0.4396016,0.03495191,-0.8975123,-0.4817204,0.008552343,-0.2826481,-0.2060655,-0.09580433,-4.731516,-0.5547343,0.1480183,2.000505,-0.207175,-0.116413,0.9713529,-0.2432648,0.9678391,0.06410718,-0.9475762,-0.2230146,-0.2288313,moving,60.4179,15.36542,-15.49854,4.231631,7.38432015278438,-0.2890824052285127
05/04/2023 16:19:16.702867,3586,True,True,True,True,Eyes,1.621245,0.1431182,-3.752956,-0.8624872,-0.1346495,-0.4878374,0.0,0.0,0.0,0.0,0.0,0.0,0.0,3.977114,0.5249845,0.7360148,1.600891,0.1424271,-3.748549,0.1202429,-0.7709059,0.05185138,0.6233436,13.28827,257.0858,352.8729,0.4351589,0.0349624,-0.8996742,-0.4528172,0.008039202,-0.2656892,-0.2258534,-0.1049966,-4.71637,-0.5580117,0.1501015,2.000246,-0.193969,-0.1207495,0.973548,-0.2500344,0.9657061,0.06996024,-0.9486089,-0.2298504,-0.2175086,moving,60.50676,15.4302,-15.58759,4.291519,7.38664696007274,-0.28992226310236546
05/04/2023 16:19:16.713528,3587,True,True,True,True,Eyes,1.619392,0.1431115,-3.753757,-0.8633806,-0.1348439,-0.4862006,0.0,0.0,0.0,0.0,0.0,0.0,0.0,3.968359,0.5438598,0.7673717,1.590884,0.1430797,-3.752484,0.1221865,-0.7672784,0.05098315,0.6274992,13.39013,257.6969,352.7055,0.4313104,0.03496768,-0.9015253,-0.4256482,0.00755685,-0.2497478,-0.2458162,-0.1039177,-4.703087,-0.5612642,0.1521687,1.999988,-0.1826307,-0.1235183,0.9753919,-0.2514858,0.9649423,0.07510724,-0.9504741,-0.2315803,-0.2072913,moving,60.61458,15.50094,-15.67592,4.350956,7.389570442671162,-0.29079353708137035
05/04/2023 16:19:16.733069,3588,True,True,True,True,Eyes,1.6172,0.1431389,-3.754704,-0.8644078,-0.1348189,-0.484379,0.0,0.0,0.0,0.0,0.0,0.0,0.0,3.960216,0.5584555,0.7952323,1.580763,0.1434901,-3.756084,0.1234943,-0.7640127,0.04998014,0.6312971,13.43217,258.2584,352.5807,0.4277954,0.03497178,-0.9031984,-0.4001093,0.007103438,-0.234763,-0.2650595,-0.1013166,-4.691215,-0.56459,0.1542827,1.999725,-0.1724266,-0.1255977,0.9769824,-0.2518069,0.9645023,0.0795522,-0.9522933,-0.232294,-0.1979322,moving,60.7355,15.55367,-15.76617,4.411744,7.393188216668736,-0.29127057700822984
05/04/2023 16:19:16.753123,3589,True,True,True,True,Eyes,1.614677,0.1431883,-3.75573,-0.8656014,-0.134831,-0.4822393,0.0,0.0,0.0,0.0,0.0,0.0,0.0,3.952646,0.5604097,0.8250084,1.570409,0.1441731,-3.759139,0.1231107,-0.7608758,0.04902542,0.6352234,13.35654,258.8483,352.615,0.4245735,0.03497575,-0.9047173,-0.3761027,0.006677232,-0.2206772,-0.2849188,-0.09601805,-4.67816,-0.567621,0.1562092,1.999485,-0.1626705,-0.1250596,0.978723,-0.249628,0.9648806,0.08180101,-0.9545808,-0.23101,-0.1881759,moving,60.87717,15.62065,-15.84838,4.467144,7.3973605091001815,-0.2919272500107912
05/04/2023 16:19:16.763301,3590,True,True,True,True,Eyes,1.611856,0.1432701,-3.756904,-0.8668669,-0.1348017,-0.4799688,0.0,0.0,0.0,0.0,0.0,0.0,0.0,3.943161,0.5689307,0.8577733,1.559983,0.1447616,-3.762111,0.1238468,-0.7572386,0.04858651,0.639446,13.41307,259.4861,352.5915,0.4216089,0.03498026,-0.9061026,-0.3535366,0.006276598,-0.2074365,-0.3050653,-0.09466085,-4.663337,-0.5709551,0.1583279,1.99922,-0.1515417,-0.1254263,0.9804608,-0.2497001,0.9646026,0.08480354,-0.9563916,-0.2319698,-0.1774965,moving,61.02748,15.68766,-15.93876,4.528081,7.40183893797172,-0.2925477512310913
05/04/2023 16:19:16.782893,3591,True,True,True,True,Eyes,1.608742,0.1433945,-3.758131,-0.8682336,-0.1349435,-0.4774524,0.0,0.0,0.0,0.0,0.0,0.0,0.0,3.934458,0.5704855,0.8900056,1.549846,0.1452768,-3.76489,0.1241371,-0.753693,0.04916389,0.6435214,13.52554,260.114,352.6818,0.418869,0.0349861,-0.9073722,-0.3323244,0.005900002,-0.1949904,-0.3240631,-0.09661705,-4.648634,-0.573983,0.1602526,1.998979,-0.1409403,-0.1238464,0.9822412,-0.2503985,0.9643458,0.08566077,-0.9578291,-0.2338787,-0.1669262,moving,61.19306,15.78201,-16.02079,4.583443,7.406510634294323,-0.2936172391462714
05/04/2023 16:19:16.802866,3592,True,True,True,True,Eyes,1.605358,0.1435146,-3.759465,-0.8695765,-0.1350858,-0.4749618,0.0,0.0,0.0,0.0,0.0,0.0,0.0,3.927098,0.5695774,0.9169564,1.540081,0.1465971,-3.76749,0.1248486,-0.7504911,0.05089815,0.6469817,13.76539,260.659,352.8118,0.4163252,0.03499427,-0.9085417,-0.3123849,0.005546002,-0.1832909,-0.3406052,-0.1024402,-4.63663,-0.5772059,0.1623021,1.998723,-0.1316549,-0.1215351,0.9838172,-0.2532558,0.9636444,0.08515228,-0.9583989,-0.2379467,-0.1576481,moving,61.35667,15.87649,-16.10805,4.642397,7.411110784576252,-0.2946975467592052
05/04/2023 16:19:16.823069,3593,True,True,True,True,Eyes,1.601706,0.1436138,-3.760829,-0.8710016,-0.1354528,-0.472238,0.0,0.0,0.0,0.0,0.0,0.0,0.0,3.918341,0.5756842,0.9427328,1.530089,0.14672,-3.769729,0.1260998,-0.7472373,0.05208297,0.6504019,13.9968,261.1949,352.8541,0.4139524,0.03500449,-0.9096249,-0.2936418,0.005213242,-0.1722935,-0.3573949,-0.1083443,-4.624212,-0.5804411,0.1643578,1.998467,-0.1221526,-0.1207032,0.9851444,-0.2562026,0.9627724,0.08619438,-0.9588738,-0.2418677,-0.1485296,moving,61.53442,16.00456,-16.19558,4.701537,7.415784454249102,-0.29634912731600405
05/04/2023 16:19:16.833242,3594,True,True,True,True,Eyes,1.597806,0.1436988,-3.762242,-0.8723611,-0.1358505,-0.469607,0.0,0.0,0.0,0.0,0.0,0.0,0.0,3.908624,0.5895166,0.9670401,1.52026,0.1460809,-3.771936,0.1286532,-0.7437993,0.0539436,0.6536829,14.3854,261.7151,352.8324,0.4117275,0.03501613,-0.9106337,-0.2760233,0.004900447,-0.1619559,-0.3731427,-0.1199295,-4.611825,-0.5836114,0.1663728,1.998216,-0.1122945,-0.1208602,0.9862977,-0.2619082,0.9610769,0.0879503,-0.9585376,-0.2484431,-0.1395778,moving,61.70566,16.1344,-16.2813,4.759508,7.420204610982061,-0.29806165801450935
05/04/2023 16:19:16.853033,3595,True,True,True,True,Eyes,1.593655,0.1437663,-3.763669,-0.8738023,-0.1364256,-0.4667522,0.0,0.0,0.0,0.0,0.0,0.0,0.0,3.897823,0.6067325,0.9917269,1.510296,0.1457094,-3.773915,0.1313914,-0.7402694,0.0551977,0.6570319,14.73679,262.2434,352.7531,0.4096307,0.03502877,-0.9115784,-0.2594619,0.00460642,-0.1522385,-0.3893268,-0.1291254,-4.599029,-0.5871435,0.1686178,1.997936,-0.102091,-0.1219967,0.9872661,-0.2670633,0.9593791,0.09093429,-0.9582561,-0.2543789,-0.1305247,moving,61.89055,16.29295,-16.37675,4.824105,7.424743101555386,-0.30025581533843765
05/04/2023 16:19:16.862980,3596,True,True,True,True,Eyes,1.589257,0.143849,-3.765121,-0.8751942,-0.1368751,-0.4640048,0.0,0.0,0.0,0.0,0.0,0.0,0.0,3.887357,0.6223661,1.015268,1.500547,0.14543,-3.775826,0.133901,-0.7368684,0.05639485,0.6602387,15.06558,262.7531,352.6898,0.4076439,0.03504197,-0.9124681,-0.2438942,0.004330035,-0.1431042,-0.4049493,-0.1380802,-4.586203,-0.5900175,0.1704453,1.997707,-0.09231087,-0.1228667,0.9881207,-0.271803,0.9577803,0.09370209,-0.9579154,-0.2599244,-0.121809,moving,62.06865,16.43534,-16.45437,4.876691,7.429246672520664,-0.30217508182216873
05/04/2023 16:19:16.883009,3597,True,True,True,True,Eyes,1.584611,0.1439254,-3.766573,-0.8766649,-0.1373245,-0.4610863,0.0,0.0,0.0,0.0,0.0,0.0,0.0,3.878017,0.6300523,1.037643,1.49038,0.1457758,-3.777592,0.1352769,-0.7337683,0.05727908,0.6633276,15.27932,263.2471,352.7023,0.4057509,0.03505613,-0.9133109,-0.2292606,0.004070233,-0.134518,-0.4209768,-0.1429491,-4.574289,-0.5931242,0.1724194,1.99746,-0.08339344,-0.1225341,0.9889545,-0.2745133,0.9568385,0.09540659,-0.9579604,-0.2635249,-0.1134313,moving,62.25765,16.58501,-16.53822,4.933505,7.434044152425022,-0.3041848461861675
05/04/2023 16:19:16.903205,3598,True,True,True,True,Eyes,1.579729,0.1439932,-3.768034,-0.8780844,-0.1374986,-0.4583252,0.0,0.0,0.0,0.0,0.0,0.0,0.0,3.870671,0.6265631,1.057548,1.479937,0.1457978,-3.779102,0.1346098,-0.7313064,0.05710405,0.666191,15.24059,263.701,352.8076,0.4039373,0.03507107,-0.9141138,-0.2155049,0.003826019,-0.1264469,-0.4376134,-0.140125,-4.564091,-0.5964039,0.1745045,1.9972,-0.0761398,-0.1207975,0.9897529,-0.2729664,0.9572387,0.09583052,-0.9590058,-0.2628728,-0.1058576,moving,62.43723,16.69936,-16.62667,4.993512,7.438957612741099,-0.3055707500989539
05/04/2023 16:19:16.923060,3599,True,True,True,True,Eyes,1.574599,0.144038,-3.769474,-0.8795799,-0.1375546,-0.4554316,0.0,0.0,0.0,0.0,0.0,0.0,0.0,3.863089,0.6252426,1.076124,1.469544,0.1456538,-3.78043,0.1341239,-0.7289153,0.05669316,0.668939,15.19414,264.135,352.876,0.4021903,0.0350866,-0.9148832,-0.2025746,0.003596457,-0.1188601,-0.4540094,-0.1368294,-4.554224,-0.5997174,0.1766096,1.996938,-0.06906311,-0.1196815,0.9904075,-0.2713785,0.9575933,0.09679244,-0.9599918,-0.2620905,-0.09861335,moving,62.62564,16.80596,-16.71598,5.054099,7.444283110061386,-0.30677343316871813
05/04/2023 16:19:16.933355,3600,True,True,True,True,Eyes,1.56923,0.1440657,-3.770931,-0.8810304,-0.1373541,-0.4526802,0.0,0.0,0.0,0.0,0.0,0.0,0.0,3.856972,0.6181674,1.090645,1.458569,0.1450753,-3.781455,0.1322787,-0.7271354,0.05505845,0.6713755,14.93287,264.5096,352.959,0.4004982,0.0351022,-0.9156246,-0.1904202,0.00338067,-0.1117285,-0.4711077,-0.1268311,-4.545934,-0.6027771,0.178555,1.996695,-0.06351468,-0.1184392,0.990928,-0.2662988,0.9589418,0.09754741,-0.9617957,-0.2576872,-0.09244709,moving,62.80555,16.87906,-16.7984,5.110098,7.449734029560201,-0.30738255478608695
05/04/2023 16:19:16.953071,3601,True,True,True,True,Eyes,1.563628,0.1440715,-3.772357,-0.8825389,-0.1371066,-0.4498076,0.0,0.0,0.0,0.0,0.0,0.0,0.0,3.849553,0.6180812,1.105443,1.447531,0.1445265,-3.78244,0.1314756,-0.7250854,0.05359789,0.673864,14.76881,264.8933,352.9651,0.3988504,0.03511751,-0.9163431,-0.178995,0.00317783,-0.1050247,-0.488087,-0.1191411,-4.537258,-0.6062332,0.180752,1.996421,-0.05724309,-0.1184266,0.9913115,-0.2628974,0.9596829,0.09946721,-0.9631242,-0.2549194,-0.0860692,moving,62.99322,16.95183,-16.89144,5.173344,7.455464454371117,-0.3079524792739882
05/04/2023 16:19:16.963181,3602,True,True,True,True,Eyes,1.557807,0.1440263,-3.773755,-0.8839697,-0.1367052,-0.4471122,0.0,0.0,0.0,0.0,0.0,0.0,0.0,3.841655,0.6214429,1.118914,1.436479,0.1439856,-3.783156,0.1313606,-0.7229845,0.05252749,0.6762239,14.69132,265.2605,352.9393,0.3972378,0.03513213,-0.9170427,-0.1682553,0.00298716,-0.09872326,-0.5044991,-0.114103,-4.528702,-0.6097386,0.182981,1.996142,-0.0509315,-0.1189027,0.9915988,-0.2609841,0.9599705,0.1017052,-0.9639987,-0.2536115,-0.07992442,moving,63.1697,17.00109,-16.98574,5.237513,7.461097541457979,-0.30812806243929286
05/04/2023 16:19:16.983014,3603,True,True,True,True,Eyes,1.551765,0.1439039,-3.775115,-0.8854278,-0.1363096,-0.4443392,0.0,0.0,0.0,0.0,0.0,0.0,0.0,3.834114,0.6292965,1.128285,1.425482,0.1428603,-3.78379,0.1317771,-0.7211222,0.05131784,0.6782213,14.64095,265.5681,352.8488,0.3956527,0.03514496,-0.9177273,-0.1581599,0.00280793,-0.09279986,-0.520071,-0.1106641,-4.520888,-0.6122973,0.1846066,1.995939,-0.04530144,-0.1204451,0.9916859,-0.2596644,0.9600026,0.1047352,-0.9646358,-0.2527609,-0.07476483,moving,63.35087,17.05441,-17.05452,5.284314,7.466845267602161,-0.30836002069525303
05/04/2023 16:19:17.003273,3604,True,True,True,True,Eyes,1.545509,0.1437096,-3.776435,-0.8867995,-0.1358594,-0.441734,0.0,0.0,0.0,0.0,0.0,0.0,0.0,3.826589,0.6429684,1.133424,1.414294,0.1406097,-3.784289,0.1329937,-0.7194147,0.05028047,0.6798729,14.66592,265.8215,352.6963,0.3940877,0.03515441,-0.9184,-0.1486703,0.002639455,-0.08723187,-0.5349889,-0.1098372,-4.51508,-0.6155425,0.1866687,1.995682,-0.04017125,-0.1229866,0.991595,-0.2597239,0.9595691,0.1084926,-0.964847,-0.2531826,-0.07048967,moving,63.52111,17.09577,-17.14171,5.343688,7.472357669444978,-0.30841363833120533
05/04/2023 16:19:17.013394,3605,True,True,True,True,Eyes,1.539048,0.1434646,-3.777704,-0.8881777,-0.1354489,-0.4390831,0.0,0.0,0.0,0.0,0.0,0.0,0.0,3.819363,0.6556481,1.137545,1.403005,0.1386207,-3.784677,0.1343702,-0.7177388,0.04973423,0.681412,14.74487,266.0624,352.567,0.3925366,0.03515913,-0.9190638,-0.1397501,0.002481087,-0.08199796,-0.5495406,-0.1108284,-4.509665,-0.6188134,0.1887484,1.995423,-0.0352451,-0.1251064,0.9915172,-0.2606644,0.9589423,0.1117305,-0.9647859,-0.2545153,-0.06640881,moving,63.69386,17.14401,-17.22952,5.403569,7.477871428800102,-0.30858590775914146
05/04/2023 16:19:17.033155,3606,True,True,True,True,Eyes,1.532365,0.1431597,-3.778923,-0.8894826,-0.1349866,-0.4365768,0.0,0.0,0.0,0.0,0.0,0.0,0.0,3.812652,0.6656209,1.140541,1.39169,0.1371328,-3.784784,0.1355083,-0.7162158,0.04927186,0.6828212,14.81118,266.2841,352.4624,0.3909938,0.03515849,-0.9197212,-0.1313651,0.002332222,-0.07707808,-0.5638613,-0.1110375,-4.504804,-0.6221873,0.1908925,1.995155,-0.03078548,-0.1268187,0.9914481,-0.2613941,0.9584196,0.1144773,-0.9647411,-0.2556345,-0.06265511,moving,63.85723,17.18126,-17.32004,5.465309,7.483192489625048,-0.308591479410798
05/04/2023 16:19:17.053069,3607,True,True,True,True,Eyes,1.525479,0.1427901,-3.780079,-0.890793,-0.1344927,-0.4340503,0.0,0.0,0.0,0.0,0.0,0.0,0.0,3.807402,0.6691817,1.140788,1.379932,0.1355575,-3.784564,0.1357326,-0.7151002,0.04865054,0.6839895,14.78895,266.4669,352.4181,0.3894547,0.03515163,-0.9203743,-0.1234832,0.002192289,-0.07245339,-0.5783061,-0.1092628,-4.500718,-0.6250046,0.1926834,1.994931,-0.0274702,-0.1275719,0.9914489,-0.2606777,0.9584196,0.1160993,-0.965035,-0.2552593,-0.05958317,moving,64.02174,17.21586,-17.39558,5.516883,7.488587769477946,-0.3085423917524083
05/04/2023 16:19:17.063158,3608,True,True,True,True,Eyes,1.518374,0.1423364,-3.781167,-0.8920229,-0.1339269,-0.4316928,0.0,0.0,0.0,0.0,0.0,0.0,0.0,3.803583,0.6639615,1.1407,1.368027,0.1334784,-3.784173,0.1347374,-0.7142498,0.04813282,0.6851104,14.67748,266.6449,352.4849,0.3879146,0.03513772,-0.921025,-0.1160742,0.002060751,-0.06810619,-0.5929187,-0.1055387,-4.497697,-0.6284219,0.1948553,1.994661,-0.02493924,-0.1265197,0.9916506,-0.2584249,0.9590581,0.1158623,-0.9657094,-0.2533777,-0.05661402,moving,64.17543,17.2358,-17.48714,5.579433,7.493786040317465,-0.30826374368136994
05/04/2023 16:19:17.082963,3609,True,True,True,True,Eyes,1.511052,0.1418249,-3.782168,-0.8932441,-0.1332427,-0.4293733,0.0,0.0,0.0,0.0,0.0,0.0,0.0,3.80124,0.6524962,1.137909,1.355771,0.1311128,-3.783477,0.1328393,-0.7138008,0.0475184,0.6859914,14.48287,266.7841,352.6153,0.3863693,0.03511549,-0.9216751,-0.1091098,0.001937106,-0.06401981,-0.6075125,-0.1001568,-4.495641,-0.6314334,0.1967696,1.994422,-0.02353911,-0.1244472,0.9919471,-0.2548361,0.9601914,0.114416,-0.9666978,-0.2500907,-0.05431564,moving,64.32689,17.24011,-17.56777,5.634565,7.499104410247833,-0.3077007789348282
05/04/2023 16:19:17.103132,3610,True,True,True,True,Eyes,1.503521,0.1412527,-3.783066,-0.8944248,-0.1324807,-0.4271452,0.0,0.0,0.0,0.0,0.0,0.0,0.0,3.800364,0.6363624,1.131284,1.343201,0.1290251,-3.782419,0.1301966,-0.7138397,0.04651237,0.6865265,14.19197,266.864,352.7698,0.3848157,0.03508449,-0.9223261,-0.1025632,0.00182088,-0.06017863,-0.6219754,-0.09118032,-4.495643,-0.6347243,0.1988622,1.99416,-0.02346072,-0.122015,0.9922509,-0.2497429,0.9617709,0.112362,-0.9680279,-0.2451715,-0.05303618,moving,64.47253,17.23147,-17.65583,5.69484,7.504381359927901,-0.30691913768535256
05/04/2023 16:19:17.113309,3611,True,True,True,True,Eyes,1.309721,0.1258172,-3.802936,-0.921943,-0.1096439,-0.3714826,0.0,0.0,0.0,0.0,0.0,0.0,0.0,3.797457,0.6292847,1.12557,1.330666,0.1270121,-3.781108,0.1286592,-0.7135677,0.04523032,0.6871843,13.9677,266.9601,352.8105,0.3832509,0.03504425,-0.922979,-0.09640939,0.001711627,-0.05656791,-0.6366258,-0.08324316,-4.494359,-0.6380899,0.2010006,1.993893,-0.02244937,-0.1214509,0.9923437,-0.2457772,0.9628021,0.1122753,-0.9690665,-0.2413749,-0.05146413,moving,68.0538,16.44408,-17.74582,5.756432,7.641468728967016,-0.27689160880958574
05/04/2023 16:19:17.133236,3612,True,True,True,True,Eyes,1.309204,0.1257622,-3.802869,-0.9219686,-0.1095439,-0.3714485,0.0,0.0,0.0,0.0,0.0,0.0,0.0,3.793602,0.626546,1.119339,1.317732,0.1252137,-3.779524,0.1275247,-0.713237,0.04347013,0.6878523,13.73581,267.0532,352.7786,0.3753804,0.03453391,-0.9262271,-0.6720265,-0.04469766,-0.1127854,-0.6518045,-0.07434656,-4.492218,-0.6410902,0.2029078,1.993656,-0.02119331,-0.1221086,0.9922904,-0.2417127,0.9636955,0.1134273,-0.9701164,-0.2374453,-0.04993908,moving,68.05617,16.43132,-17.82598,5.811366,7.641715441355741,-0.2766416813732342
05/04/2023 16:19:17.153260,3613,True,True,True,True,Eyes,1.308186,0.1256557,-3.802728,-0.9220372,-0.1093065,-0.3713482,0.0,0.0,0.0,0.0,0.0,0.0,0.0,3.788845,0.6287217,1.113143,1.304772,0.1238019,-3.777826,0.1270297,-0.7127793,0.0415274,0.6885381,13.5403,267.1475,352.6781,0.3688969,0.03411205,-0.9288439,-0.6317049,-0.04201581,-0.1060183,-0.6670587,-0.06539857,-4.48983,-0.6443744,0.2049953,1.993395,-0.01955765,-0.1239019,0.9921018,-0.2382746,0.9642779,0.1157298,-0.971001,-0.2341293,-0.04838169,moving,68.06301,16.40182,-17.91367,5.871502,7.642334094320905,-0.2760580853416767
05/04/2023 16:19:17.163227,3614,True,True,True,True,Eyes,1.30668,0.1254986,-3.802494,-0.9221244,-0.1090299,-0.3712131,0.0,0.0,0.0,0.0,0.0,0.0,0.0,3.78465,0.627237,1.106428,1.29177,0.1224216,-3.775914,0.1261403,-0.7124368,0.03980415,0.6891576,13.33104,267.2341,352.627,0.3635374,0.03376165,-0.9309673,-0.5938026,-0.03949486,-0.09965718,-0.6821228,-0.05648597,-4.487665,-0.6475954,0.207043,1.993139,-0.01830094,-0.1248713,0.9920042,-0.2345966,0.9650086,0.1171452,-0.9719205,-0.2305769,-0.04695492,moving,68.07211,16.36817,-17.99961,5.930491,7.643085818482916,-0.2753868723584868
05/04/2023 16:19:17.183299,3615,True,True,True,True,Eyes,1.304709,0.1253185,-3.802177,-0.9222224,-0.1086998,-0.3710662,0.0,0.0,0.0,0.0,0.0,0.0,0.0,3.781401,0.6210129,1.098767,1.278632,0.1210177,-3.773909,0.1249017,-0.7122188,0.0386965,0.6896714,13.14422,267.3094,352.6523,0.3590859,0.03346866,-0.932704,-0.5581745,-0.03712517,-0.09367774,-0.6968564,-0.04933285,-4.485972,-0.650611,0.20896,1.9929,-0.01750599,-0.1245389,0.9920603,-0.2312904,0.9658043,0.1171615,-0.9727273,-0.227403,-0.04571209,moving,68.08208,16.32737,-18.08002,5.985718,7.643959537709379,-0.27457756123432125
05/04/2023 16:19:17.203239,3616,True,True,True,True,Eyes,1.302279,0.1251452,-3.801753,-0.9234058,-0.108632,-0.3681318,0.0,0.0,0.0,0.0,0.0,0.0,0.0,3.779315,0.612215,1.087473,1.265441,0.1203597,-3.771578,0.1238534,-0.7122867,0.03837672,0.6898082,13.03467,267.33,352.7177,0.3553641,0.03322205,-0.9341371,-0.524684,-0.03489766,-0.08805708,-0.7104505,-0.04684052,-4.483272,-0.6506111,0.20896,1.9929,-0.01765019,-0.1234931,0.9921886,-0.2293834,0.9663751,0.1161997,-0.9731762,-0.2255407,-0.04538399,static,68.26444,16.4408,-18.08002,5.985717,7.648983349148957,-0.2759343517915838
05/04/2023 16:19:17.213450,3617,True,True,True,True,Eyes,1.299417,0.1250106,-3.801238,-0.9245364,-0.1085418,-0.3653097,0.0,0.0,0.0,0.0,0.0,0.0,0.0,3.776438,0.6069663,1.076736,1.25217,0.1200716,-3.769205,0.1234448,-0.712173,0.03824694,0.6900061,12.993,267.3614,352.7453,0.3522266,0.03301353,-0.9353319,-0.493203,-0.0328038,-0.08277366,-0.7241582,-0.04596056,-4.479957,-0.6506107,0.2089601,1.9929,-0.01730607,-0.1230468,0.99225,-0.2286092,0.9665971,0.1158784,-0.9733646,-0.2248321,-0.04485771,static,68.43967,16.54787,-18.08001,5.985719,7.65383527299972,-0.27720190842614606
05/04/2023 16:19:17.233473,3618,True,True,True,True,Eyes,1.296129,0.1248717,-3.800594,-0.9256304,-0.1084509,-0.362556,0.0,0.0,0.0,0.0,0.0,0.0,0.0,3.773747,0.6048875,1.062543,1.238986,0.1211592,-3.766469,0.1237338,-0.7122783,0.03812862,0.689852,13.00478,267.3352,352.7086,0.3493493,0.03282395,-0.936417,-0.4636108,-0.03083557,-0.07780723,-0.7370801,-0.04489943,-4.477942,-0.6506111,0.20896,1.9929,-0.01758837,-0.1236595,0.9921688,-0.2288719,0.9664723,0.1163996,-0.9732977,-0.2250323,-0.0453009,static,68.61044,16.65344,-18.08002,5.985719,7.658548088957759,-0.2784602325550912
05/04/2023 16:19:17.253041,3619,True,True,True,True,Eyes,1.292436,0.1247642,-3.799869,-0.9266945,-0.10833,-0.3598639,0.0,0.0,0.0,0.0,0.0,0.0,0.0,3.769313,0.6074414,1.051544,1.225547,0.1210086,-3.763754,0.1240953,-0.712042,0.037295,0.6900766,12.96653,267.3647,352.6155,0.3466893,0.03265096,-0.9374111,-0.4357941,-0.02898544,-0.0731388,-0.7512431,-0.04273029,-4.473754,-0.650611,0.20896,1.9929,-0.01678935,-0.1252493,0.9919834,-0.228195,0.9664189,0.1181594,-0.9734708,-0.2243818,-0.04480678,static,68.77728,16.75339,-18.08002,5.985719,7.663193111140487,-0.279629626781443
05/04/2023 16:19:17.263058,3620,True,True,True,True,Eyes,1.288374,0.1247162,-3.799086,-0.9277488,-0.1082427,-0.3571634,0.0,0.0,0.0,0.0,0.0,0.0,0.0,3.763788,0.614503,1.042145,1.212168,0.121595,-3.761069,0.1250539,-0.711566,0.03622036,0.6904517,12.95782,267.4164,352.4556,0.3442163,0.03249386,-0.9383275,-0.4096465,-0.02724631,-0.06875047,-0.7657099,-0.04015755,-4.468489,-0.6506111,0.20896,1.9929,-0.0152761,-0.1279514,0.9916628,-0.227985,0.9660993,0.121141,-0.9735447,-0.2242337,-0.04392924,static,68.94437,16.86007,-18.08002,5.985719,7.6677612252878635,-0.28092446234431523
05/04/2023 16:19:17.282819,3621,True,True,True,True,Eyes,1.283946,0.124729,-3.798225,-0.9287804,-0.1081383,-0.354504,0.0,0.0,0.0,0.0,0.0,0.0,0.0,3.757538,0.626117,1.032991,1.199109,0.1228871,-3.758353,0.1265377,-0.7110132,0.03472962,0.6908273,12.95689,267.465,352.2181,0.3419048,0.03235276,-0.9391772,-0.3850677,-0.02561153,-0.06462544,-0.7799986,-0.03634052,-4.462903,-0.6506112,0.20896,1.9929,-0.01349182,-0.1319556,0.9911638,-0.2279243,0.9655641,0.1254449,-0.9735854,-0.2242178,-0.04310308,static,69.10876,16.96387,-18.08002,5.985717,7.67227025934811,-0.28217664224600575
05/04/2023 16:19:17.302949,3622,True,True,True,True,Eyes,1.279165,0.124821,-3.797255,-0.9297986,-0.1081174,-0.3518312,0.0,0.0,0.0,0.0,0.0,0.0,0.0,3.750897,0.6380991,1.025161,1.186115,0.1242201,-3.75567,0.1282102,-0.7102974,0.03351104,0.6913154,12.99541,267.5342,351.9886,0.3397308,0.0322277,-0.9399701,-0.3619636,-0.02407484,-0.06074791,-0.7943397,-0.03395434,-4.456661,-0.6506113,0.20896,1.9929,-0.01129062,-0.1358014,0.9906718,-0.2284682,0.9648783,0.1296618,-0.9734859,-0.224873,-0.04192044,static,69.27361,17.08214,-18.08003,5.985718,7.676611185314304,-0.28369885993552824
05/04/2023 16:19:17.313512,3623,True,True,True,True,Eyes,1.27405,0.1250439,-3.796202,-0.9308073,-0.1080051,-0.3491886,0.0,0.0,0.0,0.0,0.0,0.0,0.0,3.7452,0.6422578,1.018137,1.172905,0.1259918,-3.752871,0.1290311,-0.7096551,0.03268914,0.6918614,12.99931,267.6167,351.8636,0.3376736,0.03211926,-0.9407148,-0.3402458,-0.02263035,-0.05710304,-0.8088745,-0.03101328,-4.450374,-0.6506114,0.20896,1.9929,-0.009357806,-0.1379024,0.9904017,-0.2283678,0.9645648,0.1321472,-0.9735301,-0.2249392,-0.04051865,static,69.43662,17.187,-18.08003,5.985718,7.681057751280049,-0.2849768322396666
05/04/2023 16:19:17.333372,3624,True,True,True,True,Eyes,1.268623,0.1253331,-3.795086,-0.9318541,-0.107931,-0.3464088,0.0,0.0,0.0,0.0,0.0,0.0,0.0,3.740514,0.6364257,1.013344,1.159774,0.1294027,-3.74987,0.1286004,-0.7090953,0.03184109,0.6925547,12.9019,267.7241,351.8446,0.3357145,0.03202919,-0.9414188,-0.3198311,-0.02127253,-0.05367685,-0.823622,-0.02398782,-4.443569,-0.6506109,0.20896,1.992899,-0.007660146,-0.1382766,0.990364,-0.2264834,0.9648961,0.1329689,-0.9739849,-0.2232824,-0.03870856,static,69.60782,17.30553,-18.08002,5.985719,7.685620640547345,-0.2864769381330974
05/04/2023 16:19:17.353162,3625,True,True,True,True,Eyes,1.262893,0.1257008,-3.793897,-0.9329174,-0.1077955,-0.3435772,0.0,0.0,0.0,0.0,0.0,0.0,0.0,3.736,0.6219155,1.014034,1.146974,0.1314781,-3.746985,0.1266466,-0.7083199,0.03101719,0.6937446,12.68912,267.9139,351.9643,0.3338372,0.03195746,-0.9420886,-0.3006412,-0.01999618,-0.05045624,-0.8389597,-0.01570132,-4.434745,-0.6506112,0.20896,1.9929,-0.005358348,-0.1363766,0.9906427,-0.2224487,0.9659972,0.1317806,-0.9749298,-0.219661,-0.03551289,static,69.78213,17.41896,-18.08002,5.985717,7.690358864442832,-0.28786795581303937
05/04/2023 16:19:17.362938,3626,True,True,True,True,Eyes,1.25689,0.1261182,-3.792628,-0.9340268,-0.1077395,-0.3405674,0.0,0.0,0.0,0.0,0.0,0.0,0.0,3.72982,0.61035,1.018884,1.134075,0.1337447,-3.744087,0.125315,-0.7070092,0.03061687,0.6953394,12.5661,268.1722,352.0723,0.332027,0.03190434,-0.9427299,-0.2826027,-0.0187964,-0.04742887,-0.8549811,-0.0102518,-4.423448,-0.6506113,0.2089599,1.9929,-0.001598803,-0.1346195,0.9908962,-0.2197759,0.9667175,0.1309801,-0.9755492,-0.2175657,-0.03113173,static,69.967,17.55493,-18.08002,5.985715,7.695184438867653,-0.28963776030068644
05/04/2023 16:19:17.383169,3627,True,True,True,True,Eyes,1.250639,0.1265634,-3.791317,-0.935149,-0.1077149,-0.3374817,0.0,0.0,0.0,0.0,0.0,0.0,0.0,3.723323,0.6009918,1.024194,1.121511,0.1356756,-3.741271,0.1242899,-0.7056069,0.03031427,0.696959,12.47595,268.4355,352.1625,0.3302715,0.03186936,-0.9433476,-0.2656466,-0.01766862,-0.04458314,-0.8706474,-0.006105334,-4.411952,-0.650611,0.20896,1.9929,0.002399839,-0.133144,0.9910938,-0.2176552,0.9672661,0.13047,-0.9760227,-0.2160298,-0.02665824,static,70.15623,17.70166,-18.08002,5.985719,7.700027550185576,-0.2915912833569264
05/04/2023 16:19:17.403067,3628,True,True,True,True,Eyes,1.244147,0.1270608,-3.789972,-0.9362761,-0.1078664,-0.3342932,0.0,0.0,0.0,0.0,0.0,0.0,0.0,3.715991,0.5936817,1.033426,1.109299,0.1366847,-3.738956,0.1237088,-0.7037426,0.03065601,0.6989297,12.47862,268.7608,352.2737,0.3285602,0.03185152,-0.9439456,-0.2497078,-0.0166085,-0.04190815,-0.8863583,-0.006357633,-4.39888,-0.650611,0.20896,1.9929,0.007613064,-0.1312655,0.9913181,-0.216971,0.9675127,0.1297796,-0.9761484,-0.2160753,-0.02111508,static,70.35112,17.88334,-18.08002,5.985718,7.704626004483755,-0.2941776987779261
05/04/2023 16:19:17.413133,3629,True,True,True,True,Eyes,1.237441,0.1275846,-3.788597,-0.9373926,-0.1080095,-0.3311028,0.0,0.0,0.0,0.0,0.0,0.0,0.0,3.70973,0.5885609,1.038458,1.097334,0.1383633,-3.736791,0.1235598,-0.7022212,0.03094436,0.7004718,12.50706,269.0161,352.337,0.326883,0.03185051,-0.9445277,-0.2347253,-0.01561199,-0.03939366,-0.9010199,-0.006342057,-4.388137,-0.6506107,0.20896,1.9929,0.01185561,-0.1301813,0.9914193,-0.2168839,0.9675508,0.1296407,-0.9761254,-0.2165599,-0.01676331,static,70.54592,18.06692,-18.08002,5.98572,7.709197049428072,-0.29680021129810263
05/04/2023 16:19:17.433238,3630,True,True,True,True,Eyes,1.230534,0.1281046,-3.787182,-0.9384714,-0.1081944,-0.3279717,0.0,0.0,0.0,0.0,0.0,0.0,0.0,3.704732,0.5815431,1.040194,1.085536,0.1397883,-3.734609,0.1230366,-0.7010907,0.03104914,0.7016907,12.48616,269.2176,352.4108,0.3252318,0.03186542,-0.945097,-0.2206418,-0.01467527,-0.03703004,-0.9149719,-0.004959975,-4.379302,-0.6506116,0.20896,1.9929,0.01501571,-0.1289458,0.991538,-0.2160933,0.9677958,0.1291307,-0.9762573,-0.2162037,-0.01333226,static,70.73679,18.25719,-18.08003,5.985716,7.713543403494384,-0.29956518586483744
05/04/2023 16:19:17.453101,3631,True,True,True,True,Eyes,1.223426,0.128625,-3.785749,-0.9395208,-0.1083092,-0.3249148,0.0,0.0,0.0,0.0,0.0,0.0,0.0,3.70144,0.5692342,1.039795,1.073868,0.1400607,-3.732699,0.1214826,-0.7003422,0.03095829,0.7027122,12.36258,269.3856,352.5503,0.3235989,0.03189467,-0.9456564,-0.2074033,-0.01379476,-0.03480824,-0.9284989,-0.001822799,-4.372235,-0.6506115,0.20896,1.9929,0.01712458,-0.1266493,0.9917998,-0.2136684,0.9685671,0.1273718,-0.9767563,-0.2140975,-0.01047467,static,70.92307,18.43564,-18.08003,5.985717,7.717877571253277,-0.30212749488506735
05/04/2023 16:19:17.463352,3632,True,True,True,True,Eyes,1.216125,0.1291673,-3.784275,-0.9405036,-0.1084355,-0.3220166,0.0,0.0,0.0,0.0,0.0,0.0,0.0,3.700137,0.5533119,1.0342,1.06195,0.1406266,-3.730848,0.1196306,-0.7001175,0.03109527,0.7032475,12.22789,269.4752,352.724,0.3219779,0.03193691,-0.9462081,-0.1949591,-0.01296707,-0.03271974,-0.9413372,0.001633989,-4.368132,-0.6506104,0.2089601,1.9929,0.01773716,-0.1237757,0.9921517,-0.2112463,0.9694431,0.1247192,-0.9772719,-0.2118006,-0.00895199,static,71.09944,18.61038,-18.08001,5.985723,7.721907450585176,-0.3046622022716736
05/04/2023 16:19:17.483016,3633,True,True,True,True,Eyes,1.208638,0.1297402,-3.782772,-0.9414567,-0.1084458,-0.3192161,0.0,0.0,0.0,0.0,0.0,0.0,0.0,3.699703,0.5368873,1.024439,1.050008,0.141777,-3.72866,0.1176928,-0.7003117,0.03096278,0.703387,12.05991,269.4975,352.8757,0.3203634,0.03199151,-0.9467542,-0.1832616,-0.01218905,-0.03075656,-0.9535778,0.007072009,-4.365927,-0.650611,0.20896,1.9929,0.01720961,-0.1212857,0.9924685,-0.2084009,0.9703794,0.1222,-0.9778922,-0.2089344,-0.008576207,static,71.26994,18.76393,-18.08002,5.985717,7.725999158749554,-0.3068235578776884
05/04/2023 16:19:17.502848,3634,True,True,True,True,Eyes,1.017191,0.1445159,-3.744008,-0.9619644,-0.1093203,-0.2503469,0.0,0.0,0.0,0.0,0.0,0.0,0.0,3.698844,0.5211139,1.015585,1.03806,0.1430967,-3.726443,0.1156882,-0.7004282,0.03053352,0.7036223,11.86314,269.5336,353.0101,0.3187506,0.03205808,-0.9472961,-0.1722659,-0.0114577,-0.02891116,-0.9660712,0.01386818,-4.363125,-0.6506106,0.20896,1.9929,0.01693618,-0.1190944,0.9927384,-0.2050306,0.9713679,0.1200285,-0.978609,-0.2055746,-0.007966721,static,75.41261,23.58971,-18.08001,5.98572,7.811460497594121,-0.3799202165984656
05/04/2023 16:19:17.513312,3635,True,True,True,True,Eyes,1.016722,0.1445439,-3.743933,-0.9619802,-0.1093051,-0.250293,0.0,0.0,0.0,0.0,0.0,0.0,0.0,3.696378,0.5099443,1.010109,1.026381,0.1443061,-3.72415,0.1141853,-0.7001499,0.02991706,0.7041711,11.69517,269.6199,353.0931,0.3098356,0.03280703,-0.9502237,-0.7362692,0.03355702,0.08911479,-0.9788935,0.02008884,-4.358227,-0.6506108,0.20896,1.9929,0.0177902,-0.1177601,0.9928828,-0.202027,0.9721334,0.1189191,-0.9792184,-0.2027047,-0.00649628,static,75.41584,23.5913,-18.08002,5.98572,7.811554822034191,-0.379936370574783
05/04/2023 16:19:17.533337,3636,True,True,True,True,Eyes,1.015818,0.1445932,-3.743782,-0.961982,-0.1095636,-0.2501732,0.0,0.0,0.0,0.0,0.0,0.0,0.0,3.693529,0.5053219,1.004231,1.01467,0.1449224,-3.722287,0.1137413,-0.6997056,0.02963043,0.7046965,11.64056,269.7046,353.1151,0.3026401,0.03342047,-0.9525186,-0.692093,0.03154359,0.08376791,-0.9916081,0.02238692,-4.353511,-0.650611,0.20896,1.9929,0.01906822,-0.1174099,0.9929006,-0.2009318,0.9723699,0.1188411,-0.9794197,-0.2017714,-0.005050064,static,75.42255,23.65105,-18.08002,5.985718,7.811031327168327,-0.38103096590339486
05/04/2023 16:19:17.553474,3637,True,True,True,True,Eyes,1.014489,0.1447,-3.743568,-0.9619763,-0.109976,-0.2500136,0.0,0.0,0.0,0.0,0.0,0.0,0.0,3.690677,0.5072675,0.9960816,1.003312,0.1455301,-3.720588,0.1149509,-0.6992172,0.03051218,0.7049472,11.81416,269.752,353.0917,0.2968214,0.03392537,-0.9543299,-0.6505674,0.02965098,0.07874183,-1.003159,0.01715476,-4.350033,-0.6506109,0.20896,1.9929,0.02032847,-0.1177323,0.9928373,-0.2037702,0.9717106,0.1193993,-0.9788077,-0.2047379,-0.00423691,static,75.43137,23.74373,-18.08002,5.985721,7.810162978859232,-0.3827355774610135
05/04/2023 16:19:17.563259,3638,True,True,True,True,Eyes,1.012774,0.1448596,-3.743305,-0.9619689,-0.1106499,-0.2497449,0.0,0.0,0.0,0.0,0.0,0.0,0.0,3.687806,0.5071974,0.9889817,0.9918861,0.1468227,-3.71885,0.1161173,-0.6986383,0.03167548,0.7052788,12.00808,269.8151,353.0965,0.2921025,0.03434416,-0.9557699,-0.6115333,0.02787192,0.07401732,-1.01482,0.01159754,-4.346109,-0.650611,0.2089601,1.9929,0.02180246,-0.1175679,0.9928256,-0.2069281,0.9710269,0.1195308,-0.9781133,-0.2080496,-0.003157298,static,75.44627,23.89582,-18.08002,5.985721,7.80875311882467,-0.3855310719873455
05/04/2023 16:19:17.583250,3639,True,True,True,True,Eyes,1.01068,0.1450387,-3.742994,-0.9619542,-0.1114387,-0.2494506,0.0,0.0,0.0,0.0,0.0,0.0,0.0,3.685093,0.5067191,0.981823,0.9808416,0.1484978,-3.717062,0.1174099,-0.6980829,0.03306152,0.705551,12.23001,269.8705,353.1082,0.288259,0.0346948,-0.9569234,-0.5748413,0.02619961,0.06957629,-1.025904,0.005368116,-4.342437,-0.650611,0.2089599,1.9929,0.02317436,-0.1172705,0.9928296,-0.2105768,0.9702437,0.1195179,-0.9773027,-0.2118367,-0.002209652,static,75.46247,24.07207,-18.08002,5.985718,7.807081447242256,-0.3887751763977018
05/04/2023 16:19:17.603202,3640,True,True,True,True,Eyes,1.008232,0.1452043,-3.742632,-0.9619374,-0.1124419,-0.2490645,0.0,0.0,0.0,0.0,0.0,0.0,0.0,3.682114,0.5119201,0.9738448,0.9696816,0.1491788,-3.715624,0.1193068,-0.6974666,0.03424653,0.7057857,12.48486,269.9186,353.0534,0.2851088,0.03499101,-0.957856,-0.5403509,0.02462763,0.06540171,-1.037061,-0.002301971,-4.33904,-0.6506113,0.20896,1.9929,0.02473503,-0.1180836,0.9926955,-0.2147664,0.9691862,0.1206384,-0.9763522,-0.2161816,-0.001387534,static,75.48378,24.29713,-18.08003,5.985719,7.804968953820244,-0.39291503908173175
05/04/2023 16:19:17.613312,3641,True,True,True,True,Eyes,1.005447,0.1453677,-3.742227,-0.9619083,-0.1135999,-0.2486512,0.0,0.0,0.0,0.0,0.0,0.0,0.0,3.679559,0.5114225,0.9672303,0.9587618,0.1491172,-3.714133,0.1205977,-0.696825,0.03607344,0.706109,12.74333,269.9872,353.103,0.282504,0.03524305,-0.9586182,-0.5079298,0.02314997,0.06147761,-1.047904,-0.01194218,-4.335391,-0.6506111,0.20896,1.9929,0.02626742,-0.1171274,0.9927696,-0.2190145,0.9683098,0.1200365,-0.9753681,-0.220584,-0.0002175623,static,75.50643,24.55398,-18.08002,5.985717,7.8024988197553515,-0.3976467632320435
05/04/2023 16:19:17.633484,3642,True,True,True,True,Eyes,1.00235,0.1455325,-3.741782,-0.9618722,-0.1149094,-0.2481889,0.0,0.0,0.0,0.0,0.0,0.0,0.0,3.677913,0.5036914,0.9613304,0.9479045,0.1493225,-3.712693,0.1211934,-0.6962447,0.0385123,0.7064505,12.99478,270.0653,353.2607,0.2801901,0.03546852,-0.9592887,-0.477454,0.02176097,0.05778895,-1.058497,-0.02220866,-4.331999,-0.6506109,0.20896,1.9929,0.0275203,-0.1143465,0.9930596,-0.2231746,0.9676579,0.1176064,-0.9743899,-0.2248623,0.001110995,static,75.53173,24.84375,-18.08002,5.985719,7.799703117127544,-0.40298601965974773
05/04/2023 16:19:17.652864,3643,True,True,True,True,Eyes,0.9989426,0.1456953,-3.741296,-0.9618274,-0.1162785,-0.2477245,0.0,0.0,0.0,0.0,0.0,0.0,0.0,3.676869,0.4937943,0.9540172,0.9373209,0.1496239,-3.711117,0.1214074,-0.6959004,0.04078268,0.7066256,13.19939,270.1157,353.4333,0.2780349,0.03567676,-0.9599078,-0.4488068,0.02045531,0.05432162,-1.068572,-0.03089277,-4.329514,-0.6506112,0.20896,1.9929,0.02811901,-0.1113387,0.9933847,-0.2266111,0.967194,0.1148178,-0.9735793,-0.2283405,0.001965926,static,75.55702,25.14472,-18.08003,5.985721,7.7967643101347015,-0.40853584580549457
05/04/2023 16:19:17.663372,3644,True,True,True,True,Eyes,0.995232,0.1458552,-3.740761,-0.9618031,-0.1175881,-0.2471998,0.0,0.0,0.0,0.0,0.0,0.0,0.0,3.675705,0.486571,0.9458606,0.9264652,0.1497973,-3.709641,0.1215864,-0.6956231,0.04229309,0.706779,13.33885,270.1561,353.546,0.2760154,0.03586958,-0.9604833,-0.4218784,0.01922799,0.05106232,-1.079137,-0.03679029,-4.327179,-0.6506116,0.2089599,1.9929,0.02863964,-0.1093728,0.9935882,-0.2289403,0.9668561,0.1130293,-0.9730191,-0.2307095,0.002650521,static,75.58599,25.43951,-18.08004,5.985716,7.7940348246365705,-0.4139538593652267
05/04/2023 16:19:17.683248,3645,True,True,True,True,Eyes,0.991227,0.1460095,-3.740189,-0.9617993,-0.118827,-0.2466217,0.0,0.0,0.0,0.0,0.0,0.0,0.0,3.673723,0.4823061,0.9388804,0.9155199,0.1499199,-3.708059,0.1218425,-0.6952136,0.04320146,0.7070829,13.43688,270.2159,353.6058,0.2741114,0.03604857,-0.9610217,-0.3965657,0.01807432,0.04799858,-1.090254,-0.0407287,-4.323798,-0.6506109,0.2089601,1.9929,0.02962345,-0.1083191,0.9936747,-0.2305071,0.9665761,0.112237,-0.9726197,-0.2323739,0.003665004,static,75.61824,25.72564,-18.08002,5.98572,7.791532078787265,-0.41919514432842125
05/04/2023 16:19:17.703325,3646,True,True,True,True,Eyes,0.9869393,0.1461418,-3.739594,-0.9619607,-0.119624,-0.2456048,0.0,0.0,0.0,0.0,0.0,0.0,0.0,3.67074,0.4814938,0.9343572,0.9044122,0.1499612,-3.706581,0.1218565,-0.6946033,0.0428903,0.7076989,13.41832,270.3154,353.591,0.2723042,0.03621513,-0.9615291,-0.3727717,0.01698986,0.04511867,-1.102526,-0.03988206,-4.318762,-0.650611,0.20896,1.9929,0.03137346,-0.1085771,0.9935929,-0.2299907,0.9666228,0.112892,-0.972687,-0.232059,0.0053546,static,75.67741,25.96881,-18.08002,5.985719,7.79053191273872,-0.42351444820381956
05/04/2023 16:19:17.723158,3647,True,True,True,True,Eyes,0.9823783,0.1462252,-3.738978,-0.9621536,-0.1203617,-0.2444864,0.0,0.0,0.0,0.0,0.0,0.0,0.0,3.666316,0.4841852,0.9343233,0.8934713,0.1495124,-3.705215,0.1218427,-0.6935695,0.04188669,0.7087745,13.3454,270.4847,353.5302,0.2705774,0.03637003,-0.9620106,-0.3504054,0.01597046,0.04241155,-1.115658,-0.03713702,-4.311162,-0.6506106,0.2089601,1.9929,0.03441379,-0.1096363,0.9933759,-0.2283892,0.9667997,0.1146154,-0.9729615,-0.2308207,0.00823149,static,75.7427,26.21122,-18.08001,5.985721,7.789758550756971,-0.4277934451880711
05/04/2023 16:19:17.733016,3648,True,True,True,True,Eyes,0.9775662,0.1462967,-3.738421,-0.9631222,-0.1185703,-0.2415303,0.0,0.0,0.0,0.0,0.0,0.0,0.0,3.662228,0.4814111,0.9369226,0.8824253,0.1484334,-3.704157,0.121305,-0.6923409,0.04163795,0.7100815,13.29284,270.7005,353.579,0.2689167,0.03651325,-0.9624707,-0.3293811,0.01501224,0.03986685,-1.129023,-0.03689454,-4.302771,-0.6506112,0.20896,1.9929,0.03786098,-0.1088361,0.9933385,-0.2271015,0.9671028,0.1146175,-0.9731349,-0.2299282,0.01189863,static,75.92179,26.14701,-18.08002,5.985719,7.796930463929928,-0.42582502741859546
05/04/2023 16:19:17.753113,3649,True,True,True,True,Eyes,0.9725114,0.1463199,-3.737846,-0.9640606,-0.1169058,-0.2385794,0.0,0.0,0.0,0.0,0.0,0.0,0.0,3.659276,0.4769279,0.9365802,0.8717957,0.1473986,-3.703132,0.1210061,-0.6913871,0.04215932,0.7110304,13.31914,270.8646,353.6652,0.2673092,0.03664569,-0.9629135,-0.3096182,0.0141115,0.03747484,-1.141063,-0.03976078,-4.29641,-0.6506109,0.2089599,1.9929,0.04041324,-0.107371,0.9933974,-0.2272772,0.9671602,0.1137812,-0.9729912,-0.2303748,0.01468314,static,76.10008,26.10522,-18.08002,5.985718,7.803788241626248,-0.4242814414434894
05/04/2023 16:19:17.762877,3650,True,True,True,True,Eyes,0.9672316,0.1462889,-3.737262,-0.9649693,-0.1152933,-0.235673,0.0,0.0,0.0,0.0,0.0,0.0,0.0,3.656028,0.4742141,0.9365191,0.8609769,0.1462991,-3.702135,0.1210624,-0.6903172,0.04284339,0.7120187,13.38825,271.0374,353.7367,0.2657431,0.03676726,-0.9633422,-0.2910411,0.01326481,0.03522635,-1.153261,-0.04403495,-4.289695,-0.6506106,0.2089601,1.9929,0.04325326,-0.1061323,0.9934108,-0.2281535,0.9670167,0.1132463,-0.972664,-0.2315484,0.01761217,static,76.27541,26.06829,-18.08001,5.985721,7.810479065121365,-0.42284179461225974
05/04/2023 16:19:17.782917,3651,True,True,True,True,Eyes,0.9617448,0.1461967,-3.736679,-0.9658658,-0.1137527,-0.2327309,0.0,0.0,0.0,0.0,0.0,0.0,0.0,3.652148,0.4736294,0.9386809,0.8504161,0.145008,-3.701269,0.1212146,-0.6890307,0.04326247,0.7132125,13.44559,271.2424,353.7827,0.2642092,0.03687771,-0.9637598,-0.2735787,0.01246892,0.03311277,-1.165608,-0.04781835,-4.281849,-0.6506114,0.20896,1.9929,0.04673014,-0.1053305,0.9933386,-0.2287519,0.9668708,0.1132852,-0.9723625,-0.2325219,0.02108742,static,76.4525,26.04816,-18.08003,5.985717,7.817018203235484,-0.4217104553838386
05/04/2023 16:19:17.803074,3652,True,True,True,True,Eyes,0.9560503,0.1460347,-3.736091,-0.9667467,-0.1121931,-0.2298118,0.0,0.0,0.0,0.0,0.0,0.0,0.0,3.648318,0.4723886,0.9420147,0.8399013,0.1435562,-3.700638,0.1210556,-0.6876853,0.04340856,0.714528,13.45597,271.4653,353.8339,0.2626989,0.03697662,-0.9641687,-0.2571639,0.01172079,0.031126,-1.178208,-0.0501748,-4.273623,-0.650611,0.20896,1.9929,0.05040937,-0.104463,0.9932505,-0.2285295,0.9669225,0.1132924,-0.972231,-0.232698,0.02486906,static,76.62803,26.02143,-18.08002,5.985719,7.823586117975223,-0.4204616883177727
05/04/2023 16:19:17.813288,3653,True,True,True,True,Eyes,0.9501435,0.1458048,-3.735503,-0.9676423,-0.1106091,-0.2267908,0.0,0.0,0.0,0.0,0.0,0.0,0.0,3.644158,0.4711807,0.9465258,0.8294173,0.1417577,-3.69997,0.120508,-0.6862894,0.04301824,0.7159848,13.39186,271.7065,353.8745,0.2612051,0.03706337,-0.9645712,-0.2417341,0.01101754,0.02925844,-1.191205,-0.0501624,-4.264647,-0.6506115,0.2089599,1.9929,0.05431278,-0.1038059,0.9931136,-0.2270075,0.9672545,0.1135178,-0.9723774,-0.2316097,0.02896956,static,76.80941,25.99916,-18.08003,5.985717,7.830304726560079,-0.41927188306381036
05/04/2023 16:19:17.833107,3654,True,True,True,True,Eyes,0.9440488,0.1455126,-3.734903,-0.9685324,-0.1089296,-0.2237836,0.0,0.0,0.0,0.0,0.0,0.0,0.0,3.638874,0.4712068,0.9549966,0.8186836,0.1397568,-3.699417,0.1197241,-0.6845126,0.04207258,0.7178707,13.26713,272.0147,353.8957,0.2597207,0.03713747,-0.9649691,-0.2272301,0.01035649,0.02750294,-1.20531,-0.04802834,-4.253307,-0.6506111,0.20896,1.9929,0.05934452,-0.1035,0.9928575,-0.2243107,0.9677921,0.1142945,-0.9727091,-0.2294914,0.03421695,static,76.98988,25.9551,-18.08002,5.985718,7.837268775776515,-0.4176763587766557
05/04/2023 16:19:17.855421,3655,True,True,True,True,Eyes,0.9377625,0.1451554,-3.734317,-0.9694396,-0.1071811,-0.2206787,0.0,0.0,0.0,0.0,0.0,0.0,0.0,3.633191,0.4680854,0.9689307,0.8083514,0.1383847,-3.699381,0.1180808,-0.6823962,0.04050906,0.7202441,13.02525,272.3992,353.943,0.2582397,0.03719865,-0.9653641,-0.2135963,0.009735099,0.02585276,-1.219982,-0.04144407,-4.239875,-0.6506113,0.20896,1.9929,0.06538901,-0.1028029,0.9925502,-0.2195086,0.9688319,0.1148075,-0.9734168,-0.2253805,0.04078481,static,77.17598,25.90532,-18.08003,5.985718,7.844505463149176,-0.4159493775141987
05/04/2023 16:19:17.863288,3656,True,True,True,True,Eyes,0.9313067,0.144724,-3.733767,-0.9703471,-0.1053348,-0.2175568,0.0,0.0,0.0,0.0,0.0,0.0,0.0,3.628326,0.4650145,0.9786146,0.7975849,0.1364553,-3.699178,0.1166003,-0.6806043,0.03921973,0.7222493,12.81567,272.7254,353.9917,0.256757,0.03724652,-0.9657577,-0.2007805,0.009150993,0.02430159,-1.234329,-0.03656065,-4.228326,-0.6506106,0.20896,1.992899,0.0704794,-0.1020645,0.9922779,-0.2153701,0.9697323,0.1150428,-0.9739858,-0.2218152,0.0463645,static,77.36297,25.83493,-18.08001,5.985719,7.852036409548035,-0.4138312044931547
05/04/2023 16:19:17.883340,3657,True,True,True,True,Eyes,0.924672,0.1442059,-3.733235,-0.9712723,-0.1034292,-0.2143182,0.0,0.0,0.0,0.0,0.0,0.0,0.0,3.623356,0.4616201,0.9894557,0.7868737,0.1339467,-3.69915,0.1148108,-0.6787333,0.03768351,0.7243752,12.56143,273.0703,354.0453,0.2552685,0.03728046,-0.9661508,-0.1887337,0.008601934,0.0228435,-1.248823,-0.03074444,-4.216281,-0.6506108,0.20896,1.9929,0.07580192,-0.1012578,0.9919682,-0.2104458,0.9707969,0.115178,-0.9746624,-0.2174863,0.052279,static,77.55667,25.7618,-18.08002,5.98572,7.859840327364312,-0.4116329978078327
05/04/2023 16:19:17.903033,3658,True,True,True,True,Eyes,0.9178621,0.1436293,-3.732715,-0.9721832,-0.1015956,-0.2110406,0.0,0.0,0.0,0.0,0.0,0.0,0.0,3.617785,0.4593632,1.002374,0.7761643,0.1312282,-3.699255,0.1131624,-0.6766105,0.03620089,0.7266926,12.32498,273.4497,354.0943,0.2537697,0.03729965,-0.9665449,-0.1774096,0.008085818,0.02147289,-1.263474,-0.02570898,-4.203097,-0.6506112,0.20896,1.9929,0.08177542,-0.1005199,0.9915687,-0.2057476,0.9717675,0.1154807,-0.9751825,-0.2134563,0.05878493,static,77.75231,25.7063,-18.08002,5.985718,7.867488366843185,-0.4097579349676291
05/04/2023 16:19:17.913168,3659,True,True,True,True,Eyes,0.7432601,0.1289551,-3.720287,-0.9906834,-0.05550377,-0.1243614,0.0,0.0,0.0,0.0,0.0,0.0,0.0,3.611727,0.4585654,1.016558,0.7652628,0.1292923,-3.699446,0.1122403,-0.6742154,0.03538417,0.7290978,12.20332,273.8526,354.1423,0.2522573,0.03730403,-0.9669405,-0.166765,0.007600669,0.02018451,-1.2781,-0.02389851,-4.189148,-0.6506105,0.2089601,1.9929,0.08836297,-0.09975121,0.9910811,-0.2029453,0.9723002,0.1159552,-0.9751951,-0.2113814,0.06567132,static,82.84504,24.0517,-18.08001,5.985721,8.069250394239743,-0.3570029472479837
05/04/2023 16:19:17.933009,3660,True,True,True,True,Eyes,0.7428093,0.1289443,-3.720278,-0.9907067,-0.05551894,-0.1241684,0.0,0.0,0.0,0.0,0.0,0.0,0.0,3.605569,0.4554298,1.031869,0.754245,0.1284664,-3.699581,0.1112474,-0.6717152,0.03478855,0.7315823,12.09359,274.2724,354.2154,0.2442899,0.03686789,-0.9690007,-0.6805651,-0.03687775,0.05625686,-1.2928,-0.02166355,-4.174636,-0.6506112,0.20896,1.9929,0.09517697,-0.09855171,0.9905702,-0.2003545,0.9728276,0.1160372,-0.9750897,-0.2095092,0.07284549,static,82.85619,24.09067,-18.08002,5.985718,8.069149267468152,-0.3576880613673567
05/04/2023 16:19:17.953154,3661,True,True,True,True,Eyes,0.7419221,0.1289009,-3.720271,-0.9907732,-0.05543562,-0.1236742,0.0,0.0,0.0,0.0,0.0,0.0,0.0,3.599058,0.4541374,1.047429,0.7432702,0.1281997,-3.699686,0.1103657,-0.669174,0.03376725,0.7340882,11.96,274.6936,354.243,0.2377862,0.03650502,-0.9706309,-0.6397312,-0.03466509,0.05288145,-1.307504,-0.01754792,-4.159789,-0.6506114,0.20896,1.9929,0.102132,-0.09813148,0.9899189,-0.197284,0.9733584,0.1168441,-0.9750119,-0.2072287,0.0800513,static,82.8848,24.14379,-18.08003,5.985717,8.069487215292831,-0.3585649173315153
05/04/2023 16:19:17.963136,3662,True,True,True,True,Eyes,0.7406254,0.128837,-3.720283,-0.9908596,-0.05535682,-0.1230162,0.0,0.0,0.0,0.0,0.0,0.0,0.0,3.591615,0.4513015,1.066536,0.7318996,0.1273926,-3.69986,0.1091403,-0.6662585,0.03277601,0.7369627,11.80253,275.18,354.3058,0.2324594,0.03620193,-0.9719318,-0.6013473,-0.03258518,0.04970856,-1.322985,-0.01351214,-4.142812,-0.6506109,0.20896,1.9929,0.1100509,-0.09712186,0.9891696,-0.1937407,0.9740283,0.11719,-0.9748608,-0.2045392,0.08837622,static,82.92289,24.22757,-18.08001,5.985717,8.069770705337728,-0.35997778428509086
05/04/2023 16:19:17.983269,3663,True,True,True,True,Eyes,0.7389324,0.1287649,-3.72031,-0.9909772,-0.05524622,-0.1221151,0.0,0.0,0.0,0.0,0.0,0.0,0.0,3.584936,0.4464383,1.08499,0.7209457,0.1268438,-3.700327,0.1077348,-0.663471,0.03194135,0.7397156,11.64052,275.6484,354.3925,0.228076,0.03594767,-0.9729791,-0.5652664,-0.03063007,0.04672605,-1.337729,-0.009316601,-4.126856,-0.6506111,0.20896,1.9929,0.117572,-0.09570286,0.9884421,-0.1902129,0.9747459,0.117002,-0.9746774,-0.2017706,0.09639884,static,82.97503,24.34253,-18.08002,5.985717,8.070155238523876,-0.36191700590389825
05/04/2023 16:19:18.003288,3664,True,True,True,True,Eyes,0.7368699,0.1287323,-3.720322,-0.991079,-0.05533646,-0.1212454,0.0,0.0,0.0,0.0,0.0,0.0,0.0,3.579592,0.4395799,1.099484,0.7098738,0.1266059,-3.70076,0.1066144,-0.6610236,0.03192919,0.7420659,11.56279,276.0562,354.5199,0.2244452,0.03573343,-0.9738309,-0.5313504,-0.02879227,0.04392249,-1.351752,-0.008198184,-4.113235,-0.6506107,0.20896,1.9929,0.124057,-0.0935621,0.9878543,-0.1883364,0.9752278,0.1160179,-0.9742379,-0.2004417,0.1033626,static,83.02528,24.53198,-18.08001,5.985719,8.069523308440376,-0.36526445730575835
05/04/2023 16:19:18.013280,3665,True,True,True,True,Eyes,0.7344548,0.1287706,-3.720329,-0.991194,-0.05550913,-0.1202216,0.0,0.0,0.0,0.0,0.0,0.0,0.0,3.575729,0.4324592,1.10905,0.6989695,0.1276505,-3.701081,0.1063314,-0.6589827,0.0329595,0.7438744,11.63252,276.3818,354.6628,0.2214124,0.03555324,-0.9745315,-0.4994694,-0.02706473,0.04128714,-1.364564,-0.0111305,-4.102552,-0.6506114,0.2089599,1.9929,0.129311,-0.09110561,0.9874099,-0.1891765,0.9752146,0.1147549,-0.9733914,-0.2016339,0.108871,static,83.0844,24.78387,-18.08003,5.985717,8.06841022779779,-0.3697478842347427
05/04/2023 16:19:18.033198,3666,True,True,True,True,Eyes,0.7316999,0.128854,-3.720309,-0.9912934,-0.05585418,-0.119238,0.0,0.0,0.0,0.0,0.0,0.0,0.0,3.571817,0.4288442,1.116278,0.6881887,0.1294371,-3.701014,0.1066536,-0.6571061,0.03385068,0.7454467,11.74148,276.6672,354.7435,0.2186358,0.03539297,-0.9751641,-0.4695012,-0.02544085,0.03880991,-1.376918,-0.01402474,-4.092629,-0.650611,0.20896,1.9929,0.1341314,-0.08969776,0.9868957,-0.1906333,0.9749582,0.1145222,-0.9724545,-0.2034962,0.1136732,static,83.14111,25.09962,-18.08002,5.985719,8.066397720657516,-0.3754419390221807
05/04/2023 16:19:18.053256,3667,True,True,True,True,Eyes,0.7286034,0.1290096,-3.720277,-0.9914173,-0.05623799,-0.1180212,0.0,0.0,0.0,0.0,0.0,0.0,0.0,3.566116,0.4288628,1.127501,0.6773269,0.1306817,-3.70088,0.1070945,-0.6547636,0.03422736,0.7474248,11.82434,277.0205,354.7783,0.2160658,0.03525125,-0.9757419,-0.4413311,-0.02391439,0.03648132,-1.389889,-0.01605448,-4.079952,-0.6506109,0.20896,1.9929,0.1402262,-0.0890784,0.9861044,-0.1914079,0.9747185,0.1152685,-0.9714421,-0.2049118,0.1196308,static,83.2113,25.47816,-18.08002,5.985719,8.064063149682694,-0.3822589474377575
05/04/2023 16:19:18.063219,3668,True,True,True,True,Eyes,0.7251951,0.1292931,-3.720219,-0.9915386,-0.05667982,-0.1167842,0.0,0.0,0.0,0.0,0.0,0.0,0.0,3.559215,0.4322705,1.140838,0.6661637,0.1325726,-3.70068,0.1078787,-0.6521136,0.03417656,0.7496281,11.9063,277.4116,354.7544,0.2136733,0.03512819,-0.9762731,-0.4148513,-0.02247953,0.03429244,-1.40342,-0.01677502,-4.065543,-0.6506112,0.20896,1.9929,0.1471598,-0.08945894,0.985059,-0.1919378,0.9743883,0.1171638,-0.9703113,-0.2063118,0.1262202,static,83.28261,25.88906,-18.08002,5.985719,8.061355868253116,-0.3896794670499502
05/04/2023 16:19:18.083158,3669,True,True,True,True,Eyes,0.7214746,0.129681,-3.720133,-0.9916908,-0.05700885,-0.1153229,0.0,0.0,0.0,0.0,0.0,0.0,0.0,3.553081,0.4321109,1.153247,0.6553365,0.1359588,-3.700424,0.1078716,-0.6497499,0.03331739,0.751717,11.85724,277.7739,354.7183,0.2114333,0.03502544,-0.9767643,-0.3899602,-0.02113076,0.03223489,-1.416697,-0.01128407,-4.051998,-0.6506113,0.2089599,1.992899,0.1534299,-0.09008858,0.9840443,-0.1902696,0.9745073,0.1188819,-0.9696683,-0.2054738,0.1323774,static,83.36691,26.30508,-18.08003,5.985719,8.05904417237354,-0.3971409965717012
05/04/2023 16:19:18.103099,3670,True,True,True,True,Eyes,0.7174594,0.1301627,-3.719988,-0.9918531,-0.05724989,-0.1137977,0.0,0.0,0.0,0.0,0.0,0.0,0.0,3.546067,0.43166,1.1669,0.6442526,0.138813,-3.699764,0.1074017,-0.6472746,0.03189856,0.7539781,11.72715,278.1615,354.6711,0.2093224,0.03494379,-0.9772218,-0.3665626,-0.01986291,0.0303008,-1.430511,-0.003369018,-4.037029,-0.6506109,0.20896,1.9929,0.1600361,-0.09093515,0.9829136,-0.1871384,0.9748948,0.1206628,-0.9692098,-0.2032513,0.1390009,static,83.45494,26.70628,-18.08002,5.98572,8.05705369294273,-0.40430809421956493
05/04/2023 16:19:18.113376,3671,True,True,True,True,Eyes,0.7131581,0.1307055,-3.71981,-0.9920579,-0.05729188,-0.1119764,0.0,0.0,0.0,0.0,0.0,0.0,0.0,3.537086,0.4376378,1.183854,0.6331816,0.1415412,-3.699062,0.1071112,-0.6443963,0.02920694,0.7565895,11.52059,278.6023,354.5039,0.2073205,0.03488374,-0.9776506,-0.3445688,-0.01867114,0.02848275,-1.444853,0.00838694,-4.019451,-0.650611,0.20896,1.9929,0.1678008,-0.09384876,0.9813437,-0.1822394,0.9753484,0.1244367,-0.96883,-0.1997201,0.1465613,static,83.56012,27.09621,-18.08002,5.985718,8.055815280932222,-0.41119043021988644
05/04/2023 16:19:18.133210,3672,True,True,True,True,Eyes,0.7085943,0.1312563,-3.719603,-0.9922775,-0.05733526,-0.1099911,0.0,0.0,0.0,0.0,0.0,0.0,0.0,3.526807,0.4442735,1.203639,0.6221719,0.1434561,-3.698218,0.1066126,-0.6412112,0.02624671,0.7594691,11.27961,279.0918,354.3321,0.2054098,0.03484483,-0.9780552,-0.3238947,-0.01755087,0.02677378,-1.459295,0.02058743,-3.999896,-0.6506113,0.20896,1.9929,0.1763186,-0.09685521,0.9795565,-0.1765894,0.9758897,0.1282785,-0.9683635,-0.1955972,0.1549639,static,83.67475,27.53175,-18.08003,5.985717,8.054330801618331,-0.4188899209818136
05/04/2023 16:19:18.153246,3673,True,True,True,True,Eyes,0.7037735,0.1318213,-3.719359,-0.9925274,-0.05731272,-0.1077252,0.0,0.0,0.0,0.0,0.0,0.0,0.0,3.516166,0.4537672,1.223371,0.6113436,0.1444835,-3.697479,0.1066104,-0.6379301,0.02360171,0.7623137,11.10769,279.5831,354.1488,0.2035744,0.03482525,-0.9784395,-0.304461,-0.01649782,0.02516736,-1.473223,0.02960606,-3.980311,-0.6506109,0.20896,1.992899,0.1849762,-0.1000361,0.9776382,-0.1720037,0.9761543,0.1324286,-0.9675735,-0.1926536,0.1633588,static,83.80557,28.01418,-18.08002,5.98572,8.052823053810636,-0.4274019695136728
05/04/2023 16:19:18.163276,3674,True,True,True,True,Eyes,0.6987289,0.1323537,-3.719094,-0.9927756,-0.05748793,-0.1053175,0.0,0.0,0.0,0.0,0.0,0.0,0.0,3.504779,0.4631901,1.244191,0.600603,0.1449925,-3.696524,0.1070572,-0.6344314,0.02188145,0.7652168,11.04667,280.0973,354.014,0.2018008,0.03482353,-0.978807,-0.2861933,-0.01550795,0.02365732,-1.486701,0.0336978,-3.959931,-0.6506112,0.2089599,1.9929,0.1940359,-0.1023528,0.9756402,-0.169329,0.9761199,0.1360794,-0.96627,-0.1916085,0.1720711,static,83.9445,28.62808,-18.08003,5.985717,8.049927371289495,-0.438350786793144
05/04/2023 16:19:18.183056,3675,True,True,True,True,Eyes,0.693478,0.1328295,-3.718781,-0.9930394,-0.05773003,-0.1026644,0.0,0.0,0.0,0.0,0.0,0.0,0.0,3.493953,0.4679169,1.265562,0.5903474,0.1447627,-3.695786,0.1073458,-0.6309194,0.02134821,0.7680897,11.06021,280.6179,353.9958,0.2000771,0.03483709,-0.9791602,-0.2690217,-0.01457747,0.02223788,-1.499259,0.03318857,-3.940129,-0.6506111,0.20896,1.9929,0.20297,-0.1026584,0.9737887,-0.1682477,0.9760423,0.1379644,-0.9646221,-0.1918404,0.1808352,static,84.0975,29.34983,-18.08003,5.98572,8.04615624397325,-0.45126704516710975
05/04/2023 16:19:18.203286,3676,True,True,True,True,Eyes,0.6880237,0.1332546,-3.718393,-0.9932869,-0.05824172,-0.09994492,0.0,0.0,0.0,0.0,0.0,0.0,0.0,3.483045,0.4722692,1.285249,0.5802889,0.1439033,-3.694463,0.1079753,-0.6275133,0.02161834,0.7707796,11.16189,281.1153,354.0215,0.1983929,0.034863,-0.979502,-0.2528805,-0.01370282,0.0209036,-1.511134,0.02848959,-3.920826,-0.6506108,0.2089601,1.9929,0.2115196,-0.1021859,0.9720172,-0.1688378,0.9757479,0.1393187,-0.9626803,-0.1935818,0.1891369,static,84.25422,30.23099,-18.08002,5.985721,8.04048532990631,-0.4671639279384526
05/04/2023 16:19:18.213056,3677,True,True,True,True,Eyes,0.6823764,0.1336785,-3.717935,-0.9935565,-0.05877919,-0.09690492,0.0,0.0,0.0,0.0,0.0,0.0,0.0,3.470119,0.4801943,1.307614,0.5700027,0.1432263,-3.692796,0.109318,-0.6236361,0.02216618,0.7737159,11.35044,281.6662,354.0256,0.1967391,0.03489881,-0.9798342,-0.2377076,-0.01288065,0.01964939,-1.523113,0.02115913,-3.899138,-0.6506113,0.2089599,1.9929,0.2211733,-0.1020486,0.9698807,-0.17065,0.9751165,0.1415149,-0.960188,-0.1968094,0.1982551,static,84.42937,31.23956,-18.08003,5.985717,8.033844347539016,-0.4853773846013585
05/04/2023 16:19:18.233140,3678,True,True,True,True,Eyes,0.6765352,0.1341193,-3.717428,-0.9938277,-0.05937635,-0.09370641,0.0,0.0,0.0,0.0,0.0,0.0,0.0,3.455095,0.4885464,1.334161,0.5599024,0.1436211,-3.69083,0.1102361,-0.6193616,0.02166504,0.7770264,11.42877,282.2804,353.9749,0.1951086,0.03494359,-0.9801586,-0.2234452,-0.01210781,0.01847043,-1.535195,0.01935095,-3.874497,-0.650611,0.20896,1.9929,0.2318438,-0.1028834,0.9672971,-0.1702206,0.9747573,0.1444757,-0.957744,-0.1981497,0.2084786,static,84.6136,32.36008,-18.08002,5.985719,8.026098635026765,-0.5056565669158161
05/04/2023 16:19:18.253014,3679,True,True,True,True,Eyes,0.6705139,0.1345817,-3.716842,-0.9941268,-0.05981223,-0.09019066,0.0,0.0,0.0,0.0,0.0,0.0,0.0,3.439144,0.4994762,1.361858,0.5497441,0.1443606,-3.689009,0.1106736,-0.6150009,0.01955362,0.7804761,11.35031,282.91,353.8165,0.193494,0.03499696,-0.9804767,-0.2100385,-0.01138135,0.0173622,-1.547569,0.02453366,-3.848784,-0.6506112,0.20896,1.9929,0.2427831,-0.1056064,0.9643152,-0.1666509,0.9747381,0.1487051,-0.9556589,-0.1968071,0.2190505,static,84.81612,33.55136,-18.08002,5.985718,8.018099920038644,-0.5271880642803333
05/04/2023 16:19:18.263341,3680,True,True,True,True,Eyes,0.664328,0.1350696,-3.716189,-0.994423,-0.0601372,-0.08663962,0.0,0.0,0.0,0.0,0.0,0.0,0.0,3.422397,0.5059905,1.391151,0.5394861,0.1453135,-3.686728,0.1101079,-0.6105719,0.01680037,0.7840893,11.13868,283.5666,353.6739,0.1918892,0.03505876,-0.9807899,-0.1974362,-0.01069846,0.01632047,-1.560066,0.03443007,-3.821613,-0.6506108,0.2089601,1.9929,0.2538395,-0.1081115,0.9611855,-0.1608035,0.975188,0.1521531,-0.9537861,-0.1931845,0.2301565,static,85.02065,34.7648,-18.08001,5.985719,8.009890072968915,-0.5491275585963372
05/04/2023 16:19:18.282833,3681,True,True,True,True,Eyes,0.6579864,0.1355679,-3.715442,-0.9947413,-0.06031862,-0.08277369,0.0,0.0,0.0,0.0,0.0,0.0,0.0,3.407292,0.4997232,1.420549,0.5295453,0.1463873,-3.684491,0.1078854,-0.6064131,0.0145399,0.7876628,10.81211,284.2178,353.6909,0.1902887,0.03512893,-0.9810992,-0.18559,-0.01005656,0.01534124,-1.571972,0.04677631,-3.795448,-0.6506111,0.20896,1.9929,0.2641037,-0.1079412,0.9584351,-0.1537513,0.9762987,0.1523203,-0.9521607,-0.187589,0.241248,static,85.2433,36.08147,-18.08002,5.985718,8.001007346003101,-0.5729304316801345
05/04/2023 16:19:18.303154,3682,True,True,True,True,Eyes,0.6515101,0.136096,-3.714578,-0.9950379,-0.06054823,-0.07895241,0.0,0.0,0.0,0.0,0.0,0.0,0.0,3.391448,0.4906367,1.450366,0.5196425,0.1471322,-3.681647,0.1058702,-0.6021073,0.01347321,0.7912502,10.58909,284.8857,353.7995,0.1886891,0.035207,-0.9814053,-0.1744546,-0.009453163,0.01442076,-1.583311,0.05418314,-3.768569,-0.6506113,0.20896,1.9929,0.2745705,-0.1061691,0.9556879,-0.1488118,0.9772199,0.151315,-0.9499823,-0.1837642,0.2525165,static,85.46331,37.48443,-18.08003,5.985718,7.990931151334691,-0.5983665288520741
05/04/2023 16:19:18.313458,3683,True,True,True,True,Eyes,0.6449115,0.1366442,-3.713623,-0.9953362,-0.06086541,-0.07484289,0.0,0.0,0.0,0.0,0.0,0.0,0.0,3.375121,0.48454,1.479449,0.5099218,0.1484865,-3.678712,0.1047796,-0.5977206,0.01305,0.7947209,10.49452,285.5444,353.8983,0.1870869,0.03529311,-0.9817089,-0.1639873,-0.008885974,0.01355552,-1.593977,0.05779617,-3.741924,-0.650611,0.20896,1.9929,0.2851196,-0.1045157,0.9527767,-0.1460001,0.9777019,0.1509406,-0.9473072,-0.1821416,0.2635027,static,85.69982,39.11947,-18.08002,5.985718,7.9784823468434,-0.6280948953866738
05/04/2023 16:19:18.333145,3684,True,True,True,True,Eyes,0.6381977,0.1372455,-3.712601,-0.9955961,-0.06148656,-0.07076629,0.0,0.0,0.0,0.0,0.0,0.0,0.0,3.35825,0.4834124,1.507242,0.5005821,0.1493763,-3.675651,0.1047948,-0.593294,0.01335352,0.7980238,10.55054,286.1858,353.9839,0.1854795,0.03538711,-0.9820105,-0.1541481,-0.008352815,0.01274219,-1.603757,0.0558029,-3.715777,-0.650611,0.20896,1.9929,0.2956479,-0.1030354,0.9497242,-0.1456611,0.9776794,0.1514124,-0.9441267,-0.1831027,0.2740407,static,85.9343,40.98633,-18.08002,5.98572,7.963006862857064,-0.6621894302047749
05/04/2023 16:19:18.353198,3685,True,True,True,True,Eyes,0.6313866,0.1378821,-3.711473,-0.9958496,-0.06221787,-0.06642668,0.0,0.0,0.0,0.0,0.0,0.0,0.0,3.340627,0.4930132,1.53247,0.4913886,0.1513538,-3.672458,0.1068376,-0.5888304,0.01400966,0.801042,10.81634,286.7898,353.9588,0.1838646,0.0354897,-0.9823105,-0.1448992,-0.007851646,0.01197766,-1.612834,0.04872732,-3.690401,-0.6506108,0.20896,1.9929,0.3061651,-0.1033738,0.9463491,-0.148263,0.9767789,0.1546641,-0.9403621,-0.1876614,0.2837291,static,86.18383,43.12614,-18.08002,5.98572,7.944586419235861,-0.7013506358282747
05/04/2023 16:19:18.363103,3686,True,True,True,True,Eyes,0.458804,0.154064,-3.681207,-0.995533,-0.08506209,0.04096877,0.0,0.0,0.0,0.0,0.0,0.0,0.0,3.321666,0.5065097,1.558063,0.4824795,0.1529187,-3.668978,0.1092186,-0.5842264,0.0143199,0.8040807,11.09132,287.4028,353.8819,0.18224,0.03560111,-0.9826091,-0.1362052,-0.007380547,0.011259,-1.621366,0.04147316,-3.664158,-0.6506113,0.20896,1.9929,0.3169488,-0.1045881,0.9426584,-0.1506456,0.9757324,0.1589091,-0.9364024,-0.1923733,0.2935015,static,-87.64346,-64.28297,-18.08003,5.985718,3.146748235781648,0.5785443391197888
05/04/2023 16:19:18.383034,3687,True,True,True,True,Eyes,0.4584599,0.1540714,-3.681071,-0.9955009,-0.08522813,0.04140026,0.0,0.0,0.0,0.0,0.0,0.0,0.0,3.30135,0.5271903,1.583362,0.4736665,0.1537916,-3.665496,0.1122719,-0.5794732,0.01403241,0.8070991,11.39033,288.0173,353.7063,0.1744677,0.03635347,-0.9839913,-0.6457809,0.0416079,0.1013823,-1.629523,0.03373852,-3.637376,-0.6506113,0.20896,1.9929,0.3280278,-0.107466,0.9385355,-0.1527682,0.9743962,0.1649662,-0.9322338,-0.1974919,0.3032116,static,-87.61859,-64.09145,-18.08003,5.985717,3.1451895235235914,0.5750500666777827
05/04/2023 16:19:18.402965,3688,True,True,True,True,Eyes,0.4577811,0.1540759,-3.680792,-0.9954513,-0.08554136,0.04194698,0.0,0.0,0.0,0.0,0.0,0.0,0.0,3.280649,0.5513193,1.608032,0.4652405,0.1539524,-3.66227,0.1155932,-0.5747194,0.01346773,0.8100337,11.69776,288.6208,353.4884,0.1680722,0.03697908,-0.9850805,-0.6070341,0.03911142,0.09529938,-1.637013,0.02544337,-3.611049,-0.650611,0.20896,1.9929,0.3390326,-0.1110487,0.9341977,-0.1546859,0.9729137,0.1717884,-0.9279705,-0.2027491,0.3126718,static,-87.58706,-63.87802,-18.08002,5.985719,3.1435878322768986,0.5711722674987857
05/04/2023 16:19:18.413254,3689,True,True,True,True,Eyes,0.4567768,0.1540893,-3.680363,-0.9953707,-0.08599674,0.04291279,0.0,0.0,0.0,0.0,0.0,0.0,0.0,3.258833,0.5756673,1.632973,0.456709,0.153897,-3.65865,0.1190003,-0.5698162,0.01304904,0.8130057,12.02667,289.2402,353.283,0.1627904,0.03750126,-0.9859475,-0.570612,0.03676474,0.08958142,-1.644246,0.0160422,-3.583849,-0.6506112,0.20896,1.9929,0.3502785,-0.1143987,0.9296333,-0.1568345,0.9713373,0.1786248,-0.923422,-0.208367,0.3222969,static,-87.53137,-63.48058,-18.08002,5.985717,3.140497959009119,0.5639383430944273
05/04/2023 16:19:18.433469,3690,True,True,True,True,Eyes,0.4554478,0.1541379,-3.67982,-0.9952844,-0.08643818,0.04401746,0.0,0.0,0.0,0.0,0.0,0.0,0.0,3.237028,0.5960546,1.657915,0.4480703,0.1541132,-3.654832,0.1218405,-0.5649454,0.01261468,0.8159857,12.3037,289.864,353.1176,0.1584076,0.03793915,-0.9866443,-0.5363753,0.03455885,0.08420653,-1.651377,0.008302084,-3.556498,-0.6506111,0.20896,1.9929,0.3613552,-0.1170797,0.9250485,-0.1582533,0.9699914,0.184587,-0.9189007,-0.2130935,0.3319831,static,-87.46769,-63.01315,-18.08002,5.985718,3.136799487150741,0.5554227836752367
05/04/2023 16:19:18.453328,3691,True,True,True,True,Eyes,0.4538172,0.1542048,-3.679115,-0.9951845,-0.0868248,0.04548962,0.0,0.0,0.0,0.0,0.0,0.0,0.0,3.216818,0.6071858,1.682262,0.4394699,0.1547674,-3.65096,0.1231365,-0.5604233,0.01178762,0.8189167,12.40902,290.4687,353.0184,0.1547479,0.03830901,-0.9872107,-0.5041928,0.03248532,0.07915413,-1.658611,0.006314661,-3.530022,-0.650611,0.20896,1.9929,0.3715737,-0.118711,0.9207827,-0.1573233,0.9693969,0.188465,-0.9149768,-0.2148892,0.3415264,static,-87.38284,-62.34886,-18.08002,5.985717,3.1313429782251663,0.5432968437316869
05/04/2023 16:19:18.463187,3692,True,True,True,True,Eyes,0.4519044,0.1542854,-3.678256,-0.9951018,-0.08696648,0.0470022,0.0,0.0,0.0,0.0,0.0,0.0,0.0,3.197902,0.610864,1.704997,0.4306678,0.1553961,-3.646523,0.1229905,-0.5563115,0.01030134,0.8217572,12.3333,291.043,352.9495,0.1515117,0.03863626,-0.9876998,-0.4739412,0.0305362,0.07440489,-1.666302,0.0103262,-3.504112,-0.650611,0.20896,1.9929,0.3808229,-0.1199116,0.9168397,-0.1537724,0.9695345,0.1906751,-0.911772,-0.2135981,0.3507819,static,-87.29572,-61.6104,-18.08002,5.985719,3.125021667718261,0.5297863766245031
05/04/2023 16:19:18.482928,3693,True,True,True,True,Eyes,0.4497032,0.1543663,-3.67722,-0.9950148,-0.08693013,0.04887266,0.0,0.0,0.0,0.0,0.0,0.0,0.0,3.179521,0.61248,1.727274,0.4220937,0.155767,-3.642188,0.1221532,-0.5523832,0.008137131,0.8245516,12.14772,291.6013,352.8588,0.1485502,0.03893384,-0.9881378,-0.4455047,0.02870403,0.0699406,-1.67384,0.01816177,-3.478682,-0.6506107,0.20896,1.9929,0.3896132,-0.1215317,0.9129247,-0.1483697,0.9700248,0.1924535,-0.9089488,-0.2104328,0.3599029,static,-87.18803,-60.65504,-18.08001,5.985719,3.116665614299785,0.5122862845918609
05/04/2023 16:19:18.503261,3694,True,True,True,True,Eyes,0.4472302,0.1544321,-3.676022,-0.9949366,-0.08666708,0.05089207,0.0,0.0,0.0,0.0,0.0,0.0,0.0,3.159754,0.6131895,1.750166,0.4131283,0.1557832,-3.637057,0.1210052,-0.5483015,0.005675083,0.8274605,11.916,292.184,352.7604,0.1458285,0.03920506,-0.9885324,-0.4187744,0.02698179,0.06574416,-1.681551,0.02734406,-3.451498,-0.6506109,0.2089601,1.9929,0.3986664,-0.1233028,0.9087692,-0.1420865,0.9706511,0.1940307,-0.9060224,-0.2064773,0.3694463,static,-87.07182,-59.57797,-18.08002,5.985721,3.107060567698591,0.4925346264734004
05/04/2023 16:19:18.513341,3695,True,True,True,True,Eyes,0.4444934,0.1544521,-3.674649,-0.9948465,-0.08628617,0.05324566,0.0,0.0,0.0,0.0,0.0,0.0,0.0,3.139711,0.6136982,1.773097,0.4043828,0.1553901,-3.631888,0.1198059,-0.5441936,0.003265774,0.8303549,11.6842,292.7692,352.6682,0.1433164,0.0394524,-0.9888899,-0.393648,0.02536288,0.06179951,-1.688761,0.03605839,-3.424245,-0.6506112,0.2089599,1.992899,0.4076853,-0.1249717,0.9045302,-0.1358187,0.9712718,0.1954084,-0.9029651,-0.2025173,0.3789997,static,-86.93637,-58.322,-18.08003,5.985717,3.095857923149678,0.46950197722743203
05/04/2023 16:19:18.533267,3696,True,True,True,True,Eyes,0.4415078,0.1543821,-3.673106,-0.9947494,-0.08583995,0.05572262,0.0,0.0,0.0,0.0,0.0,0.0,0.0,3.119021,0.6181192,1.794783,0.3954725,0.1542447,-3.626489,0.1192211,-0.5400298,0.001038469,0.8331586,11.52419,293.3469,352.5507,0.1409865,0.0396773,-0.9892157,-0.3700291,0.02384111,0.05809154,-1.695767,0.04176976,-3.396972,-0.650611,0.20896,1.9929,0.4167335,-0.1270354,0.9001085,-0.1304962,0.9715705,0.1975385,-0.8996133,-0.1997817,0.3883084,static,-86.79383,-57.01057,-18.08002,5.985718,3.0841999430802454,0.4454569877794968
05/04/2023 16:19:18.553379,3697,True,True,True,True,Eyes,0.438279,0.1542444,-3.67139,-0.9946269,-0.08541461,0.05849416,0.0,0.0,0.0,0.0,0.0,0.0,0.0,3.097538,0.6250941,1.816039,0.3866425,0.1523269,-3.620882,0.1191768,-0.5357515,-0.0007042959,0.8359227,11.4487,293.929,352.4442,0.1388147,0.03987981,-0.9895147,-0.3478273,0.02241064,0.05460605,-1.702279,0.04362733,-3.369482,-0.6506109,0.2089601,1.9929,0.4259397,-0.1288757,0.8955259,-0.1265208,0.9715928,0.1999998,-0.8958616,-0.1984904,0.3975345,static,-86.63431,-55.59564,-18.08002,5.985721,3.071825198376329,0.41953869728369597
05/04/2023 16:19:18.563201,3698,True,True,True,True,Eyes,0.4348307,0.1540624,-3.669508,-0.9944853,-0.08507401,0.06133006,0.0,0.0,0.0,0.0,0.0,0.0,0.0,3.077108,0.632218,1.835032,0.3777425,0.1501854,-3.615299,0.1196376,-0.5316278,-0.001470207,0.8384848,11.48231,294.4823,352.3964,0.1367791,0.04006059,-0.9897908,-0.3269577,0.021066,0.05132968,-1.708588,0.04081056,-3.343504,-0.6506113,0.20896,1.9929,0.4347394,-0.1296708,0.8911718,-0.1247399,0.9713694,0.2021918,-0.8918754,-0.1990654,0.4061175,static,-86.47103,-54.21207,-18.08002,5.985717,3.059983544989487,0.3942258697775254
05/04/2023 16:19:18.583049,3699,True,True,True,True,Eyes,0.4311663,0.1538179,-3.667449,-0.9943201,-0.08476198,0.06436584,0.0,0.0,0.0,0.0,0.0,0.0,0.0,3.05842,0.6402787,1.850335,0.369119,0.1489493,-3.609598,0.1205514,-0.5279286,-0.001967539,0.8406872,11.5729,294.9672,352.3395,0.1348607,0.04022088,-0.9900475,-0.3073402,0.01980204,0.0482499,-1.714665,0.03699484,-3.319914,-0.6506111,0.2089599,1.9929,0.442575,-0.1305932,0.8871713,-0.1239769,0.970927,0.2047695,-0.88812,-0.2006146,0.4135175,static,-86.29621,-52.78799,-18.08002,5.985717,3.0480349726796296,0.36820063887042653
05/04/2023 16:19:18.603158,3700,True,True,True,True,Eyes,0.4272904,0.1534953,-3.665196,-0.9941446,-0.08447139,0.06738782,0.0,0.0,0.0,0.0,0.0,0.0,0.0,3.041358,0.642525,1.863756,0.3603866,0.1472097,-3.603434,0.1206181,-0.5245855,-0.002282764,0.8427668,11.59023,295.4216,352.3506,0.1330429,0.04036123,-0.9902877,-0.2888998,0.01861392,0.04535491,-1.721007,0.03452949,-3.297307,-0.6506106,0.2089601,1.9929,0.4496097,-0.1303967,0.8836558,-0.1227014,0.9708921,0.2057009,-0.8847572,-0.2009109,0.4205227,static,-86.12215,-51.41857,-18.08001,5.985722,3.0367561070872235,0.3431996245064911
05/04/2023 16:19:18.613263,3701,True,True,True,True,Eyes,0.4232107,0.1531037,-3.662756,-0.9939471,-0.08418322,0.07058585,0.0,0.0,0.0,0.0,0.0,0.0,0.0,3.024613,0.6424615,1.876449,0.3514066,0.1450735,-3.596883,0.120359,-0.5213223,-0.002455985,0.844826,11.58398,295.872,352.3954,0.13131,0.04048182,-0.9905141,-0.2715658,0.01749709,0.04263362,-1.72754,0.03214072,-3.274649,-0.6506112,0.20896,1.9929,0.4564341,-0.1296414,0.880262,-0.1213418,0.9710154,0.2059254,-0.8814443,-0.200804,0.4274736,static,-85.93792,-50.02088,-18.08002,5.985719,3.02547772439194,0.3177104579071991
05/04/2023 16:19:18.633120,3702,True,True,True,True,Eyes,0.4189235,0.1526495,-3.660154,-0.993728,-0.08394537,0.07387705,0.0,0.0,0.0,0.0,0.0,0.0,0.0,3.00788,0.6405003,1.889208,0.3426029,0.1431203,-3.590102,0.1198142,-0.5180955,-0.002677914,0.8468851,11.54649,296.3221,352.4527,0.1296488,0.04058296,-0.9907287,-0.2552719,0.01644726,0.0400756,-1.733833,0.03089791,-3.251831,-0.650611,0.20896,1.9929,0.4631397,-0.1286862,0.8768932,-0.1196147,0.9712747,0.2057126,-0.8781765,-0.2001629,0.4344431,static,-85.74827,-48.65025,-18.08002,5.985719,3.0147365187090345,0.29275298490580137
05/04/2023 16:19:18.652878,3703,True,True,True,True,Eyes,0.414448,0.1521455,-3.65735,-0.9934805,-0.08375495,0.07734058,0.0,0.0,0.0,0.0,0.0,0.0,0.0,2.990738,0.639361,1.901554,0.3337277,0.1410171,-3.583007,0.1194351,-0.5148309,-0.002798207,0.8489268,11.53123,296.7733,352.5096,0.1280471,0.04066511,-0.9909337,-0.2399556,0.01546043,0.03767106,-1.740029,0.02872937,-3.228697,-0.6506112,0.20896,1.9929,0.4698826,-0.1277287,0.8734391,-0.1182268,0.9714549,0.2056645,-0.8747759,-0.199902,0.4413688,static,-85.54861,-47.28015,-18.08002,5.985719,3.0043571900436836,0.26784803503523913
05/04/2023 16:19:18.666558,3704,True,True,True,True,Eyes,0.4097976,0.1516085,-3.654347,-0.9932073,-0.08362975,0.08090343,0.0,0.0,0.0,0.0,0.0,0.0,0.0,2.973027,0.6403929,1.913188,0.324847,0.1393402,-3.57552,0.1195491,-0.5115192,-0.002761559,0.8509105,11.57356,297.2203,352.5513,0.1264941,0.04072905,-0.9911305,-0.2255582,0.0145328,0.0354108,-1.746025,0.02512632,-3.20531,-0.650611,0.20896,1.9929,0.476681,-0.1270029,0.8698537,-0.1176036,0.9714008,0.2062763,-0.8711743,-0.2006259,0.4481123,static,-85.34315,-45.94931,-18.08002,5.985719,2.9946840146395712,0.24370571872412938
05/04/2023 16:19:18.683144,3705,True,True,True,True,Eyes,0.4049768,0.1510574,-3.651143,-0.9929065,-0.08353507,0.08460882,0.0,0.0,0.0,0.0,0.0,0.0,0.0,2.954999,0.6408546,1.925145,0.3160672,0.1380469,-3.567904,0.1196454,-0.5081499,-0.002697018,0.8529136,11.61612,297.6746,352.5977,0.1249809,0.04077594,-0.9913206,-0.2120247,0.01366083,0.03328615,-1.751748,0.02184878,-3.18158,-0.650611,0.20896,1.9929,0.4835528,-0.1261963,0.8661704,-0.116995,0.9713554,0.2068354,-0.8674612,-0.2013534,0.4549373,static,-85.12941,-44.63412,-18.08002,5.985718,2.985504053495734,0.2198927816211766
05/04/2023 16:19:18.703328,3706,True,True,True,True,Eyes,0.3999965,0.1504774,-3.647738,-0.9925798,-0.08343147,0.08845697,0.0,0.0,0.0,0.0,0.0,0.0,0.0,2.937739,0.6406109,1.935683,0.3073524,0.1370716,-3.5601,0.1196443,-0.5049809,-0.002744443,0.8547935,11.64052,298.1023,352.6365,0.1234992,0.04080733,-0.9915049,-0.1993033,0.01284118,0.03128898,-1.757496,0.01960741,-3.158588,-0.6506112,0.2089599,1.9929,0.4899736,-0.125528,0.862652,-0.1161443,0.9713554,0.2073141,-0.8639655,-0.2017706,0.4613591,static,-84.90736,-43.32533,-18.08002,5.985717,2.9767004750403117,0.1962354783702615
05/04/2023 16:19:18.713087,3707,True,True,True,True,Eyes,0.3948632,0.1498559,-3.644125,-0.9922258,-0.08329485,0.09246562,0.0,0.0,0.0,0.0,0.0,0.0,0.0,2.921072,0.6399765,1.944467,0.2985818,0.1358908,-3.551839,0.1193875,-0.502049,-0.003195789,0.8565531,11.61385,298.4998,352.6476,0.1220418,0.04082419,-0.9916847,-0.1873451,0.01207071,0.02941164,-1.763485,0.01924494,-3.136047,-0.6506115,0.20896,1.9929,0.4958734,-0.1253515,0.8593001,-0.114402,0.9714728,0.2077325,-0.8608263,-0.2013147,0.467387,moving,-84.67598,-42.01315,-18.08004,5.98572,2.9681846870779642,0.17255412249501684
05/04/2023 16:19:18.733016,3708,True,True,True,True,Eyes,0.3895808,0.1491877,-3.640304,-0.9918374,-0.08309361,0.09671643,0.0,0.0,0.0,0.0,0.0,0.0,0.0,2.901751,0.6423818,1.95566,0.289887,0.1342476,-3.543355,0.1192544,-0.4986819,-0.004203613,0.858532,11.57058,298.9487,352.6012,0.1206024,0.04082707,-0.9918606,-0.1761044,0.01134647,0.02764694,-1.766657,0.0190452,-3.10729,-0.6461285,0.20896,1.9929,0.5025973,-0.1261579,0.8552662,-0.1117222,0.9715214,0.20896,-0.8572713,-0.200575,0.4741894,moving,-84.43056,-40.66742,-17.96349,5.985719,2.959739380655175,0.1483018203771157
05/04/2023 16:19:18.753343,3709,True,True,True,True,Eyes,0.3841609,0.1484887,-3.636287,-0.9914112,-0.08289284,0.1011561,0.0,0.0,0.0,0.0,0.0,0.0,0.0,2.880195,0.6449382,1.969521,0.2811822,0.1324308,-3.534669,0.1191137,-0.4948639,-0.005193358,0.8607523,11.53198,299.457,352.5626,0.1191759,0.04081632,-0.9920335,-0.1655381,0.01066568,0.02598813,-1.769363,0.01846864,-3.076638,-0.6420288,0.2089599,1.992899,0.5101655,-0.1268306,0.8506733,-0.1089498,0.9715699,0.2101949,-0.8531477,-0.1999148,0.4818433,moving,-84.17413,-39.33306,-17.85677,5.985717,2.951829589181459,0.12431005346069929
05/04/2023 16:19:18.763210,3710,True,True,True,True,Eyes,0.3786116,0.1477933,-3.632069,-0.9909397,-0.08268872,0.1058347,0.0,0.0,0.0,0.0,0.0,0.0,0.0,2.858616,0.6458487,1.983988,0.2725842,0.1309904,-3.526125,0.1189601,-0.4909548,-0.005774494,0.8630055,11.51687,299.9791,352.5663,0.1177573,0.04079264,-0.9922038,-0.1556058,0.01002574,0.02442884,-1.771475,0.01696815,-3.045747,-0.6376725,0.2089602,1.9929,0.5178601,-0.1267749,0.8460195,-0.1068412,0.9716303,0.2109964,-0.8487673,-0.1996564,0.4896238,moving,-83.90379,-38.00052,-17.74323,5.985723,2.9444364756029087,0.10041163998152669
05/04/2023 16:19:18.783292,3711,True,True,True,True,Eyes,0.3729342,0.1471581,-3.627644,-0.9904224,-0.08251493,0.1107021,0.0,0.0,0.0,0.0,0.0,0.0,0.0,2.836593,0.6524187,1.996403,0.2640538,0.1303731,-3.517217,0.1198086,-0.4870924,-0.006449025,0.8650696,11.59562,300.4724,352.4993,0.1163424,0.04075764,-0.9923722,-0.1462695,0.009424195,0.02296311,-1.773318,0.01372244,-3.01531,-0.6333157,0.20896,1.992899,0.5253989,-0.1278734,0.8411922,-0.105558,0.9712086,0.213568,-0.8442828,-0.201003,0.4967739,moving,-83.62237,-36.70004,-17.62953,5.985722,2.9378450647345002,0.0771629707386241
05/04/2023 16:19:18.803225,3712,True,True,True,True,Eyes,0.367153,0.1465867,-3.623013,-0.9898238,-0.08197188,0.1163162,0.0,0.0,0.0,0.0,0.0,0.0,0.0,2.812822,0.657486,2.011092,0.2554319,0.1311603,-3.508034,0.120522,-0.4828751,-0.007365314,0.8673245,11.65104,301.0127,352.4213,0.1149276,0.04071428,-0.9925389,-0.1374933,0.008858743,0.02158532,-1.774662,0.01281018,-2.982977,-0.6290135,0.2089599,1.9929,0.5335548,-0.1291704,0.8358435,-0.103618,0.9708403,0.2161765,-0.8393943,-0.2019504,0.5046121,moving,-83.2978,-35.17363,-17.51712,5.985717,2.9299048832832155,0.049850945031523375
05/04/2023 16:19:18.813138,3713,True,True,True,True,Eyes,0.3612568,0.1460418,-3.618196,-0.9891841,-0.08133138,0.1220655,0.0,0.0,0.0,0.0,0.0,0.0,0.0,2.791086,0.656043,2.024857,0.2471166,0.1321041,-3.498869,0.1201202,-0.4790533,-0.008558176,0.869486,11.57708,301.5199,352.3761,0.1135099,0.04066534,-0.9927041,-0.1292437,0.008327219,0.0202902,-1.775857,0.0162127,-2.951725,-0.624423,0.20896,1.9929,0.5408695,-0.1299704,0.8310041,-0.1002055,0.9709958,0.2170853,-0.8351162,-0.200686,0.5121583,moving,-82.96526,-33.67524,-17.39702,5.985719,2.922604580143685,0.023099500242906523
05/04/2023 16:19:18.833074,3714,True,True,True,True,Eyes,0.3552642,0.1455302,-3.613189,-0.9884539,-0.08045655,0.1283965,0.0,0.0,0.0,0.0,0.0,0.0,0.0,2.769483,0.6536795,2.038527,0.2387553,0.1323411,-3.489757,0.1192635,-0.4752771,-0.01020137,0.8716559,11.43268,302.0256,352.3105,0.1120875,0.04061231,-0.9928679,-0.1214891,0.007827586,0.01907279,-1.777231,0.0216407,-2.920871,-0.6203032,0.2089599,1.9929,0.5480152,-0.1311506,0.8261229,-0.09558226,0.9713444,0.2176104,-0.8309895,-0.1982165,0.5197758,moving,-82.59893,-32.07231,-17.2891,5.985717,2.915170620604671,-0.005473321512788898
05/04/2023 16:19:18.853130,3715,True,True,True,True,Eyes,0.202488,0.1342428,-3.484354,-0.9561621,-0.05884166,0.2868654,2.062721,-1.769807,0.01286887,-2.892631,0.5667675,-0.8036127,-0.1816069,-0.6118662,0.1958662,1.986807,0.2302274,0.1323987,-3.480611,0.1189186,-0.4714308,-0.01171813,0.8737701,11.34793,302.5296,352.2272,0.1106576,0.04055667,-0.9930305,-0.1141997,0.00735793,0.01792842,-1.778319,0.02493308,-2.889916,-0.6159634,0.20896,1.9929,0.5552313,-0.1326017,0.8210573,-0.0916459,0.9714421,0.2188636,-0.8266312,-0.1967665,0.5272227,moving,-73.29984,-11.59169,-17.17528,5.985717,2.984036034457395,-0.3509109742019747
05/04/2023 16:19:18.863416,3716,True,True,True,True,Eyes,0.2021562,0.1343728,-3.483973,-0.9559925,-0.0587356,0.2874517,0.0,0.0,0.0,0.0,0.0,0.0,0.0,2.727101,0.656097,2.062715,0.2213796,0.1333807,-3.472109,0.119303,-0.4676799,-0.01238851,0.8757221,11.3829,303.011,352.1857,0.1030503,0.04030935,-0.9938589,-0.5656762,-0.02694572,0.4033583,-1.779624,0.02453026,-2.860875,-0.6116804,0.20896,1.9929,0.5622442,-0.1332889,0.816159,-0.08989341,0.9712266,0.2205402,-0.8220709,-0.1973648,0.5340849,moving,-73.26481,-11.5484,-17.06281,5.985718,2.984727031046232,-0.3515757582922836
05/04/2023 16:19:18.883207,3717,True,True,True,True,Eyes,0.2015147,0.1345621,-3.483229,-0.9557269,-0.05856975,0.2883672,0.0,0.0,0.0,0.0,0.0,0.0,0.0,2.705913,0.6536343,2.074826,0.2132711,0.1365904,-3.462652,0.1194853,-0.4638934,-0.01281184,0.8777028,11.41175,303.5019,352.1815,0.09686563,0.04010068,-0.994489,-0.5317356,-0.02532898,0.3791568,-1.779875,0.02618418,-2.830751,-0.6072949,0.2089601,1.9929,0.5692775,-0.1333468,0.8112594,-0.08836688,0.9711183,0.2216317,-0.8173827,-0.1978584,0.5410523,moving,-73.2101,-11.48107,-16.94751,5.985721,2.9858098075422768,-0.3526087482311091
05/04/2023 16:19:18.903194,3718,True,True,True,True,Eyes,0.2005717,0.1347601,-3.48213,-0.9553174,-0.05827363,0.2897805,0.0,0.0,0.0,0.0,0.0,0.0,0.0,2.684925,0.6407402,2.089924,0.2053061,0.1382266,-3.453389,0.1178805,-0.4599811,-0.0129142,0.8799744,11.27879,304.0458,352.3132,0.09182005,0.03992738,-0.9949746,-0.4998315,-0.02380924,0.3564074,-1.779621,0.03062538,-2.799657,-0.602965,0.2089599,1.9929,0.5765013,-0.1311739,0.8064984,-0.08571725,0.9718748,0.2193442,-0.8125878,-0.195583,0.5490432,moving,-73.12565,-11.37029,-16.83354,5.985716,2.9873938695324997,-0.35433202190085966
05/04/2023 16:19:18.913202,3719,True,True,True,True,Eyes,0.1993375,0.1350049,-3.480708,-0.9548209,-0.057995,0.2914678,0.0,0.0,0.0,0.0,0.0,0.0,0.0,2.663169,0.6301938,2.10507,0.1970306,0.1386659,-3.444254,0.116445,-0.4558975,-0.01304172,0.8822857,11.16203,304.6067,352.4334,0.08768552,0.03978519,-0.9953532,-0.4698416,-0.02238069,0.335023,-1.779141,0.03341635,-2.768074,-0.5985287,0.2089601,1.9929,0.5839747,-0.129187,0.8014265,-0.08316097,0.972541,0.2173669,-0.8075011,-0.1935842,0.557196,moving,-73.02471,-11.25349,-16.71662,5.985719,2.989486214620321,-0.3560983414867579
05/04/2023 16:19:18.932822,3720,True,True,True,True,Eyes,0.1978009,0.1352784,-3.479017,-0.9542065,-0.05768885,0.2935338,0.0,0.0,0.0,0.0,0.0,0.0,0.0,2.64242,0.625001,2.117229,0.188905,0.1404511,-3.43515,0.116127,-0.45207,-0.01308482,0.8842941,11.16005,305.1116,352.4954,0.08427747,0.03967149,-0.995652,-0.4416511,-0.02103784,0.3149216,-1.778818,0.03412961,-2.738535,-0.5943049,0.20896,1.9929,0.590923,-0.1281367,0.7964867,-0.08185337,0.9726866,0.2172113,-0.8025646,-0.1935503,0.5642945,moving,-72.90102,-11.11876,-16.60516,5.985717,2.992157128129808,-0.358104963738211
05/04/2023 16:19:18.952988,3721,True,True,True,True,Eyes,0.1960022,0.1355995,-3.477027,-0.9535023,-0.05739573,0.29587,0.0,0.0,0.0,0.0,0.0,0.0,0.0,2.621512,0.6211501,2.129913,0.1806149,0.1413189,-3.426673,0.1158043,-0.4481174,-0.01324627,0.8863435,11.15203,305.6309,352.5467,0.08144607,0.03958353,-0.9958911,-0.415152,-0.01977558,0.2960263,-1.778129,0.03421742,-2.708981,-0.5898454,0.20896,1.9929,0.5980307,-0.1272693,0.7913039,-0.08030637,0.9728277,0.2171566,-0.7974398,-0.193413,0.5715603,moving,-72.76098,-10.97843,-16.48735,5.985719,2.995336711106917,-0.36014733239012364
05/04/2023 16:19:18.963274,3722,True,True,True,True,Eyes,0.1939187,0.1358626,-3.474796,-0.9526701,-0.05719492,0.2985775,0.0,0.0,0.0,0.0,0.0,0.0,0.0,2.599359,0.6165915,2.14348,0.1726322,0.1424048,-3.417789,0.1153731,-0.4440014,-0.01348358,0.888465,11.13004,306.1715,352.5978,0.07892724,0.03951704,-0.9960966,-0.3902429,-0.01858904,0.2782647,-1.776761,0.03504454,-2.678512,-0.5855573,0.20896,1.9929,0.6053618,-0.126411,0.7858481,-0.07849228,0.9730145,0.2169833,-0.7920707,-0.1930365,0.5791036,moving,-72.59843,-10.8441,-16.37394,5.98572,2.999391347904953,-0.36198121022452223
05/04/2023 16:19:18.983122,3723,True,True,True,True,Eyes,0.1916121,0.136116,-3.472307,-0.9517553,-0.05705545,0.3015071,0.0,0.0,0.0,0.0,0.0,0.0,0.0,2.577269,0.6138093,2.157479,0.1639116,0.141509,-3.409824,0.1151567,-0.4396476,-0.01310226,0.8906612,11.16356,306.7423,352.7038,0.07660421,0.0394672,-0.9962799,-0.3668283,-0.0174737,0.2615688,-1.77549,0.031432,-2.648387,-0.5812624,0.2089601,1.9929,0.6130767,-0.1245961,0.7801363,-0.07791738,0.9731346,0.216652,-0.7861716,-0.1936105,0.5868979,moving,-72.42229,-10.71561,-16.2602,5.985722,3.004002546959063,-0.36364753097585234
05/04/2023 16:19:19.003100,3724,True,True,True,True,Eyes,0.1890949,0.1363618,-3.46956,-0.9507535,-0.05701504,0.3046588,0.0,0.0,0.0,0.0,0.0,0.0,0.0,2.55641,0.6071054,2.170169,0.155963,0.1414211,-3.40134,0.1147116,-0.4356121,-0.01212373,0.8927129,11.20072,307.2795,352.8801,0.07445094,0.0394324,-0.9964445,-0.3448186,-0.01642528,0.2458747,-1.773637,0.02783429,-2.619209,-0.5767789,0.2089601,1.9929,0.6201903,-0.1215856,0.7749715,-0.07829352,0.9733886,0.2153716,-0.7805344,-0.1942466,0.5941668,moving,-72.2325,-10.59994,-16.14134,5.985721,3.009261400460752,-0.36501483597662965
05/04/2023 16:19:19.013351,3725,True,True,True,True,Eyes,0.1863858,0.1365657,-3.466588,-0.9496933,-0.0569888,0.3079528,0.0,0.0,0.0,0.0,0.0,0.0,0.0,2.537282,0.5971115,2.181727,0.1486187,0.1415319,-3.392957,0.1137906,-0.4319395,-0.01107888,0.8946269,11.18803,307.7779,353.0841,0.07244507,0.03941127,-0.9965932,-0.3241295,-0.01543976,0.2311222,-1.771724,0.02596923,-2.59174,-0.5724577,0.20896,1.9929,0.6266111,-0.1181242,0.770328,-0.07847838,0.9738579,0.213171,-0.7753707,-0.1940294,0.60096,moving,-72.03391,-10.48437,-16.02664,5.98572,3.0148337235916784,-0.3663428452852244
05/04/2023 16:19:19.033368,3726,True,True,True,True,Eyes,0.1834673,0.1367492,-3.463411,-0.9485558,-0.05703676,0.3114304,0.0,0.0,0.0,0.0,0.0,0.0,0.0,2.519505,0.5868165,2.191512,0.1413867,0.1410557,-3.384538,0.1126864,-0.428571,-0.01014108,0.8963962,11.14724,308.2384,353.2824,0.0705664,0.03940153,-0.9967284,-0.3046817,-0.01451337,0.2172549,-1.770173,0.02459593,-2.565625,-0.5682658,0.2089599,1.9929,0.6324483,-0.1147691,0.7660531,-0.0784074,0.9743978,0.2107157,-0.7706242,-0.193331,0.6072575,moving,-71.82393,-10.37839,-15.91525,5.985718,3.0209323558331618,-0.36744216248919465
05/04/2023 16:19:19.053035,3727,True,True,True,True,Eyes,0.180378,0.1369606,-3.459995,-0.9473677,-0.05705385,0.3150228,0.0,0.0,0.0,0.0,0.0,0.0,0.0,2.505361,0.5790699,2.196754,0.1337733,0.1404897,-3.376425,0.1119959,-0.4258623,-0.009206776,0.8977827,11.14277,308.6058,353.4499,0.06879668,0.03940174,-0.9968521,-0.2864008,-0.01364257,0.2042196,-1.769895,0.02213281,-2.542647,-0.5637653,0.20896,1.9929,0.6371132,-0.111921,0.7626013,-0.07885831,0.9747443,0.2089376,-0.7667257,-0.1932544,0.6121965,moving,-71.60678,-10.26558,-15.79551,5.985718,3.0271983043470927,-0.36863937816677217
05/04/2023 16:19:19.063207,3728,True,True,True,True,Eyes,0.1770922,0.1372022,-3.456382,-0.9461262,-0.05693447,0.3187535,0.0,0.0,0.0,0.0,0.0,0.0,0.0,2.48864,0.5703075,2.203849,0.1266561,0.1413972,-3.367416,0.1110351,-0.4228628,-0.009078706,0.8993198,11.07151,309.0082,353.5506,0.06712041,0.03941202,-0.9969659,-0.2692168,-0.01282402,0.1919664,-1.768446,0.02410778,-2.517214,-0.5591924,0.2089599,1.9929,0.6422094,-0.1102346,0.7585615,-0.07757593,0.9751775,0.2073903,-0.7625937,-0.1920341,0.6177166,moving,-71.38113,-10.12715,-15.67371,5.985714,3.0334392652210176,-0.3702820343739739
05/04/2023 16:19:19.083027,3729,True,True,True,True,Eyes,0.173642,0.1374811,-3.45257,-0.9448333,-0.0566796,0.3226103,0.0,0.0,0.0,0.0,0.0,0.0,0.0,2.473514,0.5562152,2.211119,0.119017,0.1423203,-3.35891,0.1091048,-0.4199973,-0.009170148,0.9008964,10.88751,309.4069,353.6759,0.06552232,0.03943249,-0.9970714,-0.2530638,-0.01205458,0.1804484,-1.768063,0.02991058,-2.492932,-0.5552552,0.20896,1.9929,0.6470364,-0.1081702,0.7547472,-0.07512477,0.9760241,0.2042872,-0.7587492,-0.1888814,0.6233969,moving,-71.14769,-9.964633,-15.56872,5.985719,3.0396495888395276,-0.37234433399001876
05/04/2023 16:19:19.092978,3730,True,True,True,True,Eyes,0.1700116,0.137751,-3.44858,-0.9434603,-0.05631841,0.3266664,0.0,0.0,0.0,0.0,0.0,0.0,0.0,2.456898,0.5417027,2.220112,0.111695,0.1434913,-3.350466,0.1069166,-0.4168844,-0.00975043,0.902597,10.65388,309.8362,353.7644,0.06399021,0.03946348,-0.9971697,-0.2378799,-0.0113313,0.1696215,-1.766574,0.03801526,-2.467332,-0.5510272,0.2089601,1.9929,0.6522248,-0.1067451,0.7504722,-0.0715423,0.9769475,0.2011348,-0.7546421,-0.1848756,0.6295525,moving,-70.90195,-9.78183,-15.45586,5.985721,3.0460377208255283,-0.37473565365411476
05/04/2023 16:19:19.113181,3731,True,True,True,True,Eyes,0.1662371,0.1380126,-3.444418,-0.9420377,-0.05598618,0.330803,0.0,0.0,0.0,0.0,0.0,0.0,0.0,2.439871,0.5273147,2.229563,0.1039546,0.1435295,-3.342241,0.1047674,-0.4135703,-0.009824152,0.9043711,10.44964,310.2927,353.9044,0.06251219,0.03950392,-0.9972619,-0.2236072,-0.01065142,0.1594442,-1.764862,0.04349214,-2.44132,-0.5466507,0.20896,1.9929,0.6577262,-0.1044267,0.7459835,-0.06888802,0.9778545,0.1976232,-0.7501006,-0.1813713,0.6359668,moving,-70.65092,-9.605901,-15.33891,5.98572,3.0527011371919297,-0.37697527014009635
05/04/2023 16:19:19.133336,3732,True,True,True,True,Eyes,0.1623092,0.1382904,-3.440105,-0.9405398,-0.05581933,0.3350656,0.0,0.0,0.0,0.0,0.0,0.0,0.0,2.424273,0.5178113,2.236252,0.09679012,0.1436573,-3.334074,0.103865,-0.4105722,-0.008863487,0.9058498,10.42183,310.6957,354.0854,0.06107873,0.03955287,-0.9973488,-0.2101907,-0.01001234,0.1498776,-1.763103,0.04253069,-2.417584,-0.5422816,0.20896,1.9929,0.6627038,-0.1013461,0.7419923,-0.06923015,0.978267,0.1954503,-0.7456747,-0.1808939,0.641285,moving,-70.39165,-9.458175,-15.22202,5.985721,3.0600163430092104,-0.37864971785307444
05/04/2023 16:19:19.153304,3733,True,True,True,True,Eyes,0.1582742,0.1386293,-3.435617,-0.93898,-0.0557672,0.339421,0.0,0.0,0.0,0.0,0.0,0.0,0.0,2.408414,0.5163922,2.241448,0.08951876,0.1443935,-3.32601,0.104595,-0.4075066,-0.007379325,0.9071627,10.58856,311.0857,354.2411,0.05968069,0.03961017,-0.9974311,-0.1975793,-0.009411598,0.1408849,-1.761126,0.03559603,-2.394461,-0.537768,0.2089601,1.9929,0.6677679,-0.09863476,0.7378057,-0.07185777,0.9780108,0.1957835,-0.7408931,-0.183755,0.6459966,moving,-70.12617,-9.330392,-15.10114,5.985722,3.0678060427204077,-0.37992289179041744
05/04/2023 16:19:19.163074,3734,True,True,True,True,Eyes,0.1540993,0.1389943,-3.431001,-0.9372934,-0.05587747,0.3440333,0.0,0.0,0.0,0.0,0.0,0.0,0.0,2.389913,0.5141904,2.248986,0.08299049,0.1462647,-3.317489,0.1051637,-0.4040824,-0.006381509,0.908635,10.71672,311.5197,354.3587,0.05831169,0.03967699,-0.9975094,-0.1857245,-0.008846901,0.1324318,-1.757588,0.03151267,-2.369399,-0.533341,0.2089601,1.992901,0.6733534,-0.0965865,0.7329845,-0.07339264,0.9777998,0.1962681,-0.735669,-0.1859534,0.651316,moving,-69.84435,-9.225353,-14.98242,5.985718,3.076465315578778,-0.38069907045412243
05/04/2023 16:19:19.183284,3735,True,True,True,True,Eyes,0.1498094,0.1393745,-3.426242,-0.9355203,-0.05617039,0.3487791,0.0,0.0,0.0,0.0,0.0,0.0,0.0,2.369762,0.5167845,2.257828,0.07593396,0.1472868,-3.309557,0.1063028,-0.400215,-0.005502289,0.9102183,10.90104,311.9999,354.4421,0.05696451,0.03975334,-0.9975842,-0.1745811,-0.008316088,0.1244859,-1.753705,0.02495954,-2.343712,-0.5292286,0.20896,1.9929,0.6795954,-0.09510452,0.7273962,-0.07507138,0.9773389,0.1979217,-0.7297358,-0.1891133,0.6570554,moving,-69.55363,-9.148849,-14.87204,5.985718,3.0858040240249096,-0.38090103351823523
05/04/2023 16:19:19.203008,3736,True,True,True,True,Eyes,0.1453872,0.1397509,-3.421385,-0.9336292,-0.0565575,0.3537482,0.0,0.0,0.0,0.0,0.0,0.0,0.0,2.347489,0.5226978,2.267859,0.06898341,0.1481043,-3.301576,0.1080142,-0.3959491,-0.004440433,0.9118869,11.15577,312.5229,354.5235,0.05563331,0.03983894,-0.9976559,-0.1641062,-0.007817122,0.1170168,-1.748531,0.01574987,-2.316705,-0.524914,0.2089601,1.9929,0.6864092,-0.09363457,0.7211623,-0.07743788,0.9766265,0.2005098,-0.7230808,-0.193477,0.6631145,moving,-69.24851,-9.083609,-14.75611,5.985719,3.095797162456075,-0.38083004021255973
05/04/2023 16:19:19.213228,3737,True,True,True,True,Eyes,0.1408651,0.1401225,-3.416404,-0.9316815,-0.05704203,0.35877,0.0,0.0,0.0,0.0,0.0,0.0,0.0,2.327997,0.5206553,2.277294,0.06195907,0.1484458,-3.294062,0.1085508,-0.3920599,-0.00284833,0.9135084,11.30844,313.0203,354.7151,0.05431286,0.03993288,-0.9977248,-0.1542598,-0.007348095,0.1099958,-1.744005,0.008706054,-2.291434,-0.5205582,0.2089601,1.992901,0.6925619,-0.09032075,0.7156817,-0.07991286,0.9764172,0.2005575,-0.7169185,-0.1960907,0.6690115,moving,-68.9394,-9.034028,-14.63894,5.985719,3.106131434755876,-0.3804477388177922
05/04/2023 16:19:19.233351,3738,True,True,True,True,Eyes,0.1362216,0.1404869,-3.411317,-0.9296373,-0.05749171,0.3639631,0.0,0.0,0.0,0.0,0.0,0.0,0.0,2.310825,0.517508,2.284077,0.05511812,0.1487927,-3.286268,0.1088721,-0.3886914,-0.001397026,0.914912,11.42767,313.4536,354.8965,0.05299828,0.04003444,-0.9977914,-0.1450042,-0.006907209,0.103396,-1.740281,0.002951248,-2.267914,-0.5161939,0.2089601,1.9929,0.6978342,-0.0871916,0.7109326,-0.08207898,0.9762899,0.2003028,-0.711541,-0.1981307,0.6741318,moving,-68.61911,-8.97629,-14.52142,5.98572,3.1167583716712164,-0.38017122982631063
05/04/2023 16:19:19.253233,3739,True,True,True,True,Eyes,0.1314819,0.1408515,-3.406111,-0.9275401,-0.05793741,0.3692054,0.0,0.0,0.0,0.0,0.0,0.0,0.0,2.295184,0.5128603,2.289551,0.04794208,0.1490225,-3.27848,0.1086793,-0.385608,-0.0005844822,0.9162396,11.46105,313.8526,355.0312,0.0516855,0.04014281,-0.9978559,-0.136304,-0.006492776,0.09719224,-1.7375,0.0005081873,-2.245276,-0.5119165,0.20896,1.9929,0.7026122,-0.08488627,0.7064915,-0.08274417,0.9763769,0.1996033,-0.7067457,-0.1987018,0.6789905,moving,-68.29507,-8.918386,-14.40612,5.98572,3.1275162305094075,-0.37988189683687723
05/04/2023 16:19:19.263211,3740,True,True,True,True,Eyes,0.1266551,0.1412203,-3.400766,-0.9253446,-0.05816142,0.3746391,0.0,0.0,0.0,0.0,0.0,0.0,0.0,2.278034,0.5076833,2.296434,0.04094377,0.1495017,-3.270591,0.1082777,-0.382275,-0.0001353541,0.9176829,11.4566,314.2823,355.1401,0.0503718,0.04025746,-0.9979184,-0.1281257,-0.00610321,0.09136071,-1.733677,-0.0001525255,-2.221285,-0.5073512,0.20896,1.9929,0.7077316,-0.08303212,0.7015852,-0.08253528,0.9765518,0.1988326,-0.7016437,-0.1986257,0.6842835,moving,-67.95873,-8.824526,-14.28292,5.985721,3.138252175733027,-0.3802161340046097
05/04/2023 16:19:19.283092,3741,True,True,True,True,Eyes,0.1217232,0.1415623,-3.395306,-0.9230829,-0.05830042,0.3801566,0.0,0.0,0.0,0.0,0.0,0.0,0.0,2.259048,0.5014004,2.304757,0.03386738,0.149988,-3.262355,0.1072743,-0.3786727,-0.0007226608,0.9192926,11.34321,314.7447,355.169,0.04905359,0.04037819,-0.9979793,-0.1204382,-0.005737017,0.08587907,-1.729541,0.003715283,-2.195802,-0.5032156,0.20896,1.9929,0.7132128,-0.08257241,0.6960669,-0.07991505,0.9769834,0.1977803,-0.6963771,-0.1966857,0.6901984,moving,-67.61649,-8.71889,-14.1712,5.985718,3.1490473425608103,-0.3807466397681133
05/04/2023 16:19:19.303205,3742,True,True,True,True,Eyes,0.1167145,0.1418673,-3.389706,-0.9207123,-0.05826171,0.3858686,0.0,0.0,0.0,0.0,0.0,0.0,0.0,2.23959,0.493358,2.313979,0.0265264,0.1496266,-3.254316,0.105934,-0.3748818,-0.00104681,0.9209998,11.2065,315.2366,355.2427,0.04772852,0.04050373,-0.9980384,-0.1132119,-0.005392796,0.08072632,-1.724931,0.007171038,-2.16974,-0.4988832,0.2089601,1.9929,0.7189251,-0.08135369,0.6903103,-0.07749724,0.9775538,0.1959153,-0.6907539,-0.1943456,0.6964833,moving,-67.26154,-8.586147,-14.05405,5.985721,3.1599479261544205,-0.38173263715905026
05/04/2023 16:19:19.313204,3743,True,True,True,True,Eyes,0.1116149,0.1421264,-3.383984,-0.918264,-0.0581564,0.3916747,0.0,0.0,0.0,0.0,0.0,0.0,0.0,2.219779,0.4816535,2.323606,0.01940915,0.1491123,-3.245911,0.1041932,-0.3710347,-0.0007890438,0.9227549,11.05225,315.7448,355.3963,0.04639477,0.04063274,-0.9980961,-0.1064192,-0.005069228,0.07588274,-1.719783,0.01044534,-2.143246,-0.4945425,0.2089601,1.9929,0.7246653,-0.07877479,0.6845836,-0.07586242,0.9782863,0.1928751,-0.6849125,-0.1917041,0.7029542,moving,-66.8999,-8.44565,-13.93655,5.985719,3.170987020356146,-0.3828359423894959
05/04/2023 16:19:19.333247,3744,True,True,True,True,Eyes,0.1064138,0.1423258,-3.378157,-0.9156715,-0.057988,0.3977226,0.0,0.0,0.0,0.0,0.0,0.0,0.0,2.198375,0.4723418,2.333953,0.01221057,0.1482981,-3.237461,0.1027147,-0.3668886,-0.0007149263,0.9245767,10.9184,316.2835,355.5203,0.04504957,0.04076377,-0.9981524,-0.100034,-0.004765075,0.07132977,-1.713824,0.01296521,-2.115817,-0.4901842,0.20896,1.9929,0.7307847,-0.07669171,0.6782863,-0.0740477,0.9788984,0.1904599,-0.67858,-0.1894107,0.709685,moving,-66.52225,-8.29528,-13.81846,5.985719,3.182468260422187,-0.38405675952417245
05/04/2023 16:19:19.353238,3745,True,True,True,True,Eyes,0.1011287,0.1424645,-3.372224,-0.9129866,-0.05782963,0.40387,0.0,0.0,0.0,0.0,0.0,0.0,0.0,2.176024,0.4676403,2.344296,0.004915887,0.1471884,-3.229211,0.1019267,-0.3625356,-0.0006794645,0.9263793,10.85668,316.8372,355.6107,0.04369067,0.04089504,-0.9982075,-0.094032,-0.00447917,0.06704999,-1.707319,0.01295889,-2.088318,-0.4858897,0.20896,1.9929,0.7371351,-0.075163,0.6715523,-0.07264524,0.9792209,0.1893382,-0.6718293,-0.1883529,0.7163578,moving,-66.13725,-8.148719,-13.70198,5.985719,3.1942588019416203,-0.385174727762677
05/04/2023 16:19:19.363176,3746,True,True,True,True,Eyes,0.0957631,0.1425348,-3.366183,-0.9101452,-0.05767859,0.4102548,0.0,0.0,0.0,0.0,0.0,0.0,0.0,2.151821,0.4651063,2.355643,-0.00238049,0.1457859,-3.220939,0.1015003,-0.3578163,-0.0004835402,0.9282592,10.8414,317.432,355.7062,0.04231677,0.04102489,-0.9982614,-0.08839007,-0.00421042,0.06302699,-1.699528,0.01098947,-2.059676,-0.4813498,0.20896,1.9929,0.7439345,-0.07353461,0.6641945,-0.0717392,0.9793949,0.1887831,-0.6643907,-0.1880911,0.7233303,moving,-65.73618,-8.002881,-13.57872,5.985718,3.206628669244195,-0.3862107790276822
05/04/2023 16:19:19.383132,3747,True,True,True,True,Eyes,0.09032067,0.1425212,-3.360036,-0.9072094,-0.05757304,0.4167212,0.0,0.0,0.0,0.0,0.0,0.0,0.0,2.127742,0.4676965,2.365748,-0.009770631,0.1442576,-3.212769,0.1018745,-0.3531174,-0.0003829213,0.930016,10.90723,318.0122,355.7564,0.04092657,0.04115158,-0.9983141,-0.08308667,-0.003957795,0.05924537,-1.691952,0.006457214,-2.031965,-0.4771883,0.20896,1.9929,0.750616,-0.07265955,0.6567315,-0.07123506,0.9792429,0.1897602,-0.6568876,-0.1892194,0.7298594,moving,-65.3286,-7.866031,-13.46562,5.985719,3.219344046504308,-0.3870502028894879
05/04/2023 16:19:19.402998,3748,True,True,True,True,Eyes,-0.04774318,0.1399004,-3.203853,-0.8159609,-0.05436662,0.575545,0.0,0.0,0.0,0.0,0.0,0.0,0.0,2.103621,0.4700265,2.375249,-0.01697553,0.1422559,-3.204283,0.1021021,-0.3484764,-0.0003800995,0.93174,10.9528,318.5851,355.8021,0.03951925,0.04127309,-0.9983658,0.0,0.0,0.0,-1.683987,0.002188843,-2.004146,-0.4728249,0.20896,1.9929,0.7571282,-0.07186865,0.6493012,-0.07045203,0.9791501,0.1905301,-0.6494563,-0.1900003,0.7362788,moving,-54.80244,-5.396211,-13.34691,5.985718,3.5612985192780853,-0.388720285238921
05/04/2023 16:19:19.413281,3749,True,True,True,True,Eyes,-0.04803978,0.1398058,-3.203506,-0.8157161,-0.05439867,0.575889,0.0,0.0,0.0,0.0,0.0,0.0,0.0,2.079099,0.4744651,2.38467,-0.02442664,0.1399876,-3.195971,0.1025825,-0.3437095,-0.0005175215,0.9334562,11.0203,319.1683,355.8237,0.03286818,0.04155134,-0.9985954,-0.4141915,-0.007862538,0.4685483,-1.67578,-0.002915942,-1.97637,-0.4685096,0.20896,1.9929,0.7637269,-0.07148331,0.6415693,-0.06955098,0.9789532,0.1918682,-0.6417817,-0.1911567,0.7426812,moving,-54.77822,-5.396167,-13.2294,5.985719,3.5621572044783187,-0.3886181333148712
05/04/2023 16:19:19.432976,3750,True,True,True,True,Eyes,-0.04862643,0.139617,-3.20283,-0.8151782,-0.05439236,0.5766506,0.0,0.0,0.0,0.0,0.0,0.0,0.0,2.053267,0.4795783,2.394661,-0.03175967,0.1376269,-3.187531,0.1030264,-0.3387388,-0.00101242,0.9352223,11.07065,319.7729,355.8108,0.02731031,0.0417841,-0.9987531,-0.38934,-0.007390786,0.4404354,-1.666715,-0.007245857,-1.947885,-0.4641922,0.2089601,1.9929,0.77051,-0.07169175,0.6333835,-0.06790441,0.9787691,0.1933911,-0.6338007,-0.1920193,0.7492832,moving,-54.72471,-5.388461,-13.11172,5.985721,3.5639573465989223,-0.3885354688472681
05/04/2023 16:19:19.453424,3751,True,True,True,True,Eyes,-0.04950176,0.1393438,-3.201847,-0.8144082,-0.05433447,0.577743,0.0,0.0,0.0,0.0,0.0,0.0,0.0,2.026604,0.4818004,2.406071,-0.03938845,0.1352077,-3.179403,0.1030385,-0.3334869,-0.001298845,0.9371061,11.0841,320.4182,355.8418,0.02263985,0.0419767,-0.9988618,-0.3659796,-0.006947339,0.4140093,-1.656944,-0.01068295,-1.918848,-0.4598396,0.20896,1.9929,0.7775697,-0.07115827,0.6247576,-0.06628965,0.9787627,0.1939823,-0.6252928,-0.1922497,0.7563391,moving,-54.64802,-5.372642,-12.99297,5.985719,3.566476434699678,-0.3885067479140256
05/04/2023 16:19:19.463095,3752,True,True,True,True,Eyes,-0.05065827,0.1389679,-3.200565,-0.8132831,-0.05432664,0.5793266,0.0,0.0,0.0,0.0,0.0,0.0,0.0,2.000746,0.4791719,2.417504,-0.04711475,0.1329104,-3.171283,0.1021885,-0.3283529,-0.001777948,0.9390095,10.99623,321.0563,355.8847,0.01868834,0.04213354,-0.998937,-0.3440208,-0.006530498,0.3891687,-1.647283,-0.01054869,-1.890043,-0.455391,0.2089601,1.9929,0.7843625,-0.07044681,0.6162895,-0.06376877,0.9791086,0.1930796,-0.6170163,-0.1907444,0.7634838,moving,-54.53656,-5.357273,-12.87148,5.985721,3.570234783605546,-0.3883217326395687
05/04/2023 16:19:19.483216,3753,True,True,True,True,Eyes,-0.0520836,0.1385562,-3.198979,-0.8119508,-0.05428205,0.5811966,0.0,0.0,0.0,0.0,0.0,0.0,0.0,1.975706,0.4782345,2.427658,-0.05502761,0.13008,-3.163178,0.1015663,-0.3233441,-0.002200798,0.9408125,10.93449,321.6753,355.922,0.01523874,0.04225981,-0.9989902,-0.3233796,-0.006138668,0.3658186,-1.638062,-0.01180135,-1.862144,-0.4511119,0.20896,1.9929,0.7908874,-0.06982282,0.6079653,-0.06154067,0.9793589,0.1925329,-0.6088595,-0.1896865,0.7702657,moving,-54.40481,-5.335778,-12.75451,5.98572,3.5746348760975293,-0.38816559886819824
05/04/2023 16:19:19.503001,3754,True,True,True,True,Eyes,-0.05376038,0.1381445,-3.197096,-0.8102628,-0.05428404,0.5835474,0.0,0.0,0.0,0.0,0.0,0.0,0.0,1.95012,0.4768959,2.437482,-0.06283568,0.1288029,-3.154549,0.1010646,-0.3182961,-0.002864277,0.9425843,10.87696,322.2941,355.9279,0.01208874,0.04236237,-0.999029,-0.3039768,-0.005770348,0.3438695,-1.628309,-0.01141904,-1.833758,-0.4467005,0.2089601,1.9929,0.7973588,-0.0697366,0.5994629,-0.05893731,0.9795555,0.1923473,-0.6006208,-0.1887005,0.776947,moving,-54.23875,-5.3146,-12.6338,5.98572,3.5802562149549164,-0.38785762660169365
05/04/2023 16:19:19.513162,3755,True,True,True,True,Eyes,-0.05569703,0.1377518,-3.194924,-0.8083615,-0.05413692,0.5861918,0.0,0.0,0.0,0.0,0.0,0.0,0.0,1.923103,0.4724979,2.449069,-0.07084934,0.1283924,-3.146111,0.1000218,-0.3129125,-0.003960066,0.9444924,10.74635,322.9548,355.9098,0.009200394,0.04244403,-0.9990563,-0.2857382,-0.005424127,0.3232373,-1.617736,-0.007426517,-1.804547,-0.4424785,0.20896,1.9929,0.8041402,-0.07007664,0.5902947,-0.05511563,0.9799599,0.191418,-0.5918791,-0.1864614,0.7841629,moving,-54.05186,-5.276504,-12.51817,5.985719,3.5864009053897603,-0.3877790978521147
05/04/2023 16:19:19.533115,3756,True,True,True,True,Eyes,-0.05787862,0.1373537,-3.192477,-0.8061477,-0.05387108,0.5892571,0.0,0.0,0.0,0.0,0.0,0.0,0.0,1.895259,0.4647364,2.461161,-0.07895302,0.1284084,-3.137289,0.0983509,-0.3073919,-0.005461322,0.9464712,10.53377,323.6339,355.8702,0.006539006,0.04250792,-0.9990745,-0.2685939,-0.00509868,0.3038431,-1.606506,3.145076e-06,-1.774431,-0.4381447,0.2089601,1.9929,0.8109608,-0.07080249,0.5808008,-0.05012656,0.9805945,0.1895301,-0.5829494,-0.182815,0.7916747,moving,-53.83491,-5.223576,-12.39937,5.985719,3.5934229845807524,-0.3878515576623559
05/04/2023 16:19:19.552982,3757,True,True,True,True,Eyes,-0.0603031,0.1369518,-3.189769,-0.8037322,-0.05351428,0.5925798,0.0,0.0,0.0,0.0,0.0,0.0,0.0,1.866771,0.4566579,2.473759,-0.08714939,0.1279286,-3.128721,0.09637926,-0.3017205,-0.007424882,0.9484833,10.27354,324.3287,355.7895,0.004074222,0.04255603,-0.9990855,-0.2524783,-0.004792759,0.2856125,-1.594677,0.008898343,-1.744256,-0.4338636,0.20896,1.9929,0.8178193,-0.07224394,0.5709224,-0.04407443,0.9813118,0.1873087,-0.5737848,-0.1783478,0.7993516,moving,-53.59921,-5.16023,-12.28192,5.985719,3.6009774695337953,-0.38804012380359043
05/04/2023 16:19:19.563147,3758,True,True,True,True,Eyes,-0.0629376,0.1365558,-3.186825,-0.8011084,-0.05325479,0.5961453,0.0,0.0,0.0,0.0,0.0,0.0,0.0,1.838063,0.4541476,2.485085,-0.09549834,0.1272644,-3.120106,0.09531678,-0.2960069,-0.009458435,0.9503711,10.11201,325.0164,355.6654,0.001778473,0.04259018,-0.9990909,-0.2373296,-0.004505193,0.2684757,-1.582453,0.01443906,-1.714433,-0.4293762,0.20896,1.9929,0.8245809,-0.07440689,0.5608297,-0.0384508,0.9816505,0.1867721,-0.5644359,-0.1755731,0.8065892,moving,-53.3452,-5.10479,-12.15869,5.985719,3.60928229903349,-0.3880022295384128
05/04/2023 16:19:19.583261,3759,True,True,True,True,Eyes,-0.06578486,0.1361606,-3.183646,-0.7983161,-0.05315642,0.599888,0.0,0.0,0.0,0.0,0.0,0.0,0.0,1.811688,0.4571616,2.49392,-0.1033917,0.1270038,-3.111917,0.09553964,-0.2907281,-0.01071735,0.9519635,10.11758,325.6429,355.5748,-0.0003721093,0.0426123,-0.9990913,-0.2230898,-0.004234882,0.2523672,-1.571101,0.0143023,-1.687426,-0.4251274,0.20896,1.992899,0.8307246,-0.07595716,0.5514771,-0.03514705,0.9815146,0.1881322,-0.5555729,-0.1756688,0.8126988,moving,-53.07727,-5.063786,-12.0419,5.985721,3.618264958421119,-0.3876337954648215
05/04/2023 16:19:19.603078,3760,True,True,True,True,Eyes,-0.06882038,0.1358207,-3.18026,-0.7953277,-0.05337785,0.603825,0.0,0.0,0.0,0.0,0.0,0.0,0.0,1.78592,0.4675409,2.500247,-0.1113013,0.1266552,-3.10337,0.09741508,-0.2855605,-0.01085331,0.9533351,10.34296,326.2471,355.5499,-0.002398916,0.04262391,-0.9990881,-0.2097044,-0.003980789,0.2372251,-1.559993,0.005917253,-1.661451,-0.4208351,0.20896,1.9929,0.8366747,-0.07632948,0.5423552,-0.03494213,0.980785,0.191937,-0.5465842,-0.1795398,0.8179309,moving,-52.79367,-5.051788,-11.92382,5.98572,3.628173233877666,-0.38665350757341765
05/04/2023 16:19:19.613116,3761,True,True,True,True,Eyes,-0.07203932,0.1355571,-3.176647,-0.7921802,-0.05379279,0.6079119,0.0,0.0,0.0,0.0,0.0,0.0,0.0,1.760284,0.4790769,2.506442,-0.1187113,0.1276793,-3.095153,0.09979562,-0.2804281,-0.01075171,0.9546127,10.63211,326.8429,355.5359,-0.004320364,0.04262809,-0.9990815,-0.1971222,-0.003741941,0.2229916,-1.548272,-0.003405455,-1.636407,-0.4164789,0.20896,1.9929,0.8424889,-0.07649843,0.5332544,-0.03544354,0.9798504,0.1965625,-0.5375463,-0.1845021,0.8228019,moving,-52.49769,-5.056807,-11.80387,5.985721,3.6387376012182946,-0.38530071242965325
05/04/2023 16:19:19.633359,3762,True,True,True,True,Eyes,-0.07542334,0.1354466,-3.172829,-0.7888511,-0.05426808,0.6121836,0.0,0.0,0.0,0.0,0.0,0.0,0.0,1.733937,0.4948225,2.511348,-0.1262927,0.1292546,-3.086357,0.1027342,-0.275254,-0.01151228,0.9557973,10.95562,327.4285,355.4102,-0.006153533,0.04262825,-0.9990718,-0.1852948,-0.003517425,0.2096121,-1.536383,-0.01262356,-1.611008,-0.4120988,0.2089601,1.9929,0.8482053,-0.07856281,0.5238087,-0.03454918,0.9786263,0.2027237,-0.5285395,-0.1900485,0.8273618,moving,-52.18695,-5.065842,-11.68316,5.985721,3.649876790778195,-0.38380967143580236
05/04/2023 16:19:19.653371,3763,True,True,True,True,Eyes,-0.07896948,0.1354644,-3.168785,-0.7853223,-0.05470576,0.6166653,0.0,0.0,0.0,0.0,0.0,0.0,0.0,1.706425,0.5046153,2.518182,-0.1333306,0.1323365,-3.077739,0.1044641,-0.2699581,-0.01361522,0.9570917,11.10528,328.0277,355.1793,-0.007912679,0.04262988,-0.9990594,-0.1741771,-0.003306379,0.1970354,-1.523361,-0.0135716,-1.585048,-0.4077789,0.20896,1.9929,0.8538745,-0.08246387,0.5139048,-0.03033983,0.9778037,0.2073145,-0.519594,-0.1926123,0.8324198,moving,-51.85963,-5.069566,-11.564,5.98572,3.6615364928992804,-0.38234796657098036
05/04/2023 16:19:19.663183,3764,True,True,True,True,Eyes,-0.08266463,0.1356445,-3.164545,-0.7815641,-0.0549683,0.6213984,0.0,0.0,0.0,0.0,0.0,0.0,0.0,1.674002,0.5089958,2.528391,-0.1407274,0.1357272,-3.068533,0.1050468,-0.2637469,-0.0166217,0.958711,11.10754,328.7397,354.8969,-0.009610401,0.04263718,-0.9990441,-0.1637265,-0.003107997,0.1852133,-1.507384,-0.008776203,-1.555487,-0.4032687,0.20896,1.9929,0.8603226,-0.08728234,0.5022219,-0.02354073,0.9773778,0.2101869,-0.5092061,-0.1926512,0.8388054,moving,-51.51283,-5.055171,-11.43949,5.985721,3.673656345689253,-0.38114402045810725
05/04/2023 16:19:19.683287,3765,True,True,True,True,Eyes,-0.08649613,0.1358915,-3.160094,-0.7775906,-0.05501,0.6263599,0.0,0.0,0.0,0.0,0.0,0.0,0.0,1.642014,0.5043967,2.540283,-0.1477415,0.1396235,-3.059794,0.1039422,-0.2575986,-0.02036673,0.9604291,10.90408,329.4547,354.5846,-0.01125813,0.04265497,-0.9990262,-0.1539029,-0.002921517,0.1741005,-1.491111,0.003893589,-1.526322,-0.3991074,0.20896,1.9929,0.8664563,-0.09267233,0.4905765,-0.01442914,0.9775624,0.2101511,-0.4990443,-0.1891654,0.8456779,moving,-51.14808,-5.019119,-11.32451,5.98572,3.6861369761980414,-0.3802708424150759
05/04/2023 16:19:19.703375,3766,True,True,True,True,Eyes,-0.09046643,0.1361883,-3.155448,-0.7733223,-0.05490367,0.6316313,0.0,0.0,0.0,0.0,0.0,0.0,0.0,1.608593,0.4974096,2.552482,-0.1548081,0.1413371,-3.050608,0.1022073,-0.2511747,-0.02378841,0.9622365,10.64628,330.2119,354.3285,-0.0128661,0.04268463,-0.9990054,-0.1446687,-0.002746226,0.1636545,-1.473511,0.0158593,-1.496116,-0.3947831,0.2089601,1.9929,0.8726907,-0.09712395,0.4785163,-0.005563655,0.9779756,0.2086454,-0.4882417,-0.1847452,0.8529298,moving,-50.75887,-4.967869,-11.20494,5.985722,3.699291661014157,-0.37957934283230255
05/04/2023 16:19:19.713624,3767,True,True,True,True,Eyes,-0.09455922,0.1364803,-3.150604,-0.7687896,-0.05461589,0.6371653,0.0,0.0,0.0,0.0,0.0,0.0,0.0,1.572348,0.4887802,2.566292,-0.1617975,0.1426597,-3.041465,0.1002363,-0.2441826,-0.02693394,0.9641588,10.37756,331.0411,354.113,-0.01444307,0.04272684,-0.9989821,-0.1359886,-0.002581452,0.1538352,-1.453658,0.02752337,-1.464878,-0.3904739,0.20896,1.9929,0.8792989,-0.1008891,0.4654621,0.002985247,0.9784545,0.2064411,-0.4762612,-0.1801338,0.8606551,moving,-50.3484,-4.899246,-11.08567,5.98572,3.712979153192142,-0.3791240111528626
05/04/2023 16:19:19.733233,3768,True,True,True,True,Eyes,-0.09874784,0.1367499,-3.145564,-0.7637218,-0.05440422,0.6432489,0.0,0.0,0.0,0.0,0.0,0.0,0.0,1.534194,0.481818,2.58009,-0.1687162,0.1431105,-3.032131,0.09856477,-0.2368431,-0.02969203,0.9660791,10.15886,331.9103,353.9316,-0.01599564,0.04278049,-0.9989562,-0.1278293,-0.002426565,0.1446051,-1.432228,0.03631384,-1.433222,-0.3860874,0.20896,1.9929,0.8860475,-0.1040585,0.4517651,0.01068093,0.9788068,0.2045074,-0.4634715,-0.176378,0.8683807,moving,-49.89405,-4.834414,-10.96417,5.98572,3.72827168175057,-0.37841085006845154
05/04/2023 16:19:19.753325,3769,True,True,True,True,Eyes,-0.1030231,0.1369547,-3.140337,-0.7583864,-0.0541356,0.6495533,0.0,0.0,0.0,0.0,0.0,0.0,0.0,1.494098,0.4751158,2.594425,-0.1753435,0.1424089,-3.022926,0.09701222,-0.2291338,-0.03164629,0.9680315,9.980866,332.8276,353.8373,-0.01753081,0.04284403,-0.9989277,-0.1201595,-0.002280971,0.1359288,-1.408944,0.04195751,-1.401477,-0.3816289,0.2089601,1.9929,0.8929924,-0.1057268,0.4374773,0.01681165,0.9791743,0.2023242,-0.4497576,-0.1733193,0.8761727,moving,-49.42015,-4.764181,-10.84058,5.985719,3.744188941614449,-0.3777160889545457
05/04/2023 16:19:19.763048,3770,True,True,True,True,Eyes,-0.1073758,0.1371088,-3.134927,-0.752603,-0.05408347,0.6562497,0.0,0.0,0.0,0.0,0.0,0.0,0.0,1.452639,0.4711087,2.608269,-0.1818052,0.1405299,-3.013697,0.09597825,-0.2211841,-0.03283536,0.9699422,9.884429,333.7726,353.8141,-0.01905353,0.04291473,-0.9988968,-0.11295,-0.002144113,0.127773,-1.384613,0.04313996,-1.370087,-0.3773213,0.20896,1.9929,0.8999989,-0.1061545,0.4227685,0.02123908,0.97942,0.200712,-0.4353744,-0.1716614,0.8837316,moving,-48.91245,-4.711267,-10.72107,5.985719,3.7615260537076325,-0.3765520699636684
05/04/2023 16:19:19.783275,3771,True,True,True,True,Eyes,-0.1118213,0.1372348,-3.12933,-0.7465499,-0.05404202,0.6631309,0.0,0.0,0.0,0.0,0.0,0.0,0.0,1.408767,0.468439,2.622202,-0.1878137,0.1394816,-3.004209,0.09554636,-0.2128402,-0.03333004,0.9718328,9.876338,334.7621,353.8552,-0.02056771,0.04299053,-0.9988636,-0.106173,-0.002015466,0.1201067,-1.358365,0.04167898,-1.338452,-0.3730846,0.20896,1.9929,0.9071763,-0.1054547,0.4073211,0.02411024,0.97952,0.1998981,-0.4200593,-0.1715222,0.8911399,moving,-48.38657,-4.659038,-10.60343,5.985719,3.7795168631205596,-0.3752978769552287
05/04/2023 16:19:19.803045,3772,True,True,True,True,Eyes,-0.1163098,0.1373608,-3.123554,-0.740214,-0.0541401,0.6701882,0.0,0.0,0.0,0.0,0.0,0.0,0.0,1.366167,0.4609176,2.63536,-0.1943392,0.1394971,-2.994454,0.09474912,-0.2045477,-0.03281512,0.9737074,9.851276,335.7567,354.0188,-0.02207886,0.04307036,-0.9988278,-0.09980259,-0.001894538,0.1129003,-1.332433,0.04114624,-1.307337,-0.3687571,0.2089601,1.9929,0.9141669,-0.1026661,0.3921207,0.02514324,0.9798916,0.1979404,-0.4045576,-0.1710913,0.8983657,moving,-47.84237,-4.61852,-10.48318,5.985721,3.7983068684740604,-0.3737456581654679
05/04/2023 16:19:19.813154,3773,True,True,True,True,Eyes,-0.1208538,0.1375296,-3.117589,-0.7336289,-0.05413014,0.677391,0.0,0.0,0.0,0.0,0.0,0.0,0.0,1.324999,0.4509951,2.647509,-0.1998545,0.1396771,-2.984773,0.09343445,-0.196674,-0.03274182,0.9754575,9.753154,336.701,354.1396,-0.02358857,0.04315405,-0.9987897,-0.09381443,-0.001780866,0.1061262,-1.306489,0.04360682,-1.277657,-0.3644173,0.20896,1.9929,0.9204946,-0.1006288,0.3775759,0.02712425,0.980396,0.1951616,-0.3898127,-0.1694037,0.9051787,moving,-47.28239,-4.568783,-10.36249,5.98572,3.8175391956046374,-0.37229963591302184
05/04/2023 16:19:19.833781,3774,True,True,True,True,Eyes,-0.1254081,0.1377293,-3.111443,-0.7268097,-0.05417185,0.6846992,0.0,0.0,0.0,0.0,0.0,0.0,0.0,1.283128,0.4423359,2.65844,-0.2057316,0.1406176,-2.974438,0.09213505,-0.1887123,-0.03400178,0.9771094,9.626163,337.6411,354.1073,-0.02509988,0.04324292,-0.998749,-0.08818556,-0.001674014,0.09975867,-1.280131,0.04874159,-1.24754,-0.3600574,0.20896,1.9929,0.9264631,-0.1012209,0.3625196,0.03167287,0.98071,0.1928851,-0.3750507,-0.1672189,0.9117975,moving,-46.70884,-4.523689,-10.24116,5.98572,3.8373121190937427,-0.37070864170832385
05/04/2023 16:19:19.852998,3775,True,True,True,True,Eyes,-0.1299779,0.1379644,-3.105115,-0.7197549,-0.05410556,0.6921167,0.0,0.0,0.0,0.0,0.0,0.0,0.0,1.240486,0.4294388,2.67009,-0.2106412,0.1415016,-2.964492,0.09005442,-0.1807012,-0.03541933,0.978766,9.409164,338.5913,354.0725,-0.02661353,0.04333771,-0.9987057,-0.08289443,-0.001573573,0.09377315,-1.25215,0.05697573,-1.21809,-0.3556569,0.20896,1.9929,0.9321851,-0.1018803,0.3473489,0.03678859,0.9812714,0.189085,-0.3601076,-0.1634838,0.9184746,moving,-46.12145,-4.469952,-10.1186,5.98572,3.8574658809435256,-0.36922126545177897
05/04/2023 16:19:19.863245,3776,True,True,True,True,Eyes,-0.1345154,0.1382119,-3.098628,-0.7125818,-0.0541109,0.6994992,0.0,0.0,0.0,0.0,0.0,0.0,0.0,1.19905,0.4173816,2.680074,-0.2156089,0.1428133,-2.954293,0.08828095,-0.1728866,-0.03658061,0.9802952,9.232097,339.5157,354.0543,-0.02813019,0.04343924,-0.9986597,-0.07792076,-0.001479159,0.08814676,-1.22488,0.06416114,-1.189636,-0.3514443,0.20896,1.9929,0.9375442,-0.1022448,0.3325011,0.04119442,0.9817367,0.1857314,-0.3454185,-0.1604342,0.9246334,moving,-45.53082,-4.423398,-10.00118,5.98572,3.8778261382703696,-0.36758509394583955
05/04/2023 16:19:19.883088,3777,True,True,True,True,Eyes,-0.1390361,0.1384625,-3.09198,-0.7051933,-0.05419992,0.7069404,0.0,0.0,0.0,0.0,0.0,0.0,0.0,1.158748,0.4092865,2.688553,-0.2197001,0.143418,-2.944435,0.08725422,-0.1653965,-0.03704633,0.9816611,9.151959,340.3994,354.0934,-0.02965023,0.04354757,-0.998611,-0.07324552,-0.001390409,0.08285795,-1.197725,0.06690986,-1.163029,-0.347105,0.20896,1.9929,0.9425431,-0.1015969,0.3182616,0.0438708,0.9820285,0.1835628,-0.3311913,-0.1590535,0.9300614,moving,-44.92912,-4.384194,-9.880144,5.985719,3.8986728022398545,-0.36576369635652545
05/04/2023 16:19:19.903143,3778,True,True,True,True,Eyes,-0.1435133,0.1387657,-3.085199,-0.6977245,-0.05465623,0.7142781,0.0,0.0,0.0,0.0,0.0,0.0,0.0,1.117758,0.4083325,2.695332,-0.2238391,0.1438,-2.934305,0.08765554,-0.1577948,-0.03668486,0.9828895,9.249505,341.2892,354.1979,-0.03117323,0.04366241,-0.9985595,-0.06885079,-0.001306985,0.07788648,-1.170322,0.06286041,-1.136968,-0.3427696,0.20896,1.9929,0.94751,-0.0997775,0.3037585,0.04445113,0.9819415,0.1838888,-0.316621,-0.1607341,0.9348345,moving,-44.32833,-4.37572,-9.759127,5.985721,3.9198788516092447,-0.363368533915545
05/04/2023 16:19:19.913448,3779,True,True,True,True,Eyes,-0.1479319,0.1391283,-3.078278,-0.690065,-0.05527371,0.7216336,0.0,0.0,0.0,0.0,0.0,0.0,0.0,1.07742,0.4159598,2.700424,-0.2271558,0.1454597,-2.924617,0.08981394,-0.1504561,-0.03614495,0.9838649,9.546796,342.1336,354.288,-0.03269788,0.043785,-0.9985054,0.0,0.0,0.0,-1.143097,0.0531888,-1.112885,-0.3384106,0.2089601,1.9929,0.952113,-0.09814959,0.2895643,0.04409737,0.981254,0.187606,-0.3025496,-0.1658531,0.9385929,moving,-43.71896,-4.380033,-9.637359,5.98572,3.941552267887012,-0.36069653273693203
05/04/2023 16:19:19.937690,3780,True,True,True,True,Eyes,-0.152272,0.1394924,-3.071237,-0.6823023,-0.05619948,0.7289069,0.0,0.0,0.0,0.0,0.0,0.0,0.0,1.037123,0.4228252,2.704761,-0.2301982,0.1472964,-2.914696,0.09171927,-0.1431881,-0.03631619,0.984767,9.802011,342.9652,354.3045,-0.0342236,0.04391683,-0.9984484,0.0,0.0,0.0,-1.115489,0.04557494,-1.0891,-0.334024,0.20896,1.9929,0.9563566,-0.09779218,0.2753521,0.04525975,0.9805374,0.1910443,-0.2886756,-0.1702441,0.9421695,moving,-43.10852,-4.408842,-9.514735,5.985719,3.9635758580116875,-0.3575595290532363
05/04/2023 16:19:19.953577,3781,True,True,True,True,Eyes,-0.1565339,0.1398646,-3.064068,-0.6743237,-0.05727825,0.736211,0.0,0.0,0.0,0.0,0.0,0.0,0.0,0.9943894,0.435663,2.708567,-0.2328251,0.1479032,-2.904972,0.09434258,-0.1356093,-0.03711241,0.985562,10.13076,343.8204,354.2433,-0.03574807,0.04405724,-0.9983888,0.0,0.0,0.0,-1.086185,0.03457794,-1.065698,-0.3296692,0.2089601,1.9929,0.9604656,-0.09874061,0.2603002,0.04756568,0.9794443,0.1960265,-0.2743053,-0.1758953,0.9454191,moving,-42.48775,-4.44873,-9.392912,5.985721,3.986107129979776,-0.3541703513510459
05/04/2023 16:19:19.963238,3782,True,True,True,True,Eyes,-0.160806,0.1402556,-3.056808,-0.6646912,-0.0582574,0.7448434,0.0,0.0,0.0,0.0,0.0,0.0,0.0,0.9500905,0.4502138,2.711959,-0.2352654,0.1483392,-2.895295,0.09715176,-0.1278037,-0.03845814,0.9862803,10.47506,344.6941,354.1226,-0.03727047,0.04420598,-0.9983265,0.0,0.0,0.0,-1.055517,0.0231577,-1.042571,-0.3251964,0.20896,1.9929,0.9643744,-0.1006937,0.2446279,0.0510283,0.978165,0.2014679,-0.259573,-0.1818075,0.9484556,moving,-41.74541,-4.472244,-9.267704,5.985721,4.01274261120043,-0.35057206356654125
05/04/2023 16:19:19.983000,3783,True,True,True,True,Eyes,-0.1649895,0.1406608,-3.049436,-0.6548604,-0.05931974,0.7534183,0.0,0.0,0.0,0.0,0.0,0.0,0.0,0.9035238,0.4624744,2.715711,-0.2374305,0.1488419,-2.885619,0.09965989,-0.1195888,-0.03957312,0.987016,10.79332,345.6199,354.0425,-0.03879192,0.04436304,-0.9982616,0.0,0.0,0.0,-1.023172,0.01252913,-1.019489,-0.3210866,0.20896,1.9929,0.9682649,-0.101955,0.2281843,0.05428219,0.9770037,0.2061968,-0.2439598,-0.1872668,0.9515329,moving,-40.9967,-4.501847,-9.152572,5.985721,4.0396816864347675,-0.34683223634318455
05/04/2023 16:19:20.002977,3784,True,True,True,True,Eyes,-0.16895,0.1410683,-3.041918,-0.6448368,-0.06021198,0.7619449,0.0,0.0,0.0,0.0,0.0,0.0,0.0,0.8588971,0.4658984,2.719583,-0.2395402,0.1496206,-2.875957,0.1007911,-0.111605,-0.04009163,0.9878148,10.96312,346.5368,354.0538,-0.04030965,0.04452823,-0.9981941,0.0,0.0,0.0,-0.9910134,0.006870025,-0.9969869,-0.31671,0.20896,1.9929,0.9718739,-0.1017038,0.2124083,0.05670863,0.9764677,0.2080748,-0.2285719,-0.1901771,0.954771,moving,-40.24136,-4.518355,-9.029886,5.985718,4.066689069959908,-0.34331036722676705
05/04/2023 16:19:20.013377,3785,True,True,True,True,Eyes,-0.17281,0.1414892,-3.034277,-0.634689,-0.06088777,0.7703652,0.0,0.0,0.0,0.0,0.0,0.0,0.0,0.817306,0.4595078,2.72319,-0.24137,0.1504252,-2.86601,0.1003092,-0.1040925,-0.04003459,0.988686,10.95361,347.4184,354.1512,-0.04181853,0.04470124,-0.9981243,0.0,0.0,0.0,-0.9599984,0.007082928,-0.9750007,-0.3123732,0.20896,1.9929,0.975124,-0.1000462,0.1977979,0.05828041,0.9766705,0.2066833,-0.2138613,-0.1900141,0.9582056,moving,-39.48445,-4.519123,-8.908234,5.985718,4.093551537758277,-0.340077688662587
05/04/2023 16:19:20.033228,3786,True,True,True,True,Eyes,-0.1764822,0.141903,-3.026508,-0.6244356,-0.06125942,0.7786703,0.0,0.0,0.0,0.0,0.0,0.0,0.0,0.7794051,0.4452733,2.726186,-0.2428174,0.1511648,-2.855875,0.09829002,-0.09726506,-0.04064635,0.9895588,10.75563,348.2247,354.1834,-0.04331647,0.04488196,-0.9980523,0.0,0.0,0.0,-0.930756,0.01415088,-0.953725,-0.308044,0.20896,1.9929,0.9777748,-0.09956426,0.1845087,0.06132352,0.9773739,0.2024344,-0.2004893,-0.1866206,0.9617572,moving,-38.72702,-4.498299,-8.786714,5.985718,4.1201572526157415,-0.3372486655198865
05/04/2023 16:19:20.053432,3787,True,True,True,True,Eyes,-0.1800446,0.1423028,-3.018622,-0.614071,-0.06144775,0.7868552,0.0,0.0,0.0,0.0,0.0,0.0,0.0,0.7426531,0.4308807,2.728106,-0.2439924,0.1514938,-2.845571,0.09605985,-0.09070417,-0.04190649,0.990348,10.52492,348.9935,354.1371,-0.04480026,0.04506982,-0.9979783,0.0,0.0,0.0,-0.9018151,0.02231487,-0.9329785,-0.3035017,0.20896,1.9929,0.9800332,-0.1004301,0.1716063,0.06557795,0.9780327,0.1978675,-0.1877084,-0.1826632,0.9650905,moving,-37.96889,-4.465328,-8.659126,5.98572,4.146632981586469,-0.3346449941321591
05/04/2023 16:19:20.063592,3788,True,True,True,True,Eyes,-0.1834363,0.1426632,-3.010616,-0.6036794,-0.06137643,0.7948611,0.0,0.0,0.0,0.0,0.0,0.0,0.0,0.7062152,0.4163259,2.729274,-0.2449929,0.1515033,-2.835142,0.09375889,-0.08420328,-0.0431614,0.9910884,10.28694,349.755,354.0881,-0.0462678,0.04526386,-0.9979026,0.0,0.0,0.0,-0.8730682,0.0304504,-0.9127125,-0.2992555,0.20896,1.9929,0.9820938,-0.1013431,0.1588123,0.06976391,0.9786928,0.1931154,-0.1749993,-0.178578,0.9682382,moving,-37.21586,-4.415421,-8.539781,5.985721,4.172711921533259,-0.332381354210019
05/04/2023 16:19:20.083259,3789,True,True,True,True,Eyes,-0.1867203,0.1429538,-3.002511,-0.59325,-0.06126856,0.8026834,0.0,0.0,0.0,0.0,0.0,0.0,0.0,0.6722896,0.4069728,2.728552,-0.2458838,0.1510079,-2.824772,0.0922422,-0.07820473,-0.04473228,0.9916524,10.13382,350.4479,353.9855,-0.04771624,0.04546251,-0.9978254,0.0,0.0,0.0,-0.8460661,0.03535122,-0.8937853,-0.2949415,0.20896,1.9929,0.9837661,-0.1031453,0.1468514,0.0742902,0.9789808,0.1899409,-0.1633562,-0.1759478,0.9707507,moving,-36.4675,-4.364904,-8.418449,5.985721,4.198617410472875,-0.33014903648441435
05/04/2023 16:19:20.103112,3790,True,True,True,True,Eyes,-0.1898593,0.1431652,-2.994303,-0.5827748,-0.06114407,0.8103302,0.0,0.0,0.0,0.0,0.0,0.0,0.0,0.6412927,0.405044,2.72565,-0.2466555,0.1495719,-2.814476,0.09184361,-0.07281175,-0.04658159,0.9920148,10.10409,351.0584,353.8311,-0.04914444,0.04566323,-0.9977469,0.0,0.0,0.0,-0.8214626,0.03522779,-0.8763436,-0.2907206,0.20896,1.9929,0.9850572,-0.1057938,0.1359042,0.07904467,0.9787897,0.1890038,-0.1530171,-0.1754371,0.9725264,moving,-35.723,-4.315119,-8.299659,5.985718,4.224395289004045,-0.3279193713141521
05/04/2023 16:19:20.113447,3791,True,True,True,True,Eyes,-0.1928834,0.1433055,-2.985997,-0.5722983,-0.06107663,0.8177679,0.0,0.0,0.0,0.0,0.0,0.0,0.0,0.6112654,0.4093621,2.72123,-0.2472978,0.147957,-2.804152,0.09255236,-0.06765199,-0.04845139,0.9922246,10.20146,351.6325,353.6606,-0.05055119,0.04586357,-0.9976675,0.0,0.0,0.0,-0.7976017,0.0305089,-0.8597588,-0.2863195,0.2089601,1.9929,0.9861513,-0.108672,0.1252833,0.08362663,0.978173,0.1902211,-0.1432205,-0.1771098,0.9737146,moving,-34.98547,-4.27132,-8.175726,5.985721,4.250002189403635,-0.32560682203526276
05/04/2023 16:19:20.133252,3792,True,True,True,True,Eyes,-0.1957542,0.1433582,-2.977591,-0.5618504,-0.06098369,0.8249879,0.0,0.0,0.0,0.0,0.0,0.0,0.0,0.5826257,0.4126765,2.716188,-0.2476322,0.1463735,-2.793686,0.09320223,-0.06274127,-0.04972186,0.9924237,10.29713,352.1841,353.5583,-0.05193519,0.04606139,-0.9975873,0.0,0.0,0.0,-0.7744793,0.02556088,-0.8436431,-0.2819896,0.20896,1.9929,0.9871825,-0.1103855,0.1152635,0.08699504,0.9776822,0.1912314,-0.1338002,-0.178753,0.9747537,moving,-34.25646,-4.227655,-8.053723,5.98572,4.27530853610074,-0.3233279794252294
05/04/2023 16:19:20.153163,3793,True,True,True,True,Eyes,-0.1984988,0.143329,-2.969088,-0.5514331,-0.06090403,0.8319929,0.0,0.0,0.0,0.0,0.0,0.0,0.0,0.5584857,0.4135653,2.710173,-0.2477307,0.1444421,-2.783118,0.09348813,-0.05860452,-0.05003557,0.9926339,10.35429,352.6586,353.5626,-0.05329467,0.04625431,-0.9975067,0.0,0.0,0.0,-0.7541688,0.02113785,-0.8284457,-0.2776935,0.20896,1.9929,0.988124,-0.1102917,0.1069902,0.08837634,0.9775128,0.1914636,-0.1257011,-0.1797343,0.975651,moving,-33.53585,-4.186732,-7.932597,5.985718,4.300351826564493,-0.32103331050381695
05/04/2023 16:19:20.163707,3794,True,True,True,True,Eyes,-0.2010944,0.1432018,-2.960484,-0.5410227,-0.06077169,0.8388095,0.0,0.0,0.0,0.0,0.0,0.0,0.0,0.5327541,0.411803,2.704541,-0.2475141,0.1424603,-2.772435,0.09334407,-0.05417313,-0.05008911,0.9928964,10.36598,353.1732,353.6041,-0.05462811,0.04644025,-0.997426,0.0,0.0,0.0,-0.7318698,0.01805048,-0.8129069,-0.2729739,0.20896,1.9929,0.9891127,-0.1095801,0.09822555,0.0893531,0.9775559,0.1907889,-0.1169276,-0.179935,0.9767043,moving,-32.82156,-4.143835,-7.799452,5.985718,4.32514574458197,-0.31880261848154867
05/04/2023 16:19:20.183306,3795,True,True,True,True,Eyes,-0.2035539,0.1429664,-2.951777,-0.5306657,-0.06063469,0.8454096,0.0,0.0,0.0,0.0,0.0,0.0,0.0,0.5099442,0.4083266,2.698202,-0.2469053,0.1400465,-2.761611,0.09286276,-0.05028994,-0.04969568,0.9931656,10.33818,353.6315,353.6942,-0.05593482,0.04661696,-0.9973453,0.0,0.0,0.0,-0.7120083,0.01579496,-0.7979622,-0.2689978,0.20896,1.9929,0.9900025,-0.1080522,0.0906627,0.08937195,0.9778137,0.1894545,-0.1091222,-0.1794578,0.9776949,moving,-32.1166,-4.102358,-7.687217,5.985719,4.349626763471743,-0.3165849040656437
05/04/2023 16:19:20.203160,3796,True,True,True,True,Eyes,-0.2612811,0.1351996,-2.731451,-0.2458301,-0.05355323,0.9678324,0.0,0.0,0.0,0.0,0.0,0.0,0.0,0.485853,0.4059476,2.691486,-0.2461589,0.1372267,-2.750549,0.09247725,-0.04620485,-0.04962591,0.9934034,10.32017,354.1088,353.7478,-0.05721315,0.04678188,-0.997265,0.0,0.0,0.0,-0.6908002,0.01291389,-0.7827593,-0.2646517,0.20896,1.9929,0.9908048,-0.1071429,0.08262158,0.0900513,0.9779704,0.1883204,-0.1009787,-0.1791485,0.9786261,moving,-14.25178,-3.167127,-7.564465,5.985718,4.971491878731534,-0.2582065718420945
05/04/2023 16:19:20.213431,3797,True,True,True,True,Eyes,-0.261226,0.1351569,-2.731006,-0.2455167,-0.05356548,0.9679114,0.0,0.0,0.0,0.0,0.0,0.0,0.0,0.460153,0.4039447,2.684688,-0.2451134,0.1351444,-2.739364,0.09228556,-0.04185725,-0.04974246,0.9936082,10.32475,354.6131,353.781,-0.06224007,0.04707357,-0.9969502,-0.1731818,-0.02330039,0.6609793,-0.668214,0.01006822,-0.7674615,-0.2602768,0.20896,1.9929,0.9915473,-0.1065747,0.07399839,0.09112339,0.9780181,0.1875555,-0.09236043,-0.1792272,0.9794627,moving,-14.23324,-3.167592,-7.440831,5.98572,4.972155543658198,-0.2581190025263104
05/04/2023 16:19:20.233235,3798,True,True,True,True,Eyes,-0.2611045,0.1350595,-2.730132,-0.2447049,-0.05354871,0.9681178,0.0,0.0,0.0,0.0,0.0,0.0,0.0,0.4361688,0.4011718,2.677745,-0.2437991,0.1340922,-2.728385,0.09214816,-0.03781632,-0.04966877,0.9937865,10.3345,355.0833,353.8327,-0.06639422,0.0473208,-0.9966705,-0.1627909,-0.02190237,0.6213205,-0.6466331,0.008010102,-0.7528695,-0.255967,0.20896,1.9929,0.9922059,-0.1056897,0.06600891,0.0917509,0.9780835,0.1869078,-0.08431645,-0.1793946,0.9801573,moving,-14.18517,-3.165929,-7.318969,5.985721,4.973839713512446,-0.25794587723779205
05/04/2023 16:19:20.253258,3799,True,True,True,True,Eyes,-0.2609155,0.1348851,-2.728839,-0.2436412,-0.05359337,0.9683836,0.0,0.0,0.0,0.0,0.0,0.0,0.0,0.4137128,0.3987914,2.670211,-0.2422815,0.1327114,-2.717335,0.09203218,-0.03407066,-0.04947532,0.9939424,10.34518,355.5204,353.895,-0.06983856,0.04752994,-0.996425,-0.1530235,-0.02058823,0.5840412,-0.6260034,0.005556335,-0.7386401,-0.2516544,0.2089601,1.9929,0.9927828,-0.1046224,0.0586219,0.09208006,0.9781646,0.1863207,-0.07683519,-0.1795781,0.9807386,moving,-14.12226,-3.167696,-7.19696,5.985721,4.9760940748601605,-0.25764518103771933
05/04/2023 16:19:20.264029,3800,True,True,True,True,Eyes,-0.2606426,0.1346491,-2.727154,-0.2421652,-0.05367972,0.9687489,0.0,0.0,0.0,0.0,0.0,0.0,0.0,0.3912858,0.3993404,2.661823,-0.2405297,0.1307327,-2.706092,0.09242104,-0.03035857,-0.04877501,0.9940613,10.41536,355.9553,354.0131,-0.07270294,0.0477052,-0.9962118,-0.1438421,-0.01935294,0.5489988,-0.6053085,0.0002100999,-0.7245908,-0.2472494,0.2089601,1.9929,0.9933987,-0.1025822,0.05134087,0.09135915,0.9781587,0.1867058,-0.06937223,-0.1807829,0.9810734,moving,-14.03502,-3.171595,-7.072271,5.985721,4.979238758054191,-0.257200962786379
05/04/2023 16:19:20.283186,3801,True,True,True,True,Eyes,-0.2602861,0.1343618,-2.725095,-0.2405159,-0.05389575,0.9691478,0.0,0.0,0.0,0.0,0.0,0.0,0.0,0.3707932,0.4030682,2.652798,-0.2385586,0.129105,-2.695127,0.09349663,-0.02702102,-0.0476358,0.9941122,10.56308,356.3471,354.1754,-0.0750913,0.04785035,-0.9960276,-0.1352115,-0.01819176,0.5160589,-0.5861772,-0.007629081,-0.7114884,-0.242993,0.20896,1.9929,0.9940014,-0.09976341,0.04481629,0.08965792,0.9779785,0.1884666,-0.06263142,-0.1833179,0.9810565,moving,-13.93766,-3.183025,-6.951725,5.985719,4.982838451948453,-0.2565721554073952
05/04/2023 16:19:20.303125,3802,True,True,True,True,Eyes,-0.259801,0.1340259,-2.72268,-0.2384658,-0.0541919,0.9696377,0.0,0.0,0.0,0.0,0.0,0.0,0.0,0.3512723,0.4084494,2.643253,-0.2362423,0.1276416,-2.684196,0.09485875,-0.02393801,-0.04692765,0.994096,10.73989,356.7035,354.2846,-0.07708741,0.04796872,-0.9958695,-0.1270988,-0.01710025,0.4850953,-0.5674962,-0.01611876,-0.698795,-0.2385335,0.20896,1.9929,0.9944495,-0.09784263,0.03869035,0.08875971,0.9775993,0.1908441,-0.05649635,-0.1863507,0.9808576,moving,-13.81672,-3.198865,-6.825359,5.985719,4.987330894402441,-0.25576019511081577
05/04/2023 16:19:20.313231,3803,True,True,True,True,Eyes,-0.2592313,0.1337332,-2.719911,-0.2363063,-0.05468678,0.9701384,0.0,0.0,0.0,0.0,0.0,0.0,0.0,0.3322397,0.4174388,2.633067,-0.2339772,0.126284,-2.673385,0.09678779,-0.02100606,-0.04739483,0.993954,10.97695,357.0261,354.2542,-0.07886697,0.04806696,-0.9957253,-0.1194729,-0.01607424,0.4559896,-0.5496207,-0.02606442,-0.6865935,-0.2342368,0.20896,1.9929,0.994625,-0.09828283,0.03258364,0.09015031,0.9767718,0.1943964,-0.0509326,-0.1904141,0.9803817,moving,-13.68952,-3.226353,-6.70354,5.985721,4.992193880665079,-0.25470267015518655
05/04/2023 16:19:20.333191,3804,True,True,True,True,Eyes,-0.2585667,0.1335664,-2.716806,-0.233835,-0.05501071,0.9707189,0.0,0.0,0.0,0.0,0.0,0.0,0.0,0.3147975,0.4286361,2.621872,-0.231418,0.1270508,-2.662206,0.09947773,-0.01845165,-0.04856749,0.9936826,11.29767,357.2918,354.1357,-0.08045741,0.04814959,-0.9955941,-0.1123045,-0.01510978,0.4286302,-0.533075,-0.03649153,-0.6746312,-0.2299636,0.20896,1.9929,0.9946015,-0.1001924,0.02700739,0.09285028,0.9754907,0.1994908,-0.04633293,-0.1959062,0.9795274,moving,-13.54386,-3.243487,-6.582332,5.985721,4.997579800154826,-0.2537612815447596
05/04/2023 16:19:20.353319,3805,True,True,True,True,Eyes,-0.2578053,0.1334141,-2.713386,-0.2313373,-0.0551227,0.9713107,0.0,0.0,0.0,0.0,0.0,0.0,0.0,0.3018812,0.4228655,2.612933,-0.2284684,0.1298786,-2.651094,0.09939829,-0.01658954,-0.04907255,0.9936985,11.29822,357.5028,354.0986,-0.08187492,0.04822338,-0.9954751,-0.1055662,-0.0142032,0.4029124,-0.5183263,-0.03399,-0.6622894,-0.2256112,0.2089601,1.9929,0.9946333,-0.1008246,0.02321455,0.0942287,0.9754238,0.199172,-0.04272545,-0.1959157,0.9796895,moving,-13.39656,-3.2481,-6.458811,5.98572,5.002864315051645,-0.25304827808652286
05/04/2023 16:19:20.364212,3806,True,True,True,True,Eyes,-0.2569601,0.1332818,-2.709619,-0.2284852,-0.05493558,0.9719962,0.0,0.0,0.0,0.0,0.0,0.0,0.0,0.2916838,0.4057518,2.605474,-0.2254078,0.1300421,-2.640168,0.09672868,-0.01511788,-0.04869029,0.9940042,11.00094,357.6953,354.1694,-0.0831348,0.04829034,-0.9953673,-0.09923227,-0.013351,0.3787377,-0.5044686,-0.02414022,-0.6495457,-0.2211584,0.20896,1.9929,0.9948014,-0.09972136,0.02063498,0.09387203,0.9765456,0.1937696,-0.03947397,-0.1908252,0.98083,moving,-13.22824,-3.234819,-6.332384,5.98572,5.008666482493679,-0.2525822562417838
05/04/2023 16:19:20.383322,3807,True,True,True,True,Eyes,-0.2560211,0.1332247,-2.705564,-0.2256059,-0.05454726,0.9726904,0.0,0.0,0.0,0.0,0.0,0.0,0.0,0.2784164,0.3929023,2.596468,-0.2223112,0.1303027,-2.628142,0.09485117,-0.01314609,-0.04913921,0.9941911,10.79575,357.9312,354.1453,-0.08425087,0.04835256,-0.9952704,-0.09327833,-0.01254994,0.3560134,-0.4889453,-0.01705124,-0.6357598,-0.216982,0.20896,1.9929,0.9948251,-0.1002014,0.01681762,0.09521368,0.9771771,0.1898923,-0.03546126,-0.1873084,0.9816609,moving,-13.05829,-3.209714,-6.213748,5.985719,5.014375774189018,-0.2523315605086217
05/04/2023 16:19:20.393164,3808,True,True,True,True,Eyes,-0.2550094,0.1332203,-2.701218,-0.2223579,-0.0540274,0.973467,0.0,0.0,0.0,0.0,0.0,0.0,0.0,0.2665786,0.3759096,2.589132,-0.2191086,0.1320682,-2.617351,0.09240332,-0.01138568,-0.04951604,0.9944245,10.52408,358.1468,354.1281,-0.08523507,0.04841381,-0.9951836,-0.08768164,-0.01179695,0.3346526,-0.473847,-0.006180288,-0.6232314,-0.2126099,0.20896,1.9929,0.9948371,-0.1005841,0.01349351,0.09637578,0.9780196,0.1849038,-0.0317953,-0.1826487,0.982664,moving,-12.86668,-3.176656,-6.089494,5.985719,5.0207521265398825,-0.25213826353944585
05/04/2023 16:19:20.412993,3809,True,True,True,True,Eyes,-0.253913,0.1332447,-2.696598,-0.2190986,-0.05343496,0.9742384,0.0,0.0,0.0,0.0,0.0,0.0,0.0,0.2549701,0.3639357,2.580279,-0.2158636,0.1331429,-2.60595,0.09077173,-0.009731119,-0.050149,0.9945607,10.3453,358.3422,354.0767,-0.08609938,0.04847673,-0.9951063,-0.08242074,-0.01108913,0.3145734,-0.4592247,0.0008601407,-0.6104698,-0.2082037,0.20896,1.9929,0.9947807,-0.1015191,0.01025215,0.09798583,0.9784912,0.181532,-0.0284606,-0.17958,0.9833316,moving,-12.6745,-3.13941,-5.964212,5.985719,5.027095322464255,-0.25202126516997253
05/04/2023 16:19:20.433418,3810,True,True,True,True,Eyes,-0.2527154,0.1333788,-2.691693,-0.2155261,-0.05286844,0.9750659,0.0,0.0,0.0,0.0,0.0,0.0,0.0,0.2432535,0.3541617,2.571317,-0.2127654,0.1338356,-2.59482,0.08951433,-0.008017205,-0.05034421,0.99468,10.21073,358.5466,354.0752,-0.08685219,0.04854262,-0.9950376,-0.0774755,-0.01042378,0.295699,-0.444778,0.005827616,-0.5981495,-0.2039535,0.20896,1.9929,0.9948024,-0.1015881,0.006936052,0.09871744,0.9789053,0.1788835,-0.02496216,-0.177269,0.9838458,moving,-12.4641,-3.10356,-5.84331,5.985719,5.034102696827282,-0.2518005579924995
05/04/2023 16:19:20.453242,3811,True,True,True,True,Eyes,-0.251421,0.1336129,-2.686535,-0.2119503,-0.0521946,0.9758856,0.0,0.0,0.0,0.0,0.0,0.0,0.0,0.2317349,0.345561,2.561646,-0.20935,0.1366116,-2.583148,0.08896576,-0.006348518,-0.0497437,0.9947715,10.15837,358.7495,354.1635,-0.0875022,0.04861583,-0.994977,-0.07282697,-0.009798354,0.2779571,-0.4303163,0.009722488,-0.585592,-0.1996037,0.20896,1.9929,0.9949705,-0.1000968,0.003779677,0.09783763,0.9792213,0.1776328,-0.02148162,-0.1763696,0.9840896,moving,-12.25363,-3.061511,-5.719522,5.98572,5.041033545206918,-0.2516960762335908
05/04/2023 16:19:20.468513,3812,True,True,True,True,Eyes,-0.2500516,0.133863,-2.681114,-0.2080161,-0.05141652,0.9767731,0.0,0.0,0.0,0.0,0.0,0.0,0.0,0.2198324,0.3305158,2.553279,-0.2057635,0.1392381,-2.571979,0.08713037,-0.004557981,-0.0489471,0.9949834,9.958818,358.9761,354.2781,-0.08805753,0.04869989,-0.9949239,-0.06845735,-0.009210453,0.2612796,-0.4147909,0.01852807,-0.5732025,-0.195083,0.20896,1.9929,0.9951668,-0.09819738,0.000540673,0.09660882,0.9800249,0.1738327,-0.01759979,-0.1729403,0.9847751,moving,-12.02226,-3.013221,-5.590816,5.985719,5.048626312235459,-0.25162004403292765
05/04/2023 16:19:20.483154,3813,True,True,True,True,Eyes,-0.2486012,0.1341379,-2.675462,-0.2040518,-0.05057181,0.9776529,0.0,0.0,0.0,0.0,0.0,0.0,0.0,0.205524,0.3136937,2.544606,-0.2020895,0.1397978,-2.560328,0.08460624,-0.002293956,-0.04768536,0.9952703,9.682792,359.2656,354.4517,-0.08852543,0.04879484,-0.9948777,-0.06434991,-0.008657826,0.2456029,-0.3975082,0.02781404,-0.5600747,-0.1908614,0.2089601,1.9929,0.9954417,-0.0953078,-0.003502745,0.09453146,0.9811358,0.1686309,-0.01263517,-0.1681933,0.9856731,moving,-11.7893,-2.961144,-5.47057,5.985722,5.056227220030757,-0.25160843595351695
05/04/2023 16:19:20.503354,3814,True,True,True,True,Eyes,-0.2103866,0.1410269,-2.528657,-0.09452195,-0.03180046,0.9950148,0.0,0.0,0.0,0.0,0.0,0.0,0.0,0.1909291,0.3033971,2.535582,-0.198742,0.1406471,-2.549196,0.08326096,-7.802155e-07,-0.04780803,0.9953804,9.540956,359.5374,354.4618,-0.08891343,0.04890127,-0.9948372,-0.06048892,-0.008138357,0.2308667,-0.3804154,0.03318079,-0.5478066,-0.186545,0.2089601,1.9929,0.9954288,-0.09517448,-0.007959533,0.09517422,0.981564,0.1657527,-0.007962639,-0.1657526,0.9861352,moving,-5.426558,-1.830538,-5.347579,5.985721,5.267546256807917,-0.2458073063749424
05/04/2023 16:19:20.513324,3815,True,True,True,True,Eyes,-0.2102572,0.1409979,-2.528223,-0.09428786,-0.03192619,0.995033,0.0,0.0,0.0,0.0,0.0,0.0,0.0,0.1741479,0.3006282,2.525743,-0.1951268,0.1408888,-2.538141,0.08324059,0.002591094,-0.04857987,0.9953414,9.552854,359.8298,354.3973,-0.08828537,0.04980096,-0.9948486,0.05778442,0.01301717,0.6574312,-0.3619127,0.03276292,-0.5359,-0.1821076,0.2089601,1.9929,0.9952666,-0.09627574,-0.01324568,0.09713847,0.981422,0.1654539,-0.002929588,-0.1659573,0.9861286,moving,-5.4131,-1.837737,-5.221087,5.985721,5.268115457272048,-0.24561476531159293
05/04/2023 16:19:20.533251,3816,True,True,True,True,Eyes,-0.210013,0.1409436,-2.527369,-0.09356444,-0.03233306,0.9950881,0.0,0.0,0.0,0.0,0.0,0.0,0.0,0.15549,0.3066123,2.515146,-0.1919537,0.1401723,-2.527381,0.08474945,0.005555953,-0.04969153,0.9951469,9.742965,0.1532024,354.2958,-0.08772109,0.050534,-0.9948616,0.05431736,0.01223614,0.6179854,-0.3428459,0.02526997,-0.5246353,-0.1778967,0.2089601,1.9929,0.9949998,-0.09795902,-0.01948064,0.09984247,0.9806966,0.1681241,0.002635319,-0.1692285,0.9855734,moving,-5.371517,-1.861038,-5.101004,5.985722,5.269887668342805,-0.24499997146572217
05/04/2023 16:19:20.553431,3817,True,True,True,True,Eyes,-0.2096637,0.1408845,-2.526128,-0.09268532,-0.03288131,0.9951524,0.0,0.0,0.0,0.0,0.0,0.0,0.0,0.1368617,0.3176002,2.503723,-0.1887802,0.1395059,-2.516571,0.08726897,0.008476585,-0.05107152,0.9948388,10.04973,0.4627061,354.1631,-0.08721112,0.05113168,-0.994876,0.05105832,0.01150197,0.5809063,-0.3240004,0.01380394,-0.5137367,-0.1735403,0.20896,1.9929,0.9946398,-0.1001364,-0.02577959,0.1030954,0.9795517,0.1727713,0.007951752,-0.1745029,0.9846246,moving,-5.320997,-1.892449,-4.976723,5.985721,5.272080300806054,-0.24419473488675522
05/04/2023 16:19:20.569202,3818,True,True,True,True,Eyes,-0.2092188,0.1408225,-2.52451,-0.09151401,-0.03349761,0.9952402,0.0,0.0,0.0,0.0,0.0,0.0,0.0,0.1216831,0.3247963,2.492809,-0.1859519,0.1393522,-2.506073,0.08916087,0.01086495,-0.05182011,0.994609,10.28161,0.7204562,354.0999,-0.08674586,0.05162144,-0.9948913,0.04799482,0.01081185,0.5460519,-0.3075873,0.005274167,-0.5032831,-0.1691851,0.2089601,1.9929,0.9943933,-0.101144,-0.03085339,0.1050189,0.97873,0.1762343,0.01237209,-0.1784864,0.9838646,moving,-5.25367,-1.927723,-4.852428,5.985721,5.2749184262597435,-0.24324542494129014
05/04/2023 16:19:20.585334,3819,True,True,True,True,Eyes,-0.2086707,0.1407707,-2.522531,-0.09029385,-0.03408195,0.9953319,0.0,0.0,0.0,0.0,0.0,0.0,0.0,0.1111133,0.324811,2.482461,-0.1828534,0.1391953,-2.495527,0.08961999,0.01238672,-0.05218694,0.9945309,10.3437,0.8902094,354.073,-0.08631735,0.0520252,-0.9949076,0.04511513,0.01016314,0.5132888,-0.2942325,0.002585672,-0.4926655,-0.1649422,0.2089601,1.9929,0.9942462,-0.1015828,-0.03399194,0.1060232,0.9784896,0.1769668,0.01528397,-0.1795525,0.9836296,moving,-5.183531,-1.961144,-4.731296,5.985723,5.2778326948207885,-0.24231898986121486
05/04/2023 16:19:20.603293,3820,True,True,True,True,Eyes,-0.2080358,0.1407526,-2.520195,-0.08877744,-0.03455902,0.9954518,0.0,0.0,0.0,0.0,0.0,0.0,0.0,0.1025888,0.321781,2.472347,-0.1798516,0.1393707,-2.484914,0.08950347,0.01355619,-0.0528241,0.9944924,10.33791,1.019694,354.0112,-0.08591767,0.05237522,-0.9949238,0.04240822,0.009553354,0.4824915,-0.2821017,0.002663873,-0.481929,-0.1605569,0.2089601,1.9929,0.9940517,-0.1026397,-0.03641894,0.107493,0.9783975,0.1765889,0.01750718,-0.1794532,0.9836107,moving,-5.09633,-1.988335,-4.606056,5.985721,5.281272862604624,-0.2414371160432571
05/04/2023 16:19:20.613309,3821,True,True,True,True,Eyes,-0.2072982,0.1407725,-2.517521,-0.08715972,-0.03489827,0.9955829,0.0,0.0,0.0,0.0,0.0,0.0,0.0,0.09272696,0.3138435,2.462701,-0.1767648,0.1400842,-2.474091,0.08850117,0.01503269,-0.05388316,0.994504,10.23288,1.185639,353.9035,-0.0855398,0.05269543,-0.9949396,0.03986373,0.008980153,0.453542,-0.2684858,0.00684795,-0.4707042,-0.1562307,0.20896,1.9929,0.9937412,-0.1045132,-0.03943758,0.1098348,0.9785283,0.1744095,0.0203627,-0.1776495,0.9838831,moving,-5.003284,-2.007573,-4.482459,5.98572,5.284819026819159,-0.2406798834669472
05/04/2023 16:19:20.633103,3822,True,True,True,True,Eyes,-0.2064974,0.1408034,-2.514518,-0.08518543,-0.03513778,0.9957454,0.0,0.0,0.0,0.0,0.0,0.0,0.0,0.08091787,0.3035161,2.453487,-0.1736039,0.1409354,-2.463385,0.08701279,0.01690505,-0.05570611,0.994505,10.07591,1.392704,353.7108,-0.0851805,0.05298944,-0.9949548,0.03747191,0.008441344,0.4263294,-0.2529718,0.01314994,-0.4594523,-0.1518549,0.20896,1.9929,0.9932221,-0.1078581,-0.04331859,0.1137419,0.9786512,0.1711859,0.02393002,-0.1749527,0.984286,moving,-4.889715,-2.02101,-4.3574,5.985719,5.289019342981508,-0.23994443267227264
05/04/2023 16:19:20.653071,3823,True,True,True,True,Eyes,-0.2056192,0.1408374,-2.51121,-0.08307481,-0.0354415,0.9959129,0.0,0.0,0.0,0.0,0.0,0.0,0.0,0.06654355,0.2966812,2.443755,-0.1706806,0.1410929,-2.452621,0.08612953,0.01932582,-0.05740551,0.994441,9.992559,1.661116,353.5376,-0.08483438,0.05326265,-0.994969,0.03522359,0.007934864,0.4007497,-0.2356935,0.01612112,-0.4483157,-0.1475424,0.2089601,1.9929,0.9926623,-0.1108437,-0.04832539,0.1175018,0.9785726,0.1690827,0.02854816,-0.1735203,0.9844164,moving,-4.768331,-2.038121,-4.234112,5.985722,5.293543736626574,-0.2391066934914034
05/04/2023 16:19:20.664789,3824,True,True,True,True,Eyes,-0.2046586,0.1409141,-2.507617,-0.0806057,-0.03588878,0.9960998,0.0,0.0,0.0,0.0,0.0,0.0,0.0,0.05075659,0.297595,2.433275,-0.1680013,0.1412134,-2.442089,0.08689849,0.02205738,-0.05779507,0.9942946,10.09932,1.968538,353.5206,-0.08449896,0.05351732,-0.9949832,0.03311018,0.007458772,0.3767047,-0.2178501,0.01206112,-0.4379326,-0.1431583,0.20896,1.9929,0.9923464,-0.1110972,-0.05390768,0.1187642,0.9782168,0.1702558,0.03381846,-0.175355,0.9839243,moving,-4.626369,-2.063435,-4.108736,5.985719,5.298902721418072,-0.23802726805413008
05/04/2023 16:19:20.682981,3825,True,True,True,True,Eyes,-0.2036137,0.141011,-2.503748,-0.07797159,-0.03652768,0.9962862,0.0,0.0,0.0,0.0,0.0,0.0,0.0,0.03295895,0.3022084,2.422532,-0.1648939,0.1423744,-2.431792,0.08870952,0.02513253,-0.05727181,0.994092,10.32606,2.318954,353.615,-0.08417077,0.05375763,-0.9949975,0.03112357,0.007011246,0.3541024,-0.1986523,0.00464521,-0.4281713,-0.1389018,0.20896,1.9929,0.9921766,-0.1094079,-0.0601292,0.1183259,0.9777011,0.1734921,0.03980698,-0.1792496,0.9829979,moving,-4.474974,-2.099743,-3.986973,5.98572,5.3047364820734435,-0.23670108022881695
05/04/2023 16:19:20.703008,3826,True,True,True,True,Eyes,-0.2024492,0.141095,-2.499623,-0.07507841,-0.03743912,0.9964746,0.0,0.0,0.0,0.0,0.0,0.0,0.0,0.01296335,0.3096376,2.411184,-0.1618927,0.143058,-2.4214,0.09106717,0.02869224,-0.05616051,0.9938458,10.6166,2.729324,353.7852,-0.08384655,0.05398651,-0.995012,0.02925615,0.006590571,0.3328562,-0.1776884,-0.005612788,-0.4186353,-0.1345569,0.20896,1.9929,0.9920455,-0.1064039,-0.06726007,0.1168556,0.9771055,0.1777907,0.04680257,-0.1842362,0.9817671,moving,-4.308754,-2.15168,-3.862644,5.985721,5.311295384423789,-0.2350180797949727
05/04/2023 16:19:20.713461,3827,True,True,True,True,Eyes,-0.2012095,0.1411675,-2.495245,-0.07198135,-0.03863158,0.9966576,0.0,0.0,0.0,0.0,0.0,0.0,0.0,-0.0098961,0.3229599,2.398932,-0.1587645,0.1430512,-2.411142,0.09454814,0.03277942,-0.05495288,0.9934618,11.03815,3.197077,353.9769,-0.0835219,0.05420521,-0.995027,0.02750078,0.006195137,0.3128849,-0.1547199,-0.0211411,-0.4098182,-0.1302217,0.20896,1.9929,0.9918114,-0.1029887,-0.07552159,0.1153857,0.9760817,0.1842573,0.05473882,-0.1914626,0.9799722,moving,-4.130886,-2.219739,-3.738553,5.985721,5.318473002481565,-0.23298250781735136
05/04/2023 16:19:20.733410,3828,True,True,True,True,Eyes,-0.1998554,0.1412267,-2.490634,-0.06860929,-0.04006376,0.9968389,0.0,0.0,0.0,0.0,0.0,0.0,0.0,-0.03439051,0.3402562,2.385818,-0.1558439,0.1429939,-2.400906,0.09886792,0.03722878,-0.05416697,0.9929275,11.55863,3.699801,354.1295,-0.08319458,0.05441489,-0.9950426,0.02585074,0.005823429,0.2941118,-0.1304896,-0.04007594,-0.401665,-0.1257392,0.20896,1.9929,0.9913599,-0.1002063,-0.08464172,0.1149292,0.9745821,0.1923042,0.0632202,-0.2003705,0.9776784,moving,-3.937279,-2.301525,-3.61021,5.985718,5.326383946009859,-0.2306219891007708
05/04/2023 16:19:20.753194,3829,True,True,True,True,Eyes,-0.1984417,0.1412744,-2.485799,-0.06502638,-0.04178966,0.9970081,0.0,0.0,0.0,0.0,0.0,0.0,0.0,-0.05973348,0.3598379,2.372048,-0.1527627,0.1429887,-2.390791,0.1037179,0.041844,-0.05332046,0.9922946,12.13992,4.222461,354.2976,-0.08286094,0.05461654,-0.9950591,0.02429969,0.005474023,0.2764651,-0.105796,-0.06103621,-0.3942313,-0.1215298,0.20896,1.9929,0.9908121,-0.09713929,-0.09410374,0.1144992,0.972799,0.2013752,0.07198258,-0.2102997,0.9749833,moving,-3.731632,-2.400151,-3.489655,5.98572,5.334936663386159,-0.22789373583107445
05/04/2023 16:19:20.768697,3830,True,True,True,True,Eyes,-0.1969691,0.1413021,-2.480739,-0.06116473,-0.04354377,0.9971774,0.0,0.0,0.0,0.0,0.0,0.0,0.0,-0.08417141,0.3758146,2.358419,-0.150016,0.1428841,-2.38066,0.1078121,0.04642226,-0.0525636,0.9916949,12.63349,4.746235,354.4576,-0.08251981,0.05481105,-0.9950765,0.02284171,0.005145581,0.2598772,-0.0812743,-0.07899769,-0.3868962,-0.1171933,0.2089601,1.9929,0.9901641,-0.09424435,-0.1034074,0.1142639,0.9712273,0.2089531,0.08073945,-0.2187136,0.9724431,moving,-3.510003,-2.500348,-3.365426,5.98572,5.34407639277865,-0.22506799983116685
05/04/2023 16:19:20.784788,3831,True,True,True,True,Eyes,-0.195446,0.1413537,-2.475464,-0.0571503,-0.04536424,0.9973344,0.0,0.0,0.0,0.0,0.0,0.0,0.0,-0.1069299,0.3878571,2.344943,-0.147151,0.1425481,-2.370369,0.111053,0.05072401,-0.05160657,0.9911765,13.02532,5.246661,354.6384,-0.08217013,0.05499892,-0.9950947,0.02147121,0.004836847,0.2442845,-0.05754635,-0.09364803,-0.3793308,-0.1128575,0.20896,1.9929,0.9895277,-0.09103633,-0.112015,0.1135686,0.970008,0.2149109,0.08909077,-0.2253817,0.9701886,moving,-3.279636,-2.604331,-3.241186,5.98572,5.353574372156447,-0.22213394574645295
05/04/2023 16:19:20.803092,3832,True,True,True,True,Eyes,-0.1938465,0.1414085,-2.469985,-0.05302457,-0.04679746,0.997496,0.0,0.0,0.0,0.0,0.0,0.0,0.0,-0.1271174,0.3906189,2.332912,-0.1445026,0.1432402,-2.360047,0.1125263,0.05466306,-0.05093164,0.9908359,13.21221,5.710124,354.7767,-0.08181123,0.0551823,-0.9951139,0.02018293,0.004546636,0.2296275,-0.03510385,-0.1000526,-0.3710951,-0.1085097,0.20896,1.9929,0.9888359,-0.08862773,-0.1197865,0.1132319,0.9694876,0.217422,0.09686194,-0.2285584,0.9686996,moving,-3.042846,-2.686058,-3.116572,5.985721,5.36301655462156,-0.2195909298659472
05/04/2023 16:19:20.812915,3833,True,True,True,True,Eyes,-0.1921998,0.1414383,-2.464295,-0.0487516,-0.0481067,0.9976518,0.0,0.0,0.0,0.0,0.0,0.0,0.0,-0.1451399,0.3870552,2.321841,-0.1416337,0.1434384,-2.34972,0.1125354,0.05818471,-0.05041457,0.9906607,13.22852,6.129088,354.8849,-0.08144142,0.05536232,-0.995134,0.01897196,0.004273837,0.2158498,-0.01377418,-0.1009661,-0.3622416,-0.1041173,0.20896,1.9929,0.9881458,-0.08679179,-0.1266295,0.1129831,0.9695883,0.2171021,0.1039358,-0.2288355,0.9679006,moving,-2.79761,-2.760661,-2.990648,5.985719,5.372667574468668,-0.21714591348021461
05/04/2023 16:19:20.833113,3834,True,True,True,True,Eyes,-0.1905102,0.14143,-2.458406,-0.04429202,-0.04895356,0.9978185,0.0,0.0,0.0,0.0,0.0,0.0,0.0,-0.1642961,0.3792378,2.310885,-0.1389417,0.1428678,-2.339078,0.1114949,0.06204483,-0.05020714,0.9905547,13.1272,6.587461,354.9556,-0.08106034,0.05553887,-0.995155,0.01783364,0.004017407,0.2028988,0.008807468,-0.09848569,-0.3528253,-0.09984894,0.20896,1.9929,0.9872593,-0.08563048,-0.1341133,0.1133012,0.9700963,0.2146533,0.1117219,-0.2271137,0.9674387,moving,-2.541626,-2.808712,-2.868254,5.985718,5.382361479522009,-0.21515429841121617
05/04/2023 16:19:20.853308,3835,True,True,True,True,Eyes,-0.1887836,0.1413798,-2.452329,-0.03970448,-0.04968376,0.9979755,0.0,0.0,0.0,0.0,0.0,0.0,0.0,-0.183417,0.3709646,2.299912,-0.1362455,0.1419141,-2.328551,0.11026,0.06594414,-0.04974512,0.9904644,13.00159,7.054256,355.0544,-0.0806678,0.05571128,-0.995177,0.01676362,0.003776363,0.1907249,0.03167843,-0.09557921,-0.3436511,-0.09548107,0.20896,1.9929,0.9863536,-0.08399954,-0.1416004,0.1130835,0.9707363,0.2118565,0.1196608,-0.2249781,0.9669882,moving,-2.278312,-2.850092,-2.742979,5.985719,5.392230403656436,-0.21325691279083245
05/04/2023 16:19:20.864906,3836,True,True,True,True,Eyes,-0.1447181,0.1389769,-2.295657,0.07880692,-0.05839537,0.9951781,0.0,0.0,0.0,0.0,0.0,0.0,0.0,-0.2017176,0.3629595,2.288833,-0.1337198,0.1408782,-2.318073,0.1090347,0.06975886,-0.04881017,0.9903852,12.87252,7.516981,355.2062,-0.08026379,0.0558788,-0.9952,0.0157578,0.003549781,0.1792814,0.05399958,-0.09268371,-0.3346836,-0.09114231,0.2089601,1.9929,0.9855025,-0.08146945,-0.1488203,0.111894,0.971458,0.2091627,0.1275323,-0.2227825,0.9664903,moving,4.527734,-3.358169,-2.618513,5.985722,5.640162243327226,-0.17476849457664256
05/04/2023 16:19:20.883314,3837,True,True,True,True,Eyes,-0.1446142,0.1389114,-2.295219,0.07909507,-0.05831084,0.9951602,0.0,0.0,0.0,0.0,0.0,0.0,0.0,-0.2195847,0.354635,2.277431,-0.1310396,0.1396593,-2.30738,0.1076836,0.07351518,-0.0473597,0.9903316,12.72361,7.979452,355.4153,-0.07796803,0.05650473,-0.9953476,0.1470088,-0.003872,0.6385427,0.07623018,-0.08932689,-0.3255982,-0.0868246,0.2089601,1.9929,0.9847052,-0.07797087,-0.1558086,0.1096364,0.9723226,0.2063216,0.1354091,-0.2202482,0.9659995,moving,4.544301,-3.353379,-2.494626,5.985721,5.640688935096537,-0.17478809270507717
05/04/2023 16:19:20.903191,3838,True,True,True,True,Eyes,-0.1443997,0.1387793,-2.294359,0.07968698,-0.05803592,0.995129,0.0,0.0,0.0,0.0,0.0,0.0,0.0,-0.2366366,0.347519,2.26559,-0.1285248,0.1380619,-2.296537,0.106483,0.07716649,-0.0456551,0.9902638,12.58799,8.431798,355.6523,-0.0760773,0.05700688,-0.9954658,0.1381883,-0.00363968,0.6002302,0.09792474,-0.08682094,-0.3165745,-0.08240241,0.2089601,1.9929,0.9839219,-0.07398734,-0.1625534,0.106855,0.9731539,0.2038465,0.1431074,-0.2179386,0.9654134,moving,4.578307,-3.337709,-2.367717,5.985721,5.641695634235519,-0.17493805554290778
05/04/2023 16:19:20.923180,3839,True,True,True,True,Eyes,-0.1440877,0.1385764,-2.293093,0.08060759,-0.05772673,0.995073,0.0,0.0,0.0,0.0,0.0,0.0,0.0,-0.2553936,0.3427542,2.253101,-0.1257215,0.1364404,-2.28577,0.1057961,0.081117,-0.04437315,0.9900799,12.51482,8.91195,355.8468,-0.07451018,0.05740833,-0.9955617,0.129897,-0.003421299,0.5642164,0.1210599,-0.08643833,-0.308195,-0.07789484,0.20896,1.9929,0.9829021,-0.07070219,-0.1700136,0.1050296,0.9736764,0.2022944,0.1512356,-0.216692,0.9644544,moving,4.63123,-3.320154,-2.238334,5.98572,5.643349421097613,-0.17504301924797214
05/04/2023 16:19:20.932900,3840,True,True,True,True,Eyes,-0.1436862,0.1383043,-2.291438,0.08182088,-0.05732941,0.9949968,0.0,0.0,0.0,0.0,0.0,0.0,0.0,-0.2765654,0.337817,2.239903,-0.1232074,0.1344666,-2.274755,0.1050101,0.08571089,-0.04304779,0.989835,12.43105,9.467891,356.053,-0.07320199,0.05772695,-0.9956408,0.1221031,-0.003216021,0.5303634,0.146134,-0.08600166,-0.3000157,-0.07372031,0.20896,1.9929,0.981601,-0.06721941,-0.1787202,0.1032214,0.9742396,0.200506,0.1606384,-0.2152646,0.9632531,moving,4.700986,-3.297604,-2.11849,5.98572,5.645536723707362,-0.17517030349792756
05/04/2023 16:19:20.953149,3841,True,True,True,True,Eyes,-0.143187,0.1379654,-2.289398,0.08337383,-0.05691534,0.9948916,0.0,0.0,0.0,0.0,0.0,0.0,0.0,-0.2969637,0.3341699,2.226557,-0.1206784,0.1326662,-2.263902,0.1045215,0.09015071,-0.04195993,0.989539,12.3816,10.00206,356.2315,-0.07210094,0.05797679,-0.9957069,0.114777,-0.00302306,0.4985416,0.170792,-0.08654882,-0.2923283,-0.06927308,0.2089601,1.9929,0.9802244,-0.06419662,-0.1871867,0.1018873,0.9746292,0.1992907,0.1696439,-0.2144216,0.9618962,moving,4.790303,-3.274184,-1.990797,5.985721,5.648406897726062,-0.17523077141781346
05/04/2023 16:19:20.967845,3842,True,True,True,True,Eyes,-0.142582,0.1375502,-2.286991,0.08562472,-0.05643792,0.9947277,0.0,0.0,0.0,0.0,0.0,0.0,0.0,-0.3193396,0.3299198,2.212511,-0.1179552,0.1307388,-2.252781,0.1039238,0.09501322,-0.0416351,0.9891607,12.32791,10.57633,356.325,-0.07112169,0.05818313,-0.9957657,0.1078903,-0.002841677,0.4686291,0.1970151,-0.08695816,-0.2847989,-0.06512216,0.20896,1.9929,0.978478,-0.06261935,-0.1966204,0.1021159,0.9749328,0.1976828,0.1793129,-0.2135064,0.9603447,moving,4.91981,-3.247312,-1.871593,5.98572,5.6526588833970575,-0.17518524632382473
05/04/2023 16:19:20.983397,3843,True,True,True,True,Eyes,-0.1418993,0.1370554,-2.284225,0.08826214,-0.05592558,0.9945261,0.0,0.0,0.0,0.0,0.0,0.0,0.0,-0.3439295,0.3261182,2.19774,-0.1152857,0.1283609,-2.241636,0.1033564,0.1004208,-0.04154468,0.9886897,12.28172,11.21154,356.3978,-0.07022186,0.0583569,-0.9958197,0.1014169,-0.002671176,0.4405113,0.2255148,-0.08806197,-0.2779605,-0.06075352,0.2089601,1.9929,0.9763794,-0.06139135,-0.2071578,0.1029078,0.975183,0.1960308,0.1899821,-0.2127186,0.9584662,moving,5.071595,-3.218547,-1.74612,5.985721,5.657677092061414,-0.1750805821184454
05/04/2023 16:19:21.003251,3844,True,True,True,True,Eyes,-0.1418993,0.1370554,-2.284225,0.08826214,-0.05592558,0.9945261,0.0,0.0,0.0,0.0,0.0,0.0,0.0,-0.3703195,0.3207744,2.182495,-0.1128854,0.1259619,-2.230406,0.1024521,0.1063743,-0.04141327,0.9881665,12.19797,11.91177,356.4777,-0.06938969,0.0584991,-0.99587,0.09533191,-0.002510905,0.4140806,0.2559427,-0.08787735,-0.2716489,-0.05635583,0.20896,1.9929,0.9739389,-0.06004988,-0.2187167,0.1036429,0.9755769,0.1936689,0.2017452,-0.2112901,0.9563761,moving,5.071595,-3.218547,-1.619796,5.98572,5.657677092061414,-0.1750805821184454
05/04/2023 16:19:21.013143,3845,True,True,True,True,Eyes,-0.1418993,0.1370554,-2.284225,0.08826214,-0.05592558,0.9945261,0.0,0.0,0.0,0.0,0.0,0.0,0.0,-0.3958918,0.3195207,2.166469,-0.1106918,0.1227872,-2.219253,0.1022506,0.1122409,-0.04079742,0.9875638,12.18778,12.60724,356.6201,-0.0686407,0.05862705,-0.9959146,0.08961199,-0.002360251,0.3892358,0.2853984,-0.09104249,-0.2659405,-0.0522128,0.2089601,1.9929,0.9714751,-0.05762671,-0.2300332,0.1035335,0.9757608,0.1927997,0.213347,-0.2111162,0.9538936,moving,5.071595,-3.218547,-1.500772,5.985721,5.657677092061414,-0.1750805821184454
05/04/2023 16:19:21.033142,3846,True,True,True,True,Eyes,-0.1418993,0.1370554,-2.284225,0.08826214,-0.05592558,0.9945261,0.0,0.0,0.0,0.0,0.0,0.0,0.0,-0.4221748,0.3183205,2.149766,-0.1083242,0.1213513,-2.207849,0.1024349,0.1183468,-0.03973469,0.9868751,12.2153,13.33646,356.8221,-0.06796628,0.05874223,-0.9959543,0.08423527,-0.002218636,0.3658817,0.316085,-0.09381168,-0.2607524,-0.04782817,0.2089601,1.9929,0.9688305,-0.05418065,-0.2417274,0.102672,0.9758565,0.192776,0.2254465,-0.2115859,0.9510022,moving,5.071595,-3.218547,-1.374794,5.985722,5.657677092061414,-0.1750805821184454
05/04/2023 16:19:21.053181,3847,True,True,True,True,Eyes,-0.1418993,0.1370554,-2.284225,0.08826214,-0.05592558,0.9945261,0.0,0.0,0.0,0.0,0.0,0.0,0.0,-0.4491208,0.3164431,2.132579,-0.1059664,0.1207735,-2.196343,0.1026106,0.124733,-0.03799102,0.9861388,12.23102,14.10763,357.1067,-0.06735941,0.05884584,-0.9959896,0.07918116,-0.002085518,0.3439288,0.3479564,-0.09533824,-0.2561269,-0.04328689,0.20896,1.9929,0.9659967,-0.04933097,-0.2538046,0.1005267,0.9760556,0.192899,0.2382115,-0.2118539,0.9478255,moving,5.071595,-3.218547,-1.2443,5.985719,5.657677092061414,-0.1750805821184454
05/04/2023 16:19:21.065319,3848,True,True,True,True,Eyes,-0.1418993,0.1370554,-2.284225,0.08826214,-0.05592558,0.9945261,0.0,0.0,0.0,0.0,0.0,0.0,0.0,-0.4755355,0.3135838,2.115397,-0.1035416,0.1208566,-2.184959,0.1026883,0.1310606,-0.03631929,0.9853728,12.23328,14.87171,357.3809,-0.06681255,0.05893918,-0.996021,0.07443029,-0.001960387,0.3232931,0.3792054,-0.09567342,-0.2518483,-0.03915733,0.2089601,1.9929,0.9630081,-0.0446593,-0.2657461,0.09849284,0.976272,0.1928524,0.2508279,-0.2118925,0.9445565,moving,5.071595,-3.218547,-1.125627,5.985721,5.657677092061414,-0.1750805821184454
05/04/2023 16:19:21.093055,3849,True,True,True,True,Eyes,-0.1418993,0.1370554,-2.284225,0.08826214,-0.05592558,0.9945261,0.0,0.0,0.0,0.0,0.0,0.0,0.0,-0.502122,0.3107689,2.097706,-0.1011022,0.1202766,-2.173565,0.1026732,0.1374691,-0.03532253,0.9845369,12.23271,15.63771,357.5766,-0.0663213,0.05902302,-0.9960491,0.06996447,-0.001842764,0.3038955,0.410929,-0.09651334,-0.2481166,-0.03479987,0.20896,1.9929,0.9597091,-0.04132388,-0.2779402,0.09778146,0.9764211,0.1924596,0.2634335,-0.2118827,0.9411209,moving,5.071595,-3.218547,-1.000393,5.98572,5.657677092061414,-0.1750805821184454
05/04/2023 16:19:21.093055,3850,True,True,True,True,Eyes,-0.1418993,0.1370554,-2.284225,0.08826214,-0.05592558,0.9945261,0.0,0.0,0.0,0.0,0.0,0.0,0.0,-0.5274381,0.3113464,2.079672,-0.09880166,0.1186461,-2.162481,0.1032981,0.1435819,-0.0356273,0.9835876,12.32381,16.35444,357.6287,-0.06587823,0.05909862,-0.9960741,0.0657666,-0.001732198,0.2856618,0.4411384,-0.1015097,-0.2451289,-0.03046411,0.20896,1.9929,0.9562299,-0.04042166,-0.2898112,0.09974861,0.9761204,0.1929746,0.2750902,-0.2134364,0.9374275,moving,5.071595,-3.218547,-0.8757736,5.985718,5.657677092061414,-0.1750805821184454
05/04/2023 16:19:21.113063,3851,True,True,True,True,Eyes,-0.1418993,0.1370554,-2.284225,0.08826214,-0.05592558,0.9945261,0.0,0.0,0.0,0.0,0.0,0.0,0.0,-0.5527175,0.3165551,2.06071,-0.09641791,0.1171725,-2.151559,0.1051269,0.1496682,-0.03661442,0.9824496,12.56363,17.06223,357.6234,-0.0654795,0.05916658,-0.9960958,0.06182061,-0.001628266,0.2685221,0.4712718,-0.1115018,-0.243308,-0.02588403,0.2089601,1.9929,0.9525176,-0.04047535,-0.3017812,0.1034119,0.9752154,0.1956037,0.2863846,-0.2175238,0.9330956,moving,5.071595,-3.218547,-0.744123,5.985721,5.657677092061414,-0.1750805821184454
05/04/2023 16:19:21.132985,3852,True,True,True,True,Eyes,-0.1398033,0.1363615,-2.2777,0.0967278,-0.05639651,0.9937118,0.0,0.0,0.0,0.0,0.0,0.0,0.0,-0.5775421,0.3247057,2.041155,-0.09402016,0.1185683,-2.140655,0.108431,0.1556641,-0.03835478,0.9810916,12.98537,17.75343,357.559,-0.06512065,0.05922776,-0.9961153,0.05811137,-0.00153057,0.2524107,0.5002319,-0.1249051,-0.2423995,-0.02178568,0.20896,1.9929,0.9485952,-0.04150147,-0.3137591,0.1090167,0.9735433,0.2008205,0.2971238,-0.2247023,0.9280229,moving,5.55965,-3.248245,-0.6263123,5.985719,5.675370195347383,-0.17244722639839932
05/04/2023 16:19:21.153046,3853,True,True,True,True,Eyes,-0.1376705,0.1357391,-2.270999,0.1053143,-0.05691052,0.9928092,0.0,0.0,0.0,0.0,0.0,0.0,0.0,-0.5995882,0.3211296,2.024637,-0.09151229,0.1211338,-2.130431,0.1092439,0.1610692,-0.04030006,0.9800502,13.12706,18.36937,357.4222,-0.06472406,0.0592699,-0.9961382,0.05462469,-0.001438736,0.2372661,0.5275699,-0.1274216,-0.2408349,-0.01736969,0.20896,1.9929,0.9448652,-0.0438005,-0.3245169,0.1141838,0.9728833,0.2011469,0.3069068,-0.2271113,0.9242449,moving,6.055125,-3.28076,-0.4993651,5.985719,5.693362439920877,-0.1697293708498738
05/04/2023 16:19:21.165840,3854,True,True,True,True,Eyes,-0.135677,0.1352785,-2.264103,0.1139514,-0.05744717,0.991824,0.0,0.0,0.0,0.0,0.0,0.0,0.0,-0.6228408,0.3154321,2.006878,-0.08860442,0.1222396,-2.119479,0.1094248,0.1667649,-0.04317418,0.9789544,13.21723,19.00733,357.1718,-0.06429191,0.05929843,-0.9961639,0.05134721,-0.001352411,0.2230301,0.5563455,-0.1296237,-0.2390309,-0.01298279,0.20896,1.9929,0.9406509,-0.0480347,-0.3359591,0.1210275,0.9723244,0.1998439,0.3170618,-0.2286437,0.9204314,moving,6.55402,-3.31491,-0.3732493,5.98572,5.711496853746913,-0.16696624087721224
05/04/2023 16:19:21.183305,3855,True,True,True,True,Eyes,-0.1336115,0.1349527,-2.257067,0.1227999,-0.0578127,0.9907461,0.0,0.0,0.0,0.0,0.0,0.0,0.0,-0.6447941,0.2989913,1.991966,-0.08565526,0.1254028,-2.109507,0.1075544,0.1722155,-0.0465862,0.9780611,13.0873,19.60717,356.817,-0.06383406,0.05932229,-0.9961923,0.04826637,-0.001271267,0.2096483,0.5843097,-0.1221678,-0.2372767,-0.00876224,0.20896,1.9929,0.9363431,-0.05408323,-0.3468957,0.1281734,0.9725236,0.1943439,0.3268535,-0.2264354,0.9175477,moving,7.065597,-3.339576,-0.2519124,5.98572,5.72996030493399,-0.16432746079325208
05/04/2023 16:19:21.203271,3856,True,True,True,True,Eyes,-0.1316292,0.1347828,-2.249847,0.1319619,-0.05814738,0.9895478,0.0,0.0,0.0,0.0,0.0,0.0,0.0,-0.6708962,0.2786545,1.975342,-0.081999,0.1280123,-2.099194,0.1049271,0.178625,-0.05133778,0.9769585,12.90642,20.30465,356.3046,-0.06335106,0.05934811,-0.9962219,0.04537039,-0.001194991,0.1970694,0.6167362,-0.1135831,-0.2367398,-0.004454315,0.2089601,1.9929,0.9309152,-0.06282456,-0.3597918,0.1377949,0.9727094,0.1866784,0.3382449,-0.2233592,0.9141669,moving,7.595906,-3.362922,-0.1280611,5.98572,5.749071481859569,-0.1616338478172239
05/04/2023 16:19:21.213076,3857,True,True,True,True,Eyes,-0.1295587,0.13476,-2.242514,0.1414398,-0.05838529,0.9882237,0.0,0.0,0.0,0.0,0.0,0.0,0.0,-0.7002251,0.2559759,1.957538,-0.07838245,0.1314168,-2.08911,0.1022924,0.1859117,-0.05795174,0.9755075,12.77493,21.08582,355.5876,-0.06284691,0.05938317,-0.996252,0.04264817,-0.001123291,0.1852452,0.6525207,-0.1060814,-0.2385179,0.0001078844,0.2089601,1.9929,0.9241569,-0.07503,-0.3745725,0.1510994,0.9723557,0.1780262,0.3508604,-0.2211218,0.9099462,moving,8.14516,-3.381164,0.003101672,5.985721,5.768789712092343,-0.15895562443046143
05/04/2023 16:19:21.233149,3858,True,True,True,True,Eyes,-0.1274379,0.1348428,-2.235069,0.1510476,-0.05864418,0.9867854,0.0,0.0,0.0,0.0,0.0,0.0,0.0,-0.7331291,0.2325384,1.93778,-0.0744206,0.1347871,-2.079144,0.09962782,0.1941902,-0.06453871,0.9737552,12.6557,21.98875,354.8846,-0.06231976,0.05943348,-0.9962824,0.04008928,-0.001055894,0.1741305,0.6918778,-0.09913879,-0.2424627,0.004242957,0.2089601,1.9929,0.9162499,-0.08699633,-0.391047,0.1643833,0.9718181,0.1689606,0.3653277,-0.2190918,0.904729,moving,8.702736,-3.40106,0.1219846,5.985721,5.788824260591986,-0.15621092707081163
05/04/2023 16:19:21.253254,3859,True,True,True,True,Eyes,-0.1252391,0.1349547,-2.227548,0.1610112,-0.05881359,0.9851986,0.0,0.0,0.0,0.0,0.0,0.0,0.0,-0.7675269,0.2108573,1.916492,-0.07069948,0.1372633,-2.069459,0.0971639,0.2030653,-0.07030357,0.9717927,12.5563,22.97621,354.2861,-0.06177033,0.05950255,-0.9963127,0.03768392,-0.00099254,0.1636827,0.7332287,-0.09387792,-0.2485632,0.00860405,0.20896,1.9929,0.9076437,-0.09717976,-0.4083367,0.1761022,0.9712332,0.1602939,0.3810129,-0.2173988,0.8986474,moving,9.281803,-3.416343,0.2473645,5.985719,5.809562444151935,-0.15346156481359854
05/04/2023 16:19:21.266174,3860,True,True,True,True,Eyes,-0.1229542,0.1350485,-2.219967,0.1708546,-0.05913108,0.9835203,0.0,0.0,0.0,0.0,0.0,0.0,0.0,-0.8026284,0.1921828,1.893888,-0.06688394,0.1379849,-2.060205,0.09480184,0.212235,-0.07430521,0.9697669,12.43968,24.02316,353.8936,-0.06119797,0.05959002,-0.996343,0.03542289,-0.0009329876,0.1538617,0.775599,-0.08976293,-0.2563658,0.01300013,0.20896,1.9929,0.8988701,-0.1038769,-0.4257255,0.184358,0.9709827,0.152331,0.3975484,-0.2154117,0.8919379,moving,9.854926,-3.440588,0.3737479,5.985719,5.830203979295853,-0.15056901599950887
05/04/2023 16:19:21.283458,3861,True,True,True,True,Eyes,-0.1205813,0.1351337,-2.212348,0.1809678,-0.05944879,0.9816906,0.0,0.0,0.0,0.0,0.0,0.0,0.0,-0.8371201,0.1838254,1.869729,-0.06298571,0.1377154,-2.051223,0.09428638,0.2212582,-0.07561781,0.9676967,12.47088,25.08518,353.8487,-0.06059879,0.05969389,-0.9963736,0.03329751,-0.0008770084,0.14463,0.8167425,-0.0915971,-0.2654151,0.01733923,0.2089601,1.9929,0.8906535,-0.104627,-0.4424811,0.1880735,0.970784,0.1490191,0.4139622,-0.2159434,0.8843098,moving,10.44482,-3.465461,0.4984895,5.985721,5.85144849857663,-0.1475933554103506
05/04/2023 16:19:21.302958,3862,True,True,True,True,Eyes,-0.1180991,0.1352133,-2.204691,0.1908704,-0.05986299,0.9797882,0.0,0.0,0.0,0.0,0.0,0.0,0.0,-0.8698153,0.1784997,1.845753,-0.05873315,0.1376359,-2.042755,0.09409005,0.2298391,-0.07465295,0.9657889,12.47764,26.12325,354.0656,-0.05997211,0.05981223,-0.9964046,0.03129966,-0.0008243879,0.1359522,0.8563396,-0.09220464,-0.2748188,0.0216803,0.20896,1.9929,0.8832018,-0.1009468,-0.4580002,0.1874491,0.971148,0.1474259,0.4299039,-0.2160586,0.8766421,moving,11.0236,-3.496305,0.6232828,5.98572,5.8723748330423735,-0.14455271219613752
05/04/2023 16:19:21.313312,3863,True,True,True,True,Eyes,-0.1154971,0.1353204,-2.196998,0.2010509,-0.06014461,0.9777327,0.0,0.0,0.0,0.0,0.0,0.0,0.0,-0.9019268,0.172159,1.82121,-0.05396929,0.1376851,-2.034219,0.09359496,0.2383235,-0.07334876,0.9638787,12.4384,27.15585,354.3119,-0.05931548,0.0599436,-0.9964361,0.02942168,-0.0007749246,0.1277951,0.8958323,-0.0910235,-0.2844886,0.02592164,0.20896,1.9929,0.8756437,-0.09678685,-0.47316,0.1860103,0.9717199,0.1454669,0.4456996,-0.2153898,0.8688838,moving,11.61975,-3.520078,0.745204,5.98572,5.893827274593337,-0.1415711290216278
05/04/2023 16:19:21.333005,3864,True,True,True,True,Eyes,-0.1154971,0.1353204,-2.196998,0.2010509,-0.06014461,0.9777327,0.0,0.0,0.0,0.0,0.0,0.0,0.0,-0.9342226,0.1603794,1.796314,-0.04872717,0.1384618,-2.025757,0.09187625,0.2469842,-0.07191627,0.9619697,12.25651,28.21251,354.5402,-0.05862451,0.06008849,-0.9964684,0.02765638,-0.0007284291,0.1201274,0.9365751,-0.08415058,-0.2949039,0.03025478,0.2089601,1.9929,0.8676537,-0.09297857,-0.4883975,0.1837465,0.9727736,0.14124,0.4619679,-0.2122887,0.8611151,moving,11.61975,-3.520078,0.8697567,5.985721,5.893827274593337,-0.1415711290216278
05/04/2023 16:19:21.352964,3865,True,True,True,True,Eyes,-0.1154971,0.1353204,-2.196998,0.2010509,-0.06014461,0.9777327,0.0,0.0,0.0,0.0,0.0,0.0,0.0,-0.9648606,0.1401036,1.772165,-0.04344157,0.1399034,-2.017348,0.08819138,0.2554752,-0.07092135,0.9601692,11.86431,29.24373,354.6568,-0.05800205,0.060219,-0.9964972,0.025997,-0.0006847234,0.1129197,0.9769861,-0.06937511,-0.3052018,0.03463811,0.2089601,1.9929,0.8594052,-0.09113154,-0.5031082,0.1812544,0.974385,0.13312,0.4780896,-0.2055946,0.8539094,moving,11.61975,-3.520078,0.9957438,5.985723,5.893827274593337,-0.1415711290216278
05/04/2023 16:19:21.366495,3866,True,True,True,True,Eyes,-0.1123164,0.1355294,-2.188601,0.2133611,-0.0600234,0.9751278,0.0,0.0,0.0,0.0,0.0,0.0,0.0,-0.9941486,0.1153508,1.747766,-0.0378594,0.1412233,-2.008717,0.08343135,0.263777,-0.07060109,0.9583718,11.37107,30.24505,354.6559,-0.05744222,0.06033634,-0.9965226,0.02443718,-0.0006436399,0.1061446,1.016885,-0.05129123,-0.315411,0.03896129,0.2089601,1.9929,0.8508744,-0.09130964,-0.5173736,0.1793387,0.9761094,0.1226706,0.4938122,-0.1971624,0.8469218,moving,12.342,-3.522363,1.119993,5.985721,5.919479454423215,-0.13845730325937053
05/04/2023 16:19:21.383180,3867,True,True,True,True,Eyes,-0.1090141,0.1357046,-2.180219,0.2256791,-0.05969958,0.9723708,0.0,0.0,0.0,0.0,0.0,0.0,0.0,-1.018551,0.09290417,1.725472,-0.03266008,0.1412595,-2.000577,0.07851714,0.2708645,-0.0694696,0.9568916,10.83017,31.10911,354.7182,-0.05681391,0.0604753,-0.9965503,0.02297095,-0.0006050215,0.09977589,1.051849,-0.03274944,-0.3240491,0.04327744,0.2089601,1.9929,0.8436128,-0.09041472,-0.529285,0.1754847,0.978018,0.1126311,0.5074668,-0.1878985,0.840935,moving,13.06653,-3.513316,1.244029,5.985721,5.945068089156116,-0.13554679176883944
05/04/2023 16:19:21.403144,3868,True,True,True,True,Eyes,-0.1055906,0.1358601,-2.171866,0.2383407,-0.05983453,0.9693367,0.0,0.0,0.0,0.0,0.0,0.0,0.0,-1.041652,0.07797404,1.702758,-0.02661948,0.1406351,-1.99249,0.07534502,0.2773489,-0.06853884,0.9553551,10.48516,31.89936,354.7974,-0.05611692,0.06063252,-0.9965803,0.0,0.0,0.0,1.084973,-0.02166959,-0.3324852,0.04777139,0.2089601,1.9929,0.83676,-0.08916415,-0.5402615,0.1727516,0.9792511,0.1059441,0.5196053,-0.1819808,0.8348014,moving,13.81387,-3.532232,1.373162,5.98572,5.971822350136391,-0.13201367383630355
05/04/2023 16:19:21.413299,3869,True,True,True,True,Eyes,-0.102026,0.1360372,-2.163548,0.2509779,-0.0600063,0.9661311,0.0,0.0,0.0,0.0,0.0,0.0,0.0,-1.06422,0.069095,1.680096,-0.02031465,0.1400365,-1.984953,0.07376,0.2835288,-0.06790232,0.9537087,10.32291,32.65123,354.8862,-0.05535181,0.06080537,-0.9966126,0.0,0.0,0.0,1.116571,-0.01689451,-0.3415134,0.0521313,0.20896,1.9929,0.8300014,-0.0876919,-0.5508246,0.1713442,0.9798974,0.1021866,0.5307909,-0.1791956,0.8283418,moving,14.56221,-3.554069,1.498431,5.985721,5.998649317435171,-0.12842139784167478
05/04/2023 16:19:21.432884,3870,True,True,True,True,Eyes,-0.09833271,0.136281,-2.155284,0.2637317,-0.06069883,0.9626843,0.0,0.0,0.0,0.0,0.0,0.0,0.0,-1.088063,0.06381392,1.656096,-0.01354553,0.1407432,-1.977528,0.07382111,0.2899834,-0.06845567,0.9517216,10.38236,33.42737,354.8972,-0.05451859,0.06099325,-0.9966471,0.0,0.0,0.0,1.148819,-0.01861277,-0.3521041,0.05631644,0.2089601,1.9929,0.8224469,-0.08748768,-0.5620738,0.1731153,0.9797285,0.1008123,0.5418599,-0.1802163,0.8209202,moving,15.32055,-3.607817,1.618664,5.985721,6.026237773513985,-0.12418677033621764
05/04/2023 16:19:21.453169,3871,True,True,True,True,Eyes,-0.09450618,0.1365282,-2.147071,0.276418,-0.0614597,0.9590703,0.0,0.0,0.0,0.0,0.0,0.0,0.0,-1.111173,0.05509594,1.632757,-0.00690165,0.1426335,-1.970595,0.07366553,0.2963662,-0.07033917,0.9496278,10.46308,34.18414,354.7531,-0.05361643,0.06119794,-0.9966837,0.0,0.0,0.0,1.180629,-0.02011009,-0.3636482,0.06064242,0.20896,1.9929,0.8144389,-0.08992811,-0.5732383,0.177256,0.9792516,0.09821736,0.552512,-0.181602,0.8134809,moving,16.07775,-3.666647,1.742929,5.985719,6.053850558769398,-0.11986146318460533
05/04/2023 16:19:21.473858,3872,True,True,True,True,Eyes,-0.09052975,0.1367327,-2.138921,0.2891182,-0.0627643,0.9552337,0.0,0.0,0.0,0.0,0.0,0.0,0.0,-1.132897,0.04766671,1.609551,-5.278399e-05,0.1429423,-1.963657,0.07373311,0.3023764,-0.07314248,0.9475137,10.60047,34.88891,354.5113,-0.0526441,0.06141818,-0.996722,0.0,0.0,0.0,1.211088,-0.02532707,-0.3748339,0.06497806,0.20896,1.9929,0.8064374,-0.09401669,-0.5837976,0.1831973,0.9784272,0.0954931,0.5622255,-0.1839593,0.8062639,moving,16.83936,-3.759256,1.867455,5.98572,6.08205032656974,-0.11488245924689044
05/04/2023 16:19:21.483101,3873,True,True,True,True,Eyes,-0.08642101,0.1369046,-2.130844,0.3018037,-0.06423038,0.9512039,0.0,0.0,0.0,0.0,0.0,0.0,0.0,-1.156214,0.04356062,1.58475,0.00728976,0.1421711,-1.957012,0.07490308,0.3087178,-0.077148,0.9450561,10.90664,35.62484,354.1801,-0.05160007,0.06165057,-0.9967623,0.0,0.0,0.0,1.242578,-0.03768123,-0.3879867,0.06935191,0.20896,1.9929,0.797483,-0.09957057,-0.5950686,0.1920662,0.9768754,0.09394131,0.571954,-0.1892091,0.7981657,moving,17.6035,-3.863054,1.99306,5.98572,6.11048245985277,-0.10968237778138407
05/04/2023 16:19:21.503491,3874,True,True,True,True,Eyes,-0.08219775,0.1370494,-2.122822,0.3144991,-0.06616268,0.9469492,0.0,0.0,0.0,0.0,0.0,0.0,0.0,-1.180991,0.03973757,1.558625,0.01437243,0.1415662,-1.950739,0.07613736,0.3156166,-0.08059076,0.9423876,11.20812,36.43581,353.9236,-0.05048473,0.06189223,-0.9968044,0.0,0.0,0.0,1.275412,-0.04964908,-0.4034865,0.07388371,0.2089601,1.9929,0.7877827,-0.1038351,-0.6071383,0.1999559,0.9754165,0.09263025,0.5825943,-0.1943734,0.7891786,moving,18.37227,-3.996722,2.123181,5.985722,6.139459558398945,-0.10390114188232069
05/04/2023 16:19:21.513128,3875,True,True,True,True,Eyes,-0.07782146,0.137175,-2.114879,0.3272161,-0.06819802,0.9424853,0.0,0.0,0.0,0.0,0.0,0.0,0.0,-1.206146,0.03477173,1.531582,0.02191538,0.1409944,-1.944578,0.07713271,0.3226681,-0.08384793,0.9396304,11.48215,37.26929,353.6848,-0.04929847,0.06214105,-0.9968483,0.0,0.0,0.0,1.308915,-0.06063703,-0.4199653,0.07843608,0.2089601,1.9929,0.7777096,-0.1077956,-0.6193124,0.2073487,0.9740402,0.09084237,0.5934427,-0.1990626,0.7798716,moving,19.1462,-4.138696,2.25387,5.985721,6.16872558090849,-0.0979418381350155
05/04/2023 16:19:21.533064,3876,True,True,True,True,Eyes,-0.07330444,0.1372932,-2.107013,0.3399504,-0.07040619,0.9378042,0.0,0.0,0.0,0.0,0.0,0.0,0.0,-1.232824,0.02878875,1.50274,0.02966852,0.1407263,-1.938615,0.078183,0.3302832,-0.08736074,0.9365728,11.78008,38.17204,353.4308,-0.04803887,0.06239556,-0.996894,0.0,0.0,0.0,1.343591,-0.07215537,-0.4384796,0.08246619,0.2089601,1.9929,0.7665623,-0.1119943,-0.6323287,0.2152845,0.972511,0.08874059,0.6050082,-0.2041557,0.7696009,moving,19.92538,-4.293459,2.369547,5.985721,6.198340858361285,-0.0917198166048197
05/04/2023 16:19:21.553067,3877,True,True,True,True,Eyes,-0.06863378,0.1374145,-2.099223,0.3527076,-0.07255979,0.932916,0.0,0.0,0.0,0.0,0.0,0.0,0.0,-1.259605,0.01950151,1.472971,0.03742487,0.1407264,-1.932724,0.07822879,0.3381987,-0.09009354,0.9334801,11.94596,39.12191,353.2326,-0.04670531,0.06265476,-0.9969411,0.0,0.0,0.0,1.379293,-0.07876298,-0.4582617,0.08666253,0.2089601,1.9929,0.7550095,-0.1152873,-0.6454995,0.2211148,0.9715268,0.085111,0.6173078,-0.2069891,0.7590037,moving,20.7101,-4.447364,2.489975,5.985721,6.228141741168317,-0.08549036789859041
05/04/2023 16:19:21.566912,3878,True,True,True,True,Eyes,-0.06374224,0.1375292,-2.091568,0.3659875,-0.07430259,0.9276487,0.0,0.0,0.0,0.0,0.0,0.0,0.0,-1.284405,0.006448492,1.443854,0.04554318,0.1408894,-1.926792,0.0771903,0.3457161,-0.09253983,0.9305689,11.98449,40.02766,353.021,-0.04529614,0.06291834,-0.9969895,0.0,0.0,0.0,1.414223,-0.08086105,-0.4772585,0.0910511,0.20896,1.9929,0.7438334,-0.1188575,-0.6577117,0.2256012,0.9709561,0.07967674,0.629139,-0.2076468,0.7490441,moving,21.53084,-4.579487,2.615896,5.985718,6.258942872720571,-0.07951720657230188
05/04/2023 16:19:21.583117,3879,True,True,True,True,Eyes,-0.05869765,0.1376386,-2.083994,0.3793104,-0.07594448,0.9221475,0.0,0.0,0.0,0.0,0.0,0.0,0.0,-1.308959,-0.007212862,1.414379,0.05421554,0.1410604,-1.921213,0.0759156,0.3531638,-0.09467519,0.9276577,11.98872,40.93067,352.8336,-0.04380702,0.06318529,-0.9970392,0.0,0.0,0.0,1.449171,-0.08173815,-0.4968276,0.09539086,0.20896,1.9929,0.7326239,-0.122031,-0.669605,0.2292736,0.9705468,0.07397567,0.6408556,-0.2077191,0.7390242,moving,22.35902,-4.708033,2.740391,5.985719,6.28996236036882,-0.07357964885584883
05/04/2023 16:19:21.603426,3880,True,True,True,True,Eyes,-0.0535375,0.137731,-2.076471,0.3941633,-0.0759394,0.9158977,0.0,0.0,0.0,0.0,0.0,0.0,0.0,-1.334794,-0.02192175,1.3825,0.062695,0.1410104,-1.915632,0.07417917,0.3613316,-0.09628521,0.9244816,11.93116,41.93139,352.694,-0.04223658,0.063455,-0.9970899,0.0,0.0,0.0,1.485925,-0.08062083,-0.5190064,0.09976047,0.2089601,1.9929,0.7203372,-0.1244213,-0.6823736,0.2316343,0.9704532,0.06757277,0.6538041,-0.2067363,0.7278738,moving,23.28498,-4.739697,2.865717,5.98572,6.323215951555332,-0.06904744639687974
05/04/2023 16:19:21.613373,3881,True,True,True,True,Eyes,-0.04823612,0.1377678,-2.069035,0.4089251,-0.0759743,0.9093999,0.0,0.0,0.0,0.0,0.0,0.0,0.0,-1.359418,-0.03423479,1.350775,0.07132995,0.1402484,-1.910242,0.07303557,0.3691541,-0.09820221,0.9212748,11.951,42.88993,352.54,-0.04058542,0.06372647,-0.9971411,0.0,0.0,0.0,1.521186,-0.08297297,-0.541202,0.1042497,0.20896,1.9929,0.7081632,-0.1270197,-0.6945293,0.2348652,0.9700443,0.06206817,0.6658403,-0.2070751,0.7167821,moving,24.21177,-4.775591,2.994446,5.98572,6.356552901878299,-0.06443220331813387
05/04/2023 16:19:21.633144,3882,True,True,True,True,Eyes,-0.04274979,0.1377434,-2.061733,0.423373,-0.07609756,0.9027538,0.0,0.0,0.0,0.0,0.0,0.0,0.0,-1.382809,-0.04439125,1.319167,0.07977896,0.1389396,-1.904905,0.07224465,0.3767298,-0.09990425,0.9180819,12.00089,43.82327,352.4212,-0.03885337,0.06399668,-0.9971928,0.0,0.0,0.0,1.554795,-0.08682328,-0.5631013,0.1084681,0.2089601,1.9929,0.6961876,-0.1290072,-0.7061728,0.237874,0.9695997,0.05737921,0.6773027,-0.2079269,0.7057107,moving,25.12561,-4.818352,3.115378,5.985721,6.389517952107982,-0.059742941773403835
05/04/2023 16:19:21.652925,3883,True,True,True,True,Eyes,-0.03711387,0.1376989,-2.054526,0.4376168,-0.0762874,0.8959195,0.0,0.0,0.0,0.0,0.0,0.0,0.0,-1.403988,-0.05178418,1.288925,0.08829642,0.1377194,-1.899587,0.07222162,0.3836165,-0.1016197,0.9150388,12.13039,44.67366,352.3256,-0.03703704,0.06426264,-0.9972448,0.0,0.0,0.0,1.585866,-0.09332573,-0.5835538,0.1128005,0.2089601,1.9929,0.6850236,-0.1305611,-0.7167262,0.2413827,0.9689149,0.05420518,0.6873696,-0.2101371,0.6952448,moving,26.03345,-4.866986,3.239552,5.985721,6.422344996376753,-0.05496879592712939
05/04/2023 16:19:21.673269,3884,True,True,True,True,Eyes,-0.03125492,0.1375735,-2.047493,0.4513049,-0.07633395,0.889099,0.0,0.0,0.0,0.0,0.0,0.0,0.0,-1.422619,-0.05947014,1.261083,0.0970689,0.1372476,-1.894585,0.07227258,0.3896524,-0.1033852,0.9122824,12.26507,45.41904,352.2182,-0.03513597,0.06452358,-0.9972968,0.0,0.0,0.0,1.614421,-0.09930947,-0.6020158,0.1171958,0.2089601,1.9929,0.674965,-0.1323107,-0.72589,0.2449554,0.9681763,0.05129742,0.6960023,-0.2124346,0.6858953,moving,26.91226,-4.907119,3.365497,5.985721,6.454033802157209,-0.05047787421744668
05/04/2023 16:19:21.683622,3885,True,True,True,True,Eyes,-0.02525996,0.1373911,-2.040547,0.4647672,-0.07632737,0.8821369,0.0,0.0,0.0,0.0,0.0,0.0,0.0,-1.439414,-0.06778871,1.234276,0.1063178,0.1354833,-1.88952,0.07122618,0.3950953,-0.1040918,0.9099404,12.23228,46.10051,352.1693,-0.03314608,0.06477558,-0.9973485,0.0,0.0,0.0,1.642003,-0.1006315,-0.6183003,0.1215134,0.20896,1.9929,0.6661291,-0.1331524,-0.7338545,0.2457169,0.9681835,0.0473708,0.7041982,-0.2118755,0.677653,moving,27.78318,-4.945231,3.489186,5.985719,6.485416938012619,-0.04605848822114142
05/04/2023 16:19:21.703116,3886,True,True,True,True,Eyes,0.1294041,0.1306895,-1.870356,0.7560385,-0.06518981,0.6512728,0.0,0.0,0.0,0.0,0.0,0.0,0.0,-1.455387,-0.07574996,1.207937,0.1154518,0.1339227,-1.884605,0.07006074,0.4003606,-0.1043152,0.9077011,12.1643,46.76554,352.1641,-0.03106724,0.06501661,-0.9973997,0.0,0.0,0.0,1.66906,-0.1004665,-0.634568,0.1261654,0.20896,1.992899,0.6576594,-0.1332749,-0.7414323,0.2454731,0.9684197,0.043661,0.7121987,-0.2107158,0.6696057,moving,49.25747,-5.71604,3.622416,5.98572,7.257078519036442,0.05973520376080277
05/04/2023 16:19:21.712921,3887,True,True,True,True,Eyes,0.1298017,0.1306086,-1.870173,0.7563089,-0.06504758,0.6509729,0.0,0.0,0.0,0.0,0.0,0.0,0.0,-1.470005,-0.08374108,1.182736,0.1250325,0.1317804,-1.879838,0.06827569,0.4050965,-0.1038131,0.9057915,11.9932,47.37061,352.2002,-0.01707961,0.0656276,-0.9976973,0.4639923,-0.0201049,0.5105724,1.694997,-0.09714767,-0.6489285,0.1304713,0.20896,1.9929,0.6502394,-0.1327496,-0.7480416,0.2433825,0.9691225,0.03957842,0.71969,-0.2077957,0.6624706,moving,49.28064,-5.706262,3.745698,5.985721,7.257775888992271,0.05964992058436697
05/04/2023 16:19:21.733219,3888,True,True,True,True,Eyes,0.1305922,0.1304582,-1.869821,0.7566334,-0.06471691,0.6506286,0.0,0.0,0.0,0.0,0.0,0.0,0.0,-1.484755,-0.09128132,1.15715,0.1346924,0.129655,-1.875333,0.06657228,0.4099027,-0.1032429,0.9038191,11.82819,47.98637,352.2463,-0.005642394,0.06612595,-0.9977947,0.4361527,-0.01889861,0.4799381,1.720939,-0.09398392,-0.6640209,0.1347394,0.2089601,1.9929,0.6426414,-0.1320494,-0.754702,0.241202,0.9698181,0.03569954,0.7272095,-0.2049776,0.6550958,moving,49.30778,-5.680428,3.867865,5.985722,7.258409459755912,0.059279711340682384
05/04/2023 16:19:21.753205,3889,True,True,True,True,Eyes,0.13177,0.1302427,-1.869316,0.7571982,-0.06426767,0.6500158,0.0,0.0,0.0,0.0,0.0,0.0,0.0,-1.498263,-0.1000081,1.132709,0.1448854,0.1278671,-1.870957,0.06442021,0.4142322,-0.1024652,0.9020879,11.60212,48.54355,352.2854,0.00376326,0.06653166,-0.9977766,0.4099836,-0.01776469,0.4511418,1.746024,-0.08835198,-0.6775607,0.1388384,0.2089601,1.9929,0.6358252,-0.1314954,-0.7605495,0.2382351,0.9707019,0.03133663,0.7341461,-0.2011141,0.6485234,moving,49.3556,-5.646535,3.985157,5.98572,7.2596739729728155,0.05884594406328897
05/04/2023 16:19:21.773596,3890,True,True,True,True,Eyes,0.1332934,0.129976,-1.868634,0.7578474,-0.06373572,0.6493113,0.0,0.0,0.0,0.0,0.0,0.0,0.0,-1.509376,-0.1080698,1.108771,0.154455,0.1260921,-1.865346,0.06232705,0.4182353,-0.1016565,0.900478,11.378,49.06009,352.3241,0.01155181,0.06685972,-0.9976949,0.3853846,-0.01669881,0.4240733,1.769622,-0.08280845,-0.6891531,0.143246,0.20896,1.9929,0.6294903,-0.1309441,-0.7658953,0.2352135,0.9715626,0.02721563,0.7405515,-0.1972809,0.6423892,moving,49.41057,-5.606134,4.111246,5.98572,7.261109196978834,0.058320245932955095
05/04/2023 16:19:21.783116,3891,True,True,True,True,Eyes,0.1351461,0.1296523,-1.867772,0.7586852,-0.06312174,0.6483921,0.0,0.0,0.0,0.0,0.0,0.0,0.0,-1.522165,-0.1143731,1.0851,0.1649982,0.1244216,-1.861399,0.0607942,0.4221774,-0.100819,0.8988359,11.21055,49.57029,352.3897,0.01805491,0.0671223,-0.9975808,0.3622615,-0.01569688,0.3986289,1.793729,-0.07905434,-0.7025295,0.1477504,0.2089602,1.9929,0.6232036,-0.1299075,-0.7711948,0.2325713,0.9722793,0.02416103,0.746678,-0.194415,0.6361406,moving,49.48194,-5.560291,4.24006,5.985723,7.263056878077124,0.05776198393026982
05/04/2023 16:19:21.803260,3892,True,True,True,True,Eyes,0.1373601,0.1292828,-1.866821,0.7599084,-0.06263485,0.6470055,0.0,0.0,0.0,0.0,0.0,0.0,0.0,-1.534554,-0.1184713,1.061703,0.1756484,0.1226823,-1.857472,0.05968801,0.4259222,-0.09967325,0.8972697,11.07061,50.05873,352.5044,0.02353942,0.06732836,-0.9974526,0.3405258,-0.01475507,0.3747112,1.816968,-0.07612326,-0.7151296,0.1519332,0.2089601,1.9929,0.6173111,-0.1280227,-0.7762328,0.2297124,0.9730052,0.02220639,0.7524356,-0.1920186,0.6300552,moving,49.58807,-5.529418,4.359639,5.985721,7.266428529870668,0.0576329072276186
05/04/2023 16:19:21.812885,3893,True,True,True,True,Eyes,0.1399239,0.1288538,-1.865773,0.7612636,-0.06219031,0.6454534,0.0,0.0,0.0,0.0,0.0,0.0,0.0,-1.546622,-0.1220997,1.039028,0.1861577,0.121279,-1.853959,0.05901308,0.4295269,-0.09895036,0.8956746,10.99461,50.52683,352.5925,0.02851087,0.06749329,-0.9973117,0.3200942,-0.01386976,0.3522285,1.839557,-0.07518381,-0.7281462,0.1564188,0.2089601,1.9929,0.611431,-0.1265592,-0.7811113,0.22795,0.9734525,0.02070936,0.7577538,-0.1907167,0.6240482,moving,49.70635,-5.503537,4.487833,5.985722,7.2702948492689305,0.05764932507573972
05/04/2023 16:19:21.833150,3894,True,True,True,True,Eyes,0.1399239,0.1288538,-1.865773,0.7612636,-0.06219031,0.6454534,0.0,0.0,0.0,0.0,0.0,0.0,0.0,-1.558084,-0.1240729,1.017131,0.1970463,0.1194321,-1.850536,0.05909398,0.4327599,-0.09891642,0.8941153,11.02795,50.94334,352.64,0.03312497,0.06762106,-0.9971605,0.3008886,-0.01303758,0.3310948,1.860889,-0.07855382,-0.739906,0.1604927,0.2089601,1.9929,0.6058688,-0.1257384,-0.7855654,0.2280324,0.9734468,0.02005955,0.762184,-0.1912878,0.6184535,moving,49.70635,-5.503537,4.604222,5.985721,7.2702948492689305,0.05764932507573972
05/04/2023 16:19:21.853104,3895,True,True,True,True,Eyes,0.1399239,0.1288538,-1.865773,0.7612636,-0.06219031,0.6454534,0.0,0.0,0.0,0.0,0.0,0.0,0.0,-1.569018,-0.125852,0.9959749,0.2077662,0.1177212,-1.847321,0.05999688,0.4358328,-0.1000938,0.8924301,11.20584,51.3316,352.5991,0.03727712,0.06773482,-0.9970062,0.2828352,-0.01225532,0.3112291,1.88127,-0.0871252,-0.751921,0.1648206,0.2089601,1.9929,0.600062,-0.1263562,-0.7899113,0.2309507,0.9727632,0.01983769,0.76589,-0.1943344,0.6129003,moving,49.70635,-5.503537,4.727824,5.985722,7.2702948492689305,0.05764932507573972
05/04/2023 16:19:21.872927,3896,True,True,True,True,Eyes,0.1437297,0.1283925,-1.864428,0.7638015,-0.06284574,0.6423844,0.0,0.0,0.0,0.0,0.0,0.0,0.0,-1.580982,-0.1294132,0.9729478,0.2189037,0.1167537,-1.844269,0.06100518,0.4393965,-0.1017493,0.8904248,11.4234,51.78064,352.5207,0.04101349,0.0678362,-0.9968527,0.2658651,-0.01152,0.2925554,1.903053,-0.09646986,-0.7662474,0.169234,0.20896,1.9929,0.5931556,-0.1275893,-0.7949134,0.2348112,0.9718509,0.01922444,0.7700845,-0.1980577,0.6064182,moving,49.93496,-5.587578,4.853825,5.98572,7.279476325303755,0.060201057520683776
05/04/2023 16:19:21.883546,3897,True,True,True,True,Eyes,0.1478197,0.1279635,-1.863033,0.76644,-0.06342459,0.6391768,0.0,0.0,0.0,0.0,0.0,0.0,0.0,-1.592054,-0.1364066,0.9509245,0.2300269,0.1184003,-1.84135,0.06209522,0.4428292,-0.1039381,0.8883938,11.67638,52.20967,352.3905,0.04458347,0.06790642,-0.9966947,0.2499132,-0.0108288,0.275002,1.9242,-0.1046115,-0.7804532,0.1736205,0.2089601,1.9929,0.5861984,-0.1296808,-0.7997214,0.2396711,0.9706821,0.01827638,0.7739053,-0.2023836,0.6000931,moving,50.1734,-5.666827,4.97901,5.985721,7.288945460997694,0.06270450975541175
05/04/2023 16:19:21.903479,3898,True,True,True,True,Eyes,0.1522544,0.1274852,-1.86167,0.7705384,-0.06498164,0.6340724,0.0,0.0,0.0,0.0,0.0,0.0,0.0,-1.603141,-0.1457631,0.9282795,0.2408591,0.1187274,-1.838723,0.0608581,0.4464763,-0.1043192,0.8866074,11.59934,52.6781,352.3362,0.0480192,0.06795045,-0.996532,0.2349184,-0.01017907,0.2585019,1.946494,-0.102366,-0.7952083,0.1779897,0.20896,1.9929,0.5795529,-0.1306369,-0.8043957,0.2393237,0.9708276,0.01476243,0.7790011,-0.2010665,0.5939104,moving,50.5492,-5.851415,5.103652,5.985718,7.304630276269861,0.06777205620816185
05/04/2023 16:19:21.913296,3899,True,True,True,True,Eyes,0.1569344,0.1270348,-1.860244,0.7746317,-0.06643897,0.628913,0.0,0.0,0.0,0.0,0.0,0.0,0.0,-1.614701,-0.1532965,0.9035765,0.251994,0.1176612,-1.835719,0.05973127,0.4504277,-0.1045412,0.8846571,11.52877,53.1886,352.3074,0.05135243,0.06796808,-0.9963646,0.2208233,-0.00956833,0.2429918,1.969692,-0.1016733,-0.8110121,0.1824933,0.2089601,1.9929,0.5723719,-0.1311571,-0.809437,0.2387756,0.9710066,0.01150683,0.7844595,-0.1998599,0.587094,moving,50.92732,-6.030414,5.232082,5.985721,7.320326162919016,0.0727444100429967
05/04/2023 16:19:21.933156,3900,True,True,True,True,Eyes,0.1618924,0.1266787,-1.85879,0.7787221,-0.06771487,0.6237039,0.0,0.0,0.0,0.0,0.0,0.0,0.0,-1.62461,-0.1608187,0.8809727,0.2624545,0.1173733,-1.832669,0.05859537,0.4539266,-0.1045891,0.8829375,11.44479,53.64247,352.2898,0.05460688,0.06796358,-0.9961918,0.2075739,-0.00899423,0.2284123,1.990815,-0.09964747,-0.8247988,0.186591,0.2089601,1.9929,0.5660236,-0.1314953,-0.8138344,0.2378873,0.9712554,0.008520546,0.7893206,-0.1984237,0.5810345,moving,51.30763,-6.196272,5.34889,5.985721,7.335932254957813,0.0774790630404274
05/04/2023 16:19:21.953045,3901,True,True,True,True,Eyes,0.1671142,0.126427,-1.85729,0.7828512,-0.06878364,0.6183954,0.0,0.0,0.0,0.0,0.0,0.0,0.0,-1.633491,-0.1722518,0.8601288,0.2735915,0.1196948,-1.829919,0.05701008,0.4569668,-0.1047079,0.8814575,11.31484,54.03601,352.2348,0.05780605,0.06794418,-0.9960126,0.1951195,-0.008454576,0.2147076,2.011732,-0.09358864,-0.8373726,0.1909333,0.20896,1.9929,0.5604353,-0.1324877,-0.8175324,0.2366946,0.9715722,0.00480787,0.7936548,-0.1962,0.5758625,moving,51.69383,-6.346877,5.472621,5.98572,7.351552897730789,0.08195204750660295
05/04/2023 16:19:21.973264,3902,True,True,True,True,Eyes,0.1725843,0.1263066,-1.855719,0.7870825,-0.06963323,0.6129048,0.0,0.0,0.0,0.0,0.0,0.0,0.0,-1.643998,-0.186008,0.8353245,0.285085,0.1219117,-1.827282,0.05450916,0.4609781,-0.1044603,0.8795543,11.08093,54.55885,352.1813,0.06096949,0.06791698,-0.9958258,0.1834123,-0.007947301,0.2018251,2.035403,-0.08403325,-0.853918,0.1953292,0.2089599,1.992899,0.5531744,-0.1335019,-0.8222988,0.2340121,0.9722336,-0.000420296,0.7995226,-0.1921953,0.5690559,moving,52.09194,-6.481685,5.597828,5.985717,7.367394727501631,0.08617873376989338
05/04/2023 16:19:21.989754,3903,True,True,True,True,Eyes,0.1782746,0.126302,-1.854113,0.7914096,-0.07015201,0.6072475,0.0,0.0,0.0,0.0,0.0,0.0,0.0,-1.655879,-0.1988239,0.8065012,0.2967362,0.1248171,-1.824357,0.05204649,0.4659081,-0.1033732,0.8772314,10.815,55.20959,352.2258,0.06411464,0.06788991,-0.9956301,0.1724076,-0.007470463,0.1897156,2.061151,-0.07231359,-0.8739794,0.1998111,0.20896,1.9929,0.5444872,-0.1328666,-0.8281788,0.2298622,0.9732103,-0.005011186,0.806658,-0.1876384,0.5604416,moving,52.50102,-6.589859,5.725427,5.985721,7.383286273178129,0.08995142125985234
05/04/2023 16:19:22.003396,3904,True,True,True,True,Eyes,0.1842009,0.1263328,-1.852484,0.7958054,-0.07052354,0.6014318,0.0,0.0,0.0,0.0,0.0,0.0,0.0,-1.66798,-0.2094972,0.7770446,0.307626,0.1275265,-1.821798,0.04895715,0.4710575,-0.100705,0.8749666,10.40165,55.90067,352.3988,0.06725539,0.06786913,-0.9954243,0.1620631,-0.007022236,0.1783327,2.086746,-0.05515466,-0.8952773,0.2043607,0.2089601,1.9929,0.5359266,-0.1301039,-0.8341795,0.2223504,0.9749234,-0.009203983,0.8144585,-0.1805475,0.551416,moving,52.91975,-6.687929,5.854895,5.98572,7.399391388610298,0.09357521316925782
05/04/2023 16:19:22.013350,3905,True,True,True,True,Eyes,0.1903123,0.1263843,-1.85081,0.8002672,-0.07083478,0.595445,0.0,0.0,0.0,0.0,0.0,0.0,0.0,-1.679788,-0.2170118,0.7471415,0.3188119,0.1287216,-1.819008,0.04692427,0.4760849,-0.09879629,0.8725713,10.13455,56.57275,352.5444,0.07040509,0.06785586,-0.9952074,0.1523393,-0.006600901,0.1676327,2.111411,-0.04462808,-0.9160431,0.2085498,0.2089601,1.9929,0.5271649,-0.1277337,-0.8401081,0.2170935,0.9760748,-0.0121813,0.8215643,-0.1759604,0.5422824,moving,53.34862,-6.784085,5.974052,5.985721,7.41583184303124,0.09720614090309654
05/04/2023 16:19:22.033179,3906,True,True,True,True,Eyes,0.1966045,0.1264555,-1.849111,0.8047654,-0.07135805,0.5892884,0.0,0.0,0.0,0.0,0.0,0.0,0.0,-1.691275,-0.2224083,0.7167296,0.3293087,0.1293429,-1.816151,0.04606275,0.4813161,-0.09780579,0.8698546,10.03716,57.26859,352.6594,0.07357341,0.06785052,-0.9949785,0.143199,-0.006204847,0.1575748,2.134962,-0.0406668,-0.9379539,0.212612,0.2089602,1.9929,0.5175377,-0.1258122,-0.8463604,0.2144951,0.9766245,-0.01401521,0.8283396,-0.1742868,0.5324261,moving,53.7866,-6.90444,6.089551,5.985723,7.432903918662603,0.1013306730163217
05/04/2023 16:19:22.053171,3907,True,True,True,True,Eyes,0.357805,0.1282323,-1.805865,0.9032007,-0.08805275,0.4200895,1.983043,2.148891,-0.04638012,-0.9728099,-0.5671629,-0.05419451,-0.8218207,0.2232865,0.2065039,1.979501,0.3396567,0.1296146,-1.813419,0.0469038,0.4864648,-0.09806468,0.8669114,10.17952,57.95013,352.7394,0.07676835,0.06785332,-0.9947369,0.134607,-0.005832556,0.1481203,2.157401,-0.04556629,-0.9604744,0.2169864,0.2089601,1.9929,0.5074707,-0.1243927,-0.852643,0.2156609,0.9763667,-0.01408715,0.8342445,-0.1767329,0.5223041,moving,65.0563,-11.83809,6.21387,5.985721,7.895597672527571,0.24198554062239708
05/04/2023 16:19:22.068708,3908,True,True,True,True,Eyes,0.3582131,0.1282255,-1.805764,0.9033902,-0.08835748,0.4196179,0.0,0.0,0.0,0.0,0.0,0.0,0.0,-1.713356,-0.2274367,0.6565778,0.3497906,0.1297367,-1.810863,0.04889047,0.491686,-0.09937149,0.8637013,10.49634,58.63974,352.78,0.09298841,0.06815972,-0.9933311,0.6101319,-0.0001522489,0.2689686,2.17887,-0.05681638,-0.9838745,0.2212011,0.20896,1.9929,0.4967404,-0.1235771,-0.8590564,0.2197321,0.9754701,-0.01326561,0.8396232,-0.1821727,0.5117092,moving,65.08549,-11.89086,6.333597,5.985718,7.8973058178212545,0.2431015726042145
05/04/2023 16:19:22.083510,3909,True,True,True,True,Eyes,0.3589953,0.1282076,-1.805549,0.903796,-0.08871573,0.4186674,0.0,0.0,0.0,0.0,0.0,0.0,0.0,-1.724252,-0.2294167,0.6243445,0.3598641,0.1296659,-1.808084,0.05062365,0.4973333,-0.1002583,0.8602588,10.76741,59.39222,352.8578,0.1062245,0.0683906,-0.9919872,0.5735239,-0.000143114,0.2528305,2.200863,-0.06650243,-1.009092,0.2254579,0.2089601,1.9929,0.4852158,-0.1221426,-0.8658215,0.2228499,0.9747711,-0.01262472,0.8455197,-0.1868225,0.5001937,moving,65.14491,-11.96402,6.454462,5.985723,7.900346304906787,0.24472940928448672
05/04/2023 16:19:22.103381,3910,True,True,True,True,Eyes,0.360153,0.1281872,-1.805244,0.9043363,-0.08910964,0.4174151,0.0,0.0,0.0,0.0,0.0,0.0,0.0,-1.734777,-0.2308013,0.5911481,0.3696821,0.1294325,-1.805203,0.05154059,0.5031396,-0.09996287,0.8568557,10.88954,60.17557,353.0136,0.1170702,0.06856482,-0.9907537,0.5391125,-0.0001345271,0.2376607,2.222981,-0.07083046,-1.034949,0.2297802,0.2089601,1.9929,0.4737161,-0.1194433,-0.8725402,0.2231717,0.974702,-0.01226487,0.8519316,-0.1889162,0.4883884,moving,65.22334,-12.0506,6.577127,5.985721,7.904232248924423,0.24669032969450522
05/04/2023 16:19:22.113363,3911,True,True,True,True,Eyes,0.3616683,0.128199,-1.804838,0.9050616,-0.08941495,0.4157746,0.0,0.0,0.0,0.0,0.0,0.0,0.0,-1.743814,-0.2334079,0.5594922,0.3794896,0.1293853,-1.802122,0.05139861,0.5084696,-0.09899706,0.8538247,10.86204,60.89922,353.1706,0.1260058,0.06869642,-0.9896479,0.5067658,-0.0001264555,0.2234011,2.244336,-0.06974676,-1.058604,0.2341154,0.2089601,1.9929,0.4633165,-0.116783,-0.8784643,0.2213215,0.9751155,-0.01290317,0.8581111,-0.1884448,0.4776337,moving,65.32652,-12.13697,6.700096,5.985721,7.908993565047506,0.24875253517745366
05/04/2023 16:19:22.133226,3912,True,True,True,True,Eyes,0.3635234,0.1282525,-1.804321,0.905934,-0.08961409,0.4138273,0.0,0.0,0.0,0.0,0.0,0.0,0.0,-1.752202,-0.2382012,0.528101,0.3895321,0.1301547,-1.799213,0.05064864,0.5136921,-0.09796149,0.8508577,10.76806,61.60921,353.297,0.1334206,0.06879769,-0.9886685,0.4763598,-0.0001188682,0.209997,2.265644,-0.06566168,-1.082222,0.2385437,0.2089601,1.9929,0.4530478,-0.1146669,-0.8840811,0.2187382,0.9756765,-0.01445453,0.8642345,-0.1868336,0.4671102,moving,65.44925,-12.21871,6.825646,5.985721,7.9143894392563965,0.25081083323195985
05/04/2023 16:19:22.153054,3913,True,True,True,True,Eyes,0.3657008,0.1283301,-1.803713,0.9069901,-0.08974234,0.4114795,0.0,0.0,0.0,0.0,0.0,0.0,0.0,-1.760101,-0.2456468,0.4951269,0.3996566,0.1312018,-1.796249,0.04897961,0.5192377,-0.09688423,0.8477066,10.58259,62.36248,353.3758,0.1398107,0.06888207,-0.9877793,0.4477783,-0.0001117361,0.1973972,2.287445,-0.05830605,-1.107304,0.2428803,0.20896,1.9929,0.4420113,-0.1133947,-0.8898132,0.2151229,0.9764289,-0.01757122,0.8708318,-0.1836526,0.4559864,moving,65.59735,-12.30336,6.948531,5.98572,7.92072244709255,0.25303169934843783
05/04/2023 16:19:22.168581,3914,True,True,True,True,Eyes,0.3681791,0.1284164,-1.803023,0.9081343,-0.08992249,0.4089083,0.0,0.0,0.0,0.0,0.0,0.0,0.0,-1.767266,-0.2539319,0.4614854,0.409445,0.1318047,-1.793227,0.0474469,0.5249636,-0.09651779,0.8443023,10.45456,63.13918,353.3921,0.1456774,0.06896081,-0.9869255,0.4209116,-0.0001050319,0.1855533,2.308677,-0.05368178,-1.133683,0.2473333,0.20896,1.9929,0.4301949,-0.1131646,-0.895615,0.2127962,0.9768662,-0.02121762,0.8772972,-0.1814557,0.4443239,moving,65.75925,-12.40243,7.074646,5.985719,7.927728823683015,0.2555822943022089
05/04/2023 16:19:22.183558,3915,True,True,True,True,Eyes,0.3709467,0.1285351,-1.802244,0.9094313,-0.090198,0.4059547,0.0,0.0,0.0,0.0,0.0,0.0,0.0,-1.773599,-0.2597344,0.4283791,0.4188417,0.132177,-1.789895,0.04708102,0.5305636,-0.09655463,0.8408109,10.46467,63.90326,353.4361,0.1510907,0.06903543,-0.9861062,0.3956569,-9.872999e-05,0.1744201,2.328423,-0.05393485,-1.159442,0.2515839,0.2089601,1.992901,0.418359,-0.1124094,-0.9012991,0.2123273,0.9769211,-0.02328428,0.8831155,-0.1816292,0.4325714,moving,65.94483,-12.5269,7.194963,5.98572,7.935899024545625,0.25871101788428075
05/04/2023 16:19:22.203397,3916,True,True,True,True,Eyes,0.3739785,0.1287106,-1.801388,0.9107885,-0.09065418,0.4027978,0.0,0.0,0.0,0.0,0.0,0.0,0.0,-1.780293,-0.2619507,0.39521,0.4285082,0.1330994,-1.786873,0.04828067,0.536123,-0.09653574,0.8372109,10.62337,64.67103,353.5815,0.1561123,0.06910847,-0.9853185,0.3719175,-9.280619e-05,0.1639549,2.347626,-0.05833688,-1.185864,0.2560403,0.2089601,1.9929,0.4065061,-0.1098728,-0.9070176,0.2134103,0.9766997,-0.02266783,0.8883743,-0.1843522,0.4204823,moving,66.14251,-12.68372,7.321041,5.985721,7.944910810561147,0.26249927370614523
05/04/2023 16:19:22.212966,3917,True,True,True,True,Eyes,0.3772601,0.1289133,-1.800458,0.9122838,-0.09125924,0.3992619,0.0,0.0,0.0,0.0,0.0,0.0,0.0,-1.78687,-0.2619963,0.3616979,0.4378111,0.1346858,-1.783971,0.05019215,0.5418068,-0.09610661,0.8334805,10.82505,65.46548,353.8153,0.160796,0.0691835,-0.9845597,0.3496024,-8.723782e-05,0.1541176,2.366108,-0.06312235,-1.213245,0.2605174,0.2089601,1.9929,0.3944179,-0.1058171,-0.9128183,0.2145949,0.9764885,-0.02047406,0.893523,-0.1878108,0.4078524,moving,66.36337,-12.87492,7.447631,5.985721,7.955183137080354,0.26703232994940007
05/04/2023 16:19:22.233256,3918,True,True,True,True,Eyes,0.3807759,0.1291134,-1.799467,0.9138109,-0.09206442,0.3955677,0.0,0.0,0.0,0.0,0.0,0.0,0.0,-1.793153,-0.260814,0.3283594,0.4470449,0.1357032,-1.781285,0.0523316,0.547406,-0.09562113,0.8297378,11.0421,66.25474,354.0708,0.1651901,0.06926204,-0.9838264,0.3286262,-8.200355e-05,0.1448706,2.383829,-0.06884353,-1.240522,0.2647324,0.20896,1.9929,0.3824067,-0.1013877,-0.9184148,0.2159742,0.976236,-0.01784414,0.8983989,-0.1915302,0.3952162,moving,66.59332,-13.10178,7.566744,5.98572,7.966232451449061,0.2722743387712294
05/04/2023 16:19:22.253024,3919,True,True,True,True,Eyes,0.3845121,0.1293175,-1.798402,0.9154388,-0.09305698,0.3915512,0.0,0.0,0.0,0.0,0.0,0.0,0.0,-1.798694,-0.2566948,0.2952636,0.4560443,0.1359745,-1.778175,0.05553709,0.5528762,-0.09529242,0.8259317,11.36798,67.03672,354.3806,0.1693367,0.0693438,-0.9831154,0.3089087,-7.708334e-05,0.1361783,2.400411,-0.0787942,-1.267295,0.2690133,0.2089601,1.9929,0.3704945,-0.09599978,-0.9238604,0.2188203,0.97567,-0.01363013,0.9026914,-0.1971095,0.3824871,moving,66.84265,-13.36902,7.68765,5.985721,7.97848396780883,0.27835777354032387
05/04/2023 16:19:22.272987,3920,True,True,True,True,Eyes,0.3884729,0.1295276,-1.797296,0.9170798,-0.0940707,0.3874471,0.0,0.0,0.0,0.0,0.0,0.0,0.0,-1.803669,-0.2517732,0.2634348,0.4649265,0.1361532,-1.775194,0.05906243,0.5580329,-0.09498148,0.8222467,11.72025,67.78365,354.7097,0.1732728,0.06942886,-0.9824234,0.2903742,-7.245834e-05,0.1280077,2.416005,-0.0896177,-1.293156,0.2733574,0.2089601,1.9929,0.3591556,-0.09027886,-0.928901,0.222114,0.9749803,-0.008877811,0.9064617,-0.2031333,0.3702219,moving,67.09696,-13.64712,7.810274,5.985722,7.9910505743300515,0.2846665185510938
05/04/2023 16:19:22.283533,3921,True,True,True,True,Eyes,0.3926446,0.1297427,-1.796117,0.9188231,-0.09514224,0.38303,0.0,0.0,0.0,0.0,0.0,0.0,0.0,-1.807929,-0.2479259,0.2315072,0.4739509,0.1365271,-1.772117,0.06208919,0.5631348,-0.09448086,0.8185948,12.00885,68.52722,355.0291,0.1770321,0.06951727,-0.9817467,0.2729517,-6.811084e-05,0.1203272,2.431476,-0.09803599,-1.318812,0.2776663,0.20896,1.9929,0.3479051,-0.08475392,-0.933691,0.2246122,0.9744366,-0.004759137,0.9102259,-0.2080627,0.3580482,moving,67.3702,-13.94959,7.931834,5.985721,8.004599362869241,0.2915138350783153
05/04/2023 16:19:22.303476,3922,True,True,True,True,Eyes,0.397025,0.1299664,-1.794871,0.9207453,-0.09604798,0.3781573,0.0,0.0,0.0,0.0,0.0,0.0,0.0,-1.81115,-0.2479181,0.1990076,0.48319,0.1370107,-1.768923,0.06372481,0.5683129,-0.09405228,0.8149318,12.16719,69.27589,355.2551,0.1806438,0.06960913,-0.981082,0.2565746,-6.402419e-05,0.1131076,2.44733,-0.1022699,-1.344885,0.2821279,0.2089601,1.9929,0.3363492,-0.08086115,-0.9382595,0.2257237,0.9741866,-0.003039506,0.9142857,-0.210765,0.3459192,moving,67.67166,-14.25118,8.05762,5.985721,8.019138088225027,0.29846459644380896
05/04/2023 16:19:22.313152,3923,True,True,True,True,Eyes,0.4016147,0.1301858,-1.793545,0.9227666,-0.09683919,0.3729934,0.0,0.0,0.0,0.0,0.0,0.0,0.0,-1.813767,-0.2488834,0.1659802,0.4925109,0.1374031,-1.765729,0.06471314,0.5735579,-0.09341662,0.811244,12.24873,70.03414,355.4611,0.1841343,0.06970464,-0.980426,0.2411802,-6.018273e-05,0.1063211,2.463202,-0.1040025,-1.371334,0.2865846,0.20896,1.9929,0.3246093,-0.07733387,-0.9426814,0.2258008,0.9741711,-0.00216338,0.9185004,-0.212156,0.333687,moving,67.99085,-14.5542,8.183191,5.985719,8.034324041776818,0.30551762232765445
05/04/2023 16:19:22.333031,3924,True,True,True,True,Eyes,0.4062899,0.1304308,-1.791766,0.9257343,-0.09696618,0.3655317,0.0,0.0,0.0,0.0,0.0,0.0,0.0,-1.815584,-0.2511556,0.1327204,0.5019517,0.137744,-1.762416,0.0643544,0.5787772,-0.09215102,0.8077028,12.15917,70.78373,355.6371,0.1875278,0.06980341,-0.9797755,0.2267093,-5.657177e-05,0.09994183,2.479265,-0.09995367,-1.396983,0.2906766,0.2089601,1.9929,0.3130503,-0.07436755,-0.9468206,0.223355,0.9747334,-0.00271136,0.9230993,-0.2106283,0.321751,moving,68.45312,-14.85691,8.29842,5.98572,8.054582052398663,0.3131731710215936
05/04/2023 16:19:22.352941,3925,True,True,True,True,Eyes,0.4111695,0.1306477,-1.789918,0.9287269,-0.09694207,0.3578668,0.0,0.0,0.0,0.0,0.0,0.0,0.0,-1.816588,-0.2538626,0.09794426,0.5117125,0.1376417,-1.75876,0.06320345,0.5841867,-0.09053823,0.8040735,11.97137,71.55812,355.7936,0.1908437,0.06990808,-0.9791276,0.2131068,-5.317746e-05,0.09394532,2.495825,-0.09303558,-1.423437,0.2950249,0.20896,1.9929,0.3010576,-0.07175352,-0.9509026,0.219444,0.9756163,-0.004142025,0.9280132,-0.2074229,0.3094626,moving,68.9268,-15.15702,8.420795,5.985719,8.075211714022622,0.3208283605559058
05/04/2023 16:19:22.369049,3926,True,True,True,True,Eyes,0.4162742,0.1308209,-1.788089,0.9317054,-0.09680495,0.3500768,0.0,0.0,0.0,0.0,0.0,0.0,0.0,-1.817144,-0.2554161,0.06350827,0.5213172,0.137194,-1.755189,0.06200446,0.5894969,-0.08869202,0.8004891,11.76132,72.32162,355.9648,0.1941012,0.07001662,-0.9784792,0.2003204,-4.998681e-05,0.0883086,2.511798,-0.08559123,-1.449699,0.2994304,0.20896,1.992899,0.2892543,-0.0688911,-0.9547701,0.2150969,0.9765784,-0.005299554,0.932773,-0.2038351,0.2972977,moving,69.40691,-15.45745,8.544698,5.985719,8.09607356947466,0.32851690433305025
05/04/2023 16:19:22.383379,3927,True,True,True,True,Eyes,0.4215707,0.130943,-1.786195,0.9346853,-0.09662862,0.3420911,0.0,0.0,0.0,0.0,0.0,0.0,0.0,-1.817203,-0.2554144,0.02833331,0.5311643,0.1364437,-1.751432,0.06140683,0.5948601,-0.08690304,0.796755,11.60964,73.10083,356.1703,0.1973176,0.07012604,-0.9778278,0.1883012,-4.698761e-05,0.08301008,2.527377,-0.08025417,-1.476251,0.3036997,0.2089601,1.9929,0.2771786,-0.06542392,-0.9585885,0.2115378,0.9773541,-0.005537922,0.9372427,-0.2012427,0.2847413,moving,69.89758,-15.77311,8.664688,5.985721,8.11750417298395,0.3365366266899349
05/04/2023 16:19:22.404323,3928,True,True,True,True,Eyes,0.4270731,0.1309973,-1.784302,0.9376096,-0.09641318,0.334055,0.0,0.0,0.0,0.0,0.0,0.0,0.0,-1.817147,-0.2518309,-0.00644505,0.5408766,0.1352839,-1.747751,0.0620633,0.6000995,-0.08502433,0.7929688,11.56472,73.87732,356.468,0.2005081,0.07023352,-0.9771708,0.1770031,-4.416835e-05,0.07802948,2.541994,-0.07850472,-1.502744,0.308041,0.2089601,1.9929,0.265303,-0.06035497,-0.9622742,0.2093316,0.977838,-0.003617563,0.9411666,-0.2004746,0.2720575,moving,70.38985,-16.09892,8.786627,5.98572,8.139120906058018,0.34475394222808
05/04/2023 16:19:22.423326,3929,True,True,True,True,Eyes,0.4327531,0.1309863,-1.782335,0.9405085,-0.09627917,0.3258435,0.0,0.0,0.0,0.0,0.0,0.0,0.0,-1.816466,-0.2478198,-0.04156387,0.550745,0.1338674,-1.743975,0.0634453,0.6053585,-0.0836084,0.7890027,11.61552,74.6659,356.7741,0.2036858,0.07033536,-0.9765061,0.1663829,-4.151825e-05,0.07334771,2.556116,-0.08027191,-1.530059,0.3127502,0.2089601,1.9929,0.2531011,-0.0551202,-0.9658683,0.2087488,0.9779687,-0.001109118,0.9446501,-0.2013432,0.2590313,moving,70.89112,-16.46118,8.918811,5.98572,8.161521503022218,0.3536946773677362
05/04/2023 16:19:22.434863,3930,True,True,True,True,Eyes,0.4386256,0.1308953,-1.780373,0.9433241,-0.09621101,0.3176209,0.0,0.0,0.0,0.0,0.0,0.0,0.0,-1.815136,-0.2439014,-0.07546222,0.5606292,0.1323268,-1.74014,0.06544314,0.6103398,-0.08272588,0.7850854,11.75568,75.4228,357.0721,0.206862,0.07042868,-0.9758315,0.1563999,-3.902716e-05,0.06894685,2.569192,-0.085236,-1.555725,0.3167855,0.2089601,1.9929,0.2412837,-0.05000869,-0.9691653,0.2097789,0.9777473,0.001775119,0.9475099,-0.2037387,0.2464052,moving,71.39142,-16.85216,9.032001,5.98572,8.18425373832889,0.3631711401365202
05/04/2023 16:19:22.453354,3931,True,True,True,True,Eyes,0.4446613,0.1307403,-1.778336,0.9460862,-0.09621258,0.3092962,0.0,0.0,0.0,0.0,0.0,0.0,0.0,-1.813172,-0.2396102,-0.1078812,0.5705795,0.1304552,-1.736106,0.06744894,0.6149411,-0.08185273,0.7814078,11.8927,76.12868,357.3662,0.2100467,0.07050973,-0.9751451,0.1470159,-3.668553e-05,0.06481004,2.581848,-0.09042168,-1.579749,0.3211255,0.20896,1.992899,0.2302952,-0.04496649,-0.9720812,0.210875,0.9775016,0.004741033,0.9499978,-0.2060795,0.2345962,moving,71.89631,-17.27932,9.153664,5.985719,8.20760994393398,0.37334719678684736
05/04/2023 16:19:22.469560,3932,True,True,True,True,Eyes,0.4508681,0.1305061,-1.776233,0.9487625,-0.09628057,0.3009647,0.0,0.0,0.0,0.0,0.0,0.0,0.0,-1.810698,-0.2371694,-0.1382786,0.5805064,0.12879,-1.732173,0.06909218,0.6191401,-0.08131658,0.7779971,12.01687,76.77373,357.5992,0.2132486,0.07057636,-0.974445,0.138195,-3.44844e-05,0.06092143,2.593987,-0.09526551,-1.601991,0.3254823,0.2089601,1.9929,0.2201062,-0.04097261,-0.974615,0.2120836,0.9772278,0.006814313,0.9521417,-0.2081997,0.2237835,moving,72.40002,-17.73981,9.275708,5.985721,8.231349094525829,0.3841447426840766
05/04/2023 16:19:22.485320,3933,True,True,True,True,Eyes,0.4572348,0.1301851,-1.774051,0.9513849,-0.0963981,0.2925306,0.0,0.0,0.0,0.0,0.0,0.0,0.0,-1.807545,-0.2368113,-0.1683673,0.5906476,0.1268,-1.728208,0.07010265,0.6232435,-0.08113126,0.7746424,12.107,77.39909,357.7543,0.2164756,0.07062572,-0.9737296,0.1299033,-3.241533e-05,0.05726615,2.606068,-0.09966903,-1.623791,0.3298448,0.2089601,1.9929,0.2099705,-0.03831339,-0.9769567,0.2130775,0.9770067,0.007479901,0.9542066,-0.209738,0.2133063,moving,72.90845,-18.23869,9.397829,5.985721,8.255744994943445,0.39568397672682487
05/04/2023 16:19:22.503519,3934,True,True,True,True,Eyes,0.4637663,0.1297963,-1.7718,0.9539289,-0.09655422,0.284072,0.0,0.0,0.0,0.0,0.0,0.0,0.0,-1.803432,-0.239063,-0.198768,0.6010302,0.12441,-1.72404,0.07061128,0.6273876,-0.0815656,0.7711976,12.19603,78.02527,357.8185,0.2197345,0.07065489,-0.9729972,0.1221091,-3.047041e-05,0.05383018,2.618005,-0.1049381,-1.645657,0.3340938,0.20896,1.9929,0.1994635,-0.0372051,-0.9791986,0.2144077,0.9767222,0.006564015,0.9561609,-0.211257,0.2027975,moving,73.41692,-18.77257,9.516688,5.985719,8.28058840692304,0.4078812783418506
05/04/2023 16:19:22.523368,3935,True,True,True,True,Eyes,0.4704473,0.1293504,-1.769469,0.956422,-0.0966734,0.2755201,0.0,0.0,0.0,0.0,0.0,0.0,0.0,-1.798476,-0.242841,-0.2288823,0.6112247,0.1221689,-1.719696,0.07090232,0.6315327,-0.08230991,0.7677007,12.28803,78.65086,357.8401,0.2230312,0.07066223,-0.9722462,0.1147825,-2.864219e-05,0.05060037,2.6294,-0.1104069,-1.667577,0.3384155,0.2089601,1.9929,0.188783,-0.03682449,-0.9813283,0.215933,0.9763959,0.004900726,0.9579844,-0.2128263,0.1922785,moving,73.9297,-19.33475,9.637498,5.985721,8.30594542118274,0.42062886240703323
05/04/2023 16:19:22.533264,3936,True,True,True,True,Eyes,0.4772931,0.1288311,-1.767053,0.9588662,-0.09673709,0.2668662,0.0,0.0,0.0,0.0,0.0,0.0,0.0,-1.792698,-0.2492056,-0.258826,0.6215689,0.12082,-1.715201,0.06994678,0.6356633,-0.08283918,0.7643151,12.25356,79.26165,357.7887,0.226371,0.07064687,-0.9714751,0.1078956,-2.692366e-05,0.04756435,2.641066,-0.1110268,-1.689041,0.3427726,0.20896,1.9929,0.1781399,-0.03770526,-0.9832826,0.2155557,0.9764903,0.001607139,0.9601053,-0.2122384,0.1820794,moving,74.44736,-19.92522,9.759208,5.985719,8.331836131994265,0.43392896448705354
05/04/2023 16:19:22.553384,3937,True,True,True,True,Eyes,0.4842932,0.1283311,-1.764551,0.9612675,-0.09674837,0.2580787,0.0,0.0,0.0,0.0,0.0,0.0,0.0,-1.786241,-0.2539356,-0.291624,0.6323406,0.1185299,-1.710637,0.06922396,0.6402537,-0.08319174,0.7605014,12.22888,79.9489,357.7779,0.2297586,0.07060715,-0.9706824,0.1014218,-2.530824e-05,0.04471049,2.652931,-0.1127147,-1.713662,0.3477842,0.20896,1.9929,0.1663085,-0.03789308,-0.9853455,0.2151767,0.9765744,-0.001237822,0.9623099,-0.2118175,0.1705663,moving,74.97176,-20.54998,9.899094,5.985721,8.358402999043703,0.4479022753890737
05/04/2023 16:19:22.569339,3938,True,True,True,True,Eyes,0.4914395,0.1278543,-1.761962,0.9636292,-0.09657864,0.2491812,0.0,0.0,0.0,0.0,0.0,0.0,0.0,-1.779318,-0.2596802,-0.3237504,0.6429799,0.117787,-1.706142,0.06834811,0.6447883,-0.08333329,0.7567247,12.17546,80.62965,357.7732,0.2331985,0.07054657,-0.9698662,0.09533653,-2.378974e-05,0.04202786,2.664212,-0.1117817,-1.737068,0.3517479,0.20896,1.9929,0.1546072,-0.0379806,-0.9872458,0.2142608,0.9767682,-0.004023264,0.9644632,-0.2109061,0.1591531,moving,75.50169,-21.18553,10.00964,5.98572,8.385303576262057,0.4621019192368353
05/04/2023 16:19:22.583432,3939,True,True,True,True,Eyes,0.4987416,0.1273873,-1.759275,0.9659439,-0.09626082,0.2401793,0.0,0.0,0.0,0.0,0.0,0.0,0.0,-1.771462,-0.2671736,-0.3554434,0.6536587,0.1182102,-1.701339,0.06640624,0.6492599,-0.08311287,0.7530897,12.00186,81.29116,357.7177,0.2366938,0.07046857,-0.9690248,0.0,0.0,0.0,2.675613,-0.1058287,-1.759678,0.3557777,0.2089602,1.992901,0.1431076,-0.03895308,-0.9889404,0.2114127,0.9773649,-0.007904025,0.9668635,-0.2079434,0.1481035,moving,76.03673,-21.84028,10.12195,5.985721,8.412630153083063,0.47668419363803893
05/04/2023 16:19:22.603413,3940,True,True,True,True,Eyes,0.5061848,0.1269074,-1.75651,0.9681957,-0.09585772,0.2311024,0.0,0.0,0.0,0.0,0.0,0.0,0.0,-1.7629,-0.2736805,-0.3874656,0.6646754,0.1179385,-1.696214,0.06400791,0.6536739,-0.08259404,0.7495277,11.7669,81.94216,357.6506,0.2402478,0.07037546,-0.9681566,0.0,0.0,0.0,2.687236,-0.09852704,-1.781855,0.3600395,0.2089601,1.9929,0.1317773,-0.04013245,-0.9904667,0.2074936,0.9781625,-0.01202773,0.9693201,-0.2039305,0.1372269,moving,76.57505,-22.52792,10.24066,5.98572,8.440492293013351,0.4918986496762302
05/04/2023 16:19:22.613265,3941,True,True,True,True,Eyes,0.513758,0.1264459,-1.753649,0.970359,-0.09546353,0.2220142,0.0,0.0,0.0,0.0,0.0,0.0,0.0,-1.754715,-0.2775312,-0.4177301,0.6754679,0.1171219,-1.691323,0.06275375,0.6577265,-0.08213748,0.746131,11.63598,82.55474,357.6582,0.243863,0.07026808,-0.9672603,0.0,0.0,0.0,2.69805,-0.09493174,-1.803082,0.3646671,0.20896,1.9929,0.1212988,-0.04002102,-0.9918089,0.2051202,0.9786308,-0.01440294,0.9711912,-0.201693,0.1269159,moving,77.11278,-23.26714,10.36944,5.985719,8.468990914562973,0.5080801500864202
05/04/2023 16:19:22.633353,3942,True,True,True,True,Eyes,0.5214591,0.126014,-1.750877,0.9729266,-0.09536464,0.2105218,0.0,0.0,0.0,0.0,0.0,0.0,0.0,-1.74629,-0.2834255,-0.4444543,0.6861508,0.1171004,-1.686085,0.06213386,0.6611266,-0.08252954,0.7431287,11.62304,83.07472,357.6301,0.2475409,0.0701489,-0.9663343,0.0,0.0,0.0,2.708108,-0.09484507,-1.820264,0.3686714,0.2089602,1.9929,0.1122013,-0.04050345,-0.9928597,0.2048168,0.9786565,-0.01677805,0.9723482,-0.2014718,0.1181024,moving,77.79057,-24.37014,10.48079,5.985722,8.507094962534454,0.5316951585533863
05/04/2023 16:19:22.653109,3943,True,True,True,True,Eyes,0.5292844,0.1255709,-1.748023,0.9753214,-0.09533377,0.1991472,0.0,0.0,0.0,0.0,0.0,0.0,0.0,-1.738467,-0.290458,-0.4674915,0.696716,0.1174188,-1.681066,0.06179125,0.663823,-0.08342272,0.7406493,11.67074,83.48947,357.5691,0.2512802,0.0700201,-0.965378,0.0,0.0,0.0,2.717869,-0.09675692,-1.834419,0.3730069,0.2089601,1.9929,0.1047592,-0.04153707,-0.9936298,0.2056109,0.9784451,-0.01922456,0.9730107,-0.2022872,0.1110417,moving,78.45963,-25.58091,10.60127,5.98572,8.546262881311423,0.5572988090491472
05/04/2023 16:19:22.669525,3944,True,True,True,True,Eyes,0.5372216,0.1251089,-1.745034,0.9775945,-0.09543528,0.1876197,0.0,0.0,0.0,0.0,0.0,0.0,0.0,-1.730226,-0.2973677,-0.4915985,0.7075526,0.1167268,-1.676163,0.06161462,0.6666825,-0.08462267,0.7379548,11.75753,83.93285,357.4979,0.255082,0.06988206,-0.9643905,0.0,0.0,0.0,2.727483,-0.1011148,-1.849755,0.3773512,0.2089601,1.9929,0.09674704,-0.0427406,-0.9943908,0.2070501,0.9780853,-0.0218953,0.973535,-0.2037705,0.1034763,moving,79.1359,-26.96077,10.7219,5.985721,8.587841723756394,0.5861115119477556
05/04/2023 16:19:22.683353,3945,True,True,True,True,Eyes,0.5452774,0.12473,-1.741982,0.979685,-0.09573164,0.176218,0.0,0.0,0.0,0.0,0.0,0.0,0.0,-1.722203,-0.3022651,-0.5154244,0.718322,0.1158139,-1.671409,0.06221094,0.6694791,-0.08563866,0.7352508,11.8967,84.37833,357.5028,0.2589474,0.06973487,-0.9633704,0.0,0.0,0.0,2.736704,-0.1070151,-1.865091,0.3817271,0.20896,1.9929,0.08892763,-0.04263394,-0.9951253,0.2092296,0.9775916,-0.02318531,0.9738146,-0.2061479,0.0958552,moving,79.80312,-28.51333,10.8433,5.985718,8.631300649761343,0.6181319901410333
05/04/2023 16:19:22.703346,3946,True,True,True,True,Eyes,0.5534567,0.1244649,-1.738944,0.9816394,-0.09611823,0.1647588,0.0,0.0,0.0,0.0,0.0,0.0,0.0,-1.713487,-0.3137758,-0.5378177,0.729253,0.117478,-1.666772,0.06318625,0.6721702,-0.08805972,0.732421,12.17745,84.81197,357.4172,0.2628764,0.06958392,-0.9623167,0.0,0.0,0.0,2.745251,-0.115858,-1.880401,0.3860239,0.2089601,1.992901,0.08086561,-0.04404973,-0.9957513,0.2139374,0.976506,-0.02582435,0.9734946,-0.2109401,0.08838965,moving,80.47226,-30.25875,10.96241,5.985719,8.67728578815015,0.6537858350155673
05/04/2023 16:19:22.713219,3947,True,True,True,True,Eyes,0.5617682,0.1243148,-1.735862,0.9834606,-0.09648277,0.1532848,0.0,0.0,0.0,0.0,0.0,0.0,0.0,-1.70371,-0.3279517,-0.5627315,0.7403278,0.1200303,-1.662635,0.06195202,0.675413,-0.0899251,0.7293099,12.23006,85.30708,357.2153,0.2668678,0.06943543,-0.9612282,0.0,0.0,0.0,2.75428,-0.1167109,-1.898963,0.3906173,0.2089602,1.992901,0.07146166,-0.04748012,-0.9963127,0.2148529,0.9761509,-0.03110872,0.9740285,-0.2118376,0.07995861,moving,81.14101,-32.18774,11.08964,5.985721,8.725596782021253,0.6928886000818139
05/04/2023 16:19:22.733020,3948,True,True,True,True,Eyes,0.5701989,0.1242933,-1.732757,0.9851633,-0.09680932,0.1417082,0.0,0.0,0.0,0.0,0.0,0.0,0.0,-1.692174,-0.3425598,-0.5915887,0.7518733,0.1223527,-1.658461,0.05996332,0.679387,-0.09154881,0.7255734,12.20498,85.91209,356.987,0.2709224,0.06929526,-0.9601034,0.0,0.0,0.0,2.763296,-0.1153001,-1.921107,0.3949281,0.2089601,1.9929,0.06010433,-0.05137413,-0.9968692,0.2143273,0.9760464,-0.03737858,0.9749109,-0.2114097,0.06967552,moving,81.81459,-34.33932,11.20894,5.985722,8.776916149222075,0.7361959415485264
05/04/2023 16:19:22.753234,3949,True,True,True,True,Eyes,0.5787496,0.1243579,-1.729613,0.9867473,-0.09698964,0.1300879,0.0,0.0,0.0,0.0,0.0,0.0,0.0,-1.678378,-0.3606937,-0.6225244,0.7631629,0.1257107,-1.654197,0.05533679,0.6838703,-0.09282777,0.7215555,11.93615,86.57098,356.5853,0.2750395,0.06916935,-0.9589412,0.0,0.0,0.0,2.772215,-0.1056463,-1.945466,0.3991759,0.20896,1.9929,0.04740902,-0.0582744,-0.9971742,0.2096471,0.9766417,-0.04710715,0.9766271,-0.2068214,0.0585187,moving,82.48972,-36.70711,11.32641,5.985719,8.831046209843365,0.7835739881419993
05/04/2023 16:19:22.773034,3950,True,True,True,True,Eyes,0.5874125,0.1244954,-1.726449,0.9882066,-0.09711082,0.1183942,0.0,0.0,0.0,0.0,0.0,0.0,0.0,-1.664886,-0.3751944,-0.6532303,0.7746394,0.128035,-1.650111,0.05157197,0.6881811,-0.09377777,0.7176021,11.71762,87.21977,356.2753,0.2792186,0.06906081,-0.9577405,0.0,0.0,0.0,2.780887,-0.09820454,-1.969579,0.4036834,0.20896,1.9929,0.03522506,-0.06360853,-0.997353,0.2055719,0.9770921,-0.05505586,0.9780079,-0.2030885,0.04749425,moving,83.16812,-39.35973,11.45094,5.985718,8.888922580029561,0.8363199080272613
05/04/2023 16:19:22.783214,3951,True,True,True,True,Eyes,0.5961773,0.1247123,-1.723265,0.9895321,-0.09724067,0.1066326,0.0,0.0,0.0,0.0,0.0,0.0,0.0,-1.650105,-0.3882907,-0.685896,0.786036,0.1297156,-1.646022,0.04822803,0.6929017,-0.09470289,0.7131569,11.53859,87.94566,356.0062,0.2834587,0.06897164,-0.9565006,0.0,0.0,0.0,2.788502,-0.09250903,-1.995828,0.4078003,0.20896,1.9929,0.02183736,-0.06824148,-0.9974299,0.2019106,0.9774109,-0.06245127,0.9791607,-0.2000279,0.03512274,moving,83.84951,-42.36238,11.56459,5.985718,8.95136633288865,0.89565807975213
05/04/2023 16:19:22.803539,3952,True,True,True,True,Eyes,0.605036,0.1249798,-1.720079,0.9907101,-0.09745693,0.09484514,0.0,0.0,0.0,0.0,0.0,0.0,0.0,-1.635121,-0.4016363,-0.7176772,0.7973103,0.1318489,-1.642226,0.04619683,0.6975536,-0.09614607,0.7085485,11.51354,88.68017,355.798,0.2877582,0.06890401,-0.9552208,0.0,0.0,0.0,2.79497,-0.09132507,-2.022739,0.4122222,0.20896,1.9929,0.008350106,-0.07179875,-0.9973843,0.2006978,0.9772435,-0.06866864,0.9796177,-0.1995994,0.02256995,moving,84.53149,-45.77813,11.68656,5.985717,9.01909618298128,0.96276383025136
05/04/2023 16:19:22.813175,3953,True,True,True,True,Eyes,0.613991,0.1252587,-1.716888,0.991752,-0.09772638,0.08293094,0.0,0.0,0.0,0.0,0.0,0.0,0.0,-1.619785,-0.4145065,-0.749631,0.8086434,0.1335864,-1.638816,0.04465461,0.7022563,-0.09776191,0.7037647,11.54635,89.43367,355.6165,0.2921149,0.06885824,-0.9539008,0.0,0.0,0.0,2.800709,-0.09238257,-2.050559,0.4166608,0.20896,1.9929,-0.005442657,-0.0748848,-0.9971774,0.2003207,0.9768971,-0.07445516,0.9797153,-0.2001605,0.00968411,moving,85.22001,-49.68195,11.80888,5.985719,9.093278746874025,1.039071674277202
05/04/2023 16:19:22.833329,3954,True,True,True,True,Eyes,0.6230356,0.125518,-1.713688,0.9926463,-0.09800009,0.07105788,0.0,0.0,0.0,0.0,0.0,0.0,0.0,-1.602848,-0.4242629,-0.7843608,0.8198282,0.1339444,-1.635323,0.04409229,0.7075636,-0.09916333,0.6982667,11.64838,90.30306,355.5443,0.2965271,0.06883248,-0.9525403,0.0,0.0,0.0,2.804813,-0.09641649,-2.081646,0.4208549,0.20896,1.9929,-0.02095912,-0.07608871,-0.9968808,0.2008811,0.976445,-0.07875238,0.9793915,-0.2019051,-0.00518067,moving,85.90551,-54.0549,11.92436,5.985718,9.173333467418884,1.1241849479314374
05/04/2023 16:19:22.852983,3955,True,True,True,True,Eyes,0.6321617,0.1257153,-1.710493,0.9934069,-0.09825671,0.05906229,0.0,0.0,0.0,0.0,0.0,0.0,0.0,-1.585882,-0.4316702,-0.8192226,0.8310727,0.1337264,-1.632152,0.04320785,0.7128192,-0.09994139,0.6928447,11.67458,91.16764,355.4969,0.3009928,0.06882337,-0.9511393,0.0,0.0,0.0,2.808758,-0.0982304,-2.112845,0.4251994,0.20896,1.9929,-0.03619888,-0.07688893,-0.9963824,0.2000865,0.9762896,-0.08260761,0.9791093,-0.2023529,-0.01995626,moving,86.59753,-58.98985,12.04388,5.985718,9.260782467030726,1.2198898975658627
05/04/2023 16:19:22.869449,3956,True,True,True,True,Eyes,0.6413752,0.1258431,-1.707317,0.9940082,-0.09856142,0.04726012,0.0,0.0,0.0,0.0,0.0,0.0,0.0,-1.568799,-0.4360126,-0.853869,0.8422287,0.1324316,-1.62894,0.0423532,0.7179738,-0.1001832,0.6875196,11.65951,92.0223,355.4942,0.3055096,0.06882557,-0.9496979,0.0,0.0,0.0,2.812358,-0.09935664,-2.143414,0.4295439,0.20896,1.9929,-0.05104596,-0.0769389,-0.9957282,0.1985728,0.976339,-0.08562056,0.9787559,-0.2020952,-0.03456021,moving,87.27792,-64.38232,12.16329,5.98572,9.353650193538176,1.3241454346896133
05/04/2023 16:19:22.883462,3957,True,True,True,True,Eyes,0.6506664,0.1259435,-1.704168,0.9944704,-0.098876,0.03538454,0.0,0.0,0.0,0.0,0.0,0.0,0.0,-1.552071,-0.4397199,-0.8878798,0.8537276,0.1310253,-1.62622,0.04171763,0.7229316,-0.1003533,0.682319,11.65549,92.8526,355.5125,0.3100753,0.06883378,-0.9482166,0.0,0.0,0.0,2.81596,-0.1008171,-2.173453,0.4338832,0.2089602,1.9929,-0.0654012,-0.07662796,-0.9949127,0.1972639,0.9763777,-0.08816767,0.9781666,-0.2020266,-0.04874036,moving,87.9622,-70.30935,12.28245,5.985722,9.453469158841115,1.438465673876506
05/04/2023 16:19:22.903420,3958,True,True,True,True,Eyes,0.6600401,0.1260425,-1.701076,0.9947845,-0.09918104,0.0238129,0.0,0.0,0.0,0.0,0.0,0.0,0.0,-1.535453,-0.443394,-0.919641,0.8648434,0.1303741,-1.623268,0.04159465,0.7275559,-0.1005278,0.6773675,11.69073,93.63794,355.5685,0.314687,0.06884551,-0.9466953,0.0,0.0,0.0,2.819008,-0.1025868,-2.201454,0.4381908,0.2089601,1.992901,-0.07888678,-0.07566373,-0.9940081,0.1967134,0.9763281,-0.08992954,0.9772825,-0.202629,-0.06213528,moving,88.62873,-76.4991,12.40063,5.985719,9.55600691018925,1.557648809923693
05/04/2023 16:19:22.913231,3959,True,True,True,True,Eyes,0.669498,0.1261438,-1.698034,0.9949689,-0.0994432,0.01216711,0.0,0.0,0.0,0.0,0.0,0.0,0.0,-1.518508,-0.4500637,-0.9509376,0.8762694,0.1303347,-1.621071,0.04051093,0.7320603,-0.1011189,0.6724742,11.68526,94.3987,355.5086,0.3193419,0.0688598,-0.9451342,0.0,0.0,0.0,2.822068,-0.1032577,-2.229951,0.4428468,0.2089602,1.992901,-0.09227478,-0.07668678,-0.9927762,0.1953126,0.9762676,-0.09356514,0.9763905,-0.2025354,-0.07510701,moving,89.29939,-83.0244,12.52826,5.985722,9.662967932826437,1.6831568632871483
05/04/2023 16:19:22.933322,3960,True,True,True,True,Eyes,0.6790296,0.1262681,-1.695064,0.9950216,-0.09965545,0.0008832574,0.0,0.0,0.0,0.0,0.0,0.0,0.0,-1.501054,-0.4556679,-0.982499,0.8878308,0.1303917,-1.618906,0.03911391,0.7365699,-0.10132,0.6675845,11.62365,95.1622,355.4525,0.3240373,0.06887604,-0.9435335,0.0,0.0,0.0,2.825063,-0.1018144,-2.25782,0.4468595,0.2089601,1.9929,-0.1056018,-0.07765903,-0.9913714,0.1928995,0.9764087,-0.09703478,0.9755192,-0.2014821,-0.08813021,moving,89.94914,-89.4922,12.63815,5.98572,9.768454271144037,1.807495179561451
05/04/2023 16:19:22.953118,3961,True,True,True,True,Eyes,0.6886306,0.1264181,-1.69215,0.9949543,-0.09978163,-0.01046289,0.0,0.0,0.0,0.0,0.0,0.0,0.0,-1.484308,-0.4590496,-1.013753,0.8992712,0.1313457,-1.617298,0.03839161,0.7410455,-0.1008357,0.6627293,11.5565,95.9315,355.5067,0.3287699,0.0688947,-0.9418936,0.0,0.0,0.0,2.827607,-0.09843704,-2.286342,0.4512057,0.20896,1.992899,-0.1186323,-0.07675368,-0.9899673,0.1905534,0.9767165,-0.0985612,0.9744824,-0.2003342,-0.1012444,moving,-89.39751,84.01396,12.75707,5.985721,1.1944018128664187,-2.2164615438107953
05/04/2023 16:19:22.973396,3962,True,True,True,True,Eyes,0.6982998,0.1265744,-1.689292,0.9947607,-0.0999564,-0.0214419,0.0,0.0,0.0,0.0,0.0,0.0,0.0,-1.467868,-0.4596115,-1.044487,0.9106197,0.1320881,-1.615598,0.03801446,0.7453905,-0.09973978,0.6580274,11.46208,96.68587,355.635,0.3335365,0.06891644,-0.9402146,0.0,0.0,0.0,2.829958,-0.09376474,-2.314526,0.4561335,0.20896,1.9929,-0.13111,-0.07459178,-0.9885578,0.1879342,0.9772138,-0.09866105,0.9733915,-0.1987193,-0.1141041,moving,-88.7652,77.89281,12.89176,5.985719,1.2948512097896723,-2.0987133840228713
05/04/2023 16:19:22.983478,3963,True,True,True,True,Eyes,0.7080218,0.1267391,-1.686519,0.9944431,-0.1001586,-0.0324217,0.0,0.0,0.0,0.0,0.0,0.0,0.0,-1.452722,-0.4584937,-1.073385,0.9219761,0.1323815,-1.614066,0.03871023,0.7493583,-0.09857678,0.6536408,11.44013,97.39033,355.8546,0.3383343,0.06894077,-0.938497,0.0,0.0,0.0,2.832567,-0.09121,-2.339652,0.4599008,0.2089602,1.9929,-0.1425105,-0.07085194,-0.9872542,0.1868833,0.9775683,-0.09713349,0.9719905,-0.1983438,-0.1260727,moving,-88.13266,72.06304,12.99464,5.985722,1.3915949826216751,-1.986441336986836
05/04/2023 16:19:23.007559,3964,True,True,True,True,Eyes,0.7177874,0.1269678,-1.683836,0.9940011,-0.1005528,-0.04302333,0.0,0.0,0.0,0.0,0.0,0.0,0.0,-1.438586,-0.4593032,-1.100069,0.9330426,0.1327447,-1.613211,0.04008229,0.7529974,-0.09809566,0.649435,11.52487,98.05054,356.0762,0.343159,0.06896732,-0.9367417,0.0,0.0,0.0,2.834609,-0.09228318,-2.364373,0.4642408,0.2089603,1.992901,-0.1532554,-0.06704979,-0.9859094,0.1877772,0.9775413,-0.09566984,0.9701818,-0.1997932,-0.1372231,moving,-87.52161,66.83546,13.11304,5.985724,1.4799011483473588,-1.8855800699240004
05/04/2023 16:19:23.013386,3965,True,True,True,True,Eyes,0.7275926,0.1272231,-1.681253,0.9934331,-0.1010634,-0.05363628,0.0,0.0,0.0,0.0,0.0,0.0,0.0,-1.424926,-0.4645844,-1.123719,0.9439542,0.1345533,-1.612403,0.04272959,0.7562442,-0.09872946,0.6453846,11.79913,98.66434,356.3211,0.3480063,0.06899871,-0.9349494,0.0,0.0,0.0,2.836095,-0.09826487,-2.38731,0.4685786,0.2089601,1.9929,-0.1633057,-0.06280892,-0.984574,0.1920649,0.9768534,-0.09417313,0.9676993,-0.2044812,-0.1474624,moving,-86.90955,62.04425,13.23128,5.985721,1.562681391800548,-1.7929169865810444
05/04/2023 16:19:23.032997,3966,True,True,True,True,Eyes,0.7374333,0.127475,-1.678736,0.9927457,-0.1018384,-0.06391418,0.0,0.0,0.0,0.0,0.0,0.0,0.0,-1.4099,-0.4707775,-1.148678,0.9547972,0.1354665,-1.612117,0.04429899,0.7597486,-0.09957733,0.6410181,12.01105,99.31748,356.4626,0.3528717,0.06903527,-0.9331212,0.0,0.0,0.0,2.836657,-0.1038078,-2.41238,0.4730299,0.2089601,1.9929,-0.1742672,-0.06034955,-0.9828475,0.1949739,0.9762439,-0.09451455,0.9652028,-0.2081003,-0.1583606,moving,-86.31631,57.88747,13.35249,5.98572,1.6367078360586458,-1.7122593484437876
05/04/2023 16:19:23.053241,3967,True,True,True,True,Eyes,0.7473,0.1277282,-1.67632,0.9919338,-0.1027798,-0.07418571,0.0,0.0,0.0,0.0,0.0,0.0,0.0,-1.39421,-0.4824453,-1.170931,0.9654775,0.1356869,-1.611551,0.0462401,0.7629024,-0.1021992,0.6367081,12.4049,99.92389,356.502,0.3577517,0.06907579,-0.9312581,0.0,0.0,0.0,2.836443,-0.117152,-2.435242,0.4770636,0.2089601,1.9929,-0.1849295,-0.05958876,-0.9809436,0.2006955,0.9748343,-0.09705314,0.9620408,-0.2148189,-0.1683164,moving,-85.72287,54.17852,13.46222,5.98572,1.7050335584784215,-1.6400187524362075
05/04/2023 16:19:23.069747,3968,True,True,True,True,Eyes,0.7571996,0.1279666,-1.674002,0.991028,-0.103859,-0.08412373,0.0,0.0,0.0,0.0,0.0,0.0,0.0,-1.378476,-0.4934023,-1.193461,0.9760508,0.1360178,-1.611464,0.04721693,0.7660706,-0.1043818,0.6324643,12.68869,100.524,356.4921,0.3626419,0.06911933,-0.9293615,0.0,0.0,0.0,2.836126,-0.127001,-2.45891,0.4815688,0.2089601,1.9929,-0.1955191,-0.05969249,-0.9788815,0.2043784,0.97375,-0.1002016,0.9591672,-0.2196536,-0.1781869,moving,-85.14806,50.9932,13.58467,5.985721,1.7660244236579064,-1.5777000782761177
05/04/2023 16:19:23.083384,3969,True,True,True,True,Eyes,0.7671258,0.1282041,-1.671778,0.9900122,-0.1050155,-0.09406178,0.0,0.0,0.0,0.0,0.0,0.0,0.0,-1.361425,-0.5071223,-1.215557,0.9868631,0.135989,-1.61116,0.04720848,0.7691529,-0.1072413,0.6282313,12.96087,101.1019,356.3451,0.3675382,0.06916416,-0.9274327,0.0,0.0,0.0,2.835832,-0.1379401,-2.481497,0.4856886,0.2089602,1.992901,-0.2061937,-0.06212358,-0.9765373,0.2073657,0.9725413,-0.1056542,0.9562865,-0.2242856,-0.1876496,moving,-84.57258,48.14936,13.69652,5.985722,1.8226867249594978,-1.5217973793466886
05/04/2023 16:19:23.103387,3970,True,True,True,True,Eyes,0.7770871,0.128435,-1.669629,0.988928,-0.1061288,-0.1037208,0.0,0.0,0.0,0.0,0.0,0.0,0.0,-1.344525,-0.5182633,-1.238329,0.9974897,0.1363962,-1.611276,0.04687957,0.7723386,-0.109208,0.6239945,13.13206,101.6955,356.2392,0.3724373,0.06920952,-0.9254729,0.0,0.0,0.0,2.835256,-0.1446462,-2.505349,0.490327,0.2089602,1.992901,-0.2168664,-0.06387651,-0.9741093,0.2087041,0.9717519,-0.1101858,0.9536307,-0.2271962,-0.1974091,moving,-84.01259,45.65742,13.82233,5.985721,1.8743143505841515,-1.472575230486441
05/04/2023 16:19:23.113061,3971,True,True,True,True,Eyes,0.787086,0.1286473,-1.667574,0.9877554,-0.1071941,-0.1133524,0.0,0.0,0.0,0.0,0.0,0.0,0.0,-1.328269,-0.526641,-1.260911,1.008222,0.1363148,-1.611351,0.04596624,0.7753396,-0.1104867,0.6201037,13.19918,102.2473,356.1278,0.3773365,0.06925446,-0.9234828,0.0,0.0,0.0,2.83572,-0.148278,-2.527402,0.4945474,0.2089602,1.992901,-0.2267175,-0.0657475,-0.9717391,0.2083053,0.9713597,-0.1143217,0.9514245,-0.228337,-0.2065286,moving,-83.45351,43.40055,13.93668,5.985722,1.9229136077585482,-1.427775578357343
05/04/2023 16:19:23.133303,3972,True,True,True,True,Eyes,0.7971304,0.128831,-1.665605,0.9865535,-0.1079955,-0.1226753,0.0,0.0,0.0,0.0,0.0,0.0,0.0,-1.312547,-0.532415,-1.283624,1.019146,0.1359966,-1.611454,0.04468533,0.7782246,-0.1110897,0.6164647,13.17931,102.7727,356.0297,0.382233,0.06929742,-0.9214637,0.0,0.0,0.0,2.837007,-0.1490408,-2.548596,0.4987816,0.2089601,1.992901,-0.235949,-0.0674153,-0.9694242,0.2065162,0.9713246,-0.1178116,0.9495679,-0.2279993,-0.2152607,moving,-82.91181,41.35865,14.0513,5.98572,1.9681563795567207,-1.3870906292413556
05/04/2023 16:19:23.153287,3973,True,True,True,True,Eyes,0.8072139,0.1289689,-1.663737,0.9852774,-0.1087278,-0.1319345,0.0,0.0,0.0,0.0,0.0,0.0,0.0,-1.298284,-0.5349345,-1.306144,1.03017,0.1356349,-1.61185,0.04341981,0.7809261,-0.1108519,0.6131729,13.08415,103.2628,355.9893,0.3871247,0.06933647,-0.9194163,0.0,0.0,0.0,2.839236,-0.1467617,-2.56892,0.5031283,0.2089598,1.992899,-0.2442673,-0.06812737,-0.9673117,0.203758,0.9716532,-0.1198865,0.9480591,-0.2263819,-0.2234616,moving,-82.37312,39.49208,14.16885,5.985717,2.011057697964976,-1.3497141686246383
05/04/2023 16:19:23.170063,3974,True,True,True,True,Eyes,0.8173344,0.1290513,-1.661968,0.9839805,-0.1092541,-0.1408755,0.0,0.0,0.0,0.0,0.0,0.0,0.0,-1.285623,-0.535544,-1.327517,1.041361,0.1345838,-1.612261,0.04256268,0.7832835,-0.1103695,0.6103065,12.99428,103.6949,355.9958,0.3920093,0.06936896,-0.9173419,0.0,0.0,0.0,2.842504,-0.1449462,-2.587256,0.507499,0.2089599,1.9929,-0.2514289,-0.06804122,-0.9654813,0.2013958,0.972014,-0.1209487,0.9466907,-0.2248538,-0.2306892,moving,-81.85239,37.79488,14.28691,5.985716,2.051163149294598,-1.315597730617946
05/04/2023 16:19:23.183485,3975,True,True,True,True,Eyes,0.8274972,0.1290499,-1.660298,0.9826328,-0.1097039,-0.1496586,0.0,0.0,0.0,0.0,0.0,0.0,0.0,-1.274642,-0.5362261,-1.347087,1.052348,0.1333088,-1.612974,0.04154993,0.7852502,-0.1100069,0.6079099,12.90194,104.053,355.9706,0.3968843,0.06939195,-0.9152417,0.0,0.0,0.0,2.846622,-0.1435468,-2.603527,0.5118061,0.20896,1.9929,-0.2574385,-0.06849436,-0.9638641,0.1990027,0.9723442,-0.1222486,0.945581,-0.2232831,-0.2366883,moving,-81.34019,36.24245,14.40313,5.985718,2.0891208182497656,-1.28423881263498
05/04/2023 16:19:23.203514,3976,True,True,True,True,Eyes,0.8377008,0.1289557,-1.658724,0.9812855,-0.1099636,-0.1580718,0.0,0.0,0.0,0.0,0.0,0.0,0.0,-1.264678,-0.537079,-1.365456,1.063558,0.1312891,-1.613673,0.04034901,0.7868759,-0.1099051,0.6059036,12.81822,104.3461,355.9018,0.4017477,0.06940133,-0.9131165,0.0,0.0,0.0,2.851807,-0.1435878,-2.617822,0.5161335,0.2089601,1.992901,-0.2625057,-0.06968445,-0.9624111,0.1966831,0.9725857,-0.1240681,0.9446729,-0.2218586,-0.2416036,moving,-80.84904,34.82464,14.51979,5.985721,2.1246159031999086,-1.2554998571432048
05/04/2023 16:19:23.213295,3977,True,True,True,True,Eyes,0.8479468,0.1287711,-1.657257,0.9799024,-0.1101638,-0.1662986,0.0,0.0,0.0,0.0,0.0,0.0,0.0,-1.254187,-0.5379347,-1.384392,1.074674,0.1292291,-1.614706,0.03946142,0.7886688,-0.1098388,0.6036388,12.76153,104.677,355.8629,0.4065978,0.06939293,-0.9109678,0.0,0.0,0.0,2.856023,-0.1443608,-2.633725,0.5207094,0.2089603,1.992901,-0.2681259,-0.07036191,-0.960811,0.1948499,0.9727565,-0.1256119,0.9434734,-0.2208937,-0.2471112,moving,-80.36814,33.5223,14.64301,5.985723,2.1582756289727962,-1.2289749806069667
05/04/2023 16:19:23.233354,3978,True,True,True,True,Eyes,0.8582461,0.1284982,-1.655876,0.97852,-0.1102676,-0.1741829,0.0,0.0,0.0,0.0,0.0,0.0,0.0,-1.247357,-0.5364543,-1.400686,1.085981,0.1265721,-1.61562,0.03879026,0.7897236,-0.1093899,0.6023836,12.68018,104.8681,355.8547,0.4114326,0.06936318,-0.9087967,0.0,0.0,0.0,2.863127,-0.1445764,-2.644751,0.5249387,0.2089601,1.992901,-0.2712589,-0.0705222,-0.9599195,0.1930565,0.9730583,-0.1260423,0.9429466,-0.2195088,-0.2503359,moving,-79.90671,32.33612,14.75677,5.985721,2.189764105874609,-1.2047163547535078
05/04/2023 16:19:23.253387,3979,True,True,True,True,Eyes,0.868592,0.1281302,-1.654623,0.9771351,-0.1102427,-0.1818064,0.0,0.0,0.0,0.0,0.0,0.0,0.0,-1.240404,-0.5350775,-1.41767,1.097465,0.1242424,-1.617043,0.03820906,0.7908909,-0.1088693,0.6009819,12.59942,105.0821,355.8622,0.4162513,0.06930899,-0.9066039,0.0,0.0,0.0,2.869895,-0.1443642,-2.657238,0.5294763,0.2089601,1.9929,-0.2747217,-0.07041863,-0.9589417,0.1912954,0.973375,-0.1262816,0.9423025,-0.2181334,-0.2539365,moving,-79.46003,31.23154,14.87869,5.985721,2.219689268466832,-1.1820542842208388
05/04/2023 16:19:23.270313,3980,True,True,True,True,Eyes,0.8790011,0.1276719,-1.653491,0.9757627,-0.1100942,-0.1891204,0.0,0.0,0.0,0.0,0.0,0.0,0.0,-1.239399,-0.5277771,-1.43172,1.108851,0.1214354,-1.618698,0.03790146,0.7911612,-0.1070115,0.6009793,12.40864,105.1198,355.9692,0.4210516,0.06922717,-0.9043908,0.0,0.0,0.0,2.880602,-0.1398641,-2.664016,0.5336229,0.20896,1.9929,-0.2747747,-0.06865107,-0.9590546,0.1885957,0.974224,-0.1237707,0.9428311,-0.2148826,-0.2547448,moving,-79.03104,30.20533,14.98999,5.985721,2.247987983176018,-1.160940554808737
05/04/2023 16:19:23.283324,3981,True,True,True,True,Eyes,0.8894574,0.1271445,-1.652503,0.9743916,-0.1098458,-0.196201,0.0,0.0,0.0,0.0,0.0,0.0,0.0,-1.235579,-0.5230959,-1.447867,1.120453,0.1187419,-1.62083,0.03735375,0.7919403,-0.1057532,0.6002097,12.25956,105.2558,356.0224,0.4258325,0.06911515,-0.9021581,0.0,0.0,0.0,2.889302,-0.1371962,-2.674593,0.537993,0.2089601,1.9929,-0.2767062,-0.06778435,-0.9585609,0.1861121,0.974842,-0.1226603,0.9427598,-0.2123406,-0.2571293,moving,-78.6153,29.24287,15.10716,5.985721,2.2750041058175956,-1.1410814752678973
05/04/2023 16:19:23.303529,3982,True,True,True,True,Eyes,0.8999697,0.1265771,-1.651657,0.9730043,-0.1095614,-0.2031228,0.0,0.0,0.0,0.0,0.0,0.0,0.0,-1.233766,-0.5184228,-1.462841,1.132232,0.116533,-1.623366,0.03684472,0.7923854,-0.1043976,0.5998908,12.10195,105.3277,356.0789,0.4305915,0.06897169,-0.8999074,0.0,0.0,0.0,2.899393,-0.133704,-2.683516,0.5422904,0.2089601,1.9929,-0.2775469,-0.0668639,-0.9583825,0.1836448,0.9754872,-0.1212406,0.9429965,-0.2096519,-0.2584642,moving,-78.20838,28.34176,15.22226,5.985721,2.3009253874321485,-1.1224130970799013
05/04/2023 16:19:23.313195,3983,True,True,True,True,Eyes,0.9105399,0.1259871,-1.650974,0.9716154,-0.1091728,-0.2098686,0.0,0.0,0.0,0.0,0.0,0.0,0.0,-1.230026,-0.5159066,-1.478788,1.144055,0.1147795,-1.626007,0.03617669,0.7931251,-0.1034703,0.5991145,11.97458,105.4568,356.0964,0.4353268,0.06879731,-0.8976397,0.0,0.0,0.0,2.90815,-0.1311768,-2.694534,0.5467724,0.2089601,1.992901,-0.2795067,-0.06659584,-0.9578316,0.1813664,0.9759703,-0.1207818,0.9428588,-0.2074777,-0.260712,moving,-77.81139,27.48327,15.34216,5.985718,2.3259511720791233,-1.1045880706133921
05/04/2023 16:19:23.333146,3984,True,True,True,True,Eyes,0.9211736,0.1253698,-1.650439,0.9701892,-0.1087217,-0.216593,0.0,0.0,0.0,0.0,0.0,0.0,0.0,-1.22616,-0.5138325,-1.495335,1.155986,0.1135711,-1.629207,0.03521443,0.7939549,-0.1024984,0.5982389,11.82315,105.5996,356.0913,0.4400363,0.06859329,-0.8953561,0.0,0.0,0.0,2.916847,-0.1274635,-2.706289,0.5509247,0.2089601,1.9929,-0.2817403,-0.06671972,-0.957168,0.1785544,0.9765081,-0.1206249,0.9427303,-0.2048915,-0.2632086,moving,-77.41519,26.65497,15.45312,5.985721,2.3505641434830524,-1.0873338866680027
05/04/2023 16:19:23.353152,3985,True,True,True,True,Eyes,0.9318634,0.1247292,-1.650065,0.9687649,-0.1081484,-0.2231559,0.0,0.0,0.0,0.0,0.0,0.0,0.0,-1.222017,-0.5100316,-1.512916,1.168076,0.1124937,-1.63258,0.03403953,0.7949158,-0.1010477,0.5972769,11.61363,105.7631,356.1019,0.4447184,0.06836067,-0.8930576,0.0,0.0,0.0,2.925473,-0.1214681,-2.719085,0.5553074,0.2089599,1.992899,-0.2842034,-0.06658985,-0.9564489,0.1748241,0.9772614,-0.1199868,0.9426904,-0.2013109,-0.2660996,moving,-77.02814,25.85629,15.57012,5.985718,2.374474981253536,-1.0706753760988144
05/04/2023 16:19:23.370273,3986,True,True,True,True,Eyes,0.9426112,0.1240988,-1.649854,0.9672917,-0.1076518,-0.2296911,0.0,0.0,0.0,0.0,0.0,0.0,0.0,-1.218236,-0.5054625,-1.530346,1.180091,0.1111961,-1.636023,0.0333763,0.7958608,-0.09950017,0.5963149,11.43068,105.9299,356.1659,0.449371,0.06810056,-0.8907455,0.0,0.0,0.0,2.933923,-0.1160922,-2.731958,0.559772,0.20896,1.9929,-0.2865892,-0.0655411,-0.9558091,0.1717926,0.9779715,-0.118571,0.9425252,-0.1981821,-0.2690167,moving,-76.64207,25.11159,15.68916,5.985718,2.3976630497648594,-1.0550356982249038
05/04/2023 16:19:23.383738,3987,True,True,True,True,Eyes,0.9534119,0.123528,-1.649804,0.9658083,-0.1071563,-0.236076,0.0,0.0,0.0,0.0,0.0,0.0,0.0,-1.214052,-0.5028011,-1.547789,1.192292,0.1108614,-1.639674,0.03373171,0.7969002,-0.09821942,0.5951179,11.34351,106.1291,356.3076,0.4539921,0.06781574,-0.8884209,0.0,0.0,0.0,2.941807,-0.1122805,-2.745461,0.5639546,0.20896,1.9929,-0.2893941,-0.06314263,-0.9551252,0.1706658,0.9784302,-0.1163935,0.9418729,-0.1966908,-0.2723756,moving,-76.26432,24.41358,15.80055,5.985718,2.4199608646331865,-1.0403090307286136
05/04/2023 16:19:23.403653,3988,True,True,True,True,Eyes,0.9642564,0.1230245,-1.649892,0.9642671,-0.1067992,-0.2424514,0.0,0.0,0.0,0.0,0.0,0.0,0.0,-1.209976,-0.5033154,-1.564144,1.204381,0.1117136,-1.643442,0.03455402,0.7978513,-0.09746687,0.5939189,11.33661,106.3201,356.4544,0.4585796,0.06751136,-0.886085,0.0,0.0,0.0,2.949311,-0.1100152,-2.759023,0.568464,0.20896,1.992901,-0.2921329,-0.0606369,-0.9544537,0.1709128,0.9786125,-0.1144836,0.9409822,-0.1965727,-0.2755212,moving,-75.88634,23.77336,15.92051,5.985718,2.441530276711466,-1.0266676680717592
05/04/2023 16:19:23.423505,3989,True,True,True,True,Eyes,0.9751516,0.1225585,-1.650145,0.9627191,-0.1064809,-0.2486641,0.0,0.0,0.0,0.0,0.0,0.0,0.0,-1.206857,-0.5041752,-1.57941,1.216157,0.112716,-1.647267,0.03491646,0.7985924,-0.09678425,0.5930126,11.3028,106.4653,356.5494,0.4631318,0.06719247,-0.8837384,0.0,0.0,0.0,2.957357,-0.1071538,-2.77125,0.5728339,0.2089603,1.992901,-0.294234,-0.05902054,-0.9539095,0.1705566,0.9788273,-0.1131705,0.9403921,-0.1959941,-0.2779379,moving,-75.5174,23.18118,16.03662,5.985722,2.4621666854882447,-1.0139677531468063
05/04/2023 16:19:23.437214,3990,True,True,True,True,Eyes,0.9860892,0.122165,-1.650563,0.9610891,-0.1063259,-0.2549559,0.0,0.0,0.0,0.0,0.0,0.0,0.0,-1.203204,-0.5087115,-1.594444,1.228279,0.1132381,-1.651438,0.03522971,0.7992917,-0.09711235,0.5919971,11.35889,106.6076,356.5697,0.4676467,0.06686204,-0.8813828,0.0,0.0,0.0,2.965311,-0.1086172,-2.783557,0.5769529,0.2089601,1.9929,-0.2965962,-0.05866286,-0.9531994,0.1712981,0.9786561,-0.1135304,0.9395145,-0.196954,-0.2802168,moving,-75.14288,22.63792,16.14595,5.985721,2.4823775444758143,-1.0021636658196362
05/04/2023 16:19:23.453638,3991,True,True,True,True,Eyes,0.9970652,0.1218656,-1.651127,0.9594299,-0.1062083,-0.261178,0.0,0.0,0.0,0.0,0.0,0.0,0.0,-1.196089,-0.5142272,-1.611725,1.240314,0.1145998,-1.655657,0.03512442,0.8005771,-0.09744166,0.5902101,11.38967,106.8595,356.5623,0.4721217,0.06652453,-0.8790194,0.0,0.0,0.0,2.970897,-0.1086552,-2.799554,0.5813328,0.20896,1.9929,-0.300837,-0.05878248,-0.9518625,0.1712617,0.9785428,-0.1145575,0.9381722,-0.1974807,-0.2843146,moving,-74.77183,22.12918,16.26207,5.98572,2.502025324613832,-0.9910232072009962
05/04/2023 16:19:23.470555,3992,True,True,True,True,Eyes,1.008086,0.121655,-1.651806,0.9576664,-0.1062839,-0.2675421,0.0,0.0,0.0,0.0,0.0,0.0,0.0,-1.188294,-0.5206068,-1.628869,1.252193,0.1164653,-1.659739,0.03485066,0.8019071,-0.09787028,0.5883468,11.41852,107.1195,356.5334,0.4765553,0.06618509,-0.8766494,0.0,0.0,0.0,2.976049,-0.1083418,-2.815651,0.5856901,0.2089601,1.992901,-0.3052671,-0.05926934,-0.9504205,0.1710573,0.9784137,-0.1159572,0.9367772,-0.1979743,-0.2885391,moving,-74.3913,21.66596,16.37744,5.98572,2.5214292488448558,-0.9806980840530398
05/04/2023 16:19:23.486165,3993,True,True,True,True,Eyes,1.019143,0.1215425,-1.652622,0.9558905,-0.1063294,-0.2738017,0.0,0.0,0.0,0.0,0.0,0.0,0.0,-1.180077,-0.5268448,-1.646172,1.264101,0.1185333,-1.663738,0.03469162,0.8032853,-0.09821286,0.5864159,11.4477,107.3908,356.5223,0.4809467,0.06584819,-0.8742734,0.0,0.0,0.0,2.980987,-0.1076555,-2.831882,0.5900019,0.2089601,1.992901,-0.3098261,-0.05945262,-0.9489328,0.1709217,0.9783015,-0.1170985,0.9353041,-0.1984733,-0.2929416,moving,-74.01637,21.22342,16.49149,5.985721,2.5403709265438668,-0.9707854945142994
05/04/2023 16:19:23.503236,3994,True,True,True,True,Eyes,1.030239,0.1215212,-1.653573,0.9540507,-0.1063926,-0.2801213,0.0,0.0,0.0,0.0,0.0,0.0,0.0,-1.173311,-0.5291317,-1.663664,1.276134,0.1207045,-1.667732,0.03517852,0.8045823,-0.09755557,0.5847161,11.42715,107.6493,356.6383,0.4852945,0.06551823,-0.8718923,0.0,0.0,0.0,2.986784,-0.1038276,-2.847485,0.5943388,0.2089603,1.992901,-0.3137396,-0.05747658,-0.9477681,0.1706926,0.9784908,-0.1158441,0.9340406,-0.1981219,-0.2971804,moving,-73.6371,20.79723,16.60605,5.985722,2.5592581842577578,-0.9611617842097063
05/04/2023 16:19:23.513106,3995,True,True,True,True,Eyes,1.041377,0.1215576,-1.654661,0.9521922,-0.106353,-0.2863897,0.0,0.0,0.0,0.0,0.0,0.0,0.0,-1.166902,-0.5294228,-1.68159,1.288126,0.1228056,-1.671928,0.03551774,0.8058968,-0.09643184,0.5830695,11.35263,107.9073,356.7721,0.4895972,0.06519879,-0.8695075,0.0,0.0,0.0,2.992726,-0.09799589,-2.863293,0.5987067,0.2089601,1.992901,-0.3175373,-0.05520566,-0.9466376,0.1697002,0.9788788,-0.1140096,0.9329374,-0.1968468,-0.3014621,moving,-73.26035,20.37286,16.7213,5.98572,2.57803284384384,-0.9515829991526278
05/04/2023 16:19:23.533406,3996,True,True,True,True,Eyes,1.052551,0.1216626,-1.655863,0.9502734,-0.1062923,-0.2927156,0.0,0.0,0.0,0.0,0.0,0.0,0.0,-1.158908,-0.526393,-1.701765,1.300328,0.1241998,-1.676271,0.0361332,0.8075927,-0.09464031,0.5809749,11.23576,108.2415,356.9841,0.493854,0.06489132,-0.8671198,0.0,0.0,0.0,2.997554,-0.09056614,-2.881443,0.6031793,0.2089601,1.9929,-0.3223253,-0.05160546,-0.9452212,0.1683291,0.9794752,-0.1108767,0.9315426,-0.1948466,-0.3070229,moving,-72.87945,19.95721,16.83918,5.98572,2.596843591032797,-0.9421504795199115
05/04/2023 16:19:23.553019,3997,True,True,True,True,Eyes,1.063733,0.1217775,-1.657214,0.9483215,-0.1061261,-0.2990377,0.0,0.0,0.0,0.0,0.0,0.0,0.0,-1.149593,-0.5248802,-1.721809,1.312333,0.1259911,-1.680356,0.03654888,0.8093775,-0.09314772,0.5787017,11.13289,108.5937,357.1582,0.4980642,0.06459777,-0.8647304,0.0,0.0,0.0,3.001659,-0.08357269,-2.899506,0.6072501,0.2089601,1.9929,-0.3275369,-0.04864582,-0.9435853,0.1669732,0.9799754,-0.1084815,0.9299675,-0.1930851,-0.3128556,moving,-72.49818,19.53937,16.94633,5.985721,2.6156953772503577,-0.9326752211286921
05/04/2023 16:19:23.570248,3998,True,True,True,True,Eyes,1.07495,0.1219029,-1.658591,0.9458135,-0.1050298,-0.3072548,0.0,0.0,0.0,0.0,0.0,0.0,0.0,-1.139303,-0.521503,-1.743032,1.323717,0.1263172,-1.685218,0.03656228,0.8114353,-0.09157006,0.5760651,10.99544,108.9961,357.3045,0.5022256,0.06431682,-0.8623411,0.0,0.0,0.0,3.003896,-0.07712713,-2.920113,0.6115894,0.2089601,1.9929,-0.3336243,-0.04616476,-0.9415749,0.1648365,0.9805562,-0.1064818,0.9281829,-0.1907308,-0.3195279,moving,-72.00321,18.87211,17.06042,5.985721,2.6417598483619957,-0.9180281656504841
05/04/2023 16:19:23.583589,3999,True,True,True,True,Eyes,1.08619,0.1220382,-1.660063,0.9432744,-0.1040124,-0.3153013,0.0,0.0,0.0,0.0,0.0,0.0,0.0,-1.130596,-0.5217215,-1.761671,1.335093,0.1265227,-1.689806,0.03658145,0.8130143,-0.09092381,0.5739359,10.94319,109.3097,357.3796,0.50634,0.06404762,-0.8599519,0.0,0.0,0.0,3.007368,-0.07450805,-2.937982,0.616074,0.2089599,1.992899,-0.3385185,-0.04488641,-0.9398884,0.1638514,0.9807893,-0.1058539,0.9265839,-0.1898355,-0.3246607,moving,-71.51715,18.25682,17.17819,5.985719,2.666845838330631,-0.9043958776587061
05/04/2023 16:19:23.603458,4000,True,True,True,True,Eyes,1.097375,0.1221652,-1.661806,0.9406465,-0.1027563,-0.323458,0.0,0.0,0.0,0.0,0.0,0.0,0.0,-1.121115,-0.5278404,-1.778207,1.346855,0.1267492,-1.693355,0.03639635,0.8142834,-0.09171254,0.5720199,11.01108,109.5683,357.3345,0.5104069,0.06378922,-0.8575637,0.0,0.0,0.0,3.011644,-0.07732033,-2.953117,0.6203675,0.2089599,1.992899,-0.3429373,-0.04564893,-0.9382487,0.1641967,0.9805282,-0.1077211,0.9248966,-0.1909989,-0.3287643,moving,-71.02356,17.62404,17.29079,5.985717,2.6924218867440315,-0.8904028127097244
05/04/2023 16:19:23.613505,4001,True,True,True,True,Eyes,1.108586,0.1222777,-1.663631,0.9379882,-0.1015265,-0.3314673,0.0,0.0,0.0,0.0,0.0,0.0,0.0,-1.111852,-0.5301964,-1.796155,1.358165,0.1267826,-1.697884,0.03610756,0.8157841,-0.09164314,0.5699072,10.99235,109.8677,357.3408,0.514419,0.06353948,-0.8551816,0.0,0.0,0.0,3.014842,-0.07677616,-2.970614,0.6249331,0.2089601,1.9929,-0.3478041,-0.04554424,-0.9364605,0.1633681,0.9805956,-0.1083661,0.9232244,-0.1906779,-0.3336146,moving,-70.53756,17.02953,17.41037,5.985721,2.7172408966237502,-0.8771613829709944
05/04/2023 16:19:23.633443,4002,True,True,True,True,Eyes,1.119797,0.1224201,-1.665571,0.9352783,-0.1001309,-0.3394528,0.0,0.0,0.0,0.0,0.0,0.0,0.0,-1.10171,-0.5313252,-1.814582,1.37001,0.1265997,-1.701712,0.03593586,0.8173043,-0.09132976,0.5677863,10.9584,110.1722,357.3746,0.5183771,0.0632966,-0.8528062,0.0,0.0,0.0,3.018667,-0.0755968,-2.987034,0.6290411,0.20896,1.9929,-0.3526545,-0.0449705,-0.9346724,0.1624526,0.980735,-0.1084806,0.9215443,-0.1900962,-0.338555,moving,-70.05199,16.43486,17.51784,5.985721,2.7420466907966112,-0.8639187739819248
05/04/2023 16:19:23.653483,4003,True,True,True,True,Eyes,1.13103,0.1226249,-1.667572,0.9325603,-0.09868409,-0.3472646,0.0,0.0,0.0,0.0,0.0,0.0,0.0,-1.091475,-0.5338172,-1.832531,1.381495,0.1272296,-1.705794,0.0356456,0.8188297,-0.09116969,0.5656285,10.93115,110.4783,357.3871,0.5222802,0.06306113,-0.8504388,0.0,0.0,0.0,3.021839,-0.07407765,-3.003956,0.6333768,0.20896,1.992899,-0.3575876,-0.044761,-0.9328061,0.1615117,0.980835,-0.1089806,0.919807,-0.1896292,-0.343505,moving,-69.5758,15.86385,17.63113,5.98572,2.766218154870792,-0.8511607857411977
05/04/2023 16:19:23.673263,4004,True,True,True,True,Eyes,1.142285,0.1228671,-1.669633,0.9297968,-0.09719712,-0.355008,0.0,0.0,0.0,0.0,0.0,0.0,0.0,-1.082105,-0.5337358,-1.850147,1.393261,0.1291042,-1.7091,0.03412724,0.8201109,-0.09025051,0.564011,10.75018,110.7138,357.3264,0.5261297,0.06283525,-0.8480794,0.0,0.0,0.0,3.02708,-0.06678275,-3.018408,0.6377375,0.2089601,1.9929,-0.361454,-0.04582831,-0.9312631,0.1577808,0.9813804,-0.1095346,0.9189431,-0.1865271,-0.347493,moving,-69.10252,15.3117,17.74492,5.985721,2.790046001582074,-0.8387696830533701
05/04/2023 16:19:23.683581,4005,True,True,True,True,Eyes,1.153558,0.1231204,-1.671741,0.9270154,-0.09571898,-0.3626023,0.0,0.0,0.0,0.0,0.0,0.0,0.0,-1.072512,-0.5339789,-1.868018,1.404917,0.1302124,-1.712938,0.03209466,0.8214138,-0.08963834,0.5623295,10.56529,110.9506,357.1962,0.5299266,0.06261967,-0.8457282,0.0,0.0,0.0,3.031888,-0.06090403,-3.03358,0.6421363,0.20896,1.9929,-0.365511,-0.04808656,-0.9295641,0.1535385,0.9818698,-0.1111648,0.9180564,-0.1833559,-0.3515011,moving,-68.63704,14.78749,17.85957,5.985721,2.8132410206628893,-0.826936934709511
05/04/2023 16:19:23.703512,4006,True,True,True,True,Eyes,1.164837,0.1233849,-1.673898,0.9241632,-0.09441628,-0.3701458,0.0,0.0,0.0,0.0,0.0,0.0,0.0,-1.061303,-0.5363206,-1.885489,1.41663,0.1307256,-1.716142,0.03056859,0.82278,-0.08964093,0.5604135,10.47297,111.2126,357.0755,0.5336719,0.06241377,-0.843385,0.0,0.0,0.0,3.035803,-0.05875599,-3.048732,0.6466136,0.20896,1.992899,-0.3700046,-0.0501695,-0.9276742,0.1507744,0.9820601,-0.1132474,0.9167134,-0.1817716,-0.3558025,moving,-68.17291,14.30978,17.97611,5.98572,2.8357954804391285,-0.8159839901388241
05/04/2023 16:19:23.713612,4007,True,True,True,True,Eyes,1.176111,0.1236952,-1.676091,0.9212631,-0.09330158,-0.3775833,0.0,0.0,0.0,0.0,0.0,0.0,0.0,-1.049659,-0.5410727,-1.902627,1.428152,0.1313757,-1.719783,0.03015266,0.8242472,-0.09007235,0.5582064,10.49482,111.5135,357.0355,0.5373668,0.06221699,-0.8410502,0.0,0.0,0.0,3.038618,-0.05951917,-3.064614,0.6506114,0.20896,1.9929,-0.3749932,-0.05085142,-0.9256321,0.1502644,0.9819556,-0.1148209,0.9147683,-0.1821466,-0.3605855,moving,-67.71354,13.87986,18.08003,5.985718,2.8575719636228225,-0.8059495962576411
05/04/2023 16:19:23.733298,4008,True,True,True,True,Eyes,1.187369,0.1240636,-1.678337,0.918291,-0.09237976,-0.3849774,0.0,0.0,0.0,0.0,0.0,0.0,0.0,-1.036636,-0.5505788,-1.918238,1.439366,0.1325071,-1.722805,0.03173712,0.8258026,-0.09130991,0.5556126,10.72382,111.8648,357.1386,0.5410114,0.06203059,-0.8387244,0.0,0.0,0.0,3.041153,-0.06517869,-3.076984,0.6506109,0.2089598,1.992899,-0.3805747,-0.04904868,-0.9234483,0.153883,0.9813105,-0.1155408,0.9118567,-0.186075,-0.3659141,static,-67.25498,13.49365,18.08003,5.985717,2.878762604871734,-0.7967402663394747
05/04/2023 16:19:23.753381,4009,True,True,True,True,Eyes,1.198622,0.1244532,-1.680609,0.9152758,-0.09158881,-0.3922777,0.0,0.0,0.0,0.0,0.0,0.0,0.0,-1.022823,-0.560177,-1.933841,1.450245,0.1345228,-1.725804,0.03448439,0.8275523,-0.0922253,0.5526867,10.99718,112.2732,357.3802,0.5446057,0.06185619,-0.8364078,0.0,0.0,0.0,3.042221,-0.06992736,-3.090508,0.6506107,0.2089598,1.992899,-0.3866965,-0.0448681,-0.9211147,0.1590186,0.9806107,-0.1145244,0.9083934,-0.1907606,-0.3720639,static,-66.80054,13.14197,18.08002,5.985716,2.899366979952287,-0.7881975167812658
05/04/2023 16:19:23.770642,4010,True,True,True,True,Eyes,1.209855,0.1248566,-1.682911,0.9122144,-0.09096164,-0.3994884,0.0,0.0,0.0,0.0,0.0,0.0,0.0,-1.009483,-0.5663704,-1.949996,1.461412,0.1354375,-1.728654,0.03660673,0.8292124,-0.09264031,0.5499861,11.18067,112.6547,357.5935,0.5481504,0.06169355,-0.8341011,0.0,0.0,0.0,3.044351,-0.07297931,-3.103235,0.6506112,0.2089599,1.9929,-0.3923508,-0.04119224,-0.9188929,0.1626112,0.9801554,-0.1133706,0.9053279,-0.1939033,-0.3778664,static,-66.34982,12.82729,18.08003,5.985717,2.9193677981653643,-0.7803660756228231
05/04/2023 16:19:23.783465,4011,True,True,True,True,Eyes,1.221067,0.1252516,-1.685216,0.9091431,-0.0904407,-0.4065453,0.0,0.0,0.0,0.0,0.0,0.0,0.0,-0.9971226,-0.5723997,-1.96523,1.472338,0.136203,-1.731385,0.0393156,0.830743,-0.09297262,0.5474272,11.39183,113.0207,357.868,0.5516458,0.06154208,-0.8318048,0.0,0.0,0.0,3.046661,-0.07645537,-3.11518,0.6506109,0.2089599,1.9929,-0.3975556,-0.03646916,-0.9168532,0.1671138,0.9796208,-0.1114278,0.902232,-0.1975176,-0.3833592,static,-65.90704,12.54187,18.08002,5.985717,2.9387139979483266,-0.773118396196928
05/04/2023 16:19:23.803698,4012,True,True,True,True,Eyes,1.232255,0.1256559,-1.687562,0.9060568,-0.08997355,-0.4134802,0.0,0.0,0.0,0.0,0.0,0.0,0.0,-0.9877212,-0.5760024,-1.979027,1.483085,0.1364042,-1.733716,0.04247313,0.8318912,-0.09283113,0.5454682,11.58294,113.313,358.2096,0.5550928,0.06140025,-0.8295189,0.0,0.0,0.0,3.05083,-0.07905129,-3.124529,0.6506114,0.2089599,1.9929,-0.4013211,-0.03060682,-0.9154261,0.1719389,0.9791568,-0.1081153,0.8996547,-0.2007863,-0.3876938,static,-65.47035,12.27622,18.08003,5.985717,2.957592166014465,-0.7662682284353349
05/04/2023 16:19:23.813001,4013,True,True,True,True,Eyes,1.243432,0.1260568,-1.689915,0.9029648,-0.08956055,-0.4202779,0.0,0.0,0.0,0.0,0.0,0.0,0.0,-0.9770814,-0.5808513,-1.993492,1.494035,0.1370023,-1.736426,0.04447713,0.8331256,-0.0929751,0.5433961,11.7275,113.6103,358.4237,0.5584914,0.06126744,-0.8272443,0.0,0.0,0.0,3.05478,-0.08107232,-3.134684,0.6506108,0.2089599,1.9929,-0.4054851,-0.02693454,-0.9137048,0.1751547,0.9787549,-0.1065824,0.8971637,-0.2032572,-0.3921527,static,-65.04074,12.0297,18.08002,5.985717,2.9759753375372426,-0.7598077515106538
05/04/2023 16:19:23.833100,4014,True,True,True,True,Eyes,1.254595,0.1264488,-1.69227,0.8998649,-0.08918053,-0.4269543,0.0,0.0,0.0,0.0,0.0,0.0,0.0,-0.9665914,-0.5842433,-2.007914,1.504968,0.1373809,-1.738836,0.04590584,0.834289,-0.09290659,0.5415009,11.81416,113.8828,358.5938,0.5618427,0.06114257,-0.8249812,0.0,0.0,0.0,3.059336,-0.08179738,-3.144008,0.650611,0.20896,1.9929,-0.4093392,-0.02402053,-0.9120663,0.1772154,0.9785221,-0.1053057,0.8950065,-0.204738,-0.3962905,static,-64.61731,11.79809,18.08002,5.985718,2.993949227568066,-0.7536538151466683
05/04/2023 16:19:23.853197,4015,True,True,True,True,Eyes,1.265749,0.1268096,-1.694616,0.8967835,-0.08876675,-0.4334741,0.0,0.0,0.0,0.0,0.0,0.0,0.0,-0.9562703,-0.5871929,-2.022153,1.51587,0.1375576,-1.741139,0.04648054,0.835358,-0.09289629,0.5398028,11.85198,114.1219,358.6747,0.5651479,0.0610244,-0.8227293,0.0,0.0,0.0,3.064514,-0.0820284,-3.152555,0.6506108,0.2089599,1.9929,-0.4129052,-0.02263557,-0.9104928,0.1779471,0.9784197,-0.1050226,0.8932213,-0.2053839,-0.3999666,static,-64.20249,11.57302,18.08002,5.985716,3.0115343075264347,-0.7476594197696637
05/04/2023 16:19:23.870729,4016,True,True,True,True,Eyes,1.276911,0.1271398,-1.696926,0.8936704,-0.08830795,-0.4399487,0.0,0.0,0.0,0.0,0.0,0.0,0.0,-0.9461019,-0.5872188,-2.036935,1.526852,0.1371593,-1.743257,0.04588607,0.8363692,-0.09252639,0.5383493,11.78138,114.3252,358.6615,0.5684086,0.06091079,-0.8204884,0.0,0.0,0.0,3.070676,-0.08012255,-3.160299,0.6506109,0.2089599,1.9929,-0.416149,-0.02286765,-0.9090089,0.1763784,0.9786667,-0.105367,0.8920262,-0.2041779,-0.4032379,static,-63.78925,11.34977,18.08002,5.985716,3.0290401374677325,-0.7417059529326807
05/04/2023 16:19:23.883383,4017,True,True,True,True,Eyes,1.288068,0.1274238,-1.699221,0.890578,-0.0878064,-0.4462746,0.0,0.0,0.0,0.0,0.0,0.0,0.0,-0.935323,-0.5882804,-2.051654,1.537853,0.1367337,-1.745423,0.04576352,0.8374443,-0.09232666,0.5367202,11.757,114.5528,358.6855,0.5716273,0.06079993,-0.8182575,0.0,0.0,0.0,3.076203,-0.07943147,-3.168574,0.6506112,0.20896,1.9929,-0.4196745,-0.02245837,-0.907397,0.175756,0.978763,-0.1055125,0.8904962,-0.2037613,-0.4068147,static,-63.38425,11.13101,18.08002,5.985718,3.0461964119952047,-0.735871919914174
05/04/2023 16:19:23.903416,4018,True,True,True,True,Eyes,1.299211,0.1276621,-1.701499,0.8874457,-0.08717303,-0.4525935,0.0,0.0,0.0,0.0,0.0,0.0,0.0,-0.9247067,-0.5872597,-2.06659,1.548901,0.1358964,-1.747338,0.04496272,0.8384609,-0.09186985,0.5352771,11.66526,114.7541,358.657,0.5748053,0.06068942,-0.8160363,0.0,0.0,0.0,3.082454,-0.07740065,-3.176088,0.6506109,0.20896,1.9929,-0.4229135,-0.0229527,-0.9058793,0.1737506,0.9790766,-0.1059235,0.8893564,-0.2021936,-0.4100766,static,-62.97861,10.90211,18.08002,5.985719,3.0635046309874494,-0.7298445634289439
05/04/2023 16:19:23.913153,4019,True,True,True,True,Eyes,1.310349,0.127833,-1.703766,0.8843099,-0.08650885,-0.4588161,0.0,0.0,0.0,0.0,0.0,0.0,0.0,-0.9136899,-0.5872149,-2.081209,1.559779,0.1353204,-1.749245,0.04479191,0.8395352,-0.09148832,0.5336707,11.62022,114.9803,358.6872,0.577944,0.06057718,-0.8138247,0.0,0.0,0.0,3.087937,-0.07607313,-3.184046,0.6506113,0.2089599,1.9929,-0.4263788,-0.02244048,-0.9042663,0.172858,0.9792472,-0.1058071,0.8878745,-0.2014236,-0.4136513,static,-62.57787,10.67765,18.08003,5.985717,3.080582424064123,-0.7239214998415695
05/04/2023 16:19:23.933181,4020,True,True,True,True,Eyes,1.321503,0.1279455,-1.705984,0.8811005,-0.08574563,-0.4650908,0.0,0.0,0.0,0.0,0.0,0.0,0.0,-0.9001737,-0.5855926,-2.097339,1.570813,0.1338576,-1.751197,0.04423515,0.8409048,-0.09099573,0.531641,11.54117,115.2637,358.6924,0.5810445,0.06046032,-0.8116227,0.0,0.0,0.0,3.092137,-0.07473093,-3.19365,0.650611,0.2089599,1.992899,-0.430802,-0.02235902,-0.9021693,0.1711492,0.979526,-0.106003,0.8860685,-0.2000719,-0.4181551,static,-62.17257,10.44594,18.08003,5.985719,3.0979143958282327,-0.7178427692032594
05/04/2023 16:19:23.963406,4021,True,True,True,True,Eyes,1.332649,0.1279874,-1.708183,0.877862,-0.08496258,-0.4713169,0.0,0.0,0.0,0.0,0.0,0.0,0.0,-0.8844994,-0.5831338,-2.114334,1.581885,0.1323465,-1.752974,0.04396547,0.8425368,-0.09028089,0.5291959,11.45877,115.6084,358.7449,0.5841092,0.06033676,-0.8094291,0.0,0.0,0.0,3.094957,-0.07278929,-3.204573,0.650611,0.2089599,1.992899,-0.4360376,-0.02146752,-0.8996724,0.1696376,0.9798328,-0.1055972,0.8837954,-0.1986626,-0.4236022,static,-61.76902,10.21876,18.08003,5.985718,3.1151265462294764,-0.7118566299773148
05/04/2023 16:19:23.970866,4022,True,True,True,True,Eyes,1.3438,0.1279253,-1.710337,0.8745246,-0.08415844,-0.4776235,0.0,0.0,0.0,0.0,0.0,0.0,0.0,-0.8664182,-0.5810246,-2.13191,1.592968,0.1305813,-1.754626,0.04335208,0.8443831,-0.08975843,0.5263851,11.37449,115.9976,358.756,0.5871394,0.06020406,-0.8072437,0.0,0.0,0.0,3.096452,-0.07149956,-3.216579,0.650611,0.2089599,1.9929,-0.4420788,-0.02128346,-0.8967237,0.1677065,0.9801281,-0.1059412,0.8811589,-0.1972207,-0.4297245,static,-61.35875,9.993083,18.08002,5.985717,3.1325579436595703,-0.7058701705429524
05/04/2023 16:19:23.983174,4023,True,True,True,True,Eyes,1.354945,0.1277638,-1.712453,0.8711464,-0.08336522,-0.4838947,0.0,0.0,0.0,0.0,0.0,0.0,0.0,-0.8463356,-0.579258,-2.149603,1.60424,0.1280115,-1.755746,0.04271362,0.8463371,-0.0895013,0.5233343,11.31504,116.4149,358.7508,0.5901369,0.06005856,-0.8050658,0.0,0.0,0.0,3.097204,-0.07206134,-3.228715,0.650611,0.20896,1.9929,-0.4485938,-0.02137793,-0.8934801,0.1659784,0.9803302,-0.1067895,0.8781883,-0.1962035,-0.4362218,static,-60.94919,9.774944,18.08002,5.98572,3.149868077045456,-0.7000284222226386
05/04/2023 16:19:24.003129,4024,True,True,True,True,Eyes,1.366089,0.1275128,-1.71454,0.8676851,-0.0826128,-0.4902017,0.0,0.0,0.0,0.0,0.0,0.0,0.0,-0.8272192,-0.5783148,-2.166308,1.615291,0.1254602,-1.756907,0.04235664,0.8481486,-0.08939297,0.5204411,11.2871,116.8094,358.7614,0.5931032,0.05989724,-0.8028951,0.0,0.0,0.0,3.098203,-0.0735218,-3.240142,0.6506118,0.20896,1.9929,-0.4546944,-0.02119809,-0.8903955,0.164897,0.9804296,-0.1075488,0.8752499,-0.1957253,-0.4423003,static,-60.53558,9.566065,18.08004,5.985717,3.167203867792962,-0.6943435149269005
05/04/2023 16:19:24.013164,4025,True,True,True,True,Eyes,1.377234,0.1271812,-1.716583,0.8641497,-0.08189104,-0.496527,0.0,0.0,0.0,0.0,0.0,0.0,0.0,-0.8069429,-0.5782135,-2.183156,1.626518,0.1230606,-1.75811,0.04190155,0.8500343,-0.08945199,0.5173823,11.27,117.2226,358.754,0.5960392,0.05971784,-0.8007314,0.0,0.0,0.0,3.098721,-0.07541014,-3.252043,0.6506109,0.20896,1.9929,-0.4611199,-0.02132625,-0.8870817,0.1637973,0.9804851,-0.1087163,0.872089,-0.1954328,-0.4486281,static,-60.11899,9.365351,18.08002,5.985717,3.184541312140884,-0.6887994153061716
05/04/2023 16:19:24.033348,4026,True,True,True,True,Eyes,1.388402,0.1267536,-1.718553,0.8604849,-0.08116072,-0.5029699,0.0,0.0,0.0,0.0,0.0,0.0,0.0,-0.7827754,-0.5793843,-2.200588,1.63777,0.120797,-1.759013,0.04072338,0.8522285,-0.08990878,0.5137749,11.25004,117.6996,358.6577,0.5989463,0.05951882,-0.798574,0.0,0.0,0.0,3.097205,-0.0780586,-3.265371,0.650611,0.2089599,1.9929,-0.4687541,-0.02297452,-0.8830301,0.161797,0.980516,-0.1114004,0.8683846,-0.195091,-0.4559036,static,-59.6929,9.166405,18.08002,5.985717,3.2021932512238798,-0.6832481566511308
05/04/2023 16:19:24.053230,4027,True,True,True,True,Eyes,1.399585,0.1263091,-1.720474,0.856726,-0.08040538,-0.5094661,0.0,0.0,0.0,0.0,0.0,0.0,0.0,-0.755235,-0.578487,-2.219245,1.649381,0.118053,-1.759455,0.03958899,0.8547423,-0.09001788,0.5096519,11.20018,118.2499,358.5935,0.6018271,0.05929818,-0.7964217,0.0,0.0,0.0,3.094204,-0.0797901,-3.279966,0.6506114,0.20896,1.9929,-0.4773755,-0.02407878,-0.8783696,0.1594323,0.980659,-0.113531,0.8641148,-0.1942374,-0.4643037,static,-59.26148,8.968608,18.08003,5.985717,3.220019636610822,-0.6776958336493002
05/04/2023 16:19:24.070965,4028,True,True,True,True,Eyes,1.410803,0.1258879,-1.722309,0.852863,-0.07953533,-0.5160416,0.0,0.0,0.0,0.0,0.0,0.0,0.0,-0.728973,-0.5777512,-2.237342,1.660953,0.1167305,-1.760257,0.03879011,0.8571464,-0.08980655,0.5056978,11.13882,118.7821,358.5789,0.604683,0.05905763,-0.7942734,0.0,0.0,0.0,3.091724,-0.07914191,-3.294251,0.6506118,0.20896,1.9929,-0.4855303,-0.02433233,-0.8738813,0.1573275,0.9808602,-0.1147226,0.8599469,-0.1931869,-0.4724092,static,-58.82313,8.761814,18.08004,5.985718,3.238206546884492,-0.6719449283077052
05/04/2023 16:19:24.083233,4029,True,True,True,True,Eyes,1.422042,0.1254604,-1.724085,0.8489007,-0.07853256,-0.5226856,0.0,0.0,0.0,0.0,0.0,0.0,0.0,-0.6998039,-0.5739908,-2.256626,1.672683,0.1169372,-1.760684,0.03714133,0.8598393,-0.08883025,0.5014042,10.95308,119.3628,358.5287,0.6075165,0.05880058,-0.7921273,0.0,0.0,0.0,3.088198,-0.07303915,-3.3095,0.6506112,0.20896,1.9929,-0.4944288,-0.02520857,-0.8688526,0.1529509,0.9814594,-0.1155138,0.8556555,-0.1900051,-0.4814062,static,-58.37854,8.544673,18.08003,5.985718,3.2567467095372846,-0.6659729983333045
05/04/2023 16:19:24.103300,4030,True,True,True,True,Eyes,1.433318,0.1250369,-1.725775,0.8448709,-0.07742975,-0.5293372,0.0,0.0,0.0,0.0,0.0,0.0,0.0,-0.6684551,-0.5652913,-2.2771,1.684516,0.1166541,-1.760786,0.03486572,0.8627488,-0.0870841,0.4968556,10.65587,119.9814,358.4621,0.6103293,0.05852873,-0.7899823,0.0,0.0,0.0,3.083823,-0.06373042,-3.325397,0.6506114,0.2089598,1.992899,-0.5038378,-0.02637574,-0.8633955,0.1466971,0.9824015,-0.1156169,0.8512505,-0.1849098,-0.4911019,static,-57.93162,8.322023,18.08004,5.985716,3.2754397478911206,-0.659887608560061
05/04/2023 16:19:24.112943,4031,True,True,True,True,Eyes,1.444605,0.1246232,-1.727406,0.8407548,-0.07625283,-0.5360196,0.0,0.0,0.0,0.0,0.0,0.0,0.0,-0.6386015,-0.5591639,-2.295987,1.696415,0.1162765,-1.760876,0.03389138,0.8654371,-0.08564264,0.4924788,10.46403,120.5786,358.5028,0.6131235,0.05824409,-0.7878367,0.0,0.0,0.0,3.079992,-0.05697171,-3.340214,0.6506115,0.20896,1.9929,-0.5126321,-0.02569268,-0.858224,0.1430161,0.9830335,-0.1148551,0.8466139,-0.1816182,-0.5002601,static,-57.48063,8.096432,18.08003,5.985717,3.2943146609840612,-0.6537296317066966
05/04/2023 16:19:24.133163,4032,True,True,True,True,Eyes,1.45594,0.1242005,-1.728916,0.8366281,-0.07515379,-0.5425913,0.0,0.0,0.0,0.0,0.0,0.0,0.0,-0.6105493,-0.5539558,-2.313519,1.708005,0.1160684,-1.761038,0.03350711,0.8679177,-0.08424905,0.4883631,10.30975,121.1417,358.5949,0.6158997,0.0579487,-0.7856901,0.0,0.0,0.0,3.076707,-0.05077217,-3.353968,0.6506113,0.2089599,1.992899,-0.5207577,-0.02412543,-0.8533638,0.1404511,0.9835588,-0.1135152,0.842072,-0.1789697,-0.5088072,static,-57.03476,7.885809,18.08003,5.985717,3.3128171586624227,-0.6478747787186994
05/04/2023 16:19:24.153410,4033,True,True,True,True,Eyes,1.467269,0.1238055,-1.730368,0.8324634,-0.07416372,-0.5490941,0.0,0.0,0.0,0.0,0.0,0.0,0.0,-0.5842201,-0.5537058,-2.328821,1.719722,0.1154036,-1.760836,0.03444462,0.8700803,-0.08368579,0.4845315,10.31185,121.6636,358.7678,0.6186611,0.05764361,-0.78354,0.0,0.0,0.0,3.074463,-0.04956484,-3.36585,0.6506114,0.20896,1.9929,-0.5280859,-0.02115763,-0.8489277,0.141036,0.9836205,-0.1122477,0.8373975,-0.1790057,-0.5164522,static,-56.5911,7.69214,18.08003,5.985717,3.3310251656000136,-0.6423480077939423
05/04/2023 16:19:24.168416,4034,True,True,True,True,Eyes,1.478628,0.1234977,-1.731757,0.8283434,-0.07336729,-0.5553958,0.0,0.0,0.0,0.0,0.0,0.0,0.0,-0.5625583,-0.55971,-2.341012,1.730959,0.1156962,-1.760816,0.03612885,0.8716846,-0.08406669,0.4814494,10.44827,122.0788,358.9535,0.6214076,0.05733135,-0.7813866,0.0,0.0,0.0,3.07436,-0.05193678,-3.37506,0.6506114,0.20896,1.9929,-0.5338026,-0.01796176,-0.8454185,0.1439336,0.983255,-0.1117708,0.8332695,-0.1813477,-0.5222788,static,-56.15855,7.525152,18.08003,5.985718,3.3484989635695457,-0.637369999212794
05/04/2023 16:19:24.183553,4035,True,True,True,True,Eyes,1.489968,0.1233734,-1.733121,0.8241584,-0.07254114,-0.5616946,0.0,0.0,0.0,0.0,0.0,0.0,0.0,-0.5387667,-0.5688661,-2.353528,1.742558,0.1174984,-1.761436,0.03719214,0.8734377,-0.08492663,0.4780281,10.59782,122.529,359.0542,0.6241401,0.05701674,-0.7792287,0.0,0.0,0.0,3.073225,-0.05421206,-3.385766,0.6506112,0.2089599,1.992899,-0.5402119,-0.01622458,-0.8413725,0.1461647,0.9828084,-0.1127985,0.8287381,-0.183914,-0.5285533,static,-55.72412,7.358843,18.08003,5.985717,3.3660308035661832,-0.6323967604281524
05/04/2023 16:19:24.203387,4036,True,True,True,True,Eyes,1.501311,0.1233759,-1.734468,0.8199188,-0.07173987,-0.5679671,0.0,0.0,0.0,0.0,0.0,0.0,0.0,-0.5134125,-0.572474,-2.367204,1.753601,0.1214398,-1.762133,0.03660278,0.8754331,-0.0846276,0.4744631,10.53901,122.9996,359.0547,0.6268569,0.05670827,-0.7770674,0.0,0.0,0.0,3.071028,-0.04821651,-3.397434,0.6506112,0.2089599,1.992899,-0.5470897,-0.01621878,-0.8369167,0.1443919,0.9829968,-0.1134382,0.8245263,-0.1829049,-0.5354456,static,-55.28922,7.198903,18.08003,5.985718,3.383498141529884,-0.6275412418376233
05/04/2023 16:19:24.213219,4037,True,True,True,True,Eyes,1.512645,0.1235573,-1.735801,0.8155727,-0.07088128,-0.5742969,0.0,0.0,0.0,0.0,0.0,0.0,0.0,-0.4832673,-0.5722876,-2.382762,1.764948,0.1247609,-1.762954,0.03431474,0.8778282,-0.08415215,0.4702753,10.37075,123.5419,358.8988,0.6295568,0.05641099,-0.7749033,0.0,0.0,0.0,3.066684,-0.04078594,-3.411191,0.6506112,0.2089599,1.9929,-0.5553276,-0.01890445,-0.831417,0.1393942,0.9834818,-0.1154675,0.8198664,-0.180017,-0.5435195,static,-54.84818,7.036018,18.08002,5.985716,3.401220842011741,-0.6226042597185703
05/04/2023 16:19:24.233312,4038,True,True,True,True,Eyes,1.512645,0.1235573,-1.735801,0.8155727,-0.07088128,-0.5742969,0.0,0.0,0.0,0.0,0.0,0.0,0.0,-0.4513683,-0.5730122,-2.397989,1.776111,0.1292014,-1.763848,0.03122018,0.8803024,-0.08393626,0.4658838,10.18741,124.101,358.6468,0.6322393,0.0561316,-0.7727366,0.0,0.0,0.0,3.061229,-0.03279354,-3.425425,0.6506112,0.2089599,1.9929,-0.5639552,-0.02324268,-0.8254783,0.1331755,0.98396,-0.1186886,0.8149962,-0.1768685,-0.551814,static,-54.84818,7.036018,18.08003,5.985717,3.401220842011741,-0.6226042597185703
05/04/2023 16:19:24.253190,4039,True,True,True,True,Eyes,1.512645,0.1235573,-1.735801,0.8155727,-0.07088128,-0.5742969,0.0,0.0,0.0,0.0,0.0,0.0,0.0,-0.4152695,-0.5690499,-2.414362,1.787069,0.1324924,-1.764721,0.02747083,0.8831614,-0.08323985,0.4608066,9.924241,124.7492,358.3599,0.6346471,0.05587957,-0.7707787,0.0,0.0,0.0,3.052887,-0.02356922,-3.44161,0.6506114,0.20896,1.9929,-0.5738056,-0.0281926,-0.8185064,0.1252373,0.984633,-0.1217109,0.8093598,-0.1723459,-0.561457,static,-54.84818,7.036018,18.08003,5.985718,3.401220842011741,-0.6226042597185703
05/04/2023 16:19:24.271187,4040,True,True,True,True,Eyes,1.512645,0.1235573,-1.735801,0.8155727,-0.07088128,-0.5742969,0.0,0.0,0.0,0.0,0.0,0.0,0.0,-0.3811467,-0.5698642,-2.428818,1.797829,0.1353026,-1.765978,0.02577212,0.8858206,-0.0830631,0.4558049,9.82574,125.3929,358.2516,0.6368091,0.05565227,-0.7690099,0.0,0.0,0.0,3.044564,-0.01854984,-3.457304,0.6506109,0.2089598,1.992899,-0.5831552,-0.03006219,-0.8118042,0.1213801,0.9848726,-0.1236639,0.8032413,-0.1706521,-0.5706847,static,-54.84818,7.036018,18.08003,5.985717,3.401220842011741,-0.6226042597185703
05/04/2023 16:19:24.283164,4041,True,True,True,True,Eyes,1.512645,0.1235573,-1.735801,0.8155727,-0.07088128,-0.5742969,0.0,0.0,0.0,0.0,0.0,0.0,0.0,-0.3441256,-0.5710804,-2.442711,1.808185,0.1378532,-1.76716,0.02468096,0.8887269,-0.0828734,0.4502084,9.760303,126.1159,358.2119,0.6387503,0.05544735,-0.7674131,0.0,0.0,0.0,3.033482,-0.01416871,-3.474247,0.6506114,0.20896,1.9929,-0.5934068,-0.03075133,-0.8043153,0.1184898,0.9850457,-0.1250805,0.7961338,-0.1695268,-0.5808892,static,-54.84818,7.036018,18.08003,5.985717,3.401220842011741,-0.6226042597185703
05/04/2023 16:19:24.303356,4042,True,True,True,True,Eyes,1.512645,0.1235573,-1.735801,0.8155727,-0.07088128,-0.5742969,0.0,0.0,0.0,0.0,0.0,0.0,0.0,-0.3064344,-0.5723627,-2.456175,1.818303,0.139425,-1.768794,0.02446445,0.891714,-0.08262062,0.4443214,9.734802,126.8804,358.268,0.640494,0.05526261,-0.7659717,0.0,0.0,0.0,3.020967,-0.01107496,-3.492035,0.6506114,0.20896,1.9929,-0.6039599,-0.02978965,-0.7964579,0.1170508,0.9851506,-0.1256078,0.7883728,-0.1690881,-0.5915046,static,-54.84818,7.036018,18.08003,5.985718,3.401220842011741,-0.6226042597185703
05/04/2023 16:19:24.313218,4043,True,True,True,True,Eyes,1.526061,0.1241004,-1.737359,0.8095766,-0.06964743,-0.5828679,0.0,0.0,0.0,0.0,0.0,0.0,0.0,-0.268526,-0.5716046,-2.469172,1.828214,0.1392801,-1.770278,0.02485098,0.8947088,-0.0820967,0.4383364,9.711746,127.6618,358.4011,0.6420606,0.05509609,-0.764671,0.0,0.0,0.0,3.007785,-0.008913823,-3.509604,0.650611,0.2089599,1.992899,-0.6144872,-0.02750318,-0.7884472,0.1164407,0.9852851,-0.1251191,0.7802865,-0.1686915,-0.6022426,static,-54.24738,6.814019,18.08003,5.985717,3.425364739726554,-0.6158768373185814
05/04/2023 16:19:24.333254,4044,True,True,True,True,Eyes,1.539408,0.1245495,-1.738852,0.8033463,-0.06814044,-0.591601,0.0,0.0,0.0,0.0,0.0,0.0,0.0,-0.2305087,-0.5709438,-2.481825,1.837988,0.1382454,-1.772358,0.02537016,0.8976853,-0.0817184,0.4322494,9.709179,128.453,358.541,0.6437682,0.0549467,-0.7632447,0.0,0.0,0.0,2.993936,-0.008279751,-3.527614,0.6506113,0.20896,1.9929,-0.625034,-0.02509661,-0.7801943,0.1161943,0.9853569,-0.1247823,0.7719015,-0.1686473,-0.6129654,static,-53.63129,6.570359,18.08003,5.985717,3.4503271566630125,-0.6086772412806061
05/04/2023 16:19:24.352965,4045,True,True,True,True,Eyes,1.552602,0.1249454,-1.740393,0.7969483,-0.06670163,-0.6003535,0.0,0.0,0.0,0.0,0.0,0.0,0.0,-0.191676,-0.5695738,-2.494069,1.847769,0.1367553,-1.774424,0.02564419,0.9006533,-0.08137539,0.4260801,9.696836,129.2501,358.6541,0.6455993,0.05480878,-0.7617065,0.0,0.0,0.0,2.97962,-0.0080638,-3.545454,0.6506115,0.2089599,1.992899,-0.6355963,-0.02315182,-0.7716745,0.1155379,0.9854409,-0.1247291,0.7633272,-0.168435,-0.6236678,static,-53.00872,6.339785,18.08004,5.985717,3.475352675092741,-0.6016960719483995
05/04/2023 16:19:24.371557,4046,True,True,True,True,Eyes,1.552602,0.1249454,-1.740393,0.7969483,-0.06670163,-0.6003535,0.0,0.0,0.0,0.0,0.0,0.0,0.0,-0.1516638,-0.5703642,-2.50544,1.857324,0.1354929,-1.776945,0.02570925,0.9036363,-0.08152331,0.4196836,9.724705,130.0674,358.7231,0.6475331,0.05467901,-0.7600726,0.0,0.0,0.0,2.963997,-0.009520467,-3.563801,0.6506109,0.20896,1.992899,-0.6464093,-0.02196439,-0.7626746,0.1148916,0.985386,-0.1257554,0.754291,-0.1689144,-0.6344391,static,-53.00872,6.339785,18.08002,5.985719,3.475352675092741,-0.6016960719483995
05/04/2023 16:19:24.383380,4047,True,True,True,True,Eyes,1.552602,0.1249454,-1.740393,0.7969483,-0.06670163,-0.6003535,0.0,0.0,0.0,0.0,0.0,0.0,0.0,-0.1102253,-0.5696845,-2.516538,1.86695,0.1358944,-1.779236,0.02426063,0.9066083,-0.08162871,0.4132912,9.675269,130.8713,358.635,0.6492699,0.05456192,-0.758598,0.0,0.0,0.0,2.948215,-0.008389275,-3.581638,0.650611,0.2089599,1.992899,-0.6572036,-0.02348309,-0.7533472,0.1114626,0.9854963,-0.1279571,0.7454258,-0.1680639,-0.6450543,static,-53.00872,6.339785,18.08003,5.985717,3.475352675092741,-0.6016960719483995
05/04/2023 16:19:24.403621,4048,True,True,True,True,Eyes,1.566429,0.1253669,-1.742209,0.7897748,-0.06472361,-0.6099726,0.0,0.0,0.0,0.0,0.0,0.0,0.0,-0.06702769,-0.5627714,-2.528868,1.876546,0.1361995,-1.782245,0.02230116,0.9097905,-0.08066053,0.4065441,9.491491,131.724,358.5473,0.6508301,0.0544563,-0.7572675,0.0,0.0,0.0,2.930887,-0.002667638,-3.600951,0.6506114,0.20896,1.9929,-0.6684494,-0.02500537,-0.7433375,0.1061629,0.9859931,-0.1286355,0.7361422,-0.1649012,-0.6564319,static,-52.31975,6.056936,18.08003,5.985717,3.5034001183050094,-0.5934499650934347
05/04/2023 16:19:24.413386,4049,True,True,True,True,Eyes,1.580065,0.1257824,-1.744084,0.7824171,-0.06273634,-0.6195867,0.0,0.0,0.0,0.0,0.0,0.0,0.0,-0.02320242,-0.5567124,-2.540206,1.886147,0.1364317,-1.785203,0.02098412,0.9129612,-0.07967059,0.3996425,9.337206,132.5976,358.5271,0.6525259,0.05435527,-0.755814,0.0,0.0,0.0,2.912832,0.002715493,-3.620044,0.6506114,0.20896,1.9929,-0.6796912,-0.02536413,-0.7330599,0.1019949,0.9864245,-0.1287,0.7263727,-0.1622446,-0.6678771,static,-51.62472,5.781787,18.08003,5.985717,3.5315644100528454,-0.5853228296805056
05/04/2023 16:19:24.433273,4050,True,True,True,True,Eyes,1.593556,0.1262122,-1.745986,0.7751061,-0.06074014,-0.6289047,0.0,0.0,0.0,0.0,0.0,0.0,0.0,0.01985514,-0.5519723,-2.550281,1.89527,0.136617,-1.788375,0.020931,0.9160898,-0.07846144,0.3926644,9.218108,133.4882,358.6492,0.6543344,0.05425825,-0.7542558,0.0,0.0,0.0,2.893957,0.008433304,-3.638997,0.650611,0.2089598,1.992899,-0.6907532,-0.02326868,-0.7227162,0.09996738,0.9868114,-0.1273177,0.716147,-0.1601932,-0.6793169,static,-50.94486,5.516564,18.08003,5.985717,3.5590640082249614,-0.5774467740544991
05/04/2023 16:19:24.453437,4051,True,True,True,True,Eyes,1.606851,0.1266886,-1.747956,0.7676982,-0.058923,-0.6380969,0.0,0.0,0.0,0.0,0.0,0.0,0.0,0.05675113,-0.5558758,-2.557798,1.904368,0.1374548,-1.791379,0.02200929,0.9185883,-0.07845017,0.386726,9.273647,134.2425,358.8247,0.6562368,0.05416559,-0.7526078,0.0,0.0,0.0,2.879163,0.009314677,-3.654699,0.6506114,0.2089599,1.9929,-0.6999176,-0.02024248,-0.713937,0.1011124,0.9867224,-0.1271037,0.7070306,-0.1611499,-0.6885774,static,-50.26725,5.275832,18.08003,5.985717,3.5861716337556775,-0.5700406440916668
05/04/2023 16:19:24.471668,4052,True,True,True,True,Eyes,1.619947,0.1271785,-1.750016,0.7605462,-0.05713329,-0.6467652,0.0,0.0,0.0,0.0,0.0,0.0,0.0,0.0886898,-0.5659742,-2.563599,1.912955,0.1390957,-1.794849,0.02300797,0.9206044,-0.07960001,0.3816049,9.446123,134.8822,358.9319,0.6582143,0.05407894,-0.7508852,0.0,0.0,0.0,2.867005,0.006147321,-3.668541,0.6506114,0.20896,1.9929,-0.7076972,-0.01838903,-0.706277,0.103114,0.9862689,-0.1290003,0.6989512,-0.1641202,-0.6960835,static,-49.6223,5.048233,18.08003,5.985717,3.611953203172753,-0.5630202403940623
05/04/2023 16:19:24.483564,4053,True,True,True,True,Eyes,1.632853,0.127666,-1.752147,0.7533495,-0.05561045,-0.6552647,0.0,0.0,0.0,0.0,0.0,0.0,0.0,0.1199174,-0.5746095,-2.569639,1.921736,0.1400748,-1.798585,0.02425399,0.9225683,-0.08043764,0.3765757,9.595155,135.514,359.0801,0.6602493,0.05399837,-0.7491025,0.0,0.0,0.0,2.855384,0.003598724,-3.682274,0.6506113,0.2089599,1.992899,-0.7152051,-0.01582979,-0.6987355,0.1053336,0.9858831,-0.1301515,0.6909317,-0.1666853,-0.7034411,static,-48.9832,4.850906,18.08003,5.985717,3.6371414020452275,-0.5565937347688326
05/04/2023 16:19:24.503528,4054,True,True,True,True,Eyes,1.64553,0.1281438,-1.754387,0.7464699,-0.0543665,-0.6631945,0.0,0.0,0.0,0.0,0.0,0.0,0.0,0.1432604,-0.5941964,-2.572797,1.93002,0.1404871,-1.802267,0.02757341,0.9238567,-0.08274053,0.3726693,9.987442,136.0087,359.3762,0.6623271,0.05392326,-0.7472715,0.0,0.0,0.0,2.847837,-0.006340776,-3.692944,0.6506107,0.2089599,1.992899,-0.7207144,-0.01072195,-0.693149,0.1126175,0.9847875,-0.1323293,0.6840233,-0.1734323,-0.7085431,static,-48.38079,4.68644,18.08002,5.985718,3.660609130428146,-0.5509409188541804
05/04/2023 16:19:24.513080,4055,True,True,True,True,Eyes,1.658014,0.1286182,-1.756721,0.7395769,-0.05349169,-0.6709431,0.0,0.0,0.0,0.0,0.0,0.0,0.0,0.1669958,-0.6126171,-2.576015,1.938024,0.1408907,-1.806447,0.02983354,0.9251364,-0.08525144,0.3687342,10.3546,136.4978,359.5533,0.664433,0.05385279,-0.7454048,0.0,0.0,0.0,2.8397,-0.01675208,-3.704008,0.6506113,0.20896,1.9929,-0.7262903,-0.007670044,-0.6873456,0.1180704,0.9836843,-0.1357371,0.6771721,-0.1797397,-0.7135348,static,-47.78573,4.558328,18.08003,5.985717,3.683352755066275,-0.5460027025249883
05/04/2023 16:19:24.533402,4056,True,True,True,True,Eyes,1.670303,0.1290977,-1.759161,0.7329905,-0.05281733,-0.6781853,0.0,0.0,0.0,0.0,0.0,0.0,0.0,0.1861922,-0.6392291,-2.577202,1.945764,0.1413043,-1.81088,0.0318015,0.9258955,-0.08961251,0.3656171,10.90598,136.8669,359.6127,0.666555,0.05378643,-0.7435126,0.0,0.0,0.0,2.834336,-0.0348858,-3.712985,0.6506112,0.2089599,1.992899,-0.7306256,-0.006637999,-0.6827459,0.1244174,0.9819165,-0.1426893,0.6713468,-0.189198,-0.7165874,static,-47.22405,4.453228,18.08003,5.985718,3.704618867564359,-0.5416389700374259
05/04/2023 16:19:24.553246,4057,True,True,True,True,Eyes,1.682413,0.1296003,-1.761691,0.7264451,-0.05227333,-0.6852335,0.0,0.0,0.0,0.0,0.0,0.0,0.0,0.2064704,-0.6578524,-2.580266,1.953843,0.1419659,-1.815355,0.03263609,0.9267904,-0.09273195,0.3624848,11.27664,137.2384,359.6066,0.6686823,0.05372408,-0.7416044,0.0,0.0,0.0,2.829237,-0.04719858,-3.722318,0.650611,0.20896,1.9929,-0.7350793,-0.00673422,-0.6779478,0.1277215,0.9806713,-0.148226,0.6658422,-0.1955463,-0.7200111,static,-46.67218,4.362384,18.08002,5.985719,3.725355253657172,-0.5375849189196814
05/04/2023 16:19:24.571361,4058,True,True,True,True,Eyes,1.69433,0.1301084,-1.764347,0.7202153,-0.05153684,-0.6918337,0.0,0.0,0.0,0.0,0.0,0.0,0.0,0.2257289,-0.6687072,-2.585198,1.961562,0.1429725,-1.820221,0.03270579,0.927761,-0.0944789,0.3595324,11.46827,137.592,359.5761,0.670806,0.05366636,-0.7396883,0.0,0.0,0.0,2.824607,-0.05320084,-3.732098,0.6506108,0.2089598,1.992899,-0.7393335,-0.007250143,-0.6733003,0.1286228,0.9800082,-0.1517901,0.6609402,-0.1988252,-0.7236203,static,-46.15147,4.260271,18.08003,5.985717,3.7451298143930973,-0.533451530205708
05/04/2023 16:19:24.583293,4059,True,True,True,True,Eyes,1.70608,0.1306062,-1.767126,0.7140877,-0.05071682,-0.6982167,0.0,0.0,0.0,0.0,0.0,0.0,0.0,0.2375867,-0.6650641,-2.594584,1.969405,0.1436393,-1.825221,0.03090225,0.9284061,-0.09409757,0.3581244,11.35312,137.7545,359.4146,0.6729173,0.05361307,-0.737772,0.0,0.0,0.0,2.826623,-0.05033042,-3.739943,0.6506109,0.2089598,1.992899,-0.7415839,-0.0100176,-0.6707852,0.1247769,0.9803814,-0.1525878,0.6591539,-0.1968552,-0.7257852,static,-45.64384,4.154534,18.08002,5.985717,3.764486529407086,-0.5293056346645004
05/04/2023 16:19:24.603284,4060,True,True,True,True,Eyes,1.717651,0.1310747,-1.770047,0.7082814,-0.04956843,-0.7041878,0.0,0.0,0.0,0.0,0.0,0.0,0.0,0.248876,-0.6575315,-2.605308,1.977139,0.1438398,-1.830887,0.02863815,0.9290845,-0.0932137,0.3567817,11.1654,137.9091,359.2233,0.6750092,0.05356337,-0.7358621,0.0,0.0,0.0,2.828824,-0.0457359,-3.748516,0.6506114,0.2089599,1.9929,-0.7437737,-0.01329936,-0.6682996,0.1197284,0.9809821,-0.1527717,0.6576217,-0.1936419,-0.7280363,static,-45.16605,4.026462,18.08003,5.985717,3.7830692900269995,-0.5248667807369999
05/04/2023 16:19:24.613380,4061,True,True,True,True,Eyes,1.729068,0.1315051,-1.773093,0.7025557,-0.04835992,-0.7099836,0.0,0.0,0.0,0.0,0.0,0.0,0.0,0.2616915,-0.649634,-2.615964,1.984994,0.1437415,-1.836548,0.02619603,0.9298347,-0.09242921,0.355216,10.98186,138.0891,359.0107,0.6770747,0.05351574,-0.7339655,0.0,0.0,0.0,2.83019,-0.04182659,-3.757438,0.6506114,0.20896,1.9929,-0.746271,-0.01694871,-0.6654267,0.1143806,0.9815412,-0.1532772,0.6557416,-0.1904982,-0.7305571,static,-44.69871,3.896634,18.08003,5.985718,3.801303700087968,-0.520439350634326
05/04/2023 16:19:24.632998,4062,True,True,True,True,Eyes,1.740316,0.131884,-1.776283,0.6970129,-0.04694715,-0.7155201,0.0,0.0,0.0,0.0,0.0,0.0,0.0,0.2733104,-0.6390044,-2.627622,1.992657,0.1431694,-1.842891,0.02291161,0.9305185,-0.09159278,0.353866,10.75868,138.2356,358.7061,0.6791089,0.05346844,-0.7320872,0.0,0.0,0.0,2.8322,-0.03804923,-3.766671,0.6506108,0.2089598,1.992899,-0.7485077,-0.02218379,-0.6627548,0.1074625,0.9821717,-0.1542423,0.6543606,-0.1866728,-0.7327791,static,-44.24935,3.753946,18.08003,5.985717,3.8190641459668626,-0.515846637853566
05/04/2023 16:19:24.653149,4063,True,True,True,True,Eyes,1.751406,0.1321673,-1.779612,0.6915283,-0.04553422,-0.7209128,0.0,0.0,0.0,0.0,0.0,0.0,0.0,0.2852187,-0.6286399,-2.638777,2.000173,0.1420766,-1.849001,0.01963952,0.9311855,-0.09095739,0.3524693,10.5586,138.3866,358.3945,0.6811064,0.05341943,-0.7302329,0.0,0.0,0.0,2.833838,-0.03568318,-3.775659,0.6506113,0.20896,1.992899,-0.7507593,-0.0275433,-0.6600013,0.1006955,0.982682,-0.1555517,0.6528559,-0.1832411,-0.7349843,static,-43.80819,3.61411,18.08003,5.98572,3.8364973326291674,-0.5113423992156407
05/04/2023 16:19:24.671564,4064,True,True,True,True,Eyes,1.762251,0.1323329,-1.783157,0.6861501,-0.04411793,-0.726121,0.0,0.0,0.0,0.0,0.0,0.0,0.0,0.2984561,-0.6223499,-2.648867,2.007496,0.1403732,-1.855572,0.01755939,0.9319475,-0.09072959,0.3506191,10.4527,138.6005,358.1997,0.6830634,0.05336509,-0.7284065,0.0,0.0,0.0,2.833428,-0.03589543,-3.785694,0.6506109,0.2089599,1.992899,-0.7535158,-0.03089421,-0.6567035,0.09635191,0.9829196,-0.1567971,0.6503308,-0.1814238,-0.7376687,static,-43.37881,3.476924,18.08002,5.985717,3.8534788280313284,-0.5069380592151295
05/04/2023 16:19:24.683410,4065,True,True,True,True,Eyes,1.772947,0.132418,-1.786829,0.6808314,-0.04284015,-0.7311862,0.0,0.0,0.0,0.0,0.0,0.0,0.0,0.3117055,-0.6192361,-2.658143,2.01497,0.1377897,-1.862053,0.01609331,0.932648,-0.09105274,0.3487381,10.4318,138.8181,358.0486,0.6849729,0.05330136,-0.7266158,0.0,0.0,0.0,2.833031,-0.0394557,-3.795436,0.6506116,0.20896,1.9929,-0.7562459,-0.03348833,-0.6534304,0.0935259,0.9829008,-0.1586156,0.647569,-0.181065,-0.7401826,static,-42.95761,3.353122,18.08003,5.985717,3.8699995381471446,-0.5028200790772943
05/04/2023 16:19:24.703133,4066,True,True,True,True,Eyes,1.783376,0.1324474,-1.790744,0.6756124,-0.04156409,-0.7360844,0.0,0.0,0.0,0.0,0.0,0.0,0.0,0.3236824,-0.6229736,-2.665904,2.022135,0.135657,-1.868816,0.0151162,0.9331784,-0.0924629,0.3469877,10.54799,139.0128,357.9041,0.686833,0.05322614,-0.7248634,0.0,0.0,0.0,2.832829,-0.04726231,-3.804772,0.6506115,0.2089598,1.992899,-0.7587422,-0.03595475,-0.6503981,0.09237919,0.9824442,-0.1620785,0.6448073,-0.183059,-0.7421004,static,-42.54716,3.231858,18.08004,5.985715,3.8861065255137555,-0.4987955129338978
05/04/2023 16:19:24.713552,4067,True,True,True,True,Eyes,1.793671,0.1323915,-1.794801,0.67043,-0.04026257,-0.7408795,0.0,0.0,0.0,0.0,0.0,0.0,0.0,0.3359476,-0.6216653,-2.675003,2.029107,0.1344936,-1.87606,0.0137491,0.9338486,-0.09281947,0.345141,10.53578,139.226,357.762,0.6886367,0.05313851,-0.7231564,0.0,0.0,0.0,2.832075,-0.04960506,-3.815122,0.650611,0.2089599,1.9929,-0.7613774,-0.03839244,-0.6471712,0.08975077,0.982391,-0.1638679,0.6420665,-0.1828494,-0.7445246,static,-42.14229,3.110639,18.08002,5.985717,3.9020149792712546,-0.4947955177946843
05/04/2023 16:19:24.733379,4068,True,True,True,True,Eyes,1.803819,0.1322601,-1.79902,0.6652738,-0.0389058,-0.745585,0.0,0.0,0.0,0.0,0.0,0.0,0.0,0.3488626,-0.6150932,-2.685335,2.036072,0.1325903,-1.883587,0.0124,0.9346683,-0.09223333,0.3431247,10.42362,139.4695,357.6624,0.6903834,0.0530365,-0.7214966,0.0,0.0,0.0,2.830648,-0.04873331,-3.826363,0.6506109,0.2089599,1.992899,-0.7642233,-0.04011529,-0.6437028,0.08647482,0.9826785,-0.1639056,0.639128,-0.1809246,-0.747517,static,-41.74203,2.987075,18.08002,5.985718,3.9177897735763407,-0.49077104439697794
05/04/2023 16:19:24.753462,4069,True,True,True,True,Eyes,1.813827,0.1320591,-1.803397,0.6601385,-0.03749564,-0.7502075,0.0,0.0,0.0,0.0,0.0,0.0,0.0,0.3628969,-0.608231,-2.695739,2.043051,0.1304273,-1.891449,0.01209521,0.935649,-0.09111378,0.3407534,10.29661,139.7707,357.7014,0.6920717,0.05291873,-0.7198859,0.0,0.0,0.0,2.827806,-0.04603587,-3.838659,0.6506109,0.2089599,1.992899,-0.7674816,-0.03946093,-0.6398553,0.08472841,0.9831039,-0.1622581,0.6354471,-0.178744,-0.7511708,static,-41.34588,2.861283,18.08002,5.985718,3.933447155562311,-0.48672216608989377
05/04/2023 16:19:24.771391,4070,True,True,True,True,Eyes,1.823662,0.1317874,-1.807954,0.6549965,-0.03601724,-0.754773,0.0,0.0,0.0,0.0,0.0,0.0,0.0,0.3768181,-0.6001174,-2.706332,2.049749,0.1285319,-1.899571,0.01141654,0.9366328,-0.08988453,0.3383926,10.14292,140.068,357.7034,0.6937004,0.05278425,-0.7183265,0.0,0.0,0.0,2.824698,-0.04256115,-3.851183,0.6506108,0.20896,1.9929,-0.7707203,-0.03944631,-0.6359516,0.08221874,0.9835809,-0.160651,0.6318469,-0.1761041,-0.7548225,static,-40.95164,2.732042,18.08002,5.985717,3.949080736254251,-0.4826165776529705
05/04/2023 16:19:24.787331,4071,True,True,True,True,Eyes,1.833364,0.1314549,-1.812677,0.6498764,-0.0344928,-0.7592568,0.0,0.0,0.0,0.0,0.0,0.0,0.0,0.3906654,-0.5912372,-2.716897,2.056218,0.1265688,-1.907788,0.01088503,0.9376382,-0.08845063,0.3359954,9.972993,140.3723,357.7291,0.6952677,0.05263218,-0.7168208,0.0,0.0,0.0,2.821202,-0.03831916,-3.86386,0.6506108,0.20896,1.9929,-0.7739775,-0.03902557,-0.6320097,0.07985044,0.984116,-0.1585547,0.6281586,-0.173184,-0.7585675,static,-40.56146,2.601141,18.08001,5.985717,3.964591439018859,-0.4784970484524106
05/04/2023 16:19:24.803061,4072,True,True,True,True,Eyes,1.842932,0.1310932,-1.81757,0.6447757,-0.03301838,-0.7636583,0.0,0.0,0.0,0.0,0.0,0.0,0.0,0.4040049,-0.5840974,-2.727463,2.062742,0.1246792,-1.916505,0.0106697,0.9386053,-0.08718683,0.3336236,9.833601,140.674,357.7813,0.6967732,0.05246213,-0.7153699,0.0,0.0,0.0,2.817862,-0.03476549,-3.876857,0.6506109,0.2089598,1.992899,-0.777163,-0.03814589,-0.6281422,0.07820443,0.9845692,-0.1565487,0.6244212,-0.1707874,-0.7621876,static,-40.17524,2.475762,18.08003,5.985717,3.979891273347837,-0.47449815387348737
05/04/2023 16:19:24.813004,4073,True,True,True,True,Eyes,1.852353,0.1307178,-1.822638,0.6397041,-0.03147765,-0.7679764,0.0,0.0,0.0,0.0,0.0,0.0,0.0,0.4162688,-0.5796051,-2.737704,2.069217,0.1234717,-1.925444,0.01083705,0.9394931,-0.08612183,0.3313889,9.72993,140.9596,357.8651,0.6982163,0.05227498,-0.7139753,0.0,0.0,0.0,2.815048,-0.0314141,-3.889714,0.6506112,0.20896,1.9929,-0.7801283,-0.03671695,-0.6245416,0.07744229,0.9849312,-0.1546392,0.6208084,-0.1690043,-0.7655292,static,-39.79341,2.347113,18.08002,5.985717,3.9950770426887092,-0.4704564583453841
05/04/2023 16:19:24.833224,4074,True,True,True,True,Eyes,1.861644,0.1303087,-1.827884,0.6346609,-0.02992988,-0.772211,0.0,0.0,0.0,0.0,0.0,0.0,0.0,0.4281152,-0.5729097,-2.748421,2.075338,0.1227918,-1.93474,0.01057932,0.9403931,-0.08472972,0.3291958,9.574145,141.2389,357.9143,0.6995965,0.05207214,-0.7126378,0.0,0.0,0.0,2.812025,-0.02611107,-3.902919,0.6506113,0.20896,1.9929,-0.7830365,-0.03588788,-0.6209396,0.07568277,0.985418,-0.1523931,0.6173541,-0.1663238,-0.7689022,static,-39.41593,2.219598,18.08003,5.985718,4.010094034928844,-0.4664545740979647
05/04/2023 16:19:24.852989,4075,True,True,True,True,Eyes,1.870806,0.1298443,-1.833302,0.6296105,-0.02838794,-0.7763922,0.0,0.0,0.0,0.0,0.0,0.0,0.0,0.4430261,-0.5624382,-2.759289,2.081137,0.1216773,-1.944311,0.009552334,0.9414886,-0.083098,0.3265007,9.364191,141.5751,357.893,0.7009133,0.05185412,-0.7113585,0.0,0.0,0.0,2.806514,-0.02015182,-3.917207,0.6506109,0.2089599,1.992899,-0.7866121,-0.03627628,-0.6163809,0.07224993,0.986007,-0.150234,0.6132057,-0.1627093,-0.772984,static,-39.04012,2.094025,18.08002,5.985719,4.0250270292967105,-0.4624962942967633
05/04/2023 16:19:24.871628,4076,True,True,True,True,Eyes,1.879833,0.1293788,-1.838882,0.6245852,-0.02708346,-0.7804869,0.0,0.0,0.0,0.0,0.0,0.0,0.0,0.4583075,-0.5574829,-2.769079,2.087263,0.119873,-1.953866,0.008970111,0.9424868,-0.08249249,0.3237796,9.282643,141.9088,357.8799,0.7021669,0.05162056,-0.7101383,0.0,0.0,0.0,2.801212,-0.0192631,-3.931118,0.6506113,0.20896,1.9929,-0.7901727,-0.03651035,-0.6117959,0.07032719,0.9862291,-0.1496875,0.608836,-0.1613049,-0.7767237,static,-38.66857,1.987408,18.08003,5.985717,4.039567289170401,-0.45891244451956814
05/04/2023 16:19:24.893216,4077,True,True,True,True,Eyes,1.888723,0.1289987,-1.844634,0.6195648,-0.02589146,-0.7845184,0.0,0.0,0.0,0.0,0.0,0.0,0.0,0.4719604,-0.5594025,-2.777535,2.093099,0.1191445,-1.963445,0.008969283,0.9433207,-0.08274613,0.321277,9.315773,142.2128,357.895,0.7033576,0.05137318,-0.7089769,0.0,0.0,0.0,2.796556,-0.02097505,-3.944385,0.6506115,0.20896,1.9929,-0.7934015,-0.03624703,-0.6076188,0.07009067,0.9861453,-0.150349,0.6046501,-0.1618755,-0.7798685,static,-38.29953,1.890246,18.08003,5.985717,4.05389799379235,-0.45551699311199656
05/04/2023 16:19:24.903091,4078,True,True,True,True,Eyes,1.897452,0.1286578,-1.850545,0.6145784,-0.02488269,-0.7884632,0.0,0.0,0.0,0.0,0.0,0.0,0.0,0.4845868,-0.5652045,-2.78531,2.098665,0.1202297,-1.973165,0.00866453,0.9440335,-0.08357477,0.3189688,9.399779,142.4855,357.8532,0.7044851,0.05111688,-0.7078751,0.0,0.0,0.0,2.792404,-0.02328962,-3.957286,0.6506112,0.2089599,1.992899,-0.7963678,-0.03695627,-0.6036827,0.06967469,0.9858804,-0.1522673,0.6007861,-0.1633222,-0.7825484,static,-37.93512,1.807567,18.08003,5.985717,4.067879848156769,-0.45241346560007833
05/04/2023 16:19:24.923295,4079,True,True,True,True,Eyes,1.906055,0.1282885,-1.856612,0.6095716,-0.02389409,-0.7923708,0.0,0.0,0.0,0.0,0.0,0.0,0.0,0.5001415,-0.5632871,-2.79369,2.103802,0.1216307,-1.982766,0.006697458,0.9449356,-0.08372256,0.316295,9.349806,142.795,357.659,0.7055495,0.05085424,-0.7068331,0.0,0.0,0.0,2.786172,-0.02234985,-3.970792,0.6506112,0.20896,1.9929,-0.7998255,-0.04030471,-0.5988781,0.06561938,0.9858913,-0.1539881,0.5966352,-0.1624616,-0.7858962,static,-37.57112,1.727241,18.08002,5.985718,4.081817166907573,-0.4493559108419636
05/04/2023 16:19:24.933394,4080,True,True,True,True,Eyes,1.914531,0.1279107,-1.862806,0.6045675,-0.02312958,-0.796218,0.0,0.0,0.0,0.0,0.0,0.0,0.0,0.5167077,-0.5581333,-2.802878,2.109466,0.1205837,-1.992545,0.004458746,0.9458582,-0.08386131,0.3135277,9.290355,143.1136,357.4359,0.7065515,0.05058508,-0.7058509,0.0,0.0,0.0,2.780051,-0.02385806,-3.984544,0.6506113,0.20896,1.9929,-0.8033614,-0.044151,-0.5938534,0.06102037,0.9858947,-0.1558459,0.5923578,-0.1614377,-0.7893355,static,-37.20937,1.663935,18.08003,5.985717,4.095457734646076,-0.44662784882646167
05/04/2023 16:19:24.953088,4081,True,True,True,True,Eyes,1.922872,0.127572,-1.869142,0.5995564,-0.02242993,-0.8000181,0.0,0.0,0.0,0.0,0.0,0.0,0.0,0.5322412,-0.5553712,-2.811284,2.114641,0.1200858,-2.002224,0.00286593,0.9467387,-0.08403762,0.3108304,9.259428,143.428,357.2812,0.7074919,0.05031005,-0.7049279,0.0,0.0,0.0,2.773771,-0.02503583,-3.997993,0.650611,0.2089599,1.9929,-0.8067528,-0.04681631,-0.5890319,0.05766946,0.9858589,-0.1573417,0.5880685,-0.1609049,-0.7926446,static,-36.84894,1.605969,18.08002,5.985716,4.108983412153693,-0.44400577557008625
05/04/2023 16:19:24.963566,4082,True,True,True,True,Eyes,1.931094,0.1273133,-1.875609,0.5945638,-0.02190513,-0.80375,0.0,0.0,0.0,0.0,0.0,0.0,0.0,0.5472524,-0.5571022,-2.818747,2.119792,0.1206849,-2.011741,0.001377399,0.9475091,-0.08484355,0.3082632,9.301478,143.7215,357.1133,0.7083718,0.05003144,-0.7040637,0.0,0.0,0.0,2.768024,-0.02780926,-4.010829,0.6506114,0.20896,1.992899,-0.8099438,-0.04969807,-0.584398,0.05491847,0.9855993,-0.1599309,0.5839306,-0.1616292,-0.7955509,static,-36.49171,1.561134,18.08003,5.985719,4.122228203019905,-0.4416441324712384
05/04/2023 16:19:24.983129,4083,True,True,True,True,Eyes,1.939201,0.1271658,-1.882209,0.5895373,-0.02139961,-0.8074577,0.0,0.0,0.0,0.0,0.0,0.0,0.0,0.5639956,-0.5566238,-2.826524,2.125182,0.1223627,-2.021335,-4.657501e-05,0.9484146,-0.08498284,0.3054303,9.274786,144.0534,356.9797,0.7091923,0.04975271,-0.7032568,0.0,0.0,0.0,2.761388,-0.0267227,-4.024238,0.6506107,0.2089598,1.992899,-0.8134245,-0.05200101,-0.5793411,0.05182433,0.9855558,-0.1612264,0.579357,-0.1611695,-0.7989804,static,-36.13375,1.518123,18.08002,5.985717,4.135475644095352,-0.4393136714046245
05/04/2023 16:19:25.003055,4084,True,True,True,True,Eyes,1.947189,0.1271661,-1.888943,0.5845764,-0.0209404,-0.8110684,0.0,0.0,0.0,0.0,0.0,0.0,0.0,0.5818161,-0.5590855,-2.833624,2.130614,0.1248814,-2.031108,-0.0004342553,0.9494085,-0.08498206,0.3023267,9.270913,144.4273,356.9676,0.7099547,0.04947817,-0.7025066,0.0,0.0,0.0,2.753698,-0.02420652,-4.038132,0.6506112,0.2089599,1.9929,-0.8171968,-0.05220926,-0.5739893,0.05056012,0.9855557,-0.1616279,0.5741369,-0.1611028,-0.8027533,static,-35.78212,1.47895,18.08003,5.985717,4.148449600345736,-0.43708226749644224
05/04/2023 16:19:25.013206,4085,True,True,True,True,Eyes,1.955068,0.1272805,-1.895797,0.5795472,-0.02029784,-0.8146859,0.0,0.0,0.0,0.0,0.0,0.0,0.0,0.5994471,-0.5569654,-2.841613,2.136001,0.1284276,-2.04091,-0.001235756,0.9504485,-0.08411296,0.2992845,9.157586,144.7978,356.9403,0.7106595,0.04921311,-0.7018123,0.0,0.0,0.0,2.746166,-0.01702561,-4.052165,0.6506113,0.2089599,1.9929,-0.8208548,-0.05269646,-0.5687011,0.04799837,0.985847,-0.1606298,0.5691168,-0.1591504,-0.8067079,static,-35.42709,1.427225,18.08003,5.985716,4.161704158935843,-0.43460046657178686
05/04/2023 16:19:25.033061,4086,True,True,True,True,Eyes,1.962869,0.127467,-1.902755,0.5745641,-0.01966758,-0.8182233,0.0,0.0,0.0,0.0,0.0,0.0,0.0,0.6185498,-0.5475029,-2.850368,2.14119,0.1315091,-2.050602,-0.002107938,0.9516749,-0.08196507,0.2959598,8.902904,145.2125,356.9522,0.7113087,0.04896063,-0.7011719,0.0,0.0,0.0,2.737181,-0.004938493,-4.066733,0.6506109,0.2089598,1.992899,-0.8248067,-0.05252888,-0.5629696,0.04450459,0.9865546,-0.1572559,0.5636606,-0.1547605,-0.811379,static,-35.07689,1.37695,18.08002,5.985717,4.174768884024766,-0.4321664576742948
05/04/2023 16:19:25.053012,4087,True,True,True,True,Eyes,1.970569,0.1276864,-1.9098,0.5695062,-0.01904908,-0.8217663,0.0,0.0,0.0,0.0,0.0,0.0,0.0,0.6407024,-0.540025,-2.858309,2.146907,0.133087,-2.060372,-0.00232446,0.9530047,-0.08016246,0.2921484,8.709935,145.6872,357.0269,0.7119038,0.04872251,-0.7005845,0.0,0.0,0.0,2.726688,0.004213704,-4.081721,0.6506112,0.2089599,1.992899,-0.8292878,-0.0512691,-0.5564649,0.04240821,0.9871371,-0.1541485,0.5572101,-0.1514322,-0.8164466,static,-34.723,1.327916,18.08003,5.985717,4.187948701021428,-0.4297400867396137
05/04/2023 16:19:25.073266,4088,True,True,True,True,Eyes,1.978142,0.1279224,-1.91693,0.5615227,-0.01933534,-0.8272354,0.0,0.0,0.0,0.0,0.0,0.0,0.0,0.661819,-0.53961,-2.864218,2.152176,0.1342804,-2.06955,-0.002163757,0.9541551,-0.07962194,0.2885198,8.667193,146.1311,357.0966,0.7124463,0.04849869,-0.7000484,0.0,0.0,0.0,2.716575,0.007690528,-4.095392,0.650611,0.20896,1.9929,-0.8335034,-0.05007413,-0.5502407,0.04181589,0.9873114,-0.1531919,0.5509297,-0.1506948,-0.8208334,static,-34.16843,1.338956,18.08002,5.985718,4.207482311737934,-0.4275896765416855
05/04/2023 16:19:25.083440,4089,True,True,True,True,Eyes,1.985616,0.12815,-1.924133,0.5535449,-0.01972296,-0.8325857,0.0,0.0,0.0,0.0,0.0,0.0,0.0,0.6843505,-0.5491951,-2.867817,2.157706,0.1348271,-2.078569,-0.001650417,0.9551774,-0.08096528,0.2847422,8.843294,146.5799,357.1424,0.7129383,0.0482882,-0.6995618,0.0,0.0,0.0,2.706162,0.002622883,-4.108427,0.6506112,0.2089598,1.992899,-0.8378384,-0.04926135,-0.5436914,0.04295558,0.9868838,-0.1556123,0.5442259,-0.1537325,-0.8247331,static,-33.61796,1.357014,18.08003,5.985716,4.2267810200111935,-0.4255886166385423
05/04/2023 16:19:25.103290,4090,True,True,True,True,Eyes,1.99299,0.1283738,-1.931418,0.5452229,-0.02030083,-0.8380453,0.0,0.0,0.0,0.0,0.0,0.0,0.0,0.7070075,-0.5584898,-2.870911,2.162877,0.1348791,-2.087504,-0.001058938,0.9561999,-0.08230361,0.2809036,9.02135,147.0365,357.1989,0.7133828,0.04808922,-0.6991222,0.0,0.0,0.0,2.695114,-0.002884972,-4.121306,0.650611,0.2089599,1.9929,-0.8421841,-0.04826386,-0.5370256,0.04421364,0.98645,-0.1579923,0.5373742,-0.1568025,-0.8286386,static,-33.04758,1.387663,18.08002,5.985718,4.246625591063131,-0.42373957699546383
05/04/2023 16:19:25.113068,4091,True,True,True,True,Eyes,2.000273,0.1285857,-1.938766,0.5369064,-0.02086799,-0.8433837,0.0,0.0,0.0,0.0,0.0,0.0,0.0,0.7303035,-0.5650216,-2.874462,2.168354,0.1351205,-2.096452,-0.0006588274,0.9572574,-0.08317097,0.2770206,9.14114,147.5004,357.2516,0.7137805,0.04790087,-0.6987292,0.0,0.0,0.0,2.684138,-0.006217478,-4.134244,0.6506111,0.2089599,1.992899,-0.8465182,-0.04734147,-0.5302504,0.0448188,0.9861643,-0.159597,0.5304696,-0.158867,-0.8326843,static,-32.48123,1.417391,18.08003,5.985719,4.266338929564782,-0.42189036007003183
05/04/2023 16:19:25.133187,4092,True,True,True,True,Eyes,2.007444,0.1287869,-1.946197,0.5284582,-0.02145873,-0.8486881,0.0,0.0,0.0,0.0,0.0,0.0,0.0,0.7537544,-0.5667003,-2.878478,2.173558,0.1350481,-2.105312,-0.0004890712,0.9583744,-0.08329324,0.2730946,9.171206,147.9733,357.3042,0.7141325,0.04772219,-0.6983817,0.0,0.0,0.0,2.672656,-0.006738622,-4.147224,0.6506109,0.2089599,1.992899,-0.8508382,-0.04643129,-0.5233722,0.04455644,0.986124,-0.1599193,0.5235351,-0.1593851,-0.8369632,static,-31.90956,1.448392,18.08002,5.985717,4.286224779161267,-0.42004245215283076
05/04/2023 16:19:25.153422,4093,True,True,True,True,Eyes,2.014526,0.1290179,-1.953697,0.5199944,-0.0218858,-0.8538892,0.0,0.0,0.0,0.0,0.0,0.0,0.0,0.7787002,-0.5620335,-2.883401,2.179079,0.1350491,-2.11415,-0.0005168569,0.9596257,-0.0822951,0.2689719,9.071504,148.4764,357.3729,0.7144412,0.04755136,-0.6980774,0.0,0.0,0.0,2.660603,-0.002483806,-4.160568,0.6506115,0.2089599,1.992899,-0.8553078,-0.04526212,-0.5161395,0.04327816,0.9864545,-0.158223,0.5163097,-0.157667,-0.8417634,static,-31.34023,1.468211,18.08004,5.985718,4.306170133426944,-0.417994304633605
05/04/2023 16:19:25.171492,4094,True,True,True,True,Eyes,2.188492,0.1358338,-2.143268,0.291771,-0.0321747,-0.9559469,0.0,0.0,0.0,0.0,0.0,0.0,0.0,0.8029752,-0.5555742,-2.888481,2.184057,0.1357727,-2.123256,-0.000772597,0.9608737,-0.08094679,0.2648941,8.925492,148.9741,357.4258,0.7147074,0.04738883,-0.6978148,0.0,0.0,0.0,2.648157,0.003928568,-4.174069,0.6506108,0.2089599,1.9929,-0.8596611,-0.04436938,-0.5089344,0.0413999,0.9868941,-0.1559686,0.5091845,-0.1551499,-0.8465575,static,-16.97307,1.9277,18.08002,5.985718,4.810013336336854,-0.36554482449583103
05/04/2023 16:19:25.183529,4095,True,True,True,True,Eyes,2.188693,0.1358502,-2.143621,0.2914189,-0.03204096,-0.9560588,0.0,0.0,0.0,0.0,0.0,0.0,0.0,0.8315196,-0.5413014,-2.893826,2.189517,0.1372806,-2.132094,-0.002408274,0.9622939,-0.07880393,0.2603359,8.650753,149.5232,357.3525,0.7144186,0.04698686,-0.6981378,0.5218964,0.02044782,-0.5687127,2.633986,0.01417773,-4.187794,0.6506113,0.2089599,1.9929,-0.8644391,-0.04566592,-0.5006598,0.03639605,0.9875683,-0.152919,0.5014189,-0.1504112,-0.8520305,static,-16.95189,1.919469,18.08002,5.985716,4.810869641338838,-0.36530005232790513
05/04/2023 16:19:25.203442,4096,True,True,True,True,Eyes,2.189072,0.135867,-2.144319,0.290788,-0.03204389,-0.9562508,0.0,0.0,0.0,0.0,0.0,0.0,0.0,0.8584954,-0.5297668,-2.898498,2.194648,0.1376624,-2.140916,-0.003582063,0.9635968,-0.07714529,0.2559631,8.443852,150.0493,357.3116,0.7142022,0.04664739,-0.698382,0.4905826,0.01922095,-0.5345899,2.620296,0.0213063,-4.200987,0.6506112,0.20896,1.9929,-0.8689404,-0.04639602,-0.4927377,0.03258936,0.9880715,-0.1505077,0.4938431,-0.1468402,-0.8570632,static,-16.91408,1.919259,18.08002,5.985718,4.812213692433193,-0.36513534376172596
05/04/2023 16:19:25.213380,4097,True,True,True,True,Eyes,2.189626,0.1359091,-2.145336,0.2898342,-0.03211493,-0.9565379,0.0,0.0,0.0,0.0,0.0,0.0,0.0,0.8867774,-0.5256534,-2.901157,2.199942,0.1378665,-2.149569,-0.004182051,0.964835,-0.07663438,0.251402,8.382237,150.5931,357.3001,0.7140394,0.04635914,-0.6985667,0.4611476,0.0180677,-0.5025145,2.606039,0.02352729,-4.213695,0.6506107,0.2089598,1.992899,-0.8735591,-0.04660205,-0.4844819,0.03046209,0.9882194,-0.1499818,0.4857639,-0.1457763,-0.8618484,static,-16.85699,1.922934,18.08002,5.985716,4.814192218298056,-0.364961686796233
05/04/2023 16:19:25.233287,4098,True,True,True,True,Eyes,2.190359,0.1360211,-2.146641,0.2886923,-0.0325301,-0.9568691,0.0,0.0,0.0,0.0,0.0,0.0,0.0,0.9146955,-0.5320796,-2.901567,2.204936,0.1384003,-2.158233,-0.00418319,0.965919,-0.07773276,0.2468621,8.516934,151.1268,357.3074,0.7139168,0.04611471,-0.6987076,0.4334788,0.01698363,-0.4723637,2.591681,0.01944854,-4.225814,0.6506115,0.2089599,1.9929,-0.8780834,-0.04645978,-0.4762471,0.03029729,0.9878803,-0.1522324,0.4775478,-0.1481017,-0.8660337,static,-16.78883,1.9471,18.08003,5.985716,4.81630230334528,-0.36512613301270447
05/04/2023 16:19:25.253370,4099,True,True,True,True,Eyes,2.191249,0.1361775,-2.148229,0.2872445,-0.03307109,-0.9572862,0.0,0.0,0.0,0.0,0.0,0.0,0.0,0.9427767,-0.549217,-2.899474,2.210007,0.1402511,-2.166474,-0.003443597,0.966868,-0.08019684,0.2423278,8.824627,151.6556,357.3593,0.7138228,0.04590874,-0.6988171,0.40747,0.01596462,-0.4440219,2.577523,0.01116613,-4.236953,0.6506117,0.20896,1.9929,-0.882531,-0.04552684,-0.4680456,0.03220883,0.9871132,-0.1567485,0.4691503,-0.1534106,-0.8696916,moving,-16.70246,1.978594,18.08003,5.985717,4.818965020323656,-0.36535089859038883
05/04/2023 16:19:25.271344,4100,True,True,True,True,Eyes,2.192296,0.1363475,-2.150081,0.285713,-0.03384027,-0.9577175,0.0,0.0,0.0,0.0,0.0,0.0,0.0,0.9700768,-0.5630027,-2.897817,2.214761,0.1414967,-2.174895,-0.002406005,0.9678462,-0.08193167,0.2378134,9.058926,152.1896,357.468,0.7137475,0.0457361,-0.6989053,0.3830218,0.01500674,-0.4173805,2.566194,0.003439304,-4.246555,0.6471828,0.2067806,1.993173,-0.8868783,-0.04362619,-0.4599394,0.03431161,0.9865628,-0.1597389,0.4607278,-0.1574502,-0.8734643,moving,-16.61126,2.023664,17.9886,5.922931,4.821626056923034,-0.3658103169360318
05/04/2023 16:19:25.283689,4101,True,True,True,True,Eyes,2.193484,0.1365306,-2.152195,0.2839081,-0.03478382,-0.9582204,0.0,0.0,0.0,0.0,0.0,0.0,0.0,0.9968045,-0.5791206,-2.895549,2.219749,0.1420336,-2.183057,-0.0009638193,0.9687435,-0.08398472,0.2334134,9.338642,152.7113,357.6143,0.7136832,0.04559159,-0.6989805,0.3600405,0.01410633,-0.3923377,2.555343,-0.005991219,-4.255721,0.6440505,0.2047894,1.993423,-0.8910348,-0.04107371,-0.4520736,0.03733893,0.9858912,-0.1631692,0.4523974,-0.1622694,-0.8769298,moving,-16.50386,2.078949,17.90501,5.865563,4.824731621001365,-0.366392867939199
05/04/2023 16:19:25.303135,4102,True,True,True,True,Eyes,2.194811,0.1367312,-2.154548,0.2821079,-0.03593204,-0.9587095,0.0,0.0,0.0,0.0,0.0,0.0,0.0,1.022644,-0.5980271,-2.892657,2.224398,0.1425689,-2.191489,0.0005405393,0.9695515,-0.0865111,0.2290969,9.671649,153.2208,357.7565,0.7136236,0.04547082,-0.6990494,0.3384381,0.01325995,-0.3687975,2.544555,-0.01738053,-4.264762,0.640853,0.2027571,1.993675,-0.8950287,-0.03859069,-0.4443361,0.04068701,0.9850311,-0.1675062,0.444149,-0.1680016,-0.8800609,moving,-16.39694,2.146417,17.81964,5.807025,4.8276648778329765,-0.367206464535359
05/04/2023 16:19:25.313142,4103,True,True,True,True,Eyes,2.19627,0.1369407,-2.157138,0.2800344,-0.03721312,-0.9592685,0.0,0.0,0.0,0.0,0.0,0.0,0.0,1.049076,-0.6146564,-2.889572,2.229152,0.1431088,-2.199634,0.001769128,0.9703645,-0.08877093,0.2247429,9.966684,153.7346,357.8781,0.713553,0.04536504,-0.6991284,0.3181318,0.01246436,-0.3466696,2.53375,-0.02773842,-4.273415,0.6375671,0.2006687,1.993935,-0.898975,-0.03646788,-0.4364792,0.04333467,0.9842331,-0.1714851,0.4358511,-0.1730755,-0.8832206,moving,-16.27384,2.221575,17.73184,5.746871,4.831074134996299,-0.3680958162200433
05/04/2023 16:19:25.332958,4104,True,True,True,True,Eyes,2.197859,0.1371618,-2.15995,0.2780261,-0.03858171,-0.9597983,0.0,0.0,0.0,0.0,0.0,0.0,0.0,1.076174,-0.6308891,-2.886136,2.233943,0.1436949,-2.207896,0.002633414,0.9711535,-0.09117007,0.2203227,10.2673,154.2522,357.9582,0.7134706,0.0452725,-0.6992186,0.2990439,0.0117165,-0.3258694,2.522426,-0.03855036,-4.282131,0.6345502,0.198751,1.994174,-0.902902,-0.03505878,-0.4284145,0.04528858,0.9833622,-0.1759199,0.4274541,-0.1782407,-0.8862919,moving,-16.15479,2.301921,17.65117,5.691636,4.834273587816708,-0.3690999069679942
05/04/2023 16:19:25.353054,4105,True,True,True,True,Eyes,2.199582,0.1373815,-2.162992,0.2757838,-0.03994128,-0.9603895,0.0,0.0,0.0,0.0,0.0,0.0,0.0,1.102401,-0.6403255,-2.88426,2.238975,0.1442331,-2.215952,0.002779809,0.9719399,-0.09271843,0.2161678,10.45337,154.7371,357.9789,0.713376,0.04519191,-0.6993203,0.2811013,0.01101351,-0.3063173,2.512679,-0.04622652,-4.290509,0.6312917,0.1966798,1.994432,-0.9065275,-0.03468186,-0.4207196,0.04548908,0.9827911,-0.1790317,0.4196886,-0.1814353,-0.8893496,moving,-16.02186,2.38148,17.56399,5.63198,4.837975488129569,-0.3700301892079704
05/04/2023 16:19:25.371375,4106,True,True,True,True,Eyes,2.201443,0.1376005,-2.166237,0.2736061,-0.04115574,-0.960961,0.0,0.0,0.0,0.0,0.0,0.0,0.0,1.127748,-0.6452469,-2.883751,2.243868,0.1443906,-2.224496,0.002765869,0.9727531,-0.09355147,0.2121131,10.55494,155.2132,358.0002,0.7132691,0.04512164,-0.699434,0.2642352,0.0103527,-0.2879382,2.503185,-0.05130346,-4.299495,0.6280928,0.1946467,1.994687,-0.9100009,-0.03430597,-0.4131849,0.045068,0.9824809,-0.1808316,0.4121498,-0.1831783,-0.8925125,moving,-15.89278,2.452348,17.47832,5.573423,4.841651574234127,-0.37081347559371103
05/04/2023 16:19:25.383743,4107,True,True,True,True,Eyes,2.20342,0.1378087,-2.1697,0.2712278,-0.04227964,-0.9615862,0.0,0.0,0.0,0.0,0.0,0.0,0.0,1.150147,-0.6419843,-2.886104,2.249124,0.1446208,-2.232735,0.002401757,0.9735564,-0.09299908,0.2086462,10.49105,155.6248,358.0108,0.7131498,0.04506029,-0.6995595,0.2483811,0.009731534,-0.270662,2.496546,-0.05064251,-4.308329,0.6249411,0.1926433,1.994938,-0.912922,-0.03413131,-0.4067045,0.0434843,0.9826908,-0.1800775,0.405811,-0.1820819,-0.8956358,moving,-15.75179,2.517596,17.39387,5.515727,4.845821817706033,-0.37144048330378465
05/04/2023 16:19:25.403437,4108,True,True,True,True,Eyes,2.205513,0.1379822,-2.173373,0.2689724,-0.04309576,-0.9621833,0.0,0.0,0.0,0.0,0.0,0.0,0.0,1.172857,-0.6392099,-2.88807,2.253939,0.1445541,-2.241425,0.002225262,0.9743772,-0.09247614,0.2050179,10.43534,156.0568,358.0432,0.713018,0.04500628,-0.6996974,0.2334782,0.009147642,-0.2544222,2.488956,-0.05043384,-4.317546,0.6216161,0.19053,1.995201,-0.9159256,-0.03358204,-0.3999411,0.04225501,0.9828864,-0.1793009,0.3991179,-0.1811257,-0.8988318,moving,-15.61801,2.564538,17.30472,5.454872,4.849969593192798,-0.37175404742132123
05/04/2023 16:19:25.413421,4109,True,True,True,True,Eyes,2.207718,0.1381273,-2.177254,0.2664822,-0.04382241,-0.9628431,0.0,0.0,0.0,0.0,0.0,0.0,0.0,1.196989,-0.6333694,-2.890101,2.259006,0.1440207,-2.250061,0.002176746,0.9752809,-0.09138419,0.2011752,10.31888,156.5186,358.1056,0.7128733,0.04495741,-0.6998478,0.2194695,0.008598784,-0.2391569,2.480402,-0.04804505,-4.327119,0.6186459,0.188642,1.995437,-0.9190478,-0.03252257,-0.3928024,0.04101433,0.9832884,-0.1773747,0.3920067,-0.1791263,-0.9023551,moving,-15.47028,2.605936,17.22502,5.400504,4.854682929884571,-0.37190408773499545
05/04/2023 16:19:25.433381,4110,True,True,True,True,Eyes,2.210013,0.1382255,-2.181331,0.2641703,-0.04434031,-0.9634563,0.0,0.0,0.0,0.0,0.0,0.0,0.0,1.222569,-0.6283432,-2.891348,2.264039,0.1433261,-2.258974,0.002324587,0.9762164,-0.09035877,0.197057,10.2146,157.0138,358.1907,0.7127157,0.04491194,-0.7000112,0.2063013,0.008082857,-0.2248075,2.470928,-0.04618162,-4.336855,0.6153867,0.1865704,1.995694,-0.9223265,-0.03107305,-0.3851606,0.04015025,0.9836598,-0.1755033,0.3843204,-0.1773356,-0.9060078,moving,-15.33311,2.635014,17.13753,5.340857,4.859178657038926,-0.3718674473108531
05/04/2023 16:19:25.453113,4111,True,True,True,True,Eyes,2.212421,0.1382746,-2.185598,0.2616448,-0.04479446,-0.9641242,0.0,0.0,0.0,0.0,0.0,0.0,0.0,1.248287,-0.6253812,-2.891734,2.269186,0.1424283,-2.267588,0.002847924,0.9771173,-0.08952422,0.1929229,10.13978,157.5126,358.3131,0.7125447,0.04486774,-0.7001879,0.1939233,0.007597886,-0.211319,2.461425,-0.04509419,-4.346186,0.6122338,0.1845662,1.995946,-0.9255453,-0.02897703,-0.3775265,0.04010805,0.9839546,-0.1738524,0.3765066,-0.1760502,-0.9095325,moving,-15.18329,2.660123,17.0528,5.283148,4.864173751508469,-0.3717024158317578
05/04/2023 16:19:25.471453,4112,True,True,True,True,Eyes,2.214908,0.1382587,-2.190051,0.2592613,-0.04517274,-0.9647503,0.0,0.0,0.0,0.0,0.0,0.0,0.0,1.272358,-0.624778,-2.892331,2.274373,0.1412011,-2.276426,0.003730838,0.9779291,-0.08893274,0.1890284,10.09904,157.9845,358.4678,0.7123606,0.04482281,-0.7003778,0.1822879,0.007142013,-0.1986399,2.453125,-0.04527899,-4.355422,0.6089468,0.182477,1.996206,-0.9285086,-0.02632463,-0.3703763,0.04091861,0.984154,-0.1725293,0.3690491,-0.1753503,-0.9127184,moving,-15.04195,2.680817,16.96444,5.223001,4.868924274828765,-0.3714904506861201
05/04/2023 16:19:25.483414,4113,True,True,True,True,Eyes,2.217505,0.1381548,-2.194682,0.2567107,-0.04551464,-0.965416,0.0,0.0,0.0,0.0,0.0,0.0,0.0,1.295024,-0.6242056,-2.893201,2.279626,0.1395544,-2.284986,0.004672311,0.9786703,-0.08837301,0.1853993,10.0617,158.425,358.6252,0.7121631,0.04477489,-0.7005814,0.1713506,0.006713492,-0.1867215,2.445926,-0.04591626,-4.364245,0.6057805,0.1804645,1.996456,-0.9312104,-0.02362328,-0.3637154,0.04191389,0.9843368,-0.1712436,0.3620638,-0.1747085,-0.9156346,moving,-14.89076,2.699217,16.87926,5.165068,4.874053481954115,-0.3711934846663034
05/04/2023 16:19:25.503378,4114,True,True,True,True,Eyes,2.220212,0.1379837,-2.199475,0.2542347,-0.04582351,-0.9660563,0.0,0.0,0.0,0.0,0.0,0.0,0.0,1.315926,-0.6255704,-2.894639,2.284937,0.13731,-2.293935,0.005848479,0.9793198,-0.0880981,0.1820365,10.06014,158.8344,358.8001,0.7119527,0.0447212,-0.7007983,0.1610696,0.006310683,-0.1755182,2.439945,-0.04824621,-4.373202,0.6025943,0.1784393,1.99671,-0.9336572,-0.02061909,-0.3575744,0.04352921,0.984409,-0.1704232,0.3555135,-0.1746817,-0.918203,moving,-14.74408,2.715709,16.79348,5.106769,4.879047007514989,-0.3708798295265553
05/04/2023 16:19:25.513110,4115,True,True,True,True,Eyes,2.223018,0.137737,-2.204438,0.2515575,-0.04611224,-0.9667433,0.0,0.0,0.0,0.0,0.0,0.0,0.0,1.337999,-0.6255081,-2.895539,2.290142,0.13552,-2.302721,0.00624178,0.9799609,-0.08801466,0.1785817,10.06301,159.2459,358.8825,0.7117299,0.04465995,-0.7010281,0.1514054,0.005932042,-0.1649871,2.433659,-0.05137886,-4.381788,0.5992081,0.1762867,1.996979,-0.9361396,-0.01920221,-0.3511048,0.043669,0.9844289,-0.1702725,0.3489073,-0.1747312,-0.9207243,moving,-14.58556,2.730855,16.70225,5.044803,4.884477732807064,-0.37049053202153304
05/04/2023 16:19:25.533190,4116,True,True,True,True,Eyes,2.225945,0.1374268,-2.209558,0.2488678,-0.04638977,-0.9674259,0.0,0.0,0.0,0.0,0.0,0.0,0.0,1.362724,-0.6220342,-2.896073,2.295438,0.1334582,-2.311781,0.005788053,0.9806537,-0.08793453,0.174793,10.04898,159.6881,358.8717,0.711495,0.04458924,-0.7012706,0.1423211,0.005576119,-0.1550879,2.425665,-0.05490202,-4.390807,0.5962447,0.1744029,1.997215,-0.9388281,-0.01938853,-0.3438407,0.04209283,0.984468,-0.1704432,0.3418048,-0.17449,-0.9234301,moving,-14.42639,2.74533,16.62237,4.990583,4.889940070193322,-0.37008585800087623
05/04/2023 16:19:25.553488,4117,True,True,True,True,Eyes,2.228974,0.1370475,-2.214826,0.2459588,-0.04657143,-0.9681608,0.0,0.0,0.0,0.0,0.0,0.0,0.0,1.390398,-0.6164453,-2.895664,2.301018,0.13163,-2.320792,0.004837296,0.9814053,-0.08778829,0.1706269,10.01829,160.17,358.8093,0.7112489,0.04450779,-0.7015249,0.1337818,0.005241552,-0.1457826,2.416605,-0.05828634,-4.399701,0.5930439,0.1723688,1.997467,-0.941726,-0.0204634,-0.3357577,0.03945279,0.9845396,-0.170661,0.334059,-0.1739625,-0.9263592,moving,-14.2543,2.753975,16.53605,4.932045,4.895935072982577,-0.3695166635849081
05/04/2023 16:19:25.571611,4118,True,True,True,True,Eyes,2.232134,0.1365974,-2.220238,0.2430508,-0.04673279,-0.9688872,0.0,0.0,0.0,0.0,0.0,0.0,0.0,1.417742,-0.6055353,-2.896177,2.306591,0.1295778,-2.329669,0.003801461,0.9822065,-0.0867478,0.1665259,9.885198,160.6471,358.7539,0.7109921,0.04441431,-0.7017906,0.1257549,0.004927059,-0.1370357,2.407846,-0.05824234,-4.408683,0.589857,0.1703431,1.997719,-0.9445093,-0.02142387,-0.3277851,0.03635914,0.9849207,-0.1691424,0.326466,-0.1716746,-0.9294878,moving,-14.08238,2.761434,16.45004,4.873753,4.901939160893306,-0.3689258986510405
05/04/2023 16:19:25.583530,4119,True,True,True,True,Eyes,2.235399,0.1361596,-2.225805,0.2399375,-0.046813,-0.969659,0.0,0.0,0.0,0.0,0.0,0.0,0.0,1.444493,-0.5979079,-2.896417,2.312407,0.1274066,-2.338765,0.003186306,0.9829413,-0.08605328,0.1625155,9.799814,161.1156,358.7378,0.7107256,0.04430754,-0.7020667,0.1182096,0.004631435,-0.1288135,2.399744,-0.05958278,-4.417659,0.586656,0.1683084,1.997974,-0.9471571,-0.02170607,-0.3200347,0.03423388,0.9851694,-0.168135,0.3189379,-0.1702063,-0.9323671,moving,-13.89839,2.763968,16.36358,4.8152,4.908434224323182,-0.3681912387155041
05/04/2023 16:19:25.605423,4120,True,True,True,True,Eyes,2.238804,0.1357579,-2.231498,0.2368885,-0.04685664,-0.9704062,0.0,0.0,0.0,0.0,0.0,0.0,0.0,1.471698,-0.5895257,-2.896638,2.318274,0.1272509,-2.348056,0.002178455,0.9836825,-0.08512894,0.1584839,9.681447,161.5834,358.6806,0.7104497,0.04418906,-0.7023528,0.111117,0.004353549,-0.1210847,2.391677,-0.05820226,-4.426792,0.5834061,0.1662424,1.99823,-0.9497561,-0.02269733,-0.3121666,0.03126896,0.9854966,-0.1667892,0.3114248,-0.1681702,-0.9352717,moving,-13.71833,2.764414,16.27577,4.755763,4.914816476872407,-0.3674340401336215
05/04/2023 16:19:25.613500,4121,True,True,True,True,Eyes,2.242296,0.1353783,-2.237335,0.2336262,-0.04681493,-0.9711989,0.0,0.0,0.0,0.0,0.0,0.0,0.0,1.498563,-0.5811197,-2.896528,2.323984,0.1273494,-2.357148,0.001132538,0.9843963,-0.0842002,0.1545087,9.562463,162.0439,358.6176,0.7101656,0.04406099,-0.7026475,0.10445,0.004092336,-0.1138196,2.383843,-0.05667846,-4.435587,0.5800252,0.1640941,1.9985,-0.9522515,-0.0237896,-0.3043863,0.02824906,0.9858181,-0.1654228,0.3040049,-0.1661227,-0.9380748,moving,-13.52576,2.759706,16.18433,4.693949,4.9217082334142,-0.3665267712214635
05/04/2023 16:19:25.638770,4122,True,True,True,True,Eyes,2.245899,0.1349874,-2.243308,0.2304001,-0.04674837,-0.9719725,0.0,0.0,0.0,0.0,0.0,0.0,0.0,1.527188,-0.5685887,-2.896316,2.329744,0.1278283,-2.366473,-0.0007077368,0.9851442,-0.08302486,0.1503246,9.402567,162.5223,358.4692,0.7098734,0.04392486,-0.7029507,0.098183,0.003846796,-0.1069904,2.374991,-0.05405495,-4.444676,0.5768752,0.1620915,1.99875,-0.9548042,-0.02635579,-0.2960652,0.0235669,0.9862127,-0.1637957,0.2963002,-0.1633701,-0.9410189,moving,-13.33548,2.753598,16.09909,4.636337,4.928536591981696,-0.3656029230690644
05/04/2023 16:19:25.653264,4123,True,True,True,True,Eyes,2.249584,0.1345928,-2.249411,0.2269026,-0.04672076,-0.9727961,0.0,0.0,0.0,0.0,0.0,0.0,0.0,1.560826,-0.5560952,-2.893187,2.335615,0.1271428,-2.375856,-0.002530867,0.9859674,-0.08213911,0.1453101,9.278731,163.0964,358.3242,0.709576,0.0437818,-0.7032605,0.09229202,0.003615988,-0.100571,2.362765,-0.05379518,-4.453674,0.5737374,0.1600971,1.998999,-0.9577569,-0.02886199,-0.2861262,0.01888058,0.9864935,-0.1627085,0.2869577,-0.1612374,-0.9442762,moving,-13.12938,2.749648,16.01413,4.578968,4.9358986873689865,-0.3646523752600405
05/04/2023 16:19:25.671763,4124,True,True,True,True,Eyes,2.253388,0.1342297,-2.255611,0.2234799,-0.04691001,-0.973579,0.0,0.0,0.0,0.0,0.0,0.0,0.0,1.593116,-0.5512089,-2.88872,2.341313,0.1266455,-2.385114,-0.003658012,0.9866666,-0.08215931,0.1404481,9.27076,163.6546,358.2409,0.7092698,0.04363093,-0.7035794,0.08675449,0.003399028,-0.09453675,2.351239,-0.05688009,-4.46203,0.5703968,0.157974,1.999263,-0.960522,-0.03029671,-0.2765498,0.01585976,0.986473,-0.1631552,0.277752,-0.1611001,-0.9470484,moving,-12.92798,2.758552,15.92364,4.517904,4.942930211547994,-0.3639634285444844
05/04/2023 16:19:25.683343,4125,True,True,True,True,Eyes,2.257255,0.1338895,-2.261925,0.2198164,-0.0472138,-0.974398,0.0,0.0,0.0,0.0,0.0,0.0,0.0,1.625843,-0.5600424,-2.880751,2.347002,0.127065,-2.393985,-0.003818787,0.9872146,-0.08391185,0.135469,9.476516,164.2271,358.2411,0.7089582,0.0434749,-0.7039035,0.08154923,0.003195087,-0.08886454,2.33897,-0.06548717,-4.469342,0.5673405,0.1560312,1.999506,-0.9632675,-0.03027484,-0.2668331,0.01519499,0.9858884,-0.1667127,0.2681149,-0.1646433,-0.9492142,moving,-12.71266,2.774059,15.84077,4.462027,4.9503714130443806,-0.36333941360607075
05/04/2023 16:19:25.703666,4126,True,True,True,True,Eyes,2.261202,0.1335501,-2.268341,0.2162133,-0.04768584,-0.975181,0.0,0.0,0.0,0.0,0.0,0.0,0.0,1.657029,-0.5683922,-2.873355,2.352483,0.1272993,-2.403039,-0.003723406,0.9877327,-0.0854013,0.1306789,9.656107,164.7811,358.275,0.7086403,0.04331443,-0.7042339,0.07665627,0.003003381,-0.08353267,2.327421,-0.07311026,-4.476742,0.5641626,0.1540111,1.999759,-0.9658185,-0.02967576,-0.2575157,0.01496483,0.9853855,-0.1696804,0.2587876,-0.1677342,-0.9512595,moving,-12.50117,2.799504,15.75457,4.403929,4.957550073950728,-0.36291848842053165
05/04/2023 16:19:25.713350,4127,True,True,True,True,Eyes,2.265206,0.1332528,-2.274877,0.2123675,-0.04828638,-0.9759961,0.0,0.0,0.0,0.0,0.0,0.0,0.0,1.687928,-0.5724645,-2.866593,2.35792,0.1271505,-2.412097,-0.00420226,0.9882368,-0.08658916,0.125988,9.792603,165.3193,358.2482,0.7083161,0.04314972,-0.7045707,0.0720569,0.002823178,-0.07852071,2.316483,-0.08032168,-4.484029,0.5607989,0.151873,2.000026,-0.968219,-0.03012403,-0.2482842,0.01351273,0.9849693,-0.1722,0.2497396,-0.1700823,-0.953259,moving,-12.27568,2.832339,15.66327,4.34245,4.965131219603185,-0.36257694816202213
05/04/2023 16:19:25.733438,4128,True,True,True,True,Eyes,2.269263,0.133127,-2.281518,0.2086608,-0.04888499,-0.9767655,0.0,0.0,0.0,0.0,0.0,0.0,0.0,1.720426,-0.580126,-2.858271,2.363488,0.1277549,-2.421512,-0.005050782,0.9886648,-0.08861544,0.1210939,10.02039,165.8737,358.1699,0.7079846,0.04298201,-0.7049145,0.06773348,0.002653788,-0.07380947,2.304531,-0.09022411,-4.491222,0.5578039,0.1499693,2.000264,-0.9706218,-0.03144863,-0.2385473,0.01147451,0.9842436,-0.1764452,0.2403376,-0.1739987,-0.9549673,moving,-12.05852,2.865139,15.58193,4.287715,4.972417290324249,-0.36227016763730746
05/04/2023 16:19:25.753200,4129,True,True,True,True,Eyes,2.273363,0.1331453,-2.288278,0.2047125,-0.04940584,-0.9775745,0.0,0.0,0.0,0.0,0.0,0.0,0.0,1.752044,-0.5827557,-2.85096,2.368903,0.1317675,-2.430672,-0.005990818,0.9891831,-0.08913869,0.1163405,10.07604,166.417,358.103,0.7076461,0.04281705,-0.7052649,0.0,0.0,0.0,2.293233,-0.0907244,-4.4986,0.5546215,0.1479467,2.000516,-0.9728581,-0.0325929,-0.229096,0.008888841,0.9840368,-0.1777429,0.2312321,-0.174955,-0.9570385,moving,-11.82732,2.893222,15.49546,4.229569,4.980261574626197,-0.3618150258233095
05/04/2023 16:19:25.764136,4130,True,True,True,True,Eyes,2.277556,0.1332795,-2.29514,0.2008368,-0.04958846,-0.9783689,0.0,0.0,0.0,0.0,0.0,0.0,0.0,1.784224,-0.5768957,-2.844942,2.374148,0.1352341,-2.440305,-0.007252528,0.9898015,-0.08841894,0.111456,9.986593,166.9774,358.0177,0.707301,0.04265947,-0.7056208,0.0,0.0,0.0,2.281564,-0.08707901,-4.506742,0.5511324,0.145729,2.000792,-0.97505,-0.03406676,-0.219356,0.005352509,0.984259,-0.1766511,0.2219211,-0.1734177,-0.9595194,moving,-11.60037,2.901544,15.4006,4.165819,4.988206946717344,-0.36100650530107514
05/04/2023 16:19:25.783445,4131,True,True,True,True,Eyes,2.281788,0.1334799,-2.302131,0.1967531,-0.04947059,-0.9792042,0.0,0.0,0.0,0.0,0.0,0.0,0.0,1.814497,-0.5545678,-2.843071,2.379523,0.138052,-2.449859,-0.008876723,0.9905903,-0.08498614,0.1069081,9.582926,167.5063,357.9218,0.7069506,0.04251219,-0.705981,0.0,0.0,0.0,2.270906,-0.07292937,-4.516008,0.5481624,0.1438411,2.001027,-0.9769838,-0.0357578,-0.2102954,0.0005850182,0.9853971,-0.1702709,0.213313,-0.1664749,-0.962696,moving,-11.36125,2.892194,15.3198,4.111557,4.996809308885104,-0.35981405832616287
05/04/2023 16:19:25.803209,4132,True,True,True,True,Eyes,2.286089,0.1337689,-2.309221,0.1927248,-0.04912752,-0.9800223,0.0,0.0,0.0,0.0,0.0,0.0,0.0,1.844053,-0.5298496,-2.841977,2.384783,0.1397749,-2.459955,-0.01044649,0.9913604,-0.0812687,0.1024255,9.14846,168.0289,357.8313,0.7065935,0.04237574,-0.706347,0.0,0.0,0.0,2.260574,-0.05884561,-4.52572,0.5450061,0.141835,2.001278,-0.9787997,-0.03736044,-0.2013832,-0.004064494,0.9865725,-0.1632731,0.2047791,-0.1589931,-0.9658088,moving,-11.12545,2.869777,15.23388,4.053901,5.005460433809922,-0.35839010604975596
05/04/2023 16:19:25.813841,4133,True,True,True,True,Eyes,2.290402,0.1341248,-2.316425,0.1884239,-0.04862016,-0.9808835,0.0,0.0,0.0,0.0,0.0,0.0,0.0,1.875191,-0.5128239,-2.837311,2.389484,0.1422605,-2.469774,-0.01132037,0.9920772,-0.07836792,0.0975364,8.817389,168.6012,357.8108,0.7062301,0.04225173,-0.7067178,0.0,0.0,0.0,2.248196,-0.04705308,-4.534542,0.5416352,0.1396926,2.001546,-0.9807171,-0.03774881,-0.191753,-0.007173914,0.9874606,-0.1577023,0.1953016,-0.1532857,-0.9686904,moving,-10.87383,2.837699,15.14206,3.992333,5.014795934616818,-0.356717291529639
05/04/2023 16:19:25.833460,4134,True,True,True,True,Eyes,2.294731,0.1345177,-2.323728,0.1841598,-0.04813407,-0.981717,0.0,0.0,0.0,0.0,0.0,0.0,0.0,1.909518,-0.4985817,-2.8296,2.394208,0.1439976,-2.479619,-0.01159569,0.9928057,-0.07570563,0.09203889,8.521902,169.2474,357.8582,0.7058594,0.04214067,-0.707095,0.0,0.0,0.0,2.233009,-0.03642259,-4.543025,0.5385658,0.1377412,2.001789,-0.9827889,-0.03696025,-0.1809977,-0.009088802,0.9882684,-0.1524565,0.1845092,-0.1481875,-0.9715952,moving,-10.62461,2.806993,15.05842,3.936264,5.024028804485447,-0.35508047095106365
05/04/2023 16:19:25.853294,4135,True,True,True,True,Eyes,2.299052,0.1349036,-2.331123,0.1796174,-0.04764064,-0.9825823,0.0,0.0,0.0,0.0,0.0,0.0,0.0,1.943714,-0.4890323,-2.820277,2.398584,0.1452418,-2.489344,-0.01205666,0.9934092,-0.07418198,0.0865446,8.354609,169.8864,357.8687,0.7054807,0.04204228,-0.7074789,0.0,0.0,0.0,2.217852,-0.03126013,-4.550718,0.535229,0.1356204,2.002053,-0.9847296,-0.03679449,-0.1701596,-0.01111429,0.9887034,-0.149473,0.1737372,-0.1452992,-0.9740143,moving,-10.35937,2.77582,14.96743,3.875333,5.033835963453588,-0.3533667580400959
05/04/2023 16:19:25.873548,4136,True,True,True,True,Eyes,2.303362,0.1352665,-2.338614,0.1750905,-0.04740816,-0.9834102,0.0,0.0,0.0,0.0,0.0,0.0,0.0,1.978719,-0.4837505,-2.808953,2.40281,0.1454515,-2.498982,-0.01261517,0.9939088,-0.07375978,0.08090618,8.312942,170.5367,357.8564,0.7050939,0.04195508,-0.7078696,0.0,0.0,0.0,2.201893,-0.03163161,-4.557725,0.532047,0.1335979,2.002306,-0.9865901,-0.0370119,-0.1589657,-0.01314142,0.9888007,-0.1486622,0.1626877,-0.1445797,-0.9760273,moving,-10.09539,2.759973,14.88061,3.817234,5.043403084232528,-0.3519464863344425
05/04/2023 16:19:25.883386,4137,True,True,True,True,Eyes,2.307673,0.135604,-2.346205,0.1702565,-0.04723746,-0.9842669,0.0,0.0,0.0,0.0,0.0,0.0,0.0,2.013954,-0.4794241,-2.796957,2.406933,0.1454509,-2.508852,-0.01346178,0.9943399,-0.07380514,0.07523211,8.322761,171.1868,357.8062,0.704698,0.04187709,-0.7082685,0.0,0.0,0.0,2.185776,-0.03435778,-4.564576,0.5288605,0.1315724,2.002558,-0.988318,-0.0378762,-0.1476255,-0.01566613,0.9887432,-0.1488003,0.1515997,-0.1447493,-0.9777861,moving,-9.8138,2.747661,14.79363,3.759052,5.053549894595278,-0.35051778778800385
05/04/2023 16:19:25.903620,4138,True,True,True,True,Eyes,2.311943,0.1359,-2.353877,0.1653788,-0.04724206,-0.985098,0.0,0.0,0.0,0.0,0.0,0.0,0.0,2.053485,-0.4753771,-2.781585,2.411413,0.144958,-2.518744,-0.01508177,0.9947051,-0.07471389,0.06893705,8.427464,171.899,357.6649,0.7042935,0.04180668,-0.708675,0.0,0.0,0.0,2.167396,-0.04158775,-4.570624,0.5258849,0.1296808,2.002795,-0.9900407,-0.04030492,-0.1348904,-0.0197027,0.9883807,-0.150716,0.1393977,-0.1465572,-0.9793313,moving,-9.529982,2.745614,14.71235,3.704724,5.063644914520246,-0.34927256813254587
05/04/2023 16:19:25.913440,4139,True,True,True,True,Eyes,2.316196,0.1361495,-2.36163,0.1601504,-0.04728143,-0.9859596,0.0,0.0,0.0,0.0,0.0,0.0,0.0,2.092215,-0.4673728,-2.76587,2.415034,0.1443712,-2.528359,-0.01663143,0.9950877,-0.07486963,0.06259797,8.448565,172.6191,357.539,0.703878,0.04174153,-0.7090917,0.0,0.0,0.0,2.148448,-0.04609885,-4.576326,0.5224764,0.1275147,2.003066,-0.9916098,-0.04247284,-0.1220905,-0.02372609,0.9882358,-0.1510859,0.1270713,-0.1469215,-0.9809521,moving,-9.226034,2.7455,14.6192,3.642519,5.074429443637876,-0.34797809415035713
05/04/2023 16:19:25.933306,4140,True,True,True,True,Eyes,2.320362,0.1363718,-2.369454,0.1549219,-0.0474304,-0.9867875,0.0,0.0,0.0,0.0,0.0,0.0,0.0,2.13407,-0.4588696,-2.747579,2.419029,0.1435162,-2.538052,-0.01827952,0.9954457,-0.07513687,0.05574977,8.485043,173.3965,357.4056,0.7034527,0.04167987,-0.7095174,0.0,0.0,0.0,2.127453,-0.05121897,-4.581559,0.5194865,0.1256141,2.003301,-0.9931155,-0.04477027,-0.1082448,-0.02801482,0.9880406,-0.1516275,0.1137387,-0.1475512,-0.9824927,moving,-8.922388,2.751831,14.53746,3.587953,5.085121114041721,-0.3468060513420328
05/04/2023 16:19:25.953376,4141,True,True,True,True,Eyes,2.324491,0.1365831,-2.377362,0.149335,-0.04754309,-0.9876431,0.0,0.0,0.0,0.0,0.0,0.0,0.0,2.175322,-0.4485096,-2.728446,2.422246,0.1431618,-2.547514,-0.01992074,0.9957883,-0.07499085,0.04883867,8.476528,174.1825,357.2764,0.7030163,0.04162057,-0.7099532,0.0,0.0,0.0,2.105685,-0.05433613,-4.58635,0.5162988,0.123588,2.003555,-0.9944361,-0.04699859,-0.09427821,-0.03234877,0.987959,-0.1512959,0.1002537,-0.1474042,-0.9839825,moving,-8.598185,2.755973,14.45025,3.52978,5.09656997914514,-0.34550545715295633
05/04/2023 16:19:25.963426,4142,True,True,True,True,Eyes,2.328572,0.1368084,-2.385329,0.1436634,-0.0477143,-0.9884757,0.0,0.0,0.0,0.0,0.0,0.0,0.0,2.217378,-0.438647,-2.708431,2.425658,0.1431047,-2.557435,-0.0210001,0.9961324,-0.07442337,0.04171998,8.42524,174.9984,357.2159,0.7025681,0.04156298,-0.7104002,0.0,0.0,0.0,2.083292,-0.05505013,-4.59135,0.5130885,0.1215474,2.00381,-0.9956371,-0.04804765,-0.07999144,-0.03562788,0.9880403,-0.1500233,0.08624304,-0.1465188,-0.9854414,moving,-8.269373,2.763556,14.36237,3.471201,5.108138499156465,-0.3442499470644628
05/04/2023 16:19:25.983459,4143,True,True,True,True,Eyes,2.332592,0.1370666,-2.393357,0.137672,-0.04773519,-0.989327,0.0,0.0,0.0,0.0,0.0,0.0,0.0,2.257736,-0.4302717,-2.687753,2.42836,0.1436561,-2.566896,-0.021118,0.9964918,-0.07318683,0.03466367,8.302312,175.8172,357.2682,0.7021081,0.04150739,-0.7108582,0.0,0.0,0.0,2.060372,-0.05164409,-4.595932,0.509888,0.1195129,2.004064,-0.9967048,-0.04716168,-0.06599302,-0.03701398,0.9883955,-0.1473242,0.07217525,-0.1443961,-0.9868842,moving,-7.922244,2.762389,14.27472,3.412808,5.1204683692532775,-0.34275208207856545
05/04/2023 16:19:26.003484,4144,True,True,True,True,Eyes,2.336524,0.1373478,-2.401434,0.1317715,-0.04778292,-0.9901277,0.0,0.0,0.0,0.0,0.0,0.0,0.0,2.296415,-0.4229795,-2.667669,2.431091,0.1446686,-2.576385,-0.02036762,0.9968616,-0.07126652,0.02780575,8.103,176.6217,357.4197,0.7016359,0.04145461,-0.7113274,0.0,0.0,0.0,2.038233,-0.04424102,-4.600686,0.5066888,0.1174792,2.004317,-0.9976243,-0.04457064,-0.05253392,-0.03664416,0.9890125,-0.1432184,0.05834004,-0.1409531,-0.988296,moving,-7.580681,2.762913,14.18707,3.354446,5.132579223322279,-0.34130966855097367
05/04/2023 16:19:26.013249,4145,True,True,True,True,Eyes,2.340376,0.1376509,-2.409559,0.1256013,-0.0478349,-0.9909269,0.0,0.0,0.0,0.0,0.0,0.0,0.0,2.332373,-0.4211415,-2.647627,2.433237,0.1453588,-2.585629,-0.01958715,0.9970995,-0.0703821,0.02133822,8.020074,177.3774,357.5653,0.7011506,0.04140505,-0.7118087,0.0,0.0,0.0,2.017352,-0.04133997,-4.604846,0.5033967,0.1153868,2.004578,-0.9983221,-0.04206434,-0.0397955,-0.03605703,0.9893254,-0.1411918,0.04530984,-0.13952,-0.9891821,moving,-7.223793,2.763687,14.09681,3.294405,5.145230571651508,-0.3398067952036509
05/04/2023 16:19:26.033239,4146,True,True,True,True,Eyes,2.344165,0.1379802,-2.417718,0.1194543,-0.04808869,-0.9916744,0.0,0.0,0.0,0.0,0.0,0.0,0.0,2.367381,-0.4261832,-2.626878,2.435303,0.1463079,-2.595092,-0.01815016,0.9972596,-0.07014169,0.01496136,8.010575,178.1257,357.7834,0.7006524,0.04135912,-0.7123019,0.0,0.0,0.0,1.996643,-0.04002349,-4.608874,0.5002764,0.1134038,2.004826,-0.9988937,-0.03829968,-0.02729456,-0.03410202,0.9895015,-0.1404421,0.03238689,-0.1393558,-0.9897128,moving,-6.868594,2.776236,14.01122,3.23751,5.157671921551256,-0.33853243869030913
05/04/2023 16:19:26.053450,4147,True,True,True,True,Eyes,2.347859,0.1383444,-2.425891,0.1130434,-0.04848062,-0.9924065,0.0,0.0,0.0,0.0,0.0,0.0,0.0,2.402964,-0.4396022,-2.602503,2.436824,0.14731,-2.603977,-0.01708929,0.9972322,-0.0718704,0.00841192,8.224689,178.8865,357.9564,0.700141,0.04131723,-0.7128071,0.0,0.0,0.0,1.975045,-0.04693661,-4.611172,0.497044,0.1113488,2.005082,-0.9992746,-0.03529312,-0.01432085,-0.03287485,0.9890852,-0.1436304,0.0192337,-0.1430554,-0.9895279,moving,-6.498458,2.796766,13.92252,3.178558,5.170541465287324,-0.3373445922211612
05/04/2023 16:19:26.072473,4148,True,True,True,True,Eyes,2.351438,0.1387249,-2.434067,0.1017353,-0.04667157,-0.9937161,0.0,0.0,0.0,0.0,0.0,0.0,0.0,2.438236,-0.4482681,-2.578163,2.438344,0.1485453,-2.612523,-0.01706249,0.9971393,-0.07360724,0.001982619,8.437224,179.6255,358.0117,0.6996159,0.04128006,-0.7133245,0.0,0.0,0.0,1.954198,-0.05464685,-4.612878,0.4937179,0.109235,2.005346,-0.9994099,-0.03431923,-0.00144205,-0.0337355,0.9885817,-0.146861,0.006465741,-0.1467257,-0.9891561,moving,-5.845499,2.689018,13.83119,3.117927,5.1950796068052085,-0.33254298353183154
05/04/2023 16:19:26.083758,4149,True,True,True,True,Eyes,2.354924,0.1390826,-2.442271,0.09033563,-0.04509095,-0.9948901,0.0,0.0,0.0,0.0,0.0,0.0,0.0,2.474171,-0.4513936,-2.553179,2.439404,0.1489225,-2.621283,-0.01747693,0.9970288,-0.07487669,-0.004671148,8.596311,180.3881,358.0207,0.6990777,0.04124774,-0.7138539,0.0,0.0,0.0,1.931872,-0.0616205,-4.614441,0.490609,0.1072589,2.005591,-0.9993455,-0.03415048,0.01193176,-0.03554951,0.988176,-0.1491451,-0.006697307,-0.1494717,-0.9887433,moving,-5.188208,2.595015,13.74579,3.061258,5.219596246551276,-0.32798132172013805
05/04/2023 16:19:26.103424,4150,True,True,True,True,Eyes,2.358395,0.1394321,-2.450492,0.0761895,-0.04258671,-0.9961835,0.0,0.0,0.0,0.0,0.0,0.0,0.0,2.510765,-0.4518526,-2.527606,2.440834,0.1486226,-2.630046,-0.01901413,0.9967967,-0.07685841,-0.01130148,8.838753,181.137,357.9023,0.6985254,0.04121913,-0.7143959,0.0,0.0,0.0,1.910416,-0.07331692,-4.615355,0.4873939,0.1052153,2.005849,-0.9990216,-0.03616922,0.02545334,-0.03964367,0.9874625,-0.1527946,-0.01960776,-0.1536542,-0.9879302,moving,-4.373547,2.447896,13.65741,3.002655,5.2503728466770365,-0.3217521263032638
05/04/2023 16:19:26.113268,4151,True,True,True,True,Eyes,2.361763,0.1397853,-2.458729,0.06206965,-0.04027505,-0.9972588,0.0,0.0,0.0,0.0,0.0,0.0,0.0,2.545803,-0.4495382,-2.502639,2.44171,0.148571,-2.63863,-0.02056227,0.9965603,-0.07828544,-0.01778469,9.0191,181.8699,357.7834,0.6979606,0.04119361,-0.7149493,0.0,0.0,0.0,1.889262,-0.08269587,-4.616179,0.4840004,0.103058,2.006118,-0.9985221,-0.03819851,0.03866648,-0.04376763,0.9868972,-0.1553009,-0.03222758,-0.1567637,-0.9871105,moving,-3.56151,2.312677,13.56409,2.940806,5.280904684458668,-0.31575777280270834
05/04/2023 16:19:26.133377,4152,True,True,True,True,Eyes,2.365096,0.1401252,-2.466994,0.04813478,-0.03804322,-0.9981161,0.0,0.0,0.0,0.0,0.0,0.0,0.0,2.580356,-0.4408864,-2.478814,2.442729,0.1490276,-2.647262,-0.02272252,0.996324,-0.0789928,-0.02413454,9.119935,182.5833,357.5931,0.6973829,0.04117106,-0.7155141,0.0,0.0,0.0,1.868413,-0.08907267,-4.61719,0.4811188,0.1012264,2.006347,-0.9978027,-0.04146507,0.05168149,-0.04909089,0.9864876,-0.156308,-0.04450182,-0.1585016,-0.9863556,moving,-2.760986,2.182773,13.48481,2.888298,5.310960336505673,-0.30991227689989415
05/04/2023 16:19:26.153345,4153,True,True,True,True,Eyes,2.368322,0.1404631,-2.475286,0.03426208,-0.03579516,-0.9987717,0.0,0.0,0.0,0.0,0.0,0.0,0.0,2.612034,-0.4257653,-2.458307,2.44351,0.1489943,-2.655998,-0.02442604,0.9961956,-0.07805654,-0.03008105,9.032152,183.2576,357.4482,0.6967931,0.0411508,-0.7160896,0.0,0.0,0.0,1.84912,-0.08916648,-4.61933,0.4779214,0.09919432,2.006601,-0.9969972,-0.04397018,0.06374644,-0.05336227,0.986621,-0.1540497,-0.05612,-0.1569887,-0.9860048,moving,-1.964717,2.052555,13.3968,2.830056,5.340869037223457,-0.3040789701957854
05/04/2023 16:19:26.163353,4154,True,True,True,True,Eyes,2.445992,0.1489227,-2.683364,-0.3070429,0.02556732,-0.9513522,0.0,0.0,0.0,0.0,0.0,0.0,0.0,2.642986,-0.4116284,-2.43796,2.444273,0.1492548,-2.664904,-0.02536062,0.9960967,-0.07649929,-0.0360019,8.871993,183.9373,357.3887,0.6961905,0.04113258,-0.7166766,0.0,0.0,0.0,1.8299,-0.08578756,-4.621812,0.474622,0.09709725,2.006862,-0.9961214,-0.04501502,0.07560288,-0.0560315,0.9870094,-0.1505753,-0.06784262,-0.1542274,-0.9857035,moving,17.88716,-1.539437,13.30594,2.76996,6.090930124381055,-0.1521535022144227
05/04/2023 16:19:26.183399,4155,True,True,True,True,Eyes,2.445988,0.1489276,-2.68373,-0.3074886,0.02574935,-0.9512033,0.0,0.0,0.0,0.0,0.0,0.0,0.0,2.673265,-0.39893,-2.417072,2.444451,0.1496436,-2.673945,-0.0258765,0.9959801,-0.0747813,-0.04197536,8.692632,184.6271,357.3753,0.6933098,0.04112032,-0.7194644,0.233011,0.02537861,-0.6242337,1.809778,-0.08116997,-4.624251,0.4714161,0.09505935,2.007116,-0.9951373,-0.04526702,0.08748341,-0.05782291,0.9874763,-0.146789,-0.07974309,-0.1511337,-0.9852919,moving,17.91409,-1.550635,13.21762,2.711569,6.092028236383906,-0.15182851119082952
05/04/2023 16:19:26.203373,4156,True,True,True,True,Eyes,2.445951,0.1489438,-2.684439,-0.3081157,0.02614542,-0.9509895,0.0,0.0,0.0,0.0,0.0,0.0,0.0,2.701881,-0.3850579,-2.397707,2.44462,0.1496568,-2.683068,-0.02550926,0.995936,-0.07198268,-0.04774357,8.384538,185.3025,357.4545,0.6908854,0.0411083,-0.7217935,0.2190303,0.0238559,-0.5867797,1.790213,-0.0716582,-4.627347,0.4682565,0.09305103,2.007368,-0.9941401,-0.04393775,0.09877153,-0.05768459,0.9883355,-0.1409445,-0.09142663,-0.1458161,-0.9850785,moving,17.95205,-1.574828,13.13052,2.654032,6.093683284307297,-0.15121235468836822
05/04/2023 16:19:26.213484,4157,True,True,True,True,Eyes,2.445907,0.1489646,-2.685482,-0.3091407,0.02666796,-0.9506423,0.0,0.0,0.0,0.0,0.0,0.0,0.0,2.730407,-0.374709,-2.376894,2.444409,0.14995,-2.692124,-0.02547706,0.9957717,-0.0701611,-0.0535453,8.190062,185.9767,357.4971,0.6888363,0.04109677,-0.72375,0.2058885,0.02242454,-0.5515729,1.770591,-0.06625514,-4.6297,0.4648792,0.09090436,2.007635,-0.9929675,-0.04322508,0.1102128,-0.05825227,0.9888567,-0.1370005,-0.1030628,-0.1424572,-0.9844206,moving,18.01408,-1.606873,13.03739,2.592544,6.096292334390409,-0.15034626235841553
05/04/2023 16:19:26.233130,4158,True,True,True,True,Eyes,2.44579,0.1489613,-2.686842,-0.3102637,0.0272576,-0.9502597,0.0,0.0,0.0,0.0,0.0,0.0,0.0,2.757093,-0.3626808,-2.357743,2.444074,0.1500476,-2.701116,-0.02559512,0.9955988,-0.06816198,-0.05900871,7.975211,186.6107,357.516,0.6870946,0.04108572,-0.7254044,0.1935352,0.02107907,-0.5184785,1.751862,-0.06031075,-4.632278,0.4618679,0.08899054,2.007874,-0.991726,-0.04292064,0.1209872,-0.05900925,0.9893976,-0.1327033,-0.1140088,-0.1387446,-0.9837441,moving,18.08207,-1.643043,12.9543,2.537732,6.099165400873016,-0.14937729128263272
05/04/2023 16:19:26.253124,4159,True,True,True,True,Eyes,2.445653,0.1489313,-2.688512,-0.3117473,0.02792938,-0.9497545,0.0,0.0,0.0,0.0,0.0,0.0,0.0,2.78354,-0.3505586,-2.338595,2.443864,0.1494537,-2.710204,-0.02571905,0.9953873,-0.06627738,-0.06442115,7.773483,187.2383,357.5323,0.6856024,0.04107436,-0.7268155,0.1819231,0.01981433,-0.4873698,1.733694,-0.0556327,-4.634816,0.4586964,0.08697449,2.008125,-0.9903769,-0.04266149,0.1316572,-0.05974015,0.9898917,-0.1286296,-0.1248388,-0.135257,-0.9829144,moving,18.1719,-1.684408,12.86677,2.480004,6.10287949165112,-0.14821780974887
05/04/2023 16:19:26.273192,4160,True,True,True,True,Eyes,2.445492,0.1488575,-2.690483,-0.3133596,0.02861489,-0.9492033,0.0,0.0,0.0,0.0,0.0,0.0,0.0,2.8092,-0.3415586,-2.319152,2.443364,0.1487885,-2.719295,-0.02570159,0.9951212,-0.06486698,-0.06975338,7.624866,187.8569,357.5654,0.6842865,0.04106184,-0.7280553,0.1710077,0.01862547,-0.4581276,1.715834,-0.05285745,-4.637159,0.4553343,0.08483766,2.008392,-0.9889479,-0.04210302,0.1421605,-0.06020179,0.9902634,-0.1255155,-0.1354918,-0.1326866,-0.9818537,moving,18.26956,-1.726728,12.77392,2.418826,6.106883537048656,-0.14700708528884995
05/04/2023 16:19:26.283432,4161,True,True,True,True,Eyes,2.445291,0.1487507,-2.692737,-0.3152114,0.02937,-0.9485669,0.0,0.0,0.0,0.0,0.0,0.0,0.0,2.831405,-0.3360264,-2.302842,2.442594,0.1478512,-2.728502,-0.02521723,0.9948719,-0.0636422,-0.07445621,7.491947,188.406,357.6474,0.6830717,0.04104695,-0.7291961,0.1607472,0.01750794,-0.43064,1.699762,-0.05029626,-4.640313,0.4523472,0.08293846,2.008628,-0.9876408,-0.04069871,0.1513585,-0.05965293,0.9906275,-0.1228765,-0.144939,-0.1303868,-0.980812,moving,18.38179,-1.773454,12.6914,2.364462,6.111460634834817,-0.14565159196602206
05/04/2023 16:19:26.303384,4162,True,True,True,True,Eyes,2.445052,0.1485973,-2.69527,-0.3171674,0.03008737,-0.9478922,0.0,0.0,0.0,0.0,0.0,0.0,0.0,2.849132,-0.3355171,-2.290581,2.441557,0.1467485,-2.737543,-0.02409354,0.9946637,-0.0626939,-0.07831541,7.382486,188.8618,357.7977,0.6819431,0.04102882,-0.7302527,0.1511024,0.01645746,-0.4048015,1.686953,-0.04837279,-4.644458,0.4490598,0.08084902,2.00889,-0.9865727,-0.03811014,0.158816,-0.05774973,0.9909779,-0.1209449,-0.1527739,-0.1284925,-0.9798727,moving,18.50039,-1.818035,12.60054,2.304661,6.116236380189204,-0.14430933429039525
05/04/2023 16:19:26.313124,4163,True,True,True,True,Eyes,2.444751,0.1483836,-2.698065,-0.3193276,0.03086417,-0.9471416,0.0,0.0,0.0,0.0,0.0,0.0,0.0,2.867245,-0.3309997,-2.277969,2.44016,0.1454722,-2.74668,-0.02351105,0.9944276,-0.06155184,-0.08229484,7.255105,189.3274,357.8839,0.6808885,0.04100632,-0.7312375,0.1420362,0.01547002,-0.3805135,1.673432,-0.04652381,-4.648483,0.4457507,0.07874581,2.009152,-0.9853496,-0.03662927,0.1665668,-0.05689087,0.9913172,-0.118548,-0.1607782,-0.1262874,-0.978878,moving,18.63147,-1.866417,12.50904,2.244477,6.121503320573506,-0.14284256627661548
05/04/2023 16:19:26.333182,4164,True,True,True,True,Eyes,2.444395,0.1481008,-2.701124,-0.3215573,0.03156582,-0.9463638,0.0,0.0,0.0,0.0,0.0,0.0,0.0,2.884159,-0.3247469,-2.266547,2.438446,0.1437946,-2.755789,-0.02325564,0.9941814,-0.06046589,-0.08606008,7.136343,189.7657,357.9304,0.679896,0.04097808,-0.7321621,0.1335141,0.01454182,-0.3576826,1.660142,-0.04547746,-4.652635,0.442796,0.0768677,2.009385,-0.9841056,-0.03583325,0.173931,-0.05664806,0.9916061,-0.1162254,-0.1683063,-0.1242309,-0.9778751,moving,18.76683,-1.910384,12.42731,2.190744,6.1268658299101375,-0.1414405895586021
05/04/2023 16:19:26.353439,4165,True,True,True,True,Eyes,2.443964,0.1477605,-2.704427,-0.3239386,0.03232232,-0.9455258,0.0,0.0,0.0,0.0,0.0,0.0,0.0,2.900372,-0.3179334,-2.256042,2.436601,0.1418503,-2.765107,-0.02315276,0.9939241,-0.05946425,-0.08968226,7.028248,190.1863,357.9583,0.6789552,0.04094262,-0.7330365,0.1255032,0.01366931,-0.3362217,1.647551,-0.04535352,-4.657159,0.4396161,0.0748464,2.009638,-0.9828423,-0.0353584,0.1810283,-0.05668995,0.9918559,-0.1140531,-0.1755212,-0.1223587,-0.9768423,moving,18.91154,-1.957865,12.3393,2.132923,6.1326048342048205,-0.13993280544752107
05/04/2023 16:19:26.363437,4166,True,True,True,True,Eyes,2.443453,0.1473631,-2.707968,-0.3263602,0.03299305,-0.9446695,0.0,0.0,0.0,0.0,0.0,0.0,0.0,2.914319,-0.3093942,-2.248079,2.434442,0.1401118,-2.774292,-0.02331278,0.9936963,-0.05832102,-0.09285899,6.905745,190.5537,357.9507,0.6780574,0.04089899,-0.7338696,0.117973,0.01284915,-0.3160484,1.63644,-0.04482353,-4.662253,0.4363858,0.07279333,2.009895,-0.9816676,-0.03550037,0.1872665,-0.0571629,0.9921103,-0.1115772,-0.181828,-0.1202364,-0.9759519,moving,19.05878,-2.00027,12.24986,2.074202,6.13836889842774,-0.13850967817525683
05/04/2023 16:19:26.383454,4167,True,True,True,True,Eyes,2.442849,0.1469218,-2.71173,-0.3289341,0.03371396,-0.9437509,0.0,0.0,0.0,0.0,0.0,0.0,0.0,2.927169,-0.2989388,-2.241448,2.431949,0.1382915,-2.783572,-0.02371636,0.9934768,-0.05705414,-0.09584451,6.771503,190.8974,357.9116,0.6771933,0.0408463,-0.73467,0.1108947,0.0120782,-0.2970855,1.625718,-0.04417416,-4.667731,0.4331983,0.07076727,2.010147,-0.9805027,-0.03618667,0.1931448,-0.05805996,0.9923647,-0.1088178,-0.1877324,-0.1179101,-0.9751173,moving,19.21545,-2.045928,12.16158,2.016267,6.144508969170344,-0.13698530940024642
05/04/2023 16:19:26.403280,4168,True,True,True,True,Eyes,2.44213,0.1464356,-2.715715,-0.3315861,0.03436287,-0.9427989,0.0,0.0,0.0,0.0,0.0,0.0,0.0,2.94004,-0.286877,-2.234097,2.429046,0.1368195,-2.792548,-0.02451866,0.9932268,-0.05583924,-0.09890158,6.64815,191.2469,357.8271,0.676355,0.04078414,-0.7354453,0.104241,0.01135351,-0.2792604,1.614523,-0.0439707,-4.672742,0.429881,0.06865896,2.010411,-0.9792348,-0.03766,0.1992016,-0.05975035,0.9925617,-0.1060722,-0.1937252,-0.1157719,-0.9742011,moving,19.37698,-2.087377,12.06965,1.955988,6.150767810932099,-0.13551939367073082
05/04/2023 16:19:26.413259,4169,True,True,True,True,Eyes,2.441317,0.1459078,-2.7199,-0.3343786,0.03506863,-0.9417862,0.0,0.0,0.0,0.0,0.0,0.0,0.0,2.95512,-0.2746398,-2.223998,2.425951,0.1352653,-2.801925,-0.02527553,0.992914,-0.0545962,-0.1024803,6.522833,191.6572,357.7502,0.6755356,0.04071217,-0.7362021,0.09798651,0.0106723,-0.2625048,1.601158,-0.04370866,-4.677261,0.4265734,0.06655614,2.010673,-0.9777181,-0.03900279,0.2062681,-0.06138293,0.9927608,-0.1032382,-0.2007483,-0.1135992,-0.9730343,moving,19.54727,-2.132497,11.97796,1.89588,6.157384217434379,-0.13394722797965933
05/04/2023 16:19:26.435783,4170,True,True,True,True,Eyes,2.440408,0.14533,-2.72428,-0.3372102,0.03571402,-0.9407517,0.0,0.0,0.0,0.0,0.0,0.0,0.0,2.968678,-0.2665445,-2.214947,2.422976,0.1337158,-2.810941,-0.02537747,0.9926296,-0.05345846,-0.1057569,6.401596,192.0369,357.7466,0.6747295,0.0406302,-0.7369453,0.09210732,0.01003196,-0.2467545,1.588614,-0.04280203,-4.681793,0.4236497,0.06469789,2.010905,-0.976343,-0.03907366,0.2126682,-0.06168807,0.9929964,-0.1007612,-0.2072417,-0.1114966,-0.9719153,moving,19.7201,-2.174092,11.89688,1.842771,6.164045806902243,-0.13243052235147104
05/04/2023 16:19:26.453066,4171,True,True,True,True,Eyes,2.439379,0.144744,-2.728838,-0.3400975,0.03637404,-0.9396865,0.0,0.0,0.0,0.0,0.0,0.0,0.0,2.977267,-0.2655914,-2.211311,2.419718,0.131962,-2.819947,-0.02475211,0.9924309,-0.05291014,-0.1080223,6.336465,192.3036,357.8262,0.6739309,0.04053774,-0.7376809,0.08658088,0.009430042,-0.2319492,1.579886,-0.04363508,-4.687913,0.4204202,0.0626452,2.011162,-0.9754373,-0.03769857,0.2170286,-0.06056046,0.9931756,-0.09967176,-0.21179,-0.1103669,-0.9710637,moving,19.89653,-2.216738,11.80728,1.784116,6.170848508059195,-0.13087875446188785
05/04/2023 16:19:26.463431,4172,True,True,True,True,Eyes,2.438214,0.144169,-2.733571,-0.3430479,0.03695951,-0.9385905,0.0,0.0,0.0,0.0,0.0,0.0,0.0,2.985771,-0.2692345,-2.206434,2.415861,0.1311757,-2.828794,-0.02375197,0.9922041,-0.05268518,-0.1104134,6.30344,192.5869,357.9532,0.6731352,0.04043562,-0.7384126,0.08138603,0.00886424,-0.2180322,1.570053,-0.0442755,-4.693563,0.4172112,0.06060579,2.011417,-0.9744895,-0.03549931,0.221608,-0.05876791,0.9933202,-0.09930384,-0.2166025,-0.109794,-0.9700664,moving,20.07698,-2.255009,11.71821,1.725851,6.177738064042947,-0.12939213145749964
05/04/2023 16:19:26.483545,4173,True,True,True,True,Eyes,2.436934,0.1436896,-2.738458,-0.3460172,0.03759377,-0.9374746,0.0,0.0,0.0,0.0,0.0,0.0,0.0,2.996096,-0.2761608,-2.19886,2.411954,0.1309022,-2.837813,-0.02223772,0.9919307,-0.05248489,-0.1132446,6.266858,192.9243,358.142,0.6723379,0.04032512,-0.7391447,0.07650287,0.008332386,-0.2049503,1.55847,-0.04385998,-4.698633,0.413983,0.05855343,2.011671,-0.9733623,-0.03222929,0.2269959,-0.05600381,0.9935016,-0.09908614,-0.2223273,-0.1091593,-0.968842,moving,20.25885,-2.296394,11.62859,1.66723,6.1847176864463576,-0.1278409367933125
05/04/2023 16:19:26.503425,4174,True,True,True,True,Eyes,2.435533,0.1432393,-2.743499,-0.3490634,0.03834655,-0.9363142,0.0,0.0,0.0,0.0,0.0,0.0,0.0,3.002782,-0.2861437,-2.195333,2.407986,0.1327094,-2.846411,-0.02043609,0.9917517,-0.05211364,-0.1153034,6.204667,193.174,358.3562,0.6715355,0.04020966,-0.7398801,0.0719127,0.007832442,-0.1926533,1.549682,-0.04031064,-4.704673,0.4107476,0.05649722,2.011928,-0.9725749,-0.02851729,0.2308348,-0.05255282,0.993733,-0.09865491,-0.2265748,-0.1080803,-0.9679785,moving,20.44575,-2.345226,11.53873,1.608508,6.191970672456038,-0.12612837370137392
05/04/2023 16:19:26.513199,4175,True,True,True,True,Eyes,2.434002,0.1428245,-2.748701,-0.3521282,0.03916227,-0.9351321,0.0,0.0,0.0,0.0,0.0,0.0,0.0,3.008693,-0.2856327,-2.194228,2.403875,0.1329532,-2.855199,-0.01910256,0.9916421,-0.05046063,-0.1171948,6.001542,193.4015,358.4986,0.6707237,0.04009042,-0.7406226,0.06759793,0.007362496,-0.1810941,1.54144,-0.03399309,-4.71159,0.4074037,0.05437177,2.012193,-0.971801,-0.02605836,0.2343585,-0.04971326,0.9941776,-0.09560033,-0.2305028,-0.1045552,-0.9674383,moving,20.63409,-2.398081,11.44581,1.547821,6.1993260200789795,-0.1243340673753881
05/04/2023 16:19:26.533279,4176,True,True,True,True,Eyes,2.432358,0.142479,-2.754045,-0.3553315,0.03992382,-0.9338874,0.0,0.0,0.0,0.0,0.0,0.0,0.0,3.014614,-0.2733704,-2.194439,2.399279,0.1333643,-2.864238,-0.02006511,0.9914868,-0.04891489,-0.1189906,5.841223,193.6042,358.3786,0.6699007,0.03996887,-0.7413737,0.06354206,0.006920746,-0.1702284,1.533088,-0.0306732,-4.718682,0.4043766,0.05244751,2.012433,-0.9708774,-0.02814776,0.2379182,-0.05142942,0.9944095,-0.09222182,-0.2339923,-0.101772,-0.9668972,moving,20.83114,-2.447912,11.36166,1.49289,6.206951827485524,-0.12255957007181176
05/04/2023 16:19:26.553381,4177,True,True,True,True,Eyes,2.430606,0.1422308,-2.759521,-0.3586447,0.04074369,-0.9325846,0.0,0.0,0.0,0.0,0.0,0.0,0.0,3.023928,-0.2547143,-2.190541,2.394856,0.1346751,-2.872981,-0.0220485,0.9912343,-0.04709431,-0.1214515,5.66539,193.8788,358.1416,0.6690622,0.0398469,-0.7421371,0.05972954,0.006505501,-0.1600147,1.522721,-0.02683163,-4.72438,0.4011576,0.05040155,2.012688,-0.9695268,-0.03227111,0.2428505,-0.05514981,0.994592,-0.08800735,-0.2386971,-0.09871864,-0.9660633,moving,21.03528,-2.501605,11.27215,1.434496,6.214878387911426,-0.12068233309956361
05/04/2023 16:19:26.572761,4178,True,True,True,True,Eyes,2.428518,0.1420706,-2.765035,-0.365362,0.0432259,-0.9298614,0.0,0.0,0.0,0.0,0.0,0.0,0.0,3.0355,-0.238687,-2.183121,2.390488,0.1366393,-2.88169,-0.02376078,0.9909032,-0.04542028,-0.1244322,5.504701,194.2158,357.9397,0.6682075,0.03972732,-0.7429132,0.05614576,0.006115171,-0.1504139,1.510427,-0.02258217,-4.729064,0.3979622,0.04837053,2.012943,-0.9679043,-0.03578578,0.248759,-0.05839277,0.9947448,-0.08410098,-0.2444421,-0.09592741,-0.9649075,moving,21.45091,-2.661558,11.18326,1.376538,6.231662255296481,-0.11590850265071273
05/04/2023 16:19:26.583271,4179,True,True,True,True,Eyes,2.426328,0.1420258,-2.770677,-0.3720454,0.04566154,-0.9270908,0.0,0.0,0.0,0.0,0.0,0.0,0.0,3.046376,-0.2270817,-2.175908,2.386184,0.1383337,-2.890248,-0.0246984,0.9905864,-0.0438376,-0.127306,5.344183,194.5451,357.826,0.6673324,0.03961247,-0.7437055,0.05277701,0.005748261,-0.141389,1.498587,-0.01802471,-4.733787,0.394689,0.04629003,2.013204,-0.9663666,-0.03777022,0.2543806,-0.06009338,0.9949365,-0.08056137,-0.2500497,-0.09313839,-0.9637431,moving,21.8658,-2.819682,11.09217,1.317182,6.24839655839435,-0.1111721983896814
05/04/2023 16:19:26.603373,4180,True,True,True,True,Eyes,2.426328,0.1420258,-2.770677,-0.3720454,0.04566154,-0.9270908,0.0,0.0,0.0,0.0,0.0,0.0,0.0,3.059005,-0.2213163,-2.165625,2.381632,0.1410495,-2.899026,-0.02528105,0.990183,-0.04285069,-0.1306233,5.247872,194.9274,357.7629,0.6664356,0.03950498,-0.7445149,0.04961039,0.005403365,-0.1329057,1.484922,-0.01436041,-4.737756,0.3913747,0.04418282,2.013465,-0.9645971,-0.03887112,0.2608486,-0.06126032,0.9950494,-0.07825546,-0.2565153,-0.09146464,-0.962203,moving,21.8658,-2.819682,10.99991,1.257078,6.24839655839435,-0.1111721983896814
05/04/2023 16:19:26.613410,4181,True,True,True,True,Eyes,2.426328,0.1420258,-2.770677,-0.3720454,0.04566154,-0.9270908,0.0,0.0,0.0,0.0,0.0,0.0,0.0,3.073861,-0.214488,-2.151904,2.376943,0.1436919,-2.907714,-0.02532334,0.9897312,-0.04112992,-0.1345339,5.06172,195.3822,357.7527,0.6656278,0.03940821,-0.7452423,0.04663377,0.005079163,-0.1249314,1.468691,-0.007198749,-4.740696,0.3881532,0.04213537,2.013721,-0.962519,-0.03905986,0.2683879,-0.06119333,0.9953341,-0.07460143,-0.2642218,-0.08822881,-0.9604182,moving,21.8658,-2.819682,10.91019,1.19869,6.24839655839435,-0.1111721983896814
05/04/2023 16:19:26.633198,4182,True,True,True,True,Eyes,2.423565,0.1422356,-2.777104,-0.3800891,0.04848083,-0.9236785,0.0,0.0,0.0,0.0,0.0,0.0,0.0,3.090197,-0.2067041,-2.136025,2.372145,0.1460895,-2.916544,-0.02551382,0.9892053,-0.03945034,-0.1388006,4.883595,195.8777,357.7265,0.6648998,0.03932104,-0.7458965,0.04383574,0.004774414,-0.1174355,1.450924,-0.000564862,-4.742965,0.3851023,0.04019645,2.013964,-0.9601669,-0.03952536,0.2766176,-0.06142827,0.9955854,-0.0709663,-0.2725914,-0.08513163,-0.9583562,moving,22.36692,-3.004509,10.8252,1.143407,6.268530361583286,-0.10556732179534806
05/04/2023 16:19:26.653205,4183,True,True,True,True,Eyes,2.42074,0.142476,-2.783606,-0.3882262,0.05125273,-0.9201378,0.0,0.0,0.0,0.0,0.0,0.0,0.0,3.113158,-0.193471,-2.110744,2.367638,0.1473893,-2.925233,-0.02639271,0.9884257,-0.03776852,-0.1445388,4.72034,196.5411,357.6275,0.6641163,0.03924515,-0.7465983,0.0412056,0.004487948,-0.1103893,1.428291,0.003889385,-4.742213,0.3819194,0.03817321,2.014215,-0.956824,-0.04125643,0.2877254,-0.0630925,0.9957539,-0.06703322,-0.2837382,-0.0822923,-0.9553642,moving,22.87594,-3.188146,10.73651,1.085734,6.288929263664505,-0.09995122436579454
05/04/2023 16:19:26.672932,4184,True,True,True,True,Eyes,2.417915,0.1427159,-2.790194,-0.3968455,0.05396322,-0.9162979,0.0,0.0,0.0,0.0,0.0,0.0,0.0,3.134499,-0.1792784,-2.087165,2.363217,0.1486648,-2.933698,-0.02749693,0.9876547,-0.03613044,-0.149923,4.566357,197.1632,357.5,0.663281,0.03918023,-0.7473438,0.03873326,0.004218671,-0.103766,1.407282,0.007739588,-4.741762,0.3786036,0.03606568,2.014478,-0.9535341,-0.04348137,0.2981313,-0.06514852,0.9958771,-0.06312395,-0.2941574,-0.07961366,-0.9524354,moving,23.41727,-3.370408,10.64408,1.02567,6.310456893298341,-0.09422359671890945
05/04/2023 16:19:26.693232,4185,True,True,True,True,Eyes,2.415056,0.1429433,-2.796846,-0.4055065,0.05654859,-0.9123414,0.0,0.0,0.0,0.0,0.0,0.0,0.0,3.160221,-0.1658237,-2.056672,2.359439,0.1485929,-2.941999,-0.02912222,0.986651,-0.03555857,-0.1562287,4.546449,197.8895,357.3346,0.6623977,0.03912504,-0.7481297,0.03640927,0.003965551,-0.09754003,1.383601,0.005450042,-4.738812,0.3755286,0.0341109,2.014722,-0.9494891,-0.0463564,0.3103575,-0.06857748,0.9957749,-0.06106834,-0.3062153,-0.07926726,-0.9486566,moving,23.96361,-3.54676,10.55833,0.969972,6.332086935363181,-0.08858575816352832
05/04/2023 16:19:26.703703,4186,True,True,True,True,Eyes,2.343154,0.1481314,-2.964848,-0.6124587,0.1145759,-0.7821552,0.0,0.0,0.0,0.0,0.0,0.0,0.0,3.183076,-0.1591973,-2.029556,2.35587,0.148532,-2.950293,-0.02990539,0.985721,-0.03537404,-0.1618908,4.555267,198.5449,357.2686,0.6614698,0.03907824,-0.7489526,0.0,0.0,0.0,1.362669,0.00273118,-4.736927,0.3722906,0.03205275,2.014979,-0.9457941,-0.04750327,0.321274,-0.07041019,0.9957087,-0.06005505,-0.3170425,-0.07942068,-0.94508,moving,38.06236,-8.333841,10.46801,0.9113408,6.893277990539924,0.06134264290011182
05/04/2023 16:19:26.713339,4187,True,True,True,True,Eyes,2.343022,0.1481104,-2.965181,-0.6127389,0.1145575,-0.7819384,0.0,0.0,0.0,0.0,0.0,0.0,0.0,3.203073,-0.1559887,-2.005939,2.352187,0.1482889,-2.958551,-0.03015105,0.9848725,-0.03526651,-0.1669537,4.561763,199.1333,357.2622,0.6570473,0.03909802,-0.7528343,-0.2157068,0.01556419,-0.5040064,1.344158,8.757599e-05,-4.736196,0.3686881,0.02976297,2.015264,-0.9424349,-0.04761412,0.3309828,-0.07116562,0.9956943,-0.05939837,-0.3267295,-0.07953368,-0.9417655,moving,38.08279,-8.334793,10.36749,0.8461268,6.89401491351361,0.06144740232282708
05/04/2023 16:19:26.733477,4188,True,True,True,True,Eyes,2.342756,0.1480951,-2.965835,-0.6132698,0.1145577,-0.7815221,0.0,0.0,0.0,0.0,0.0,0.0,0.0,3.221386,-0.1582752,-1.984671,2.348845,0.147772,-2.966882,-0.02981749,0.9840765,-0.03563049,-0.1715667,4.609121,199.6719,357.3285,0.6532677,0.03911013,-0.7561157,-0.2027644,0.01463034,-0.473766,1.326767,-0.003256285,-4.735906,0.3660024,0.02805609,2.015479,-0.9393519,-0.04645937,0.3397942,-0.07091138,0.9956828,-0.05989487,-0.3355446,-0.08035761,-0.9385909,moving,38.1217,-8.339185,10.29251,0.7975234,6.895451290673088,0.06169539723980505
05/04/2023 16:19:26.753278,4189,True,True,True,True,Eyes,2.342358,0.148124,-2.966798,-0.6140019,0.1146839,-0.7809285,0.0,0.0,0.0,0.0,0.0,0.0,0.0,3.237816,-0.1613093,-1.966235,2.345444,0.1479843,-2.975321,-0.02910007,0.9833614,-0.03553062,-0.175759,4.594778,200.164,357.4273,0.649935,0.03911788,-0.7589819,-0.1905985,0.01375252,-0.44534,1.311277,-0.003830412,-4.736831,0.3627724,0.02600281,2.015735,-0.9365241,-0.04474212,0.3477371,-0.06972142,0.9957815,-0.05964968,-0.3436013,-0.08010807,-0.9356929,moving,38.17606,-8.354501,10.20232,0.7390696,6.897575014896893,0.062214421929595254
05/04/2023 16:19:26.763471,4190,True,True,True,True,Eyes,2.341846,0.1482075,-2.96806,-0.6148562,0.1148927,-0.7802253,0.0,0.0,0.0,0.0,0.0,0.0,0.0,3.252689,-0.1614264,-1.950116,2.34192,0.1489492,-2.98366,-0.02820916,0.9827243,-0.03447277,-0.1796353,4.467247,200.6213,357.5246,0.6469064,0.03912449,-0.7615646,-0.1791626,0.01292737,-0.4186196,1.296759,0.0002470138,-4.738525,0.3594552,0.02389472,2.015998,-0.9338708,-0.0430586,0.3550088,-0.06782871,0.9960317,-0.05761973,-0.351119,-0.07788918,-0.9330855,moving,38.23987,-8.376932,10.10968,0.6790695,6.9001246782949295,0.06290736744827635
05/04/2023 16:19:26.783568,4191,True,True,True,True,Eyes,2.341229,0.1483411,-2.969617,-0.6159171,0.1151972,-0.7793432,0.0,0.0,0.0,0.0,0.0,0.0,0.0,3.266932,-0.15929,-1.935211,2.338439,0.1502235,-2.992055,-0.02727731,0.9821191,-0.03283846,-0.1833569,4.272811,201.0611,357.6128,0.644148,0.03913144,-0.7638988,-0.1684129,0.01215173,-0.3935024,1.282579,0.007048267,-4.740589,0.3563613,0.02192804,2.016243,-0.9312724,-0.04153682,0.3619481,-0.06562145,0.9963552,-0.05449959,-0.3583651,-0.07450552,-0.9306039,moving,38.31942,-8.408187,10.02324,0.623107,6.903345211454617,0.06383310191657232
05/04/2023 16:19:26.803551,4192,True,True,True,True,Eyes,2.340526,0.1485049,-2.971442,-0.6170852,0.1154284,-0.7783844,0.0,0.0,0.0,0.0,0.0,0.0,0.0,3.282113,-0.1544444,-1.9199,2.335405,0.1516317,-3.000838,-0.02686895,0.9814662,-0.03123462,-0.1871544,4.092606,201.5078,357.6413,0.6416287,0.03913997,-0.7660156,-0.1583081,0.01142262,-0.3698923,1.268803,0.01303937,-4.742826,0.3531502,0.01988703,2.016498,-0.9285026,-0.04105052,0.3690499,-0.06443331,0.9966049,-0.05125416,-0.365693,-0.07136872,-0.9279953,moving,38.40657,-8.43505,9.9335,0.5650421,6.906779389402122,0.06470859345246455
05/04/2023 16:19:26.823621,4193,True,True,True,True,Eyes,2.339719,0.1486934,-2.973516,-0.6184522,0.1155615,-0.7772789,0.0,0.0,0.0,0.0,0.0,0.0,0.0,3.296978,-0.1529854,-1.903803,2.332401,0.1525179,-3.00908,-0.02673198,0.980765,-0.03072392,-0.1908972,4.041098,201.9463,357.6613,0.6393214,0.03915062,-0.7679418,-0.1488096,0.01073726,-0.3476987,1.255741,0.01375633,-4.744446,0.3496398,0.01765545,2.016777,-0.9256876,-0.04070536,0.3760933,-0.0641658,0.9966829,-0.05005976,-0.372808,-0.070472,-0.9252289,moving,38.50798,-8.45647,9.835361,0.5015712,6.910650091529397,0.06554240343166262
05/04/2023 16:19:26.843631,4194,True,True,True,True,Eyes,2.338813,0.1489426,-2.975817,-0.6198781,0.1154162,-0.7761638,0.0,0.0,0.0,0.0,0.0,0.0,0.0,3.312192,-0.1573837,-1.885857,2.329145,0.1533155,-3.017186,-0.02697604,0.9799604,-0.03185115,-0.1947699,4.182523,202.3975,357.6748,0.6372006,0.03916375,-0.7697018,-0.139881,0.01009303,-0.3268368,1.241804,0.007862978,-4.744982,0.3466206,0.01573683,2.017016,-0.922674,-0.04046361,0.3834519,-0.06527819,0.9965156,-0.0519175,-0.380015,-0.07293398,-0.9221004,moving,38.61238,-8.457951,9.750936,0.4470145,6.91437273650943,0.0660141315351448
05/04/2023 16:19:26.853223,4195,True,True,True,True,Eyes,2.337812,0.1492283,-2.978332,-0.6215299,0.1151641,-0.7748793,0.0,0.0,0.0,0.0,0.0,0.0,0.0,3.327887,-0.1666425,-1.866236,2.326068,0.1550765,-3.025029,-0.0271223,0.9790958,-0.03366666,-0.1987524,4.39931,202.862,357.7164,0.6352443,0.03918063,-0.7713163,-0.1314882,0.009487447,-0.3072266,1.228301,0.0001179185,-4.744984,0.3430403,0.01346102,2.017299,-0.9195237,-0.039728,0.3910215,-0.06649331,0.9962619,-0.05514452,-0.387369,-0.07670701,-0.9187282,moving,38.73306,-8.453533,9.650792,0.3823172,6.918597756682693,0.06644419528665985
05/04/2023 16:19:26.863707,4196,True,True,True,True,Eyes,2.336727,0.1495283,-2.981058,-0.6232632,0.1147497,-0.7735474,0.0,0.0,0.0,0.0,0.0,0.0,0.0,3.345237,-0.1744768,-1.84304,2.322848,0.1562619,-3.032789,-0.02718148,0.9781141,-0.0352521,-0.2032522,4.589171,203.3885,357.7667,0.6334319,0.03920179,-0.7728043,-0.1235989,0.008918201,-0.288793,1.212118,-0.006741893,-4.743345,0.3402402,0.01168134,2.017521,-0.9158993,-0.03884303,0.3995241,-0.0675033,0.9960369,-0.05791174,-0.3956912,-0.08001052,-0.9148917,moving,38.85912,-8.437845,9.572445,0.3317358,6.922869999791977,0.06668529081597052
05/04/2023 16:19:26.883653,4197,True,True,True,True,Eyes,2.335569,0.1498276,-2.983979,-0.6252483,0.1142605,-0.7720162,0.0,0.0,0.0,0.0,0.0,0.0,0.0,3.363344,-0.1819903,-1.818079,2.319666,0.1569309,-3.040581,-0.02703524,0.9770685,-0.03666162,-0.207996,4.754603,203.9455,357.8389,0.6317459,0.03922706,-0.7741819,-0.1161829,0.008383108,-0.2714655,1.195573,-0.01342957,-4.741306,0.3369542,0.009592377,2.017782,-0.9120136,-0.03757962,0.4084349,-0.06808149,0.99585,-0.06039538,-0.4044703,-0.08288825,-0.9107873,moving,39.00367,-8.418812,9.480479,0.2723776,6.927755573637962,0.06694212622813989
05/04/2023 16:19:26.893181,4198,True,True,True,True,Eyes,2.334343,0.1501257,-2.987091,-0.6273,0.113692,-0.7704341,0.0,0.0,0.0,0.0,0.0,0.0,0.0,3.383334,-0.1939712,-1.78883,2.316828,0.1572279,-3.048291,-0.02630539,0.9758862,-0.03841176,-0.2132571,4.944495,204.5669,357.9891,0.6301702,0.03925593,-0.7754635,-0.109212,0.007880121,-0.2551775,1.177233,-0.02067892,-4.737578,0.3340369,0.007738166,2.018013,-0.9076588,-0.03495898,0.4182503,-0.0677253,0.9956651,-0.06375137,-0.4142085,-0.08619062,-0.9060917,moving,39.15305,-8.394485,9.398812,0.2197023,6.932745025334396,0.06711998621783183
05/04/2023 16:19:26.913128,4199,True,True,True,True,Eyes,2.333042,0.1504191,-2.990386,-0.629553,0.1131127,-0.7686797,0.0,0.0,0.0,0.0,0.0,0.0,0.0,3.400753,-0.204333,-1.763642,2.313811,0.157509,-3.05594,-0.02552685,0.9748207,-0.03973785,-0.2179312,5.083116,205.1208,358.1332,0.6286908,0.0392879,-0.7766618,-0.1026592,0.007407314,-0.2398669,1.160991,-0.02635675,-4.735253,0.3308541,0.005715095,2.018266,-0.9037089,-0.03244797,0.4269164,-0.06708845,0.9955386,-0.06634838,-0.4228589,-0.08860076,-0.901854,moving,39.31767,-8.371108,9.309688,0.1622432,6.9382872503701805,0.06738050110855498
05/04/2023 16:19:26.933112,4200,True,True,True,True,Eyes,2.331656,0.150714,-2.993855,-0.6318444,0.1125595,-0.7668788,0.0,0.0,0.0,0.0,0.0,0.0,0.0,3.418164,-0.2136865,-1.738173,2.310754,0.1576943,-3.063707,-0.02464751,0.9737327,-0.04076007,-0.2226561,5.184011,205.6822,358.2825,0.6272948,0.03932245,-0.777788,-0.0964997,0.006962875,-0.2254749,1.144484,-0.03076912,-4.732872,0.3277119,0.00371778,2.018517,-0.8996337,-0.02984921,0.4356244,-0.06615113,0.9954623,-0.068403,-0.4316058,-0.09035468,-0.897526,moving,39.48569,-8.350032,9.221672,0.1055294,6.943979423627109,0.0676987242366488
05/04/2023 16:19:26.953117,4201,True,True,True,True,Eyes,2.330209,0.1510215,-2.997501,-0.6343441,0.1121197,-0.764877,0.0,0.0,0.0,0.0,0.0,0.0,0.0,3.435714,-0.2173526,-1.712625,2.307625,0.1580451,-3.071539,-0.02395351,0.9726357,-0.04081333,-0.2274646,5.1803,206.2528,358.3873,0.6259704,0.03935927,-0.7788525,-0.09070972,0.006545103,-0.2119464,1.127668,-0.03167016,-4.730587,0.3244776,0.001662105,2.018772,-0.895372,-0.0280289,0.4444357,-0.06516325,0.995521,-0.06849585,-0.4405252,-0.09029016,-0.8931882,moving,39.67032,-8.339325,9.131067,0.04717304,6.950393023183691,0.06828247687003702
05/04/2023 16:19:26.963327,4202,True,True,True,True,Eyes,2.328721,0.151313,-3.001339,-0.6368643,0.1118509,-0.7628193,0.0,0.0,0.0,0.0,0.0,0.0,0.0,3.453721,-0.2121454,-1.687169,2.304651,0.1586343,-3.079472,-0.02394192,0.9715244,-0.0398297,-0.232338,5.078256,206.8277,358.3885,0.6247069,0.03939837,-0.7798643,-0.08526713,0.006152397,-0.1992296,1.110822,-0.02944971,-4.728434,0.321282,-0.0003692135,2.019024,-0.8908918,-0.02801242,0.4533511,-0.06502822,0.9956807,-0.06626581,-0.4495367,-0.08851628,-0.8888654,moving,39.85791,-8.34174,9.041519,-0.01047753,6.957078880260925,0.06912547005135433
05/04/2023 16:19:26.983605,4203,True,True,True,True,Eyes,2.327176,0.1515857,-3.005343,-0.6395885,0.1116961,-0.7605593,0.0,0.0,0.0,0.0,0.0,0.0,0.0,3.4721,-0.2028087,-1.660958,2.301549,0.1585756,-3.087574,-0.02401374,0.970368,-0.03823695,-0.2373758,4.911011,207.4218,358.3636,0.6234957,0.03943897,-0.780831,-0.0801511,0.005783253,-0.1872758,1.093359,-0.02577903,-4.726152,0.31801,-0.00244911,2.019285,-0.8861522,-0.02845128,0.4625203,-0.06475738,0.9959226,-0.06280725,-0.4588474,-0.08560837,-0.8843814,moving,40.06199,-8.354763,8.949801,-0.06949174,6.96448495260664,0.07023797502005719
05/04/2023 16:19:27.003543,4204,True,True,True,True,Eyes,2.325568,0.15183,-3.009511,-0.6423061,0.1116426,-0.7582736,0.0,0.0,0.0,0.0,0.0,0.0,0.0,3.490915,-0.1926059,-1.633824,2.298809,0.1583283,-3.095701,-0.02402509,0.9691688,-0.03643484,-0.2425022,4.719361,208.0274,358.3384,0.6223289,0.0394803,-0.7817591,-0.07534204,0.005436258,-0.1760393,1.075959,-0.02141632,-4.723579,0.3147715,-0.004507162,2.019543,-0.8812312,-0.02889768,0.4718019,-0.06423981,0.9961906,-0.05897073,-0.4683005,-0.08227528,-0.8797306,moving,40.26673,-8.375634,8.858995,-0.1278709,6.972014466265827,0.07150080560412392
05/04/2023 16:19:27.013262,4205,True,True,True,True,Eyes,2.323908,0.1520384,-3.01383,-0.645207,0.1116838,-0.7558007,0.0,0.0,0.0,0.0,0.0,0.0,0.0,3.508918,-0.1913099,-1.606102,2.295659,0.1578804,-3.103818,-0.02322397,0.9679301,-0.03549164,-0.2476135,4.600521,208.6358,358.4259,0.6211986,0.03952147,-0.7826555,-0.07082152,0.005110082,-0.1654769,1.058399,-0.01931904,-4.720734,0.3113322,-0.006693281,2.019817,-0.8762966,-0.02738195,0.4809937,-0.06253478,0.996402,-0.05720571,-0.4776966,-0.08020799,-0.8748559,moving,40.4865,-8.405703,8.762545,-0.1898664,6.980194428036975,0.07300043645281362
05/04/2023 16:19:27.033252,4206,True,True,True,True,Eyes,2.322186,0.1522061,-3.018297,-0.6480864,0.111766,-0.7533209,0.0,0.0,0.0,0.0,0.0,0.0,0.0,3.526732,-0.194407,-1.577834,2.292795,0.1571988,-3.111844,-0.02196228,0.9666648,-0.03492306,-0.2526999,4.509105,209.244,358.5739,0.6200989,0.03956145,-0.783525,-0.06657223,0.004803477,-0.1555483,1.040759,-0.01776715,-4.717328,0.3084405,-0.008531727,2.020044,-0.871321,-0.02481023,0.4900862,-0.06011043,0.996596,-0.05641805,-0.4870182,-0.07861751,-0.8698463,moving,40.7056,-8.439095,8.681441,-0.2419893,6.988392973705919,0.07455968125278128
05/04/2023 16:19:27.053439,4207,True,True,True,True,Eyes,2.320411,0.1523415,-3.022909,-0.6511902,0.111866,-0.7506247,0.0,0.0,0.0,0.0,0.0,0.0,0.0,3.545276,-0.1997786,-1.546808,2.28972,0.1563833,-3.119972,-0.02067927,0.965264,-0.03483158,-0.2581174,4.468943,209.8927,358.739,0.6190236,0.0395992,-0.7843728,-0.0625779,0.004515269,-0.1462154,1.022227,-0.01827172,-4.713033,0.3052274,-0.01057378,2.020299,-0.8658958,-0.02194064,0.4997434,-0.05790319,0.9967182,-0.05656799,-0.4968622,-0.07791871,-0.8643246,moving,40.94265,-8.476438,8.59129,-0.2998702,6.997278683852878,0.07626951338777072
05/04/2023 16:19:27.063646,4208,True,True,True,True,Eyes,2.318599,0.1524296,-3.027671,-0.6543643,0.1119141,-0.747852,0.0,0.0,0.0,0.0,0.0,0.0,0.0,3.564346,-0.2013609,-1.514329,2.286671,0.1558024,-3.128123,-0.02011146,0.9637679,-0.03480494,-0.2636965,4.456052,210.5587,358.827,0.617968,0.03963402,-0.785203,-0.05882322,0.004244353,-0.1374425,1.003487,-0.01995946,-4.708168,0.3019549,-0.01265381,2.020559,-0.8601195,-0.02040966,0.5096843,-0.05712143,0.9967683,-0.05648113,-0.5068843,-0.07769442,-0.8585057,moving,41.18565,-8.511007,8.499454,-0.3588116,7.00634012442899,0.07795250075471494
05/04/2023 16:19:27.089273,4209,True,True,True,True,Eyes,2.316747,0.1524656,-3.032572,-0.6577476,0.1119513,-0.7448725,0.0,0.0,0.0,0.0,0.0,0.0,0.0,3.584661,-0.2020498,-1.478603,2.28381,0.1546926,-3.136425,-0.01971705,0.9621165,-0.034945,-0.2696704,4.466519,211.2724,358.9026,0.6169271,0.03966486,-0.7860196,-0.05529383,0.003989691,-0.1291959,0.9837466,-0.02303034,-4.702121,0.2987483,-0.01469228,2.020814,-0.8537785,-0.01909294,0.5202866,-0.05678747,0.9967802,-0.05660812,-0.5175307,-0.07787655,-0.8521137,moving,41.44559,-8.547349,8.409446,-0.4165604,7.016025138303838,0.0797408411004864
05/04/2023 16:19:27.103719,4210,True,True,True,True,Eyes,2.314867,0.1524445,-3.037618,-0.6610906,0.1119039,-0.7419143,0.0,0.0,0.0,0.0,0.0,0.0,0.0,3.603977,-0.2015791,-1.444681,2.281089,0.1534811,-3.144751,-0.01960587,0.9605008,-0.03520697,-0.2753443,4.498291,211.9505,358.9496,0.6158983,0.03969065,-0.7868246,-0.0519762,0.00375031,-0.1214442,0.9653134,-0.02710608,-4.696674,0.2955436,-0.0167295,2.021068,-0.8476025,-0.01827483,0.5303172,-0.05705098,0.9967521,-0.05683591,-0.5275562,-0.07842936,-0.8458923,moving,41.70298,-8.577344,8.319475,-0.4742581,7.025538790871818,0.08139903430194106
05/04/2023 16:19:27.113126,4211,True,True,True,True,Eyes,2.31294,0.1523667,-3.042801,-0.6646143,0.1118732,-0.738764,0.0,0.0,0.0,0.0,0.0,0.0,0.0,3.622125,-0.2012399,-1.412223,2.27811,0.1522284,-3.153047,-0.01930081,0.9589215,-0.03523944,-0.2808121,4.497954,212.6056,359.01,0.6148776,0.03971031,-0.7876216,-0.04885763,0.003525291,-0.1141575,0.9474909,-0.03015911,-4.691778,0.2921347,-0.0188962,2.021338,-0.8415442,-0.01722461,0.5399137,-0.05680723,0.9967713,-0.05674389,-0.5371931,-0.0784235,-0.8398057,moving,41.9755,-8.611043,8.223754,-0.5356061,7.035636415447144,0.0831911818392983
05/04/2023 16:19:27.133238,4212,True,True,True,True,Eyes,2.310996,0.1522339,-3.048124,-0.6681001,0.1117307,-0.7356347,0.0,0.0,0.0,0.0,0.0,0.0,0.0,3.640674,-0.19911,-1.379389,2.275383,0.1506377,-3.161772,-0.01924527,0.9572891,-0.03529012,-0.2863248,4.507322,213.2662,359.0437,0.6138614,0.03972289,-0.7884132,-0.04592617,0.003313774,-0.1073081,0.9296572,-0.03382548,-4.686822,0.289057,-0.02085231,2.021582,-0.8352957,-0.01663769,0.5495496,-0.05705544,0.9967685,-0.0565449,-0.5468329,-0.0785865,-0.8335456,moving,42.24559,-8.636271,8.137309,-0.5909762,7.045539864479625,0.08481376747062536
05/04/2023 16:19:27.153189,4213,True,True,True,True,Eyes,2.309014,0.1520477,-3.053576,-0.6717569,0.1116051,-0.7323162,0.0,0.0,0.0,0.0,0.0,0.0,0.0,3.65787,-0.1944538,-1.349361,2.272756,0.1492314,-3.170317,-0.01967346,0.9557433,-0.03537794,-0.2914039,4.536279,213.874,359.0236,0.612848,0.03972756,-0.7892009,-0.0431706,0.003114947,-0.1008696,0.913457,-0.03821737,-4.68269,0.2860586,-0.02275769,2.02182,-0.8293934,-0.016987,0.5584066,-0.05822409,0.9967228,-0.05615862,-0.5556226,-0.07909031,-0.8276643,moving,42.5303,-8.665214,8.053082,-0.6448965,7.056009332596039,0.08656834577923472
05/04/2023 16:19:27.163626,4214,True,True,True,True,Eyes,2.307018,0.1518115,-3.059174,-0.6753867,0.1113752,-0.729005,0.0,0.0,0.0,0.0,0.0,0.0,0.0,3.6752,-0.1836182,-1.318766,2.269925,0.1477618,-3.178924,-0.02052576,0.9541476,-0.03473795,-0.296605,4.500417,214.4947,358.9331,0.6118346,0.03972365,-0.7899871,-0.04058037,0.00292805,-0.09481739,0.8969317,-0.04086856,-4.678493,0.2828518,-0.02479599,2.022074,-0.8232085,-0.01856231,0.5674359,-0.05977611,0.9967439,-0.05411416,-0.5645838,-0.07846635,-0.8216376,moving,42.81356,-8.686314,7.962979,-0.7025632,7.066327396522774,0.08816933352281658
05/04/2023 16:19:27.183485,4215,True,True,True,True,Eyes,2.305005,0.1515689,-3.064893,-0.6791795,0.111121,-0.7255117,0.0,0.0,0.0,0.0,0.0,0.0,0.0,3.69345,-0.1733289,-1.285542,2.267326,0.1461929,-3.187803,-0.02166049,0.9524054,-0.03464025,-0.3020841,4.535094,215.1497,358.8314,0.6108196,0.03971061,-0.7907727,0.0,0.0,0.0,0.8800001,-0.04613403,-4.673426,0.2796581,-0.02682608,2.022327,-0.8165521,-0.0203306,0.5769138,-0.06218769,0.9966618,-0.05289654,-0.5739126,-0.07906971,-0.8150904,moving,43.11085,-8.707878,7.873229,-0.7599812,7.0771491126525525,0.08983869609277761
05/04/2023 16:19:27.203812,4216,True,True,True,True,Eyes,2.30298,0.1513295,-3.070733,-0.6828987,0.1108419,-0.7220551,0.0,0.0,0.0,0.0,0.0,0.0,0.0,3.711085,-0.167193,-1.252803,2.26499,0.1459665,-3.196581,-0.0225554,0.9506778,-0.03483006,-0.3073922,4.5938,215.7867,358.7656,0.6098014,0.0396891,-0.7915593,0.0,0.0,0.0,0.8640168,-0.05075645,-4.668537,0.2764016,-0.02889648,2.022585,-0.8100025,-0.02147285,0.5860332,-0.06429882,0.9965562,-0.05235761,-0.5828907,-0.08009103,-0.8085937,moving,43.40357,-8.727288,7.781703,-0.8185238,7.087781246394805,0.09144813896958259
05/04/2023 16:19:27.213380,4217,True,True,True,True,Eyes,2.300946,0.1510762,-3.076685,-0.6867297,0.110572,-0.7184539,0.0,0.0,0.0,0.0,0.0,0.0,0.0,3.727614,-0.1647985,-1.221805,2.262652,0.1458115,-3.205342,-0.02266983,0.9490288,-0.03474416,-0.3124473,4.595042,216.3969,358.7746,0.608778,0.03965997,-0.792348,0.0,0.0,0.0,0.8487824,-0.05300819,-4.664412,0.2730119,-0.03105047,2.022854,-0.8037257,-0.0213172,0.5946183,-0.06474008,0.9965578,-0.05178016,-0.5914676,-0.08011267,-0.8023393,moving,43.70668,-8.749328,7.686404,-0.8794115,7.0988155038553655,0.09315119451746323
05/04/2023 16:19:27.233453,4218,True,True,True,True,Eyes,2.298911,0.1508141,-3.082761,-0.6904482,0.1102818,-0.7149259,0.0,0.0,0.0,0.0,0.0,0.0,0.0,3.743141,-0.1643214,-1.192528,2.260345,0.1452237,-3.214029,-0.02255035,0.9474413,-0.0348287,-0.3172278,4.606011,216.9761,358.8139,0.6077492,0.03962355,-0.7931392,0.0,0.0,0.0,0.8342016,-0.05568098,-4.660626,0.2699665,-0.0329863,2.023097,-0.7977161,-0.02063299,0.6026803,-0.06482752,0.9965569,-0.05168911,-0.5995387,-0.0803035,-0.796307,moving,44.00217,-8.769118,7.600774,-0.9341167,7.109550751384084,0.0947795578130618
05/04/2023 16:19:27.253363,4219,True,True,True,True,Eyes,2.296866,0.1505751,-3.088933,-0.6942417,0.1099193,-0.7112989,0.0,0.0,0.0,0.0,0.0,0.0,0.0,3.757198,-0.1644839,-1.167481,2.258073,0.1447609,-3.222849,-0.02281515,0.9459977,-0.03550923,-0.321414,4.694885,217.4837,358.8306,0.6067142,0.03958027,-0.7939333,0.0,0.0,0.0,0.8218392,-0.06115126,-4.658529,0.2667978,-0.03500023,2.023348,-0.7923449,-0.02033984,0.6097341,-0.06599249,0.9964371,-0.05251708,-0.6064935,-0.08184952,-0.7908642,moving,44.30471,-8.784614,7.511663,-0.9910141,7.120481380567148,0.09635718179019048
05/04/2023 16:19:27.263625,4220,True,True,True,True,Eyes,2.294829,0.1503379,-3.095212,-0.6978959,0.1095419,-0.7077725,0.0,0.0,0.0,0.0,0.0,0.0,0.0,3.770305,-0.1603386,-1.144957,2.25581,0.1450995,-3.231422,-0.02384633,0.9446408,-0.03612487,-0.3252389,4.804813,217.9451,358.7606,0.6056713,0.03953131,-0.7947317,0.0,0.0,0.0,0.8109631,-0.06705383,-4.657326,0.2634752,-0.03711274,2.023611,-0.7873024,-0.021554,0.6161908,-0.06855086,0.9962527,-0.05273854,-0.612745,-0.08376156,-0.7858296,moving,44.59743,-8.797856,7.418211,-1.050679,7.131034900066556,0.09785068433049138
05/04/2023 16:19:27.283463,4221,True,True,True,True,Eyes,2.292774,0.1500888,-3.101581,-0.7016228,0.1090816,-0.7041495,0.0,0.0,0.0,0.0,0.0,0.0,0.0,3.782984,-0.1534257,-1.123488,2.253677,0.1450533,-3.23985,-0.02500559,0.943326,-0.03640519,-0.3289158,4.883696,218.388,358.6642,0.6046212,0.03947723,-0.7955337,0.0,0.0,0.0,0.8005357,-0.07223056,-4.656355,0.2603632,-0.03909062,2.023859,-0.7823784,-0.02322836,0.6223702,-0.07112533,0.9960988,-0.05223446,-0.6187289,-0.08513339,-0.7809783,moving,44.89702,-8.805842,7.330659,-1.106524,7.1417651542410505,0.09927459944265171
05/04/2023 16:19:27.303445,4222,True,True,True,True,Eyes,2.290726,0.1498447,-3.108038,-0.705269,0.1085822,-0.7005752,0.0,0.0,0.0,0.0,0.0,0.0,0.0,3.795291,-0.1435264,-1.103335,2.251218,0.144414,-3.248591,-0.02677816,0.9420117,-0.03701309,-0.3324561,5.022023,218.8129,358.5136,0.6035634,0.03941821,-0.7963395,0.0,0.0,0.0,0.790558,-0.08037284,-4.655999,0.2571622,-0.04112536,2.024112,-0.7775118,-0.02584022,0.6283373,-0.07506113,0.9958259,-0.05192839,-0.6243727,-0.08753864,-0.776206,moving,45.1913,-8.810174,7.240602,-1.16396,7.1522604550102695,0.10060725291033296
05/04/2023 16:19:27.313072,4223,True,True,True,True,Eyes,2.288658,0.1496411,-3.114582,-0.7089677,0.1079971,-0.6969228,0.0,0.0,0.0,0.0,0.0,0.0,0.0,3.807506,-0.1333189,-1.082879,2.249136,0.1443074,-3.257002,-0.02836957,0.9407077,-0.03721009,-0.3359756,5.110142,219.2357,358.3677,0.6024974,0.03935478,-0.7971494,0.0,0.0,0.0,0.7810515,-0.0862574,-4.655559,0.2538357,-0.04324017,2.024374,-0.7726313,-0.02837158,0.634221,-0.07837831,0.9956212,-0.05094466,-0.6299984,-0.0890706,-0.7714717,moving,45.49087,-8.808655,7.146999,-1.223639,7.162868853674775,0.10185241682233881
05/04/2023 16:19:27.333334,4224,True,True,True,True,Eyes,2.286584,0.1495606,-3.121204,-0.7126067,0.107574,-0.6932673,0.0,0.0,0.0,0.0,0.0,0.0,0.0,3.819037,-0.1217867,-1.064494,2.246634,0.1450999,-3.265671,-0.0303758,0.9394511,-0.03749234,-0.3392687,5.224336,219.6298,358.1797,0.6014227,0.03928839,-0.7979639,0.0,0.0,0.0,0.7717097,-0.09209397,-4.655764,0.2508841,-0.04511578,2.024609,-0.7679482,-0.03163321,0.6397303,-0.08251312,0.9953433,-0.04983333,-0.6351748,-0.09105556,-0.7669821,moving,45.78812,-8.820219,7.063929,-1.276551,7.173561695737887,0.10333363860546385
05/04/2023 16:19:27.353223,4225,True,True,True,True,Eyes,2.284481,0.1495159,-3.127902,-0.716337,0.1073203,-0.6894518,0.0,0.0,0.0,0.0,0.0,0.0,0.0,3.830532,-0.1052154,-1.04564,2.244305,0.1477292,-3.273939,-0.03213017,0.9382246,-0.03595214,-0.3426513,5.133764,220.0337,357.9486,0.600339,0.03922245,-0.7987827,0.0,0.0,0.0,0.7620537,-0.08921811,-4.65612,0.247686,-0.04714879,2.024862,-0.7631155,-0.03565253,0.645278,-0.08492872,0.9953502,-0.04544345,-0.6406574,-0.08948123,-0.7625951,moving,46.09563,-8.847674,6.973912,-1.333888,7.184821067619562,0.10515718828759157
05/04/2023 16:19:27.363247,4226,True,True,True,True,Eyes,2.282373,0.1494913,-3.1347,-0.7200695,0.1070824,-0.6855898,0.0,0.0,0.0,0.0,0.0,0.0,0.0,3.843413,-0.07732029,-1.021716,2.241462,0.148721,-3.282596,-0.03364928,0.9367617,-0.03202977,-0.3468709,4.781291,220.5399,357.6522,0.5992464,0.03915783,-0.7996058,0.0,0.0,0.0,0.7489169,-0.07907593,-4.655077,0.2444059,-0.04923324,2.025125,-0.7570968,-0.04082231,0.6520264,-0.0852631,0.9956837,-0.03666462,-0.6477153,-0.08335245,-0.7573096,moving,46.40514,-8.877313,6.881564,-1.392656,7.19617922909993,0.10703029440665934
05/04/2023 16:19:27.383417,4227,True,True,True,True,Eyes,2.280248,0.1495356,-3.141561,-0.7239231,0.1069585,-0.6815389,0.0,0.0,0.0,0.0,0.0,0.0,0.0,3.856797,-0.05246094,-0.9945836,2.238695,0.1491758,-3.291324,-0.03546181,0.9351047,-0.02933304,-0.3513709,4.575886,221.083,357.3719,0.598144,0.03909479,-0.8004339,0.0,0.0,0.0,0.7353857,-0.07449147,-4.652572,0.2411917,-0.05127664,2.025379,-0.7505621,-0.04570745,0.6592175,-0.08693455,0.9957641,-0.02993842,-0.6550567,-0.07977942,-0.7513563,moving,46.72733,-8.919063,6.79107,-1.450251,7.208141596056365,0.10918496489065721
05/04/2023 16:19:27.403439,4228,True,True,True,True,Eyes,2.280248,0.1495356,-3.141561,-0.7239231,0.1069585,-0.6815389,0.0,0.0,0.0,0.0,0.0,0.0,0.0,3.871066,-0.03260629,-0.9623704,2.236283,0.1507853,-3.299799,-0.03664104,0.9332444,-0.02662722,-0.3563754,4.348072,221.6926,357.1596,0.5970323,0.03903496,-0.8012663,0.0,0.0,0.0,0.7206529,-0.06768092,-4.648057,0.2379225,-0.05335464,2.025638,-0.7433081,-0.04941152,0.6671219,-0.08736866,0.9958969,-0.02358348,-0.6632193,-0.07581533,-0.7445752,moving,46.72733,-8.919063,6.699018,-1.508803,7.208141596056365,0.10918496489065721
05/04/2023 16:19:27.413308,4229,True,True,True,True,Eyes,2.280248,0.1495356,-3.141561,-0.7239231,0.1069585,-0.6815389,0.0,0.0,0.0,0.0,0.0,0.0,0.0,3.884432,-0.02260878,-0.9311905,2.233644,0.1528299,-3.308158,-0.03684852,0.9314453,-0.02456704,-0.3611767,4.15089,222.2825,357.0748,0.5960311,0.03898107,-0.802014,0.0,0.0,0.0,0.7062337,-0.06098421,-4.643709,0.2346286,-0.05544797,2.0259,-0.7363876,-0.05089868,0.674643,-0.08639084,0.9960773,-0.01914804,-0.6710221,-0.07238334,-0.7378961,moving,46.72733,-8.919063,6.606251,-1.567768,7.208141596056365,0.10918496489065721
05/04/2023 16:19:27.438202,4230,True,True,True,True,Eyes,2.278196,0.1497711,-3.149438,-0.7268614,0.1011563,-0.6792936,0.0,0.0,0.0,0.0,0.0,0.0,0.0,3.89763,-0.01939061,-0.8988509,2.230885,0.1548157,-3.316476,-0.03633237,0.9295974,-0.02295732,-0.3660624,3.972747,222.8865,357.0845,0.5951292,0.0389325,-0.8026858,0.0,0.0,0.0,0.6912042,-0.05444931,-4.638508,0.2316389,-0.0573485,2.026138,-0.7293568,-0.05074133,0.6822496,-0.08435657,0.9963058,-0.0160823,-0.6789132,-0.06928196,-0.7309428,moving,46.93748,-8.469898,6.522043,-1.621287,7.209872194985999,0.10163549754101753
05/04/2023 16:19:27.453372,4231,True,True,True,True,Eyes,2.276106,0.1500578,-3.157321,-0.7299483,0.09562633,-0.67678,0.0,0.0,0.0,0.0,0.0,0.0,0.0,3.910608,-0.02109901,-0.8656306,2.228158,0.1561667,-3.324686,-0.03531667,0.9277085,-0.02183542,-0.3709894,3.825503,223.4982,357.1664,0.5941866,0.03888972,-0.8033859,0.0,0.0,0.0,0.6763091,-0.04948083,-4.632909,0.2284301,-0.05938795,2.026392,-0.7222395,-0.04932572,0.6898823,-0.08172856,0.9965519,-0.0143096,-0.6867976,-0.06671803,-0.7237805,moving,47.16451,-8.042427,6.431658,-1.678701,7.212478141713319,0.0945655845209275
05/04/2023 16:19:27.463301,4232,True,True,True,True,Eyes,2.273936,0.1503879,-3.165172,-0.7330991,0.09035371,-0.6740934,0.0,0.0,0.0,0.0,0.0,0.0,0.0,3.923728,-0.02585544,-0.8290906,2.225325,0.1576419,-3.332684,-0.03445472,0.9256343,-0.02159604,-0.3762284,3.778861,224.1489,357.2695,0.5932076,0.0388535,-0.8041109,0.0,0.0,0.0,0.6607749,-0.04785847,-4.625643,0.2252164,-0.0614302,2.026647,-0.7145301,-0.04753483,0.6979879,-0.08003501,0.996693,-0.01405439,-0.6950116,-0.06590576,-0.7159716,moving,47.40109,-7.634274,6.341125,-1.736175,7.215669108620439,0.08789939817388631
05/04/2023 16:19:27.483215,4233,True,True,True,True,Eyes,2.271726,0.1507484,-3.173016,-0.7363945,0.08529878,-0.6711537,0.0,0.0,0.0,0.0,0.0,0.0,0.0,3.9361,-0.02721754,-0.7940269,2.222238,0.1592315,-3.340719,-0.03398816,0.9235862,-0.02113413,-0.381296,3.724412,224.7787,357.3196,0.5921941,0.03882432,-0.804859,0.0,0.0,0.0,0.6456386,-0.04606391,-4.618932,0.221997,-0.06347684,2.026902,-0.7069166,-0.04666527,0.7057561,-0.07889871,0.9967963,-0.01311929,-0.7028829,-0.06495748,-0.7083336,moving,47.6538,-7.243048,6.250422,-1.793756,7.219648057992474,0.08161997165458534
05/04/2023 16:19:27.503050,4234,True,True,True,True,Eyes,2.269452,0.1510995,-3.180841,-0.7397133,0.08038731,-0.6681035,0.0,0.0,0.0,0.0,0.0,0.0,0.0,3.948341,-0.03163813,-0.7561746,2.219271,0.1602056,-3.348337,-0.03342088,0.9213997,-0.0213582,-0.3865873,3.738282,225.4379,357.411,0.5911496,0.03880227,-0.8056276,0.0,0.0,0.0,0.6301768,-0.04709212,-4.61061,0.218861,-0.06547048,2.027151,-0.6988669,-0.04507435,0.7138304,-0.07810158,0.9968538,-0.01351869,-0.7109752,-0.06519903,-0.7001884,moving,47.91188,-6.86094,6.162059,-1.849827,7.223933730783575,0.07553476908697848
05/04/2023 16:19:27.513676,4235,True,True,True,True,Eyes,2.267132,0.151423,-3.188653,-0.7431664,0.07567368,-0.6648136,0.0,0.0,0.0,0.0,0.0,0.0,0.0,3.959888,-0.03069116,-0.7199903,2.215936,0.1606311,-3.356169,-0.03321772,0.9192398,-0.0210249,-0.3917303,3.708402,226.0792,357.4385,0.5900761,0.03878643,-0.806415,0.0,0.0,0.0,0.6149718,-0.04748119,-4.603179,0.2155451,-0.06757799,2.027413,-0.6908877,-0.04459792,0.7215849,-0.07754229,0.9969091,-0.01262908,-0.7187913,-0.06467863,-0.6922105,moving,48.18518,-6.493852,6.068624,-1.909084,7.228950796562117,0.06979661117891989
05/04/2023 16:19:27.533548,4236,True,True,True,True,Eyes,2.206968,0.1579507,-3.382727,-0.8192836,-0.04145616,-0.571888,0.0,0.0,0.0,0.0,0.0,0.0,0.0,3.971044,-0.02528007,-0.6826797,2.212717,0.1600491,-3.363651,-0.03358148,0.9169945,-0.02077867,-0.3969405,3.713507,226.7288,357.4101,0.5889763,0.03877548,-0.8072191,0.0,0.0,0.0,0.5998526,-0.05018697,-4.594845,0.2124469,-0.06954679,2.027658,-0.682621,-0.04509227,0.72938,-0.07808385,0.9968811,-0.01144816,-0.7265888,-0.06476755,-0.6840129,moving,55.08364,4.146118,5.981316,-1.964422,7.338073750290819,-0.10087267886501611
05/04/2023 16:19:27.553552,4237,True,True,True,True,Eyes,2.206821,0.1579011,-3.38302,-0.8195332,-0.04151374,-0.5715259,0.0,0.0,0.0,0.0,0.0,0.0,0.0,3.981514,-0.01500722,-0.6466622,2.209229,0.1588906,-3.371187,-0.03433098,0.9147657,-0.02013881,-0.4020196,3.695161,227.3625,357.3225,0.5840098,0.03882047,-0.8108174,-0.1804919,0.01958303,-0.5822232,0.5850604,-0.05294265,-4.58714,0.2091966,-0.07161272,2.027917,-0.6744035,-0.0466172,0.7368901,-0.07900198,0.9968317,-0.009241126,-0.7341247,-0.06444802,-0.6759495,moving,55.10886,4.154478,5.889706,-2.02247,7.338861920628164,-0.10092259157039374
05/04/2023 16:19:27.563398,4238,True,True,True,True,Eyes,2.206517,0.1578073,-3.383573,-0.8198606,-0.04187305,-0.57103,0.0,0.0,0.0,0.0,0.0,0.0,0.0,3.991423,-0.004505783,-0.6105552,2.205577,0.157663,-3.378583,-0.03536826,0.9124966,-0.01990949,-0.4070658,3.734267,227.9929,357.2234,0.5798029,0.03885451,-0.8138293,-0.1696624,0.01840805,-0.5472898,0.5705726,-0.0578969,-4.579261,0.2058193,-0.07376015,2.028185,-0.6660931,-0.04833789,0.7443008,-0.08075579,0.9967054,-0.00754026,-0.7414841,-0.06512911,-0.6678021,moving,55.14293,4.193935,5.794514,-2.08279,7.339567713072773,-0.1015194082297815
05/04/2023 16:19:27.583238,4239,True,True,True,True,Eyes,2.206065,0.157698,-3.384378,-0.8204142,-0.04232791,-0.5702007,0.0,0.0,0.0,0.0,0.0,0.0,0.0,4.00063,0.008821091,-0.5759425,2.20208,0.156565,-3.385728,-0.03724243,0.9102602,-0.02030951,-0.4118581,3.879083,228.5905,357.0658,0.5762259,0.03887862,-0.8163649,-0.1594827,0.01730357,-0.5144524,0.5571776,-0.06639999,-4.571454,0.2028414,-0.07565303,2.028422,-0.6579722,-0.05107132,0.7513087,-0.08452986,0.9964011,-0.006296693,-0.7482833,-0.06765106,-0.6599211,moving,55.20009,4.245471,5.710572,-2.135942,7.340938709941058,-0.10224510027225561
05/04/2023 16:19:27.603286,4240,True,True,True,True,Eyes,2.205308,0.1575636,-3.385224,-0.82011,-0.04492121,-0.5704398,0.0,0.0,0.0,0.0,0.0,0.0,0.0,4.00923,0.01626126,-0.540494,2.198186,0.1561,-3.392628,-0.03851629,0.9079771,-0.02099771,-0.4167173,4.027295,229.1996,356.9864,0.5731692,0.03889414,-0.8185133,-0.1499137,0.01626535,-0.4835852,0.5433835,-0.07424756,-4.563092,0.1996207,-0.07770041,2.028677,-0.6497266,-0.0524436,0.758357,-0.08744404,0.9961511,-0.006030073,-0.7551219,-0.07023169,-0.6518118,moving,55.17888,4.502658,5.619784,-2.193416,7.336908271986346,-0.10716964370653223
05/04/2023 16:19:27.613682,4241,True,True,True,True,Eyes,2.204411,0.1574467,-3.386294,-0.8200585,-0.0474663,-0.5703077,0.0,0.0,0.0,0.0,0.0,0.0,0.0,4.017528,0.02472798,-0.5034699,2.19421,0.1561243,-3.399366,-0.03955518,0.9056068,-0.02099123,-0.4217474,4.093495,229.8326,356.9002,0.5704236,0.03890363,-0.8204286,-0.1409189,0.01528943,-0.4545701,0.5289255,-0.07871905,-4.553997,0.1964179,-0.07973539,2.02893,-0.6411287,-0.05393689,0.7655354,-0.08934888,0.9959895,-0.004655006,-0.7622142,-0.0713842,-0.6433767,moving,55.18341,4.757721,5.529493,-2.250522,7.3338180760800595,-0.11194482040487297
05/04/2023 16:19:27.633509,4242,True,True,True,True,Eyes,2.203411,0.1573578,-3.387628,-0.8202011,-0.04992909,-0.5698923,0.0,0.0,0.0,0.0,0.0,0.0,0.0,4.025157,0.03486675,-0.4666586,2.190005,0.1564395,-3.405918,-0.04082878,0.9032122,-0.02090785,-0.426736,4.164179,230.4613,356.7864,0.56792,0.03890856,-0.8221633,-0.1324638,0.01437206,-0.4272959,0.5145459,-0.08315384,-4.544793,0.1931896,-0.08178774,2.029185,-0.632459,-0.05590983,0.7725735,-0.09159836,0.9957917,-0.00292224,-0.769159,-0.07261467,-0.6349185,moving,55.20765,5.006981,5.438482,-2.308097,7.331501088333292,-0.11652711439491839
05/04/2023 16:19:27.653526,4243,True,True,True,True,Eyes,2.202273,0.1573028,-3.389151,-0.8205869,-0.05235763,-0.5691184,0.0,0.0,0.0,0.0,0.0,0.0,0.0,4.0323,0.04189607,-0.429224,2.185605,0.1569319,-3.412321,-0.04181882,0.9007707,-0.02106626,-0.4317634,4.24741,231.0974,356.7149,0.5656304,0.03890998,-0.8237402,-0.1245159,0.01350974,-0.4016581,0.4999391,-0.08767437,-4.535017,0.1900106,-0.08380813,2.029438,-0.6236634,-0.05714704,0.7796015,-0.09352961,0.9956148,-0.001840079,-0.7760776,-0.07406341,-0.6262733,moving,55.25674,5.256289,5.34885,-2.364755,7.330065085134295,-0.12100465300481611
05/04/2023 16:19:27.663406,4244,True,True,True,True,Eyes,2.201035,0.1572753,-3.390915,-0.8211206,-0.05481518,-0.5681164,0.0,0.0,0.0,0.0,0.0,0.0,0.0,4.038974,0.04741309,-0.3910861,2.181229,0.1576859,-3.418462,-0.04262328,0.8982874,-0.02123286,-0.4368206,4.323279,231.7396,356.664,0.5635296,0.03890904,-0.8251788,-0.117045,0.01269916,-0.3775586,0.4854344,-0.09167934,-4.524818,0.1866962,-0.08591492,2.029701,-0.614742,-0.05802601,0.7865908,-0.09512581,0.9954649,-0.0009089631,-0.7829708,-0.07538387,-0.6174738,moving,55.32144,5.511171,5.255398,-2.423818,7.329111830017888,-0.12552059563551304
05/04/2023 16:19:27.683160,4245,True,True,True,True,Eyes,2.199661,0.1572841,-3.39284,-0.8218583,-0.05730963,-0.5668019,0.0,0.0,0.0,0.0,0.0,0.0,0.0,4.04517,0.04919864,-0.3540101,2.176675,0.1580952,-3.42465,-0.04328758,0.8958306,-0.02213177,-0.4417282,4.467599,232.3651,356.6646,0.5615949,0.03890658,-0.8264968,-0.1100223,0.01193721,-0.3549051,0.4712444,-0.09811033,-4.514594,0.1836605,-0.08784477,2.029942,-0.6060049,-0.05800423,0.7933435,-0.09710915,0.9952728,-0.001409934,-0.7895113,-0.07789532,-0.6087729,moving,55.40757,5.773583,5.169802,-2.477901,7.3288228672593085,-0.13008696378677748
05/04/2023 16:19:27.703403,4246,True,True,True,True,Eyes,2.198203,0.1573184,-3.394982,-0.8227111,-0.05983102,-0.5653024,0.0,0.0,0.0,0.0,0.0,0.0,0.0,4.050755,0.04338482,-0.3179436,2.172053,0.159182,-3.430515,-0.04356555,0.8934311,-0.02404204,-0.4464357,4.695387,232.9684,356.7571,0.5598063,0.0389036,-0.8277094,-0.1034209,0.01122097,-0.3336108,0.4578694,-0.1066195,-4.504416,0.1804511,-0.08988456,2.030196,-0.5975943,-0.05637918,0.7998138,-0.09931209,0.995048,-0.004061374,-0.7956242,-0.08185824,-0.600234,moving,55.50621,6.041634,5.079305,-2.535048,7.32890584631382,-0.1347061383995772
05/04/2023 16:19:27.723063,4247,True,True,True,True,Eyes,2.196602,0.1573436,-3.397257,-0.8237222,-0.06243395,-0.5635456,0.0,0.0,0.0,0.0,0.0,0.0,0.0,4.05554,0.04134564,-0.2852783,2.167407,0.1597531,-3.436179,-0.04413396,0.8911884,-0.02564222,-0.4507526,4.904266,233.5226,356.804,0.558145,0.03890069,-0.8288308,-0.09721568,0.01054772,-0.3135942,0.4455821,-0.1151598,-4.495585,0.1771787,-0.09196454,2.030455,-0.5897486,-0.05554675,0.8056743,-0.1017799,0.9947894,-0.005917108,-0.8011475,-0.08549109,-0.5923291,moving,55.62221,6.32189,4.98703,-2.593301,7.329449142290379,-0.13948091973490345
05/04/2023 16:19:27.733431,4248,True,True,True,True,Eyes,2.194902,0.1573581,-3.399714,-0.8247827,-0.06510856,-0.5616889,0.0,0.0,0.0,0.0,0.0,0.0,0.0,4.059659,0.04080513,-0.2541533,2.162449,0.1596088,-3.44172,-0.04504107,0.8889774,-0.02762189,-0.4548929,5.168681,234.0552,356.8371,0.5565952,0.0388976,-0.8298725,-0.09138274,0.009914854,-0.2947785,0.4337283,-0.1263711,-4.487008,0.1739738,-0.09400173,2.030709,-0.5820874,-0.05495099,0.8112671,-0.105211,0.9944167,-0.008132738,-0.8062906,-0.0900882,-0.5846187,moving,55.74457,6.611971,4.896656,-2.650336,7.33009284562947,-0.14441334074408319
05/04/2023 16:19:27.753305,4249,True,True,True,True,Eyes,2.19306,0.1573578,-3.402277,-0.8259801,-0.06786744,-0.5595989,0.0,0.0,0.0,0.0,0.0,0.0,0.0,4.063462,0.04322977,-0.2228146,2.157527,0.159329,-3.447162,-0.04627576,0.8867201,-0.029501,-0.4590378,5.439976,234.589,356.8338,0.5551422,0.03889401,-0.8308454,-0.08589978,0.009319962,-0.2770918,0.4221314,-0.1380678,-4.478258,0.1707585,-0.09604511,2.030965,-0.5742857,-0.05498315,0.8168065,-0.1091514,0.9939765,-0.009833608,-0.8113458,-0.0948029,-0.5768279,moving,55.88248,6.914989,4.805984,-2.707522,7.331123323333218,-0.1495228237198994
05/04/2023 16:19:27.763359,4250,True,True,True,True,Eyes,2.191074,0.1573498,-3.404955,-0.8272159,-0.07056512,-0.5574356,0.0,0.0,0.0,0.0,0.0,0.0,0.0,4.066596,0.04464628,-0.193006,2.152383,0.159116,-3.452299,-0.04750621,0.8845261,-0.03160422,-0.4629881,5.733362,235.0998,356.8442,0.5537725,0.0388896,-0.8317591,-0.08074579,0.008760764,-0.2604663,0.4108963,-0.1503575,-4.469644,0.1676646,-0.09801143,2.031212,-0.5667707,-0.05477621,0.8220529,-0.1133057,0.9934887,-0.0119199,-0.8160474,-0.09989913,-0.5692867,moving,56.02517,7.214632,4.718732,-2.762532,7.33236639578961,-0.15454854289689737
05/04/2023 16:19:27.783511,4251,True,True,True,True,Eyes,2.188931,0.1573508,-3.407721,-0.8285877,-0.0732188,-0.555051,0.0,0.0,0.0,0.0,0.0,0.0,0.0,4.069335,0.04711419,-0.1638865,2.146894,0.158785,-3.457484,-0.04849022,0.8823543,-0.03306765,-0.4669113,5.948588,235.6087,356.8478,0.5524745,0.03888426,-0.8326221,-0.07590105,0.008235118,-0.2448383,0.3992217,-0.1600961,-4.461411,0.1644703,-0.1000422,2.031465,-0.559285,-0.05469179,0.8271693,-0.1164504,0.9931105,-0.0130735,-0.8207554,-0.103636,-0.5618007,moving,56.18282,7.514707,4.628651,-2.81933,7.334134693824819,-0.15951877523417826
05/04/2023 16:19:27.803947,4252,True,True,True,True,Eyes,2.186636,0.1573612,-3.410577,-0.8301927,-0.07584263,-0.5522932,0.0,0.0,0.0,0.0,0.0,0.0,0.0,4.071386,0.05594223,-0.1349955,2.141014,0.1590529,-3.462412,-0.04958318,0.880181,-0.03302266,-0.4708847,6.017243,236.1221,356.7613,0.5512369,0.03887831,-0.8334422,-0.07134698,0.007741011,-0.230148,0.386638,-0.1643333,-4.453317,0.161282,-0.1020688,2.031717,-0.5516182,-0.05618463,0.8322023,-0.1183841,0.992902,-0.0114359,-0.8256528,-0.1048277,-0.5543541,moving,56.36581,7.81913,4.538743,-2.875991,7.336746554348247,-0.16446299620833127
05/04/2023 16:19:27.823307,4253,True,True,True,True,Eyes,2.184177,0.1573701,-3.413512,-0.8319424,-0.07830796,-0.5493082,0.0,0.0,0.0,0.0,0.0,0.0,0.0,4.073205,0.0686212,-0.103169,2.135084,0.1592567,-3.467334,-0.0506169,0.8778305,-0.03198603,-0.4752142,5.984786,236.6816,356.6299,0.5500509,0.03887208,-0.8342257,-0.06706616,0.00727655,-0.2163391,0.372926,-0.1652287,-4.44419,0.1580398,-0.1041296,2.031974,-0.5432186,-0.05846568,0.8375531,-0.1192665,0.9928296,-0.00804887,-0.8310769,-0.1042644,-0.5462965,moving,56.56434,8.113271,4.447312,-2.933588,7.340040772229341,-0.16914787246603874
05/04/2023 16:19:27.833299,4254,True,True,True,True,Eyes,2.181542,0.1573743,-3.416496,-0.8338515,-0.08062572,-0.5460688,0.0,0.0,0.0,0.0,0.0,0.0,0.0,4.074497,0.08169438,-0.07036829,2.128818,0.159198,-3.472166,-0.051411,0.8754063,-0.03049793,-0.4796777,5.895683,237.2606,356.4984,0.5489073,0.03886557,-0.8349789,-0.06304219,0.006839958,-0.2033588,0.3583572,-0.1643475,-4.434445,0.1548603,-0.1061504,2.032227,-0.5345325,-0.06075267,0.8429617,-0.1192694,0.9928536,-0.004074729,-0.8366899,-0.1027176,-0.5379584,moving,56.7802,8.398902,4.357646,-2.990045,7.344058265759694,-0.17359910166635023
05/04/2023 16:19:27.853278,4255,True,True,True,True,Eyes,2.178749,0.1573695,-3.41954,-0.835893,-0.08279983,-0.5426114,0.0,0.0,0.0,0.0,0.0,0.0,0.0,4.075442,0.09238745,-0.03676462,2.122431,0.1590986,-3.476936,-0.05204927,0.8729144,-0.02933346,-0.4842014,5.832226,237.8504,356.4002,0.5477982,0.03885875,-0.8357073,-0.05925966,0.00642956,-0.1911573,0.3437924,-0.1644256,-4.424295,0.1514757,-0.108302,2.032495,-0.5256798,-0.0624625,0.8483863,-0.1192757,0.9928609,-0.0008065387,-0.8422791,-0.1016159,-0.5293771,moving,57.0108,8.676126,4.262201,-3.050134,7.348705837464724,-0.17782963211230987
05/04/2023 16:19:27.863640,4256,True,True,True,True,Eyes,2.175794,0.1573392,-3.422645,-0.8380419,-0.08486183,-0.538966,0.0,0.0,0.0,0.0,0.0,0.0,0.0,4.075854,0.102111,-0.003149509,2.115952,0.158853,-3.481457,-0.05248724,0.8704152,-0.02807887,-0.4887068,5.749666,238.4402,356.3162,0.5467167,0.03885145,-0.8364156,-0.05570408,0.006043786,-0.1796878,0.328836,-0.1635917,-4.413339,0.148682,-0.1100779,2.032717,-0.5168216,-0.0639267,0.853703,-0.118816,0.9929133,0.002421185,-0.8478079,-0.1001823,-0.5207547,moving,57.2539,8.947933,4.18342,-3.099715,7.353865910461636,-0.18190519111637599
05/04/2023 16:19:27.883265,4257,True,True,True,True,Eyes,2.172671,0.1572633,-3.4258,-0.8403066,-0.08685102,-0.5351091,0.0,0.0,0.0,0.0,0.0,0.0,0.0,4.076004,0.108074,0.03095388,2.109212,0.1581963,-3.486065,-0.0526528,0.8678574,-0.02737519,-0.4932566,5.707972,239.0394,356.2901,0.5456569,0.03884314,-0.8371077,-0.05236183,0.005681159,-0.1689065,0.3139392,-0.1646991,-4.402277,0.1454624,-0.1121238,2.032973,-0.5078514,-0.06438424,0.8590354,-0.1183962,0.9929566,0.004427157,-0.8532699,-0.0994582,-0.5118972,moving,57.51093,9.219015,4.092628,-3.156816,7.3595294145656895,-0.18590789444007114
05/04/2023 16:19:27.903189,4258,True,True,True,True,Eyes,2.16938,0.1571293,-3.428983,-0.8425873,-0.08887011,-0.5311767,0.0,0.0,0.0,0.0,0.0,0.0,0.0,4.075519,0.1139484,0.06469297,2.102185,0.1570269,-3.490441,0.05297595,-0.8652732,0.02708957,0.497757,5.717178,239.6339,356.2713,0.544613,0.03883285,-0.8377876,-0.04922013,0.005340289,-0.1587721,0.2992339,-0.1681223,-4.390964,0.142179,-0.1142109,2.033233,-0.498863,-0.06470928,0.8642617,-0.1186454,0.9929194,0.005858537,-0.8585213,-0.09961805,-0.5030082,moving,57.7722,9.49807,4.000043,-3.215043,7.365241720065197,-0.19004243911229599
05/04/2023 16:19:27.913272,4259,True,True,True,True,Eyes,2.165924,0.1569365,-3.432202,-0.8449568,-0.09090813,-0.5270519,0.0,0.0,0.0,0.0,0.0,0.0,0.0,4.074692,0.1215178,0.09787941,2.095212,0.1555394,-3.49476,0.05380952,-0.8626624,0.02737592,0.5021639,5.812581,240.2169,356.234,0.5435801,0.0388194,-0.8384588,-0.04626692,0.005019872,-0.1492458,0.2852822,-0.1748541,-4.379565,0.1390253,-0.1162157,2.033484,-0.4898719,-0.0653445,0.8693423,-0.1203333,0.9927102,0.00681005,-0.8634499,-0.1012748,-0.494164,moving,58.04565,9.786325,3.911115,-3.270955,7.371268873337492,-0.1942981297168135
05/04/2023 16:19:27.933254,4260,True,True,True,True,Eyes,2.162307,0.1567078,-3.435468,-0.8473133,-0.09296151,-0.522894,0.0,0.0,0.0,0.0,0.0,0.0,0.0,4.073357,0.1271581,0.1299424,2.087873,0.1539596,-3.498909,0.05462084,-0.8600789,0.0281238,0.5064484,5.952426,240.7862,356.2258,0.5425539,0.03880171,-0.8391241,-0.0434909,0.004718679,-0.1402911,0.2715259,-0.1831915,-4.368236,0.1358295,-0.118247,2.033737,-0.4810534,-0.06546994,0.8742435,-0.122443,0.9924513,0.006947897,-0.8680989,-0.1037026,-0.4854383,moving,58.32043,10.08087,3.821003,-3.327586,7.377263041444989,-0.19866639898462726
05/04/2023 16:19:27.953432,4261,True,True,True,True,Eyes,2.158519,0.1564352,-3.438759,-0.8497499,-0.09496035,-0.518563,0.0,0.0,0.0,0.0,0.0,0.0,0.0,4.07172,0.131916,0.161025,2.080341,0.1528632,-3.503005,0.05523768,-0.8575436,0.0286103,0.5106364,6.05493,241.3447,356.2223,0.5415307,0.03877939,-0.8397858,-0.04088145,0.004435559,-0.1318736,0.2577041,-0.1897478,-4.357288,0.1325904,-0.1203054,2.033995,-0.4723988,-0.06551851,0.8789465,-0.1239563,0.9922605,0.007343585,-0.8726251,-0.1054819,-0.4768641,moving,58.60622,10.37715,3.729673,-3.38495,7.383625694726517,-0.20302046867188467
05/04/2023 16:19:27.963441,4262,True,True,True,True,Eyes,2.154552,0.156113,-3.442065,-0.8521207,-0.09690681,-0.5142952,0.0,0.0,0.0,0.0,0.0,0.0,0.0,4.069635,0.1360929,0.1913228,2.072559,0.151544,-3.506934,0.05550195,-0.855055,0.02863981,0.5147625,6.091574,241.897,356.2272,0.5405065,0.03875187,-0.8404467,-0.03842856,0.004169425,-0.1239612,0.2435497,-0.1942676,-4.346604,0.1292335,-0.1224398,2.034261,-0.4638786,-0.06542903,0.8834795,-0.1243998,0.9921986,0.008163408,-0.8771212,-0.1061179,-0.468399,moving,58.88703,10.67093,3.635029,-3.444412,7.389843537724088,-0.20734871972667784
05/04/2023 16:19:27.983120,4263,True,True,True,True,Eyes,2.150406,0.155776,-3.44539,-0.8545305,-0.0987552,-0.5099266,0.0,0.0,0.0,0.0,0.0,0.0,0.0,4.067447,0.1370129,0.217988,2.064501,0.1494015,-3.51083,0.05517133,-0.8528007,0.02856294,0.5185279,6.080908,242.4041,356.2821,0.539478,0.03871851,-0.8411088,-0.03612285,0.00391926,-0.1165235,0.2294201,-0.1976702,-4.337032,0.1261889,-0.124375,2.034501,-0.45617,-0.06447893,0.8875536,-0.1237217,0.9922806,0.008498752,-0.8812501,-0.1059327,-0.460626,moving,59.17408,10.96053,3.549196,-3.498306,7.396336031603439,-0.21157186768809808
05/04/2023 16:19:28.003289,4264,True,True,True,True,Eyes,2.146084,0.1553695,-3.448729,-0.8568697,-0.1004566,-0.5056508,0.0,0.0,0.0,0.0,0.0,0.0,0.0,4.065538,0.129469,0.2391934,2.056145,0.1487275,-3.514645,0.05410118,-0.850924,0.02884067,0.5216988,6.057788,242.8355,356.4266,0.5384424,0.03867963,-0.8417739,-0.03395548,0.003684104,-0.1095321,0.2160593,-0.1990898,-4.329778,0.1229795,-0.1264147,2.034755,-0.4498068,-0.06197971,0.8909727,-0.1221643,0.9924825,0.007366619,-0.8847314,-0.1055315,-0.453997,moving,59.45455,11.23652,3.458719,-3.555086,7.402768554960067,-0.21556716445997484
05/04/2023 16:19:28.013462,4265,True,True,True,True,Eyes,2.14158,0.1549164,-3.452069,-0.8592108,-0.102049,-0.5013412,0.0,0.0,0.0,0.0,0.0,0.0,0.0,4.063141,0.1233843,0.2599244,2.047565,0.1473068,-3.518193,0.05307068,-0.849052,0.02899348,0.5248368,6.023758,243.263,356.5592,0.5373974,0.03863415,-0.8424436,-0.03191815,0.003463058,-0.1029602,0.2026086,-0.2009959,-4.322534,0.1196264,-0.1285461,2.035021,-0.4434596,-0.05968585,0.8943047,-0.1205532,0.9926857,0.006472949,-0.8881499,-0.1049408,-0.4474114,moving,59.73685,11.50549,3.364196,-3.614399,7.409355474111179,-0.21942272496633772
05/04/2023 16:19:28.033580,4266,True,True,True,True,Eyes,2.136887,0.154425,-3.455403,-0.8615378,-0.1036633,-0.4969974,0.0,0.0,0.0,0.0,0.0,0.0,0.0,4.060905,0.1176976,0.2729268,2.038756,0.1457371,-3.52158,0.05204419,-0.8476608,0.02898083,0.5271839,5.969874,243.5839,356.6756,0.5363402,0.03858165,-0.8431194,-0.03000306,0.003255275,-0.09678257,0.1902461,-0.2022313,-4.318352,0.1165634,-0.1304929,2.035265,-0.4387374,-0.05767519,0.8967628,-0.1187881,0.992903,0.005741884,-0.8907296,-0.1040056,-0.4424749,moving,60.02053,11.78179,3.277856,-3.668551,7.415897926613367,-0.22341020049944707
05/04/2023 16:19:28.053155,4267,True,True,True,True,Eyes,2.132003,0.1539086,-3.45873,-0.8638387,-0.1051786,-0.4926664,0.0,0.0,0.0,0.0,0.0,0.0,0.0,4.058596,0.1164309,0.2837696,2.029698,0.1443556,-3.52502,0.05157835,-0.8463516,0.02878734,0.5293391,5.93115,243.877,356.7245,0.535269,0.03852201,-0.8438025,0.0,0.0,0.0,0.1783039,-0.2040754,-4.315409,0.1132774,-0.1325809,2.035526,-0.4342796,-0.05683031,0.8989837,-0.1177834,0.9930219,0.005876444,-0.8930444,-0.1033333,-0.4379428,moving,60.30293,12.05108,3.185236,-3.72661,7.422484314875894,-0.2272713508870154
05/04/2023 16:19:28.063046,4268,True,True,True,True,Eyes,2.12692,0.1533559,-3.462034,-0.8660992,-0.1068408,-0.4883209,0.0,0.0,0.0,0.0,0.0,0.0,0.0,4.055979,0.1166704,0.2937689,2.020384,0.1431306,-3.528235,0.0512957,-0.8450724,0.02848713,0.5314225,5.892755,244.1599,356.7485,0.5341821,0.03845543,-0.8444942,0.0,0.0,0.0,0.1663382,-0.2058827,-4.312701,0.1098936,-0.1347325,2.035793,-0.4299178,-0.05641975,0.9011035,-0.1169746,0.9931145,0.006371994,-0.8952584,-0.1026668,-0.4335572,moving,60.58499,12.3414,3.089869,-3.786417,7.428790603194757,-0.23152924930410107
05/04/2023 16:19:28.083255,4269,True,True,True,True,Eyes,2.121643,0.1527742,-3.465325,-0.8683366,-0.1083654,-0.4839922,0.0,0.0,0.0,0.0,0.0,0.0,0.0,4.053352,0.1186238,0.2997632,2.010741,0.1418938,-3.531342,0.0510116,-0.8440393,0.02768057,0.5331317,5.803598,244.3912,356.7388,0.5330772,0.0383818,-0.8451954,0.0,0.0,0.0,0.1543505,-0.2057526,-4.311393,0.1068996,-0.1366357,2.036032,-0.4263371,-0.05659682,0.9027922,-0.1156264,0.9932632,0.007664825,-0.8971441,-0.1011188,-0.4300089,moving,60.86564,12.62033,3.005493,-3.839295,7.435192040590376,-0.23557904413897907
05/04/2023 16:19:28.103458,4270,True,True,True,True,Eyes,2.116162,0.1521605,-3.468587,-0.8705274,-0.109967,-0.4796763,0.0,0.0,0.0,0.0,0.0,0.0,0.0,4.050594,0.1204486,0.3042922,2.000739,0.1405429,-3.534361,0.05060255,-0.8430887,0.02667865,0.5347234,5.687443,244.6067,356.7281,0.5319529,0.03830121,-0.8459072,0.0,0.0,0.0,0.1421541,-0.2048938,-4.310746,0.1037236,-0.1386542,2.036284,-0.4230207,-0.05679349,0.9043385,-0.1138563,0.9934553,0.0091318,-0.8989385,-0.09910167,-0.4267184,moving,61.14444,12.91208,2.915995,-3.895359,7.441364448758327,-0.23987768328992304
05/04/2023 16:19:28.122970,4271,True,True,True,True,Eyes,2.110483,0.1515168,-3.471823,-0.8727015,-0.1114868,-0.4753555,0.0,0.0,0.0,0.0,0.0,0.0,0.0,4.047379,0.1201605,0.3116937,1.990515,0.1391782,-3.537138,0.04998094,-0.8419483,0.02586614,0.5366153,5.577783,244.8644,356.7513,0.530807,0.03821364,-0.8466306,0.0,0.0,0.0,0.1291896,-0.2042555,-4.308444,0.100487,-0.1407118,2.03654,-0.419092,-0.0564024,0.9061901,-0.1119231,0.9936657,0.01008516,-0.9010189,-0.09719695,-0.4227501,moving,61.42312,13.19922,2.824799,-3.952488,7.447591356474788,-0.2440901781596095
05/04/2023 16:19:28.133672,4272,True,True,True,True,Eyes,2.104615,0.1508922,-3.475034,-0.8748468,-0.1131364,-0.4710023,0.0,0.0,0.0,0.0,0.0,0.0,0.0,4.043829,0.1212975,0.3202739,1.980126,0.1378151,-3.539768,0.04984772,-0.840681,0.02560943,0.5386229,5.552454,245.1382,356.7617,0.5296395,0.03811927,-0.8473657,0.0,0.0,0.0,0.1163078,-0.2065724,-4.305238,0.09729671,-0.1427397,2.036792,-0.4148009,-0.05622441,0.9081734,-0.1113997,0.9937187,0.01063953,-0.9030671,-0.09675698,-0.4184587,moving,61.70275,13.50676,2.734917,-4.008771,7.4535919588729485,-0.2486820940605584
05/04/2023 16:19:28.153605,4273,True,True,True,True,Eyes,2.098564,0.1503115,-3.478201,-0.8769761,-0.1147513,-0.4666315,0.0,0.0,0.0,0.0,0.0,0.0,0.0,4.039912,0.1239736,0.3302054,1.96965,0.1376603,-3.542149,0.05025055,-0.8392889,0.02565342,0.5407504,5.589889,245.4278,356.7395,0.5284486,0.03801926,-0.8481134,0.0,0.0,0.0,0.1035794,-0.2100135,-4.301304,0.09397185,-0.1448526,2.037057,-0.4101279,-0.05660526,0.9102698,-0.1120936,0.9936336,0.01128475,-0.9051134,-0.09740726,-0.413862,moving,61.98294,13.8157,2.64125,-4.067385,7.45959458453096,-0.2532979448442622
05/04/2023 16:19:28.163016,4274,True,True,True,True,Eyes,2.09234,0.1497552,-3.481337,-0.8790572,-0.1164979,-0.4622625,0.0,0.0,0.0,0.0,0.0,0.0,0.0,4.03586,0.1261991,0.3402462,1.959341,0.1379254,-3.544265,0.05063246,-0.8379035,0.02566803,0.5428585,5.623275,245.7153,356.7176,0.5272338,0.03791539,-0.8488737,0.0,0.0,0.0,0.09099815,-0.2128265,-4.297078,0.09075552,-0.1468967,2.037313,-0.4054823,-0.05698201,0.9123253,-0.1127184,0.993555,0.01195786,-0.9071267,-0.09798717,-0.4092919,moving,62.26184,14.14495,2.55065,-4.12407,7.4652925841272975,-0.25830104899172046
05/04/2023 16:19:28.183062,4275,True,True,True,True,Eyes,2.085931,0.149172,-3.484426,-0.8811257,-0.118229,-0.4578638,0.0,0.0,0.0,0.0,0.0,0.0,0.0,4.031378,0.1302363,0.3513908,1.948731,0.1382791,-3.546233,0.05114528,-0.8364152,0.02543597,0.5451118,5.641853,246.0223,356.6688,0.5259944,0.03780871,-0.8496471,0.0,0.0,0.0,0.07775273,-0.21495,-4.291976,0.08773738,-0.1488152,2.037552,-0.4004748,-0.05782649,0.9144813,-0.1132883,0.9934744,0.01320972,-0.9092777,-0.09830985,-0.4044125,moving,62.54203,14.47857,2.465644,-4.177254,7.4709806508499375,-0.2633808114980123
05/04/2023 16:19:28.203098,4276,True,True,True,True,Eyes,2.079358,0.1486076,-3.487473,-0.8831665,-0.1201676,-0.4534055,0.0,0.0,0.0,0.0,0.0,0.0,0.0,4.026571,0.1377017,0.3622041,1.937909,0.1372833,-3.54811,0.05206487,-0.8348916,0.02541105,0.547357,5.706181,246.3281,356.5938,0.5247295,0.03769896,-0.8504336,0.0,0.0,0.0,0.06470499,-0.2201721,-4.286954,0.08452404,-0.1508579,2.037807,-0.3953794,-0.05911921,0.9166135,-0.1147549,0.993287,0.01456519,-0.9113214,-0.0994271,-0.3995095,moving,62.82466,14.84402,2.375149,-4.233857,7.476349591494611,-0.2690485103553124
05/04/2023 16:19:28.223123,4277,True,True,True,True,Eyes,1.910841,0.1360424,-3.562351,-0.9259598,-0.16953,-0.3374287,0.0,0.0,0.0,0.0,0.0,0.0,0.0,4.021539,0.1508229,0.3738809,1.927246,0.1366475,-3.54998,0.05401656,-0.833236,0.02575556,0.5496698,5.871829,246.6417,356.4438,0.5234398,0.03758703,-0.8512331,0.0,0.0,0.0,0.05241444,-0.2286613,-4.281577,0.08133507,-0.1528846,2.03806,-0.3898908,-0.06170297,0.9187917,-0.1183312,0.9928377,0.01646163,-0.9132267,-0.1023035,-0.3943997,moving,69.97777,26.67574,2.285352,-4.289995,7.579317240927738,-0.4610364851941294
05/04/2023 16:19:28.233449,4278,True,True,True,True,Eyes,1.91042,0.1361133,-3.562442,-0.9260012,-0.1697405,-0.3372092,0.0,0.0,0.0,0.0,0.0,0.0,0.0,4.015859,0.1752543,0.386487,1.916625,0.1378178,-3.551727,0.05764505,-0.8313977,0.02580877,0.5520769,6.117266,246.9634,356.1158,0.5179781,0.03716457,-0.8545859,-0.5055499,-0.03769577,-0.2246318,0.04082079,-0.2383471,-4.276082,0.07811916,-0.1549288,2.038315,-0.3837762,-0.06735507,0.9209664,-0.1243488,0.9920219,0.02073431,-0.9150155,-0.1065637,-0.3890899,moving,69.99059,26.71925,2.194808,-4.346598,7.57921749569863,-0.4617998374842137
05/04/2023 16:19:28.253350,4279,True,True,True,True,Eyes,1.90958,0.1362517,-3.562602,-0.9261235,-0.1699634,-0.3367606,0.0,0.0,0.0,0.0,0.0,0.0,0.0,4.010259,0.1925265,0.4006972,1.905937,0.1395671,-3.553552,0.06010354,-0.8295165,0.02540782,0.554657,6.24765,247.3121,355.8737,0.5133187,0.03680608,-0.8574083,-0.4752169,-0.03543402,-0.2111539,0.02814722,-0.2433673,-4.27003,0.07474363,-0.1570749,2.038581,-0.3774861,-0.07152849,0.9232484,-0.127899,0.991484,0.02452128,-0.9171399,-0.1088261,-0.3834198,moving,70.01752,26.78012,2.099782,-4.405995,7.579397065020993,-0.46282951380354886
05/04/2023 16:19:28.263495,4280,True,True,True,True,Eyes,1.908335,0.1364601,-3.56282,-0.9263312,-0.1701477,-0.3360954,0.0,0.0,0.0,0.0,0.0,0.0,0.0,4.004865,0.2009667,0.4150186,1.895186,0.1412973,-3.55526,0.06129351,-0.8277115,0.02494681,0.5572383,6.292703,247.6653,355.7499,0.5092528,0.03649799,-0.8598425,-0.4467039,-0.03330798,-0.1984847,0.01463836,-0.2451292,-4.263412,0.07159781,-0.159074,2.038831,-0.3714572,-0.07366405,0.9255232,-0.1292693,0.9912416,0.02701266,-0.919407,-0.1096077,-0.3777264,moving,70.058,26.85074,2.011234,-4.461302,7.579933075188812,-0.46398484945587615
05/04/2023 16:19:28.283455,4281,True,True,True,True,Eyes,1.906694,0.1367027,-3.563098,-0.9266442,-0.1702776,-0.3351656,0.0,0.0,0.0,0.0,0.0,0.0,0.0,3.999344,0.202006,0.4335384,1.884263,0.1431114,-3.557046,0.06121976,-0.8256926,0.0240858,0.5602713,6.22161,248.085,355.7248,0.505558,0.03622552,-0.8620317,-0.4199017,-0.0313095,-0.1865756,-0.0007045751,-0.2425614,-4.254609,0.06856489,-0.1610021,2.039073,-0.3646969,-0.07410824,0.9281726,-0.1280866,0.991344,0.0288244,-0.9222745,-0.1083743,-0.3710324,moving,70.11504,26.9324,1.925874,-4.514619,7.5809158694151195,-0.46527729469571394
05/04/2023 16:19:28.333614,4282,True,True,True,True,Eyes,1.904694,0.136995,-3.563465,-0.927056,-0.1704414,-0.3339415,0.0,0.0,0.0,0.0,0.0,0.0,0.0,3.993776,0.1948511,0.4548874,1.873207,0.1442641,-3.558851,0.06009486,-0.8235238,0.02361695,0.5635951,6.121464,248.5499,355.8267,0.5021908,0.03598621,-0.8640075,-0.3947076,-0.02943093,-0.175381,-0.01693026,-0.2396179,-4.244217,0.06534868,-0.1630461,2.039328,-0.3574981,-0.0723583,0.9311064,-0.1255999,0.9916617,0.02884012,-0.9254294,-0.1066366,-0.3636055,moving,70.1901,27.03944,1.835371,-4.571127,7.582214473234389,-0.46697019187512767
05/04/2023 16:19:28.343364,4283,True,True,True,True,Eyes,1.904694,0.136995,-3.563465,-0.927056,-0.1704414,-0.3339415,0.0,0.0,0.0,0.0,0.0,0.0,0.0,3.987346,0.1831311,0.4852505,1.862397,0.145726,-3.560642,0.05908503,-0.8206902,0.02462856,0.5677764,6.172318,249.1384,356.0195,0.4991122,0.03577816,-0.8657982,-0.3710251,-0.02766507,-0.1648582,-0.03340262,-0.2416541,-4.229173,0.06202608,-0.1651582,2.03959,-0.3482778,-0.06901398,0.9348473,-0.124948,0.9918048,0.02666934,-0.9290266,-0.107519,-0.3540469,moving,70.1901,27.03944,1.741888,-4.629493,7.582214473234389,-0.46697019187512767
05/04/2023 16:19:28.353184,4284,True,True,True,True,Eyes,1.904694,0.136995,-3.563465,-0.927056,-0.1704414,-0.3339415,0.0,0.0,0.0,0.0,0.0,0.0,0.0,3.980471,0.1826671,0.5128169,1.851585,0.1468236,-3.562382,0.05949683,-0.817919,0.02541087,0.5716843,6.291963,249.6867,356.0614,0.496336,0.03559053,-0.8674004,-0.3487636,-0.02600517,-0.1549667,-0.0476353,-0.2483054,-4.218526,0.05573571,-0.1691564,2.04009,-0.3392746,-0.06827321,0.9382067,-0.1263812,0.9916288,0.02645875,-0.9321592,-0.1095949,-0.3450629,moving,70.1901,27.03944,1.564944,-4.739903,7.582214473234389,-0.46697019187512767
05/04/2023 16:19:28.363196,4285,True,True,True,True,Eyes,1.901476,0.1373937,-3.564039,-0.9275604,-0.1710194,-0.3322408,0.0,0.0,0.0,0.0,0.0,0.0,0.0,3.973803,0.1823996,0.5362163,1.840713,0.1480632,-3.563951,0.05980993,-0.8154368,0.025859,0.5751668,6.371474,250.1765,356.0884,0.493833,0.03542135,-0.8688348,-0.3278378,-0.02444486,-0.1456687,-0.06216378,-0.2521918,-4.207638,0.05160683,-0.1717815,2.040418,-0.331212,-0.06779597,0.9411177,-0.1272889,0.9915082,0.02662861,-0.9349312,-0.1109741,-0.337029,moving,70.2931,27.23694,1.448832,-4.812346,7.583351338517258,-0.47024467638247863
05/04/2023 16:19:28.383467,4286,True,True,True,True,Eyes,1.89795,0.1377875,-3.564661,-0.9281362,-0.1716179,-0.3303187,0.0,0.0,0.0,0.0,0.0,0.0,0.0,3.967239,0.1808744,0.5592666,1.82997,0.1487432,-3.565608,0.06000553,-0.8129689,0.02657573,0.5785974,6.468016,250.6617,356.1445,0.4915097,0.03527959,-0.870157,-0.3081675,-0.02297816,-0.1369286,-0.07699295,-0.2561017,-4.194923,0.04942971,-0.1731644,2.040592,-0.3232493,-0.06681196,0.9439526,-0.1283185,0.9913861,0.02622759,-0.9375738,-0.1126486,-0.3290381,moving,70.40963,27.45424,1.387617,-4.850494,7.584715842838197,-0.4738338158268988
05/04/2023 16:19:28.403481,4287,True,True,True,True,Eyes,1.894124,0.1381664,-3.565306,-0.9285618,-0.1723488,-0.3287382,0.0,0.0,0.0,0.0,0.0,0.0,0.0,3.961359,0.176103,0.5785894,1.819158,0.1490494,-3.567435,0.05972668,-0.8107812,0.02730941,0.5816535,6.532362,251.0968,356.244,0.4893419,0.03516252,-0.8713826,-0.2896775,-0.02159947,-0.1287128,-0.09118177,-0.2597976,-4.184934,0.04627198,-0.1751716,2.040842,-0.3162239,-0.0650813,0.9464496,-0.1286198,0.9913738,0.02519654,-0.9399252,-0.1137644,-0.3218669,moving,70.50454,27.66685,1.298844,-4.905846,7.585373117006264,-0.4774267212787095
05/04/2023 16:19:28.413276,4288,True,True,True,True,Eyes,1.890017,0.1385152,-3.565986,-0.9290576,-0.1730719,-0.3269528,0.0,0.0,0.0,0.0,0.0,0.0,0.0,3.955417,0.1707945,0.5963979,1.808309,0.1491377,-3.569027,0.05925645,-0.8087078,0.02785627,0.5845551,6.565124,251.5113,356.3482,0.4873087,0.03506744,-0.872525,-0.2722968,-0.0203035,-0.1209901,-0.1052614,-0.2627473,-4.175668,0.04288083,-0.177327,2.041111,-0.3095683,-0.06327526,0.9487697,-0.1284094,0.9914254,0.02422216,-0.9421671,-0.1143325,-0.315039,moving,70.61208,27.89443,1.203526,-4.965259,7.586287661934298,-0.4812473184474758
05/04/2023 16:19:28.433524,4289,True,True,True,True,Eyes,1.885638,0.1388215,-3.566698,-0.929436,-0.1738696,-0.3254505,0.0,0.0,0.0,0.0,0.0,0.0,0.0,3.949279,0.1656504,0.6143217,1.797442,0.1489177,-3.570527,0.05879797,-0.8066074,0.0284698,0.5874664,6.604293,251.9285,356.4561,0.4853911,0.03499152,-0.8735963,-0.255959,-0.01908529,-0.1137307,-0.1193575,-0.2661137,-4.16595,0.03970933,-0.1793437,2.041362,-0.3028519,-0.06140364,0.9510576,-0.1283039,0.9914646,0.02315577,-0.9443616,-0.1150116,-0.3081453,moving,70.70183,28.11304,1.114398,-5.020825,7.586685403261563,-0.48497494570083916
05/04/2023 16:19:28.452995,4290,True,True,True,True,Eyes,1.881007,0.1391135,-3.567448,-0.9298614,-0.1746835,-0.3237953,0.0,0.0,0.0,0.0,0.0,0.0,0.0,3.944072,0.1598502,0.6285033,1.786793,0.1481362,-3.572351,0.05828376,-0.8047788,0.02926628,0.5899811,6.654291,252.2911,356.5786,0.4835725,0.03493192,-0.8746068,-0.2406015,-0.01794018,-0.1069068,-0.1325635,-0.2704023,-4.158258,0.03657544,-0.1813345,2.04161,-0.2970509,-0.05927796,0.95302,-0.1283441,0.991493,0.02166688,-0.946197,-0.1158784,-0.3021318,moving,70.80092,28.34631,1.026344,-5.075655,7.587227648066151,-0.48893842605524424
05/04/2023 16:19:28.472998,4291,True,True,True,True,Eyes,1.87614,0.1394111,-3.56826,-0.9302052,-0.1755027,-0.3223618,0.0,0.0,0.0,0.0,0.0,0.0,0.0,3.93909,0.1570445,0.6398067,1.776155,0.1481068,-3.574042,0.05825187,-0.8031294,0.02993889,0.592194,6.723751,252.6099,356.6457,0.4818366,0.0348867,-0.875566,-0.2261654,-0.01686377,-0.1004924,-0.1450001,-0.2748081,-4.152271,0.0331803,-0.1834929,2.04188,-0.2918262,-0.05810831,0.9547047,-0.1290268,0.9914207,0.02090321,-0.9477288,-0.1170824,-0.2968201,moving,70.88628,28.56509,0.9309673,-5.135074,7.587467479885956,-0.4926879142851042
05/04/2023 16:19:28.483067,4292,True,True,True,True,Eyes,1.871042,0.1397172,-3.569109,-0.9306098,-0.1762114,-0.3208038,0.0,0.0,0.0,0.0,0.0,0.0,0.0,3.93416,0.1555082,0.6503415,1.765475,0.1484275,-3.575724,0.05812197,-0.8015428,0.02996417,0.5943512,6.726197,252.9192,356.6776,0.4801709,0.03485464,-0.8764819,-0.2125955,-0.01585194,-0.09446287,-0.1578558,-0.276411,-4.146626,0.03000146,-0.1855138,2.042133,-0.2867374,-0.05755602,0.956279,-0.128793,0.991448,0.0210546,-0.9493126,-0.1171249,-0.2916979,moving,70.97969,28.77915,0.8416855,-5.190682,7.588053058008968,-0.49631445321519324
05/04/2023 16:19:28.503023,4293,True,True,True,True,Eyes,1.865724,0.140026,-3.569992,-0.9309727,-0.1768581,-0.3193918,0.0,0.0,0.0,0.0,0.0,0.0,0.0,3.92955,0.1555231,0.6590929,1.754858,0.1489809,-3.577462,0.05773082,-0.8001174,0.02896363,0.596356,6.615441,253.204,356.662,0.4785634,0.03483471,-0.8773615,-0.1998397,-0.01490082,-0.0887951,-0.1711693,-0.2737763,-4.142148,0.02691936,-0.1874727,2.042377,-0.2820534,-0.05783758,0.9576539,-0.1269281,0.9916565,0.02250763,-0.9509655,-0.1152048,-0.2870413,moving,71.06428,28.97479,0.755138,-5.244564,7.588560503624999,-0.49963225111113946
05/04/2023 16:19:28.513196,4294,True,True,True,True,Eyes,1.8602,0.1403329,-3.570913,-0.9313881,-0.1774376,-0.3178553,0.0,0.0,0.0,0.0,0.0,0.0,0.0,3.92499,0.1565604,0.6682649,1.744365,0.1493873,-3.579317,0.05735039,-0.7986576,0.02775365,0.5984035,6.486475,253.4947,356.631,0.4770033,0.03482585,-0.878211,-0.1878494,-0.01400677,-0.08346739,-0.1844975,-0.2706808,-4.137716,0.02378511,-0.1894649,2.042624,-0.2772483,-0.05839089,0.9590223,-0.1248224,0.9918814,0.02430602,-0.9526556,-0.1129687,-0.2822859,moving,71.15674,29.17174,0.6671442,-5.299343,7.589330454371929,-0.5029412113749301
05/04/2023 16:19:28.533882,4295,True,True,True,True,Eyes,1.854487,0.1406628,-3.571872,-0.931762,-0.1781015,-0.3163849,0.0,0.0,0.0,0.0,0.0,0.0,0.0,3.920649,0.156557,0.6768198,1.733952,0.1496561,-3.581214,0.05699009,-0.7972364,0.0269013,0.6003687,6.391617,253.7754,356.6214,0.4754816,0.03482695,-0.8790358,-0.1765784,-0.01316637,-0.07845934,-0.1973976,-0.2689497,-4.13358,0.02058202,-0.1915011,2.042879,-0.2726191,-0.05856775,0.9603378,-0.1231705,0.9920569,0.02553675,-0.9542053,-0.1113235,-0.2776675,moving,71.2448,29.37632,0.5772359,-5.355302,7.589847059415661,-0.506412301286158
05/04/2023 16:19:28.553377,4296,True,True,True,True,Eyes,1.848596,0.1410245,-3.572862,-0.932174,-0.1787882,-0.3147798,0.0,0.0,0.0,0.0,0.0,0.0,0.0,3.916348,0.1557791,0.6858377,1.723777,0.1505217,-3.583064,0.05722634,-0.7957426,0.02727682,0.6023078,6.450594,254.0558,356.6412,0.4739905,0.03483764,-0.8798403,-0.1659837,-0.01237638,-0.07375178,-0.2089857,-0.2720149,-4.128998,0.01737076,-0.1935423,2.043133,-0.2679009,-0.05821681,0.961686,-0.123933,0.9919623,0.0255251,-0.9554422,-0.1123464,-0.2729625,moving,71.34102,29.59565,0.4871181,-5.411376,7.590465158319741,-0.510125953178304
05/04/2023 16:19:28.563439,4297,True,True,True,True,Eyes,1.842546,0.1414033,-3.573905,-0.9326641,-0.1798174,-0.3127352,0.0,0.0,0.0,0.0,0.0,0.0,0.0,3.911866,0.1550299,0.695498,1.713673,0.1516804,-3.584797,0.05744381,-0.7942048,0.02753663,0.6043018,6.497868,254.3443,356.6556,0.4725223,0.03485781,-0.8806288,-0.1560247,-0.0116338,-0.06932668,-0.2205879,-0.2744866,-4.124248,0.01397428,-0.1957011,2.043403,-0.2630392,-0.05796343,0.9630424,-0.1245252,0.9918839,0.02568733,-0.9567151,-0.1131662,-0.2681222,moving,71.46299,29.89817,0.3918242,-5.470655,7.590936484468379,-0.5152938491672759
05/04/2023 16:19:28.583370,4298,True,True,True,True,Eyes,1.836338,0.1417897,-3.574984,-0.9331715,-0.1809359,-0.3105693,0.0,0.0,0.0,0.0,0.0,0.0,0.0,3.907336,0.1540186,0.7063951,1.703735,0.1525134,-3.586643,0.05794491,-0.7925439,0.02853674,0.6063846,6.632872,254.6486,356.6965,0.4710715,0.03488697,-0.8814046,-0.1466632,-0.01093577,-0.06516708,-0.231649,-0.280108,-4.118382,0.01100963,-0.1975852,2.043638,-0.2578807,-0.0572393,0.96448,-0.1264563,0.9916561,0.02504054,-0.9578657,-0.115507,-0.2629673,moving,71.59202,30.22484,0.3086649,-5.522368,7.591350472394222,-0.5208856766066222
05/04/2023 16:19:28.603317,4299,True,True,True,True,Eyes,1.829991,0.1421726,-3.576115,-0.933698,-0.1823497,-0.3081503,0.0,0.0,0.0,0.0,0.0,0.0,0.0,3.903163,0.1500993,0.7168994,1.693789,0.1530876,-3.588706,0.05845906,-0.7908909,0.03043547,0.6083977,6.850263,254.9474,356.7993,0.4696324,0.03492446,-0.8821708,-0.1378634,-0.01027963,-0.06125705,-0.2420027,-0.2890233,-4.112786,0.007796019,-0.1996277,2.043893,-0.2528697,-0.05543574,0.9659108,-0.1295032,0.9913124,0.02299043,-0.9587939,-0.119275,-0.2578519,moving,71.73546,30.61516,0.2185422,-5.578405,7.591464428699279,-0.5276126689661984
05/04/2023 16:19:28.614240,4300,True,True,True,True,Eyes,1.823501,0.1425585,-3.577274,-0.9342211,-0.1838902,-0.3056391,0.0,0.0,0.0,0.0,0.0,0.0,0.0,3.899224,0.1477795,0.725081,1.684056,0.153479,-3.590533,0.05912644,-0.7894189,0.03221145,0.610151,7.065779,255.2089,356.8783,0.4682007,0.03496935,-0.8829297,-0.1295916,-0.009662849,-0.05758163,-0.251709,-0.2981078,-4.108378,0.004498243,-0.2017238,2.044154,-0.2484397,-0.05404337,0.9671386,-0.1326587,0.990933,0.02129547,-0.9595205,-0.1230088,-0.2533563,moving,71.88401,31.03355,0.1260815,-5.635887,7.5914019048308505,-0.5348455683382458
05/04/2023 16:19:28.633460,4301,True,True,True,True,Eyes,1.81689,0.1429457,-3.578506,-0.9347531,-0.1856967,-0.3029084,0.0,0.0,0.0,0.0,0.0,0.0,0.0,3.895185,0.1465738,0.73351,1.674115,0.1539499,-3.592439,0.06027706,-0.7878581,0.03460422,0.6119224,7.371146,255.4763,356.958,0.4667725,0.03502103,-0.8836835,-0.1218161,-0.009083078,-0.05412673,-0.2609673,-0.3101409,-4.103466,0.001395553,-0.2036965,2.044401,-0.2438354,-0.05262933,0.9683877,-0.1373297,0.9903384,0.01924335,-0.9600443,-0.1282962,-0.2487071,moving,72.04499,31.5102,0.03911136,-5.689958,7.591037803692794,-0.543120735012216
05/04/2023 16:19:28.653665,4302,True,True,True,True,Eyes,1.810148,0.1433353,-3.579769,-0.9352848,-0.1875667,-0.3001018,0.0,0.0,0.0,0.0,0.0,0.0,0.0,3.89117,0.1435711,0.7427573,1.664359,0.15441,-3.594381,0.06109403,-0.7862648,0.03686238,0.613756,7.640722,255.7547,357.0607,0.4653438,0.03507884,-0.8844344,-0.1145071,-0.008538093,-0.05087913,-0.2703256,-0.3209877,-4.098295,-0.001796275,-0.2057248,2.044654,-0.2391421,-0.05082314,0.9696535,-0.1413212,0.9898174,0.01702646,-0.9606453,-0.1329608,-0.2438895,moving,72.21029,32.00581,-0.05033564,-5.745533,7.590585307280837,-0.5517339263130634
05/04/2023 16:19:28.663314,4303,True,True,True,True,Eyes,1.803286,0.1437201,-3.58109,-0.9358476,-0.1894548,-0.2971469,0.0,0.0,0.0,0.0,0.0,0.0,0.0,3.887354,0.1418429,0.7509122,1.65453,0.1549045,-3.596394,0.06176239,-0.7847622,0.03844828,0.6155124,7.838225,256.0196,357.1297,0.4639114,0.03514227,-0.885184,-0.1076367,-0.008025807,-0.04782638,-0.2800681,-0.3294058,-4.09412,-0.00520131,-0.2078893,2.044924,-0.2346597,-0.04960677,0.970811,-0.1442683,0.9894143,0.01568552,-0.9613123,-0.1363765,-0.2393324,moving,72.38451,32.52076,-0.1457328,-5.804814,7.590202765187389,-0.5606727267721097
05/04/2023 16:19:28.683502,4304,True,True,True,True,Eyes,1.796295,0.1440911,-3.582446,-0.9364255,-0.1912992,-0.2941291,0.0,0.0,0.0,0.0,0.0,0.0,0.0,3.883654,0.1409137,0.7586355,1.644711,0.1551937,-3.598471,0.06216725,-0.7833142,0.03934672,0.6172568,7.954578,256.2802,357.1746,0.4624723,0.03521065,-0.8859341,-0.1011785,-0.007544259,-0.0449568,-0.2904884,-0.3349078,-4.089918,-0.008117676,-0.2097435,2.045155,-0.2302586,-0.04881893,0.9719042,-0.1459671,0.9891741,0.01510464,-0.9621199,-0.138388,-0.2348917,moving,72.56262,33.03965,-0.2274185,-5.855569,7.589908010240395,-0.5696690481264268
05/04/2023 16:19:28.703061,4305,True,True,True,True,Eyes,1.78918,0.1444286,-3.58383,-0.9370443,-0.1930548,-0.2909943,0.0,0.0,0.0,0.0,0.0,0.0,0.0,3.879941,0.1416817,0.7663527,1.634726,0.1552712,-3.600677,0.062461,-0.7818595,0.03961307,0.619052,8.006007,256.5452,357.1854,0.4610239,0.03528318,-0.8866857,-0.0951078,-0.007091604,-0.04225939,-0.3015097,-0.3385671,-4.086317,-0.01140255,-0.2118311,2.045417,-0.2257468,-0.04862636,0.9729719,-0.1467165,0.9890589,0.01538951,-0.9630748,-0.1392769,-0.2304112,moving,72.74809,33.56155,-0.3194024,-5.912687,7.589835999950707,-0.5786906552964041
05/04/2023 16:19:28.713401,4306,True,True,True,True,Eyes,1.781942,0.1447275,-3.585253,-0.9376828,-0.1947737,-0.2877745,0.0,0.0,0.0,0.0,0.0,0.0,0.0,3.875836,0.1459472,0.7757111,1.624687,0.1547879,-3.602994,0.06286289,-0.7802506,0.03930631,0.6210575,8.014313,256.8378,357.1477,0.459565,0.03535859,-0.8874397,0.0,0.0,0.0,-0.3131569,-0.3411827,-4.082015,-0.0145497,-0.2138304,2.045667,-0.220672,-0.04927466,0.9741027,-0.1469205,0.9890065,0.01674538,-0.9642191,-0.1394204,-0.2254856,moving,72.93877,34.09122,-0.4075065,-5.96737,7.589849790805081,-0.5878361637474259
05/04/2023 16:19:28.733309,4307,True,True,True,True,Eyes,1.774596,0.1449668,-3.586738,-0.9383495,-0.1964146,-0.2844671,0.0,0.0,0.0,0.0,0.0,0.0,0.0,3.871536,0.1478662,0.7865114,1.614563,0.1541689,-3.605366,0.06316116,-0.7785133,0.03950896,0.623191,8.0617,257.1534,357.1575,0.4580931,0.03543567,-0.8881974,0.0,0.0,0.0,-0.3247074,-0.3454643,-4.076988,-0.01794755,-0.2159911,2.045937,-0.2152876,-0.04910034,0.9753158,-0.1475869,0.9888994,0.01720643,-0.965334,-0.1402394,-0.2201443,moving,73.13496,34.62373,-0.5026025,-6.026437,7.590022861131659,-0.5970116283724585
05/04/2023 16:19:28.753563,4308,True,True,True,True,Eyes,1.767132,0.1451523,-3.588262,-0.9390296,-0.1980685,-0.2810558,0.0,0.0,0.0,0.0,0.0,0.0,0.0,3.867044,0.1473344,0.7994866,1.604609,0.1529873,-3.607872,0.06326751,-0.7766078,0.0402173,0.625508,8.141298,257.5008,357.2233,0.4566061,0.03551277,-0.8889596,0.0,0.0,0.0,-0.3361784,-0.3512107,-4.070324,-0.02092317,-0.2178823,2.046172,-0.2094742,-0.04795559,0.9766376,-0.1485806,0.9887596,0.01668252,-0.9664598,-0.1416148,-0.214245,moving,73.33732,35.17351,-0.5858585,-6.078115,7.590194707999089,-0.6064854847131806
05/04/2023 16:19:28.763324,4309,True,True,True,True,Eyes,1.577964,0.1482917,-3.628011,-0.9518334,-0.2384036,-0.1928129,0.0,0.0,0.0,0.0,0.0,0.0,0.0,3.862628,0.1449319,0.8119407,1.594397,0.1519195,-3.610397,0.06334055,-0.7747148,0.04133557,0.6277709,8.254671,257.8441,357.3217,0.455103,0.03558854,-0.8897271,0.0,0.0,0.0,-0.3474498,-0.3583253,-4.064097,-0.02437267,-0.220075,2.046445,-0.2037833,-0.04624319,0.9779232,-0.1500403,0.9885587,0.01548014,-0.9674503,-0.1435732,-0.2083902,moving,78.54855,51.03522,-0.6823467,-6.138009,7.572906600130809,-0.8824819867843875
05/04/2023 16:19:28.783498,4310,True,True,True,True,Eyes,1.577547,0.1482236,-3.628122,-0.9518606,-0.238515,-0.1925409,0.0,0.0,0.0,0.0,0.0,0.0,0.0,3.858035,0.1409439,0.8258185,1.584307,0.1506385,-3.61297,0.06333539,-0.7727048,0.04283431,0.6301438,8.396196,258.2081,357.4569,0.4488026,0.03580296,-0.8929131,-0.5675061,0.009418175,-0.1192453,-0.3585977,-0.3663574,-4.056506,-0.02730536,-0.2219391,2.046677,-0.197815,-0.04389557,0.979256,-0.1518627,0.9883077,0.01362424,-0.9684043,-0.1460173,-0.2021682,moving,78.5646,51.08784,-0.7643558,-6.188901,7.572805333183181,-0.8834028470278502
05/04/2023 16:19:28.803507,4311,True,True,True,True,Eyes,1.576736,0.1480874,-3.628345,-0.9518945,-0.2387275,-0.1921094,0.0,0.0,0.0,0.0,0.0,0.0,0.0,3.853237,0.1379647,0.8409457,1.57399,0.1489934,-3.615801,0.06348023,-0.7705387,0.04447412,0.632663,8.560941,258.5962,357.5916,0.4434534,0.0359826,-0.8955746,-0.5334557,0.008853084,-0.1120906,-0.3698177,-0.3757383,-4.048584,-0.03052002,-0.2239823,2.046932,-0.1914156,-0.04155369,0.9806289,-0.1541022,0.9879847,0.01178511,-0.969336,-0.1488612,-0.1955192,moving,78.58995,51.17559,-0.8542243,-6.244657,7.572586250263173,-0.8849445064969337
05/04/2023 16:19:28.813400,4312,True,True,True,True,Eyes,1.575539,0.1478817,-3.628679,-0.9519461,-0.2390741,-0.191422,0.0,0.0,0.0,0.0,0.0,0.0,0.0,3.848341,0.138007,0.8562608,1.563789,0.1472852,-3.618676,0.06406944,-0.7683104,0.04617667,0.6351868,8.763028,258.9865,357.6927,0.4388879,0.03613179,-0.8978148,-0.5014484,0.008321899,-0.1053651,-0.3804921,-0.3864518,-4.040673,-0.03371453,-0.226013,2.047186,-0.1848661,-0.03978879,0.9819581,-0.157112,0.9875256,0.01043607,-0.970124,-0.1523481,-0.1888113,moving,78.63031,51.31643,-0.943503,-6.300044,7.572223014228532,-0.8874202827221872
05/04/2023 16:19:28.833464,4313,True,True,True,True,Eyes,1.57398,0.1475959,-3.629116,-0.9518561,-0.2397316,-0.1910464,0.0,0.0,0.0,0.0,0.0,0.0,0.0,3.843457,0.1395234,0.8715219,1.553417,0.1454633,-3.621728,0.0648245,-0.7660396,0.04782859,0.6377254,8.972339,259.3801,357.7771,0.4348371,0.03625754,-0.8997786,-0.4713615,0.007822585,-0.09904323,-0.3911899,-0.3975268,-4.032885,-0.0369201,-0.2280507,2.047441,-0.1782084,-0.03831324,0.9832467,-0.1603193,0.9870204,0.009403266,-0.9708449,-0.1559576,-0.1820376,moving,78.65099,51.44804,-1.033064,-6.355595,7.57127923743446,-0.8898062377266199
05/04/2023 16:19:28.853217,4314,True,True,True,True,Eyes,1.57207,0.1472308,-3.629662,-0.9517922,-0.2404843,-0.1904179,0.0,0.0,0.0,0.0,0.0,0.0,0.0,3.838519,0.1434905,0.8871207,1.543244,0.1433047,-3.624867,0.06582841,-0.7637135,0.04939956,0.6402875,9.192525,259.778,357.8352,0.4311473,0.03636314,-0.9015481,-0.4430798,0.00735323,-0.09310064,-0.4015074,-0.4092749,-4.025095,-0.04009303,-0.2300676,2.047693,-0.1713972,-0.03728824,0.9844962,-0.1638079,0.9864526,0.008843983,-0.9714886,-0.1597524,-0.1751833,moving,78.68663,51.62747,-1.121686,-6.410556,7.57025670247409,-0.893027461511676
05/04/2023 16:19:28.873440,4315,True,True,True,True,Eyes,1.569818,0.1467988,-3.630325,-0.9516331,-0.2413929,-0.1900629,0.0,0.0,0.0,0.0,0.0,0.0,0.0,3.833598,0.1499859,0.9026227,1.533075,0.1410428,-3.628151,0.0669197,-0.7613757,0.05046872,0.6428699,9.374835,260.1761,357.8501,0.4277754,0.03644874,-0.9031494,-0.416495,0.006912036,-0.0875146,-0.4120458,-0.4198228,-4.017767,-0.04334697,-0.2321355,2.04795,-0.16448,-0.0370124,0.9856858,-0.1667917,0.9859493,0.009189996,-0.9721764,-0.1628926,-0.1683423,moving,78.70534,51.78455,-1.212543,-6.466886,7.568918408674097,-0.8959005540035859
05/04/2023 16:19:28.883435,4316,True,True,True,True,Eyes,1.567235,0.1463011,-3.631105,-0.9515162,-0.2423176,-0.189471,0.0,0.0,0.0,0.0,0.0,0.0,0.0,3.829162,0.1598492,0.9162831,1.5227,0.1390343,-3.631756,0.06826569,-0.7591437,0.05098671,0.6453226,9.527399,260.5502,357.801,0.4246827,0.03651477,-0.9046052,-0.3915053,0.006497314,-0.08226372,-0.422825,-0.4289606,-4.011782,-0.04649588,-0.2341374,2.0482,-0.1577975,-0.03784119,0.9867464,-0.1694527,0.9854802,0.0106943,-0.9728238,-0.1655193,-0.1619186,moving,78.73827,51.97773,-1.300439,-6.521387,7.567624481197579,-0.8993917599433009
05/04/2023 16:19:28.903217,4317,True,True,True,True,Eyes,1.564328,0.1457543,-3.631957,-0.9513639,-0.2432332,-0.1890621,0.0,0.0,0.0,0.0,0.0,0.0,0.0,3.824499,0.1682204,0.9303818,1.512182,0.1369718,-3.635278,0.06923795,-0.7568932,0.05120452,0.6478401,9.626395,260.9335,357.764,0.4218338,0.03656164,-0.9059353,-0.368015,0.006107475,-0.0773279,-0.4342375,-0.4364336,-4.005668,-0.04986215,-0.2362771,2.048467,-0.1510184,-0.03846677,0.9877822,-0.1711562,0.9851684,0.01219753,-0.9736009,-0.167223,-0.1553624,moving,78.76019,52.14252,-1.394373,-6.579611,7.566301799844533,-0.9023961295249342
05/04/2023 16:19:28.913487,4318,True,True,True,True,Eyes,1.561114,0.1451905,-3.632932,-0.9512736,-0.2440753,-0.1884296,0.0,0.0,0.0,0.0,0.0,0.0,0.0,3.819905,0.1780092,0.9449692,1.501823,0.1353234,-3.63903,0.07020086,-0.7546142,0.05090629,0.6504137,9.680179,261.3215,357.6902,0.4191974,0.03659013,-0.9071571,-0.3459341,0.005741027,-0.07268822,-0.4459545,-0.441702,-3.999541,-0.05292529,-0.2382235,2.04871,-0.1440681,-0.03972882,0.9887701,-0.1721694,0.9849608,0.01448998,-0.9744754,-0.1681484,-0.1487415,moving,78.79581,52.33136,-1.47982,-6.632555,7.565158620196657,-0.9057943187883599
05/04/2023 16:19:28.933196,4319,True,True,True,True,Eyes,1.557598,0.1445953,-3.633983,-0.9512126,-0.2447268,-0.187892,0.0,0.0,0.0,0.0,0.0,0.0,0.0,3.815795,0.1854313,0.9585586,1.491339,0.1343265,-3.642989,0.07057466,-0.7524807,0.04989424,0.6529186,9.627846,261.6945,357.6132,0.4167452,0.0366017,-0.9082859,-0.3251781,0.005396565,-0.06832693,-0.4586987,-0.4427029,-3.994408,-0.05609345,-0.2402371,2.048962,-0.1374331,-0.04105838,0.9896598,-0.1713659,0.9850596,0.01707012,-0.9755747,-0.1672479,-0.1424159,moving,78.82626,52.4843,-1.568167,-6.687295,7.564289589382986,-0.9085396750791029
05/04/2023 16:19:28.953499,4320,True,True,True,True,Eyes,1.553792,0.1439749,-3.635154,-0.9512259,-0.2452498,-0.1871409,0.0,0.0,0.0,0.0,0.0,0.0,0.0,3.811848,0.1907547,0.9721293,1.480808,0.1329653,-3.647073,0.07018941,-0.7504226,0.04806142,0.6554613,9.447606,262.0683,357.5401,0.4144518,0.03659733,-0.9093349,-0.3056674,0.005072771,-0.06422731,-0.4727305,-0.4396458,-3.989538,-0.05927086,-0.2422573,2.049213,-0.130888,-0.04233864,0.9904926,-0.1683482,0.9855271,0.01988013,-0.9769991,-0.1641456,-0.1361212,moving,78.86997,52.6541,-1.656745,-6.742194,7.563676090664172,-0.911545570907398
05/04/2023 16:19:28.973185,4321,True,True,True,True,Eyes,1.549706,0.1433371,-3.636366,-0.9512593,-0.2456033,-0.1865066,0.0,0.0,0.0,0.0,0.0,0.0,0.0,3.808128,0.1940043,0.9849272,1.470117,0.1317112,-3.65116,0.0697355,-0.7484111,0.0466246,0.6579087,9.296754,262.4325,357.5008,0.4122947,0.03657799,-0.9103156,-0.2873273,0.004768405,-0.06037368,-0.4865102,-0.4376767,-3.985042,-0.0626983,-0.244436,2.049485,-0.1245862,-0.04303218,0.9912752,-0.1657311,0.9859262,0.02197045,-0.9782696,-0.1615479,-0.1299645,moving,78.90714,52.78764,-1.752259,-6.80137,7.563292726061933,-0.9138976918058798
05/04/2023 16:19:28.983505,4322,True,True,True,True,Eyes,1.545357,0.1426773,-3.637694,-0.9513451,-0.2459094,-0.1856636,0.0,0.0,0.0,0.0,0.0,0.0,0.0,3.80491,0.1943738,0.9971008,1.459641,0.1306842,-3.655366,0.06880698,-0.7465176,0.04498284,0.6602679,9.092166,262.7832,357.485,0.4102539,0.03654484,-0.9112386,-0.2700877,0.0044823,-0.05675125,-0.500563,-0.4333757,-3.98062,-0.06568131,-0.246332,2.049722,-0.1186241,-0.04332981,0.9919934,-0.1621327,0.9864843,0.02370111,-0.9796128,-0.158023,-0.1240459,moving,78.95702,52.9469,-1.835359,-6.852841,7.563032456233759,-0.9166792327937389
05/04/2023 16:19:29.003087,4323,True,True,True,True,Eyes,1.540755,0.1420233,-3.639065,-0.951406,-0.2463084,-0.1848211,0.0,0.0,0.0,0.0,0.0,0.0,0.0,3.801706,0.1939698,1.008843,1.449045,0.1295422,-3.659487,0.06830659,-0.7445829,0.04443425,0.6625377,9.014321,263.1301,357.5139,0.408311,0.0364987,-0.9121126,-0.2538825,0.004213362,-0.05334618,-0.5134074,-0.4338267,-3.976194,-0.06898072,-0.2484293,2.049984,-0.112756,-0.0428411,0.9926987,-0.1605985,0.9867196,0.02434142,-0.9805581,-0.1566813,-0.1181388,moving,79.00659,53.11673,-1.927242,-6.909751,7.562626468691366,-0.919660776889592
05/04/2023 16:19:29.023173,4324,True,True,True,True,Eyes,1.535932,0.1414596,-3.640535,-0.9514803,-0.2468048,-0.1837736,0.0,0.0,0.0,0.0,0.0,0.0,0.0,3.798209,0.1920717,1.021791,1.438601,0.1290587,-3.663483,0.06846567,-0.7424688,0.04546798,0.6648197,9.122847,263.4928,357.6078,0.4064512,0.03644109,-0.9129453,-0.2386495,0.003960561,-0.05014541,-0.5243716,-0.4400474,-3.970377,-0.07206813,-0.2503915,2.050229,-0.1066543,-0.04121122,0.9934418,-0.1621233,0.9864902,0.02351755,-0.9809898,-0.1585518,-0.1118948,moving,79.06821,53.32822,-2.01319,-6.962969,7.562116998025083,-0.9233741725920982
05/04/2023 16:19:29.033408,4325,True,True,True,True,Eyes,1.530882,0.1409252,-3.642076,-0.9515378,-0.247431,-0.1826299,0.0,0.0,0.0,0.0,0.0,0.0,0.0,3.794791,0.1919525,1.034354,1.428395,0.1304467,-3.667403,0.06917252,-0.7403702,0.04656437,0.6670075,9.278119,263.8421,357.6592,0.4046603,0.03637542,-0.9137431,-0.2243305,0.003722927,-0.04713669,-0.5344778,-0.4460169,-3.965174,-0.0752514,-0.2524142,2.050481,-0.1006324,-0.04030898,0.9941069,-0.1645441,0.9860939,0.02332745,-0.981223,-0.1612269,-0.1058656,moving,79.13527,53.5688,-2.101777,-7.017804,7.561429754090977,-0.9276112452204822
05/04/2023 16:19:29.053578,4326,True,True,True,True,Eyes,1.52561,0.1404402,-3.643709,-0.9516364,-0.2480618,-0.1812555,0.0,0.0,0.0,0.0,0.0,0.0,0.0,3.790246,0.1977124,1.049173,1.418121,0.1309642,-3.671185,0.06985535,-0.7380679,0.04624179,0.6695056,9.311173,264.2278,357.6073,0.4029255,0.03630327,-0.9145122,-0.2108707,0.003499551,-0.04430848,-0.5459721,-0.4485433,-3.959291,-0.07855374,-0.2545136,2.050744,-0.09376498,-0.04119768,0.9947416,-0.1650342,0.9859638,0.02527791,-0.9818207,-0.1617963,-0.0992479,moving,79.21621,53.8449,-2.193642,-7.074686,7.56078220678763,-0.9324569746128527
05/04/2023 16:19:29.063534,4327,True,True,True,True,Eyes,1.52561,0.1404402,-3.643709,-0.9516364,-0.2480618,-0.1812555,0.0,0.0,0.0,0.0,0.0,0.0,0.0,3.784519,0.2090565,1.067185,1.407564,0.1315767,-3.675135,0.07114651,-0.7353838,0.04559229,0.6723618,9.365275,264.6672,357.483,0.4012356,0.03622651,-0.9152579,-0.1982185,0.003289578,-0.04164997,-0.5577591,-0.4514885,-3.95188,-0.08170195,-0.2565146,2.050993,-0.08573595,-0.04333096,0.9953755,-0.165949,0.985719,0.02861673,-0.9824004,-0.1627281,-0.09170227,moving,79.21621,53.8449,-2.281189,-7.128878,7.56078220678763,-0.9324569746128527
05/04/2023 16:19:29.083497,4328,True,True,True,True,Eyes,1.52561,0.1404402,-3.643709,-0.9516364,-0.2480618,-0.1812555,0.0,0.0,0.0,0.0,0.0,0.0,0.0,3.778603,0.2161354,1.086446,1.39735,0.1340376,-3.678908,0.07185145,-0.7327013,0.04448569,0.6752831,9.336334,265.115,357.3739,0.3997137,0.03615733,-0.9159265,-0.1863254,0.003092203,-0.03915098,-0.5700333,-0.4496905,-3.943955,-0.08479705,-0.2584821,2.051239,-0.07766028,-0.04521043,0.9959543,-0.1653721,0.9857168,0.03185069,-0.9831688,-0.1622296,-0.08402757,moving,79.21621,53.8449,-2.367227,-7.182138,7.56078220678763,-0.9324569746128527
05/04/2023 16:19:29.103012,4329,True,True,True,True,Eyes,1.519303,0.1403162,-3.645668,-0.9518358,-0.2489108,-0.1790306,0.0,0.0,0.0,0.0,0.0,0.0,0.0,3.772951,0.2207586,1.104793,1.387115,0.1371885,-3.682601,0.07193479,-0.730173,0.04260401,0.6781281,9.194046,265.5464,357.2555,0.3983428,0.03609498,-0.9165258,-0.1751458,0.002906671,-0.03680192,-0.5833315,-0.4433118,-3.936749,-0.08799812,-0.2605171,2.051492,-0.06993541,-0.04726772,0.996431,-0.1628316,0.9860206,0.0353454,-0.9841722,-0.1597786,-0.07665442,moving,79.3477,54.2742,-2.456179,-7.2372,7.559975396783052,-0.9399674860232484
05/04/2023 16:19:29.113109,4330,True,True,True,True,Eyes,1.512828,0.1402841,-3.647684,-0.952125,-0.2495246,-0.1766222,0.0,0.0,0.0,0.0,0.0,0.0,0.0,3.766727,0.2241049,1.124057,1.376629,0.1400614,-3.686086,0.07141634,-0.7275941,0.03995051,0.6811098,8.941172,265.9955,357.1276,0.396956,0.03603631,-0.9171296,-0.1646371,0.002732271,-0.0345938,-0.5980099,-0.433348,-3.928831,-0.09120958,-0.2625578,2.051747,-0.06197837,-0.04950283,0.9968491,-0.1583456,0.9866073,0.03914922,-0.9854366,-0.1554202,-0.06898693,moving,79.49091,54.70781,-2.545385,-7.292391,7.55952944075711,-0.9475091815222861
05/04/2023 16:19:29.133123,4331,True,True,True,True,Eyes,1.506186,0.1403137,-3.649695,-0.9523855,-0.2503578,-0.1740194,0.0,0.0,0.0,0.0,0.0,0.0,0.0,3.760286,0.2325501,1.142688,1.366202,0.1421695,-3.689558,0.07117239,-0.7250257,0.03658727,0.6840569,8.651576,266.436,356.9183,0.3955504,0.03598327,-0.9177389,-0.1547589,0.002568335,-0.03251817,-0.6128783,-0.4226781,-3.92151,-0.09439151,-0.2645805,2.052,-0.05400158,-0.05314805,0.9971256,-0.1532591,0.9871918,0.0443185,-0.9867095,-0.1504253,-0.06145526,moving,79.64518,55.19751,-2.633736,-7.34706,7.558760962098567,-0.9560581796668507
05/04/2023 16:19:29.153350,4332,True,True,True,True,Eyes,1.499392,0.1404185,-3.651751,-0.9527147,-0.2510277,-0.17123,0.0,0.0,0.0,0.0,0.0,0.0,0.0,3.752953,0.2418291,1.162734,1.355709,0.1439128,-3.692754,0.07112541,-0.7222752,0.03349535,0.6871229,8.402693,266.901,356.7135,0.3941237,0.03593689,-0.9183543,-0.1454733,0.002414234,-0.03056708,-0.62743,-0.4137669,-3.913003,-0.09759288,-0.2666155,2.052254,-0.04560677,-0.0567134,0.9973484,-0.1487751,0.9876385,0.04935808,-0.987819,-0.1461295,-0.05348054,moving,79.81109,55.70147,-2.722592,-7.402037,7.558223681558443,-0.9648257329059815
05/04/2023 16:19:29.163516,4333,True,True,True,True,Eyes,1.492452,0.1405589,-3.653806,-0.9529766,-0.2520184,-0.1682922,0.0,0.0,0.0,0.0,0.0,0.0,0.0,3.745257,0.2519708,1.183533,1.345244,0.1455647,-3.695987,0.07134797,-0.7194061,0.03072993,0.6902319,8.20457,267.3784,356.511,0.3926743,0.03589843,-0.9189764,-0.1367449,0.00226938,-0.02873306,-0.6414219,-0.4067462,-3.904148,-0.1009073,-0.268722,2.052517,-0.03697897,-0.06023479,0.9974992,-0.1450779,0.9879303,0.05427871,-0.9887291,-0.1427079,-0.04527142,moving,79.98503,56.2659,-2.814549,-7.458919,7.557200558654477,-0.9746958029673888
05/04/2023 16:19:29.183704,4334,True,True,True,True,Eyes,1.485363,0.1406931,-3.65588,-0.9533026,-0.2528717,-0.1651367,0.0,0.0,0.0,0.0,0.0,0.0,0.0,3.737264,0.2593383,1.204198,1.334846,0.146594,-3.698808,0.07133705,-0.7165512,0.02844457,0.6932939,8.029276,267.8546,356.3642,0.3912013,0.03586803,-0.9196056,-0.1285402,0.002133217,-0.02700907,-0.6550521,-0.401126,-3.894445,-0.1040482,-0.2707184,2.052767,-0.02850938,-0.06279241,0.9976195,-0.1416742,0.9882038,0.05815111,-0.9895028,-0.139679,-0.0370691,moving,80.17242,56.85365,-2.901658,-7.512801,7.5563573724921556,-0.9849470338025742
05/04/2023 16:19:29.203548,4335,True,True,True,True,Eyes,1.478142,0.1408129,-3.65799,-0.9535497,-0.2541066,-0.1617804,0.0,0.0,0.0,0.0,0.0,0.0,0.0,3.728482,0.262237,1.226837,1.324236,0.1465553,-3.701404,0.07089342,-0.7135014,0.02688574,0.6965395,7.881582,268.3675,356.3123,0.3897032,0.03584475,-0.9202423,-0.1208278,0.002005224,-0.02538853,-0.6686525,-0.3977458,-3.882813,-0.1072391,-0.2727468,2.053019,-0.01961408,-0.06371117,0.9977758,-0.1386191,0.9885026,0.06039412,-0.9901517,-0.1371261,-0.02822018,moving,80.37083,57.51659,-2.990117,-7.56752,7.554946805582273,-0.9965647614200229
05/04/2023 16:19:29.213057,4336,True,True,True,True,Eyes,1.470779,0.1409265,-3.660098,-0.9538516,-0.2552061,-0.1582308,0.0,0.0,0.0,0.0,0.0,0.0,0.0,3.720207,0.2636828,1.247783,1.313823,0.1464787,-3.703896,0.0703955,-0.7106128,0.02561244,0.6995842,7.752618,268.852,356.2844,0.3881796,0.03582754,-0.9208868,-0.1135781,0.001884911,-0.02386522,-0.6816867,-0.3952801,-3.87224,-0.1107434,-0.2749739,2.053297,-0.01125275,-0.06421175,0.9978729,-0.135884,0.988777,0.0620941,-0.9906608,-0.1348962,-0.0198519,moving,80.58119,58.2006,-3.087224,-7.62757,7.553691637718286,-1.0085277341252827
05/04/2023 16:19:29.233479,4337,True,True,True,True,Eyes,1.283526,0.1437127,-3.712758,-0.9548756,-0.289365,-0.06693652,0.0,0.0,0.0,0.0,0.0,0.0,0.0,3.711729,0.259491,1.268668,1.303278,0.1460816,-3.705929,0.06928509,-0.7077562,0.02478958,0.7026139,7.611267,269.3388,356.342,0.386629,0.03581565,-0.9215392,-0.1067635,0.001771816,-0.02243331,-0.6948804,-0.3925877,-3.860152,-0.1137207,-0.2768662,2.053533,-0.003066624,-0.06323891,0.9979938,-0.1329089,0.9891701,0.0622714,-0.9911236,-0.1324513,-0.01143846,moving,85.99014,76.97531,-3.169693,-7.678563,7.506290344699654,-1.3384394360813423
05/04/2023 16:19:29.253489,4338,True,True,True,True,Eyes,1.283096,0.1437322,-3.712818,-0.9549352,-0.2892423,-0.06661627,0.0,0.0,0.0,0.0,0.0,0.0,0.0,3.703095,0.2555225,1.288963,1.292601,0.1463475,-3.707748,0.06835441,-0.7049132,0.02405938,0.7055822,7.491486,269.818,356.3907,0.3784026,0.03594409,-0.9249426,-0.6621156,0.01002412,-0.1790673,-0.707887,-0.390101,-3.848359,-0.1169286,-0.2789055,2.053787,0.005037091,-0.06241611,0.9980375,-0.1303196,0.9894977,0.06253976,-0.9914593,-0.1303789,-0.003149881,moving,86.00951,77.0302,-3.258511,-7.733491,7.506277928156445,-1.3393888496462028
05/04/2023 16:19:29.263551,4339,True,True,True,True,Eyes,1.282248,0.1437658,-3.712934,-0.9549449,-0.2893212,-0.06613303,0.0,0.0,0.0,0.0,0.0,0.0,0.0,3.693787,0.2548166,1.309572,1.281881,0.1468051,-3.70934,0.06750241,-0.7020128,0.02247134,0.7086019,7.308689,270.3029,356.3625,0.3716288,0.03604431,-0.9276811,-0.6223887,0.009422673,-0.1683232,-0.7214727,-0.385049,-3.836486,-0.1201513,-0.2809542,2.054042,0.0133462,-0.06292864,0.9979289,-0.1266216,0.989877,0.06411432,-0.9918613,-0.127215,0.005243002,moving,86.03841,77.12453,-3.347704,-7.788647,7.506100922180779,-1.3410390998967037
05/04/2023 16:19:29.283711,4340,True,True,True,True,Eyes,1.281002,0.1438178,-3.713078,-0.9550105,-0.2892868,-0.06533041,0.0,0.0,0.0,0.0,0.0,0.0,0.0,3.683164,0.2560459,1.331694,1.271069,0.1471812,-3.710443,0.06684821,-0.6989148,0.02075052,0.7117717,7.132654,270.8141,356.3075,0.3660339,0.03612311,-0.9298999,-0.5850453,0.008857313,-0.1582238,-0.7350572,-0.3802288,-3.823272,-0.1233534,-0.2829897,2.054297,0.02217514,-0.06390315,0.9977098,-0.1229817,0.9902015,0.06615563,-0.9921612,-0.124167,0.01409893,moving,86.08661,77.27422,-3.436286,-7.843415,7.505903025907044,-1.3436478959627856
05/04/2023 16:19:29.303334,4341,True,True,True,True,Eyes,1.279379,0.1438989,-3.713268,-0.9550127,-0.2894855,-0.0644116,0.0,0.0,0.0,0.0,0.0,0.0,0.0,3.672379,0.2551521,1.353877,1.260255,0.1476772,-3.711388,0.0659989,-0.6958058,0.01919715,0.7149335,6.954704,271.3275,356.2805,0.361393,0.03618589,-0.9317109,-0.5499426,0.008325874,-0.1487304,-0.7485474,-0.3752477,-3.809598,-0.1265002,-0.2849898,2.054547,0.03097126,-0.06439549,0.9974438,-0.1192942,0.9905512,0.06765468,-0.9923758,-0.1210846,0.02299661,moving,86.14149,77.45583,-3.523301,-7.897208,7.505535277725819,-1.3468282924144197
05/04/2023 16:19:29.313291,4342,True,True,True,True,Eyes,1.277402,0.1440119,-3.713464,-0.9550275,-0.2897017,-0.06320917,0.0,0.0,0.0,0.0,0.0,0.0,0.0,3.661472,0.2528792,1.375324,1.249661,0.1483352,-3.711897,0.06549039,-0.6927339,0.01870141,0.7179701,6.889245,271.8276,356.3107,0.3575212,0.03623718,-0.9332014,-0.5169461,0.007826322,-0.1398066,-0.7606427,-0.374213,-3.795725,-0.1296977,-0.2870221,2.0548,0.03953997,-0.06388073,0.997174,-0.1175889,0.9907225,0.06813008,-0.9922748,-0.1199505,0.03166147,moving,86.21336,77.6917,-3.611681,-7.951836,7.505078708088014,-1.3509563795991486
05/04/2023 16:19:29.333696,4343,True,True,True,True,Eyes,1.275085,0.1441437,-3.71371,-0.9550102,-0.2900471,-0.06187222,0.0,0.0,0.0,0.0,0.0,0.0,0.0,3.651061,0.2509895,1.395018,1.239286,0.149346,-3.712301,0.06557325,-0.689782,0.0192172,0.7207853,6.95212,272.298,356.3751,0.354267,0.03628068,-0.93444,-0.4859293,0.007356742,-0.1314182,-0.7711958,-0.3774243,-3.782671,-0.1329163,-0.2890679,2.055055,0.0476628,-0.06275955,0.9968899,-0.1181655,0.9906617,0.06801712,-0.9918494,-0.1210398,0.03980171,moving,86.29317,77.95827,-3.700606,-8.006802,7.504512536711567,-1.3556277774535337
05/04/2023 16:19:29.353383,4344,True,True,True,True,Eyes,1.27245,0.1443075,-3.713937,-0.9549407,-0.2906051,-0.06030657,0.0,0.0,0.0,0.0,0.0,0.0,0.0,3.640213,0.2555093,1.413054,1.228879,0.1499219,-3.712214,0.06674191,-0.68686,0.02022391,0.7234362,7.143164,272.7461,356.3931,0.3513077,0.03632282,-0.935555,-0.4567735,0.006915338,-0.1235331,-0.7805018,-0.3854437,-3.770201,-0.1361449,-0.29112,2.055311,0.05562876,-0.06242326,0.9964983,-0.1209461,0.990273,0.06878503,-0.9910992,-0.124349,0.04753779,moving,86.38644,78.27634,-3.789766,-8.061906,7.503767488659182,-1.3612099950360816
05/04/2023 16:19:29.363114,4345,True,True,True,True,Eyes,1.269514,0.1444826,-3.714154,-0.9548861,-0.2911004,-0.0587636,0.0,0.0,0.0,0.0,0.0,0.0,0.0,3.629016,0.2638559,1.430922,1.218607,0.1508218,-3.712029,0.06862304,-0.6838782,0.02151131,0.7260433,7.415788,273.1912,356.3793,0.3485802,0.03636526,-0.936573,-0.4293671,0.006500417,-0.1161211,-0.7888162,-0.3959593,-3.758067,-0.1394771,-0.293238,2.055577,0.06369575,-0.06262332,0.9960027,-0.1250959,0.9896563,0.07022437,-0.990098,-0.1290688,0.05520295,moving,86.47847,78.58724,-3.881741,-8.118745,7.50306983471565,-1.366662709869002
05/04/2023 16:19:29.383152,4346,True,True,True,True,Eyes,1.266294,0.1446692,-3.714334,-0.9547552,-0.2918733,-0.0570302,0.0,0.0,0.0,0.0,0.0,0.0,0.0,3.617563,0.279799,1.446899,1.208478,0.1515186,-3.711494,0.07170759,-0.6809424,0.02312175,0.7284509,7.814142,273.6083,356.2978,0.3460546,0.0364084,-0.9375075,-0.4036051,0.006110393,-0.1091538,-0.7956393,-0.4106708,-3.746674,-0.1424794,-0.2951462,2.055814,0.07156567,-0.06397136,0.9953824,-0.1313436,0.9886468,0.07298177,-0.9887503,-0.1359601,0.06235097,moving,86.58163,78.94406,-3.964578,-8.169935,7.50218176324256,-1.3729312635039785
05/04/2023 16:19:29.403276,4347,True,True,True,True,Eyes,1.262804,0.1448547,-3.714486,-0.9546084,-0.2926794,-0.05533016,0.0,0.0,0.0,0.0,0.0,0.0,0.0,3.605486,0.3045208,1.462224,1.198549,0.1519249,-3.710897,0.07609438,-0.677902,0.02496345,0.7307772,8.340849,274.0173,356.1355,0.3437053,0.03645263,-0.9383696,-0.3793888,0.005743769,-0.1026046,-0.8008747,-0.4299942,-3.736277,-0.1456948,-0.2971899,2.056069,0.07965128,-0.06668364,0.9945899,-0.1396545,0.9871729,0.07737054,-0.9869916,-0.1450616,0.06931688,moving,86.68279,79.29475,-4.053251,-8.224727,7.501300868256216,-1.3790930947241282
05/04/2023 16:19:29.413251,4348,True,True,True,True,Eyes,1.259051,0.1450399,-3.714588,-0.9543952,-0.2937165,-0.05348179,0.0,0.0,0.0,0.0,0.0,0.0,0.0,3.593878,0.3261256,1.476553,1.188572,0.1521578,-3.710347,0.07973278,-0.6749964,0.026179,0.733033,8.756469,274.4128,355.9817,0.3415086,0.03649794,-0.9391695,-0.3566255,0.005399143,-0.09644833,-0.807084,-0.4456297,-3.726426,-0.148976,-0.2992755,2.05633,0.08738903,-0.06925853,0.9937638,-0.1460188,0.9859147,0.08155204,-0.9854144,-0.152235,0.07604509,moving,86.79265,79.68027,-4.143698,-8.280612,7.500284694919304,-1.3858726371383625
05/04/2023 16:19:29.433414,4349,True,True,True,True,Eyes,1.255041,0.1452302,-3.714672,-0.9542224,-0.2946064,-0.05164077,0.0,0.0,0.0,0.0,0.0,0.0,0.0,3.581686,0.3535059,1.489371,1.178616,0.1522959,-3.709358,0.08402839,-0.6721178,0.02704613,0.7351636,9.201416,274.7879,355.7481,0.3394439,0.03654437,-0.9399159,-0.3352279,0.005075194,-0.09066143,-0.8128638,-0.4620078,-3.717198,-0.1521193,-0.3012738,2.056579,0.09505235,-0.07318729,0.9927782,-0.1527206,0.9844155,0.08719283,-0.9836877,-0.1599056,0.0823938,moving,86.90228,80.05779,-4.230304,-8.334134,7.499362325936775,-1.3925027808990462
05/04/2023 16:19:29.453375,4350,True,True,True,True,Eyes,1.250782,0.1454231,-3.714693,-0.9540493,-0.2955086,-0.04964488,0.0,0.0,0.0,0.0,0.0,0.0,0.0,3.569487,0.3757562,1.502564,1.168521,0.1526582,-3.708285,0.08715551,-0.6693067,0.02687202,0.7373672,9.468334,275.1689,355.5205,0.3374925,0.03659206,-0.9406165,-0.3151143,0.004770683,-0.08522175,-0.8205703,-0.4719863,-3.707604,-0.1553091,-0.3033012,2.056831,0.1026129,-0.07703842,0.9917337,-0.1562966,0.9833636,0.09255998,-0.9823655,-0.1645025,0.08886497,moving,87.02125,80.46348,-4.318148,-8.388408,7.498412268729101,-1.3996227261956249
05/04/2023 16:19:29.465919,4351,True,True,True,True,Eyes,1.246282,0.1456126,-3.714657,-0.9539641,-0.2961076,-0.0476753,0.0,0.0,0.0,0.0,0.0,0.0,0.0,3.557473,0.3910534,1.515731,1.158372,0.1528981,-3.706855,0.08891498,-0.6666524,0.02586919,0.739594,9.556117,275.5479,355.3301,0.335638,0.03664107,-0.9412779,-0.2962074,0.004484442,-0.08010844,-0.8302041,-0.4760658,-3.697564,-0.1586654,-0.3054347,2.057098,0.1098105,-0.0802854,0.9907048,-0.1568162,0.9828498,0.09703048,-0.9815041,-0.1660135,0.0953372,moving,87.13897,80.8535,-4.41053,-8.445485,7.4976175876115505,-1.4064534361536905
05/04/2023 16:19:29.483539,4352,True,True,True,True,Eyes,1.241548,0.1457876,-3.714548,-0.9539185,-0.2965876,-0.04555705,0.0,0.0,0.0,0.0,0.0,0.0,0.0,3.545588,0.4056674,1.528672,1.148263,0.1530803,-3.705489,0.09038707,-0.6640486,0.02445215,0.7418031,9.588663,275.9224,355.1267,0.3338656,0.03669134,-0.941906,-0.278435,0.004215375,-0.07530194,-0.8403699,-0.4781135,-3.687557,-0.16182,-0.3074397,2.057349,0.1168832,-0.08376544,0.9896069,-0.1563202,0.9824646,0.101624,-0.9807664,-0.1665737,0.1017395,moving,87.26575,81.2674,-4.49732,-8.499096,7.496839962983256,-1.413694498719884
05/04/2023 16:19:29.503532,4353,True,True,True,True,Eyes,1.236582,0.1459351,-3.714372,-0.9539716,-0.2967301,-0.04346829,0.0,0.0,0.0,0.0,0.0,0.0,0.0,3.533375,0.4168486,1.541714,1.137864,0.1527372,-3.70369,0.09063593,-0.6615547,0.02154043,0.7440878,9.403285,276.3001,354.8904,0.3321623,0.03674252,-0.9425061,-0.2617289,0.003962453,-0.07078382,-0.8532109,-0.4729835,-3.676851,-0.1649143,-0.3094066,2.057595,0.1237629,-0.08786529,0.9884142,-0.1519772,0.9826422,0.1063818,-0.9806048,-0.1633825,0.1082611,moving,87.39109,81.66596,-4.582409,-8.551663,7.496206767854572,-1.4206533368262644
05/04/2023 16:19:29.513725,4354,True,True,True,True,Eyes,1.2314,0.1460517,-3.71413,-0.9540569,-0.2967739,-0.04123764,0.0,0.0,0.0,0.0,0.0,0.0,0.0,3.520568,0.4304914,1.55533,1.127412,0.1521474,-3.701968,0.09127021,-0.6589174,0.01877876,0.7464215,9.26491,276.691,354.6371,0.3305158,0.03679397,-0.9430827,-0.2460251,0.003724705,-0.06653679,-0.8655912,-0.4697404,-3.666094,-0.1682082,-0.3115003,2.057855,0.1309505,-0.0922453,0.987088,-0.1483128,0.9826342,0.1115048,-0.9802323,-0.1609994,0.1149953,moving,87.52502,82.08923,-4.672943,-8.607594,7.49556337639493,-1.4280401274637962
05/04/2023 16:19:29.533287,4355,True,True,True,True,Eyes,1.22601,0.1461177,-3.713748,-0.9542114,-0.2965733,-0.03905165,0.0,0.0,0.0,0.0,0.0,0.0,0.0,3.507859,0.4449672,1.567536,1.117047,0.1515482,-3.69993,0.09217171,-0.6563768,0.01629468,0.7486042,9.171559,277.0606,354.3844,0.3289169,0.03684497,-0.9436396,-0.2312636,0.003501223,-0.06254458,-0.8773751,-0.4679669,-3.655686,-0.1713869,-0.3135209,2.058107,0.1378079,-0.09660222,0.9857368,-0.1453953,0.9824778,0.1166094,-0.9797292,-0.1593912,0.1213476,moving,87.65644,82.49866,-4.760268,-8.661539,7.495007336101678,-1.4351774386922762
05/04/2023 16:19:29.553355,4356,True,True,True,True,Eyes,1.220416,0.1461326,-3.713295,-0.9543831,-0.2963173,-0.03672764,0.0,0.0,0.0,0.0,0.0,0.0,0.0,3.495324,0.4581473,1.579728,1.106578,0.1503799,-3.698054,0.09275284,-0.6538491,0.01366858,0.7507939,9.041563,277.4328,354.1436,0.327356,0.0368945,-0.9441803,-0.2173878,0.00329115,-0.05879191,-0.8896024,-0.4654427,-3.645121,-0.1744661,-0.3154775,2.058352,0.1445891,-0.1007681,0.9843475,-0.1418173,0.9824201,0.1214021,-0.9792762,-0.1571509,0.1277566,moving,87.79617,82.93439,-4.844815,-8.713745,7.494410900652973,-1.4427737803040763
05/04/2023 16:19:29.573382,4357,True,True,True,True,Eyes,1.214625,0.1460691,-3.712746,-0.9545726,-0.295991,-0.0343591,0.0,0.0,0.0,0.0,0.0,0.0,0.0,3.4828,0.4708127,1.591381,1.096209,0.1491599,-3.695962,0.09352548,-0.6513391,0.01161352,0.7529114,8.972563,277.798,353.9361,0.3258259,0.03694151,-0.9447076,-0.2043445,0.003093681,-0.05526439,-0.9010618,-0.4653294,-3.634803,-0.177841,-0.317623,2.058619,0.1512451,-0.1043457,0.9829735,-0.1393215,0.9822362,0.1257041,-0.9786289,-0.1559615,0.1340208,moving,87.93858,83.37865,-4.937436,-8.770967,7.493800823683187,-1.4505190660668976
05/04/2023 16:19:29.583199,4358,True,True,True,True,Eyes,1.208644,0.1459193,-3.712124,-0.954756,-0.2956761,-0.03188534,0.0,0.0,0.0,0.0,0.0,0.0,0.0,3.470927,0.4808693,1.6015,1.08565,0.1473067,-3.693648,0.09400892,-0.648987,0.009884939,0.7549044,8.903218,278.1441,353.7767,0.3243191,0.0369844,-0.9452242,-0.1920839,0.00290806,-0.05194853,-0.9126004,-0.4657897,-3.62429,-0.1808472,-0.3195341,2.058857,0.1574364,-0.1070968,0.9817047,-0.1369455,0.9821293,0.1291051,-0.9779876,-0.1547659,0.1399564,moving,88.08724,83.84508,-5.019898,-8.821909,7.493129908442256,-1.458654509050037
05/04/2023 16:19:29.603461,4359,True,True,True,True,Eyes,1.202475,0.1456819,-3.711426,-0.9548939,-0.2954905,-0.02937829,0.0,0.0,0.0,0.0,0.0,0.0,0.0,3.459719,0.4904188,1.60998,1.075026,0.1450233,-3.691272,0.09468555,-0.6467534,0.008840899,0.7567474,8.901822,278.4684,353.6601,0.3228289,0.03702152,-0.9457328,-0.1805588,0.002733576,-0.04883162,-0.9234686,-0.4692925,-3.614587,-0.184071,-0.3215827,2.059113,0.1632638,-0.1090958,0.9805322,-0.1358571,0.981913,0.1318703,-0.9771836,-0.1547419,0.1454894,moving,88.23779,84.32219,-5.108284,-8.876485,7.49238992225194,-1.4669826688227658
05/04/2023 16:19:29.623376,4360,True,True,True,True,Eyes,1.196126,0.1453446,-3.710643,-0.9550105,-0.2953554,-0.02683432,0.0,0.0,0.0,0.0,0.0,0.0,0.0,3.450968,0.4946501,1.614421,1.064467,0.1425522,-3.68874,0.09497476,-0.6450081,0.008606075,0.758202,8.923877,278.7269,353.638,0.32135,0.0370513,-0.9462352,-0.1697253,0.002569562,-0.04590172,-0.9339566,-0.4740973,-3.606485,-0.1872057,-0.3235755,2.059362,0.167781,-0.1094687,0.9797276,-0.1355693,0.9818115,0.1329181,-0.9764581,-0.1551221,0.1498887,moving,88.3905,84.80869,-5.194179,-8.929543,7.491606885519658,-1.4754781491725057
05/04/2023 16:19:29.633337,4361,True,True,True,True,Eyes,1.189599,0.1449205,-3.709783,-0.9550766,-0.2953607,-0.0243057,0.0,0.0,0.0,0.0,0.0,0.0,0.0,3.443891,0.4937681,1.616266,1.053803,0.1398751,-3.685979,0.09485587,-0.6435819,0.00909858,0.7594221,8.962192,278.9463,353.7069,0.3198776,0.03707205,-0.9467331,-0.1595418,0.002415388,-0.04314762,-0.9443082,-0.4800656,-3.599167,-0.1904214,-0.3256196,2.059617,0.1714393,-0.1082757,0.9792266,-0.1359144,0.9818391,0.1323599,-0.9757744,-0.1557827,0.1536095,moving,88.5422,85.29564,-5.282251,-8.983943,7.4907822818317715,-1.4839863825390305
05/04/2023 16:19:29.653645,4362,True,True,True,True,Eyes,1.182895,0.1444319,-3.708821,-0.9551355,-0.2953671,-0.02178082,0.0,0.0,0.0,0.0,0.0,0.0,0.0,3.4397,0.4858224,1.613346,1.043079,0.1372804,-3.682877,0.09399557,-0.6427768,0.0100725,0.7601982,8.966635,279.0871,353.8675,0.3184077,0.03708254,-0.9472281,-0.1499693,0.002270465,-0.04055876,-0.955083,-0.4852123,-3.593849,-0.1937663,-0.3277456,2.059882,0.1734729,-0.1055222,0.9791691,-0.1361506,0.9821268,0.1299618,-0.975382,-0.1558593,0.1560054,moving,88.69366,85.78255,-5.373814,-9.04049,7.489949673552625,-1.4924948844586536
05/04/2023 16:19:29.673350,4363,True,True,True,True,Eyes,1.176021,0.1439027,-3.707761,-0.9551876,-0.2953695,-0.01932762,0.0,0.0,0.0,0.0,0.0,0.0,0.0,3.434057,0.4831097,1.611476,1.032212,0.1350362,-3.679578,0.09363893,-0.6417659,0.01040169,0.7610914,8.968213,279.2476,353.9356,0.3169356,0.03708228,-0.9477217,-0.1409711,0.002134237,-0.03812524,-0.9661205,-0.4895127,-3.58802,-0.197024,-0.3298165,2.060141,0.1760567,-0.1043553,0.9788331,-0.1360218,0.9822471,0.1291847,-0.9749371,-0.1558865,0.1587365,moving,88.84082,86.25616,-5.462935,-9.095534,7.489134030552713,-1.500771668139294
05/04/2023 16:19:29.683568,4364,True,True,True,True,Eyes,1.168989,0.1433366,-3.706589,-0.9552583,-0.2952881,-0.01692505,0.0,0.0,0.0,0.0,0.0,0.0,0.0,3.430371,0.4771237,1.605708,1.021249,0.1335071,-3.675951,0.09284462,-0.6412476,0.01050285,0.7616239,8.910721,279.3417,354.0112,0.3154582,0.03707142,-0.9482148,-0.1325128,0.002006183,-0.03583772,-0.9779438,-0.4909541,-3.583768,-0.2000326,-0.3317286,2.06038,0.1773823,-0.1030743,0.9787294,-0.1350712,0.9825392,0.1279555,-0.9748288,-0.1548952,0.1603627,moving,88.98495,86.71957,-5.5452,-9.146336,7.488340897208826,-1.5088696046954149
05/04/2023 16:19:29.703481,4365,True,True,True,True,Eyes,1.161789,0.1427343,-3.705299,-0.955341,-0.2951425,-0.01464937,0.0,0.0,0.0,0.0,0.0,0.0,0.0,3.426902,0.4702615,1.596553,1.009398,0.1320388,-3.671167,0.09172595,-0.6410381,0.0100387,0.7619421,8.780536,279.3942,354.0584,0.3139731,0.03705018,-0.9487084,-0.1245621,0.001885812,-0.03368746,-0.9915888,-0.4898334,-3.58008,-0.2032866,-0.3337966,2.060637,0.1779389,-0.1023018,0.9787093,-0.1328974,0.9829711,0.1269093,-0.9750261,-0.1526501,0.1613131,moving,89.12148,87.15846,-5.634132,-9.201252,7.487590660497348,-1.5165389508656375
05/04/2023 16:19:29.713840,4366,True,True,True,True,Eyes,1.154368,0.1420906,-3.703814,-0.9554474,-0.2948986,-0.01245465,0.0,0.0,0.0,0.0,0.0,0.0,0.0,3.425557,0.4612229,1.585392,0.998363,0.1306449,-3.666993,0.09019766,-0.6412094,0.009375502,0.7619889,8.596941,279.3964,354.1148,0.3124781,0.03701882,-0.949203,-0.1170883,0.001772663,-0.03166621,-1.005041,-0.486787,-3.578538,-0.2064707,-0.3358207,2.06089,0.1775252,-0.1013831,0.9788801,-0.1299592,0.983553,0.1254359,-0.9754976,-0.1494825,0.1614297,moving,89.25317,87.58163,-5.721099,-9.254969,7.486869075749331,-1.5239333858649462
05/04/2023 16:19:29.733273,4367,True,True,True,True,Eyes,1.146799,0.1414351,-3.702219,-0.9555427,-0.2946749,-0.01023786,0.0,0.0,0.0,0.0,0.0,0.0,0.0,3.42222,0.4544735,1.574829,0.9865375,0.1289818,-3.661738,0.0889961,-0.6411526,0.008758549,0.7621852,8.446983,279.4265,354.1529,0.3109694,0.03697747,-0.9497,-0.110063,0.001666303,-0.02976624,-1.018935,-0.4851958,-3.575275,-0.2098289,-0.3379553,2.061157,0.1776932,-0.1007689,0.9789129,-0.1274714,0.984006,0.1244319,-0.9757951,-0.1468942,0.162006,moving,89.38615,88.01018,-5.812774,-9.311585,7.486124685172806,-1.5314234642652207
05/04/2023 16:19:29.753545,4368,True,True,True,True,Eyes,0.9541637,0.12532,-3.659363,-0.9567765,-0.2876315,0.04297621,2.06928,-1.025675,-0.4698701,-3.570433,0.4332018,0.8466238,0.3091347,-0.208462,-0.3276178,2.053972,0.975451,0.1281008,-3.657121,0.08839073,-0.6414374,0.007604229,0.7620284,8.306461,279.3928,354.0947,0.3094456,0.03692695,-0.9501995,-0.1034593,0.001566325,-0.02798026,-1.032171,-0.4825704,-3.57508,-0.2128679,-0.339887,2.061398,0.1770005,-0.101805,0.9789313,-0.1249835,0.9842585,0.1249572,-0.9762427,-0.1444678,0.1614903,moving,-87.42814,-81.50207,-5.895689,-9.362794,3.3738531175650834,0.9031284926925917
05/04/2023 16:19:29.763281,4369,True,True,True,True,Eyes,0.9537145,0.1253231,-3.659207,-0.956775,-0.2876165,0.04310951,2.07761,-1.034091,-0.4722319,-3.569642,0.6924128,0.660328,0.290743,-0.2111052,-0.3329767,2.050781,0.9644971,0.127698,-3.65255,0.08823001,-0.6414207,0.006870151,0.762068,8.238147,279.397,354.0428,0.3015277,0.03641446,-0.9527614,-0.6751564,-0.046873,0.1022651,-1.044503,-0.4821642,-3.574024,-0.2162184,-0.3420168,2.061663,0.1770646,-0.1027141,0.9788248,-0.1236562,0.9843365,0.1256612,-0.9764001,-0.1432879,0.1615899,moving,-87.42017,-81.47565,-5.987051,-9.419223,3.373799130867045,0.9026657610430978
05/04/2023 16:19:29.793349,4370,True,True,True,True,Eyes,0.9528819,0.1253473,-3.658899,-0.9568216,-0.2874495,0.04318981,2.087347,-1.044337,-0.4746597,-3.568747,0.8907456,0.273313,0.3631421,-0.2119082,-0.3407869,2.049159,0.9534312,0.1276534,-3.647698,0.08780931,-0.6417834,0.005597395,0.7618217,8.104252,279.3479,353.9595,0.2950315,0.03599194,-0.954809,-0.634647,-0.04406062,0.09612916,-1.057684,-0.4787561,-3.574199,-0.2191693,-0.3438921,2.061898,0.1761653,-0.1041807,0.9788322,-0.1212375,0.9845164,0.1266054,-0.9768661,-0.1409747,0.1608071,moving,-87.41549,-81.45512,-6.067468,-9.468879,3.373703496775317,0.9022997556680284
05/04/2023 16:19:29.803212,4371,True,True,True,True,Eyes,0.9516186,0.1253908,-3.658463,-0.956879,-0.287231,0.04336989,2.100955,-1.058741,-0.4780688,-3.567345,0.785703,-0.3319636,0.5219874,-0.2120782,-0.3512192,2.05256,0.9432862,0.1280606,-3.643701,0.08709235,-0.6421301,0.003944209,0.7616223,7.916417,279.3061,353.8657,0.2896843,0.03564406,-0.9564579,-0.5965681,-0.04141698,0.09036141,-1.070542,-0.4730821,-3.575195,-0.2223578,-0.3459191,2.062151,0.1753068,-0.1058413,0.978808,-0.1178572,0.9847987,0.1275975,-0.977434,-0.1377283,0.1601677,moving,-87.40488,-81.4136,-6.154315,-9.522522,3.3735507115538867,0.9015644130356403
05/04/2023 16:19:29.813655,4372,True,True,True,True,Eyes,0.9499548,0.1254516,-3.657843,-0.9569844,-0.286865,0.04346599,2.09906,-1.058813,-0.4766953,-3.566605,0.7832635,-0.241254,0.5729702,-0.2076212,-0.3631104,2.039603,0.9320623,0.128415,-3.638658,0.0863245,-0.6430159,0.000849401,0.7609718,7.612543,279.1816,353.6444,0.2852619,0.03535819,-0.9577968,-0.560774,-0.03893196,0.08493973,-1.085946,-0.4628599,-3.578667,-0.2256411,-0.3480057,2.062411,0.1730597,-0.1097233,0.9787805,-0.1123088,0.9850947,0.1302886,-0.9784871,-0.1324733,0.1581573,moving,-87.39943,-81.38404,-6.243694,-9.577713,3.373367302668287,0.9010319440043605
05/04/2023 16:19:29.833426,4373,True,True,True,True,Eyes,0.9479072,0.1255899,-3.657086,-0.9570486,-0.2866213,0.04366074,0.0,0.0,0.0,0.0,0.0,0.0,0.0,3.41173,0.4598099,1.488651,0.9208297,0.1287844,-3.633579,0.08643907,-0.6434562,-0.001973121,0.7605844,7.408874,279.1086,353.3847,0.281582,0.03512399,-0.9588938,-0.5271276,-0.03659604,0.07984334,-1.100407,-0.4562365,-3.581362,-0.2295669,-0.3505009,2.062722,0.1719206,-0.114241,0.9784643,-0.1082381,0.9850488,0.1340276,-0.9791465,-0.1289492,0.1569849,moving,-87.38797,-81.33877,-6.350494,-9.643676,3.3731968770290788,0.9002297263981657
05/04/2023 16:19:29.853486,4374,True,True,True,True,Eyes,0.9454987,0.1258391,-3.656158,-0.9571451,-0.2862784,0.04379456,0.0,0.0,0.0,0.0,0.0,0.0,0.0,3.407548,0.4767938,1.473746,0.909707,0.1306128,-3.6285,0.08801522,-0.6436255,-0.005085606,0.7602459,7.312438,279.049,352.9911,0.2784948,0.03493452,-0.9598019,-0.4954999,-0.03440028,0.07505274,-1.113577,-0.4504556,-3.582948,-0.2320085,-0.3520533,2.062916,0.1714408,-0.1210303,0.9777319,-0.1055651,0.9844549,0.1403729,-0.9795224,-0.12728,0.1559991,moving,-87.38023,-81.30238,-6.416878,-9.684685,3.373007658053793,0.8995786100288471
05/04/2023 16:19:29.863190,4375,True,True,True,True,Eyes,0.942739,0.1261759,-3.655114,-0.9571913,-0.2860893,0.04401999,0.0,0.0,0.0,0.0,0.0,0.0,0.0,3.4045,0.4834108,1.459476,0.8986146,0.1333098,-3.62341,0.0885068,-0.6438829,-0.00750526,0.7599508,7.172475,278.9972,352.74,0.2756787,0.03477278,-0.9606205,-0.4657699,-0.03233626,0.07054957,-1.127096,-0.4433998,-3.584417,-0.2354056,-0.3542125,2.063186,0.170717,-0.1253833,0.97731,-0.1025688,0.9842204,0.1441866,-0.979967,-0.1248566,0.1551628,moving,-87.3669,-81.25262,-6.509191,-9.741702,3.372846346574769,0.8986999444688079
05/04/2023 16:19:29.883498,4376,True,True,True,True,Eyes,0.9396432,0.1265929,-3.653912,-0.9572492,-0.2858621,0.04423697,0.0,0.0,0.0,0.0,0.0,0.0,0.0,3.401856,0.4820501,1.44701,0.8874777,0.1359008,-3.61839,0.0882062,-0.6440399,-0.009044576,0.7598358,7.030306,278.977,352.6271,0.2730809,0.03463742,-0.9613671,-0.4378237,-0.03039609,0.0663166,-1.140387,-0.4368463,-3.58376,-0.2384836,-0.356169,2.06343,0.1702614,-0.1273614,0.9771337,-0.09987185,0.9842757,0.1456946,-0.9803249,-0.1223943,0.1548644,moving,-87.3541,-81.20329,-6.592782,-9.793332,3.3726717130024815,0.8978271081867429
05/04/2023 16:19:29.903539,4377,True,True,True,True,Eyes,0.9362366,0.1270786,-3.652558,-0.9571924,-0.285993,0.04461557,0.0,0.0,0.0,0.0,0.0,0.0,0.0,3.398605,0.4784732,1.436883,0.8764961,0.1380468,-3.613417,0.08799053,-0.6439382,-0.009571344,0.7599406,6.973395,278.9956,352.5985,0.2706722,0.03452818,-0.9620519,-0.4115543,-0.02857232,0.0623376,-1.152548,-0.4341733,-3.581547,-0.2416537,-0.3581837,2.063681,0.1705041,-0.1278682,0.9770251,-0.09877361,0.9843321,0.1460618,-0.9803938,-0.1214084,0.1552026,moving,-87.33133,-81.13319,-6.678828,-9.846475,3.3725860582332,0.8966062473416584
05/04/2023 16:19:29.913543,4378,True,True,True,True,Eyes,0.9325295,0.127609,-3.651069,-0.9571026,-0.2862255,0.0450526,0.0,0.0,0.0,0.0,0.0,0.0,0.0,3.393624,0.4830579,1.428137,0.8656182,0.1403892,-3.608406,0.08884007,-0.6435523,-0.01047093,0.7601567,6.983735,279.0363,352.4588,0.268427,0.0344445,-0.9626837,-0.386861,-0.02685798,0.05859734,-1.164099,-0.4330983,-3.579227,-0.2448179,-0.360195,2.063932,0.1714616,-0.1302655,0.9765407,-0.09842737,0.9839956,0.1485419,-0.9802616,-0.1215876,0.1558957,moving,-87.30498,-81.05489,-6.764659,-9.899497,3.3725228969999717,0.8952464720139536
05/04/2023 16:19:29.933385,4379,True,True,True,True,Eyes,0.9285454,0.128159,-3.649502,-0.9568615,-0.2869172,0.0457675,0.0,0.0,0.0,0.0,0.0,0.0,0.0,3.385519,0.4942375,1.425232,0.8547779,0.1419911,-3.603677,0.09082761,-0.6423584,-0.01081079,0.7609265,7.142497,279.1773,352.2887,0.266323,0.03438526,-0.9632701,-0.3636494,-0.0252465,0.05508151,-1.174149,-0.4378138,-3.57409,-0.2480225,-0.3622321,2.064187,0.1745175,-0.1331402,0.9756113,-0.1002353,0.9832669,0.1521151,-0.979539,-0.1243375,0.158252,moving,-87.26158,-80.93684,-6.851532,-9.953162,3.372557980115255,0.8932120065684138
05/04/2023 16:19:29.953308,4380,True,True,True,True,Eyes,0.9243028,0.1286958,-3.647835,-0.9565392,-0.2878621,0.04656453,0.0,0.0,0.0,0.0,0.0,0.0,0.0,3.374353,0.5137964,1.427824,0.8443182,0.1427107,-3.5994,0.09440652,-0.6403537,-0.01018922,0.7621881,7.519387,279.4087,352.0897,0.2643388,0.03434867,-0.9638177,-0.3418304,-0.02373171,0.05177661,-1.181594,-0.4508692,-3.566746,-0.2512289,-0.3642701,2.064441,0.1796865,-0.1364394,0.9742162,-0.1053749,0.9819672,0.1569605,-0.9780639,-0.1308617,0.162069,moving,-87.21304,-80.81144,-6.938402,-10.00682,3.3726817341145727,0.891061236984671
05/04/2023 16:19:29.963189,4381,True,True,True,True,Eyes,0.9198313,0.1291953,-3.64606,-0.9561513,-0.289096,0.04688559,0.0,0.0,0.0,0.0,0.0,0.0,0.0,3.364933,0.5298125,1.427693,0.8339036,0.1431937,-3.595258,0.09760144,-0.6386884,-0.009240213,0.7631945,7.884378,279.5947,351.9462,0.2624573,0.03433232,-0.9643323,-0.3213206,-0.02230781,0.04867002,-1.18901,-0.4640772,-3.561049,-0.2546185,-0.3664245,2.06471,0.1839834,-0.138778,0.9730833,-0.1105697,0.9807771,0.160781,-0.9766907,-0.1371745,0.1651021,moving,-87.1927,-80.78798,-7.030178,-10.06351,3.3731043210426157,0.8907067396364549
05/04/2023 16:19:29.983219,4382,True,True,True,True,Eyes,0.9151356,0.1296701,-3.644212,-0.9556727,-0.2906145,0.04725287,0.0,0.0,0.0,0.0,0.0,0.0,0.0,3.355837,0.5443633,1.428294,0.8237213,0.1428508,-3.591528,0.101224,-0.6368743,-0.006748065,0.7642641,8.402622,279.7946,351.9082,0.2606627,0.03433337,-0.9648188,-0.3020413,-0.02096934,0.04574981,-1.194197,-0.4837553,-3.554569,-0.2575822,-0.3683083,2.064945,0.1886914,-0.1392484,0.9721139,-0.1186192,0.9794163,0.163319,-0.9748462,-0.1461283,0.16829,moving,-87.16934,-80.76473,-7.110374,-10.11306,3.373636724200546,0.8903690301590118
05/04/2023 16:19:30.003141,4383,True,True,True,True,Eyes,0.9102371,0.130134,-3.642267,-0.9551747,-0.2922473,0.04725308,0.0,0.0,0.0,0.0,0.0,0.0,0.0,3.350203,0.5529106,1.423828,0.8137658,0.1427284,-3.588073,0.1045423,-0.6356905,-0.003188183,0.7648258,8.966675,279.9064,351.9814,0.2589415,0.03434956,-0.9652817,-0.2839188,-0.01971118,0.04300483,-1.198375,-0.5054646,-3.551259,-0.2607909,-0.370348,2.0652,0.1917751,-0.1377899,0.9717183,-0.1280363,0.9781215,0.1639668,-0.9730514,-0.15586,0.1699372,moving,-87.16785,-80.81541,-7.197147,-10.16667,3.374335526434235,0.891328000945017
05/04/2023 16:19:30.015965,4384,True,True,True,True,Eyes,0.9051313,0.1306238,-3.640254,-0.9546628,-0.2938901,0.04740798,2.200375,-1.195484,-0.5160447,-3.535939,0.6152174,0.2456623,0.7491046,-0.2518969,-0.3682398,2.057826,0.8037825,0.142956,-3.584423,0.1067777,-0.6345316,-0.001036709,0.7654849,9.33216,280.0346,352.0139,0.2572817,0.03437926,-0.9657243,-0.2668837,-0.01852851,0.04042454,-1.20472,-0.5197364,-3.547195,-0.2641225,-0.3724655,2.065464,0.1947372,-0.1370948,0.9712273,-0.1339204,0.9771949,0.164789,-0.9716702,-0.1621577,0.1719363,moving,-87.15706,-80.83645,-7.287184,-10.2223,3.3749864854895146,0.8917693684274849
05/04/2023 16:19:30.040807,4385,True,True,True,True,Eyes,0.8998327,0.1311311,-3.638207,-0.9542426,-0.2952375,0.04749637,2.200909,-1.200368,-0.5186599,-3.533672,0.9000585,0.3281309,0.2867485,-0.2610341,-0.3707476,2.05256,0.7938568,0.1442438,-3.580763,0.1067902,-0.6329314,-8.630836e-05,0.7668077,9.419734,280.2762,352.1162,0.2556722,0.03442194,-0.9661502,-0.2508707,-0.0174168,0.03799906,-1.213868,-0.5235848,-3.537981,-0.2672338,-0.3744434,2.065711,0.1987958,-0.1353141,0.9706546,-0.1350493,0.9771917,0.1638843,-0.9706914,-0.1636658,0.1759876,moving,-87.15052,-80.86084,-7.371217,-10.27423,3.3755293659365706,0.8922556358791532
05/04/2023 16:19:30.056743,4386,True,True,True,True,Eyes,0.8943548,0.1316339,-3.636125,-0.953842,-0.2964888,0.04774752,2.206284,-1.210091,-0.5225044,-3.53078,0.9899448,-0.02639307,-0.1389703,-0.2698606,-0.3794752,2.051303,0.7840954,0.1451189,-3.577368,0.1056961,-0.6313666,-0.000163389,0.7682478,9.334344,280.5347,352.2118,0.2541024,0.03447688,-0.9665624,-0.2358184,-0.01637179,0.03571912,-1.224922,-0.5221114,-3.528704,-0.2709068,-0.3767778,2.066001,0.2027526,-0.133717,0.9700572,-0.133215,0.9776565,0.1626079,-0.9701263,-0.1621953,0.1804093,moving,-87.13428,-80.85145,-7.470356,-10.33548,3.3759858275214127,0.892148180878208
05/04/2023 16:19:30.073255,4387,True,True,True,True,Eyes,0.8887128,0.1321278,-3.634003,-0.9535037,-0.2975511,0.04789696,2.215353,-1.223634,-0.5270529,-3.527894,0.775797,-0.3241359,-0.541364,-0.2784946,-0.3861499,2.054199,0.774313,0.1455901,-3.574367,0.1049794,-0.62989,-2.392739e-05,0.7695571,9.296593,280.7714,352.2964,0.252565,0.0345428,-0.9669629,-0.2216693,-0.01538948,0.03357597,-1.235299,-0.5221804,-3.519759,-0.2736602,-0.3785278,2.06622,0.2064772,-0.1322878,0.9694676,-0.1322141,0.9779587,0.1616054,-0.9694775,-0.1615451,0.1844359,moving,-87.12431,-80.85551,-7.54462,-10.38137,3.376391277084764,0.8922668875984882
05/04/2023 16:19:30.083296,4388,True,True,True,True,Eyes,0.8829274,0.1326346,-3.631861,-0.9531301,-0.2987081,0.04812977,2.225376,-1.238146,-0.5321033,-3.524755,0.445687,-0.4813066,-0.7547894,-0.2854896,-0.3903156,2.059043,0.7647588,0.145899,-3.571584,0.1043419,-0.6288168,0.00084678,0.7705203,9.314878,280.9474,352.4348,0.2510521,0.03461848,-0.967354,-0.2083692,-0.01446612,0.03156141,-1.244832,-0.5248817,-3.513432,-0.2768523,-0.3805565,2.066473,0.2091774,-0.129919,0.969209,-0.1325288,0.9782242,0.1597302,-0.9688556,-0.1618601,0.1874044,moving,-87.10921,-80.8468,-7.630669,-10.43453,3.376815962156029,0.8921673675353176
05/04/2023 16:19:30.103485,4389,True,True,True,True,Eyes,0.8770139,0.1331691,-3.62965,-0.9527743,-0.2998303,0.04819615,2.216874,-1.235167,-0.531517,-3.522805,0.6438155,-0.4420089,-0.6246037,-0.2893863,-0.3851776,2.047684,0.7555432,0.1467525,-3.56903,0.1047717,-0.6280131,0.002905395,0.7711122,9.510634,281.0627,352.5947,0.2495576,0.03470337,-0.9677376,-0.195867,-0.01359815,0.02966773,-1.251969,-0.533289,-3.509682,-0.2799909,-0.3825518,2.066723,0.2111821,-0.1271152,0.9691459,-0.1360767,0.9780289,0.1579322,-0.9679283,-0.1652307,0.1892448,moving,-87.10416,-80.86813,-7.715218,-10.4868,3.3772669810704663,0.89258978074189
05/04/2023 16:19:30.123096,4390,True,True,True,True,Eyes,0.8709739,0.1337102,-3.627431,-0.9523872,-0.3010337,0.04834559,2.231511,-1.254289,-0.5380498,-3.519547,0.3249942,0.2059633,-0.9230157,-0.2959388,-0.3844121,2.059103,0.7462924,0.1480588,-3.566316,0.1054218,-0.6271077,0.00471576,0.7717514,9.708371,281.1877,352.7177,0.2480765,0.0347974,-0.9681149,-0.184115,-0.01278226,0.02788766,-1.259157,-0.5411392,-3.505715,-0.2831896,-0.3845847,2.066977,0.2134275,-0.1249428,0.9689366,-0.1395004,0.977728,0.1568043,-0.966948,-0.1686334,0.1912445,moving,-87.09402,-80.87628,-7.801332,-10.54001,3.377730590769354,0.8927860902930705
05/04/2023 16:19:30.135305,4391,True,True,True,True,Eyes,0.8648139,0.1342524,-3.625189,-0.9519973,-0.3022447,0.04846933,0.0,0.0,0.0,0.0,0.0,0.0,0.0,3.312211,0.5140789,1.425572,0.7372468,0.1489138,-3.563925,0.105958,-0.6263239,0.006464933,0.7723016,9.890245,281.2969,352.8427,0.2466037,0.03489994,-0.9684875,-0.1730681,-0.01201532,0.0262144,-1.266305,-0.5489129,-3.502589,-0.2863958,-0.3866229,2.067231,0.2153532,-0.1227423,0.9687917,-0.1427138,0.9774622,0.1555648,-0.9660517,-0.1717613,0.1929826,moving,-87.0854,-80.88936,-7.887594,-10.59333,3.3782031111777178,0.8930686066452879
05/04/2023 16:19:30.154140,4392,True,True,True,True,Eyes,0.8585478,0.1347891,-3.622951,-0.9515726,-0.3035489,0.04865935,0.0,0.0,0.0,0.0,0.0,0.0,0.0,3.309409,0.5100363,1.422831,0.7281306,0.1495749,-3.561492,0.1065468,-0.6254799,0.008235628,0.7728873,10.07864,281.4141,352.9668,0.2451352,0.03501022,-0.9688563,-0.162684,-0.0112944,0.02464154,-1.273481,-0.5573027,-3.499573,-0.2899859,-0.3889048,2.067516,0.217414,-0.1205553,0.9686061,-0.1460162,0.9771599,0.1543949,-0.9650961,-0.1749997,0.1948452,moving,-87.07269,-80.89288,-7.984116,-10.653,3.378698884366302,0.8931888129241635
05/04/2023 16:19:30.163338,4393,True,True,True,True,Eyes,0.8521842,0.135317,-3.620684,-0.951147,-0.3048654,0.04874997,0.0,0.0,0.0,0.0,0.0,0.0,0.0,3.307827,0.5036594,1.419064,0.7193245,0.150045,-3.559381,0.106921,-0.6248303,0.01034082,0.7733358,10.27041,281.5081,353.1346,0.2436682,0.03512734,-0.9692221,-0.152923,-0.01061674,0.02316305,-1.280012,-0.5657829,-3.496483,-0.2926548,-0.390601,2.067727,0.2189604,-0.117621,0.9686186,-0.1496088,0.976922,0.1524491,-0.9641959,-0.1782941,0.1963101,moving,-87.06594,-80.91494,-8.055826,-10.69732,3.379219517908641,0.8936321760808902
05/04/2023 16:19:30.183528,4394,True,True,True,True,Eyes,0.8457242,0.1358337,-3.618424,-0.9506973,-0.306244,0.04888022,0.0,0.0,0.0,0.0,0.0,0.0,0.0,3.306963,0.4973937,1.413334,0.7104372,0.1505048,-3.557182,0.1073064,-0.6243969,0.01238285,0.7736024,10.45648,281.5696,353.2935,0.2421992,0.0352505,-0.9695858,-0.1437476,-0.009979736,0.02177326,-1.286814,-0.5742968,-3.49502,-0.2958382,-0.3926245,2.06798,0.2199505,-0.1148447,0.9687274,-0.1531623,0.976664,0.1505613,-0.9634123,-0.1814886,0.1972278,moving,-87.05672,-80.9314,-8.1413,-10.75016,3.3797564041345023,0.8939807776243879
05/04/2023 16:19:30.203106,4395,True,True,True,True,Eyes,0.8391649,0.1363427,-3.616167,-0.9502734,-0.3075433,0.04896484,0.0,0.0,0.0,0.0,0.0,0.0,0.0,3.305742,0.4941779,1.407732,0.7016585,0.150794,-3.555107,0.1078557,-0.6239307,0.01387894,0.7738767,10.61759,281.631,353.3919,0.2407265,0.03537875,-0.9699478,-0.1351227,-0.009380952,0.02046687,-1.293929,-0.5817885,-3.494003,-0.2990442,-0.3946626,2.068234,0.2210357,-0.1131078,0.9686847,-0.1560702,0.976349,0.1496151,-0.962697,-0.1842531,0.1981553,moving,-87.05032,-80.9537,-8.227329,-10.80336,3.3802676797470523,0.8944271639424864
05/04/2023 16:19:30.213365,4396,True,True,True,True,Eyes,0.8325137,0.1368373,-3.613925,-0.949845,-0.308841,0.04911132,0.0,0.0,0.0,0.0,0.0,0.0,0.0,3.303895,0.4925438,1.4029,0.692713,0.1511471,-3.552993,0.1084146,-0.6233523,0.0149037,0.7742454,10.74624,281.7075,353.4492,0.2392464,0.03551155,-0.970309,-0.1270154,-0.008818095,0.01923886,-1.301681,-0.5878797,-3.49261,-0.3022801,-0.3967197,2.068491,0.2224195,-0.1120827,0.9684869,-0.1582392,0.9760484,0.1492984,-0.9620239,-0.1864595,0.1993563,moving,-87.04018,-80.96458,-8.314102,-10.85702,3.3807660846604284,0.894674789498637
05/04/2023 16:19:30.233318,4397,True,True,True,True,Eyes,0.8257622,0.1373112,-3.611721,-0.9494751,-0.3099389,0.04934602,0.0,0.0,0.0,0.0,0.0,0.0,0.0,3.301664,0.4911609,1.399579,0.6838684,0.1513144,-3.551122,0.1087147,-0.6226519,0.01545283,0.7747561,10.81849,281.8065,353.4855,0.2377576,0.03564799,-0.9706699,-0.1193945,-0.008289009,0.01808452,-1.310061,-0.5920975,-3.490653,-0.3055132,-0.3987743,2.068747,0.2241317,-0.1114385,0.9681665,-0.1593271,0.9758847,0.1492113,-0.9614468,-0.1876982,0.2009715,moving,-87.02491,-80.95374,-8.400739,-10.91059,3.3811696528583965,0.8945359544821486
05/04/2023 16:19:30.253324,4398,True,True,True,True,Eyes,0.818923,0.1377518,-3.60954,-0.9491093,-0.3110083,0.04965331,0.0,0.0,0.0,0.0,0.0,0.0,0.0,3.298937,0.4873054,1.398326,0.6748682,0.1512133,-3.549289,0.108329,-0.6218,0.01555005,0.775492,10.79844,281.9421,353.5351,0.2362576,0.0357872,-0.971031,-0.1122308,-0.007791669,0.01699945,-1.319687,-0.5934743,-3.487076,-0.3086886,-0.4007926,2.069,0.2262459,-0.1106001,0.9677709,-0.1588359,0.9760461,0.1486786,-0.9610329,-0.1873547,0.2032591,moving,-87.00526,-80.92913,-8.485766,-10.96317,3.3815531035293045,0.8941569067484297
05/04/2023 16:19:30.263382,4399,True,True,True,True,Eyes,0.8120172,0.1381439,-3.607312,-0.9487737,-0.312034,0.0496305,0.0,0.0,0.0,0.0,0.0,0.0,0.0,3.297408,0.4812273,1.395604,0.6659378,0.150876,-3.547668,0.1078513,-0.6211451,0.01618169,0.7760703,10.80708,282.0519,353.6367,0.2347445,0.03592806,-0.9713927,-0.1054969,-0.007324168,0.01597949,-1.328138,-0.594726,-3.481063,-0.3087003,-0.4008,2.069,0.2278338,-0.1088663,0.9675949,-0.1590988,0.9762125,0.147298,-0.9606141,-0.1875027,0.2050938,moving,-87.00558,-80.96254,-8.486079,-10.96336,3.3819675781297045,0.8947835563232197
05/04/2023 16:19:30.283488,4400,True,True,True,True,Eyes,0.8050179,0.1384843,-3.605105,-0.9484321,-0.3130619,0.04968645,0.0,0.0,0.0,0.0,0.0,0.0,0.0,3.296586,0.4738638,1.391766,0.6569968,0.1505117,-3.546087,0.1073723,-0.6206214,0.01717672,0.7765341,10.84058,282.1431,353.7691,0.2332181,0.03606911,-0.971755,-0.09916712,-0.006884718,0.01502072,-1.336218,-0.5970344,-3.475606,-0.3087002,-0.4007999,2.069,0.229068,-0.1065984,0.9675561,-0.1599517,0.9763523,0.145436,-0.9601789,-0.1880769,0.2066005,static,-87.00114,-80.98174,-8.486077,-10.96336,3.382369808334274,0.8951633381596186
05/04/2023 16:19:30.303381,4401,True,True,True,True,Eyes,0.6278563,0.1464262,-3.550083,-0.9391984,-0.340447,0.04474604,0.0,0.0,0.0,0.0,0.0,0.0,0.0,3.295444,0.4668089,1.388082,0.6477466,0.1496215,-3.544386,0.1069066,-0.6200269,0.0182487,0.7770486,10.88117,282.2448,353.9084,0.2316768,0.03620899,-0.9721184,0.0,0.0,0.0,-1.344476,-0.600151,-3.469647,-0.3087,-0.4007998,2.069,0.2304674,-0.1042097,0.9674838,-0.1609302,0.9764759,0.1435139,-0.9596802,-0.1887726,0.2082754,static,-87.27233,-82.51235,-8.486073,-10.96336,3.3922572678541685,0.9227812735304785
05/04/2023 16:19:30.313373,4402,True,True,True,True,Eyes,0.6274871,0.1463958,-3.550029,-0.9391762,-0.3404966,0.04483514,0.0,0.0,0.0,0.0,0.0,0.0,0.0,3.292946,0.4667123,1.385977,0.6384881,0.1492484,-3.542922,0.1072952,-0.6191152,0.01876427,0.7777095,10.95999,282.3731,353.9385,0.2254137,0.03669083,-0.9735717,-0.5314851,0.02382579,0.165066,-1.352478,-0.6034037,-3.463763,-0.3086998,-0.4007997,2.069,0.2326887,-0.1036699,0.9670101,-0.1620425,0.9762713,0.1436546,-0.9589569,-0.1901235,0.2103684,static,-87.26684,-82.4987,-8.486065,-10.96335,3.3922780589391266,0.9225480359781132
05/04/2023 16:19:30.333549,4403,True,True,True,True,Eyes,0.6267802,0.1463288,-3.549893,-0.9391139,-0.3406891,0.04467585,0.0,0.0,0.0,0.0,0.0,0.0,0.0,3.290274,0.4677611,1.384124,0.6292595,0.1486122,-3.541532,0.1077414,-0.6181611,0.01913316,0.7783974,11.03368,282.5059,353.9518,0.2200882,0.03709862,-0.974774,-0.499596,0.02239625,0.155162,-1.360538,-0.6066421,-3.457888,-0.3087001,-0.4007999,2.069,0.2350216,-0.1034167,0.9664729,-0.1629895,0.9760514,0.1440765,-0.9582272,-0.191386,0.2125373,static,-87.27636,-82.52922,-8.486076,-10.96336,3.392329313280391,0.9230812453048721
05/04/2023 16:19:30.353769,4404,True,True,True,True,Eyes,0.6257257,0.1462266,-3.549719,-0.9390349,-0.3409134,0.04462605,0.0,0.0,0.0,0.0,0.0,0.0,0.0,3.286841,0.471697,1.384433,0.6202006,0.1476592,-3.540624,0.1083914,-0.6169364,0.01919421,0.779277,11.10555,282.6732,353.9263,0.2154732,0.03744857,-0.9757913,-0.4696202,0.02105247,0.1458523,-1.368483,-0.6099014,-3.451531,-0.3087002,-0.4008,2.069,0.2380422,-0.103826,0.9656895,-0.1636564,0.9757658,0.1452506,-0.9573675,-0.1926171,0.2152816,static,-87.27917,-82.5423,-8.486078,-10.96336,3.392396334852858,0.9233151633947011
05/04/2023 16:19:30.363301,4405,True,True,True,True,Eyes,0.6243489,0.1460887,-3.549475,-0.9389435,-0.3411733,0.04456458,0.0,0.0,0.0,0.0,0.0,0.0,0.0,3.28406,0.4734595,1.383403,0.6109352,0.1467503,-3.539525,0.108822,-0.6158796,0.01942686,0.7800467,11.16889,282.8208,353.9304,0.2112881,0.0377604,-0.9766939,-0.441443,0.01978932,0.1371012,-1.376684,-0.6130002,-3.445471,-0.3086998,-0.4007998,2.069001,0.2406299,-0.1037348,0.9650577,-0.1643502,0.9755607,0.1458433,-0.9566014,-0.1937017,0.2177002,static,-87.28264,-82.55807,-8.486065,-10.96335,3.3924742271888766,0.9235968394077655
05/04/2023 16:19:30.383179,4406,True,True,True,True,Eyes,0.6226398,0.1459108,-3.549207,-0.9388493,-0.3414207,0.04465246,0.0,0.0,0.0,0.0,0.0,0.0,0.0,3.28023,0.4756587,1.385295,0.6015298,0.1459603,-3.538652,0.1091269,-0.6144848,0.01933224,0.7811058,11.20022,283.02,353.9193,0.2074825,0.03803723,-0.9774986,-0.4149564,0.01860196,0.1288751,-1.385375,-0.6147949,-3.437851,-0.3087,-0.4008,2.069,0.2440694,-0.1039127,0.9641744,-0.1643147,0.9754351,0.1467206,-0.9557358,-0.1942381,0.2209995,static,-87.27702,-82.5489,-8.486072,-10.96336,3.3925567300857575,0.9234483654714941
05/04/2023 16:19:30.403256,4407,True,True,True,True,Eyes,0.6206139,0.1456842,-3.548871,-0.9387409,-0.3417097,0.04471984,0.0,0.0,0.0,0.0,0.0,0.0,0.0,3.276355,0.4751008,1.388279,0.5918483,0.1447569,-3.537839,0.1089451,-0.6130009,0.01928226,0.7822973,11.19186,283.2428,353.9496,0.2040106,0.03828163,-0.9782196,-0.390059,0.01748584,0.1211426,-1.394678,-0.6158943,-3.429104,-0.3087001,-0.4007998,2.069,0.2477161,-0.1033979,0.9632994,-0.1637358,0.9755183,0.1468147,-0.9548965,-0.1940949,0.2247217,static,-87.2726,-82.54403,-8.486076,-10.96336,3.3926514665755696,0.9233756167625401
05/04/2023 16:19:30.423546,4408,True,True,True,True,Eyes,0.6182685,0.1454123,-3.548521,-0.938645,-0.3419412,0.04496598,0.0,0.0,0.0,0.0,0.0,0.0,0.0,3.272877,0.4724455,1.391226,0.581988,0.1435072,-3.537108,0.1084295,-0.6115565,0.01924196,0.7834995,11.15384,283.4668,354.005,0.200831,0.03849573,-0.9788688,-0.3666555,0.01643669,0.113874,-1.404442,-0.6161748,-3.42016,-0.3087,-0.4007998,2.069001,0.2512566,-0.1024694,0.9624813,-0.1627736,0.9757456,0.1463738,-0.9541358,-0.193444,0.2284833,static,-87.25733,-82.50848,-8.486071,-10.96335,3.3927400934731713,0.922772306111321
05/04/2023 16:19:30.433815,4409,True,True,True,True,Eyes,0.6156036,0.1450983,-3.548179,-0.9385397,-0.3421616,0.04548302,0.0,0.0,0.0,0.0,0.0,0.0,0.0,3.268641,0.4676428,1.396875,0.5718843,0.1420732,-3.536486,0.1073911,-0.6098421,0.01897902,0.7849838,11.05487,283.7406,354.0823,0.1979063,0.03868145,-0.9794571,-0.3446561,0.01545049,0.1070416,-1.415031,-0.6146853,-3.409276,-0.3086998,-0.4007999,2.069,0.2554648,-0.1011868,0.9615086,-0.1607797,0.9762139,0.1454521,-0.9533559,-0.1917489,0.2331195,static,-87.22553,-82.42815,-8.48607,-10.96336,3.3928444069641808,0.9213975451284652
05/04/2023 16:19:30.454796,4410,True,True,True,True,Eyes,0.6126282,0.1447359,-3.547831,-0.938465,-0.3422639,0.04624858,0.0,0.0,0.0,0.0,0.0,0.0,0.0,3.263453,0.4618575,1.405468,0.5616809,0.1407009,-3.53603,0.1059197,-0.6078307,0.01825987,0.7867588,10.88652,284.0648,354.1535,0.195203,0.03884055,-0.9799931,-0.3239768,0.01452346,0.1006191,-1.426441,-0.6107197,-3.396619,-0.3087,-0.4007998,2.069,0.2604169,-0.1000303,0.9603004,-0.1574948,0.9768952,0.1444687,-0.9525641,-0.1888644,0.2386457,static,-87.17869,-82.30449,-8.486073,-10.96336,3.3929300277201344,0.9192722543609698
05/04/2023 16:19:30.463498,4411,True,True,True,True,Eyes,0.6093622,0.1443357,-3.547459,-0.9383776,-0.3423673,0.04724493,0.0,0.0,0.0,0.0,0.0,0.0,0.0,3.258116,0.4537733,1.415034,0.5513665,0.1391326,-3.53556,0.1042014,-0.6057152,0.0178358,0.7886274,10.71705,284.4091,354.2699,0.1926906,0.03897447,-0.9804849,-0.3045382,0.01365206,0.09458196,-1.437714,-0.6071739,-3.382966,-0.3086998,-0.4007998,2.069,0.2655821,-0.09810114,0.9590842,-0.1543643,0.9776479,0.1427453,-0.9516501,-0.185959,0.2445024,static,-87.11774,-82.1431,-8.486068,-10.96336,3.3930353371963786,0.916497743219446
05/04/2023 16:19:30.483590,4412,True,True,True,True,Eyes,0.605807,0.1439134,-3.547085,-0.9382929,-0.3424258,0.0484878,0.0,0.0,0.0,0.0,0.0,0.0,0.0,3.252282,0.4390885,1.42811,0.5409145,0.1379201,-3.535254,0.1017858,-0.603272,0.01803413,0.7908081,10.5297,284.8157,354.4968,0.1903422,0.03908478,-0.9809391,-0.2862659,0.01283293,0.08890704,-1.448766,-0.6033077,-3.366577,-0.3087001,-0.4007999,2.069,0.2714753,-0.09428602,0.9578159,-0.1513322,0.9786288,0.1392272,-0.9504734,-0.1827451,0.2514051,static,-87.04178,-81.94044,-8.486074,-10.96336,3.3931471453657736,0.9130112967059086
05/04/2023 16:19:30.503558,4413,True,True,True,True,Eyes,0.6019644,0.1434675,-3.546746,-0.9381382,-0.3426407,0.04994092,0.0,0.0,0.0,0.0,0.0,0.0,0.0,3.24698,0.4241852,1.439757,0.5304421,0.1369778,-3.534909,0.09973207,-0.6009319,0.01885747,0.7928296,10.41666,285.2,354.7518,0.1881339,0.03917333,-0.9813615,-0.26909,0.01206296,0.08357262,-1.45877,-0.6018783,-3.350991,-0.3087,-0.4007999,2.069,0.2770504,-0.08996283,0.9566345,-0.1497659,0.9793958,0.1354769,-0.9491118,-0.1808052,0.2578686,static,-86.95279,-81.70736,-8.486073,-10.96336,3.3933334970084528,0.9090084444486054
05/04/2023 16:19:30.513769,4414,True,True,True,True,Eyes,0.5978557,0.1430033,-3.54641,-0.9379527,-0.342905,0.05158367,0.0,0.0,0.0,0.0,0.0,0.0,0.0,3.242111,0.4109097,1.449737,0.519983,0.135914,-3.534546,0.09796216,-0.5987354,0.01973331,0.7946887,10.33067,285.5564,354.9883,0.1860443,0.03924164,-0.981757,-0.2529446,0.01133918,0.07855826,-1.468457,-0.601382,-3.336555,-0.3087005,-0.4007999,2.069,0.282253,-0.08594316,0.9554826,-0.1486705,0.980028,0.1320688,-0.9477502,-0.1793289,0.2638387,static,-86.85213,-81.44507,-8.486086,-10.96336,3.393561565848758,0.9045061484335365
05/04/2023 16:19:30.533674,4415,True,True,True,True,Eyes,0.593505,0.1425512,-3.54609,-0.9376535,-0.3435192,0.05291874,0.0,0.0,0.0,0.0,0.0,0.0,0.0,3.237741,0.3989972,1.458443,0.5095066,0.1350475,-3.534315,0.09692071,-0.5965829,0.02147719,0.7963882,10.36969,285.8943,355.2513,0.1840536,0.03929129,-0.9821302,-0.2377679,0.01065883,0.07384476,-1.476507,-0.6051316,-3.323167,-0.3087004,-0.4007999,2.069001,0.2872552,-0.08143411,0.9543863,-0.1498508,0.9802902,0.1287472,-0.94606,-0.1799988,0.2693905,static,-86.76981,-81.24249,-8.48608,-10.96336,3.3939000255563276,0.9010482472385376
05/04/2023 16:19:30.553415,4416,True,True,True,True,Eyes,0.588913,0.1420936,-3.545768,-0.9373247,-0.344188,0.05437887,0.0,0.0,0.0,0.0,0.0,0.0,0.0,3.234613,0.3906395,1.463753,0.4994061,0.1349285,-3.534159,0.09654838,-0.5948031,0.02313752,0.797717,10.4607,286.1649,355.4541,0.1821459,0.03932451,-0.9824845,-0.2235018,0.0100193,0.06941407,-1.483878,-0.6095599,-3.31275,-0.3086999,-0.4007999,2.069001,0.2913479,-0.07794016,0.9534368,-0.1517689,0.9802861,0.126512,-0.9445013,-0.1815611,0.2737755,static,-86.67971,-81.02195,-8.486068,-10.96336,3.3942855849186984,0.8972858297731069
05/04/2023 16:19:30.563484,4417,True,True,True,True,Eyes,0.5841047,0.1416254,-3.545445,-0.9368896,-0.345186,0.05553808,0.0,0.0,0.0,0.0,0.0,0.0,0.0,3.231374,0.3856023,1.467925,0.489035,0.1343714,-3.533845,0.0964645,-0.5930676,0.02444811,0.7989791,10.553,286.4222,355.604,0.1803057,0.03934286,-0.9828232,-0.2100917,0.009418141,0.06524923,-1.491648,-0.6141557,-3.302975,-0.3086999,-0.4007999,2.069,0.2953463,-0.07535287,0.952414,-0.153487,0.9801938,0.1251475,-0.9429805,-0.183145,0.2779309,static,-86.60752,-80.85983,-8.48607,-10.96336,3.394780348440402,0.894545387186705
05/04/2023 16:19:30.583561,4418,True,True,True,True,Eyes,0.5790837,0.1412027,-3.54511,-0.9364023,-0.3463188,0.05669167,0.0,0.0,0.0,0.0,0.0,0.0,0.0,3.23026,0.3864701,1.466188,0.4789501,0.1337252,-3.533606,0.09751683,-0.5919233,0.02602026,0.7996501,10.76392,286.574,355.69,0.1785209,0.03934754,-0.9831488,-0.1974862,0.008853053,0.06133427,-1.498209,-0.6225296,-3.297764,-0.3087,-0.4007999,2.069,0.2978997,-0.07383076,0.9517379,-0.1570591,0.9796268,0.1251547,-0.9415881,-0.1867627,0.2802348,static,-86.53543,-80.70325,-8.486073,-10.96336,3.395342174359711,0.8919086551943088
05/04/2023 16:19:30.603520,4419,True,True,True,True,Eyes,0.5738513,0.1408914,-3.544783,-0.9358734,-0.3476056,0.05754461,0.0,0.0,0.0,0.0,0.0,0.0,0.0,3.229729,0.3882405,1.462252,0.4687911,0.1341306,-3.53303,0.09893017,-0.5909974,0.0276105,0.800108,11.00794,286.6876,355.7496,0.1767802,0.03934123,-0.9834636,-0.185637,0.008321869,0.05765422,-1.504617,-0.6308196,-3.293843,-0.3087001,-0.4007999,2.069,0.2999195,-0.07275218,0.9511864,-0.1611177,0.978901,0.1256742,-0.9402604,-0.1909451,0.2818698,static,-86.48145,-80.60018,-8.486074,-10.96336,3.3959435286915642,0.890200754096984
05/04/2023 16:19:30.623198,4420,True,True,True,True,Eyes,0.5684276,0.1407011,-3.54443,-0.9353922,-0.3487591,0.05838186,0.0,0.0,0.0,0.0,0.0,0.0,0.0,3.229572,0.3923285,1.456383,0.4584633,0.1362461,-3.532188,0.1003933,-0.5903075,0.028053,0.8004194,11.17658,286.7614,355.6964,0.1750731,0.03932816,-0.9837694,-0.1744988,0.007822557,0.05419496,-1.51263,-0.6341593,-3.29143,-0.3087002,-0.4008,2.069,0.3015001,-0.07361756,0.9506199,-0.1634342,0.9782684,0.1275938,-0.9393545,-0.1938333,0.2829165,static,-86.42856,-80.49686,-8.486079,-10.96336,3.3965030270306924,0.8884835192518398
05/04/2023 16:19:30.633640,4421,True,True,True,True,Eyes,0.5627974,0.1405532,-3.544061,-0.9349896,-0.3497187,0.05908778,0.0,0.0,0.0,0.0,0.0,0.0,0.0,3.228531,0.404654,1.450161,0.4485518,0.1393417,-3.531219,0.1015589,-0.5897554,0.02528341,0.8007718,11.09714,286.8074,355.365,0.1733908,0.03931241,-0.984068,-0.1640289,0.007353204,0.05094327,-1.524358,-0.6264256,-3.290539,-0.3087001,-0.4007999,2.069,0.3030987,-0.07929737,0.9496543,-0.1602823,0.978093,0.132829,-0.9393833,-0.1924731,0.2837489,static,-86.38393,-80.40999,-8.486075,-10.96336,3.3969791511877983,0.8870403762273752
05/04/2023 16:19:30.653586,4422,True,True,True,True,Eyes,0.5569949,0.1404741,-3.543666,-0.9346345,-0.3505388,0.05983996,0.0,0.0,0.0,0.0,0.0,0.0,0.0,3.225108,0.4173636,1.448678,0.4382237,0.1402377,-3.530224,0.1021276,-0.5885991,0.02206223,0.8016447,10.93596,286.95,355.0422,0.1717253,0.03929547,-0.9843606,-0.1541871,0.006912012,0.04788667,-1.537096,-0.6181309,-3.285916,-0.3087,-0.4007999,2.069,0.3061288,-0.08485223,0.9482011,-0.1555965,0.9781665,0.1377684,-0.9391884,-0.1897117,0.2862423,static,-86.33664,-80.31251,-8.486073,-10.96336,3.3974144136499413,0.8854091061070116
05/04/2023 16:19:30.663553,4423,True,True,True,True,Eyes,0.5510135,0.1405213,-3.543302,-0.9343168,-0.3512559,0.06059146,0.0,0.0,0.0,0.0,0.0,0.0,0.0,3.221735,0.4277028,1.447845,0.4281991,0.1416541,-3.529212,0.1028639,-0.5873842,0.01970587,0.8025028,10.85049,287.1009,354.7882,0.1700704,0.03927943,-0.9846485,-0.1449359,0.006497291,0.04501347,-1.548308,-0.6122957,-3.280861,-0.3087001,-0.4007999,2.069001,0.309183,-0.08921322,0.9468089,-0.1524693,0.9780614,0.1419473,-0.9387008,-0.188247,0.2887976,static,-86.28951,-80.21283,-8.486072,-10.96335,3.3978159597383284,0.8837358021388916
05/04/2023 16:19:30.683549,4424,True,True,True,True,Eyes,0.5448825,0.1406731,-3.542883,-0.9340127,-0.3519169,0.06143894,0.0,0.0,0.0,0.0,0.0,0.0,0.0,3.217707,0.4338182,1.449185,0.4184071,0.1444669,-3.527894,0.1034313,-0.5859746,0.01790906,0.8035018,10.7896,287.285,354.6005,0.1684199,0.03926771,-0.9849325,-0.1362398,0.006107453,0.04231266,-1.558618,-0.6062884,-3.274054,-0.3087001,-0.4008,2.069,0.312626,-0.09243634,0.9453681,-0.1499962,0.9779625,0.145226,-0.9379586,-0.187203,0.2918714,static,-86.23653,-80.09691,-8.486073,-10.96336,3.3982180576840393,0.881782106857368
05/04/2023 16:19:30.707206,4425,True,True,True,True,Eyes,0.5385917,0.1409065,-3.542452,-0.9336433,-0.3526034,0.06309406,0.0,0.0,0.0,0.0,0.0,0.0,0.0,3.212724,0.4408525,1.452,0.4088629,0.1473163,-3.526384,0.1042858,-0.5843532,0.01638164,0.8046039,10.77559,287.4944,354.4202,0.1667692,0.03926285,-0.9852136,-0.1280654,0.005741006,0.0397739,-1.56794,-0.6018903,-3.266311,-0.3087,-0.4007998,2.069,0.3165259,-0.09551802,0.9437625,-0.1482409,0.9777122,0.1486722,-0.936929,-0.1869628,0.2953116,static,-86.13393,-79.855,-8.486071,-10.96335,3.398774704634815,0.877671143681766
05/04/2023 16:19:30.713439,4426,True,True,True,True,Eyes,0.5321743,0.1411945,-3.541961,-0.9332685,-0.3532618,0.06493102,0.0,0.0,0.0,0.0,0.0,0.0,0.0,3.202476,0.4528992,1.463794,0.39917,0.149317,-3.52449,0.105587,-0.5814633,0.01461652,0.8065594,10.79656,287.8747,354.2033,0.1651141,0.03926649,-0.9854922,-0.1203815,0.005396546,0.03738746,-1.576264,-0.5993181,-3.252636,-0.3087,-0.4007998,2.069,0.3233735,-0.09921172,0.9410561,-0.1463681,0.9772755,0.1533264,-0.9348828,-0.1873223,0.3015036,static,-86.02013,-79.58504,-8.486072,-10.96336,3.3993711795076296,0.873080542997496
05/04/2023 16:19:30.733170,4427,True,True,True,True,Eyes,0.5256203,0.1415236,-3.541466,-0.9328154,-0.3539876,0.06744017,0.0,0.0,0.0,0.0,0.0,0.0,0.0,3.191879,0.4612416,1.477511,0.3897696,0.1508956,-3.522666,0.1064937,-0.5784116,0.01337591,0.8086534,10.81897,288.2869,354.065,0.1634515,0.03927937,-0.9857687,-0.1131586,0.005072753,0.03514422,-1.583807,-0.597683,-3.237492,-0.3087003,-0.4007999,2.069,0.3305224,-0.1015615,0.9383178,-0.1448274,0.9769604,0.1567595,-0.93262,-0.1877066,0.3081983,static,-85.86485,-79.21352,-8.486081,-10.96336,3.4001447954976163,0.8667572770877178
05/04/2023 16:19:30.753561,4428,True,True,True,True,Eyes,0.5189639,0.1418604,-3.540896,-0.9323353,-0.3547195,0.07017839,0.0,0.0,0.0,0.0,0.0,0.0,0.0,3.180017,0.4674564,1.493991,0.3805195,0.1520513,-3.520669,0.1072685,-0.5750179,0.01268342,0.8109791,10.86942,288.7514,353.9919,0.1617781,0.03930174,-0.9860439,-0.106369,0.004768388,0.03303557,-1.590285,-0.5978187,-3.220132,-0.3087,-0.4007999,2.069001,0.3383871,-0.1027906,0.9353761,-0.1439346,0.9766652,0.1593986,-0.929934,-0.1885714,0.3156958,static,-85.69537,-78.80901,-8.486071,-10.96335,3.4010017067812246,0.8598742715859141
05/04/2023 16:19:30.763812,4429,True,True,True,True,Eyes,0.512206,0.1421757,-3.540266,-0.9317421,-0.355632,0.07336555,0.0,0.0,0.0,0.0,0.0,0.0,0.0,3.167533,0.4717581,1.511421,0.3714146,0.1528073,-3.518368,0.1077909,-0.5715212,0.01221461,0.8133853,10.91269,289.2352,353.9589,0.1600925,0.03933296,-0.9863177,-0.0999869,0.004482285,0.03105343,-1.596353,-0.5983471,-3.201575,-0.3087,-0.4007999,2.069001,0.3464286,-0.1033392,0.9323671,-0.14308,0.9764638,0.1613893,-0.9271007,-0.1893129,0.3234893,static,-85.49781,-78.34361,-8.486068,-10.96335,3.402078730697785,0.8519661034123013
05/04/2023 16:19:30.783594,4430,True,True,True,True,Eyes,0.5053622,0.1424566,-3.53955,-0.9311164,-0.3565515,0.07676852,0.0,0.0,0.0,0.0,0.0,0.0,0.0,3.153357,0.4755036,1.532053,0.3625339,0.1525471,-3.515999,0.1083065,-0.5675914,0.01225728,0.8160635,10.99272,289.7812,353.9805,0.1583932,0.03937163,-0.9865904,0.0,0.0,0.0,-1.601066,-0.6014769,-3.180703,-0.3087001,-0.4007999,2.069001,0.3553796,-0.1029423,0.9290363,-0.1429531,0.9762389,0.1628557,-0.9237261,-0.1906843,0.3322194,static,-85.28675,-77.84924,-8.486073,-10.96336,3.4032654531177267,0.8435707836022245
05/04/2023 16:19:30.803704,4431,True,True,True,True,Eyes,0.3324319,0.1484287,-3.518996,-0.9104474,-0.3783394,0.1671667,0.0,0.0,0.0,0.0,0.0,0.0,0.0,3.137285,0.4823892,1.554518,0.3536993,0.1518212,-3.51335,0.1090281,-0.5633321,0.01191753,0.8189186,11.06937,290.3659,353.9568,0.1566792,0.03941614,-0.9868624,0.0,0.0,0.0,-1.605508,-0.604684,-3.158518,-0.3087002,-0.4007997,2.069,0.3650298,-0.1033191,0.925245,-0.142357,0.9759417,0.1651433,-0.9200477,-0.1919973,0.3415396,static,-79.59583,-66.16209,-8.486079,-10.96335,3.456202023670401,0.6480833378365586
05/04/2023 16:19:30.813371,4432,True,True,True,True,Eyes,0.3320832,0.1484246,-3.518867,-0.9103945,-0.3783301,0.1674755,0.0,0.0,0.0,0.0,0.0,0.0,0.0,3.122228,0.4881126,1.574639,0.3449048,0.1511206,-3.510592,0.1094264,-0.5594006,0.01126488,0.8215656,11.09317,290.9076,353.9213,0.1502122,0.03968763,-0.9878565,-0.5187907,0.01791635,0.06166148,-1.610687,-0.6059861,-3.137563,-0.3087001,-0.4007999,2.069,0.3738881,-0.1039167,0.921634,-0.140936,0.9757979,0.1671987,-0.9167032,-0.192405,0.3501936,static,-79.57645,-66.12245,-8.486073,-10.96336,3.456384330766468,0.6474206221289819
05/04/2023 16:19:30.833140,4433,True,True,True,True,Eyes,0.3314254,0.1484104,-3.518568,-0.9103075,-0.378285,0.1680497,0.0,0.0,0.0,0.0,0.0,0.0,0.0,3.10845,0.4912507,1.592003,0.3362584,0.1510106,-3.507476,0.1095167,-0.5558761,0.01056411,0.8239517,11.08223,291.3964,353.8962,0.144597,0.03992036,-0.9886847,-0.4876632,0.01684137,0.05796179,-1.616299,-0.6055719,-3.11786,-0.3086999,-0.4008,2.069,0.3817804,-0.1043468,0.9183438,-0.139164,0.975789,0.1687282,-0.913716,-0.1922175,0.3580158,static,-79.54053,-66.04726,-8.486072,-10.96336,3.4567003201863473,0.646159995577118
05/04/2023 16:19:30.853167,4434,True,True,True,True,Eyes,0.3304553,0.148385,-3.51811,-0.9101671,-0.3782267,0.1689387,0.0,0.0,0.0,0.0,0.0,0.0,0.0,3.0952,0.4914957,1.608459,0.3279275,0.1509204,-3.504092,0.1090271,-0.5525751,0.009617103,0.8262454,10.99916,291.863,353.8831,0.1395218,0.04012877,-0.9894052,-0.4584034,0.01583089,0.05448408,-1.622454,-0.6027411,-3.098253,-0.3087002,-0.4008,2.069,0.3891366,-0.1045991,0.9152222,-0.1363834,0.9760412,0.1695379,-0.9110281,-0.1907946,0.3655478,static,-79.48484,-65.93159,-8.486077,-10.96336,3.4572017464007363,0.6442225219861151
05/04/2023 16:19:30.863761,4435,True,True,True,True,Eyes,0.3292124,0.1483457,-3.517469,-0.9099693,-0.3782446,0.1699613,0.0,0.0,0.0,0.0,0.0,0.0,0.0,3.079675,0.493313,1.626928,0.3195547,0.1505854,-3.49998,0.1088524,-0.548876,0.008859229,0.8287387,10.96128,292.3782,353.8716,0.1349252,0.04031542,-0.9900349,-0.4308992,0.01488103,0.05121504,-1.627599,-0.6017103,-3.076494,-0.3086999,-0.4007999,2.069,0.3973133,-0.1048089,0.9116783,-0.1341769,0.9761453,0.1706951,-0.9078209,-0.1901456,0.3737726,static,-79.42037,-65.8036,-8.486071,-10.96336,3.45785763360242,0.6420907994239576
05/04/2023 16:19:30.883631,4436,True,True,True,True,Eyes,0.3277104,0.1483013,-3.516667,-0.9096509,-0.3784042,0.1713056,0.0,0.0,0.0,0.0,0.0,0.0,0.0,3.060811,0.5012668,1.6489,0.3114563,0.1502801,-3.495585,0.1096054,-0.5445203,0.008035127,0.8315167,11.01278,292.9641,353.8005,0.1307529,0.04048248,-0.9905878,-0.4050452,0.01398817,0.04814214,-1.630896,-0.6033525,-3.05286,-0.3087001,-0.4008,2.069,0.4068664,-0.1060021,0.9073166,-0.1327274,0.9758441,0.1735269,-0.9037938,-0.1910281,0.3829689,static,-79.33495,-65.64349,-8.486073,-10.96336,3.4588473724990374,0.639444390483161
05/04/2023 16:19:30.903496,4437,True,True,True,True,Eyes,0.3259676,0.1482687,-3.515702,-0.9092008,-0.3788178,0.1727744,0.0,0.0,0.0,0.0,0.0,0.0,0.0,3.03921,0.5149269,1.673413,0.3038563,0.1500978,-3.491045,0.1118088,-0.5395713,0.008228261,0.8344423,11.2725,293.6062,353.7407,0.1269557,0.04063215,-0.9910755,-0.3807425,0.01314888,0.04525361,-1.630481,-0.6120577,-3.028276,-0.3086997,-0.4007998,2.069,0.4175901,-0.1069256,0.9023222,-0.1343897,0.9748622,0.1777165,-0.8986422,-0.1954754,0.3927232,static,-79.24044,-65.48283,-8.486063,-10.96336,3.460152584696944,0.6368262921649056
05/04/2023 16:19:30.923279,4438,True,True,True,True,Eyes,0.3240139,0.1482666,-3.514576,-0.9085949,-0.3794882,0.1744825,0.0,0.0,0.0,0.0,0.0,0.0,0.0,3.018353,0.52887,1.695442,0.2962483,0.1502789,-3.486307,0.1142668,-0.5348569,0.00865587,0.8371358,11.57047,294.2096,353.6861,0.1234906,0.04076681,-0.9915076,-0.357898,0.01235995,0.04253839,-1.629673,-0.6217206,-3.005119,-0.3086998,-0.4008,2.069,0.4277064,-0.1077405,0.8974738,-0.1367251,0.9737364,0.1820544,-0.8935175,-0.200573,0.4017425,static,-79.12951,-65.3078,-8.486069,-10.96336,3.4618571716990667,0.634007894757011
05/04/2023 16:19:30.933677,4439,True,True,True,True,Eyes,0.3218734,0.1483072,-3.513296,-0.9078919,-0.380364,0.1762261,0.0,0.0,0.0,0.0,0.0,0.0,0.0,2.996275,0.5519692,1.716076,0.2893999,0.1511808,-3.481471,0.1185538,-0.5300246,0.009540332,0.8395999,12.07482,294.7914,353.5617,0.1203188,0.04088913,-0.9918925,-0.3364241,0.01161835,0.03998609,-1.625775,-0.6372414,-2.984286,-0.3087002,-0.4007998,2.069001,0.4379657,-0.1096528,0.8922794,-0.141693,0.971708,0.1889623,-0.8877552,-0.2091888,0.4100377,static,-79.01521,-65.14127,-8.486075,-10.96335,3.463789651974264,0.6313636010777112
05/04/2023 16:19:30.953399,4440,True,True,True,True,Eyes,0.3195533,0.1483728,-3.511846,-0.9070633,-0.3814283,0.1781817,0.0,0.0,0.0,0.0,0.0,0.0,0.0,2.973379,0.578666,1.735777,0.2829251,0.1522456,-3.476425,0.1228259,-0.5252675,0.009211743,0.8419757,12.50414,295.3516,353.3226,0.1174066,0.04100181,-0.9922367,-0.3162386,0.01092125,0.03758692,-1.622845,-0.6493089,-2.964322,-0.3087001,-0.4007999,2.069001,0.4480182,-0.1135208,0.8867879,-0.1445451,0.9696578,0.1971556,-0.8822621,-0.2165101,0.4180156,static,-78.88644,-64.96069,-8.486073,-10.96335,3.466056406022191,0.6285167323294861
05/04/2023 16:19:30.963225,4441,True,True,True,True,Eyes,0.3170834,0.1484568,-3.510216,-0.9062435,-0.3825362,0.1799686,0.0,0.0,0.0,0.0,0.0,0.0,0.0,2.948712,0.6077158,1.755978,0.2763532,0.1529165,-3.471012,0.127146,-0.5202899,0.008340964,0.8444304,12.90948,295.9329,353.0338,0.1147233,0.04110682,-0.9925463,-0.2972643,0.01026598,0.03533171,-1.620135,-0.6606129,-2.943565,-0.3087,-0.4007999,2.069,0.4584578,-0.1182189,0.8808181,-0.1463923,0.9675286,0.2060525,-0.8765761,-0.2234114,0.4262647,static,-78.76791,-64.80482,-8.486073,-10.96336,3.468274819823714,0.6260908006152169
05/04/2023 16:19:30.983500,4442,True,True,True,True,Eyes,0.3144692,0.1485473,-3.508429,-0.9053346,-0.3837248,0.1820013,0.0,0.0,0.0,0.0,0.0,0.0,0.0,2.92162,0.6424101,1.777303,0.2700939,0.1535076,-3.465667,0.1318524,-0.5149958,0.00648016,0.8469666,13.29846,296.5366,352.6304,0.1122426,0.04120569,-0.9928257,-0.2794285,0.009650017,0.0332118,-1.617397,-0.6707067,-2.92276,-0.3087,-0.4008,2.069,0.4694748,-0.1248299,0.8740773,-0.1467838,0.9651459,0.2166746,-0.8706595,-0.2300236,0.4347886,static,-78.63322,-64.62494,-8.486073,-10.96336,3.470760517865737,0.6232822605705572
05/04/2023 16:19:31.003314,4443,True,True,True,True,Eyes,0.3117346,0.1486456,-3.506447,-0.9044667,-0.3848196,0.1839938,0.0,0.0,0.0,0.0,0.0,0.0,0.0,2.894172,0.6721755,1.799556,0.2641014,0.1537483,-3.460212,0.1356525,-0.5096959,0.004490727,0.8495813,13.59595,297.1555,352.275,0.1099404,0.04129948,-0.9930794,-0.2626627,0.009071016,0.0312191,-1.615059,-0.6783192,-2.900644,-0.3087003,-0.4007999,2.069,0.4803799,-0.1306525,0.8672745,-0.1459135,0.9631565,0.2259177,-0.8648378,-0.2350733,0.443617,static,-78.50134,-64.44614,-8.486082,-10.96336,3.4731602914824764,0.6204820737587146
05/04/2023 16:19:31.013250,4444,True,True,True,True,Eyes,0.3088793,0.1487627,-3.504297,-0.9035568,-0.3858682,0.1862546,0.0,0.0,0.0,0.0,0.0,0.0,0.0,2.868142,0.6910653,1.822343,0.2580207,0.1541279,-3.454622,0.1376341,-0.5046665,0.002282549,0.8522695,13.70403,297.7751,352.0109,0.1077963,0.04138919,-0.9933107,-0.246903,0.008526755,0.02934595,-1.614697,-0.6799597,-2.876759,-0.3087,-0.4008,2.069,0.490613,-0.1350279,0.8608521,-0.1428093,0.9621033,0.2322988,-0.8595955,-0.2369065,0.4527371,static,-78.35248,-64.23387,-8.486073,-10.96336,3.475735867816601,0.6171249448103857
05/04/2023 16:19:31.033431,4445,True,True,True,True,Eyes,0.3059515,0.1488764,-3.501918,-0.9027892,-0.3863818,0.1888933,0.0,0.0,0.0,0.0,0.0,0.0,0.0,2.842814,0.7044081,1.844556,0.2523168,0.1546674,-3.448562,0.1388215,-0.4998819,0.0001460186,0.8548958,13.73914,298.3784,351.8005,0.1057911,0.04147602,-0.9935227,-0.2320888,0.008015149,0.02758519,-1.614657,-0.6793087,-2.852248,-0.3086997,-0.4007999,2.069,0.5002361,-0.138539,0.8547344,-0.1390383,0.9614572,0.2372098,-0.8546532,-0.2375017,0.4616934,static,-78.18232,-63.94704,-8.486064,-10.96336,3.47811679368336,0.6124568699082206
05/04/2023 16:19:31.053545,4446,True,True,True,True,Eyes,0.3029226,0.148992,-3.499362,-0.9019991,-0.3867731,0.1918442,0.0,0.0,0.0,0.0,0.0,0.0,0.0,2.818053,0.7087128,1.868106,0.2467683,0.1550906,-3.442174,0.1384168,-0.4952329,-0.002262389,0.8576598,13.60271,298.9973,351.66,0.1039097,0.04156043,-0.9937177,-0.2181635,0.00753424,0.02593008,-1.61599,-0.6734318,-2.825424,-0.3087,-0.4008,2.069001,0.5094787,-0.1409778,0.8488563,-0.1332164,0.9616713,0.2396698,-0.8501089,-0.2351882,0.4711705,static,-77.99281,-63.61803,-8.486071,-10.96336,3.480646588775255,0.6070782071825834
05/04/2023 16:19:31.063198,4447,True,True,True,True,Eyes,0.2998216,0.1491156,-3.496597,-0.9012797,-0.3866996,0.1953416,0.0,0.0,0.0,0.0,0.0,0.0,0.0,2.791828,0.7093509,1.894252,0.2414087,0.1551251,-3.435598,0.1373079,-0.4902997,-0.004778205,0.8606566,13.39509,299.6678,351.5547,0.1021367,0.041643,-0.9938981,-0.2050737,0.007082186,0.02437428,-1.617056,-0.6657537,-2.796095,-0.3086999,-0.4007998,2.069,0.5191667,-0.1428689,0.8426473,-0.1264193,0.9622474,0.2410354,-0.8452716,-0.2316644,0.4815054,static,-77.77097,-63.19934,-8.48607,-10.96336,3.483180329593096,0.6001512843190708
05/04/2023 16:19:31.083150,4448,True,True,True,True,Eyes,0.2966394,0.1492433,-3.493651,-0.9005235,-0.3865209,0.1991456,0.0,0.0,0.0,0.0,0.0,0.0,0.0,2.76422,0.7092493,1.921623,0.236212,0.1555053,-3.428791,0.1361315,-0.4851361,-0.007345038,0.8637461,13.18168,300.3674,351.4489,0.1004601,0.04172439,-0.9940656,-0.1927692,0.006657254,0.02291182,-1.617393,-0.6575186,-2.765588,-0.3086999,-0.4007999,2.069,0.529178,-0.1447731,0.836069,-0.1193961,0.9628285,0.2422928,-0.8400686,-0.2280394,0.4922222,static,-77.53007,-62.74131,-8.486069,-10.96336,3.4858888486086106,0.5925659242881328
05/04/2023 16:19:31.103078,4449,True,True,True,True,Eyes,0.2934113,0.1493451,-3.490468,-0.8998534,-0.3859619,0.2032171,0.0,0.0,0.0,0.0,0.0,0.0,0.0,2.736237,0.7071154,1.948828,0.2310351,0.1555514,-3.421602,0.1347885,-0.4799272,-0.009548639,0.8668396,12.97434,301.0765,351.3873,0.09886805,0.04180511,-0.9942217,-0.1812031,0.006257819,0.02153711,-1.617,-0.650084,-2.734275,-0.3087003,-0.4007999,2.069,0.5391576,-0.1459316,0.8294656,-0.1128231,0.9634817,0.2428454,-0.8346139,-0.2245147,0.503004,static,-77.27416,-62.23225,-8.486078,-10.96336,3.488479470239106,0.5840851694681447
05/04/2023 16:19:31.113462,4450,True,True,True,True,Eyes,0.2901098,0.1494135,-3.487094,-0.8991375,-0.3853195,0.207559,0.0,0.0,0.0,0.0,0.0,0.0,0.0,2.709028,0.7049924,1.973711,0.2258989,0.1551713,-3.414129,0.1335367,-0.4749539,-0.01153668,0.8697435,12.78696,301.7507,351.3353,0.09735132,0.04188477,-0.994368,-0.1703309,0.00588235,0.02024489,-1.616382,-0.6437997,-2.703955,-0.3087003,-0.4007999,2.069001,0.5485713,-0.1469155,0.823095,-0.1067797,0.9640697,0.2432442,-0.8292574,-0.2213266,0.5131733,static,-77.0014,-61.69011,-8.486077,-10.96336,3.4912462533591517,0.5750542506333807
05/04/2023 16:19:31.133595,4451,True,True,True,True,Eyes,0.2866836,0.1493637,-3.483601,-0.898438,-0.3845024,0.2120546,0.0,0.0,0.0,0.0,0.0,0.0,0.0,2.680719,0.7062058,1.997759,0.2209395,0.1545725,-3.406363,0.1327058,-0.4699195,-0.01379362,0.8725678,12.62833,302.4185,351.2292,0.09590077,0.0419628,-0.9945056,-0.160111,0.005529409,0.01903019,-1.615272,-0.6383621,-2.674051,-0.3087,-0.4007999,2.069,0.5579708,-0.1487938,0.8164123,-0.1006503,0.9643978,0.2445533,-0.8237343,-0.2186258,0.5231297,static,-76.71976,-61.12309,-8.486073,-10.96336,3.494010961660204,0.565593416792105
05/04/2023 16:19:31.153553,4452,True,True,True,True,Eyes,0.2832069,0.1492539,-3.479921,-0.8976612,-0.3836782,0.2167842,0.0,0.0,0.0,0.0,0.0,0.0,0.0,2.652076,0.7111515,2.022227,0.2145581,0.1516788,-3.399941,0.1321206,-0.4645208,-0.01601296,0.8755047,12.50164,303.1263,351.1153,0.09450586,0.04203617,-0.9946361,-0.1505044,0.005197644,0.01788838,-1.614441,-0.6362475,-2.644539,-0.3087003,-0.4008,2.069001,0.5679281,-0.1507843,0.8091488,-0.09470668,0.9645754,0.2462211,-0.8176115,-0.2164677,0.5335292,static,-76.42309,-60.53288,-8.486077,-10.96336,3.497013316825287,0.5557605836663765
05/04/2023 16:19:31.163415,4453,True,True,True,True,Eyes,0.2797161,0.1490569,-3.476007,-0.8968277,-0.3829821,0.2214152,0.0,0.0,0.0,0.0,0.0,0.0,0.0,2.621497,0.7189326,2.045167,0.2098037,0.1498728,-3.391952,0.1323431,-0.4592105,-0.01801446,0.8782293,12.46893,303.8034,350.9736,0.0931601,0.04210386,-0.9947602,-0.1414741,0.004885786,0.01681508,-1.611156,-0.6360562,-2.615345,-0.3087002,-0.4007999,2.069,0.5776025,-0.1531883,0.801816,-0.08990496,0.9643216,0.2489999,-0.8113523,-0.2159102,0.5432221,static,-76.13174,-59.9663,-8.486076,-10.96336,3.500128112034844,0.5463493056745637
05/04/2023 16:19:31.183147,4454,True,True,True,True,Eyes,0.2761853,0.1487808,-3.471911,-0.895878,-0.3823961,0.2262209,0.0,0.0,0.0,0.0,0.0,0.0,0.0,2.590402,0.7297487,2.066618,0.205174,0.1478941,-3.383734,0.1332792,-0.4538763,-0.01954955,0.8808239,12.53552,304.4688,350.8384,0.0918585,0.04216426,-0.9948786,-0.1329857,0.004592638,0.01580617,-1.606509,-0.6394469,-2.587117,-0.3086997,-0.4007998,2.069,0.5872282,-0.1554239,0.7943591,-0.08654512,0.963709,0.2525372,-0.8047813,-0.2170448,0.552466,static,-75.82832,-59.39196,-8.486062,-10.96335,3.5035722060984265,0.5368434818334865
05/04/2023 16:19:31.203103,4455,True,True,True,True,Eyes,0.2726307,0.1484273,-3.467613,-0.8948659,-0.3819531,0.2309261,0.0,0.0,0.0,0.0,0.0,0.0,0.0,2.561487,0.7392625,2.08494,0.2005558,0.1456422,-3.375391,0.1345453,-0.4488997,-0.01984845,0.883172,12.69925,305.0881,350.8069,0.09059652,0.042216,-0.9949922,-0.1250065,0.00431708,0.0148578,-1.600709,-0.6470543,-2.560668,-0.3086999,-0.4007999,2.069,0.5961903,-0.1558539,0.7875701,-0.08573553,0.9630072,0.2554733,-0.7982522,-0.2198334,0.5607734,static,-75.53013,-58.84315,-8.486069,-10.96336,3.5071561495603465,0.5277953102255021
05/04/2023 16:19:31.213685,4456,True,True,True,True,Eyes,0.2690511,0.147988,-3.463124,-0.8937516,-0.3816246,0.2357343,0.0,0.0,0.0,0.0,0.0,0.0,0.0,2.534715,0.7454783,2.10083,0.1961641,0.1435089,-3.366739,0.1353009,-0.4444124,-0.02021204,0.8853152,12.80319,305.653,350.7916,0.08936875,0.04225801,-0.9951015,-0.1175061,0.004058055,0.01396633,-1.595882,-0.6526139,-2.535198,-0.3086999,-0.4007999,2.069,0.6041782,-0.1560468,0.7814205,-0.0844707,0.9625703,0.2575327,-0.7923594,-0.2216028,0.5683826,static,-75.22427,-58.29585,-8.486069,-10.96336,3.5110314451199254,0.5188081336277747
05/04/2023 16:19:31.233559,4457,True,True,True,True,Eyes,0.265499,0.147474,-3.458406,-0.8925791,-0.3814403,0.2404286,0.0,0.0,0.0,0.0,0.0,0.0,0.0,2.510854,0.7502992,2.112828,0.1919564,0.1410578,-3.357772,0.13615,-0.4405089,-0.01981073,0.8871431,12.95086,306.1452,350.8425,0.08817128,0.04228903,-0.995207,-0.1104558,0.003814572,0.01312836,-1.590976,-0.6603836,-2.511876,-0.3087001,-0.4007999,2.069,0.6111188,-0.1551004,0.7761944,-0.08480064,0.9621415,0.2590225,-0.7869833,-0.2241154,0.5748301,static,-74.92439,-57.77604,-8.486074,-10.96336,3.5150449637223105,0.5103122626607567
05/04/2023 16:19:31.253720,4458,True,True,True,True,Eyes,0.2619313,0.1468807,-3.453491,-0.8913329,-0.3812979,0.2452296,0.0,0.0,0.0,0.0,0.0,0.0,0.0,2.48666,0.7516913,2.125472,0.1883465,0.1388823,-3.348341,0.1364733,-0.4366321,-0.01945103,0.8890159,13.04216,306.6447,350.9189,0.08700197,0.04230826,-0.9953091,-0.1038284,0.003585697,0.01234065,-1.585753,-0.6661254,-2.487393,-0.3087,-0.4008,2.069,0.6179482,-0.1537618,0.7710366,-0.08459271,0.9619933,0.2596397,-0.7816547,-0.225668,0.5814549,static,-74.617,-57.25313,-8.486073,-10.96336,3.519285401394051,0.5017900519141235
05/04/2023 16:19:31.273518,4459,True,True,True,True,Eyes,0.2583717,0.1462428,-3.448369,-0.8898754,-0.3812574,0.2505288,0.0,0.0,0.0,0.0,0.0,0.0,0.0,2.461679,0.7545045,2.138098,0.1844615,0.136361,-3.338859,0.1367033,-0.4326642,-0.01974533,0.8909119,13.09081,307.1513,350.9341,0.08585854,0.04231481,-0.9954081,0.0,0.0,0.0,-1.581338,-0.6703865,-2.462611,-0.3087001,-0.4008,2.069,0.6248236,-0.153476,0.7655329,-0.08311059,0.9618446,0.2606675,-0.7763299,-0.2264951,0.5882277,static,-74.27637,-56.69061,-8.486076,-10.96336,3.524200235776681,0.4926646195484955
05/04/2023 16:19:31.283166,4460,True,True,True,True,Eyes,0.2548093,0.14555,-3.443046,-0.8883718,-0.3811822,0.2559212,0.0,0.0,0.0,0.0,0.0,0.0,0.0,2.437216,0.7561789,2.149097,0.1811225,0.1346485,-3.32859,0.1368193,-0.4289914,-0.02027824,0.8926566,13.11268,307.6191,350.9264,0.08473856,0.04230886,-0.9955043,0.0,0.0,0.0,-1.577257,-0.6727901,-2.438172,-0.3087,-0.4007999,2.069,0.6311104,-0.1535916,0.7603351,-0.08118561,0.9617386,0.2616637,-0.7714329,-0.2268669,0.5944937,static,-73.92942,-56.12305,-8.486072,-10.96336,3.5292750456699036,0.48347132142308846
05/04/2023 16:19:31.303486,4461,True,True,True,True,Eyes,0.2512367,0.1447945,-3.437529,-0.886737,-0.3810707,0.2616919,0.0,0.0,0.0,0.0,0.0,0.0,0.0,2.412227,0.7556632,2.16151,0.1775358,0.1326605,-3.318565,0.1364219,-0.4251343,-0.02105059,0.8945428,13.07179,308.1189,350.924,0.08363947,0.04229031,-0.9955981,0.0,0.0,0.0,-1.573474,-0.6733813,-2.412498,-0.3087,-0.4008,2.069,0.6376354,-0.1536565,0.7548581,-0.07833392,0.9618919,0.261969,-0.7663451,-0.2261717,0.6012998,static,-73.55773,-55.52153,-8.486073,-10.96336,3.534794712282765,0.47374486469209987
05/04/2023 16:19:31.313749,4462,True,True,True,True,Eyes,0.2476723,0.1439698,-3.431808,-0.8850573,-0.3809051,0.2675533,0.0,0.0,0.0,0.0,0.0,0.0,0.0,2.388392,0.7512639,2.172723,0.1740931,0.1302401,-3.30791,0.1353595,-0.4215718,-0.02181167,0.8963701,12.9602,308.5942,350.9535,0.08255908,0.04225877,-0.9956895,0.0,0.0,0.0,-1.57042,-0.6722124,-2.386258,-0.3087,-0.4007999,2.069,0.6436029,-0.1532302,0.7498639,-0.0750249,0.9624041,0.2610549,-0.7616736,-0.2242741,0.60791,static,-73.1799,-54.91523,-8.486073,-10.96336,3.5404712824277316,0.46395466411293407
05/04/2023 16:19:31.333413,4463,True,True,True,True,Eyes,0.2441172,0.1431186,-3.425916,-0.8833092,-0.3806307,0.2736515,0.0,0.0,0.0,0.0,0.0,0.0,0.0,2.363761,0.7464622,2.184915,0.1707512,0.1278006,-3.297413,0.1342916,-0.4178056,-0.02238948,0.8982779,12.85905,309.0962,351.0043,0.08149568,0.04221373,-0.995779,0.0,0.0,0.0,-1.566467,-0.6715462,-2.359428,-0.3087,-0.4007998,2.069,0.6498745,-0.1524395,0.7445975,-0.07199159,0.962929,0.2599712,-0.7566243,-0.2225534,0.6148086,static,-72.78688,-54.28605,-8.486071,-10.96335,3.5463951268158405,0.4537989716320926
05/04/2023 16:19:31.353621,4464,True,True,True,True,Eyes,0.2405832,0.1422598,-3.419829,-0.8814973,-0.38039,0.2797605,0.0,0.0,0.0,0.0,0.0,0.0,0.0,2.339181,0.7435295,2.195885,0.1680192,0.1260985,-3.286698,0.133784,-0.4141438,-0.02266921,0.9000405,12.8292,309.5742,351.0542,0.080448,0.04215592,-0.9958667,0.0,0.0,0.0,-1.561386,-0.6725497,-2.333798,-0.3087001,-0.4008,2.069,0.655942,-0.151618,0.7394269,-0.07000521,0.9631758,0.2595986,-0.751558,-0.2220454,0.6211734,static,-72.39214,-53.66712,-8.486074,-10.96336,3.552510632524336,0.4438432622576308
05/04/2023 16:19:31.363345,4465,True,True,True,True,Eyes,0.2370783,0.1414552,-3.413554,-0.8796747,-0.3800455,0.2858984,0.0,0.0,0.0,0.0,0.0,0.0,0.0,2.316054,0.742505,2.204466,0.1649742,0.1250633,-3.276009,0.1337729,-0.410728,-0.02280859,0.9016026,12.85495,310.0106,351.0891,0.0794152,0.04208656,-0.9959525,0.0,0.0,0.0,-1.556675,-0.6746745,-2.310067,-0.3087,-0.4007998,2.069,0.6615646,-0.1510171,0.7345245,-0.06875995,0.9631692,0.2599561,-0.7467291,-0.2224836,0.6268147,static,-71.9956,-53.0468,-8.486071,-10.96335,3.5586722800724866,0.433869078223566
05/04/2023 16:19:31.383573,4466,True,True,True,True,Eyes,0.233603,0.140661,-3.407089,-0.8778402,-0.3796335,0.2920188,0.0,0.0,0.0,0.0,0.0,0.0,0.0,2.29521,0.7408625,2.210573,0.1621433,0.1252325,-3.265199,0.1337028,-0.4078281,-0.02338551,0.9029136,12.84825,310.3774,351.0733,0.07839682,0.04200856,-0.9960365,0.0,0.0,0.0,-1.553436,-0.6741802,-2.288253,-0.3087002,-0.4007999,2.069,0.6662587,-0.1512857,0.7302137,-0.06682534,0.9631534,0.2605187,-0.7427205,-0.2223696,0.6315995,static,-71.59998,-52.43207,-8.486076,-10.96336,3.56487253638812,0.4239960581475627
05/04/2023 16:19:31.403261,4467,True,True,True,True,Eyes,0.2301317,0.1398746,-3.400471,-0.8759668,-0.3791819,0.2981664,0.0,0.0,0.0,0.0,0.0,0.0,0.0,2.273336,0.7405903,2.216524,0.1598669,0.1250466,-3.253969,0.1333134,-0.4050135,-0.02526985,0.9041864,12.74493,310.7272,350.9343,0.07739184,0.0419232,-0.9961187,0.0,0.0,0.0,-1.551505,-0.6699969,-2.266138,-0.3087003,-0.4008,2.069,0.670651,-0.1536848,0.7256779,-0.06229014,0.9631779,0.2615496,-0.7391531,-0.2206111,0.6363832,static,-71.20218,-51.82057,-8.486078,-10.96336,3.5711912999036914,0.41419302157216886
05/04/2023 16:19:31.413588,4468,True,True,True,True,Eyes,0.2266903,0.139142,-3.393688,-0.8740894,-0.3786727,0.3042609,0.0,0.0,0.0,0.0,0.0,0.0,0.0,2.249044,0.7421817,2.224199,0.1570342,0.124073,-3.242844,0.1330578,-0.40167,-0.02729219,0.9056556,12.65525,311.1396,350.7805,0.07639982,0.04183165,-0.9961992,0.0,0.0,0.0,-1.548894,-0.6669657,-2.242461,-0.3087,-0.4008,2.069,0.6758326,-0.1563253,0.7202865,-0.05745602,0.9631015,0.262934,-0.7348123,-0.2190842,0.6419135,static,-70.80756,-51.21836,-8.486073,-10.96336,3.5775156531634265,0.40455108901383274
05/04/2023 16:19:31.433492,4469,True,True,True,True,Eyes,0.2232488,0.1385328,-3.386775,-0.8722204,-0.3780643,0.3103205,0.0,0.0,0.0,0.0,0.0,0.0,0.0,2.228335,0.7445195,2.228763,0.154301,0.1246779,-3.232308,0.1330813,-0.3989781,-0.02960153,0.9067688,12.57558,311.4599,350.5721,0.0754201,0.04173621,-0.9962778,0.0,0.0,0.0,-1.547883,-0.6623465,-2.222427,-0.3087003,-0.4007999,2.069,0.6798804,-0.1598766,0.715683,-0.05250958,0.9628263,0.2649687,-0.7314407,-0.2177272,0.6462117,static,-70.41535,-50.62037,-8.48608,-10.96336,3.5838082935527096,0.3949782332191577
05/04/2023 16:19:31.453495,4470,True,True,True,True,Eyes,0.2198347,0.1380784,-3.379689,-0.8703949,-0.377344,0.3162661,0.0,0.0,0.0,0.0,0.0,0.0,0.0,2.212205,0.7400364,2.230454,0.1517313,0.1268019,-3.221385,0.1324906,-0.3970722,-0.03128176,0.907635,12.45449,311.6987,350.4501,0.07445123,0.04164099,-0.9963546,0.0,0.0,0.0,-1.548082,-0.6553415,-2.203748,-0.3087001,-0.4007998,2.069,0.6827102,-0.1620015,0.7125043,-0.04843184,0.9629354,0.2653485,-0.7290824,-0.215664,0.6495599,static,-70.03091,-50.03236,-8.486075,-10.96335,3.5899524799658242,0.38555993558316637
05/04/2023 16:19:31.463319,4471,True,True,True,True,Eyes,0.2164754,0.1377384,-3.37241,-0.8686339,-0.3764519,0.3221165,0.0,0.0,0.0,0.0,0.0,0.0,0.0,2.197755,0.7326823,2.231125,0.1490453,0.1297594,-3.210268,0.1316312,-0.3954263,-0.03280423,0.9084247,12.31057,311.9115,350.3544,0.07349164,0.04155058,-0.9964296,0.0,0.0,0.0,-1.548917,-0.6468871,-2.185356,-0.3087001,-0.4007999,2.069,0.6851239,-0.1637012,0.7097938,-0.04450049,0.9631943,0.2650973,-0.7270661,-0.2132107,0.6526226,static,-69.65365,-49.44757,-8.486075,-10.96336,3.5958829840850335,0.3761716364747999
05/04/2023 16:19:31.483601,4472,True,True,True,True,Eyes,0.2131267,0.137479,-3.364969,-0.866905,-0.3753892,0.3279614,0.0,0.0,0.0,0.0,0.0,0.0,0.0,2.185351,0.7155545,2.232534,0.1465755,0.1328083,-3.198884,0.1289394,-0.3941373,-0.03486754,0.9092936,11.94674,312.1123,350.2876,0.07254428,0.04146828,-0.9965025,0.0,0.0,0.0,-1.551749,-0.6310273,-2.164985,-0.3087,-0.4007999,2.069001,0.6868802,-0.1650493,0.7077813,-0.03822998,0.9643178,0.2619727,-0.7257646,-0.2070023,0.6560609,static,-69.27773,-48.85768,-8.48607,-10.96336,3.601700947359039,0.3666817748681176
05/04/2023 16:19:31.503498,4473,True,True,True,True,Eyes,0.2097557,0.137336,-3.357438,-0.8651108,-0.3743404,0.3338454,0.0,0.0,0.0,0.0,0.0,0.0,0.0,2.16944,0.6987267,2.237105,0.1433697,0.1340879,-3.1876,0.1260478,-0.3920324,-0.0367869,0.9105324,11.57777,312.4208,350.2549,0.07160672,0.04139572,-0.9965733,0.0,0.0,0.0,-1.553127,-0.6169463,-2.141395,-0.3087001,-0.4007999,2.069,0.6899146,-0.1658209,0.7046425,-0.03183827,0.9655174,0.2583845,-0.7231902,-0.2006978,0.6608451,static,-68.89845,-48.27269,-8.486075,-10.96336,3.6077005653396603,0.3572983050147608
05/04/2023 16:19:31.513431,4474,True,True,True,True,Eyes,0.2064066,0.137281,-3.349771,-0.8633165,-0.3732222,0.3396905,0.0,0.0,0.0,0.0,0.0,0.0,0.0,2.154488,0.6857973,2.240173,0.1404918,0.1364072,-3.176817,0.124175,-0.3900708,-0.03815642,0.9115754,11.3395,312.6944,350.2266,0.07067644,0.04133545,-0.9966422,0.0,0.0,0.0,-1.553415,-0.6062971,-2.120517,-0.3086999,-0.4007999,2.069,0.6927779,-0.166439,0.7016816,-0.02730912,0.9662493,0.256157,-0.7206339,-0.1966222,0.6648508,static,-68.52177,-47.69291,-8.486071,-10.96336,3.613674347919069,0.34800171318063733
05/04/2023 16:19:31.533491,4475,True,True,True,True,Eyes,0.2030424,0.1372731,-3.342013,-0.8614246,-0.3722833,0.3454747,0.0,0.0,0.0,0.0,0.0,0.0,0.0,2.138423,0.6763828,2.243179,0.137596,0.1387086,-3.166074,0.1229114,-0.3879174,-0.03948384,0.9126083,11.1692,312.9796,350.1739,0.06975422,0.04128911,-0.9967091,0.0,0.0,0.0,-1.552902,-0.5978272,-2.10004,-0.3087001,-0.4007998,2.069,0.6959223,-0.1674255,0.6983272,-0.02329236,0.9666677,0.2549729,-0.7177393,-0.193707,0.6688257,static,-68.14672,-47.13902,-8.486074,-10.96336,3.619920284445535,0.3391848470646516
05/04/2023 16:19:31.553527,4476,True,True,True,True,Eyes,0.1996901,0.1372897,-3.334137,-0.8595064,-0.3713523,0.3512069,0.0,0.0,0.0,0.0,0.0,0.0,0.0,2.12017,0.6718175,2.24694,0.1345368,0.139424,-3.155576,0.1223431,-0.3853285,-0.04044152,0.9137388,11.09363,313.3084,350.1312,0.0688384,0.04125686,-0.9967742,0.0,0.0,0.0,-1.550736,-0.5942484,-2.079343,-0.3087001,-0.4007999,2.069,0.6997728,-0.1681906,0.6942838,-0.02037861,0.9667933,0.2547459,-0.7140748,-0.1924128,0.6731082,static,-67.77435,-46.59703,-8.486073,-10.96336,3.6262228148274502,0.3305802712303645
05/04/2023 16:19:31.563219,4477,True,True,True,True,Eyes,0.1963413,0.1373016,-3.326162,-0.857494,-0.3706367,0.3568369,0.0,0.0,0.0,0.0,0.0,0.0,0.0,2.10206,0.6692229,2.249697,0.1314747,0.1400141,-3.144959,0.1221472,-0.3827976,-0.04127713,0.9147909,11.06233,313.6231,350.0822,0.0679286,0.0412382,-0.9968373,0.0,0.0,0.0,-1.548398,-0.5922722,-2.059379,-0.3087,-0.4007998,2.069,0.7035244,-0.1690352,0.6902758,-0.01799546,0.9667525,0.25508,-0.7104433,-0.1918768,0.6770921,static,-67.40589,-46.08675,-8.486072,-10.96336,3.632790791058433,0.3225551259282873
05/04/2023 16:19:31.583285,4478,True,True,True,True,Eyes,0.1929916,0.1372892,-3.318091,-0.8554252,-0.3699908,0.3624285,0.0,0.0,0.0,0.0,0.0,0.0,0.0,2.084347,0.6670428,2.252399,0.1281268,0.1399575,-3.134763,0.1222464,-0.3801732,-0.0411769,0.9158759,11.10551,313.9512,350.1198,0.06702376,0.04123179,-0.9968988,0.0,0.0,0.0,-1.544915,-0.5940498,-2.039838,-0.3087,-0.4008,2.069,0.7075456,-0.1683754,0.6863155,-0.01752373,0.9667206,0.2552337,-0.7064504,-0.1926163,0.6810483,static,-67.03848,-45.59156,-8.486071,-10.96336,3.639513846332356,0.31480916402659653
05/04/2023 16:19:31.603505,4479,True,True,True,True,Eyes,0.1896562,0.1372639,-3.309911,-0.8532468,-0.3694586,0.3680627,0.0,0.0,0.0,0.0,0.0,0.0,0.0,2.068043,0.6607922,2.254744,0.1248403,0.1394761,-3.124464,0.1218204,-0.3777304,-0.04041271,0.9169767,11.12107,314.2722,350.2514,0.06612409,0.04123585,-0.9969587,0.0,0.0,0.0,-1.541231,-0.5959041,-2.019874,-0.3087004,-0.4008,2.069,0.711373,-0.1661456,0.6828939,-0.01791553,0.9670532,0.2539432,-0.7025863,-0.1928827,0.684959,static,-66.66622,-45.10844,-8.486082,-10.96336,3.6465628018497434,0.30731070408685435
05/04/2023 16:19:31.613537,4480,True,True,True,True,Eyes,0.1863272,0.1372536,-3.301637,-0.8510571,-0.3688928,0.3736574,0.0,0.0,0.0,0.0,0.0,0.0,0.0,2.053765,0.6515919,2.256092,0.1212284,0.139214,-3.114225,0.1210779,-0.3755428,-0.03919892,0.9180257,11.11994,314.5709,350.443,0.06522772,0.04124913,-0.9970171,0.0,0.0,0.0,-1.538095,-0.5973468,-2.000303,-0.3087001,-0.4007999,2.069,0.7148621,-0.1629111,0.6800237,-0.01896865,0.9676071,0.251747,-0.6990082,-0.1928635,0.6886154,static,-66.29607,-44.63237,-8.486073,-10.96336,3.6536267572752137,0.29993579216782995
05/04/2023 16:19:31.633580,4481,True,True,True,True,Eyes,0.182991,0.1372549,-3.29327,-0.8488032,-0.3684038,0.3792254,0.0,0.0,0.0,0.0,0.0,0.0,0.0,2.041174,0.636453,2.257235,0.1180472,0.1395734,-3.103733,0.1193061,-0.3737083,-0.03827446,0.9190447,10.99296,314.8421,350.6477,0.06433544,0.04127132,-0.9970742,0.0,0.0,0.0,-1.536092,-0.5939316,-1.980126,-0.3087001,-0.4007999,2.069,0.7177543,-0.1595232,0.6777766,-0.0188195,0.9686022,0.2479023,-0.6960421,-0.1906883,0.6922163,static,-65.92603,-44.17073,-8.486075,-10.96336,3.6608707278244883,0.29283165428954916
05/04/2023 16:19:31.653744,4482,True,True,True,True,Eyes,0.1796485,0.1372715,-3.284819,-0.8465458,-0.3678558,0.3847628,0.0,0.0,0.0,0.0,0.0,0.0,0.0,2.027063,0.6260274,2.258499,0.1143569,0.139907,-3.09339,0.1179616,-0.371623,-0.03836866,0.9200594,10.86794,315.1271,350.7253,0.06344534,0.04130205,-0.9971299,0.0,0.0,0.0,-1.534901,-0.5897999,-1.960176,-0.3087,-0.4007998,2.069,0.7208484,-0.1582774,0.6747784,-0.01707157,0.9692258,0.2455806,-0.6928825,-0.1885459,0.6959628,static,-65.55777,-43.7131,-8.486073,-10.96336,3.668102659277888,0.28579532443431555
05/04/2023 16:19:31.663220,4483,True,True,True,True,Eyes,0.1763172,0.1372818,-3.27628,-0.8441961,-0.3675086,0.3902183,0.0,0.0,0.0,0.0,0.0,0.0,0.0,2.011963,0.6161466,2.260319,0.1108587,0.1402813,-3.08297,0.1166327,-0.3693923,-0.03868967,0.9211131,10.7358,315.4273,350.7788,0.06255817,0.04134106,-0.9971844,0.0,0.0,0.0,-1.53334,-0.5852267,-1.939752,-0.3087002,-0.4008,2.069,0.7241048,-0.1574416,0.6714792,-0.01489135,0.9697998,0.2434472,-0.6895292,-0.1862806,0.6998922,static,-65.19189,-43.28331,-8.486076,-10.96336,3.6756049908678152,0.27927218572412293
05/04/2023 16:19:31.683522,4484,True,True,True,True,Eyes,0.1729735,0.1373032,-3.267677,-0.8418041,-0.3672774,0.3955669,0.0,0.0,0.0,0.0,0.0,0.0,0.0,1.997067,0.6096733,2.261562,0.1071073,0.1403125,-3.073024,0.1159316,-0.3671208,-0.03868947,0.9221092,10.68421,315.7233,350.8376,0.06167263,0.04138751,-0.9972376,0.0,0.0,0.0,-1.531317,-0.5837944,-1.920664,-0.3087002,-0.4007999,2.069,0.7274509,-0.1564737,0.6680802,-0.01376998,0.9701259,0.2422106,-0.6860215,-0.1853958,0.7035644,static,-64.83099,-42.87621,-8.486076,-10.96336,3.683219843815,0.27315437851831714
05/04/2023 16:19:31.703086,4485,True,True,True,True,Eyes,0.1696035,0.1373722,-3.259049,-0.8392687,-0.3673378,0.4008628,0.0,0.0,0.0,0.0,0.0,0.0,0.0,1.982339,0.611295,2.260243,0.1034517,0.1406313,-3.062935,0.116939,-0.3649692,-0.03802158,0.9228635,10.84099,315.9785,350.8882,0.06078743,0.04144118,-0.9972897,0.0,0.0,0.0,-1.528178,-0.5891802,-1.90455,-0.3087001,-0.4007998,2.069,0.7307037,-0.1555357,0.6647411,-0.01518081,0.9697592,0.2435909,-0.6825259,-0.1880841,0.7062455,static,-64.4693,-42.50114,-8.486074,-10.96336,3.691270961724884,0.2676420004450396
05/04/2023 16:19:31.713570,4486,True,True,True,True,Eyes,0.1662343,0.1374605,-3.250369,-0.8366511,-0.367642,0.4060225,0.0,0.0,0.0,0.0,0.0,0.0,0.0,1.966938,0.6201481,2.258163,0.09990334,0.1418354,-3.053299,0.119505,-0.3626783,-0.0369205,0.9234825,11.18287,316.2261,350.9166,0.05990135,0.04150288,-0.9973407,0.0,0.0,0.0,-1.523519,-0.5998783,-1.890948,-0.3087001,-0.4008,2.069,0.7342026,-0.1548747,0.6610298,-0.01849292,0.9687108,0.2475022,-0.6786785,-0.1939411,0.708366,static,-64.11295,-42.15997,-8.486077,-10.96336,3.699564706428047,0.26274413839280764
05/04/2023 16:19:31.733157,4487,True,True,True,True,Eyes,0.1628766,0.1375513,-3.24164,-0.8339399,-0.36815,0.4111081,0.0,0.0,0.0,0.0,0.0,0.0,0.0,1.950587,0.6278448,2.256731,0.09658077,0.1425309,-3.043381,0.1218255,-0.3602379,-0.03574815,0.9241803,11.50315,316.4975,350.9671,0.05901445,0.04157254,-0.9973907,0.0,0.0,0.0,-1.518178,-0.6104586,-1.876221,-0.3087003,-0.4007999,2.069,0.7379015,-0.1538478,0.6571395,-0.02169685,0.9677613,0.2509332,-0.6745597,-0.1994218,0.7107744,static,-63.75804,-41.84465,-8.486081,-10.96336,3.708136835833847,0.2583260580209884
05/04/2023 16:19:31.753183,4488,True,True,True,True,Eyes,0.1595229,0.1376398,-3.232873,-0.8311165,-0.3689863,0.4160463,0.0,0.0,0.0,0.0,0.0,0.0,0.0,1.933643,0.6424174,2.254363,0.09303518,0.1427886,-3.033938,0.125458,-0.3576253,-0.03405249,0.924773,11.98668,316.7705,351.0182,0.05812676,0.04164956,-0.9974396,0.0,0.0,0.0,-1.511471,-0.6270205,-1.863616,-0.3087002,-0.4008,2.069,0.7418892,-0.1527156,0.6529,-0.0267523,0.9662014,0.2563965,-0.6699886,-0.2076844,0.7127289,static,-63.40804,-41.56942,-8.486078,-10.96336,3.717045741663591,0.254640675823377
05/04/2023 16:19:31.763775,4489,True,True,True,True,Eyes,0.1562088,0.1377204,-3.224046,-0.8281935,-0.3700418,0.4209092,0.0,0.0,0.0,0.0,0.0,0.0,0.0,1.915339,0.6587235,2.252155,0.08974819,0.1429129,-3.024262,0.1294936,-0.3547885,-0.03207504,0.9253798,12.52713,317.0663,351.0868,0.05723893,0.04173318,-0.9974874,0.0,0.0,0.0,-1.503318,-0.6457,-1.850836,-0.3087001,-0.4007999,2.069,0.7461927,-0.1512489,0.6483212,-0.0325225,0.9644052,0.2624213,-0.6649352,-0.2169018,0.7147131,static,-63.05915,-41.32027,-8.486076,-10.96336,3.7262476709764027,0.2514408017320434
05/04/2023 16:19:31.783705,4490,True,True,True,True,Eyes,0.1528946,0.1378271,-3.215182,-0.8251618,-0.3713201,0.4257103,0.0,0.0,0.0,0.0,0.0,0.0,0.0,1.895855,0.6748294,2.25123,0.08634356,0.1431198,-3.014922,0.1335312,-0.3516123,-0.0300063,0.9260874,13.07474,317.4054,351.1726,0.05635096,0.04182273,-0.9975342,0.0,0.0,0.0,-1.494121,-0.6645744,-1.837442,-0.3087003,-0.4007999,2.069,0.7509369,-0.1494793,0.6432338,-0.0383255,0.9625381,0.2684243,-0.6592609,-0.226222,0.7170765,static,-62.71028,-41.09613,-8.48608,-10.96336,3.7357676557052546,0.24871095736053606
05/04/2023 16:19:31.803262,4491,True,True,True,True,Eyes,0.1495273,0.1379541,-3.206331,-0.8221401,-0.3724593,0.4305342,0.0,0.0,0.0,0.0,0.0,0.0,0.0,1.87459,0.6868522,2.252316,0.08304448,0.1438638,-3.005193,0.1366756,-0.3481306,-0.02873876,0.9269838,13.4963,317.7914,351.219,0.05546224,0.04191855,-0.99758,0.0,0.0,0.0,-1.485168,-0.6783441,-1.821393,-0.3087001,-0.4007999,2.069,0.7559582,-0.1484427,0.6375672,-0.04188123,0.9609877,0.2734019,-0.6532787,-0.2333825,0.7202497,moving,-62.36007,-40.8634,-8.486077,-10.96336,3.7452256953868757,0.2458253435796366
05/04/2023 16:19:31.813368,4492,True,True,True,True,Eyes,0.1461469,0.1381051,-3.197437,-0.8190614,-0.37359,0.4353952,0.0,0.0,0.0,0.0,0.0,0.0,0.0,1.853799,0.6925701,2.255225,0.07939,0.1443253,-2.995853,0.1384706,-0.3445853,-0.02793842,0.9280659,13.75469,318.2067,351.2783,0.05457018,0.04202078,-0.9976249,0.0,0.0,0.0,-1.476804,-0.6845426,-1.801818,-0.3076605,-0.3981001,2.069141,0.7609609,-0.1472873,0.6318583,-0.04357246,0.9600906,0.276274,-0.6473329,-0.2377654,0.7241738,moving,-62.00586,-40.63118,-8.457345,-10.89056,3.7548321421276087,0.24296632357108783
05/04/2023 16:19:31.833455,4493,True,True,True,True,Eyes,0.1427589,0.1382504,-3.188502,-0.8160179,-0.3743127,0.4404598,0.0,0.0,0.0,0.0,0.0,0.0,0.0,1.832624,0.6914716,2.259779,0.07567525,0.1450122,-2.986049,0.1388539,-0.3409753,-0.02787604,0.929343,13.83199,318.6493,351.3221,0.05367551,0.04212954,-0.9976688,0.0,0.0,0.0,-1.469674,-0.6843104,-1.779236,-0.3066163,-0.395389,2.069283,0.7659175,-0.1465043,0.6260247,-0.04287867,0.9598851,0.2770958,-0.6415074,-0.2390757,0.7289109,moving,-61.64128,-40.35863,-8.428483,-10.81742,3.7642924563804363,0.23939330900918226
05/04/2023 16:19:31.853692,4494,True,True,True,True,Eyes,0.1393498,0.1383749,-3.17953,-0.8129249,-0.3749299,0.445624,0.0,0.0,0.0,0.0,0.0,0.0,0.0,1.811341,0.6789341,2.268135,0.07171959,0.1452193,-2.976593,0.1368958,-0.3371541,-0.02834835,0.9310119,13.63806,319.1569,351.4134,0.05277688,0.04224423,-0.9977119,0.0,0.0,0.0,-1.463605,-0.6757595,-1.752297,-0.3055902,-0.3927249,2.069423,0.771047,-0.1450952,0.6200274,-0.03952465,0.9609119,0.2740187,-0.6355506,-0.2357877,0.7351733,moving,-61.26961,-40.0759,-8.400117,-10.74553,3.773874551344255,0.2356590856391016
05/04/2023 16:19:31.863500,4495,True,True,True,True,Eyes,0.1359313,0.1384671,-3.170514,-0.8098741,-0.3751683,0.4509465,0.0,0.0,0.0,0.0,0.0,0.0,0.0,1.790365,0.6694136,2.274599,0.06784313,0.1449722,-2.966766,0.1355869,-0.3334446,-0.02832257,0.9325389,13.53222,319.6423,351.5275,0.0518742,0.04236368,-0.9977542,0.0,0.0,0.0,-1.456764,-0.6706243,-1.726501,-0.3045077,-0.3899145,2.069571,0.7760251,-0.1432452,0.6142198,-0.03759763,0.961628,0.271768,-0.6295805,-0.233992,0.7408618,moving,-60.89048,-39.75901,-8.370198,-10.66966,3.783285916317575,0.23131447286034884
05/04/2023 16:19:31.883519,4496,True,True,True,True,Eyes,0.1324847,0.1385207,-3.161464,-0.8067563,-0.3753471,0.4563538,0.0,0.0,0.0,0.0,0.0,0.0,0.0,1.769306,0.6557248,2.282417,0.06371249,0.1443103,-2.957188,0.1335627,-0.3295525,-0.02790676,0.9342257,13.36548,320.1667,351.7162,0.05096668,0.04248661,-0.9977958,0.0,0.0,0.0,-1.44937,-0.6645416,-1.699328,-0.303535,-0.3873881,2.069703,0.7812328,-0.1401742,0.6082981,-0.03588937,0.9627644,0.2679488,-0.6232073,-0.2311618,0.7471124,moving,-60.50468,-39.437,-8.34331,-10.60144,3.7928686540112455,0.22690197869187173
05/04/2023 16:19:31.903500,4497,True,True,True,True,Eyes,0.1289637,0.1385379,-3.152416,-0.8036246,-0.375277,0.4619033,0.0,0.0,0.0,0.0,0.0,0.0,0.0,1.748874,0.6417518,2.289323,0.05955625,0.1434528,-2.947419,0.1315311,-0.3257771,-0.02725572,0.9358559,13.20463,320.6775,351.9274,0.05005351,0.04261157,-0.9978366,0.0,0.0,0.0,-1.441897,-0.6588388,-1.672376,-0.3025072,-0.3847184,2.069843,0.7862528,-0.1367145,0.6025909,-0.03468479,0.9639134,0.2639469,-0.6169308,-0.2284297,0.7531376,moving,-60.11079,-39.09241,-8.314902,-10.52932,3.8024506049317846,0.22209944384612273
05/04/2023 16:19:31.923268,4498,True,True,True,True,Eyes,0.1254103,0.1385179,-3.143324,-0.8004276,-0.3751785,0.4675004,0.0,0.0,0.0,0.0,0.0,0.0,0.0,1.730245,0.6307127,2.29401,0.05515438,0.1423136,-2.937811,0.1301044,-0.3223015,-0.02618681,0.937288,13.12114,321.1435,352.1535,0.04913262,0.04273724,-0.9978771,0.0,0.0,0.0,-1.434729,-0.6560804,-1.647666,-0.3014694,-0.3820249,2.069983,0.790872,-0.1329549,0.5973646,-0.03477654,0.9647742,0.2607707,-0.6109927,-0.2270106,0.7583892,moving,-59.71237,-38.74775,-8.286217,-10.45654,3.812192373179726,0.2173148539340376
05/04/2023 16:19:31.933359,4499,True,True,True,True,Eyes,0.1218129,0.1384562,-3.134199,-0.7972443,-0.3749047,0.4731259,0.0,0.0,0.0,0.0,0.0,0.0,0.0,1.709698,0.622676,2.298579,0.05085488,0.1414106,-2.927742,0.1290333,-0.3185974,-0.02585339,0.9387107,13.04853,321.6222,352.2863,0.04820328,0.04286252,-0.9979171,0.0,0.0,0.0,-1.427458,-0.6529189,-1.622663,-0.3004474,-0.3793704,2.070123,0.7956546,-0.130757,0.5914696,-0.03368163,0.965364,0.2587235,-0.6048135,-0.2257762,0.7636922,moving,-59.31292,-38.39328,-8.257966,-10.38478,3.8218456490894654,0.21235024412232129
05/04/2023 16:19:31.953666,4500,True,True,True,True,Eyes,0.118166,0.1383391,-3.125043,-0.7939841,-0.3746083,0.4788089,0.0,0.0,0.0,0.0,0.0,0.0,0.0,1.687224,0.6190273,2.303551,0.04615791,0.1402994,-2.917953,0.1283941,-0.3145303,-0.02648973,0.940151,12.98853,322.1264,352.2989,0.04726353,0.04298633,-0.9979566,0.0,0.0,0.0,-1.420388,-0.6496258,-1.597811,-0.2994047,-0.3766631,2.070265,0.8007379,-0.1305764,0.5846098,-0.03095899,0.9656265,0.2580833,-0.5982143,-0.224756,0.7691712,moving,-58.90809,-38.03875,-8.229142,-10.31158,3.831689024988125,0.207407381258993
05/04/2023 16:19:31.973366,4501,True,True,True,True,Eyes,0.1144328,0.1381829,-3.115872,-0.7906791,-0.3742513,0.484523,0.0,0.0,0.0,0.0,0.0,0.0,0.0,1.665337,0.6136989,2.307736,0.04113837,0.138447,-2.907707,0.1275045,-0.3105145,-0.0266163,0.9416024,12.91983,322.6333,352.3763,0.04631265,0.04310713,-0.997996,0.0,0.0,0.0,-1.41313,-0.6470965,-1.572259,-0.2983368,-0.3738899,2.07041,0.8057446,-0.1293079,0.577975,-0.02906004,0.9660684,0.2566465,-0.5915498,-0.2235875,0.7746467,moving,-58.50031,-37.68292,-8.199627,-10.23657,3.8416204880420057,0.20245262506144324
05/04/2023 16:19:31.983210,4502,True,True,True,True,Eyes,0.1106257,0.1379402,-3.106655,-0.7872873,-0.3738889,0.4902915,0.0,0.0,0.0,0.0,0.0,0.0,0.0,1.641376,0.6136836,2.312243,0.03599842,0.13709,-2.897775,0.1273222,-0.306151,-0.02780909,0.9430203,12.8916,323.1581,352.3119,0.04534882,0.04322398,-0.9980352,0.0,0.0,0.0,-1.4059,-0.6447977,-1.547578,-0.297349,-0.3713247,2.070544,0.8109965,-0.1304087,0.5703318,-0.02551053,0.9660314,0.2571623,-0.5844947,-0.2231072,0.7801213,moving,-58.08698,-37.3286,-8.172322,-10.16716,3.8517680925608166,0.1975498500232088
05/04/2023 16:19:32.004656,4503,True,True,True,True,Eyes,0.1067231,0.1376502,-3.097431,-0.7838222,-0.3735062,0.4961006,0.0,0.0,0.0,0.0,0.0,0.0,0.0,1.617175,0.6125292,2.317048,0.03078714,0.1352468,-2.887892,0.1269472,-0.3016698,-0.02868948,0.9444876,12.85536,323.7032,352.2906,0.04436956,0.04333472,-0.9980744,0.0,0.0,0.0,-1.397866,-0.6427171,-1.522227,-0.2962543,-0.3684833,2.070693,0.8163446,-0.130786,0.5625626,-0.02239857,0.9661227,0.2571096,-0.5771308,-0.2224906,0.7857595,moving,-57.66926,-36.97551,-8.142061,-10.09026,3.862087116816889,0.1926888608571738
05/04/2023 16:19:32.025318,4504,True,True,True,True,Eyes,0.10276,0.1372872,-3.088165,-0.7802474,-0.3731056,0.5020022,0.0,0.0,0.0,0.0,0.0,0.0,0.0,1.592151,0.6110704,2.32217,0.02560706,0.1336393,-2.877901,0.126638,-0.2969941,-0.02933909,0.9459897,12.83649,324.2725,352.2945,0.04337324,0.04343842,-0.9981138,0.0,0.0,0.0,-1.388865,-0.641436,-1.496606,-0.295288,-0.3659728,2.070825,0.8218675,-0.1307304,0.5544758,-0.01971254,0.966204,0.2570236,-0.5693375,-0.2221695,0.7915146,moving,-57.24324,-36.62102,-8.115348,-10.02228,3.8726827540957043,0.18783684586795407
05/04/2023 16:19:32.033579,4505,True,True,True,True,Eyes,0.09873223,0.1368623,-3.078859,-0.7766177,-0.3727152,0.5078862,0.0,0.0,0.0,0.0,0.0,0.0,0.0,1.566616,0.6059186,2.328192,0.020175,0.1315219,-2.867786,0.1256622,-0.2921042,-0.02967015,0.9476306,12.75774,324.8813,352.3612,0.04235889,0.0435335,-0.9981532,0.0,0.0,0.0,-1.379065,-0.63884,-1.469167,-0.2942566,-0.3632947,2.070965,0.8275896,-0.1296456,0.5461569,-0.01718022,0.9666574,0.2554962,-0.5610707,-0.2208291,0.7977683,moving,-56.81644,-36.2733,-8.086836,-9.949753,3.8833923502448204,0.1831154034690876
05/04/2023 16:19:32.053243,4506,True,True,True,True,Eyes,0.09463787,0.1364049,-3.069508,-0.7728588,-0.3723129,0.5138798,0.0,0.0,0.0,0.0,0.0,0.0,0.0,1.540184,0.6006641,2.334669,0.0144684,0.1296147,-2.857733,0.1248007,-0.2869275,-0.02966238,0.9493248,12.70498,325.5256,352.4641,0.04132564,0.04361889,-0.9981928,0.0,0.0,0.0,-1.368027,-0.6370028,-1.441254,-0.2931756,-0.3604873,2.071112,0.8335856,-0.127936,0.5373709,-0.01529902,0.9670898,0.2539747,-0.5521784,-0.2199309,0.8041948,moving,-56.37976,-35.92384,-8.056957,-9.8737,3.8944302791541547,0.178403262112796
05/04/2023 16:19:32.063246,4507,True,True,True,True,Eyes,0.09045284,0.135947,-3.060124,-0.7690116,-0.3718454,0.5199541,0.0,0.0,0.0,0.0,0.0,0.0,0.0,1.514201,0.5924355,2.341108,0.008749889,0.1283835,-2.847457,0.1235737,-0.2817821,-0.0294605,0.9510313,12.61754,326.1726,352.6005,0.04027166,0.04369462,-0.9982326,0.0,0.0,0.0,-1.356881,-0.6337737,-1.412967,-0.2922137,-0.3579904,2.071243,0.8394619,-0.1256774,0.5286862,-0.01360598,0.9677233,0.2516478,-0.5432484,-0.218442,0.8106567,moving,-55.93608,-35.57048,-8.030367,-9.806034,3.9056668376090835,0.17364757489334892
05/04/2023 16:19:32.083614,4508,True,True,True,True,Eyes,0.08619033,0.1354854,-3.050698,-0.765042,-0.3713461,0.52613,0.0,0.0,0.0,0.0,0.0,0.0,0.0,1.488483,0.5814536,2.347862,0.002697488,0.1278549,-2.837212,0.1220089,-0.2765536,-0.02906801,0.9527786,12.49869,326.8354,352.7697,0.03919693,0.04376157,-0.9982724,0.0,0.0,0.0,-1.345457,-0.6288252,-1.384074,-0.2912006,-0.3553593,2.071381,0.8453463,-0.1228747,0.5198955,-0.01209324,0.9685378,0.2485726,-0.5340817,-0.2164172,0.8172639,moving,-55.48316,-35.2147,-8.002362,-9.734713,3.9172003567876845,0.16888568554536398
05/04/2023 16:19:32.103167,4509,True,True,True,True,Eyes,0.08183769,0.1350033,-3.041247,-0.7610879,-0.3710159,0.5320643,0.0,0.0,0.0,0.0,0.0,0.0,0.0,1.463715,0.5705447,2.35364,-0.003449351,0.1273068,-2.826903,0.1204222,-0.271495,-0.02876773,0.9544431,12.37163,327.475,352.9254,0.03809871,0.04382064,-0.9983124,0.0,0.0,0.0,-1.334603,-0.6235135,-1.355813,-0.2901834,-0.3527173,2.071519,0.8509258,-0.1203024,0.5113243,-0.01047372,0.9693418,0.2454929,-0.5251814,-0.2142517,0.823578,moving,-55.04322,-34.8886,-7.974243,-9.663074,3.928651674658818,0.16462650469912
05/04/2023 16:19:32.123526,4510,True,True,True,True,Eyes,0.07741348,0.1345114,-3.031763,-0.7569951,-0.370809,0.5380139,0.0,0.0,0.0,0.0,0.0,0.0,0.0,1.438084,0.5642988,2.358641,-0.009515036,0.1263475,-2.816673,0.1195772,-0.2663141,-0.02861082,0.9560124,12.32141,328.1155,353.0394,0.03697648,0.04387193,-0.9983523,0.0,0.0,0.0,-1.323075,-0.6208953,-1.328705,-0.2891256,-0.3499712,2.071663,0.8565164,-0.1183948,0.5023568,-0.008985589,0.9697654,0.2438734,-0.5160416,-0.2133956,0.8295562,moving,-54.59771,-34.57532,-7.944999,-9.58859,3.9404639951320313,0.1606319849262548
05/04/2023 16:19:32.133437,4511,True,True,True,True,Eyes,0.07292437,0.1340331,-3.022259,-0.752499,-0.3708176,0.5442789,0.0,0.0,0.0,0.0,0.0,0.0,0.0,1.41227,0.5699534,2.36089,-0.01576116,0.1255801,-2.806624,0.1209248,-0.2611624,-0.02865987,0.9572618,12.5061,328.7178,353.0559,0.03582925,0.04391593,-0.9983922,0.0,0.0,0.0,-1.311478,-0.6256473,-1.305698,-0.288107,-0.3473264,2.071801,0.8619457,-0.118032,0.4930701,-0.008292,0.9691116,0.2464831,-0.5069329,-0.2165436,0.8343429,moving,-54.12197,-34.26664,-7.916844,-9.516832,3.9534074059550544,0.15685246409415943
05/04/2023 16:19:32.153472,4512,True,True,True,True,Eyes,0.06837814,0.1335603,-3.012737,-0.7478964,-0.3709949,0.5504669,0.0,0.0,0.0,0.0,0.0,0.0,0.0,1.388206,0.5753053,2.362139,-0.02173165,0.1254486,-2.79671,0.1224055,-0.2563376,-0.02845479,0.9583833,12.71106,329.2813,353.0939,0.03465611,0.04395384,-0.9984319,0.0,0.0,0.0,-1.300215,-0.6304496,-1.284041,-0.2870377,-0.3445491,2.071947,0.8669628,-0.1172954,0.4843733,-0.008213054,0.9684145,0.2492107,-0.4983054,-0.2200346,0.8386159,moving,-53.64618,-33.97855,-7.887284,-9.44146,3.966615020454894,0.15346018755337776
05/04/2023 16:19:32.163439,4513,True,True,True,True,Eyes,0.06376822,0.1331525,-3.003183,-0.7430102,-0.3714363,0.5567504,0.0,0.0,0.0,0.0,0.0,0.0,0.0,1.366449,0.5823226,2.361482,-0.02767853,0.1251571,-2.786835,0.1242658,-0.2519433,-0.02793298,0.9593239,12.9645,329.7908,353.1512,0.03345767,0.04398644,-0.9984714,0.0,0.0,0.0,-1.289925,-0.6374568,-1.264491,-0.2860926,-0.342095,2.072076,0.8714887,-0.1162095,0.4764483,-0.009022355,0.9675555,0.2524975,-0.4903328,-0.2243474,0.8421651,moving,-53.15514,-33.70926,-7.861157,-9.374837,3.9806032702328737,0.15048613615659762
05/04/2023 16:19:32.183535,4514,True,True,True,True,Eyes,0.05912978,0.1328971,-2.993584,-0.738053,-0.371857,0.5630276,0.0,0.0,0.0,0.0,0.0,0.0,0.0,1.345363,0.588764,2.359933,-0.03360675,0.1263357,-2.77648,0.1263445,-0.247674,-0.02731604,0.9601815,13.24388,330.2834,353.2127,0.03223356,0.04401644,-0.9985103,0.0,0.0,0.0,-1.279728,-0.6436725,-1.245204,-0.285057,-0.3394066,2.072217,0.8758229,-0.1150412,0.4687215,-0.01012777,0.9665818,0.2561582,-0.4825264,-0.2290964,0.8453894,moving,-52.66161,-33.44315,-7.832529,-9.301835,3.9947203877170017,0.14758244646996566
05/04/2023 16:19:32.203225,4515,True,True,True,True,Eyes,-0.05823299,0.1291732,-2.753133,-0.594976,-0.3714915,0.7127396,0.0,0.0,0.0,0.0,0.0,0.0,0.0,1.324299,0.5793297,2.362066,-0.03895507,0.1297511,-2.765934,0.1257352,-0.243345,-0.02708354,0.9613742,13.21324,330.8163,353.3185,0.03098348,0.04404927,-0.9985484,0.0,0.0,0.0,-1.269607,-0.6373577,-1.221344,-0.2840264,-0.3367302,2.072357,0.8800994,-0.1132689,0.4610804,-0.009119236,0.9669143,0.2549385,-0.4747018,-0.2285759,0.8499478,moving,-39.85423,-27.52926,-7.804039,-9.229137,4.3737086554402325,0.09087326315798433
05/04/2023 16:19:32.213501,4516,True,True,True,True,Eyes,-0.05844287,0.1292401,-2.752701,-0.5947058,-0.3714404,0.7129916,0.0,0.0,0.0,0.0,0.0,0.0,0.0,1.300975,0.563694,2.366791,-0.04403326,0.1320014,-2.755472,0.1234715,-0.2386102,-0.02779556,0.9628331,12.97349,331.4084,353.3737,0.02217204,0.04456141,-0.9987602,-0.3520883,-0.01117153,0.721354,-1.259061,-0.6247852,-1.194098,-0.2829876,-0.3340328,2.072498,0.8845851,-0.1124481,0.4526196,-0.005398126,0.9679644,0.2510294,-0.4663474,-0.2245002,0.8556399,moving,-39.83146,-27.51773,-7.775323,-9.155852,4.374369504594969,0.09075334678583197
05/04/2023 16:19:32.233494,4517,True,True,True,True,Eyes,-0.05882141,0.1294211,-2.751866,-0.5940917,-0.3713908,0.7135292,0.0,0.0,0.0,0.0,0.0,0.0,0.0,1.27494,0.5609777,2.369441,-0.04929893,0.1336368,-2.744837,0.1232106,-0.2335286,-0.02983612,0.9640506,12.92217,331.9976,353.2196,0.01514131,0.04496606,-0.9988734,-0.330963,-0.01050124,0.6780728,-1.248477,-0.618134,-1.169417,-0.281962,-0.3313696,2.072638,0.8891484,-0.1150735,0.4429144,-1.934392e-05,0.9678579,0.2514977,-0.4576189,-0.2236274,0.8605671,moving,-39.78111,-27.4969,-7.746972,-9.083473,4.375890268361209,0.09057588274806672
05/04/2023 16:19:32.253443,4518,True,True,True,True,Eyes,-0.05935935,0.129699,-2.750644,-0.5931881,-0.3713798,0.7142863,0.0,0.0,0.0,0.0,0.0,0.0,0.0,1.245939,0.5577474,2.373953,-0.05385393,0.1365381,-2.734512,0.1232407,-0.2278505,-0.03128466,0.9653586,12.92566,332.6604,353.1314,0.009508687,0.04529251,-0.9989282,-0.3111053,-0.009871168,0.6373884,-1.234276,-0.6123984,-1.144216,-0.2809163,-0.3286547,2.07278,0.8942108,-0.1165627,0.4322039,0.004240888,0.967666,0.2521994,-0.4476261,-0.2236865,0.8657917,moving,-39.70836,-27.47133,-7.718065,-9.009669,4.378145296841899,0.09040456128097674
05/04/2023 16:19:32.263406,4519,True,True,True,True,Eyes,-0.06003359,0.1300424,-2.749053,-0.5920256,-0.3714791,0.7151985,0.0,0.0,0.0,0.0,0.0,0.0,0.0,1.218161,0.5569789,2.376915,-0.05824634,0.1391378,-2.724172,0.1237756,-0.2224296,-0.03244824,0.9665154,12.99271,333.2881,353.0571,0.00497815,0.04556284,-0.9989487,-0.2924389,-0.009278898,0.5991451,-1.220227,-0.6091141,-1.120607,-0.2798291,-0.3258312,2.072928,0.8989443,-0.1177862,0.4219307,0.007660729,0.9672534,0.253697,-0.4379959,-0.2248272,0.8704093,moving,-39.61721,-27.44768,-7.688012,-8.932896,4.381077568211582,0.0903475636142762
05/04/2023 16:19:32.283371,4520,True,True,True,True,Eyes,-0.06082985,0.1304143,-2.747113,-0.5905436,-0.3716415,0.7163385,0.0,0.0,0.0,0.0,0.0,0.0,0.0,1.187607,0.5620527,2.379509,-0.0622301,0.1411578,-2.713776,0.1252064,-0.2166161,-0.03417131,0.9675914,13.14953,333.9429,352.8994,0.001318367,0.04579325,-0.9989497,-0.2748926,-0.008722165,0.5631964,-1.204865,-0.6093178,-1.0979,-0.2788655,-0.3233287,2.073059,0.9038196,-0.1203712,0.4106348,0.01188429,0.9663113,0.2571014,-0.4277487,-0.2274932,0.8748016,moving,-39.50189,-27.4206,-7.661369,-8.864828,4.384823594683456,0.09032885839698102
05/04/2023 16:19:32.303585,4521,True,True,True,True,Eyes,-0.06171161,0.1307748,-2.744837,-0.5887449,-0.3718717,0.7176983,0.0,0.0,0.0,0.0,0.0,0.0,0.0,1.152953,0.5683866,2.383608,-0.06597514,0.142364,-2.703578,0.1265976,-0.2100561,-0.03653047,0.9687698,13.2936,334.6782,352.6819,-0.001652789,0.04599514,-0.9989399,-0.258399,-0.008198835,0.5294046,-1.187115,-0.6093513,-1.073828,-0.2778028,-0.3205695,2.073204,0.909084,-0.1239645,0.3977427,0.017594,0.9652771,0.2606348,-0.4162414,-0.229941,0.8796989,moving,-39.36284,-27.39071,-7.631995,-8.789762,4.389375668713442,0.09035822901411827
05/04/2023 16:19:32.323915,4522,True,True,True,True,Eyes,-0.06268168,0.1311077,-2.742249,-0.5866018,-0.3721818,0.7192907,0.0,0.0,0.0,0.0,0.0,0.0,0.0,1.114565,0.5783116,2.388448,-0.06945644,0.1421974,-2.693759,0.1284209,-0.2028154,-0.03903105,0.9699745,13.49131,335.4853,352.4474,-0.004078913,0.04617602,-0.9989246,-0.2428951,-0.007706905,0.4976404,-1.16668,-0.6125945,-1.049735,-0.2767809,-0.3179157,2.073343,0.914685,-0.1278097,0.3834268,0.02362676,0.9639692,0.2649622,-0.4034764,-0.2332978,0.8847479,moving,-39.19822,-27.35835,-7.603745,-8.717542,4.3948034009244115,0.09044988981229662
05/04/2023 16:19:32.333424,4523,True,True,True,True,Eyes,-0.06372295,0.1313987,-2.739361,-0.5841467,-0.3725033,0.7211199,0.0,0.0,0.0,0.0,0.0,0.0,0.0,1.07572,0.585602,2.393423,-0.07260118,0.1418652,-2.683874,0.1298286,-0.1954825,-0.04122442,0.9712012,13.65423,336.3115,352.2623,-0.006074897,0.0463411,-0.9989068,-0.2283214,-0.007244491,0.467782,-1.145056,-0.6149849,-1.025047,-0.2757143,-0.3151459,2.073488,0.9201742,-0.1308329,0.3690015,0.029316,0.9628902,0.2682966,-0.39041,-0.236062,0.8898622,moving,-39.00938,-27.31917,-7.574261,-8.642147,4.401003454828884,0.09051633357859856
05/04/2023 16:19:32.353533,4524,True,True,True,True,Eyes,-0.06482515,0.1316514,-2.736181,-0.5813461,-0.3728259,0.7232134,0.0,0.0,0.0,0.0,0.0,0.0,0.0,1.037145,0.5888015,2.398607,-0.07557306,0.1412091,-2.673953,0.1305336,-0.1881363,-0.04294239,0.9724822,13.75231,337.1537,352.1516,-0.00779023,0.04649749,-0.9988877,-0.2146221,-0.006809821,0.439715,-1.122597,-0.6160335,-0.9996228,-0.2747065,-0.3125293,2.073625,0.9255214,-0.1326376,0.3547076,0.03440521,0.9622339,0.2700412,-0.3771293,-0.2377251,0.8951314,moving,-38.79363,-27.27169,-7.546403,-8.570906,4.408052399446593,0.0905411780336624
05/04/2023 16:19:32.363454,4525,True,True,True,True,Eyes,-0.06598043,0.1318864,-2.732718,-0.5782925,-0.3730631,0.7255354,0.0,0.0,0.0,0.0,0.0,0.0,0.0,0.9983664,0.5849565,2.405057,-0.07822559,0.1404873,-2.664086,0.130058,-0.1806329,-0.04388424,0.9739256,13.73784,338.04,352.1624,-0.009377115,0.04665287,-0.9988668,-0.2017448,-0.006401232,0.4133321,-1.098246,-0.6139441,-0.9723939,-0.2736887,-0.3098857,2.073764,0.9308919,-0.1324655,0.3404309,0.03849444,0.9623182,0.2691875,-0.3632609,-0.2374798,0.9009134,moving,-38.55682,-27.21178,-7.518264,-8.498911,4.415690057089034,0.09042191814611389
05/04/2023 16:19:32.383430,4526,True,True,True,True,Eyes,-0.06716171,0.1320979,-2.728987,-0.5749059,-0.3732067,0.7281483,0.0,0.0,0.0,0.0,0.0,0.0,0.0,0.9596964,0.572176,2.412616,-0.08036867,0.1401913,-2.653866,0.1281282,-0.1730676,-0.04402474,0.9755474,13.57699,338.9622,352.2997,-0.01084993,0.04680718,-0.9988447,-0.1896401,-0.006017158,0.3885322,-1.072124,-0.607151,-0.9428007,-0.2726879,-0.3072876,2.0739,0.9362189,-0.1302461,0.3263897,0.04154673,0.9632899,0.2652289,-0.3489529,-0.2347518,0.9072615,moving,-38.29268,-27.13705,-7.4906,-8.428139,4.424108405005625,0.0901402878046067
05/04/2023 16:19:32.403482,4527,True,True,True,True,Eyes,-0.06834563,0.1322728,-2.724999,-0.5712712,-0.3732887,0.7309616,0.0,0.0,0.0,0.0,0.0,0.0,0.0,0.9216259,0.557119,2.420115,-0.08225737,0.1398769,-2.643936,0.1256945,-0.165617,-0.04436726,0.9771404,13.3528,339.872,352.4202,-0.01222231,0.04696026,-0.9988216,-0.1782617,-0.005656128,0.3652202,-1.046062,-0.5979656,-0.9133735,-0.2716267,-0.3045317,2.074044,0.9412051,-0.1283404,0.3125086,0.04507179,0.9644649,0.2603383,-0.3348155,-0.2309464,0.9135438,moving,-38.00883,-27.05257,-7.461264,-8.353049,4.433101730323151,0.08975918931963567
05/04/2023 16:19:32.413427,4528,True,True,True,True,Eyes,-0.0695253,0.1324135,-2.720778,-0.5673189,-0.3734545,0.7339489,0.0,0.0,0.0,0.0,0.0,0.0,0.0,0.8820286,0.5510663,2.425328,-0.08365621,0.1392196,-2.63391,0.1248365,-0.1580987,-0.04538878,0.9784481,13.29355,340.7588,352.4249,-0.01350463,0.04711142,-0.998798,-0.167566,-0.00531676,0.343307,-1.019686,-0.5941105,-0.8867438,-0.2705551,-0.3017494,2.07419,0.9458893,-0.1282941,0.2980505,0.04934814,0.9647114,0.2586439,-0.3207151,-0.2299403,0.9188413,moving,-37.70287,-26.96831,-7.431641,-8.277221,4.442882249787266,0.08947623385279202
05/04/2023 16:19:32.433395,4529,True,True,True,True,Eyes,-0.07074229,0.132544,-2.716358,-0.5627134,-0.3735668,0.737429,0.0,0.0,0.0,0.0,0.0,0.0,0.0,0.8419193,0.5522459,2.42884,-0.08482854,0.1384643,-2.624252,0.125368,-0.1505636,-0.0464704,0.9795173,13.39168,341.6283,352.3924,-0.01470516,0.04725993,-0.9987741,-0.157512,-0.004997755,0.3227086,-0.9929648,-0.5957376,-0.8632195,-0.2695693,-0.2991891,2.074324,0.9503422,-0.1287888,0.2833075,0.0532854,0.9642467,0.2595937,-0.3066112,-0.2316067,0.923227,moving,-37.34634,-26.86586,-7.404393,-8.207426,4.454224986014108,0.08906637401635187
05/04/2023 16:19:32.453659,4530,True,True,True,True,Eyes,-0.07192481,0.1326642,-2.711732,-0.5578433,-0.3738566,0.7409737,0.0,0.0,0.0,0.0,0.0,0.0,0.0,0.801187,0.5619366,2.430391,-0.08546595,0.1381792,-2.614972,0.1276682,-0.1430575,-0.04757826,0.9802917,13.69134,342.4713,352.322,-0.01583434,0.04740615,-0.9987499,-0.1480613,-0.00469789,0.3033461,-0.9656634,-0.603472,-0.843352,-0.2685376,-0.2965106,2.074464,0.9545417,-0.1298089,0.2683277,0.05675337,0.9628744,0.2639169,-0.2926246,-0.2366912,0.9264708,moving,-36.97432,-26.77312,-7.375874,-8.134396,4.466241015337047,0.088904894380682
05/04/2023 16:19:32.464198,4531,True,True,True,True,Eyes,-0.0730789,0.132799,-2.706933,-0.5525823,-0.3741448,0.7447607,0.0,0.0,0.0,0.0,0.0,0.0,0.0,0.7617712,0.5712313,2.430825,-0.0858921,0.1380791,-2.605584,0.129903,-0.1358583,-0.04902204,0.9809509,13.97726,343.2738,352.2133,-0.01689856,0.04755037,-0.9987255,-0.1391776,-0.004416016,0.2851453,-0.9394721,-0.6102548,-0.8242311,-0.2674663,-0.2937291,2.07461,0.9582787,-0.1314732,0.2538045,0.06087962,0.9614441,0.268177,-0.2792769,-0.2415368,0.9293354,moving,-36.57392,-26.67354,-7.34626,-8.058536,4.479176694571869,0.08873550932827234
05/04/2023 16:19:32.483566,4532,True,True,True,True,Eyes,-0.07417841,0.1329323,-2.701965,-0.5471185,-0.3746657,0.7485231,0.0,0.0,0.0,0.0,0.0,0.0,0.0,0.7229558,0.5851216,2.429828,-0.08579336,0.1384439,-2.596646,0.1329971,-0.1289634,-0.05138959,0.9813458,14.34604,344.0158,351.9802,-0.01790357,0.04769366,-0.9987012,-0.130827,-0.004151056,0.2680366,-0.9149255,-0.6190135,-0.8080164,-0.2665111,-0.2912482,2.07474,0.9614551,-0.1351654,0.239446,0.06655839,0.9593418,0.2742871,-0.2667846,-0.2477776,0.9313604,moving,-36.16422,-26.5898,-7.319854,-7.99086,4.492644195959754,0.0889034117804004
05/04/2023 16:19:32.503454,4533,True,True,True,True,Eyes,-0.07524491,0.1330723,-2.696843,-0.5414101,-0.3751015,0.7524453,0.0,0.0,0.0,0.0,0.0,0.0,0.0,0.6834767,0.601892,2.42773,-0.08564551,0.1385443,-2.58781,0.1365967,-0.1220097,-0.05421454,0.9815884,14.76968,344.7502,351.6893,-0.01885378,0.04783646,-0.9986768,-0.1229773,-0.003901992,0.2519544,-0.8904734,-0.6294095,-0.7929902,-0.265478,-0.2885655,2.07488,0.9643489,-0.1397649,0.2247155,0.0731005,0.9568042,0.2813928,-0.2543376,-0.254934,0.93291,moving,-35.73631,-26.49672,-7.291298,-7.917665,4.506638685333168,0.08897317516362324
05/04/2023 16:19:32.513558,4534,True,True,True,True,Eyes,-0.07624068,0.1332145,-2.691567,-0.5355072,-0.3756424,0.7563893,0.0,0.0,0.0,0.0,0.0,0.0,0.0,0.6425979,0.6148868,2.426252,-0.08506262,0.1386496,-2.579003,0.1394805,-0.1148283,-0.05736126,0.9818703,15.1134,345.5138,351.3813,-0.01975371,0.0479794,-0.9986526,-0.1155987,-0.003667873,0.2368372,-0.8648922,-0.6368843,-0.7768602,-0.2643989,-0.2857632,2.075027,0.9670483,-0.1446753,0.2094914,0.08061001,0.9545097,0.287077,-0.2414946,-0.2607302,0.9347193,moving,-35.29766,-26.41018,-7.261469,-7.841189,4.521097550178903,0.08921153590293346
05/04/2023 16:19:32.533766,4535,True,True,True,True,Eyes,-0.07716151,0.1333716,-2.686145,-0.5294929,-0.3759504,0.7604594,0.0,0.0,0.0,0.0,0.0,0.0,0.0,0.6019367,0.6235015,2.425215,-0.08432224,0.1388375,-2.570285,0.1415523,-0.1076567,-0.06066985,0.9821875,15.36688,346.2827,351.0713,-0.02060661,0.04812296,-0.9986285,-0.1086628,-0.0034478,0.2226269,-0.839271,-0.6413606,-0.759985,-0.2633846,-0.2831296,2.075165,0.9694585,-0.1496564,0.1943021,0.08870022,0.9525642,0.2911248,-0.228654,-0.2649988,0.936746,moving,-34.84873,-26.30654,-7.233432,-7.769302,4.535703167593156,0.08917217539443567
05/04/2023 16:19:32.553517,4536,True,True,True,True,Eyes,-0.07799806,0.1335393,-2.680575,-0.523269,-0.3762092,0.7646282,0.0,0.0,0.0,0.0,0.0,0.0,0.0,0.5619091,0.6235889,2.425506,-0.08340874,0.1392057,-2.561513,0.142034,-0.100495,-0.06392115,0.9826705,15.44407,347.071,350.796,-0.02141334,0.04826773,-0.9986045,-0.102143,-0.003240932,0.2092693,-0.8131425,-0.639891,-0.740825,-0.2623757,-0.2805101,2.075303,0.9716297,-0.1541743,0.179349,0.09707944,0.9514809,0.2919927,-0.2156649,-0.2662977,0.9394542,moving,-34.38557,-26.19792,-7.205545,-7.697781,4.550750146052186,0.08909970881881574
05/04/2023 16:19:32.563318,4537,True,True,True,True,Eyes,-0.0787176,0.1337202,-2.674863,-0.5169981,-0.3760475,0.7689612,0.0,0.0,0.0,0.0,0.0,0.0,0.0,0.5228984,0.619022,2.426232,-0.08223745,0.1395079,-2.55284,0.1417233,-0.09341383,-0.06638838,0.9832502,15.44396,347.8716,350.624,-0.02217643,0.04841445,-0.9985808,-0.09601444,-0.003046476,0.1967132,-0.7858359,-0.636157,-0.7208665,-0.2612567,-0.2776039,2.075455,0.9737328,-0.1570306,0.1648807,0.1040749,0.9510142,0.2911022,-0.2025159,-0.2662958,0.9423767,moving,-33.91425,-26.06016,-7.174613,-7.618421,4.565715210629262,0.08851419040457753
05/04/2023 16:19:32.583796,4538,True,True,True,True,Eyes,-0.07934399,0.1339044,-2.669012,-0.510516,-0.3757523,0.7734233,0.0,0.0,0.0,0.0,0.0,0.0,0.0,0.4846007,0.6057755,2.428116,-0.08075622,0.1401381,-2.543893,0.13987,-0.08631667,-0.06822657,0.9840381,15.27765,348.7035,350.5478,-0.0228964,0.04856379,-0.9985572,-0.09025358,-0.002863688,0.1849104,-0.7572825,-0.6273654,-0.6986899,-0.2603162,-0.275162,2.075583,0.9757891,-0.1584213,0.1507921,0.1101289,0.951563,0.2870531,-0.1889635,-0.2634967,0.9459716,moving,-33.42773,-25.91188,-7.148616,-7.551721,4.581085438594299,0.08779555440955072
05/04/2023 16:19:32.603374,4539,True,True,True,True,Eyes,-0.07988604,0.1340995,-2.66303,-0.5040087,-0.3751281,0.7779808,0.0,0.0,0.0,0.0,0.0,0.0,0.0,0.4490101,0.5850639,2.430562,-0.07928544,0.1403044,-2.53487,0.1365461,-0.07953087,-0.06907102,0.9850174,14.95226,349.5316,350.6003,-0.02357399,0.04871589,-0.9985341,-0.08483836,-0.002691866,0.1738157,-0.7283586,-0.6140856,-0.6748409,-0.2592911,-0.2725,2.075722,0.9778081,-0.1577916,0.1378158,0.114353,0.9531687,0.2799872,-0.1755413,-0.2580141,0.95006,moving,-32.93687,-25.74252,-7.120282,-7.478998,4.596340960360103,0.08669912903257104
05/04/2023 16:19:32.613403,4540,True,True,True,True,Eyes,-0.0803218,0.1342884,-2.656909,-0.4973001,-0.374393,0.7826381,0.0,0.0,0.0,0.0,0.0,0.0,0.0,0.4130244,0.569676,2.431261,-0.07728371,0.1405917,-2.525947,0.1342976,-0.07283931,-0.070192,0.9857646,14.74669,350.3289,350.5998,-0.02421092,0.04887127,-0.9985113,-0.07974806,-0.002530354,0.1633868,-0.699545,-0.6044235,-0.6533996,-0.2582484,-0.2697929,2.075864,0.979535,-0.1579499,0.1247516,0.1188213,0.9540745,0.2749971,-0.162458,-0.2545461,0.9533172,moving,-32.4325,-25.5652,-7.091463,-7.405027,4.611974318347485,0.0855105210077775
05/04/2023 16:19:32.633545,4541,True,True,True,True,Eyes,-0.08066095,0.1344725,-2.650661,-0.4899629,-0.3737011,0.787581,0.0,0.0,0.0,0.0,0.0,0.0,0.0,0.3774278,0.5523105,2.431463,-0.07522701,0.1407276,-2.516754,0.1316429,-0.0661824,-0.07133666,0.9865096,14.49477,351.1255,350.5972,-0.02480746,0.04902971,-0.9984888,-0.07496317,-0.002378533,0.1535836,-0.6705847,-0.5933245,-0.6315436,-0.2572139,-0.2671065,2.076005,0.9810619,-0.1581735,0.1117972,0.1233237,0.9551624,0.2691765,-0.1493611,-0.2502916,0.95658,moving,-31.8862,-25.38398,-7.062868,-7.331608,4.629045507484826,0.08442688306954205
05/04/2023 16:19:32.653808,4542,True,True,True,True,Eyes,-0.08089701,0.134637,-2.644284,-0.482492,-0.3729399,0.7925385,0.0,0.0,0.0,0.0,0.0,0.0,0.0,0.3423496,0.5376996,2.430364,-0.07299913,0.1405403,-2.507571,0.1294745,-0.05968584,-0.07262693,0.9871167,14.2967,351.8939,350.5658,-0.02536396,0.04919097,-0.9984669,-0.07046539,-0.002235821,0.1443686,-0.6421949,-0.5842808,-0.6110982,-0.2562042,-0.2644846,2.076142,0.9823259,-0.1588381,0.0990271,0.1279269,0.9559234,0.2642824,-0.1366404,-0.2469432,0.9593479,moving,-31.33277,-25.19997,-7.034961,-7.259941,4.646334085645314,0.0833211167535674
05/04/2023 16:19:32.663607,4543,True,True,True,True,Eyes,-0.08098252,0.1347652,-2.637786,-0.4746449,-0.372378,0.7975254,0.0,0.0,0.0,0.0,0.0,0.0,0.0,0.3087057,0.5248567,2.428125,-0.07074828,0.1400338,-2.49839,0.1275988,-0.05347633,-0.07390422,0.987622,14.13069,352.6244,350.5256,-0.02588095,0.04935443,-0.9984457,-0.06623746,-0.002101672,0.1357065,-0.6147264,-0.5764294,-0.591742,-0.2551214,-0.2616727,2.076289,0.9833569,-0.1596259,0.08676862,0.1323318,0.9565135,0.2599429,-0.124489,-0.2441344,0.9617177,moving,-30.75887,-25.02866,-7.005033,-7.18306,4.6645107399798285,0.08254110792798203
05/04/2023 16:19:32.683490,4544,True,True,True,True,Eyes,-0.08029053,0.1364697,-2.472519,-0.264484,-0.347668,0.8995417,0.0,0.0,0.0,0.0,0.0,0.0,0.0,0.2784785,0.5158219,2.424141,-0.06835264,0.1393936,-2.489173,0.1264258,-0.04802615,-0.07538109,0.9879412,14.0378,353.2543,350.442,-0.02635573,0.04951839,-0.9984252,-0.06226322,-0.001975572,0.1275641,-0.5905011,-0.571231,-0.5745857,-0.2541425,-0.259131,2.076423,0.9840224,-0.1610876,0.07583379,0.1368007,0.9566684,0.2570431,-0.1139542,-0.242562,0.96342,moving,-16.38444,-21.13125,-6.977976,-7.113555,5.124793837136362,0.07039865220628921
05/04/2023 16:19:32.703442,4545,True,True,True,True,Eyes,-0.08016387,0.1364043,-2.472153,-0.2640117,-0.3478727,0.8996013,0.0,0.0,0.0,0.0,0.0,0.0,0.0,0.2478076,0.5075344,2.419724,-0.06568316,0.1382737,-2.480047,0.1253333,-0.0425245,-0.07686052,0.9882184,13.95599,353.8889,350.3567,-0.02723009,0.05020538,-0.9983674,-0.05645146,0.003256371,0.6157119,-0.5656288,-0.5667271,-0.55782,-0.253096,-0.2564131,2.076565,0.9845682,-0.1625694,0.06478063,0.1412505,0.956768,0.2542503,-0.1033134,-0.2411765,0.9649664,moving,-16.35572,-21.14132,-6.949052,-7.039219,5.125941075532682,0.07071005088482585
05/04/2023 16:19:32.723378,4546,True,True,True,True,Eyes,-0.07992364,0.1362785,-2.471426,-0.2632482,-0.3480678,0.8997496,0.0,0.0,0.0,0.0,0.0,0.0,0.0,0.2206684,0.5029919,2.413902,-0.06293692,0.1365202,-2.471036,0.1248495,-0.03778317,-0.0782389,0.9883643,13.93856,354.4288,350.2663,-0.02791059,0.05077235,-0.9983199,-0.05306438,0.003060989,0.5787692,-0.5437396,-0.5651127,-0.5430363,-0.2520807,-0.2537768,2.076703,0.9849022,-0.1640914,0.05515089,0.1452226,0.9565826,0.2527057,-0.09422322,-0.2408812,0.9659701,moving,-16.30839,-21.14894,-6.920991,-6.967102,5.127717309093662,0.07105452304311788
05/04/2023 16:19:32.733813,4547,True,True,True,True,Eyes,-0.07954676,0.1360786,-2.470364,-0.2621865,-0.3483678,0.8999435,0.0,0.0,0.0,0.0,0.0,0.0,0.0,0.195635,0.4989182,2.407294,-0.06003882,0.1349341,-2.461797,0.1245285,-0.03343952,-0.07908048,0.9884943,13.93981,354.9279,350.2316,-0.02843415,0.05124043,-0.9982812,-0.04988051,0.002877329,0.5440431,-0.5227143,-0.5641422,-0.5287843,-0.2510184,-0.2510185,2.076848,0.9852561,-0.1646695,0.046414,0.1480129,0.9564779,0.2514802,-0.08580509,-0.2409025,0.9667489,moving,-16.24277,-21.1614,-6.891632,-6.891635,5.130204099964597,0.07156773875052569
05/04/2023 16:19:32.753687,4548,True,True,True,True,Eyes,-0.0790388,0.1357947,-2.468969,-0.2609263,-0.3485812,0.900227,0.0,0.0,0.0,0.0,0.0,0.0,0.0,0.1756373,0.4907362,2.401132,-0.05677138,0.1330111,-2.452792,0.1232766,-0.03003696,-0.07901762,0.9887653,13.82968,355.3404,350.2964,-0.02882702,0.05162447,-0.9982502,-0.04688768,0.00270469,0.5114005,-0.5040097,-0.5602795,-0.5143929,-0.2500037,-0.2483836,2.076986,0.9857081,-0.1636655,0.03991695,0.148854,0.9571182,0.2485302,-0.07888106,-0.2390364,0.9678013,moving,-16.16397,-21.16714,-6.863587,-6.81953,5.133072824161404,0.07201067707923847
05/04/2023 16:19:32.763300,4549,True,True,True,True,Eyes,-0.07838556,0.1354247,-2.467263,-0.2593291,-0.3488292,0.9005924,0.0,0.0,0.0,0.0,0.0,0.0,0.0,0.1575581,0.4818557,2.394508,-0.05316774,0.1307099,-2.443515,0.1218097,-0.0270425,-0.07855075,0.9890708,13.69235,355.7129,350.4034,-0.02913939,0.05195125,-0.9982241,-0.04407442,0.002542408,0.4807164,-0.4860924,-0.555962,-0.4998484,-0.2489477,-0.2456415,2.077129,0.9861969,-0.1619726,0.0343574,0.1487964,0.9579844,0.2452052,-0.07263037,-0.2367084,0.9688622,moving,-16.06396,-21.17303,-6.834402,-6.74448,5.136695921277618,0.07254661599624551
05/04/2023 16:19:32.783638,4550,True,True,True,True,Eyes,-0.07758511,0.1349846,-2.465246,-0.2575751,-0.3489678,0.901042,0.0,0.0,0.0,0.0,0.0,0.0,0.0,0.13909,0.47267,2.387998,-0.04925586,0.1283185,-2.434421,0.1202387,-0.02402309,-0.07832444,0.989359,13.54183,356.0855,350.4821,-0.0293961,0.05223398,-0.9982012,-0.04142996,0.002389864,0.4518735,-0.467873,-0.5510334,-0.4853946,-0.2478494,-0.2427896,2.077279,0.9865764,-0.160759,0.02869965,0.149205,0.9588159,0.2416815,-0.06637015,-0.2341551,0.9699312,moving,-15.9533,-21.17107,-6.804051,-6.66641,5.140596793219631,0.07298027974815635
05/04/2023 16:19:32.803517,4551,True,True,True,True,Eyes,-0.07661979,0.1344717,-2.462941,-0.2555035,-0.349179,0.9015498,0.0,0.0,0.0,0.0,0.0,0.0,0.0,0.1207799,0.4627157,2.381207,-0.04503787,0.126113,-2.425058,0.1185467,-0.02107074,-0.07817534,0.9896421,13.37617,356.45,350.5504,-0.02959739,0.0524752,-0.9981822,-0.03894416,0.002246472,0.4247611,-0.4499205,-0.5458311,-0.4708371,-0.2469672,-0.2404986,2.077399,0.9868893,-0.1597269,0.02317013,0.1497355,0.9596706,0.237932,-0.06023984,-0.2313432,0.9710054,moving,-15.82298,-21.17187,-6.77967,-6.603683,5.145230314929555,0.07354941412921445
05/04/2023 16:19:32.813668,4552,True,True,True,True,Eyes,-0.07550992,0.1339086,-2.460365,-0.2532865,-0.3493582,0.9021057,0.0,0.0,0.0,0.0,0.0,0.0,0.0,0.1012535,0.4547979,2.374155,-0.04052326,0.1240031,-2.415924,0.117291,-0.01795251,-0.07823654,0.9898483,13.26125,356.8259,350.5925,-0.02974243,0.05267673,-0.9981672,-0.03660751,0.002111684,0.3992754,-0.4310622,-0.5417604,-0.4569883,-0.2459165,-0.2377703,2.077542,0.9871135,-0.1590959,0.01718765,0.1506733,0.9602437,0.2350096,-0.05389342,-0.2293915,0.9718411,moving,-15.68329,-21.16988,-6.750632,-6.528976,5.1501606935009825,0.07410594420145294
05/04/2023 16:19:32.843568,4553,True,True,True,True,Eyes,-0.0742289,0.1332911,-2.457532,-0.2508458,-0.3497011,0.9026548,0.0,0.0,0.0,0.0,0.0,0.0,0.0,0.08159491,0.448952,2.366613,-0.03597809,0.1221334,-2.406837,0.1165105,-0.01482335,-0.07832644,0.9899852,13.20084,357.1975,350.6281,-0.02983127,0.05284109,-0.9981558,-0.03441106,0.001984983,0.3753189,-0.412313,-0.5393624,-0.4439798,-0.2448955,-0.2351195,2.07768,0.9872905,-0.1585382,0.01109809,0.1516299,0.9605806,0.2330094,-0.04760148,-0.2283652,0.9724111,moving,-15.53049,-21.17706,-6.722419,-6.456377,5.155673048020355,0.07489058473266946
05/04/2023 16:19:32.853885,4554,True,True,True,True,Eyes,-0.07280124,0.1326386,-2.454459,-0.2482674,-0.3500615,0.9032277,0.0,0.0,0.0,0.0,0.0,0.0,0.0,0.06188595,0.4478068,2.358334,-0.03135333,0.1204274,-2.398044,0.1167345,-0.01175385,-0.07843724,0.9899912,13.25518,357.5514,350.6553,-0.0298628,0.05297033,-0.998148,-0.03234639,0.001865884,0.3527997,-0.393981,-0.5406361,-0.4327693,-0.243838,-0.2323731,2.077824,0.9874189,-0.1580485,0.004959756,0.1525602,0.9604413,0.2329761,-0.04158507,-0.2292883,0.9724699,moving,-15.36916,-21.1847,-6.693192,-6.381148,5.161493881836239,0.07572013991132875
05/04/2023 16:19:32.863304,4555,True,True,True,True,Eyes,-0.07118773,0.1319952,-2.451159,-0.2455235,-0.3505619,0.9037835,0.0,0.0,0.0,0.0,0.0,0.0,0.0,0.04261114,0.4469361,2.349872,-0.02648658,0.1190077,-2.389268,0.1170895,-0.008765446,-0.07799605,0.990015,13.32494,357.9021,350.7457,-0.02983698,0.05306705,-0.9981437,-0.03040561,0.001753931,0.3316317,-0.3749688,-0.541923,-0.4217572,-0.2425504,-0.2290297,2.078,0.9876796,-0.1564872,-0.000909189,0.1523818,0.9604133,0.233208,-0.03562088,-0.2304734,0.9724264,moving,-15.19829,-21.20041,-6.657612,-6.289551,5.167756019682894,0.07674194978556631
05/04/2023 16:19:32.883206,4556,True,True,True,True,Eyes,-0.06942608,0.131404,-2.447637,-0.242714,-0.351085,0.9043391,0.0,0.0,0.0,0.0,0.0,0.0,0.0,0.02644642,0.4458399,2.341418,-0.02146951,0.1185128,-2.380589,0.1175493,-0.006368278,-0.07681481,0.9900714,13.40225,358.1933,350.9149,-0.02975211,0.0531353,-0.9981427,-0.02858127,0.001648695,0.3117338,-0.3583263,-0.5441406,-0.4118442,-0.2417974,-0.2270738,2.078102,0.9881179,-0.1536014,-0.005448961,0.1506071,0.9605633,0.2337428,-0.03066916,-0.2317861,0.9722832,moving,-15.02347,-21.21734,-6.636801,-6.235957,5.17417384005785,0.07780348676203697
05/04/2023 16:19:32.903358,4557,True,True,True,True,Eyes,-0.0675208,0.1308694,-2.443921,-0.2396788,-0.3515201,0.9049794,0.0,0.0,0.0,0.0,0.0,0.0,0.0,0.01227129,0.4431895,2.333076,-0.01619527,0.1195104,-2.371764,0.1179558,-0.004403157,-0.0760051,0.990096,13.46822,358.4297,351.0351,-0.02960814,0.05318051,-0.9981445,-0.0268664,0.001549773,0.2930298,-0.3431024,-0.5436113,-0.4017843,-0.240772,-0.2244119,2.078242,0.9884076,-0.1515435,-0.009211393,0.1494659,0.9606193,0.2342445,-0.02664959,-0.2329059,0.9721341,moving,-14.8339,-21.22761,-6.608468,-6.163011,5.181030056928944,0.07880254953597421
05/04/2023 16:19:32.913601,4558,True,True,True,True,Eyes,-0.01638366,0.1186627,-2.345879,-0.1622478,-0.3596396,0.918877,0.0,0.0,0.0,0.0,0.0,0.0,0.0,-8.154847e-05,0.4327556,2.326608,-0.01072884,0.1203334,-2.363427,0.1166117,-0.002755844,-0.07563621,0.9902895,13.32897,358.6398,351.1058,-0.02940513,0.05320766,-0.998149,-0.02525442,0.001456787,0.275448,-0.3288361,-0.5359728,-0.3900015,-0.2397641,-0.2217944,2.078379,0.9885432,-0.1504462,-0.01218196,0.1491607,0.9613618,0.2313755,-0.0230983,-0.2305418,0.9727882,moving,-10.01361,-21.3749,-6.580616,-6.091272,5.35391538916306,0.10206615865472424
05/04/2023 16:19:32.933782,4559,True,True,True,True,Eyes,-0.01616602,0.118733,-2.345547,-0.1619225,-0.3594868,0.9189941,0.0,0.0,0.0,0.0,0.0,0.0,0.0,-0.01550051,0.4249803,2.319074,-0.005357558,0.1209323,-2.354633,0.1158403,-0.0005551309,-0.07647043,0.9903197,13.25898,358.8923,351.0403,-0.02690125,0.05292516,-0.9982348,0.1296723,-0.03525086,0.5530479,-0.3135661,-0.5302641,-0.3782234,-0.238732,-0.2191142,2.078519,0.9883039,-0.1515889,-0.0166172,0.1513317,0.9614666,0.2295228,-0.01881623,-0.229353,0.9731614,moving,-9.992687,-21.36416,-6.552098,-6.017806,5.3545207817727185,0.10195323886394969
05/04/2023 16:19:32.953603,4560,True,True,True,True,Eyes,-0.01573834,0.1188752,-2.344892,-0.1614352,-0.359284,0.9191592,0.0,0.0,0.0,0.0,0.0,0.0,0.0,-0.03056365,0.4123692,2.312956,8.564652e-05,0.122664,-2.346423,0.1142397,0.001666001,-0.07740235,0.990432,13.09412,359.1538,350.9657,-0.02477884,0.05268225,-0.9983027,0.121892,-0.03313581,0.519865,-0.2979528,-0.5201299,-0.3659744,-0.2377145,-0.2164721,2.078658,0.9880121,-0.1529429,-0.02098497,0.1537042,0.9619163,0.2260355,-0.01438473,-0.2265513,0.973893,moving,-9.961464,-21.3497,-6.523981,-5.94537,5.355444171272659,0.1018141876772653
05/04/2023 16:19:32.963678,4561,True,True,True,True,Eyes,-0.01505967,0.1191297,-2.343923,-0.160557,-0.3584715,0.9196302,0.0,0.0,0.0,0.0,0.0,0.0,0.0,-0.04611208,0.4026896,2.306011,0.005511059,0.1245169,-2.338041,0.1133095,0.003998344,-0.07781775,0.9904996,13.00807,359.4287,350.9505,-0.02296255,0.05247723,-0.9983571,0.1145784,-0.03114766,0.4886731,-0.2815911,-0.5127517,-0.3544708,-0.2366454,-0.213696,2.078803,0.9878568,-0.1532508,-0.02555569,0.155063,0.9622107,0.2238436,-0.009714258,-0.2250882,0.9742899,moving,-9.903378,-21.29582,-6.49444,-5.869252,5.356818144126132,0.10104837248145043
05/04/2023 16:19:32.983400,4562,True,True,True,True,Eyes,-0.0141788,0.1195021,-2.342657,-0.1595047,-0.3575514,0.9201714,0.0,0.0,0.0,0.0,0.0,0.0,0.0,-0.06103546,0.3906501,2.29934,0.01104008,0.1275919,-2.32957,0.1121195,0.006277614,-0.0778083,0.990624,12.89197,359.7055,350.9846,-0.02130825,0.052306,-0.9984028,0.1077037,-0.0292788,0.4593527,-0.2649794,-0.5034724,-0.3427017,-0.2356385,-0.2110814,2.07894,0.9878129,-0.1527498,-0.02988516,0.1555652,0.9627501,0.2211596,-0.005010147,-0.2231134,0.9747796,moving,-9.83407,-21.23466,-6.466621,-5.797555,5.35849744942045,0.10019342849027513
05/04/2023 16:19:33.003610,4563,True,True,True,True,Eyes,-0.01310839,0.1199537,-2.341102,-0.1581154,-0.3561166,0.9209672,0.0,0.0,0.0,0.0,0.0,0.0,0.0,-0.07569356,0.373643,2.293512,0.01672413,0.1307777,-2.321239,0.1098549,0.008615438,-0.07690082,0.9909309,12.65279,0.01049601,351.1261,-0.01978228,0.05217038,-0.9984413,0.1012415,-0.02752208,0.4317916,-0.2468548,-0.4902197,-0.3297738,-0.2346046,-0.2083968,2.079081,0.9880241,-0.1505139,-0.03397047,0.1542997,0.9640363,0.2163922,0.000178738,-0.2190423,0.9757154,moving,-9.741798,-21.14033,-6.438053,-5.723927,5.36056867373599,0.09881262435386656
05/04/2023 16:19:33.023198,4564,True,True,True,True,Eyes,-0.01186239,0.1204509,-2.339272,-0.156532,-0.3545573,0.9218389,0.0,0.0,0.0,0.0,0.0,0.0,0.0,-0.09158262,0.3553281,2.287505,0.02225174,0.133064,-2.312817,0.1071258,0.01124641,-0.07642451,0.9912401,12.36237,0.3473449,351.2201,-0.01836339,0.05207084,-0.9984737,0.09516702,-0.02587075,0.4058841,-0.2278986,-0.4758744,-0.316154,-0.2335827,-0.205743,2.07922,0.9880656,-0.1491005,-0.03866987,0.1539196,0.9653667,0.2106559,0.005921712,-0.2140939,0.9767951,moving,-9.637133,-21.03772,-6.409819,-5.651137,5.362974028224132,0.09732887322778033
05/04/2023 16:19:33.033514,4565,True,True,True,True,Eyes,-0.01045432,0.1209701,-2.337183,-0.1545381,-0.352679,0.9228951,0.0,0.0,0.0,0.0,0.0,0.0,0.0,-0.1090913,0.3374738,2.281163,0.02765234,0.1346193,-2.304475,0.1043497,0.01423679,-0.07622708,0.9915129,12.06953,0.7220579,351.2839,-0.01703381,0.05200637,-0.9985006,0.089457,-0.02431851,0.381531,-0.2077805,-0.4620008,-0.3025575,-0.2325545,-0.2030732,2.07936,0.9879735,-0.148189,-0.04414047,0.1541315,0.9666011,0.2047577,0.01232339,-0.2090986,0.9778169,moving,-9.505944,-20.91406,-6.381411,-5.577898,5.366052074291468,0.09556221892871869
05/04/2023 16:19:33.053497,4566,True,True,True,True,Eyes,-0.008893393,0.1214923,-2.334843,-0.1523913,-0.3507386,0.923991,0.0,0.0,0.0,0.0,0.0,0.0,0.0,-0.1270248,0.3212553,2.274365,0.03295301,0.135586,-2.296216,0.1017887,0.01732353,-0.07603112,0.9917451,11.80205,1.105341,351.3463,-0.01577713,0.05197502,-0.9985229,0.08408958,-0.0228594,0.3586392,-0.1873264,-0.449414,-0.2894093,-0.2314593,-0.2002293,2.079509,0.9878383,-0.1472803,-0.04983926,0.1543337,0.9677167,0.1992625,0.01888284,-0.204531,0.9786779,moving,-9.365326,-20.7863,-6.351152,-5.499875,5.369412373741653,0.09375858701445267
05/04/2023 16:19:33.063563,4567,True,True,True,True,Eyes,-0.007187728,0.1219848,-2.332258,-0.149992,-0.3488008,0.9251164,0.0,0.0,0.0,0.0,0.0,0.0,0.0,-0.1438184,0.3075825,2.26702,0.03812752,0.1361523,-2.287943,0.09966424,0.02015696,-0.07596061,0.9919127,11.5825,1.453364,351.3891,-0.01458022,0.05197423,-0.9985412,0.0790442,-0.02148783,0.3371208,-0.1683425,-0.4389422,-0.2770476,-0.2304263,-0.197547,2.079649,0.9876474,-0.1466747,-0.055129,0.1547104,0.9685941,0.1946542,0.02484678,-0.2007787,0.9793215,moving,-9.209406,-20.65818,-6.322616,-5.426276,5.3733109494826765,0.09201324945028266
05/04/2023 16:19:33.083395,4568,True,True,True,True,Eyes,-0.005343038,0.1224449,-2.329437,-0.1474082,-0.3468026,0.9262822,0.0,0.0,0.0,0.0,0.0,0.0,0.0,-0.1613911,0.2959455,2.259015,0.04323413,0.1358907,-2.279571,0.09780009,0.02316177,-0.07558234,0.9920616,11.39365,1.822229,351.4682,-0.01343029,0.05200027,-0.998556,0.07430155,-0.02019856,0.3168936,-0.1486677,-0.4306877,-0.2650369,-0.2294657,-0.1950527,2.07978,0.9875017,-0.1454342,-0.06073971,0.1544951,0.9694449,0.1905461,0.03117188,-0.1975486,0.9797974,moving,-9.042206,-20.52604,-6.296077,-5.357829,5.377558465643318,0.0902403081489297
05/04/2023 16:19:33.103367,4569,True,True,True,True,Eyes,-0.003303623,0.1228643,-2.32639,-0.1446283,-0.3447955,0.927469,0.0,0.0,0.0,0.0,0.0,0.0,0.0,-0.1797063,0.28263,2.250922,0.04834893,0.1355657,-2.271147,0.09552574,0.02639846,-0.07457594,0.9922785,11.15791,2.228006,351.6216,-0.01231692,0.05204966,-0.9985678,0.06984346,-0.01898665,0.29788,-0.1273414,-0.4210026,-0.2525761,-0.2284377,-0.1923831,2.07992,0.9874831,-0.1429567,-0.06663708,0.1530437,0.9706265,0.1856389,0.0381414,-0.1935136,0.9803559,moving,-8.863246,-20.3931,-6.267677,-5.28456,5.382212991555479,0.08850233055227003
05/04/2023 16:19:33.113514,4570,True,True,True,True,Eyes,-0.001136448,0.1232509,-2.323122,-0.1416556,-0.3426586,0.9287189,0.0,0.0,0.0,0.0,0.0,0.0,0.0,-0.1975897,0.2682702,2.242789,0.05357471,0.1352336,-2.262731,0.09299017,0.02955059,-0.07362096,0.9925017,10.89075,2.624531,351.7657,-0.01122678,0.05211897,-0.998577,0.06565285,-0.01784745,0.2800072,-0.1061579,-0.4100745,-0.2399986,-0.2273737,-0.1896203,2.080065,0.9874135,-0.140642,-0.07235008,0.1516337,0.9718656,0.1802347,0.04496598,-0.1889369,0.9809592,moving,-8.672368,-20.25196,-6.238284,-5.208732,5.3871858158412875,0.086660890118817
05/04/2023 16:19:33.133673,4571,True,True,True,True,Eyes,0.001203649,0.1236133,-2.319638,-0.1385023,-0.3404858,0.9299928,0.0,0.0,0.0,0.0,0.0,0.0,0.0,-0.2167472,0.2510397,2.234518,0.05880059,0.1347131,-2.254211,0.08976575,0.03305497,-0.07247138,0.9927726,10.54601,3.068244,351.933,-0.01015272,0.05220531,-0.998584,0.06171368,-0.0167766,0.2632067,-0.08323643,-0.3967906,-0.2267066,-0.226357,-0.1869803,2.080203,0.9873105,-0.1379608,-0.07864302,0.1498296,0.97338,0.1734429,0.05262124,-0.183025,0.9816989,moving,-8.470704,-20.10852,-6.210198,-5.136262,5.392511977309898,0.08482207651367735
05/04/2023 16:19:33.153625,4572,True,True,True,True,Eyes,0.00366452,0.1239711,-2.315949,-0.1351662,-0.3381692,0.9313279,0.0,0.0,0.0,0.0,0.0,0.0,0.0,-0.2358713,0.2316664,2.226018,0.06405846,0.1346239,-2.245492,0.08609091,0.03662547,-0.07065724,0.9931035,10.14676,3.52835,352.1741,-0.009086074,0.05230645,-0.998589,0.05801086,-0.01577001,0.2474143,-0.05940904,-0.381392,-0.2129937,-0.2253227,-0.1842945,2.080344,0.9873322,-0.1340337,-0.08491165,0.1466462,0.9751918,0.1658187,0.06057986,-0.1761701,0.9824939,moving,-8.257836,-19.95618,-6.181627,-5.06253,5.398122184928812,0.08286360632478401
05/04/2023 16:19:33.163547,4573,True,True,True,True,Eyes,0.0062767,0.1243146,-2.31206,-0.1316779,-0.3359775,0.9326199,0.0,0.0,0.0,0.0,0.0,0.0,0.0,-0.2544682,0.2128527,2.217384,0.0693446,0.1348318,-2.236932,0.08257774,0.04007022,-0.06933222,0.9933621,9.765465,3.965741,352.3539,-0.008019691,0.05242132,-0.9985921,0.05453021,-0.0148238,0.2325695,-0.03639577,-0.3658745,-0.1998352,-0.2242247,-0.1814431,2.080493,0.9871748,-0.1311262,-0.09105908,0.1443619,0.9767479,0.1585029,0.06815789,-0.1696155,0.9831505,moving,-8.03655,-19.81162,-6.151295,-4.984243,5.4041301955109455,0.0810871691426649
05/04/2023 16:19:33.183317,4574,True,True,True,True,Eyes,0.008993736,0.1246481,-2.307982,-0.1280022,-0.3338087,0.9339096,0.0,0.0,0.0,0.0,0.0,0.0,0.0,-0.274612,0.1973559,2.207813,0.07463477,0.1349014,-2.228234,0.07982441,0.04381737,-0.06877059,0.993468,9.475899,4.423944,352.4471,-0.006946888,0.05254845,-0.9985935,0.0512584,-0.01393438,0.2186153,-0.01308809,-0.3537101,-0.187538,-0.2232819,-0.1789953,2.080621,0.9867013,-0.1296474,-0.09804147,0.1436382,0.9777973,0.1525793,0.07608318,-0.1646327,0.9834163,moving,-7.804366,-19.66849,-6.125257,-4.917035,5.4105430573821,0.07938394806869292
05/04/2023 16:19:33.203387,4575,True,True,True,True,Eyes,0.01179992,0.1249867,-2.303728,-0.1242106,-0.331993,0.9350681,0.0,0.0,0.0,0.0,0.0,0.0,0.0,-0.2961121,0.1862528,2.197532,0.07987454,0.1350608,-2.219661,0.07813123,0.04783161,-0.06895529,0.9934046,9.313037,4.898026,352.4578,-0.005863292,0.0526867,-0.9985932,0.04818289,-0.01309831,0.2054984,0.01064265,-0.3452916,-0.1765033,-0.2222195,-0.1762366,2.080766,0.9859146,-0.1295267,-0.1058074,0.1444753,0.9782813,0.1486354,0.08425716,-0.1618283,0.9832153,moving,-7.566638,-19.54724,-6.095911,-4.841282,5.417431473689082,0.07811557898791532
05/04/2023 16:19:33.223598,4576,True,True,True,True,Eyes,0.01469516,0.1253531,-2.299315,-0.1202754,-0.3304188,0.9361395,0.0,0.0,0.0,0.0,0.0,0.0,0.0,-0.3195842,0.1796356,2.186573,0.08521698,0.135472,-2.21131,0.07757255,0.0522279,-0.06965642,0.9931781,9.286002,5.403576,352.4154,-0.004765803,0.05283566,-0.9985911,0.04529192,-0.01231242,0.1931685,0.03528907,-0.3413938,-0.1669612,-0.2212349,-0.1736797,2.0809,0.9848405,-0.1302595,-0.11455,0.1464653,0.978261,0.1468107,0.09293634,-0.1613627,0.9825095,moving,-7.321267,-19.44094,-6.068715,-4.771063,5.4247815837399385,0.07716072275820318
05/04/2023 16:19:33.233348,4577,True,True,True,True,Eyes,0.01764674,0.1257555,-2.294752,-0.1163161,-0.3293038,0.9370323,0.0,0.0,0.0,0.0,0.0,0.0,0.0,-0.3443291,0.1890859,2.174031,0.08989581,0.1365361,-2.203181,0.08096946,0.05682646,-0.07195318,0.9924905,9.723901,5.890165,352.2084,-0.003651044,0.05299596,-0.9985873,0.04257441,-0.01157367,0.1815784,0.0580011,-0.3523263,-0.1615161,-0.2201233,-0.1707932,2.081051,0.983187,-0.1336233,-0.1244515,0.1520281,0.9765334,0.1525452,0.1011474,-0.1689005,0.9804294,moving,-7.076066,-19.36314,-6.038012,-4.691786,5.432488909494147,0.07674086025509252
05/04/2023 16:19:33.253609,4578,True,True,True,True,Eyes,0.02067941,0.1261751,-2.290046,-0.1122266,-0.3284267,0.9378386,0.0,0.0,0.0,0.0,0.0,0.0,0.0,-0.3663477,0.1946065,2.161982,0.09472463,0.1377144,-2.195065,0.08343248,0.06087883,-0.07347836,0.9919344,10.04756,6.327122,352.0838,-0.002518461,0.05316839,-0.9985817,0.04001994,-0.01087925,0.1706837,0.07922988,-0.3596604,-0.1554551,-0.2191049,-0.1681488,2.08119,0.9817894,-0.1356129,-0.1330366,0.15593,0.9752799,0.1565725,0.1085146,-0.1744656,0.9786656,moving,-6.823862,-19.30002,-6.009886,-4.619153,5.440631782610606,0.07662671423121603
05/04/2023 16:19:33.263394,4579,True,True,True,True,Eyes,0.02377689,0.1265998,-2.285197,-0.1081223,-0.3278536,0.938521,0.0,0.0,0.0,0.0,0.0,0.0,0.0,-0.3889473,0.1994759,2.149616,0.09962806,0.1385841,-2.186959,0.08571511,0.06508937,-0.07484522,0.9913701,10.35194,6.785214,351.9804,-0.001365361,0.05335297,-0.9985741,0.03761875,-0.0102265,0.1604427,0.1012899,-0.3667681,-0.149432,-0.2181127,-0.1655724,2.081325,0.9803231,-0.1372404,-0.141886,0.1595569,0.9741023,0.1602075,0.1162246,-0.179694,0.9768326,moving,-6.571784,-19.25584,-5.982484,-4.548385,5.449011585427607,0.07686804901111344
05/04/2023 16:19:33.283417,4580,True,True,True,True,Eyes,0.02693372,0.1270377,-2.280213,-0.10386,-0.3275023,0.9391248,0.0,0.0,0.0,0.0,0.0,0.0,0.0,-0.4120388,0.2066043,2.136509,0.1042779,0.1391833,-2.178735,0.0885343,0.06946185,-0.07645392,0.9907026,10.72198,7.255805,351.8561,-0.0001906109,0.05354913,-0.9985646,0.03536162,-0.009612906,0.1508161,0.1233906,-0.3763762,-0.144032,-0.2171215,-0.1629986,2.081459,0.9786597,-0.1391867,-0.1511697,0.1637857,0.9726329,0.1648011,0.1240945,-0.1860436,0.9746734,moving,-6.310831,-19.22527,-5.955109,-4.47768,5.457879710329829,0.07740294680428228
05/04/2023 16:19:33.303196,4581,True,True,True,True,Eyes,0.03010934,0.1275089,-2.275082,-0.09951679,-0.3272107,0.9396965,0.0,0.0,0.0,0.0,0.0,0.0,0.0,-0.4356786,0.2111548,2.123182,0.1088939,0.1398923,-2.170455,0.09080648,0.07406268,-0.07773282,0.9900639,11.02998,7.760395,351.7719,0.001007767,0.05375687,-0.998553,0.03323992,-0.009036131,0.1417671,0.14684,-0.3837498,-0.1382614,-0.2160902,-0.1603206,2.0816,0.9769446,-0.1404702,-0.1607709,0.1673717,0.9714236,0.1682943,0.1325363,-0.1913227,0.9725378,moving,-6.045269,-19.19857,-5.926629,-4.40411,5.466960672489085,0.07803018588600275
05/04/2023 16:19:33.313428,4582,True,True,True,True,Eyes,0.03334397,0.1280074,-2.269816,-0.09499995,-0.326937,0.9402591,0.0,0.0,0.0,0.0,0.0,0.0,0.0,-0.4578303,0.2106874,2.110357,0.1134075,0.1410596,-2.162139,0.0918954,0.07850537,-0.07795836,0.9896033,11.19334,8.266953,351.8029,0.002228111,0.05397684,-0.9985391,0.03124553,-0.008493964,0.1332611,0.1706778,-0.3859794,-0.1314546,-0.2150363,-0.1575839,2.081743,0.9755188,-0.1398671,-0.1697064,0.1687243,0.9709554,0.1696397,0.1410503,-0.1941203,0.9707842,moving,-5.769353,-19.17305,-5.897524,-4.328923,5.476424000230236,0.07872362881984984
05/04/2023 16:19:33.333277,4583,True,True,True,True,Eyes,0.03661057,0.1285155,-2.264408,-0.0903766,-0.3262329,0.9409592,0.0,0.0,0.0,0.0,0.0,0.0,0.0,-0.4785595,0.2053411,2.098036,0.1179226,0.1423511,-2.153781,0.09174405,0.08276885,-0.07728508,0.9893227,11.20515,8.771615,351.9285,0.003471735,0.05420952,-0.998523,0.0293708,-0.007984326,0.1252654,0.1947875,-0.3831873,-0.1235252,-0.2140089,-0.154916,2.081883,0.9743527,-0.1377327,-0.1779511,0.1681069,0.9712201,0.1687354,0.1495893,-0.1943226,0.9694647,moving,-5.486277,-19.12156,-5.869153,-4.255621,5.4858103406102865,0.07895935481499067
05/04/2023 16:19:33.353572,4584,True,True,True,True,Eyes,0.03993302,0.1290133,-2.258864,-0.08553156,-0.3254688,0.9416763,0.0,0.0,0.0,0.0,0.0,0.0,0.0,-0.4995426,0.1945191,2.085533,0.1225821,0.1430245,-2.145075,0.090082,0.08721754,-0.07587324,0.9892026,11.03763,9.315827,352.1299,0.004738612,0.05445458,-0.9985045,0.02760855,-0.007505266,0.1177495,0.2208564,-0.3749649,-0.113971,-0.2129721,-0.1522237,2.082024,0.9732727,-0.1343945,-0.1862213,0.1658215,0.972257,0.1649837,0.158882,-0.1914536,0.9685567,moving,-5.18988,-19.06653,-5.840523,-4.181644,5.495624147222226,0.0791851776246687
05/04/2023 16:19:33.363392,4585,True,True,True,True,Eyes,0.04309699,0.1295574,-2.253145,-0.07968316,-0.3204139,0.9439203,0.0,0.0,0.0,0.0,0.0,0.0,0.0,-0.5211613,0.1854905,2.072409,0.1271774,0.1433895,-2.136389,0.08876846,0.09183419,-0.07456817,0.9890027,10.91079,9.875642,352.3219,0.006029374,0.05471077,-0.9984835,0.02595203,-0.007054951,0.1106845,0.2473583,-0.3683969,-0.1050576,-0.2119209,-0.149494,2.082167,0.9720121,-0.1311923,-0.1948871,0.1638002,0.9731195,0.1618887,0.1684099,-0.1892803,0.9673733,moving,-4.825312,-18.74979,-5.811494,-4.106637,5.504520812117776,0.07478146945501873
05/04/2023 16:19:33.383258,4586,True,True,True,True,Eyes,0.04632213,0.1300604,-2.247297,-0.07366136,-0.3154724,0.9460714,0.0,0.0,0.0,0.0,0.0,0.0,0.0,-0.5431085,0.1749969,2.058972,0.1318257,0.1433727,-2.12768,0.08687482,0.09659676,-0.07243169,0.9888759,10.70837,10.46426,352.605,0.007335436,0.05497961,-0.9984601,0.02439491,-0.006631654,0.1040435,0.2751502,-0.3600072,-0.09590279,-0.2109221,-0.1469007,2.082303,0.9708454,-0.1264683,-0.2036294,0.1600356,0.9744129,0.1578235,0.1784595,-0.1858101,0.9662437,moving,-4.452082,-18.44123,-5.783918,-4.035372,5.513829034494578,0.07056835056393163
05/04/2023 16:19:33.403521,4587,True,True,True,True,Eyes,0.04962441,0.1305147,-2.241323,-0.0676356,-0.3106544,0.9481136,0.0,0.0,0.0,0.0,0.0,0.0,0.0,-0.5649716,0.1660278,2.044844,0.1363926,0.1428248,-2.11876,0.08508956,0.1013876,-0.06972478,0.9887462,10.50972,11.06053,352.9529,0.008658849,0.05525853,-0.9984341,0.02293122,-0.006233755,0.09780085,0.3032785,-0.3524508,-0.08694318,-0.2098989,-0.1442437,2.082442,0.969718,-0.1206262,-0.2123589,0.1551343,0.9757965,0.1541255,0.1886275,-0.1824024,0.9649607,moving,-4.080398,-18.14165,-5.755667,-3.962354,5.523196864460546,0.06651745606589404
05/04/2023 16:19:33.413422,4588,True,True,True,True,Eyes,0.05298799,0.13092,-2.235224,-0.06145258,-0.3059958,0.9500474,0.0,0.0,0.0,0.0,0.0,0.0,0.0,-0.5864514,0.1596857,2.030344,0.141077,0.1422843,-2.109875,0.08396465,0.1060522,-0.06753436,0.9885049,10.38859,11.63233,353.2444,0.01000253,0.05554492,-0.9984056,0.0,0.0,0.0,0.330434,-0.3473392,-0.07881135,-0.208857,-0.1415381,2.082584,0.968384,-0.1157068,-0.2210073,0.1513254,0.976778,0.1516746,0.1983253,-0.1803233,0.9634057,moving,-3.700947,-17.85296,-5.7269,-3.888001,5.532979040553629,0.06270428553421004
05/04/2023 16:19:33.433440,4589,True,True,True,True,Eyes,0.05650891,0.131265,-2.229026,-0.05539454,-0.3015858,0.9518285,0.0,0.0,0.0,0.0,0.0,0.0,0.0,-0.607968,0.1553328,2.015277,0.1458799,0.1415762,-2.100897,0.08325388,0.1107182,-0.06537437,0.9881986,10.31263,12.2016,353.5354,0.01136797,0.05583634,-0.9983748,0.0,0.0,0.0,0.3574934,-0.3440125,-0.07120787,-0.2078316,-0.1388755,2.082723,0.9669353,-0.1107703,-0.2297085,0.1476412,0.97759,0.1500665,0.2079379,-0.179019,0.9616205,moving,-3.330744,-17.58075,-5.698589,-3.814822,5.542643173836694,0.059161569940664294
05/04/2023 16:19:33.453915,4590,True,True,True,True,Eyes,0.06008133,0.1315449,-2.222707,-0.04919215,-0.2973356,0.9535049,0.0,0.0,0.0,0.0,0.0,0.0,0.0,-0.6293653,0.1516053,1.999826,0.1505592,0.140814,-2.091863,0.08278798,0.1154218,-0.06397209,0.9877913,10.27204,12.76629,353.7413,0.01276096,0.05612998,-0.9983414,0.0,0.0,0.0,0.3840311,-0.341635,-0.06396549,-0.2067988,-0.1361937,2.082864,0.9651708,-0.1072711,-0.2386175,0.1454932,0.9781074,0.1487869,0.217433,-0.178322,0.9596479,moving,-2.953321,-17.31927,-5.670074,-3.741114,5.552700208204592,0.05585124503842953
05/04/2023 16:19:33.473391,4591,True,True,True,True,Eyes,0.06377184,0.1317353,-2.216287,-0.04310817,-0.2933121,0.9550444,0.0,0.0,0.0,0.0,0.0,0.0,0.0,-0.650315,0.1479173,1.984155,0.1553151,0.1396869,-2.082793,0.08226499,0.1200471,-0.06280675,0.9873584,10.2259,13.31974,353.9177,0.01418236,0.05642326,-0.9983057,0.0,0.0,0.0,0.4102543,-0.3391676,-0.0567749,-0.2057098,-0.1333657,2.083012,0.963288,-0.1042742,-0.2473927,0.1437769,0.9785756,0.1473705,0.2267255,-0.1775296,0.9576423,moving,-2.584425,-17.07271,-5.640011,-3.663384,5.562644895493236,0.052785117202605036
05/04/2023 16:19:33.483573,4592,True,True,True,True,Eyes,0.06750845,0.1318416,-2.209748,-0.03688063,-0.2894929,0.9564694,0.0,0.0,0.0,0.0,0.0,0.0,0.0,-0.67104,0.1455283,1.968017,0.1599719,0.1379504,-2.07363,0.08200646,0.1246704,-0.06220314,0.986845,10.21632,13.86637,354.0321,0.01563521,0.05671249,-0.9982676,0.0,0.0,0.0,0.4357558,-0.3386746,-0.04994373,-0.2047493,-0.1308715,2.083143,0.9611761,-0.1023222,-0.2562628,0.1432173,0.9788114,0.1463456,0.2358586,-0.1773651,0.9554645,moving,-2.208182,-16.8394,-5.613494,-3.594829,5.573019108068861,0.049999288658757246
05/04/2023 16:19:33.503549,4593,True,True,True,True,Eyes,0.07127493,0.131864,-2.203089,-0.03070185,-0.2859477,0.9577533,0.0,0.0,0.0,0.0,0.0,0.0,0.0,-0.6921576,0.1454986,1.951144,0.1647336,0.1359836,-2.064361,0.08237168,0.1293895,-0.06203986,0.9862174,10.28399,14.41785,354.1051,0.01711979,0.05699478,-0.9982272,0.0,0.0,0.0,0.4613771,-0.3408117,-0.04379936,-0.2037145,-0.1281845,2.083284,0.9588188,-0.1010535,-0.2654329,0.1436856,0.9787319,0.1464182,0.2449916,-0.1785274,0.9529465,moving,-1.836051,-16.62357,-5.584929,-3.520971,5.583470231735083,0.047524549453916654
05/04/2023 16:19:33.513530,4594,True,True,True,True,Eyes,0.07507683,0.1318074,-2.196314,-0.02436297,-0.2825981,0.9589289,0.0,0.0,0.0,0.0,0.0,0.0,0.0,-0.7144675,0.1451389,1.933362,0.1694466,0.1339691,-2.054935,0.08270688,0.134501,-0.06199294,0.985508,10.35187,15.01465,354.169,0.01863547,0.05726747,-0.9981845,0.0,0.0,0.0,0.4884749,-0.3429943,-0.0379522,-0.202691,-0.1255266,2.083423,0.9561327,-0.09994075,-0.2753582,0.1444374,0.9786329,0.1463403,0.2548492,-0.1796928,0.9501381,moving,-1.455369,-16.42034,-5.556676,-3.447912,5.594385310076524,0.04532301063167543
05/04/2023 16:19:33.533570,4595,True,True,True,True,Eyes,0.07894518,0.1316573,-2.189439,-0.01813749,-0.279396,0.9600046,0.0,0.0,0.0,0.0,0.0,0.0,0.0,-0.7365686,0.1450424,1.915188,0.1739904,0.1320032,-2.045438,0.08314443,0.1396722,-0.06203178,0.9847491,10.43274,15.61784,354.2258,0.02018234,0.05752839,-0.9981394,0.0,0.0,0.0,0.5155629,-0.3455224,-0.0324086,-0.2016517,-0.1228276,2.083564,0.9532874,-0.09894554,-0.2853994,0.1453974,0.9784781,0.1464246,0.264769,-0.1810811,0.9471574,moving,-1.082368,-16.2269,-5.527987,-3.373723,5.6051526702243395,0.043272836936215586
05/04/2023 16:19:33.553725,4596,True,True,True,True,Eyes,0.08284672,0.1314304,-2.182445,-0.01172633,-0.2763828,0.960976,0.0,0.0,0.0,0.0,0.0,0.0,0.0,-0.7576254,0.1427068,1.897195,0.1784468,0.1297579,-2.035934,0.08300686,0.1446972,-0.06235366,0.9840146,10.45159,16.2033,354.2403,0.02176088,0.05777472,-0.998092,0.0,0.0,0.0,0.5419349,-0.3460413,-0.02645447,-0.200639,-0.1201982,2.083702,0.9503495,-0.09869211,-0.2951198,0.1467355,0.9784437,0.1453151,0.2744167,-0.1814047,0.9443452,moving,-0.6991183,-16.04557,-5.500036,-3.301446,5.616437968569062,0.04149387136720195
05/04/2023 16:19:33.563490,4597,True,True,True,True,Eyes,0.08673776,0.1311707,-2.175325,-0.005314949,-0.2734834,0.961862,0.0,0.0,0.0,0.0,0.0,0.0,0.0,-0.7799765,0.1418867,1.878073,0.1830819,0.1275675,-2.026293,0.08335566,0.1500718,-0.06285992,0.9831476,10.53108,16.82695,354.2452,0.0233713,0.05800486,-0.9980422,0.0,0.0,0.0,0.5697196,-0.3484534,-0.02131194,-0.1995576,-0.1173901,2.083849,0.9470542,-0.09858245,-0.305565,0.1486198,0.978201,0.1450348,0.2846061,-0.1827688,0.9410606,moving,-0.3165954,-15.87189,-5.470188,-3.224253,5.62779498551194,0.03985561317431435
05/04/2023 16:19:33.583601,4598,True,True,True,True,Eyes,0.09065726,0.1308942,-2.168093,0.001311857,-0.2707008,0.9626626,0.0,0.0,0.0,0.0,0.0,0.0,0.0,-0.8036301,0.137734,1.858068,0.187498,0.1266782,-2.016434,0.08324534,0.1560104,-0.06339159,0.9821979,10.5624,17.51842,354.2464,0.02501093,0.05821927,-0.99799,0.0,0.0,0.0,0.5995825,-0.3480747,-0.01633412,-0.1985716,-0.1148297,2.083983,0.9432845,-0.09855189,-0.3170204,0.1505004,0.9781035,0.1437473,0.2959121,-0.1833063,0.9374619,moving,0.07807907,-15.70599,-5.442975,-3.153868,5.639682260211455,0.038415262442663356
05/04/2023 16:19:33.603441,4599,True,True,True,True,Eyes,0.0945755,0.1306067,-2.160746,0.007936739,-0.2679317,0.9634053,0.0,0.0,0.0,0.0,0.0,0.0,0.0,-0.8268397,0.1320909,1.837927,0.1919552,0.1259944,-2.006581,0.08280841,0.1619413,-0.0639126,0.9812406,10.5568,18.21065,354.2433,0.02668004,0.05841912,-0.9979351,0.0,0.0,0.0,0.6296189,-0.3460292,-0.01138381,-0.1975288,-0.1121222,2.084125,0.9393804,-0.09860706,-0.3283918,0.1522475,0.9781159,0.1418097,0.3072219,-0.1832101,0.9338355,moving,0.4720043,-15.54173,-5.414196,-3.079442,5.6515638569578,0.037002553277156514
05/04/2023 16:19:33.623403,4600,True,True,True,True,Eyes,0.09851322,0.1302784,-2.153294,0.01480731,-0.2653163,0.9640477,0.0,0.0,0.0,0.0,0.0,0.0,0.0,-0.8496473,0.1256175,1.81765,0.1964215,0.1252534,-1.996813,0.08216532,0.1678629,-0.06452545,0.9802589,10.52995,18.90198,354.2256,0.0283768,0.05860569,-0.9978774,0.0,0.0,0.0,0.6596522,-0.343167,-0.006653001,-0.1964578,-0.1093412,2.084271,0.935317,-0.09891824,-0.3397017,0.1540883,0.9781706,0.1394237,0.3184947,-0.1827494,0.9301417,moving,0.8799663,-15.38748,-5.384638,-3.002995,5.664071014625752,0.035837684566579375
05/04/2023 16:19:33.633693,4601,True,True,True,True,Eyes,0.1024501,0.1299279,-2.145749,0.02229176,-0.2629075,0.9645635,0.0,0.0,0.0,0.0,0.0,0.0,0.0,-0.8742373,0.1216075,1.795699,0.2006608,0.1239474,-1.986954,0.08219628,0.1743793,-0.06559723,0.9790468,10.59267,19.65769,354.174,0.03010136,0.05877877,-0.9978167,0.0,0.0,0.0,0.6911905,-0.3441981,-0.003375344,-0.1954981,-0.1068491,2.084401,0.9305778,-0.09977884,-0.3522346,0.1571122,0.9778816,0.1380704,0.3306673,-0.1838256,0.9256713,moving,1.323911,-15.24654,-5.358156,-2.934488,5.678024362836929,0.03507599671349543
05/04/2023 16:19:33.653577,4602,True,True,True,True,Eyes,0.1063946,0.1295768,-2.138123,0.02993097,-0.2607531,0.9649414,0.0,0.0,0.0,0.0,0.0,0.0,0.0,-0.8979216,0.1216784,1.773662,0.2046159,0.1230569,-1.977355,0.08350854,0.1807309,-0.06708962,0.9776817,10.80925,20.38769,354.0982,0.03185208,0.05893891,-0.997753,0.0,0.0,0.0,0.7211822,-0.3498782,-0.001639531,-0.1944091,-0.1040213,2.08455,0.9256707,-0.1009995,-0.3645997,0.1613697,0.9770505,0.1390392,0.3421895,-0.1875399,0.9207253,moving,1.776655,-15.12169,-5.328102,-2.856752,5.692494956385646,0.03465416674829108
05/04/2023 16:19:33.663317,4603,True,True,True,True,Eyes,0.1103481,0.1292415,-2.130424,0.0380036,-0.2590538,0.965115,0.0,0.0,0.0,0.0,0.0,0.0,0.0,-0.9199579,0.1222287,1.752073,0.2085901,0.1227212,-1.967855,0.08505549,0.186714,-0.06844962,0.9763288,11.04882,21.07626,354.0408,0.03362835,0.05908764,-0.9976858,0.0,0.0,0.0,0.7495683,-0.3559447,-0.0001639398,-0.1933454,-0.1012592,2.084694,0.9209051,-0.1018966,-0.3762326,0.1654208,0.9761604,0.1405233,0.3529446,-0.1916453,0.9158069,moving,2.254987,-15.02503,-5.298751,-2.780825,5.708232623720442,0.034871021706490146
05/04/2023 16:19:33.683240,4604,True,True,True,True,Eyes,0.1143006,0.1289327,-2.122657,0.04613466,-0.2574852,0.9651803,0.0,0.0,0.0,0.0,0.0,0.0,0.0,-0.9394283,0.1239276,1.731376,0.2123842,0.1228258,-1.958406,0.086909,0.1921042,-0.06952522,0.9750431,11.31438,21.69838,354.0181,0.03542957,0.05922703,-0.9976153,0.0,0.0,0.0,0.7751296,-0.3629669,0.001338891,-0.1924297,-0.09888136,2.084819,0.9165244,-0.102189,-0.3867045,0.1689713,0.9752262,0.1427678,0.3625351,-0.1961922,0.9110856,moving,2.736598,-14.93717,-5.273485,-2.71546,5.724198779597325,0.03526723259940884
05/04/2023 16:19:33.703348,4605,True,True,True,True,Eyes,0.118268,0.1287219,-2.114802,0.05453672,-0.2560166,0.9651328,0.0,0.0,0.0,0.0,0.0,0.0,0.0,-0.957189,0.1208546,1.711735,0.2162533,0.123051,-1.949089,0.08748653,0.197158,-0.07050212,0.9739118,11.43221,22.28518,353.978,0.03725418,0.05935942,-0.997541,0.0,0.0,0.0,0.8000937,-0.3642621,0.004009789,-0.1913832,-0.0961639,2.084961,0.9123163,-0.1028284,-0.396365,0.171823,0.9747511,0.1426082,0.371693,-0.1982085,0.9069496,moving,3.234171,-14.85645,-5.24461,-2.640761,5.740822217644582,0.035865522076934164
05/04/2023 16:19:33.723251,4606,True,True,True,True,Eyes,0.1222442,0.128658,-2.106865,0.06304274,-0.2543494,0.9650555,0.0,0.0,0.0,0.0,0.0,0.0,0.0,-0.9753932,0.111858,1.691415,0.220363,0.124751,-1.939244,0.08698099,0.2025509,-0.07161369,0.9727687,11.4338,22.91337,353.9038,0.03910241,0.05949039,-0.9974624,0.0,0.0,0.0,0.8269582,-0.3598982,0.007492356,-0.1903559,-0.09349599,2.085101,0.9076893,-0.104091,-0.4065284,0.1745633,0.9746116,0.140214,0.3816122,-0.1982356,0.9028149,moving,3.737565,-14.76507,-5.216266,-2.567425,5.757516298613424,0.03628818459688837
05/04/2023 16:19:33.733834,4607,True,True,True,True,Eyes,0.1262474,0.1287314,-2.098848,0.07169186,-0.2523854,0.9649674,0.0,0.0,0.0,0.0,0.0,0.0,0.0,-0.9916496,0.09094982,1.67279,0.2244462,0.1283885,-1.92951,0.08353392,0.2077486,-0.07214204,0.9719353,11.09019,23.53063,353.8268,0.04097436,0.05962735,-0.9973791,0.0,0.0,0.0,0.8545107,-0.3413422,0.013348,-0.1893244,-0.09081769,2.085242,0.903272,-0.1055267,-0.4158891,0.1749429,0.9756352,0.1324043,0.3917839,-0.1923539,0.8997251,moving,4.248961,-14.65727,-5.187807,-2.493804,5.774284983137186,0.03643622223965287
05/04/2023 16:19:33.753786,4608,True,True,True,True,Eyes,0.1302455,0.1288765,-2.090745,0.08030251,-0.2501165,0.9648799,0.0,0.0,0.0,0.0,0.0,0.0,0.0,-1.005912,0.06472304,1.654406,0.2283569,0.1320128,-1.919253,0.07829083,0.212693,-0.07185681,0.9713233,10.52464,24.13032,353.7938,0.04287045,0.0597765,-0.9972904,0.0,0.0,0.0,0.8820088,-0.3150113,0.02109387,-0.1882831,-0.0881141,2.085383,0.8991966,-0.1062886,-0.4244387,0.1728962,0.9774143,0.1215245,0.4019358,-0.1826583,0.8972645,moving,4.7575,-14.53237,-5.15908,-2.41949,5.790734362643536,0.0362506825214865
05/04/2023 16:19:33.763476,4609,True,True,True,True,Eyes,0.1342335,0.1290987,-2.082554,0.08890085,-0.2478379,0.9647139,0.0,0.0,0.0,0.0,0.0,0.0,0.0,-1.015643,0.04242657,1.63823,0.2321241,0.1341297,-1.909255,0.0734394,0.2162937,-0.07140722,0.9709402,9.991402,24.5719,353.7688,0.04478975,0.05994043,-0.9971963,0.0,0.0,0.0,0.9037778,-0.2914123,0.02970695,-0.1872833,-0.08551784,2.085519,0.8962361,-0.1068953,-0.4305046,0.1704332,0.9790154,0.1117207,0.4095282,-0.1735004,0.8956474,moving,5.265082,-14.40788,-5.131498,-2.348129,5.807155016589941,0.036068780614228135
05/04/2023 16:19:33.783533,4610,True,True,True,True,Eyes,0.1382355,0.1293833,-2.074303,0.09747495,-0.2456026,0.9644573,0.0,0.0,0.0,0.0,0.0,0.0,0.0,-1.025764,0.02835062,1.621062,0.2362865,0.1358703,-1.899091,0.07080746,0.2198021,-0.071233,0.9703603,9.714092,24.99538,353.7611,0.04673128,0.06012181,-0.9970962,0.0,0.0,0.0,0.9245853,-0.2771865,0.03666387,-0.1862195,-0.08275577,2.085664,0.8932258,-0.1071161,-0.4366621,0.1693706,0.9798244,0.1061032,0.4164868,-0.1687318,0.8933467,moving,5.771124,-14.28692,-5.102153,-2.272212,5.823566028011815,0.03594668457169198
05/04/2023 16:19:33.803578,4611,True,True,True,True,Eyes,0.1422401,0.1297154,-2.065999,0.1060321,-0.2437464,0.9640253,0.0,0.0,0.0,0.0,0.0,0.0,0.0,-1.037378,0.02148415,1.603198,0.2404968,0.1377071,-1.889459,0.06985914,0.2235679,-0.07014352,0.9696478,9.604212,25.4541,353.899,0.04869534,0.06032228,-0.9969901,0.0,0.0,0.0,0.946124,-0.2694163,0.04124739,-0.1851981,-0.080103,2.085803,0.8901945,-0.1047925,-0.4433646,0.1672655,0.9803992,0.1041138,0.423764,-0.1668412,0.8902742,moving,6.27667,-14.18942,-5.073977,-2.199302,5.840258452409367,0.03626345892363919
05/04/2023 16:19:33.813712,4612,True,True,True,True,Eyes,0.1462811,0.130084,-2.057659,0.1145412,-0.2420677,0.9634748,0.0,0.0,0.0,0.0,0.0,0.0,0.0,-1.048658,0.02084364,1.58545,0.2448389,0.1392321,-1.88001,0.07040231,0.227084,-0.06871295,0.9688937,9.650163,25.88349,354.1094,0.05068168,0.06054262,-0.9968777,0.0,0.0,0.0,0.966334,-0.2677385,0.04479931,-0.1841696,-0.07743241,2.085943,0.8874228,-0.1011766,-0.4497156,0.1651255,0.9806441,0.1052175,0.4303654,-0.1676319,0.8869528,moving,6.7797,-14.10333,-5.045608,-2.125904,5.857007043548483,0.0367840102901934
05/04/2023 16:19:33.833579,4613,True,True,True,True,Eyes,0.1506222,0.1304232,-2.049428,0.124694,-0.2418017,0.9622803,0.0,0.0,0.0,0.0,0.0,0.0,0.0,-1.060762,0.02174634,1.567406,0.2495542,0.1402858,-1.870961,0.07172108,0.2307285,-0.06850594,0.9679501,9.814415,26.31647,354.2031,0.05269131,0.06078297,-0.996759,0.0,0.0,0.0,0.9865453,-0.2703359,0.04713797,-0.1831286,-0.0747291,2.086084,0.8841426,-0.09952447,-0.4564941,0.1657169,0.9803261,0.1072323,0.4368407,-0.1704574,0.8832409,moving,7.383344,-14.10524,-5.016895,-2.05161,5.878446692728404,0.039386496205014276
05/04/2023 16:19:33.853814,4614,True,True,True,True,Eyes,0.1549909,0.1307397,-2.04118,0.1348463,-0.2415818,0.9609655,0.0,0.0,0.0,0.0,0.0,0.0,0.0,-1.07654,0.01915222,1.546714,0.2545684,0.1409327,-1.861978,0.07257372,0.2355816,-0.06959392,0.9666391,9.967834,26.88292,354.1521,0.05473815,0.06103986,-0.9966331,0.0,0.0,0.0,1.011356,-0.2725389,0.04773409,-0.1821119,-0.07208903,2.086222,0.8793159,-0.1003503,-0.4655462,0.1687385,0.9797795,0.1075151,0.4453434,-0.1730953,0.8784688,moving,7.987801,-14.11143,-4.988854,-1.979058,5.89996973521564,0.0420728903123026
05/04/2023 16:19:33.863194,4615,True,True,True,True,Eyes,0.1593667,0.1310264,-2.032896,0.1450422,-0.2414619,0.9595097,0.0,0.0,0.0,0.0,0.0,0.0,0.0,-1.092784,0.01445805,1.525628,0.2595534,0.1409457,-1.853292,0.07253131,0.2406797,-0.07029369,0.965335,10.01294,27.48429,354.1249,0.05682142,0.06131082,-0.9964998,0.0,0.0,0.0,1.037674,-0.2714236,0.048021,-0.181027,-0.06927204,2.08637,0.8742642,-0.1008003,-0.4748701,0.1706275,0.9795961,0.1061974,0.4544761,-0.1738705,0.873625,moving,8.595913,-14.12526,-4.958933,-1.901646,5.921719820709475,0.044918434434463195
05/04/2023 16:19:33.883342,4616,True,True,True,True,Eyes,0.1637901,0.1312854,-2.024611,0.1553045,-0.2413341,0.9579344,0.0,0.0,0.0,0.0,0.0,0.0,0.0,-1.110976,0.009473324,1.502689,0.2647207,0.140286,-1.844635,0.07233742,0.2464503,-0.07108661,0.9638343,10.04847,28.16619,354.0906,0.05893985,0.06159338,-0.9963593,0.0,0.0,0.0,1.066626,-0.2708756,0.04699485,-0.1800483,-0.06673148,2.086504,0.8684179,-0.1013763,-0.4853589,0.1726866,0.979428,0.1044039,0.46479,-0.1744812,0.8680591,moving,9.208916,-14.14037,-4.931944,-1.831835,5.943659737049052,0.04780883444245154
05/04/2023 16:19:33.903154,4617,True,True,True,True,Eyes,0.1682497,0.1315363,-2.016315,0.1656533,-0.2411127,0.9562551,0.0,0.0,0.0,0.0,0.0,0.0,0.0,-1.131083,0.002301753,1.478299,0.2701367,0.139825,-1.836354,0.07157072,0.2528903,-0.0717098,0.9621756,10.02027,28.93154,354.0666,0.06109393,0.06188525,-0.9962114,0.0,0.0,0.0,1.098732,-0.2677844,0.0444751,-0.1790277,-0.06408045,2.086643,0.8618084,-0.1017958,-0.4969143,0.1741939,0.9794706,0.1014578,0.476385,-0.1739966,0.8618483,moving,9.827885,-14.15173,-4.903799,-1.758991,5.965763511837382,0.05065411176975476
05/04/2023 16:19:33.923145,4618,True,True,True,True,Eyes,0.1727781,0.1317624,-2.008038,0.1761151,-0.2408158,0.9544586,0.0,0.0,0.0,0.0,0.0,0.0,0.0,-1.149908,-0.00661996,1.454394,0.2758191,0.139694,-1.828115,0.07033794,0.2590153,-0.0722823,0.9605931,9.937667,29.66139,354.031,0.06328395,0.06218542,-0.9960561,0.0,0.0,0.0,1.130077,-0.2622218,0.04239734,-0.1779406,-0.0612572,2.08679,0.8553727,-0.1024305,-0.507785,0.1753049,0.9796557,0.09768781,0.4874482,-0.1725767,0.8559273,moving,10.45453,-14.16054,-4.873822,-1.68142,5.988107104854414,0.05348409350825817
05/04/2023 16:19:33.933549,4619,True,True,True,True,Eyes,0.177318,0.1319639,-1.99975,0.1867261,-0.2404756,0.9525255,0.0,0.0,0.0,0.0,0.0,0.0,0.0,-1.171242,-0.01864243,1.428397,0.2818526,0.1394134,-1.820329,0.06827043,0.2660284,-0.07294762,0.9587735,9.771776,30.49911,353.9681,0.06551112,0.06249193,-0.9958928,0.0,0.0,0.0,1.165273,-0.2540094,0.03838047,-0.1769633,-0.05871989,2.086923,0.8478151,-0.1035568,-0.5200823,0.1762043,0.9800356,0.0920995,0.5001616,-0.169724,0.8491361,moving,11.0912,-14.16888,-4.846873,-1.61171,6.010800361539892,0.05634786508342654
05/04/2023 16:19:33.953702,4620,True,True,True,True,Eyes,0.1819339,0.132146,-1.991504,0.1974638,-0.2401712,0.9504345,0.0,0.0,0.0,0.0,0.0,0.0,0.0,-1.192878,-0.02728656,1.401768,0.2881759,0.1387293,-1.812833,0.06707691,0.2730843,-0.07359256,0.9568229,9.703835,31.34272,353.9321,0.067775,0.06280331,-0.9957218,0.0,0.0,0.0,1.200544,-0.2495959,0.03289519,-0.1759073,-0.0559776,2.087067,0.8400183,-0.1041948,-0.5324592,0.1774653,0.9801697,0.08816749,0.5127138,-0.1685553,0.8418514,moving,11.73689,-14.18155,-4.817757,-1.536372,6.0338688061957955,0.05933137936250038
05/04/2023 16:19:33.963286,4621,True,True,True,True,Eyes,0.1866357,0.1323068,-1.983321,0.2081581,-0.2399975,0.9481937,0.0,0.0,0.0,0.0,0.0,0.0,0.0,-1.214893,-0.0326056,1.374436,0.2944353,0.1384529,-1.805614,0.06676447,0.280313,-0.07371319,0.9547426,9.718714,32.21251,353.9827,0.07007722,0.06311812,-0.9955425,0.0,0.0,0.0,1.236113,-0.2480192,0.02570783,-0.174856,-0.05324769,2.08721,0.831982,-0.1033243,-0.5450964,0.1781842,0.9802178,0.08616023,0.5254107,-0.1688113,0.8339342,moving,12.38179,-14.20384,-4.788772,-1.46138,6.057031835956189,0.06249236253359136
05/04/2023 16:19:33.983462,4622,True,True,True,True,Eyes,0.1914241,0.1324724,-1.975215,0.2189726,-0.2401133,0.9457254,0.0,0.0,0.0,0.0,0.0,0.0,0.0,-1.237843,-0.0323011,1.346078,0.3007345,0.1382664,-1.798796,0.06773164,0.2877813,-0.07284241,0.9525169,9.843433,33.12103,354.1874,0.0724198,0.06343497,-0.9953547,0.0,0.0,0.0,1.27221,-0.250991,0.01628587,-0.1739019,-0.05077048,2.08734,0.8237518,-0.09978344,-0.5581005,0.177751,0.9802128,0.08710568,0.5383656,-0.1709564,0.8251887,moving,13.0365,-14.24599,-4.762468,-1.393334,6.080796017902802,0.06606836586272496
05/04/2023 16:19:34.003354,4623,True,True,True,True,Eyes,0.1963118,0.1326568,-1.967204,0.2296724,-0.2404667,0.9430941,0.0,0.0,0.0,0.0,0.0,0.0,0.0,-1.261182,-0.02892065,1.317301,0.307433,0.1383624,-1.792495,0.07011447,0.2952854,-0.07271775,0.950054,10.14676,34.0302,354.3586,0.07480451,0.06375378,-0.9951579,0.0,0.0,0.0,1.307841,-0.2597803,0.004846867,-0.1728742,-0.04810087,2.08748,0.8150373,-0.09676402,-0.5712713,0.1795791,0.9795921,0.09028009,0.550877,-0.1761701,0.8157809,moving,13.68686,-14.30428,-4.734134,-1.320008,6.104611588512438,0.06992925852284315
05/04/2023 16:19:34.023167,4624,True,True,True,True,Eyes,0.2012849,0.1328315,-1.959291,0.2404926,-0.2411282,0.9402236,0.0,0.0,0.0,0.0,0.0,0.0,0.0,-1.285282,-0.02735189,1.287456,0.3142612,0.1393525,-1.786634,0.07345938,0.3032313,-0.07486003,0.9471275,10.63493,34.97687,354.3211,0.0772339,0.06407519,-0.9949516,0.0,0.0,0.0,1.343663,-0.273598,-0.009120977,-0.1718292,-0.0453883,2.087622,0.8048935,-0.09725364,-0.5853957,0.1863544,0.9779994,0.09375099,0.563399,-0.1845506,0.805309,moving,14.34764,-14.38398,-4.705329,-1.245507,6.129069707628271,0.07423690040975522
05/04/2023 16:19:34.043418,4625,True,True,True,True,Eyes,0.2062829,0.1330041,-1.951455,0.251352,-0.2420761,0.9371346,0.0,0.0,0.0,0.0,0.0,0.0,0.0,-1.309445,-0.02878723,1.256682,0.321096,0.1393496,-1.781068,0.07628231,0.3114491,-0.07810847,0.9439701,11.10865,35.9501,354.1539,0.07970937,0.06439831,-0.9947355,0.0,0.0,0.0,1.379987,-0.2873841,-0.02425444,-0.1707412,-0.04256287,2.08777,0.793797,-0.099948,-0.599914,0.1949802,0.9761602,0.09536281,0.5760808,-0.1926701,0.7943608,moving,15.01412,-14.48376,-4.675337,-1.167914,6.1539859736475835,0.078946222844681
05/04/2023 16:19:34.053642,4626,True,True,True,True,Eyes,0.2113522,0.1331635,-1.943736,0.2623074,-0.2433337,0.9338006,0.0,0.0,0.0,0.0,0.0,0.0,0.0,-1.333822,-0.03106615,1.224764,0.3275313,0.1394106,-1.775777,0.07968533,0.320079,-0.08258956,0.9404141,11.69751,36.96593,353.8842,0.08222913,0.06472275,-0.9945093,0.0,0.0,0.0,1.416097,-0.3051201,-0.04165509,-0.1697468,-0.03998095,2.087905,0.7814568,-0.1043256,-0.6151758,0.206348,0.9736584,0.09700405,0.5888511,-0.2027448,0.7823994,moving,15.69021,-14.60556,-4.647926,-1.097013,6.179523826790001,0.08411031674861502
05/04/2023 16:19:34.073750,4627,True,True,True,True,Eyes,0.2166133,0.1333328,-1.936224,0.274176,-0.2429268,0.9304913,0.0,0.0,0.0,0.0,0.0,0.0,0.0,-1.357318,-0.0338961,1.19315,0.3342271,0.1393527,-1.770859,0.08271728,0.3284506,-0.0865315,0.9369047,12.23015,37.95907,353.6668,0.08479363,0.06504747,-0.9942728,0.0,0.0,0.0,1.451717,-0.3207726,-0.0593405,-0.168611,-0.03703149,2.088059,0.7692651,-0.1078065,-0.629769,0.2164806,0.9713403,0.09815379,0.6011385,-0.2118391,0.7705562,moving,16.41799,-14.63182,-4.616625,-1.016027,6.2056777662038245,0.0876983148432558
05/04/2023 16:19:34.083590,4628,True,True,True,True,Eyes,0.2219385,0.1335067,-1.928835,0.286128,-0.2427062,0.9269437,0.0,0.0,0.0,0.0,0.0,0.0,0.0,-1.38008,-0.03933294,1.16112,0.3407378,0.1395937,-1.766006,0.08523444,0.3369204,-0.09060845,0.9332792,12.71789,38.96637,353.4252,0.0874093,0.06537237,-0.9940249,0.0,0.0,0.0,1.486954,-0.335022,-0.07758547,-0.167716,-0.03470771,2.088181,0.7565495,-0.1116915,-0.6443275,0.2265604,0.9690505,0.09803936,0.6134356,-0.2201507,0.7584395,moving,17.15435,-14.67265,-4.591956,-0.9522267,6.232321797752192,0.09159666685386691
05/04/2023 16:19:34.103449,4629,True,True,True,True,Eyes,0.2272672,0.133704,-1.9215,0.2980701,-0.242262,0.9232894,0.0,0.0,0.0,0.0,0.0,0.0,0.0,-1.401306,-0.04816109,1.130105,0.3474313,0.1399044,-1.761486,0.08599511,0.345014,-0.0934069,0.9299707,12.96755,39.94215,353.2587,0.09007553,0.06569736,-0.9937654,0.0,0.0,0.0,1.522502,-0.3404939,-0.09465472,-0.1666216,-0.03186612,2.08833,0.744481,-0.1143923,-0.6577708,0.2330704,0.96776,0.09549247,0.6256407,-0.2243992,0.7471403,moving,17.8919,-14.70241,-4.561793,-0.8742164,6.258866953906762,0.095291994945498
05/04/2023 16:19:34.114941,4630,True,True,True,True,Eyes,0.2326724,0.133896,-1.914301,0.3101006,-0.2419192,0.9194089,0.0,0.0,0.0,0.0,0.0,0.0,0.0,-1.422325,-0.05831447,1.098479,0.3546215,0.1402224,-1.75717,0.08630718,0.3531312,-0.09598769,0.926626,13.16414,40.92624,353.1027,0.09278899,0.06602359,-0.9934942,0.0,0.0,0.0,1.558592,-0.344253,-0.1122627,-0.1655868,-0.02917901,2.088471,0.7321694,-0.1169339,-0.67101,0.2388449,0.9666749,0.09215645,0.6378722,-0.2277415,0.7356988,moving,18.63836,-14.74179,-4.533278,-0.8004541,6.285850819287274,0.09920603454902083
05/04/2023 16:19:34.133446,4631,True,True,True,True,Eyes,0.2381413,0.1340858,-1.907204,0.3220334,-0.2411644,0.9154967,0.0,0.0,0.0,0.0,0.0,0.0,0.0,-1.442176,-0.07181703,1.067304,0.3615866,0.1403674,-1.753202,0.08542444,0.3611602,-0.09848552,0.9233454,13.23177,41.90173,352.909,0.09555035,0.06635032,-0.9932106,0.0,0.0,0.0,1.594461,-0.3436756,-0.1296888,-0.1646208,-0.02667031,2.088603,0.7197279,-0.1201685,-0.6837772,0.2435761,0.9660065,0.08661442,0.650125,-0.2288906,0.7245321,moving,19.37973,-14.75786,-4.506657,-0.7315958,6.3123570105951785,0.10266027267190492
05/04/2023 16:19:34.153310,4632,True,True,True,True,Eyes,0.2436918,0.134266,-1.900244,0.3340619,-0.2404747,0.9113587,0.0,0.0,0.0,0.0,0.0,0.0,0.0,-1.462028,-0.08690189,1.034626,0.3689671,0.1403906,-1.749194,0.08417904,0.3694484,-0.101112,0.9198903,13.27248,42.91146,352.6909,0.0983592,0.06667713,-0.9929144,0.0,0.0,0.0,1.631575,-0.3420847,-0.148188,-0.1636028,-0.02402709,2.088741,0.7065685,-0.1238244,-0.696727,0.2482236,0.9653805,0.08015962,0.6626809,-0.2295823,0.7128437,moving,20.1306,-14.78139,-4.478609,-0.6590527,6.339295312110426,0.10629512920414314
05/04/2023 16:19:34.163353,4633,True,True,True,True,Eyes,0.2493655,0.1344181,-1.89347,0.3457553,-0.2394921,0.9072468,0.0,0.0,0.0,0.0,0.0,0.0,0.0,-1.480845,-0.1024083,1.002189,0.376212,0.1402579,-1.745441,0.08268768,0.3775886,-0.1036633,0.9164298,13.2876,43.90694,352.4688,0.101216,0.06700312,-0.9926053,0.0,0.0,0.0,1.667973,-0.3396509,-0.1670384,-0.1625464,-0.02128386,2.088885,0.6933615,-0.1275564,-0.7092103,0.2524441,0.9648333,0.07327075,0.6749237,-0.2298391,0.7011791,moving,20.86204,-14.78744,-4.4495,-0.5837724,6.36532150974464,0.10951880013375676
05/04/2023 16:19:34.183617,4634,True,True,True,True,Eyes,0.2551185,0.134534,-1.886821,0.3575025,-0.2385726,0.9029258,0.0,0.0,0.0,0.0,0.0,0.0,0.0,-1.49814,-0.1177776,0.9706976,0.3834153,0.1399061,-1.741829,0.08111137,0.3853139,-0.1061952,0.9130591,13.29448,44.854,352.2392,0.1041235,0.06732634,-0.9922826,0.0,0.0,0.0,1.702559,-0.3373258,-0.1853713,-0.1615719,-0.01875317,2.089017,0.6805116,-0.1314183,-0.7208559,0.2564316,0.9642871,0.06628199,0.6864014,-0.2299559,0.6899083,moving,21.60049,-14.80056,-4.422649,-0.5143321,6.391686509824527,0.11290517159183155
05/04/2023 16:19:34.203553,4635,True,True,True,True,Eyes,0.2609492,0.1346187,-1.88031,0.3688778,-0.237488,0.898626,0.0,0.0,0.0,0.0,0.0,0.0,0.0,-1.514739,-0.131779,0.9390953,0.3909134,0.1391458,-1.738253,0.07991575,0.3928347,-0.1087612,0.9096513,13.3466,45.77921,352.0197,0.1070815,0.06764477,-0.9919461,0.0,0.0,0.0,1.736308,-0.3369129,-0.204013,-0.1605372,-0.01606573,2.089158,0.6677037,-0.1350822,-0.7320687,0.2606569,0.963569,0.05994055,0.6973017,-0.2308413,0.6785887,moving,22.3177,-14.80362,-4.394144,-0.4405987,6.417169764780458,0.11601213592936865
05/04/2023 16:19:34.213448,4636,True,True,True,True,Eyes,0.2668609,0.1346841,-1.873928,0.3802557,-0.2365284,0.8941252,0.0,0.0,0.0,0.0,0.0,0.0,0.0,-1.530511,-0.1440528,0.9078928,0.3983358,0.1384895,-1.734829,0.07930859,0.4001302,-0.1112749,0.9062141,13.46139,46.68096,351.8298,0.1100898,0.06795679,-0.9915954,0.0,0.0,0.0,1.768634,-0.3386706,-0.2230775,-0.1594844,-0.01333184,2.089301,0.6550276,-0.1382102,-0.7428573,0.2651452,0.9626561,0.05469226,0.707557,-0.23279,0.6672121,moving,23.0392,-14.81739,-4.365141,-0.3655996,6.442941719140519,0.11933865719449638
05/04/2023 16:19:34.243105,4637,True,True,True,True,Eyes,0.272844,0.1347189,-1.867671,0.3912853,-0.2354312,0.8896448,0.0,0.0,0.0,0.0,0.0,0.0,0.0,-1.545527,-0.1540381,0.8774007,0.406029,0.1380084,-1.731562,0.07907707,0.4070285,-0.1131317,0.9029264,13.58556,47.543,351.7233,0.1131488,0.0682616,-0.9912301,0.0,0.0,0.0,1.799686,-0.3408897,-0.241809,-0.1584606,-0.01067389,2.089441,0.6430582,-0.1399259,-0.7529256,0.2686723,0.9618961,0.05070592,0.7171412,-0.2348971,0.6561493,moving,23.74095,-14.82269,-4.336937,-0.2926924,6.467905054024519,0.1224219938891985
05/04/2023 16:19:34.253679,4638,True,True,True,True,Eyes,0.2789176,0.1347122,-1.861549,0.4022899,-0.2344303,0.8849889,0.0,0.0,0.0,0.0,0.0,0.0,0.0,-1.559342,-0.1622692,0.8485955,0.4137571,0.1373818,-1.728561,0.0789041,0.4133279,-0.1144112,0.8999135,13.68551,48.33753,351.674,0.1162581,0.06855785,-0.9908497,0.0,0.0,0.0,1.82883,-0.3425241,-0.2593918,-0.1574244,-0.007983699,2.089582,0.6321402,-0.1406939,-0.7619737,0.271147,0.9613684,0.04743501,0.7258637,-0.2365924,0.6458684,moving,24.44515,-14.83668,-4.308396,-0.2189098,6.493066065250092,0.12567909408490086
05/04/2023 16:19:34.263248,4639,True,True,True,True,Eyes,0.2850643,0.1346604,-1.855545,0.4135365,-0.2334426,0.8800524,0.0,0.0,0.0,0.0,0.0,0.0,0.0,-1.572353,-0.1704576,0.8203048,0.4219372,0.1363644,-1.725579,0.07856141,0.4192786,-0.1156256,0.8970308,13.76279,49.09027,351.6195,0.1194178,0.06884366,-0.990454,0.0,0.0,0.0,1.857225,-0.3437202,-0.2761328,-0.1563824,-0.005277768,2.089723,0.6216724,-0.1415612,-0.7703791,0.2733177,0.9609177,0.04398537,0.7340443,-0.2379027,0.6360672,moving,25.16882,-14.85614,-4.279697,-0.1447049,6.518987525972493,0.12912179712816085
05/04/2023 16:19:34.283593,4640,True,True,True,True,Eyes,0.4409911,0.1321279,-1.708788,0.6734915,-0.1999243,0.7116456,0.0,0.0,0.0,0.0,0.0,0.0,0.0,-1.585432,-0.1797258,0.7910801,0.4300162,0.1352399,-1.722933,0.07808854,0.4255179,-0.1171367,0.8939327,13.84519,49.87961,351.5326,0.1226278,0.06911726,-0.9900427,0.0,0.0,0.0,1.886182,-0.3450791,-0.2944542,-0.1553211,-0.002521031,2.089868,0.610427,-0.1429685,-0.7790628,0.2758808,0.9603623,0.03992426,0.7424747,-0.2392993,0.6256734,moving,43.42217,-15.69177,-4.250466,-0.0691165,7.177206917292043,0.22243908829718884
05/04/2023 16:19:34.303341,4641,True,True,True,True,Eyes,0.4413203,0.1320787,-1.708684,0.6740122,-0.1999553,0.7111437,0.0,0.0,0.0,0.0,0.0,0.0,0.0,-1.597684,-0.1888868,0.762244,0.438288,0.1339417,-1.720247,0.07750402,0.4315033,-0.1185454,0.8909237,13.91049,50.63966,351.4482,0.1387749,0.06984649,-0.9878574,0.4677803,-0.00759767,0.4402717,1.9143,-0.3462167,-0.3121424,-0.1543457,1.15484e-05,2.09,0.5995039,-0.1443433,-0.7872485,0.2781162,0.9598802,0.03579493,0.7504975,-0.2404058,0.6155961,moving,43.46446,-15.70462,-4.223603,0.0003165907,7.1788710071807404,0.2228604399839263
05/04/2023 16:19:34.313586,4642,True,True,True,True,Eyes,0.4419845,0.1319702,-1.708491,0.6748256,-0.2000222,0.7103531,0.0,0.0,0.0,0.0,0.0,0.0,0.0,-1.60902,-0.1964085,0.734892,0.446537,0.132615,-1.717733,0.07712141,0.4369967,-0.1195818,0.8881365,13.97523,51.3426,351.4061,0.1521633,0.07044464,-0.9858414,0.4397135,-0.00714181,0.4138554,1.940794,-0.3473299,-0.3288307,-0.153307,0.00270848,2.090142,0.5894681,-0.1450063,-0.79467,0.2798135,0.959505,0.03247498,0.7577808,-0.2415024,0.6061724,moving,43.53078,-15.72623,-4.195,0.07424586,7.1814992530744455,0.223548625166343
05/04/2023 16:19:34.333582,4643,True,True,True,True,Eyes,0.4429586,0.131809,-1.708188,0.6759852,-0.2001034,0.7092268,0.0,0.0,0.0,0.0,0.0,0.0,0.0,-1.619673,-0.2026768,0.7087913,0.4551117,0.1310918,-1.715369,0.07681634,0.441998,-0.1203064,0.8855865,14.02855,51.98691,351.3939,0.1633259,0.07093515,-0.9840184,0.4133307,-0.006713301,0.3890241,1.965983,-0.348372,-0.3442838,-0.1522938,0.00533925,2.09028,0.5803283,-0.1451781,-0.8013379,0.2809888,0.9592513,0.02970465,0.7643719,-0.2424054,0.597474,moving,43.62531,-15.75604,-4.167099,0.1463516,7.18523281015591,0.2245108900773397
05/04/2023 16:19:34.353267,4644,True,True,True,True,Eyes,0.4442607,0.1315976,-1.707815,0.6773865,-0.2001984,0.7078617,0.0,0.0,0.0,0.0,0.0,0.0,0.0,-1.629841,-0.2082241,0.6835147,0.463928,0.1295495,-1.713161,0.07645781,0.4466705,-0.1207063,0.8832155,14.05713,52.59316,351.4084,0.1726927,0.07133607,-0.9823887,0.3885308,-0.006310503,0.3656827,1.990469,-0.3485853,-0.3589599,-0.1512644,0.00801231,2.09042,0.5718309,-0.1449165,-0.8074705,0.2815223,0.9591684,0.02722557,0.7705547,-0.2428894,0.5892794,moving,43.7397,-15.79203,-4.138753,0.2196063,7.189749701957356,0.22567376196502853
05/04/2023 16:19:34.363402,4645,True,True,True,True,Eyes,0.4458677,0.1313459,-1.707371,0.6790292,-0.2002401,0.7062742,0.0,0.0,0.0,0.0,0.0,0.0,0.0,-1.639863,-0.2144765,0.6579633,0.4728551,0.1280962,-1.71116,0.07602864,0.4513946,-0.1212667,0.8807706,14.08765,53.2061,351.4036,0.1806134,0.07166113,-0.9809397,0.365219,-0.005931873,0.3437417,2.015149,-0.3485464,-0.3742635,-0.1501557,0.01089125,2.09057,0.5630746,-0.1449784,-0.8135897,0.2822541,0.9590281,0.0244493,0.7767107,-0.2434058,0.5809251,moving,43.8733,-15.82889,-4.108227,0.2984914,7.194959190010969,0.22693466469946832
05/04/2023 16:19:34.383366,4646,True,True,True,True,Eyes,0.4477911,0.131047,-1.706873,0.680852,-0.2002353,0.7045186,0.0,0.0,0.0,0.0,0.0,0.0,0.0,-1.649145,-0.221276,0.6339438,0.4820727,0.1268589,-1.709397,0.07518586,0.4556439,-0.1215933,0.8786073,14.05919,53.7592,351.3944,0.1877991,0.07193525,-0.9795693,0.3433058,-0.005575961,0.3231172,2.038751,-0.346507,-0.3879775,-0.1491859,0.01341001,2.090702,0.5552076,-0.1451495,-0.8189481,0.2821814,0.9591243,0.02131126,0.7823798,-0.2429241,0.5734716,moving,44.0213,-15.86599,-4.081527,0.3674968,7.2006826016596825,0.22826130488838814
05/04/2023 16:19:34.403111,4647,True,True,True,True,Eyes,0.4500054,0.1307105,-1.706301,0.6828408,-0.2001017,0.7026292,0.0,0.0,0.0,0.0,0.0,0.0,0.0,-1.656979,-0.2292256,0.6122418,0.4914887,0.1253884,-1.707537,0.07378674,0.4591832,-0.1220476,0.8768185,13.97388,54.21701,351.3311,0.1943681,0.07216233,-0.9782704,0.3227075,-0.005241403,0.3037302,2.060729,-0.3424085,-0.3989181,-0.1481563,0.01608318,2.090842,0.5485103,-0.1462639,-0.8232517,0.2817905,0.9593198,0.01731076,0.7872298,-0.2414796,0.5674126,moving,44.18171,-15.89641,-4.053184,0.440722,7.206761139384827,0.2295151456827786
05/04/2023 16:19:34.423180,4648,True,True,True,True,Eyes,0.4525222,0.1303387,-1.705687,0.6849716,-0.1998893,0.7006127,0.0,0.0,0.0,0.0,0.0,0.0,0.0,-1.664833,-0.2389315,0.5899594,0.5010874,0.1239664,-1.705975,0.07211699,0.4628823,-0.1228846,0.8748935,13.88368,54.69255,351.2154,0.2003998,0.07234547,-0.9770391,0.303345,-0.004926919,0.2855063,2.083327,-0.3378434,-0.4108011,-0.1470762,0.01888802,2.09099,0.5412788,-0.1482585,-0.8276694,0.2817852,0.959397,0.01242719,0.7922212,-0.2399515,0.5610784,moving,44.35325,-15.92379,-4.023448,0.5175418,7.213195786612374,0.23075916609750308
05/04/2023 16:19:34.433649,4649,True,True,True,True,Eyes,0.4553306,0.1299432,-1.705037,0.6871743,-0.1995809,0.6985406,0.0,0.0,0.0,0.0,0.0,0.0,0.0,-1.672164,-0.2488976,0.5682014,0.5106744,0.1226835,-1.704434,0.07035334,0.4664187,-0.1237275,0.8730381,13.78387,55.14752,351.0908,0.2059653,0.07248738,-0.9758705,0.2851443,-0.004631304,0.268376,2.105284,-0.3329751,-0.4221715,-0.1460816,0.02147035,2.091125,0.5342903,-0.1504095,-0.8318117,0.2816659,0.9594838,0.007424639,0.7969933,-0.23826,0.5550081,moving,44.53005,-15.94524,-3.996071,0.5882564,7.219741460539315,0.2319140844334157
05/04/2023 16:19:34.453704,4650,True,True,True,True,Eyes,0.4584255,0.1295208,-1.704357,0.6894801,-0.1991803,0.6963796,0.0,0.0,0.0,0.0,0.0,0.0,0.0,-1.67754,-0.2604066,0.5487844,0.5199846,0.1219426,-1.702311,0.0683201,0.4693383,-0.1248959,0.8714672,13.66911,55.5183,350.9074,0.2111281,0.07259101,-0.9747589,0.2680357,-0.004353425,0.2522734,2.125172,-0.3268364,-0.4307063,-0.1450613,0.02411932,2.091264,0.5282452,-0.1535549,-0.8350917,0.2818159,0.9594668,0.00184056,0.80096,-0.2363143,0.5501079,moving,44.71476,-15.96173,-3.967988,0.6607844,7.2265045375913814,0.2330094011634688
05/04/2023 16:19:34.463305,4651,True,True,True,True,Eyes,0.4617667,0.1290963,-1.703606,0.6919054,-0.1987296,0.6940989,0.0,0.0,0.0,0.0,0.0,0.0,0.0,-1.683992,-0.2707201,0.5286176,0.5298256,0.1207734,-1.700957,0.06629407,0.4723687,-0.1256842,0.8698716,13.537,55.9084,350.7649,0.2159449,0.07265877,-0.9736981,0.2519535,-0.00409222,0.237137,2.146093,-0.3204628,-0.4406212,-0.1439795,0.02692961,2.091411,0.5221426,-0.1560277,-0.8384644,0.2812886,0.9596171,-0.003403904,0.8051359,-0.2340732,0.5449458,moving,44.90932,-15.97711,-3.938214,0.7377163,7.233602912767141,0.23412573353659516
05/04/2023 16:19:34.483423,4652,True,True,True,True,Eyes,0.4653791,0.128655,-1.702832,0.6944116,-0.1981821,0.6917489,0.0,0.0,0.0,0.0,0.0,0.0,0.0,-1.689705,-0.2827743,0.5095439,0.5399393,0.1199834,-1.699637,0.06409215,0.4750832,-0.1269061,0.8683796,13.40864,56.25351,350.5622,0.2204643,0.07269435,-0.9726822,0.2368363,-0.003846687,0.2229088,2.16609,-0.3139731,-0.4493631,-0.1430131,0.02943922,2.091542,0.5163816,-0.1595072,-0.8413724,0.2813035,0.959574,-0.009269286,0.8088377,-0.2318945,0.5403763,moving,45.11006,-15.9867,-3.911618,0.8064057,7.240846737588736,0.23515950709207145
05/04/2023 16:19:34.503581,4653,True,True,True,True,Eyes,0.4692306,0.1282219,-1.702001,0.6969689,-0.1975897,0.6893423,0.0,0.0,0.0,0.0,0.0,0.0,0.0,-1.694724,-0.2951812,0.4914417,0.549915,0.1190458,-1.698281,0.06160646,0.4775333,-0.1281348,0.867034,13.2504,56.56421,350.3387,0.2247313,0.07269996,-0.9717047,0.2226261,-0.003615885,0.2095343,2.185437,-0.3063466,-0.4571368,-0.1419715,0.03214378,2.091684,0.5110868,-0.1633562,-0.8438631,0.2810328,0.9595722,-0.01554748,0.8122873,-0.2292071,0.5363332,moving,45.3152,-15.99416,-3.882953,0.880419,7.248219512035359,0.23617195087794868
05/04/2023 16:19:34.513826,4654,True,True,True,True,Eyes,0.4733422,0.12784,-1.701156,0.6995515,-0.1969291,0.6869109,0.0,0.0,0.0,0.0,0.0,0.0,0.0,-1.699855,-0.3073388,0.4731151,0.5600386,0.1184832,-1.697091,0.0593478,0.48002,-0.1293326,0.8656396,13.11534,56.88172,350.1304,0.2287847,0.07267919,-0.9707599,0.2092686,-0.003398932,0.1969622,2.204855,-0.299213,-0.4654587,-0.1409293,0.03484964,2.091825,0.5057078,-0.1669346,-0.8463997,0.2808871,0.9595018,-0.02141688,0.8156973,-0.2269121,0.5321174,moving,45.52236,-15.99696,-3.854275,0.9544546,7.25560455541423,0.23710538898031303
05/04/2023 16:19:34.533688,4655,True,True,True,True,Eyes,0.4776901,0.1275253,-1.700287,0.7021253,-0.1962058,0.6844877,0.0,0.0,0.0,0.0,0.0,0.0,0.0,-1.704179,-0.3200083,0.4568583,0.5703382,0.1189784,-1.69585,0.05735143,0.4819765,-0.1306861,0.8644828,13.01075,57.12879,349.9118,0.2326599,0.0726374,-0.9698417,0.1967125,-0.003194996,0.1851445,2.222665,-0.2921623,-0.4718927,-0.1399166,0.0374788,2.091964,0.5012395,-0.1706677,-0.848311,0.2812359,0.9592639,-0.02681665,0.8183308,-0.2251339,0.5288188,moving,45.72876,-15.99475,-3.826409,1.026379,7.262898781536742,0.23794142237434868
05/04/2023 16:19:34.553442,4656,True,True,True,True,Eyes,0.4822794,0.1271975,-1.699411,0.7047431,-0.1953201,0.6820464,0.0,0.0,0.0,0.0,0.0,0.0,0.0,-1.708109,-0.3336436,0.442331,0.5805703,0.120475,-1.695002,0.05446374,0.48354,-0.1313078,0.8637021,12.77165,57.32991,349.7136,0.2363875,0.07258037,-0.9689441,0.1849097,-0.003003296,0.1740358,2.240174,-0.2793236,-0.4769419,-0.1388969,0.04012676,2.092102,0.4978947,-0.1741507,-0.8495719,0.2794923,0.9595839,-0.03290421,0.8209659,-0.221066,0.5264456,moving,45.93764,-15.98031,-3.798353,1.098805,7.270125112446155,0.23855811208982136
05/04/2023 16:19:34.563209,4657,True,True,True,True,Eyes,0.4870843,0.1268731,-1.698493,0.707378,-0.1944901,0.6795512,0.0,0.0,0.0,0.0,0.0,0.0,0.0,-1.712914,-0.343442,0.4252128,0.5908208,0.120085,-1.693913,0.05171102,0.4855405,-0.1312157,0.8627625,12.51233,57.59637,349.6019,0.2399946,0.07250868,-0.9680623,0.1738151,-0.002823099,0.1635936,2.25911,-0.2677185,-0.4836423,-0.137828,0.04290286,2.092247,0.4940658,-0.1762004,-0.8513827,0.2766315,0.9602168,-0.03819242,0.8242415,-0.2166497,0.5231528,moving,46.14941,-15.97132,-3.768946,1.174722,7.2775234340317105,0.23928953359415306
05/04/2023 16:19:34.583631,4658,True,True,True,True,Eyes,0.4921061,0.1266097,-1.697572,0.710004,-0.193588,0.6770657,0.0,0.0,0.0,0.0,0.0,0.0,0.0,-1.717783,-0.3516775,0.4077052,0.6011206,0.1194114,-1.692653,0.04941024,0.4875646,-0.1310709,0.8617771,12.2966,57.86736,349.5196,0.2435053,0.07242394,-0.9671916,0.1633862,-0.002653713,0.153778,2.277728,-0.258194,-0.4904644,-0.1368359,0.04547944,2.092382,0.4902024,-0.1777265,-0.8532965,0.2740892,0.9607581,-0.04264987,0.8273916,-0.2129723,0.5196788,moving,46.36032,-15.9564,-3.741654,1.245169,7.284815664829724,0.23990583190280357
05/04/2023 16:19:34.603329,4659,True,True,True,True,Eyes,0.4972616,0.1264496,-1.6965,0.7141984,-0.1933585,0.6727058,0.0,0.0,0.0,0.0,0.0,0.0,0.0,-1.723177,-0.3538522,0.3936093,0.6112497,0.120583,-1.691541,0.04859427,0.4887933,-0.1294781,0.8613681,12.13941,58.04355,349.6555,0.2469405,0.07233068,-0.9663273,0.153583,-0.00249449,0.1445514,2.293619,-0.2493075,-0.4947839,-0.1358078,0.04814906,2.092523,0.488633,-0.1755514,-0.8546458,0.2705617,0.9617481,-0.0428609,0.8294783,-0.2102911,0.5174394,moving,46.71363,-16.03645,-3.713373,1.318146,7.298370219754711,0.24291274675101537
05/04/2023 16:19:34.614365,4660,True,True,True,True,Eyes,0.6318439,0.1242338,-1.669635,0.8086605,-0.180903,0.5597699,0.0,0.0,0.0,0.0,0.0,0.0,0.0,-1.728594,-0.3551896,0.3799869,0.6216074,0.1222021,-1.690343,0.04748115,0.4898044,-0.1272016,0.8611951,11.91081,58.19559,349.8413,0.2503164,0.07223594,-0.9654653,0.1443681,-0.00234482,0.1358783,2.309567,-0.2374128,-0.4980857,-0.1347436,0.05091168,2.092668,0.4878229,-0.1725778,-0.8557137,0.2656037,0.9631306,-0.04282673,0.8315549,-0.2063888,0.5156744,moving,55.30829,-17.90948,-3.6841,1.393651,7.627153214163861,0.31466314247295724
05/04/2023 16:19:34.633539,4661,True,True,True,True,Eyes,0.632335,0.1242982,-1.66967,0.8087294,-0.1808271,0.5596949,0.0,0.0,0.0,0.0,0.0,0.0,0.0,-1.735223,-0.3492485,0.3684629,0.6324505,0.1239897,-1.689193,0.04687067,0.4900587,-0.1227183,0.8617342,11.59886,58.26218,350.2695,0.2624629,0.07197789,-0.9622536,0.5394531,-0.008851428,0.2083224,2.324258,-0.2229794,-0.4984055,-0.1337427,0.05351078,2.092803,0.4895653,-0.1655624,-0.8561044,0.2574399,0.9654868,-0.03949823,0.8330969,-0.2010585,0.5152912,moving,55.31417,-17.90469,-3.656573,1.464674,7.627300766295443,0.31459810518178033
05/04/2023 16:19:34.653597,4662,True,True,True,True,Eyes,0.6332432,0.1244167,-1.669659,0.8089112,-0.1805376,0.5595255,0.0,0.0,0.0,0.0,0.0,0.0,0.0,-1.741879,-0.3461572,0.3539546,0.6434898,0.1260592,-1.687982,0.04569344,0.4910223,-0.1186349,0.8618208,11.26014,58.41928,350.6338,0.2725457,0.0717465,-0.9594638,0.5070859,-0.008320342,0.195823,2.341192,-0.2070477,-0.5013749,-0.1327052,0.05620525,2.092945,0.4896457,-0.1596111,-0.8571882,0.2493571,0.9676757,-0.03774568,0.8355047,-0.1952639,0.5136185,moving,55.32831,-17.88291,-3.628037,1.538287,7.62752481003915,0.3142488256513579
05/04/2023 16:19:34.663151,4663,True,True,True,True,Eyes,0.6345377,0.1245768,-1.669566,0.8092322,-0.1803569,0.5591195,0.0,0.0,0.0,0.0,0.0,0.0,0.0,-1.748559,-0.3438458,0.3381591,0.6543522,0.1277013,-1.686878,0.04434847,0.4923348,-0.1148808,0.8616508,10.92626,58.61951,350.9582,0.2809696,0.07154375,-0.957046,0.4766608,-0.007821121,0.1840736,2.358828,-0.1914665,-0.5058853,-0.1316095,0.05905128,2.093093,0.4888177,-0.1543056,-0.8586309,0.2416428,0.9696712,-0.03669382,0.8382517,-0.1895454,0.5112793,moving,55.3584,-17.87831,-3.597907,1.616025,7.628533675050788,0.31429029628077776
05/04/2023 16:19:34.683553,4664,True,True,True,True,Eyes,0.6362035,0.1247661,-1.669418,0.809631,-0.1801766,0.5586001,0.0,0.0,0.0,0.0,0.0,0.0,0.0,-1.75522,-0.3411584,0.3203817,0.6651703,0.1287442,-1.685468,0.04361024,0.4941146,-0.1117104,0.8610864,10.69027,58.87757,351.2615,0.2883965,0.07136647,-0.9548475,0.4480611,-0.007351854,0.1730292,2.376885,-0.1803108,-0.512032,-0.1306664,0.06149924,2.093222,0.4867431,-0.1492876,-0.8606942,0.2354814,0.9712378,-0.03529105,0.8412073,-0.1854998,0.5078978,moving,55.3965,-17.87712,-3.571971,1.682876,7.629870170692335,0.31442992197375197
05/04/2023 16:19:34.703073,4665,True,True,True,True,Eyes,0.6382234,0.1249698,-1.669213,0.8101155,-0.180368,0.5578353,0.0,0.0,0.0,0.0,0.0,0.0,0.0,-1.761242,-0.33905,0.3033568,0.6757159,0.1295885,-1.683914,0.04442468,0.4958724,-0.1101659,0.8602329,10.70122,59.12284,351.4859,0.2951516,0.07121243,-0.9527926,0.4211774,-0.006910743,0.1626475,2.393393,-0.1778998,-0.518527,-0.1296361,0.06417476,2.093362,0.4839482,-0.1454787,-0.8629196,0.2335945,0.9717799,-0.03282529,0.8433433,-0.1856875,0.5042741,moving,55.4492,-17.91787,-3.543643,1.755927,7.6322591726138755,0.31541997336261907
05/04/2023 16:19:34.723673,4666,True,True,True,True,Eyes,0.6405782,0.1251934,-1.66895,0.8106291,-0.1806426,0.5569998,0.0,0.0,0.0,0.0,0.0,0.0,0.0,-1.767328,-0.3352908,0.2871554,0.6861938,0.130268,-1.682408,0.04595471,0.4974523,-0.108706,0.8594255,10.78601,59.34506,351.7399,0.3013228,0.07108048,-0.9508689,0.3959068,-0.006496098,0.1528886,2.408969,-0.1783376,-0.5245731,-0.1285897,0.06689151,2.093505,0.4814484,-0.1411289,-0.8650376,0.23257,0.9721423,-0.0291628,0.8450554,-0.1871414,0.5008587,moving,55.50625,-17.96859,-3.514874,1.830088,7.634929570872497,0.3166159269552167
05/04/2023 16:19:34.733534,4667,True,True,True,True,Eyes,0.6432583,0.1254234,-1.668649,0.8111975,-0.1811747,0.5559985,0.0,0.0,0.0,0.0,0.0,0.0,0.0,-1.772769,-0.3318595,0.2728388,0.6965498,0.131052,-1.680752,0.04770807,0.4986019,-0.1075829,0.8588049,10.90762,59.50872,351.9675,0.3069875,0.07096975,-0.9490635,0.3721524,-0.006106332,0.1437153,2.423092,-0.1798842,-0.528859,-0.12752,0.06966951,2.09365,0.479644,-0.1372108,-0.8666688,0.2323602,0.9722997,-0.02533826,0.8461384,-0.1892259,0.4982401,moving,55.57308,-18.04844,-3.485464,1.905905,7.638318207799194,0.31840102200340403
05/04/2023 16:19:34.753361,4668,True,True,True,True,Eyes,0.646247,0.1256395,-1.668294,0.8118066,-0.181759,0.5549178,0.0,0.0,0.0,0.0,0.0,0.0,0.0,-1.778284,-0.328066,0.2589176,0.7068529,0.1315907,-1.679286,0.04922463,0.499649,-0.1062467,0.8582771,10.99182,59.66052,352.2022,0.3122144,0.07087858,-0.9473637,0.3498232,-0.005739952,0.1350924,2.437001,-0.1804552,-0.5328148,-0.1265042,0.07230832,2.093788,0.4781249,-0.1331881,-0.8681346,0.2315682,0.9725772,-0.02167536,0.8472148,-0.1906689,0.4958556,moving,55.64509,-18.13581,-3.45754,1.977906,7.6419864602606795,0.3203494954380286
05/04/2023 16:19:34.763384,4669,True,True,True,True,Eyes,0.649532,0.1258188,-1.667896,0.8125262,-0.1824976,0.5536206,0.0,0.0,0.0,0.0,0.0,0.0,0.0,-1.78384,-0.3236383,0.2433427,0.7172002,0.1315533,-1.677605,0.0508389,0.5010259,-0.1049085,0.8575447,11.08803,59.8576,352.4473,0.3170645,0.0708043,-0.945757,0.3288338,-0.005395555,0.1269868,2.45171,-0.1821534,-0.5379018,-0.125532,0.07483219,2.093921,0.4759346,-0.1289842,-0.8699709,0.2308706,0.9728193,-0.01793048,0.8486372,-0.192317,0.4927771,moving,55.73116,-18.24449,-3.430816,2.046755,7.6464251219157084,0.3227583150042994
05/04/2023 16:19:34.783603,4670,True,True,True,True,Eyes,0.6530902,0.1259765,-1.66744,0.8132889,-0.1832753,0.5522422,0.0,0.0,0.0,0.0,0.0,0.0,0.0,-1.789261,-0.3191269,0.2268306,0.7273558,0.1309953,-1.675871,0.05229331,0.5026224,-0.1035787,0.8566841,11.16994,60.08467,352.6857,0.3215913,0.07074316,-0.9442319,0.3091038,-0.005071822,0.1193676,2.466927,-0.1837067,-0.5438589,-0.1245067,0.07749415,2.09406,0.4732845,-0.1249009,-0.8720101,0.230036,0.9730737,-0.01452424,0.8503442,-0.1937196,0.4892724,moving,55.82258,-18.3597,-3.402634,2.119358,7.651136812102014,0.32531262666510585
05/04/2023 16:19:34.803522,4671,True,True,True,True,Eyes,0.6569237,0.126128,-1.666939,0.8141468,-0.1840984,0.5507021,0.0,0.0,0.0,0.0,0.0,0.0,0.0,-1.794265,-0.3154061,0.2105645,0.7374517,0.1306131,-1.674011,0.05371648,0.5041675,-0.1024533,0.855823,11.25938,60.30426,352.9014,0.3258426,0.07069265,-0.9427771,0.2905576,-0.004767513,0.1122056,2.48189,-0.1852982,-0.5495192,-0.1234787,0.08016297,2.0942,0.4706369,-0.1211996,-0.8739632,0.229528,0.9732357,-0.01136367,0.8519495,-0.1952509,0.4858593,moving,55.92495,-18.48466,-3.374379,2.19213,7.656361240924885,0.32809676716271163
05/04/2023 16:19:34.814105,4672,True,True,True,True,Eyes,0.6610156,0.1262849,-1.666377,0.8150778,-0.1848748,0.5490624,0.0,0.0,0.0,0.0,0.0,0.0,0.0,-1.799144,-0.3128648,0.1939558,0.7476118,0.1307072,-1.672248,0.05468043,0.5057897,-0.1012192,0.8549513,11.29669,60.53421,353.1028,0.3298601,0.07065126,-0.9413821,0.2731241,-0.004481462,0.1054732,2.497365,-0.1844589,-0.5554849,-0.1224367,0.08286867,2.094342,0.467863,-0.1177614,-0.8759204,0.2283886,0.9735294,-0.008893086,0.8537815,-0.1958895,0.4823737,moving,56.03453,-18.6089,-3.345743,2.26589,7.661832280092599,0.3308980293657312
05/04/2023 16:19:34.833661,4673,True,True,True,True,Eyes,0.6653619,0.126444,-1.665779,0.8161584,-0.1851852,0.5473499,0.0,0.0,0.0,0.0,0.0,0.0,0.0,-1.803774,-0.3110627,0.1750917,0.7578728,0.1311456,-1.670164,0.05508305,0.5078643,-0.09965066,0.8538792,11.26146,60.82589,353.3114,0.333681,0.07061835,-0.940037,0.2567367,-0.004212575,0.09914485,2.514427,-0.1806687,-0.5628219,-0.1214001,0.08556101,2.094483,0.4642873,-0.1142298,-0.8782875,0.2261287,0.9740713,-0.007149481,0.8563313,-0.1952865,0.4780795,moving,56.15255,-18.69225,-3.317257,2.33927,7.667081579235358,0.33296656464959007
05/04/2023 16:19:34.853692,4674,True,True,True,True,Eyes,0.6699381,0.1266022,-1.665114,0.8172983,-0.1855392,0.5455261,0.0,0.0,0.0,0.0,0.0,0.0,0.0,-1.808112,-0.3095968,0.1563243,0.767938,0.1314369,-1.668098,0.05557933,0.5099583,-0.09833898,0.8527502,11.24987,61.11932,353.4998,0.337338,0.07059301,-0.9387329,0.2413325,-0.00395982,0.09319615,2.531229,-0.1777311,-0.5703822,-0.1203203,0.08836513,2.09463,0.460544,-0.1110309,-0.8806653,0.2244034,0.9744808,-0.00550698,0.8588027,-0.1950881,0.473707,moving,56.27788,-18.78371,-3.287588,2.415677,7.672693579157659,0.335218624961129
05/04/2023 16:19:34.863301,4675,True,True,True,True,Eyes,0.6746837,0.1267911,-1.664299,0.8190094,-0.1837407,0.5435651,0.0,0.0,0.0,0.0,0.0,0.0,0.0,-1.812072,-0.3085485,0.1375463,0.7779878,0.131614,-1.665875,0.05648468,0.5120625,-0.09749961,0.8515252,11.30595,61.41328,353.665,0.3408596,0.07057437,-0.9374612,0.2268525,-0.003722231,0.08760438,2.54759,-0.1774799,-0.5779743,-0.1193128,0.09098169,2.094766,0.4565714,-0.1081993,-0.8830828,0.2238941,0.9746066,-0.003655543,0.8610539,-0.196048,0.4692028,moving,56.42833,-18.67674,-3.259906,2.486957,7.6766676645965894,0.33384758802128645
05/04/2023 16:19:34.883334,4676,True,True,True,True,Eyes,0.6796278,0.1269912,-1.663424,0.8207291,-0.1822381,0.5414729,0.0,0.0,0.0,0.0,0.0,0.0,0.0,-1.815471,-0.3097263,0.118733,0.7876993,0.1318411,-1.663764,0.05785048,0.5143297,-0.09769948,0.8500431,11.46973,61.72549,353.7561,0.3442702,0.0705638,-0.9362149,0.2132414,-0.003498897,0.08234812,2.563478,-0.1809281,-0.5866536,-0.1183013,0.09360712,2.094905,0.4518396,-0.1065891,-0.8857087,0.225606,0.9742163,-0.002148686,0.8631008,-0.1988503,0.4642366,moving,56.58532,-18.60117,-3.232116,2.558459,7.681273976436259,0.3330945860037504
05/04/2023 16:19:34.903602,4677,True,True,True,True,Eyes,0.6847712,0.1272006,-1.662504,0.8224591,-0.180949,0.5392759,0.0,0.0,0.0,0.0,0.0,0.0,0.0,-1.818298,-0.3118876,0.09961247,0.7973368,0.132416,-1.661362,0.06066068,0.5167592,-0.0990401,0.8482167,11.8451,62.0606,353.8223,0.3475913,0.07056102,-0.9349871,0.2004469,-0.003288963,0.07740723,2.578637,-0.1916269,-0.596377,-0.1172865,0.096243,2.095043,0.4463019,-0.105321,-0.8886631,0.2307088,0.9730226,0.00054702,0.8646318,-0.2052666,0.4585604,moving,56.74766,-18.54869,-3.204237,2.630229,7.686364382284102,0.3327983555834265
05/04/2023 16:19:34.913766,4678,True,True,True,True,Eyes,0.6900902,0.1274054,-1.661526,0.8242069,-0.1799778,0.5369273,0.0,0.0,0.0,0.0,0.0,0.0,0.0,-1.821478,-0.3120665,0.08027148,0.8070368,0.133037,-1.659098,0.06321745,0.5191627,-0.099489,0.8465078,12.1417,62.39901,353.9643,0.3508415,0.07056563,-0.933772,0.1884201,-0.003091625,0.07276279,2.594157,-0.199432,-0.6061072,-0.1162181,0.09901682,2.095188,0.441144,-0.1027962,-0.8915295,0.2340767,0.972211,0.003726161,0.8663718,-0.2103301,0.4529473,moving,56.91788,-18.53113,-3.174891,2.705737,7.6921794174881875,0.33319202321088504
05/04/2023 16:19:34.943375,4679,True,True,True,True,Eyes,0.6955834,0.1275983,-1.660502,0.8259823,-0.1791804,0.5344602,0.0,0.0,0.0,0.0,0.0,0.0,0.0,-1.824694,-0.3098215,0.05967033,0.8165477,0.1332411,-1.65667,0.06673172,0.5218419,-0.09982623,0.8445489,12.52722,62.78416,354.1812,0.3540372,0.07057656,-0.9325641,0.1771149,-0.002906128,0.06839703,2.609576,-0.2111596,-0.617239,-0.1152202,0.1016089,2.095324,0.4354316,-0.09896942,-0.894765,0.238263,0.9711632,0.008529378,0.8681187,-0.2169034,0.4464559,moving,57.0947,-18.53398,-3.147482,2.776281,7.698488734652887,0.3339974010547587
05/04/2023 16:19:34.953721,4680,True,True,True,True,Eyes,0.7012368,0.127784,-1.659421,0.8277801,-0.1786177,0.5318606,0.0,0.0,0.0,0.0,0.0,0.0,0.0,-1.828157,-0.3048917,0.03832912,0.8258928,0.1333225,-1.654301,0.07049932,0.5246445,-0.09942733,0.8425511,12.89274,63.19701,354.4916,0.3571925,0.07059238,-0.9313589,0.166488,-0.00273176,0.06429321,2.625189,-0.2223623,-0.6291642,-0.1141903,0.1042824,2.095464,0.4297248,-0.09357106,-0.8980986,0.2415194,0.9702881,0.01447055,0.8700605,-0.2231265,0.439556,moving,57.27868,-18.56388,-3.119192,2.849019,7.705396830856545,0.3353416826864909
05/04/2023 16:19:34.963549,4681,True,True,True,True,Eyes,0.8462154,0.1323913,-1.6308,0.8704629,-0.1635088,0.4642836,0.0,0.0,0.0,0.0,0.0,0.0,0.0,-1.831306,-0.2999888,0.0176242,0.8352448,0.133365,-1.651837,0.07375255,0.5272369,-0.09870945,0.8407368,13.18521,63.58357,354.8021,0.3603194,0.07061213,-0.9301522,0.1564987,-0.002567855,0.06043561,2.640788,-0.2305382,-0.6401343,-0.1129884,0.1074033,2.095628,0.4245555,-0.0882072,-0.901095,0.2437475,0.969634,0.01992645,0.8719748,-0.2280995,0.4331637,moving,61.92563,-19.40096,-3.086186,2.933907,7.880924347879254,0.37083431382945575
05/04/2023 16:19:34.983286,4682,True,True,True,True,Eyes,0.8466009,0.1323942,-1.630695,0.8705791,-0.1635488,0.4640517,0.0,0.0,0.0,0.0,0.0,0.0,0.0,-1.834237,-0.2952581,-0.002932608,0.8445675,0.133617,-1.649383,0.07645782,0.5297645,-0.0976204,0.8390316,13.3991,63.9627,355.117,0.3725076,0.07079605,-0.9253244,0.5820445,0.01140813,0.1426741,2.656121,-0.2365302,-0.65039,-0.1121469,0.1095886,2.095742,0.4196395,-0.08280392,-0.9039061,0.2448225,0.969249,0.02486939,0.8740507,-0.2317327,0.4270074,moving,61.94069,-19.41433,-3.063078,2.99333,7.881629034517838,0.37114966303052754
05/04/2023 16:19:35.003434,4683,True,True,True,True,Eyes,0.8473669,0.1323876,-1.630509,0.8707806,-0.1633572,0.4637409,0.0,0.0,0.0,0.0,0.0,0.0,0.0,-1.836663,-0.2919278,-0.02470261,0.8540966,0.1337712,-1.64675,0.07775594,0.5324657,-0.09609208,0.8373773,13.44746,64.3589,355.3926,0.3825897,0.07094365,-0.9211903,0.5471219,0.01072364,0.1341137,2.673066,-0.2361559,-0.6607674,-0.1111321,0.1122247,2.09588,0.4144932,-0.07812592,-0.9066929,0.2437354,0.9694407,0.02789064,0.8768059,-0.2325536,0.4208686,moving,61.96212,-19.4053,-3.035213,3.064996,7.882274208625946,0.3710710419028337
05/04/2023 16:19:35.013516,4684,True,True,True,True,Eyes,0.8484914,0.1323711,-1.63022,0.8711236,-0.1631247,0.4631782,0.0,0.0,0.0,0.0,0.0,0.0,0.0,-1.838818,-0.288944,-0.04770499,0.8636571,0.1336135,-1.64416,0.07878407,0.5354203,-0.09456682,0.8355688,13.46934,64.78905,355.6555,0.3909771,0.07106287,-0.9176527,0.5142946,0.01008022,0.1260669,2.690746,-0.234994,-0.6722896,-0.1100693,0.1149843,2.096025,0.4087644,-0.07366897,-0.9096618,0.2423993,0.9697003,0.03039303,0.8798603,-0.232925,0.4142364,moving,62.00033,-19.40153,-3.006034,3.14,7.883581723316468,0.37116263885136325
05/04/2023 16:19:35.033546,4685,True,True,True,True,Eyes,0.8499686,0.1323318,-1.629847,0.8715549,-0.1625996,0.4625512,0.0,0.0,0.0,0.0,0.0,0.0,0.0,-1.84062,-0.2852931,-0.07213169,0.8732585,0.1334222,-1.64137,0.079143,0.5386107,-0.09241846,0.8337228,13.38668,65.25096,355.9417,0.3980396,0.07115963,-0.9146039,0.4834369,0.009475411,0.1185028,2.709375,-0.2302981,-0.684298,-0.1090779,0.1175573,2.096159,0.4027148,-0.06884824,-0.9127325,0.2393573,0.9703905,0.03241151,0.8834754,-0.2315218,0.4072699,moving,62.04424,-19.368,-2.978816,3.209913,7.884712149199816,0.3707190703084501
05/04/2023 16:19:35.053536,4686,True,True,True,True,Eyes,0.8517709,0.1322497,-1.629374,0.8720988,-0.162089,0.4617042,0.0,0.0,0.0,0.0,0.0,0.0,0.0,-1.842417,-0.2798529,-0.09624165,0.8828952,0.1329013,-1.638571,0.07968478,0.5416594,-0.08995612,0.8319636,13.29947,65.69787,356.2673,0.4044493,0.07123998,-0.9117813,0.4544307,0.008906886,0.1113927,2.72767,-0.2257401,-0.6958207,-0.1080528,0.1202194,2.096299,0.3970261,-0.0633564,-0.915618,0.2360044,0.9711165,0.03513852,0.8869455,-0.2300408,0.400511,moving,62.10249,-19.34447,-2.950674,3.282226,7.886478766153622,0.37052444352806446
05/04/2023 16:19:35.063395,4687,True,True,True,True,Eyes,0.8539027,0.1321357,-1.628825,0.872681,-0.1614302,0.4608343,0.0,0.0,0.0,0.0,0.0,0.0,0.0,-1.843973,-0.2732581,-0.1196988,0.892392,0.1318775,-1.635689,0.08078513,0.5445475,-0.0876513,0.8302163,13.27346,66.12799,356.6098,0.4102912,0.07130367,-0.9091625,0.4271648,0.008372473,0.1047091,2.745057,-0.2239103,-0.7068962,-0.1070268,0.122884,2.096438,0.3915706,-0.05755638,-0.9183462,0.2335217,0.9715821,0.03867766,0.8900225,-0.2295988,0.3938836,moving,62.16293,-19.30535,-2.922512,3.354589,7.888124374768029,0.37004608188237276
05/04/2023 16:19:35.083528,4688,True,True,True,True,Eyes,0.8563447,0.131988,-1.62818,0.8733749,-0.1608223,0.459731,0.0,0.0,0.0,0.0,0.0,0.0,0.0,-1.845252,-0.2679687,-0.1431144,0.9021289,0.1310833,-1.632858,0.0822008,0.5474204,-0.08584554,0.8283746,13.30727,66.55743,356.9235,0.4156404,0.07135081,-0.9067258,0.4015349,0.007870125,0.09842657,2.76232,-0.2238091,-0.7182875,-0.1059405,0.1257042,2.096586,0.3859228,-0.05222774,-0.9210515,0.2322213,0.9717472,0.04219887,0.8928252,-0.2301733,0.3871478,moving,62.23838,-19.28078,-2.892696,3.431153,7.890487935875121,0.36990503739120173
05/04/2023 16:19:35.103475,4689,True,True,True,True,Eyes,0.859093,0.1318013,-1.627462,0.8740924,-0.1600786,0.4586255,0.0,0.0,0.0,0.0,0.0,0.0,0.0,-1.846128,-0.2624111,-0.1674821,0.9118865,0.130162,-1.629914,0.0836244,0.5504687,-0.08396832,0.8264022,13.33585,67.0136,357.248,0.4205636,0.07138143,-0.9044503,0.3774428,0.007397917,0.09252098,2.779808,-0.223912,-0.7303594,-0.10496,0.1282511,2.09672,0.379867,-0.04671797,-0.9238606,0.2308484,0.9719126,0.04577088,0.8957734,-0.2306586,0.3799823,moving,62.31456,-19.24103,-2.865785,3.50028,7.892683918295952,0.3694817571819423
05/04/2023 16:19:35.113789,4690,True,True,True,True,Eyes,0.8621315,0.1315462,-1.626645,0.8749186,-0.1593135,0.4573148,0.0,0.0,0.0,0.0,0.0,0.0,0.0,-1.846543,-0.2576185,-0.1920949,0.9216807,0.1291568,-1.626902,0.08428364,0.5535429,-0.08194617,0.8244826,13.27954,67.46671,357.5375,0.4251202,0.0713951,-0.9023165,0.3547963,0.006954042,0.08696973,2.797749,-0.2208137,-0.7422202,-0.1039178,0.1309571,2.096862,0.3737504,-0.04181718,-0.9265862,0.2284356,0.9723622,0.04825937,0.8989593,-0.2297022,0.3729733,moving,62.40419,-19.20667,-2.837186,3.5737,7.8954257607580445,0.36921698011930604
05/04/2023 16:19:35.133573,4691,True,True,True,True,Eyes,0.8654609,0.1312157,-1.625758,0.8757459,-0.1584407,0.4560326,0.0,0.0,0.0,0.0,0.0,0.0,0.0,-1.846425,-0.2535,-0.2165041,0.9315698,0.1273029,-1.623697,0.08446539,0.5565116,-0.08015632,0.8226393,13.19024,67.89859,357.771,0.4293625,0.07138989,-0.9003059,0.3335085,0.006536799,0.08175154,2.815564,-0.2173219,-0.7532665,-0.1028978,0.133606,2.097001,0.3677395,-0.03786753,-0.9291576,0.2258914,0.9728811,0.04975326,0.9020758,-0.228185,0.3663208,moving,62.49237,-19.1589,-2.809194,3.645552,7.897945244833002,0.3686939691950599
05/04/2023 16:19:35.153385,4692,True,True,True,True,Eyes,0.8690642,0.1308109,-1.624778,0.8766766,-0.1575625,0.4545461,0.0,0.0,0.0,0.0,0.0,0.0,0.0,-1.846057,-0.2498164,-0.2407384,0.9414826,0.1253219,-1.620554,0.08463462,0.5594438,-0.0785508,0.8207859,13.11012,68.32472,357.9847,0.4333371,0.07136356,-0.8984018,0.313498,0.006144592,0.07684645,2.833208,-0.2141496,-0.7643319,-0.1018381,0.1363581,2.097145,0.3617047,-0.03425014,-0.9316635,0.2236434,0.9733335,0.05104428,0.905071,-0.2268233,0.3597191,moving,62.59381,-19.11821,-2.780119,3.720183,7.901025388268328,0.36836042062300123
05/04/2023 16:19:35.163473,4693,True,True,True,True,Eyes,0.8729274,0.1303532,-1.623691,0.8776587,-0.1566078,0.4529783,0.0,0.0,0.0,0.0,0.0,0.0,0.0,-1.845075,-0.2475713,-0.2656031,0.9515818,0.1230437,-1.617247,0.08452459,0.5624828,-0.07731187,0.8188355,13.02621,68.76099,358.1458,0.4370848,0.07131419,-0.8965884,0.2946881,0.005775916,0.07223567,2.851114,-0.2111279,-0.7757018,-0.100813,0.1390195,2.097284,0.355272,-0.03152417,-0.9342313,0.2216987,0.973757,0.05145027,0.9080923,-0.2253967,0.3529375,moving,62.70078,-19.07176,-2.751996,3.79233,7.904228303850676,0.36794211346472194
05/04/2023 16:19:35.183384,4694,True,True,True,True,Eyes,0.8770552,0.1298192,-1.622502,0.8787715,-0.1555588,0.4511786,0.0,0.0,0.0,0.0,0.0,0.0,0.0,-1.843524,-0.2460773,-0.2913027,0.9616742,0.1213916,-1.613828,0.08425546,0.5657252,-0.07602552,0.8167473,12.9235,69.22515,358.3034,0.4406424,0.07124124,-0.8948511,0.2770068,0.005429361,0.06790153,2.869367,-0.2068453,-0.7878991,-0.09981221,0.1416186,2.09742,0.3483503,-0.02885641,-0.9369202,0.2195182,0.9742423,0.05161174,0.911298,-0.2236499,0.345712,moving,62.82314,-19.02333,-2.724541,3.862769,7.907951969964958,0.3675520235606923
05/04/2023 16:19:35.203399,4695,True,True,True,True,Eyes,0.8814309,0.1292274,-1.621195,0.8799683,-0.1544936,0.4492078,0.0,0.0,0.0,0.0,0.0,0.0,0.0,-1.841259,-0.2442743,-0.3189485,0.9720085,0.1190213,-1.610176,0.08313724,0.5692821,-0.0744231,0.8145351,12.71913,69.72566,358.4384,0.4440427,0.07114297,-0.8931765,0.2603864,0.005103599,0.06382744,2.888822,-0.1994785,-0.8010255,-0.0987826,0.1442911,2.097561,0.3407583,-0.02658337,-0.939775,0.2158975,0.9750988,0.05070091,0.9150257,-0.2201719,0.3380122,moving,62.95652,-18.97935,-2.696297,3.935175,7.9121233069367465,0.3672924356421021
05/04/2023 16:19:35.213806,4696,True,True,True,True,Eyes,0.8860525,0.1286061,-1.61979,0.8812698,-0.1534179,0.4470197,0.0,0.0,0.0,0.0,0.0,0.0,0.0,-1.838803,-0.2424833,-0.3458447,0.9823239,0.1169053,-1.606541,0.08266069,0.5726953,-0.07309776,0.8123079,12.59261,70.2134,358.5863,0.4473149,0.07101881,-0.8915522,0.2447632,0.004797383,0.05999779,2.907544,-0.1945224,-0.8140027,-0.09768552,0.1471405,2.097709,0.3333537,-0.02407698,-0.9424943,0.2134345,0.9756479,0.05056638,0.9183251,-0.2180173,0.3303747,moving,63.10382,-18.9423,-2.666207,4.01235,7.916876806074878,0.36722229671386464
05/04/2023 16:19:35.233813,4697,True,True,True,True,Eyes,0.890911,0.1279822,-1.618285,0.8826016,-0.1523493,0.4447518,0.0,0.0,0.0,0.0,0.0,0.0,0.0,-1.835845,-0.241138,-0.3728945,0.9927012,0.1154495,-1.60273,0.08242913,0.5761447,-0.07183269,0.8100017,12.49225,70.71021,358.7448,0.4504841,0.0708697,-0.8899669,0.2300774,0.00450954,0.05639793,2.926034,-0.1901274,-0.8271261,-0.09669423,0.1497141,2.097844,0.3257948,-0.021387,-0.9451986,0.2113514,0.976091,0.05076344,0.9215142,-0.2163075,0.3225255,moving,63.256,-18.90884,-2.63902,4.082033,7.921849187919468,0.36724038813644844
05/04/2023 16:19:35.254697,4698,True,True,True,True,Eyes,0.8959999,0.1273411,-1.61668,0.8840297,-0.1512749,0.4422751,0.0,0.0,0.0,0.0,0.0,0.0,0.0,-1.832354,-0.240857,-0.3998299,1.003129,0.1149742,-1.598721,0.08226979,0.5795922,-0.07064158,0.8076599,12.40254,71.2084,358.9004,0.4535725,0.07069797,-0.8884105,0.2162728,0.004238968,0.05301405,2.944406,-0.1850556,-0.8402194,-0.09567487,0.1523619,2.097983,0.3181654,-0.01874292,-0.94785,0.2094746,0.9764829,0.0510054,0.9246033,-0.2147786,0.3146093,moving,63.42146,-18.88264,-2.611065,4.153702,7.927385232848666,0.3674514104204044
05/04/2023 16:19:35.263585,4699,True,True,True,True,Eyes,0.9013137,0.1266788,-1.614995,0.8856419,-0.1504844,0.4393094,0.0,0.0,0.0,0.0,0.0,0.0,0.0,-1.828627,-0.2411377,-0.4265149,1.013603,0.1140057,-1.594851,0.08191311,0.5829819,-0.06969386,0.8053355,12.30969,71.69561,359.0179,0.4565998,0.0705049,-0.8868738,0.2032964,0.00398463,0.04983321,2.962663,-0.1800744,-0.8533064,-0.09456629,0.1552404,2.098134,0.3105498,-0.01674615,-0.9504097,0.2077616,0.976866,0.05067454,0.9275743,-0.2131955,0.3068447,moving,63.61698,-18.90877,-2.580667,4.231592,7.93465467979242,0.36877389305509334
05/04/2023 16:19:35.283410,4700,True,True,True,True,Eyes,0.9068344,0.125981,-1.613224,0.8873245,-0.1497721,0.4361462,0.0,0.0,0.0,0.0,0.0,0.0,0.0,-1.824062,-0.2442322,-0.452989,1.024094,0.1127645,-1.590776,0.08173156,0.5863749,-0.06971058,0.8028854,12.29794,72.18224,359.0565,0.4595828,0.07029137,-0.8853487,0.1910986,0.003745552,0.04684322,2.980311,-0.178591,-0.8664385,-0.0936197,0.1576976,2.098262,0.30261,-0.01608853,-0.9529787,0.2077899,0.9769208,0.0494891,0.9301884,-0.2129952,0.298969,moving,63.82452,-18.95241,-2.554714,4.298057,7.942573730534783,0.3704766192444183
05/04/2023 16:19:35.303291,4701,True,True,True,True,Eyes,0.9125462,0.1252517,-1.611377,0.8891245,-0.1495357,0.4325469,0.0,0.0,0.0,0.0,0.0,0.0,0.0,-1.819262,-0.2469016,-0.4795486,1.034447,0.1112402,-1.58688,0.08217427,0.5898209,-0.0699311,0.8002927,12.35807,72.68569,359.1205,0.4625362,0.07005744,-0.8838279,0.1796327,0.003520819,0.04403262,2.997573,-0.1798497,-0.8804953,-0.09259564,0.160357,2.098402,0.2944418,-0.01499449,-0.9555519,0.2088669,0.9767141,0.04903328,0.9325656,-0.2140206,0.2907173,moving,64.05772,-19.07076,-2.526637,4.369972,7.952355330037879,0.37369277625028297
05/04/2023 16:19:35.313526,4702,True,True,True,True,Eyes,0.9184552,0.1245669,-1.609454,0.8909496,-0.1495358,0.4287748,0.0,0.0,0.0,0.0,0.0,0.0,0.0,-1.814272,-0.2506819,-0.504457,1.044648,0.1096782,-1.582903,0.0837782,0.592978,-0.07094598,0.7976998,12.57976,73.16177,359.1881,0.4654716,0.06980336,-0.8823056,0.1688547,0.00330957,0.04139066,3.01339,-0.1870407,-0.8938149,-0.09157687,0.1630027,2.098541,0.2866874,-0.01382994,-0.9579244,0.2125445,0.9758958,0.04952088,0.9341494,-0.2177985,0.2827165,moving,64.30054,-19.22629,-2.498709,4.441491,7.962952093208372,0.3776487108460126
05/04/2023 16:19:35.333451,4703,True,True,True,True,Eyes,0.9245359,0.1239424,-1.60744,0.8928918,-0.1496585,0.4246724,0.0,0.0,0.0,0.0,0.0,0.0,0.0,-1.808802,-0.2607285,-0.5281827,1.05505,0.1102654,-1.579061,0.08635664,0.5960712,-0.07345056,0.7948878,12.99413,73.6385,359.1873,0.4684002,0.06953344,-0.8807757,0.1587235,0.003110996,0.03890723,3.028364,-0.1989261,-0.9078261,-0.09053516,0.1657079,2.098682,0.2786083,-0.0138205,-0.9603054,0.2197193,0.9742951,0.04972416,0.9349336,-0.2248512,0.2744833,moving,64.56356,-19.41294,-2.470154,4.514599,7.974662125946777,0.38227549699719476
05/04/2023 16:19:35.353493,4704,True,True,True,True,Eyes,0.9308091,0.1233301,-1.605351,0.8948913,-0.1497452,0.4204117,0.0,0.0,0.0,0.0,0.0,0.0,0.0,-1.802943,-0.268475,-0.5530482,1.065251,0.1110801,-1.575262,0.08558394,0.5993535,-0.07398819,0.7924496,12.96361,74.1046,359.1372,0.4713305,0.06925248,-0.8792333,0.1492001,0.002924336,0.03657279,3.045161,-0.1943982,-0.9210107,-0.08951771,0.1683503,2.098821,0.2706023,-0.01467377,-0.9625793,0.2198539,0.9744023,0.04695176,0.9372505,-0.2243321,0.2669016,moving,64.8363,-19.60524,-2.442267,4.585982,7.986789004414845,0.38704981425809104
05/04/2023 16:19:35.363329,4705,True,True,True,True,Eyes,0.93726,0.1227845,-1.603199,0.8970076,-0.1498131,0.4158526,0.0,0.0,0.0,0.0,0.0,0.0,0.0,-1.796508,-0.2756211,-0.5796534,1.076041,0.1106022,-1.571403,0.08489735,0.6028459,-0.07468272,0.7898049,12.95284,74.60368,359.0822,0.4742711,0.0689621,-0.8776734,0.140248,0.002748876,0.03437842,3.062737,-0.1917015,-0.9354476,-0.08842999,0.1711746,2.098968,0.2619986,-0.01560953,-0.964942,0.2203296,0.9744298,0.04406033,0.9395806,-0.224149,0.2587385,moving,65.12756,-19.81182,-2.412457,4.662255,7.999754917355218,0.39217129734007694
05/04/2023 16:19:35.383699,4706,True,True,True,True,Eyes,0.9439003,0.1223403,-1.600999,0.8992101,-0.1497445,0.4110934,0.0,0.0,0.0,0.0,0.0,0.0,0.0,-1.789391,-0.2853855,-0.6068672,1.086662,0.111608,-1.567916,0.08288169,0.6066069,-0.07525256,0.7870805,12.81281,75.12509,358.9478,0.4772285,0.0686667,-0.876092,0.1318332,0.002583943,0.03231572,3.080852,-0.182964,-0.9510757,-0.08744681,0.1737273,2.099102,0.2527303,-0.01790643,-0.967371,0.2190128,0.9749354,0.0391717,0.9424228,-0.2217665,0.2503174,moving,65.43147,-20.01461,-2.385514,4.731167,8.01312130527773,0.39727532499988605
05/04/2023 16:19:35.403536,4707,True,True,True,True,Eyes,0.9507194,0.1220325,-1.598747,0.9015115,-0.1495031,0.4061105,0.0,0.0,0.0,0.0,0.0,0.0,0.0,-1.781055,-0.2953239,-0.637164,1.097633,0.113663,-1.564492,0.08019401,0.6109799,-0.07530583,0.7839652,12.57746,75.73191,358.8211,0.4802087,0.06837196,-0.8744852,0.1239232,0.002428907,0.03037678,3.100498,-0.1695836,-0.9697585,-0.0864107,0.1764176,2.099242,0.2420652,-0.02008043,-0.9700521,0.2160681,0.9757959,0.03371793,0.9458957,-0.2177593,0.240545,moving,65.74951,-20.21037,-2.357125,4.803778,8.02689937829905,0.4023072874145185
05/04/2023 16:19:35.423298,4708,True,True,True,True,Eyes,0.9577171,0.1218275,-1.596463,0.9039146,-0.1490185,0.400914,0.0,0.0,0.0,0.0,0.0,0.0,0.0,-1.772559,-0.3047939,-0.6672717,1.108584,0.1163618,-1.561288,0.07771165,0.6153247,-0.0751811,0.7808228,12.34981,76.34134,358.723,0.4832163,0.06808491,-0.8728494,0.1164878,0.002283172,0.02855417,3.119784,-0.1558873,-0.9888122,-0.0853796,0.1790951,2.099383,0.2314467,-0.02177045,-0.972604,0.213042,0.9766174,0.02883648,0.9492342,-0.2138796,0.2306729,moving,66.08124,-20.38994,-2.328873,4.87601,8.040956777886926,0.40709313261053637
05/04/2023 16:19:35.433623,4709,True,True,True,True,Eyes,0.9648838,0.1217064,-1.594129,0.9063975,-0.1484205,0.3954934,0.0,0.0,0.0,0.0,0.0,0.0,0.0,-1.762468,-0.3140338,-0.6999758,1.119661,0.118714,-1.557928,0.0733949,0.6201241,-0.07453869,0.7774982,11.92173,76.99882,358.5429,0.4862549,0.06781,-0.8711817,0.1094985,0.002146182,0.02684092,3.140323,-0.1350869,-1.009589,-0.08434206,0.1817892,2.099525,0.2197802,-0.02487951,-0.9752322,0.2069353,0.9781143,0.02168232,0.9533492,-0.2065753,0.2201186,moving,66.42664,-20.57007,-2.300448,4.948664,8.055506281628954,0.4119476264978562
05/04/2023 16:19:35.453484,4710,True,True,True,True,Eyes,0.9722161,0.1216774,-1.591787,0.9089557,-0.1477326,0.3898393,0.0,0.0,0.0,0.0,0.0,0.0,0.0,-1.751686,-0.3246484,-0.7326868,1.130776,0.1205052,-1.554816,0.07005804,0.6249737,-0.07479065,0.7738903,11.64919,77.67861,358.3506,0.489328,0.06755026,-0.8694796,0.1029286,0.002017411,0.02523046,3.160069,-0.1204174,-1.031804,-0.08327147,0.1845695,2.09967,0.2076284,-0.02819066,-0.9778015,0.2033284,0.9789965,0.01495008,0.9568428,-0.2019189,0.2089995,moving,66.78614,-20.75459,-2.271121,5.023619,8.070611959776238,0.41694459014109453
05/04/2023 16:19:35.463409,4711,True,True,True,True,Eyes,0.9796907,0.1217298,-1.58941,0.9115258,-0.1471753,0.3840054,0.0,0.0,0.0,0.0,0.0,0.0,0.0,-1.740711,-0.3366072,-0.7647169,1.141867,0.1226108,-1.552185,0.06746329,0.6297633,-0.07560404,0.7701501,11.48661,78.3616,358.1591,0.4924369,0.06730877,-0.8677413,0.0,0.0,0.0,3.178952,-0.1095857,-1.054811,-0.08225408,0.1872122,2.099809,0.1953646,-0.03148109,-0.9802253,0.2014247,0.9794655,0.008688441,0.9598233,-0.199139,0.197694,moving,67.1554,-20.97001,-2.243253,5.094836,8.086457726591995,0.4225638810200023
05/04/2023 16:19:35.483174,4712,True,True,True,True,Eyes,0.9872991,0.1218243,-1.58704,0.9141239,-0.1467872,0.3779299,0.0,0.0,0.0,0.0,0.0,0.0,0.0,-1.728431,-0.3506835,-0.7967,1.152661,0.1245682,-1.549529,0.06596553,0.6347064,-0.07735725,0.7660366,11.49382,79.08278,357.9661,0.4955833,0.06708777,-0.8659654,0.0,0.0,0.0,3.196801,-0.1052338,-1.079381,-0.0812833,0.189732,2.099941,0.1823272,-0.03477947,-0.9826226,0.2022545,0.9793288,0.002865743,0.9622109,-0.1992623,0.1855925,moving,67.53814,-21.22607,-2.216666,5.162721,8.10329969661881,0.42900439936750034
05/04/2023 16:19:35.503576,4713,True,True,True,True,Eyes,0.9950348,0.1219447,-1.584677,0.9166501,-0.1467023,0.3717945,0.0,0.0,0.0,0.0,0.0,0.0,0.0,-1.716033,-0.3667702,-0.8268318,1.163266,0.1256538,-1.547243,0.06583116,0.6394092,-0.08026756,0.7618263,11.70961,79.78544,357.7693,0.4987665,0.06688709,-0.8641515,0.0,0.0,0.0,3.213172,-0.1092704,-1.103982,-0.08026502,0.1923769,2.100079,0.1694261,-0.03811377,-0.9848056,0.206486,0.9784468,-0.002343801,0.9636691,-0.2029515,0.1736444,moving,67.92246,-21.53316,-2.188779,5.23395,8.12084812270847,0.4364108501394831
05/04/2023 16:19:35.513595,4714,True,True,True,True,Eyes,1.002892,0.1220637,-1.582335,0.9191868,-0.1467765,0.3654482,0.0,0.0,0.0,0.0,0.0,0.0,0.0,-1.703556,-0.3819868,-0.8560809,1.173865,0.1265672,-1.544964,0.06555784,0.6439008,-0.08295983,0.7577674,11.89923,80.45923,357.5808,0.501986,0.06670571,-0.8622993,0.0,0.0,0.0,3.229113,-0.1124107,-1.127652,-0.07919183,0.1951627,2.100225,0.1570187,-0.04130303,-0.9867315,0.210154,0.9776397,-0.00748061,0.9649769,-0.206191,0.1621878,moving,68.31834,-21.88209,-2.159392,5.308944,8.139339931318943,0.4446529213781122
05/04/2023 16:19:35.533420,4715,True,True,True,True,Eyes,1.010868,0.1221727,-1.580052,0.921646,-0.1471007,0.3590682,0.0,0.0,0.0,0.0,0.0,0.0,0.0,-1.690674,-0.3979681,-0.8850274,1.184515,0.1266142,-1.543024,0.06541002,0.6483552,-0.08609436,0.7536212,12.13573,81.13195,357.3649,0.5052404,0.06654125,-0.8604093,0.0,0.0,0.0,3.244544,-0.1182616,-1.15177,-0.07817996,0.1977905,2.100364,0.1444468,-0.04494726,-0.9884913,0.2145829,0.9766186,-0.01305069,0.9659655,-0.2102282,0.1507144,moving,68.71439,-22.27761,-2.131685,5.379657,8.158431583806983,0.45377147098289206
05/04/2023 16:19:35.553769,4716,True,True,True,True,Eyes,1.018956,0.1223028,-1.577816,0.9241272,-0.1475052,0.3524644,0.0,0.0,0.0,0.0,0.0,0.0,0.0,-1.677029,-0.4162552,-0.9135984,1.194984,0.1263659,-1.541558,0.06519923,0.6528586,-0.08988661,0.7492964,12.41984,81.81433,357.0905,0.5085276,0.06639096,-0.8584821,0.0,0.0,0.0,3.259362,-0.1260562,-1.177038,-0.07715219,0.2004596,2.100503,0.1313921,-0.04957169,-0.9900903,0.2198352,0.9753389,-0.01965941,0.9666481,-0.2150736,0.1390494,moving,69.12302,-22.70915,-2.103548,5.451463,8.178428626254753,0.463620578951479
05/04/2023 16:19:35.563594,4717,True,True,True,True,Eyes,1.027158,0.1224634,-1.575616,0.9265581,-0.1478994,0.3458552,0.0,0.0,0.0,0.0,0.0,0.0,0.0,-1.66258,-0.4338392,-0.9431771,1.205515,0.126817,-1.540331,0.06385247,0.6575264,-0.09303766,0.7449337,12.56113,82.51409,356.7906,0.5118457,0.06625409,-0.8565186,0.0,0.0,0.0,3.274716,-0.1276724,-1.203361,-0.07602364,0.2033891,2.100657,0.1180062,-0.05464441,-0.9915083,0.2225831,0.9745337,-0.02721775,0.9677455,-0.2174811,0.1271639,moving,69.53097,-23.15319,-2.072653,5.530235,8.198560863284964,0.47370175907757883
05/04/2023 16:19:35.583470,4718,True,True,True,True,Eyes,1.035463,0.1226284,-1.573481,0.9290186,-0.148246,0.3390392,0.0,0.0,0.0,0.0,0.0,0.0,0.0,-1.648005,-0.4479716,-0.9733206,1.216201,0.1275901,-1.539002,0.0620407,0.662169,-0.09510567,0.7407011,12.58333,83.21144,356.5503,0.5151927,0.06613047,-0.8545191,0.0,0.0,0.0,3.290193,-0.1251153,-1.229128,-0.07506782,0.2058712,2.100787,0.1049741,-0.05872689,-0.9927395,0.2230526,0.9742118,-0.03404485,0.9691378,-0.2178593,0.1153661,moving,69.95078,-23.61751,-2.04649,5.596952,8.219372332874098,0.48421457035550464
05/04/2023 16:19:35.603613,4719,True,True,True,True,Eyes,1.043863,0.1227934,-1.571386,0.9314188,-0.1485343,0.3322599,0.0,0.0,0.0,0.0,0.0,0.0,0.0,-1.633911,-0.4580364,-1.004122,1.226852,0.1280208,-1.538235,0.05989118,0.6668359,-0.09614918,0.736545,12.50099,83.91528,356.373,0.518566,0.06601851,-0.8524849,0.0,0.0,0.0,3.305764,-0.1190414,-1.25555,-0.07406634,0.2084719,2.100923,0.09217072,-0.06176122,-0.993826,0.2215115,0.9743367,-0.04000634,0.9707921,-0.2164565,0.1034862,moving,70.36744,-24.08668,-2.01908,5.666836,8.240133866489634,0.49480515420788806
05/04/2023 16:19:35.614309,4720,True,True,True,True,Eyes,1.052355,0.1229593,-1.569367,0.9338299,-0.1488913,0.3252587,0.0,0.0,0.0,0.0,0.0,0.0,0.0,-1.620243,-0.4667457,-1.033646,1.237368,0.1281247,-1.537519,0.05831495,0.6712441,-0.09708621,0.7325333,12.46085,84.58998,356.2448,0.5219634,0.06591662,-0.8504169,0.0,0.0,0.0,3.320502,-0.1148783,-1.280897,-0.07305796,0.2110907,2.10106,0.0800113,-0.06395062,-0.9947405,0.2205249,0.9743473,-0.04490179,0.9720942,-0.2157723,0.0920615,moving,70.79646,-24.59655,-1.991484,5.737178,8.261852634127038,0.5062133313186868
05/04/2023 16:19:35.633380,4721,True,True,True,True,Eyes,1.060914,0.1231725,-1.56733,0.9370618,-0.1476143,0.3164257,0.0,0.0,0.0,0.0,0.0,0.0,0.0,-1.605593,-0.4779827,-1.063202,1.247846,0.1282725,-1.537277,0.05749076,0.6758165,-0.09879225,0.7281532,12.54786,85.30281,356.1133,0.5253819,0.06582334,-0.8483166,0.0,0.0,0.0,3.334545,-0.1151611,-1.308313,-0.07197978,0.2138906,2.101207,0.06702429,-0.06616535,-0.995555,0.2215781,0.9738699,-0.04980671,0.9728366,-0.217255,0.07993373,moving,71.34128,-25.00932,-1.96198,5.812354,8.286442017161951,0.516288673143437
05/04/2023 16:19:35.653642,4722,True,True,True,True,Eyes,1.069544,0.1233967,-1.565385,0.9402233,-0.1465414,0.307418,0.0,0.0,0.0,0.0,0.0,0.0,0.0,-1.589992,-0.4918899,-1.092359,1.258035,0.129066,-1.53752,0.05764508,0.6805501,-0.1011664,0.7233906,12.7735,86.05729,356.0074,0.5288198,0.06574009,-0.8461841,0.0,0.0,0.0,3.347417,-0.1200958,-1.337651,-0.07097872,0.21649,2.101343,0.05323384,-0.0679049,-0.9962705,0.2248264,0.9728848,-0.05429779,0.9729437,-0.2210975,0.06705723,moving,71.89418,-25.48641,-1.934589,5.882122,8.312137842590303,0.5276073972789453
05/04/2023 16:19:35.663641,4723,True,True,True,True,Eyes,1.07824,0.1236084,-1.563631,0.9433014,-0.1455542,0.2983226,0.0,0.0,0.0,0.0,0.0,0.0,0.0,-1.573864,-0.5057853,-1.121035,1.268158,0.1295671,-1.537717,0.05739032,0.685176,-0.1035525,0.7186915,12.96731,86.79512,355.869,0.5322732,0.06566591,-0.8440219,0.0,0.0,0.0,3.359977,-0.1239246,-1.366593,-0.06989057,0.2193146,2.101492,0.03962184,-0.0701996,-0.9967459,0.2274894,0.9719665,-0.05941143,0.9729742,-0.2243951,0.05448076,moving,72.45024,-26.00815,-1.904818,5.957901,8.338514861000107,0.5397788463933352
05/04/2023 16:19:35.683350,4724,True,True,True,True,Eyes,1.086992,0.123818,-1.561981,0.9463054,-0.144815,0.2890238,0.0,0.0,0.0,0.0,0.0,0.0,0.0,-1.556644,-0.5236581,-1.148675,1.27801,0.1296047,-1.53841,0.05738812,0.6897997,-0.107108,0.7137302,13.27855,87.5405,355.656,0.535736,0.06559844,-0.8418335,0.0,0.0,0.0,3.371288,-0.1327536,-1.396525,-0.06892505,0.2218232,2.101623,0.02540846,-0.07371975,-0.9969552,0.232065,0.9704689,-0.06584682,0.9723684,-0.2296854,0.04176587,moving,73.01611,-26.61309,-1.878406,6.025177,8.366300331554253,0.5535559221693623
05/04/2023 16:19:35.703475,4725,True,True,True,True,Eyes,1.095791,0.1240072,-1.56054,0.9492053,-0.1441483,0.2796973,0.0,0.0,0.0,0.0,0.0,0.0,0.0,-1.536971,-0.5435345,-1.177474,1.287897,0.129702,-1.539042,0.05724235,0.6947682,-0.1110891,0.7082936,13.61821,88.34666,355.4069,0.5392041,0.06553636,-0.8396212,0.0,0.0,0.0,3.382241,-0.1423663,-1.428883,-0.0678848,0.224524,2.101764,0.009912873,-0.07782701,-0.9969177,0.2369076,0.9687651,-0.0732735,0.9714817,-0.235451,0.02804104,moving,73.58161,-27.26534,-1.849951,6.097579,8.394675665320516,0.5682207142220611
05/04/2023 16:19:35.723352,4726,True,True,True,True,Eyes,1.104637,0.1241954,-1.559206,0.952037,-0.1436617,0.2701607,0.0,0.0,0.0,0.0,0.0,0.0,0.0,-1.517521,-0.5601568,-1.20658,1.297577,0.1295784,-1.540124,0.05723161,0.6997794,-0.1142816,0.7028322,13.90969,89.16965,355.2404,0.5426709,0.0654773,-0.8373893,0.0,0.0,0.0,3.392701,-0.1505215,-1.461993,-0.06684552,0.2272217,2.101906,-0.005502901,-0.08054251,-0.9967361,0.2407405,0.9673285,-0.0794953,0.970574,-0.2403922,0.01406669,moving,74.15759,-28.00243,-1.821526,6.169868,8.424504123248894,0.5845248088505651
05/04/2023 16:19:35.743303,4727,True,True,True,True,Eyes,1.113527,0.1243808,-1.558016,0.9547747,-0.1430643,0.2606489,0.0,0.0,0.0,0.0,0.0,0.0,0.0,-1.498035,-0.5736755,-1.23617,1.307346,0.1297567,-1.541213,0.05716582,0.7047985,-0.1165753,0.6974249,14.1264,90.00104,355.148,0.5461332,0.06542037,-0.8351398,0.0,0.0,0.0,3.403112,-0.1556666,-1.495148,-0.06578993,0.2299639,2.10205,-0.02066135,-0.08202425,-0.9964162,0.2431858,0.9662846,-0.08458645,0.9697597,-0.2440619,-1.75738e-05,moving,74.7306,-28.7614,-1.792658,6.24332,8.45450608687392,0.6012275555067362
05/04/2023 16:19:35.753165,4728,True,True,True,True,Eyes,1.122459,0.1245648,-1.556947,0.9574424,-0.142577,0.2509499,0.0,0.0,0.0,0.0,0.0,0.0,0.0,-1.479592,-0.5839363,-1.26541,1.317014,0.1298599,-1.542739,0.05699085,0.7096528,-0.11805,0.6922494,14.26771,90.81055,355.1136,0.549587,0.06536464,-0.8328754,0.0,0.0,0.0,3.413294,-0.1581583,-1.527727,-0.06472522,0.2327284,2.102194,-0.03508574,-0.0825527,-0.9959689,0.2443275,0.9656325,-0.0886453,0.9690579,-0.2464528,-0.01371009,moving,75.3129,-29.60305,-1.763544,6.317342,8.48589142709234,0.6195239434028369
05/04/2023 16:19:35.763798,4729,True,True,True,True,Eyes,1.131436,0.1247468,-1.556017,0.9600136,-0.141904,0.2413237,0.0,0.0,0.0,0.0,0.0,0.0,0.0,-1.460408,-0.5939183,-1.295017,1.326854,0.1300744,-1.54439,0.05636638,0.7145304,-0.1193765,0.6870359,14.36202,91.62442,355.0565,0.5530289,0.06530939,-0.8305982,0.0,0.0,0.0,3.423547,-0.1584093,-1.560906,-0.06349427,0.2359254,2.102362,-0.04960893,-0.08348097,-0.9952738,0.2445829,0.9651442,-0.09314486,0.9683585,-0.2480478,-0.02746177,moving,75.88962,-30.45653,-1.729887,6.4029,8.517229586511924,0.6380189755178396
05/04/2023 16:19:35.783662,4730,True,True,True,True,Eyes,1.14046,0.1249299,-1.555206,0.9625289,-0.1412234,0.231504,0.0,0.0,0.0,0.0,0.0,0.0,0.0,-1.440963,-0.6015205,-1.325497,1.336736,0.1301944,-1.546392,0.05522682,0.719484,-0.1200839,0.6818158,14.36546,92.4502,355.0089,0.5564559,0.06525394,-0.8283106,0.0,0.0,0.0,3.433465,-0.1566422,-1.594235,-0.06276584,0.2378157,2.10246,-0.06415447,-0.08428062,-0.9943748,0.2432199,0.9650597,-0.09748786,0.9678472,-0.2481059,-0.04141419,moving,76.4763,-31.38427,-1.709973,6.453471,8.549867574814561,0.6579522262484779
05/04/2023 16:19:35.803455,4731,True,True,True,True,Eyes,1.14952,0.1251004,-1.554602,0.9649351,-0.140307,0.2218426,0.0,0.0,0.0,0.0,0.0,0.0,0.0,-1.420728,-0.6082911,-1.356193,1.346694,0.1303791,-1.548277,0.05358103,0.7244222,-0.1205648,0.6766136,14.31111,93.27269,354.9365,0.5598654,0.06519784,-0.8260143,0.0,0.0,0.0,3.443482,-0.1519679,-1.627834,-0.06173982,0.2404802,2.102601,-0.07864653,-0.08552103,-0.9932277,0.2407822,0.9651864,-0.1021723,0.9673877,-0.2471869,-0.05531658,moving,77.05245,-32.31179,-1.681924,6.524724,8.582129189313537,0.6778365699958498
05/04/2023 16:19:35.813144,4732,True,True,True,True,Eyes,1.158614,0.1252389,-1.554116,0.9672648,-0.1393967,0.2120554,0.0,0.0,0.0,0.0,0.0,0.0,0.0,-1.40038,-0.6163217,-1.386002,1.356606,0.1303557,-1.550659,0.05220891,0.7292487,-0.1214561,0.6713563,14.31454,94.08701,354.8525,0.5632525,0.06513982,-0.8237129,0.0,0.0,0.0,3.452702,-0.1496138,-1.661678,-0.06071462,0.2431434,2.102741,-0.09311035,-0.08693406,-0.9918534,0.2392272,0.9650453,-0.1070418,0.9664891,-0.2472449,-0.06905871,moving,77.63456,-33.31932,-1.653901,6.595911,8.615622012465282,0.6992502082535811
05/04/2023 16:19:35.833099,4733,True,True,True,True,Eyes,1.167744,0.1253264,-1.553782,0.9694756,-0.1383416,0.202432,0.0,0.0,0.0,0.0,0.0,0.0,0.0,-1.381344,-0.6227167,-1.414044,1.366353,0.1298183,-1.552943,0.05064297,0.7336302,-0.1221321,0.6665629,14.28309,94.82756,354.7596,0.5666155,0.06507795,-0.8214081,0.0,0.0,0.0,3.461633,-0.1464797,-1.692791,-0.05968285,0.2458217,2.102881,-0.1062589,-0.08851097,-0.9903914,0.2371238,0.9650381,-0.1116861,0.9656509,-0.246713,-0.08155582,moving,78.20577,-34.34862,-1.625702,6.667478,8.64900560897023,0.721026713956422
05/04/2023 16:19:35.853207,4734,True,True,True,True,Eyes,1.176909,0.125352,-1.553571,0.9715956,-0.1373545,0.1927058,0.0,0.0,0.0,0.0,0.0,0.0,0.0,-1.363673,-0.6297246,-1.440132,1.376309,0.1285757,-1.555436,0.04906566,0.7375239,-0.1231784,0.6621768,14.2808,95.48895,354.6263,0.5699515,0.0650095,-0.8191023,0.0,0.0,0.0,3.470469,-0.1450472,-1.721417,-0.05862924,0.2485575,2.103024,-0.1182288,-0.09075762,-0.9888301,0.235506,0.9648393,-0.1167138,0.9646548,-0.2466744,-0.09269787,moving,78.78158,-35.48004,-1.59691,6.740549,8.683853968798367,0.7447423349482521
05/04/2023 16:19:35.863744,4735,True,True,True,True,Eyes,1.186112,0.1253239,-1.553491,0.9736563,-0.1363579,0.1827565,0.0,0.0,0.0,0.0,0.0,0.0,0.0,-1.345017,-0.6373022,-1.466366,1.38616,0.1272186,-1.55815,0.04768611,0.7415301,-0.1244101,0.6575571,14.31309,96.17827,354.4987,0.5732589,0.06493155,-0.8167973,0.0,0.0,0.0,3.478625,-0.1449742,-1.751266,-0.05756186,0.2513292,2.103168,-0.1306895,-0.09289213,-0.9870619,0.2343348,0.9644964,-0.121795,0.9633314,-0.2472203,-0.1042816,moving,79.36921,-36.72729,-1.567744,6.814548,8.72059797462397,0.7706854771932065
05/04/2023 16:19:35.883686,4736,True,True,True,True,Eyes,1.195347,0.1252319,-1.553537,0.9756166,-0.1353689,0.1727637,0.0,0.0,0.0,0.0,0.0,0.0,0.0,-1.326536,-0.6448427,-1.492051,1.396206,0.1258392,-1.560933,0.04647755,0.7453894,-0.1256547,0.653028,14.3607,96.84924,354.3828,0.5765359,0.06484187,-0.8144946,0.0,0.0,0.0,3.48659,-0.1456629,-1.780355,-0.05656347,0.2539229,2.103304,-0.1427889,-0.09482426,-0.9852005,0.2333997,0.9641015,-0.126621,0.96184,-0.2480256,-0.115531,moving,79.95808,-38.08044,-1.540465,6.883759,8.758735720004521,0.7986245015537291
05/04/2023 16:19:35.903704,4737,True,True,True,True,Eyes,1.204624,0.1250744,-1.553709,0.9775623,-0.1344235,0.1621798,0.0,0.0,0.0,0.0,0.0,0.0,0.0,-1.311755,-0.6450173,-1.517008,1.406123,0.1241611,-1.563798,0.04586465,0.7488529,-0.1251999,0.6491849,14.30371,97.45755,354.4412,0.5797814,0.06473806,-0.8121958,0.0,0.0,0.0,3.494943,-0.1428574,-1.806534,-0.05554336,0.2565716,2.103444,-0.1529112,-0.09386396,-0.9837723,0.2312475,0.9644428,-0.1279633,0.9608033,-0.2470618,-0.1257683,moving,80.5803,-39.6538,-1.512596,6.954407,8.800863300295738,0.8308446270908075
05/04/2023 16:19:35.913630,4738,True,True,True,True,Eyes,1.213942,0.1248563,-1.554021,0.9793836,-0.1334608,0.1516441,0.0,0.0,0.0,0.0,0.0,0.0,0.0,-1.297803,-0.6439506,-1.541807,1.416198,0.122449,-1.56701,0.04588221,0.7522434,-0.1244409,0.6453986,14.2672,98.06387,354.5767,0.582994,0.06461783,-0.8099025,0.0,0.0,0.0,3.50316,-0.1408133,-1.83264,-0.05449861,0.2592845,2.103587,-0.1627112,-0.09159876,-0.9824129,0.2296571,0.9648186,-0.127995,0.9595745,-0.2464443,-0.1359505,moving,81.19843,-41.35075,-1.484057,7.026737,8.844420997150355,0.8653704927549847
05/04/2023 16:19:35.933254,4739,True,True,True,True,Eyes,1.223307,0.124584,-1.554478,0.9811362,-0.1325273,0.1407413,0.0,0.0,0.0,0.0,0.0,0.0,0.0,-1.287062,-0.6384951,-1.565826,1.426443,0.120814,-1.570566,0.04657105,0.7552699,-0.1225924,0.6421602,14.18141,98.61343,354.8457,0.5861726,0.0644794,-0.807616,0.0,0.0,0.0,3.511857,-0.1370161,-1.856378,-0.05348471,0.2619176,2.103725,-0.170923,-0.0871005,-0.9814271,0.2277953,0.9656045,-0.1253685,0.95859,-0.2449928,-0.1452029,moving,81.83677,-43.27829,-1.456363,7.096911,8.891634663187617,0.9043167043284605
05/04/2023 16:19:35.953149,4740,True,True,True,True,Eyes,1.232715,0.1242641,-1.555096,0.9827725,-0.1315068,0.1298619,0.0,0.0,0.0,0.0,0.0,0.0,0.0,-1.276054,-0.6330067,-1.590273,1.436822,0.1192046,-1.574583,0.04709963,0.758342,-0.1207213,0.638847,14.07991,99.17151,355.1024,0.5893161,0.0643215,-0.8053377,0.0,0.0,0.0,3.520512,-0.1325573,-1.880949,-0.05245218,0.2645984,2.103864,-0.1793123,-0.08280966,-0.9803008,0.2256801,0.966416,-0.1229172,0.9575571,-0.243275,-0.1546018,moving,82.47264,-45.36059,-1.428165,7.168327,8.94073319529339,0.9461614486878239
05/04/2023 16:19:35.973451,4741,True,True,True,True,Eyes,1.242169,0.1238934,-1.55591,0.9843134,-0.1304567,0.1187781,0.0,0.0,0.0,0.0,0.0,0.0,0.0,-1.263766,-0.6262585,-1.616274,1.447241,0.1177898,-1.579007,0.04667411,0.7616493,-0.1185221,0.6353458,13.87786,99.7602,355.3024,0.5924229,0.06414335,-0.8030694,0.0,0.0,0.0,3.5292,-0.1241801,-1.90734,-0.0514245,0.2672661,2.104003,-0.1883142,-0.0795064,-0.9788852,0.2217036,0.9675481,-0.1212361,0.9567576,-0.2398529,-0.1645762,moving,83.11933,-47.6828,-1.400103,7.239365,8.993273358299811,0.9925618031053337
05/04/2023 16:19:35.984014,4742,True,True,True,True,Eyes,1.251671,0.1234779,-1.556891,0.9857408,-0.1293048,0.1076816,0.0,0.0,0.0,0.0,0.0,0.0,0.0,-1.249093,-0.6212889,-1.643207,1.457836,0.1162449,-1.583528,0.04573656,0.7651883,-0.1168074,0.6314675,13.68133,100.3888,355.4235,0.5954907,0.06394401,-0.8008131,0.0,0.0,0.0,3.53747,-0.1160945,-1.935609,-0.05040136,0.2699233,2.104143,-0.1983142,-0.07752595,-0.9770678,0.2175143,0.9685284,-0.120997,0.9556983,-0.2365216,-0.1752099,moving,83.76577,-50.21337,-1.372165,7.310081,9.048460304468778,1.0428776523693077
05/04/2023 16:19:36.003729,4743,True,True,True,True,Eyes,1.261226,0.1230155,-1.558035,0.9870575,-0.1282017,0.09634182,0.0,0.0,0.0,0.0,0.0,0.0,0.0,-1.233448,-0.6165974,-1.67056,1.468388,0.1147362,-1.588404,0.04453663,0.7688361,-0.1151856,0.6274074,13.47393,101.0377,355.5145,0.5985183,0.06372305,-0.7985704,0.0,0.0,0.0,3.5453,-0.1073955,-1.965174,-0.04931489,0.272743,2.104291,-0.2087531,-0.07605385,-0.9750068,0.2130193,0.9694976,-0.1212325,0.9544868,-0.2330029,-0.1861848,moving,84.4253,-53.07565,-1.342503,7.385093,9.108339450560942,1.0994843344709837
05/04/2023 16:19:36.013145,4744,True,True,True,True,Eyes,1.27082,0.1225012,-1.559346,0.9882474,-0.127076,0.08496346,0.0,0.0,0.0,0.0,0.0,0.0,0.0,-1.216519,-0.6128529,-1.698156,1.478972,0.1131639,-1.593448,0.04346636,0.7725996,-0.1138204,0.6230935,13.29956,101.715,355.5991,0.6015051,0.06348003,-0.7963426,0.0,0.0,0.0,3.552474,-0.1001087,-1.995829,-0.04828927,0.2754056,2.10443,-0.2197302,-0.0746773,-0.9726982,0.2090056,0.9703112,-0.1217079,0.9529088,-0.2300423,-0.1975988,moving,85.08614,-56.23318,-1.314506,7.455897,9.172028179967501,1.1616464217883165
05/04/2023 16:19:36.033256,4745,True,True,True,True,Eyes,1.28046,0.1219386,-1.560787,0.989287,-0.1261726,0.07342794,0.0,0.0,0.0,0.0,0.0,0.0,0.0,-1.198315,-0.6093912,-1.726129,1.489489,0.111419,-1.598701,0.04292953,0.7765381,-0.1125454,0.6184492,13.17294,102.4376,355.7278,0.6044496,0.06321435,-0.794131,0.0,0.0,0.0,3.558754,-0.09486441,-2.027979,-0.04730487,0.2779628,2.104564,-0.2313557,-0.0725344,-0.9701616,0.20588,0.9709812,-0.1216922,0.9508355,-0.2278911,-0.2097087,moving,85.75512,-59.80212,-1.287636,7.523861,9.241249315900234,1.2315764220437542
05/04/2023 16:19:36.053594,4746,True,True,True,True,Eyes,1.290136,0.121362,-1.562398,0.9901646,-0.1254804,0.06187554,0.0,0.0,0.0,0.0,0.0,0.0,0.0,-1.179807,-0.610786,-1.751969,1.49995,0.1096351,-1.603911,0.04364447,0.7802802,-0.1123597,0.6137045,13.23313,103.1515,355.8881,0.6073523,0.06292573,-0.7919361,0.0,0.0,0.0,3.564087,-0.09646152,-2.059464,-0.04628098,0.280623,2.104703,-0.2429238,-0.06980148,-0.9675307,0.2060211,0.9709409,-0.1217745,0.9479152,-0.2289137,-0.2214841,moving,86.42423,-63.75167,-1.259692,7.594532,9.315326128489364,1.3086613283876112
05/04/2023 16:19:36.063717,4747,True,True,True,True,Eyes,1.299852,0.1208356,-1.564139,0.9908716,-0.1250981,0.05023741,0.0,0.0,0.0,0.0,0.0,0.0,0.0,-1.161481,-0.616963,-1.77575,1.510233,0.1084331,-1.609474,0.04482261,0.7837921,-0.1131239,0.608986,13.41037,103.8393,356.0198,0.6102116,0.06261565,-0.7897597,0.0,0.0,0.0,3.568721,-0.1015984,-2.090431,-0.04518089,0.2834778,2.104852,-0.254254,-0.0675185,-0.9647778,0.2080449,0.9703878,-0.1227385,0.9444958,-0.2319239,-0.2326782,moving,87.09757,-68.12038,-1.229671,7.670341,9.394895411278227,1.3936432003706156
05/04/2023 16:19:36.084289,4748,True,True,True,True,Eyes,1.543223,0.1083264,-1.611776,0.9639683,-0.1110575,-0.2417256,0.0,0.0,0.0,0.0,0.0,0.0,0.0,-1.14133,-0.6295922,-1.798368,1.520736,0.1090897,-1.61512,0.04634083,0.7873159,-0.1149024,0.6039733,13.70401,104.5472,356.115,0.6130272,0.06228865,-0.7876021,0.0,0.0,0.0,3.572557,-0.1095109,-2.121989,-0.04422915,0.2859502,2.104983,-0.2661377,-0.06582621,-0.9616848,0.2117657,0.9692999,-0.1249517,0.9403861,-0.2369062,-0.2440276,moving,-75.92273,24.67575,-1.203701,7.735959,2.4287378675295113,-1.043784680950123
05/04/2023 16:19:36.103578,4749,True,True,True,True,Eyes,1.543648,0.1083122,-1.611989,0.9638568,-0.1111553,-0.2421251,0.0,0.0,0.0,0.0,0.0,0.0,0.0,-1.124171,-0.6323159,-1.8217,1.530804,0.1096496,-1.620739,0.04698001,0.7906352,-0.1144929,0.5996503,13.73239,105.1956,356.2802,0.623908,0.06039897,-0.7791598,0.7301116,-0.03752775,-0.1429113,3.577265,-0.107592,-2.151304,-0.04320681,0.288605,2.105122,-0.2764251,-0.06302329,-0.9589669,0.2115995,0.9693685,-0.1247011,0.9374513,-0.2373874,-0.2546221,moving,-75.89883,24.659,-1.175809,7.806392,2.4297992481052595,-1.0433682115899592
05/04/2023 16:19:36.113564,4750,True,True,True,True,Eyes,1.544469,0.1083147,-1.612433,0.9636534,-0.1112695,-0.2428813,0.0,0.0,0.0,0.0,0.0,0.0,0.0,-1.107721,-0.6352997,-1.844444,1.541176,0.1092991,-1.626485,0.04738297,0.7937094,-0.1143651,0.5955677,13.76764,105.7989,356.3987,0.6329158,0.05882081,-0.7719824,0.6863049,-0.03527608,-0.1343366,3.582394,-0.1065912,-2.179421,-0.04209173,0.2914991,2.105273,-0.286108,-0.06100772,-0.9562533,0.211441,0.9693509,-0.1251058,0.9345775,-0.2379849,-0.2644396,moving,-75.85368,24.61359,-1.145389,7.883131,2.4319797948686106,-1.0423226670627241
05/04/2023 16:19:36.133388,4751,True,True,True,True,Eyes,1.545698,0.1083743,-1.61303,0.9633648,-0.1113774,-0.2439741,0.0,0.0,0.0,0.0,0.0,0.0,0.0,-1.091808,-0.6395479,-1.866118,1.551352,0.1096029,-1.632407,0.04746916,0.7966019,-0.1144314,0.5916737,13.79714,106.3668,356.4706,0.6403956,0.05750316,-0.765889,0.6451266,-0.03315952,-0.1262764,3.587333,-0.1051492,-2.206388,-0.04116195,0.2939154,2.105401,-0.2953383,-0.05978401,-0.9535207,0.2110401,0.9693043,-0.12614,0.9317929,-0.238485,-0.2736559,moving,-75.78852,24.53733,-1.120027,7.947168,2.435263429339348,-1.0406121540344513
05/04/2023 16:19:36.153211,4752,True,True,True,True,Eyes,1.547274,0.1084995,-1.613852,0.9629836,-0.1114515,-0.2454408,0.0,0.0,0.0,0.0,0.0,0.0,0.0,-1.072716,-0.6453648,-1.88893,1.561725,0.1110771,-1.638277,0.04717451,0.7998399,-0.1146165,0.5872766,13.81328,107.0014,356.5073,0.6466306,0.0564044,-0.7607145,0.606419,-0.03116995,-0.1186998,3.591604,-0.1017353,-2.235959,-0.04011077,0.2966457,2.105544,-0.3057615,-0.05915901,-0.9502685,0.2100872,0.9692752,-0.1279406,0.9286405,-0.2387586,-0.2839385,moving,-75.70116,24.42219,-1.091357,8.019502,2.4398301918836474,-1.0380764205435606
05/04/2023 16:19:36.163674,4753,True,True,True,True,Eyes,1.549208,0.1086972,-1.614856,0.962551,-0.1114096,-0.2471509,0.0,0.0,0.0,0.0,0.0,0.0,0.0,-1.054471,-0.6488458,-1.911335,1.571415,0.1126724,-1.644406,0.04693289,0.8030372,-0.1142675,0.582985,13.78295,107.6297,356.5849,0.6518487,0.05548973,-0.7563156,0.5700339,-0.02929975,-0.1115779,3.595207,-0.09651353,-2.265338,-0.03906524,0.299358,2.105685,-0.3158515,-0.05785477,-0.9470432,0.2086102,0.9694805,-0.1287997,0.9255916,-0.2382444,-0.2941428,moving,-75.59946,24.26469,-1.062845,8.091322,2.4454455898723375,-1.0346834720590667
05/04/2023 16:19:36.184558,4754,True,True,True,True,Eyes,1.551467,0.1090097,-1.616066,0.9620428,-0.1112723,-0.2491827,0.0,0.0,0.0,0.0,0.0,0.0,0.0,-1.036011,-0.6498426,-1.934608,1.581676,0.1147122,-1.650292,0.04669753,0.806246,-0.1132432,0.5787598,13.68932,108.2598,356.7087,0.6562375,0.05473034,-0.7525665,0.5358319,-0.02754176,-0.1048832,3.599373,-0.08859664,-2.294266,-0.03805226,0.3019888,2.105824,-0.3257129,-0.05578184,-0.9438219,0.2063806,0.9699906,-0.1285504,0.9226692,-0.236657,-0.3044262,moving,-75.47871,24.0631,-1.035223,8.160946,2.4522987683409228,-1.0303807635917877
05/04/2023 16:19:36.193218,4755,True,True,True,True,Eyes,1.554046,0.1094195,-1.617435,0.9614924,-0.1109369,-0.2514466,0.0,0.0,0.0,0.0,0.0,0.0,0.0,-1.019221,-0.6486211,-1.957266,1.591625,0.1178023,-1.65628,0.04672559,0.8093007,-0.1114822,0.5748225,13.5423,108.862,356.9024,0.6599489,0.05410406,-0.7493595,0.503682,-0.02588926,-0.0985902,3.603563,-0.07772269,-2.321916,-0.0370602,0.3045664,2.105959,-0.3347915,-0.05253489,-0.9408267,0.2037951,0.9707769,-0.1267274,0.9199904,-0.2341631,-0.3143016,moving,-75.3444,23.80682,-1.008174,8.229131,2.460330062430017,-1.0249923886571817
05/04/2023 16:19:36.213249,4756,True,True,True,True,Eyes,1.556918,0.1098799,-1.619,0.9608628,-0.1104799,-0.2540411,0.0,0.0,0.0,0.0,0.0,0.0,0.0,-1.003705,-0.6423845,-1.980434,1.601493,0.1205345,-1.662195,0.04685916,0.8122837,-0.1086793,0.5711287,13.30191,109.4469,357.172,0.6632127,0.05357057,-0.7465109,0.473461,-0.0243359,-0.09267478,3.608052,-0.06369584,-2.348567,-0.03603774,0.3072211,2.106097,-0.3432322,-0.04801391,-0.9380224,0.2002656,0.971986,-0.1230317,0.9176519,-0.2300821,-0.3240014,moving,-75.19051,23.50373,-0.9803013,8.29933,2.4696526074166782,-1.0186408722427984
05/04/2023 16:19:36.233434,4757,True,True,True,True,Eyes,1.556918,0.1098799,-1.619,0.9608628,-0.1104799,-0.2540411,0.0,0.0,0.0,0.0,0.0,0.0,0.0,-0.98513,-0.6371328,-2.004452,1.611251,0.1222362,-1.668285,0.0468758,0.8155725,-0.1063473,0.5668638,13.0977,110.0995,357.4044,0.6661716,0.05310328,-0.7439051,0.4450534,-0.02287575,-0.0871143,3.611171,-0.05198059,-2.377843,-0.03500187,0.3099103,2.106237,-0.3529365,-0.04410759,-0.9346072,0.1970301,0.9729858,-0.1203234,0.9146668,-0.2266122,-0.3347117,moving,-75.19051,23.50373,-0.9520651,8.370399,2.4696526074166782,-1.0186408722427984
05/04/2023 16:19:36.253464,4758,True,True,True,True,Eyes,1.556918,0.1098799,-1.619,0.9608628,-0.1104799,-0.2540411,0.0,0.0,0.0,0.0,0.0,0.0,0.0,-0.9642931,-0.6382899,-2.026767,1.621045,0.1238899,-1.673895,0.04687333,0.8187909,-0.1054951,0.5623659,13.03092,110.754,357.5354,0.6688255,0.05268203,-0.74155,0.4183502,-0.0215032,-0.08188744,3.613437,-0.0453765,-2.406981,-0.0339728,0.3125811,2.106379,-0.3630954,-0.04189481,-0.9308098,0.1954127,0.9733473,-0.120037,0.9110302,-0.2254768,-0.3452313,moving,-75.19051,23.50373,-0.9240166,8.44094,2.4696526074166782,-1.0186408722427984
05/04/2023 16:19:36.263575,4759,True,True,True,True,Eyes,1.560852,0.1104596,-1.621187,0.9598111,-0.1099942,-0.2581936,0.0,0.0,0.0,0.0,0.0,0.0,0.0,-0.9434727,-0.6420514,-2.04775,1.630739,0.1249447,-1.679502,0.04744238,0.8218658,-0.1052751,0.5578558,13.06028,111.3994,357.6776,0.6712068,0.05230232,-0.7394221,0.3932492,-0.02021301,-0.07697419,3.615206,-0.0429227,-2.435549,-0.03294134,0.3152622,2.106519,-0.3730923,-0.03947412,-0.9269542,0.1954392,0.9733328,-0.120112,0.9069762,-0.225976,-0.3554282,moving,-74.9436,23.07471,-0.8959074,8.511726,2.48388023708932,-1.0095267366556406
05/04/2023 16:19:36.288229,4760,True,True,True,True,Eyes,1.565004,0.1110341,-1.62352,0.9586752,-0.1095453,-0.2625677,0.0,0.0,0.0,0.0,0.0,0.0,0.0,-0.9238557,-0.6486593,-2.066612,1.640386,0.1259277,-1.684764,0.04829022,0.8245882,-0.1056778,0.5536739,13.16495,111.9869,357.7998,0.6733867,0.05197655,-0.7374607,0.3696542,-0.01900023,-0.07235574,3.617208,-0.04334749,-2.461693,-0.03191835,0.3179178,2.106658,-0.382227,-0.0373829,-0.9233122,0.1966611,0.9730005,-0.1208072,0.9028994,-0.2277553,-0.3645553,moving,-74.68311,22.64627,-0.8680319,8.581802,2.498582248142103,-1.0003657637020806
05/04/2023 16:19:36.303713,4761,True,True,True,True,Eyes,1.569376,0.111587,-1.625997,0.9573787,-0.1089766,-0.2674885,0.0,0.0,0.0,0.0,0.0,0.0,0.0,-0.904274,-0.6521066,-2.086104,1.649715,0.1262894,-1.690349,0.04890219,0.8273764,-0.1055475,0.5494692,13.20263,112.584,357.9357,0.6753878,0.05169853,-0.735648,0.347475,-0.01786022,-0.0680144,3.618771,-0.04178931,-2.488467,-0.03084606,0.3207033,2.106803,-0.3913839,-0.03506916,-0.9195588,0.1969112,0.9729366,-0.1209145,0.8989128,-0.2283955,-0.3738862,moving,-74.38981,22.16632,-0.8388171,8.655274,2.5151047708618646,-0.9900970515010246
05/04/2023 16:19:36.313309,4762,True,True,True,True,Eyes,1.57396,0.1121152,-1.62859,0.9559928,-0.1083473,-0.2726511,0.0,0.0,0.0,0.0,0.0,0.0,0.0,-0.8819695,-0.6520724,-2.107626,1.659384,0.1263644,-1.695768,0.04922044,0.830507,-0.1047326,0.5448546,13.15572,113.2465,358.0948,0.6772303,0.05146199,-0.7339688,0.3266264,-0.0167886,-0.06393354,3.619784,-0.03745911,-2.517164,-0.02980292,0.3234107,2.106945,-0.4014217,-0.0323723,-0.9153212,0.195884,0.9732169,-0.1203264,0.8947012,-0.2275984,-0.3843291,moving,-74.08174,21.67211,-0.8103999,8.726647,2.5323330354681124,-0.9794974937321147
05/04/2023 16:19:36.333178,4763,True,True,True,True,Eyes,1.578766,0.112664,-1.631269,0.9545032,-0.1074958,-0.2781518,0.0,0.0,0.0,0.0,0.0,0.0,0.0,-0.8587817,-0.6490045,-2.129867,1.668915,0.1262589,-1.701125,0.04957821,0.8337718,-0.1032854,0.5400915,13.04913,113.9378,358.3004,0.6789331,0.05126115,-0.7324082,0.3070289,-0.01578129,-0.06009752,3.620209,-0.03121283,-2.546437,-0.02880436,0.3260044,2.107081,-0.4116865,-0.02889328,-0.9108674,0.1942409,0.9737483,-0.1186793,0.8903846,-0.2257864,-0.3952667,moving,-73.75336,21.12975,-0.7832,8.794983,2.5508955279425694,-0.9679065025816965
05/04/2023 16:19:36.353634,4764,True,True,True,True,Eyes,1.583769,0.1132654,-1.634047,0.9530002,-0.1063087,-0.2837056,0.0,0.0,0.0,0.0,0.0,0.0,0.0,-0.8395923,-0.6405333,-2.151616,1.678852,0.1273697,-1.705838,0.04912109,0.8365254,-0.1005972,0.5363699,12.76768,114.4958,358.4881,0.6805135,0.05109286,-0.7309518,0.2886071,-0.01483441,-0.05649167,3.623134,-0.01713085,-2.570765,-0.02775908,0.3287175,2.107223,-0.4197891,-0.02573256,-0.9072569,0.1900967,0.9749346,-0.1156101,0.8874911,-0.2209984,-0.4043753,moving,-73.42187,20.54172,-0.7547307,8.866429,2.5701504399726103,-0.9554438260303748
05/04/2023 16:19:36.373132,4765,True,True,True,True,Eyes,1.588953,0.113915,-1.636934,0.9514756,-0.1048344,-0.2893163,0.0,0.0,0.0,0.0,0.0,0.0,0.0,-0.8230757,-0.6279346,-2.17335,1.6885,0.1290067,-1.711003,0.04685471,0.8389757,-0.09732362,0.5333409,12.31484,114.952,358.5224,0.6819854,0.05095573,-0.7295882,0.2712907,-0.01394434,-0.05310217,3.627066,0.003895736,-2.592957,-0.02672029,0.3314152,2.107365,-0.4267042,-0.02519341,-0.9040404,0.1824333,0.9766655,-0.1133252,0.8858001,-0.2132834,-0.4121511,moving,-73.08699,19.9181,-0.7264416,8.93743,2.5899792303999183,-0.9422977480494246
05/04/2023 16:19:36.385007,4766,True,True,True,True,Eyes,1.594317,0.114585,-1.639888,0.9500076,-0.1029416,-0.2947685,0.0,0.0,0.0,0.0,0.0,0.0,0.0,-0.8116475,-0.6123043,-2.193377,1.698344,0.1308319,-1.715546,0.04261605,0.8406412,-0.09387702,0.5316893,11.72127,115.2056,358.351,0.6833625,0.05084817,-0.728306,0.2550133,-0.01310768,-0.04991604,3.63378,0.0303675,-2.608752,-0.02570462,0.3340536,2.107504,-0.4309808,-0.02817721,-0.9019212,0.1714765,0.9787419,-0.1125168,0.8859186,-0.2031508,-0.4169873,moving,-72.76192,19.25066,-0.6987856,9.006838,2.610018502069067,-0.9283696927186399
05/04/2023 16:19:36.403766,4767,True,True,True,True,Eyes,1.599836,0.1152685,-1.642938,0.9485285,-0.1009419,-0.3001742,0.0,0.0,0.0,0.0,0.0,0.0,0.0,-0.8067558,-0.5960717,-2.210687,1.707972,0.1319901,-1.720088,0.03611283,0.8413379,-0.09105176,0.5315601,11.04634,115.2269,357.896,0.6846558,0.05076775,-0.727096,0.2397125,-0.01232122,-0.04692108,3.643002,0.05931776,-2.618162,-0.02467346,0.3367309,2.107645,-0.4322796,-0.0360328,-0.9010195,0.1575651,0.9808109,-0.1148183,0.887867,-0.1916029,-0.4183069,moving,-72.43935,18.58665,-0.6707112,9.077229,2.6299253648899787,-0.9145167408840228
05/04/2023 16:19:36.413368,4768,True,True,True,True,Eyes,1.605489,0.1160005,-1.6461,0.9470747,-0.09887012,-0.3054082,0.0,0.0,0.0,0.0,0.0,0.0,0.0,-0.801529,-0.5895215,-2.225315,1.717676,0.1328373,-1.724514,0.03113801,0.8418435,-0.09011266,0.5312342,10.64974,115.2577,357.4739,0.6858755,0.05071183,-0.7259494,0.2253297,-0.01158195,-0.04410582,3.651666,0.07780732,-2.627501,-0.02354735,0.3396557,2.107798,-0.4336416,-0.04331518,-0.900044,0.1481685,0.9818202,-0.1186384,0.8888203,-0.1848047,-0.4193402,moving,-72.12677,17.93838,-0.6400557,9.154089,2.64927720117546,-0.901002130600174
05/04/2023 16:19:36.433554,4769,True,True,True,True,Eyes,1.611278,0.1167517,-1.649343,0.9455096,-0.09713916,-0.3107663,0.0,0.0,0.0,0.0,0.0,0.0,0.0,-0.7972362,-0.5881696,-2.238642,1.726507,0.1344096,-1.730362,0.02715154,0.8423509,-0.08994547,0.5306767,10.39007,115.3151,357.1024,0.6870292,0.05067964,-0.72486,0.2118099,-0.01088703,-0.04145947,3.658911,0.09145169,-2.638592,-0.02259773,0.3421202,2.107926,-0.4352901,-0.0497217,-0.8989162,0.1412062,0.9823452,-0.1227139,0.8891475,-0.1803486,-0.4205841,moving,-71.80555,17.35817,-0.6142079,9.218822,2.6680680975487894,-0.8887301133026076
05/04/2023 16:19:36.453591,4770,True,True,True,True,Eyes,1.617199,0.1175105,-1.652675,0.9439268,-0.09545917,-0.3160535,0.0,0.0,0.0,0.0,0.0,0.0,0.0,-0.7912983,-0.5915747,-2.25056,1.735895,0.135542,-1.734772,0.02463851,0.8428134,-0.09060148,0.5299526,10.3019,115.3912,356.8247,0.6881242,0.05066918,-0.7238213,0.1991013,-0.01023381,-0.0389719,3.66648,0.09839088,-2.648395,-0.02158624,0.3447458,2.108062,-0.4370862,-0.05449766,-0.8977669,0.1375603,0.9823686,-0.1266058,0.8888378,-0.1788348,-0.421883,moving,-71.48799,16.80615,-0.5866796,9.287754,2.6863698535108047,-0.8770035470966292
05/04/2023 16:19:36.464523,4771,True,True,True,True,Eyes,1.623238,0.1182645,-1.656089,0.9421317,-0.09390695,-0.3218219,0.0,0.0,0.0,0.0,0.0,0.0,0.0,-0.7829195,-0.59281,-2.264373,1.744919,0.1365517,-1.740224,0.02338834,0.8438337,-0.0905226,0.528397,10.22352,115.5986,356.7267,0.6891676,0.05067819,-0.7228273,0.1871553,-0.009619782,-0.03663359,3.672004,0.1049064,-2.66273,-0.02054292,0.3474572,2.108204,-0.4404992,-0.05619201,-0.8959927,0.1351355,0.9825172,-0.1280554,0.8875241,-0.1774887,-0.4252045,moving,-71.1404,16.26713,-0.5582881,9.358893,2.705571283683219,-0.8653936607701284
05/04/2023 16:19:36.485501,4772,True,True,True,True,Eyes,1.629399,0.1190104,-1.659579,0.940293,-0.09243486,-0.3275743,0.0,0.0,0.0,0.0,0.0,0.0,0.0,-0.7718133,-0.5960659,-2.277843,1.754252,0.1371993,-1.744516,0.02492616,0.8451665,-0.09032765,0.5262255,10.30671,115.9066,356.916,0.6901647,0.05070411,-0.7218734,0.1759259,-0.009042595,-0.03443557,3.676843,0.1049835,-2.677623,-0.0195182,0.3501189,2.108345,-0.444931,-0.05293191,-0.8939993,0.1371989,0.9824393,-0.1264502,0.8849933,-0.1789174,-0.4298554,moving,-70.79296,15.758,-0.5304058,9.428689,2.7243864293592046,-0.8543462566807736
05/04/2023 16:19:36.503757,4773,True,True,True,True,Eyes,1.635669,0.1197499,-1.663153,0.9382414,-0.09100047,-0.3337995,0.0,0.0,0.0,0.0,0.0,0.0,0.0,-0.7593688,-0.5970181,-2.292787,1.763313,0.1378004,-1.749766,0.0264195,0.8468049,-0.08963252,0.5236311,10.33893,116.2789,357.1377,0.6911211,0.05074447,-0.720955,0.1653704,-0.008500039,-0.03236944,3.680414,0.1070147,-2.695478,-0.01845258,0.3528828,2.10849,-0.4502252,-0.04912441,-0.8915629,0.1386131,0.982536,-0.1241344,0.8820907,-0.1794707,-0.4355533,moving,-70.41589,15.2494,-0.5014148,9.501122,2.74424599494283,-0.843182833716911
05/04/2023 16:19:36.524231,4774,True,True,True,True,Eyes,1.642065,0.1204801,-1.666794,0.9361197,-0.08960829,-0.3400741,0.0,0.0,0.0,0.0,0.0,0.0,0.0,-0.7446209,-0.5977007,-2.308046,1.772711,0.138369,-1.754176,0.02735253,0.8485367,-0.08902489,0.5208762,10.34508,116.6681,357.3011,0.6920407,0.05079716,-0.7200685,0.1554482,-0.007990036,-0.03042727,3.68382,0.1098769,-2.713275,-0.01743472,0.3555274,2.108629,-0.4558797,-0.04632264,-0.8888352,0.1391611,0.9826528,-0.1225872,0.879095,-0.1795763,-0.4415252,moving,-70.0349,14.7617,-0.4737263,9.570399,2.763978248297498,-0.8323956024250684
05/04/2023 16:19:36.533274,4775,True,True,True,True,Eyes,1.648573,0.121183,-1.670506,0.933782,-0.08825362,-0.3467888,0.0,0.0,0.0,0.0,0.0,0.0,0.0,-0.7244244,-0.5982019,-2.325459,1.782101,0.139017,-1.759315,0.02826346,0.8509185,-0.08833665,0.5170451,10.34422,117.2035,357.4803,0.6929285,0.05086016,-0.7192097,0.1461213,-0.007510634,-0.02860164,3.684689,0.1130069,-2.736485,-0.01644689,0.3580919,2.108763,-0.4637312,-0.04324825,-0.8849198,0.1394479,0.9827957,-0.1211076,0.874933,-0.1795615,-0.4497221,moving,-69.62597,14.27801,-0.4468583,9.637541,2.7846506115745555,-0.8215649516371059
05/04/2023 16:19:36.553284,4776,True,True,True,True,Eyes,1.655213,0.121846,-1.674268,0.9313626,-0.08689201,-0.3535724,0.0,0.0,0.0,0.0,0.0,0.0,0.0,-0.7036488,-0.5966045,-2.342918,1.791721,0.1391362,-1.763717,0.02875675,0.8532484,-0.08743037,0.5133188,10.29535,117.7238,357.63,0.6937885,0.05093092,-0.7183751,0.137354,-0.007059996,-0.02688554,3.685821,0.1176518,-2.758667,-0.01535988,0.3609149,2.108911,-0.4713537,-0.040686,-0.8810053,0.1388326,0.983058,-0.1196769,0.8709486,-0.1787224,-0.4577195,moving,-69.21178,13.80707,-0.4172962,9.711407,2.805347077242286,-0.8109515989550236
05/04/2023 16:19:36.563776,4777,True,True,True,True,Eyes,1.661969,0.1224533,-1.678118,0.928739,-0.08552475,-0.3607344,0.0,0.0,0.0,0.0,0.0,0.0,0.0,-0.6815028,-0.592899,-2.361447,1.801482,0.1388608,-1.768555,0.02943695,0.8557757,-0.08609828,0.5092824,10.21516,118.291,357.8271,0.6946243,0.05100657,-0.7175617,0.1291128,-0.006636396,-0.0252724,3.686249,0.1227436,-2.782313,-0.0144071,0.3633904,2.10904,-0.4795299,-0.0373138,-0.8767318,0.1380795,0.9834411,-0.1173782,0.8665939,-0.1773451,-0.4664371,moving,-68.77319,13.33771,-0.3913881,9.77615,2.826889036830978,-0.8002642013236222
05/04/2023 16:19:36.585845,4778,True,True,True,True,Eyes,1.668859,0.1230008,-1.681998,0.9260403,-0.08414023,-0.3679266,0.0,0.0,0.0,0.0,0.0,0.0,0.0,-0.6602219,-0.5871125,-2.379725,1.81146,0.1381091,-1.772912,0.03070896,0.8581883,-0.08427805,0.5054376,10.11915,118.8399,358.1089,0.695439,0.05108389,-0.7167666,0.121366,-0.006238212,-0.02375606,3.687299,0.1281497,-2.804396,-0.01337433,0.366071,2.109181,-0.48718,-0.03248645,-0.8726974,0.1379027,0.9839083,-0.11361,0.862345,-0.1756958,-0.4748605,moving,-68.3315,12.88132,-0.3633079,9.846212,2.8483756650991117,-0.7898074210774142
05/04/2023 16:19:36.603654,4779,True,True,True,True,Eyes,1.675874,0.1234868,-1.685938,0.9231514,-0.08276419,-0.375422,0.0,0.0,0.0,0.0,0.0,0.0,0.0,-0.6392237,-0.5813784,-2.398116,1.821553,0.1374601,-1.777812,0.03207693,0.8605725,-0.08240048,0.5015936,10.02061,119.3875,358.4024,0.6962369,0.05115994,-0.7159861,0.114084,-0.005863919,-0.0223307,3.688359,0.1338091,-2.826832,-0.01232189,0.3688054,2.109325,-0.49475,-0.02745407,-0.8686018,0.1378722,0.9843625,-0.109644,0.8580292,-0.1740023,-0.4832281,moving,-67.86968,12.43236,-0.3346967,9.917641,2.870481740547437,-0.7794047140060582
05/04/2023 16:19:36.613143,4780,True,True,True,True,Eyes,1.683018,0.1239014,-1.689907,0.9201782,-0.08140939,-0.382942,0.0,0.0,0.0,0.0,0.0,0.0,0.0,-0.6164727,-0.5760543,-2.416349,1.831716,0.1364946,-1.782359,0.03379353,0.8630548,-0.08057166,0.4974963,9.944831,119.968,358.7296,0.6970205,0.0512319,-0.7152182,0.107239,-0.005512084,-0.02099086,3.688822,0.1381759,-2.849621,-0.01131898,0.3714081,2.109461,-0.5027109,-0.02183688,-0.8641788,0.1384995,0.9847324,-0.1054512,0.8532876,-0.1726998,-0.4920114,moving,-67.40485,12.0018,-0.3074357,9.985598,2.8924600837070034,-0.7693350750811767
05/04/2023 16:19:36.633561,4781,True,True,True,True,Eyes,1.864719,0.132224,-1.790279,0.8214256,-0.0489768,-0.5682088,0.0,0.0,0.0,0.0,0.0,0.0,0.0,-0.5935094,-0.5723175,-2.434348,1.842035,0.1352739,-1.787305,0.035643,0.8654988,-0.07905897,0.4933471,9.905262,120.5502,359.0514,0.6977931,0.05129696,-0.7144598,0.1008047,-0.005181359,-0.0197314,3.689222,0.1410519,-2.872833,-0.01027024,0.3741311,2.109603,-0.5106767,-0.01630908,-0.8596182,0.1397049,0.9849585,-0.1016821,0.8483467,-0.1720196,-0.5007169,moving,-55.32704,4.926437,-0.2789324,10.05665,3.4111201272002716,-0.584986339840754
05/04/2023 16:19:36.653352,4782,True,True,True,True,Eyes,1.865139,0.1321355,-1.790465,0.8212019,-0.0489965,-0.5685303,0.0,0.0,0.0,0.0,0.0,0.0,0.0,-0.5688825,-0.5720011,-2.45148,1.852515,0.1336184,-1.791899,0.03720101,0.8679152,-0.07841077,0.4890718,9.932957,121.136,359.2949,0.701032,0.05118802,-0.7112899,0.6398603,0.02009745,-0.3196623,3.68929,0.140933,-2.896111,-0.009242177,0.3768003,2.109743,-0.5188497,-0.01212234,-0.8547794,0.1412716,0.9849356,-0.09971984,0.8431116,-0.1724957,-0.5093211,moving,-55.30457,4.925636,-0.2509948,10.12626,3.4119274980991308,-0.5848757450701997
05/04/2023 16:19:36.663789,4783,True,True,True,True,Eyes,1.865938,0.1319512,-1.790898,0.8207268,-0.04911269,-0.5692061,0.0,0.0,0.0,0.0,0.0,0.0,0.0,-0.5438979,-0.5717485,-2.468319,1.862941,0.1315545,-1.796515,0.0383932,0.8702907,-0.07795245,0.484813,9.957032,121.7139,359.4905,0.7036915,0.05110872,-0.7086647,0.6014687,0.0188916,-0.3004826,3.689117,0.1405935,-2.919328,-0.008196235,0.3795177,2.109885,-0.5269649,-0.008758243,-0.8498422,0.1424112,0.9848987,-0.09845554,0.8378707,-0.1729096,-0.5177597,moving,-55.25718,4.931427,-0.2225749,10.19709,3.413534930364938,-0.5847831053277011
05/04/2023 16:19:36.686240,4784,True,True,True,True,Eyes,1.86713,0.1316746,-1.791496,0.8200194,-0.04927321,-0.5702108,0.0,0.0,0.0,0.0,0.0,0.0,0.0,-0.5172282,-0.5734618,-2.484695,1.873443,0.1289805,-1.801018,0.03923944,0.8726959,-0.07809201,0.480379,10.02051,122.3051,359.6195,0.7058803,0.05104772,-0.706489,0.5653806,0.0177581,-0.2824537,3.68835,0.1381995,-2.943089,-0.007180452,0.3821558,2.110025,-0.5353932,-0.006539323,-0.8445781,0.1435157,0.9847238,-0.09860156,0.8323209,-0.1740008,-0.5262758,moving,-55.1867,4.938791,-0.1949778,10.2658,3.415941471275451,-0.584621858935975
05/04/2023 16:19:36.703490,4785,True,True,True,True,Eyes,1.868706,0.131314,-1.792275,0.8190176,-0.0495206,-0.5716274,0.0,0.0,0.0,0.0,0.0,0.0,0.0,-0.4866457,-0.5777308,-2.501372,1.884431,0.1265324,-1.80565,0.03923537,0.8753102,-0.07896314,0.475455,10.1103,122.9468,359.6275,0.707689,0.05099551,-0.7046808,0.5314577,0.01669262,-0.2655064,3.686412,0.1349841,-2.969141,-0.006153226,0.3848222,2.110163,-0.544806,-0.006400583,-0.8385375,0.1437731,0.9844509,-0.1009252,0.8261448,-0.1755438,-0.5354146,moving,-55.08716,4.951224,-0.1670737,10.33523,3.419314358543231,-0.5844323371123004
05/04/2023 16:19:36.713425,4786,True,True,True,True,Eyes,1.870658,0.1308707,-1.793198,0.8177792,-0.04977488,-0.5733756,0.0,0.0,0.0,0.0,0.0,0.0,0.0,-0.45403,-0.5815164,-2.518084,1.895607,0.1242037,-1.810054,0.03922104,0.8780397,-0.07971062,0.4702705,10.18733,123.6221,359.6451,0.7091921,0.05094432,-0.7031719,0.4995703,0.01569106,-0.2495761,3.683744,0.1325391,-2.995896,-0.005057514,0.3876683,2.110312,-0.5546149,-0.006095833,-0.8320848,0.1438463,0.9842158,-0.1030892,0.8195796,-0.1768672,-0.5449839,moving,-54.96427,4.961423,-0.1373132,10.40929,3.4235441005190275,-0.5841015427162257
05/04/2023 16:19:36.739409,4787,True,True,True,True,Eyes,1.872969,0.1303382,-1.794275,0.8162665,-0.0500584,-0.5755025,0.0,0.0,0.0,0.0,0.0,0.0,0.0,-0.4215401,-0.5828667,-2.534635,1.906505,0.1217964,-1.814445,0.03905503,0.8807493,-0.08003806,0.4651336,10.21361,124.2925,359.6704,0.7104512,0.05088766,-0.701904,0.469596,0.01474959,-0.2346015,3.680666,0.1316172,-3.022135,-0.004078865,0.3902085,2.110445,-0.5642509,-0.005661389,-0.8255839,0.1432522,0.9841372,-0.1046553,0.8130804,-0.1773186,-0.5544894,moving,-54.81454,4.971194,-0.1107356,10.47534,3.428731492560474,-0.5836485844192096
05/04/2023 16:19:36.755343,4788,True,True,True,True,Eyes,1.875645,0.1297842,-1.795478,0.814491,-0.05038429,-0.5779844,0.0,0.0,0.0,0.0,0.0,0.0,0.0,-0.3868058,-0.5855721,-2.550871,1.917675,0.1191511,-1.81873,0.03910035,0.8835573,-0.08061429,0.4596728,10.27666,125.0021,359.7078,0.7115339,0.05081822,-0.7008113,0.4414203,0.01386462,-0.2205254,3.676803,0.1291628,-3.049282,-0.003067493,0.3928344,2.110584,-0.5743446,-0.005017578,-0.8185986,0.1432072,0.983945,-0.1065079,0.8059904,-0.1784014,-0.5644048,moving,-54.63948,4.982017,-0.08327284,10.54358,3.4348041014903865,-0.5831077021298379
05/04/2023 16:19:36.763542,4789,True,True,True,True,Eyes,1.878655,0.1292271,-1.796835,0.8124514,-0.05062063,-0.5808272,0.0,0.0,0.0,0.0,0.0,0.0,0.0,-0.3492408,-0.5904993,-2.56672,1.929134,0.1178296,-1.822983,0.03965998,0.8865418,-0.08118612,0.4537395,10.36629,125.7748,359.8046,0.7125343,0.05072909,-0.6998007,0.4149351,0.01303274,-0.2072939,3.6718,0.1270982,-3.077827,-0.002031207,0.3955246,2.110725,-0.585095,-0.003354249,-0.8109578,0.1439952,0.9836718,-0.1079592,0.7980784,-0.1799404,-0.5750586,moving,-54.43876,4.980894,-0.05513725,10.61346,3.441939300630798,-0.5822331684143844
05/04/2023 16:19:36.788990,4790,True,True,True,True,Eyes,1.881999,0.1286449,-1.798307,0.810136,-0.05085586,-0.584032,0.0,0.0,0.0,0.0,0.0,0.0,0.0,-0.3090203,-0.5922132,-2.582888,1.940378,0.1172413,-1.827213,0.04022255,0.8897727,-0.08095043,0.4473632,10.37227,126.6105,359.9504,0.7134639,0.05062151,-0.6988606,0.3900389,0.01225078,-0.1948563,3.665037,0.1288964,-3.107734,-0.0009980202,0.3982083,2.110864,-0.5964968,-0.0008506461,-0.8026152,0.1440064,0.9836584,-0.1080668,0.7895911,-0.1800431,-0.5866265,moving,-54.21194,4.976602,-0.02708954,10.68313,3.4500408324838188,-0.5811880943694303
05/04/2023 16:19:36.803179,4791,True,True,True,True,Eyes,1.885679,0.1280344,-1.799868,0.8075649,-0.05110589,-0.5875602,0.0,0.0,0.0,0.0,0.0,0.0,0.0,-0.2646546,-0.5938467,-2.598912,1.952115,0.1163164,-1.831054,0.04090876,0.8932239,-0.08070254,0.4404141,10.38167,127.5183,0.1162821,0.7143346,0.05049575,-0.6979797,0.3666366,0.01151573,-0.1831649,3.656845,0.1301424,-3.13898,0.0,0.4008,2.111001,-0.6087238,0.001996283,-0.7933797,0.1441665,0.9836271,-0.1081373,0.780174,-0.1802045,-0.599045,moving,-53.96148,4.971067,0.0,10.75037,3.4589968765014714,-0.5800191426230715
05/04/2023 16:19:36.823651,4792,True,True,True,True,Eyes,1.88966,0.1274327,-1.801526,0.8047658,-0.05147193,-0.5913567,0.0,0.0,0.0,0.0,0.0,0.0,0.0,-0.2238936,-0.5989603,-2.612985,1.963518,0.1149868,-1.835196,0.0420439,0.8962731,-0.08107398,0.4339978,10.47595,128.3518,0.2909743,0.7151557,0.0503522,-0.6971488,0.3446384,0.01082479,-0.172175,3.649814,0.125273,-3.166836,-1.192093e-07,0.4008001,2.111001,-0.6197566,0.004993773,-0.7847784,0.1457375,0.9833186,-0.1088349,0.7711437,-0.1818227,-0.610146,static,-53.69087,4.974511,-3.235522e-06,10.75037,3.468553334454377,-0.5789332956788611
05/04/2023 16:19:36.833681,4793,True,True,True,True,Eyes,1.893916,0.1268382,-1.803283,0.8018504,-0.05186243,-0.5952699,0.0,0.0,0.0,0.0,0.0,0.0,0.0,-0.1850321,-0.6112117,-2.624211,1.974939,0.1147295,-1.838682,0.04450968,0.8990008,-0.08215965,0.4278626,10.70843,129.1507,0.5669351,0.7159365,0.05019242,-0.6963584,0.3239601,0.0101753,-0.1618445,3.643741,0.1162829,-3.192219,-1.192093e-07,0.4008,2.111001,-0.6299052,0.009722407,-0.7766113,0.1503345,0.9825374,-0.1096351,0.7619837,-0.1858112,-0.620367,static,-53.4109,4.979277,-3.235522e-06,10.75037,3.4784250048953753,-0.5778325014607941
05/04/2023 16:19:36.853794,4794,True,True,True,True,Eyes,1.898443,0.1262411,-1.805139,0.7987424,-0.05237339,-0.5993894,0.0,0.0,0.0,0.0,0.0,0.0,0.0,-0.1488774,-0.6237506,-2.634549,1.986138,0.1143537,-1.84235,0.0471879,0.9014745,-0.08320758,0.42213,10.94449,129.8987,0.8653858,0.7166838,0.05001799,-0.6956018,0.3045225,0.009564782,-0.1521338,3.638453,0.107029,-3.215945,-3.576279e-07,0.4008,2.111001,-0.6391593,0.01482854,-0.7689316,0.1553262,0.9816996,-0.1101801,0.7532259,-0.1898578,-0.6297657,static,-53.11484,4.993702,-9.706567e-06,10.75037,3.4887443868747336,-0.5768448564283561
05/04/2023 16:19:36.863269,4795,True,True,True,True,Eyes,1.903221,0.1257169,-1.807117,0.795563,-0.05282949,-0.6035632,0.0,0.0,0.0,0.0,0.0,0.0,0.0,-0.113691,-0.6351985,-2.644791,1.997236,0.1137442,-1.846466,0.04924533,0.9038347,-0.08428661,0.4165977,11.15088,130.6151,1.097491,0.717404,0.04982983,-0.6948725,0.2862511,0.008990896,-0.1430058,3.63327,0.09865219,-3.23935,2.384186e-07,0.4007999,2.111,-0.6480428,0.01879207,-0.7613722,0.1592465,0.9809413,-0.1113313,0.7447693,-0.1933933,-0.6386845,static,-52.8138,5.002313,6.471046e-06,10.75037,3.49931454522349,-0.575726751176616
05/04/2023 16:19:36.886473,4796,True,True,True,True,Eyes,1.908243,0.1253413,-1.809181,0.7922114,-0.05316014,-0.6079269,0.0,0.0,0.0,0.0,0.0,0.0,0.0,-0.07670164,-0.6503286,-2.653998,2.008468,0.1149891,-1.850769,0.05058849,0.9062155,-0.0859995,0.4108752,11.38725,131.3437,1.22852,0.718102,0.04963168,-0.6941653,0.269076,0.008451442,-0.1344254,3.627199,0.09101471,-3.263603,3.576279e-07,0.4007999,2.111,-0.6572447,0.02101803,-0.7533841,0.1623583,0.9800898,-0.114297,0.7359817,-0.1974393,-0.6475713,static,-52.4981,4.997515,9.706569e-06,10.75037,3.510575696599902,-0.5742942643646114
05/04/2023 16:19:36.903481,4797,True,True,True,True,Eyes,1.913507,0.1250915,-1.811358,0.7887766,-0.0532422,-0.6123698,0.0,0.0,0.0,0.0,0.0,0.0,0.0,-0.04039133,-0.6491433,-2.666302,2.019391,0.1181512,-1.854801,0.04946895,0.9087306,-0.08507434,0.4056156,11.23012,132.0124,1.220537,0.7187815,0.04943006,-0.6934761,0.2529315,0.007944356,-0.1263599,3.621528,0.1000704,-3.286511,1.192093e-07,0.4008001,2.111001,-0.6660579,0.02089293,-0.7456076,0.1589228,0.9806303,-0.1144886,0.7287735,-0.19475,-0.6564769,static,-52.17588,4.969059,3.235521e-06,10.75037,3.522369689183236,-0.5723893545935455
05/04/2023 16:19:36.913517,4798,True,True,True,True,Eyes,1.919,0.1249697,-1.813634,0.7851932,-0.05300825,-0.6169779,0.0,0.0,0.0,0.0,0.0,0.0,0.0,-0.002703428,-0.6473542,-2.678916,2.030656,0.1208546,-1.859434,0.04817061,0.9113033,-0.08419651,0.400146,11.06997,132.7037,1.191913,0.7194468,0.04922962,-0.6928003,0.2377556,0.007467695,-0.1187783,3.615299,0.1087836,-3.310545,2.384186e-07,0.4007999,2.111,-0.6751255,0.02041427,-0.7374203,0.1551779,0.9811811,-0.1149066,0.7211971,-0.1920077,-0.6655882,static,-51.84095,4.910563,6.471048e-06,10.75037,3.5349974656101812,-0.5698657402096078
05/04/2023 16:19:36.933537,4799,True,True,True,True,Eyes,1.924703,0.1249404,-1.816008,0.7815595,-0.05248138,-0.6216193,0.0,0.0,0.0,0.0,0.0,0.0,0.0,0.03298497,-0.6343802,-2.693322,2.041564,0.1239057,-1.863914,0.04556981,0.9138331,-0.08161779,0.3951848,10.67204,133.3304,1.094915,0.7201018,0.04903445,-0.6921333,0.2234903,0.007019633,-0.1116516,3.609801,0.1267714,-3.332787,0.0,0.4008,2.111,-0.6835046,0.01877818,-0.7297046,0.1477946,0.9825239,-0.1131531,0.7148273,-0.1851871,-0.6743349,static,-51.50275,4.82586,0.0,10.75037,3.548075272204027,-0.5668356075351314
05/04/2023 16:19:36.953175,4800,True,True,True,True,Eyes,1.930593,0.1250204,-1.818487,0.7777508,-0.05189457,-0.6264268,0.0,0.0,0.0,0.0,0.0,0.0,0.0,0.07041466,-0.6247117,-2.706502,2.052506,0.1259939,-1.868615,0.04392901,0.9164047,-0.07951044,0.3898088,10.36832,134.0112,1.079132,0.7207482,0.04884747,-0.6914735,0.2100808,0.006598455,-0.1049525,3.603068,0.1402514,-3.356069,-1.192093e-07,0.4007999,2.111001,-0.6922389,0.01852578,-0.7214308,0.1425012,0.9834967,-0.1114796,0.7074596,-0.1799753,-0.6834546,static,-51.15086,4.735694,-3.235522e-06,10.75037,3.5617083836718733,-0.5636445790918628
05/04/2023 16:19:36.963473,4801,True,True,True,True,Eyes,1.936646,0.1251845,-1.821064,0.7738715,-0.05133753,-0.6312586,0.0,0.0,0.0,0.0,0.0,0.0,0.0,0.1071546,-0.6244444,-2.716736,2.062939,0.1285188,-1.873454,0.04417066,0.918834,-0.07838866,0.3842505,10.25314,134.7206,1.218709,0.7213878,0.04867158,-0.6908185,0.197476,0.006202548,-0.09865538,3.595628,0.1470764,-3.37927,1.192093e-07,0.4008,2.111001,-0.7008011,0.02092924,-0.7130498,0.1414128,0.9838083,-0.1101071,0.6991999,-0.1779975,-0.6924137,static,-50.79536,4.649386,3.235522e-06,10.75037,3.5754203939373648,-0.5605107206926239
05/04/2023 16:19:36.986895,4802,True,True,True,True,Eyes,1.942841,0.1253998,-1.823753,0.7697685,-0.05089303,-0.6362911,0.0,0.0,0.0,0.0,0.0,0.0,0.0,0.1450051,-0.6283898,-2.725155,2.073052,0.1308807,-1.878214,0.04481265,0.9212404,-0.07797083,0.3784556,10.22877,135.4559,1.371206,0.7220217,0.04850864,-0.6901674,0.1856274,0.005830395,-0.09273606,3.587041,0.1503284,-3.40282,0.0,0.4008,2.111001,-0.7095266,0.02354945,-0.7042853,0.1415834,0.9838248,-0.1097406,0.6903089,-0.1775789,-0.7013841,static,-50.42284,4.573003,0.0,10.75037,3.58960971878187,-0.5574910573106828
05/04/2023 16:19:37.003870,4803,True,True,True,True,Eyes,1.949181,0.1256445,-1.826537,0.7655383,-0.05061205,-0.6413965,0.0,0.0,0.0,0.0,0.0,0.0,0.0,0.1855782,-0.6409817,-2.730776,2.082711,0.1321562,-1.883424,0.04670598,0.92371,-0.07890091,0.3719583,10.39938,136.2791,1.607394,0.7226512,0.04835879,-0.6895188,0.1744898,0.005480571,-0.0871719,3.575862,0.1451638,-3.42851,0.0,0.4008,2.111001,-0.7189311,0.02758986,-0.6945336,0.1449813,0.9831864,-0.1110178,0.6797929,-0.1805085,-0.7108434,static,-50.04247,4.511813,0.0,10.75037,3.603883893449105,-0.5547236010754074
05/04/2023 16:19:37.013371,4804,True,True,True,True,Eyes,1.955626,0.1259063,-1.829422,0.7610325,-0.05044109,-0.6467497,0.0,0.0,0.0,0.0,0.0,0.0,0.0,0.2275449,-0.6526344,-2.735793,2.092134,0.1331868,-1.888786,0.0485159,0.9262384,-0.07970262,0.365207,10.54945,137.1327,1.845415,0.7232773,0.04822148,-0.6888716,0.1640204,0.005151737,-0.08194158,3.563333,0.1405176,-3.454825,-2.384186e-07,0.4007999,2.111,-0.7285401,0.03165868,-0.684271,0.1480905,0.9825874,-0.1122106,0.6688037,-0.1830839,-0.7205426,static,-49.64105,4.459566,-6.471047e-06,10.75037,3.6187908699317832,-0.5520347463128756
05/04/2023 16:19:37.033510,4805,True,True,True,True,Eyes,1.96217,0.1261543,-1.832423,0.7563701,-0.05040248,-0.6521993,0.0,0.0,0.0,0.0,0.0,0.0,0.0,0.2741914,-0.6650996,-2.739108,2.101199,0.1339253,-1.894011,0.04990003,0.9289758,-0.08092085,0.3577233,10.72223,138.0699,2.030756,0.7238995,0.04809595,-0.6882265,0.1541792,0.004842633,-0.07702509,3.547553,0.1347333,-3.483042,-2.384186e-07,0.4008,2.111,-0.7390882,0.03481728,-0.6727085,0.1506064,0.9819236,-0.1146462,0.6565565,-0.1860478,-0.7309718,static,-49.22961,4.41908,-6.471045e-06,10.75037,3.6339034232609553,-0.5495243607061382
05/04/2023 16:19:37.053575,4806,True,True,True,True,Eyes,1.968808,0.1263816,-1.835539,0.751394,-0.05040739,-0.6579257,0.0,0.0,0.0,0.0,0.0,0.0,0.0,0.3250397,-0.6722265,-2.742547,2.110003,0.1337929,-1.89976,0.05046051,0.9319776,-0.08162638,0.3495835,10.80274,139.0821,2.157864,0.7245166,0.04798041,-0.6875849,0.1449284,0.004552075,-0.07240358,3.528729,0.1315498,-3.513505,-2.384186e-07,0.4008,2.111001,-0.7504903,0.03698567,-0.6598457,0.1511266,0.9815817,-0.1168676,0.6433702,-0.1874282,-0.7422571,static,-48.79439,4.381193,-6.471044e-06,10.75037,3.6498264872843773,-0.5469617204920751
05/04/2023 16:19:37.073505,4807,True,True,True,True,Eyes,1.975521,0.1266154,-1.838773,0.7462616,-0.05042676,-0.66374,0.0,0.0,0.0,0.0,0.0,0.0,0.0,0.3776681,-0.6777824,-2.745296,2.118968,0.133535,-1.905468,0.05043823,0.9349915,-0.08233933,0.341273,10.8594,140.1072,2.224397,0.7251289,0.04787273,-0.6869466,0.1362327,0.00427895,-0.06805936,3.508949,0.1291496,-3.544034,2.384186e-07,0.4008,2.111001,-0.7619777,0.03811826,-0.6464807,0.150519,0.9813524,-0.1195467,0.6298685,-0.1883996,-0.7535062,static,-48.34946,4.344624,6.471043e-06,10.75037,3.666077231627635,-0.5443825696801012
05/04/2023 16:19:37.087424,4808,True,True,True,True,Eyes,1.982293,0.1268477,-1.842147,0.7408038,-0.0503953,-0.6698283,0.0,0.0,0.0,0.0,0.0,0.0,0.0,0.4318043,-0.6793392,-2.747723,2.127594,0.1339128,-1.911372,0.04960265,0.9380736,-0.08256908,0.3327764,10.83171,141.1471,2.223579,0.7257364,0.04777202,-0.6863118,0.1280588,0.004022213,-0.0639758,3.487604,0.130566,-3.574901,0.0,0.4008001,2.111002,-0.7735992,0.03810779,-0.6325287,0.1480159,0.9814438,-0.1218985,0.6161461,-0.1879249,-0.7648848,static,-47.88039,4.302607,0.0,10.75036,3.683253821319012,-0.5415983735731702
05/04/2023 16:19:37.103704,4809,True,True,True,True,Eyes,1.989119,0.1270748,-1.845648,0.735277,-0.05038089,-0.6758916,0.0,0.0,0.0,0.0,0.0,0.0,0.0,0.4862787,-0.6785876,-2.7498,2.13587,0.1340977,-1.917923,0.04898676,0.9411703,-0.08226863,0.3240843,10.75497,142.2121,2.268422,0.726337,0.04767741,-0.6856828,0.1203752,0.00378088,-0.06013726,3.464973,0.1336166,-3.606249,2.384186e-07,0.4007999,2.111,-0.7851391,0.03888582,-0.6180971,0.1455337,0.9816644,-0.1231059,0.6019768,-0.1866092,-0.7764024,static,-47.40973,4.262938,6.471047e-06,10.75037,3.7004568925513768,-0.5388515526017217
05/04/2023 16:19:37.123452,4810,True,True,True,True,Eyes,1.995965,0.1273068,-1.849294,0.7294096,-0.05039676,-0.6822183,0.0,0.0,0.0,0.0,0.0,0.0,0.0,0.5407395,-0.681513,-2.749775,2.144046,0.134202,-1.924363,0.04910399,0.944141,-0.0823478,0.3152865,10.74624,143.2914,2.379839,0.7269298,0.0475879,-0.6850607,0.1131527,0.003554028,-0.05652902,3.441733,0.1340173,-3.636956,1.192093e-07,0.4008,2.111001,-0.7963666,0.04079586,-0.6034371,0.1446485,0.9816152,-0.1245322,0.5872626,-0.1864595,-0.7876267,static,-46.91471,4.224874,3.235522e-06,10.75037,3.718503719998665,-0.5360313266803988
05/04/2023 16:19:37.133449,4811,True,True,True,True,Eyes,2.00282,0.1275368,-1.85309,0.7235211,-0.05050401,-0.6884523,0.0,0.0,0.0,0.0,0.0,0.0,0.0,0.5951555,-0.6860164,-2.748167,2.151509,0.1345644,-1.93136,0.04934157,0.9470485,-0.08264235,0.3063245,10.76386,144.3876,2.498545,0.7275129,0.04750292,-0.6844472,0.1063636,0.003340786,-0.05313728,3.416863,0.1336841,-3.667978,4.768372e-07,0.4008,2.111,-0.8074614,0.042827,-0.5883636,0.1440885,0.9814714,-0.1263035,0.5720528,-0.1867617,-0.7986711,static,-46.42275,4.195632,1.29421e-05,10.75037,3.7363295479031384,-0.5333899390815573
05/04/2023 16:19:37.153238,4812,True,True,True,True,Eyes,2.009677,0.1277963,-1.85702,0.7172443,-0.05078251,-0.694969,0.0,0.0,0.0,0.0,0.0,0.0,0.0,0.6513293,-0.6957058,-2.743678,2.158754,0.1347694,-1.938459,0.04968853,0.9498782,-0.08397712,0.2970022,10.89742,145.5217,2.598151,0.728085,0.04742177,-0.6838442,0.09998175,0.003140339,-0.04994904,3.390058,0.12885,-3.699373,0.0,0.4008,2.111,-0.8186414,0.04451331,-0.5725772,0.1442789,0.9809578,-0.1300208,0.5558865,-0.1890513,-0.809475,static,-45.90367,4.179268,0.0,10.75037,3.7549533677325524,-0.5308753109054427
05/04/2023 16:19:37.163624,4813,True,True,True,True,Eyes,2.016529,0.1280751,-1.861088,0.7110258,-0.05116638,-0.7013018,0.0,0.0,0.0,0.0,0.0,0.0,0.0,0.710618,-0.7112278,-2.735519,2.165802,0.1357844,-1.945444,0.0501497,0.9526891,-0.08629997,0.2870906,11.14129,146.722,2.687352,0.7286439,0.04734506,-0.6832541,0.09398285,0.002951918,-0.0469521,3.360439,0.1206916,-3.731383,-1.192093e-07,0.4008,2.111001,-0.8301281,0.04600232,-0.5556719,0.145106,0.9800746,-0.1356391,0.5383603,-0.1932291,-0.8202627,static,-45.39448,4.172858,-3.235522e-06,10.75037,3.7730994541598046,-0.5285898392432258
05/04/2023 16:19:37.187811,4814,True,True,True,True,Eyes,2.02335,0.1283583,-1.865304,0.7044359,-0.05169254,-0.7078828,0.0,0.0,0.0,0.0,0.0,0.0,0.0,0.7657408,-0.721342,-2.728384,2.17211,0.1365883,-1.95296,0.05021212,0.9553011,-0.08781667,0.2777894,11.28442,147.8448,2.755597,0.7291871,0.04727302,-0.6826793,0.0,0.0,0.0,3.331902,0.1161061,-3.761669,5.960464e-08,0.4008,2.111001,-0.8406237,0.04714631,-0.5395638,0.1447244,0.979534,-0.1398859,0.521926,-0.1956795,-0.8302428,static,-44.86017,4.176562,1.617761e-06,10.75037,3.792007807646376,-0.5263876755313012
05/04/2023 16:19:37.203408,4815,True,True,True,True,Eyes,2.030184,0.1286214,-1.869637,0.69581,-0.05307115,-0.7162625,0.0,0.0,0.0,0.0,0.0,0.0,0.0,0.8223354,-0.7327062,-2.719308,2.17827,0.1370132,-1.960635,0.0497322,0.9578359,-0.09003302,0.2682748,11.48769,148.9829,2.746861,0.7297137,0.04720509,-0.682121,0.0,0.0,0.0,3.301811,0.1089114,-3.791983,1.192093e-07,0.4008001,2.111001,-0.8511111,0.0469634,-0.5228814,0.1435777,0.9788415,-0.1457899,0.5049713,-0.1991575,-0.8398457,static,-44.17018,4.237562,3.235521e-06,10.75037,3.8157089097414376,-0.5246005860334177
05/04/2023 16:19:37.213484,4816,True,True,True,True,Eyes,2.036975,0.1288564,-1.874097,0.6868557,-0.05455681,-0.7247433,0.0,0.0,0.0,0.0,0.0,0.0,0.0,0.8814917,-0.7420407,-2.708583,2.184039,0.137062,-1.968568,0.04922082,0.9604375,-0.09196972,0.2582223,11.65875,150.1839,2.753602,0.7302234,0.04714003,-0.6815799,0.0,0.0,0.0,3.268941,0.1025442,-3.822957,-2.980232e-07,0.4008001,2.111001,-0.8617972,0.04704977,-0.5050665,0.1420443,0.9782377,-0.1512425,0.4869592,-0.2020822,-0.8497257,static,-43.46254,4.304959,-8.088804e-06,10.75037,3.8399546428683884,-0.522858696840487
05/04/2023 16:19:37.243351,4817,True,True,True,True,Eyes,2.036975,0.1288564,-1.874097,0.6868557,-0.05455681,-0.7247433,0.0,0.0,0.0,0.0,0.0,0.0,0.0,0.9389708,-0.752587,-2.696407,2.189846,0.136805,-1.975986,0.04887736,0.9628156,-0.09416077,0.2484575,11.86502,151.3488,2.772086,0.7307148,0.0470764,-0.6810575,0.0,0.0,0.0,3.236873,0.09454679,-3.851862,0.0,0.4008,2.111,-0.8717598,0.04732987,-0.4876421,0.1409097,0.9774895,-0.157031,0.4692328,-0.2056068,-0.8588052,static,-43.46254,4.304959,0.0,10.75037,3.8399546428683884,-0.522858696840487
05/04/2023 16:19:37.253614,4818,True,True,True,True,Eyes,2.036975,0.1288564,-1.874097,0.6868557,-0.05455681,-0.7247433,0.0,0.0,0.0,0.0,0.0,0.0,0.0,0.9926712,-0.7641389,-2.684105,2.19542,0.1367318,-1.983723,0.04866744,0.9649312,-0.09645781,0.2392391,12.08934,152.447,2.800124,0.7311565,0.04701915,-0.6805871,0.0,0.0,0.0,3.206388,0.08605435,-3.87907,-1.192093e-07,0.4008,2.111001,-0.8807924,0.0477685,-0.4710872,0.1400744,0.9766548,-0.162864,0.4523098,-0.2094366,-0.8669213,static,-43.46254,4.304959,-3.235522e-06,10.75037,3.8399546428683884,-0.522858696840487
05/04/2023 16:19:37.263761,4819,True,True,True,True,Eyes,2.044079,0.1290893,-1.879393,0.6764857,-0.05640987,-0.7342923,0.0,0.0,0.0,0.0,0.0,0.0,0.0,1.043337,-0.7741483,-2.672365,2.200678,0.1366168,-1.991919,0.04855284,0.9668837,-0.09838866,0.2304307,12.27693,153.4966,2.847773,0.7315537,0.04696762,-0.6801637,0.0,0.0,0.0,3.176974,0.07889079,-3.905157,-5.960464e-08,0.4008,2.111001,-0.8890888,0.04854637,-0.4551534,0.1392334,0.9759246,-0.1678847,0.4360452,-0.2126369,-0.8744429,static,-42.65362,4.392954,-1.617761e-06,10.75037,3.8675309257387314,-0.5210733657513283
05/04/2023 16:19:37.288335,4820,True,True,True,True,Eyes,2.0511,0.1293259,-1.884824,0.6659625,-0.05818905,-0.7437122,0.0,0.0,0.0,0.0,0.0,0.0,0.0,1.091616,-0.7824505,-2.661105,2.205891,0.1369146,-2.000157,0.0485057,0.9687073,-0.09984153,0.2220026,12.41384,154.5014,2.913829,0.7319336,0.04691488,-0.6797585,0.0,0.0,0.0,3.148842,0.07403363,-3.929887,1.192093e-07,0.4008002,2.111002,-0.8967244,0.04964552,-0.4397968,0.1383058,0.9753578,-0.1718976,0.4204253,-0.2149712,-0.8814934,static,-41.84309,4.473785,3.23552e-06,10.75037,3.8952556348785485,-0.5191465270179977
05/04/2023 16:19:37.303370,4821,True,True,True,True,Eyes,2.057926,0.1295529,-1.890443,0.6554798,-0.05983671,-0.7528384,0.0,0.0,0.0,0.0,0.0,0.0,0.0,1.135396,-0.7852217,-2.652683,2.21096,0.137316,-2.008785,0.04805459,0.970387,-0.1003786,0.2143922,12.44,155.4044,2.948012,0.7322937,0.04686118,-0.6793743,0.0,0.0,0.0,3.123585,0.07344232,-3.953008,-1.192093e-07,0.4008001,2.111001,-0.9034538,0.05022235,-0.4257341,0.1363039,0.9752298,-0.1742071,0.4064395,-0.2154172,-0.8879206,static,-41.04537,4.5444,-3.235521e-06,10.75037,3.9226560953438514,-0.5170821231721976
05/04/2023 16:19:37.323074,4822,True,True,True,True,Eyes,2.064667,0.1297619,-1.896208,0.6449243,-0.06140021,-0.761776,0.0,0.0,0.0,0.0,0.0,0.0,0.0,1.1748,-0.7843525,-2.646521,2.215962,0.1370706,-2.017465,0.04704546,0.9718685,-0.1006763,0.20766,12.42886,156.1951,2.913152,0.7326297,0.04680632,-0.6790158,0.0,0.0,0.0,3.101451,0.07362696,-3.974209,4.172325e-07,0.4008,2.111001,-0.9093281,0.0496311,-0.4131091,0.1332569,0.975302,-0.1761494,0.3941636,-0.2152272,-0.8934832,static,-40.25146,4.608158,1.132433e-05,10.75037,3.950008785422736,-0.5149050272284826
05/04/2023 16:19:37.333214,4823,True,True,True,True,Eyes,2.071358,0.1299388,-1.902087,0.6345417,-0.0628015,-0.7703329,0.0,0.0,0.0,0.0,0.0,0.0,0.0,1.209943,-0.7802064,-2.642951,2.22076,0.1368353,-2.026666,0.0451498,0.9731694,-0.1009105,0.2017921,12.39369,156.8713,2.767082,0.7329396,0.04674976,-0.6786851,0.0,0.0,0.0,3.082175,0.07475917,-3.99417,0.0,0.4008,2.111001,-0.914483,0.04715091,-0.401868,0.1286027,0.9755571,-0.1781843,0.3836437,-0.2146278,-0.8981941,static,-39.47911,4.660739,0.0,10.75037,3.9767390540088483,-0.5126095055808827
05/04/2023 16:19:37.353292,4824,True,True,True,True,Eyes,2.077955,0.1300627,-1.908108,0.62408,-0.06418806,-0.7787195,0.0,0.0,0.0,0.0,0.0,0.0,0.0,1.246462,-0.7756495,-2.637997,2.225321,0.1362828,-2.035607,0.04282964,0.9744499,-0.1014925,0.1957358,12.39003,157.5632,2.566691,0.7332233,0.0466904,-0.6783814,0.0,0.0,0.0,3.06163,0.07440792,-4.013921,1.192093e-07,0.4008002,2.111002,-0.9197065,0.04373924,-0.3901632,0.1232021,0.9757298,-0.1810321,0.3727756,-0.2145653,-0.9027739,static,-38.70932,4.712107,3.23552e-06,10.75036,4.00339396249954,-0.5103020677358469
05/04/2023 16:19:37.373274,4825,True,True,True,True,Eyes,2.084406,0.1301231,-1.914279,0.6140267,-0.06551357,-0.7865617,0.0,0.0,0.0,0.0,0.0,0.0,0.0,1.283403,-0.7721426,-2.632207,2.229668,0.1351976,-2.045027,0.04057816,0.9756802,-0.1023897,0.1895211,12.42609,158.2729,2.369342,0.7334797,0.04662677,-0.6781079,0.0,0.0,0.0,3.040116,0.07202883,-4.034034,-2.384186e-07,0.4008001,2.111001,-0.9248707,0.04037259,-0.3781334,0.1179926,0.9757395,-0.1844184,0.3615143,-0.21518,-0.9071965,static,-37.97726,4.761238,-6.471043e-06,10.75037,4.028738846271002,-0.5081130018779125
05/04/2023 16:19:37.388523,4826,True,True,True,True,Eyes,2.243274,0.1303166,-2.072051,0.3319777,-0.09609076,-0.9383802,0.0,0.0,0.0,0.0,0.0,0.0,0.0,1.315116,-0.7711656,-2.627683,2.234239,0.1336094,-2.054086,0.03821671,0.9765956,-0.1040183,0.1843393,12.548,158.8559,2.130939,0.7337065,0.04655714,-0.6778668,0.0,0.0,0.0,3.022809,0.06593506,-4.051721,1.192093e-07,0.4008,2.111001,-0.9291171,0.03629517,-0.3680004,0.1129939,0.9754393,-0.189078,0.3520994,-0.2172574,-0.9103985,static,-19.48263,5.846746,3.235522e-06,10.75037,4.6710321950175455,-0.44988160061731675
05/04/2023 16:19:37.403656,4827,True,True,True,True,Eyes,2.243401,0.130263,-2.072442,0.3320876,-0.09606074,-0.9383444,0.0,0.0,0.0,0.0,0.0,0.0,0.0,1.345058,-0.7710917,-2.623539,2.238373,0.1323677,-2.063707,0.0362314,0.97745,-0.1054965,0.1793029,12.66368,159.4256,1.938103,0.7336641,0.04604968,-0.6779475,0.4766057,0.0005805194,-0.4733169,3.005732,0.06040403,-4.069436,5.960464e-08,0.4008001,2.111001,-0.9330755,0.03299712,-0.3581636,0.1086604,0.9751155,-0.1932422,0.3428745,-0.2192278,-0.9134421,static,-19.48928,5.845155,1.617761e-06,10.75037,4.670816552962627,-0.449879969056296
05/04/2023 16:19:37.413201,4828,True,True,True,True,Eyes,2.243679,0.1301235,-2.07322,0.3318808,-0.09594841,-0.9384291,0.0,0.0,0.0,0.0,0.0,0.0,0.0,1.374443,-0.7668605,-2.620351,2.242407,0.1311073,-2.07312,0.03424311,0.9783441,-0.1061332,0.1743739,12.68623,159.984,1.761538,0.7336398,0.04562489,-0.6780015,0.4480093,0.0005456883,-0.4449179,2.989016,0.05833736,-4.086635,3.576279e-07,0.4008001,2.111001,-0.9368426,0.02998933,-0.348464,0.1040168,0.9751263,-0.1957274,0.3339267,-0.2196118,-0.9166591,static,-19.47643,5.837844,9.706564e-06,10.75037,4.671365611080898,-0.44968790782536877
05/04/2023 16:19:37.433214,4829,True,True,True,True,Eyes,2.244128,0.1299018,-2.074367,0.3317704,-0.09565059,-0.9384985,0.0,0.0,0.0,0.0,0.0,0.0,0.0,1.399184,-0.7559536,-2.62163,2.246397,0.1288807,-2.083078,0.03234869,0.9792085,-0.1054487,0.1702497,12.56384,160.4512,1.611391,0.7336254,0.04526502,-0.6780407,0.4211287,0.000512947,-0.4182228,2.975626,0.06072849,-4.103114,1.788139e-07,0.4008001,2.111001,-0.9399374,0.02744701,-0.3402421,0.09925743,0.9756683,-0.1954978,0.3265976,-0.2175272,-0.9197915,static,-19.46911,5.81942,4.853281e-06,10.75037,4.6718601237126425,-0.449310467284922
05/04/2023 16:19:37.453340,4830,True,True,True,True,Eyes,2.244706,0.1296005,-2.075878,0.3314175,-0.09519452,-0.9386695,0.0,0.0,0.0,0.0,0.0,0.0,0.0,1.417742,-0.7436538,-2.626584,2.250252,0.1265746,-2.093394,0.03082479,0.9799283,-0.104159,0.1671568,12.38278,160.8021,1.501316,0.7336134,0.0449552,-0.678074,0.395861,0.0004821702,-0.3931294,2.966437,0.06522962,-4.118308,4.768372e-07,0.4008,2.111001,-0.9422169,0.0255904,-0.3340247,0.09523393,0.9764014,-0.1938315,0.3211819,-0.2144418,-0.9224191,static,-19.44668,5.790813,1.294209e-05,10.75037,4.673020476910746,-0.4486773712191874
05/04/2023 16:19:37.473444,4831,True,True,True,True,Eyes,2.245432,0.1292168,-2.077745,0.3311063,-0.09459155,-0.9388403,0.0,0.0,0.0,0.0,0.0,0.0,0.0,1.438115,-0.731102,-2.630378,2.253826,0.1244055,-2.103892,0.02958537,0.9807248,-0.1026082,0.163632,12.17762,161.208,1.433292,0.7335975,0.04468301,-0.6781092,0.3721094,0.00045324,-0.3695417,2.955265,0.07076355,-4.13418,5.960464e-08,0.4008,2.111001,-0.9446986,0.02445022,-0.3270274,0.09161016,0.9771926,-0.1915785,0.3148845,-0.210943,-0.9253924,static,-19.42652,5.753341,1.617761e-06,10.75037,4.674213286824925,-0.4478872907387491
05/04/2023 16:19:37.490010,4832,True,True,True,True,Eyes,2.246257,0.128766,-2.079958,0.3305858,-0.09389611,-0.9390934,0.0,0.0,0.0,0.0,0.0,0.0,0.0,1.45404,-0.7182948,-2.636431,2.257421,0.1219533,-2.114266,0.02870071,0.9813958,-0.1007695,0.1608859,11.94804,161.5265,1.400343,0.7335705,0.04443475,-0.6781546,0.3497828,0.0004260456,-0.3473692,2.947408,0.07692413,-4.148683,1.788139e-07,0.4007999,2.111001,-0.9465842,0.02390873,-0.3215697,0.08875827,0.9780435,-0.1885545,0.310001,-0.2070246,-0.9279226,static,-19.39342,5.709794,4.853283e-06,10.75037,4.675942594323826,-0.44692799954417245
05/04/2023 16:19:37.503802,4833,True,True,True,True,Eyes,2.247214,0.1282579,-2.082509,0.3300627,-0.0931331,-0.9393534,0.0,0.0,0.0,0.0,0.0,0.0,0.0,1.470525,-0.7086331,-2.641007,2.260675,0.1198635,-2.124737,0.02792947,0.9820268,-0.099455,0.1579624,11.78025,161.8656,1.371728,0.7335232,0.04419373,-0.6782215,0.3287958,0.0004004829,-0.326527,2.938457,0.08113064,-4.163383,-1.788139e-07,0.4007999,2.111,-0.9485356,0.02343467,-0.3158019,0.08627525,0.9786573,-0.1865113,0.3046911,-0.2041585,-0.9303132,static,-19.36006,5.662141,-4.853285e-06,10.75037,4.677733458790479,-0.44589042210206953
05/04/2023 16:19:37.513166,4834,True,True,True,True,Eyes,2.248241,0.1277095,-2.085389,0.3293694,-0.09231605,-0.9396774,0.0,0.0,0.0,0.0,0.0,0.0,0.0,1.48608,-0.7009293,-2.64567,2.26375,0.1178876,-2.135613,0.02752865,0.9826161,-0.0982327,0.1551069,11.62994,162.2004,1.382239,0.7334542,0.04395694,-0.6783115,0.3090681,0.0003764539,-0.3069354,2.929707,0.08478877,-4.178251,1.788139e-07,0.4008,2.111001,-0.950368,0.02362706,-0.3102295,0.08457334,0.979185,-0.1845103,0.2994126,-0.2015898,-0.9325843,static,-19.31624,5.610864,4.853283e-06,10.75037,4.679941599372206,-0.44474025007274814
05/04/2023 16:19:37.533572,4835,True,True,True,True,Eyes,2.249359,0.1271255,-2.088581,0.3286296,-0.09151974,-0.9400142,0.0,0.0,0.0,0.0,0.0,0.0,0.0,1.498811,-0.6957229,-2.650841,2.266487,0.1163448,-2.146375,0.02759306,0.9831136,-0.09707678,0.152652,11.49598,162.4928,1.439435,0.7333614,0.04372231,-0.6784269,0.290524,0.0003538667,-0.2885192,2.922415,0.08825949,-4.192331,5.364418e-07,0.4008002,2.111001,-0.9518721,0.02461629,-0.3055058,0.08389215,0.9796295,-0.1824507,0.2947912,-0.1992993,-0.9345471,static,-19.26966,5.560789,1.455984e-05,10.75037,4.682232335592562,-0.44360093710978066
05/04/2023 16:19:37.553633,4836,True,True,True,True,Eyes,2.250529,0.1265328,-2.092101,0.3277248,-0.09076533,-0.9404032,0.0,0.0,0.0,0.0,0.0,0.0,0.0,1.511985,-0.6935492,-2.654918,2.269094,0.1149922,-2.157239,0.02818162,0.9835971,-0.09611282,0.1500169,11.39244,162.8114,1.554985,0.7332436,0.04348811,-0.678569,0.2730926,0.0003326347,-0.2712081,2.914419,0.09076895,-4.206614,-1.788139e-07,0.4008002,2.111002,-0.9534016,0.02660162,-0.3005296,0.08427582,0.9799362,-0.1806171,0.2896952,-0.197528,-0.9365147,static,-19.21314,5.512967,-4.853281e-06,10.75037,4.684846994734544,-0.44246171089288683
05/04/2023 16:19:37.573303,4837,True,True,True,True,Eyes,2.251744,0.1259838,-2.095925,0.3267365,-0.09013338,-0.9408077,0.0,0.0,0.0,0.0,0.0,0.0,0.0,1.524053,-0.6979237,-2.658261,2.271542,0.1142507,-2.168692,0.02888317,0.9839408,-0.09626589,0.1475106,11.41775,163.1138,1.662517,0.7330988,0.04325372,-0.6787401,0.256707,0.0003126766,-0.2549356,2.906755,0.0890577,-4.22121,5.960464e-08,0.4008,2.111001,-0.9548128,0.02843817,-0.2958444,0.08523914,0.9797972,-0.1809187,0.2847225,-0.197961,-0.9379472,static,-19.15178,5.472477,1.617761e-06,10.75037,4.6875399111654925,-0.4414397260118549
05/04/2023 16:19:37.589168,4838,True,True,True,True,Eyes,2.25299,0.1254571,-2.100054,0.3256093,-0.08944449,-0.9412642,0.0,0.0,0.0,0.0,0.0,0.0,0.0,1.536177,-0.6994137,-2.661837,2.273735,0.1145153,-2.179772,0.02895698,0.9843138,-0.09612504,0.1450798,11.39878,163.4007,1.701918,0.7329255,0.0430203,-0.6789417,0.2413046,0.000293916,-0.2396395,2.898929,0.09002563,-4.235373,-4.172325e-07,0.4008,2.111001,-0.9562268,0.02911389,-0.2911751,0.0848971,0.9798429,-0.1808322,0.2800411,-0.1976365,-0.9394238,static,-19.08192,5.428284,-1.132433e-05,10.75037,4.690581576247437,-0.440311995135267
05/04/2023 16:19:37.603736,4839,True,True,True,True,Eyes,2.254279,0.1249543,-2.104465,0.3244167,-0.0888969,-0.9417278,0.0,0.0,0.0,0.0,0.0,0.0,0.0,1.548062,-0.693665,-2.667548,2.275727,0.1147453,-2.191205,0.02820094,0.984766,-0.09514089,0.1427903,11.27023,163.6629,1.657805,0.7327222,0.04278821,-0.6791754,0.2268263,0.000276281,-0.2252611,2.891227,0.09508508,-4.249781,-1.192093e-07,0.4008,2.111001,-0.9576315,0.02837225,-0.2865961,0.08271303,0.9803059,-0.1793294,0.2758639,-0.1954366,-0.9411184,static,-19.00836,5.392608,-3.235522e-06,10.75037,4.69364595174762,-0.4393286271949602
05/04/2023 16:19:37.613456,4840,True,True,True,True,Eyes,2.255587,0.1244929,-2.109157,0.3230436,-0.08830228,-0.9422556,0.0,0.0,0.0,0.0,0.0,0.0,0.0,1.562113,-0.6882987,-2.67162,2.277535,0.1148149,-2.202533,0.02672338,0.9852052,-0.09486587,0.1402041,11.21073,163.9507,1.522052,0.732488,0.04255787,-0.6794419,0.2132167,0.0002597042,-0.2117454,2.881782,0.09741168,-4.264462,4.172325e-07,0.4008,2.111,-0.9592573,0.02605487,-0.2813298,0.07925718,0.9805726,-0.1794312,0.2711893,-0.1944181,-0.9426866,static,-18.9238,5.353765,1.132433e-05,10.75037,4.69714093609478,-0.43823895894817255
05/04/2023 16:19:37.633386,4841,True,True,True,True,Eyes,2.256975,0.1241034,-2.114094,0.3214528,-0.08794399,-0.9428329,0.0,0.0,0.0,0.0,0.0,0.0,0.0,1.579257,-0.6774652,-2.675247,2.27933,0.1153054,-2.213891,0.02391226,0.9857289,-0.09446849,0.1372688,11.11655,164.2649,1.238394,0.7322236,0.04233132,-0.6797416,0.2004237,0.0002441219,-0.1990407,2.87036,0.101481,-4.279674,-5.960464e-08,0.4008002,2.111002,-0.9611713,0.02120686,-0.2751375,0.07307715,0.9810078,-0.1796758,0.2661016,-0.1928054,-0.9444662,static,-18.82648,5.32892,-1.61776e-06,10.75037,4.700910191800485,-0.43735815892878005
05/04/2023 16:19:37.653517,4842,True,True,True,True,Eyes,2.258379,0.1238142,-2.11928,0.319709,-0.08761261,-0.9434565,0.0,0.0,0.0,0.0,0.0,0.0,0.0,1.597197,-0.6726811,-2.676622,2.281082,0.1164342,-2.225073,0.02069802,0.986115,-0.0955283,0.1342506,11.18405,164.5815,0.8861419,0.7319269,0.04210846,-0.6800754,0.1883983,0.0002294746,-0.1870982,2.858311,0.1001234,-4.294737,4.172325e-07,0.4008001,2.111001,-0.9630968,0.01517178,-0.2687276,0.06647073,0.9808919,-0.1828463,0.2608187,-0.1939612,-0.9457024,static,-18.71997,5.305467,1.132432e-05,10.75037,4.704987736767992,-0.43646445023933206
05/04/2023 16:19:37.663732,4843,True,True,True,True,Eyes,2.259801,0.1236656,-2.124701,0.3178702,-0.08746063,-0.9440917,0.0,0.0,0.0,0.0,0.0,0.0,0.0,1.614376,-0.6687493,-2.678343,2.283033,0.1187439,-2.236206,0.01774183,0.986482,-0.09633098,0.1313746,11.22832,164.8842,0.5662214,0.7315989,0.04189309,-0.6804422,0.1770944,0.0002157061,-0.1758724,2.847157,0.1008007,-4.309466,5.960464e-08,0.4008,2.111001,-0.9648523,0.009693111,-0.2626154,0.06031486,0.9808111,-0.1853959,0.2557791,-0.1947192,-0.9469225,static,-18.60808,5.292773,1.617761e-06,10.75037,4.709119017621926,-0.435750104468594
05/04/2023 16:19:37.689433,4844,True,True,True,True,Eyes,2.261232,0.1236216,-2.130353,0.3158642,-0.08731657,-0.9447781,0.0,0.0,0.0,0.0,0.0,0.0,0.0,1.629489,-0.6694256,-2.679963,2.284889,0.1219606,-2.247215,0.01566242,0.9867787,-0.09719927,0.1287431,11.29504,165.1674,0.3437431,0.7312369,0.04168745,-0.6808442,0.1664687,0.0002027638,-0.16532,2.837249,0.1015276,-4.323617,-1.788139e-07,0.4007999,2.111,-0.9663597,0.005883217,-0.2571267,0.05593816,0.980614,-0.1877955,0.2510372,-0.1958612,-0.947955,static,-18.48614,5.280287,-4.853285e-06,10.75037,4.713604188383095,-0.4349969377330675
05/04/2023 16:19:37.703690,4845,True,True,True,True,Eyes,2.262698,0.1236661,-2.136205,0.3136825,-0.08733475,-0.9455031,0.0,0.0,0.0,0.0,0.0,0.0,0.0,1.646354,-0.669711,-2.680507,2.286587,0.1244189,-2.25835,0.01459113,0.9871799,-0.09737382,0.125624,11.2983,165.5207,0.2537633,0.7308423,0.0414947,-0.68128,0.1564806,0.0001905979,-0.1554008,2.825526,0.103867,-4.338275,5.960464e-08,0.4008002,2.111001,-0.9680116,0.004343161,-0.2508686,0.05327313,0.9806109,-0.188585,0.2451855,-0.195917,-0.949474,static,-18.35391,5.277354,1.61776e-06,10.75037,4.718332656767003,-0.434379588229195
05/04/2023 16:19:37.713197,4846,True,True,True,True,Eyes,2.264174,0.1237813,-2.142246,0.3112864,-0.0874189,-0.9462868,0.0,0.0,0.0,0.0,0.0,0.0,0.0,1.666212,-0.6711721,-2.678434,2.28818,0.126591,-2.269128,0.01344475,0.9875947,-0.09795927,0.1219848,11.34803,165.9327,0.1552621,0.7304161,0.04131629,-0.6817482,0.1470918,0.0001791621,-0.1460768,2.811473,0.1041762,-4.353025,-1.192093e-07,0.4008,2.111001,-0.9698783,0.002656854,-0.2435771,0.05045501,0.9804465,-0.190208,0.2383089,-0.1967682,-0.9510477,static,-18.20892,5.278059,-3.235521e-06,10.75036,4.723467439887514,-0.43377636929283064
05/04/2023 16:19:37.733359,4847,True,True,True,True,Eyes,2.265711,0.1239268,-2.148436,0.3086919,-0.08774104,-0.9471065,0.0,0.0,0.0,0.0,0.0,0.0,0.0,1.686895,-0.67382,-2.675406,2.28988,0.1285247,-2.279774,0.01243379,0.9879881,-0.09874494,0.1182129,11.42338,166.3611,0.07149042,0.729959,0.04115302,-0.6822478,0.1382663,0.0001684123,-0.1373122,2.797001,0.1032856,-4.367634,2.384186e-07,0.4008001,2.111001,-0.9717422,0.001223029,-0.2360414,0.04791474,0.9801897,-0.192178,0.2311303,-0.1980573,-0.9525502,static,-18.05242,5.29284,6.471043e-06,10.75037,4.728831154325647,-0.43338879952603443
05/04/2023 16:19:37.753255,4848,True,True,True,True,Eyes,2.267256,0.1240933,-2.154786,0.3058822,-0.08820626,-0.9479745,0.0,0.0,0.0,0.0,0.0,0.0,0.0,1.708932,-0.6807162,-2.669764,2.291616,0.1296041,-2.289793,0.01197457,0.9883276,-0.1001651,0.1141596,11.57941,166.8269,0.04678785,0.729472,0.04100388,-0.6827775,0.1299703,0.0001583076,-0.1290734,2.781561,0.09851431,-4.381671,2.980232e-08,0.4008,2.111001,-0.9736487,0.000799982,-0.228053,0.04653919,0.9796471,-0.1952578,0.2232552,-0.2007259,-0.9538694,static,-17.8833,5.315899,8.088803e-07,10.75037,4.734537077641355,-0.43310317399243176
05/04/2023 16:19:37.763431,4849,True,True,True,True,Eyes,2.268826,0.1242711,-2.161275,0.3027898,-0.08883979,-0.9489077,0.0,0.0,0.0,0.0,0.0,0.0,0.0,1.730961,-0.6908186,-2.663154,2.293433,0.1301408,-2.299798,0.01175801,0.988588,-0.102149,0.110096,11.80348,167.2952,0.04420896,0.7289556,0.04086786,-0.6833372,0.1221721,0.0001488091,-0.121329,2.766216,0.09064909,-4.395479,-1.192093e-07,0.4008,2.111001,-0.9754813,0.0007552797,-0.2200812,0.04574003,0.9788547,-0.1993775,0.2152769,-0.2045555,-0.9548889,static,-17.69752,5.348624,-3.235522e-06,10.75037,4.740710845003649,-0.43292840568856344
05/04/2023 16:19:37.789583,4850,True,True,True,True,Eyes,2.270411,0.1244612,-2.167894,0.299515,-0.08951221,-0.9498833,0.0,0.0,0.0,0.0,0.0,0.0,0.0,1.753799,-0.7000331,-2.655926,2.295327,0.1305211,-2.309596,0.01159748,0.9888594,-0.1039584,0.1059028,12.0085,167.78,0.05374968,0.7284114,0.04074402,-0.6839248,0.1148417,0.0001398806,-0.1140493,2.750396,0.0833421,-4.409038,1.192093e-07,0.4008001,2.111001,-0.9773002,0.0009175796,-0.2118573,0.04495553,0.9781163,-0.203144,0.2070347,-0.2080568,-0.9559545,static,-17.50099,5.383368,3.235522e-06,10.75037,4.747240253872504,-0.43274588164470673
05/04/2023 16:19:37.803728,4851,True,True,True,True,Eyes,2.272064,0.1246665,-2.174572,0.296184,-0.09008565,-0.9508731,0.0,0.0,0.0,0.0,0.0,0.0,0.0,1.777287,-0.7042952,-2.649052,2.298934,0.1314921,-2.317298,0.01127452,0.9891805,-0.1048352,0.1020025,12.10489,168.2309,0.05380349,0.7278408,0.04063145,-0.6845388,0.1079512,0.0001314878,-0.1072063,2.73745,0.08069955,-4.420173,-5.960464e-08,0.4008,2.111001,-0.9789367,0.0009181726,-0.2041617,0.04369198,0.9777649,-0.2051018,0.1994338,-0.2097019,-0.9572101,static,-17.3011,5.412045,-1.617761e-06,10.75037,4.753966191446255,-0.4324350296651798
05/04/2023 16:19:37.813503,4852,True,True,True,True,Eyes,2.273799,0.1249258,-2.1813,0.2927039,-0.09051725,-0.9519092,0.0,0.0,0.0,0.0,0.0,0.0,0.0,1.79958,-0.7021018,-2.644776,2.302886,0.1321503,-2.324979,0.01090006,0.9895869,-0.1044919,0.09838954,12.06098,168.6503,0.05925033,0.7272466,0.04052936,-0.6851764,0.1014742,0.0001235985,-0.1007739,2.72604,0.08300377,-4.431039,1.192093e-07,0.4008,2.111,-0.9804015,0.001011284,-0.1970079,0.04213493,0.9779252,-0.2046628,0.192452,-0.2089526,-0.958802,static,-17.09221,5.431935,3.235523e-06,10.75037,4.761123414148826,-0.43192074147076853
05/04/2023 16:19:37.833348,4853,True,True,True,True,Eyes,2.275512,0.1251947,-2.188172,0.2891415,-0.09083611,-0.952967,0.0,0.0,0.0,0.0,0.0,0.0,0.0,1.819633,-0.6890714,-2.644924,2.304616,0.1331012,-2.335067,0.009656366,0.9901506,-0.1025442,0.09483303,11.82364,169.0562,359.9809,0.7266316,0.04043828,-0.6858341,0.09538572,0.0001161826,-0.09472751,2.712336,0.09285372,-4.444357,-5.960464e-08,0.4008,2.111001,-0.9818271,-0.0003266359,-0.1897783,0.03857166,0.9787829,-0.2012369,0.1858176,-0.2048998,-0.9609829,static,-16.87842,5.444941,-1.617761e-06,10.75037,4.7685422127685095,-0.4312562203359567
05/04/2023 16:19:37.853276,4854,True,True,True,True,Eyes,2.277256,0.1254657,-2.195144,0.2853742,-0.09104691,-0.9540817,0.0,0.0,0.0,0.0,0.0,0.0,0.0,1.842855,-0.6765534,-2.642709,2.306552,0.1335569,-2.345151,0.008673115,0.9907424,-0.1006406,0.09069572,11.59492,169.5327,359.9374,0.7259949,0.04035722,-0.6865128,0.08966257,0.0001092116,-0.08904386,2.696444,0.1018853,-4.457956,-2.384186e-07,0.4008001,2.111001,-0.9833982,-0.001069703,-0.181458,0.035441,0.9795925,-0.1978446,0.1779665,-0.2009911,-0.9632915,static,-16.65238,5.451162,-6.471043e-06,10.75037,4.77648207934543,-0.4304120763196724
05/04/2023 16:19:37.863594,4855,True,True,True,True,Eyes,2.279016,0.1257589,-2.202233,0.2814393,-0.09132572,-0.9552233,0.0,0.0,0.0,0.0,0.0,0.0,0.0,1.867346,-0.6716756,-2.637316,2.309051,0.1338089,-2.354558,0.008989257,0.991272,-0.09928726,0.08626189,11.44296,170.0572,0.04046348,0.7253386,0.04028522,-0.6872104,0.08428282,0.0001026589,-0.08370122,2.68031,0.1078359,-4.470794,8.940697e-08,0.4008,2.111001,-0.9849562,0.0006921852,-0.172803,0.03495101,0.9801225,-0.1952905,0.1692329,-0.1983922,-0.9654019,static,-16.41666,5.461259,2.426641e-06,10.75037,4.78471595895226,-0.429599632168658
05/04/2023 16:19:37.889553,4856,True,True,True,True,Eyes,2.280793,0.1260887,-2.209412,0.2773139,-0.09162569,-0.9564004,0.0,0.0,0.0,0.0,0.0,0.0,0.0,1.889489,-0.6794535,-2.630217,2.31122,0.1345878,-2.364322,0.01045873,0.9916078,-0.09938034,0.08202498,11.46729,170.5687,0.259493,0.7246633,0.04022195,-0.6879264,0.07922585,9.64994e-05,-0.07867915,2.665082,0.1076986,-4.483525,2.682209e-07,0.4008,2.111,-0.9863248,0.004438587,-0.164752,0.03704526,0.9800283,-0.1953769,0.1605944,-0.1988084,-0.9667908,static,-16.16983,5.472386,7.279927e-06,10.75037,4.793330856981844,-0.4287593113200896
05/04/2023 16:19:37.903722,4857,True,True,True,True,Eyes,2.282584,0.126431,-2.216696,0.2730429,-0.09201392,-0.9575912,0.0,0.0,0.0,0.0,0.0,0.0,0.0,1.912429,-0.6935103,-2.620331,2.313519,0.1360082,-2.373522,0.01295649,0.9919021,-0.09976947,0.07751421,11.53297,171.1236,0.5985779,0.7239692,0.04016753,-0.68866,0.0744723,9.070943e-05,-0.0739584,2.649178,0.1066387,-4.495651,-2.086163e-07,0.4007999,2.111,-0.9876474,0.01023604,-0.1563583,0.04117024,0.9797564,-0.1959144,0.1511877,-0.1999317,-0.9680752,static,-15.91471,5.488639,-5.662166e-06,10.75037,4.802174523534733,-0.4279800967009731
05/04/2023 16:19:37.913664,4858,True,True,True,True,Eyes,2.284392,0.1267799,-2.224057,0.2685585,-0.09248362,-0.9588134,0.0,0.0,0.0,0.0,0.0,0.0,0.0,1.93661,-0.7068707,-2.609703,2.315546,0.1368482,-2.383316,0.01547164,0.9921985,-0.1000973,0.07268658,11.58854,171.7161,0.944649,0.7232578,0.0401214,-0.6894099,0.0,0.0,0.0,2.631633,0.105363,-4.508419,1.192093e-07,0.4008001,2.111001,-0.9889546,0.01615042,-0.1473364,0.04525333,0.9794823,-0.1963836,0.1411417,-0.2008819,-0.9693944,static,-15.64728,5.509496,3.235522e-06,10.75037,4.811396228150309,-0.427235083937771
05/04/2023 16:19:37.933205,4859,True,True,True,True,Eyes,2.286212,0.1271397,-2.231508,0.2639817,-0.09316476,-0.9600177,0.0,0.0,0.0,0.0,0.0,0.0,0.0,1.961102,-0.727183,-2.596227,2.317836,0.1373323,-2.392464,0.01916148,0.9924089,-0.1009047,0.0676451,11.70483,172.3475,1.426719,0.7225298,0.04008281,-0.6901751,0.0,0.0,0.0,2.613817,0.1014182,-4.520391,-3.874302e-07,0.4008,2.111,-0.990114,0.02438064,-0.1381301,0.05168346,0.9789022,-0.197685,0.1303962,-0.2028697,-0.9704849,static,-15.37497,5.542903,-1.051545e-05,10.75037,4.82063110310537,-0.42670522555642887
05/04/2023 16:19:37.953346,4860,True,True,True,True,Eyes,2.288012,0.1275105,-2.239069,0.2592291,-0.09391665,-0.9612387,0.0,0.0,0.0,0.0,0.0,0.0,0.0,1.983227,-0.7526065,-2.58276,2.319873,0.138074,-2.401953,0.02285723,0.9924637,-0.1026226,0.06294253,11.92177,172.9408,1.900659,0.7217856,0.04005124,-0.6909553,0.0,0.0,0.0,2.597072,0.09393143,-4.532252,2.980232e-07,0.4007999,2.110999,-0.9910314,0.03245129,-0.1296277,0.0582886,0.9778923,-0.2008211,0.120245,-0.2065759,-0.9710135,static,-15.09261,5.580303,8.08881e-06,10.75037,4.830171626250876,-0.42620769312561413
05/04/2023 16:19:37.973494,4861,True,True,True,True,Eyes,2.289824,0.1278934,-2.246709,0.2544913,-0.09475092,-0.9624222,0.0,0.0,0.0,0.0,0.0,0.0,0.0,2.004469,-0.7710915,-2.5716,2.321254,0.1387837,-2.412078,0.02568385,0.9925666,-0.1036396,0.05840304,12.04843,173.5056,2.278444,0.7210255,0.04002624,-0.69175,0.0,0.0,0.0,2.580048,0.08979793,-4.544586,5.960464e-08,0.4008001,2.111002,-0.991859,0.03888011,-0.1212615,0.06309158,0.9771984,-0.2027383,0.1106141,-0.2087384,-0.971696,static,-14.8116,5.622677,1.61776e-06,10.75037,4.83960085971702,-0.42580939728028144
05/04/2023 16:19:37.989713,4862,True,True,True,True,Eyes,2.291666,0.1282851,-2.25441,0.2495746,-0.09559035,-0.963626,0.0,0.0,0.0,0.0,0.0,0.0,0.0,2.028631,-0.7838026,-2.559848,2.323644,0.1395172,-2.421513,0.02729419,0.9926924,-0.1045468,0.05373142,12.15158,174.0717,2.518333,0.7202497,0.04000743,-0.6925589,0.0,0.0,0.0,2.563015,0.08659557,-4.556195,-1.341105e-07,0.4008003,2.111002,-0.9927361,0.04295456,-0.1123846,0.06542435,0.97665,-0.2046325,0.1009705,-0.2104988,-0.9723661,static,-14.52028,5.665128,-3.639959e-06,10.75037,4.8493948766963975,-0.4253687125815193
05/04/2023 16:19:38.003752,4863,True,True,True,True,Eyes,2.293545,0.1286831,-2.262182,0.2446902,-0.09634393,-0.9648029,0.0,0.0,0.0,0.0,0.0,0.0,0.0,2.05424,-0.789464,-2.548647,2.326249,0.1401445,-2.430573,0.02776604,0.9928683,-0.1050486,0.0490554,12.19989,174.6239,2.628819,0.7194599,0.03999436,-0.6933801,0.0,0.0,0.0,2.545798,0.08537784,-4.567337,8.940697e-08,0.4008001,2.111001,-0.9936453,0.04482963,-0.1032447,0.06544243,0.9763877,-0.2058747,0.09157755,-0.2113229,-0.9731167,static,-14.23111,5.702576,2.426641e-06,10.75037,4.8591763844772,-0.4248431275398908
05/04/2023 16:19:38.013206,4864,True,True,True,True,Eyes,2.341324,0.1384575,-2.458041,0.1166779,-0.1123792,-0.9867913,0.0,0.0,0.0,0.0,0.0,0.0,0.0,2.079528,-0.7898367,-2.539347,2.328766,0.1407277,-2.440001,0.02752891,0.9930826,-0.1050867,0.04456349,12.19111,175.1451,2.656972,0.7186576,0.03998654,-0.6942123,0.0,0.0,0.0,2.529066,0.08628135,-4.578663,-7.450581e-08,0.4008,2.111001,-0.9945126,0.0453109,-0.09429629,0.06404302,0.9763979,-0.206266,0.08272461,-0.2111732,-0.9739418,static,-6.743327,6.497048,-2.022201e-06,10.75037,5.114692374379397,-0.4079401952907732
05/04/2023 16:19:38.033517,4865,True,True,True,True,Eyes,2.341464,0.1384491,-2.458425,0.1164873,-0.1123106,-0.9868217,0.0,0.0,0.0,0.0,0.0,0.0,0.0,2.10491,-0.788213,-2.530234,2.33143,0.140999,-2.449196,0.02732061,0.9933129,-0.1047675,0.04008858,12.14135,175.6639,2.689621,0.7152965,0.04008475,-0.6976693,0.1433365,0.02932312,-0.5875783,2.512588,0.08840759,-4.589612,1.341105e-07,0.4008,2.111001,-0.9952931,0.04587587,-0.08536562,0.06267578,0.9765547,-0.2059433,0.07391637,-0.2103243,-0.9748335,static,-6.73221,6.492922,3.639961e-06,10.75037,5.1151393569361785,-0.40781537113027444
05/04/2023 16:19:38.053556,4866,True,True,True,True,Eyes,2.341709,0.1384241,-2.459173,0.1159328,-0.112202,-0.9868994,0.0,0.0,0.0,0.0,0.0,0.0,0.0,2.131892,-0.7821577,-2.52137,2.334193,0.1407764,-2.458814,0.02682627,0.9935955,-0.1039048,0.03538956,12.02728,176.204,2.693093,0.7124389,0.0401644,-0.7005826,0.1347363,0.02756373,-0.5523236,2.495196,0.0924606,-4.600941,4.470348e-08,0.4008,2.111001,-0.9960561,0.04595463,-0.07590056,0.06066321,0.9769682,-0.2045799,0.06475106,-0.2083774,-0.975903,static,-6.69993,6.486187,1.213321e-06,10.75036,5.116370386190869,-0.40755152421824004
05/04/2023 16:19:38.063596,4867,True,True,True,True,Eyes,2.342059,0.138379,-2.460287,0.1152034,-0.1120802,-0.9869986,0.0,0.0,0.0,0.0,0.0,0.0,0.0,2.157906,-0.7820394,-2.511006,2.336967,0.1403941,-2.468232,0.02722566,0.9937844,-0.103486,0.03069435,11.9675,176.7552,2.798355,0.7100003,0.04022805,-0.7030501,0.1266522,0.0259099,-0.5191842,2.478092,0.09428503,-4.611809,-1.788139e-07,0.4008001,2.111002,-0.9966335,0.04776,-0.06664208,0.06046573,0.9770988,-0.2040141,0.05537219,-0.2073568,-0.9766973,static,-6.657495,6.478562,-4.853281e-06,10.75036,5.117973024966511,-0.40722777071627
05/04/2023 16:19:38.089629,4868,True,True,True,True,Eyes,2.34251,0.1383029,-2.461742,0.1141184,-0.1119756,-0.9871365,0.0,0.0,0.0,0.0,0.0,0.0,0.0,2.183815,-0.7829586,-2.500606,2.339885,0.1399037,-2.477996,0.02776372,0.9939377,-0.1031538,0.02601163,11.91739,177.3065,2.918876,0.7079094,0.04027765,-0.7051526,0.119053,0.02435531,-0.4880331,2.46122,0.09563189,-4.622823,-2.235174e-07,0.4008001,2.111001,-0.9971053,0.04982442,-0.05743574,0.06055722,0.977177,-0.2036126,0.04598,-0.2065013,-0.9773656,static,-6.594433,6.471671,-6.066602e-06,10.75037,5.120298086715724,-0.4068301120461479
05/04/2023 16:19:38.103800,4869,True,True,True,True,Eyes,2.34305,0.1382035,-2.463541,0.1128613,-0.1119434,-0.9872847,0.0,0.0,0.0,0.0,0.0,0.0,0.0,2.210371,-0.7873141,-2.488137,2.342918,0.1390636,-2.487534,0.02854163,0.9940066,-0.1033845,0.02116551,11.93125,177.881,3.067994,0.7060187,0.04031775,-0.7070434,0.1119099,0.02289399,-0.4587511,2.443781,0.09421919,-4.633408,2.533197e-07,0.4008,2.111001,-0.9974748,0.05236476,-0.04797883,0.0611175,0.976994,-0.2043214,0.03617578,-0.2067378,-0.9777274,static,-6.521447,6.468863,6.875484e-06,10.75037,5.122923179494491,-0.40646700679185754
05/04/2023 16:19:38.113185,4870,True,True,True,True,Eyes,2.343699,0.1380642,-2.46566,0.1112666,-0.1118738,-0.9874736,0.0,0.0,0.0,0.0,0.0,0.0,0.0,2.237226,-0.7916313,-2.475505,2.345959,0.1384267,-2.497458,0.02912338,0.9940457,-0.1037284,0.01628799,11.95658,178.4572,3.194747,0.7042954,0.04034869,-0.7087584,0.1051953,0.02152035,-0.4312261,2.426123,0.09258542,-4.644185,8.195639e-08,0.4007999,2.111,-0.9977732,0.0545209,-0.03842386,0.061279,0.9767845,-0.2052728,0.02634017,-0.2071703,-0.9779503,static,-6.428862,6.463648,2.224422e-06,10.75037,5.126274258800209,-0.4059753256354357
05/04/2023 16:19:38.133417,4871,True,True,True,True,Eyes,2.344465,0.1378746,-2.468106,0.1095278,-0.1117537,-0.9876815,0.0,0.0,0.0,0.0,0.0,0.0,0.0,2.264648,-0.7904954,-2.463642,2.34918,0.1374436,-2.507091,0.0292987,0.9941409,-0.1034146,0.01143683,11.90488,179.0233,3.274352,0.7027199,0.04036991,-0.7103192,0.09888355,0.02022913,-0.4053525,2.408688,0.09350972,-4.65453,-1.117587e-08,0.4008,2.111001,-0.9980216,0.0558886,-0.02879946,0.06061954,0.976894,-0.2049472,0.01667981,-0.2062875,-0.9783493,static,-6.327892,6.455423,-3.033301e-07,10.75037,5.129961174303495,-0.4053914138128458
05/04/2023 16:19:38.153523,4872,True,True,True,True,Eyes,2.345336,0.1376335,-2.470858,0.1074795,-0.1115588,-0.9879286,0.0,0.0,0.0,0.0,0.0,0.0,0.0,2.293005,-0.7867581,-2.452318,2.352664,0.1360274,-2.517376,0.02918129,0.9942416,-0.1029072,0.006517126,11.83005,179.593,3.32016,0.7012756,0.04038057,-0.7117445,0.09295053,0.01901538,-0.3810314,2.391137,0.09488083,-4.66535,-2.179295e-07,0.4008002,2.111002,-0.9982123,0.05668518,-0.01896512,0.05936781,0.9771171,-0.2042488,0.006953268,-0.2050095,-0.9787356,static,-6.208948,6.442659,-5.914935e-06,10.75037,5.13434360007981,-0.40464575993364504
05/04/2023 16:19:38.163524,4873,True,True,True,True,Eyes,2.346328,0.1373383,-2.473934,0.1052909,-0.1113056,-0.9881927,0.0,0.0,0.0,0.0,0.0,0.0,0.0,2.321075,-0.7800597,-2.441579,2.356108,0.1344976,-2.52742,0.02877636,0.9943565,-0.1020984,0.001714317,11.72082,180.1443,3.330133,0.6999471,0.0403799,-0.7130513,0.0873735,0.01787446,-0.3581695,2.373978,0.09744287,-4.675738,-1.974404e-07,0.4008,2.111001,-0.998338,0.05687786,-0.009285323,0.05757798,0.9774957,-0.2029457,-0.002466754,-0.203143,-0.9791461,static,-6.081861,6.426453,-5.358833e-06,10.75037,5.139058782744932,-0.4038007839930124
05/04/2023 16:19:38.189769,4874,True,True,True,True,Eyes,2.34742,0.1369781,-2.477297,0.1027932,-0.1110046,-0.9884895,0.0,0.0,0.0,0.0,0.0,0.0,0.0,2.349632,-0.7727895,-2.431118,2.359732,0.1329668,-2.538166,0.02830691,0.9944568,-0.1012155,-0.003138152,11.60312,180.7003,3.332082,0.6987204,0.04036713,-0.7142541,0.08213109,0.01680199,-0.3366793,2.35677,0.1003243,-4.686629,2.058223e-07,0.4008001,2.111002,-0.9983779,0.05693525,0.0005113192,0.05566473,0.9779083,-0.2014865,-0.01197171,-0.2011312,-0.9794914,static,-5.93686,6.40731,5.586328e-06,10.75036,5.144446928789572,-0.4028244340131689
05/04/2023 16:19:38.203927,4875,True,True,True,True,Eyes,2.34861,0.1365467,-2.480948,0.1001144,-0.1107406,-0.988794,0.0,0.0,0.0,0.0,0.0,0.0,0.0,2.378759,-0.7664729,-2.41876,2.363379,0.1309528,-2.548266,0.02800742,0.994509,-0.1005059,-0.008139447,11.50492,181.2759,3.354818,0.6975831,0.04034127,-0.7153662,0.07720322,0.01579387,-0.3164786,2.33899,0.1019834,-4.696644,-7.450581e-09,0.4008,2.111001,-0.998299,0.05734339,0.01055968,0.05407114,0.9782283,-0.2003639,-0.02181933,-0.1994521,-0.9796649,static,-5.781436,6.39025,-2.022201e-07,10.75037,5.150178299743452,-0.4018429216498973
05/04/2023 16:19:38.213215,4876,True,True,True,True,Eyes,2.349896,0.1360669,-2.484866,0.09713268,-0.1105614,-0.9891114,0.0,0.0,0.0,0.0,0.0,0.0,0.0,2.407962,-0.7646159,-2.404881,2.366992,0.1289072,-2.55873,0.02787342,0.9944537,-0.1005495,-0.01322592,11.49289,181.8661,3.398836,0.6965244,0.04030129,-0.7163994,0.07257103,0.01484624,-0.2974899,2.320782,0.1003711,-4.706756,9.685755e-08,0.4008001,2.111001,-0.9980966,0.05809737,0.02069982,0.05277794,0.9782258,-0.2007209,-0.03191045,-0.1992463,-0.9794301,static,-5.608575,6.377959,2.628861e-06,10.75037,5.15646749486293,-0.40087691359622135
05/04/2023 16:19:38.233456,4877,True,True,True,True,Eyes,2.351274,0.1355759,-2.489052,0.09401927,-0.1104558,-0.989424,0.0,0.0,0.0,0.0,0.0,0.0,0.0,2.436972,-0.7689835,-2.388669,2.370651,0.127078,-2.569002,0.02797234,0.9942617,-0.1016085,-0.01835645,11.59684,182.4682,3.473729,0.6955338,0.0402469,-0.7173644,0.06821677,0.01395547,-0.2796405,2.302393,0.09461318,-4.716384,0.0,0.4008001,2.111001,-0.9977615,0.059354,0.03081778,0.05189332,0.9777865,-0.2030779,-0.04218668,-0.201024,-0.9786778,static,-5.428189,6.369922,0.0,10.75037,5.162969432895682,-0.39995887336532965
05/04/2023 16:19:38.253623,4878,True,True,True,True,Eyes,2.352745,0.1350746,-2.493492,0.0905992,-0.1103746,-0.9897521,0.0,0.0,0.0,0.0,0.0,0.0,0.0,2.466791,-0.7754521,-2.370965,2.374494,0.1264936,-2.579463,0.02833066,0.9940366,-0.1026036,-0.0236947,11.69143,183.0979,3.582291,0.6946023,0.040179,-0.7182703,0.06412376,0.01311814,-0.262862,2.283405,0.09043656,-4.725942,-1.490116e-07,0.4008002,2.111002,-0.9972721,0.06118575,0.04129313,0.0514611,0.9773397,-0.205326,-0.05292043,-0.2026408,-0.9778224,static,-5.230124,6.363189,-4.0444e-06,10.75037,5.170081943615562,-0.3989901766519827
05/04/2023 16:19:38.273285,4879,True,True,True,True,Eyes,2.3543,0.1345486,-2.49818,0.08705328,-0.1103094,-0.9900776,0.0,0.0,0.0,0.0,0.0,0.0,0.0,2.496783,-0.7785818,-2.353653,2.378229,0.1256439,-2.589986,0.02866994,0.9938438,-0.1029913,-0.02907709,11.71522,183.7301,3.687582,0.6937218,0.04009837,-0.7191253,0.06027634,0.01233105,-0.2470903,2.264195,0.08864924,-4.735351,-2.980232e-07,0.4008001,2.111001,-0.9966654,0.06297626,0.05189066,0.0509975,0.9771416,-0.2063819,-0.06370169,-0.2030474,-0.9770948,static,-5.02485,6.357383,-8.088804e-06,10.75037,5.177438390885111,-0.39800825347882174
05/04/2023 16:19:38.288638,4880,True,True,True,True,Eyes,2.355941,0.1339898,-2.503096,0.08324363,-0.1102956,-0.9904067,0.0,0.0,0.0,0.0,0.0,0.0,0.0,2.525698,-0.7823734,-2.336981,2.382191,0.1246583,-2.600455,0.02944796,0.9936444,-0.1030915,-0.03429011,11.70384,184.3467,3.840793,0.6928853,0.04000539,-0.7199364,0.05665976,0.01159119,-0.2322649,2.246143,0.08802115,-4.744543,2.086163e-07,0.4007999,2.111,-0.9959139,0.06559164,0.06207269,0.05145157,0.9770099,-0.206892,-0.07421602,-0.202853,-0.9763926,static,-4.804415,6.3545,5.662165e-06,10.75037,5.185295445512868,-0.3970168123557323
05/04/2023 16:19:38.303770,4881,True,True,True,True,Eyes,2.357651,0.1334346,-2.508241,0.07932989,-0.1104033,-0.9907159,0.0,0.0,0.0,0.0,0.0,0.0,0.0,2.553789,-0.7877091,-2.319892,2.385993,0.1233458,-2.610755,0.03000938,0.9933681,-0.103783,-0.03935037,11.76089,184.946,3.970459,0.6920868,0.03990013,-0.7207099,0.05326017,0.01089572,-0.218329,2.228431,0.08450954,-4.753331,7.450581e-08,0.4008,2.111001,-0.995102,0.06778852,0.07194986,0.05145291,0.976657,-0.2085512,-0.08440772,-0.2038277,-0.9753613,static,-4.578094,6.358687,2.022201e-06,10.75037,5.193271205392916,-0.39613324033575303
05/04/2023 16:19:38.313205,4882,True,True,True,True,Eyes,2.359438,0.1329119,-2.513589,0.0751658,-0.1105914,-0.9910195,0.0,0.0,0.0,0.0,0.0,0.0,0.0,2.581943,-0.7975125,-2.301066,2.389761,0.1228987,-2.621316,0.03048113,0.9929779,-0.1053014,-0.04446781,11.91223,185.5558,4.096565,0.6913201,0.03978373,-0.7214518,0.05006456,0.01024197,-0.2052293,2.210293,0.07832761,-4.762056,8.940697e-08,0.4008,2.111001,-0.9941871,0.06989922,0.0818917,0.05116914,0.975965,-0.2118347,-0.09473051,-0.206413,-0.9738686,static,-4.337405,6.367494,2.426641e-06,10.75037,5.201697810484143,-0.39527542068651117
