Time,Frame,EyeTrackingEnabled,EyeCalibrationValid,EyeTrackingEnabledAndValid,EyeTrackingDataValid,GazeInputSource,EyeGazeOrigin.x,EyeGazeOrigin.y,EyeGazeOrigin.z,EyeGazeDirection.x,EyeGazeDirection.y,EyeGazeDirection.z,EyeHitInfo.distance,EyeHitPosition.x,EyeHitPosition.y,EyeHitPosition.z,EyeHitNormal.x,EyeHitNormal.y,EyeHitNormal.z,LocalEyeHitPosition.x,LocalEyeHitPosition.y,LocalEyeHitPosition.z,HeadGazeOrigin.x,HeadGazeOrigin.y,HeadGazeOrigin.z,HeadRotation.x,HeadRotation.y,HeadRotation.z,HeadRotation.w,HeadEulerAngles.x,HeadEulerAngles.y,HeadEulerAngles.z,HeadMovementDirection.x,HeadMovementDirection.y,HeadMovementDirection.z,HeadVelocity.x,HeadVelocity.y,HeadVelocity.z,transform.position.x,transform.position.y,transform.position.z,localTransform.position.x,localTransform.position.y,localTransform.position.z,localXAxis.x,localXAxis.y,localXAxis.z,localYAxis.x,localYAxis.y,localYAxis.z,localZAxis.x,localZAxis.y,localZAxis.z,Movement,GazeAngleX,GazeAngleY,TargetAngleX,TargetAngleY,CalibratedGazeAngleX,CalibratedGazeAngleY
05/11/2023 12:33:03.742974,181,True,True,True,True,Eyes,1.273255,-0.246303,-3.610862,-0.4638851,0.4104691,0.7850642,0.0,0.0,0.0,0.0,0.0,0.0,0.0,0.507261,-1.116981,3.643719,1.271288,-0.250082,-3.619798,-0.1784152,-0.2323703,-0.01441167,0.9560148,339.6452,332.0692,3.385196,0.3317659,-0.06422245,-0.9411728,0,0,0,0.685912,0.2795679,-2.694885,-0.07690051,0.1217169,1.207447,0.8915927,0.05536124,0.4494414,0.1104723,0.9359207,-0.3344375,-0.4391563,0.3478328,0.8283441,moving,-30.57834,27.60272,-3.64416,5.756264,-31.851146810920433,38.69916993430467
05/11/2023 12:33:03.762787,182,True,True,True,True,Eyes,1.273316,-0.2462999,-3.61082,-0.464249,0.4112131,0.7844595,0.0,0.0,0.0,0.0,0.0,0.0,0.0,0.5064859,-1.116695,3.643887,1.271267,-0.2502027,-3.619769,-0.178402,-0.2322779,-0.01433045,0.956041,339.6486,332.0792,3.392187,0.3317756,-0.06421988,-0.9411696,0,0,0,0.689964,0.2764958,-2.694819,-0.07358697,0.1194898,1.204642,0.8916832,0.0554767,0.4492477,0.1102787,0.9359347,-0.334462,-0.4390213,0.3477765,0.8284394,moving,-30.61736,27.6635,-3.495636,5.664702,-31.888432089475025,38.76036784779541
05/11/2023 12:33:03.782465,183,True,True,True,True,Eyes,1.273377,-0.246297,-3.610774,-0.4645873,0.4119173,0.7838895,0.0,0.0,0.0,0.0,0.0,0.0,0.0,0.5059643,-1.115347,3.644321,1.271258,-0.2501847,-3.619722,-0.1782129,-0.2322015,-0.01441219,0.9560937,339.6674,332.093,3.37507,0.3317861,-0.06421752,-0.941166,0,0,0,0.6938523,0.2735478,-2.694756,-0.07054099,0.1175318,1.201859,0.8917496,0.05520378,0.4491496,0.1103214,0.9360649,-0.3340834,-0.4388758,0.3474695,0.8286452,moving,-30.65392,27.72097,-3.359022,5.585291,-31.923349533731617,38.81823523602266
05/11/2023 12:33:03.798045,184,True,True,True,True,Eyes,1.273438,-0.2462956,-3.610726,-0.4649052,0.4125651,0.7833602,0.0,0.0,0.0,0.0,0.0,0.0,0.0,0.504652,-1.114208,3.644715,1.271292,-0.2501811,-3.619573,-0.1780651,-0.2320424,-0.01442366,0.9561596,339.6832,332.1149,3.3656,0.3317974,-0.06421535,-0.9411622,0,0,0,0.6976857,0.2706415,-2.694694,-0.06776747,0.115609,1.199051,0.8918966,0.05505467,0.4488758,0.11022,0.9361695,-0.3338235,-0.4386024,0.3472111,0.8288983,moving,-30.6881,27.77402,-3.234778,5.50727,-31.956016277395634,38.87164918208428
05/11/2023 12:33:03.812864,185,True,True,True,True,Eyes,1.273497,-0.2462973,-3.610679,-0.4652115,0.4131775,0.7828554,0.0,0.0,0.0,0.0,0.0,0.0,0.0,0.5037851,-1.113207,3.645117,1.271234,-0.2502228,-3.619566,-0.1779371,-0.2319227,-0.0144268,0.9562124,339.6971,332.1316,3.358592,0.3318093,-0.06421342,-0.9411581,0,0,0,0.7018142,0.2675114,-2.694627,-0.0644885,0.1134673,1.196147,0.8920074,0.05494513,0.4486689,0.1101255,0.9362606,-0.3335994,-0.4384007,0.346983,0.8291005,moving,-30.72088,27.82431,-3.086031,5.418903,-31.98736435280275,38.92228167127473
05/11/2023 12:33:03.829555,186,True,True,True,True,Eyes,1.273569,-0.2462992,-3.610628,-0.4654869,0.4137444,0.7823921,0.0,0.0,0.0,0.0,0.0,0.0,0.0,0.5042716,-1.111954,3.645394,1.271253,-0.2502931,-3.619516,-0.1777664,-0.2319734,-0.01455736,0.9562299,339.7129,332.1303,3.3392,0.3318218,-0.06421176,-0.9411538,0,0,0,0.7060769,0.2642795,-2.694558,-0.06086156,0.1112736,1.193177,0.8919529,0.05463379,0.4488154,0.1103145,0.9363744,-0.3332171,-0.4384642,0.3467248,0.8291749,moving,-30.75068,27.87077,-2.920012,5.327897,-32.015838154384134,38.969061301035204
05/11/2023 12:33:03.842931,187,True,True,True,True,Eyes,1.273639,-0.2463014,-3.610573,-0.465744,0.4142834,0.7819539,0.0,0.0,0.0,0.0,0.0,0.0,0.0,0.5051694,-1.109743,3.645998,1.271253,-0.2503139,-3.61957,-0.1774666,-0.2320793,-0.01458315,0.9562595,339.7463,332.1219,3.329196,0.3318351,-0.06421036,-0.9411492,0,0,0,0.7099295,0.2613587,-2.694495,-0.05735326,0.109616,1.190525,0.8918532,0.05448207,0.449032,0.1102632,0.936586,-0.3326392,-0.43868,0.346177,0.8292897,moving,-30.77869,27.91488,-2.758078,5.260601,-32.042587091722034,39.01347664834479
05/11/2023 12:33:03.862776,188,True,True,True,True,Eyes,1.273694,-0.246303,-3.610526,-0.4659556,0.4147992,0.7815542,0.0,0.0,0.0,0.0,0.0,0.0,0.0,0.5044925,-1.108991,3.646174,1.271281,-0.2503205,-3.619412,-0.1773651,-0.2319945,-0.01466497,0.9562977,339.7552,332.1354,3.314646,0.3318492,-0.06420921,-0.9411443,0,0,0,0.7137867,0.2584343,-2.694432,-0.05440998,0.1075261,1.187727,0.8919271,0.05424731,0.4489137,0.1103436,0.9366531,-0.3324233,-0.4385095,0.3460321,0.8294404,moving,-30.80302,27.95652,-2.622895,5.172941,-32.06571211638856,39.05541897606847
05/11/2023 12:33:03.872435,189,True,True,True,True,Eyes,1.273738,-0.2463005,-3.610482,-0.4661593,0.4152952,0.7811693,1.177263,0.7249462,0.242611,-2.69084,0.4727843,-0.8492475,0.2350611,-0.04382774,0.0931969,1.180299,1.271225,-0.2502924,-3.619462,-0.177197,-0.2318873,-0.01451879,0.9563571,339.7779,332.1482,3.324061,0.3318635,-0.06420825,-0.9411393,0,0,0,0.7178538,0.2553507,-2.694366,-0.05104324,0.1055228,1.184886,0.8920349,0.05440917,0.4486795,0.1099498,0.9367809,-0.3321938,-0.4383888,0.3456607,0.829659,moving,-30.82645,27.99658,-2.466697,5.089183,-32.0879830224929,39.09576967760021
05/11/2023 12:33:03.892568,190,True,True,True,True,Eyes,1.27377,-0.2463006,-3.610441,-0.4663297,0.4157912,0.7808037,1.168854,0.7286988,0.2396987,-2.697796,0.4699274,-0.8514872,-0.2326754,-0.0435535,0.09308836,1.171752,1.271017,-0.2501951,-3.619457,-0.1772429,-0.2318691,-0.01441283,0.9563545,339.7756,332.1477,3.337419,0.3318778,-0.06420737,-0.9411344,0,0,0,0.7216483,0.2524739,-2.694305,-0.04757917,0.1031217,1.182155,0.892058,0.05462676,0.4486073,0.1097618,0.9367544,-0.3323303,-0.438389,0.3456978,0.8296433,moving,-30.84747,28.03606,-2.304787,4.985404,-32.107846463166055,39.13554997720881
05/11/2023 12:33:03.912459,191,True,True,True,True,Eyes,1.2738,-0.2463075,-3.610398,-0.4665326,0.4162762,0.7804238,1.163455,0.7310105,0.2380111,-2.70241,0.3548165,-0.7599298,-0.5446209,-0.0429478,0.09304351,1.166345,1.270851,-0.2502592,-3.619485,-0.1774955,-0.2319765,-0.01398942,0.956288,339.7593,332.1227,3.396919,0.3318917,-0.06420662,-0.9411295,0,0,0,0.7256875,0.2494116,-2.694239,-0.04339653,0.1004198,1.179401,0.8919824,0.05559371,0.4486387,0.1091054,0.9365994,-0.3329831,-0.4387065,0.345964,0.8293645,moving,-30.87073,28.07535,-2.107271,4.866699,-32.12997157725729,39.1751232218638
05/11/2023 12:33:03.922815,192,True,True,True,True,Eyes,1.273834,-0.246315,-3.610354,-0.4667403,0.4166968,0.7800751,1.159819,0.7324991,0.2369781,-2.705608,0.1803103,-0.6214007,-0.7624627,-0.04178819,0.09311163,1.162714,1.270844,-0.2504482,-3.619347,-0.1778539,-0.232365,-0.01329594,0.9561369,339.7398,332.056,3.497376,0.3319052,-0.06420618,-0.9411247,0,0,0,0.7297949,0.2462975,-2.694173,-0.03853095,0.09772754,1.176606,0.8916594,0.05722857,0.449075,0.1080795,0.9363824,-0.3339263,-0.439616,0.3462844,0.828749,moving,-30.89324,28.11003,-1.875625,4.748022,-32.151493467316264,39.21004003658963
05/11/2023 12:33:03.943012,193,True,True,True,True,Eyes,1.273874,-0.2463111,-3.610311,-0.4669586,0.4170722,0.7797439,1.157774,0.7332419,0.2365642,-2.707544,-0.04323091,-0.4419484,-0.8959982,-0.04082513,0.09506419,1.160592,1.270926,-0.2504662,-3.619342,-0.1772273,-0.2328708,-0.01294456,0.9561352,339.8221,331.9955,3.529773,0.3319186,-0.06420603,-0.94112,0,0,0,0.7338902,0.2431926,-2.694106,-0.03381854,0.0968703,1.173729,0.8912073,0.05778861,0.4499,0.1072956,0.9368458,-0.3328777,-0.4407235,0.3449353,0.8287234,moving,-30.91577,28.1416,-1.650401,4.718047,-32.17313799412694,39.24181202185193
05/11/2023 12:33:03.962681,194,True,True,True,True,Eyes,1.273905,-0.2463038,-3.61027,-0.4670825,0.417488,0.779447,1.157853,0.7330925,0.237086,-2.707785,-0.0531742,-0.4070689,-0.9118483,-0.04076201,0.09621033,1.160572,1.271154,-0.2501785,-3.619327,-0.176762,-0.2331832,-0.01318603,0.9561418,339.869,331.9682,3.493975,0.3319319,-0.06420584,-0.9411153,0,0,0,0.737886,0.2401631,-2.694041,-0.03012264,0.09504884,1.170906,0.8909034,0.05722041,0.450574,0.1076513,0.9371626,-0.3318695,-0.4412508,0.3441685,0.8287616,moving,-30.93209,28.17443,-1.473661,4.640835,-32.18848826856271,39.274899469388906
05/11/2023 12:33:03.982904,195,True,True,True,True,Eyes,1.273936,-0.2462972,-3.610227,-0.467161,0.4179037,0.7791772,0.0,0.0,0.0,0.0,0.0,0.0,0.0,0.512989,-1.107956,3.645063,1.271183,-0.2500756,-3.619221,-0.1772703,-0.2331622,-0.01397142,0.9560416,339.7895,331.9788,3.418109,0.3319449,-0.06420552,-0.9411107,0,0,0,0.7419912,0.2370507,-2.693974,-0.0271093,0.09084824,1.168088,0.8908804,0.05595093,0.450779,0.10938,0.9367601,-0.3324403,-0.4408721,0.3454707,0.8284213,moving,-30.94508,28.20643,-1.329497,4.447237,-32.200512987361655,39.30716986004888
05/11/2023 12:33:03.992745,196,True,True,True,True,Eyes,1.273958,-0.2463012,-3.610183,-0.4671138,0.4183139,0.7789854,0.0,0.0,0.0,0.0,0.0,0.0,0.0,0.5108974,-1.108353,3.645142,1.271187,-0.2500777,-3.619125,-0.1772525,-0.2328147,-0.01474508,0.956118,339.7685,332.0371,3.319903,0.3319577,-0.06420512,-0.9411063,0,0,0,0.7458413,0.2341317,-2.693912,-0.02511829,0.08815339,1.165361,0.8911599,0.0543379,0.4504237,0.1107301,0.9367282,-0.3320829,-0.4399693,0.3458144,0.8287578,moving,-30.94875,28.23573,-1.234767,4.325886,-32.20324257007802,39.33677227001192
05/11/2023 12:33:04.012559,197,True,True,True,True,Eyes,1.273985,-0.2463122,-3.610132,-0.4670302,0.418664,0.7788473,0.0,0.0,0.0,0.0,0.0,0.0,0.0,0.5069489,-1.108007,3.645669,1.271168,-0.2503256,-3.618984,-0.1772489,-0.2323155,-0.01470938,0.9562407,339.7682,332.0982,3.312938,0.33197,-0.06420492,-0.9411019,0,0,0,0.7500645,0.2309298,-2.693843,-0.02267054,0.08594647,1.162386,0.8916264,0.05422391,0.4495134,0.1104867,0.9367329,-0.3321508,-0.4390845,0.3458196,0.8292247,moving,-30.94871,28.25995,-1.117324,4.228738,-32.202404053906974,39.36126274245497
05/11/2023 12:33:04.032789,198,True,True,True,True,Eyes,1.274005,-0.2463239,-3.610087,-0.4667637,0.4188514,0.7789064,0.0,0.0,0.0,0.0,0.0,0.0,0.0,0.5023311,-1.102847,3.647711,1.271308,-0.2504884,-3.618761,-0.1765762,-0.2317321,-0.01480659,0.956505,339.8393,332.1816,3.267874,0.3319822,-0.06420508,-0.9410976,0,0,0,0.7540943,0.2278746,-2.693778,-0.02095377,0.08524173,1.159409,0.892162,0.05351155,0.4485348,0.1101619,0.9372033,-0.3309296,-0.4380768,0.3446543,0.8302422,moving,-30.93237,28.26883,-1.035383,4.204917,-32.185658966776664,39.37035075781024
05/11/2023 12:33:04.042452,199,True,True,True,True,Eyes,1.274036,-0.2463378,-3.610029,-0.4664026,0.4189574,0.7790657,0.0,0.0,0.0,0.0,0.0,0.0,0.0,0.4963899,-1.092817,3.651544,1.271624,-0.2504552,-3.618656,-0.1751616,-0.2309259,-0.01545934,0.9569497,339.978,332.3134,3.130581,0.331994,-0.06420559,-0.9410934,0,0,0,0.7579982,0.2249148,-2.693714,-0.02040347,0.08574909,1.156519,0.8928685,0.05131108,0.4473847,0.1104863,0.9381589,-0.3281017,-0.4365532,0.3423815,0.8319833,moving,-30.90766,28.26999,-1.010716,4.240387,-32.16074072844218,39.37168845366174
05/11/2023 12:33:04.062278,200,True,True,True,True,Eyes,1.274083,-0.2463625,-3.609958,-0.4658707,0.418922,0.7794029,0.0,0.0,0.0,0.0,0.0,0.0,0.0,0.4858462,-1.083268,3.655527,1.271867,-0.2504892,-3.618288,-0.1738176,-0.2295223,-0.01625991,0.9575189,340.1029,332.5201,2.965827,0.3320058,-0.0642065,-0.9410893,0,0,0,0.762207,0.2217239,-2.693646,-0.02107126,0.08601263,1.153195,0.8941103,0.04865172,0.4451964,0.1109284,0.9390461,-0.3254033,-0.4338914,0.3403314,0.8342139,moving,-30.86793,28.25763,-1.046796,4.265587,-32.12114474224436,39.359455462471544
05/11/2023 12:33:04.082618,201,True,True,True,True,Eyes,1.274134,-0.2463921,-3.609891,-0.4652824,0.4187779,0.7798316,0.0,0.0,0.0,0.0,0.0,0.0,0.0,0.4740444,-1.073291,3.659869,1.271933,-0.2507446,-3.618097,-0.1724593,-0.22795,-0.01685018,0.9581299,340.2353,332.7432,2.822121,0.332018,-0.06420803,-0.9410849,0,0,0,0.7661334,0.218747,-2.693582,-0.0219824,0.08676901,1.150205,0.8955097,0.04633489,0.4426233,0.1109135,0.9399478,-0.3227948,-0.4309995,0.3381588,0.8365932,moving,-30.82219,28.23627,-1.094888,4.314101,-32.075794028011146,39.338162136346966
05/11/2023 12:33:04.092534,202,True,True,True,True,Eyes,1.274188,-0.2464221,-3.609825,-0.4645766,0.4185176,0.7803919,0.0,0.0,0.0,0.0,0.0,0.0,0.0,0.4648681,-1.060821,3.664739,1.272073,-0.2508582,-3.618101,-0.1707733,-0.2267482,-0.01710685,0.9587124,340.4151,332.9178,2.715998,0.3320308,-0.06421026,-0.9410802,0,0,0,0.770201,0.2156631,-2.693516,-0.02175739,0.08813041,1.147229,0.8965852,0.04464395,0.4406153,0.1102461,0.9410877,-0.3196869,-0.4289297,0.3352027,0.8388436,moving,-30.76584,28.20428,-1.086494,4.392848,-32.0201106587262,39.30619096112227
05/11/2023 12:33:04.112931,203,True,True,True,True,Eyes,1.274246,-0.2464544,-3.609748,-0.4638143,0.4182253,0.7810018,0.0,0.0,0.0,0.0,0.0,0.0,0.0,0.4567761,-1.052789,3.668073,1.272196,-0.2508597,-3.618059,-0.1696701,-0.2256921,-0.01736438,0.9591526,340.5298,333.0665,2.630864,0.332044,-0.06421312,-0.9410753,0,0,0,0.7741466,0.2126717,-2.693452,-0.02119726,0.08813652,1.144376,0.897523,0.04327625,0.4388388,0.1098966,0.941821,-0.317641,-0.427054,0.333317,0.8405502,moving,-30.70485,28.16899,-1.061168,4.404062,-31.959864126957527,39.27091390740104
05/11/2023 12:33:04.122969,204,True,True,True,True,Eyes,1.274308,-0.2464919,-3.609665,-0.4629239,0.4178218,0.7817456,0.0,0.0,0.0,0.0,0.0,0.0,0.0,0.4467812,-1.047676,3.670495,1.272326,-0.2509345,-3.617733,-0.1689989,-0.2244303,-0.01744157,0.9595658,340.6001,333.2314,2.575487,0.3320579,-0.06421662,-0.9410702,0,0,0,0.7782115,0.2095898,-2.693386,-0.02094269,0.08735901,1.141306,0.8986537,0.0423843,0.4366065,0.1093296,0.9422703,-0.3165023,-0.424816,0.33216,0.8421409,moving,-30.63262,28.12329,-1.051246,4.377059,-31.88864335493374,39.22518565950767
05/11/2023 12:33:04.142804,205,True,True,True,True,Eyes,1.274376,-0.2465254,-3.609576,-0.4619946,0.4173724,0.7825352,0.0,0.0,0.0,0.0,0.0,0.0,0.0,0.4360563,-1.040755,3.673579,1.272463,-0.2510735,-3.617499,-0.1681283,-0.223105,-0.01716933,0.9600325,340.7022,333.3999,2.553821,0.3320724,-0.06422084,-0.9410648,0,0,0,0.7822866,0.2065002,-2.69332,-0.02061489,0.0872421,1.138296,0.8998588,0.04205428,0.4341493,0.1079867,0.9428762,-0.3151561,-0.4226027,0.3304783,0.8439141,moving,-30.55683,28.07364,-1.037531,4.382737,-31.8139682735804,39.17548708059189
05/11/2023 12:33:04.162709,206,True,True,True,True,Eyes,1.274449,-0.2465584,-3.609482,-0.4609865,0.4168667,0.7833988,0.0,0.0,0.0,0.0,0.0,0.0,0.0,0.4261627,-1.034158,3.676428,1.27265,-0.2509943,-3.617262,-0.1672684,-0.2218883,-0.01694628,0.9604684,340.8021,333.5555,2.529357,0.3320879,-0.06422561,-0.941059,0,0,0,0.7861185,0.203595,-2.693258,-0.02031797,0.0869928,1.135415,0.9009569,0.04167705,0.4319025,0.1067825,0.9434682,-0.3137916,-0.4205642,0.3288323,0.8455738,moving,-30.47444,28.01859,-1.025185,4.381307,-31.73282575640225,39.12037226328452
05/11/2023 12:33:04.172754,207,True,True,True,True,Eyes,1.274529,-0.2465958,-3.609377,-0.459953,0.4163316,0.7842904,0.0,0.0,0.0,0.0,0.0,0.0,0.0,0.4174923,-1.030115,3.67842,1.272782,-0.2509971,-3.617076,-0.1667438,-0.2208062,-0.01686798,0.9608105,340.8606,333.6932,2.500849,0.3321042,-0.06423087,-0.9410529,0,0,0,0.7901158,0.2005644,-2.693193,-0.01950571,0.08586082,1.132555,0.9019201,0.04122226,0.4299311,0.10605,0.9438239,-0.3129692,-0.4186805,0.3278674,0.8468823,moving,-30.38981,27.96109,-0.9866928,4.335391,-31.649508574730596,39.06279504828175
05/11/2023 12:33:04.192882,208,True,True,True,True,Eyes,1.274629,-0.2466336,-3.609265,-0.4588658,0.4157271,0.7852471,0.0,0.0,0.0,0.0,0.0,0.0,0.0,0.4085742,-1.024705,3.68065,1.273003,-0.2511285,-3.616703,-0.1660809,-0.2197305,-0.01660041,0.9611765,340.9398,333.8281,2.490671,0.3321216,-0.06423669,-0.9410464,0,0,0,0.7941146,0.1975327,-2.693128,-0.01874322,0.08530024,1.129599,0.9028859,0.04107425,0.4279136,0.1048979,0.9442831,-0.3119708,-0.4168856,0.3265613,0.8482713,moving,-30.30024,27.89773,-0.9506103,4.318421,-31.5614105388373,38.99932539489538
05/11/2023 12:33:04.212753,209,True,True,True,True,Eyes,1.274731,-0.2466733,-3.609142,-0.4577639,0.4151057,0.7862185,0.0,0.0,0.0,0.0,0.0,0.0,0.0,0.4016279,-1.019325,3.68286,1.273207,-0.2511681,-3.61658,-0.1653842,-0.2188781,-0.01647461,0.9614933,341.0197,333.9384,2.467836,0.3321404,-0.06424303,-0.9410393,0,0,0,0.7981962,0.1944382,-2.693062,-0.01735514,0.08450219,1.126785,0.903642,0.04071748,0.4263488,0.1040784,0.9447533,-0.3108197,-0.4154503,0.3252434,0.849481,moving,-30.20946,27.83305,-0.8824205,4.288817,-31.472137682491706,38.934529082889426
05/11/2023 12:33:04.222646,210,True,True,True,True,Eyes,1.274844,-0.2467127,-3.609008,-0.4565887,0.41442,0.7872629,0.0,0.0,0.0,0.0,0.0,0.0,0.0,0.3952949,-1.0143,3.68461,1.273355,-0.2512369,-3.616194,-0.1647023,-0.2180714,-0.01676417,0.9617885,341.0872,334.0505,2.398279,0.3321607,-0.0642499,-0.9410317,0,0,0,0.8023408,0.1912959,-2.692994,-0.01607391,0.0835155,1.123724,0.9043277,0.03958653,0.4249992,0.1040809,0.9451842,-0.3095059,-0.4139548,0.3241291,0.8506361,moving,-30.11244,27.76259,-0.8195114,4.250425,-31.376772391167265,38.86392989278653
05/11/2023 12:33:04.242908,211,True,True,True,True,Eyes,1.274959,-0.2467479,-3.608869,-0.4553949,0.4137133,0.7883253,0.0,0.0,0.0,0.0,0.0,0.0,0.0,0.3884597,-1.005537,3.687489,1.273544,-0.2512317,-3.615874,-0.1634759,-0.2171742,-0.01731724,0.9621909,341.2093,334.1845,2.281081,0.3321826,-0.06425726,-0.9410234,0,0,0,0.8062394,0.1883401,-2.692931,-0.01543275,0.08365291,1.120797,0.905071,0.0376805,0.4235879,0.1043305,0.9459515,-0.3070683,-0.4122642,0.3221117,0.852222,moving,-30.0139,27.6905,-0.7888811,4.268471,-31.27993036351822,38.79169265254173
05/11/2023 12:33:04.262630,212,True,True,True,True,Eyes,1.27507,-0.2467895,-3.608724,-0.4541276,0.412981,0.7894396,0.0,0.0,0.0,0.0,0.0,0.0,0.0,0.3818685,-0.9997311,3.68957,1.273715,-0.2511449,-3.615631,-0.1626375,-0.2163104,-0.01781816,0.9625183,341.2892,334.3088,2.181884,0.3322062,-0.06426496,-0.9410145,0,0,0,0.8101706,0.1853597,-2.692867,-0.014539,0.08283165,1.117958,0.9057847,0.03605974,0.4222011,0.104661,0.9464631,-0.3053747,-0.4106095,0.3207917,0.8535177,moving,-29.9098,27.6155,-0.7450874,4.237411,-31.17758599010716,38.71655001888266
05/11/2023 12:33:04.272619,213,True,True,True,True,Eyes,1.275184,-0.2468382,-3.608569,-0.4528652,0.4122061,0.7905689,0.0,0.0,0.0,0.0,0.0,0.0,0.0,0.3757796,-0.9968863,3.690671,1.273786,-0.2513087,-3.615295,-0.1622371,-0.2155096,-0.01827366,0.962757,341.321,334.4194,2.101665,0.3322312,-0.06427313,-0.9410052,0,0,0,0.8141659,0.1823305,-2.692802,-0.01328057,0.08129865,1.115123,0.9064434,0.03474111,0.4208961,0.1051135,0.9466904,-0.3045134,-0.4090374,0.320266,0.8544694,moving,-29.80557,27.53773,-0.6823324,4.169802,-31.075202015738768,38.638607349032945
05/11/2023 12:33:04.298640,214,True,True,True,True,Eyes,1.275303,-0.2468922,-3.608405,-0.4515367,0.4113554,0.7917711,0.0,0.0,0.0,0.0,0.0,0.0,0.0,0.3709641,-0.9885277,3.693092,1.273958,-0.2515021,-3.614901,-0.1611041,-0.2148875,-0.0187122,0.9630778,341.4366,334.5157,2.006783,0.3322575,-0.06428193,-0.9409953,0,0,0,0.8182449,0.1792381,-2.692736,-0.01175818,0.08135876,1.112134,0.9069464,0.0331959,0.4199359,0.1052811,0.9473907,-0.3022696,-0.4078774,0.3183537,0.8557376,moving,-29.69555,27.45361,-0.6057444,4.18405,-30.96719748845196,38.554282441605494
05/11/2023 12:33:04.314557,215,True,True,True,True,Eyes,1.275426,-0.2469474,-3.608233,-0.4502028,0.4104628,0.7929929,0.0,0.0,0.0,0.0,0.0,0.0,0.0,0.3659077,-0.9788738,3.695906,1.274126,-0.25164,-3.614565,-0.1597836,-0.2142286,-0.0191878,0.9634351,341.5726,334.6189,1.901989,0.3322853,-0.06429145,-0.9409848,0,0,0,0.8223405,0.1761328,-2.692669,-0.01031199,0.08172569,1.109147,0.9074758,0.03148805,0.4189225,0.1054329,0.948202,-0.2996611,-0.406659,0.3161034,0.8571506,moving,-29.58471,27.36664,-0.5326766,4.214131,-30.85846124957653,38.467081206074965
05/11/2023 12:33:04.332975,216,True,True,True,True,Eyes,1.275544,-0.2470093,-3.608056,-0.4487751,0.4094759,0.7943113,0.0,0.0,0.0,0.0,0.0,0.0,0.0,0.3599759,-0.9700951,3.698526,1.274347,-0.2516915,-3.614202,-0.1585556,-0.2134567,-0.01977423,0.9637975,341.6952,334.7364,1.784993,0.3323144,-0.06430165,-0.9409738,0,0,0,0.8263355,0.173104,-2.692605,-0.009295493,0.08181366,1.106222,0.9080904,0.02957279,0.4177286,0.1058062,0.9489382,-0.297189,-0.4051874,0.3140728,0.8585928,moving,-29.46586,27.27158,-0.4814405,4.229765,-30.741926530763635,38.37175312289837
05/11/2023 12:33:04.342738,217,True,True,True,True,Eyes,1.275666,-0.2470747,-3.607871,-0.4473494,0.4084294,0.7956532,0.0,0.0,0.0,0.0,0.0,0.0,0.0,0.353048,-0.9588553,3.701826,1.274462,-0.2518632,-3.613845,-0.1570286,-0.2125567,-0.02024,0.9642365,341.8546,334.8701,1.671754,0.3323449,-0.06431265,-0.9409624,0,0,0,0.8305968,0.1698733,-2.692535,-0.008191526,0.08256868,1.103089,0.90882,0.02772265,0.4162663,0.1057873,0.9498647,-0.2942211,-0.4035533,0.3114297,0.8603234,moving,-29.34651,27.17261,-0.4254701,4.280736,-30.62501723739397,38.27247475232595
05/11/2023 12:33:04.362397,218,True,True,True,True,Eyes,1.275808,-0.2471445,-3.607671,-0.4458629,0.4073066,0.7970618,0.0,0.0,0.0,0.0,0.0,0.0,0.0,0.3468206,-0.9478894,3.70496,1.274652,-0.2519757,-3.613485,-0.1555367,-0.2117631,-0.02064583,0.9646444,342.0119,334.9888,1.568979,0.3323765,-0.06432448,-0.9409504,0,0,0,0.8345493,0.1668766,-2.692471,-0.007150829,0.08338809,1.100178,0.9094603,0.02604211,0.4149745,0.1057056,0.9507642,-0.2913312,-0.4021297,0.3088193,0.8619295,moving,-29.22191,27.06749,-0.3724003,4.334453,-30.503024514771845,38.16701277497373
05/11/2023 12:33:04.382572,219,True,True,True,True,Eyes,1.275958,-0.2472143,-3.60746,-0.4443563,0.4061226,0.798506,0.0,0.0,0.0,0.0,0.0,0.0,0.0,0.3390807,-0.9377518,3.70796,1.274839,-0.2521173,-3.613107,-0.1541486,-0.2107697,-0.02113713,0.9650738,342.1552,335.1318,1.455707,0.3324099,-0.06433716,-0.9409378,0,0,0,0.8384259,0.1639375,-2.692408,-0.00663209,0.0840162,1.097334,0.9102587,0.02418195,0.4133332,0.1057775,0.9515828,-0.2886195,-0.4003002,0.3064397,0.8636287,moving,-29.09526,26.95803,-0.3462811,4.378246,-30.37911072535431,38.05717604767723
05/11/2023 12:33:04.392768,220,True,True,True,True,Eyes,1.276099,-0.2472871,-3.607247,-0.4427236,0.4048598,0.8000528,0.0,0.0,0.0,0.0,0.0,0.0,0.0,0.3297832,-0.9261003,3.71138,1.275138,-0.2521526,-3.612644,-0.1525602,-0.2096075,-0.02150763,0.9655712,342.3241,335.2947,1.348419,0.3324452,-0.06435065,-0.9409244,0,0,0,0.8422586,0.1610317,-2.692346,-0.006617635,0.0850679,1.094429,0.9112043,0.02242122,0.4113442,0.1054898,0.9525256,-0.2855991,-0.3982194,0.3036318,0.8655802,moving,-28.95874,26.8413,-0.3464437,4.444557,-30.245498633523837,37.940054022501954
05/11/2023 12:33:04.412927,221,True,True,True,True,Eyes,1.276245,-0.2473614,-3.607022,-0.4410545,0.4035621,0.8016287,0.0,0.0,0.0,0.0,0.0,0.0,0.0,0.3186967,-0.9173017,3.714225,1.275339,-0.2522507,-3.612251,-0.1513561,-0.2081992,-0.02189614,0.9660564,342.449,335.4837,1.245146,0.3324819,-0.06436493,-0.9409105,0,0,0,0.8466097,0.1577329,-2.692275,-0.006484389,0.08500087,1.091322,0.9123473,0.02071862,0.4088925,0.1053303,0.9532238,-0.2833195,-0.3956361,0.3015546,0.8674888,moving,-28.8195,26.72195,-0.3404346,4.453661,-30.10923417760182,37.82030090347106
05/11/2023 12:33:04.432199,222,True,True,True,True,Eyes,1.27638,-0.2474407,-3.606791,-0.4392582,0.4022049,0.8032953,0.0,0.0,0.0,0.0,0.0,0.0,0.0,0.3073592,-0.9077703,3.717106,1.27556,-0.2523314,-3.61174,-0.1500537,-0.206768,-0.02229374,0.9665579,342.585,335.676,1.138361,0.3325201,-0.06438,-0.9408959,0,0,0,0.8505603,0.1547377,-2.692211,-0.006827056,0.08539364,1.088358,0.9135,0.0189562,0.4063969,0.105149,0.9539738,-0.2808519,-0.3930159,0.2992904,0.8694618,moving,-28.67074,26.59684,-0.3594004,4.486291,-29.96357406083178,37.69478699895045
05/11/2023 12:33:04.450553,223,True,True,True,True,Eyes,1.276515,-0.2475233,-3.606551,-0.4374239,0.4007905,0.8050014,0.0,0.0,0.0,0.0,0.0,0.0,0.0,0.2946582,-0.8965315,3.720425,1.275724,-0.2524776,-3.611223,-0.148528,-0.2051559,-0.0227125,0.9671271,342.7459,335.892,1.020643,0.3325594,-0.0643959,-0.9408809,0,0,0,0.8547092,0.1515922,-2.692144,-0.007352918,0.08619303,1.085242,0.9147905,0.01701105,0.4035704,0.1048745,0.9548472,-0.2779717,-0.3900767,0.2966101,0.8717011,moving,-28.51889,26.46759,-0.3881944,4.541063,-29.814939130382648,37.56510750997259
05/11/2023 12:33:04.462805,224,True,True,True,True,Eyes,1.27663,-0.2476109,-3.606307,-0.4354915,0.3992776,0.8067991,0.0,0.0,0.0,0.0,0.0,0.0,0.0,0.2821953,-0.8843278,3.723902,1.275859,-0.2526028,-3.610746,-0.1468742,-0.2035749,-0.02308875,0.9677048,342.9227,336.1039,0.9059232,0.3325999,-0.06441266,-0.9408654,0,0,0,0.8584133,0.1487838,-2.692084,-0.008149356,0.08751938,1.082399,0.9160484,0.01511359,0.400783,0.104486,0.9557897,-0.2748611,-0.3872184,0.2936622,0.8739705,moving,-28.35915,26.33039,-0.4313705,4.622701,-29.65862193149777,37.4274419351286
05/11/2023 12:33:04.482180,225,True,True,True,True,Eyes,1.276747,-0.2477078,-3.606054,-0.4335553,0.3976911,0.8086232,0.0,0.0,0.0,0.0,0.0,0.0,0.0,0.2700381,-0.8714304,3.727387,1.275929,-0.2527609,-3.610241,-0.1451562,-0.2020433,-0.02329211,0.9682798,343.1112,336.3069,0.811326,0.3326409,-0.06443035,-0.9408497,0,0,0,0.8627657,0.145484,-2.692013,-0.008104384,0.08868483,1.079127,0.9172719,0.01354913,0.398031,0.1037623,0.9567743,-0.2716916,-0.384507,0.2905157,0.8762164,moving,-28.19864,26.18854,-0.4302907,4.698125,-29.501682689295777,37.28507961745369
05/11/2023 12:33:04.497354,226,True,True,True,True,Eyes,1.276855,-0.2478079,-3.605793,-0.4315336,0.3960392,0.8105132,0.0,0.0,0.0,0.0,0.0,0.0,0.0,0.2600785,-0.8570893,3.731019,1.276087,-0.2530415,-3.609753,-0.143264,-0.2008078,-0.02346643,0.9688143,343.3206,336.4742,0.7218249,0.3326825,-0.06444912,-0.9408336,0,0,0,0.8664729,0.1426733,-2.691953,-0.008074224,0.09071779,1.076307,0.9182512,0.01206784,0.3958147,0.1030063,0.9578496,-0.2681679,-0.3823671,0.2870169,0.8783033,moving,-28.03174,26.04142,-0.4298126,4.817854,-29.33848317155848,37.13743111152683
05/11/2023 12:33:04.512578,227,True,True,True,True,Eyes,1.276974,-0.2479092,-3.605516,-0.4294739,0.3943044,0.8124508,0.0,0.0,0.0,0.0,0.0,0.0,0.0,0.2484444,-0.8413039,3.734926,1.276313,-0.2531592,-3.609173,-0.1411334,-0.1993588,-0.02382945,0.9694172,343.5526,336.6715,0.6016578,0.3327246,-0.06446896,-0.9408174,0,0,0,0.8705111,0.1396118,-2.691887,-0.008406341,0.09280846,1.07316,0.9193765,0.01007103,0.3932499,0.1024737,0.959027,-0.2641331,-0.3797973,0.2831356,0.8806749,moving,-27.86162,25.88856,-0.4488034,4.942724,-29.172230678411346,36.98400003783061
05/11/2023 12:33:04.532806,228,True,True,True,True,Eyes,1.277076,-0.248017,-3.605231,-0.4273015,0.3925287,0.8144535,0.0,0.0,0.0,0.0,0.0,0.0,0.0,0.2342161,-0.8254657,3.738848,1.276642,-0.2532465,-3.608502,-0.1390006,-0.1976011,-0.02412521,0.9700777,343.7865,336.9041,0.4849165,0.3327674,-0.06448983,-0.9408008,0,0,0,0.8745142,0.1365767,-2.691822,-0.009506434,0.09492067,1.069986,0.9207436,0.008126689,0.3900837,0.10174,0.9601937,-0.2601484,-0.37667,0.2792171,0.8832653,moving,-27.68367,25.73191,-0.5090386,5.069556,-28.998219224662073,36.8267888884516
05/11/2023 12:33:04.542861,229,True,True,True,True,Eyes,1.277183,-0.248137,-3.604929,-0.425059,0.3906652,0.8165204,0.0,0.0,0.0,0.0,0.0,0.0,0.0,0.2160387,-0.8119862,3.742315,1.276828,-0.2534624,-3.607822,-0.1372036,-0.1953218,-0.02437834,0.9707885,343.9835,337.1955,0.3734725,0.3328106,-0.06451181,-0.9407841,0,0,0,0.8785213,0.1335387,-2.691757,-0.01148745,0.09646156,1.066845,0.9225102,0.006265251,0.3859218,0.1009301,0.9611617,-0.256868,-0.3725426,0.2759145,0.8860492,moving,-27.5003,25.56884,-0.6169195,5.1665,-28.81896207068425,36.66312225356924
05/11/2023 12:33:04.563028,230,True,True,True,True,Eyes,1.277278,-0.2482587,-3.604625,-0.4227023,0.3887569,0.8186519,0.0,0.0,0.0,0.0,0.0,0.0,0.0,0.1968447,-0.79504,3.746422,1.276995,-0.2538314,-3.607127,-0.1350127,-0.1929408,-0.02428694,0.9715737,344.2333,337.4955,0.2920712,0.3328543,-0.06453512,-0.940767,0,0,0,0.8826926,0.1303761,-2.691689,-0.01338297,0.09901087,1.063548,0.924368,0.004905788,0.3814704,0.09929201,0.9623634,-0.2529777,-0.3683543,0.2717214,0.8890908,moving,-27.3091,25.40186,-0.7209334,5.318614,-28.631949911055415,36.49555420424731
05/11/2023 12:33:04.572446,231,True,True,True,True,Eyes,1.277384,-0.2483789,-3.604304,-0.4202522,0.3867804,0.8208464,0.0,0.0,0.0,0.0,0.0,0.0,0.0,0.1779889,-0.7777295,3.750546,1.277255,-0.2539428,-3.60656,-0.1327162,-0.1906002,-0.02432541,0.972351,344.4924,337.7924,0.1953768,0.3328983,-0.06455969,-0.9407498,0,0,0,0.8866305,0.1273906,-2.691625,-0.01548985,0.1015532,1.06045,0.9261597,0.003285829,0.3771173,0.09789714,0.9635893,-0.2488206,-0.3642038,0.2673663,0.892116,moving,-27.11127,25.22968,-0.836852,5.470208,-28.43843351761373,36.322772347820816
05/11/2023 12:33:04.592599,232,True,True,True,True,Eyes,1.277469,-0.248504,-3.603985,-0.4176473,0.3848205,0.8230941,0.0,0.0,0.0,0.0,0.0,0.0,0.0,0.1560259,-0.7625554,3.754081,1.277563,-0.2539868,-3.605868,-0.1306902,-0.1878666,-0.02441278,0.9731548,344.72,338.1344,0.0944263,0.3329429,-0.06458538,-0.9407322,0,0,0,0.8908054,0.1242253,-2.691557,-0.0182465,0.1032927,1.05716,0.9282203,0.001589794,0.3720275,0.09661946,0.9646482,-0.2451908,-0.3592655,0.2635362,0.8952525,moving,-26.90376,25.05746,-0.9888224,5.580527,-28.235171843172267,36.15001458678144
05/11/2023 12:33:04.612712,233,True,True,True,True,Eyes,1.277566,-0.2486319,-3.603652,-0.4149438,0.382783,0.8254083,0.0,0.0,0.0,0.0,0.0,0.0,0.0,0.1331774,-0.7478693,3.757453,1.277851,-0.2541908,-3.605271,-0.1287575,-0.1850163,-0.02442492,0.9739579,344.939,338.4876,0.003962291,0.3329875,-0.06461222,-0.9407145,0,0,0,0.8945587,0.1213797,-2.691496,-0.02150035,0.1052478,1.054235,0.9303448,6.677369e-05,0.3666859,0.09522213,0.9656499,-0.2417707,-0.3541064,0.2598467,0.898381,moving,-26.68929,24.87951,-1.168344,5.70114,-28.025091132187477,35.97150930607825
05/11/2023 12:33:04.622457,234,True,True,True,True,Eyes,1.277662,-0.2487626,-3.603308,-0.4122051,0.3807474,0.8277187,0.0,0.0,0.0,0.0,0.0,0.0,0.0,0.1096112,-0.7314926,3.760929,1.278212,-0.2543417,-3.604604,-0.1265762,-0.1820817,-0.02454508,0.9747936,345.1844,338.8528,359.8958,0.3330326,-0.06464017,-0.9406967,0,0,0,0.8985943,0.1183201,-2.691431,-0.02480751,0.107425,1.051055,0.9324876,-0.001758343,0.3611977,0.09394718,0.9667521,-0.2378329,-0.3487704,0.2557098,0.9016494,moving,-26.47337,24.70225,-1.352072,5.835755,-27.813527704096416,35.79371139113735
05/11/2023 12:33:04.647304,235,True,True,True,True,Eyes,1.277768,-0.2489011,-3.602948,-0.4093326,0.3786598,0.8300985,0.0,0.0,0.0,0.0,0.0,0.0,0.0,0.08450806,-0.7162639,3.763948,1.278532,-0.2545014,-3.603896,-0.1245301,-0.1789374,-0.02478373,0.975633,345.4124,339.2429,359.7754,0.3330782,-0.06466921,-0.9406785,0,0,0,0.9024771,0.1153763,-2.691368,-0.02866909,0.1093635,1.047927,0.9347343,-0.003793472,0.3553271,0.09292582,0.967756,-0.2341218,-0.3429818,0.2518607,0.9049473,moving,-26.24852,24.52069,-1.567101,5.957916,-27.593114555841296,35.61162504507457
05/11/2023 12:33:04.662833,236,True,True,True,True,Eyes,1.277879,-0.2490471,-3.602584,-0.4064274,0.3766024,0.8324586,0.0,0.0,0.0,0.0,0.0,0.0,0.0,0.05692506,-0.7020526,3.766541,1.278808,-0.2547923,-3.603149,-0.1226572,-0.1754763,-0.02488728,0.9764957,345.6241,339.6668,359.6713,0.3331245,-0.06469947,-0.9406601,0,0,0,0.9066004,0.1122502,-2.691301,-0.03280321,0.1109629,1.04467,0.9371774,-0.005557782,0.348809,0.09165152,0.9686717,-0.2308142,-0.3365985,0.2482827,0.9083266,moving,-26.0228,24.34189,-1.798527,6.063112,-27.371734458028065,35.43233529116409
05/11/2023 12:33:04.672571,237,True,True,True,True,Eyes,1.277997,-0.2491934,-3.602209,-0.4034379,0.3744698,0.8348714,0.0,0.0,0.0,0.0,0.0,0.0,0.0,0.03191495,-0.6861157,3.769381,1.279019,-0.2550824,-3.602645,-0.1205886,-0.1723444,-0.02474829,0.9773145,345.8633,340.0479,359.5977,0.3331717,-0.06473101,-0.9406412,0,0,0,0.9106482,0.1091813,-2.691235,-0.03605041,0.1130424,1.041621,0.9393699,-0.006808171,0.342838,0.08993927,0.9696918,-0.2271756,-0.3309005,0.2442365,0.9115116,moving,-25.79139,24.15795,-1.98221,6.19381,-27.144794616215464,35.24788613205419
05/11/2023 12:33:04.692457,238,True,True,True,True,Eyes,1.278113,-0.2493375,-3.60183,-0.4004534,0.3724061,0.837228,0.0,0.0,0.0,0.0,0.0,0.0,0.0,0.008617043,-0.6698712,3.771932,1.279275,-0.2551994,-3.602027,-0.118448,-0.1694384,-0.02468603,0.9780855,346.1093,340.4024,359.5189,0.3332199,-0.06476373,-0.9406219,0,0,0,0.9147819,0.1060473,-2.691168,-0.03883296,0.1150077,1.038404,0.9413625,-0.00815082,0.3372985,0.08842937,0.9707214,-0.223339,-0.3256024,0.2400701,0.9145214,moving,-25.56219,23.9799,-2.141679,6.319992,-26.919885857228145,35.06937794835959
05/11/2023 12:33:04.712417,239,True,True,True,True,Eyes,1.278244,-0.2494832,-3.601434,-0.3973415,0.3703017,0.8396406,0.0,0.0,0.0,0.0,0.0,0.0,0.0,-0.01484764,-0.6544872,3.774136,1.279714,-0.2552646,-3.601368,-0.1163855,-0.1665233,-0.0247894,0.9788309,346.3436,340.759,359.4241,0.3332689,-0.06479747,-0.9406021,0,0,0,0.9186257,0.103133,-2.691106,-0.04212439,0.1168459,1.035366,0.9433109,-0.009767469,0.3317666,0.08729105,0.9716799,-0.2195874,-0.320226,0.2360994,0.9174488,moving,-25.32483,23.79863,-2.329823,6.438851,-26.686867081189625,34.88766824836003
05/11/2023 12:33:04.732905,240,True,True,True,True,Eyes,1.278389,-0.2496305,-3.601028,-0.3939779,0.3682506,0.8421241,0.0,0.0,0.0,0.0,0.0,0.0,0.0,-0.04236233,-0.6416388,3.775554,1.280171,-0.2554134,-3.600588,-0.1146569,-0.1630827,-0.02497855,0.9796092,346.5389,341.1767,359.32,0.3333193,-0.06483218,-0.9405819,0,0,0,0.9225991,0.1001205,-2.691041,-0.04638591,0.1179628,1.032216,0.9455602,-0.01154131,0.3252426,0.08633553,0.9724597,-0.2164907,-0.3137867,0.232785,0.9205157,moving,-25.07199,23.61917,-2.573037,6.519542,-26.438202147438936,34.707891954557915
05/11/2023 12:33:04.742538,241,True,True,True,True,Eyes,1.278526,-0.2497835,-3.600616,-0.3905441,0.3661613,0.8446308,0.0,0.0,0.0,0.0,0.0,0.0,0.0,-0.06965101,-0.6271895,3.777064,1.280373,-0.2555745,-3.599966,-0.1127516,-0.1596462,-0.0249528,0.9803967,346.7589,341.5908,359.2391,0.3333713,-0.06486782,-0.940561,0,0,0,0.9266355,0.0970603,-2.690975,-0.05016455,0.1194675,1.029056,0.9477809,-0.01292656,0.3186601,0.08492801,0.9733289,-0.2131153,-0.3074062,0.2290498,0.9236003,moving,-24.81508,23.43752,-2.790852,6.622066,-26.185511389560666,34.52592836527033
05/11/2023 12:33:04.762773,242,True,True,True,True,Eyes,1.27865,-0.2499424,-3.600205,-0.3869544,0.3640921,0.8471736,0.0,0.0,0.0,0.0,0.0,0.0,0.0,-0.09234309,-0.6148101,3.778065,1.280302,-0.2558338,-3.599398,-0.1111529,-0.1567641,-0.02485402,0.9810466,346.9451,341.9363,359.1815,0.3334245,-0.06490445,-0.9405396,0,0,0,0.9309228,0.09380986,-2.690906,-0.05218235,0.1203026,1.025904,0.9496146,-0.01391635,0.3131109,0.08361547,0.9740547,-0.2102999,-0.3020605,0.2258848,0.9261402,moving,-24.54899,23.25671,-2.911825,6.688238,-25.923549787755107,34.34487535515717
05/11/2023 12:33:04.772616,243,True,True,True,True,Eyes,1.278774,-0.2501009,-3.59979,-0.3834115,0.3619062,0.8497173,0.0,0.0,0.0,0.0,0.0,0.0,0.0,-0.1099415,-0.5975424,3.779945,1.280427,-0.2561159,-3.598895,-0.1089505,-0.1545827,-0.02450013,0.9816485,347.2042,342.197,359.1529,0.3334785,-0.06494214,-0.9405178,0,0,0,0.9347267,0.09092584,-2.690844,-0.05333397,0.1227573,1.023029,0.951008,-0.01441732,0.3088303,0.08178473,0.9750591,-0.2063275,-0.298153,0.2214767,0.9284679,moving,-24.28596,23.06981,-2.98432,6.842427,-25.664869952808587,34.15764400051209
05/11/2023 12:33:04.792530,244,True,True,True,True,Eyes,1.278901,-0.2502603,-3.599365,-0.3798909,0.3597724,0.8522011,0.0,0.0,0.0,0.0,0.0,0.0,0.0,-0.1221308,-0.577652,3.782217,1.280524,-0.25622,-3.598384,-0.1063558,-0.1530961,-0.02426533,0.9821718,347.5053,342.3776,359.1138,0.3335334,-0.06498078,-0.9404957,0,0,0,0.938737,0.08788536,-2.690779,-0.05292654,0.1256207,1.019996,0.9519455,-0.01510013,0.3058948,0.08023075,0.9761992,-0.2014894,-0.2955718,0.2163491,0.9305001,moving,-24.02617,22.88794,-2.970354,7.021077,-25.409286631001258,33.97547715930831
05/11/2023 12:33:04.812711,245,True,True,True,True,Eyes,1.279022,-0.2504327,-3.598931,-0.3764374,0.3575293,0.854674,0.0,0.0,0.0,0.0,0.0,0.0,0.0,-0.1333143,-0.5620087,3.783619,1.280645,-0.2563824,-3.597723,-0.1042928,-0.1517273,-0.02428236,0.9826049,347.7413,342.5454,359.0576,0.333589,-0.06502032,-0.9404733,0,0,0,0.9429171,0.08471621,-2.690711,-0.05221841,0.127256,1.016936,0.9527783,-0.01607181,0.3032408,0.07936805,0.9770668,-0.1975886,-0.293111,0.2123258,0.9322037,moving,-23.77088,22.70065,-2.939486,7.132726,-25.15841290157894,33.78779984706233
05/11/2023 12:33:04.822989,246,True,True,True,True,Eyes,1.279125,-0.2506051,-3.598499,-0.3730959,0.3552769,0.8570751,0.0,0.0,0.0,0.0,0.0,0.0,0.0,-0.1426269,-0.5423828,3.785568,1.280625,-0.2568207,-3.597095,-0.101757,-0.1505961,-0.02418215,0.9830471,348.0331,342.6845,359.0104,0.3336455,-0.065061,-0.9404504,0,0,0,0.9467087,0.0818416,-2.69065,-0.0512549,0.1303983,1.014004,0.9534721,-0.01689599,0.3010075,0.07819279,0.9781215,-0.1927803,-0.2911647,0.2073473,0.9339327,moving,-23.52412,22.51511,-2.893669,7.327869,-24.91607018299407,33.60183518436669
05/11/2023 12:33:04.842684,247,True,True,True,True,Eyes,1.279227,-0.2507748,-3.598062,-0.3698463,0.3529279,0.8594508,0.0,0.0,0.0,0.0,0.0,0.0,0.0,-0.1495296,-0.5199745,3.787945,1.280535,-0.2569684,-3.59659,-0.09882914,-0.1497737,-0.02398339,0.9834763,348.3708,342.7866,358.9721,0.3337021,-0.06510275,-0.9404274,0,0,0,0.950764,0.07876698,-2.690584,-0.04929322,0.1338601,1.010923,0.9539853,-0.0175702,0.2993382,0.0767782,0.9793152,-0.187208,-0.2898571,0.2015764,0.9356013,moving,-23.2836,22.32518,-2.791567,7.542871,-24.68015508149525,33.41138994013147
05/11/2023 12:33:04.862603,248,True,True,True,True,Eyes,1.281829,-0.2551376,-3.586973,-0.2961368,0.2954344,0.908307,0.0,0.0,0.0,0.0,0.0,0.0,0.0,-0.155581,-0.5015878,3.789694,1.280618,-0.2570337,-3.596044,-0.09642541,-0.1490737,-0.02379775,0.9838257,348.6485,342.8727,358.9436,0.3337588,-0.06514538,-0.9404043,0,0,0,0.9547855,0.07571805,-2.690518,-0.04722685,0.1361806,1.008013,0.9544214,-0.01807667,0.2979146,0.07557467,0.9802716,-0.1826364,-0.2887358,0.1968268,0.9369583,moving,-18.05761,18.01755,-2.682426,7.693962,-19.560180326019193,29.090547117359808
05/11/2023 12:33:04.872375,249,True,True,True,True,Eyes,1.28184,-0.255155,-3.586945,-0.2960223,0.2952915,0.9083907,0.0,0.0,0.0,0.0,0.0,0.0,0.0,-0.1658973,-0.486715,3.790669,1.280793,-0.2573165,-3.595406,-0.09457011,-0.1478361,-0.02334734,0.9842033,348.8688,343.0175,358.9491,0.3339592,-0.06531393,-0.9403211,0,0,0,0.9587752,0.07269321,-2.690454,-0.0461911,0.1377319,1.005205,0.9551988,-0.01799531,0.2954174,0.07391879,0.9810228,-0.1792493,-0.2865856,0.1930556,0.9384019,moving,-18.04952,18.00784,-2.631001,7.802016,-19.552354687514246,29.080782729899294
05/11/2023 12:33:04.892640,250,True,True,True,True,Eyes,1.281851,-0.255178,-3.586895,-0.2959874,0.2952273,0.9084231,0.0,0.0,0.0,0.0,0.0,0.0,0.0,-0.1805722,-0.4720749,3.791298,1.281039,-0.2577246,-3.594707,-0.09282628,-0.146052,-0.0225672,0.9846537,349.0825,343.2225,358.9889,0.3341401,-0.06546611,-0.9402461,0,0,0,0.9627126,0.06970803,-2.69039,-0.04620489,0.1393269,1.00239,0.9563191,-0.01732682,0.291811,0.07155669,0.981748,-0.1762115,-0.2834317,0.1893955,0.9401042,moving,-18.04693,18.00358,-2.639164,7.913106,-19.549887268833615,29.076492472922887
05/11/2023 12:33:04.912490,251,True,True,True,True,Eyes,1.281877,-0.2552016,-3.586828,-0.295797,0.2950107,0.9085553,0.0,0.0,0.0,0.0,0.0,0.0,0.0,-0.1977206,-0.4561986,3.791841,1.281205,-0.2578814,-3.594062,-0.09084598,-0.1439297,-0.02197963,0.9851641,349.32,343.4696,358.9996,0.3343034,-0.06560374,-0.9401782,0,0,0,0.9669547,0.06649182,-2.690321,-0.046592,0.1408301,0.9993575,0.9576023,-0.0171562,0.2875823,0.06945795,0.9825278,-0.1726694,-0.2795953,0.1853234,0.9420625,moving,-18.03362,17.98877,-2.669308,8.021337,-19.536973801656757,29.061605992778592
05/11/2023 12:33:04.922823,252,True,True,True,True,Eyes,1.281933,-0.255222,-3.586738,-0.2956001,0.294967,0.9086336,0.0,0.0,0.0,0.0,0.0,0.0,0.0,-0.2158097,-0.4409424,3.792319,1.281563,-0.2578849,-3.593575,-0.08884918,-0.1416895,-0.02176241,0.9856757,349.5533,343.7341,358.9673,0.3344516,-0.06572833,-0.9401167,0,0,0,0.9708905,0.06350788,-2.690257,-0.0477929,0.1422157,0.9966365,0.958901,-0.01772336,0.2831869,0.06807933,0.9832644,-0.1689859,-0.2754526,0.18132,0.9440598,moving,-18.02094,17.98483,-2.74547,8.121037,-19.524336416284164,29.057706581144753
05/11/2023 12:33:04.942551,253,True,True,True,True,Eyes,1.282005,-0.2552396,-3.586632,-0.295173,0.2948634,0.9088061,0.0,0.0,0.0,0.0,0.0,0.0,0.0,-0.2368536,-0.4324184,3.791612,1.281864,-0.2578272,-3.593015,-0.08765538,-0.1390327,-0.02198387,0.9861559,349.6887,344.0499,358.8943,0.334587,-0.0658411,-0.9400606,0,0,0,0.9748471,0.06050811,-2.690192,-0.04984672,0.1417762,0.9940323,0.9603733,-0.01898512,0.2780699,0.06773297,0.9836665,-0.1667708,-0.2703618,0.1789967,0.9459729,moving,-17.99338,17.97573,-2.870748,8.117199,-19.496886718000304,29.048688815737624
05/11/2023 12:33:04.962803,254,True,True,True,True,Eyes,1.282073,-0.2552624,-3.586514,-0.2946279,0.2949103,0.9089677,0.0,0.0,0.0,0.0,0.0,0.0,0.0,-0.2609516,-0.4267457,3.790325,1.28224,-0.2577547,-3.592519,-0.08673681,-0.1359667,-0.02267841,0.9866487,349.786,344.4175,358.7677,0.3347114,-0.06594319,-0.9400092,0,0,0,0.978905,0.05743157,-2.690127,-0.05281416,0.1405043,0.9915317,0.9619975,-0.02116462,0.2722367,0.06833787,0.9839248,-0.1649905,-0.2643685,0.1773245,0.9479796,moving,-17.95931,17.97542,-3.048991,8.06536,-19.4625925301305,29.048602519850107
05/11/2023 12:33:04.972621,255,True,True,True,True,Eyes,1.282149,-0.2552978,-3.586381,-0.2938523,0.2948818,0.909228,0.0,0.0,0.0,0.0,0.0,0.0,0.0,-0.2876426,-0.4215763,3.78857,1.282421,-0.2579235,-3.592019,-0.08597987,-0.1325428,-0.023057,0.987172,349.8709,344.8231,358.6769,0.3348259,-0.06603581,-0.9399619,0,0,0,0.9828451,0.05444428,-2.690063,-0.05622728,0.1393542,0.989072,0.9638016,-0.02273041,0.2656499,0.06831445,0.9841516,-0.1636417,-0.2577201,0.1758659,0.9500797,moving,-17.91025,17.96897,-3.253679,8.019835,-19.41340757130647,29.0424076704367
05/11/2023 12:33:04.992728,256,True,True,True,True,Eyes,1.282233,-0.2553449,-3.586242,-0.2930166,0.2949555,0.9094738,0.0,0.0,0.0,0.0,0.0,0.0,0.0,-0.3146866,-0.4141088,3.786856,1.282645,-0.2582412,-3.591507,-0.08504882,-0.1290933,-0.02289317,0.9877134,349.9843,345.226,358.6462,0.3349318,-0.06612027,-0.9399182,0,0,0,0.9868237,0.05142785,-2.689998,-0.05944808,0.1388588,0.9865637,0.9656217,-0.02326532,0.2589085,0.06718226,0.9844852,-0.162097,-0.2511203,0.1739184,0.9522032,moving,-17.85804,17.96863,-3.448343,8.011747,-19.360849567256345,29.04241198875856
05/11/2023 12:33:05.012567,257,True,True,True,True,Eyes,1.28233,-0.2553979,-3.586094,-0.2919889,0.2948881,0.9098261,0.9821391,0.9955562,0.0342232,-2.692518,0.3047695,-0.9366705,-0.1725214,-0.05784629,0.1259996,0.9780846,1.282846,-0.2585789,-3.591186,-0.0836951,-0.1258428,-0.02250941,0.9882572,350.1488,345.6036,358.6376,0.3350302,-0.0661977,-0.9398777,0,0,0,0.9909847,0.04827313,-2.68993,-0.06194407,0.1391254,0.9840778,0.9673138,-0.02342533,0.2524979,0.06555503,0.9849769,-0.1597593,-0.2449622,0.1710898,0.9543175,moving,-17.7929,17.95827,-3.601806,8.046942,-19.295602841999923,29.032370731984585
05/11/2023 12:33:05.022763,258,True,True,True,True,Eyes,1.282451,-0.2554508,-3.585937,-0.2909475,0.294853,0.910171,0.9766188,0.998306,0.03250811,-2.697047,0.222155,-0.849382,-0.4787457,-0.0628939,0.1288672,0.9717461,1.283215,-0.2587439,-3.590832,-0.0819175,-0.1226932,-0.02227553,0.9888073,350.3594,345.9709,358.6079,0.3351222,-0.06626895,-0.93984,0,0,0,0.9949737,0.04524883,-2.689866,-0.06465906,0.1400865,0.9815446,0.9689004,-0.02395097,0.2462894,0.06415386,0.9855867,-0.1565351,-0.2389904,0.1674673,0.9564718,moving,-17.72713,17.94991,-3.768903,8.122427,-19.229655866431862,29.024355988364075
05/11/2023 12:33:05.042517,259,True,True,True,True,Eyes,1.282583,-0.2555151,-3.585772,-0.2897016,0.294715,0.9106129,0.9729587,1.000715,0.03123045,-2.699783,0.1218518,-0.7366022,-0.6652589,-0.06812525,0.1308394,0.9673183,1.283614,-0.2587908,-3.590469,-0.08056372,-0.1193895,-0.02220566,0.9893245,350.5197,346.3569,358.565,0.335209,-0.06633464,-0.9398044,0,0,0,0.9988869,0.04228199,-2.689802,-0.0677788,0.140083,0.9791311,0.9705061,-0.02470027,0.2398077,0.06317411,0.9860328,-0.1541051,-0.2326519,0.1647096,0.9585112,moving,-17.6479,17.9339,-3.959892,8.141977,-19.15040841292273,29.008695643882117
05/11/2023 12:33:05.062472,260,True,True,True,True,Eyes,1.282715,-0.2555791,-3.585604,-0.2884095,0.2945427,0.9110788,0.9729689,1.002101,0.03100184,-2.699153,0.2142833,-0.7519841,-0.6233799,-0.07360078,0.1335192,0.9665227,1.283955,-0.2591028,-3.590112,-0.07919001,-0.1160443,-0.02222321,0.9898328,350.6812,346.748,358.5125,0.3352916,-0.06639564,-0.9397707,0,0,0,1.002988,0.0391731,-2.689735,-0.07075192,0.1402073,0.9766912,0.9720797,-0.02561543,0.2332485,0.06237362,0.9864701,-0.151612,-0.2262091,0.1619275,0.9605253,moving,-17.56562,17.91551,-4.143293,8.169191,-19.06816841498855,28.990649083341236
05/11/2023 12:33:05.072409,261,True,True,True,True,Eyes,1.282857,-0.2556481,-3.585432,-0.2869415,0.2942605,0.9116333,0.9681246,1.005061,0.02923277,-2.702857,-0.1305127,-0.458757,-0.8789246,-0.0782866,0.1357125,0.960838,1.284188,-0.2591549,-3.589805,-0.0775003,-0.1127776,-0.02237304,0.9903406,350.8773,347.1308,358.4427,0.3353704,-0.0664524,-0.9397386,0,0,0,1.00702,0.03611609,-2.68967,-0.07357337,0.1406695,0.9741924,0.9735613,-0.02683327,0.2268442,0.06179444,0.9869863,-0.148457,-0.2199086,0.1585497,0.9625498,moving,-17.47168,17.88924,-4.318917,8.216491,-18.974447903606745,28.964712354443915
05/11/2023 12:33:05.097703,262,True,True,True,True,Eyes,1.283039,-0.2557189,-3.585256,-0.2855318,0.2939284,0.912183,0.9668667,1.006968,0.0284707,-2.703296,-0.2695613,-0.3077977,-0.9124677,-0.08293825,0.138177,0.9588004,1.284508,-0.2593164,-3.589535,-0.07592974,-0.1097166,-0.02258248,0.9908012,351.059,347.4896,358.3707,0.3354459,-0.06650548,-0.9397079,0,0,0,1.011012,0.03308906,-2.689605,-0.07610117,0.1409936,0.9718564,0.9749046,-0.02808798,0.2208441,0.061411,0.9874493,-0.1455072,-0.2139854,0.1554179,0.9643939,moving,-17.38118,17.86025,-4.477407,8.254683,-18.884280705309422,28.936002344108
05/11/2023 12:33:05.113364,263,True,True,True,True,Eyes,1.283227,-0.2557955,-3.585078,-0.2839759,0.2934974,0.9128072,0.9663376,1.008811,0.02782205,-2.702998,-0.4171004,-0.1460584,-0.8970476,-0.08722401,0.1407701,0.9575452,1.284791,-0.2593994,-3.58937,-0.07426005,-0.1067377,-0.02268848,0.9912506,351.2534,347.8373,358.3112,0.3355196,-0.06655529,-0.9396781,0,0,0,1.015069,0.03001351,-2.689539,-0.07828531,0.1413996,0.9695792,0.9761847,-0.02912725,0.2149772,0.06083263,0.9879414,-0.1423772,-0.2082378,0.152064,0.966185,moving,-17.28101,17.8243,-4.616135,8.297297,-18.78460636366104,28.900319160843363
05/11/2023 12:33:05.122415,264,True,True,True,True,Eyes,1.283426,-0.2558716,-3.584897,-0.2825039,0.2930509,0.9134072,0.967113,1.010212,0.02754179,-2.701529,-0.5937309,0.03991842,-0.8036729,-0.09124856,0.1433058,0.9576219,1.285086,-0.25959,-3.589168,-0.07277346,-0.1039938,-0.0227767,0.9916505,351.427,348.1571,358.2593,0.3355916,-0.0666023,-0.9396491,0,0,0,1.019119,0.02694297,-2.689473,-0.07999964,0.1415682,0.9673924,0.977333,-0.03003708,0.2095661,0.06030903,0.9883705,-0.1395944,-0.202936,0.149069,0.9677786,moving,-17.1861,17.78794,-4.727385,8.325568,-18.69024172406052,28.86418633231301
05/11/2023 12:33:05.142609,265,True,True,True,True,Eyes,1.283625,-0.2559523,-3.584716,-0.2809201,0.2925356,0.9140607,0.9717228,1.010648,0.02831122,-2.696502,-0.8309795,0.2931842,-0.4727751,-0.09510764,0.1458322,0.9614518,1.285228,-0.2596403,-3.58891,-0.07145534,-0.1014254,-0.02303327,0.9920064,351.5793,348.4575,358.1924,0.3356626,-0.06664678,-0.9396207,0,0,0,1.023116,0.02391232,-2.689409,-0.08132172,0.1412609,0.9652146,0.9783647,-0.03120353,0.2045209,0.06019307,0.9887272,-0.137096,-0.1979376,0.1464406,0.9692141,moving,-17.08387,17.74673,-4.815938,8.32623,-18.588666568107698,28.823198201977416
05/11/2023 12:33:05.162549,266,True,True,True,True,Eyes,1.28382,-0.2560309,-3.584541,-0.279386,0.2920218,0.9146949,0.9658017,1.013988,0.02600425,-2.701127,-0.6085075,0.1394602,-0.7811974,-0.0974361,0.1466411,0.9550765,1.285407,-0.2598084,-3.588715,-0.07025798,-0.09918961,-0.0234219,0.9923087,351.7159,348.72,358.1153,0.3357325,-0.06668909,-0.9395927,0,0,0,1.027062,0.02092089,-2.689344,-0.0821106,0.1408152,0.9632478,0.9792257,-0.03254579,0.2001446,0.06042124,0.9890305,-0.1347888,-0.1935623,0.1440817,0.9704505,moving,-16.98486,17.70599,-4.872313,8.31704,-18.490318075834637,28.782663845676232
05/11/2023 12:33:05.172790,267,True,True,True,True,Eyes,1.284014,-0.2561139,-3.584355,-0.277782,0.2914506,0.9153653,0.0,0.0,0.0,0.0,0.0,0.0,0.0,-0.5634311,-0.2915079,3.767778,1.285517,-0.2598299,-3.588665,-0.06851394,-0.09733132,-0.02339029,0.9926155,351.9192,348.9348,358.0843,0.3358013,-0.0667294,-0.9395653,0,0,0,1.031078,0.01787608,-2.689279,-0.08186452,0.1413507,0.9612875,0.9799591,-0.03309802,0.1964303,0.05977223,0.9895175,-0.1314628,-0.19002,0.1405692,0.9716649,moving,-16.88125,17.66138,-4.86764,8.365003,-18.387465482299447,28.738246985082856
05/11/2023 12:33:05.192720,268,True,True,True,True,Eyes,1.284187,-0.2562033,-3.584173,-0.276278,0.2908928,0.9159978,0.0,0.0,0.0,0.0,0.0,0.0,0.0,-0.5773466,-0.2838526,3.765886,1.285661,-0.260002,-3.588213,-0.06749123,-0.09555174,-0.02342071,0.9928576,352.0393,349.141,358.0552,0.3358693,-0.06676803,-0.9395383,0,0,0,1.035151,0.01478811,-2.689213,-0.08147968,0.1406449,0.9591905,0.9806427,-0.03360905,0.1928999,0.05940467,0.9897928,-0.1295426,-0.1865772,0.1384942,0.9726296,moving,-16.78406,17.61825,-4.855408,8.341764,-18.291028281241857,28.695283830314263
05/11/2023 12:33:05.212472,269,True,True,True,True,Eyes,1.28436,-0.2562971,-3.583988,-0.2747219,0.2902288,0.9166762,0.0,0.0,0.0,0.0,0.0,0.0,0.0,-0.5894334,-0.2728235,3.764708,1.285815,-0.2602507,-3.588013,-0.06601956,-0.09401731,-0.02344959,0.9931024,352.2103,349.3184,358.024,0.335936,-0.06680533,-0.9395118,0,0,0,1.039085,0.01180531,-2.689149,-0.08075544,0.1409275,0.9573217,0.9812217,-0.03416173,0.1898339,0.05898966,0.990183,-0.126719,-0.1836414,0.1355377,0.9736043,moving,-16.68313,17.56831,-4.821804,8.374372,-18.19104979210597,28.645459637641277
05/11/2023 12:33:05.222323,270,True,True,True,True,Eyes,1.284522,-0.2563923,-3.583801,-0.2732846,0.2895393,0.9173236,0.0,0.0,0.0,0.0,0.0,0.0,0.0,-0.6018006,-0.2602315,3.763459,1.285934,-0.2604241,-3.587765,-0.06434119,-0.09244664,-0.02342081,0.9933606,352.4057,349.4991,357.9976,0.3360015,-0.06684154,-0.9394858,0,0,0,1.043186,0.008696176,-2.689083,-0.079888,0.1414286,0.9553001,0.9818102,-0.03463438,0.1866795,0.05842689,0.9906234,-0.1234977,-0.1806518,0.1321584,0.9746277,moving,-16.58959,17.51752,-4.780299,8.421258,-18.098540161107103,28.59472668910007
05/11/2023 12:33:05.242678,271,True,True,True,True,Eyes,1.284682,-0.2564895,-3.583612,-0.271834,0.2887618,0.9179994,0.0,0.0,0.0,0.0,0.0,0.0,0.0,-0.6125541,-0.2477627,3.762299,1.285916,-0.2605453,-3.587484,-0.06282771,-0.09106986,-0.02279961,0.9935991,352.588,349.653,358.043,0.3360657,-0.06687684,-0.9394604,0,0,0,1.047085,0.005739928,-2.689019,-0.07846625,0.1419091,0.9533579,0.9823729,-0.03386391,0.1838387,0.05675076,0.9910657,-0.1206984,-0.1781089,0.1290038,0.9755179,moving,-16.49485,17.46126,-4.705132,8.466417,-18.005002553849685,28.53847071659229
05/11/2023 12:33:05.262661,272,True,True,True,True,Eyes,1.28483,-0.2565848,-3.583419,-0.2704481,0.2879322,0.9186691,0.0,0.0,0.0,0.0,0.0,0.0,0.0,-0.6212075,-0.2361834,3.761446,1.286012,-0.2606703,-3.587252,-0.06137879,-0.08997913,-0.02239814,0.9937981,352.7599,349.7754,358.0664,0.3361287,-0.06691135,-0.9394354,0,0,0,1.051223,0.002602392,-2.688952,-0.0764394,0.1420106,0.9515103,0.9828042,-0.03347284,0.1815917,0.05556408,0.9914619,-0.1179655,-0.1760926,0.126027,0.9762728,moving,-16.40397,17.4022,-4.592982,8.4886,-17.915443785950604,28.47935776978102
05/11/2023 12:33:05.272742,273,True,True,True,True,Eyes,1.284987,-0.2566872,-3.583215,-0.2690046,0.2870219,0.9193775,0.0,0.0,0.0,0.0,0.0,0.0,0.0,-0.6304743,-0.2245292,3.760352,1.286237,-0.2607152,-3.58689,-0.05988344,-0.08882619,-0.02209764,0.9939998,352.9362,349.9056,358.0776,0.3361904,-0.06694514,-0.939411,0,0,0,1.055124,-0.0003546723,-2.688889,-0.07495682,0.1422472,0.9496073,0.9832432,-0.03329165,0.179233,0.05456853,0.9918513,-0.1151226,-0.1739399,0.122974,0.9770478,moving,-16.30917,17.33792,-4.513258,8.519327,-17.82211008845387,28.41499272374705
05/11/2023 12:33:05.292605,274,True,True,True,True,Eyes,1.285141,-0.2567936,-3.583003,-0.2674889,0.2860499,0.9201223,0.0,0.0,0.0,0.0,0.0,0.0,0.0,-0.6436677,-0.212987,3.758484,1.286589,-0.2609679,-3.586427,-0.05846669,-0.08717018,-0.02165125,0.9942406,353.1059,350.093,358.1032,0.3362512,-0.06697847,-0.9393869,0,0,0,1.059152,-0.003408359,-2.688823,-0.07437143,0.1424799,0.9475894,0.9838651,-0.03285998,0.175868,0.0532462,0.9922258,-0.1124852,-0.1708045,0.1200346,0.9779661,moving,-16.20968,17.26956,-4.487652,8.550958,-17.72418859165093,28.346533430673762
05/11/2023 12:33:05.312512,275,True,True,True,True,Eyes,1.285299,-0.2569059,-3.582787,-0.2658849,0.284985,0.9209173,0.0,0.0,0.0,0.0,0.0,0.0,0.0,-0.6607532,-0.201939,3.755786,1.286839,-0.2611563,-3.585965,-0.05709142,-0.08498153,-0.02125994,0.9945183,353.2712,350.3424,358.1198,0.3363112,-0.06701149,-0.9393631,0,0,0,1.063368,-0.006605398,-2.688755,-0.07450071,0.1424006,0.9454595,0.9846523,-0.03258338,0.1714589,0.05199024,0.9925771,-0.1099435,-0.1666039,0.1171703,0.9790374,moving,-16.10435,17.19509,-4.505507,8.565238,-17.620588288022617,28.27193491091252
05/11/2023 12:33:05.322440,276,True,True,True,True,Eyes,1.285441,-0.2570198,-3.582569,-0.2642132,0.2838673,0.9217433,0.0,0.0,0.0,0.0,0.0,0.0,0.0,-0.6772531,-0.1887717,3.753319,1.287048,-0.2613874,-3.585651,-0.05542462,-0.08286467,-0.02090215,0.9947989,353.4692,350.5834,358.1311,0.3363706,-0.06704441,-0.9393395,0,0,0,1.067206,-0.009515078,-2.688692,-0.07483457,0.14314,0.9435126,0.9853931,-0.0324014,0.1671844,0.05077237,0.9929824,-0.1068086,-0.1625504,0.1137368,0.9801231,moving,-15.99469,17.11715,-4.534913,8.626544,-17.512742557587345,28.19385654914999
05/11/2023 12:33:05.347762,277,True,True,True,True,Eyes,1.285588,-0.257137,-3.582345,-0.2624881,0.2826638,0.9226056,0.0,0.0,0.0,0.0,0.0,0.0,0.0,-0.6924637,-0.1748545,3.750948,1.287162,-0.2615218,-3.585319,-0.0536219,-0.08090635,-0.02062915,0.9950645,353.6816,350.8063,358.1332,0.336429,-0.06707729,-0.9393162,0,0,0,1.071244,-0.01257666,-2.688627,-0.07460326,0.1438669,0.9414818,0.9860573,-0.03237795,0.1632264,0.04973137,0.9933982,-0.1033764,-0.1588017,0.1100526,0.9811577,moving,-15.88144,17.03378,-4.530665,8.688106,-17.40146108915013,28.11031154505725
05/11/2023 12:33:05.363493,278,True,True,True,True,Eyes,1.285712,-0.2572551,-3.582121,-0.2606903,0.281401,0.923501,0.0,0.0,0.0,0.0,0.0,0.0,0.0,-0.7055819,-0.1621458,3.748854,1.28741,-0.2616908,-3.584988,-0.05192733,-0.07924036,-0.0205787,0.9952895,353.8791,350.9968,358.1134,0.3364869,-0.06711023,-0.9392932,0,0,0,1.07528,-0.01563645,-2.688561,-0.07402806,0.1443476,0.9395778,0.986595,-0.03273405,0.1598714,0.04919301,0.9937602,-0.1001041,-0.155597,0.1066268,0.982049,moving,-15.76356,16.94656,-4.504951,8.734082,-17.285644653889417,28.02290445982419
05/11/2023 12:33:05.372400,279,True,True,True,True,Eyes,1.285848,-0.257376,-3.581886,-0.2587771,0.280106,0.9244323,0.0,0.0,0.0,0.0,0.0,0.0,0.0,-0.7215671,-0.1511495,3.746032,1.287761,-0.2618324,-3.584603,-0.05043111,-0.07720246,-0.0206248,0.9955255,354.0537,351.2308,358.0826,0.3365436,-0.06714324,-0.9392705,0,0,0,1.079325,-0.01870342,-2.688496,-0.07425576,0.1443777,0.9376605,0.9872288,-0.03327821,0.1557943,0.04885183,0.9940626,-0.09722635,-0.1516338,0.1035955,0.9829929,moving,-15.63858,16.85698,-4.527951,8.75346,-17.162757150661562,27.93315838513349
05/11/2023 12:33:05.392662,280,True,True,True,True,Eyes,1.285962,-0.2574931,-3.581647,-0.2567503,0.2787769,0.9253987,0.0,0.0,0.0,0.0,0.0,0.0,0.0,-0.7407999,-0.1433465,3.742259,1.288142,-0.2620029,-3.584115,-0.04933996,-0.07472866,-0.02077441,0.9957659,354.1821,351.5159,358.0416,0.3365997,-0.06717642,-0.939248,0,0,0,1.083253,-0.02168146,-2.688432,-0.07545882,0.1437255,0.9357514,0.9879681,-0.03399867,0.1508745,0.04874711,0.994268,-0.09515721,-0.1467745,0.101367,0.9839624,moving,-15.50658,16.76496,-4.610345,8.732032,-17.032881766508215,27.84099189507866
05/11/2023 12:33:05.412712,281,True,True,True,True,Eyes,1.286085,-0.2576106,-3.581402,-0.2546137,0.2774179,0.926397,0.0,0.0,0.0,0.0,0.0,0.0,0.0,-0.761264,-0.1349197,3.738142,1.288346,-0.2620353,-3.583703,-0.04814661,-0.07206394,-0.02090754,0.9960179,354.3228,351.8226,358.0011,0.3366548,-0.06720966,-0.9392259,0,0,0,1.087396,-0.02482194,-2.688365,-0.07658923,0.1429687,0.9337969,0.9887393,-0.03470929,0.1455672,0.04858783,0.9944896,-0.09289641,-0.1415407,0.09892313,0.9849774,moving,-15.36789,16.6708,-4.688855,8.70466,-16.896340884482836,27.74670613626847
05/11/2023 12:33:05.422763,282,True,True,True,True,Eyes,1.286171,-0.2577294,-3.581155,-0.2523874,0.2760217,0.9274226,0.0,0.0,0.0,0.0,0.0,0.0,0.0,-0.7808496,-0.1270633,3.734095,1.288626,-0.2621424,-3.583303,-0.04707935,-0.0695186,-0.020898,0.9962501,354.4502,352.1147,357.9794,0.3367091,-0.06724298,-0.939204,0,0,0,1.091427,-0.02787832,-2.688299,-0.07760894,0.1421631,0.9319685,0.9894609,-0.03509348,0.1404835,0.04818503,0.9946936,-0.0909,-0.1365481,0.0967112,0.9859014,moving,-15.22372,16.57418,-4.760278,8.673082,-16.754363376036345,27.64996947097994
05/11/2023 12:33:05.442860,283,True,True,True,True,Eyes,1.286272,-0.2578516,-3.580899,-0.2500619,0.2746067,0.9284719,0.0,0.0,0.0,0.0,0.0,0.0,0.0,-0.7995037,-0.1207331,3.730071,1.288881,-0.262321,-3.582901,-0.04620952,-0.06708769,-0.02095762,0.9964561,354.5542,352.394,357.9525,0.336762,-0.06727643,-0.9391827,0,0,0,1.0954,-0.03089085,-2.688235,-0.07845065,0.1410824,0.9302499,0.9901201,-0.03556653,0.1356368,0.04796688,0.9948509,-0.08927952,-0.131763,0.09490351,0.9867278,moving,-15.07359,16.47622,-4.820511,8.623801,-16.606429025846182,27.55191759468816
05/11/2023 12:33:05.462745,284,True,True,True,True,Eyes,1.286392,-0.2579758,-3.580638,-0.2476285,0.2731905,0.9295413,0.0,0.0,0.0,0.0,0.0,0.0,0.0,-0.8185085,-0.1138688,3.725832,1.289263,-0.2625077,-3.582407,-0.04522541,-0.06462934,-0.02116027,0.9966595,354.6705,352.6769,357.9088,0.336814,-0.06731009,-0.9391617,0,0,0,1.099308,-0.03385348,-2.688171,-0.07959232,0.1402231,0.9284538,0.9907506,-0.0363334,0.1307409,0.04802495,0.9950138,-0.08741352,-0.1269129,0.09288383,0.9875554,moving,-14.91708,16.37797,-4.89974,8.588399,-16.452080338450287,27.45361502187527
05/11/2023 12:33:05.472657,285,True,True,True,True,Eyes,1.286524,-0.2581046,-3.580367,-0.2450637,0.2717559,0.9306409,0.0,0.0,0.0,0.0,0.0,0.0,0.0,-0.838936,-0.105959,3.721313,1.28965,-0.2626616,-3.582042,-0.04404791,-0.06198164,-0.02150275,0.996873,354.8084,352.9819,357.8472,0.3368657,-0.06734399,-0.9391407,0,0,0,1.103536,-0.03705928,-2.688102,-0.08078881,0.1394,0.9266622,0.9913918,-0.0374107,0.12547,0.04833134,0.9951948,-0.08515479,-0.1216813,0.09048589,0.9884361,moving,-14.75267,16.2783,-4.982596,8.55499,-16.289824098561052,27.353929280552578
05/11/2023 12:33:05.492738,286,True,True,True,True,Eyes,1.286649,-0.258232,-3.580091,-0.2418458,0.2702869,0.9319097,0.0,0.0,0.0,0.0,0.0,0.0,0.0,-0.8616515,-0.09926791,3.715979,1.290032,-0.2628828,-3.581551,-0.04304592,-0.05902064,-0.02182834,0.9970894,354.9274,353.3229,357.7878,0.3369175,-0.06737824,-0.9391196,0,0,0,1.107385,-0.03997735,-2.68804,-0.08292723,0.1385905,0.9248378,0.9920802,-0.03844842,0.119577,0.04861081,0.9953411,-0.08326463,-0.1158185,0.08841791,0.9893272,moving,-14.54826,16.17404,-5.123825,8.522575,-16.08744393176356,27.249869032772438
05/11/2023 12:33:05.512386,287,True,True,True,True,Eyes,1.286782,-0.2583669,-3.579811,-0.2385441,0.2687725,0.9331978,0.0,0.0,0.0,0.0,0.0,0.0,0.0,-0.8845906,-0.08992943,3.710484,1.290265,-0.262974,-3.581109,-0.04173484,-0.05600649,-0.02190638,0.9973173,355.0837,353.668,357.7555,0.3369692,-0.06741277,-0.9390986,0,0,0,1.111436,-0.04304825,-2.687974,-0.08470994,0.1381405,0.9229186,0.9927667,-0.03902037,0.113541,0.04837006,0.9955566,-0.08079194,-0.109884,0.08569954,0.990243,moving,-14.33891,16.06705,-5.244191,8.512715,-15.880179752436112,27.143081265847854
05/11/2023 12:33:05.522884,288,True,True,True,True,Eyes,1.286942,-0.2585086,-3.579523,-0.2349122,0.2672391,0.9345585,0.0,0.0,0.0,0.0,0.0,0.0,0.0,-0.9058778,-0.0802145,3.705297,1.290528,-0.2632675,-3.580713,-0.04040033,-0.05321445,-0.02197867,0.9975235,355.2424,353.9872,357.7256,0.3370211,-0.06744776,-0.9390775,0,0,0,1.115418,-0.04606781,-2.687909,-0.08616862,0.1379775,0.9211266,0.9933703,-0.03954872,0.1079412,0.04814825,0.9957695,-0.07826138,-0.1043894,0.08293971,0.9910721,moving,-14.10965,15.958,-5.344295,8.519118,-15.652936483750455,27.03434326734934
05/11/2023 12:33:05.542665,289,True,True,True,True,Eyes,1.28711,-0.2586571,-3.579233,-0.2312389,0.2656047,0.9359395,0.0,0.0,0.0,0.0,0.0,0.0,0.0,-0.9255484,-0.07042348,3.700347,1.290801,-0.2635376,-3.5803,-0.03901683,-0.05064056,-0.02216616,0.9977084,355.4057,354.2816,357.6841,0.3370738,-0.06748334,-0.939056,0,0,0,1.119406,-0.04909141,-2.687845,-0.08725925,0.1378459,0.9193613,0.9938884,-0.04027906,0.1027787,0.0481824,0.9959728,-0.07560982,-0.09931931,0.08009985,0.9918265,moving,-13.87792,15.84309,-5.421867,8.527215,-15.423399354677105,26.919696361681137
05/11/2023 12:33:05.562836,290,True,True,True,True,Eyes,1.28729,-0.2588102,-3.57894,-0.2273832,0.2638424,0.9373816,0.0,0.0,0.0,0.0,0.0,0.0,0.0,-0.9444188,-0.05549927,3.695624,1.291145,-0.2638137,-3.579943,-0.03692638,-0.04819662,-0.02235836,0.9979047,355.6497,354.5594,357.6398,0.3371274,-0.06751961,-0.9390342,0,0,0,1.123556,-0.05223738,-2.687777,-0.08803965,0.1388849,0.9174802,0.9943544,-0.04106357,0.09784248,0.04818247,0.9962731,-0.07154281,-0.09454004,0.0758532,0.9926271,moving,-13.63503,15.72019,-5.481212,8.607878,-15.182888777575345,26.79704472670042
05/11/2023 12:33:05.573066,291,True,True,True,True,Eyes,1.287479,-0.258963,-3.578645,-0.2234951,0.2620203,0.9388266,0.0,0.0,0.0,0.0,0.0,0.0,0.0,-0.9625167,-0.04151717,3.690937,1.29148,-0.2640488,-3.5796,-0.03495359,-0.04584978,-0.02255925,0.9980818,355.8802,354.826,357.5966,0.3371823,-0.06755664,-0.9390118,0,0,0,1.127696,-0.05537603,-2.68771,-0.08862156,0.1396651,0.915684,0.9947777,-0.04182673,0.0931007,0.04823718,0.9965386,-0.06770441,-0.0899466,0.07184175,0.9933521,moving,-13.39047,15.59407,-5.527973,8.672228,-14.940802835237072,26.67114830317925
05/11/2023 12:33:05.592561,292,True,True,True,True,Eyes,1.287709,-0.259115,-3.578348,-0.2195619,0.2601277,0.9402798,0.0,0.0,0.0,0.0,0.0,0.0,0.0,-0.9807784,-0.03032602,3.686003,1.291847,-0.2641656,-3.57922,-0.03327149,-0.04348049,-0.02298979,0.9982355,356.0765,355.0965,357.5294,0.3372384,-0.06759433,-0.9389889,0,0,0,1.131648,-0.0583724,-2.687646,-0.08951484,0.1398628,0.913972,0.9951618,-0.04300512,0.08833733,0.04879176,0.996729,-0.06442635,-0.08527771,0.06842478,0.9940049,moving,-13.14346,15.46406,-5.593735,8.700332,-14.696378242998817,26.5413348170616
05/11/2023 12:33:05.612543,293,True,True,True,True,Eyes,1.287947,-0.259273,-3.578049,-0.2155851,0.2581954,0.9417316,0.0,0.0,0.0,0.0,0.0,0.0,0.0,-1.000375,-0.02003914,3.680643,1.292128,-0.2642391,-3.578948,-0.03174913,-0.04090645,-0.02326461,0.9983874,356.256,355.3899,357.481,0.3372966,-0.06763259,-0.9389653,0,0,0,1.135668,-0.06142009,-2.68758,-0.09053797,0.1397035,0.9123799,0.9955709,-0.0438567,0.08315822,0.04905167,0.9969016,-0.06149251,-0.0802037,0.06529919,0.9946374,moving,-12.8942,15.33208,-5.667066,8.70551,-14.44975309766164,26.409544354950896
05/11/2023 12:33:05.622596,294,True,True,True,True,Eyes,1.288208,-0.2594321,-3.577752,-0.2115351,0.256242,0.9431823,0.0,0.0,0.0,0.0,0.0,0.0,0.0,-1.020276,-0.009633958,3.675027,1.292517,-0.264519,-3.578591,-0.03030418,-0.03829624,-0.02332087,0.9985346,356.4278,355.6866,357.4588,0.3373569,-0.06767149,-0.9389408,0,0,0,1.139597,-0.06439949,-2.687517,-0.09175122,0.1397217,0.9107715,0.9959791,-0.04425231,0.07789367,0.04889445,0.9970756,-0.05873334,-0.07506678,0.06230574,0.9952301,moving,-12.64101,15.19915,-5.752575,8.721763,-14.199202223581924,26.27681949772125
05/11/2023 12:33:05.642643,295,True,True,True,True,Eyes,1.288474,-0.259592,-3.577454,-0.2074365,0.2542583,0.9446284,0.0,0.0,0.0,0.0,0.0,0.0,0.0,-1.03997,-0.001136318,3.669383,1.292858,-0.2646732,-3.57832,-0.02902435,-0.03570421,-0.0236168,0.9986617,356.5798,355.9822,357.4106,0.3374197,-0.06771101,-0.9389154,0,0,0,1.143577,-0.06741679,-2.687452,-0.09287766,0.1392109,0.9093044,0.996335,-0.04509781,0.07268379,0.04924297,0.9971997,-0.05628457,-0.06994193,0.05965745,0.9957656,moving,-12.38533,15.06483,-5.832048,8.704172,-13.946190029583486,26.142705735362217
05/11/2023 12:33:05.663860,296,True,True,True,True,Eyes,1.288735,-0.2597537,-3.57716,-0.2032965,0.2522819,0.9460572,0.0,0.0,0.0,0.0,0.0,0.0,0.0,-1.060311,0.007934287,3.663368,1.293216,-0.2648284,-3.577995,-0.0276545,-0.03302552,-0.02393247,0.9987853,356.7426,356.2874,357.3603,0.3374847,-0.06775109,-0.9388891,0,0,0,1.147653,-0.07050675,-2.687386,-0.0940804,0.138786,0.9077557,0.996673,-0.04598019,0.06729448,0.04963341,0.9973249,-0.05366105,-0.06464712,0.05682258,0.9962891,moving,-12.12776,14.93142,-5.917048,8.692593,-13.691244840493399,26.009524726863784
05/11/2023 12:33:05.672633,297,True,True,True,True,Eyes,1.288994,-0.2599155,-3.576867,-0.1991533,0.2502847,0.9474679,0.0,0.0,0.0,0.0,0.0,0.0,0.0,-1.079365,0.01665673,3.657616,1.293341,-0.2650249,-3.577777,-0.02645082,-0.03047156,-0.02390216,0.9988997,356.8873,356.5774,357.3515,0.3375516,-0.06779172,-0.9388621,0,0,0,1.151719,-0.07358971,-2.68732,-0.09469654,0.1381999,0.906395,0.9970003,-0.04613972,0.06214053,0.04936372,0.9974581,-0.05138676,-0.05961161,0.05430011,0.9967437,moving,-11.8705,14.79734,-5.964397,8.669236,-13.43663386604308,25.875664176707375
05/11/2023 12:33:05.692587,298,True,True,True,True,Eyes,1.289269,-0.2600689,-3.576577,-0.195097,0.2482992,0.9488333,0.0,0.0,0.0,0.0,0.0,0.0,0.0,-1.095766,0.02552046,3.652498,1.293542,-0.2651708,-3.577503,-0.02522793,-0.02828682,-0.02386129,0.9989965,357.0333,356.8249,357.3457,0.3376202,-0.06783284,-0.9388344,0,0,0,1.155628,-0.07655296,-2.687256,-0.09487396,0.1377199,0.9050792,0.9972609,-0.04624746,0.05772081,0.04910192,0.9975884,-0.0490553,-0.05531293,0.05175513,0.9971268,moving,-11.61909,14.66482,-5.984115,8.651949,-13.1878617257823,25.74334202536935
05/11/2023 12:33:05.712473,299,True,True,True,True,Eyes,1.29627,-0.2639657,-3.569273,-0.09196225,0.1974147,0.9759971,0.0,0.0,0.0,0.0,0.0,0.0,0.0,-1.112325,0.03294514,3.647304,1.293862,-0.2651023,-3.577265,-0.02419497,-0.02608445,-0.02374976,0.9990847,357.1578,357.0746,357.3491,0.3376907,-0.06787419,-0.9388061,0,0,0,1.15958,-0.07954973,-2.687192,-0.09510429,0.1366557,0.9038645,0.9975111,-0.04619382,0.05327039,0.04871827,0.9977011,-0.04710665,-0.05097189,0.04958465,0.9974684,moving,-5.382739,11.43492,-6.00654,8.59746,-7.015054845365187,22.518989295692606
05/11/2023 12:33:05.722824,300,True,True,True,True,Eyes,1.296306,-0.2639677,-3.569263,-0.09219307,0.1974614,0.9759659,0.0,0.0,0.0,0.0,0.0,0.0,0.0,-1.130144,0.03923652,3.641561,1.294234,-0.2653094,-3.576912,-0.02347997,-0.02369457,-0.02326219,0.9991727,357.2474,357.3456,357.3964,0.3379754,-0.0680213,-0.9386925,0,0,0,1.163703,-0.08267531,-2.687125,-0.0954268,0.135253,0.9026152,0.9977949,-0.04537319,0.04844232,0.04759858,0.9978151,-0.04581872,-0.04625754,0.04802347,0.9977745,moving,-5.396342,11.43791,-6.035038,8.522121,-7.028652891094882,22.52192195471
05/11/2023 12:33:05.742946,301,True,True,True,True,Eyes,1.296351,-0.2639777,-3.569243,-0.0922393,0.197431,0.9759677,0.0,0.0,0.0,0.0,0.0,0.0,0.0,-1.148305,0.0431291,3.635648,1.294448,-0.2653353,-3.576646,-0.02296636,-0.02123528,-0.02308792,0.999244,357.3131,357.6259,357.4085,0.3382326,-0.06815376,-0.9385898,0,0,0,1.167655,-0.08567145,-2.687061,-0.09596266,0.1333508,0.9015135,0.998032,-0.04516553,0.04349894,0.04711632,0.997879,-0.04491743,-0.04137795,0.04687854,0.9980432,moving,-5.399022,11.43618,-6.076036,8.414112,-7.031408346960659,22.52015478533358
05/11/2023 12:33:05.762644,302,True,True,True,True,Eyes,1.29643,-0.2639922,-3.569211,-0.09242237,0.1973792,0.9759609,0.0,0.0,0.0,0.0,0.0,0.0,0.0,-1.165206,0.04977235,3.629981,1.294683,-0.2655218,-3.576344,-0.02206159,-0.01896172,-0.02301647,0.9993117,357.4228,357.8842,357.4088,0.3384653,-0.06827324,-0.938497,0,0,0,1.171797,-0.08881185,-2.686994,-0.09604124,0.1321572,0.9003241,0.9982214,-0.0451646,0.0389129,0.0468379,0.9979671,-0.04321994,-0.03688179,0.04496567,0.9983075,moving,-5.409712,11.43334,-6.088948,8.350725,-7.042265495682922,22.517211825583942
05/11/2023 12:33:05.772634,303,True,True,True,True,Eyes,1.29651,-0.2640146,-3.569173,-0.09245902,0.1972543,0.9759827,0.0,0.0,0.0,0.0,0.0,0.0,0.0,-1.181268,0.05691496,3.624388,1.294735,-0.2656088,-3.576022,-0.02112359,-0.01677009,-0.02280492,0.9993761,357.5363,358.1326,357.4257,0.3386768,-0.06838115,-0.9384127,0,0,0,1.175696,-0.09176801,-2.68693,-0.09599073,0.1311363,0.8991462,0.9983974,-0.0448729,0.0344827,0.04628988,0.9980674,-0.04145595,-0.03255581,0.04298571,0.9985451,moving,-5.411724,11.42604,-6.093682,8.297821,-7.044531931293142,22.50981696948715
05/11/2023 12:33:05.797855,304,True,True,True,True,Eyes,1.29656,-0.2640433,-3.569129,-0.09252009,0.1969858,0.9760311,0.0,0.0,0.0,0.0,0.0,0.0,0.0,-1.194793,0.06405199,3.619701,1.294817,-0.2658072,-3.575844,-0.0202221,-0.01492649,-0.02254619,0.9994298,357.6448,358.3411,357.4495,0.3388693,-0.06847887,-0.938336,0,0,0,1.179655,-0.09476934,-2.686866,-0.09526484,0.1301294,0.8982146,0.9985377,-0.04446297,0.03074782,0.04567035,0.9981655,-0.03974805,-0.02892409,0.0410942,0.9987366,moving,-5.41501,11.41035,-6.05417,8.243408,-7.048357649143003,22.493930017552795
05/11/2023 12:33:05.812750,305,True,True,True,True,Eyes,1.296613,-0.2640804,-3.569076,-0.09245528,0.1966122,0.9761125,0.0,0.0,0.0,0.0,0.0,0.0,0.0,-1.207749,0.07381374,3.614999,1.29482,-0.2660047,-3.575613,-0.01900286,-0.01315,-0.02215734,0.9994874,357.7896,358.5409,357.4882,0.339044,-0.06856762,-0.9382663,0,0,0,1.183835,-0.09793857,-2.686798,-0.09408593,0.1295637,0.8971717,0.9986722,-0.04379219,0.02712863,0.04479174,0.9982959,-0.03740351,-0.02544442,0.03856898,0.9989319,moving,-5.410791,11.38835,-5.986696,8.217475,-7.044834696394982,22.471712709097872
05/11/2023 12:33:05.822714,306,True,True,True,True,Eyes,1.296688,-0.2641259,-3.569012,-0.09240273,0.1961214,0.9762162,0.0,0.0,0.0,0.0,0.0,0.0,0.0,-1.22023,0.08529309,3.610315,1.294928,-0.2662261,-3.575317,-0.01760054,-0.01144844,-0.0216208,0.9995458,357.9552,358.7314,357.5443,0.339203,-0.06864852,-0.938203,0,0,0,1.187872,-0.1009994,-2.686733,-0.09299004,0.1294744,0.8960652,0.9988029,-0.04281895,0.02364755,0.04362494,0.9984455,-0.03469005,-0.0221254,0.03568015,0.9991183,moving,-5.407163,11.35948,-5.924718,8.221888,-7.042133230734423,22.44254481631056
05/11/2023 12:33:05.842891,307,True,True,True,True,Eyes,1.296764,-0.2641786,-3.568941,-0.09223896,0.1955303,0.9763503,0.0,0.0,0.0,0.0,0.0,0.0,0.0,-1.232341,0.0954911,3.605618,1.294913,-0.266438,-3.574979,-0.01641143,-0.009768189,-0.0209849,0.9995975,358.0963,358.9199,357.6126,0.3393483,-0.06872258,-0.938145,0,0,0,1.191852,-0.1040171,-2.686668,-0.09175266,0.1290527,0.8950002,0.9989284,-0.04163229,0.0202173,0.04227353,0.9985806,-0.03239967,-0.01883973,0.03321961,0.9992706,moving,-5.396899,11.32462,-5.853338,8.205091,-7.0329475267419745,22.407364342941754
05/11/2023 12:33:05.862762,308,True,True,True,True,Eyes,1.29682,-0.2642354,-3.568864,-0.09200824,0.1948238,0.9765133,0.0,0.0,0.0,0.0,0.0,0.0,0.0,-1.243833,0.107513,3.601124,1.294977,-0.2666461,-3.574732,-0.01495956,-0.008187184,-0.02037544,0.999647,358.267,359.0966,357.6783,0.3394814,-0.06879068,-0.9380919,0,0,0,1.196008,-0.107168,-2.6866,-0.09025219,0.1289521,0.8939974,0.9990356,-0.04049154,0.0169782,0.04098145,0.9987221,-0.02957493,-0.01575897,0.0302422,0.9994184,moving,-5.382586,11.28291,-5.76468,8.207852,-7.019910727039,22.365284445681432
05/11/2023 12:33:05.872385,309,True,True,True,True,Eyes,1.296881,-0.2642994,-3.568774,-0.09166549,0.1940556,0.9766985,0.0,0.0,0.0,0.0,0.0,0.0,0.0,-1.255621,0.1207843,3.596388,1.295033,-0.2668062,-3.574477,-0.01341861,-0.006548768,-0.01950666,0.9996984,358.448,359.2795,357.7741,0.3396031,-0.06885356,-0.9380434,0,0,0,1.199952,-0.1101579,-2.686536,-0.08899144,0.1291518,0.892983,0.9991532,-0.0388258,0.01361709,0.0391773,0.9988788,-0.02657363,-0.01257008,0.0270846,0.9995541,moving,-5.36164,11.23748,-5.691099,8.229604,-7.0003178951524445,22.31948727265266
05/11/2023 12:33:05.892460,310,True,True,True,True,Eyes,1.29696,-0.2643622,-3.568678,-0.09128212,0.1931397,0.976916,0.0,0.0,0.0,0.0,0.0,0.0,0.0,-1.268001,0.1307902,3.591373,1.295181,-0.2670308,-3.574086,-0.01237733,-0.004821457,-0.01853788,0.99974,358.5717,359.4738,357.882,0.3397147,-0.06891195,-0.9379987,0,0,0,1.20392,-0.1131667,-2.686472,-0.08791417,0.1285094,0.8919746,0.9992662,-0.03694677,0.01009931,0.03718548,0.9990063,-0.02456946,-0.009181507,0.02492698,0.9996471,moving,-5.338165,11.18336,-5.628966,8.19836,-6.978465067883132,22.26492001349093
05/11/2023 12:33:05.912725,311,True,True,True,True,Eyes,1.297042,-0.2644306,-3.568569,-0.09076494,0.1921697,0.9771553,0.0,0.0,0.0,0.0,0.0,0.0,0.0,-1.281411,0.1438451,3.585866,1.295337,-0.2670397,-3.573783,-0.01068547,-0.002983995,-0.01810911,0.9997745,358.7695,359.6802,357.928,0.3398178,-0.06896625,-0.9379575,0,0,0,1.207839,-0.1161379,-2.686408,-0.08725549,0.1287306,0.8908854,0.9993263,-0.03614627,0.006353653,0.03627381,0.9991158,-0.02125804,-0.005579636,0.0214742,0.9997538,moving,-5.3068,11.12594,-5.593847,8.222177,-6.9487767178222715,22.207068545288045
05/11/2023 12:33:05.922757,312,True,True,True,True,Eyes,1.297124,-0.2645077,-3.568459,-0.09020313,0.1911471,0.9774079,0.0,0.0,0.0,0.0,0.0,0.0,0.0,-1.295566,0.1522745,3.58008,1.295454,-0.2672236,-3.57338,-0.00957214,-0.001035684,-0.01792783,0.9997931,358.9012,359.901,357.9464,0.3399134,-0.06901704,-0.9379192,0,0,0,1.211846,-0.1191758,-2.686343,-0.086717,0.1279814,0.8898553,0.999355,-0.03582841,0.002414153,0.03586806,0.9991739,-0.01910318,-0.001727723,0.01917745,0.9998146,moving,-5.272783,11.06541,-5.565938,8.184309,-6.916520620900032,22.146090063247698
05/11/2023 12:33:05.942726,313,True,True,True,True,Eyes,1.297205,-0.2645925,-3.568339,-0.08950546,0.1900189,0.977692,0.0,0.0,0.0,0.0,0.0,0.0,0.0,-1.3089,0.161542,3.574629,1.295411,-0.2674935,-3.573184,-0.00831855,0.0008158067,-0.01784407,0.9998059,359.0486,0.1104913,357.9541,0.3400021,-0.06906491,-0.9378836,0,0,0,1.216072,-0.1223795,-2.686275,-0.08565176,0.1273931,0.8890424,0.9993618,-0.03569478,-0.001334423,0.03566764,0.9992248,-0.01666298,0.00192817,0.01660475,0.9998603,moving,-5.230717,10.99858,-5.502982,8.154548,-6.876367781029127,22.078794963383288
05/11/2023 12:33:05.962608,314,True,True,True,True,Eyes,1.297303,-0.2646843,-3.568213,-0.08870711,0.1888051,0.9779999,0.0,0.0,0.0,0.0,0.0,0.0,0.0,-1.32371,0.1744564,3.568253,1.295447,-0.2677355,-3.572842,-0.006469935,0.002844362,-0.01796737,0.9998137,359.2646,0.3392301,357.9388,0.3400849,-0.06911036,-0.9378503,0,0,0,1.219844,-0.1252391,-2.686213,-0.08551528,0.1281176,0.8879219,0.9993382,-0.03596485,-0.005455167,0.03589123,0.9992706,-0.01303967,0.005920158,0.01283525,0.9999001,moving,-5.182693,10.92666,-5.501159,8.210502,-6.830383705397166,22.006392803031417
05/11/2023 12:33:05.972628,315,True,True,True,True,Eyes,1.297406,-0.2647835,-3.56808,-0.08776778,0.1875245,0.9783309,0.0,0.0,0.0,0.0,0.0,0.0,0.0,-1.338219,0.1866337,3.561939,1.295501,-0.2679648,-3.572526,-0.004941242,0.004872061,-0.01748995,0.999823,359.4436,0.5681375,357.9929,0.3401626,-0.06915382,-0.937819,0,0,0,1.223938,-0.1283431,-2.686147,-0.08488813,0.128121,0.8869402,0.9993407,-0.03502185,-0.009569551,0.03492555,0.9993394,-0.01005116,0.00991524,0.00971031,0.9999037,moving,-5.126382,10.85073,-5.467067,8.219675,-6.7761877757035025,21.929991159668127
05/11/2023 12:33:05.992594,316,True,True,True,True,Eyes,1.297552,-0.2648925,-3.567948,-0.08672771,0.18606,0.9787032,0.0,0.0,0.0,0.0,0.0,0.0,0.0,-1.35473,0.1980019,3.554822,1.295671,-0.2682236,-3.572192,-0.003544501,0.007175861,-0.01695882,0.9998242,359.6078,0.8290849,358.0537,0.340236,-0.0691957,-0.9377893,0,0,0,1.227881,-0.1313331,-2.686083,-0.08500136,0.1280167,0.8859515,0.9993218,-0.03396254,-0.01422898,0.0338608,0.9993997,-0.007331143,0.01446942,0.006844366,0.9998719,moving,-5.064034,10.76398,-5.480388,8.22212,-6.7162699156371675,21.8426890569159
05/11/2023 12:33:06.012645,317,True,True,True,True,Eyes,1.297701,-0.2650107,-3.567812,-0.08553198,0.1844928,0.9791051,0.0,0.0,0.0,0.0,0.0,0.0,0.0,-1.372963,0.2137291,3.546819,1.295849,-0.2685171,-3.572017,-0.001566275,0.009723084,-0.01634733,0.9998179,359.8388,1.11699,358.125,0.3403066,-0.06923637,-0.9377608,0,0,0,1.232095,-0.1345274,-2.686014,-0.08527267,0.1287788,0.8849648,0.9992764,-0.03271917,-0.01939142,0.03265825,0.9994606,-0.003449873,0.01949384,0.002814087,0.999806,moving,-4.99253,10.67112,-5.503865,8.279481,-6.647334434351384,21.749269836987715
05/11/2023 12:33:06.022750,318,True,True,True,True,Eyes,1.29787,-0.2651345,-3.567678,-0.08419964,0.1828478,0.979529,0.0,0.0,0.0,0.0,0.0,0.0,0.0,-1.391648,0.2293233,3.538392,1.296014,-0.2688308,-3.571774,0.0004147843,0.01234096,-0.01579395,0.9997991,0.06985658,1.41328,358.1908,0.3403745,-0.06927621,-0.9377332,0,0,0,1.23604,-0.1375184,-2.68595,-0.08594289,0.1297416,0.8839144,0.9991965,-0.03157131,-0.02469007,0.03159178,0.9995008,0.0004395769,0.02466386,-0.001219227,0.9996951,moving,-4.913029,10.57366,-5.553406,8.350288,-6.570498539407693,21.651252618245138
05/11/2023 12:33:06.042835,319,True,True,True,True,Eyes,1.298042,-0.2652663,-3.567542,-0.08271585,0.1811104,0.9799782,0.0,0.0,0.0,0.0,0.0,0.0,0.0,-1.410692,0.2429794,3.529849,1.296179,-0.2690522,-3.571618,0.002245714,0.01500234,-0.01552144,0.9997645,0.283964,1.715019,358.2253,0.3404407,-0.06931542,-0.9377064,0,0,0,1.23996,-0.1404903,-2.685887,-0.08677979,0.1303149,0.8830043,0.999068,-0.03096819,-0.03006732,0.03110295,0.9995081,0.004024654,0.02992789,-0.004956086,0.9995398,moving,-4.824661,10.47073,-5.612883,8.395182,-6.4849149185193,21.54776349544808
05/11/2023 12:33:06.062892,320,True,True,True,True,Eyes,1.298207,-0.2654,-3.567405,-0.08107501,0.1792937,0.9804492,0.0,0.0,0.0,0.0,0.0,0.0,0.0,-1.429688,0.2573566,3.521039,1.296384,-0.2693498,-3.571386,0.004215704,0.01764892,-0.01536623,0.9997173,0.5140314,2.014918,358.2478,0.3405053,-0.06935429,-0.9376801,0,0,0,1.244136,-0.1436569,-2.685819,-0.08739749,0.1310002,0.8820194,0.9989048,-0.03057496,-0.03541741,0.03087257,0.9994922,0.00788663,0.0351583,-0.00897142,0.9993415,moving,-4.72713,10.36311,-5.658848,8.447987,-6.3902598279959015,21.439593144102886
05/11/2023 12:33:06.072521,321,True,True,True,True,Eyes,1.298374,-0.2655375,-3.567266,-0.07929824,0.1774263,0.9809341,0.0,0.0,0.0,0.0,0.0,0.0,0.0,-1.448958,0.2706249,3.512067,1.296543,-0.2695053,-3.571229,0.00610027,0.02034109,-0.01533082,0.999657,0.7345546,2.320225,358.2576,0.3405683,-0.0693929,-0.9376544,0,0,0,1.248013,-0.1465964,-2.685756,-0.08838007,0.1315897,0.8811345,0.9987024,-0.03040294,-0.04085526,0.03089929,0.9994555,0.01157266,0.04048117,-0.01282004,0.9990981,moving,-4.621713,10.25252,-5.727758,8.493848,-6.287762366085762,21.328472238627562
05/11/2023 12:33:06.092657,322,True,True,True,True,Eyes,1.298542,-0.2656671,-3.567125,-0.07738405,0.1754914,0.9814349,0.0,0.0,0.0,0.0,0.0,0.0,0.0,-1.467248,0.2809545,3.503511,1.296728,-0.270074,-3.57098,0.007556116,0.02289375,-0.01540522,0.9995907,0.905965,2.610246,358.2548,0.34063,-0.06943137,-0.9376293,0,0,0,1.252229,-0.1497924,-2.685687,-0.08881904,0.1315737,0.880336,0.9984771,-0.03045184,-0.04600155,0.0311438,0.9994112,0.01440068,0.04553594,-0.01581141,0.9988376,moving,-4.508322,10.13798,-5.761202,8.50042,-6.177366226108005,21.213410432583963
05/11/2023 12:33:06.112447,323,True,True,True,True,Eyes,1.298714,-0.2658222,-3.56698,-0.07535437,0.173507,0.9819455,0.0,0.0,0.0,0.0,0.0,0.0,0.0,-1.485071,0.2915999,3.494971,1.296973,-0.2699918,-3.570749,0.009227378,0.02536252,-0.01567208,0.9995129,1.102481,2.890104,358.2312,0.3406905,-0.06946953,-0.9376045,0,0,0,1.256152,-0.152767,-2.685624,-0.08949825,0.1314724,0.8795229,0.9982223,-0.03086082,-0.05098955,0.03179694,0.9993385,0.0176508,0.0504111,-0.01924073,0.9985432,moving,-4.388271,10.02057,-5.810289,8.501712,-6.060358853947027,21.095491013655558
05/11/2023 12:33:06.122613,324,True,True,True,True,Eyes,1.298913,-0.2659892,-3.566835,-0.07324564,0.1713876,0.9824772,0.0,0.0,0.0,0.0,0.0,0.0,0.0,-1.502252,0.3012461,3.486669,1.297201,-0.2703602,-3.570511,0.01093851,0.02769836,-0.01654861,0.9994195,1.305371,3.153824,358.1387,0.3407501,-0.06950807,-0.93758,0,0,0,1.260153,-0.1558001,-2.685559,-0.09000643,0.1317596,0.8787349,0.9979179,-0.03247204,-0.05572661,0.03368395,0.999213,0.02094758,0.05500254,-0.02278105,0.9982263,moving,-4.263628,9.895354,-5.848256,8.527535,-5.938985157961332,20.969709125872612
05/11/2023 12:33:06.142609,325,True,True,True,True,Eyes,1.299116,-0.2661741,-3.566693,-0.07102792,0.1691055,0.9830353,0.0,0.0,0.0,0.0,0.0,0.0,0.0,-1.51899,0.3117656,3.4784,1.297494,-0.2707573,-3.570293,0.01299473,0.02991673,-0.01797133,0.9993065,1.549851,3.402308,357.9855,0.3408095,-0.06954724,-0.9375556,0,0,0,1.264038,-0.1587457,-2.685496,-0.09062711,0.1327018,0.8779007,0.997564,-0.03514022,-0.06025901,0.03669525,0.9990163,0.02489614,0.05932487,-0.02704671,0.9978723,moving,-4.132649,9.760705,-5.893858,8.59565,-5.811542761811311,20.834431246087657
05/11/2023 12:33:06.162799,326,True,True,True,True,Eyes,1.299333,-0.2663563,-3.566551,-0.06868666,0.1667141,0.98361,0.0,0.0,0.0,0.0,0.0,0.0,0.0,-1.536389,0.3296642,3.469143,1.297791,-0.2713054,-3.57019,0.01618219,0.03219151,-0.01961843,0.9991581,1.925514,3.653929,357.8117,0.3408687,-0.06958745,-0.9375311,0,0,0,1.26826,-0.1619463,-2.685427,-0.09109866,0.1355223,0.8769102,0.9971576,-0.03816197,-0.06496375,0.04024568,0.9987065,0.03107404,0.06369387,-0.03360023,0.9974037,moving,-3.994549,9.619757,-5.930952,8.785287,-5.677137974482593,20.692831572172004
05/11/2023 12:33:06.172620,327,True,True,True,True,Eyes,1.299559,-0.2665463,-3.566409,-0.06619755,0.1642772,0.9841905,0.0,0.0,0.0,0.0,0.0,0.0,0.0,-1.556578,0.3428417,3.458851,1.298263,-0.2713684,-3.570014,0.01889816,0.03483278,-0.02151855,0.9989827,2.249837,3.947043,357.6096,0.3409282,-0.06962851,-0.9375064,0,0,0,1.272175,-0.1649145,-2.685363,-0.09272421,0.1371996,0.8758982,0.9966473,-0.04167675,-0.070408,0.04430985,0.9983597,0.03625876,0.06878136,-0.03925696,0.9968591,moving,-3.847971,9.476223,-6.042931,8.902404,-5.534282086907487,20.548673575322532
05/11/2023 12:33:06.197728,328,True,True,True,True,Eyes,1.299815,-0.2667379,-3.566269,-0.06359015,0.1618238,0.9847687,0.0,0.0,0.0,0.0,0.0,0.0,0.0,-1.578057,0.3509924,3.448253,1.298658,-0.2717,-3.569814,0.02069136,0.0377278,-0.02294817,0.9988103,2.468209,4.271647,357.4597,0.340988,-0.06967054,-0.9374816,0,0,0,1.276271,-0.1680205,-2.685297,-0.09439296,0.137449,0.875111,0.9961,-0.04428046,-0.07631548,0.04740302,0.9980905,0.03960192,0.07441615,-0.04306505,0.9962969,moving,-3.694671,9.33183,-6.156349,8.926214,-5.384686262194139,20.403691814307052
05/11/2023 12:33:06.212973,329,True,True,True,True,Eyes,1.300075,-0.2669356,-3.566128,-0.06082014,0.1593533,0.9853463,0.0,0.0,0.0,0.0,0.0,0.0,0.0,-1.601601,0.3579568,3.43662,1.298991,-0.2718727,-3.569639,0.02235964,0.04094057,-0.02437178,0.9986141,2.673984,4.63258,357.3121,0.3410488,-0.06971346,-0.9374563,0,0,0,1.280304,-0.1710779,-2.685231,-0.09660406,0.1373608,0.8743483,0.9954598,-0.04684517,-0.08285753,0.05050684,0.9978122,0.0426617,0.08067776,-0.04665288,0.9956478,moving,-3.53208,9.186515,-6.304863,8.928234,-5.225765901728569,20.257839715149274
05/11/2023 12:33:06.222548,330,True,True,True,True,Eyes,1.300357,-0.267136,-3.565986,-0.05794659,0.1568216,0.9859256,0.0,0.0,0.0,0.0,0.0,0.0,0.0,-1.625159,0.3642974,3.424766,1.299325,-0.2721825,-3.56939,0.02378568,0.04419797,-0.0254376,0.9984156,2.851331,4.999881,357.2056,0.3411106,-0.06975733,-0.9374306,0,0,0,1.284344,-0.1741411,-2.685166,-0.09878446,0.13702,0.8735881,0.9947989,-0.04869203,-0.08946598,0.05289715,0.9975743,0.04524742,0.08704578,-0.04974458,0.9949616,moving,-3.363621,9.037771,-6.451544,8.914069,-5.061050181595412,20.108559486051806
05/11/2023 12:33:06.242392,331,True,True,True,True,Eyes,1.300644,-0.2673452,-3.565845,-0.05493914,0.1542592,0.9865018,0.0,0.0,0.0,0.0,0.0,0.0,0.0,-1.648314,0.3706774,3.412953,1.29977,-0.2724239,-3.569169,0.0249526,0.04745213,-0.02582788,0.9982278,2.996098,5.369309,357.1763,0.3411739,-0.06980214,-0.9374042,0,0,0,1.288264,-0.1771128,-2.685102,-0.1010205,0.1363192,0.8729283,0.9941624,-0.0491961,-0.096025,0.05393232,0.9974206,0.04736558,0.0934471,-0.05226793,0.9942513,moving,-3.187559,8.887364,-6.601245,8.875796,-4.8887339611330605,19.95764839720723
05/11/2023 12:33:06.262577,332,True,True,True,True,Eyes,1.300919,-0.2675515,-3.565705,-0.05183632,0.1516167,0.9870793,0.0,0.0,0.0,0.0,0.0,0.0,0.0,-1.670559,0.381244,3.400929,1.300159,-0.272821,-3.568976,0.02654241,0.05061254,-0.02584849,0.9980309,3.187106,5.728112,357.1923,0.3412385,-0.06984798,-0.9373773,0,0,0,1.292282,-0.1801595,-2.685037,-0.1028709,0.1364981,0.872229,0.9935404,-0.04890843,-0.1023979,0.05428195,0.9972547,0.05036377,0.09965359,-0.05559681,0.9934677,moving,-3.006118,8.732462,-6.726404,8.894272,-4.7111498785185315,19.8022280253807
05/11/2023 12:33:06.272544,333,True,True,True,True,Eyes,1.301202,-0.2677574,-3.565561,-0.04861498,0.1489635,0.9876469,0.0,0.0,0.0,0.0,0.0,0.0,0.0,-1.691895,0.3925955,3.389156,1.300621,-0.2729681,-3.568878,0.02820903,0.0536529,-0.02570132,0.9978302,3.385488,6.073698,357.2288,0.3413042,-0.06989471,-0.9373499,0,0,0,1.29621,-0.1831376,-2.684973,-0.1046389,0.1366516,0.8716387,0.9929216,-0.04826412,-0.108523,0.0543181,0.9970874,0.05353774,0.1056229,-0.05905354,0.9926512,moving,-2.817998,8.577082,-6.845515,8.910049,-4.526856597640035,19.64636885323735
05/11/2023 12:33:06.292632,334,True,True,True,True,Eyes,1.301484,-0.2679601,-3.565416,-0.04537614,0.1463309,0.9881945,0.0,0.0,0.0,0.0,0.0,0.0,0.0,-1.713412,0.4018121,3.377147,1.301058,-0.2731466,-3.568613,0.02959776,0.0567373,-0.02561626,0.9976215,3.55241,6.425046,357.2577,0.3413709,-0.06994222,-0.9373221,0,0,0,1.300227,-0.1861829,-2.684908,-0.1063563,0.1362702,0.8709862,0.9922494,-0.04775208,-0.1147211,0.05446927,0.9969355,0.05614794,0.1116883,-0.06196153,0.9918097,moving,-2.629074,8.423093,-6.961933,8.892126,-4.341707940690351,19.491921560206144
05/11/2023 12:33:06.312564,335,True,True,True,True,Eyes,1.301772,-0.2681672,-3.565268,-0.04204776,0.143693,0.9887286,0.0,0.0,0.0,0.0,0.0,0.0,0.0,-1.733651,0.4084394,3.365971,1.301529,-0.2732807,-3.568398,0.03064198,0.05963933,-0.0255908,0.9974213,3.679679,6.756227,357.2779,0.3414385,-0.06999035,-0.9372938,0,0,0,1.304263,-0.189243,-2.684842,-0.1077754,0.1352306,0.8705394,0.9915766,-0.04739469,-0.1205394,0.05470456,0.9968123,0.05807351,0.1174028,-0.06417838,0.9910084,moving,-2.435156,8.268966,-7.057481,8.829823,-4.151535472741457,19.337368025223142
05/11/2023 12:33:06.322677,336,True,True,True,True,Eyes,1.302073,-0.2683746,-3.565122,-0.03889573,0.1410564,0.9892372,0.0,0.0,0.0,0.0,0.0,0.0,0.0,-1.752904,0.4169711,3.354843,1.301898,-0.2735738,-3.568155,0.03196176,0.06240853,-0.02562326,0.9972097,3.838444,7.071451,357.2935,0.3415072,-0.07003916,-0.9372652,0,0,0,1.308246,-0.1922623,-2.684777,-0.1089404,0.1348741,0.870028,0.9908972,-0.04711416,-0.1261067,0.0550929,0.9966438,0.06054693,0.1228308,-0.06694337,0.9901673,moving,-2.251648,8.115161,-7.137134,8.812004,-3.9718340141263555,19.183070673638397
05/11/2023 12:33:06.342578,337,True,True,True,True,Eyes,1.302381,-0.268582,-3.564974,-0.03567784,0.1384168,0.9897312,0.0,0.0,0.0,0.0,0.0,0.0,0.0,-1.769991,0.4258975,3.344718,1.302321,-0.2737738,-3.567969,0.03335202,0.06485247,-0.0256757,0.9970068,4.00449,7.349201,357.3069,0.3415772,-0.07008857,-0.937236,0,0,0,1.312489,-0.1954793,-2.684709,-0.1093343,0.1343809,0.8696958,0.9902698,-0.04687177,-0.1310294,0.05552362,0.9964568,0.06317413,0.127604,-0.06983465,0.9893636,moving,-2.064505,7.961348,-7.165381,8.783584,-3.788472810030382,19.028789469255585
05/11/2023 12:33:06.362360,338,True,True,True,True,Eyes,1.302707,-0.2687902,-3.564826,-0.03259078,0.135784,0.9902022,0.0,0.0,0.0,0.0,0.0,0.0,0.0,-1.786887,0.4339557,3.334627,1.302769,-0.273962,-3.567739,0.03465039,0.0672683,-0.0257919,0.9967994,4.160404,7.623806,357.313,0.3416484,-0.07013854,-0.9372063,0,0,0,1.316322,-0.1983854,-2.684646,-0.1101278,0.1339935,0.8692903,0.9896195,-0.04675695,-0.1358934,0.05608044,0.9962683,0.06560902,0.1323186,-0.07254893,0.9885486,moving,-1.88511,7.808131,-7.220166,8.762678,-3.612893269984358,18.87505925404982
05/11/2023 12:33:06.372664,339,True,True,True,True,Eyes,1.303038,-0.268997,-3.564675,-0.02943242,0.1331724,0.9906558,0.0,0.0,0.0,0.0,0.0,0.0,0.0,-1.803874,0.440759,3.324583,1.303322,-0.2741743,-3.567528,0.03574887,0.06969618,-0.02586517,0.9965919,4.293149,7.900528,357.3232,0.3417211,-0.07018899,-0.937176,0,0,0,1.320367,-0.2014519,-2.684581,-0.1108203,0.1331331,0.8690052,0.9889469,-0.04657093,-0.1407666,0.05653717,0.996106,0.06764866,0.137068,-0.07485949,0.987729,moving,-1.701759,7.656288,-7.267446,8.710091,-3.4332852280933537,18.722744744336932
05/11/2023 12:33:06.392731,340,True,True,True,True,Eyes,1.303395,-0.2692036,-3.564523,-0.02640883,0.1305801,0.991086,0.0,0.0,0.0,0.0,0.0,0.0,0.0,-1.820761,0.446211,3.314494,1.303716,-0.2743332,-3.567241,0.03674271,0.07212623,-0.02611593,0.9963763,4.415367,8.177065,357.3129,0.3417954,-0.07023986,-0.9371451,0,0,0,1.324386,-0.2044989,-2.684515,-0.1114058,0.1320426,0.868713,0.9882315,-0.04674237,-0.1456489,0.05734282,0.9959359,0.06945185,0.1418106,-0.07698642,0.9868956,moving,-1.526363,7.505745,-7.30786,8.642689,-3.2616440720520137,18.57169169766321
05/11/2023 12:33:06.412813,341,True,True,True,True,Eyes,1.303749,-0.2694134,-3.564369,-0.02336057,0.1279777,0.9915019,0.0,0.0,0.0,0.0,0.0,0.0,0.0,-1.836232,0.4525746,3.304923,1.304127,-0.2744999,-3.56693,0.03790342,0.07433639,-0.02645415,0.9961615,4.556888,8.427623,357.2935,0.3418717,-0.07029109,-0.9371134,0,0,0,1.328416,-0.2075543,-2.68445,-0.1116312,0.131247,0.8684216,0.9875486,-0.04707,-0.1501075,0.05834042,0.995727,0.07158285,0.1460967,-0.07944888,0.9860749,moving,-1.349684,7.354765,-7.324916,8.594232,-3.088725491462811,18.4202053301178
05/11/2023 12:33:06.422605,342,True,True,True,True,Eyes,1.304129,-0.2696263,-3.564221,-0.0204478,0.125346,0.9919024,0.0,0.0,0.0,0.0,0.0,0.0,0.0,-1.848925,0.4608269,3.296595,1.3044,-0.2747626,-3.566716,0.03928169,0.07615338,-0.02673031,0.9959635,4.721786,8.632801,357.2819,0.3419498,-0.07034272,-0.937081,0,0,0,1.332468,-0.210627,-2.684384,-0.111024,0.1309556,0.8682951,0.9869723,-0.04726196,-0.153792,0.05922769,0.9954849,0.07417506,0.149592,-0.08231747,0.9853152,moving,-1.18097,7.202252,-7.286552,8.576666,-2.9238772353285234,18.26711575312015
05/11/2023 12:33:06.442758,343,True,True,True,True,Eyes,1.304509,-0.2698416,-3.564067,-0.01752161,0.1227077,0.9922882,0.0,0.0,0.0,0.0,0.0,0.0,0.0,-1.860145,0.4695497,3.288985,1.304753,-0.2750081,-3.566515,0.04073998,0.0777352,-0.0270383,0.9957743,4.895537,8.810627,357.2666,0.34203,-0.07039478,-0.9370479,0,0,0,1.336539,-0.2137132,-2.684318,-0.1100762,0.1307839,0.8682267,0.9864523,-0.04751422,-0.1570165,0.06018195,0.9952183,0.076932,0.1526103,-0.0853393,0.984595,moving,-1.011611,7.049484,-7.22557,8.566252,-2.758387945804271,18.11377263181781
05/11/2023 12:33:06.462591,344,True,True,True,True,Eyes,1.304885,-0.2700537,-3.563913,-0.01466392,0.1200624,0.992658,0.0,0.0,0.0,0.0,0.0,0.0,0.0,-1.871563,0.4776883,3.281176,1.305107,-0.2753161,-3.566223,0.04208156,0.07935993,-0.02728353,0.9955837,5.055569,8.993986,357.2583,0.3421121,-0.07044728,-0.937014,0,0,0,1.340444,-0.2166741,-2.684255,-0.1093479,0.1305848,0.8680706,0.9859152,-0.04764689,-0.1603151,0.06100525,0.9949695,0.07946097,0.1557226,-0.08812185,0.9838623,moving,-0.8463335,6.896447,-7.179542,8.55492,-2.5970171030686773,17.960130295966856
05/11/2023 12:33:06.472706,345,True,True,True,True,Eyes,1.30526,-0.2702673,-3.563755,-0.01179887,0.1174159,0.9930127,0.0,0.0,0.0,0.0,0.0,0.0,0.0,-1.881001,0.4851237,3.274636,1.30547,-0.2754402,-3.566039,0.04328497,0.08069962,-0.02742065,0.9954206,5.198078,9.145374,357.2602,0.3421959,-0.07050011,-0.9369794,0,0,0,1.344817,-0.2199896,-2.684184,-0.1076363,0.1296721,0.8682688,0.9854714,-0.047604,-0.1630339,0.06157631,0.9947491,0.08174782,0.1582863,-0.09059916,0.983228,moving,-0.6807503,6.743464,-7.066706,8.494087,-2.4353366773601266,17.80654460081876
05/11/2023 12:33:06.492628,346,True,True,True,True,Eyes,1.305637,-0.2704819,-3.563594,-0.008957088,0.1147683,0.9933519,0.0,0.0,0.0,0.0,0.0,0.0,0.0,-1.891655,0.4928296,3.267167,1.305804,-0.2756139,-3.565744,0.0445963,0.08221646,-0.02769159,0.9952312,5.354671,9.316342,357.249,0.3422813,-0.07055327,-0.9369442,0,0,0,1.348425,-0.222725,-2.684125,-0.1070007,0.1295038,0.8681279,0.9849473,-0.04778596,-0.1661186,0.06245215,0.9944887,0.08421383,0.1611788,-0.09332066,0.9825032,moving,-0.516624,6.590528,-7.026524,8.484581,-2.2751216262390423,17.652996716100294
05/11/2023 12:33:06.512871,347,True,True,True,True,Eyes,1.306015,-0.2706941,-3.563436,-0.006130624,0.1121356,0.993674,0.0,0.0,0.0,0.0,0.0,0.0,0.0,-1.901405,0.4991004,3.260433,1.306157,-0.2758405,-3.565492,0.04565777,0.08360552,-0.02790256,0.9950614,5.481834,9.473419,357.2422,0.342368,-0.07060677,-0.9369085,0,0,0,1.35249,-0.225807,-2.684059,-0.1056867,0.1286522,0.8682473,0.9844632,-0.04789504,-0.1689332,0.063164,0.9942737,0.08619893,0.1638373,-0.09553016,0.981851,moving,-0.3534906,6.438561,-6.940139,8.428452,-2.115874370133723,17.500422021657467
05/11/2023 12:33:06.522577,348,True,True,True,True,Eyes,1.30638,-0.270907,-3.563272,-0.003275263,0.1094824,0.9939834,0.0,0.0,0.0,0.0,0.0,0.0,0.0,-1.910119,0.5054361,3.254375,1.306526,-0.2759745,-3.565362,0.04675681,0.0848289,-0.02815913,0.9948996,5.613308,9.611102,357.2298,0.342456,-0.0706605,-0.9368722,0,0,0,1.356516,-0.2288591,-2.683994,-0.1041636,0.1278211,0.8685277,0.9840223,-0.04809835,-0.1714257,0.06396367,0.9940417,0.08825924,0.1661592,-0.09781407,0.9812357,moving,-0.188794,6.285514,-6.838887,8.372112,-1.9550887536244077,17.34676570107834
05/11/2023 12:33:06.542719,349,True,True,True,True,Eyes,1.306747,-0.2711176,-3.56311,-0.0004281044,0.1068453,0.9942756,0.0,0.0,0.0,0.0,0.0,0.0,0.0,-1.919506,0.5118964,3.247691,1.306886,-0.2762022,-3.56508,0.04787042,0.08616077,-0.02841548,0.9947248,5.746794,9.761312,357.2186,0.3425449,-0.07071448,-0.9368356,0,0,0,1.360457,-0.2318472,-2.683929,-0.1028899,0.1271529,0.8686249,0.9835377,-0.04828205,-0.174133,0.06478027,0.993802,0.09033919,0.168692,-0.1001324,0.9805694,moving,-0.02466979,6.133495,-6.755291,8.328041,-1.794845584464597,17.194145032757753
05/11/2023 12:33:06.562717,350,True,True,True,True,Eyes,1.307097,-0.271329,-3.562942,0.002446425,0.1041308,0.9945606,0.0,0.0,0.0,0.0,0.0,0.0,0.0,-1.928864,0.5178111,3.241215,1.307283,-0.2763389,-3.564935,0.04895466,0.0874738,-0.02874938,0.9945478,5.877686,9.908986,357.1984,0.3426347,-0.07076862,-0.9367987,0,0,0,1.364603,-0.23499,-2.683862,-0.1014444,0.1262146,0.8689443,0.9830436,-0.04862076,-0.1768086,0.06574976,0.9935538,0.09234586,0.1711789,-0.1024051,0.9799035,moving,0.1409362,5.977111,-6.65882,8.264441,-1.6332543018649481,17.03712054696433
05/11/2023 12:33:06.572704,351,True,True,True,True,Eyes,1.307452,-0.2715359,-3.562776,0.005319011,0.1014434,0.9948271,0.0,0.0,0.0,0.0,0.0,0.0,0.0,-1.938405,0.5238184,3.234426,1.307631,-0.2765684,-3.564677,0.05013686,0.08880311,-0.02927606,0.9943557,6.021829,10.05723,357.1575,0.3427249,-0.07082294,-0.9367616,0,0,0,1.368554,-0.2379856,-2.683798,-0.1001977,0.1256624,0.86909,0.9825138,-0.04931702,-0.1795394,0.06712624,0.9932584,0.09450813,0.1736681,-0.1049074,0.9792006,moving,0.3063387,5.822375,-6.576613,8.227421,-1.471813594633756,16.881761089989325
05/11/2023 12:33:06.595094,352,True,True,True,True,Eyes,1.30784,-0.2717425,-3.562616,0.008119059,0.09879347,0.9950749,0.0,0.0,0.0,0.0,0.0,0.0,0.0,-1.948412,0.5276754,3.227817,1.308087,-0.2766439,-3.564538,0.05111647,0.09017071,-0.0299817,0.9941618,6.144885,10.20914,357.0947,0.3428156,-0.0708773,-0.9367243,0,0,0,1.372709,-0.2411359,-2.683731,-0.09895284,0.124466,0.8694679,0.9819407,-0.05039491,-0.1823537,0.06883175,0.9929764,0.09622915,0.1762234,-0.107043,0.9785127,moving,0.4674799,5.669885,-6.492811,8.146653,-1.3145894820484112,16.728644277755464
05/11/2023 12:33:06.613095,353,True,True,True,True,Eyes,1.308234,-0.2719469,-3.562457,0.01095418,0.09620048,0.9953017,0.0,0.0,0.0,0.0,0.0,0.0,0.0,-1.959097,0.529411,3.22099,1.308484,-0.2767915,-3.564318,0.05176685,0.09166547,-0.03065193,0.9939709,6.230522,10.37652,357.0337,0.3429074,-0.07093166,-0.9366866,0,0,0,1.376661,-0.2441323,-2.683666,-0.0980487,0.1229029,0.8697954,0.9813158,-0.0514438,-0.1853991,0.07042473,0.9927613,0.09729002,0.1790521,-0.1085289,0.9778352,moving,0.6305653,5.520751,-6.431582,8.042699,-1.1552971863833352,16.578933869087606
05/11/2023 12:33:06.622334,354,True,True,True,True,Eyes,1.308657,-0.2721525,-3.562305,0.01380638,0.09363892,0.9955105,0.0,0.0,0.0,0.0,0.0,0.0,0.0,-1.971797,0.5304111,3.213118,1.308996,-0.2769249,-3.564167,0.05232459,0.09345702,-0.03130818,0.9937543,6.306527,10.57843,356.9754,0.3430004,-0.07098595,-0.9366484,0,0,0,1.380703,-0.247197,-2.683601,-0.09769221,0.1210923,0.8701817,0.9805712,-0.05244508,-0.189023,0.07200547,0.9925639,0.09814364,0.1824703,-0.1098475,0.9770559,moving,0.7945637,5.3735,-6.405572,7.92226,-0.9950235494171651,16.431133555194855
05/11/2023 12:33:06.642749,355,True,True,True,True,Eyes,1.309081,-0.2723584,-3.56216,0.01671595,0.09113276,0.9956985,0.0,0.0,0.0,0.0,0.0,0.0,0.0,-1.986091,0.5309582,3.204164,1.309409,-0.2771131,-3.563958,0.05278355,0.09552662,-0.03187572,0.9935153,6.371377,10.81322,356.9284,0.3430951,-0.07104018,-0.9366096,0,0,0,1.384556,-0.2501177,-2.683538,-0.09789438,0.1192865,0.8704616,0.9797172,-0.05325355,-0.1931793,0.07342248,0.9923956,0.09879255,0.1864492,-0.1109725,0.9761771,moving,0.9618009,5.22951,-6.41667,7.803104,-0.8313813534036167,16.286652216796508
05/11/2023 12:33:06.663397,356,True,True,True,True,Eyes,1.309495,-0.2725659,-3.562015,0.01969855,0.08857325,0.9958749,0.0,0.0,0.0,0.0,0.0,0.0,0.0,-2.000597,0.5324018,3.195048,1.309814,-0.2773112,-3.563939,0.05330147,0.097646,-0.03228921,0.9932682,6.44164,11.05468,356.9002,0.3431912,-0.07109436,-0.9365703,0,0,0,1.388762,-0.2533066,-2.68347,-0.09783416,0.1173807,0.8710257,0.9788454,-0.05373434,-0.1974194,0.07455304,0.9922327,0.09957947,0.1905352,-0.1121911,0.9752484,moving,1.133171,5.082521,-6.408638,7.675024,-0.6636766634666462,16.139165976848084
05/11/2023 12:33:06.672833,357,True,True,True,True,Eyes,1.309912,-0.2727724,-3.561878,0.02273653,0.08605738,0.9960307,0.0,0.0,0.0,0.0,0.0,0.0,0.0,-2.014658,0.5356748,3.185662,1.310164,-0.2775558,-3.563799,0.05405832,0.09971441,-0.03264827,0.9930101,6.538562,11.2902,356.8808,0.3432883,-0.07114854,-0.9365305,0,0,0,1.392693,-0.2562873,-2.683406,-0.09789387,0.1161273,0.871371,0.9779822,-0.05405933,-0.2015646,0.0756209,0.9920236,0.1008499,0.194505,-0.1138719,0.9742695,moving,1.307671,4.938111,-6.409997,7.591056,-0.49273554103012995,15.994308377699621
05/11/2023 12:33:06.697416,358,True,True,True,True,Eyes,1.310326,-0.2729787,-3.561745,0.0258774,0.08346462,0.9961747,0.0,0.0,0.0,0.0,0.0,0.0,0.0,-2.029503,0.5375866,3.176122,1.310641,-0.2777218,-3.563807,0.05471851,0.1018691,-0.03317863,0.9927376,6.626812,11.53482,356.8417,0.3433865,-0.07120266,-0.9364904,0,0,0,1.396704,-0.2593282,-2.683341,-0.09819767,0.114576,0.8718926,0.9770437,-0.0547271,-0.2058894,0.0770236,0.9918101,0.1018825,0.1986275,-0.115402,0.9732572,moving,1.488025,4.789348,-6.425909,7.486379,-0.31604360837095924,15.84508824683897
05/11/2023 12:33:06.712772,359,True,True,True,True,Eyes,1.310742,-0.2731831,-3.561615,0.02908208,0.08090295,0.9962977,0.0,0.0,0.0,0.0,0.0,0.0,0.0,-2.045093,0.5415128,3.165507,1.311018,-0.2779069,-3.563717,0.05562088,0.1041742,-0.03357265,0.992435,6.741785,11.79737,356.8224,0.3434854,-0.07125673,-0.93645,0,0,0,1.400702,-0.2623591,-2.683276,-0.09865978,0.1134744,0.8722677,0.9760413,-0.05504882,-0.2105068,0.07822587,0.9915584,0.1034054,0.2030375,-0.117395,0.9721081,moving,1.671998,4.642437,-6.453141,7.412053,-0.135646738570107,15.697764907229843
05/11/2023 12:33:06.722546,360,True,True,True,True,Eyes,1.311144,-0.2733885,-3.561488,0.03238835,0.07829676,0.9964038,0.0,0.0,0.0,0.0,0.0,0.0,0.0,-2.061002,0.5449728,3.15467,1.311457,-0.2780541,-3.563627,0.05644409,0.106534,-0.03391922,0.992126,6.847459,12.06683,356.8084,0.343585,-0.07131071,-0.9364093,0,0,0,1.404835,-0.2654928,-2.683209,-0.09913342,0.1121035,0.8727078,0.975,-0.05527785,-0.2152194,0.07933071,0.9913271,0.1047722,0.2075612,-0.1192264,0.9709291,moving,1.861758,4.493032,-6.480616,7.319835,0.05049474927145203,15.547958328758046
05/11/2023 12:33:06.755041,361,True,True,True,True,Eyes,1.311543,-0.2735974,-3.561372,0.03573664,0.07571213,0.9964892,0.0,0.0,0.0,0.0,0.0,0.0,0.0,-2.076069,0.5487896,3.144226,1.311749,-0.2782785,-3.563604,0.05729043,0.1087911,-0.03423906,0.9918215,6.955221,12.32462,356.7976,0.3436849,-0.07136461,-0.9363685,0,0,0,1.408723,-0.2684403,-2.683146,-0.0995534,0.111045,0.8731928,0.9739844,-0.0554527,-0.2197258,0.08038345,0.991091,0.1061939,0.2118795,-0.1210936,0.9697646,moving,2.053893,4.344921,-6.504252,7.247473,0.2390702248941725,15.399476021918016
05/11/2023 12:33:06.762697,362,True,True,True,True,Eyes,1.31191,-0.273802,-3.561261,0.03920827,0.07305848,0.9965566,0.0,0.0,0.0,0.0,0.0,0.0,0.0,-2.090647,0.5536473,3.133965,1.312081,-0.2785567,-3.563695,0.05824149,0.1109741,-0.03447965,0.9915159,7.073784,12.57433,356.7971,0.343785,-0.07141853,-0.9363277,0,0,0,1.412745,-0.2714894,-2.68308,-0.09977672,0.1101538,0.8738282,0.9729918,-0.05544766,-0.2240814,0.08130084,0.9908382,0.107842,0.2160488,-0.1231474,0.9685854,moving,2.253068,4.192905,-6.514018,7.184747,0.4346054356827165,15.247092089075409
05/11/2023 12:33:06.772820,363,True,True,True,True,Eyes,1.312278,-0.2739938,-3.561159,0.04270802,0.0704464,0.9966009,0.0,0.0,0.0,0.0,0.0,0.0,0.0,-2.105087,0.5602752,3.12337,1.312335,-0.2786748,-3.563827,0.05939462,0.11317,-0.03454714,0.9911969,7.213264,12.82657,356.8195,0.3438843,-0.07147236,-0.9362871,0,0,0,1.41672,-0.2745037,-2.683016,-0.09998971,0.1095065,0.8745015,0.9719982,-0.05504266,-0.2284513,0.08192942,0.9905576,0.1099241,0.2202436,-0.1255629,0.9673297,moving,2.453834,4.043323,-6.522821,7.137516,0.6318228122937852,15.097179918714527
05/11/2023 12:33:06.792922,364,True,True,True,True,Eyes,1.312636,-0.2741762,-3.561065,0.04627675,0.06786702,0.9966205,0.0,0.0,0.0,0.0,0.0,0.0,0.0,-2.118902,0.5638373,3.113618,1.312693,-0.2785525,-3.56392,0.06012062,0.1152708,-0.03460969,0.9909089,7.303609,13.06868,356.8369,0.3439829,-0.07152577,-0.9362468,0,0,0,1.420863,-0.2776443,-2.682948,-0.09993362,0.1077549,0.8753368,0.9710296,-0.05472978,-0.2326072,0.08245038,0.9903754,0.1111691,0.2242841,-0.1271271,0.9661964,moving,2.658544,3.895665,-6.513026,7.017868,0.8330747350479877,14.949239509804771
05/11/2023 12:33:06.812734,365,True,True,True,True,Eyes,1.312996,-0.2743571,-3.560981,0.04987757,0.06538885,0.9966125,0.0,0.0,0.0,0.0,0.0,0.0,0.0,-2.132428,0.5644567,3.104493,1.312972,-0.2785147,-3.564024,0.06037214,0.117357,-0.03463306,0.9906479,7.339241,13.31022,356.853,0.3440807,-0.07157853,-0.9362068,0,0,0,1.424871,-0.2806835,-2.682883,-0.09989987,0.1053511,0.8762743,0.9700558,-0.05444814,-0.2367007,0.0827885,0.9903116,0.1114862,0.2283372,-0.1277439,0.9651651,moving,2.865097,3.753859,-6.503939,6.855548,1.0363752075995833,14.807228675848394
05/11/2023 12:33:06.822611,366,True,True,True,True,Eyes,1.31335,-0.2745396,-3.56091,0.05347487,0.06288974,0.9965868,0.0,0.0,0.0,0.0,0.0,0.0,0.0,-2.146621,0.5627799,3.095304,1.313337,-0.2786551,-3.564142,0.06031071,0.1195342,-0.03475256,0.9903871,7.340754,13.56217,356.8547,0.3441776,-0.07163066,-0.9361672,0,0,0,1.428807,-0.2836675,-2.682819,-0.1002012,0.1026119,0.8772221,0.9690077,-0.05441858,-0.2409622,0.08325534,0.9903098,0.1111536,0.2325784,-0.1277701,0.9641484,moving,3.071433,3.61087,-6.516403,6.671778,1.2394181979441914,14.664020197128629
05/11/2023 12:33:06.847903,367,True,True,True,True,Eyes,1.313704,-0.274722,-3.560846,0.05708512,0.06044178,0.996538,0.0,0.0,0.0,0.0,0.0,0.0,0.0,-2.160526,0.5660785,3.085372,1.313617,-0.2788747,-3.564334,0.06093663,0.1216777,-0.03478673,0.9900866,7.419355,13.80993,356.8752,0.3442735,-0.07168225,-0.936128,0,0,0,1.433001,-0.2868469,-2.682751,-0.1001575,0.1010134,0.8782192,0.9679689,-0.05405448,-0.2451824,0.083713,0.9901533,0.1121995,0.2367033,-0.1291306,0.9629625,moving,3.278516,3.470838,-6.506252,6.56137,1.4433107843066746,14.523806688247989
05/11/2023 12:33:06.862810,368,True,True,True,True,Eyes,1.314071,-0.2749012,-3.560796,0.06079258,0.05786031,0.996472,0.0,0.0,0.0,0.0,0.0,0.0,0.0,-2.173319,0.5689746,3.076107,1.313947,-0.2790484,-3.56443,0.06147108,0.1236548,-0.03476346,0.9898093,7.486155,14.03904,356.9001,0.3443685,-0.07173333,-0.9360892,0,0,0,1.436972,-0.2898582,-2.682687,-0.1000642,0.0993528,0.8791123,0.967002,-0.053616,-0.2490631,0.08402076,0.9900256,0.113092,0.2405154,-0.1302866,0.9618616,moving,3.491163,3.323157,-6.493695,6.447919,1.6525535563403135,14.375895942886949
05/11/2023 12:33:06.872422,369,True,True,True,True,Eyes,1.314437,-0.275073,-3.560755,0.06450031,0.05532262,0.996383,0.0,0.0,0.0,0.0,0.0,0.0,0.0,-2.186967,0.5709586,3.066308,1.314208,-0.2791131,-3.56455,0.06213271,0.1257261,-0.03519231,0.9894918,7.574129,14.27571,356.876,0.3444627,-0.07178383,-0.9360507,0,0,0,1.440991,-0.2929047,-2.682621,-0.100084,0.09779692,0.8800458,0.9659089,-0.0540216,-0.253183,0.08526842,0.989802,0.1141104,0.2444367,-0.1318088,0.960665,moving,3.703843,3.177996,-6.488141,6.341095,1.8619126093905498,14.230533531446463
05/11/2023 12:33:06.892359,370,True,True,True,True,Eyes,1.314809,-0.2752537,-3.560729,0.06874732,0.05254101,0.9962496,0.0,0.0,0.0,0.0,0.0,0.0,0.0,-2.199312,0.5725821,3.0575,1.314536,-0.2790938,-3.56472,0.06278863,0.1275709,-0.0357109,0.9891956,7.662169,14.48545,356.8401,0.3445562,-0.0718336,-0.9360124,0,0,0,1.444847,-0.2958282,-2.682559,-0.09994906,0.0962792,0.8810281,0.9649008,-0.05463013,-0.2568697,0.08667014,0.9895647,0.1151091,0.2479008,-0.1333318,0.9595665,moving,3.947502,3.018914,-6.472302,6.236565,2.1020049936073155,14.071301366312527
05/11/2023 12:33:06.912611,371,True,True,True,True,Eyes,1.315176,-0.2754352,-3.560716,0.07294711,0.04974731,0.9960943,0.0,0.0,0.0,0.0,0.0,0.0,0.0,-2.210698,0.5744219,3.049181,1.314674,-0.2794405,-3.564856,0.06340109,0.1292977,-0.03620205,0.9889145,7.744638,14.68176,356.8062,0.3446491,-0.07188293,-0.9359744,0,0,0,1.448919,-0.2989153,-2.682493,-0.09921668,0.09493075,0.8821056,0.963943,-0.05520623,-0.2603192,0.08799668,0.9893394,0.1160348,0.2511382,-0.1347582,0.9585248,moving,4.188472,2.859111,-6.417492,6.142437,2.3393661145847666,13.91132222850765
05/11/2023 12:33:06.932472,372,True,True,True,True,Eyes,1.31552,-0.2756172,-3.560708,0.07751465,0.04670234,0.9958967,0.0,0.0,0.0,0.0,0.0,0.0,0.0,-2.221266,0.5809529,3.040697,1.314878,-0.2796151,-3.565148,0.06484532,0.1308386,-0.03689268,0.9885927,7.924331,14.85391,356.7602,0.3447412,-0.07193184,-0.9359367,0,0,0,1.453076,-0.3020669,-2.682425,-0.09823047,0.09487686,0.8832614,0.9630405,-0.05597512,-0.2634767,0.08991218,0.9888681,0.1185572,0.2539074,-0.1378651,0.9573527,moving,4.450588,2.684905,-6.345978,6.131004,2.597544029037115,13.736920397898968
05/11/2023 12:33:06.942740,373,True,True,True,True,Eyes,1.315863,-0.2758002,-3.560709,0.0820116,0.04368163,0.9956737,0.0,0.0,0.0,0.0,0.0,0.0,0.0,-2.231051,0.5885885,3.032383,1.315095,-0.2797931,-3.565335,0.06626789,0.1323029,-0.03723403,0.9882905,8.096235,15.01996,356.7538,0.3448319,-0.07198042,-0.9358995,0,0,0,1.457034,-0.305068,-2.682361,-0.09726863,0.09490817,0.8842854,0.9622192,-0.05606121,-0.2664422,0.09113093,0.9884444,0.1211315,0.2565725,-0.1408362,0.9562091,moving,4.708706,2.512037,-6.277122,6.125965,2.8517405345757645,13.563844837664444
05/11/2023 12:33:06.962830,374,True,True,True,True,Eyes,1.316182,-0.2759844,-3.560711,0.08674708,0.04047551,0.9954078,0.0,0.0,0.0,0.0,0.0,0.0,0.0,-2.24057,0.594866,3.024511,1.315403,-0.2799823,-3.565531,0.06740807,0.1337364,-0.03743357,0.988013,8.233786,15.184,356.7598,0.3449214,-0.07202869,-0.9358628,0,0,0,1.460979,-0.308059,-2.682297,-0.09633546,0.0944536,0.8853709,0.9614267,-0.05593988,-0.2693132,0.09199952,0.9881098,0.1231876,0.2592199,-0.1432125,0.9551415,moving,4.980588,2.328492,-6.209811,6.089427,3.1194438459623433,13.38006493335638
05/11/2023 12:33:06.982536,375,True,True,True,True,Eyes,1.316499,-0.2761653,-3.560721,0.09140356,0.03730713,0.9951149,0.0,0.0,0.0,0.0,0.0,0.0,0.0,-2.250101,0.6007423,3.01658,1.315615,-0.2801806,-3.565706,0.06860822,0.1351606,-0.03785312,0.9877204,8.381521,15.34521,356.7417,0.3450092,-0.07207673,-0.9358268,0,0,0,1.464995,-0.3111035,-2.682232,-0.09524499,0.09409574,0.8864938,0.9605975,-0.05623034,-0.2721958,0.09332285,0.9877201,0.125299,0.2618077,-0.145764,0.9540491,moving,5.248021,2.147029,-6.132341,6.0589,3.3827361662094377,13.198360592660817
05/11/2023 12:33:06.993146,376,True,True,True,True,Eyes,1.316802,-0.2763437,-3.560734,0.09615739,0.03403379,0.9947842,0.0,0.0,0.0,0.0,0.0,0.0,0.0,-2.259532,0.6054701,3.00888,1.315892,-0.2802646,-3.565855,0.06964426,0.1365689,-0.03825334,0.9874389,8.510305,15.50498,356.7236,0.3450954,-0.07212447,-0.9357914,0,0,0,1.469292,-0.3143617,-2.682162,-0.09389065,0.09314912,0.8877584,0.9597712,-0.05652317,-0.2750352,0.09456814,0.9873727,0.1270904,0.2643787,-0.1479873,0.9529972,moving,5.521147,1.959452,-6.037244,5.989911,3.651559150076288,13.010512000525935
05/11/2023 12:33:07.012770,377,True,True,True,True,Eyes,1.317103,-0.2765182,-3.560748,0.1008183,0.03082011,0.9944274,0.0,0.0,0.0,0.0,0.0,0.0,0.0,-2.267762,0.607848,3.00245,1.316055,-0.2803603,-3.565996,0.07032524,0.1378057,-0.03868249,0.9872019,8.598634,15.6449,356.6956,0.3451797,-0.07217187,-0.9357566,0,0,0,1.473322,-0.3174167,-2.682096,-0.09236902,0.09178679,0.8890599,0.9590265,-0.05699242,-0.2775248,0.09575729,0.987116,0.1281891,0.2666433,-0.1495118,0.9521279,moving,5.789055,1.77519,-5.931473,5.89435,3.9152374891335517,12.825980600402882
05/11/2023 12:33:07.032596,378,True,True,True,True,Eyes,1.317407,-0.2766954,-3.560767,0.1054261,0.02754251,0.9940456,0.0,0.0,0.0,0.0,0.0,0.0,0.0,-2.276151,0.6104366,2.995717,1.316298,-0.2804215,-3.566025,0.07111224,0.139046,-0.03922443,0.9869503,8.700907,15.78419,356.6566,0.3452623,-0.07221887,-0.9357226,0,0,0,1.477178,-0.3203403,-2.682034,-0.09108919,0.09068736,0.8901662,0.9582554,-0.05764937,-0.2800416,0.09720085,0.986809,0.1294605,0.2688842,-0.1512765,0.9512185,moving,6.054025,1.587116,-5.842643,5.817046,4.175831978858711,12.637575083252015
05/11/2023 12:33:07.042730,379,True,True,True,True,Eyes,1.317708,-0.2768735,-3.560787,0.1099241,0.0243257,0.9936422,0.0,0.0,0.0,0.0,0.0,0.0,0.0,-2.283092,0.6122851,2.991056,1.316115,-0.2800586,-3.566963,0.07175124,0.1400982,-0.03965473,0.986738,8.784033,15.90265,356.6266,0.3453434,-0.07226557,-0.9356891,0,0,0,1.481011,-0.3232467,-2.681972,-0.08930297,0.08909295,0.8923864,0.9576,-0.05815321,-0.282171,0.0983621,0.9865585,0.1304882,0.2707899,-0.1527105,0.9504485,moving,6.312818,1.402398,-5.714683,5.701332,4.430317577038422,12.452521821365329
05/11/2023 12:33:07.062730,380,True,True,True,True,Eyes,1.318014,-0.2770501,-3.560808,0.1143769,0.021048,0.9932144,0.0,0.0,0.0,0.0,0.0,0.0,0.0,-2.289743,0.6152885,2.985514,1.316367,-0.280239,-3.566993,0.07253885,0.1410613,-0.04014777,0.9865233,8.884847,16.01002,356.5911,0.345423,-0.07231201,-0.9356561,0,0,0,1.485195,-0.3264184,-2.681904,-0.08721595,0.08793513,0.8936893,0.9569798,-0.05874856,-0.284145,0.09967826,0.9862525,0.1317959,0.272496,-0.1544491,0.9496797,moving,6.56915,1.214019,-5.573897,5.619566,4.682204584338029,12.263750307462397
05/11/2023 12:33:07.072380,381,True,True,True,True,Eyes,1.318318,-0.2772223,-3.560824,0.1187297,0.01784449,0.9927663,0.0,0.0,0.0,0.0,0.0,0.0,0.0,-2.29567,0.619647,2.98014,1.3166,-0.2803321,-3.566971,0.07355169,0.141905,-0.0406622,0.9863062,9.011302,16.10303,356.5557,0.3455015,-0.07235819,-0.9356236,0,0,0,1.489079,-0.3293633,-2.68184,-0.08519164,0.08730449,0.8948344,0.9564191,-0.05933604,-0.2859052,0.1010855,0.9858735,0.1335486,0.2739421,-0.1566293,0.9489062,moving,6.819885,1.029753,-5.438385,5.572424,4.928591639697088,12.079100361311966
05/11/2023 12:33:07.092733,382,True,True,True,True,Eyes,1.318628,-0.2773973,-3.56084,0.122792,0.01462075,0.9923247,0.0,0.0,0.0,0.0,0.0,0.0,0.0,-2.302599,0.6209705,2.97451,1.316875,-0.2803788,-3.566862,0.07416274,0.142912,-0.04124131,0.9860909,9.093739,16.21492,356.5083,0.3455789,-0.07240402,-0.9355915,0,0,0,1.493068,-0.3323873,-2.681776,-0.08335093,0.08582775,0.8959986,0.9557506,-0.06013784,-0.2879656,0.1025328,0.9855981,0.1344747,0.2757313,-0.1580502,0.9481521,moving,7.054024,0.8441258,-5.314687,5.471671,5.158223650675449,11.892963374956818
05/11/2023 12:33:07.112582,383,True,True,True,True,Eyes,1.318937,-0.2775686,-3.560853,0.1267804,0.01142894,0.991865,0.0,0.0,0.0,0.0,0.0,0.0,0.0,-2.309931,0.6221589,2.968575,1.317112,-0.280579,-3.566762,0.0747027,0.144001,-0.04175685,0.9858701,9.167448,16.33701,356.468,0.3456554,-0.0724496,-0.9355597,0,0,0,1.49707,-0.3354217,-2.681711,-0.08161379,0.08436819,0.8971785,0.9550402,-0.06081912,-0.2901712,0.1038482,0.9853517,0.1352682,0.2776938,-0.1593203,0.9473665,moving,7.28406,0.6601713,-5.19773,5.372139,5.383779561347992,11.708490392901497
05/11/2023 12:33:07.122893,384,True,True,True,True,Eyes,1.319249,-0.2777397,-3.560858,0.1305728,0.008227801,0.9914047,0.0,0.0,0.0,0.0,0.0,0.0,0.0,-2.317676,0.6277081,2.961413,1.317397,-0.2806382,-3.566695,0.0758353,0.1451637,-0.04208702,0.985599,9.305897,16.46885,356.4593,0.3457313,-0.07249488,-0.9355282,0,0,0,1.501076,-0.3384589,-2.681646,-0.08009271,0.08381994,0.8983055,0.9543124,-0.06094478,-0.2925297,0.1049789,0.9849554,0.1372674,0.279763,-0.1617054,0.946353,moving,7.502951,0.4754944,-5.095006,5.330774,5.598089984559234,11.52321264196731
05/11/2023 12:33:07.142696,385,True,True,True,True,Eyes,1.319555,-0.2779157,-3.560867,0.1342844,0.005116999,0.9909296,0.0,0.0,0.0,0.0,0.0,0.0,0.0,-2.325266,0.628798,2.955083,1.317668,-0.2807729,-3.566466,0.07614117,0.1463649,-0.04216834,0.9853942,9.346349,16.6083,356.4664,0.3458066,-0.07253988,-0.9354969,0,0,0,1.505081,-0.3414953,-2.681581,-0.07852215,0.08181108,0.8994302,0.9535983,-0.06081609,-0.2948756,0.1053936,0.9848487,0.1377142,0.2820326,-0.162402,0.9455597,moving,7.717346,0.2958634,-4.989392,5.197253,5.808039777263352,11.34300710744863
05/11/2023 12:33:07.163452,386,True,True,True,True,Eyes,1.31987,-0.2780983,-3.560872,0.1378224,0.001876286,0.9904552,0.0,0.0,0.0,0.0,0.0,0.0,0.0,-2.331212,0.6307141,2.950149,1.317815,-0.2810593,-3.566525,0.07655574,0.1472894,-0.04231337,0.985218,9.399237,16.71474,356.4654,0.3458812,-0.07258476,-0.9354658,0,0,0,1.509242,-0.3446501,-2.681513,-0.07628207,0.08013081,0.9009406,0.9530309,-0.0608241,-0.296703,0.1059275,0.9846976,0.1383836,0.2837457,-0.1633128,0.9448901,moving,7.921869,0.1085391,-4.839654,5.082586,6.00779609446052,11.154956622313472
05/11/2023 12:33:07.174486,387,True,True,True,True,Eyes,1.320179,-0.278279,-3.560867,0.1412665,-0.001331127,0.9899707,0.0,0.0,0.0,0.0,0.0,0.0,0.0,-2.337974,0.6367308,2.943315,1.317978,-0.2813264,-3.566293,0.07782363,0.1482932,-0.04281978,0.9849463,9.555561,16.82642,356.4379,0.3459555,-0.07262971,-0.9354348,0,0,0,1.513258,-0.3476945,-2.681448,-0.07433887,0.08007151,0.9019709,0.9523512,-0.06126892,-0.2987863,0.1074318,0.9842199,0.1406044,0.2854567,-0.1660039,0.9439052,moving,8.121149,-0.07704055,-4.711569,5.073073,6.202330839366672,10.968635293196202
05/11/2023 12:33:07.192550,388,True,True,True,True,Eyes,1.320494,-0.2784652,-3.560859,0.144548,-0.004553697,0.9894873,0.0,0.0,0.0,0.0,0.0,0.0,0.0,-2.342532,0.6423829,2.938235,1.318155,-0.2814425,-3.566033,0.07896496,0.1489523,-0.0432097,0.9847389,9.694347,16.89897,356.4185,0.3460295,-0.07267468,-0.9354039,0,0,0,1.51734,-0.3507896,-2.681381,-0.07168435,0.07960618,0.9031147,0.9518923,-0.06157652,-0.3001823,0.1086246,0.9837949,0.1426474,0.2865341,-0.1683921,0.9431555,moving,8.311193,-0.2636777,-4.538313,5.037389,6.387531186711332,10.781183085026482
05/11/2023 12:33:07.212859,389,True,True,True,True,Eyes,1.320809,-0.278655,-3.560852,0.1477378,-0.007762939,0.9889961,0.0,0.0,0.0,0.0,0.0,0.0,0.0,-2.34625,0.647436,2.93404,1.318298,-0.2817034,-3.565864,0.07984881,0.1495104,-0.04336633,0.9845761,9.799561,16.96216,356.4207,0.3461033,-0.07271982,-0.9353731,0,0,0,1.521231,-0.35374,-2.681318,-0.0690148,0.07893851,0.9043218,0.951532,-0.06151845,-0.3013343,0.1092714,0.9834871,0.144267,0.2874833,-0.1702019,0.9425415,moving,8.496107,-0.4497232,-4.364162,4.98872,6.567585738727024,10.594294923083615
05/11/2023 12:33:07.222733,390,True,True,True,True,Eyes,1.321137,-0.2788445,-3.560837,0.1508503,-0.01105216,0.9884949,0.0,0.0,0.0,0.0,0.0,0.0,0.0,-2.350362,0.6554453,2.929082,1.3186,-0.2819606,-3.565827,0.08124721,0.1500772,-0.0436222,0.9843642,9.965031,17.02506,356.4204,0.3461768,-0.07276521,-0.9353424,0,0,0,1.525342,-0.3568568,-2.681252,-0.06638028,0.07908352,0.9056299,0.9511479,-0.06149356,-0.3025496,0.110267,0.982992,0.1468603,0.2883729,-0.1730471,0.9417514,moving,8.676742,-0.6405858,-4.192133,4.990655,6.743173089192197,10.402507389758668
05/11/2023 12:33:07.242604,391,True,True,True,True,Eyes,1.321465,-0.2790361,-3.560818,0.1539222,-0.01429214,0.9879796,0.0,0.0,0.0,0.0,0.0,0.0,0.0,-2.356588,0.6616883,2.922472,1.318978,-0.2820888,-3.565517,0.08240975,0.1510116,-0.04383104,0.9841154,10.10423,17.13177,356.4255,0.3462507,-0.07281082,-0.9353116,0,0,0,1.529205,-0.3597855,-2.681189,-0.06463298,0.07875837,0.9065802,0.9505486,-0.06137994,-0.30445,0.1111593,0.982575,0.1489634,0.2900016,-0.1754394,0.9408082,moving,8.855206,-0.8287843,-4.077899,4.965056,6.916662306182355,10.21339920275353
05/11/2023 12:33:07.263121,392,True,True,True,True,Eyes,1.321784,-0.2792284,-3.560787,0.1570791,-0.01759614,0.9874293,0.0,0.0,0.0,0.0,0.0,0.0,0.0,-2.363858,0.666627,2.915479,1.319297,-0.2823132,-3.565388,0.08337441,0.1521243,-0.04404648,0.983853,10.2217,17.25952,356.4286,0.3463247,-0.07285668,-0.9352806,0,0,0,1.533484,-0.3630292,-2.681119,-0.06279761,0.0779358,0.907912,0.9498363,-0.061304,-0.3066806,0.1120371,0.9822172,0.1506552,0.2919911,-0.1774574,0.9398139,moving,9.038811,-1.020911,-3.956679,4.906283,7.095198428414594,10.020353269290052
05/11/2023 12:33:07.272734,393,True,True,True,True,Eyes,1.322101,-0.2794251,-3.560755,0.1601969,-0.02087552,0.9868643,0.0,0.0,0.0,0.0,0.0,0.0,0.0,-2.372504,0.6730731,2.906812,1.31965,-0.2825044,-3.565119,0.08464967,0.1534529,-0.04434077,0.9835247,10.37666,17.41176,356.4305,0.3463988,-0.07290282,-0.9352495,0,0,0,1.537251,-0.3658853,-2.681058,-0.06188653,0.07794876,0.9088236,0.9489722,-0.06124101,-0.3093564,0.1132,0.9817366,0.1529016,0.2943426,-0.1801185,0.9385732,moving,9.22035,-1.211819,-3.895555,4.902196,7.2716945021955475,9.828525856911146
05/11/2023 12:33:07.292929,394,True,True,True,True,Eyes,1.32242,-0.2796243,-3.560715,0.1633912,-0.02418013,0.986265,0.0,0.0,0.0,0.0,0.0,0.0,0.0,-2.380156,0.6795362,2.899055,1.319887,-0.2827868,-3.565019,0.08591843,0.1546212,-0.04467315,0.9832165,10.53101,17.54492,356.4266,0.346473,-0.07294933,-0.9352184,0,0,0,1.541255,-0.3689209,-2.680993,-0.0603995,0.07795537,0.9100546,0.9481932,-0.06127714,-0.3117288,0.1144164,0.9812447,0.155138,0.2963759,-0.1827677,0.9374206,moving,9.406566,-1.404432,-3.7971,4.89601,7.452843560915678,9.635005607042906
05/11/2023 12:33:07.312505,395,True,True,True,True,Eyes,1.322737,-0.2798289,-3.560676,0.1665477,-0.0274645,0.9856508,0.0,0.0,0.0,0.0,0.0,0.0,0.0,-2.388405,0.6853936,2.890739,1.320203,-0.2830066,-3.56477,0.08719014,0.1558702,-0.04512636,0.9828866,10.68817,17.6864,356.4102,0.3465473,-0.07299625,-0.9351872,0,0,0,1.545403,-0.3720657,-2.680926,-0.05895047,0.07780959,0.911207,0.9473362,-0.06152751,-0.3142746,0.1158889,0.980723,0.1573283,0.2985363,-0.1854637,0.9362047,moving,9.590809,-1.596095,-3.701588,4.880749,7.632037355238619,9.4424328006395
05/11/2023 12:33:07.322349,396,True,True,True,True,Eyes,1.323071,-0.2800362,-3.560637,0.1697431,-0.03077098,0.9850079,0.0,0.0,0.0,0.0,0.0,0.0,0.0,-2.396583,0.6910766,2.882691,1.320487,-0.283316,-3.564709,0.08848982,0.1570843,-0.04570369,0.9825504,10.85068,17.82255,356.3799,0.3466218,-0.07304368,-0.9351559,0,0,0,1.549533,-0.3751976,-2.680859,-0.05749846,0.07788309,0.912537,0.9464714,-0.06201162,-0.3167751,0.1176131,0.9801615,0.1595327,0.3005978,-0.18825,0.9349881,moving,9.777555,-1.7893,-3.605409,4.878251,7.813700549316765,9.248317480025952
05/11/2023 12:33:07.342785,397,True,True,True,True,Eyes,1.323408,-0.280243,-3.560594,0.1729409,-0.03404072,0.9843438,0.0,0.0,0.0,0.0,0.0,0.0,0.0,-2.405734,0.6959609,2.873855,1.320877,-0.2835351,-3.564527,0.08971822,0.1584532,-0.04630461,0.9821911,11.00619,17.97672,356.3478,0.3466966,-0.07309163,-0.9351244,0,0,0,1.553367,-0.378104,-2.680796,-0.05668306,0.07789792,0.9136158,0.9454969,-0.06252768,-0.3195712,0.1193922,0.9796131,0.1615666,0.3029538,-0.1909151,0.9336865,moving,9.964687,-1.980622,-3.550226,4.873442,7.995814458886093,9.056108740401982
05/11/2023 12:33:07.362849,398,True,True,True,True,Eyes,1.323742,-0.2804426,-3.560546,0.1763271,-0.03735882,0.9836224,0.0,0.0,0.0,0.0,0.0,0.0,0.0,-2.417029,0.6991936,2.863557,1.321304,-0.2837075,-3.564341,0.09077995,0.1601755,-0.04697477,0.9817823,11.14547,18.17185,356.3093,0.3467721,-0.07314003,-0.9350926,0,0,0,1.557391,-0.3811552,-2.680731,-0.05635843,0.07743891,0.9147823,0.9442744,-0.06315653,-0.3230436,0.1213194,0.9791048,0.1632038,0.3059861,-0.1933007,0.9322056,moving,10.16307,-2.175097,-3.525455,4.838714,8.189152860060418,8.86078684126451
05/11/2023 12:33:07.372884,399,True,True,True,True,Eyes,1.32409,-0.2806431,-3.560495,0.1798126,-0.04060611,0.9828625,0.0,0.0,0.0,0.0,0.0,0.0,0.0,-2.431847,0.6984956,2.851331,1.321907,-0.2837226,-3.564257,0.09148508,0.1624335,-0.04792911,0.9812996,11.25168,18.4271,356.2383,0.346848,-0.07318867,-0.9350607,0,0,0,1.561419,-0.3842084,-2.680665,-0.05719215,0.07619558,0.9160349,0.9426363,-0.06434514,-0.3275615,0.1237861,0.9786665,0.1639779,0.3100223,-0.1951191,0.9304916,moving,10.36749,-2.36578,-3.572594,4.754905,8.388694772821838,8.669339498687854
05/11/2023 12:33:07.392627,400,True,True,True,True,Eyes,1.324439,-0.2808461,-3.560447,0.1834654,-0.04379321,0.9820502,0.0,0.0,0.0,0.0,0.0,0.0,0.0,-2.450479,0.6995381,2.835182,1.322557,-0.283937,-3.564082,0.09210609,0.1654544,-0.04818967,0.9807238,11.33865,18.78008,356.2549,0.3469245,-0.07323754,-0.9350285,0,0,0,1.565383,-0.3872141,-2.680601,-0.05954129,0.07483059,0.9170736,0.9406052,-0.06404277,-0.3334073,0.1250002,0.9783884,0.1647149,0.315653,-0.1966076,0.9282826,moving,10.58195,-2.553337,-3.714732,4.664838,8.598448788210792,8.481119972673412
05/11/2023 12:33:07.422619,401,True,True,True,True,Eyes,1.324788,-0.2810503,-3.560402,0.1871974,-0.04693744,0.9812003,0.0,0.0,0.0,0.0,0.0,0.0,0.0,-2.469639,0.7023315,2.818017,1.322995,-0.2842013,-3.564059,0.092708,0.1686843,-0.04794769,0.9801286,11.41462,19.16364,356.3318,0.3470018,-0.07328667,-0.9349959,0,0,0,1.569479,-0.3903198,-2.680535,-0.06202625,0.07334216,0.9183708,0.9384933,-0.062713,-0.3395549,0.1252666,0.9782125,0.1655554,0.3217744,-0.1979075,0.9259017,moving,10.80132,-2.738756,-3.863856,4.566017,8.81321704891053,8.295095036388556
05/11/2023 12:33:07.432930,402,True,True,True,True,Eyes,1.325148,-0.2812581,-3.56037,0.1909882,-0.05012054,0.9803119,0.0,0.0,0.0,0.0,0.0,0.0,0.0,-2.486953,0.7068962,2.801724,1.323336,-0.2844275,-3.564012,0.09365819,0.1715991,-0.04786513,0.9795361,11.53172,19.50871,356.3939,0.3470796,-0.07333606,-0.9349632,0,0,0,1.573559,-0.3934127,-2.680468,-0.06389092,0.07253385,0.9196711,0.9365253,-0.0616279,-0.345141,0.1259146,0.9778742,0.1670559,0.3272091,-0.1999104,0.9235638,moving,11.02449,-2.926821,-3.974038,4.509545,9.031724247298033,8.10641991711082
05/11/2023 12:33:07.448476,403,True,True,True,True,Eyes,1.325523,-0.281457,-3.560344,0.1948366,-0.05328732,0.9793871,0.0,0.0,0.0,0.0,0.0,0.0,0.0,-2.502416,0.7132723,2.786706,1.323704,-0.2846878,-3.564174,0.09508719,0.1741188,-0.04817664,0.9789383,11.70928,19.80326,356.416,0.3471581,-0.07338577,-0.9349301,0,0,0,1.577421,-0.3963407,-2.680406,-0.06538682,0.07292055,0.9210274,0.9347233,-0.06121096,-0.3500651,0.1274368,0.9772749,0.1693921,0.3317412,-0.2029459,0.9212821,moving,11.25138,-3.114326,-4.060806,4.526839,9.253995496076413,7.918335848556678
05/11/2023 12:33:07.464470,404,True,True,True,True,Eyes,1.325914,-0.2816508,-3.560326,0.1987466,-0.05640132,0.9784266,0.0,0.0,0.0,0.0,0.0,0.0,0.0,-2.519645,0.7165166,2.770663,1.324434,-0.2846493,-3.564188,0.09629722,0.1768675,-0.04878517,0.9782969,11.86881,20.12179,356.4035,0.3472375,-0.07343549,-0.9348968,0,0,0,1.582044,-0.3998456,-2.680331,-0.06683235,0.07213193,0.9225868,0.9326758,-0.06138908,-0.3554536,0.1295165,0.9766937,0.1711575,0.336662,-0.2056715,0.9188895,moving,11.4822,-3.29916,-4.143279,4.470544,9.480311814247314,7.732978781869229
05/11/2023 12:33:07.482497,405,True,True,True,True,Eyes,1.326304,-0.2818429,-3.560313,0.2027124,-0.0594409,0.9774325,0.0,0.0,0.0,0.0,0.0,0.0,0.0,-2.537013,0.7145735,2.755524,1.324882,-0.2846936,-3.564211,0.09663008,0.1797322,-0.04929601,0.9777162,11.9275,20.45505,356.3868,0.347318,-0.07348505,-0.934863,0,0,0,1.585743,-0.4026502,-2.68027,-0.06907298,0.07038635,0.9238977,0.9305325,-0.06165993,-0.3609812,0.1311301,0.976465,0.1712334,0.3419273,-0.2066738,0.9167179,moving,11.71663,-3.48006,-4.275626,4.356614,9.710392626040933,7.551623673855596
05/11/2023 12:33:07.492460,406,True,True,True,True,Eyes,1.326691,-0.2820397,-3.560304,0.2066736,-0.06245914,0.9764143,0.0,0.0,0.0,0.0,0.0,0.0,0.0,-2.553762,0.7130782,2.740638,1.325246,-0.2848328,-3.564249,0.09707057,0.1824968,-0.04990136,0.9771296,12.00018,20.77565,356.3606,0.3473994,-0.07353444,-0.9348288,0,0,0,1.589489,-0.4054908,-2.68021,-0.07103594,0.06894954,0.925261,0.9284096,-0.06209003,-0.366334,0.1329503,0.9761743,0.1714874,0.3469582,-0.2079147,0.9145445,moving,11.95117,-3.660102,-4.390211,4.261748,9.940612472545459,7.371136871380611
05/11/2023 12:33:07.512390,407,True,True,True,True,Eyes,1.327076,-0.2822355,-3.560301,0.2106133,-0.06541966,0.975378,0.0,0.0,0.0,0.0,0.0,0.0,0.0,-2.568259,0.7149939,2.726768,1.325568,-0.2851323,-3.564267,0.0978599,0.1849107,-0.05029687,0.9765767,12.10689,21.05762,356.3617,0.3474816,-0.07358379,-0.9347944,0,0,0,1.593482,-0.4085174,-2.680145,-0.07211918,0.06815921,0.9267294,0.9265565,-0.06204678,-0.3710031,0.1344282,0.9757873,0.1725345,0.3513149,-0.2097362,0.9124629,moving,12.18479,-3.837143,-4.449857,4.206423,10.17000489609872,7.193678414858513
05/11/2023 12:33:07.532521,408,True,True,True,True,Eyes,1.327441,-0.2824273,-3.560292,0.2144851,-0.06837504,0.974331,0.0,0.0,0.0,0.0,0.0,0.0,0.0,-2.579505,0.7157221,2.71624,1.325893,-0.2852896,-3.564363,0.09851024,0.1867347,-0.05083814,0.9761359,12.19886,21.26802,356.3362,0.3475643,-0.07363306,-0.9347597,0,0,0,1.597525,-0.4115828,-2.680079,-0.0720565,0.06703863,0.9284426,0.9250913,-0.0624593,-0.3745731,0.1360404,0.9754224,0.1733323,0.3545407,-0.2113052,0.9108517,moving,12.41484,-4.01423,-4.437834,4.129901,10.39580124164926,7.01614964208304
05/11/2023 12:33:07.542670,409,True,True,True,True,Eyes,1.327808,-0.2826163,-3.560288,0.2183179,-0.07127611,0.9732713,0.0,0.0,0.0,0.0,0.0,0.0,0.0,-2.590363,0.7173429,2.705742,1.326289,-0.2853974,-3.564422,0.09941699,0.1884529,-0.05155472,0.9756761,12.32337,21.46411,356.295,0.3476471,-0.07368217,-0.934725,0,0,0,1.601501,-0.4145973,-2.680015,-0.07193869,0.06642769,0.9300663,0.9236552,-0.06313059,-0.3779888,0.1380723,0.9749168,0.1745663,0.3574872,-0.2134288,0.9092036,moving,12.64294,-4.188496,-4.422903,4.085272,10.619727145324301,6.841460339574825
05/11/2023 12:33:07.562823,410,True,True,True,True,Eyes,1.328162,-0.2827997,-3.560278,0.2220156,-0.07415672,0.9722191,0.0,0.0,0.0,0.0,0.0,0.0,0.0,-2.600112,0.7183126,2.696371,1.326688,-0.285507,-3.564457,0.1000902,0.1900152,-0.05208888,0.975276,12.41708,21.64378,356.2681,0.34773,-0.07373106,-0.9346904,0,0,0,1.605619,-0.4177198,-2.679948,-0.0713729,0.06527822,0.9318185,0.922362,-0.06356477,-0.3810616,0.1396394,0.9745374,0.1754357,0.3602072,-0.2150264,0.9077524,moving,12.86347,-4.361831,-4.380034,4.007289,10.836061650511455,6.667661950425717
05/11/2023 12:33:07.582803,411,True,True,True,True,Eyes,1.328518,-0.2829764,-3.560273,0.2256535,-0.07697185,0.9711621,0.0,0.0,0.0,0.0,0.0,0.0,0.0,-2.609161,0.7165542,2.688231,1.32703,-0.2855693,-3.564435,0.1003344,0.1914782,-0.0526334,0.9749354,12.4622,21.81124,356.2299,0.3478127,-0.07377964,-0.9346557,0,0,0,1.609604,-0.4207411,-2.679883,-0.07063022,0.06338001,0.9335663,0.9211317,-0.06420463,-0.3839195,0.141052,0.9743255,0.1754828,0.3627958,-0.2157954,0.9065382,moving,13.0808,-4.531645,-4.326548,3.883862,11.049290184252907,6.497402506552467
05/11/2023 12:33:07.592462,412,True,True,True,True,Eyes,1.32888,-0.2831502,-3.560275,0.2291564,-0.07979665,0.9701133,0.0,0.0,0.0,0.0,0.0,0.0,0.0,-2.616984,0.7163056,2.681006,1.327467,-0.2855704,-3.564516,0.1008365,0.1926894,-0.05323356,0.9746124,12.53689,21.94838,356.1876,0.3478953,-0.07382772,-0.9346212,0,0,0,1.613578,-0.4237537,-2.679818,-0.06957349,0.06195678,0.9353955,0.9200739,-0.06490389,-0.3863306,0.1426244,0.9739963,0.176038,0.3648591,-0.2170681,0.9054056,moving,13.29057,-4.702278,-4.253753,3.789503,11.254879711936953,6.326264519177296
05/11/2023 12:33:07.612690,413,True,True,True,True,Eyes,1.329239,-0.2833174,-3.560281,0.2325849,-0.08253402,0.9690678,0.0,0.0,0.0,0.0,0.0,0.0,0.0,-2.623838,0.7166105,2.674423,1.32774,-0.2856537,-3.564562,0.1013235,0.1937775,-0.05371686,0.9743195,12.60692,22.07232,356.157,0.3479778,-0.07387529,-0.9345867,0,0,0,1.617713,-0.4268889,-2.679751,-0.06797761,0.06049903,0.9373588,0.9191296,-0.06540633,-0.3884879,0.1439432,0.9736961,0.1766247,0.3667168,-0.2182612,0.9043676,moving,13.49621,-4.868046,-4.14785,3.692863,11.45647116513973,6.160018270355847
05/11/2023 12:33:07.622371,414,True,True,True,True,Eyes,1.329598,-0.2834841,-3.560291,0.2358737,-0.08528791,0.9680339,0.0,0.0,0.0,0.0,0.0,0.0,0.0,-2.629606,0.7156872,2.669265,1.328025,-0.2856548,-3.564654,0.1015593,0.1946859,-0.05412875,0.9740911,12.64632,22.17556,356.1269,0.3480603,-0.07392221,-0.9345523,0,0,0,1.62173,-0.4299345,-2.679686,-0.06615469,0.05857284,0.9393832,0.918335,-0.06590834,-0.3902781,0.144997,0.9735116,0.1767797,0.368289,-0.2189321,0.9035662,moving,13.69399,-5.035002,-4.028321,3.567913,11.650109386781999,5.992518361097979
05/11/2023 12:33:07.642868,415,True,True,True,True,Eyes,1.329959,-0.2836482,-3.5603,0.2390949,-0.08795458,0.9670045,0.0,0.0,0.0,0.0,0.0,0.0,0.0,-2.635822,0.7162104,2.66325,1.328374,-0.2858025,-3.56471,0.1019754,0.1956734,-0.05447628,0.9738303,12.70508,22.28918,356.1092,0.3481424,-0.07396852,-0.934518,0,0,0,1.625604,-0.4328715,-2.679623,-0.06470525,0.05718181,0.9412208,0.9174885,-0.06619355,-0.3922158,0.146009,0.9732667,0.1772944,0.3699948,-0.2199326,0.9026259,moving,13.88802,-5.197078,-3.932673,3.476606,11.840132642747882,5.829927891397826
05/11/2023 12:33:07.662470,416,True,True,True,True,Eyes,1.330307,-0.2838075,-3.560309,0.2421776,-0.09068719,0.9659843,0.0,0.0,0.0,0.0,0.0,0.0,0.0,-2.641164,0.7166592,2.657999,1.328774,-0.2859028,-3.564677,0.1022196,0.1965474,-0.05458155,0.9736226,12.73854,22.39216,356.1141,0.3482246,-0.07401422,-0.9344838,0,0,0,1.629631,-0.4359247,-2.679558,-0.06289881,0.05526148,0.9431058,0.9167799,-0.06610166,-0.3938847,0.1464657,0.973144,0.177591,0.3715675,-0.2205024,0.9018404,moving,14.07428,-5.363242,-3.815593,3.353424,12.022197708376439,5.6631520080497975
05/11/2023 12:33:07.682489,417,True,True,True,True,Eyes,1.33066,-0.2839541,-3.560327,0.2451984,-0.09336827,0.9649664,0.0,0.0,0.0,0.0,0.0,0.0,0.0,-2.645895,0.7177716,2.653244,1.329025,-0.2859449,-3.56477,0.1028187,0.1972538,-0.05509385,0.973388,12.82065,22.47053,356.078,0.3483063,-0.07405926,-0.9344498,0,0,0,1.633999,-0.4392359,-2.679487,-0.06037301,0.05392263,0.945347,0.9161112,-0.06669261,-0.3953383,0.1478181,0.9727859,0.1784301,0.3726796,-0.2219,0.9010384,moving,14.25715,-5.526624,-3.654137,3.264616,12.200941139433997,5.499166558637466
05/11/2023 12:33:07.692963,418,True,True,True,True,Eyes,1.331025,-0.2840974,-3.560354,0.2482077,-0.09604168,0.9639341,0.0,0.0,0.0,0.0,0.0,0.0,0.0,-2.652013,0.7176978,2.647597,1.329471,-0.2857724,-3.564951,0.1034218,0.198142,-0.05580968,0.9731028,12.90861,22.56803,356.0213,0.3483878,-0.07410335,-0.9344159,0,0,0,1.637703,-0.4420448,-2.679427,-0.05902338,0.05280997,0.947264,0.9152501,-0.06763271,-0.3971689,0.1496015,0.9723784,0.1791637,0.3740811,-0.2233966,0.9000874,moving,14.43967,-5.689893,-3.565452,3.190937,12.379335886704041,5.335293036254107
05/11/2023 12:33:07.713606,419,True,True,True,True,Eyes,1.331393,-0.2842373,-3.56039,0.251232,-0.09862939,0.9628887,0.0,0.0,0.0,0.0,0.0,0.0,0.0,-2.661307,0.7154768,2.639282,1.329966,-0.285824,-3.565076,0.103402,0.1996987,-0.05601909,0.9727746,12.91748,22.7509,356.0178,0.3484692,-0.07414646,-0.9343822,0,0,0,1.641935,-0.4452529,-2.679358,-0.05846348,0.05023171,0.9493669,0.9139646,-0.06768942,-0.4001086,0.1502864,0.9723397,0.1787997,0.3769387,-0.2235475,0.8988569,moving,14.6233,-5.848452,-3.523913,3.028738,12.559003502710587,5.176189461026546
05/11/2023 12:33:07.722943,420,True,True,True,True,Eyes,1.331748,-0.2843773,-3.560431,0.254274,-0.1013354,0.9618087,0.0,0.0,0.0,0.0,0.0,0.0,0.0,-2.671128,0.7174257,2.629348,1.330401,-0.2858887,-3.565305,0.1036508,0.2014578,-0.05559128,0.9724098,12.94295,22.96622,356.0962,0.3485505,-0.0741886,-0.9343485,0,0,0,1.645952,-0.4482988,-2.679293,-0.05858538,0.04813643,0.9514295,0.9126487,-0.06635247,-0.4033233,0.1498775,0.9723322,0.1791836,0.380275,-0.2239808,0.8973425,moving,14.80853,-6.014448,-3.523605,2.896341,12.740037018773153,5.009576584387529
05/11/2023 12:33:07.742429,421,True,True,True,True,Eyes,1.332099,-0.2845137,-3.560477,0.2572839,-0.1039846,0.9607248,0.0,0.0,0.0,0.0,0.0,0.0,0.0,-2.679588,0.7220741,2.61985,1.330591,-0.2860481,-3.565515,0.1041845,0.2030361,-0.05500423,0.9720579,12.99597,23.16245,356.197,0.3486314,-0.07422986,-0.9343151,0,0,0,1.649664,-0.4511125,-2.679232,-0.05849376,0.04685447,0.9533805,0.9115018,-0.06462816,-0.4061868,0.149241,0.9722402,0.1802111,0.3832645,-0.2248825,0.8958439,moving,14.99212,-6.177395,-3.510927,2.813572,12.919519740196705,4.846035788586304
05/11/2023 12:33:07.762712,422,True,True,True,True,Eyes,1.332459,-0.2846507,-3.560534,0.2601906,-0.1067352,0.9596397,0.0,0.0,0.0,0.0,0.0,0.0,0.0,-2.686251,0.7264732,2.612098,1.330842,-0.2860955,-3.565637,0.1048326,0.2042411,-0.05468873,0.9717535,13.06653,23.31111,356.2644,0.3487118,-0.07427022,-0.9342819,0,0,0,1.653666,-0.454147,-2.679167,-0.05741775,0.04559264,0.9554633,0.9105895,-0.06346568,-0.4084102,0.1491102,0.9720385,0.1814036,0.3854776,-0.2260824,0.8945914,moving,15.1701,-6.346594,-3.439005,2.731958,13.09314781133569,4.676135838743471
05/11/2023 12:33:07.782288,423,True,True,True,True,Eyes,1.332815,-0.2847866,-3.560595,0.263025,-0.1094384,0.958562,0.0,0.0,0.0,0.0,0.0,0.0,0.0,-2.691772,0.7315452,2.605344,1.331123,-0.2862204,-3.565782,0.1056397,0.2052062,-0.05451179,0.9714727,13.15726,23.4298,356.3166,0.3487919,-0.07430977,-0.9342489,0,0,0,1.657764,-0.4572539,-2.679101,-0.05584562,0.04471394,0.9576178,0.9098378,-0.06255757,-0.4102215,0.1492693,0.9717374,0.1828799,0.3871871,-0.2276245,0.8934613,moving,15.34404,-6.513223,-3.337551,2.673364,13.262792788761805,4.508807623808297
05/11/2023 12:33:07.792893,424,True,True,True,True,Eyes,1.333183,-0.2849174,-3.560667,0.2657942,-0.1121619,0.9574827,0.0,0.0,0.0,0.0,0.0,0.0,0.0,-2.695416,0.7371337,2.60035,1.331391,-0.2863261,-3.565932,0.1064493,0.2058424,-0.05427223,0.9712632,13.24549,23.51017,356.3716,0.3488716,-0.07434856,-0.934216,0,0,0,1.661764,-0.4602863,-2.679036,-0.0537301,0.0438918,0.9597812,0.9093669,-0.06160168,-0.4114087,0.1492488,0.9714462,0.1844376,0.3882997,-0.2291237,0.8925949,moving,15.51449,-6.681319,-3.204166,2.618372,13.428875405379959,4.339972772910269
05/11/2023 12:33:07.812989,425,True,True,True,True,Eyes,1.333548,-0.2850452,-3.560745,0.268498,-0.1148425,0.9564099,0.0,0.0,0.0,0.0,0.0,0.0,0.0,-2.699444,0.7400706,2.595692,1.331717,-0.2862968,-3.566074,0.1072064,0.206452,-0.05456258,0.9710342,13.34012,23.58061,356.3645,0.3489511,-0.0743865,-0.9341833,0,0,0,1.665769,-0.4633229,-2.678971,-0.05154788,0.04299287,0.9619647,0.908801,-0.06169835,-0.4126427,0.1502302,0.9710594,0.185673,0.3892449,-0.2307312,0.8917689,moving,15.68131,-6.8471,-3.067321,2.559005,13.591379344852951,4.173454545746894
05/11/2023 12:33:07.832225,426,True,True,True,True,Eyes,1.333904,-0.2851743,-3.560828,0.2717321,-0.1177718,0.9551395,0.0,0.0,0.0,0.0,0.0,0.0,0.0,-2.704262,0.7416006,2.590691,1.332002,-0.2863336,-3.566296,0.10794,0.207155,-0.0551565,0.9707696,13.43969,23.65831,356.3235,0.3490302,-0.07442358,-0.9341508,0,0,0,1.669899,-0.4664547,-2.678904,-0.04939997,0.04216017,0.9642954,0.9080891,-0.06236786,-0.4141068,0.1518091,0.9706134,0.1867179,0.3902925,-0.2324217,0.8908715,moving,15.88077,-7.029278,-2.932647,2.503447,13.786207439505063,3.990574016633891
05/11/2023 12:33:07.842812,427,True,True,True,True,Eyes,1.334258,-0.285303,-3.560908,0.2748906,-0.1206487,0.9538758,0.0,0.0,0.0,0.0,0.0,0.0,0.0,-2.70899,0.7443852,2.58537,1.332253,-0.2864708,-3.566498,0.1087517,0.2078763,-0.0555819,0.9705005,13.54421,23.74051,356.304,0.3491089,-0.07445993,-0.9341185,0,0,0,1.673937,-0.4695157,-2.678838,-0.04737684,0.04158843,0.9665504,0.9073963,-0.06267071,-0.4155773,0.1530983,0.9701675,0.1879789,0.3913988,-0.2341955,0.8899211,moving,16.07607,-7.208643,-2.806188,2.463785,13.976939623608953,3.8105101333080427
05/11/2023 12:33:07.862671,428,True,True,True,True,Eyes,1.334626,-0.2854403,-3.561006,0.2783471,-0.1236976,0.9524819,0.0,0.0,0.0,0.0,0.0,0.0,0.0,-2.714319,0.7459552,2.579467,1.332547,-0.2865754,-3.566485,0.1094681,0.2087018,-0.05611498,0.9702122,13.64097,23.83365,356.2715,0.349187,-0.07449561,-0.9340864,0,0,0,1.67788,-0.4725049,-2.678774,-0.04557744,0.04084902,0.9685607,0.9065893,-0.06319447,-0.4172557,0.1545792,0.9697357,0.1889919,0.3926845,-0.2358371,0.8889206,moving,16.29013,-7.399518,-2.694173,2.415016,14.186181532561617,3.618932923658927
05/11/2023 12:33:07.882570,429,True,True,True,True,Eyes,1.33499,-0.2855777,-3.561102,0.2816829,-0.1267374,0.9511006,0.0,0.0,0.0,0.0,0.0,0.0,0.0,-2.717205,0.7513559,2.575266,1.332679,-0.2868498,-3.56671,0.1104857,0.2091382,-0.05630618,0.9699916,13.76215,23.88528,356.2799,0.3492649,-0.07453086,-0.9340546,0,0,0,1.681883,-0.4755405,-2.678709,-0.0429984,0.04081592,0.9708652,0.9061817,-0.06301948,-0.4181666,0.1554466,0.9692451,0.1907888,0.3932825,-0.2378919,0.8881083,moving,16.49746,-7.590145,-2.535901,2.407341,14.388655312042507,3.4275616083323914
05/11/2023 12:33:07.892859,430,True,True,True,True,Eyes,1.335353,-0.2857158,-3.561202,0.2852471,-0.1299576,0.9496026,0.0,0.0,0.0,0.0,0.0,0.0,0.0,-2.719941,0.7586511,2.570424,1.332921,-0.2869725,-3.566746,0.1118828,0.2095258,-0.05656281,0.9697329,13.9276,23.93104,356.2892,0.3493424,-0.07456575,-0.9340228,0,0,0,1.685907,-0.4785906,-2.678644,-0.04036602,0.04133928,0.9729875,0.9057991,-0.06281698,-0.419025,0.1565863,0.9685658,0.1932901,0.3937114,-0.2406956,0.8871623,moving,16.71952,-7.792789,-2.375649,2.43286,14.605564379922006,3.2241374403105683
05/11/2023 12:33:07.912514,431,True,True,True,True,Eyes,1.335718,-0.2858545,-3.5613,0.2887233,-0.133131,0.9481112,0.0,0.0,0.0,0.0,0.0,0.0,0.0,-2.724298,0.7644938,2.56451,1.333295,-0.2870921,-3.566913,0.113125,0.2101734,-0.05688336,0.9694299,14.07809,24.00689,356.2915,0.3494196,-0.07460031,-0.9339911,0,0,0,1.689994,-0.4816893,-2.678577,-0.03834012,0.04154526,0.9752159,0.9051828,-0.06273714,-0.4203666,0.1578406,0.9679341,0.1954226,0.3946269,-0.2432441,0.8860597,moving,16.93679,-7.993043,-2.251395,2.439388,14.817729261590925,3.023097998417696
05/11/2023 12:33:07.922807,432,True,True,True,True,Eyes,1.33609,-0.2860002,-3.56141,0.2923031,-0.1364326,0.9465438,0.0,0.0,0.0,0.0,0.0,0.0,0.0,-2.729594,0.7691174,2.557768,1.333723,-0.2872312,-3.566943,0.1141194,0.2110243,-0.05708242,0.9691167,14.19847,24.10836,356.3051,0.3494965,-0.0746346,-0.9339597,0,0,0,1.694004,-0.48473,-2.678512,-0.03677163,0.04125433,0.9772733,0.9044207,-0.06247514,-0.4220427,0.158803,0.9674367,0.1970984,0.3959858,-0.2452815,0.8848911,moving,17.16126,-8.201991,-2.154838,2.417232,15.036857143733306,2.813315569774648
05/11/2023 12:33:07.943033,433,True,True,True,True,Eyes,1.336456,-0.286147,-3.561525,0.2957952,-0.1397341,0.944976,0.0,0.0,0.0,0.0,0.0,0.0,0.0,-2.736221,0.7744873,2.549533,1.333957,-0.2874885,-3.567178,0.1154317,0.2120814,-0.05756647,0.9687018,14.36247,24.23152,356.2969,0.3495733,-0.07466881,-0.9339282,0,0,0,1.69792,-0.4876987,-2.678448,-0.03564268,0.04191788,0.9794724,0.9034151,-0.06256765,-0.4241773,0.1604913,0.9667233,0.1992202,0.3975973,-0.2480553,0.883394,moving,17.3811,-8.411407,-2.084055,2.450557,15.251307746727802,2.6030290493406945
05/11/2023 12:33:07.962859,434,True,True,True,True,Eyes,1.336826,-0.2862965,-3.561649,0.2993033,-0.1431201,0.9433633,0.0,0.0,0.0,0.0,0.0,0.0,0.0,-2.742192,0.7812944,2.54141,1.33415,-0.2876335,-3.567368,0.1170051,0.2130195,-0.05808102,0.9682764,14.55631,24.34072,356.2901,0.3496497,-0.07470296,-0.9338968,0,0,0,1.701963,-0.4907642,-2.678383,-0.03413743,0.04294141,0.9817501,0.9024985,-0.06262822,-0.4261151,0.1623257,0.9658728,0.2018418,0.398932,-0.2513314,0.881865,moving,17.6028,-8.626704,-1.991487,2.504501,15.467437321135774,2.3868083202645405
05/11/2023 12:33:07.982659,435,True,True,True,True,Eyes,1.337196,-0.2864408,-3.561769,0.3027226,-0.1464863,0.941754,0.0,0.0,0.0,0.0,0.0,0.0,0.0,-2.747583,0.7864932,2.534298,1.334358,-0.2877941,-3.567508,0.1183062,0.2138571,-0.05859698,0.9679025,14.71911,24.43729,356.2753,0.3497258,-0.07473711,-0.9338656,0,0,0,1.706134,-0.4939263,-2.678315,-0.03227308,0.04339263,0.9840974,0.9016631,-0.0628311,-0.4278503,0.1640336,0.9651401,0.203955,0.4001207,-0.2540805,0.8805377,moving,17.81977,-8.841295,-1.878319,2.524755,15.6788276209915,2.171269930148771
05/11/2023 12:33:07.992961,436,True,True,True,True,Eyes,1.337565,-0.2865832,-3.561891,0.3062188,-0.1498623,0.9400911,0.0,0.0,0.0,0.0,0.0,0.0,0.0,-2.753161,0.7923857,2.526632,1.334702,-0.2877894,-3.567547,0.1196969,0.2147341,-0.05901653,0.9675118,14.88988,24.54032,356.2746,0.3498017,-0.07477113,-0.9338344,0,0,0,1.709981,-0.4968427,-2.678253,-0.03089681,0.04397635,0.9861505,0.9008126,-0.06279236,-0.4296437,0.1656044,0.9643794,0.2062706,0.4013873,-0.256962,0.8791239,moving,18.04214,-9.057458,-1.794531,2.553354,15.895603263499028,1.9541780069528052
05/11/2023 12:33:08.012679,437,True,True,True,True,Eyes,1.337932,-0.286729,-3.562014,0.3096524,-0.1531707,0.9384317,0.0,0.0,0.0,0.0,0.0,0.0,0.0,-2.759569,0.7976087,2.518333,1.33507,-0.287856,-3.56765,0.1209154,0.2157831,-0.05932227,0.9671082,15.03909,24.66542,356.2859,0.3498773,-0.07480498,-0.9338034,0,0,0,1.71409,-0.4999581,-2.678186,-0.02967152,0.04411402,0.9884144,0.8998371,-0.06255909,-0.4317171,0.1669251,0.9637207,0.208275,0.4030253,-0.259478,0.8776342,moving,18.26123,-9.270068,-1.719463,2.555478,16.109193438806912,1.740656852632526
05/11/2023 12:33:08.033121,438,True,True,True,True,Eyes,1.338302,-0.2868758,-3.562143,0.3131402,-0.1564092,0.9367387,0.0,0.0,0.0,0.0,0.0,0.0,0.0,-2.766162,0.8015357,2.510209,1.33536,-0.2880747,-3.567785,0.1217438,0.2169319,-0.05938609,0.9667432,15.13864,24.80519,356.3173,0.3499526,-0.07483876,-0.9337725,0,0,0,1.718017,-0.5029356,-2.678122,-0.02875486,0.04366864,0.9906353,0.8988277,-0.06200194,-0.4338945,0.1676424,0.9633034,0.2096245,0.404975,-0.2611555,0.876238,moving,18.48415,-9.479347,-1.66264,2.524047,16.326749747728982,1.530529396588717
05/11/2023 12:33:08.042622,439,True,True,True,True,Eyes,1.338671,-0.2870228,-3.562283,0.3165701,-0.1596508,0.9350374,0.0,0.0,0.0,0.0,0.0,0.0,0.0,-2.773466,0.8076056,2.500528,1.335628,-0.2882068,-3.567915,0.1230317,0.2181943,-0.05955653,0.9662855,15.29312,24.9586,356.35,0.3500277,-0.0748725,-0.9337416,0,0,0,1.722031,-0.5059785,-2.678057,-0.02802986,0.04403768,0.9929018,0.8976886,-0.06140758,-0.4363306,0.1687868,0.9626324,0.2117777,0.4070212,-0.2637573,0.8745089,moving,18.70425,-9.689398,-1.617044,2.539547,16.54144121126511,1.3196025254565988
05/11/2023 12:33:08.063426,440,True,True,True,True,Eyes,1.339057,-0.287165,-3.562435,0.3200382,-0.1628653,0.9333008,0.0,0.0,0.0,0.0,0.0,0.0,0.0,-2.781225,0.8147085,2.490266,1.33593,-0.2883369,-3.568269,0.1246311,0.2194781,-0.05992725,0.9657666,15.48788,25.11289,356.3682,0.3501025,-0.07490619,-0.9337109,0,0,0,1.726179,-0.5091233,-2.677989,-0.02738777,0.04507673,0.9954178,0.8964761,-0.06104388,-0.4388669,0.1704591,0.9617516,0.2144237,0.4089917,-0.2670346,0.8725929,moving,18.92736,-9.898702,-1.576029,2.592824,16.759188003457027,1.1094510573348266
05/11/2023 12:33:08.082806,441,True,True,True,True,Eyes,1.33944,-0.2873093,-3.562594,0.3234694,-0.1660282,0.931559,0.0,0.0,0.0,0.0,0.0,0.0,0.0,-2.789306,0.8217438,2.479321,1.336286,-0.2883087,-3.568436,0.126209,0.2208531,-0.06020799,0.9652306,15.67831,25.2798,356.3983,0.3501773,-0.07493965,-0.9336802,0,0,0,1.730209,-0.5121788,-2.677924,-0.02702317,0.04591374,0.9977307,0.8951979,-0.06048189,-0.4415459,0.1719765,0.9608926,0.2170474,0.4111507,-0.2702359,0.8705903,moving,19.14877,-10.1055,-1.551456,2.634788,16.97530569205044,0.9018222121249657
05/11/2023 12:33:08.092874,442,True,True,True,True,Eyes,1.339813,-0.2874486,-3.562753,0.3268919,-0.1691408,0.9298027,0.0,0.0,0.0,0.0,0.0,0.0,0.0,-2.797601,0.826137,2.469065,1.336589,-0.2884962,-3.568705,0.1271564,0.2223317,-0.06024016,0.9647648,15.79157,25.46128,356.4434,0.3502519,-0.07497298,-0.9336495,0,0,0,1.734245,-0.5152394,-2.677859,-0.02682462,0.04564908,1.000174,0.8938795,-0.05969334,-0.4443154,0.1727769,0.9604048,0.2185654,0.4136757,-0.2721386,0.8687997,moving,19.37021,-10.30997,-1.536302,2.613232,17.191530313098383,0.6965475388222444
05/11/2023 12:33:08.112857,443,True,True,True,True,Eyes,1.340186,-0.2875873,-3.562915,0.3302734,-0.1722038,0.9280438,0.0,0.0,0.0,0.0,0.0,0.0,0.0,-2.804831,0.8292634,2.460254,1.336842,-0.288506,-3.568925,0.1280676,0.2235771,-0.06052364,0.9643385,15.90627,25.61084,356.455,0.3503262,-0.07500605,-0.933619,0,0,0,1.738156,-0.518204,-2.677795,-0.02616537,0.04533961,1.00259,0.8927003,-0.05946461,-0.4467103,0.1739965,0.9598711,0.2199376,0.4157059,-0.2740644,0.8672239,moving,19.58969,-10.512,-1.494953,2.589294,17.405861866500075,0.4937270185587792
05/11/2023 12:33:08.132636,444,True,True,True,True,Eyes,1.340541,-0.2877314,-3.563076,0.3336428,-0.1752221,0.9262719,0.0,0.0,0.0,0.0,0.0,0.0,0.0,-2.813655,0.8298662,2.450421,1.337186,-0.2886089,-3.569109,0.1288566,0.2250447,-0.06118402,0.9638504,16.01776,25.78127,356.4242,0.3504001,-0.07503888,-0.9335886,0,0,0,1.74228,-0.5213307,-2.677728,-0.02577269,0.04489073,1.005057,0.8912228,-0.05994748,-0.4495866,0.1759414,0.959305,0.2208587,0.4180508,-0.2759353,0.8655017,moving,19.809,-10.71202,-1.468915,2.557408,17.620088495716885,0.29293778899206124
05/11/2023 12:33:08.142880,445,True,True,True,True,Eyes,1.340895,-0.2878725,-3.563241,0.3369408,-0.1782207,0.9245044,0.0,0.0,0.0,0.0,0.0,0.0,0.0,-2.820412,0.8319293,2.44239,1.337375,-0.2888789,-3.569325,0.1295442,0.2262185,-0.06146839,0.9634652,16.10707,25.92164,356.4293,0.3504733,-0.07507163,-0.9335585,0,0,0,1.74622,-0.524318,-2.677664,-0.02488348,0.04441166,1.007499,0.8900937,-0.05983472,-0.4518329,0.1770558,0.9588799,0.221812,0.4199814,-0.2774331,0.864087,moving,20.02455,-10.91131,-1.414819,2.524028,17.830553315063554,0.0928616336360708
05/11/2023 12:33:08.163080,446,True,True,True,True,Eyes,1.341267,-0.2880164,-3.563425,0.3401795,-0.1811117,0.9227549,0.0,0.0,0.0,0.0,0.0,0.0,0.0,-2.827016,0.8353803,2.434063,1.337656,-0.2889289,-3.569557,0.1307054,0.227281,-0.06206051,0.9630202,16.25747,26.04563,356.4097,0.3505458,-0.07510423,-0.9335287,0,0,0,1.750232,-0.5273597,-2.677599,-0.02381989,0.0447634,1.009993,0.8889837,-0.06011737,-0.4539757,0.1789447,0.9581292,0.2235335,0.4215291,-0.2799542,0.8625189,moving,20.23673,-11.10445,-1.351025,2.537716,18.03782763973581,-0.1010183799936275
05/11/2023 12:33:08.172847,447,True,True,True,True,Eyes,1.341645,-0.288157,-3.563613,0.3433621,-0.1839581,0.9210113,0.0,0.0,0.0,0.0,0.0,0.0,0.0,-2.833145,0.8370603,2.427121,1.33803,-0.2890989,-3.569929,0.1315221,0.2282344,-0.06263266,0.9626465,16.36817,26.15548,356.3818,0.3506179,-0.07513672,-0.9334989,0,0,0,1.754276,-0.5304259,-2.677533,-0.02260962,0.04455638,1.012607,0.8879724,-0.06055046,-0.4558931,0.1806219,0.9575582,0.2246288,0.4229428,-0.2818085,0.861222,moving,20.44595,-11.29533,-1.279095,2.519483,18.242196084240433,-0.29263291624395826
05/11/2023 12:33:08.192759,448,True,True,True,True,Eyes,1.342014,-0.2882974,-3.563801,0.3465399,-0.1867469,0.9192582,0.0,0.0,0.0,0.0,0.0,0.0,0.0,-2.840894,0.8362617,2.418945,1.338531,-0.2891345,-3.57016,0.1322235,0.2294343,-0.06351375,0.9622074,16.47503,26.29003,356.3197,0.3506897,-0.07516902,-0.9334693,0,0,0,1.758222,-0.5334173,-2.677469,-0.02198449,0.04412203,1.015028,0.8866519,-0.06155357,-0.4583227,0.1829,0.9569659,0.2253084,0.4247306,-0.2835973,0.8597537,moving,20.65532,-11.48334,-1.240775,2.489011,18.446810150006833,-0.48134443376608793
05/11/2023 12:33:08.212908,449,True,True,True,True,Eyes,1.342387,-0.2884279,-3.563984,0.3496889,-0.1894524,0.9175105,0.0,0.0,0.0,0.0,0.0,0.0,0.0,-2.849881,0.8352932,2.409397,1.338944,-0.2892676,-3.570474,0.1329715,0.2308691,-0.06446697,0.9616975,16.59015,26.45221,356.255,0.3507611,-0.07520113,-0.9334399,0,0,0,1.7622,-0.5364332,-2.677405,-0.02179056,0.04392266,1.017548,0.885087,-0.06259742,-0.4611969,0.1853934,0.9563252,0.2259898,0.4269079,-0.2855235,0.8580361,moving,20.86324,-11.66677,-1.226789,2.471649,18.65011518693688,-0.665434523315561
05/11/2023 12:33:08.232795,450,True,True,True,True,Eyes,1.342766,-0.2885598,-3.56418,0.3528505,-0.1920116,0.9157664,0.0,0.0,0.0,0.0,0.0,0.0,0.0,-2.858984,0.8302547,2.400622,1.339422,-0.2891439,-3.570496,0.133091,0.2323664,-0.06539518,0.9612576,16.63423,26.62005,356.1778,0.3508323,-0.07523283,-0.9334106,0,0,0,1.766328,-0.5395631,-2.677337,-0.02139774,0.04205889,1.020031,0.8834586,-0.06387144,-0.4641349,0.187575,0.9560205,0.2254783,0.4293209,-0.2862608,0.8565853,moving,21.07199,-11.84184,-1.201748,2.361136,18.854531462606744,-0.8410658120976429
05/11/2023 12:33:08.242710,451,True,True,True,True,Eyes,1.343144,-0.2886973,-3.56438,0.3559882,-0.1945083,0.9140235,0.0,0.0,0.0,0.0,0.0,0.0,0.0,-2.867835,0.8259424,2.392258,1.339743,-0.2892977,-3.570848,0.1331163,0.2338596,-0.06610814,0.9608432,16.66215,26.79051,356.1229,0.3509034,-0.07526418,-0.9333814,0,0,0,1.770239,-0.542528,-2.677274,-0.0212546,0.04040399,1.022663,0.8818788,-0.06477808,-0.4670049,0.1893001,0.9558195,0.2248877,0.4318046,-0.2867278,0.8551795,moving,21.27961,-12.01359,-1.190639,2.262499,19.05791938408384,-1.0133475962452767
05/11/2023 12:33:08.262863,452,True,True,True,True,Eyes,1.343518,-0.2888353,-3.564581,0.3590934,-0.1969611,0.9122819,0.0,0.0,0.0,0.0,0.0,0.0,0.0,-2.87683,0.8236858,2.382843,1.340091,-0.289557,-3.571115,0.1334387,0.2353947,-0.06676033,0.9603783,16.72231,26.96829,356.0838,0.3509741,-0.07529534,-0.9333523,0,0,0,1.774358,-0.5456511,-2.677207,-0.02107367,0.03929211,1.025307,0.8802648,-0.0654088,-0.4699529,0.1910519,0.9554744,0.2248733,0.4343192,-0.2877334,0.8535669,moving,21.48565,-12.18312,-1.177464,2.194631,19.25978960160696,-1.183395148081674
05/11/2023 12:33:08.282615,453,True,True,True,True,Eyes,1.343889,-0.2889705,-3.564786,0.3621781,-0.1993587,0.91054,0.0,0.0,0.0,0.0,0.0,0.0,0.0,-2.885977,0.822391,2.372814,1.340484,-0.2897145,-3.571359,0.1338874,0.2369764,-0.06732352,0.9598875,16.79461,27.15375,356.0595,0.3510445,-0.07532634,-0.9333233,0,0,0,1.778279,-0.548624,-2.677143,-0.02124712,0.03839459,1.027811,0.8786195,-0.06578971,-0.4729688,0.1927023,0.9550834,0.2251255,0.4369137,-0.2889418,0.8518328,moving,21.69078,-12.34978,-1.184262,2.139329,19.460838147491458,-1.3505467487660852
05/11/2023 12:33:08.292964,454,True,True,True,True,Eyes,1.344262,-0.2891015,-3.564992,0.3652515,-0.2016884,0.9087976,0.0,0.0,0.0,0.0,0.0,0.0,0.0,-2.894676,0.8211823,2.363151,1.340772,-0.2897691,-3.571601,0.1342898,0.2385151,-0.0677921,0.959417,16.85908,27.33545,356.0442,0.3511146,-0.07535712,-0.9332944,0,0,0,1.782298,-0.5516712,-2.677078,-0.02116203,0.03724289,1.030473,0.8770295,-0.06602146,-0.4758785,0.1941421,0.9547409,0.225341,0.4394633,-0.2900188,0.8501536,moving,21.8955,-12.51279,-1.176473,2.069856,19.661594168966957,-1.514010362617114
05/11/2023 12:33:08.312707,455,True,True,True,True,Eyes,1.344635,-0.2892298,-3.565197,0.3683274,-0.2039438,0.9070512,0.0,0.0,0.0,0.0,0.0,0.0,0.0,-2.904348,0.8196793,2.35235,1.341206,-0.2898115,-3.571811,0.1345942,0.2402583,-0.06813236,0.9589152,16.90991,27.54389,356.045,0.3511843,-0.0753876,-0.9332657,0,0,0,1.786339,-0.5547348,-2.677012,-0.02161783,0.03576645,1.033076,0.8752679,-0.06599157,-0.479115,0.1953411,0.9544848,0.2253902,0.4424341,-0.2908677,0.8483207,moving,22.10065,-12.6718,-1.198779,1.982863,19.8629149805871,-1.6734264842067343
05/11/2023 12:33:08.332328,456,True,True,True,True,Eyes,1.345011,-0.2893566,-3.565411,0.3713598,-0.2061408,0.9053165,0.0,0.0,0.0,0.0,0.0,0.0,0.0,-2.913888,0.8179677,2.34159,1.341597,-0.2898722,-3.571968,0.1347403,0.242033,-0.06829981,0.9584365,16.9383,27.75847,356.0619,0.3512538,-0.07541772,-0.9332371,0,0,0,1.790434,-0.5578398,-2.676946,-0.02204591,0.03387518,1.035709,0.8735104,-0.06569884,-0.4823519,0.1961453,0.9543604,0.2252185,0.445541,-0.2913417,0.8465301,moving,22.30338,-12.82756,-1.219404,1.873319,20.061906255637474,-1.8295724832102582
05/11/2023 12:33:08.342815,457,True,True,True,True,Eyes,1.345387,-0.2894871,-3.565622,0.3743823,-0.2082984,0.9035761,0.0,0.0,0.0,0.0,0.0,0.0,0.0,-2.923222,0.8169613,2.330899,1.341902,-0.2899669,-3.572248,0.1350291,0.2437614,-0.06852484,0.9579416,16.98416,27.96722,356.0756,0.351323,-0.07544747,-0.9332087,0,0,0,1.794483,-0.5609093,-2.67688,-0.02244198,0.03241268,1.038446,0.8717694,-0.06545583,-0.485524,0.1971153,0.954143,0.2252925,0.4485127,-0.2921073,0.844695,moving,22.50589,-12.98142,-1.238033,1.787774,20.26073863712638,-1.9837987520869778
05/11/2023 12:33:08.362983,458,True,True,True,True,Eyes,1.345758,-0.2896179,-3.565829,0.3773437,-0.2104562,0.9018425,0.0,0.0,0.0,0.0,0.0,0.0,0.0,-2.931867,0.8180658,2.32005,1.342268,-0.2901809,-3.572368,0.1355731,0.2453772,-0.06865337,0.9574429,17.05556,28.16503,356.1056,0.351392,-0.07547699,-0.9331803,0,0,0,1.798476,-0.5639365,-2.676815,-0.02271786,0.0315346,1.040948,0.8701535,-0.06493027,-0.4884843,0.1979965,0.9538133,0.2259151,0.451254,-0.2932989,0.84282,moving,22.70513,-13.13561,-1.250237,1.735195,20.45626764459,-2.1383805053506855
05/11/2023 12:33:08.372555,459,True,True,True,True,Eyes,1.346128,-0.2897526,-3.566029,0.3802848,-0.2125915,0.9001046,0.0,0.0,0.0,0.0,0.0,0.0,0.0,-2.940294,0.8183751,2.309646,1.342647,-0.2903301,-3.572469,0.1360521,0.2469395,-0.06886789,0.9569577,17.12183,28.35482,356.1233,0.3514608,-0.07550632,-0.9331521,0,0,0,1.802505,-0.5669913,-2.67675,-0.02283207,0.03048986,1.043491,0.8685562,-0.06461406,-0.4913604,0.1990006,0.9534941,0.2263797,0.453882,-0.2944045,0.8410215,moving,22.90355,-13.28889,-1.253458,1.673655,20.65100100208859,-2.2920475737458066
05/11/2023 12:33:08.392847,460,True,True,True,True,Eyes,1.346493,-0.2898941,-3.566226,0.3831037,-0.2147045,0.8984061,0.0,0.0,0.0,0.0,0.0,0.0,0.0,-2.948074,0.8206666,2.299114,1.342967,-0.2905539,-3.572475,0.1367989,0.2484028,-0.06902634,0.9564611,17.21621,28.53482,356.1534,0.3515293,-0.0755356,-0.9331239,0,0,0,1.806462,-0.5699915,-2.676686,-0.02278852,0.03008126,1.04591,0.8670628,-0.06407954,-0.4940605,0.2000044,0.9530429,0.2273929,0.4562896,-0.2959782,0.8391643,moving,23.09466,-13.44067,-1.248176,1.647421,20.838423502983815,-2.4442466472870237
05/11/2023 12:33:08.422421,461,True,True,True,True,Eyes,1.346852,-0.290034,-3.566418,0.3858741,-0.2168366,0.8967068,0.0,0.0,0.0,0.0,0.0,0.0,0.0,-2.955297,0.8234253,2.289202,1.343223,-0.2908585,-3.572591,0.1375666,0.2497639,-0.06915402,0.9559871,17.3116,28.70313,356.1861,0.3515975,-0.075565,-0.9330958,0,0,0,1.81039,-0.5729692,-2.676622,-0.02258274,0.02984761,1.048423,0.8656715,-0.06350235,-0.4965686,0.200939,0.9525863,0.2284794,0.4585155,-0.2975681,0.8373869,moving,23.28335,-13.59399,-1.233945,1.630716,21.023358598843814,-2.5980190369500047
05/11/2023 12:33:08.432866,462,True,True,True,True,Eyes,1.347202,-0.2901773,-3.566602,0.3884976,-0.2190062,0.8950452,0.0,0.0,0.0,0.0,0.0,0.0,0.0,-2.961266,0.8280421,2.279961,1.343448,-0.2909444,-3.5726,0.1388079,0.2508397,-0.06950159,0.9555007,17.46538,28.83538,356.2023,0.3516654,-0.0755945,-0.9330679,0,0,0,1.814578,-0.5761448,-2.676554,-0.02150247,0.03037179,1.051103,0.864498,-0.06318054,-0.4986497,0.2024547,0.9518038,0.2303946,0.4600602,-0.3001296,0.8356237,moving,23.46343,-13.7494,-1.171939,1.655111,21.19955557502304,-2.7539621506813603
05/11/2023 12:33:08.442465,463,True,True,True,True,Eyes,1.347553,-0.2903202,-3.566777,0.3910643,-0.2211681,0.8933943,0.0,0.0,0.0,0.0,0.0,0.0,0.0,-2.966321,0.832813,2.271908,1.343741,-0.2911644,-3.572645,0.1400898,0.2516946,-0.06994265,0.9550564,17.6256,28.9394,356.2051,0.3517329,-0.07562419,-0.9330401,0,0,0,1.818436,-0.5790695,-2.676491,-0.02033347,0.03135309,1.053527,0.8635157,-0.06307866,-0.5003615,0.204118,0.9509658,0.232379,0.4611685,-0.3027957,0.8340494,moving,23.64037,-13.90456,-1.105693,1.704626,21.372599187186367,-2.9096734113637517
05/11/2023 12:33:08.462419,464,True,True,True,True,Eyes,1.347883,-0.290469,-3.566937,0.3935232,-0.2233609,0.8917676,0.0,0.0,0.0,0.0,0.0,0.0,0.0,-2.971273,0.835395,2.264647,1.344107,-0.2912817,-3.572605,0.1410077,0.2525375,-0.07036459,0.9546677,17.74435,29.04057,356.1995,0.3518,-0.07565405,-0.9330124,0,0,0,1.822621,-0.5822427,-2.676423,-0.01879352,0.03128864,1.056146,0.8625472,-0.06313013,-0.5020228,0.2055691,0.9503313,0.2336916,0.4623351,-0.3047704,0.8326832,moving,23.81112,-14.06157,-1.019439,1.696908,21.53934923940035,-3.067296583191128
05/11/2023 12:33:08.482421,465,True,True,True,True,Eyes,1.348211,-0.2906187,-3.567089,0.3959109,-0.2255686,0.8901536,0.0,0.0,0.0,0.0,0.0,0.0,0.0,-2.975407,0.8387874,2.258214,1.344372,-0.2915824,-3.572644,0.1420778,0.2531967,-0.07089255,0.9542954,17.88261,29.11826,356.1828,0.3518665,-0.07568427,-0.9329849,0,0,0,1.826517,-0.5851961,-2.67636,-0.01710129,0.03198466,1.058623,0.8617314,-0.06335761,-0.5033934,0.2072521,0.9495763,0.2352688,0.4631043,-0.3070678,0.8314107,moving,23.97792,-14.21967,-0.9254916,1.730577,21.70208619110091,-3.2260482521152074
05/11/2023 12:33:08.488261,466,True,True,True,True,Eyes,1.348506,-0.2907673,-3.567213,0.3981855,-0.2278695,0.8885515,0.0,0.0,0.0,0.0,0.0,0.0,0.0,-2.979562,0.8415543,2.251745,1.344647,-0.291732,-3.572558,0.1432371,0.2538254,-0.07163889,0.9538992,18.03724,29.18902,356.1432,0.3519325,-0.07571486,-0.9329575,0,0,0,1.830551,-0.5882548,-2.676294,-0.01513702,0.03275517,1.061139,0.8608811,-0.06395812,-0.5047705,0.209387,0.948702,0.2369001,0.463725,-0.3096351,0.8301116,moving,24.13853,-14.38356,-0.817262,1.768041,21.85839972862376,-3.390695788031655
05/11/2023 12:33:08.522367,467,True,True,True,True,Eyes,1.3488,-0.290916,-3.567331,0.4003797,-0.2301783,0.8869691,0.0,0.0,0.0,0.0,0.0,0.0,0.0,-2.982156,0.8439958,2.247342,1.344841,-0.2918716,-3.572442,0.1442856,0.2541539,-0.07238427,0.9535975,18.17825,29.22225,356.0946,0.3519974,-0.0757458,-0.9329305,0,0,0,1.834528,-0.5912701,-2.67623,-0.01246521,0.0333665,1.063654,0.8603327,-0.06470945,-0.505609,0.2113924,0.9478844,0.2383872,0.4638329,-0.3119741,0.8291751,moving,24.29451,-14.54797,-0.6714317,1.796761,22.010034273186584,-3.5558999958669464
05/11/2023 12:33:08.532877,468,True,True,True,True,Eyes,1.349089,-0.2910663,-3.567437,0.4024754,-0.2324786,0.8854192,0.0,0.0,0.0,0.0,0.0,0.0,0.0,-2.985112,0.8473428,2.242253,1.345124,-0.2920015,-3.572389,0.1454413,0.2545508,-0.07304481,0.9532655,18.32916,29.26592,356.0605,0.3520615,-0.07577709,-0.9329038,0,0,0,1.838579,-0.5943409,-2.676164,-0.01002938,0.03411961,1.066237,0.8597368,-0.06521782,-0.5065563,0.2133066,0.9470226,0.2401011,0.4640614,-0.3144756,0.8281015,moving,24.44461,-14.7117,-0.538927,1.832841,22.155770774182166,-3.7204558224592557
05/11/2023 12:33:08.558993,469,True,True,True,True,Eyes,1.349379,-0.2912217,-3.567535,0.4044988,-0.2347562,0.883895,0.0,0.0,0.0,0.0,0.0,0.0,0.0,-2.987123,0.8511279,2.238107,1.345379,-0.2921814,-3.572258,0.1465229,0.2547991,-0.0735554,0.9529943,18.46678,29.2935,356.0385,0.3521247,-0.07580876,-0.9328774,0,0,0,1.842574,-0.5973702,-2.676099,-0.007276148,0.03472672,1.068731,0.8593341,-0.06552792,-0.5071992,0.2148635,0.9462413,0.2417873,0.464089,-0.3167547,0.827217,moving,24.59035,-14.87396,-0.3900759,1.861081,22.297165726115992,-3.8835543196889084
05/11/2023 12:33:08.562622,470,True,True,True,True,Eyes,1.349661,-0.2913771,-3.567619,0.4068158,-0.2370299,0.8822232,0.0,0.0,0.0,0.0,0.0,0.0,0.0,-2.989713,0.8531647,2.233927,1.345719,-0.2924434,-3.572145,0.1473165,0.2551542,-0.0740665,0.9527373,18.57252,29.33267,356.0102,0.3521873,-0.07584092,-0.9328511,0,0,0,1.846656,-0.6004647,-2.676033,-0.00470534,0.03476031,1.071262,0.858821,-0.06595498,-0.5080123,0.2163087,0.945624,0.2429111,0.4643674,-0.3185047,0.8263884,moving,24.75564,-15.03871,-0.2516606,1.858482,22.45816311866576,-4.0490402460131705
05/11/2023 12:33:08.572638,471,True,True,True,True,Eyes,1.349941,-0.291541,-3.567695,0.4090539,-0.2392991,0.8805742,0.0,0.0,0.0,0.0,0.0,0.0,0.0,-2.992316,0.8550372,2.229625,1.345963,-0.2925944,-3.57198,0.1481946,0.2555075,-0.07469864,0.9524571,18.69135,29.36995,355.9705,0.3522493,-0.07587355,-0.9328251,0,0,0,1.850589,-0.603447,-2.675969,-0.002145588,0.03503032,1.073723,0.8582721,-0.06656487,-0.5088597,0.2180241,0.944917,0.2441257,0.4645799,-0.32047,0.8255086,moving,24.91632,-15.20317,-0.1144923,1.868617,22.614528351777437,-4.2142636742975625
05/11/2023 12:33:08.592740,472,True,True,True,True,Eyes,1.350226,-0.2916983,-3.567765,0.4115794,-0.2415292,0.8787867,0.0,0.0,0.0,0.0,0.0,0.0,0.0,-2.99515,0.8584589,2.22451,1.346233,-0.2929422,-3.571857,0.1492136,0.2559249,-0.075193,0.952147,18.8223,29.41838,355.9521,0.3523107,-0.07590683,-0.9327992,0,0,0,1.855721,-0.6073377,-2.675886,0.001230717,0.03512852,1.07701,0.857697,-0.06681466,-0.5097958,0.2195645,0.9441627,0.245659,0.4649165,-0.322634,0.8244755,moving,25.09602,-15.36794,0.06547276,1.868137,22.790034227333493,-4.3796737447166265
05/11/2023 12:33:08.612519,473,True,True,True,True,Eyes,1.350511,-0.2918573,-3.567829,0.4140186,-0.2437368,0.8770296,0.0,0.0,0.0,0.0,0.0,0.0,0.0,-2.997934,0.8608881,2.21961,1.34646,-0.2929161,-3.571645,0.1502885,0.256305,-0.07590299,0.9518192,18.9658,29.45867,355.9099,0.3523718,-0.07594055,-0.9327734,0,0,0,1.858636,-0.6095477,-2.675838,0.002827257,0.03621428,1.078764,0.857093,-0.06745246,-0.5107267,0.2215312,0.9433042,0.2471864,0.4650974,-0.3250036,0.8234422,moving,25.27055,-15.53123,0.1501622,1.922707,22.96038331053034,-4.543621774904997
05/11/2023 12:33:08.659267,474,True,True,True,True,Eyes,1.350792,-0.2920129,-3.567882,0.4166389,-0.245884,0.8751874,0.0,0.0,0.0,0.0,0.0,0.0,0.0,-3.000506,0.8636745,2.215112,1.346759,-0.2930985,-3.571558,0.1510951,0.2567025,-0.07623212,0.9515582,19.06796,29.50648,355.9042,0.3524326,-0.0759747,-0.9327477,0,0,0,1.862691,-0.612622,-2.675772,0.005250782,0.03617772,1.081377,0.856585,-0.06750558,-0.5115713,0.2226515,0.9427179,0.2484135,0.4654981,-0.3266895,0.8225482,moving,25.4571,-15.69271,0.2782057,1.916129,23.142894746311654,-4.705659468531474
05/11/2023 12:33:08.682514,475,True,True,True,True,Eyes,1.35105,-0.2921667,-3.56791,0.4194457,-0.2479771,0.8732541,0.0,0.0,0.0,0.0,0.0,0.0,0.0,-3.004428,0.8641768,2.209745,1.347212,-0.2931621,-3.571476,0.1515251,0.2573811,-0.07647726,0.9512869,19.12652,29.58849,355.9028,0.3524932,-0.07600919,-0.932722,0,0,0,1.866911,-0.6158216,-2.675704,0.007137686,0.03506112,1.084123,0.8558124,-0.0675042,-0.5128629,0.223503,0.9423828,0.24892,0.4665101,-0.3276552,0.8215902,moving,25.65613,-15.8529,0.3772204,1.85233,23.338014561399504,-4.8663095598140345
05/11/2023 12:33:08.702621,476,True,True,True,True,Eyes,1.351295,-0.2923173,-3.567926,0.4223207,-0.2500525,0.8712744,0.0,0.0,0.0,0.0,0.0,0.0,0.0,-3.009417,0.8652152,2.202062,1.347292,-0.2933167,-3.571139,0.1515967,0.2585341,-0.07604919,0.9509968,19.12672,29.73947,355.9785,0.3525533,-0.07604399,-0.9326964,0,0,0,1.870796,-0.618767,-2.675641,0.008039266,0.03302124,1.086616,0.8547533,-0.06625925,-0.514788,0.2230309,0.94247,0.2490133,0.4686728,-0.3276585,0.8203571,moving,25.86021,-16.01328,0.4238917,1.740629,23.53821285895971,-5.027118099794944
05/11/2023 12:33:08.712717,477,True,True,True,True,Eyes,1.351541,-0.2924637,-3.567931,0.4251195,-0.2520484,0.8693359,0.0,0.0,0.0,0.0,0.0,0.0,0.0,-3.012729,0.867973,2.196387,1.347512,-0.2934416,-3.571013,0.1523067,0.2591532,-0.07618959,0.9507038,19.21335,29.81784,355.9967,0.3526128,-0.07607903,-0.9326711,0,0,0,1.882972,-0.6279984,-2.675443,0.0172939,0.02867876,1.095249,0.8540695,-0.0659259,-0.5159642,0.223809,0.9419956,0.2501076,0.4695475,-0.3290867,0.8192846,moving,26.05939,-16.16857,0.9046209,1.49993,23.733645199899065,-5.182812525047222
05/11/2023 12:33:08.742434,478,True,True,True,True,Eyes,1.351782,-0.292605,-3.56791,0.428021,-0.2539636,0.8673526,0.0,0.0,0.0,0.0,0.0,0.0,0.0,-3.015202,0.8697815,2.19204,1.347783,-0.2934928,-3.570762,0.1524667,0.2597269,-0.0758298,0.9505503,19.22293,29.89647,356.0551,0.3526718,-0.07611417,-0.9326459,0,0,0,1.885295,-0.6297593,-2.675405,0.01785445,0.02754807,1.096623,0.8535836,-0.06496064,-0.51689,0.2233595,0.9420075,0.2504645,0.4706439,-0.3292446,0.8185917,moving,26.26541,-16.3202,0.932768,1.439015,23.936085226695347,-5.33476051234878
05/11/2023 12:33:08.752747,479,True,True,True,True,Eyes,1.352017,-0.2927482,-3.567874,0.4309002,-0.2557938,0.865387,0.0,0.0,0.0,0.0,0.0,0.0,0.0,-3.02302,0.874339,2.179174,1.348378,-0.2935525,-3.570381,0.1533613,0.2613617,-0.07549553,0.9499848,19.32007,30.11086,356.1555,0.3527305,-0.07614934,-0.9326208,0,0,0,1.89104,-0.6341147,-2.675312,0.01868719,0.02616581,1.100263,0.851981,-0.06327365,-0.5197354,0.2236047,0.9415615,0.2519185,0.473423,-0.330845,0.8163407,moving,26.46999,-16.46679,0.9730347,1.362318,24.13724145410218,-5.481621873101467
05/11/2023 12:33:08.762581,480,True,True,True,True,Eyes,1.35225,-0.2928915,-3.567831,0.4337047,-0.2575532,0.8634621,0.0,0.0,0.0,0.0,0.0,0.0,0.0,-3.027072,0.8710865,2.174667,1.348723,-0.2937789,-3.570122,0.1529365,0.2621901,-0.07547105,0.9498268,19.27496,30.21141,356.1627,0.3527889,-0.07618462,-0.9325958,0,0,0,1.891166,-0.6342105,-2.67531,0.01685438,0.02519725,1.099958,0.8511209,-0.06317198,-0.521155,0.2235657,0.9418291,0.2509508,0.4749859,-0.3301019,0.8157335,moving,26.66973,-16.60877,0.8778598,1.312271,24.333676317889385,-5.623854074101139
05/11/2023 12:33:08.782588,481,True,True,True,True,Eyes,1.352476,-0.293045,-3.567785,0.4364235,-0.2593282,0.8615587,0.0,0.0,0.0,0.0,0.0,0.0,0.0,-3.029907,0.871528,2.170307,1.348893,-0.2939297,-3.569906,0.1530201,0.2628104,-0.07532888,0.9496531,19.28253,30.29151,356.1948,0.3528471,-0.07622001,-0.9325709,0,0,0,1.891166,-0.6342105,-2.67531,0.0153577,0.02529338,1.099671,0.8505125,-0.06264204,-0.5222111,0.2235032,0.9418208,0.2510377,0.4761038,-0.3302265,0.8150311,static,26.86454,-16.75173,0.8001251,1.31762,24.52511496404219,-5.767110079178028
05/11/2023 12:33:08.792641,482,True,True,True,True,Eyes,1.352685,-0.2931959,-3.567731,0.439096,-0.261162,0.8596448,0.0,0.0,0.0,0.0,0.0,0.0,0.0,-3.033211,0.8755888,2.163925,1.34894,-0.2943094,-3.569781,0.1540736,0.2634124,-0.07567309,0.9492887,19.41372,30.36677,356.2003,0.3529049,-0.07625578,-0.9325461,0,0,0,1.891166,-0.6342105,-2.67531,0.01382354,0.02803594,1.099383,0.849775,-0.06250143,-0.5234272,0.224841,0.9410698,0.2526542,0.4767903,-0.3323871,0.8137505,static,27.05739,-16.8989,0.7203936,1.460812,24.71444137234098,-5.914636120653519
05/11/2023 12:33:08.812791,483,True,True,True,True,Eyes,1.352886,-0.2933373,-3.567677,0.4416502,-0.2629886,0.8577774,0.0,0.0,0.0,0.0,0.0,0.0,0.0,-3.034256,0.8832815,2.158996,1.348899,-0.294405,-3.569587,0.1555399,0.2636121,-0.07578754,0.9489849,19.5827,30.39913,356.2367,0.352962,-0.07629184,-0.9325216,0,0,0,1.891166,-0.6342105,-2.67531,0.01316911,0.03127585,1.099136,0.8495299,-0.06183806,-0.5239037,0.2258469,0.9401271,0.255253,0.4767517,-0.3351671,0.812632,static,27.24291,-17.04518,0.6864465,1.629908,24.896416682099634,-6.061311105972521
05/11/2023 12:33:08.822440,484,True,True,True,True,Eyes,1.353105,-0.2934725,-3.567635,0.4440896,-0.2647483,0.8559748,0.0,0.0,0.0,0.0,0.0,0.0,0.0,-3.033795,0.8905506,2.156597,1.348907,-0.2943103,-3.569557,0.1565584,0.2635794,-0.07546342,0.9488524,19.68707,30.40794,356.3051,0.3530184,-0.07632792,-0.9324973,0,0,0,1.891166,-0.6342105,-2.67531,0.01293194,0.03315006,1.099085,0.8496624,-0.06067614,-0.5238247,0.2257384,0.9395895,0.2573204,0.476567,-0.3368828,0.8120308,static,27.4208,-17.18655,0.6741166,1.727603,25.070871320152207,-6.203072187040572
05/11/2023 12:33:08.842530,485,True,True,True,True,Eyes,1.353319,-0.293608,-3.56759,0.4464346,-0.2664434,0.8542272,0.0,0.0,0.0,0.0,0.0,0.0,0.0,-3.033853,0.8940952,2.154894,1.349021,-0.2942803,-3.569423,0.1570354,0.2636294,-0.07525425,0.9487762,19.73445,30.42133,356.3452,0.3530744,-0.07636384,-0.9324731,0,0,0,1.891166,-0.6342105,-2.67531,0.01262859,0.03394496,1.098908,0.8496727,-0.06000059,-0.5238857,0.2255971,0.9393534,0.2583043,0.4766154,-0.3376612,0.8116789,static,27.59238,-17.32331,0.6584104,1.769288,25.239124480845916,-6.340213909616942
05/11/2023 12:33:08.862593,486,True,True,True,True,Eyes,1.353514,-0.2937427,-3.567534,0.4487283,-0.2680598,0.852518,0.0,0.0,0.0,0.0,0.0,0.0,0.0,-3.034157,0.895914,2.153642,1.349128,-0.294421,-3.56933,0.1572024,0.2637271,-0.07505937,0.9487368,19.74763,30.43827,356.3751,0.35313,-0.07639962,-0.9324491,0,0,0,1.891166,-0.6342105,-2.67531,0.01227066,0.03425665,1.098731,0.8496283,-0.0595061,-0.5240142,0.2253402,0.939307,0.2586971,0.4768162,-0.3378778,0.8114709,static,27.76036,-17.45487,0.6398544,1.785811,25.403924254413752,-6.472121622488835
05/11/2023 12:33:08.882837,487,True,True,True,True,Eyes,1.353697,-0.2938773,-3.567481,0.4509056,-0.269658,0.8508636,0.0,0.0,0.0,0.0,0.0,0.0,0.0,-3.03422,0.8982432,2.152357,1.34915,-0.2945684,-3.569173,0.1574861,0.2637838,-0.07491125,0.9486858,19.77518,30.45007,356.4023,0.3531849,-0.07643528,-0.9324254,0,0,0,1.891166,-0.6342105,-2.67531,0.01209396,0.03485833,1.09853,0.8496129,-0.05904993,-0.5240908,0.225219,0.9391729,0.2592889,0.4769008,-0.3383304,0.8112326,static,27.92085,-17.58459,0.6307567,1.817489,25.561243138656003,-6.602218747517078
05/11/2023 12:33:08.892505,488,True,True,True,True,Eyes,1.353877,-0.2940058,-3.567429,0.4529415,-0.2712175,0.849285,0.0,0.0,0.0,0.0,0.0,0.0,0.0,-3.033382,0.9016771,2.15208,1.349066,-0.29469,-3.569182,0.1581142,0.2635831,-0.07502832,0.9486278,19.84857,30.42729,356.404,0.3532389,-0.07647084,-0.9324021,0,0,0,1.891166,-0.6342105,-2.67531,0.01248133,0.0364217,1.098486,0.8497894,-0.05899544,-0.5238106,0.2257003,0.9387413,0.2604306,0.4763584,-0.3395354,0.8110477,static,28.07194,-17.71078,0.6509842,1.899019,25.70921369148666,-6.728809165516022
05/11/2023 12:33:08.912742,489,True,True,True,True,Eyes,1.354054,-0.2941318,-3.567377,0.4548798,-0.2727408,0.8477599,0.0,0.0,0.0,0.0,0.0,0.0,0.0,-3.032239,0.9044311,2.152435,1.349083,-0.2946701,-3.569116,0.1586893,0.263294,-0.07521272,0.9485975,19.91774,30.39187,356.3942,0.353292,-0.07650615,-0.9323791,0,0,0,1.891166,-0.6342105,-2.67531,0.0130583,0.03774518,1.098379,0.8500386,-0.05912932,-0.5233909,0.2262571,0.9383215,0.2614584,0.4756491,-0.3406706,0.8109879,static,28.21653,-17.83399,0.6811407,1.968163,25.850737738321108,-6.852429676632497
05/11/2023 12:33:08.932669,490,True,True,True,True,Eyes,1.354198,-0.2942545,-3.567308,0.4567826,-0.2742206,0.846258,0.0,0.0,0.0,0.0,0.0,0.0,0.0,-3.031999,0.9056448,2.152259,1.349184,-0.2947275,-3.56907,0.1590195,0.2631815,-0.07539339,0.9485591,19.95994,30.37677,356.3811,0.3533441,-0.07654118,-0.9323565,0,0,0,1.891166,-0.6342105,-2.67531,0.01320761,0.03859057,1.098243,0.8501027,-0.05932816,-0.5232645,0.2267322,0.9380573,0.2619945,0.4753084,-0.3413631,0.8108965,static,28.35873,-17.95435,0.6890135,2.012458,25.989949271818233,-6.973184327659709
05/11/2023 12:33:08.942482,491,True,True,True,True,Eyes,1.354334,-0.294372,-3.567242,0.4585903,-0.2756717,0.8448077,0.0,0.0,0.0,0.0,0.0,0.0,0.0,-3.032187,0.9069029,2.151419,1.349186,-0.2948138,-3.569035,0.159379,0.2631734,-0.07558414,0.9484858,20.00614,30.37467,356.37,0.3533948,-0.07657591,-0.9323344,0,0,0,1.891166,-0.6342105,-2.67531,0.01319379,0.03955022,1.098152,0.8500536,-0.05949234,-0.5233255,0.2272696,0.9377708,0.2625539,0.4751394,-0.3421209,0.8106762,static,28.49461,-18.07218,0.6883488,2.062629,26.122880706669513,-7.0914228919878965
05/11/2023 12:33:08.962599,492,True,True,True,True,Eyes,1.354458,-0.2944854,-3.567174,0.4603394,-0.2770554,0.8434027,0.0,0.0,0.0,0.0,0.0,0.0,0.0,-3.031978,0.9072671,2.151502,1.349143,-0.2947959,-3.569018,0.1597092,0.2630475,-0.07594635,0.9484363,20.05384,30.35443,356.3355,0.353444,-0.07661025,-0.9323129,0,0,0,1.891166,-0.6342105,-2.67531,0.0135271,0.04048079,1.098127,0.8500764,-0.06003831,-0.5232262,0.2280828,0.9374502,0.262993,0.4747088,-0.342903,0.8105979,static,28.62625,-18.18521,0.7057528,2.111166,26.25170116796391,-7.204836176350003
05/11/2023 12:33:08.972786,493,True,True,True,True,Eyes,1.354576,-0.2945964,-3.567109,0.4620031,-0.2783921,0.8420517,0.0,0.0,0.0,0.0,0.0,0.0,0.0,-3.03168,0.9070919,2.151893,1.349107,-0.2948242,-3.568968,0.1598677,0.2629288,-0.07621776,0.9484207,20.07948,30.33558,356.3064,0.3534917,-0.07664414,-0.932292,0,0,0,1.891166,-0.6342105,-2.67531,0.0138731,0.04101983,1.098071,0.8501186,-0.06050534,-0.5231037,0.2286406,0.9372664,0.263164,0.4743646,-0.3433233,0.8106216,static,28.75197,-18.29449,0.7238401,2.139361,26.374684491320032,-7.3144970963093385
05/11/2023 12:33:08.992570,494,True,True,True,True,Eyes,1.354697,-0.2946965,-3.567052,0.4635859,-0.2796645,0.8407591,0.0,0.0,0.0,0.0,0.0,0.0,0.0,-3.030997,0.9078614,2.152566,1.349074,-0.294876,-3.568997,0.1599945,0.2627736,-0.07626351,0.9484386,20.09453,30.31626,356.3016,0.3535377,-0.07667757,-0.9322718,0,0,0,1.891166,-0.6342105,-2.67531,0.01421249,0.0413934,1.098077,0.8502678,-0.06057784,-0.5228527,0.2287472,0.9371713,0.2634098,0.4740457,-0.34357,0.8107036,static,28.87189,-18.39885,0.741542,2.158815,26.491990063122657,-7.419221798884394
05/11/2023 12:33:09.012665,495,True,True,True,True,Eyes,1.354815,-0.2947955,-3.566995,0.4651142,-0.2808501,0.8395189,0.0,0.0,0.0,0.0,0.0,0.0,0.0,-3.03051,0.9084195,2.152924,1.349026,-0.2947055,-3.568974,0.160065,0.2626941,-0.07621743,0.9484526,20.10073,30.30772,356.3074,0.3535824,-0.07671027,-0.9322522,0,0,0,1.891166,-0.6342105,-2.67531,0.01442763,0.041365,1.098133,0.8503655,-0.06048097,-0.5227052,0.2286734,0.9371402,0.2635843,0.4739062,-0.3436718,0.8107421,static,28.98754,-18.49699,0.7527277,2.157226,26.605201255220443,-7.51768557956396
05/11/2023 12:33:09.023531,496,True,True,True,True,Eyes,1.354952,-0.2948895,-3.56696,0.4665667,-0.2819234,0.8383523,0.0,0.0,0.0,0.0,0.0,0.0,0.0,-3.030566,0.9071233,2.153274,1.349054,-0.2947878,-3.568886,0.1596661,0.2627686,-0.07599386,0.948517,20.04936,30.31848,356.3226,0.3536257,-0.0767423,-0.9322332,0,0,0,1.891166,-0.6342105,-2.67531,0.01432291,0.04041447,1.098058,0.8503551,-0.06025243,-0.5227484,0.2280734,0.9374633,0.2629544,0.4742137,-0.3428296,0.8109187,static,29.09717,-18.5869,0.7473152,2.107842,26.712622272878882,-7.607867682340359
05/11/2023 12:33:09.042522,497,True,True,True,True,Eyes,1.355087,-0.2949772,-3.566922,0.4679633,-0.2829473,0.8372282,0.0,0.0,0.0,0.0,0.0,0.0,0.0,-3.029605,0.9058527,2.155258,1.348964,-0.2948196,-3.568976,0.1593408,0.2625911,-0.07592942,0.9486259,20.01014,30.29532,356.316,0.353668,-0.07677353,-0.9322145,0,0,0,1.891166,-0.6342105,-2.67531,0.01481602,0.03976487,1.098184,0.8505613,-0.06037429,-0.5223988,0.2277402,0.9376905,0.2624328,0.4740041,-0.3421863,0.8113129,static,29.20273,-18.67305,0.7729523,2.073755,26.81606921035354,-7.694274974230172
05/11/2023 12:33:09.062664,498,True,True,True,True,Eyes,1.355226,-0.2950644,-3.56689,0.4693207,-0.283935,0.8361333,0.0,0.0,0.0,0.0,0.0,0.0,0.0,-3.030396,0.9031725,2.155136,1.349046,-0.2947518,-3.568869,0.1591689,0.262682,-0.07625024,0.9486039,20.00095,30.29936,356.2755,0.3537095,-0.0768039,-0.9321963,0,0,0,1.891166,-0.6342105,-2.67531,0.01471609,0.03948496,1.098089,0.8503681,-0.06104093,-0.5226357,0.2282842,0.9377023,0.2619174,0.474089,-0.3420357,0.8113267,static,29.30545,-18.75651,0.767806,2.059348,26.91674526518009,-7.77798119142588
05/11/2023 12:33:09.072496,499,True,True,True,True,Eyes,1.355356,-0.2951486,-3.566861,0.4706103,-0.2848964,0.8350808,0.0,0.0,0.0,0.0,0.0,0.0,0.0,-3.029658,0.9021659,2.156436,1.349011,-0.2947379,-3.568788,0.1589319,0.262556,-0.07620233,0.9486824,19.97235,30.28295,356.271,0.3537502,-0.07683345,-0.9321784,0,0,0,1.891166,-0.6342105,-2.67531,0.01512048,0.03893054,1.098058,0.850515,-0.06112652,-0.5223866,0.2280407,0.9378677,0.2615371,0.4739427,-0.3415666,0.8116099,static,29.40346,-18.8376,0.7889243,2.030513,27.01275702504512,-7.859322372216788
05/11/2023 12:33:09.092653,500,True,True,True,True,Eyes,1.355486,-0.2952254,-3.566833,0.4718631,-0.2858401,0.8340508,0.0,0.0,0.0,0.0,0.0,0.0,0.0,-3.029054,0.9030142,2.156914,1.348927,-0.2947462,-3.56881,0.1591051,0.262421,-0.07627653,0.9486848,19.99354,30.26591,356.2648,0.35379,-0.0768622,-0.9321609,0,0,0,1.891166,-0.6342105,-2.67531,0.01545969,0.03938884,1.098094,0.8506343,-0.06121974,-0.5221815,0.2282298,0.937735,0.261848,0.4736376,-0.3419142,0.8116416,static,29.49895,-18.91726,0.8065941,2.054329,27.106278576905623,-7.939234401651795
05/11/2023 12:33:09.112590,501,True,True,True,True,Eyes,1.355609,-0.2952993,-3.566806,0.4730673,-0.2867287,0.8330629,0.0,0.0,0.0,0.0,0.0,0.0,0.0,-3.028417,0.9038281,2.157398,1.348964,-0.294641,-3.568762,0.1592716,0.2622734,-0.07632013,0.9486941,20.01301,30.24786,356.2616,0.353829,-0.07689003,-0.9321438,0,0,0,1.891166,-0.6342105,-2.67531,0.01576182,0.03966182,1.098055,0.8507758,-0.06126352,-0.5219457,0.2283543,0.9376156,0.2621665,0.4733232,-0.3422334,0.8116904,static,29.59073,-18.99275,0.8223847,2.068628,27.196202038166085,-8.014954645805677
05/11/2023 12:33:09.122478,502,True,True,True,True,Eyes,1.35574,-0.2953704,-3.56679,0.4742524,-0.2875442,0.8321075,0.0,0.0,0.0,0.0,0.0,0.0,0.0,-3.028273,0.9032933,2.157808,1.348932,-0.2946533,-3.568764,0.1590852,0.2622781,-0.07620752,0.9487332,19.98864,30.24929,356.269,0.353867,-0.07691696,-0.9321272,0,0,0,1.891166,-0.6342105,-2.67531,0.01579687,0.03921174,1.098085,0.8508052,-0.06115208,-0.5219108,0.2280503,0.9377686,0.2618836,0.4734169,-0.3418339,0.8118042,static,29.6806,-19.06317,0.8241908,2.045117,27.28436945513036,-8.085561062458119
05/11/2023 12:33:09.142774,503,True,True,True,True,Eyes,1.355862,-0.2954381,-3.566775,0.4753838,-0.2883253,0.8311912,0.0,0.0,0.0,0.0,0.0,0.0,0.0,-3.028249,0.9038898,2.157585,1.348897,-0.2946433,-3.568774,0.159104,0.2623051,-0.07609417,0.9487317,19.98742,30.25493,356.2833,0.3539043,-0.07694297,-0.9321109,0,0,0,1.891166,-0.6342105,-2.67531,0.01573098,0.0391793,1.098115,0.8508114,-0.06091831,-0.5219281,0.2278535,0.9377912,0.2619742,0.4735005,-0.3418138,0.8117639,static,29.76657,-19.13074,0.8207309,2.043371,27.368703969814312,-8.153311686983635
05/11/2023 12:33:09.162541,504,True,True,True,True,Eyes,1.355968,-0.2955017,-3.566753,0.4764811,-0.2891183,0.8302869,0.0,0.0,0.0,0.0,0.0,0.0,0.0,-3.027771,0.9041581,2.158085,1.348808,-0.2946283,-3.568774,0.1591055,0.2622285,-0.07605942,0.9487554,19.98623,30.24607,356.2857,0.3539408,-0.07696809,-0.932095,0,0,0,1.891166,-0.6342105,-2.67531,0.01597139,0.03917135,1.09816,0.8509023,-0.06087953,-0.5217844,0.2277675,0.9378008,0.2620145,0.4733785,-0.3417943,0.8118433,static,29.85045,-19.19888,0.8332382,2.042874,27.450915319082497,-8.221652605730505
05/11/2023 12:33:09.182445,505,True,True,True,True,Eyes,1.356067,-0.2955637,-3.56673,0.477521,-0.2898806,0.8294232,0.0,0.0,0.0,0.0,0.0,0.0,0.0,-3.027115,0.9030968,2.159428,1.348794,-0.2946153,-3.568767,0.1589414,0.2620806,-0.07612333,0.9488186,19.96914,30.22532,356.27,0.3539762,-0.07699231,-0.9320796,0,0,0,1.891166,-0.6342105,-2.67531,0.01637655,0.0388608,1.098171,0.851038,-0.06114354,-0.5215321,0.2277654,0.9378858,0.2617121,0.4731356,-0.341514,0.8121027,static,29.93018,-19.26435,0.8543639,2.02667,27.529036113619995,-8.287321407366797
05/11/2023 12:33:09.192566,506,True,True,True,True,Eyes,1.35617,-0.2956222,-3.566713,0.4783552,-0.2905619,0.8287039,0.0,0.0,0.0,0.0,0.0,0.0,0.0,-3.026575,0.9021759,2.160453,1.348715,-0.2946373,-3.568724,0.1589089,0.2619369,-0.07632764,0.9488474,19.97112,30.20333,356.2422,0.3540105,-0.07701569,-0.9320647,0,0,0,1.891166,-0.6342105,-2.67531,0.01684353,0.03895769,1.098157,0.8511263,-0.06159836,-0.5213345,0.2280947,0.9378442,0.2615744,0.4728179,-0.3415465,0.8122741,static,29.99496,-19.32179,0.8787333,2.031744,27.592368702887164,-8.344970303357023
05/11/2023 12:33:09.212878,507,True,True,True,True,Eyes,1.356265,-0.2956751,-3.5667,0.4791344,-0.2912149,0.8280242,0.0,0.0,0.0,0.0,0.0,0.0,0.0,-3.025261,0.9014881,2.162443,1.348625,-0.2945929,-3.568679,0.1588735,0.2616395,-0.07650589,0.9489209,19.97138,30.16268,356.2139,0.3540438,-0.07703821,-0.9320502,0,0,0,1.891166,-0.6342105,-2.67531,0.01766735,0.03898235,1.098165,0.8513833,-0.0620609,-0.5208598,0.2283313,0.9378121,0.2614829,0.4722408,-0.3415508,0.8126079,static,30.05573,-19.3767,0.9216987,2.033015,27.65174708652726,-8.400087710666114
05/11/2023 12:33:09.232512,508,True,True,True,True,Eyes,1.356367,-0.2957259,-3.566694,0.479747,-0.2918321,0.8274521,0.0,0.0,0.0,0.0,0.0,0.0,0.0,-3.02417,0.9005142,2.164406,1.348545,-0.2945108,-3.568736,0.158817,0.2613711,-0.07670989,0.9489878,19.97014,30.12502,356.1826,0.354076,-0.07705981,-0.9320362,0,0,0,1.891166,-0.6342105,-2.67531,0.01837677,0.03896536,1.098266,0.8516015,-0.06257313,-0.5204417,0.2286138,0.9377855,0.2613313,0.4717103,-0.3415303,0.8129246,static,30.10465,-19.42711,0.9586143,2.031945,27.699342251711926,-8.450733924764233
05/11/2023 12:33:09.242702,509,True,True,True,True,Eyes,1.356464,-0.2957738,-3.566687,0.4803312,-0.2924204,0.8269053,0.0,0.0,0.0,0.0,0.0,0.0,0.0,-3.023753,0.900194,2.165127,1.348529,-0.2944996,-3.568746,0.1587129,0.2612965,-0.07666884,0.9490293,19.95688,30.11581,356.1826,0.3541073,-0.0770805,-0.9320225,0,0,0,1.891166,-0.6342105,-2.67531,0.0185703,0.0387176,1.09829,0.8516921,-0.06257972,-0.5202926,0.2284642,0.9378642,0.2611797,0.4716192,-0.3413129,0.8130689,static,30.15137,-19.47524,0.9686863,2.01899,27.74479742475946,-8.499089371038064
05/11/2023 12:33:09.262713,510,True,True,True,True,Eyes,1.356563,-0.2958177,-3.56669,0.480867,-0.2929581,0.8264033,0.0,0.0,0.0,0.0,0.0,0.0,0.0,-3.023327,0.9004408,2.16556,1.348502,-0.2944776,-3.568722,0.1586863,0.2612326,-0.07659457,0.9490573,19.95139,30.10908,356.189,0.3541378,-0.07710032,-0.9320093,0,0,0,1.891166,-0.6342105,-2.67531,0.01874125,0.03859729,1.098293,0.8517817,-0.06247718,-0.5201582,0.2282933,0.9379039,0.2611868,0.4715402,-0.3412228,0.8131524,static,30.19424,-19.5193,0.9775992,2.012716,27.78651024820109,-8.543355081114871
05/11/2023 12:33:09.282750,511,True,True,True,True,Eyes,1.35666,-0.2958607,-3.566692,0.4813995,-0.2934723,0.8259107,0.0,0.0,0.0,0.0,0.0,0.0,0.0,-3.023346,0.8996361,2.165997,1.348465,-0.294422,-3.568818,0.1584843,0.2612571,-0.07650711,0.9490913,19.92611,30.11243,356.1934,0.3541674,-0.07711922,-0.9319965,0,0,0,1.891166,-0.6342105,-2.67531,0.01870015,0.03809024,1.098425,0.8517828,-0.06241419,-0.520164,0.2280347,0.9380588,0.260856,0.4716632,-0.3408081,0.813255,static,30.23668,-19.56174,0.9753385,1.986058,27.827843505042082,-8.585985585010874
05/11/2023 12:33:09.293176,512,True,True,True,True,Eyes,1.356767,-0.2958978,-3.566699,0.4818472,-0.2940164,0.825456,0.0,0.0,0.0,0.0,0.0,0.0,0.0,-3.024363,0.9000449,2.1644,1.348525,-0.2944476,-3.56879,0.1584924,0.2614971,-0.07636469,0.9490352,19.92368,30.14505,356.2154,0.3541962,-0.07713727,-0.9319841,0,0,0,1.891166,-0.6342105,-2.67531,0.01808572,0.03800403,1.098378,0.8515754,-0.06205492,-0.5205464,0.2278362,0.9380972,0.2608916,0.4721334,-0.3407681,0.8129988,static,30.27359,-19.60522,0.9433383,1.981652,27.8635744387163,-8.629704562877325
05/11/2023 12:33:09.312584,513,True,True,True,True,Eyes,1.356866,-0.2959339,-3.566709,0.4822971,-0.2945181,0.8250143,0.0,0.0,0.0,0.0,0.0,0.0,0.0,-3.02561,0.8989493,2.163048,1.348564,-0.2943345,-3.568746,0.1582563,0.2618022,-0.07619964,0.9490038,19.89333,30.18454,356.2339,0.3542245,-0.07715439,-0.9319719,0,0,0,1.891166,-0.6342105,-2.67531,0.01741406,0.03724855,1.098394,0.8513065,-0.06176383,-0.5210206,0.2274911,0.9382972,0.2604731,0.4727843,-0.34027,0.8128292,static,30.31023,-19.64583,0.9082975,1.94226,27.899128104012497,-8.670523322375956
05/11/2023 12:33:09.332330,514,True,True,True,True,Eyes,1.356965,-0.2959679,-3.566724,0.4826983,-0.2949756,0.8246161,0.0,0.0,0.0,0.0,0.0,0.0,0.0,-3.02646,0.8982127,2.162208,1.348482,-0.2943512,-3.568801,0.1580249,0.2620359,-0.07601984,0.9489923,19.86278,30.21545,356.2527,0.3542521,-0.07717065,-0.93196,0,0,0,1.891166,-0.6342105,-2.67531,0.01694173,0.03667419,1.098502,0.8511163,-0.0614681,-0.5213662,0.2271009,0.9384982,0.260089,0.473314,-0.3397687,0.8127306,static,30.34305,-19.68277,0.8835786,1.912147,27.930956442935248,-8.707656608174407
05/11/2023 12:33:09.342718,515,True,True,True,True,Eyes,1.35706,-0.2959983,-3.566739,0.4830922,-0.2954101,0.8242298,0.0,0.0,0.0,0.0,0.0,0.0,0.0,-3.027169,0.8973088,2.161528,1.348378,-0.2943284,-3.568804,0.1578453,0.2622249,-0.07594293,0.948976,19.841,30.2392,356.2602,0.3542791,-0.07718606,-0.9319485,0,0,0,1.891166,-0.6342105,-2.67531,0.01662916,0.03623226,1.098581,0.8509415,-0.06135411,-0.5216648,0.226918,0.9386351,0.2597545,0.4737158,-0.339411,0.8126459,static,30.37514,-19.71806,0.8672165,1.888985,27.962104139966726,-8.743126353360275
05/11/2023 12:33:09.362731,516,True,True,True,True,Eyes,1.357137,-0.2960251,-3.566741,0.4834786,-0.2958218,0.8238555,0.0,0.0,0.0,0.0,0.0,0.0,0.0,-3.02775,0.8965994,2.160985,1.348354,-0.2942715,-3.568804,0.1577736,0.2623487,-0.07596456,0.9489521,19.83408,30.25371,356.2581,0.3543053,-0.07720063,-0.9319373,0,0,0,1.891166,-0.6342105,-2.67531,0.01639649,0.03603679,1.09862,0.8508051,-0.06139007,-0.521883,0.2269568,0.9386738,0.2595807,0.4739422,-0.3392975,0.8125613,static,30.40649,-19.75169,0.8550544,1.878734,27.992561455885244,-8.776922513045744
05/11/2023 12:33:09.382667,517,True,True,True,True,Eyes,1.357212,-0.2960492,-3.566745,0.4838681,-0.2961939,0.8234931,0.0,0.0,0.0,0.0,0.0,0.0,0.0,-3.02845,0.8953182,2.160535,1.348423,-0.2942361,-3.568781,0.1576093,0.2624833,-0.07599092,0.94894,19.81695,30.26884,356.2529,0.3543307,-0.07721437,-0.9319265,0,0,0,1.891166,-0.6342105,-2.67531,0.01609415,0.03563923,1.098596,0.8506559,-0.06148203,-0.5221155,0.2269613,0.9387694,0.2592309,0.474208,-0.3390163,0.8125237,static,30.43764,-19.78264,0.8393083,1.858064,28.02290572302644,-8.808010107334887
05/11/2023 12:33:09.393008,518,True,True,True,True,Eyes,1.35729,-0.2960742,-3.566752,0.4842419,-0.2965801,0.8231343,0.0,0.0,0.0,0.0,0.0,0.0,0.0,-3.029528,0.8931682,2.159929,1.34844,-0.2942011,-3.568786,0.1572931,0.262711,-0.07599638,0.9489291,19.78247,30.29494,356.2474,0.3543552,-0.0772273,-0.9319161,0,0,0,1.891166,-0.6342105,-2.67531,0.01564381,0.03491729,1.098632,0.8504149,-0.0615851,-0.5224957,0.2268756,0.9389669,0.2585897,0.4746809,-0.3384501,0.8124835,static,30.46788,-19.81439,0.8157994,1.820391,28.052307362940674,-8.839912694116695
05/11/2023 12:33:09.412619,519,True,True,True,True,Eyes,1.357365,-0.2960992,-3.56676,0.4846272,-0.2969552,0.8227722,0.0,0.0,0.0,0.0,0.0,0.0,0.0,-3.031162,0.8922056,2.158146,1.348503,-0.2942421,-3.568828,0.1571871,0.2630425,-0.07599347,0.948855,19.77179,30.33552,356.2517,0.3543789,-0.07723952,-0.9319061,0,0,0,1.891166,-0.6342105,-2.67531,0.01484382,0.03470275,1.098641,0.8500673,-0.06151979,-0.5230687,0.2269074,0.9390344,0.2583166,0.4752879,-0.3382746,0.8122017,static,30.49882,-19.84554,0.7740808,1.8092,28.08243359367679,-8.871203919847321
05/11/2023 12:33:09.432702,520,True,True,True,True,Eyes,1.357449,-0.2961168,-3.566778,0.484975,-0.2973211,0.8224351,0.0,0.0,0.0,0.0,0.0,0.0,0.0,-3.032912,0.8923208,2.155663,1.348496,-0.2942678,-3.568844,0.157246,0.263422,-0.07594752,0.9487436,19.7785,30.384,356.2671,0.3544019,-0.0772511,-0.9318964,0,0,0,1.891166,-0.6342105,-2.67531,0.01395789,0.03480414,1.098658,0.8496817,-0.06126532,-0.5237247,0.2269536,0.9390113,0.2583598,0.475955,-0.3383848,0.8117651,static,30.52708,-19.87559,0.7278746,1.814454,28.10989763947766,-8.90140074260713
05/11/2023 12:33:09.443010,521,True,True,True,True,Eyes,1.357529,-0.2961319,-3.566796,0.485331,-0.2976376,0.8221105,1.091006,1.887028,-0.6208565,-2.669868,-0.2757886,0.8901447,0.3627438,0.00606662,0.04757053,1.096684,1.34843,-0.2940879,-3.56884,0.1572439,0.2637576,-0.07585457,0.9486582,19.77673,30.42748,356.285,0.3544244,-0.07726189,-0.931887,0,0,0,1.891166,-0.6342105,-2.67531,0.01324809,0.03456353,1.098759,0.8493561,-0.0609716,-0.5242869,0.2268686,0.939041,0.2583269,0.4765762,-0.3383558,0.8114126,static,30.55538,-19.90233,0.6908001,1.801752,28.13751105121731,-8.928250371291625
05/11/2023 12:33:09.463117,522,True,True,True,True,Eyes,1.357616,-0.2961415,-3.566823,0.4856972,-0.2979423,0.8217838,1.088128,1.886117,-0.6203408,-2.672617,-0.336514,0.9244123,0.1794996,0.006260991,0.04609405,1.093928,1.348395,-0.2940537,-3.56885,0.156862,0.2639759,-0.07553952,0.9486859,19.72504,30.45792,356.3143,0.3544462,-0.07727189,-0.9318779,0,0,0,1.891166,-0.6342105,-2.67531,0.01280066,0.03351288,1.098833,0.849221,-0.06051097,-0.5245588,0.2261421,0.9393762,0.2577443,0.4771618,-0.3375067,0.8114221,static,30.58427,-19.92839,0.6674271,1.7469,28.165740933602507,-8.954408479848155
05/11/2023 12:33:09.482467,523,True,True,True,True,Eyes,1.357701,-0.2961498,-3.566846,0.4860757,-0.2981972,0.8214675,1.086708,1.885923,-0.6202033,-2.674151,-0.3494752,0.9337536,0.07727441,0.006347805,0.04471633,1.092684,1.348413,-0.293919,-3.568924,0.1564213,0.2642444,-0.07553739,0.9486841,19.67652,30.48836,356.3066,0.3544677,-0.07728104,-0.931869,0,0,0,1.891166,-0.6342105,-2.67531,0.01225662,0.03244144,1.098965,0.848938,-0.0606553,-0.5250003,0.2259891,0.9396529,0.2568681,0.4777377,-0.3367095,0.8114145,static,30.61349,-19.95118,0.6389866,1.690881,28.19441085883691,-8.977257906999448
05/11/2023 12:33:09.492468,524,True,True,True,True,Eyes,1.357798,-0.2961615,-3.566877,0.4864199,-0.2984217,0.8211823,1.085698,1.885903,-0.6201575,-2.675321,-0.3507215,0.9364794,-0.00074674,0.006343246,0.04331121,1.091713,1.34844,-0.2939029,-3.568879,0.155937,0.2645537,-0.07543969,0.9486854,19.62034,30.52534,356.3095,0.3544887,-0.07728938,-0.9318603,0,0,0,1.891166,-0.6342105,-2.67531,0.01165584,0.0312921,1.098959,0.8486404,-0.06062965,-0.5254841,0.2256445,0.939985,0.2559546,0.4784288,-0.3357859,0.81139,static,30.64,-19.9714,0.6076707,1.631017,28.220436840884418,-8.997526731435194
05/11/2023 12:33:09.512916,525,True,True,True,True,Eyes,1.357886,-0.2961742,-3.566908,0.4867506,-0.2986342,0.8209089,1.084935,1.885979,-0.6201729,-2.676275,-0.3458782,0.9360675,-0.06438863,0.006397486,0.04224545,1.090947,1.348439,-0.2939811,-3.568822,0.155564,0.2648215,-0.07532014,0.9486815,19.57582,30.55832,356.3174,0.3545095,-0.07729706,-0.9318517,0,0,0,1.891166,-0.6342105,-2.67531,0.01113981,0.03046167,1.098918,0.8483929,-0.06051626,-0.5258965,0.225303,0.9402535,0.2552685,0.4790282,-0.3350541,0.8113389,static,30.66544,-19.99062,0.5807915,1.587815,28.245418419156564,-9.016791533815958
05/11/2023 12:33:09.532470,526,True,True,True,True,Eyes,1.357978,-0.2961868,-3.566943,0.4870786,-0.2988359,0.8206409,1.084284,1.886109,-0.6202098,-2.677135,-0.3371747,0.9335437,-0.1216942,0.007045209,0.04199977,1.090387,1.348329,-0.2940157,-3.568846,0.155529,0.2648216,-0.07530387,0.9486884,19.5714,30.5584,356.3182,0.35453,-0.07730418,-0.9318433,0,0,0,1.891166,-0.6342105,-2.67531,0.01122266,0.03043999,1.09898,0.8483977,-0.0605049,-0.5258903,0.2252547,0.9402801,0.255213,0.4790426,-0.3349813,0.8113604,static,30.69059,-20.00907,0.5850776,1.586595,28.27013337980425,-9.035279679422931
05/11/2023 12:33:09.542454,527,True,True,True,True,Eyes,1.358065,-0.2962013,-3.566976,0.4873958,-0.2990231,0.8203844,1.083744,1.886278,-0.6202657,-2.677889,-0.3258766,0.9296444,-0.1719465,0.00753504,0.04177642,1.089885,1.348347,-0.2940165,-3.568868,0.1555098,0.264839,-0.07534132,0.9486837,19.57046,30.55974,356.3137,0.3545503,-0.07731079,-0.9318351,0,0,0,1.891166,-0.6342105,-2.67531,0.01117027,0.03042388,1.098991,0.8483679,-0.06058005,-0.5259296,0.2253203,0.9402808,0.2551526,0.4790643,-0.3349658,0.811354,static,30.71482,-20.02636,0.5823409,1.585741,28.293960241958935,-9.052601017837176
05/11/2023 12:33:09.562802,528,True,True,True,True,Eyes,1.35815,-0.2962118,-3.567012,0.4876649,-0.2992417,0.8201448,1.083243,1.88641,-0.6203632,-2.678596,-0.3169639,0.9228122,-0.2189782,0.007990658,0.04140744,1.089398,1.348343,-0.2940776,-3.568871,0.1554462,0.2648524,-0.07526065,0.9486969,19.5609,30.56246,356.3213,0.3545702,-0.07731699,-0.931827,0,0,0,1.891166,-0.6342105,-2.67531,0.01113468,0.03029528,1.098979,0.8483781,-0.06045846,-0.5259272,0.2251397,0.9403446,0.2550768,0.4791313,-0.3348086,0.8113794,static,30.73607,-20.04523,0.580492,1.579058,28.31473452790833,-9.071539852439294
05/11/2023 12:33:09.572464,529,True,True,True,True,Eyes,1.358232,-0.2962219,-3.567044,0.4879304,-0.2994424,0.8199135,1.082827,1.886576,-0.6204663,-2.67922,-0.3057912,0.9157612,-0.260525,0.008306921,0.04094927,1.089117,1.348351,-0.2939934,-3.568968,0.155388,0.2648975,-0.07516869,0.9487011,19.55171,30.56938,356.3311,0.3545897,-0.07732271,-0.9318191,0,0,0,1.891166,-0.6342105,-2.67531,0.01097274,0.03005369,1.099089,0.8483579,-0.06030147,-0.5259778,0.224949,0.9404085,0.2550094,0.4792565,-0.3346574,0.8113678,static,30.75687,-20.06281,0.5719927,1.566316,28.33509823353961,-9.089177295792226
05/11/2023 12:33:09.592892,530,True,True,True,True,Eyes,1.358313,-0.2962303,-3.567081,0.4881962,-0.2996701,0.8196721,1.08243,1.886751,-0.6206023,-2.679843,-0.2941439,0.9067702,-0.3020714,0.008635014,0.04042035,1.088714,1.348364,-0.2939949,-3.568929,0.1552698,0.2649817,-0.07514509,0.9486988,19.53804,30.57947,356.3319,0.3546089,-0.077328,-0.9318114,0,0,0,1.891166,-0.6342105,-2.67531,0.01081514,0.02976963,1.09906,0.8482758,-0.06029283,-0.5261111,0.2248674,0.940489,0.2547843,0.4794401,-0.3344326,0.811352,static,30.778,-20.08228,0.5637928,1.55156,28.35573191912205,-9.108723624281179
05/11/2023 12:33:09.612505,531,True,True,True,True,Eyes,1.358388,-0.2962396,-3.567116,0.4884516,-0.2998815,0.8194426,1.082104,1.886944,-0.6207427,-2.680393,-0.2814469,0.8977567,-0.338852,0.008835465,0.04007596,1.088492,1.348348,-0.2939535,-3.569001,0.1552218,0.265095,-0.0751626,0.9486735,19.53363,30.59292,356.3308,0.3546277,-0.07733285,-0.9318039,0,0,0,1.891166,-0.6342105,-2.67531,0.0105533,0.0296534,1.099144,0.8481504,-0.06031248,-0.526311,0.2249065,0.9405136,0.2546591,0.4796436,-0.33436,0.8112617,static,30.79823,-20.1005,0.5501015,1.545386,28.37550061002672,-9.12701200815933
05/11/2023 12:33:09.622865,532,True,True,True,True,Eyes,1.358445,-0.2962452,-3.567143,0.4886666,-0.3001224,0.8192261,1.081777,1.887073,-0.6209106,-2.680923,-0.2727534,0.8863829,-0.3740736,0.00934276,0.03965713,1.088192,1.348276,-0.2939869,-3.568976,0.1551228,0.2650912,-0.07518264,0.9486892,19.52312,30.5914,356.3253,0.354646,-0.07733735,-0.9317965,0,0,0,1.891166,-0.6342105,-2.67531,0.01066312,0.02949637,1.099153,0.8481485,-0.06040652,-0.5263034,0.2248933,0.940569,0.2544661,0.4796532,-0.3341871,0.8113272,static,30.81599,-20.12024,0.5558213,1.537194,28.39273221104996,-9.146853818409351
05/11/2023 12:33:09.642750,533,True,True,True,True,Eyes,1.358499,-0.2962453,-3.567165,0.4888692,-0.300347,0.819023,1.081512,1.887216,-0.6210741,-2.681382,-0.2632666,0.8756918,-0.4047896,0.01003507,0.03933297,1.088044,1.348181,-0.2939148,-3.569017,0.1550686,0.264992,-0.07527655,0.9487184,19.51953,30.57696,356.3106,0.3546636,-0.07734144,-0.9317895,0,0,0,1.891166,-0.6342105,-2.67531,0.0109868,0.02941041,1.099255,0.8482254,-0.06064865,-0.5261515,0.2250164,0.9405744,0.2543374,0.4794594,-0.3341281,0.811466,static,30.83269,-20.13868,0.5726394,1.532575,28.40893936447658,-9.165388193037217
05/11/2023 12:33:09.662887,534,True,True,True,True,Eyes,1.358544,-0.2962399,-3.567181,0.4890403,-0.3004935,0.818867,1.081353,1.88737,-0.6211797,-2.681696,-0.2530617,0.8687362,-0.4257432,0.01057729,0.03887551,1.087887,1.348156,-0.2937858,-3.568929,0.1550029,0.264919,-0.07521152,0.9487545,19.50988,30.56865,356.3145,0.3546804,-0.07734505,-0.9317828,0,0,0,1.891166,-0.6342105,-2.67531,0.01122776,0.02909559,1.099241,0.8483222,-0.06058814,-0.5260022,0.224841,0.9406347,0.2542694,0.4793702,-0.3339693,0.8115841,static,30.84632,-20.15125,0.5852044,1.516197,28.422248859037943,-9.178007549447166
05/11/2023 12:33:09.682592,535,True,True,True,True,Eyes,1.358591,-0.2962327,-3.56719,0.4892061,-0.3005992,0.8187292,1.081244,1.887542,-0.6212537,-2.681945,-0.2415716,0.8637223,-0.4422972,0.01160255,0.03701453,1.087844,1.348136,-0.2936655,-3.56887,0.1543137,0.2646526,-0.07488507,0.9489671,19.42145,30.53688,356.3251,0.3546965,-0.0773481,-0.9317765,0,0,0,1.891166,-0.6342105,-2.67531,0.01197544,0.02731146,1.099278,0.8487025,-0.06044792,-0.5254047,0.2238059,0.941159,0.2532401,0.4791816,-0.3325142,0.8122927,static,30.85911,-20.16088,0.6241505,1.423216,28.434809470622127,-9.187659707036943
05/11/2023 12:33:09.692458,536,True,True,True,True,Eyes,1.358626,-0.2962359,-3.567202,0.4893884,-0.3006984,0.8185838,1.081139,1.887723,-0.6213328,-2.682199,-0.2294147,0.8582435,-0.4591154,0.01210171,0.03583543,1.087668,1.348197,-0.2936112,-3.568743,0.1537622,0.2646554,-0.07517451,0.949033,19.36843,30.52826,356.2746,0.3547119,-0.07735059,-0.9317704,0,0,0,1.891166,-0.6342105,-2.67531,0.01219261,0.02622002,1.099186,0.8486125,-0.06129817,-0.5254515,0.2240742,0.9414119,0.2520601,0.4792155,-0.3316415,0.8126293,static,30.873,-20.1703,0.6355213,1.366476,28.44848457147495,-9.197092187525172
05/11/2023 12:33:09.712675,537,True,True,True,True,Eyes,1.358654,-0.2962461,-3.567213,0.4895452,-0.3008106,0.8184488,1.081043,1.887873,-0.6214353,-2.682435,-0.2196017,0.8520309,-0.4752035,0.01252925,0.03563596,1.087674,1.348071,-0.2938695,-3.568875,0.1535577,0.2646186,-0.07525139,0.9490703,19.34769,30.52093,356.2585,0.3547265,-0.07735288,-0.9317646,0,0,0,1.891166,-0.6342105,-2.67531,0.01236653,0.02613887,1.099275,0.8486285,-0.06156926,-0.5253941,0.2241061,0.9415146,0.2516482,0.4791724,-0.3312998,0.812794,static,30.88524,-20.18027,0.644534,1.362138,28.460480193312208,-9.207091805397738
05/11/2023 12:33:09.732724,538,True,True,True,True,Eyes,1.358663,-0.296248,-3.567217,0.4896794,-0.3010119,0.8182946,1.080858,1.887937,-0.621599,-2.682757,-0.2153004,0.8408972,-0.4965255,0.0133484,0.03613019,1.087496,1.34791,-0.294046,-3.568878,0.1537762,0.2643943,-0.07530824,0.9490929,19.37308,30.49347,356.254,0.3547401,-0.07735516,-0.9317592,0,0,0,1.891166,-0.6342105,-2.67531,0.01295671,0.02685946,1.099278,0.8488487,-0.06163393,-0.5250306,0.2242641,0.9413631,0.2520736,0.4787081,-0.3317179,0.8128971,static,30.89691,-20.19618,0.6752887,1.399671,28.471706123415153,-9.223101492219676
05/11/2023 12:33:09.742406,539,True,True,True,True,Eyes,1.358671,-0.2962535,-3.56722,0.4897974,-0.3012213,0.8181469,1.080669,1.88798,-0.6217741,-2.683074,-0.2123454,0.82891,-0.5175111,0.0139243,0.0372919,1.087393,1.347862,-0.2938524,-3.568934,0.1543992,0.2642117,-0.07566938,0.9490139,19.45337,30.46827,356.2278,0.3547526,-0.07735725,-0.9317542,0,0,0,1.891166,-0.6342105,-2.67531,0.01332542,0.02827328,1.099368,0.8489327,-0.06203444,-0.5248476,0.2252107,0.9408701,0.2530685,0.4781144,-0.3330395,0.8127062,static,30.90756,-20.21245,0.6944472,1.473194,28.481893170968142,-9.239481996187159
05/11/2023 12:33:09.762321,540,True,True,True,True,Eyes,1.358661,-0.2962504,-3.567216,0.4899272,-0.3014149,0.8179978,1.080529,1.888042,-0.6219379,-2.683346,-0.2082883,0.8182622,-0.5357823,0.01437455,0.03766164,1.087235,1.34783,-0.2939511,-3.568954,0.1547359,0.2640323,-0.07527304,0.9490405,19.47833,30.4555,356.2802,0.354764,-0.07735926,-0.9317497,0,0,0,1.891166,-0.6342105,-2.67531,0.01356381,0.02885813,1.099351,0.8492419,-0.06116374,-0.5244496,0.2245849,0.9407815,0.2539523,0.4778598,-0.3334503,0.8126875,static,30.91885,-20.22777,0.7068805,1.503677,28.492755931811423,-9.254897634447694
05/11/2023 12:33:09.772634,541,True,True,True,True,Eyes,1.358651,-0.2962472,-3.56721,0.4900494,-0.3015839,0.8178623,1.080408,1.888104,-0.6220809,-2.683585,-0.2041176,0.8086658,-0.5517206,0.0148108,0.03716078,1.087245,1.347803,-0.2937682,-3.569016,0.154736,0.2638936,-0.07498936,0.9491016,19.46912,30.44349,356.3101,0.354774,-0.077361,-0.9317457,0,0,0,1.891166,-0.6342105,-2.67531,0.01381028,0.02853757,1.099477,0.8494735,-0.06067734,-0.5241307,0.2240127,0.9408667,0.254142,0.4777165,-0.3332988,0.8128339,static,30.92934,-20.24128,0.7196411,1.486812,28.502872842424964,-9.268488413813348
05/11/2023 12:33:09.793265,542,True,True,True,True,Eyes,1.358635,-0.2962484,-3.567206,0.4901597,-0.301758,0.817732,1.080286,1.888147,-0.6222333,-2.683821,-0.2012214,0.7984602,-0.5674251,0.01522103,0.03649713,1.087132,1.347766,-0.2937663,-3.568986,0.1545222,0.2638268,-0.07495429,0.9491578,19.44378,30.4344,356.306,0.3547829,-0.07736251,-0.9317423,0,0,0,1.891166,-0.6342105,-2.67531,0.01405299,0.02806212,1.099481,0.8495545,-0.06075268,-0.5239907,0.2238211,0.9410095,0.253782,0.4776623,-0.3328818,0.8130366,static,30.93905,-20.25498,0.7322847,1.462046,28.512198124558694,-9.282276513546513
05/11/2023 12:33:09.812828,543,True,True,True,True,Eyes,1.358617,-0.2962447,-3.567201,0.4902523,-0.3019221,0.8176159,1.080177,1.888176,-0.6223741,-2.684031,-0.1992401,0.7889157,-0.581305,0.01571795,0.03639925,1.087069,1.347711,-0.2938759,-3.569061,0.154501,0.263668,-0.07492486,0.9492077,19.43988,30.41507,356.3054,0.3547905,-0.07736392,-0.9317393,0,0,0,1.891166,-0.6342105,-2.67531,0.01440987,0.02814299,1.099528,0.8497309,-0.06076457,-0.5237033,0.2237124,0.9410314,0.2537965,0.4773994,-0.3328176,0.8132173,static,30.94741,-20.26774,0.7508469,1.466195,28.520195099014977,-9.295123127510003
05/11/2023 12:33:09.822339,544,True,True,True,True,Eyes,1.358596,-0.2962293,-3.567191,0.4903418,-0.3020324,0.8175215,1.080125,1.888226,-0.6224622,-2.684165,-0.195931,0.7830883,-0.5902404,0.01632771,0.03613503,1.087089,1.34765,-0.2937546,-3.569073,0.1544498,0.2634827,-0.07498051,0.949263,19.43512,30.39068,356.2935,0.354797,-0.07736511,-0.9317367,0,0,0,1.891166,-0.6342105,-2.67531,0.01490763,0.02798361,1.099603,0.8499096,-0.06096272,-0.5233901,0.2237421,0.9410464,0.2537149,0.4770672,-0.3327391,0.8134443,static,30.95494,-20.2767,0.7767274,1.457796,28.527481603111376,-9.30413288155454
05/11/2023 12:33:09.842578,545,True,True,True,True,Eyes,1.358577,-0.2962098,-3.56718,0.4904454,-0.3020807,0.8174416,1.080127,1.88832,-0.6224953,-2.684239,-0.189693,0.7808815,-0.5951813,0.0166046,0.03461078,1.087146,1.347755,-0.2934773,-3.569053,0.1539236,0.2634255,-0.07482358,0.9493766,19.37102,30.38298,356.2941,0.3548025,-0.07736582,-0.9317346,0,0,0,1.891166,-0.6342105,-2.67531,0.01506633,0.0264746,1.099656,0.8500168,-0.06097669,-0.5232142,0.2231663,0.9414179,0.2528421,0.4771457,-0.3316839,0.8138291,static,30.96275,-20.28149,0.7849572,1.379149,28.53518746818564,-9.308924246894279
05/11/2023 12:33:09.862710,546,True,True,True,True,Eyes,1.358563,-0.2961915,-3.56718,0.4905492,-0.3020499,0.8173906,1.080202,1.888455,-0.6224663,-2.684233,-0.1807449,0.7831141,-0.5950323,0.01654503,0.03290223,1.087266,1.347787,-0.2933719,-3.569038,0.1532043,0.2635514,-0.07461573,0.9494744,19.2844,30.39767,356.2984,0.3548071,-0.07736598,-0.9317328,0,0,0,1.891166,-0.6342105,-2.67531,0.01489463,0.02468818,1.099704,0.8499463,-0.060937,-0.5233334,0.2224459,0.9419219,0.251597,0.4776076,-0.3302574,0.8141382,static,30.96968,-20.28076,0.7759793,1.286065,28.542189206527965,-9.30813989684421
05/11/2023 12:33:09.882462,547,True,True,True,True,Eyes,1.358546,-0.2961743,-3.567181,0.4906556,-0.3020123,0.8173406,1.080271,1.888587,-0.6224294,-2.684232,-0.1718787,0.78531,-0.5947655,0.01642954,0.03178746,1.087511,1.347689,-0.2933787,-3.56917,0.152669,0.2636989,-0.07445465,0.9495324,19.21995,30.41541,356.3036,0.354811,-0.07736566,-0.9317313,0,0,0,1.891166,-0.6342105,-2.67531,0.01466706,0.0234949,1.099887,0.8498387,-0.06087688,-0.5235151,0.2219115,0.9422973,0.2506611,0.4780475,-0.3291956,0.8143101,static,30.9767,-20.27958,0.7639974,1.22372,28.549296395145504,-9.306899926379014
05/11/2023 12:33:09.892667,548,True,True,True,True,Eyes,1.358527,-0.2961518,-3.567179,0.49077,-0.3019482,0.8172956,1.080378,1.888744,-0.62237,-2.684191,-0.1614549,0.7894741,-0.5921682,0.01645088,0.03168789,1.087672,1.347594,-0.2933877,-3.569196,0.1525543,0.2637818,-0.07447177,0.9495265,19.20792,30.42464,356.2998,0.3548141,-0.07736494,-0.9317302,0,0,0,1.891166,-0.6342105,-2.67531,0.0145795,0.02329126,1.099958,0.8497462,-0.06094373,-0.5236576,0.2219079,0.9423623,0.2504201,0.4782137,-0.3289973,0.8142926,static,30.984,-20.27665,0.7593883,1.213039,28.556743186560027,-9.303888565470622
05/11/2023 12:33:09.912479,549,True,True,True,True,Eyes,1.358507,-0.2961256,-3.567176,0.4908893,-0.301845,0.8172621,1.08051,1.888918,-0.622272,-2.684116,-0.1498024,0.795661,-0.5869267,0.01635811,0.03114827,1.087826,1.347653,-0.2932502,-3.569204,0.1522944,0.263877,-0.07448136,0.949541,19.17941,30.43459,356.2926,0.3548165,-0.07736371,-0.9317294,0,0,0,1.891166,-0.6342105,-2.67531,0.01438415,0.02259551,1.099995,0.8496428,-0.06107222,-0.5238102,0.2218202,0.9425179,0.2499116,0.4784379,-0.3285273,0.8143507,static,30.99117,-20.27105,0.749189,1.176774,28.56414708122461,-9.298178284002237
05/11/2023 12:33:09.922727,550,True,True,True,True,Eyes,1.358482,-0.2960978,-3.567177,0.4910424,-0.3017059,0.8172215,1.080703,1.889153,-0.6221524,-2.684003,-0.1341632,0.8038507,-0.5795036,0.01653278,0.03004803,1.088055,1.34762,-0.2931438,-3.569179,0.151789,0.2639133,-0.07428339,0.9496273,19.11679,30.43939,356.3005,0.3548182,-0.07736196,-0.9317288,0,0,0,1.891166,-0.6342105,-2.67531,0.01442468,0.02128907,1.100049,0.8496634,-0.06096477,-0.5237893,0.2212014,0.9428841,0.2490773,0.4786878,-0.3274948,0.8146197,static,31.00032,-20.26339,0.7512629,1.108697,28.57361249180424,-9.29037181884362
05/11/2023 12:33:09.942662,551,True,True,True,True,Eyes,1.358459,-0.2960669,-3.567176,0.4911951,-0.3015288,0.8171951,1.080934,1.889408,-0.6219996,-2.683842,-0.1171614,0.8140777,-0.5688152,0.01671892,0.02950713,1.088461,1.347523,-0.2930899,-3.569323,0.1514726,0.263904,-0.07409291,0.9496953,19.07542,30.43962,356.3125,0.3548192,-0.07735968,-0.9317287,0,0,0,1.891166,-0.6342105,-2.67531,0.01448628,0.0204995,1.100245,0.8497298,-0.06078289,-0.523703,0.2206799,0.9431326,0.2485988,0.4788108,-0.3268125,0.8148214,static,31.009,-20.25306,0.7543365,1.067398,28.582692666401726,-9.279868700083423
05/11/2023 12:33:09.963479,552,True,True,True,True,Eyes,1.358434,-0.2960406,-3.567179,0.4913567,-0.3013384,0.8171681,1.081177,1.889678,-0.6218408,-2.683676,-0.09914517,0.8242649,-0.5574563,0.01697287,0.02840739,1.08869,1.347557,-0.2929903,-3.569285,0.1509136,0.2638984,-0.07399927,0.9497931,19.00981,30.437,356.3059,0.3548196,-0.07735685,-0.9317287,0,0,0,1.891166,-0.6342105,-2.67531,0.01461014,0.01913579,1.100251,0.8497635,-0.06091627,-0.5236327,0.2202197,0.9434984,0.2476168,0.4789627,-0.3257299,0.8151655,static,31.01816,-20.24193,0.760781,0.9963992,28.592282509785463,-9.268553455866197
05/11/2023 12:33:09.982600,553,True,True,True,True,Eyes,1.358401,-0.2960118,-3.567175,0.4915419,-0.3012062,0.8171055,1.081408,1.889958,-0.6217387,-2.68355,-0.08052226,0.8316209,-0.549475,0.01732725,0.02691753,1.089057,1.347507,-0.2930354,-3.569423,0.1501472,0.2638569,-0.07376121,0.9499446,18.91638,30.43122,356.3087,0.3548194,-0.07735362,-0.9317291,0,0,0,1.891166,-0.6342105,-2.67531,0.01479977,0.01743856,1.1004,0.8498777,-0.06090339,-0.5234489,0.2193729,0.9440302,0.2463382,0.4791487,-0.3241878,0.8156707,static,31.02963,-20.23519,0.7705502,0.9079174,28.604053560892922,-9.26166178585214
05/11/2023 12:33:09.992760,554,True,True,True,True,Eyes,1.358366,-0.2959825,-3.567174,0.4917197,-0.3010667,0.8170499,1.081639,1.890229,-0.621628,-2.683421,-0.06245179,0.8388512,-0.5407667,0.01742408,0.0271728,1.089248,1.34758,-0.2930059,-3.569448,0.1500658,0.2639033,-0.0741911,0.9499111,18.92056,30.42879,356.2576,0.3548185,-0.07735,-0.9317297,0,0,0,1.891166,-0.6342105,-2.67531,0.01474956,0.01749666,1.100393,0.8497015,-0.06174417,-0.5236364,0.2201556,0.9439518,0.2459397,0.4791022,-0.3242568,0.8156706,static,31.04051,-20.22784,0.7679409,0.9109478,28.615250657079358,-9.254157244330742
05/11/2023 12:33:10.012762,555,True,True,True,True,Eyes,1.358334,-0.2959457,-3.567181,0.4919051,-0.3009103,0.8169959,1.081904,1.890528,-0.6215017,-2.68327,-0.04250728,0.8467185,-0.5303403,0.01769528,0.02703884,1.089601,1.347508,-0.2929651,-3.569536,0.1498966,0.2638826,-0.07419257,0.9499434,18.90154,30.42514,356.2518,0.3548169,-0.077346,-0.9317307,0,0,0,1.891166,-0.6342105,-2.67531,0.01485565,0.01713674,1.100517,0.8497229,-0.06184728,-0.5235896,0.2200677,0.944053,0.2456303,0.4791046,-0.3239428,0.815794,static,31.05173,-20.21941,0.7733768,0.8921109,28.626825687058044,-9.245558387039974
05/11/2023 12:33:10.022396,556,True,True,True,True,Eyes,1.358304,-0.2959099,-3.567187,0.492103,-0.3007503,0.8169357,1.08221,1.890863,-0.6213849,-2.683091,-0.02018818,0.8547881,-0.5185845,0.01745343,0.02644153,1.09008,1.347549,-0.2927583,-3.56971,0.1496692,0.2640183,-0.0739174,0.9499631,18.86816,30.44541,356.2792,0.3548147,-0.07734147,-0.9317319,0,0,0,1.891166,-0.6342105,-2.67531,0.01442322,0.01630622,1.100721,0.8496612,-0.06140678,-0.5237415,0.2194684,0.9442707,0.2453294,0.4794888,-0.3233916,0.815787,static,31.06378,-20.21091,0.7507282,0.8487248,28.63923873457017,-9.236883214762234
05/11/2023 12:33:10.060122,557,True,True,True,True,Eyes,1.358274,-0.2958673,-3.567198,0.4923009,-0.3005558,0.816888,1.082579,1.891229,-0.6212428,-2.682852,0.004195757,0.8644252,-0.5027438,0.01744798,0.02557011,1.090424,1.347543,-0.292748,-3.569689,0.1492293,0.264122,-0.07361143,0.9500272,18.80986,30.46092,356.303,0.354812,-0.07733646,-0.9317333,0,0,0,1.891166,-0.6342105,-2.67531,0.01423544,0.01515195,1.100729,0.8496418,-0.06103621,-0.5238163,0.2186952,0.9446239,0.244659,0.4798763,-0.3224286,0.8159403,static,31.07544,-20.19997,0.7409499,0.7886481,28.65133951618475,-9.225743421431414
05/11/2023 12:33:10.072458,558,True,True,True,True,Eyes,1.358232,-0.2958311,-3.567203,0.4925199,-0.3003471,0.8168328,1.08298,1.891621,-0.621101,-2.682589,0.03034714,0.8738651,-0.4852206,0.01763859,0.02453798,1.091006,1.347507,-0.2925506,-3.569833,0.1486825,0.2641621,-0.07358968,0.9501035,18.74802,30.46283,356.2894,0.3548088,-0.07733085,-0.931735,0,0,0,1.891166,-0.6342105,-2.67531,0.01424202,0.01382427,1.100943,0.8496059,-0.06128301,-0.5238456,0.2183882,0.9449562,0.2436484,0.4800796,-0.3214067,0.8162237,static,31.08842,-20.18833,0.7411488,0.7194114,28.664792450072532,-9.213887017553446
05/11/2023 12:33:10.082610,559,True,True,True,True,Eyes,1.35819,-0.2957915,-3.56721,0.4927093,-0.3001361,0.8167961,1.083399,1.891991,-0.6209588,-2.682294,0.05501858,0.8833128,-0.4655443,0.01826236,0.02448948,1.091403,1.347395,-0.2926775,-3.569841,0.1484095,0.2640317,-0.07372723,0.9501718,18.72109,30.44255,356.2625,0.354805,-0.07732488,-0.931737,0,0,0,1.891166,-0.6342105,-2.67531,0.01472199,0.01348306,1.100963,0.8497031,-0.06173746,-0.5236345,0.2184766,0.9450779,0.2430963,0.4798672,-0.3209616,0.8165238,static,31.0993,-20.17613,0.7661092,0.7016442,28.676149392199967,-9.201478367945793
05/11/2023 12:33:10.097919,560,True,True,True,True,Eyes,1.358124,-0.2957492,-3.5672,0.4929074,-0.3000224,0.8167183,1.083721,1.892299,-0.6208899,-2.682105,0.0755483,0.8882371,-0.4531308,0.01913467,0.02431838,1.091792,1.347371,-0.2925573,-3.569922,0.1482661,0.2637256,-0.07376289,0.9502764,18.70489,30.40314,356.2477,0.3548006,-0.0773185,-0.9317392,0,0,0,1.891166,-0.6342105,-2.67531,0.01544282,0.01313139,1.101072,0.8500156,-0.06198708,-0.5230976,0.2183934,0.9451524,0.2428813,0.4793514,-0.320694,0.8169319,static,31.1119,-20.17087,0.8035354,0.6832775,28.689009440084007,-9.196075674962334
05/11/2023 12:33:10.112653,561,True,True,True,True,Eyes,1.358062,-0.295705,-3.567195,0.4930761,-0.2998784,0.8166693,1.084064,1.892588,-0.6207924,-2.681873,0.0947732,0.8942477,-0.4374233,0.02027598,0.02438104,1.092102,1.347332,-0.2924784,-3.569904,0.1481525,0.2633251,-0.07397569,0.9503886,18.69706,30.34912,356.2115,0.3547952,-0.07731172,-0.9317418,0,0,0,1.891166,-0.6342105,-2.67531,0.01647761,0.01298061,1.101088,0.8503749,-0.06258672,-0.5224417,0.2186359,0.9451568,0.2426456,0.4786029,-0.3205643,0.8174214,static,31.1221,-20.16308,0.8573586,0.6754225,28.699536359293468,-9.188130758582911
05/11/2023 12:33:10.133127,562,True,True,True,True,Eyes,1.357981,-0.2956626,-3.567179,0.4932386,-0.2997571,0.8166158,1.084397,1.892848,-0.6207182,-2.681643,0.1121331,0.8995209,-0.4222418,0.02122656,0.0235669,1.092517,1.347345,-0.2923906,-3.570028,0.1476376,0.2629886,-0.07417408,0.9505464,18.64397,30.30085,356.166,0.354789,-0.07730452,-0.9317448,0,0,0,1.891166,-0.6342105,-2.67531,0.01734558,0.01197408,1.101207,0.8506704,-0.06335783,-0.5218674,0.2186658,0.9454027,0.2416588,0.4780639,-0.3196866,0.8180803,static,31.13211,-20.15679,0.902415,0.6229864,28.70982253439596,-9.181703843492855
05/11/2023 12:33:10.142623,563,True,True,True,True,Eyes,1.357904,-0.2956209,-3.567165,0.4933808,-0.299637,0.816574,1.084717,1.893082,-0.6206421,-2.681413,0.1277455,0.904506,-0.4068785,0.02177396,0.02319908,1.09282,1.347343,-0.2924153,-3.570067,0.147299,0.2628254,-0.07437091,0.9506287,18.61131,30.27519,356.1296,0.3547818,-0.07729703,-0.9317481,0,0,0,1.891166,-0.6342105,-2.67531,0.01782811,0.01142107,1.101231,0.8507836,-0.0639704,-0.5216082,0.2188261,0.9455439,0.2409602,0.4777892,-0.3191465,0.8184516,static,31.14072,-20.15031,0.9274951,0.5942039,28.718705339371787,-9.175094143239196
05/11/2023 12:33:10.162756,564,True,True,True,True,Eyes,1.35782,-0.2955842,-3.567143,0.4935202,-0.299522,0.816532,1.085023,1.893301,-0.6205726,-2.681187,0.1423394,0.909013,-0.3917076,0.02229175,0.0232867,1.093144,1.347326,-0.2923899,-3.570124,0.1471889,0.2626524,-0.07460033,0.9506756,18.60522,30.24911,356.0963,0.3547737,-0.0772893,-0.9317518,0,0,0,1.891166,-0.6342105,-2.67531,0.01829085,0.01133788,1.101287,0.850897,-0.06452236,-0.5213551,0.2191605,0.9455404,0.24067,0.4774337,-0.3190458,0.8186983,static,31.14919,-20.14416,0.9515162,0.589846,28.727436305018784,-9.168819058020123
05/11/2023 12:33:10.182646,565,True,True,True,True,Eyes,1.357741,-0.295545,-3.567131,0.4936535,-0.2994109,0.816492,1.085347,1.893527,-0.6205097,-2.680954,0.15734,0.913099,-0.3761574,0.02235121,0.02324995,1.093352,1.347382,-0.2924825,-3.570101,0.1470534,0.2626542,-0.07462483,0.9506941,18.59078,30.2481,356.0893,0.3547647,-0.07728148,-0.9317559,0,0,0,1.891166,-0.6342105,-2.67531,0.01828551,0.01113386,1.101214,0.8508878,-0.06464238,-0.5213553,0.2191392,0.9456128,0.2404046,0.4774599,-0.3188067,0.8187761,static,31.15728,-20.13819,0.9513017,0.5792715,28.735778723803115,-9.162728514595603
05/11/2023 12:33:10.192592,566,True,True,True,True,Eyes,1.357646,-0.2955093,-3.567111,0.4938213,-0.2993068,0.8164288,1.085702,1.893789,-0.6204672,-2.680713,0.1749004,0.9163215,-0.3602288,0.02233618,0.02334431,1.093876,1.347396,-0.2923819,-3.570332,0.1470111,0.262663,-0.07473604,0.9506896,18.58944,30.24701,356.0754,0.3547549,-0.0772735,-0.9317603,0,0,0,1.891166,-0.6342105,-2.67531,0.01817864,0.01107143,1.101428,0.8508453,-0.06487275,-0.521396,0.2193303,0.9456045,0.2402631,0.477448,-0.3187846,0.8187917,static,31.16787,-20.13319,0.9455586,0.5759112,28.746606373636027,-9.157602123976517
05/11/2023 12:33:10.232542,567,True,True,True,True,Eyes,1.35755,-0.2954702,-3.567092,0.4939896,-0.2992471,0.8163489,1.08597,1.894008,-0.6204436,-2.680562,0.1894244,0.9174112,-0.3499644,0.02179191,0.02400467,1.094133,1.347422,-0.2924538,-3.570418,0.1472422,0.2628952,-0.07473074,0.95059,18.61616,30.27718,356.0878,0.3547441,-0.0772655,-0.9317651,0,0,0,1.891166,-0.6342105,-2.67531,0.01752368,0.01162833,1.101468,0.8506029,-0.06465803,-0.5218181,0.2194951,0.9454701,0.2406412,0.4778041,-0.3192267,0.8184116,static,31.179,-20.1313,0.9114638,0.6048561,28.757875239570275,-9.15561682900712
05/11/2023 12:33:10.252611,568,True,True,True,True,Eyes,1.357458,-0.2954302,-3.567076,0.4941679,-0.2991757,0.8162671,1.086321,1.894284,-0.6204312,-2.680347,0.2078769,0.9186919,-0.3358458,0.02112886,0.0237795,1.094567,1.347411,-0.2923567,-3.570508,0.1471428,0.2632334,-0.07465625,0.9505177,18.60413,30.31974,356.1002,0.3547324,-0.07725739,-0.9317702,0,0,0,1.891166,-0.6342105,-2.67531,0.01673454,0.01127754,1.101593,0.8502693,-0.06445834,-0.5223862,0.21939,0.9455509,0.2404197,0.4784457,-0.3190278,0.8181143,static,31.1907,-20.12874,0.8703262,0.5865444,28.769740108968932,-9.152950258823306
05/11/2023 12:33:10.262765,569,True,True,True,True,Eyes,1.357378,-0.2953924,-3.567068,0.4943253,-0.2991308,0.8161883,1.086614,1.894518,-0.620432,-2.680186,0.2235682,0.9188414,-0.3251887,0.02072355,0.02326652,1.094897,1.347401,-0.292274,-3.570548,0.1468856,0.2634936,-0.07469811,0.9504821,18.57762,30.34968,356.0927,0.3547199,-0.07724915,-0.9317756,0,0,0,1.891166,-0.6342105,-2.67531,0.01621425,0.0106705,1.10167,0.8499826,-0.06459159,-0.522836,0.2194052,0.9456896,0.2398593,0.4789476,-0.3185892,0.8179915,static,31.20123,-20.12775,0.8432118,0.5549352,28.780375184712973,-9.151879005044542
05/11/2023 12:33:10.272430,570,True,True,True,True,Eyes,1.357301,-0.295357,-3.567061,0.4944866,-0.2990773,0.8161101,1.086914,1.894766,-0.6204283,-2.68002,0.2399503,0.9186188,-0.313948,0.02055743,0.02285066,1.095229,1.347454,-0.2922775,-3.57066,0.1466284,0.2636069,-0.07473171,0.9504877,18.55027,30.3616,356.0832,0.354707,-0.07724082,-0.9317813,0,0,0,1.891166,-0.6342105,-2.67531,0.01592711,0.01015274,1.101742,0.8498532,-0.06475861,-0.5230257,0.2193676,0.9458305,0.2393374,0.4791946,-0.3181365,0.8180231,static,31.21195,-20.12621,0.8282269,0.5279756,28.791219694534306,-9.150250348467534
05/11/2023 12:33:10.282678,571,True,True,True,True,Eyes,1.357231,-0.2953222,-3.567064,0.4945965,-0.2990845,0.8160409,1.08706,1.894887,-0.6204451,-2.679978,0.2480052,0.9174325,-0.3111446,0.02030572,0.02250561,1.095307,1.347516,-0.2922897,-3.570662,0.1464167,0.2637692,-0.07488118,0.9504635,18.53175,30.37783,356.0628,0.3546937,-0.07723248,-0.9317871,0,0,0,1.891166,-0.6342105,-2.67531,0.01559699,0.009782821,1.101717,0.8496372,-0.06510322,-0.5233338,0.2195841,0.9459099,0.2388247,0.4794784,-0.3178301,0.8179759,moving,31.21975,-20.12823,0.8110809,0.5087509,28.799006784262588,-9.15224087751367
05/11/2023 12:33:10.302480,572,True,True,True,True,Eyes,1.357167,-0.2952938,-3.567067,0.4947133,-0.2991078,0.8159615,1.08409,1.89348,-0.6195536,-2.682492,0.1531979,0.8632192,-0.4810229,0.02004221,0.02278244,1.09249,1.347472,-0.2922645,-3.570868,0.1464381,0.2639254,-0.07530714,0.9503832,18.54779,30.38984,356.0175,0.35468,-0.07722411,-0.9317929,0,0,0,1.891182,-0.6325048,-2.675275,0.01516321,0.01174888,1.10141,0.8493445,-0.06584378,-0.5237162,0.2204387,0.9457694,0.2385938,0.4796048,-0.3180956,0.8177986,moving,31.22822,-20.13147,0.7887465,0.6111583,28.807428274984623,-9.155460550012101
05/11/2023 12:33:10.322461,573,True,True,True,True,Eyes,1.357104,-0.2952628,-3.567074,0.4948649,-0.2991468,0.8158554,1.081167,1.892136,-0.6186904,-2.684998,0.062026,0.7561196,-0.6514875,0.01958403,0.02323896,1.089435,1.347573,-0.292383,-3.570869,0.1465607,0.2641581,-0.07562368,0.9502744,18.57218,30.41384,355.9896,0.3546663,-0.07721588,-0.9317988,0,0,0,1.891205,-0.6300341,-2.675224,0.01442239,0.0146386,1.100591,0.8490031,-0.06629609,-0.5242124,0.2211569,0.945602,0.2385926,0.4798785,-0.318499,0.8174809,moving,31.23931,-20.13629,0.7507733,0.7620273,28.818435718031765,-9.160260380559922
05/11/2023 12:33:10.332733,574,True,True,True,True,Eyes,1.357049,-0.2952279,-3.567086,0.4950438,-0.2991725,0.8157374,1.079277,1.891338,-0.6181177,-2.68668,0.007438023,0.6418433,-0.7667997,0.01886931,0.02320932,1.087663,1.347725,-0.2925712,-3.571219,0.1463711,0.2644594,-0.07593586,0.9501951,18.56173,30.44456,355.9539,0.3546525,-0.0772077,-0.9318048,0,0,0,1.891227,-0.6277462,-2.675177,0.01338172,0.01681744,1.100075,0.8485899,-0.06688929,-0.5248055,0.2217261,0.9456185,0.2379983,0.4803463,-0.3183261,0.8172734,moving,31.25217,-20.14056,0.6969324,0.8758426,28.831243465705832,-9.16449227362044
05/11/2023 12:33:10.352764,575,True,True,True,True,Eyes,1.357007,-0.2952036,-3.56711,0.4952544,-0.29917,0.8156104,1.077154,1.890472,-0.6174558,-2.688572,-0.05266295,0.4364643,-0.8981791,0.01794231,0.02267922,1.085619,1.347832,-0.2924323,-3.571356,0.1460999,0.2649658,-0.07627434,0.9500687,18.54382,30.49976,355.9167,0.3546388,-0.07719945,-0.9318107,0,0,0,1.891262,-0.6240023,-2.6751,0.01197129,0.01985934,1.099086,0.8479508,-0.0675088,-0.5257586,0.2223546,0.9456741,0.2371896,0.4811839,-0.3180299,0.816896,moving,31.26693,-20.14329,0.6240435,1.035162,28.846015040765863,-9.167154317672047
05/11/2023 12:33:10.362726,576,True,True,True,True,Eyes,1.356965,-0.2951811,-3.567127,0.4955088,-0.2991727,0.815455,1.07734,1.890796,-0.6174917,-2.688604,-0.03105215,0.4340665,-0.9003455,0.01695541,0.02181087,1.085792,1.347981,-0.2923787,-3.571419,0.145671,0.265535,-0.07645147,0.9499613,18.50363,30.56467,355.8946,0.3546252,-0.07719138,-0.9318166,0,0,0,1.891291,-0.6209515,-2.675037,0.0104627,0.02185233,1.098206,0.8472927,-0.06789038,-0.5267693,0.2226134,0.9458703,0.2361626,0.4822223,-0.3173647,0.8165423,moving,31.28483,-20.14699,0.545845,1.139932,28.86391625013509,-9.170776247313253
05/11/2023 12:33:10.372431,577,True,True,True,True,Eyes,1.356926,-0.2951589,-3.567148,0.495794,-0.2991613,0.8152858,1.076002,1.890402,-0.6170571,-2.689899,-0.06079064,0.09448643,-0.9936684,0.01557317,0.0208323,1.08434,1.348154,-0.29243,-3.571405,0.145208,0.2662885,-0.07648872,0.9498183,18.45613,30.65463,355.8911,0.354612,-0.07718354,-0.9318223,0,0,0,1.891314,-0.618475,-2.674986,0.008567005,0.02319981,1.097398,0.8464798,-0.06796632,-0.5280648,0.2226351,0.9461283,0.2351062,0.4836378,-0.3165784,0.8160102,moving,31.30474,-20.15013,0.4472791,1.211095,28.88385974493324,-9.173818527698153
05/11/2023 12:33:10.392536,578,True,True,True,True,Eyes,1.356905,-0.2951434,-3.567178,0.496063,-0.2991394,0.8151301,1.076342,1.890838,-0.6171197,-2.689819,-0.03359781,-0.1119092,-0.9931503,0.0146119,0.02042136,1.084752,1.348187,-0.292417,-3.571531,0.144983,0.2668571,-0.07654604,0.9496884,18.43515,30.72271,355.889,0.3545989,-0.07717589,-0.9318278,0,0,0,1.891342,-0.6154414,-2.674924,0.00704366,0.0256149,1.096613,0.8458561,-0.06801026,-0.5290578,0.2227692,0.9462413,0.2345237,0.4846663,-0.3162311,0.8155345,moving,31.3234,-20.15231,0.3680116,1.338083,28.902576279221947,-9.175898432434778
05/11/2023 12:33:10.422578,579,True,True,True,True,Eyes,1.356887,-0.2951293,-3.567212,0.4963384,-0.2991039,0.8149756,1.077401,1.891642,-0.6173842,-2.689156,0.0183309,-0.3048078,-0.9522375,0.0139986,0.02015343,1.085726,1.348229,-0.2925389,-3.571528,0.1447865,0.267288,-0.07652605,0.9495988,18.41437,30.77526,355.8938,0.3545865,-0.07716855,-0.9318331,0,0,0,1.891367,-0.6128112,-2.67487,0.005886525,0.02776392,1.095794,0.8454018,-0.06793872,-0.5297925,0.2227374,0.9463613,0.2340691,0.4854728,-0.3158871,0.8151881,moving,31.34236,-20.15363,0.3077858,1.451382,28.921623221355404,-9.177106742490437
05/11/2023 12:33:10.432597,580,True,True,True,True,Eyes,1.356892,-0.2951174,-3.567259,0.4965619,-0.2990933,0.8148433,1.080266,1.893311,-0.6182178,-2.687012,0.1276376,-0.5670012,-0.813768,0.01378241,0.01982759,1.088628,1.348276,-0.2925616,-3.571647,0.1445849,0.2675066,-0.07651293,0.9495689,18.39234,30.8014,355.8934,0.3545746,-0.07716154,-0.9318382,0,0,0,1.891396,-0.6097136,-2.674806,0.005115658,0.0303022,1.094963,0.845172,-0.06795378,-0.5301571,0.2226634,0.9464819,0.2336512,0.4859067,-0.3155221,0.8150709,moving,31.35794,-20.15597,0.2676835,1.585209,28.93723329168423,-9.179368968212252
05/11/2023 12:33:10.442796,581,True,True,True,True,Eyes,1.356899,-0.2951099,-3.567308,0.4967729,-0.2990772,0.8147205,0.0,0.0,0.0,0.0,0.0,0.0,0.0,-3.053444,0.8102693,2.163369,1.348295,-0.2925636,-3.571656,0.1444642,0.2676055,-0.07654122,0.9495572,18.38012,30.81246,355.8884,0.3545637,-0.07715482,-0.931843,0,0,0,1.891424,-0.6067785,-2.674746,0.004697591,0.0328539,1.094105,0.8450575,-0.06804171,-0.5303283,0.2226793,0.9465431,0.2333883,0.4860985,-0.3153197,0.8150348,moving,31.3726,-20.15777,0.2460006,1.719967,28.951934829605953,-9.181091303651339
05/11/2023 12:33:10.462945,582,True,True,True,True,Eyes,1.35692,-0.2951046,-3.567364,0.4969126,-0.2990862,0.8146321,0.0,0.0,0.0,0.0,0.0,0.0,0.0,-3.053475,0.8091781,2.163929,1.348369,-0.2926598,-3.57174,0.1443504,0.2675635,-0.07666611,0.9495763,18.37104,30.80446,355.8697,0.3545536,-0.07714848,-0.9318474,0,0,0,1.891456,-0.6034176,-2.674677,0.004492998,0.03599145,1.093124,0.8450642,-0.06835486,-0.5302773,0.2228464,0.9465705,0.2331173,0.4860102,-0.3151695,0.8151455,moving,31.38252,-20.16034,0.2354979,1.8858,28.961838378275736,-9.1836238335136
05/11/2023 12:33:10.482422,583,True,True,True,True,Eyes,1.356941,-0.2951024,-3.56742,0.4970325,-0.2990974,0.8145548,0.0,0.0,0.0,0.0,0.0,0.0,0.0,-3.053334,0.8087177,2.164321,1.348402,-0.292684,-3.571737,0.1443846,0.2674913,-0.07682974,0.9495782,18.37962,30.7929,355.8505,0.3545444,-0.07714252,-0.9318513,0,0,0,1.891482,-0.6006553,-2.67462,0.004453599,0.03881966,1.092279,0.8450912,-0.06866842,-0.5301939,0.2231549,0.9465005,0.2331064,0.4858218,-0.3153115,0.815203,moving,31.39109,-20.16279,0.2336134,2.035438,28.970386593768772,-9.186044025777466
05/11/2023 12:33:10.492612,584,True,True,True,True,Eyes,1.356956,-0.2951027,-3.567472,0.4971107,-0.2991366,0.8144927,0.0,0.0,0.0,0.0,0.0,0.0,0.0,-3.05277,0.8080893,2.165513,1.348417,-0.2927531,-3.571823,0.1443723,0.2673189,-0.07701153,0.9496139,18.3831,30.76837,355.8257,0.3545362,-0.07713698,-0.9318549,0,0,0,1.891511,-0.597489,-2.674555,0.004588306,0.04202001,1.091384,0.8452196,-0.06907555,-0.5299363,0.2234493,0.9464517,0.2330226,0.485463,-0.3153691,0.8153945,moving,31.39704,-20.16664,0.2408767,2.204889,28.97625064231729,-9.189897305785141
05/11/2023 12:33:10.512723,585,True,True,True,True,Eyes,1.356976,-0.2950973,-3.567526,0.4971743,-0.2991647,0.8144435,0.0,0.0,0.0,0.0,0.0,0.0,0.0,-3.05183,0.8091314,2.166537,1.348429,-0.2928201,-3.571867,0.1445107,0.2671049,-0.07702848,0.9496517,18.39819,30.74238,355.8238,0.3545288,-0.07713189,-0.9318582,0,0,0,1.891537,-0.5947781,-2.674499,0.004808068,0.04499568,1.090581,0.8454431,-0.06910139,-0.5295761,0.2234995,0.9463665,0.2333203,0.4850504,-0.3156191,0.8155432,moving,31.40184,-20.1695,0.2525996,2.362595,28.980989407103607,-9.192757208702876
05/11/2023 12:33:10.522861,586,True,True,True,True,Eyes,1.356983,-0.295085,-3.567569,0.4972481,-0.2991314,0.8144107,0.0,0.0,0.0,0.0,0.0,0.0,0.0,-3.05143,0.8072931,2.168003,1.348564,-0.2926783,-3.57196,0.1443339,0.2669513,-0.07721332,0.9497069,18.3834,30.71919,355.794,0.354522,-0.07712705,-0.9318612,0,0,0,1.891566,-0.5916825,-2.674436,0.004850358,0.04755577,1.089734,0.8455502,-0.06959979,-0.5293399,0.2237203,0.9464117,0.2329253,0.484762,-0.3153741,0.8158095,moving,31.40665,-20.16818,0.2550193,2.498791,28.985876004821463,-9.191390411584429
05/11/2023 12:33:10.548118,587,True,True,True,True,Eyes,1.35699,-0.295068,-3.567611,0.4973314,-0.2990444,0.8143918,0.0,0.0,0.0,0.0,0.0,0.0,0.0,-3.051358,0.8040863,2.169338,1.348611,-0.2925311,-3.57198,0.1438596,0.2669208,-0.07729116,0.9497811,18.33253,30.71145,355.7697,0.3545157,-0.0771223,-0.931864,0,0,0,1.891593,-0.588773,-2.674376,0.004790992,0.04923217,1.088961,0.8455587,-0.0700211,-0.5292708,0.2236176,0.946661,0.232009,0.4847945,-0.3145315,0.8161154,moving,31.41151,-20.16322,0.2520767,2.588592,28.99093291339463,-9.186342672134291
05/11/2023 12:33:10.562765,588,True,True,True,True,Eyes,1.356982,-0.2950391,-3.567642,0.4974541,-0.2988784,0.8143777,0.0,0.0,0.0,0.0,0.0,0.0,0.0,-3.051514,0.8001639,2.170548,1.348621,-0.2924128,-3.571974,0.1431418,0.2669894,-0.07720071,0.9498775,18.24964,30.71754,355.7593,0.3545099,-0.0771175,-0.9318665,0,0,0,1.891623,-0.5856885,-2.674312,0.004565001,0.05048057,1.088159,0.8455134,-0.07022776,-0.5293157,0.2230971,0.947101,0.2307107,0.4851131,-0.3131578,0.8164542,moving,31.41824,-20.15325,0.2403636,2.656094,28.99803780695408,-9.176216571317632
05/11/2023 12:33:10.592584,589,True,True,True,True,Eyes,1.356953,-0.2950009,-3.567655,0.4976317,-0.2985267,0.8143982,0.0,0.0,0.0,0.0,0.0,0.0,0.0,-3.051996,0.7971786,2.171002,1.348631,-0.2921377,-3.572012,0.1426523,0.267111,-0.07714924,0.9499211,18.19377,30.73078,355.7524,0.3545042,-0.07711237,-0.9318691,0,0,0,1.891653,-0.582491,-2.674247,0.004151881,0.05220252,1.087391,0.8453994,-0.07036339,-0.5294797,0.2227794,0.9473966,0.229802,0.4854577,-0.3122316,0.8166041,moving,31.42669,-20.13097,0.218766,2.748497,29.007280246345246,-9.153631668226122
05/11/2023 12:33:10.602674,590,True,True,True,True,Eyes,1.356928,-0.2949552,-3.567665,0.4978237,-0.2981033,0.8144361,0.0,0.0,0.0,0.0,0.0,0.0,0.0,-3.051064,0.7926524,2.173963,1.348696,-0.2919596,-3.572,0.1412482,0.2671082,-0.07633362,0.9501976,18.01138,30.73667,355.8026,0.3544983,-0.07710676,-0.9318718,0,0,0,1.891679,-0.5796973,-2.674189,0.00410524,0.05122128,1.08676,0.8456528,-0.06960695,-0.529175,0.2205211,0.9484442,0.2276486,0.4860471,-0.3092059,0.8174044,moving,31.43534,-20.10385,0.2164341,2.698475,29.016883578117103,-9.126151435106479
05/11/2023 12:33:10.613151,591,True,True,True,True,Eyes,1.356909,-0.2949068,-3.567679,0.4980391,-0.2976078,0.8144855,0.0,0.0,0.0,0.0,0.0,0.0,0.0,-3.051571,0.7860709,2.175561,1.348773,-0.2917473,-3.571939,0.1401122,0.2672534,-0.0762494,0.9503317,17.88225,30.74997,355.7799,0.3544924,-0.07710052,-0.9318745,0,0,0,1.891726,-0.574699,-2.674086,0.003638029,0.05330825,1.085424,0.8455232,-0.07003354,-0.5293258,0.2198154,0.9491092,0.2255502,0.4865919,-0.3070619,0.8178884,moving,31.44483,-20.07198,0.1920383,2.8117,29.027489239316928,-9.093862608810458
05/11/2023 12:33:10.622513,592,True,True,True,True,Eyes,1.356879,-0.2948546,-3.567692,0.4982015,-0.2966014,0.8147534,0.0,0.0,0.0,0.0,0.0,0.0,0.0,-3.052677,0.7797792,2.176503,1.348878,-0.2916484,-3.572047,0.138956,0.2675193,-0.07607687,0.9504405,17.74871,30.7796,355.769,0.3544866,-0.07709364,-0.9318773,0,0,0,1.891743,-0.5729003,-2.674049,0.003002971,0.05237463,1.085105,0.8452914,-0.07026622,-0.5296651,0.2189599,0.9498071,0.2234348,0.4873797,-0.3048429,0.8182493,moving,31.44475,-20.00344,0.1585627,2.763343,29.02966762515606,-9.024558488968811
05/11/2023 12:33:10.642556,593,True,True,True,True,Eyes,1.356845,-0.2947962,-3.567709,0.498381,-0.2955711,0.8150178,0.0,0.0,0.0,0.0,0.0,0.0,0.0,-3.052588,0.7747302,2.178551,1.34879,-0.2915759,-3.572161,0.1377651,0.2676193,-0.07564703,0.95062,17.60263,30.79286,355.7833,0.3544806,-0.07708608,-0.9318802,0,0,0,1.891763,-0.5707437,-2.674005,0.002839178,0.0516368,1.084787,0.8453149,-0.07008598,-0.5296514,0.2175604,0.9505966,0.2214353,0.4879654,-0.3024137,0.8188014,moving,31.44566,-19.93348,0.149958,2.725271,29.03288962254385,-8.953811926322523
05/11/2023 12:33:10.662723,594,True,True,True,True,Eyes,1.356816,-0.2947382,-3.567734,0.498531,-0.2941794,0.8154296,0.0,0.0,0.0,0.0,0.0,0.0,0.0,-3.053446,0.769729,2.179261,1.348671,-0.2913795,-3.572307,0.1369185,0.26784,-0.07558548,0.9506852,17.50699,30.81676,355.7683,0.3544742,-0.07707776,-0.9318833,0,0,0,1.891792,-0.5677154,-2.673943,0.002337962,0.05257151,1.084265,0.8450972,-0.07037148,-0.529961,0.2170604,0.9510803,0.219843,0.4885648,-0.3008223,0.8190302,moving,31.44045,-19.83773,0.1235447,2.77586,29.03079949866303,-8.857028447784401
05/11/2023 12:33:10.692653,595,True,True,True,True,Eyes,1.356788,-0.2946733,-3.567764,0.4986938,-0.29278,0.8158336,0.0,0.0,0.0,0.0,0.0,0.0,0.0,-3.053711,0.7667564,2.180061,1.348616,-0.2913661,-3.572404,0.1361453,0.2679852,-0.07522794,0.9507835,17.41013,30.83657,355.7881,0.3544677,-0.07706875,-0.9318866,0,0,0,1.89182,-0.564738,-2.673882,0.001906842,0.05358928,1.083637,0.8450494,-0.07008111,-0.5300755,0.2160208,0.9516104,0.2185695,0.4891078,-0.2992094,0.8192968,moving,31.43615,-19.74166,0.1008214,2.831151,29.02963618220472,-8.759915331780714
05/11/2023 12:33:10.702410,596,True,True,True,True,Eyes,1.356771,-0.2946016,-3.567802,0.4988264,-0.2911875,0.8163223,0.0,0.0,0.0,0.0,0.0,0.0,0.0,-3.053713,0.7650781,2.180907,1.348632,-0.2911504,-3.572573,0.1354601,0.2680961,-0.07466751,0.9508943,17.31667,30.85583,355.8331,0.354461,-0.07705891,-0.9318899,0,0,0,1.891849,-0.5616597,-2.673818,0.001414418,0.05457884,1.083069,0.8450986,-0.06936913,-0.530091,0.2146344,0.9521506,0.2175804,0.4896331,-0.2976526,0.8195502,moving,31.42766,-19.63165,0.07482453,2.884852,29.024713471637725,-8.648734633793818
05/11/2023 12:33:10.722727,597,True,True,True,True,Eyes,1.356756,-0.2945264,-3.567846,0.4989778,-0.2895676,0.8168058,0.0,0.0,0.0,0.0,0.0,0.0,0.0,-3.053943,0.7613657,2.181999,1.348648,-0.2909436,-3.572656,0.1345407,0.2682419,-0.0742417,0.951017,17.20134,30.87602,355.856,0.3544544,-0.07704814,-0.9318933,0,0,0,1.891876,-0.5587112,-2.673758,0.0009704232,0.05502331,1.082491,0.8450689,-0.06903132,-0.5301822,0.2133891,0.952774,0.2160715,0.4902281,-0.2957304,0.8198902,moving,31.4203,-19.52004,0.05136409,2.909857,29.020981268259334,-8.535928551413669
05/11/2023 12:33:10.732587,598,True,True,True,True,Eyes,1.356739,-0.2944523,-3.567898,0.4990652,-0.287799,0.8173773,0.0,0.0,0.0,0.0,0.0,0.0,0.0,-3.05429,0.7567083,2.183465,1.34868,-0.2908025,-3.572858,0.1334459,0.2683982,-0.07381527,0.9511603,17.06645,30.8966,355.8737,0.3544477,-0.07703641,-0.9318969,0,0,0,1.891913,-0.5547792,-2.673677,0.0003877878,0.05613053,1.08174,0.8450274,-0.06878704,-0.5302801,0.2120536,0.953487,0.214233,0.4908788,-0.2934805,0.8203092,moving,31.40694,-19.3972,0.02053969,2.970363,29.011577901821425,-8.411807188860529
05/11/2023 12:33:10.752575,599,True,True,True,True,Eyes,1.356722,-0.2943771,-3.567957,0.4991597,-0.2860444,0.8179353,0.0,0.0,0.0,0.0,0.0,0.0,0.0,-3.054421,0.7519391,2.185224,1.348571,-0.2907947,-3.573079,0.1324633,0.2684831,-0.07360491,0.9512901,16.9505,30.90552,355.8688,0.3544409,-0.07702385,-0.9319005,0,0,0,1.891933,-0.5527127,-2.673634,0.0002034605,0.05598271,1.081531,0.8449982,-0.06891093,-0.5303105,0.2111675,0.9540716,0.2124987,0.4913107,-0.2915454,0.8207406,moving,31.39438,-19.27551,0.01077863,2.963125,29.002942137844407,-8.288843322040012
05/11/2023 12:33:10.762570,600,True,True,True,True,Eyes,1.356702,-0.2943,-3.56802,0.4992532,-0.2842053,0.8185192,0.0,0.0,0.0,0.0,0.0,0.0,0.0,-3.05481,0.7473043,2.18661,1.34855,-0.2907,-3.573303,0.1317065,0.2685563,-0.07362959,0.9513725,16.86702,30.91047,355.8438,0.3544339,-0.07701049,-0.9319043,0,0,0,1.891969,-0.5488986,-2.673556,-0.0001667738,0.05803061,1.080809,0.8449124,-0.06935707,-0.5303892,0.2108396,0.9544641,0.2110566,0.4915992,-0.2901513,0.8210618,moving,31.38097,-19.14796,-0.008840998,3.073363,28.99364365923313,-8.159959746659759
05/11/2023 12:33:10.782601,601,True,True,True,True,Eyes,1.356681,-0.2942209,-3.568089,0.4993564,-0.2823908,0.819084,0.0,0.0,0.0,0.0,0.0,0.0,0.0,-3.055578,0.7409043,2.187955,1.348478,-0.2906058,-3.573485,0.1310639,0.2686163,-0.07418216,0.9514015,16.81257,30.90615,355.7619,0.3544267,-0.07699636,-0.9319082,0,0,0,1.89199,-0.5466189,-2.673509,-0.0002923608,0.05916578,1.080465,0.8446845,-0.0707422,-0.5305691,0.2115658,0.9546385,0.2095357,0.4916787,-0.2892419,0.821335,moving,31.36867,-19.02236,-0.01550355,3.134361,28.985398549571322,-8.033040525124619
05/11/2023 12:33:10.793089,602,True,True,True,True,Eyes,1.35666,-0.2941392,-3.568165,0.4994618,-0.2805772,0.8196428,0.0,0.0,0.0,0.0,0.0,0.0,0.0,-3.056516,0.7353433,2.188808,1.348432,-0.2904835,-3.573689,0.1303479,0.2687688,-0.074433,0.9514371,16.74102,30.91765,355.7139,0.3544192,-0.07698148,-0.9319122,0,0,0,1.892024,-0.5429991,-2.673435,-0.0007814467,0.06121908,1.079799,0.8444461,-0.07156972,-0.5308375,0.2117035,0.9549383,0.2080252,0.4920287,-0.2880462,0.8215455,moving,31.35667,-18.89692,-0.04146475,3.244904,28.977450230669774,-7.906281088341096
05/11/2023 12:33:10.812732,603,True,True,True,True,Eyes,1.356638,-0.2940502,-3.568243,0.4995804,-0.2787882,0.8201808,0.0,0.0,0.0,0.0,0.0,0.0,0.0,-3.057567,0.7302531,2.189301,1.348325,-0.2903607,-3.573896,0.1297809,0.2689363,-0.0747684,0.951441,16.68882,30.93046,355.661,0.3544113,-0.07696584,-0.9319165,0,0,0,1.892047,-0.5405465,-2.673384,-0.001194417,0.06252603,1.079462,0.8441659,-0.07246981,-0.5311611,0.212081,0.9551332,0.2067419,0.492347,-0.2871737,0.8216603,moving,31.34602,-18.77345,-0.06339739,3.315059,28.970796272781897,-7.781504628322882
05/11/2023 12:33:10.832545,604,True,True,True,True,Eyes,1.356636,-0.2939589,-3.568341,0.4996663,-0.2769565,0.8207488,0.0,0.0,0.0,0.0,0.0,0.0,0.0,-3.058812,0.7238623,2.189792,1.348249,-0.2901001,-3.574012,0.1290449,0.2691526,-0.0751262,0.9514518,16.61869,30.94822,355.6013,0.3544032,-0.07694932,-0.9319209,0,0,0,1.892076,-0.5375056,-2.673322,-0.001693785,0.06389743,1.078941,0.8438259,-0.07349233,-0.5315607,0.2124234,0.9554069,0.2051192,0.4927821,-0.2860008,0.8218086,moving,31.33277,-18.64664,-0.08994623,3.389233,28.961634506120546,-7.653368241805442
05/11/2023 12:33:10.842515,605,True,True,True,True,Eyes,1.356629,-0.2938676,-3.568446,0.4997725,-0.2751289,0.8212988,0.0,0.0,0.0,0.0,0.0,0.0,0.0,-3.059874,0.7178774,2.190494,1.348139,-0.2899392,-3.574199,0.1281893,0.269372,-0.07527006,0.9514941,16.5286,30.96921,355.5623,0.354395,-0.07693189,-0.9319255,0,0,0,1.892103,-0.5346625,-2.673263,-0.002204776,0.06481805,1.078548,0.8435463,-0.0741768,-0.5319093,0.2122992,0.9558038,0.2033914,0.4933141,-0.284494,0.8220124,moving,31.32113,-18.52046,-0.1171243,3.439199,28.954073052918318,-7.525858149046247
05/11/2023 12:33:10.862666,606,True,True,True,True,Eyes,1.35665,-0.2937688,-3.568578,0.4998692,-0.2732045,0.8218821,0.0,0.0,0.0,0.0,0.0,0.0,0.0,-3.060876,0.7124542,2.191218,1.348029,-0.2898599,-3.574463,0.1272773,0.2696042,-0.07523844,0.9515531,16.42687,30.9943,355.5419,0.3543866,-0.07691365,-0.9319302,0,0,0,1.892131,-0.5316349,-2.673201,-0.002815306,0.06578702,1.078165,0.8433056,-0.07455777,-0.5322376,0.2118157,0.9562794,0.2016529,0.4939331,-0.2827913,0.8222281,moving,31.30799,-18.38749,-0.1496105,3.49172,28.945225063891428,-7.391492306253394
05/11/2023 12:33:10.872566,607,True,True,True,True,Eyes,1.35667,-0.2936629,-3.568706,0.4999853,-0.2712541,0.8224572,0.0,0.0,0.0,0.0,0.0,0.0,0.0,-3.06067,0.7078047,2.193235,1.347849,-0.2895443,-3.574693,0.126507,0.2695932,-0.07522745,0.9516599,16.34048,30.98986,355.5191,0.3543785,-0.07689441,-0.9319348,0,0,0,1.89216,-0.5286046,-2.673139,-0.002816379,0.06687135,1.077843,0.8433207,-0.07497105,-0.5321557,0.2113927,0.9566736,0.2002216,0.4940885,-0.2813448,0.822631,moving,31.29611,-18.25304,-0.1497122,3.550185,28.937694521514324,-7.255621551045845
05/11/2023 12:33:10.892960,608,True,True,True,True,Eyes,1.356707,-0.2935557,-3.568852,0.5001193,-0.2692093,0.8230473,0.0,0.0,0.0,0.0,0.0,0.0,0.0,-3.061042,0.7010183,2.194954,1.347868,-0.2892858,-3.574744,0.1252124,0.2697482,-0.07497258,0.9518073,16.1888,31.00736,355.5108,0.3543707,-0.07687408,-0.9319395,0,0,0,1.892188,-0.5256448,-2.673078,-0.003177911,0.06661119,1.077359,0.8432301,-0.07516725,-0.5322716,0.2102705,0.957402,0.1979086,0.4947216,-0.2788035,0.8231155,moving,31.28469,-18.11233,-0.1690061,3.537991,28.930833460597434,-7.113417890298589
05/11/2023 12:33:10.912898,609,True,True,True,True,Eyes,1.356739,-0.2934449,-3.569005,0.5002705,-0.2671525,0.8236254,0.0,0.0,0.0,0.0,0.0,0.0,0.0,-3.060282,0.6943883,2.198361,1.347736,-0.2891452,-3.574954,0.1237988,0.2696917,-0.07461929,0.952036,16.01983,30.99997,355.5064,0.3543632,-0.07685272,-0.9319441,0,0,0,1.892216,-0.5226461,-2.673016,-0.00302282,0.06627898,1.077065,0.8433968,-0.07530548,-0.5319878,0.2088555,0.9582117,0.1954733,0.4950367,-0.2759701,0.8238806,moving,31.27452,-17.97108,-0.1608021,3.52135,28.925248797078957,-6.970659870739944
05/11/2023 12:33:10.932415,610,True,True,True,True,Eyes,1.356793,-0.2933323,-3.569179,0.5004473,-0.2650256,0.824205,0.0,0.0,0.0,0.0,0.0,0.0,0.0,-3.061163,0.6863497,2.200119,1.347639,-0.2889626,-3.575289,0.122535,0.2698793,-0.07469635,0.9521403,15.88211,31.01685,355.4618,0.354356,-0.0768303,-0.9319487,0,0,0,1.892246,-0.519506,-2.672952,-0.003510177,0.06661049,1.076805,0.8431713,-0.07610348,-0.5322316,0.2083821,0.9588113,0.193023,0.49562,-0.2736591,0.8243007,moving,31.26562,-17.82535,-0.1867725,3.53977,28.921090522789157,-6.823363403172024
05/11/2023 12:33:10.942773,611,True,True,True,True,Eyes,1.356843,-0.2932129,-3.569349,0.5006461,-0.2628707,0.8247741,0.0,0.0,0.0,0.0,0.0,0.0,0.0,-3.0613,0.679274,2.202324,1.347508,-0.2887875,-3.575476,0.121043,0.2700285,-0.07428174,0.9523211,15.70355,31.03547,355.4654,0.3543493,-0.07680684,-0.9319531,0,0,0,1.892273,-0.5165712,-2.672891,-0.003790617,0.06596623,1.076544,0.8431337,-0.07610999,-0.5322902,0.2068503,0.9596616,0.1904273,0.4963251,-0.27066,0.8248664,moving,31.25817,-17.67804,-0.2017432,3.506467,28.91844429815975,-6.674459640729069
05/11/2023 12:33:10.962532,612,True,True,True,True,Eyes,1.356898,-0.2930887,-3.569528,0.5008601,-0.2606332,0.8253541,0.0,0.0,0.0,0.0,0.0,0.0,0.0,-3.06168,0.6730799,2.203728,1.347447,-0.2885263,-3.575539,0.1196785,0.2702409,-0.07379641,0.9524711,15.53732,31.06336,355.482,0.3543431,-0.07678227,-0.9319575,0,0,0,1.892301,-0.5135863,-2.67283,-0.004234463,0.06547118,1.076149,0.843048,-0.07589387,-0.5324569,0.2052619,0.9604623,0.1880949,0.4971295,-0.2678661,0.825294,moving,31.25117,-17.52526,-0.2254479,3.481491,28.916431449428067,-6.520021852903746
05/11/2023 12:33:10.982689,613,True,True,True,True,Eyes,1.356949,-0.292955,-3.569704,0.5010781,-0.25837,0.8259333,0.0,0.0,0.0,0.0,0.0,0.0,0.0,-3.061127,0.6677471,2.206253,1.347258,-0.2882724,-3.575715,0.1185106,0.2702381,-0.07343257,0.952646,15.39582,31.06391,355.4872,0.3543373,-0.07675657,-0.9319618,0,0,0,1.89233,-0.5105752,-2.672768,-0.00418219,0.06555934,1.07588,0.8431581,-0.07585834,-0.5322874,0.2039626,0.9611259,0.1861086,0.4974774,-0.2654857,0.8258532,moving,31.2444,-17.37082,-0.2227205,3.487036,28.9147048932753,-6.363904012079033
05/11/2023 12:33:10.992886,614,True,True,True,True,Eyes,1.356997,-0.2928144,-3.569879,0.501308,-0.2561144,0.826496,0.0,0.0,0.0,0.0,0.0,0.0,0.0,-3.060294,0.6623597,2.209114,1.347174,-0.2879344,-3.575824,0.1171627,0.2702126,-0.07283131,0.9528661,15.2268,31.06442,355.5134,0.3543318,-0.0767296,-0.9319661,0,0,0,1.892358,-0.5075942,-2.672707,-0.004108936,0.06499275,1.075573,0.8433615,-0.07547932,-0.5320191,0.2021146,0.961937,0.1839208,0.4978866,-0.2626405,0.8265162,moving,31.23874,-17.21715,-0.218882,3.45796,28.914070596424658,-6.208557360657835
05/11/2023 12:33:11.012762,615,True,True,True,True,Eyes,1.357037,-0.2926722,-3.570056,0.5015376,-0.2538284,0.8270618,0.0,0.0,0.0,0.0,0.0,0.0,0.0,-3.059372,0.6555442,2.212468,1.347069,-0.2876437,-3.575916,0.1155455,0.2701834,-0.07220537,0.9531194,15.02703,31.06386,355.5341,0.3543265,-0.07670132,-0.9319705,0,0,0,1.892386,-0.5045734,-2.672645,-0.003958076,0.06393921,1.075278,0.8435746,-0.07520371,-0.5317201,0.2000776,0.9628713,0.1812399,0.498348,-0.2592747,0.8273004,moving,31.23299,-17.06145,-0.2109036,3.402968,28.913412584955232,-6.051158662011783
05/11/2023 12:33:11.032700,616,True,True,True,True,Eyes,1.35707,-0.2925278,-3.570232,0.5017687,-0.2515648,0.8276131,0.0,0.0,0.0,0.0,0.0,0.0,0.0,-3.058328,0.6496659,2.215879,1.346886,-0.2874884,-3.576144,0.1141145,0.2701054,-0.07165833,0.9533552,14.85027,31.05693,355.5507,0.3543213,-0.07667182,-0.9319749,0,0,0,1.892415,-0.5015011,-2.672581,-0.00374952,0.06354779,1.07507,0.8438163,-0.07498574,-0.5313672,0.1982776,0.9636859,0.1788727,0.4986583,-0.2562939,0.8280418,moving,31.22777,-16.9074,-0.1998295,3.382838,28.913233839358135,-5.895424837483258
05/11/2023 12:33:11.052729,617,True,True,True,True,Eyes,1.357096,-0.2923776,-3.570408,0.5019994,-0.2492811,0.8281639,0.0,0.0,0.0,0.0,0.0,0.0,0.0,-3.057506,0.6438363,2.218815,1.346724,-0.2873046,-3.576283,0.1128325,0.2700481,-0.07127326,0.9535529,14.69526,31.05086,355.5539,0.3543159,-0.07664116,-0.9319795,0,0,0,1.892443,-0.4985369,-2.672521,-0.003563017,0.06341062,1.074793,0.8439882,-0.07498521,-0.5310941,0.1968661,0.9643779,0.1766892,0.4989264,-0.253678,0.8286857,moving,31.22254,-16.75204,-0.189939,3.376422,28.91308819984313,-5.738366464868541
05/11/2023 12:33:11.072538,618,True,True,True,True,Eyes,1.357113,-0.2922217,-3.57058,0.5022197,-0.2470134,0.8287097,0.0,0.0,0.0,0.0,0.0,0.0,0.0,-3.056752,0.6375854,2.221835,1.346591,-0.2870391,-3.576465,0.1114904,0.2699987,-0.07088244,0.9537539,14.53344,31.04569,355.5561,0.3543103,-0.07660934,-0.9319842,0,0,0,1.892478,-0.4948395,-2.672445,-0.003483057,0.06378139,1.074405,0.8441527,-0.07500431,-0.53083,0.1954133,0.9650912,0.1743924,0.4992192,-0.2509451,0.8293412,moving,31.21696,-16.59773,-0.1857435,3.397341,28.91255554647269,-5.582372140009241
05/11/2023 12:33:11.072538,619,True,True,True,True,Eyes,1.357126,-0.2920582,-3.570751,0.50244,-0.2447197,0.8292564,0.0,0.0,0.0,0.0,0.0,0.0,0.0,-3.055556,0.6318886,2.225118,1.346378,-0.2867672,-3.576574,0.110119,0.2699042,-0.0703413,0.9539799,14.36354,31.03699,355.5736,0.3543042,-0.07657631,-0.9319893,0,0,0,1.892499,-0.492606,-2.672399,-0.003089815,0.06258468,1.074348,0.8444076,-0.07476521,-0.5304582,0.1936515,0.9658518,0.1721318,0.4994745,-0.2480735,0.8300511,moving,31.21135,-16.44172,-0.1647816,3.333919,28.912048715173583,-5.424659049454728
05/11/2023 12:33:11.092560,620,True,True,True,True,Eyes,1.357143,-0.2918875,-3.570928,0.5027895,-0.2422139,0.8297802,0.0,0.0,0.0,0.0,0.0,0.0,0.0,-3.054626,0.6259681,2.228181,1.346281,-0.2864462,-3.576709,0.1087385,0.2698406,-0.06981403,0.9541949,14.19323,31.03186,355.5898,0.3542977,-0.07654203,-0.9319946,0,0,0,1.892534,-0.4888265,-2.672321,-0.002989858,0.06281293,1.073924,0.844624,-0.07454823,-0.530144,0.1919165,0.9666039,0.1698382,0.4997781,-0.2451928,0.830724,moving,31.21297,-16.27259,-0.1595139,3.34737,28.919254034948104,-5.253631381955898
05/11/2023 12:33:11.112787,621,True,True,True,True,Eyes,1.357156,-0.2917132,-3.571102,0.5031464,-0.2396609,0.830305,0.0,0.0,0.0,0.0,0.0,0.0,0.0,-3.053629,0.619659,2.231396,1.346129,-0.286114,-3.576846,0.1071778,0.2698017,-0.06913297,0.9544322,13.99824,31.03119,355.6183,0.3542908,-0.0765064,-0.9320002,0,0,0,1.892556,-0.4865208,-2.672274,-0.002765238,0.06114402,1.073895,0.8448553,-0.07413196,-0.5298338,0.1897989,0.9674672,0.1672834,0.5001957,-0.2418922,0.83144,moving,31.21493,-16.10036,-0.1475341,3.258714,28.926903863525375,-5.079466862948685
05/11/2023 12:33:11.122331,622,True,True,True,True,Eyes,1.35715,-0.2915396,-3.571268,0.5036309,-0.2370348,0.8307649,0.0,0.0,0.0,0.0,0.0,0.0,0.0,-3.053162,0.6121418,2.234202,1.346014,-0.2858878,-3.576966,0.1054266,0.2698691,-0.06846546,0.9546562,13.78303,31.04273,355.6409,0.3542835,-0.07646947,-0.9320059,0,0,0,1.892585,-0.4834875,-2.672211,-0.002828687,0.05988201,1.073672,0.8449663,-0.07381918,-0.5297006,0.1876248,0.9683954,0.164339,0.5008283,-0.2382458,0.8321118,moving,31.22531,-15.92457,-0.1509506,3.192255,28.943148952716612,-4.901646486932325
05/11/2023 12:33:11.142535,623,True,True,True,True,Eyes,1.357137,-0.2913681,-3.571431,0.5040883,-0.2344284,0.831227,0.0,0.0,0.0,0.0,0.0,0.0,0.0,-3.052094,0.6060827,2.237341,1.345774,-0.2857747,-3.577084,0.1040146,0.2697925,-0.0679724,0.9548679,13.61033,31.03557,355.652,0.3542755,-0.07643144,-0.9320121,0,0,0,1.892612,-0.4805849,-2.672152,-0.002513945,0.05944726,1.073474,0.8451835,-0.07368459,-0.5293727,0.1859341,0.9691213,0.1619636,0.5010922,-0.2353174,0.832786,moving,31.23425,-15.74988,-0.1341795,3.169711,28.957907880852893,-4.724947984088656
05/11/2023 12:33:11.162596,624,True,True,True,True,Eyes,1.357106,-0.2911918,-3.571584,0.5045812,-0.2318163,0.8316604,0.0,0.0,0.0,0.0,0.0,0.0,0.0,-3.050542,0.6020853,2.240555,1.345594,-0.2856719,-3.577173,0.1030233,0.2695764,-0.06759724,0.955063,13.48747,31.0112,355.6608,0.3542667,-0.07639246,-0.9320186,0,0,0,1.892641,-0.4775339,-2.672089,-0.002002805,0.06010734,1.073141,0.8455184,-0.07357395,-0.5288531,0.1846645,0.9696336,0.1603422,0.5009968,-0.2332326,0.8334295,moving,31.24583,-15.57524,-0.1069311,3.205826,28.975323324542906,-4.5482824367950325
05/11/2023 12:33:11.212671,625,True,True,True,True,Eyes,1.357072,-0.2910083,-3.571736,0.5050496,-0.2292037,0.8321001,0.0,0.0,0.0,0.0,0.0,0.0,0.0,-3.048766,0.5982236,2.244072,1.345397,-0.2854211,-3.577309,0.102152,0.2692928,-0.06733011,0.9552555,13.38101,30.97767,355.6602,0.3542569,-0.07635254,-0.9320257,0,0,0,1.892669,-0.4745138,-2.672027,-0.001353353,0.06092488,1.072887,0.8458961,-0.07361731,-0.5282426,0.1836525,0.9700633,0.1588995,0.5007311,-0.2314255,0.8340927,moving,31.25598,-15.40033,-0.07227361,3.250105,28.991307828337504,-4.37135341185903
05/11/2023 12:33:11.222332,626,True,True,True,True,Eyes,1.357011,-0.2908246,-3.571877,0.5056179,-0.2265952,0.8324693,0.0,0.0,0.0,0.0,0.0,0.0,0.0,-3.04719,0.5932817,2.247637,1.345299,-0.2850866,-3.577446,0.100937,0.2690833,-0.06681678,0.9554797,13.22908,30.95526,355.6779,0.3542461,-0.0763116,-0.9320331,0,0,0,1.892699,-0.4713543,-2.671962,-0.0009127855,0.06091615,1.072628,0.8462594,-0.07336323,-0.5276959,0.1820051,0.9706945,0.1569279,0.5007187,-0.228845,0.8348118,moving,31.27329,-15.22681,-0.04875756,3.25042,29.014455782093123,-4.19578215471193
05/11/2023 12:33:11.242399,627,True,True,True,True,Eyes,1.356945,-0.2906379,-3.572017,0.5061618,-0.2239899,0.8328438,0.0,0.0,0.0,0.0,0.0,0.0,0.0,-3.045643,0.586671,2.251738,1.345134,-0.2849644,-3.577689,0.09948853,0.268864,-0.06641504,0.9557214,13.05462,30.92976,355.6758,0.3542339,-0.07626978,-0.9320412,0,0,0,1.892725,-0.4685425,-2.671904,-0.0003937483,0.06038784,1.072547,0.8466024,-0.07345079,-0.5271332,0.1804463,0.9713821,0.1544534,0.500703,-0.2258798,0.8356284,moving,31.28919,-15.05327,-0.02103416,3.222535,29.036184694073725,-4.020200075648567
05/11/2023 12:33:11.259882,628,True,True,True,True,Eyes,1.356863,-0.2904441,-3.572145,0.5067492,-0.2214215,0.8331734,0.0,0.0,0.0,0.0,0.0,0.0,0.0,-3.044392,0.5812531,2.254926,1.344957,-0.2847239,-3.577834,0.09828605,0.2687126,-0.06602851,0.9559152,12.90832,30.91302,355.6805,0.3542204,-0.07622707,-0.9320498,0,0,0,1.892796,-0.4610282,-2.671749,-0.0003553629,0.0648397,1.071445,0.8468676,-0.0734139,-0.5267123,0.1790567,0.9719602,0.1524208,0.5007536,-0.2233916,0.8362667,moving,31.30862,-14.88274,-0.01900311,3.463094,29.061368689431454,-3.8476380407053092
05/11/2023 12:33:11.262537,629,True,True,True,True,Eyes,1.356771,-0.2902406,-3.572278,0.507313,-0.2187389,0.8335387,0.0,0.0,0.0,0.0,0.0,0.0,0.0,-3.043242,0.5759329,2.257878,1.344853,-0.284407,-3.57792,0.09711459,0.2685769,-0.06563514,0.9561,12.76535,30.89838,355.6873,0.3542053,-0.07618343,-0.9320591,0,0,0,1.892814,-0.4590801,-2.671709,4.011393e-05,0.06382061,1.071409,0.847117,-0.07334204,-0.5263209,0.1776729,0.9725215,0.1504463,0.5008245,-0.2209586,0.8368704,moving,31.32576,-14.70413,0.002145173,3.408908,29.08451322941422,-3.666921131437615
05/11/2023 12:33:11.272488,630,True,True,True,True,Eyes,1.356677,-0.2900376,-3.572415,0.5078512,-0.2160618,0.8339092,0.0,0.0,0.0,0.0,0.0,0.0,0.0,-3.040551,0.5644719,2.264587,1.344512,-0.2840137,-3.578205,0.09452257,0.2682492,-0.0647686,0.9565109,12.44908,30.86277,355.7014,0.3541887,-0.07613869,-0.9320691,0,0,0,1.892852,-0.4551004,-2.671628,0.001021236,0.06158286,1.071465,0.8476949,-0.07319251,-0.5254107,0.1746149,0.9737411,0.1460755,0.5009223,-0.215572,0.8382157,moving,31.34144,-14.52564,0.05460982,3.289479,29.10618376950758,-3.4863352955128004
05/11/2023 12:33:11.292771,631,True,True,True,True,Eyes,1.356565,-0.289834,-3.572542,0.5084029,-0.2134504,0.8342454,0.0,0.0,0.0,0.0,0.0,0.0,0.0,-3.039369,0.5584049,2.267869,1.344353,-0.2838405,-3.578402,0.09328244,0.2680865,-0.06448387,0.9566973,12.30178,30.84364,355.6935,0.3541705,-0.07609298,-0.9320797,0,0,0,1.892871,-0.4530731,-2.671586,0.00146246,0.06073362,1.071511,0.847943,-0.0733676,-0.5249857,0.1733986,0.9742804,0.1439116,0.5009249,-0.2130606,0.838856,moving,31.35882,-14.35183,0.0782005,3.244073,29.12941176266837,-3.3104703363101002
05/11/2023 12:33:11.312760,632,True,True,True,True,Eyes,1.356453,-0.2896249,-3.57267,0.5089288,-0.2108387,0.8345888,0.0,0.0,0.0,0.0,0.0,0.0,0.0,-3.037918,0.5541898,2.270937,1.344165,-0.2836599,-3.578546,0.09234779,0.2678712,-0.06419903,0.9568675,12.18819,30.81885,355.6943,0.3541507,-0.0760464,-0.932091,0,0,0,1.892895,-0.4505111,-2.671533,0.001982212,0.06103476,1.071394,0.848247,-0.0733853,-0.5244918,0.1723345,0.9747007,0.142335,0.5007773,-0.2111233,0.8394338,moving,31.37467,-14.17776,0.1060042,3.260479,29.151107798345002,-3.1343526777805586
05/11/2023 12:33:11.322416,633,True,True,True,True,Eyes,1.356314,-0.2894071,-3.572785,0.50951,-0.208263,0.8348809,0.0,0.0,0.0,0.0,0.0,0.0,0.0,-3.036594,0.5482986,2.274265,1.344036,-0.2833398,-3.578701,0.0910956,0.2676938,-0.06382588,0.9570622,12.0368,30.79902,355.696,0.3541293,-0.07599889,-0.932103,0,0,0,1.892923,-0.4475038,-2.671471,0.002384663,0.06091662,1.071249,0.8485326,-0.07339919,-0.5240278,0.1709421,0.9752557,0.1401967,0.5007708,-0.2085399,0.8400832,moving,31.39482,-14.0067,0.1275435,3.25462,29.1770342150717,-2.961249929377084
05/11/2023 12:33:11.342295,634,True,True,True,True,Eyes,1.356178,-0.2891829,-3.572903,0.5100706,-0.2056543,0.8351852,0.0,0.0,0.0,0.0,0.0,0.0,0.0,-3.035141,0.541677,2.277971,1.343857,-0.2829808,-3.578913,0.08971658,0.2674975,-0.06344301,0.9572728,11.87096,30.77684,355.6946,0.3541061,-0.07595038,-0.9321157,0,0,0,1.892951,-0.444525,-2.67141,0.002865881,0.06048414,1.071213,0.8488402,-0.07346662,-0.5235198,0.1694624,0.9758518,0.1378248,0.5007523,-0.2057081,0.8407921,moving,31.41356,-13.83319,0.1532865,3.231674,29.2016216777835,-2.785679249232686
05/11/2023 12:33:11.362758,635,True,True,True,True,Eyes,1.356043,-0.2889538,-3.573023,0.5106215,-0.2030413,0.8354878,0.0,0.0,0.0,0.0,0.0,0.0,0.0,-3.033935,0.5341209,2.281594,1.343783,-0.2826285,-3.579118,0.08809147,0.2673597,-0.06292677,0.9574963,11.67398,30.76282,355.7016,0.3540812,-0.07590077,-0.9321292,0,0,0,1.89298,-0.4415016,-2.671348,0.003159642,0.05949178,1.071146,0.849118,-0.07340006,-0.5230785,0.1676085,0.9765602,0.1350463,0.5009052,-0.2023426,0.8415173,moving,31.43184,-13.6593,0.1690092,3.178958,29.225758499663606,-2.609727396753218
05/11/2023 12:33:11.382475,636,True,True,True,True,Eyes,1.355908,-0.2887234,-3.573143,0.5111554,-0.2003827,0.8358032,0.0,0.0,0.0,0.0,0.0,0.0,0.0,-3.032879,0.5252337,2.285162,1.343648,-0.2823094,-3.579261,0.08621789,0.2672817,-0.06236989,0.9577249,11.44848,30.75609,355.7064,0.3540548,-0.07585005,-0.9321433,0,0,0,1.893008,-0.4384979,-2.671286,0.003439069,0.05797411,1.071091,0.849341,-0.07337748,-0.5227195,0.1655553,0.9773529,0.1318054,0.5012099,-0.1984867,0.8422539,moving,31.44887,-13.48212,0.1839652,3.09818,29.2487451530018,-2.4304571744314583
05/11/2023 12:33:11.392956,637,True,True,True,True,Eyes,1.355785,-0.2884954,-3.573273,0.51145,-0.197678,0.8362669,0.0,0.0,0.0,0.0,0.0,0.0,0.0,-3.031727,0.5161742,2.288862,1.343522,-0.2820737,-3.579396,0.08438602,0.2671632,-0.06192619,0.9579499,11.23094,30.74352,355.6993,0.3540272,-0.07579831,-0.9321581,0,0,0,1.893036,-0.435483,-2.671224,0.003792822,0.05670481,1.071002,0.8495779,-0.07355468,-0.5223094,0.163734,0.9780883,0.1285864,0.5014066,-0.194764,0.8430056,moving,31.44942,-13.29954,0.2029051,3.030727,29.25531639517942,-2.2458365888624225
05/11/2023 12:33:11.412717,638,True,True,True,True,Eyes,1.355662,-0.2882653,-3.573402,0.5117234,-0.1949588,0.8367378,0.0,0.0,0.0,0.0,0.0,0.0,0.0,-3.030359,0.5088175,2.292417,1.343327,-0.2818997,-3.579547,0.08297843,0.2669694,-0.06169323,0.9581419,11.06664,30.72048,355.6806,0.3539985,-0.07574567,-0.9321732,0,0,0,1.893065,-0.4324532,-2.671162,0.004298896,0.05653285,1.0709,0.8498426,-0.07391632,-0.5218275,0.1625271,0.978617,0.1260698,0.5013506,-0.1919506,0.8436839,moving,31.44869,-13.11584,0.2300003,3.021842,29.26063574371291,-2.0600920426618217
05/11/2023 12:33:11.422428,639,True,True,True,True,Eyes,1.355532,-0.2880398,-3.573527,0.5118536,-0.1922624,0.8372819,0.0,0.0,0.0,0.0,0.0,0.0,0.0,-3.028664,0.5006226,2.296555,1.343194,-0.2816412,-3.579679,0.08145195,0.2667012,-0.0614767,0.9583615,10.88933,30.68829,355.6556,0.353969,-0.07569218,-0.9321888,0,0,0,1.893094,-0.429392,-2.671099,0.004947841,0.05606887,1.07078,0.8501822,-0.07438713,-0.521207,0.1612804,0.9791724,0.123329,0.5011775,-0.1889126,0.8444722,moving,31.4386,-12.93246,0.2647494,2.997421,29.256520148023576,-1.8747334745107356
05/11/2023 12:33:11.442485,640,True,True,True,True,Eyes,1.355398,-0.2878108,-3.573655,0.5119605,-0.1895696,0.8378304,0.0,0.0,0.0,0.0,0.0,0.0,0.0,-3.026759,0.4944383,2.300467,1.343033,-0.2815468,-3.579787,0.08000208,0.2664348,-0.06095413,0.9585912,10.71123,30.65956,355.6674,0.3539385,-0.07563804,-0.9322047,0,0,0,1.893121,-0.4264912,-2.671039,0.005605489,0.05558792,1.070657,0.8505942,-0.07422949,-0.520557,0.1594908,0.9797685,0.120898,0.5010512,-0.1858592,0.8452244,moving,31.42723,-12.74922,0.2999727,2.972095,29.251111131703368,-1.689525002674202
05/11/2023 12:33:11.462781,641,True,True,True,True,Eyes,1.355266,-0.2875829,-3.573786,0.5119743,-0.1869283,0.8384153,0.0,0.0,0.0,0.0,0.0,0.0,0.0,-3.02444,0.4890953,2.304819,1.342795,-0.2812561,-3.580005,0.07878292,0.2660688,-0.06052871,0.9588207,10.56127,30.61823,355.6743,0.353907,-0.07558323,-0.9322211,0,0,0,1.89315,-0.423462,-2.670977,0.006466746,0.05560923,1.070659,0.8510874,-0.07414903,-0.5197617,0.1579957,0.9802591,0.1188677,0.5006872,-0.1832869,0.8460014,moving,31.41013,-12.56878,0.3460604,2.973228,29.239840410247716,-1.5071859734124047
05/11/2023 12:33:11.472583,642,True,True,True,True,Eyes,1.355133,-0.287353,-3.57392,0.5119607,-0.1842988,0.8390055,0.0,0.0,0.0,0.0,0.0,0.0,0.0,-3.021498,0.4843908,2.309706,1.342577,-0.2810526,-3.58013,0.07759401,0.265588,-0.0600352,0.9590818,10.41212,30.56382,355.6885,0.3538747,-0.07552785,-0.9322379,0,0,0,1.893178,-0.4203919,-2.670914,0.007597387,0.05577412,1.070552,0.8517176,-0.07394126,-0.5187579,0.1563734,0.9807499,0.1169488,0.5001246,-0.1807273,0.8468844,moving,31.39152,-12.38902,0.406604,2.982325,29.227026888459378,-1.3255445984013274
05/11/2023 12:33:11.492624,643,True,True,True,True,Eyes,1.354992,-0.2871198,-3.57405,0.5119261,-0.1817183,0.8395892,0.0,0.0,0.0,0.0,0.0,0.0,0.0,-3.018766,0.4796252,2.314466,1.342396,-0.2807947,-3.580345,0.0764982,0.2651167,-0.0596629,0.9593235,10.27706,30.50956,355.6922,0.3538416,-0.07547189,-0.932255,0,0,0,1.893206,-0.4174195,-2.670853,0.008628577,0.05605824,1.070522,0.8523069,-0.07391014,-0.5177937,0.1550339,0.9811767,0.1151378,0.4995372,-0.1784083,0.8477222,moving,31.37208,-12.21256,0.461803,2.997574,29.21326889503669,-1.1472455732470372
05/11/2023 12:33:11.512510,644,True,True,True,True,Eyes,1.354854,-0.2868873,-3.574179,0.5118811,-0.1791227,0.8401743,0.0,0.0,0.0,0.0,0.0,0.0,0.0,-3.016399,0.4737964,2.3189,1.34227,-0.2805116,-3.580512,0.0751824,0.2647332,-0.05920688,0.9595616,10.11546,30.46649,355.6997,0.3538077,-0.07541533,-0.9322724,0,0,0,1.893234,-0.414469,-2.670792,0.009475946,0.05577198,1.070465,0.8528218,-0.07381874,-0.5169581,0.1534318,0.9816843,0.1129362,0.4991529,-0.1756323,0.8485279,moving,31.35211,-12.03511,0.507179,2.982452,29.199009883510527,-0.9679490371374726
05/11/2023 12:33:11.532576,645,True,True,True,True,Eyes,1.354711,-0.2866547,-3.574314,0.5117863,-0.1766104,0.8407637,0.0,0.0,0.0,0.0,0.0,0.0,0.0,-3.014483,0.467306,2.3228,1.342181,-0.2803169,-3.580622,0.07377415,0.2644399,-0.05877244,0.9597785,9.944679,30.43407,355.7031,0.353773,-0.07535826,-0.9322901,0,0,0,1.893264,-0.4113396,-2.670728,0.01011288,0.05555286,1.070317,0.8532347,-0.07379939,-0.5162793,0.1518347,0.9822063,0.1105301,0.4989357,-0.1726972,0.8492578,moving,31.32955,-11.86304,0.5413427,2.971168,29.181965738897283,-0.794109790845619
05/11/2023 12:33:11.542446,646,True,True,True,True,Eyes,1.35457,-0.2864205,-3.574444,0.5116751,-0.1740846,0.841358,0.0,0.0,0.0,0.0,0.0,0.0,0.0,-3.012203,0.4627743,2.326882,1.341905,-0.2800863,-3.580887,0.0728055,0.2640559,-0.05850618,0.9599745,9.827396,30.38964,355.7,0.3537376,-0.07530071,-0.9323082,0,0,0,1.893291,-0.4084473,-2.670668,0.01099148,0.05612476,1.070388,0.853703,-0.07387942,-0.515493,0.1507783,0.9825528,0.108885,0.4984547,-0.1706807,0.8499476,moving,31.30603,-11.69006,0.5883321,3.001501,29.163984981105756,-0.6193567931386443
05/11/2023 12:33:11.562760,647,True,True,True,True,Eyes,1.354418,-0.2861786,-3.574573,0.5115539,-0.1716449,0.8419327,0.0,0.0,0.0,0.0,0.0,0.0,0.0,-3.009509,0.4582422,2.331235,1.341779,-0.2798382,-3.580937,0.07153161,0.2636455,-0.0578218,0.9602245,9.663517,30.34557,355.7343,0.3537015,-0.07524271,-0.9323266,0,0,0,1.89332,-0.40531,-2.670604,0.01193133,0.05599933,1.070219,0.8542953,-0.07332583,-0.5145899,0.1487618,0.9830797,0.1068839,0.4980456,-0.1678617,0.8507485,moving,31.28265,-11.52298,0.6387355,2.995278,29.1459507347642,-0.4505686841862193
05/11/2023 12:33:11.582432,648,True,True,True,True,Eyes,1.354273,-0.2859332,-3.574701,0.5114304,-0.1691573,0.842511,0.0,0.0,0.0,0.0,0.0,0.0,0.0,-3.0061,0.4525858,2.336896,1.341564,-0.2794383,-3.581156,0.07020249,0.2630689,-0.05730707,0.9605116,9.497931,30.28008,355.7466,0.3536646,-0.07518409,-0.9323453,0,0,0,1.893348,-0.4023407,-2.670543,0.01326278,0.05559156,1.07029,0.8550213,-0.07315201,-0.5134076,0.1470244,0.983575,0.1047092,0.4973152,-0.165012,0.8517327,moving,31.25905,-11.35277,0.7099593,2.973308,29.127798133110133,-0.27861712285006845
05/11/2023 12:33:11.592850,649,True,True,True,True,Eyes,1.354131,-0.2856916,-3.574839,0.5113557,-0.1666935,0.8430473,0.0,0.0,0.0,0.0,0.0,0.0,0.0,-3.004498,0.4425272,2.341004,1.341575,-0.2791362,-3.581256,0.0683841,0.2628108,-0.05706628,0.9607277,9.287717,30.25031,355.7169,0.3536272,-0.07512484,-0.9323642,0,0,0,1.893376,-0.3994079,-2.670483,0.01381686,0.05432978,1.070194,0.8553479,-0.07370614,-0.5127839,0.1455944,0.9841341,0.1014017,0.4971742,-0.1613922,0.8525082,moving,31.23917,-11.18467,0.7396824,2.906198,29.113321584184582,-0.1087742981285249
05/11/2023 12:33:11.612628,650,True,True,True,True,Eyes,1.353987,-0.2854543,-3.57498,0.5112815,-0.1642333,0.8435749,0.0,0.0,0.0,0.0,0.0,0.0,0.0,-3.002039,0.4337123,2.346154,1.341333,-0.278993,-3.581588,0.06656424,0.2624222,-0.0566132,0.9609885,9.070408,30.20689,355.7097,0.3535892,-0.0750651,-0.9323834,0,0,0,1.893405,-0.3963297,-2.670419,0.01473105,0.05330961,1.070384,0.8558591,-0.07387339,-0.5119061,0.1437451,0.9847283,0.09822182,0.4968324,-0.157648,0.8534076,moving,31.2196,-11.01694,0.7884778,2.851215,29.09914497365577,0.06069646569229903
05/11/2023 12:33:11.632659,651,True,True,True,True,Eyes,1.353831,-0.2852167,-3.575121,0.5112603,-0.1618723,0.844044,0.0,0.0,0.0,0.0,0.0,0.0,0.0,-3.001215,0.426594,2.348694,1.341159,-0.2788717,-3.581782,0.06535232,0.2623048,-0.0565574,0.961107,8.933715,30.19301,355.679,0.3535507,-0.07500502,-0.9324028,0,0,0,1.893433,-0.3933472,-2.670358,0.01498136,0.05366144,1.070374,0.855995,-0.07443098,-0.5115982,0.1429999,0.9850607,0.09595058,0.4968135,-0.1552917,0.8538506,moving,31.20443,-10.85647,0.8018807,2.870026,29.089159361001073,0.2228555718371492
05/11/2023 12:33:11.642722,652,True,True,True,True,Eyes,1.353677,-0.2849684,-3.575254,0.5112423,-0.1594889,0.8445085,0.0,0.0,0.0,0.0,0.0,0.0,0.0,-2.999856,0.4205379,2.35175,1.340901,-0.2786525,-3.582046,0.06418307,0.2621086,-0.05631771,0.9612534,8.795898,30.17129,355.6693,0.3535115,-0.07494463,-0.9324226,0,0,0,1.893461,-0.3904207,-2.670298,0.01544645,0.05386484,1.070495,0.8562548,-0.07462531,-0.5111347,0.141917,0.9854177,0.09386966,0.4966762,-0.1529151,0.8543593,moving,31.18957,-10.69459,0.8266787,2.880563,29.079532351851377,0.38644247530674924
05/11/2023 12:33:11.662977,653,True,True,True,True,Eyes,1.353557,-0.2847198,-3.575411,0.5113906,-0.1569187,0.8449001,0.0,0.0,0.0,0.0,0.0,0.0,0.0,-2.998729,0.4147353,2.354044,1.340783,-0.278172,-3.582014,0.06283826,0.2620186,-0.05570195,0.9614027,8.627831,30.16532,355.6974,0.3534716,-0.07488371,-0.9324425,0,0,0,1.89349,-0.3873349,-2.670234,0.01573634,0.05332585,1.070351,0.8564872,-0.07417443,-0.5108112,0.1400336,0.9858973,0.09163585,0.4968102,-0.1500156,0.8547953,moving,31.18516,-10.52136,0.8423037,2.852168,29.08080131215131,0.5615756784878894
05/11/2023 12:33:11.682574,654,True,True,True,True,Eyes,1.353434,-0.2844731,-3.57557,0.5115335,-0.1542949,0.8452967,0.0,0.0,0.0,0.0,0.0,0.0,0.0,-2.997283,0.4075254,2.357339,1.340647,-0.2778841,-3.582216,0.06118956,0.2618513,-0.05504393,0.9615924,8.42447,30.15042,355.7206,0.3534319,-0.07482222,-0.9324626,0,0,0,1.893519,-0.3842205,-2.67017,0.01611504,0.05238516,1.07042,0.8568081,-0.07381451,-0.5103248,0.1379048,0.986452,0.08885218,0.4968523,-0.1465055,0.8553795,moving,31.18034,-10.34451,0.8625159,2.801757,29.081776759304454,0.7403665338132157
05/11/2023 12:33:11.692764,655,True,True,True,True,Eyes,1.353309,-0.2842299,-3.575728,0.5118497,-0.1514865,0.8456133,0.0,0.0,0.0,0.0,0.0,0.0,0.0,-2.995843,0.3992494,2.360759,1.340457,-0.2777168,-3.582417,0.05934413,0.2616979,-0.05437909,0.9617876,8.199177,30.13728,355.7389,0.3533921,-0.07476029,-0.9324826,0,0,0,1.893546,-0.3813676,-2.670112,0.01654422,0.05090223,1.070554,0.8571143,-0.07354178,-0.5098498,0.1356627,0.9870424,0.08569112,0.4969414,-0.1426147,0.8559849,moving,31.18652,-10.15646,0.885372,2.722224,29.09419701627042,0.9305556825427157
05/11/2023 12:33:11.712879,656,True,True,True,True,Eyes,1.353178,-0.2839929,-3.575889,0.5121387,-0.1487167,0.8459299,0.0,0.0,0.0,0.0,0.0,0.0,0.0,-2.994412,0.3921079,2.363944,1.340293,-0.27759,-3.582602,0.05786699,0.2615032,-0.05397088,0.9619536,8.022261,30.1173,355.7392,0.3533522,-0.07469804,-0.9325027,0,0,0,1.893578,-0.3779903,-2.670042,0.0169597,0.05088931,1.070557,0.8574064,-0.07357015,-0.5093541,0.1340998,0.9874771,0.0831036,0.4968616,-0.1395578,0.856535,moving,31.19134,-9.970862,0.9076002,2.721527,29.10516710347308,1.1182564081751867
05/11/2023 12:33:11.742496,657,True,True,True,True,Eyes,1.353018,-0.283749,-3.57603,0.5125769,-0.1459154,0.8461522,0.0,0.0,0.0,0.0,0.0,0.0,0.0,-2.992888,0.3874675,2.366842,1.340027,-0.2775151,-3.582843,0.05696986,0.2612582,-0.05381352,0.9620825,7.916967,30.08941,355.7282,0.3533121,-0.07463567,-0.9325229,0,0,0,1.893604,-0.3752359,-2.669986,0.01751661,0.05167763,1.070667,0.8576966,-0.07377841,-0.5088353,0.1333138,0.987717,0.08150098,0.4965723,-0.1377379,0.8569972,moving,31.20639,-9.784185,0.9373021,2.763337,29.126473135646776,1.3071163802402754
05/11/2023 12:33:11.752530,658,True,True,True,True,Eyes,1.352832,-0.2834964,-3.576159,0.5131565,-0.143098,0.8462821,0.0,0.0,0.0,0.0,0.0,0.0,0.0,-2.991689,0.3814142,2.369465,1.339921,-0.2771798,-3.582991,0.05594008,0.2610612,-0.05371822,0.9622018,7.799027,30.06692,355.7068,0.3532714,-0.07457306,-0.9325433,0,0,0,1.893636,-0.3717673,-2.669914,0.01785475,0.05264805,1.070592,0.8579228,-0.07416797,-0.508397,0.1325831,0.9879701,0.0796038,0.4963771,-0.1356988,0.8574356,moving,31.23119,-9.597375,0.9554596,2.815343,29.157600632148082,1.4961758444602218
05/11/2023 12:33:11.762403,659,True,True,True,True,Eyes,1.352648,-0.2832431,-3.576293,0.5137131,-0.1402745,0.8464171,0.0,0.0,0.0,0.0,0.0,0.0,0.0,-2.99116,0.3746923,2.371451,1.33979,-0.2768008,-3.583233,0.05451336,0.2610515,-0.0532002,0.962315,7.625299,30.07003,355.7224,0.3532295,-0.07451005,-0.9325643,0,0,0,1.893659,-0.3693038,-2.669864,0.01788366,0.05150474,1.070794,0.8580438,-0.07392911,-0.5082276,0.1308523,0.9883961,0.07714207,0.4966273,-0.132694,0.8577608,moving,31.25468,-9.409952,0.9568257,2.753781,29.187429318933937,1.6858464130386235
05/11/2023 12:33:11.782782,660,True,True,True,True,Eyes,1.352465,-0.2829887,-3.576431,0.5142621,-0.1374258,0.8465511,0.0,0.0,0.0,0.0,0.0,0.0,0.0,-2.990314,0.3675043,2.373959,1.339616,-0.2765543,-3.583527,0.05308207,0.2609623,-0.05281881,0.9624403,7.454804,30.06274,355.722,0.3531866,-0.07444666,-0.9325855,0,0,0,1.8937,-0.3650324,-2.669776,0.01794851,0.05237284,1.070847,0.8582177,-0.07396506,-0.5079287,0.1293747,0.988785,0.07460921,0.4967137,-0.1297441,0.858162,moving,31.27781,-9.220737,0.9602469,2.799984,29.21695458948905,1.8773265734092686
05/11/2023 12:33:11.797087,661,True,True,True,True,Eyes,1.352263,-0.2827355,-3.576556,0.5149188,-0.1345942,0.8466067,0.0,0.0,0.0,0.0,0.0,0.0,0.0,-2.990308,0.358647,2.375516,1.339466,-0.2762999,-3.583732,0.05139344,0.2610551,-0.05242881,0.962528,7.256348,30.07748,355.7164,0.3531429,-0.07438289,-0.9326072,0,0,0,1.893718,-0.3630293,-2.669735,0.01783663,0.05042479,1.071097,0.8582029,-0.07409535,-0.5079347,0.1277614,0.9892198,0.07156162,0.4971567,-0.1263089,0.8584179,moving,31.30859,-9.033329,0.9540401,2.695364,29.254122937796467,2.06703058089834
05/11/2023 12:33:11.812548,662,True,True,True,True,Eyes,1.352064,-0.2824874,-3.576683,0.5155687,-0.1317596,0.8466572,0.0,0.0,0.0,0.0,0.0,0.0,0.0,-2.990598,0.3510962,2.376517,1.339396,-0.27615,-3.583928,0.04996499,0.2611776,-0.05211818,0.962587,7.089261,30.09515,355.7097,0.3530979,-0.07431883,-0.9326293,0,0,0,1.893744,-0.3602978,-2.669678,0.01749793,0.04987219,1.071187,0.8581399,-0.07423707,-0.5080205,0.126436,0.9895744,0.06896709,0.4976041,-0.1234155,0.8585795,moving,31.33916,-8.845609,0.9358479,2.665645,29.29109012415691,2.2570486689748286
05/11/2023 12:33:11.822415,663,True,True,True,True,Eyes,1.351851,-0.2822398,-3.576808,0.5162742,-0.1289741,0.8466561,0.0,0.0,0.0,0.0,0.0,0.0,0.0,-2.991127,0.3437286,2.377067,1.339242,-0.2760459,-3.584085,0.04854457,0.2613681,-0.05178043,0.9626262,6.922577,30.12118,355.7068,0.3530521,-0.07425465,-0.9326518,0,0,0,1.893773,-0.357262,-2.669616,0.01707125,0.04966963,1.071259,0.858011,-0.07431439,-0.5082269,0.1250664,0.9899244,0.06639303,0.4981721,-0.120528,0.8586603,moving,31.37401,-8.661479,0.9129706,2.654657,29.332248438368445,2.443465242917023
05/11/2023 12:33:11.842609,664,True,True,True,True,Eyes,1.351642,-0.2819897,-3.576938,0.5169675,-0.1261931,0.8466522,0.0,0.0,0.0,0.0,0.0,0.0,0.0,-2.990696,0.3380888,2.378777,1.339038,-0.2758568,-3.584414,0.04745004,0.2613412,-0.05151419,0.9627023,6.793198,30.1206,355.7039,0.353005,-0.07419039,-0.9326748,0,0,0,1.8938,-0.3543277,-2.669556,0.01705754,0.05003104,1.071489,0.8580941,-0.07438435,-0.5080762,0.1239869,0.9901896,0.06443497,0.4982989,-0.1182861,0.8588985,moving,31.40833,-8.477497,0.9120411,2.673369,29.372868228356744,2.6297286319377555
05/11/2023 12:33:11.862767,665,True,True,True,True,Eyes,1.351417,-0.2817433,-3.577059,0.5176739,-0.1234314,0.8466277,0.0,0.0,0.0,0.0,0.0,0.0,0.0,-2.991165,0.3306465,2.379448,1.338922,-0.2755673,-3.584622,0.04612176,0.2614972,-0.05127997,0.9627368,6.639699,30.14194,355.6918,0.352957,-0.07412598,-0.9326981,0,0,0,1.893829,-0.3513051,-2.669494,0.01664788,0.04988452,1.071612,0.8579791,-0.07461681,-0.5082363,0.1228597,0.9904863,0.0619871,0.4987758,-0.1156254,0.858984,moving,31.44387,-8.294814,0.890039,2.665247,29.41467359971474,2.8146866632965857
05/11/2023 12:33:11.872603,666,True,True,True,True,Eyes,1.351199,-0.2814921,-3.577184,0.5183755,-0.1206793,0.8465952,0.0,0.0,0.0,0.0,0.0,0.0,0.0,-2.990932,0.3239329,2.380988,1.338825,-0.2754821,-3.58488,0.04458661,0.261543,-0.05066059,0.9628296,6.451289,30.15267,355.7157,0.3529077,-0.07406155,-0.9327219,0,0,0,1.893857,-0.3482583,-2.669431,0.01645738,0.04931772,1.071775,0.8580575,-0.07423239,-0.5081602,0.1208777,0.9908911,0.05935879,0.4991251,-0.1123585,0.8592146,moving,31.47939,-8.112666,0.879722,2.634606,29.456441200980436,2.999103592680976
05/11/2023 12:33:11.892697,667,True,True,True,True,Eyes,1.350986,-0.2812438,-3.577311,0.5190479,-0.1179861,0.8465627,0.0,0.0,0.0,0.0,0.0,0.0,0.0,-2.992131,0.3148153,2.380951,1.338743,-0.2751346,-3.585101,0.04323656,0.2618099,-0.05073952,0.9628145,6.305274,30.18559,355.6687,0.3528574,-0.07399697,-0.932746,0,0,0,1.893885,-0.3452964,-2.66937,0.01576403,0.04918262,1.071915,0.8577622,-0.07506596,-0.5085363,0.120345,0.9911122,0.05668936,0.4997611,-0.1098258,0.8591723,moving,31.51346,-7.934251,0.8425548,2.627057,29.496625794171123,3.1797362076625584
05/11/2023 12:33:11.912404,668,True,True,True,True,Eyes,1.350778,-0.2809912,-3.577441,0.5197164,-0.1152849,0.8465248,0.0,0.0,0.0,0.0,0.0,0.0,0.0,-2.992869,0.3077701,2.381138,1.338664,-0.2749767,-3.585271,0.04188894,0.2620248,-0.05040987,0.9628329,6.147097,30.21475,355.6669,0.3528064,-0.07393232,-0.9327704,0,0,0,1.893914,-0.3422408,-2.669307,0.01519939,0.04909045,1.071997,0.8576038,-0.07512068,-0.5087954,0.1190244,0.9914083,0.05424684,0.5003489,-0.1070814,0.8591767,moving,31.54747,-7.755178,0.8123184,2.621941,29.536771660871423,3.361033763442295
05/11/2023 12:33:11.922632,669,True,True,True,True,Eyes,1.350571,-0.2807364,-3.577571,0.5203821,-0.1126218,0.8464743,0.0,0.0,0.0,0.0,0.0,0.0,0.0,-2.993684,0.3013743,2.381168,1.338566,-0.2746442,-3.58549,0.04053036,0.262274,-0.04988024,0.9628507,5.981882,30.24915,355.6871,0.3527549,-0.0738675,-0.9327951,0,0,0,1.893942,-0.3393097,-2.669247,0.01457864,0.04856152,1.072173,0.8574486,-0.07479432,-0.5091048,0.1173146,0.9917384,0.0518848,0.5010182,-0.104214,0.8591392,moving,31.58171,-7.578584,0.7790188,2.593303,29.577067407294997,3.539826196269046
05/11/2023 12:33:11.942508,670,True,True,True,True,Eyes,1.350371,-0.2804796,-3.577707,0.5210458,-0.1099026,0.8464235,0.0,0.0,0.0,0.0,0.0,0.0,0.0,-2.994358,0.2938599,2.3816,1.338597,-0.2743817,-3.585725,0.03895735,0.2624771,-0.04932337,0.9628891,5.791904,30.2785,355.7035,0.3527028,-0.07380246,-0.9328199,0,0,0,1.89397,-0.3362569,-2.669184,0.0139505,0.04775446,1.072306,0.857346,-0.07453503,-0.5093157,0.1154367,0.992099,0.04913071,0.5016296,-0.1009157,0.8591762,moving,31.61584,-7.398096,0.7453651,2.549946,29.61738073507192,3.7225553383253676
05/11/2023 12:33:11.963018,671,True,True,True,True,Eyes,1.350203,-0.2802268,-3.577863,0.5213796,-0.1070871,0.8465788,0.0,0.0,0.0,0.0,0.0,0.0,0.0,-2.995012,0.2838781,2.382355,1.338527,-0.2741067,-3.586016,0.03698999,0.2626968,-0.04877321,0.9629348,5.558558,30.31042,355.7075,0.3526503,-0.07373714,-0.9328449,0,0,0,1.893998,-0.3332874,-2.669123,0.01338887,0.0460558,1.072587,0.8572232,-0.07449652,-0.509528,0.1133651,0.9925058,0.04561277,0.5023115,-0.09686302,0.8592442,moving,31.62753,-7.209279,0.715174,2.458713,29.63537418008898,3.9135567820031616
05/11/2023 12:33:11.976241,672,True,True,True,True,Eyes,1.350037,-0.2799777,-3.578024,0.5217227,-0.104278,0.8467181,0.0,0.0,0.0,0.0,0.0,0.0,0.0,-2.99654,0.2754583,2.381733,1.338512,-0.2739323,-3.586241,0.03544098,0.2630564,-0.04845191,0.9629111,5.379045,30.35731,355.6991,0.3525981,-0.07367165,-0.9328699,0,0,0,1.894027,-0.3302259,-2.66906,0.01243463,0.04552563,1.072735,0.8569075,-0.07466381,-0.5100342,0.1119557,0.9927927,0.04276185,0.5031655,-0.09374419,0.8590905,moving,31.64015,-7.020935,0.6641156,2.430109,29.654288434495136,4.104086149546004
05/11/2023 12:33:11.992736,673,True,True,True,True,Eyes,1.349866,-0.2797278,-3.578172,0.5218418,-0.1013967,0.8469946,0.0,0.0,0.0,0.0,0.0,0.0,0.0,-2.997565,0.2681537,2.381615,1.338381,-0.2737933,-3.586525,0.03412019,0.2633145,-0.04821657,0.9629001,5.226945,30.39141,355.6873,0.3525461,-0.07360607,-0.9328947,0,0,0,1.894055,-0.3272518,-2.668999,0.01175094,0.04548799,1.072977,0.8566813,-0.0748868,-0.5103815,0.1108242,0.993022,0.04031643,0.5038007,-0.09110092,0.8590026,moving,31.63763,-6.826589,0.6274621,2.427555,29.65815633773908,4.3005835309157385
05/11/2023 12:33:12.012724,674,True,True,True,True,Eyes,1.349696,-0.2794752,-3.578325,0.5219644,-0.09850713,0.84726,0.0,0.0,0.0,0.0,0.0,0.0,0.0,-2.998412,0.2598885,2.38159,1.33843,-0.2735698,-3.586607,0.03264634,0.2635329,-0.04796429,0.9629041,5.057239,30.42122,355.6725,0.3524943,-0.07354041,-0.9329194,0,0,0,1.894084,-0.3242338,-2.668937,0.01112127,0.04505932,1.072979,0.8564997,-0.07516324,-0.5106454,0.1095768,0.9932672,0.03759025,0.504382,-0.0881509,0.8589693,moving,31.63563,-6.631749,0.5938413,2.404701,29.6625640998477,4.497583890613715
05/11/2023 12:33:12.022684,675,True,True,True,True,Eyes,1.34954,-0.2792211,-3.578486,0.5218831,-0.09561522,0.8476413,0.0,0.0,0.0,0.0,0.0,0.0,0.0,-2.998336,0.2503782,2.382974,1.338289,-0.273273,-3.586861,0.03107148,0.2635723,-0.04785708,0.9629508,4.879947,30.42938,355.6376,0.3524426,-0.07347461,-0.9329442,0,0,0,1.894112,-0.3211662,-2.668874,0.01096767,0.04452611,1.073234,0.8564788,-0.07578886,-0.5105881,0.1085472,0.9934885,0.03461301,0.5046402,-0.08506819,0.8591285,moving,31.62014,-6.435845,0.5855008,2.375713,29.653424116711896,4.695570175713167
05/11/2023 12:33:12.042648,676,True,True,True,True,Eyes,1.349384,-0.2789699,-3.578648,0.521807,-0.09271029,0.8480108,0.0,0.0,0.0,0.0,0.0,0.0,0.0,-2.998131,0.2409234,2.384574,1.338286,-0.2729846,-3.587129,0.02946923,0.2635652,-0.04770222,0.9630107,4.697996,30.43247,355.6069,0.3523914,-0.07340861,-0.9329687,0,0,0,1.89414,-0.3182975,-2.668815,0.01080889,0.04370674,1.073452,0.8565158,-0.07634137,-0.5104437,0.1074096,0.9937121,0.03161307,0.5048208,-0.08190365,0.8593299,moving,31.60526,-6.239184,0.5769075,2.33157,29.644923279583836,4.894325973326679
05/11/2023 12:33:12.063387,677,True,True,True,True,Eyes,1.349239,-0.278721,-3.578818,0.5215871,-0.08986205,0.8484524,0.0,0.0,0.0,0.0,0.0,0.0,0.0,-2.997519,0.2320017,2.386406,1.338135,-0.2728238,-3.587316,0.02786884,0.2635146,-0.04746592,0.9630838,4.513615,30.43088,355.5851,0.3523405,-0.07334252,-0.9329932,0,0,0,1.894169,-0.3151349,-2.66875,0.01088396,0.04327878,1.073656,0.8566141,-0.07673963,-0.510219,0.106115,0.9939406,0.02866412,0.5049278,-0.07869598,0.8595667,moving,31.58117,-6.045822,0.5808037,2.308327,29.62704034858566,5.089684558382491
05/11/2023 12:33:12.072633,678,True,True,True,True,Eyes,1.349095,-0.2784742,-3.578992,0.5213534,-0.08702452,0.8488919,0.0,0.0,0.0,0.0,0.0,0.0,0.0,-2.995639,0.2244243,2.389773,1.33805,-0.2726273,-3.587552,0.02646551,0.2631882,-0.04721686,0.9632249,4.349391,30.39621,355.5693,0.35229,-0.07327637,-0.9330174,0,0,0,1.894196,-0.3122781,-2.668691,0.01149815,0.04292703,1.073871,0.8570052,-0.07703009,-0.5095179,0.1048917,0.9941403,0.02613063,0.5045195,-0.07583828,0.8600631,moving,31.55648,-5.853255,0.6134539,2.289128,29.608527087979503,5.284235273659844
05/11/2023 12:33:12.092923,679,True,True,True,True,Eyes,1.348966,-0.2782311,-3.579168,0.5210584,-0.08427314,0.8493505,0.0,0.0,0.0,0.0,0.0,0.0,0.0,-2.993597,0.2167461,2.393352,1.337934,-0.2724496,-3.587818,0.02516648,0.262816,-0.04713986,0.9633651,4.201668,30.35532,355.5375,0.35224,-0.07321023,-0.9330415,0,0,0,1.894227,-0.3089836,-2.668623,0.01216865,0.043354,1.074099,0.8574113,-0.07759748,-0.5087481,0.1040541,0.9942889,0.02371079,0.5040027,-0.07326722,0.8605888,moving,31.52823,-5.66638,0.6490858,2.311383,29.586241737721487,5.473006750852889
05/11/2023 12:33:12.112724,680,True,True,True,True,Eyes,1.348839,-0.2779855,-3.579346,0.5207577,-0.08152717,0.8498028,0.0,0.0,0.0,0.0,0.0,0.0,0.0,-2.992062,0.2090164,2.396245,1.338005,-0.2722891,-3.587995,0.0238069,0.2625307,-0.04698044,0.9634852,4.045165,30.32537,355.5135,0.3521907,-0.07314418,-0.9330652,0,0,0,1.894255,-0.3060732,-2.668564,0.01256683,0.04321259,1.07419,0.8577409,-0.07802984,-0.5081259,0.10303,0.9944521,0.02120756,0.5036521,-0.0705428,0.8610217,moving,31.4999,-5.47999,0.6702666,2.303657,29.56385985246179,5.661287283835331
05/11/2023 12:33:12.122371,681,True,True,True,True,Eyes,1.348721,-0.2777433,-3.579526,0.5204014,-0.07886501,0.8502722,0.0,0.0,0.0,0.0,0.0,0.0,0.0,-2.990374,0.2012656,2.39925,1.337954,-0.2720049,-3.588194,0.02249624,0.2622315,-0.04686789,0.9636037,3.895412,30.29359,355.4857,0.3521421,-0.07307812,-0.9330887,0,0,0,1.894283,-0.3031048,-2.668503,0.0130865,0.04314852,1.074368,0.8580761,-0.0785257,-0.5074831,0.1021226,0.9945946,0.01877445,0.5032657,-0.06793539,0.8614572,moving,31.46834,-5.299174,0.6978652,2.299864,29.53804203701676,5.843910095460786
05/11/2023 12:33:12.142697,682,True,True,True,True,Eyes,1.348598,-0.2775064,-3.57971,0.5200211,-0.07622637,0.8507453,0.0,0.0,0.0,0.0,0.0,0.0,0.0,-2.98842,0.1924388,2.40255,1.337818,-0.2718351,-3.588354,0.02107603,0.2618921,-0.04687233,0.963728,3.736849,30.25708,355.4417,0.3520942,-0.07301215,-0.933112,0,0,0,1.894309,-0.300273,-2.668444,0.01379055,0.04291633,1.074566,0.858431,-0.07930507,-0.5067611,0.1013836,0.9947175,0.01607213,0.5028096,-0.0651741,0.8619367,moving,31.43551,-5.120002,0.7352707,2.28708,29.510891301021125,6.024862098362043
05/11/2023 12:33:12.163136,683,True,True,True,True,Eyes,1.348474,-0.2772701,-3.579897,0.5196366,-0.07371791,0.8512012,0.0,0.0,0.0,0.0,0.0,0.0,0.0,-2.985345,0.186364,2.407115,1.337602,-0.2717386,-3.58862,0.02003945,0.261322,-0.04683019,0.9639068,3.618217,30.19242,355.4134,0.352047,-0.07294639,-0.933135,0,0,0,1.894338,-0.2972121,-2.668381,0.01496387,0.0437794,1.07485,0.8590355,-0.07980637,-0.505657,0.1007534,0.9948107,0.0141568,0.5019031,-0.06310784,0.8626184,moving,31.403,-4.949726,0.7976096,2.332407,29.48376957294628,6.196820988369093
05/11/2023 12:33:12.173133,684,True,True,True,True,Eyes,1.348351,-0.2770297,-3.580085,0.5192334,-0.07118036,0.8516631,0.0,0.0,0.0,0.0,0.0,0.0,0.0,-2.982213,0.1795506,2.411824,1.337476,-0.2715209,-3.588894,0.0189562,0.2607248,-0.04685947,0.964089,3.496397,30.12455,355.3759,0.3520001,-0.07288083,-0.9331577,0,0,0,1.894367,-0.2941735,-2.668319,0.01612541,0.04443856,1.075111,0.8596535,-0.08046868,-0.5045003,0.1002381,0.9948897,0.01211607,0.5009472,-0.06098576,0.8633265,moving,31.36941,-4.777567,0.8593051,2.366912,29.455622474143766,6.37067668477447
05/11/2023 12:33:12.192954,685,True,True,True,True,Eyes,1.34823,-0.2767908,-3.580268,0.5188479,-0.06868979,0.8521024,0.0,0.0,0.0,0.0,0.0,0.0,0.0,-2.979127,0.1698558,2.416601,1.337389,-0.2712069,-3.589129,0.01733095,0.2601629,-0.04675425,0.9642765,3.310735,30.06309,355.3375,0.3519537,-0.07281534,-0.9331803,0,0,0,1.894395,-0.2911549,-2.668257,0.01725972,0.04377469,1.075381,0.8602587,-0.08115029,-0.5033584,0.09918576,0.9950274,0.009096226,0.5001172,-0.05775109,0.8640299,moving,31.33737,-4.608769,0.9195102,2.331007,29.428925267898833,6.541144219497219
05/11/2023 12:33:12.212788,686,True,True,True,True,Eyes,1.348111,-0.276554,-3.580452,0.5184647,-0.06618258,0.852534,0.0,0.0,0.0,0.0,0.0,0.0,0.0,-2.977434,0.159341,2.419747,1.337467,-0.2710356,-3.589345,0.01562887,0.2598493,-0.04672938,0.9643913,3.120145,30.03137,355.289,0.3519078,-0.07274996,-0.9332027,0,0,0,1.894423,-0.288179,-2.668196,0.01769719,0.04305998,1.075566,0.8605894,-0.08200852,-0.5026535,0.09825312,0.9951442,0.005859499,0.4997322,-0.0544299,0.8644682,moving,31.30569,-4.438993,0.9426502,2.292596,29.402622771339615,6.712603065396571
05/11/2023 12:33:12.222587,687,True,True,True,True,Eyes,1.347968,-0.2763198,-3.580621,0.5181214,-0.0637783,0.8529259,0.0,0.0,0.0,0.0,0.0,0.0,0.0,-2.97592,0.1506673,2.422389,1.337407,-0.2708682,-3.589532,0.01416361,0.2595965,-0.04661895,0.9644874,2.953501,30.00653,355.2572,0.3518623,-0.07268474,-0.933225,0,0,0,1.894452,-0.2851368,-2.668133,0.01811069,0.04286066,1.075785,0.8608727,-0.08257312,-0.5020757,0.09728042,0.9952521,0.003117019,0.4994344,-0.05152548,0.8648181,moving,31.27716,-4.276385,0.9644755,2.281531,29.379255704665304,6.87683494559423
05/11/2023 12:33:12.242582,688,True,True,True,True,Eyes,1.347827,-0.2760881,-3.58079,0.5177814,-0.0613724,0.8533088,0.0,0.0,0.0,0.0,0.0,0.0,0.0,-2.974209,0.1428504,2.425163,1.337284,-0.2707689,-3.589721,0.01274036,0.2593195,-0.04639252,0.9645925,2.787938,29.97914,355.2395,0.3518168,-0.07261976,-0.9332472,0,0,0,1.894479,-0.2822194,-2.668073,0.0186401,0.04263012,1.076042,0.8612023,-0.08289211,-0.5014575,0.09610742,0.9953708,0.0005175461,0.4990932,-0.04863949,0.8651822,moving,31.24906,-4.113792,0.9924261,2.26873,29.356321102062836,7.0410545254829255
05/11/2023 12:33:12.262986,689,True,True,True,True,Eyes,1.347675,-0.2758516,-3.580954,0.5174729,-0.05904664,0.85366,0.0,0.0,0.0,0.0,0.0,0.0,0.0,-2.972977,0.1357608,2.427269,1.337188,-0.2706151,-3.589896,0.01151823,0.2591238,-0.04626191,0.9646668,2.647872,29.96056,355.2174,0.3517714,-0.07255507,-0.9332694,0,0,0,1.894508,-0.2792003,-2.668011,0.01893997,0.04290821,1.076267,0.8614294,-0.08328538,-0.501002,0.09522396,0.9954544,-0.001752622,0.4988706,-0.04619763,0.8654444,moving,31.22346,-3.956778,1.008178,2.283038,29.3357198274281,7.1996495331497945
05/11/2023 12:33:12.272812,690,True,True,True,True,Eyes,1.347524,-0.2756146,-3.58112,0.5171681,-0.05670995,0.8540031,0.0,0.0,0.0,0.0,0.0,0.0,0.0,-2.971445,0.1279936,2.4299,1.337115,-0.270301,-3.590173,0.01033206,0.2588477,-0.04630112,0.9647526,2.516417,29.93203,355.1774,0.3517258,-0.07249053,-0.9332916,0,0,0,1.894537,-0.2760989,-2.667948,0.01933563,0.04328846,1.076571,0.8617082,-0.08398937,-0.5004047,0.09468709,0.9954989,-0.004034113,0.4984912,-0.04390564,0.8657822,moving,31.19831,-3.79914,1.028944,2.302599,29.315592214581798,7.35887850273801
05/11/2023 12:33:12.293335,691,True,True,True,True,Eyes,1.347366,-0.275375,-3.58128,0.5170316,-0.05416243,0.854251,0.0,0.0,0.0,0.0,0.0,0.0,0.0,-2.970279,0.1205351,2.43196,1.336981,-0.2700742,-3.590412,0.009038258,0.2586721,-0.04613376,0.9648206,2.367427,29.91641,355.1574,0.35168,-0.0724261,-0.9333138,0,0,0,1.894565,-0.273125,-2.667886,0.01960805,0.04327832,1.076896,0.8619209,-0.08434573,-0.4999782,0.0936975,0.99558,-0.006426435,0.4983103,-0.04130763,0.8660141,moving,31.18423,-3.627892,1.043123,2.301366,29.30705932175656,7.53194311915566
05/11/2023 12:33:12.312908,692,True,True,True,True,Eyes,1.347213,-0.2751377,-3.58144,0.5169065,-0.05160692,0.8544849,0.0,0.0,0.0,0.0,0.0,0.0,0.0,-2.969737,0.1119619,2.433257,1.336967,-0.2698241,-3.590588,0.007505988,0.2586195,-0.04586569,0.9648607,2.189689,29.91662,355.1419,0.3516339,-0.07236172,-0.9333361,0,0,0,1.894592,-0.270207,-2.667826,0.01956686,0.04261248,1.077143,0.8620247,-0.08462561,-0.4997521,0.09239039,0.99568,-0.00923906,0.4983751,-0.03820799,0.8661193,moving,31.17115,-3.456201,1.040693,2.265477,29.29954790938725,7.705462345341791
05/11/2023 12:33:12.331078,693,True,True,True,True,Eyes,1.347057,-0.2749011,-3.581592,0.5170256,-0.04844997,0.8545977,0.0,0.0,0.0,0.0,0.0,0.0,0.0,-2.969631,0.1044775,2.433886,1.336915,-0.2696648,-3.590733,0.006149631,0.258655,-0.04561287,0.9648726,2.032319,29.92667,355.1301,0.3515878,-0.07229745,-0.9333585,0,0,0,1.894623,-0.266907,-2.667758,0.01932025,0.04278513,1.077369,0.8620341,-0.08483995,-0.4996993,0.09120248,0.9957632,-0.01172877,0.4985772,-0.03546321,0.8661196,moving,31.17365,-3.244814,1.027364,2.274169,29.309031986723284,7.919224312303763
05/11/2023 12:33:12.346784,694,True,True,True,True,Eyes,1.346899,-0.2746731,-3.581742,0.5171275,-0.04534629,0.8547063,0.0,0.0,0.0,0.0,0.0,0.0,0.0,-2.968927,0.09671423,2.435107,1.336835,-0.26951,-3.590802,0.004747503,0.2585848,-0.04536726,0.964911,1.869572,29.92443,355.1159,0.3515416,-0.07223332,-0.9333808,0,0,0,1.894651,-0.2639544,-2.667698,0.01940164,0.04253824,1.077555,0.8621514,-0.08509548,-0.4994534,0.090006,0.9958385,-0.01430073,0.4985918,-0.0326244,0.8662228,moving,31.17542,-3.03697,1.031513,2.260669,29.31766427165843,8.129398885178952
05/11/2023 12:33:12.362701,695,True,True,True,True,Eyes,1.346729,-0.2744515,-3.581882,0.5173475,-0.041906,0.8547488,0.0,0.0,0.0,0.0,0.0,0.0,0.0,-2.967733,0.09121142,2.436825,1.336629,-0.2695008,-3.590915,0.003823692,0.2584068,-0.04532407,0.9649649,1.765193,29.90721,355.0931,0.3514952,-0.07216953,-0.9334032,0,0,0,1.894678,-0.2610835,-2.667639,0.01974633,0.04348551,1.077797,0.8623434,-0.08549611,-0.4990534,0.08944838,0.9958622,-0.01604463,0.4983602,-0.03080355,0.8664226,moving,31.18495,-2.806808,1.049599,2.310439,29.334845501120576,8.362192184493235
05/11/2023 12:33:12.372437,696,True,True,True,True,Eyes,1.346559,-0.2742314,-3.58202,0.5175183,-0.03855441,0.8548032,0.0,0.0,0.0,0.0,0.0,0.0,0.0,-2.9654,0.08894197,2.439824,1.336509,-0.2694992,-3.591011,0.003409856,0.2579717,-0.04528624,0.9650847,1.716078,29.85742,355.0844,0.3514486,-0.07210623,-0.9334257,0,0,0,1.894706,-0.2581438,-2.667578,0.02054983,0.04558422,1.077933,0.8627995,-0.08565082,-0.4982378,0.0891694,0.9958751,-0.01678354,0.4976201,-0.02994674,0.866878,moving,31.19171,-2.582476,1.09216,2.421512,29.349045528011906,8.589071973497457
05/11/2023 12:33:12.392530,697,True,True,True,True,Eyes,1.346392,-0.2740169,-3.582154,0.5177787,-0.03506171,0.8547958,0.0,0.0,0.0,0.0,0.0,0.0,0.0,-2.962468,0.08551009,2.443511,1.336341,-0.2693241,-3.591091,0.002821411,0.2574385,-0.04523327,0.9652314,1.64669,29.79679,355.072,0.3514017,-0.07204343,-0.9334481,0,0,0,1.894734,-0.25518,-2.667517,0.02165014,0.0471774,1.078098,0.8633588,-0.08586846,-0.4972306,0.08877381,0.995892,-0.01784294,0.4967201,-0.0287362,0.8674349,moving,31.2047,-2.348821,1.150447,2.505655,29.369825684637206,8.825420311425706
05/11/2023 12:33:12.412837,698,True,True,True,True,Eyes,1.346224,-0.2738058,-3.58229,0.5179986,-0.03165495,0.8547955,0.0,0.0,0.0,0.0,0.0,0.0,0.0,-2.959833,0.08266886,2.446776,1.336207,-0.2692721,-3.591128,0.002203695,0.2569681,-0.045029,0.9653678,1.569917,29.74398,355.0757,0.3513546,-0.07198121,-0.9334707,0,0,0,1.894762,-0.252149,-2.667455,0.02260303,0.04880068,1.078219,0.8638796,-0.08580653,-0.496336,0.08807166,0.9959351,-0.01888729,0.495939,-0.02739679,0.867925,moving,31.2155,-2.120819,1.200933,2.591464,29.388214462699523,9.056037980874477
05/11/2023 12:33:12.422815,699,True,True,True,True,Eyes,1.346087,-0.2735976,-3.582434,0.518239,-0.02815926,0.8547721,0.0,0.0,0.0,0.0,0.0,0.0,0.0,-2.95771,0.08046656,2.449541,1.336011,-0.2691549,-3.591295,0.00162244,0.2566015,-0.04471086,0.9654813,1.494364,29.70348,355.0934,0.3513074,-0.07191962,-0.9334932,0,0,0,1.894791,-0.249093,-2.667392,0.02332893,0.05038396,1.078495,0.8643132,-0.08550235,-0.495633,0.08716763,0.9959966,-0.01981288,0.4953429,-0.02607862,0.868306,moving,31.22798,-1.886846,1.239172,2.674737,29.40849159109699,9.292704466070564
05/11/2023 12:33:12.442740,700,True,True,True,True,Eyes,1.34595,-0.2733948,-3.582577,0.5184609,-0.02473386,0.8547435,0.0,0.0,0.0,0.0,0.0,0.0,0.0,-2.95621,0.07919841,2.45144,1.336052,-0.2689941,-3.591325,0.001116753,0.2563342,-0.04426802,0.9655734,1.424028,29.67456,355.1273,0.3512607,-0.07185863,-0.9335155,0,0,0,1.89482,-0.2460346,-2.667329,0.02371126,0.05198013,1.078542,0.8646663,-0.08491552,-0.4951177,0.08606057,0.9960782,-0.0205382,0.49492,-0.02485142,0.8685831,moving,31.2397,-1.657515,1.25942,2.759225,29.427850499930067,9.524672096373347
05/11/2023 12:33:12.462992,701,True,True,True,True,Eyes,1.34583,-0.273197,-3.582728,0.5187089,-0.02130564,0.8546854,0.0,0.0,0.0,0.0,0.0,0.0,0.0,-2.955576,0.07718296,2.452294,1.335901,-0.2689381,-3.591403,0.0003902068,0.2562768,-0.0436959,0.9656153,1.326519,29.67159,355.1694,0.3512145,-0.07179832,-0.9335375,0,0,0,1.894848,-0.2430861,-2.667269,0.02380195,0.05303185,1.078765,0.8648258,-0.08418686,-0.4949636,0.08458686,0.996181,-0.02164291,0.4948953,-0.02315006,0.8686442,moving,31.25358,-1.427977,1.263973,2.814382,29.449391092058406,9.756863437884975
05/11/2023 12:33:12.482315,702,True,True,True,True,Eyes,1.345708,-0.2729987,-3.582876,0.5189428,-0.01796572,0.8546202,0.0,0.0,0.0,0.0,0.0,0.0,0.0,-2.954957,0.07621957,2.453181,1.335794,-0.2688518,-3.591525,-1.564693e-05,0.2561911,-0.04333078,0.9656544,1.270449,29.66363,355.1979,0.351169,-0.07173873,-0.9335593,0,0,0,1.894876,-0.2400447,-2.667206,0.02384543,0.0549317,1.078973,0.8649772,-0.08369315,-0.4947827,0.08367711,0.9962449,-0.02223214,0.4947855,-0.0221717,0.8687323,moving,31.26698,-1.204287,1.266038,2.914476,29.470255643790153,9.983138336904654
05/11/2023 12:33:12.492705,703,True,True,True,True,Eyes,1.345611,-0.272799,-3.583037,0.5192313,-0.01460108,0.854509,0.0,0.0,0.0,0.0,0.0,0.0,0.0,-2.954679,0.07393009,2.453578,1.335606,-0.2686504,-3.591604,-0.0005593961,0.2561941,-0.04303985,0.9656665,1.201737,29.66666,355.2143,0.351124,-0.07167979,-0.9335807,0,0,0,1.894904,-0.2370663,-2.667145,0.02379805,0.05641203,1.079207,0.8650244,-0.08341091,-0.4947478,0.08283766,0.9962945,-0.02313349,0.4948442,-0.02097273,0.8687286,moving,31.28441,-0.9789236,1.263248,2.992226,29.495233074096923,10.211132175012189
05/11/2023 12:33:12.512762,704,True,True,True,True,Eyes,1.34551,-0.2725997,-3.583194,0.519523,-0.01127351,0.8543822,0.0,0.0,0.0,0.0,0.0,0.0,0.0,-2.954515,0.06894141,2.453995,1.335533,-0.2684096,-3.591701,-0.001593473,0.2562191,-0.04265404,0.965676,1.076078,29.67453,355.2268,0.3510802,-0.07162134,-0.9336017,0,0,0,1.894933,-0.233981,-2.667082,0.02363175,0.05687418,1.079463,0.8650649,-0.08319651,-0.4947132,0.08156339,0.9963562,-0.02493511,0.4949851,-0.01878,0.8686985,moving,31.30247,-0.7559695,1.254126,3.01598,29.520765433332294,10.43669403477119
05/11/2023 12:33:12.522661,705,True,True,True,True,Eyes,1.345439,-0.272399,-3.583362,0.5197133,-0.007811072,0.8543051,0.0,0.0,0.0,0.0,0.0,0.0,0.0,-2.955345,0.06397696,2.453129,1.335348,-0.268239,-3.591781,-0.002719409,0.256467,-0.04213841,0.9656303,0.9375343,29.70932,355.2513,0.3510372,-0.07156336,-0.9336223,0,0,0,1.894961,-0.2310624,-2.667022,0.02310508,0.05696011,1.079792,0.8648981,-0.08277512,-0.4950752,0.07998536,0.9964339,-0.0268661,0.4955336,-0.01636233,0.8684346,moving,31.31408,-0.5238515,1.225812,3.01961,29.54010543909466,10.67147902427231
05/11/2023 12:33:12.542871,706,True,True,True,True,Eyes,1.345362,-0.2721975,-3.583527,0.5198919,-0.00436148,0.854221,0.0,0.0,0.0,0.0,0.0,0.0,0.0,-2.95523,0.05797137,2.453311,1.33527,-0.2680022,-3.591755,-0.004149209,0.256538,-0.04142438,0.9656372,0.7586523,29.72466,355.2885,0.3509955,-0.07150573,-0.9336423,0,0,0,1.894989,-0.2281097,-2.666961,0.02298173,0.056275,1.080012,0.8649446,-0.0821307,-0.4951015,0.07787298,0.9965336,-0.02926712,0.4957891,-0.0132406,0.8683421,moving,31.32533,-0.2925382,1.219021,2.982751,29.5590564467799,10.905447935984734
05/11/2023 12:33:12.562500,707,True,True,True,True,Eyes,1.345338,-0.2719947,-3.583723,0.5198506,-0.0005223006,0.854257,0.0,0.0,0.0,0.0,0.0,0.0,0.0,-2.954621,0.05152822,2.454223,1.335053,-0.2678085,-3.591875,-0.005598932,0.2565172,-0.0407961,0.9656622,0.5796399,29.72912,355.3156,0.350955,-0.07144841,-0.9336619,0,0,0,1.895018,-0.2250165,-2.666897,0.02308604,0.05579663,1.080431,0.8650693,-0.08166295,-0.4949611,0.07591806,0.9966087,-0.03174316,0.4958748,-0.01011645,0.8683352,moving,31.32224,-0.03503116,1.224078,2.956298,29.564432085251028,11.165807200782897
05/11/2023 12:33:12.572640,708,True,True,True,True,Eyes,1.345311,-0.2717953,-3.583913,0.5198347,0.003321421,0.8542604,0.0,0.0,0.0,0.0,0.0,0.0,0.0,-2.954857,0.04308953,2.454263,1.335034,-0.2675267,-3.592013,-0.007051797,0.2566132,-0.04058089,0.9656363,0.4130052,29.74726,355.2968,0.3509165,-0.07139123,-0.9336808,0,0,0,1.895046,-0.2220519,-2.666836,0.02270576,0.05531472,1.080767,0.8650058,-0.08199192,-0.4950176,0.07475358,0.9966069,-0.03444612,0.4961622,-0.007208238,0.8681999,moving,31.32136,0.2227687,1.203547,2.929899,29.572042579471358,11.426477287600362
05/11/2023 12:33:12.592977,709,True,True,True,True,Eyes,1.345319,-0.271605,-3.584124,0.5196896,0.007342432,0.8543237,0.0,0.0,0.0,0.0,0.0,0.0,0.0,-2.9562,0.03304459,2.452784,1.334949,-0.2674424,-3.59204,-0.008983996,0.2569713,-0.04008602,0.9655456,0.1863835,29.79894,355.2949,0.3508797,-0.07133429,-0.933699,0,0,0,1.895074,-0.219026,-2.666774,0.02189577,0.05391132,1.081117,0.8647177,-0.08202701,-0.4955147,0.0727925,0.9966248,-0.03795083,0.4969552,-0.003253003,0.8677701,moving,31.31237,0.4924129,1.160248,2.854764,29.571877641004583,11.699069779878942
05/11/2023 12:33:12.612721,710,True,True,True,True,Eyes,1.345317,-0.2714154,-3.584333,0.5195672,0.01126426,0.8543553,0.0,0.0,0.0,0.0,0.0,0.0,0.0,-2.957808,0.02648076,2.450977,1.334795,-0.2674454,-3.592132,-0.01026348,0.2573585,-0.03974615,0.9654437,0.03669157,29.851,355.2949,0.3508451,-0.07127775,-0.9337164,0,0,0,1.895102,-0.2160061,-2.666712,0.02098122,0.05403508,1.081496,0.8643737,-0.08202814,-0.4961144,0.07146255,0.9966298,-0.04027566,0.4977461,-0.0006403858,0.8673226,moving,31.30544,0.7553736,1.11141,2.860307,29.573566601234617,11.964917944084348
05/11/2023 12:33:12.622914,711,True,True,True,True,Eyes,1.345307,-0.271226,-3.584535,0.5193892,0.01518313,0.8544029,0.0,0.0,0.0,0.0,0.0,0.0,0.0,-2.959207,0.02298912,2.449416,1.334541,-0.2672853,-3.592301,-0.01099322,0.2576965,-0.03945625,0.9653574,359.949,29.89461,355.3054,0.3508122,-0.07122159,-0.933733,0,0,0,1.895132,-0.2128456,-2.666647,0.0201894,0.05531553,1.081941,0.8640714,-0.0818446,-0.496671,0.07051294,0.9966447,-0.04156024,0.498406,0.000889288,0.8669434,moving,31.2953,1.018065,1.069036,2.926768,29.572014600791157,12.230472401142052
05/11/2023 12:33:12.642989,712,True,True,True,True,Eyes,1.345288,-0.2710318,-3.58474,0.5192182,0.01903654,0.8544297,0.0,0.0,0.0,0.0,0.0,0.0,0.0,-2.959909,0.02127422,2.448565,1.334395,-0.2671613,-3.592353,-0.01184749,0.25791,-0.03860721,0.9653246,359.8305,29.92399,355.3741,0.3507808,-0.07116579,-0.9337491,0,0,0,1.895158,-0.2100998,-2.666591,0.01976684,0.05563486,1.082248,0.8639839,-0.08064816,-0.4970189,0.06842582,0.9967383,-0.04278771,0.4988485,0.002958975,0.8666842,moving,31.28613,1.276328,1.046369,2.9428,29.571293323160155,12.49155552111129
05/11/2023 12:33:12.662628,713,True,True,True,True,Eyes,1.345276,-0.2708405,-3.584949,0.519011,0.02278746,0.8544638,0.0,0.0,0.0,0.0,0.0,0.0,0.0,-2.960207,0.01871277,2.44846,1.334138,-0.2668762,-3.59263,-0.01280136,0.2580447,-0.03777533,0.9653094,359.701,29.94444,355.438,0.3507505,-0.0711102,-0.9337648,0,0,0,1.895187,-0.2069994,-2.666527,0.01949281,0.0559539,1.082829,0.8639718,-0.07953641,-0.4972188,0.06632311,0.9968184,-0.04421,0.4991532,0.0052191,0.8664981,moving,31.27497,1.527643,1.031313,2.958062,29.568339362470965,12.745599858689147
05/11/2023 12:33:12.673040,714,True,True,True,True,Eyes,1.345258,-0.2706476,-3.585161,0.518814,0.0265117,0.854476,0.0,0.0,0.0,0.0,0.0,0.0,0.0,-2.960858,0.01472184,2.447868,1.334047,-0.2667576,-3.592787,-0.01395895,0.2582332,-0.03701175,0.9652725,359.5512,29.97218,355.4882,0.3507213,-0.07105486,-0.9337799,0,0,0,1.895216,-0.2039918,-2.666465,0.01900861,0.055951,1.083249,0.8638915,-0.07866216,-0.4974975,0.0642435,0.9968706,-0.0460637,0.4995641,0.007833057,0.8662415,moving,31.26496,1.777137,1.00531,2.956762,29.56648329750749,12.99781054828641
05/11/2023 12:33:12.692516,715,True,True,True,True,Eyes,1.345245,-0.2704497,-3.585375,0.5185921,0.03016122,0.8544897,0.0,0.0,0.0,0.0,0.0,0.0,0.0,-2.961172,0.009366646,2.447798,1.333875,-0.2665572,-3.593058,-0.01534499,0.2583655,-0.03621739,0.9652463,359.375,29.9943,355.5349,0.3506929,-0.0709997,-0.9337947,0,0,0,1.895243,-0.2010466,-2.666404,0.01869097,0.05531355,1.083838,0.8638712,-0.07784662,-0.4976611,0.06198816,0.9969057,-0.04833802,0.4998842,0.01090873,0.8660237,moving,31.25368,2.02155,0.9879775,2.921548,29.563181035601815,13.244875084934229
05/11/2023 12:33:12.712862,716,True,True,True,True,Eyes,1.345222,-0.2702489,-3.58559,0.5183861,0.03380383,0.8544782,0.0,0.0,0.0,0.0,0.0,0.0,0.0,-2.961879,0.001205236,2.447157,1.333822,-0.2662578,-3.593234,-0.01699557,0.2585661,-0.03565541,0.9651857,359.1767,30.02596,355.5479,0.3506654,-0.07094457,-0.9338093,0,0,0,1.895271,-0.1980822,-2.666343,0.01814279,0.05417209,1.084313,0.8637445,-0.07761715,-0.4979167,0.06003923,0.9968796,-0.05124633,0.5003407,0.01436921,0.8657094,moving,31.24392,2.265485,0.9585868,2.860109,29.561393477551483,13.491466423505155
05/11/2023 12:33:12.722497,717,True,True,True,True,Eyes,1.345201,-0.2700466,-3.585808,0.5181464,0.03735847,0.8544756,0.0,0.0,0.0,0.0,0.0,0.0,0.0,-2.962152,-0.008335844,2.447005,1.333553,-0.2660111,-3.593483,-0.01871946,0.2587056,-0.03531564,0.9651289,358.9766,30.05099,355.5341,0.3506384,-0.07088939,-0.9338236,0,0,0,1.8953,-0.1950028,-2.66628,0.01783368,0.05318845,1.08497,0.8636484,-0.07785394,-0.4980464,0.05848263,0.9968048,-0.05440608,0.5006907,0.01786067,0.865442,moving,31.23225,2.503431,0.9416873,2.806562,29.55748539350156,13.73198921198456
05/11/2023 12:33:12.742390,718,True,True,True,True,Eyes,1.34517,-0.2698411,-3.586025,0.5179001,0.04089717,0.8544629,0.0,0.0,0.0,0.0,0.0,0.0,0.0,-2.96163,-0.01782309,2.447698,1.333372,-0.2657921,-3.593643,-0.02051067,0.2586852,-0.03487985,0.9651139,358.7655,30.05747,355.5289,0.3506118,-0.07083412,-0.9338378,0,0,0,1.895328,-0.1920663,-2.66622,0.01787734,0.05190237,1.085509,0.8637307,-0.07793766,-0.4978905,0.05671443,0.9967254,-0.05763606,0.5007522,0.02154446,0.8653226,moving,31.22055,2.740258,0.9435239,2.737448,29.553510223129614,13.971380316531313
05/11/2023 12:33:12.762846,719,True,True,True,True,Eyes,1.345121,-0.2696264,-3.586233,0.5176533,0.04431689,0.8544419,0.0,0.0,0.0,0.0,0.0,0.0,0.0,-2.960278,-0.02646717,2.449393,1.33311,-0.2655331,-3.593853,-0.02206634,0.2584996,-0.0345808,0.96514,358.5837,30.04339,355.5159,0.3505856,-0.07077871,-0.9338519,0,0,0,1.895357,-0.1889612,-2.666156,0.01829275,0.05133015,1.086111,0.8639642,-0.07815892,-0.4974505,0.05534235,0.9966345,-0.06047247,0.5005028,0.02471597,0.865382,moving,31.20907,2.969069,0.9649091,2.705813,29.54949237564385,14.202667458981058
05/11/2023 12:33:12.772836,720,True,True,True,True,Eyes,1.345064,-0.2694098,-3.586442,0.5173923,0.04778523,0.8544132,0.0,0.0,0.0,0.0,0.0,0.0,0.0,-2.958313,-0.03714988,2.45184,1.332975,-0.2651674,-3.594075,-0.02404384,0.2581881,-0.034122,0.9651926,358.35,30.01658,355.5082,0.3505591,-0.07072295,-0.933866,0,0,0,1.895385,-0.1860348,-2.666096,0.01893902,0.04949732,1.086694,0.8643492,-0.07828426,-0.4967616,0.05345292,0.9965152,-0.06403365,0.5000432,0.02879409,0.8655216,moving,31.19712,3.201077,0.9984562,2.607937,29.545106661002933,14.437184134405879
05/11/2023 12:33:12.792589,721,True,True,True,True,Eyes,1.344988,-0.2691961,-3.586642,0.5171654,0.05107688,0.85436,0.0,0.0,0.0,0.0,0.0,0.0,0.0,-2.956295,-0.04868717,2.454238,1.332748,-0.2649409,-3.59429,-0.02628196,0.2578902,-0.0335174,0.9652349,358.0832,29.99277,355.5089,0.3505324,-0.07066683,-0.9338803,0,0,0,1.895413,-0.1830272,-2.666034,0.01965079,0.04725214,1.087356,0.8647385,-0.07826006,-0.4960875,0.05114862,0.9963717,-0.06802414,0.4996111,0.0334489,0.8656038,moving,31.18757,3.421287,1.035341,2.488279,29.542748620978607,14.659787189786627
05/11/2023 12:33:12.816752,722,True,True,True,True,Eyes,1.344904,-0.2689824,-3.586844,0.5169102,0.05434499,0.8543129,0.0,0.0,0.0,0.0,0.0,0.0,0.0,-2.954042,-0.05916302,2.456906,1.332522,-0.2648579,-3.594508,-0.02816737,0.2575277,-0.03320179,0.9652895,357.8636,29.95999,355.4884,0.3505051,-0.07061049,-0.9338948,0,0,0,1.895441,-0.1800109,-2.665972,0.02043229,0.04606924,1.087987,0.8651541,-0.07860643,-0.4953073,0.04959091,0.9962085,-0.0714801,0.4990481,0.03727857,0.8657721,moving,31.17644,3.639824,1.075883,2.424659,29.53874457179446,14.880688045977626
05/11/2023 12:33:12.822523,723,True,True,True,True,Eyes,1.344827,-0.2687657,-3.587042,0.5166383,0.05748276,0.854272,0.0,0.0,0.0,0.0,0.0,0.0,0.0,-2.95121,-0.06681618,2.460361,1.332274,-0.2646645,-3.594785,-0.02950348,0.257033,-0.03300112,0.9653883,357.7076,29.90872,355.4719,0.350477,-0.07055397,-0.9339097,0,0,0,1.89547,-0.1769978,-2.66591,0.02147055,0.04599579,1.088626,0.86569,-0.07888452,-0.4943259,0.04855106,0.9960809,-0.07392937,0.4982205,0.03999986,0.8661271,moving,31.1643,3.849549,1.129876,2.419378,29.533433148470927,15.092671858596272
05/11/2023 12:33:12.842467,724,True,True,True,True,Eyes,1.344744,-0.2685577,-3.587242,0.5163404,0.06064584,0.8542334,0.0,0.0,0.0,0.0,0.0,0.0,0.0,-2.948806,-0.07841501,2.462997,1.332287,-0.2643903,-3.594867,-0.0313771,0.2566149,-0.03290773,0.9654437,357.4956,29.87009,355.4275,0.3504483,-0.07049718,-0.9339247,0,0,0,1.895499,-0.1738446,-2.665845,0.02219835,0.04491293,1.089027,0.8661318,-0.07964477,-0.4934293,0.04743744,0.9958652,-0.07747486,0.4975595,0.04369641,0.8663285,moving,31.15082,4.06087,1.167736,2.361617,29.526825106670337,15.306260542196863
05/11/2023 12:33:12.862737,725,True,True,True,True,Eyes,1.344656,-0.2683549,-3.587444,0.516027,0.06353545,0.8542128,0.0,0.0,0.0,0.0,0.0,0.0,0.0,-2.945821,-0.08938996,2.466442,1.332092,-0.2644175,-3.595107,-0.03327199,0.2561008,-0.03270977,0.9655235,357.2777,29.82024,355.3944,0.3504191,-0.0704404,-0.9339399,0,0,0,1.895526,-0.1709914,-2.665787,0.02326041,0.04372752,1.089665,0.8666849,-0.08020606,-0.492366,0.04612213,0.9956461,-0.08100377,0.4967192,0.04749579,0.8666107,moving,31.13603,4.253767,1.222872,2.298007,29.518290835117405,15.501210947550149
05/11/2023 12:33:12.876169,726,True,True,True,True,Eyes,1.344562,-0.2681551,-3.587645,0.5156945,0.06638616,0.8541967,0.0,0.0,0.0,0.0,0.0,0.0,0.0,-2.943361,-0.09677012,2.46941,1.331852,-0.2643277,-3.595417,-0.03418993,0.2556592,-0.03305537,0.9655967,357.1842,29.77446,355.33,0.3503892,-0.07038376,-0.9339554,0,0,0,1.895555,-0.1679663,-2.665724,0.02403289,0.04495698,1.090311,0.8670914,-0.08131824,-0.491467,0.04635437,0.9954768,-0.08292918,0.4959877,0.04912554,0.8669389,moving,31.12016,4.44396,1.262723,2.36115,29.50858001483033,15.693419985324105
05/11/2023 12:33:12.892984,727,True,True,True,True,Eyes,1.344446,-0.2679548,-3.587827,0.5155736,0.06881026,0.8540779,0.0,0.0,0.0,0.0,0.0,0.0,0.0,-2.940785,-0.1040791,2.47229,1.33164,-0.2642076,-3.59558,-0.03522161,0.2552111,-0.03321862,0.9656725,357.0727,29.7283,355.2826,0.3503585,-0.07032732,-0.9339712,0,0,0,1.895582,-0.1650189,-2.665664,0.02490824,0.04574093,1.090826,0.8675276,-0.08213452,-0.4905606,0.04617872,0.9953119,-0.0849806,0.4952407,0.05106956,0.8672535,moving,31.11775,4.606184,1.308082,2.401142,29.51150000038635,15.857437737245986
05/11/2023 12:33:12.912766,728,True,True,True,True,Eyes,1.344326,-0.2677629,-3.588008,0.5154111,0.07117767,0.853982,0.0,0.0,0.0,0.0,0.0,0.0,0.0,-2.938025,-0.109162,2.475392,1.331493,-0.2640225,-3.595677,-0.03620933,0.2547241,-0.03292708,0.9657745,356.9524,29.67614,355.2871,0.3503269,-0.0702711,-0.9339873,0,0,0,1.895612,-0.1619017,-2.6656,0.02592021,0.04645208,1.091271,0.8680629,-0.08204705,-0.4896276,0.04515348,0.9952094,-0.08671474,0.4943967,0.05316544,0.867609,moving,31.1126,4.764475,1.360652,2.437436,29.511531510959962,16.01746034239687
05/11/2023 12:33:12.922851,729,True,True,True,True,Eyes,1.344176,-0.2675748,-3.588169,0.5153859,0.07315574,0.85383,0.0,0.0,0.0,0.0,0.0,0.0,0.0,-2.934831,-0.1096957,2.479261,1.331282,-0.2640435,-3.595827,-0.03659219,0.2541356,-0.03251314,0.965929,356.895,29.60771,355.3235,0.3502943,-0.07021529,-0.9340037,0,0,0,1.895641,-0.1588161,-2.665536,0.02718425,0.04853795,1.09175,0.8687159,-0.08140954,-0.4885746,0.04421202,0.9952078,-0.08721642,0.4933334,0.05416543,0.8681522,moving,31.11588,4.897115,1.426353,2.545628,29.519205616972684,16.15160198436463
05/11/2023 12:33:12.942669,730,True,True,True,True,Eyes,1.344027,-0.267391,-3.58833,0.515312,0.07506008,0.8537093,0.0,0.0,0.0,0.0,0.0,0.0,0.0,-2.930905,-0.1077723,2.484137,1.331155,-0.263981,-3.595983,-0.0364483,0.2533741,-0.03227469,0.9661427,356.9003,29.51586,355.3567,0.3502602,-0.07016002,-0.9340206,0,0,0,1.895668,-0.1559409,-2.665477,0.02874377,0.0515539,1.09211,0.8695199,-0.08083402,-0.4872383,0.0438938,0.9952598,-0.08678365,0.4919437,0.05407337,0.8689462,moving,31.11582,5.024655,1.507647,2.702684,29.523348658046558,16.28056445963694
05/11/2023 12:33:12.963202,731,True,True,True,True,Eyes,1.343875,-0.2672155,-3.588487,0.5153509,0.07670288,0.8535398,0.0,0.0,0.0,0.0,0.0,0.0,0.0,-2.927407,-0.1080688,2.488448,1.331055,-0.263903,-3.596167,-0.03648958,0.2526957,-0.03226946,0.9663188,356.8923,29.43574,355.3582,0.3502249,-0.07010534,-0.9340379,0,0,0,1.895696,-0.1529384,-2.665416,0.03002954,0.05442207,1.092505,0.8702071,-0.08080669,-0.4860143,0.04392365,0.9952543,-0.08682984,0.4907244,0.05421242,0.8696267,moving,31.12277,5.13506,1.574485,2.851776,29.533985194522693,16.39224751094668
05/11/2023 12:33:12.972744,732,True,True,True,True,Eyes,1.343724,-0.267043,-3.588645,0.5153434,0.07828571,0.8534006,0.0,0.0,0.0,0.0,0.0,0.0,0.0,-2.924167,-0.1094209,2.492493,1.331029,-0.2639064,-3.596382,-0.03661392,0.2520543,-0.0324015,0.9664773,356.8793,29.3609,355.342,0.3501884,-0.07005141,-0.9340556,0,0,0,1.895724,-0.1499801,-2.665354,0.03112346,0.05722711,1.092899,0.8708376,-0.081088,-0.4848367,0.04417323,0.9952192,-0.08710691,0.4895821,0.05443917,0.8702562,moving,31.12654,5.241292,1.631221,2.997422,29.541282318872526,16.499689804261
05/11/2023 12:33:12.992648,733,True,True,True,True,Eyes,1.343568,-0.2668746,-3.588801,0.5153689,0.07965854,0.8532581,0.0,0.0,0.0,0.0,0.0,0.0,0.0,-2.920792,-0.11146,2.496565,1.330881,-0.2638066,-3.596588,-0.03674068,0.2514102,-0.03266428,0.9666315,356.8698,29.28617,355.3112,0.3501509,-0.06999823,-0.9340737,0,0,0,1.895753,-0.1469031,-2.665291,0.03230229,0.06012849,1.093344,0.871452,-0.08162258,-0.4836417,0.04467467,0.9951664,-0.08745363,0.4884422,0.05460512,0.8708861,moving,31.13203,5.333565,1.692282,3.147812,29.549851217296506,16.593028834836208
05/11/2023 12:33:13.012969,734,True,True,True,True,Eyes,1.343416,-0.2667056,-3.588956,0.5153548,0.08100565,0.8531399,0.0,0.0,0.0,0.0,0.0,0.0,0.0,-2.917365,-0.115341,2.500602,1.330777,-0.2637094,-3.596779,-0.03705643,0.2507577,-0.03307543,0.9667748,356.8435,29.21211,355.2584,0.3501123,-0.06994584,-0.934092,0,0,0,1.895781,-0.1438743,-2.665229,0.03344223,0.06267886,1.093768,0.8720532,-0.08253735,-0.4824011,0.04536861,0.9950656,-0.08823828,0.4873037,0.05506261,0.8714948,moving,31.13484,5.423975,1.751287,3.279773,29.555660276450553,16.684466212246242
05/11/2023 12:33:13.023078,735,True,True,True,True,Eyes,1.343268,-0.2665426,-3.589109,0.5153824,0.08228754,0.8530003,0.0,0.0,0.0,0.0,0.0,0.0,0.0,-2.914205,-0.1206212,2.504179,1.330693,-0.2635288,-3.596924,-0.03755021,0.2501672,-0.03353068,0.966893,356.7991,29.14673,355.1953,0.350073,-0.06989415,-0.9341106,0,0,0,1.89581,-0.1408677,-2.665167,0.03444499,0.06477472,1.094162,0.8725841,-0.08362883,-0.4812516,0.0460535,0.9949313,-0.08939062,0.486288,0.05583752,0.8720128,moving,31.14035,5.510179,1.803115,3.387972,29.564049290823647,16.771668668548138
05/11/2023 12:33:13.042381,736,True,True,True,True,Eyes,1.343123,-0.2663806,-3.589262,0.5153862,0.08357757,0.8528727,0.0,0.0,0.0,0.0,0.0,0.0,0.0,-2.911783,-0.1267504,2.506886,1.330662,-0.2634795,-3.597075,-0.03829641,0.2497178,-0.03384378,0.9669691,356.7232,29.09938,355.1403,0.350033,-0.06984323,-0.9341295,0,0,0,1.895837,-0.1379551,-2.665107,0.03510889,0.06627349,1.094585,0.8729912,-0.08457835,-0.4803465,0.04632519,0.994776,-0.09096566,0.4855309,0.05716009,0.8723488,moving,31.14433,5.596851,1.837136,3.464839,29.570913202961194,16.859334144688617
05/11/2023 12:33:13.062526,737,True,True,True,True,Eyes,1.342984,-0.2662246,-3.589408,0.5154451,0.0848293,0.8527135,0.0,0.0,0.0,0.0,0.0,0.0,0.0,-2.909832,-0.1325016,2.509005,1.33059,-0.2633526,-3.597216,-0.0390988,0.2493713,-0.03397157,0.9670219,356.6362,29.06414,355.1039,0.3499924,-0.06979305,-0.9341484,0,0,0,1.895866,-0.134858,-2.665044,0.03561363,0.06763869,1.095057,0.8733197,-0.08520272,-0.4796385,0.04620226,0.9946344,-0.09256186,0.4849514,0.05867572,0.8725705,moving,31.15197,5.681184,1.862726,3.534514,29.581385207656517,16.94465892936883
05/11/2023 12:33:13.072978,738,True,True,True,True,Eyes,1.342846,-0.2660749,-3.589553,0.5154865,0.08607469,0.8525637,0.0,0.0,0.0,0.0,0.0,0.0,0.0,-2.90862,-0.1384555,2.510153,1.330621,-0.2633273,-3.597251,-0.03998924,0.2491619,-0.03404106,0.9670369,356.5385,29.04562,355.071,0.3499516,-0.06974368,-0.9341674,0,0,0,1.895894,-0.1318652,-2.664982,0.03578204,0.06877062,1.095414,0.8735191,-0.0857655,-0.4791749,0.04591033,0.9944841,-0.09430561,0.4846201,0.06037867,0.8726384,moving,31.15846,5.765038,1.870919,3.592341,29.59068351339637,17.02949170252482
05/11/2023 12:33:13.092853,739,True,True,True,True,Eyes,1.342711,-0.2659303,-3.589697,0.5155914,0.0872705,0.8523787,0.0,0.0,0.0,0.0,0.0,0.0,0.0,-2.907315,-0.1423122,2.511542,1.330517,-0.2633348,-3.597354,-0.04056829,0.2489395,-0.03408839,0.9670684,356.4745,29.02341,355.0496,0.3499106,-0.06969521,-0.9341864,0,0,0,1.895923,-0.1288001,-2.664919,0.03605458,0.07064885,1.095868,0.8737342,-0.08612972,-0.4787172,0.04573352,0.9943844,-0.09543652,0.4842488,0.06149273,0.8727667,moving,31.16913,5.845839,1.884379,3.688662,29.60408995738411,17.1112652857306
05/11/2023 12:33:13.112800,740,True,True,True,True,Eyes,1.342577,-0.2657894,-3.589842,0.5156779,0.08846491,0.8522032,0.0,0.0,0.0,0.0,0.0,0.0,0.0,-2.906579,-0.1454826,2.512423,1.33048,-0.2632957,-3.597517,-0.04105749,0.2488074,-0.03409516,0.9670816,356.4198,29.01118,355.0351,0.3498695,-0.06964769,-0.9342054,0,0,0,1.895952,-0.1258018,-2.664858,0.03605288,0.07256005,1.096336,0.8738648,-0.08637643,-0.4784344,0.04551478,0.9943036,-0.09637814,0.4840339,0.06244563,0.8728183,moving,31.17862,5.926493,1.883487,3.786551,29.616303438044973,17.192882361280155
05/11/2023 12:33:13.122581,741,True,True,True,True,Eyes,1.34246,-0.2656447,-3.589987,0.5158185,0.08966738,0.8519923,0.0,0.0,0.0,0.0,0.0,0.0,0.0,-2.905532,-0.147567,2.513693,1.330365,-0.2632547,-3.59769,-0.04157437,0.2486273,-0.03381461,0.9671157,356.3535,28.99253,355.0519,0.3498283,-0.06960111,-0.9342242,0,0,0,1.895979,-0.1228493,-2.664797,0.03629991,0.07419596,1.096859,0.874082,-0.08607831,-0.4780912,0.04473222,0.9942563,-0.09722891,0.4837144,0.06359997,0.872912,moving,31.19181,6.00794,1.895478,3.869821,29.632268510691574,17.275325953622215
05/11/2023 12:33:13.142678,742,True,True,True,True,Eyes,1.342345,-0.2655043,-3.590129,0.515955,0.09091125,0.8517779,0.0,0.0,0.0,0.0,0.0,0.0,0.0,-2.90529,-0.1535013,2.5137,1.330455,-0.2629909,-3.597733,-0.04260133,0.2486024,-0.03362518,0.9670841,356.2341,28.99611,355.0432,0.3497874,-0.06955527,-0.934243,0,0,0,1.896007,-0.1198951,-2.664736,0.03608218,0.07457955,1.097245,0.8741324,-0.08621833,-0.4779738,0.04385516,0.9941089,-0.09911674,0.4837037,0.06567954,0.872764,moving,31.20492,6.092183,1.883456,3.888405,29.648245183291635,17.360596205595108
05/11/2023 12:33:13.162867,743,True,True,True,True,Eyes,1.342212,-0.265364,-3.59026,0.5161695,0.09218217,0.8515113,0.0,0.0,0.0,0.0,0.0,0.0,0.0,-2.90521,-0.159175,2.513493,1.330381,-0.2629744,-3.597799,-0.0436928,0.2486312,-0.03334008,0.9670377,356.1051,29.00625,355.043,0.3497468,-0.06951021,-0.9342615,0,0,0,1.896037,-0.1167805,-2.664672,0.03586459,0.07517142,1.097782,0.8741419,-0.08620901,-0.4779581,0.04275543,0.9939588,-0.1010839,0.483785,0.06792641,0.8725469,moving,31.22342,6.178615,1.87119,3.917253,29.66972108450217,17.44811581668109
05/11/2023 12:33:13.173010,744,True,True,True,True,Eyes,1.342082,-0.2652234,-3.590387,0.5163657,0.09347235,0.8512516,0.0,0.0,0.0,0.0,0.0,0.0,0.0,-2.90458,-0.1633877,2.514084,1.330279,-0.2628804,-3.597936,-0.04449501,0.2485434,-0.03312039,0.9670314,356.0094,29.00076,355.0444,0.3497062,-0.06946589,-0.93428,0,0,0,1.896065,-0.1138049,-2.664611,0.0358986,0.07620228,1.098334,0.8742585,-0.08617478,-0.4777511,0.04193903,0.9938465,-0.1025198,0.4836458,0.06959242,0.8724927,moving,31.24083,6.266304,1.872023,3.968814,29.690140914522424,17.53689918364232
05/11/2023 12:33:13.192782,745,True,True,True,True,Eyes,1.341943,-0.2650804,-3.590504,0.5166035,0.09483725,0.8509564,0.0,0.0,0.0,0.0,0.0,0.0,0.0,-2.903823,-0.167211,2.514718,1.330236,-0.2627482,-3.597971,-0.04531043,0.2484307,-0.03278569,0.9670339,355.9088,28.99203,355.0583,0.3496657,-0.06942222,-0.9342984,0,0,0,1.896092,-0.1109015,-2.664551,0.03602803,0.07703436,1.098768,0.8744145,-0.08592274,-0.4775108,0.04089673,0.9937441,-0.1039234,0.4834529,0.07134349,0.8724582,moving,31.26134,6.359248,1.878026,4.010432,29.713855266737326,17.631016846320566
05/11/2023 12:33:13.212752,746,True,True,True,True,Eyes,1.341808,-0.2649412,-3.590621,0.5168263,0.09623583,0.850664,0.0,0.0,0.0,0.0,0.0,0.0,0.0,-2.903199,-0.1731538,2.515243,1.330307,-0.2626022,-3.598099,-0.04647949,0.248328,-0.0324172,0.9670172,355.7681,28.98689,355.0656,0.3496252,-0.06937911,-0.9343168,0,0,0,1.89612,-0.1079004,-2.66449,0.03599408,0.07716481,1.099297,0.8745647,-0.08578028,-0.4772614,0.03961166,0.9935775,-0.1059931,0.4832883,0.07379272,0.8723458,moving,31.28104,6.454443,1.875355,4.015273,29.736828234366882,17.72740522114959
05/11/2023 12:33:13.222853,747,True,True,True,True,Eyes,1.341674,-0.2647995,-3.590733,0.5170792,0.09763113,0.8503513,0.0,0.0,0.0,0.0,0.0,0.0,0.0,-2.90276,-0.1783542,2.515527,1.33026,-0.262573,-3.598217,-0.04753415,0.2482754,-0.03207189,0.966991,355.6411,28.98697,355.0735,0.3495847,-0.06933659,-0.9343351,0,0,0,1.89615,-0.1047613,-2.664425,0.03592598,0.07780266,1.099891,0.8746614,-0.08562956,-0.477111,0.03842333,0.9934238,-0.1078555,0.4832091,0.07600485,0.8721997,moving,31.30283,6.549605,1.8708,4.046175,29.761904493782836,17.823774162947174
05/11/2023 12:33:13.242839,748,True,True,True,True,Eyes,1.341544,-0.2646526,-3.590844,0.5173137,0.09906371,0.8500429,0.0,0.0,0.0,0.0,0.0,0.0,0.0,-2.902057,-0.1839135,2.515976,1.330232,-0.2623937,-3.598267,-0.04854741,0.2481771,-0.03183541,0.9669737,355.5214,28.9818,355.0707,0.3495444,-0.06929456,-0.9343533,0,0,0,1.896177,-0.101898,-2.664366,0.0359841,0.07818119,1.100371,0.8747893,-0.0856647,-0.4768703,0.03747129,0.9932593,-0.1096898,0.4830524,0.07808648,0.8721026,moving,31.32359,6.647245,1.873006,4.064026,29.78602533644181,17.92264188252166
05/11/2023 12:33:13.262741,749,True,True,True,True,Eyes,1.341427,-0.264508,-3.590959,0.5175176,0.1006627,0.8497308,0.0,0.0,0.0,0.0,0.0,0.0,0.0,-2.901311,-0.1901274,2.516446,1.330179,-0.2621381,-3.598355,-0.04968303,0.2480759,-0.03155311,0.9669511,355.3869,28.97705,355.0694,0.3495043,-0.06925281,-0.9343714,0,0,0,1.896206,-0.09875319,-2.664301,0.03604588,0.07847088,1.100945,0.8749255,-0.08567096,-0.4766192,0.0363703,0.993072,-0.1117373,0.4828898,0.08042698,0.8719798,moving,31.34296,6.756015,1.875243,4.076914,29.8091134374853,18.032754503927492
05/11/2023 12:33:13.273269,750,True,True,True,True,Eyes,1.341313,-0.2643638,-3.591076,0.517697,0.1022872,0.8494275,0.0,0.0,0.0,0.0,0.0,0.0,0.0,-2.899983,-0.1976995,2.517505,1.33016,-0.2620617,-3.598447,-0.05112569,0.2478638,-0.03117634,0.9669425,355.215,28.96108,355.0702,0.3494646,-0.06921138,-0.9343894,0,0,0,1.896234,-0.09581836,-2.664241,0.03635812,0.07802953,1.101547,0.8751832,-0.08563586,-0.4761522,0.03494705,0.9928284,-0.1143262,0.4825278,0.08341623,0.8718994,moving,31.36088,6.866435,1.890441,4.051852,29.830795942969324,18.1445258653281
05/11/2023 12:33:13.293741,751,True,True,True,True,Eyes,1.341313,-0.2643638,-3.591076,0.517697,0.1022872,0.8494275,0.0,0.0,0.0,0.0,0.0,0.0,0.0,-2.898653,-0.2040873,2.518711,1.330104,-0.2619427,-3.598605,-0.05223887,0.2476427,-0.03099351,0.9669456,355.0852,28.94248,355.0591,0.3494254,-0.06917023,-0.9344071,0,0,0,1.896262,-0.092799,-2.664179,0.03663105,0.07843804,1.10218,0.875425,-0.08581122,-0.4756758,0.03406493,0.9926209,-0.1163749,0.4821521,0.08567365,0.8718885,moving,31.36088,6.866435,1.903529,4.070662,29.830795942969324,18.1445258653281
05/11/2023 12:33:13.312829,752,True,True,True,True,Eyes,1.341313,-0.2643638,-3.591076,0.517697,0.1022872,0.8494275,0.0,0.0,0.0,0.0,0.0,0.0,0.0,-2.898592,-0.2120125,2.518441,1.330183,-0.2617409,-3.59881,-0.05348271,0.2476472,-0.03095329,0.9668777,354.9462,28.95234,355.0272,0.3493901,-0.06913319,-0.934423,0,0,0,1.896291,-0.08973987,-2.664116,0.03621426,0.07857832,1.102828,0.8754255,-0.08634578,-0.4755782,0.0333664,0.992363,-0.1187535,0.4822,0.08809147,0.871621,moving,31.36088,6.866435,1.880782,4.075531,29.830795942969324,18.1445258653281
05/11/2023 12:33:13.332624,753,True,True,True,True,Eyes,1.341215,-0.2642016,-3.59121,0.5178106,0.1048245,0.8490489,0.0,0.0,0.0,0.0,0.0,0.0,0.0,-2.898781,-0.220171,2.517535,1.330198,-0.2615422,-3.598827,-0.05495694,0.247731,-0.03063997,0.9667836,354.7741,28.97223,355.0185,0.3493583,-0.06909986,-0.9344374,0,0,0,1.89632,-0.08662544,-2.664052,0.03583372,0.07813358,1.103407,0.8753811,-0.08647351,-0.4756367,0.03201536,0.9920818,-0.1214439,0.4823723,0.09108198,0.8712182,moving,31.37782,7.03818,1.860057,4.050424,29.85351285077129,18.318299853047108
05/11/2023 12:33:13.348169,754,True,True,True,True,Eyes,1.341118,-0.2640405,-3.59134,0.5179034,0.1073615,0.8486751,0.0,0.0,0.0,0.0,0.0,0.0,0.0,-2.898588,-0.2273486,2.517181,1.330058,-0.2614351,-3.59893,-0.0564003,0.247753,-0.03016602,0.9667097,354.6006,28.98386,355.0288,0.3493265,-0.0690655,-0.9344519,0,0,0,1.896352,-0.08330112,-2.663984,0.03570765,0.07795204,1.104171,0.8754169,-0.08627024,-0.4756077,0.03037687,0.991818,-0.1239929,0.4824132,0.09409798,0.8708749,moving,31.3936,7.209894,1.852237,4.038258,29.87506075596768,18.492034760591938
05/11/2023 12:33:13.362845,755,True,True,True,True,Eyes,1.341007,-0.2638784,-3.591458,0.5180237,0.1102454,0.848232,0.0,0.0,0.0,0.0,0.0,0.0,0.0,-2.89738,-0.2340516,2.517947,1.330016,-0.2613193,-3.598947,-0.05764185,0.2475677,-0.02987239,0.966693,354.4535,28.97024,355.0261,0.3492946,-0.06903024,-0.9344664,0,0,0,1.896377,-0.08062907,-2.663929,0.03601223,0.07768106,1.10469,0.8756358,-0.08629537,-0.4752,0.02921436,0.9915701,-0.1262348,0.4820876,0.09665306,0.8707753,moving,31.41283,7.405267,1.867146,4.022378,29.90086214906161,18.689715618151226
05/11/2023 12:33:13.382665,756,True,True,True,True,Eyes,1.340898,-0.2637219,-3.591579,0.5181122,0.1130846,0.8478041,0.0,0.0,0.0,0.0,0.0,0.0,0.0,-2.895434,-0.2397941,2.51967,1.329913,-0.2612349,-3.599008,-0.05872658,0.2472405,-0.02958946,0.9667203,354.3234,28.93866,355.0277,0.3492625,-0.06899418,-0.9344811,0,0,0,1.896405,-0.07767478,-2.663868,0.03664038,0.07806853,1.105286,0.8759933,-0.08624864,-0.4745494,0.02817028,0.9913513,-0.1281758,0.4815001,0.09891291,0.8708466,moving,31.43004,7.597568,1.898668,4.040205,29.924528397615603,18.884276735137163
05/11/2023 12:33:13.392961,757,True,True,True,True,Eyes,1.340762,-0.2635623,-3.591685,0.5182607,0.1160692,0.8473098,0.0,0.0,0.0,0.0,0.0,0.0,0.0,-2.893758,-0.2436022,2.521454,1.329854,-0.2612311,-3.599188,-0.05954972,0.246935,-0.02925675,0.966758,354.221,28.9073,355.0424,0.3492301,-0.06895754,-0.9344959,0,0,0,1.896432,-0.07472119,-2.663807,0.03713548,0.07904001,1.105941,0.8763342,-0.08597822,-0.4739683,0.02715858,0.9911957,-0.1295894,0.4809373,0.1006913,0.8709539,moving,31.45222,7.800148,1.923165,4.087895,29.953537614761473,19.089264665394936
05/11/2023 12:33:13.413015,758,True,True,True,True,Eyes,1.340628,-0.2634028,-3.591794,0.5183856,0.1189912,0.8468279,0.0,0.0,0.0,0.0,0.0,0.0,0.0,-2.892302,-0.2473987,2.522897,1.329757,-0.2611153,-3.599332,-0.06019055,0.2466824,-0.02916201,0.9667857,354.1459,28.88201,355.0358,0.3491971,-0.06892034,-0.934511,0,0,0,1.896461,-0.07164379,-2.663744,0.03748986,0.08055526,1.106564,0.8765947,-0.08608273,-0.4734674,0.02669094,0.9910533,-0.1307702,0.4804885,0.1019952,0.8710498,moving,31.47288,7.998493,1.940412,4.163655,29.980876797346852,19.28996021405733
05/11/2023 12:33:13.422889,759,True,True,True,True,Eyes,1.34047,-0.2632399,-3.591887,0.5185064,0.1219767,0.846329,0.0,0.0,0.0,0.0,0.0,0.0,0.0,-2.891113,-0.2517943,2.523982,1.329654,-0.2609698,-3.59949,-0.06091434,0.2464845,-0.02907757,0.9667935,354.0622,28.86395,355.0252,0.3491635,-0.06888263,-0.9345263,0,0,0,1.89649,-0.06855613,-2.663681,0.03771478,0.08187193,1.107222,0.8767998,-0.08625289,-0.4730566,0.02619513,0.9908878,-0.1321175,0.4801416,0.1034488,0.8710697,moving,31.49386,8.201245,1.950884,4.228957,30.00868342714233,19.49511406217014
05/11/2023 12:33:13.448631,760,True,True,True,True,Eyes,1.340311,-0.2630815,-3.591977,0.5185909,0.1248909,0.8458521,0.0,0.0,0.0,0.0,0.0,0.0,0.0,-2.889653,-0.2581328,2.524995,1.329501,-0.2608346,-3.599545,-0.06191764,0.2462644,-0.02903753,0.966787,353.9486,28.84584,355.0016,0.349129,-0.06884442,-0.9345421,0,0,0,1.896518,-0.06564623,-2.663621,0.03808013,0.08247013,1.10784,0.8770213,-0.08664244,-0.4725746,0.02564999,0.9906461,-0.1340241,0.4797663,0.1054205,0.8710401,moving,31.51241,8.399093,1.968671,4.257377,30.033881712638653,19.695292997671054
05/11/2023 12:33:13.462642,761,True,True,True,True,Eyes,1.340148,-0.2629227,-3.592064,0.5186462,0.127803,0.845383,0.0,0.0,0.0,0.0,0.0,0.0,0.0,-2.887587,-0.2602643,2.52709,1.329324,-0.2607936,-3.599578,-0.06245184,0.2459077,-0.02873302,0.9668525,353.8788,28.80623,355.0222,0.3490936,-0.06880587,-0.9345581,0,0,0,1.896546,-0.06270511,-2.66356,0.03886506,0.08404584,1.108392,0.8774076,-0.08627595,-0.4719241,0.0248464,0.9905484,-0.1348948,0.4791018,0.1066321,0.8712584,moving,31.5293,8.596743,2.008216,4.336257,30.057402051508404,19.895260656132248
05/11/2023 12:33:13.473097,762,True,True,True,True,Eyes,1.339986,-0.2627654,-3.592156,0.5186571,0.1306773,0.8449368,0.0,0.0,0.0,0.0,0.0,0.0,0.0,-2.884658,-0.2625429,2.530167,1.329155,-0.260684,-3.599627,-0.06310855,0.2453846,-0.02826307,0.9669566,353.7898,28.74695,355.0587,0.3490573,-0.06876702,-0.9345744,0,0,0,1.896575,-0.05957704,-2.663496,0.04005611,0.08538774,1.108989,0.8779752,-0.08563004,-0.4709852,0.02368657,0.990437,-0.1359171,0.4781198,0.1081758,0.8716074,moving,31.54332,8.791668,2.068595,4.40286,30.077942834158037,20.09245377786241
05/11/2023 12:33:13.492921,763,True,True,True,True,Eyes,1.339827,-0.2626029,-3.592245,0.5186569,0.1335875,0.8444818,0.0,0.0,0.0,0.0,0.0,0.0,0.0,-2.881671,-0.2677797,2.533236,1.329017,-0.2605787,-3.599838,-0.06406255,0.2448486,-0.02803373,0.9670364,353.6747,28.68993,355.0599,0.3490204,-0.06872793,-0.9345911,0,0,0,1.896602,-0.05668445,-2.663437,0.04111299,0.08599183,1.109724,0.8785265,-0.08559053,-0.4699632,0.02284803,0.9902202,-0.1376297,0.4771469,0.1101736,0.8718903,moving,31.55707,8.989061,2.121721,4.430961,30.098293099343422,20.292140633125204
05/11/2023 12:33:13.512782,764,True,True,True,True,Eyes,1.33967,-0.2624407,-3.592329,0.5186417,0.136488,0.8440272,0.0,0.0,0.0,0.0,0.0,0.0,0.0,-2.879508,-0.274575,2.535004,1.328974,-0.2603421,-3.599896,-0.06512593,0.2444795,-0.02798063,0.9670603,353.5532,28.65468,355.0372,0.3489828,-0.06868849,-0.934608,0,0,0,1.89663,-0.05368819,-2.663375,0.04172194,0.0864429,1.110315,0.8788937,-0.08596182,-0.4692083,0.022274,0.9899514,-0.1396428,0.4764974,0.11228,0.8719768,moving,31.57008,9.185807,2.151973,4.45175,30.117876949480603,20.491168336289427
05/11/2023 12:33:13.533333,765,True,True,True,True,Eyes,1.339519,-0.2622873,-3.592413,0.5186176,0.1393363,0.8435764,0.0,0.0,0.0,0.0,0.0,0.0,0.0,-2.878226,-0.2829747,2.53538,1.328861,-0.2602088,-3.599838,-0.06650809,0.2443091,-0.02786341,0.9670126,353.3956,28.64541,355.0111,0.3489448,-0.06864875,-0.9346252,0,0,0,1.896659,-0.05061665,-2.663312,0.04199275,0.08634448,1.110939,0.8790734,-0.0863856,-0.4687937,0.02139147,0.9896007,-0.1422429,0.4762063,0.1150138,0.8717795,moving,31.58255,9.379049,2.164712,4.444213,30.136801599794005,20.686649347292523
05/11/2023 12:33:13.543018,766,True,True,True,True,Eyes,1.339367,-0.2621382,-3.592497,0.518579,0.1420797,0.8431424,0.0,0.0,0.0,0.0,0.0,0.0,0.0,-2.877335,-0.2882127,2.535759,1.328723,-0.2602958,-3.599852,-0.06735279,0.244191,-0.02785234,0.9669843,353.3009,28.63851,354.9885,0.3489065,-0.06860896,-0.9346424,0,0,0,1.896687,-0.04769504,-2.663252,0.04209998,0.08751315,1.111563,0.87919,-0.08675945,-0.4685058,0.02097167,0.9893757,-0.1438608,0.4760096,0.1166556,0.8716688,moving,31.59381,9.56517,2.169018,4.501602,30.154273231801895,20.87492184653251
05/11/2023 12:33:13.562705,767,True,True,True,True,Eyes,1.339218,-0.2619877,-3.59258,0.5185415,0.144756,0.8427102,0.0,0.0,0.0,0.0,0.0,0.0,0.0,-2.87642,-0.2884618,2.53679,1.328546,-0.2602548,-3.599936,-0.06744695,0.2440399,-0.02775662,0.9670188,353.2869,28.62079,354.9975,0.348868,-0.06856925,-0.9346597,0,0,0,1.896716,-0.04453805,-2.663187,0.04231656,0.0903337,1.112161,0.8793482,-0.08660182,-0.4682381,0.02076284,0.989361,-0.1439924,0.4757265,0.1168975,0.8717908,moving,31.60506,9.746822,2.178994,4.643576,30.17158750603764,21.058675421563755
05/11/2023 12:33:13.573558,768,True,True,True,True,Eyes,1.339066,-0.2618397,-3.592665,0.5184823,0.1474014,0.8422879,0.0,0.0,0.0,0.0,0.0,0.0,0.0,-2.875443,-0.289082,2.537796,1.328417,-0.2601029,-3.599974,-0.06786725,0.2438728,-0.02724483,0.9670459,353.2249,28.60141,355.0435,0.3488292,-0.06852957,-0.9346771,0,0,0,1.896744,-0.04162112,-2.663127,0.0427171,0.09185825,1.112721,0.8795676,-0.08579595,-0.4679743,0.01959204,0.9893035,-0.14455,0.4753704,0.1179729,0.8718402,moving,31.61497,9.92631,2.198491,4.719225,30.187481239994632,21.240231919864726
05/11/2023 12:33:13.593060,769,True,True,True,True,Eyes,1.338917,-0.261695,-3.592751,0.5184116,0.1500016,0.8418723,0.0,0.0,0.0,0.0,0.0,0.0,0.0,-2.874177,-0.2920393,2.538957,1.328207,-0.2600341,-3.600101,-0.06870087,0.2436678,-0.02668162,0.9670546,353.1153,28.58067,355.0835,0.3487903,-0.06848997,-0.9346945,0,0,0,1.896773,-0.0384859,-2.663062,0.0432179,0.09275335,1.113518,0.8798282,-0.08508553,-0.467614,0.01812478,0.9891366,-0.1458779,0.4749461,0.1198721,0.8718124,moving,31.6241,10.10272,2.22265,4.761608,30.202488162981588,21.41867087838517
05/11/2023 12:33:13.613087,770,True,True,True,True,Eyes,1.338769,-0.2615516,-3.592838,0.5183214,0.1525363,0.8414723,0.0,0.0,0.0,0.0,0.0,0.0,0.0,-2.87272,-0.2959198,2.540163,1.328054,-0.2600038,-3.600165,-0.06951024,0.24343,-0.02637575,0.9670649,353.0155,28.55743,355.0958,0.3487512,-0.06845053,-0.9347119,0,0,0,1.8968,-0.03567966,-2.663005,0.04371145,0.09358314,1.114179,0.8800923,-0.08485588,-0.4671584,0.01717237,0.9889453,-0.1472831,0.474492,0.1216005,0.8718204,moving,31.63181,10.27461,2.246676,4.801171,30.215916346408626,21.592529942515377
05/11/2023 12:33:13.633110,771,True,True,True,True,Eyes,1.338612,-0.2614028,-3.592921,0.5182282,0.1550116,0.8410772,0.0,0.0,0.0,0.0,0.0,0.0,0.0,-2.871212,-0.2985114,2.54167,1.327915,-0.2599005,-3.600297,-0.06997935,0.2431689,-0.02625051,0.9671002,352.9586,28.52966,355.098,0.348712,-0.06841128,-0.9347294,0,0,0,1.896831,-0.03239505,-2.662937,0.04412434,0.09564491,1.114887,0.8803596,-0.08480734,-0.4666634,0.01674014,0.9888276,-0.1481207,0.4740113,0.1225875,0.8719435,moving,31.63922,10.44251,2.266436,4.903336,30.228910963682587,21.762352492725462
05/11/2023 12:33:13.645778,772,True,True,True,True,Eyes,1.338457,-0.2612451,-3.593,0.5181097,0.1575067,0.8406866,0.0,0.0,0.0,0.0,0.0,0.0,0.0,-2.869487,-0.3028006,2.543096,1.327733,-0.259677,-3.600371,-0.07087196,0.2428875,-0.0258699,0.9671161,352.8472,28.50147,355.1166,0.3486725,-0.06837205,-0.934747,0,0,0,1.896856,-0.02967978,-2.662881,0.04478863,0.09596808,1.115559,0.8806729,-0.0844662,-0.4661339,0.01561057,0.9886158,-0.1496498,0.4734677,0.1245159,0.8719657,moving,31.64526,10.61162,2.299136,4.916873,30.24056603431722,21.93338940755746
05/11/2023 12:33:13.662889,773,True,True,True,True,Eyes,1.3383,-0.2610893,-3.593075,0.5179613,0.1600119,0.8403049,0.0,0.0,0.0,0.0,0.0,0.0,0.0,-2.867473,-0.310374,2.544348,1.327611,-0.2593311,-3.600366,-0.07230536,0.2425666,-0.02542675,0.9671024,352.6738,28.47285,355.1267,0.3486328,-0.06833262,-0.9347646,0,0,0,1.896886,-0.02656568,-2.662817,0.04550999,0.09537461,1.116281,0.8810299,-0.08425825,-0.4654963,0.01410282,0.9882509,-0.1521887,0.4728503,0.127518,0.8718668,moving,31.64955,10.78126,2.334615,4.883468,30.25047653248688,22.1049505670636
05/11/2023 12:33:13.672486,774,True,True,True,True,Eyes,1.33814,-0.2609326,-3.59315,0.5177867,0.1625231,0.8399304,0.0,0.0,0.0,0.0,0.0,0.0,0.0,-2.865431,-0.3177077,2.545707,1.327445,-0.2592346,-3.600409,-0.07379426,0.2422377,-0.02490053,0.9670861,352.4919,28.44324,355.1447,0.348593,-0.06829307,-0.9347824,0,0,0,1.896915,-0.02348458,-2.662754,0.04627621,0.09481367,1.117112,0.8814017,-0.0839134,-0.4648544,0.0124104,0.9878688,-0.1547945,0.4722044,0.1306671,0.8717507,moving,31.65233,10.95116,2.372114,4.851291,30.258875210774278,22.276764559247077
05/11/2023 12:33:13.692626,775,True,True,True,True,Eyes,1.337984,-0.2607762,-3.593229,0.5176355,0.1650121,0.8395383,0.0,0.0,0.0,0.0,0.0,0.0,0.0,-2.863335,-0.3234444,2.547297,1.327226,-0.2590809,-3.600469,-0.07502982,0.2418966,-0.02436158,0.9670901,352.3376,28.40985,355.1717,0.348553,-0.0682534,-0.9348002,0,0,0,1.896942,-0.02055582,-2.662694,0.04713961,0.0945776,1.117911,0.8817852,-0.08341858,-0.4642158,0.01082076,0.987554,-0.1569071,0.4715272,0.1333352,0.8717132,moving,31.65681,11.11979,2.414595,4.835827,30.268943728656694,22.447305717713412
05/11/2023 12:33:13.712802,776,True,True,True,True,Eyes,1.337821,-0.2606212,-3.59331,0.5174404,0.1675118,0.8391634,0.0,0.0,0.0,0.0,0.0,0.0,0.0,-2.860391,-0.3297499,2.549765,1.326956,-0.2589229,-3.600558,-0.07637961,0.2414025,-0.02377624,0.9671224,352.1686,28.35894,355.2018,0.3485128,-0.0682136,-0.9348181,0,0,0,1.89697,-0.0175853,-2.662633,0.04839545,0.09411035,1.118779,0.882319,-0.08286552,-0.4632996,0.009112593,0.9872017,-0.1592162,0.4705637,0.1362576,0.8717819,moving,31.65859,11.28887,2.476922,4.808334,30.276308501350073,22.618283894200875
05/11/2023 12:33:13.723156,777,True,True,True,True,Eyes,1.337666,-0.2604723,-3.593391,0.5172608,0.1699514,0.8387834,0.0,0.0,0.0,0.0,0.0,0.0,0.0,-2.856911,-0.3356838,2.55288,1.326642,-0.2588283,-3.600673,-0.0776542,0.2408095,-0.02322242,0.9671822,352.0085,28.29578,355.2316,0.3484724,-0.06817374,-0.9348361,0,0,0,1.896999,-0.01447765,-2.662569,0.04988045,0.09402351,1.119699,0.882943,-0.08232035,-0.4622066,0.007520889,0.9868611,-0.1613958,0.4694199,0.1390272,0.8719613,moving,31.6613,11.45401,2.55073,4.799986,30.284479818303176,22.785284315638954
05/11/2023 12:33:13.747871,778,True,True,True,True,Eyes,1.337489,-0.2603334,-3.593463,0.5169687,0.1723543,0.8384732,0.0,0.0,0.0,0.0,0.0,0.0,0.0,-2.852234,-0.3409089,2.557068,1.326259,-0.2588029,-3.600571,-0.07906608,0.2400092,-0.02231276,0.9672882,351.822,28.2065,355.2992,0.3484318,-0.06813397,-0.9348541,0,0,0,1.897026,-0.01161096,-2.66251,0.05214325,0.093298,1.120453,0.8837955,-0.08111889,-0.4607876,0.005212567,0.9865014,-0.1636699,0.4678444,0.1422488,0.8722883,moving,31.65631,11.61577,2.664489,4.759932,30.28478676073717,22.948815688820844
05/11/2023 12:33:13.763142,779,True,True,True,True,Eyes,1.337304,-0.2601927,-3.593534,0.5165991,0.1746031,0.8382357,0.0,0.0,0.0,0.0,0.0,0.0,0.0,-2.844311,-0.3365779,2.565955,1.325597,-0.2589286,-3.600453,-0.07935456,0.2385833,-0.02084198,0.9676502,351.7421,28.02847,355.4677,0.3483907,-0.06809457,-0.9348723,0,0,0,1.897054,-0.0086384,-2.662449,0.05632886,0.09494953,1.121104,0.8852873,-0.07820083,-0.4584225,0.002470138,0.9865369,-0.16352,0.4650381,0.1436298,0.8735617,moving,31.64525,11.76637,2.876357,4.840992,30.278614130542323,23.10102208574773
05/11/2023 12:33:13.782604,780,True,True,True,True,Eyes,1.33711,-0.2600498,-3.593606,0.516048,0.1768354,0.8381073,0.0,0.0,0.0,0.0,0.0,0.0,0.0,-2.833458,-0.3309132,2.578337,1.325054,-0.2587396,-3.60043,-0.07933724,0.2365836,-0.01940098,0.9681723,351.6949,27.77972,355.6469,0.348349,-0.06805547,-0.9348907,0,0,0,1.897084,-0.005500062,-2.662384,0.06170592,0.09715873,1.12162,0.8873036,-0.07510677,-0.455029,2.720684e-05,0.9866585,-0.1628041,0.4611858,0.1444443,0.8754675,moving,31.62186,11.9143,3.148954,4.950809,30.259938671117297,23.250446484756516
05/11/2023 12:33:13.792870,781,True,True,True,True,Eyes,1.336892,-0.2598961,-3.593667,0.5155069,0.1789853,0.8379839,0.0,0.0,0.0,0.0,0.0,0.0,0.0,-2.819673,-0.3289742,2.59368,1.324688,-0.258569,-3.600598,-0.07979301,0.2340208,-0.01808284,0.968783,351.5966,27.469,355.804,0.3483065,-0.06801657,-0.9349093,0,0,0,1.897111,-0.002627351,-2.662325,0.06809115,0.09819107,1.122164,0.8898146,-0.07238314,-0.4505449,-0.002309748,0.9866122,-0.1630677,0.4563164,0.1461407,0.8777347,moving,31.59879,12.05666,3.472362,5.000733,30.241401837674864,23.394240876746323
05/11/2023 12:33:13.812840,782,True,True,True,True,Eyes,1.336673,-0.2597364,-3.593717,0.514828,0.1811725,0.8379312,0.0,0.0,0.0,0.0,0.0,0.0,0.0,-2.806628,-0.3309557,2.607382,1.324322,-0.2582064,-3.600643,-0.08054135,0.2316456,-0.01720588,0.9693077,351.4792,27.18637,355.9023,0.3482628,-0.06797761,-0.9349284,0,0,0,1.89714,0.0004704683,-2.662261,0.07392347,0.09890234,1.122652,0.8920885,-0.0706697,-0.4463002,-0.003958525,0.9864341,-0.16411,0.4518433,0.1481674,0.8797067,moving,31.56672,12.20035,3.767327,5.034591,30.21384691742157,23.539320098901147
05/11/2023 12:33:13.832993,783,True,True,True,True,Eyes,1.336418,-0.2595719,-3.593748,0.5142518,0.1832962,0.8378231,0.0,0.0,0.0,0.0,0.0,0.0,0.0,-2.795255,-0.3345028,2.618747,1.324118,-0.2579367,-3.600466,-0.08173997,0.2295817,-0.01605609,0.9697182,351.306,26.9421,356.0164,0.3482182,-0.06793846,-0.9349479,0,0,0,1.897169,0.003530886,-2.662199,0.0790824,0.09851551,1.123004,0.894069,-0.06867176,-0.4426341,-0.00639222,0.9861215,-0.1659018,0.4478838,0.1511571,0.8812217,moving,31.5414,12.34055,4.028141,5.013436,30.19297341464592,23.680915391338402
05/11/2023 12:33:13.847886,784,True,True,True,True,Eyes,1.336157,-0.2594178,-3.593773,0.5135674,0.1854324,0.8377728,0.0,0.0,0.0,0.0,0.0,0.0,0.0,-2.784721,-0.3390442,2.6292,1.323801,-0.2577454,-3.600476,-0.08310275,0.2276848,-0.01490153,0.9700679,351.1154,26.71872,356.1259,0.348172,-0.06789907,-0.9349679,0,0,0,1.897197,0.006465933,-2.662138,0.08387709,0.09766737,1.123607,0.8958752,-0.06675345,-0.4392627,-0.008931475,0.9857438,-0.1680163,0.4442161,0.1544449,0.8825071,moving,31.50893,12.48061,4.269201,4.967836,30.164896105083436,23.822321449090946
05/11/2023 12:33:13.863097,785,True,True,True,True,Eyes,1.335893,-0.2592602,-3.593796,0.5127339,0.1876251,0.8377951,0.0,0.0,0.0,0.0,0.0,0.0,0.0,-2.775329,-0.3408202,2.638592,1.323409,-0.2578649,-3.600399,-0.08400931,0.2260122,-0.01386483,0.9703963,350.9801,26.51894,356.2332,0.3481244,-0.06785975,-0.9349886,0,0,0,1.897225,0.009529629,-2.662075,0.08822075,0.09829843,1.124176,0.8974525,-0.06488302,-0.4363132,-0.01106549,0.9855004,-0.1693119,0.4409723,0.1567774,0.8837218,moving,31.4668,12.62317,4.487142,4.997256,30.12717472862098,23.96619098932073
05/11/2023 12:33:13.882649,786,True,True,True,True,Eyes,1.335638,-0.2591014,-3.593816,0.5118723,0.1897853,0.8378355,0.0,0.0,0.0,0.0,0.0,0.0,0.0,-2.768237,-0.3419115,2.645801,1.323218,-0.2576439,-3.600419,-0.08446059,0.2247351,-0.01329742,0.9706616,350.9099,26.36623,356.2968,0.3480754,-0.0678204,-0.9350097,0,0,0,1.897255,0.01261847,-2.662012,0.09130865,0.09986266,1.124659,0.8986347,-0.0637771,-0.4340372,-0.01214792,0.9853792,-0.1699421,0.4385296,0.1579885,0.8847211,moving,31.42268,12.76317,4.641541,5.074198,30.087365288479532,24.107458701031803
05/11/2023 12:33:13.897978,787,True,True,True,True,Eyes,1.335363,-0.2589415,-3.593827,0.5111099,0.1919547,0.8378067,0.0,0.0,0.0,0.0,0.0,0.0,0.0,-2.763894,-0.3446893,2.649895,1.323173,-0.2574694,-3.600387,-0.0850638,0.2239534,-0.01294313,0.9707944,350.8302,26.2753,356.3277,0.3480254,-0.067781,-0.9350312,0,0,0,1.897281,0.01542659,-2.661954,0.09308267,0.1009778,1.125108,0.8993547,-0.06323089,-0.4326235,-0.01297043,0.9851933,-0.1709562,0.4370274,0.1593616,0.885218,moving,31.38557,12.90463,4.729436,5.128525,30.054662196373954,24.25024944029863
05/11/2023 12:33:13.913685,788,True,True,True,True,Eyes,1.335099,-0.2587813,-3.59384,0.5103886,0.1940914,0.8377541,0.0,0.0,0.0,0.0,0.0,0.0,0.0,-2.761968,-0.3480396,2.651583,1.323048,-0.2573402,-3.600529,-0.08557003,0.2236224,-0.01290701,0.9708267,350.7714,26.23979,356.3213,0.3479741,-0.06774154,-0.9350532,0,0,0,1.897309,0.01842876,-2.661892,0.09369057,0.1026823,1.125852,0.8996528,-0.06333169,-0.4319883,-0.01320982,0.9850224,-0.1719199,0.4364061,0.1603747,0.8853416,moving,31.3512,13.04419,4.757051,5.211193,30.024655335668527,24.391137251600973
05/11/2023 12:33:13.922581,789,True,True,True,True,Eyes,1.33482,-0.2586182,-3.593842,0.5098203,0.1962809,0.8375899,0.0,0.0,0.0,0.0,0.0,0.0,0.0,-2.762768,-0.3537605,2.650043,1.323047,-0.2571836,-3.600578,-0.08635461,0.2237891,-0.01304117,0.970717,350.6877,26.2671,356.2833,0.3479218,-0.06770202,-0.9350755,0,0,0,1.897338,0.02150223,-2.661829,0.09300011,0.1039159,1.126623,0.8994967,-0.063969,-0.4322193,-0.01333186,0.9847457,-0.1734887,0.436724,0.1618148,0.8849226,moving,31.32784,13.18872,4.718935,5.269861,30.00589802569801,24.537123919193593
05/11/2023 12:33:13.947883,790,True,True,True,True,Eyes,1.334555,-0.2584603,-3.593852,0.5093538,0.1984387,0.8373654,0.0,0.0,0.0,0.0,0.0,0.0,0.0,-2.766189,-0.3640071,2.645245,1.323125,-0.2570286,-3.60068,-0.08770575,0.224441,-0.01341898,0.9704401,350.5491,26.35896,356.1977,0.3478685,-0.06766239,-0.9350981,0,0,0,1.897366,0.02441713,-2.661769,0.0909777,0.1038798,1.127586,0.8988924,-0.06541417,-0.4332592,-0.01332489,0.9842553,-0.1762499,0.4379669,0.1642028,0.8838679,moving,31.31137,13.332,4.612839,5.263566,29.994036922172583,24.681892580648533
05/11/2023 12:33:13.962448,791,True,True,True,True,Eyes,1.334284,-0.2583054,-3.593859,0.5090938,0.2005648,0.8370169,0.0,0.0,0.0,0.0,0.0,0.0,0.0,-2.771481,-0.3744549,2.638525,1.323182,-0.2570057,-3.600871,-0.08879087,0.2254493,-0.01430528,0.970095,350.4551,26.49572,356.0583,0.3478145,-0.06762278,-0.9351211,0,0,0,1.897394,0.02743214,-2.661707,0.08790508,0.1049362,1.128678,0.897936,-0.06779064,-0.434874,-0.0122807,0.9838231,-0.1787214,0.4399547,0.1658209,0.8825777,moving,31.30897,13.47507,4.45339,5.311669,29.996335700415308,24.826542711352044
05/11/2023 12:33:13.982935,792,True,True,True,True,Eyes,1.33402,-0.2581463,-3.593874,0.5089526,0.2026499,0.8366004,0.0,0.0,0.0,0.0,0.0,0.0,0.0,-2.778389,-0.3848934,2.629942,1.323162,-0.2569617,-3.601027,-0.08958359,0.2267898,-0.01565432,0.9696887,350.4077,26.67392,355.8712,0.3477597,-0.06758327,-0.9351443,0,0,0,1.897424,0.03060003,-2.661642,0.08395681,0.10703,1.129783,0.8966426,-0.07099292,-0.4370263,-0.01027367,0.9834594,-0.1808369,0.4426357,0.1666359,0.8810824,moving,31.31458,13.61649,4.249972,5.411769,30.00664520763882,24.969577841022996
05/11/2023 12:33:13.993324,793,True,True,True,True,Eyes,1.333742,-0.2579843,-3.593889,0.5089011,0.2047518,0.8361198,0.0,0.0,0.0,0.0,0.0,0.0,0.0,-2.785571,-0.3952494,2.620945,1.323027,-0.2567104,-3.601206,-0.09057073,0.2281971,-0.01664007,0.9692503,350.3298,26.85884,355.7187,0.3477044,-0.06754372,-0.9351678,0,0,0,1.897452,0.03354094,-2.661582,0.08010069,0.1080063,1.130938,0.8952984,-0.07359273,-0.4393459,-0.009079161,0.9830401,-0.1831658,0.4453743,0.167977,0.8794461,moving,31.32663,13.76,4.051309,5.455285,30.023507904737578,25.114769226233655
05/11/2023 12:33:14.012727,794,True,True,True,True,Eyes,1.333476,-0.2578231,-3.593916,0.5089239,0.2068777,0.8355824,0.0,0.0,0.0,0.0,0.0,0.0,0.0,-2.791488,-0.4062738,2.613194,1.322877,-0.25654,-3.601448,-0.09190328,0.2293665,-0.01725982,0.9688379,350.2028,27.01572,355.5998,0.3476481,-0.06750408,-0.9351915,0,0,0,1.89748,0.03657024,-2.661519,0.07688409,0.1081531,1.132228,0.8941862,-0.07560299,-0.4412655,-0.00871514,0.9825118,-0.1859964,0.4476104,0.1701611,0.8778895,moving,31.34413,13.90594,3.884713,5.456472,30.04593818611265,25.262454059278745
05/11/2023 12:33:14.022673,795,True,True,True,True,Eyes,1.333216,-0.2576662,-3.593947,0.5089981,0.2089968,0.8350097,0.0,0.0,0.0,0.0,0.0,0.0,0.0,-2.796479,-0.4188738,2.60626,1.322852,-0.2564236,-3.601757,-0.09357063,0.2303469,-0.01774434,0.968437,350.0342,27.15244,355.4883,0.3475913,-0.06746434,-0.9352155,0,0,0,1.897509,0.03965414,-2.661456,0.0739783,0.1075832,1.133584,0.8932509,-0.07747597,-0.4428322,-0.00873886,0.9818594,-0.1894092,0.4494736,0.1730598,0.8763697,moving,31.3653,14.05203,3.73386,5.421439,30.07206866112422,25.410315035585555
05/11/2023 12:33:14.042676,796,True,True,True,True,Eyes,1.332963,-0.257514,-3.593986,0.5091377,0.2111053,0.8343941,0.0,0.0,0.0,0.0,0.0,0.0,0.0,-2.801524,-0.4293957,2.599358,1.322852,-0.2564063,-3.60193,-0.09505091,0.2313318,-0.01805222,0.9680522,349.882,27.28675,355.4014,0.347534,-0.06742462,-0.9352397,0,0,0,1.897534,0.04236005,-2.6614,0.07120064,0.1070466,1.13472,0.8923194,-0.07892756,-0.4444507,-0.009025618,0.9812789,-0.1923806,0.4513142,0.1756764,0.8749018,moving,31.39106,14.19814,3.59045,5.389188,30.102821374929036,25.55822683895699
05/11/2023 12:33:14.063173,797,True,True,True,True,Eyes,1.332696,-0.257359,-3.594021,0.5093519,0.2131618,0.8337401,0.0,0.0,0.0,0.0,0.0,0.0,0.0,-2.806611,-0.436973,2.592866,1.322772,-0.2563819,-3.602153,-0.09616248,0.2323167,-0.01821907,0.9677035,349.7672,27.41648,355.3405,0.3474764,-0.06738501,-0.9352639,0,0,0,1.897564,0.04550194,-2.661336,0.06851238,0.1076234,1.135949,0.8913941,-0.0799416,-0.4461233,-0.009418966,0.9808416,-0.1945787,0.4531313,0.1776483,0.8735635,moving,31.42176,14.34156,3.451494,5.412227,30.138459419580848,25.703451569436254
05/11/2023 12:33:14.082616,798,True,True,True,True,Eyes,1.33244,-0.257202,-3.594065,0.5095977,0.215199,0.8330663,0.0,0.0,0.0,0.0,0.0,0.0,0.0,-2.81068,-0.4435593,2.587572,1.322657,-0.2562312,-3.602377,-0.09710681,0.2331157,-0.01836313,0.9674142,349.6696,27.52242,355.2887,0.3474183,-0.06734546,-0.9352884,0,0,0,1.897592,0.04846719,-2.661275,0.06632194,0.1082677,1.137077,0.8906398,-0.08080373,-0.4474725,-0.009744739,0.9804661,-0.1964465,0.4546052,0.1793235,0.8724546,moving,31.45467,14.4841,3.338091,5.439066,30.176293666267114,25.84780121759549
05/11/2023 12:33:14.093074,799,True,True,True,True,Eyes,1.332193,-0.2570375,-3.594117,0.5097776,0.2172494,0.8324239,0.0,0.0,0.0,0.0,0.0,0.0,0.0,-2.814009,-0.4488225,2.58337,1.322656,-0.2560392,-3.602626,-0.0979738,0.2337422,-0.01829022,0.967177,349.574,27.60508,355.2652,0.3473598,-0.06730587,-0.9353129,0,0,0,1.897621,0.05153792,-2.661211,0.06450659,0.109012,1.138158,0.8900601,-0.08118096,-0.4485561,-0.01042147,0.9801332,-0.1980664,0.455724,0.1809656,0.8715315,moving,31.48336,14.62702,3.243842,5.471063,30.20989140296556,25.992506968196828
05/11/2023 12:33:14.112815,800,True,True,True,True,Eyes,1.331952,-0.2568807,-3.594179,0.5099805,0.2193288,0.831754,0.0,0.0,0.0,0.0,0.0,0.0,0.0,-2.817264,-0.4574471,2.578655,1.322667,-0.2557324,-3.602894,-0.09941618,0.2343673,-0.01811968,0.9668817,349.4115,27.69254,355.2359,0.3473012,-0.06726604,-0.9353375,0,0,0,1.89765,0.05460011,-2.661149,0.06268784,0.1083006,1.139358,0.8894873,-0.08163897,-0.449608,-0.01156062,0.9795762,-0.2007407,0.4568136,0.183754,0.8703768,moving,31.51407,14.7723,3.149258,5.429882,30.24560081816064,26.13961251608132
05/11/2023 12:33:14.122918,801,True,True,True,True,Eyes,1.331739,-0.2567223,-3.594258,0.5100874,0.2213705,0.8311473,0.0,0.0,0.0,0.0,0.0,0.0,0.0,-2.820278,-0.4659999,2.574198,1.322611,-0.2556836,-3.603185,-0.1008761,0.2349552,-0.01796382,0.9665906,349.2473,27.77611,355.2046,0.3472425,-0.06722618,-0.9353622,0,0,0,1.897679,0.05767912,-2.661085,0.0609701,0.1078205,1.140662,0.8889467,-0.08213004,-0.4505867,-0.0126754,0.9790027,-0.2034532,0.4578352,0.1865704,0.8692402,moving,31.53806,14.91412,3.059635,5.39981,30.274429964695365,26.283174657379348
05/11/2023 12:33:14.142569,802,True,True,True,True,Eyes,1.33153,-0.2565667,-3.594341,0.5102112,0.2234018,0.8305276,0.0,0.0,0.0,0.0,0.0,0.0,0.0,-2.822847,-0.4718277,2.570595,1.322561,-0.2555655,-3.60341,-0.1019391,0.2354483,-0.01774331,0.9663633,349.1251,27.84377,355.1929,0.3471842,-0.0671862,-0.9353867,0,0,0,1.897707,0.06063985,-2.661025,0.05956385,0.1080063,1.141777,0.8884986,-0.08229575,-0.4514396,-0.01370981,0.9785872,-0.2053757,0.4586745,0.1886652,0.8683451,moving,31.56331,15.05551,2.98628,5.403811,30.30451360824125,26.42631040254676
05/11/2023 12:33:14.162844,803,True,True,True,True,Eyes,1.331344,-0.2564045,-3.594445,0.5102651,0.2254005,0.8299543,0.0,0.0,0.0,0.0,0.0,0.0,0.0,-2.824791,-0.4767123,2.567773,1.322439,-0.2554943,-3.603614,-0.1028581,0.2358323,-0.01752102,0.9661763,349.0184,27.89697,355.1868,0.3471263,-0.06714617,-0.935411,0,0,0,1.897734,0.06356824,-2.660964,0.05848956,0.1085337,1.14287,0.8881523,-0.08237129,-0.4521068,-0.01465771,0.9782265,-0.2070221,0.4593155,0.190494,0.8676067,moving,31.58366,15.19401,2.929715,5.424873,30.32956829091696,26.566491235117386
05/11/2023 12:33:14.172686,804,True,True,True,True,Eyes,1.331164,-0.2562423,-3.594558,0.5103381,0.2274521,0.8293494,0.0,0.0,0.0,0.0,0.0,0.0,0.0,-2.826266,-0.4827471,2.565459,1.322388,-0.2551566,-3.603969,-0.1040394,0.2361037,-0.01710073,0.965991,348.8763,27.9375,355.1964,0.3470692,-0.06710589,-0.9354351,0,0,0,1.897762,0.06651699,-2.660904,0.05763686,0.1080906,1.14407,0.8879251,-0.08216646,-0.4525899,-0.01608986,0.9777668,-0.2090772,0.4597065,0.1929271,0.8668616,moving,31.60596,15.33649,2.884054,5.397228,30.356717562322764,26.710709471460873
05/11/2023 12:33:14.192953,805,True,True,True,True,Eyes,1.330995,-0.2560803,-3.594677,0.510348,0.2295661,0.8287607,0.0,0.0,0.0,0.0,0.0,0.0,0.0,-2.828695,-0.4909545,2.561608,1.322324,-0.2550222,-3.604277,-0.1056887,0.2365634,-0.01655782,0.9657089,348.6796,28.00428,355.2039,0.3470129,-0.06706536,-0.9354588,0,0,0,1.897791,0.06956284,-2.660841,0.05637503,0.10681,1.145427,0.8875272,-0.08198422,-0.4534027,-0.01802409,0.9771115,-0.211963,0.4604026,0.1962951,0.8657354,moving,31.62462,15.48269,2.81768,5.327374,30.38032439366846,26.858664939474323
05/11/2023 12:33:14.212713,806,True,True,True,True,Eyes,1.330836,-0.2559204,-3.594805,0.5103914,0.2317056,0.8281384,0.0,0.0,0.0,0.0,0.0,0.0,0.0,-2.831659,-0.4988229,2.557136,1.322313,-0.2548881,-3.604522,-0.1072069,0.2371241,-0.0161456,0.9654109,348.5016,28.08326,355.1989,0.3469574,-0.06702459,-0.9354823,0,0,0,1.897817,0.07240681,-2.660783,0.05482322,0.1057037,1.146644,0.8870229,-0.08201697,-0.4543826,-0.01966841,0.976492,-0.2146545,0.4613063,0.1993404,0.8645576,moving,31.64602,15.63114,2.737335,5.266939,30.40676423180713,27.008913778195026
05/11/2023 12:33:14.222572,807,True,True,True,True,Eyes,1.330711,-0.2557612,-3.594954,0.5104615,0.2340326,0.8274404,0.0,0.0,0.0,0.0,0.0,0.0,0.0,-2.834898,-0.5065086,2.552481,1.322387,-0.2547991,-3.60482,-0.1086364,0.2377218,-0.01583689,0.9651092,348.3366,28.16697,355.1842,0.3469028,-0.06698364,-0.9355055,0,0,0,1.897849,0.07572248,-2.660714,0.05299848,0.1053427,1.147967,0.8864751,-0.08221911,-0.455414,-0.02108179,0.9758947,-0.2172214,0.4622958,0.2021623,0.863373,moving,31.67111,15.79298,2.643311,5.243036,30.437360764124165,27.17272660302525
05/11/2023 12:33:14.242835,808,True,True,True,True,Eyes,1.330585,-0.2556051,-3.59511,0.5105529,0.2363683,0.8267199,0.0,0.0,0.0,0.0,0.0,0.0,0.0,-2.837973,-0.5141919,2.547858,1.32236,-0.2546231,-3.605078,-0.1099558,0.2383178,-0.01567498,0.9648154,348.1879,28.25104,355.1559,0.3468496,-0.0669425,-0.9355282,0,0,0,1.897875,0.07855886,-2.660656,0.05126765,0.104769,1.149155,0.8859178,-0.08265578,-0.4564183,-0.02216195,0.975328,-0.2196454,0.4633125,0.2047029,0.8622286,moving,31.69801,15.95582,2.554463,5.209284,30.469812707338612,27.337562652381674
05/11/2023 12:33:14.262825,809,True,True,True,True,Eyes,1.33049,-0.2554512,-3.595288,0.5106475,0.2388123,0.8259587,0.0,0.0,0.0,0.0,0.0,0.0,0.0,-2.84009,-0.5220571,2.544236,1.322194,-0.2545597,-3.605384,-0.1113146,0.2387533,-0.01550756,0.9645545,348.0339,28.31643,355.1289,0.3467977,-0.06690124,-0.9355504,0,0,0,1.897902,0.08142771,-2.660597,0.04999757,0.1042435,1.150471,0.8855128,-0.08306919,-0.4571286,-0.02323765,0.9747372,-0.2221429,0.4640335,0.207333,0.8612119,moving,31.72635,16.12635,2.488413,5.177398,30.50396800434023,27.51018409497026
05/11/2023 12:33:14.273285,810,True,True,True,True,Eyes,1.3304,-0.2553005,-3.595462,0.5107567,0.2412541,0.8251812,0.0,0.0,0.0,0.0,0.0,0.0,0.0,-2.841699,-0.5301393,2.541106,1.322091,-0.2544159,-3.605672,-0.1126271,0.2390918,-0.01543504,0.9643196,347.8872,28.37091,355.0935,0.3467474,-0.0668599,-0.935572,0,0,0,1.897931,0.08444497,-2.660535,0.04885566,0.1039563,1.151741,0.8851938,-0.08362503,-0.4576449,-0.02408779,0.9741538,-0.2245978,0.4645985,0.2098362,0.8603005,moving,31.75598,16.29707,2.428971,5.157547,30.539428438669972,27.683006258363967
05/11/2023 12:33:14.293008,811,True,True,True,True,Eyes,1.330343,-0.255153,-3.595657,0.5108261,0.2437197,0.8244134,0.0,0.0,0.0,0.0,0.0,0.0,0.0,-2.843829,-0.536006,2.537585,1.322094,-0.2543607,-3.605742,-0.1138318,0.2394985,-0.0150443,0.9640833,347.744,28.42892,355.0963,0.3466986,-0.06681856,-0.9355931,0,0,0,1.897959,0.08741952,-2.660474,0.04771155,0.1037884,1.152786,0.8848284,-0.083533,-0.4583678,-0.02551717,0.9736319,-0.2266929,0.4652179,0.2122805,0.8593656,moving,31.78334,16.46916,2.370007,5.144619,30.572648407543305,27.857198570616365
05/11/2023 12:33:14.312587,812,True,True,True,True,Eyes,1.330292,-0.2550166,-3.59586,0.5109009,0.2461536,0.8236435,0.0,0.0,0.0,0.0,0.0,0.0,0.0,-2.845078,-0.5408694,2.535478,1.322047,-0.2542346,-3.605997,-0.114833,0.2397271,-0.01467852,0.9639133,347.6232,28.46358,355.1045,0.3466519,-0.06677724,-0.9356133,0,0,0,1.897987,0.09047698,-2.660411,0.04694468,0.1040732,1.153963,0.884631,-0.0833548,-0.4587811,-0.02675951,0.9731959,-0.2284158,0.4655234,0.2143404,0.8586887,moving,31.81107,16.63927,2.32958,5.153429,30.606175665358236,28.02939126036616
05/11/2023 12:33:14.322606,813,True,True,True,True,Eyes,1.330265,-0.2548839,-3.596076,0.510914,0.248506,0.8229286,0.0,0.0,0.0,0.0,0.0,0.0,0.0,-2.846206,-0.5461421,2.53366,1.322135,-0.2543793,-3.606362,-0.1157411,0.2399171,-0.0145996,0.9637587,347.5207,28.49589,355.0836,0.3466071,-0.06673623,-0.9356329,0,0,0,1.898017,0.09358098,-2.660347,0.04594186,0.1050363,1.155213,0.8844533,-0.08367754,-0.4590648,-0.02739557,0.9727817,-0.2300984,0.4658239,0.2160877,0.8580875,moving,31.83402,16.80314,2.277406,5.195261,30.63468437886233,28.195242463995548
05/11/2023 12:33:14.342867,814,True,True,True,True,Eyes,1.330238,-0.2547478,-3.596288,0.5109444,0.2508136,0.8222095,0.0,0.0,0.0,0.0,0.0,0.0,0.0,-2.847651,-0.5502388,2.5315,1.32216,-0.2542963,-3.606605,-0.1163701,0.2401902,-0.01462166,0.9636146,347.4525,28.5362,355.0585,0.3465643,-0.06669555,-0.9356516,0,0,0,1.898045,0.09663118,-2.660285,0.04485247,0.1064278,1.156278,0.8841898,-0.0840812,-0.4594984,-0.02772264,0.9724884,-0.2312959,0.4663045,0.217248,0.8575334,moving,31.858,16.96424,2.221412,5.258886,30.664138885409017,28.358299632206556
05/11/2023 12:33:14.363734,815,True,True,True,True,Eyes,1.330227,-0.2546203,-3.596509,0.510904,0.2530719,0.8215423,0.0,0.0,0.0,0.0,0.0,0.0,0.0,-2.848756,-0.5563167,2.52909,1.322127,-0.2540881,-3.606746,-0.1171474,0.2404444,-0.01486254,0.9634532,347.3741,28.5786,355.0044,0.3465236,-0.06665508,-0.9356696,0,0,0,1.898073,0.09961062,-2.660223,0.04380125,0.1074575,1.157263,0.8839312,-0.0849736,-0.4598317,-0.02769617,0.9721112,-0.2328793,0.4667962,0.2185849,0.856926,moving,31.87682,17.12118,2.167554,5.304982,30.688260785694887,28.51711598575516
05/11/2023 12:33:14.382669,816,True,True,True,True,Eyes,1.330209,-0.2544977,-3.596724,0.5108544,0.2552651,0.8208944,0.0,0.0,0.0,0.0,0.0,0.0,0.0,-2.849709,-0.560831,2.527214,1.322061,-0.2541343,-3.606903,-0.1178762,0.2406477,-0.01486201,0.9633136,347.2939,28.61157,354.9796,0.3464848,-0.066615,-0.9356868,0,0,0,1.898103,0.1027137,-2.660159,0.04297554,0.1088062,1.158362,0.8837356,-0.08536682,-0.4601347,-0.0280997,0.9717687,-0.2342564,0.4671422,0.2199504,0.8563877,moving,31.8946,17.27359,2.124714,5.366108,30.71118623127758,28.671344867009864
05/11/2023 12:33:14.393112,817,True,True,True,True,Eyes,1.330229,-0.2543826,-3.596953,0.5107114,0.257394,0.8203184,0.0,0.0,0.0,0.0,0.0,0.0,0.0,-2.849115,-0.5623801,2.527565,1.321873,-0.2541359,-3.60699,-0.1181912,0.240561,-0.01474424,0.9632984,347.2549,28.60347,354.9845,0.3464478,-0.06657542,-0.9357034,0,0,0,1.898131,0.1057339,-2.660097,0.04307464,0.1109289,1.159321,0.883826,-0.0852706,-0.4599788,-0.0284582,0.9716269,-0.2348006,0.4669494,0.220613,0.8563225,moving,31.90544,17.42046,2.127849,5.465671,30.726941342093028,28.819925669705256
05/11/2023 12:33:14.412859,818,True,True,True,True,Eyes,1.330253,-0.2542713,-3.59719,0.5105614,0.2594537,0.8197627,0.0,0.0,0.0,0.0,0.0,0.0,0.0,-2.847965,-0.565,2.52839,1.321914,-0.2541156,-3.607057,-0.1185191,0.240353,-0.014843,0.9633086,347.2201,28.58348,354.9662,0.3464131,-0.06653644,-0.935719,0,0,0,1.898158,0.1085969,-2.660038,0.04317224,0.1130112,1.160097,0.8840203,-0.08556958,-0.4595498,-0.02837604,0.9714658,-0.235476,0.4665865,0.2212058,0.8563674,moving,31.91532,17.56251,2.13124,5.563927,30.74157099081433,28.963626298179857
05/11/2023 12:33:14.422625,819,True,True,True,True,Eyes,1.330294,-0.2541553,-3.597428,0.510373,0.2614941,0.8192315,0.0,0.0,0.0,0.0,0.0,0.0,0.0,-2.846324,-0.5706571,2.529637,1.322012,-0.254091,-3.607492,-0.1189416,0.2400633,-0.01548232,0.9633187,347.1897,28.56125,354.885,0.3463804,-0.06649808,-0.9357339,0,0,0,1.898188,0.1117336,-2.659974,0.04293412,0.1154076,1.161221,0.8842599,-0.08693582,-0.4588318,-0.02727819,0.9712264,-0.2365907,0.4661978,0.2217238,0.8564451,moving,31.92249,17.70279,2.117447,5.675685,30.753413658949974,29.10551911100004
05/11/2023 12:33:14.443119,820,True,True,True,True,Eyes,1.330327,-0.2540466,-3.597661,0.510196,0.2635343,0.8186878,0.0,0.0,0.0,0.0,0.0,0.0,0.0,-2.846256,-0.580261,2.527635,1.322091,-0.2538371,-3.607556,-0.1200938,0.2401256,-0.01596921,0.9631523,347.0754,28.58836,354.7941,0.3463501,-0.06646014,-0.9357478,0,0,0,1.898214,0.1145936,-2.659915,0.04210699,0.1156176,1.162128,0.8841695,-0.08843672,-0.4587193,-0.02691359,0.970645,-0.2390064,0.4663905,0.2236679,0.8558345,moving,31.93064,17.84328,2.07507,5.681538,30.766249990742885,29.2476308008188
05/11/2023 12:33:14.463798,821,True,True,True,True,Eyes,1.330375,-0.253946,-3.597894,0.5099828,0.2655252,0.8181772,0.0,0.0,0.0,0.0,0.0,0.0,0.0,-2.846243,-0.5880651,2.525881,1.321921,-0.2539147,-3.607637,-0.1212579,0.2402011,-0.0160927,0.9629856,346.9496,28.61306,354.7436,0.3463216,-0.06642278,-0.935761,0,0,0,1.898243,0.1176151,-2.659853,0.04159707,0.1160301,1.163307,0.8840889,-0.08924662,-0.4587176,-0.02725847,0.9700751,-0.2412701,0.4665231,0.2258082,0.8551999,moving,31.93594,17.97993,2.047887,5.695934,30.77609015583011,29.38584064797535
05/11/2023 12:33:14.482635,822,True,True,True,True,Eyes,1.330418,-0.2538479,-3.598119,0.5097634,0.2674507,0.8176866,0.0,0.0,0.0,0.0,0.0,0.0,0.0,-2.847204,-0.5911757,2.524064,1.321873,-0.2539666,-3.607646,-0.1216092,0.2404257,-0.0163344,0.962881,346.9185,28.64732,354.7025,0.3462952,-0.06638616,-0.9357734,0,0,0,1.898272,0.1207006,-2.65979,0.04066548,0.1183876,1.164206,0.8838573,-0.08993211,-0.4590299,-0.02701978,0.9698887,-0.2420447,0.4669756,0.2263359,0.8548134,moving,31.9403,18.112,2.000517,5.806426,30.78483290632731,29.519413131775142
05/11/2023 12:33:14.493067,823,True,True,True,True,Eyes,1.330475,-0.2537577,-3.598347,0.5095302,0.2692551,0.8172396,0.0,0.0,0.0,0.0,0.0,0.0,0.0,-2.846431,-0.5914759,2.52481,1.3218,-0.2539336,-3.607636,-0.121756,0.2402834,-0.01616595,0.9629008,346.8966,28.62995,354.719,0.3462706,-0.06635026,-0.935785,0,0,0,1.898299,0.1236299,-2.659729,0.04088077,0.1207602,1.16498,0.8840051,-0.08964432,-0.4588016,-0.02737948,0.9698282,-0.2422467,0.4666748,0.2267091,0.8548787,moving,31.9426,18.23545,2.009764,5.918063,30.791217386507448,29.644255713112457
05/11/2023 12:33:14.512831,824,True,True,True,True,Eyes,1.330524,-0.2536709,-3.598576,0.5092809,0.2709718,0.8168275,0.0,0.0,0.0,0.0,0.0,0.0,0.0,-2.845739,-0.591495,2.525671,1.321706,-0.2539603,-3.607728,-0.1217518,0.2401598,-0.01616429,0.9629322,346.8964,28.615,354.721,0.3462478,-0.06631521,-0.9357959,0,0,0,1.898329,0.1267947,-2.659664,0.04092425,0.1238369,1.165883,0.884124,-0.08960999,-0.4585791,-0.02734954,0.9698304,-0.2422415,0.4664513,0.2267134,0.8549995,moving,31.94299,18.35258,2.010343,6.063066,30.79547043161449,29.762695051620817
05/11/2023 12:33:14.532685,825,True,True,True,True,Eyes,1.330588,-0.2535848,-3.598813,0.5087247,0.2728312,0.8165551,0.0,0.0,0.0,0.0,0.0,0.0,0.0,-2.843618,-0.5895113,2.528819,1.321584,-0.2539857,-3.60798,-0.1213852,0.2397463,-0.01619113,0.9630811,346.9357,28.56109,354.7348,0.3462266,-0.06628103,-0.9358062,0,0,0,1.898356,0.1295993,-2.659607,0.04165509,0.127398,1.166727,0.8845191,-0.08939005,-0.4578596,-0.02701657,0.9700069,-0.2415711,0.4657211,0.2260441,0.8555747,moving,31.92345,18.47575,2.044736,6.231592,30.779855422306824,29.887108890452268
05/11/2023 12:33:14.548640,826,True,True,True,True,Eyes,1.330649,-0.2535014,-3.599047,0.5081722,0.2746611,0.8162856,0.0,0.0,0.0,0.0,0.0,0.0,0.0,-2.841732,-0.5920023,2.530558,1.321543,-0.2538761,-3.608144,-0.1216248,0.2394107,-0.01635103,0.9631317,346.9117,28.52558,354.7141,0.346207,-0.06624762,-0.9358158,0,0,0,1.898384,0.1326449,-2.659544,0.042032,0.1297881,1.167636,0.8848304,-0.08973294,-0.4571906,-0.02674015,0.96988,-0.2421106,0.4651453,0.2264522,0.8557799,moving,31.90401,18.59689,2.061615,6.34265,30.764274196418896,30.009470748734106
05/11/2023 12:33:14.564503,827,True,True,True,True,Eyes,1.330712,-0.2534126,-3.599282,0.5074562,0.2767127,0.8160381,0.0,0.0,0.0,0.0,0.0,0.0,0.0,-2.840376,-0.5962446,2.531323,1.321532,-0.2538633,-3.608316,-0.1222444,0.2391718,-0.01638978,0.9631119,346.8424,28.5049,354.6941,0.3461889,-0.06621498,-0.9358248,0,0,0,1.898414,0.1357613,-2.65948,0.04216424,0.1313885,1.168695,0.8850566,-0.09004517,-0.4566912,-0.02690442,0.9695754,-0.2433099,0.4647054,0.2276301,0.8557065,moving,31.87556,18.73143,2.066223,6.41444,30.74006261708574,30.14532202712449
05/11/2023 12:33:14.582491,828,True,True,True,True,Eyes,1.330773,-0.2533249,-3.599518,0.5067936,0.2787409,0.8157597,0.0,0.0,0.0,0.0,0.0,0.0,0.0,-2.840322,-0.6027983,2.530182,1.321594,-0.2536653,-3.608554,-0.1231652,0.2391831,-0.01650371,0.9629899,346.743,28.51902,354.653,0.3461721,-0.06618289,-0.9358333,0,0,0,1.898442,0.1387134,-2.659419,0.04157048,0.1319683,1.169797,0.8850382,-0.09070385,-0.4565963,-0.02713226,0.9691159,-0.2451085,0.4647271,0.2293189,0.8552436,moving,31.85076,18.86503,2.035234,6.436494,30.719495169647878,30.280247155052074
05/11/2023 12:33:14.597698,829,True,True,True,True,Eyes,1.330837,-0.2532355,-3.599751,0.5060616,0.2809382,0.8154603,0.0,0.0,0.0,0.0,0.0,0.0,0.0,-2.842132,-0.609074,2.527024,1.321617,-0.2536101,-3.608815,-0.1240497,0.2395518,-0.01667419,0.9627818,346.6513,28.57652,354.6015,0.3461564,-0.06615132,-0.9358413,0,0,0,1.898471,0.1418944,-2.659354,0.04009181,0.1329708,1.171056,0.8846739,-0.09153987,-0.4571353,-0.02732546,0.9686673,-0.2468543,0.465409,0.230877,0.8544533,moving,31.82307,19.00959,1.96079,6.478062,30.69637905760503,30.426235286951815
05/11/2023 12:33:14.612903,830,True,True,True,True,Eyes,1.3309,-0.2531462,-3.599977,0.5053977,0.2831379,0.815111,0.0,0.0,0.0,0.0,0.0,0.0,0.0,-2.845279,-0.617244,2.521712,1.321713,-0.2535058,-3.608939,-0.1253725,0.2401744,-0.01666497,0.9624555,346.507,28.66805,354.5532,0.3461419,-0.06612018,-0.9358489,0,0,0,1.898498,0.1447055,-2.659296,0.03810146,0.1324586,1.172211,0.8840771,-0.09230109,-0.4581357,-0.02814394,0.968008,-0.2493358,0.466493,0.2333258,0.853196,moving,31.80038,19.15524,1.861683,6.447018,30.678333270175067,30.573358916849216
05/11/2023 12:33:14.632646,831,True,True,True,True,Eyes,1.330961,-0.253063,-3.600198,0.5046901,0.2854074,0.8147579,0.0,0.0,0.0,0.0,0.0,0.0,0.0,-2.847941,-0.6264006,2.516492,1.321742,-0.2534297,-3.608967,-0.1267139,0.2407487,-0.01686754,0.9621326,346.3665,28.75692,354.4807,0.3461284,-0.06608945,-0.9358561,0,0,0,1.898526,0.1477377,-2.659234,0.03618008,0.1322983,1.17337,0.8835111,-0.09347004,-0.4589897,-0.02855482,0.9673182,-0.2519529,0.4675392,0.2357095,0.8519673,moving,31.77555,19.30521,1.766117,6.432972,30.65827513758265,30.72483647348754
05/11/2023 12:33:14.647703,832,True,True,True,True,Eyes,1.331021,-0.2529826,-3.600417,0.5040616,0.2876045,0.8143743,0.0,0.0,0.0,0.0,0.0,0.0,0.0,-2.850878,-0.6332076,2.511703,1.321823,-0.253518,-3.609102,-0.1274763,0.2413667,-0.01741198,0.9618674,346.3008,28.84819,354.3866,0.3461158,-0.06605925,-0.9358629,0,0,0,1.898554,0.1506674,-2.659173,0.03391233,0.133696,1.174446,0.8828778,-0.09503309,-0.4598863,-0.02804103,0.9668933,-0.2536359,0.4687648,0.2368252,0.8509838,moving,31.75567,19.45119,1.653966,6.494447,30.643069559334407,30.872312520710558
05/11/2023 12:33:14.665073,833,True,True,True,True,Eyes,1.33107,-0.2529022,-3.600632,0.5034223,0.2898288,0.8139812,0.0,0.0,0.0,0.0,0.0,0.0,0.0,-2.853874,-0.6386342,2.507164,1.321861,-0.2534992,-3.609258,-0.1279661,0.2419994,-0.01801109,0.9616323,346.2672,28.93851,354.2944,0.3461041,-0.06602959,-0.9358693,0,0,0,1.898583,0.1537345,-2.659111,0.03162298,0.1357642,1.175499,0.8822238,-0.09657551,-0.4608192,-0.02729534,0.9666005,-0.25483,0.4700384,0.2373953,0.8501219,moving,31.73552,19.59895,1.540985,6.588187,30.62765078856883,31.021586625927362
05/11/2023 12:33:14.672755,834,True,True,True,True,Eyes,1.331116,-0.2528105,-3.600852,0.5028415,0.2920131,0.8135594,0.0,0.0,0.0,0.0,0.0,0.0,0.0,-2.856805,-0.641902,2.503341,1.321934,-0.2535757,-3.609471,-0.1284369,0.242558,-0.01814543,0.9614262,346.2219,29.01382,354.2564,0.3460929,-0.06600045,-0.9358755,0,0,0,1.898612,0.1567715,-2.659048,0.02970573,0.1376412,1.176612,0.8816727,-0.09719776,-0.4617421,-0.02741582,0.9663494,-0.2557679,0.4710643,0.2381626,0.8493392,moving,31.71922,19.74472,1.44623,6.672189,30.6160429198952,31.16887420006455
05/11/2023 12:33:14.692849,835,True,True,True,True,Eyes,1.331167,-0.2527251,-3.601074,0.5022129,0.2942759,0.8131322,0.0,0.0,0.0,0.0,0.0,0.0,0.0,-2.858612,-0.6494179,2.499751,1.321893,-0.2532114,-3.609798,-0.1292848,0.2429737,-0.01859448,0.961199,346.1429,29.08103,354.1729,0.3460821,-0.06597148,-0.9358816,0,0,0,1.89864,0.1597627,-2.658987,0.0279972,0.1383618,1.177837,0.8812361,-0.09857162,-0.4622842,-0.02707964,0.9658794,-0.2575728,0.4719001,0.2395009,0.8484984,moving,31.70062,19.8954,1.361665,6.699896,30.602281050420295,31.3211112163595
05/11/2023 12:33:14.712615,836,True,True,True,True,Eyes,1.331224,-0.2526442,-3.601301,0.501657,0.2965114,0.8126631,0.0,0.0,0.0,0.0,0.0,0.0,0.0,-2.860798,-0.6609619,2.49465,1.321967,-0.2531992,-3.61007,-0.1308609,0.2434736,-0.01900735,0.9608511,345.9824,29.16797,354.0693,0.3460717,-0.0659428,-0.9358875,0,0,0,1.898667,0.1626565,-2.658927,0.02592885,0.1376359,1.179227,0.8807186,-0.1002488,-0.4629091,-0.0271959,0.9650283,-0.2607313,0.4728583,0.2422202,0.847192,moving,31.68704,20.0452,1.259617,6.657272,30.593544716045983,31.472491886078917
05/11/2023 12:33:14.723042,837,True,True,True,True,Eyes,1.331287,-0.25256,-3.601535,0.5012798,0.2987539,0.8120743,0.0,0.0,0.0,0.0,0.0,0.0,0.0,-2.863191,-0.6715476,2.489657,1.322178,-0.2532251,-3.610395,-0.132021,0.2440132,-0.01981791,0.9605391,345.8802,29.25964,353.9328,0.3460617,-0.0659145,-0.9358931,0,0,0,1.898697,0.1658368,-2.658862,0.02338728,0.1383953,1.180552,0.8801296,-0.1025015,-0.4635356,-0.02635798,0.9643553,-0.2632943,0.4740011,0.243951,0.846056,moving,31.68634,20.19806,1.134908,6.686231,30.597877848545075,31.62705257181455
05/11/2023 12:33:14.742814,838,True,True,True,True,Eyes,1.331346,-0.2524674,-3.601764,0.5009552,0.3009991,0.8114454,0.0,0.0,0.0,0.0,0.0,0.0,0.0,-2.866172,-0.6800944,2.484288,1.322208,-0.2530662,-3.610662,-0.1329195,0.2446814,-0.02051187,0.9602306,345.8046,29.362,353.8157,0.3460523,-0.06588645,-0.9358986,0,0,0,1.898723,0.1686736,-2.658803,0.02086467,0.1391608,1.181722,0.8794206,-0.1044381,-0.4644482,-0.02565361,0.9638233,-0.2653045,0.4753539,0.245229,0.8449269,moving,31.68959,20.35193,1.011518,6.716274,30.606221444923513,31.78266086214236
05/11/2023 12:33:14.762607,839,True,True,True,True,Eyes,1.331408,-0.2523726,-3.602001,0.5007701,0.3033717,0.8106755,0.0,0.0,0.0,0.0,0.0,0.0,0.0,-2.868846,-0.6888254,2.47892,1.322167,-0.2527844,-3.610786,-0.134259,0.2452695,-0.0205789,0.9598927,345.6613,29.4529,353.7565,0.3460433,-0.06585841,-0.9359038,0,0,0,1.89875,0.1715324,-2.658745,0.01899302,0.1384682,1.182938,0.8788388,-0.1053663,-0.4653389,-0.0263522,0.963102,-0.2678432,0.4763905,0.2476537,0.8436348,moving,31.70444,20.5169,0.9198506,6.676347,30.626610683379013,31.949570330758537
05/11/2023 12:33:14.782484,840,True,True,True,True,Eyes,1.331465,-0.2522818,-3.602241,0.5005916,0.3057384,0.8098963,0.0,0.0,0.0,0.0,0.0,0.0,0.0,-2.870501,-0.6982674,2.474766,1.322116,-0.2526645,-3.611092,-0.1359068,0.2456289,-0.02036426,0.9595734,345.4739,29.51705,353.7226,0.3460347,-0.0658303,-0.935909,0,0,0,1.898779,0.1745601,-2.658682,0.01768744,0.1371838,1.184489,0.8785034,-0.1058473,-0.4658627,-0.02768326,0.9622293,-0.2708292,0.4769333,0.2508209,0.8423916,moving,31.71994,20.68168,0.8555088,6.606389,30.647648131890136,32.11629201356756
05/11/2023 12:33:14.792970,841,True,True,True,True,Eyes,1.331529,-0.2521912,-3.602485,0.500395,0.3081811,0.8090916,0.0,0.0,0.0,0.0,0.0,0.0,0.0,-2.870474,-0.7062417,2.472899,1.322058,-0.2526849,-3.611363,-0.1371591,0.2456779,-0.02038511,0.9593823,345.3354,29.54134,353.6792,0.3460263,-0.06580223,-0.9359141,0,0,0,1.898807,0.1775705,-2.658621,0.01702896,0.1371172,1.185912,0.8784536,-0.1065081,-0.4658061,-0.0282797,0.9615437,-0.2731923,0.4769901,0.2531596,0.8416595,moving,31.73535,20.85172,0.8226755,6.595353,30.66876831988339,32.28833177847126
05/11/2023 12:33:14.812685,842,True,True,True,True,Eyes,1.331596,-0.2521001,-3.60273,0.5001947,0.3105857,0.8082956,0.0,0.0,0.0,0.0,0.0,0.0,0.0,-2.869533,-0.7133183,2.472322,1.322068,-0.2526066,-3.611612,-0.1380896,0.2455561,-0.02062691,0.9592748,345.2382,29.54343,353.6237,0.3460182,-0.0657742,-0.935919,0,0,0,1.898837,0.180714,-2.658556,0.01662117,0.1379867,1.187194,0.8785535,-0.1073912,-0.4654148,-0.0282437,0.9610116,-0.2750618,0.4768082,0.2548015,0.841267,moving,31.75032,21.01915,0.8021108,6.629703,30.689359460448166,32.45772949170426
05/11/2023 12:33:14.832482,843,True,True,True,True,Eyes,1.33168,-0.2520075,-3.602986,0.4999491,0.3129594,0.8075317,0.0,0.0,0.0,0.0,0.0,0.0,0.0,-2.868281,-0.7206669,2.472059,1.322187,-0.2525072,-3.611861,-0.1390146,0.2453658,-0.0209282,0.9591833,345.1428,29.5381,353.5627,0.3460104,-0.06574619,-0.9359239,0,0,0,1.898864,0.1836437,-2.658496,0.01626813,0.1386885,1.188356,0.8787153,-0.1083668,-0.4648829,-0.02807086,0.960474,-0.276951,0.4765201,0.2564107,0.8409413,moving,31.76197,21.18387,0.7843083,6.65666,30.706518443119087,32.62436483516469
05/11/2023 12:33:14.843232,844,True,True,True,True,Eyes,1.331754,-0.2519163,-3.603233,0.4996826,0.3153107,0.8067816,0.0,0.0,0.0,0.0,0.0,0.0,0.0,-2.866731,-0.7279668,2.471977,1.322149,-0.2523394,-3.612063,-0.1399776,0.245143,-0.02114598,0.9590955,345.0405,29.52838,353.5105,0.3460033,-0.06571813,-0.9359285,0,0,0,1.898893,0.1866388,-2.658434,0.01619613,0.139256,1.189575,0.8789155,-0.1091911,-0.4643112,-0.02806701,0.9599183,-0.2788713,0.476151,0.2581361,0.8406224,moving,31.77213,21.34682,0.780037,6.676862,30.722118838919904,32.789200497350876
05/11/2023 12:33:14.865329,845,True,True,True,True,Eyes,1.331835,-0.2518296,-3.603487,0.499328,0.3176005,0.8061026,0.0,0.0,0.0,0.0,0.0,0.0,0.0,-2.863921,-0.735467,2.472986,1.321958,-0.252291,-3.612118,-0.1410197,0.2447146,-0.02130698,0.9590486,344.9263,29.49423,353.4654,0.3459965,-0.06569008,-0.935933,0,0,0,1.898922,0.1897871,-2.658369,0.01681343,0.1399273,1.190838,0.8793216,-0.109888,-0.4633768,-0.02815028,0.9593189,-0.2809177,0.4753956,0.2600612,0.8404565,moving,31.77551,21.5042,0.8089047,6.70171,30.73070901203085,32.948358813092526
05/11/2023 12:33:14.872742,846,True,True,True,True,Eyes,1.331908,-0.251749,-3.603742,0.49894,0.3197873,0.8054781,0.0,0.0,0.0,0.0,0.0,0.0,0.0,-2.860324,-0.7414927,2.475588,1.321835,-0.2522822,-3.612327,-0.1417488,0.2441062,-0.02155956,0.9590906,344.8484,29.43497,353.4229,0.3459902,-0.06566214,-0.9359373,0,0,0,1.898951,0.1927989,-2.658307,0.01771444,0.1412703,1.192075,0.8798947,-0.1105587,-0.4621277,-0.02784838,0.958885,-0.2824255,0.4743519,0.2613743,0.8406389,moving,31.77545,21.65384,0.8513626,6.758481,30.735580423268893,33.099667842737226
05/11/2023 12:33:14.897878,847,True,True,True,True,Eyes,1.331994,-0.2516701,-3.604004,0.4984801,0.321849,0.8049415,0.0,0.0,0.0,0.0,0.0,0.0,0.0,-2.856143,-0.7429964,2.480327,1.321717,-0.2523431,-3.612618,-0.1416736,0.243349,-0.02192646,0.9592858,344.8623,29.34723,353.3958,0.345984,-0.06563446,-0.9359415,0,0,0,1.898978,0.195658,-2.658249,0.01895049,0.1444742,1.193115,0.880601,-0.1110197,-0.4606696,-0.02688475,0.9588957,-0.2824824,0.4730951,0.2611393,0.8414198,moving,31.76889,21.79358,0.909964,6.904326,30.733580830424103,33.24092308603741
05/11/2023 12:33:14.912874,848,True,True,True,True,Eyes,1.332073,-0.251583,-3.60426,0.4979729,0.3238874,0.8044376,0.0,0.0,0.0,0.0,0.0,0.0,0.0,-2.851148,-0.744845,2.485702,1.321574,-0.2522438,-3.612806,-0.1418443,0.2424259,-0.02196691,0.9594933,344.8382,29.23851,353.4005,0.3459783,-0.06560704,-0.9359455,0,0,0,1.899006,0.1986886,-2.658186,0.02083033,0.146969,1.194166,0.8814943,-0.1109276,-0.4589803,-0.02661924,0.9587953,-0.2828479,0.4714438,0.2615465,0.8422198,moving,31.75885,21.93099,0.999333,7.016255,30.728000502882175,33.37979913215753
05/11/2023 12:33:14.922793,849,True,True,True,True,Eyes,1.332167,-0.2515015,-3.604524,0.4974182,0.3258305,0.803996,0.0,0.0,0.0,0.0,0.0,0.0,0.0,-2.846407,-0.7494845,2.489808,1.321489,-0.2519722,-3.612904,-0.1425706,0.241561,-0.02181869,0.9596071,344.7469,29.14251,353.4081,0.3459729,-0.06557966,-0.9359494,0,0,0,1.899035,0.201775,-2.658123,0.02263689,0.1479578,1.195261,0.8823444,-0.1107537,-0.4573859,-0.02700424,0.9583952,-0.2841645,0.4698288,0.2630824,0.8426438,moving,31.74435,22.06094,1.084987,7.056574,30.71768362399002,33.51110221507129
05/11/2023 12:33:14.942743,850,True,True,True,True,Eyes,1.332253,-0.2514192,-3.604784,0.4968272,0.3277132,0.8035962,0.0,0.0,0.0,0.0,0.0,0.0,0.0,-2.84152,-0.7525204,2.494664,1.321347,-0.2519646,-3.613091,-0.143024,0.2406607,-0.02174377,0.9597676,344.6881,29.03916,353.4167,0.345968,-0.06555244,-0.9359532,0,0,0,1.899063,0.204782,-2.658061,0.02450147,0.1497819,1.196421,0.8832192,-0.1105784,-0.4557369,-0.02710261,0.9581427,-0.2850054,0.4681764,0.2640738,0.8432531,moving,31.72663,22.18604,1.173195,7.135831,30.703964745251874,33.63747972046919
05/11/2023 12:33:14.965961,851,True,True,True,True,Eyes,1.332351,-0.2513367,-3.605044,0.4962345,0.3295608,0.8032067,0.0,0.0,0.0,0.0,0.0,0.0,0.0,-2.836874,-0.7550147,2.49937,1.321266,-0.2518668,-3.613249,-0.1432538,0.2398145,-0.02185899,0.9599426,344.66,28.94171,353.41,0.3459634,-0.06552535,-0.9359568,0,0,0,1.899092,0.2078091,-2.657999,0.02610624,0.1521797,1.197433,0.8840224,-0.1106754,-0.4541534,-0.02674191,0.9580011,-0.285515,0.4666789,0.2645466,0.8439347,moving,31.70846,22.30865,1.248955,7.242793,30.68971070523542,33.76133644627791
05/11/2023 12:33:14.982928,852,True,True,True,True,Eyes,1.33244,-0.2512562,-3.605301,0.4956202,0.3313758,0.8028392,0.0,0.0,0.0,0.0,0.0,0.0,0.0,-2.833278,-0.7585844,2.502373,1.321157,-0.2517258,-3.613303,-0.1437457,0.2391815,-0.02186157,0.9600269,344.6009,28.87244,353.4044,0.3459593,-0.06549836,-0.9359602,0,0,0,1.89912,0.2108109,-2.657937,0.0273228,0.1538263,1.198456,0.8846286,-0.110738,-0.4529563,-0.02678723,0.9577184,-0.2864573,0.4655263,0.2655417,0.8442588,moving,31.68846,22.42863,1.306022,7.314138,30.67352739530031,33.88252162943042
05/11/2023 12:33:14.997990,853,True,True,True,True,Eyes,1.332517,-0.2511766,-3.605547,0.4951095,0.3331152,0.8024343,0.0,0.0,0.0,0.0,0.0,0.0,0.0,-2.829785,-0.7624158,2.50533,1.32105,-0.2517008,-3.613462,-0.1442894,0.2385609,-0.02186939,0.9600996,344.5362,28.80553,353.3964,0.3459556,-0.06547153,-0.9359635,0,0,0,1.899148,0.213754,-2.657876,0.0284462,0.1553771,1.199599,0.8852209,-0.1108372,-0.4517733,-0.02685,0.9574047,-0.2874987,0.4643954,0.2666299,0.8445386,moving,31.67497,22.54484,1.358405,7.380101,30.66377462340084,33.99993815889363
05/11/2023 12:33:15.013919,854,True,True,True,True,Eyes,1.332584,-0.2510936,-3.60579,0.4945801,0.3348297,0.8020471,0.0,0.0,0.0,0.0,0.0,0.0,0.0,-2.826496,-0.766011,2.508099,1.320993,-0.2516818,-3.613592,-0.1447768,0.2379751,-0.02191199,0.9601706,344.479,28.74252,353.3857,0.345952,-0.06544489,-0.9359667,0,0,0,1.899177,0.2168972,-2.657812,0.02941528,0.1572797,1.20074,0.8857755,-0.110985,-0.4506486,-0.02682803,0.957119,-0.2884498,0.463338,0.2675918,0.8448151,moving,31.65994,22.65902,1.403329,7.46244,30.65240435156577,34.11529177306668
05/11/2023 12:33:15.022887,855,True,True,True,True,Eyes,1.33266,-0.2510037,-3.606031,0.4940383,0.3365316,0.8016686,0.0,0.0,0.0,0.0,0.0,0.0,0.0,-2.823464,-0.7700137,2.51041,1.320824,-0.2515275,-3.61375,-0.1453613,0.2374527,-0.02188078,0.9602123,344.4092,28.6876,353.3793,0.3459483,-0.06541834,-0.9359699,0,0,0,1.899205,0.2197837,-2.657753,0.03040063,0.1585129,1.20189,0.8862748,-0.1110533,-0.4496488,-0.0270125,0.9567826,-0.2895468,0.4623713,0.2687642,0.8449726,moving,31.64397,22.77213,1.448932,7.513175,30.640052347460866,34.22955718251858
05/11/2023 12:33:15.048592,856,True,True,True,True,Eyes,1.332728,-0.2509125,-3.606268,0.4934835,0.3382558,0.8012846,0.0,0.0,0.0,0.0,0.0,0.0,0.0,-2.820608,-0.7754954,2.511902,1.320732,-0.2512422,-3.613781,-0.1462745,0.2369617,-0.02169374,0.9601992,344.2986,28.63917,353.3799,0.3459448,-0.0653917,-0.9359731,0,0,0,1.899233,0.2227788,-2.657691,0.03136957,0.1588871,1.203012,0.8867571,-0.1109835,-0.4487143,-0.02766231,0.9562663,-0.2911865,0.4614073,0.2706242,0.8449058,moving,31.62748,22.88664,1.493698,7.523762,30.627222906803084,34.34523474368665
05/11/2023 12:33:15.065861,857,True,True,True,True,Eyes,1.332769,-0.2508144,-3.606484,0.4928396,0.3401702,0.8008704,0.0,0.0,0.0,0.0,0.0,0.0,0.0,-2.818139,-0.7825999,2.512557,1.320601,-0.2511398,-3.613897,-0.1474603,0.2365577,-0.0215298,0.9601211,344.1587,28.60581,353.3679,0.3459412,-0.06536495,-0.9359763,0,0,0,1.899261,0.2257853,-2.657629,0.03205916,0.1587775,1.204373,0.8871538,-0.1111082,-0.4478985,-0.02842331,0.9555838,-0.2933456,0.4605976,0.2729734,0.8445919,moving,31.60731,23.01339,1.524794,7.510228,30.61109155241077,34.473264321554595
05/11/2023 12:33:15.082781,858,True,True,True,True,Eyes,1.332805,-0.2507162,-3.606692,0.4921991,0.3420723,0.800454,0.0,0.0,0.0,0.0,0.0,0.0,0.0,-2.816517,-0.7886105,2.512462,1.320517,-0.2509708,-3.613916,-0.1484687,0.2363062,-0.02138112,0.9600309,344.0401,28.58853,353.3571,0.3459372,-0.06533798,-0.9359797,0,0,0,1.89929,0.2288634,-2.657566,0.03239211,0.1591009,1.205596,0.8874044,-0.1112212,-0.4473736,-0.02911511,0.9549997,-0.2951742,0.4600714,0.2749642,0.8442328,moving,31.58736,23.13934,1.539061,7.517808,30.5951553452985,34.60048644123282
05/11/2023 12:33:15.093155,859,True,True,True,True,Eyes,1.332816,-0.2506137,-3.606886,0.4915319,0.3440537,0.8000146,0.0,0.0,0.0,0.0,0.0,0.0,0.0,-2.81513,-0.7933276,2.512467,1.320444,-0.2508863,-3.613904,-0.149306,0.2360845,-0.02120606,0.9599595,343.9401,28.57186,353.3544,0.3459326,-0.06531081,-0.9359832,0,0,0,1.89932,0.2320154,-2.657501,0.03267744,0.1599622,1.206789,0.8876289,-0.1112115,-0.4469306,-0.02978374,0.9545161,-0.2966682,0.4595954,0.2766426,0.8439437,moving,31.56672,23.27057,1.551076,7.550649,30.57869840877006,34.733042865616994
05/11/2023 12:33:15.112591,860,True,True,True,True,Eyes,1.332821,-0.2505067,-3.607078,0.490862,0.3460194,0.7995781,0.0,0.0,0.0,0.0,0.0,0.0,0.0,-2.813485,-0.796635,2.513395,1.320305,-0.2507658,-3.614054,-0.1499444,0.2357919,-0.02096443,0.9599373,343.8599,28.54252,353.3668,0.3459272,-0.0652834,-0.9359871,0,0,0,1.899346,0.2348139,-2.657444,0.03323069,0.1608378,1.207977,0.8879254,-0.1109604,-0.4464038,-0.03046224,0.9541544,-0.2977608,0.4589778,0.2779878,0.8438378,moving,31.54581,23.40067,1.575774,7.584123,30.56193237215969,34.864454883143225
05/11/2023 12:33:15.122730,861,True,True,True,True,Eyes,1.332778,-0.2503929,-3.60724,0.4902267,0.3480505,0.7990862,0.0,0.0,0.0,0.0,0.0,0.0,0.0,-2.811831,-0.8007629,2.514015,1.320168,-0.2505654,-3.614175,-0.1507359,0.2355031,-0.02067323,0.9598904,343.7611,28.51525,353.3799,0.345921,-0.06525566,-0.9359913,0,0,0,1.899375,0.2378383,-2.657382,0.0337882,0.161464,1.209239,0.8882218,-0.1106856,-0.4458819,-0.03130947,0.9537026,-0.2991171,0.4583467,0.2796427,0.843634,moving,31.52845,23.53605,1.600525,7.605446,30.548914777734716,35.00122947568025
05/11/2023 12:33:15.142873,862,True,True,True,True,Eyes,1.332731,-0.2502816,-3.607394,0.4895822,0.3500764,0.7985961,0.0,0.0,0.0,0.0,0.0,0.0,0.0,-2.810667,-0.8070266,2.513254,1.320017,-0.2504625,-3.614196,-0.1519026,0.2353339,-0.02037293,0.9597545,343.621,28.50819,353.3802,0.3459131,-0.06522752,-0.9359962,0,0,0,1.899403,0.2408996,-2.657319,0.03406101,0.1613322,1.210599,0.8884058,-0.1106017,-0.445536,-0.03238966,0.953021,-0.3011673,0.4579149,0.2819895,0.8430871,moving,31.51052,23.67095,1.61163,7.590875,30.5353074418513,35.13751491270109
05/11/2023 12:33:15.166439,863,True,True,True,True,Eyes,1.332643,-0.2501637,-3.607525,0.4889488,0.3521031,0.798093,0.0,0.0,0.0,0.0,0.0,0.0,0.0,-2.808804,-0.8113825,2.513806,1.319869,-0.2504281,-3.614164,-0.1528344,0.2350086,-0.01996991,0.9596947,343.5031,28.47692,353.4025,0.3459036,-0.06519911,-0.9360017,0,0,0,1.899431,0.2438223,-2.657259,0.03484052,0.1616597,1.211815,0.8887444,-0.1101648,-0.4449688,-0.03350477,0.9524857,-0.3027349,0.4571772,0.2839626,0.8428252,moving,31.49357,23.80614,1.64684,7.598563,30.52269640625923,35.27410011922504
05/11/2023 12:33:15.182511,864,True,True,True,True,Eyes,1.332552,-0.2500467,-3.607656,0.488313,0.3540948,0.797601,0.0,0.0,0.0,0.0,0.0,0.0,0.0,-2.807378,-0.8145205,2.514495,1.319782,-0.250317,-3.61428,-0.1535702,0.2347299,-0.01954807,0.9596542,343.407,28.44792,353.4323,0.3458921,-0.06517033,-0.9360079,0,0,0,1.89946,0.2469075,-2.657195,0.03541568,0.1624658,1.213104,0.8890396,-0.1096138,-0.4445149,-0.03457628,0.9520681,-0.3039257,0.4565229,0.2855716,0.8426361,moving,31.4761,23.93882,1.672234,7.627992,30.509479068623698,35.40814385630695
05/11/2023 12:33:15.192949,865,True,True,True,True,Eyes,1.332426,-0.2499212,-3.607762,0.4876769,0.3560478,0.7971206,0.0,0.0,0.0,0.0,0.0,0.0,0.0,-2.806097,-0.8165492,2.515343,1.319643,-0.2502345,-3.614389,-0.1541006,0.2344829,-0.01917956,0.9596369,343.3355,28.42039,353.4621,0.3458786,-0.06514126,-0.936015,0,0,0,1.899487,0.249821,-2.657135,0.03596905,0.1636498,1.214304,0.8892999,-0.1090787,-0.4441257,-0.03545707,0.9517704,-0.3047557,0.4559481,0.2867666,0.8425416,moving,31.45822,24.06876,1.696669,7.675415,30.49575860543215,35.539414291424066
05/11/2023 12:33:15.212528,866,True,True,True,True,Eyes,1.3323,-0.2497917,-3.60787,0.4870531,0.3579822,0.7966354,0.0,0.0,0.0,0.0,0.0,0.0,0.0,-2.805238,-0.8191112,2.515559,1.319655,-0.2500614,-3.614459,-0.1547105,0.2342988,-0.0188103,0.9595911,343.2556,28.40169,353.4883,0.3458628,-0.06511176,-0.9360229,0,0,0,1.899516,0.2529156,-2.657071,0.03623658,0.1647342,1.215469,0.8895005,-0.1085973,-0.4438417,-0.03639655,0.9514217,-0.305732,0.4554823,0.288103,0.8423375,moving,31.4411,24.19761,1.707644,7.718344,30.482767446973263,35.66958763348596
05/11/2023 12:33:15.232512,867,True,True,True,True,Eyes,1.332126,-0.2496556,-3.60795,0.4864661,0.3598794,0.7961391,0.0,0.0,0.0,0.0,0.0,0.0,0.0,-2.805098,-0.8223617,2.514722,1.319522,-0.2498504,-3.614569,-0.1554411,0.2342754,-0.01843299,0.959486,343.163,28.40428,353.5088,0.3458448,-0.06508176,-0.9360316,0,0,0,1.899545,0.2559265,-2.65701,0.03623134,0.1653669,1.216757,0.8895506,-0.1082044,-0.4438373,-0.03745963,0.9509966,-0.3069238,0.4552983,0.2896502,0.8419062,moving,31.42625,24.32443,1.705591,7.739529,30.471995001739636,35.7977234635269
05/11/2023 12:33:15.242924,868,True,True,True,True,Eyes,1.33195,-0.249511,-3.608032,0.4858817,0.3618137,0.7956191,0.0,0.0,0.0,0.0,0.0,0.0,0.0,-2.804932,-0.8250529,2.513844,1.319222,-0.2497246,-3.614562,-0.1561878,0.2342648,-0.01792719,0.959377,343.065,28.40662,353.5433,0.3458241,-0.06505122,-0.9360414,0,0,0,1.899573,0.2588684,-2.656949,0.03648511,0.1659195,1.218045,0.8895972,-0.1075764,-0.4438964,-0.03878073,0.950568,-0.3080853,0.4550965,0.2912865,0.8414508,moving,31.41226,24.45402,1.715714,7.756962,30.462179766842418,35.92866593060796
05/11/2023 12:33:15.262764,869,True,True,True,True,Eyes,1.331747,-0.2493647,-3.608093,0.4852719,0.3637733,0.7950975,0.0,0.0,0.0,0.0,0.0,0.0,0.0,-2.804476,-0.831925,2.512069,1.318992,-0.249399,-3.614656,-0.1576042,0.2342103,-0.01735794,0.959169,342.89,28.41308,353.5645,0.3458008,-0.06501997,-0.9360522,0,0,0,1.899601,0.2618675,-2.656888,0.03671262,0.1646722,1.219572,0.8896886,-0.1071234,-0.4438231,-0.04052662,0.9497193,-0.3104689,0.4547658,0.2942072,0.840613,moving,31.39697,24.58506,1.724247,7.689832,30.451103376814757,36.06106590655121
05/11/2023 12:33:15.282814,870,True,True,True,True,Eyes,1.331546,-0.2492252,-3.60815,0.4846539,0.3657331,0.7945753,0.0,0.0,0.0,0.0,0.0,0.0,0.0,-2.803733,-0.8369936,2.511081,1.318866,-0.2493555,-3.614612,-0.1588904,0.2340572,-0.01661653,0.9590074,342.724,28.40266,353.6115,0.3457747,-0.06498809,-0.9360641,0,0,0,1.899629,0.2648804,-2.656826,0.03725675,0.1639607,1.220986,0.8898823,-0.1062496,-0.4436447,-0.04250811,0.9489555,-0.3125324,0.4542055,0.2969756,0.8399422,moving,31.38124,24.71603,1.747762,7.648239,30.439581652490602,36.193392167842134
05/11/2023 12:33:15.298645,871,True,True,True,True,Eyes,1.331325,-0.2490881,-3.608191,0.484034,0.3675744,0.7941033,0.0,0.0,0.0,0.0,0.0,0.0,0.0,-2.802573,-0.8403654,2.511145,1.318738,-0.2493987,-3.614583,-0.1598109,0.2338254,-0.01602391,0.958921,342.6025,28.37923,353.6545,0.3457463,-0.06495582,-0.9360768,0,0,0,1.899652,0.2673591,-2.656775,0.03797957,0.1637961,1.22214,0.8901379,-0.105467,-0.4433185,-0.04400436,0.9484074,-0.3139857,0.4535617,0.2989984,0.8395724,moving,31.36378,24.83847,1.779968,7.633524,30.426036894493976,36.31708173102131
05/11/2023 12:33:15.312727,872,True,True,True,True,Eyes,1.331109,-0.2489486,-3.608233,0.4834319,0.3693285,0.7936562,0.0,0.0,0.0,0.0,0.0,0.0,0.0,-2.800697,-0.8414655,2.513017,1.318825,-0.2494396,-3.614651,-0.1599951,0.2334557,-0.01596321,0.9589814,342.5778,28.33603,353.6625,0.3457154,-0.0649233,-0.9360905,0,0,0,1.899652,0.2673591,-2.656775,0.03878498,0.1633921,1.222198,0.8904873,-0.1053204,-0.4426512,-0.04408666,0.9482935,-0.314318,0.4528673,0.2994112,0.8398001,static,31.34643,24.95495,1.817602,7.614555,30.412406464068923,36.43474553604181
05/11/2023 12:33:15.332488,873,True,True,True,True,Eyes,1.330902,-0.2488095,-3.608282,0.4828385,0.3710054,0.7932351,0.0,0.0,0.0,0.0,0.0,0.0,0.0,-2.79947,-0.8425989,2.514083,1.318745,-0.2492383,-3.614749,-0.1599083,0.2332789,-0.0162831,0.9590335,342.5954,28.31837,353.6318,0.3456824,-0.06489049,-0.9361049,0,0,0,1.899652,0.2673591,-2.656775,0.03904682,0.1636048,1.222191,0.8906317,-0.1058385,-0.4422369,-0.04337437,0.9483284,-0.3143118,0.4526521,0.2991178,0.8400206,static,31.32868,25.06605,1.829876,7.624397,30.398195967964213,36.54696665312375
05/11/2023 12:33:15.342806,874,True,True,True,True,Eyes,1.330697,-0.2486759,-3.608327,0.4822529,0.3726562,0.7928175,0.0,0.0,0.0,0.0,0.0,0.0,0.0,-2.797939,-0.8477873,2.513981,1.318507,-0.2490949,-3.614803,-0.1606318,0.2330829,-0.01637016,0.9589586,342.5155,28.3074,353.6025,0.3456477,-0.06485741,-0.93612,0,0,0,1.899652,0.2673591,-2.656775,0.03956911,0.1617958,1.222509,0.8908087,-0.1062777,-0.4417747,-0.04348446,0.9478588,-0.3157098,0.4522929,0.3004474,0.8397395,static,31.3112,25.17542,1.853853,7.539126,30.38420031227313,36.657440270027216
05/11/2023 12:33:15.362745,875,True,True,True,True,Eyes,1.330473,-0.2485407,-3.608363,0.4816919,0.3741798,0.7924407,0.0,0.0,0.0,0.0,0.0,0.0,0.0,-2.796723,-0.8511759,2.514079,1.318339,-0.2491023,-3.614787,-0.1611906,0.2329077,-0.0163182,0.9589084,342.4503,28.29405,353.594,0.3456114,-0.06482423,-0.9361356,0,0,0,1.899652,0.2673591,-2.656775,0.04011524,0.1604567,1.222739,0.8909754,-0.1063804,-0.4414136,-0.04378976,0.9475026,-0.3167354,0.451935,0.3015328,0.8395432,static,31.29369,25.27605,1.879069,7.476051,30.369886397906136,36.75907618078663
05/11/2023 12:33:15.372551,876,True,True,True,True,Eyes,1.330253,-0.2484098,-3.608401,0.4811368,0.3756569,0.7920791,0.0,0.0,0.0,0.0,0.0,0.0,0.0,-2.795903,-0.8504639,2.515214,1.318136,-0.2490028,-3.614855,-0.1611486,0.2327593,-0.01616081,0.9589543,342.4496,28.27265,353.6162,0.3455734,-0.06479095,-0.936152,0,0,0,1.899652,0.2673591,-2.656775,0.04075485,0.1603536,1.222839,0.8911239,-0.1060126,-0.4412024,-0.04402269,0.9475399,-0.3165913,0.4516196,0.3015451,0.8397085,static,31.27597,25.37344,1.908851,7.470698,30.35525425503907,36.85743454493297
05/11/2023 12:33:15.398711,877,True,True,True,True,Eyes,1.33006,-0.2482882,-3.608457,0.4805572,0.3772072,0.791694,0.0,0.0,0.0,0.0,0.0,0.0,0.0,-2.796047,-0.8483892,2.515831,1.318045,-0.2489818,-3.614943,-0.1611877,0.2327116,-0.01559004,0.9589688,342.4287,28.25794,353.6815,0.3455339,-0.06475768,-0.9361688,0,0,0,1.899652,0.2673591,-2.656775,0.04131612,0.1598491,1.222989,0.8912045,-0.1049212,-0.4413004,-0.04511977,0.947551,-0.3164039,0.4513521,0.3018919,0.8397278,static,31.25769,25.47574,1.934881,7.446552,30.340220082735534,36.9607539527301
05/11/2023 12:33:15.414508,878,True,True,True,True,Eyes,1.329874,-0.2481707,-3.60852,0.4800218,0.3786804,0.7913154,0.0,0.0,0.0,0.0,0.0,0.0,0.0,-2.796662,-0.8480001,2.515857,1.318166,-0.2490552,-3.615296,-0.1612909,0.2327437,-0.01533942,0.9589475,342.4103,28.25933,353.7064,0.3454936,-0.06472462,-0.936186,0,0,0,1.899652,0.2673591,-2.656775,0.0411301,0.1593997,1.223304,0.8911901,-0.1044983,-0.4414298,-0.0456595,0.9474999,-0.3164794,0.4513263,0.3021988,0.8396312,static,31.24152,25.57324,1.925681,7.423963,30.32715222938713,37.05923387873348
05/11/2023 12:33:15.422684,879,True,True,True,True,Eyes,1.32971,-0.2480586,-3.608592,0.4795121,0.3801918,0.7908997,0.0,0.0,0.0,0.0,0.0,0.0,0.0,-2.797949,-0.8481362,2.514662,1.318143,-0.249031,-3.615503,-0.1611762,0.2329968,-0.01555811,0.9589018,342.431,28.29204,353.6801,0.3454526,-0.06469183,-0.9362034,0,0,0,1.899652,0.2673591,-2.656775,0.04030615,0.1596881,1.223457,0.8909408,-0.1049445,-0.4418269,-0.0452697,0.9475603,-0.3163544,0.4518573,0.3018544,0.8394694,static,31.22788,25.67396,1.886897,7.436325,30.316737907200014,37.16098659688117
05/11/2023 12:33:15.442862,880,True,True,True,True,Eyes,1.329546,-0.247945,-3.608675,0.4790507,0.3816734,0.7904657,0.0,0.0,0.0,0.0,0.0,0.0,0.0,-2.800062,-0.8492311,2.512111,1.318175,-0.2490117,-3.615612,-0.1613001,0.2334009,-0.0156794,0.9587807,342.4232,28.34535,353.6546,0.3454114,-0.06465942,-0.9362208,0,0,0,1.899652,0.2673591,-2.656775,0.03914559,0.1593587,1.2236,0.8905564,-0.1053614,-0.4425023,-0.04522897,0.9474729,-0.3166221,0.4526186,0.3019838,0.8390126,static,31.21737,25.7734,1.832391,7.420298,30.30943293356409,37.26146590430901
05/11/2023 12:33:15.462516,881,True,True,True,True,Eyes,1.329416,-0.2478372,-3.608787,0.4785978,0.3832156,0.7899936,0.0,0.0,0.0,0.0,0.0,0.0,0.0,-2.802267,-0.8523009,2.509002,1.318025,-0.2488692,-3.615949,-0.1617799,0.2338395,-0.0156978,0.9585928,342.3729,28.40686,353.6289,0.3453699,-0.06462727,-0.9362383,0,0,0,1.899652,0.2673591,-2.656775,0.03799903,0.1579084,1.224099,0.8901454,-0.1057567,-0.4432345,-0.04556548,0.9471617,-0.3175036,0.4533929,0.3028206,0.8382927,static,31.20852,25.87742,1.778031,7.350546,30.30395032818638,37.36658737571142
05/11/2023 12:33:15.473200,882,True,True,True,True,Eyes,1.32929,-0.2477239,-3.608906,0.4782082,0.3847776,0.7894701,0.0,0.0,0.0,0.0,0.0,0.0,0.0,-2.804675,-0.8566413,2.505428,1.317986,-0.2488275,-3.616379,-0.1625706,0.2342833,-0.01557327,0.9583526,342.2838,28.47165,353.6096,0.3453288,-0.06459545,-0.9362557,0,0,0,1.899652,0.2673591,-2.656775,0.03674826,0.1556903,1.224759,0.8897376,-0.1060245,-0.4439885,-0.04632575,0.9466566,-0.3188969,0.4541155,0.3043027,0.8373643,static,31.20468,25.98401,1.718614,7.244533,30.30359689395295,37.474340923120266
05/11/2023 12:33:15.492803,883,True,True,True,True,Eyes,1.32921,-0.2476144,-3.609051,0.4778214,0.3864598,0.7888824,0.0,0.0,0.0,0.0,0.0,0.0,0.0,-2.808748,-0.8629844,2.49903,1.317945,-0.248598,-3.616653,-0.1637294,0.2350677,-0.01539757,0.957966,342.1543,28.58328,353.5776,0.345288,-0.06456377,-0.9362729,0,0,0,1.899652,0.2673591,-2.656775,0.03474417,0.1523763,1.225372,0.8890122,-0.1064757,-0.4453316,-0.04747428,0.9459112,-0.3209333,0.4554158,0.3064554,0.8358718,static,31.20304,26.09943,1.624128,7.088401,30.305749614414303,37.59103764926941
05/11/2023 12:33:15.512986,884,True,True,True,True,Eyes,1.329131,-0.2475031,-3.6092,0.4774994,0.3881659,0.7882395,0.0,0.0,0.0,0.0,0.0,0.0,0.0,-2.813607,-0.8668804,2.492465,1.317937,-0.248477,-3.616843,-0.1647535,0.2359411,-0.01488982,0.9575837,342.0309,28.69817,353.5861,0.3452482,-0.06453225,-0.9362897,0,0,0,1.899652,0.2673591,-2.656775,0.03276557,0.1492909,1.225907,0.8882202,-0.1062607,-0.4469603,-0.04922776,0.9452691,-0.3225568,0.4567729,0.3085043,0.8343762,static,31.20663,26.21779,1.531015,6.943285,30.313265214073375,37.71074204611382
05/11/2023 12:33:15.532712,885,True,True,True,True,Eyes,1.329083,-0.2474015,-3.609365,0.477195,0.3899001,0.7875677,0.0,0.0,0.0,0.0,0.0,0.0,0.0,-2.818989,-0.8715489,2.485016,1.317885,-0.2483443,-3.617057,-0.1659485,0.2369197,-0.01432718,0.9571443,341.8875,28.82793,353.5931,0.3452094,-0.06450082,-0.9363062,0,0,0,1.899652,0.2673591,-2.656775,0.03057009,0.1457224,1.22653,0.8873276,-0.1060593,-0.4487775,-0.05120655,0.9445117,-0.324462,0.4582877,0.3108844,0.8326604,static,31.21208,26.33857,1.427747,6.775476,30.322733368889494,37.83290584281582
05/11/2023 12:33:15.543229,886,True,True,True,True,Eyes,1.329036,-0.2473,-3.609534,0.4769483,0.3916116,0.7868676,0.0,0.0,0.0,0.0,0.0,0.0,0.0,-2.824244,-0.8726878,2.478978,1.317967,-0.2484235,-3.617252,-0.166577,0.2378277,-0.01381064,0.9568174,341.8082,28.94065,353.6143,0.3451721,-0.06446967,-0.9363221,0,0,0,1.899652,0.2673591,-2.656775,0.02845335,0.1437677,1.226959,0.8864945,-0.1056618,-0.4505143,-0.05280475,0.9441227,-0.3253367,0.4597165,0.3121984,0.8313801,static,31.22154,26.45881,1.328459,6.683101,30.33622131560538,37.9545503518865
05/11/2023 12:33:15.562832,887,True,True,True,True,Eyes,1.329022,-0.247201,-3.609719,0.4767102,0.3932939,0.7861725,0.0,0.0,0.0,0.0,0.0,0.0,0.0,-2.829,-0.8743626,2.473254,1.317937,-0.2483358,-3.617473,-0.167185,0.2386794,-0.01340471,0.956505,341.7341,29.0481,353.6244,0.3451361,-0.06443878,-0.9363375,0,0,0,1.899652,0.2673591,-2.656775,0.02650315,0.1417693,1.227385,0.8857049,-0.1054506,-0.452114,-0.05416389,0.943739,-0.3262254,0.4610782,0.3134277,0.8301626,static,31.2313,26.57716,1.237006,6.588761,30.34994903586957,38.074285775795424
05/11/2023 12:33:15.582876,888,True,True,True,True,Eyes,1.329007,-0.2471009,-3.609902,0.476497,0.3949421,0.7854753,0.0,0.0,0.0,0.0,0.0,0.0,0.0,-2.832874,-0.8751423,2.468718,1.317918,-0.2482115,-3.61761,-0.1675722,0.2393742,-0.01308858,0.956268,341.6862,29.13426,353.6344,0.3451019,-0.06440815,-0.9363523,0,0,0,1.899652,0.2673591,-2.656775,0.02493423,0.1403749,1.227643,0.8850573,-0.1052573,-0.4534253,-0.05519255,0.9434965,-0.3267539,0.4621984,0.3142217,0.8292391,static,31.24248,26.69355,1.163555,6.523161,30.36504192833334,38.19204880122883
05/11/2023 12:33:15.593037,889,True,True,True,True,Eyes,1.32902,-0.2470199,-3.610098,0.4762103,0.3964958,0.7848662,0.0,0.0,0.0,0.0,0.0,0.0,0.0,-2.834519,-0.8773956,2.466207,1.317866,-0.2480952,-3.617758,-0.1680348,0.2396854,-0.01295057,0.9561107,341.6324,29.17775,353.6288,0.3450693,-0.06437771,-0.9363664,0,0,0,1.899652,0.2673591,-2.656775,0.02419338,0.1389683,1.227908,0.8847665,-0.1053153,-0.4539792,-0.0557866,0.9431931,-0.3275279,0.4626837,0.3151116,0.8286304,static,31.2469,26.80182,1.128748,6.456967,30.373060692997882,38.30155616498675
05/11/2023 12:33:15.612743,890,True,True,True,True,Eyes,1.329028,-0.2469376,-3.610297,0.4759351,0.397947,0.7842984,0.0,0.0,0.0,0.0,0.0,0.0,0.0,-2.834622,-0.8786716,2.465918,1.317939,-0.248395,-3.617904,-0.1682053,0.2397004,-0.01305933,0.9560754,341.6166,29.18433,353.6104,0.3450386,-0.06434792,-0.9363797,0,0,0,1.899652,0.2673591,-2.656775,0.02389574,0.1388626,1.228132,0.8847464,-0.1056091,-0.45395,-0.05566632,0.9430729,-0.3278945,0.4627365,0.3153732,0.8285014,static,31.25059,26.90289,1.114662,6.450928,30.380107138126228,38.403778336045235
05/11/2023 12:33:15.632684,891,True,True,True,True,Eyes,1.329063,-0.2468548,-3.610507,0.4756134,0.3992891,0.7838113,0.0,0.0,0.0,0.0,0.0,0.0,0.0,-2.833097,-0.8793744,2.467742,1.317831,-0.2482669,-3.618173,-0.1678288,0.2394904,-0.01369378,0.9561853,341.6759,29.16328,353.554,0.3450095,-0.06431866,-0.9363924,0,0,0,1.899652,0.2673591,-2.656775,0.0240134,0.139984,1.228211,0.8849137,-0.1065743,-0.4533979,-0.05419919,0.9432919,-0.32751,0.4625908,0.3143919,0.8289557,static,31.2492,26.9952,1.120078,6.502168,30.381749920941836,38.49710890683365
05/11/2023 12:33:15.642601,892,True,True,True,True,Eyes,1.329094,-0.2467781,-3.610707,0.4752734,0.4006055,0.7833457,0.0,0.0,0.0,0.0,0.0,0.0,0.0,-2.831307,-0.8819383,2.469133,1.317875,-0.248077,-3.618341,-0.167751,0.2392292,-0.0143168,0.9562553,341.701,29.14074,353.49,0.3449825,-0.06428984,-0.9364044,0,0,0,1.899652,0.2673591,-2.656775,0.02413943,0.1403688,1.228196,0.8851289,-0.1076429,-0.452725,-0.05288083,0.9433092,-0.3276755,0.4623316,0.3139755,0.829258,static,31.24613,27.08535,1.125969,6.519969,30.38162995607822,38.58824417855861
05/11/2023 12:33:15.672882,893,True,True,True,True,Eyes,1.329129,-0.2467115,-3.610906,0.4748685,0.401786,0.7829866,0.0,0.0,0.0,0.0,0.0,0.0,0.0,-2.828846,-0.8845274,2.470885,1.3178,-0.2481517,-3.618267,-0.1681305,0.2388052,-0.0143254,0.9562945,341.6559,29.09527,353.4849,0.3449572,-0.06426159,-0.9364157,0,0,0,1.899652,0.2673591,-2.656775,0.02521294,0.1396127,1.228269,0.8855338,-0.1076995,-0.4519192,-0.05290227,0.9430538,-0.3284065,0.4615533,0.3147225,0.8294084,static,31.23612,27.16442,1.175958,6.484765,30.374157069537432,38.66812956578656
05/11/2023 12:33:15.685403,894,True,True,True,True,Eyes,1.329174,-0.2466449,-3.611107,0.4743858,0.4028725,0.7827208,0.0,0.0,0.0,0.0,0.0,0.0,0.0,-2.824662,-0.8863551,2.475045,1.317646,-0.2482947,-3.618335,-0.1681557,0.2380855,-0.01463342,0.9564649,341.6572,29.01279,353.4628,0.3449337,-0.06423412,-0.9364262,0,0,0,1.899652,0.2673591,-2.656775,0.02685055,0.1399561,1.228382,0.8862023,-0.1080635,-0.4505194,-0.05207812,0.9430191,-0.3286379,0.4603621,0.3147019,0.830078,static,31.21892,27.23524,1.252199,6.499988,30.359172812226312,38.73962497398357
05/11/2023 12:33:15.692597,895,True,True,True,True,Eyes,1.32922,-0.2465833,-3.6113,0.4738859,0.4039151,0.7824862,0.0,0.0,0.0,0.0,0.0,0.0,0.0,-2.81922,-0.8871098,2.481047,1.317558,-0.2481784,-3.618426,-0.1678637,0.2371246,-0.01506123,0.9567481,341.6957,28.89754,353.4421,0.3449119,-0.06420733,-0.9364361,0,0,0,1.899652,0.2673591,-2.656775,0.02899724,0.1409279,1.228285,0.8870901,-0.1084288,-0.4486806,-0.05078961,0.9431899,-0.3283493,0.4587935,0.3140637,0.8311874,static,31.19975,27.30254,1.352382,6.54524,30.34208898922916,38.80754797695816
05/11/2023 12:33:15.712616,896,True,True,True,True,Eyes,1.329262,-0.246521,-3.611487,0.4733725,0.4049177,0.7822788,0.0,0.0,0.0,0.0,0.0,0.0,0.0,-2.81595,-0.8884979,2.484329,1.317623,-0.2482352,-3.618444,-0.167887,0.2365336,-0.01527708,0.9568869,341.6953,28.82924,353.4281,0.3448917,-0.06418131,-0.9364453,0,0,0,1.899652,0.2673591,-2.656775,0.03021908,0.141147,1.228238,0.887637,-0.1086587,-0.4475421,-0.05018494,0.9431611,-0.3285248,0.4578014,0.3140706,0.8317317,static,31.17897,27.36667,1.409398,6.555575,30.32327961265416,38.87225487972653
05/11/2023 12:33:15.722766,897,True,True,True,True,Eyes,1.329324,-0.2464636,-3.611677,0.4728255,0.4058828,0.7821094,0.0,0.0,0.0,0.0,0.0,0.0,0.0,-2.81299,-0.8897638,2.487261,1.317604,-0.2481544,-3.61848,-0.1679236,0.2360061,-0.01542132,0.9570084,341.6917,28.76773,353.4207,0.344873,-0.06415597,-0.9364539,0,0,0,1.899652,0.2673591,-2.656775,0.03141555,0.1411401,1.228212,0.8881267,-0.1087786,-0.4465404,-0.04974531,0.9431277,-0.3286876,0.4568987,0.3141296,0.8322057,static,31.15513,27.42747,1.465208,6.555395,30.30127943309583,38.93357422936877
05/11/2023 12:33:15.747800,898,True,True,True,True,Eyes,1.329385,-0.246399,-3.611864,0.4722949,0.4068395,0.7819329,0.0,0.0,0.0,0.0,0.0,0.0,0.0,-2.81114,-0.8909113,2.489103,1.317701,-0.2481548,-3.618556,-0.1679656,0.235664,-0.01557435,0.9570827,341.6891,28.72919,353.4084,0.344856,-0.06413134,-0.9364619,0,0,0,1.899652,0.2673591,-2.656775,0.03202167,0.1411676,1.228207,0.8884399,-0.1089788,-0.4458679,-0.049355,0.94309,-0.3288546,0.4563317,0.3141734,0.8325001,static,31.13238,27.48795,1.493471,6.556693,30.28036620630442,38.99457727659492
05/11/2023 12:33:15.763053,899,True,True,True,True,Eyes,1.329462,-0.2463429,-3.612043,0.4718108,0.4077967,0.7817265,0.0,0.0,0.0,0.0,0.0,0.0,0.0,-2.810509,-0.894581,2.488624,1.317746,-0.2479194,-3.618641,-0.1684286,0.2355797,-0.01568653,0.9570204,341.6399,28.72859,353.3821,0.3448406,-0.06410719,-0.9364693,0,0,0,1.899652,0.2673591,-2.656775,0.03203738,0.1398886,1.228299,0.8885123,-0.1093814,-0.4456251,-0.04933205,0.9427715,-0.3297701,0.4561934,0.3149883,0.832268,static,31.11307,27.54932,1.494091,6.49731,30.262945979592942,39.056503189218844
05/11/2023 12:33:15.773022,900,True,True,True,True,Eyes,1.329535,-0.2462929,-3.612209,0.4713692,0.4087076,0.7815172,0.0,0.0,0.0,0.0,0.0,0.0,0.0,-2.811645,-0.8976064,2.486055,1.317848,-0.2480262,-3.618463,-0.1689415,0.2358221,-0.01571979,0.9568697,341.5851,28.76751,353.3567,0.344827,-0.06408368,-0.9364759,0,0,0,1.899652,0.2673591,-2.656775,0.03133124,0.1388019,1.228298,0.8882817,-0.1097638,-0.4459905,-0.04959666,0.9424233,-0.3307241,0.4566134,0.3158958,0.8316935,static,31.09612,27.60808,1.461176,6.447273,30.247815969718182,39.11580571924132
05/11/2023 12:33:15.792940,901,True,True,True,True,Eyes,1.329611,-0.2462468,-3.612371,0.4710003,0.4095102,0.7813195,1.219801,1.904138,0.2532742,-2.659316,0.2990631,-0.9390649,-0.1694649,0.03725201,0.1264298,1.223706,1.317834,-0.2481162,-3.618317,-0.1689038,0.2361114,-0.01588373,0.9568024,341.596,28.8052,353.3333,0.344815,-0.06406093,-0.9364818,0,0,0,1.899652,0.2673591,-2.656775,0.03058243,0.1390848,1.228215,0.8879982,-0.1101554,-0.4464583,-0.04936505,0.9424384,-0.3307157,0.4571896,0.3157144,0.8314458,static,31.0827,27.66022,1.426364,6.460734,30.23602206510776,39.16843793087743
05/11/2023 12:33:15.813213,902,True,True,True,True,Eyes,1.329685,-0.2461961,-3.612523,0.4706475,0.4102678,0.7811345,1.217745,1.902814,0.2534056,-2.6613,0.2106946,-0.9298658,-0.3015914,0.03651729,0.1281312,1.221387,1.317908,-0.2481431,-3.618312,-0.1685727,0.2362543,-0.01596934,0.9568241,341.6366,28.8186,353.3315,0.3448047,-0.06403898,-0.9364871,0,0,0,1.899652,0.2673591,-2.656775,0.03015062,0.1399457,1.2281,0.8878577,-0.1102117,-0.4467236,-0.04909234,0.9426565,-0.3301344,0.4574916,0.3150431,0.8315343,static,31.06972,27.70937,1.406365,6.500986,30.22457264354034,39.21804971886816
05/11/2023 12:33:15.832752,903,True,True,True,True,Eyes,1.329734,-0.246148,-3.612656,0.4703716,0.410964,0.7809348,1.216439,1.901913,0.2537648,-2.662696,0.150705,-0.9063383,-0.3947642,0.0363211,0.1292568,1.21978,1.317918,-0.2479763,-3.618257,-0.1684108,0.2362538,-0.01602189,0.9568518,341.6562,28.81672,353.3307,0.3447959,-0.06401762,-0.9364918,0,0,0,1.899652,0.2673591,-2.656775,0.03017041,0.1402304,1.227949,0.8878548,-0.1102365,-0.4467232,-0.04891423,0.9427623,-0.3298587,0.4575163,0.3147178,0.8316439,static,31.06134,27.75542,1.407461,6.514893,30.21765270083805,39.26455759292266
05/11/2023 12:33:15.842803,904,True,True,True,True,Eyes,1.329781,-0.2461032,-3.612783,0.4701206,0.4116158,0.7807426,1.215466,1.901197,0.2542019,-2.663816,0.1029297,-0.8769802,-0.4693733,0.035763,0.1306092,1.21862,1.318011,-0.2480733,-3.618272,-0.1682249,0.2363684,-0.01605081,0.9568558,341.6786,28.82812,353.3312,0.344788,-0.06399694,-0.9364962,0,0,0,1.899652,0.2673591,-2.656775,0.02979422,0.1407698,1.227905,0.8877447,-0.1102427,-0.4469405,-0.04880947,0.9428855,-0.3295217,0.4577411,0.314346,0.8316608,static,31.05405,27.79867,1.389967,6.539967,30.21173797524625,39.30824149692107
05/11/2023 12:33:15.863172,905,True,True,True,True,Eyes,1.329817,-0.2460542,-3.61289,0.4699257,0.4121876,0.7805583,1.214763,1.900665,0.2546561,-2.664696,0.06750648,-0.8465919,-0.5279441,0.03519574,0.1318717,1.217745,1.318011,-0.2481026,-3.618258,-0.1680037,0.2365664,-0.01603288,0.9568459,341.7043,28.84834,353.3366,0.3447809,-0.06397694,-0.9365002,0,0,0,1.899652,0.2673591,-2.656775,0.02935353,0.1412934,1.227857,0.8875586,-0.11017,-0.447328,-0.04880604,0.9430354,-0.3290929,0.4581023,0.3139216,0.8316222,static,31.04954,27.83709,1.36947,6.564334,30.208463189535273,39.3470600516781
05/11/2023 12:33:15.882542,906,True,True,True,True,Eyes,1.329849,-0.2460101,-3.612989,0.4697532,0.4127147,0.7803835,1.214222,1.900234,0.2551173,-2.66543,0.03873321,-0.815914,-0.5768745,0.03433025,0.13313,1.2168,1.318104,-0.2479837,-3.618068,-0.1677529,0.2368748,-0.01611922,0.956812,341.737,28.8834,353.3288,0.3447745,-0.06395749,-0.9365039,0,0,0,1.899652,0.2673591,-2.656775,0.02858755,0.14186,1.227567,0.8872609,-0.110319,-0.4478814,-0.04862675,0.9431983,-0.3286525,0.4586975,0.3133796,0.8314986,static,31.04591,27.87263,1.334062,6.591972,30.205979539480815,39.382972343694334
05/11/2023 12:33:15.898094,907,True,True,True,True,Eyes,1.329871,-0.2459731,-3.613076,0.4695812,0.4131721,0.780245,1.213808,1.899853,0.2555384,-2.666009,0.01335014,-0.7879701,-0.6155686,0.0338504,0.1344967,1.216192,1.318037,-0.2480533,-3.617977,-0.1674463,0.2370882,-0.01607219,0.9568138,341.7714,28.90355,353.3401,0.3447686,-0.06393868,-0.9365073,0,0,0,1.899652,0.2673591,-2.656775,0.02823079,0.1426288,1.227476,0.8870617,-0.1101553,-0.4483161,-0.04864288,0.9434069,-0.3280508,0.459081,0.3128087,0.8315018,static,31.04113,27.90307,1.317517,6.627865,30.202169891894933,39.41372007089427
05/11/2023 12:33:15.912782,908,True,True,True,True,Eyes,1.329893,-0.2459312,-3.613157,0.4694108,0.4135887,0.7801268,1.213457,1.899503,0.255941,-2.666506,-0.009995533,-0.7610391,-0.6486291,0.03347984,0.1366402,1.215573,1.318113,-0.2482137,-3.617938,-0.1668506,0.2371845,-0.01609092,0.9568937,341.8393,28.90565,353.3556,0.3447631,-0.06392064,-0.9365106,0,0,0,1.899652,0.2673591,-2.656775,0.02799249,0.1442277,1.227295,0.8869692,-0.1099433,-0.4485511,-0.04835414,0.9438039,-0.3269496,0.4592902,0.3116836,0.8318088,static,31.03579,27.93056,1.306591,6.70247,30.197699165574377,39.441481153176355
05/11/2023 12:33:15.923128,909,True,True,True,True,Eyes,1.329903,-0.2458954,-3.613227,0.4691995,0.4139732,0.7800501,1.213138,1.899107,0.2563113,-2.666918,-0.03637892,-0.736123,-0.6758694,0.03361031,0.1377972,1.214951,1.318099,-0.2480474,-3.617852,-0.1665354,0.2370828,-0.01611874,0.9569734,341.8746,28.88839,353.3647,0.344758,-0.06390319,-0.9365137,0,0,0,1.899652,0.2673591,-2.656775,0.0283331,0.1448895,1.227079,0.8870638,-0.1098158,-0.4483952,-0.04811496,0.9440123,-0.3263829,0.4591325,0.311097,0.8321155,static,31.02687,27.95493,1.322718,6.734122,30.189520979785684,39.46606355804381
05/11/2023 12:33:15.942908,910,True,True,True,True,Eyes,1.329913,-0.2458612,-3.613289,0.4689919,0.4143159,0.7799929,1.212892,1.898749,0.2566591,-2.667242,-0.06022468,-0.7135245,-0.6980371,0.03381908,0.138538,1.214618,1.318122,-0.2481949,-3.617835,-0.1664579,0.2369303,-0.01601831,0.9570263,341.8794,28.8667,353.3817,0.3447531,-0.06388644,-0.9365166,0,0,0,1.899652,0.2673591,-2.656775,0.02875715,0.1451815,1.227072,0.887215,-0.1095377,-0.4481642,-0.04821793,0.9440704,-0.3261997,0.4588297,0.3110187,0.8323116,static,31.01753,27.97631,1.342514,6.747601,30.180821360158532,39.48761980519461
05/11/2023 12:33:15.963041,911,True,True,True,True,Eyes,1.32993,-0.2458319,-3.613345,0.4687572,0.4146574,0.7799526,1.212637,1.898362,0.2569968,-2.667546,-0.08599962,-0.6907086,-0.7180011,0.03387153,0.1399251,1.214076,1.318142,-0.2481928,-3.617722,-0.166115,0.2368043,-0.01614465,0.9571149,341.9205,28.84771,353.3809,0.3447484,-0.06387039,-0.9365194,0,0,0,1.899652,0.2673591,-2.656775,0.0290556,0.1461408,1.226852,0.8873262,-0.1095781,-0.4479341,-0.04776888,0.9442903,-0.3256285,0.4586616,0.310336,0.8326591,static,31.00617,27.99709,1.356685,6.792981,30.170068067984474,39.50855589016159
05/11/2023 12:33:15.982747,912,True,True,True,True,Eyes,1.329948,-0.2458007,-3.613396,0.4685375,0.4149679,0.7799193,1.212425,1.898015,0.2573169,-2.667802,-0.1091486,-0.6692842,-0.7349457,0.03349429,0.1411566,1.213588,1.318289,-0.2482723,-3.617612,-0.1658272,0.2368295,-0.01619436,0.9571577,341.9543,28.84685,353.384,0.3447441,-0.06385508,-0.9365221,0,0,0,1.899652,0.2673591,-2.656775,0.02890712,0.1469782,1.226633,0.8872991,-0.1095467,-0.4479954,-0.04754442,0.9444782,-0.3251162,0.4587373,0.309775,0.8328262,static,30.9954,28.01588,1.349995,6.832743,30.159843248793592,39.52748370791834
05/11/2023 12:33:15.993046,913,True,True,True,True,Eyes,1.329972,-0.2457739,-3.613442,0.4683148,0.4152726,0.779891,1.212242,1.897683,0.2576371,-2.668025,-0.1312796,-0.6481622,-0.750101,0.03314471,0.1420618,1.213172,1.318321,-0.248191,-3.617522,-0.1656121,0.2368741,-0.01628298,0.9571824,341.9813,28.85024,353.38,0.3447402,-0.06384042,-0.9365245,0,0,0,1.899652,0.2673591,-2.656775,0.02878481,0.1474984,1.226454,0.887251,-0.10963,-0.4480702,-0.04728688,0.9446149,-0.3247561,0.4588569,0.309328,0.8329266,static,30.98429,28.03419,1.344482,6.85769,30.14926027056604,39.54592390368959
05/11/2023 12:33:16.012588,914,True,True,True,True,Eyes,1.329996,-0.245744,-3.613484,0.4681043,0.4155584,0.7798651,1.212073,1.897372,0.2579431,-2.668231,-0.1519952,-0.6275842,-0.7635676,0.03267223,0.1433983,1.212746,1.318391,-0.2482463,-3.617408,-0.1652855,0.2369415,-0.01645329,0.9572193,342.0232,28.85594,353.3698,0.3447369,-0.06382644,-0.9365266,0,0,0,1.899652,0.2673591,-2.656775,0.02852684,0.1484735,1.226243,0.887176,-0.1098248,-0.4481709,-0.04682716,0.94482,-0.3242258,0.4590488,0.308632,0.833079,static,30.97376,28.05134,1.332667,6.903768,30.139223051599274,39.56319502530971
05/11/2023 12:33:16.022986,915,True,True,True,True,Eyes,1.330015,-0.2457171,-3.613521,0.4678889,0.4158859,0.7798198,1.21192,1.897059,0.2583033,-2.668442,-0.1729285,-0.6038945,-0.7780791,0.03240541,0.1439537,1.212423,1.318383,-0.2481433,-3.61733,-0.1651552,0.2370303,-0.01630772,0.9572224,342.0342,28.86217,353.389,0.3447342,-0.06381302,-0.9365286,0,0,0,1.899652,0.2673591,-2.656775,0.02848244,0.1486093,1.226127,0.8871014,-0.1095138,-0.4483947,-0.04707332,0.9449157,-0.3239113,0.4591679,0.3084496,0.8330808,static,30.96359,28.07146,1.330718,6.910665,30.129646194506776,39.583471681468865
05/11/2023 12:33:16.042609,916,True,True,True,True,Eyes,1.330034,-0.2456903,-3.613551,0.4676761,0.4161925,0.7797839,1.211769,1.89675,0.2586389,-2.668633,-0.1934625,-0.5812278,-0.790409,0.03226852,0.1438414,1.212269,1.318359,-0.2481971,-3.617268,-0.165345,0.2370557,-0.01611595,0.9571865,342.0076,28.86517,353.4044,0.3447319,-0.06380016,-0.9365303,0,0,0,1.899652,0.2673591,-2.656775,0.02857244,0.1480982,1.226172,0.8870897,-0.1092439,-0.4484837,-0.04754002,0.9448026,-0.3241728,0.4591424,0.3088913,0.8329313,static,30.95326,28.09009,1.334873,6.886875,30.119859129289416,39.602240647927474
05/11/2023 12:33:16.062789,917,True,True,True,True,Eyes,1.330051,-0.2456679,-3.613571,0.4674524,0.416483,0.7797629,1.211634,1.896432,0.2589571,-2.668784,-0.214624,-0.5598975,-0.800282,0.03232434,0.1445159,1.211934,1.318356,-0.2481743,-3.61713,-0.1652167,0.2369775,-0.01606865,0.9572289,342.02,28.85267,353.4155,0.34473,-0.06378785,-0.9365318,0,0,0,1.899652,0.2673591,-2.656775,0.02888057,0.1484118,1.226011,0.8871669,-0.109068,-0.4483738,-0.04754251,0.9448905,-0.3239161,0.458993,0.3086845,0.8330902,static,30.94185,28.10734,1.349441,6.902218,30.10893915163191,39.61960701775647
05/11/2023 12:33:16.072650,918,True,True,True,True,Eyes,1.330066,-0.2456433,-3.613586,0.4672297,0.4167385,0.7797599,1.211518,1.896123,0.259243,-2.668893,-0.2351891,-0.5408512,-0.807568,0.03241572,0.1457803,1.211552,1.318382,-0.248263,-3.616951,-0.1648897,0.2368669,-0.0160827,0.9573124,342.0563,28.83395,353.4267,0.3447285,-0.06377615,-0.9365332,0,0,0,1.899652,0.2673591,-2.656775,0.02923173,0.1493659,1.225771,0.8872708,-0.1089061,-0.4482075,-0.04732148,0.9451056,-0.3233207,0.4588149,0.3080829,0.833411,static,30.92991,28.12203,1.366109,6.947503,30.09740115523369,39.63438129365287
05/11/2023 12:33:16.098625,919,True,True,True,True,Eyes,1.33008,-0.2456246,-3.6136,0.466999,0.4169896,0.7797639,1.211422,1.895813,0.2595259,-2.668977,-0.2559717,-0.5222254,-0.8134857,0.03257152,0.1468771,1.211221,1.318377,-0.2481851,-3.616862,-0.1645344,0.2367448,-0.01603796,0.9574045,342.0939,28.81238,353.4457,0.3447274,-0.06376495,-0.9365344,0,0,0,1.899652,0.2673591,-2.656775,0.0296607,0.1501639,1.225564,0.8873894,-0.1086149,-0.4480434,-0.04719567,0.9453424,-0.3226456,0.4585986,0.3074581,0.8337607,static,30.9173,28.13627,1.386384,6.985429,30.08517371810533,39.64869608196981
05/11/2023 12:33:16.114471,920,True,True,True,True,Eyes,1.330091,-0.2456044,-3.613611,0.4667699,0.4172183,0.7797787,1.211332,1.895504,0.2597853,-2.669041,-0.2765213,-0.5048797,-0.8176996,0.03239965,0.1476155,1.211073,1.318438,-0.2483109,-3.616864,-0.1643744,0.2367051,-0.01596096,0.957443,342.1093,28.80359,353.4606,0.3447267,-0.06375436,-0.9365354,0,0,0,1.899652,0.2673591,-2.656775,0.0297645,0.1506266,1.22553,0.8874319,-0.10838,-0.4480162,-0.04725311,0.9454526,-0.3223144,0.4585105,0.3072022,0.8339035,static,30.90444,28.14888,1.391272,7.006929,30.07264083953394,39.66136101862605
05/11/2023 12:33:16.123006,921,True,True,True,True,Eyes,1.330108,-0.245586,-3.613615,0.4665272,0.4174602,0.7797945,1.211243,1.895185,0.2600596,-2.669095,-0.2977866,-0.4865982,-0.8213071,0.03249639,0.1483133,1.210897,1.318371,-0.2482588,-3.616841,-0.1641512,0.2366295,-0.01581818,0.9575023,342.1296,28.78826,353.4857,0.3447261,-0.06374428,-0.9365363,0,0,0,1.899652,0.2673591,-2.656775,0.03015378,0.1510388,1.225462,0.8875125,-0.1079779,-0.4479535,-0.04739413,0.9456084,-0.3218364,0.4583398,0.3068642,0.8341218,static,30.89079,28.16221,1.409539,7.0263,30.059336255394427,39.67474872047841
05/11/2023 12:33:16.142918,922,True,True,True,True,Eyes,1.330124,-0.2455648,-3.613617,0.4662902,0.4176919,0.7798122,1.211163,1.894877,0.2603281,-2.669137,-0.318302,-0.468649,-0.8240461,0.03262734,0.1491194,1.210518,1.318444,-0.2482689,-3.616612,-0.1639523,0.2365075,-0.01573491,0.9575679,342.1487,28.76867,353.504,0.344726,-0.06373473,-0.936537,0,0,0,1.899652,0.2673591,-2.656775,0.03057319,0.1515686,1.225176,0.8876331,-0.1076864,-0.4477845,-0.0474174,0.9457441,-0.3214337,0.4581037,0.306548,0.8343676,static,30.8774,28.1749,1.429469,7.052328,30.04627236700692,39.687491015851066
05/11/2023 12:33:16.162654,923,True,True,True,True,Eyes,1.33015,-0.245554,-3.61363,0.4660613,0.4179314,0.7798207,1.211104,1.894598,0.2606045,-2.669186,-0.3367721,-0.4500919,-0.8270441,0.03254759,0.1493771,1.210359,1.318438,-0.2481822,-3.616559,-0.1639429,0.2364502,-0.01573821,0.9575837,342.1494,28.76156,353.5051,0.3447262,-0.06372557,-0.9365374,0,0,0,1.899652,0.2673591,-2.656775,0.03075039,0.1515364,1.2251,0.8876872,-0.1076699,-0.4476813,-0.04738736,0.9457501,-0.3214206,0.458002,0.3065355,0.8344281,static,30.86473,28.18831,1.43784,7.051273,30.03395716199431,39.70096614438218
05/11/2023 12:33:16.173002,924,True,True,True,True,Eyes,1.330178,-0.2455411,-3.613637,0.4658379,0.4181756,0.7798232,1.211061,1.894336,0.2608952,-2.669224,-0.3544069,-0.4308996,-0.8298924,0.0325349,0.1503295,1.21041,1.318502,-0.2483907,-3.616742,-0.1636935,0.2363436,-0.01558654,0.9576551,342.1723,28.74189,353.5326,0.3447269,-0.06371701,-0.9365378,0,0,0,1.899652,0.2673591,-2.656775,0.03098994,0.1521964,1.225213,0.8877975,-0.1072289,-0.4475685,-0.04752278,0.945923,-0.3208914,0.4577742,0.3061563,0.8346922,static,30.85255,28.20217,1.448903,7.081031,30.022150159294803,39.71489956033829
05/11/2023 12:33:16.192975,925,True,True,True,True,Eyes,1.330216,-0.245538,-3.613652,0.4656168,0.4184117,0.7798286,1.211026,1.89409,0.2611693,-2.669259,-0.3707255,-0.4125425,-0.8320885,0.03237036,0.1501338,1.210235,1.318581,-0.2483315,-3.616601,-0.1638865,0.2363129,-0.01555771,0.9576302,342.1496,28.7408,353.5303,0.3447282,-0.06370895,-0.9365379,0,0,0,1.899652,0.2673591,-2.656775,0.03105813,0.1517124,1.225098,0.8878283,-0.1072541,-0.4475012,-0.04765993,0.9457983,-0.3212383,0.4577,0.3065324,0.8345948,static,30.8404,28.21548,1.452225,7.059393,30.010355236138835,39.728277040351614
05/11/2023 12:33:16.213023,926,True,True,True,True,Eyes,1.330254,-0.2455304,-3.613662,0.4654199,0.418616,0.7798365,1.211005,1.893879,0.2614154,-2.669276,-0.3849292,-0.3962852,-0.8335391,0.03222573,0.1512592,1.210189,1.318609,-0.2485186,-3.616645,-0.1636755,0.2361833,-0.01586676,0.9576932,342.1812,28.72672,353.5041,0.34473,-0.06370156,-0.9365377,0,0,0,1.899652,0.2673591,-2.656775,0.03112125,0.1525974,1.225087,0.8879314,-0.1077058,-0.4471883,-0.04692389,0.9459171,-0.3209968,0.4575763,0.3060069,0.8348556,static,30.82948,28.22688,1.455189,7.10022,29.999735825860753,39.73973141287504
05/11/2023 12:33:16.223036,927,True,True,True,True,Eyes,1.330305,-0.2455301,-3.613673,0.4652498,0.4188418,0.7798168,1.210984,1.893715,0.2616807,-2.669327,-0.3957613,-0.3785121,-0.8367206,0.03167519,0.1521451,1.209957,1.318621,-0.2483883,-3.616556,-0.1635365,0.2362,-0.01647051,0.9577026,342.2143,28.73665,353.4388,0.3447325,-0.06369469,-0.9365373,0,0,0,1.899652,0.2673591,-2.656775,0.03071737,0.1532157,1.22489,0.8878766,-0.1088023,-0.4470316,-0.04570691,0.9459691,-0.3210192,0.4578058,0.3054579,0.8349308,static,30.8209,28.24037,1.436544,7.12983,29.991541397069597,39.75331470408679
05/11/2023 12:33:16.242760,928,True,True,True,True,Eyes,1.33035,-0.2455283,-3.613681,0.4650949,0.4190122,0.7798177,1.210965,1.893563,0.2618806,-2.669349,-0.4057612,-0.3650528,-0.8379107,0.03139001,0.1520322,1.209881,1.318676,-0.2485123,-3.616405,-0.1637897,0.2361927,-0.01665427,0.9576578,342.1912,28.74302,353.4097,0.3447358,-0.06368844,-0.9365365,0,0,0,1.899652,0.2673591,-2.656775,0.03057796,0.1528932,1.224841,0.8878713,-0.1092701,-0.446928,-0.0454737,0.9457911,-0.3215763,0.4578392,0.3058418,0.8347719,static,30.81248,28.25006,1.430083,7.115252,29.983382828974868,39.76305666813802
05/11/2023 12:33:16.262798,929,True,True,True,True,Eyes,1.330387,-0.2455275,-3.613687,0.4649585,0.4191738,0.779812,1.210961,1.893434,0.2620758,-2.669365,-0.4145084,-0.3521383,-0.8391552,0.03129596,0.1537393,1.209672,1.318545,-0.2484643,-3.616347,-0.1632057,0.2361958,-0.01691145,0.9577523,342.2639,28.73812,353.399,0.3447397,-0.06368273,-0.9365354,0,0,0,1.899652,0.2673591,-2.656775,0.0306122,0.1544235,1.224644,0.8878511,-0.1094909,-0.446914,-0.04470303,0.9461558,-0.3206101,0.4579542,0.3046324,0.8351509,static,30.80527,28.25945,1.431913,7.186874,29.97643269841695,39.772503353002236
05/11/2023 12:33:16.273759,930,True,True,True,True,Eyes,1.330422,-0.245521,-3.613693,0.4648136,0.4193426,0.7798077,1.21096,1.893293,0.262286,-2.669378,-0.4239632,-0.3381851,-0.8401703,0.03173095,0.1550134,1.209556,1.318482,-0.2484964,-3.61635,-0.1627331,0.2360511,-0.01674687,0.9578713,342.3111,28.70994,353.4359,0.344744,-0.06367755,-0.9365342,0,0,0,1.899652,0.2673591,-2.656775,0.03119516,0.1555016,1.22454,0.8879988,-0.1089094,-0.4467626,-0.04474395,0.9464749,-0.319661,0.4576637,0.3038485,0.8355956,static,30.79756,28.2692,1.459295,7.23713,29.96899099266502,39.782310720374404
05/11/2023 12:33:16.292756,931,True,True,True,True,Eyes,1.330447,-0.2455227,-3.613701,0.4647006,0.4194947,0.7797933,1.210964,1.893183,0.2624702,-2.669399,-0.4311916,-0.3258188,-0.8413773,0.0320676,0.1546613,1.209553,1.318482,-0.2483608,-3.616362,-0.1628289,0.235955,-0.01643767,0.9578841,342.2908,28.69458,353.4702,0.3447487,-0.06367268,-0.9365328,0,0,0,1.899652,0.2673591,-2.656775,0.03164479,0.1549588,1.224549,0.8881101,-0.1083314,-0.4466819,-0.04534982,0.9464331,-0.3196996,0.457388,0.3041854,0.835624,static,30.7919,28.27831,1.480308,7.212081,29.963592298034634,39.791484616136145
05/11/2023 12:33:16.312943,932,True,True,True,True,Eyes,1.330473,-0.2455231,-3.613708,0.4646069,0.4196265,0.7797782,1.210981,1.893103,0.2626365,-2.669411,-0.4367522,-0.314911,-0.8426616,0.03177381,0.1553334,1.209712,1.318636,-0.2486107,-3.616595,-0.1626631,0.2359648,-0.0163524,0.9579113,342.307,28.69165,353.4852,0.3447534,-0.06366833,-0.9365314,0,0,0,1.899652,0.2673591,-2.656775,0.03143466,0.1554703,1.224704,0.8881064,-0.1080938,-0.4467467,-0.04543722,0.9465466,-0.3193508,0.4573865,0.3039165,0.8357227,static,30.7873,28.28629,1.470296,7.234729,29.959223653848277,39.79952297284781
05/11/2023 12:33:16.332953,933,True,True,True,True,Eyes,1.330472,-0.245519,-3.613702,0.4645579,0.4197477,0.7797422,1.210992,1.893047,0.2627921,-2.669441,-0.4404164,-0.3045226,-0.8445706,0.03121677,0.1558811,1.209637,1.318688,-0.2485751,-3.6166,-0.1624759,0.2361626,-0.01636333,0.9578942,342.3296,28.71296,353.4862,0.3447581,-0.06366438,-0.9365299,0,0,0,1.899652,0.2673591,-2.656775,0.03092453,0.1558641,1.224631,0.8879189,-0.1080901,-0.4471203,-0.0453928,0.9466677,-0.3189982,0.4577549,0.3035406,0.8356576,static,30.78581,28.29429,1.446532,7.253284,29.957987065915006,39.80760228868752
05/11/2023 12:33:16.342931,934,True,True,True,True,Eyes,1.330466,-0.2455157,-3.613698,0.4645028,0.4198748,0.7797066,1.211001,1.89298,0.2629533,-2.669472,-0.4446828,-0.2936138,-0.8461963,0.03088364,0.1561698,1.209643,1.31861,-0.2485361,-3.616602,-0.1624299,0.2362736,-0.01647839,0.9578726,342.3388,28.72769,353.4724,0.3447624,-0.06366075,-0.9365285,0,0,0,1.899652,0.2673591,-2.656775,0.03065103,0.1559891,1.224645,0.8878065,-0.1083242,-0.4472869,-0.04518741,0.94669,-0.3189611,0.4579932,0.3033875,0.8355826,static,30.78397,28.30263,1.433728,7.258955,29.95640927564341,39.81602306403775
05/11/2023 12:33:16.362904,935,True,True,True,True,Eyes,1.330448,-0.2455173,-3.613689,0.4644529,0.4199886,0.779675,1.211026,1.892913,0.2630999,-2.669482,-0.449296,-0.283921,-0.8470668,0.03113446,0.1559876,1.20975,1.318511,-0.2485539,-3.616619,-0.1625665,0.2361766,-0.01643859,0.9578741,342.3217,28.71739,353.4744,0.3447662,-0.0636574,-0.9365274,0,0,0,1.899652,0.2673591,-2.656775,0.03097615,0.1556579,1.224746,0.8879008,-0.108281,-0.44711,-0.04529659,0.9466038,-0.3192013,0.4577995,0.3036717,0.8355855,static,30.78229,28.31007,1.448809,7.243114,29.954962924053582,39.82353486551615
05/11/2023 12:33:16.382768,936,True,True,True,True,Eyes,1.330428,-0.245517,-3.613682,0.4643855,0.4200876,0.7796618,1.211044,1.89282,0.2632276,-2.669477,-0.4554129,-0.275354,-0.8466282,0.03155711,0.1561997,1.209842,1.318501,-0.2487124,-3.616676,-0.1626139,0.2359284,-0.01649151,0.9579262,342.3163,28.68873,353.4715,0.3447692,-0.06365445,-0.9365264,0,0,0,1.899652,0.2673591,-2.656775,0.03150463,0.1557457,1.224839,0.8881316,-0.1083258,-0.4466406,-0.04513516,0.9465696,-0.3193258,0.4573675,0.3037626,0.835789,static,30.77906,28.31612,1.473406,7.246618,29.95191009679985,39.82963082506526
05/11/2023 12:33:16.393028,937,True,True,True,True,Eyes,1.330404,-0.2455166,-3.61367,0.464327,0.420183,0.7796452,1.21106,1.892732,0.2633504,-2.669473,-0.4611649,-0.2671249,-0.8461508,0.0322113,0.1566858,1.209832,1.318452,-0.2486598,-3.616748,-0.1625322,0.2355403,-0.0167982,0.9580303,342.3315,28.64511,353.4462,0.3447716,-0.06365181,-0.9365257,0,0,0,1.899652,0.2673591,-2.656775,0.0322628,0.1561185,1.224828,0.8884772,-0.1087521,-0.4458489,-0.04437939,0.9466022,-0.3193349,0.4567699,0.3035083,0.8362081,static,30.77642,28.32206,1.508861,7.263839,29.94944770343013,39.83561949126025
05/11/2023 12:33:16.413201,938,True,True,True,True,Eyes,1.33038,-0.2455154,-3.613657,0.4642469,0.4202505,0.7796566,1.211079,1.89262,0.2634412,-2.669431,-0.4688552,-0.2611899,-0.843774,0.03259259,0.1570326,1.209743,1.318611,-0.2486825,-3.616766,-0.1625597,0.2351456,-0.01720355,0.9581153,342.3374,28.60412,353.4062,0.3447733,-0.06364945,-0.9365252,0,0,0,1.899652,0.2673591,-2.656775,0.03278258,0.1563903,1.224728,0.8888212,-0.1094164,-0.445,-0.04348439,0.9465568,-0.3195925,0.4561864,0.3034112,0.8365618,static,30.77171,28.32556,1.533283,7.276938,29.94482065092496,39.83912713429133
05/11/2023 12:33:16.423133,939,True,True,True,True,Eyes,1.330369,-0.2455181,-3.613651,0.4640924,0.4202865,0.7797292,1.21108,1.892422,0.2634822,-2.669337,-0.4819106,-0.2583764,-0.8372598,0.03332993,0.1579688,1.209584,1.318597,-0.2486534,-3.616756,-0.1623348,0.234612,-0.01773451,0.9582745,342.3741,28.54416,353.3625,0.3447743,-0.06364733,-0.936525,0,0,0,1.899652,0.2673591,-2.656775,0.03375661,0.1573208,1.224569,0.8892854,-0.1101604,-0.4438876,-0.04218234,0.9466658,-0.3194441,0.4554033,0.3028012,0.8372092,static,30.76098,28.32537,1.579022,7.320709,29.93401056550276,39.83886347205278
05/11/2023 12:33:16.442958,940,True,True,True,True,Eyes,1.330356,-0.2455229,-3.613642,0.4639151,0.4203237,0.7798146,1.21108,1.892195,0.2635229,-2.669224,-0.496837,-0.2555721,-0.8293588,0.03398383,0.158889,1.209467,1.318558,-0.2486798,-3.616747,-0.162132,0.2341057,-0.01825655,0.958423,342.4082,28.48773,353.3186,0.3447751,-0.06364551,-0.9365248,0,0,0,1.899652,0.2673591,-2.656775,0.03468084,0.1582404,1.224447,0.8897225,-0.110907,-0.4428245,-0.04091703,0.9467599,-0.3193299,0.4546644,0.302234,0.8378156,static,30.7486,28.32487,1.622394,7.363761,29.921528910967226,39.83827534994342
05/11/2023 12:33:16.462798,941,True,True,True,True,Eyes,1.330346,-0.2455289,-3.613641,0.4636956,0.4203512,0.7799303,1.211102,1.891929,0.2635592,-2.669066,-0.5146955,-0.2532267,-0.8191245,0.03475317,0.1590117,1.209415,1.318516,-0.2487329,-3.616659,-0.162179,0.2336405,-0.01840441,0.9585257,342.4039,28.43418,353.3089,0.3447756,-0.06364401,-0.9365247,0,0,0,1.899652,0.2673591,-2.656775,0.03577408,0.1583689,1.224372,0.8901469,-0.1110654,-0.4419311,-0.04050096,0.9467185,-0.3195055,0.4538703,0.3023055,0.8382202,static,30.73295,28.32289,1.673609,7.370119,29.90570598079153,39.83616891369468
05/11/2023 12:33:16.482766,942,True,True,True,True,Eyes,1.33034,-0.2455363,-3.613632,0.4634511,0.4203986,0.7800501,1.211132,1.891641,0.263622,-2.668889,-0.5342337,-0.249192,-0.8077733,0.03594586,0.1604708,1.209394,1.318385,-0.2487266,-3.616809,-0.1616178,0.2330154,-0.01853341,0.95877,342.466,28.3509,353.3238,0.3447758,-0.06364284,-0.9365247,0,0,0,1.899652,0.2673591,-2.656775,0.03732777,0.1598327,1.224313,0.8907207,-0.1108574,-0.4408257,-0.03978035,0.9470724,-0.3185458,0.452807,0.3012715,0.8391669,static,30.71581,28.32191,1.746336,7.437836,29.888415757200697,39.83506369914052
05/11/2023 12:33:16.498225,943,True,True,True,True,Eyes,1.33034,-0.2455555,-3.613622,0.4632098,0.4204225,0.7801805,1.211146,1.891354,0.2636375,-2.668709,-0.553023,-0.2480258,-0.7953922,0.03672674,0.1599912,1.209261,1.318473,-0.2487722,-3.616603,-0.1618357,0.2325938,-0.01835947,0.958839,342.4338,28.30011,353.3447,0.3447759,-0.06364198,-0.9365248,0,0,0,1.899652,0.2673591,-2.656775,0.03845775,0.159377,1.224153,0.8911262,-0.1104915,-0.4400975,-0.04007639,0.9469443,-0.3188893,0.4519823,0.3018081,0.8394187,static,30.69851,28.31927,1.799401,7.417823,29.87090972263757,39.83227889831372
05/11/2023 12:33:16.512815,944,True,True,True,True,Eyes,1.330341,-0.2455695,-3.61361,0.4629798,0.420364,0.7803485,1.211161,1.891085,0.263559,-2.668482,-0.5713016,-0.2533828,-0.7806482,0.03760523,0.1613202,1.209107,1.318551,-0.2490497,-3.616541,-0.1614298,0.2320193,-0.01856981,0.9590425,342.4812,28.22695,353.3442,0.3447761,-0.06364172,-0.9365248,0,0,0,1.899652,0.2673591,-2.656775,0.03968459,0.160857,1.223952,0.8916444,-0.1105281,-0.4390374,-0.03929119,0.9471912,-0.3182532,0.4510282,0.301019,0.8402149,static,30.6806,28.31079,1.857069,7.487146,29.852597016928954,39.8235848774672
05/11/2023 12:33:16.523193,945,True,True,True,True,Eyes,1.330345,-0.2455786,-3.613607,0.4627489,0.4203011,0.7805193,1.211176,1.890815,0.2634801,-2.66826,-0.5890784,-0.2585591,-0.7655938,0.0375129,0.1638486,1.208681,1.318599,-0.2489154,-3.616513,-0.1604237,0.2317935,-0.0191534,0.9592545,342.6087,28.19282,353.3134,0.3447763,-0.06364187,-0.9365247,0,0,0,1.899652,0.2673591,-2.656775,0.03992632,0.1635557,1.223485,0.8918099,-0.1111163,-0.4385526,-0.03762438,0.9477947,-0.3166537,0.4508432,0.2988952,0.841072,static,30.66256,28.30198,1.869085,7.614163,29.834142540692447,39.814556308261345
05/11/2023 12:33:16.543074,946,True,True,True,True,Eyes,1.330347,-0.245585,-3.613602,0.4625085,0.4202863,0.7806698,1.211215,1.890544,0.263472,-2.668044,-0.6071295,-0.2591077,-0.7511703,0.03769144,0.1634185,1.20886,1.318549,-0.2487863,-3.616665,-0.1604385,0.2316604,-0.01886974,0.9592898,342.5982,28.17216,353.348,0.3447767,-0.06364224,-0.9365245,0,0,0,1.899652,0.2673591,-2.656775,0.04044536,0.1631882,1.223605,0.8919547,-0.1105376,-0.438404,-0.03813139,0.9478068,-0.3165568,0.4505138,0.2990713,0.8411859,static,30.64466,28.29653,1.89318,7.59652,29.815939766300495,39.80892615769859
05/11/2023 12:33:16.563281,947,True,True,True,True,Eyes,1.330364,-0.2456001,-3.613604,0.4622687,0.4202878,0.780811,1.211257,1.890291,0.2634765,-2.667841,-0.6238554,-0.2587329,-0.7374699,0.03787783,0.1618552,1.20907,1.318541,-0.2487428,-3.616638,-0.1609495,0.2315695,-0.01841448,0.9592351,342.5275,28.16176,353.3858,0.344777,-0.06364275,-0.9365243,0,0,0,1.899652,0.2673591,-2.656775,0.04095182,0.1616554,1.223757,0.892073,-0.1098696,-0.4383314,-0.03921432,0.9475124,-0.3173051,0.4501867,0.3002482,0.8409417,static,30.62709,28.29229,1.916631,7.525067,29.79810914143024,39.80452170654981
05/11/2023 12:33:16.582743,948,True,True,True,True,Eyes,1.330384,-0.2456149,-3.613602,0.4620355,0.420292,0.7809468,1.211315,1.890054,0.2634911,-2.66763,-0.6399833,-0.2579141,-0.7238105,0.03777316,0.1621294,1.209128,1.318602,-0.2489146,-3.616622,-0.160875,0.231482,-0.01834789,0.9592699,342.5334,28.1488,353.3974,0.3447778,-0.06364358,-0.936524,0,0,0,1.899652,0.2673591,-2.656775,0.0411551,0.161975,1.223738,0.8921588,-0.1096805,-0.4382041,-0.03927818,0.9475651,-0.3171395,0.4500109,0.3001506,0.8410707,static,30.61005,28.28837,1.926168,7.539892,29.78082270954649,39.80044435920718
05/11/2023 12:33:16.593014,949,True,True,True,True,Eyes,1.330415,-0.2456333,-3.613602,0.4618416,0.4202858,0.7810649,1.211349,1.889867,0.2634796,-2.66746,-0.6523933,-0.258643,-0.712381,0.03759879,0.1620291,1.20909,1.318675,-0.2489237,-3.616537,-0.1608995,0.2314542,-0.01830413,0.9592733,342.5292,28.14508,353.4022,0.3447789,-0.0636447,-0.9365236,0,0,0,1.899652,0.2673591,-2.656775,0.0412223,0.1619309,1.223644,0.8921878,-0.1095991,-0.4381654,-0.03936443,0.9475526,-0.3171664,0.4499459,0.3002201,0.8410806,static,30.59571,28.2844,1.929459,7.538435,29.766253206022164,39.796334456366004
05/11/2023 12:33:16.613037,950,True,True,True,True,Eyes,1.330449,-0.245652,-3.613604,0.4616693,0.4202548,0.7811834,1.211373,1.889703,0.2634332,-2.6673,-0.6630226,-0.2616125,-0.7013987,0.03700671,0.1625133,1.209002,1.31878,-0.2489842,-3.61648,-0.1607213,0.2315499,-0.0184411,0.9592775,342.5536,28.15615,353.3903,0.3447806,-0.06364617,-0.9365228,0,0,0,1.899652,0.2673591,-2.656775,0.04083824,0.1625098,1.223512,0.8920891,-0.1098103,-0.4383135,-0.03904978,0.9476572,-0.3168927,0.450169,0.2998126,0.8411066,static,30.58254,28.27901,1.911703,7.56588,29.752814951953766,39.79079651257361
05/11/2023 12:33:16.622549,951,True,True,True,True,Eyes,1.330497,-0.2456697,-3.613612,0.4615485,0.4202129,0.7812772,1.211389,1.889612,0.2633716,-2.667181,-0.6693429,-0.2658207,-0.6937719,0.03638473,0.1632188,1.208949,1.318871,-0.2489994,-3.616524,-0.16045,0.2316487,-0.01870855,0.959294,342.5923,28.16825,353.3663,0.3447829,-0.06364795,-0.9365219,0,0,0,1.899652,0.2673591,-2.656775,0.04033849,0.1633184,1.223418,0.8919778,-0.1102301,-0.4384347,-0.03844205,0.9478115,-0.3165051,0.4504418,0.2991698,0.8411894,static,30.57296,28.27376,1.888469,7.603659,29.74299601153502,39.785424067077884
05/11/2023 12:33:16.648943,952,True,True,True,True,Eyes,1.330548,-0.2456894,-3.61362,0.4614502,0.420181,0.7813525,1.211393,1.889545,0.2633149,-2.667095,-0.6737792,-0.2695971,-0.6879963,0.03567722,0.1631565,1.20891,1.318944,-0.2489319,-3.616501,-0.1604513,0.231837,-0.01887169,0.959245,342.598,28.19393,353.344,0.344786,-0.06364997,-0.9365206,0,0,0,1.899652,0.2673591,-2.656775,0.03971571,0.1633365,1.223355,0.8917909,-0.1106022,-0.438721,-0.03819196,0.9477985,-0.3165745,0.450833,0.2990738,0.8410139,static,30.5652,28.26963,1.85943,7.604882,29.73504650576575,39.78119625154038
05/11/2023 12:33:16.664859,953,True,True,True,True,Eyes,1.330623,-0.2457165,-3.613641,0.4613779,0.4201389,0.7814178,1.211382,1.889528,0.2632323,-2.667045,-0.6749575,-0.2751059,-0.6846526,0.03489214,0.1627724,1.208961,1.319055,-0.248998,-3.616507,-0.1606371,0.2320417,-0.01905716,0.9591607,342.5839,28.22493,353.313,0.3447898,-0.06365225,-0.9365191,0,0,0,1.899652,0.2673591,-2.656775,0.03895226,0.1630431,1.223399,0.8915869,-0.1111067,-0.4390079,-0.03799123,0.9476651,-0.3169976,0.4512531,0.2993094,0.8407048,static,30.55917,28.26525,1.823646,7.59111,29.72883066307884,39.77672718174405
05/11/2023 12:33:16.683157,954,True,True,True,True,Eyes,1.330698,-0.245741,-3.613657,0.461337,0.4200943,0.7814659,1.211353,1.88954,0.2631416,-2.667026,-0.6739644,-0.2810767,-0.6832042,0.03416106,0.1629635,1.208963,1.319052,-0.2490957,-3.616484,-0.1606075,0.2322816,-0.0192993,0.9591028,342.5957,28.2577,353.2817,0.3447948,-0.06365494,-0.9365171,0,0,0,1.899652,0.2673591,-2.656775,0.03820011,0.1633301,1.223409,0.8913456,-0.1116324,-0.4393647,-0.03759233,0.9476655,-0.317044,0.4517631,0.2991125,0.8405009,static,30.5554,28.26124,1.788441,7.604256,29.72490256383859,39.77264730838699
05/11/2023 12:33:16.698029,955,True,True,True,True,Eyes,1.330787,-0.2457685,-3.613679,0.4613256,0.4200639,0.7814889,1.211318,1.889599,0.2630627,-2.667047,-0.6701346,-0.2863883,-0.6847637,0.0332202,0.1628997,1.20885,1.319127,-0.2490481,-3.616395,-0.1606497,0.2326095,-0.01957418,0.9590107,342.601,28.30289,353.2426,0.3448009,-0.06365791,-0.9365146,0,0,0,1.899652,0.2673591,-2.656775,0.03717709,0.1633383,1.223314,0.8910193,-0.112281,-0.4398608,-0.03719361,0.947617,-0.3172359,0.4524391,0.2990233,0.840169,static,30.55404,28.2588,1.74071,7.605219,29.723452789570388,39.77017101916564
05/11/2023 12:33:16.712883,956,True,True,True,True,Eyes,1.330875,-0.245801,-3.613701,0.4613308,0.4200202,0.7815094,1.211273,1.889673,0.2629581,-2.667079,-0.6650941,-0.2932974,-0.6867507,0.03262126,0.1627071,1.208807,1.319111,-0.2490748,-3.616308,-0.1606927,0.2329174,-0.01956647,0.9589289,342.5982,28.341,353.2365,0.3448081,-0.06366121,-0.9365117,0,0,0,1.899652,0.2673591,-2.656775,0.03647783,0.1632352,1.223299,0.8907333,-0.112382,-0.440414,-0.03733056,0.94759,-0.3173006,0.4529908,0.2990711,0.8398547,static,30.55367,28.25569,1.70801,7.600567,29.722977744785545,39.76702385606845
05/11/2023 12:33:16.732610,957,True,True,True,True,Eyes,1.330976,-0.2458353,-3.613728,0.4613075,0.4199757,0.7815471,1.211239,1.889729,0.2628559,-2.667087,-0.6614062,-0.3001559,-0.6873488,0.03210294,0.1631787,1.208772,1.319172,-0.2492278,-3.616309,-0.1604928,0.2331487,-0.01953877,0.9589067,342.6214,28.36551,353.2417,0.3448165,-0.06366494,-0.9365084,0,0,0,1.899652,0.2673591,-2.656775,0.03588763,0.1638078,1.223276,0.8905199,-0.1123091,-0.4408641,-0.03736568,0.9477206,-0.3169062,0.4534074,0.2986844,0.8397675,static,30.55119,28.252,1.680422,7.627054,29.720359067403784,39.763276153836344
05/11/2023 12:33:16.742916,958,True,True,True,True,Eyes,1.331073,-0.2458697,-3.613753,0.4612936,0.4199103,0.7815904,1.211193,1.889789,0.2627229,-2.667096,-0.6571215,-0.3088616,-0.6876014,0.03190109,0.163958,1.208593,1.319176,-0.2492367,-3.616251,-0.1601061,0.2332983,-0.01951451,0.9589354,342.665,28.37706,353.2541,0.3448261,-0.06366908,-0.9365045,0,0,0,1.899652,0.2673591,-2.656775,0.03561029,0.164722,1.223118,0.8903822,-0.1121313,-0.4411871,-0.03727864,0.9479704,-0.3161682,0.4536847,0.2979574,0.839876,static,30.54905,28.24696,1.667658,7.670094,29.718038236054163,39.75816565754896
05/11/2023 12:33:16.762878,959,True,True,True,True,Eyes,1.331166,-0.2459061,-3.613777,0.461248,0.4198254,0.7816629,1.211176,1.889818,0.2625761,-2.667046,-0.6554654,-0.3187959,-0.6846417,0.03169116,0.164568,1.208498,1.319196,-0.2492684,-3.616235,-0.1598137,0.23338,-0.01959544,0.9589627,342.7006,28.38361,353.2526,0.3448367,-0.0636736,-0.9365003,0,0,0,1.899652,0.2673591,-2.656775,0.03537643,0.1654966,1.223012,0.8902997,-0.1121772,-0.4413421,-0.03701204,0.9481512,-0.3156571,0.4538686,0.2973644,0.8399867,static,30.54424,28.23992,1.656857,7.706394,29.71296311899969,39.75101504635765
05/11/2023 12:33:16.782884,960,True,True,True,True,Eyes,1.331257,-0.2459387,-3.613801,0.4611968,0.4197163,0.7817516,1.21115,1.889836,0.2624004,-2.666983,-0.6542057,-0.3304434,-0.6803104,0.03199446,0.1657364,1.208346,1.319145,-0.2493389,-3.616207,-0.1592807,0.2333008,-0.01960921,0.9590704,342.7601,28.36556,353.2695,0.3448481,-0.06367852,-0.9364958,0,0,0,1.899652,0.2673591,-2.656775,0.03567556,0.1668669,1.222849,0.8903725,-0.1119339,-0.441257,-0.03670743,0.9484903,-0.3146726,0.4537505,0.2963732,0.8404008,static,30.53861,28.231,1.671081,7.770447,29.707000399366706,39.74195799393996
05/11/2023 12:33:16.792748,961,True,True,True,True,Eyes,1.331323,-0.2459624,-3.613814,0.4613685,0.4195802,0.7817235,1.211066,1.89007,0.2621768,-2.667095,-0.6385395,-0.3453443,-0.6877533,0.0326018,0.166452,1.208135,1.319179,-0.2492737,-3.616231,-0.1588932,0.2331574,-0.01965882,0.9591686,342.8039,28.34265,353.2788,0.3448603,-0.0636837,-0.9364909,0,0,0,1.899652,0.2673591,-2.656775,0.03600365,0.1677797,1.222689,0.8905024,-0.1118065,-0.4410271,-0.03638199,0.9487329,-0.3139779,0.4535217,0.2956435,0.8407812,static,30.54885,28.22412,1.68666,7.813434,29.717084101005824,39.73506951400484
05/11/2023 12:33:16.813227,962,True,True,True,True,Eyes,1.331387,-0.2459886,-3.613826,0.4615328,0.419463,0.7816894,1.210998,1.890302,0.2619802,-2.667202,-0.6232357,-0.3585107,-0.6950161,0.03308892,0.166373,1.208038,1.319208,-0.2491558,-3.616266,-0.1588353,0.2330371,-0.01973796,0.9592056,342.8117,28.32836,353.2738,0.3448726,-0.06368891,-0.936486,0,0,0,1.899652,0.2673591,-2.656775,0.03621835,0.1678648,1.222635,0.8906083,-0.1118946,-0.4407908,-0.03616351,0.9487635,-0.3139108,0.4533311,0.2955121,0.8409301,moving,30.55887,28.21849,1.696787,7.817694,29.726987486431568,39.72944351259734
05/11/2023 12:33:16.833174,963,True,True,True,True,Eyes,1.331437,-0.2460122,-3.613831,0.461824,0.4193882,0.7815575,1.207733,1.889197,0.2604966,-2.669918,-0.4297284,-0.2629886,-0.8638117,0.03339791,0.165483,1.20491,1.319226,-0.249248,-3.61628,-0.158998,0.2330774,-0.01962645,0.9591713,342.7907,28.33407,353.2806,0.3448851,-0.06369422,-0.9364811,0,0,0,1.895643,0.2644416,-2.65696,0.032985,0.1649196,1.219894,0.8905795,-0.1117679,-0.4408812,-0.03646742,0.9486689,-0.3141614,0.4533634,0.2958635,0.8407891,moving,30.57893,28.21826,1.548857,7.699239,29.747177920808532,39.7293446971929
05/11/2023 12:33:16.842980,964,True,True,True,True,Eyes,1.331489,-0.2460362,-3.613833,0.4620992,0.4193203,0.7814313,1.205596,1.888594,0.2594946,-2.671743,-0.1929275,-0.128211,-0.9728005,0.03385782,0.1648462,1.202796,1.319238,-0.2492537,-3.616226,-0.1590911,0.2330847,-0.01949028,0.9591567,342.7764,28.33424,353.2932,0.3448974,-0.06369958,-0.9364762,0,0,0,1.891487,0.2614176,-2.657153,0.02978683,0.1619785,1.216943,0.8905833,-0.1115519,-0.440928,-0.03677493,0.9486203,-0.3142724,0.4533309,0.2961009,0.8407231,moving,30.59793,28.21825,1.402135,7.581665,29.766308313028816,39.729461268599664
05/11/2023 12:33:16.862980,965,True,True,True,True,Eyes,1.331517,-0.2460579,-3.613825,0.4624704,0.4192266,0.7812619,1.205733,1.889133,0.2594173,-2.671832,-0.1569534,-0.1333448,-0.9785626,0.03445426,0.1647145,1.20289,1.319333,-0.2492858,-3.61619,-0.1591418,0.2330239,-0.01948819,0.9591631,342.7703,28.32761,353.2929,0.3449095,-0.06370499,-0.9364713,0,0,0,1.88742,0.2584578,-2.657341,0.02664766,0.1593119,1.214013,0.8906401,-0.1115524,-0.4408131,-0.03678298,0.9485882,-0.3143684,0.4532186,0.2962035,0.8407475,moving,30.62355,28.21809,1.257444,7.476067,29.792099307787197,39.72947030557417
05/11/2023 12:33:16.872742,966,True,True,True,True,Eyes,1.331542,-0.2460749,-3.613815,0.4628255,0.4191209,0.7811083,1.20939,1.891279,0.2608059,-2.669151,0.5254189,0.3516534,-0.7747741,0.03515971,0.1652712,1.206531,1.319295,-0.2493238,-3.616183,-0.1591111,0.2329641,-0.01955688,0.9591814,342.7752,28.32094,353.2871,0.3449212,-0.06371041,-0.9364666,0,0,0,1.883397,0.2555306,-2.657528,0.0236066,0.1569021,1.21117,0.8906906,-0.1116515,-0.4406862,-0.03661712,0.9486024,-0.3143449,0.453133,0.2961206,0.8408229,moving,30.64776,28.21676,1.116596,7.381328,29.81643204083864,39.72828688846026
05/11/2023 12:33:16.903156,967,True,True,True,True,Eyes,1.331526,-0.2460819,-3.613784,0.463214,0.4190466,0.7809179,0.0,0.0,0.0,0.0,0.0,0.0,0.0,-2.796067,-0.8512899,2.517203,1.319245,-0.2492221,-3.616141,-0.158919,0.2328988,-0.019667,0.9592269,342.7994,28.31169,353.2818,0.3449324,-0.06371573,-0.9364622,0,0,0,1.87949,0.2526874,-2.657709,0.02070141,0.1548506,1.208293,0.8907428,-0.1117543,-0.4405545,-0.03629385,0.9487159,-0.3140396,0.4530564,0.2957179,0.8410059,moving,30.67498,28.21835,0.9815398,7.303021,29.843891720119025,39.7300761170106
05/11/2023 12:33:16.914433,968,True,True,True,True,Eyes,1.331512,-0.2460931,-3.613757,0.4635711,0.4190002,0.7807308,0.0,0.0,0.0,0.0,0.0,0.0,0.0,-2.795086,-0.8525364,2.517778,1.319196,-0.2491259,-3.616101,-0.1591523,0.2327288,-0.01957286,0.9592314,342.7694,28.2932,353.2883,0.3449424,-0.06372076,-0.9364582,0,0,0,1.8754,0.2497116,-2.657898,0.01799232,0.151572,1.205428,0.8909084,-0.1116284,-0.4402514,-0.03652883,0.9485749,-0.314438,0.4527117,0.2962173,0.8410157,moving,30.70039,28.22143,0.8551383,7.166831,29.869578053737698,39.73335990023779
05/11/2023 12:33:16.922605,969,True,True,True,True,Eyes,1.331486,-0.2461046,-3.613724,0.4639227,0.4189638,0.7805414,0.0,0.0,0.0,0.0,0.0,0.0,0.0,-2.794175,-0.8541145,2.518376,1.319218,-0.2492442,-3.616169,-0.1594692,0.2325505,-0.01947224,0.959224,342.7299,28.27494,353.2931,0.3449512,-0.06372562,-0.9364546,0,0,0,1.871171,0.246634,-2.658095,0.01504984,0.1481786,1.20261,0.8910822,-0.1115258,-0.4399256,-0.0368128,0.9483808,-0.31499,0.4523465,0.2968768,0.8409797,moving,30.72556,28.22515,0.7169805,7.024252,29.895043829206266,39.73728922329516
05/11/2023 12:33:16.942643,970,True,True,True,True,Eyes,1.331463,-0.2461178,-3.613692,0.4642592,0.4189216,0.780364,0.0,0.0,0.0,0.0,0.0,0.0,0.0,-2.793925,-0.8532027,2.518918,1.319205,-0.2493022,-3.61614,-0.1594311,0.2324822,-0.01931829,0.9592501,342.7293,28.26348,353.3132,0.3449588,-0.06373036,-0.9364515,0,0,0,1.867321,0.2438327,-2.658273,0.01230031,0.1457949,1.199881,0.8911577,-0.111192,-0.4398572,-0.03706765,0.948417,-0.314851,0.452177,0.2968863,0.8410676,moving,30.74954,28.22817,0.5873343,6.927924,29.919288346813936,39.74050280258359
05/11/2023 12:33:16.962880,971,True,True,True,True,Eyes,1.331422,-0.2461253,-3.613652,0.4645992,0.4189005,0.780173,0.0,0.0,0.0,0.0,0.0,0.0,0.0,-2.794136,-0.8518571,2.519128,1.319231,-0.2493574,-3.616118,-0.1592973,0.2324945,-0.01921431,0.9592714,342.7415,28.26113,353.3292,0.3449654,-0.06373503,-0.9364488,0,0,0,1.863354,0.2409465,-2.658457,0.009203106,0.1435773,1.197031,0.8911542,-0.110935,-0.439929,-0.03720802,0.9485104,-0.3145531,0.4521722,0.2966842,0.8411414,moving,30.77414,28.23281,0.4404971,6.83964,29.944210521920418,39.7453585889538
05/11/2023 12:33:16.973372,972,True,True,True,True,Eyes,1.331377,-0.2461356,-3.613611,0.4649308,0.4188659,0.7799941,0.0,0.0,0.0,0.0,0.0,0.0,0.0,-2.794333,-0.851529,2.519048,1.319238,-0.2492899,-3.61614,-0.1592547,0.2325231,-0.019187,0.9592721,342.7456,28.26348,353.3331,0.3449708,-0.06373951,-0.9364464,0,0,0,1.859189,0.2379157,-2.65865,0.005858511,0.1409284,1.194072,0.8911297,-0.1108719,-0.4399945,-0.03724967,0.9485396,-0.31446,0.452217,0.2966143,0.8411419,moving,30.79789,28.23632,0.2811096,6.731101,29.968239606490037,39.74906610130171
05/11/2023 12:33:16.992982,973,True,True,True,True,Eyes,1.331304,-0.246138,-3.613558,0.4652563,0.4188169,0.7798263,0.0,0.0,0.0,0.0,0.0,0.0,0.0,-2.794351,-0.8507175,2.519128,1.319098,-0.2493657,-3.616064,-0.1590806,0.2325583,-0.01928044,0.9592905,342.768,28.26651,353.3273,0.3449749,-0.0637439,-0.9364446,0,0,0,1.855193,0.235008,-2.658835,0.002725512,0.1389233,1.191216,0.8910898,-0.1109821,-0.4400476,-0.03699995,0.9486433,-0.3141768,0.4523162,0.2962414,0.84122,moving,30.82095,28.23866,0.131093,6.651962,29.991535383020903,39.751585960179014
05/11/2023 12:33:17.012809,974,True,True,True,True,Eyes,1.331233,-0.2461363,-3.613504,0.4655641,0.4187791,0.7796629,0.0,0.0,0.0,0.0,0.0,0.0,0.0,-2.79454,-0.8493195,2.519368,1.319027,-0.249263,-3.616082,-0.1587913,0.2326017,-0.0193611,0.9593263,342.803,28.26848,353.3264,0.3449773,-0.06374803,-0.9364434,0,0,0,1.85093,0.231906,-2.659033,-0.0006983578,0.1368105,1.188138,0.8910431,-0.1110175,-0.4401333,-0.03672304,0.9488209,-0.3136721,0.4524308,0.2956585,0.8413635,moving,30.84291,28.24151,-0.03367703,6.56851,30.013740399989842,39.7546141744954
05/11/2023 12:33:17.022967,975,True,True,True,True,Eyes,1.331141,-0.2461311,-3.613441,0.4658313,0.4187486,0.7795196,0.0,0.0,0.0,0.0,0.0,0.0,0.0,-2.79455,-0.8491681,2.519273,1.319014,-0.2491674,-3.615999,-0.1588706,0.2325933,-0.01918995,0.9593187,342.7892,28.26593,353.3437,0.3449784,-0.06375183,-0.9364427,0,0,0,1.846909,0.2289802,-2.659219,-0.003693879,0.133899,1.185236,0.8910642,-0.110723,-0.4401647,-0.03708593,0.9487837,-0.313742,0.4523596,0.2958882,0.8413209,moving,30.86202,28.24416,-0.1785661,6.445517,30.03306921710365,39.75742115510502
05/11/2023 12:33:17.042760,976,True,True,True,True,Eyes,1.331048,-0.2461317,-3.613374,0.4660784,0.4187161,0.7793893,0.0,0.0,0.0,0.0,0.0,0.0,0.0,-2.79394,-0.849086,2.519866,1.31891,-0.2491498,-3.615961,-0.1589644,0.2324794,-0.01901291,0.9593343,342.7729,28.25067,353.3631,0.3449778,-0.06375527,-0.9364427,0,0,0,1.842903,0.2260652,-2.659405,-0.006375998,0.1310342,1.18245,0.8911836,-0.1103914,-0.4400061,-0.03743241,0.9487377,-0.3138401,0.4520956,0.2961597,0.8413674,moving,30.87962,28.2463,-0.3089469,6.323481,30.05086083673219,39.759702378036025
05/11/2023 12:33:17.062896,977,True,True,True,True,Eyes,1.330929,-0.2461247,-3.613295,0.4662953,0.4186429,0.779299,0.0,0.0,0.0,0.0,0.0,0.0,0.0,-2.793247,-0.8481488,2.520712,1.318774,-0.249287,-3.615835,-0.1588859,0.2323639,-0.01893069,0.9593769,342.7786,28.23401,353.3772,0.3449757,-0.06375853,-0.9364433,0,0,0,1.83872,0.2230213,-2.659599,-0.009188324,0.1286834,1.179476,0.8912973,-0.110162,-0.4398335,-0.03751539,0.9487938,-0.3136606,0.4518647,0.2960653,0.8415245,moving,30.89429,28.2449,-0.446335,6.226466,30.065585626625257,39.758384571794764
05/11/2023 12:33:17.073091,978,True,True,True,True,Eyes,1.330812,-0.2461158,-3.613215,0.4664872,0.4185716,0.7792224,0.0,0.0,0.0,0.0,0.0,0.0,0.0,-2.792361,-0.8469732,2.521892,1.31911,-0.2483126,-3.615643,-0.1585718,0.2321557,-0.01888979,0.95948,342.8112,28.20297,353.3957,0.3449717,-0.06376148,-0.9364446,0,0,0,1.83478,0.220154,-2.659781,-0.01186398,0.1260527,1.176018,0.8914938,-0.1098755,-0.4395067,-0.03737794,0.9489963,-0.3130637,0.4514883,0.2955222,0.8419174,moving,30.90716,28.24317,-0.5779952,6.117949,30.078487156232264,39.756721082427866
05/11/2023 12:33:17.092874,979,True,True,True,True,Eyes,1.330697,-0.2461085,-3.613136,0.4664482,0.4184426,0.7793149,0.0,0.0,0.0,0.0,0.0,0.0,0.0,-2.79141,-0.8458465,2.523135,1.319016,-0.2482582,-3.615551,-0.1584896,0.2319725,-0.01871353,0.9595414,342.8141,28.17647,353.4219,0.3449662,-0.0637641,-0.9364464,0,0,0,1.830405,0.2169709,-2.659984,-0.01464778,0.1233575,1.172874,0.8916771,-0.1094433,-0.4392426,-0.03761765,0.9490617,-0.3128368,0.4511062,0.2954727,0.8421396,moving,30.90205,28.23298,-0.7155182,6.004034,30.073006157682535,39.746383328613845
05/11/2023 12:33:17.112624,980,True,True,True,True,Eyes,1.330587,-0.2461009,-3.613052,0.4663544,0.4183206,0.7794366,0.0,0.0,0.0,0.0,0.0,0.0,0.0,-2.78943,-0.8424651,2.526148,1.318844,-0.2482737,-3.615398,-0.1583121,0.2315493,-0.01813022,0.9596841,342.8147,28.11262,353.5022,0.3449593,-0.06376645,-0.9364488,0,0,0,1.826622,0.2142178,-2.660159,-0.01605803,0.1211693,1.170161,0.8921124,-0.1081126,-0.4386879,-0.03851552,0.9492172,-0.3122552,0.4501688,0.295463,0.8426444,moving,30.89303,28.22228,-0.7862159,5.911865,30.063571449420238,39.73550381506186
05/11/2023 12:33:17.123097,981,True,True,True,True,Eyes,1.330493,-0.2460946,-3.612971,0.4659496,0.4181327,0.7797796,0.0,0.0,0.0,0.0,0.0,0.0,0.0,-2.786243,-0.8395023,2.530406,1.318831,-0.2482651,-3.615234,-0.1581348,0.2308879,-0.01760969,0.9598824,342.8155,28.02081,353.5797,0.3449512,-0.06376857,-0.9364516,0,0,0,1.822422,0.2111616,-2.660354,-0.01742703,0.1187664,1.167075,0.8927613,-0.1068293,-0.4376811,-0.03921637,0.9493666,-0.3117133,0.4488199,0.2954499,0.8433683,moving,30.86001,28.20106,-0.8554897,5.810653,30.02962490150351,39.71382691657261
05/11/2023 12:33:17.143153,982,True,True,True,True,Eyes,1.3304,-0.2460895,-3.61289,0.4655387,0.4179195,0.7801391,0.0,0.0,0.0,0.0,0.0,0.0,0.0,-2.782768,-0.8376651,2.534657,1.318869,-0.2482497,-3.615097,-0.1579417,0.2302051,-0.01737475,0.9600825,342.826,27.93082,353.6252,0.3449425,-0.06377048,-0.9364547,0,0,0,1.818446,0.2082689,-2.660538,-0.01880786,0.1166765,1.164132,0.8934075,-0.1060803,-0.4365434,-0.03935561,0.9495052,-0.3112736,0.4475201,0.2952746,0.84412,moving,30.82613,28.17789,-0.9255973,5.723423,29.99474816874968,39.690172529214536
05/11/2023 12:33:17.163105,983,True,True,True,True,Eyes,1.330325,-0.2460921,-3.612809,0.464901,0.4176801,0.7806475,0.0,0.0,0.0,0.0,0.0,0.0,0.0,-2.780398,-0.8359634,2.537643,1.318794,-0.2482668,-3.615,-0.1575063,0.229793,-0.01757684,0.9602489,342.8777,27.87717,353.6232,0.3449332,-0.06377225,-0.936458,0,0,0,1.814328,0.2052726,-2.660729,-0.02109733,0.1152461,1.161103,0.8937725,-0.106144,-0.43578,-0.03863139,0.9497656,-0.3105686,0.4468538,0.2944124,0.8447739,moving,30.77518,28.14871,-1.040954,5.668369,29.942485915643957,39.660327277807625
05/11/2023 12:33:17.182943,984,True,True,True,True,Eyes,1.33024,-0.2461001,-3.61272,0.4642595,0.4173819,0.7811885,0.0,0.0,0.0,0.0,0.0,0.0,0.0,-2.778244,-0.8358809,2.539555,1.318674,-0.2483817,-3.614704,-0.1575297,0.2294292,-0.01751924,0.9603333,342.8711,27.83231,353.6357,0.3449238,-0.06377409,-0.9364613,0,0,0,1.810136,0.2022218,-2.660923,-0.02333778,0.1127303,1.158025,0.8941107,-0.1059324,-0.4351372,-0.03863517,0.949755,-0.3106008,0.4461764,0.2945231,0.8450934,moving,30.72297,28.11518,-1.154531,5.560053,29.88881162664088,39.626075095386526
05/11/2023 12:33:17.192990,985,True,True,True,True,Eyes,1.330167,-0.2461141,-3.612634,0.4634103,0.416942,0.7819272,0.0,0.0,0.0,0.0,0.0,0.0,0.0,-2.775533,-0.8295888,2.544014,1.318337,-0.2485087,-3.614421,-0.156524,0.2289503,-0.01751172,0.9606121,342.9804,27.75839,353.6766,0.3449141,-0.06377613,-0.9364647,0,0,0,1.806066,0.1992605,-2.661112,-0.02496022,0.1126854,1.154926,0.8945503,-0.1053163,-0.4343827,-0.03802847,0.9503872,-0.3087362,0.4453467,0.2926989,0.8461641,moving,30.65317,28.06759,-1.238081,5.57267,29.816962928332515,39.57748877353688
05/11/2023 12:33:17.212866,986,True,True,True,True,Eyes,1.330092,-0.2461274,-3.612541,0.4625094,0.4164644,0.7827148,0.0,0.0,0.0,0.0,0.0,0.0,0.0,-2.771279,-0.8198557,2.55124,1.318022,-0.2485709,-3.61414,-0.155078,0.2281322,-0.01728684,0.9610452,343.1309,27.63323,353.762,0.3449045,-0.0637785,-0.9364682,0,0,0,1.801848,0.1961909,-2.661307,-0.02577159,0.1134158,1.151635,0.8953138,-0.1039834,-0.433129,-0.03752969,0.951304,-0.3059613,0.4438523,0.2901866,0.8478131,moving,30.57901,28.01641,-1.281966,5.624488,29.74060591385694,39.525243330139276
05/11/2023 12:33:17.232714,987,True,True,True,True,Eyes,1.330092,-0.2461274,-3.612541,0.4625094,0.4164644,0.7827148,0.0,0.0,0.0,0.0,0.0,0.0,0.0,-2.765943,-0.8110398,2.559457,1.317909,-0.2485721,-3.613914,-0.154037,0.2270408,-0.01661929,0.9614827,343.2222,27.4743,353.8902,0.3448948,-0.06378116,-0.9364716,0,0,0,1.797622,0.1931162,-2.661503,-0.02595553,0.1129621,1.148419,0.8963525,-0.1019037,-0.4314717,-0.03798708,0.9519928,-0.3037544,0.4417117,0.2886613,0.8494501,moving,30.57901,28.01641,-1.294727,5.617723,29.74060591385694,39.525243330139276
05/11/2023 12:33:17.243031,988,True,True,True,True,Eyes,1.330092,-0.2461274,-3.612541,0.4625094,0.4164644,0.7827148,0.0,0.0,0.0,0.0,0.0,0.0,0.0,-2.759555,-0.8012138,2.569,1.317794,-0.2486604,-3.613646,-0.1527898,0.2257634,-0.01602161,0.9619926,343.3376,27.29124,354.0196,0.3448862,-0.06378356,-0.9364746,0,0,0,1.793842,0.1903653,-2.661679,-0.02538624,0.1134028,1.14547,0.8975484,-0.09981405,-0.4294696,-0.03816336,0.9527972,-0.3011995,0.4392613,0.2867311,0.8513723,moving,30.57901,28.01641,-1.269598,5.653923,29.74060591385694,39.525243330139276
05/11/2023 12:33:17.263041,989,True,True,True,True,Eyes,1.32998,-0.2461496,-3.612403,0.4613012,0.4162729,0.7835292,0.0,0.0,0.0,0.0,0.0,0.0,0.0,-2.752896,-0.7922564,2.578532,1.317684,-0.2488562,-3.613407,-0.1514381,0.2244852,-0.01581693,0.9625086,343.4758,27.11327,354.1065,0.3448783,-0.06378572,-0.9364774,0,0,0,1.78975,0.1873875,-2.661868,-0.02533031,0.1141424,1.142327,0.8987124,-0.0984391,-0.4273473,-0.03754338,0.9536326,-0.2986223,0.4369285,0.2844197,0.8533458,moving,30.48737,27.98079,-1.270286,5.706111,29.647161460654033,39.48861493053769
05/11/2023 12:33:17.283019,990,True,True,True,True,Eyes,1.329865,-0.2461797,-3.612254,0.460072,0.415999,0.784397,0.0,0.0,0.0,0.0,0.0,0.0,0.0,-2.746819,-0.7846642,2.586885,1.317619,-0.248904,-3.613117,-0.150183,0.2233443,-0.01578599,0.962971,343.6089,26.95647,354.1677,0.3448699,-0.06378852,-0.9364803,0,0,0,1.785589,0.1843599,-2.662061,-0.02577436,0.114544,1.139051,0.8997362,-0.09748795,-0.4254067,-0.03668215,0.9543918,-0.2962952,0.4348899,0.2821923,0.8551248,moving,30.39288,27.9389,-1.296264,5.742413,29.55064075298531,39.44562757844923
05/11/2023 12:33:17.298252,991,True,True,True,True,Eyes,1.329865,-0.2461797,-3.612254,0.460072,0.415999,0.784397,0.0,0.0,0.0,0.0,0.0,0.0,0.0,-2.74074,-0.7768953,2.595059,1.317445,-0.249108,-3.612732,-0.14886,0.22224,-0.01586695,0.9634305,343.7529,26.80523,354.2169,0.3448609,-0.06379211,-0.9364833,0,0,0,1.781704,0.1815334,-2.662241,-0.02602926,0.1154801,1.135962,0.9007152,-0.09673871,-0.4235017,-0.03559189,0.9551779,-0.2938851,0.4329495,0.27978,0.8569001,moving,30.39288,27.9389,-1.312638,5.804659,29.55064075298531,39.44562757844923
05/11/2023 12:33:17.313000,992,True,True,True,True,Eyes,1.329865,-0.2461797,-3.612254,0.460072,0.415999,0.784397,0.0,0.0,0.0,0.0,0.0,0.0,0.0,-2.733709,-0.768087,2.604588,1.317341,-0.2492995,-3.612403,-0.1471594,0.2209716,-0.01625473,0.963977,343.9466,26.63392,354.2444,0.3448528,-0.06379534,-0.9364861,0,0,0,1.777416,0.1784129,-2.66244,-0.02647978,0.1171135,1.132528,0.9018146,-0.09637446,-0.421239,-0.03369772,0.9561598,-0.2909001,0.4308072,0.2765328,0.8590314,moving,30.39288,27.9389,-1.339395,5.903908,29.55064075298531,39.44562757844923
05/11/2023 12:33:17.333167,993,True,True,True,True,Eyes,1.329865,-0.2461797,-3.612254,0.460072,0.415999,0.784397,0.0,0.0,0.0,0.0,0.0,0.0,0.0,-2.726356,-0.7597061,2.614298,1.317221,-0.2495363,-3.612116,-0.145376,0.2196725,-0.0168853,0.9645335,344.1559,26.46184,354.2463,0.3448456,-0.06379824,-0.9364886,0,0,0,1.773315,0.1754289,-2.66263,-0.02686533,0.1191681,1.129256,0.9029178,-0.09644306,-0.4188534,-0.03129732,0.9571614,-0.2878585,0.4286723,0.2730215,0.8612196,moving,30.39288,27.9389,-1.362827,6.024015,29.55064075298531,39.44562757844923
05/11/2023 12:33:17.343152,994,True,True,True,True,Eyes,1.329865,-0.2461797,-3.612254,0.460072,0.415999,0.784397,0.0,0.0,0.0,0.0,0.0,0.0,0.0,-2.719802,-0.7518984,2.623061,1.317142,-0.2495143,-3.611926,-0.1437132,0.218505,-0.017427,0.9650381,344.3499,26.3063,354.252,0.344839,-0.06380086,-0.9364908,0,0,0,1.769317,0.1725198,-2.662815,-0.02749306,0.1206656,1.126086,0.9039037,-0.09643953,-0.4167223,-0.02916865,0.9580857,-0.2849931,0.4267403,0.2697616,0.8632042,moving,30.39288,27.9389,-1.398582,6.116186,29.55064075298531,39.44562757844923
05/11/2023 12:33:17.362929,995,True,True,True,True,Eyes,1.329744,-0.2462191,-3.612055,0.4584501,0.4146135,0.7860783,0.0,0.0,0.0,0.0,0.0,0.0,0.0,-2.714761,-0.7475719,2.629119,1.317048,-0.2493971,-3.611681,-0.1427486,0.2176259,-0.01775432,0.9653738,344.4616,26.19206,354.2569,0.3448331,-0.06380321,-0.9364929,0,0,0,1.765222,0.1695399,-2.663005,-0.02875769,0.1203195,1.122965,0.9046475,-0.09641071,-0.4151119,-0.02785248,0.9586152,-0.2833392,0.4252495,0.2678839,0.8645236,moving,30.25124,27.80921,-1.46695,6.115592,29.403751942949775,39.31354632886412
05/11/2023 12:33:17.383022,996,True,True,True,True,Eyes,1.329623,-0.2462616,-3.611851,0.4568636,0.4132908,0.787697,0.0,0.0,0.0,0.0,0.0,0.0,0.0,-2.711398,-0.7473127,2.632237,1.31708,-0.2492615,-3.611371,-0.1425909,0.217045,-0.01785697,0.9655261,344.4786,26.12138,354.2592,0.3448267,-0.06380672,-0.9364949,0,0,0,1.761151,0.166578,-2.663193,-0.03070623,0.1180597,1.119946,0.9051452,-0.09638003,-0.4140327,-0.02741454,0.958698,-0.283102,0.4242176,0.2675989,0.8651186,moving,30.1137,27.68521,-1.570518,6.017636,29.261178871901407,39.18724589551405
05/11/2023 12:33:17.393170,997,True,True,True,True,Eyes,1.329623,-0.2462616,-3.611851,0.4568636,0.4132908,0.787697,0.0,0.0,0.0,0.0,0.0,0.0,0.0,-2.709155,-0.7478383,2.633936,1.316941,-0.249384,-3.611076,-0.1426982,0.2166839,-0.01782318,0.9655918,344.4635,26.07877,354.2659,0.3448198,-0.06381137,-0.9364972,0,0,0,1.757227,0.1637226,-2.663375,-0.03285503,0.1154631,1.117244,0.9054608,-0.09626064,-0.4133698,-0.02742097,0.9586391,-0.2833004,0.4235431,0.2678524,0.8653706,moving,30.1137,27.68521,-1.684423,5.900361,29.261178871901407,39.18724589551405
05/11/2023 12:33:17.413307,998,True,True,True,True,Eyes,1.329623,-0.2462616,-3.611851,0.4568636,0.4132908,0.787697,0.0,0.0,0.0,0.0,0.0,0.0,0.0,-2.707484,-0.7415331,2.636868,1.31688,-0.2496066,-3.61067,-0.1419284,0.2163487,-0.01752474,0.965786,344.5402,26.02366,354.3277,0.3448136,-0.06381555,-0.9364991,0,0,0,1.753004,0.1606494,-2.663571,-0.03512782,0.1146317,1.114062,0.9057722,-0.09526233,-0.4129186,-0.02756173,0.9590984,-0.2817278,0.4228676,0.2665619,0.8660992,moving,30.1137,27.68521,-1.806012,5.874787,29.261178871901407,39.18724589551405
05/11/2023 12:33:17.423417,999,True,True,True,True,Eyes,1.329487,-0.2463155,-3.611615,0.454999,0.4116616,0.7896269,0.0,0.0,0.0,0.0,0.0,0.0,0.0,-2.704598,-0.7375196,2.640514,1.316773,-0.2495937,-3.61039,-0.1413753,0.2158237,-0.01736124,0.9659875,344.595,25.95063,354.3708,0.344808,-0.06381931,-0.9365009,0,0,0,1.748847,0.1576244,-2.663764,-0.03701109,0.1131707,1.111053,0.9062374,-0.09456573,-0.412057,-0.02748278,0.9594232,-0.2806274,0.4218749,0.2656395,0.8668664,moving,29.95141,27.53469,-1.907916,5.816034,29.09281147431188,39.03396457568009
05/11/2023 12:33:17.443231,1000,True,True,True,True,Eyes,1.329352,-0.2463761,-3.611368,0.4531613,0.4100284,0.7915311,0.0,0.0,0.0,0.0,0.0,0.0,0.0,-2.700711,-0.7337931,2.645146,1.316628,-0.2497143,-3.610156,-0.1409927,0.2151051,-0.0170069,0.9662101,344.6247,25.8538,354.434,0.3448019,-0.06382453,-0.9365028,0,0,0,1.744771,0.1546589,-2.663953,-0.03831637,0.1114405,1.108258,0.9068811,-0.09352098,-0.4108777,-0.02779206,0.9596637,-0.2797737,0.4204691,0.2651407,0.8677016,moving,29.79167,27.38503,-1.980127,5.742055,28.92703996478022,38.88156985245773
05/11/2023 12:33:17.462863,1001,True,True,True,True,Eyes,1.329204,-0.2464354,-3.611115,0.4511253,0.4083578,0.7935553,0.0,0.0,0.0,0.0,0.0,0.0,0.0,-2.697184,-0.7267438,2.650041,1.316532,-0.2499281,-3.609702,-0.1399889,0.2144562,-0.01685756,0.9665028,344.7299,25.76039,354.4901,0.3447953,-0.06383126,-0.9365048,0,0,0,1.740866,0.1518174,-2.664134,-0.03967008,0.1114132,1.105248,0.9074487,-0.09262875,-0.4098253,-0.02745722,0.9602379,-0.2778297,0.4192648,0.2633689,0.8688232,moving,29.61764,27.23002,-2.055605,5.756191,28.74670381379112,38.72367016406753
05/11/2023 12:33:17.483066,1002,True,True,True,True,Eyes,1.329062,-0.2464927,-3.610854,0.4490915,0.4066942,0.7955606,0.0,0.0,0.0,0.0,0.0,0.0,0.0,-2.69173,-0.7192762,2.657172,1.316359,-0.2499663,-3.60944,-0.1389086,0.2134536,-0.01663123,0.9668845,344.8399,25.62248,354.5625,0.3447881,-0.06383932,-0.9365069,0,0,0,1.736686,0.1487755,-2.664327,-0.04042414,0.111142,1.102235,0.908322,-0.09146201,-0.4081494,-0.02714009,0.9608557,-0.275717,0.4173903,0.261517,0.870284,moving,29.44459,27.07633,-2.100365,5.757866,28.56739790975714,38.56711173617606
05/11/2023 12:33:17.498655,1003,True,True,True,True,Eyes,1.328918,-0.246554,-3.610586,0.446884,0.4050402,0.7976448,0.0,0.0,0.0,0.0,0.0,0.0,0.0,-2.686225,-0.7122185,2.664048,1.316345,-0.2499688,-3.609011,-0.137971,0.2124234,-0.01628357,0.9672514,344.9307,25.48162,354.645,0.3447805,-0.06384855,-0.9365091,0,0,0,1.732787,0.1459382,-2.664508,-0.04092419,0.1107047,1.099237,0.9092222,-0.09011718,-0.4064405,-0.02711596,0.9613977,-0.2738234,0.4154271,0.2599873,0.8716806,moving,29.25992,26.92124,-2.132116,5.750897,28.376345917926216,38.40906021281825
05/11/2023 12:33:17.513219,1004,True,True,True,True,Eyes,1.328774,-0.2466207,-3.610322,0.4446706,0.4033678,0.7997265,0.0,0.0,0.0,0.0,0.0,0.0,0.0,-2.679709,-0.7036678,2.672338,1.316241,-0.2501092,-3.608647,-0.1367768,0.211219,-0.01598298,0.9676898,345.0508,25.31752,354.7317,0.3447725,-0.06385893,-0.9365113,0,0,0,1.72861,0.1428993,-2.664702,-0.04124776,0.1107824,1.096158,0.9102622,-0.08871281,-0.4044166,-0.02684656,0.9620733,-0.2714667,0.4131609,0.2579631,0.8733574,moving,29.0753,26.76556,-2.154988,5.770961,28.185324824923704,38.25041244061586
05/11/2023 12:33:17.532626,1005,True,True,True,True,Eyes,1.328627,-0.246688,-3.610052,0.4423552,0.4016698,0.8018624,0.0,0.0,0.0,0.0,0.0,0.0,0.0,-2.672679,-0.6951957,2.68135,1.316126,-0.250297,-3.608506,-0.1355195,0.2099212,-0.0157898,0.968152,345.1803,25.14335,354.8087,0.3447643,-0.06387049,-0.9365135,0,0,0,1.724113,0.1396267,-2.66491,-0.04178765,0.1108061,1.093089,0.9113675,-0.0874707,-0.4021917,-0.02632297,0.9627703,-0.2690361,0.410751,0.2557777,0.8751351,moving,28.88375,26.60726,-2.189292,5.788284,27.98723970309876,38.089069232944226
05/11/2023 12:33:17.548069,1006,True,True,True,True,Eyes,1.328475,-0.2467584,-3.609776,0.4400235,0.39995,0.804002,0.0,0.0,0.0,0.0,0.0,0.0,0.0,-2.665009,-0.685984,2.690831,1.315975,-0.2503524,-3.608178,-0.1341382,0.2085295,-0.01558494,0.9686484,345.3232,24.95662,354.8915,0.3447557,-0.06388313,-0.9365159,0,0,0,1.720377,0.136908,-2.665083,-0.04137361,0.111515,1.090318,0.9125451,-0.08613616,-0.3998024,-0.02575086,0.9635282,-0.2663652,0.4081645,0.2533655,0.8770448,moving,28.69152,26.44801,-2.173125,5.839764,27.788438592779734,37.92676089286466
05/11/2023 12:33:17.563141,1007,True,True,True,True,Eyes,1.328286,-0.2468304,-3.60948,0.437611,0.398247,0.8061612,0.0,0.0,0.0,0.0,0.0,0.0,0.0,-2.656518,-0.6772153,2.700824,1.315732,-0.2504856,-3.607807,-0.1328077,0.2070203,-0.01542036,0.9691579,345.461,24.7574,354.9695,0.3447468,-0.06389685,-0.9365183,0,0,0,1.716387,0.134005,-2.665268,-0.0408642,0.1120395,1.087435,0.9138097,-0.08487732,-0.3971748,-0.02509825,0.9642486,-0.263808,0.4053666,0.2510386,0.8790094,moving,28.49457,26.28956,-2.152078,5.882483,27.58491137475444,37.76523000711353
05/11/2023 12:33:17.582553,1008,True,True,True,True,Eyes,1.328094,-0.2469084,-3.609181,0.4351431,0.3965305,0.8083403,0.0,0.0,0.0,0.0,0.0,0.0,0.0,-2.64674,-0.6682636,2.712002,1.315468,-0.2506514,-3.60742,-0.1315496,0.2052782,-0.01508227,0.9697052,345.5854,24.52914,355.0685,0.3447369,-0.06391162,-0.9365209,0,0,0,1.712266,0.1310063,-2.665459,-0.03987491,0.1122968,1.084528,0.9152668,-0.08325923,-0.3941506,-0.02475782,0.9649344,-0.2613207,0.4020869,0.2489365,0.8811111,moving,28.29432,26.13021,-2.105649,5.911586,27.378031790283224,37.602767077855
05/11/2023 12:33:17.593093,1009,True,True,True,True,Eyes,1.327895,-0.246991,-3.608873,0.4325639,0.394796,0.8105705,0.0,0.0,0.0,0.0,0.0,0.0,0.0,-2.635043,-0.659465,2.724976,1.315205,-0.2508624,-3.607096,-0.130271,0.2032046,-0.01478946,0.9703189,345.7119,24.26204,355.1671,0.344726,-0.06392752,-0.9365237,0,0,0,1.708011,0.12791,-2.665657,-0.0383561,0.1125654,1.081634,0.9169783,-0.08164433,-0.3904932,-0.02424237,0.9656215,-0.2588195,0.3981998,0.2467983,0.8834746,moving,28.08677,25.96883,-2.03093,5.941373,27.163735076530855,37.43820282836387
05/11/2023 12:33:17.613065,1010,True,True,True,True,Eyes,1.327692,-0.2470801,-3.608558,0.4299092,0.3930283,0.8128387,0.0,0.0,0.0,0.0,0.0,0.0,0.0,-2.621696,-0.6492298,2.739559,1.314923,-0.251025,-3.606651,-0.1286172,0.2008712,-0.01471808,0.9710263,345.885,23.96326,355.2532,0.3447143,-0.06394454,-0.936527,0,0,0,1.704201,0.1251377,-2.665833,-0.035947,0.1140053,1.078835,0.9188683,-0.08025425,-0.3863164,-0.02308769,0.966482,-0.2556941,0.3938884,0.2438684,0.8862167,moving,27.8743,25.80496,-1.9084,6.032311,26.94440244747681,37.27108799544804
05/11/2023 12:33:17.623432,1011,True,True,True,True,Eyes,1.327467,-0.2471704,-3.608231,0.4268187,0.3911434,0.8153726,0.0,0.0,0.0,0.0,0.0,0.0,0.0,-2.607375,-0.6393123,2.754827,1.314636,-0.2512567,-3.606217,-0.1270606,0.1983747,-0.01457648,0.9717462,346.0451,23.64581,355.3462,0.3447016,-0.06396277,-0.9365304,0,0,0,1.700103,0.1221555,-2.666023,-0.03343752,0.1150747,1.07593,0.9208699,-0.07874049,-0.3818356,-0.02208193,0.9672863,-0.2527244,0.389244,0.241158,0.8890062,moving,27.63046,25.62756,-1.780053,6.104786,26.693038069113115,37.09008305745531
05/11/2023 12:33:17.648855,1012,True,True,True,True,Eyes,1.327234,-0.2472666,-3.607896,0.4236333,0.389217,0.8179517,0.0,0.0,0.0,0.0,0.0,0.0,0.0,-2.590774,-0.6292203,2.772027,1.314244,-0.2513587,-3.605793,-0.1253434,0.1955213,-0.01459323,0.9725469,346.2257,23.28687,355.4292,0.3446877,-0.06398216,-0.9365341,0,0,0,1.696042,0.1192004,-2.666211,-0.03012946,0.1164452,1.073047,0.9231169,-0.07739981,-0.3766489,-0.0206294,0.9681521,-0.2495112,0.3839656,0.2380981,0.8921208,moving,27.38053,25.44714,-1.608352,6.193402,26.435442258036154,36.90598382219153
05/11/2023 12:33:17.663244,1013,True,True,True,True,Eyes,1.327,-0.2473685,-3.607551,0.420085,0.3871782,0.8207445,0.0,0.0,0.0,0.0,0.0,0.0,0.0,-2.57297,-0.6184407,2.790173,1.313813,-0.2515796,-3.605318,-0.1235887,0.1924741,-0.01452353,0.9733801,346.408,22.90414,355.5244,0.3446727,-0.06400274,-0.9365382,0,0,0,1.692053,0.1162981,-2.666396,-0.02629161,0.1180325,1.07021,0.9254856,-0.07584909,-0.371111,-0.01930143,0.9690298,-0.2461884,0.3782908,0.2350068,0.8953591,moving,27.10491,25.25514,-1.40729,6.293664,26.15159804454317,36.71000410818888
05/11/2023 12:33:17.683000,1014,True,True,True,True,Eyes,1.32676,-0.247475,-3.607206,0.4164316,0.3850884,0.8235847,0.0,0.0,0.0,0.0,0.0,0.0,0.0,-2.55437,-0.6067264,2.808891,1.3135,-0.2517627,-3.604736,-0.1217424,0.1892852,-0.01436558,0.9742401,346.5984,22.5034,355.6325,0.3446566,-0.06402458,-0.9365426,0,0,0,1.68789,0.1132687,-2.666589,-0.02235857,0.1196427,1.067109,0.9279295,-0.0740791,-0.3653205,-0.018097,0.9699448,-0.242651,0.3723162,0.2317742,0.8986999,moving,26.82267,25.05966,-1.200313,6.397204,25.86097359124077,36.510461431226105
05/11/2023 12:33:17.698027,1015,True,True,True,True,Eyes,1.326573,-0.2475894,-3.606875,0.4125793,0.38298,0.8265014,0.0,0.0,0.0,0.0,0.0,0.0,0.0,-2.53438,-0.5945961,2.82901,1.313142,-0.2519583,-3.604456,-0.1197698,0.1858684,-0.01428881,0.975143,346.8045,22.07641,355.7359,0.3446395,-0.06404766,-0.9365473,0,0,0,1.683812,0.1103014,-2.666778,-0.0180119,0.1215364,1.064318,0.9304975,-0.07239012,-0.3590739,-0.0166556,0.970902,-0.2388971,0.3659193,0.2282738,0.9022162,moving,26.52781,24.86182,-0.969548,6.514492,25.557564530437787,36.30844828121805
05/11/2023 12:33:17.713006,1016,True,True,True,True,Eyes,1.326373,-0.2477051,-3.606534,0.4086472,0.3808704,0.8294247,0.0,0.0,0.0,0.0,0.0,0.0,0.0,-2.515212,-0.5842336,2.847448,1.312836,-0.2520601,-3.603957,-0.1182174,0.1826121,-0.01397942,0.9759519,346.9593,21.6706,355.8523,0.3446225,-0.06407203,-0.9365519,0,0,0,1.679719,0.1073235,-2.666968,-0.01393703,0.1223753,1.061385,0.9329148,-0.07046236,-0.353136,-0.01588938,0.9716584,-0.2358547,0.3597464,0.2256434,0.905355,moving,26.2289,24.66451,-0.7523064,6.577032,25.250095072951986,36.10694404057726
05/11/2023 12:33:17.732985,1017,True,True,True,True,Eyes,1.326164,-0.2478248,-3.606181,0.4046267,0.3787553,0.832359,0.0,0.0,0.0,0.0,0.0,0.0,0.0,-2.496574,-0.5754181,2.86474,1.312352,-0.2521988,-3.60345,-0.1169025,0.1795011,-0.01369904,0.9766911,347.089,21.28546,355.9567,0.3446054,-0.06409759,-0.9365565,0,0,0,1.675538,0.1042809,-2.667161,-0.01015025,0.1226679,1.058521,0.9351834,-0.0687277,-0.3474314,-0.01520879,0.9722923,-0.2332732,0.3538371,0.2234372,0.9082263,moving,25.92533,24.46736,-0.5493975,6.610297,24.937938827492985,35.90557051428028
05/11/2023 12:33:17.743510,1018,True,True,True,True,Eyes,1.325947,-0.2479436,-3.605815,0.4005251,0.3766385,0.8352982,0.0,0.0,0.0,0.0,0.0,0.0,0.0,-2.4781,-0.5654699,2.881847,1.311985,-0.2523642,-3.602886,-0.115447,0.1764126,-0.01338576,0.9774311,347.2346,20.90204,356.0667,0.3445882,-0.06412437,-0.936561,0,0,0,1.671484,0.1013306,-2.667349,-0.006408006,0.1233506,1.055609,0.9373989,-0.06689994,-0.3417715,-0.0145653,0.9729856,-0.2304059,0.347953,0.2209602,0.9111012,moving,25.61769,24.27076,-0.3478059,6.664931,24.62170270690779,35.704725987126196
05/11/2023 12:33:17.763081,1019,True,True,True,True,Eyes,1.325728,-0.2480666,-3.605437,0.3965233,0.3744513,0.8381859,0.0,0.0,0.0,0.0,0.0,0.0,0.0,-2.458688,-0.5568699,2.899154,1.31163,-0.2524527,-3.602255,-0.1141354,0.1731956,-0.01315766,0.9781632,347.3656,20.50647,356.1643,0.3445707,-0.06415223,-0.9365655,0,0,0,1.667312,0.09829491,-2.667543,-0.002573758,0.123613,1.052584,0.9396604,-0.06527618,-0.3358236,-0.01379482,0.9736,-0.2278438,0.3418306,0.2187284,0.9139528,moving,25.31758,24.07223,-0.1400983,6.698001,24.312984784638637,35.50198013476188
05/11/2023 12:33:17.782645,1020,True,True,True,True,Eyes,1.325506,-0.2481911,-3.605053,0.3924721,0.3722365,0.8410741,0.0,0.0,0.0,0.0,0.0,0.0,0.0,-2.43996,-0.5458182,2.916205,1.311376,-0.2526376,-3.601672,-0.1123704,0.1700907,-0.01311586,0.9789127,347.5528,20.12335,356.2477,0.3445531,-0.06418122,-0.93657,0,0,0,1.66347,0.09549969,-2.667721,0.001092494,0.1251697,1.049651,0.9417943,-0.06390489,-0.3300603,-0.01254775,0.9744018,-0.2244634,0.3359556,0.2155398,0.9168841,moving,25.01527,23.87288,0.05963436,6.800349,24.002024700661813,35.29839046567187
05/11/2023 12:33:17.797665,1021,True,True,True,True,Eyes,1.325318,-0.2483175,-3.604671,0.3885287,0.3700669,0.8438578,0.0,0.0,0.0,0.0,0.0,0.0,0.0,-2.422773,-0.5360047,2.931671,1.311157,-0.2527798,-3.601221,-0.1107483,0.167254,-0.01316978,0.9795854,347.727,19.77506,356.3123,0.3445352,-0.06421125,-0.9365745,0,0,0,1.659468,0.09258772,-2.667906,0.003892124,0.1262418,1.046768,0.9437053,-0.06284802,-0.324762,-0.01124432,0.9751227,-0.2213802,0.3305961,0.2125694,0.9195219,moving,24.72227,23.67946,0.2130379,6.876744,23.70063411086783,35.100859028134295
05/11/2023 12:33:17.813140,1022,True,True,True,True,Eyes,1.325129,-0.2484485,-3.604279,0.3845828,0.3678783,0.8466178,0.0,0.0,0.0,0.0,0.0,0.0,0.0,-2.407253,-0.5297371,2.944788,1.311013,-0.2528594,-3.600636,-0.1095355,0.1647267,-0.0134747,0.9801457,347.8611,19.47022,356.3345,0.344518,-0.06424226,-0.9365787,0,0,0,1.655205,0.08948519,-2.668104,0.005617142,0.1263019,1.043695,0.9453671,-0.06250117,-0.3199604,-0.009672478,0.9756408,-0.2191607,0.3258642,0.2102821,0.9217342,moving,24.43029,23.48625,0.3083615,6.900048,23.400277459934905,34.90354673429629
05/11/2023 12:33:17.822592,1023,True,True,True,True,Eyes,1.324954,-0.2485869,-3.603885,0.3808166,0.3656707,0.8492724,0.0,0.0,0.0,0.0,0.0,0.0,0.0,-2.393252,-0.5230808,2.95659,1.310843,-0.2530775,-3.600047,-0.1081598,0.1624723,-0.01403534,0.9806668,348.0196,19.19969,356.3266,0.3445013,-0.06427429,-0.9365826,0,0,0,1.651262,0.08661629,-2.668287,0.006934315,0.1271082,1.040793,0.9468116,-0.06267391,-0.3156263,-0.007617963,0.9762089,-0.2166981,0.3216985,0.2075767,0.9238084,moving,24.15163,23.29523,0.3817293,6.962843,23.113404629721458,34.708537684198774
05/11/2023 12:33:17.848156,1024,True,True,True,True,Eyes,1.324775,-0.2487303,-3.60348,0.3770583,0.363432,0.8519062,0.0,0.0,0.0,0.0,0.0,0.0,0.0,-2.380995,-0.5141056,2.967295,1.310606,-0.2533172,-3.599504,-0.1064952,0.1605071,-0.01452918,0.9811652,348.2106,18.96053,356.3278,0.3444856,-0.06430741,-0.9365861,0,0,0,1.647067,0.08356351,-2.668481,0.007499725,0.1282814,1.037779,0.9480527,-0.06269754,-0.3118735,-0.005675426,0.9768954,-0.2136429,0.3180626,0.2043147,0.9257925,moving,23.87444,23.1036,0.4140527,7.04667,22.827991808912387,34.51292163001568
05/11/2023 12:33:17.863181,1025,True,True,True,True,Eyes,1.324608,-0.2488737,-3.603077,0.3734935,0.3612304,0.8544093,0.0,0.0,0.0,0.0,0.0,0.0,0.0,-2.368678,-0.5049027,2.977828,1.310327,-0.2535595,-3.598856,-0.1049115,0.1585388,-0.01483438,0.9816512,348.3888,18.71977,356.3482,0.3444706,-0.06434168,-0.9365892,0,0,0,1.643097,0.0806749,-2.668665,0.008406997,0.1293824,1.03484,0.9492908,-0.06238944,-0.308147,-0.004140706,0.977547,-0.2106766,0.3143722,0.2012693,0.927718,moving,23.6119,22.91785,0.4654582,7.126511,22.55752357409562,34.323348854151746
05/11/2023 12:33:17.882960,1026,True,True,True,True,Eyes,1.32444,-0.2490207,-3.602668,0.3699518,0.3590225,0.8568772,0.0,0.0,0.0,0.0,0.0,0.0,0.0,-2.357345,-0.4961075,2.987651,1.310116,-0.2536446,-3.598405,-0.1033831,0.1567176,-0.01511817,0.9821013,348.5609,18.49688,356.3674,0.3444566,-0.06437697,-0.936592,0,0,0,1.638965,0.07766844,-2.668856,0.008738995,0.1300247,1.031983,0.9504221,-0.06209906,-0.3046992,-0.002708764,0.9781667,-0.207804,0.310951,0.1983269,0.9295031,moving,23.352,22.73317,0.4851783,7.181142,22.289748767709703,34.13487561780097
05/11/2023 12:33:17.893020,1027,True,True,True,True,Eyes,1.324284,-0.2491745,-3.602257,0.366643,0.3568178,0.859217,0.0,0.0,0.0,0.0,0.0,0.0,0.0,-2.347538,-0.4879645,2.996023,1.309942,-0.2538642,-3.597889,-0.1021214,0.1551386,-0.01516203,0.9824833,348.6992,18.30211,356.4055,0.3444435,-0.06441326,-0.9365943,0,0,0,1.634874,0.07469177,-2.669046,0.008668661,0.130181,1.029202,0.9514043,-0.06147883,-0.3017455,-0.001893067,0.9786827,-0.2053696,0.307939,0.1959607,0.9310065,moving,23.1088,22.55226,0.4825739,7.208906,22.038913110286423,33.950325788388454
05/11/2023 12:33:17.913000,1028,True,True,True,True,Eyes,1.324124,-0.2493316,-3.601836,0.3633575,0.3545728,0.8615391,0.0,0.0,0.0,0.0,0.0,0.0,0.0,-2.338906,-0.4794119,3.003478,1.309781,-0.2541426,-3.597372,-0.1009264,0.153743,-0.01500769,0.9828285,348.827,18.12749,356.4624,0.3444315,-0.06445065,-0.9365962,0,0,0,1.630794,0.07172266,-2.669235,0.008290738,0.1301747,1.02648,0.9522757,-0.06053342,-0.2991767,-0.001533472,0.9791773,-0.2030013,0.3052353,0.193772,0.9323539,moving,22.86777,22.36998,0.46276,7.227473,21.790217230310084,33.76440514336477
05/11/2023 12:33:17.932817,1029,True,True,True,True,Eyes,1.323967,-0.2494896,-3.601416,0.3602397,0.3523379,0.8637623,0.0,0.0,0.0,0.0,0.0,0.0,0.0,-2.330228,-0.4666656,3.011369,1.30956,-0.2543665,-3.596725,-0.09916043,0.1523409,-0.01474786,0.9832305,349.0179,17.94718,356.5419,0.3444205,-0.06448913,-0.9365976,0,0,0,1.626724,0.06876082,-2.669424,0.008088917,0.1312621,1.023522,0.9531495,-0.05921346,-0.2966475,-0.001211277,0.9798994,-0.1994885,0.3024971,0.1905017,0.933919,moving,22.63901,22.19107,0.4528006,7.308041,21.553986837306425,33.58197390562221
05/11/2023 12:33:17.943030,1030,True,True,True,True,Eyes,1.323804,-0.2496435,-3.600996,0.3571168,0.3500799,0.8659744,0.0,0.0,0.0,0.0,0.0,0.0,0.0,-2.320416,-0.4543858,3.020208,1.309325,-0.2545145,-3.596295,-0.0974156,0.1507544,-0.0145357,0.9836524,349.2069,17.74637,356.6169,0.3444103,-0.0645286,-0.9365986,0,0,0,1.622573,0.06574037,-2.669616,0.00810194,0.1321425,1.020732,0.9541237,-0.05796782,-0.2937479,-0.0007755104,0.9805978,-0.1960288,0.2994119,0.1872635,0.9355666,moving,22.41063,22.01158,0.4547689,7.3764,21.31811994314169,33.39895873088131
05/11/2023 12:33:17.962692,1031,True,True,True,True,Eyes,1.323661,-0.2497993,-3.600581,0.3540907,0.3478734,0.8681036,0.0,0.0,0.0,0.0,0.0,0.0,0.0,-2.309889,-0.4435179,3.029322,1.309072,-0.2545598,-3.595916,-0.09585763,0.149063,-0.01433421,0.9840661,349.3746,17.53509,356.6876,0.3444009,-0.06456887,-0.9365993,0,0,0,1.618605,0.06285303,-2.6698,0.008468956,0.1326567,1.018127,0.9551495,-0.05678927,-0.2906277,-0.0003660435,0.9812117,-0.1929339,0.2961238,0.1843871,0.937183,moving,22.19005,21.83736,0.4765851,7.423522,21.090280401985616,33.221324356568246
05/11/2023 12:33:17.982678,1032,True,True,True,True,Eyes,1.323515,-0.2499578,-3.600164,0.3510616,0.3456774,0.8702086,0.0,0.0,0.0,0.0,0.0,0.0,0.0,-2.299497,-0.4349405,3.037916,1.308916,-0.254725,-3.595504,-0.09469493,0.1473896,-0.01407249,0.9844345,349.4966,17.32831,356.7571,0.3443926,-0.06460989,-0.9365995,0,0,0,1.614636,0.05996535,-2.669984,0.00870198,0.1324638,1.015608,0.9561566,-0.05562098,-0.2875256,-0.0002072122,0.9816697,-0.1905902,0.292856,0.1822936,0.9386184,moving,21.97025,21.66471,0.4909126,7.431032,20.86327797124722,33.045282698325586
05/11/2023 12:33:17.993025,1033,True,True,True,True,Eyes,1.323362,-0.2501159,-3.599746,0.3481271,0.3435298,0.8722355,0.0,0.0,0.0,0.0,0.0,0.0,0.0,-2.289778,-0.426226,3.0459,1.308727,-0.2549452,-3.595066,-0.09358561,0.1458317,-0.01370107,0.9847777,349.6113,17.13462,356.8365,0.3443851,-0.06465166,-0.9365993,0,0,0,1.610607,0.05703377,-2.670171,0.008712232,0.1321288,1.013094,0.9570907,-0.05428051,-0.2846593,-0.0003104935,0.9821081,-0.1883181,0.2897882,0.1803259,0.9399496,moving,21.75796,21.49699,0.4927102,7.430632,20.6439996925952,32.874276113784404
05/11/2023 12:33:18.013030,1034,True,True,True,True,Eyes,1.323205,-0.2502729,-3.599332,0.3451746,0.341373,0.8742534,0.0,0.0,0.0,0.0,0.0,0.0,0.0,-2.27947,-0.4161118,3.054468,1.308516,-0.2551036,-3.594665,-0.09225519,0.1441817,-0.01333103,0.9851513,349.751,16.92906,356.9202,0.3443784,-0.0646941,-0.9365989,0,0,0,1.606416,0.05398393,-2.670365,0.008764058,0.1320522,1.010493,0.9580678,-0.05286918,-0.2816218,-0.0003368593,0.9826226,-0.1856148,0.2865413,0.1779265,0.9414012,moving,21.5452,21.32934,0.4969168,7.445276,20.42425048735349,32.703337176448045
05/11/2023 12:33:18.023042,1035,True,True,True,True,Eyes,1.323058,-0.2504307,-3.598923,0.3422469,0.3392969,0.8762104,0.0,0.0,0.0,0.0,0.0,0.0,0.0,-2.268552,-0.4062757,3.063506,1.308267,-0.2552273,-3.594406,-0.090915,0.1424412,-0.01303642,0.9855329,349.8931,16.71398,356.9958,0.344372,-0.06473711,-0.9365982,0,0,0,1.6024,0.05106126,-2.670551,0.009100944,0.1320758,1.00812,0.9590811,-0.05159573,-0.2783906,-0.0002044394,0.9831291,-0.1829133,0.2831314,0.1754856,0.9428899,moving,21.33557,21.16801,0.5172314,7.463918,20.207861110900417,32.538809616320805
05/11/2023 12:33:18.043145,1036,True,True,True,True,Eyes,1.322907,-0.2505863,-3.598506,0.3392873,0.3372124,0.8781639,0.0,0.0,0.0,0.0,0.0,0.0,0.0,-2.257375,-0.3980297,3.072297,1.30806,-0.2553919,-3.594013,-0.08989286,0.1406648,-0.01260616,0.9858874,349.9969,16.49562,357.0812,0.3443663,-0.06478065,-0.9365973,0,0,0,1.598339,0.0481068,-2.670739,0.009494394,0.1314484,1.005703,0.9601091,-0.05014601,-0.2750928,-0.0004330213,0.9835207,-0.1807949,0.2796256,0.173702,0.9442654,moving,21.12453,21.00665,0.5408879,7.446517,19.990051044776024,32.37424232029451
05/11/2023 12:33:18.062753,1037,True,True,True,True,Eyes,1.322761,-0.2507489,-3.598095,0.3363411,0.3351836,0.8800719,0.0,0.0,0.0,0.0,0.0,0.0,0.0,-2.245538,-0.3874393,3.081583,1.307848,-0.2554929,-3.59346,-0.08856439,0.1387884,-0.01208428,0.98628,350.134,16.26322,357.1829,0.344361,-0.06482461,-0.9365962,0,0,0,1.594281,0.04515357,-2.670928,0.01017097,0.1313689,1.003064,0.9611835,-0.04842039,-0.271628,-0.0007464468,0.9840207,-0.1780528,0.2759089,0.1713442,0.9457883,moving,20.91558,20.8498,0.5809537,7.46143,19.774493998295753,32.21424927433695
05/11/2023 12:33:18.072836,1038,True,True,True,True,Eyes,1.322611,-0.250908,-3.597687,0.3333316,0.3331319,0.8819939,0.0,0.0,0.0,0.0,0.0,0.0,0.0,-2.231758,-0.3759299,3.092477,1.307473,-0.2558123,-3.593127,-0.08718417,0.1366187,-0.0114346,0.9867136,350.2745,15.99545,357.3025,0.3443564,-0.06486914,-0.9365948,0,0,0,1.590102,0.0421126,-2.671121,0.01144359,0.1314495,1.000661,0.9624091,-0.04638731,-0.2676131,-0.001256631,0.9845363,-0.1751759,0.2716008,0.1689272,0.9474685,moving,20.70307,20.69171,0.6552076,7.48368,19.55531159085009,32.05297865817138
05/11/2023 12:33:18.092649,1039,True,True,True,True,Eyes,1.322491,-0.2510608,-3.597291,0.3303258,0.3311225,0.8838794,0.0,0.0,0.0,0.0,0.0,0.0,0.0,-2.216954,-0.3648154,3.103994,1.307233,-0.2558795,-3.592829,-0.08568749,0.1342802,-0.01103728,0.98717,350.4323,15.71026,357.3958,0.344352,-0.06491406,-0.9365933,0,0,0,1.586173,0.03925379,-2.671303,0.01302239,0.1317551,0.9982941,0.963694,-0.04480362,-0.2632234,-0.001220936,0.9850717,-0.1721404,0.2670064,0.1662121,0.9492529,moving,20.49186,20.53716,0.7473608,7.518457,19.337554798585522,31.89529620311275
05/11/2023 12:33:18.112605,1040,True,True,True,True,Eyes,1.322364,-0.2512099,-3.596888,0.3272604,0.3291662,0.8857484,0.0,0.0,0.0,0.0,0.0,0.0,0.0,-2.202037,-0.3577946,3.114885,1.306954,-0.255834,-3.59248,-0.08460809,0.1319568,-0.01097415,0.9875771,350.5482,15.43261,357.4431,0.3443486,-0.06495916,-0.9365914,0,0,0,1.582125,0.03630839,-2.671491,0.01433489,0.1311321,0.9959347,0.9649339,-0.04400488,-0.2587781,-0.0006535916,0.985442,-0.1700103,0.2624922,0.1642178,0.9508578,moving,20.27793,20.38632,0.8246242,7.500835,19.11718156636873,31.741347002283778
05/11/2023 12:33:18.133279,1041,True,True,True,True,Eyes,1.322239,-0.2513648,-3.59649,0.3242085,0.3272252,0.887588,0.0,0.0,0.0,0.0,0.0,0.0,0.0,-2.187187,-0.3541538,3.125063,1.306691,-0.2558989,-3.591977,-0.08415991,0.1296572,-0.01069859,0.987923,350.5891,15.15926,357.5041,0.3443459,-0.06500433,-0.9365893,0,0,0,1.577908,0.03323991,-2.671686,0.01550841,0.1292053,0.9935597,0.966149,-0.04296264,-0.2543819,-0.0006851271,0.9856053,-0.1690613,0.2579834,0.1635127,0.9522122,moving,20.06569,20.23731,0.8942537,7.409327,18.898570274516537,31.58925948561238
05/11/2023 12:33:18.142932,1042,True,True,True,True,Eyes,1.322101,-0.2515256,-3.596088,0.3210894,0.3252335,0.889452,0.0,0.0,0.0,0.0,0.0,0.0,0.0,-2.172081,-0.3443912,3.136177,1.306359,-0.2561864,-3.591649,-0.08287495,0.1273132,-0.01035138,0.9883401,350.7245,14.87612,357.5863,0.3443439,-0.06504972,-0.9365869,0,0,0,1.573958,0.03036581,-2.671869,0.01706602,0.1292831,0.9913177,0.9673684,-0.04156351,-0.2499418,-0.0006407975,0.9860492,-0.166453,0.2533733,0.1611815,0.9538462,moving,19.84942,20.08525,0.9862773,7.430315,18.67580073420841,31.43406107208168
05/11/2023 12:33:18.162805,1043,True,True,True,True,Eyes,1.321973,-0.2516901,-3.595693,0.317971,0.3232274,0.8913016,0.0,0.0,0.0,0.0,0.0,0.0,0.0,-2.156225,-0.3308211,3.147945,1.305957,-0.2564798,-3.591239,-0.08105814,0.1248653,-0.00995372,0.988807,350.9199,14.57832,357.6827,0.3443422,-0.06509545,-0.9365844,0,0,0,1.569552,0.02715945,-2.672074,0.01850638,0.1300801,0.9887039,0.9686192,-0.03992731,-0.2453217,-0.000558085,0.986661,-0.1627874,0.248549,0.1578159,0.9556765,moving,19.63381,19.933,1.072327,7.495145,18.453689472756864,31.278674939419073
05/11/2023 12:33:18.173219,1044,True,True,True,True,Eyes,1.321836,-0.2518629,-3.595304,0.3147832,0.321167,0.893176,0.0,0.0,0.0,0.0,0.0,0.0,0.0,-2.139903,-0.3175336,3.160009,1.305722,-0.2567155,-3.590941,-0.07931496,0.1223245,-0.009471832,0.9892706,351.1058,14.26994,357.7873,0.3443409,-0.06514159,-0.9365817,0,0,0,1.565712,0.02436531,-2.672251,0.02047651,0.1310245,0.9864101,0.969894,-0.03814474,-0.2405216,-0.0006639238,0.9872389,-0.1592452,0.2435266,0.1546106,0.9574917,moving,19.41405,19.7775,1.18921,7.566284,18.227292545652823,31.119974878532908
05/11/2023 12:33:18.192681,1045,True,True,True,True,Eyes,1.321708,-0.2520332,-3.594925,0.3116658,0.3190674,0.8950198,0.0,0.0,0.0,0.0,0.0,0.0,0.0,-2.123573,-0.3037261,3.17207,1.305406,-0.2570793,-3.590775,-0.07743488,0.1198004,-0.009147532,0.9897313,351.31,13.9649,357.8746,0.3443398,-0.0651883,-0.9365788,0,0,0,1.561704,0.02144865,-2.672437,0.02221237,0.1322516,0.9841882,0.9711283,-0.03666066,-0.2357238,-0.0004462674,0.9878403,-0.1554712,0.2385572,0.1510877,0.9593034,moving,19.19925,19.62074,1.292902,7.653353,18.005848216831815,30.960033831623274
05/11/2023 12:33:18.212963,1046,True,True,True,True,Eyes,1.321573,-0.252201,-3.594545,0.3084837,0.3169537,0.8968714,0.0,0.0,0.0,0.0,0.0,0.0,0.0,-2.107619,-0.2910257,3.183614,1.305187,-0.2571614,-3.590614,-0.07559618,0.1173342,-0.008993436,0.9901702,351.5124,13.66883,357.9401,0.3443389,-0.06523544,-0.9365758,0,0,0,1.557628,0.01848329,-2.672626,0.02359372,0.1331015,0.9819042,0.9723036,-0.0355501,-0.231002,7.002265e-05,0.9884087,-0.1518166,0.2337215,0.1475957,0.9610358,moving,18.98093,19.46337,1.376469,7.719645,17.780839565742582,30.799452509679664
05/11/2023 12:33:18.222994,1047,True,True,True,True,Eyes,1.321438,-0.2523617,-3.594169,0.3053672,0.3148187,0.898688,0.0,0.0,0.0,0.0,0.0,0.0,0.0,-2.091412,-0.2815801,3.194625,1.304908,-0.2572587,-3.590258,-0.07423577,0.114858,-0.008854717,0.9905648,351.6606,13.37415,357.9962,0.3443381,-0.0652829,-0.9365728,0,0,0,1.553553,0.01551815,-2.672815,0.02505261,0.133054,0.9795935,0.9734585,-0.03459549,-0.2262339,0.0004891942,0.9888213,-0.1491047,0.2288633,0.1450366,0.9625934,moving,18.76736,19.30583,1.464991,7.734907,17.56060799225581,30.63873096190642
05/11/2023 12:33:18.243032,1048,True,True,True,True,Eyes,1.321292,-0.2525162,-3.593794,0.3021958,0.3127097,0.9004945,0.0,0.0,0.0,0.0,0.0,0.0,0.0,-2.076049,-0.2743174,3.204857,1.304669,-0.2572343,-3.589987,-0.07305168,0.1125161,-0.008977545,0.9909202,351.7926,13.09826,358.018,0.3443373,-0.06533046,-0.9365698,0,0,0,1.549592,0.01263563,-2.672999,0.02616878,0.1326663,0.9774451,0.9745191,-0.03423105,-0.2216774,0.001353081,0.9891657,-0.146797,0.2243007,0.1427565,0.9640071,moving,18.55117,19.1503,1.533593,7.729391,17.33780463835211,30.48002436939434
05/11/2023 12:33:18.262914,1049,True,True,True,True,Eyes,1.321157,-0.2526672,-3.593421,0.299094,0.3106684,0.9022349,0.0,0.0,0.0,0.0,0.0,0.0,0.0,-2.060594,-0.2686515,3.214844,1.304289,-0.2572382,-3.589721,-0.0722208,0.1101884,-0.008872133,0.9912436,351.8815,12.82377,358.0605,0.3443364,-0.06537797,-0.9365668,0,0,0,1.545551,0.009694947,-2.673186,0.02738211,0.1314916,0.9754273,0.9755596,-0.03350468,-0.2171656,0.0016731,0.9894109,-0.145132,0.2197286,0.1412216,0.9652854,moving,18.34054,19.00023,1.60798,7.677421,17.12077948805087,30.326875761752923
05/11/2023 12:33:18.273037,1050,True,True,True,True,Eyes,1.321012,-0.2528165,-3.593051,0.2959485,0.3086688,0.9039569,0.0,0.0,0.0,0.0,0.0,0.0,0.0,-2.045564,-0.265639,3.224213,1.304107,-0.2572971,-3.589366,-0.07177904,0.1079092,-0.008786893,0.9915272,351.9264,12.55673,358.0948,0.3443355,-0.06542532,-0.9365638,0,0,0,1.541468,0.006723973,-2.673375,0.02824819,0.1295978,0.9733927,0.9765568,-0.03291612,-0.2127284,0.001933647,0.9895411,-0.1442381,0.2152513,0.1404454,0.9664068,moving,18.12805,18.85319,1.662277,7.583778,16.90198140328919,30.17677855612404
05/11/2023 12:33:18.293512,1051,True,True,True,True,Eyes,1.320863,-0.2529656,-3.592683,0.2929001,0.3066748,0.905627,0.0,0.0,0.0,0.0,0.0,0.0,0.0,-2.031168,-0.2614702,3.233206,1.303734,-0.2574059,-3.589102,-0.07120793,0.1057566,-0.008641857,0.9918016,351.9857,12.30356,358.1364,0.3443344,-0.0654725,-0.9365609,0,0,0,1.537402,0.003765192,-2.673564,0.0290608,0.1279781,0.9714923,0.9774817,-0.03220343,-0.2085484,0.002080594,0.9897095,-0.1430761,0.2110099,0.1394204,0.9674899,moving,17.92237,18.70777,1.71341,7.504565,16.69009356381258,30.02836482955499
05/11/2023 12:33:18.312893,1052,True,True,True,True,Eyes,1.320708,-0.2531149,-3.592314,0.2898173,0.3047148,0.9072788,0.0,0.0,0.0,0.0,0.0,0.0,0.0,-2.017316,-0.2556233,3.241954,1.303515,-0.2575533,-3.588828,-0.0704076,0.1036676,-0.00848392,0.9920806,352.0713,12.05701,358.1814,0.3443329,-0.0655195,-0.9365582,0,0,0,1.533163,0.0006807506,-2.67376,0.02943139,0.1267054,0.9694594,0.9783621,-0.03143144,-0.2044986,0.002235488,0.9899416,-0.141459,0.206888,0.137941,0.9685916,moving,17.71534,18.56492,1.738883,7.446181,16.476931138077887,29.882540773535123
05/11/2023 12:33:18.333200,1053,True,True,True,True,Eyes,1.320534,-0.2532648,-3.591942,0.2868855,0.3027375,0.9088711,0.0,0.0,0.0,0.0,0.0,0.0,0.0,-2.00389,-0.25099,3.250166,1.303235,-0.2577051,-3.588499,-0.06976885,0.1016615,-0.008366751,0.9923342,352.1392,11.82111,358.2188,0.3443311,-0.06556637,-0.9365556,0,0,0,1.529044,-0.002316463,-2.673951,0.02979115,0.1252215,0.967493,0.9791899,-0.03079082,-0.2005968,0.002419623,0.9901246,-0.1401692,0.2029317,0.1367669,0.9695945,moving,17.51832,18.42249,1.7637,7.374731,16.273861424420176,29.737208145086484
05/11/2023 12:33:18.343227,1054,True,True,True,True,Eyes,1.320352,-0.2534014,-3.591573,0.2839198,0.3007646,0.910456,0.0,0.0,0.0,0.0,0.0,0.0,0.0,-1.992129,-0.2429203,3.257604,1.303048,-0.2578845,-3.588193,-0.06871323,0.09989391,-0.008101755,0.9925897,352.2535,11.61049,358.2759,0.3443284,-0.06561314,-0.9365533,0,0,0,1.524922,-0.00531593,-2.674142,0.02964188,0.1245095,0.9654676,0.9799111,-0.0298115,-0.1971939,0.002355371,0.9904257,-0.1380267,0.1994207,0.1347894,0.9705994,moving,17.31976,18.28071,1.758548,7.34847,16.0692625380685,29.59252250024895
05/11/2023 12:33:18.363090,1055,True,True,True,True,Eyes,1.320148,-0.2535403,-3.591196,0.2810341,0.298824,0.9119891,0.0,0.0,0.0,0.0,0.0,0.0,0.0,-1.979136,-0.2354889,3.265606,1.302702,-0.2576951,-3.587921,-0.0676795,0.09796789,-0.007866503,0.9928544,352.3657,11.38203,358.3302,0.3443249,-0.06565949,-0.9365513,0,0,0,1.520593,-0.008465839,-2.674343,0.02973247,0.1232438,0.963403,0.9806808,-0.02888142,-0.1934709,0.002359749,0.9907152,-0.1359331,0.1956005,0.1328505,0.9716436,moving,17.12695,18.14199,1.767697,7.289996,15.870554063514918,29.450969331976324
05/11/2023 12:33:18.372829,1056,True,True,True,True,Eyes,1.319938,-0.2536868,-3.590822,0.2781225,0.2968765,0.9135164,0.0,0.0,0.0,0.0,0.0,0.0,0.0,-1.966529,-0.2313263,3.272992,1.302446,-0.2579103,-3.587525,-0.06722698,0.09609776,-0.007535865,0.9930704,352.4106,11.16136,358.3878,0.3443201,-0.06570553,-0.9365498,0,0,0,1.516499,-0.01144492,-2.674532,0.02986921,0.1214204,0.9615014,0.9814169,-0.02788802,-0.1898505,0.002046562,0.9908475,-0.1349706,0.1918769,0.1320739,0.9724915,moving,16.93301,18.00323,1.779332,7.19733,15.670706496137273,29.309368183148496
05/11/2023 12:33:18.393055,1057,True,True,True,True,Eyes,1.319721,-0.2538345,-3.590446,0.2752642,0.2949236,0.9150135,0.0,0.0,0.0,0.0,0.0,0.0,0.0,-1.954247,-0.2229001,3.28053,1.302127,-0.2582314,-3.587259,-0.06608175,0.09428131,-0.007395761,0.9933224,352.537,10.94634,358.4308,0.3443141,-0.06575151,-0.9365489,0,0,0,1.512795,-0.01413966,-2.674704,0.03023914,0.1213298,0.9597301,0.9821126,-0.0271533,-0.1863261,0.002232204,0.991157,-0.1326755,0.188281,0.1298864,0.9734885,moving,16.7429,17.86497,1.804676,7.205155,15.474731758485367,29.168298149093598
05/11/2023 12:33:18.412952,1058,True,True,True,True,Eyes,1.319498,-0.2539779,-3.590068,0.2723809,0.2929738,0.9165015,0.0,0.0,0.0,0.0,0.0,0.0,0.0,-1.942255,-0.2134469,3.287812,1.301891,-0.2584062,-3.58691,-0.06489291,0.09250292,-0.006996875,0.993571,352.6658,10.73392,358.5031,0.3443067,-0.06579746,-0.9365484,0,0,0,1.508717,-0.01710732,-2.674893,0.03019874,0.1208492,0.9577371,0.9827885,-0.02590935,-0.1829083,0.001898217,0.9914799,-0.1302459,0.1847245,0.1276569,0.9744642,moving,16.55176,17.72727,1.806015,7.191691,15.277738390774461,29.02778749501984
05/11/2023 12:33:18.423151,1059,True,True,True,True,Eyes,1.319265,-0.2541252,-3.589692,0.2695723,0.290956,0.9179735,0.0,0.0,0.0,0.0,0.0,0.0,0.0,-1.930603,-0.2042937,3.294656,1.301515,-0.2584477,-3.5865,-0.06382369,0.09080468,-0.006402001,0.9938008,352.7792,10.52999,358.5956,0.344298,-0.06584328,-0.9365483,0,0,0,1.504647,-0.02006873,-2.675082,0.03021815,0.119969,0.9557538,0.983427,-0.0243156,-0.1796663,0.001133649,0.9917711,-0.1280187,0.1813007,0.1256934,0.9753621,moving,16.36542,17.58625,1.810923,7.154517,15.085468627203914,28.88395180612738
05/11/2023 12:33:18.442993,1060,True,True,True,True,Eyes,1.319029,-0.2542739,-3.589317,0.2667361,0.2888928,0.9194525,0.0,0.0,0.0,0.0,0.0,0.0,0.0,-1.919046,-0.1918453,3.301793,1.301251,-0.2586881,-3.586252,-0.06231674,0.08910155,-0.005780277,0.9940544,352.9427,10.32444,358.6953,0.3442879,-0.0658891,-0.9365488,0,0,0,1.500484,-0.02309788,-2.675275,0.03001548,0.1200202,0.9538189,0.984055,-0.02259686,-0.1764232,0.000386786,0.9921665,-0.1249225,0.177864,0.1228624,0.9763551,moving,16.17762,17.44277,1.802431,7.171906,14.891647742197174,28.73761893813497
05/11/2023 12:33:18.462894,1061,True,True,True,True,Eyes,1.31878,-0.2544188,-3.58894,0.2639516,0.2868109,0.9209067,0.0,0.0,0.0,0.0,0.0,0.0,0.0,-1.907187,-0.1783021,3.308996,1.300976,-0.2588596,-3.585953,-0.0605904,0.08735993,-0.005271018,0.9943185,353.1326,10.11509,358.7841,0.3442765,-0.06593494,-0.9365498,0,0,0,1.496507,-0.02599212,-2.675459,0.03003369,0.1205783,0.9518502,0.9846809,-0.02106849,-0.1730884,-0.0001042034,0.9926021,-0.1214132,0.1743659,0.1195714,0.977394,moving,15.99344,17.29889,1.807252,7.219647,14.701458579962901,28.590905744059498
05/11/2023 12:33:18.482727,1062,True,True,True,True,Eyes,1.318532,-0.2545645,-3.588562,0.2611378,0.2847244,0.9223552,0.0,0.0,0.0,0.0,0.0,0.0,0.0,-1.895225,-0.1673559,3.31599,1.300738,-0.25901,-3.58562,-0.0592318,0.08560511,-0.004771545,0.9945555,353.2809,9.905569,358.8673,0.3442636,-0.06598072,-0.9365513,0,0,0,1.492216,-0.02911412,-2.675658,0.02971777,0.1201939,0.9498516,0.985298,-0.01963222,-0.1697128,-0.0006499576,0.9929377,-0.1186356,0.1708433,0.1170017,0.9783267,moving,15.80791,17.15508,1.792014,7.211859,14.509912436655592,28.44425432976709
05/11/2023 12:33:18.492793,1063,True,True,True,True,Eyes,1.318261,-0.2547118,-3.588179,0.2583646,0.2826253,0.9237806,0.0,0.0,0.0,0.0,0.0,0.0,0.0,-1.88323,-0.1577922,3.322741,1.300387,-0.2590721,-3.585239,-0.05808885,0.08386968,-0.004211828,0.9947732,353.4042,9.698701,358.9546,0.3442493,-0.06602648,-0.9365534,0,0,0,1.488153,-0.03207057,-2.675846,0.02970551,0.119464,0.9479593,0.9858963,-0.01812341,-0.1663733,-0.001364159,0.9932159,-0.116277,0.1673519,0.114864,0.9791832,moving,15.62534,17.01119,1.794849,7.182683,14.32134402179455,28.297541758843366
05/11/2023 12:33:18.512777,1064,True,True,True,True,Eyes,1.317991,-0.25486,-3.587793,0.2555695,0.2805151,0.9252003,0.0,0.0,0.0,0.0,0.0,0.0,0.0,-1.871277,-0.1479197,3.329379,1.300006,-0.2592609,-3.584842,-0.0569057,0.08214921,-0.003683327,0.9949873,353.5327,9.493963,359.0382,0.3442334,-0.06607227,-0.936556,0,0,0,1.48399,-0.03509999,-2.676039,0.0295718,0.1188678,0.9460532,0.9864759,-0.01667924,-0.1630556,-0.00201979,0.9934964,-0.1138461,0.163894,0.1126357,0.9800265,moving,15.44183,16.86699,1.790373,7.161457,14.13181892268742,28.1505094619914
05/11/2023 12:33:18.523138,1065,True,True,True,True,Eyes,1.31772,-0.2550076,-3.587408,0.2527596,0.2784382,0.9265984,0.0,0.0,0.0,0.0,0.0,0.0,0.0,-1.859828,-0.1380615,3.335709,1.299797,-0.2594211,-3.584439,-0.05562329,0.08047973,-0.003371367,0.9951973,353.6749,9.296575,359.097,0.344216,-0.06611812,-0.9365591,0,0,0,1.480269,-0.03780747,-2.676212,0.02951393,0.1187877,0.9442344,0.9870233,-0.01566344,-0.1598113,-0.002242744,0.9937894,-0.111255,0.1605615,0.1101696,0.9808581,moving,15.25805,16.72526,1.790311,7.170322,13.942103372031896,28.005972920984664
05/11/2023 12:33:18.542927,1066,True,True,True,True,Eyes,1.317447,-0.2551552,-3.587024,0.2499321,0.2763445,0.9279912,0.0,0.0,0.0,0.0,0.0,0.0,0.0,-1.848624,-0.1293181,3.341815,1.299475,-0.2595445,-3.584112,-0.05448131,0.07886515,-0.003092876,0.9953906,353.8015,9.106236,359.1498,0.3441972,-0.06616402,-0.9365628,0,0,0,1.476227,-0.04074908,-2.676399,0.02911396,0.1181681,0.9424671,0.9875414,-0.01475059,-0.1566663,-0.002436112,0.9940444,-0.1089482,0.1573403,0.1079725,0.9816241,moving,15.07357,16.58289,1.769374,7.146547,13.751661912237443,27.860784572674504
05/11/2023 12:33:18.563043,1067,True,True,True,True,Eyes,1.317171,-0.2553028,-3.586637,0.2470989,0.2742436,0.9293721,0.0,0.0,0.0,0.0,0.0,0.0,0.0,-1.837275,-0.1192238,3.348002,1.299198,-0.2596812,-3.583792,-0.05314887,0.07722542,-0.002811377,0.9955921,353.9501,8.91284,359.2045,0.3441772,-0.06620994,-0.9365669,0,0,0,1.472139,-0.04372352,-2.676588,0.02866466,0.1178801,0.9406631,0.9880567,-0.01380686,-0.1534712,-0.002610918,0.9943346,-0.1062634,0.1540689,0.105395,0.9824229,moving,14.88918,16.44053,1.745424,7.142842,13.561311401230773,27.71560693600463
05/11/2023 12:33:18.582975,1068,True,True,True,True,Eyes,1.316897,-0.2554526,-3.58625,0.2442459,0.2721464,0.9307418,0.0,0.0,0.0,0.0,0.0,0.0,0.0,-1.825926,-0.1103513,3.353914,1.29885,-0.2598185,-3.583351,-0.05204635,0.07560449,-0.002415134,0.9957758,354.0715,8.721552,359.2696,0.344156,-0.0662559,-0.9365714,0,0,0,1.467934,-0.04678342,-2.676783,0.02817334,0.1170615,0.9387975,0.9885563,-0.01267974,-0.1503188,-0.003060012,0.9945707,-0.1040182,0.1508216,0.1032878,0.9831502,moving,14.70405,16.29878,1.718932,7.107697,13.370235903288865,27.571041170713393
05/11/2023 12:33:18.593031,1069,True,True,True,True,Eyes,1.316613,-0.2556061,-3.585865,0.2413699,0.2700045,0.9321149,0.0,0.0,0.0,0.0,0.0,0.0,0.0,-1.814461,-0.1016056,3.359946,1.298621,-0.2600196,-3.582988,-0.05096191,0.07395019,-0.002035883,0.995957,354.1911,8.526757,359.3323,0.3441338,-0.06630196,-0.9365764,0,0,0,1.463711,-0.04985628,-2.676979,0.02757707,0.1162518,0.9370167,0.9890544,-0.01159259,-0.1470949,-0.003481982,0.9947975,-0.1018128,0.1475099,0.1012106,0.9838685,moving,14.51778,16.15465,1.685769,7.072311,13.17793412217515,27.424061252434626
05/11/2023 12:33:18.613348,1070,True,True,True,True,Eyes,1.31633,-0.2557625,-3.585479,0.2384775,0.2678589,0.9334774,0.0,0.0,0.0,0.0,0.0,0.0,0.0,-1.803321,-0.09039849,3.365863,1.298303,-0.2602452,-3.582716,-0.04956787,0.0723608,-0.001568729,0.9961448,354.3457,8.338716,359.407,0.3441104,-0.06634821,-0.9365817,0,0,0,1.459661,-0.05280361,-2.677167,0.02712406,0.1161362,0.9353416,0.9895229,-0.0102989,-0.1440082,-0.004048178,0.9950811,-0.09898058,0.1443192,0.09852653,0.9846139,moving,14.33095,16.01069,1.66106,7.077877,12.985074091055814,27.27724949691411
05/11/2023 12:33:18.632658,1071,True,True,True,True,Eyes,1.316041,-0.2559139,-3.585094,0.2355669,0.2657122,0.9348289,0.0,0.0,0.0,0.0,0.0,0.0,0.0,-1.792013,-0.08063015,3.371699,1.298071,-0.2604664,-3.582365,-0.04836574,0.07073867,-0.001133684,0.996321,354.4787,8.14762,359.4761,0.344086,-0.06639469,-0.9365873,0,0,0,1.455336,-0.05595061,-2.677367,0.02636307,0.1154727,0.9335686,0.9899895,-0.009101682,-0.1408472,-0.004583631,0.9953189,-0.096536,0.1410665,0.09621523,0.9853136,moving,14.14347,15.86707,1.617548,7.051078,12.791570793569747,27.13077720064671
05/11/2023 12:33:18.643082,1072,True,True,True,True,Eyes,1.315756,-0.256066,-3.584707,0.232655,0.2635798,0.9361609,0.0,0.0,0.0,0.0,0.0,0.0,0.0,-1.781414,-0.07242873,3.377061,1.297808,-0.260486,-3.582047,-0.04733178,0.06922709,-0.0007647765,0.9964772,354.5933,7.970065,359.5351,0.3440605,-0.06644128,-0.9365934,0,0,0,1.451497,-0.05874381,-2.677545,0.025861,0.1146476,0.9320041,0.990414,-0.008077449,-0.137894,-0.005029119,0.9955183,-0.09443598,0.1380388,0.09422421,0.9859346,moving,13.95642,15.72477,1.58942,7.012832,12.598543958986701,26.985642497739445
05/11/2023 12:33:18.663320,1073,True,True,True,True,Eyes,1.31548,-0.2562206,-3.584319,0.2298149,0.2614194,0.9374674,0.0,0.0,0.0,0.0,0.0,0.0,0.0,-1.771263,-0.06495154,3.382082,1.297663,-0.2606509,-3.581648,-0.04638591,0.06776626,-0.0004834383,0.9966223,354.6987,7.7991,359.5828,0.3440342,-0.06648796,-0.9365998,0,0,0,1.44752,-0.06163763,-2.677729,0.02498162,0.1137248,0.9303632,0.990815,-0.007250409,-0.1350299,-0.005323187,0.9956962,-0.09252397,0.1351196,0.09239293,0.9865122,moving,13.7741,15.5815,1.538106,6.969091,12.410247698063447,26.839558510606896
05/11/2023 12:33:18.672920,1074,True,True,True,True,Eyes,1.315205,-0.2563813,-3.583932,0.2270017,0.2592515,0.9387539,0.0,0.0,0.0,0.0,0.0,0.0,0.0,-1.762586,-0.05824807,3.386282,1.297557,-0.2608463,-3.581245,-0.04549254,0.06651497,-0.0003549181,0.9967478,354.7995,7.653264,359.6111,0.3440073,-0.0665348,-0.9366063,0,0,0,1.443364,-0.0646622,-2.677922,0.02344142,0.1126285,0.9287118,0.9911513,-0.006759397,-0.132565,-0.005344342,0.9958606,-0.09073638,0.1326296,0.09064196,0.9870124,moving,13.59384,15.43832,1.445884,6.914713,12.224028576348635,26.693579262642864
05/11/2023 12:33:18.697900,1075,True,True,True,True,Eyes,1.314922,-0.256522,-3.583546,0.2242588,0.2570109,0.9400284,0.0,0.0,0.0,0.0,0.0,0.0,0.0,-1.75496,-0.04932803,3.38996,1.297355,-0.261548,-3.580867,-0.04438022,0.06543495,-0.0001755922,0.9968694,354.925,7.526763,359.6458,0.3439799,-0.06658194,-0.936613,0,0,0,1.439215,-0.06768101,-2.678114,0.02169199,0.1124304,0.927125,0.9914364,-0.00615812,-0.1304446,-0.005457949,0.9960607,-0.08850555,0.1304758,0.0884596,0.9874973,moving,13.41802,15.29139,1.340308,6.914371,12.042156410031923,26.543837782339466
05/11/2023 12:33:18.713560,1076,True,True,True,True,Eyes,1.314646,-0.2566827,-3.583161,0.221544,0.2547793,0.9412788,0.0,0.0,0.0,0.0,0.0,0.0,0.0,-1.747937,-0.04104844,3.393214,1.29708,-0.2611831,-3.580536,-0.04313443,0.06445055,-0.000168305,0.9969884,355.0672,7.41211,359.6609,0.3439519,-0.06662883,-0.93662,0,0,0,1.43542,-0.07044241,-2.67829,0.02012845,0.1116873,0.9255748,0.9916922,-0.005895671,-0.1284984,-0.005224479,0.9962788,-0.08603072,0.1285274,0.08598734,0.9879711,moving,13.24437,15.14554,1.245813,6.880502,11.862504768080797,26.395202819375683
05/11/2023 12:33:18.722847,1077,True,True,True,True,Eyes,1.31436,-0.2568463,-3.582779,0.2188639,0.2525395,0.9425086,0.0,0.0,0.0,0.0,0.0,0.0,0.0,-1.740788,-0.03263485,3.396644,1.296946,-0.2614098,-3.580251,-0.0419987,0.06342983,-5.663699e-05,0.9971022,355.196,7.292961,359.6872,0.3439235,-0.06667601,-0.9366271,0,0,0,1.431186,-0.07352357,-2.678486,0.01807552,0.1109905,0.9240428,0.9919533,-0.005440887,-0.1264873,-0.005214994,0.9964722,-0.08376118,0.1264968,0.0837468,0.9884256,moving,13.0732,14.99972,1.120639,6.849211,11.685351177502337,26.24661472656242
05/11/2023 12:33:18.742841,1078,True,True,True,True,Eyes,1.31408,-0.2570118,-3.582402,0.2162151,0.25029,0.9437192,0.0,0.0,0.0,0.0,0.0,0.0,0.0,-1.734105,-0.02479526,3.399829,1.296759,-0.2616255,-3.580019,-0.04094379,0.06248501,5.313539e-05,0.9972059,355.3157,7.182724,359.7119,0.3438945,-0.06672353,-0.9366344,0,0,0,1.427496,-0.07620855,-2.678657,0.0164542,0.1105143,0.9227353,0.9921912,-0.005010772,-0.1246252,-0.005222721,0.9966472,-0.08165212,0.1246165,0.08166541,0.9888385,moving,12.9043,14.85382,1.021589,6.82968,11.510480568104796,26.097960876525775
05/11/2023 12:33:18.762587,1079,True,True,True,True,Eyes,1.313798,-0.2571749,-3.582028,0.2135985,0.2480406,0.9449083,0.0,0.0,0.0,0.0,0.0,0.0,0.0,-1.727437,-0.01538107,3.402982,1.29665,-0.2618237,-3.579764,-0.03966946,0.06153385,0.0001788818,0.9973164,355.4604,7.071591,359.7399,0.3438649,-0.0667714,-0.9366418,0,0,0,1.423176,-0.07935165,-2.678858,0.01415464,0.1099696,0.9212188,0.9924271,-0.004525225,-0.1227516,-0.005238832,0.9968526,-0.07910398,0.1227232,0.07914801,0.9892799,moving,12.73774,14.70843,0.8802876,6.807412,11.337982866671135,25.94983831821328
05/11/2023 12:33:18.773575,1080,True,True,True,True,Eyes,1.313524,-0.2573363,-3.581655,0.2110192,0.2458102,0.9460699,0.0,0.0,0.0,0.0,0.0,0.0,0.0,-1.720753,-0.006448269,3.406114,1.296542,-0.2619143,-3.579528,-0.03849835,0.06058484,0.0004193672,0.9974204,355.5925,6.960391,359.78,0.3438349,-0.0668195,-0.9366494,0,0,0,1.419295,-0.08217594,-2.679038,0.01230387,0.10942,0.9198548,0.9926586,-0.003828262,-0.1208894,-0.005501403,0.9970354,-0.07674724,0.1208248,0.07684888,0.9896947,moving,12.5739,14.56468,0.7663363,6.783661,11.168277930093698,25.80339219191061
05/11/2023 12:33:18.792625,1081,True,True,True,True,Eyes,1.313257,-0.2574992,-3.581288,0.2080317,0.2435508,0.947315,0.0,0.0,0.0,0.0,0.0,0.0,0.0,-1.714918,0.0002444386,3.408707,1.296492,-0.2620229,-3.579201,-0.03759498,0.05974898,0.0005262602,0.9975052,355.695,6.863097,359.8022,0.3438046,-0.06686778,-0.9366571,0,0,0,1.415168,-0.08517909,-2.679229,0.009907901,0.1082427,0.9184182,0.9928596,-0.003442629,-0.1192394,-0.005542418,0.9971727,-0.07493947,0.1191603,0.07506525,0.9900333,moving,12.38564,14.41825,0.6180832,6.721744,10.97389665436175,25.654073345752813
05/11/2023 12:33:18.812893,1082,True,True,True,True,Eyes,1.312996,-0.2576621,-3.580921,0.2051013,0.2413199,0.9485242,0.0,0.0,0.0,0.0,0.0,0.0,0.0,-1.709459,0.006603569,3.411095,1.296252,-0.2622126,-3.578943,-0.03678231,0.05899781,0.0007050993,0.99758,355.7867,6.775366,359.8315,0.3437741,-0.06691624,-0.9366648,0,0,0,1.411076,-0.08815635,-2.679418,0.007584281,0.106987,0.9171271,0.9930375,-0.002933366,-0.1177619,-0.005746937,0.9972931,-0.07330339,0.1176582,0.0734698,0.9903327,moving,12.20134,14.27414,0.4738029,6.653736,10.78357908619314,25.507126785623893
05/11/2023 12:33:18.823093,1083,True,True,True,True,Eyes,1.312745,-0.2578284,-3.580565,0.2016745,0.2390614,0.9498299,0.0,0.0,0.0,0.0,0.0,0.0,0.0,-1.704118,0.01259437,3.413379,1.296172,-0.2623674,-3.578608,-0.03600499,0.05824139,0.000853183,0.9976526,355.8746,6.687246,359.8569,0.3437437,-0.06696486,-0.9366724,0,0,0,1.407016,-0.091111,-2.679607,0.005137183,0.1056627,0.9157659,0.9932144,-0.002491602,-0.1162708,-0.005896323,0.9974058,-0.07174158,0.1161479,0.07194033,0.9906231,moving,11.98741,14.12727,0.3214095,6.581787,10.563336696942486,25.357191875331495
05/11/2023 12:33:18.843009,1084,True,True,True,True,Eyes,1.3125,-0.2579984,-3.580209,0.1983161,0.2368124,0.9510997,0.0,0.0,0.0,0.0,0.0,0.0,0.0,-1.697667,0.01944174,3.416362,1.295983,-0.2625998,-3.57847,-0.0351146,0.05733649,0.001006436,0.9977367,355.9753,6.582021,359.8841,0.3437133,-0.0670137,-0.9366801,0,0,0,1.402698,-0.09425261,-2.679807,0.002791278,0.1044219,0.914556,0.993423,-0.002018379,-0.1144841,-0.006035011,0.997532,-0.06995483,0.1143428,0.07018565,0.990959,moving,11.77812,13.98166,0.1748695,6.513692,10.347807758318032,25.208561959299956
05/11/2023 12:33:18.862681,1085,True,True,True,True,Eyes,1.312243,-0.2581704,-3.579855,0.1945976,0.2345579,0.9524255,0.0,0.0,0.0,0.0,0.0,0.0,0.0,-1.691864,0.02755372,3.418822,1.295894,-0.2628501,-3.578139,-0.03409776,0.05652103,0.0012711,0.9978182,356.0899,6.48665,359.9243,0.3436833,-0.06706281,-0.9366876,0,0,0,1.398659,-0.09719159,-2.679994,0.0005058348,0.1036292,0.9131968,0.9936075,-0.001317828,-0.1128821,-0.006391136,0.9976715,-0.06790306,0.1127087,0.06819043,0.9912854,moving,11.54762,13.83516,0.03173708,6.474203,10.1108935603306,25.0588906959562
05/11/2023 12:33:18.882772,1086,True,True,True,True,Eyes,1.311992,-0.2583469,-3.579503,0.1909452,0.2322824,0.9537215,0.0,0.0,0.0,0.0,0.0,0.0,0.0,-1.685152,0.0378921,3.421735,1.295668,-0.2630503,-3.577917,-0.0327774,0.05559559,0.001590808,0.997914,356.239,6.378395,359.973,0.3436533,-0.06711223,-0.9366951,0,0,0,1.394499,-0.1002185,-2.680187,-0.001562148,0.1032381,0.9118885,0.9938132,-0.0004695776,-0.1110635,-0.006819537,0.9978462,-0.06524117,0.1108549,0.06559493,0.9916695,moving,11.32154,13.6881,-0.09815281,6.459153,9.87841131592325,24.908682655540137
05/11/2023 12:33:18.897881,1087,True,True,True,True,Eyes,1.311727,-0.2585233,-3.579156,0.1870506,0.2299556,0.9550563,0.0,0.0,0.0,0.0,0.0,0.0,0.0,-1.67812,0.04909627,3.424705,1.295563,-0.2633233,-3.577608,-0.03136791,0.05461203,0.00196609,0.9980129,356.398,6.263391,0.02860331,0.3436233,-0.06716204,-0.9367025,0,0,0,1.390578,-0.103072,-2.680368,-0.003388919,0.1032518,0.9105354,0.9940273,0.0004982352,-0.1091304,-0.007350494,0.9980243,-0.0623964,0.1088837,0.06282589,0.9920672,moving,11.08128,13.53782,-0.213248,6.469525,9.631545387251215,24.755124146316682
05/11/2023 12:33:18.913869,1088,True,True,True,True,Eyes,1.311466,-0.258699,-3.578813,0.1832129,0.2276094,0.9563613,0.0,0.0,0.0,0.0,0.0,0.0,0.0,-1.669667,0.060436,3.428444,1.295388,-0.2634776,-3.57746,-0.02994717,0.05343442,0.002410503,0.9981193,356.5579,6.126041,0.09250014,0.3435929,-0.0672122,-0.9367101,0,0,0,1.386285,-0.1061956,-2.680567,-0.005168311,0.102883,0.9092879,0.9942779,0.001611519,-0.1068122,-0.008012358,0.9981948,-0.0595241,0.1065235,0.06003932,0.9924959,moving,10.84492,13.38708,-0.3256606,6.45538,9.38859113030261,24.601126508538698
05/11/2023 12:33:18.923001,1089,True,True,True,True,Eyes,1.311188,-0.2588703,-3.578468,0.1792464,0.2252472,0.9576713,0.0,0.0,0.0,0.0,0.0,0.0,0.0,-1.661184,0.07156041,3.432064,1.295251,-0.2636249,-3.577226,-0.02852872,0.05224748,0.002788146,0.9982226,356.7182,5.988062,0.1483688,0.3435624,-0.06726266,-0.9367177,0,0,0,1.382152,-0.109203,-2.680759,-0.006827228,0.1026273,0.9080042,0.9945248,0.002585274,-0.1044683,-0.00854749,0.9983567,-0.05666469,0.1041502,0.05724739,0.9929127,moving,10.60133,13.23558,-0.4307953,6.448499,9.138332082245485,24.44631218576404
05/11/2023 12:33:18.942890,1090,True,True,True,True,Eyes,1.310917,-0.2590433,-3.578123,0.1753354,0.222883,0.9589477,0.0,0.0,0.0,0.0,0.0,0.0,0.0,-1.652989,0.08011782,3.43543,1.295053,-0.2636721,-3.57691,-0.02745835,0.05111229,0.003155685,0.9983104,356.8387,5.856299,0.2004848,0.3435313,-0.06731327,-0.9367254,0,0,0,1.378322,-0.1119899,-2.680936,-0.008228466,0.1018603,0.9067894,0.9947551,0.003493788,-0.1022252,-0.009107625,0.9984722,-0.05450132,0.1018786,0.0551465,0.9932672,moving,10.36159,13.08463,-0.519904,6.40921,8.891967649412296,24.292079668928125
05/11/2023 12:33:18.962800,1091,True,True,True,True,Eyes,1.310641,-0.2592226,-3.577781,0.171282,0.2205182,0.9602262,0.0,0.0,0.0,0.0,0.0,0.0,0.0,-1.644391,0.09103428,3.438934,1.294944,-0.2638837,-3.5766,-0.02623955,0.04992893,0.0039164,0.9984004,356.9742,5.717951,0.2983579,0.3434999,-0.06736407,-0.9367333,0,0,0,1.374297,-0.1149191,-2.681123,-0.009732097,0.101358,0.9055372,0.9949836,0.005200044,-0.09990366,-0.01044049,0.9985923,-0.05200407,0.09949259,0.05278623,0.9936372,moving,10.11386,12.93385,-0.6157523,6.386608,8.637563847469766,24.13796577514173
05/11/2023 12:33:18.982527,1092,True,True,True,True,Eyes,1.310371,-0.2593985,-3.577442,0.1672673,0.2181317,0.9614781,0.0,0.0,0.0,0.0,0.0,0.0,0.0,-1.634526,0.1009726,3.443005,1.294641,-0.2642065,-3.576347,-0.02518572,0.04859311,0.004711255,0.9984901,357.0908,5.562243,0.3993295,0.343468,-0.06741519,-0.9367413,0,0,0,1.370174,-0.1179189,-2.681314,-0.01087518,0.1005938,0.9044066,0.995233,0.006960576,-0.09727678,-0.01185599,0.998687,-0.04983751,0.09680215,0.05075325,0.9940087,moving,9.868917,12.78239,-0.688929,6.346708,8.385943808961535,23.98318287745837
05/11/2023 12:33:18.997966,1093,True,True,True,True,Eyes,1.310113,-0.2595729,-3.577103,0.1631315,0.2157531,0.9627246,0.0,0.0,0.0,0.0,0.0,0.0,0.0,-1.623811,0.1122059,3.447444,1.294528,-0.2642893,-3.576111,-0.02372865,0.0470884,0.005067839,0.9985961,357.2563,5.388686,0.4524013,0.3434358,-0.06746653,-0.9367494,0,0,0,1.36612,-0.1208692,-2.681502,-0.01194693,0.1003974,0.9032153,0.995514,0.00788676,-0.09428506,-0.01235614,0.9988225,-0.0469134,0.09380405,0.04786795,0.9944392,moving,9.617291,12.63166,-0.7578136,6.342709,8.127618850066305,23.829093564810954
05/11/2023 12:33:19.013224,1094,True,True,True,True,Eyes,1.309852,-0.2597419,-3.576765,0.1590278,0.2133962,0.9639357,0.0,0.0,0.0,0.0,0.0,0.0,0.0,-1.613045,0.1201462,3.451819,1.294392,-0.2644722,-3.575752,-0.02270503,0.04557409,0.005305201,0.9986889,357.373,5.214423,0.4890792,0.3434036,-0.067518,-0.9367575,0,0,0,1.362035,-0.1238416,-2.681691,-0.01304395,0.09950703,0.9020122,0.9957897,0.008526968,-0.09126958,-0.01266601,0.9989127,-0.04486696,0.09078776,0.04583408,0.9948149,moving,9.368133,12.48282,-0.8284932,6.295228,7.871841161724928,23.67693179303375
05/11/2023 12:33:19.023210,1095,True,True,True,True,Eyes,1.309594,-0.2599125,-3.576427,0.154856,0.2109701,0.9651483,0.0,0.0,0.0,0.0,0.0,0.0,0.0,-1.601207,0.1267561,3.456701,1.294076,-0.2645048,-3.575488,-0.02180589,0.04392473,0.005444108,0.998782,357.476,5.024977,0.5138364,0.3433713,-0.06756944,-0.9367656,0,0,0,1.357985,-0.1267886,-2.681879,-0.0137275,0.09826261,0.9009678,0.996082,0.008959317,-0.08797988,-0.01279059,0.9989897,-0.0430804,0.08750503,0.04403693,0.9951903,moving,9.115295,12.33025,-0.8729136,6.224272,7.612235221571103,23.520973871742505
05/11/2023 12:33:19.043370,1096,True,True,True,True,Eyes,1.309327,-0.2600825,-3.576091,0.1506738,0.208555,0.9663345,0.0,0.0,0.0,0.0,0.0,0.0,0.0,-1.58875,0.1365837,3.461657,1.293825,-0.2646279,-3.57517,-0.02047006,0.04218416,0.005600158,0.9988846,357.6292,4.825246,0.5425362,0.3433391,-0.06762092,-0.9367737,0,0,0,1.353904,-0.1297578,-2.682068,-0.01433289,0.09787184,0.8998029,0.9963783,0.009460798,-0.08450348,-0.01291485,0.9990992,-0.04042198,0.08404493,0.04136693,0.995603,moving,8.862372,12.17882,-0.9125829,6.207675,7.352581268644844,23.36616810190101
05/11/2023 12:33:19.063181,1097,True,True,True,True,Eyes,1.309045,-0.260256,-3.575755,0.1463723,0.2060984,0.9675218,0.0,0.0,0.0,0.0,0.0,0.0,0.0,-1.573073,0.1460347,3.467991,1.293366,-0.2647804,-3.574905,-0.01939723,0.04004072,0.006275032,0.9989901,357.7501,4.578142,0.6298368,0.3433066,-0.0676724,-0.9367819,0,0,0,1.349806,-0.1327402,-2.682258,-0.01392491,0.09698888,0.898798,0.9967147,0.01098403,-0.080244,-0.01409075,0.9991687,-0.03825277,0.07975712,0.03925779,0.996041,moving,8.602803,12.02522,-0.8876017,6.158929,7.086164071909746,23.20912381050519
05/11/2023 12:33:19.072824,1098,True,True,True,True,Eyes,1.308759,-0.2604297,-3.575424,0.1420064,0.2036159,0.9686974,0.0,0.0,0.0,0.0,0.0,0.0,0.0,-1.554677,0.1571686,3.475348,1.292831,-0.2650259,-3.574648,-0.01811823,0.03752806,0.007014025,0.9991067,357.895,4.28889,0.7256235,0.3432736,-0.067724,-0.9367902,0,0,0,1.345589,-0.1358083,-2.682453,-0.01289231,0.09647745,0.8977851,0.9970849,0.01265564,-0.07524324,-0.0153754,0.999245,-0.03567764,0.07473491,0.03673053,0.9965267,moving,8.339886,11.87051,-0.822718,6.13356,6.8163392573197115,23.05093481273643
05/11/2023 12:33:19.093137,1099,True,True,True,True,Eyes,1.308441,-0.2606019,-3.575092,0.1375755,0.2011197,0.9698577,0.0,0.0,0.0,0.0,0.0,0.0,0.0,-1.533553,0.1692831,3.483858,1.292485,-0.2651896,-3.574474,-0.01655874,0.03458598,0.007446384,0.9992368,358.0741,3.951469,0.7874845,0.3432399,-0.06777569,-0.9367988,0,0,0,1.341462,-0.1388115,-2.682645,-0.0112716,0.09645662,0.8968268,0.9974967,0.013736,-0.06936578,-0.0160268,0.9993407,-0.03257712,0.06887256,0.03360729,0.9970592,moving,8.073612,11.71539,-0.7200731,6.138748,6.543120833502076,22.892308858001513
05/11/2023 12:33:19.112985,1100,True,True,True,True,Eyes,1.308117,-0.2607756,-3.574759,0.1330735,0.1986275,0.9709988,0.0,0.0,0.0,0.0,0.0,0.0,0.0,-1.510826,0.1786702,3.492894,1.292041,-0.2652943,-3.574224,-0.0152372,0.03141165,0.007533101,0.9993621,358.2277,3.58812,0.8082461,0.343205,-0.06782746,-0.9368079,0,0,0,1.337546,-0.1416612,-2.682826,-0.009016491,0.09610729,0.8958949,0.9979132,0.01409934,-0.06301278,-0.01601384,0.9994221,-0.0299817,0.06255366,0.03092821,0.9975622,moving,7.803661,11.56093,-0.5766183,6.122999,6.266221863807328,22.73432574994043
05/11/2023 12:33:19.123241,1101,True,True,True,True,Eyes,1.30775,-0.2609468,-3.574427,0.1284971,0.196184,0.9721112,0.0,0.0,0.0,0.0,0.0,0.0,0.0,-1.488322,0.1863287,3.501703,1.291644,-0.2654791,-3.573923,-0.01404413,0.02824754,0.007288579,0.9994758,358.3677,3.226516,0.7896573,0.3431687,-0.06787934,-0.9368174,0,0,0,1.333418,-0.1446648,-2.683017,-0.007120002,0.09546804,0.8949236,0.9982979,0.01377609,-0.05667017,-0.01536294,0.9994993,-0.02766176,0.05626072,0.02848529,0.9980097,moving,7.529908,11.40974,-0.455835,6.089132,5.985602508410437,22.579623773072395
05/11/2023 12:33:19.143205,1102,True,True,True,True,Eyes,1.307376,-0.2611231,-3.574098,0.1238187,0.1937506,0.9732059,0.0,0.0,0.0,0.0,0.0,0.0,0.0,-1.463736,0.1957869,3.511123,1.290967,-0.2655592,-3.573755,-0.01268949,0.02485208,0.007318496,0.9995839,358.5255,2.838111,0.8024431,0.3431303,-0.06793128,-0.9368277,0,0,0,1.329463,-0.1475424,-2.683201,-0.00431411,0.09511057,0.8941092,0.9986576,0.01400018,-0.04986921,-0.01526162,0.9995708,-0.02500467,0.04949774,0.02573219,0.9984426,moving,7.250652,11.25951,-0.2764521,6.071986,5.699473931461285,22.42585581486997
05/11/2023 12:33:19.162858,1103,True,True,True,True,Eyes,1.306957,-0.2613001,-3.573771,0.1191096,0.1912639,0.9742848,0.0,0.0,0.0,0.0,0.0,0.0,0.0,-1.438031,0.2044993,3.520865,1.290495,-0.2658461,-3.57354,-0.01159977,0.02129882,0.007684168,0.9996764,358.6523,2.431063,0.8522117,0.3430897,-0.06798341,-0.9368388,0,0,0,1.325288,-0.1505804,-2.683394,-0.001593061,0.09431641,0.8932852,0.9989746,0.01486924,-0.04276212,-0.01585748,0.9996128,-0.02286471,0.04240558,0.02351936,0.9988236,moving,6.970017,11.10662,-0.1021796,6.027174,5.411869198778417,22.2693889863758
05/11/2023 12:33:19.182818,1104,True,True,True,True,Eyes,1.306537,-0.2614693,-3.573447,0.1142767,0.1887953,0.9753447,0.0,0.0,0.0,0.0,0.0,0.0,0.0,-1.409895,0.2137845,3.531325,1.289958,-0.2660147,-3.573375,-0.01048738,0.01743485,0.00825677,0.999759,358.782,1.98833,0.9252246,0.3430461,-0.06803576,-0.936851,0,0,0,1.321191,-0.153562,-2.683584,0.001851447,0.09348308,0.8925278,0.9992557,0.01614387,-0.03503448,-0.01687525,0.9996437,-0.02068179,0.03468811,0.02125761,0.9991721,moving,6.682617,10.95513,0.1188534,5.97934,5.117499063351188,22.114292670905876
05/11/2023 12:33:19.193089,1105,True,True,True,True,Eyes,1.306102,-0.2616271,-3.573125,0.1094202,0.186387,0.9763643,0.0,0.0,0.0,0.0,0.0,0.0,0.0,-1.381638,0.2210339,3.541694,1.289563,-0.26598,-3.573186,-0.009476909,0.01351526,0.008418934,0.9998284,358.9011,1.539794,0.9501143,0.3429998,-0.06808809,-0.9368641,0,0,0,1.317175,-0.1564843,-2.68377,0.005233783,0.09233613,0.8917722,0.9994929,0.01657881,-0.02718545,-0.01709115,0.9996787,-0.018723,0.02686631,0.01917813,0.9994551,moving,6.394402,10.80768,0.3362633,5.91147,4.822441470667732,21.96327599288132
05/11/2023 12:33:19.212612,1106,True,True,True,True,Eyes,1.305665,-0.2617944,-3.572808,0.1044726,0.1840399,0.9773509,0.0,0.0,0.0,0.0,0.0,0.0,0.0,-1.35455,0.2229849,3.551607,1.289083,-0.2658523,-3.572958,-0.009089798,0.00975609,0.008283574,0.9998769,358.9492,1.109455,0.9391485,0.3429507,-0.06814012,-0.9368783,0,0,0,1.313079,-0.1594646,-2.68396,0.008253047,0.08993787,0.8910967,0.9996724,0.01638775,-0.01966037,-0.01674247,0.9996975,-0.01801573,0.01935919,0.01833899,0.9996445,moving,6.101387,10.6642,0.5306397,5.763313,4.522681696495795,21.816241601274662
05/11/2023 12:33:19.232918,1107,True,True,True,True,Eyes,1.30522,-0.2619572,-3.572496,0.0996107,0.181683,0.978299,0.0,0.0,0.0,0.0,0.0,0.0,0.0,-1.328609,0.2257687,3.560964,1.288673,-0.266239,-3.572824,-0.008669772,0.00616109,0.008169379,0.9999101,359.0008,0.6979526,0.930119,0.3428989,-0.06819211,-0.9368935,0,0,0,1.308975,-0.1624505,-2.68415,0.01090715,0.08810686,0.89053,0.9997905,0.01623046,-0.01246273,-0.01644412,0.9997162,-0.01723732,0.01217942,0.01743865,0.9997737,moving,5.813838,10.52072,0.7017195,5.650315,4.2284255289215595,21.66924365435816
05/11/2023 12:33:19.242956,1108,True,True,True,True,Eyes,1.304775,-0.2621222,-3.572184,0.09466107,0.1793793,0.9792151,0.0,0.0,0.0,0.0,0.0,0.0,0.0,-1.302247,0.2348638,3.569729,1.288088,-0.2662697,-3.57266,-0.007334346,0.002550619,0.008099629,0.9999371,359.1572,0.2854857,0.9260873,0.3428445,-0.06824396,-0.9369096,0,0,0,1.305001,-0.1653428,-2.684335,0.01390473,0.08763526,0.8897875,0.9998558,0.01616082,-0.005219728,-0.01623565,0.9997612,-0.01462645,0.004982105,0.01470909,0.9998794,moving,5.521646,10.38074,0.8952896,5.624927,3.929609769808504,21.5257537971969
05/11/2023 12:33:19.263109,1109,True,True,True,True,Eyes,1.304327,-0.2622903,-3.571884,0.08980153,0.1770641,0.9800938,0.0,0.0,0.0,0.0,0.0,0.0,0.0,-1.276555,0.2386251,3.578369,1.287693,-0.2664834,-3.572407,-0.006844711,-0.0009766741,0.008223977,0.9999424,359.2166,359.8816,0.9432407,0.3427878,-0.06829572,-0.9369266,0,0,0,1.300779,-0.1684149,-2.68453,0.0163321,0.08566292,0.8891053,0.9998628,0.01646037,0.001840654,-0.01643363,0.9997711,-0.0137047,-0.002065818,0.01367257,0.9999043,moving,5.235134,10.24062,1.052356,5.503309,3.6365084755237804,21.382160249693186
05/11/2023 12:33:19.282734,1110,True,True,True,True,Eyes,1.303882,-0.2624597,-3.571589,0.08489231,0.1747485,0.9809467,0.0,0.0,0.0,0.0,0.0,0.0,0.0,-1.250214,0.244024,3.587156,1.287162,-0.2667089,-3.572443,-0.006018972,-0.004586505,0.008043726,0.9999391,359.3145,359.4689,0.9249566,0.3427288,-0.06834749,-0.9369444,0,0,0,1.296802,-0.1713087,-2.684715,0.0192348,0.08447512,0.8886789,0.9998285,0.01614169,0.00907562,-0.01603126,0.9997981,-0.01211099,-0.00926928,0.01196342,0.9998854,moving,4.946123,10.10087,1.239931,5.430048,3.3409031823149817,21.238924167878565
05/11/2023 12:33:19.298039,1111,True,True,True,True,Eyes,1.303426,-0.2626275,-3.571294,0.08020206,0.1723627,0.9817631,0.0,0.0,0.0,0.0,0.0,0.0,0.0,-1.227729,0.2513269,3.594167,1.286836,-0.2668873,-3.572302,-0.004863762,-0.007692281,0.00767401,0.9999292,359.4495,359.1142,0.8836774,0.3426678,-0.06839928,-0.936963,0,0,0,1.292811,-0.1742124,-2.6849,0.02098814,0.08383197,0.8880538,0.9997638,0.01542176,0.01530882,-0.01527211,0.999835,-0.009844895,-0.01545812,0.009608774,0.9998344,moving,4.670228,9.957621,1.353868,5.392721,3.0583888086454287,21.092237501402032
05/11/2023 12:33:19.313808,1112,True,True,True,True,Eyes,1.292169,-0.2668618,-3.564095,-0.03814537,0.1121858,0.9929549,0.0,0.0,0.0,0.0,0.0,0.0,0.0,-1.207192,0.2574013,3.6003,1.286454,-0.266992,-3.572041,-0.004008363,-0.0104883,0.007683372,0.9999076,359.55,358.7946,0.8852481,0.3426047,-0.06845105,-0.9369823,0,0,0,1.288605,-0.1772731,-2.685095,0.02208507,0.08241984,0.8873822,0.9996619,0.0154494,0.02091306,-0.01528124,0.9998498,-0.008177155,-0.02103626,0.007854813,0.9997479,moving,-2.199994,6.446044,1.425677,5.306394,-3.9748352642529547,17.495676897218807
05/11/2023 12:33:19.332848,1113,True,True,True,True,Eyes,1.292169,-0.2668647,-3.564087,-0.03816978,0.1120968,0.992964,0.0,0.0,0.0,0.0,0.0,0.0,0.0,-1.188417,0.2627639,3.60599,1.286198,-0.267189,-3.571953,-0.00330392,-0.01304526,0.007795483,0.9998791,359.6331,358.5021,0.8981826,0.3423443,-0.06862772,-0.937064,0,0,0,1.284424,-0.1803158,-2.685288,0.02267315,0.08084966,0.8869465,0.9995381,0.01567528,0.02603586,-0.01550288,0.9998567,-0.00681043,-0.02613888,0.006403653,0.9996378,moving,-2.20138,6.440912,1.464342,5.208406,-3.976399940140359,17.490478401864866
05/11/2023 12:33:19.348071,1114,True,True,True,True,Eyes,1.292157,-0.2668774,-3.564075,-0.0383684,0.1119293,0.9929751,0.0,0.0,0.0,0.0,0.0,0.0,0.0,-1.171185,0.2699603,3.61077,1.285786,-0.2672499,-3.57177,-0.00231238,-0.01536494,0.007862795,0.9998484,359.7489,358.2372,0.904991,0.34211,-0.06878682,-0.9371375,0,0,0,1.280555,-0.1831311,-2.685468,0.02329983,0.07987693,0.8864043,0.9994041,0.01579427,0.03068886,-0.01565215,0.9998657,-0.004865681,-0.03076159,0.004382435,0.9995172,moving,-2.212799,6.4313,1.505718,5.149211,-3.988214295526409,17.480683030982462
05/11/2023 12:33:19.362860,1115,True,True,True,True,Eyes,1.292127,-0.2668951,-3.56406,-0.03846367,0.1115818,0.9930106,0.0,0.0,0.0,0.0,0.0,0.0,0.0,-1.154886,0.2772812,3.615308,1.285513,-0.26748,-3.571695,-0.001297225,-0.0175781,0.007835826,0.999814,359.8672,357.9845,0.9004049,0.341899,-0.06893037,-0.9372038,0,0,0,1.276426,-0.1861356,-2.685659,0.02332373,0.07893371,0.885994,0.9992592,0.01571434,0.03512934,-0.01562313,0.9998739,-0.002869446,-0.03517,0.00231849,0.9993787,moving,-2.218209,6.411269,1.507959,5.091073,-3.994321697054121,17.460392487699316
05/11/2023 12:33:19.382932,1116,True,True,True,True,Eyes,1.292085,-0.2669227,-3.564042,-0.03871418,0.1111422,0.9930502,0.0,0.0,0.0,0.0,0.0,0.0,0.0,-1.138993,0.2862223,3.619461,1.285078,-0.2675859,-3.571653,1.120497e-05,-0.0197206,0.007653116,0.9997763,0.01857833,357.7401,0.8767951,0.3417085,-0.06906007,-0.9372635,0,0,0,1.272367,-0.1890889,-2.685847,0.02343149,0.07843468,0.8855923,0.999105,0.01530236,0.03943256,-0.01530325,0.9998828,-0.0002794431,-0.03943221,-0.0003242531,0.9992222,moving,-2.232552,6.385972,1.51561,5.061337,-4.009597114906116,17.434717634308043
05/11/2023 12:33:19.392939,1117,True,True,True,True,Eyes,1.292014,-0.2669559,-3.564018,-0.03881354,0.1105359,0.9931139,0.0,0.0,0.0,0.0,0.0,0.0,0.0,-1.124128,0.2958478,3.623172,1.284806,-0.2678332,-3.571569,0.001328587,-0.02172684,0.007658265,0.9997337,0.1712714,357.5113,0.8740689,0.3415362,-0.06917758,-0.9373176,0,0,0,1.268364,-0.1920015,-2.686033,0.02322004,0.07813303,0.8851845,0.9989386,0.01525472,0.04346247,-0.01537018,0.9998792,0.002323685,-0.04342177,-0.002989245,0.9990523,moving,-2.238133,6.351014,1.502631,5.044282,-4.016368655891135,17.39933242069189
05/11/2023 12:33:19.412830,1118,True,True,True,True,Eyes,1.291937,-0.2669984,-3.563992,-0.03904914,0.1098565,0.9931801,0.0,0.0,0.0,0.0,0.0,0.0,0.0,-1.109882,0.3035481,3.626683,1.284511,-0.2679656,-3.571419,0.002376547,-0.02364045,0.007711664,0.999688,0.2931394,357.2929,0.8770236,0.3413796,-0.0692843,-0.9373667,0,0,0,1.264071,-0.1951252,-2.686232,0.02257263,0.07703166,0.8847808,0.9987633,0.01530615,0.04730281,-0.01553088,0.9998698,0.004386996,-0.0472295,-0.005116225,0.998871,moving,-2.251554,6.311879,1.461419,4.975796,-4.031171802075524,17.359671333789855
05/11/2023 12:33:19.423099,1119,True,True,True,True,Eyes,1.291845,-0.2670413,-3.563963,-0.03916425,0.1090116,0.9932687,0.0,0.0,0.0,0.0,0.0,0.0,0.0,-1.096832,0.3128746,3.629745,1.284322,-0.268216,-3.571352,0.003583349,-0.02538861,0.00791147,0.99964,0.4334947,357.0937,0.8958981,0.3412372,-0.06938155,-0.9374113,0,0,0,1.26015,-0.1979785,-2.686413,0.02192925,0.07659799,0.8844695,0.9985856,0.01563529,0.05081564,-0.01599919,0.9998491,0.006762395,-0.05070224,-0.007565839,0.9986852,moving,-2.257983,6.263163,1.420282,4.949655,-4.039250612526501,17.31036897764868
05/11/2023 12:33:19.443382,1120,True,True,True,True,Eyes,1.291751,-0.2670848,-3.56393,-0.03938125,0.1081487,0.9933544,0.0,0.0,0.0,0.0,0.0,0.0,0.0,-1.084941,0.3210649,3.632436,1.284052,-0.268238,-3.571279,0.00466696,-0.02696628,0.008098753,0.9995927,0.5596114,356.9138,0.9133315,0.341107,-0.06947031,-0.9374521,0,0,0,1.256099,-0.2009263,-2.686601,0.02092441,0.07562727,0.8841998,0.9984145,0.01593921,0.05398619,-0.01644261,0.9998253,0.008893332,-0.053835,-0.009766906,0.9985021,moving,-2.270286,6.213446,1.35564,4.888717,-4.053276827537727,17.260015289004507
05/11/2023 12:33:19.463130,1121,True,True,True,True,Eyes,1.291643,-0.2671355,-3.563891,-0.0395466,0.1071795,0.9934529,0.0,0.0,0.0,0.0,0.0,0.0,0.0,-1.075037,0.3256575,3.634806,1.283921,-0.2682888,-3.571154,0.005305827,-0.028307,0.008100789,0.9995524,0.6340206,356.7607,0.9107499,0.340988,-0.06955145,-0.9374894,0,0,0,1.251997,-0.2039114,-2.686791,0.01927559,0.07386664,0.8839872,0.9982662,0.01589394,0.05667462,-0.01649471,0.9998125,0.01014828,-0.05650269,-0.01106552,0.9983411,moving,-2.279582,6.157585,1.249152,4.776582,-4.064477847601376,17.2034691052604
05/11/2023 12:33:19.482775,1122,True,True,True,True,Eyes,1.291531,-0.2671917,-3.56385,-0.0397946,0.1061869,0.9935495,0.0,0.0,0.0,0.0,0.0,0.0,0.0,-1.065906,0.3306842,3.636787,1.283595,-0.2684908,-3.570997,0.005934313,-0.02950116,0.008252758,0.9995131,0.7076082,356.6245,0.9252852,0.3408785,-0.06962593,-0.9375237,0,0,0,1.247711,-0.20703,-2.68699,0.01739555,0.07210906,0.8837601,0.9981232,0.01614734,0.05907154,-0.01684762,0.9997933,0.01137592,-0.05887565,-0.01234978,0.9981889,moving,-2.29364,6.100405,1.12764,4.664629,-4.080517102180416,17.14555745559534
05/11/2023 12:33:19.498105,1123,True,True,True,True,Eyes,1.291427,-0.2672492,-3.563802,-0.04006674,0.1050864,0.9936556,0.0,0.0,0.0,0.0,0.0,0.0,0.0,-1.0575,0.3368091,3.638529,1.283404,-0.2686673,-3.570901,0.006702211,-0.0306081,0.008452656,0.9994733,0.7972852,356.4984,0.9447194,0.3407778,-0.06969458,-0.9375553,0,0,0,1.243715,-0.209938,-2.687175,0.01552858,0.07078478,0.8835972,0.9979834,0.01648613,0.06129726,-0.01730669,0.9997672,0.01287992,-0.06107067,-0.0139148,0.9980364,moving,-2.309062,6.037009,1.006828,4.580172,-4.098134607676538,17.0813513638257
05/11/2023 12:33:19.514229,1124,True,True,True,True,Eyes,1.291321,-0.2673145,-3.563749,-0.04041656,0.103952,0.9937608,0.0,0.0,0.0,0.0,0.0,0.0,0.0,-1.048635,0.3436663,3.640178,1.283131,-0.2687434,-3.570713,0.007565486,-0.03176077,0.008717069,0.999429,0.8982084,356.3672,0.9709629,0.340685,-0.06975802,-0.9375844,0,0,0,1.239606,-0.2129279,-2.687366,0.01371061,0.06944909,0.8833464,0.9978306,0.01694361,0.06361715,-0.01790476,0.9997336,0.01456861,-0.06335336,-0.01567605,0.997868,moving,-2.328954,5.971689,0.8892291,4.495373,-4.120316278245614,17.01517000348693
05/11/2023 12:33:19.522619,1125,True,True,True,True,Eyes,1.291205,-0.2673857,-3.563689,-0.04080953,0.102743,0.9938704,0.0,0.0,0.0,0.0,0.0,0.0,0.0,-1.040315,0.3513475,3.641627,1.28299,-0.268981,-3.570537,0.008530148,-0.03285742,0.008950601,0.9993836,1.010634,356.2426,0.9931179,0.3405995,-0.06981698,-0.9376112,0,0,0,1.235685,-0.215781,-2.687547,0.01185098,0.06859193,0.8831156,0.9976805,0.01732961,0.06582703,-0.01845073,0.9996943,0.0164616,-0.06552164,-0.01763797,0.9976953,moving,-2.351314,5.902083,0.7688354,4.441268,-4.145124186559192,16.944638371767713
05/11/2023 12:33:19.543016,1126,True,True,True,True,Eyes,1.291087,-0.2674636,-3.563626,-0.04125543,0.1014993,0.9939798,0.0,0.0,0.0,0.0,0.0,0.0,0.0,-1.033245,0.3599704,3.642521,1.282773,-0.2691638,-3.570318,0.009609485,-0.03376491,0.009255144,0.9993408,1.136324,356.1399,1.022937,0.3405203,-0.0698721,-0.9376359,0,0,0,1.231685,-0.2186915,-2.687732,0.009656399,0.06783206,0.8828484,0.9975485,0.01784916,0.06766318,-0.01914701,0.999644,0.0185813,-0.06730743,-0.0198313,0.9975352,moving,-2.376714,5.830494,0.6266635,4.393585,-4.173058365927918,16.872081347817645
05/11/2023 12:33:19.563300,1127,True,True,True,True,Eyes,1.290951,-0.2675464,-3.563563,-0.04172691,0.1001756,0.9940945,0.0,0.0,0.0,0.0,0.0,0.0,0.0,-1.026713,0.3685618,3.64335,1.282634,-0.2693919,-3.57019,0.01063805,-0.03459659,0.009683376,0.9992978,1.256665,356.046,1.066998,0.3404467,-0.06992391,-0.9376588,0,0,0,1.227625,-0.2216454,-2.687921,0.007208247,0.06699878,0.8827024,0.9974186,0.01861707,0.06935062,-0.02008924,0.9995862,0.02059114,-0.06893858,-0.02193119,0.9973798,moving,-2.403567,5.754313,0.4678734,4.340536,-4.202606884870363,16.79487140619496
05/11/2023 12:33:19.573613,1128,True,True,True,True,Eyes,1.290813,-0.2676302,-3.563494,-0.04224034,0.09882694,0.9942077,0.0,0.0,0.0,0.0,0.0,0.0,0.0,-1.020252,0.3784161,3.643992,1.282267,-0.2695613,-3.570142,0.01180623,-0.03537181,0.01025036,0.999252,1.393567,355.959,1.126277,0.3403778,-0.06997292,-0.9376802,0,0,0,1.223414,-0.2247095,-2.688116,0.004752606,0.06625631,0.8826284,0.9972875,0.01965016,0.07093273,-0.02132059,0.9995111,0.02286965,-0.07044865,-0.02431994,0.9972189,moving,-2.43283,5.676708,0.3085122,4.292974,-4.234628916927662,16.716205509257307
05/11/2023 12:33:19.593090,1129,True,True,True,True,Eyes,1.290654,-0.2677143,-3.56342,-0.04281899,0.09744223,0.9943196,0.0,0.0,0.0,0.0,0.0,0.0,0.0,-1.014368,0.3867499,3.644483,1.282094,-0.26966,-3.569915,0.01276681,-0.03609429,0.01083941,0.9992082,1.506817,355.8781,1.188812,0.3403131,-0.07001942,-0.9377003,0,0,0,1.219392,-0.2276364,-2.688302,0.00218416,0.0652191,0.8824286,0.9971594,0.02074003,0.07240818,-0.02258327,0.999439,0.02473093,-0.07185465,-0.02629589,0.9970684,moving,-2.465839,5.597052,0.1418165,4.226968,-4.27049031852594,16.635440754187503
05/11/2023 12:33:19.612973,1130,True,True,True,True,Eyes,1.29049,-0.2678021,-3.563344,-0.04348192,0.09606107,0.9944252,0.0,0.0,0.0,0.0,0.0,0.0,0.0,-1.007167,0.3908621,3.645699,1.281726,-0.2697361,-3.569692,0.01304646,-0.03694435,0.01174775,0.9991632,1.543684,355.7823,1.290411,0.3402517,-0.07006371,-0.9377194,0,0,0,1.215363,-0.2305683,-2.688489,4.496798e-05,0.06297459,0.8823214,0.9969943,0.02251185,0.0741334,-0.02443982,0.9993836,0.02520306,-0.07352035,-0.02693911,0.9969298,moving,-2.503703,5.51763,0.00292011,4.082492,-4.311232410829371,16.554880238860857
05/11/2023 12:33:19.623202,1131,True,True,True,True,Eyes,1.290413,-0.2678934,-3.56326,-0.04640968,0.09368072,0.99452,0.0,0.0,0.0,0.0,0.0,0.0,0.0,-0.996821,0.3979827,3.647609,1.281453,-0.2699153,-3.569611,0.01365766,-0.03820866,0.01289611,0.9990932,1.620314,355.6398,1.417358,0.3401933,-0.0701061,-0.9377375,0,0,0,1.211188,-0.233606,-2.688683,-0.001570858,0.06134062,0.8823406,0.9967476,0.02472514,0.07670029,-0.0268125,0.9992943,0.02630507,-0.07599577,-0.02827604,0.9967071,moving,-2.671793,5.381208,-0.1020053,3.976823,-4.48497507212775,16.41581552899171
05/11/2023 12:33:19.642966,1132,True,True,True,True,Eyes,1.290331,-0.2679864,-3.563171,-0.04936405,0.09131196,0.9945981,0.0,0.0,0.0,0.0,0.0,0.0,0.0,-0.9842473,0.4054427,3.649835,1.281109,-0.2699893,-3.569354,0.01443,-0.03979414,0.01374894,0.9990093,1.71487,355.4604,1.508999,0.3401395,-0.07014684,-0.937754,0,0,0,1.207034,-0.236629,-2.688875,-0.002579324,0.05987576,0.8821861,0.9964548,0.02632217,0.07990621,-0.02861908,0.9992055,0.02773716,-0.07911262,-0.02992566,0.9964164,moving,-2.841381,5.245501,-0.1675202,3.882826,-4.660202474890934,16.277463807929628
05/11/2023 12:33:19.662628,1133,True,True,True,True,Eyes,1.290362,-0.2680783,-3.563069,-0.05249334,0.0889115,0.9946553,0.0,0.0,0.0,0.0,0.0,0.0,0.0,-0.9705636,0.4135156,3.652363,1.280911,-0.2701162,-3.56918,0.01541953,-0.04158778,0.01416454,0.9989156,1.832847,355.2567,1.548873,0.3400899,-0.07018615,-0.9377691,0,0,0,1.203163,-0.2394456,-2.689054,-0.003109775,0.05901942,0.8821076,0.9961396,0.02701582,0.08352217,-0.02958088,0.9991232,0.02962748,-0.08264852,-0.03198376,0.9960654,moving,-3.021006,5.108051,-0.2019893,3.8278,-4.845593378829731,16.137282719479725
05/11/2023 12:33:19.677207,1134,True,True,True,True,Eyes,1.290379,-0.2681671,-3.562959,-0.05562908,0.08653563,0.9946944,0.0,0.0,0.0,0.0,0.0,0.0,0.0,-0.9576205,0.4210153,3.654649,1.280724,-0.2703528,-3.568951,0.01640403,-0.04330849,0.01429144,0.9988248,1.948856,355.0609,1.555435,0.3400468,-0.07022409,-0.9377819,0,0,0,1.199002,-0.2424736,-2.689247,-0.004106186,0.05804057,0.8820142,0.9958403,0.02712843,0.08698407,-0.02997016,0.9990534,0.03153162,-0.08604632,-0.03400738,0.9957106,moving,-3.200978,4.972054,-0.2667366,3.764897,-5.031285782294946,15.998568527511999
05/11/2023 12:33:19.693262,1135,True,True,True,True,Eyes,1.290366,-0.2682656,-3.562845,-0.05886451,0.08416351,0.9947118,0.0,0.0,0.0,0.0,0.0,0.0,0.0,-0.9450424,0.4274653,3.656836,1.28045,-0.2703599,-3.568702,0.01725633,-0.0449628,0.01447785,0.9987348,2.04996,354.8727,1.56923,0.3400092,-0.07026075,-0.9377929,0,0,0,1.194604,-0.2456732,-2.689451,-0.005380563,0.05643958,0.8819558,0.9955375,0.02736728,0.0903115,-0.03047085,0.9989852,0.03316706,-0.08931217,-0.03577092,0.9953611,moving,-3.386669,4.836331,-0.349541,3.661574,-5.222727502550104,15.860093260798319
05/11/2023 12:33:19.712919,1136,True,True,True,True,Eyes,1.29034,-0.2683683,-3.562727,-0.06213214,0.08181101,0.9947093,0.0,0.0,0.0,0.0,0.0,0.0,0.0,-0.9311375,0.433815,3.65933,1.280035,-0.2705386,-3.568506,0.01806427,-0.04677361,0.01469258,0.9986342,2.146438,354.6664,1.585839,0.339976,-0.07029653,-0.9378023,0,0,0,1.190891,-0.2483753,-2.689623,-0.00553111,0.0554072,0.8819137,0.9951927,0.02765516,0.09395027,-0.03103489,0.9989156,0.03470474,-0.09288862,-0.03745364,0.9949718,moving,-3.5742,4.701775,-0.359338,3.594946,-5.415983420279913,15.72278574524876
05/11/2023 12:33:19.732686,1137,True,True,True,True,Eyes,1.290324,-0.2684701,-3.562598,-0.06553275,0.07945148,0.9946823,0.0,0.0,0.0,0.0,0.0,0.0,0.0,-0.9157314,0.4406384,3.66215,1.279728,-0.2707286,-3.568343,0.01896793,-0.04881041,0.01480806,0.9985183,2.253751,354.4342,1.589705,0.3399465,-0.07033164,-0.9378104,0,0,0,1.186904,-0.2512765,-2.689808,-0.005672224,0.05435506,0.8819482,0.9947965,0.02772058,0.09803791,-0.0314239,0.9988419,0.03643407,-0.0969144,-0.03932522,0.9945155,moving,-3.769376,4.566875,-0.3684911,3.526716,-5.616948273860338,15.585079418703241
05/11/2023 12:33:19.743095,1138,True,True,True,True,Eyes,1.290296,-0.2685819,-3.562466,-0.0689736,0.07709827,0.9946348,0.0,0.0,0.0,0.0,0.0,0.0,0.0,-0.899235,0.4457967,3.665174,1.279315,-0.2708049,-3.568035,0.01973056,-0.05100719,0.01468673,0.9983954,2.343825,354.1827,1.566455,0.3399205,-0.07036614,-0.9378173,0,0,0,1.182764,-0.2542892,-2.69,-0.005618691,0.05279872,0.8818855,0.9943652,0.02731352,0.1024302,-0.03133912,0.99879,0.03789954,-0.1012711,-0.04089605,0.994018,moving,-3.966863,4.43237,-0.3650394,3.426224,-5.820227008958883,15.44775709024912
05/11/2023 12:33:19.763211,1139,True,True,True,True,Eyes,1.290248,-0.2686946,-3.562334,-0.07247856,0.07467996,0.9945701,0.0,0.0,0.0,0.0,0.0,0.0,0.0,-0.8825482,0.4536006,3.668062,1.279056,-0.2711346,-3.567888,0.02081509,-0.05324044,0.01458696,0.9982583,2.470838,353.9275,1.543261,0.3398975,-0.07040036,-0.9378231,0,0,0,1.1782,-0.2576098,-2.690211,-0.006050721,0.05177905,0.8820167,0.9939054,0.0269067,0.1069027,-0.03133952,0.9987079,0.04000443,-0.1056882,-0.0431109,0.9934644,moving,-4.16802,4.294148,-0.3930485,3.35971,-6.027323498615893,15.306651823988194
05/11/2023 12:33:19.773327,1140,True,True,True,True,Eyes,1.290187,-0.2688127,-3.562196,-0.07603616,0.07227781,0.9944819,0.0,0.0,0.0,0.0,0.0,0.0,0.0,-0.8649739,0.462688,3.670876,1.278617,-0.2712368,-3.567795,0.02211172,-0.05556761,0.01447525,0.9981052,2.622102,353.6616,1.516564,0.3398768,-0.07043438,-0.9378281,0,0,0,1.174588,-0.2602386,-2.690379,-0.005164005,0.0515618,0.8821091,0.9934054,0.02643824,0.1115648,-0.03135302,0.998603,0.04253092,-0.1102845,-0.04574833,0.9928467,moving,-4.372218,4.156884,-0.3354146,3.345296,-6.237450336947833,15.166494969526145
05/11/2023 12:33:19.792813,1141,True,True,True,True,Eyes,1.290101,-0.2689312,-3.562051,-0.07963651,0.06982102,0.9943757,0.0,0.0,0.0,0.0,0.0,0.0,0.0,-0.8465971,0.469868,3.673942,1.278274,-0.2714649,-3.567587,0.02308924,-0.05800511,0.01449209,0.9979441,2.737761,353.3829,1.505677,0.3398578,-0.07046837,-0.9378324,0,0,0,1.170593,-0.263145,-2.690564,-0.004570805,0.05065238,0.8821827,0.9928508,0.026246,0.1164409,-0.03160318,0.9985138,0.0444023,-0.1151025,-0.04776476,0.9922046,moving,-4.578871,4.016485,-0.2968608,3.28615,-6.450152389010245,15.02315177127019
05/11/2023 12:33:19.833348,1142,True,True,True,True,Eyes,1.290002,-0.2690579,-3.5619,-0.08329186,0.06736959,0.9942454,0.0,0.0,0.0,0.0,0.0,0.0,0.0,-0.8275965,0.4770236,3.676912,1.277833,-0.2715591,-3.567288,0.0241092,-0.06052303,0.01441738,0.9977716,2.857729,353.0946,1.48323,0.3398398,-0.07050236,-0.9378364,0,0,0,1.166397,-0.2661986,-2.690758,-0.003961794,0.04952432,0.8822035,0.9922582,0.02585218,0.1214715,-0.03168882,0.9984217,0.04636577,-0.1200811,-0.04985611,0.9915115,moving,-4.788713,3.876409,-0.2573018,3.213045,-6.666054736284602,14.880113913764859
05/11/2023 12:33:19.843086,1143,True,True,True,True,Eyes,1.289885,-0.269199,-3.561743,-0.08694635,0.06481258,0.9941024,0.0,0.0,0.0,0.0,0.0,0.0,0.0,-0.8086233,0.4853145,3.679705,1.277492,-0.2718622,-3.567035,0.0252504,-0.06304429,0.01435891,0.9975879,2.991597,352.806,1.461173,0.3398225,-0.07053661,-0.9378401,0,0,0,1.162139,-0.2692971,-2.690956,-0.00349129,0.04878257,0.8822898,0.9916385,0.02546477,0.1265096,-0.03183234,0.9983125,0.04856849,-0.1250593,-0.05218948,0.9907756,moving,-4.998494,3.730239,-0.2267227,3.164711,-6.882096509474107,14.730914476447069
05/11/2023 12:33:19.852788,1144,True,True,True,True,Eyes,1.289726,-0.2693412,-3.561587,-0.09050672,0.0621746,0.9939531,0.0,0.0,0.0,0.0,0.0,0.0,0.0,-0.7878461,0.4988483,3.682051,1.277071,-0.2723212,-3.566788,0.02688852,-0.06571405,0.01502201,0.9973631,3.187837,352.5029,1.516902,0.3398054,-0.07057148,-0.9378437,0,0,0,1.157993,-0.2723135,-2.691148,-0.002507895,0.04923302,0.882324,0.990912,0.02643088,0.1318894,-0.0334987,0.9981027,0.05166091,-0.1302737,-0.05560954,0.9899173,moving,-5.202853,3.57935,-0.1628556,3.19375,-7.092834507242782,14.576979543838247
05/11/2023 12:33:19.863032,1145,True,True,True,True,Eyes,1.289557,-0.2694863,-3.561428,-0.09413284,0.05950139,0.99378,0.0,0.0,0.0,0.0,0.0,0.0,0.0,-0.7687716,0.5114806,3.684071,1.276666,-0.27244,-3.566637,0.0285401,-0.0681867,0.01536222,0.9971461,3.383121,352.2215,1.535214,0.3397875,-0.07060696,-0.9378475,0,0,0,1.151765,-0.2768456,-2.691437,-0.004017293,0.04789679,0.8827716,0.9902291,0.02674464,0.1368611,-0.03452886,0.9978989,0.0548223,-0.1351073,-0.0590123,0.9890721,moving,-5.411027,3.426426,-0.2607383,3.105668,-7.307480821952156,14.420961471538977
05/11/2023 12:33:19.882617,1146,True,True,True,True,Eyes,1.289379,-0.2696374,-3.561263,-0.09783074,0.05683101,0.9935791,0.0,0.0,0.0,0.0,0.0,0.0,0.0,-0.7486111,0.5243271,3.686111,1.276292,-0.2726281,-3.566441,0.03025335,-0.07082332,0.01555973,0.9969086,3.584678,351.9208,1.535159,0.3397688,-0.07064308,-0.9378516,0,0,0,1.148926,-0.278911,-2.691568,-0.001831204,0.0490725,0.8827526,0.9894838,0.02673797,0.1421502,-0.03530854,0.9976853,0.05811566,-0.1402673,-0.06252363,0.9881376,moving,-5.623386,3.273653,-0.1188556,3.181816,-7.526335953211081,14.265068180250992
05/11/2023 12:33:19.898265,1147,True,True,True,True,Eyes,1.289169,-0.2697984,-3.561096,-0.1014577,0.0540712,0.9933693,0.0,0.0,0.0,0.0,0.0,0.0,0.0,-0.7278224,0.5336463,3.688575,1.275943,-0.2729017,-3.566172,0.03152576,-0.07357261,0.01555324,0.9966702,3.734326,351.6057,1.513938,0.339749,-0.07067996,-0.937856,0,0,0,1.146118,-0.2809548,-2.691698,0.0005347058,0.04954592,0.882705,0.9886904,0.02636404,0.1476359,-0.03564176,0.9975284,0.06055298,-0.1456746,-0.06513015,0.9871864,moving,-5.83168,3.115656,0.03470739,3.212621,-7.741270289090321,14.103919711906167
05/11/2023 12:33:19.913970,1148,True,True,True,True,Eyes,1.28895,-0.2699699,-3.560924,-0.1051339,0.0512425,0.993137,0.0,0.0,0.0,0.0,0.0,0.0,0.0,-0.708005,0.5454828,3.69036,1.275504,-0.2732445,-3.56595,0.03315747,-0.07618362,0.0154592,0.9964225,3.923999,351.3063,1.479324,0.3397277,-0.07071778,-0.9378609,0,0,0,1.142027,-0.2839317,-2.691888,0.001458958,0.04982514,0.882854,0.9879141,0.02575569,0.1528473,-0.03585991,0.9973232,0.06372222,-0.1507969,-0.06843317,0.9861933,moving,-6.042851,2.953649,0.09468389,3.230144,-7.959233580285231,13.938697324303861
05/11/2023 12:33:19.922754,1149,True,True,True,True,Eyes,1.28871,-0.270152,-3.560748,-0.1084289,0.04825708,0.9929322,0.0,0.0,0.0,0.0,0.0,0.0,0.0,-0.6890663,0.5619448,3.691107,1.275097,-0.2736323,-3.565686,0.03537115,-0.07865618,0.01553955,0.9961531,4.181416,351.0239,1.45908,0.3397047,-0.07075676,-0.9378663,0,0,0,1.13788,-0.2869491,-2.69208,0.002069622,0.05116219,0.8829332,0.9871435,0.02539522,0.1578065,-0.03652385,0.9970148,0.06802559,-0.1556079,-0.0729147,0.9851242,moving,-6.232047,2.782419,0.1343028,3.316336,-8.155374652350147,13.764295560943125
05/11/2023 12:33:19.949251,1150,True,True,True,True,Eyes,1.288459,-0.2703448,-3.560573,-0.1118168,0.04519776,0.9927005,0.0,0.0,0.0,0.0,0.0,0.0,0.0,-0.6675416,0.5782274,3.692131,1.274482,-0.274031,-3.565444,0.03742746,-0.08138872,0.01611778,0.9958491,4.42579,350.7132,1.494856,0.3396797,-0.07079709,-0.9378724,0,0,0,1.133877,-0.2898616,-2.692266,0.003516421,0.05239172,0.8830085,0.9862322,0.02600941,0.1633082,-0.03819409,0.9966788,0.07192058,-0.1608953,-0.07716781,0.9839501,moving,-6.426651,2.606883,0.2281688,3.395561,-8.357102848796544,13.585503700553115
05/11/2023 12:33:19.963942,1151,True,True,True,True,Eyes,1.288215,-0.2705458,-3.560401,-0.1149681,0.04203424,0.9924794,0.0,0.0,0.0,0.0,0.0,0.0,0.0,-0.6452211,0.5965267,3.692979,1.274031,-0.2744519,-3.565356,0.03975637,-0.0842392,0.01670665,0.9955121,4.701844,350.3891,1.527396,0.3396528,-0.07083889,-0.937879,0,0,0,1.129985,-0.2926941,-2.692446,0.005160049,0.05422089,0.883226,0.9852493,0.02656524,0.1690507,-0.03996142,0.9962807,0.07634116,-0.1663939,-0.08197058,0.9826464,moving,-6.60765,2.425185,0.3347338,3.512956,-8.545335528294265,13.400571806676725
05/11/2023 12:33:19.982766,1152,True,True,True,True,Eyes,1.287962,-0.2707545,-3.560228,-0.1182211,0.03880286,0.9922289,0.0,0.0,0.0,0.0,0.0,0.0,0.0,-0.6221097,0.6164921,3.693508,1.273553,-0.2748072,-3.565337,0.04235548,-0.08719884,0.01718294,0.9951418,5.008072,350.052,1.542301,0.3396242,-0.07088225,-0.9378861,0,0,0,1.125698,-0.2958136,-2.692645,0.006643787,0.05618216,0.8835683,0.9842022,0.02681223,0.175006,-0.04158562,0.9958216,0.08130276,-0.1720948,-0.08729608,0.9812047,moving,-6.794587,2.239511,0.4308142,3.638284,-8.739678102508089,13.21157996356408
05/11/2023 12:33:19.993017,1153,True,True,True,True,Eyes,1.287679,-0.2709649,-3.560058,-0.1212852,0.03551755,0.9919821,0.0,0.0,0.0,0.0,0.0,0.0,0.0,-0.5995979,0.634604,3.693922,1.273157,-0.2751658,-3.5652,0.04471229,-0.09009533,0.01761444,0.9947731,5.286222,349.7215,1.553094,0.3395938,-0.0709272,-0.9378936,0,0,0,1.1217,-0.2987226,-2.69283,0.008205935,0.05791471,0.8837998,0.9831451,0.02698801,0.180824,-0.04310148,0.9953811,0.0857832,-0.1776736,-0.09213112,0.9797673,moving,-6.970699,2.050578,0.5319666,3.749187,-8.923228609577418,13.019364938003918
05/11/2023 12:33:20.012634,1154,True,True,True,True,Eyes,1.287387,-0.2711789,-3.559894,-0.1244698,0.03218734,0.9917012,0.0,0.0,0.0,0.0,0.0,0.0,0.0,-0.5770709,0.6509837,3.694367,1.272588,-0.2753602,-3.565086,0.04687859,-0.09298112,0.01795341,0.9944017,5.541745,349.3914,1.553758,0.3395612,-0.07097365,-0.9379019,0,0,0,1.117543,-0.3017474,-2.693023,0.009754986,0.05902631,0.8841097,0.9820644,0.02698814,0.1866044,-0.04442343,0.9949602,0.08989363,-0.1832379,-0.09657094,0.9783139,moving,-7.153863,1.858979,0.6321578,3.819602,-9.113967500905328,12.824407150346396
05/11/2023 12:33:20.032942,1155,True,True,True,True,Eyes,1.287066,-0.2713898,-3.559727,-0.1274912,0.02889431,0.9914187,0.0,0.0,0.0,0.0,0.0,0.0,0.0,-0.5530909,0.667168,3.695011,1.272126,-0.2756266,-3.565088,0.04901654,-0.09607379,0.01825904,0.9939989,5.794063,349.0369,1.548237,0.3395263,-0.07102155,-0.9379109,0,0,0,1.113583,-0.3046286,-2.693206,0.01179604,0.06030624,0.8845219,0.9808729,0.02688052,0.1927845,-0.04571733,0.9945279,0.09393635,-0.1892045,-0.1009532,0.9767344,moving,-7.327721,1.669379,0.764055,3.90036,-9.295270483177804,12.631532712130571
05/11/2023 12:33:20.043361,1156,True,True,True,True,Eyes,1.286741,-0.2716076,-3.559558,-0.1306355,0.02560392,0.9910998,0.0,0.0,0.0,0.0,0.0,0.0,0.0,-0.5294039,0.6793902,3.695831,1.271607,-0.2757164,-3.564828,0.05064726,-0.09913269,0.0185244,0.9936119,5.987999,348.6856,1.542439,0.3394887,-0.07107069,-0.9379208,0,0,0,1.109517,-0.3075874,-2.693395,0.01366101,0.06041582,0.8847871,0.9796591,0.02677052,0.1988753,-0.04685372,0.9941834,0.09697466,-0.1951224,-0.1043202,0.9752152,moving,-7.508793,1.479841,0.8845701,3.906258,-9.483835055062126,12.43867286608236
05/11/2023 12:33:20.062873,1157,True,True,True,True,Eyes,1.28637,-0.2718242,-3.559403,-0.1336205,0.02234804,0.9907805,0.0,0.0,0.0,0.0,0.0,0.0,0.0,-0.5051405,0.6916608,3.696696,1.271233,-0.2760832,-3.564669,0.05215327,-0.1022313,0.01916874,0.9932077,6.172221,348.3316,1.580047,0.3394485,-0.07112112,-0.9379315,0,0,0,1.104899,-0.3109482,-2.693609,0.01493995,0.06028372,0.8853089,0.9783627,0.02741369,0.2050732,-0.04874047,0.9938251,0.09967876,-0.2010743,-0.1075173,0.9736576,moving,-7.680788,1.292145,0.9667979,3.895453,-9.663199467827084,12.247736091072573
05/11/2023 12:33:20.072813,1158,True,True,True,True,Eyes,1.285997,-0.2720419,-3.559251,-0.1367181,0.01911748,0.9904255,0.0,0.0,0.0,0.0,0.0,0.0,0.0,-0.4814879,0.7024074,3.697686,1.270694,-0.2762197,-3.564706,0.05352946,-0.1052456,0.01961656,0.9928107,6.339432,347.986,1.596117,0.3394048,-0.0711727,-0.9379435,0,0,0,1.101231,-0.3136167,-2.693779,0.01722029,0.06033031,0.8858296,0.9770771,0.02768358,0.2110781,-0.05021855,0.9934996,0.1021601,-0.2068779,-0.1104184,0.9721159,moving,-7.859426,1.105803,1.113674,3.89617,-9.849207960029444,12.058124129334942
05/11/2023 12:33:20.093168,1159,True,True,True,True,Eyes,1.285589,-0.2722611,-3.559105,-0.1396114,0.01603218,0.9900767,0.0,0.0,0.0,0.0,0.0,0.0,0.0,-0.4587033,0.7118757,3.698599,1.270317,-0.2764422,-3.564644,0.05477666,-0.1081982,0.01982465,0.9924211,6.489032,347.6458,1.585727,0.3393579,-0.07122535,-0.9379565,0,0,0,1.097245,-0.316517,-2.693963,0.01888986,0.05998667,0.8863908,0.9758003,0.02749534,0.2169281,-0.05120227,0.993213,0.104433,-0.2125844,-0.113013,0.9705853,moving,-8.026396,0.9277017,1.220845,3.8716,-10.023196578906068,11.876922600050346
05/11/2023 12:33:20.112700,1160,True,True,True,True,Eyes,1.285184,-0.2724794,-3.558963,-0.1425836,0.01295872,0.9896979,0.0,0.0,0.0,0.0,0.0,0.0,0.0,-0.4381695,0.7193323,3.699427,1.269964,-0.2766517,-3.564527,0.05583523,-0.1109055,0.01966125,0.9920665,6.612024,347.3312,1.535937,0.3393073,-0.07127899,-0.9379707,0,0,0,1.093175,-0.3194792,-2.694152,0.01999444,0.05918697,0.886982,0.9746268,0.02662567,0.2222469,-0.05139541,0.9929918,0.1064234,-0.2178557,-0.1151456,0.9691648,moving,-8.198071,0.7501656,1.291349,3.817601,-10.201903940808549,11.696261205606305
05/11/2023 12:33:20.123211,1161,True,True,True,True,Eyes,1.284758,-0.2726995,-3.558822,-0.145406,0.01004038,0.9893211,0.0,0.0,0.0,0.0,0.0,0.0,0.0,-0.418971,0.7293946,3.699559,1.26965,-0.2768241,-3.564498,0.05717811,-0.1133909,0.01982195,0.9917058,6.771093,347.0443,1.520418,0.3392534,-0.07133351,-0.9379861,0,0,0,1.089207,-0.3223662,-2.694336,0.02081156,0.05899689,0.8876382,0.9734992,0.02634813,0.2271676,-0.05228204,0.9926755,0.1089124,-0.2226341,-0.117903,0.9677463,moving,-8.361217,0.5814613,1.34311,3.802573,-10.37173254457255,11.524587008747917
05/11/2023 12:33:20.143192,1162,True,True,True,True,Eyes,1.284332,-0.2729248,-3.55869,-0.148297,0.007146365,0.9889171,0.0,0.0,0.0,0.0,0.0,0.0,0.0,-0.4016929,0.7344211,3.700162,1.269175,-0.277073,-3.564317,0.05779497,-0.1155911,0.02009104,0.9914106,6.848345,346.791,1.528031,0.3391959,-0.07138887,-0.9380026,0,0,0,1.08514,-0.3253259,-2.694525,0.02112673,0.05753457,0.8882457,0.9724701,0.02647576,0.2315188,-0.0531981,0.9925122,0.1099524,-0.2268741,-0.1192418,0.9665968,moving,-8.528468,0.4140382,1.362511,3.706057,-10.545652165430582,11.354180935160336
05/11/2023 12:33:20.162726,1163,True,True,True,True,Eyes,1.283877,-0.2731476,-3.558566,-0.1510466,0.004331096,0.9885172,0.0,0.0,0.0,0.0,0.0,0.0,0.0,-0.3835086,0.7430621,3.700352,1.268819,-0.277405,-3.564403,0.05888351,-0.1179083,0.0204095,0.9910671,6.98029,346.5243,1.533823,0.3391352,-0.07144511,-0.9380203,0,0,0,1.081024,-0.3283208,-2.694715,0.02157506,0.05700437,0.8891011,0.9713622,0.02656866,0.2361136,-0.05434008,0.9922324,0.1119021,-0.2313065,-0.1215279,0.9652607,moving,-8.687668,0.2510345,1.390075,3.668475,-10.711319740388003,11.188297245995035
05/11/2023 12:33:20.173537,1164,True,True,True,True,Eyes,1.283417,-0.2733631,-3.558449,-0.153862,0.001536375,0.9880912,0.0,0.0,0.0,0.0,0.0,0.0,0.0,-0.3660344,0.7538815,3.699702,1.268258,-0.2775371,-3.564352,0.06033615,-0.1201278,0.02057995,0.9907095,7.151631,346.2676,1.517798,0.3390709,-0.07150209,-0.9380392,0,0,0,1.07692,-0.3313067,-2.694905,0.02204186,0.05688786,0.8897847,0.9702916,0.02628141,0.2405069,-0.0552736,0.991872,0.1146068,-0.23554,-0.1244957,0.9638577,moving,-8.850814,0.08908869,1.419048,3.658193,-10.880925598338843,11.02345693892218
05/11/2023 12:33:20.197654,1165,True,True,True,True,Eyes,1.282954,-0.2735835,-3.558337,-0.1565473,-0.001212344,0.9876698,0.0,0.0,0.0,0.0,0.0,0.0,0.0,-0.3483692,0.7620419,3.699641,1.267735,-0.2775583,-3.564438,0.06143611,-0.1223736,0.0207525,0.9903635,7.282823,346.0078,1.505949,0.3390031,-0.07155953,-0.9380593,0,0,0,1.072761,-0.3343336,-2.695098,0.02248843,0.05602115,0.8906998,0.9691881,0.02606873,0.2449386,-0.05614135,0.9915899,0.116609,-0.2398388,-0.1267672,0.9625006,moving,-9.006552,-0.07032932,1.446299,3.598915,-11.04298917750276,10.86122202578394
05/11/2023 12:33:20.213137,1166,True,True,True,True,Eyes,1.282492,-0.2738061,-3.558227,-0.1592767,-0.003974465,0.987226,0.0,0.0,0.0,0.0,0.0,0.0,0.0,-0.3324937,0.7705342,3.699213,1.26738,-0.2778893,-3.564404,0.0624775,-0.1243654,0.02120529,0.9900405,7.410939,345.7794,1.528311,0.338932,-0.07161749,-0.9380805,0,0,0,1.068791,-0.3372222,-2.695282,0.0224907,0.05554349,0.8914815,0.9681671,0.0264481,0.2489034,-0.05752827,0.9912938,0.1184361,-0.243604,-0.1289849,0.9612595,moving,-9.16499,-0.2306653,1.445177,3.565188,-11.207801587309714,10.698040899174307
05/11/2023 12:33:20.222719,1167,True,True,True,True,Eyes,1.282035,-0.2740235,-3.558118,-0.1619463,-0.00672262,0.9867766,0.0,0.0,0.0,0.0,0.0,0.0,0.0,-0.3165823,0.7822545,3.697975,1.266962,-0.2781453,-3.564352,0.06392006,-0.1263149,0.0219138,0.9896863,7.588512,345.5576,1.574,0.3388581,-0.07167599,-0.9381027,0,0,0,1.064353,-0.3404512,-2.695488,0.0220264,0.05544316,0.8923558,0.9671287,0.02722747,0.2528256,-0.05952368,0.990868,0.1209855,-0.2472227,-0.1320577,0.9599175,moving,-9.320099,-0.3903333,1.413969,3.555287,-11.369240078045971,10.535557400944072
05/11/2023 12:33:20.248819,1168,True,True,True,True,Eyes,1.281586,-0.2742431,-3.558016,-0.1646474,-0.009489683,0.9863068,0.0,0.0,0.0,0.0,0.0,0.0,0.0,-0.301401,0.7932408,3.696717,1.266532,-0.2782368,-3.564305,0.06529266,-0.128169,0.02259287,0.9893429,7.757755,345.3466,1.617418,0.3387817,-0.07173484,-0.9381258,0,0,0,1.060387,-0.3433376,-2.695672,0.02187029,0.05537786,0.893148,0.9661245,0.02796721,0.2565565,-0.06144119,0.9904528,0.1234022,-0.2506559,-0.1349851,0.9586192,moving,-9.477183,-0.5512503,1.402707,3.547969,-11.532708321418834,10.371797800125751
05/11/2023 12:33:20.264688,1169,True,True,True,True,Eyes,1.281127,-0.2744573,-3.557918,-0.1672248,-0.01222113,0.9858431,0.0,0.0,0.0,0.0,0.0,0.0,0.0,-0.2869469,0.8053752,3.695248,1.266315,-0.2784888,-3.564367,0.06681387,-0.129957,0.02320562,0.9889939,7.943034,345.1427,1.650977,0.3387031,-0.07179403,-0.9381496,0,0,0,1.056322,-0.3462952,-2.69586,0.02133679,0.05569833,0.8941151,0.9651453,0.02853457,0.2601542,-0.06326629,0.9899948,0.1261255,-0.2539524,-0.1381885,0.9572942,moving,-9.62723,-0.710238,1.367023,3.564598,-11.689027563838614,10.210035942540962
05/11/2023 12:33:20.282813,1170,True,True,True,True,Eyes,1.280675,-0.2746744,-3.557821,-0.1697848,-0.0149412,0.9853679,0.0,0.0,0.0,0.0,0.0,0.0,0.0,-0.2758383,0.815169,3.693764,1.265976,-0.278558,-3.564294,0.06810915,-0.1313401,0.02348895,0.988716,8.097111,344.9834,1.652893,0.3386223,-0.07185341,-0.9381742,0,0,0,1.052351,-0.3491845,-2.696044,0.02024104,0.05543087,0.8949857,0.9643961,0.02855687,0.2629158,-0.06433873,0.9896188,0.1285111,-0.2565165,-0.1408513,0.9562218,moving,-9.776407,-0.8687134,1.295583,3.544083,-11.844453936230511,10.048797901078478
05/11/2023 12:33:20.293074,1171,True,True,True,True,Eyes,1.280214,-0.2748897,-3.557733,-0.1722797,-0.01759509,0.9848909,0.0,0.0,0.0,0.0,0.0,0.0,0.0,-0.2666976,0.8243877,3.692277,1.265731,-0.2788284,-3.564244,0.06927844,-0.1324611,0.02385231,0.9884765,8.237643,344.8552,1.667643,0.3385397,-0.071913,-0.9381995,0,0,0,1.048342,-0.352102,-2.69623,0.01855136,0.0551523,0.8959289,0.9637703,0.02880149,0.2651742,-0.06550828,0.9892631,0.1306412,-0.2585644,-0.1432792,0.9553092,moving,-9.921942,-1.023481,1.186214,3.522614,-11.996091049919514,9.891333308094083
05/11/2023 12:33:20.312624,1172,True,True,True,True,Eyes,1.27976,-0.2751072,-3.557649,-0.1747394,-0.02024871,0.9844065,0.0,0.0,0.0,0.0,0.0,0.0,0.0,-0.2588353,0.8341128,3.690566,1.265822,-0.278908,-3.564116,0.07052004,-0.1334424,0.02431889,0.9882453,8.38781,344.744,1.693998,0.3384552,-0.07197274,-0.9382253,0,0,0,1.04427,-0.3550651,-2.696419,0.01620236,0.05481926,0.8969476,0.9632034,0.02924533,0.2671776,-0.06688679,0.988871,0.1328918,-0.2603177,-0.1458725,0.9544401,moving,-10.06558,-1.178377,1.034872,3.497429,-12.145822343866541,9.73375153093435
05/11/2023 12:33:20.333173,1173,True,True,True,True,Eyes,1.279328,-0.2753206,-3.557561,-0.1771266,-0.02287055,0.9839223,0.0,0.0,0.0,0.0,0.0,0.0,0.0,-0.2512617,0.8443102,3.688728,1.265556,-0.2791668,-3.564146,0.07176518,-0.1343047,0.02496711,0.9880227,8.541031,344.6482,1.741855,0.3383691,-0.07203266,-0.9382518,0,0,0,1.040176,-0.3580439,-2.696608,0.01400785,0.05470618,0.8980256,0.9626778,0.03005932,0.2689758,-0.06861295,0.9884528,0.1351049,-0.2618088,-0.1485177,0.953624,moving,-10.20513,-1.331558,0.8936557,3.486053,-12.29138098914333,9.577931143681257
05/11/2023 12:33:20.342911,1174,True,True,True,True,Eyes,1.278906,-0.2755321,-3.557474,-0.1794531,-0.02549571,0.9834361,0.0,0.0,0.0,0.0,0.0,0.0,0.0,-0.244819,0.8551103,3.686522,1.265229,-0.2793601,-3.564092,0.07305351,-0.1349729,0.02586102,0.9878142,8.702715,344.5772,1.818683,0.3382821,-0.07209262,-0.9382785,0,0,0,1.036122,-0.3609941,-2.696796,0.01153301,0.05468932,0.8990174,0.962227,0.03137128,0.2704348,-0.07081226,0.9879888,0.1373455,-0.2628779,-0.1513077,0.952891,moving,-10.34131,-1.485068,0.7349762,3.481146,-12.43355729165858,9.421800555561674
05/11/2023 12:33:20.363175,1175,True,True,True,True,Eyes,1.278498,-0.2757401,-3.557389,-0.1817468,-0.02814972,0.9829424,0.0,0.0,0.0,0.0,0.0,0.0,0.0,-0.239624,0.8657597,3.684261,1.265043,-0.2795183,-3.564025,0.07429271,-0.1354678,0.02691115,0.9876259,8.861008,344.528,1.915566,0.3381945,-0.07215257,-0.9383054,0,0,0,1.031867,-0.3640904,-2.696994,0.008396521,0.05448473,0.9001272,0.9618485,0.03302775,0.2715816,-0.07328483,0.9875127,0.1394556,-0.2635844,-0.154038,0.9522582,moving,-10.47572,-1.640401,0.5344481,3.463889,-12.574011498705255,9.263838431014216
05/11/2023 12:33:20.382757,1176,True,True,True,True,Eyes,1.278098,-0.2759473,-3.557306,-0.1839837,-0.03080487,0.9824465,0.0,0.0,0.0,0.0,0.0,0.0,0.0,-0.2343677,0.8748918,3.682359,1.264674,-0.2796583,-3.56406,0.07531942,-0.1359368,0.02799737,0.9874535,8.995714,344.4823,2.020002,0.3381068,-0.07221239,-0.9383324,0,0,0,1.027778,-0.3670653,-2.697183,0.005568102,0.05401977,0.9012693,0.9614747,0.03481484,0.27268,-0.07576956,0.9870863,0.1411371,-0.264245,-0.1563606,0.9516963,moving,-10.60697,-1.795936,0.3539727,3.430059,-12.711290622153683,9.105693122270996
05/11/2023 12:33:20.392934,1177,True,True,True,True,Eyes,1.27771,-0.2761506,-3.557225,-0.1866423,-0.03351941,0.981856,0.0,0.0,0.0,0.0,0.0,0.0,0.0,-0.2291825,0.8853478,3.680089,1.264444,-0.2798353,-3.564028,0.0765583,-0.1364379,0.02892447,0.9872624,9.152283,344.4316,2.102553,0.338019,-0.07227208,-0.9383594,0,0,0,1.023837,-0.3699332,-2.697366,0.002807513,0.05404685,0.9023217,0.9610962,0.03622117,0.2738288,-0.07800299,0.9866044,0.1432735,-0.2649712,-0.159059,0.9510471,moving,-10.76301,-1.955251,0.1782714,3.427781,-12.873654884110246,8.943560354751414
05/11/2023 12:33:20.412975,1178,True,True,True,True,Eyes,1.277329,-0.2763565,-3.557145,-0.1892447,-0.03621326,0.981262,0.0,0.0,0.0,0.0,0.0,0.0,0.0,-0.222732,0.8952876,3.677986,1.2641,-0.2799621,-3.564043,0.07775021,-0.1370992,0.02978748,0.987052,9.302951,344.3618,2.176857,0.3379314,-0.07233153,-0.9383864,0,0,0,1.019734,-0.3729189,-2.697556,0.000295952,0.0538286,0.9034703,0.9606331,0.03748459,0.27528,-0.08012256,0.9861352,0.1453193,-0.2660161,-0.1616546,0.9503174,moving,-10.91596,-2.113529,0.01876852,3.409642,-13.032873709204909,8.782496758973021
05/11/2023 12:33:20.432997,1179,True,True,True,True,Eyes,1.27696,-0.2765568,-3.55707,-0.1922739,-0.03901961,0.9805652,0.0,0.0,0.0,0.0,0.0,0.0,0.0,-0.2163192,0.9037721,3.676187,1.263873,-0.2802193,-3.563993,0.07875485,-0.1377952,0.03050674,0.9868534,9.430223,344.2868,2.237097,0.3378443,-0.07239082,-0.9384132,0,0,0,1.015643,-0.3758959,-2.697745,-0.002272367,0.05338816,0.9046007,0.9601637,0.03850726,0.2767725,-0.08191545,0.985734,0.1470316,-0.2671623,-0.1638463,0.9496202,moving,-11.09407,-2.278767,-0.1439274,3.377592,-13.217655024647364,8.61422776037963
05/11/2023 12:33:20.443122,1180,True,True,True,True,Eyes,1.276597,-0.2767569,-3.556998,-0.1952379,-0.0418064,0.9798645,0.0,0.0,0.0,0.0,0.0,0.0,0.0,-0.2097661,0.9135083,3.674131,1.263543,-0.2802863,-3.564076,0.08001489,-0.1385354,0.03094691,0.9866346,9.582374,344.204,2.260744,0.3377577,-0.07244983,-0.9384398,0,0,0,1.011634,-0.3788127,-2.697931,-0.004523695,0.05322152,0.9058252,0.9597005,0.0388968,0.2783201,-0.08323639,0.9852798,0.1493164,-0.2684152,-0.1664654,0.9488111,moving,-11.2686,-2.443071,-0.286133,3.362533,-13.398800926647883,8.446927051514981
05/11/2023 12:33:20.462816,1181,True,True,True,True,Eyes,1.276258,-0.2769519,-3.55692,-0.1985769,-0.04456712,0.9790715,0.0,0.0,0.0,0.0,0.0,0.0,0.0,-0.2030194,0.9221543,3.672319,1.263327,-0.2804668,-3.564107,0.08110251,-0.1393113,0.03142635,0.9864213,9.715651,344.1174,2.291044,0.3376718,-0.07250856,-0.9384663,0,0,0,1.007514,-0.3818105,-2.698122,-0.006950125,0.05280761,0.9070853,0.9592095,0.03940226,0.2799368,-0.08459624,0.9848695,0.1512464,-0.2697418,-0.1687586,0.9480295,moving,-11.4653,-2.606292,-0.4389941,3.331816,-13.602233666914344,8.28057360590699
05/11/2023 12:33:20.482811,1182,True,True,True,True,Eyes,1.275918,-0.277146,-3.55685,-0.2018532,-0.04730411,0.9782727,0.0,0.0,0.0,0.0,0.0,0.0,0.0,-0.1946979,0.9280608,3.671103,1.263044,-0.2805682,-3.564015,0.08180147,-0.1402708,0.03204871,0.9862077,9.80744,344.0109,2.34186,0.337587,-0.07256689,-0.9384922,0,0,0,1.00336,-0.3848333,-2.698315,-0.009075224,0.05161359,0.9082939,0.958594,0.04026464,0.2819156,-0.08616208,0.9845628,0.1523555,-0.2714291,-0.1703375,0.9472652,moving,-11.65858,-2.768365,-0.5724521,3.252322,-13.802185041557866,8.115403770673367
05/11/2023 12:33:20.492876,1183,True,True,True,True,Eyes,1.275602,-0.2773389,-3.556778,-0.2053828,-0.05001359,0.977403,0.0,0.0,0.0,0.0,0.0,0.0,0.0,-0.1864017,0.9360191,3.669523,1.262702,-0.2807248,-3.564134,0.08281397,-0.1412414,0.03247057,0.9859708,9.93185,343.901,2.364398,0.3375032,-0.07262482,-0.9385179,0,0,0,0.9994411,-0.3876849,-2.698496,-0.0107953,0.05117016,0.9095829,0.957993,0.04063655,0.2838978,-0.08742359,0.984175,0.1541319,-0.2731417,-0.1724767,0.9463854,moving,-11.86697,-2.929263,-0.6799775,3.219879,-14.017311648869468,7.951321297801177
05/11/2023 12:33:20.512843,1184,True,True,True,True,Eyes,1.275287,-0.2775342,-3.556704,-0.2088549,-0.05268174,0.9765266,0.0,0.0,0.0,0.0,0.0,0.0,0.0,-0.1765471,0.945109,3.667649,1.262505,-0.2809016,-3.564158,0.08398326,-0.1424366,0.03290278,0.9856856,10.07489,343.7649,2.383055,0.3374209,-0.07268237,-0.938543,0,0,0,0.9952231,-0.3907542,-2.698692,-0.0125535,0.05084274,0.9109313,0.9572584,0.040939,0.2863221,-0.08878817,0.9837284,0.1561891,-0.2752689,-0.1749353,0.9453172,moving,-12.07227,-3.088004,-0.7895402,3.194593,-14.229255906442067,7.789440491733393
05/11/2023 12:33:20.532682,1185,True,True,True,True,Eyes,1.274985,-0.2777243,-3.556627,-0.2124922,-0.05530118,0.9755966,0.0,0.0,0.0,0.0,0.0,0.0,0.0,-0.1673088,0.9512216,3.666309,1.262245,-0.2811441,-3.564034,0.0847566,-0.1435681,0.03323045,0.9854442,10.17105,343.6353,2.396461,0.3373399,-0.07273963,-0.9385677,0,0,0,0.9913646,-0.3935619,-2.698871,-0.01406504,0.05004564,0.9120409,0.9565679,0.04115682,0.2885896,-0.08983018,0.9834241,0.1575041,-0.2773236,-0.1765875,0.9444091,moving,-12.28754,-3.244309,-0.883517,3.140792,-14.451158473051263,7.629956387206568
05/11/2023 12:33:20.543180,1186,True,True,True,True,Eyes,1.274683,-0.2779107,-3.556554,-0.2160856,-0.05789095,0.9746567,0.0,0.0,0.0,0.0,0.0,0.0,0.0,-0.1572715,0.9573433,3.66499,1.261855,-0.2812262,-3.56399,0.08554897,-0.1447805,0.0335906,0.985186,10.27016,343.4964,2.412215,0.3372605,-0.07279649,-0.9385918,0,0,0,0.9873368,-0.3964927,-2.699057,-0.01545194,0.04903345,0.9132975,0.9558205,0.04141432,0.2910189,-0.09095763,0.9831061,0.1588368,-0.2795243,-0.1782899,0.9434399,moving,-12.50053,-3.399161,-0.9692858,3.073166,-14.670717465178065,7.471956694749385
05/11/2023 12:33:20.562908,1187,True,True,True,True,Eyes,1.274392,-0.2781002,-3.556477,-0.2198368,-0.0604189,0.9736639,0.0,0.0,0.0,0.0,0.0,0.0,0.0,-0.1459354,0.9640031,3.663666,1.261548,-0.2813138,-3.564043,0.08639292,-0.1461503,0.03407038,0.9848937,10.37759,343.3402,2.438948,0.3371824,-0.07285289,-0.9386154,0,0,0,0.9830305,-0.3996262,-2.699257,-0.01687558,0.04800677,0.9147871,0.9549586,0.04185869,0.2937719,-0.0923641,0.982751,0.1602169,-0.2819981,-0.1801345,0.9423527,moving,-12.72308,-3.55083,-1.056847,3.004048,-14.899797325931923,7.317111771279211
05/11/2023 12:33:20.573001,1188,True,True,True,True,Eyes,1.274099,-0.2782921,-3.556401,-0.2235561,-0.06292985,0.9726575,0.0,0.0,0.0,0.0,0.0,0.0,0.0,-0.1343685,0.9705997,3.662197,1.261273,-0.2815894,-3.563945,0.08720446,-0.1475557,0.03456785,0.9845952,10.48182,343.1801,2.467581,0.3371059,-0.07290896,-0.9386386,0,0,0,0.9789275,-0.4026118,-2.699447,-0.01809372,0.04722755,0.9160591,0.9540647,0.04233563,0.2965943,-0.09380571,0.9824009,0.1615209,-0.2845364,-0.1819236,0.9412454,moving,-12.94408,-3.701814,-1.131542,2.951278,-15.127293946359682,7.16296982454228
05/11/2023 12:33:20.592962,1189,True,True,True,True,Eyes,1.273816,-0.2784787,-3.556319,-0.2274014,-0.06539998,0.9716026,0.0,0.0,0.0,0.0,0.0,0.0,0.0,-0.1212915,0.978117,3.660542,1.260973,-0.2818285,-3.563918,0.08814548,-0.1491472,0.035102,0.9842527,10.602,342.9983,2.49594,0.3370306,-0.07296478,-0.9386612,0,0,0,0.9749854,-0.4054803,-2.69963,-0.01875134,0.04677241,0.9173518,0.9530459,0.04280519,0.2997851,-0.09539178,0.9819965,0.1630441,-0.2874088,-0.1839856,0.939971,moving,-13.17283,-3.850854,-1.171004,2.918775,-15.362529817313357,7.010741892348433
05/11/2023 12:33:20.613044,1190,True,True,True,True,Eyes,1.27353,-0.2786666,-3.556236,-0.2312212,-0.06784272,0.9705329,0.0,0.0,0.0,0.0,0.0,0.0,0.0,-0.1076767,0.9856231,3.658706,1.260528,-0.2819026,-3.563815,0.08913118,-0.15081,0.03554653,0.9838946,10.72602,342.8071,2.512084,0.3369569,-0.07302026,-0.9386834,0,0,0,0.9708536,-0.4084868,-2.699821,-0.01934192,0.04607034,0.9186531,0.9519856,0.04306431,0.3030989,-0.0968318,0.9815842,0.1646698,-0.2904256,-0.1861129,0.938624,moving,-13.40043,-3.998616,-1.206164,2.870971,-15.596565655928709,6.859813885567657
05/11/2023 12:33:20.652810,1191,True,True,True,True,Eyes,1.26605,-0.2835947,-3.554281,-0.3258415,-0.1293937,0.9365279,0.9027975,0.9718812,-0.400411,-2.708786,0.3404158,0.7361763,-0.5849457,-0.01722217,0.05408435,0.9082115,1.260197,-0.2821137,-3.563742,0.08992381,-0.1525334,0.03598109,0.983541,10.82816,342.6087,2.529325,0.3368843,-0.07307545,-0.9387051,0,0,0,0.9667742,-0.4114552,-2.70001,-0.01986727,0.04520482,0.9200107,0.9508778,0.04334496,0.3065168,-0.09821051,0.9812381,0.1659109,-0.2935746,-0.1878642,0.9372945,moving,-19.18406,-7.866366,-1.237088,2.812971,-21.54746059632329,2.910351585278777
05/11/2023 12:33:20.665927,1192,True,True,True,True,Eyes,1.266022,-0.2836003,-3.554279,-0.3260487,-0.1295823,0.9364298,0.9091419,0.9695977,-0.4014091,-2.702932,0.461277,0.8683711,-0.1820856,-0.01417363,0.0568957,0.9142708,1.259948,-0.2825018,-3.563679,0.09110221,-0.1542453,0.03655411,0.9831443,10.9767,342.4127,2.555524,0.3366567,-0.07326312,-0.9387718,0,0,0,0.9626778,-0.414436,-2.7002,-0.02046931,0.04527016,0.9213601,0.9497444,0.04377177,0.309951,-0.09998009,0.9807284,0.1678566,-0.2966303,-0.1904098,0.9358176,moving,-19.19723,-7.878507,-1.272697,2.812912,-21.56112134934999,2.89798732526158
05/11/2023 12:33:20.692997,1193,True,True,True,True,Eyes,1.265978,-0.2836171,-3.554272,-0.3263859,-0.1298565,0.9362743,0.0,0.0,0.0,0.0,0.0,0.0,0.0,-0.06203794,1.013234,3.651695,1.259425,-0.282619,-3.563613,0.09266187,-0.1563628,0.03734026,0.9826344,11.17362,342.1709,2.594317,0.3364512,-0.07343218,-0.938832,0,0,0,0.9586924,-0.417336,-2.700385,-0.01993144,0.04587397,0.9226323,0.9483128,0.04440591,0.314215,-0.1023614,0.980039,0.1704282,-0.3003749,-0.1937827,0.9339289,moving,-19.21859,-7.89626,-1.237556,2.846445,-21.583213410232986,2.879893849025102
05/11/2023 12:33:20.712695,1194,True,True,True,True,Eyes,1.265921,-0.283641,-3.554262,-0.3269555,-0.1302789,0.9360169,0.0,0.0,0.0,0.0,0.0,0.0,0.0,-0.04633629,1.021376,3.649427,1.259027,-0.2828929,-3.563495,0.09366971,-0.1582498,0.03808312,0.9822081,11.30663,341.9561,2.639896,0.3362653,-0.07358483,-0.9388865,0,0,0,0.9504617,-0.4233251,-2.700766,-0.02420756,0.04302012,0.9256337,0.9470134,0.04516466,0.318003,-0.1044575,0.9795513,0.171953,-0.303734,-0.1960596,0.932366,moving,-19.25457,-7.923773,-1.498082,2.660987,-21.620347727458253,2.851834008026213
05/11/2023 12:33:20.723315,1195,True,True,True,True,Eyes,1.265848,-0.283672,-3.55425,-0.3276572,-0.1307898,0.9357002,0.0,0.0,0.0,0.0,0.0,0.0,0.0,-0.02553535,1.032686,3.646273,1.258562,-0.2830868,-3.563465,0.0950709,-0.1607185,0.03924205,0.9816267,11.49382,341.677,2.71879,0.3360967,-0.0737229,-0.9389359,0,0,0,0.9475085,-0.425474,-2.700903,-0.02204317,0.04421063,0.9266074,0.9452593,0.04648279,0.3229927,-0.1076014,0.9788432,0.1740344,-0.3080696,-0.1992621,0.9302622,moving,-19.29889,-7.957101,-1.362759,2.731645,-21.666071075012994,2.8178386859491233
05/11/2023 12:33:20.732943,1196,True,True,True,True,Eyes,1.265761,-0.2837164,-3.554234,-0.3285152,-0.1313878,0.9353155,0.0,0.0,0.0,0.0,0.0,0.0,0.0,-0.007578135,1.041972,3.643561,1.258039,-0.2832868,-3.56348,0.0962198,-0.1628345,0.04022264,0.9811264,11.64849,341.4375,2.78521,0.3359433,-0.07384805,-0.9389809,0,0,0,0.9394769,-0.4313183,-2.701275,-0.02551559,0.04181053,0.9297272,0.9437341,0.04759117,0.3272628,-0.1102628,0.9782478,0.1757083,-0.311782,-0.2019068,0.9284533,moving,-19.35304,-7.996264,-1.57204,2.574899,-21.721884363396867,2.777877725055861
05/11/2023 12:33:20.742690,1197,True,True,True,True,Eyes,1.265633,-0.2837793,-3.554221,-0.3296832,-0.1321995,0.93479,0.0,0.0,0.0,0.0,0.0,0.0,0.0,0.01371944,1.051041,3.640737,1.257631,-0.2836454,-3.56339,0.09729014,-0.1653605,0.0414631,0.9805465,11.80068,341.1527,2.877345,0.3358033,-0.07396193,-0.9390221,0,0,0,0.9370548,-0.4330807,-2.701388,-0.02279437,0.04293467,0.930476,0.9418734,0.0491371,0.3323552,-0.1134889,0.9776309,0.1770823,-0.3162194,-0.2045078,0.9263811,moving,-19.42681,-8.04948,-1.403325,2.641908,-21.79791579697281,2.7235761677529844
05/11/2023 12:33:20.762821,1198,True,True,True,True,Eyes,1.265503,-0.283848,-3.554197,-0.3311352,-0.1331286,0.9341447,0.0,0.0,0.0,0.0,0.0,0.0,0.0,0.05352712,1.071002,3.634357,1.256647,-0.2841317,-3.563505,0.09980401,-0.170091,0.04345665,0.9793976,12.13869,340.6146,3.000314,0.3356744,-0.07406618,-0.93906,0,0,0,0.9324619,-0.4364228,-2.701601,-0.01735547,0.04567716,0.9320843,0.938361,0.05117115,0.3418479,-0.1190742,0.9763014,0.1807125,-0.3244993,-0.2102788,0.9222164,moving,-19.51838,-8.110829,-1.066728,2.805558,-21.892137743046632,2.660932194269648
05/11/2023 12:33:20.773028,1199,True,True,True,True,Eyes,1.265349,-0.2839207,-3.554178,-0.3327946,-0.134121,0.9334127,0.0,0.0,0.0,0.0,0.0,0.0,0.0,0.07963932,1.079655,3.631036,1.256068,-0.2843606,-3.563405,0.10093,-0.1732869,0.04437518,0.9786805,12.29445,340.2462,3.043623,0.3355555,-0.07416195,-0.9390949,0,0,0,0.9298328,-0.4383359,-2.701722,-0.01335761,0.04649483,0.9328953,0.9360049,0.05187857,0.3481427,-0.121838,0.975688,0.1821772,-0.3302275,-0.2129357,0.9195696,moving,-19.62294,-8.1768,-0.8203304,2.853219,-21.999591393084657,2.593528045191716
05/11/2023 12:33:20.793005,1200,True,True,True,True,Eyes,1.265088,-0.284017,-3.554198,-0.3361317,-0.1366878,0.9318433,0.0,0.0,0.0,0.0,0.0,0.0,0.0,0.1082681,1.087316,3.627932,1.25543,-0.2845083,-3.56354,0.1019957,-0.1768619,0.04495395,0.9779038,12.43813,339.8285,3.043207,0.3354449,-0.07425018,-0.9391275,0,0,0,0.9263222,-0.4408904,-2.701885,-0.009341717,0.04649786,0.9343271,0.933398,0.05184297,0.355078,-0.1239996,0.9751521,0.1835827,-0.3367376,-0.2153852,0.9166334,moving,-19.83524,-8.344943,-0.5728434,2.84904,-22.21889368174031,2.4220936748576545
05/11/2023 12:33:20.812773,1201,True,True,True,True,Eyes,1.26481,-0.2841243,-3.554214,-0.3395844,-0.1393011,0.9302031,0.0,0.0,0.0,0.0,0.0,0.0,0.0,0.1358093,1.098264,3.623463,1.254856,-0.2848678,-3.563467,0.1035414,-0.1803612,0.04523093,0.977089,12.63,339.4148,2.998237,0.335339,-0.07433227,-0.9391589,0,0,0,0.9222308,-0.4438674,-2.702075,-0.006065845,0.04712254,0.9357669,0.9308479,0.05103957,0.3618245,-0.125739,0.9744667,0.1860226,-0.3430915,-0.2186543,0.913498,moving,-20.05536,-8.51695,-0.3713986,2.882816,-22.446197122162616,2.246700056512127
05/11/2023 12:33:20.832641,1202,True,True,True,True,Eyes,1.264635,-0.2842434,-3.554185,-0.3431542,-0.1420154,0.9284809,0.0,0.0,0.0,0.0,0.0,0.0,0.0,0.1641657,1.110466,3.618351,1.254226,-0.2852136,-3.563443,0.1051983,-0.1838673,0.04597777,0.9762233,12.84426,339.0052,3.003395,0.3352371,-0.07440911,-0.9391893,0,0,0,0.9177875,-0.4471007,-2.702281,-0.003058106,0.04791494,0.9373865,0.9281577,0.05108409,0.3686648,-0.1284542,0.9736387,0.1884865,-0.3493176,-0.2223017,0.9102523,moving,-20.28364,-8.696254,-0.1869196,2.926153,-22.68195719814365,2.063873623596697
05/11/2023 12:33:20.882694,1203,True,True,True,True,Eyes,1.264443,-0.2843745,-3.554159,-0.3468182,-0.144804,0.9266871,0.0,0.0,0.0,0.0,0.0,0.0,0.0,0.1920311,1.124077,3.612571,1.253253,-0.2859484,-3.563521,0.1069607,-0.1871973,0.04702834,0.9753486,13.0767,338.6196,3.042042,0.3351413,-0.07448158,-0.9392177,0,0,0,0.9140053,-0.4498528,-2.702456,0.0006500483,0.0497769,0.9385676,0.925491,0.05169255,0.3752256,-0.1317836,0.9726955,0.1910408,-0.3551049,-0.2262552,0.9070331,moving,-20.51867,-8.881212,0.03968283,3.035836,-22.924700058877484,1.8752851071327257
05/11/2023 12:33:20.892999,1204,True,True,True,True,Eyes,1.264177,-0.2845508,-3.554126,-0.3506469,-0.1478026,0.924771,0.0,0.0,0.0,0.0,0.0,0.0,0.0,0.220431,1.13903,3.606193,1.252729,-0.2863424,-3.563606,0.1089472,-0.1906306,0.0481795,0.9744071,13.33752,338.2219,3.084393,0.3350508,-0.07455043,-0.9392447,0,0,0,0.9096184,-0.453045,-2.702659,0.003575236,0.05147588,0.9402558,0.9226773,0.05235555,0.3820018,-0.1354303,0.9716185,0.1939489,-0.3610057,-0.2306869,0.9035809,moving,-20.7653,-9.080564,0.2178608,3.133625,-23.179597125096564,1.6720646635069585
05/11/2023 12:33:20.903185,1205,True,True,True,True,Eyes,1.263921,-0.2847125,-3.554095,-0.3542901,-0.1507011,0.9229126,0.0,0.0,0.0,0.0,0.0,0.0,0.0,0.295053,1.179309,3.587334,1.251039,-0.2873673,-3.563581,0.1143655,-0.1996059,0.05125279,0.9718288,14.04879,337.1797,3.188759,0.3349632,-0.07461725,-0.9392707,0,0,0,0.9054447,-0.456082,-2.702853,0.01867956,0.06050871,0.9406074,0.9150612,0.05396182,0.3996887,-0.1452739,0.9685873,0.2018266,-0.3762425,-0.2427481,0.894156,moving,-21.00093,-9.273899,1.13769,3.680731,-23.42322020243317,1.4750016901490746
05/11/2023 12:33:20.922703,1206,True,True,True,True,Eyes,1.263647,-0.2848689,-3.554061,-0.3577591,-0.1534584,0.9211184,0.0,0.0,0.0,0.0,0.0,0.0,0.0,0.2936617,1.180973,3.586884,1.251015,-0.2872626,-3.563582,0.1145862,-0.1993893,0.05138959,0.97184,14.0762,337.2069,3.202663,0.3348785,-0.07468188,-0.9392958,0,0,0,0.8952049,-0.463533,-2.703327,0.008330643,0.05505396,0.9458383,0.9152061,0.05419037,0.399326,-0.1455795,0.9684582,0.202226,-0.3757719,-0.2432121,0.8942278,moving,-21.226,-9.458612,0.50463,3.33123,-23.655926462731806,1.2867273155264716
05/11/2023 12:33:20.932609,1207,True,True,True,True,Eyes,1.263359,-0.2850279,-3.554028,-0.3612756,-0.1562154,0.9192805,0.0,0.0,0.0,0.0,0.0,0.0,0.0,0.3160294,1.192546,3.580861,1.250339,-0.2872051,-3.563534,0.1161741,-0.2020042,0.05258958,0.971047,14.29224,336.9066,3.265426,0.3347961,-0.0747444,-0.9393203,0,0,0,0.8928358,-0.4652569,-2.703437,0.0117577,0.05681351,0.9465254,0.9128573,0.05519858,0.4045302,-0.1490692,0.9674758,0.2043744,-0.380092,-0.2468677,0.8913957,moving,-21.45474,-9.64427,0.7116894,3.434956,-23.89235911821809,1.0974729283785276
05/11/2023 12:33:20.943000,1208,True,True,True,True,Eyes,1.263058,-0.2851878,-3.553998,-0.3648296,-0.1589616,0.9174043,0.0,0.0,0.0,0.0,0.0,0.0,0.0,0.3388766,1.20058,3.575926,1.249763,-0.2874152,-3.56356,0.1172651,-0.2047329,0.0535971,0.9702891,14.44842,336.5908,3.314808,0.3347152,-0.07480509,-0.9393443,0,0,0,0.8884113,-0.4684764,-2.703642,0.01333311,0.0567061,0.9483794,0.9104236,0.05599329,0.4098703,-0.1520254,0.9667525,0.2056159,-0.38473,-0.2495083,0.8886667,moving,-21.68653,-9.830219,0.805459,3.421792,-24.13187234874971,0.9079039587949893
05/11/2023 12:33:20.967487,1209,True,True,True,True,Eyes,1.254673,-0.2892073,-3.553431,-0.4447847,-0.222579,0.8675397,0.0,0.0,0.0,0.0,0.0,0.0,0.0,0.3610482,1.207559,3.571314,1.249223,-0.2875912,-3.563645,0.1182096,-0.2073644,0.05465149,0.9695565,14.58923,336.2874,3.373686,0.3346356,-0.07486418,-0.939368,0,0,0,0.8854867,-0.4706046,-2.703778,0.01616025,0.05718482,0.9495467,0.9080264,0.05695047,0.4150237,-0.1550004,0.9660794,0.2065563,-0.3891824,-0.2518874,0.8860529,moving,-27.14406,-14.38963,0.9750176,3.446377,-29.777219402300112,-3.7387614437510504
05/11/2023 12:33:20.972856,1210,True,True,True,True,Eyes,1.254648,-0.289216,-3.55343,-0.4449337,-0.2226534,0.8674442,0.0,0.0,0.0,0.0,0.0,0.0,0.0,0.3808596,1.214561,3.566635,1.248647,-0.287736,-3.563592,0.1191906,-0.2097383,0.05545763,0.9688798,14.72772,336.0111,3.40641,0.3343687,-0.07502974,-0.9394494,0,0,0,0.881339,-0.4736226,-2.70397,0.0173189,0.05691814,0.9512513,0.9058686,0.05746586,0.4196425,-0.1574612,0.9654361,0.2076996,-0.3932024,-0.2542259,0.8836069,moving,-27.15441,-14.39576,1.043037,3.424212,-29.787842643366645,-3.745028840790482
05/11/2023 12:33:20.992966,1211,True,True,True,True,Eyes,1.254569,-0.2892402,-3.553442,-0.4449109,-0.222669,0.867452,0.0,0.0,0.0,0.0,0.0,0.0,0.0,0.3992953,1.219747,3.562674,1.248088,-0.2879456,-3.563598,0.1199115,-0.2119426,0.05620995,0.9682676,14.83518,335.7548,3.441229,0.334128,-0.07517899,-0.9395229,0,0,0,0.8773942,-0.4764931,-2.704153,0.01834252,0.05635561,0.9529417,0.9038416,0.05802384,0.4239147,-0.1596812,0.9649233,0.2083862,-0.3969539,-0.2560394,0.8814031,moving,-27.15302,-14.3966,1.102711,3.384449,-29.786470764692822,-3.7458689442285227
05/11/2023 12:33:21.012513,1212,True,True,True,True,Eyes,1.254469,-0.2892687,-3.553456,-0.4450198,-0.2227835,0.8673666,0.0,0.0,0.0,0.0,0.0,0.0,0.0,0.4162048,1.227316,3.557976,1.247541,-0.2882869,-3.563602,0.1209025,-0.2138683,0.05730663,0.9676564,14.98086,335.5361,3.512964,0.3339093,-0.07531397,-0.9395896,0,0,0,0.87321,-0.4795377,-2.704347,0.01860514,0.05646041,0.9547178,0.9019526,0.05919179,0.4277591,-0.1626207,0.964197,0.2094721,-0.400045,-0.2584964,0.8792858,moving,-27.161,-14.40506,1.116415,3.384434,-29.794784491902426,-3.754476533428365
05/11/2023 12:33:21.023132,1213,True,True,True,True,Eyes,1.254342,-0.2893078,-3.553474,-0.444991,-0.2229351,0.8673425,0.0,0.0,0.0,0.0,0.0,0.0,0.0,0.4336609,1.234484,3.553273,1.246982,-0.2884146,-3.563652,0.1218805,-0.215874,0.05835276,0.9670256,15.12446,335.3069,3.577404,0.33371,-0.07543625,-0.9396505,0,0,0,0.8690258,-0.4825824,-2.70454,0.01905754,0.05633518,0.9566025,0.8999867,0.06023558,0.4317355,-0.1654789,0.9634802,0.2105294,-0.4032873,-0.2609167,0.8770871,moving,-27.16014,-14.41483,1.141302,3.370307,-29.7942405739578,-3.76434979647105
05/11/2023 12:33:21.042892,1214,True,True,True,True,Eyes,1.254195,-0.2893485,-3.553494,-0.4450743,-0.223193,0.8672334,0.0,0.0,0.0,0.0,0.0,0.0,0.0,0.4488665,1.24212,3.548613,1.246456,-0.2886923,-3.563706,0.1229052,-0.2176032,0.05930309,0.9664504,15.27028,335.1093,3.633576,0.3335274,-0.07554738,-0.9397064,0,0,0,0.8651721,-0.4853866,-2.704719,0.01929685,0.05662605,0.9583039,0.898264,0.06113784,0.4351827,-0.1681161,0.9627549,0.2117545,-0.4060281,-0.2633727,0.8750863,moving,-27.16742,-14.43256,1.153579,3.381668,-29.802155005074944,-3.7823261373643113
05/11/2023 12:33:21.062774,1215,True,True,True,True,Eyes,1.254042,-0.2893981,-3.553511,-0.4450859,-0.2234001,0.8671741,0.0,0.0,0.0,0.0,0.0,0.0,0.0,0.4639014,1.25077,3.543518,1.245881,-0.2887546,-3.563783,0.1241199,-0.2193309,0.06011588,0.9658542,15.43434,334.9092,3.668711,0.3333595,-0.07564853,-0.9397578,0,0,0,0.860873,-0.4885149,-2.704918,0.0191997,0.05678615,0.9603077,0.8965601,0.06167968,0.4386065,-0.170573,0.9619607,0.2133929,-0.4087602,-0.266134,0.8729764,moving,-27.16962,-14.44633,1.145378,3.384147,-29.804823971924066,-3.7962644282584375
05/11/2023 12:33:21.082812,1216,True,True,True,True,Eyes,1.253873,-0.2894506,-3.553527,-0.4451852,-0.2236926,0.8670477,0.0,0.0,0.0,0.0,0.0,0.0,0.0,0.477667,1.257629,3.539157,1.245369,-0.2890393,-3.563838,0.1250654,-0.2209315,0.06078522,0.9653254,15.56411,334.723,3.695666,0.3332046,-0.07574093,-0.9398054,0,0,0,0.8568196,-0.4914643,-2.705106,0.01902506,0.05675633,0.9621768,0.8949888,0.06209325,0.4417458,-0.1726168,0.9613277,0.2145989,-0.4113373,-0.2683164,0.8710958,moving,-27.17821,-14.46647,1.132758,3.375819,-29.814136844566896,-3.81668639030762
05/11/2023 12:33:21.097756,1217,True,True,True,True,Eyes,1.253689,-0.2895116,-3.553549,-0.4451585,-0.2239399,0.8669976,0.0,0.0,0.0,0.0,0.0,0.0,0.0,0.4901286,1.264646,3.534791,1.244855,-0.2891536,-3.563851,0.1260345,-0.2223257,0.06162096,0.9648262,15.70012,334.564,3.74419,0.333061,-0.07582556,-0.9398495,0,0,0,0.8528172,-0.4943767,-2.705292,0.01846126,0.05672114,0.9640412,0.8935482,0.06286563,0.4445441,-0.1749484,0.9606363,0.2158028,-0.4134787,-0.2706025,0.8693731,moving,-27.17816,-14.4826,1.097072,3.367221,-29.814618111908224,-3.832996008154316
05/11/2023 12:33:21.113852,1218,True,True,True,True,Eyes,1.253491,-0.2895743,-3.553564,-0.4452009,-0.2242592,0.8668933,0.0,0.0,0.0,0.0,0.0,0.0,0.0,0.5021873,1.272186,3.530376,1.244412,-0.2894134,-3.56397,0.1270406,-0.2236396,0.06257678,0.9643289,15.84328,334.4163,3.806584,0.3329272,-0.07590342,-0.9398907,0,0,0,0.8485181,-0.497505,-2.705491,0.01744944,0.05684525,0.9661699,0.892139,0.06386663,0.4472238,-0.1775118,0.9598897,0.2170285,-0.4154246,-0.273007,0.8676921,moving,-27.18318,-14.50405,1.034674,3.367154,-29.820379597495965,-3.8547187819016617
05/11/2023 12:33:21.132752,1219,True,True,True,True,Eyes,1.253285,-0.289645,-3.553583,-0.4451012,-0.2245833,0.8668606,0.0,0.0,0.0,0.0,0.0,0.0,0.0,0.5126444,1.278032,3.526465,1.243917,-0.2895153,-3.563843,0.1278333,-0.2247534,0.06352795,0.9639028,15.96166,334.2934,3.876978,0.332802,-0.07597524,-0.9399293,0,0,0,0.8445784,-0.5003717,-2.705674,0.01628906,0.05656965,0.9679462,0.8909002,0.06500757,0.4495229,-0.1799315,0.9592457,0.2178816,-0.417039,-0.2749941,0.866289,moving,-27.17884,-14.52465,0.9641094,3.344731,-29.816688671160115,-3.8755196647570767
05/11/2023 12:33:21.142736,1220,True,True,True,True,Eyes,1.253069,-0.2897176,-3.553601,-0.4450671,-0.2249917,0.8667722,0.0,0.0,0.0,0.0,0.0,0.0,0.0,0.5218651,1.284458,3.522722,1.243497,-0.2897975,-3.563913,0.1286802,-0.2257208,0.0643732,0.963508,16.083,334.1865,3.93606,0.3326842,-0.07604184,-0.9399657,0,0,0,0.8406042,-0.5032635,-2.705858,0.01486284,0.05659044,0.96991,0.8898124,0.0659566,0.4515347,-0.1821398,0.958595,0.218908,-0.4184005,-0.2770295,0.8649831,moving,-27.17943,-14.55136,0.877928,3.339198,-29.818163036618934,-3.902531583541771
05/11/2023 12:33:21.162748,1221,True,True,True,True,Eyes,1.252812,-0.2897955,-3.553636,-0.4448949,-0.2254284,0.8667471,0.0,0.0,0.0,0.0,0.0,0.0,0.0,0.5303662,1.292455,3.518442,1.243082,-0.2898942,-3.563968,0.1297868,-0.2266283,0.06505162,0.963101,16.22921,334.0834,3.970034,0.332573,-0.0761038,-0.9400001,0,0,0,0.836221,-0.506453,-2.706061,0.01297021,0.05666231,0.972142,0.8888158,0.06647583,0.4534175,-0.1841293,0.9578473,0.2205105,-0.4196462,-0.2794807,0.86359,moving,-27.1711,-14.57881,0.7643884,3.33577,-29.810680420498144,-3.930232283672659
05/11/2023 12:33:21.172844,1222,True,True,True,True,Eyes,1.252549,-0.2898733,-3.553669,-0.4447722,-0.2259225,0.8666814,0.963736,0.8239059,-0.5076029,-2.718417,-0.5743835,0.1026889,-0.8121198,-0.001468122,0.05720478,0.9666927,1.242676,-0.2900427,-3.564034,0.1307557,-0.2274804,0.06557146,0.9627336,16.35561,333.9849,3.990028,0.3324665,-0.07616172,-0.9400331,0,0,0,0.8325235,-0.5091435,-2.706232,0.01162645,0.05683351,0.9740067,0.8879061,0.06676701,0.4551537,-0.1857444,0.9572067,0.2219333,-0.4208584,-0.2815982,0.8623113,moving,-27.16644,-14.61045,0.6838917,3.339435,-29.80703114803481,-3.9621941985432922
05/11/2023 12:33:21.192617,1223,True,True,True,True,Eyes,1.252264,-0.2899537,-3.55371,-0.4445768,-0.2264257,0.8666504,0.9616835,0.8247222,-0.5077036,-2.720266,-0.2509293,0.2917761,-0.922985,0.0002882779,0.05827865,0.9644768,1.242254,-0.2901114,-3.564027,0.1315487,-0.2282128,0.066218,0.9624079,16.46506,333.9035,4.031103,0.3323641,-0.07621601,-0.940065,0,0,0,0.8284867,-0.5120809,-2.706419,0.00965631,0.056473,0.9760546,0.8870682,0.06741528,0.4566895,-0.1874997,0.9566203,0.2229834,-0.4218459,-0.2834306,0.8612277,moving,-27.15705,-14.64211,0.5668205,3.311353,-29.798619991882006,-3.9941447991480956
05/11/2023 12:33:21.213005,1224,True,True,True,True,Eyes,1.251973,-0.2900309,-3.55375,-0.4444392,-0.2269518,0.8665833,0.9620611,0.8243954,-0.5083724,-2.720044,-0.001188036,0.4448022,-0.895628,0.001912326,0.05930161,0.9647435,1.241846,-0.290242,-3.564084,0.1321998,-0.2289348,0.06689303,0.9621006,16.55928,333.8243,4.07922,0.3322648,-0.07626711,-0.940096,0,0,0,0.8244133,-0.5150449,-2.706608,0.007629246,0.05592483,0.978195,0.8862284,0.06818538,0.458203,-0.1892459,0.9560971,0.2237507,-0.42283,-0.2850073,0.8602242,moving,-27.15165,-14.67574,0.4468585,3.272121,-29.79429121442128,-4.028113981100256
05/11/2023 12:33:21.222963,1225,True,True,True,True,Eyes,1.25167,-0.2901107,-3.553798,-0.4443416,-0.2274499,0.8665028,0.963825,0.8234019,-0.5093326,-2.718641,0.2046314,0.5787097,-0.7894436,0.003580332,0.05975586,0.9664146,1.241407,-0.2902396,-3.564106,0.1325891,-0.2297281,0.06748141,0.9618167,16.62208,333.7359,4.122832,0.3321683,-0.07631524,-0.9401263,0,0,0,0.820332,-0.5180147,-2.706797,0.005710006,0.05469716,0.9803771,0.8853425,0.06889059,0.4598074,-0.1907284,0.9557328,0.2240481,-0.4240181,-0.2860576,0.8592902,moving,-27.1487,-14.70787,0.3337038,3.193333,-29.792379856303633,-4.060582764028336
05/11/2023 12:33:21.242458,1226,True,True,True,True,Eyes,1.251359,-0.2901852,-3.553848,-0.4443294,-0.2279738,0.8663715,0.9667357,0.8218102,-0.5105756,-2.716295,0.3683421,0.6922118,-0.6206182,0.005565017,0.06051578,0.969316,1.240972,-0.2903906,-3.564286,0.1329994,-0.2306975,0.06815247,0.9614807,16.69027,333.6273,4.172206,0.3320737,-0.07636077,-0.940156,0,0,0,0.8162846,-0.5209599,-2.706985,0.004254162,0.05374689,0.9826393,0.8842679,0.06968936,0.4617507,-0.1924198,0.9553328,0.2243074,-0.4254938,-0.2871978,0.8581797,moving,-27.15158,-14.7424,0.2480504,3.130757,-29.79641770816051,-4.095517193761044
05/11/2023 12:33:21.262732,1227,True,True,True,True,Eyes,1.251027,-0.2902643,-3.553905,-0.4443212,-0.2284406,0.8662526,0.9663123,0.8216742,-0.5110092,-2.716834,0.3592485,0.6632681,-0.656518,0.008036196,0.06083883,0.9688573,1.240529,-0.290335,-3.564368,0.1334112,-0.2319234,0.06872115,0.9610881,16.75716,333.4859,4.205018,0.3319809,-0.07640382,-0.9401854,0,0,0,0.812208,-0.5239262,-2.707174,0.003254592,0.05250929,0.9849052,0.8829778,0.0702118,0.4641341,-0.1939765,0.9549577,0.2245637,-0.4274614,-0.2883159,0.8568259,moving,-27.15435,-14.77321,0.1893317,3.051781,-29.800222199722327,-4.126689388606062
05/11/2023 12:33:21.282658,1228,True,True,True,True,Eyes,1.250691,-0.2903457,-3.553962,-0.444407,-0.2289234,0.8660811,0.9779746,0.8160723,-0.514227,-2.706957,0.5320349,0.8462856,0.0271952,0.01038817,0.06163119,0.9803979,1.240126,-0.2905058,-3.564403,0.1336092,-0.233198,0.06911866,0.9607236,16.79568,333.3364,4.222751,0.331889,-0.07644476,-0.9402146,0,0,0,0.8080918,-0.5269215,-2.707365,0.002266735,0.05097687,0.9871457,0.8816826,0.07049306,0.4665475,-0.1951226,0.9547424,0.2244863,-0.429608,-0.2889596,0.8555345,moving,-27.16345,-14.80587,0.1315653,2.956167,-29.81046121444674,-4.159774428049527
05/11/2023 12:33:21.293062,1229,True,True,True,True,Eyes,1.250356,-0.2904252,-3.554021,-0.4445788,-0.2293973,0.8658675,0.0,0.0,0.0,0.0,0.0,0.0,0.0,0.6018537,1.321097,3.495617,1.239717,-0.2906403,-3.564476,0.1338646,-0.2345769,0.06970384,0.96031,16.84627,333.177,4.258605,0.3317979,-0.07648387,-0.9402436,0,0,0,0.8040132,-0.5298892,-2.707554,0.001540303,0.04963829,0.9894081,0.8802301,0.07107154,0.4691948,-0.1966777,0.9544433,0.2244012,-0.4318712,-0.2898048,0.854108,moving,-27.17819,-14.83867,0.08919757,2.872103,-29.826383647014964,-4.193038634215361
05/11/2023 12:33:21.313019,1230,True,True,True,True,Eyes,1.250014,-0.290501,-3.554081,-0.4448695,-0.2298987,0.8655851,0.0,0.0,0.0,0.0,0.0,0.0,0.0,0.6145389,1.323955,3.492345,1.239281,-0.2906994,-3.564641,0.1343215,-0.2360816,0.07019975,0.9598413,16.91785,333.0,4.27632,0.3317074,-0.07652127,-0.9402726,0,0,0,0.7997621,-0.5329825,-2.707751,0.001025319,0.04850346,0.9918593,0.8786749,0.07133956,0.4720603,-0.1981829,0.9540595,0.2247089,-0.434343,-0.2910004,0.8524464,moving,-27.20101,-14.8743,0.0592286,2.799622,-29.850534941678994,-4.22921828632823
05/11/2023 12:33:21.332954,1231,True,True,True,True,Eyes,1.249682,-0.2905732,-3.554137,-0.4454578,-0.2304393,0.8651387,0.0,0.0,0.0,0.0,0.0,0.0,0.0,0.6297923,1.326135,3.488715,1.23883,-0.2906825,-3.564717,0.1347143,-0.2379168,0.07077049,0.959291,16.98585,332.784,4.298164,0.3316174,-0.07655704,-0.9403015,0,0,0,0.7954259,-0.5361378,-2.707952,0.001058668,0.04712874,0.994324,0.8767743,0.07167736,0.4755305,-0.1998806,0.9536871,0.2247855,-0.4373954,-0.2921354,0.8504953,moving,-27.24383,-14.91507,0.06100344,2.713661,-29.89499324197682,-4.27072863235078
05/11/2023 12:33:21.342745,1232,True,True,True,True,Eyes,1.249344,-0.2906373,-3.554195,-0.4461901,-0.2309452,0.8646263,0.0,0.0,0.0,0.0,0.0,0.0,0.0,0.6470904,1.325613,3.485769,1.238378,-0.2907237,-3.564892,0.1347218,-0.2399818,0.07152323,0.9587196,17.01664,332.5442,4.347095,0.331528,-0.07659125,-0.9403303,0,0,0,0.7912479,-0.539178,-2.708145,0.00168097,0.04524355,0.9968052,0.8745863,0.07247987,0.479422,-0.201803,0.953469,0.2239923,-0.440879,-0.2926494,0.8485175,moving,-27.29598,-14.95481,0.09662109,2.598789,-29.94881178689456,-4.311259695383404
05/11/2023 12:33:21.362905,1233,True,True,True,True,Eyes,1.249266,-0.2906657,-3.554129,-0.4504667,-0.2320059,0.8621212,0.0,0.0,0.0,0.0,0.0,0.0,0.0,0.6661712,1.321534,3.48368,1.237975,-0.2906026,-3.565001,0.1342819,-0.2423276,0.07217345,0.9581423,16.9958,332.2699,4.391349,0.331439,-0.07662384,-0.940359,0,0,0,0.7874559,-0.5419372,-2.708321,0.003102064,0.04245372,0.9991121,0.8721367,0.07322445,0.4837519,-0.2033853,0.9535187,0.2223431,-0.4449854,-0.2923016,0.8464914,moving,-27.58751,-15.06207,0.1778926,2.433117,-30.245882608046834,-4.421660104296468
05/11/2023 12:33:21.382501,1234,True,True,True,True,Eyes,1.249184,-0.2906859,-3.55406,-0.4546897,-0.2329963,0.8596337,0.0,0.0,0.0,0.0,0.0,0.0,0.0,0.6851552,1.315305,3.482325,1.237663,-0.2905931,-3.565081,0.1335455,-0.2447272,0.07260926,0.9576023,16.93616,331.9865,4.418346,0.3313577,-0.0766541,-0.9403852,0,0,0,0.7835227,-0.5447993,-2.708503,0.004403949,0.039022,1.001522,0.869673,0.07369712,0.4880959,-0.204426,0.953787,0.2202281,-0.4493094,-0.291306,0.8445484,moving,-27.87589,-15.16517,0.2519426,2.23127,-30.539644651928676,-4.527833100271833
05/11/2023 12:33:21.398017,1235,True,True,True,True,Eyes,1.248927,-0.2907261,-3.55408,-0.4587456,-0.2338639,0.8572398,0.0,0.0,0.0,0.0,0.0,0.0,0.0,0.6989763,1.310712,3.481172,1.237536,-0.2904273,-3.565004,0.1330286,-0.2464986,0.07291671,0.9571964,16.89488,331.7769,4.436077,0.3312831,-0.07668205,-0.9404092,0,0,0,0.7794667,-0.5477506,-2.708691,0.004125863,0.03579794,1.003999,0.8678432,0.07400848,0.4912952,-0.2051739,0.9539731,0.2187213,-0.4524951,-0.2906168,0.8430837,moving,-28.15314,-15.25955,0.2354516,2.042036,-30.821912727241823,-4.625114603704793
05/11/2023 12:33:21.413048,1236,True,True,True,True,Eyes,1.248668,-0.2907592,-3.554094,-0.4626954,-0.2346702,0.8548935,0.0,0.0,0.0,0.0,0.0,0.0,0.0,0.7095679,1.305703,3.480813,1.237362,-0.2905253,-3.564959,0.1323746,-0.2477838,0.07343508,0.9569157,16.84207,331.6306,4.490875,0.3312097,-0.0767084,-0.940433,0,0,0,0.7753119,-0.5507739,-2.708884,0.002775639,0.03265324,1.006484,0.866421,0.07494181,0.4936582,-0.2061429,0.9541685,0.2169506,-0.4547744,-0.2897346,0.8421604,moving,-28.42365,-15.34974,0.1580075,1.858189,-31.09725633700674,-4.718114423097084
05/11/2023 12:33:21.423089,1237,True,True,True,True,Eyes,1.248411,-0.2907951,-3.554106,-0.4664208,-0.2354088,0.8526632,0.0,0.0,0.0,0.0,0.0,0.0,0.0,0.7174987,1.301499,3.480519,1.237059,-0.2904009,-3.564838,0.1318485,-0.2487121,0.07392338,0.9567099,16.80126,331.5268,4.54514,0.3311374,-0.07673313,-0.9404564,0,0,0,0.7709728,-0.5539312,-2.709085,0.0006044209,0.02943015,1.009025,0.8653553,0.07586178,0.495384,-0.2070311,0.9543027,0.2155103,-0.4563973,-0.2890528,0.8415166,moving,-28.67939,-15.43411,0.03432103,1.670668,-31.357536512643556,-4.805130833445643
05/11/2023 12:33:21.443025,1238,True,True,True,True,Eyes,1.248161,-0.2908303,-3.554121,-0.4700477,-0.2361028,0.8504767,0.0,0.0,0.0,0.0,0.0,0.0,0.0,0.7241806,1.298027,3.480377,1.236846,-0.2905128,-3.564849,0.1313755,-0.2494694,0.07442654,0.9565387,16.76613,331.4439,4.602743,0.3310662,-0.07675648,-0.9404797,0,0,0,0.7670594,-0.5567788,-2.709266,-0.001504272,0.02682219,1.011384,0.8644514,0.07683539,0.4968099,-0.207932,0.9544023,0.2141973,-0.4576986,-0.2884658,0.841011,moving,-28.92887,-15.51531,-0.0852183,1.519145,-31.611409142262097,-4.8889001395979825
05/11/2023 12:33:21.462711,1239,True,True,True,True,Eyes,1.24792,-0.2908685,-3.554138,-0.4734145,-0.2368867,0.8483888,0.0,0.0,0.0,0.0,0.0,0.0,0.0,0.7313315,1.295325,3.479989,1.236764,-0.2905417,-3.564974,0.1310261,-0.2503135,0.07485188,0.9563328,16.74317,331.3487,4.646368,0.3309961,-0.07677856,-0.9405026,0,0,0,0.7631575,-0.5596181,-2.709447,-0.003444463,0.02439255,1.013915,0.8634807,0.07757139,0.4983812,-0.2087618,0.9544587,0.2131363,-0.4591509,-0.2880821,0.8403506,moving,-29.16221,-15.60077,-0.1946439,1.378143,-31.849171127916662,-4.97686935776666
05/11/2023 12:33:21.473151,1240,True,True,True,True,Eyes,1.247687,-0.2909056,-3.554154,-0.4766787,-0.2376748,0.8463381,0.0,0.0,0.0,0.0,0.0,0.0,0.0,0.7371923,1.297146,3.478144,1.236636,-0.2906488,-3.565078,0.1313028,-0.2510092,0.0751036,0.9560928,16.78485,331.2666,4.654845,0.3309271,-0.07679956,-0.9405252,0,0,0,0.7589901,-0.5626505,-2.70964,-0.005740851,0.02305235,1.016533,0.8627077,0.07769559,0.4996989,-0.2095284,0.9542381,0.2133719,-0.4602536,-0.2887787,0.8395079,moving,-29.38929,-15.68619,-0.3235734,1.299098,-32.08062872586128,-5.064756390978282
05/11/2023 12:33:21.492847,1241,True,True,True,True,Eyes,1.247483,-0.2909438,-3.554158,-0.479714,-0.238532,0.8443796,0.0,0.0,0.0,0.0,0.0,0.0,0.0,0.7419621,1.300243,3.475983,1.236597,-0.2906487,-3.565101,0.1317768,-0.2516148,0.07517177,0.955863,16.84297,331.1919,4.638154,0.3308593,-0.07681957,-0.9405475,0,0,0,0.7549492,-0.5655909,-2.709828,-0.008150101,0.02197811,1.019079,0.8620784,0.07739385,0.5008304,-0.2100218,0.9539682,0.2140924,-0.4612068,-0.2897497,0.8386497,moving,-29.60203,-15.77466,-0.4582142,1.235486,-32.29774818492197,-5.155631838619957
05/11/2023 12:33:21.513014,1242,True,True,True,True,Eyes,1.247281,-0.2909791,-3.554159,-0.482639,-0.2393868,0.8424686,0.0,0.0,0.0,0.0,0.0,0.0,0.0,0.7444922,1.303658,3.474171,1.236518,-0.2907525,-3.565129,0.1322666,-0.2519333,0.07516306,0.9557121,16.89925,331.1509,4.617307,0.3307935,-0.07683872,-0.9405691,0,0,0,0.7509561,-0.5684966,-2.710013,-0.01104552,0.02103542,1.021554,0.8617603,0.07702379,0.5014346,-0.2103132,0.9537121,0.2149454,-0.4616684,-0.2906897,0.8380703,moving,-29.80782,-15.86246,-0.6194847,1.179645,-32.507847745513985,-5.245783472239456
05/11/2023 12:33:21.533346,1243,True,True,True,True,Eyes,1.247101,-0.2910084,-3.554152,-0.4853886,-0.2402903,0.8406299,0.0,0.0,0.0,0.0,0.0,0.0,0.0,0.746932,1.306569,3.472424,1.236352,-0.29071,-3.565064,0.1327055,-0.2522247,0.07521493,0.9555703,16.95143,331.1144,4.605329,0.3307295,-0.07685701,-0.9405902,0,0,0,0.7469014,-0.571447,-2.710201,-0.01405802,0.01982374,1.024,0.8614508,0.0768031,0.5019997,-0.2106895,0.953464,0.2156767,-0.462074,-0.2915609,0.8375439,moving,-30.00259,-15.95235,-0.7865378,1.109058,-32.70692036952758,-5.337974946416921
05/11/2023 12:33:21.548728,1244,True,True,True,True,Eyes,1.246927,-0.2910379,-3.554141,-0.4880498,-0.2411705,0.8388349,0.0,0.0,0.0,0.0,0.0,0.0,0.0,0.7504731,1.308155,3.471124,1.236222,-0.2906328,-3.565174,0.1329724,-0.2526764,0.07519042,0.9554158,16.98285,331.0577,4.586576,0.3306676,-0.07687438,-0.9406105,0,0,0,0.7427984,-0.5744324,-2.710391,-0.01674244,0.01820599,1.02667,0.861002,0.07647827,0.5028186,-0.2108742,0.9533295,0.2160901,-0.4628257,-0.2920855,0.836946,moving,-30.19165,-16.04029,-0.9342687,1.015922,-32.90017944024469,-5.428156594230622
05/11/2023 12:33:21.564841,1245,True,True,True,True,Eyes,1.246781,-0.2910711,-3.554119,-0.4905586,-0.2420767,0.8371088,0.0,0.0,0.0,0.0,0.0,0.0,0.0,0.7529366,1.309797,3.46982,1.236166,-0.2906558,-3.565044,0.1332438,-0.2530527,0.07497203,0.9552956,17.00878,331.007,4.54677,0.3306079,-0.07689092,-0.9406302,0,0,0,0.7385291,-0.5775391,-2.710589,-0.01987326,0.01647006,1.029259,0.860687,0.07580545,0.5034595,-0.2106763,0.9532506,0.2166307,-0.4635013,-0.2925182,0.8364208,moving,-30.37096,-16.12891,-1.106148,0.9167612,-33.08364384142803,-5.518960819966608
05/11/2023 12:33:21.583078,1246,True,True,True,True,Eyes,1.246641,-0.2911057,-3.554098,-0.4929911,-0.2429937,0.8354124,0.0,0.0,0.0,0.0,0.0,0.0,0.0,0.7557435,1.313057,3.468033,1.236129,-0.2908282,-3.565098,0.1336877,-0.2533583,0.07519547,0.955135,17.06656,330.9715,4.553975,0.3305509,-0.07690683,-0.940649,0,0,0,0.7345203,-0.5804561,-2.710774,-0.02286792,0.01565769,1.031793,0.8603104,0.07590187,0.5040882,-0.2113854,0.9529465,0.2172769,-0.4638773,-0.2934825,0.8358744,moving,-30.54558,-16.21796,-1.269654,0.8694096,-33.26240014687533,-5.610168572223394
05/11/2023 12:33:21.593138,1247,True,True,True,True,Eyes,1.246525,-0.2911324,-3.554068,-0.4952874,-0.2439268,0.8337806,0.0,0.0,0.0,0.0,0.0,0.0,0.0,0.7603563,1.31655,3.465722,1.236142,-0.290891,-3.56511,0.1341853,-0.2538736,0.07559053,0.9548972,17.13639,330.9127,4.575432,0.3304964,-0.07692219,-0.9406669,0,0,0,0.7303855,-0.5834648,-2.710966,-0.02562946,0.01488188,1.034443,0.8596685,0.07623014,0.5051327,-0.2124946,0.9525608,0.2178855,-0.4645602,-0.2946472,0.8350849,moving,-30.71142,-16.30711,-1.419275,0.824221,-33.43231934088365,-5.701418899243709
05/11/2023 12:33:21.612914,1248,True,True,True,True,Eyes,1.246413,-0.2911502,-3.554029,-0.4975267,-0.2448302,0.8321811,0.0,0.0,0.0,0.0,0.0,0.0,0.0,0.7641165,1.320986,3.463232,1.236091,-0.290764,-3.565163,0.134858,-0.254349,0.07562002,0.9546736,17.21502,330.8522,4.550464,0.3304449,-0.07693686,-0.9406838,0,0,0,0.7262982,-0.586439,-2.711155,-0.0282506,0.01408772,1.037133,0.8591763,0.07578288,0.5060365,-0.2129868,0.9521899,0.2190229,-0.4652446,-0.2959584,0.8342398,moving,-30.87346,-16.39404,-1.560301,0.7782196,-33.59833922393639,-5.790399122669751
05/11/2023 12:33:21.623413,1249,True,True,True,True,Eyes,1.246293,-0.2911702,-3.553993,-0.4996257,-0.2456857,0.8306701,0.0,0.0,0.0,0.0,0.0,0.0,0.0,0.7680502,1.321339,3.461931,1.236068,-0.2905637,-3.5649,0.1349866,-0.254905,0.0755514,0.9545125,17.23009,330.7823,4.528516,0.3303962,-0.07695068,-0.9406998,0,0,0,0.7221384,-0.5894659,-2.711348,-0.03105143,0.01197204,1.039668,0.8586309,0.07541198,0.5070168,-0.213047,0.9521412,0.219176,-0.4662231,-0.2962097,0.8336041,moving,-31.02578,-16.47653,-1.710726,0.6597465,-33.754425899277166,-5.874825003754829
05/11/2023 12:33:21.642840,1250,True,True,True,True,Eyes,1.246182,-0.2911926,-3.553957,-0.5016596,-0.2465246,0.8291944,0.0,0.0,0.0,0.0,0.0,0.0,0.0,0.7703528,1.31959,3.461995,1.236024,-0.2905988,-3.564823,0.1347886,-0.2553064,0.07516056,0.9544641,17.1983,330.7276,4.481974,0.3303498,-0.07696378,-0.940715,0,0,0,0.7182749,-0.5922772,-2.711527,-0.03377196,0.009417146,1.042093,0.8583391,0.07465133,0.5076231,-0.2123009,0.9523659,0.2189238,-0.4671,-0.2956797,0.8333014,moving,-31.17379,-16.55754,-1.856181,0.5177541,-33.90612414367928,-5.957725636474795
05/11/2023 12:33:21.663375,1251,True,True,True,True,Eyes,1.245792,-0.2912541,-3.554079,-0.5019156,-0.2478596,0.8286413,0.0,0.0,0.0,0.0,0.0,0.0,0.0,0.7721108,1.321924,3.460706,1.236115,-0.2906682,-3.56478,0.1351429,-0.2556161,0.07486764,0.954354,17.23089,330.6833,4.432207,0.3303058,-0.07697631,-0.9407294,0,0,0,0.7142081,-0.5952364,-2.711716,-0.03686485,0.008005723,1.044722,0.8581105,0.07381108,0.5081322,-0.2119899,0.9522625,0.2196735,-0.4676609,-0.296223,0.8327936,moving,-31.20367,-16.65275,-2.020944,0.43905,-33.9393476450419,-6.054197054050146
05/11/2023 12:33:21.672607,1252,True,True,True,True,Eyes,1.24542,-0.2913184,-3.554194,-0.5021747,-0.2491644,0.8280928,0.0,0.0,0.0,0.0,0.0,0.0,0.0,0.7738373,1.326069,3.458757,1.236085,-0.2908273,-3.5648,0.1357294,-0.2558644,0.0747234,0.9542156,17.29361,330.648,4.393797,0.3302559,-0.07698924,-0.9407459,0,0,0,0.7100737,-0.5982448,-2.711907,-0.03998387,0.007200629,1.047363,0.8578996,0.0731478,0.508584,-0.2120611,0.9519879,0.2207922,-0.4680154,-0.2972684,0.8322218,moving,-31.2336,-16.74599,-2.186248,0.3939028,-33.97255656329508,-6.1486768270780345
05/11/2023 12:33:21.698641,1253,True,True,True,True,Eyes,1.245088,-0.2913825,-3.554299,-0.5022053,-0.2505479,0.8276566,0.0,0.0,0.0,0.0,0.0,0.0,0.0,0.7753916,1.328396,3.457492,1.23614,-0.2909549,-3.564747,0.1360596,-0.2560934,0.07464694,0.9541131,17.32945,330.6172,4.371031,0.3302012,-0.0770026,-0.9407641,0,0,0,0.70605,-0.6011727,-2.712094,-0.04322407,0.005950511,1.049926,0.857688,0.07275534,0.5089971,-0.2121312,0.9518313,0.2213992,-0.4683713,-0.2978656,0.8318079,moving,-31.24853,-16.84209,-2.35746,0.3247233,-33.990756539795875,-6.245948494271435
05/11/2023 12:33:21.713192,1254,True,True,True,True,Eyes,1.244769,-0.2914443,-3.554395,-0.5022368,-0.2519216,0.8272206,0.0,0.0,0.0,0.0,0.0,0.0,0.0,0.7774299,1.333931,3.455059,1.236177,-0.2910277,-3.56488,0.1368341,-0.2563238,0.07475139,0.9539322,17.42049,330.5872,4.355896,0.3301432,-0.07701632,-0.9407833,0,0,0,0.702015,-0.6041088,-2.712281,-0.04630101,0.005699843,1.052663,0.8574207,0.07246789,0.509488,-0.2127632,0.9513773,0.2227398,-0.4685739,-0.2993821,0.8311492,moving,-31.26351,-16.93758,-2.518512,0.3102359,-34.00898675596655,-6.342603689494144
05/11/2023 12:33:21.723315,1255,True,True,True,True,Eyes,1.244501,-0.2915035,-3.554462,-0.5021612,-0.2533667,0.826825,0.0,0.0,0.0,0.0,0.0,0.0,0.0,0.7783809,1.338078,3.453128,1.23621,-0.2910291,-3.564759,0.1374256,-0.2564397,0.07481096,0.9538114,17.48915,330.5712,4.34311,0.3300827,-0.07703034,-0.9408033,0,0,0,0.6978307,-0.6071535,-2.712475,-0.04992354,0.004863948,1.055301,0.857284,0.07222836,0.5097521,-0.2131938,0.9510351,0.2237871,-0.4686284,-0.3005251,0.8307057,moving,-31.27185,-17.03681,-2.708496,0.264078,-34.02065455095151,-6.4429963369387515
05/11/2023 12:33:21.748087,1256,True,True,True,True,Eyes,1.244244,-0.2915609,-3.554522,-0.5020902,-0.2547714,0.8264363,0.0,0.0,0.0,0.0,0.0,0.0,0.0,0.7792323,1.340194,3.452029,1.236151,-0.2911012,-3.564691,0.1377238,-0.2565413,0.07483145,0.9537395,17.52368,330.5577,4.334742,0.3300213,-0.07704455,-0.9408237,0,0,0,0.6937614,-0.6101146,-2.712663,-0.05341604,0.003527552,1.057847,0.8571737,0.07207576,0.5099592,-0.2134031,0.9508649,0.2243105,-0.4687349,-0.3011,0.8304375,moving,-31.28021,-17.13333,-2.890699,0.1910609,-34.032253167558956,-6.540648884143394
05/11/2023 12:33:21.762985,1257,True,True,True,True,Eyes,1.243998,-0.2916202,-3.55458,-0.501912,-0.2562214,0.8260962,0.0,0.0,0.0,0.0,0.0,0.0,0.0,0.7794214,1.341995,3.451184,1.23617,-0.291113,-3.564583,0.1379865,-0.2565925,0.07474442,0.9536946,17.55082,330.5488,4.31601,0.3299594,-0.07705892,-0.9408442,0,0,0,0.6897689,-0.6130198,-2.712849,-0.05701801,0.002040029,1.060365,0.8571472,0.07175413,0.5100492,-0.2133793,0.950746,0.2248362,-0.4687943,-0.3015516,0.8302401,moving,-31.28164,-17.23176,-3.077947,0.1102308,-34.036937054748655,-6.640186533946981
05/11/2023 12:33:21.782956,1258,True,True,True,True,Eyes,1.243763,-0.2916769,-3.554636,-0.5017413,-0.2576523,0.8257548,0.0,0.0,0.0,0.0,0.0,0.0,0.0,0.7805246,1.345393,3.44965,1.236152,-0.2912046,-3.56462,0.1384528,-0.2566959,0.07487845,0.9535886,17.60759,330.5362,4.315668,0.3298975,-0.07707345,-0.9408648,0,0,0,0.6856181,-0.6160401,-2.713041,-0.06054756,0.001139209,1.063073,0.8570009,0.07172593,0.5102988,-0.213887,0.9504481,0.2256121,-0.4688302,-0.3024961,0.8298761,moving,-31.28351,-17.32898,-3.259771,0.06139917,-34.0420240900896,-6.738503618330647
05/11/2023 12:33:21.792995,1259,True,True,True,True,Eyes,1.243525,-0.2917327,-3.554697,-0.501516,-0.259123,0.8254315,0.0,0.0,0.0,0.0,0.0,0.0,0.0,0.7815725,1.348762,3.448099,1.236166,-0.2911941,-3.564617,0.1389275,-0.2567932,0.07503727,0.953481,17.666,330.5246,4.318035,0.3298356,-0.07708809,-0.9408852,0,0,0,0.6816945,-0.6188951,-2.713223,-0.06393629,0.0002908409,1.065651,0.8568534,0.07174196,0.5105442,-0.2144445,0.9501371,0.2263913,-0.4688452,-0.3034675,0.8295128,moving,-31.28205,-17.42834,-3.433482,0.01563735,-34.04382874467675,-6.838962374352757
05/11/2023 12:33:21.812959,1260,True,True,True,True,Eyes,1.243294,-0.2917814,-3.554751,-0.501325,-0.2605493,0.8250983,0.0,0.0,0.0,0.0,0.0,0.0,0.0,0.7845873,1.35156,3.446339,1.23609,-0.2911977,-3.564664,0.1393301,-0.2571074,0.07533588,0.9533139,17.72143,330.4891,4.334448,0.3297738,-0.07710277,-0.9409057,0,0,0,0.6774585,-0.6219774,-2.713419,-0.06709048,-0.0007609874,1.068457,0.8564405,0.0719919,0.5112013,-0.2152831,0.9498233,0.2269118,-0.4692151,-0.3043894,0.8289658,moving,-31.28263,-17.52506,-3.592996,-0.04080779,-34.047600425732526,-6.936765279476308
05/11/2023 12:33:21.832840,1261,True,True,True,True,Eyes,1.243093,-0.291828,-3.55479,-0.5012055,-0.2619358,0.8247319,0.0,0.0,0.0,0.0,0.0,0.0,0.0,0.7878253,1.352359,3.445164,1.236022,-0.2910717,-3.564579,0.13949,-0.2575182,0.07541579,0.9531732,17.74362,330.4391,4.331021,0.3297122,-0.07711732,-0.9409261,0,0,0,0.6774253,-0.6220016,-2.713421,-0.06620008,-0.000571236,1.068473,0.8559936,0.07192616,0.5119585,-0.2156111,0.94971,0.2270745,-0.4698795,-0.3047583,0.8284537,moving,-31.28786,-17.6199,-3.545381,-0.03063196,-34.05599213832786,-7.032698214733731
05/11/2023 12:33:21.843010,1262,True,True,True,True,Eyes,1.2429,-0.2918738,-3.554826,-0.5011184,-0.2632877,0.8243543,0.0,0.0,0.0,0.0,0.0,0.0,0.0,0.7919403,1.351588,3.444524,1.235958,-0.2911192,-3.564599,0.1394311,-0.2581177,0.07517324,0.9530391,17.73251,330.3616,4.293389,0.3296517,-0.0771317,-0.9409461,0,0,0,0.6774253,-0.6220016,-2.713421,-0.06477413,-0.000861913,1.068527,0.8554485,0.07130679,0.5129554,-0.2152653,0.949816,0.2269594,-0.4710295,-0.3045736,0.8278685,static,-31.29508,-17.71278,-3.469027,-0.04621687,-34.06632294477676,-7.126662552004724
05/11/2023 12:33:21.862920,1263,True,True,True,True,Eyes,1.242729,-0.2919223,-3.55485,-0.5015256,-0.2648052,0.8236202,0.0,0.0,0.0,0.0,0.0,0.0,0.0,0.7955117,1.353103,3.443071,1.235947,-0.2911435,-3.564567,0.1396708,-0.2585697,0.07526881,0.9528737,17.76429,330.3064,4.288558,0.3295924,-0.07714591,-0.9409657,0,0,0,0.6774253,-0.6220016,-2.713421,-0.06375697,-0.0003174096,1.06855,0.8549527,0.07121405,0.5137942,-0.2156726,0.9496533,0.2272528,-0.4717427,-0.3051018,0.8272676,static,-31.33842,-17.82331,-3.41461,-0.01701955,-34.113603967640245,-7.238714629077627
05/11/2023 12:33:21.882780,1264,True,True,True,True,Eyes,1.24256,-0.2919656,-3.554873,-0.5019735,-0.2662663,0.8228761,0.0,0.0,0.0,0.0,0.0,0.0,0.0,0.8017825,1.35283,3.441721,1.235839,-0.2912993,-3.564589,0.1396637,-0.2593561,0.07542495,0.9526487,17.77168,330.2122,4.29161,0.3295347,-0.07716005,-0.9409847,0,0,0,0.6774253,-0.6220016,-2.713421,-0.06196493,-0.0001403838,1.068568,0.854091,0.07126171,0.5152188,-0.2161522,0.9496103,0.226977,-0.4730823,-0.3052247,0.8264569,static,-31.38416,-17.93054,-3.318795,-0.007527273,-34.1631927415753,-7.347445892398607
05/11/2023 12:33:21.892754,1265,True,True,True,True,Eyes,1.242415,-0.2919983,-3.554877,-0.5028424,-0.2678309,0.8218371,0.0,0.0,0.0,0.0,0.0,0.0,0.0,0.8074968,1.353029,3.440252,1.235723,-0.2912113,-3.564584,0.1397766,-0.2601642,0.07518273,0.9524309,17.78072,330.1081,4.244839,0.3294787,-0.07717397,-0.9410032,0,0,0,0.6774253,-0.6220016,-2.713421,-0.0600183,-0.0002357066,1.068642,0.8533243,0.07048297,0.5165944,-0.2159424,0.9496201,0.2271354,-0.4745593,-0.3053748,0.8255541,static,-31.46045,-18.05042,-3.214536,-0.01263753,-34.24395862016748,-7.469171975876542
05/11/2023 12:33:21.912623,1266,True,True,True,True,Eyes,1.24227,-0.292033,-3.554883,-0.5037535,-0.2693078,0.8207957,0.0,0.0,0.0,0.0,0.0,0.0,0.0,0.8136265,1.353385,3.438578,1.23549,-0.2911268,-3.564585,0.139927,-0.2610513,0.07478141,0.9521977,17.78945,329.9914,4.177117,0.3294247,-0.07718746,-0.941021,0,0,0,0.6774253,-0.6220016,-2.713421,-0.05774486,-0.0003886819,1.068672,0.8525199,0.0693571,0.5180728,-0.2154696,0.9496564,0.2274328,-0.4762171,-0.3055199,0.8245452,static,-31.53902,-18.16496,-3.092925,-0.02083879,-34.32684419005087,-7.585513686634446
05/11/2023 12:33:21.925204,1267,True,True,True,True,Eyes,1.242143,-0.2920769,-3.554878,-0.5049251,-0.2708675,0.8195618,0.0,0.0,0.0,0.0,0.0,0.0,0.0,0.8217136,1.350257,3.437815,1.235423,-0.2911141,-3.564542,0.1395934,-0.2622277,0.0743819,0.9519547,17.74512,329.8415,4.118704,0.3293726,-0.07720059,-0.9410381,0,0,0,0.6774253,-0.6220016,-2.713421,-0.05511445,-0.001454785,1.068745,0.8514079,0.06840585,0.5200243,-0.2148269,0.949962,0.2267633,-0.4784914,-0.3047833,0.8235006,static,-31.63687,-18.28887,-2.95209,-0.07799152,-34.42945122392676,-7.7114584818604754
05/11/2023 12:33:21.942894,1268,True,True,True,True,Eyes,1.242021,-0.2921238,-3.554876,-0.5061042,-0.2724145,0.8183209,0.0,0.0,0.0,0.0,0.0,0.0,0.0,0.8289206,1.351083,3.435729,1.235284,-0.29141,-3.564536,0.1397453,-0.2631831,0.07433484,0.9516725,17.76483,329.7221,4.090312,0.3293228,-0.07721367,-0.9410545,0,0,0,0.6774253,-0.6220016,-2.713421,-0.05283883,-0.0009823889,1.068691,0.8504179,0.06792761,0.5217041,-0.215042,0.9498912,0.2268561,-0.4801523,-0.3051108,0.8224118,static,-31.73541,-18.41232,-2.830544,-0.05266882,-34.53273784442205,-7.836942745777613
05/11/2023 12:33:21.962920,1269,True,True,True,True,Eyes,1.241922,-0.2921737,-3.554866,-0.5074746,-0.27402,0.8169349,0.0,0.0,0.0,0.0,0.0,0.0,0.0,0.8358912,1.355238,3.432518,1.235318,-0.2915165,-3.564628,0.1403748,-0.2640873,0.07440865,0.9513234,17.84147,329.6086,4.062105,0.329275,-0.07722675,-0.9410701,0,0,0,0.6774253,-0.6220016,-2.713421,-0.05069923,0.0004354566,1.068853,0.8494425,0.06743098,0.5233549,-0.2157158,0.9495165,0.2277829,-0.4815745,-0.3063844,0.8211057,static,-31.84828,-18.54272,-2.715693,0.02334261,-34.650682114260135,-7.969550091653872
05/11/2023 12:33:21.973740,1270,True,True,True,True,Eyes,1.241821,-0.2922153,-3.554854,-0.5088467,-0.2756056,0.8155468,0.0,0.0,0.0,0.0,0.0,0.0,0.0,0.8423443,1.359115,3.429491,1.235215,-0.2916736,-3.564733,0.1409408,-0.2648415,0.07475447,0.9510029,17.91865,329.5183,4.06982,0.3292297,-0.07723992,-0.9410849,0,0,0,0.6774253,-0.6220016,-2.713421,-0.04884425,0.00193958,1.068919,0.8485415,0.06752949,0.5248019,-0.2168374,0.9490949,0.228474,-0.4826581,-0.3076664,0.8199893,static,-31.96141,-18.67215,-2.61631,0.1039645,-34.76885620373465,-8.101178349469318
05/11/2023 12:33:21.992962,1271,True,True,True,True,Eyes,1.241754,-0.2922518,-3.554821,-0.5103785,-0.2772235,0.8140399,0.0,0.0,0.0,0.0,0.0,0.0,0.0,0.8498303,1.362217,3.426295,1.23512,-0.2915096,-3.564666,0.1414679,-0.2657928,0.0749231,0.950646,17.98692,329.4008,4.054415,0.3291867,-0.07725297,-0.9410989,0,0,0,0.6774253,-0.6220016,-2.713421,-0.04663971,0.002888232,1.068964,0.8474814,0.06724837,0.5265481,-0.217653,0.9487467,0.2291438,-0.4841512,-0.3087998,0.818682,static,-32.08648,-18.80642,-2.498275,0.154807,-34.899211957901784,-8.237780214053199
05/11/2023 12:33:22.012605,1272,True,True,True,True,Eyes,1.241687,-0.2922915,-3.554781,-0.5119051,-0.2787839,0.812547,0.0,0.0,0.0,0.0,0.0,0.0,0.0,0.8570951,1.362906,3.42416,1.234903,-0.2914884,-3.564695,0.1416424,-0.2667356,0.0749304,0.9503552,18.01069,329.2836,4.031438,0.3291466,-0.07726578,-0.9411119,0,0,0,0.6774253,-0.6220016,-2.713421,-0.04433364,0.003133669,1.068977,0.8464752,0.06685885,0.5282137,-0.2179831,0.9486457,0.229248,-0.4857604,-0.3091944,0.8175792,static,-32.21095,-18.93704,-2.374864,0.1679601,-35.02884328758225,-8.370687357603725
05/11/2023 12:33:22.023207,1273,True,True,True,True,Eyes,1.241643,-0.2923316,-3.554724,-0.5134521,-0.2803358,0.8110356,0.0,0.0,0.0,0.0,0.0,0.0,0.0,0.8640046,1.362799,3.422275,1.234837,-0.2916028,-3.564525,0.1416803,-0.2676319,0.07506766,0.9500868,18.02296,329.1749,4.028483,0.3291093,-0.07727847,-0.9411239,0,0,0,0.6774253,-0.6220016,-2.713421,-0.04242074,0.003304988,1.068849,0.8454761,0.06680528,0.5298181,-0.2184779,0.9485831,0.229036,-0.4872757,-0.3093981,0.8165998,static,-32.33716,-19.06779,-2.272776,0.1771637,-35.1602308731579,-8.503737552967117
05/11/2023 12:33:22.042971,1274,True,True,True,True,Eyes,1.241604,-0.292377,-3.554666,-0.5149354,-0.2818633,0.8095645,0.0,0.0,0.0,0.0,0.0,0.0,0.0,0.8684375,1.36302,3.420943,1.234753,-0.2917008,-3.564429,0.1417402,-0.2681888,0.0752049,0.9499099,18.03627,329.1081,4.03146,0.329075,-0.07729109,-0.9411349,0,0,0,0.6774253,-0.6220016,-2.713421,-0.04119223,0.003539398,1.068747,0.8448379,0.0668495,0.5308295,-0.218902,0.9485079,0.2289425,-0.4881913,-0.309619,0.8159689,static,-32.459,-19.19641,-2.207234,0.1897474,-35.28714819233732,-8.634604848314723
05/11/2023 12:33:22.062964,1275,True,True,True,True,Eyes,1.241578,-0.2924271,-3.554603,-0.5163269,-0.283396,0.8081418,0.0,0.0,0.0,0.0,0.0,0.0,0.0,0.8701401,1.365994,3.419275,1.234825,-0.2918707,-3.564343,0.1421347,-0.2683336,0.07558753,0.9497797,18.0929,329.0944,4.060222,0.3290437,-0.07730378,-0.9411448,0,0,0,0.6774253,-0.6220016,-2.713421,-0.04096857,0.004756659,1.068666,0.8445673,0.06730397,0.5312028,-0.219862,0.9481685,0.229428,-0.4882283,-0.3105586,0.8155897,static,-32.57477,-19.32455,-2.195425,0.2550232,-35.407937929537354,-8.764946316760135
05/11/2023 12:33:22.082884,1276,True,True,True,True,Eyes,1.241547,-0.292468,-3.554533,-0.5176482,-0.2849109,0.8067628,0.0,0.0,0.0,0.0,0.0,0.0,0.0,0.8708237,1.370343,3.417356,1.234798,-0.2920559,-3.564334,0.1426973,-0.2682625,0.07622028,0.9496648,18.17518,329.1108,4.116717,0.3290154,-0.07731666,-0.9411536,0,0,0,0.6774253,-0.6220016,-2.713421,-0.04111218,0.006512359,1.068573,0.8444514,0.06820673,0.5312718,-0.2213282,0.9476559,0.2301352,-0.487766,-0.3119234,0.8153454,static,-32.6857,-19.45084,-2.203305,0.3491815,-35.52379339491592,-8.893384875218949
05/11/2023 12:33:22.098684,1277,True,True,True,True,Eyes,1.241523,-0.292493,-3.554458,-0.5188818,-0.2863638,0.8054549,0.0,0.0,0.0,0.0,0.0,0.0,0.0,0.8709331,1.373645,3.415839,1.23468,-0.2921169,-3.564212,0.143149,-0.2682014,0.07649041,0.9495924,18.23385,329.1204,4.134868,0.3289898,-0.07732949,-0.9411616,0,0,0,0.6774253,-0.6220016,-2.713421,-0.04116303,0.007630467,1.068387,0.8444344,0.06848387,0.5312631,-0.2220549,0.9473152,0.2308367,-0.487465,-0.312896,0.8151528,static,-32.79003,-19.57186,-2.206411,0.4092019,-35.632829763399464,-9.016450634279597
05/11/2023 12:33:22.112817,1278,True,True,True,True,Eyes,1.241504,-0.2925288,-3.554381,-0.5200568,-0.2877598,0.8041985,0.0,0.0,0.0,0.0,0.0,0.0,0.0,0.8713453,1.373789,3.415526,1.234602,-0.2917703,-3.564125,0.1432299,-0.2682779,0.07640029,0.9495658,18.24045,329.1089,4.120478,0.3289667,-0.07734185,-0.9411687,0,0,0,0.6774253,-0.6220016,-2.713421,-0.04095718,0.007364884,1.068393,0.8443799,0.06824336,0.5313807,-0.221945,0.9472964,0.2310194,-0.4876095,-0.3130054,0.8150244,static,-32.88983,-19.68832,-2.195376,0.3949576,-35.737154676911494,-9.134875316695847
05/11/2023 12:33:22.122962,1279,True,True,True,True,Eyes,1.241517,-0.2925618,-3.554287,-0.5209252,-0.2890095,0.8031877,0.0,0.0,0.0,0.0,0.0,0.0,0.0,0.8700593,1.374991,3.415172,1.23465,-0.2918144,-3.563914,0.1433961,-0.2681625,0.07623783,0.9495863,18.25353,329.1195,4.098923,0.3289461,-0.07735407,-0.9411749,0,0,0,0.6774253,-0.6220016,-2.713421,-0.04127851,0.007607326,1.068223,0.8445534,0.0678819,0.5311513,-0.2216957,0.9472507,0.2314458,-0.4874225,-0.3132223,0.8150529,static,-32.96632,-19.79016,-2.212935,0.4080237,-35.81752737053793,-9.238361473910487
05/11/2023 12:33:22.143091,1280,True,True,True,True,Eyes,1.241528,-0.2925899,-3.554191,-0.5217517,-0.2902023,0.8022205,0.0,0.0,0.0,0.0,0.0,0.0,0.0,0.8686699,1.376705,3.414814,1.234605,-0.2918554,-3.563906,0.1436283,-0.2680065,0.07608024,0.949608,18.27397,329.1348,4.076678,0.3289287,-0.07736612,-0.94118,0,0,0,0.6774253,-0.6220016,-2.713421,-0.04148909,0.00801453,1.06817,0.8447686,0.06750616,0.5308568,-0.2214794,0.9471655,0.2320012,-0.4871477,-0.3135611,0.8150868,static,-33.03934,-19.88753,-2.224324,0.429885,-35.89425886830658,-9.337304626124517
05/11/2023 12:33:22.163262,1281,True,True,True,True,Eyes,1.241528,-0.2926153,-3.554103,-0.5223358,-0.2912475,0.8014613,0.0,0.0,0.0,0.0,0.0,0.0,0.0,0.8674843,1.376433,3.415054,1.234548,-0.2917625,-3.56377,0.1436053,-0.2678895,0.0759236,0.9496571,18.26604,329.1467,4.061727,0.328914,-0.07737788,-0.9411842,0,0,0,0.6774253,-0.6220016,-2.713421,-0.04174271,0.007735983,1.068052,0.8449416,0.06726208,0.5306124,-0.2211435,0.9472263,0.2320732,-0.4870003,-0.3134297,0.8152255,static,-33.09346,-19.97092,-2.238154,0.4149905,-35.95149958047995,-9.42198579695711
05/11/2023 12:33:22.182721,1282,True,True,True,True,Eyes,1.241529,-0.2926386,-3.554009,-0.5229014,-0.2922249,0.8007363,0.0,0.0,0.0,0.0,0.0,0.0,0.0,0.8667417,1.375473,3.415577,1.234466,-0.2917057,-3.563753,0.1434821,-0.2678272,0.0757439,0.9497076,18.24643,329.152,4.046161,0.3289015,-0.0773893,-0.9411876,0,0,0,0.6774253,-0.6220016,-2.713421,-0.04180917,0.007289752,1.068014,0.845063,0.0670123,0.5304508,-0.2207259,0.9473515,0.2319596,-0.4869792,-0.3131047,0.815363,static,-33.14557,-20.04931,-2.241793,0.3910675,-36.00655167403304,-9.501597784532777
05/11/2023 12:33:22.192989,1283,True,True,True,True,Eyes,1.241533,-0.2926625,-3.553914,-0.5233592,-0.2930457,0.800137,0.0,0.0,0.0,0.0,0.0,0.0,0.0,0.8660779,1.373551,3.416298,1.234485,-0.2916783,-3.563537,0.1432309,-0.267827,0.0754608,0.9497681,18.20954,329.1487,4.02148,0.328891,-0.07740037,-0.9411904,0,0,0,0.6774253,-0.6220016,-2.713421,-0.04193303,0.006510556,1.067861,0.8451488,0.06661832,0.5303636,-0.2200627,0.9475812,0.2316514,-0.4871303,-0.3124931,0.8155073,static,-33.18818,-20.11497,-2.24875,0.3493178,-36.051618852288634,-9.568274410842516
05/11/2023 12:33:22.213091,1284,True,True,True,True,Eyes,1.241536,-0.2926839,-3.553822,-0.5237976,-0.2938216,0.7995656,0.0,0.0,0.0,0.0,0.0,0.0,0.0,0.8654019,1.371835,3.417044,1.234574,-0.2917162,-3.563393,0.1429936,-0.2678182,0.07521451,0.9498259,18.17532,329.1469,4.000768,0.3288824,-0.07741115,-0.9411924,0,0,0,0.6774253,-0.6220016,-2.713421,-0.04209796,0.005879581,1.067778,0.8452324,0.06628878,0.5302716,-0.2194739,0.9477912,0.2313504,-0.4872509,-0.3119256,0.8156525,static,-33.22892,-20.1772,-2.25776,0.3154885,-36.09469011908101,-9.6314703027499
05/11/2023 12:33:22.233004,1285,True,True,True,True,Eyes,1.241525,-0.2927043,-3.553737,-0.5241142,-0.2944845,0.799114,0.0,0.0,0.0,0.0,0.0,0.0,0.0,0.8642455,1.371391,3.417481,1.234566,-0.2916713,-3.563367,0.1429438,-0.2677419,0.07489409,0.9498802,18.15951,329.1512,3.967036,0.3288755,-0.07742159,-0.941194,0,0,0,0.6774253,-0.6220016,-2.713421,-0.04220736,0.005514652,1.067764,0.8454103,0.06573675,0.5300568,-0.2188249,0.9479159,0.2314544,-0.4872341,-0.3116636,0.8157627,static,-33.25963,-20.22954,-2.263651,0.2959113,-36.12733642463545,-9.684598983513546
05/11/2023 12:33:22.242960,1286,True,True,True,True,Eyes,1.241516,-0.2927215,-3.55365,-0.5244158,-0.2950929,0.7986916,0.0,0.0,0.0,0.0,0.0,0.0,0.0,0.8627719,1.370875,3.417989,1.234531,-0.2916381,-3.563314,0.1428791,-0.2676128,0.07461178,0.9499485,18.143,329.1628,3.939186,0.3288697,-0.07743169,-0.9411952,0,0,0,0.6774253,-0.6220016,-2.713421,-0.04243603,0.005147055,1.067707,0.8456329,0.06528214,0.5297577,-0.2182272,0.9480373,0.2315213,-0.4871159,-0.3113896,0.8159378,static,-33.28865,-20.27778,-2.276025,0.2762016,-36.15814597533331,-9.733570655303986
05/11/2023 12:33:22.263168,1287,True,True,True,True,Eyes,1.241498,-0.2927361,-3.553567,-0.524621,-0.2956406,0.7983543,0.0,0.0,0.0,0.0,0.0,0.0,0.0,0.8612098,1.368811,3.419041,1.234547,-0.2915803,-3.563151,0.142602,-0.2674904,0.07431892,0.9500476,18.10242,329.1745,3.916614,0.328865,-0.07744142,-0.941196,0,0,0,0.6774253,-0.6220016,-2.713421,-0.0428015,0.004298538,1.067593,0.8458511,0.06492368,0.5294533,-0.2175024,0.9482828,0.2311981,-0.4870612,-0.3107165,0.8162271,static,-33.31004,-20.32022,-2.29585,0.2306935,-36.18108187493783,-9.776626747303371
05/11/2023 12:33:22.275879,1288,True,True,True,True,Eyes,1.241482,-0.2927568,-3.553489,-0.5248123,-0.2961514,0.7980391,0.0,0.0,0.0,0.0,0.0,0.0,0.0,0.8596376,1.367178,3.419981,1.234574,-0.2915093,-3.563043,0.1423933,-0.2673992,0.07387596,0.9501391,18.065,329.1795,3.874064,0.3288609,-0.07745072,-0.9411967,0,0,0,0.6774253,-0.6220016,-2.713421,-0.04302508,0.003489509,1.067537,0.8460801,0.06423312,0.5291718,-0.2165366,0.9485329,0.2310782,-0.487094,-0.3100957,0.8164436,static,-33.33001,-20.35983,-2.30795,0.1872848,-36.20249473387734,-9.816811799070411
05/11/2023 12:33:22.293156,1289,True,True,True,True,Eyes,1.241438,-0.2927778,-3.553433,-0.5249096,-0.2966287,0.7977978,0.0,0.0,0.0,0.0,0.0,0.0,0.0,0.8580552,1.3666,3.420655,1.234589,-0.2916732,-3.563068,0.1422883,-0.2672528,0.07359906,0.9502176,18.04408,329.1935,3.84843,0.3288576,-0.0774598,-0.9411972,0,0,0,0.6774253,-0.6220016,-2.713421,-0.04328969,0.003259271,1.067504,0.8463182,0.06381635,0.5288412,-0.2159241,0.9486744,0.2310705,-0.486952,-0.3097487,0.81666,static,-33.34285,-20.39561,-2.322201,0.1749332,-36.21660230888504,-9.853076582732463
05/11/2023 12:33:22.313385,1290,True,True,True,True,Eyes,1.241394,-0.2928002,-3.553377,-0.5249842,-0.2971073,0.7975706,0.0,0.0,0.0,0.0,0.0,0.0,0.0,0.8564861,1.368276,3.420419,1.234729,-0.2916223,-3.563063,0.14252,-0.2670854,0.07347884,0.9502392,18.06564,329.2108,3.830695,0.328854,-0.07746867,-0.9411977,0,0,0,0.6774253,-0.6220016,-2.713421,-0.04369438,0.003643543,1.06757,0.8465325,0.0635149,0.5285345,-0.215775,0.9485778,0.2316058,-0.4866457,-0.3101064,0.8167069,static,-33.35408,-20.43114,-2.343739,0.1955457,-36.22908056745875,-9.889077842603093
05/11/2023 12:33:22.322995,1291,True,True,True,True,Eyes,1.241321,-0.2928177,-3.55334,-0.5250046,-0.2975783,0.7973815,0.0,0.0,0.0,0.0,0.0,0.0,0.0,0.8545747,1.370554,3.419888,1.234678,-0.2916716,-3.562983,0.1428233,-0.2668382,0.07342651,0.9502671,18.09699,329.2387,3.820099,0.3288502,-0.07747738,-0.9411983,0,0,0,0.6774253,-0.6220016,-2.713421,-0.0441457,0.00426209,1.067444,0.846812,0.06332818,0.5281091,-0.215771,0.9484201,0.2322546,-0.486161,-0.3106266,0.8167979,static,-33.36134,-20.46529,-2.368201,0.2287693,-36.23751603011859,-9.923657236697661
05/11/2023 12:33:22.343133,1292,True,True,True,True,Eyes,1.241248,-0.2928305,-3.553302,-0.5250186,-0.2980095,0.7972113,0.0,0.0,0.0,0.0,0.0,0.0,0.0,0.8532197,1.370389,3.420257,1.234703,-0.2915041,-3.562954,0.1428087,-0.2666568,0.07345259,0.9503182,18.09544,329.2617,3.827114,0.3288452,-0.0774858,-0.9411994,0,0,0,0.6774253,-0.6220016,-2.713421,-0.04460016,0.004099935,1.067468,0.8469978,0.06344485,0.5277968,-0.2157685,0.9484208,0.2322542,-0.4858382,-0.3106007,0.8169997,static,-33.36766,-20.49649,-2.392499,0.2200608,-36.24490779960777,-9.95524745221498
05/11/2023 12:33:22.362927,1293,True,True,True,True,Eyes,1.241174,-0.2928409,-3.55327,-0.5250349,-0.2983975,0.7970554,0.0,0.0,0.0,0.0,0.0,0.0,0.0,0.8524417,1.368261,3.421207,1.234643,-0.2914092,-3.56289,0.1425155,-0.2665456,0.07348792,0.9503907,18.06325,329.2777,3.842468,0.3288394,-0.07749383,-0.9412007,0,0,0,0.6774253,-0.6220016,-2.713421,-0.04491258,0.003410846,1.067405,0.847106,0.06371068,0.5275912,-0.2156582,0.9485777,0.2317151,-0.4856985,-0.3100666,0.8172856,static,-33.37362,-20.52464,-2.409381,0.1830856,-36.251836570588615,-9.983751240688736
05/11/2023 12:33:22.382778,1294,True,True,True,True,Eyes,1.241101,-0.2928535,-3.553238,-0.5250473,-0.2987478,0.796916,1.060887,0.6840847,-0.6097913,-2.7078,0.4439369,0.813973,0.3746572,-0.0357745,0.01399241,1.065045,1.234718,-0.2913527,-3.562901,0.1421783,-0.2664736,0.07326883,0.9504782,18.01845,329.2849,3.829209,0.3288327,-0.07750145,-0.9412025,0,0,0,0.6774253,-0.6220016,-2.713421,-0.04515621,0.002539396,1.067462,0.847247,0.06350736,0.5273891,-0.2150544,0.948834,0.2312263,-0.4857202,-0.3093231,0.8175544,static,-33.37885,-20.55002,-2.422306,0.1363013,-36.25793902564535,-10.009449258900595
05/11/2023 12:33:22.393176,1295,True,True,True,True,Eyes,1.241034,-0.2928727,-3.553212,-0.5250973,-0.2990708,0.7967619,1.05918,0.6848612,-0.6096426,-2.709298,0.4956912,0.8238647,0.2748401,-0.03612825,0.01306282,1.063333,1.23468,-0.2914236,-3.562871,0.1418418,-0.2664064,0.07338317,0.9505385,17.98401,329.2971,3.854096,0.3288251,-0.07750874,-0.9412045,0,0,0,0.6774253,-0.6220016,-2.713421,-0.04539269,0.001982957,1.067388,0.8472851,0.06393196,0.5272767,-0.2150822,0.9489916,0.2305527,-0.4856415,-0.3087516,0.8178171,static,-33.38644,-20.57402,-2.435144,0.106442,-36.26637223578775,-10.033767616767925
05/11/2023 12:33:22.413632,1296,True,True,True,True,Eyes,1.240971,-0.2928885,-3.55319,-0.5251328,-0.2994282,0.7966043,1.057926,0.6854196,-0.6096613,-2.710441,0.5328696,0.8225607,0.1986049,-0.03629726,0.01277497,1.062224,1.234857,-0.2916042,-3.562942,0.1416942,-0.2664826,0.07367855,0.9505163,17.97689,329.2935,3.891089,0.3288169,-0.07751591,-0.9412068,0,0,0,0.6774253,-0.6220016,-2.713421,-0.04543751,0.002101988,1.067478,0.8471171,0.06454725,0.5274717,-0.2155834,0.9489884,0.2300972,-0.4857124,-0.3086334,0.8178197,static,-33.39343,-20.60027,-2.43734,0.1128218,-36.274275473206785,-10.060357075809911
05/11/2023 12:33:22.426587,1297,True,True,True,True,Eyes,1.240902,-0.2928978,-3.553168,-0.5251778,-0.2997202,0.7964647,1.057045,0.685766,-0.6097153,-2.711269,0.5558606,0.8188131,0.1434013,-0.03650454,0.01373103,1.061463,1.234889,-0.2915309,-3.563001,0.1422642,-0.2664186,0.07391001,0.9504312,18.04758,329.302,3.901221,0.3288082,-0.07752287,-0.9412093,0,0,0,0.6774253,-0.6220016,-2.713421,-0.04549998,0.003383175,1.067559,0.8471169,0.06468913,0.5274546,-0.2162964,0.9485965,0.2310426,-0.4853956,-0.3098066,0.8175641,static,-33.40031,-20.62198,-2.440503,0.181574,-36.281918324831445,-10.082355151792925
05/11/2023 12:33:22.442920,1298,True,True,True,True,Eyes,1.240834,-0.2929054,-3.553146,-0.5252215,-0.2999663,0.7963433,1.056383,0.6859996,-0.6097846,-2.711903,0.571519,0.8143267,0.1011835,-0.03678969,0.01322304,1.060812,1.234958,-0.2913609,-3.562844,0.1422218,-0.2664307,0.07394733,0.9504312,18.04403,329.3014,3.906583,0.328799,-0.07752945,-0.941212,0,0,0,0.6774253,-0.6220016,-2.713421,-0.04564503,0.003138274,1.067517,0.8470929,0.06477919,0.527482,-0.2163482,0.9486095,0.2309404,-0.4854143,-0.3097478,0.8175753,static,-33.40651,-20.64037,-2.44837,0.168437,-36.28876707767744,-10.100991654921735
05/11/2023 12:33:22.463010,1299,True,True,True,True,Eyes,1.24075,-0.2929113,-3.553138,-0.5252908,-0.3001894,0.7962135,1.055773,0.6861624,-0.609843,-2.712518,0.5824935,0.8106047,0.06017902,-0.03717962,0.01201065,1.060224,1.234915,-0.2913358,-3.562827,0.1418104,-0.2663545,0.07378447,0.9505267,17.99264,329.3104,3.90214,0.3287892,-0.07753567,-0.9412149,0,0,0,0.6774253,-0.6220016,-2.713421,-0.04584473,0.002151161,1.067483,0.8472222,0.06472452,0.5272809,-0.2158119,0.9488913,0.2302835,-0.4854273,-0.3088948,0.8178902,static,-33.41428,-20.65751,-2.459147,0.1154607,-36.29715543486466,-10.118374680681306
05/11/2023 12:33:22.484049,1300,True,True,True,True,Eyes,1.240667,-0.2929223,-3.55313,-0.525353,-0.3003948,0.796095,1.055232,0.6862974,-0.6099086,-2.713065,0.5913686,0.8060531,0.02369447,-0.03752425,0.01210332,1.059793,1.234945,-0.2912396,-3.56286,0.142052,-0.26624,0.0736135,0.9505361,18.01396,329.3203,3.877262,0.3287785,-0.0775415,-0.9412182,0,0,0,0.6774253,-0.6220016,-2.713421,-0.04600745,0.002460033,1.067547,0.8473946,0.06430475,0.5270552,-0.2155844,0.9488046,0.2308533,-0.4852274,-0.3092487,0.817875,static,-33.42131,-20.67327,-2.467716,0.1320309,-36.304753218843956,-10.134357376769692
05/11/2023 12:33:22.493472,1301,True,True,True,True,Eyes,1.240587,-0.2929388,-3.553128,-0.5254211,-0.3005989,0.795973,1.054733,0.6864077,-0.6099905,-2.713589,0.5988564,0.8007774,-0.01125382,-0.03786552,0.01176371,1.059255,1.234898,-0.2913796,-3.562847,0.1419112,-0.266173,0.07368367,0.9505704,18.00008,329.3305,3.890991,0.3287669,-0.0775471,-0.9412218,0,0,0,0.6774253,-0.6220016,-2.713421,-0.04616392,0.002342522,1.067462,0.8474452,0.06453717,0.5269453,-0.2156289,0.9488639,0.2305679,-0.4851192,-0.3090183,0.8180262,static,-33.42877,-20.68903,-2.476294,0.1257341,-36.31278396126397,-10.150342939893712
05/11/2023 12:33:22.513178,1302,True,True,True,True,Eyes,1.240508,-0.2929558,-3.553131,-0.5254724,-0.3008249,0.7958537,1.054251,0.6865281,-0.6101009,-2.714101,0.6069192,0.7934685,-0.04535173,-0.03835517,0.0117811,1.05888,1.235037,-0.2915129,-3.562909,0.1418701,-0.2660961,0.07394773,0.9505776,18.00328,329.3447,3.924076,0.3287546,-0.07755264,-0.9412256,0,0,0,0.6774253,-0.6220016,-2.713421,-0.04648557,0.002613276,1.067529,0.8474492,0.0650839,0.5268719,-0.2160883,0.9488092,0.2303627,-0.484908,-0.3090716,0.8181314,static,-33.43529,-20.7061,-2.493371,0.140258,-36.319911411277985,-10.167646850305928
05/11/2023 12:33:22.523642,1303,True,True,True,True,Eyes,1.240428,-0.2929722,-3.553133,-0.5255395,-0.3010638,0.7957191,1.053755,0.6866386,-0.6102197,-2.71464,0.6139656,0.7851382,-0.08126681,-0.03869191,0.01240227,1.058458,1.234991,-0.2915362,-3.563012,0.1422157,-0.2659736,0.0741517,0.9505443,18.04774,329.3613,3.939191,0.3287417,-0.07755812,-0.9412297,0,0,0,0.6774253,-0.6220016,-2.713421,-0.04662758,0.003503889,1.067571,0.8475191,0.0653177,0.5267304,-0.2166202,0.9485524,0.2309199,-0.4845482,-0.3098095,0.8180655,static,-33.44311,-20.72436,-2.500881,0.1880506,-36.328387025347034,-10.186162704504959
05/11/2023 12:33:22.542917,1304,True,True,True,True,Eyes,1.240347,-0.2929884,-3.553135,-0.5256025,-0.3012904,0.7955917,1.053327,0.6867155,-0.6103457,-2.715117,0.6192805,0.7769822,-0.1130942,-0.03901896,0.01283944,1.058003,1.234942,-0.2915303,-3.562975,0.1424702,-0.2659049,0.07443321,0.9505034,18.08461,329.3731,3.964988,0.3287281,-0.07756352,-0.941234,0,0,0,0.6774253,-0.6220016,-2.713421,-0.04676509,0.004196599,1.067509,0.8475085,0.065731,0.526696,-0.2172651,0.9483239,0.2312525,-0.484278,-0.3104211,0.8179936,static,-33.45049,-20.74167,-2.508392,0.2252405,-36.33638830214474,-10.203715026501982
05/11/2023 12:33:22.563041,1305,True,True,True,True,Eyes,1.240282,-0.2930051,-3.553136,-0.5257059,-0.3015082,0.7954409,1.052901,0.6867657,-0.6104633,-2.715616,0.6224245,0.7688923,-0.1462613,-0.03919673,0.01251113,1.05755,1.23482,-0.2915416,-3.562983,0.1423917,-0.2659003,0.07455843,0.9505067,18.07964,329.3763,3.981889,0.328714,-0.07756887,-0.9412385,0,0,0,0.6774253,-0.6220016,-2.713421,-0.04671818,0.004107192,1.06745,0.8474761,0.06601256,0.526713,-0.2174606,0.9483313,0.2310383,-0.484247,-0.3103387,0.8180433,static,-33.46067,-20.75898,-2.506017,0.2204541,-36.34720884320764,-10.221286017568254
05/11/2023 12:33:22.583300,1306,True,True,True,True,Eyes,1.240214,-0.2930234,-3.553135,-0.5258005,-0.3017278,0.795295,1.05252,0.6867984,-0.610598,-2.716071,0.6249817,0.7603748,-0.1767142,-0.03944471,0.0124878,1.057312,1.234915,-0.291594,-3.56308,0.1423472,-0.2659398,0.07488625,0.9504765,18.0849,329.3772,4.020138,0.3286997,-0.07757417,-0.9412431,0,0,0,0.6774253,-0.6220016,-2.713421,-0.04675058,0.004329637,1.067558,0.8473362,0.06664366,0.5268586,-0.2180668,0.9482586,0.2307649,-0.4842192,-0.3104258,0.8180267,static,-33.47024,-20.77629,-2.507499,0.2323701,-36.357415187412755,-10.238852941444431
05/11/2023 12:33:22.593013,1307,True,True,True,True,Eyes,1.240133,-0.2930399,-3.553144,-0.5258544,-0.3019902,0.7951597,1.052121,0.6868709,-0.6107701,-2.71654,0.6295726,0.7486086,-0.2079029,-0.03960451,0.01251186,1.056836,1.234781,-0.2916532,-3.563054,0.1424089,-0.265929,0.0751347,0.9504507,18.09938,329.3824,4.04698,0.3286852,-0.07757947,-0.9412476,0,0,0,0.6774253,-0.6220016,-2.713421,-0.04671744,0.004646927,1.06745,0.8472731,0.06708234,0.5269043,-0.218565,0.948149,0.2307443,-0.484105,-0.3106663,0.8180029,static,-33.47743,-20.79606,-2.505978,0.2494241,-36.36530623349038,-10.258891441125613
05/11/2023 12:33:22.613001,1308,True,True,True,True,Eyes,1.240052,-0.2930586,-3.553152,-0.5258932,-0.3022617,0.7950309,1.051743,0.6869475,-0.6109602,-2.716984,0.6344154,0.7356361,-0.2373955,-0.03990147,0.0123399,1.056521,1.234785,-0.2915866,-3.563066,0.1424123,-0.2659052,0.07540477,0.9504353,18.10796,329.3899,4.078365,0.3286702,-0.07758471,-0.9412524,0,0,0,0.6774253,-0.6220016,-2.713421,-0.04683769,0.004779682,1.067476,0.8472171,0.06759839,0.5269284,-0.219071,0.9480657,0.2306063,-0.4839742,-0.3108084,0.8180263,static,-33.48365,-20.81624,-2.512358,0.2565433,-36.37223411862578,-10.279338047393448
05/11/2023 12:33:22.623776,1309,True,True,True,True,Eyes,1.239986,-0.293069,-3.553154,-0.525934,-0.302553,0.7948931,1.0514,0.6870189,-0.6111731,-2.717404,0.6393474,0.7216482,-0.2654408,-0.04026401,0.01262215,1.056106,1.234686,-0.2916627,-3.563048,0.1425409,-0.265814,0.07583196,0.9504076,18.13508,329.4077,4.125264,0.3286547,-0.07758995,-0.9412574,0,0,0,0.6774253,-0.6220016,-2.713421,-0.04703331,0.005386516,1.067375,0.8471848,0.06836377,0.5268818,-0.2199213,0.9478632,0.2306295,-0.4836451,-0.3112583,0.81805,static,-33.49026,-20.83787,-2.523076,0.2891412,-36.379602475990794,-10.301253430640273
05/11/2023 12:33:22.643408,1310,True,True,True,True,Eyes,1.239917,-0.2930754,-3.553158,-0.5259758,-0.3028269,0.7947611,1.051089,0.68707,-0.6113734,-2.717793,0.6428375,0.7083877,-0.2914563,-0.04055575,0.01248689,1.055897,1.234659,-0.2915059,-3.563104,0.1425876,-0.2657684,0.07613339,0.9503893,18.14936,329.4182,4.159356,0.3286391,-0.07759499,-0.9412624,0,0,0,0.6774253,-0.6220016,-2.713421,-0.04715475,0.005548894,1.067447,0.8471417,0.06892215,0.5268782,-0.2205033,0.947745,0.2305598,-0.4834555,-0.3114952,0.8180718,static,-33.49674,-20.85828,-2.529411,0.297837,-36.38679973027379,-10.32193433641502
05/11/2023 12:33:22.663127,1311,True,True,True,True,Eyes,1.239867,-0.2930755,-3.55315,-0.5260613,-0.3030388,0.7946238,1.050832,0.6870651,-0.6115185,-2.718134,0.6425979,0.6988204,-0.3141946,-0.04057589,0.01201417,1.055686,1.23454,-0.291418,-3.563161,0.1424733,-0.2658153,0.07624426,0.9503844,18.14017,329.4149,4.174695,0.3286235,-0.07759973,-0.9412674,0,0,0,0.6774253,-0.6220016,-2.713421,-0.04698274,0.005291015,1.067467,0.8470581,0.06917951,0.526979,-0.2206659,0.9477763,0.2302751,-0.4835279,-0.3113426,0.8180871,static,-33.50558,-20.87492,-2.520149,0.2839903,-36.39624897019937,-10.338818918272832
05/11/2023 12:33:22.682972,1312,True,True,True,True,Eyes,1.239814,-0.293073,-3.553145,-0.5261618,-0.3032156,0.7944898,1.050597,0.6870301,-0.6116305,-2.718457,0.6400768,0.6911422,-0.3355952,-0.04088616,0.01092993,1.055451,1.234465,-0.2913197,-3.563137,0.1420744,-0.2657938,0.07626311,0.9504486,18.09596,329.4201,4.189584,0.3286083,-0.07760405,-0.9412724,0,0,0,0.6774253,-0.6220016,-2.713421,-0.04708898,0.004371777,1.067438,0.8470752,0.06944334,0.5269167,-0.2204933,0.9479976,0.2295283,-0.4835766,-0.3106093,0.818337,static,-33.51507,-20.88926,-2.525908,0.234658,-36.40627687895676,-10.353382174516899
05/11/2023 12:33:22.693171,1313,True,True,True,True,Eyes,1.239762,-0.2930709,-3.553135,-0.526296,-0.3033236,0.7943597,1.050411,0.6869351,-0.6116852,-2.718731,0.6338909,0.687662,-0.3539821,-0.04058942,0.01000282,1.055339,1.234358,-0.2912642,-3.563211,0.1416312,-0.2660505,0.07647715,0.9504258,18.05402,329.3943,4.222797,0.3285934,-0.07760791,-0.9412773,0,0,0,0.6774253,-0.6220016,-2.713421,-0.0465633,0.003533617,1.067485,0.8467368,0.07000959,0.5273855,-0.2207338,0.9481837,0.2285264,-0.4840593,-0.3099135,0.8183155,static,-33.52612,-20.89919,-2.497637,0.1896612,-36.417730176208316,-10.363496632788127
05/11/2023 12:33:22.713141,1314,True,True,True,True,Eyes,1.239709,-0.2930671,-3.553129,-0.5264448,-0.3034258,0.7942221,1.050227,0.6868224,-0.6117331,-2.719016,0.6264007,0.6844839,-0.3729663,-0.04072392,0.008376837,1.055048,1.234276,-0.2912878,-3.563092,0.1409363,-0.2661598,0.07632591,0.9505107,17.97203,329.382,4.224721,0.3285788,-0.07761139,-0.941282,0,0,0,0.6774253,-0.6220016,-2.713421,-0.04644838,0.001976073,1.067349,0.8466667,0.07007402,0.5274895,-0.2201203,0.9486226,0.2272931,-0.4844612,-0.3085527,0.8185918,static,-33.53814,-20.90893,-2.491797,0.1060763,-36.43015388514581,-10.373425438860117
05/11/2023 12:33:22.723042,1315,True,True,True,True,Eyes,1.239662,-0.2930579,-3.553112,-0.5266431,-0.3034752,0.7940717,1.050069,0.6866505,-0.6117279,-2.719282,0.6149993,0.6848977,-0.390757,-0.04028153,0.008252919,1.055016,1.234216,-0.2912387,-3.563206,0.1409605,-0.2664265,0.07616902,0.9504449,17.9711,329.3463,4.200762,0.3285645,-0.07761447,-0.9412867,0,0,0,0.6774253,-0.6220016,-2.713421,-0.04571155,0.00186789,1.067456,0.8464304,0.06967769,0.527921,-0.2199001,0.9486569,0.2273634,-0.4849738,-0.3085372,0.8182941,static,-33.55308,-20.91566,-2.452072,0.100259,-36.445418480602676,-10.380330133621914
05/11/2023 12:33:22.743140,1316,True,True,True,True,Eyes,1.239615,-0.2930559,-3.553097,-0.526845,-0.3034908,0.7939318,1.04993,0.686464,-0.6117002,-2.719524,0.602484,0.6866563,-0.4068368,-0.04044354,0.007324159,1.054753,1.234087,-0.2911286,-3.563051,0.1406596,-0.2664808,0.07592929,0.9504934,17.93028,329.3372,4.181478,0.3285506,-0.07761706,-0.9412914,0,0,0,0.6774253,-0.6220016,-2.713421,-0.04558671,0.0009163767,1.067306,0.8464455,0.0693744,0.5279369,-0.2193067,0.9488992,0.2269246,-0.4852161,-0.3078594,0.8184057,static,-33.56785,-20.92001,-2.445728,0.0491935,-36.460433466579595,-10.384827142895176
05/11/2023 12:33:22.763255,1317,True,True,True,True,Eyes,1.239581,-0.2930517,-3.553082,-0.5270051,-0.3034919,0.7938251,1.04984,0.6863098,-0.6116697,-2.719692,0.5922833,0.688776,-0.4180767,-0.04043666,0.00661771,1.054643,1.234025,-0.291305,-3.563094,0.140236,-0.2665858,0.07588567,0.9505301,17.88197,329.3257,4.187517,0.3285372,-0.0776194,-0.9412959,0,0,0,0.6774253,-0.6220016,-2.713421,-0.0453622,0.0001752973,1.067263,0.8463468,0.06949334,0.5280794,-0.2190331,0.9491504,0.226137,-0.4855118,-0.3070572,0.8185318,static,-33.57941,-20.92264,-2.433796,0.009410798,-36.47215967981981,-10.387563560566978
05/11/2023 12:33:22.783373,1318,True,True,True,True,Eyes,1.239545,-0.2930492,-3.553067,-0.5271458,-0.3035147,0.793723,1.049742,0.6861778,-0.6116614,-2.719863,0.5834661,0.6893088,-0.4294422,-0.04084626,0.007171914,1.05468,1.234139,-0.2912652,-3.563162,0.1404722,-0.2665041,0.07598991,0.9505097,17.91126,329.3363,4.193771,0.3285244,-0.07762146,-0.9413002,0,0,0,0.6774253,-0.6220016,-2.713421,-0.0455727,0.0007381886,1.06738,0.8464022,0.06958547,0.5279785,-0.2193311,0.9489862,0.2265371,-0.4852806,-0.3075436,0.8184862,static,-33.58986,-20.92654,-2.444808,0.03962515,-36.48281011272088,-10.391576745795511
05/11/2023 12:33:22.792941,1319,True,True,True,True,Eyes,1.239502,-0.2930432,-3.553059,-0.5272431,-0.3035524,0.793644,1.04965,0.686081,-0.6116672,-2.72001,0.5768614,0.688742,-0.4391646,-0.04116869,0.007789761,1.054554,1.23405,-0.2913013,-3.56318,0.1407047,-0.2663859,0.07619713,0.9504918,17.94314,329.3531,4.212677,0.3285122,-0.07762329,-0.9413043,0,0,0,0.6774253,-0.6220016,-2.713421,-0.04573944,0.001382172,1.067329,0.8464651,0.06988599,0.5278378,-0.219813,0.9487923,0.2268817,-0.4849527,-0.308073,0.8184814,static,-33.59736,-20.93082,-2.45386,0.07419701,-36.490502773354415,-10.395954501222551
05/11/2023 12:33:22.813423,1320,True,True,True,True,Eyes,1.239458,-0.2930396,-3.553052,-0.5273339,-0.3035877,0.7935701,1.049566,0.6859856,-0.6116751,-2.720147,0.5704778,0.6881848,-0.4482822,-0.04145685,0.007270068,1.054532,1.234033,-0.2911943,-3.563205,0.1405585,-0.2663125,0.07603042,0.9505475,17.92133,329.3602,4.19948,0.3285003,-0.07762484,-0.9413084,0,0,0,0.6774253,-0.6220016,-2.713421,-0.04587409,0.0008742064,1.067367,0.8465942,0.06967604,0.5276587,-0.219406,0.9489253,0.2267194,-0.4849118,-0.3077108,0.8186419,static,-33.60437,-20.93482,-2.460985,0.04692698,-36.49769283452228,-10.400045865796667
05/11/2023 12:33:22.823285,1321,True,True,True,True,Eyes,1.239425,-0.2930341,-3.55304,-0.5274493,-0.3036059,0.7934864,1.049501,0.6858664,-0.6116688,-2.720275,0.5627371,0.6888561,-0.4569512,-0.04163137,0.007292494,1.054441,1.233953,-0.291244,-3.563223,0.1406017,-0.2662498,0.07587118,0.9505714,17.92099,329.365,4.181089,0.3284885,-0.07762617,-0.9413124,0,0,0,0.6774253,-0.6220016,-2.713421,-0.04587969,0.0008919537,1.067325,0.8467093,0.06937162,0.5275139,-0.2191122,0.9489495,0.2269024,-0.4848435,-0.3077052,0.8186845,static,-33.61293,-20.93798,-2.461384,0.04788157,-36.506415875179115,-10.403298193736703
05/11/2023 12:33:22.853058,1322,True,True,True,True,Eyes,1.239395,-0.2930251,-3.553027,-0.5275521,-0.303618,0.7934134,1.049439,0.6857611,-0.6116537,-2.720388,0.5555879,0.6896939,-0.4643751,-0.04156628,0.007710621,1.054559,1.233831,-0.291088,-3.563441,0.1408841,-0.266214,0.0758059,0.9505447,17.95046,329.3668,4.165574,0.3284773,-0.07762726,-0.9413162,0,0,0,0.6774253,-0.6220016,-2.713421,-0.04566491,0.001303911,1.067492,0.8467671,0.06910314,0.5274563,-0.2191245,0.9488103,0.2274721,-0.484737,-0.3081945,0.8185635,static,-33.62051,-20.94051,-2.449491,0.06998513,-36.514131409849774,-10.40590695902944
05/11/2023 12:33:22.863028,1323,True,True,True,True,Eyes,1.239353,-0.2929696,-3.553077,-0.5276299,-0.3036498,0.7933496,1.049442,0.6856357,-0.6116323,-2.720503,0.5472586,0.6911508,-0.4720368,-0.04120958,0.007338464,1.055636,1.233637,-0.2903948,-3.564672,0.1409029,-0.2660961,0.07577727,0.9505773,17.95116,329.3808,4.164006,0.3284666,-0.07762805,-0.9413199,0,0,0,0.6774253,-0.6220016,-2.713421,-0.0451453,0.0009100735,1.068608,0.8469014,0.06907688,0.5272442,-0.2190517,0.9488084,0.2275501,-0.4845353,-0.3082062,0.8186785,static,-33.62653,-20.94405,-2.419126,0.04879557,-36.52030949907792,-10.409526590853112
05/11/2023 12:33:22.883313,1324,True,True,True,True,Eyes,1.239288,-0.292896,-3.553177,-0.5276908,-0.3036448,0.7933109,1.049504,0.6854741,-0.6115724,-2.720594,0.5365749,0.6952623,-0.4782235,-0.04087979,0.006438777,1.056915,1.233479,-0.2893453,-3.565959,0.1408365,-0.2659804,0.07561758,0.9506323,17.93832,329.3928,4.149975,0.3284556,-0.07762724,-0.9413238,0,0,0,0.6774253,-0.6220016,-2.713421,-0.04463544,-6.508827e-05,1.0699,0.8470728,0.06884953,0.5269985,-0.2186885,0.9488942,0.2275418,-0.4843996,-0.3079929,0.8188391,static,-33.63086,-20.94467,-2.388953,-0.003485638,-36.52468972380212,-10.41018237814518
05/11/2023 12:33:22.893057,1325,True,True,True,True,Eyes,1.239229,-0.2928288,-3.55327,-0.5277456,-0.3036255,0.7932819,1.049571,0.6853228,-0.6115052,-2.720664,0.5264783,0.6997393,-0.4828928,-0.04162195,0.00575316,1.056745,1.233536,-0.2893714,-3.565748,0.1404916,-0.265812,0.07551888,0.9507381,17.89593,329.4137,4.152551,0.3284434,-0.07762443,-0.9413283,0,0,0,0.6774253,-0.6220016,-2.713421,-0.04522181,-0.0008411407,1.069728,0.8472818,0.06890868,0.5266547,-0.218286,0.9491181,0.2269937,-0.4842156,-0.307289,0.8192123,static,-33.63458,-20.94415,-2.420686,-0.04505238,-36.52841817963294,-10.409681380057819
05/11/2023 12:33:22.913349,1326,True,True,True,True,Eyes,1.23917,-0.2927655,-3.553355,-0.5277924,-0.3036075,0.7932577,1.049632,0.6851818,-0.6114416,-2.720727,0.5170378,0.7039135,-0.487009,-0.04212838,0.005513698,1.05669,1.233637,-0.2894928,-3.565679,0.1402799,-0.26572,0.07549831,0.9507968,17.87119,329.4259,4.158493,0.3284303,-0.07761998,-0.9413332,0,0,0,0.6774253,-0.6220016,-2.713421,-0.04558349,-0.001162797,1.069672,0.8473857,0.06901671,0.5264733,-0.2181174,0.9492431,0.2266326,-0.4841097,-0.3068782,0.8194288,static,-33.63773,-20.9436,-2.440151,-0.06228389,-36.531571725072,-10.409146246792165
05/11/2023 12:33:22.929480,1327,True,True,True,True,Eyes,1.239131,-0.2927052,-3.553424,-0.5278667,-0.303569,0.7932229,1.049704,0.6850271,-0.6113627,-2.720774,0.5067271,0.7091804,-0.4901947,-0.04243228,0.005628183,1.056581,1.233554,-0.2895212,-3.565601,0.1402801,-0.2656385,0.07552829,0.9508172,17.87178,329.4364,4.163509,0.3284165,-0.07761418,-0.9413385,0,0,0,0.6774253,-0.6220016,-2.713421,-0.04573905,-0.001145691,1.069552,0.8474634,0.06909961,0.5263374,-0.2181548,0.949234,0.226635,-0.483957,-0.3068879,0.8195154,static,-33.6426,-20.94201,-2.448745,-0.06137452,-36.53642282803094,-10.407570979110346
05/11/2023 12:33:22.943151,1328,True,True,True,True,Eyes,1.23909,-0.292648,-3.553486,-0.5279402,-0.303531,0.7931886,1.049773,0.6848727,-0.6112868,-2.720818,0.4965037,0.714333,-0.4931658,-0.04272372,0.005723491,1.056508,1.233654,-0.289574,-3.565453,0.140266,-0.2656455,0.07551355,0.9508185,17.86978,329.4354,4.162116,0.3284025,-0.07760727,-0.941344,0,0,0,0.6774253,-0.6220016,-2.713421,-0.04588175,-0.001146853,1.069463,0.8474604,0.0690773,0.5263452,-0.2181214,0.9492463,0.2266153,-0.4839773,-0.3068546,0.8195159,static,-33.64743,-20.94045,-2.456578,-0.06144188,-36.54123464452388,-10.406025779416726
05/11/2023 12:33:22.963241,1329,True,True,True,True,Eyes,1.239053,-0.2926246,-3.553493,-0.5280294,-0.3034648,0.7931545,1.049791,0.6847326,-0.6111994,-2.720846,0.4869187,0.7197974,-0.4947746,-0.04275882,0.005782261,1.056425,1.233571,-0.2895938,-3.565382,0.1402368,-0.2656801,0.07555599,0.9508098,17.86796,329.432,4.167214,0.3283886,-0.07759946,-0.9413495,0,0,0,0.6774253,-0.6220016,-2.713421,-0.04578978,-0.001195475,1.069361,0.8474108,0.06916245,0.5264138,-0.218195,0.9492499,0.2265296,-0.4840309,-0.3068245,0.8194954,static,-33.65303,-20.9371,-2.451893,-0.06405289,-36.54676276400224,-10.402675743928622
05/11/2023 12:33:22.982982,1330,True,True,True,True,Eyes,1.239015,-0.2926029,-3.553496,-0.5281227,-0.3033919,0.7931203,1.049833,0.684574,-0.6111137,-2.720852,0.47671,0.7260591,-0.495566,-0.04335853,0.005819693,1.055173,1.233673,-0.2903849,-3.564017,0.1399583,-0.2658471,0.07560716,0.9508,17.83908,329.4137,4.178429,0.3283751,-0.07759181,-0.9413548,0,0,0,0.6774253,-0.6220016,-2.713421,-0.04625604,-0.001278371,1.068061,0.8472177,0.06935956,0.5266985,-0.2181896,0.9493905,0.2259448,-0.4843712,-0.3063446,0.8194739,static,-33.65884,-20.93333,-2.47984,-0.06857772,-36.552488485971566,-10.398902422972004
05/11/2023 12:33:22.992854,1331,True,True,True,True,Eyes,1.238984,-0.2925889,-3.553496,-0.5282424,-0.3033187,0.7930685,1.049855,0.6844065,-0.6110295,-2.72089,0.465506,0.7316225,-0.4980288,-0.04330429,0.005643427,1.055093,1.233585,-0.2904086,-3.56394,0.1398243,-0.2659439,0.07561876,0.9507918,17.82485,329.4026,4.182016,0.3283621,-0.07758439,-0.9413599,0,0,0,0.6774253,-0.6220016,-2.713421,-0.04604474,-0.001565635,1.067955,0.8471113,0.0694245,0.5268611,-0.2181662,0.9494619,0.2256669,-0.4845678,-0.3061083,0.819446,static,-33.66656,-20.92996,-2.468771,-0.08399624,-36.560150532092194,-10.395546299510187
05/11/2023 12:33:23.012978,1332,True,True,True,True,Eyes,1.238953,-0.2925735,-3.553497,-0.528366,-0.3032697,0.7930049,1.049857,0.6842446,-0.6109633,-2.720955,0.4545103,0.735702,-0.5021582,-0.04331383,0.006183788,1.05509,1.233732,-0.2905881,-3.563898,0.1398711,-0.2661027,0.07588726,0.9507191,17.83903,329.3873,4.208316,0.3283496,-0.07757735,-0.9413649,0,0,0,0.6774253,-0.6220016,-2.713421,-0.04588771,-0.00110428,1.067949,0.846861,0.06985477,0.5272067,-0.218735,0.9493545,0.2255686,-0.4847489,-0.3063438,0.8192509,static,-33.67486,-20.92841,-2.460375,-0.05924493,-36.568456552093046,-10.394034347690443
05/11/2023 12:33:23.023288,1333,True,True,True,True,Eyes,1.238925,-0.2925545,-3.553493,-0.5285212,-0.3031925,0.792931,1.049888,0.6840364,-0.6108727,-2.721004,0.4406699,0.7418051,-0.5055048,-0.04304749,0.006807029,1.055132,1.233688,-0.2905357,-3.563899,0.1400995,-0.2662936,0.07605308,0.9506186,17.87054,329.3653,4.216607,0.3283377,-0.07757063,-0.9413695,0,0,0,0.6774253,-0.6220016,-2.713421,-0.04542214,-0.0005942881,1.067964,0.8466073,0.06997974,0.5275974,-0.2192102,0.9491761,0.2258575,-0.4849774,-0.3068673,0.8189197,static,-33.68509,-20.92532,-2.435409,-0.03188328,-36.57865509547067,-10.390978083481496
05/11/2023 12:33:23.043013,1334,True,True,True,True,Eyes,1.238896,-0.2925347,-3.553487,-0.52868,-0.3031046,0.7928589,1.049922,0.6838232,-0.610771,-2.721046,0.4263277,0.7483533,-0.5081457,-0.04304841,0.006721869,1.055142,1.233766,-0.2904329,-3.563762,0.1400371,-0.2664622,0.07609762,0.9505771,17.86567,329.3456,4.220376,0.3283263,-0.07756411,-0.9413741,0,0,0,0.6774253,-0.6220016,-2.713421,-0.04522461,-0.0008142292,1.067936,0.8464141,0.07004409,0.5278987,-0.2193025,0.9491975,0.2256778,-0.4852727,-0.3067864,0.8187751,static,-33.69544,-20.92152,-2.424895,-0.04368417,-36.58895106433222,-10.387204698397948
05/11/2023 12:33:23.062983,1335,True,True,True,True,Eyes,1.238846,-0.2925168,-3.553495,-0.5288329,-0.3029292,0.7928239,1.050026,0.6835575,-0.6106004,-2.721009,0.4086518,0.7597878,-0.5056937,-0.04306677,0.006496727,1.055199,1.233749,-0.2903958,-3.563683,0.1398444,-0.2665784,0.07609913,0.9505727,17.84465,329.3322,4.224247,0.3283155,-0.07755776,-0.9413784,0,0,0,0.6774253,-0.6220016,-2.713421,-0.04504842,-0.001272589,1.067883,0.8462898,0.07011651,0.5280884,-0.2192345,0.949305,0.2252917,-0.4855203,-0.3064373,0.818759,static,-33.70425,-20.9113,-2.415578,-0.06827896,-36.59748484796312,-10.376929421838948
05/11/2023 12:33:23.079311,1336,True,True,True,True,Eyes,1.238796,-0.2924992,-3.5535,-0.5289884,-0.302735,0.7927943,1.050156,0.6832764,-0.6104181,-2.720942,0.3900811,0.7722505,-0.5014636,-0.0431293,0.006056204,1.05538,1.233838,-0.29037,-3.563661,0.1395782,-0.2666855,0.07589945,0.9505978,17.80919,329.3171,4.207488,0.3283045,-0.07755158,-0.9413827,0,0,0,0.6774253,-0.6220016,-2.713421,-0.04491678,-0.001971141,1.067924,0.8462362,0.06985274,0.528209,-0.2187467,0.9495144,0.2248829,-0.4858334,-0.305848,0.8187936,static,-33.71302,-20.89977,-2.408435,-0.1057546,-36.60593518150719,-10.365329263817522
05/11/2023 12:33:23.093195,1337,True,True,True,True,Eyes,1.238764,-0.2924826,-3.553496,-0.5291651,-0.3024747,0.7927758,1.050341,0.6829595,-0.6101844,-2.720811,0.3690445,0.7880058,-0.4928012,-0.04322934,0.005633965,1.055513,1.233811,-0.2903594,-3.563594,0.1393044,-0.2667348,0.07567002,0.9506424,17.7717,329.3086,4.188676,0.3282934,-0.07754558,-0.9413871,0,0,0,0.6774253,-0.6220016,-2.713421,-0.04483086,-0.002722755,1.067862,0.8462531,0.06955558,0.5282212,-0.2181849,0.9497367,0.2244897,-0.4860566,-0.305225,0.8188936,static,-33.72247,-20.88379,-2.403973,-0.1460882,-36.61492353074506,-10.349233994149234
05/11/2023 12:33:23.112817,1338,True,True,True,True,Eyes,1.238733,-0.2924678,-3.553492,-0.5293249,-0.3022213,0.7927657,1.050529,0.6826618,-0.6099601,-2.720668,0.3491409,0.8028602,-0.483235,-0.04357398,0.005506948,1.055691,1.23393,-0.2904019,-3.56352,0.1391108,-0.266719,0.07552794,0.9506866,17.74558,329.3092,4.178666,0.3282827,-0.07753978,-0.9413913,0,0,0,0.6774253,-0.6220016,-2.713421,-0.04501355,-0.003165588,1.067843,0.8463129,0.06939982,0.5281458,-0.2178138,0.9498875,0.224212,-0.4861189,-0.3047909,0.8190183,static,-33.7308,-20.86805,-2.413801,-0.1698511,-36.62279208417909,-10.3333739343668
05/11/2023 12:33:23.123051,1339,True,True,True,True,Eyes,1.238737,-0.2924516,-3.55347,-0.5294919,-0.3019041,0.792775,1.050793,0.6823509,-0.6096904,-2.720427,0.3284281,0.8208935,-0.4671925,-0.04405007,0.00583601,1.055929,1.233953,-0.2904268,-3.563497,0.1391406,-0.2665404,0.07531276,0.9507493,17.74153,329.3276,4.156504,0.3282724,-0.07753419,-0.9413954,0,0,0,0.6774253,-0.6220016,-2.713421,-0.04537186,-0.003215685,1.067814,0.8465684,0.06903392,0.5277843,-0.2173803,0.9499358,0.2244278,-0.485868,-0.3047234,0.8191922,static,-33.73884,-20.8478,-2.433058,-0.1725438,-36.630220002139474,-10.312951626060133
05/11/2023 12:33:23.143405,1340,True,True,True,True,Eyes,1.238744,-0.2924391,-3.553447,-0.5296246,-0.3015969,0.7928033,1.051064,0.6820741,-0.6094367,-2.72016,0.3099886,0.8378446,-0.4493591,-0.04481909,0.006028995,1.056207,1.234122,-0.2904539,-3.563433,0.1390829,-0.2662889,0.0751416,0.9508418,17.72871,329.356,4.143488,0.3282633,-0.07752877,-0.941399,0,0,0,0.6774253,-0.6220016,-2.713421,-0.04606754,-0.003386602,1.067812,0.8468879,0.06882306,0.5272989,-0.216968,0.9500194,0.2244729,-0.4854953,-0.3045104,0.8194924,static,-33.74452,-20.82773,-2.470322,-0.1817148,-36.63527761550301,-10.292695590530268
05/11/2023 12:33:23.163093,1341,True,True,True,True,Eyes,1.23876,-0.292419,-3.553422,-0.5297297,-0.3012698,0.7928575,1.051381,0.6818125,-0.6091686,-2.719826,0.2925074,0.8556057,-0.4270577,-0.04580319,0.00646165,1.056438,1.234168,-0.2905272,-3.563373,0.1390797,-0.2658716,0.07508306,0.9509637,17.72474,329.4066,4.144888,0.3282556,-0.07752361,-0.9414021,0,0,0,0.6774253,-0.6220016,-2.713421,-0.04703149,-0.003340676,1.067724,0.8473497,0.0688478,0.5265534,-0.2167572,0.9500387,0.2245946,-0.4847833,-0.3044444,0.8199383,static,-33.74797,-20.80578,-2.522156,-0.1792655,-36.63802792535449,-10.270523712564145
05/11/2023 12:33:23.179441,1342,True,True,True,True,Eyes,1.238778,-0.2923974,-3.553399,-0.5298169,-0.3009262,0.7929298,1.051744,0.6815462,-0.6088947,-2.71944,0.2747338,0.8737877,-0.4012687,-0.04677579,0.006508246,1.056892,1.234297,-0.2903513,-3.563388,0.1390049,-0.2654698,0.0749421,0.951098,17.71029,329.4542,4.138738,0.3282492,-0.07751847,-0.9414047,0,0,0,0.6774253,-0.6220016,-2.713421,-0.04800576,-0.003701299,1.067813,0.847819,0.06875136,0.5258102,-0.2163577,0.9501227,0.2246247,-0.4841409,-0.3042042,0.8204069,static,-33.74991,-20.78234,-2.574118,-0.1986003,-36.63920873895325,-10.246835143739087
05/11/2023 12:33:23.193389,1343,True,True,True,True,Eyes,1.238815,-0.2923692,-3.553368,-0.5298874,-0.3005846,0.7930122,1.052138,0.6813005,-0.6086258,-2.719009,0.2582581,0.8914068,-0.3724198,-0.04739386,0.00608319,1.0573,1.234319,-0.2902966,-3.563405,0.1386609,-0.2651949,0.07478565,0.9512371,17.6658,329.4873,4.13663,0.3282441,-0.07751331,-0.9414069,0,0,0,0.6774253,-0.6220016,-2.713421,-0.04866466,-0.004539803,1.067821,0.8481575,0.06873345,0.5252661,-0.2158221,0.9503605,0.2241333,-0.4837868,-0.3034644,0.8208897,static,-33.75068,-20.75879,-2.60938,-0.2435894,-36.63920787746934,-10.223027546716388
05/11/2023 12:33:23.212994,1344,True,True,True,True,Eyes,1.238852,-0.2923439,-3.553339,-0.5299556,-0.300212,0.7931077,1.052613,0.6810135,-0.608351,-2.718504,0.2391878,0.9099357,-0.3388306,-0.04814929,0.005248696,1.057843,1.234404,-0.2901646,-3.563427,0.1381854,-0.264876,0.0744563,0.951421,17.6011,329.5236,4.119544,0.3282407,-0.07750796,-0.9414086,0,0,0,0.6774253,-0.6220016,-2.713421,-0.04946229,-0.005822077,1.067882,0.848594,0.06847459,0.5245947,-0.2148826,0.9507222,0.2235016,-0.4834396,-0.3023883,0.821491,static,-33.7509,-20.73296,-2.651938,-0.3123727,-36.6385780878621,-10.19691084617639
05/11/2023 12:33:23.232740,1345,True,True,True,True,Eyes,1.238908,-0.2923223,-3.553308,-0.5300407,-0.2998319,0.7931946,1.053138,0.6807023,-0.6080865,-2.717965,0.2184563,0.9276298,-0.3029518,-0.04839405,0.004523978,1.058368,1.234412,-0.2902201,-3.563466,0.1375875,-0.264801,0.07443167,0.9515305,17.53309,329.5355,4.136474,0.3282387,-0.07750251,-0.9414097,0,0,0,0.6774253,-0.6220016,-2.713421,-0.04974911,-0.006996453,1.067879,0.8486807,0.06878136,0.5244141,-0.2145146,0.9510592,0.2224183,-0.4834507,-0.3012566,0.8219001,static,-33.75225,-20.70687,-2.6673,-0.3753809,-36.639077503701124,-10.170538779299665
05/11/2023 12:33:23.242779,1346,True,True,True,True,Eyes,1.238962,-0.2922973,-3.553276,-0.5301195,-0.2994744,0.7932771,1.053676,0.6803875,-0.6078464,-2.717419,0.1974278,0.9434101,-0.2664574,-0.04847327,0.004674181,1.059033,1.234625,-0.2903336,-3.563544,0.1373749,-0.2648308,0.07442583,0.9515533,17.50924,329.5328,4.141757,0.3282385,-0.07749706,-0.9414102,0,0,0,0.6774253,-0.6220016,-2.713421,-0.04986534,-0.007267177,1.06801,0.8486509,0.06887809,0.5244497,-0.2144025,0.9511778,0.2220185,-0.4835527,-0.3008595,0.8219856,static,-33.75343,-20.6823,-2.673195,-0.3898578,-36.63945584597155,-10.145702536529534
05/11/2023 12:33:23.263137,1347,True,True,True,True,Eyes,1.239021,-0.2922677,-3.553242,-0.5302267,-0.2990721,0.7933571,1.054359,0.6799723,-0.607597,-2.716759,0.1697498,0.9600353,-0.2225248,-0.04853052,0.005237475,1.05968,1.234618,-0.2902224,-3.563487,0.1375163,-0.2647861,0.07430814,0.9515546,17.52128,329.5357,4.124778,0.3282399,-0.07749152,-0.9414101,0,0,0,0.6774253,-0.6220016,-2.713421,-0.04992944,-0.007175162,1.067993,0.8487332,0.06859168,0.5243539,-0.2142413,0.9511352,0.222357,-0.4834796,-0.30106,0.8219552,static,-33.75611,-20.65495,-2.676671,-0.384928,-36.64125288534981,-10.118065280514575
05/11/2023 12:33:23.283059,1348,True,True,True,True,Eyes,1.239079,-0.2922371,-3.553212,-0.5303386,-0.2986504,0.7934412,1.055172,0.67948,-0.6073648,-2.715995,0.1369565,0.9756041,-0.17158,-0.04849786,0.004318312,1.060568,1.234723,-0.2901054,-3.563477,0.1369779,-0.2648712,0.07397829,0.9516343,17.4513,329.5226,4.101865,0.3282428,-0.07748578,-0.9414096,0,0,0,0.6774253,-0.6220016,-2.713421,-0.04989064,-0.008600503,1.068068,0.848741,0.06823757,0.5243877,-0.2133635,0.9515285,0.2215162,-0.4838541,-0.2998951,0.8221607,static,-33.75889,-20.62628,-2.674406,-0.4613583,-36.643107108275245,-10.089093964927589
05/11/2023 12:33:23.293124,1349,True,True,True,True,Eyes,1.239141,-0.292206,-3.553179,-0.5304561,-0.2982123,0.7935274,1.056167,0.6788909,-0.607168,-2.715081,0.0977203,0.9890341,-0.1107356,-0.04844359,0.003803298,1.061606,1.234727,-0.2900476,-3.563521,0.136641,-0.26488,0.07353755,0.9517145,17.40017,329.516,4.061526,0.3282471,-0.07747982,-0.9414086,0,0,0,0.6774253,-0.6220016,-2.713421,-0.04981962,-0.009637609,1.068117,0.8488616,0.06758654,0.5242767,-0.2123604,0.951843,0.2211291,-0.4840838,-0.2990436,0.8223357,static,-33.76188,-20.59652,-2.670482,-0.5169653,-36.64513685188125,-10.05902188914677
05/11/2023 12:33:23.313030,1350,True,True,True,True,Eyes,1.239199,-0.2921768,-3.553149,-0.5305773,-0.297766,0.793614,1.057367,0.6781837,-0.6070248,-2.714007,0.05054301,0.9979564,-0.03909676,-0.04883906,0.004035205,1.062768,1.234702,-0.2900316,-3.563525,0.136585,-0.2646796,0.07328631,0.9517976,17.38538,329.5369,4.038228,0.3282527,-0.07747367,-0.9414071,0,0,0,0.6774253,-0.6220016,-2.713421,-0.05018225,-0.009931564,1.068093,0.8491477,0.06720491,0.5238624,-0.21181,0.9519473,0.2212078,-0.4838231,-0.2987973,0.8225785,static,-33.76504,-20.56622,-2.689951,-0.5327442,-36.647319967823336,-10.028404922439677
05/11/2023 12:33:23.323650,1351,True,True,True,True,Eyes,1.239245,-0.2921516,-3.553134,-0.5306939,-0.2972941,0.7937129,1.059177,0.6771456,-0.6070387,-2.712451,-0.01864825,0.9977332,0.06465682,-0.04874459,0.003881156,1.064577,1.234655,-0.2900519,-3.563579,0.1362227,-0.2647637,0.0733144,0.9518239,17.34604,329.5288,4.050971,0.3282594,-0.07746738,-0.9414054,0,0,0,0.6774253,-0.6220016,-2.713421,-0.0500243,-0.01063867,1.068105,0.8490504,0.06743114,0.5239909,-0.2116985,0.9521367,0.2204981,-0.4840426,-0.2981421,0.8226871,static,-33.76756,-20.534,-2.681467,-0.5706655,-36.648795401286925,-9.995842268408381
05/11/2023 12:33:23.343262,1352,True,True,True,True,Eyes,1.239286,-0.2921297,-3.553123,-0.53082,-0.2968401,0.7937986,0.0,0.0,0.0,0.0,0.0,0.0,0.0,0.838783,1.32205,3.443499,1.234674,-0.2901109,-3.563772,0.1360303,-0.2647728,0.07336438,0.951845,17.32607,329.5295,4.062423,0.3282666,-0.07746106,-0.9414034,0,0,0,0.6774253,-0.6220016,-2.713421,-0.04997596,-0.0108964,1.068251,0.849026,0.06762879,0.5240049,-0.2116973,0.9522269,0.2201097,-0.4840857,-0.2978093,0.8227822,moving,-33.77099,-20.50323,-2.678515,-0.5844097,-36.65123488462936,-9.964751858468933
05/11/2023 12:33:23.363129,1353,True,True,True,True,Eyes,1.239326,-0.2921101,-3.553112,-0.5309777,-0.2963975,0.7938584,0.0,0.0,0.0,0.0,0.0,0.0,0.0,0.8408437,1.321535,3.443264,1.234622,-0.290173,-3.563854,0.1359585,-0.2650004,0.07352209,0.9517798,17.32383,329.5044,4.078424,0.3282742,-0.07745478,-0.9414012,0,0,0,0.6783972,-0.6189715,-2.712807,-0.04809374,-0.008069634,1.067425,0.8487386,0.06789555,0.5244361,-0.2120118,0.9522195,0.2198383,-0.4844522,-0.2977719,0.82258,moving,-33.77686,-20.47378,-2.579766,-0.4331427,-36.656174659865194,-9.935012443614333
05/11/2023 12:33:23.383108,1354,True,True,True,True,Eyes,1.239363,-0.2920924,-3.553107,-0.5311462,-0.2959818,0.7939008,1.050249,0.6815271,-0.6029469,-2.719314,0.1446348,0.8685638,-0.4740019,-0.0474256,0.004648671,1.055806,1.234646,-0.2902114,-3.563857,0.1357241,-0.2651877,0.07351837,0.9517614,17.29827,329.4825,4.081684,0.3282821,-0.07744861,-0.941399,0,0,0,0.6793569,-0.6159794,-2.712201,-0.04642054,-0.005742699,1.066583,0.8485411,0.06795918,0.5247473,-0.2119286,0.9523481,0.2193614,-0.4848344,-0.2973461,0.822509,moving,-33.78384,-20.44644,-2.492093,-0.3084891,-36.662301613229985,-9.907413969518768
05/11/2023 12:33:23.392737,1355,True,True,True,True,Eyes,1.239426,-0.2920738,-3.553091,-0.5313309,-0.2955961,0.7939209,1.0478,0.6826972,-0.6017995,-2.72122,0.1603761,0.7510362,-0.6404874,-0.04665872,0.005340368,1.053432,1.234614,-0.2902405,-3.563979,0.1358092,-0.2654673,0.07361072,0.9516641,17.31182,329.4491,4.084415,0.3282901,-0.07744257,-0.9413967,0,0,0,0.6802913,-0.6130664,-2.711612,-0.04441881,-0.002770156,1.065852,0.8482171,0.06799953,0.5252655,-0.2122111,0.9522747,0.2194069,-0.4852774,-0.2975718,0.8221659,moving,-33.79238,-20.42152,-2.386389,-0.1489117,-36.6700790577234,-9.882272895023377
05/11/2023 12:33:23.413318,1356,True,True,True,True,Eyes,1.239484,-0.2920532,-3.553074,-0.5315107,-0.2952307,0.7939366,1.046023,0.6835113,-0.6008714,-2.722598,0.1517925,0.6170017,-0.7721839,-0.04630929,0.006287932,1.051737,1.234723,-0.2902541,-3.564036,0.1360158,-0.2656352,0.0737355,0.9515781,17.33948,329.4294,4.089212,0.328299,-0.07743664,-0.941394,0,0,0,0.6812345,-0.6101258,-2.711016,-0.04278246,0.0005050004,1.065119,0.848002,0.06806904,0.5256037,-0.2125913,0.9521256,0.2196857,-0.4854868,-0.2980327,0.8218753,moving,-33.80082,-20.39799,-2.300153,0.0271654,-36.67780162572445,-9.85853666104147
05/11/2023 12:33:23.423161,1357,True,True,True,True,Eyes,1.239551,-0.2920295,-3.553052,-0.5317143,-0.2949089,0.7939197,1.044801,0.6840152,-0.6001505,-2.723564,0.1213199,0.4653001,-0.8767995,-0.04618925,0.006700993,1.050472,1.234663,-0.2901887,-3.564029,0.1359932,-0.265716,0.0739942,0.9515389,17.34523,329.4237,4.118016,0.3283084,-0.07743075,-0.9413912,0,0,0,0.682195,-0.6071314,-2.71041,-0.04129434,0.003329769,1.064247,0.8478398,0.06854553,0.5258034,-0.2130878,0.9520615,0.2194827,-0.4855526,-0.2981285,0.8218018,moving,-33.81153,-20.37798,-2.222045,0.1792639,-36.68792582343995,-9.838374832539373
05/11/2023 12:33:23.443272,1358,True,True,True,True,Eyes,1.239612,-0.2920059,-3.55303,-0.5319076,-0.2945789,0.7939129,1.044144,0.6842241,-0.5995889,-2.72407,0.06938672,0.2974176,-0.9522228,-0.04631037,0.006556362,1.049809,1.234689,-0.2901233,-3.564015,0.1356824,-0.2657581,0.07424067,0.9515522,17.31818,329.4241,4.155005,0.3283187,-0.07742483,-0.9413881,0,0,0,0.6831833,-0.6040504,-2.709786,-0.03998899,0.00565514,1.063383,0.8477219,0.06917032,0.5259115,-0.2134051,0.9521573,0.2187576,-0.4856189,-0.2976778,0.8219259,moving,-33.82138,-20.35722,-2.153618,0.3046997,-36.697159385829515,-9.817448902736178
05/11/2023 12:33:23.462887,1359,True,True,True,True,Eyes,1.239663,-0.291986,-3.553021,-0.5320584,-0.2942573,0.7939311,1.044234,0.6840698,-0.5992595,-2.723971,0.05910855,0.3194183,-0.9457686,-0.0465464,0.006323531,1.04981,1.23462,-0.2901111,-3.563988,0.1353679,-0.2656981,0.07433186,0.9516065,17.28553,329.4345,4.176229,0.3283297,-0.07741888,-0.9413848,0,0,0,0.6841105,-0.6011596,-2.709201,-0.03887752,0.007727399,1.062498,0.8477586,0.06953536,0.5258043,-0.2134033,0.9523006,0.2181343,-0.4855557,-0.2971336,0.8221601,moving,-33.82829,-20.33639,-2.095555,0.4166967,-36.70343041368581,-9.796432589468836
05/11/2023 12:33:23.479848,1360,True,True,True,True,Eyes,1.239708,-0.2919652,-3.553011,-0.5321932,-0.2939472,0.7939556,1.044795,0.6836752,-0.5990798,-2.72349,-0.09421329,-0.06468648,-0.9934483,-0.04675591,0.006976798,1.050481,1.234703,-0.2901535,-3.564131,0.1353886,-0.2656519,0.07456955,0.9515979,17.29491,329.4439,4.203676,0.3283408,-0.07741298,-0.9413814,0,0,0,0.6850889,-0.5981092,-2.708583,-0.03765211,0.01084912,1.061762,0.847737,0.06998799,0.5257792,-0.2138529,0.9522187,0.2180519,-0.4853958,-0.29729,0.822198,moving,-33.83419,-20.31612,-2.030966,0.5854295,-36.70870294908498,-9.77597578953312
05/11/2023 12:33:23.492962,1361,True,True,True,True,Eyes,1.239767,-0.2919417,-3.552995,-0.5323213,-0.2936475,0.7939806,1.046601,0.6826392,-0.5992736,-2.722014,-0.2260531,-0.2732123,-0.935016,-0.04714215,0.007247806,1.052174,1.234612,-0.2901135,-3.564089,0.1353607,-0.2655097,0.0746083,0.9516385,17.29235,329.4622,4.211626,0.328352,-0.07740711,-0.941378,0,0,0,0.68603,-0.5951754,-2.707989,-0.03660899,0.0134826,1.060844,0.8478764,0.0701211,0.5255365,-0.2138794,0.9522222,0.2180105,-0.4851404,-0.2972474,0.8223642,moving,-33.83973,-20.29652,-1.976453,0.7281506,-36.713635089460475,-9.756194064013822
05/11/2023 12:33:23.512776,1362,True,True,True,True,Eyes,1.239824,-0.291917,-3.552986,-0.532462,-0.2933393,0.7940002,0.0,0.0,0.0,0.0,0.0,0.0,0.0,0.846066,1.315994,3.444421,1.234632,-0.2900618,-3.564162,0.1351696,-0.2654223,0.07467607,0.9516848,17.27264,329.475,4.226878,0.3283636,-0.0774012,-0.9413744,0,0,0,0.6869946,-0.5921682,-2.70738,-0.03549156,0.01590352,1.060065,0.847949,0.0703821,0.5253845,-0.2138902,0.9523054,0.2176363,-0.4850088,-0.296919,0.8225604,moving,-33.84608,-20.27649,-1.917578,0.8595098,-36.71936863080451,-9.735982941977781
05/11/2023 12:33:23.532650,1363,True,True,True,True,Eyes,1.23988,-0.2918953,-3.552981,-0.5326107,-0.2930127,0.794021,0.0,0.0,0.0,0.0,0.0,0.0,0.0,0.8481733,1.313507,3.445003,1.234634,-0.2900154,-3.564311,0.134834,-0.2656657,0.07482007,0.9516531,17.24059,329.449,4.249114,0.3283755,-0.0773952,-0.9413707,0,0,0,0.6879618,-0.5891528,-2.70677,-0.03364113,0.01808222,1.059364,0.8476474,0.07076398,0.5258197,-0.214047,0.9524435,0.2168761,-0.4854665,-0.2963846,0.8224831,moving,-33.85278,-20.25526,-1.818872,0.9778834,-36.72541503067052,-9.714560766007665
05/11/2023 12:33:23.543306,1364,True,True,True,True,Eyes,1.239932,-0.2918719,-3.552972,-0.5327625,-0.292691,0.7940379,0.0,0.0,0.0,0.0,0.0,0.0,0.0,0.8486652,1.310843,3.446006,1.23473,-0.2900655,-3.56438,0.134462,-0.2657756,0.07467581,0.9516864,17.19504,329.4349,4.24196,0.3283875,-0.07738921,-0.941367,0,0,0,0.6888968,-0.5862375,-2.706179,-0.0321897,0.02001081,1.058642,0.8475737,0.07066246,0.5259521,-0.2136093,0.952687,0.2162373,-0.4857879,-0.2956253,0.8225667,moving,-33.85978,-20.23443,-1.741632,1.082895,-36.73177667773533,-9.693545052817548
05/11/2023 12:33:23.562998,1365,True,True,True,True,Eyes,1.239988,-0.2918433,-3.552963,-0.5329239,-0.2923507,0.7940549,0.0,0.0,0.0,0.0,0.0,0.0,0.0,0.848833,1.310447,3.446005,1.234678,-0.2899961,-3.564297,0.134436,-0.2658593,0.07441475,0.951687,17.18451,329.4206,4.211321,0.3283997,-0.07738318,-0.9413633,0,0,0,0.6898922,-0.5831344,-2.705551,-0.03057298,0.02256845,1.057696,0.8475626,0.07015698,0.5260377,-0.2131212,0.9527788,0.2163143,-0.4860216,-0.2954497,0.8224916,moving,-33.86724,-20.21242,-1.655688,1.222355,-36.73856259929105,-9.6713392422472
05/11/2023 12:33:23.583023,1366,True,True,True,True,Eyes,1.240043,-0.2918178,-3.552954,-0.5330919,-0.2919989,0.7940716,0.0,0.0,0.0,0.0,0.0,0.0,0.0,0.848964,1.306018,3.447711,1.234678,-0.2898591,-3.564363,0.1338484,-0.2659473,0.07412865,0.9517678,17.11039,329.408,4.194988,0.3284121,-0.07737698,-0.9413595,0,0,0,0.6908492,-0.5801509,-2.704947,-0.02909383,0.02383542,1.056977,0.847554,0.06991329,0.526084,-0.2122997,0.9531792,0.2153564,-0.486396,-0.2942137,0.8227134,moving,-33.87503,-20.18966,-1.576697,1.291833,-36.74565607283355,-9.648377264730179
05/11/2023 12:33:23.593652,1367,True,True,True,True,Eyes,1.240111,-0.2917875,-3.552943,-0.5332797,-0.2915581,0.7941075,0.0,0.0,0.0,0.0,0.0,0.0,0.0,0.8499662,1.303615,3.448419,1.234682,-0.2899165,-3.564401,0.1335139,-0.2660907,0.07409587,0.9517773,17.07261,329.3915,4.198862,0.3284246,-0.07737071,-0.9413556,0,0,0,0.6918952,-0.5768897,-2.704287,-0.02736762,0.02621593,1.056092,0.8474111,0.06999192,0.5263036,-0.2120991,0.9533677,0.2147184,-0.4867324,-0.2935833,0.8227397,moving,-33.88317,-20.16081,-1.484433,1.421991,-36.75290124063997,-9.619259678940573
05/11/2023 12:33:23.612850,1368,True,True,True,True,Eyes,1.24018,-0.2917563,-3.552934,-0.5334758,-0.2910968,0.794145,0.0,0.0,0.0,0.0,0.0,0.0,0.0,0.8503411,1.301295,3.449324,1.234793,-0.2897996,-3.56449,0.1332109,-0.2661867,0.07394643,0.9518043,17.03457,329.3787,4.189304,0.3284377,-0.07736425,-0.9413517,0,0,0,0.6927692,-0.574165,-2.703735,-0.02603263,0.02795994,1.055506,0.8473531,0.06984708,0.5264163,-0.211683,0.9535735,0.2142144,-0.4870144,-0.2929486,0.822799,moving,-33.89167,-20.1306,-1.412837,1.517388,-36.76046406250116,-9.588769320883102
05/11/2023 12:33:23.633152,1369,True,True,True,True,Eyes,1.240257,-0.2917178,-3.552927,-0.5336411,-0.2905644,0.7942289,0.0,0.0,0.0,0.0,0.0,0.0,0.0,0.8510529,1.297831,3.450534,1.234867,-0.2897524,-3.564545,0.1327445,-0.2663311,0.07378019,0.9518422,16.97794,329.3606,4.181974,0.3284511,-0.07735758,-0.9413475,0,0,0,0.6937339,-0.5711573,-2.703126,-0.02447966,0.029673,1.054788,0.8472484,0.06974619,0.5265982,-0.2111622,0.9538708,0.2134037,-0.4874225,-0.2920035,0.8228932,moving,-33.89709,-20.09477,-1.32949,1.611404,-36.76474047012661,-9.552575728407263
05/11/2023 12:33:23.643035,1370,True,True,True,True,Eyes,1.240334,-0.2916783,-3.552922,-0.5338014,-0.2900095,0.794324,0.0,0.0,0.0,0.0,0.0,0.0,0.0,0.8494537,1.295117,3.45208,1.235078,-0.2895452,-3.564618,0.1323946,-0.2662439,0.07333756,0.9519493,16.92486,329.366,4.143716,0.3284651,-0.07735053,-0.9413432,0,0,0,0.6946396,-0.5683339,-2.702554,-0.02355701,0.03117558,1.054241,0.8474715,0.06912876,0.5263205,-0.2101258,0.9541865,0.2130146,-0.4874825,-0.2911173,0.8231716,moving,-33.90188,-20.05725,-1.280061,1.693834,-36.76832684439749,-9.514669081232952
05/11/2023 12:33:23.663306,1371,True,True,True,True,Eyes,1.240417,-0.2916351,-3.552916,-0.5339217,-0.2893012,0.7945014,0.0,0.0,0.0,0.0,0.0,0.0,0.0,0.8482015,1.291528,3.453816,1.235163,-0.2894839,-3.564674,0.1319006,-0.2661548,0.07305057,0.952065,16.86043,329.3748,4.127717,0.3284795,-0.0773431,-0.9413388,0,0,0,0.6956356,-0.5652288,-2.701926,-0.02246487,0.03285693,1.053506,0.8476505,0.06888581,0.526064,-0.2093097,0.9545317,0.2122703,-0.4875224,-0.2900413,0.8235277,moving,-33.90194,-20.00804,-1.221585,1.786371,-36.76676539766568,-9.46491047944436
05/11/2023 12:33:23.682940,1372,True,True,True,True,Eyes,1.240503,-0.2915875,-3.552912,-0.534026,-0.2885565,0.7947021,0.0,0.0,0.0,0.0,0.0,0.0,0.0,0.8457726,1.286569,3.456309,1.235319,-0.2893694,-3.564676,0.1312204,-0.2659578,0.07260983,0.9522476,16.77003,329.3953,4.101812,0.3284946,-0.07733523,-0.9413342,0,0,0,0.696601,-0.5622188,-2.701316,-0.02175626,0.03393827,1.05282,0.8479885,0.06848692,0.5255712,-0.2080832,0.955018,0.2112863,-0.4874595,-0.2885309,0.8240954,moving,-33.90041,-19.95597,-1.183835,1.846325,-36.76350875191496,-9.412249369255015
05/11/2023 12:33:23.692923,1373,True,True,True,True,Eyes,1.240589,-0.2915375,-3.552916,-0.5339215,-0.2876978,0.7950836,0.0,0.0,0.0,0.0,0.0,0.0,0.0,0.8422854,1.281443,3.459146,1.235452,-0.2892229,-3.564722,0.1305128,-0.2656223,0.07213292,0.9524747,16.67488,329.4324,4.075084,0.3285103,-0.07732685,-0.9413294,0,0,0,0.6975568,-0.559239,-2.700713,-0.02132264,0.03490013,1.052178,0.8484833,0.06807533,0.5248255,-0.2067438,0.9555265,0.2103001,-0.4871684,-0.2869405,0.8248225,moving,-33.8825,-19.89245,-1.160954,1.899771,-36.74338204196037,-9.347901305301853
05/11/2023 12:33:23.712944,1374,True,True,True,True,Eyes,1.240677,-0.2914854,-3.552921,-0.5337884,-0.2868028,0.7954961,0.0,0.0,0.0,0.0,0.0,0.0,0.0,0.8370448,1.27571,3.462689,1.235724,-0.2891149,-3.564785,0.1296922,-0.2650518,0.07172722,0.9527764,16.5683,329.5,4.06409,0.3285264,-0.07731792,-0.9413245,0,0,0,0.6984796,-0.5563621,-2.70013,-0.02158704,0.0356693,1.051638,0.8492055,0.06792969,0.5236751,-0.2054303,0.9560703,0.2091124,-0.4864652,-0.2851582,0.825855,moving,-33.86214,-19.82592,-1.175949,1.942604,-36.72068927241653,-9.280493325430712
05/11/2023 12:33:23.732777,1375,True,True,True,True,Eyes,1.240772,-0.2914286,-3.552932,-0.5334228,-0.285554,0.7961904,0.0,0.0,0.0,0.0,0.0,0.0,0.0,0.8315768,1.269911,3.466229,1.235878,-0.2890249,-3.564829,0.1288564,-0.2644169,0.07141954,0.9530893,16.46277,329.577,4.065764,0.328543,-0.07730844,-0.9413195,0,0,0,0.6995211,-0.5531152,-2.699473,-0.02175307,0.03680982,1.050921,0.8499659,0.06799478,0.5224315,-0.204282,0.9565906,0.2078543,-0.4856201,-0.2833924,0.8269595,moving,-33.82086,-19.73039,-1.185799,2.006035,-36.675976791437876,-9.183622328055403
05/11/2023 12:33:23.742892,1376,True,True,True,True,Eyes,1.240869,-0.2913665,-3.552943,-0.5330278,-0.2842949,0.7969051,0.0,0.0,0.0,0.0,0.0,0.0,0.0,0.8255945,1.265155,3.469602,1.23608,-0.2888951,-3.56497,0.128163,-0.2637078,0.07112464,0.9534011,16.37326,329.6626,4.065726,0.3285601,-0.07729833,-0.9413144,0,0,0,0.7003834,-0.5504268,-2.698929,-0.02229291,0.03772524,1.050465,0.8507989,0.06802543,0.5210696,-0.2032158,0.9570311,0.2068693,-0.4846075,-0.2818938,0.8280649,moving,-33.77747,-19.63379,-1.215746,2.056774,-36.629104528478564,-9.085655324955024
05/11/2023 12:33:23.762673,1377,True,True,True,True,Eyes,1.240971,-0.2913021,-3.552961,-0.532482,-0.2827308,0.797826,0.0,0.0,0.0,0.0,0.0,0.0,0.0,0.8187368,1.260697,3.472906,1.236207,-0.288709,-3.564996,0.127528,-0.2629219,0.07064725,0.9537388,16.28445,329.7545,4.044298,0.3285777,-0.0772875,-0.9413091,0,0,0,0.7013543,-0.5473998,-2.698316,-0.02280805,0.03887799,1.049806,0.8517621,0.06769824,0.5195367,-0.2018179,0.9574912,0.2061074,-0.4834987,-0.2804063,0.8292174,moving,-33.71979,-19.51313,-1.24461,2.120894,-36.56705098126672,-8.963264622193254
05/11/2023 12:33:23.782794,1378,True,True,True,True,Eyes,1.24108,-0.291233,-3.552982,-0.531914,-0.2811733,0.7987548,0.0,0.0,0.0,0.0,0.0,0.0,0.0,0.8127984,1.254951,3.476619,1.23646,-0.2886292,-3.565148,0.1266893,-0.2622201,0.07037576,0.9540638,16.17949,329.84,4.050911,0.3285959,-0.07727596,-0.9413037,0,0,0,0.7022887,-0.5444867,-2.697726,-0.02329874,0.03978804,1.049332,0.8525757,0.06784494,0.5181812,-0.2007269,0.9579942,0.2048316,-0.4825177,-0.2786473,0.8303809,moving,-33.6608,-19.39281,-1.271953,2.171472,-36.50368962682564,-8.841208978118281
05/11/2023 12:33:23.798093,1379,True,True,True,True,Eyes,1.24119,-0.2911629,-3.553009,-0.5311778,-0.2794407,0.7998519,0.0,0.0,0.0,0.0,0.0,0.0,0.0,0.8064924,1.250619,3.479808,1.236682,-0.2884543,-3.565242,0.1260632,-0.2614759,0.07006879,0.9543735,16.09706,329.9292,4.047649,0.3286147,-0.07726364,-0.9412981,0,0,0,0.7032587,-0.5414627,-2.697114,-0.02379265,0.04110646,1.048783,0.8534414,0.06781866,0.5167575,-0.1996686,0.9583969,0.2039801,-0.4814252,-0.2772653,0.8314769,moving,-33.58795,-19.25766,-1.299587,2.244528,-36.42588414822954,-8.704065474126025
05/11/2023 12:33:23.813216,1380,True,True,True,True,Eyes,1.24131,-0.2910865,-3.553042,-0.5304375,-0.2777036,0.8009475,0.0,0.0,0.0,0.0,0.0,0.0,0.0,0.8010663,1.245878,3.482965,1.236879,-0.2883959,-3.565378,0.1253659,-0.2608207,0.06986365,0.9546596,16.01013,330.0092,4.05648,0.3286341,-0.07725058,-0.9412924,0,0,0,0.7042221,-0.5384591,-2.696506,-0.02407965,0.04243521,1.048243,0.8541833,0.067996,0.515507,-0.198788,0.958805,0.2029197,-0.480473,-0.2758072,0.832512,moving,-33.51502,-19.12239,-1.315935,2.318195,-36.34799416427475,-8.566800097975015
05/11/2023 12:33:23.823083,1381,True,True,True,True,Eyes,1.241414,-0.2910061,-3.553087,-0.5296156,-0.2757958,0.8021496,0.0,0.0,0.0,0.0,0.0,0.0,0.0,0.7955812,1.239814,3.486654,1.237193,-0.2881765,-3.56555,0.1245117,-0.2602039,0.06951468,0.9549653,15.90151,330.0829,4.052804,0.3286541,-0.07723667,-0.9412866,0,0,0,0.7051991,-0.535413,-2.695889,-0.02436799,0.04327448,1.047849,0.8549233,0.06797136,0.5142822,-0.197565,0.9593291,0.2016327,-0.4796606,-0.2739846,0.8335816,moving,-33.4346,-18.97404,-1.332187,2.364879,-36.26213155873875,-8.416258857575514
05/11/2023 12:33:23.843093,1382,True,True,True,True,Eyes,1.241527,-0.2909214,-3.553136,-0.528789,-0.2738764,0.8033516,0.0,0.0,0.0,0.0,0.0,0.0,0.0,0.7899746,1.232957,3.490485,1.237352,-0.2880049,-3.565633,0.1235443,-0.2595518,0.06920523,0.9552908,15.78129,330.162,4.057468,0.3286743,-0.07722189,-0.9412807,0,0,0,0.7061332,-0.532501,-2.695299,-0.0247286,0.04378501,1.047341,0.855687,0.06808998,0.5129946,-0.1963545,0.9598949,0.2001167,-0.478795,-0.271966,0.8347394,moving,-33.35406,-18.82513,-1.35255,2.393906,-36.176129671152815,-8.265150569541436
05/11/2023 12:33:23.862626,1383,True,True,True,True,Eyes,1.241638,-0.2908346,-3.553192,-0.5279254,-0.2718467,0.804608,0.0,0.0,0.0,0.0,0.0,0.0,0.0,0.7841215,1.225448,3.494687,1.23765,-0.2878357,-3.565779,0.1224769,-0.2588692,0.06894489,0.9556321,15.65124,330.2458,4.071039,0.3286948,-0.07720617,-0.9412749,0,0,0,0.7070895,-0.5295194,-2.694695,-0.02523425,0.04423569,1.046948,0.8564667,0.06836095,0.5116556,-0.1951829,0.960492,0.1983902,-0.477879,-0.2697811,0.8359724,moving,-33.26998,-18.66817,-1.380715,2.419425,-36.08629811672746,-8.10587887020295
05/11/2023 12:33:23.879668,1384,True,True,True,True,Eyes,1.241761,-0.2907442,-3.553252,-0.5270548,-0.2698288,0.8058571,0.0,0.0,0.0,0.0,0.0,0.0,0.0,0.7789319,1.218701,3.498423,1.237912,-0.2877239,-3.565911,0.1215072,-0.2582415,0.06881724,0.9559349,15.53631,330.3243,4.095719,0.3287155,-0.07718956,-0.941269,0,0,0,0.708063,-0.5264845,-2.694081,-0.02556756,0.04505831,1.046494,0.8571511,0.0688132,0.5104476,-0.194326,0.9610004,0.1967631,-0.4770005,-0.2678489,0.8370947,moving,-33.1859,-18.51233,-1.399551,2.46543,-35.9965034751792,-7.947739665927685
05/11/2023 12:33:23.893210,1385,True,True,True,True,Eyes,1.241877,-0.2906506,-3.553324,-0.5261635,-0.2677009,0.8071482,0.0,0.0,0.0,0.0,0.0,0.0,0.0,0.7730615,1.212918,3.502014,1.238304,-0.287564,-3.566063,0.1206746,-0.2575507,0.0686193,0.956241,15.43434,330.4088,4.109211,0.3287365,-0.07717204,-0.941263,0,0,0,0.7090068,-0.5235422,-2.693485,-0.02614483,0.04601732,1.04615,0.8579181,0.06907352,0.5091222,-0.1933928,0.9614581,0.1954421,-0.4759998,-0.2661338,0.8382106,moving,-33.09951,-18.34875,-1.431608,2.518662,-35.90412784626508,-7.781758709858423
05/11/2023 12:33:23.912995,1386,True,True,True,True,Eyes,1.241997,-0.2905494,-3.553396,-0.5252723,-0.2655703,0.8084315,0.0,0.0,0.0,0.0,0.0,0.0,0.0,0.7678556,1.206665,3.505538,1.238554,-0.2873995,-3.566206,0.1197961,-0.2569636,0.06828185,0.9565335,15.32358,330.4787,4.10629,0.3287577,-0.07715359,-0.9412571,0,0,0,0.7099551,-0.5205857,-2.692887,-0.02636632,0.04677399,1.045751,0.8586146,0.06906125,0.5079483,-0.1921942,0.961973,0.1940861,-0.4752287,-0.2642699,0.8392372,moving,-33.01349,-18.18538,-1.444281,2.560998,-35.812131684150444,-7.615992563597665
05/11/2023 12:33:23.922778,1387,True,True,True,True,Eyes,1.242109,-0.2904484,-3.553478,-0.5243708,-0.2633424,0.8097445,0.0,0.0,0.0,0.0,0.0,0.0,0.0,0.7616878,1.199588,3.509456,1.238794,-0.2871254,-3.566288,0.1188293,-0.2563043,0.06770705,0.9568718,15.19565,330.5544,4.079963,0.3287791,-0.0771341,-0.9412512,0,0,0,0.7108777,-0.5177093,-2.692304,-0.02679592,0.04702121,1.045363,0.8594477,0.06866103,0.5065919,-0.1904869,0.9625907,0.1927016,-0.4744096,-0.262116,0.8403754,moving,-32.92611,-18.01539,-1.468349,2.575472,-35.718547983637016,-7.443523494754622
05/11/2023 12:33:23.942758,1388,True,True,True,True,Eyes,1.24223,-0.2903429,-3.55356,-0.5234677,-0.2611114,0.8110502,0.0,0.0,0.0,0.0,0.0,0.0,0.0,0.7561818,1.192072,3.5134,1.23909,-0.2870283,-3.566385,0.117777,-0.2557169,0.06722929,0.9571925,15.0614,330.6229,4.06587,0.3288004,-0.07711366,-0.9412454,0,0,0,0.711853,-0.5146689,-2.691689,-0.02705258,0.04749079,1.044942,0.8601782,0.06846763,0.5053766,-0.1889379,0.9632176,0.1910872,-0.4737044,-0.2598539,0.841475,moving,-32.83899,-17.84557,-1.483003,2.602202,-35.62523167479563,-7.271228056040101
05/11/2023 12:33:23.962727,1389,True,True,True,True,Eyes,1.242357,-0.2902331,-3.553645,-0.5226091,-0.2588276,0.8123349,0.0,0.0,0.0,0.0,0.0,0.0,0.0,0.7498047,1.184612,3.517482,1.23942,-0.2868257,-3.566477,0.1167445,-0.2550313,0.06668992,0.9575397,14.92717,330.7023,4.045594,0.3288218,-0.07709225,-0.9412397,0,0,0,0.7127896,-0.5117489,-2.691097,-0.02760273,0.0477632,1.044594,0.861023,0.06816949,0.5039765,-0.1872635,0.9638463,0.189559,-0.4728338,-0.257591,0.8426595,moving,-32.75488,-17.67301,-1.513653,2.61798,-35.53485577032213,-7.0961821182953635
05/11/2023 12:33:23.979679,1390,True,True,True,True,Eyes,1.242493,-0.2901169,-3.553732,-0.5217441,-0.2565402,0.8136155,0.0,0.0,0.0,0.0,0.0,0.0,0.0,0.7432517,1.178277,3.521223,1.239694,-0.2866421,-3.566618,0.1158667,-0.2543142,0.06613085,0.9578758,14.80961,330.7847,4.018889,0.3288434,-0.07706985,-0.941234,0,0,0,0.7137771,-0.50867,-2.690474,-0.02804595,0.04850723,1.044209,0.861902,0.06775716,0.5025275,-0.1856234,0.9644032,0.1883358,-0.4718781,-0.2556078,0.8437984,moving,-32.67068,-17.50053,-1.538512,2.65968,-35.44439188327419,-6.92121647297791
05/11/2023 12:33:23.993001,1391,True,True,True,True,Eyes,1.242642,-0.2899984,-3.553814,-0.5209022,-0.2542226,0.8148815,0.0,0.0,0.0,0.0,0.0,0.0,0.0,0.7363869,1.170659,3.52544,1.240054,-0.2863824,-3.566748,0.1148238,-0.2535818,0.06551017,0.9582382,14.67177,330.8687,3.990047,0.3288655,-0.07704637,-0.9412282,0,0,0,0.7147062,-0.5057735,-2.689888,-0.02871171,0.04865319,1.043942,0.8628094,0.06731426,0.5010276,-0.1837831,0.9650479,0.1868327,-0.4709392,-0.2532814,0.8450236,moving,-32.58821,-17.32661,-1.575418,2.668355,-35.3556224393767,-6.744806297396956
05/11/2023 12:33:24.013226,1392,True,True,True,True,Eyes,1.242798,-0.2898735,-3.553902,-0.5200395,-0.2519099,0.8161497,0.0,0.0,0.0,0.0,0.0,0.0,0.0,0.7285908,1.162042,3.530049,1.240335,-0.2862546,-3.566799,0.113621,-0.2527158,0.06492133,0.9586502,14.5165,330.9698,3.971315,0.3288882,-0.07702186,-0.9412223,0,0,0,0.7156813,-0.5027338,-2.689272,-0.02959478,0.0487412,1.043517,0.8638399,0.06704605,0.499285,-0.1819013,0.965751,0.1850322,-0.4697793,-0.2506588,0.84645,moving,-32.50473,-17.15318,-1.624508,2.674261,-35.26585219596728,-6.5688848542061855
05/11/2023 12:33:24.023110,1393,True,True,True,True,Eyes,1.242981,-0.2897438,-3.553977,-0.5191993,-0.2495975,0.8173941,0.0,0.0,0.0,0.0,0.0,0.0,0.0,0.720561,1.155137,3.534255,1.240637,-0.2859895,-3.567007,0.1126684,-0.2518074,0.06433833,0.9590409,14.3893,331.0751,3.946429,0.3289118,-0.07699624,-0.9412162,0,0,0,0.7166588,-0.499686,-2.688655,-0.03047234,0.04924944,1.043248,0.8649073,0.0666647,0.4974849,-0.1801476,0.9663329,0.1837054,-0.4684893,-0.2485089,0.8477978,moving,-32.42324,-16.98045,-1.673082,2.702801,-35.17810871449451,-6.393684488804141
05/11/2023 12:33:24.042864,1394,True,True,True,True,Eyes,1.24317,-0.2896123,-3.554053,-0.5183393,-0.2472737,0.8186453,0.0,0.0,0.0,0.0,0.0,0.0,0.0,0.7119632,1.14719,3.538713,1.240876,-0.2858233,-3.567065,0.1115591,-0.2508208,0.06378622,0.959466,14.2452,331.1909,3.930501,0.3289368,-0.07696951,-0.9412097,0,0,0,0.7175935,-0.496772,-2.688065,-0.03162,0.04939866,1.042845,0.8660405,0.06643871,0.4955398,-0.1783641,0.9669718,0.1820765,-0.4670761,-0.2460721,0.849287,moving,-32.34065,-16.80707,-1.736728,2.712025,-35.08923624226568,-6.2178195375256955
05/11/2023 12:33:24.062990,1395,True,True,True,True,Eyes,1.243364,-0.2894775,-3.554129,-0.5175085,-0.2450056,0.819852,0.0,0.0,0.0,0.0,0.0,0.0,0.0,0.7039253,1.138653,3.543271,1.241204,-0.2856646,-3.567159,0.1103682,-0.2499083,0.06327639,0.9598755,14.09356,331.2983,3.920314,0.3289632,-0.07694171,-0.9412027,0,0,0,0.718601,-0.4936309,-2.687429,-0.03258261,0.04965124,1.042478,0.8670839,0.06631107,0.4937291,-0.1766388,0.9676299,0.1802528,-0.4657943,-0.243506,0.8507293,moving,-32.26102,-16.63831,-1.790194,2.726827,-35.00349640073523,-6.04664586425622
05/11/2023 12:33:24.083223,1396,True,True,True,True,Eyes,1.243563,-0.2893437,-3.554207,-0.516651,-0.2427567,0.8210608,0.0,0.0,0.0,0.0,0.0,0.0,0.0,0.6950887,1.13189,3.54736,1.241447,-0.285469,-3.567268,0.1094296,-0.2488906,0.06269606,0.9602853,13.96778,331.4166,3.896213,0.328991,-0.07691287,-0.9411954,0,0,0,0.71953,-0.4907348,-2.686843,-0.03375292,0.05009849,1.042128,0.8682453,0.06594019,0.4917336,-0.1748842,0.9681888,0.1789584,-0.4642904,-0.2413762,0.8521572,moving,-32.18008,-16.47096,-1.855073,2.752275,-34.91648401695633,-5.876889186921439
05/11/2023 12:33:24.092961,1397,True,True,True,True,Eyes,1.243755,-0.2892107,-3.554289,-0.5157456,-0.2405667,0.8222739,0.0,0.0,0.0,0.0,0.0,0.0,0.0,0.6877158,1.125787,3.550921,1.24176,-0.285376,-3.56735,0.1085395,-0.2479682,0.06264631,0.9606283,13.86298,331.5301,3.92939,0.3290201,-0.07688311,-0.9411876,0,0,0,0.7205426,-0.4875779,-2.686204,-0.03471157,0.05131077,1.041698,0.8691745,0.06653098,0.4900095,-0.1741883,0.9685893,0.1774636,-0.4628112,-0.2396007,0.853462,moving,-32.09671,-16.30751,-1.90851,2.819931,-34.82715345045862,-5.711059817096693
05/11/2023 12:33:24.113091,1398,True,True,True,True,Eyes,1.243952,-0.2890678,-3.554372,-0.514827,-0.2384034,0.8234786,0.0,0.0,0.0,0.0,0.0,0.0,0.0,0.6812311,1.11711,3.555066,1.242,-0.2852739,-3.56743,0.107302,-0.2471548,0.06262484,0.9609782,13.72051,331.6316,3.973741,0.3290503,-0.07685255,-0.9411796,0,0,0,0.7215003,-0.4845922,-2.685599,-0.0355061,0.05165276,1.041319,0.8699853,0.06732178,0.4884602,-0.1734026,0.9691288,0.1752738,-0.4615811,-0.2371859,0.8548016,moving,-32.01303,-16.14614,-1.952872,2.839728,-34.73757930361757,-5.547331585456682
05/11/2023 12:33:24.122782,1399,True,True,True,True,Eyes,1.244129,-0.2889204,-3.55446,-0.5137718,-0.2362958,0.8247441,0.0,0.0,0.0,0.0,0.0,0.0,0.0,0.6749008,1.111852,3.55809,1.242304,-0.2849044,-3.567523,0.1065845,-0.2463942,0.06245272,0.9612644,13.63216,331.7231,3.985357,0.3290816,-0.07682098,-0.9411712,0,0,0,0.7224656,-0.4815827,-2.68499,-0.03614378,0.05272449,1.041006,0.8707791,0.06754357,0.4870129,-0.1725907,0.9694788,0.1741357,-0.460387,-0.2356877,0.8558593,moving,-31.92072,-15.98743,-1.988514,2.899418,-34.639403449642266,-5.386235488853412
05/11/2023 12:33:24.147959,1400,True,True,True,True,Eyes,1.244309,-0.2887693,-3.554548,-0.5127149,-0.234145,0.8260143,0.0,0.0,0.0,0.0,0.0,0.0,0.0,0.6678175,1.101189,3.562693,1.24251,-0.284647,-3.567425,0.1051399,-0.2456195,0.06190063,0.9616575,13.45167,331.8134,3.974179,0.3291133,-0.0767884,-0.9411627,0,0,0,0.7233752,-0.4787469,-2.684416,-0.03697121,0.05200602,1.040582,0.8716788,0.06740557,0.4854201,-0.1707032,0.9702278,0.1718091,-0.4593872,-0.2326252,0.8572333,moving,-31.82827,-15.8261,-2.034827,2.861138,-34.541000282687634,-5.222489229273801
05/11/2023 12:33:24.164012,1401,True,True,True,True,Eyes,1.244309,-0.2887693,-3.554548,-0.5127149,-0.234145,0.8260143,0.0,0.0,0.0,0.0,0.0,0.0,0.0,0.6602085,1.0905,3.56756,1.242768,-0.2844248,-3.567517,0.1036939,-0.2448029,0.06117237,0.9620692,13.26597,331.9063,3.943347,0.3291454,-0.07675482,-0.9411542,0,0,0,0.7243517,-0.4757025,-2.683799,-0.03773078,0.05145955,1.040302,0.8726589,0.06693497,0.4837211,-0.1684732,0.9710111,0.1695711,-0.4583483,-0.2294718,0.8586382,moving,-31.82827,-15.8261,-2.077154,2.831884,-34.541000282687634,-5.222489229273801
05/11/2023 12:33:24.182859,1402,True,True,True,True,Eyes,1.244309,-0.2887693,-3.554548,-0.5127149,-0.234145,0.8260143,0.0,0.0,0.0,0.0,0.0,0.0,0.0,0.6514151,1.084053,3.571193,1.242943,-0.2843151,-3.567519,0.102813,-0.2438131,0.06045992,0.9624601,13.14337,332.019,3.900745,0.3291744,-0.07672459,-0.9411466,0,0,0,0.7252859,-0.4727899,-2.683209,-0.03879482,0.05202501,1.039848,0.8737995,0.0662462,0.4817529,-0.1665148,0.9715482,0.1684249,-0.4568886,-0.2273886,0.8599693,moving,-31.82827,-15.8261,-2.136609,2.864198,-34.541000282687634,-5.222489229273801
05/11/2023 12:33:24.192943,1403,True,True,True,True,Eyes,1.244309,-0.2887693,-3.554548,-0.5127149,-0.234145,0.8260143,0.0,0.0,0.0,0.0,0.0,0.0,0.0,0.6446474,1.078345,3.574342,1.24322,-0.2842869,-3.567618,0.1019906,-0.2429921,0.06027729,0.9627666,13.04287,332.1176,3.914118,0.3292004,-0.07669739,-0.9411398,0,0,0,0.7262393,-0.4698178,-2.682608,-0.03954291,0.05318411,1.039492,0.8746429,0.0665001,0.4801848,-0.1656317,0.9719291,0.1670924,-0.455594,-0.22568,0.8611054,moving,-31.82827,-15.8261,-2.178516,2.928902,-34.541000282687634,-5.222489229273801
05/11/2023 12:33:24.212929,1404,True,True,True,True,Eyes,1.244309,-0.2887693,-3.554548,-0.5127149,-0.234145,0.8260143,0.0,0.0,0.0,0.0,0.0,0.0,0.0,0.6372551,1.072591,3.579155,1.243962,-0.283873,-3.569155,0.1011675,-0.242062,0.06005936,0.9631013,12.94087,332.2288,3.924811,0.3292238,-0.0766729,-0.9411336,0,0,0,0.7271955,-0.4668366,-2.682004,-0.04026037,0.05427801,1.04067,0.8755978,0.06670889,0.4784124,-0.1646641,0.972316,0.165793,-0.4541082,-0.2239453,0.8623423,moving,-31.82827,-15.8261,-2.215496,2.985659,-34.541000282687634,-5.222489229273801
05/11/2023 12:33:24.223226,1405,True,True,True,True,Eyes,1.244309,-0.2887693,-3.554548,-0.5127149,-0.234145,0.8260143,0.0,0.0,0.0,0.0,0.0,0.0,0.0,0.6293226,1.067681,3.58213,1.244179,-0.2836283,-3.569204,0.1004851,-0.2410961,0.05981534,0.9634301,12.85375,332.3436,3.928969,0.3292449,-0.07665087,-0.941128,0,0,0,0.7282085,-0.4636782,-2.681365,-0.04119554,0.05564015,1.040245,0.8765896,0.06680269,0.4765796,-0.1637089,0.9726498,0.1647782,-0.4525374,-0.2224631,0.8635508,moving,-31.82827,-15.8261,-2.267829,3.061692,-34.541000282687634,-5.222489229273801
05/11/2023 12:33:24.243139,1406,True,True,True,True,Eyes,1.244309,-0.2887693,-3.554548,-0.5127149,-0.234145,0.8260143,0.0,0.0,0.0,0.0,0.0,0.0,0.0,0.6208171,1.060328,3.585917,1.244377,-0.2834576,-3.569269,0.09946626,-0.2400829,0.05942954,0.9638127,12.72488,332.4629,3.926661,0.3292639,-0.07663103,-0.941123,0,0,0,0.729125,-0.4608213,-2.680786,-0.04237717,0.05603191,1.039909,0.8776567,0.06679759,0.4746123,-0.1623182,0.9731492,0.1631976,-0.4509673,-0.2202697,0.8649334,moving,-31.82827,-15.8261,-2.333561,3.084204,-34.541000282687634,-5.222489229273801
05/11/2023 12:33:24.263178,1407,True,True,True,True,Eyes,1.244309,-0.2887693,-3.554548,-0.5127149,-0.234145,0.8260143,0.0,0.0,0.0,0.0,0.0,0.0,0.0,0.6126655,1.053076,3.589603,1.24458,-0.2833541,-3.569357,0.09845208,-0.2391071,0.05908436,0.9641806,12.59782,332.5782,3.928067,0.329281,-0.07661318,-0.9411185,0,0,0,0.730064,-0.4578937,-2.680193,-0.04343635,0.05659391,1.039573,0.8786737,0.0668548,0.4727187,-0.1610171,0.9736325,0.1615962,-0.4494508,-0.2181061,0.86627,moving,-31.82827,-15.8261,-2.39259,3.116081,-34.541000282687634,-5.222489229273801
05/11/2023 12:33:24.283012,1408,True,True,True,True,Eyes,1.244309,-0.2887693,-3.554548,-0.5127149,-0.234145,0.8260143,0.0,0.0,0.0,0.0,0.0,0.0,0.0,0.6048127,1.045645,3.593249,1.244746,-0.283221,-3.569455,0.09742206,-0.2381682,0.05872915,0.9645392,12.4689,332.6888,3.928022,0.3292964,-0.07659712,-0.9411144,0,0,0,0.7310357,-0.4548643,-2.67958,-0.04433626,0.05718208,1.039231,0.8796536,0.06688746,0.4708881,-0.1596988,0.9741197,0.1599599,-0.4480021,-0.2159096,0.8675697,moving,-31.82827,-15.8261,-2.442904,3.149436,-34.541000282687634,-5.222489229273801
05/11/2023 12:33:24.292980,1409,True,True,True,True,Eyes,1.244389,-0.2885682,-3.55474,-0.5113117,-0.2311822,0.8277169,0.0,0.0,0.0,0.0,0.0,0.0,0.0,0.5979638,1.03815,3.596785,1.244928,-0.2829857,-3.569629,0.09640021,-0.2373538,0.0584052,0.9648622,12.34227,332.7846,3.929436,0.3293102,-0.07658266,-0.9411108,0,0,0,0.7319792,-0.4519228,-2.678984,-0.04499394,0.05763049,1.039017,0.8805041,0.06694404,0.4692879,-0.1584678,0.9745917,0.1583004,-0.4467668,-0.2137512,0.8687404,moving,-31.70517,-15.6051,-2.479605,3.174734,-34.4097696413868,-4.998202913255794
05/11/2023 12:33:24.313143,1410,True,True,True,True,Eyes,1.244476,-0.2883668,-3.554926,-0.5099056,-0.2282542,0.8293952,0.0,0.0,0.0,0.0,0.0,0.0,0.0,0.5899031,1.030275,3.600438,1.245113,-0.2828564,-3.569634,0.09530568,-0.2363838,0.05811825,0.9652263,12.2079,332.8996,3.938771,0.3293231,-0.07656395,-0.9411078,0,0,0,0.7330112,-0.4487053,-2.678333,-0.04594773,0.05830791,1.038586,0.88149,0.06713708,0.4674057,-0.1572519,0.9750782,0.1565067,-0.4452497,-0.2114595,0.870079,moving,-31.58287,-15.3872,-2.533151,3.213305,-34.279446673732274,-4.777056515807548
05/11/2023 12:33:24.333277,1411,True,True,True,True,Eyes,1.244494,-0.2881764,-3.555149,-0.5085948,-0.225352,0.8309921,0.0,0.0,0.0,0.0,0.0,0.0,0.0,0.5825511,1.02316,3.603782,1.245356,-0.282665,-3.569685,0.09432282,-0.2355006,0.05788303,0.9655529,12.0878,333.0044,3.94962,0.3293354,-0.07654139,-0.9411054,0,0,0,0.7338984,-0.4459395,-2.677773,-0.04693586,0.05876005,1.038316,0.882378,0.06735209,0.4656959,-0.1562044,0.9755055,0.1548843,-0.4438571,-0.2094103,0.8712854,moving,-31.46802,-15.1728,-2.588227,3.23901,-34.15674031552428,-4.559498838491075
05/11/2023 12:33:24.343178,1412,True,True,True,True,Eyes,1.24452,-0.2879829,-3.555365,-0.5072679,-0.2224874,0.8325735,0.0,0.0,0.0,0.0,0.0,0.0,0.0,0.57488,1.01683,3.60705,1.245593,-0.2825367,-3.569862,0.09343464,-0.2345645,0.05765211,0.9658809,11.97821,333.1154,3.958878,0.3293452,-0.07651564,-0.9411041,0,0,0,0.7348579,-0.442948,-2.677167,-0.04785421,0.05970475,1.03809,0.8833115,0.06753725,0.463896,-0.155203,0.9758924,0.1534472,-0.4423492,-0.2075397,0.872499,moving,-31.35299,-14.96147,-2.639371,3.291686,-34.033953899732005,-4.345044210880934
05/11/2023 12:33:24.363104,1413,True,True,True,True,Eyes,1.244543,-0.2877934,-3.555578,-0.5060364,-0.2195081,0.8341123,0.0,0.0,0.0,0.0,0.0,0.0,0.0,0.5662441,1.010461,3.610295,1.245806,-0.2822844,-3.569899,0.09257385,-0.2335427,0.05723221,0.9662363,11.86631,333.2344,3.946827,0.3293529,-0.07648694,-0.9411036,0,0,0,0.735884,-0.439749,-2.67652,-0.04890198,0.06065218,1.037724,0.8843646,0.06735976,0.4619112,-0.1538395,0.9763091,0.1521641,-0.4407184,-0.2056287,0.8737758,moving,-31.24421,-14.74388,-2.698025,3.344979,-33.91725416791505,-4.124301416822007
05/11/2023 12:33:24.383223,1414,True,True,True,True,Eyes,1.244578,-0.2876041,-3.555789,-0.5047826,-0.2165737,0.8356377,0.0,0.0,0.0,0.0,0.0,0.0,0.0,0.5558649,1.002741,3.614116,1.246025,-0.2821581,-3.569891,0.09149459,-0.232283,0.05688938,0.9666629,11.73104,333.3829,3.951957,0.3293588,-0.0764557,-0.9411041,0,0,0,0.7368575,-0.4367142,-2.675905,-0.05058011,0.06118457,1.037327,0.8856164,0.06748043,0.4594888,-0.152491,0.9767847,0.15046,-0.4386685,-0.2033177,0.8753467,moving,-31.13486,-14.52976,-2.791534,3.375561,-33.800094878447254,-3.9070635346573415
05/11/2023 12:33:24.394033,1415,True,True,True,True,Eyes,1.244595,-0.2874206,-3.556005,-0.5035588,-0.2135113,0.8371628,0.0,0.0,0.0,0.0,0.0,0.0,0.0,0.5476739,0.9963014,3.617386,1.246305,-0.2819906,-3.570049,0.09057397,-0.2312448,0.05688699,0.9669986,11.62348,333.5082,3.988494,0.3293633,-0.07642218,-0.9411052,0,0,0,0.7377465,-0.4339426,-2.675344,-0.05187446,0.06196503,1.037153,0.8865795,0.06812973,0.4575317,-0.1519088,0.9771204,0.1488601,-0.4369218,-0.2014794,0.8766444,moving,-31.02718,-14.30779,-2.863331,3.419089,-33.68435835901869,-3.681899210253393
05/11/2023 12:33:24.412946,1416,True,True,True,True,Eyes,1.244626,-0.2872356,-3.556213,-0.5022992,-0.210504,0.8386797,0.0,0.0,0.0,0.0,0.0,0.0,0.0,0.5380453,0.9884452,3.621102,1.246537,-0.2818798,-3.570096,0.08948507,-0.2300919,0.05649344,0.9673979,11.48625,333.6431,3.986183,0.3293662,-0.07638677,-0.9411071,0,0,0,0.7387584,-0.4307876,-2.674705,-0.05325219,0.06258533,1.036814,0.8877324,0.06812368,0.4552915,-0.1504828,0.9776019,0.1471379,-0.4350702,-0.1991327,0.8781003,moving,-30.91809,-14.08986,-2.940206,3.45436,-33.56733528867753,-3.4608105561176092
05/11/2023 12:33:24.423032,1417,True,True,True,True,Eyes,1.244645,-0.2870526,-3.556422,-0.5011048,-0.2073452,0.8401797,0.0,0.0,0.0,0.0,0.0,0.0,0.0,0.5273929,0.9836298,3.624072,1.246853,-0.2816737,-3.570096,0.08884778,-0.2288613,0.0558177,0.9677877,11.39201,333.7836,3.940799,0.3293678,-0.07634962,-0.9411095,0,0,0,0.7396765,-0.4279255,-2.674126,-0.05495772,0.06357946,1.036493,0.8890138,0.06737171,0.4528969,-0.148707,0.9779809,0.1464226,-0.4330598,-0.1975206,0.8794571,moving,-30.81294,-13.86284,-3.035139,3.510181,-33.45397973836239,-3.230556761203683
05/11/2023 12:33:24.443177,1418,True,True,True,True,Eyes,1.244673,-0.2868716,-3.556626,-0.4998691,-0.2042191,0.84168,0.0,0.0,0.0,0.0,0.0,0.0,0.0,0.5157733,0.9760683,3.627895,1.247087,-0.2814886,-3.570138,0.0878154,-0.2274737,0.05527296,0.9682404,11.25635,333.9446,3.922058,0.3293682,-0.07631095,-0.9411125,0,0,0,0.7406362,-0.4249334,-2.67352,-0.05690399,0.06401122,1.036175,0.8904013,0.06708364,0.4502059,-0.1469864,0.9784667,0.1449065,-0.4307907,-0.1951991,0.8810884,moving,-30.70584,-13.63828,-3.143376,3.53504,-33.33874184836046,-3.0027774091303865
05/11/2023 12:33:24.463156,1419,True,True,True,True,Eyes,1.24475,-0.2866924,-3.556808,-0.4988087,-0.2010579,0.8430692,0.0,0.0,0.0,0.0,0.0,0.0,0.0,0.5050913,0.968379,3.631592,1.247289,-0.2813758,-3.570215,0.08674169,-0.2261657,0.05494096,0.9686624,11.12197,334.0983,3.927191,0.3293677,-0.07627099,-0.941116,0,0,0,0.741553,-0.4220752,-2.672941,-0.0587022,0.06442545,1.03589,0.8916612,0.06720248,0.4476877,-0.1456744,0.9789148,0.1431953,-0.428625,-0.1928983,0.8826499,moving,-30.61103,-13.41353,-3.24339,3.558832,-33.235872252716625,-2.774887881237774
05/11/2023 12:33:24.480261,1420,True,True,True,True,Eyes,1.244836,-0.2865122,-3.556986,-0.4977165,-0.1979501,0.8444489,0.0,0.0,0.0,0.0,0.0,0.0,0.0,0.4950464,0.9635766,3.634449,1.247542,-0.2813174,-3.570332,0.08603922,-0.2249062,0.05479557,0.9690264,11.03428,334.2476,3.943141,0.3293676,-0.07622992,-0.9411193,0,0,0,0.7425545,-0.4189529,-2.672309,-0.06026,0.06601029,1.035573,0.8928294,0.06749519,0.4453091,-0.1448982,0.9791894,0.1421008,-0.4264508,-0.1913963,0.884029,moving,-30.51501,-13.19269,-3.330285,3.647256,-33.131913197648764,-2.5509439067984356
05/11/2023 12:33:24.493144,1421,True,True,True,True,Eyes,1.244963,-0.2863275,-3.557144,-0.49678,-0.1947772,0.8457373,0.0,0.0,0.0,0.0,0.0,0.0,0.0,0.4864517,0.9574379,3.637411,1.247796,-0.2811314,-3.570442,0.0851822,-0.2238428,0.05464229,0.9693569,10.92982,334.3734,3.959625,0.3293682,-0.07618781,-0.9411225,0,0,0,0.7434815,-0.416063,-2.671724,-0.06153277,0.06692191,1.035359,0.8938172,0.06780089,0.4432762,-0.1440706,0.9795165,0.1406813,-0.424658,-0.1896064,0.8852768,moving,-30.42967,-12.96934,-3.401164,3.69825,-33.03862489759822,-2.324533139194017
05/11/2023 12:33:24.512864,1422,True,True,True,True,Eyes,1.245097,-0.2861443,-3.557295,-0.4958068,-0.1916512,0.8470215,0.0,0.0,0.0,0.0,0.0,0.0,0.0,0.4772557,0.9510372,3.640453,1.248039,-0.2809074,-3.570522,0.0843082,-0.2227279,0.05434103,0.969707,10.81946,334.5038,3.960105,0.3293706,-0.07614468,-0.9411251,0,0,0,0.7444811,-0.4129465,-2.671093,-0.06281999,0.06789118,1.035095,0.8948787,0.06783417,0.4411243,-0.1429453,0.9798784,0.139302,-0.4227988,-0.187715,0.8865689,moving,-30.34271,-12.74934,-3.473024,3.752615,-32.94381586084628,-2.1014989438261242
05/11/2023 12:33:24.553232,1423,True,True,True,True,Eyes,1.245251,-0.2859617,-3.557435,-0.4949378,-0.1884811,0.8482402,0.0,0.0,0.0,0.0,0.0,0.0,0.0,0.4681209,0.9446046,3.643366,1.248306,-0.2807796,-3.570493,0.08343547,-0.2216531,0.05390229,0.9700532,10.70596,334.628,3.944263,0.3293748,-0.07610067,-0.9411272,0,0,0,0.7454318,-0.4099827,-2.670493,-0.06414938,0.06871597,1.034766,0.8959289,0.06758871,0.4390253,-0.1415636,0.9802662,0.1379784,-0.4210359,-0.1857689,0.8878168,moving,-30.26304,-12.52773,-3.547461,3.799279,-32.85629391772397,-1.8768853930601246
05/11/2023 12:33:24.572826,1424,True,True,True,True,Eyes,1.245431,-0.2857783,-3.557559,-0.4942283,-0.1853087,0.8493522,0.0,0.0,0.0,0.0,0.0,0.0,0.0,0.4592341,0.93743,3.646473,1.248526,-0.2806494,-3.570554,0.08246432,-0.2206029,0.05345645,0.9704003,10.58139,334.7491,3.929554,0.3293812,-0.07605589,-0.9411286,0,0,0,0.7463688,-0.4070613,-2.669901,-0.06537622,0.06930254,1.034524,0.8969536,0.06736456,0.4369626,-0.140132,0.980684,0.1364615,-0.4193296,-0.183632,0.889068,moving,-30.19463,-12.30772,-3.615968,3.832504,-32.780162177149684,-1.6539647687128731
05/11/2023 12:33:24.580186,1425,True,True,True,True,Eyes,1.245612,-0.2855949,-3.55768,-0.4934939,-0.182184,0.8504544,0.0,0.0,0.0,0.0,0.0,0.0,0.0,0.4538583,0.9294204,3.649289,1.248692,-0.2805029,-3.570603,0.08138677,-0.2199807,0.05317645,0.9706478,10.45081,334.8209,3.93137,0.3293903,-0.07601041,-0.941129,0,0,0,0.7473151,-0.4041111,-2.669304,-0.06565166,0.06975408,1.034323,0.8975615,0.06742415,0.4357033,-0.1390382,0.981097,0.1346002,-0.4183919,-0.1813913,0.8899693,moving,-30.12535,-12.09113,-3.631868,3.85815,-32.703267166999865,-1.4344964981871424
05/11/2023 12:33:24.582842,1426,True,True,True,True,Eyes,1.245806,-0.285411,-3.557795,-0.4928302,-0.1790843,0.8514971,0.0,0.0,0.0,0.0,0.0,0.0,0.0,0.4472007,0.9227172,3.651885,1.248894,-0.2803367,-3.570621,0.08048952,-0.2192033,0.05284047,0.9709169,10.33847,334.9105,3.923888,0.3294018,-0.07596431,-0.9411287,0,0,0,0.7495362,-0.3971867,-2.667902,-0.06452107,0.07435571,1.033548,0.8983155,0.06732026,0.4341625,-0.1378945,0.9814586,0.1331316,-0.4171501,-0.1794629,0.8909427,moving,-30.06144,-11.87718,-3.572155,4.114895,-32.631866111883234,-1.2177334849182113
05/11/2023 12:33:24.593230,1427,True,True,True,True,Eyes,1.246002,-0.2852309,-3.55791,-0.4921482,-0.1760308,0.8525276,0.0,0.0,0.0,0.0,0.0,0.0,0.0,0.4400221,0.9156939,3.654688,1.2491,-0.2801756,-3.570729,0.07954581,-0.2183562,0.05248758,0.9712045,10.22024,335.0081,3.9162,0.329416,-0.07591764,-0.9411275,0,0,0,0.7501583,-0.395247,-2.667509,-0.06571716,0.07407311,1.033531,0.8991312,0.06721371,0.4324873,-0.136691,0.981835,0.1315885,-0.4157866,-0.1774325,0.8919861,moving,-29.99703,-11.66654,-3.638261,4.099377,-32.560070707454244,-1.0043140652612461
05/11/2023 12:33:24.612935,1428,True,True,True,True,Eyes,1.246201,-0.285052,-3.558018,-0.4914508,-0.1730128,0.8535471,0.0,0.0,0.0,0.0,0.0,0.0,0.0,0.434382,0.909059,3.657219,1.24933,-0.2801002,-3.57086,0.0786446,-0.2176986,0.0522078,0.9714406,10.1094,335.0839,3.913569,0.3294326,-0.07587055,-0.9411255,0,0,0,0.7505249,-0.394104,-2.667278,-0.066865,0.07322865,1.03365,0.8997633,0.06719191,0.4311742,-0.1356752,0.9821788,0.130066,-0.4147507,-0.1755282,0.8928447,moving,-29.93225,-11.45853,-3.701208,4.052335,-32.48798943673553,-0.7935515197060781
05/11/2023 12:33:24.622747,1429,True,True,True,True,Eyes,1.246413,-0.2848745,-3.558122,-0.4908634,-0.1700121,0.8544876,0.0,0.0,0.0,0.0,0.0,0.0,0.0,0.4287962,0.9014571,3.659772,1.249584,-0.2799711,-3.570795,0.07762022,-0.2170595,0.05195839,0.9716793,9.985564,335.1577,3.91705,0.3294514,-0.07582314,-0.9411227,0,0,0,0.7511249,-0.3922335,-2.666899,-0.06777519,0.07278304,1.033539,0.9003711,0.06727736,0.4298903,-0.1346702,0.9825509,0.1282878,-0.4137583,-0.1734,0.8937206,moving,-29.87536,-11.25283,-3.751848,4.028188,-32.42392858277313,-0.5851773519888965
05/11/2023 12:33:24.642925,1430,True,True,True,True,Eyes,1.246621,-0.2846978,-3.558218,-0.4902628,-0.1670505,0.8554159,0.0,0.0,0.0,0.0,0.0,0.0,0.0,0.424201,0.8955495,3.661955,1.249813,-0.2798313,-3.570929,0.07682604,-0.2165253,0.05175065,0.9718726,9.889055,335.2193,3.918409,0.3294726,-0.07577546,-0.9411191,0,0,0,0.7520633,-0.3893078,-2.666307,-0.06786036,0.07384503,1.033452,0.9008774,0.06732052,0.4288215,-0.1338596,0.9828393,0.1269196,-0.4129184,-0.1717409,0.8944291,moving,-29.81823,-11.04998,-3.756865,4.087109,-32.35972000767703,-0.3796833795391432
05/11/2023 12:33:24.662955,1431,True,True,True,True,Eyes,1.246849,-0.2845216,-3.558301,-0.4897219,-0.164134,0.85629,0.0,0.0,0.0,0.0,0.0,0.0,0.0,0.4193517,0.8884944,3.664154,1.249922,-0.2796934,-3.570822,0.07589392,-0.2159782,0.05142891,0.9720846,9.774198,335.2814,3.910234,0.3294959,-0.07572759,-0.9411148,0,0,0,0.7530308,-0.3862915,-2.665696,-0.06794387,0.07461023,1.033118,0.901417,0.06720363,0.4277045,-0.1327694,0.9831904,0.1253356,-0.412092,-0.1697657,0.895187,moving,-29.76572,-10.85086,-3.762685,4.130642,-32.30028615168242,-0.1779918240766687
05/11/2023 12:33:24.688732,1432,True,True,True,True,Eyes,1.247075,-0.2843462,-3.558378,-0.4891707,-0.1612558,0.8571514,0.0,0.0,0.0,0.0,0.0,0.0,0.0,0.4148966,0.8813232,3.666455,1.250134,-0.2795659,-3.570822,0.07493725,-0.2154792,0.0511676,0.9722835,9.65828,335.3383,3.908898,0.3295217,-0.07567956,-0.9411097,0,0,0,0.7540051,-0.3832543,-2.665081,-0.06796435,0.07541812,1.032935,0.9019012,0.06720398,0.4266823,-0.1317936,0.9835326,0.1236694,-0.4113449,-0.1677716,0.8959063,moving,-29.71312,-10.65451,-3.764482,4.175951,-32.24085296993425,0.020899428494184136
05/11/2023 12:33:24.702641,1433,True,True,True,True,Eyes,1.247318,-0.2841727,-3.558441,-0.4886865,-0.1583689,0.8579655,0.0,0.0,0.0,0.0,0.0,0.0,0.0,0.4108721,0.874138,3.668606,1.250278,-0.2794296,-3.57076,0.07396249,-0.2150006,0.05109927,0.9724677,9.545162,335.3945,3.929535,0.3295497,-0.07563144,-0.9411037,0,0,0,0.7550358,-0.380041,-2.66443,-0.06782642,0.07644795,1.032655,0.9023272,0.0675808,0.4257211,-0.1311887,0.9838368,0.1218795,-0.4106034,-0.165825,0.8966086,moving,-29.6653,-10.45831,-3.757879,4.23391,-32.1862376187277,0.21960713685087008
05/11/2023 12:33:24.712743,1434,True,True,True,True,Eyes,1.247561,-0.2839935,-3.558499,-0.4881951,-0.1555307,0.8587641,0.0,0.0,0.0,0.0,0.0,0.0,0.0,0.4065077,0.8674481,3.670677,1.250436,-0.279342,-3.570709,0.07305875,-0.2144942,0.05092689,0.9726568,9.437359,335.453,3.936834,0.3295803,-0.07558329,-0.9410969,0,0,0,0.7559337,-0.3772416,-2.663864,-0.06792915,0.07721234,1.032429,0.9027973,0.06772742,0.4246997,-0.1304101,0.9841377,0.1202751,-0.4098171,-0.1639692,0.8973094,moving,-29.61761,-10.26556,-3.764376,4.27702,-32.131866866778104,0.41482548917211126
05/11/2023 12:33:24.732867,1435,True,True,True,True,Eyes,1.247829,-0.2838102,-3.558538,-0.4877513,-0.1527219,0.8595201,0.0,0.0,0.0,0.0,0.0,0.0,0.0,0.4030453,0.8611896,3.6725,1.250659,-0.279043,-3.570621,0.07223786,-0.2141029,0.05083649,0.972809,9.341336,335.4985,3.950192,0.3296131,-0.07553497,-0.9410893,0,0,0,0.7569979,-0.3739239,-2.663192,-0.06763464,0.07848077,1.032182,0.9031512,0.06797571,0.4239071,-0.1298411,0.9843947,0.1187788,-0.4092178,-0.1623158,0.8978833,moving,-29.57358,-10.07532,-3.748997,4.348053,-32.08126402036936,0.6074814360236775
05/11/2023 12:33:24.743039,1436,True,True,True,True,Eyes,1.248096,-0.2836267,-3.558572,-0.4872952,-0.1499135,0.8602728,0.0,0.0,0.0,0.0,0.0,0.0,0.0,0.3990765,0.8518859,3.67508,1.250866,-0.2788303,-3.570542,0.07098921,-0.2136494,0.05074634,0.9730054,9.197007,335.5512,3.974376,0.3296489,-0.07548641,-0.9410807,0,0,0,0.7577923,-0.3714471,-2.66269,-0.06786373,0.0781729,1.032074,0.9035575,0.06841933,0.4229688,-0.1290865,0.9847707,0.1164619,-0.4085591,-0.1598296,0.8986289,moving,-29.52907,-9.885255,-3.762051,4.331511,-32.030183639152206,0.7999636309334832
05/11/2023 12:33:24.762781,1437,True,True,True,True,Eyes,1.248402,-0.2834435,-3.558582,-0.4868774,-0.1471715,0.8609826,0.0,0.0,0.0,0.0,0.0,0.0,0.0,0.3946062,0.841594,3.677862,1.25106,-0.2786712,-3.570413,0.06961253,-0.2131531,0.05053344,0.9732248,9.035127,335.6078,3.987995,0.3296871,-0.07543765,-0.9410712,0,0,0,0.7587692,-0.3684016,-2.662074,-0.06795317,0.07813843,1.031872,0.9040242,0.06868453,0.4219272,-0.128037,0.985201,0.1139545,-0.4078562,-0.15704,0.8994397,moving,-29.48774,-9.700065,-3.767731,4.330454,-31.98246580652539,0.9874952361207452
05/11/2023 12:33:24.783101,1438,True,True,True,True,Eyes,1.248704,-0.2832615,-3.558587,-0.4864329,-0.1444609,0.8616926,0.0,0.0,0.0,0.0,0.0,0.0,0.0,0.3893448,0.8329969,3.680378,1.251286,-0.2785933,-3.570339,0.06845572,-0.212557,0.05027201,0.9734506,8.896374,335.6758,3.99162,0.3297288,-0.07538873,-0.9410604,0,0,0,0.7597488,-0.3653475,-2.661455,-0.06822613,0.07861965,1.031682,0.9045845,0.06877313,0.4207104,-0.1269761,0.9855731,0.1119052,-0.4069447,-0.1546479,0.9002666,moving,-29.4451,-9.517013,-3.783514,4.357818,-31.933499425020244,1.1728737235822226
05/11/2023 12:33:24.793296,1439,True,True,True,True,Eyes,1.248997,-0.2830805,-3.558591,-0.4860013,-0.1418228,0.862374,0.0,0.0,0.0,0.0,0.0,0.0,0.0,0.3839011,0.825964,3.682433,1.251465,-0.2784587,-3.570183,0.06750584,-0.211914,0.05013167,0.9736643,8.783618,335.7502,4.004278,0.3297735,-0.0753397,-0.9410487,0,0,0,0.7606902,-0.3624125,-2.660861,-0.06862155,0.07940106,1.031388,0.9051585,0.06901197,0.4194346,-0.1262337,0.9858596,0.1102089,-0.4058979,-0.1527033,0.9010708,moving,-29.40396,-9.339057,-3.806462,4.402215,-31.88621131724797,1.3530893572189733
05/11/2023 12:33:24.813009,1440,True,True,True,True,Eyes,1.249287,-0.2828989,-3.558589,-0.4855409,-0.1392029,0.8630601,0.0,0.0,0.0,0.0,0.0,0.0,0.0,0.3788087,0.8183912,3.684636,1.251691,-0.2782999,-3.570101,0.06650484,-0.2113431,0.04984059,0.9738724,8.661777,335.8149,4.0003,0.3298207,-0.07529063,-0.941036,0,0,0,0.7616435,-0.3594404,-2.660259,-0.06887099,0.08001633,1.031211,0.9057,0.06896605,0.4182716,-0.1251874,0.986186,0.1084675,-0.4050131,-0.1506014,0.9018224,moving,-29.36126,-9.162324,-3.820913,4.43695,-31.83739278407142,1.532078748031518
05/11/2023 12:33:24.832736,1441,True,True,True,True,Eyes,1.249567,-0.2827206,-3.558588,-0.4850735,-0.136629,0.8637339,0.0,0.0,0.0,0.0,0.0,0.0,0.0,0.3726511,0.810759,3.686877,1.251895,-0.2781181,-3.569968,0.06550691,-0.2106485,0.04944883,0.9741102,8.537377,335.8933,3.98582,0.3298702,-0.0752415,-0.9410226,0,0,0,0.7626542,-0.3562894,-2.659621,-0.06930888,0.08073118,1.030959,0.9063641,0.06873935,0.4168681,-0.1239351,0.9865273,0.1067893,-0.4039111,-0.1484545,0.9026722,moving,-29.31859,-8.988803,-3.846068,4.477515,-31.78871031815595,1.7078201047620247
05/11/2023 12:33:24.843397,1442,True,True,True,True,Eyes,1.249841,-0.2825392,-3.55858,-0.4845671,-0.134073,0.8644184,0.0,0.0,0.0,0.0,0.0,0.0,0.0,0.3658677,0.8031977,3.68918,1.252125,-0.2780094,-3.569864,0.06452277,-0.2098938,0.04891567,0.9743658,8.410932,335.9777,3.955378,0.3299214,-0.07519241,-0.9410086,0,0,0,0.7635566,-0.3534762,-2.659052,-0.07003587,0.08114861,1.030768,0.9071037,0.06823763,0.4153391,-0.1224094,0.9868881,0.1052034,-0.4027144,-0.1462718,0.9035628,moving,-29.27369,-8.816441,-3.887005,4.501402,-31.737820707865488,1.8824043999135096
05/11/2023 12:33:24.863104,1443,True,True,True,True,Eyes,1.250113,-0.2823636,-3.558571,-0.4840521,-0.1315846,0.8650891,0.0,0.0,0.0,0.0,0.0,0.0,0.0,0.3584208,0.7959734,3.691343,1.252259,-0.2777655,-3.569698,0.06360258,-0.2090444,0.04837883,0.9746357,8.291265,336.0732,3.923654,0.3299742,-0.0751433,-0.940994,0,0,0,0.7645731,-0.350307,-2.65841,-0.07074815,0.08189169,1.030454,0.9079199,0.06771195,0.4136383,-0.120895,0.9872284,0.1037521,-0.4013302,-0.1442054,0.9045103,moving,-29.22877,-8.6487,-3.927609,4.543832,-31.687063258549095,2.0523162751234114
05/11/2023 12:33:24.883155,1444,True,True,True,True,Eyes,1.250384,-0.2821908,-3.55856,-0.4834858,-0.1291411,0.8657737,0.0,0.0,0.0,0.0,0.0,0.0,0.0,0.3513185,0.7898507,3.693571,1.252367,-0.2775459,-3.569916,0.06281986,-0.208206,0.04788826,0.9748901,8.188262,336.1678,3.89366,0.3300282,-0.07509432,-0.940979,0,0,0,0.7655317,-0.3473185,-2.657805,-0.07131925,0.08282097,1.030474,0.9087139,0.06721263,0.4119726,-0.1195305,0.9875208,0.1025437,-0.3999393,-0.1424261,0.9054078,moving,-29.18089,-8.48384,-3.959135,4.595082,-31.633420395937094,2.219334744887645
05/11/2023 12:33:24.893147,1445,True,True,True,True,Eyes,1.250638,-0.2820092,-3.558563,-0.482895,-0.1267833,0.8664516,0.0,0.0,0.0,0.0,0.0,0.0,0.0,0.3427149,0.7856539,3.695257,1.25259,-0.2774708,-3.569826,0.06226991,-0.2071893,0.04744155,0.9751638,8.111822,336.284,3.864526,0.3300835,-0.07504554,-0.9409635,0,0,0,0.7664598,-0.344425,-2.657219,-0.07250819,0.08428246,1.030192,0.9096438,0.06672323,0.4099953,-0.1183299,0.9877434,0.101788,-0.3981786,-0.1411055,0.9063901,moving,-29.13201,-8.324711,-4.02602,4.677088,-31.578959535104175,2.3805649453843785
05/11/2023 12:33:24.912781,1446,True,True,True,True,Eyes,1.250889,-0.2818282,-3.558561,-0.4822501,-0.1244208,0.867153,0.0,0.0,0.0,0.0,0.0,0.0,0.0,0.3347194,0.7800614,3.697204,1.252842,-0.2772368,-3.569787,0.06156259,-0.2062649,0.04693812,0.9754291,8.016786,336.3888,3.831718,0.3301393,-0.0749967,-0.9409478,0,0,0,0.7674143,-0.3414492,-2.656617,-0.07350087,0.08532527,1.030029,0.9105032,0.0661732,0.4081728,-0.116966,0.9880137,0.1007365,-0.3966143,-0.1394632,0.9073296,moving,-29.07976,-8.165184,-4.081596,4.73544,-31.52109237109753,2.5422200556494126
05/11/2023 12:33:24.922969,1447,True,True,True,True,Eyes,1.251122,-0.2816525,-3.558572,-0.4813711,-0.1218754,0.8680025,0.0,0.0,0.0,0.0,0.0,0.0,0.0,0.324934,0.7717685,3.69975,1.253026,-0.2770667,-3.569667,0.06048682,-0.2051217,0.04634161,0.9757658,7.877368,336.5184,3.798509,0.3301955,-0.07494782,-0.940932,0,0,0,0.7684109,-0.3383422,-2.655988,-0.07490522,0.08577089,1.029781,0.9115552,0.0656228,0.4059075,-0.1152514,0.9883876,0.0990306,-0.3946953,-0.1370533,0.9085329,moving,-29.01158,-7.992596,-4.160308,4.761199,-31.446755143710888,2.7171880921018197
05/11/2023 12:33:24.947817,1448,True,True,True,True,Eyes,1.251353,-0.2814747,-3.558577,-0.4804638,-0.119352,0.8688554,0.0,0.0,0.0,0.0,0.0,0.0,0.0,0.3165416,0.7655076,3.701945,1.253269,-0.2770067,-3.569759,0.05961938,-0.2040862,0.04618603,0.9760437,7.772157,336.6386,3.809221,0.3302517,-0.07489903,-0.9409162,0,0,0,0.769311,-0.3355361,-2.655419,-0.07612815,0.08672269,1.029729,0.9124314,0.06582419,0.4039011,-0.1144941,0.9886248,0.09753038,-0.3928868,-0.1352341,0.9095888,moving,-28.94193,-7.821596,-4.2282,4.814029,-31.37099013977147,2.890560213600944
05/11/2023 12:33:24.963727,1449,True,True,True,True,Eyes,1.251578,-0.2812922,-3.558585,-0.4794388,-0.1166939,0.8697821,0.0,0.0,0.0,0.0,0.0,0.0,0.0,0.3090972,0.758291,3.703962,1.25342,-0.2767987,-3.569622,0.05864605,-0.2031719,0.04607874,0.9762984,7.656623,336.7448,3.826636,0.3303077,-0.0748503,-0.9409004,0,0,0,0.7702744,-0.3325326,-2.654811,-0.07703203,0.08749813,1.029478,0.9131959,0.06614274,0.4021174,-0.1138036,0.9888748,0.09578829,-0.3913081,-0.1332359,0.9105637,moving,-28.86431,-7.641428,-4.279256,4.858048,-31.286898143211808,3.0732557562896226
05/11/2023 12:33:24.983081,1450,True,True,True,True,Eyes,1.251805,-0.2811039,-3.558588,-0.4783897,-0.1140381,0.8707115,0.0,0.0,0.0,0.0,0.0,0.0,0.0,0.301015,0.7511252,3.706153,1.253651,-0.2765146,-3.569632,0.05771923,-0.2022153,0.0457024,0.9765699,7.539935,336.8539,3.812678,0.3303635,-0.07480147,-0.9408846,0,0,0,0.7712575,-0.3294676,-2.654191,-0.07803091,0.08822232,1.029402,0.9140406,0.06591974,0.4002305,-0.1126066,0.9891596,0.09425028,-0.3896789,-0.1312172,0.911555,moving,-28.78545,-7.461623,-4.334857,4.898424,-31.201569579061832,3.255592516969725
05/11/2023 12:33:24.992858,1451,True,True,True,True,Eyes,1.252029,-0.2809134,-3.558592,-0.477313,-0.1112356,0.8716644,0.0,0.0,0.0,0.0,0.0,0.0,0.0,0.2929238,0.741805,3.708629,1.253893,-0.2762125,-3.56952,0.05650436,-0.201268,0.04533818,0.9768536,7.391197,336.9617,3.806327,0.3304192,-0.07475243,-0.940869,0,0,0,0.7721766,-0.3266021,-2.65361,-0.07918057,0.08815952,1.02929,0.9148713,0.0658325,0.3983424,-0.1113226,0.9895034,0.09214272,-0.3880952,-0.1286432,0.9125968,moving,-28.70459,-7.272373,-4.39895,4.895482,-31.113915967111538,3.4474929840136426
05/11/2023 12:33:25.013076,1452,True,True,True,True,Eyes,1.252255,-0.2807241,-3.558595,-0.4762499,-0.1083334,0.8726109,0.0,0.0,0.0,0.0,0.0,0.0,0.0,0.2834172,0.7308609,3.711574,1.254072,-0.2759945,-3.56951,0.05510489,-0.2001817,0.04457651,0.9771917,7.212109,337.0828,3.759951,0.3304746,-0.07470313,-0.9408534,0,0,0,0.7731574,-0.3235446,-2.652992,-0.08048028,0.08778319,1.029253,0.9158804,0.06505761,0.3961446,-0.1091816,0.9899527,0.08984928,-0.386319,-0.1255429,0.9137815,moving,-28.62465,-7.076977,-4.471025,4.874859,-31.026986125435307,3.6456018835942112
05/11/2023 12:33:25.032685,1453,True,True,True,True,Eyes,1.252478,-0.2805431,-3.5586,-0.4751505,-0.1054565,0.8735622,0.0,0.0,0.0,0.0,0.0,0.0,0.0,0.2733171,0.723012,3.713951,1.25419,-0.2758698,-3.569563,0.05411603,-0.199004,0.04377453,0.9775238,7.078092,337.2149,3.700125,0.3305299,-0.07465363,-0.9408379,0,0,0,0.7741213,-0.3205392,-2.652383,-0.08187968,0.08824572,1.029169,0.9169624,0.06404268,0.3938001,-0.1071199,0.9903105,0.08837679,-0.3843245,-0.123222,0.9149377,moving,-28.54279,-6.883441,-4.548814,4.900818,-30.93818437571955,3.8418428340922723
05/11/2023 12:33:25.042944,1454,True,True,True,True,Eyes,1.252699,-0.2803658,-3.55861,-0.4740188,-0.1026237,0.8745139,0.0,0.0,0.0,0.0,0.0,0.0,0.0,0.264201,0.7153616,3.716177,1.254321,-0.275906,-3.569604,0.05308009,-0.1978944,0.04340837,0.9778222,6.949028,337.3418,3.689852,0.330585,-0.07460417,-0.9408224,0,0,0,0.7753693,-0.3166485,-2.651595,-0.08272639,0.08988433,1.029015,0.9179071,0.06388282,0.3916193,-0.1058998,0.9905965,0.08662522,-0.3824028,-0.1209863,0.9160406,moving,-28.45933,-6.693013,-4.596339,4.992109,-30.847874051086208,4.034951778829472
05/11/2023 12:33:25.063947,1455,True,True,True,True,Eyes,1.252916,-0.2801911,-3.55863,-0.4729046,-0.09981471,0.8754417,0.0,0.0,0.0,0.0,0.0,0.0,0.0,0.2556819,0.7093222,3.718085,1.254466,-0.2758319,-3.56972,0.05225902,-0.1968369,0.04319123,0.9780894,6.847738,337.4637,3.691025,0.3306399,-0.07455483,-0.9408071,0,0,0,0.7759662,-0.3147878,-2.651218,-0.08431163,0.08995377,1.02904,0.9187795,0.06391676,0.3895625,-0.1050628,0.990807,0.08522474,-0.3805339,-0.1192313,0.9170484,moving,-28.37746,-6.50457,-4.683912,4.995823,-30.759230087286518,4.226042976934065
05/11/2023 12:33:25.080960,1456,True,True,True,True,Eyes,1.253133,-0.2800151,-3.558652,-0.4717585,-0.09706707,0.8763686,0.0,0.0,0.0,0.0,0.0,0.0,0.0,0.2474089,0.7059566,3.719537,1.25466,-0.2757309,-3.569923,0.05178162,-0.1957864,0.04312915,0.9783283,6.788637,337.5862,3.701896,0.3306943,-0.07450566,-0.9407918,0,0,0,0.7769764,-0.3116382,-2.650581,-0.08529302,0.09203632,1.029035,0.9196151,0.06411267,0.3875533,-0.1046652,0.9909171,0.08443063,-0.3786201,-0.118207,0.9179727,moving,-28.29405,-6.32035,-4.738209,5.110902,-30.66917470946239,4.412874329944628
05/11/2023 12:33:25.096700,1457,True,True,True,True,Eyes,1.25334,-0.2798379,-3.558686,-0.470645,-0.09433273,0.8772653,0.0,0.0,0.0,0.0,0.0,0.0,0.0,0.2391329,0.701478,3.721052,1.254871,-0.2755399,-3.569994,0.05115718,-0.1947371,0.04314177,0.97857,6.714633,337.7087,3.724305,0.3307483,-0.07445659,-0.9407768,0,0,0,0.7779113,-0.3087235,-2.649991,-0.08645001,0.09354264,1.028968,0.9204325,0.06451008,0.3855418,-0.1043589,0.9910434,0.08331916,-0.3767138,-0.1169244,0.9189208,moving,-28.21316,-6.137458,-4.802496,5.194433,-30.581700437602642,4.59834606521792
05/11/2023 12:33:25.112895,1458,True,True,True,True,Eyes,1.253544,-0.2796557,-3.558727,-0.469501,-0.09162561,0.8781649,0.0,0.0,0.0,0.0,0.0,0.0,0.0,0.2302458,0.694486,3.723186,1.255061,-0.2753385,-3.570217,0.05020125,-0.1936149,0.04307361,0.9788451,6.601196,337.8388,3.745135,0.3308016,-0.07440758,-0.9407619,0,0,0,0.7788658,-0.3057479,-2.649388,-0.08768779,0.09440764,1.029082,0.9213158,0.06488536,0.3833627,-0.1037642,0.991249,0.08159912,-0.3747133,-0.1149579,0.9199862,moving,-28.13068,-5.956551,-4.870393,5.241623,-30.492690647875378,4.7818212565872384
05/11/2023 12:33:25.122788,1459,True,True,True,True,Eyes,1.253744,-0.2794708,-3.558776,-0.4683727,-0.08895212,0.8790419,0.0,0.0,0.0,0.0,0.0,0.0,0.0,0.2218298,0.6870458,3.7253,1.255205,-0.2750588,-3.570421,0.04920382,-0.1925565,0.04296879,0.9791091,6.482496,337.961,3.762035,0.3308542,-0.07435846,-0.9407473,0,0,0,0.7798266,-0.3027524,-2.648782,-0.08875942,0.09510055,1.029197,0.9221514,0.06519324,0.381296,-0.1030913,0.9914653,0.07980399,-0.3728391,-0.1128997,0.921002,moving,-28.04967,-5.778214,-4.929072,5.279289,-30.4052456737571,4.962687974987648
05/11/2023 12:33:25.142721,1460,True,True,True,True,Eyes,1.253943,-0.2792814,-3.558831,-0.4672339,-0.08627998,0.8799138,0.0,0.0,0.0,0.0,0.0,0.0,0.0,0.2134637,0.6799788,3.727321,1.255353,-0.27483,-3.570633,0.04824463,-0.1914981,0.04290518,0.9793672,6.368982,338.0833,3.78252,0.3309059,-0.07430918,-0.940733,0,0,0,0.7807795,-0.2997814,-2.64818,-0.0898301,0.0959207,1.029316,0.9229752,0.06556234,0.3792338,-0.1025174,0.9916632,0.07806588,-0.370954,-0.1109309,0.9220018,moving,-27.96828,-5.600237,-4.987661,5.323949,-30.317429950056194,5.143193210777134
05/11/2023 12:33:25.162965,1461,True,True,True,True,Eyes,1.254131,-0.2790868,-3.558893,-0.4661151,-0.08358972,0.8807664,0.0,0.0,0.0,0.0,0.0,0.0,0.0,0.2069463,0.6700789,3.729696,1.25554,-0.2745628,-3.570813,0.0469092,-0.1906872,0.04289819,0.9795906,6.215247,338.1763,3.815654,0.3309568,-0.07425962,-0.9407189,0,0,0,0.7817558,-0.2967378,-2.647564,-0.09041899,0.09604475,1.029539,0.9235963,0.06615534,0.3776155,-0.1019353,0.9919185,0.07554334,-0.3695662,-0.1082639,0.9228758,moving,-27.88848,-5.421455,-5.019109,5.329646,-30.231188634575467,5.32450182602899
05/11/2023 12:33:25.181252,1462,True,True,True,True,Eyes,1.254321,-0.2788881,-3.558965,-0.4649881,-0.08088616,0.8816141,0.0,0.0,0.0,0.0,0.0,0.0,0.0,0.1993865,0.65838,3.732345,1.255663,-0.2742632,-3.570953,0.04535418,-0.1897599,0.04273701,0.9798509,6.03294,338.2816,3.836502,0.3310067,-0.07420967,-0.9407054,0,0,0,0.7827305,-0.293699,-2.646949,-0.09124458,0.0956039,1.029739,0.9243295,0.066539,0.3757494,-0.1009646,0.9922331,0.07266113,-0.3679962,-0.1051002,0.9238683,moving,-27.80843,-5.242086,-5.063722,5.304298,-30.144676252768512,5.506405656913909
05/11/2023 12:33:25.193151,1463,True,True,True,True,Eyes,1.254502,-0.2786898,-3.559047,-0.4639297,-0.0781464,0.8824185,0.0,0.0,0.0,0.0,0.0,0.0,0.0,0.1929823,0.6471035,3.735024,1.255893,-0.2739988,-3.571281,0.04384724,-0.1889795,0.04262761,0.9800751,5.857729,338.3698,3.86097,0.3310556,-0.07415923,-0.9406921,0,0,0,0.7836847,-0.2907241,-2.646346,-0.09180459,0.09527496,1.030174,0.9249393,0.06698405,0.3741663,-0.100129,0.9925206,0.06983568,-0.3666899,-0.1020586,0.9247284,moving,-27.73306,-5.060874,-5.092494,5.283929,-30.06281532834722,5.690141844855877
05/11/2023 12:33:25.213040,1464,True,True,True,True,Eyes,1.254686,-0.2784928,-3.559135,-0.4628553,-0.0753955,0.8832216,0.0,0.0,0.0,0.0,0.0,0.0,0.0,0.1860656,0.6352961,3.73767,1.25605,-0.2738395,-3.571519,0.04227388,-0.1881456,0.04238709,0.980315,5.671992,338.4633,3.872058,0.3311033,-0.07410835,-0.9406793,0,0,0,0.7846794,-0.2876231,-2.645718,-0.09240064,0.094954,1.030501,0.9256092,0.06719811,0.3724678,-0.0990127,0.9928325,0.06693355,-0.3653003,-0.09883333,0.9256282,moving,-27.65694,-4.879179,-5.123765,5.264568,-29.980183325176654,5.874371421937405
05/11/2023 12:33:25.223264,1465,True,True,True,True,Eyes,1.254866,-0.2782921,-3.559234,-0.461862,-0.07259665,0.8839758,0.0,0.0,0.0,0.0,0.0,0.0,0.0,0.1791502,0.6240835,3.74016,1.256251,-0.273703,-3.571735,0.04074366,-0.1872872,0.04238242,0.9805444,5.496059,338.5608,3.908743,0.3311499,-0.07405711,-0.940667,0,0,0,0.7856456,-0.2846109,-2.645108,-0.09310266,0.09479309,1.030811,0.9262545,0.06785417,0.3707404,-0.09837723,0.9930874,0.06402659,-0.3638331,-0.09577732,0.926527,moving,-27.58629,-4.694889,-5.16094,5.254125,-29.902973430306247,6.061188478273889
05/11/2023 12:33:25.242993,1466,True,True,True,True,Eyes,1.255042,-0.2780862,-3.559336,-0.4608659,-0.06976751,0.8847232,0.0,0.0,0.0,0.0,0.0,0.0,0.0,0.1746981,0.6133868,3.742521,1.256464,-0.2734516,-3.572078,0.03928526,-0.186725,0.04254143,0.9807042,5.332855,338.6245,3.960514,0.3311955,-0.07400542,-0.940655,0,0,0,0.7865626,-0.281752,-2.64453,-0.09319386,0.09459403,1.031305,0.926648,0.06877002,0.3695866,-0.09811219,0.9932938,0.06116735,-0.3629016,-0.09294154,0.9271808,moving,-27.5157,-4.5089,-5.163509,5.240659,-29.825767952725272,6.249723089123538
05/11/2023 12:33:25.263099,1467,True,True,True,True,Eyes,1.255233,-0.2778755,-3.559438,-0.4599265,-0.06691603,0.8854321,0.0,0.0,0.0,0.0,0.0,0.0,0.0,0.1691517,0.60017,3.745072,1.256549,-0.2731529,-3.572233,0.03757413,-0.1860894,0.04214894,0.9809089,5.129123,338.6932,3.95543,0.3312399,-0.07395319,-0.9406434,0,0,0,0.7875375,-0.2787125,-2.643914,-0.09339896,0.09368376,1.031639,0.9271883,0.06870424,0.368241,-0.09667283,0.9936233,0.05802665,-0.3619061,-0.08940054,0.9279178,moving,-27.44905,-4.321881,-5.173144,5.188833,-29.752495636053716,6.439272920921395
05/11/2023 12:33:25.282680,1468,True,True,True,True,Eyes,1.255421,-0.2776622,-3.559544,-0.4589739,-0.06403529,0.886139,0.0,0.0,0.0,0.0,0.0,0.0,0.0,0.1625924,0.588606,3.747468,1.256782,-0.2728672,-3.572459,0.03611614,-0.1853618,0.04150383,0.9811289,4.948233,338.7721,3.916736,0.3312836,-0.07390033,-0.9406322,0,0,0,0.7885221,-0.2756431,-2.643293,-0.0939087,0.09319867,1.032046,0.9278368,0.06805214,0.3667255,-0.09483034,0.9939461,0.05548273,-0.3607297,-0.08625564,0.9286733,moving,-27.38181,-4.133195,-5.199184,5.160087,-29.67857431926366,6.630512284121684
05/11/2023 12:33:25.293245,1469,True,True,True,True,Eyes,1.255613,-0.2774433,-3.559657,-0.4580813,-0.061186,0.886802,0.0,0.0,0.0,0.0,0.0,0.0,0.0,0.1561804,0.5754393,3.749981,1.256892,-0.2726226,-3.572643,0.03441294,-0.1846211,0.04104241,0.9813493,4.743596,338.8527,3.903737,0.3313267,-0.07384684,-0.9406212,0,0,0,0.789443,-0.272772,-2.642711,-0.09442571,0.09216302,1.03241,0.9284611,0.06784718,0.3651804,-0.0932606,0.9942625,0.05238764,-0.3595309,-0.08269683,0.9294615,moving,-27.3188,-3.946939,-5.225815,5.10126,-29.608992193034382,6.819266333867715
05/11/2023 12:33:25.312962,1470,True,True,True,True,Eyes,1.255805,-0.2772302,-3.559779,-0.4571823,-0.05833186,0.887458,0.0,0.0,0.0,0.0,0.0,0.0,0.0,0.1505508,0.5614549,3.752676,1.257059,-0.2723069,-3.572972,0.03260852,-0.183981,0.04060923,0.981549,4.528582,338.9215,3.895291,0.3313692,-0.07379261,-0.9406105,0,0,0,0.7903983,-0.2697938,-2.642108,-0.09469175,0.09097941,1.032977,0.9290038,0.0677212,0.3638211,-0.0917186,0.9945751,0.04907108,-0.3585244,-0.07895638,0.9301754,moving,-27.25568,-3.760593,-5.237597,5.033335,-29.539296343781345,7.008112121109045
05/11/2023 12:33:25.323008,1471,True,True,True,True,Eyes,1.256004,-0.277015,-3.559907,-0.4564994,-0.05529559,0.8880037,0.0,0.0,0.0,0.0,0.0,0.0,0.0,0.1453819,0.5505579,3.754855,1.257243,-0.2722601,-3.57329,0.03115552,-0.1833695,0.04038134,0.9817201,4.357614,338.9885,3.902403,0.331411,-0.07373787,-0.9406,0,0,0,0.7914142,-0.2666266,-2.641467,-0.09476706,0.09106226,1.033465,0.92949,0.06786041,0.3625512,-0.09071229,0.9947973,0.04636259,-0.3575188,-0.07598141,0.9308099,moving,-27.20651,-3.563182,-5.23928,5.035531,-29.48328179239857,7.208053340911217
05/11/2023 12:33:25.348066,1472,True,True,True,True,Eyes,1.256202,-0.2767923,-3.56004,-0.4557909,-0.05226656,0.8885509,0.0,0.0,0.0,0.0,0.0,0.0,0.0,0.1403816,0.5419225,3.756676,1.257482,-0.2720326,-3.573617,0.03004767,-0.1827934,0.04005013,0.9818756,4.223541,339.0517,3.890377,0.3314525,-0.07368258,-0.9405897,0,0,0,0.7923259,-0.2637844,-2.640892,-0.09496453,0.09128021,1.033955,0.9299651,0.06766347,0.3613677,-0.08963353,0.9949862,0.04436435,-0.356554,-0.07364795,0.9313674,moving,-27.156,-3.366387,-5.247657,5.045137,-29.425938323771284,7.407380622911756
05/11/2023 12:33:25.363117,1473,True,True,True,True,Eyes,1.256391,-0.2765697,-3.560182,-0.4552038,-0.04914396,0.88903,0.0,0.0,0.0,0.0,0.0,0.0,0.0,0.1340238,0.5314224,3.758654,1.257638,-0.2716504,-3.57385,0.02872907,-0.1820572,0.03956749,0.9820714,4.061954,339.1325,3.866096,0.3314935,-0.07362661,-0.9405797,0,0,0,0.7932662,-0.2608528,-2.640298,-0.09546044,0.09092152,1.034359,0.9305791,0.06725553,0.3598599,-0.08817686,0.9952181,0.04202089,-0.355313,-0.07083509,0.9320596,moving,-27.11349,-3.163986,-5.272863,5.023465,-29.376465133768654,7.612323106968393
05/11/2023 12:33:25.380924,1474,True,True,True,True,Eyes,1.256575,-0.2763462,-3.560331,-0.4545942,-0.04602805,0.8895085,0.0,0.0,0.0,0.0,0.0,0.0,0.0,0.1282459,0.5194318,3.760856,1.257833,-0.2714469,-3.574138,0.02716861,-0.1813857,0.03922011,0.982254,3.876202,339.2057,3.861581,0.3315338,-0.07357,-0.9405699,0,0,0,0.7942401,-0.2578165,-2.639683,-0.09577623,0.09043579,1.034871,0.9311221,0.06719223,0.3584647,-0.08690422,0.9954473,0.03914502,-0.3542025,-0.06760088,0.9327222,moving,-27.06986,-2.962156,-5.287602,4.994303,-29.32588305703569,7.816695688401746
05/11/2023 12:33:25.393258,1475,True,True,True,True,Eyes,1.256768,-0.2761199,-3.560483,-0.4540765,-0.04282511,0.8899329,0.0,0.0,0.0,0.0,0.0,0.0,0.0,0.1228549,0.5083997,3.762842,1.257893,-0.27123,-3.574448,0.02572343,-0.1807311,0.03899486,0.9824225,3.706052,339.2775,3.86822,0.3315734,-0.07351279,-0.9405604,0,0,0,0.7951874,-0.254863,-2.639086,-0.09593731,0.0901413,1.035345,0.9316314,0.06732082,0.3571147,-0.08591692,0.9956354,0.03644738,-0.3531024,-0.06463772,0.9333491,moving,-27.03234,-2.755047,-5.294035,4.975855,-29.28127903279016,8.026365425400725
05/11/2023 12:33:25.413001,1476,True,True,True,True,Eyes,1.256959,-0.2758912,-3.56064,-0.4535447,-0.03960277,0.8903532,0.0,0.0,0.0,0.0,0.0,0.0,0.0,0.1182396,0.495327,3.765057,1.258089,-0.2709885,-3.574739,0.02400945,-0.180199,0.03878088,0.9825721,3.506317,339.3343,3.880961,0.3316123,-0.07345496,-0.9405512,0,0,0,0.7961519,-0.2518563,-2.638477,-0.09596547,0.08934295,1.035928,0.9320487,0.06755707,0.3559792,-0.08486298,0.9958392,0.03320548,-0.3522547,-0.06115858,0.9339038,moving,-26.99423,-2.546828,-5.292615,4.929241,-29.236044365990914,8.237161479739445
05/11/2023 12:33:25.422990,1477,True,True,True,True,Eyes,1.257142,-0.2756601,-3.560803,-0.4530269,-0.03633792,0.890756,0.0,0.0,0.0,0.0,0.0,0.0,0.0,0.1137067,0.4813812,3.767292,1.258257,-0.2707343,-3.575001,0.02219122,-0.1796844,0.03850633,0.9827199,3.293655,339.3884,3.888731,0.3316508,-0.0733965,-0.9405422,0,0,0,0.7971457,-0.248758,-2.637849,-0.095916,0.08837067,1.036509,0.9324616,0.06770705,0.3548678,-0.08365671,0.9960496,0.02977753,-0.3514498,-0.05745348,0.9344422,moving,-26.95729,-2.336055,-5.286952,4.873136,-29.19190357435952,8.450532226280892
05/11/2023 12:33:25.443320,1478,True,True,True,True,Eyes,1.257327,-0.2754301,-3.56097,-0.4524882,-0.03307737,0.8911568,0.0,0.0,0.0,0.0,0.0,0.0,0.0,0.1087546,0.4690038,3.769269,1.258392,-0.2704691,-3.575259,0.02059864,-0.1791167,0.03813982,0.9828725,3.104351,339.449,3.881512,0.3316885,-0.0733374,-0.9405336,0,0,0,0.7980954,-0.245797,-2.63725,-0.09601015,0.08765146,1.037035,0.9329252,0.06759403,0.353669,-0.08235228,0.9962422,0.02682872,-0.3505265,-0.05415464,0.9349858,moving,-26.91936,-2.125691,-5.289445,4.831226,-29.146779451226095,8.663496010742483
05/11/2023 12:33:25.462978,1479,True,True,True,True,Eyes,1.257509,-0.275197,-3.56114,-0.4519438,-0.02986255,0.8915464,0.0,0.0,0.0,0.0,0.0,0.0,0.0,0.1036316,0.4573645,3.771123,1.258616,-0.2702896,-3.575489,0.01910388,-0.1785428,0.03770636,0.9830238,2.924703,339.5103,3.864583,0.3317256,-0.07327775,-0.9405251,0,0,0,0.7990148,-0.2429307,-2.636669,-0.09625068,0.08708839,1.037553,0.9334014,0.06731078,0.3524643,-0.08095422,0.9964265,0.02409474,-0.349583,-0.05102354,0.935515,moving,-26.88142,-1.918418,-5.29999,4.797951,-29.10174713224093,8.873334377736104
05/11/2023 12:33:25.482845,1480,True,True,True,True,Eyes,1.257693,-0.2749594,-3.561313,-0.451373,-0.02665324,0.8919373,0.0,0.0,0.0,0.0,0.0,0.0,0.0,0.09829402,0.4462022,3.772865,1.258759,-0.2700076,-3.575736,0.01768602,-0.1779282,0.0372809,0.9831781,2.753758,339.5766,3.846938,0.3317619,-0.07321751,-0.9405169,0,0,0,0.8000134,-0.2398174,-2.636039,-0.0963895,0.08681732,1.038056,0.9339034,0.06701384,0.3511889,-0.07960119,0.9965947,0.02151036,-0.3485515,-0.04804365,0.9360575,moving,-26.84211,-1.711627,-5.305031,4.780778,-29.05535127324633,9.082694501898898
05/11/2023 12:33:25.493422,1481,True,True,True,True,Eyes,1.257888,-0.2747215,-3.561483,-0.4508158,-0.02351247,0.8923073,0.0,0.0,0.0,0.0,0.0,0.0,0.0,0.0924871,0.434837,3.774626,1.258995,-0.2696837,-3.575981,0.01626094,-0.1772742,0.03675424,0.9833405,2.579826,339.6472,3.817925,0.3317977,-0.07315663,-0.9405091,0,0,0,0.8009311,-0.2369565,-2.63546,-0.0968298,0.08619487,1.03859,0.934446,0.06651857,0.3498371,-0.07804916,0.9967695,0.01894892,-0.3474465,-0.04501124,0.9366189,moving,-26.80404,-1.509405,-5.326404,4.744232,-29.010354530332975,9.287426385166889
05/11/2023 12:33:25.512964,1482,True,True,True,True,Eyes,1.258085,-0.274482,-3.561656,-0.450224,-0.02036152,0.8926834,0.0,0.0,0.0,0.0,0.0,0.0,0.0,0.08616447,0.4226148,3.776371,1.259235,-0.2694818,-3.576131,0.01470239,-0.1765574,0.03623733,0.9835132,2.39084,339.7248,3.79264,0.3318332,-0.07309516,-0.9405013,0,0,0,0.8019292,-0.2338447,-2.63483,-0.09732851,0.08567655,1.039055,0.9350287,0.06608815,0.3483585,-0.07647141,0.9969413,0.01612406,-0.3462275,-0.04171593,0.9372227,moving,-26.76405,-1.306653,-5.351296,4.713732,-28.963407109937002,9.492706982924773
05/11/2023 12:33:25.522737,1483,True,True,True,True,Eyes,1.258291,-0.2742418,-3.561829,-0.4496279,-0.01726828,0.8930491,0.0,0.0,0.0,0.0,0.0,0.0,0.0,0.0793761,0.4100936,3.778178,1.259467,-0.2692296,-3.576362,0.01310643,-0.1757737,0.03573907,0.9836944,2.197798,339.8101,3.770116,0.3318686,-0.0730331,-0.9404936,0,0,0,0.8029029,-0.2308091,-2.634215,-0.09797037,0.08497161,1.039591,0.9356526,0.06570512,0.346752,-0.07492018,0.9971019,0.01322147,-0.3448783,-0.03834942,0.9378637,moving,-26.72411,-1.107751,-5.383618,4.67272,-28.916636921560794,9.694094295526613
05/11/2023 12:33:25.543050,1484,True,True,True,True,Eyes,1.258497,-0.2740031,-3.562007,-0.4490069,-0.01416914,0.8934159,0.0,0.0,0.0,0.0,0.0,0.0,0.0,0.07284248,0.3981591,3.779892,1.259655,-0.2690129,-3.576636,0.01156704,-0.1750017,0.03536296,0.9838649,2.013671,339.8945,3.759968,0.331904,-0.0729705,-0.940486,0,0,0,0.8037935,-0.2280323,-2.633653,-0.09862056,0.08422531,1.040137,0.9362478,0.06553625,0.3451741,-0.07363325,0.9972313,0.01038365,-0.3435379,-0.03513795,0.9384813,moving,-26.68287,-0.9086072,-5.416305,4.629436,-28.868549819834953,9.895734773505497
05/11/2023 12:33:25.563382,1485,True,True,True,True,Eyes,1.258706,-0.2737618,-3.562184,-0.4483815,-0.01115057,0.8937728,0.0,0.0,0.0,0.0,0.0,0.0,0.0,0.06703734,0.3860874,3.781567,1.259868,-0.2688381,-3.576908,0.01000015,-0.1743227,0.03503362,0.9840144,1.827752,339.968,3.755216,0.3319393,-0.07290744,-0.9404784,0,0,0,0.8047761,-0.2249692,-2.633033,-0.0989655,0.08376367,1.040732,0.9367685,0.06546065,0.3437729,-0.07243366,0.9973453,0.007466263,-0.3423714,-0.03189489,0.9390231,moving,-26.64168,-0.7147764,-5.43205,4.601553,-28.820688167574588,10.09200264465201
05/11/2023 12:33:25.583161,1486,True,True,True,True,Eyes,1.258916,-0.2735214,-3.562361,-0.4477362,-0.008116806,0.8941289,0.0,0.0,0.0,0.0,0.0,0.0,0.0,0.06187105,0.3734908,3.783144,1.260048,-0.2685673,-3.577101,0.008397381,-0.1737375,0.03459717,0.9841483,1.636028,340.0302,3.738692,0.3319747,-0.0728439,-0.9404709,0,0,0,0.8057525,-0.2219252,-2.632416,-0.09914234,0.08304339,1.041279,0.9372366,0.06517961,0.342548,-0.07101537,0.997465,0.004506883,-0.341386,-0.02855019,0.9394895,moving,-26.59948,-0.5201107,-5.438853,4.559762,-28.771782049846152,10.28912146439875
05/11/2023 12:33:25.593096,1487,True,True,True,True,Eyes,1.259125,-0.2732826,-3.562542,-0.4470929,-0.005224445,0.8944723,0.0,0.0,0.0,0.0,0.0,0.0,0.0,0.05638993,0.360835,3.784684,1.260283,-0.268374,-3.577272,0.006775387,-0.1731178,0.03416245,0.9842853,1.442062,340.0963,3.722596,0.3320102,-0.07277995,-0.9404633,0,0,0,0.8067211,-0.2189053,-2.631805,-0.09945789,0.08234242,1.041826,0.9377263,0.06490529,0.3412576,-0.06959705,0.997574,0.001509571,-0.3403317,-0.02516608,0.9399686,moving,-26.55771,-0.3346501,-5.453215,4.519072,-28.723612271562892,10.476929622193415
05/11/2023 12:33:25.613156,1488,True,True,True,True,Eyes,1.259333,-0.2730453,-3.562722,-0.446435,-0.002334681,0.8948131,0.0,0.0,0.0,0.0,0.0,0.0,0.0,0.05194438,0.3497593,3.786082,1.260474,-0.2681881,-3.577531,0.005356215,-0.1726119,0.03380734,0.9843951,1.273008,340.1501,3.711146,0.3320457,-0.07271566,-0.9404557,0,0,0,0.8076616,-0.2159733,-2.631211,-0.09947899,0.08200338,1.042433,0.9381244,0.06471047,0.3401987,-0.06840865,0.9976568,-0.001125834,-0.3394744,-0.02221636,0.9403529,moving,-26.51526,-0.1494917,-5.451207,4.497931,-28.674767774700463,10.664436742469086
05/11/2023 12:33:25.632642,1489,True,True,True,True,Eyes,1.259541,-0.2728054,-3.562902,-0.4458097,0.0004410237,0.8951277,0.0,0.0,0.0,0.0,0.0,0.0,0.0,0.04713929,0.3392971,3.787305,1.260672,-0.2680116,-3.577695,0.004033561,-0.1720707,0.03335237,0.9845116,1.11276,340.208,3.686409,0.3320812,-0.07265113,-0.9404482,0,0,0,0.8086798,-0.2127989,-2.630569,-0.0995205,0.08204966,1.042955,0.9385586,0.06428347,0.3390802,-0.0670597,0.9977427,-0.003535753,-0.3385421,-0.0194201,0.9407508,moving,-26.47515,0.02822926,-5.450753,4.498214,-28.62852449985666,10.8444078463771
05/11/2023 12:33:25.642632,1490,True,True,True,True,Eyes,1.259746,-0.2725669,-3.563083,-0.4451877,0.003227428,0.8954314,0.0,0.0,0.0,0.0,0.0,0.0,0.0,0.04350948,0.3287735,3.788479,1.260763,-0.2677293,-3.577898,0.002721175,-0.1716663,0.03290938,0.9846017,0.9544433,340.2502,3.662539,0.3321167,-0.07258629,-0.9404407,0,0,0,0.8095437,-0.2101054,-2.630023,-0.09937268,0.08153044,1.043486,0.9388953,0.06387099,0.3382249,-0.06573953,0.9978191,-0.005940318,-0.3378667,-0.01665741,0.9410466,moving,-26.4355,0.2065118,-5.439952,4.467598,-28.582725881344352,11.024943728382311
05/11/2023 12:33:25.662732,1491,True,True,True,True,Eyes,1.259943,-0.2723319,-3.563272,-0.4445936,0.005925858,0.8957127,0.0,0.0,0.0,0.0,0.0,0.0,0.0,0.04069483,0.3173466,3.789713,1.260923,-0.2675478,-3.578097,0.001285247,-0.1713805,0.03242501,0.9846705,0.7818317,340.2781,3.63621,0.3321521,-0.07252122,-0.9404331,0,0,0,0.8105198,-0.2070624,-2.629407,-0.09889397,0.08117478,1.04411,0.9391547,0.06341535,0.3375899,-0.06429642,0.9978939,-0.008582934,-0.3374232,-0.01364511,0.9412541,moving,-26.39784,0.379052,-5.410691,4.445544,-28.5391202098372,11.199659938708573
05/11/2023 12:33:25.683435,1492,True,True,True,True,Eyes,1.260139,-0.272102,-3.563463,-0.4440053,0.008612657,0.8959827,0.0,0.0,0.0,0.0,0.0,0.0,0.0,0.03845942,0.3065102,3.790982,1.261085,-0.2673844,-3.578427,-7.678449e-05,-0.1711593,0.03197542,0.9847244,0.6184946,340.2989,3.612251,0.3321872,-0.07245603,-0.9404258,0,0,0,0.8114919,-0.2040318,-2.628793,-0.09823403,0.0809859,1.044865,0.9393641,0.06300024,0.3370845,-0.06294766,0.9979551,-0.011097,-0.3370944,-0.01079456,0.941409,moving,-26.36077,0.5507402,-5.370933,4.432049,-28.496136677738868,11.373510710022154
05/11/2023 12:33:25.693796,1493,True,True,True,True,Eyes,1.260331,-0.2718701,-3.563651,-0.443437,0.01117782,0.8962358,0.0,0.0,0.0,0.0,0.0,0.0,0.0,0.03619432,0.2975011,3.792002,1.261273,-0.2672984,-3.578664,-0.001219775,-0.1709284,0.0316171,0.9847754,0.4816402,340.3216,3.594268,0.332222,-0.07239085,-0.9404185,0,0,0,0.8124633,-0.2010031,-2.62818,-0.09762168,0.08136666,1.045511,0.9395677,0.06268846,0.336575,-0.06185449,0.9979978,-0.01321092,-0.3367292,-0.008406108,0.941564,moving,-26.32516,0.7145539,-5.334365,4.450059,-28.45488271776695,11.539389396414544
05/11/2023 12:33:25.712940,1494,True,True,True,True,Eyes,1.260522,-0.2716366,-3.563836,-0.4428729,0.01373102,0.8964793,0.0,0.0,0.0,0.0,0.0,0.0,0.0,0.03429222,0.2883943,3.792874,1.261411,-0.2670123,-3.578797,-0.002349087,-0.170743,0.0312717,0.9848165,0.3467564,340.339,3.577413,0.3322564,-0.07232565,-0.9404114,0,0,0,0.8134389,-0.1979617,-2.627564,-0.09690687,0.08158845,1.04606,0.9397378,0.06239593,0.336154,-0.06079157,0.9980331,-0.01530568,-0.3364478,-0.006052003,0.9416826,moving,-26.28999,0.8775085,-5.292766,4.459808,-28.41410009919091,11.704396464713188
05/11/2023 12:33:25.722989,1495,True,True,True,True,Eyes,1.260711,-0.2714062,-3.564018,-0.4421332,0.01632519,0.8968008,0.0,0.0,0.0,0.0,0.0,0.0,0.0,0.03194916,0.2798414,3.79366,1.261575,-0.2667571,-3.57889,-0.003391654,-0.1705118,0.03081536,0.9848679,0.2193348,340.3621,3.546306,0.3322904,-0.07226039,-0.9404044,0,0,0,0.8144169,-0.1949126,-2.626947,-0.09633967,0.08196755,1.046569,0.9399523,0.06185475,0.3356541,-0.05954149,0.9980778,-0.01718942,-0.3360722,-0.003828105,0.9418284,moving,-26.24383,1.042886,-5.259416,4.478277,-28.36217201461512,11.871926739723474
05/11/2023 12:33:25.743064,1496,True,True,True,True,Eyes,1.260901,-0.2711884,-3.564194,-0.4413847,0.018877,0.8971194,0.0,0.0,0.0,0.0,0.0,0.0,0.0,0.0287708,0.2705975,3.794486,1.26175,-0.2665974,-3.578979,-0.004498172,-0.170194,0.03009532,0.9849406,0.07925269,340.3951,3.486617,0.3323241,-0.07219517,-0.9403974,0,0,0,0.815291,-0.1921875,-2.626395,-0.09615371,0.08185748,1.047058,0.9402565,0.06081532,0.3349912,-0.05775308,0.9981481,-0.01910494,-0.3355327,-0.00138322,0.9420276,moving,-26.19729,1.205428,-5.246883,4.470207,-28.30995476780246,12.036592414686238
05/11/2023 12:33:25.762991,1497,True,True,True,True,Eyes,1.261101,-0.2709823,-3.564362,-0.4404751,0.02143991,0.8975088,0.0,0.0,0.0,0.0,0.0,0.0,0.0,0.02451169,0.2652065,3.795034,1.261977,-0.2666932,-3.579037,-0.005201683,-0.1696992,0.02981339,0.9850311,359.9926,340.4501,3.468494,0.3323576,-0.07213032,-0.9403906,0,0,0,0.8162739,-0.1891231,-2.625775,-0.09615067,0.08340491,1.047462,0.9406267,0.06049968,0.3340078,-0.05696879,0.9981682,-0.02036626,-0.3346281,0.000129023,0.9423503,moving,-26.14066,1.368436,-5.244709,4.552613,-28.247562742440643,12.201796563812309
05/11/2023 12:33:25.783310,1498,True,True,True,True,Eyes,1.261304,-0.2707839,-3.564525,-0.4395367,0.02389159,0.8979069,0.0,0.0,0.0,0.0,0.0,0.0,0.0,0.01886928,0.2640067,3.79523,1.262126,-0.2667772,-3.579064,-0.005372592,-0.1689965,0.02967181,0.9851554,359.9681,340.5311,3.455803,0.3323912,-0.07206613,-0.9403837,0,0,0,0.8172147,-0.18619,-2.625181,-0.0965417,0.08597957,1.047673,0.9411195,0.06027858,0.3326568,-0.05664679,0.9981814,-0.02061454,-0.3332944,0.0005568087,0.9428226,moving,-26.08232,1.524172,-5.264862,4.691589,-28.18368862215459,12.359658985745206
05/11/2023 12:33:25.793209,1499,True,True,True,True,Eyes,1.261524,-0.2705826,-3.564681,-0.4384955,0.02632124,0.8983479,0.0,0.0,0.0,0.0,0.0,0.0,0.0,0.01217377,0.2653996,3.795314,1.262387,-0.2667556,-3.579135,-0.005176309,-0.1681686,0.02946399,0.9853043,359.9833,340.6281,3.428503,0.332425,-0.07200273,-0.9403766,0,0,0,0.8181677,-0.183219,-2.62458,-0.09728369,0.0892096,1.047885,0.9417024,0.05980297,0.3310895,-0.056321,0.9982102,-0.02011031,-0.3316996,0.0002906446,0.9433851,moving,-26.01762,1.678264,-5.304029,4.866029,-28.11346492729649,12.515901472167583
05/11/2023 12:33:25.812983,1500,True,True,True,True,Eyes,1.261744,-0.2703766,-3.564832,-0.4374077,0.02871184,0.8988048,0.0,0.0,0.0,0.0,0.0,0.0,0.0,0.004415274,0.265319,3.795467,1.262594,-0.2665022,-3.57922,-0.005158969,-0.1671957,0.02931206,0.9854744,359.979,340.7411,3.410981,0.3324594,-0.07193998,-0.9403692,0,0,0,0.8191703,-0.1800934,-2.623947,-0.09822273,0.09203187,1.048103,0.9423727,0.05949769,0.3292318,-0.05604746,0.9982284,-0.01996977,-0.3298367,0.0003663598,0.9440379,moving,-25.95009,1.829661,-5.353826,5.01816,-28.040480583380855,12.669437761439074
05/11/2023 12:33:25.832558,1501,True,True,True,True,Eyes,1.261985,-0.27017,-3.564976,-0.4362377,0.03114155,0.8992924,0.0,0.0,0.0,0.0,0.0,0.0,0.0,-0.00505197,0.2602463,3.795907,1.262808,-0.2661883,-3.579263,-0.005754621,-0.1660375,0.02885527,0.9856804,359.899,340.8737,3.37066,0.3324943,-0.07187768,-0.9403616,0,0,0,0.8201169,-0.177142,-2.623349,-0.09973747,0.09322423,1.04835,0.9431978,0.0587951,0.3269877,-0.05497317,0.9982685,-0.02092654,-0.3276519,0.001762321,0.9447969,moving,-25.87756,1.9833,-5.434625,5.081646,-27.962387947321616,12.825274400773251
05/11/2023 12:33:25.848264,1502,True,True,True,True,Eyes,1.262224,-0.2699676,-3.565114,-0.4350137,0.03354605,0.8997988,0.0,0.0,0.0,0.0,0.0,0.0,0.0,-0.01494288,0.2542563,3.796441,1.263057,-0.2659982,-3.579353,-0.00648849,-0.1648278,0.02838931,0.9858925,359.8032,341.0117,3.331731,0.3325304,-0.07181579,-0.9403536,0,0,0,0.8210777,-0.1741467,-2.622743,-0.101362,0.09429988,1.048675,0.9440517,0.05811657,0.3246365,-0.05383864,0.9983039,-0.0221526,-0.3253734,0.003435213,0.9455793,moving,-25.80175,2.135097,-5.520899,5.138383,-27.88105345305138,12.979270359672068
05/11/2023 12:33:25.863091,1503,True,True,True,True,Eyes,1.262454,-0.2697734,-3.565248,-0.4337274,0.03599817,0.9003247,0.0,0.0,0.0,0.0,0.0,0.0,0.0,-0.02581799,0.2479421,3.796846,1.263245,-0.2659128,-3.579342,-0.007335545,-0.1634644,0.02822756,0.9861181,359.6998,341.1671,3.329062,0.3325675,-0.07175439,-0.9403452,0,0,0,0.8220224,-0.1712015,-2.622146,-0.1032459,0.09537397,1.048864,0.9449652,0.05806961,0.3219762,-0.05327322,0.9982988,-0.02369583,-0.3228045,0.005239027,0.9464512,moving,-25.72223,2.289669,-5.621852,5.195661,-27.795891975385153,13.136097013838004
05/11/2023 12:33:25.883237,1504,True,True,True,True,Eyes,1.262685,-0.2695836,-3.565383,-0.4324052,0.03840011,0.9008614,0.0,0.0,0.0,0.0,0.0,0.0,0.0,-0.03524101,0.2410987,3.797256,1.263366,-0.2659171,-3.579346,-0.008253597,-0.1622834,0.02803374,0.9863114,359.5885,341.3011,3.323892,0.3326053,-0.07169365,-0.9403365,0,0,0,0.8229911,-0.1681815,-2.621535,-0.1046457,0.0964324,1.049111,0.9457564,0.05797884,0.3196611,-0.05262115,0.998292,-0.02538005,-0.3205867,0.007182412,0.947192,moving,-25.64058,2.440812,-5.696244,5.251769,-27.708698855845384,13.289470614856818
05/11/2023 12:33:25.893207,1505,True,True,True,True,Eyes,1.262925,-0.2693971,-3.565509,-0.4310635,0.04078543,0.9013993,0.0,0.0,0.0,0.0,0.0,0.0,0.0,-0.04446447,0.2371191,3.797623,1.263606,-0.2658415,-3.579493,-0.008752977,-0.1611408,0.02770261,0.9865038,359.5221,341.4321,3.295199,0.3326437,-0.07163362,-0.9403275,0,0,0,0.8239125,-0.165309,-2.620953,-0.10612,0.09804346,1.049458,0.9465324,0.05747838,0.317447,-0.05183654,0.9983119,-0.02619773,-0.3184169,0.008341651,0.9479141,moving,-25.55787,2.590683,-5.77406,5.337248,-27.62048036588706,13.441565092630047
05/11/2023 12:33:25.913271,1506,True,True,True,True,Eyes,1.263166,-0.2692085,-3.565633,-0.4296777,0.04315246,0.9019507,0.0,0.0,0.0,0.0,0.0,0.0,0.0,-0.05469036,0.2337624,3.797735,1.263842,-0.2657515,-3.579456,-0.009206232,-0.1598593,0.02757012,0.9867119,359.4641,341.5793,3.287913,0.332683,-0.07157433,-0.9403182,0,0,0,0.8249139,-0.1621871,-2.620321,-0.1077963,0.1000986,1.049611,0.9473698,0.05735092,0.3149624,-0.05146411,0.9983103,-0.02698247,-0.3159777,0.00935312,0.9487205,moving,-25.47253,2.739141,-5.863787,5.447672,-27.529660350829054,13.592248342132306
05/11/2023 12:33:25.923110,1507,True,True,True,True,Eyes,1.263424,-0.2690189,-3.565751,-0.4283313,0.04555491,0.9024728,0.0,0.0,0.0,0.0,0.0,0.0,0.0,-0.06518936,0.2268209,3.798089,1.264048,-0.2655265,-3.579505,-0.01010079,-0.158551,0.02732408,0.986921,359.3541,341.7281,3.275666,0.3327231,-0.07151565,-0.9403085,0,0,0,0.8259512,-0.1589529,-2.619666,-0.1094706,0.1011644,1.049932,0.94823,0.05713639,0.3124027,-0.05073043,0.9983027,-0.02860189,-0.3135067,0.01127285,0.949519,moving,-25.38993,2.889716,-5.952405,5.503644,-27.441529415301268,13.74505394051755
05/11/2023 12:33:25.948674,1508,True,True,True,True,Eyes,1.26368,-0.2688302,-3.565869,-0.4269565,0.04795173,0.9029999,0.0,0.0,0.0,0.0,0.0,0.0,0.0,-0.07457817,0.2178699,3.798616,1.264233,-0.2653655,-3.579638,-0.01125066,-0.1573912,0.0269845,0.9871035,359.2141,341.8588,3.257292,0.3327643,-0.0714575,-0.9402983,0,0,0,0.8267751,-0.1563846,-2.619146,-0.1110921,0.1010578,1.050351,0.9489997,0.0568145,0.3101156,-0.04973149,0.9982905,-0.03070538,-0.31133,0.01371688,0.9502029,moving,-25.30573,3.039705,-6.037537,5.495707,-27.351806784966556,13.897277669346785
05/11/2023 12:33:25.962651,1509,True,True,True,True,Eyes,1.263928,-0.2686405,-3.565987,-0.4256212,0.05033679,0.9035003,0.0,0.0,0.0,0.0,0.0,0.0,0.0,-0.08341789,0.2096347,3.799047,1.264421,-0.2652141,-3.579744,-0.01230799,-0.1563004,0.02666936,0.9872728,359.0852,341.9818,3.239771,0.3328066,-0.07139984,-0.9402876,0,0,0,0.8276966,-0.1535114,-2.618565,-0.1124425,0.101455,1.050778,0.9497178,0.05650735,0.3079658,-0.04881237,0.9982746,-0.03263954,-0.3092788,0.01596581,0.9508374,moving,-25.2242,3.188828,-6.107911,5.514946,-27.264801066048634,14.048607934523615
05/11/2023 12:33:25.983346,1510,True,True,True,True,Eyes,1.264173,-0.2684499,-3.566103,-0.4242688,0.05273794,0.9039992,0.0,0.0,0.0,0.0,0.0,0.0,0.0,-0.09136462,0.2003965,3.799455,1.264649,-0.2650129,-3.579776,-0.01348693,-0.1553364,0.02634179,0.9874183,358.9428,342.0898,3.222887,0.3328496,-0.07134261,-0.9402768,0,0,0,0.828679,-0.1504488,-2.617944,-0.1135146,0.101727,1.051228,0.9503534,0.05621075,0.3060535,-0.0478307,0.9982485,-0.03481817,-0.3074746,0.01845081,0.9513774,moving,-25.14181,3.338764,-6.16308,5.527285,-27.176902635455427,14.20076600384885
05/11/2023 12:33:25.993049,1511,True,True,True,True,Eyes,1.264428,-0.2682563,-3.566216,-0.4229681,0.0551743,0.9044632,0.0,0.0,0.0,0.0,0.0,0.0,0.0,-0.09903991,0.1900306,3.799931,1.264827,-0.2648191,-3.579871,-0.0148078,-0.1544034,0.02597081,0.9875556,358.7837,342.1936,3.203389,0.3328932,-0.07128574,-0.9402657,0,0,0,0.8296168,-0.1475248,-2.617352,-0.1145258,0.1015485,1.051751,0.9509702,0.05586798,0.3041948,-0.04672248,0.9982125,-0.03726701,-0.305733,0.02122708,0.9518806,moving,-25.06293,3.490847,-6.214489,5.514921,-27.09246759332759,14.355071622752224
05/11/2023 12:33:26.013367,1512,True,True,True,True,Eyes,1.264678,-0.2680637,-3.566328,-0.4216562,0.05762945,0.9049226,0.0,0.0,0.0,0.0,0.0,0.0,0.0,-0.1059831,0.1795388,3.800369,1.265058,-0.2645963,-3.579929,-0.0161187,-0.1535802,0.02549272,0.9876757,358.6242,342.2849,3.171455,0.3329376,-0.07122913,-0.9402542,0,0,0,0.8306163,-0.144409,-2.616722,-0.1153139,0.101484,1.05231,0.9515265,0.05530812,0.3025531,-0.04540606,0.9981806,-0.03967046,-0.3041967,0.02400975,0.9523066,moving,-24.98356,3.643927,-6.253618,5.508529,-27.007506320901136,14.510388631580238
05/11/2023 12:33:26.023221,1513,True,True,True,True,Eyes,1.264919,-0.267872,-3.566442,-0.4204277,0.06019214,0.9053273,0.0,0.0,0.0,0.0,0.0,0.0,0.0,-0.1127775,0.168755,3.800806,1.265198,-0.2644486,-3.580037,-0.01747259,-0.1527638,0.02499106,0.9877923,358.4595,342.3753,3.13737,0.3329827,-0.07117278,-0.9402425,0,0,0,0.831571,-0.1414324,-2.616119,-0.1160496,0.1012486,1.052893,0.9520773,0.0547103,0.3009245,-0.04403358,0.9981403,-0.04215403,-0.3026711,0.02688312,0.9527159,moving,-24.90983,3.803804,-6.289736,5.492803,-26.92799983718598,14.672540864983683
05/11/2023 12:33:26.043098,1514,True,True,True,True,Eyes,1.265157,-0.2676811,-3.566562,-0.4192065,0.06275038,0.9057198,0.0,0.0,0.0,0.0,0.0,0.0,0.0,-0.1186703,0.1563888,3.801296,1.265339,-0.2643046,-3.580147,-0.01900027,-0.1520778,0.02430675,0.987887,358.2724,342.4503,3.085617,0.333028,-0.07111669,-0.9402307,0,0,0,0.8325204,-0.1384727,-2.61552,-0.1165654,0.1005333,1.053555,0.9525631,0.05380368,0.2995477,-0.04224561,0.9980963,-0.04493328,-0.301395,0.03014721,0.9530227,moving,-24.83675,3.963252,-6.31353,5.450826,-26.849161964482626,14.83425497844059
05/11/2023 12:33:26.062752,1515,True,True,True,True,Eyes,1.265399,-0.2674899,-3.566672,-0.4182186,0.06553264,0.9059795,0.0,0.0,0.0,0.0,0.0,0.0,0.0,-0.1231278,0.1470904,3.801807,1.265499,-0.2641518,-3.5804,-0.02018621,-0.1515436,0.02402923,0.9879523,358.1317,342.5084,3.074027,0.3330736,-0.07106084,-0.9402187,0,0,0,0.8334864,-0.1354609,-2.61491,-0.1166079,0.1007649,1.054333,0.9529143,0.05359766,0.2984656,-0.04136128,0.9980302,-0.04716898,-0.3004059,0.03260307,0.953254,moving,-24.77901,4.137197,-6.311195,5.459303,-26.785291841379227,15.010525545042679
05/11/2023 12:33:26.082311,1516,True,True,True,True,Eyes,1.26564,-0.2672952,-3.566789,-0.4172378,0.06831624,0.906226,0.0,0.0,0.0,0.0,0.0,0.0,0.0,-0.1270792,0.1346161,3.802105,1.265604,-0.2640113,-3.580337,-0.02177098,-0.1510948,0.0236097,0.9879975,357.9435,342.5554,3.053357,0.3331194,-0.07100521,-0.9402067,0,0,0,0.8344154,-0.1325647,-2.614324,-0.1166011,0.1000054,1.054888,0.9532259,0.05323161,0.2975346,-0.04007369,0.9979372,-0.05015394,-0.2995906,0.03588473,0.9533927,moving,-24.72194,4.311112,-6.307534,5.415565,-26.722097316677065,15.186761309714008
05/11/2023 12:33:26.092869,1517,True,True,True,True,Eyes,1.265878,-0.2670967,-3.566905,-0.4164161,0.07123673,0.906379,0.0,0.0,0.0,0.0,0.0,0.0,0.0,-0.1303663,0.1239307,3.802675,1.265802,-0.2637456,-3.580625,-0.0230414,-0.1507422,0.0229048,0.9880391,357.7863,342.593,2.994912,0.3331655,-0.07094969,-0.9401946,0,0,0,0.8353676,-0.1295961,-2.613722,-0.1164182,0.09965693,1.055787,0.9535043,0.05220829,0.2968229,-0.03831505,0.997889,-0.05243704,-0.2989339,0.03862616,0.9534917,moving,-24.67538,4.493916,-6.292404,5.392239,-26.66919213876629,15.371915167108423
05/11/2023 12:33:26.112888,1518,True,True,True,True,Eyes,1.26611,-0.2669008,-3.567023,-0.4156044,0.0741926,0.9065145,0.0,0.0,0.0,0.0,0.0,0.0,0.0,-0.1346365,0.1130547,3.802961,1.265901,-0.2634941,-3.58071,-0.02438097,-0.1502452,0.02240048,0.9880943,357.6244,342.6468,2.959967,0.3332117,-0.07089417,-0.9401824,0,0,0,0.8363557,-0.1265158,-2.613099,-0.116415,0.09941201,1.056461,0.9538491,0.05159381,0.2958205,-0.03694132,0.9978076,-0.05491252,-0.2980051,0.04145026,0.9536639,moving,-24.62976,4.678876,-6.288249,5.375653,-26.61716237085613,15.559242810026284
05/11/2023 12:33:26.123394,1519,True,True,True,True,Eyes,1.26634,-0.2667067,-3.567146,-0.4148785,0.07718354,0.9065973,0.0,0.0,0.0,0.0,0.0,0.0,0.0,-0.1372015,0.0984139,3.803478,1.265988,-0.2633939,-3.580901,-0.02627428,-0.1499592,0.02209478,0.988096,357.4038,342.6736,2.957582,0.3332578,-0.0708387,-0.9401702,0,0,0,0.8373134,-0.1235299,-2.612494,-0.1159061,0.09817393,1.057386,0.9540481,0.05154368,0.2951871,-0.03578339,0.9976429,-0.05854966,-0.2975093,0.0452964,0.9536438,moving,-24.58986,4.866167,-6.255544,5.304472,-26.570815132162267,15.74888932005302
05/11/2023 12:33:26.143359,1520,True,True,True,True,Eyes,1.266568,-0.2665129,-3.567275,-0.4141693,0.08014296,0.9066647,0.0,0.0,0.0,0.0,0.0,0.0,0.0,-0.139286,0.08780667,3.80393,1.266186,-0.2632742,-3.581125,-0.02759987,-0.1497466,0.02166307,0.9881017,357.2456,342.6943,2.931137,0.3333039,-0.07078335,-0.9401581,0,0,0,0.8382592,-0.1205814,-2.611897,-0.1153813,0.0979712,1.058288,0.9542133,0.05107661,0.2947339,-0.03454466,0.9975379,-0.0610309,-0.2971254,0.04805502,0.9536285,moving,-24.55117,5.051426,-6.222176,5.289093,-26.5257531888886,15.936473092760142
05/11/2023 12:33:26.163183,1521,True,True,True,True,Eyes,1.266781,-0.2663101,-3.567406,-0.4135231,0.08309714,0.9066938,0.0,0.0,0.0,0.0,0.0,0.0,0.0,-0.1404785,0.07922444,3.804371,1.266356,-0.2631046,-3.581392,-0.02867294,-0.149633,0.02138169,0.9880945,357.1189,342.7042,2.917583,0.3333497,-0.07072808,-0.940146,0,0,0,0.8392215,-0.1175812,-2.61129,-0.1145466,0.09835768,1.059209,0.9543055,0.05083508,0.294477,-0.03367341,0.9974414,-0.06306195,-0.2969293,0.05026432,0.9535756,moving,-24.51669,5.236445,-6.172181,5.305245,-26.48493812071591,16.123786117674616
05/11/2023 12:33:26.181715,1522,True,True,True,True,Eyes,1.266993,-0.2661079,-3.567542,-0.4128815,0.08607911,0.9067079,0.0,0.0,0.0,0.0,0.0,0.0,0.0,-0.1426641,0.06533752,3.804695,1.266551,-0.2627061,-3.581503,-0.03039653,-0.1494178,0.02093213,0.9880852,356.9152,342.7238,2.895943,0.333395,-0.07067266,-0.940134,0,0,0,0.8401718,-0.1146184,-2.61069,-0.114075,0.09706045,1.060082,0.9544723,0.05044901,0.2940025,-0.03228188,0.9972758,-0.06632399,-0.2965476,0.05381346,0.9535007,moving,-24.48278,5.423171,-6.141941,5.231381,-26.444640715017556,16.31282138591509
05/11/2023 12:33:26.193177,1523,True,True,True,True,Eyes,1.267196,-0.265906,-3.567684,-0.4122833,0.08898364,0.9066998,0.0,0.0,0.0,0.0,0.0,0.0,0.0,-0.1449385,0.05124605,3.805092,1.266695,-0.2625519,-3.581746,-0.0321874,-0.1491757,0.02052752,0.9880735,356.7047,342.7462,2.88042,0.3334397,-0.07061711,-0.9401224,0,0,0,0.8411173,-0.1116709,-2.610093,-0.1135563,0.09586331,1.061087,0.9546505,0.05016856,0.2934717,-0.03096224,0.9970852,-0.06973144,-0.2961146,0.05748261,0.9534211,moving,-24.45166,5.605067,-6.108476,5.162339,-26.407311691565937,16.49695416680145
05/11/2023 12:33:26.212832,1524,True,True,True,True,Eyes,1.267397,-0.2657048,-3.567831,-0.4116873,0.09190099,0.9066795,0.0,0.0,0.0,0.0,0.0,0.0,0.0,-0.1473066,0.03942257,3.805401,1.26683,-0.2623755,-3.581986,-0.03366834,-0.1489164,0.02010244,0.988072,356.5288,342.7719,2.857052,0.3334836,-0.07056145,-0.940111,0,0,0,0.8420798,-0.1086701,-2.609486,-0.1130498,0.0953204,1.06204,0.9548396,0.04975285,0.2929266,-0.02969778,0.9969247,-0.07252067,-0.2956338,0.06054633,0.9533807,moving,-24.42092,5.787731,-6.076021,5.128678,-26.370339970863157,16.68186098207177
05/11/2023 12:33:26.222948,1525,True,True,True,True,Eyes,1.267588,-0.2655014,-3.567981,-0.4110981,0.09477884,0.9066507,0.0,0.0,0.0,0.0,0.0,0.0,0.0,-0.1495441,0.0269593,3.805701,1.266979,-0.2622183,-3.582242,-0.03524267,-0.1486739,0.01971058,0.9880615,356.343,342.7951,2.839062,0.3335267,-0.07050571,-0.9400998,0,0,0,0.8430932,-0.1055107,-2.608846,-0.1124418,0.09476911,1.063067,0.9550151,0.04942986,0.2924086,-0.02847119,0.9967389,-0.07550476,-0.2951872,0.06378297,0.953308,moving,-24.39073,5.967872,-6.037792,5.094275,-26.334005187059716,16.864212982842325
05/11/2023 12:33:26.243221,1526,True,True,True,True,Eyes,1.267778,-0.2652958,-3.568138,-0.4105082,0.09768563,0.9066094,0.0,0.0,0.0,0.0,0.0,0.0,0.0,-0.1521282,0.01335672,3.805888,1.267176,-0.2619832,-3.58242,-0.0369482,-0.1483994,0.01925549,0.9880495,356.1412,342.8218,2.815978,0.3335689,-0.07044983,-0.940089,0,0,0,0.8440152,-0.102636,-2.608264,-0.1121111,0.09356148,1.064008,0.9552137,0.04901693,0.2918289,-0.02708457,0.9965281,-0.0787283,-0.2946747,0.0672983,0.9532249,moving,-24.36078,6.149798,-6.014875,5.025265,-26.297853224581132,17.04836829741395
05/11/2023 12:33:26.263107,1527,True,True,True,True,Eyes,1.267936,-0.2650924,-3.568304,-0.4098865,0.1005483,0.9065777,0.0,0.0,0.0,0.0,0.0,0.0,0.0,-0.1546508,-0.0006527603,3.80612,1.26733,-0.2617531,-3.582712,-0.03871945,-0.1481202,0.01886548,0.988031,355.933,342.8486,2.801316,0.3336102,-0.07039376,-0.9400786,0,0,0,0.8450022,-0.09955924,-2.607641,-0.1116148,0.0924379,1.065096,0.9554089,0.04874963,0.2912338,-0.0258091,0.9962898,-0.08210074,-0.2941557,0.0709233,0.9531224,moving,-24.32892,6.328794,-5.982375,4.960178,-26.25987468784477,17.229573658979927
05/11/2023 12:33:26.283326,1528,True,True,True,True,Eyes,1.268092,-0.2648888,-3.568473,-0.4092607,0.1034292,0.9065363,0.0,0.0,0.0,0.0,0.0,0.0,0.0,-0.1573317,-0.01570499,3.806201,1.26747,-0.2615958,-3.582911,-0.04062811,-0.1478253,0.01840997,0.9880072,355.708,342.8769,2.781436,0.3336498,-0.07033758,-0.9400688,0,0,0,0.8459861,-0.09649155,-2.60702,-0.1111851,0.09105943,1.066123,0.9556175,0.04839008,0.290609,-0.02436663,0.9960209,-0.08572464,-0.2936008,0.07483881,0.9529941,moving,-24.29705,6.508888,-5.953808,4.881884,-26.22184989450473,17.411889336845626
05/11/2023 12:33:26.292942,1529,True,True,True,True,Eyes,1.268238,-0.2646866,-3.568647,-0.4086169,0.1061987,0.9065065,0.0,0.0,0.0,0.0,0.0,0.0,0.0,-0.1602948,-0.02853811,3.806228,1.267607,-0.2614153,-3.583115,-0.04224765,-0.1474866,0.01800482,0.9879974,355.5166,342.9112,2.76197,0.3336878,-0.07028129,-0.9400595,0,0,0,0.8468913,-0.09366947,-2.606448,-0.1109349,0.09004311,1.067054,0.9558471,0.04803935,0.2899113,-0.02311551,0.9957819,-0.08879206,-0.292954,0.07817019,0.9529257,moving,-24.26395,6.681835,-5.935358,4.823465,-26.18282218894518,17.586986481644587
05/11/2023 12:33:26.313179,1530,True,True,True,True,Eyes,1.268385,-0.2644863,-3.568825,-0.4079722,0.1089765,0.9064673,0.0,0.0,0.0,0.0,0.0,0.0,0.0,-0.1630201,-0.03910431,3.80629,1.267769,-0.2612522,-3.583358,-0.04357773,-0.1471734,0.01766444,0.9879925,355.3592,342.9436,2.744867,0.3337241,-0.07022494,-0.9400508,0,0,0,0.8478981,-0.09053078,-2.605813,-0.1104943,0.08997816,1.068048,0.9560559,0.04773163,0.2892728,-0.02207771,0.9955779,-0.09130839,-0.2923519,0.08090946,0.952882,moving,-24.231,6.855265,-5.906485,4.815535,-26.14392959672159,17.762571014810852
05/11/2023 12:33:26.332819,1531,True,True,True,True,Eyes,1.268519,-0.2642882,-3.56901,-0.4072929,0.1115945,0.9064542,0.0,0.0,0.0,0.0,0.0,0.0,0.0,-0.1657621,-0.05063334,3.806327,1.267945,-0.2611223,-3.583615,-0.04504472,-0.1468593,0.01734661,0.9879791,355.1866,342.9753,2.7326,0.3337588,-0.07016858,-0.9400427,0,0,0,0.8488361,-0.08760652,-2.605221,-0.1101457,0.0894592,1.069056,0.9562628,0.04750666,0.2886251,-0.02104571,0.9953401,-0.0941015,-0.2917506,0.08391145,0.9528066,moving,-24.19559,7.018423,-5.882471,4.783398,-26.102898623280673,17.927785352508163
05/11/2023 12:33:26.342815,1532,True,True,True,True,Eyes,1.268655,-0.2640854,-3.569201,-0.4066085,0.1142161,0.9064349,0.0,0.0,0.0,0.0,0.0,0.0,0.0,-0.1693163,-0.06128001,3.806325,1.26821,-0.2609714,-3.583863,-0.04638984,-0.1464499,0.01700876,0.9879834,355.0272,343.0188,2.715382,0.3337918,-0.07011227,-0.9400352,0,0,0,0.8498551,-0.08442939,-2.604578,-0.1099947,0.08941135,1.07009,0.9565263,0.04719631,0.287802,-0.02002116,0.9951174,-0.09664663,-0.2909581,0.08668292,0.9528008,moving,-24.16005,7.181756,-5.86883,4.776252,-26.061730987790405,18.093177509337313
05/11/2023 12:33:26.362963,1533,True,True,True,True,Eyes,1.268783,-0.2638842,-3.569397,-0.4058616,0.1167366,0.9064485,0.0,0.0,0.0,0.0,0.0,0.0,0.0,-0.1725812,-0.07191107,3.80632,1.268382,-0.2606799,-3.584171,-0.04771723,-0.1460634,0.01669692,0.9879828,354.8703,343.0596,2.700819,0.3338233,-0.07005585,-0.9400283,0,0,0,0.8507673,-0.08158585,-2.604002,-0.1098262,0.08893673,1.071092,0.9567734,0.04693201,0.2870227,-0.01905306,0.9948885,-0.09916522,-0.2902096,0.08940998,0.9527771,moving,-24.12041,7.338422,-5.854459,4.746594,-26.016654874404324,18.25185562392279
05/11/2023 12:33:26.383455,1534,True,True,True,True,Eyes,1.268912,-0.2636805,-3.569597,-0.4051093,0.1192872,0.906453,0.0,0.0,0.0,0.0,0.0,0.0,0.0,-0.175904,-0.08457017,3.806211,1.268558,-0.260517,-3.584443,-0.04933405,-0.1456733,0.01639127,0.9879661,354.6808,343.0995,2.691805,0.3338531,-0.06999939,-0.9400219,0,0,0,0.851719,-0.07861873,-2.603401,-0.1096211,0.08810662,1.07215,0.9570212,0.04676134,0.2862232,-0.01801473,0.9945949,-0.1022563,-0.2894578,0.09270518,0.9526908,moving,-24.08068,7.49692,-5.837871,4.697867,-25.97142776288932,18.412386776938902
05/11/2023 12:33:26.393011,1535,True,True,True,True,Eyes,1.269017,-0.2634797,-3.569802,-0.404337,0.1217483,0.9064706,0.0,0.0,0.0,0.0,0.0,0.0,0.0,-0.1794881,-0.09728974,3.806032,1.268706,-0.2602835,-3.584717,-0.05093883,-0.1452471,0.01602714,0.9879534,354.4914,343.144,2.675605,0.3338814,-0.06994282,-0.9400161,0,0,0,0.8526513,-0.07571208,-2.602813,-0.1095124,0.08713729,1.073182,0.9572929,0.04646556,0.2853618,-0.01687071,0.9942967,-0.1053062,-0.2886274,0.09599458,0.952617,moving,-24.03957,7.649635,-5.826553,4.641963,-25.92500175252956,18.56707961421897
05/11/2023 12:33:26.413216,1536,True,True,True,True,Eyes,1.269124,-0.2632785,-3.570014,-0.40357,0.1242407,0.9064742,0.0,0.0,0.0,0.0,0.0,0.0,0.0,-0.182164,-0.1090405,3.805811,1.268832,-0.2601273,-3.584923,-0.0524371,-0.1449341,0.01573978,0.9879255,354.3158,343.1754,2.666826,0.3339078,-0.06988622,-0.9400109,0,0,0,0.8536678,-0.07254303,-2.602171,-0.1090254,0.08675613,1.074215,0.9574928,0.04629931,0.2847174,-0.01589961,0.9940052,-0.1081704,-0.2880189,0.09904543,0.9524889,moving,-23.99903,7.804289,-5.79528,4.61732,-25.87908575840531,18.72372928308814
05/11/2023 12:33:26.423487,1537,True,True,True,True,Eyes,1.269232,-0.2630779,-3.570228,-0.4026737,0.1268174,0.906516,0.0,0.0,0.0,0.0,0.0,0.0,0.0,-0.1847681,-0.1216858,3.80566,1.268982,-0.2599456,-3.585263,-0.05404655,-0.1446298,0.01543925,0.9878881,354.1273,343.2054,2.658412,0.3339323,-0.06982958,-0.9400064,0,0,0,0.8545971,-0.06964573,-2.601584,-0.108621,0.08582561,1.075355,0.9576877,0.04613798,0.2840872,-0.01487102,0.9936813,-0.1112498,-0.2874249,0.1023179,0.9523224,moving,-23.95076,7.96373,-5.767848,4.563184,-25.82522881155726,18.8852708971624
05/11/2023 12:33:26.443147,1538,True,True,True,True,Eyes,1.269341,-0.2628747,-3.570444,-0.4017914,0.1294189,0.9065398,0.0,0.0,0.0,0.0,0.0,0.0,0.0,-0.1872346,-0.1353477,3.805393,1.269189,-0.2597798,-3.585536,-0.05581726,-0.1443516,0.01525752,0.9878332,353.9226,343.2309,2.666352,0.3339553,-0.06977291,-0.9400024,0,0,0,0.8555585,-0.06664849,-2.600977,-0.1081567,0.08473057,1.076507,0.9578597,0.04625839,0.2834873,-0.01402915,0.9933032,-0.1146812,-0.2868938,0.1058714,0.9520941,moving,-23.90361,8.124729,-5.737254,4.500403,-25.772448221966613,19.048380425134404
05/11/2023 12:33:26.463302,1539,True,True,True,True,Eyes,1.269458,-0.2626699,-3.570656,-0.4008433,0.1320863,0.9065748,0.0,0.0,0.0,0.0,0.0,0.0,0.0,-0.1895022,-0.1479622,3.805074,1.269322,-0.2595412,-3.585784,-0.05743789,-0.1440894,0.01507452,0.9877813,353.735,343.2552,2.671606,0.333977,-0.06971616,-0.939999,0,0,0,0.8564718,-0.06380106,-2.600401,-0.1076602,0.08372667,1.077562,0.9580221,0.04633303,0.2829259,-0.01322829,0.9929473,-0.1178163,-0.2863892,0.109128,0.9518783,moving,-23.85269,8.28956,-5.705543,4.442962,-25.715745399646543,19.215389840640924
05/11/2023 12:33:26.482935,1540,True,True,True,True,Eyes,1.269579,-0.2624663,-3.570872,-0.3999125,0.1347726,0.9065905,0.0,0.0,0.0,0.0,0.0,0.0,0.0,-0.1915545,-0.1616103,3.804624,1.269509,-0.2593284,-3.585954,-0.05915836,-0.1438697,0.01467824,0.9877179,353.5325,343.2753,2.65448,0.3339975,-0.06965927,-0.9399959,0,0,0,0.8574638,-0.06070849,-2.599775,-0.107105,0.08266428,1.078646,0.9581721,0.04601811,0.2824686,-0.01197373,0.9925697,-0.121087,-0.285942,0.11264,0.9516037,moving,-23.80309,8.455597,-5.670643,4.382417,-25.66033191179276,19.383609909520374
05/11/2023 12:33:26.493068,1541,True,True,True,True,Eyes,1.269699,-0.2622625,-3.571093,-0.3989143,0.137494,0.9066216,0.0,0.0,0.0,0.0,0.0,0.0,0.0,-0.1935256,-0.1738827,3.804324,1.269703,-0.2591823,-3.586258,-0.06071217,-0.1436524,0.01433627,0.9876603,353.3498,343.2956,2.640643,0.3340171,-0.0696023,-0.9399931,0,0,0,0.8583846,-0.05783767,-2.599193,-0.1065889,0.08181071,1.079799,0.9583169,0.04576162,0.2820188,-0.01087583,0.992217,-0.1240449,-0.2855003,0.1158071,0.9513561,moving,-23.74954,8.6235,-5.637509,4.332724,-25.600879748074973,19.553743132790324
05/11/2023 12:33:26.513482,1542,True,True,True,True,Eyes,1.26982,-0.2620566,-3.571317,-0.397929,0.1402344,0.9066349,0.0,0.0,0.0,0.0,0.0,0.0,0.0,-0.1958811,-0.1843555,3.804057,1.269897,-0.2589835,-3.586571,-0.06202003,-0.1433814,0.0139961,0.9876232,353.195,343.3233,2.622375,0.3340359,-0.06954524,-0.9399907,0,0,0,0.859395,-0.05468755,-2.598556,-0.106077,0.08168989,1.080971,0.9584917,0.04543076,0.2814774,-0.009860705,0.9919153,-0.1265184,-0.2849495,0.1184913,0.9511906,moving,-23.69704,8.792587,-5.604561,4.321676,-25.54244578627229,19.725066564226136
05/11/2023 12:33:26.522949,1543,True,True,True,True,Eyes,1.269958,-0.261854,-3.571536,-0.3969275,0.1429972,0.9066423,0.0,0.0,0.0,0.0,0.0,0.0,0.0,-0.198375,-0.1968927,3.803618,1.270033,-0.2587556,-3.586878,-0.06359025,-0.1430887,0.0136055,0.9875711,353.0094,343.3526,2.602608,0.3340539,-0.06948803,-0.9399886,0,0,0,0.8603061,-0.0518471,-2.59798,-0.1057002,0.08065711,1.082093,0.958681,0.0450709,0.2808903,-0.008674698,0.9915423,-0.1294934,-0.284351,0.1217062,0.9509637,moving,-23.64378,8.962957,-5.579021,4.262831,-25.48320431057858,19.89769237652191
05/11/2023 12:33:26.543123,1544,True,True,True,True,Eyes,1.270098,-0.261656,-3.571758,-0.3959301,0.1457563,0.9066391,0.0,0.0,0.0,0.0,0.0,0.0,0.0,-0.2013549,-0.2096362,3.803002,1.270153,-0.2586687,-3.587076,-0.06520367,-0.1427341,0.01318279,0.987523,352.8183,343.3893,2.579368,0.3340717,-0.06943078,-0.9399865,0,0,0,0.8612528,-0.04889578,-2.597383,-0.1054315,0.07977413,1.083152,0.9589064,0.04465019,0.2801874,-0.007423023,0.9911494,-0.1325435,-0.2836257,0.125017,0.9507508,moving,-23.59094,9.133041,-5.559526,4.21223,-25.424395150491478,20.070026197753656
05/11/2023 12:33:26.563026,1545,True,True,True,True,Eyes,1.27023,-0.2614588,-3.571983,-0.3948311,0.1483978,0.9066898,0.0,0.0,0.0,0.0,0.0,0.0,0.0,-0.2048888,-0.2199574,3.802576,1.270351,-0.2586057,-3.587377,-0.06653041,-0.1423073,0.01293065,0.9874995,352.6623,343.4344,2.570047,0.3340892,-0.06937361,-0.9399845,0,0,0,0.8622318,-0.04584357,-2.596765,-0.1052771,0.07969256,1.0843,0.9591628,0.04447353,0.2793361,-0.006602498,0.990813,-0.1350777,-0.2827772,0.1277172,0.9506447,moving,-23.53141,9.295179,-5.545593,4.203498,-25.3591118462506,20.23436997671483
05/11/2023 12:33:26.582974,1546,True,True,True,True,Eyes,1.270361,-0.2612597,-3.572209,-0.3937335,0.1510324,0.9067321,0.0,0.0,0.0,0.0,0.0,0.0,0.0,-0.2090932,-0.2277482,3.80216,1.2705,-0.2584215,-3.587626,-0.06752604,-0.1417845,0.01277789,0.9875091,352.5453,343.4917,2.5656,0.3341063,-0.06931652,-0.9399826,0,0,0,0.8632585,-0.04264285,-2.596117,-0.1052199,0.08039446,1.085339,0.9594677,0.04438486,0.2783012,-0.006088284,0.9905539,-0.1369886,-0.2817526,0.1297418,0.9506748,moving,-23.4721,9.456816,-5.537326,4.236341,-25.294066567551468,20.39820569951104
05/11/2023 12:33:26.598051,1547,True,True,True,True,Eyes,1.270511,-0.2610627,-3.572429,-0.392608,0.1535606,0.9067955,0.0,0.0,0.0,0.0,0.0,0.0,0.0,-0.213209,-0.2373956,3.801597,1.270604,-0.2581988,-3.587876,-0.06874053,-0.1412712,0.01250538,0.9875023,352.4016,343.5477,2.551143,0.334123,-0.06925946,-0.9399809,0,0,0,0.8641317,-0.03992038,-2.595566,-0.1053303,0.08006689,1.086296,0.9597721,0.04412028,0.277292,-0.005276066,0.9902368,-0.1392962,-0.2807305,0.1322296,0.9506344,moving,-23.41078,9.611523,-5.538245,4.215439,-25.22722585828901,20.555047510828295
05/11/2023 12:33:26.613017,1548,True,True,True,True,Eyes,1.270663,-0.2608721,-3.572649,-0.3914913,0.156068,0.9068502,0.0,0.0,0.0,0.0,0.0,0.0,0.0,-0.2172024,-0.2453685,3.8011,1.270807,-0.2580786,-3.588062,-0.06980305,-0.1407836,0.01252241,0.9874973,352.2798,343.5992,2.567247,0.3341399,-0.0692025,-0.939979,0,0,0,0.8651134,-0.03685973,-2.594946,-0.1052693,0.08064044,1.087299,0.9600464,0.04438594,0.2762986,-0.005077451,0.9899415,-0.1413866,-0.279795,0.1343347,0.950615,moving,-23.35007,9.764892,-5.529984,4.241622,-25.161043443589286,20.71053232781745
05/11/2023 12:33:26.633050,1549,True,True,True,True,Eyes,1.270834,-0.2606805,-3.572863,-0.3903586,0.1584356,0.9069279,0.0,0.0,0.0,0.0,0.0,0.0,0.0,-0.2212834,-0.2531903,3.800628,1.271003,-0.2580636,-3.588287,-0.07089879,-0.1402809,0.01273752,0.987488,352.1575,343.6508,2.606315,0.3341569,-0.06914576,-0.9399772,0,0,0,0.8660863,-0.03382674,-2.594332,-0.1051662,0.08131255,1.088354,0.9603181,0.04504778,0.2752452,-0.00526481,0.9896223,-0.143597,-0.2788575,0.1364497,0.9505892,moving,-23.28794,9.909274,-5.519279,4.272715,-25.093727452035864,20.85693935096571
05/11/2023 12:33:26.643161,1550,True,True,True,True,Eyes,1.271006,-0.2604856,-3.573078,-0.3892105,0.1607983,0.9070055,0.0,0.0,0.0,0.0,0.0,0.0,0.0,-0.2269532,-0.2584187,3.800164,1.271284,-0.2578649,-3.588436,-0.07156497,-0.1395833,0.0126243,0.9875401,352.0782,343.7297,2.598985,0.3341746,-0.06908922,-0.9399751,0,0,0,0.8670046,-0.0309636,-2.593752,-0.1057805,0.08240739,1.089193,0.9607142,0.04491256,0.2738813,-0.004955453,0.9894382,-0.1448708,-0.2774952,0.1378223,0.9507899,moving,-23.22494,10.05322,-5.547064,4.326704,-25.025549844455767,21.00291131071087
05/11/2023 12:33:26.663313,1551,True,True,True,True,Eyes,1.271196,-0.2602901,-3.573285,-0.3880647,0.1630765,0.9070898,0.0,0.0,0.0,0.0,0.0,0.0,0.0,-0.2330765,-0.2671221,3.799449,1.271487,-0.2576114,-3.588656,-0.07265844,-0.1388208,0.0123601,0.9875712,351.9476,343.8153,2.580897,0.3341928,-0.06903276,-0.9399728,0,0,0,0.8680083,-0.02783468,-2.593119,-0.1063811,0.08270451,1.090197,0.9611521,0.04458595,0.2723946,-0.004239948,0.9891359,-0.1469425,-0.2759869,0.1400791,0.9508991,moving,-23.16187,10.19176,-5.573259,4.338262,-24.95747992581689,21.143417426190137
05/11/2023 12:33:26.682139,1552,True,True,True,True,Eyes,1.271382,-0.2600963,-3.573491,-0.386898,0.1653598,0.9071748,0.0,0.0,0.0,0.0,0.0,0.0,0.0,-0.2389325,-0.2801896,3.798321,1.271668,-0.2574373,-3.588792,-0.07431194,-0.1380992,0.01192556,0.9875547,351.7507,343.8947,2.552797,0.3342121,-0.06897637,-0.93997,0,0,0,0.8689706,-0.02483446,-2.592511,-0.1069894,0.08167779,1.091204,0.9615728,0.04407912,0.2709885,-0.00302946,0.988671,-0.150068,-0.2745333,0.1434804,0.9508127,moving,-23.09761,10.33045,-5.59979,4.280668,-24.888206876176405,21.284083149469794
05/11/2023 12:33:26.698381,1553,True,True,True,True,Eyes,1.271594,-0.2599038,-3.573686,-0.3857585,0.1675438,0.9072593,0.0,0.0,0.0,0.0,0.0,0.0,0.0,-0.2449879,-0.2892513,3.797444,1.27177,-0.2572958,-3.588965,-0.07536794,-0.1373329,0.01116433,0.9875904,351.6165,343.985,2.476771,0.3342322,-0.06892008,-0.939967,0,0,0,0.8698901,-0.02196781,-2.591931,-0.1077847,0.08165756,1.092098,0.9620301,0.04275256,0.2695744,-0.001350588,0.9883901,-0.1519317,-0.2729401,0.1457988,0.9509187,moving,-23.03476,10.46295,-5.63656,4.276123,-24.820557537031284,21.418480414002694
05/11/2023 12:33:26.713931,1554,True,True,True,True,Eyes,1.271805,-0.2597164,-3.57388,-0.3846109,0.1697305,0.90734,0.0,0.0,0.0,0.0,0.0,0.0,0.0,-0.2504174,-0.2975957,3.796592,1.271902,-0.2571696,-3.589082,-0.07638552,-0.1366514,0.01068471,0.9876121,351.4914,344.0635,2.432838,0.3342538,-0.06886391,-0.9399635,0,0,0,0.8708341,-0.01902503,-2.591335,-0.1083198,0.08195059,1.092986,0.9624245,0.04198108,0.2682848,-0.0002283287,0.9881022,-0.1537987,-0.2715495,0.1479584,0.9509833,moving,-22.97152,10.59551,-5.659787,4.287935,-24.752513537173677,21.552940948248626
05/11/2023 12:33:26.723220,1555,True,True,True,True,Eyes,1.272037,-0.2595299,-3.574072,-0.3834929,0.1718042,0.907423,0.0,0.0,0.0,0.0,0.0,0.0,0.0,-0.2558687,-0.3061583,3.795765,1.272078,-0.2571248,-3.589253,-0.07750268,-0.1359705,0.01050333,0.9876209,351.3597,344.139,2.424499,0.3342766,-0.06880801,-0.9399595,0,0,0,0.8718473,-0.015866,-2.590695,-0.1086917,0.08245745,1.094027,0.9628034,0.04182277,0.2669465,0.0003295363,0.987766,-0.1559428,-0.2702026,0.1502303,0.9510107,moving,-22.90978,10.72102,-5.673724,4.310267,-24.686212210836295,21.68026282924704
05/11/2023 12:33:26.742740,1556,True,True,True,True,Eyes,1.272271,-0.259341,-3.574266,-0.3823647,0.1738721,0.9075052,0.0,0.0,0.0,0.0,0.0,0.0,0.0,-0.2611396,-0.3118651,3.795253,1.272366,-0.2569828,-3.589491,-0.07818756,-0.1353201,0.01015114,0.98766,351.2747,344.2145,2.38964,0.3343011,-0.06875236,-0.9399549,0,0,0,0.8727937,-0.01291542,-2.590098,-0.1092454,0.08349258,1.095038,0.9631708,0.04121245,0.2657131,0.001108945,0.9875673,-0.1571928,-0.2688879,0.1516981,0.9511504,moving,-22.84745,10.84606,-5.697208,4.360156,-24.619332315468235,21.80711340062102
05/11/2023 12:33:26.763585,1557,True,True,True,True,Eyes,1.2725,-0.2591471,-3.574457,-0.3812485,0.1758904,0.9075859,0.0,0.0,0.0,0.0,0.0,0.0,0.0,-0.2661881,-0.3192912,3.7946,1.272618,-0.2567443,-3.589751,-0.07902946,-0.1346944,0.0095138,0.9876848,351.1673,344.2889,2.324782,0.3343272,-0.06869685,-0.9399497,0,0,0,0.8737255,-0.01001039,-2.58951,-0.1098252,0.08389772,1.096073,0.9635338,0.04008293,0.2645675,0.002496378,0.9873276,-0.1586753,-0.2675749,0.1535495,0.9512236,moving,-22.78576,10.96797,-5.721872,4.377109,-24.553199981669124,21.93079478554
05/11/2023 12:33:26.782575,1558,True,True,True,True,Eyes,1.272728,-0.2589601,-3.57465,-0.3801283,0.1779471,0.9076549,0.0,0.0,0.0,0.0,0.0,0.0,0.0,-0.2705094,-0.3310502,3.793427,1.27288,-0.2564179,-3.589831,-0.08034505,-0.1341724,0.008416312,0.9876598,350.9992,344.3532,2.215673,0.3343545,-0.06864136,-0.939944,0,0,0,0.8746835,-0.007023886,-2.588905,-0.1103553,0.08305904,1.097057,0.9638539,0.03818508,0.2636809,0.00493527,0.9869477,-0.1609656,-0.2663857,0.1564487,0.9510849,moving,-22.72407,11.09223,-5.744184,4.329649,-24.486990196743953,22.056852387779127
05/11/2023 12:33:26.792933,1559,True,True,True,True,Eyes,1.272955,-0.2587747,-3.574846,-0.378683,0.1801759,0.9078193,0.0,0.0,0.0,0.0,0.0,0.0,0.0,-0.2741737,-0.3423069,3.792438,1.273091,-0.2564081,-3.590046,-0.08161086,-0.133719,0.007228178,0.9876269,350.8355,344.4108,2.095782,0.3343829,-0.06858607,-0.9399379,0,0,0,0.8756037,-0.004154827,-2.588324,-0.1107219,0.08245024,1.098188,0.964134,0.03610332,0.2629491,0.007548352,0.9865748,-0.1631352,-0.2653086,0.159269,0.9509178,moving,-22.64271,11.22568,-5.757239,4.293622,-24.40067219701602,22.19233366668587
05/11/2023 12:33:26.813773,1560,True,True,True,True,Eyes,1.273181,-0.2585849,-3.575042,-0.3772486,0.1824626,0.9079598,0.0,0.0,0.0,0.0,0.0,0.0,0.0,-0.2770578,-0.3512883,3.791761,1.273327,-0.2562537,-3.590347,-0.08253422,-0.1333617,0.005975204,0.9876068,350.7101,344.4596,1.963654,0.3344122,-0.06853099,-0.9399315,0,0,0,0.8765683,-0.001147829,-2.587715,-0.1108691,0.08251116,1.099393,0.9643579,0.03381611,0.2624315,0.0102115,0.9863048,-0.1646164,-0.2644041,0.161429,0.9508055,moving,-22.56242,11.36275,-5.758564,4.292089,-24.315312251297378,22.331468197170473
05/11/2023 12:33:26.822919,1561,True,True,True,True,Eyes,1.273408,-0.2584013,-3.575235,-0.3755896,0.1848889,0.9081567,0.0,0.0,0.0,0.0,0.0,0.0,0.0,-0.28005,-0.3656275,3.790381,1.27353,-0.2559714,-3.590501,-0.08412394,-0.1329909,0.004545184,0.9875302,350.5062,344.5089,1.821616,0.3344424,-0.06847598,-0.9399248,0,0,0,0.8775821,0.002012801,-2.587075,-0.11104,0.08108491,1.100586,0.9645855,0.03135245,0.2619004,0.01339843,0.985805,-0.1673588,-0.2634298,0.164941,0.9504731,moving,-22.46869,11.50741,-5.761174,4.213614,-24.216169686447607,22.478367015553324
05/11/2023 12:33:26.842886,1562,True,True,True,True,Eyes,1.273635,-0.258218,-3.575428,-0.3739507,0.1873193,0.9083349,0.0,0.0,0.0,0.0,0.0,0.0,0.0,-0.283128,-0.3791655,3.789048,1.273733,-0.2559483,-3.59067,-0.08565646,-0.1326029,0.003194599,0.987456,350.31,344.5603,1.687361,0.3344734,-0.06842121,-0.9399177,0,0,0,0.8785086,0.004901452,-2.58649,-0.1113217,0.07981043,1.101752,0.9648125,0.02902564,0.2613318,0.01640754,0.9853055,-0.1700112,-0.2624263,0.1683167,0.9501589,moving,-22.37638,11.65234,-5.76962,4.143243,-24.118447992692317,22.62552937825381
05/11/2023 12:33:26.862866,1563,True,True,True,True,Eyes,1.273842,-0.2580315,-3.575631,-0.3721426,0.18978,0.9085667,0.0,0.0,0.0,0.0,0.0,0.0,0.0,-0.2859016,-0.3898226,3.788096,1.273944,-0.255846,-3.590959,-0.08680899,-0.1322472,0.001943292,0.9874064,350.1588,344.6089,1.558542,0.3345051,-0.06836667,-0.9399104,0,0,0,0.8794035,0.007691559,-2.585926,-0.1115359,0.07920799,1.102947,0.9650138,0.02679813,0.2608261,0.01912286,0.9849208,-0.1719455,-0.2615009,0.1709175,0.9499497,moving,-22.27366,11.79822,-5.774428,4.107638,-24.01021336712138,22.773721748377827
05/11/2023 12:33:26.873068,1564,True,True,True,True,Eyes,1.274048,-0.2578443,-3.575837,-0.3703637,0.192298,0.9087641,0.0,0.0,0.0,0.0,0.0,0.0,0.0,-0.2892855,-0.399679,3.787088,1.27417,-0.2555087,-3.591194,-0.08786513,-0.1318158,0.0008825028,0.9873721,350.0215,344.6653,1.449124,0.3345369,-0.06831224,-0.9399031,0,0,0,0.8805462,0.01125394,-2.585204,-0.1115944,0.0794269,1.104244,0.9652476,0.02490674,0.2601474,0.02142131,0.9845579,-0.1737438,-0.2604575,0.1732785,0.9498087,moving,-22.17318,11.94776,-5.770695,4.11413,-23.904113526953516,22.925600015328044
05/11/2023 12:33:26.893113,1565,True,True,True,True,Eyes,1.27425,-0.2576606,-3.576047,-0.3685141,0.1948054,0.908982,0.0,0.0,0.0,0.0,0.0,0.0,0.0,-0.2920659,-0.4150078,3.785514,1.274339,-0.2553268,-3.59145,-0.08968607,-0.1314548,-0.0001157867,0.9872569,349.7981,344.7098,1.359516,0.3345687,-0.06825788,-0.9398957,0,0,0,0.8813357,0.01371522,-2.584706,-0.1118077,0.07710724,1.105406,0.9654393,0.02335071,0.2595801,0.02380795,0.9839128,-0.1770559,-0.2595385,0.1771168,0.9493521,moving,-22.06833,12.09618,-5.775612,3.990185,-23.793650533648858,23.076374924298097
05/11/2023 12:33:26.912944,1566,True,True,True,True,Eyes,1.274454,-0.2574769,-3.576259,-0.3666987,0.1973393,0.9091695,0.0,0.0,0.0,0.0,0.0,0.0,0.0,-0.2951381,-0.4262458,3.784389,1.274557,-0.2552444,-3.591761,-0.09104259,-0.1310623,-0.0007726582,0.9871846,349.6329,344.7568,1.301283,0.3346004,-0.06820367,-0.9398883,0,0,0,0.8822982,0.01671597,-2.584098,-0.1118171,0.07656716,1.106729,0.9656442,0.02233898,0.258906,0.02539001,0.9834213,-0.1795491,-0.2586246,0.1799542,0.9490679,moving,-21.96588,12.24635,-5.769237,3.957605,-23.68554637620104,23.228903354745086
05/11/2023 12:33:26.923004,1567,True,True,True,True,Eyes,1.274652,-0.2572931,-3.576471,-0.3648701,0.1998254,0.9093622,0.0,0.0,0.0,0.0,0.0,0.0,0.0,-0.2981697,-0.4387738,3.783007,1.274806,-0.255085,-3.591987,-0.09257586,-0.1306819,-0.001370564,0.9870917,349.4485,344.8012,1.252578,0.3346321,-0.06814961,-0.939881,0,0,0,0.883334,0.01994514,-2.583445,-0.1117397,0.075822,1.108068,0.9658407,0.02149024,0.2582438,0.02690173,0.9828556,-0.1824035,-0.2577363,0.18312,0.9487039,moving,-21.8625,12.39334,-5.758348,3.914487,-23.57661062646976,23.37822250893558
05/11/2023 12:33:26.942958,1568,True,True,True,True,Eyes,1.274855,-0.2571089,-3.576687,-0.3630478,0.2023087,0.9095424,0.0,0.0,0.0,0.0,0.0,0.0,0.0,-0.3020151,-0.4504363,3.781595,1.275081,-0.2549137,-3.59218,-0.09397189,-0.1301956,-0.00207273,0.987023,349.278,344.8598,1.188393,0.3346636,-0.06809568,-0.9398736,0,0,0,0.8841935,0.02262486,-2.582902,-0.1121872,0.07478908,1.109182,0.9660896,0.0203778,0.2574017,0.02856112,0.98233,-0.1849651,-0.2566226,0.1860445,0.9484367,moving,-21.75963,12.5401,-5.775493,3.857459,-23.468195965909757,23.527305696737976
05/11/2023 12:33:26.962931,1569,True,True,True,True,Eyes,1.275042,-0.2569222,-3.576908,-0.3612027,0.2047251,0.9097363,0.0,0.0,0.0,0.0,0.0,0.0,0.0,-0.3077273,-0.4599805,3.780348,1.275365,-0.2547334,-3.592474,-0.09509324,-0.129463,-0.002731688,0.9870103,349.1392,344.9481,1.121947,0.334695,-0.06804183,-0.9398663,0,0,0,0.8851553,0.02562321,-2.582295,-0.1130435,0.07465796,1.110393,0.9664638,0.01922969,0.256082,0.03001451,0.9818996,-0.1870087,-0.255043,0.1884233,0.9483932,moving,-21.65511,12.68245,-5.812971,3.846529,-23.358265297647044,23.67194068664476
05/11/2023 12:33:26.972991,1570,True,True,True,True,Eyes,1.275235,-0.2567315,-3.577132,-0.3593587,0.207177,0.9099115,0.0,0.0,0.0,0.0,0.0,0.0,0.0,-0.3139554,-0.4715808,3.778713,1.27566,-0.2544997,-3.592708,-0.09652268,-0.1286698,-0.003216518,0.9869738,348.9679,345.0405,1.079401,0.3347259,-0.06798801,-0.9398592,0,0,0,0.8861361,0.02868108,-2.581676,-0.1139648,0.07395394,1.111597,0.9668676,0.01848986,0.2546082,0.03118834,0.981346,-0.189703,-0.2533664,0.1913584,0.9482549,moving,-21.55095,12.82695,-5.85371,3.806247,-23.24862624667758,23.818747262301496
05/11/2023 12:33:26.998026,1571,True,True,True,True,Eyes,1.275439,-0.2565461,-3.57736,-0.3577988,0.2096899,0.9099506,0.0,0.0,0.0,0.0,0.0,0.0,0.0,-0.3204924,-0.4846063,3.776867,1.275964,-0.2542412,-3.592988,-0.09813417,-0.1278338,-0.00372702,0.9869217,348.7755,345.1376,1.035907,0.3347565,-0.0679341,-0.9398522,0,0,0,0.8870839,0.03163613,-2.581078,-0.1150205,0.07270133,1.112834,0.9672893,0.01773318,0.2530555,0.03244629,0.9807116,-0.1927486,-0.2515925,0.1946543,0.9480564,moving,-21.46509,12.97676,-5.901035,3.737815,-23.1572380948544,23.970801062242927
05/11/2023 12:33:27.012985,1572,True,True,True,True,Eyes,1.275648,-0.2563601,-3.577588,-0.3562252,0.2121981,0.9099866,0.0,0.0,0.0,0.0,0.0,0.0,0.0,-0.3266415,-0.4953087,3.775394,1.276345,-0.2542115,-3.59332,-0.09946198,-0.1270548,-0.004232701,0.9868873,348.6156,345.2293,0.9889413,0.334787,-0.06788023,-0.9398453,0,0,0,0.8880702,0.03471109,-2.580455,-0.1159805,0.07238686,1.114198,0.9676783,0.01691984,0.2516195,0.03362864,0.9801788,-0.19524,-0.2499355,0.1973911,0.9479288,moving,-21.37846,13.12613,-5.9427,3.717149,-23.06508914684572,24.12241508740356
05/11/2023 12:33:27.022825,1573,True,True,True,True,Eyes,1.275847,-0.256176,-3.577818,-0.3549103,0.214708,0.9099116,0.0,0.0,0.0,0.0,0.0,0.0,0.0,-0.3333802,-0.5047351,3.773885,1.276669,-0.2540229,-3.593563,-0.100576,-0.1261899,-0.004855053,0.9868826,348.4783,345.3334,0.9239662,0.3348175,-0.06782638,-0.9398383,0,0,0,0.8890501,0.03776608,-2.579836,-0.1171672,0.07232238,1.11538,0.968105,0.01580061,0.2500459,0.03496608,0.9797218,-0.197288,-0.2480927,0.1997386,0.9479211,moving,-21.30823,13.27698,-5.996748,3.709923,-22.98940425465988,24.275416276492194
05/11/2023 12:33:27.043267,1574,True,True,True,True,Eyes,1.27605,-0.2560023,-3.578048,-0.3535845,0.2171735,0.9098426,0.0,0.0,0.0,0.0,0.0,0.0,0.0,-0.3394305,-0.5146087,3.772264,1.276894,-0.2539023,-3.593757,-0.1017462,-0.1254003,-0.005535883,0.9868596,348.334,345.4293,0.8537112,0.3348479,-0.0677726,-0.9398314,0,0,0,0.889981,0.04066796,-2.579249,-0.1181837,0.07202926,1.116487,0.9684882,0.01459174,0.2486316,0.0364443,0.9792342,-0.19943,-0.2463785,0.2022069,0.9478449,moving,-21.2372,13.42493,-6.042441,3.691276,-22.913009436383618,24.425490446311922
05/11/2023 12:33:27.063100,1575,True,True,True,True,Eyes,1.276259,-0.2558357,-3.578279,-0.3524563,0.219517,0.909718,0.0,0.0,0.0,0.0,0.0,0.0,0.0,-0.3446879,-0.5199679,3.77138,1.277175,-0.2539839,-3.593995,-0.1023278,-0.1247181,-0.00623755,0.9868817,348.2567,345.5152,0.7732447,0.3348781,-0.06771915,-0.9398245,0,0,0,0.8909377,0.04365062,-2.578645,-0.1190203,0.07327341,1.117661,0.968813,0.01321279,0.2474405,0.03783569,0.9789802,-0.2004149,-0.2448874,0.2035267,0.9479489,moving,-21.17809,13.56626,-6.078547,3.750919,-22.848834810306315,24.568791284488235
05/11/2023 12:33:27.083058,1576,True,True,True,True,Eyes,1.276468,-0.2556756,-3.578508,-0.351329,0.221775,0.9096065,0.0,0.0,0.0,0.0,0.0,0.0,0.0,-0.3492993,-0.5206248,3.771219,1.277401,-0.2539833,-3.594286,-0.1022792,-0.1241146,-0.006865636,0.9869587,348.2527,345.5936,0.692705,0.3349084,-0.06766619,-0.9398175,0,0,0,0.8919292,0.04674196,-2.578019,-0.1195948,0.07595159,1.118817,0.9690969,0.01183647,0.2463964,0.03894087,0.9789837,-0.2001864,-0.2435876,0.2035949,0.9482691,moving,-21.1187,13.70219,-6.101407,3.883601,-22.78455623060279,24.706633745516683
05/11/2023 12:33:27.093264,1577,True,True,True,True,Eyes,1.276678,-0.2555211,-3.578737,-0.3503564,0.2238721,0.9094678,0.0,0.0,0.0,0.0,0.0,0.0,0.0,-0.3529562,-0.5214516,3.770987,1.277598,-0.2539738,-3.594451,-0.1022841,-0.1236406,-0.007352403,0.9870142,348.2448,345.6549,0.6308392,0.3349387,-0.06761383,-0.9398105,0,0,0,0.8929266,0.04985156,-2.577389,-0.1198293,0.07861519,1.119891,0.9693179,0.01077909,0.2455742,0.0398068,0.9789678,-0.2000936,-0.242566,0.2037299,0.9485019,moving,-21.0683,13.82883,-6.10746,4.015516,-22.729635682083092,24.835022623410964
05/11/2023 12:33:27.113202,1578,True,True,True,True,Eyes,1.276893,-0.2553715,-3.578969,-0.3493852,0.2258658,0.9093485,0.0,0.0,0.0,0.0,0.0,0.0,0.0,-0.3566513,-0.520043,3.771153,1.277847,-0.2539451,-3.594699,-0.1020139,-0.1231713,-0.007698152,0.9870982,348.2705,345.7149,0.5812503,0.3349691,-0.06756217,-0.9398033,0,0,0,0.8938565,0.0527503,-2.576802,-0.1201323,0.08172043,1.120944,0.9695391,0.009932719,0.244735,0.04032804,0.9790678,-0.1994991,-0.2415937,0.2032919,0.948844,moving,-21.01752,13.94896,-6.11708,4.169672,-22.674547075225533,24.956831407409695
05/11/2023 12:33:27.132851,1579,True,True,True,True,Eyes,1.277111,-0.2552153,-3.579205,-0.348538,0.2277514,0.9092034,0.0,0.0,0.0,0.0,0.0,0.0,0.0,-0.3603305,-0.5182298,3.771451,1.278181,-0.2539048,-3.595001,-0.1017224,-0.1227191,-0.007875881,0.9871832,348.301,345.7711,0.5509915,0.3349996,-0.06751125,-0.9397961,0,0,0,0.8948059,0.05571043,-2.576203,-0.1203848,0.08499305,1.122084,0.9697559,0.009416697,0.2438947,0.04051644,0.9791811,-0.1989043,-0.2406901,0.2027704,0.9491852,moving,-20.97404,14.06297,-6.123662,4.33164,-22.62701039556638,25.07240324188248
05/11/2023 12:33:27.148066,1580,True,True,True,True,Eyes,1.277333,-0.2550594,-3.579442,-0.347661,0.2296353,0.9090651,0.0,0.0,0.0,0.0,0.0,0.0,0.0,-0.3649654,-0.5214977,3.770954,1.278532,-0.2535812,-3.595317,-0.1020308,-0.1221346,-0.008267277,0.9872206,348.2599,345.8432,0.5032632,0.3350303,-0.06746081,-0.9397888,0,0,0,0.8957587,0.05868086,-2.575602,-0.1209937,0.08656363,1.123258,0.9700296,0.008599744,0.2428347,0.04124625,0.9790428,-0.1994344,-0.2394606,0.2034733,0.9493457,moving,-20.92875,14.17669,-6.148006,4.406775,-22.577660820734337,25.187693909246153
05/11/2023 12:33:27.163273,1581,True,True,True,True,Eyes,1.277572,-0.2549065,-3.579674,-0.346848,0.2315482,0.9088904,0.0,0.0,0.0,0.0,0.0,0.0,0.0,-0.3706384,-0.528759,3.769727,1.27884,-0.2534447,-3.595572,-0.1028796,-0.1214043,-0.00877047,0.9872183,348.1554,345.9318,0.4486322,0.3350613,-0.06741083,-0.9397813,0,0,0,0.8966987,0.06161136,-2.575008,-0.1219277,0.08704209,1.124455,0.9703681,0.007663311,0.2415096,0.04229678,0.9786777,-0.2009997,-0.2379004,0.2052588,0.9493536,moving,-20.8877,14.2926,-6.188558,4.426339,-22.53250823964597,25.30517073861609
05/11/2023 12:33:27.183298,1582,True,True,True,True,Eyes,1.277809,-0.2547592,-3.579904,-0.3460108,0.2334655,0.9087192,0.0,0.0,0.0,0.0,0.0,0.0,0.0,-0.3765801,-0.5370981,3.768245,1.279081,-0.2533737,-3.595791,-0.1038838,-0.1206297,-0.009272793,0.9872035,348.0331,346.0253,0.395615,0.3350928,-0.06736133,-0.9397736,0,0,0,0.897678,0.06466437,-2.57439,-0.1228527,0.08736381,1.125678,0.970725,0.006754674,0.2400987,0.04337121,0.9782444,-0.2028717,-0.2362456,0.207346,0.9493133,moving,-20.84521,14.40864,-6.228418,4.437828,-22.485901466690848,25.422788619541475
05/11/2023 12:33:27.193022,1583,True,True,True,True,Eyes,1.278069,-0.2546167,-3.580132,-0.3452469,0.2353421,0.9085256,0.0,0.0,0.0,0.0,0.0,0.0,0.0,-0.3818296,-0.544935,3.766814,1.27926,-0.2533761,-3.595961,-0.1048871,-0.1199477,-0.009520931,0.9871781,347.9146,346.1049,0.3729108,0.3351249,-0.0673124,-0.9397657,0,0,0,0.8986175,0.06759354,-2.573797,-0.1234684,0.08777682,1.126845,0.9710438,0.006364231,0.2388168,0.04395964,0.9778161,-0.2048005,-0.2348223,0.2093685,0.9492224,moving,-20.80719,14.52254,-6.252955,4.454124,-22.443865977720684,25.538212822135534
05/11/2023 12:33:27.212902,1584,True,True,True,True,Eyes,1.278329,-0.2544737,-3.58036,-0.3444843,0.2371844,0.9083359,0.0,0.0,0.0,0.0,0.0,0.0,0.0,-0.3857997,-0.5490669,3.76616,1.279471,-0.2533563,-3.596255,-0.1054344,-0.1194437,-0.009538863,0.9871808,347.8516,346.1625,0.3723866,0.3351581,-0.06726412,-0.9397573,0,0,0,0.899596,0.07064426,-2.573179,-0.123583,0.08937821,1.128141,0.9712844,0.006353782,0.2378364,0.04402011,0.9775852,-0.2058869,-0.2338135,0.2104443,0.9492337,moving,-20.76912,14.63429,-6.25158,4.529858,-22.40185100428664,25.65146337204698
05/11/2023 12:33:27.232816,1585,True,True,True,True,Eyes,1.27862,-0.2543299,-3.58058,-0.3437751,0.2390094,0.9081262,0.0,0.0,0.0,0.0,0.0,0.0,0.0,-0.3889741,-0.5532351,3.765517,1.279743,-0.2532156,-3.596474,-0.1059973,-0.1190584,-0.009439179,0.987168,347.7885,346.2046,0.3871216,0.3351922,-0.0672164,-0.9397486,0,0,0,0.9005624,0.07365697,-2.572569,-0.1234757,0.09085687,1.129382,0.971472,0.006603619,0.2370623,0.04387583,0.977351,-0.2070266,-0.2330602,0.2115218,0.9491794,moving,-20.73438,14.74526,-6.239384,4.599443,-22.363214648750265,25.763903017182052
05/11/2023 12:33:27.243065,1586,True,True,True,True,Eyes,1.278908,-0.2541866,-3.580802,-0.3430666,0.2408364,0.9079114,0.0,0.0,0.0,0.0,0.0,0.0,0.0,-0.3921323,-0.5605406,3.764375,1.279991,-0.2530705,-3.596675,-0.1069403,-0.1186634,-0.00952863,0.9871131,347.6792,346.2489,0.3852004,0.3352279,-0.06716917,-0.9397392,0,0,0,0.9014978,0.07657322,-2.571979,-0.1234582,0.09129687,1.13064,0.9716564,0.006568121,0.2363063,0.04419146,0.9769459,-0.2088629,-0.2322304,0.2133857,0.9489655,moving,-20.69975,14.85637,-6.23162,4.6165,-22.324684435914662,25.87648349077231
05/11/2023 12:33:27.263011,1587,True,True,True,True,Eyes,1.279217,-0.2540397,-3.581017,-0.3424377,0.24267,0.9076606,0.0,0.0,0.0,0.0,0.0,0.0,0.0,-0.394632,-0.5680448,3.763319,1.28022,-0.2529541,-3.596947,-0.1079036,-0.1183482,-0.009650636,0.9870449,347.5671,346.2841,0.3807335,0.335265,-0.06712238,-0.9397293,0,0,0,0.9024493,0.07953949,-2.571378,-0.1232212,0.09172857,1.132014,0.9718012,0.006489174,0.2357126,0.04459161,0.9765274,-0.2107271,-0.2315473,0.2152956,0.9487011,moving,-20.67024,14.96838,-6.212259,4.632628,-22.291279787030604,25.989939867311755
05/11/2023 12:33:27.283269,1588,True,True,True,True,Eyes,1.27952,-0.2538935,-3.581227,-0.3418204,0.24453,0.9073941,0.0,0.0,0.0,0.0,0.0,0.0,0.0,-0.3965537,-0.5759984,3.762131,1.280434,-0.2527415,-3.59712,-0.1089039,-0.118107,-0.00982939,0.9869621,347.4501,346.3112,0.3711011,0.3353039,-0.06707589,-0.9397187,0,0,0,0.9034138,0.08254664,-2.57077,-0.1228346,0.09200701,1.133315,0.9719082,0.006322143,0.2352751,0.04512708,0.9760866,-0.2126462,-0.2309933,0.2172899,0.9483814,moving,-20.64167,15.08212,-6.185868,4.641319,-22.258764588223634,26.105139276788105
05/11/2023 12:33:27.293017,1589,True,True,True,True,Eyes,1.27985,-0.2537576,-3.581428,-0.3412693,0.2463706,0.9071035,0.0,0.0,0.0,0.0,0.0,0.0,0.0,-0.3971584,-0.5859067,3.76063,1.280556,-0.2526335,-3.597181,-0.1101563,-0.1180228,-0.0101253,0.9868302,347.3026,346.3206,0.3534515,0.3353443,-0.06702971,-0.9397076,0,0,0,0.9043438,0.08544613,-2.570183,-0.1221031,0.09167859,1.134569,0.9719362,0.006017993,0.2351675,0.04598581,0.9755262,-0.2150211,-0.2307061,0.2198012,0.9478725,moving,-20.61724,15.19506,-6.14257,4.619736,-22.23044423934956,26.219502157666927
05/11/2023 12:33:27.313034,1590,True,True,True,True,Eyes,1.280172,-0.2536213,-3.58163,-0.3407521,0.2481724,0.9068068,0.0,0.0,0.0,0.0,0.0,0.0,0.0,-0.3964267,-0.5920702,3.759984,1.280718,-0.2527609,-3.597367,-0.1109634,-0.1181225,-0.01026757,0.9867263,347.2083,346.3078,0.3497057,0.3353868,-0.06698408,-0.9396957,0,0,0,0.9053458,0.08856977,-2.56955,-0.1208501,0.09282754,1.136045,0.9718832,0.005951998,0.2353879,0.04647713,0.9751634,-0.2165554,-0.2308306,0.2214067,0.9474684,moving,-20.59479,15.30577,-6.072173,4.671328,-22.204191009237945,26.33159695828342
05/11/2023 12:33:27.333097,1591,True,True,True,True,Eyes,1.280489,-0.2534793,-3.58183,-0.3402969,0.2499413,0.9064918,0.0,0.0,0.0,0.0,0.0,0.0,0.0,-0.3946065,-0.595783,3.759838,1.280863,-0.2526231,-3.597586,-0.1113753,-0.118358,-0.0105307,0.9866489,347.1577,346.2821,0.3281555,0.3354309,-0.06693893,-0.9396831,0,0,0,0.9062732,0.09146119,-2.568964,-0.1194369,0.094309,1.137371,0.971761,0.005584095,0.2359013,0.04714451,0.9749693,-0.2172838,-0.2312099,0.2222694,0.9471739,moving,-20.57613,15.4148,-5.994735,4.74003,-22.18180922400095,26.441967746386368
05/11/2023 12:33:27.342846,1592,True,True,True,True,Eyes,1.280798,-0.2533439,-3.582025,-0.3398676,0.2517393,0.9061553,0.0,0.0,0.0,0.0,0.0,0.0,0.0,-0.3929907,-0.6036432,3.75896,1.281046,-0.2523497,-3.597755,-0.1123077,-0.1185656,-0.010892,0.9865144,347.046,346.2591,0.3022772,0.3354764,-0.06689407,-0.9396701,0,0,0,0.9072639,0.09454965,-2.568339,-0.1180678,0.09463336,1.138795,0.9716471,0.005141438,0.2363798,0.04812188,0.9745367,-0.2190035,-0.2314868,0.2241691,0.9466583,moving,-20.55933,15.52584,-5.919155,4.750339,-22.161233990308894,26.55435855706927
05/11/2023 12:33:27.363014,1593,True,True,True,True,Eyes,1.281111,-0.2532107,-3.582214,-0.3394483,0.2534944,0.9058231,0.0,0.0,0.0,0.0,0.0,0.0,0.0,-0.3915054,-0.6135028,3.757628,1.281137,-0.252398,-3.597834,-0.1135885,-0.1187514,-0.01110771,0.986343,346.8964,346.2355,0.2979953,0.335523,-0.06684966,-0.9396566,0,0,0,0.9082261,0.09754971,-2.567732,-0.1166187,0.09449747,1.140223,0.9715495,0.005065551,0.2367826,0.04888959,0.9739485,-0.2214363,-0.2317357,0.2267125,0.9459916,moving,-20.543,15.63427,-5.839741,4.737637,-22.141218010448164,26.66410711605574
05/11/2023 12:33:27.382771,1594,True,True,True,True,Eyes,1.281416,-0.2530792,-3.582404,-0.3390479,0.2552317,0.905485,0.0,0.0,0.0,0.0,0.0,0.0,0.0,-0.3906766,-0.6213226,3.756597,1.28133,-0.2523282,-3.597946,-0.1145635,-0.1188614,-0.01139026,0.9862137,346.7809,346.2229,0.2806168,0.3355708,-0.06680573,-0.9396427,0,0,0,0.9091623,0.1004683,-2.567141,-0.1155151,0.09480931,1.141578,0.9714845,0.004767891,0.2370554,0.04970082,0.973491,-0.2232604,-0.2318357,0.2286758,0.9454944,moving,-20.5278,15.74171,-5.778035,4.747583,-22.122372433441186,26.77284709599588
05/11/2023 12:33:27.393027,1595,True,True,True,True,Eyes,1.281714,-0.2529387,-3.582593,-0.3386358,0.2569197,0.9051619,0.0,0.0,0.0,0.0,0.0,0.0,0.0,-0.3897164,-0.6266715,3.75605,1.281474,-0.2522453,-3.598153,-0.1151929,-0.1189793,-0.0117086,0.9861225,346.7044,346.211,0.2542722,0.3356194,-0.06676226,-0.9396284,0,0,0,0.9100919,0.1033665,-2.566554,-0.1143755,0.09582724,1.142942,0.9714137,0.004318923,0.2373538,0.05050337,0.973187,-0.2244025,-0.2319588,0.2299748,0.945149,moving,-20.51164,15.84598,-5.714628,4.792619,-22.102664728168634,26.87838811126834
05/11/2023 12:33:27.413272,1596,True,True,True,True,Eyes,1.282004,-0.2527965,-3.582783,-0.3382272,0.2586645,0.9048177,0.0,0.0,0.0,0.0,0.0,0.0,0.0,-0.3896531,-0.6357064,3.754722,1.281635,-0.251898,-3.598312,-0.1162325,-0.1189685,-0.01227314,0.9859949,346.5775,346.2162,0.2034277,0.3356685,-0.06671899,-0.9396139,0,0,0,0.9110926,0.1064861,-2.565922,-0.1135552,0.09575832,1.144336,0.9713917,0.003453495,0.2374576,0.05185849,0.9726788,-0.226289,-0.2317515,0.2321295,0.944673,moving,-20.4961,15.95389,-5.667045,4.783381,-22.083461321704235,26.987605601630918
05/11/2023 12:33:27.423698,1597,True,True,True,True,Eyes,1.282278,-0.2526572,-3.58297,-0.3378041,0.2605108,0.9044459,0.0,0.0,0.0,0.0,0.0,0.0,0.0,-0.389716,-0.6481261,3.752806,1.281703,-0.2517367,-3.598522,-0.11778,-0.1189294,-0.01271671,0.9858104,346.3941,346.2213,0.17346,0.335718,-0.06667585,-0.9395993,0,0,0,0.9120581,0.1094964,-2.565313,-0.1126399,0.09466666,1.145862,0.9713882,0.002942485,0.2374792,0.05308752,0.9719323,-0.2291926,-0.2314882,0.2352422,0.9439673,moving,-20.4803,16.06818,-5.614224,4.72283,-22.06378585484746,27.103276002785037
05/11/2023 12:33:27.443329,1598,True,True,True,True,Eyes,1.282548,-0.252526,-3.583159,-0.3373883,0.2623477,0.9040702,0.0,0.0,0.0,0.0,0.0,0.0,0.0,-0.3899556,-0.6608447,3.750656,1.281776,-0.2516973,-3.598597,-0.119354,-0.1188624,-0.01331422,0.9856213,346.2055,346.2319,0.1255376,0.3357675,-0.06663292,-0.9395847,0,0,0,0.9129975,0.112425,-2.56472,-0.1119226,0.09350291,1.147264,0.971389,0.002127849,0.2374847,0.05461895,0.9711547,-0.2321106,-0.2311283,0.2384408,0.9432527,moving,-20.46498,16.18194,-5.571917,4.65935,-22.04461115813691,27.218407290684873
05/11/2023 12:33:27.463348,1599,True,True,True,True,Eyes,1.282803,-0.2523912,-3.583354,-0.3369808,0.264415,0.9036198,0.0,0.0,0.0,0.0,0.0,0.0,0.0,-0.3900048,-0.6671958,3.749804,1.281925,-0.2517705,-3.598828,-0.120128,-0.1188416,-0.01368941,0.9855246,346.1116,346.2368,0.092657,0.3358168,-0.0665904,-0.9395701,0,0,0,0.9139267,0.1153218,-2.564133,-0.1111174,0.09429681,1.148709,0.9713786,0.001569894,0.2375315,0.05553488,0.9707638,-0.2335243,-0.2309536,0.2400318,0.942892,moving,-20.45165,16.3104,-5.525168,4.692852,-22.02695567130293,27.348389307915216
05/11/2023 12:33:27.473350,1600,True,True,True,True,Eyes,1.283055,-0.2522469,-3.583551,-0.336533,0.2665181,0.9031687,0.0,0.0,0.0,0.0,0.0,0.0,0.0,-0.39165,-0.6741962,3.748714,1.282118,-0.2515733,-3.599121,-0.1209368,-0.1186107,-0.01414354,0.985447,346.0126,346.2676,0.04802807,0.3358656,-0.06654814,-0.9395557,0,0,0,0.9149042,0.1183696,-2.563516,-0.110799,0.09483692,1.150178,0.971463,0.0008133911,0.2371901,0.05656422,0.9703484,-0.2349985,-0.2303482,0.2417088,0.9426115,moving,-20.43608,16.44092,-5.502439,4.713611,-22.006976879729265,27.480469242392218
05/11/2023 12:33:27.492844,1601,True,True,True,True,Eyes,1.28328,-0.2521024,-3.583752,-0.3360017,0.2688693,0.9026694,0.0,0.0,0.0,0.0,0.0,0.0,0.0,-0.3959862,-0.6861563,3.746318,1.28227,-0.2512238,-3.599331,-0.1223851,-0.1180155,-0.01467731,0.9853319,345.8392,346.3405,-0.002207269,0.3359138,-0.06650588,-0.9395415,0,0,0,0.9158399,0.1212864,-2.562926,-0.1113207,0.09363735,1.151525,0.9717138,-3.735047e-05,0.2361614,0.05781071,0.9696129,-0.2377156,-0.2289763,0.2446442,0.9421884,moving,-20.41683,16.5867,-5.521762,4.648831,-21.9827898314566,27.62800395859655
05/11/2023 12:33:27.513055,1602,True,True,True,True,Eyes,1.283504,-0.2519705,-3.583951,-0.3354264,0.2712552,0.9021694,0.0,0.0,0.0,0.0,0.0,0.0,0.0,-0.4020441,-0.7026115,3.742815,1.282472,-0.2511246,-3.599468,-0.1245548,-0.1172169,-0.01487588,0.9851524,345.5877,346.4301,359.9935,0.3359608,-0.06646361,-0.9395276,0,0,0,0.9168133,0.1243213,-2.562311,-0.1121125,0.09132335,1.153018,0.9720778,-0.0001101676,0.2346587,0.05850987,0.9685296,-0.2419235,-0.2272472,0.2488983,0.9414926,moving,-20.39512,16.73445,-5.553638,4.528588,-21.95606093103676,27.77754705483541
05/11/2023 12:33:27.523445,1603,True,True,True,True,Eyes,1.283726,-0.2518474,-3.584152,-0.334806,0.2736526,0.9016757,0.0,0.0,0.0,0.0,0.0,0.0,0.0,-0.4080196,-0.7150343,3.740013,1.282632,-0.2513279,-3.599603,-0.1262323,-0.1164303,-0.01502297,0.9850299,345.3932,346.5194,359.9881,0.3360068,-0.06642167,-0.9395142,0,0,0,0.9177489,0.1272379,-2.561721,-0.1129023,0.09033048,1.154446,0.9724366,-0.0002016163,0.2331673,0.05899067,0.9676794,-0.245187,-0.2255818,0.2521835,0.9410188,moving,-20.37074,16.8827,-5.585642,4.474036,-21.926627181801045,27.92761353151851
05/11/2023 12:33:27.548068,1604,True,True,True,True,Eyes,1.283948,-0.2517202,-3.584354,-0.3341345,0.2759809,0.9012151,0.0,0.0,0.0,0.0,0.0,0.0,0.0,-0.4142146,-0.7168005,3.739315,1.282895,-0.2514223,-3.599836,-0.1264094,-0.115625,-0.01535299,0.985097,345.3685,346.6189,359.9398,0.3360517,-0.06638025,-0.939501,0,0,0,0.9187117,0.1302396,-2.561113,-0.1140052,0.09261566,1.15571,0.9727902,-0.001016193,0.2316852,0.05948053,0.9675699,-0.2455006,-0.2239222,0.2526014,0.9413031,moving,-20.34277,17.02626,-5.633725,4.581748,-21.893733305698163,28.07296162153817
05/11/2023 12:33:27.563041,1605,True,True,True,True,Eyes,1.284156,-0.2515872,-3.584564,-0.3334025,0.2783048,0.9007714,0.0,0.0,0.0,0.0,0.0,0.0,0.0,-0.4208284,-0.7196546,3.738305,1.283118,-0.2511936,-3.60006,-0.1266483,-0.1147472,-0.01587486,0.9851605,345.3342,346.7296,359.8689,0.3360957,-0.0663392,-0.9394882,0,0,0,0.9196897,0.1332886,-2.560496,-0.1153116,0.0944005,1.156889,0.9731621,-0.002213494,0.2301099,0.06034365,0.9674164,-0.2458946,-0.2220678,0.253181,0.9415866,moving,-20.31102,17.1692,-5.692093,4.664918,-21.85705385675137,28.217707997891296
05/11/2023 12:33:27.583390,1606,True,True,True,True,Eyes,1.284359,-0.2514579,-3.584775,-0.3326077,0.2805802,0.9003593,0.0,0.0,0.0,0.0,0.0,0.0,0.0,-0.4280155,-0.7265683,3.73649,1.28332,-0.2509278,-3.600358,-0.1273157,-0.113753,-0.01689152,0.9851729,345.2443,346.8601,359.7442,0.3361384,-0.06629833,-0.9394758,0,0,0,0.9206741,0.1363577,-2.559874,-0.1170441,0.09492254,1.158188,0.9735498,-0.004317057,0.2284339,0.06224722,0.9670108,-0.2470129,-0.2198317,0.2546988,0.9417019,moving,-20.27507,17.30867,-5.770601,4.685364,-21.81625987540994,28.35897366546493
05/11/2023 12:33:27.593024,1607,True,True,True,True,Eyes,1.284546,-0.251335,-3.584991,-0.3317787,0.2828199,0.8999643,0.0,0.0,0.0,0.0,0.0,0.0,0.0,-0.4354591,-0.7309797,3.735003,1.283402,-0.2508799,-3.600576,-0.1277252,-0.1127271,-0.01769387,0.9852238,345.187,346.9922,359.6404,0.33618,-0.06625771,-0.9394638,0,0,0,0.92164,0.1393691,-2.559265,-0.1187041,0.09632298,1.159364,0.973959,-0.006068654,0.2266428,0.06366101,0.9667464,-0.2476866,-0.217603,0.2556649,0.9419578,moving,-20.23679,17.44568,-5.845984,4.749373,-21.773200939945745,28.497767423857326
05/11/2023 12:33:27.613186,1608,True,True,True,True,Eyes,1.284729,-0.2512218,-3.585212,-0.3309294,0.2849945,0.899591,0.0,0.0,0.0,0.0,0.0,0.0,0.0,-0.4423815,-0.7362028,3.733454,1.283489,-0.2509258,-3.600842,-0.1283608,-0.1117956,-0.01803345,0.9852412,345.11,347.1056,359.5948,0.33622,-0.06621748,-0.9394523,0,0,0,0.9225747,0.1422831,-2.558675,-0.1199396,0.09741628,1.160651,0.9743531,-0.00683424,0.2249208,0.06423493,0.9663966,-0.2489006,-0.2156617,0.2569648,0.9420505,moving,-20.19688,17.57844,-5.899902,4.797731,-21.72864086111258,28.63227463601265
05/11/2023 12:33:27.623131,1609,True,True,True,True,Eyes,1.284897,-0.2511091,-3.585438,-0.3300769,0.2871053,0.8992329,0.0,0.0,0.0,0.0,0.0,0.0,0.0,-0.4474982,-0.7385601,3.732745,1.28358,-0.2510507,-3.601181,-0.1286786,-0.1111206,-0.01809223,0.985275,345.073,347.1854,359.5817,0.3362585,-0.06617787,-0.9394413,0,0,0,0.923561,0.1453581,-2.558052,-0.1204194,0.09958112,1.162091,0.9746497,-0.007053947,0.2236249,0.06424935,0.966229,-0.2495468,-0.2143126,0.2575885,0.942188,moving,-20.15642,17.70714,-5.916047,4.897787,-21.68366080740681,28.762680220702403
05/11/2023 12:33:27.642894,1610,True,True,True,True,Eyes,1.285069,-0.2509965,-3.58567,-0.3291958,0.2891691,0.8988945,0.0,0.0,0.0,0.0,0.0,0.0,0.0,-0.4530551,-0.7399152,3.732136,1.283744,-0.2509575,-3.601471,-0.1287939,-0.1103892,-0.01832145,0.985338,345.0571,347.2751,359.5451,0.3362952,-0.0661388,-0.9394309,0,0,0,0.9244856,0.1482407,-2.557468,-0.1212829,0.1017435,1.163316,0.9749571,-0.007670742,0.2222606,0.06454054,0.9661529,-0.249766,-0.2128218,0.257856,0.9424527,moving,-20.11389,17.83268,-5.951935,4.99836,-21.636700658951078,28.889904353239988
05/11/2023 12:33:27.663088,1611,True,True,True,True,Eyes,1.285229,-0.250887,-3.585906,-0.3280293,0.2913209,0.8986261,0.0,0.0,0.0,0.0,0.0,0.0,0.0,-0.4590167,-0.743771,3.731048,1.28398,-0.2508509,-3.601816,-0.1292619,-0.1096133,-0.01847473,0.9853603,345.0018,347.3678,359.5213,0.3363304,-0.06610024,-0.939421,0,0,0,0.9254222,0.1511605,-2.556877,-0.1222255,0.103133,1.164689,0.9752873,-0.008070911,0.2207933,0.06474616,0.9659001,-0.2506889,-0.211241,0.2587892,0.9425526,moving,-20.05381,17.9619,-5.990845,5.060334,-21.57194847966553,29.02096655604426
05/11/2023 12:33:27.672799,1612,True,True,True,True,Eyes,1.285387,-0.2507799,-3.586145,-0.3268502,0.2934343,0.8983681,0.0,0.0,0.0,0.0,0.0,0.0,0.0,-0.4652992,-0.7478389,3.729743,1.284125,-0.2508456,-3.602061,-0.1298003,-0.1087925,-0.01852788,0.9853796,344.9396,347.4642,359.5092,0.336364,-0.0660622,-0.9394117,0,0,0,0.9264019,0.1542149,-2.556259,-0.1231053,0.1046629,1.166034,0.9756418,-0.008271392,0.2192137,0.06475658,0.9656172,-0.2517737,-0.209594,0.2598364,0.9426321,moving,-19.99273,18.08861,-6.026742,5.12911,-21.506272144679485,29.14949742404409
05/11/2023 12:33:27.693254,1613,True,True,True,True,Eyes,1.285533,-0.2506713,-3.58639,-0.325518,0.295601,0.8981415,0.0,0.0,0.0,0.0,0.0,0.0,0.0,-0.470931,-0.7526265,3.728405,1.284196,-0.2508041,-3.602383,-0.1304334,-0.1080455,-0.01856216,0.9853776,344.8668,347.5514,359.5016,0.3363959,-0.06602469,-0.9394029,0,0,0,0.9273253,0.1570937,-2.555676,-0.123773,0.1057646,1.167401,0.9759632,-0.008395989,0.2177735,0.06476694,0.9652852,-0.2530411,-0.208089,0.2610633,0.9426267,moving,-19.92229,18.21768,-6.052141,5.176768,-21.431093631301607,29.28047702895858
05/11/2023 12:33:27.713375,1614,True,True,True,True,Eyes,1.285678,-0.2505616,-3.586635,-0.3242005,0.2977438,0.8979102,0.0,0.0,0.0,0.0,0.0,0.0,0.0,-0.475056,-0.7578205,3.727198,1.284313,-0.2506928,-3.602731,-0.1311309,-0.1075064,-0.01850304,0.985345,344.7877,347.6123,359.509,0.336426,-0.06598762,-0.9393947,0,0,0,0.9282821,0.1600769,-2.555072,-0.1239114,0.1067751,1.168899,0.9762001,-0.00826896,0.2167144,0.06465857,0.9649247,-0.2544398,-0.2070091,0.2623966,0.9424942,moving,-19.85268,18.34534,-6.05115,5.219296,-21.356797299077975,29.410025369435456
05/11/2023 12:33:27.733514,1615,True,True,True,True,Eyes,1.285812,-0.2504436,-3.586885,-0.3228202,0.2999009,0.8976896,0.0,0.0,0.0,0.0,0.0,0.0,0.0,-0.4786975,-0.7643733,3.725578,1.2844,-0.2507659,-3.602885,-0.1320374,-0.1070284,-0.01846874,0.9852766,344.6841,347.6657,359.517,0.3364546,-0.06595092,-0.939387,0,0,0,0.9292938,0.1632308,-2.554433,-0.1238565,0.1076708,1.17039,0.9764076,-0.008130131,0.2157823,0.06465711,0.9644501,-0.2562332,-0.2060281,0.26414,0.9422221,moving,-19.7792,18.47349,-6.040845,5.256173,-21.278588191504078,29.540094979823188
05/11/2023 12:33:27.748255,1616,True,True,True,True,Eyes,1.28594,-0.2503313,-3.587128,-0.3214575,0.3020305,0.8974646,0.0,0.0,0.0,0.0,0.0,0.0,0.0,-0.4820223,-0.7687351,3.724578,1.284544,-0.2505465,-3.603186,-0.1326113,-0.1066012,-0.01839727,0.9852472,344.6193,347.7136,359.5259,0.3364814,-0.06591433,-0.93938,0,0,0,0.9302354,0.1661665,-2.553839,-0.1237975,0.108824,1.171813,0.9765955,-0.007978675,0.2149364,0.06452476,0.9641516,-0.2573874,-0.2051777,0.2652322,0.9421009,moving,-19.70672,18.60002,-6.030706,5.305727,-21.201439355864984,29.668519849469753
05/11/2023 12:33:27.762999,1617,True,True,True,True,Eyes,1.28606,-0.2502172,-3.587372,-0.3200939,0.3041468,0.8972372,0.0,0.0,0.0,0.0,0.0,0.0,0.0,-0.484762,-0.7746276,3.72316,1.284607,-0.2503245,-3.603343,-0.1333536,-0.1062294,-0.01851054,0.9851851,344.5327,347.7572,359.5161,0.3365065,-0.065878,-0.9393736,0,0,0,0.9311731,0.1690898,-2.553247,-0.1236477,0.1095164,1.173134,0.9767453,-0.008140462,0.2142481,0.06480475,0.9637484,-0.2588232,-0.2043743,0.2666886,0.9418643,moving,-19.63412,18.72571,-6.016731,5.333315,-21.12419737927234,29.796096147921876
05/11/2023 12:33:27.782865,1618,True,True,True,True,Eyes,1.286173,-0.2501107,-3.587613,-0.3187674,0.3062339,0.8969995,0.0,0.0,0.0,0.0,0.0,0.0,0.0,-0.487116,-0.7826537,3.721396,1.284693,-0.2501974,-3.603551,-0.1343885,-0.1059042,-0.01865249,0.9850768,344.4121,347.795,359.5073,0.33653,-0.06584187,-0.9393677,0,0,0,0.93215,0.1721354,-2.55263,-0.1233474,0.1096975,1.174665,0.9768727,-0.008283633,0.2136609,0.06521288,0.9631836,-0.2608152,-0.2036342,0.2687168,0.9414481,moving,-19.56372,18.8498,-5.994458,5.335158,-21.049223271569637,29.922039927729283
05/11/2023 12:33:27.792877,1619,True,True,True,True,Eyes,1.286269,-0.2500038,-3.587855,-0.3174874,0.3082013,0.8967797,0.0,0.0,0.0,0.0,0.0,0.0,0.0,-0.4882665,-0.7881825,3.720224,1.284636,-0.250288,-3.603716,-0.1351357,-0.1057295,-0.01870376,0.9849924,344.3256,347.8144,359.5078,0.3365518,-0.06580612,-0.9393623,0,0,0,0.9330605,0.1749738,-2.552056,-0.122624,0.1106231,1.176082,0.9769428,-0.00827046,0.2133406,0.06542177,0.9627771,-0.2622601,-0.2032305,0.2701703,0.9411193,moving,-19.49552,18.96659,-5.95243,5.373475,-20.97670489293496,30.040587597945258
05/11/2023 12:33:27.813415,1620,True,True,True,True,Eyes,1.286361,-0.2499036,-3.58809,-0.3162729,0.3101383,0.8965409,0.0,0.0,0.0,0.0,0.0,0.0,0.0,-0.4873461,-0.7892467,3.720344,1.284705,-0.2501766,-3.603931,-0.135263,-0.1058538,-0.0186727,0.9849622,344.3113,347.7987,359.5151,0.3365717,-0.06577072,-0.9393577,0,0,0,0.934067,0.1781118,-2.55142,-0.1212349,0.1130899,1.17757,0.9768926,-0.008147595,0.2135755,0.06542002,0.9627105,-0.2625047,-0.2034726,0.270411,0.9409978,moving,-19.43132,19.08191,-5.878091,5.485676,-20.90826248283033,30.157622198291847
05/11/2023 12:33:27.833248,1621,True,True,True,True,Eyes,1.286448,-0.2498059,-3.588326,-0.3151132,0.3120201,0.8962963,0.0,0.0,0.0,0.0,0.0,0.0,0.0,-0.4854563,-0.7941498,3.719623,1.284736,-0.2502483,-3.603993,-0.1359271,-0.1060949,-0.01869368,0.9848444,344.2345,347.7685,359.525,0.3365898,-0.0657358,-0.9393536,0,0,0,0.9350036,0.181032,-2.550829,-0.1196197,0.1142871,1.179025,0.9767888,-0.00797837,0.214056,0.0656631,0.9623488,-0.2637675,-0.203892,0.2717007,0.9405354,moving,-19.37028,19.19411,-5.793205,5.53659,-20.843104642554046,30.271480921584192
05/11/2023 12:33:27.843180,1622,True,True,True,True,Eyes,1.28653,-0.2497087,-3.588564,-0.314023,0.3138444,0.896042,0.0,0.0,0.0,0.0,0.0,0.0,0.0,-0.4828503,-0.7958778,3.71985,1.28482,-0.2502109,-3.604231,-0.1360987,-0.1064248,-0.01887829,0.9847816,344.2123,347.7318,359.511,0.3366063,-0.06570141,-0.9393502,0,0,0,0.935976,0.1840635,-2.550215,-0.1179116,0.1165017,1.180576,0.9766347,-0.008213414,0.214749,0.06615054,0.9622415,-0.2640368,-0.2044718,0.2720732,0.9403018,moving,-19.3133,19.30313,-5.703574,5.635818,-20.782139541666915,30.38209709767165
05/11/2023 12:33:27.863036,1623,True,True,True,True,Eyes,1.286604,-0.2496061,-3.588797,-0.3130067,0.3156418,0.8957663,0.0,0.0,0.0,0.0,0.0,0.0,0.0,-0.4802178,-0.7979784,3.720026,1.284821,-0.2501333,-3.604531,-0.136363,-0.1067598,-0.01885895,0.984709,344.182,347.691,359.5221,0.3366211,-0.0656675,-0.9393473,0,0,0,0.9369573,0.1871228,-2.549596,-0.1159648,0.1185743,1.182194,0.9764934,-0.008024975,0.2153981,0.06625732,0.962099,-0.2645289,-0.2051114,0.2725824,0.940015,moving,-19.26089,19.41096,-5.602387,5.727625,-20.72581510274454,30.491479527166433
05/11/2023 12:33:27.873057,1624,True,True,True,True,Eyes,1.286678,-0.2495061,-3.589022,-0.3120522,0.3174365,0.895465,0.0,0.0,0.0,0.0,0.0,0.0,0.0,-0.4777004,-0.8041818,3.719092,1.28491,-0.2499174,-3.604594,-0.1371735,-0.1070914,-0.01884096,0.9845608,344.0888,347.6489,359.5401,0.3366343,-0.06563388,-0.9393449,0,0,0,0.9378926,0.1900386,-2.549006,-0.1141534,0.1191503,1.183648,0.9763529,-0.007719925,0.2160451,0.06648035,0.9616569,-0.2660758,-0.2057071,0.2741466,0.9394297,moving,-19.21246,19.51908,-5.508686,5.74824,-20.673488488800587,30.60112865524167
05/11/2023 12:33:27.892701,1625,True,True,True,True,Eyes,1.286733,-0.2494103,-3.589246,-0.3111054,0.3192062,0.8951653,0.0,0.0,0.0,0.0,0.0,0.0,0.0,-0.4748233,-0.8112585,3.718007,1.284984,-0.2498945,-3.604655,-0.1380931,-0.1074564,-0.01896758,0.9843901,343.9813,347.6048,359.5431,0.3366461,-0.06560061,-0.939343,0,0,0,0.9387985,0.1928628,-2.548434,-0.1123505,0.1194959,1.18515,0.9761868,-0.007665039,0.2167965,0.06702095,0.961141,-0.2677985,-0.2063193,0.2759513,0.9387669,moving,-19.16436,19.62568,-5.415371,5.757542,-20.62154424133537,30.709238625447952
05/11/2023 12:33:27.912930,1626,True,True,True,True,Eyes,1.286786,-0.2493196,-3.589463,-0.310208,0.3209275,0.8948612,0.0,0.0,0.0,0.0,0.0,0.0,0.0,-0.4726184,-0.8160826,3.71734,1.285067,-0.2499193,-3.604736,-0.1386905,-0.1077297,-0.01919206,0.9842718,343.9096,347.5741,359.529,0.3366561,-0.06556779,-0.9393417,0,0,0,0.939769,0.1958884,-2.547821,-0.1107832,0.1207787,1.186669,0.9760519,-0.007898263,0.217394,0.06766255,0.9607933,-0.268883,-0.206747,0.2771533,0.9383186,moving,-19.11912,19.72955,-5.333473,5.811531,-20.572569646078975,30.814569069816923
05/11/2023 12:33:27.923010,1627,True,True,True,True,Eyes,1.286842,-0.2492229,-3.589679,-0.3093385,0.3225709,0.8945713,0.0,0.0,0.0,0.0,0.0,0.0,0.0,-0.4708763,-0.8184657,3.717126,1.285097,-0.2499574,-3.604813,-0.1389802,-0.1079455,-0.01932978,0.9842046,343.8745,347.5498,359.5202,0.3366646,-0.06553551,-0.9393409,0,0,0,0.9407159,0.1988408,-2.547223,-0.1093084,0.1227776,1.188062,0.9759482,-0.008044341,0.2178539,0.06805349,0.9606217,-0.2693967,-0.2071081,0.277743,0.9380646,moving,-19.07514,19.82865,-5.256736,5.90016,-20.525020929048836,30.915067897523
05/11/2023 12:33:27.943226,1628,True,True,True,True,Eyes,1.2869,-0.2491217,-3.58989,-0.3084968,0.3242177,0.8942665,0.0,0.0,0.0,0.0,0.0,0.0,0.0,-0.4698188,-0.8216547,3.716774,1.285227,-0.249718,-3.605008,-0.1392995,-0.1080675,-0.01963477,0.9841402,343.8338,347.5394,359.4906,0.3366719,-0.06550355,-0.9393405,0,0,0,0.9416993,0.2019065,-2.546602,-0.1081759,0.1244278,1.189543,0.9758717,-0.008539237,0.2181773,0.06875423,0.9604203,-0.2699367,-0.2072368,0.2784242,0.9378342,moving,-19.033,19.92819,-5.196131,5.971498,-20.47931036990554,31.015999365758415
05/11/2023 12:33:27.962661,1629,True,True,True,True,Eyes,1.286956,-0.2490183,-3.590096,-0.3076498,0.3258776,0.8939549,0.0,0.0,0.0,0.0,0.0,0.0,0.0,-0.4691381,-0.8288918,3.715356,1.285313,-0.2495238,-3.605098,-0.1401522,-0.1081217,-0.0200565,0.9840046,343.7304,347.5373,359.453,0.3366781,-0.06547178,-0.9393405,0,0,0,0.9426299,0.2048078,-2.546015,-0.1072488,0.124682,1.19099,0.9758148,-0.009164378,0.2184065,0.06977835,0.9599102,-0.2714837,-0.2071626,0.2801578,0.9373341,moving,-18.99063,20.02855,-5.145615,5.976393,-20.43334120284115,31.117761515695797
05/11/2023 12:33:27.974966,1630,True,True,True,True,Eyes,1.287012,-0.2489196,-3.590291,-0.3068247,0.3275506,0.893627,0.0,0.0,0.0,0.0,0.0,0.0,0.0,-0.4694549,-0.8406959,3.71277,1.285427,-0.2493979,-3.605177,-0.1415989,-0.1080284,-0.02063752,0.9837957,343.5566,347.5536,359.4018,0.3366833,-0.06544014,-0.9393409,0,0,0,0.94362,0.2078947,-2.54539,-0.1066588,0.1236887,1.192653,0.9758078,-0.0100128,0.2184003,0.07119962,0.9590477,-0.2741498,-0.2067113,0.2830675,0.9365592,moving,-18.94979,20.12993,-5.110359,5.920914,-20.388878945237174,31.22054484375292
05/11/2023 12:33:27.993093,1631,True,True,True,True,Eyes,1.287075,-0.2488272,-3.59048,-0.3058864,0.3292063,0.8933402,0.0,0.0,0.0,0.0,0.0,0.0,0.0,-0.469328,-0.8486632,3.710923,1.285488,-0.2494271,-3.605102,-0.1425969,-0.1080115,-0.02102158,0.9836453,343.437,347.559,359.3693,0.3366878,-0.06540874,-0.9393415,0,0,0,0.9448276,0.2116592,-2.544628,-0.1055779,0.1246671,1.194389,0.9757832,-0.01055135,0.2184852,0.07215974,0.9584485,-0.2759883,-0.2064947,0.2850706,0.9359993,moving,-18.90159,20.22943,-5.051523,5.958802,-20.337068011036955,31.321476270935925
05/11/2023 12:33:28.013001,1632,True,True,True,True,Eyes,1.287141,-0.2487304,-3.590663,-0.3049528,0.3308401,0.8930557,0.0,0.0,0.0,0.0,0.0,0.0,0.0,-0.4694024,-0.8543593,3.709729,1.285625,-0.2494912,-3.605174,-0.1432576,-0.1079677,-0.02152041,0.9835432,343.3546,347.5707,359.3184,0.3366917,-0.06537773,-0.9393422,0,0,0,0.9455025,0.2137633,-2.544202,-0.1052852,0.1248395,1.195525,0.9757597,-0.01139812,0.2185477,0.07326689,0.9580283,-0.277153,-0.2062158,0.2864471,0.9356405,moving,-18.85356,20.32758,-5.03283,5.961353,-20.28547273965291,31.42104150362603
05/11/2023 12:33:28.022978,1633,True,True,True,True,Eyes,1.287227,-0.2486286,-3.59084,-0.3038601,0.3327145,0.8927318,0.0,0.0,0.0,0.0,0.0,0.0,0.0,-0.4706669,-0.8591855,3.708527,1.285738,-0.2492924,-3.605223,-0.1437067,-0.1077451,-0.02228235,0.9834852,343.2935,347.6088,359.2306,0.3366954,-0.06534698,-0.939343,0,0,0,0.9464501,0.2167176,-2.543604,-0.1052778,0.1259352,1.196818,0.975789,-0.01286136,0.2183356,0.07479608,0.9577038,-0.2778651,-0.2055271,0.2874684,0.9354787,moving,-18.79709,20.44005,-5.027068,6.006843,-20.22490744276945,31.535142768533106
05/11/2023 12:33:28.043140,1634,True,True,True,True,Eyes,1.287309,-0.2485263,-3.591009,-0.3027652,0.3346168,0.8923928,0.0,0.0,0.0,0.0,0.0,0.0,0.0,-0.4732007,-0.8668071,3.706544,1.285893,-0.2490819,-3.605299,-0.1445448,-0.1073577,-0.02300211,0.9833881,343.1884,347.6649,359.1498,0.3366992,-0.06531631,-0.9393438,0,0,0,0.9473884,0.219643,-2.543011,-0.1056367,0.1260746,1.198202,0.9758904,-0.014204,0.2177983,0.076276,0.9571554,-0.2793484,-0.2044989,0.2892262,0.9351622,moving,-18.74072,20.55433,-5.03832,6.006549,-20.16438318004944,31.65107355960237
05/11/2023 12:33:28.063104,1635,True,True,True,True,Eyes,1.287389,-0.2484323,-3.591176,-0.3015195,0.336688,0.8920354,0.0,0.0,0.0,0.0,0.0,0.0,0.0,-0.4751883,-0.8773537,3.703811,1.285902,-0.2489854,-3.605306,-0.1457796,-0.1070108,-0.02380559,0.9832244,343.0365,347.7166,359.0647,0.3367033,-0.06528573,-0.9393445,0,0,0,0.9484125,0.2228358,-2.542365,-0.1056901,0.1256082,1.199754,0.975964,-0.01561248,0.2173721,0.07801249,0.9563632,-0.2815732,-0.2034906,0.2917631,0.934594,moving,-18.67592,20.67841,-5.034367,5.976804,-20.09504793045639,31.77696988970824
05/11/2023 12:33:28.082995,1636,True,True,True,True,Eyes,1.287471,-0.2483442,-3.591342,-0.3002828,0.3386897,0.8916947,0.0,0.0,0.0,0.0,0.0,0.0,0.0,-0.4778119,-0.8843047,3.701938,1.286008,-0.2491113,-3.605381,-0.1465929,-0.1066114,-0.02443307,0.9831316,342.9354,347.7729,358.994,0.3367074,-0.06525544,-0.9393451,0,0,0,0.9493349,0.2257113,-2.541783,-0.1060109,0.1261196,1.201209,0.976074,-0.01678489,0.2167894,0.07929877,0.9558271,-0.2830306,-0.2024626,0.2934499,0.934289,moving,-18.61122,20.79812,-5.043485,5.993749,-20.025957395009343,31.898446800002482
05/11/2023 12:33:28.093134,1637,True,True,True,True,Eyes,1.287576,-0.2482506,-3.591504,-0.2989286,0.3407592,0.8913612,0.0,0.0,0.0,0.0,0.0,0.0,0.0,-0.4802297,-0.8859304,3.701419,1.28614,-0.2491618,-3.605518,-0.1466695,-0.1062514,-0.02505349,0.9831434,342.9193,347.8265,358.9153,0.3367117,-0.06522558,-0.9393456,0,0,0,0.950316,0.2287701,-2.541163,-0.1062801,0.1284719,1.2026,0.976166,-0.01809468,0.2162698,0.08043,0.9557207,-0.2830704,-0.2015715,0.2937182,0.9343974,moving,-18.53949,20.9214,-5.050411,6.097694,-19.94967083270072,32.02358041100956
05/11/2023 12:33:28.112880,1638,True,True,True,True,Eyes,1.287674,-0.2481524,-3.591665,-0.2975581,0.3428312,0.8910252,0.0,0.0,0.0,0.0,0.0,0.0,0.0,-0.4843606,-0.8912596,3.699814,1.286337,-0.2489356,-3.605682,-0.147189,-0.1056564,-0.02578087,0.9831111,342.8512,347.9089,358.8254,0.3367168,-0.06519595,-0.9393458,0,0,0,0.9513099,0.2318686,-2.540536,-0.1071584,0.129472,1.204037,0.9763442,-0.01958801,0.2153332,0.08179383,0.9553415,-0.2839584,-0.2001546,0.2948541,0.9343443,moving,-18.46676,21.04475,-5.085883,6.137525,-19.87237508324256,32.14879147048282
05/11/2023 12:33:28.123181,1639,True,True,True,True,Eyes,1.287789,-0.2480602,-3.591819,-0.2961355,0.3449641,0.8906759,0.0,0.0,0.0,0.0,0.0,0.0,0.0,-0.4891737,-0.9001854,3.697062,1.286254,-0.2487791,-3.605767,-0.1482396,-0.1049375,-0.02640456,0.9830137,342.7234,348.0031,358.7518,0.3367223,-0.06516641,-0.9393459,0,0,0,0.9523136,0.2349979,-2.539902,-0.10794,0.1293832,1.205501,0.9765819,-0.0208003,0.2141383,0.08302386,0.9546556,-0.2859015,-0.1984815,0.2969848,0.9340263,moving,-18.39114,21.17168,-5.116595,6.125953,-19.792051460935674,32.277641738679606
05/11/2023 12:33:28.148083,1640,True,True,True,True,Eyes,1.287896,-0.2479783,-3.591972,-0.2947485,0.3470446,0.8903276,0.0,0.0,0.0,0.0,0.0,0.0,0.0,-0.492618,-0.9105462,3.694167,1.286214,-0.2488505,-3.605879,-0.1495772,-0.1044219,-0.02675925,0.9828564,342.5656,348.0677,358.7169,0.3367287,-0.06513712,-0.9393457,0,0,0,0.9532036,0.2377727,-2.539341,-0.1082079,0.1286029,1.207044,0.97676,-0.02136275,0.2132686,0.08383928,0.9538212,-0.2884373,-0.1972583,0.2996143,0.9334455,moving,-18.31745,21.29555,-5.122704,6.08156,-19.713771968465082,32.40338500025595
05/11/2023 12:33:28.163117,1641,True,True,True,True,Eyes,1.288008,-0.2479022,-3.592126,-0.2933547,0.3490652,0.8899981,0.0,0.0,0.0,0.0,0.0,0.0,0.0,-0.4942002,-0.9137913,3.693263,1.286138,-0.2489863,-3.606007,-0.1500269,-0.1041902,-0.02679503,0.9828116,342.5136,348.0949,358.714,0.3367358,-0.06510831,-0.9393451,0,0,0,0.9541423,0.240699,-2.538748,-0.1076396,0.1303019,1.208507,0.9768528,-0.02140628,0.2128385,0.08393158,0.953548,-0.2893128,-0.1967586,0.3004799,0.9332727,moving,-18.24288,21.41555,-5.089801,6.153886,-19.634733968684685,32.52522095434813
05/11/2023 12:33:28.172946,1642,True,True,True,True,Eyes,1.288115,-0.247823,-3.592284,-0.2920245,0.3510388,0.8896591,0.0,0.0,0.0,0.0,0.0,0.0,0.0,-0.49484,-0.9127289,3.693677,1.28613,-0.2490549,-3.606248,-0.1499603,-0.1041299,-0.02647138,0.9828368,342.5252,348.0964,358.7503,0.3367434,-0.0650801,-0.9393443,0,0,0,0.9550991,0.2436822,-2.538144,-0.1065334,0.1333619,1.209993,0.9769124,-0.02080338,0.2126247,0.0832648,0.9536223,-0.2892601,-0.1967461,0.300286,0.9333377,moving,-18.17207,21.53304,-5.031611,6.289589,-19.559564562454625,32.644493836218146
05/11/2023 12:33:28.193212,1643,True,True,True,True,Eyes,1.288222,-0.2477402,-3.592446,-0.2907506,0.3529686,0.8893127,0.0,0.0,0.0,0.0,0.0,0.0,0.0,-0.4942684,-0.916357,3.693063,1.286118,-0.2489172,-3.606476,-0.1504905,-0.1042118,-0.02621174,0.9827542,342.4671,348.0807,358.7889,0.3367516,-0.06505233,-0.9393433,0,0,0,0.9560538,0.2466586,-2.537542,-0.105047,0.13475,1.211596,0.9769057,-0.02015361,0.2127184,0.08288515,0.9533312,-0.2903271,-0.19694,0.3012533,0.9329851,moving,-18.10456,21.64815,-4.95523,6.346182,-19.487796300400944,32.76133816324724
05/11/2023 12:33:28.213003,1644,True,True,True,True,Eyes,1.288326,-0.2476542,-3.592611,-0.2895431,0.3548675,0.888951,0.0,0.0,0.0,0.0,0.0,0.0,0.0,-0.4941152,-0.9208664,3.692245,1.286161,-0.2487702,-3.606761,-0.1511357,-0.1042421,-0.02595823,0.9826586,342.3957,348.0708,358.8274,0.3367601,-0.06502486,-0.9393422,0,0,0,0.9570105,0.2496411,-2.536938,-0.1037079,0.1358275,1.21329,0.9769195,-0.01950676,0.2127152,0.08252555,0.9529684,-0.2916177,-0.1970223,0.3024414,0.9325832,moving,-18.04111,21.76179,-4.885575,6.387652,-19.42016441968299,32.87666902035545
05/11/2023 12:33:28.232639,1645,True,True,True,True,Eyes,1.288437,-0.2475668,-3.592771,-0.2883939,0.3567803,0.8885587,0.0,0.0,0.0,0.0,0.0,0.0,0.0,-0.4929362,-0.925695,3.691413,1.286175,-0.2486273,-3.606989,-0.1518442,-0.1044112,-0.02563025,0.98254,342.3177,348.0428,358.878,0.3367689,-0.06499758,-0.9393409,0,0,0,0.9580097,0.2527563,-2.536307,-0.1019206,0.1369248,1.215031,0.9768828,-0.01865703,0.21296,0.08207396,0.9525729,-0.2930337,-0.1973928,0.3037381,0.9320833,moving,-17.98155,21.87679,-4.794921,6.429672,-19.35640447975414,32.99334911336925
05/11/2023 12:33:28.248144,1646,True,True,True,True,Eyes,1.288543,-0.2474861,-3.592932,-0.2873144,0.3586673,0.8881488,0.0,0.0,0.0,0.0,0.0,0.0,0.0,-0.4914793,-0.9354703,3.689246,1.286148,-0.2485392,-3.607111,-0.1532249,-0.1045989,-0.02536168,0.9823125,342.1615,348.0117,358.9303,0.336778,-0.06497043,-0.9393395,0,0,0,0.9589284,0.2556205,-2.535727,-0.1001044,0.1362113,1.216774,0.9768317,-0.01777186,0.2132698,0.08188052,0.9517578,-0.2957239,-0.1977256,0.3063351,0.9311623,moving,-17.92629,21.99068,-4.703152,6.387365,-19.297010707530397,33.10887815252655
05/11/2023 12:33:28.264231,1647,True,True,True,True,Eyes,1.288656,-0.2474069,-3.593094,-0.286337,0.3605573,0.887699,0.0,0.0,0.0,0.0,0.0,0.0,0.0,-0.4888288,-0.9406121,3.68845,1.286126,-0.2486358,-3.607274,-0.1539543,-0.1049383,-0.02525681,0.9821652,342.0782,347.9672,358.9581,0.3367875,-0.06494358,-0.939338,0,0,0,0.9599127,0.2586891,-2.535106,-0.09804249,0.1373451,1.21855,0.9767001,-0.01730132,0.2139102,0.08192409,0.9513204,-0.2971162,-0.1983566,0.3077178,0.9305722,moving,-17.87767,22.10555,-4.600015,6.430778,-19.244270320368074,33.22535385249998
05/11/2023 12:33:28.273095,1648,True,True,True,True,Eyes,1.288763,-0.2473218,-3.593253,-0.2854115,0.3624106,0.8872422,0.0,0.0,0.0,0.0,0.0,0.0,0.0,-0.4865139,-0.9407561,3.688946,1.286142,-0.2486121,-3.607502,-0.1539863,-0.1052484,-0.02513779,0.98213,342.0757,347.9278,358.9784,0.3367973,-0.06491704,-0.9393363,0,0,0,0.960849,0.261608,-2.534515,-0.09619904,0.1399048,1.220088,0.9765818,-0.01696351,0.214477,0.08179079,0.9513126,-0.2971777,-0.1989935,0.3077606,0.9304219,moving,-17.83215,22.21848,-4.508214,6.541409,-19.194715199875766,33.339847239912245
05/11/2023 12:33:28.298161,1649,True,True,True,True,Eyes,1.288878,-0.2472376,-3.593412,-0.2845337,0.3643928,0.8867122,0.0,0.0,0.0,0.0,0.0,0.0,0.0,-0.4849872,-0.94498,3.688143,1.286119,-0.2483966,-3.607602,-0.1545481,-0.1054416,-0.02505758,0.982023,342.0116,347.9016,358.9986,0.3368074,-0.06489062,-0.9393345,0,0,0,0.9618337,0.2646782,-2.533893,-0.09452324,0.1411528,1.221638,0.9765084,-0.01662263,0.2148374,0.08180584,0.950974,-0.2982553,-0.199347,0.3088238,0.9299939,moving,-17.79072,22.34013,-4.424399,6.59095,-19.148990825856288,33.46313064014056
05/11/2023 12:33:28.313102,1650,True,True,True,True,Eyes,1.288985,-0.2471611,-3.593566,-0.2836939,0.3663186,0.8861877,0.0,0.0,0.0,0.0,0.0,0.0,0.0,-0.4838985,-0.9495397,3.68732,1.286114,-0.2483617,-3.607816,-0.1551626,-0.1055711,-0.02502944,0.9819129,341.9409,347.8837,359.0121,0.3368178,-0.06486432,-0.9393326,0,0,0,0.9627813,0.2676322,-2.533295,-0.09305927,0.1422748,1.22331,0.9764565,-0.01639207,0.2150906,0.08191482,0.9505962,-0.2994275,-0.199556,0.309997,0.9295586,moving,-17.75135,22.45847,-4.350208,6.633875,-19.105449715566905,33.58305337789362
05/11/2023 12:33:28.332793,1651,True,True,True,True,Eyes,1.289081,-0.2470891,-3.593724,-0.2828442,0.368229,0.8856673,0.0,0.0,0.0,0.0,0.0,0.0,0.0,-0.4833467,-0.9518494,3.686813,1.286071,-0.2484766,-3.60784,-0.1554985,-0.1056353,-0.0250008,0.9818536,341.9025,347.8745,359.0209,0.3368285,-0.06483836,-0.9393306,0,0,0,0.9637495,0.270651,-2.532684,-0.09177029,0.1443369,1.224782,0.9764323,-0.01624199,0.2152119,0.08194648,0.9503904,-0.3000715,-0.1996616,0.3106354,0.9293228,moving,-17.71125,22.57581,-4.285043,6.721136,-19.061206540734368,33.701969826633274
05/11/2023 12:33:28.343199,1652,True,True,True,True,Eyes,1.289173,-0.2470172,-3.593877,-0.2820147,0.3700625,0.8851675,0.0,0.0,0.0,0.0,0.0,0.0,0.0,-0.483695,-0.9516352,3.687023,1.286091,-0.2485342,-3.608034,-0.1554876,-0.1055946,-0.02492356,0.9818617,341.9047,347.878,359.0291,0.336839,-0.06481282,-0.9393286,0,0,0,0.9646944,0.2735966,-2.532087,-0.09079364,0.1470914,1.226254,0.9764572,-0.01610569,0.2151091,0.08178026,0.9504049,-0.300071,-0.1996079,0.3105982,0.9293469,moving,-17.6719,22.68837,-4.234539,6.840057,-19.017876064859053,33.81604794758459
05/11/2023 12:33:28.363023,1653,True,True,True,True,Eyes,1.289232,-0.2469366,-3.594038,-0.2811234,0.3718738,0.8846918,0.0,0.0,0.0,0.0,0.0,0.0,0.0,-0.4852433,-0.9517406,3.686835,1.286081,-0.2484643,-3.608086,-0.1555174,-0.1053978,-0.02482359,0.9818805,341.9027,347.8996,359.0376,0.3368494,-0.06478767,-0.9393266,0,0,0,0.9646944,0.2735966,-2.532087,-0.09117094,0.1469835,1.226252,0.9765502,-0.0159652,0.2146972,0.08152999,0.9503962,-0.3001663,-0.1992552,0.3106318,0.9294112,static,-17.62839,22.7991,-4.252076,6.835095,-18.970417280794273,33.92830338939798
05/11/2023 12:33:28.373033,1654,True,True,True,True,Eyes,1.289286,-0.246864,-3.594189,-0.2802398,0.3736576,0.8842203,0.0,0.0,0.0,0.0,0.0,0.0,0.0,-0.4870719,-0.955055,3.685937,1.286095,-0.2482051,-3.608304,-0.1559316,-0.1051475,-0.02481916,0.9818419,341.8552,347.9283,359.0385,0.3368589,-0.06476265,-0.9393249,0,0,0,0.9646944,0.2735966,-2.532087,-0.0916751,0.14566,1.226457,0.976656,-0.01594535,0.2142166,0.08152862,0.9501387,-0.300981,-0.1987363,0.3114196,0.9292587,static,-17.5852,22.90815,-4.274792,6.773004,-18.92333606767545,34.03885795500864
05/11/2023 12:33:28.393521,1655,True,True,True,True,Eyes,1.289339,-0.2467984,-3.594339,-0.2793388,0.3754223,0.8837579,0.0,0.0,0.0,0.0,0.0,0.0,0.0,-0.4896544,-0.9594234,3.684369,1.286009,-0.2483346,-3.608232,-0.1565677,-0.1047964,-0.02476046,0.9817797,341.7828,347.9673,359.0467,0.3368674,-0.06473797,-0.9393235,0,0,0,0.9646944,0.2735966,-2.532087,-0.09232534,0.1442823,1.22654,0.9768093,-0.01580318,0.2135273,0.0814341,0.9497469,-0.3022404,-0.1980205,0.3126197,0.9290085,static,-17.54074,23.01589,-4.304706,6.709074,-18.875019291719376,34.14809637361425
05/11/2023 12:33:28.413209,1656,True,True,True,True,Eyes,1.289389,-0.2467344,-3.594485,-0.278475,0.377114,0.8833101,0.0,0.0,0.0,0.0,0.0,0.0,0.0,-0.4917907,-0.9587914,3.684361,1.28599,-0.248446,-3.608346,-0.156612,-0.1045579,-0.02427315,0.9818102,341.7839,347.9866,359.1004,0.3368751,-0.06471378,-0.9393224,0,0,0,0.9646944,0.2735966,-2.532087,-0.09252553,0.1444672,1.226646,0.9769569,-0.0149132,0.212915,0.08041332,0.949767,-0.3024506,-0.1977092,0.3126024,0.9290807,static,-17.49813,23.11922,-4.313634,6.71702,-18.8287105883921,34.252863257987705
05/11/2023 12:33:28.423362,1657,True,True,True,True,Eyes,1.289439,-0.2466675,-3.594624,-0.2776057,0.3787865,0.882868,0.0,0.0,0.0,0.0,0.0,0.0,0.0,-0.4926018,-0.9585551,3.684354,1.285963,-0.2484266,-3.608397,-0.1566663,-0.1044825,-0.02390086,0.9818187,341.7822,347.9885,359.1437,0.336882,-0.06469009,-0.9393216,0,0,0,0.9646944,0.2735966,-2.532087,-0.09241554,0.1444702,1.226683,0.9770243,-0.01419487,0.2126546,0.07967038,0.9497689,-0.3026412,-0.1976767,0.3126301,0.9290782,static,-17.45504,23.22131,-4.308395,6.716954,-18.781959450447573,34.35637950895304
05/11/2023 12:33:28.443162,1658,True,True,True,True,Eyes,1.289491,-0.2466035,-3.594759,-0.2767495,0.3804116,0.8824379,0.0,0.0,0.0,0.0,0.0,0.0,0.0,-0.4937791,-0.9611532,3.683523,1.28607,-0.2482996,-3.608372,-0.1569821,-0.1043276,-0.02400331,0.9817823,341.7446,348.008,359.1326,0.3368883,-0.06466678,-0.939321,0,0,0,0.9646944,0.2735966,-2.532087,-0.09292036,0.1435303,1.226707,0.9770792,-0.01437691,0.2123902,0.07988719,0.9495609,-0.303236,-0.1973178,0.3132528,0.9289447,static,-17.41243,23.32047,-4.331757,6.673522,-18.735788181671637,34.45692987152863
05/11/2023 12:33:28.463211,1659,True,True,True,True,Eyes,1.289528,-0.2465335,-3.594889,-0.2758444,0.3820383,0.8820184,0.0,0.0,0.0,0.0,0.0,0.0,0.0,-0.4957796,-0.9631774,3.68277,1.286138,-0.2483135,-3.608392,-0.1572578,-0.1040675,-0.0240232,0.9817653,341.7128,348.0387,359.1286,0.3368941,-0.06464389,-0.9393205,0,0,0,0.9646944,0.2735966,-2.532087,-0.09358239,0.14285,1.226778,0.9771857,-0.01443942,0.2118954,0.07990115,0.9493858,-0.3037805,-0.1967841,0.3137806,0.9288799,static,-17.36666,23.41941,-4.36225,6.641797,-18.686442422540118,34.55727884909494
05/11/2023 12:33:28.483301,1660,True,True,True,True,Eyes,1.289562,-0.2464695,-3.59501,-0.2749433,0.3836499,0.8816003,0.0,0.0,0.0,0.0,0.0,0.0,0.0,-0.4975855,-0.9687344,3.681037,1.286176,-0.2481171,-3.60836,-0.1579048,-0.103789,-0.02440304,0.9816815,341.6338,348.0773,359.0863,0.3368991,-0.06462124,-0.9393203,0,0,0,0.9646944,0.2735966,-2.532087,-0.09445597,0.1409163,1.226833,0.9772646,-0.01513445,0.2114822,0.08068959,0.9489411,-0.304959,-0.1960687,0.3150901,0.9285878,static,-17.32105,23.51744,-4.402614,6.552382,-18.6372877559364,34.65670660761843
05/11/2023 12:33:28.498795,1661,True,True,True,True,Eyes,1.289588,-0.2464122,-3.595123,-0.274016,0.3852309,0.8811994,0.0,0.0,0.0,0.0,0.0,0.0,0.0,-0.4989305,-0.9738799,3.67937,1.286121,-0.248206,-3.608245,-0.1585019,-0.1035476,-0.02492667,0.9815977,341.5587,348.1144,359.0269,0.3369034,-0.06459898,-0.9393203,0,0,0,0.9646944,0.2735966,-2.532087,-0.09527126,0.139343,1.226872,0.9773131,-0.01611092,0.211186,0.08176089,0.9485116,-0.306008,-0.1953823,0.3163324,0.92831,static,-17.2735,23.61334,-4.440325,6.479653,-18.58624994233127,34.75399353820717
05/11/2023 12:33:28.514858,1662,True,True,True,True,Eyes,1.289611,-0.2463616,-3.595225,-0.2731071,0.3867131,0.8808323,0.0,0.0,0.0,0.0,0.0,0.0,0.0,-0.50103,-0.9745005,3.678822,1.286105,-0.248318,-3.608141,-0.158586,-0.1032619,-0.02502467,0.9816116,341.5481,348.1502,359.0107,0.336907,-0.06457726,-0.9393205,0,0,0,0.9646944,0.2735966,-2.532087,-0.09601578,0.1392347,1.226779,0.9774215,-0.01637722,0.2106634,0.08188082,0.9484485,-0.3061715,-0.1947891,0.3165079,0.9283749,static,-17.22635,23.70299,-4.475221,6.475143,-18.535820867801412,34.844958074870746
05/11/2023 12:33:28.523024,1663,True,True,True,True,Eyes,1.289621,-0.2463129,-3.595327,-0.2721981,0.3881164,0.8804963,0.0,0.0,0.0,0.0,0.0,0.0,0.0,-0.5031884,-0.9708548,3.679336,1.286046,-0.2484219,-3.607997,-0.1581227,-0.1029868,-0.02497756,0.9817165,341.6025,348.1837,359.0053,0.3369099,-0.06455622,-0.9393209,0,0,0,0.9646944,0.2735966,-2.532087,-0.09667665,0.1405421,1.22648,0.9775397,-0.01647265,0.2101067,0.08161085,0.9487467,-0.3053187,-0.1943086,0.3156081,0.9287819,static,-17.17856,23.78754,-4.50699,6.537001,-18.484915475433432,34.93076998158728
05/11/2023 12:33:28.542946,1664,True,True,True,True,Eyes,1.289632,-0.2462697,-3.595421,-0.2713082,0.3894343,0.8801891,0.0,0.0,0.0,0.0,0.0,0.0,0.0,-0.5051501,-0.9669078,3.680146,1.286091,-0.2484217,-3.608022,-0.1576257,-0.1027586,-0.02480843,0.9818245,341.6621,348.2093,359.0148,0.336912,-0.06453586,-0.9393215,0,0,0,0.9646944,0.2735966,-2.532087,-0.09721389,0.1418283,1.226323,0.9776504,-0.01632025,0.2096028,0.08110984,0.9490774,-0.3044229,-0.193961,0.31462,0.9291896,static,-17.13131,23.8667,-4.532511,6.597136,-18.434731441537636,35.011128155348736
05/11/2023 12:33:28.563251,1665,True,True,True,True,Eyes,1.289646,-0.2462257,-3.59551,-0.2704188,0.3907273,0.8798897,0.0,0.0,0.0,0.0,0.0,0.0,0.0,-0.5077885,-0.9638128,3.680519,1.286111,-0.2485054,-3.607931,-0.157281,-0.1024469,-0.02456252,0.9819186,341.7052,348.243,359.0338,0.3369134,-0.06451625,-0.9393224,0,0,0,0.9646944,0.2735966,-2.532087,-0.09788048,0.1428931,1.226107,0.9778026,-0.01601089,0.2089154,0.08046269,0.9493188,-0.3038416,-0.1934625,0.313907,0.9295347,static,-17.0839,23.94428,-4.564258,6.647381,-18.384438380349735,35.089889768949966
05/11/2023 12:33:28.583003,1666,True,True,True,True,Eyes,1.289657,-0.2461876,-3.595587,-0.2695457,0.391965,0.8796071,0.0,0.0,0.0,0.0,0.0,0.0,0.0,-0.5097949,-0.962834,3.680484,1.286157,-0.2484462,-3.607904,-0.1571686,-0.1022018,-0.02445969,0.9819646,341.7196,348.2707,359.0399,0.3369143,-0.06449731,-0.9393234,0,0,0,0.9646944,0.2735966,-2.532087,-0.0984627,0.1431662,1.225993,0.977913,-0.01591127,0.2084058,0.08016294,0.9493995,-0.3036684,-0.1930286,0.3136677,0.9297056,static,-17.0371,24.01841,-4.59172,6.660592,-18.33487322086424,35.165158826103884
05/11/2023 12:33:28.598153,1667,True,True,True,True,Eyes,1.289648,-0.2461497,-3.595661,-0.2686776,0.3931686,0.8793355,0.0,0.0,0.0,0.0,0.0,0.0,0.0,-0.5120124,-0.9622923,3.680099,1.286101,-0.2485511,-3.607694,-0.1571467,-0.1019199,-0.02435637,0.9820001,341.7236,348.3026,359.0464,0.3369147,-0.06447914,-0.9393245,0,0,0,0.9646944,0.2735966,-2.532087,-0.09906073,0.1434382,1.225758,0.9780382,-0.01580317,0.2078256,0.07986864,0.9494234,-0.3036714,-0.1925156,0.3136009,0.9298345,static,-16.99033,24.09038,-4.620369,6.674397,-18.285409456901704,35.23824358561015
05/11/2023 12:33:28.613056,1668,True,True,True,True,Eyes,1.289639,-0.2461142,-3.595725,-0.2678299,0.3943197,0.8790786,0.0,0.0,0.0,0.0,0.0,0.0,0.0,-0.5135812,-0.9609907,3.680174,1.286152,-0.2485273,-3.60763,-0.1570273,-0.1017469,-0.02412265,0.9820428,341.7404,348.3192,359.0693,0.3369143,-0.06446169,-0.9393259,0,0,0,0.9646944,0.2735966,-2.532087,-0.09939753,0.1438316,1.225632,0.9781314,-0.01542489,0.2074154,0.07933303,0.949521,-0.3035063,-0.1922638,0.3133239,0.92998,static,-16.94447,24.15911,-4.636485,6.693217,-18.236968737505535,35.308046131236026
05/11/2023 12:33:28.622911,1669,True,True,True,True,Eyes,1.289626,-0.2460756,-3.595786,-0.267047,0.3954653,0.8788021,0.0,0.0,0.0,0.0,0.0,0.0,0.0,-0.5155594,-0.9604215,3.67985,1.28615,-0.248551,-3.607429,-0.1570081,-0.1015101,-0.0239439,0.9820749,341.7449,348.3443,359.0857,0.3369132,-0.06444497,-0.9393274,0,0,0,0.9646944,0.2735966,-2.532087,-0.0998864,0.1440466,1.2254,0.9782448,-0.01515359,0.2068998,0.0789052,0.9495503,-0.3035262,-0.1918623,0.3132484,0.9300884,static,-16.90277,24.22798,-4.660067,6.704391,-18.192712025193735,35.377962501841935
05/11/2023 12:33:28.643144,1670,True,True,True,True,Eyes,1.289615,-0.2460369,-3.595838,-0.266288,0.3965674,0.8785356,0.0,0.0,0.0,0.0,0.0,0.0,0.0,-0.516044,-0.9600657,3.679866,1.286225,-0.2484401,-3.607402,-0.1569704,-0.101467,-0.02384394,0.9820877,341.7505,348.3477,359.0963,0.3369114,-0.06442882,-0.9393291,0,0,0,0.9646944,0.2735966,-2.532087,-0.1000056,0.1440819,1.225334,0.9782718,-0.01497903,0.2067847,0.07868833,0.9495835,-0.3034787,-0.1918135,0.3131562,0.9301295,static,-16.86229,24.29423,-4.665848,6.706373,-18.149770056363558,35.4452215085448
05/11/2023 12:33:28.663257,1671,True,True,True,True,Eyes,1.289614,-0.2460012,-3.595882,-0.2655625,0.3976501,0.8782659,0.0,0.0,0.0,0.0,0.0,0.0,0.0,-0.5165757,-0.9604013,3.679546,1.286256,-0.2483974,-3.607232,-0.1570005,-0.101398,-0.02391757,0.9820883,341.7462,348.3572,359.0866,0.3369091,-0.06441321,-0.939331,0,0,0,0.9646944,0.2735966,-2.532087,-0.1002803,0.143984,1.225165,0.9782928,-0.01513926,0.2066737,0.0788174,0.9495576,-0.3035262,-0.1916535,0.313227,0.9301386,static,-16.82381,24.35946,-4.679254,6.702776,-18.108875464807298,35.51143580076563
05/11/2023 12:33:28.673511,1672,True,True,True,True,Eyes,1.289611,-0.2459821,-3.595915,-0.2648752,0.3986499,0.8780202,0.0,0.0,0.0,0.0,0.0,0.0,0.0,-0.5165878,-0.9615359,3.679151,1.286267,-0.2484346,-3.607127,-0.1571799,-0.1014043,-0.0238552,0.9820604,341.7262,348.3548,359.0963,0.3369067,-0.06439816,-0.9393329,0,0,0,0.9646944,0.2735966,-2.532087,-0.1002339,0.1436394,1.225135,0.9782962,-0.01497705,0.2066695,0.07873195,0.9494509,-0.3038823,-0.1916713,0.3135583,0.9300233,static,-16.78716,24.41961,-4.677209,6.68704,-18.06999089008835,35.57250121737948
05/11/2023 12:33:28.698020,1673,True,True,True,True,Eyes,1.289624,-0.2459569,-3.595944,-0.2642467,0.3995716,0.8777906,0.0,0.0,0.0,0.0,0.0,0.0,0.0,-0.5169556,-0.9570389,3.680064,1.286235,-0.2488098,-3.6069,-0.1567143,-0.1014018,-0.02348387,0.9821441,341.7843,348.3495,359.1346,0.3369042,-0.06438407,-0.9393348,0,0,0,0.9646944,0.2735966,-2.532087,-0.1000737,0.1453757,1.224897,0.9783323,-0.01434687,0.2065428,0.0779113,0.9497783,-0.3030693,-0.1918218,0.3125946,0.9303166,static,-16.75369,24.4751,-4.670674,6.768435,-18.03446177800565,35.628833442876676
05/11/2023 12:33:28.713351,1674,True,True,True,True,Eyes,1.289639,-0.2459289,-3.59596,-0.2636478,0.4004884,0.8775528,0.0,0.0,0.0,0.0,0.0,0.0,0.0,-0.5160455,-0.9519105,3.681537,1.286348,-0.2486225,-3.606889,-0.1560536,-0.1015722,-0.02320475,0.9822382,341.8638,348.3258,359.1629,0.336902,-0.06437068,-0.9393365,0,0,0,0.9646944,0.2735966,-2.532087,-0.09967512,0.1469336,1.224683,0.9782893,-0.01388378,0.2067785,0.07728661,0.9502175,-0.3018497,-0.1922938,0.3112776,0.9306607,static,-16.72212,24.53051,-4.652962,6.841466,-18.00084837473699,35.68507210757237
05/11/2023 12:33:28.723307,1675,True,True,True,True,Eyes,1.289654,-0.2459084,-3.59597,-0.2630502,0.4014086,0.8773116,0.0,0.0,0.0,0.0,0.0,0.0,0.0,-0.5148218,-0.9552982,3.680576,1.28642,-0.2485304,-3.606609,-0.1564591,-0.1017225,-0.02342675,0.9821529,341.8142,348.3108,359.1444,0.3369003,-0.06435787,-0.939338,0,0,0,0.9646944,0.2735966,-2.532087,-0.09954032,0.14583,1.22456,0.9782074,-0.01418648,0.2071447,0.07784811,0.9499435,-0.3025675,-0.1924834,0.3120995,0.9303461,static,-16.69066,24.58618,-4.647162,6.791239,-17.967337159217987,35.74157293948001
05/11/2023 12:33:28.743115,1676,True,True,True,True,Eyes,1.289671,-0.2458839,-3.595977,-0.2624699,0.402258,0.8770965,0.0,0.0,0.0,0.0,0.0,0.0,0.0,-0.5148089,-0.9536887,3.680902,1.286541,-0.2486903,-3.60646,-0.1561897,-0.1017178,-0.02373364,0.982189,341.8417,348.3178,359.1047,0.336899,-0.06434578,-0.9393392,0,0,0,0.9646944,0.2735966,-2.532087,-0.09994054,0.1465374,1.224412,0.9781804,-0.01484729,0.2072261,0.07839637,0.950083,-0.3019872,-0.1923984,0.3116438,0.9305166,static,-16.65974,24.63735,-4.666325,6.824688,-17.934517969617048,35.79351996754531
05/11/2023 12:33:28.762984,1677,True,True,True,True,Eyes,1.289672,-0.2458591,-3.595977,-0.2618915,0.4031505,0.8768595,0.0,0.0,0.0,0.0,0.0,0.0,0.0,-0.515224,-0.9505087,3.68161,1.286616,-0.2485544,-3.606385,-0.1556949,-0.1016636,-0.02391906,0.9822686,341.8967,348.3292,359.0757,0.3368982,-0.06433424,-0.9393403,0,0,0,0.9646944,0.2735966,-2.532087,-0.1003426,0.1475516,1.224153,0.9781848,-0.01533286,0.2071701,0.07864691,0.9503739,-0.301005,-0.1922738,0.3107318,0.9308472,static,-16.6293,24.69138,-4.685999,6.872909,-17.902087822793263,35.84835570223517
05/11/2023 12:33:28.783109,1678,True,True,True,True,Eyes,1.289676,-0.2458424,-3.595973,-0.2613316,0.4039959,0.8766373,0.0,0.0,0.0,0.0,0.0,0.0,0.0,-0.5153345,-0.9545506,3.680306,1.28664,-0.2485451,-3.60613,-0.1562062,-0.1016314,-0.02412753,0.9821856,341.8352,348.3355,359.0566,0.3368975,-0.06432321,-0.9393413,0,0,0,0.9646944,0.2735966,-2.532087,-0.1005689,0.146273,1.224066,0.9781778,-0.01564453,0.2071796,0.07914634,0.950035,-0.3019427,-0.1921041,0.3117512,0.9305414,static,-16.59968,24.74248,-4.696854,6.814395,-17.870579884370265,35.90022328157687
05/11/2023 12:33:28.792921,1679,True,True,True,True,Eyes,1.28969,-0.2458301,-3.595963,-0.2608294,0.4047905,0.8764204,0.0,0.0,0.0,0.0,0.0,0.0,0.0,-0.5158855,-0.953261,3.680536,1.286724,-0.2487184,-3.60606,-0.1560507,-0.1015726,-0.02414572,0.982216,341.853,348.3434,359.0514,0.336897,-0.06431285,-0.9393421,0,0,0,0.9646944,0.2735966,-2.532087,-0.1008407,0.1468248,1.224012,0.9782,-0.01573169,0.2070683,0.07913356,0.9501304,-0.3016458,-0.1919965,0.311456,0.9306624,static,-16.57341,24.7907,-4.709696,6.840157,-17.842539913091375,35.94915639454817
05/11/2023 12:33:28.813507,1680,True,True,True,True,Eyes,1.289706,-0.245813,-3.595948,-0.2603317,0.4055474,0.8762184,0.0,0.0,0.0,0.0,0.0,0.0,0.0,-0.5163231,-0.9477081,3.68179,1.286801,-0.2487945,-3.605906,-0.1552864,-0.1015321,-0.02423084,0.9823392,341.9403,348.352,359.0313,0.336897,-0.06430322,-0.9393428,0,0,0,0.9646944,0.2735966,-2.532087,-0.1011991,0.1487673,1.223666,0.9782082,-0.01607271,0.2070033,0.07913891,0.9505981,-0.3001674,-0.1919524,0.3100082,0.9311547,static,-16.54712,24.83651,-4.72769,6.93172,-17.81455923281221,35.995652754171445
05/11/2023 12:33:28.824266,1681,True,True,True,True,Eyes,1.289726,-0.2458061,-3.595926,-0.2598498,0.4062719,0.8760258,0.0,0.0,0.0,0.0,0.0,0.0,0.0,-0.5173876,-0.9473451,3.681653,1.286875,-0.2486569,-3.605807,-0.1551704,-0.1013845,-0.02445059,0.9823673,341.9512,348.374,359.0011,0.3368975,-0.06429411,-0.9393433,0,0,0,0.9646944,0.2735966,-2.532087,-0.1018028,0.1488454,1.22348,0.9782467,-0.01657517,0.2067817,0.07950268,0.9506486,-0.2999108,-0.1916056,0.3098265,0.9312867,static,-16.52159,24.88032,-4.756485,6.936368,-17.78740969725699,36.04012173386303
05/11/2023 12:33:28.843043,1682,True,True,True,True,Eyes,1.289748,-0.2457945,-3.595904,-0.2593834,0.4069487,0.8758498,0.0,0.0,0.0,0.0,0.0,0.0,0.0,-0.5186881,-0.944648,3.681996,1.286858,-0.2488901,-3.605626,-0.1548411,-0.1012215,-0.02445341,0.9824361,341.9894,348.3945,358.9937,0.3368986,-0.06428577,-0.9393435,0,0,0,0.9646944,0.2735966,-2.532087,-0.1022601,0.1499279,1.223246,0.9783125,-0.01670134,0.2064601,0.07939433,0.9508525,-0.2992924,-0.1913146,0.3091933,0.9315569,static,-16.49669,24.92113,-4.778661,6.987642,-17.760993369939378,36.08155304409472
05/11/2023 12:33:28.863024,1683,True,True,True,True,Eyes,1.289781,-0.2457868,-3.595877,-0.2589538,0.4076126,0.8756682,0.0,0.0,0.0,0.0,0.0,0.0,0.0,-0.5191333,-0.9429359,3.682358,1.286931,-0.248758,-3.605595,-0.1545802,-0.1011726,-0.02449736,0.9824811,342.019,348.4019,358.9845,0.3369003,-0.06427798,-0.9393434,0,0,0,0.9646944,0.2735966,-2.532087,-0.1025149,0.1504237,1.223099,0.978328,-0.01685784,0.2063739,0.07941493,0.9510098,-0.2987872,-0.1912267,0.3087011,0.9317382,static,-16.47408,24.96139,-4.791087,7.011353,-17.736900924897945,36.122412949726225
05/11/2023 12:33:28.872845,1684,True,True,True,True,Eyes,1.289819,-0.2457782,-3.59585,-0.2585348,0.4082441,0.8754979,0.0,0.0,0.0,0.0,0.0,0.0,0.0,-0.51963,-0.9428352,3.682274,1.287019,-0.2488451,-3.605517,-0.1545919,-0.1011252,-0.02445113,0.9824853,342.0182,348.4066,358.9892,0.3369028,-0.06427079,-0.939343,0,0,0,0.9646944,0.2735966,-2.532087,-0.1026987,0.1505157,1.223065,0.9783517,-0.01677947,0.2062679,0.07931201,0.9510069,-0.2988233,-0.1911481,0.3087138,0.9317501,static,-16.45189,24.99961,-4.799772,7.015791,-17.713298603665294,36.161207296132204
05/11/2023 12:33:28.893256,1685,True,True,True,True,Eyes,1.289863,-0.2457666,-3.595817,-0.2581371,0.4088526,0.8753312,0.0,0.0,0.0,0.0,0.0,0.0,0.0,-0.520294,-0.94232,3.682303,1.287165,-0.2488115,-3.605458,-0.1545027,-0.1010532,-0.02451739,0.9825051,342.0279,348.4167,358.9789,0.3369061,-0.06426413,-0.9393423,0,0,0,0.9646944,0.2735966,-2.532087,-0.1030804,0.1506781,1.222986,0.9783744,-0.01695094,0.2061465,0.07940289,0.9510556,-0.2986442,-0.1909945,0.3085544,0.9318344,static,-16.43091,25.03649,-4.817839,7.02374,-17.69095877096806,36.19863862538263
05/11/2023 12:33:28.912958,1686,True,True,True,True,Eyes,1.289909,-0.2457529,-3.595783,-0.2577349,0.4094538,0.8751687,0.0,0.0,0.0,0.0,0.0,0.0,0.0,-0.5213962,-0.9420558,3.682077,1.28721,-0.2487247,-3.605307,-0.1543794,-0.100887,-0.02485845,0.982533,342.0383,348.4433,358.9339,0.3369105,-0.06425785,-0.9393411,0,0,0,0.9646944,0.2735966,-2.532087,-0.103794,0.1507832,1.222754,0.9784077,-0.01769873,0.2059249,0.07999823,0.9510981,-0.2983499,-0.1905744,0.3083814,0.9319776,static,-16.40956,25.07287,-4.851943,7.029903,-17.668262871598767,36.235566843463985
05/11/2023 12:33:28.931426,1687,True,True,True,True,Eyes,1.289971,-0.2457448,-3.595742,-0.2573812,0.4100307,0.8750027,0.0,0.0,0.0,0.0,0.0,0.0,0.0,-0.5225659,-0.9439723,3.681405,1.287303,-0.2486622,-3.605263,-0.1545616,-0.100714,-0.02516302,0.9825143,342.0139,348.4691,358.8968,0.3369157,-0.06425186,-0.9393396,0,0,0,0.9646944,0.2735966,-2.532087,-0.1044846,0.1501462,1.222732,0.9784471,-0.01831303,0.2056843,0.08057906,0.9509551,-0.2986493,-0.1901273,0.3087864,0.9319348,static,-16.3912,25.10802,-4.884158,7.000626,-17.64861808196163,36.27123140338947
05/11/2023 12:33:28.948909,1688,True,True,True,True,Eyes,1.290032,-0.2457372,-3.5957,-0.2570296,0.4105941,0.8748419,0.0,0.0,0.0,0.0,0.0,0.0,0.0,-0.5241721,-0.9438306,3.681075,1.287239,-0.2487775,-3.605137,-0.1545225,-0.1004817,-0.02533984,0.9825397,342.0166,348.5003,358.871,0.3369222,-0.0642463,-0.9393377,0,0,0,0.9646944,0.2735966,-2.532087,-0.1051255,0.1503145,1.222579,0.9785227,-0.01874143,0.2052856,0.08084816,0.9509614,-0.2985567,-0.1896233,0.3087414,0.9320524,static,-16.37285,25.14232,-4.914586,7.009268,-17.62901137536251,36.30603641377924
05/11/2023 12:33:28.963280,1689,True,True,True,True,Eyes,1.290099,-0.2457391,-3.595656,-0.2567319,0.4111186,0.874683,0.0,0.0,0.0,0.0,0.0,0.0,0.0,-0.5249124,-0.9448642,3.680639,1.287256,-0.2487824,-3.605064,-0.1546308,-0.1003719,-0.02549392,0.9825299,342.0024,348.516,358.8519,0.3369298,-0.06424113,-0.9393353,0,0,0,0.9646944,0.2735966,-2.532087,-0.1055075,0.150005,1.222526,0.9785511,-0.01905591,0.205121,0.08113825,0.9508787,-0.298741,-0.1893524,0.3089765,0.9320296,static,-16.35771,25.17447,-4.932566,6.995274,-17.61270761340829,36.33864603535578
05/11/2023 12:33:28.973216,1690,True,True,True,True,Eyes,1.290165,-0.245736,-3.595613,-0.2564378,0.4116079,0.8745391,0.0,0.0,0.0,0.0,0.0,0.0,0.0,-0.5260608,-0.942035,3.681163,1.287272,-0.2490022,-3.605005,-0.1542533,-0.100222,-0.02558812,0.9826021,342.0451,348.5366,358.8335,0.3369386,-0.06423655,-0.9393325,0,0,0,0.9646944,0.2735966,-2.532087,-0.1060081,0.1511095,1.222394,0.9786016,-0.01936672,0.2048508,0.08120503,0.9511023,-0.2980103,-0.1890626,0.3082682,0.9323229,static,-16.34252,25.20435,-4.956389,7.047022,-17.596428321941303,36.36896066549292
05/11/2023 12:33:28.993294,1691,True,True,True,True,Eyes,1.290232,-0.2457349,-3.59557,-0.2561652,0.4121052,0.8743847,0.0,0.0,0.0,0.0,0.0,0.0,0.0,-0.5268788,-0.9407604,3.681367,1.287307,-0.2488722,-3.604996,-0.1540506,-0.1001171,-0.02564005,0.9826432,342.068,348.5506,358.823,0.3369484,-0.06423239,-0.9393293,0,0,0,0.9646944,0.2735966,-2.532087,-0.1063523,0.1514574,1.222267,0.9786383,-0.01954384,0.2046585,0.08123624,0.951222,-0.2976195,-0.1888591,0.3078875,0.9324899,static,-16.3288,25.23492,-4.972915,7.063808,-17.58160640324462,36.39996319222017
05/11/2023 12:33:29.013130,1692,True,True,True,True,Eyes,1.290297,-0.2457351,-3.595528,-0.2559111,0.4125796,0.8742355,0.0,0.0,0.0,0.0,0.0,0.0,0.0,-0.527282,-0.9412493,3.681154,1.28727,-0.2489247,-3.604975,-0.1541565,-0.1000702,-0.02551712,0.9826347,342.0573,348.5537,358.8379,0.3369591,-0.06422864,-0.9393257,0,0,0,0.9646944,0.2735966,-2.532087,-0.1063369,0.1513157,1.22228,0.9786697,-0.01929509,0.204532,0.08100092,0.9511693,-0.2978519,-0.1887975,0.3080659,0.9324435,static,-16.3161,25.26412,-4.972147,7.05719,-17.567856654603133,36.42957363393236
05/11/2023 12:33:29.032752,1693,True,True,True,True,Eyes,1.290361,-0.2457352,-3.595484,-0.2556827,0.4130321,0.8740886,0.0,0.0,0.0,0.0,0.0,0.0,0.0,-0.5266872,-0.9408952,3.681298,1.287266,-0.2489576,-3.604942,-0.1541267,-0.1001548,-0.0254603,0.9826322,342.0613,348.5426,358.8459,0.3369706,-0.0642253,-0.9393218,0,0,0,0.9646944,0.2735966,-2.532087,-0.1061048,0.1514556,1.222266,0.9786416,-0.01916316,0.2046788,0.08090925,0.9511936,-0.2977997,-0.1889824,0.3079996,0.932428,static,-16.30491,25.29209,-4.961405,7.063733,-17.555667833153628,36.45793028542529
05/11/2023 12:33:29.043377,1694,True,True,True,True,Eyes,1.290422,-0.245735,-3.595439,-0.2554724,0.4134568,0.8739492,0.0,0.0,0.0,0.0,0.0,0.0,0.0,-0.5259011,-0.9402187,3.681502,1.287185,-0.2489522,-3.604888,-0.1540253,-0.1002469,-0.02550111,0.9826376,342.0724,348.5326,358.8416,0.3369828,-0.06422233,-0.9393176,0,0,0,0.9646944,0.2735966,-2.532087,-0.1058581,0.1517007,1.222186,0.9786006,-0.01923556,0.2048684,0.0809978,0.9512518,-0.2975892,-0.1891571,0.3078149,0.9324535,static,-16.29467,25.31837,-4.950247,7.075501,-17.544491246688995,36.484571748611835
05/11/2023 12:33:29.063151,1695,True,True,True,True,Eyes,1.290484,-0.245737,-3.595393,-0.2552922,0.4138525,0.8738146,0.0,0.0,0.0,0.0,0.0,0.0,0.0,-0.5251096,-0.9392368,3.681786,1.28719,-0.2489418,-3.604806,-0.1538941,-0.1003569,-0.02549055,0.9826472,342.0876,348.5196,358.8433,0.3369955,-0.06421968,-0.9393132,0,0,0,0.9646944,0.2735966,-2.532087,-0.1056276,0.1520386,1.222089,0.9785575,-0.01920777,0.2050765,0.0809851,0.9513336,-0.2973309,-0.1893851,0.3075635,0.9324902,static,-16.28616,25.34298,-4.93991,7.091659,-17.53511160252461,36.50951304594884
05/11/2023 12:33:29.082964,1696,True,True,True,True,Eyes,1.290544,-0.2457379,-3.595349,-0.2551275,0.4142184,0.8736894,0.0,0.0,0.0,0.0,0.0,0.0,0.0,-0.5244398,-0.93702,3.682399,1.287178,-0.2489915,-3.604758,-0.1536027,-0.1004513,-0.02547274,0.9826836,342.1213,348.5087,358.8438,0.3370088,-0.0642174,-0.9393086,0,0,0,0.9646944,0.2735966,-2.532087,-0.1054283,0.1528197,1.221985,0.9785214,-0.0192041,0.205249,0.08092245,0.9515147,-0.2967682,-0.1895982,0.3070032,0.9326316,static,-16.27842,25.36575,-4.931055,7.12832,-17.526567898616953,36.532588681687955
05/11/2023 12:33:29.093286,1697,True,True,True,True,Eyes,1.290618,-0.2457435,-3.595299,-0.2550026,0.4145593,0.8735641,0.0,0.0,0.0,0.0,0.0,0.0,0.0,-0.524094,-0.9355859,3.682817,1.287179,-0.2489648,-3.604764,-0.1534356,-0.1005123,-0.0253369,0.982707,342.1421,348.4993,358.859,0.3370225,-0.06421539,-0.9393038,0,0,0,0.9646944,0.2735966,-2.532087,-0.1052129,0.1532626,1.221942,0.9785106,-0.01895317,0.2053235,0.08064183,0.9516311,-0.2964711,-0.1897732,0.3066577,0.9327096,static,-16.27308,25.38718,-4.921205,7.149016,-17.520484870557425,36.554293365917076
05/11/2023 12:33:29.112797,1698,True,True,True,True,Eyes,1.290691,-0.2457497,-3.595256,-0.254889,0.4148656,0.8734519,0.0,0.0,0.0,0.0,0.0,0.0,0.0,-0.5237197,-0.936456,3.68254,1.287167,-0.2490789,-3.604649,-0.1535863,-0.100566,-0.02528487,0.9826792,342.1252,348.4916,358.868,0.337037,-0.06421378,-0.9392987,0,0,0,0.9646944,0.2735966,-2.532087,-0.1050451,0.153062,1.221926,0.9784943,-0.01880269,0.2054151,0.08058496,0.9515438,-0.2967666,-0.1898815,0.3069378,0.9325955,static,-16.26819,25.40643,-4.913456,7.139844,-17.514926786819156,36.57379072901203
05/11/2023 12:33:29.123431,1699,True,True,True,True,Eyes,1.29077,-0.2457542,-3.595212,-0.2547935,0.4151472,0.8733459,0.0,0.0,0.0,0.0,0.0,0.0,0.0,-0.5234191,-0.9343449,3.683235,1.287205,-0.2490909,-3.604753,-0.1533081,-0.1006176,-0.02522704,0.9827189,342.158,348.485,358.8725,0.337052,-0.0642125,-0.9392934,0,0,0,0.9646944,0.2735966,-2.532087,-0.1049355,0.1537442,1.221957,0.9784794,-0.0187312,0.2054926,0.08043316,0.9517205,-0.296241,-0.1900225,0.3063942,0.9327455,static,-16.26429,25.4242,-4.908231,7.171161,-17.510414292105104,36.59178497992397
05/11/2023 12:33:29.148443,1700,True,True,True,True,Eyes,1.290846,-0.2457561,-3.59517,-0.254696,0.4154329,0.8732384,0.0,0.0,0.0,0.0,0.0,0.0,0.0,-0.5234746,-0.9337566,3.68337,1.287217,-0.24905,-3.604746,-0.1531971,-0.1006038,-0.02533109,0.9827349,342.1696,348.4889,358.8586,0.3370678,-0.0642115,-0.9392878,0,0,0,0.9646944,0.2735966,-2.532087,-0.1050652,0.1539294,1.221901,0.9784744,-0.01896309,0.2054949,0.08061191,0.9517779,-0.2960075,-0.1899723,0.3062011,0.9328191,static,-16.2603,25.44222,-4.914492,7.180033,-17.50580293870103,36.61003261998975
05/11/2023 12:33:29.163048,1701,True,True,True,True,Eyes,1.290928,-0.2457633,-3.595129,-0.2545919,0.4156853,0.8731487,0.0,0.0,0.0,0.0,0.0,0.0,0.0,-0.5239729,-0.9353433,3.682897,1.287234,-0.2489941,-3.604743,-0.1534075,-0.100537,-0.02533138,0.982709,342.1454,348.4964,358.8598,0.3370841,-0.06421067,-0.9392821,0,0,0,0.9646944,0.2735966,-2.532087,-0.1052132,0.1533629,1.221938,0.9785013,-0.01894048,0.2053692,0.08063298,0.9516489,-0.2964163,-0.1898252,0.3066033,0.9327169,static,-16.25558,25.458,-4.921228,7.153666,-17.500530388582007,36.62602013722214
05/11/2023 12:33:29.172958,1702,True,True,True,True,Eyes,1.291006,-0.2457686,-3.595089,-0.2544861,0.4159323,0.873062,0.0,0.0,0.0,0.0,0.0,0.0,0.0,-0.5239077,-0.9346122,3.683124,1.287225,-0.2491216,-3.604771,-0.1533181,-0.1005434,-0.02535149,0.9827217,342.1554,348.4962,358.8565,0.337101,-0.06421013,-0.939276,0,0,0,0.9646944,0.2735966,-2.532087,-0.1052105,0.1536855,1.221975,0.9784967,-0.01899668,0.205386,0.08065715,0.9517018,-0.2962401,-0.1898387,0.3064358,0.9327692,static,-16.25071,25.47343,-4.920959,7.168347,-17.49511834172288,36.64165474987599
05/11/2023 12:33:29.193153,1703,True,True,True,True,Eyes,1.291084,-0.2457784,-3.595048,-0.2543818,0.4161621,0.8729828,0.0,0.0,0.0,0.0,0.0,0.0,0.0,-0.5240726,-0.9351891,3.682915,1.287216,-0.2490805,-3.604737,-0.1533608,-0.1005081,-0.02548459,0.9827152,342.149,348.5027,358.8406,0.3371183,-0.0642098,-0.9392698,0,0,0,0.9646944,0.2735966,-2.532087,-0.1053763,0.153492,1.221935,0.9784974,-0.01926021,0.2053582,0.08091617,0.951662,-0.2962971,-0.1897249,0.3065427,0.9327573,static,-16.24579,25.48774,-4.928837,7.159647,-17.48969286373611,36.656157200842856
05/11/2023 12:33:29.213142,1704,True,True,True,True,Eyes,1.29116,-0.245782,-3.595011,-0.2542744,0.4163715,0.8729142,0.0,0.0,0.0,0.0,0.0,0.0,0.0,-0.524718,-0.9353291,3.68275,1.287202,-0.2491972,-3.604695,-0.1533977,-0.1004221,-0.02548593,0.9827183,342.1448,348.513,358.8392,0.337136,-0.06420978,-0.9392635,0,0,0,0.9646944,0.2735966,-2.532087,-0.1055738,0.1535265,1.221923,0.9785318,-0.01928195,0.2051921,0.08089999,0.9516393,-0.2963746,-0.1895542,0.306612,0.9327691,static,-16.24051,25.50069,-4.938076,7.161311,-17.48394973169458,36.66928687954186
05/11/2023 12:33:29.232878,1705,True,True,True,True,Eyes,1.291232,-0.2457845,-3.594972,-0.2541412,0.4165942,0.8728468,0.0,0.0,0.0,0.0,0.0,0.0,0.0,-0.5253739,-0.9343853,3.682957,1.287215,-0.2490494,-3.604763,-0.1532342,-0.1003328,-0.02554017,0.9827515,342.1632,348.5251,358.8292,0.3371541,-0.06420987,-0.939257,0,0,0,0.9646944,0.2735966,-2.532087,-0.1058402,0.1537391,1.221873,0.9785621,-0.01945045,0.2050316,0.08094813,0.9517339,-0.2960573,-0.1893771,0.3063073,0.9329052,static,-16.23364,25.51431,-4.950675,7.171411,-17.476583578492054,36.6831046343305
05/11/2023 12:33:29.243317,1706,True,True,True,True,Eyes,1.291302,-0.2457929,-3.594934,-0.2540151,0.4168045,0.8727831,0.0,0.0,0.0,0.0,0.0,0.0,0.0,-0.5261399,-0.9381074,3.681776,1.287183,-0.2490293,-3.604648,-0.1536986,-0.1002044,-0.02573778,0.9826869,342.1074,348.5429,358.8089,0.3371723,-0.06421003,-0.9392504,0,0,0,0.9646944,0.2735966,-2.532087,-0.1062086,0.1525335,1.221874,0.9785933,-0.01978183,0.2048507,0.08138688,0.9514286,-0.296917,-0.1890272,0.3072332,0.9326717,static,-16.22713,25.52718,-4.967816,7.115747,-17.4696046205681,36.69616162158041
05/11/2023 12:33:29.263030,1707,True,True,True,True,Eyes,1.291363,-0.2458024,-3.594899,-0.25391,0.4170194,0.872711,0.0,0.0,0.0,0.0,0.0,0.0,0.0,-0.5273547,-0.9373841,3.68182,1.287194,-0.2491878,-3.604667,-0.1537356,-0.1000901,-0.0252719,0.9827049,342.1087,348.5479,358.8623,0.3371906,-0.06421042,-0.9392438,0,0,0,0.9646944,0.2735966,-2.532087,-0.1061734,0.152804,1.221931,0.9786866,-0.01889483,0.2044884,0.08044446,0.9514534,-0.2970945,-0.1889476,0.3072124,0.9326947,static,-16.22204,25.54051,-4.965948,7.12791,-17.464040271732692,36.709674272846165
05/11/2023 12:33:29.283229,1708,True,True,True,True,Eyes,1.291425,-0.2458143,-3.594861,-0.2538067,0.4172157,0.8726473,0.0,0.0,0.0,0.0,0.0,0.0,0.0,-0.5272237,-0.938206,3.681606,1.287189,-0.2492301,-3.604642,-0.1538599,-0.1001077,-0.02524957,0.9826841,342.0946,348.545,358.8668,0.3372087,-0.06421104,-0.9392372,0,0,0,0.9646944,0.2735966,-2.532087,-0.1061022,0.1525592,1.221962,0.9786818,-0.01881956,0.2045183,0.08042983,0.9513792,-0.297336,-0.1889788,0.3074467,0.9326112,static,-16.21691,25.55262,-4.962507,7.116423,-17.458475856363187,36.72195358011905
05/11/2023 12:33:29.298179,1709,True,True,True,True,Eyes,1.291481,-0.24582,-3.594824,-0.2537015,0.417373,0.8726026,0.0,0.0,0.0,0.0,0.0,0.0,0.0,-0.5273685,-0.9371672,3.681805,1.287294,-0.2492948,-3.604554,-0.1537036,-0.1000974,-0.02535179,0.9827071,342.1115,348.5486,358.8526,0.3372268,-0.06421193,-0.9392307,0,0,0,0.9646944,0.2735966,-2.532087,-0.1063372,0.1529725,1.221869,0.9786756,-0.01905612,0.2045261,0.08059741,0.951465,-0.2970159,-0.1889395,0.3071665,0.9327115,static,-16.21132,25.56217,-4.973825,7.136045,-17.452532648440634,36.73164739430881
05/11/2023 12:33:29.313367,1710,True,True,True,True,Eyes,1.291535,-0.2458182,-3.594784,-0.2535772,0.4175817,0.8725389,0.0,0.0,0.0,0.0,0.0,0.0,0.0,-0.527855,-0.9359055,3.682025,1.287363,-0.2491448,-3.604508,-0.1534602,-0.1000264,-0.02556779,0.9827466,342.1371,348.5616,358.8228,0.3372447,-0.06421291,-0.9392242,0,0,0,0.9646944,0.2735966,-2.532087,-0.1067569,0.153332,1.221701,0.978682,-0.01955318,0.2044484,0.08095346,0.9515924,-0.2965101,-0.1887539,0.30674,0.9328893,static,-16.20492,25.57495,-4.99404,7.153615,-17.44566741354044,36.74461264406342
05/11/2023 12:33:29.322938,1711,True,True,True,True,Eyes,1.291584,-0.2458252,-3.594745,-0.2534477,0.4177817,0.8724808,0.0,0.0,0.0,0.0,0.0,0.0,0.0,-0.5281885,-0.9421175,3.680262,1.28736,-0.248971,-3.604388,-0.1541552,-0.09991935,-0.02612833,0.9826341,342.0505,348.5831,358.7627,0.3372624,-0.06421378,-0.9392177,0,0,0,0.9646944,0.2735966,-2.532087,-0.1073137,0.1512477,1.221731,0.9786669,-0.020543,0.2044239,0.08215535,0.951107,-0.2977349,-0.1883127,0.3081777,0.9325047,static,-16.1981,25.58712,-5.019832,7.05719,-17.438399393335317,36.75696388883148
05/11/2023 12:33:29.342989,1712,True,True,True,True,Eyes,1.291629,-0.2458325,-3.594705,-0.253316,0.4179365,0.8724449,0.0,0.0,0.0,0.0,0.0,0.0,0.0,-0.5290941,-0.9427376,3.67995,1.28726,-0.249186,-3.604386,-0.1541973,-0.09975822,-0.02642758,0.9826359,342.0424,348.6078,358.7247,0.3372798,-0.06421477,-0.9392115,0,0,0,0.9646944,0.2735966,-2.532087,-0.1077982,0.1512204,1.221755,0.9786997,-0.02117249,0.2042021,0.08270227,0.9510496,-0.2977668,-0.1879019,0.3083122,0.932543,static,-16.19075,25.59631,-5.042277,7.055791,-17.43069594129942,36.76630542159444
05/11/2023 12:33:29.363332,1713,True,True,True,True,Eyes,1.291675,-0.2458483,-3.59466,-0.2531727,0.4180313,0.8724411,0.0,0.0,0.0,0.0,0.0,0.0,0.0,-0.5303184,-0.938918,3.680655,1.287216,-0.2491898,-3.604304,-0.1536979,-0.09960883,-0.02635858,0.982731,342.1011,348.6255,358.7242,0.3372968,-0.06421589,-0.9392053,0,0,0,0.9646944,0.2735966,-2.532087,-0.1081463,0.1525035,1.221483,0.9787666,-0.02118746,0.2038799,0.08242613,0.9513643,-0.2968363,-0.1876749,0.3073384,0.9329101,static,-16.18214,25.60147,-5.0596,7.116619,-17.42185664078588,36.7715803955236
05/11/2023 12:33:29.382735,1714,True,True,True,True,Eyes,1.291722,-0.2458653,-3.594618,-0.2530247,0.4180564,0.8724719,0.0,0.0,0.0,0.0,0.0,0.0,0.0,-0.5316415,-0.9362991,3.681027,1.287258,-0.2494021,-3.604168,-0.1534249,-0.09946891,-0.02615245,0.9827934,342.1352,348.6391,358.7428,0.3373136,-0.06421736,-0.9391992,0,0,0,0.9646944,0.2735966,-2.532087,-0.10845,0.1535052,1.221313,0.978844,-0.02088289,0.2035397,0.08192694,0.9515537,-0.2963673,-0.1874899,0.3067728,0.9331335,static,-16.17263,25.60203,-5.074431,7.163862,-17.412262754646612,36.77221005121537
05/11/2023 12:33:29.393198,1715,True,True,True,True,Eyes,1.291781,-0.2458854,-3.594574,-0.2528677,0.4180187,0.8725356,0.0,0.0,0.0,0.0,0.0,0.0,0.0,-0.5335463,-0.9295828,3.682508,1.28734,-0.2494306,-3.604192,-0.1525325,-0.09925181,-0.0260647,0.9829566,342.2395,348.6655,358.7387,0.33733,-0.06421916,-0.9391932,0,0,0,0.9646944,0.2735966,-2.532087,-0.1091,0.155737,1.221027,0.9789395,-0.02096269,0.2030719,0.08151918,0.9521089,-0.2946916,-0.187169,0.3050395,0.9337659,static,-16.162,25.59838,-5.105876,7.268593,-17.401679915669643,36.76859020648471
05/11/2023 12:33:29.413146,1716,True,True,True,True,Eyes,1.29184,-0.2458988,-3.594532,-0.2526911,0.4179558,0.8726169,0.0,0.0,0.0,0.0,0.0,0.0,0.0,-0.5366812,-0.923017,3.683675,1.287394,-0.2495009,-3.604138,-0.1516738,-0.09887177,-0.02596792,0.9831303,342.3401,348.7112,358.7332,0.3373466,-0.06422134,-0.9391871,0,0,0,0.9646944,0.2735966,-2.532087,-0.1101161,0.1579559,1.220649,0.9791001,-0.02106719,0.202285,0.08105222,0.9526414,-0.2930953,-0.1865303,0.3033652,0.9344389,static,-16.14988,25.59294,-5.154762,7.373284,-17.38965582003906,36.76317032657736
05/11/2023 12:33:29.422823,1717,True,True,True,True,Eyes,1.291892,-0.2459137,-3.594491,-0.252484,0.4178755,0.8727153,0.0,0.0,0.0,0.0,0.0,0.0,0.0,-0.5397618,-0.9204209,3.683902,1.287469,-0.2493425,-3.604151,-0.1513161,-0.09848683,-0.02590906,0.9832256,342.3826,348.7568,358.7289,0.3373632,-0.06422368,-0.939181,0,0,0,0.9646944,0.2735966,-2.532087,-0.1111039,0.1586973,1.220426,0.9792582,-0.02114362,0.2015105,0.08075418,0.9528643,-0.2924523,-0.1858286,0.3026591,0.9348076,static,-16.13561,25.58613,-5.201697,7.408846,-17.37551208456344,36.75637949770835
05/11/2023 12:33:29.443019,1718,True,True,True,True,Eyes,1.291943,-0.2459254,-3.594452,-0.2522655,0.4177898,0.8728194,0.0,0.0,0.0,0.0,0.0,0.0,0.0,-0.5419407,-0.9186808,3.683987,1.287505,-0.2493915,-3.604104,-0.1510885,-0.09820983,-0.02591225,0.9832883,342.4092,348.7905,358.7207,0.3373797,-0.06422622,-0.9391748,0,0,0,0.9646944,0.2735966,-2.532087,-0.1118401,0.1593097,1.220269,0.9793668,-0.02128167,0.2009672,0.08063516,0.9530016,-0.2920374,-0.185307,0.3022167,0.9350542,static,-16.12054,25.5789,-5.236646,7.438065,-17.36057668734096,36.749169317210416
05/11/2023 12:33:29.463495,1719,True,True,True,True,Eyes,1.291999,-0.2459408,-3.594412,-0.2520717,0.4177089,0.8729142,0.0,0.0,0.0,0.0,0.0,0.0,0.0,-0.5437148,-0.9179311,3.683939,1.287514,-0.2493229,-3.604133,-0.1509526,-0.09796902,-0.0260167,0.9833304,342.424,348.8214,358.7024,0.3373961,-0.06422883,-0.9391688,0,0,0,0.9646944,0.2735966,-2.532087,-0.1125014,0.1595187,1.220179,0.9794504,-0.02158865,0.2005264,0.08074338,0.9530728,-0.291775,-0.1848173,0.3019703,0.9352307,static,-16.10715,25.57215,-5.267819,7.448258,-17.347317028873125,36.742433290298024
05/11/2023 12:33:29.483096,1720,True,True,True,True,Eyes,1.292052,-0.2459488,-3.594375,-0.2518869,0.4176231,0.8730085,0.0,0.0,0.0,0.0,0.0,0.0,0.0,-0.5453052,-0.9170662,3.68386,1.28748,-0.2494211,-3.604078,-0.1508925,-0.09777332,-0.02585438,0.9833634,342.433,348.842,358.7173,0.3374124,-0.06423162,-0.9391628,0,0,0,0.9646944,0.2735966,-2.532087,-0.112844,0.1598555,1.220088,0.9795439,-0.02134198,0.2000959,0.08035502,0.953126,-0.2917086,-0.1844909,0.30182,0.9353436,static,-16.0943,25.56516,-5.284164,7.464359,-17.334608995558668,36.73545098540875
05/11/2023 12:33:29.493021,1721,True,True,True,True,Eyes,1.292108,-0.2459538,-3.594336,-0.2517429,0.4175568,0.8730818,0.0,0.0,0.0,0.0,0.0,0.0,0.0,-0.5452583,-0.9164429,3.684075,1.287494,-0.2492463,-3.604139,-0.150784,-0.09778193,-0.0258454,0.9833794,342.4456,348.841,358.7173,0.3374286,-0.06423436,-0.9391568,0,0,0,0.9646944,0.2735966,-2.532087,-0.1128297,0.1599382,1.220061,0.9795415,-0.02134376,0.2001076,0.08031958,0.9531923,-0.2915014,-0.1845193,0.3016103,0.9354057,static,-16.0843,25.55975,-5.283616,7.468341,-17.324718496991096,36.73004730503817
05/11/2023 12:33:29.513035,1722,True,True,True,True,Eyes,1.29216,-0.2459601,-3.594294,-0.2515995,0.4175127,0.8731441,0.0,0.0,0.0,0.0,0.0,0.0,0.0,-0.5451365,-0.9170265,3.683844,1.287485,-0.2491781,-3.60404,-0.1508369,-0.09779,-0.02593369,0.9833682,342.4385,348.8416,358.7076,0.3374448,-0.06423699,-0.9391508,0,0,0,0.9646944,0.2735966,-2.532087,-0.1128725,0.1597324,1.219965,0.9795291,-0.02150405,0.2001506,0.0805054,0.9531513,-0.2915843,-0.1845036,0.3017285,0.9353707,static,-16.07452,25.5558,-5.286019,7.459413,-17.31500139347243,36.726118446019555
05/11/2023 12:33:29.523181,1723,True,True,True,True,Eyes,1.292205,-0.2459789,-3.594246,-0.2514728,0.4174314,0.8732196,0.0,0.0,0.0,0.0,0.0,0.0,0.0,-0.5452594,-0.9189813,3.68324,1.287461,-0.2492208,-3.603946,-0.1510928,-0.09776089,-0.02601955,0.9833296,342.4081,348.846,358.6998,0.3374609,-0.06423956,-0.9391448,0,0,0,0.9646944,0.2735966,-2.532087,-0.1129627,0.1591396,1.219963,0.9795316,-0.02162965,0.2001251,0.0807135,0.952988,-0.2920606,-0.1843996,0.3022353,0.9352276,static,-16.06553,25.54953,-5.290226,7.432054,-17.306156187616857,36.71983843702546
05/11/2023 12:33:29.543203,1724,True,True,True,True,Eyes,1.29225,-0.2459962,-3.594203,-0.2513793,0.4172749,0.8733214,0.0,0.0,0.0,0.0,0.0,0.0,0.0,-0.5459627,-0.9157588,3.683735,1.287385,-0.2495349,-3.603743,-0.1507767,-0.097698,-0.02572249,0.9833921,342.448,348.8488,358.7302,0.3374769,-0.06424241,-0.9391388,0,0,0,0.9646944,0.2735966,-2.532087,-0.1129252,0.1604138,1.219736,0.979587,-0.02112941,0.1999076,0.08005175,0.9532095,-0.2915192,-0.1843942,0.3015713,0.935443,static,-16.05808,25.53858,-5.289457,7.492262,-17.29901582020074,36.70881594852912
05/11/2023 12:33:29.562935,1725,True,True,True,True,Eyes,1.292302,-0.2460146,-3.594153,-0.251305,0.4171237,0.8734149,0.0,0.0,0.0,0.0,0.0,0.0,0.0,-0.5454783,-0.9076033,3.685935,1.287413,-0.2495043,-3.603848,-0.1498083,-0.0978369,-0.02509405,0.9835424,342.5667,348.8231,358.7959,0.3374926,-0.06424546,-0.9391329,0,0,0,0.9646944,0.2735966,-2.532087,-0.1122991,0.1630029,1.219537,0.9795965,-0.02004857,0.1999721,0.07867566,0.9538556,-0.2897753,-0.1849349,0.2995958,0.9359708,static,-16.05195,25.52812,-5.261151,7.613012,-17.293188385125905,36.698280125490314
05/11/2023 12:33:29.582710,1726,True,True,True,True,Eyes,1.292356,-0.2460262,-3.594105,-0.2512393,0.4169373,0.8735229,0.0,0.0,0.0,0.0,0.0,0.0,0.0,-0.5441821,-0.9058003,3.68638,1.287438,-0.2495431,-3.603643,-0.1496192,-0.09803659,-0.0249058,0.9835563,342.5904,348.7964,358.8196,0.3375084,-0.06424874,-0.939127,0,0,0,0.9646944,0.2735966,-2.532087,-0.1117876,0.1636438,1.219342,0.9795371,-0.0196562,0.2003018,0.0783288,0.9539877,-0.2894343,-0.1853962,0.299201,0.9360059,static,-16.04609,25.5154,-5.238156,7.643806,-17.28770729258936,36.68545728896726
05/11/2023 12:33:29.593510,1727,True,True,True,True,Eyes,1.292401,-0.246033,-3.59406,-0.2511157,0.4167399,0.8736526,0.0,0.0,0.0,0.0,0.0,0.0,0.0,-0.5432447,-0.9019567,3.68751,1.287576,-0.2493737,-3.603655,-0.1489976,-0.09816115,-0.02518995,0.983631,342.6587,348.788,358.7812,0.3375243,-0.06425204,-0.9391211,0,0,0,0.9646944,0.2735966,-2.532087,-0.1118954,0.1648455,1.219145,0.9794598,-0.02030367,0.2006151,0.07880675,0.9543304,-0.2881719,-0.1856022,0.2980626,0.9363282,static,-16.03634,25.50155,-5.244023,7.700494,-17.278346678940743,36.67151778248912
05/11/2023 12:33:29.613169,1728,True,True,True,True,Eyes,1.292443,-0.2460404,-3.59401,-0.2509742,0.4165832,0.8737679,0.0,0.0,0.0,0.0,0.0,0.0,0.0,-0.544578,-0.9012807,3.687481,1.28762,-0.2492635,-3.603649,-0.1488282,-0.09797022,-0.02544959,0.983669,342.6756,348.8158,358.7451,0.3375399,-0.06425523,-0.9391153,0,0,0,0.9646944,0.2735966,-2.532087,-0.1125886,0.1650302,1.219015,0.9795083,-0.02090649,0.2003157,0.07922939,0.954405,-0.2878087,-0.1851653,0.2977819,0.936504,static,-16.02577,25.49024,-5.276886,7.709828,-17.26807671048247,36.66015208039961
05/11/2023 12:33:29.623172,1729,True,True,True,True,Eyes,1.292475,-0.2460577,-3.593964,-0.2508139,0.4164216,0.873891,0.0,0.0,0.0,0.0,0.0,0.0,0.0,-0.5465329,-0.9045295,3.686222,1.287601,-0.2492926,-3.603476,-0.149274,-0.09770327,-0.02549826,0.9836266,342.6239,348.8475,358.7396,0.3375554,-0.06425835,-0.9391095,0,0,0,0.9646944,0.2735966,-2.532087,-0.1132146,0.1640044,1.218951,0.9796079,-0.02099242,0.1998195,0.07933065,0.9541342,-0.2886773,-0.1845946,0.2986424,0.9363427,static,-16.01392,25.47847,-5.306337,7.662874,-17.256533096148914,36.6483297808408
05/11/2023 12:33:29.643295,1730,True,True,True,True,Eyes,1.292509,-0.2460683,-3.593917,-0.2506459,0.4162372,0.8740271,0.0,0.0,0.0,0.0,0.0,0.0,0.0,-0.5469983,-0.9019736,3.686806,1.287615,-0.2495484,-3.603481,-0.1489749,-0.09765545,-0.02543195,0.9836785,342.6592,348.8527,358.7432,0.3375705,-0.06426167,-0.9391038,0,0,0,0.9646944,0.2735966,-2.532087,-0.1133391,0.1650052,1.218922,0.9796332,-0.02093732,0.1997005,0.07913014,0.9543194,-0.2881196,-0.1845457,0.2980538,0.9365398,static,-16.00137,25.46515,-5.312264,7.709254,-17.244335750534333,36.634944856274316
05/11/2023 12:33:29.663150,1731,True,True,True,True,Eyes,1.292538,-0.2460786,-3.593872,-0.2504323,0.4160928,0.874157,0.0,0.0,0.0,0.0,0.0,0.0,0.0,-0.5482612,-0.8992416,3.687223,1.28769,-0.2493845,-3.603402,-0.1485415,-0.09749214,-0.02560383,0.9837558,342.7076,348.8761,358.715,0.3375852,-0.06426498,-0.9390984,0,0,0,0.9646944,0.2735966,-2.532087,-0.1139856,0.1658399,1.218628,0.9796794,-0.02141258,0.1994233,0.07933907,0.9545597,-0.2872646,-0.1842104,0.2972494,0.9368615,static,-15.98618,25.45413,-5.343671,7.749624,-17.229404438239953,36.623903193477915
05/11/2023 12:33:29.672841,1732,True,True,True,True,Eyes,1.292569,-0.2460915,-3.593827,-0.2502029,0.415938,0.8742963,0.0,0.0,0.0,0.0,0.0,0.0,0.0,-0.550411,-0.9007303,3.686528,1.287713,-0.2493932,-3.603381,-0.1487021,-0.09719231,-0.02579607,0.9837562,342.6873,348.9149,358.6886,0.3375995,-0.06426829,-0.939093,0,0,0,0.9646944,0.2735966,-2.532087,-0.1148332,0.1653734,1.218603,0.9797764,-0.0218487,0.1988989,0.07965948,0.9544446,-0.2875588,-0.1835552,0.2975875,0.9368827,static,-15.96987,25.44232,-5.383283,7.728245,-17.213371457001017,36.61207018482713
05/11/2023 12:33:29.698146,1733,True,True,True,True,Eyes,1.292606,-0.2461038,-3.593782,-0.2499519,0.4157507,0.8744572,0.0,0.0,0.0,0.0,0.0,0.0,0.0,-0.5528907,-0.8990251,3.686553,1.287749,-0.2494586,-3.603343,-0.148467,-0.0968702,-0.0258575,0.9838217,342.7141,348.9549,358.6729,0.3376134,-0.06427165,-0.9390877,0,0,0,0.9646944,0.2735966,-2.532087,-0.115714,0.1659888,1.21844,0.9798951,-0.02211429,0.198284,0.07964239,0.9545779,-0.2871204,-0.182928,0.2971397,0.9371474,static,-15.95187,25.42821,-5.425047,7.757682,-17.195712651631773,36.597922784788324
05/11/2023 12:33:29.714168,1734,True,True,True,True,Eyes,1.292646,-0.2461138,-3.593735,-0.2496763,0.4155892,0.8746127,0.0,0.0,0.0,0.0,0.0,0.0,0.0,-0.5550774,-0.8974761,3.686615,1.287799,-0.2494511,-3.603339,-0.1482577,-0.09659269,-0.02585497,0.9838807,342.7387,348.9884,358.6658,0.3376271,-0.06427505,-0.9390826,0,0,0,0.9646944,0.2735966,-2.532087,-0.1164469,0.1664906,1.218309,0.9800028,-0.02223518,0.1977377,0.07951762,0.9547024,-0.286741,-0.182405,0.2967306,0.937379,static,-15.93249,25.41563,-5.459786,7.781671,-17.176613926105077,36.5853316550825
05/11/2023 12:33:29.733109,1735,True,True,True,True,Eyes,1.292685,-0.2461289,-3.593682,-0.2493547,0.4154273,0.8747813,0.0,0.0,0.0,0.0,0.0,0.0,0.0,-0.5583691,-0.8993285,3.685552,1.287879,-0.2494065,-3.603196,-0.1484976,-0.09616271,-0.02592352,0.9838847,342.7108,349.0404,358.6526,0.3376409,-0.06427842,-0.9390774,0,0,0,0.9646944,0.2735966,-2.532087,-0.1175873,0.1658704,1.218161,0.9801614,-0.02245164,0.1969252,0.07957137,0.9545529,-0.2872233,-0.1815269,0.2971948,0.9374024,static,-15.9101,25.4027,-5.513597,7.753973,-17.154496026767386,36.57240668991884
05/11/2023 12:33:29.743067,1736,True,True,True,True,Eyes,1.292726,-0.2461415,-3.593629,-0.2489962,0.4152513,0.874967,0.0,0.0,0.0,0.0,0.0,0.0,0.0,-0.5620323,-0.8994178,3.684833,1.28793,-0.2495453,-3.603025,-0.1484914,-0.09567405,-0.02611581,0.9839283,342.7101,349.1021,358.621,0.3376545,-0.0642819,-0.9390723,0,0,0,0.9646944,0.2735966,-2.532087,-0.1189634,0.1659753,1.217935,0.9803289,-0.02297862,0.1960287,0.07980571,0.9545366,-0.2872125,-0.1805169,0.2972069,0.9375936,static,-15.88518,25.38859,-5.57874,7.760235,-17.129869611142734,36.55830542915115
05/11/2023 12:33:29.763164,1737,True,True,True,True,Eyes,1.292772,-0.2461558,-3.593573,-0.2485867,0.4150711,0.875169,0.0,0.0,0.0,0.0,0.0,0.0,0.0,-0.5669006,-0.8974063,3.684524,1.28803,-0.2494868,-3.602938,-0.1481753,-0.09503771,-0.0262863,0.9840331,342.7456,349.1815,358.5858,0.3376682,-0.06428543,-0.9390671,0,0,0,0.9646944,0.2735966,-2.532087,-0.1207419,0.1666275,1.217596,0.9805537,-0.02356869,0.1948304,0.07989763,0.9547063,-0.2866223,-0.1792505,0.2966151,0.9380239,static,-15.85689,25.37383,-5.663173,7.792499,-17.101871432250782,36.5435693863426
05/11/2023 12:33:29.773142,1738,True,True,True,True,Eyes,1.292818,-0.2461705,-3.593516,-0.2481472,0.4148783,0.8753851,0.0,0.0,0.0,0.0,0.0,0.0,0.0,-0.5721885,-0.8954391,3.684075,1.288015,-0.2495292,-3.602829,-0.1479104,-0.09434177,-0.02634013,0.9841385,342.7766,349.2659,358.564,0.337682,-0.06428903,-0.9390619,0,0,0,0.9646944,0.2735966,-2.532087,-0.1224688,0.1673228,1.217246,0.9808117,-0.0239364,0.1934827,0.07975294,0.9548574,-0.2861587,-0.1778988,0.2960986,0.9384443,static,-15.82655,25.35806,-5.745274,7.826834,-17.07184243666991,36.52782574409022
05/11/2023 12:33:29.793800,1739,True,True,True,True,Eyes,1.292856,-0.2461905,-3.593459,-0.247689,0.4146683,0.8756143,0.0,0.0,0.0,0.0,0.0,0.0,0.0,-0.5773794,-0.8933004,3.683725,1.288053,-0.2495486,-3.602753,-0.147655,-0.09367774,-0.02624368,0.9842429,342.8081,349.3438,358.5607,0.337696,-0.06429272,-0.9390566,0,0,0,0.9646944,0.2735966,-2.532087,-0.1240595,0.1680314,1.216939,0.9810715,-0.02399632,0.1921533,0.07932427,0.9550186,-0.2857398,-0.1766533,0.2955736,0.938845,static,-15.79486,25.34103,-5.820845,7.861524,-17.040495679947917,36.51081704605013
05/11/2023 12:33:29.813097,1740,True,True,True,True,Eyes,1.292898,-0.2462123,-3.593402,-0.247197,0.4144267,0.8758677,0.0,0.0,0.0,0.0,0.0,0.0,0.0,-0.5825325,-0.8896563,3.683747,1.288142,-0.2496941,-3.602661,-0.1472088,-0.09302894,-0.02615256,0.9843735,342.8615,349.4203,358.555,0.3377099,-0.06429663,-0.9390513,0,0,0,0.9646944,0.2735966,-2.532087,-0.1256981,0.1693214,1.216598,0.9813233,-0.02409841,0.1908502,0.07887713,0.9552912,-0.284951,-0.1754507,0.2946828,0.9393504,static,-15.76071,25.3217,-5.898833,7.923306,-17.00674780142268,36.49149909061604
05/11/2023 12:33:29.823391,1741,True,True,True,True,Eyes,1.29293,-0.246233,-3.593345,-0.2466235,0.4141489,0.8761607,0.0,0.0,0.0,0.0,0.0,0.0,0.0,-0.5885195,-0.8854468,3.68378,1.288295,-0.2497459,-3.602573,-0.1466694,-0.09227804,-0.0260772,0.9845268,342.9256,349.5093,358.5446,0.3377239,-0.06430078,-0.939046,0,0,0,0.9646944,0.2735966,-2.532087,-0.1276593,0.1707348,1.216181,0.9816095,-0.02427866,0.1893498,0.07841614,0.9556161,-0.2839873,-0.1740509,0.2936127,0.9399456,static,-15.72096,25.29944,-5.992243,7.991302,-16.96745796109018,36.46925578534254
05/11/2023 12:33:29.843165,1742,True,True,True,True,Eyes,1.292962,-0.2462518,-3.593284,-0.2459973,0.4138429,0.8764812,0.0,0.0,0.0,0.0,0.0,0.0,0.0,-0.5959952,-0.882938,3.683097,1.288429,-0.2497421,-3.60244,-0.1463253,-0.09131337,-0.02613699,0.9846662,342.9662,349.6258,358.5167,0.3377376,-0.06430513,-0.9390408,0,0,0,0.9646944,0.2735966,-2.532087,-0.1301817,0.1715715,1.215713,0.9819574,-0.0247495,0.1874754,0.07819533,0.9558115,-0.28339,-0.1721774,0.2929365,0.9405015,static,-15.67755,25.27499,-6.112088,8.033005,-16.924555117468927,36.44482245089844
05/11/2023 12:33:29.863407,1743,True,True,True,True,Eyes,1.292993,-0.2462761,-3.593221,-0.2453672,0.4135249,0.876808,0.0,0.0,0.0,0.0,0.0,0.0,0.0,-0.6040068,-0.878895,3.682615,1.288466,-0.2496992,-3.602283,-0.1457814,-0.09027338,-0.02614834,0.9848425,343.0304,349.7506,358.4912,0.3377512,-0.06430962,-0.9390356,0,0,0,0.9646944,0.2735966,-2.532087,-0.1327802,0.1728934,1.215097,0.982334,-0.02518363,0.185434,0.07782435,0.9561281,-0.2824225,-0.1701863,0.2918644,0.941197,static,-15.63382,25.24975,-6.236272,8.098125,-16.881356108978885,36.41959243658016
05/11/2023 12:33:29.872972,1744,True,True,True,True,Eyes,1.293024,-0.2463024,-3.593157,-0.2447238,0.4131819,0.8771494,0.0,0.0,0.0,0.0,0.0,0.0,0.0,-0.6097167,-0.8754124,3.682388,1.288415,-0.249844,-3.602173,-0.145353,-0.08952926,-0.02608733,0.9849755,343.0816,349.8387,358.4808,0.3377647,-0.06431437,-0.9390304,0,0,0,0.9646944,0.2735966,-2.532087,-0.1345223,0.1741408,1.214679,0.982608,-0.02536406,0.183952,0.07741745,0.9563839,-0.2816671,-0.1687845,0.2910094,0.941714,moving,-15.58905,25.22281,-6.319592,8.158538,-16.837165973664515,36.39265039076665
05/11/2023 12:33:29.893327,1745,True,True,True,True,Eyes,1.29304,-0.2463274,-3.593092,-0.2440558,0.4128383,0.8774972,0.0,0.0,0.0,0.0,0.0,0.0,0.0,-0.6142839,-0.8714061,3.682497,1.288459,-0.2499094,-3.602068,-0.144853,-0.08895382,-0.02597404,0.9851043,343.1414,349.9059,358.4789,0.3377781,-0.06431941,-0.9390252,0,0,0,0.9680483,0.2712746,-2.53229,-0.1326113,0.1735945,1.212847,0.9828252,-0.02540384,0.1827824,0.07694472,0.9566859,-0.2807695,-0.1677327,0.2900115,0.9422097,moving,-15.54269,25.1957,-6.239866,8.145408,-16.791380501846966,36.36554704974536
05/11/2023 12:33:29.913152,1746,True,True,True,True,Eyes,1.293057,-0.246353,-3.593021,-0.2433714,0.4124821,0.8778547,0.0,0.0,0.0,0.0,0.0,0.0,0.0,-0.6183023,-0.8675044,3.682641,1.288581,-0.2499091,-3.601917,-0.1443454,-0.08845726,-0.02591196,0.985225,343.2013,349.9646,358.4724,0.337791,-0.06432469,-0.9390202,0,0,0,0.9711954,0.2690957,-2.53248,-0.1308347,0.1730976,1.211079,0.9830078,-0.02552141,0.1817811,0.07659501,0.956986,-0.2798412,-0.16682,0.2890096,0.9426795,moving,-15.4952,25.16766,-6.165835,8.134102,-16.744487906393555,36.33751086766202
05/11/2023 12:33:29.923198,1747,True,True,True,True,Eyes,1.293076,-0.2463786,-3.59295,-0.2427262,0.4121456,0.8781914,0.0,0.0,0.0,0.0,0.0,0.0,0.0,-0.6227908,-0.8647515,3.68233,1.288634,-0.2499405,-3.60169,-0.1439723,-0.08787835,-0.0259711,0.9853299,343.2447,350.035,358.4515,0.3378036,-0.06433021,-0.9390153,0,0,0,0.9744787,0.2668225,-2.532679,-0.1291272,0.1721944,1.209213,0.9832058,-0.02587611,0.1806566,0.07648432,0.9571949,-0.2791559,-0.1657001,0.2882851,0.9430987,moving,-15.45044,25.14122,-6.095293,8.104545,-16.70029136091714,36.311074333326474
05/11/2023 12:33:29.943294,1748,True,True,True,True,Eyes,1.293092,-0.2464074,-3.592874,-0.2420998,0.4117824,0.8785345,0.0,0.0,0.0,0.0,0.0,0.0,0.0,-0.625378,-0.8621671,3.682401,1.28859,-0.2499548,-3.601606,-0.1436145,-0.08753493,-0.02602337,0.9854113,343.286,350.0772,358.4357,0.337816,-0.06433595,-0.9390105,0,0,0,0.9778448,0.2644921,-2.532883,-0.1266526,0.1711575,1.207498,0.9833209,-0.02614485,0.1799905,0.07643,0.9573953,-0.2784829,-0.1650411,0.2875947,0.943425,moving,-15.40673,25.1132,-5.987769,8.067677,-16.657204113063223,36.283033171125794
05/11/2023 12:33:29.966490,1749,True,True,True,True,Eyes,1.293103,-0.2464374,-3.592797,-0.2415165,0.411439,0.8788559,0.0,0.0,0.0,0.0,0.0,0.0,0.0,-0.6267814,-0.8578999,3.682973,1.28855,-0.2500511,-3.601423,-0.1430912,-0.0873716,-0.02587493,0.9855059,343.3481,350.0948,358.4452,0.3378281,-0.06434198,-0.9390057,0,0,0,0.9811296,0.2622178,-2.533081,-0.1237418,0.1707616,1.20574,0.9833934,-0.02599557,0.1796154,0.07600398,0.9577107,-0.2775129,-0.1648055,0.2865559,0.9437822,moving,-15.36602,25.08678,-5.859594,8.060842,-16.617084772811875,36.25658985644124
05/11/2023 12:33:29.973152,1750,True,True,True,True,Eyes,1.293113,-0.2464644,-3.592715,-0.2409684,0.4110764,0.879176,0.0,0.0,0.0,0.0,0.0,0.0,0.0,-0.6269202,-0.8532448,3.683919,1.288532,-0.2501032,-3.601312,-0.1425007,-0.08737624,-0.0257398,0.9855946,343.4176,350.0927,358.4553,0.3378399,-0.0643483,-0.939001,0,0,0,0.9845124,0.2598757,-2.533286,-0.1203637,0.1703955,1.20402,0.9834058,-0.02583566,0.179571,0.07564035,0.9580621,-0.2763976,-0.1648992,0.2853938,0.9441179,moving,-15.32747,25.05938,-5.708786,8.055126,-16.57917259233257,36.22914120672295
05/11/2023 12:33:29.993128,1751,True,True,True,True,Eyes,1.293117,-0.2464943,-3.59263,-0.2404763,0.4107514,0.8794626,0.0,0.0,0.0,0.0,0.0,0.0,0.0,-0.626415,-0.8498604,3.684593,1.28854,-0.2500534,-3.601115,-0.142078,-0.08746972,-0.02558406,0.9856513,343.4678,350.0795,358.4711,0.3378513,-0.06435481,-0.9389964,0,0,0,0.9880201,0.2574472,-2.533498,-0.1166595,0.1694831,1.202223,0.9833891,-0.02557887,0.1796991,0.07528897,0.9583186,-0.2756031,-0.1651594,0.2845544,0.9443257,moving,-15.29288,25.03484,-5.54243,8.02438,-16.545153397360018,36.204558060643166
05/11/2023 12:33:30.012862,1752,True,True,True,True,Eyes,1.293119,-0.2465255,-3.592541,-0.2400229,0.4104177,0.8797423,1.204104,1.004106,0.2476601,-2.53324,0.8616723,-0.506582,0.02992685,-0.1002861,0.1618295,1.196858,1.28853,-0.2501554,-3.600947,-0.1419026,-0.08758472,-0.02553319,0.9856677,343.4883,350.0652,358.4773,0.3378625,-0.06436157,-0.938992,0,0,0,0.9911799,0.2552595,-2.533689,-0.1132717,0.1682647,1.200732,0.983354,-0.02547747,0.1799053,0.07519148,0.9584234,-0.275265,-0.1654124,0.2842103,0.9443851,moving,-15.26077,25.01001,-5.389081,7.977203,-16.51364082282089,36.17966514377319
05/11/2023 12:33:30.033021,1753,True,True,True,True,Eyes,1.293119,-0.2465615,-3.592446,-0.2396296,0.4100724,0.8800104,1.197745,1.006104,0.2446006,-2.538418,0.7735315,-0.5573172,-0.3017392,-0.09865198,0.1612859,1.190547,1.288491,-0.2502137,-3.600757,-0.1416146,-0.0878129,-0.02549356,0.9856899,343.5216,350.0378,358.483,0.3378732,-0.06436862,-0.9389876,0,0,0,0.9944949,0.2529644,-2.53389,-0.1094622,0.1671874,1.199122,0.983278,-0.02538631,0.1803331,0.07512866,0.9585907,-0.2746988,-0.165892,0.2836535,0.9444684,moving,-15.2325,24.98485,-5.215807,7.937284,-16.486005543961028,36.154412942027136
05/11/2023 12:33:30.043445,1754,True,True,True,True,Eyes,1.293117,-0.2465973,-3.59235,-0.2392873,0.4096785,0.880287,1.193345,1.007564,0.2422906,-2.541864,0.6488124,-0.5575057,-0.5179093,-0.09717312,0.1614114,1.186089,1.288399,-0.2503577,-3.600511,-0.1411766,-0.08805662,-0.02541481,0.9857329,343.5726,350.0082,358.4921,0.3378837,-0.06437605,-0.9389834,0,0,0,0.9978266,0.2506577,-2.534091,-0.1055531,0.1665756,1.197418,0.9832003,-0.02524136,0.1807766,0.0749675,0.9588465,-0.2738489,-0.1664246,0.2828006,0.9446304,moving,-15.20719,24.95689,-5.037635,7.919723,-16.46144291237427,36.12630976674984
05/11/2023 12:33:30.063032,1755,True,True,True,True,Eyes,1.293119,-0.2466274,-3.592249,-0.2389726,0.4093115,0.8805431,1.193738,1.007848,0.2419833,-2.541111,0.6681543,-0.5783516,-0.4680589,-0.09583634,0.1630056,1.186376,1.288355,-0.250374,-3.600425,-0.1403446,-0.08844259,-0.02527305,0.9858208,343.6694,349.9612,358.507,0.3378938,-0.06438382,-0.9389792,0,0,0,1.001346,0.2482211,-2.534304,-0.1011489,0.166651,1.195651,0.9830784,-0.0250045,0.181471,0.07465427,0.9593293,-0.2722389,-0.1672832,0.2811797,0.9449626,moving,-15.1839,24.93088,-4.835559,7.93482,-16.438849910623162,36.10016487787017
05/11/2023 12:33:30.082832,1756,True,True,True,True,Eyes,1.293118,-0.2466595,-3.592143,-0.2386937,0.408944,0.8807896,1.187024,1.009783,0.2387669,-2.546625,0.343547,-0.4786592,-0.807998,-0.09418409,0.1621922,1.179651,1.288306,-0.2502581,-3.600206,-0.1400355,-0.08878309,-0.02540861,0.9858307,343.7031,349.9234,358.4937,0.3379038,-0.06439175,-0.9389751,0,0,0,1.004629,0.2459481,-2.534503,-0.09722328,0.1654039,1.193988,0.982944,-0.02523161,0.1821664,0.07496274,0.9594889,-0.2715908,-0.167934,0.2806142,0.9450153,moving,-15.16295,24.90509,-4.655174,7.887023,-16.418605757549972,36.07422684137004
05/11/2023 12:33:30.098090,1757,True,True,True,True,Eyes,1.293132,-0.2467017,-3.592035,-0.2384554,0.4085886,0.881019,1.184808,1.010608,0.2373973,-2.548197,0.163398,-0.4071611,-0.8986217,-0.09294732,0.1619969,1.177445,1.288257,-0.2503391,-3.599997,-0.1398667,-0.08901796,-0.02517458,0.9858395,343.7246,349.8919,358.5235,0.3379137,-0.06439991,-0.938971,0,0,0,1.008157,0.2435054,-2.534716,-0.09304655,0.1640184,1.19231,0.9828841,-0.02473489,0.182557,0.07453749,0.9596071,-0.2712903,-0.1684726,0.2802542,0.9450262,moving,-15.14474,24.88037,-4.462256,7.832651,-16.40108519095549,36.04935247310006
05/11/2023 12:33:30.114115,1758,True,True,True,True,Eyes,1.293149,-0.2467431,-3.591921,-0.2382404,0.408194,0.88126,1.183359,1.011225,0.2362972,-2.549073,-0.01336752,-0.3296987,-0.9439915,-0.091408,0.1625209,1.176126,1.288259,-0.2506137,-3.599888,-0.1394997,-0.08941633,-0.02482582,0.9858643,343.7699,349.8394,358.5675,0.3379237,-0.0644085,-0.9389668,0,0,0,1.011426,0.2412425,-2.534914,-0.0887351,0.1634506,1.190857,0.9827768,-0.02400266,0.1832311,0.07389686,0.959847,-0.2706158,-0.1693783,0.2794952,0.9450892,moving,-15.12776,24.85327,-4.261443,7.815276,-16.384881526741346,36.02206335176532
05/11/2023 12:33:30.132707,1759,True,True,True,True,Eyes,1.293184,-0.2467768,-3.591802,-0.2379648,0.4077623,0.8815343,1.1825,1.011791,0.2354023,-2.549387,-0.1887349,-0.2417347,-0.9518106,-0.09078513,0.1635813,1.17503,1.288355,-0.25062,-3.599621,-0.1387511,-0.08958793,-0.02491852,0.985952,343.855,349.8216,358.5518,0.3379341,-0.06441747,-0.9389625,0,0,0,1.014623,0.2390292,-2.535107,-0.08546895,0.1634301,1.189059,0.9827061,-0.02427607,0.1835737,0.07399775,0.9602545,-0.269139,-0.1697439,0.2780685,0.9454443,moving,-15.10658,24.82336,-4.11132,7.825977,-16.364541577901406,35.99196088481334
05/11/2023 12:33:30.143124,1760,True,True,True,True,Eyes,1.293221,-0.2468058,-3.591681,-0.2376699,0.4073693,0.8817955,1.182386,1.012204,0.2348618,-2.549058,-0.3792195,-0.1267762,-0.9165807,-0.09083275,0.164443,1.174705,1.288491,-0.2504476,-3.59947,-0.1380253,-0.08955472,-0.02524368,0.9860486,343.9354,349.832,358.5056,0.3379452,-0.0644266,-0.9389578,0,0,0,1.017894,0.2367641,-2.535305,-0.08276369,0.1630128,1.187275,0.9826854,-0.02506136,0.1835791,0.07450461,0.9606235,-0.2676779,-0.1696421,0.2767206,0.9458579,moving,-15.08445,24.79585,-3.987577,7.817827,-16.34316599394914,35.96429152714531
05/11/2023 12:33:30.163431,1761,True,True,True,True,Eyes,1.293276,-0.2468434,-3.591553,-0.2372143,0.4069809,0.8820974,1.181667,1.012968,0.2340726,-2.549208,-0.3285652,-0.1795103,-0.9272653,-0.09106265,0.1630466,1.174046,1.288561,-0.2503552,-3.599274,-0.1382161,-0.08933688,-0.02586049,0.9860257,343.9074,349.8677,358.4313,0.3379571,-0.06443574,-0.9389529,0,0,0,1.021292,0.2344116,-2.53551,-0.08038041,0.1603321,1.185688,0.9827003,-0.02630262,0.1833256,0.07569381,0.9604551,-0.2679487,-0.1690282,0.2771899,0.9458305,moving,-15.05193,24.76759,-3.878273,7.700988,-16.311353644257295,35.935933077829375
05/11/2023 12:33:30.182923,1762,True,True,True,True,Eyes,1.293331,-0.2468852,-3.59142,-0.2367313,0.4065375,0.8824316,0.0,0.0,0.0,0.0,0.0,0.0,0.0,-0.6162981,-0.8188863,3.691354,1.288598,-0.2505739,-3.599058,-0.1377642,-0.08888016,-0.02638165,0.9861164,343.955,349.931,358.3578,0.33797,-0.06444512,-0.9389476,0,0,0,1.024685,0.2320624,-2.535716,-0.07854375,0.1595234,1.18392,0.9828086,-0.02754175,0.1825612,0.07651977,0.96065,-0.2670135,-0.1680235,0.2763927,0.9462426,moving,-15.01723,24.73559,-3.79556,7.673909,-16.27746955860214,35.90380743913124
05/11/2023 12:33:30.193201,1763,True,True,True,True,Eyes,1.29338,-0.2469334,-3.591283,-0.2360702,0.4060859,0.8828165,0.0,0.0,0.0,0.0,0.0,0.0,0.0,-0.6212944,-0.8116449,3.691871,1.288647,-0.2506947,-3.598781,-0.1367804,-0.08824465,-0.02648015,0.9863078,344.0685,350.0091,358.3257,0.3379841,-0.06445483,-0.9389419,0,0,0,1.02805,0.229733,-2.535919,-0.0769563,0.1600651,1.181886,0.9830234,-0.02809489,0.1813167,0.07637542,0.9611799,-0.2651416,-0.1668288,0.2744885,0.947008,moving,-14.97095,24.70191,-3.725448,7.71275,-16.23198117076586,35.87006026777465
05/11/2023 12:33:30.213189,1764,True,True,True,True,Eyes,1.29343,-0.2469892,-3.591146,-0.2353786,0.4055606,0.8832426,0.0,0.0,0.0,0.0,0.0,0.0,0.0,-0.6274409,-0.8058221,3.691875,1.288661,-0.2508894,-3.598525,-0.1360429,-0.08746042,-0.0264178,0.9864812,344.1554,350.1017,358.3128,0.3379989,-0.06446501,-0.9389359,0,0,0,1.031336,0.2274578,-2.536118,-0.07561733,0.1601892,1.179984,0.9833056,-0.02832459,0.179744,0.07591804,0.9615889,-0.2637864,-0.1653682,0.2730285,0.947686,moving,-14.92217,24.66328,-3.666692,7.730948,-16.184138724426404,35.83132454151296
05/11/2023 12:33:30.232966,1765,True,True,True,True,Eyes,1.293502,-0.2470433,-3.591005,-0.2345074,0.4049466,0.8837559,0.0,0.0,0.0,0.0,0.0,0.0,0.0,-0.6337575,-0.7964048,3.69275,1.288732,-0.2510979,-3.598393,-0.1347711,-0.08665641,-0.02650796,0.9867244,344.3025,350.1996,358.2765,0.3380145,-0.06447581,-0.9389295,0,0,0,1.034601,0.2251974,-2.536315,-0.07453182,0.1614989,1.178054,0.983576,-0.02895455,0.178157,0.07566965,0.9622682,-0.2613696,-0.163867,0.2705579,0.9486549,moving,-14.86113,24.61777,-3.6201,7.805993,-16.124178678656513,35.78571380371612
05/11/2023 12:33:30.243492,1766,True,True,True,True,Eyes,1.29358,-0.2471059,-3.590863,-0.2335623,0.4043061,0.8842993,0.0,0.0,0.0,0.0,0.0,0.0,0.0,-0.6425492,-0.7856625,3.693426,1.288931,-0.2510625,-3.598216,-0.1332572,-0.08553752,-0.02671856,0.9870218,344.4769,350.3368,358.2189,0.3380314,-0.06448712,-0.9389226,0,0,0,1.037886,0.2229229,-2.536514,-0.07437322,0.1630774,1.175913,0.9839389,-0.02994662,0.1759757,0.07554059,0.9630573,-0.2584847,-0.1617339,0.2676264,0.9498516,moving,-14.79518,24.57012,-3.618979,7.895507,-16.059345381583185,35.7379719289699
05/11/2023 12:33:30.263203,1767,True,True,True,True,Eyes,1.293663,-0.2471781,-3.59072,-0.2323981,0.4036017,0.8849276,0.0,0.0,0.0,0.0,0.0,0.0,0.0,-0.6538166,-0.7802875,3.692469,1.289105,-0.2513088,-3.598014,-0.1325443,-0.0840811,-0.02682605,0.98724,344.5607,350.5112,358.1761,0.3380496,-0.06449912,-0.9389153,0,0,0,1.041436,0.2204649,-2.536729,-0.07454607,0.1629225,1.17394,0.9844215,-0.03067855,0.1731278,0.07525644,0.9634247,-0.257195,-0.1589052,0.2662173,0.9507247,moving,-14.71464,24.51699,-3.633446,7.901189,-15.98000231336237,35.684786196850155
05/11/2023 12:33:30.283536,1768,True,True,True,True,Eyes,1.293752,-0.2472447,-3.590578,-0.2311355,0.402845,0.8856028,0.0,0.0,0.0,0.0,0.0,0.0,0.0,-0.668038,-0.7728908,3.691392,1.289287,-0.2515918,-3.59784,-0.1315968,-0.08224815,-0.02680163,0.9875219,344.6736,350.7281,358.1409,0.338069,-0.06451197,-0.9389074,0,0,0,1.044703,0.2182034,-2.536926,-0.07580061,0.1635432,1.171996,0.9850338,-0.03128721,0.1694977,0.07458157,0.9639279,-0.2555006,-0.1553897,0.2643181,0.951835,moving,-14.62746,24.45994,-3.700537,7.9439,-15.894102756382505,35.62768100437334
05/11/2023 12:33:30.293742,1769,True,True,True,True,Eyes,1.293855,-0.247314,-3.590434,-0.2297112,0.4021055,0.8863091,0.0,0.0,0.0,0.0,0.0,0.0,0.0,-0.6829466,-0.7649826,3.690226,1.289508,-0.2514911,-3.59768,-0.1304703,-0.08031334,-0.02699335,0.9878253,344.8053,350.9602,358.0776,0.3380896,-0.06452545,-0.938899,0,0,0,1.047924,0.2159734,-2.537121,-0.07749884,0.1641468,1.169924,0.9856423,-0.03237243,0.1657148,0.07428644,0.9644977,-0.2534278,-0.1516274,0.2620996,0.9530545,moving,-14.53006,24.4031,-3.789886,7.986777,-15.797905963670223,35.57085629682361
05/11/2023 12:33:30.313423,1770,True,True,True,True,Eyes,1.293962,-0.2473842,-3.590292,-0.2282115,0.4013603,0.8870341,0.0,0.0,0.0,0.0,0.0,0.0,0.0,-0.6967716,-0.7612846,3.688296,1.289583,-0.2516,-3.597533,-0.1299625,-0.0784939,-0.02712516,0.9880348,344.8662,351.1772,358.0291,0.3381118,-0.06453955,-0.93889,0,0,0,1.051421,0.2135518,-2.537333,-0.07839718,0.1633685,1.168023,0.9862059,-0.03319868,0.1621599,0.07400374,0.9647479,-0.2525567,-0.1480589,0.2610734,0.9538969,moving,-14.42786,24.34554,-3.839907,7.962167,-15.696899876210026,35.513335560851914
05/11/2023 12:33:30.333076,1771,True,True,True,True,Eyes,1.29409,-0.2474581,-3.590147,-0.2268035,0.4006371,0.8877219,0.0,0.0,0.0,0.0,0.0,0.0,0.0,-0.7104217,-0.7576045,3.68639,1.289774,-0.2516772,-3.597398,-0.129481,-0.07671876,-0.02714604,0.988237,344.9251,351.3872,357.9948,0.3381353,-0.06455424,-0.9388806,0,0,0,1.054595,0.2113544,-2.537524,-0.07954557,0.1627091,1.166292,0.9867547,-0.03378618,0.1586624,0.07352067,0.9649956,-0.2517505,-0.1446028,0.2600809,0.9546978,moving,-14.33187,24.2901,-3.901748,7.942058,-15.602076643334915,35.45791707092134
05/11/2023 12:33:30.343089,1772,True,True,True,True,Eyes,1.294221,-0.2475275,-3.590003,-0.2253343,0.3999058,0.8884255,0.0,0.0,0.0,0.0,0.0,0.0,0.0,-0.7239913,-0.7517327,3.684819,1.289901,-0.251805,-3.597208,-0.128698,-0.07494967,-0.02720494,0.9884734,345.0185,351.5969,357.9539,0.3381606,-0.06456953,-0.9388704,0,0,0,1.058059,0.208956,-2.537734,-0.08038285,0.1626336,1.164313,0.9872849,-0.03449096,0.155174,0.07307445,0.9653934,-0.250351,-0.141169,0.258507,0.9556388,moving,-14.232,24.23388,-3.949368,7.951738,-15.50337242287458,35.40173574906767
05/11/2023 12:33:30.363087,1773,True,True,True,True,Eyes,1.294351,-0.2476027,-3.589852,-0.2239402,0.3992303,0.8890816,0.0,0.0,0.0,0.0,0.0,0.0,0.0,-0.7362903,-0.747979,3.683093,1.290097,-0.251754,-3.597088,-0.1282053,-0.07335649,-0.02715985,0.9886581,345.079,351.7841,357.9305,0.3381876,-0.06458526,-0.9388596,0,0,0,1.061395,0.2066464,-2.537936,-0.08089402,0.161794,1.162548,0.9877623,-0.03489421,0.152013,0.07251297,0.9656515,-0.2495176,-0.1380849,0.257487,0.9563645,moving,-14.13748,24.18183,-3.980419,7.923071,-15.409917576369624,35.34973527775458
05/11/2023 12:33:30.373301,1774,True,True,True,True,Eyes,1.294482,-0.2476807,-3.589701,-0.2224941,0.3984996,0.8897721,0.0,0.0,0.0,0.0,0.0,0.0,0.0,-0.749612,-0.7465758,3.680399,1.290254,-0.2519673,-3.596719,-0.1280758,-0.07161766,-0.02712917,0.9888032,345.0978,351.9886,357.9063,0.3382161,-0.06460154,-0.9388482,0,0,0,1.064779,0.2043038,-2.53814,-0.08165522,0.1603903,1.160698,0.9882699,-0.03530584,0.1485807,0.07199579,0.9657212,-0.2493976,-0.1346823,0.2571693,0.956935,moving,-14.03934,24.12603,-4.024135,7.867556,-15.312941416144234,35.29396710673184
05/11/2023 12:33:30.393111,1775,True,True,True,True,Eyes,1.294596,-0.2477592,-3.589549,-0.2211364,0.3977265,0.8904563,0.0,0.0,0.0,0.0,0.0,0.0,0.0,-0.7621199,-0.7377592,3.679496,1.290379,-0.2520944,-3.596551,-0.1270178,-0.070025,-0.02671967,0.9890649,345.2264,352.17,357.9217,0.338246,-0.06461839,-0.9388363,0,0,0,1.067987,0.2020828,-2.538334,-0.08205393,0.161238,1.158804,0.9887651,-0.03506614,0.1453063,0.0706438,0.9663051,-0.2475155,-0.1317308,0.2549996,0.957926,moving,-13.94672,24.06815,-4.050304,7.921372,-15.221591786527696,35.236058925855204
05/11/2023 12:33:30.413175,1776,True,True,True,True,Eyes,1.294707,-0.2478421,-3.589398,-0.2197712,0.3969285,0.8911501,0.0,0.0,0.0,0.0,0.0,0.0,0.0,-0.7732856,-0.7324172,3.67802,1.290401,-0.2521932,-3.596318,-0.1264657,-0.0685937,-0.02620142,0.9892498,345.2971,352.3307,357.9565,0.3382768,-0.06463577,-0.938824,0,0,0,1.071325,0.1997715,-2.538536,-0.08173789,0.1608618,1.156983,0.9892168,-0.03449,0.1423398,0.06918898,0.9666398,-0.2466177,-0.1290854,0.2538067,0.9586027,moving,-13.85357,24.00874,-4.041085,7.915408,-15.129758936087713,35.176607209617806
05/11/2023 12:33:30.423198,1777,True,True,True,True,Eyes,1.294795,-0.2479207,-3.58925,-0.2184552,0.3960904,0.8918463,0.0,0.0,0.0,0.0,0.0,0.0,0.0,-0.7811165,-0.7261159,3.677506,1.290415,-0.2523722,-3.596189,-0.125787,-0.06760563,-0.02568034,0.9894179,345.3814,352.4391,357.9977,0.3383082,-0.06465375,-0.9388114,0,0,0,1.074639,0.1974771,-2.538737,-0.08042957,0.1608452,1.15533,0.98954,-0.03380936,0.1402409,0.06782499,0.9670363,-0.2454395,-0.1273199,0.252384,0.9592142,moving,-13.76344,23.94716,-3.982283,7.925784,-15.041038382233138,35.11494114827076
05/11/2023 12:33:30.443101,1778,True,True,True,True,Eyes,1.294886,-0.2479928,-3.589098,-0.2171251,0.395243,0.8925468,0.0,0.0,0.0,0.0,0.0,0.0,0.0,-0.789672,-0.7153265,3.677681,1.290574,-0.2523499,-3.596019,-0.1244452,-0.06654694,-0.02523912,0.9896707,345.5415,352.557,358.0237,0.3383397,-0.06467216,-0.9387988,0,0,0,1.078006,0.1951458,-2.53894,-0.07947978,0.162097,1.153369,0.989869,-0.03339393,0.1380009,0.06651973,0.9677528,-0.2429604,-0.1254373,0.2496788,0.9601698,moving,-13.67247,23.88501,-3.942077,8.000078,-14.951490835116815,35.0527043285498
05/11/2023 12:33:30.463297,1779,True,True,True,True,Eyes,1.294952,-0.2480608,-3.588945,-0.2157809,0.3944362,0.8932294,0.0,0.0,0.0,0.0,0.0,0.0,0.0,-0.7987869,-0.7101811,3.676521,1.290737,-0.2522647,-3.595773,-0.1239851,-0.06542198,-0.02440543,0.9898243,345.6029,352.6769,358.1013,0.3383715,-0.06469081,-0.9387861,0,0,0,1.081266,0.1928891,-2.539138,-0.07847159,0.1614449,1.151649,0.9902486,-0.03209146,0.1355644,0.06453687,0.9680641,-0.2422537,-0.1234607,0.2486403,0.9606953,moving,-13.58097,23.82551,-3.898019,7.980052,-14.861322303046446,34.99315060682903
05/11/2023 12:33:30.473297,1780,True,True,True,True,Eyes,1.295023,-0.2481323,-3.588789,-0.2143954,0.393597,0.8939329,0.0,0.0,0.0,0.0,0.0,0.0,0.0,-0.8097865,-0.7079344,3.674305,1.290891,-0.252268,-3.59547,-0.1239028,-0.0640272,-0.0237066,0.9899428,345.6201,352.8307,358.1619,0.3384028,-0.06470956,-0.9387735,0,0,0,1.084772,0.1904618,-2.53935,-0.07786786,0.1598196,1.149904,0.990677,-0.03107006,0.1326412,0.06280266,0.9681722,-0.2422777,-0.1208919,0.2483491,0.9610972,moving,-13.48673,23.76381,-3.873975,7.912574,-14.768467426953718,34.93139061025184
05/11/2023 12:33:30.493178,1781,True,True,True,True,Eyes,1.295076,-0.2482009,-3.588632,-0.2128093,0.3927689,0.8946759,0.0,0.0,0.0,0.0,0.0,0.0,0.0,-0.8217244,-0.70035,3.672966,1.291051,-0.2524136,-3.595258,-0.1231365,-0.06252473,-0.02290754,0.9901533,345.7169,352.9956,358.228,0.3384338,-0.06472851,-0.938761,0,0,0,1.087916,0.1882852,-2.53954,-0.07786673,0.1601186,1.14818,0.9911318,-0.0299658,0.1294596,0.06076209,0.9686253,-0.2409834,-0.1181766,0.2467125,0.9618562,moving,-13.37985,23.70181,-3.879716,7.938938,-14.662895473841619,34.86941154429527
05/11/2023 12:33:30.512851,1782,True,True,True,True,Eyes,1.295133,-0.2482707,-3.588473,-0.2111889,0.391934,0.8954256,0.0,0.0,0.0,0.0,0.0,0.0,0.0,-0.8334579,-0.6942787,3.671238,1.291131,-0.2524212,-3.594987,-0.1225037,-0.06102075,-0.02231687,0.990339,345.7967,353.1637,358.2709,0.3384643,-0.06474756,-0.9387487,0,0,0,1.091359,0.1859014,-2.539748,-0.07759878,0.1597433,1.146309,0.9915568,-0.02925199,0.1263302,0.05915306,0.9689896,-0.2399168,-0.1153946,0.245364,0.9625386,moving,-13.27086,23.63933,-3.872698,7.933332,-14.555214823534147,34.80696119178879
05/11/2023 12:33:30.523428,1783,True,True,True,True,Eyes,1.295195,-0.2483436,-3.588313,-0.2092097,0.3911273,0.8962426,0.0,0.0,0.0,0.0,0.0,0.0,0.0,-0.8447267,-0.689483,3.669429,1.291239,-0.2525134,-3.594802,-0.1220374,-0.05957251,-0.021787,0.9904966,345.8565,353.3261,358.3087,0.3384943,-0.06476676,-0.9387365,0,0,0,1.094583,0.1836688,-2.539943,-0.07746051,0.1591494,1.144695,0.9919529,-0.02861974,0.1233304,0.05770003,0.9692644,-0.2391594,-0.1126951,0.244351,0.963116,moving,-13.13926,23.57683,-3.871253,7.915213,-14.424769273443738,34.74464136889027
05/11/2023 12:33:30.543120,1784,True,True,True,True,Eyes,1.29526,-0.2484193,-3.588152,-0.2072121,0.3902827,0.8970744,0.0,0.0,0.0,0.0,0.0,0.0,0.0,-0.8566263,-0.6821558,3.667874,1.291345,-0.2526476,-3.594585,-0.1212204,-0.05804195,-0.02129927,0.9906984,345.9565,353.4988,358.3383,0.338524,-0.06478614,-0.9387245,0,0,0,1.097888,0.1813811,-2.540143,-0.07747806,0.1593379,1.142919,0.992355,-0.02813057,0.1201679,0.05627403,0.9697039,-0.2377131,-0.1098403,0.2426581,0.9638735,moving,-13.00644,23.51201,-3.878126,7.936628,-14.293171792026055,34.67998379774099
05/11/2023 12:33:30.563393,1785,True,True,True,True,Eyes,1.295313,-0.248496,-3.587991,-0.204966,0.3894277,0.8979616,0.0,0.0,0.0,0.0,0.0,0.0,0.0,-0.8679107,-0.6743311,3.666517,1.291454,-0.2527784,-3.594383,-0.1203387,-0.05659384,-0.02079588,0.9909002,346.0638,353.6615,358.3709,0.3385536,-0.06480579,-0.9387124,0,0,0,1.101228,0.1790685,-2.540345,-0.07726428,0.1596413,1.141148,0.9927293,-0.02759243,0.1171628,0.05483413,0.9701723,-0.2361334,-0.1071526,0.240841,0.9646314,moving,-12.85788,23.4454,-3.873441,7.963728,-14.1457850126051,34.613621203642374
05/11/2023 12:33:30.583323,1786,True,True,True,True,Eyes,1.29537,-0.2485696,-3.587829,-0.202699,0.3885389,0.8988608,0.0,0.0,0.0,0.0,0.0,0.0,0.0,-0.8793288,-0.6664401,3.665095,1.291552,-0.2528774,-3.594193,-0.1194199,-0.05511959,-0.0203764,0.9911032,346.1748,353.8284,358.3933,0.3385827,-0.06482569,-0.9387006,0,0,0,1.104639,0.176707,-2.540551,-0.07707112,0.1599187,1.139354,0.9930933,-0.02722549,0.1141251,0.053555,0.9706473,-0.2344687,-0.1043917,0.2389613,0.9654014,moving,-12.70801,23.37676,-3.869854,7.98979,-13.997146124849811,34.54521469669908
05/11/2023 12:33:30.593530,1787,True,True,True,True,Eyes,1.29542,-0.2486442,-3.587668,-0.2002463,0.3876582,0.8997903,0.0,0.0,0.0,0.0,0.0,0.0,0.0,-0.8911355,-0.6593319,3.663359,1.291671,-0.2528593,-3.59398,-0.1185332,-0.05358071,-0.02016576,0.9912984,346.2808,354.0058,358.391,0.3386116,-0.06484575,-0.9386888,0,0,0,1.10819,0.1742484,-2.540766,-0.07701227,0.1598592,1.13748,0.9934449,-0.02727838,0.1110096,0.05268275,0.9710864,-0.2328425,-0.1014483,0.2371645,0.966158,moving,-12.54658,23.30791,-3.87326,7.999843,-13.8368746243641,34.47667292351729
05/11/2023 12:33:30.613185,1788,True,True,True,True,Eyes,1.295475,-0.24872,-3.587505,-0.1977538,0.386776,0.9007207,0.0,0.0,0.0,0.0,0.0,0.0,0.0,-0.9031763,-0.6541056,3.66124,1.291796,-0.2529573,-3.593819,-0.1178923,-0.05199954,-0.02004704,0.9914613,346.3579,354.1894,358.3789,0.33864,-0.06486597,-0.9386771,0,0,0,1.111397,0.1720278,-2.54096,-0.07742362,0.1595141,1.135882,0.9937884,-0.02749104,0.1078378,0.05201241,0.971399,-0.2316863,-0.09838429,0.2358561,0.9667949,moving,-12.38286,23.23904,-3.899343,7.993877,-13.674298027620017,34.40812619584099
05/11/2023 12:33:30.632929,1789,True,True,True,True,Eyes,1.295506,-0.2487966,-3.587342,-0.1950878,0.3859033,0.9016759,0.0,0.0,0.0,0.0,0.0,0.0,0.0,-0.9173664,-0.6499408,3.658275,1.291931,-0.2530488,-3.593583,-0.117424,-0.05013086,-0.01986058,0.9916168,346.416,354.4057,358.372,0.3386682,-0.06488638,-0.9386655,0,0,0,1.114752,0.1697054,-2.541163,-0.07828152,0.1587067,1.13419,0.994185,-0.02761505,0.1040854,0.0511613,0.9716343,-0.2308879,-0.09475698,0.2348705,0.967397,moving,-12.20841,23.17018,-3.948281,7.965652,-13.500917277880404,34.3396611222681
05/11/2023 12:33:30.643109,1790,True,True,True,True,Eyes,1.295539,-0.248878,-3.587179,-0.1923896,0.3849997,0.9026414,0.0,0.0,0.0,0.0,0.0,0.0,0.0,-0.9321479,-0.6426073,3.655646,1.292023,-0.2531542,-3.593352,-0.1165618,-0.04818853,-0.0195484,0.9918212,346.5203,354.6287,358.377,0.3386955,-0.06490698,-0.9386542,0,0,0,1.118045,0.1674252,-2.541362,-0.0792685,0.1588726,1.132394,0.9945914,-0.02754314,0.100146,0.0500109,0.9720624,-0.2293328,-0.0910316,0.2331009,0.9681825,moving,-12.03201,23.09949,-4.00422,7.986358,-13.325633424960646,34.26935863432763
05/11/2023 12:33:30.662941,1791,True,True,True,True,Eyes,1.295536,-0.2489576,-3.587019,-0.189602,0.3840915,0.9036177,0.0,0.0,0.0,0.0,0.0,0.0,0.0,-0.9469824,-0.6351439,3.653025,1.292102,-0.2533335,-3.593198,-0.115722,-0.04623929,-0.01913288,0.9920203,346.6225,354.8509,358.3944,0.3387222,-0.06492788,-0.9386431,0,0,0,1.121357,0.165132,-2.541562,-0.08016153,0.1590507,1.1307,0.9949917,-0.02725861,0.09616882,0.04866222,0.9724847,-0.2278278,-0.08731244,0.2313665,0.9689407,moving,-11.8502,23.02839,-4.055229,8.007016,-13.144915863478145,34.198677643610296
05/11/2023 12:33:30.673002,1792,True,True,True,True,Eyes,1.295537,-0.2490384,-3.586859,-0.1868001,0.3831367,0.904606,0.0,0.0,0.0,0.0,0.0,0.0,0.0,-0.9611615,-0.6272031,3.650528,1.292138,-0.2533851,-3.593014,-0.1147906,-0.04436957,-0.01874925,0.9922212,346.7348,355.0642,358.4092,0.3387475,-0.06494902,-0.9386325,0,0,0,1.124731,0.1627964,-2.541766,-0.08078925,0.1592667,1.12892,0.9953596,-0.02702039,0.09235334,0.04739324,0.9729432,-0.2261316,-0.08374439,0.2294592,0.9697089,moving,-11.66752,22.95459,-4.093297,8.030224,-12.963411302713393,34.125272331612074
05/11/2023 12:33:30.693557,1793,True,True,True,True,Eyes,1.295528,-0.2491173,-3.5867,-0.1840704,0.3821688,0.9055744,0.0,0.0,0.0,0.0,0.0,0.0,0.0,-0.9747672,-0.6181483,3.648356,1.292212,-0.2534717,-3.592871,-0.1137255,-0.04258453,-0.01831075,0.9924303,346.8625,355.2666,358.4313,0.3387715,-0.06497041,-0.9386224,0,0,0,1.127917,0.1605904,-2.541959,-0.08142273,0.1599289,1.127231,0.9957025,-0.0266584,0.08868916,0.04603018,0.9734625,-0.2241697,-0.08035956,0.2272887,0.9705062,moving,-11.48962,22.88062,-4.131444,8.075097,-12.786725231648784,34.051663252273556
05/11/2023 12:33:30.713317,1794,True,True,True,True,Eyes,1.295526,-0.2491986,-3.586544,-0.1813307,0.3811871,0.9065405,0.0,0.0,0.0,0.0,0.0,0.0,0.0,-0.9882507,-0.6114587,3.645704,1.292276,-0.253501,-3.592693,-0.1129484,-0.04080193,-0.0179756,0.9926,346.9564,355.4702,358.4431,0.3387942,-0.06499198,-0.9386128,0,0,0,1.131263,0.1582742,-2.542161,-0.08191301,0.1597584,1.125552,0.9960241,-0.02646814,0.08506063,0.04490218,0.9738391,-0.2227582,-0.07693938,0.225692,0.9711558,moving,-11.3113,22.80605,-4.16241,8.078476,-12.609636045699983,33.97745027951157
05/11/2023 12:33:30.733099,1795,True,True,True,True,Eyes,1.295532,-0.2492802,-3.586389,-0.1788521,0.3801718,0.9074587,0.0,0.0,0.0,0.0,0.0,0.0,0.0,-1.000784,-0.6055698,3.643226,1.292392,-0.2536264,-3.5926,-0.1122874,-0.0391499,-0.01764936,0.9927474,347.0367,355.6587,358.4564,0.3388159,-0.06501376,-0.9386035,0,0,0,1.134764,0.1558497,-2.542373,-0.08199643,0.1592934,1.124009,0.9963115,-0.02625064,0.08169553,0.04383479,0.9741601,-0.221564,-0.07376831,0.2243279,0.9717177,moving,-11.14959,22.73082,-4.172337,8.066185,-12.449292890355506,33.902459196001594
05/11/2023 12:33:30.742940,1796,True,True,True,True,Eyes,1.295545,-0.2493618,-3.586234,-0.176329,0.3791584,0.908376,0.0,0.0,0.0,0.0,0.0,0.0,0.0,-1.013931,-0.5978195,3.640799,1.292559,-0.2536979,-3.592463,-0.111321,-0.03741705,-0.01746381,0.9929263,347.1515,355.8582,358.4513,0.3388367,-0.06503573,-0.9385944,0,0,0,1.137905,0.1536754,-2.542563,-0.0827667,0.1596501,1.122418,0.99659,-0.02634994,0.07819293,0.04301116,0.9746053,-0.2197602,-0.07041658,0.222374,0.9724152,moving,-10.98532,22.65578,-4.217339,8.095318,-12.286365859962633,33.82767730105314
05/11/2023 12:33:30.763209,1797,True,True,True,True,Eyes,1.295571,-0.2494426,-3.586077,-0.1739852,0.3781491,0.9092482,0.0,0.0,0.0,0.0,0.0,0.0,0.0,-1.028394,-0.5934795,3.637328,1.292698,-0.2537669,-3.592284,-0.1108202,-0.03549135,-0.01730905,0.9930557,347.2128,356.0809,358.4422,0.338857,-0.06505787,-0.9385856,0,0,0,1.141409,0.1512494,-2.542775,-0.08354858,0.1587257,1.120813,0.9968815,-0.02651139,0.07432617,0.04224402,0.9748385,-0.2188726,-0.0666534,0.2213299,0.9729185,moving,-10.83264,22.58204,-4.263106,8.060432,-12.1350657245637,33.75413263269147
05/11/2023 12:33:30.783197,1798,True,True,True,True,Eyes,1.295601,-0.2495252,-3.585922,-0.1716031,0.3771272,0.910125,0.0,0.0,0.0,0.0,0.0,0.0,0.0,-1.043353,-0.590216,3.63344,1.292742,-0.2538158,-3.592106,-0.1104803,-0.03348215,-0.01711574,0.9931667,347.2559,356.3128,358.4373,0.3388771,-0.06508014,-0.9385768,0,0,0,1.144628,0.1490205,-2.54297,-0.08466733,0.1576039,1.119327,0.997172,-0.02659933,0.0702886,0.04139579,0.9750023,-0.2183045,-0.06272479,0.2205968,0.9733461,moving,-10.6777,22.50758,-4.325688,8.01469,-11.981513769857425,33.67987500039505
05/11/2023 12:33:30.793199,1799,True,True,True,True,Eyes,1.295628,-0.2496086,-3.585765,-0.1693093,0.3761003,0.9109791,0.0,0.0,0.0,0.0,0.0,0.0,0.0,-1.056502,-0.5845665,3.630435,1.292805,-0.2539271,-3.591956,-0.1097835,-0.03172002,-0.01701747,0.9933035,347.3394,356.5168,358.4235,0.3388972,-0.06510257,-0.9385679,0,0,0,1.14793,0.1467347,-2.543169,-0.08524656,0.1572604,1.117799,0.9974085,-0.02684236,0.06675169,0.0407717,0.975316,-0.2170171,-0.05927874,0.2191763,0.9738829,moving,-10.52853,22.43342,-4.361098,8.00824,-11.833761625919848,33.605882243372875
05/11/2023 12:33:30.813376,1800,True,True,True,True,Eyes,1.29566,-0.2496936,-3.585609,-0.1669734,0.3750537,0.9118413,0.0,0.0,0.0,0.0,0.0,0.0,0.0,-1.069403,-0.5791283,3.627371,1.292872,-0.2540196,-3.591766,-0.1091175,-0.02999031,-0.01690828,0.9934325,347.4192,356.7168,358.4118,0.3389172,-0.06512517,-0.9385592,0,0,0,1.151379,0.1443463,-2.543378,-0.08559404,0.1567432,1.116217,0.9976294,-0.02704953,0.06327667,0.04013941,0.975615,-0.2157876,-0.05589672,0.2178159,0.9743879,moving,-10.37685,22.35809,-4.384991,7.993415,-11.68352077371794,33.53072316895924
05/11/2023 12:33:30.833249,1801,True,True,True,True,Eyes,1.295693,-0.2497818,-3.585451,-0.1647052,0.3739963,0.9126878,0.0,0.0,0.0,0.0,0.0,0.0,0.0,-1.082561,-0.5728581,3.624337,1.292962,-0.2541255,-3.5916,-0.1083079,-0.02822432,-0.01689127,0.9935732,347.5154,356.9219,358.3888,0.3389371,-0.06514795,-0.9385504,0,0,0,1.15458,0.1421307,-2.543571,-0.08634636,0.1566813,1.114687,0.9978362,-0.02745158,0.05974477,0.03967924,0.9759681,-0.2142702,-0.05242694,0.2161772,0.9749455,moving,-10.2296,22.28257,-4.429423,8.00112,-11.537746662341544,33.45534243771282
05/11/2023 12:33:30.843024,1802,True,True,True,True,Eyes,1.295727,-0.2498703,-3.585295,-0.1624102,0.3729141,0.9135414,0.0,0.0,0.0,0.0,0.0,0.0,0.0,-1.095562,-0.5655413,3.621408,1.293023,-0.254273,-3.591395,-0.107396,-0.02648126,-0.01676357,0.9937221,347.6237,357.1228,358.3791,0.3389571,-0.06517099,-0.9385416,0,0,0,1.15804,0.1397351,-2.543781,-0.08669657,0.1567562,1.113046,0.9980355,-0.0276287,0.05623072,0.03900463,0.9763701,-0.2125558,-0.04902935,0.2143315,0.9755297,moving,-10.08077,22.20563,-4.453849,8.016546,-11.390428480670396,33.37853639920033
05/11/2023 12:33:30.863146,1803,True,True,True,True,Eyes,1.295765,-0.249937,-3.585143,-0.1601776,0.3718277,0.914378,0.0,0.0,0.0,0.0,0.0,0.0,0.0,-1.107266,-0.5591881,3.618582,1.292989,-0.2549568,-3.591106,-0.1066735,-0.02489746,-0.0166853,0.9938423,347.7097,357.3058,358.3665,0.3389771,-0.06519426,-0.9385327,0,0,0,1.161279,0.1374926,-2.543977,-0.08685631,0.1570753,1.111588,0.9982035,-0.02785331,0.05304806,0.03847691,0.9766847,-0.2112024,-0.04592854,0.2128641,0.9760017,moving,-9.93606,22.12889,-4.467853,8.043054,-11.247252053404267,33.30190512174725
05/11/2023 12:33:30.883012,1804,True,True,True,True,Eyes,1.295807,-0.2500303,-3.58498,-0.1579008,0.3707293,0.9152198,0.0,0.0,0.0,0.0,0.0,0.0,0.0,-1.119495,-0.5514569,3.615938,1.293106,-0.2544818,-3.59103,-0.1056995,-0.02327309,-0.01629927,0.9939921,347.8256,357.4893,358.3889,0.3389972,-0.06521716,-0.9385238,0,0,0,1.16464,0.1351654,-2.54418,-0.08692636,0.1567596,1.109997,0.9983854,-0.02748279,0.04971218,0.0373226,0.9771239,-0.2093703,-0.04282088,0.2108876,0.976572,moving,-9.788745,22.05146,-4.477822,8.03845,-11.10147544446034,33.22459351534464
05/11/2023 12:33:30.893235,1805,True,True,True,True,Eyes,1.295853,-0.2501265,-3.584817,-0.1556727,0.369552,0.9160771,0.0,0.0,0.0,0.0,0.0,0.0,0.0,-1.132995,-0.5441046,3.612643,1.293254,-0.2545923,-3.590765,-0.1048246,-0.02147244,-0.0160386,0.9941295,347.93,357.695,358.3951,0.3390176,-0.06524044,-0.9385148,0,0,0,1.167834,0.1329542,-2.544373,-0.08766216,0.1568994,1.108403,0.9985634,-0.02738722,0.04605525,0.03639058,0.9775091,-0.2077297,-0.03933029,0.2091073,0.9771014,moving,-9.644375,21.9695,-4.522038,8.056946,-10.95881339680003,33.14268173501351
05/11/2023 12:33:30.912915,1806,True,True,True,True,Eyes,1.295907,-0.250219,-3.584655,-0.1535009,0.3683813,0.9169148,0.0,0.0,0.0,0.0,0.0,0.0,0.0,-1.147174,-0.5349501,3.609433,1.293347,-0.2547373,-3.59062,-0.1037496,-0.01957696,-0.01564169,0.9942878,348.0577,357.9097,358.4161,0.3390383,-0.06526414,-0.9385057,0,0,0,1.171272,0.130574,-2.544581,-0.08822374,0.157363,1.106806,0.9987441,-0.02704249,0.0421759,0.03516689,0.9779827,-0.2057015,-0.03568462,0.2069263,0.9777055,moving,-9.503769,21.88837,-4.557425,8.091945,-10.81991389073766,33.061584117853656
05/11/2023 12:33:30.923076,1807,True,True,True,True,Eyes,1.29596,-0.250315,-3.584491,-0.151287,0.3671904,0.91776,0.0,0.0,0.0,0.0,0.0,0.0,0.0,-1.160742,-0.5274265,3.605974,1.293258,-0.2547163,-3.590426,-0.1028665,-0.01773223,-0.01528495,0.9944197,348.1631,358.1192,358.4338,0.3390596,-0.06528811,-0.9384964,0,0,0,1.174547,0.1283061,-2.544779,-0.08866224,0.1573389,1.105242,0.9989039,-0.02675121,0.03841117,0.03404742,0.9783697,-0.204043,-0.03212193,0.2051271,0.9782081,moving,-9.360671,21.80606,-4.586434,8.102018,-10.678544129831918,32.97930995172383
05/11/2023 12:33:30.942935,1808,True,True,True,True,Eyes,1.296013,-0.2504154,-3.584322,-0.1490423,0.365974,0.9186128,0.0,0.0,0.0,0.0,0.0,0.0,0.0,-1.174009,-0.5197947,3.60259,1.293247,-0.2548778,-3.590222,-0.1020129,-0.01593922,-0.01486922,0.9945443,348.2649,358.322,358.4594,0.3390812,-0.06531242,-0.9384869,0,0,0,1.177842,0.1260253,-2.544978,-0.08901223,0.1574205,1.103737,0.9990497,-0.02632418,0.03473823,0.03282821,0.9787445,-0.2024387,-0.02867082,0.2033868,0.9786786,moving,-9.215772,21.72227,-4.610712,8.117073,-10.535409755606052,32.895551282472496
05/11/2023 12:33:30.962954,1809,True,True,True,True,Eyes,1.296086,-0.2505158,-3.584152,-0.1465329,0.3647566,0.9195002,0.0,0.0,0.0,0.0,0.0,0.0,0.0,-1.187296,-0.5107337,3.59927,1.293277,-0.2550748,-3.589935,-0.1011173,-0.01416457,-0.01401992,0.9946748,348.3721,358.5174,358.5359,0.3391032,-0.06533715,-0.9384772,0,0,0,1.181424,0.1235453,-2.545195,-0.08883818,0.1575461,1.102104,0.9992056,-0.02502595,0.03101361,0.03075508,0.9791575,-0.2007605,-0.02534298,0.2015548,0.9791493,moving,-9.054604,21.63774,-4.608523,8.135333,-10.375918837984528,32.81115283151419
05/11/2023 12:33:30.972893,1810,True,True,True,True,Eyes,1.296168,-0.2506113,-3.583982,-0.1439733,0.3635158,0.9203955,0.0,0.0,0.0,0.0,0.0,0.0,0.0,-1.200593,-0.5031485,3.595762,1.293365,-0.255184,-3.589732,-0.1003906,-0.01238679,-0.01324001,0.994783,348.4594,358.7142,358.6049,0.3391261,-0.06536226,-0.9384672,0,0,0,1.18456,0.1213742,-2.545385,-0.08920275,0.1574505,1.100704,0.9993426,-0.02385483,0.02730267,0.0288289,0.9794928,-0.1994057,-0.02198598,0.2000617,0.9795366,moving,-8.890474,21.55184,-4.633214,8.140667,-10.213490693881061,32.7253888456243
05/11/2023 12:33:30.992792,1811,True,True,True,True,Eyes,1.296281,-0.2507083,-3.583809,-0.1411756,0.3622881,0.9213125,0.0,0.0,0.0,0.0,0.0,0.0,0.0,-1.216963,-0.4946067,3.591313,1.293641,-0.2551182,-3.589508,-0.09949887,-0.01020644,-0.01251604,0.9949067,348.5659,358.9584,358.6628,0.33915,-0.06538758,-0.9384568,0,0,0,1.187698,0.1192011,-2.545574,-0.09064828,0.1575212,1.099139,0.9994783,-0.02287352,0.02279958,0.02693564,0.9798867,-0.1977287,-0.01781825,0.1982396,0.9799916,moving,-8.711848,21.46626,-4.714633,8.155713,-10.036456269388326,32.64004508219094
05/11/2023 12:33:31.012931,1812,True,True,True,True,Eyes,1.296397,-0.250798,-3.583631,-0.1383035,0.361074,0.9222243,0.0,0.0,0.0,0.0,0.0,0.0,0.0,-1.23436,-0.4888757,3.585949,1.29381,-0.2552242,-3.589232,-0.09899434,-0.007856658,-0.01189262,0.9949859,348.6277,359.2238,358.7077,0.3391754,-0.0654131,-0.9384458,0,0,0,1.191057,0.1168757,-2.545778,-0.0921673,0.1567486,1.097611,0.9995937,-0.02211044,0.01798913,0.0252215,0.9801173,-0.1968091,-0.01327992,0.1971828,0.9802768,moving,-8.528932,21.38159,-4.799914,8.127394,-9.855072337576628,32.555650074677516
05/11/2023 12:33:31.023116,1813,True,True,True,True,Eyes,1.296512,-0.2508976,-3.583446,-0.1352327,0.3598162,0.9231709,0.0,0.0,0.0,0.0,0.0,0.0,0.0,-1.252037,-0.4850264,3.58006,1.293937,-0.2551289,-3.588916,-0.09852017,-0.00543528,-0.01186282,0.9950495,348.6855,359.5045,358.683,0.3392025,-0.06543864,-0.9384342,0,0,0,1.194471,0.1145118,-2.545984,-0.09404351,0.1555585,1.095989,0.9996594,-0.02253722,0.0131542,0.02467916,0.9803061,-0.1959359,-0.008479291,0.1961939,0.9805285,moving,-8.333826,21.29391,-4.904366,8.078283,-9.661513740767585,32.46829276380814
05/11/2023 12:33:31.043324,1814,True,True,True,True,Eyes,1.296625,-0.250998,-3.583258,-0.1321092,0.3585137,0.9241294,0.0,0.0,0.0,0.0,0.0,0.0,0.0,-1.271115,-0.4753321,3.574326,1.294029,-0.2554434,-3.588553,-0.09737619,-0.002827517,-0.01160027,0.9951761,348.8208,359.8033,358.6836,0.339231,-0.06546444,-0.9384221,0,0,0,1.19777,0.112228,-2.546184,-0.09629706,0.156368,1.094193,0.9997149,-0.02253796,0.007886934,0.02363929,0.9807667,-0.1937473,-0.003368574,0.1938785,0.9810197,moving,-8.135616,21.20364,-5.029494,8.132911,-9.464915149172844,32.378337254101815
05/11/2023 12:33:31.063336,1815,True,True,True,True,Eyes,1.296722,-0.251105,-3.583071,-0.1288867,0.3571343,0.925118,0.0,0.0,0.0,0.0,0.0,0.0,0.0,-1.288794,-0.4644573,3.569125,1.294038,-0.2555433,-3.588248,-0.09614602,-0.0004074541,-0.01102199,0.9953061,348.9656,0.07637544,358.7237,0.3392607,-0.06549053,-0.9384096,0,0,0,1.201091,0.109929,-2.546385,-0.09786142,0.1571876,1.09243,0.9997567,-0.02186216,0.002930525,0.02201886,0.9812689,-0.1913805,0.001308358,0.1913984,0.9815115,moving,-7.931352,21.10868,-5.118971,8.187976,-9.262375478157562,32.28367978651299
05/11/2023 12:33:31.072971,1816,True,True,True,True,Eyes,1.296826,-0.2512203,-3.582879,-0.1256275,0.3556643,0.9261321,0.0,0.0,0.0,0.0,0.0,0.0,0.0,-1.304867,-0.4540668,3.564487,1.294113,-0.2557897,-3.588072,-0.09494676,0.001789822,-0.01057966,0.9954245,349.1064,0.3251285,358.7511,0.3392913,-0.06551704,-0.9383967,0,0,0,1.204566,0.1075232,-2.546595,-0.09892143,0.1579212,1.090855,0.9997697,-0.02140238,-0.001554257,0.02072263,0.9817464,-0.1890625,0.005572274,0.1889868,0.9819638,moving,-7.724881,21.00839,-5.181551,8.237382,-9.057789288518723,32.18364757103788
05/11/2023 12:33:31.092905,1817,True,True,True,True,Eyes,1.296916,-0.2513343,-3.582685,-0.1223143,0.3541402,0.9271591,0.0,0.0,0.0,0.0,0.0,0.0,0.0,-1.321311,-0.4387864,3.560127,1.294333,-0.2560704,-3.58776,-0.09303077,0.004019822,-0.01025658,0.9956023,349.3295,0.5779561,358.7656,0.3393227,-0.06554415,-0.9383834,0,0,0,1.20791,0.1052076,-2.546797,-0.1003961,0.1603307,1.088949,0.9997573,-0.02117088,-0.006095934,0.01967501,0.9824802,-0.1853258,0.009912643,0.1851608,0.9826582,moving,-7.515275,20.90499,-5.267513,8.375731,-8.850149028932758,32.08049156213977
05/11/2023 12:33:31.123104,1818,True,True,True,True,Eyes,1.297009,-0.2514513,-3.582489,-0.1189395,0.352571,0.9281957,0.0,0.0,0.0,0.0,0.0,0.0,0.0,-1.339681,-0.4257534,3.554672,1.294548,-0.2561244,-3.587512,-0.09130628,0.006534458,-0.0101939,0.9957492,349.531,0.8667294,358.7475,0.3393546,-0.06557178,-0.9383699,0,0,0,1.211272,0.1028802,-2.547,-0.1025719,0.1620113,1.087068,0.9997067,-0.02149441,-0.01115183,0.01910785,0.9831185,-0.1819695,0.01487489,0.1817031,0.9832409,moving,-7.302118,20.79906,-5.390268,8.476692,-8.639016721683202,31.97480100416666
05/11/2023 12:33:31.133147,1819,True,True,True,True,Eyes,1.297093,-0.2515706,-3.582295,-0.1155551,0.3509769,0.9292267,0.0,0.0,0.0,0.0,0.0,0.0,0.0,-1.358109,-0.4147035,3.548775,1.294641,-0.2562827,-3.587264,-0.08990742,0.009080024,-0.01003648,0.9958581,349.695,1.158349,358.7407,0.3393871,-0.06559996,-0.9383562,0,0,0,1.214511,0.1006374,-2.547196,-0.1047506,0.1631724,1.085337,0.9996337,-0.02162255,-0.01628012,0.0183571,0.9836318,-0.1792523,0.01988954,0.1788878,0.9836684,moving,-7.088693,20.69198,-5.51279,8.549963,-8.427652472183139,31.867949403337768
05/11/2023 12:33:31.143229,1820,True,True,True,True,Eyes,1.297177,-0.2516905,-3.582096,-0.1121398,0.3493447,0.9302596,0.0,0.0,0.0,0.0,0.0,0.0,0.0,-1.374756,-0.4039074,3.543462,1.294696,-0.2564329,-3.587091,-0.0885186,0.01138765,-0.009921885,0.9959601,349.8575,1.422675,358.7322,0.3394198,-0.0656287,-0.9383424,0,0,0,1.21787,0.0983121,-2.547399,-0.1062745,0.164197,1.083721,0.9995438,-0.02177964,-0.02092674,0.01774757,0.984132,-0.176548,0.02443982,0.176096,0.9840695,moving,-6.873655,20.5829,-5.600773,8.615486,-8.214730040942268,31.759086244613375
05/11/2023 12:33:31.163157,1821,True,True,True,True,Eyes,1.297259,-0.2518117,-3.581893,-0.1087896,0.3477192,0.931266,0.0,0.0,0.0,0.0,0.0,0.0,0.0,-1.390385,-0.3935162,3.538226,1.294739,-0.2565407,-3.586768,-0.08718596,0.01355922,-0.009791223,0.9960517,350.0134,1.671011,358.7276,0.3394527,-0.06565797,-0.9383284,0,0,0,1.222143,0.09535351,-2.547658,-0.1065446,0.1644804,1.081871,0.9994406,-0.02186948,-0.02530405,0.01714078,0.9846056,-0.173949,0.02871868,0.1734179,0.9844295,moving,-6.663037,20.4748,-5.624454,8.644667,-8.006225720952564,31.651184548609994
05/11/2023 12:33:31.172991,1822,True,True,True,True,Eyes,1.297345,-0.2519317,-3.581688,-0.1054113,0.3460727,0.9322672,0.0,0.0,0.0,0.0,0.0,0.0,0.0,-1.405777,-0.3837464,3.532974,1.294904,-0.2566715,-3.586463,-0.08594117,0.01568538,-0.009659298,0.99613,350.159,1.914097,358.7241,0.3394859,-0.06568775,-0.9383143,0,0,0,1.224559,0.0936809,-2.547804,-0.1087174,0.1657967,1.08037,0.9993213,-0.02193987,-0.02958909,0.01654779,0.9850417,-0.1715202,0.03290962,0.1709141,0.9847361,moving,-6.451025,20.36575,-5.746314,8.724706,-7.79634912014051,31.54233154864497
05/11/2023 12:33:31.192907,1823,True,True,True,True,Eyes,1.297426,-0.2520517,-3.581483,-0.1021393,0.3444462,0.9332334,0.0,0.0,0.0,0.0,0.0,0.0,0.0,-1.42104,-0.3749484,3.527586,1.295075,-0.25674,-3.586177,-0.08482354,0.01779805,-0.009523891,0.9961916,350.29,2.155695,358.7214,0.3395194,-0.06571797,-0.9383001,0,0,0,1.227846,0.09140529,-2.548003,-0.1099681,0.1661951,1.078804,0.999185,-0.02199462,-0.03384482,0.01595585,0.9854285,-0.16934,0.03707622,0.168662,0.9849764,moving,-6.24597,20.25855,-5.820357,8.757853,-7.593416411984312,31.43530280187733
05/11/2023 12:33:31.212719,1824,True,True,True,True,Eyes,1.29751,-0.2521693,-3.58127,-0.09884278,0.3428181,0.9341872,0.0,0.0,0.0,0.0,0.0,0.0,0.0,-1.435851,-0.3661805,3.522345,1.295193,-0.2568436,-3.585969,-0.08369717,0.0198585,-0.009425472,0.9962488,350.4219,2.391503,358.7155,0.3395531,-0.06574857,-0.9382857,0,0,0,1.23119,0.08908972,-2.548205,-0.1110125,0.1665833,1.077333,0.9990336,-0.02210443,-0.03799025,0.01545603,0.9858119,-0.1671407,0.04114579,0.166392,0.9852008,moving,-6.039776,20.15159,-5.883214,8.789785,-7.389328957497999,31.328524326933902
05/11/2023 12:33:31.223216,1825,True,True,True,True,Eyes,1.29751,-0.2521693,-3.58127,-0.09884278,0.3428181,0.9341872,0.0,0.0,0.0,0.0,0.0,0.0,0.0,-1.450018,-0.3597496,3.516841,1.295331,-0.2568852,-3.585564,-0.08283132,0.02183587,-0.009484716,0.9962792,350.5241,2.619567,358.692,0.3395871,-0.06577948,-0.9382712,0,0,0,1.234531,0.08677682,-2.548407,-0.1119654,0.1663469,1.075773,0.9988665,-0.02251624,-0.04193798,0.01528146,0.986098,-0.1654604,0.04508051,0.164632,0.9853243,moving,-6.039776,20.15159,-5.941896,8.790035,-7.389328957497999,31.328524326933902
05/11/2023 12:33:31.243251,1826,True,True,True,True,Eyes,1.29751,-0.2521693,-3.58127,-0.09884278,0.3428181,0.9341872,0.0,0.0,0.0,0.0,0.0,0.0,0.0,-1.463342,-0.3507999,3.512092,1.295464,-0.2570827,-3.585373,-0.08170581,0.02368973,-0.009333126,0.9963312,350.6555,2.830768,358.6952,0.3396176,-0.06580731,-0.9382582,0,0,0,1.237857,0.0844742,-2.548608,-0.1125663,0.1668323,1.07441,0.9987034,-0.02246895,-0.04568048,0.01472659,0.9864741,-0.1632543,0.04873077,0.1623699,0.985526,moving,-6.039776,20.15159,-5.981075,8.826292,-7.389328957497999,31.328524326933902
05/11/2023 12:33:31.263222,1827,True,True,True,True,Eyes,1.29751,-0.2521693,-3.58127,-0.09884278,0.3428181,0.9341872,0.0,0.0,0.0,0.0,0.0,0.0,0.0,-1.475519,-0.3427348,3.507669,1.295501,-0.2570913,-3.58524,-0.08066387,0.02539909,-0.009206102,0.9963752,350.7771,3.025568,358.6971,0.3396451,-0.06583235,-0.9382465,0,0,0,1.241271,0.0821107,-2.548815,-0.1126826,0.1668749,1.073141,0.9985403,-0.02244304,-0.04912885,0.01424788,0.9868172,-0.1612106,0.05209925,0.1602753,0.9856964,moving,-6.039776,20.15159,-5.994239,8.83878,-7.389328957497999,31.328524326933902
05/11/2023 12:33:31.272978,1828,True,True,True,True,Eyes,1.29751,-0.2521693,-3.58127,-0.09884278,0.3428181,0.9341872,0.0,0.0,0.0,0.0,0.0,0.0,0.0,-1.486548,-0.3381267,3.503257,1.295653,-0.2572065,-3.584981,-0.08003802,0.02693994,-0.009291973,0.9963844,350.8513,3.20355,358.675,0.3396699,-0.06585488,-0.938236,0,0,0,1.244656,0.07976669,-2.549019,-0.1126815,0.1661215,1.07195,0.9983758,-0.02282919,-0.05219764,0.01420432,0.9870151,-0.1599979,0.05517249,0.1589966,0.9857363,moving,-6.039776,20.15159,-6.000793,8.809133,-7.389328957497999,31.328524326933902
05/11/2023 12:33:31.293080,1829,True,True,True,True,Eyes,1.297726,-0.2523062,-3.581038,-0.09575423,0.3406458,0.9353029,0.0,0.0,0.0,0.0,0.0,0.0,0.0,-1.498462,-0.3334957,3.498441,1.29587,-0.2572816,-3.584721,-0.07936662,0.02860065,-0.009475601,0.9963901,350.9313,3.396155,358.6409,0.3396922,-0.06587517,-0.9382265,0,0,0,1.247848,0.07755662,-2.549212,-0.1132381,0.1655335,1.070737,0.9981844,-0.02342266,-0.05549071,0.01434292,0.9872223,-0.1587023,0.0584989,0.1576182,0.9857659,moving,-5.845449,20.01208,-6.037003,8.788225,-7.19826292958631,31.1887535906998
05/11/2023 12:33:31.312928,1830,True,True,True,True,Eyes,1.297939,-0.2524331,-3.580803,-0.09267305,0.3385383,0.9363778,0.0,0.0,0.0,0.0,0.0,0.0,0.0,-1.509537,-0.3281473,3.49402,1.295989,-0.2573731,-3.584513,-0.07870689,0.03015327,-0.009367905,0.9963977,351.0089,3.573552,358.6416,0.3397191,-0.06589724,-0.9382153,0,0,0,1.25118,0.07524978,-2.549414,-0.11318,0.164883,1.069616,0.998006,-0.02341486,-0.05861465,0.01392178,0.9874349,-0.1574116,0.06156393,0.1562818,0.985792,moving,-5.652141,19.87697,-6.040197,8.763257,-7.008077897616817,31.053425148006344
05/11/2023 12:33:31.323239,1831,True,True,True,True,Eyes,1.297939,-0.2524331,-3.580803,-0.09267305,0.3385383,0.9363778,0.0,0.0,0.0,0.0,0.0,0.0,0.0,-1.52013,-0.3259865,3.489354,1.296118,-0.2572551,-3.584209,-0.07845955,0.03164426,-0.00928078,0.9963717,351.039,3.74479,358.6391,0.3397502,-0.06592067,-0.9382024,0,0,0,1.254597,0.07288417,-2.549621,-0.1129087,0.1630908,1.068523,0.997825,-0.0234598,-0.06160257,0.01352862,0.9875159,-0.1569371,0.06451523,0.1557624,0.9856855,moving,-5.652141,19.87697,-6.031946,8.678192,-7.008077897616817,31.053425148006344
05/11/2023 12:33:31.342992,1832,True,True,True,True,Eyes,1.297939,-0.2524331,-3.580803,-0.09267305,0.3385383,0.9363778,0.0,0.0,0.0,0.0,0.0,0.0,0.0,-1.529422,-0.3220324,3.485554,1.296215,-0.25751,-3.584054,-0.07802503,0.03295075,-0.009141033,0.9963648,351.0901,3.893829,358.6452,0.3397781,-0.06594176,-0.9381908,0,0,0,1.257895,0.07060073,-2.54982,-0.1123286,0.1621313,1.067643,0.9976614,-0.02335757,-0.06423548,0.01307364,0.9876571,-0.1560852,0.0670884,0.1548804,0.9856527,moving,-5.652141,19.87697,-6.006098,8.634913,-7.008077897616817,31.053425148006344
05/11/2023 12:33:31.363444,1833,True,True,True,True,Eyes,1.298188,-0.2525688,-3.580562,-0.08965065,0.3362335,0.9375019,0.0,0.0,0.0,0.0,0.0,0.0,0.0,-1.53886,-0.3150467,3.481874,1.296356,-0.2575272,-3.583843,-0.07713705,0.03427046,-0.008986596,0.9963908,351.1933,4.043352,358.655,0.3398032,-0.06596074,-0.9381803,0,0,0,1.261262,0.06826963,-2.550024,-0.1117328,0.1618715,1.066523,0.9974896,-0.02319537,-0.06690715,0.01262128,0.9879382,-0.1543332,0.06967995,0.1531013,0.9857509,moving,-5.462422,19.73029,-5.980692,8.630198,-6.821887881510845,30.906373697101092
05/11/2023 12:33:31.373033,1834,True,True,True,True,Eyes,1.298434,-0.2527006,-3.580324,-0.08665331,0.3339624,0.9385949,0.0,0.0,0.0,0.0,0.0,0.0,0.0,-1.547837,-0.3106663,3.478155,1.296479,-0.2575799,-3.583668,-0.07661506,0.03553192,-0.008842821,0.9963883,351.2544,4.18695,358.6627,0.3398336,-0.0659816,-0.9381679,0,0,0,1.264705,0.06588601,-2.550232,-0.110924,0.1608,1.065584,0.9973186,-0.02306632,-0.06945218,0.0121772,0.9881039,-0.1533051,0.07216215,0.1520483,0.9857352,moving,-5.27473,19.58611,-5.942911,8.581371,-6.637656416541903,30.761836621889326
05/11/2023 12:33:31.393063,1835,True,True,True,True,Eyes,1.298694,-0.2528324,-3.580091,-0.08374079,0.331784,0.9396313,0.0,0.0,0.0,0.0,0.0,0.0,0.0,-1.556659,-0.3050402,3.474594,1.296667,-0.2576057,-3.583481,-0.07589094,0.03676233,-0.008753368,0.9963998,351.3388,4.32702,358.6655,0.3398685,-0.06600406,-0.9381536,0,0,0,1.267914,0.06366429,-2.550426,-0.1103767,0.1602796,1.064599,0.9971438,-0.02302356,-0.07193135,0.01186385,0.9883279,-0.151879,0.07458857,0.1505918,0.9857782,moving,-5.092797,19.44814,-5.919229,8.561802,-6.459018905318073,30.62354042906566
05/11/2023 12:33:31.412712,1836,True,True,True,True,Eyes,1.29895,-0.252965,-3.579863,-0.08085527,0.3296206,0.9406449,0.0,0.0,0.0,0.0,0.0,0.0,0.0,-1.56535,-0.2982037,3.471156,1.296813,-0.2577338,-3.583297,-0.07498343,0.03798022,-0.008728283,0.996423,351.4445,4.465807,358.662,0.3399078,-0.06602794,-0.9381377,0,0,0,1.271275,0.06133712,-2.550629,-0.1096373,0.1601388,1.063577,0.9969626,-0.0230899,-0.07437977,0.01169835,0.9886026,-0.1500934,0.07699768,0.1487674,0.98587,moving,-4.912913,19.31147,-5.885461,8.562492,-6.2824016461045336,30.48654507768221
05/11/2023 12:33:31.433022,1837,True,True,True,True,Eyes,1.299231,-0.2530951,-3.579642,-0.07813907,0.327603,0.9415787,0.0,0.0,0.0,0.0,0.0,0.0,0.0,-1.573611,-0.2911235,3.467951,1.296955,-0.2578667,-3.583169,-0.07407425,0.03913699,-0.008616214,0.9964474,351.5499,4.596748,358.6694,0.3399509,-0.06605311,-0.9381203,0,0,0,1.274604,0.05903242,-2.550831,-0.1087583,0.160028,1.062643,0.9967881,-0.02296929,-0.07671941,0.01137312,0.9888775,-0.1482966,0.07927236,0.1469477,0.9859626,moving,-4.743951,19.18429,-5.843702,8.564062,-6.1164687605678925,30.359072776941826
05/11/2023 12:33:31.443024,1838,True,True,True,True,Eyes,1.299509,-0.2532212,-3.579422,-0.07544871,0.3255965,0.9424937,0.0,0.0,0.0,0.0,0.0,0.0,0.0,-1.5805,-0.2850932,3.465196,1.297068,-0.2579211,-3.583007,-0.07322754,0.04010502,-0.008679304,0.9964708,351.6487,4.707463,358.6581,0.339998,-0.06607935,-0.9381014,0,0,0,1.277917,0.05673868,-2.551031,-0.1075477,0.1596958,1.061736,0.9966325,-0.02317093,-0.07865582,0.01142376,0.9891248,-0.1466344,0.08119809,0.1452421,0.9860586,moving,-4.576894,19.05813,-5.784004,8.553745,-5.952420364527178,30.2326191539994
05/11/2023 12:33:31.463082,1839,True,True,True,True,Eyes,1.299828,-0.2533505,-3.579212,-0.07282134,0.3237099,0.9433498,0.0,0.0,0.0,0.0,0.0,0.0,0.0,-1.587551,-0.2794954,3.462294,1.297275,-0.2579271,-3.582802,-0.07232735,0.04108566,-0.009007424,0.9964937,351.7549,4.821684,358.6165,0.3400486,-0.06610645,-0.9380811,0,0,0,1.281361,0.05435417,-2.551239,-0.1064433,0.1593115,1.060747,0.9964616,-0.02389492,-0.08058023,0.01200845,0.9893752,-0.1448876,0.08318616,0.1434073,0.9861615,moving,-4.41416,18.93962,-5.730303,8.541303,-5.792472583002155,30.11387205309188
05/11/2023 12:33:31.473043,1840,True,True,True,True,Eyes,1.300146,-0.2534751,-3.579003,-0.07018244,0.3218332,0.9441916,0.0,0.0,0.0,0.0,0.0,0.0,0.0,-1.595129,-0.2734191,3.459246,1.297494,-0.2580984,-3.582662,-0.07139247,0.04213906,-0.009308348,0.9965143,351.8652,4.943917,358.5779,0.3401033,-0.06613436,-0.9380594,0,0,0,1.284666,0.05206625,-2.551439,-0.1056372,0.1592494,1.059844,0.9962753,-0.02456863,-0.08265525,0.01253498,0.989633,-0.1430717,0.08531344,0.1415028,0.9862548,moving,-4.251019,18.82198,-5.69201,8.545189,-5.632086327882982,29.996007371853523
05/11/2023 12:33:31.492962,1841,True,True,True,True,Eyes,1.300512,-0.253606,-3.578804,-0.06757021,0.3200534,0.9449868,0.0,0.0,0.0,0.0,0.0,0.0,0.0,-1.605148,-0.2682563,3.454892,1.297753,-0.2580867,-3.582452,-0.07053331,0.04354208,-0.009693692,0.9965115,351.9678,5.107298,358.5265,0.3401615,-0.06616288,-0.9380363,0,0,0,1.28797,0.04977874,-2.551639,-0.1056284,0.1588392,1.058804,0.9960202,-0.02546209,-0.08541292,0.01317742,0.9898621,-0.1414187,0.08814783,0.1397303,0.9862583,moving,-4.089909,18.7105,-5.697093,8.531749,-5.4735420254121285,29.884357871720134
05/11/2023 12:33:31.513145,1842,True,True,True,True,Eyes,1.300869,-0.2537339,-3.578608,-0.06495945,0.3182555,0.9457768,0.0,0.0,0.0,0.0,0.0,0.0,0.0,-1.614783,-0.2597836,3.451027,1.297918,-0.2584362,-3.582348,-0.06942276,0.04489714,-0.009662901,0.9965297,352.097,5.261138,358.5252,0.3402239,-0.06619208,-0.9380115,0,0,0,1.291256,0.04750332,-2.551838,-0.105263,0.1593674,1.057883,0.9957817,-0.0254925,-0.088141,0.01302497,0.9901742,-0.1392314,0.09082431,0.137496,0.9863295,moving,-3.929116,18.59818,-5.682425,8.567042,-5.315344588589124,29.771856886684
05/11/2023 12:33:31.523521,1843,True,True,True,True,Eyes,1.301258,-0.2538634,-3.578422,-0.0623637,0.3165386,0.9465274,0.0,0.0,0.0,0.0,0.0,0.0,0.0,-1.62442,-0.2508897,3.447003,1.298055,-0.2583606,-3.582152,-0.0681657,0.0462599,-0.009699957,0.9965538,352.2435,5.416036,358.5172,0.34029,-0.0662218,-0.9379854,0,0,0,1.294558,0.04521717,-2.552037,-0.1048798,0.1597763,1.056778,0.9955319,-0.02563973,-0.09087854,0.01302638,0.9905187,-0.136759,0.09352335,0.1349641,0.9864269,moving,-3.76959,18.49102,-5.66775,8.597542,-5.15825280594806,29.664565020435276
05/11/2023 12:33:31.548041,1844,True,True,True,True,Eyes,1.301642,-0.2539888,-3.578236,-0.05977251,0.3148129,0.9472698,0.0,0.0,0.0,0.0,0.0,0.0,0.0,-1.632325,-0.2421619,3.443818,1.298178,-0.2584951,-3.582028,-0.06696668,0.04737455,-0.009707725,0.9965827,352.3827,5.542134,358.5146,0.3403599,-0.06625201,-0.9379579,0,0,0,1.297824,0.04295663,-2.552235,-0.103998,0.1602871,1.055859,0.9953229,-0.02569413,-0.09312511,0.01300407,0.9908425,-0.1343955,0.09572549,0.1325558,0.9865423,moving,-3.610564,18.38356,-5.625265,8.632005,-5.001674350732148,29.55696647353226
05/11/2023 12:33:31.562954,1845,True,True,True,True,Eyes,1.302053,-0.2541176,-3.578057,-0.0571299,0.3131891,0.9479709,0.0,0.0,0.0,0.0,0.0,0.0,0.0,-1.641185,-0.2352716,3.439956,1.298443,-0.2585009,-3.581809,-0.06596742,0.04861223,-0.009824452,0.9965885,352.4998,5.683678,358.4975,0.3404332,-0.06628254,-0.9379291,0,0,0,1.301176,0.04063547,-2.552438,-0.1034614,0.1601812,1.054862,0.9950807,-0.02599552,-0.0955966,0.01316823,0.9911035,-0.1324399,0.09818897,0.1305296,0.9865703,moving,-3.448785,18.28244,-5.601685,8.634423,-4.842115001364774,29.45579701330767
05/11/2023 12:33:31.582651,1846,True,True,True,True,Eyes,1.302456,-0.2542433,-3.57788,-0.05449308,0.3115544,0.9486645,0.0,0.0,0.0,0.0,0.0,0.0,0.0,-1.650331,-0.2281609,3.435957,1.298576,-0.2586889,-3.581652,-0.06509782,0.0499115,-0.009615592,0.9965835,352.6003,5.830152,358.5171,0.3405101,-0.06631342,-0.937899,0,0,0,1.304654,0.03822776,-2.552648,-0.1026527,0.1599204,1.054008,0.9948328,-0.02566374,-0.09823005,0.01266722,0.9913396,-0.1307107,0.1007339,0.128791,0.9865422,moving,-3.287565,18.18089,-5.562646,8.627455,-4.683132669878516,29.354189028724985
05/11/2023 12:33:31.591226,1847,True,True,True,True,Eyes,1.302875,-0.2543655,-3.577707,-0.05178714,0.3100874,0.9492966,0.0,0.0,0.0,0.0,0.0,0.0,0.0,-1.659512,-0.2207487,3.431927,1.298763,-0.258725,-3.581495,-0.06413067,0.05120964,-0.009485005,0.9965817,352.7123,5.976864,358.5284,0.3405901,-0.06634454,-0.9378677,0,0,0,1.307993,0.03591576,-2.55285,-0.1020673,0.1597944,1.053118,0.9945753,-0.02547338,-0.1008526,0.01233695,0.9915946,-0.1287943,0.1032857,0.1268514,0.9865296,moving,-3.122571,18.08961,-5.53577,8.627937,-4.520011895014992,29.262990782647798
05/11/2023 12:33:31.613157,1848,True,True,True,True,Eyes,1.30329,-0.2544914,-3.577533,-0.04907081,0.308627,0.9499165,0.0,0.0,0.0,0.0,0.0,0.0,0.0,-1.668822,-0.2146188,3.427699,1.299015,-0.2587561,-3.581306,-0.06338321,0.05252209,-0.00926422,0.9965633,352.7986,6.125075,358.549,0.3406731,-0.06637578,-0.9378353,0,0,0,1.311323,0.03361057,-2.553051,-0.1015405,0.1592118,1.052274,0.9943112,-0.0251228,-0.1035088,0.01180672,0.9917935,-0.1273039,0.1058576,0.1253576,0.986448,moving,-2.957158,17.99893,-5.511764,8.603746,-4.356449462636196,29.17240202404734
05/11/2023 12:33:31.633175,1849,True,True,True,True,Eyes,1.303705,-0.2546167,-3.577363,-0.04626196,0.307249,0.950504,0.0,0.0,0.0,0.0,0.0,0.0,0.0,-1.679646,-0.2092789,3.422607,1.299305,-0.2589597,-3.58106,-0.06272297,0.05405211,-0.009171053,0.996524,352.8759,6.299521,358.5529,0.3407588,-0.06640721,-0.937802,0,0,0,1.314676,0.03128875,-2.553254,-0.101536,0.1585876,1.051383,0.9939885,-0.02505897,-0.106578,0.01149773,0.9919634,-0.1260013,0.1088789,0.1240185,0.9862884,moving,-2.786443,17.91335,-5.51616,8.577668,-4.18738046657273,29.087005513825847
05/11/2023 12:33:31.643138,1850,True,True,True,True,Eyes,1.304114,-0.2547402,-3.577191,-0.04342306,0.3058605,0.9510856,0.0,0.0,0.0,0.0,0.0,0.0,0.0,-1.690921,-0.2025418,3.41739,1.299538,-0.2590518,-3.580905,-0.06176641,0.05565466,-0.009268106,0.9964947,352.9885,6.483,358.5367,0.340847,-0.0664388,-0.9377677,0,0,0,1.317928,0.0290371,-2.553451,-0.1018166,0.158515,1.050478,0.9936333,-0.02534642,-0.1097742,0.01159606,0.992198,-0.1241314,0.1120641,0.1220682,0.9861749,moving,-2.614099,17.82732,-5.536049,8.581081,-4.01668609390167,29.00116484466424
05/11/2023 12:33:31.663233,1851,True,True,True,True,Eyes,1.304414,-0.2548641,-3.576999,-0.04047773,0.3045452,0.9516374,0.0,0.0,0.0,0.0,0.0,0.0,0.0,-1.703418,-0.1966127,3.411323,1.29976,-0.2591148,-3.580628,-0.06091572,0.05744265,-0.009385861,0.9964445,353.0894,6.688213,358.5164,0.3409371,-0.0664705,-0.9377327,0,0,0,1.321311,0.02669503,-2.553655,-0.1023316,0.1581106,1.049454,0.9932244,-0.0257033,-0.1133333,0.01170666,0.9924024,-0.1224766,0.1156203,0.12032,0.9859793,moving,-2.435598,17.74583,-5.569268,8.567738,-3.8396427315035124,28.919955877083634
05/11/2023 12:33:31.673075,1852,True,True,True,True,Eyes,1.304714,-0.2549866,-3.576806,-0.03750404,0.3032106,0.9521853,0.0,0.0,0.0,0.0,0.0,0.0,0.0,-1.716064,-0.1905665,3.405089,1.299973,-0.2592662,-3.580317,-0.0600986,0.05925796,-0.009414511,0.9963876,353.186,6.895996,358.5063,0.3410267,-0.06650238,-0.9376978,0,0,0,1.324619,0.0244047,-2.553855,-0.1029249,0.1577809,1.048433,0.9927997,-0.02588364,-0.1169562,0.01163836,0.9925991,-0.1208788,0.1192194,0.1186472,0.9857533,moving,-2.255562,17.66338,-5.606772,8.558338,-3.6610854477689108,28.8377864340993
05/11/2023 12:33:31.693653,1853,True,True,True,True,Eyes,1.304967,-0.255109,-3.576604,-0.0344215,0.3019106,0.9527146,0.0,0.0,0.0,0.0,0.0,0.0,0.0,-1.729203,-0.1834687,3.398686,1.300235,-0.259341,-3.580084,-0.05917586,0.0611408,-0.009311922,0.9963299,353.2938,7.110413,358.5119,0.3411158,-0.06653441,-0.9376631,0,0,0,1.327868,0.0221555,-2.554052,-0.1037122,0.1576336,1.047446,0.9923502,-0.02579161,-0.1207307,0.01131937,0.992823,-0.119056,0.1229349,0.1167787,0.98552,moving,-2.069192,17.58315,-5.654677,8.558412,-3.4760774189187233,28.757903990216896
05/11/2023 12:33:31.713032,1854,True,True,True,True,Eyes,1.305225,-0.2552331,-3.576402,-0.03129849,0.3005936,0.9532386,0.0,0.0,0.0,0.0,0.0,0.0,0.0,-1.7426,-0.1762879,3.392062,1.300513,-0.2594569,-3.579828,-0.05826469,0.06306375,-0.009169,0.9962652,353.4,7.329212,358.5222,0.3412035,-0.06656662,-0.9376289,0,0,0,1.331133,0.01989475,-2.55425,-0.1045593,0.1574927,1.046446,0.9918778,-0.02561829,-0.124588,0.01092073,0.9930423,-0.1172506,0.1267249,0.1149377,0.9852564,moving,-1.880565,17.50211,-5.705967,8.558917,-3.288823557614813,28.677217558329584
05/11/2023 12:33:31.725277,1855,True,True,True,True,Eyes,1.305456,-0.255366,-3.576193,-0.0280791,0.2992714,0.9537548,0.0,0.0,0.0,0.0,0.0,0.0,0.0,-1.757011,-0.1699372,3.384822,1.300865,-0.259603,-3.579573,-0.0573741,0.06512764,-0.009262885,0.9961832,353.5057,7.565867,358.5046,0.3412901,-0.06659901,-0.9375951,0,0,0,1.334494,0.01756806,-2.554453,-0.1057767,0.1572494,1.045424,0.9913451,-0.02592834,-0.1286952,0.01098178,0.9932448,-0.1155168,0.130821,0.1131037,0.9849332,moving,-1.686334,17.42094,-5.777565,8.554124,-3.0959314247905096,28.596437040931015
05/11/2023 12:33:31.743171,1856,True,True,True,True,Eyes,1.305687,-0.2554983,-3.575986,-0.02480942,0.297898,0.9542753,0.0,0.0,0.0,0.0,0.0,0.0,0.0,-1.772165,-0.1617117,3.37712,1.30114,-0.2599266,-3.579264,-0.05623107,0.06731469,-0.009380707,0.9961018,353.6408,7.816236,358.486,0.341375,-0.06663185,-0.9375618,0,0,0,1.33779,0.01528618,-2.554652,-0.1072402,0.1577566,1.044283,0.9907615,-0.02625863,-0.1330496,0.01111792,0.9935001,-0.1132867,0.1351595,0.1107608,0.9846136,moving,-1.489251,17.3369,-5.863304,8.590538,-2.9002622591836507,28.51277352071347
05/11/2023 12:33:31.763188,1857,True,True,True,True,Eyes,1.305873,-0.2556278,-3.575772,-0.02148029,0.2964814,0.954797,0.0,0.0,0.0,0.0,0.0,0.0,0.0,-1.787583,-0.1525627,3.369308,1.301376,-0.2601022,-3.579069,-0.05489995,0.0695477,-0.009568687,0.9960209,353.7981,8.071824,358.4612,0.3414584,-0.06666505,-0.9375291,0,0,0,1.341151,0.01295943,-2.554855,-0.1087281,0.1584457,1.043184,0.9901431,-0.02669756,-0.1374913,0.01142489,0.9937888,-0.1106939,0.1395926,0.108032,0.9842982,moving,-1.288779,17.2505,-5.950294,8.636455,-2.7012585576411237,28.426746267854025
05/11/2023 12:33:31.773264,1858,True,True,True,True,Eyes,1.306064,-0.255768,-3.575559,-0.01810156,0.2950329,0.9553156,0.0,0.0,0.0,0.0,0.0,0.0,0.0,-1.803338,-0.1430194,3.361224,1.301692,-0.2601667,-3.578858,-0.05359425,0.07182741,-0.00953194,0.9959306,353.9508,8.331417,358.4623,0.3415395,-0.06669854,-0.9374971,0,0,0,1.344547,0.01060781,-2.555061,-0.1102491,0.1589589,1.042062,0.9894999,-0.02668537,-0.1420485,0.01128723,0.9940736,-0.1081216,0.1440919,0.105383,0.9839369,moving,-1.085525,17.16241,-6.039368,8.673188,-2.4995094145700136,28.33902870989049
05/11/2023 12:33:31.793220,1859,True,True,True,True,Eyes,1.306212,-0.2559088,-3.575336,-0.0146868,0.2935431,0.9558331,0.0,0.0,0.0,0.0,0.0,0.0,0.0,-1.819478,-0.1340029,3.352799,1.30196,-0.260451,-3.578657,-0.05243613,0.07417876,-0.009401674,0.9958211,354.0858,8.599074,358.4731,0.3416186,-0.06673259,-0.9374658,0,0,0,1.347828,0.00833656,-2.555259,-0.1119542,0.159459,1.041025,0.9888182,-0.02650406,-0.1467516,0.01094548,0.9943241,-0.1058288,0.1487235,0.1030392,0.9834959,moving,-0.8803058,17.0721,-6.138131,8.708591,-2.2958547173324506,28.249079487946236
05/11/2023 12:33:31.813090,1860,True,True,True,True,Eyes,1.306369,-0.2560518,-3.575109,-0.0112189,0.2919946,0.9563541,0.0,0.0,0.0,0.0,0.0,0.0,0.0,-1.835889,-0.1234803,3.344049,1.30224,-0.2606021,-3.578359,-0.05095544,0.07657237,-0.009465119,0.9957162,354.2594,8.871951,358.465,0.341695,-0.06676718,-0.9374356,0,0,0,1.351344,0.005901809,-2.555472,-0.1135754,0.1603351,1.039773,0.9880942,-0.0266527,-0.1515241,0.01104559,0.9946279,-0.1029238,0.1534533,0.1000248,0.9830804,moving,-0.6721008,16.97851,-6.233755,8.766078,-2.089301779505311,28.15583358121219
05/11/2023 12:33:31.832849,1861,True,True,True,True,Eyes,1.306502,-0.2561961,-3.574878,-0.007780456,0.2904396,0.9568617,0.0,0.0,0.0,0.0,0.0,0.0,0.0,-1.852318,-0.1125586,3.33515,1.302562,-0.2607667,-3.578032,-0.04942848,0.07896975,-0.009501689,0.9956055,354.438,9.144969,358.4612,0.3417692,-0.06680232,-0.937406,0,0,0,1.354666,0.003602022,-2.555673,-0.1154218,0.1614509,1.038477,0.987347,-0.02672658,-0.1563061,0.01111316,0.9949331,-0.09992324,0.1581848,0.09692185,0.9826412,moving,-0.4658746,16.8848,-6.342124,8.836966,-1.8847452109607064,28.06245314202343
05/11/2023 12:33:31.843093,1862,True,True,True,True,Eyes,1.306639,-0.2563403,-3.57465,-0.0042817,0.2888291,0.9573711,0.0,0.0,0.0,0.0,0.0,0.0,0.0,-1.869142,-0.1033759,3.325863,1.302774,-0.2609245,-3.57777,-0.04808498,0.08144675,-0.009675227,0.9954701,354.5971,9.428336,358.4404,0.341841,-0.06683802,-0.9373773,0,0,0,1.358066,0.001247907,-2.555878,-0.1173097,0.1621023,1.037312,0.9865457,-0.02709553,-0.1612252,0.01143007,0.9951885,-0.09731035,0.1630861,0.09415829,0.9821085,moving,-0.2562451,16.78803,-6.452173,8.881861,-1.6768627786432664,27.966001256123864
05/11/2023 12:33:31.863242,1863,True,True,True,True,Eyes,1.306764,-0.2564861,-3.574417,-0.000887251,0.2871951,0.9578717,0.0,0.0,0.0,0.0,0.0,0.0,0.0,-1.886103,-0.09250586,3.316499,1.302963,-0.2610396,-3.577604,-0.04656976,0.08395421,-0.009670224,0.9953339,354.7742,9.713808,358.4424,0.3419106,-0.0668742,-0.9373494,0,0,0,1.36137,-0.001039231,-2.556078,-0.1192683,0.1631324,1.03619,0.9857164,-0.02706966,-0.1662243,0.01143075,0.9954755,-0.09432863,0.1680256,0.09108121,0.981566,moving,-0.05307154,16.69011,-6.566003,8.946916,-1.4755186054193636,27.868343495332297
05/11/2023 12:33:31.882891,1864,True,True,True,True,Eyes,1.306893,-0.2566336,-3.574184,0.002548718,0.2855185,0.9583699,0.0,0.0,0.0,0.0,0.0,0.0,0.0,-1.902196,-0.08377457,3.307246,1.303108,-0.2612137,-3.577278,-0.04559954,0.08636353,-0.009170244,0.9951774,354.8839,9.9868,358.4968,0.3419779,-0.06691088,-0.9373221,0,0,0,1.364779,-0.003399454,-2.556284,-0.1206447,0.1630567,1.035161,0.9849145,-0.02612831,-0.1710577,0.01037577,0.9956732,-0.0923432,0.1727304,0.08917531,0.980924,moving,0.1523738,16.5899,-6.647649,8.951579,-1.2719624957843902,27.768385333748302
05/11/2023 12:33:31.893407,1865,True,True,True,True,Eyes,1.307028,-0.2567844,-3.573948,0.005839384,0.2838206,0.9588596,0.0,0.0,0.0,0.0,0.0,0.0,0.0,-1.91771,-0.07270128,3.298351,1.303311,-0.2613817,-3.577021,-0.04421727,0.08867693,-0.008821903,0.9950395,355.0417,10.24863,358.5392,0.3420434,-0.06694805,-0.9372956,0,0,0,1.367917,-0.005572469,-2.556474,-0.1222209,0.1639961,1.034067,0.9841172,-0.02539838,-0.1756939,0.009714179,0.995934,-0.08956045,0.1772542,0.08643125,0.9803625,moving,0.3489227,16.48865,-6.740767,9.011676,-1.0773983107422422,27.66731625237191
05/11/2023 12:33:31.913489,1866,True,True,True,True,Eyes,1.307166,-0.2569489,-3.573707,0.009177387,0.2820839,0.9593459,0.0,0.0,0.0,0.0,0.0,0.0,0.0,-1.933843,-0.06468208,3.288765,1.303459,-0.2615872,-3.576657,-0.04318894,0.09110001,-0.008675198,0.994867,355.1611,10.52504,358.5548,0.3421074,-0.06698575,-0.9372696,0,0,0,1.371331,-0.007935724,-2.55668,-0.1237604,0.1640412,1.032992,0.983251,-0.02513036,-0.1805155,0.009392308,0.9961189,-0.08751513,0.1820141,0.08435389,0.979671,moving,0.5480917,16.38532,-6.831913,9.02334,-0.8802645516499772,27.56416143545966
05/11/2023 12:33:31.923561,1867,True,True,True,True,Eyes,1.307307,-0.2571089,-3.57347,0.01237502,0.280214,0.9598578,0.0,0.0,0.0,0.0,0.0,0.0,0.0,-1.949711,-0.05230272,3.279277,1.303627,-0.2620621,-3.576262,-0.04182222,0.09349945,-0.007987977,0.9947085,355.3132,10.79548,358.6367,0.3421701,-0.06702428,-0.937244,0,0,0,1.374578,-0.01018368,-2.556877,-0.1252059,0.1652005,1.03182,0.9823881,-0.02371212,-0.1853412,0.008070708,0.9963741,-0.08469557,0.1866775,0.08170807,0.9790175,moving,0.7386482,16.27426,-6.91871,9.096189,-0.6920573121412548,27.45313295624188
05/11/2023 12:33:31.943148,1868,True,True,True,True,Eyes,1.30745,-0.2572651,-3.573227,0.01560066,0.2783164,0.9603627,0.0,0.0,0.0,0.0,0.0,0.0,0.0,-1.96396,-0.03609037,3.270773,1.303662,-0.2620755,-3.576057,-0.03972041,0.09566861,-0.007526738,0.9945919,355.551,11.03901,358.7027,0.3422317,-0.06706344,-0.9372187,0,0,0,1.37809,-0.01261562,-2.557089,-0.125876,0.1672159,1.030659,0.9815817,-0.02257206,-0.1897045,0.007372072,0.9967313,-0.08045135,0.1909004,0.07757106,0.9785396,moving,0.9306622,16.16177,-6.963139,9.21547,-0.5024296747286412,27.34066824142318
05/11/2023 12:33:31.962935,1869,True,True,True,True,Eyes,1.307603,-0.2574284,-3.572988,0.01866479,0.2764395,0.9608501,0.0,0.0,0.0,0.0,0.0,0.0,0.0,-1.977735,-0.02452347,3.26219,1.30383,-0.2621235,-3.575645,-0.03841316,0.09777068,-0.006823405,0.994444,355.695,11.27573,358.7886,0.3422923,-0.06710308,-0.9371938,0,0,0,1.381343,-0.01486738,-2.557286,-0.1266802,0.1678122,1.029559,0.9807887,-0.02108235,-0.1939307,0.006059626,0.9969557,-0.07773373,0.1949791,0.07506522,0.9779306,moving,1.112847,16.05069,-7.014599,9.257479,-0.322652392467345,27.229563720562506
05/11/2023 12:33:31.983100,1870,True,True,True,True,Eyes,1.307754,-0.2576008,-3.57276,0.02175989,0.2744958,0.961342,0.0,0.0,0.0,0.0,0.0,0.0,0.0,-1.991295,-0.01151004,3.253768,1.303909,-0.26244,-3.57538,-0.03708867,0.09986731,-0.005797046,0.9942923,355.8369,11.51071,358.9121,0.3423524,-0.06714332,-0.9371689,0,0,0,1.384817,-0.01727301,-2.557496,-0.1270615,0.1685579,1.02868,0.9799858,-0.01893581,-0.1981646,0.004120026,0.9971817,-0.07491185,0.1990246,0.07259612,0.9773019,moving,1.296664,15.93584,-7.04145,9.305696,-0.14135593189640527,27.114658023160402
05/11/2023 12:33:31.994473,1871,True,True,True,True,Eyes,1.307928,-0.257779,-3.572537,0.02475486,0.2725405,0.9618258,0.0,0.0,0.0,0.0,0.0,0.0,0.0,-2.004771,0.004145771,3.245569,1.303991,-0.2628073,-3.575385,-0.03526798,0.1019422,-0.005013249,0.9941524,356.0376,11.7436,359.0145,0.3424118,-0.06718433,-0.9371443,0,0,0,1.387905,-0.01941076,-2.557683,-0.1279309,0.1706068,1.027876,0.9791653,-0.01715846,-0.2023386,0.002777272,0.9974621,-0.07114561,0.2030458,0.06910137,0.9767279,moving,1.474317,15.82047,-7.094635,9.424038,0.03371698164921533,26.999185425856528
05/11/2023 12:33:32.013188,1872,True,True,True,True,Eyes,1.3081,-0.2579567,-3.572318,0.02777886,0.270521,0.9623132,0.0,0.0,0.0,0.0,0.0,0.0,0.0,-2.018235,0.0204514,3.236897,1.304069,-0.2630958,-3.575106,-0.03337248,0.1040373,-0.004170674,0.9940045,356.2458,11.97886,359.1252,0.342471,-0.06722615,-0.9371196,0,0,0,1.391702,-0.02203941,-2.557913,-0.1280398,0.1722609,1.026841,0.9783177,-0.0152353,-0.2065487,0.001347374,0.9977378,-0.06721261,0.2071055,0.06547698,0.9761251,moving,1.653484,15.70149,-7.107694,9.523158,0.21019533354544073,26.880072648918826
05/11/2023 12:33:32.022981,1873,True,True,True,True,Eyes,1.308327,-0.2581342,-3.572114,0.03064477,0.2685711,0.9627723,0.0,0.0,0.0,0.0,0.0,0.0,0.0,-2.031195,0.03622973,3.228503,1.30415,-0.2632404,-3.574939,-0.031544,0.1060621,-0.003300292,0.9938536,356.4454,12.20648,359.2393,0.34253,-0.06726868,-0.937095,0,0,0,1.394798,-0.02418314,-2.5581,-0.1287204,0.1740965,1.02589,0.9774799,-0.01325126,-0.2106121,-0.0001312298,0.9979882,-0.06340031,0.2110286,0.06200016,0.9755116,moving,1.823093,15.58677,-7.151644,9.631503,0.37719032626108007,26.765203669645224
05/11/2023 12:33:32.042992,1874,True,True,True,True,Eyes,1.30855,-0.2583121,-3.571911,0.03354105,0.2665722,0.9632312,0.0,0.0,0.0,0.0,0.0,0.0,0.0,-2.043645,0.05055483,3.220197,1.304178,-0.2633795,-3.574697,-0.02983424,0.1080201,-0.002617477,0.9936976,356.6333,12.42763,359.3315,0.34259,-0.06731181,-0.93707,0,0,0,1.397964,-0.02637469,-2.558291,-0.1292067,0.1756232,1.024944,0.9766496,-0.01164736,-0.2145225,-0.001243437,0.9982061,-0.0598579,0.2148349,0.05872694,0.9748831,moving,1.994313,15.46931,-7.18493,9.723149,0.5457170980921138,26.647574863474304
05/11/2023 12:33:32.063403,1875,True,True,True,True,Eyes,1.308814,-0.25849,-3.571721,0.03634548,0.2646306,0.9636647,0.0,0.0,0.0,0.0,0.0,0.0,0.0,-2.055877,0.06393778,3.211966,1.304278,-0.2635481,-3.574472,-0.02820251,0.1099349,-0.002061061,0.9935365,356.8134,12.64463,359.4091,0.3426508,-0.06735546,-0.9370446,0,0,0,1.401274,-0.02866655,-2.558491,-0.1295894,0.1769053,1.024063,0.9758202,-0.01029636,-0.2183324,-0.0021054,0.9984007,-0.05649362,0.2185649,0.05558729,0.9742379,moving,2.159938,15.3554,-7.212125,9.801024,0.7087273764304616,26.533498357390407
05/11/2023 12:33:32.082989,1876,True,True,True,True,Eyes,1.309068,-0.2586695,-3.571534,0.03917645,0.2626664,0.964091,0.0,0.0,0.0,0.0,0.0,0.0,0.0,-2.068054,0.07529265,3.20366,1.304301,-0.2637091,-3.574242,-0.02690816,0.1118634,-0.001418632,0.9933582,356.9538,12.86366,359.4929,0.3427131,-0.06739955,-0.9370187,0,0,0,1.404624,-0.03098625,-2.558694,-0.1298638,0.1774513,1.023332,0.9749691,-0.008838498,-0.2221646,-0.00320166,0.9985479,-0.05377628,0.2223173,0.0531415,0.973525,moving,2.32697,15.24032,-7.23234,9.837569,0.8731157742886735,26.418248179635263
05/11/2023 12:33:32.093698,1877,True,True,True,True,Eyes,1.309361,-0.2588494,-3.571363,0.04187117,0.2607436,0.9644997,0.0,0.0,0.0,0.0,0.0,0.0,0.0,-2.079691,0.08660904,3.195648,1.30429,-0.2639202,-3.574067,-0.02562324,0.1137183,-0.0007802445,0.9931822,357.0927,13.07446,359.5768,0.3427765,-0.06744407,-0.9369923,0,0,0,1.408074,-0.03337433,-2.558903,-0.1298726,0.1779499,1.022716,0.974135,-0.007377511,-0.225846,-0.004277812,0.9986857,-0.05107455,0.225926,0.05071964,0.9728233,moving,2.485782,15.12777,-7.237139,9.870501,1.029311001321076,26.305501420282155
05/11/2023 12:33:32.112935,1878,True,True,True,True,Eyes,1.309643,-0.2590314,-3.571198,0.04456902,0.2587959,0.9649032,0.0,0.0,0.0,0.0,0.0,0.0,0.0,-2.089947,0.09840038,3.188405,1.304194,-0.2640992,-3.573908,-0.02420471,0.115372,-0.0002544742,0.9930274,357.248,13.26246,359.6506,0.3428416,-0.06748895,-0.9369652,0,0,0,1.411391,-0.03567137,-2.559103,-0.1295631,0.1787726,1.022131,0.9733785,-0.006090492,-0.2291229,-0.005079692,0.9988282,-0.04813059,0.2291475,0.04801315,0.9722068,moving,2.64462,15.0139,-7.22416,9.920783,1.1854889027736482,26.191420107960187
05/11/2023 12:33:32.123193,1879,True,True,True,True,Eyes,1.309959,-0.259217,-3.571051,0.04715997,0.25688,0.965292,0.0,0.0,0.0,0.0,0.0,0.0,0.0,-2.099244,0.1096883,3.181863,1.304217,-0.264321,-3.573831,-0.02290371,0.1168647,0.0003520678,0.9928837,357.3885,13.432,359.7331,0.3429081,-0.06753419,-0.9369376,0,0,0,1.414701,-0.03796315,-2.559304,-0.1290402,0.1793929,1.021703,0.972685,-0.004654144,-0.2320822,-0.006052393,0.9989507,-0.04539915,0.2320499,0.04556373,0.9716362,moving,2.796999,14.90198,-7.198296,9.958612,1.3352276336501325,26.079267484893563
05/11/2023 12:33:32.143136,1880,True,True,True,True,Eyes,1.310262,-0.2594019,-3.570918,0.04973997,0.2548889,0.9656903,0.0,0.0,0.0,0.0,0.0,0.0,0.0,-2.108223,0.1231054,3.175351,1.304123,-0.2645894,-3.573775,-0.0212861,0.1183309,0.0009392062,0.9927455,357.565,13.59854,359.8181,0.3429763,-0.0675798,-0.9369093,0,0,0,1.417923,-0.04019361,-2.559498,-0.128439,0.1807653,1.021219,0.9719938,-0.003172822,-0.234985,-0.006902394,0.9990921,-0.04204109,0.2349051,0.04248564,0.9710894,moving,2.948538,14.78572,-7.168465,10.03791,1.4839775478483026,25.962720842736207
05/11/2023 12:33:32.163159,1881,True,True,True,True,Eyes,1.310579,-0.2595873,-3.570794,0.05224391,0.252918,0.9660761,0.0,0.0,0.0,0.0,0.0,0.0,0.0,-2.11549,0.1371982,3.170104,1.304119,-0.2647327,-3.573915,-0.0193385,0.1194916,0.001117861,0.9926463,357.7844,13.73077,359.8622,0.3430457,-0.06762572,-0.9368806,0,0,0,1.421254,-0.04249944,-2.5597,-0.1273867,0.1825978,1.020868,0.971441,-0.002402296,-0.237269,-0.006840856,0.9992495,-0.03812543,0.2371825,0.03865973,0.9706956,moving,3.095453,14.67074,-7.112761,10.14099,1.6281138346337762,25.847437650016758
05/11/2023 12:33:32.173213,1882,True,True,True,True,Eyes,1.310887,-0.2597644,-3.570682,0.05473686,0.2509469,0.966452,0.0,0.0,0.0,0.0,0.0,0.0,0.0,-2.123801,0.1490375,3.163905,1.30413,-0.2649204,-3.573807,-0.01777827,0.1208288,0.001391375,0.9925132,357.9583,13.88366,359.912,0.3431165,-0.0676719,-0.9368513,0,0,0,1.424615,-0.04482663,-2.559903,-0.126605,0.1836633,1.020391,0.9707969,-0.001534338,-0.2398978,-0.007058171,0.999364,-0.03495409,0.2397989,0.03562657,0.9701687,moving,3.241593,14.55586,-7.072829,10.20359,1.771473085138445,25.732250405596282
05/11/2023 12:33:32.193996,1883,True,True,True,True,Eyes,1.311212,-0.2599248,-3.57058,0.05721897,0.2491629,0.9667698,0.0,0.0,0.0,0.0,0.0,0.0,0.0,-2.131278,0.1576289,3.158623,1.304211,-0.2648953,-3.573926,-0.01677679,0.122029,0.00189239,0.9923829,358.0653,14.02077,359.9806,0.3431882,-0.06771807,-0.9368218,0,0,0,1.427915,-0.0471116,-2.560103,-0.1256662,0.1833983,1.020364,0.9702107,-0.0003385582,-0.2422625,-0.007850462,0.9994299,-0.03283615,0.2421355,0.03375986,0.9696549,moving,3.387141,14.45217,-7.021089,10.18944,1.9146050618187673,25.628374053070274
05/11/2023 12:33:32.212777,1884,True,True,True,True,Eyes,1.311526,-0.2600884,-3.570488,0.05972449,0.2474638,0.9670547,0.0,0.0,0.0,0.0,0.0,0.0,0.0,-2.140816,0.1579512,3.152067,1.304304,-0.2646675,-3.573838,-0.01669232,0.1235182,0.001853939,0.9922003,358.0755,14.19283,359.9745,0.3432609,-0.0677638,-0.9367918,0,0,0,1.431303,-0.04945724,-2.560308,-0.1254608,0.1809897,1.020387,0.9694796,-0.0004446525,-0.2451715,-0.00780257,0.9994358,-0.03266625,0.2450477,0.03358224,0.9689292,moving,3.534051,14.35365,-7.009574,10.05815,2.059278801665407,25.529734459817256
05/11/2023 12:33:32.233080,1885,True,True,True,True,Eyes,1.31184,-0.2602529,-3.570407,0.06227417,0.2458682,0.9673008,0.0,0.0,0.0,0.0,0.0,0.0,0.0,-2.150966,0.1576836,3.145339,1.30436,-0.2649131,-3.573954,-0.01687276,0.1251154,0.00202634,0.9919966,358.0526,14.37712,359.9884,0.3433343,-0.06780918,-0.9367616,0,0,0,1.43473,-0.05182951,-2.560515,-0.1253889,0.1784746,1.020727,0.9686841,-0.0002018368,-0.2482965,-0.008242328,0.9994224,-0.03296838,0.2481596,0.03398249,0.9681229,moving,3.68358,14.26141,-7.003284,9.917932,2.2067965362552577,25.437462390415966
05/11/2023 12:33:32.248225,1886,True,True,True,True,Eyes,1.312138,-0.2604184,-3.570337,0.06484352,0.2442877,0.9675323,0.0,0.0,0.0,0.0,0.0,0.0,0.0,-2.161633,0.1602818,3.137949,1.304349,-0.265112,-3.573997,-0.01661669,0.126814,0.002181579,0.9917849,358.0794,14.573,0.006469769,0.3434083,-0.06785426,-0.9367312,0,0,0,1.437917,-0.05403632,-2.560708,-0.1256665,0.1769784,1.020801,0.9678269,0.0001128552,-0.251617,-0.008541774,0.9994383,-0.03240706,0.2514719,0.03351368,0.9672842,moving,3.8342,14.17019,-7.018126,9.835718,2.35544639411294,25.346228974716723
05/11/2023 12:33:32.263384,1887,True,True,True,True,Eyes,1.312446,-0.2605808,-3.570277,0.06740613,0.2427756,0.9677378,0.0,0.0,0.0,0.0,0.0,0.0,0.0,-2.171426,0.1658006,3.131027,1.304281,-0.2653023,-3.574125,-0.01599014,0.1283958,0.002460295,0.9915911,358.1465,14.75503,0.04431744,0.3434822,-0.06789909,-0.9367008,0,0,0,1.441382,-0.05643515,-2.560917,-0.125335,0.1760359,1.020939,0.9670169,0.0007730807,-0.2547109,-0.008985345,0.9994765,-0.03107956,0.2545536,0.03234313,0.9665177,moving,3.984405,14.08311,-6.998866,9.78306,2.503814842544876,25.259178979103396
05/11/2023 12:33:32.273264,1888,True,True,True,True,Eyes,1.312743,-0.2607412,-3.570231,0.06995784,0.2412698,0.9679333,0.0,0.0,0.0,0.0,0.0,0.0,0.0,-2.179895,0.1709304,3.124862,1.304293,-0.2653975,-3.574116,-0.01537548,0.1297603,0.00268158,0.9914227,358.213,14.91213,0.07606297,0.3435563,-0.06794357,-0.9366704,0,0,0,1.44464,-0.05869121,-2.561114,-0.1248304,0.1751207,1.020954,0.9663101,0.001326903,-0.2573771,-0.009307414,0.9995128,-0.02979128,0.2572123,0.03118313,0.9658517,moving,4.133892,13.99648,-6.970858,9.733027,2.651475182135499,25.172579216545216
05/11/2023 12:33:32.293178,1889,True,True,True,True,Eyes,1.313051,-0.2608946,-3.570199,0.07249963,0.2398305,0.9681039,0.0,0.0,0.0,0.0,0.0,0.0,0.0,-2.187357,0.1767695,3.119612,1.30433,-0.2655081,-3.574351,-0.01468388,0.1309584,0.002958185,0.9912748,358.2874,15.04993,0.1157199,0.34363,-0.0679877,-0.9366401,0,0,0,1.447911,-0.0609553,-2.561312,-0.1240384,0.1743605,1.021234,0.9656823,0.002018791,-0.2597184,-0.009710704,0.9995512,-0.02833673,0.2595447,0.02988633,0.9652686,moving,4.282788,13.91389,-6.925187,9.688978,2.798673605611109,25.090060584957953
05/11/2023 12:33:32.313343,1890,True,True,True,True,Eyes,1.313353,-0.2610466,-3.570177,0.07504233,0.2384408,0.9682534,0.0,0.0,0.0,0.0,0.0,0.0,0.0,-2.194904,0.1791216,3.114341,1.304407,-0.2655065,-3.57447,-0.0144436,0.1321586,0.003141422,0.9911184,358.3118,15.18833,0.1381055,0.3437038,-0.06803128,-0.9366099,0,0,0,1.451336,-0.06332714,-2.561519,-0.1231735,0.1724548,1.021578,0.9650484,0.002409347,-0.2620604,-0.01004473,0.999563,-0.02780031,0.261879,0.02946098,0.9646509,moving,4.431723,13.83432,-6.875069,9.58189,2.946010830346874,25.010595905449613
05/11/2023 12:33:32.323719,1891,True,True,True,True,Eyes,1.313657,-0.2611922,-3.570163,0.07762569,0.237125,0.9683728,0.0,0.0,0.0,0.0,0.0,0.0,0.0,-2.203308,0.1801762,3.10862,1.304572,-0.265625,-3.574645,-0.01434413,0.1334706,0.003190154,0.990944,358.3221,15.33996,0.1429278,0.3437772,-0.06807432,-0.9365799,0,0,0,1.45466,-0.06562815,-2.56172,-0.122799,0.1704535,1.021963,0.9643508,0.002493489,-0.2646153,-0.01015157,0.9995682,-0.02757687,0.2644323,0.02928003,0.9639597,moving,4.583084,13.75925,-6.851806,9.469214,3.095939056859325,24.935697604735253
05/11/2023 12:33:32.343040,1892,True,True,True,True,Eyes,1.313954,-0.2613304,-3.570157,0.08021788,0.2358617,0.9684701,0.0,0.0,0.0,0.0,0.0,0.0,0.0,-2.212193,0.1816013,3.102343,1.304675,-0.2656187,-3.574714,-0.01411895,0.1348698,0.003136906,0.9907578,358.3483,15.50182,0.1379907,0.3438503,-0.06811669,-0.9365499,0,0,0,1.458075,-0.06799278,-2.561927,-0.1224613,0.1685279,1.022216,0.9636006,0.002407389,-0.2673352,-0.01002427,0.9995816,-0.02713076,0.267158,0.02882306,0.9632216,moving,4.734972,13.68739,-6.831464,9.361866,3.246503704124086,24.864048629550116
05/11/2023 12:33:32.363065,1893,True,True,True,True,Eyes,1.314227,-0.2614629,-3.570153,0.08285258,0.2346071,0.9685529,0.0,0.0,0.0,0.0,0.0,0.0,0.0,-2.22124,0.1816506,3.096034,1.304776,-0.2655778,-3.574822,-0.01411826,0.1362967,0.003132644,0.9905626,358.3483,15.66692,0.1351377,0.343923,-0.06815826,-0.9365202,0,0,0,1.46135,-0.07025985,-2.562125,-0.1223249,0.1662015,1.022563,0.9628268,0.002357616,-0.2701093,-0.0100547,0.9995817,-0.0271161,0.2699324,0.02882397,0.9624478,moving,4.889329,13.61618,-6.821638,9.2318,3.3995757609945807,24.793073368082716
05/11/2023 12:33:32.373050,1894,True,True,True,True,Eyes,1.314494,-0.2615968,-3.570159,0.08549173,0.2333888,0.968618,0.0,0.0,0.0,0.0,0.0,0.0,0.0,-2.229604,0.181825,3.090206,1.304864,-0.2655765,-3.574964,-0.01411072,0.1376184,0.003141782,0.9903799,358.3488,15.81985,0.1340892,0.3439946,-0.06819896,-0.9364909,0,0,0,1.464773,-0.07262975,-2.562332,-0.1218217,0.1638226,1.023007,0.9621026,0.002339324,-0.2726777,-0.01010691,0.9995821,-0.02708522,0.2725004,0.02881469,0.9617241,moving,5.043944,13.5472,-6.790915,9.098,3.5529810891044473,24.724354705400064
05/11/2023 12:33:32.393245,1895,True,True,True,True,Eyes,1.314751,-0.2617261,-3.57017,0.08816808,0.2321125,0.9686848,0.0,0.0,0.0,0.0,0.0,0.0,0.0,-2.238379,0.1831121,3.084043,1.304963,-0.2657409,-3.575143,-0.0139337,0.1390032,0.003095674,0.9901891,358.3694,15.98014,0.129366,0.3440652,-0.06823892,-0.9364621,0,0,0,1.467973,-0.07484512,-2.562526,-0.1217017,0.1621165,1.023384,0.961337,0.002256946,-0.2753652,-0.01000426,0.9995925,-0.02673338,0.2751926,0.02845462,0.9609679,moving,5.200637,13.47493,-6.781813,9.001553,3.708370282474652,24.6523231935856
05/11/2023 12:33:32.413580,1896,True,True,True,True,Eyes,1.315004,-0.2618495,-3.570191,0.09083664,0.2308923,0.9687298,0.0,0.0,0.0,0.0,0.0,0.0,0.0,-2.24654,0.1842745,3.077891,1.305257,-0.2653883,-3.574939,-0.0137186,0.1402816,0.00308685,0.990012,358.3938,16.12807,0.1297172,0.3441344,-0.06827807,-0.9364339,0,0,0,1.471258,-0.07711976,-2.562724,-0.1213485,0.1599223,1.023367,0.9606231,0.002263102,-0.2778456,-0.00996097,0.9996046,-0.02629709,0.2776762,0.02802921,0.9602658,moving,5.356894,13.40606,-6.762426,8.881819,3.8634325330718946,24.58372670617226
05/11/2023 12:33:32.423471,1897,True,True,True,True,Eyes,1.315238,-0.2619565,-3.570196,0.09358107,0.2296211,0.9687707,0.0,0.0,0.0,0.0,0.0,0.0,0.0,-2.254614,0.1838274,3.072325,1.305416,-0.2653715,-3.575154,-0.01378728,0.1415462,0.003071824,0.9898309,358.3861,16.27454,0.1248454,0.3442023,-0.06831634,-0.9364061,0,0,0,1.474601,-0.07943397,-2.562926,-0.1209185,0.1574264,1.023912,0.9599105,0.002178097,-0.2802984,-0.009984248,0.9996009,-0.02642454,0.280129,0.02816376,0.9595492,moving,5.517525,13.33435,-6.735126,8.74078,4.022805276693627,24.51228769860178
05/11/2023 12:33:32.443073,1898,True,True,True,True,Eyes,1.315473,-0.262061,-3.570208,0.09633036,0.2284213,0.9687849,0.0,0.0,0.0,0.0,0.0,0.0,0.0,-2.263621,0.1815584,3.065973,1.305561,-0.265445,-3.575217,-0.01410843,0.1429646,0.002992471,0.9896228,358.3508,16.43903,0.1082664,0.3442687,-0.06835342,-0.936379,0,0,0,1.478276,-0.08197853,-2.563148,-0.1204644,0.1542754,1.024432,0.9591043,0.001888821,-0.2830465,-0.009956848,0.999584,-0.02706842,0.2828776,0.02877969,0.9587242,moving,5.678494,13.26696,-6.706693,8.564159,4.182660724027607,24.445219139898498
05/11/2023 12:33:32.463466,1899,True,True,True,True,Eyes,1.31568,-0.2621628,-3.570218,0.09915821,0.2271864,0.9687899,0.0,0.0,0.0,0.0,0.0,0.0,0.0,-2.272935,0.1796451,3.059457,1.305792,-0.2654895,-3.57536,-0.01437476,0.1444195,0.00291692,0.989408,358.3217,16.60777,0.09286228,0.3443337,-0.06838936,-0.9363524,0,0,0,1.481247,-0.08403581,-2.563328,-0.1208759,0.1516997,1.024839,0.958269,0.001620057,-0.2858634,-0.009924037,0.9995698,-0.02760248,0.2856957,0.02928752,0.9578728,moving,5.844024,13.19769,-6.726741,8.419952,4.347046590572729,24.376280017919385
05/11/2023 12:33:32.483270,1900,True,True,True,True,Eyes,1.315889,-0.2622614,-3.570232,0.1019908,0.226031,0.9687661,0.0,0.0,0.0,0.0,0.0,0.0,0.0,-2.282219,0.1781443,3.05285,1.305986,-0.2655181,-3.575479,-0.01457475,0.1458798,0.002836194,0.9891909,358.3003,16.77717,0.07788508,0.3443969,-0.06842421,-0.9363267,0,0,0,1.484651,-0.08639199,-2.563534,-0.1208359,0.1489434,1.025307,0.957422,0.001358752,-0.2886887,-0.009863399,0.999559,-0.02800693,0.2885233,0.0296619,0.9570132,moving,6.009911,13.13321,-6.721497,8.265375,4.511949781777111,24.312186714954464
05/11/2023 12:33:32.493734,1901,True,True,True,True,Eyes,1.31607,-0.2623641,-3.570243,0.1049359,0.2247831,0.968742,0.0,0.0,0.0,0.0,0.0,0.0,0.0,-2.291774,0.1753999,3.046011,1.306217,-0.2655423,-3.575536,-0.01496431,0.147382,0.002762501,0.9889626,358.2572,16.95154,0.060365,0.3444584,-0.068458,-0.9363016,0,0,0,1.48811,-0.08878683,-2.563743,-0.1208585,0.145754,1.025769,0.9565418,0.00105308,-0.2915933,-0.00987496,0.9995369,-0.028784,0.2914279,0.03041257,0.9561092,moving,6.182281,13.06351,-6.719745,8.08716,4.683208536261896,24.242858401632716
05/11/2023 12:33:32.513085,1902,True,True,True,True,Eyes,1.316253,-0.262467,-3.57026,0.1078963,0.2235869,0.9686936,0.0,0.0,0.0,0.0,0.0,0.0,0.0,-2.302733,0.1738984,3.038123,1.306489,-0.2657295,-3.57568,-0.01515386,0.1491028,0.00261305,0.9887021,358.2382,17.15135,0.03715029,0.3445178,-0.06849095,-0.9362773,0,0,0,1.491451,-0.09110034,-2.563945,-0.1215283,0.1432265,1.026173,0.955523,0.0006480874,-0.2949158,-0.009686025,0.9995271,-0.02918609,0.2947574,0.03074454,0.9550774,moving,6.355597,12.99699,-6.754003,7.94564,4.855524605520898,24.176751872843855
05/11/2023 12:33:32.533023,1903,True,True,True,True,Eyes,1.316417,-0.2625675,-3.570273,0.1108774,0.2223065,0.9686517,0.0,0.0,0.0,0.0,0.0,0.0,0.0,-2.313241,0.1733309,3.030399,1.306677,-0.2658346,-3.575804,-0.01518158,0.1507693,0.002446853,0.9884494,358.2379,17.34486,0.01486659,0.3445752,-0.06852316,-0.9362538,0,0,0,1.494624,-0.09329731,-2.564137,-0.1221627,0.14107,1.026518,0.9545252,0.0002593483,-0.29813,-0.009415012,0.999527,-0.02927462,0.2979814,0.03075026,0.9540763,moving,6.529981,12.9256,-6.786672,7.824901,5.028755517621527,24.105728133759023
05/11/2023 12:33:32.543420,1904,True,True,True,True,Eyes,1.316586,-0.2626671,-3.570292,0.1138615,0.2210846,0.9685851,0.0,0.0,0.0,0.0,0.0,0.0,0.0,-2.324012,0.1723831,3.022346,1.306905,-0.2658499,-3.575842,-0.01523138,0.1524773,0.002240988,0.9881871,358.2358,17.54332,359.9876,0.3446305,-0.06855464,-0.9362312,0,0,0,1.497995,-0.09563129,-2.564341,-0.1227211,0.1386461,1.026811,0.9534913,-0.0002158472,-0.3014204,-0.009073908,0.999526,-0.0294195,0.3012839,0.0307863,0.9530374,moving,6.704601,12.85778,-6.815476,7.689905,5.20234171322026,24.03831579622403
05/11/2023 12:33:32.563197,1905,True,True,True,True,Eyes,1.316738,-0.2627619,-3.570308,0.1168968,0.2197455,0.9685283,0.0,0.0,0.0,0.0,0.0,0.0,0.0,-2.333699,0.171199,3.015176,1.307152,-0.2659243,-3.575946,-0.01533496,0.1540065,0.002057423,0.9879488,358.2273,17.72108,359.9623,0.344684,-0.06858543,-0.9362093,0,0,0,1.501408,-0.09799354,-2.564548,-0.1229043,0.1361384,1.027241,0.9525555,-0.0006581094,-0.3043641,-0.008788623,0.9995212,-0.0296666,0.3042379,0.03093402,0.9520937,moving,6.882041,12.78319,-6.822728,7.549318,5.378544185527193,23.964076732914144
05/11/2023 12:33:32.583302,1906,True,True,True,True,Eyes,1.316897,-0.2628602,-3.570329,0.1199608,0.218476,0.9684408,0.0,0.0,0.0,0.0,0.0,0.0,0.0,-2.344536,0.1671953,3.007261,1.307476,-0.2658713,-3.576065,-0.01564969,0.155688,0.001524251,0.9876811,358.2013,17.91731,359.8932,0.3447354,-0.0686155,-0.9361882,0,0,0,1.504726,-0.1002912,-2.564748,-0.1236901,0.1331595,1.027646,0.9515178,-0.001861991,-0.307588,-0.007883886,0.9995056,-0.03043919,0.3074926,0.03138842,0.9510326,moving,7.061263,12.71286,-6.863249,7.383086,5.556681318927583,23.894157076998777
05/11/2023 12:33:32.593209,1907,True,True,True,True,Eyes,1.317034,-0.2629573,-3.570349,0.1235669,0.2170427,0.9683097,0.0,0.0,0.0,0.0,0.0,0.0,0.0,-2.356196,0.1639971,2.998548,1.307791,-0.2660434,-3.576136,-0.01587506,0.1575144,0.0009864026,0.9873887,358.1857,18.13038,359.825,0.3447851,-0.06864499,-0.9361677,0,0,0,1.50795,-0.1025233,-2.564943,-0.124842,0.1306601,1.027937,0.9503765,-0.003053175,-0.3110871,-0.006949025,0.9994941,-0.03103897,0.3110245,0.03166046,0.9498744,moving,7.272261,12.6338,-6.924603,7.243963,5.766525351523753,23.815621893793917
05/11/2023 12:33:32.612929,1908,True,True,True,True,Eyes,1.317178,-0.263054,-3.570375,0.1271783,0.2156692,0.968149,0.0,0.0,0.0,0.0,0.0,0.0,0.0,-2.367992,0.1624364,2.989689,1.308075,-0.2660729,-3.576333,-0.01578922,0.1593655,0.0003736388,0.9870933,358.2069,18.34629,359.7538,0.3448328,-0.06867395,-0.936148,0,0,0,1.511389,-0.1049039,-2.565151,-0.1258531,0.1285164,1.028322,0.949205,-0.004294881,-0.314629,-0.005770146,0.9995011,-0.03105178,0.3146054,0.03128996,0.9487067,moving,7.483656,12.55841,-6.977553,7.123711,5.9768900711058714,23.740800301241016
05/11/2023 12:33:32.623123,1909,True,True,True,True,Eyes,1.317303,-0.2631444,-3.570397,0.1311848,0.2141531,0.9679509,0.0,0.0,0.0,0.0,0.0,0.0,0.0,-2.379536,0.1598466,2.980984,1.308388,-0.2661452,-3.576492,-0.0158632,0.1611757,-0.0002366546,0.9867983,358.2103,18.55764,359.6801,0.3448788,-0.06870239,-0.936129,0,0,0,1.514621,-0.1071421,-2.565347,-0.1270022,0.1262313,1.028671,0.9480447,-0.005580585,-0.3180883,-0.004646464,0.9994966,-0.03138384,0.3181033,0.03123127,0.9475415,moving,7.718174,12.47537,-7.038254,6.995956,6.2102847509842825,23.65839753611811
05/11/2023 12:33:32.643275,1910,True,True,True,True,Eyes,1.317437,-0.263236,-3.570425,0.1351787,0.21273,0.9677151,0.0,0.0,0.0,0.0,0.0,0.0,0.0,-2.390927,0.1548004,2.972421,1.308744,-0.2660491,-3.576617,-0.01616242,0.1629449,-0.001053824,0.9865023,358.1923,18.76486,359.5789,0.3449228,-0.06873024,-0.9361108,0,0,0,1.518027,-0.1094999,-2.565553,-0.1279946,0.1232113,1.029074,0.9468957,-0.007346367,-0.3214569,-0.003187968,0.9994753,-0.03223196,0.321525,0.0315451,0.9463755,moving,7.952107,12.39797,-7.089946,6.82754,6.443276288709816,23.58169379206158
05/11/2023 12:33:32.663550,1911,True,True,True,True,Eyes,1.317551,-0.2633289,-3.57045,0.1394095,0.2111282,0.9674657,0.0,0.0,0.0,0.0,0.0,0.0,0.0,-2.402292,0.1485737,2.963883,1.30909,-0.2661572,-3.576749,-0.01665332,0.1647132,-0.001896199,0.9861991,358.1535,18.97236,359.4711,0.3449652,-0.06875756,-0.9360932,0,0,0,1.521331,-0.1117877,-2.565753,-0.1290895,0.1200725,1.029518,0.9457319,-0.009226104,-0.3248169,-0.001745985,0.9994381,-0.03347164,0.3249432,0.03222233,0.9451845,moving,8.199739,12.31055,-7.146916,6.652341,6.689730838434494,23.494949600235735
05/11/2023 12:33:32.683402,1912,True,True,True,True,Eyes,1.317676,-0.2634184,-3.570477,0.143626,0.2096172,0.9671775,0.0,0.0,0.0,0.0,0.0,0.0,0.0,-2.413793,0.1448605,2.955078,1.309413,-0.2662432,-3.576928,-0.01674756,0.1665132,-0.002759777,0.9858932,358.1603,19.18323,359.3683,0.3450057,-0.06878447,-0.9360763,0,0,0,1.524807,-0.1141938,-2.565963,-0.1300648,0.1176187,1.029958,0.9445314,-0.01101907,-0.3282361,-0.0001356896,0.9994238,-0.03394169,0.328421,0.03210353,0.9439858,moving,8.446705,12.22863,-7.197307,6.514815,6.935696074608986,23.41376232752386
05/11/2023 12:33:32.693511,1913,True,True,True,True,Eyes,1.317779,-0.2635115,-3.570501,0.1479537,0.208036,0.9668664,0.0,0.0,0.0,0.0,0.0,0.0,0.0,-2.425621,0.1384643,2.945922,1.309791,-0.2662363,-3.576987,-0.01718768,0.168365,-0.003698198,0.9855679,358.1299,19.40081,359.2503,0.3450448,-0.06881089,-0.93606,0,0,0,1.527912,-0.116344,-2.56615,-0.1315487,0.1146221,1.030238,0.9432791,-0.01307726,-0.3317433,0.001502041,0.9993818,-0.03512455,0.3319975,0.03263396,0.9427156,moving,8.700138,12.14293,-7.276586,6.348498,7.1880482233957785,23.32879600285604
05/11/2023 12:33:32.713272,1914,True,True,True,True,Eyes,1.317891,-0.2636056,-3.570529,0.1522685,0.206514,0.9665228,0.0,0.0,0.0,0.0,0.0,0.0,0.0,-2.43719,0.1318642,2.937019,1.310077,-0.2663847,-3.577164,-0.01768358,0.1701881,-0.004627671,0.9852422,358.0934,19.61526,359.1321,0.3450821,-0.06883699,-0.9360443,0,0,0,1.53131,-0.1186967,-2.566356,-0.1326393,0.1114611,1.030763,0.9420292,-0.01513782,-0.3351893,0.003099683,0.9993318,-0.03642036,0.3355167,0.03327006,0.9414466,moving,8.95294,12.06086,-7.332561,6.17167,7.439884668114118,23.24749596837251
05/11/2023 12:33:32.731168,1915,True,True,True,True,Eyes,1.318,-0.2637013,-3.570556,0.1565716,0.2048061,0.9661986,0.0,0.0,0.0,0.0,0.0,0.0,0.0,-2.449165,0.1273125,2.92753,1.31041,-0.2664846,-3.577271,-0.01775581,0.1720743,-0.005738294,0.9849073,358.1089,19.83685,359.0016,0.3451179,-0.06886282,-0.9360293,0,0,0,1.534744,-0.121074,-2.566564,-0.1338747,0.1091282,1.0311,0.9407151,-0.01741401,-0.3387506,0.005192739,0.9993036,-0.03695048,0.3391581,0.03300083,0.9401503,moving,9.204716,11.9679,-7.397717,6.041502,7.690329142041351,23.155177600831443
05/11/2023 12:33:32.743328,1916,True,True,True,True,Eyes,1.318117,-0.2637994,-3.570586,0.1608334,0.2031651,0.965845,0.0,0.0,0.0,0.0,0.0,0.0,0.0,-2.460567,0.1252452,2.918307,1.310736,-0.2665775,-3.57736,-0.01765745,0.1738952,-0.006484944,0.9845846,358.1367,20.04995,358.9158,0.3451524,-0.06888845,-0.9360147,0,0,0,1.538056,-0.1233672,-2.566764,-0.1349806,0.1071976,1.031396,0.9394368,-0.01891104,-0.3422,0.006628863,0.9992924,-0.03702589,0.342658,0.03251509,0.9388974,moving,9.454195,11.87896,-7.456028,5.933704,7.938593303253475,23.066908766337974
05/11/2023 12:33:32.773084,1917,True,True,True,True,Eyes,1.318243,-0.2638959,-3.570622,0.1646338,0.2013774,0.965579,0.0,0.0,0.0,0.0,0.0,0.0,0.0,-2.470697,0.1238274,2.910055,1.311053,-0.2667263,-3.577442,-0.01770652,0.1755321,-0.006817754,0.9842909,358.1397,20.24121,358.8742,0.3451858,-0.06891394,-0.9360005,0,0,0,1.54122,-0.1255574,-2.566955,-0.1357397,0.1050848,1.031756,0.938284,-0.01963743,-0.3453079,0.007205181,0.99928,-0.03725019,0.3457908,0.03246325,0.9377499,moving,9.676033,11.78052,-7.494889,5.815545,8.158713191470829,22.968849649882287
05/11/2023 12:33:32.773084,1918,True,True,True,True,Eyes,1.31838,-0.2639929,-3.570663,0.168421,0.1996666,0.9652811,0.0,0.0,0.0,0.0,0.0,0.0,0.0,-2.480417,0.1220114,2.902307,1.31151,-0.2667373,-3.577644,-0.01752887,0.177049,-0.007602078,0.9840166,358.1774,20.4189,358.7865,0.3452184,-0.06893927,-0.9359865,0,0,0,1.544588,-0.1278897,-2.567159,-0.1363223,0.1032075,1.032205,0.9371918,-0.02116808,-0.3481718,0.008754208,0.9992699,-0.03718927,0.3487048,0.03180551,0.9366928,moving,9.897262,11.68671,-7.523453,5.709875,8.378372484907791,22.87546812660288
05/11/2023 12:33:32.793124,1919,True,True,True,True,Eyes,1.318524,-0.2640907,-3.570709,0.1718789,0.1978386,0.965048,0.0,0.0,0.0,0.0,0.0,0.0,0.0,-2.490993,0.1184041,2.893716,1.311886,-0.266836,-3.577766,-0.01768838,0.1787373,-0.008294471,0.9837028,358.1757,20.61708,358.702,0.3452505,-0.06896444,-0.9359728,0,0,0,1.54917,-0.1310616,-2.567436,-0.1359686,0.09988712,1.032976,0.9359684,-0.02264173,-0.3513553,0.00999544,0.9992366,-0.03776528,0.3519421,0.03183515,0.9354802,moving,10.09872,11.58534,-7.498622,5.523236,8.577875590071775,22.77431043801536
05/11/2023 12:33:32.813010,1920,True,True,True,True,Eyes,1.318674,-0.2641911,-3.570759,0.1753581,0.1960526,0.9647864,0.0,0.0,0.0,0.0,0.0,0.0,0.0,-2.501418,0.1141604,2.885237,1.312221,-0.2669014,-3.577926,-0.01785118,0.1804011,-0.009132681,0.9833887,358.1769,20.81274,358.601,0.3452823,-0.06898948,-0.9359593,0,0,0,1.551224,-0.1324833,-2.56756,-0.1380314,0.09826109,1.033112,0.9347441,-0.02440269,-0.3544829,0.0115212,0.9991959,-0.03840438,0.355135,0.03181419,0.9342735,moving,10.30153,11.48657,-7.610071,5.433158,8.77882568773136,22.675790770318024
05/11/2023 12:33:32.823177,1921,True,True,True,True,Eyes,1.318846,-0.2642988,-3.57082,0.1785494,0.1940812,0.9645997,0.0,0.0,0.0,0.0,0.0,0.0,0.0,-2.513034,0.111339,2.875501,1.312487,-0.2670371,-3.578032,-0.01757932,0.1822668,-0.01035369,0.9830376,358.2357,21.03169,358.4656,0.3453139,-0.06901445,-0.9359458,0,0,0,1.554589,-0.1348132,-2.567764,-0.1392372,0.0967604,1.033436,0.9333433,-0.02676437,-0.3579862,0.01394787,0.9991676,-0.03833653,0.3587142,0.030788,0.9329395,moving,10.48687,11.37624,-7.673386,5.349,8.961804596511978,22.565465654061203
05/11/2023 12:33:32.843240,1922,True,True,True,True,Eyes,1.31902,-0.2644015,-3.570881,0.1817311,0.1921611,0.9643899,0.0,0.0,0.0,0.0,0.0,0.0,0.0,-2.523087,0.112192,2.866936,1.312741,-0.2672633,-3.57815,-0.01722566,0.1839157,-0.01078583,0.982732,358.2872,21.22386,358.4214,0.3453457,-0.06903952,-0.9359322,0,0,0,1.557769,-0.137015,-2.567956,-0.1399806,0.09557313,1.033812,0.9321174,-0.0275353,-0.361108,0.01486302,0.9991738,-0.03782379,0.3618512,0.02988905,0.9317566,moving,10.67176,11.26898,-7.711092,5.28183,9.144431590082737,22.458241787279043
05/11/2023 12:33:32.862970,1923,True,True,True,True,Eyes,1.319207,-0.2645098,-3.570949,0.1846424,0.1900454,0.9642561,0.0,0.0,0.0,0.0,0.0,0.0,0.0,-2.531885,0.112414,2.859283,1.312935,-0.2672348,-3.578179,-0.01693862,0.1853706,-0.01120035,0.9824589,358.3307,21.39357,358.3783,0.3453778,-0.06906455,-0.9359186,0,0,0,1.561119,-0.1393348,-2.568159,-0.1400563,0.09388745,1.034246,0.9310246,-0.0282876,-0.3638585,0.01572791,0.9991753,-0.03743543,0.3646174,0.02913057,0.9307017,moving,10.84017,11.14953,-7.712007,5.187016,9.31006344257493,22.338582044313814
05/11/2023 12:33:32.872909,1924,True,True,True,True,Eyes,1.319401,-0.2646165,-3.57102,0.1875186,0.1879656,0.9641088,0.0,0.0,0.0,0.0,0.0,0.0,0.0,-2.539052,0.1144235,2.853106,1.313194,-0.2674198,-3.578282,-0.01643247,0.1865336,-0.0115766,0.982243,358.3976,21.52865,358.3448,0.3454103,-0.06908967,-0.9359047,0,0,0,1.564553,-0.1417118,-2.568367,-0.1395218,0.0928188,1.03481,0.9301425,-0.02887248,-0.3660621,0.01661166,0.9991919,-0.0366002,0.366823,0.0279625,0.9298704,moving,11.00658,11.03217,-7.678793,5.125513,9.473750416942991,22.221022282979597
05/11/2023 12:33:32.893150,1925,True,True,True,True,Eyes,1.319609,-0.264724,-3.571095,0.1902123,0.1857327,0.9640139,0.0,0.0,0.0,0.0,0.0,0.0,0.0,-2.545213,0.1158712,2.847865,1.313526,-0.2674711,-3.578404,-0.0158835,0.1875024,-0.01213056,0.9820608,358.473,21.64125,358.2928,0.3454434,-0.06911481,-0.9358907,0,0,0,1.567765,-0.143936,-2.568561,-0.1389049,0.09188156,1.035348,0.9293913,-0.02978228,-0.3678922,0.01786949,0.9992011,-0.03574615,0.368663,0.02664812,0.929181,moving,11.16182,10.90532,-7.641318,5.071406,9.62587776993556,22.093792172046022
05/11/2023 12:33:32.912951,1926,True,True,True,True,Eyes,1.319824,-0.2648313,-3.57117,0.1928881,0.1835793,0.9638947,0.0,0.0,0.0,0.0,0.0,0.0,0.0,-2.551873,0.1149851,2.842212,1.313902,-0.2675349,-3.578481,-0.01552994,0.1885398,-0.01295192,0.9818574,358.5323,21.76263,358.2063,0.3454772,-0.06913999,-0.9358763,0,0,0,1.57117,-0.146293,-2.568767,-0.1383318,0.0904555,1.035902,0.92857,-0.03128989,-0.3698361,0.01957784,0.9991822,-0.03538027,0.3706406,0.02561247,0.9284232,moving,11.31617,10.78317,-7.606138,4.99044,9.77726390189594,21.97130856165572
05/11/2023 12:33:32.923342,1927,True,True,True,True,Eyes,1.320054,-0.2649388,-3.571248,0.1954478,0.1813028,0.9638098,0.0,0.0,0.0,0.0,0.0,0.0,0.0,-2.558571,0.1118021,2.836544,1.314241,-0.2676219,-3.578536,-0.01549957,0.1895915,-0.01382162,0.9816434,358.5566,21.8865,358.1075,0.345512,-0.06916519,-0.9358616,0,0,0,1.57453,-0.1486198,-2.56897,-0.1378014,0.08842069,1.036498,0.9277281,-0.03301297,-0.371794,0.02125863,0.9991375,-0.03567102,0.372651,0.02518917,0.9276296,moving,11.46337,10.65345,-7.573006,4.875935,9.921201349679455,21.84112282522384
05/11/2023 12:33:32.942989,1928,True,True,True,True,Eyes,1.320288,-0.2650509,-3.571325,0.1979909,0.1791026,0.9637022,0.0,0.0,0.0,0.0,0.0,0.0,0.0,-2.565371,0.1089718,2.830567,1.314442,-0.2676641,-3.578507,-0.01528563,0.1906793,-0.01489173,0.9814204,358.6062,22.01438,357.9902,0.3455478,-0.06919039,-0.9358465,0,0,0,1.578109,-0.1510972,-2.569186,-0.1370125,0.08661584,1.037092,0.9268393,-0.0350594,-0.3738179,0.02340079,0.9990891,-0.03568235,0.3747284,0.02432417,0.9268155,moving,11.60977,10.52822,-7.525885,4.774147,10.06448127447485,21.71547184658811
05/11/2023 12:33:32.963239,1929,True,True,True,True,Eyes,1.320536,-0.2651598,-3.571404,0.200472,0.1768243,0.96361,0.0,0.0,0.0,0.0,0.0,0.0,0.0,-2.571721,0.1063303,2.825074,1.314739,-0.2678651,-3.57852,-0.01519117,0.1916849,-0.01575259,0.9812126,358.6378,22.13265,357.894,0.3455848,-0.06921571,-0.935831,0,0,0,1.581249,-0.153271,-2.569376,-0.1365407,0.08499248,1.037624,0.9260175,-0.03673712,-0.3756886,0.02508945,0.9990422,-0.0358506,0.3766458,0.02377247,0.9260523,moving,11.75232,10.39821,-7.496469,4.682683,10.203727172019414,21.584961870837375
05/11/2023 12:33:32.983230,1930,True,True,True,True,Eyes,1.320786,-0.2652699,-3.571483,0.2029511,0.1746112,0.9634946,0.0,0.0,0.0,0.0,0.0,0.0,0.0,-2.578413,0.1044935,2.819224,1.315096,-0.2678382,-3.578539,-0.01491363,0.1927405,-0.01664989,0.9809952,358.6911,22.25631,357.7978,0.345623,-0.06924105,-0.935815,0,0,0,1.584803,-0.1557317,-2.569591,-0.1358255,0.0832566,1.038222,0.9251477,-0.03841585,-0.3776585,0.02691801,0.9990007,-0.03567862,0.3786517,0.02284218,0.9252573,moving,11.89493,10.27205,-7.4534,4.584826,10.34316037038469,21.45834524691793
05/11/2023 12:33:32.993043,1931,True,True,True,True,Eyes,1.321052,-0.2653876,-3.571561,0.2053916,0.1722918,0.9633949,0.0,0.0,0.0,0.0,0.0,0.0,0.0,-2.585612,0.1027509,2.812896,1.315404,-0.2679561,-3.578581,-0.01467736,0.1938961,-0.01748675,0.9807565,358.7389,22.39162,357.7075,0.3456624,-0.06926644,-0.9357986,0,0,0,1.587943,-0.1579062,-2.569781,-0.1356794,0.08184814,1.038729,0.924197,-0.03999224,-0.3798164,0.02860871,0.9989576,-0.03557104,0.380843,0.02200859,0.9243778,moving,12.03503,10.13948,-7.441876,4.505395,10.479855039406697,21.325230375587118
05/11/2023 12:33:33.012977,1932,True,True,True,True,Eyes,1.321316,-0.2655057,-3.571642,0.2078274,0.1699917,0.9632812,0.0,0.0,0.0,0.0,0.0,0.0,0.0,-2.593676,0.1014824,2.805461,1.31562,-0.2681936,-3.578446,-0.0145286,0.1952444,-0.01808709,0.9804803,358.7722,22.54942,357.6416,0.3457032,-0.06929205,-0.9357817,0,0,0,1.591539,-0.1603955,-2.569999,-0.1353036,0.08004986,1.039232,0.923105,-0.04114133,-0.382341,0.02979482,0.9989235,-0.03555281,0.3833921,0.0214272,0.9233371,moving,12.17492,10.00803,-7.417938,4.404675,10.616375176485914,21.19324659913933
05/11/2023 12:33:33.023078,1933,True,True,True,True,Eyes,1.321604,-0.2656192,-3.571721,0.2102438,0.1676054,0.9631749,0.0,0.0,0.0,0.0,0.0,0.0,0.0,-2.600576,0.1048396,2.799183,1.315845,-0.2682956,-3.578544,-0.01367023,0.196372,-0.01865066,0.9802567,358.8841,22.67931,357.5962,0.3457454,-0.06931788,-0.9357642,0,0,0,1.594591,-0.1625087,-2.570183,-0.1350765,0.07995855,1.039732,0.9221804,-0.04193377,-0.3844799,0.03119596,0.9989305,-0.0341256,0.3854998,0.01947574,0.9225023,moving,12.3135,9.87139,-7.402102,4.397563,10.751405249005218,21.056006187003703
05/11/2023 12:33:33.048361,1934,True,True,True,True,Eyes,1.321894,-0.2657323,-3.571803,0.2126568,0.165294,0.9630446,0.0,0.0,0.0,0.0,0.0,0.0,0.0,-2.608271,0.1036677,2.792015,1.31625,-0.2682409,-3.578366,-0.01353688,0.197643,-0.01912226,0.9799941,358.9128,22.82797,357.5448,0.3457892,-0.06934378,-0.9357461,0,0,0,1.597936,-0.1648246,-2.570385,-0.1349035,0.07798996,1.040089,0.9211431,-0.04283034,-0.3868603,0.03212846,0.9989021,-0.03409089,0.3878957,0.01897336,0.921508,moving,12.45207,9.739176,-7.390221,4.288236,10.886571124503966,20.923241086005152
05/11/2023 12:33:33.063220,1935,True,True,True,True,Eyes,1.322187,-0.2658466,-3.571877,0.2151029,0.1629297,0.9629043,0.0,0.0,0.0,0.0,0.0,0.0,0.0,-2.615304,0.1026041,2.7858,1.316573,-0.2683272,-3.5785,-0.01335663,0.1987869,-0.01967567,0.9797541,358.9486,22.96171,357.4855,0.3458345,-0.0693697,-0.9357274,0,0,0,1.601312,-0.1671622,-2.57059,-0.1344982,0.07625277,1.040811,0.9201933,-0.04386489,-0.3889989,0.0332444,0.9988689,-0.03399496,0.3900501,0.0183499,0.9206108,moving,12.59253,9.603854,-7.363208,4.190164,11.023537570147772,20.78734591282791
05/11/2023 12:33:33.072964,1936,True,True,True,True,Eyes,1.32248,-0.2659701,-3.571948,0.2175777,0.1606096,0.962738,0.0,0.0,0.0,0.0,0.0,0.0,0.0,-2.625385,0.1009433,2.776361,1.316962,-0.2684176,-3.578348,-0.01297651,0.2004539,-0.02068874,0.9793987,359.0188,23.15645,357.3787,0.3458813,-0.06939571,-0.9357081,0,0,0,1.604608,-0.1694438,-2.570789,-0.1353178,0.07504864,1.041043,0.9187804,-0.04572744,-0.3921116,0.03532267,0.9988072,-0.03371263,0.3931855,0.01712408,0.9192997,moving,12.73484,9.471198,-7.405954,4.123313,11.162454609797463,20.65415881728439
05/11/2023 12:33:33.093302,1937,True,True,True,True,Eyes,1.32277,-0.2660911,-3.572012,0.2200559,0.1582335,0.9625682,0.0,0.0,0.0,0.0,0.0,0.0,0.0,-2.634679,0.1026439,2.767578,1.317234,-0.2687424,-3.5783,-0.01242282,0.202021,-0.0212021,0.9790729,359.097,23.3385,357.3324,0.3459296,-0.06942202,-0.9356883,0,0,0,1.608147,-0.1718941,-2.571003,-0.1355434,0.07421662,1.041526,0.917476,-0.04653614,-0.3950598,0.03649746,0.9987923,-0.03289223,0.3961133,0.01575915,0.9180664,moving,12.87728,9.335181,-7.414755,4.075869,11.301391772270245,20.517574092173128
05/11/2023 12:33:33.113112,1938,True,True,True,True,Eyes,1.323058,-0.2662178,-3.572075,0.2225375,0.1558774,0.9623821,0.0,0.0,0.0,0.0,0.0,0.0,0.0,-2.643553,0.1046805,2.758963,1.317442,-0.2687571,-3.578174,-0.01169472,0.2035282,-0.02183287,0.9787558,359.1975,23.51309,357.2773,0.3459791,-0.06944856,-0.9356681,0,0,0,1.611338,-0.1741035,-2.571196,-0.1359027,0.0736975,1.041843,0.9161991,-0.04749851,-0.3978981,0.03797769,0.9987731,-0.03177975,0.3989194,0.01400533,0.916879,moving,13.02001,9.200318,-7.431954,4.046227,11.440658963417071,20.382158175021676
05/11/2023 12:33:33.133191,1939,True,True,True,True,Eyes,1.323344,-0.2663454,-3.572134,0.2250489,0.1534449,0.962189,0.0,0.0,0.0,0.0,0.0,0.0,0.0,-2.651151,0.1091909,2.751612,1.31768,-0.2689991,-3.578163,-0.01081008,0.2048112,-0.02215905,0.9784909,359.308,23.66073,357.2604,0.3460296,-0.06947546,-0.9356473,0,0,0,1.614706,-0.1764351,-2.5714,-0.1356487,0.07358025,1.042377,0.9151227,-0.04779291,-0.4003328,0.03893681,0.9987842,-0.03023198,0.4012909,0.01207829,0.915871,moving,13.16441,9.060933,-7.414463,4.037748,11.581458608580787,20.24218094381878
05/11/2023 12:33:33.143325,1940,True,True,True,True,Eyes,1.323632,-0.2664757,-3.572189,0.2275734,0.1510381,0.9619759,0.0,0.0,0.0,0.0,0.0,0.0,0.0,-2.659613,0.1143504,2.743418,1.318031,-0.2691069,-3.578175,-0.0097532,0.2062264,-0.02255767,0.9781956,359.4398,23.8234,357.2397,0.3460812,-0.06950272,-0.9356262,0,0,0,1.618019,-0.1787291,-2.5716,-0.1358549,0.07372915,1.042814,0.9139236,-0.04815435,-0.4030196,0.04010889,0.9987921,-0.02838505,0.4038996,0.009777101,0.9147511,moving,13.3097,8.92306,-7.422528,4.044201,11.72320420941288,20.10373851504824
05/11/2023 12:33:33.163312,1941,True,True,True,True,Eyes,1.323898,-0.2666091,-3.572226,0.2301229,0.1486159,0.9617468,0.0,0.0,0.0,0.0,0.0,0.0,0.0,-2.667979,0.1181425,2.735164,1.31833,-0.2692827,-3.578084,-0.008923599,0.2076466,-0.02294405,0.9778941,359.546,23.98736,357.2154,0.3461336,-0.06953037,-0.9356048,0,0,0,1.621364,-0.1810448,-2.571802,-0.1359557,0.07345544,1.043235,0.9127129,-0.04857961,-0.4057033,0.04116779,0.9987878,-0.02698118,0.4065223,0.007924159,0.9136065,moving,13.4565,8.784268,-7.425012,4.027618,11.866439910854012,19.964376901594413
05/11/2023 12:33:33.173005,1942,True,True,True,True,Eyes,1.324163,-0.2667535,-3.572259,0.2326699,0.146198,0.9615045,0.0,0.0,0.0,0.0,0.0,0.0,0.0,-2.675879,0.1208518,2.727177,1.318551,-0.2694733,-3.577882,-0.008143048,0.2089977,-0.02352021,0.9775993,359.6511,24.14345,357.1689,0.3461865,-0.06955849,-0.9355831,0,0,0,1.624658,-0.1833255,-2.572002,-0.1358775,0.07317196,1.0436,0.9115335,-0.04939044,-0.408249,0.04258293,0.9987609,-0.02575262,0.4090151,0.006089938,0.9125074,moving,13.60324,8.645677,-7.418223,4.010726,12.009621824032585,19.8252181305067
05/11/2023 12:33:33.193536,1943,True,True,True,True,Eyes,1.324409,-0.2668994,-3.572274,0.2351853,0.1436779,0.9612724,0.0,0.0,0.0,0.0,0.0,0.0,0.0,-2.683136,0.125534,2.719837,1.318758,-0.2698511,-3.577785,-0.007065719,0.2102236,-0.02412563,0.9773302,359.7899,24.28396,357.1266,0.3462399,-0.06958734,-0.9355612,0,0,0,1.627935,-0.1855945,-2.5722,-0.1356017,0.07372323,1.044064,0.9104481,-0.05012816,-0.4105747,0.04418664,0.9987361,-0.02395463,0.4112566,0.00366753,0.9115123,moving,13.74795,8.500865,-7.400081,4.039054,12.150554739361363,19.6797554209614
05/11/2023 12:33:33.213165,1944,True,True,True,True,Eyes,1.32465,-0.2670501,-3.572286,0.2376722,0.1411403,0.9610366,0.0,0.0,0.0,0.0,0.0,0.0,0.0,-2.689472,0.1310289,2.713199,1.319036,-0.2700057,-3.577586,-0.005664092,0.2112651,-0.02498727,0.977093,359.9707,24.40188,357.0638,0.3462934,-0.06961693,-0.9355392,0,0,0,1.631234,-0.1878781,-2.572399,-0.1349751,0.07477842,1.044415,0.9094855,-0.05122301,-0.4125682,0.04643652,0.9986871,-0.02162656,0.4131343,0.0005108136,0.91067,moving,13.89099,8.354881,-7.363811,4.095296,12.289767538242726,19.533096501458655
05/11/2023 12:33:33.223295,1945,True,True,True,True,Eyes,1.324871,-0.2672073,-3.572283,0.2401278,0.1384986,0.9608105,0.0,0.0,0.0,0.0,0.0,0.0,0.0,-2.694701,0.135999,2.707741,1.319154,-0.2702306,-3.577511,-0.004287112,0.2121179,-0.02595608,0.9768899,0.1509989,24.49763,356.9888,0.3463469,-0.0696473,-0.9355171,0,0,0,1.634735,-0.1903021,-2.572611,-0.1336795,0.07576528,1.04508,0.9086646,-0.05253123,-0.4142091,0.04889373,0.9986158,-0.01938757,0.4146542,-0.002635424,0.9099753,moving,14.03205,8.202552,-7.2893,4.146523,12.426777596496208,19.38000859349257
05/11/2023 12:33:33.247943,1946,True,True,True,True,Eyes,1.32509,-0.2673654,-3.572277,0.24255,0.1358363,0.9605821,0.0,0.0,0.0,0.0,0.0,0.0,0.0,-2.699568,0.1416171,2.702456,1.319311,-0.2705156,-3.577323,-0.002810259,0.2129046,-0.02693463,0.9766976,0.3426001,24.58518,356.9153,0.3464,-0.0696786,-0.935495,0,0,0,1.638,-0.1925628,-2.572809,-0.1324711,0.07718947,1.045553,0.9078923,-0.05381061,-0.4157354,0.05141734,0.9985332,-0.01695856,0.4160381,-0.005979463,0.9093275,moving,14.17115,8.048854,-7.220879,4.222285,12.561769050363386,19.225523344194485
05/11/2023 12:33:33.263417,1947,True,True,True,True,Eyes,1.325287,-0.2675223,-3.572246,0.2449724,0.133178,0.9603397,0.0,0.0,0.0,0.0,0.0,0.0,0.0,-2.704356,0.146899,2.697346,1.319454,-0.2706513,-3.577232,-0.001340634,0.2136712,-0.0279419,0.976505,0.534147,24.67024,356.8387,0.3464529,-0.06971077,-0.935473,0,0,0,1.641363,-0.1948909,-2.573012,-0.1311526,0.07840382,1.046172,0.9071277,-0.05514371,-0.4172271,0.0539979,0.9984349,-0.01455903,0.417377,-0.009322487,0.9086856,moving,14.31036,7.895308,-7.145568,4.285937,12.696876270645733,19.07119252408271
05/11/2023 12:33:33.272935,1948,True,True,True,True,Eyes,1.325483,-0.2676789,-3.572211,0.2473772,0.1305556,0.9600832,0.0,0.0,0.0,0.0,0.0,0.0,0.0,-2.710011,0.1506463,2.691094,1.31969,-0.270776,-3.576861,-0.0003637421,0.2146333,-0.0285381,0.9762777,0.6612208,24.7798,356.7965,0.3465051,-0.06974374,-0.9354512,0,0,0,1.6447,-0.1972011,-2.573214,-0.1301673,0.07850658,1.04654,0.9062363,-0.05587836,-0.4190627,0.05556608,0.9983709,-0.01296068,0.4191042,-0.01154023,0.9078648,moving,14.44868,7.743791,-7.089963,4.29003,12.8311542392756,18.9189074060197
05/11/2023 12:33:33.298322,1949,True,True,True,True,Eyes,1.325684,-0.2678397,-3.57217,0.2498055,0.1279161,0.9598097,0.0,0.0,0.0,0.0,0.0,0.0,0.0,-2.715827,0.1534648,2.684945,1.319861,-0.2709041,-3.576699,0.0004326721,0.2156276,-0.02907435,0.9760427,0.7668169,24.8937,356.7568,0.3465569,-0.06977742,-0.9354295,0,0,0,1.648064,-0.1995303,-2.573417,-0.1292392,0.0782095,1.04717,0.9053189,-0.05656902,-0.4209487,0.05694221,0.998309,-0.01169386,0.4208984,-0.01338308,0.907009,moving,14.58848,7.591212,-7.035726,4.271292,12.96688738912825,18.76555830789584
05/11/2023 12:33:33.313371,1950,True,True,True,True,Eyes,1.325885,-0.2680075,-3.572125,0.2522259,0.125286,0.9595236,0.0,0.0,0.0,0.0,0.0,0.0,0.0,-2.721799,0.1580347,2.678479,1.320127,-0.2711315,-3.576474,0.001391439,0.2166469,-0.02945718,0.9758046,0.8869253,25.01014,356.7385,0.3466083,-0.06981187,-0.9354079,0,0,0,1.651262,-0.2017444,-2.573611,-0.1285739,0.07842581,1.047626,0.9043928,-0.05688599,-0.4228919,0.05809179,0.9982607,-0.01004806,0.422728,-0.01547915,0.9061244,moving,14.72791,7.439088,-6.996857,4.281208,13.102262989202176,18.612666818907265
05/11/2023 12:33:33.333512,1951,True,True,True,True,Eyes,1.326067,-0.2681731,-3.572065,0.2552388,0.1227349,0.9590565,0.0,0.0,0.0,0.0,0.0,0.0,0.0,-2.728377,0.1639867,2.671347,1.320312,-0.2714459,-3.576328,0.002528297,0.2177848,-0.02979401,0.9755387,1.026238,25.14006,356.7302,0.3466595,-0.06984719,-0.9353863,0,0,0,1.654648,-0.2040889,-2.573815,-0.1279471,0.0789752,1.048209,0.9033642,-0.05702917,-0.4250657,0.05923167,0.9982119,-0.00804446,0.4247643,-0.01791027,0.9051268,moving,14.90299,7.292768,-6.959244,4.308696,13.273725152455002,18.46588177837784
05/11/2023 12:33:33.343093,1952,True,True,True,True,Eyes,1.326249,-0.2683378,-3.572003,0.2582235,0.1201926,0.9585794,0.0,0.0,0.0,0.0,0.0,0.0,0.0,-2.735088,0.1702694,2.66387,1.320506,-0.2715589,-3.576089,0.003793897,0.2189509,-0.03019469,0.9752613,1.18166,25.27291,356.7182,0.3467102,-0.06988328,-0.9353648,0,0,0,1.658162,-0.2065217,-2.574028,-0.127235,0.07952973,1.048739,0.9022975,-0.05723406,-0.4272979,0.06055677,0.9981478,-0.005822229,0.4268396,-0.02062239,0.9040922,moving,15.07654,7.146798,-6.917422,4.336647,13.443658324437012,18.31944044124284
05/11/2023 12:33:33.362979,1953,True,True,True,True,Eyes,1.326419,-0.2685087,-3.571931,0.2615887,0.1176734,0.9579793,0.0,0.0,0.0,0.0,0.0,0.0,0.0,-2.741861,0.1758034,2.65641,1.320648,-0.2716801,-3.575933,0.004888359,0.2201418,-0.03050913,0.9749784,1.315899,25.40931,356.712,0.3467604,-0.06992004,-0.9353435,0,0,0,1.661487,-0.2088234,-2.574229,-0.1267335,0.07983997,1.049332,0.9012135,-0.05733921,-0.4295654,0.06164374,0.9980906,-0.003900582,0.4289688,-0.02296476,0.9030273,moving,15.27302,7.00285,-6.88657,4.351051,13.636745897917118,18.175196548501475
05/11/2023 12:33:33.372979,1954,True,True,True,True,Eyes,1.326584,-0.2686822,-3.571858,0.2648908,0.1151587,0.9573773,0.0,0.0,0.0,0.0,0.0,0.0,0.0,-2.747864,0.1814441,2.64965,1.320754,-0.2719955,-3.575745,0.005939099,0.2212038,-0.03078093,0.9747236,1.443759,25.53081,356.7096,0.34681,-0.06995759,-0.9353223,0,0,0,1.664683,-0.211036,-2.574422,-0.12604,0.08033858,1.049909,0.9002428,-0.05737829,-0.4315908,0.0626333,0.9980345,-0.002039756,0.4308595,-0.02519568,0.9020672,moving,15.46591,6.858906,-6.845513,4.37572,13.826218903688906,18.030932763971563
05/11/2023 12:33:33.393153,1955,True,True,True,True,Eyes,1.326737,-0.2688523,-3.571771,0.2684454,0.1126511,0.9566854,0.0,0.0,0.0,0.0,0.0,0.0,0.0,-2.75318,0.1868696,2.643619,1.320821,-0.2722068,-3.575608,0.007060036,0.2221342,-0.03119008,0.9744915,1.582519,25.63652,356.6937,0.346859,-0.06999593,-0.9353013,0,0,0,1.66807,-0.2133814,-2.574627,-0.1248881,0.08080616,1.050657,0.8993672,-0.05765238,-0.4333762,0.06392547,0.9979547,-9.687303e-05,0.4324953,-0.02761665,0.9012131,moving,15.67409,6.715734,-6.778754,4.397969,14.031112549627709,17.887551538563315
05/11/2023 12:33:33.413416,1956,True,True,True,True,Eyes,1.326887,-0.2690237,-3.571683,0.271927,0.110162,0.9559916,0.0,0.0,0.0,0.0,0.0,0.0,0.0,-2.758858,0.1935452,2.636957,1.321016,-0.2722933,-3.575343,0.008334339,0.223128,-0.03149493,0.9742447,1.735994,25.74947,356.6936,0.3469072,-0.07003492,-0.9352805,0,0,0,1.671277,-0.2156019,-2.574821,-0.1240925,0.08155414,1.051137,0.8984439,-0.05764828,-0.4352875,0.06508677,0.9978772,0.002184571,0.4342375,-0.03029417,0.9002888,moving,15.87813,6.573387,-6.732913,4.436496,14.231864902263338,17.74497691355551
05/11/2023 12:33:33.423050,1957,True,True,True,True,Eyes,1.327029,-0.2691969,-3.57159,0.2755326,0.1077116,0.9552382,0.0,0.0,0.0,0.0,0.0,0.0,0.0,-2.764026,0.1992758,2.631013,1.321087,-0.272481,-3.575229,0.00930609,0.2240562,-0.03159256,0.9740196,1.850153,25.85591,356.7092,0.3469547,-0.07007453,-0.9352599,0,0,0,1.674603,-0.2179044,-2.575022,-0.1229635,0.08166148,1.05194,0.8976015,-0.05737336,-0.4370582,0.06571371,0.9978306,0.003971615,0.4358822,-0.03228564,0.8994245,moving,16.08989,6.433436,-6.667164,4.438933,14.440469336420799,17.604876492348847
05/11/2023 12:33:33.443401,1958,True,True,True,True,Eyes,1.327167,-0.2693752,-3.571496,0.2790624,0.1052705,0.9544853,0.0,0.0,0.0,0.0,0.0,0.0,0.0,-2.769358,0.2052712,2.624795,1.321194,-0.2726959,-3.575068,0.01035159,0.2250096,-0.03174036,0.9737845,1.973897,25.96514,356.7213,0.3470013,-0.07011475,-0.9352396,0,0,0,1.678075,-0.2203082,-2.575232,-0.1217766,0.0818703,1.052734,0.8967265,-0.05715812,-0.4388788,0.06647495,0.9977708,0.005876658,0.4375646,-0.03444419,0.8985271,moving,16.29731,6.293737,-6.59845,4.446898,14.644712216364548,17.465001945474086
05/11/2023 12:33:33.463388,1959,True,True,True,True,Eyes,1.327307,-0.2695493,-3.571399,0.2826377,0.1028533,0.9536965,0.0,0.0,0.0,0.0,0.0,0.0,0.0,-2.774452,0.2121362,2.618751,1.321236,-0.2729788,-3.574949,0.01142705,0.2259378,-0.031743,0.9735574,2.097131,26.07171,356.7506,0.3470472,-0.07015568,-0.9352195,0,0,0,1.681251,-0.2225074,-2.575424,-0.1207678,0.08236913,1.053489,0.895889,-0.05664365,-0.4406522,0.06697086,0.9977236,0.007905903,0.4392013,-0.03659367,0.897643,moving,16.50773,6.155385,-6.539616,4.470691,14.852020130918733,17.32650942871829
05/11/2023 12:33:33.473346,1960,True,True,True,True,Eyes,1.327442,-0.2697269,-3.571303,0.2861289,0.1004481,0.9529116,0.0,0.0,0.0,0.0,0.0,0.0,0.0,-2.779436,0.2183349,2.612721,1.321377,-0.2730396,-3.574725,0.01250781,0.2268339,-0.03185643,0.973332,2.223677,26.17438,356.7679,0.3470924,-0.07019713,-0.9351996,0,0,0,1.684814,-0.2249743,-2.57564,-0.1193694,0.08244032,1.054287,0.8950631,-0.05633938,-0.4423662,0.06768814,0.9976575,0.009896278,0.4407723,-0.03880074,0.89678,moving,16.71334,6.01743,-6.459683,4.471162,15.054498036513968,17.188386270222207
05/11/2023 12:33:33.493138,1961,True,True,True,True,Eyes,1.327577,-0.2698973,-3.571201,0.2896176,0.09807648,0.9521044,0.0,0.0,0.0,0.0,0.0,0.0,0.0,-2.783811,0.2249435,2.607355,1.321364,-0.2732846,-3.574607,0.01353745,0.2276436,-0.03184521,0.9731296,2.340961,26.26737,356.7977,0.347137,-0.07023913,-0.9351799,0,0,0,1.687917,-0.2271221,-2.575828,-0.118132,0.08286393,1.055098,0.8943285,-0.0558156,-0.4439156,0.06814246,0.9976052,0.01184866,0.4421912,-0.0408461,0.8959903,moving,16.91907,5.881307,-6.388408,4.490606,15.257157146640962,17.052116350182494
05/11/2023 12:33:33.513161,1962,True,True,True,True,Eyes,1.327707,-0.270069,-3.5711,0.293011,0.09572834,0.9513047,0.0,0.0,0.0,0.0,0.0,0.0,0.0,-2.787764,0.2299788,2.602379,1.321455,-0.2732781,-3.574349,0.01434097,0.2283786,-0.03180854,0.972947,2.432065,26.35222,356.8244,0.3471809,-0.07028147,-0.9351605,0,0,0,1.691337,-0.2294904,-2.576034,-0.1164359,0.08235283,1.055947,0.8936628,-0.0553457,-0.445313,0.06844638,0.9975651,0.01337723,0.4434883,-0.04243479,0.8952751,moving,17.11934,5.746243,-6.292404,4.459447,15.454353593894444,16.916880839986295
05/11/2023 12:33:33.523625,1963,True,True,True,True,Eyes,1.327823,-0.2702417,-3.570987,0.2964135,0.09344456,0.9504773,0.0,0.0,0.0,0.0,0.0,0.0,0.0,-2.791112,0.2357956,2.598129,1.321441,-0.2734693,-3.574239,0.01521654,0.229006,-0.03174929,0.9727883,2.53023,26.42438,356.8555,0.3472242,-0.07032413,-0.9351412,0,0,0,1.694518,-0.2316925,-2.576227,-0.1147233,0.08235195,1.05689,0.8930964,-0.0548013,-0.4465149,0.06874002,0.9975209,0.01506339,0.4445825,-0.04414649,0.8946494,moving,17.32048,5.614893,-6.195086,4.455434,15.652548432567409,16.78540656505874
05/11/2023 12:33:33.543334,1964,True,True,True,True,Eyes,1.327932,-0.2704142,-3.570873,0.2997186,0.09116814,0.9496616,0.0,0.0,0.0,0.0,0.0,0.0,0.0,-2.794562,0.2419144,2.593573,1.321535,-0.2736799,-3.573985,0.01624695,0.2296329,-0.03185052,0.9726205,2.649847,26.49587,356.8728,0.3472666,-0.07036715,-0.9351222,0,0,0,1.697952,-0.23407,-2.576434,-0.1128326,0.08257375,1.057741,0.8925086,-0.05449526,-0.4477262,0.06941859,0.9974432,0.01697637,0.4456563,-0.04623207,0.8940095,moving,17.51599,5.483628,-6.088896,4.463807,15.845077337730851,16.653980700253012
05/11/2023 12:33:33.563025,1965,True,True,True,True,Eyes,1.32804,-0.2705873,-3.570752,0.3030199,0.08892781,0.948826,0.0,0.0,0.0,0.0,0.0,0.0,0.0,-2.797474,0.2471758,2.589702,1.321455,-0.2738275,-3.573834,0.01724081,0.2301702,-0.03209142,0.9724684,2.768765,26.5566,356.8734,0.3473082,-0.07041049,-0.9351035,0,0,0,1.701251,-0.2363542,-2.576634,-0.1107863,0.08280016,1.058739,0.8919837,-0.05447914,-0.4487729,0.07035242,0.9973458,0.01875931,0.4465598,-0.04830526,0.8934489,moving,17.71156,5.354351,-5.973682,4.471795,16.037732176056828,16.52456541423598
05/11/2023 12:33:33.583338,1966,True,True,True,True,Eyes,1.328139,-0.2707611,-3.57063,0.3062231,0.08667839,0.9480054,0.0,0.0,0.0,0.0,0.0,0.0,0.0,-2.801091,0.2528518,2.584839,1.32155,-0.2740137,-3.573494,0.01818946,0.2308412,-0.03216197,0.9722897,2.878575,26.63368,356.8924,0.3473491,-0.07045414,-0.935085,0,0,0,1.704731,-0.2387635,-2.576844,-0.1089091,0.08279,1.059559,0.8913559,-0.05414373,-0.4500591,0.07093924,0.9972695,0.02052224,0.447719,-0.05021946,0.8927629,moving,17.90141,5.224164,-5.868664,4.467803,16.224597668528403,16.394191837738635
05/11/2023 12:33:33.593400,1967,True,True,True,True,Eyes,1.328254,-0.2709265,-3.570504,0.3093646,0.08444693,0.9471865,0.0,0.0,0.0,0.0,0.0,0.0,0.0,-2.803578,0.2624389,2.580949,1.321416,-0.2741901,-3.57336,0.01946627,0.2313533,-0.03181226,0.9721548,3.013324,26.69269,356.9666,0.347389,-0.07049811,-0.9350668,0,0,0,1.708055,-0.2410648,-2.577045,-0.1066819,0.08347394,1.060604,0.8909273,-0.05284571,-0.4510609,0.07086005,0.9972181,0.02312871,0.4485839,-0.0525682,0.8921934,moving,18.08778,5.094766,-5.743833,4.500138,16.407985222073982,16.264592860581025
05/11/2023 12:33:33.613388,1968,True,True,True,True,Eyes,1.328362,-0.2710905,-3.570379,0.3124044,0.08223145,0.9463834,0.0,0.0,0.0,0.0,0.0,0.0,0.0,-2.805575,0.2703035,2.577379,1.32151,-0.2741342,-3.572906,0.02043342,0.2317799,-0.03135262,0.9720482,3.110302,26.74265,357.0447,0.3474286,-0.07054213,-0.9350488,0,0,0,1.711422,-0.2433962,-2.577249,-0.1042516,0.0831926,1.061376,0.8905902,-0.0514804,-0.4518837,0.07042463,0.997199,0.02519073,0.4493212,-0.05425835,0.8917211,moving,18.26823,4.96597,-5.609771,4.481784,16.5854318861303,16.1355631277735
05/11/2023 12:33:33.623674,1969,True,True,True,True,Eyes,1.328456,-0.2712537,-3.570241,0.3152713,0.08000543,0.9456231,0.0,0.0,0.0,0.0,0.0,0.0,0.0,-2.8074,0.2771549,2.574476,1.321438,-0.2742566,-3.572789,0.02137161,0.2321529,-0.03113709,0.9719459,3.210313,26.78581,357.0948,0.3474677,-0.07058616,-0.935031,0,0,0,1.714645,-0.2456274,-2.577444,-0.1018918,0.08320996,1.062468,0.890271,-0.05060417,-0.452611,0.07045009,0.9971475,0.02708697,0.4499492,-0.05600123,0.8912966,moving,18.43842,4.836052,-5.477971,4.478128,16.752510981621917,16.00533046878644
05/11/2023 12:33:33.643732,1970,True,True,True,True,Eyes,1.328543,-0.2714218,-3.570103,0.3180722,0.07779075,0.9448697,0.0,0.0,0.0,0.0,0.0,0.0,0.0,-2.81081,0.2833076,2.569898,1.321645,-0.2744154,-3.572567,0.02238896,0.2327632,-0.0311878,0.9717755,3.326905,26.85613,357.1181,0.3475061,-0.07063022,-0.9350134,0,0,0,1.718091,-0.248013,-2.577652,-0.1000848,0.08333508,1.063372,0.8896973,-0.05019243,-0.4537835,0.07103772,0.9970521,0.02899535,0.4509905,-0.05803283,0.8906401,moving,18.60482,4.706524,-5.376852,4.481035,16.915786855145697,15.875466890840174
05/11/2023 12:33:33.663195,1971,True,True,True,True,Eyes,1.328621,-0.2715872,-3.569958,0.3208005,0.07551749,0.9441315,0.0,0.0,0.0,0.0,0.0,0.0,0.0,-2.814259,0.2901236,2.565097,1.32155,-0.2746895,-3.572394,0.0233661,0.2334454,-0.0310492,0.9715933,3.434146,26.9357,357.1619,0.3475437,-0.07067445,-0.9349961,0,0,0,1.72125,-0.2502001,-2.577843,-0.0984447,0.08363133,1.064333,0.8890784,-0.04942497,-0.4550789,0.07124381,0.9969799,0.0309081,0.452177,-0.05990128,0.8899146,moving,18.76692,4.573136,-5.284494,4.492857,17.074605926667935,15.741671579194705
05/11/2023 12:33:33.672944,1972,True,True,True,True,Eyes,1.328694,-0.2717566,-3.569813,0.323472,0.07321758,0.9434007,0.0,0.0,0.0,0.0,0.0,0.0,0.0,-2.818,0.2996385,2.559515,1.321525,-0.2747718,-3.572127,0.02488136,0.2341675,-0.03102012,0.9713827,3.604358,27.0191,357.2081,0.3475805,-0.07071876,-0.9349791,0,0,0,1.724641,-0.2525479,-2.578048,-0.09672236,0.08475544,1.0652,0.8884066,-0.04861201,-0.4564762,0.07191764,0.9968373,0.03381083,0.453389,-0.06286646,0.889093,moving,18.92575,4.437845,-5.188347,4.549305,17.230069781347318,15.605930234292215
05/11/2023 12:33:33.693632,1973,True,True,True,True,Eyes,1.328769,-0.2719308,-3.569663,0.3260832,0.07088532,0.9426797,0.0,0.0,0.0,0.0,0.0,0.0,0.0,-2.82175,0.3093211,2.553995,1.32147,-0.2750198,-3.571963,0.0263574,0.2348945,-0.03093052,0.9711711,3.768534,27.10355,357.2603,0.3476163,-0.07076326,-0.9349623,0,0,0,1.727914,-0.2548142,-2.578247,-0.09514797,0.08602375,1.066126,0.8877358,-0.04769523,-0.457876,0.07246008,0.9966972,0.03666429,0.4546149,-0.06572592,0.8882598,moving,19.08106,4.300294,-5.099934,4.613098,17.381914933180603,15.46788020645012
05/11/2023 12:33:33.713063,1974,True,True,True,True,Eyes,1.328841,-0.272108,-3.569515,0.3286516,0.06851599,0.9419626,0.0,0.0,0.0,0.0,0.0,0.0,0.0,-2.825679,0.3206027,2.547926,1.321586,-0.2752934,-3.571666,0.02786515,0.2356732,-0.03050929,0.9709536,3.927377,27.19553,357.3508,0.3476516,-0.07080806,-0.9349458,0,0,0,1.731237,-0.2571145,-2.578448,-0.09369645,0.08722916,1.066883,0.8870546,-0.04611209,-0.4593559,0.07238036,0.9965854,0.03973109,0.4559553,-0.06849199,0.8873634,moving,19.23393,4.160224,-5.018987,4.674149,17.53122027656724,15.327266807111759
05/11/2023 12:33:33.733004,1975,True,True,True,True,Eyes,1.328923,-0.2722882,-3.569374,0.3312062,0.06617184,0.9412352,0.0,0.0,0.0,0.0,0.0,0.0,0.0,-2.830075,0.3313509,2.541524,1.321562,-0.2755169,-3.571558,0.02950662,0.2365212,-0.0303924,0.9707026,4.109407,27.2948,357.4115,0.3476861,-0.07085321,-0.9349296,0,0,0,1.73478,-0.2595675,-2.578662,-0.09219912,0.08864393,1.067936,0.886268,-0.04504607,-0.460977,0.07296184,0.9964113,0.04290741,0.4573899,-0.0716612,0.8863741,moving,19.38619,4.02146,-4.934333,4.744952,17.67995446614743,15.187969910719527
05/11/2023 12:33:33.742938,1976,True,True,True,True,Eyes,1.329001,-0.2724683,-3.569235,0.3337299,0.06380601,0.9405068,0.0,0.0,0.0,0.0,0.0,0.0,0.0,-2.83478,0.3415639,2.534823,1.32169,-0.2757432,-3.571424,0.03110542,0.2374026,-0.03032922,0.9704394,4.288141,27.39814,357.4655,0.3477201,-0.07089873,-0.9349135,0,0,0,1.737998,-0.2617958,-2.578856,-0.09121689,0.09017912,1.068758,0.8854403,-0.04409633,-0.4626564,0.07363436,0.9962252,0.04597138,0.4588828,-0.07477231,0.8853449,moving,19.53675,3.881122,-4.878284,4.823048,17.826925083791117,15.047070119508916
05/11/2023 12:33:33.763160,1977,True,True,True,True,Eyes,1.329093,-0.2726448,-3.569101,0.3362618,0.06141715,0.9397637,0.0,0.0,0.0,0.0,0.0,0.0,0.0,-2.839829,0.3503211,2.527828,1.321666,-0.2758991,-3.571323,0.03253605,0.2383703,-0.03033559,0.970155,4.450181,27.51178,357.508,0.3477536,-0.07094458,-0.9348976,0,0,0,1.741385,-0.2641406,-2.579061,-0.09015253,0.09121835,1.069784,0.8845187,-0.04334919,-0.4644864,0.07437171,0.9960423,0.04866781,0.4605384,-0.07759224,0.8842419,moving,19.68798,3.739181,-4.817033,4.87371,17.97451747954291,14.904553911980644
05/11/2023 12:33:33.773798,1978,True,True,True,True,Eyes,1.329185,-0.2728223,-3.568969,0.3387705,0.05902081,0.939016,0.0,0.0,0.0,0.0,0.0,0.0,0.0,-2.845086,0.3587383,2.520539,1.321818,-0.2759578,-3.57113,0.03389522,0.2393667,-0.0302845,0.9698648,4.602692,27.62929,357.5553,0.3477868,-0.07099063,-0.9348817,0,0,0,1.744605,-0.2663697,-2.579256,-0.08941507,0.09207787,1.070599,0.8835729,-0.04251697,-0.4663595,0.07497051,0.9958679,0.05124937,0.4622535,-0.08024576,0.8831095,moving,19.83801,3.596531,-4.774193,4.915682,18.12087825201153,14.76131279360143
05/11/2023 12:33:33.793212,1979,True,True,True,True,Eyes,1.329296,-0.2729995,-3.568846,0.341282,0.05663399,0.9382533,0.0,0.0,0.0,0.0,0.0,0.0,0.0,-2.850664,0.3661372,2.513062,1.321875,-0.2761424,-3.571024,0.03515716,0.2404227,-0.03035184,0.9695565,4.747703,27.75361,357.5874,0.3478199,-0.07103687,-0.9348659,0,0,0,1.747898,-0.2686495,-2.579455,-0.08871999,0.0928639,1.071572,0.8825514,-0.04195049,-0.4683409,0.0757608,0.9956855,0.05357916,0.4640725,-0.08276825,0.8819219,moving,19.98845,3.454244,-4.732966,4.952958,18.26766380904612,14.618441458646593
05/11/2023 12:33:33.813440,1980,True,True,True,True,Eyes,1.329402,-0.2731792,-3.568725,0.3437772,0.05423091,0.937484,0.0,0.0,0.0,0.0,0.0,0.0,0.0,-2.856642,0.3727459,2.505163,1.322058,-0.2762765,-3.570858,0.03639438,0.2415299,-0.03054346,0.9692295,4.893468,27.88363,357.6056,0.3478532,-0.07108324,-0.93485,0,0,0,1.751255,-0.2709742,-2.579658,-0.08817926,0.09353907,1.072469,0.8814608,-0.04162658,-0.470419,0.0767879,0.9954851,0.0557947,0.4659726,-0.08530333,0.8806775,moving,20.13808,3.310716,-4.700335,4.984637,18.41359289241784,14.474309878020431
05/11/2023 12:33:33.823508,1981,True,True,True,True,Eyes,1.329514,-0.2733578,-3.568602,0.3462879,0.05186821,0.9366933,0.0,0.0,0.0,0.0,0.0,0.0,0.0,-2.862624,0.3796483,2.497169,1.322035,-0.2764921,-3.570767,0.03772897,0.2426578,-0.03082452,0.9688877,5.052579,28.01584,357.6168,0.3478864,-0.0711298,-0.9348341,0,0,0,1.754603,-0.273292,-2.579861,-0.08757371,0.09456486,1.073503,0.8803341,-0.04142055,-0.4725423,0.07804146,0.9952527,0.05815064,0.4678904,-0.08806987,0.8793874,moving,20.28894,3.169445,-4.663719,5.034188,18.560834824345008,14.332468678233326
05/11/2023 12:33:33.843095,1982,True,True,True,True,Eyes,1.329611,-0.2735414,-3.568479,0.3487159,0.0494868,0.9359211,0.0,0.0,0.0,0.0,0.0,0.0,0.0,-2.867093,0.3874129,2.490339,1.322029,-0.2766169,-3.570409,0.03905783,0.2435432,-0.03088986,0.9686109,5.204437,28.12049,357.6511,0.3479199,-0.0711765,-0.934818,0,0,0,1.758192,-0.2757767,-2.580078,-0.08606967,0.09526552,1.074481,0.879465,-0.04081596,-0.4742102,0.07886504,0.9950406,0.06061763,0.4693843,-0.0907097,0.8783224,moving,20.43495,3.026694,-4.579811,5.066702,18.703144610082354,14.189098629617757
05/11/2023 12:33:33.863309,1983,True,True,True,True,Eyes,1.32972,-0.2737146,-3.568364,0.3511155,0.047107,0.9351465,0.0,0.0,0.0,0.0,0.0,0.0,0.0,-2.868223,0.3973347,2.487168,1.321779,-0.2769029,-3.570266,0.04050738,0.2438311,-0.03072422,0.9684843,5.361801,28.15566,357.7114,0.3479532,-0.07122347,-0.9348021,0,0,0,1.761234,-0.2778832,-2.580262,-0.08362654,0.09670253,1.075587,0.8792049,-0.03975792,-0.4747822,0.07926575,0.9948304,0.06347849,0.469804,-0.09344456,0.8778111,moving,20.57944,2.883776,-4.445786,5.137466,18.843918434102108,14.045549583261423
05/11/2023 12:33:33.872992,1984,True,True,True,True,Eyes,1.329825,-0.2738885,-3.568244,0.3533803,0.04477556,0.9344076,0.0,0.0,0.0,0.0,0.0,0.0,0.0,-2.866171,0.4080876,2.487571,1.321749,-0.2767829,-3.570133,0.04237234,0.2434244,-0.03092479,0.9685005,5.573979,28.10703,357.7386,0.3479865,-0.07127038,-0.9347861,0,0,0,1.764601,-0.2802143,-2.580465,-0.07957789,0.0985776,1.076811,0.8795764,-0.03927242,-0.474134,0.08053027,0.9944965,0.06701956,0.4688926,-0.09713095,0.8778983,moving,20.71594,2.743438,-4.226557,5.230612,18.976732317614136,13.904556046653136
05/11/2023 12:33:33.893403,1985,True,True,True,True,Eyes,1.329938,-0.2740652,-3.568128,0.3556323,0.04253119,0.9336578,0.0,0.0,0.0,0.0,0.0,0.0,0.0,-2.86377,0.4113308,2.489449,1.321751,-0.2769607,-3.569874,0.04294138,0.2429634,-0.03107058,0.9685863,5.640301,28.05186,357.7354,0.3480198,-0.07131728,-0.9347701,0,0,0,1.76777,-0.2824078,-2.580657,-0.07551244,0.09808828,1.078048,0.8800067,-0.03932271,-0.4733306,0.08105545,0.9943813,0.06808683,0.4679937,-0.09828289,0.8782496,moving,20.85195,2.608209,-4.006767,5.19885,19.109221211923582,13.768725240527353
05/11/2023 12:33:33.913491,1986,True,True,True,True,Eyes,1.330046,-0.2742409,-3.56801,0.3577642,0.04028303,0.9329427,0.0,0.0,0.0,0.0,0.0,0.0,0.0,-2.860674,0.4144056,2.492501,1.321932,-0.2771852,-3.569792,0.04368462,0.2422818,-0.03153591,0.9687089,5.734362,27.96892,357.7,0.3480532,-0.07136421,-0.9347541,0,0,0,1.771264,-0.2848272,-2.580868,-0.07093474,0.09795325,1.079491,0.88061,-0.03993026,-0.4721562,0.0822662,0.9941943,0.06935419,0.4666457,-0.0999165,0.8787825,moving,20.98079,2.472408,-3.759575,5.184834,19.234471924020283,13.632268246841985
05/11/2023 12:33:33.923279,1987,True,True,True,True,Eyes,1.330147,-0.2744091,-3.567881,0.3599124,0.03811958,0.932207,0.0,0.0,0.0,0.0,0.0,0.0,0.0,-2.859166,0.4175909,2.493466,1.32192,-0.2773067,-3.569623,0.04472692,0.2419046,-0.03235669,0.9687284,5.87226,27.92026,357.6349,0.3480867,-0.07141117,-0.934738,0,0,0,1.774538,-0.2870941,-2.581066,-0.06707832,0.09863067,1.08073,0.8808704,-0.0410504,-0.4715741,0.08432899,0.9939051,0.07100203,0.4657853,-0.102311,0.8789634,moving,21.11089,2.341621,-3.551656,5.214541,19.36115655607719,13.50088959195828
05/11/2023 12:33:33.943319,1988,True,True,True,True,Eyes,1.330244,-0.2745766,-3.567753,0.3619456,0.03599102,0.9315041,0.0,0.0,0.0,0.0,0.0,0.0,0.0,-2.857029,0.4211977,2.494937,1.322027,-0.2772891,-3.569326,0.04556543,0.2414493,-0.03275947,0.9687895,5.975668,27.86444,357.6102,0.3481202,-0.07145797,-0.9347219,0,0,0,1.777882,-0.2894094,-2.581269,-0.06296048,0.09852315,1.081914,0.8812581,-0.04147059,-0.4708124,0.08547754,0.9937012,0.0724671,0.4648416,-0.1041061,0.8792521,moving,21.23415,2.212667,-3.330492,5.203218,19.48101454016458,13.371318780715146
05/11/2023 12:33:33.963123,1989,True,True,True,True,Eyes,1.330358,-0.2747455,-3.567632,0.3640099,0.03386112,0.9307793,0.0,0.0,0.0,0.0,0.0,0.0,0.0,-2.855328,0.4246104,2.496155,1.322021,-0.2774262,-3.569212,0.0461912,0.2411079,-0.03293208,0.968839,6.049292,27.82328,357.606,0.3481535,-0.07150463,-0.934706,0,0,0,1.781128,-0.2916566,-2.581465,-0.05914637,0.09810509,1.083284,0.881565,-0.04153765,-0.4702317,0.08608589,0.9935637,0.07362329,0.464147,-0.105384,0.8794668,moving,21.35951,2.083463,-3.125198,5.174744,19.602978732969376,13.241509182197333
05/11/2023 12:33:33.972977,1990,True,True,True,True,Eyes,1.330469,-0.2749148,-3.567512,0.3659819,0.03174473,0.9300803,0.0,0.0,0.0,0.0,0.0,0.0,0.0,-2.853938,0.429804,2.496707,1.322128,-0.2776051,-3.569054,0.04709804,0.2408106,-0.03309949,0.9688635,6.154196,27.78753,357.6104,0.348187,-0.07155116,-0.9346899,0,0,0,1.784557,-0.2940305,-2.581672,-0.05535153,0.0982035,1.084586,0.8818293,-0.04145435,-0.4697431,0.08682118,0.9933723,0.07532173,0.4635074,-0.1072046,0.879584,moving,21.47939,1.954813,-2.921539,5.173722,19.719443481546136,13.112223226237777
05/11/2023 12:33:33.993230,1991,True,True,True,True,Eyes,1.33059,-0.2750758,-3.567391,0.3681113,0.02969868,0.9293073,0.0,0.0,0.0,0.0,0.0,0.0,0.0,-2.853594,0.4349011,2.496109,1.322198,-0.2777685,-3.568941,0.04798082,0.240722,-0.03323204,0.9688377,6.25598,27.77672,357.6192,0.3482207,-0.07159758,-0.9346738,0,0,0,1.787766,-0.2962523,-2.581866,-0.05221346,0.09835309,1.085823,0.8818972,-0.04129282,-0.46963,0.08749297,0.993187,0.07697187,0.4632521,-0.1089706,0.8795015,moving,21.6092,1.830428,-2.753034,5.175686,19.846047115017704,12.987316060445753
05/11/2023 12:33:34.023055,1992,True,True,True,True,Eyes,1.330711,-0.2752365,-3.567273,0.3701766,0.02767922,0.928549,0.0,0.0,0.0,0.0,0.0,0.0,0.0,-2.854251,0.4387723,2.494483,1.322403,-0.2777228,-3.56873,0.04872096,0.2408133,-0.03337243,0.9687733,6.342534,27.78716,357.6245,0.3482547,-0.0716437,-0.9346576,0,0,0,1.791104,-0.2985632,-2.582068,-0.04941723,0.09789094,1.08701,0.8817905,-0.04119533,-0.4698388,0.08812595,0.9930251,0.07832608,0.4633351,-0.1104722,0.8792704,moving,21.73526,1.707431,-2.602966,5.145904,19.968920693735356,12.863787376389343
05/11/2023 12:33:34.033280,1993,True,True,True,True,Eyes,1.330828,-0.2753916,-3.567152,0.3724084,0.0256804,0.9277136,0.0,0.0,0.0,0.0,0.0,0.0,0.0,-2.856053,0.4421778,2.491775,1.322519,-0.2778641,-3.568647,0.04938086,0.241126,-0.03352948,0.9686567,6.421154,27.82375,357.6271,0.348289,-0.07168951,-0.9346414,0,0,0,1.794564,-0.3009588,-2.582278,-0.04699272,0.09738682,1.088389,0.8814681,-0.04114309,-0.4704481,0.08877113,0.9928746,0.07949654,0.4638252,-0.1118359,0.8788395,moving,21.87181,1.585622,-2.472289,5.113091,20.10239559866261,12.741529888359382
05/11/2023 12:33:34.043416,1994,True,True,True,True,Eyes,1.330946,-0.2755422,-3.567033,0.3745883,0.02370046,0.9268883,0.0,0.0,0.0,0.0,0.0,0.0,0.0,-2.858988,0.4471486,2.487432,1.322663,-0.2778841,-3.568532,0.05029969,0.2416618,-0.03364345,0.9684719,6.527977,27.88726,357.6433,0.3483234,-0.07173492,-0.934625,0,0,0,1.797827,-0.3032179,-2.582475,-0.04527235,0.09740294,1.089584,0.8809354,-0.04085444,-0.4714698,0.0894765,0.9926761,0.08116701,0.4647008,-0.1136883,0.878139,moving,22.00537,1.464729,-2.379277,5.108353,20.232890121566875,12.620178683607188
05/11/2023 12:33:34.062970,1995,True,True,True,True,Eyes,1.331068,-0.2756884,-3.566916,0.3769076,0.02179292,0.9259945,0.0,0.0,0.0,0.0,0.0,0.0,0.0,-2.861938,0.4505855,2.483347,1.322801,-0.2779154,-3.568429,0.0510222,0.242192,-0.03383228,0.968295,6.614982,27.94958,357.6457,0.3483581,-0.07177985,-0.9346086,0,0,0,1.802128,-0.3061955,-2.582735,-0.04256779,0.09642543,1.091346,0.8803968,-0.04080492,-0.472479,0.09023359,0.9925042,0.08242125,0.4655742,-0.1151969,0.8774796,moving,22.1478,1.348185,-2.23368,5.049232,20.372459004931322,12.503284138576053
05/11/2023 12:33:34.083267,1996,True,True,True,True,Eyes,1.331189,-0.2758352,-3.566805,0.3791937,0.0198965,0.9251034,0.0,0.0,0.0,0.0,0.0,0.0,0.0,-2.865293,0.4543582,2.478745,1.322989,-0.2779587,-3.568327,0.05161454,0.2428285,-0.03374729,0.9681071,6.680136,28.02613,357.676,0.348393,-0.07182423,-0.9345922,0,0,0,1.80464,-0.3079347,-2.582887,-0.04179639,0.09612825,1.092241,0.8797909,-0.04027501,-0.4736516,0.09040894,0.9923941,0.0835472,0.4666842,-0.1163264,0.8767405,moving,22.2884,1.232089,-2.191447,5.029648,20.510200062873295,12.386830389999952
05/11/2023 12:33:34.093285,1997,True,True,True,True,Eyes,1.331318,-0.2759855,-3.566695,0.3816269,0.01800166,0.9241411,0.0,0.0,0.0,0.0,0.0,0.0,0.0,-2.869711,0.4587027,2.472911,1.323072,-0.2781087,-3.568344,0.05240634,0.2436577,-0.03382276,0.9678537,6.772402,28.12483,357.6953,0.3484281,-0.07186811,-0.9345758,0,0,0,1.808018,-0.3102738,-2.583091,-0.04064772,0.09592778,1.093652,0.8789739,-0.03993254,-0.4751951,0.09100937,0.9922192,0.08496097,0.468105,-0.1179257,0.875769,moving,22.43833,1.115943,-2.12853,5.01277,20.657333664202632,12.270388291614243
05/11/2023 12:33:34.113185,1998,True,True,True,True,Eyes,1.331447,-0.2761467,-3.56659,0.3840488,0.01607138,0.923173,0.0,0.0,0.0,0.0,0.0,0.0,0.0,-2.875834,0.4638394,2.464916,1.323437,-0.2783437,-3.56825,0.05329987,0.2447898,-0.03383838,0.9675186,6.875008,28.26007,357.7265,0.3484634,-0.07191163,-0.9345593,0,0,0,1.811432,-0.3126374,-2.583298,-0.04035804,0.09593491,1.094812,0.8778659,-0.039384,-0.4772845,0.09157304,0.9920282,0.08657064,0.4700702,-0.1197038,0.8744742,moving,22.58778,0.9973531,-2.111137,5.007854,20.80390341721121,12.151471827919345
05/11/2023 12:33:34.132901,1999,True,True,True,True,Eyes,1.331552,-0.2763143,-3.56648,0.3866593,0.01405689,0.9221155,0.0,0.0,0.0,0.0,0.0,0.0,0.0,-2.881927,0.4737091,2.455988,1.323555,-0.2787517,-3.568233,0.05474268,0.2459901,-0.03358247,0.9671424,7.031203,28.40595,357.8042,0.348499,-0.07195509,-0.9345427,0,0,0,1.814697,-0.3148977,-2.583495,-0.04020351,0.09728555,1.095972,0.8767222,-0.03802574,-0.4794917,0.09189036,0.9917509,0.08936603,0.4721381,-0.1224098,0.8729842,moving,22.74916,0.873359,-2.100838,5.072649,20.96230713852612,12.027170416883171
05/11/2023 12:33:34.143221,2000,True,True,True,True,Eyes,1.331662,-0.2764843,-3.566381,0.3892586,0.01194229,0.9210511,0.0,0.0,0.0,0.0,0.0,0.0,0.0,-2.888636,0.4863297,2.445817,1.323648,-0.2790714,-3.568309,0.05685951,0.2472728,-0.03361722,0.9666918,7.270651,28.56103,357.8696,0.3485343,-0.07199871,-0.9345261,0,0,0,1.818009,-0.3171908,-2.583695,-0.04028666,0.1001158,1.097116,0.875452,-0.03687536,-0.4818962,0.09311461,0.9912738,0.09330599,0.4742503,-0.1265565,0.8712463,moving,22.9101,0.7428519,-2.102986,5.214006,21.120053177627447,11.89628041111225
05/11/2023 12:33:34.163059,2001,True,True,True,True,Eyes,1.331765,-0.2766549,-3.566287,0.3919823,0.009698836,0.9199216,0.0,0.0,0.0,0.0,0.0,0.0,0.0,-2.895591,0.4988725,2.435331,1.32386,-0.2792666,-3.568412,0.05909696,0.2485676,-0.03379954,0.9662191,7.527623,28.71725,357.9226,0.3485693,-0.07204249,-0.9345098,0,0,0,1.821339,-0.3194959,-2.583897,-0.04052311,0.1031423,1.098223,0.8741435,-0.03593633,-0.4843364,0.0946947,0.9907303,0.09739827,0.4763466,-0.1310042,0.8694434,moving,23.07905,0.6040534,-2.113187,5.365335,21.285591058939943,11.757059910815157
05/11/2023 12:33:34.173313,2002,True,True,True,True,Eyes,1.331875,-0.2768172,-3.566201,0.3947117,0.00741412,0.9187751,0.0,0.0,0.0,0.0,0.0,0.0,0.0,-2.903293,0.5115357,2.42383,1.324022,-0.2794305,-3.568559,0.06139788,0.2500157,-0.03401151,0.9656946,7.792737,28.89218,357.9762,0.3486038,-0.07208644,-0.9344934,0,0,0,1.824627,-0.3217728,-2.584096,-0.04114172,0.1063267,1.09935,0.8726708,-0.0349886,-0.4870539,0.09639033,0.9901471,0.1015764,0.478701,-0.13559,0.8674449,moving,23.24867,0.4623423,-2.143219,5.524339,21.451707556660693,11.614898783901484
05/11/2023 12:33:34.193561,2003,True,True,True,True,Eyes,1.331981,-0.2769812,-3.566122,0.397554,0.005156493,0.9175643,0.0,0.0,0.0,0.0,0.0,0.0,0.0,-2.911686,0.5195578,2.412255,1.324301,-0.2793677,-3.568615,0.06299187,0.2515972,-0.03421184,0.9651738,7.979074,29.08231,358.0126,0.3486381,-0.07213031,-0.9344773,0,0,0,1.827891,-0.3240322,-2.584293,-0.0421094,0.1077588,1.100501,0.8710567,-0.03434359,-0.4899802,0.09773789,0.9897231,0.104381,0.48136,-0.1388114,0.8654618,moving,23.42569,0.3219853,-2.191288,5.592457,21.625319595409884,11.474156203425352
05/11/2023 12:33:34.213379,2004,True,True,True,True,Eyes,1.332084,-0.2771468,-3.566049,0.4003885,0.002887204,0.9163409,0.0,0.0,0.0,0.0,0.0,0.0,0.0,-2.919664,0.526165,2.401372,1.324378,-0.2795695,-3.568717,0.06417193,0.253159,-0.03421845,0.9646873,8.113652,29.27101,358.0591,0.3486719,-0.07217413,-0.9344612,0,0,0,1.831268,-0.3263705,-2.584497,-0.04275358,0.1084345,1.101921,0.8694792,-0.03352879,-0.4928302,0.09851159,0.9894221,0.1064863,0.4840468,-0.1411371,0.863585,moving,23.60258,0.1805268,-2.221912,5.620093,21.79876443659129,11.33229896749946
05/11/2023 12:33:34.223224,2005,True,True,True,True,Eyes,1.332187,-0.2773141,-3.565985,0.4032461,0.0006575018,0.9150913,0.0,0.0,0.0,0.0,0.0,0.0,0.0,-2.92718,0.5326844,2.390844,1.324401,-0.2797544,-3.568749,0.06541695,0.2546351,-0.0343356,0.964211,8.258391,29.44908,358.0949,0.3487053,-0.07221795,-0.9344454,0,0,0,1.83476,-0.328788,-2.584708,-0.04304138,0.1092281,1.103369,0.867964,-0.03289862,-0.4955362,0.09952843,0.9890833,0.1086654,0.4865517,-0.1436376,0.8617631,moving,23.78127,0.04116755,-2.233921,5.653578,21.974090848869302,11.192576402994378
05/11/2023 12:33:34.243406,2006,True,True,True,True,Eyes,1.332293,-0.2774763,-3.565923,0.4060648,-0.001578099,0.913843,0.0,0.0,0.0,0.0,0.0,0.0,0.0,-2.93333,0.5388688,2.382079,1.324423,-0.2799501,-3.568843,0.06669257,0.2558146,-0.03460415,0.9638016,8.410326,29.5909,358.1126,0.3487381,-0.0722618,-0.9344298,0,0,0,1.837947,-0.3309951,-2.584901,-0.04298517,0.1103795,1.104727,0.8667229,-0.0325812,-0.4977249,0.100825,0.9887093,0.1108523,0.4884935,-0.1462613,0.8602219,moving,23.9579,-0.09894292,-2.228267,5.705808,22.147318329499043,11.052080502547831
05/11/2023 12:33:34.264100,2007,True,True,True,True,Eyes,1.332378,-0.2776356,-3.565855,0.408931,-0.003790778,0.9125574,0.0,0.0,0.0,0.0,0.0,0.0,0.0,-2.93911,0.543015,2.374036,1.324624,-0.2799667,-3.568791,0.06778324,0.2568814,-0.03503891,0.9634261,8.546379,29.71769,358.1056,0.3487705,-0.07230552,-0.9344144,0,0,0,1.84131,-0.3333232,-2.585105,-0.04259849,0.1109117,1.106045,0.8655685,-0.03269028,-0.4997225,0.1023393,0.9883554,0.1126066,0.4902223,-0.14861,0.8588348,moving,24.13789,-0.2380062,-2.205615,5.726353,22.323963440457533,10.912665877756913
05/11/2023 12:33:34.273242,2008,True,True,True,True,Eyes,1.332468,-0.2777946,-3.565787,0.4117388,-0.005991093,0.9112822,0.0,0.0,0.0,0.0,0.0,0.0,0.0,-2.94402,0.5466094,2.367223,1.324659,-0.2800643,-3.568841,0.06875932,0.2577924,-0.03547958,0.9630973,8.669615,29.82563,358.0934,0.3488021,-0.07234909,-0.9343992,0,0,0,1.844615,-0.335611,-2.585304,-0.04181775,0.1113573,1.107535,0.8645686,-0.03288932,-0.5014374,0.1037918,0.9880267,0.1141511,0.4916792,-0.1507366,0.8576305,moving,24.31458,-0.3766774,-2.162318,5.741521,22.497298769247088,10.773625704299024
05/11/2023 12:33:34.293500,2009,True,True,True,True,Eyes,1.332542,-0.2779522,-3.565715,0.4145328,-0.008113715,0.9099981,0.0,0.0,0.0,0.0,0.0,0.0,0.0,-2.948399,0.5505263,2.360855,1.324845,-0.2801991,-3.56876,0.06965271,0.2586122,-0.03574375,0.9628035,8.778285,29.92391,358.0979,0.348833,-0.0723925,-0.9343843,0,0,0,1.847902,-0.3378868,-2.585503,-0.0408949,0.1115644,1.108869,0.8636843,-0.03280235,-0.5029647,0.1048545,0.9877418,0.1156362,0.4930061,-0.1526113,0.8565365,moving,24.49076,-0.5108464,-2.1121,5.745247,22.670268972362692,10.639134558326393
05/11/2023 12:33:34.313426,2010,True,True,True,True,Eyes,1.332616,-0.2781048,-3.565638,0.4172569,-0.01022201,0.9087311,0.0,0.0,0.0,0.0,0.0,0.0,0.0,-2.95205,0.5544095,2.355362,1.324857,-0.2803346,-3.568734,0.07042129,0.2593339,-0.03586048,0.9625492,8.868522,30.01139,358.1144,0.3488631,-0.07243577,-0.9343697,0,0,0,1.851387,-0.3402997,-2.585714,-0.03942868,0.1113467,1.110498,0.86292,-0.0325097,-0.5042938,0.1055602,0.9875097,0.1169682,0.4941925,-0.1541676,0.8555736,moving,24.6629,-0.6444737,-2.033456,5.725762,22.839189233204152,10.505164218925062
05/11/2023 12:33:34.333069,2011,True,True,True,True,Eyes,1.332695,-0.27826,-3.565565,0.4198719,-0.01229841,0.9075001,0.0,0.0,0.0,0.0,0.0,0.0,0.0,-2.955297,0.5579975,2.350197,1.324939,-0.2803512,-3.568543,0.07125223,0.2599606,-0.03610592,0.9623097,8.969326,30.08671,358.1177,0.3488924,-0.07247876,-0.9343554,0,0,0,1.854688,-0.3425855,-2.585914,-0.03790325,0.1113024,1.111865,0.8622336,-0.03244461,-0.5054706,0.1065357,0.9872389,0.1183612,0.4951801,-0.1559057,0.8546872,moving,24.8285,-0.7764232,-1.952445,5.716507,23.00157979503441,10.37284679196296
05/11/2023 12:33:34.343154,2012,True,True,True,True,Eyes,1.332775,-0.2784107,-3.565487,0.4224047,-0.01436868,0.9062935,0.0,0.0,0.0,0.0,0.0,0.0,0.0,-2.95788,0.5624207,2.345793,1.324963,-0.2805601,-3.568455,0.07212125,0.2604648,-0.03627596,0.9621024,9.071869,30.14812,358.1295,0.3489212,-0.07252158,-0.9343413,0,0,0,1.858072,-0.3449284,-2.586118,-0.03602788,0.1114734,1.113378,0.8616843,-0.03223228,-0.50642,0.1073724,0.9869652,0.1198788,0.4959549,-0.1576733,0.8539133,moving,24.98925,-0.9083102,-1.853392,5.717503,23.159089048275675,10.24056022477508
05/11/2023 12:33:34.363067,2013,True,True,True,True,Eyes,1.332853,-0.2785628,-3.565411,0.4248442,-0.01641718,0.9051176,0.0,0.0,0.0,0.0,0.0,0.0,0.0,-2.959811,0.566848,2.341998,1.325051,-0.280588,-3.568229,0.07304679,0.2608344,-0.03649187,0.9619242,9.181798,30.19327,358.1367,0.3489495,-0.07256414,-0.9343275,0,0,0,1.861405,-0.3472361,-2.58632,-0.03387871,0.11163,1.114744,0.8612675,-0.0320986,-0.507137,0.1083111,0.986665,0.1214943,0.4964746,-0.1595676,0.8532592,moving,25.14443,-1.039127,-1.740767,5.71851,23.311025250961784,10.109318658953622
05/11/2023 12:33:34.373034,2014,True,True,True,True,Eyes,1.332933,-0.2787068,-3.565334,0.4272066,-0.01846283,0.9039655,0.0,0.0,0.0,0.0,0.0,0.0,0.0,-2.961027,0.5701867,2.339521,1.325023,-0.2807717,-3.568141,0.07375639,0.2610615,-0.03671645,0.9617999,9.267745,30.22068,358.1351,0.3489773,-0.07260648,-0.9343138,0,0,0,1.864794,-0.3495824,-2.586525,-0.03131068,0.1114843,1.116355,0.8609976,-0.03211785,-0.507594,0.1091377,0.9864238,0.1227072,0.4967617,-0.1610483,0.8528138,moving,25.29503,-1.170061,-1.606568,5.702909,23.458346080145176,9.977928048349794
05/11/2023 12:33:34.393271,2015,True,True,True,True,Eyes,1.333,-0.2788509,-3.565245,0.4295507,-0.02041552,0.9028119,0.0,0.0,0.0,0.0,0.0,0.0,0.0,-2.962838,0.5749106,2.335911,1.325119,-0.2807022,-3.568008,0.07471946,0.2614031,-0.03689849,0.9616258,9.380784,30.26296,358.1471,0.3490047,-0.07264843,-0.9343003,0,0,0,1.867914,-0.3517419,-2.586714,-0.02934724,0.1117563,1.117703,0.8606139,-0.0319013,-0.5082578,0.1100289,0.986111,0.1244135,0.4972297,-0.1629951,0.8521709,moving,25.44473,-1.295424,-1.504055,5.709879,23.604944325848976,9.852164588756906
05/11/2023 12:33:34.413388,2016,True,True,True,True,Eyes,1.333067,-0.278995,-3.565152,0.4318013,-0.02232894,0.9016923,0.0,0.0,0.0,0.0,0.0,0.0,0.0,-2.963672,0.5809391,2.333093,1.325156,-0.2808643,-3.567806,0.07543856,0.2616527,-0.03652015,0.9615161,9.449718,30.29834,358.2135,0.3490315,-0.07269005,-0.9342871,0,0,0,1.87126,-0.3540588,-2.586916,-0.02683288,0.1112978,1.119208,0.8604082,-0.03075201,-0.5086767,0.1097068,0.9859506,0.1259596,0.4976566,-0.164182,0.8516937,moving,25.58877,-1.418547,-1.373396,5.679013,23.74591745597089,9.728628381100492
05/11/2023 12:33:34.423136,2017,True,True,True,True,Eyes,1.333114,-0.2791306,-3.565044,0.4340633,-0.02421482,0.9005569,0.0,0.0,0.0,0.0,0.0,0.0,0.0,-2.963622,0.5864462,2.33151,1.325215,-0.2810077,-3.567597,0.07603677,0.261725,-0.03611251,0.9614646,9.504,30.31241,358.2778,0.3490579,-0.07273139,-0.934274,0,0,0,1.874577,-0.3563553,-2.587117,-0.02394009,0.1105594,1.120724,0.8603919,-0.02964035,-0.5087705,0.1092433,0.9858286,0.1273102,0.4977869,-0.1651164,0.8514369,moving,25.7338,-1.540239,-1.223725,5.634002,23.887934560178643,9.60654573896808
05/11/2023 12:33:34.443175,2018,True,True,True,True,Eyes,1.333159,-0.2792632,-3.564924,0.4362422,-0.02606272,0.8994517,0.0,0.0,0.0,0.0,0.0,0.0,0.0,-2.964645,0.5896371,2.329147,1.325262,-0.2809543,-3.567417,0.07673728,0.2619179,-0.03630245,0.9613494,9.587823,30.33619,358.2797,0.3490836,-0.07277229,-0.9342611,0,0,0,1.878045,-0.3587565,-2.587327,-0.02123711,0.1100906,1.122332,0.8601623,-0.02960095,-0.5091607,0.1099964,0.985587,0.1285261,0.4980177,-0.1665592,0.8510208,moving,25.8738,-1.659751,-1.084039,5.602275,24.024958905788637,9.486633879934331
05/11/2023 12:33:34.463354,2019,True,True,True,True,Eyes,1.333176,-0.2793956,-3.564793,0.4384315,-0.02787837,0.8983321,0.0,0.0,0.0,0.0,0.0,0.0,0.0,-2.965094,0.593229,2.327036,1.325253,-0.2810081,-3.567007,0.07724907,0.2620795,-0.0361698,0.9612693,9.640929,30.35843,358.3116,0.3491087,-0.07281275,-0.9342486,0,0,0,1.881256,-0.3609791,-2.587521,-0.01850396,0.1092667,1.123675,0.8600122,-0.02904703,-0.509446,0.1100286,0.9854487,0.1295556,0.4982698,-0.167473,0.8506938,moving,26.01472,-1.777517,-0.9434252,5.554007,24.162967125624526,9.368493633934383
05/11/2023 12:33:34.483303,2020,True,True,True,True,Eyes,1.333194,-0.2795243,-3.564656,0.4405308,-0.02970446,0.897246,0.0,0.0,0.0,0.0,0.0,0.0,0.0,-2.964643,0.5987266,2.325984,1.325125,-0.2812089,-3.566896,0.07798842,0.2620579,-0.03598594,0.9612224,9.717431,30.35995,358.3543,0.3491327,-0.07285284,-0.9342366,0,0,0,1.884672,-0.3633445,-2.587727,-0.01522341,0.108995,1.125388,0.8600614,-0.02830603,-0.5094048,0.1100559,0.9852456,0.1310676,0.4981788,-0.1687893,0.8504869,moving,26.15017,-1.896156,-0.7750076,5.531904,24.29543893907296,9.249434177118648
05/11/2023 12:33:34.498471,2021,True,True,True,True,Eyes,1.333213,-0.2796526,-3.56452,0.4425504,-0.03147454,0.8961911,0.0,0.0,0.0,0.0,0.0,0.0,0.0,-2.964168,0.6060201,2.32434,1.325157,-0.2811785,-3.566652,0.07918601,0.2619957,-0.03596492,0.9611422,9.849652,30.35683,358.3923,0.3491559,-0.07289249,-0.9342248,0,0,0,1.888182,-0.3657745,-2.58794,-0.01187065,0.1095035,1.126898,0.8601296,-0.02764202,-0.5093261,0.1106276,0.9848722,0.1333727,0.4979344,-0.1710633,0.8501756,moving,26.28074,-2.011421,-0.6035267,5.550148,24.423108377701446,9.13375382416018
05/11/2023 12:33:34.514128,2022,True,True,True,True,Eyes,1.333236,-0.2797795,-3.564382,0.4444899,-0.03321821,0.8951677,0.0,0.0,0.0,0.0,0.0,0.0,0.0,-2.963424,0.6141659,2.322993,1.325205,-0.281306,-3.566522,0.08016704,0.2619393,-0.03549748,0.9610937,9.944401,30.35778,358.4737,0.3491782,-0.07293176,-0.9342134,0,0,0,1.89143,-0.3680234,-2.588136,-0.008808553,0.1096022,1.128397,0.8602555,-0.02623502,-0.5091878,0.1102306,0.9846264,0.1354997,0.4978049,-0.1726925,0.8499221,moving,26.40641,-2.125177,-0.4472563,5.547786,24.54589383737615,9.01956663519697
05/11/2023 12:33:34.522963,2023,True,True,True,True,Eyes,1.333256,-0.2799085,-3.564245,0.4463969,-0.03494141,0.8941525,0.0,0.0,0.0,0.0,0.0,0.0,0.0,-2.963346,0.6203298,2.321245,1.325318,-0.2813942,-3.566337,0.08085278,0.2620089,-0.03504559,0.9610338,10.00703,30.37279,358.5458,0.3491999,-0.07297064,-0.9342023,0,0,0,1.894689,-0.3702799,-2.588333,-0.006043196,0.1089964,1.129893,0.8602462,-0.02499169,-0.509266,0.1097283,0.9844693,0.13704,0.4979318,-0.173769,0.8496283,moving,26.53022,-2.237848,-0.3064416,5.510053,24.66684225942437,8.906464149230255
05/11/2023 12:33:34.542880,2024,True,True,True,True,Eyes,1.33328,-0.2800296,-3.564106,0.4482329,-0.03666657,0.8931645,0.0,0.0,0.0,0.0,0.0,0.0,0.0,-2.963434,0.6264389,2.319435,1.325352,-0.281579,-3.566273,0.08171607,0.2620672,-0.03487315,0.9609513,10.09777,30.38467,358.5919,0.349221,-0.07300923,-0.9341913,0,0,0,1.897908,-0.3725083,-2.588528,-0.003313601,0.1090869,1.131443,0.8602093,-0.02419258,-0.5093669,0.109853,0.9842127,0.1387721,0.4979682,-0.1753285,0.8492866,moving,26.6497,-2.350811,-0.1677988,5.507092,24.783421266948103,8.793037535239986
05/11/2023 12:33:34.563526,2025,True,True,True,True,Eyes,1.333277,-0.2801484,-3.563951,0.4502103,-0.03837306,0.8920977,0.0,0.0,0.0,0.0,0.0,0.0,0.0,-2.96395,0.631834,2.317037,1.325453,-0.281495,-3.566064,0.08263191,0.2621913,-0.0348562,0.9608396,10.19914,30.40334,358.623,0.3492416,-0.07304735,-0.9341807,0,0,0,1.901314,-0.3748668,-2.588734,-0.0005589426,0.1089838,1.132975,0.8600816,-0.02365169,-0.509608,0.1103131,0.983914,0.140514,0.498087,-0.17707,0.8488554,moving,26.77847,-2.463026,-0.02826634,5.494528,24.909378843080354,8.680429207471661
05/11/2023 12:33:34.583068,2026,True,True,True,True,Eyes,1.333281,-0.280262,-3.563792,0.4521361,-0.04005561,0.8910491,0.0,0.0,0.0,0.0,0.0,0.0,0.0,-2.964903,0.6364523,2.314482,1.325569,-0.2815731,-3.565969,0.08344756,0.2623761,-0.03490779,0.9607168,10.29154,30.42835,358.644,0.3492613,-0.07308503,-0.9341704,0,0,0,1.904658,-0.3771818,-2.588936,0.00192222,0.1089142,1.134554,0.8598805,-0.02328371,-0.5099641,0.1108623,0.983636,0.142021,0.4983122,-0.1786569,0.8483906,moving,26.90415,-2.573903,0.09707338,5.483443,25.0322692574249,8.569153204189947
05/11/2023 12:33:34.593708,2027,True,True,True,True,Eyes,1.333294,-0.280374,-3.56364,0.4541593,-0.04175731,0.8899413,0.0,0.0,0.0,0.0,0.0,0.0,0.0,-2.966969,0.6395335,2.31072,1.325739,-0.2815517,-3.565737,0.08401407,0.2628001,-0.03490691,0.9605516,10.35501,30.48167,358.666,0.3492805,-0.0731222,-0.9341603,0,0,0,1.908004,-0.3794981,-2.589138,0.003882557,0.1081381,1.136073,0.8594352,-0.02290196,-0.5107316,0.1112176,0.9834463,0.1430526,0.4990008,-0.1797468,0.8477554,moving,27.03636,-2.686429,0.195809,5.437366,25.16168025116798,8.456253343095383
05/11/2023 12:33:34.613033,2028,True,True,True,True,Eyes,1.333314,-0.2804882,-3.563487,0.4561497,-0.04344243,0.888842,0.0,0.0,0.0,0.0,0.0,0.0,0.0,-2.969894,0.6427788,2.306078,1.325899,-0.2816214,-3.565686,0.08458737,0.263388,-0.03488129,0.9603412,10.4187,30.55499,358.6928,0.3492992,-0.07315882,-0.9341505,0,0,0,1.911392,-0.3818437,-2.589343,0.005403817,0.1074521,1.137768,0.8588201,-0.02243727,-0.5117857,0.1115545,0.9832565,0.1440908,0.4999836,-0.1808401,0.8469434,moving,27.16669,-2.798123,0.2721237,5.39508,25.289225731327413,8.344182229101289
05/11/2023 12:33:34.623178,2029,True,True,True,True,Eyes,1.333317,-0.2805997,-3.563326,0.4582905,-0.04519601,0.8876526,0.0,0.0,0.0,0.0,0.0,0.0,0.0,-2.973399,0.6462101,2.300421,1.326106,-0.2817782,-3.565484,0.08523541,0.2640942,-0.03491005,0.9600887,10.49247,30.64246,358.7172,0.3493178,-0.07319503,-0.9341407,0,0,0,1.914669,-0.384113,-2.589541,0.006566226,0.1070866,1.139224,0.8580711,-0.02201313,-0.5130589,0.1120538,0.9830324,0.145228,0.5011566,-0.1821062,0.8459783,moving,27.30708,-2.914773,0.3302361,5.369999,25.426737085758504,8.227166899751227
05/11/2023 12:33:34.642992,2030,True,True,True,True,Eyes,1.333327,-0.2807081,-3.563162,0.4603835,-0.04692494,0.8864791,0.0,0.0,0.0,0.0,0.0,0.0,0.0,-2.976467,0.649936,2.295411,1.32617,-0.2818208,-3.565464,0.08604261,0.2646943,-0.03508345,0.9598452,10.58814,30.71651,358.7292,0.3493359,-0.07323081,-0.9341311,0,0,0,1.917929,-0.3863696,-2.589739,0.007973194,0.1071094,1.140882,0.8574122,-0.0217994,-0.5141684,0.1128993,0.9827317,0.1466024,0.5020937,-0.1837479,0.8450672,moving,27.44463,-3.030071,0.400412,5.363375,25.56143345983653,8.111499717957248
05/11/2023 12:33:34.663395,2031,True,True,True,True,Eyes,1.333316,-0.2808132,-3.562989,0.4626401,-0.04874047,0.8852054,0.0,0.0,0.0,0.0,0.0,0.0,0.0,-2.979257,0.6527936,2.290656,1.326336,-0.2818495,-3.565195,0.08661404,0.2652682,-0.03512371,0.9596339,10.65355,30.78775,358.7488,0.3493538,-0.07326613,-0.9341217,0,0,0,1.92126,-0.3886759,-2.58994,0.009566188,0.1064315,1.142387,0.8567981,-0.02145988,-0.5152051,0.1133637,0.9825286,0.1476011,0.5030364,-0.1848699,0.8442615,moving,27.59318,-3.151592,0.4797755,5.322646,25.70700041778302,7.989613453240279
05/11/2023 12:33:34.673044,2032,True,True,True,True,Eyes,1.333308,-0.2809185,-3.562818,0.4648017,-0.05053767,0.8839713,0.0,0.0,0.0,0.0,0.0,0.0,0.0,-2.980393,0.6583196,2.287508,1.326349,-0.2818648,-3.565133,0.08752225,0.2655302,-0.03506945,0.9594809,10.75302,30.8239,358.7859,0.349371,-0.07330097,-0.9341125,0,0,0,1.924663,-0.3910322,-2.590146,0.01196319,0.1064405,1.144126,0.8565278,-0.02081735,-0.515681,0.1137765,0.9822199,0.1493279,0.5034035,-0.1865759,0.8436671,moving,27.73588,-3.272105,0.5990731,5.315052,25.84671034876483,7.868707429060547
05/11/2023 12:33:34.693480,2033,True,True,True,True,Eyes,1.33329,-0.2810243,-3.56264,0.4671951,-0.05235275,0.8826029,0.0,0.0,0.0,0.0,0.0,0.0,0.0,-2.979862,0.6633973,2.286579,1.326413,-0.2819695,-3.565001,0.08832941,0.2654399,-0.03504478,0.9594329,10.84174,30.81694,358.8125,0.3493877,-0.07333539,-0.9341036,0,0,0,1.928131,-0.3934328,-2.590356,0.01525253,0.1062911,1.145815,0.8566271,-0.02035393,-0.5155345,0.1141385,0.9819396,0.1508878,0.5031526,-0.1880969,0.8434792,moving,27.89396,-3.394597,0.7626483,5.299852,26.0018408718678,7.745902873080679
05/11/2023 12:33:34.713399,2034,True,True,True,True,Eyes,1.333283,-0.2811291,-3.562477,0.4694742,-0.05417056,0.8812829,0.0,0.0,0.0,0.0,0.0,0.0,0.0,-2.97932,0.665116,2.286748,1.32656,-0.2820934,-3.564913,0.08869359,0.2652897,-0.03518894,0.9594355,10.88639,30.7991,358.8059,0.3494037,-0.07336946,-0.9340949,0,0,0,1.931213,-0.395567,-2.590542,0.01827687,0.1055128,1.14735,0.8567662,-0.02046404,-0.5152987,0.114582,0.9817903,0.1515211,0.5028147,-0.1888621,0.8435097,moving,28.04498,-3.517422,0.9126235,5.254263,26.149851846512753,7.622714529326187
05/11/2023 12:33:34.723112,2035,True,True,True,True,Eyes,1.333283,-0.2812363,-3.562321,0.4718848,-0.05599399,0.8798803,0.0,0.0,0.0,0.0,0.0,0.0,0.0,-2.979413,0.6665602,2.28666,1.326839,-0.2821534,-3.565095,0.08946272,0.2651118,-0.03592901,0.9593859,10.99416,30.77386,358.7448,0.3494194,-0.07340316,-0.9340864,0,0,0,1.934758,-0.3980211,-2.590756,0.02148771,0.1057245,1.149211,0.8568497,-0.02150433,-0.5151177,0.1163748,0.9814111,0.1526081,0.5022604,-0.190709,0.8434244,moving,28.20491,-3.641289,1.07118,5.256272,26.306799780642727,7.498531968345706
05/11/2023 12:33:34.742856,2036,True,True,True,True,Eyes,1.333286,-0.2813421,-3.56217,0.4741904,-0.05779858,0.8785231,0.0,0.0,0.0,0.0,0.0,0.0,0.0,-2.980146,0.6679906,2.285334,1.32694,-0.282303,-3.565076,0.09012458,0.2651451,-0.03651622,0.9592926,11.08563,30.77504,358.6998,0.3494347,-0.07343656,-0.934078,0,0,0,1.937819,-0.4001408,-2.590941,0.02402538,0.1059597,1.150736,0.8567293,-0.02226729,-0.5152854,0.1178516,0.9810882,0.1535475,0.5021214,-0.1922759,0.8431513,moving,28.35834,-3.7641,1.196064,5.26096,26.457237797726897,7.375373849514098
05/11/2023 12:33:34.763208,2037,True,True,True,True,Eyes,1.333302,-0.2814404,-3.562024,0.4765767,-0.05959686,0.8771105,0.0,0.0,0.0,0.0,0.0,0.0,0.0,-2.980225,0.670512,2.28449,1.327025,-0.2823643,-3.565038,0.09074876,0.2651049,-0.03680145,0.959234,11.1636,30.7702,358.6866,0.3494498,-0.07346965,-0.9340698,0,0,0,1.941201,-0.4024818,-2.591146,0.02706248,0.1056504,1.15248,0.85673,-0.02248652,-0.5152745,0.1187183,0.9808207,0.1545861,0.5019158,-0.1936111,0.8429682,moving,28.51738,-3.887091,1.345169,5.237789,26.61331847971573,7.252071127361054
05/11/2023 12:33:34.773282,2038,True,True,True,True,Eyes,1.333331,-0.2815306,-3.561878,0.4788616,-0.06136081,0.8757433,0.0,0.0,0.0,0.0,0.0,0.0,0.0,-2.97981,0.6731412,2.283323,1.326911,-0.2822589,-3.564489,0.09140507,0.2650587,-0.03705724,0.9591745,11.24423,30.76509,358.6777,0.3494649,-0.07350225,-0.9340616,0,0,0,1.944562,-0.4048092,-2.591349,0.03053087,0.1051905,1.153913,0.8567413,-0.02263331,-0.5152495,0.1195441,0.9805437,0.1557021,0.5017006,-0.1949915,0.8427779,moving,28.6701,-4.007999,1.51561,5.208678,26.763104330865808,7.130832505038051
05/11/2023 12:33:34.793637,2039,True,True,True,True,Eyes,1.333381,-0.2816193,-3.561738,0.4811941,-0.06308425,0.8743413,0.0,0.0,0.0,0.0,0.0,0.0,0.0,-2.980165,0.6745449,2.282423,1.327245,-0.2821455,-3.56436,0.09183364,0.2650512,-0.03727773,0.9591272,11.29855,30.76393,358.6661,0.3494804,-0.07353418,-0.9340532,0,0,0,1.94777,-0.4070304,-2.591543,0.03318954,0.104297,1.15544,0.8567165,-0.02282694,-0.5152823,0.1201894,0.9803539,0.1563993,0.5015889,-0.1959213,0.8426289,moving,28.82621,-4.126774,1.645346,5.157889,26.91637380479306,7.011773282025519
05/11/2023 12:33:34.813034,2040,True,True,True,True,Eyes,1.333431,-0.2817102,-3.561599,0.4834407,-0.06477778,0.8729771,0.0,0.0,0.0,0.0,0.0,0.0,0.0,-2.981053,0.6747672,2.281263,1.327452,-0.2821929,-3.564322,0.09208486,0.2651532,-0.03755033,0.9590642,11.33492,30.77461,358.6446,0.3494966,-0.07356546,-0.9340447,0,0,0,1.951289,-0.4094664,-2.591756,0.0359394,0.1030585,1.157299,0.8565675,-0.02319316,-0.5155135,0.1208595,0.9802207,0.1567174,0.5016823,-0.1965438,0.8424283,moving,28.97698,-4.243758,1.778723,5.088815,27.06432556665999,6.89448943537578
05/11/2023 12:33:34.823204,2041,True,True,True,True,Eyes,1.333488,-0.2817959,-3.561471,0.4857005,-0.06643523,0.871597,0.0,0.0,0.0,0.0,0.0,0.0,0.0,-2.982193,0.6757898,2.279389,1.327526,-0.2823262,-3.564231,0.09249846,0.2653287,-0.03786994,0.9589633,11.39088,30.79443,358.6236,0.3495135,-0.07359619,-0.934036,0,0,0,1.954665,-0.4118036,-2.59196,0.03850645,0.1023901,1.159056,0.8563331,-0.02354678,-0.5158869,0.1217168,0.9800199,0.1573093,0.5018752,-0.1975012,0.8420894,moving,29.12889,-4.358794,1.902794,5.048359,27.213489373874694,6.779182922189183
05/11/2023 12:33:34.843109,2042,True,True,True,True,Eyes,1.333553,-0.2818767,-3.561342,0.4878788,-0.06804759,0.870255,0.0,0.0,0.0,0.0,0.0,0.0,0.0,-2.983201,0.6767358,2.277832,1.327604,-0.282274,-3.564234,0.09299631,0.2654496,-0.0382887,0.958865,11.45915,30.80703,358.5935,0.349531,-0.07362628,-0.9340271,0,0,0,1.957875,-0.414026,-2.592155,0.04099983,0.1019124,1.160806,0.856141,-0.02405572,-0.5161821,0.122799,0.9797713,0.1580144,0.5019392,-0.1986693,0.8417765,moving,29.27568,-4.471014,2.022854,5.017391,27.35759076452404,6.666689687434923
05/11/2023 12:33:34.863304,2043,True,True,True,True,Eyes,1.33363,-0.2819574,-3.561225,0.490088,-0.06965729,0.8688852,0.0,0.0,0.0,0.0,0.0,0.0,0.0,-2.984544,0.6763287,2.276157,1.327873,-0.2822328,-3.564114,0.0931854,0.2656392,-0.03858063,0.9587826,11.48937,30.82776,358.5689,0.3495493,-0.07365566,-0.9340179,0,0,0,1.961322,-0.416413,-2.592363,0.04347157,0.1004964,1.162572,0.8558947,-0.02447347,-0.5165708,0.1234882,0.979656,0.158192,0.5021902,-0.1991861,0.8415046,moving,29.42484,-4.583519,2.14144,4.940546,27.504069067988944,6.5539240751669325
05/11/2023 12:33:34.898195,2044,True,True,True,True,Eyes,1.333712,-0.2820358,-3.561114,0.4922275,-0.07121579,0.8675486,0.0,0.0,0.0,0.0,0.0,0.0,0.0,-2.986104,0.6762832,2.274246,1.328041,-0.2823057,-3.564124,0.09328407,0.2659104,-0.03869213,0.9586932,11.50415,30.8598,358.5628,0.3495685,-0.07368436,-0.9340085,0,0,0,1.96467,-0.4187304,-2.592566,0.04567987,0.09895403,1.164455,0.8555892,-0.02457736,-0.5170717,0.1237982,0.979602,0.1582843,0.5026343,-0.1994389,0.8411795,moving,29.5696,-4.692805,2.246478,4.857259,27.646223190600843,6.444384037940581
05/11/2023 12:33:34.902863,2045,True,True,True,True,Eyes,1.333819,-0.2821135,-3.561024,0.4944348,-0.07277668,0.8661627,0.0,0.0,0.0,0.0,0.0,0.0,0.0,-2.988039,0.6756759,2.272057,1.328228,-0.2823253,-3.564163,0.09338733,0.266232,-0.03891537,0.9585849,11.52295,30.89679,358.5449,0.3495886,-0.07371238,-0.9339987,0,0,0,1.964695,-0.418748,-2.592567,0.04473215,0.09932517,1.164403,0.8552122,-0.02488197,-0.5176805,0.1243328,0.9795288,0.1583183,0.5031437,-0.1997604,0.8407986,moving,29.71918,-4.802823,2.200015,4.875606,27.793206350067443,6.3341359717670995
05/11/2023 12:33:34.913258,2046,True,True,True,True,Eyes,1.33393,-0.2821881,-3.560931,0.4965659,-0.07430435,0.8648129,0.0,0.0,0.0,0.0,0.0,0.0,0.0,-2.989874,0.6753821,2.269706,1.32829,-0.2823653,-3.564122,0.09358621,0.2665532,-0.0392003,0.9584647,11.55427,30.93352,358.523,0.3496099,-0.07373971,-0.9339886,0,0,0,1.964695,-0.418748,-2.592567,0.04390192,0.0999905,1.164305,0.8548255,-0.02525279,-0.5183009,0.1250356,0.9794099,0.1585002,0.5036264,-0.2002961,0.840382,static,29.86396,-4.910769,2.159403,4.908517,27.93542477390205,6.225951017341876
05/11/2023 12:33:34.923109,2047,True,True,True,True,Eyes,1.334058,-0.2822596,-3.560855,0.4987241,-0.07583147,0.8634373,0.0,0.0,0.0,0.0,0.0,0.0,0.0,-2.991251,0.6762682,2.267495,1.328489,-0.2823606,-3.563966,0.09391204,0.2667887,-0.03938648,0.9583596,11.59654,30.96155,358.5152,0.3496323,-0.07376636,-0.9339781,0,0,0,1.964695,-0.418748,-2.592567,0.04320961,0.1007903,1.164023,0.854545,-0.02538349,-0.5187567,0.1256022,0.9792585,0.1589873,0.5039612,-0.2010188,0.8400087,static,30.01086,-5.01913,2.125896,4.94878,28.079764105998173,6.117360568201901
05/11/2023 12:33:34.943431,2048,True,True,True,True,Eyes,1.334187,-0.2823309,-3.560781,0.5008038,-0.0773242,0.8621001,0.0,0.0,0.0,0.0,0.0,0.0,0.0,-2.992,0.6768684,2.266396,1.328557,-0.282344,-3.563983,0.09412909,0.2669074,-0.03951702,0.9582999,11.62484,30.97554,358.5087,0.349656,-0.07379225,-0.9339671,0,0,0,1.964695,-0.418748,-2.592567,0.04283249,0.1013428,1.163968,0.8543977,-0.02549081,-0.518994,0.1259858,0.9791562,0.159313,0.5041152,-0.2015025,0.8398004,static,30.15279,-5.125307,2.107458,4.976,28.21917122413391,6.010945346837301
05/11/2023 12:33:34.963247,2049,True,True,True,True,Eyes,1.33434,-0.2824067,-3.560729,0.5029398,-0.07884327,0.8607179,0.0,0.0,0.0,0.0,0.0,0.0,0.0,-2.993232,0.6769849,2.264807,1.328716,-0.282402,-3.563967,0.09438702,0.2670829,-0.03981217,0.9582134,11.66284,30.99486,358.4858,0.3496809,-0.07381746,-0.9339558,0,0,0,1.964695,-0.418748,-2.592567,0.04225165,0.1021584,1.163811,0.8541634,-0.0258788,-0.5193603,0.1267154,0.9790122,0.1596195,0.5043294,-0.2021521,0.8395156,static,30.29885,-5.233788,2.079184,5.016518,28.36266082199935,5.902227958219782
05/11/2023 12:33:34.983373,2050,True,True,True,True,Eyes,1.334495,-0.2824818,-3.560671,0.5050067,-0.0803488,0.8593674,0.0,0.0,0.0,0.0,0.0,0.0,0.0,-2.994832,0.6785844,2.2624,1.32886,-0.2825661,-3.56402,0.09486375,0.267337,-0.04008085,0.9580842,11.72445,31.02498,358.4737,0.3497073,-0.07384212,-0.933944,0,0,0,1.964695,-0.418748,-2.592567,0.04143268,0.1035575,1.163663,0.8538489,-0.02608049,-0.5198671,0.1275228,0.9787887,0.1603447,0.5046583,-0.2032051,0.8390636,static,30.4406,-5.34149,2.039178,5.085508,28.501836440880915,5.794269523333404
05/11/2023 12:33:34.999253,2051,True,True,True,True,Eyes,1.33467,-0.2825577,-3.560631,0.5070745,-0.08191713,0.8580006,0.0,0.0,0.0,0.0,0.0,0.0,0.0,-2.996568,0.6802866,2.259383,1.329042,-0.2826101,-3.563819,0.09539621,0.2676403,-0.04035573,0.9579352,11.79253,31.06125,358.4632,0.349735,-0.07386628,-0.9339317,0,0,0,1.964695,-0.418748,-2.592567,0.04059058,0.1049205,1.163298,0.8534802,-0.02625262,-0.5204637,0.1283801,0.9785419,0.1611651,0.5050645,-0.2043684,0.8385365,static,30.5829,-5.453752,1.998392,5.153691,28.641415555672104,5.681703882828246
05/11/2023 12:33:35.013312,2052,True,True,True,True,Eyes,1.334849,-0.2826366,-3.560594,0.5090635,-0.08348849,0.8566703,0.0,0.0,0.0,0.0,0.0,0.0,0.0,-2.997918,0.6815278,2.257275,1.329137,-0.282679,-3.563814,0.09596236,0.2678233,-0.0408095,0.9578081,11.86969,31.08124,358.4323,0.3497643,-0.07388995,-0.9339188,0,0,0,1.964695,-0.418748,-2.592567,0.04000574,0.1065547,1.163106,0.8532105,-0.02677344,-0.520879,0.1295773,0.9782516,0.1619676,0.5052143,-0.2056865,0.8381239,static,30.72027,-5.566295,1.969947,5.234382,28.77602149041916,5.568821236504067
05/11/2023 12:33:35.033624,2053,True,True,True,True,Eyes,1.335049,-0.2827184,-3.560574,0.5110567,-0.08511303,0.8553227,0.0,0.0,0.0,0.0,0.0,0.0,0.0,-2.999444,0.6821438,2.255253,1.329384,-0.2828084,-3.563833,0.09659889,0.2679663,-0.04150872,0.9576741,11.96221,31.09405,358.3755,0.349795,-0.07391326,-0.9339055,0,0,0,1.964695,-0.418748,-2.592567,0.0393638,0.1085632,1.162808,0.8529422,-0.02773314,-0.5212682,0.1312741,0.9778913,0.1627746,0.5052294,-0.2072664,0.8377255,static,30.85839,-5.682786,1.938858,5.333843,28.911252467345484,5.451951545725596
05/11/2023 12:33:35.043110,2054,True,True,True,True,Eyes,1.335253,-0.2827995,-3.560557,0.5130032,-0.08671435,0.8539955,0.0,0.0,0.0,0.0,0.0,0.0,0.0,-3.001609,0.6824551,2.252476,1.329584,-0.2829238,-3.563875,0.09721327,0.268245,-0.0422226,0.9575027,12.05297,31.12293,358.3181,0.3498274,-0.07393627,-0.9338915,0,0,0,1.964695,-0.418748,-2.592567,0.0384202,0.1105242,1.162567,0.8525238,-0.02870258,-0.5218998,0.1330105,0.9775336,0.1635119,0.5054813,-0.208816,0.8371884,static,30.99364,-5.797918,1.892807,5.430737,29.043638488221383,5.336436880571612
05/11/2023 12:33:35.063210,2055,True,True,True,True,Eyes,1.335467,-0.2828785,-3.560543,0.5149888,-0.08839054,0.8526276,0.0,0.0,0.0,0.0,0.0,0.0,0.0,-3.004992,0.6817119,2.248434,1.32988,-0.2829749,-3.563917,0.0975748,0.2687895,-0.04277693,0.9572887,12.11125,31.18448,358.2742,0.3498613,-0.07395899,-0.9338771,0,0,0,1.964695,-0.418748,-2.592567,0.03677881,0.1117241,1.162373,0.8518447,-0.02944558,-0.5229661,0.1343539,0.9772986,0.1638185,0.5062703,-0.2098105,0.8364627,static,31.13206,-5.91862,1.8123,5.490248,29.179032743349808,5.215311210844127
05/11/2023 12:33:35.083084,2056,True,True,True,True,Eyes,1.33568,-0.2829591,-3.560526,0.5169328,-0.09003794,0.8512777,0.0,0.0,0.0,0.0,0.0,0.0,0.0,-3.009432,0.6802295,2.242939,1.330123,-0.2829809,-3.563827,0.09790742,0.2695657,-0.04340431,0.9570081,12.16906,31.27315,358.2242,0.3498968,-0.07398137,-0.933862,0,0,0,1.964695,-0.418748,-2.592567,0.03469092,0.1128438,1.162121,0.8509008,-0.03029159,-0.5244523,0.1358615,0.9770604,0.1639958,0.5074539,-0.210797,0.835497,static,31.26794,-6.037613,1.709851,5.546124,29.31192584813317,5.095896671731543
05/11/2023 12:33:35.093626,2057,True,True,True,True,Eyes,1.335884,-0.283043,-3.560512,0.51888,-0.09173422,0.8499109,0.0,0.0,0.0,0.0,0.0,0.0,0.0,-3.012802,0.68028,2.238324,1.330311,-0.2830895,-3.563704,0.09827777,0.2701792,-0.04379041,0.9567795,12.22333,31.34496,358.2005,0.3499338,-0.0740035,-0.9338464,0,0,0,1.964695,-0.418748,-2.592567,0.03305823,0.1139829,1.161839,0.8501712,-0.03069033,-0.525611,0.1369008,0.9768478,0.1643978,0.5083966,-0.2117229,0.8346894,static,31.40453,-6.16031,1.629818,5.603106,29.445411761625948,4.972741543602451
05/11/2023 12:33:35.113134,2058,True,True,True,True,Eyes,1.336084,-0.2831226,-3.560496,0.5207508,-0.09342129,0.8485818,0.0,0.0,0.0,0.0,0.0,0.0,0.0,-3.014824,0.6822087,2.235066,1.330281,-0.2832356,-3.563737,0.09891701,0.2705346,-0.04417488,0.9565956,12.30695,31.38684,358.1821,0.3499718,-0.0740255,-0.9338303,0,0,0,1.964695,-0.418748,-2.592567,0.03212392,0.1158188,1.16171,0.8497192,-0.03099405,-0.5263238,0.138036,0.976528,0.1653455,0.5088452,-0.2131488,0.8340529,static,31.53627,-6.282454,1.583955,5.693395,29.574032532392422,4.85011324741589
05/11/2023 12:33:35.133353,2059,True,True,True,True,Eyes,1.336283,-0.2832035,-3.560481,0.5225506,-0.09508534,0.8472896,0.0,0.0,0.0,0.0,0.0,0.0,0.0,-3.015823,0.6836649,2.233251,1.330384,-0.2831961,-3.563688,0.09953946,0.270648,-0.04463312,0.9564776,12.39055,31.39848,358.1518,0.3500107,-0.07404725,-0.933814,0,0,0,1.964695,-0.418748,-2.592567,0.03171176,0.1174629,1.161463,0.8495151,-0.03150083,-0.5266231,0.1392615,0.9761996,0.1662548,0.5088521,-0.2145743,0.8336831,static,31.66347,-6.403111,1.563974,5.774889,29.698131075964845,4.728958270094747
05/11/2023 12:33:35.143500,2060,True,True,True,True,Eyes,1.336479,-0.2832845,-3.560465,0.5242718,-0.09670869,0.8460417,0.0,0.0,0.0,0.0,0.0,0.0,0.0,-3.016348,0.6853185,2.23199,1.330486,-0.2832951,-3.563614,0.09998372,0.2707085,-0.04485317,0.9564039,12.44685,31.40551,358.1419,0.3500504,-0.07406884,-0.9337974,0,0,0,1.964695,-0.418748,-2.592567,0.03146195,0.1186753,1.161218,0.8494102,-0.03166262,-0.5267825,0.1399284,0.9759829,0.1669654,0.5088441,-0.2155339,0.8334403,static,31.78551,-6.521019,1.551988,5.835313,29.81712471958707,4.610548557032421
05/11/2023 12:33:35.163468,2061,True,True,True,True,Eyes,1.336664,-0.2833638,-3.560446,0.5258897,-0.09827159,0.8448566,0.0,0.0,0.0,0.0,0.0,0.0,0.0,-3.016534,0.6856414,2.231628,1.330591,-0.2833694,-3.563562,0.1002383,0.2706828,-0.04512839,0.9563715,12.48366,31.40053,358.1187,0.3500907,-0.07409028,-0.9337807,0,0,0,1.964695,-0.418748,-2.592567,0.03142583,0.1194853,1.161027,0.8493885,-0.03205342,-0.5267938,0.1405846,0.9758314,0.1672992,0.5086995,-0.2161612,0.8333662,static,31.90063,-6.634686,1.550462,5.875823,29.92929052751797,4.496381018594602
05/11/2023 12:33:35.183506,2062,True,True,True,True,Eyes,1.336844,-0.2834372,-3.560419,0.5274218,-0.09979158,0.8437226,0.0,0.0,0.0,0.0,0.0,0.0,0.0,-3.016026,0.6870734,2.231843,1.330608,-0.2834017,-3.563533,0.1005667,0.2705514,-0.04526802,0.9563677,12.52422,31.38462,358.1116,0.3501313,-0.07411155,-0.9337638,0,0,0,1.964695,-0.418748,-2.592567,0.0317052,0.1203433,1.160893,0.8495055,-0.03216881,-0.526598,0.1410027,0.9756743,0.1678629,0.5083883,-0.2168522,0.8333766,static,32.01003,-6.74534,1.564418,5.918391,30.035796283538083,4.385221955866655
05/11/2023 12:33:35.193499,2063,True,True,True,True,Eyes,1.33702,-0.2835021,-3.560391,0.5286453,-0.1011299,0.8427971,0.0,0.0,0.0,0.0,0.0,0.0,0.0,-3.01481,0.688457,2.232721,1.330639,-0.283328,-3.563316,0.1008215,0.270309,-0.04531097,0.9564074,12.55336,31.356,358.1116,0.3501721,-0.07413253,-0.9337468,0,0,0,1.964695,-0.418748,-2.592567,0.03235549,0.1208357,1.160634,0.84976,-0.03216562,-0.5261876,0.1411774,0.9755639,0.1683569,0.5079143,-0.2173487,0.8335363,static,32.09803,-6.842389,1.596846,5.943756,30.121203198114316,4.28767698965869
05/11/2023 12:33:35.213165,2064,True,True,True,True,Eyes,1.337191,-0.2835689,-3.560361,0.5297931,-0.1024044,0.841922,0.0,0.0,0.0,0.0,0.0,0.0,0.0,-3.013568,0.6891513,2.234012,1.330675,-0.283196,-3.563206,0.1009063,0.2700627,-0.04527634,0.9564697,12.5612,31.32694,358.1148,0.3502132,-0.07415304,-0.9337298,0,0,0,1.964695,-0.418748,-2.592567,0.03297621,0.1208557,1.160518,0.8500324,-0.03210888,-0.5257508,0.1411129,0.975536,0.1685726,0.5074762,-0.2174824,0.8337682,static,32.18082,-6.934916,1.627626,5.945318,30.201513303138377,4.194669734464629
05/11/2023 12:33:35.233031,2065,True,True,True,True,Eyes,1.337355,-0.2836324,-3.560328,0.5306759,-0.1035467,0.841226,0.0,0.0,0.0,0.0,0.0,0.0,0.0,-3.01147,0.691389,2.236104,1.330727,-0.2833175,-3.563149,0.1009142,0.2696969,-0.04487808,0.9565908,12.54898,31.28717,358.1549,0.3502542,-0.07417317,-0.9337128,0,0,0,1.964695,-0.418748,-2.592567,0.03385442,0.1207069,1.160418,0.8504991,-0.03142745,-0.5250367,0.1402924,0.9756045,0.1688602,0.5069214,-0.2172741,0.8341599,static,32.24522,-7.017254,1.671093,5.938562,30.263642691528496,4.111842535097174
05/11/2023 12:33:35.243224,2066,True,True,True,True,Eyes,1.33752,-0.2836956,-3.560295,0.5314911,-0.1046359,0.8405763,0.0,0.0,0.0,0.0,0.0,0.0,0.0,-3.008366,0.6934561,2.239497,1.330737,-0.2833104,-3.563056,0.1010261,0.2690985,-0.04466345,0.9567575,12.55359,31.21765,358.1746,0.3502952,-0.0741929,-0.9336959,0,0,0,1.964695,-0.418748,-2.592567,0.03533918,0.1207993,1.160282,0.8511824,-0.03109224,-0.5239484,0.1398361,0.9755978,0.1692772,0.5058996,-0.2173527,0.8347594,static,32.30491,-7.095742,1.744541,5.943766,30.321156562687527,4.032876883468057
05/11/2023 12:33:35.263470,2067,True,True,True,True,Eyes,1.337675,-0.2837599,-3.560259,0.5321361,-0.1056051,0.8400468,0.0,0.0,0.0,0.0,0.0,0.0,0.0,-3.006657,0.6916688,2.242436,1.330948,-0.2833639,-3.563032,0.1008557,0.2686563,-0.04491243,0.9568881,12.54153,31.16036,358.1354,0.3503361,-0.07421225,-0.933679,0,0,0,1.964695,-0.418748,-2.592567,0.03625339,0.1206269,1.16013,0.8516134,-0.03176132,-0.5232072,0.1401433,0.975622,0.1688832,0.5050886,-0.2171472,0.8353039,static,32.35263,-7.165257,1.789878,5.936117,30.36691381058268,3.962904527105663
05/11/2023 12:33:35.284114,2068,True,True,True,True,Eyes,1.337819,-0.2838227,-3.560222,0.5327198,-0.1065678,0.8395551,0.0,0.0,0.0,0.0,0.0,0.0,0.0,-3.004602,0.6918909,2.245047,1.330944,-0.283471,-3.562979,0.100795,0.2682398,-0.04487475,0.9570132,12.53281,31.11003,358.1322,0.3503768,-0.0742313,-0.9336622,0,0,0,1.964695,-0.418748,-2.592567,0.03729719,0.1205738,1.160047,0.8520674,-0.03181702,-0.5224642,0.1399659,0.9756532,0.1688498,0.5043717,-0.2169986,0.8357756,static,32.3962,-7.234079,1.841508,5.933942,30.408515345927476,3.8936052318360126
05/11/2023 12:33:35.293838,2069,True,True,True,True,Eyes,1.337963,-0.2838787,-3.560188,0.5332028,-0.1074437,0.8391369,1.156175,1.954439,-0.4081024,-2.589999,-0.6835711,0.7095283,0.1711728,0.02811611,0.1309592,1.15459,1.330818,-0.2834892,-3.562926,0.1012029,0.2677638,-0.0449527,0.9570997,12.57961,31.05346,358.1298,0.350417,-0.07425005,-0.9336456,0,0,0,1.964695,-0.418748,-2.592567,0.03853899,0.1215774,1.159925,0.8525636,-0.03185148,-0.521652,0.1402454,0.9754745,0.1696491,0.5034546,-0.217796,0.8361211,static,32.43262,-7.296493,1.902976,5.983604,30.443128882984766,3.830737753376247
05/11/2023 12:33:35.313447,2070,True,True,True,True,Eyes,1.338101,-0.2839294,-3.560156,0.5336425,-0.1082674,0.8387514,1.15317,1.953481,-0.4087801,-2.592933,-0.7471829,0.6641705,-0.02440092,0.02976841,0.1304333,1.151647,1.330822,-0.2833836,-3.562862,0.1016016,0.2673804,-0.04493375,0.9571656,12.62258,31.00918,358.1393,0.3504567,-0.07426835,-0.9336292,0,0,0,1.964695,-0.418748,-2.592567,0.03945857,0.1223478,1.159769,0.8529774,-0.0316855,-0.5209853,0.1403506,0.9753161,0.1704703,0.5027239,-0.2185279,0.8363696,static,32.46592,-7.355161,1.94861,6.022043,30.474724414537263,3.7716372637632674
05/11/2023 12:33:35.333491,2071,True,True,True,True,Eyes,1.338238,-0.283976,-3.560127,0.5339797,-0.1089831,0.8384441,1.151474,1.953102,-0.4094672,-2.594681,-0.7728689,0.6187203,-0.1409204,0.0312494,0.1288922,1.150223,1.330798,-0.2833172,-3.562889,0.1015145,0.267032,-0.04452294,0.9572912,12.59957,30.97124,358.1781,0.3504958,-0.0742861,-0.9336131,0,0,0,1.964695,-0.418748,-2.592567,0.04033148,0.1218168,1.159839,0.8534232,-0.03102762,-0.5202942,0.1394581,0.975425,0.1705797,0.5022153,-0.218136,0.8367774,static,32.49183,-7.405927,1.991564,5.995739,30.49913953572095,3.720477658276063
05/11/2023 12:33:35.343444,2072,True,True,True,True,Eyes,1.338373,-0.2840228,-3.560098,0.5342876,-0.1096466,0.8381613,1.150208,1.952915,-0.4101393,-2.596038,-0.7854537,0.5740157,-0.2314488,0.03250134,0.1271127,1.14919,1.330829,-0.2832834,-3.562872,0.1012692,0.2667575,-0.04409637,0.9574135,12.55866,30.94167,358.2148,0.3505345,-0.07430326,-0.9335973,0,0,0,1.964695,-0.418748,-2.592567,0.04101676,0.1209366,1.159879,0.8537919,-0.03040828,-0.5197256,0.1384655,0.9756001,0.1703869,0.5018632,-0.2174391,0.8371699,static,32.51555,-7.452997,2.025304,5.952522,30.521471401991626,3.6730406846183197
05/11/2023 12:33:35.363429,2073,True,True,True,True,Eyes,1.338509,-0.2840648,-3.560073,0.5345615,-0.1102144,0.8379121,1.149254,1.952856,-0.4107291,-2.597099,-0.7892547,0.5345986,-0.3021277,0.03356946,0.1257305,1.148378,1.330909,-0.2833439,-3.562843,0.1010657,0.2665191,-0.04377799,0.957516,12.52581,30.91542,358.241,0.3505725,-0.07431988,-0.9335817,0,0,0,1.964695,-0.418748,-2.592567,0.04156828,0.1203078,1.15985,0.8541021,-0.02996437,-0.5192415,0.1377081,0.9757385,0.1702088,0.5015436,-0.2168794,0.8375066,static,32.53659,-7.493359,2.052566,5.921945,30.541325911375957,3.6323686784979285
05/11/2023 12:33:35.383207,2074,True,True,True,True,Eyes,1.338641,-0.2841077,-3.560054,0.5348195,-0.1107565,0.8376759,1.148459,1.952859,-0.411307,-2.598018,-0.788761,0.4958882,-0.3632503,0.03439113,0.1241519,1.147789,1.330958,-0.2832825,-3.562831,0.1007085,0.2663845,-0.04376835,0.9575915,12.48557,30.89747,358.2292,0.3506101,-0.07433588,-0.9335663,0,0,0,1.964695,-0.418748,-2.592567,0.04189754,0.1194417,1.159899,0.8542473,-0.03017001,-0.5189906,0.1374788,0.9758843,0.1695569,0.5013593,-0.2161937,0.8377942,static,32.55645,-7.531892,2.068723,5.879368,30.560052582295143,3.5935382095828423
05/11/2023 12:33:35.393166,2075,True,True,True,True,Eyes,1.338777,-0.2841375,-3.560045,0.5350618,-0.1112627,0.8374541,1.147809,1.952925,-0.4118458,-2.598808,-0.7844464,0.4600303,-0.4159518,0.03495678,0.1235097,1.147386,1.330973,-0.2833493,-3.562984,0.100702,0.266312,-0.04366947,0.9576169,12.48167,30.88979,358.2392,0.3506471,-0.07435134,-0.9335511,0,0,0,1.964695,-0.418748,-2.592567,0.04198104,0.119448,1.160007,0.8543418,-0.03000096,-0.5188448,0.1372735,0.9759042,0.1696085,0.5012544,-0.2161272,0.8378741,static,32.57511,-7.567894,2.07265,5.879132,30.577654413611334,3.557258976249691
05/11/2023 12:33:35.413180,2076,True,True,True,True,Eyes,1.338909,-0.2841546,-3.56004,0.5352992,-0.1116878,0.8372458,1.147283,1.953049,-0.4122921,-2.599482,-0.7761973,0.4302684,-0.4608545,0.03522244,0.122748,1.147093,1.330996,-0.2830713,-3.563059,0.1007129,0.2663752,-0.04368501,0.9575974,12.48347,30.89733,358.2386,0.3506836,-0.07436597,-0.9335363,0,0,0,1.964695,-0.418748,-2.592567,0.04177696,0.1192198,1.16012,0.8542717,-0.03001049,-0.5189598,0.1373201,0.9758971,0.1696115,0.5013612,-0.216158,0.8378023,static,32.59311,-7.598343,2.062381,5.867407,30.59477471942798,3.5265902933198987
05/11/2023 12:33:35.433288,2077,True,True,True,True,Eyes,1.339055,-0.284161,-3.560048,0.5355286,-0.1120075,0.8370563,1.146859,1.953231,-0.4126179,-2.600063,-0.763947,0.4085086,-0.4995056,0.03561646,0.1203398,1.147047,1.331049,-0.2827958,-3.563133,0.1000003,0.2664074,-0.04341963,0.9576752,12.39619,30.90074,358.2467,0.3507195,-0.07437949,-0.9335217,0,0,0,1.964695,-0.418748,-2.592567,0.04170328,0.1171819,1.160395,0.8542836,-0.02988213,-0.5189475,0.1364455,0.9762293,0.1684011,0.5015796,-0.2146703,0.8380541,static,32.61014,-7.621544,2.058259,5.766434,30.611157230600263,3.503244003800223
05/11/2023 12:33:35.443186,2078,True,True,True,True,Eyes,1.339195,-0.2841733,-3.560061,0.5357522,-0.1122442,0.8368816,1.146516,1.953443,-0.4128632,-2.600562,-0.749853,0.3921838,-0.5328344,0.03604746,0.1176185,1.147106,1.331075,-0.2825581,-3.563196,0.09905047,0.2664363,-0.04326114,0.9577731,12.28581,30.90141,358.2354,0.3507551,-0.07439171,-0.9335074,0,0,0,1.964695,-0.418748,-2.592567,0.04168761,0.1147302,1.160707,0.8542804,-0.03008743,-0.518941,0.13565,0.976635,0.1666831,0.5018008,-0.2127884,0.8384014,static,32.62643,-7.639037,2.056933,5.645066,30.62698277434395,3.485664460509427
05/11/2023 12:33:35.463347,2079,True,True,True,True,Eyes,1.339335,-0.2841871,-3.560081,0.5359586,-0.112418,0.8367261,1.146243,1.953674,-0.4130455,-2.600989,-0.7348708,0.3802449,-0.5615859,0.03652209,0.1155597,1.147162,1.331049,-0.2827278,-3.56329,0.09819555,0.2664401,-0.0430534,0.9578694,12.18444,30.9001,358.2323,0.3507902,-0.07440291,-0.9334933,0,0,0,1.964695,-0.418748,-2.592567,0.04173917,0.112865,1.160961,0.8543122,-0.03015261,-0.518885,0.1348055,0.9770081,0.1651747,0.5019743,-0.2110593,0.8387347,static,32.64129,-7.652126,2.059025,5.552666,30.641513626258224,3.472528515031847
05/11/2023 12:33:35.483272,2080,True,True,True,True,Eyes,1.339465,-0.2842009,-3.560105,0.5361455,-0.1125913,0.836583,1.145987,1.953881,-0.4132291,-2.601392,-0.7205042,0.367698,-0.5879388,0.03733653,0.1143785,1.147142,1.330996,-0.2827832,-3.563374,0.09769917,0.2662834,-0.04312548,0.9579604,12.13121,30.87801,358.2068,0.3508248,-0.07441323,-0.9334795,0,0,0,1.964695,-0.418748,-2.592567,0.04216945,0.1118908,1.161133,0.8544667,-0.03059368,-0.5186046,0.1346564,0.9771901,0.1642167,0.5017512,-0.2101511,0.8390961,static,32.65482,-7.66508,2.079926,5.504228,30.65470977696654,3.4595202078477483
05/11/2023 12:33:35.499153,2081,True,True,True,True,Eyes,1.3396,-0.284206,-3.560137,0.5362847,-0.1127669,0.8364702,1.145786,1.954068,-0.4134128,-2.60172,-0.7081931,0.3555324,-0.6099665,0.03808504,0.1144151,1.147126,1.330873,-0.2827929,-3.563493,0.0977174,0.266126,-0.04334849,0.9579923,12.13978,30.8566,358.1803,0.3508588,-0.07442273,-0.933466,0,0,0,1.964695,-0.418748,-2.592567,0.04258806,0.1121398,1.161259,0.8545957,-0.03104474,-0.5183652,0.1350653,0.9771444,0.1641527,0.5014215,-0.2102973,0.8392565,static,32.66508,-7.677911,2.100325,5.515801,30.664617483590035,3.4466144700834827
05/11/2023 12:33:35.515284,2082,True,True,True,True,Eyes,1.339735,-0.2842136,-3.560164,0.5364044,-0.1128561,0.8363814,1.145631,1.954256,-0.413505,-2.60198,-0.6958466,0.3494827,-0.6274229,0.03896013,0.1142259,1.147077,1.330869,-0.2825813,-3.563541,0.09773455,0.2658767,-0.04345158,0.9580551,12.14437,30.82538,358.166,0.3508922,-0.07443127,-0.9334527,0,0,0,1.964695,-0.418748,-2.592567,0.0431729,0.1120598,1.161312,0.8548431,-0.03128733,-0.5179425,0.1352287,0.9771198,0.1641646,0.5009556,-0.2103757,0.839515,static,32.67366,-7.684719,2.129045,5.511644,30.673032137242586,3.4397877253113815
05/11/2023 12:33:35.533164,2083,True,True,True,True,Eyes,1.339855,-0.2842235,-3.560196,0.5365082,-0.1129831,0.8362976,1.145482,1.954416,-0.4136435,-2.602232,-0.6850938,0.3401952,-0.644138,0.03986144,0.111856,1.147043,1.33099,-0.2826687,-3.563478,0.09683315,0.265625,-0.0430234,0.9582357,12.03061,30.7955,358.183,0.3509251,-0.07443901,-0.9334397,0,0,0,1.964695,-0.418748,-2.592567,0.04381001,0.1098153,1.161374,0.8551847,-0.0310105,-0.5173948,0.1338957,0.9775447,0.1627218,0.5007305,-0.2084342,0.8401334,static,32.6813,-7.694026,2.160319,5.401617,30.680417961749093,3.4304278334562337
05/11/2023 12:33:35.542863,2084,True,True,True,True,Eyes,1.339973,-0.2842374,-3.560224,0.5365898,-0.1131488,0.8362229,1.145339,1.95455,-0.4138312,-2.602465,-0.6762322,0.3277444,-0.6597678,0.04152355,0.111659,1.14714,1.33086,-0.2827246,-3.563685,0.09674875,0.2650349,-0.0431231,0.9584031,12.02315,30.72269,358.1617,0.3509572,-0.07444609,-0.9334271,0,0,0,1.964695,-0.418748,-2.592567,0.04524887,0.1098206,1.161556,0.8557938,-0.03137505,-0.5163649,0.1339422,0.9775602,0.1625903,0.4996764,-0.2083068,0.8407924,static,32.68759,-7.705858,2.230852,5.401039,30.686361279364633,3.4185057707689346
05/11/2023 12:33:35.563316,2085,True,True,True,True,Eyes,1.340092,-0.28425,-3.560264,0.5366702,-0.1134226,0.8361341,1.145178,1.954675,-0.4141391,-2.602741,-0.6677518,0.3071602,-0.678056,0.04226103,0.1126856,1.146799,1.330905,-0.282818,-3.563625,0.09714184,0.2648084,-0.04370908,0.9583994,12.08429,30.69066,358.1051,0.3509885,-0.07445269,-0.9334148,0,0,0,1.964695,-0.418748,-2.592567,0.04573551,0.1111951,1.16132,0.855932,-0.03233356,-0.5160765,0.1352295,0.9773059,0.1630523,0.4990926,-0.2093505,0.8408799,static,32.69426,-7.725086,2.255277,5.469335,30.69244345459561,3.399107729698577
05/11/2023 12:33:35.583255,2086,True,True,True,True,Eyes,1.340205,-0.2842539,-3.560299,0.5367356,-0.1136858,0.8360564,1.145042,1.95479,-0.4144289,-2.602979,-0.6600893,0.2878224,-0.6938591,0.04340342,0.1128947,1.146835,1.330814,-0.2827779,-3.563803,0.09733032,0.2644124,-0.04383428,0.958484,12.10827,30.64225,358.0918,0.3510191,-0.07445882,-0.9334028,0,0,0,1.964695,-0.418748,-2.592567,0.04665983,0.1117176,1.161437,0.8563294,-0.03255823,-0.5154028,0.1354996,0.9772108,0.1633984,0.4983372,-0.2097597,0.8412258,static,32.69985,-7.743511,2.300577,5.494329,30.697464664538863,3.380514446215587
05/11/2023 12:33:35.593222,2087,True,True,True,True,Eyes,1.34032,-0.2842575,-3.560336,0.5367932,-0.1139839,0.8359789,1.144922,1.954906,-0.4147603,-2.603205,-0.6527556,0.2659078,-0.7093683,0.04412779,0.1123622,1.146748,1.330762,-0.2825671,-3.563712,0.09729722,0.2642457,-0.04396857,0.9585272,12.10835,30.62047,358.0735,0.351049,-0.07446428,-0.9333912,0,0,0,1.964695,-0.418748,-2.592567,0.0471631,0.111531,1.161411,0.856482,-0.03286938,-0.5151294,0.1357109,0.9772,0.1632871,0.4980173,-0.2097611,0.8414149,static,32.70506,-7.76428,2.325415,5.485328,30.70202600666763,3.359548478690896
05/11/2023 12:33:35.613284,2088,True,True,True,True,Eyes,1.340429,-0.2842647,-3.560372,0.5368326,-0.1142631,0.8359154,1.144803,1.954997,-0.4150735,-2.603413,-0.6462801,0.2448633,-0.7227476,0.04510081,0.1115827,1.146702,1.330738,-0.2825539,-3.563699,0.09712004,0.26394,-0.04388345,0.9586332,12.08545,30.58368,358.0737,0.3510781,-0.07446914,-0.9333798,0,0,0,1.964695,-0.418748,-2.592567,0.0479506,0.1110731,1.161427,0.8568199,-0.03286851,-0.5145673,0.135404,0.9772839,0.1630398,0.4975194,-0.2093702,0.8418067,static,32.70895,-7.783647,2.364168,5.462873,30.705304474083597,3.3399913511751986
05/11/2023 12:33:35.633562,2089,True,True,True,True,Eyes,1.340542,-0.284271,-3.560414,0.5368541,-0.1145317,0.8358649,1.144715,1.955087,-0.4153771,-2.603587,-0.6403722,0.2246749,-0.734469,0.04584408,0.1111751,1.146658,1.330724,-0.2826449,-3.563711,0.0970206,0.2637084,-0.04391783,0.9587055,12.07497,30.55486,358.0638,0.3511066,-0.07447357,-0.9333687,0,0,0,1.964695,-0.418748,-2.592567,0.04852408,0.1109761,1.161419,0.8570582,-0.03303821,-0.5141593,0.1353788,0.9773164,0.1628653,0.4971156,-0.2091914,0.8420897,static,32.71157,-7.802182,2.392426,5.458166,30.7073316247737,3.321267037950057
05/11/2023 12:33:35.643197,2090,True,True,True,True,Eyes,1.340649,-0.2842791,-3.560456,0.5368599,-0.1147976,0.8358248,1.144642,1.955161,-0.4156812,-2.603735,-0.6355428,0.204436,-0.7445074,0.04676977,0.1109896,1.146648,1.330684,-0.2826107,-3.56375,0.09703559,0.2633882,-0.04406714,0.9587851,12.08052,30.5146,358.0434,0.3511344,-0.07447757,-0.9333579,0,0,0,1.964695,-0.418748,-2.592567,0.04930997,0.1111043,1.161432,0.8573694,-0.03338576,-0.5136176,0.1356179,0.9772844,0.162859,0.4965133,-0.2092861,0.8424214,static,32.7131,-7.820442,2.4311,5.464371,30.708270339590193,3.3028135251072346
05/11/2023 12:33:35.663525,2091,True,True,True,True,Eyes,1.340754,-0.2842866,-3.560497,0.5368733,-0.1150517,0.8357812,1.144576,1.955246,-0.415972,-2.603882,-0.6298908,0.1850602,-0.7543146,0.04743469,0.1110011,1.146639,1.330625,-0.2826564,-3.563793,0.09707852,0.2631837,-0.04427706,0.9588273,12.09124,30.48775,358.0185,0.3511615,-0.07448123,-0.9333474,0,0,0,1.964695,-0.418748,-2.592567,0.04982337,0.1114162,1.161443,0.8575478,-0.03380914,-0.5132922,0.1360071,0.9772306,0.1628571,0.4960987,-0.2094691,0.8426201,static,32.71511,-7.837942,2.456358,5.479564,30.709717404875917,3.2851316914691786
05/11/2023 12:33:35.683138,2092,True,True,True,True,Eyes,1.340852,-0.2842945,-3.560537,0.5368716,-0.1152816,0.8357506,1.144525,1.955315,-0.4162372,-2.604,-0.6253523,0.1673886,-0.7621782,0.04829079,0.1108063,1.146597,1.330558,-0.2826314,-3.563751,0.09707662,0.2629115,-0.04440791,0.958896,12.09443,30.45341,358.0003,0.351188,-0.07448457,-0.9333372,0,0,0,1.964695,-0.418748,-2.592567,0.05055991,0.1114919,1.161409,0.857811,-0.03412002,-0.5128314,0.1362102,0.9772081,0.1628221,0.4955876,-0.2095235,0.8429074,static,32.71598,-7.853694,2.492698,5.483428,30.71007423730827,3.2692097580765953
05/11/2023 12:33:35.693616,2093,True,True,True,True,Eyes,1.340948,-0.2843002,-3.560575,0.5369166,-0.1155004,0.8356915,1.14447,1.955433,-0.416487,-2.604151,-0.6173635,0.1507057,-0.7721075,0.04908925,0.1101926,1.146626,1.33048,-0.282651,-3.563748,0.09687232,0.2626926,-0.04448109,0.9589734,12.07346,30.42527,357.983,0.3512137,-0.07448764,-0.9333273,0,0,0,1.964695,-0.418748,-2.592567,0.05117828,0.111126,1.161454,0.8580281,-0.03441706,-0.5124484,0.1362076,0.9772744,0.1624262,0.4952124,-0.2091656,0.8432167,static,32.72001,-7.868964,2.523048,5.46533,30.713628696560235,3.2537962714018587
05/11/2023 12:33:35.713411,2094,True,True,True,True,Eyes,1.341039,-0.2843051,-3.560607,0.536957,-0.1157033,0.8356375,1.144425,1.955546,-0.4167188,-2.604282,-0.6098381,0.1352565,-0.7808991,0.04954058,0.1095776,1.146614,1.330457,-0.2825937,-3.563688,0.09670628,0.2626049,-0.04454067,0.9590114,12.05661,30.4133,357.9702,0.3512387,-0.07449042,-0.9333177,0,0,0,1.964695,-0.418748,-2.592567,0.05145997,0.1107396,1.161447,0.8581096,-0.03463893,-0.5122967,0.1362211,0.9773281,0.1620916,0.4950673,-0.208878,0.8433732,static,32.72365,-7.883114,2.536931,5.446471,30.71682738545237,3.2395126794556948
05/11/2023 12:33:35.733430,2095,True,True,True,True,Eyes,1.341127,-0.2843108,-3.560635,0.5370283,-0.1159069,0.8355635,1.144377,1.95569,-0.416952,-2.604435,-0.6001062,0.119686,-0.7909158,0.04993826,0.1091167,1.146559,1.330431,-0.2825817,-3.563599,0.09664529,0.2625583,-0.04443803,0.959035,12.04662,30.40854,357.9792,0.3512631,-0.07449292,-0.9333083,0,0,0,1.964695,-0.418748,-2.592567,0.05164915,0.1105089,1.161402,0.8581768,-0.03448523,-0.5121946,0.1359853,0.9773699,0.1620373,0.4950157,-0.2087076,0.8434457,static,32.72942,-7.8975,2.546345,5.435405,30.7221629508757,3.2250046564488795
05/11/2023 12:33:35.748821,2096,True,True,True,True,Eyes,1.341209,-0.2843226,-3.56066,0.5370873,-0.1161007,0.8354985,1.14434,1.95582,-0.4171813,-2.604566,-0.5914255,0.1044031,-0.7995723,0.05023292,0.1083656,1.146528,1.330389,-0.2826079,-3.563482,0.09647824,0.2625617,-0.04419953,0.959062,12.02083,30.41086,358.001,0.3512867,-0.07449522,-0.9332992,0,0,0,1.964695,-0.418748,-2.592567,0.05175814,0.1099782,1.16137,0.8582155,-0.03411718,-0.5121545,0.1354432,0.9774767,0.161847,0.4950973,-0.2082674,0.8435066,static,32.73431,-7.91115,2.551782,5.409605,30.726636718849214,3.2112349770618476
05/11/2023 12:33:35.764589,2097,True,True,True,True,Eyes,1.341284,-0.2843377,-3.560684,0.5371583,-0.1163205,0.8354223,1.144316,1.955963,-0.4174451,-2.604697,-0.5820146,0.08684532,-0.8085276,0.05083099,0.1082216,1.146483,1.33033,-0.2827665,-3.563428,0.09650028,0.2624247,-0.04407132,0.9591031,12.01913,30.39581,358.0143,0.3513097,-0.07449749,-0.9332903,0,0,0,1.964695,-0.418748,-2.592567,0.05216113,0.1100933,1.161309,0.8583819,-0.03388977,-0.5118905,0.135186,0.9774908,0.1619766,0.4948789,-0.2082382,0.8436419,static,32.74013,-7.926647,2.571757,5.415513,30.731986012021522,3.1956038927748107
05/11/2023 12:33:35.783263,2098,True,True,True,True,Eyes,1.341351,-0.2843524,-3.560706,0.5372198,-0.1165561,0.8353499,1.144301,1.956093,-0.4177277,-2.604814,-0.5734424,0.06801493,-0.8164176,0.05112123,0.1085383,1.146505,1.330302,-0.2828549,-3.563492,0.09672387,0.2623643,-0.04407293,0.9590969,12.04393,30.38947,358.0202,0.3513319,-0.07449983,-0.9332818,0,0,0,1.964695,-0.418748,-2.592567,0.05227229,0.1106939,1.161306,0.858445,-0.03378664,-0.5117915,0.1352942,0.9774042,0.1624088,0.4947398,-0.2086615,0.8436189,static,32.74538,-7.943181,2.577238,5.444895,30.7367272061706,3.1789204389088983
05/11/2023 12:33:35.793127,2099,True,True,True,True,Eyes,1.341411,-0.2843706,-3.560722,0.5372976,-0.1168374,0.8352606,1.144296,1.956239,-0.4180672,-2.604937,-0.5637729,0.04538826,-0.8246818,0.0515953,0.1089347,1.146495,1.330186,-0.282858,-3.563454,0.09708788,0.2622837,-0.04395241,0.9590878,12.08061,30.38265,358.0438,0.3513532,-0.07450223,-0.9332736,0,0,0,1.964695,-0.418748,-2.592567,0.05254948,0.1114314,1.161254,0.8585508,-0.03337929,-0.5116408,0.1352376,0.9772843,0.1631756,0.4945718,-0.2092876,0.8435624,static,32.75194,-7.962947,2.591001,5.481194,30.742680893226975,3.1589776623179535
05/11/2023 12:33:35.813361,2100,True,True,True,True,Eyes,1.341465,-0.2843862,-3.560735,0.5373646,-0.1171171,0.8351784,1.144301,1.956372,-0.4184034,-2.605039,-0.5549406,0.02297979,-0.8315725,0.05194581,0.1088649,1.146448,1.330111,-0.2829602,-3.563343,0.09723907,0.2622555,-0.04371759,0.959091,12.09027,30.3825,358.0745,0.3513736,-0.0745048,-0.9332657,0,0,0,1.964695,-0.418748,-2.592567,0.05272332,0.111691,1.161157,0.8586216,-0.03285533,-0.511556,0.1348613,0.9772667,0.1635919,0.4945517,-0.2094526,0.8435332,static,32.75776,-7.982539,2.599777,5.494342,30.747895223692403,3.1392058929560314
05/11/2023 12:33:35.833342,2101,True,True,True,True,Eyes,1.341506,-0.2844028,-3.560734,0.5374496,-0.1174547,0.8350762,1.144308,1.956514,-0.4188072,-2.60515,-0.5451081,-0.003943497,-0.8383566,0.052488,0.1087082,1.146466,1.330021,-0.2829129,-3.563271,0.09740869,0.2621503,-0.04358793,0.9591085,12.10502,30.37196,358.0929,0.3513931,-0.07450745,-0.9332582,0,0,0,1.964695,-0.418748,-2.592567,0.05307773,0.1119314,1.161112,0.8587547,-0.03253967,-0.5113527,0.1346825,0.9772232,0.1639978,0.4943694,-0.2097042,0.8435776,static,32.76507,-8.006219,2.61733,5.50631,30.754475073497538,3.1153104512252128
05/11/2023 12:33:35.843258,2102,True,True,True,True,Eyes,1.34154,-0.2844176,-3.560731,0.5375262,-0.1177802,0.8349811,1.144345,1.956655,-0.4191988,-2.605225,-0.5359254,-0.03004469,-0.8437305,0.05268168,0.1085337,1.14641,1.330043,-0.2829651,-3.563143,0.09753197,0.2621552,-0.04345279,0.9591006,12.11466,30.3746,358.1119,0.3514116,-0.07451025,-0.933251,0,0,0,1.964695,-0.418748,-2.592567,0.05309945,0.1121351,1.160967,0.858773,-0.03221418,-0.5113424,0.1344882,0.9771987,0.1643032,0.4943903,-0.2098687,0.8435243,static,32.77176,-8.029017,2.618726,5.516951,30.760459726534656,3.0923027154913454
05/11/2023 12:33:35.863228,2103,True,True,True,True,Eyes,1.341576,-0.2844352,-3.560725,0.5376068,-0.1181013,0.8348838,1.144387,1.956807,-0.4195888,-2.605295,-0.5259696,-0.05605725,-0.848654,0.05317152,0.1081805,1.146513,1.329911,-0.2829354,-3.563079,0.09758058,0.262085,-0.04335782,0.9591191,12.11706,30.36739,358.1231,0.351429,-0.07451314,-0.9332442,0,0,0,1.964695,-0.418748,-2.592567,0.05341303,0.1121549,1.160973,0.8588631,-0.03202183,-0.5112033,0.1343194,0.9771963,0.164456,0.4942797,-0.2099097,0.843579,static,32.77871,-8.051543,2.634156,5.517892,30.766715132952264,3.0695717478292597
05/11/2023 12:33:35.883269,2104,True,True,True,True,Eyes,1.341608,-0.2844505,-3.560716,0.5376709,-0.1184206,0.8347973,1.144425,1.956932,-0.419974,-2.605353,-0.5172453,-0.08168933,-0.8519297,0.05354708,0.1081041,1.146446,1.329876,-0.2830184,-3.562921,0.09770753,0.2620304,-0.04329181,0.9591242,12.12908,30.36209,358.1337,0.3514456,-0.07451618,-0.9332377,0,0,0,1.964695,-0.418748,-2.592567,0.05364093,0.1124505,1.160811,0.8589318,-0.03183977,-0.5110992,0.1342491,0.9771581,0.1647398,0.4941795,-0.2101148,0.8435866,static,32.78452,-8.073853,2.645749,5.533114,30.771829814973927,3.0470515889511782
05/11/2023 12:33:35.893554,2105,True,True,True,True,Eyes,1.341642,-0.2844706,-3.560707,0.5377284,-0.1186883,0.8347223,1.144472,1.957057,-0.4203061,-2.605391,-0.5089478,-0.1038195,-0.8545137,0.05422413,0.1080752,1.146469,1.329794,-0.2829762,-3.562831,0.09787551,0.2618465,-0.04323117,0.95916,12.14559,30.34131,358.1433,0.3514613,-0.07451931,-0.9332316,0,0,0,1.964695,-0.418748,-2.592567,0.0541867,0.1127399,1.160733,0.8591349,-0.0316745,-0.510768,0.134188,0.9771029,0.1651167,0.4938429,-0.2103964,0.8437136,static,32.78965,-8.092577,2.67281,5.547637,30.776378005653747,3.028152902671187
05/11/2023 12:33:35.913150,2106,True,True,True,True,Eyes,1.34167,-0.2844898,-3.560696,0.5377678,-0.1189428,0.8346607,1.144532,1.957162,-0.4206236,-2.6054,-0.5022385,-0.1250529,-0.8556391,0.05468047,0.1078134,1.146505,1.32974,-0.2831133,-3.56275,0.09786749,0.2617352,-0.04312346,0.9591961,12.14123,30.32902,358.1537,0.3514763,-0.07452264,-0.9332257,0,0,0,1.964695,-0.418748,-2.592567,0.05454198,0.1127749,1.160658,0.8592702,-0.03149698,-0.5105515,0.1339584,0.9771246,0.1651744,0.49367,-0.2103221,0.8438333,static,32.79348,-8.110292,2.690481,5.549702,30.779650506757747,3.010265805322251
05/11/2023 12:33:35.933174,2107,True,True,True,True,Eyes,1.341699,-0.2845108,-3.56068,0.5378325,-0.119226,0.8345786,1.144589,1.957296,-0.4209755,-2.605431,-0.4930603,-0.1484333,-0.8572392,0.05550319,0.1074224,1.146591,1.329628,-0.2831115,-3.562676,0.09788408,0.2615058,-0.04297922,0.9592634,12.13828,30.30298,358.1675,0.3514904,-0.07452615,-0.9332201,0,0,0,1.964695,-0.418748,-2.592567,0.05523095,0.1127144,1.160631,0.859535,-0.03126228,-0.5101199,0.1336513,0.977143,0.1653146,0.4932919,-0.2102719,0.8440669,static,32.79919,-8.130133,2.72448,5.546875,30.78474587388918,2.990241524612303
05/11/2023 12:33:35.943179,2108,True,True,True,True,Eyes,1.341723,-0.2845343,-3.560665,0.537879,-0.1195075,0.8345083,1.144679,1.957422,-0.4213321,-2.60542,-0.4851283,-0.1723531,-0.8572893,0.0558916,0.1078997,1.14652,1.329661,-0.2831743,-3.562552,0.09821471,0.2613897,-0.04303826,0.9592586,12.17663,30.2898,358.1695,0.351504,-0.07452986,-0.9332147,0,0,0,1.964695,-0.418748,-2.592567,0.05550933,0.113531,1.160409,0.8596463,-0.03122503,-0.5099345,0.1339143,0.9770032,0.1659271,0.4930266,-0.2109261,0.8440586,static,32.80364,-8.149754,2.738713,5.587867,30.78857982284498,2.970431297208618
05/11/2023 12:33:35.963314,2109,True,True,True,True,Eyes,1.341744,-0.2845576,-3.560649,0.5379246,-0.1198111,0.8344355,1.144766,1.957542,-0.4217133,-2.605416,-0.476808,-0.1976628,-0.856495,0.05660972,0.1079275,1.146629,1.329556,-0.2832578,-3.562534,0.09838857,0.2611697,-0.04290447,0.9593067,12.19153,30.26551,358.187,0.3515169,-0.07453382,-0.9332095,0,0,0,1.964695,-0.418748,-2.592567,0.05612198,0.1139185,1.160374,0.8598992,-0.03092487,-0.5095263,0.1337093,0.9769577,0.1663589,0.4926411,-0.2111803,0.8442201,static,32.80813,-8.17088,2.768977,5.606984,30.792404445325978,2.949099546264721
05/11/2023 12:33:35.983338,2110,True,True,True,True,Eyes,1.341765,-0.28458,-3.56063,0.5379736,-0.1201089,0.834361,1.144867,1.957673,-0.4220887,-2.605398,-0.4680528,-0.2226624,-0.8551888,0.05663836,0.1078343,1.146765,1.329555,-0.2832788,-3.562532,0.09852101,0.2612006,-0.04282492,0.9592883,12.20393,30.27074,358.2003,0.3515291,-0.07453801,-0.9332046,0,0,0,1.964695,-0.418748,-2.592567,0.0560362,0.1141744,1.160349,0.8598805,-0.03069539,-0.5095717,0.1336304,0.9769193,0.1666483,0.4926951,-0.2113919,0.8441357,static,32.81284,-8.191634,2.76481,5.61962,30.796462841776275,2.928145412322264
05/11/2023 12:33:35.999161,2111,True,True,True,True,Eyes,1.341777,-0.284604,-3.560606,0.5380182,-0.1203745,0.834294,1.144966,1.957789,-0.4224287,-2.605367,-0.460295,-0.2453317,-0.8531945,0.05660623,0.1076871,1.146822,1.32954,-0.2832826,-3.562417,0.09864347,0.2612792,-0.04270094,0.9592597,12.21397,30.28218,358.219,0.3515407,-0.07454238,-0.9331999,0,0,0,1.964695,-0.418748,-2.592567,0.05590773,0.1143413,1.160251,0.8598196,-0.03037562,-0.5096936,0.1334696,0.9768922,0.1669357,0.4928449,-0.2115631,0.8440053,static,32.8171,-8.210155,2.758715,5.628259,30.800141737232664,2.9094461900259656
05/11/2023 12:33:36.014844,2112,True,True,True,True,Eyes,1.341784,-0.2846229,-3.560579,0.5380612,-0.12062,0.8342308,1.145058,1.957896,-0.4227398,-2.605337,-0.4530638,-0.2659798,-0.8508748,0.05672055,0.1076577,1.146916,1.329419,-0.2833473,-3.562316,0.09878786,0.2613251,-0.04252947,0.9592401,12.22496,30.29031,358.2433,0.3515516,-0.07454698,-0.9331954,0,0,0,1.964695,-0.418748,-2.592567,0.05593786,0.1145993,1.160198,0.8598009,-0.02996044,-0.5097498,0.1332234,0.9768645,0.1672945,0.4929442,-0.2117506,0.8439003,static,32.82116,-8.227283,2.760324,5.641127,30.803665167061,2.8921541749596003
05/11/2023 12:33:36.033021,2113,True,True,True,True,Eyes,1.341787,-0.2846393,-3.560558,0.538131,-0.1208503,0.8341524,1.14517,1.958038,-0.4230333,-2.605312,-0.4436834,-0.2856169,-0.8494517,0.05699408,0.1070194,1.14709,1.329321,-0.2832486,-3.562229,0.0986723,0.2613207,-0.04249714,0.9592546,12.21112,30.28961,358.2433,0.3515618,-0.07455165,-0.9331912,0,0,0,1.964695,-0.418748,-2.592567,0.05609295,0.1142214,1.160221,0.8598109,-0.02996091,-0.5097328,0.1331014,0.9769155,0.1670929,0.4929597,-0.2115145,0.8439505,static,32.827,-8.243538,2.767912,5.622536,30.809009615727305,2.875756767542775
05/11/2023 12:33:36.043056,2114,True,True,True,True,Eyes,1.34179,-0.2846574,-3.560531,0.5382059,-0.1210478,0.8340755,1.145271,1.958181,-0.42329,-2.605289,-0.4343424,-0.3028657,-0.8483036,0.05711886,0.106912,1.147382,1.329283,-0.2832092,-3.56239,0.09875105,0.2612948,-0.04243244,0.9592565,12.21788,30.28757,358.2527,0.3515712,-0.07455631,-0.9331874,0,0,0,1.964695,-0.418748,-2.592567,0.05610037,0.1143435,1.160368,0.859849,-0.0298009,-0.5096779,0.1330135,0.9768954,0.1672804,0.492917,-0.2116299,0.8439464,static,32.83304,-8.257579,2.767927,5.627801,30.814628409260678,2.861599393693359
05/11/2023 12:33:36.062902,2115,True,True,True,True,Eyes,1.341783,-0.2846745,-3.560507,0.5382601,-0.1212016,0.8340181,1.145349,1.958279,-0.4234927,-2.605265,-0.4278183,-0.3163766,-0.8466861,0.05706915,0.1060865,1.147423,1.32929,-0.2832804,-3.56224,0.09855068,0.2613862,-0.04209029,0.9592671,12.18544,30.30149,358.2863,0.35158,-0.07456104,-0.9331837,0,0,0,1.964695,-0.418748,-2.592567,0.05597413,0.1136922,1.160301,0.8598114,-0.02923211,-0.5097744,0.1322712,0.9770323,0.1670692,0.4931822,-0.2110765,0.8439301,static,32.83746,-8.268485,2.761867,5.596268,30.818719380138567,2.850601193474585
05/11/2023 12:33:36.083436,2116,True,True,True,True,Eyes,1.341779,-0.2846888,-3.560479,0.5383169,-0.1213375,0.8339617,1.145412,1.958374,-0.4236702,-2.605249,-0.4213836,-0.3281331,-0.8454374,0.05751431,0.105009,1.147717,1.329201,-0.2832886,-3.56234,0.09820785,0.2612587,-0.04180465,0.9593495,12.13847,30.28766,358.3063,0.3515879,-0.07456578,-0.9331803,0,0,0,1.964695,-0.418748,-2.592567,0.0563468,0.112763,1.160505,0.8599924,-0.02889522,-0.509488,0.1315258,0.9772152,0.1665876,0.4930658,-0.210275,0.8441982,static,32.84198,-8.278176,2.77974,5.549851,30.822951082905995,2.8408322149206118
05/11/2023 12:33:36.093193,2117,True,True,True,True,Eyes,1.341766,-0.2847079,-3.560444,0.5383658,-0.1214305,0.8339165,1.145451,1.958438,-0.4238006,-2.605233,-0.4170698,-0.3367617,-0.8441826,0.05743971,0.1044731,1.147725,1.329258,-0.2832326,-3.562238,0.09799436,0.2613217,-0.04198482,0.9593464,12.12025,30.29227,358.2804,0.3515952,-0.07457047,-0.9331772,0,0,0,1.964695,-0.418748,-2.592567,0.0562177,0.1123389,1.160442,0.8598965,-0.02933988,-0.5096245,0.1317721,0.9772688,0.166078,0.4931674,-0.2099641,0.8442162,static,32.84577,-8.284879,2.77353,5.529399,30.8265462414871,2.834079704117242
05/11/2023 12:33:36.113145,2118,True,True,True,True,Eyes,1.341746,-0.2847277,-3.56041,0.5384056,-0.1215299,0.8338764,1.145506,1.958493,-0.423941,-2.605199,-0.4134572,-0.3461954,-0.8421413,0.05744553,0.1037815,1.147802,1.329236,-0.2833832,-3.562174,0.09769465,0.2613669,-0.04191874,0.9593675,12.08499,30.29708,358.2793,0.3516017,-0.07457527,-0.9331743,0,0,0,1.964695,-0.418748,-2.592567,0.0561873,0.1117637,1.16044,0.8598602,-0.02936263,-0.5096844,0.1314992,0.9773971,0.1655378,0.4933035,-0.2093625,0.8442861,static,32.84895,-8.291962,2.772038,5.501276,30.829514679198574,2.826938886727339
05/11/2023 12:33:36.123400,2119,True,True,True,True,Eyes,1.341717,-0.2847466,-3.560368,0.5384398,-0.1216488,0.833837,1.145562,1.958534,-0.4241028,-2.605156,-0.4106606,-0.3568918,-0.8390388,0.05781677,0.1039853,1.147924,1.329074,-0.2834149,-3.562169,0.09780227,0.2612731,-0.04200149,0.9593784,12.09929,30.28534,358.272,0.3516074,-0.07458017,-0.9331717,0,0,0,1.964695,-0.418748,-2.592567,0.05654299,0.1121164,1.160469,0.8599445,-0.02948445,-0.5095353,0.1316969,0.9773412,0.1657111,0.4931039,-0.2096065,0.8443422,static,32.85185,-8.300344,2.789488,5.518389,30.832158378137663,2.818482710388439
05/11/2023 12:33:36.143063,2120,True,True,True,True,Eyes,1.341685,-0.2847658,-3.560329,0.53846,-0.1217738,0.8338057,1.145635,1.958564,-0.4242742,-2.605092,-0.4087373,-0.3684087,-0.8349904,0.05795914,0.1049787,1.147865,1.329055,-0.2834133,-3.562093,0.09825978,0.2612155,-0.04221234,0.9593382,12.15645,30.27815,358.2615,0.3516122,-0.07458518,-0.9331695,0,0,0,1.964695,-0.418748,-2.592567,0.05668667,0.113275,1.160297,0.8599691,-0.02965788,-0.5094836,0.1323258,0.9771262,0.1664757,0.4928924,-0.2105818,0.844223,static,32.85381,-8.309064,2.796978,5.575877,30.833844470008756,2.8096784957447216
05/11/2023 12:33:36.163451,2121,True,True,True,True,Eyes,1.341653,-0.2847869,-3.560298,0.5384521,-0.1219018,0.8337921,1.145718,1.958567,-0.4244519,-2.605007,-0.408684,-0.3803901,-0.8296269,0.05839744,0.1051842,1.147989,1.328958,-0.2834438,-3.562119,0.09853189,0.2610349,-0.04181872,0.9593766,12.17455,30.26199,358.3117,0.3516161,-0.07459028,-0.9331676,0,0,0,1.964695,-0.418748,-2.592567,0.05717155,0.1136447,1.160308,0.860224,-0.02879927,-0.5091025,0.1316803,0.9770854,0.1672261,0.4926205,-0.2108907,0.8443045,static,32.85385,-8.31781,2.820838,5.593911,30.833596495191912,2.800835189389556
05/11/2023 12:33:36.182878,2122,True,True,True,True,Eyes,1.341619,-0.2848065,-3.56027,0.5384273,-0.1220379,0.8337882,1.145803,1.958551,-0.4246378,-2.604913,-0.4097485,-0.3927624,-0.8233127,0.05894172,0.1055438,1.148184,1.328823,-0.2835098,-3.562236,0.09879915,0.2607951,-0.04158845,0.9594244,12.19695,30.23685,358.3427,0.3516192,-0.0745955,-0.9331661,0,0,0,1.964695,-0.418748,-2.592567,0.05778286,0.1141781,1.16039,0.8605126,-0.02826928,-0.5086441,0.1313346,0.9770182,0.1678885,0.4922085,-0.2112727,0.8444493,static,32.85277,-8.327001,2.850749,5.619604,30.83220614839194,2.791534450850328
05/11/2023 12:33:36.193128,2123,True,True,True,True,Eyes,1.341587,-0.2848252,-3.560244,0.5383677,-0.1221497,0.8338103,1.145872,1.958488,-0.4247932,-2.604804,-0.4139997,-0.4031751,-0.8161213,0.05940726,0.1057949,1.148294,1.32877,-0.2834931,-3.562296,0.09896166,0.2605552,-0.04162982,0.959471,12.21587,30.20818,358.3398,0.3516214,-0.07460079,-0.9331648,0,0,0,1.964695,-0.418748,-2.592567,0.05836043,0.114575,1.160403,0.8607559,-0.02831526,-0.5082298,0.1314552,0.9769471,0.168208,0.4917508,-0.2115954,0.8446352,static,32.84918,-8.334306,2.879164,5.638947,30.82835069120263,2.7841240176179873
05/11/2023 12:33:36.212943,2124,True,True,True,True,Eyes,1.341555,-0.2848407,-3.560217,0.5382969,-0.1222497,0.8338414,1.145914,1.958397,-0.4249284,-2.604706,-0.4196537,-0.4118215,-0.8088844,0.05979002,0.1055814,1.148359,1.328753,-0.2834892,-3.562304,0.09890724,0.2603506,-0.04167105,0.9595304,12.21069,30.18274,358.3309,0.3516228,-0.0746061,-0.9331639,0,0,0,1.964695,-0.418748,-2.592567,0.05887112,0.1144882,1.160402,0.8609622,-0.02846816,-0.5078717,0.1314704,0.9769618,0.1681108,0.4913854,-0.2115072,0.8448699,static,32.84478,-8.34073,2.904318,5.63471,30.8237086970694,2.777599012396589
05/11/2023 12:33:36.232999,2125,True,True,True,True,Eyes,1.34152,-0.2848533,-3.560189,0.5381793,-0.1223058,0.833909,1.145938,1.958241,-0.4250083,-2.604581,-0.4301327,-0.4171839,-0.8005894,0.06013048,0.1052373,1.148385,1.328724,-0.2834272,-3.562256,0.09880377,0.2601515,-0.04170059,0.9595938,12.19971,30.15788,358.3219,0.3516236,-0.07461136,-0.9331631,0,0,0,1.964695,-0.418748,-2.592567,0.05941254,0.1142194,1.160384,0.8611645,-0.02862336,-0.5075199,0.1314391,0.9769977,0.167926,0.4910392,-0.2113199,0.845118,static,32.83696,-8.343836,2.931027,5.621649,30.815732527410646,2.774406220865405
05/11/2023 12:33:36.247956,2126,True,True,True,True,Eyes,1.341485,-0.2848651,-3.560163,0.5380472,-0.1223506,0.8339877,1.145961,1.958066,-0.4250741,-2.604446,-0.4418538,-0.4216805,-0.7918023,0.06083456,0.1048165,1.148453,1.328642,-0.2833728,-3.562243,0.09863541,0.2598066,-0.04177094,0.9597014,12.18248,30.11466,358.3044,0.3516237,-0.07461649,-0.9331627,0,0,0,1.964695,-0.418748,-2.592567,0.06034085,0.1138598,1.160412,0.8615115,-0.028923,-0.5069137,0.1314275,0.9770525,0.1676164,0.4904332,-0.2110258,0.8455431,static,32.82809,-8.34607,2.976671,5.603929,30.80672787296391,2.772088156732474
05/11/2023 12:33:36.263612,2127,True,True,True,True,Eyes,1.341456,-0.2848714,-3.560146,0.537893,-0.1223437,0.8340882,1.145947,1.957853,-0.4250708,-2.604325,-0.4560957,-0.4214896,-0.7837878,0.0612829,0.1045639,1.148483,1.32861,-0.2833635,-3.562278,0.09850681,0.2595258,-0.04180866,0.959789,12.16879,30.07974,358.2927,0.3516232,-0.07462149,-0.9331625,0,0,0,1.964695,-0.418748,-2.592567,0.06104094,0.1136089,1.160448,0.8617968,-0.02912485,-0.5064169,0.1313851,0.9770969,0.1673906,0.4899432,-0.2107923,0.8458856,static,32.81746,-8.344616,3.011051,5.591491,30.796072658381483,2.7734875022141825
05/11/2023 12:33:36.282954,2128,True,True,True,True,Eyes,1.341429,-0.2848693,-3.560129,0.5377432,-0.1223032,0.8341907,1.145905,1.957632,-0.4250172,-2.604225,-0.4707491,-0.4178537,-0.7770416,0.06145838,0.1042422,1.148555,1.3287,-0.2832381,-3.562434,0.09833898,0.2592941,-0.04196112,0.9598621,12.15425,30.0493,358.2675,0.3516223,-0.07462621,-0.9331625,0,0,0,1.964695,-0.418748,-2.592567,0.06146199,0.1132444,1.160557,0.8620117,-0.02955635,-0.506026,0.1315512,0.9771374,0.1670232,0.4895204,-0.2105443,0.8461921,static,32.80699,-8.340882,3.031497,5.573141,30.785653688685457,2.777193350878541
05/11/2023 12:33:36.293146,2129,True,True,True,True,Eyes,1.341393,-0.2848693,-3.560113,0.5376165,-0.1221986,0.8342878,1.145837,1.957414,-0.4248891,-2.604155,-0.4853988,-0.4094064,-0.7725118,0.06137946,0.1031839,1.148605,1.328719,-0.2830383,-3.562449,0.09785992,0.2592454,-0.04207166,0.9599194,12.10413,30.04,358.2399,0.3516209,-0.07463045,-0.9331626,0,0,0,1.964695,-0.418748,-2.592567,0.06160891,0.1120674,1.160689,0.8620436,-0.03003133,-0.5059437,0.1315103,0.9773068,0.1660615,0.4894752,-0.2096891,0.8464305,static,32.7978,-8.332893,3.038386,5.514956,30.776663761485707,2.785210204058467
05/11/2023 12:33:36.313571,2130,True,True,True,True,Eyes,1.341359,-0.2848762,-3.560097,0.5375012,-0.1220937,0.8343774,1.145769,1.957211,-0.4247674,-2.604093,-0.4988262,-0.4012038,-0.76825,0.0611659,0.1023469,1.14875,1.328586,-0.2830996,-3.562531,0.0973734,0.2592984,-0.04212635,0.9599523,12.0517,30.04359,358.2198,0.3516191,-0.07463431,-0.933163,0,0,0,1.964695,-0.418748,-2.592567,0.06160146,0.1111171,1.160916,0.8619794,-0.03038102,-0.5060321,0.1313761,0.9774876,0.165101,0.4896241,-0.2087942,0.8465655,static,32.78941,-8.324957,3.037427,5.46741,30.768477591591648,2.7931787999739353
05/11/2023 12:33:36.333198,2131,True,True,True,True,Eyes,1.341316,-0.2848732,-3.560077,0.5375369,-0.1219883,0.8343698,1.145696,1.957169,-0.4246347,-2.604143,-0.5013877,-0.3921849,-0.7712337,0.06093448,0.1024943,1.148639,1.328595,-0.283271,-3.562528,0.09731633,0.2593869,-0.0421167,0.9599345,12.04522,30.05413,358.2203,0.3516167,-0.07463803,-0.9331636,0,0,0,1.964695,-0.418748,-2.592567,0.06138232,0.1111469,1.160896,0.8618893,-0.03037338,-0.5061861,0.1313437,0.9775114,0.1649856,0.4897915,-0.2086836,0.846496,static,32.79137,-8.317944,3.026693,5.468963,30.770682210512184,2.8002831074994887
05/11/2023 12:33:36.348293,2132,True,True,True,True,Eyes,1.341277,-0.2848724,-3.560052,0.5375817,-0.121819,0.8343657,1.145597,1.957129,-0.4244279,-2.604205,-0.5044524,-0.378691,-0.7759644,0.06097668,0.1029208,1.148557,1.328635,-0.2830381,-3.562588,0.09747292,0.2593341,-0.04227937,0.9599257,12.06742,30.04667,358.206,0.3516138,-0.07464136,-0.9331645,0,0,0,1.964695,-0.418748,-2.592567,0.06143361,0.1113918,1.160926,0.8619166,-0.03061401,-0.5061251,0.1317262,0.977423,0.1652046,0.4896407,-0.2090625,0.8464897,static,32.79368,-8.306604,3.029139,5.480796,30.773381846411596,2.8117650219966794
05/11/2023 12:33:36.363202,2133,True,True,True,True,Eyes,1.34122,-0.284877,-3.560036,0.5377624,-0.1215712,0.8342854,1.145452,1.957201,-0.4241309,-2.604402,-0.4993827,-0.3586878,-0.7886444,0.06098789,0.1012419,1.148372,1.328702,-0.2831035,-3.562436,0.09667835,0.2594351,-0.04196289,0.9599926,11.9697,30.0588,358.2189,0.3516105,-0.07464441,-0.9331654,0,0,0,1.964695,-0.418748,-2.592567,0.06129193,0.1094242,1.160949,0.8618651,-0.03040463,-0.5062255,0.1307317,0.9777848,0.1638477,0.4899978,-0.2073943,0.8466935,static,32.80495,-8.290728,3.022107,5.384456,30.785252625111866,2.82789328252146
05/11/2023 12:33:36.383255,2134,True,True,True,True,Eyes,1.341165,-0.2848854,-3.560018,0.5379471,-0.1213519,0.8341982,1.145353,1.957304,-0.423876,-2.604567,-0.4928198,-0.341937,-0.8001298,0.0616335,0.1008466,1.14868,1.328517,-0.2832551,-3.562839,0.09620374,0.2592342,-0.04219528,0.9600844,11.92343,30.02992,358.176,0.3516063,-0.07464734,-0.9331668,0,0,0,1.964695,-0.418748,-2.592567,0.06177455,0.1087831,1.161404,0.8620344,-0.03114345,-0.5058922,0.1309007,0.9779288,0.1628505,0.4896548,-0.2066043,0.8470849,static,32.81665,-8.27683,3.044668,5.351006,30.797491171475286,2.8420243429077257
05/11/2023 12:33:36.392904,2135,True,True,True,True,Eyes,1.341113,-0.2848933,-3.559997,0.5382034,-0.1211145,0.8340675,1.145228,1.957479,-0.423597,-2.604799,-0.4808509,-0.3231092,-0.8150969,0.06149313,0.1017124,1.148407,1.328514,-0.2833449,-3.562764,0.09631655,0.2594124,-0.04259381,0.9600074,11.94824,30.04756,358.1368,0.3516015,-0.07465027,-0.9331684,0,0,0,1.964695,-0.418748,-2.592567,0.0613648,0.1093964,1.161296,0.861782,-0.03180934,-0.5062807,0.1317522,0.9778178,0.1628305,0.4898707,-0.2070279,0.8468567,static,32.83317,-8.26214,3.024789,5.381492,30.814608982572594,2.8569883765578865
05/11/2023 12:33:36.413066,2136,True,True,True,True,Eyes,1.341061,-0.2848977,-3.559977,0.5384426,-0.1208856,0.8339461,1.145135,1.95765,-0.4233281,-2.604996,-0.4695626,-0.305282,-0.8284407,0.06201208,0.1023771,1.148121,1.328534,-0.2833485,-3.562664,0.09658266,0.2592973,-0.04237255,0.9600215,11.97103,30.03725,358.1682,0.3515961,-0.07465319,-0.9331702,0,0,0,1.964695,-0.418748,-2.592567,0.06165153,0.109813,1.161147,0.8619391,-0.03126988,-0.5060467,0.1314443,0.9777527,0.1634687,0.4896769,-0.207417,0.8468735,static,32.84856,-8.247927,3.039288,5.402557,30.83057329823218,2.8714625543469285
05/11/2023 12:33:36.433168,2137,True,True,True,True,Eyes,1.341016,-0.2848989,-3.55996,0.5387021,-0.1206738,0.8338093,1.14506,1.957863,-0.4230777,-2.605198,-0.455505,-0.2886575,-0.8421354,0.06257612,0.1025329,1.148067,1.328456,-0.2832714,-3.562688,0.0966203,0.2592001,-0.0422241,0.9600505,11.9706,30.02732,358.1848,0.3515902,-0.074656,-0.9331722,0,0,0,1.964695,-0.4187481,-2.592567,0.06194222,0.1097293,1.161212,0.862065,-0.03098656,-0.5058497,0.1311625,0.9777633,0.1636317,0.4895309,-0.2074097,0.8469597,moving,32.86544,-8.235004,3.05342,5.398166,30.84799534950838,2.8846422751125065
05/11/2023 12:33:36.443211,2138,True,True,True,True,Eyes,1.340974,-0.2849002,-3.559945,0.5389543,-0.1204652,0.8336765,1.14325,1.957134,-0.4226221,-2.606844,-0.2094215,-0.2611572,-0.9423054,0.06303906,0.1025072,1.146178,1.328548,-0.2831971,-3.562693,0.0965992,0.2590533,-0.04225229,0.960091,11.96881,30.0092,358.1792,0.3515841,-0.07465862,-0.9331743,0,0,0,1.960276,-0.4187036,-2.592706,0.05847791,0.1090638,1.158881,0.8622123,-0.03108343,-0.5055925,0.1311808,0.9777667,0.1635969,0.4892663,-0.2073792,0.84712,moving,32.88182,-8.222257,2.888734,5.376345,30.86490816014225,2.897640698605784
05/11/2023 12:33:36.463335,2139,True,True,True,True,Eyes,1.340935,-0.2848979,-3.559933,0.5392513,-0.1202715,0.8335123,1.143311,1.957467,-0.4224057,-2.60697,-0.1872369,-0.2467701,-0.9508137,0.06327108,0.1025999,1.146222,1.328557,-0.2832038,-3.562715,0.09652958,0.2590954,-0.0422558,0.9600866,11.96125,30.01394,358.1772,0.3515777,-0.07466108,-0.9331765,0,0,0,1.955716,-0.4186577,-2.592849,0.05450413,0.1083431,1.15655,0.8621681,-0.03111773,-0.5056658,0.1311592,0.977793,0.1634569,0.4893501,-0.2072501,0.8471032,moving,32.90136,-8.210813,2.698151,5.351725,30.884959767697858,2.9093426548099064
05/11/2023 12:33:36.483580,2140,True,True,True,True,Eyes,1.340899,-0.2848917,-3.559921,0.5395505,-0.1200541,0.8333501,1.146041,1.959246,-0.4224785,-2.604868,0.5544938,-0.2579144,-0.7912122,0.06346461,0.1022694,1.149028,1.328555,-0.2831234,-3.562762,0.09619354,0.2592184,-0.04222218,0.9600884,11.92307,30.02768,358.1724,0.3515711,-0.07466327,-0.9331788,0,0,0,1.950928,-0.4186096,-2.592999,0.0501692,0.1068963,1.15421,0.8620462,-0.03120378,-0.5058682,0.1309443,0.9779282,0.1628191,0.4896222,-0.2065981,0.8471052,moving,32.92094,-8.197742,2.488867,5.291312,30.905105273002825,2.9226900290256026
05/11/2023 12:33:36.492977,2141,True,True,True,True,Eyes,1.34086,-0.2848843,-3.559904,0.5398812,-0.1197985,0.8331726,0.0,0.0,0.0,0.0,0.0,0.0,0.0,-2.957287,0.680375,2.308647,1.328576,-0.283029,-3.562736,0.09578124,0.2593998,-0.04220476,0.9600816,11.877,30.04795,358.1642,0.3515645,-0.07466513,-0.9331811,0,0,0,1.946516,-0.4185652,-2.593138,0.04604083,0.1053116,1.152012,0.8618611,-0.03134876,-0.5061747,0.1307313,0.9780895,0.1620198,0.490005,-0.2058114,0.8470754,moving,32.94253,-8.182249,2.288642,5.2232,30.92735443139489,2.9384998255402053
05/11/2023 12:33:36.513195,2142,True,True,True,True,Eyes,1.340822,-0.2848787,-3.559885,0.5402166,-0.1195334,0.8329933,0.0,0.0,0.0,0.0,0.0,0.0,0.0,-2.958475,0.6767704,2.308053,1.328575,-0.283016,-3.562653,0.09514949,0.259663,-0.04211758,0.960077,11.80459,30.07793,358.1583,0.3515579,-0.07466666,-0.9331836,0,0,0,1.9418,-0.4185177,-2.593286,0.04152942,0.1032292,1.14965,0.8616025,-0.03145863,-0.5066079,0.1302859,0.9783453,0.1608289,0.4905781,-0.2045744,0.8470434,moving,32.9644,-8.166119,2.068825,5.130932,30.94990651041232,2.95495559552894
05/11/2023 12:33:36.532987,2143,True,True,True,True,Eyes,1.340782,-0.284869,-3.559865,0.5405329,-0.11926,0.8328272,0.0,0.0,0.0,0.0,0.0,0.0,0.0,-2.959681,0.6746114,2.307006,1.328543,-0.2830528,-3.562576,0.09486309,0.2599083,-0.04218442,0.960036,11.77519,30.10557,358.1452,0.3515511,-0.07466797,-0.9331859,0,0,0,1.937551,-0.418475,-2.593419,0.0374448,0.1021302,1.147459,0.8613363,-0.03168572,-0.5070461,0.1303085,0.9784429,0.1602158,0.4910391,-0.2040721,0.8468972,moving,32.98493,-8.149295,1.869059,5.08624,30.971132242903472,2.972104173511207
05/11/2023 12:33:36.543035,2144,True,True,True,True,Eyes,1.34074,-0.2848599,-3.559844,0.5408424,-0.1189808,0.8326662,0.0,0.0,0.0,0.0,0.0,0.0,0.0,-2.960409,0.6733562,2.306379,1.328497,-0.2829557,-3.562562,0.09475094,0.26005,-0.04227217,0.9600049,11.76561,30.12124,358.1337,0.3515443,-0.07466894,-0.9331884,0,0,0,1.932978,-0.418429,-2.593563,0.03330061,0.1012724,1.145139,0.8611741,-0.03188302,-0.5073091,0.1304429,0.9784706,0.159937,0.4912878,-0.2039085,0.8467925,moving,33.00497,-8.132026,1.66569,5.053904,30.991879270425272,2.9896994489627264
05/11/2023 12:33:36.563308,2145,True,True,True,True,Eyes,1.340698,-0.284858,-3.559824,0.5411166,-0.1187204,0.8325253,0.0,0.0,0.0,0.0,0.0,0.0,0.0,-2.960647,0.6722258,2.306278,1.328418,-0.2829647,-3.562509,0.09454218,0.2601232,-0.04223634,0.9600072,11.74145,30.12957,358.1323,0.3515374,-0.07466966,-0.9331909,0,0,0,1.928472,-0.4183837,-2.593704,0.02943262,0.1002317,1.142836,0.861104,-0.03190914,-0.5074265,0.1302796,0.9785557,0.159549,0.491454,-0.2034956,0.8467954,moving,33.02267,-8.11582,1.475271,5.012265,31.010235164250126,3.0062042632526333
05/11/2023 12:33:36.583339,2146,True,True,True,True,Eyes,1.340655,-0.2848539,-3.559803,0.5413736,-0.1184889,0.8323911,0.0,0.0,0.0,0.0,0.0,0.0,0.0,-2.960895,0.6726893,2.305854,1.328406,-0.2831441,-3.562518,0.09446332,0.2602073,-0.04205404,0.9600002,11.72738,30.14132,358.1515,0.3515304,-0.07467032,-0.9331934,0,0,0,1.923817,-0.4183369,-2.593851,0.02530664,0.09953149,1.140422,0.8610473,-0.03158369,-0.5075431,0.1299039,0.9786163,0.1594841,0.4916529,-0.2032551,0.8467377,moving,33.03932,-8.101491,1.271219,4.987909,31.027471971948472,3.020804136254382
05/11/2023 12:33:36.613273,2147,True,True,True,True,Eyes,1.340608,-0.2848538,-3.559777,0.5415892,-0.1183257,0.8322741,0.0,0.0,0.0,0.0,0.0,0.0,0.0,-2.960381,0.6744327,2.305891,1.328319,-0.2830863,-3.562482,0.09472208,0.2601314,-0.04201112,0.9599971,11.75474,30.13374,358.1632,0.3515233,-0.07467088,-0.9331961,0,0,0,1.919339,-0.4182918,-2.593991,0.02176824,0.09946309,1.138065,0.8611335,-0.03138076,-0.5074095,0.1299415,0.9785256,0.160009,0.491492,-0.2037227,0.8467188,moving,33.05343,-8.091601,1.095787,4.99477,31.04200500397281,3.0308985508990185
05/11/2023 12:33:36.623045,2148,True,True,True,True,Eyes,1.34056,-0.2848548,-3.559755,0.5417604,-0.1182291,0.8321764,0.0,0.0,0.0,0.0,0.0,0.0,0.0,-2.959489,0.6775501,2.305899,1.328229,-0.2831864,-3.562364,0.0950803,0.2600127,-0.04183259,0.9600017,11.78902,30.12288,358.1926,0.351516,-0.07467145,-0.9331988,0,0,0,1.914679,-0.418245,-2.594137,0.01820672,0.09964681,1.135502,0.8612869,-0.03087454,-0.5071802,0.1297629,0.9784195,0.1608005,0.4912704,-0.2043085,0.8467063,moving,33.06478,-8.086021,0.9186055,5.015184,31.053616998274777,3.0366164794946355
05/11/2023 12:33:36.632951,2149,True,True,True,True,Eyes,1.340511,-0.2848555,-3.559729,0.5419064,-0.1181445,0.8320934,0.0,0.0,0.0,0.0,0.0,0.0,0.0,-2.957318,0.6803471,2.307962,1.328192,-0.2832116,-3.562441,0.09544005,0.2595827,-0.04176578,0.9600853,11.82625,30.0733,358.2056,0.3515086,-0.07467207,-0.9332015,0,0,0,1.910209,-0.4182,-2.594278,0.01539475,0.09989009,1.133177,0.8617449,-0.03064823,-0.5064154,0.1297466,0.9782936,0.1615778,0.4904708,-0.2049445,0.847016,moving,33.07446,-8.081105,0.7783425,5.037629,31.06352561875572,3.041651865536477
05/11/2023 12:33:36.643277,2150,True,True,True,True,Eyes,1.340459,-0.2848583,-3.5597,0.542024,-0.1180663,0.8320279,0.0,0.0,0.0,0.0,0.0,0.0,0.0,-2.955849,0.6816439,2.309257,1.328106,-0.2832059,-3.562341,0.09557365,0.2593233,-0.0416932,0.9601452,11.83847,30.04337,358.2146,0.351501,-0.07467272,-0.9332043,0,0,0,1.902878,-0.4181263,-2.594508,0.009911984,0.09921959,1.129303,0.8620263,-0.0304941,-0.5059456,0.129632,0.9782547,0.1619051,0.4900064,-0.2051532,0.8472342,moving,33.0822,-8.076454,0.5028768,5.021064,31.07147215800253,3.046406360159141
05/11/2023 12:33:36.663087,2151,True,True,True,True,Eyes,1.340409,-0.2848611,-3.559678,0.5420847,-0.11803,0.8319935,0.0,0.0,0.0,0.0,0.0,0.0,0.0,-2.954031,0.6826336,2.311061,1.327982,-0.2832559,-3.562235,0.09564091,0.2589985,-0.0416237,0.9602292,11.84328,30.00525,358.2203,0.3514932,-0.07467347,-0.9332072,0,0,0,1.899657,-0.4180939,-2.594609,0.008099467,0.09898072,1.127577,0.8623744,-0.03039487,-0.5053579,0.1294783,0.9782405,0.1621134,0.4894341,-0.2052353,0.8475451,moving,33.08622,-8.074333,0.4115525,5.016665,31.07558971974428,3.0485778261345153
05/11/2023 12:33:36.683034,2152,True,True,True,True,Eyes,1.340354,-0.2848648,-3.559654,0.5421113,-0.1180016,0.8319801,0.0,0.0,0.0,0.0,0.0,0.0,0.0,-2.951597,0.6830702,2.314048,1.327836,-0.2832589,-3.562295,0.09558019,0.2585407,-0.04152375,0.9603629,11.83269,29.95086,358.224,0.3514852,-0.07467429,-0.9332102,0,0,0,1.896613,-0.4180632,-2.594705,0.006694824,0.09845547,1.126132,0.8628649,-0.030333,-0.5045236,0.1291785,0.9782804,0.1621122,0.4886482,-0.2050545,0.8480422,moving,33.08793,-8.072544,0.340618,4.996552,31.077370446435822,3.050398186234025
05/11/2023 12:33:36.698096,2153,True,True,True,True,Eyes,1.340309,-0.2848667,-3.559629,0.5420808,-0.1180156,0.831998,0.0,0.0,0.0,0.0,0.0,0.0,0.0,-2.949043,0.6849321,2.316555,1.327659,-0.2832851,-3.56223,0.09571964,0.258088,-0.04137354,0.9604774,11.84291,29.8985,358.2394,0.351477,-0.0746752,-0.9332132,0,0,0,1.892203,-0.4180189,-2.594843,0.004185826,0.09817447,1.123853,0.8633576,-0.03006852,-0.5036958,0.1288849,0.9782519,0.162517,0.4878548,-0.2052291,0.8484567,moving,33.0859,-8.07332,0.213399,4.992415,31.07530090449299,3.0495999938650273
05/11/2023 12:33:36.714091,2154,True,True,True,True,Eyes,1.340257,-0.2848658,-3.5596,0.542008,-0.1180294,0.8320435,0.0,0.0,0.0,0.0,0.0,0.0,0.0,-2.946641,0.6861732,2.318822,1.327541,-0.2832363,-3.562004,0.09574024,0.2576821,-0.04117125,0.9605929,11.83846,29.85185,358.2578,0.3514688,-0.07467616,-0.9332163,0,0,0,1.887655,-0.4179731,-2.594986,0.00148946,0.09748013,1.121383,0.8638097,-0.02975651,-0.5029387,0.1284387,0.9782774,0.1627166,0.4871717,-0.205153,0.8488674,moving,33.08094,-8.073817,0.07610221,4.968145,31.070290399133995,3.049064378258075
05/11/2023 12:33:36.733445,2155,True,True,True,True,Eyes,1.340221,-0.2848689,-3.559584,0.5414341,-0.1179867,0.8324231,0.0,0.0,0.0,0.0,0.0,0.0,0.0,-2.943146,0.687805,2.322502,1.327344,-0.283169,-3.561906,0.09581127,0.257053,-0.04098682,0.9607623,11.83976,29.77833,358.2728,0.3514604,-0.07467708,-0.9332194,0,0,0,1.882914,-0.4179254,-2.595135,-0.00085482,0.09690627,1.118961,0.8644877,-0.02950003,-0.5017877,0.1280143,0.9782806,0.1630321,0.4860796,-0.2051753,0.8494879,moving,33.04124,-8.067298,-0.04377058,4.949683,31.030532112093375,3.0553914054880797
05/11/2023 12:33:36.743188,2156,True,True,True,True,Eyes,1.340183,-0.2848685,-3.55956,0.5408412,-0.1179342,0.8328158,0.0,0.0,0.0,0.0,0.0,0.0,0.0,-2.939407,0.6893554,2.326797,1.327265,-0.2832586,-3.561943,0.09581914,0.2563429,-0.04078384,0.9609599,11.83336,29.69497,358.287,0.3514522,-0.07467805,-0.9332224,0,0,0,1.878477,-0.4178808,-2.595274,-0.002928823,0.09638792,1.11674,0.8652501,-0.02925817,-0.5004861,0.1275084,0.9783108,0.1632474,0.4848547,-0.205066,0.850214,moving,33.00021,-8.060004,-0.1502667,4.933081,30.98946021691941,3.0624932110476886
05/11/2023 12:33:36.763099,2157,True,True,True,True,Eyes,1.340142,-0.2848712,-3.559538,0.5398697,-0.1178248,0.8334615,0.0,0.0,0.0,0.0,0.0,0.0,0.0,-2.936092,0.6896949,2.330513,1.327176,-0.2831805,-3.561744,0.09571853,0.2557335,-0.0406453,0.961138,11.81698,29.62261,358.292,0.3514441,-0.07467898,-0.9332253,0,0,0,1.87385,-0.4178343,-2.595419,-0.005263209,0.09544712,1.114284,0.8658966,-0.02917461,-0.4993715,0.1270884,0.9783719,0.1632087,0.4838094,-0.2047862,0.8508766,moving,32.93291,-8.046473,-0.2706288,4.895878,30.922143140241694,3.0757264426159807
05/11/2023 12:33:36.783532,2158,True,True,True,True,Eyes,1.340093,-0.2848766,-3.559512,0.5388807,-0.117726,0.8341152,0.0,0.0,0.0,0.0,0.0,0.0,0.0,-2.932151,0.6912006,2.33498,1.32702,-0.2832522,-3.561767,0.09575648,0.2549903,-0.04049505,0.961338,11.81547,29.53486,358.3008,0.3514361,-0.07467995,-0.9332282,0,0,0,1.869368,-0.4177892,-2.59556,-0.007242262,0.09501642,1.112078,0.8666802,-0.02902493,-0.498019,0.1266928,0.9783817,0.163457,0.4825084,-0.2047604,0.8516213,moving,32.86451,-8.03359,-0.3731261,4.883517,30.853697138723753,3.0882971106204984
05/11/2023 12:33:36.793172,2159,True,True,True,True,Eyes,1.340031,-0.2848769,-3.559478,0.5376016,-0.1176698,0.8349482,0.0,0.0,0.0,0.0,0.0,0.0,0.0,-2.927795,0.6935167,2.3395,1.326804,-0.283327,-3.561674,0.09589991,0.2541939,-0.04031102,0.9615424,11.82466,29.44156,358.3158,0.351428,-0.07468104,-0.9332312,0,0,0,1.864836,-0.4177436,-2.595702,-0.00905028,0.09478484,1.109766,0.8675209,-0.02876717,-0.4965681,0.1262759,0.9783565,0.16393,0.4811048,-0.2049173,0.8523774,moving,32.77644,-8.0219,-0.4672437,4.881769,30.765406486937117,3.0995303189400305
05/11/2023 12:33:36.813468,2160,True,True,True,True,Eyes,1.339965,-0.2848762,-3.559437,0.536326,-0.1176031,0.8357775,0.0,0.0,0.0,0.0,0.0,0.0,0.0,-2.923808,0.6948935,2.343857,1.326656,-0.2832077,-3.561597,0.09595045,0.2534543,-0.0401595,0.9617389,11.82457,29.35435,358.3251,0.3514196,-0.07468215,-0.9332343,0,0,0,1.860072,-0.4176957,-2.595852,-0.01124641,0.09414706,1.10738,0.8682963,-0.0286078,-0.4952204,0.125884,0.9783614,0.1642013,0.4798071,-0.2049157,0.8531089,moving,32.68866,-8.009564,-0.5818686,4.859478,30.677429121198124,3.1114186678156948
05/11/2023 12:33:36.833356,2161,True,True,True,True,Eyes,1.33989,-0.2848768,-3.559393,0.5348387,-0.1175129,0.8367427,0.0,0.0,0.0,0.0,0.0,0.0,0.0,-2.920057,0.6957414,2.347975,1.326536,-0.2831886,-3.561444,0.09585693,0.252777,-0.03994014,0.9619355,11.80657,29.27479,358.3386,0.3514108,-0.07468324,-0.9332374,0,0,0,1.855503,-0.4176497,-2.595996,-0.01340318,0.09326888,1.105032,0.8690172,-0.02837882,-0.4939674,0.1253005,0.9784325,0.1642245,0.4786533,-0.2046083,0.8538305,moving,32.58636,-7.994387,-0.6949189,4.824544,30.574925489951625,3.1260828992989147
05/11/2023 12:33:36.843209,2162,True,True,True,True,Eyes,1.33981,-0.2848734,-3.559344,0.5333689,-0.1174153,0.837694,0.0,0.0,0.0,0.0,0.0,0.0,0.0,-2.916202,0.6972573,2.352232,1.326403,-0.2832285,-3.561437,0.09577169,0.2520904,-0.03960045,0.9621382,11.78601,29.19546,358.3659,0.3514016,-0.07468437,-0.9332408,0,0,0,1.850931,-0.4176037,-2.596139,-0.01561305,0.09243193,1.102814,0.8697644,-0.02791595,-0.4926769,0.1244885,0.9785191,0.1643254,0.4775065,-0.204257,0.8545564,moving,32.48535,-7.978878,-0.8111088,4.791026,30.473731676058726,3.141091435782773
05/11/2023 12:33:36.863198,2163,True,True,True,True,Eyes,1.339709,-0.2848738,-3.559284,0.531728,-0.1173221,0.8387495,0.0,0.0,0.0,0.0,0.0,0.0,0.0,-2.912975,0.6972596,2.355878,1.326228,-0.2831321,-3.561279,0.0956612,0.2515046,-0.03951805,0.962306,11.7703,29.12536,358.3647,0.3513919,-0.07468545,-0.9332444,0,0,0,1.846621,-0.4175604,-2.596274,-0.01771659,0.09155726,1.100644,0.8703676,-0.02793846,-0.4916094,0.1241754,0.9785745,0.1642327,0.476488,-0.2039886,0.8551887,moving,32.37279,-7.962721,-0.9221857,4.755211,30.36092975380793,3.156678191642599
05/11/2023 12:33:36.883520,2164,True,True,True,True,Eyes,1.339604,-0.2848701,-3.559221,0.5301065,-0.1172467,0.8397859,0.0,0.0,0.0,0.0,0.0,0.0,0.0,-2.909607,0.6981564,2.359609,1.326026,-0.2832329,-3.561239,0.09560147,0.2508995,-0.03935367,0.9624766,11.75785,29.05408,358.3739,0.3513813,-0.07468662,-0.9332483,0,0,0,1.842047,-0.4175144,-2.596418,-0.02005371,0.09093604,1.098416,0.8710015,-0.02778125,-0.4904943,0.1237267,0.9786233,0.1642807,0.4754452,-0.203776,0.8558196,moving,32.26176,-7.947976,-1.04593,4.732632,30.249621821510566,3.1708473961105623
05/11/2023 12:33:36.893340,2165,True,True,True,True,Eyes,1.339488,-0.2848578,-3.559144,0.5283201,-0.1171026,0.8409309,0.0,0.0,0.0,0.0,0.0,0.0,0.0,-2.905969,0.7012879,2.362853,1.325839,-0.2831306,-3.561113,0.09586809,0.2502713,-0.03908279,0.9626246,11.77872,28.9826,358.4044,0.35137,-0.07468775,-0.9332525,0,0,0,1.837479,-0.4174684,-2.596561,-0.02233726,0.09074942,1.096105,0.8716736,-0.02725805,-0.4893281,0.1232302,0.9785637,0.1650074,0.474341,-0.2041326,0.8563472,moving,32.13935,-7.92766,-1.167455,4.732873,30.127039202341003,3.1905738759303146
05/11/2023 12:33:36.913272,2166,True,True,True,True,Eyes,1.339368,-0.2848387,-3.559068,0.5265351,-0.1169145,0.8420759,0.0,0.0,0.0,0.0,0.0,0.0,0.0,-2.901006,0.702318,2.368237,1.32575,-0.2829338,-3.560894,0.09547353,0.2494469,-0.03838583,0.9629058,11.71329,28.88928,358.4613,0.3513578,-0.07468867,-0.933257,0,0,0,1.833041,-0.4174238,-2.596701,-0.02405256,0.08883768,1.093906,0.8726056,-0.02629272,-0.4877173,0.121555,0.9788226,0.1647136,0.473058,-0.2030145,0.8573222,moving,32.01701,-7.904463,-1.259604,4.642885,30.004622016562813,3.2132139637956625
05/11/2023 12:33:36.933339,2167,True,True,True,True,Eyes,1.339246,-0.2848189,-3.558991,0.5245906,-0.1166737,0.843322,0.0,0.0,0.0,0.0,0.0,0.0,0.0,-2.895384,0.7016174,2.375136,1.325533,-0.2827627,-3.56087,0.09495673,0.2484447,-0.03795595,0.963233,11.6417,28.77121,358.4825,0.3513447,-0.07468922,-0.9332619,0,0,0,1.828342,-0.4173765,-2.596848,-0.02556905,0.08685939,1.091822,0.8736691,-0.02593784,-0.4858287,0.1203038,0.9790851,0.164071,0.471412,-0.2017908,0.8585169,moving,31.88379,-7.876874,-1.341547,4.548559,29.871394726565065,3.240222507489869
05/11/2023 12:33:36.943317,2168,True,True,True,True,Eyes,1.339119,-0.2848033,-3.558914,0.522662,-0.1163786,0.8445594,0.0,0.0,0.0,0.0,0.0,0.0,0.0,-2.891648,0.6981845,2.380559,1.325408,-0.282733,-3.56083,0.09432659,0.2477182,-0.03797703,0.9634812,11.57082,28.681,358.4531,0.3513308,-0.07468942,-0.9332672,0,0,0,1.823998,-0.4173328,-2.596985,-0.02747056,0.08502823,1.089826,0.8743869,-0.02644747,-0.4845081,0.1199131,0.9793205,0.1629486,0.4701791,-0.200579,0.8594764,moving,31.75161,-7.845833,-1.443913,4.461179,29.739328362626303,3.270728496979636
05/11/2023 12:33:36.963229,2169,True,True,True,True,Eyes,1.33899,-0.2847874,-3.558839,0.5205731,-0.1161069,0.8458859,0.0,0.0,0.0,0.0,0.0,0.0,0.0,-2.886557,0.6966267,2.386971,1.325175,-0.2828353,-3.560765,0.09362998,0.2468316,-0.03753247,0.963794,11.47898,28.57632,358.4724,0.351316,-0.07468942,-0.9332727,0,0,0,1.819453,-0.4172871,-2.597127,-0.02909163,0.08295305,1.087776,0.8753309,-0.02612547,-0.482818,0.1185688,0.9796495,0.1619516,0.4687613,-0.1990084,0.8606152,moving,31.60888,-7.815622,-1.53196,4.360895,29.596612058609757,3.300324884349175
05/11/2023 12:33:36.983151,2170,True,True,True,True,Eyes,1.338859,-0.2847758,-3.558763,0.5185099,-0.115851,0.8471872,0.0,0.0,0.0,0.0,0.0,0.0,0.0,-2.882574,0.6977856,2.391225,1.324927,-0.2828053,-3.560714,0.09370065,0.2461027,-0.03747347,0.9639758,11.48404,28.48972,358.4723,0.3513004,-0.07468923,-0.9332786,0,0,0,1.814835,-0.4172406,-2.597272,-0.03119352,0.08256766,1.085593,0.8760583,-0.02612707,-0.4814968,0.118367,0.9796319,0.1622057,0.4674516,-0.199095,0.8613073,moving,31.46818,-7.786774,-1.645888,4.349407,29.455894799532366,3.328556600748229
05/11/2023 12:33:36.993740,2171,True,True,True,True,Eyes,1.338723,-0.284762,-3.558681,0.5163333,-0.1156148,0.8485476,0.0,0.0,0.0,0.0,0.0,0.0,0.0,-2.877936,0.7019855,2.395372,1.324744,-0.2829023,-3.560635,0.09390983,0.2453258,-0.03694277,0.964174,11.49117,28.40295,358.5287,0.351284,-0.07468899,-0.9332848,0,0,0,1.810382,-0.4171958,-2.597412,-0.03312382,0.08238597,1.083417,0.876901,-0.02516151,-0.4800121,0.1173155,0.9796324,0.1629648,0.4661349,-0.1992169,0.8619924,moving,31.32012,-7.758788,-1.751186,4.348558,29.307738493225692,3.355867627429131
05/11/2023 12:33:37.013221,2172,True,True,True,True,Eyes,1.33858,-0.2847438,-3.5586,0.5141708,-0.1153702,0.849893,0.0,0.0,0.0,0.0,0.0,0.0,0.0,-2.873176,0.7063237,2.399576,1.324655,-0.2828478,-3.560517,0.09395977,0.2445694,-0.03611673,0.9643925,11.47231,28.32114,358.6142,0.3512668,-0.07468866,-0.9332913,0,0,0,1.805519,-0.4171469,-2.597565,-0.03551352,0.08152296,1.081035,0.8777628,-0.02370206,-0.4785087,0.1156208,0.9797343,0.1635621,0.4649347,-0.1988943,0.8627148,moving,31.17323,-7.73046,-1.881571,4.312624,29.160771508240522,3.3835322705707673
05/11/2023 12:33:37.033428,2173,True,True,True,True,Eyes,1.338422,-0.2847244,-3.558505,0.5119092,-0.1151879,0.8512818,0.0,0.0,0.0,0.0,0.0,0.0,0.0,-2.867173,0.7093575,2.405615,1.32434,-0.2827355,-3.560483,0.09390044,0.2435672,-0.03546863,0.964676,11.44604,28.2075,358.6735,0.3512488,-0.07468814,-0.9332982,0,0,0,1.801297,-0.4171045,-2.597697,-0.0366371,0.08058448,1.079195,0.878834,-0.02268934,-0.4765879,0.1141736,0.9798494,0.163889,0.4632658,-0.198445,0.8637155,moving,31.02015,-7.705955,-1.944362,4.270404,29.007445937318053,3.407289991174806
05/11/2023 12:33:37.042962,2174,True,True,True,True,Eyes,1.338256,-0.2847026,-3.558409,0.5096301,-0.1149966,0.8526739,0.0,0.0,0.0,0.0,0.0,0.0,0.0,-2.860139,0.7120463,2.412774,1.324178,-0.2826998,-3.560269,0.09381121,0.2423409,-0.0348953,0.9650143,11.41836,28.06609,358.7209,0.3512298,-0.07468744,-0.9333054,0,0,0,1.796702,-0.4170582,-2.597842,-0.0376409,0.0796205,1.07696,0.8801064,-0.02188033,-0.474272,0.1128175,0.9799636,0.1641452,0.4611778,-0.1979714,0.8649406,moving,30.86611,-7.6809,-2.001734,4.22823,28.853171888363946,3.4315974469236483
05/11/2023 12:33:37.063292,2175,True,True,True,True,Eyes,1.338047,-0.2846819,-3.558295,0.507216,-0.1149544,0.8541179,0.0,0.0,0.0,0.0,0.0,0.0,0.0,-2.851879,0.7136663,2.421736,1.323826,-0.2826229,-3.560189,0.09369644,0.2408516,-0.0345694,0.9654101,11.3945,27.89048,358.7366,0.3512096,-0.07468653,-0.933313,0,0,0,1.792237,-0.4170133,-2.597982,-0.03784722,0.07874784,1.075025,0.8815909,-0.02161342,-0.4715192,0.1118812,0.9800519,0.1642588,0.4585631,-0.1975632,0.866423,moving,30.70387,-7.665288,-2.016316,4.189553,28.690330200938163,3.4463018799679777
05/11/2023 12:33:37.073029,2176,True,True,True,True,Eyes,1.337832,-0.2846557,-3.558178,0.5047591,-0.1148895,0.8555809,0.0,0.0,0.0,0.0,0.0,0.0,0.0,-2.842322,0.717404,2.431725,1.323524,-0.2826367,-3.560218,0.09373845,0.2391384,-0.03402792,0.965851,11.38201,27.69106,358.7785,0.3511877,-0.07468553,-0.9333213,0,0,0,1.78757,-0.4169664,-2.598129,-0.03786483,0.07820161,1.073057,0.8833098,-0.02089886,-0.4683236,0.1105647,0.9801105,0.1648,0.4555647,-0.1973495,0.8680518,moving,30.53893,-7.648064,-2.020952,4.1682,28.524823065433345,3.462618294661528
05/11/2023 12:33:37.094085,2177,True,True,True,True,Eyes,1.337604,-0.2846276,-3.558056,0.5021781,-0.1148803,0.8570995,0.0,0.0,0.0,0.0,0.0,0.0,0.0,-2.831678,0.7189902,2.443272,1.323207,-0.2824868,-3.560091,0.09353654,0.2372088,-0.03362651,0.9663603,11.34598,27.46331,358.7952,0.3511641,-0.07468431,-0.9333303,0,0,0,1.783314,-0.4169236,-2.598262,-0.03694957,0.07707514,1.071252,0.8852025,-0.02061527,-0.4647489,0.109366,0.9802403,0.164827,0.4521677,-0.196733,0.8699659,moving,30.36621,-7.634073,-1.97546,4.115262,28.351375849816954,3.4756137676739627
05/11/2023 12:33:37.113001,2178,True,True,True,True,Eyes,1.337369,-0.2845964,-3.557931,0.499543,-0.1148403,0.8586434,0.0,0.0,0.0,0.0,0.0,0.0,0.0,-2.820917,0.7198948,2.455214,1.322967,-0.2824092,-3.560042,0.09328023,0.2352242,-0.03332822,0.9668804,11.3067,27.2278,358.7983,0.3511387,-0.07468285,-0.93334,0,0,0,1.778751,-0.4168777,-2.598406,-0.03629631,0.07593043,1.069338,0.8871176,-0.02056528,-0.4610851,0.1083324,0.9803761,0.1647024,0.4486496,-0.1960609,0.8719367,moving,30.19006,-7.617883,-1.944033,4.061583,28.174547509954934,3.4908099037944496
05/11/2023 12:33:37.133023,2179,True,True,True,True,Eyes,1.337131,-0.2845575,-3.557801,0.4967721,-0.1148546,0.8602475,0.0,0.0,0.0,0.0,0.0,0.0,0.0,-2.808963,0.7205912,2.468266,1.322605,-0.2823108,-3.559899,0.09296982,0.2330489,-0.03301995,0.9674476,11.26093,26.96952,358.799,0.3511114,-0.07468112,-0.9333503,0,0,0,1.774083,-0.4168307,-2.598552,-0.0351803,0.07464573,1.067383,0.8891957,-0.02055711,-0.4570649,0.1072232,0.9805326,0.1644963,0.4447855,-0.1952773,0.8740896,moving,30.0054,-7.604785,-1.887751,4.000377,27.98904871457978,3.5028228039799787
05/11/2023 12:33:37.153433,2180,True,True,True,True,Eyes,1.336883,-0.2845199,-3.557667,0.4939268,-0.1148278,0.8618881,0.0,0.0,0.0,0.0,0.0,0.0,0.0,-2.796102,0.721022,2.482192,1.322267,-0.282072,-3.559688,0.09269543,0.2306939,-0.03281182,0.9680451,11.22169,26.68905,358.7874,0.3510826,-0.07467894,-0.9333614,0,0,0,1.769696,-0.4167866,-2.59869,-0.03343236,0.07336861,1.065531,0.8914074,-0.02075811,-0.4527272,0.1062952,0.9806619,0.1643277,0.4405612,-0.1946057,0.8763757,moving,29.81596,-7.588722,-1.797137,3.938962,27.79883475260243,3.517801911845912
05/11/2023 12:33:37.163239,2181,True,True,True,True,Eyes,1.336613,-0.2844755,-3.55753,0.4909266,-0.1148906,0.863592,0.0,0.0,0.0,0.0,0.0,0.0,0.0,-2.781822,0.7216778,2.49747,1.321788,-0.2820771,-3.559497,0.09227997,0.2281318,-0.03243331,0.9687046,11.16191,26.38527,358.7891,0.3510521,-0.07467642,-0.933373,0,0,0,1.764939,-0.4167387,-2.598839,-0.03146213,0.07195412,1.063585,0.8938079,-0.0207326,-0.4479705,0.1049406,0.980865,0.1639859,0.4359987,-0.1935822,0.8788806,moving,29.61695,-7.578017,-1.694384,3.870301,27.598808359551278,3.527299436010275
05/11/2023 12:33:37.183302,2182,True,True,True,True,Eyes,1.336328,-0.2844264,-3.557382,0.4877858,-0.1148801,0.8653714,0.0,0.0,0.0,0.0,0.0,0.0,0.0,-2.764833,0.7247995,2.514915,1.321183,-0.2818572,-3.559419,0.09227732,0.2250804,-0.0320904,0.9694299,11.14885,26.02459,358.7923,0.3510197,-0.07467342,-0.9333855,0,0,0,1.760124,-0.4166903,-2.59899,-0.02846816,0.07124337,1.061785,0.8966181,-0.02067913,-0.4423216,0.1037584,0.9809102,0.1644669,0.4304767,-0.1933586,0.8816475,moving,29.40875,-7.561935,-1.535825,3.838665,27.389705953197712,3.542172673082135
05/11/2023 12:33:37.194138,2183,True,True,True,True,Eyes,1.336027,-0.2843746,-3.557234,0.4844041,-0.1148593,0.8672716,0.0,0.0,0.0,0.0,0.0,0.0,0.0,-2.744584,0.7237391,2.536496,1.320571,-0.2817093,-3.559085,0.09148773,0.2214636,-0.0316708,0.970351,11.0449,25.59465,358.7774,0.3509853,-0.07466991,-0.9333987,0,0,0,1.756093,-0.4166498,-2.599117,-0.02339911,0.06898263,1.060245,0.8999017,-0.02094118,-0.4355896,0.101986,0.9812539,0.1635225,0.4239997,-0.1915782,0.8851678,moving,29.18502,-7.544207,-1.264286,3.722582,27.16502094771942,3.558606726775375
05/11/2023 12:33:37.212935,2184,True,True,True,True,Eyes,1.335716,-0.2843177,-3.557078,0.4808418,-0.1148029,0.8692591,0.0,0.0,0.0,0.0,0.0,0.0,0.0,-2.719709,0.7209489,2.563431,1.319852,-0.2815879,-3.558998,0.09047536,0.216968,-0.03146481,0.9714676,10.92019,25.05768,358.7235,0.3509487,-0.07466588,-0.9334128,0,0,0,1.751595,-0.4166045,-2.599258,-0.01685384,0.06641231,1.05879,0.9038696,-0.02187357,-0.4272484,0.1003946,0.9816483,0.162134,0.4158612,-0.1894415,0.8894781,moving,28.94974,-7.523504,-0.911958,3.589159,26.928804526976982,3.577971960569677
05/11/2023 12:33:37.223153,2185,True,True,True,True,Eyes,1.335392,-0.2842558,-3.556922,0.4771461,-0.114774,0.871297,0.0,0.0,0.0,0.0,0.0,0.0,0.0,-2.696343,0.7177173,2.588275,1.319351,-0.2814052,-3.558746,0.08993641,0.2126367,-0.03201096,0.972457,10.86712,24.53498,358.599,0.3509099,-0.07466126,-0.9334278,0,0,0,1.746875,-0.416557,-2.599406,-0.01103574,0.06502666,1.056894,0.907522,-0.02401101,-0.4193179,0.1005061,0.9817735,0.1613051,0.4078021,-0.188532,0.8933942,moving,28.70632,-7.504238,-0.5982422,3.520754,26.68434474172396,3.595829889100333
05/11/2023 12:33:37.243118,2186,True,True,True,True,Eyes,1.335054,-0.2841822,-3.556757,0.4733103,-0.1146567,0.873402,0.0,0.0,0.0,0.0,0.0,0.0,0.0,-2.673177,0.7155634,2.61262,1.31901,-0.2812169,-3.558767,0.0892013,0.2084317,-0.03198434,0.9734353,10.77755,24.0333,358.5368,0.350869,-0.074656,-0.9334435,0,0,0,1.742497,-0.416513,-2.599544,-0.005498081,0.0630437,1.055344,0.9110664,-0.02508462,-0.4114957,0.09945414,0.9820402,0.1603303,0.4000835,-0.1869965,0.8971987,moving,28.45396,-7.478792,-0.2984943,3.41865,26.43108712840676,3.6198771559337413
05/11/2023 12:33:37.263091,2187,True,True,True,True,Eyes,1.334679,-0.2841086,-3.556586,0.4694158,-0.1145181,0.8755196,0.0,0.0,0.0,0.0,0.0,0.0,0.0,-2.650751,0.7110818,2.635801,1.318372,-0.2808766,-3.55845,0.08811373,0.2044787,-0.03190059,0.9743752,10.647,23.5618,358.4764,0.3508258,-0.07464988,-0.9334602,0,0,0,1.737955,-0.4164673,-2.599686,-0.0002504289,0.06011711,1.053588,0.9143416,-0.02613153,-0.4040997,0.09820105,0.9824367,0.1586657,0.3928562,-0.1847576,0.9008489,moving,28.19829,-7.451991,-0.01361872,3.265723,26.17454139996576,3.6452724700555317
05/11/2023 12:33:37.283507,2188,True,True,True,True,Eyes,1.334287,-0.2840291,-3.556412,0.4653157,-0.1142959,0.8777345,0.0,0.0,0.0,0.0,0.0,0.0,0.0,-2.624058,0.7085453,2.662475,1.317427,-0.280809,-3.558374,0.08705838,0.1998643,-0.03154816,0.9754383,10.51255,23.0155,358.4412,0.3507799,-0.07464302,-0.9334781,0,0,0,1.733431,-0.4164218,-2.599828,0.006556064,0.05750479,1.052098,0.9181179,-0.02674685,-0.3954037,0.0963463,0.9828511,0.1572295,0.3844175,-0.1824509,0.9049503,moving,27.92952,-7.419133,0.3570295,3.128518,25.905005168441697,3.676705013351512
05/11/2023 12:33:37.298739,2189,True,True,True,True,Eyes,1.333876,-0.2839497,-3.556238,0.4611968,-0.1140874,0.8799327,0.0,0.0,0.0,0.0,0.0,0.0,0.0,-2.595367,0.7062262,2.690462,1.316709,-0.2806035,-3.558203,0.08603373,0.1949058,-0.03117442,0.9765441,10.38045,22.42966,358.4067,0.350731,-0.07463535,-0.933497,0,0,0,1.728833,-0.4163755,-2.599973,0.01381633,0.05478403,1.050377,0.9220797,-0.02734944,-0.3860323,0.09442332,0.9832527,0.1558793,0.3753041,-0.1801836,0.9092199,moving,27.66026,-7.387455,0.7536071,2.985644,25.63493667531857,3.7069411251187736
05/11/2023 12:33:37.316070,2190,True,True,True,True,Eyes,1.333453,-0.2838662,-3.556062,0.4569067,-0.1138277,0.8822015,0.0,0.0,0.0,0.0,0.0,0.0,0.0,-2.567831,0.7039214,2.717156,1.316197,-0.2805325,-3.558247,0.08499483,0.1901542,-0.03076152,0.9775842,10.24619,21.86955,358.38,0.3506792,-0.07462697,-0.9335172,0,0,0,1.724216,-0.4163291,-2.600118,0.02029061,0.05216326,1.048713,0.9257903,-0.02781971,-0.3770126,0.09246819,0.9836592,0.1544804,0.3665543,-0.1778781,0.9132346,moving,27.38038,-7.352074,1.108427,2.847561,25.354297158789493,3.7408507395761834
05/11/2023 12:33:37.333354,2191,True,True,True,True,Eyes,1.333023,-0.2837718,-3.555894,0.4523384,-0.1136937,0.8845698,0.0,0.0,0.0,0.0,0.0,0.0,0.0,-2.540607,0.7053615,2.741738,1.315536,-0.2803676,-3.558104,0.084405,0.1855851,-0.03004729,0.9785352,10.1566,21.33573,358.4005,0.3506243,-0.07461787,-0.9335386,0,0,0,1.719673,-0.4162834,-2.60026,0.02655268,0.0502326,1.046917,0.9293107,-0.02747604,-0.3682753,0.09013328,0.983946,0.1540339,0.3581308,-0.1763392,0.916868,moving,27.08363,-7.324071,1.452866,2.747028,25.056428411484724,3.767187561662494
05/11/2023 12:33:37.343281,2192,True,True,True,True,Eyes,1.332575,-0.2836708,-3.555725,0.4475917,-0.1134614,0.8870108,0.0,0.0,0.0,0.0,0.0,0.0,0.0,-2.512282,0.7048749,2.767296,1.31464,-0.2799966,-3.558043,0.08364522,0.180865,-0.0295057,0.9795002,10.05155,20.7827,358.397,0.3505665,-0.07460782,-0.9335611,0,0,0,1.715014,-0.4162365,-2.600407,0.03320485,0.04785837,1.045244,0.9328346,-0.02754469,-0.3592506,0.08805865,0.9842658,0.1531879,0.3493785,-0.1745341,0.9205827,moving,26.77582,-7.289368,1.819536,2.62156,24.747644388436512,3.8002253881784833
05/11/2023 12:33:37.363171,2193,True,True,True,True,Eyes,1.332108,-0.2835677,-3.555558,0.4427312,-0.1133508,0.8894609,0.0,0.0,0.0,0.0,0.0,0.0,0.0,-2.482663,0.7023598,2.794024,1.313834,-0.2797583,-3.557959,0.08247829,0.175963,-0.02885166,0.9805112,9.89804,20.20927,358.3973,0.3505057,-0.07459675,-0.9335847,0,0,0,1.710555,-0.4161917,-2.600547,0.04032382,0.04474346,1.043557,0.9364092,-0.02755248,-0.3498267,0.085605,0.9847298,0.1515881,0.3403082,-0.1718954,0.9244686,moving,26.46194,-7.262492,2.212851,2.455106,24.43249064152674,3.825308422408841
05/11/2023 12:33:37.383488,2194,True,True,True,True,Eyes,1.331626,-0.2834601,-3.555391,0.4377152,-0.1131595,0.8919643,0.0,0.0,0.0,0.0,0.0,0.0,0.0,-2.453436,0.700919,2.819784,1.31315,-0.2796088,-3.557987,0.08145044,0.1711521,-0.02813408,0.981469,9.75948,19.6482,358.4101,0.3504417,-0.07458472,-0.9336097,0,0,0,1.705989,-0.4161458,-2.60069,0.04693326,0.0419737,1.041834,0.9398309,-0.02734463,-0.340544,0.08310627,0.9851486,0.1502518,0.3313778,-0.1695126,0.9281456,moving,26.13865,-7.230234,2.579357,2.307101,24.108039532483346,3.8557707584727865
05/11/2023 12:33:37.395142,2195,True,True,True,True,Eyes,1.331132,-0.28335,-3.555229,0.4327784,-0.1131126,0.894376,0.0,0.0,0.0,0.0,0.0,0.0,0.0,-2.424388,0.7002866,2.844459,1.312375,-0.279412,-3.557894,0.08053704,0.1664433,-0.02734171,0.9823762,9.633022,19.10072,358.4359,0.3503745,-0.07457171,-0.933636,0,0,0,1.701434,-0.4161,-2.600833,0.05340618,0.0393502,1.040007,0.9430981,-0.02690999,-0.3314239,0.08052939,0.9855324,0.1491337,0.3226158,-0.167337,0.9316208,moving,25.82181,-7.207986,2.939656,2.166836,23.789752891211783,3.8761544254437297
05/11/2023 12:33:37.413255,2196,True,True,True,True,Eyes,1.330624,-0.283237,-3.55508,0.4277039,-0.1130094,0.8968269,0.0,0.0,0.0,0.0,0.0,0.0,0.0,-2.395652,0.7010459,2.868107,1.311534,-0.2792402,-3.557886,0.07976973,0.161852,-0.02639929,0.9832313,9.521039,18.56927,358.484,0.3503041,-0.07455777,-0.9336634,0,0,0,1.696916,-0.4160545,-2.600975,0.0596315,0.03700285,1.038263,0.946214,-0.02609144,-0.3224876,0.07773499,0.9858797,0.1483186,0.3140642,-0.1654097,0.9348814,moving,25.49685,-7.182005,3.287108,2.041111,23.46341341550884,3.900258598605835
05/11/2023 12:33:37.433145,2197,True,True,True,True,Eyes,1.33011,-0.2831193,-3.554938,0.4227998,-0.1129993,0.8991504,0.0,0.0,0.0,0.0,0.0,0.0,0.0,-2.367658,0.7024966,2.890841,1.310758,-0.2790735,-3.558131,0.0791953,0.1573762,-0.02557325,0.9840259,9.433903,18.05108,358.5244,0.3502304,-0.07454288,-0.9336922,0,0,0,1.69233,-0.4160084,-2.601119,0.06536472,0.03513489,1.036684,0.9491575,-0.02540257,-0.3137751,0.07525639,0.9861482,0.1478112,0.3056739,-0.1639097,0.9379216,moving,25.18392,-7.163002,3.607821,1.941102,23.148956726937804,3.9173871333840555
05/11/2023 12:33:37.443116,2198,True,True,True,True,Eyes,1.329579,-0.2829946,-3.554804,0.4177756,-0.1129136,0.9015065,0.0,0.0,0.0,0.0,0.0,0.0,0.0,-2.341131,0.7044497,2.911606,1.310025,-0.2788333,-3.558186,0.07861293,0.1532182,-0.02450767,0.9847557,9.34269,17.57276,358.5959,0.3501535,-0.07452702,-0.9337223,0,0,0,1.687696,-0.4159618,-2.601264,0.07034817,0.03303142,1.034939,0.9518471,-0.02417828,-0.3056183,0.072358,0.9864388,0.147319,0.2979118,-0.1623391,0.9406884,moving,24.86392,-7.139117,3.8886,1.828049,22.82754229669178,3.9394049938505065
05/11/2023 12:33:37.463069,2199,True,True,True,True,Eyes,1.329044,-0.2828646,-3.554678,0.4129167,-0.1129237,0.9037412,0.0,0.0,0.0,0.0,0.0,0.0,0.0,-2.313811,0.7055411,2.932805,1.309137,-0.2785652,-3.558289,0.07785711,0.1489917,-0.0233502,0.9854921,9.230876,17.08736,358.6751,0.3500733,-0.07451009,-0.9337538,0,0,0,1.683305,-0.4159176,-2.601403,0.07580411,0.03054478,1.033354,0.9545124,-0.02282275,-0.2972963,0.06922301,0.9867861,0.1464971,0.2900244,-0.1604131,0.9434795,moving,24.55552,-7.122275,4.195553,1.693107,22.517575552871747,3.9543786237375205
05/11/2023 12:33:37.473299,2200,True,True,True,True,Eyes,1.328502,-0.2827303,-3.554565,0.4079423,-0.112861,0.9060052,0.0,0.0,0.0,0.0,0.0,0.0,0.0,-2.286248,0.703298,2.954601,1.308345,-0.2783011,-3.558371,0.07682852,0.1446738,-0.02259947,0.9862334,9.095515,16.58762,358.7032,0.34999,-0.07449205,-0.9337865,0,0,0,1.678633,-0.4158706,-2.601549,0.08111781,0.02767445,1.031601,0.9571175,-0.02234655,-0.2888369,0.06680685,0.9871733,0.1450026,0.2818918,-0.1580808,0.9463338,moving,24.24036,-7.100753,4.496084,1.536688,22.200956542705043,3.9740393926715285
05/11/2023 12:33:37.497251,2201,True,True,True,True,Eyes,1.327972,-0.2825975,-3.554466,0.4032372,-0.1129801,0.9080943,0.0,0.0,0.0,0.0,0.0,0.0,0.0,-2.26018,0.7015684,2.974988,1.307697,-0.2780797,-3.558618,0.0760152,0.1405649,-0.02206113,0.9869025,8.988791,16.11116,358.7136,0.3499035,-0.07447288,-0.9338204,0,0,0,1.674212,-0.4158261,-2.601688,0.08602154,0.02541377,1.030037,0.9595096,-0.02217423,-0.2808017,0.06491451,0.98747,0.1438371,0.2740938,-0.1562412,0.9489264,moving,23.9435,-7.091984,4.773867,1.413353,21.902343125841547,3.980926900931986
05/11/2023 12:33:37.513406,2202,True,True,True,True,Eyes,1.327434,-0.2824602,-3.554374,0.398466,-0.1130244,0.9101925,0.0,0.0,0.0,0.0,0.0,0.0,0.0,-2.236004,0.7011623,2.993189,1.307035,-0.27796,-3.558781,0.07544563,0.1367877,-0.02156636,0.9874878,8.911188,15.67373,358.7267,0.3498144,-0.07445271,-0.9338554,0,0,0,1.669652,-0.4157803,-2.601831,0.0900991,0.02374889,1.028376,0.961648,-0.02195296,-0.2734066,0.0632331,0.9876857,0.1431032,0.2668982,-0.1549033,0.9511942,moving,23.64294,-7.078546,5.00707,1.32293,21.600158133184024,3.9925108281457335
05/11/2023 12:33:37.522965,2203,True,True,True,True,Eyes,1.326699,-0.2823222,-3.554236,0.3956707,-0.1132841,0.9113787,0.0,0.0,0.0,0.0,0.0,0.0,0.0,-2.214145,0.699541,3.009597,1.306345,-0.2777312,-3.558904,0.07467391,0.1334329,-0.02094588,0.9880186,8.809412,15.28677,358.7556,0.3497226,-0.07443149,-0.9338914,0,0,0,1.665146,-0.4157349,-2.601973,0.09336516,0.02151158,1.026802,0.9635139,-0.02146193,-0.2667966,0.06131775,0.9879702,0.1419687,0.2605401,-0.1531481,0.9532389,moving,23.46785,-7.085509,5.195511,1.200176,21.423634011362168,3.9843027298793485
05/11/2023 12:33:37.543218,2204,True,True,True,True,Eyes,1.32596,-0.2821834,-3.554111,0.3927575,-0.1134478,0.9126177,0.0,0.0,0.0,0.0,0.0,0.0,0.0,-2.193268,0.6985408,3.024904,1.305632,-0.277531,-3.559035,0.07393739,0.130277,-0.02018533,0.988511,8.710107,14.92448,358.8034,0.3496243,-0.07440954,-0.9339299,0,0,0,1.660698,-0.4156902,-2.602112,0.09625471,0.01931983,1.025291,0.9652409,-0.02064215,-0.2605453,0.0591715,0.9882516,0.1409165,0.2545755,-0.1514352,0.9551224,moving,23.28529,-7.086105,5.363228,1.079512,21.239798338347534,3.98248285740637
05/11/2023 12:33:37.563209,2205,True,True,True,True,Eyes,1.32517,-0.2820446,-3.553983,0.3898591,-0.1135872,0.9138424,0.0,0.0,0.0,0.0,0.0,0.0,0.0,-2.172405,0.6964759,3.040289,1.30485,-0.2773944,-3.559242,0.07300872,0.1271533,-0.01936885,0.9890029,8.588522,14.56641,358.8558,0.3495199,-0.07438689,-0.9339707,0,0,0,1.656092,-0.4156439,-2.602257,0.09895283,0.01679207,1.023831,0.9669138,-0.0197451,-0.2543381,0.05687829,0.9885892,0.139486,0.2486817,-0.1493373,0.9570036,moving,23.10383,-7.085312,5.520467,0.9396365,21.057116011996264,3.982074815320243
05/11/2023 12:33:37.583225,2206,True,True,True,True,Eyes,1.32439,-0.2819049,-3.553863,0.3868906,-0.1136844,0.9150909,0.0,0.0,0.0,0.0,0.0,0.0,0.0,-2.152977,0.6950061,3.054363,1.304234,-0.27727,-3.559435,0.07234891,0.124202,-0.01885272,0.9894363,8.502488,14.22633,358.8798,0.349409,-0.07436364,-0.934014,0,0,0,1.651437,-0.4155971,-2.602403,0.1010889,0.01494795,1.022326,0.9684368,-0.01933538,-0.2485079,0.05527889,0.9888204,0.1384862,0.243052,-0.1478523,0.958679,moving,22.91812,-7.081737,5.647124,0.8376909,20.87024613419255,3.984451473098546
05/11/2023 12:33:37.595849,2207,True,True,True,True,Eyes,1.32352,-0.2817632,-3.553726,0.3841243,-0.1138261,0.916238,0.0,0.0,0.0,0.0,0.0,0.0,0.0,-2.136545,0.694739,3.065818,1.30372,-0.2771175,-3.559529,0.07196561,0.1217131,-0.01844136,0.9897814,8.450188,13.93964,358.9001,0.3492922,-0.07433981,-0.9340596,0,0,0,1.646779,-0.4155502,-2.602549,0.1021762,0.01366446,1.020802,0.9696916,-0.0189875,-0.243593,0.05402414,0.9889618,0.1379713,0.2382844,-0.1469495,0.9600137,moving,22.74542,-7.081686,5.715932,0.7669162,20.69635962268989,3.9833515605496546
05/11/2023 12:33:37.613236,2208,True,True,True,True,Eyes,1.322664,-0.2816285,-3.553603,0.3813281,-0.1139048,0.9173955,0.0,0.0,0.0,0.0,0.0,0.0,0.0,-2.122049,0.6938283,3.076013,1.303204,-0.2769539,-3.559677,0.07140931,0.1195678,-0.01783959,0.990094,8.376076,13.69446,358.9431,0.3491683,-0.07431551,-0.9341078,0,0,0,1.642276,-0.4155049,-2.602691,0.1026688,0.0119573,1.019463,0.9707706,-0.01824922,-0.2393146,0.05240225,0.9891649,0.1371378,0.234219,-0.1456699,0.9612085,moving,22.57089,-7.077681,5.750791,0.6719924,20.52076083625323,3.986237558466188
05/11/2023 12:33:37.623086,2209,True,True,True,True,Eyes,1.321746,-0.2814931,-3.553468,0.3787751,-0.1140773,0.9184312,0.0,0.0,0.0,0.0,0.0,0.0,0.0,-2.108727,0.6942605,3.085086,1.30269,-0.2769927,-3.559881,0.0708695,0.1176621,-0.01690584,0.9903774,8.299841,13.47995,359.0267,0.3490381,-0.07429092,-0.9341583,0,0,0,1.637622,-0.4154581,-2.602837,0.102453,0.01034378,1.018176,0.9717396,-0.01680902,-0.235456,0.05016363,0.9893834,0.1363967,0.2306636,-0.1443535,0.9622663,moving,22.412,-7.080382,5.745992,0.5820552,20.36068863864626,3.9824470222784587
05/11/2023 12:33:37.643228,2210,True,True,True,True,Eyes,1.320842,-0.281359,-3.553349,0.3761925,-0.1142219,0.919474,0.0,0.0,0.0,0.0,0.0,0.0,0.0,-2.097027,0.696077,3.092499,1.302174,-0.2768474,-3.559957,0.07074335,0.1159783,-0.01627739,0.9905956,8.275422,13.28916,359.0829,0.3489009,-0.07426611,-0.9342115,0,0,0,1.633243,-0.415414,-2.602974,0.102087,0.009516567,1.016912,0.9725682,-0.01583923,-0.2320782,0.048658,0.9894609,0.1363804,0.2274721,-0.1439317,0.9630889,moving,22.25138,-7.081306,5.73267,0.5361753,20.198933104709894,3.9804417760294992
05/11/2023 12:33:37.663183,2211,True,True,True,True,Eyes,1.319922,-0.2812274,-3.553231,0.3738312,-0.1144217,0.9204118,0.0,0.0,0.0,0.0,0.0,0.0,0.0,-2.084395,0.6994079,3.100303,1.301643,-0.2767413,-3.560182,0.07067057,0.1141964,-0.01533137,0.9908229,8.253067,13.08964,359.1755,0.3487577,-0.07424109,-0.9342669,0,0,0,1.628866,-0.41537,-2.603112,0.101853,0.00872498,1.015789,0.9734482,-0.0142407,-0.2284637,0.04652199,0.9895412,0.1365424,0.2241298,-0.1435456,0.9639297,moving,22.10485,-7.086416,5.725902,0.4921224,20.051226549429877,3.9742977749051827
05/11/2023 12:33:37.673082,2212,True,True,True,True,Eyes,1.31902,-0.2811004,-3.553122,0.3714602,-0.1145985,0.9213492,0.0,0.0,0.0,0.0,0.0,0.0,0.0,-2.07365,0.7016187,3.106931,1.301147,-0.2766558,-3.560308,0.07046876,0.1127084,-0.01442601,0.9910213,8.217076,12.92384,359.2643,0.3486086,-0.07421598,-0.9343245,0,0,0,1.624269,-0.4153238,-2.603256,0.100796,0.007699937,1.014576,0.9741774,-0.01270812,-0.2254259,0.0444778,0.9896521,0.1364202,0.2213596,-0.1429239,0.964662,moving,21.95781,-7.090105,5.673594,0.4348273,19.90305331851438,3.9695872264547125
05/11/2023 12:33:37.696202,2213,True,True,True,True,Eyes,1.318117,-0.2809771,-3.553019,0.3692267,-0.1149082,0.9222081,0.0,0.0,0.0,0.0,0.0,0.0,0.0,-2.063411,0.7051262,3.112864,1.300712,-0.2766365,-3.560394,0.07046439,0.1112951,-0.01352827,0.991194,8.204056,12.76689,359.3555,0.3484546,-0.07419086,-0.9343839,0,0,0,1.619384,-0.4152746,-2.60341,0.09924029,0.007131159,1.013258,0.9748608,-0.01113359,-0.2225364,0.04250294,0.9897035,0.1366765,0.2187234,-0.142699,0.9652963,moving,21.8198,-7.102515,5.593807,0.4032323,19.76368478878166,3.956118591604043
05/11/2023 12:33:37.713355,2214,True,True,True,True,Eyes,1.317238,-0.2808563,-3.552923,0.3670171,-0.1152011,0.9230531,0.0,0.0,0.0,0.0,0.0,0.0,0.0,-2.054374,0.7099596,3.117741,1.300315,-0.2765747,-3.560546,0.07070612,0.110058,-0.01268973,0.991326,8.220254,12.63026,359.4445,0.348296,-0.07416583,-0.9344449,0,0,0,1.615317,-0.4152337,-2.603537,0.09805745,0.007085621,1.012251,0.9754524,-0.009595775,-0.2200012,0.04072287,0.9896792,0.1373924,0.2164122,-0.1429788,0.9657758,moving,21.68337,-7.113981,5.533015,0.401056,19.62593824188071,3.9436150229957265
05/11/2023 12:33:37.733156,2215,True,True,True,True,Eyes,1.316351,-0.2807335,-3.552826,0.3649704,-0.1155696,0.9238183,0.0,0.0,0.0,0.0,0.0,0.0,0.0,-2.047642,0.7137103,3.121269,1.300013,-0.2765031,-3.560625,0.07082317,0.1091687,-0.01188125,0.9914259,8.222981,12.53368,359.5313,0.3481338,-0.0741409,-0.9345073,0,0,0,1.610614,-0.4151864,-2.603685,0.09547742,0.006769836,1.011078,0.9758821,-0.008095422,-0.2181482,0.03902209,0.9896858,0.1378377,0.2147823,-0.1430259,0.9661325,moving,21.55735,-7.130653,5.39452,0.3836275,19.498501737803068,3.9259167835884847
05/11/2023 12:33:37.743083,2216,True,True,True,True,Eyes,1.315488,-0.2806171,-3.552729,0.3629668,-0.1159133,0.9245644,0.0,0.0,0.0,0.0,0.0,0.0,0.0,-2.042259,0.7162485,3.124124,1.299713,-0.2763166,-3.560671,0.0707908,0.108492,-0.01107864,0.9915116,8.208961,12.46156,359.6174,0.3479683,-0.07411602,-0.9345708,0,0,0,1.60607,-0.4151407,-2.603827,0.09262948,0.006059095,1.00998,0.9762136,-0.00660874,-0.2167106,0.03732967,0.9897318,0.1379759,0.2135736,-0.1427837,0.9664363,moving,21.43405,-7.145931,5.240174,0.343726,19.373849890931858,3.909646231739682
05/11/2023 12:33:37.762809,2217,True,True,True,True,Eyes,1.314628,-0.2805118,-3.552637,0.3610693,-0.1163412,0.9252533,0.0,0.0,0.0,0.0,0.0,0.0,0.0,-2.03748,0.7203311,3.126099,1.299436,-0.2763382,-3.56059,0.07087692,0.107941,-0.01009291,0.9915761,8.20635,12.4057,359.7271,0.3478001,-0.07409134,-0.9346353,0,0,0,1.601161,-0.4150913,-2.603982,0.08914374,0.005701423,1.008667,0.9764938,-0.004714743,-0.2154941,0.03531683,0.9897492,0.1383809,0.2126326,-0.1427386,0.9666504,moving,21.31763,-7.166753,5.050549,0.323857,19.255942660370643,3.887815701898088
05/11/2023 12:33:37.773243,2218,True,True,True,True,Eyes,1.313792,-0.2804067,-3.552553,0.3591942,-0.1167814,0.9259275,0.0,0.0,0.0,0.0,0.0,0.0,0.0,-2.031243,0.7254713,3.128943,1.299047,-0.276473,-3.560699,0.07093878,0.1072217,-0.008798195,0.9916621,8.197243,12.33278,359.8705,0.3476298,-0.07406712,-0.9347006,0,0,0,1.596887,-0.4150483,-2.604116,0.08663861,0.005350128,1.007685,0.9768522,-0.00223732,-0.2139037,0.03266203,0.9897806,0.1388079,0.2114071,-0.1425813,0.9669424,moving,21.20272,-7.188399,4.914087,0.3041992,19.139528661421423,3.8651620472223227
05/11/2023 12:33:37.796308,2219,True,True,True,True,Eyes,1.312985,-0.2803105,-3.552475,0.3572527,-0.1172815,0.9266151,0.0,0.0,0.0,0.0,0.0,0.0,0.0,-2.025432,0.7321697,3.131148,1.298811,-0.2763511,-3.560795,0.07149789,0.1064834,-0.007947831,0.9917088,8.250588,12.25491,359.9689,0.3474578,-0.07404329,-0.9347664,0,0,0,1.592739,-0.4150066,-2.604246,0.08418836,0.005917817,1.006718,0.9771962,-0.0005371929,-0.2123376,0.03099054,0.9896498,0.1401175,0.2100646,-0.1435028,0.9670987,moving,21.08394,-7.21356,4.780326,0.3367995,19.019102189395852,3.838928374808713
05/11/2023 12:33:37.813125,2220,True,True,True,True,Eyes,1.312202,-0.2802251,-3.552406,0.3553248,-0.1177819,0.9272927,0.0,0.0,0.0,0.0,0.0,0.0,0.0,-2.019668,0.7369218,3.133647,1.298526,-0.2764406,-3.560796,0.07174975,0.1057584,-0.007121676,0.9917744,8.269272,12.17793,0.0607977,0.3472852,-0.07402001,-0.9348323,0,0,0,1.588064,-0.4149596,-2.604393,0.08127753,0.006079286,1.005526,0.9775289,0.001050088,-0.2107989,0.02930247,0.9896025,0.1408128,0.208755,-0.1438255,0.9673343,moving,20.96609,-7.238775,4.621219,0.3463989,18.89961033613036,3.8126463007525517
05/11/2023 12:33:37.823006,2221,True,True,True,True,Eyes,1.311436,-0.2801464,-3.552342,0.3533824,-0.11838,0.9279585,0.0,0.0,0.0,0.0,0.0,0.0,0.0,-2.013238,0.7421511,3.136628,1.298304,-0.2766017,-3.560934,0.07214303,0.1048902,-0.006471551,0.9918424,8.306396,12.08317,0.1329847,0.3471122,-0.07399746,-0.9348983,0,0,0,1.583474,-0.4149134,-2.604537,0.07866377,0.006686971,1.004447,0.9779124,0.002296672,-0.2090028,0.02797171,0.989507,0.1417515,0.2071353,-0.1444667,0.9675869,moving,20.84769,-7.269977,4.478005,0.3814332,18.77936737970993,3.7803067667511137
05/11/2023 12:33:37.843067,2222,True,True,True,True,Eyes,1.310692,-0.2800692,-3.552275,0.3514511,-0.1190121,0.9286109,0.0,0.0,0.0,0.0,0.0,0.0,0.0,-2.00772,0.7504504,3.138139,1.297986,-0.2766483,-3.561001,0.07326193,0.1041127,-0.006308635,0.9918435,8.432396,11.99636,0.1587431,0.3469394,-0.07397574,-0.9349641,0,0,0,1.578828,-0.4148667,-2.604683,0.0759628,0.008799419,1.003331,0.9782415,0.002740635,-0.2074513,0.02776935,0.9891858,0.1440151,0.2056026,-0.1466423,0.9675865,moving,20.73014,-7.303297,4.329639,0.502483,18.659910466482778,3.7458312710886466
05/11/2023 12:33:37.863202,2223,True,True,True,True,Eyes,1.309942,-0.2799945,-3.552207,0.3494003,-0.119702,0.9292959,0.0,0.0,0.0,0.0,0.0,0.0,0.0,-2.001328,0.7574506,3.14025,1.297778,-0.2765883,-3.560827,0.07408329,0.1032266,-0.00590498,0.9918776,8.521598,11.89844,0.2074496,0.3467672,-0.07395479,-0.9350296,0,0,0,1.574356,-0.4148217,-2.604823,0.07356672,0.0100953,1.002014,0.9786188,0.003580696,-0.2056512,0.02700876,0.9889536,0.145744,0.2039014,-0.1481822,0.9677119,moving,20.60545,-7.339814,4.199056,0.5772358,18.53315906289002,3.7080755025879224
05/11/2023 12:33:37.873932,2224,True,True,True,True,Eyes,1.309209,-0.279929,-3.552144,0.3473552,-0.1203952,0.9299728,0.0,0.0,0.0,0.0,0.0,0.0,0.0,-1.994048,0.7626708,3.143568,1.297497,-0.2765279,-3.560891,0.07458626,0.1022173,-0.005417665,0.9919472,8.573547,11.78634,0.260742,0.3465955,-0.07393461,-0.9350948,0,0,0,1.569773,-0.4147756,-2.604967,0.07132632,0.01076716,1.000916,0.9790446,0.004499937,-0.2035965,0.02599609,0.9888151,0.1468637,0.2019802,-0.1490788,0.967977,moving,20.48122,-7.37654,4.076066,0.6163244,18.406863935934297,3.670111469480527
05/11/2023 12:33:37.896481,2225,True,True,True,True,Eyes,1.308491,-0.2798689,-3.55208,0.3451642,-0.1211277,0.9306931,0.0,0.0,0.0,0.0,0.0,0.0,0.0,-1.986615,0.7681621,3.146864,1.297227,-0.2766694,-3.560915,0.07508221,0.1011919,-0.004892242,0.9920177,8.624368,11.67274,0.3180976,0.3464245,-0.07391533,-0.9351596,0,0,0,1.565119,-0.4147288,-2.605114,0.06903735,0.01161012,0.9997411,0.9794725,0.005489048,-0.201503,0.0249018,0.9886774,0.1479756,0.2000337,-0.1499559,0.9682457,moving,20.3482,-7.415244,3.950301,0.6653532,18.27165314216846,3.6300887616566264
05/11/2023 12:33:37.913077,2226,True,True,True,True,Eyes,1.307792,-0.2798189,-3.552024,0.3429645,-0.1218752,0.9314085,0.0,0.0,0.0,0.0,0.0,0.0,0.0,-1.978698,0.7731284,3.15049,1.296984,-0.2766988,-3.560875,0.07551894,0.1000893,-0.004374006,0.9920987,8.668658,11.55003,0.3731572,0.3462545,-0.073897,-0.935224,0,0,0,1.56069,-0.4146842,-2.605253,0.0671097,0.01222689,0.9985696,0.979926,0.006438378,-0.1992575,0.02379616,0.9885556,0.1489689,0.1979362,-0.1507201,0.9685581,moving,20.21478,-7.45482,3.844829,0.7015179,18.136010857053286,3.589181658523618
05/11/2023 12:33:37.923168,2227,True,True,True,True,Eyes,1.307114,-0.2797748,-3.551971,0.3403869,-0.1226674,0.9322497,0.0,0.0,0.0,0.0,0.0,0.0,0.0,-1.969563,0.7800193,3.154546,1.296798,-0.2768746,-3.560958,0.07618505,0.09879939,-0.003799697,0.9921795,8.738749,11.4066,0.4355874,0.3460858,-0.07387977,-0.9352878,0,0,0,1.555763,-0.4146347,-2.605407,0.06497458,0.01343542,0.9973547,0.9804485,0.007514106,-0.1966324,0.02259403,0.9883628,0.1504277,0.1954745,-0.1519293,0.968869,moving,20.05836,-7.496037,3.727376,0.7717881,17.97715624580318,3.5464618948229907
05/11/2023 12:33:37.943498,2228,True,True,True,True,Eyes,1.306454,-0.2797354,-3.551921,0.3377953,-0.1234834,0.9330842,0.0,0.0,0.0,0.0,0.0,0.0,0.0,-1.959717,0.7885678,3.158448,1.296536,-0.2769359,-3.560958,0.07715538,0.0974061,-0.003308933,0.992244,8.844804,11.2512,0.4908094,0.3459187,-0.07386366,-0.9353508,0,0,0,1.551615,-0.414593,-2.605537,0.06389514,0.01516625,0.9962581,0.9810022,0.008464272,-0.1938118,0.02159735,0.9880722,0.1524693,0.1927906,-0.1537586,0.9691182,moving,19.90128,-7.538658,3.669646,0.8721587,17.81759082076249,3.502318067101797
05/11/2023 12:33:37.963310,2229,True,True,True,True,Eyes,1.305848,-0.2797004,-3.551884,0.3348262,-0.1242737,0.934049,0.0,0.0,0.0,0.0,0.0,0.0,0.0,-1.948927,0.7959567,3.163221,1.296364,-0.2769884,-3.560976,0.07794006,0.09585606,-0.002802141,0.9923352,8.929703,11.07739,0.5440787,0.3457535,-0.07384866,-0.9354131,0,0,0,1.547075,-0.4145473,-2.60568,0.06265397,0.0165119,0.9950728,0.9816075,0.009380729,-0.1906795,0.02050338,0.987835,0.1541481,0.1898059,-0.1552226,0.9694739,moving,19.72111,-7.5786,3.602828,0.9506595,17.63486482861859,3.4607291739795976
05/11/2023 12:33:37.983171,2230,True,True,True,True,Eyes,1.305258,-0.2796678,-3.551849,0.3318353,-0.1250846,0.9350076,0.0,0.0,0.0,0.0,0.0,0.0,0.0,-1.936691,0.8024368,3.169001,1.296078,-0.2770506,-3.560993,0.07863481,0.09408264,-0.002410226,0.9924512,9.005886,10.87646,0.5808314,0.345591,-0.07383471,-0.9354743,0,0,0,1.542343,-0.4144997,-2.605829,0.06179182,0.0177255,0.9938539,0.9822853,0.01001228,-0.1871239,0.0195804,0.9876215,0.1556289,0.1863658,-0.1565359,0.9699301,moving,19.53984,-7.619742,3.557725,1.021768,17.45099171885932,3.4179195590124634
05/11/2023 12:33:37.997152,2231,True,True,True,True,Eyes,1.304727,-0.2796357,-3.551822,0.3285516,-0.1258651,0.9360619,0.0,0.0,0.0,0.0,0.0,0.0,0.0,-1.924224,0.808666,3.174944,1.295914,-0.277058,-3.560997,0.07933274,0.09224752,-0.002087862,0.9925686,9.083377,10.66778,0.6087818,0.3454314,-0.07382176,-0.9355342,0,0,0,1.538059,-0.4144566,-2.605963,0.06137423,0.01891671,0.992712,0.9829721,0.0104918,-0.1834552,0.01878119,0.9874039,0.1571012,0.1827927,-0.1578716,0.9703934,moving,19.34074,-7.658191,3.537798,1.091673,17.249254692705996,3.3777141060126823
05/11/2023 12:33:38.014034,2232,True,True,True,True,Eyes,1.304202,-0.2796188,-3.551809,0.3252562,-0.1266327,0.9371086,0.0,0.0,0.0,0.0,0.0,0.0,0.0,-1.912204,0.8141875,3.18062,1.295707,-0.2770377,-3.560921,0.08000831,0.09046695,-0.001920953,0.9926786,9.160037,10.46401,0.6188158,0.3452757,-0.07380967,-0.9355927,0,0,0,1.53334,-0.4144091,-2.606111,0.06049003,0.02006964,0.9914339,0.9836241,0.01066244,-0.1799166,0.01828999,0.9871899,0.1584975,0.1793018,-0.1591926,0.9708288,moving,19.14111,-7.695835,3.491441,1.159683,17.047010551232887,3.338319100051483
05/11/2023 12:33:38.033423,2233,True,True,True,True,Eyes,1.303733,-0.2796085,-3.551805,0.3217235,-0.1273764,0.9382266,0.0,0.0,0.0,0.0,0.0,0.0,0.0,-1.899482,0.817806,3.187537,1.295374,-0.2773798,-3.561221,0.0802684,0.08860943,-0.001616049,0.9928256,9.187826,10.25162,0.6393961,0.3451234,-0.07379872,-0.9356498,0,0,0,1.528897,-0.4143644,-2.606251,0.06007321,0.02078706,0.9905682,0.9842916,0.01101616,-0.1762069,0.01743398,0.9871088,0.1590986,0.175688,-0.1596714,0.9714107,moving,18.92715,-7.731376,3.470464,1.202175,16.830407128520875,3.3009550101733813
05/11/2023 12:33:38.043067,2234,True,True,True,True,Eyes,1.303267,-0.2796052,-3.551802,0.3181801,-0.1281328,0.9393314,0.0,0.0,0.0,0.0,0.0,0.0,0.0,-1.886447,0.8233004,3.193723,1.295096,-0.2775355,-3.561189,0.08074671,0.08674653,-0.001105917,0.9929521,9.238653,10.04103,0.6857319,0.3449755,-0.07378891,-0.9357051,0,0,0,1.52436,-0.4143188,-2.606393,0.05954354,0.02163932,0.9893906,0.9849477,0.01181275,-0.1724489,0.01620524,0.9869575,0.1601633,0.1720917,-0.1605471,0.97191,moving,18.7128,-7.76769,3.444022,1.252937,16.613385546095152,3.2628066961357556
05/11/2023 12:33:38.063599,2235,True,True,True,True,Eyes,1.302858,-0.2796072,-3.551811,0.3144774,-0.1288234,0.9404832,0.0,0.0,0.0,0.0,0.0,0.0,0.0,-1.8726,0.8294038,3.200144,1.29472,-0.2776853,-3.561187,0.08133212,0.08477236,-0.0006363297,0.9930751,9.302433,9.817449,0.7272468,0.3448316,-0.07378031,-0.9357589,0,0,0,1.519794,-0.4142729,-2.606537,0.05929448,0.02271676,0.9882507,0.9856265,0.01252559,-0.1684742,0.01505328,0.9867693,0.1614299,0.1682671,-0.1616457,0.9723975,moving,18.48883,-7.799595,3.433598,1.316817,16.386823088653934,3.229052428665356
05/11/2023 12:33:38.083345,2236,True,True,True,True,Eyes,1.302455,-0.2796114,-3.551815,0.310757,-0.1295452,0.94162,0.0,0.0,0.0,0.0,0.0,0.0,0.0,-1.856622,0.835024,3.207922,1.294451,-0.2778323,-3.561219,0.08172553,0.08249821,6.678558e-05,0.9932346,9.342411,9.560804,0.7907147,0.3446925,-0.07377288,-0.9358107,0,0,0,1.515401,-0.4142287,-2.606674,0.05966507,0.02335203,0.9871541,0.9863881,0.01361709,-0.1638692,0.01335175,0.9866418,0.1623563,0.1638911,-0.1623342,0.9730299,moving,18.26412,-7.833404,3.458835,1.355131,16.15945278805156,3.19336798561919
05/11/2023 12:33:38.097354,2237,True,True,True,True,Eyes,1.302117,-0.2796168,-3.551828,0.3069255,-0.1302506,0.9427786,0.0,0.0,0.0,0.0,0.0,0.0,0.0,-1.841994,0.8415399,3.214443,1.294213,-0.2778764,-3.56112,0.08248204,0.08036408,0.0003351332,0.993347,9.428269,9.317263,0.8086792,0.344558,-0.07376657,-0.9358609,0,0,0,1.510689,-0.4141813,-2.606822,0.05947275,0.02470444,0.985889,0.987083,0.01392299,-0.1596035,0.01259138,0.9863932,0.1639204,0.1597141,-0.1638127,0.9734766,moving,18.03287,-7.865964,3.452127,1.435419,15.92553865607932,3.158902871188049
05/11/2023 12:33:38.113368,2238,True,True,True,True,Eyes,1.301784,-0.2796183,-3.551836,0.3030825,-0.1309539,0.9439238,0.0,0.0,0.0,0.0,0.0,0.0,0.0,-1.827217,0.8473768,3.221185,1.293993,-0.2779327,-3.561059,0.08312078,0.07821207,0.0006336018,0.9934654,9.500495,9.071672,0.8284879,0.3444289,-0.07376124,-0.9359089,0,0,0,1.506002,-0.4141341,-2.60697,0.05930617,0.02583769,0.9846826,0.987765,0.01426102,-0.1552966,0.01174317,0.9861811,0.1652543,0.1555073,-0.1650561,0.9739476,moving,17.8012,-7.89843,3.446688,1.503074,15.691204732512345,3.12453000508933
05/11/2023 12:33:38.132781,2239,True,True,True,True,Eyes,1.301477,-0.279619,-3.551847,0.2992036,-0.1316065,0.9450698,0.0,0.0,0.0,0.0,0.0,0.0,0.0,-1.812474,0.8515965,3.228182,1.293804,-0.2778319,-3.560943,0.08348396,0.07608539,0.001065365,0.9935998,9.540059,8.829672,0.8611169,0.3443049,-0.07375668,-0.9359549,0,0,0,1.501508,-0.4140889,-2.607111,0.05923256,0.02623613,0.9835171,0.9884197,0.01482091,-0.1510189,0.01058673,0.9860586,0.1660614,0.1513747,-0.1657372,0.9744829,moving,17.56749,-7.927792,3.44649,1.52805,15.454919074954391,3.0932821664153654
05/11/2023 12:33:38.143202,2240,True,True,True,True,Eyes,1.30117,-0.2796248,-3.551852,0.2952983,-0.1322456,0.9462082,0.0,0.0,0.0,0.0,0.0,0.0,0.0,-1.796184,0.8555605,3.236076,1.293492,-0.2778347,-3.560918,0.08374994,0.07375856,0.001575743,0.9937521,9.568167,8.564994,0.899857,0.344186,-0.07375278,-0.9359989,0,0,0,1.497194,-0.4140455,-2.607246,0.05982284,0.0265428,0.9824734,0.9891144,0.01548635,-0.1463315,0.009222753,0.9859669,0.1666858,0.1468594,-0.1662209,0.9750912,moving,17.33241,-7.956332,3.48444,1.547544,15.217281083081842,3.0628563637164197
05/11/2023 12:33:38.163352,2241,True,True,True,True,Eyes,1.300884,-0.2796358,-3.551857,0.2914243,-0.1327965,0.9473315,0.0,0.0,0.0,0.0,0.0,0.0,0.0,-1.779628,0.85942,3.243946,1.293231,-0.2779556,-3.56078,0.08395127,0.07140564,0.002165872,0.9939058,9.588451,8.297954,0.9468789,0.3440719,-0.07374962,-0.9360412,0,0,0,1.492554,-0.4139989,-2.607392,0.06009349,0.02680287,0.9812528,0.9897931,0.01629454,-0.1415773,0.007683842,0.985895,0.1671886,0.1423046,-0.16657,0.9757069,moving,17.09929,-7.979699,3.504508,1.564642,14.981787067546028,3.037674340939172
05/11/2023 12:33:38.183178,2242,True,True,True,True,Eyes,1.300596,-0.2796464,-3.551862,0.2875288,-0.1333622,0.9484417,0.0,0.0,0.0,0.0,0.0,0.0,0.0,-1.762968,0.8650087,3.25139,1.292975,-0.2781098,-3.560716,0.08442341,0.06903749,0.002714363,0.9940317,9.640423,8.029434,0.9911151,0.3439624,-0.07374724,-0.9360816,0,0,0,1.488009,-0.4139532,-2.607535,0.06046741,0.02765447,0.9801155,0.9904529,0.01705308,-0.1367926,0.006260434,0.9857306,0.1682139,0.1377092,-0.1674643,0.976213,moving,16.86516,-8.003993,3.530341,1.616201,14.74524555111717,3.011548242065879
05/11/2023 12:33:38.197782,2243,True,True,True,True,Eyes,1.300337,-0.2796598,-3.551866,0.2836317,-0.133853,0.9495454,0.0,0.0,0.0,0.0,0.0,0.0,0.0,-1.746796,0.8706244,3.258462,1.292669,-0.2781021,-3.560692,0.08492555,0.0667563,0.00326753,0.9941432,9.695971,7.771178,1.036759,0.3438572,-0.07374556,-0.9361204,0,0,0,1.483595,-0.4139087,-2.607673,0.06083211,0.02841863,0.9790976,0.9910658,0.01783542,-0.1321757,0.004841845,0.985554,0.1692926,0.1332856,-0.16842,0.9766625,moving,16.63103,-8.023852,3.555262,1.662562,14.508850203090033,2.9899066214116594
05/11/2023 12:33:38.213182,2244,True,True,True,True,Eyes,1.300076,-0.2796735,-3.551868,0.2797292,-0.1343363,0.9506342,0.0,0.0,0.0,0.0,0.0,0.0,0.0,-1.731005,0.8751093,3.265472,1.292412,-0.2782073,-3.560587,0.08528512,0.06451618,0.003742018,0.9942586,9.735965,7.516624,1.072362,0.3437564,-0.07374457,-0.9361575,0,0,0,1.478894,-0.4138615,-2.607821,0.06079912,0.02902813,0.9779581,0.9916473,0.01844561,-0.1276533,0.003563473,0.9854249,0.1700738,0.1289298,-0.1691081,0.9771282,moving,16.3968,-8.04334,3.557469,1.700176,14.272366394443965,2.9686394729946564
05/11/2023 12:33:38.232916,2245,True,True,True,True,Eyes,1.299821,-0.2796846,-3.551866,0.2759063,-0.1347425,0.9516934,0.0,0.0,0.0,0.0,0.0,0.0,0.0,-1.716573,0.877646,3.272268,1.292148,-0.2782271,-3.560557,0.08544586,0.06245282,0.004058411,0.9943752,9.754308,7.280597,1.089762,0.3436596,-0.07374421,-0.9361932,0,0,0,1.4744,-0.4138162,-2.607962,0.0606283,0.02922727,0.9769896,0.9921663,0.01874384,-0.1235095,0.002601502,0.9853651,0.1704374,0.1248966,-0.1694236,0.9775973,moving,16.16745,-8.058484,3.551007,1.713529,14.040939329890554,2.951797325093519
05/11/2023 12:33:38.243569,2246,True,True,True,True,Eyes,1.299565,-0.2796965,-3.55186,0.2720904,-0.1351334,0.9527359,0.0,0.0,0.0,0.0,0.0,0.0,0.0,-1.702476,0.8801615,3.278702,1.291914,-0.2781905,-3.560416,0.08564583,0.0604303,0.004310512,0.994482,9.777674,7.048794,1.100353,0.3435666,-0.07374435,-0.9362273,0,0,0,1.469919,-0.4137712,-2.608103,0.06037392,0.02944927,0.9759389,0.9926592,0.01892466,-0.1194553,0.001777751,0.9852924,0.1708675,0.1209321,-0.1698255,0.978026,moving,15.93874,-8.072823,3.539944,1.728394,13.81018319972818,2.9357734252348937
05/11/2023 12:33:38.263184,2247,True,True,True,True,Eyes,1.299329,-0.2797095,-3.55185,0.2683314,-0.1354553,0.9537557,0.0,0.0,0.0,0.0,0.0,0.0,0.0,-1.689369,0.8816675,3.284871,1.291651,-0.2782208,-3.560324,0.08566733,0.0585702,0.004620051,0.99459,9.78006,6.836013,1.117839,0.3434769,-0.07374497,-0.9362602,0,0,0,1.465244,-0.4137242,-2.608249,0.05961921,0.02939428,0.9749479,0.9930964,0.01922522,-0.1157151,0.000844992,0.9852795,0.1709489,0.1172982,-0.1698665,0.9784613,moving,15.71351,-8.083264,3.499347,1.726921,13.583059482290869,2.9237142156448375
05/11/2023 12:33:38.282955,2248,True,True,True,True,Eyes,1.29908,-0.2797306,-3.55184,0.2645796,-0.1357837,0.9547567,0.0,0.0,0.0,0.0,0.0,0.0,0.0,-1.677096,0.8830749,3.290519,1.291394,-0.2782872,-3.560175,0.08561489,0.05686217,0.005071834,0.9946914,9.772935,6.642134,1.15277,0.3433908,-0.07374604,-0.9362918,0,0,0,1.460845,-0.4136799,-2.608387,0.05882205,0.02919742,0.9739771,0.9934819,0.01982632,-0.1122522,-0.0003533236,0.9852887,0.1708976,0.1139891,-0.169744,0.9788736,moving,15.48897,-8.094218,3.456104,1.717072,13.356613604702888,2.9111408834616377
05/11/2023 12:33:38.298734,2249,True,True,True,True,Eyes,1.298821,-0.2797545,-3.551826,0.2608501,-0.1360423,0.9557456,0.0,0.0,0.0,0.0,0.0,0.0,0.0,-1.663575,0.887159,3.296078,1.290891,-0.2785012,-3.560154,0.0858955,0.05502521,0.00560293,0.9947678,9.803841,6.434875,1.197876,0.3433076,-0.07374774,-0.9363223,0,0,0,1.456372,-0.4136349,-2.608528,0.05842227,0.02980058,0.9731067,0.9938817,0.02060006,-0.1085121,-0.001694393,0.9851812,0.1715087,0.1104371,-0.1702756,0.9791884,moving,15.26585,-8.101148,3.435735,1.754087,13.131730119543542,2.902645912140681
05/11/2023 12:33:38.313219,2250,True,True,True,True,Eyes,1.298549,-0.2797853,-3.551817,0.2571074,-0.1363116,0.9567209,0.0,0.0,0.0,0.0,0.0,0.0,0.0,-1.649542,0.8913338,3.301757,1.290524,-0.2785948,-3.560055,0.08621605,0.05309395,0.006115537,0.994842,9.839761,6.216615,1.24006,0.3432267,-0.07375009,-0.9363518,0,0,0,1.451687,-0.4135878,-2.608675,0.05786322,0.03035846,0.9721372,0.9942873,0.02132308,-0.1045856,-0.003012886,0.9850588,0.1721921,0.1066947,-0.1708933,0.9794956,moving,15.04217,-8.108809,3.406321,1.788685,12.906258689287267,2.8934080517458654
05/11/2023 12:33:38.333025,2251,True,True,True,True,Eyes,1.298263,-0.2798136,-3.551802,0.2533516,-0.1365495,0.9576885,0.0,0.0,0.0,0.0,0.0,0.0,0.0,-1.634336,0.8953918,3.308157,1.29,-0.2787887,-3.560177,0.08650494,0.05100914,0.006609198,0.9949227,9.872556,5.980306,1.278186,0.3431477,-0.07375322,-0.9363805,0,0,0,1.447186,-0.4135425,-2.608816,0.05791734,0.03099534,0.9714106,0.9947088,0.02197636,-0.1003568,-0.004326198,0.9849464,0.1728057,0.1026438,-0.1714572,0.9798299,moving,14.81786,-8.114672,3.412044,1.827548,12.680212182922233,2.8859840498494584
05/11/2023 12:33:38.342950,2252,True,True,True,True,Eyes,1.297967,-0.279845,-3.551784,0.2495914,-0.1367844,0.9586418,0.0,0.0,0.0,0.0,0.0,0.0,0.0,-1.619976,0.8992757,3.313902,1.28965,-0.2787555,-3.560065,0.08686715,0.04900879,0.006973065,0.9949893,9.914609,5.752695,1.302458,0.3430701,-0.073757,-0.9364087,0,0,0,1.442596,-0.4134963,-2.608961,0.05757337,0.03154723,0.9704826,0.995099,0.02239076,-0.09631498,-0.005361744,0.9848109,0.1735472,0.0987379,-0.1721803,0.9801045,moving,14.5935,-8.120471,3.395063,1.861844,12.454117441859728,2.8786244285804248
05/11/2023 12:33:38.363601,2253,True,True,True,True,Eyes,1.297669,-0.279878,-3.551763,0.2454895,-0.1369622,0.959675,0.0,0.0,0.0,0.0,0.0,0.0,0.0,-1.605382,0.9020703,3.319945,1.289136,-0.2788596,-3.55997,0.08697722,0.04702951,0.007511849,0.9950713,9.926838,5.528711,1.345555,0.3429934,-0.07376145,-0.9364365,0,0,0,1.438038,-0.4134505,-2.609104,0.05735898,0.03171678,0.9696067,0.9954636,0.02313064,-0.09228869,-0.006768659,0.984757,0.1738036,0.09490213,-0.1723905,0.9804463,moving,14.34884,-8.122251,3.385498,1.873533,12.20771549277907,2.875193293755011
05/11/2023 12:33:38.373280,2254,True,True,True,True,Eyes,1.297359,-0.2799189,-3.55174,0.2413867,-0.1371586,0.9606873,0.0,0.0,0.0,0.0,0.0,0.0,0.0,-1.590009,0.9040551,3.326524,1.28872,-0.2789521,-3.559859,0.08690216,0.04495078,0.008212334,0.9951683,9.917284,5.294404,1.405286,0.3429176,-0.07376655,-0.9364638,0,0,0,1.433521,-0.4134051,-2.609246,0.05725628,0.03148463,0.9687314,0.995824,0.02415795,-0.08803985,-0.00853267,0.9847612,0.1737029,0.09089454,-0.1722263,0.9808549,moving,14.10442,-8.125285,3.382497,1.861508,11.961513865681964,2.8704957691272526
05/11/2023 12:33:38.399201,2255,True,True,True,True,Eyes,1.297052,-0.279958,-3.551715,0.2369842,-0.1372616,0.961768,0.0,0.0,0.0,0.0,0.0,0.0,0.0,-1.574262,0.9089191,3.332439,1.28815,-0.2791777,-3.55982,0.0872545,0.04284069,0.0088575,0.995225,9.957454,5.056943,1.460655,0.3428423,-0.07377248,-0.936491,0,0,0,1.429034,-0.4133599,-2.609386,0.05739927,0.03223979,0.9679064,0.9961724,0.0251065,-0.08372653,-0.01015433,0.9846164,0.1744346,0.08681796,-0.1729168,0.9811026,moving,13.8422,-8.122291,3.393808,1.907748,11.697588443276782,2.871774812774575
05/11/2023 12:33:38.413141,2256,True,True,True,True,Eyes,1.296735,-0.2800059,-3.55169,0.232578,-0.1373835,0.9628257,0.0,0.0,0.0,0.0,0.0,0.0,0.0,-1.557725,0.9126216,3.338907,1.287731,-0.2791889,-3.559704,0.08746266,0.04059753,0.009517406,0.9952948,9.981459,4.803885,1.515483,0.3427677,-0.07377908,-0.9365178,0,0,0,1.424586,-0.4133152,-2.609526,0.05768014,0.03249153,0.9670439,0.9965225,0.02604678,-0.07914819,-0.01184371,0.9845194,0.174875,0.08247785,-0.1733295,0.9814042,moving,13.58009,-8.120597,3.41341,1.924347,11.433730932378245,2.8717400866512435
05/11/2023 12:33:38.422950,2257,True,True,True,True,Eyes,1.296407,-0.280056,-3.551659,0.2279899,-0.1374855,0.9639079,0.0,0.0,0.0,0.0,0.0,0.0,0.0,-1.540614,0.9174155,3.345315,1.28718,-0.2794448,-3.559684,0.0877751,0.03830481,0.01022628,0.9953511,10.0176,4.54586,1.575899,0.3426932,-0.07378653,-0.9365445,0,0,0,1.419966,-0.4132687,-2.609671,0.05800752,0.03319973,0.9662287,0.9968563,0.0270819,-0.07445824,-0.01363306,0.9843819,0.1755175,0.07804869,-0.1739507,0.9816566,moving,13.30741,-8.11754,3.435627,1.967915,11.159275620531705,2.873013090837217
05/11/2023 12:33:38.443508,2258,True,True,True,True,Eyes,1.296071,-0.2801051,-3.551623,0.2233943,-0.1376147,0.9649649,0.0,0.0,0.0,0.0,0.0,0.0,0.0,-1.523016,0.9231313,3.351468,1.286728,-0.2795516,-3.559532,0.0882287,0.03594417,0.01098493,0.995391,10.07018,4.280844,1.641899,0.3426189,-0.07379483,-0.9365711,0,0,0,1.415456,-0.4132234,-2.609813,0.05847525,0.03400549,0.9653134,0.9971747,0.0282112,-0.06961862,-0.01552598,0.98419,0.1764338,0.07349537,-0.1748544,0.9818474,moving,13.03464,-8.116287,3.466538,2.017548,10.884670233378172,2.8724613689691427
05/11/2023 12:33:38.463524,2259,True,True,True,True,Eyes,1.29574,-0.2801569,-3.551586,0.2186935,-0.1377341,0.966024,0.0,0.0,0.0,0.0,0.0,0.0,0.0,-1.505149,0.9278326,3.357905,1.286227,-0.2795712,-3.559401,0.08862405,0.03352121,0.01155763,0.995434,10.11729,4.006597,1.68523,0.3425443,-0.07380388,-0.9365976,0,0,0,1.410994,-0.4131785,-2.609953,0.05916695,0.03465271,0.9644517,0.9974855,0.02895128,-0.06468772,-0.01706814,0.9840245,0.1772136,0.06878486,-0.1756639,0.9820442,moving,12.7559,-8.114448,3.510568,2.05775,10.60407308540383,2.872462379574019
05/11/2023 12:33:38.483538,2260,True,True,True,True,Eyes,1.295398,-0.2802116,-3.551546,0.2139896,-0.1378809,0.967056,0.0,0.0,0.0,0.0,0.0,0.0,0.0,-1.486873,0.9322578,3.364547,1.285762,-0.2797028,-3.559306,0.08895035,0.03104381,0.01216349,0.9954779,10.15671,3.726232,1.731349,0.3424699,-0.07381367,-0.9366241,0,0,0,1.406148,-0.4131297,-2.610105,0.05953693,0.03529012,0.9635806,0.9977767,0.02973968,-0.05964294,-0.01869425,0.9838797,0.1778514,0.06397073,-0.176341,0.9822482,moving,12.47732,-8.114426,3.53565,2.09746,10.323577153693133,2.870627185974042
05/11/2023 12:33:38.498885,2261,True,True,True,True,Eyes,1.295066,-0.2802684,-3.551502,0.2092541,-0.1379844,0.968077,0.0,0.0,0.0,0.0,0.0,0.0,0.0,-1.469012,0.936779,3.370825,1.285195,-0.2798193,-3.559212,0.08934443,0.02862694,0.01265304,0.9955089,10.20449,3.451874,1.764695,0.3423952,-0.07382421,-0.9366506,0,0,0,1.401728,-0.4130853,-2.610244,0.06032351,0.03606057,0.9627779,0.9980408,0.03030774,-0.0547358,-0.02007711,0.9837149,0.1786108,0.05925772,-0.1771619,0.9823961,moving,12.19708,-8.111985,3.58522,2.144994,10.04148952624816,2.8712269113883035
05/11/2023 12:33:38.513261,2262,True,True,True,True,Eyes,1.294724,-0.2803294,-3.551455,0.2045155,-0.1381105,0.9690711,0.0,0.0,0.0,0.0,0.0,0.0,0.0,-1.451636,0.9409338,3.376844,1.284742,-0.2799473,-3.559037,0.08965958,0.0262816,0.0132178,0.995538,10.24306,3.186415,1.807007,0.3423205,-0.07383549,-0.936677,0,0,0,1.397136,-0.4130391,-2.610388,0.06067643,0.03667726,0.9619012,0.9982691,0.03103044,-0.04995847,-0.02160485,0.9835729,0.1792138,0.05469888,-0.1778242,0.9825409,moving,11.917,-8.111085,3.609418,2.183628,9.759512211454407,2.8702695117382966
05/11/2023 12:33:38.532940,2263,True,True,True,True,Eyes,1.294377,-0.2803897,-3.551406,0.1997711,-0.1382408,0.9700418,0.0,0.0,0.0,0.0,0.0,0.0,0.0,-1.43317,0.9458913,3.383047,1.284196,-0.280105,-3.558943,0.09000123,0.02383685,0.01399923,0.9955581,10.28447,2.911762,1.873332,0.3422457,-0.07384756,-0.9367033,0,0,0,1.392631,-0.4129938,-2.610529,0.06137096,0.03735039,0.9611166,0.9984717,0.03216479,-0.04494203,-0.0235834,0.9834076,0.1798703,0.04998183,-0.1785355,0.9826632,moving,11.63684,-8.11062,3.653594,2.225477,9.477440009555275,2.868871725693001
05/11/2023 12:33:38.542963,2264,True,True,True,True,Eyes,1.294019,-0.2804539,-3.551357,0.1950178,-0.1383942,0.9709867,0.0,0.0,0.0,0.0,0.0,0.0,0.0,-1.414768,0.9507156,3.389132,1.283697,-0.2801565,-3.558831,0.09039506,0.02137597,0.01464763,0.9955689,10.33265,2.634007,1.924038,0.3421707,-0.07386033,-0.9367297,0,0,0,1.388328,-0.4129505,-2.610665,0.06225936,0.03803918,0.9603532,0.998657,0.03303001,-0.03991434,-0.02530089,0.9832284,0.1806152,0.04521064,-0.1793628,0.9827436,moving,11.35648,-8.111699,3.709275,2.268275,9.195115544599487,2.865911380805617
05/11/2023 12:33:38.563486,2265,True,True,True,True,Eyes,1.293666,-0.2805208,-3.551306,0.1902913,-0.1385347,0.971904,0.0,0.0,0.0,0.0,0.0,0.0,0.0,-1.395746,0.9554492,3.395426,1.283091,-0.2803078,-3.558794,0.09074114,0.01885566,0.01535064,0.9955777,10.37563,2.349835,1.980105,0.3420952,-0.07387383,-0.9367563,0,0,0,1.383573,-0.4129027,-2.610814,0.0629061,0.0387532,0.9596275,0.9988176,0.03398748,-0.03475868,-0.02714355,0.9830608,0.1812586,0.04033041,-0.1801008,0.982821,moving,11.07793,-8.112264,3.750523,2.312552,8.914630472989083,2.863482838479502
05/11/2023 12:33:38.583209,2266,True,True,True,True,Eyes,1.293301,-0.2805883,-3.551251,0.1855538,-0.1387113,0.9727944,0.0,0.0,0.0,0.0,0.0,0.0,0.0,-1.376528,0.9608074,3.401465,1.282597,-0.2804587,-3.558684,0.09118966,0.01629563,0.016036,0.9955711,10.43086,2.06114,2.033764,0.3420194,-0.07388807,-0.9367828,0,0,0,1.37911,-0.4128577,-2.610954,0.06381153,0.03965227,0.9588494,0.9989546,0.03490195,-0.02952229,-0.02895798,0.9828546,0.1820942,0.03537156,-0.1810489,0.9828378,moving,10.79906,-8.115134,3.807426,2.368061,8.633747231728984,2.8587214472591214
05/11/2023 12:33:38.602989,2267,True,True,True,True,Eyes,1.292937,-0.2806584,-3.551193,0.1808569,-0.1389213,0.9736487,0.0,0.0,0.0,0.0,0.0,0.0,0.0,-1.357322,0.9664234,3.40724,1.281975,-0.2805318,-3.55857,0.0916969,0.01375957,0.01670801,0.9955518,10.49317,1.775247,2.086,0.3419431,-0.073903,-0.9368095,0,0,0,1.374546,-0.4128118,-2.611097,0.06469593,0.04059567,0.9580915,0.9990631,0.03579081,-0.02433258,-0.03074397,0.9826251,0.1830378,0.03046087,-0.1821182,0.9828047,moving,10.52286,-8.12022,3.863081,2.42625,8.355479325557795,2.851737135954684
05/11/2023 12:33:38.622855,2268,True,True,True,True,Eyes,1.29256,-0.2807257,-3.551135,0.1762824,-0.1390946,0.9744625,0.0,0.0,0.0,0.0,0.0,0.0,0.0,-1.337956,0.970612,3.413374,1.281485,-0.2806778,-3.55842,0.09198834,0.0111839,0.01738431,0.9955455,10.53105,1.484286,2.137605,0.3418663,-0.07391862,-0.9368362,0,0,0,1.369686,-0.412763,-2.61125,0.06521925,0.04120778,0.9572907,0.9991454,0.03667131,-0.01906986,-0.03255615,0.9824718,0.183546,0.02546647,-0.1827683,0.9828262,moving,10.25404,-8.123512,3.897481,2.464847,8.084701321004797,2.8466160453965
05/11/2023 12:33:38.622980,2269,True,True,True,True,Eyes,1.292178,-0.280801,-3.551075,0.1716944,-0.1392791,0.975255,0.0,0.0,0.0,0.0,0.0,0.0,0.0,-1.319461,0.9750434,3.41907,1.280965,-0.2806761,-3.558382,0.09237546,0.008725476,0.01796392,0.995524,10.58013,1.206139,2.179228,0.341789,-0.0739348,-0.9368632,0,0,0,1.365419,-0.41272,-2.611384,0.06614192,0.04188281,0.9566836,0.9992024,0.03737906,-0.01405399,-0.03415499,0.9822881,0.1842375,0.02069169,-0.1836105,0.9827812,moving,9.984651,-8.127625,3.954946,2.506761,7.8133233432206755,2.8406610016891545
05/11/2023 12:33:38.643135,2270,True,True,True,True,Eyes,1.291791,-0.2808698,-3.551014,0.1670925,-0.1394768,0.9760258,0.0,0.0,0.0,0.0,0.0,0.0,0.0,-1.300332,0.9793285,3.424931,1.28054,-0.280941,-3.558284,0.09259181,0.006224124,0.01885426,0.9955061,10.60964,0.9259444,2.25601,0.3417109,-0.07395171,-0.9368904,0,0,0,1.35966,-0.4126621,-2.611565,0.06553463,0.04250357,0.9559222,0.9992116,0.03869166,-0.008900807,-0.03638645,0.9821426,0.1845861,0.01588381,-0.1841167,0.982776,moving,9.714679,-8.132668,3.921859,2.545889,7.541327703470175,2.833761695449901
05/11/2023 12:33:38.663109,2271,True,True,True,True,Eyes,1.291399,-0.280935,-3.550948,0.1625668,-0.1396553,0.9767643,0.0,0.0,0.0,0.0,0.0,0.0,0.0,-1.281296,0.9829307,3.430804,1.280044,-0.2808522,-3.558216,0.09282456,0.003719166,0.01958132,0.995483,10.64159,0.6436273,2.313689,0.341632,-0.0739691,-0.9369177,0,0,0,1.356786,-0.4126332,-2.611655,0.0678852,0.04272449,0.9554053,0.9992055,0.03967621,-0.003769477,-0.03829529,0.9820004,0.1849562,0.01103999,-0.1846649,0.9827395,moving,9.44935,-8.136858,4.064254,2.560488,7.274035121110289,2.827755862857357
05/11/2023 12:33:38.683174,2272,True,True,True,True,Eyes,1.291006,-0.2810038,-3.550879,0.1580416,-0.1398111,0.9774844,0.0,0.0,0.0,0.0,0.0,0.0,0.0,-1.263669,0.9859619,3.436154,1.279687,-0.2808347,-3.558043,0.09310818,0.001331163,0.01993656,0.9954555,10.67962,0.3709866,2.32936,0.3415524,-0.07398684,-0.9369454,0,0,0,1.352128,-0.4125863,-2.611801,0.06812554,0.04323527,0.9547091,0.9992015,0.03993981,0.001062288,-0.03944403,0.9818668,0.1854232,0.00636274,-0.185317,0.9826582,moving,9.184215,-8.139895,4.081559,2.592944,7.00697587397743,2.82291718698594
05/11/2023 12:33:38.713334,2273,True,True,True,True,Eyes,1.29059,-0.2810751,-3.550811,0.1536303,-0.1398927,0.9781758,0.0,0.0,0.0,0.0,0.0,0.0,0.0,-1.247214,0.9851589,3.442123,1.279319,-0.2809924,-3.557904,0.09286822,-0.0009216901,0.02014604,0.9954742,10.65722,0.1111702,2.329115,0.3414722,-0.07400501,-0.9369732,0,0,0,1.347447,-0.4125393,-2.611948,0.06809454,0.04295276,0.954094,0.9991866,0.03993854,0.005576892,-0.04028092,0.9819393,0.1848587,0.001906816,-0.1849329,0.9827492,moving,8.925844,-8.138903,4.082329,2.577682,6.746859951288984,2.822197559010439
05/11/2023 12:33:38.722941,2274,True,True,True,True,Eyes,1.290157,-0.2811499,-3.550747,0.1493595,-0.1399806,0.9788244,0.0,0.0,0.0,0.0,0.0,0.0,0.0,-1.233004,0.9866307,3.446692,1.278967,-0.2811004,-3.557899,0.09312542,-0.002928525,0.01991079,0.9954509,10.69146,359.8763,2.280152,0.3413908,-0.07402363,-0.9370014,0,0,0,1.342611,-0.4124906,-2.6121,0.06747675,0.04367952,0.9536189,0.99919,0.03909499,0.009538808,-0.04018587,0.9818625,0.185287,-0.002122006,-0.1855202,0.9826382,moving,8.675878,-8.138625,4.047424,2.622541,6.49518332383745,2.8208120059774817
05/11/2023 12:33:38.722941,2275,True,True,True,True,Eyes,1.289727,-0.2812245,-3.550684,0.1451051,-0.1400952,0.9794477,0.0,0.0,0.0,0.0,0.0,0.0,0.0,-1.221648,0.9923468,3.448923,1.278477,-0.2812425,-3.557899,0.09389812,-0.004446268,0.01995329,0.995372,10.78386,359.7023,2.268703,0.3413078,-0.07404275,-0.9370301,0,0,0,1.338457,-0.4124488,-2.612231,0.06674135,0.04538256,0.9531985,0.9991642,0.03888691,0.01259853,-0.0405569,0.98157,0.1867497,-0.005104226,-0.1871046,0.9823267,moving,8.42707,-8.140083,4.005218,2.72584,6.24461544857609,2.8176788065901697
05/11/2023 12:33:38.742876,2276,True,True,True,True,Eyes,1.289298,-0.281303,-3.550627,0.1408957,-0.1402373,0.9800418,0.0,0.0,0.0,0.0,0.0,0.0,0.0,-1.207116,0.9958673,3.45289,1.278159,-0.2813038,-3.55788,0.09425026,-0.006387842,0.02030081,0.9953211,10.82897,359.4814,2.287763,0.3412237,-0.07406233,-0.9370592,0,0,0,1.331502,-0.4123789,-2.612449,0.06379548,0.0462769,0.9527088,0.9990941,0.03920755,0.01654262,-0.04161577,0.9814095,0.1873592,-0.008889193,-0.1878779,0.9821522,moving,8.181072,-8.143357,3.830932,2.780901,5.996817054787291,2.812728083094843
05/11/2023 12:33:38.763008,2277,True,True,True,True,Eyes,1.288865,-0.281378,-3.550573,0.1367941,-0.1403446,0.9806073,0.0,0.0,0.0,0.0,0.0,0.0,0.0,-1.19482,1.000173,3.455872,1.277783,-0.2814696,-3.557954,0.09464685,-0.007969396,0.02081244,0.9952614,10.87859,359.3043,2.329691,0.3411384,-0.0740824,-0.9370886,0,0,0,1.329118,-0.4123549,-2.612524,0.06478171,0.04717119,0.9524612,0.9990067,0.03991907,0.01980293,-0.04293619,0.9812176,0.188065,-0.0119236,-0.1887285,0.9819569,moving,7.941476,-8.144866,3.890984,2.83529,5.755522878104199,2.8096047359736964
05/11/2023 12:33:38.772886,2278,True,True,True,True,Eyes,1.288435,-0.28145,-3.550523,0.1327354,-0.1404466,0.9811504,0.0,0.0,0.0,0.0,0.0,0.0,0.0,-1.182727,1.003079,3.459126,1.277526,-0.281459,-3.557987,0.09491198,-0.009564107,0.02120035,0.9952139,10.91316,359.124,2.357012,0.3410519,-0.07410283,-0.9371185,0,0,0,1.324974,-0.4123132,-2.612654,0.0639125,0.04773733,0.9521896,0.9989182,0.04038226,0.023061,-0.04401326,0.9810845,0.1885099,-0.01501233,-0.189321,0.9818005,moving,7.704509,-8.146255,3.840025,2.870079,5.5168797441412245,2.8066202565318346
05/11/2023 12:33:38.798840,2279,True,True,True,True,Eyes,1.287988,-0.2815337,-3.550478,0.1287894,-0.1404506,0.9816755,0.0,0.0,0.0,0.0,0.0,0.0,0.0,-1.171433,1.003747,3.462651,1.277215,-0.2811442,-3.558004,0.0949518,-0.01107062,0.02144155,0.9951894,10.92155,358.9518,2.368303,0.3409644,-0.07412348,-0.9371487,0,0,0,1.320359,-0.4122668,-2.612799,0.0624495,0.047616,0.9519982,0.9988354,0.04057446,0.02610656,-0.04477916,0.9810488,0.1885153,-0.0179629,-0.1894648,0.9817232,moving,7.474145,-8.142186,3.753131,2.863372,5.285064923803641,2.8091986938763185
05/11/2023 12:33:38.812958,2280,True,True,True,True,Eyes,1.287545,-0.2816003,-3.550437,0.1248829,-0.1404633,0.9821783,0.0,0.0,0.0,0.0,0.0,0.0,0.0,-1.160253,1.003373,3.466519,1.276964,-0.2815005,-3.558064,0.09477431,-0.01258354,0.02160129,0.995185,10.90491,358.7774,2.370209,0.3408755,-0.07414464,-0.9371793,0,0,0,1.315781,-0.4122207,-2.612942,0.06100157,0.04775846,0.95176,0.99875,0.04060936,0.02914038,-0.04537974,0.9811025,0.1880922,-0.0209514,-0.1891795,0.981719,moving,7.246215,-8.138798,3.667267,2.872641,5.055678405268995,2.8111047625313024
05/11/2023 12:33:38.823004,2281,True,True,True,True,Eyes,1.287102,-0.281665,-3.5504,0.1210249,-0.1404129,0.9826684,0.0,0.0,0.0,0.0,0.0,0.0,0.0,-1.14934,1.00369,3.470015,1.276617,-0.2814639,-3.558147,0.09478435,-0.01405927,0.02167105,0.9951627,10.90966,358.6068,2.361947,0.3407854,-0.07416581,-0.9372104,0,0,0,1.311167,-0.4121743,-2.613087,0.05954275,0.04788983,0.9516182,0.9986654,0.04046724,0.03209067,-0.04579764,0.9810926,0.1880423,-0.02387436,-0.189261,0.9816365,moving,7.02116,-8.131913,3.58033,2.880958,4.829301920873801,2.816566013923513
05/11/2023 12:33:38.843723,2282,True,True,True,True,Eyes,1.286665,-0.2817232,-3.550367,0.1171878,-0.1403408,0.9831436,0.0,0.0,0.0,0.0,0.0,0.0,0.0,-1.137675,1.003258,3.473929,1.276385,-0.2814918,-3.558177,0.09461232,-0.0156229,0.02193057,0.9951501,10.89397,358.4277,2.374958,0.3406944,-0.07418692,-0.9372419,0,0,0,1.306604,-0.4121284,-2.613231,0.0581634,0.04771167,0.9514424,0.9985499,0.04069218,0.03524406,-0.04660466,0.9811351,0.1876216,-0.02694446,-0.1889921,0.9816089,moving,6.797418,-8.12392,3.498241,2.870788,4.604283987424952,2.82315638096323
05/11/2023 12:33:38.863183,2283,True,True,True,True,Eyes,1.286229,-0.2817781,-3.550337,0.1133317,-0.1402156,0.9836135,0.0,0.0,0.0,0.0,0.0,0.0,0.0,-1.125286,1.001639,3.478427,1.276114,-0.2813976,-3.55828,0.09428557,-0.01728458,0.02218967,0.9951478,10.86078,358.2368,2.387098,0.3406024,-0.07420781,-0.9372736,0,0,0,1.302041,-0.4120825,-2.613374,0.05699982,0.04713035,0.951382,0.9984177,0.04090462,0.03858575,-0.04742337,0.9812357,0.1868891,-0.03021709,-0.1884232,0.9816229,moving,6.572621,-8.11294,3.428644,2.836047,4.3783022408010845,2.8327600376517044
05/11/2023 12:33:38.883037,2284,True,True,True,True,Eyes,1.285797,-0.2818254,-3.55031,0.1094937,-0.1400581,0.9840706,0.0,0.0,0.0,0.0,0.0,0.0,0.0,-1.1131,0.9996989,3.482822,1.275896,-0.2813839,-3.55828,0.0939461,-0.0189459,0.02232933,0.9951466,10.82596,358.0447,2.385507,0.3405097,-0.07422838,-0.9373056,0,0,0,1.297435,-0.4120362,-2.613518,0.0557498,0.04660255,0.9512243,0.9982849,0.04088212,0.04190338,-0.04800169,0.9813511,0.1861341,-0.03351238,-0.1878264,0.9816304,moving,6.348964,-8.100233,3.354181,2.804802,4.153525255823358,2.8441175622595996
05/11/2023 12:33:38.899166,2285,True,True,True,True,Eyes,1.285379,-0.2818749,-3.550288,0.1056095,-0.1398574,0.9845235,0.0,0.0,0.0,0.0,0.0,0.0,0.0,-1.100948,0.9960732,3.487669,1.2756,-0.2812587,-3.558346,0.09343693,-0.0206247,0.02230043,0.9951618,10.77132,357.8484,2.364567,0.3404163,-0.07424849,-0.9373379,0,0,0,1.292817,-0.4119897,-2.613664,0.05460159,0.04566447,0.9511807,0.9981546,0.04053085,0.0452172,-0.04823928,0.9815444,0.1850498,-0.03688247,-0.1868896,0.9816884,moving,6.122688,-8.085111,3.285403,2.748557,3.926190845268823,2.85789956710029
05/11/2023 12:33:38.922938,2286,True,True,True,True,Eyes,1.284988,-0.281919,-3.550271,0.1016531,-0.139646,0.9849699,0.0,0.0,0.0,0.0,0.0,0.0,0.0,-1.087751,0.9940633,3.492401,1.275397,-0.2813807,-3.558429,0.0930864,-0.02243571,0.02238207,0.9951536,10.73547,357.6383,2.354913,0.3403227,-0.0742682,-0.9373704,0,0,0,1.288311,-0.4119444,-2.613805,0.05373399,0.0452628,0.9511002,0.9979914,0.04037027,0.04882089,-0.0487241,0.9816679,0.1842662,-0.04048703,-0.1862748,0.9816631,moving,5.892309,-8.069437,3.233583,2.724647,3.6947433984608224,2.8722123733681784
05/11/2023 12:33:38.922938,2287,True,True,True,True,Eyes,1.284602,-0.2819603,-3.550253,0.09770395,-0.1394112,0.9854027,0.0,0.0,0.0,0.0,0.0,0.0,0.0,-1.072379,0.9946188,3.497029,1.275131,-0.2813323,-3.558563,0.09305808,-0.02449633,0.02266754,0.9951012,10.73781,357.402,2.365646,0.3402294,-0.07428739,-0.9374028,0,0,0,1.283679,-0.4118978,-2.61395,0.05327093,0.04530282,0.9510642,0.9977723,0.04055383,0.05297145,-0.04967216,0.9816528,0.1840938,-0.04453386,-0.1863149,0.9814803,moving,5.662443,-8.052558,3.205897,2.727155,3.4638521954422163,2.8877470434255184
05/11/2023 12:33:38.943201,2288,True,True,True,True,Eyes,1.284216,-0.2819987,-3.550241,0.09372761,-0.1391591,0.9858245,0.0,0.0,0.0,0.0,0.0,0.0,0.0,-1.058569,0.9920101,3.501842,1.2749,-0.2813117,-3.558517,0.09261802,-0.02637091,0.02283842,0.9950904,10.6921,357.1854,2.3661,0.3401365,-0.07430604,-0.937435,0,0,0,1.277417,-0.4118348,-2.614147,0.05077481,0.04466049,0.9509494,0.997566,0.04056773,0.05671338,-0.05033742,0.9818006,0.1831221,-0.04825239,-0.1855311,0.9814529,moving,5.431092,-8.034793,3.056338,2.68887,3.23149497620538,2.9041676966961454
05/11/2023 12:33:38.963205,2289,True,True,True,True,Eyes,1.283854,-0.2820342,-3.550226,0.0897128,-0.1389271,0.9862307,0.0,0.0,0.0,0.0,0.0,0.0,0.0,-1.041901,0.989195,3.507657,1.274575,-0.2812886,-3.55866,0.09221802,-0.02866894,0.02278091,0.9950653,10.65134,356.9171,2.335539,0.340044,-0.07432412,-0.9374672,0,0,0,1.274898,-0.4118095,-2.614226,0.0529474,0.04391254,0.950925,0.9973183,0.04004941,0.06125656,-0.05062458,0.9819537,0.1822197,-0.05285332,-0.1848321,0.9813479,moving,5.197625,-8.01831,3.186932,2.64397,2.996964946627026,2.9192779390995867
05/11/2023 12:33:38.973500,2290,True,True,True,True,Eyes,1.283493,-0.2820699,-3.550214,0.08565372,-0.1386729,0.9866272,0.0,0.0,0.0,0.0,0.0,0.0,0.0,-1.026447,0.9861072,3.512895,1.274289,-0.2812859,-3.558581,0.09184019,-0.03083284,0.02254936,0.995041,10.61216,356.6627,2.286365,0.3399523,-0.07434158,-0.937499,0,0,0,1.270298,-0.4117632,-2.614371,0.05275125,0.04331811,0.9507437,0.9970818,0.03921168,0.06550174,-0.05053846,0.9821138,0.181379,-0.057218,-0.18416,0.9812294,moving,4.961675,-8.000654,3.175754,2.608726,2.7599734934206737,2.9355577123865864
05/11/2023 12:33:38.999079,2291,True,True,True,True,Eyes,1.283146,-0.2821031,-3.550205,0.08154043,-0.1384352,0.987009,0.0,0.0,0.0,0.0,0.0,0.0,0.0,-1.007602,0.9835262,3.519029,1.274022,-0.2813339,-3.558633,0.09137995,-0.03338701,0.02275665,0.9949961,10.56582,356.3676,2.28439,0.3398615,-0.0743585,-0.9375306,0,0,0,1.265775,-0.4117177,-2.614513,0.05332519,0.04260176,0.9506699,0.9967349,0.03918374,0.07059888,-0.05138735,0.9822637,0.1803258,-0.06228087,-0.1833649,0.98107,moving,4.722689,-7.984068,3.210484,2.565843,2.5198898872659745,2.9507353058206185
05/11/2023 12:33:39.013052,2292,True,True,True,True,Eyes,1.282802,-0.2821371,-3.550195,0.07738101,-0.138215,0.9873747,0.0,0.0,0.0,0.0,0.0,0.0,0.0,-0.9886491,0.982302,3.524747,1.273756,-0.2813263,-3.558734,0.09116703,-0.03597362,0.02282416,0.9949239,10.5475,356.0676,2.265219,0.3397717,-0.07437485,-0.9375619,0,0,0,1.261077,-0.4116705,-2.61466,0.05380961,0.04232997,0.9506512,0.99637,0.0388574,0.07574365,-0.05197583,0.9823352,0.1797664,-0.0674204,-0.1830506,0.9807889,moving,4.481138,-7.968619,3.23965,2.549545,2.2771861605064982,2.9647461123332963
05/11/2023 12:33:39.023257,2293,True,True,True,True,Eyes,1.282467,-0.2821737,-3.550181,0.07321899,-0.1379976,0.9877225,0.0,0.0,0.0,0.0,0.0,0.0,0.0,-0.9692797,0.9829053,3.529842,1.273517,-0.2813764,-3.558704,0.09119803,-0.03860711,0.02293263,0.9948199,10.55749,355.763,2.249456,0.3396829,-0.07439071,-0.9375928,0,0,0,1.256542,-0.4116249,-2.614803,0.05452075,0.04254988,0.9504839,0.9959671,0.03858589,0.08099706,-0.05266946,0.9823141,0.1796805,-0.0726314,-0.1832219,0.9803848,moving,4.239531,-7.953475,3.282948,2.563223,2.0344159962942943,2.978448142791125
05/11/2023 12:33:39.043231,2294,True,True,True,True,Eyes,1.282135,-0.282213,-3.550168,0.06902042,-0.1378086,0.9880511,0.0,0.0,0.0,0.0,0.0,0.0,0.0,-0.9508393,0.982386,3.534791,1.273195,-0.2814882,-3.558604,0.09105766,-0.04109551,0.0230644,0.99473,10.54754,355.4752,2.238634,0.3395952,-0.0744062,-0.9376233,0,0,0,1.252193,-0.4115811,-2.614939,0.05521102,0.042485,0.9502714,0.9955584,0.03840158,0.08595825,-0.05336982,0.9823532,0.1792599,-0.07755749,-0.1830512,0.9800393,moving,3.995912,-7.940118,3.325161,2.559891,1.7895610935177997,2.9903298218695866
05/11/2023 12:33:39.073190,2295,True,True,True,True,Eyes,1.281813,-0.2822502,-3.550144,0.06481177,-0.1376637,0.9883563,0.0,0.0,0.0,0.0,0.0,0.0,0.0,-0.9318805,0.9843855,3.539238,1.272982,-0.2815862,-3.55863,0.09124264,-0.04364144,0.0233009,0.9945992,10.57564,355.1823,2.23794,0.3395086,-0.07442141,-0.9376535,0,0,0,1.247656,-0.4115355,-2.615082,0.05573269,0.04306592,0.9501847,0.995105,0.03838619,0.09106355,-0.05431403,0.9822637,0.1794659,-0.08255941,-0.1835335,0.9795404,moving,3.751817,-7.929455,3.356814,2.595083,1.544138127163631,2.999484272116719
05/11/2023 12:33:39.083101,2296,True,True,True,True,Eyes,1.281482,-0.2822861,-3.550119,0.06062465,-0.1375808,0.9886335,0.0,0.0,0.0,0.0,0.0,0.0,0.0,-0.9128685,0.9856147,3.543475,1.27258,-0.2815865,-3.558402,0.09132816,-0.04616267,0.02358055,0.9944708,10.59255,354.8925,2.242862,0.3394233,-0.07443634,-0.9376832,0,0,0,1.243053,-0.4114892,-2.615226,0.05629405,0.04331368,0.9498856,0.9946259,0.03846843,0.096122,-0.05533224,0.9822063,0.1794693,-0.08750772,-0.1838235,0.9790564,moving,3.509079,-7.922545,3.391612,2.610812,1.2999578060017827,3.0048529005768243
05/11/2023 12:33:39.103387,2297,True,True,True,True,Eyes,1.281149,-0.2823234,-3.550088,0.0563939,-0.1375147,0.988893,0.0,0.0,0.0,0.0,0.0,0.0,0.0,-0.8920283,0.9856454,3.548595,1.272301,-0.2816151,-3.558325,0.09125338,-0.04896042,0.0238013,0.9943386,10.59142,354.5697,2.238715,0.339339,-0.07445098,-0.9377125,0,0,0,1.238664,-0.411445,-2.615364,0.05748573,0.04329693,0.9497281,0.9940727,0.03839749,0.1017104,-0.05626871,0.9822126,0.1791429,-0.09302258,-0.1838042,0.9785514,moving,3.263889,-7.916737,3.463809,2.610237,1.0532722952132678,3.0090908860165975
05/11/2023 12:33:39.113312,2298,True,True,True,True,Eyes,1.280859,-0.2823614,-3.550051,0.05163354,-0.1374293,0.9891649,0.0,0.0,0.0,0.0,0.0,0.0,0.0,-0.8719613,0.9860831,3.55318,1.271991,-0.2816448,-3.558157,0.09130743,-0.05168263,0.02380264,0.9941959,10.60373,354.2534,2.209256,0.3392556,-0.07446542,-0.9377415,0,0,0,1.233379,-0.4113919,-2.61553,0.05768881,0.04357463,0.9495493,0.9935246,0.03789095,0.107112,-0.05676698,0.9821928,0.1790946,-0.09841859,-0.1840153,0.9779837,moving,2.988077,-7.909735,3.476668,2.627449,0.7757934539280811,3.014332019144044
05/11/2023 12:33:39.143155,2299,True,True,True,True,Eyes,1.280561,-0.2823979,-3.550008,0.04685112,-0.1373617,0.9894123,0.0,0.0,0.0,0.0,0.0,0.0,0.0,-0.8514506,0.9885328,3.557317,1.271729,-0.2817396,-3.558088,0.09163757,-0.05446426,0.02379731,0.994017,10.64777,353.9304,2.176727,0.339174,-0.07447968,-0.9377699,0,0,0,1.229328,-0.4113511,-2.615657,0.05921404,0.04438926,0.9493668,0.9929347,0.03732791,0.1126383,-0.05729181,0.9820725,0.1795864,-0.1039154,-0.1847708,0.9772724,moving,2.711072,-7.903943,3.569037,2.677012,0.49707352559946605,3.0183416987836935
05/11/2023 12:33:39.153422,2300,True,True,True,True,Eyes,1.280293,-0.2824335,-3.54996,0.04176431,-0.1372516,0.9896554,0.0,0.0,0.0,0.0,0.0,0.0,0.0,-0.8316258,0.9895139,3.561388,1.271315,-0.2817323,-3.557893,0.09175307,-0.05711692,0.02387933,0.9938555,10.66734,353.623,2.156794,0.3390939,-0.07449375,-0.9377977,0,0,0,1.223718,-0.4112947,-2.615833,0.05905783,0.04476669,0.9492296,0.9923349,0.03698389,0.1179139,-0.0579465,0.9820223,0.1796508,-0.1091499,-0.1851064,0.9766381,moving,2.416497,-7.89577,3.560159,2.70013,0.20074118682850806,3.024641793179514
05/11/2023 12:33:39.163048,2301,True,True,True,True,Eyes,1.280026,-0.28247,-3.549908,0.03668481,-0.1371477,0.989871,0.0,0.0,0.0,0.0,0.0,0.0,0.0,-0.8119019,0.9914231,3.565242,1.271098,-0.2817757,-3.557804,0.0919589,-0.05975671,0.02406753,0.9936768,10.69794,353.3183,2.148636,0.339016,-0.07450762,-0.9378248,0,0,0,1.220542,-0.4112628,-2.615933,0.06111691,0.04524894,0.9490314,0.9916998,0.03684036,0.1231841,-0.05882101,0.9819286,0.1798785,-0.1143313,-0.1856312,0.9759454,moving,2.122421,-7.888175,3.684717,2.729743,-0.09510776845640523,3.0303607663250496
05/11/2023 12:33:39.183316,2302,True,True,True,True,Eyes,1.279758,-0.2825078,-3.549846,0.03163202,-0.1370519,0.9900587,0.0,0.0,0.0,0.0,0.0,0.0,0.0,-0.7935851,0.9916955,3.569079,1.270906,-0.2818106,-3.557659,0.09193231,-0.06220504,0.02427241,0.993524,10.70158,353.0357,2.145907,0.33894,-0.07452133,-0.9378512,0,0,0,1.214781,-0.4112048,-2.616114,0.06019525,0.0454468,0.9490581,0.9910828,0.03679314,0.1280672,-0.05966776,0.9819186,0.1796542,-0.1191416,-0.1856937,0.975358,moving,1.829957,-7.881256,3.629199,2.741584,-0.3893559125866044,3.035406945857291
05/11/2023 12:33:39.199374,2303,True,True,True,True,Eyes,1.279526,-0.2825465,-3.549777,0.02644272,-0.1369388,0.9902266,0.0,0.0,0.0,0.0,0.0,0.0,0.0,-0.7769663,0.992188,3.572237,1.270647,-0.2818784,-3.557386,0.09193136,-0.06440657,0.02450174,0.9933782,10.70786,352.7821,2.148511,0.3388658,-0.07453495,-0.9378769,0,0,0,1.211435,-0.4111711,-2.616219,0.06125917,0.04556052,0.9487828,0.990503,0.03683702,0.1324651,-0.06052094,0.9818966,0.179489,-0.1234552,-0.1858013,0.9748008,moving,1.529646,-7.873518,3.694236,2.74923,-0.6914780522786361,3.041228942337969
05/11/2023 12:33:39.213285,2304,True,True,True,True,Eyes,1.279295,-0.282583,-3.549706,0.0213088,-0.1368512,0.9903623,0.0,0.0,0.0,0.0,0.0,0.0,0.0,-0.7619878,0.9937317,3.574845,1.270448,-0.281996,-3.557258,0.09207266,-0.06638705,0.02472159,0.9932292,10.72999,352.5542,2.151384,0.3387942,-0.07454852,-0.9379017,0,0,0,1.206922,-0.4111257,-2.616361,0.06071297,0.04611403,0.9487813,0.9899632,0.03688354,0.1364274,-0.06133327,0.9818229,0.1796161,-0.1273227,-0.1861809,0.9742308,moving,1.232595,-7.86748,3.661392,2.782582,-0.9903737913360711,3.0453537092283067
05/11/2023 12:33:39.223266,2305,True,True,True,True,Eyes,1.279092,-0.282625,-3.54963,0.01615792,-0.1367882,0.9904685,0.0,0.0,0.0,0.0,0.0,0.0,0.0,-0.747893,0.9953786,3.577198,1.270248,-0.2819735,-3.557166,0.0923069,-0.06828165,0.02473382,0.9930788,10.76107,352.334,2.130361,0.3387249,-0.07456197,-0.9379257,0,0,0,1.202341,-0.4110797,-2.616504,0.05995974,0.04672378,0.9488657,0.9894517,0.03651953,0.1401843,-0.061731,0.9817353,0.1799583,-0.1310519,-0.1867138,0.9736341,moving,0.9346069,-7.863067,3.615768,2.819066,-1.29026663435998,3.047829098983251
05/11/2023 12:33:39.243059,2306,True,True,True,True,Eyes,1.278891,-0.282669,-3.549555,0.01108769,-0.1367679,0.9905411,0.0,0.0,0.0,0.0,0.0,0.0,0.0,-0.7347238,0.9972402,3.579235,1.270045,-0.2821731,-3.557048,0.09251928,-0.07003306,0.0248264,0.9929346,10.78992,352.1313,2.120271,0.3386584,-0.07457546,-0.9379486,0,0,0,1.197962,-0.4110356,-2.616642,0.05913828,0.04750216,0.9489,0.9889581,0.03634317,0.1436703,-0.0622608,0.9816477,0.1802539,-0.1344827,-0.1872085,0.9730711,moving,0.6413176,-7.861345,3.566231,2.865848,-1.5855170389736666,3.0476147964827476
05/11/2023 12:33:39.262906,2307,True,True,True,True,Eyes,1.278695,-0.2827135,-3.549477,0.006070471,-0.1367835,0.9905823,0.0,0.0,0.0,0.0,0.0,0.0,0.0,-0.7228124,1.001039,3.58053,1.269915,-0.2822538,-3.557018,0.09300286,-0.0716062,0.02497997,0.9927734,10.85003,351.9502,2.116994,0.3385944,-0.07458903,-0.9379707,0,0,0,1.193473,-0.4109905,-2.616783,0.05781587,0.04872216,0.9490741,0.9884971,0.03627974,0.1468239,-0.06291807,0.9814529,0.1810841,-0.137531,-0.188239,0.9724461,moving,0.3511147,-7.861907,3.486047,2.938786,-1.8777350847659713,3.0451115916266476
05/11/2023 12:33:39.273168,2308,True,True,True,True,Eyes,1.278499,-0.2827596,-3.549401,0.001137173,-0.1368223,0.990595,0.0,0.0,0.0,0.0,0.0,0.0,0.0,-0.7108882,1.004698,3.581719,1.269709,-0.2823095,-3.556913,0.09345812,-0.07316166,0.02518828,0.9926119,10.90732,351.7716,2.120293,0.3385329,-0.07460269,-0.9379919,0,0,0,1.188704,-0.4109425,-2.616933,0.05624335,0.04987071,0.949221,0.9880258,0.03632927,0.1499504,-0.06367948,0.9812622,0.1818497,-0.1405342,-0.1892209,0.9718259,moving,0.0657738,-7.864011,3.390932,3.007473,-2.165108500659645,3.041081601251241
05/11/2023 12:33:39.303087,2309,True,True,True,True,Eyes,1.278336,-0.2828088,-3.549321,-0.003757918,-0.1369056,0.9905769,0.0,0.0,0.0,0.0,0.0,0.0,0.0,-0.6999909,1.006805,3.583202,1.269549,-0.2823881,-3.556892,0.09374356,-0.07461909,0.02519811,0.9924762,10.94327,351.6021,2.102895,0.3384735,-0.07461645,-0.9380122,0,0,0,1.184122,-0.4108964,-2.617077,0.05464464,0.05072481,0.949477,0.9875941,0.03602693,0.1528397,-0.06400716,0.9811544,0.182316,-0.143391,-0.189837,0.9712883,moving,-0.21736,-7.86888,3.293874,3.05806,-2.4503507601616143,3.034270479582344
05/11/2023 12:33:39.313206,2310,True,True,True,True,Eyes,1.278172,-0.282858,-3.549244,-0.008564842,-0.1370225,0.9905308,0.0,0.0,0.0,0.0,0.0,0.0,0.0,-0.6896892,1.009382,3.58437,1.269458,-0.2825365,-3.556808,0.0940781,-0.07599849,0.02523994,0.992339,10.98495,351.442,2.089561,0.3384169,-0.0746304,-0.9380315,0,0,0,1.179714,-0.4108521,-2.617215,0.05299839,0.05172929,0.949668,0.9871743,0.03579356,0.1555816,-0.06439274,0.9810246,0.1828783,-0.1460835,-0.1905511,0.9707471,moving,-0.4954082,-7.875881,3.194208,3.117873,-2.730542696552103,3.0253374810318663
05/11/2023 12:33:39.357636,2311,True,True,True,True,Eyes,1.278036,-0.2829015,-3.549161,-0.01331654,-0.1371257,0.9904641,0.0,0.0,0.0,0.0,0.0,0.0,0.0,-0.6796791,1.012555,3.585371,1.269332,-0.2825739,-3.556833,0.09453563,-0.07734714,0.02518659,0.9921926,11.03983,351.2845,2.064377,0.3383627,-0.0746445,-0.9380499,0,0,0,1.174944,-0.4108041,-2.617365,0.05099701,0.05290174,0.9500285,0.9867661,0.03535577,0.1582486,-0.06460401,0.9808573,0.1836989,-0.1487245,-0.1914913,0.9701608,moving,-0.7702807,-7.88226,3.072657,3.187188,-3.0075165839958533,3.017054595762276
05/11/2023 12:33:39.373219,2312,True,True,True,True,Eyes,1.277919,-0.2829427,-3.549078,-0.01793703,-0.1371638,0.990386,0.0,0.0,0.0,0.0,0.0,0.0,0.0,-0.6705111,1.014384,3.586382,1.26912,-0.2825109,-3.556715,0.09483527,-0.07858384,0.02508249,0.9920694,11.07586,351.1393,2.035791,0.3383114,-0.07465857,-0.9380673,0,0,0,1.170331,-0.4107577,-2.61751,0.04899529,0.05363464,0.9502817,0.9863909,0.0348621,0.1606787,-0.06467218,0.9807543,0.1842242,-0.1511638,-0.1921085,0.9696617,moving,-1.037579,-7.885037,2.951483,3.230391,-3.276745445776848,3.0124643966742886
05/11/2023 12:33:39.382828,2313,True,True,True,True,Eyes,1.277816,-0.2829841,-3.548994,-0.02249904,-0.1371531,0.9902943,0.0,0.0,0.0,0.0,0.0,0.0,0.0,-0.6638017,1.014568,3.587505,1.268943,-0.2825201,-3.556704,0.09489985,-0.07949749,0.02494027,0.9919941,11.08386,351.0312,2.008418,0.3382632,-0.07467255,-0.9380836,0,0,0,1.16617,-0.4107158,-2.61764,0.04680125,0.05399212,0.9506476,0.9861163,0.03439261,0.1624557,-0.0645698,0.980744,0.1843148,-0.1529884,-0.1922455,0.9693483,moving,-1.30151,-7.885151,2.818448,3.250627,-3.54249607325803,3.010589358386376
05/11/2023 12:33:39.399353,2314,True,True,True,True,Eyes,1.277711,-0.2830205,-3.548913,-0.02698159,-0.1371516,0.9901825,0.0,0.0,0.0,0.0,0.0,0.0,0.0,-0.6544381,1.014495,3.589205,1.268831,-0.2825903,-3.556697,0.09490329,-0.08076987,0.02485454,0.9918931,11.08604,350.8819,1.984062,0.3382181,-0.07468645,-0.9380988,0,0,0,1.154781,-0.4106013,-2.617998,0.03806563,0.05478284,0.9518926,0.985717,0.03397544,0.1649477,-0.06463675,0.9807512,0.1842528,-0.1555126,-0.1922828,0.9689392,moving,-1.560873,-7.885945,2.290004,3.293824,-3.803669683856232,3.008057191063039
05/11/2023 12:33:39.413161,2315,True,True,True,True,Eyes,1.277599,-0.2830591,-3.548835,-0.03149398,-0.1371701,0.9900467,0.0,0.0,0.0,0.0,0.0,0.0,0.0,-0.6449104,1.015018,3.590692,1.268699,-0.2825024,-3.55666,0.095006,-0.08205639,0.02479716,0.9917791,11.09985,350.7313,1.961924,0.3381757,-0.07470014,-0.938113,0,0,0,1.151398,-0.4105673,-2.618104,0.03730583,0.05505455,0.9521692,0.9853037,0.03359491,0.1674754,-0.0647783,0.980718,0.1843804,-0.1580519,-0.1925195,0.9684812,moving,-1.821999,-7.888064,2.243691,3.309165,-4.066662093313337,3.00417348678757
05/11/2023 12:33:39.428593,2316,True,True,True,True,Eyes,1.277525,-0.2830918,-3.548748,-0.03598937,-0.137149,0.9898964,0.0,0.0,0.0,0.0,0.0,0.0,0.0,-0.6254725,1.016318,3.593744,1.268457,-0.2825813,-3.556722,0.0952065,-0.08467661,0.02468952,0.9915423,11.12697,350.4245,1.917876,0.3381355,-0.07471368,-0.9381264,0,0,0,1.147786,-0.4105309,-2.618217,0.03901192,0.05564772,0.9524209,0.9844406,0.03283789,0.1726221,-0.06508494,0.9806523,0.1846213,-0.1632197,-0.1929838,0.9675311,moving,-2.082169,-7.888047,2.345569,3.343856,-4.328621527270001,3.0024559865363036
05/11/2023 12:33:39.443145,2317,True,True,True,True,Eyes,1.277447,-0.2831258,-3.548662,-0.04041703,-0.137118,0.9897298,0.0,0.0,0.0,0.0,0.0,0.0,0.0,-0.6150995,1.015392,3.595577,1.268282,-0.2825252,-3.556568,0.0951063,-0.08607601,0.02462278,0.991433,11.11751,350.2605,1.895206,0.3380983,-0.07472695,-0.9381388,0,0,0,1.143438,-0.4104872,-2.618354,0.03753102,0.05560178,0.9527361,0.9839693,0.03245093,0.1753607,-0.0651964,0.980697,0.1843442,-0.1659936,-0.1928219,0.9670914,moving,-2.338456,-7.887599,2.255879,3.339999,-4.586657040952798,3.0012001846516343
05/11/2023 12:33:39.463201,2318,True,True,True,True,Eyes,1.277349,-0.2831532,-3.548577,-0.04480083,-0.1370409,0.9895517,0.0,0.0,0.0,0.0,0.0,0.0,0.0,-0.6049216,1.014145,3.597593,1.268134,-0.2825874,-3.556554,0.09496903,-0.08746804,0.02444744,0.9913288,11.10267,350.0962,1.860435,0.3380637,-0.07474001,-0.9381503,0,0,0,1.138883,-0.4104413,-2.618497,0.03584109,0.05563323,0.9532172,0.9835033,0.0318574,0.1780626,-0.06508441,0.9807664,0.1840143,-0.1687756,-0.1925678,0.9666604,moving,-2.592231,-7.884618,2.153315,3.340202,-4.842079789411169,3.0025223905133016
05/11/2023 12:33:39.473340,2319,True,True,True,True,Eyes,1.277244,-0.2831805,-3.548491,-0.04912956,-0.1369512,0.9893587,0.0,0.0,0.0,0.0,0.0,0.0,0.0,-0.5938579,1.012806,3.599629,1.267873,-0.2824472,-3.556472,0.09484941,-0.08896644,0.02427205,0.9912112,11.08998,349.9194,1.824325,0.3380309,-0.07475269,-0.9381611,0,0,0,1.134368,-0.410396,-2.618639,0.03449158,0.05547327,0.9536557,0.9829917,0.03124062,0.1809734,-0.06499428,0.9808289,0.1837128,-0.1717647,-0.1923504,0.9661771,moving,-2.842858,-7.881039,2.071357,3.329091,-5.094313170491647,3.0044702572140647
05/11/2023 12:33:39.499216,2320,True,True,True,True,Eyes,1.277125,-0.2832048,-3.548408,-0.05344953,-0.1368231,0.9891524,0.0,0.0,0.0,0.0,0.0,0.0,0.0,-0.5826693,1.011173,3.601743,1.267633,-0.2824731,-3.556381,0.09463963,-0.09046564,0.02419616,0.9910973,11.06789,349.7437,1.800683,0.3379997,-0.07476505,-0.9381714,0,0,0,1.129799,-0.41035,-2.618782,0.0330652,0.05531776,0.9540904,0.9824611,0.03083823,0.1839004,-0.06508477,0.9809158,0.1832163,-0.1747407,-0.191972,0.9657186,moving,-3.093009,-7.875382,1.984863,3.31827,-5.345998790076855,3.00852248046139
05/11/2023 12:33:39.513012,2321,True,True,True,True,Eyes,1.276996,-0.2832382,-3.548331,-0.05778195,-0.1366824,0.9889283,0.0,0.0,0.0,0.0,0.0,0.0,0.0,-0.5688448,1.009564,3.604267,1.267265,-0.2824299,-3.556378,0.09440752,-0.09227686,0.02425553,0.9909511,11.04517,349.533,1.789481,0.3379695,-0.07477704,-0.9381813,0,0,0,1.124955,-0.4103012,-2.618934,0.03209852,0.05508441,0.9546406,0.9817933,0.03064883,0.1874635,-0.06549534,0.9809978,0.18263,-0.1783039,-0.1915829,0.9651445,moving,-3.343925,-7.869148,1.925769,3.302403,-5.598435656211227,3.0131530402411144
05/11/2023 12:33:39.522892,2322,True,True,True,True,Eyes,1.276849,-0.2832611,-3.548254,-0.0622044,-0.1365406,0.9886796,0.0,0.0,0.0,0.0,0.0,0.0,0.0,-0.5506586,1.008507,3.607409,1.266974,-0.282691,-3.556484,0.09410853,-0.09461054,0.02471195,0.9907482,11.02,349.2658,1.819142,0.3379399,-0.07478895,-0.9381911,0,0,0,1.120268,-0.4102541,-2.619081,0.03221999,0.05506776,0.9552212,0.9808763,0.03115932,0.1921217,-0.06677396,0.9810659,0.1817997,-0.1828192,-0.1911518,0.9643849,moving,-3.600113,-7.863038,1.931877,3.299406,-5.856184880987746,3.0176230654484755
05/11/2023 12:33:39.543145,2323,True,True,True,True,Eyes,1.276697,-0.2832842,-3.54818,-0.06666113,-0.1364227,0.9884053,0.0,0.0,0.0,0.0,0.0,0.0,0.0,-0.5319405,1.009735,3.609658,1.266598,-0.2824486,-3.556418,0.09435461,-0.09711055,0.02458376,0.990486,11.05134,348.9724,1.773472,0.3379105,-0.07480051,-0.9382007,0,0,0,1.116107,-0.4102122,-2.619212,0.03328985,0.05545428,0.955585,0.9799304,0.03037407,0.1970125,-0.0670254,0.9809857,0.1821392,-0.1877341,-0.1916886,0.9633335,moving,-3.858363,-7.858486,1.995214,3.32125,-6.1160616409682405,3.020503960694408
05/11/2023 12:33:39.563164,2324,True,True,True,True,Eyes,1.276536,-0.2833101,-3.548102,-0.07118992,-0.1362855,0.9881085,0.0,0.0,0.0,0.0,0.0,0.0,0.0,-0.5122048,1.010814,3.612149,1.26637,-0.282469,-3.556437,0.09454266,-0.09976394,0.02444423,0.9902079,11.07601,348.6609,1.725242,0.337881,-0.07481176,-0.9382104,0,0,0,1.111561,-0.4101665,-2.619355,0.03415962,0.05603522,0.9560791,0.9788992,0.02954583,0.2021961,-0.06727363,0.9809284,0.1823564,-0.192952,-0.1921111,0.9622177,moving,-4.12085,-7.853014,2.046242,3.354234,-6.38017423061813,3.0242868694399956
05/11/2023 12:33:39.573577,2325,True,True,True,True,Eyes,1.27637,-0.2833386,-3.548024,-0.07572185,-0.1361786,0.9877862,0.0,0.0,0.0,0.0,0.0,0.0,0.0,-0.4927183,1.008462,3.615267,1.266033,-0.2825679,-3.556295,0.09420634,-0.1023474,0.02445517,0.9899759,11.04208,348.3595,1.701138,0.3378513,-0.07482282,-0.9382203,0,0,0,1.106748,-0.4101181,-2.619506,0.0346757,0.05569482,0.9565097,0.977854,0.02913651,0.2072506,-0.0677036,0.9810542,0.1815182,-0.1980352,-0.1915298,0.9613004,moving,-4.383615,-7.849454,2.076196,3.332407,-6.644629748488825,3.0261345937557893
05/11/2023 12:33:39.599556,2326,True,True,True,True,Eyes,1.276196,-0.2833676,-3.547943,-0.08017355,-0.136135,0.9874409,0.0,0.0,0.0,0.0,0.0,0.0,0.0,-0.4756039,1.010132,3.616992,1.265802,-0.2826445,-3.55627,0.09449939,-0.1046649,0.02419565,0.9897119,11.07648,348.0857,1.641492,0.3378214,-0.07483378,-0.9382302,0,0,0,1.102304,-0.4100734,-2.619646,0.03502315,0.05651654,0.9569812,0.9769197,0.0281119,0.2117492,-0.06767499,0.9809689,0.1819894,-0.2026033,-0.1921192,0.9602302,moving,-4.641849,-7.849686,2.095949,3.379797,-6.904648069105695,3.0241782239120925
05/11/2023 12:33:39.613479,2327,True,True,True,True,Eyes,1.27601,-0.2834005,-3.547869,-0.08464157,-0.1360962,0.9870733,0.0,0.0,0.0,0.0,0.0,0.0,0.0,-0.4592175,1.013499,3.6179,1.265422,-0.2826818,-3.55613,0.09495979,-0.1068064,0.02426803,0.9894373,11.13361,347.8358,1.620015,0.3377911,-0.07484468,-0.9382402,0,0,0,1.097802,-0.4100281,-2.619787,0.03508715,0.05764769,0.957339,0.9760069,0.02773876,0.2159655,-0.06830803,0.9807875,0.1827296,-0.2067475,-0.1930975,0.95915,moving,-4.901126,-7.850358,2.098991,3.445996,-7.165731067148782,3.021769991065269
05/11/2023 12:33:39.623048,2328,True,True,True,True,Eyes,1.275794,-0.2834301,-3.547809,-0.08910994,-0.136107,0.9866784,0.0,0.0,0.0,0.0,0.0,0.0,0.0,-0.4401087,1.013847,3.620185,1.265022,-0.2828068,-3.55627,0.09492784,-0.1092647,0.02455728,0.9891648,11.13755,347.5517,1.625827,0.33776,-0.07485561,-0.9382505,0,0,0,1.092996,-0.4099798,-2.619938,0.03551294,0.05801544,0.9580485,0.9749163,0.02783787,0.2208239,-0.06932691,0.9807713,0.1824321,-0.2114992,-0.193165,0.9580998,moving,-5.160557,-7.854081,2.122868,3.465363,-7.42706967935862,3.0162756935286783
05/11/2023 12:33:39.643076,2329,True,True,True,True,Eyes,1.275572,-0.2834608,-3.547751,-0.09364305,-0.1361276,0.9862556,0.0,0.0,0.0,0.0,0.0,0.0,0.0,-0.4161458,1.01747,3.622051,1.264482,-0.2827373,-3.556519,0.09542669,-0.1123814,0.0246635,0.9887649,11.20106,347.1879,1.596182,0.3377274,-0.07486649,-0.9382614,0,0,0,1.088582,-0.4099354,-2.620076,0.03780179,0.05914924,0.9587055,0.9735243,0.02732444,0.2269447,-0.07022119,0.9805709,0.1831657,-0.2175304,-0.1942526,0.9565283,moving,-5.423862,-7.858578,2.258005,3.530502,-7.692334454490086,3.009972931020105
05/11/2023 12:33:39.663296,2330,True,True,True,True,Eyes,1.27532,-0.2834941,-3.547701,-0.09812997,-0.1361801,0.9858121,0.0,0.0,0.0,0.0,0.0,0.0,0.0,-0.3929862,1.017888,3.624433,1.264198,-0.2827864,-3.556527,0.09549218,-0.1154506,0.02465176,0.9884052,11.2133,346.8286,1.558746,0.3376934,-0.07487734,-0.9382728,0,0,0,1.084278,-0.4098921,-2.620212,0.03980128,0.05952036,0.9592116,0.972127,0.0266826,0.232932,-0.07078113,0.9805471,0.1830778,-0.2235158,-0.194462,0.9551048,moving,-5.684626,-7.865064,2.376054,3.550727,-7.955106300615662,3.0016759207983483
05/11/2023 12:33:39.682726,2331,True,True,True,True,Eyes,1.275065,-0.2835246,-3.547654,-0.1026533,-0.1362502,0.9853417,0.0,0.0,0.0,0.0,0.0,0.0,0.0,-0.370167,1.017883,3.62679,1.2638,-0.2828656,-3.556615,0.09546024,-0.1184272,0.02479032,0.9880525,11.21617,346.4817,1.540968,0.3376572,-0.07488824,-0.9382849,0,0,0,1.079586,-0.4098449,-2.620359,0.0413682,0.05979794,0.9598686,0.9707209,0.0263781,0.2387575,-0.07159844,0.9805456,0.1827678,-0.2292916,-0.1945112,0.9537247,moving,-5.947643,-7.872769,2.467794,3.564809,-8.220186823306395,2.992131289105826
05/11/2023 12:33:39.699674,2332,True,True,True,True,Eyes,1.274794,-0.2835511,-3.547609,-0.1070642,-0.136332,0.9848608,0.0,0.0,0.0,0.0,0.0,0.0,0.0,-0.3495489,1.019118,3.628417,1.263519,-0.2828202,-3.556646,0.09566034,-0.1211559,0.02474706,0.9877034,11.24266,346.1614,1.501827,0.3376191,-0.07489912,-0.9382978,0,0,0,1.074945,-0.4097982,-2.620505,0.04240942,0.06037827,0.9605207,0.9694176,0.02570589,0.2440668,-0.07206514,0.9804733,0.1829716,-0.2345975,-0.1949646,0.9523408,moving,-6.204263,-7.881235,2.528112,3.596877,-8.478851415012922,2.9818598196197854
05/11/2023 12:33:39.713209,2333,True,True,True,True,Eyes,1.27452,-0.2835791,-3.547565,-0.1114878,-0.1363941,0.9843613,0.0,0.0,0.0,0.0,0.0,0.0,0.0,-0.3290762,1.017632,3.630628,1.263176,-0.2827414,-3.556651,0.09547087,-0.1238443,0.02477367,0.9873877,11.22542,345.847,1.476581,0.3375787,-0.07490987,-0.9383115,0,0,0,1.070575,-0.4097542,-2.620642,0.04367557,0.06016092,0.9611521,0.9680977,0.02527538,0.2492951,-0.07256949,0.9805432,0.1823974,-0.2398344,-0.1946696,0.9510958,moving,-6.461727,-7.888734,2.60178,3.581614,-8.738333943204964,2.9725605108912028
05/11/2023 12:33:39.732984,2334,True,True,True,True,Eyes,1.274227,-0.283602,-3.547533,-0.1158086,-0.1364574,0.9838535,0.0,0.0,0.0,0.0,0.0,0.0,0.0,-0.3108106,1.01592,3.632607,1.262888,-0.2828087,-3.556637,0.09521339,-0.1262296,0.02487621,0.9871078,11.20103,345.569,1.464661,0.3375364,-0.07492054,-0.9383258,0,0,0,1.065771,-0.4097059,-2.620793,0.04387696,0.0600144,0.9618918,0.9668945,0.0250735,0.2539416,-0.0731485,0.9806312,0.1816915,-0.2444674,-0.194252,0.9500011,moving,-6.713346,-7.896368,2.611753,3.570173,-8.991935706563417,2.963163667743288
05/11/2023 12:33:39.743111,2335,True,True,True,True,Eyes,1.273931,-0.283619,-3.547497,-0.1201496,-0.1364971,0.9833273,0.0,0.0,0.0,0.0,0.0,0.0,0.0,-0.2907604,1.016153,3.63424,1.262514,-0.2826999,-3.556817,0.09521917,-0.1288079,0.02512186,0.9867678,11.20911,345.2695,1.463266,0.3374917,-0.07493101,-0.9383411,0,0,0,1.061491,-0.4096629,-2.620927,0.04510903,0.06021117,0.9626837,0.9655548,0.02504892,0.2589912,-0.07410886,0.9806044,0.1814466,-0.2494229,-0.1943902,0.9486837,moving,-6.966256,-7.902812,2.68278,3.57891,-9.246798132192229,2.9549614928256176
05/11/2023 12:33:39.763190,2336,True,True,True,True,Eyes,1.273612,-0.2836416,-3.547474,-0.1244005,-0.1365032,0.9827977,0.0,0.0,0.0,0.0,0.0,0.0,0.0,-0.2722101,1.013706,3.636168,1.262186,-0.2825768,-3.556747,0.09490971,-0.1312413,0.02513357,0.9864767,11.17753,344.9847,1.441274,0.3374448,-0.07494114,-0.9383572,0,0,0,1.05679,-0.4096156,-2.621075,0.04554461,0.0597465,0.9634134,0.964288,0.02467521,0.2637038,-0.07449951,0.9807209,0.1806553,-0.2541621,-0.1938495,0.9475358,moving,-7.214019,-7.907366,2.706598,3.548678,-9.49641585549345,2.948704721076899
05/11/2023 12:33:39.773095,2337,True,True,True,True,Eyes,1.273296,-0.2836647,-3.547451,-0.1286501,-0.1365216,0.9822479,0.0,0.0,0.0,0.0,0.0,0.0,0.0,-0.2531354,1.011097,3.63835,1.261935,-0.2827199,-3.556906,0.09453231,-0.1337405,0.02516343,0.9861765,11.13853,344.6925,1.421824,0.3373952,-0.07495111,-0.9383742,0,0,0,1.052446,-0.4095719,-2.621211,0.04645461,0.0594334,0.964267,0.9629605,0.02434557,0.268541,-0.07491678,0.9808609,0.1797204,-0.259026,-0.1931818,0.9463542,moving,-7.461848,-7.912785,2.758154,3.527011,-9.746128541486895,2.941572859066472
05/11/2023 12:33:39.799611,2338,True,True,True,True,Eyes,1.272979,-0.2836852,-3.547432,-0.1327804,-0.1365373,0.981696,0.0,0.0,0.0,0.0,0.0,0.0,0.0,-0.2367303,1.01197,3.639147,1.261736,-0.2827518,-3.556907,0.09464537,-0.1358837,0.02525317,0.9858702,11.15589,344.4419,1.40588,0.3373434,-0.07496095,-0.938392,0,0,0,1.047949,-0.4095267,-2.621352,0.04646206,0.05997091,0.965031,0.9617958,0.02407117,0.2727076,-0.07551425,0.980809,0.1797531,-0.2631473,-0.1934791,0.9451557,moving,-7.702859,-7.918076,2.756415,3.556017,-9.988972100380064,2.934615884246867
05/11/2023 12:33:39.823238,2339,True,True,True,True,Eyes,1.27267,-0.2837105,-3.547408,-0.1368512,-0.1365385,0.9811366,0.0,0.0,0.0,0.0,0.0,0.0,0.0,-0.2207049,1.012849,3.639887,1.261578,-0.2827037,-3.556944,0.09473468,-0.1379492,0.02551389,0.985568,11.17312,344.2022,1.410814,0.3372895,-0.07497058,-0.9384106,0,0,0,1.043364,-0.4094805,-2.621496,0.04619849,0.06043762,0.9659017,0.9606381,0.0241542,0.2767507,-0.07642849,0.9807488,0.1796957,-0.2670825,-0.1937742,0.9439907,moving,-7.940518,-7.922606,2.738335,3.580397,-10.228415516214083,2.9284507489193548
05/11/2023 12:33:39.852969,2340,True,True,True,True,Eyes,1.27236,-0.2837346,-3.547388,-0.1408039,-0.1365436,0.9805764,0.0,0.0,0.0,0.0,0.0,0.0,0.0,-0.2105636,1.011575,3.640691,1.261506,-0.2828451,-3.556803,0.09454748,-0.1392913,0.02553047,0.9853968,11.15395,344.0452,1.400312,0.3372339,-0.07498017,-0.9384298,0,0,0,1.038719,-0.4094338,-2.621642,0.04434334,0.06051791,0.9667248,0.9598923,0.02397601,0.2793421,-0.07665458,0.9808179,0.1792212,-0.2696867,-0.1934459,0.9433174,moving,-8.171416,-7.927362,2.626297,3.582097,-10.461058864219025,2.9221021714012725
05/11/2023 12:33:39.852969,2341,True,True,True,True,Eyes,1.272055,-0.2837551,-3.547365,-0.1448571,-0.1365463,0.9799854,0.0,0.0,0.0,0.0,0.0,0.0,0.0,-0.1964638,1.016135,3.640214,1.26127,-0.2828248,-3.556894,0.09517867,-0.141116,0.0256242,0.9850739,11.23001,343.8309,1.379935,0.3371767,-0.07498968,-0.9384496,0,0,0,1.034406,-0.4093904,-2.621778,0.04402182,0.06202735,0.9675453,0.9588594,0.02362099,0.2828973,-0.07734594,0.9805689,0.1802841,-0.2731417,-0.1947481,0.9420546,moving,-8.408319,-7.932238,2.605073,3.668096,-10.69975248214383,2.915592216640423
05/11/2023 12:33:39.863231,2342,True,True,True,True,Eyes,1.271762,-0.2837738,-3.547349,-0.1487279,-0.1365351,0.979407,0.0,0.0,0.0,0.0,0.0,0.0,0.0,-0.1885225,1.014455,3.640963,1.261048,-0.282768,-3.556835,0.09494105,-0.1421262,0.0257372,0.9849488,11.20617,343.7139,1.385164,0.3371183,-0.07499902,-0.9384698,0,0,0,1.024704,-0.4092928,-2.622082,0.03679182,0.06226733,0.969741,0.9582755,0.02371244,0.284861,-0.07768687,0.9806476,0.1797083,-0.2750869,-0.19434,0.9415727,moving,-8.634686,-7.936222,2.17275,3.673934,-10.92780821292077,2.9100544623454567
05/11/2023 12:33:39.873087,2343,True,True,True,True,Eyes,1.271474,-0.2837952,-3.547336,-0.1525325,-0.1365267,0.9788229,0.0,0.0,0.0,0.0,0.0,0.0,0.0,-0.1902399,1.013467,3.641261,1.261012,-0.2827454,-3.556963,0.09480103,-0.1418876,0.02574246,0.9849965,11.18996,343.7422,1.390803,0.337059,-0.07500815,-0.9384905,0,0,0,1.021959,-0.4092652,-2.622168,0.03373095,0.06222716,0.9705595,0.9584104,0.02381029,0.2843985,-0.07761467,0.9807002,0.1794523,-0.2746368,-0.1940624,0.9417613,moving,-8.857311,-7.940418,1.990464,3.668483,-11.1521031854636,2.9043272927910575
05/11/2023 12:33:39.899743,2344,True,True,True,True,Eyes,1.271185,-0.2838117,-3.547327,-0.156551,-0.1364132,0.9782041,0.0,0.0,0.0,0.0,0.0,0.0,0.0,-0.1812704,1.01377,3.641655,1.260879,-0.2828341,-3.557025,0.094804,-0.1430288,0.02592061,0.9848264,11.19483,343.6102,1.398125,0.3369989,-0.07501714,-0.9385113,0,0,0,1.019648,-0.409242,-2.622241,0.0338766,0.06251407,0.9710494,0.9577418,0.02393521,0.2866318,-0.07817401,0.9806807,0.1793161,-0.2768023,-0.1941457,0.94111,moving,-9.092466,-7.93885,1.998044,3.683496,-11.388824396107832,2.904344884102155
05/11/2023 12:33:39.914998,2345,True,True,True,True,Eyes,1.270903,-0.2838268,-3.547321,-0.1604997,-0.1362794,0.9775826,0.0,0.0,0.0,0.0,0.0,0.0,0.0,-0.1723783,1.014011,3.642041,1.260738,-0.2827334,-3.557106,0.09482695,-0.1441606,0.02608481,0.9846549,11.20176,343.479,1.403606,0.3369381,-0.07502588,-0.9385324,0,0,0,1.016319,-0.4092085,-2.622345,0.03303359,0.06274003,0.9718463,0.9570746,0.02402845,0.2888439,-0.07870968,0.9806549,0.1792228,-0.2789497,-0.1942644,0.9404512,moving,-9.323651,-7.936141,1.946766,3.69375,-11.621510687782509,2.905542674832075
05/11/2023 12:33:39.923169,2346,True,True,True,True,Eyes,1.270641,-0.2838395,-3.547315,-0.1645993,-0.1360484,0.9769329,0.0,0.0,0.0,0.0,0.0,0.0,0.0,-0.1635936,1.011623,3.643141,1.260631,-0.2827215,-3.557176,0.09451158,-0.1453176,0.02605024,0.9845159,11.16689,343.3432,1.391573,0.3368769,-0.07503434,-0.9385538,0,0,0,1.011629,-0.4091613,-2.622493,0.03088814,0.06246699,0.9730185,0.9564084,0.02382536,0.2910591,-0.07876216,0.9807779,0.1785252,-0.281211,-0.1936674,0.9399007,moving,-9.563704,-7.928063,1.818224,3.673301,-11.862949041032508,2.912110236162002
05/11/2023 12:33:39.943034,2347,True,True,True,True,Eyes,1.270382,-0.2838523,-3.547308,-0.1686274,-0.1358253,0.9762768,0.0,0.0,0.0,0.0,0.0,0.0,0.0,-0.154695,1.011439,3.64362,1.260401,-0.2826986,-3.557299,0.09450826,-0.1464751,0.02599562,0.9843462,11.16722,343.2066,1.372051,0.3368156,-0.07504248,-0.9385751,0,0,0,1.007226,-0.409117,-2.622631,0.02917874,0.06276119,0.9741109,0.9557385,0.02349116,0.2932779,-0.07886358,0.9807848,0.1784423,-0.2834508,-0.1936731,0.9392265,moving,-9.799724,-7.920482,1.715738,3.686426,-12.100343026949743,2.9182021429348524
05/11/2023 12:33:39.963406,2348,True,True,True,True,Eyes,1.270158,-0.2838613,-3.547294,-0.1728093,-0.135545,0.9755841,0.0,0.0,0.0,0.0,0.0,0.0,0.0,-0.1455436,1.011221,3.643984,1.260228,-0.2827114,-3.557284,0.09448533,-0.1476664,0.02600909,0.98417,11.16649,343.0668,1.360304,0.3367545,-0.07505033,-0.9385964,0,0,0,1.002727,-0.4090718,-2.622772,0.02735019,0.06305633,0.9751215,0.9550363,0.02329013,0.2955726,-0.07909935,0.980792,0.1782979,-0.2857427,-0.1936606,0.9385343,moving,-10.04485,-7.909882,1.60661,3.699886,-12.3468061630309,2.9272860161166854
05/11/2023 12:33:39.983146,2349,True,True,True,True,Eyes,1.269934,-0.283868,-3.547279,-0.1769413,-0.1352569,0.9748833,0.0,0.0,0.0,0.0,0.0,0.0,0.0,-0.1342591,1.009392,3.644932,1.260041,-0.2826663,-3.557361,0.09423621,-0.1491252,0.02607841,0.9839722,11.14132,342.8965,1.355789,0.3366943,-0.0750578,-0.9386173,0,0,0,0.9981012,-0.4090253,-2.622917,0.02595706,0.06288841,0.9762866,0.9541632,0.02321486,0.2983852,-0.07942685,0.9808789,0.1776737,-0.2885551,-0.1932295,0.9377624,moving,-10.2872,-7.898888,1.522995,3.685668,-12.590461214546293,2.9367867939319012
05/11/2023 12:33:39.999739,2350,True,True,True,True,Eyes,1.269738,-0.2838696,-3.547259,-0.1811729,-0.1348777,0.9741583,0.0,0.0,0.0,0.0,0.0,0.0,0.0,-0.1226882,1.007452,3.6458,1.259846,-0.282623,-3.557356,0.0939786,-0.1506274,0.02612605,0.9837667,11.11487,342.721,1.348512,0.336635,-0.07506488,-0.938638,0,0,0,0.9936732,-0.4089807,-2.623056,0.02483223,0.06266893,0.9773363,0.9532576,0.02309237,0.3012751,-0.0797154,0.9809709,0.1770354,-0.291454,-0.1927766,0.9369588,moving,-10.53544,-7.882808,1.455462,3.668907,-12.83987916580801,2.95139104100104
05/11/2023 12:33:40.013168,2351,True,True,True,True,Eyes,1.269542,-0.2838734,-3.547241,-0.1853774,-0.1344723,0.973423,0.0,0.0,0.0,0.0,0.0,0.0,0.0,-0.1090627,1.004209,3.647118,1.259607,-0.2825378,-3.557437,0.09356088,-0.1524055,0.02610057,0.9835333,11.06931,342.5125,1.33258,0.3365771,-0.07507147,-0.9386582,0,0,0,0.9889441,-0.4089331,-2.623205,0.0240325,0.06210898,0.9785653,0.9521827,0.02282317,0.3046758,-0.07985995,0.9811302,0.1760847,-0.2949078,-0.1919962,0.9360378,moving,-10.78223,-7.865275,1.406839,3.631659,-13.087789253065944,2.9674741660942967
05/11/2023 12:33:40.032860,2352,True,True,True,True,Eyes,1.269372,-0.28388,-3.547215,-0.189619,-0.1340605,0.9726626,0.0,0.0,0.0,0.0,0.0,0.0,0.0,-0.09550476,1.000181,3.648598,1.25945,-0.2826008,-3.557481,0.09304366,-0.154212,0.02592022,0.9833056,11.00969,342.2991,1.300486,0.3365207,-0.07507766,-0.938678,0,0,0,0.9842351,-0.4088858,-2.623353,0.02323511,0.06145769,0.9797807,0.9510936,0.02227809,0.3080983,-0.07967187,0.9813421,0.1749863,-0.2984515,-0.1909751,0.9351231,moving,-11.03136,-7.847544,1.358492,3.58923,-13.33804891407616,2.9837418981283648
05/11/2023 12:33:40.043092,2353,True,True,True,True,Eyes,1.269201,-0.2838871,-3.547189,-0.193811,-0.1336661,0.9718903,0.0,0.0,0.0,0.0,0.0,0.0,0.0,-0.08259559,1.000162,3.648824,1.259251,-0.2826408,-3.557452,0.09306794,-0.155912,0.02584258,0.9830372,11.0133,342.0983,1.271865,0.3364661,-0.07508356,-0.938697,0,0,0,0.9798303,-0.4088415,-2.623491,0.02257156,0.06182865,0.9807919,0.9500473,0.02178762,0.3113448,-0.07982925,0.9813411,0.1749202,-0.3017243,-0.1910368,0.9340596,moving,-11.27779,-7.830881,1.31835,3.607125,-13.585625197895599,2.9989477175439188
05/11/2023 12:33:40.063166,2354,True,True,True,True,Eyes,1.269053,-0.2838902,-3.547156,-0.1979739,-0.1332514,0.9711078,0.0,0.0,0.0,0.0,0.0,0.0,0.0,-0.07037842,1.000464,3.648999,1.259105,-0.2827116,-3.557499,0.09311806,-0.1575126,0.02582647,0.9827776,11.02076,341.9096,1.250949,0.3364131,-0.07508922,-0.9387155,0,0,0,0.9746321,-0.4087892,-2.623654,0.02092999,0.06238534,0.9821185,0.9490456,0.02142882,0.3144095,-0.08009789,0.981324,0.1748927,-0.3047899,-0.1911647,0.9330376,moving,-11.52265,-7.813096,1.220849,3.634613,-13.83158370117339,3.0152985223491244
05/11/2023 12:33:40.083335,2355,True,True,True,True,Eyes,1.268906,-0.2838974,-3.547127,-0.2020745,-0.1328506,0.9703178,0.0,0.0,0.0,0.0,0.0,0.0,0.0,-0.05901337,0.999743,3.649323,1.25893,-0.2826434,-3.557491,0.09302539,-0.1589786,0.02592517,0.9825478,11.01388,341.7384,1.24733,0.3363623,-0.07509457,-0.9387333,0,0,0,0.9709709,-0.4087524,-2.623769,0.02049527,0.06242162,0.9830272,0.9481074,0.02136734,0.3172314,-0.08052351,0.9813483,0.1745607,-0.3075846,-0.1910469,0.9321442,moving,-11.76404,-7.79615,1.194394,3.633369,-14.074075982222423,3.03082410332403
05/11/2023 12:33:40.099939,2356,True,True,True,True,Eyes,1.26877,-0.2838925,-3.54709,-0.2061134,-0.1324727,0.9695196,0.0,0.0,0.0,0.0,0.0,0.0,0.0,-0.04836667,0.9995278,3.649599,1.258826,-0.2827503,-3.55758,0.09295804,-0.1603365,0.02612123,0.9823282,11.01156,341.5808,1.255655,0.3363133,-0.07509972,-0.9387504,0,0,0,0.9663786,-0.4087062,-2.623914,0.01892361,0.06281402,0.9842869,0.9472198,0.0215101,0.3198625,-0.08112837,0.9813529,0.1742543,-0.3101498,-0.191007,0.931302,moving,-12.00202,-7.78057,1.101416,3.651481,-14.313179822675378,3.044991181043655
05/11/2023 12:33:40.113364,2357,True,True,True,True,Eyes,1.268633,-0.2838878,-3.547055,-0.2100985,-0.1320658,0.9687194,0.0,0.0,0.0,0.0,0.0,0.0,0.0,-0.03752482,0.9983411,3.649894,1.258555,-0.2824725,-3.557537,0.09283666,-0.1617272,0.02619266,0.9821098,11.00086,341.4181,1.250332,0.3362663,-0.07510439,-0.938767,0,0,0,0.9618166,-0.4086603,-2.624057,0.0175651,0.06265076,0.9854583,0.9463165,0.02141971,0.322531,-0.08147655,0.9813905,0.1738795,-0.3128044,-0.1908237,0.9304514,moving,-12.23695,-7.763289,1.021149,3.637698,-14.549156617407366,3.060898571590962
05/11/2023 12:33:40.122968,2358,True,True,True,True,Eyes,1.26852,-0.2838769,-3.547015,-0.214069,-0.1316595,0.9679052,0.0,0.0,0.0,0.0,0.0,0.0,0.0,-0.02681911,0.9941506,3.651096,1.258404,-0.2824846,-3.557552,0.09225757,-0.1631102,0.02626512,0.9819336,10.93819,341.2574,1.253873,0.3362211,-0.07510862,-0.9387828,0,0,0,0.9570878,-0.4086127,-2.624205,0.01592156,0.06191188,0.9867871,0.9454104,0.02148492,0.3251731,-0.08167752,0.9815974,0.1726134,-0.3154805,-0.1897499,0.9297672,moving,-12.4712,-7.746131,0.9243729,3.590081,-14.784452787499843,3.0766861238293917
05/11/2023 12:33:40.142961,2359,True,True,True,True,Eyes,1.268405,-0.2838647,-3.546978,-0.2179928,-0.1312459,0.9670851,0.0,0.0,0.0,0.0,0.0,0.0,0.0,-0.01573753,0.9903829,3.6522,1.258273,-0.2823561,-3.557625,0.09175611,-0.1645432,0.0263361,0.9817396,10.8844,341.0905,1.255384,0.3361781,-0.07511229,-0.9387979,0,0,0,0.9526153,-0.4085677,-2.624346,0.0146333,0.06117602,0.9881344,0.9444639,0.0215147,0.3279102,-0.08190608,0.9817745,0.1714944,-0.3182442,-0.1888281,0.9290127,moving,-12.70286,-7.72856,0.8484321,3.542696,-15.017127526523586,3.0929085525114273
05/11/2023 12:33:40.163157,2360,True,True,True,True,Eyes,1.26831,-0.2838542,-3.546933,-0.2218932,-0.1307848,0.9662601,0.0,0.0,0.0,0.0,0.0,0.0,0.0,-0.004714847,0.9879826,3.652885,1.25813,-0.282316,-3.557683,0.09145699,-0.1659911,0.02626854,0.9815257,10.85099,340.92,1.237137,0.336137,-0.07511542,-0.9388124,0,0,0,0.948243,-0.4085237,-2.624483,0.01350749,0.06086996,0.9894097,0.9435139,0.02120441,0.3306539,-0.08192857,0.9818912,0.1708141,-0.3210441,-0.1882554,0.9281651,moving,-12.93324,-7.708227,0.7821571,3.520485,-15.24842242923454,3.111932329343511
05/11/2023 12:33:40.173223,2361,True,True,True,True,Eyes,1.268213,-0.2838453,-3.546892,-0.225756,-0.1303174,0.9654282,0.0,0.0,0.0,0.0,0.0,0.0,0.0,0.005851507,0.984585,3.653751,1.257995,-0.2823735,-3.557675,0.09100564,-0.1673793,0.0262136,0.9813333,10.80045,340.7569,1.224048,0.3360982,-0.07511811,-0.9388261,0,0,0,0.9436933,-0.408478,-2.624626,0.01206222,0.06037088,0.9906957,0.9425941,0.02098364,0.3332809,-0.08191346,0.9820616,0.1698385,-0.3237385,-0.1873889,0.9274043,moving,-13.16157,-7.68755,0.6975706,3.48717,-15.477641890224792,3.1313176123707045
05/11/2023 12:33:40.193263,2362,True,True,True,True,Eyes,1.268117,-0.2838304,-3.546852,-0.2295737,-0.1298603,0.9645891,0.0,0.0,0.0,0.0,0.0,0.0,0.0,0.01747918,0.9821371,3.654402,1.257858,-0.2824059,-3.55775,0.09069362,-0.1689084,0.02613052,0.9811023,10.76532,340.5766,1.203603,0.3360614,-0.07512044,-0.9388391,0,0,0,0.9390509,-0.4084313,-2.624772,0.01086083,0.06013059,0.992087,0.9415742,0.0206356,0.3361727,-0.08191127,0.9821837,0.1691321,-0.3266932,-0.1867868,0.9264892,moving,-13.38741,-7.667489,0.6272181,3.468466,-15.704374521861615,3.1500966252497014
05/11/2023 12:33:40.213253,2363,True,True,True,True,Eyes,1.268015,-0.2838178,-3.546816,-0.2333673,-0.1294054,0.9637396,0.0,0.0,0.0,0.0,0.0,0.0,0.0,0.0291574,0.9793422,3.655059,1.257633,-0.2822554,-3.557824,0.09036136,-0.1704349,0.02603755,0.9808715,10.72767,340.3966,1.182566,0.3360263,-0.07512228,-0.9388515,0,0,0,0.9346045,-0.4083866,-2.624911,0.009927034,0.05964287,0.9934418,0.9405479,0.02027751,0.3390552,-0.08188045,0.9823138,0.1683904,-0.329644,-0.1861412,0.9255735,moving,-13.61203,-7.647606,0.5725129,3.43572,-15.929884626293715,3.1687037866863186
05/11/2023 12:33:40.223222,2364,True,True,True,True,Eyes,1.267917,-0.2838054,-3.546777,-0.2373105,-0.1290168,0.9628283,0.0,0.0,0.0,0.0,0.0,0.0,0.0,0.04182374,0.9776604,3.655415,1.257443,-0.2822945,-3.557917,0.09016258,-0.1720994,0.02591676,0.9806023,10.70473,340.1996,1.15429,0.3359926,-0.07512374,-0.9388635,0,0,0,0.9300227,-0.4083405,-2.625055,0.009141028,0.05960965,0.9948296,0.9394203,0.01979423,0.3421955,-0.08186192,0.9823981,0.1679067,-0.3328486,-0.1857478,0.9245051,moving,-13.84585,-7.632042,0.5264496,3.429032,-16.164800372879476,3.1828824228079107
05/11/2023 12:33:40.243138,2365,True,True,True,True,Eyes,1.267814,-0.2837903,-3.546742,-0.241242,-0.1286318,0.9619023,0.0,0.0,0.0,0.0,0.0,0.0,0.0,0.05553734,0.9755124,3.655729,1.257171,-0.2822931,-3.557934,0.08990148,-0.1738867,0.02584226,0.9803129,10.67573,339.9888,1.131286,0.3359604,-0.07512487,-0.9388749,0,0,0,0.9254354,-0.4082943,-2.625199,0.00865221,0.05940769,0.99615,0.9381911,0.01940165,0.3455733,-0.08193234,0.9824998,0.1672759,-0.3362803,-0.1852504,0.9233623,moving,-14.0792,-7.616775,0.4976386,3.412923,-16.399252674324742,3.196763879243111
05/11/2023 12:33:40.262970,2366,True,True,True,True,Eyes,1.267707,-0.2837728,-3.54671,-0.2470053,-0.1283415,0.9604775,0.0,0.0,0.0,0.0,0.0,0.0,0.0,0.06983566,0.9740565,3.65592,1.257007,-0.2822083,-3.558048,0.08976231,-0.1757784,0.02566096,0.9799929,10.65846,339.7643,1.092556,0.3359292,-0.07512562,-0.938886,0,0,0,0.9208106,-0.4082478,-2.625344,0.008294731,0.05935486,0.9976267,0.9368869,0.01873856,0.3491299,-0.08185167,0.9825684,0.1669116,-0.3399164,-0.1849541,0.9220893,moving,-14.42219,-7.610929,0.4763727,3.40486,-16.744409805974975,3.200388204704132
05/11/2023 12:33:40.273435,2367,True,True,True,True,Eyes,1.267591,-0.2837535,-3.546679,-0.252679,-0.1280385,0.9590409,0.0,0.0,0.0,0.0,0.0,0.0,0.0,0.08430183,0.971797,3.656154,1.256748,-0.2821428,-3.558081,0.08950628,-0.1776762,0.0255189,0.9796779,10.62865,339.5396,1.060716,0.3358989,-0.07512596,-0.9388968,0,0,0,0.9163034,-0.4082025,-2.625486,0.008125246,0.05907165,0.9989855,0.9355599,0.01819434,0.352699,-0.08180688,0.9826748,0.1663064,-0.3435627,-0.1844428,0.9208396,moving,-14.76032,-7.604407,0.4660048,3.384053,-17.08465122080694,3.204728475998488
05/11/2023 12:33:40.300416,2368,True,True,True,True,Eyes,1.267472,-0.2837361,-3.54665,-0.2583075,-0.127776,0.9575753,0.0,0.0,0.0,0.0,0.0,0.0,0.0,0.09864807,0.9694248,3.656352,1.25647,-0.2820815,-3.558108,0.08923193,-0.1795528,0.02539156,0.9793639,10.59697,339.3176,1.03129,0.3358692,-0.0751259,-0.9389074,0,0,0,0.9118013,-0.4081572,-2.625627,0.007943302,0.05875871,1.000349,0.9342321,0.01769148,0.3562265,-0.08177885,0.9827859,0.1656628,-0.3471636,-0.1838993,0.9195969,moving,-15.09631,-7.600479,0.4549495,3.36159,-17.42282340509621,3.206460076336848
05/11/2023 12:33:40.323283,2369,True,True,True,True,Eyes,1.267343,-0.2837151,-3.546621,-0.2638684,-0.1275028,0.9560944,0.0,0.0,0.0,0.0,0.0,0.0,0.0,0.1143026,0.9680922,3.656272,1.256258,-0.2821014,-3.558206,0.08906362,-0.1815782,0.02543064,0.9790048,10.58084,339.0794,1.017124,0.3358399,-0.07512552,-0.9389179,0,0,0,0.9072491,-0.4081114,-2.62577,0.007992148,0.05881253,1.001798,0.9327653,0.01744941,0.3600618,-0.08213747,0.982842,0.1651521,-0.351002,-0.1836227,0.9181941,moving,-15.42875,-7.596028,0.4570847,3.359805,-17.757403928053968,3.208744181136262
05/11/2023 12:33:40.333317,2370,True,True,True,True,Eyes,1.267223,-0.283694,-3.54659,-0.269385,-0.1272143,0.9545932,0.0,0.0,0.0,0.0,0.0,0.0,0.0,0.1304878,0.9658442,3.65621,1.255956,-0.2819919,-3.558203,0.08880299,-0.1836789,0.02539562,0.9786375,10.55278,338.8318,0.9957158,0.3358108,-0.07512477,-0.9389284,0,0,0,0.9023376,-0.408062,-2.625924,0.007913709,0.05853751,1.003292,0.9312343,0.01708373,0.3640206,-0.08232868,0.9829382,0.1644826,-0.3549998,-0.1831411,0.9167522,moving,-15.759,-7.59082,0.4519249,3.339161,-18.089754434454335,3.2118083331388068
05/11/2023 12:33:40.343061,2371,True,True,True,True,Eyes,1.267096,-0.2836731,-3.546562,-0.2748351,-0.1269278,0.9530765,0.0,0.0,0.0,0.0,0.0,0.0,0.0,0.147105,0.9631113,3.656356,1.255654,-0.2820095,-3.558366,0.0884684,-0.1858412,0.02527768,0.9782623,10.51459,338.5762,0.965899,0.335782,-0.07512367,-0.9389387,0,0,0,0.8981391,-0.4080198,-2.626056,0.008708715,0.05817522,1.004707,0.9296482,0.01657426,0.3680755,-0.08233857,0.9830688,0.1636953,-0.3591304,-0.1824859,0.9152727,moving,-16.08578,-7.585835,0.4966226,3.313879,-18.418618416543538,3.2146701335958214
05/11/2023 12:33:40.363221,2372,True,True,True,True,Eyes,1.26328,-0.2833248,-3.545979,-0.4066907,-0.1192171,0.9057538,0.0,0.0,0.0,0.0,0.0,0.0,0.0,0.1634626,0.9622336,3.655833,1.255401,-0.281961,-3.558398,0.08837237,-0.187951,0.02534649,0.9778662,10.50728,338.3279,0.9528995,0.3357534,-0.07512227,-0.9389491,0,0,0,0.8929201,-0.4079672,-2.62622,0.008362442,0.05836292,1.006354,0.9280639,0.0163516,0.3720618,-0.08279032,0.9830957,0.1633049,-0.3631021,-0.1823605,0.9137294,moving,-24.18046,-7.498281,0.4760964,3.319117,-26.566104983361335,3.249229433785172
05/11/2023 12:33:40.383303,2373,True,True,True,True,Eyes,1.263271,-0.2833192,-3.545979,-0.4068556,-0.1192265,0.9056785,0.0,0.0,0.0,0.0,0.0,0.0,0.0,0.1823187,0.9596245,3.65554,1.255109,-0.2821086,-3.558399,0.08796823,-0.1903272,0.02575388,0.9774323,10.47283,338.0524,0.9824115,0.335643,-0.07511546,-0.938989,0,0,0,0.8889894,-0.4079277,-2.626343,0.009777367,0.05813178,1.007535,0.9262246,0.01685985,0.376595,-0.08383086,0.9831967,0.1621627,-0.3675329,-0.1817693,0.9120742,moving,-24.19093,-7.499482,0.5559949,3.302135,-26.57668660042208,3.2479452260772312
05/11/2023 12:33:40.400303,2374,True,True,True,True,Eyes,1.263238,-0.2833115,-3.54598,-0.4071143,-0.1192298,0.9055618,0.0,0.0,0.0,0.0,0.0,0.0,0.0,0.1993943,0.9600444,3.654528,1.254934,-0.2819602,-3.558462,0.08807552,-0.1925505,0.0257607,0.9769869,10.48731,337.7892,0.9566937,0.3355435,-0.0751092,-0.939025,0,0,0,0.8846566,-0.4078841,-2.62648,0.01048023,0.05854009,1.008968,0.9245214,0.01641776,0.3807764,-0.08425371,0.9831582,0.1621768,-0.3717008,-0.1820177,0.9103341,moving,-24.2073,-7.500641,0.595114,3.320565,-26.593207425808735,3.246664148538268
05/11/2023 12:33:40.413032,2375,True,True,True,True,Eyes,1.263201,-0.2833029,-3.54598,-0.4074838,-0.1191911,0.9054006,0.0,0.0,0.0,0.0,0.0,0.0,0.0,0.2144958,0.9601299,3.653466,1.254746,-0.2818799,-3.558346,0.08814427,-0.1945388,0.02565908,0.9765895,10.49472,337.5527,0.9219841,0.3354531,-0.07510338,-0.9390578,0,0,0,0.8801538,-0.4078389,-2.626621,0.01050204,0.05888963,1.010306,0.9229925,0.01582179,0.3844925,-0.08441173,0.9831444,0.1621782,-0.3754458,-0.1821449,0.9087704,moving,-24.23056,-7.499558,0.5955631,3.335934,-26.61659176337792,3.247604144192973
05/11/2023 12:33:40.433279,2376,True,True,True,True,Eyes,1.263139,-0.283294,-3.545984,-0.4078371,-0.1192001,0.9052404,0.0,0.0,0.0,0.0,0.0,0.0,0.0,0.2264903,0.9561331,3.653769,1.254668,-0.2818519,-3.558355,0.08765674,-0.196146,0.02540603,0.9763184,10.43549,337.3616,0.8868432,0.3353709,-0.07509794,-0.9390876,0,0,0,0.8754079,-0.4077911,-2.62677,0.009443313,0.05818193,1.011966,0.9217625,0.0152217,0.387456,-0.0839958,0.9833417,0.1611952,-0.378548,-0.1811284,0.907686,moving,-24.25295,-7.501429,0.5346488,3.29054,-26.63919747297804,3.245562984864958
05/11/2023 12:33:40.463149,2377,True,True,True,True,Eyes,1.263068,-0.283281,-3.545992,-0.4082726,-0.1191863,0.905046,0.0,0.0,0.0,0.0,0.0,0.0,0.0,0.2351958,0.9538065,3.653722,1.254393,-0.2818183,-3.558346,0.08739,-0.1972921,0.0251928,0.9761169,10.40159,337.2247,0.856324,0.3352955,-0.07509284,-0.9391149,0,0,0,0.8709778,-0.4077466,-2.626909,0.007922024,0.05788271,1.013423,0.9208823,0.01469952,0.3895635,-0.08366495,0.9834566,0.1606651,-0.3807572,-0.1805464,0.9068776,moving,-24.28047,-7.502159,0.4478774,3.268956,-26.666930872470502,3.244641350480741
05/11/2023 12:33:40.473141,2378,True,True,True,True,Eyes,1.262966,-0.2832734,-3.546011,-0.4086851,-0.1191895,0.9048592,0.0,0.0,0.0,0.0,0.0,0.0,0.0,0.2451839,0.9514472,3.653697,1.254152,-0.2817097,-3.558455,0.08710569,-0.1985779,0.02514039,0.9758829,10.36944,337.0728,0.8430763,0.3352258,-0.07508795,-0.9391402,0,0,0,0.8659153,-0.4076956,-2.627068,0.006113529,0.05761156,1.015247,0.9198695,0.01447362,0.3919573,-0.08366268,0.9835612,0.1600253,-0.3831978,-0.1799946,0.9059588,moving,-24.3066,-7.50389,0.3450148,3.247844,-26.693297699515213,3.2427168164931457
05/11/2023 12:33:40.482940,2379,True,True,True,True,Eyes,1.262838,-0.2832672,-3.546041,-0.4090634,-0.1192433,0.9046813,1.004374,0.8519852,-0.403032,-2.637403,-0.6645641,0.3082404,-0.6806926,-0.008045942,0.06088001,1.010447,1.253971,-0.2818197,-3.558538,0.08662025,-0.1997749,0.02524105,0.9756792,10.31805,336.9337,0.8529345,0.3351606,-0.07508337,-0.9391639,0,0,0,0.8619541,-0.4076558,-2.627192,0.005071908,0.05711842,1.016675,0.9189058,0.01464524,0.3942052,-0.08386343,0.9837196,0.1589421,-0.3854596,-0.1791122,0.9051739,moving,-24.33072,-7.508698,0.2858303,3.215588,-26.717742109107803,3.237694356275327
05/11/2023 12:33:40.493223,2380,True,True,True,True,Eyes,1.262707,-0.2832589,-3.546072,-0.4095159,-0.1192924,0.9044701,1.006082,0.8507009,-0.4032768,-2.636101,-0.7499182,0.2918189,-0.5936872,-0.006106704,0.06137963,1.012179,1.253828,-0.2818194,-3.558623,0.08679447,-0.2009559,0.02546402,0.9754153,10.34388,336.7955,0.8615692,0.3350986,-0.07507912,-0.9391863,0,0,0,0.8549437,-0.4075853,-2.627413,0.001168758,0.05816513,1.019164,0.9179366,0.01479228,0.3964512,-0.0845597,0.9836366,0.159087,-0.3876106,-0.1795556,0.9041669,moving,-24.35954,-7.513488,0.06570569,3.266409,-26.74691826190287,3.232658759504803
05/11/2023 12:33:40.513204,2381,True,True,True,True,Eyes,1.262575,-0.283247,-3.546106,-0.4100268,-0.1193204,0.9042349,1.000297,0.8524266,-0.4026028,-2.641603,0.1164916,0.3292801,-0.9370189,-0.00407365,0.06086168,1.00643,1.25368,-0.2817638,-3.558672,0.08673862,-0.202157,0.02552888,0.9751704,10.34015,336.6541,0.8573716,0.3350395,-0.0750751,-0.9392077,0,0,0,0.8506792,-0.4075423,-2.627547,-0.0001444817,0.05838407,1.020694,0.9169617,0.01472039,0.3987037,-0.08485965,0.9836494,0.1588482,-0.3898464,-0.1794916,0.9032179,moving,-24.392,-7.517167,-0.008110357,3.273773,-26.779722841986924,3.2287222876007284
05/11/2023 12:33:40.522961,2382,True,True,True,True,Eyes,1.262435,-0.2832375,-3.546146,-0.4105555,-0.1193865,0.9039862,1.000805,0.851549,-0.4027202,-2.641432,0.2253853,0.3197369,-0.9203095,-0.002537698,0.06024021,1.007058,1.253532,-0.2816687,-3.558796,0.08645207,-0.2031839,0.02567292,0.9749787,10.31213,336.5347,0.8694894,0.3349829,-0.0750712,-0.9392283,0,0,0,0.8481676,-0.4075171,-2.627625,-0.0001754463,0.05799288,1.021702,0.9161144,0.01492976,0.4006389,-0.08519244,0.983734,0.1581452,-0.3917611,-0.1790105,0.9024847,moving,-24.42571,-7.523329,-0.009838811,3.248683,-26.813867856719583,3.222266780181843
05/11/2023 12:33:40.543025,2383,True,True,True,True,Eyes,1.262293,-0.2832279,-3.546192,-0.4111585,-0.1194418,0.9037048,1.002127,0.8502604,-0.4029237,-2.640565,0.4236082,0.3033086,-0.8535572,-0.0008183718,0.0594808,1.008502,1.253338,-0.2817221,-3.558963,0.08596874,-0.2043245,0.02592703,0.9747761,10.26468,336.4037,0.8976205,0.3349284,-0.07506745,-0.9392481,0,0,0,0.8439051,-0.4074742,-2.627759,-0.001546443,0.05755879,1.023364,0.9151586,0.01541506,0.4027992,-0.08567716,0.9838743,0.1570055,-0.3938836,-0.1781956,0.9017217,moving,-24.46411,-7.529088,-0.08658169,3.219193,-26.852721857052273,3.2161874980634826
05/11/2023 12:33:40.563215,2384,True,True,True,True,Eyes,1.262147,-0.2832139,-3.546236,-0.4118024,-0.1195257,0.9034005,1.002093,0.8494822,-0.4029898,-2.640944,0.3717553,0.2989192,-0.8788887,0.001166224,0.05917898,1.008619,1.253193,-0.2817065,-3.559162,0.08584992,-0.2056068,0.0259468,0.9745165,10.25294,336.2523,0.8890533,0.3348756,-0.07506383,-0.9392672,0,0,0,0.8392608,-0.4074275,-2.627905,-0.002961427,0.05773313,1.025204,0.9141051,0.01526852,0.4051895,-0.08587383,0.9839131,0.1566547,-0.3962795,-0.177994,0.9007113,moving,-24.5052,-7.536828,-0.1655054,3.223139,-26.89434965449111,3.208087179660539
05/11/2023 12:33:40.573112,2385,True,True,True,True,Eyes,1.261999,-0.2831988,-3.546284,-0.4125143,-0.1195858,0.9030677,1.007401,0.8464319,-0.4036696,-2.636533,0.7869846,0.2473159,-0.5652345,0.002762705,0.05893607,1.013888,1.253042,-0.2815824,-3.559145,0.08565149,-0.2068088,0.02600703,0.974278,10.23312,336.1111,0.8878723,0.3348243,-0.07506023,-0.9392858,0,0,0,0.8346223,-0.4073808,-2.628051,-0.004621416,0.05762547,1.026886,0.9131075,0.01524919,0.4074335,-0.0861031,0.9839749,0.1561398,-0.3985234,-0.1776537,0.8997879,moving,-24.55055,-7.54332,-0.2578533,3.211883,-26.9402256296418,3.2012203806726944
05/11/2023 12:33:40.594505,2386,True,True,True,True,Eyes,1.261836,-0.283183,-3.54634,-0.4132456,-0.1196798,0.9027207,1.011311,0.8439164,-0.4042165,-2.633409,0.9141551,0.2079762,-0.3479461,0.004513383,0.05850245,1.017914,1.252907,-0.2815481,-3.559299,0.08534043,-0.2080689,0.02616037,0.9740329,10.20293,335.9642,0.8994065,0.3347742,-0.07505659,-0.939304,0,0,0,0.8302028,-0.4073364,-2.628189,-0.005903125,0.05742908,1.028656,0.9120459,0.01544874,0.409797,-0.0864755,0.9840653,0.1553625,-0.4008669,-0.1771351,0.8988487,moving,-24.59726,-7.552047,-0.3287984,3.195463,-26.98754462268586,3.192084579506319
05/11/2023 12:33:40.613504,2387,True,True,True,True,Eyes,1.261671,-0.2831643,-3.546402,-0.4140462,-0.1197588,0.9023434,1.017721,0.8402877,-0.4050454,-2.628067,0.988596,0.1495018,0.01808267,0.006149083,0.05847612,1.024402,1.252728,-0.2814991,-3.559457,0.0851661,-0.2092894,0.02629465,0.973783,10.18767,335.8213,0.9059488,0.3347249,-0.0750529,-0.9393219,0,0,0,0.8254544,-0.4072886,-2.628339,-0.00751093,0.05751505,1.030535,0.9110131,0.01556185,0.4120837,-0.08685929,0.9841107,0.1548602,-0.4031261,-0.176873,0.8978894,moving,-24.64834,-7.560101,-0.417586,3.194413,-27.039241501059635,3.1836001494511192
05/11/2023 12:33:40.633345,2388,True,True,True,True,Eyes,1.261495,-0.2831442,-3.546463,-0.4149053,-0.1198259,0.9019397,0.0,0.0,0.0,0.0,0.0,0.0,0.0,0.3403838,0.9356119,3.65074,1.252553,-0.2814133,-3.559642,0.08498746,-0.2106153,0.02639488,0.97351,10.17124,335.6656,0.9076601,0.3346761,-0.07504909,-0.9393396,0,0,0,0.8206863,-0.4072407,-2.628488,-0.00889495,0.05754784,1.032472,0.909889,0.01559205,0.4145586,-0.08719068,0.9841609,0.154354,-0.4055857,-0.1765906,0.8968367,moving,-24.70311,-7.567636,-0.4936022,3.190247,-27.094636661819315,3.175615906352717
05/11/2023 12:33:40.643038,2389,True,True,True,True,Eyes,1.261316,-0.2831232,-3.54653,-0.415842,-0.1198811,0.9015009,0.0,0.0,0.0,0.0,0.0,0.0,0.0,0.351512,0.9323277,3.650475,1.252309,-0.2813508,-3.55968,0.08457261,-0.2120435,0.02639089,0.9732361,10.12582,335.4975,0.9023468,0.3346275,-0.07504514,-0.9393572,0,0,0,0.8164313,-0.4071979,-2.628622,-0.009587169,0.05700108,1.034097,0.9086821,0.01550298,0.4172007,-0.08723527,0.984302,0.1534262,-0.408273,-0.1758102,0.89577,moving,-24.76281,-7.574723,-0.5311773,3.155044,-27.154980976295086,3.1680517903826946
05/11/2023 12:33:40.662992,2390,True,True,True,True,Eyes,1.261125,-0.2831045,-3.546604,-0.416864,-0.1199057,0.9010256,0.0,0.0,0.0,0.0,0.0,0.0,0.0,0.3637145,0.9308902,3.649756,1.252092,-0.2813116,-3.559872,0.08437118,-0.213562,0.02667688,0.9729137,10.1116,335.3207,0.9237661,0.3345791,-0.07504101,-0.9393747,0,0,0,0.8117397,-0.4071507,-2.628769,-0.01043954,0.05711015,1.036016,0.9073592,0.01587165,0.4200564,-0.08794557,0.9843397,0.1527774,-0.4110533,-0.1755661,0.8945456,moving,-24.82786,-7.580206,-0.5773289,3.155225,-27.220659234764298,3.1620738978709095
05/11/2023 12:33:40.683385,2391,True,True,True,True,Eyes,1.260933,-0.2830844,-3.546683,-0.4179889,-0.1199085,0.9005039,0.0,0.0,0.0,0.0,0.0,0.0,0.0,0.3778207,0.9268668,3.649443,1.251937,-0.2813445,-3.560023,0.08382753,-0.2153578,0.0268361,0.9725605,10.05616,335.1109,0.9365261,0.3345304,-0.07503679,-0.9393924,0,0,0,0.8074118,-0.4071071,-2.628905,-0.01044428,0.05650048,1.037833,0.9058017,0.01609363,0.4233961,-0.08830527,0.9845055,0.1514959,-0.4143977,-0.1746134,0.8931879,moving,-24.89942,-7.584725,-0.5765793,3.116152,-27.292860511209447,3.157027354452559
05/11/2023 12:33:40.693211,2392,True,True,True,True,Eyes,1.260734,-0.2830604,-3.546757,-0.4191914,-0.1198891,0.8999473,0.0,0.0,0.0,0.0,0.0,0.0,0.0,0.3935069,0.9249523,3.648448,1.251775,-0.2812809,-3.560266,0.08360063,-0.2173747,0.02689018,0.9721298,10.03396,334.8727,0.9272987,0.3344814,-0.07503245,-0.9394102,0,0,0,0.8028869,-0.4070616,-2.629047,-0.01007181,0.05641804,1.03981,0.9040503,0.01593617,0.4271288,-0.08862682,0.9845757,0.1508508,-0.4181367,-0.1742318,0.8915184,moving,-24.97589,-7.588146,-0.5549612,3.10571,-27.36996938111691,3.153058323112268
05/11/2023 12:33:40.713067,2393,True,True,True,True,Eyes,1.260531,-0.2830335,-3.546838,-0.420498,-0.1198175,0.899347,0.0,0.0,0.0,0.0,0.0,0.0,0.0,0.4063715,0.9223703,3.647545,1.251468,-0.2811667,-3.560234,0.08329514,-0.2190244,0.02690708,0.9717852,10.00165,334.6779,0.9197757,0.334432,-0.0750279,-0.9394282,0,0,0,0.797412,-0.4070066,-2.629219,-0.01132756,0.05614941,1.041878,0.9026087,0.01580847,0.4301717,-0.08878314,0.9846759,0.1501033,-0.4212068,-0.1736766,0.8901805,moving,-25.05888,-7.588672,-0.62291,3.084829,-27.45354769604618,3.1519731170179055
05/11/2023 12:33:40.723022,2394,True,True,True,True,Eyes,1.260328,-0.283011,-3.546919,-0.4219161,-0.1198002,0.898685,0.0,0.0,0.0,0.0,0.0,0.0,0.0,0.4224517,0.916752,3.647283,1.251202,-0.281084,-3.560486,0.08255966,-0.2210634,0.02703574,0.9713825,9.92432,334.4393,0.9319941,0.3343821,-0.07502308,-0.9394463,0,0,0,0.7936413,-0.4069686,-2.629337,-0.01012686,0.05497065,1.04361,0.9008,0.01602226,0.4339384,-0.08902593,0.984906,0.1484408,-0.4250101,-0.1723472,0.8886297,moving,-25.14919,-7.593109,-0.5559627,3.015187,-27.544625271717265,3.1468844723280327
05/11/2023 12:33:40.743042,2395,True,True,True,True,Eyes,1.260121,-0.282986,-3.547006,-0.4234658,-0.1197695,0.8979599,0.0,0.0,0.0,0.0,0.0,0.0,0.0,0.4405841,0.9136785,3.646018,1.25088,-0.2811701,-3.560704,0.08215486,-0.2233662,0.027183,0.9708858,9.884903,334.1683,0.9353535,0.3343318,-0.07501814,-0.9394646,0,0,0,0.7894232,-0.4069262,-2.62947,-0.008690506,0.05466802,1.045413,0.8987372,0.01608193,0.4381927,-0.08948442,0.9850233,0.1473824,-0.4292598,-0.1716695,0.8867162,moving,-25.24793,-7.597247,-0.4762881,2.993454,-27.644180992166902,3.1420419561403294
05/11/2023 12:33:40.763204,2396,True,True,True,True,Eyes,1.259904,-0.2829602,-3.547095,-0.4250262,-0.1197705,0.8972222,0.0,0.0,0.0,0.0,0.0,0.0,0.0,0.4604121,0.9116607,3.644202,1.250638,-0.2810839,-3.560928,0.08193036,-0.2259148,0.0272554,0.9703129,9.864051,333.8667,0.9231992,0.3342809,-0.075013,-0.9394832,0,0,0,0.7849205,-0.4068809,-2.629611,-0.00702101,0.05455862,1.047398,0.8964393,0.01587399,0.4428821,-0.0899111,0.9850891,0.1466814,-0.4339499,-0.171311,0.8844998,moving,-25.34754,-7.603482,-0.3840644,2.981824,-27.744681811069725,3.1350732444315037
05/11/2023 12:33:40.779327,2397,True,True,True,True,Eyes,1.259683,-0.282935,-3.547189,-0.4267,-0.119757,0.8964292,0.0,0.0,0.0,0.0,0.0,0.0,0.0,0.4783148,0.9089652,3.642581,1.250441,-0.2810295,-3.561014,0.0816116,-0.2282283,0.02729272,0.9697971,9.831506,333.5928,0.9120976,0.3342293,-0.07500768,-0.9395019,0,0,0,0.7802827,-0.4068342,-2.629757,-0.006063163,0.05427177,1.049349,0.8943339,0.01568466,0.4471251,-0.09018897,0.9851893,0.1458354,-0.4382155,-0.1707513,0.8825028,moving,-25.45443,-7.609284,-0.3310528,2.96067,-27.8524984462801,3.128493823823346
05/11/2023 12:33:40.793418,2398,True,True,True,True,Eyes,1.259456,-0.2829059,-3.547285,-0.4284063,-0.1198039,0.8956088,0.0,0.0,0.0,0.0,0.0,0.0,0.0,0.4971942,0.9067807,3.64074,1.250167,-0.2810229,-3.561257,0.08133477,-0.2306175,0.02754622,0.9692479,9.809471,333.3117,0.9236171,0.3341768,-0.0750022,-0.939521,0,0,0,0.7758079,-0.4067892,-2.629897,-0.004641056,0.05422538,1.051334,0.8921136,0.01588379,0.4515319,-0.09091268,0.9852517,0.1449618,-0.4425701,-0.1703724,0.8804004,moving,-25.5637,-7.61912,-0.2529275,2.952568,-27.96284440838931,3.1178195299661438
05/11/2023 12:33:40.813423,2399,True,True,True,True,Eyes,1.259226,-0.2828761,-3.547387,-0.4302496,-0.1198194,0.8947226,0.0,0.0,0.0,0.0,0.0,0.0,0.0,0.5171449,0.9050788,3.638453,1.249829,-0.2808959,-3.561456,0.0811587,-0.2331631,0.02767803,0.9686496,9.79571,333.0103,0.9172053,0.3341235,-0.07499647,-0.9395404,0,0,0,0.7712991,-0.4067439,-2.630039,-0.002839267,0.05419619,1.053291,0.8897378,0.01577418,0.4561994,-0.09146706,0.9852944,0.1443217,-0.4472142,-0.1701357,0.8780965,moving,-25.68173,-7.627553,-0.154447,2.945508,-28.081964400158043,3.1085054808902637
05/11/2023 12:33:40.823178,2400,True,True,True,True,Eyes,1.259002,-0.2828494,-3.547483,-0.4321031,-0.1197676,0.8938359,0.0,0.0,0.0,0.0,0.0,0.0,0.0,0.538886,0.9014297,3.636358,1.249564,-0.2808567,-3.561711,0.08070928,-0.2359448,0.02781788,0.9680094,9.751868,332.6816,0.9168444,0.3340693,-0.07499049,-0.9395602,0,0,0,0.7666121,-0.4066967,-2.630186,-0.0007194579,0.05372462,1.055429,0.8871124,0.01577007,0.461284,-0.09194182,0.9854244,0.1431277,-0.4523033,-0.1693816,0.8756321,moving,-25.80031,-7.631768,-0.03905702,2.91402,-28.20149915944708,3.1034528219763615
05/11/2023 12:33:40.843103,2401,True,True,True,True,Eyes,1.258773,-0.2828196,-3.547582,-0.4340762,-0.1197087,0.8928872,0.0,0.0,0.0,0.0,0.0,0.0,0.0,0.5598571,0.8968452,3.634344,1.249314,-0.2809131,-3.561816,0.08012429,-0.238638,0.02793792,0.9673942,9.692343,332.3636,0.9191515,0.3340145,-0.07498437,-0.9395801,0,0,0,0.7619202,-0.4066496,-2.630333,0.001140088,0.0530397,1.057453,0.8845428,0.01581256,0.4661911,-0.09229535,0.9855992,0.1416894,-0.457237,-0.1683576,0.873264,moving,-25.92666,-7.636067,0.06177312,2.871433,-28.328860145537824,3.0982634192655834
05/11/2023 12:33:40.863328,2402,True,True,True,True,Eyes,1.258537,-0.2827854,-3.547682,-0.4360215,-0.1197344,0.8919355,0.0,0.0,0.0,0.0,0.0,0.0,0.0,0.5805042,0.8950615,3.631645,1.249034,-0.2808112,-3.562026,0.07993905,-0.2412801,0.02807814,0.9667498,9.678037,332.0503,0.913365,0.3339589,-0.07497805,-0.9396004,0,0,0,0.7575024,-0.4066051,-2.630472,0.003262222,0.05301887,1.059433,0.8819911,0.01571369,0.471004,-0.09286449,0.9856427,0.1410128,-0.4620259,-0.1681115,0.8707873,moving,-26.05164,-7.645738,0.1764255,2.864954,-28.455018755877177,3.087651219385468
05/11/2023 12:33:40.883140,2403,True,True,True,True,Eyes,1.258297,-0.2827472,-3.547782,-0.438085,-0.1197008,0.8909284,0.0,0.0,0.0,0.0,0.0,0.0,0.0,0.6013899,0.8917292,3.629052,1.248744,-0.2806678,-3.562124,0.07955859,-0.2439668,0.02815964,0.9661044,9.640394,331.7316,0.9061317,0.3339026,-0.07497143,-0.939621,0,0,0,0.7529407,-0.4065592,-2.630615,0.005322427,0.0525216,1.06141,0.8793744,0.015591,0.4758755,-0.09322962,0.985755,0.1399838,-0.4669141,-0.1674639,0.8683012,moving,-26.18415,-7.652155,0.2873065,2.832848,-28.588651928238576,3.080279115665318
05/11/2023 12:33:40.893257,2404,True,True,True,True,Eyes,1.258044,-0.2827093,-3.54789,-0.4401047,-0.1197485,0.8899258,0.0,0.0,0.0,0.0,0.0,0.0,0.0,0.6218435,0.8854606,3.627172,1.248459,-0.2805454,-3.562267,0.07878656,-0.2466115,0.02810802,0.9654975,9.555329,331.4181,0.8957993,0.3338454,-0.07496443,-0.9396418,0,0,0,0.7482362,-0.4065119,-2.630763,0.007183284,0.05118683,1.06354,0.8767855,0.01541709,0.4806345,-0.09313577,0.9860052,0.1382729,-0.4717764,-0.166,0.8659509,moving,-26.31428,-7.663689,0.3869769,2.755446,-28.720057371681804,3.0677487938339487
05/11/2023 12:33:40.913554,2405,True,True,True,True,Eyes,1.257787,-0.2826778,-3.548001,-0.4422189,-0.1197552,0.8888763,0.0,0.0,0.0,0.0,0.0,0.0,0.0,0.6413096,0.8808221,3.624991,1.248271,-0.2804086,-3.562426,0.07822753,-0.2491252,0.02814496,0.9648963,9.496432,331.1201,0.8909928,0.3337871,-0.07495711,-0.9396631,0,0,0,0.7437189,-0.4064665,-2.630905,0.008882165,0.05031691,1.065638,0.874289,0.01533703,0.4851634,-0.09329082,0.9861767,0.1369397,-0.4763565,-0.1649861,0.8636342,moving,-26.45049,-7.673057,0.4775532,2.703364,-28.857513259233208,3.05736809801199
05/11/2023 12:33:40.923101,2406,True,True,True,True,Eyes,1.257531,-0.2826424,-3.54811,-0.4446634,-0.1196805,0.887666,0.0,0.0,0.0,0.0,0.0,0.0,0.0,0.6601357,0.8763388,3.622795,1.247964,-0.2805448,-3.562622,0.07763961,-0.2515126,0.02834537,0.9643186,9.438975,330.8385,0.9068879,0.3337277,-0.07494965,-0.9396848,0,0,0,0.7390453,-0.4064195,-2.631052,0.010304,0.04975164,1.067747,0.8718759,0.01561323,0.489478,-0.0937226,0.9863373,0.1354802,-0.4806751,-0.1639971,0.8614269,moving,-26.60792,-7.678658,0.5529,2.667764,-29.01621098988725,3.0506549431216756
05/11/2023 12:33:40.943196,2407,True,True,True,True,Eyes,1.257274,-0.282609,-3.548219,-0.4471654,-0.1195783,0.886422,0.0,0.0,0.0,0.0,0.0,0.0,0.0,0.6784636,0.8725282,3.620387,1.247755,-0.2805229,-3.562757,0.07716538,-0.2538528,0.02854006,0.9637374,9.394094,330.562,0.9195317,0.3336673,-0.07494198,-0.9397069,0,0,0,0.7348531,-0.4063773,-2.631183,0.011962,0.04921684,1.069659,0.8694884,0.01583294,0.4936995,-0.09418754,0.9864619,0.1342444,-0.4848903,-0.1632243,0.8592085,moving,-26.76917,-7.68282,0.6407118,2.634418,-29.1787075760476,3.045371372211873
05/11/2023 12:33:40.963187,2408,True,True,True,True,Eyes,1.256991,-0.2825731,-3.54834,-0.4497778,-0.1194529,0.8851164,0.0,0.0,0.0,0.0,0.0,0.0,0.0,0.6953533,0.8686638,3.618137,1.247533,-0.2805486,-3.562859,0.07666964,-0.2559926,0.02881239,0.9632027,9.349034,330.31,0.943669,0.333606,-0.07493415,-0.9397292,0,0,0,0.7302485,-0.406331,-2.631328,0.01282352,0.04876484,1.071733,0.8672753,0.01625062,0.4975636,-0.09475806,0.9865832,0.1329453,-0.4887274,-0.1624483,0.8571791,moving,-26.9377,-7.686044,0.6855237,2.605213,-29.348503334762896,3.0409877263374963
05/11/2023 12:33:40.982829,2409,True,True,True,True,Eyes,1.25671,-0.282536,-3.548457,-0.4524109,-0.1193025,0.8837937,0.0,0.0,0.0,0.0,0.0,0.0,0.0,0.7107277,0.8659593,3.615793,1.247356,-0.2804384,-3.562926,0.07634269,-0.2579345,0.02914245,0.9627007,9.324394,330.0815,0.9713295,0.3335432,-0.07492613,-0.9397522,0,0,0,0.7255489,-0.4062837,-2.631475,0.01313451,0.0485756,1.073865,0.8652411,0.0167281,0.5010769,-0.09549373,0.986645,0.1319566,-0.4921776,-0.162024,0.8552832,moving,-27.10775,-7.687833,0.700753,2.589971,-29.519782256598376,3.0380449551252777
05/11/2023 12:33:40.993063,2410,True,True,True,True,Eyes,1.256431,-0.2825051,-3.548575,-0.4551228,-0.1191042,0.882427,0.0,0.0,0.0,0.0,0.0,0.0,0.0,0.7243546,0.8623312,3.613922,1.247158,-0.2803803,-3.562966,0.07589351,-0.2596737,0.02928643,0.962264,9.280564,329.876,0.9839449,0.3334791,-0.07491789,-0.9397755,0,0,0,0.7212378,-0.4062403,-2.631611,0.01335958,0.04804426,1.07581,0.8634238,0.01694745,0.5041946,-0.09577767,0.9867649,0.1308494,-0.495304,-0.161269,0.8536195,moving,-27.28299,-7.686955,0.7114712,2.557054,-29.69619898733682,3.0377643333290054
05/11/2023 12:33:41.013372,2411,True,True,True,True,Eyes,1.256156,-0.282473,-3.548689,-0.4578091,-0.1189172,0.8810617,0.0,0.0,0.0,0.0,0.0,0.0,0.0,0.7358892,0.8594537,3.612357,1.247082,-0.2805026,-3.563063,0.07550616,-0.261132,0.02953886,0.9618921,9.246637,329.7048,1.009673,0.3334139,-0.07490963,-0.9397993,0,0,0,0.7165259,-0.4061929,-2.631759,0.01254627,0.04794554,1.078035,0.8618751,0.01739225,0.5068223,-0.09626053,0.9868525,0.1298305,-0.4979009,-0.1606846,0.8522178,moving,-27.45687,-7.686779,0.6667833,2.546547,-29.87126949761049,3.0367829476392414
05/11/2023 12:33:41.033172,2412,True,True,True,True,Eyes,1.255876,-0.2824374,-3.548803,-0.4604754,-0.1187516,0.8796934,0.0,0.0,0.0,0.0,0.0,0.0,0.0,0.7454455,0.8589303,3.610473,1.24693,-0.2804443,-3.563071,0.07545639,-0.2623253,0.02983253,0.9615622,9.251225,329.5643,1.032399,0.3333478,-0.07490132,-0.9398234,0,0,0,0.7120398,-0.4061478,-2.6319,0.01139653,0.04836442,1.080056,0.8605909,0.01778344,0.5089864,-0.09695992,0.9868327,0.1294603,-0.4999821,-0.1607637,0.8509835,moving,-27.6298,-7.688003,0.6045508,2.563967,-30.04542961289056,3.034392277268946
05/11/2023 12:33:41.043486,2413,True,True,True,True,Eyes,1.255601,-0.2824029,-3.548912,-0.4631018,-0.1185639,0.878339,0.0,0.0,0.0,0.0,0.0,0.0,0.0,0.7542362,0.8575163,3.608931,1.246776,-0.2803192,-3.563083,0.07530029,-0.2634335,0.03001797,0.9612657,9.240716,329.4335,1.047105,0.3332808,-0.07489287,-0.9398478,0,0,0,0.7075765,-0.4061029,-2.63204,0.01008588,0.04843809,1.082105,0.8594035,0.01803726,0.5109798,-0.09738372,0.9868576,0.1289517,-0.5019383,-0.1605827,0.8498654,moving,-27.80031,-7.68769,0.5340165,2.563012,-30.21710242200919,3.0335718895514976
05/11/2023 12:33:41.063181,2414,True,True,True,True,Eyes,1.255326,-0.2823659,-3.549018,-0.465643,-0.1183976,0.8770169,0.0,0.0,0.0,0.0,0.0,0.0,0.0,0.7615323,0.8545681,3.608047,1.246634,-0.280317,-3.563081,0.07492936,-0.2643777,0.02998957,0.9610363,9.199747,329.3214,1.046146,0.3332132,-0.07488434,-0.9398725,0,0,0,0.7028255,-0.4060551,-2.632189,0.008142382,0.04809701,1.084306,0.8584102,0.01802283,0.5126472,-0.09726141,0.9869725,0.1281625,-0.5036588,-0.1598768,0.8489801,moving,-27.9656,-7.688469,0.4302434,2.539829,-30.3835553070886,3.0316821236264913
05/11/2023 12:33:41.083221,2415,True,True,True,True,Eyes,1.255059,-0.2823358,-3.54912,-0.4681216,-0.1182223,0.8757201,0.0,0.0,0.0,0.0,0.0,0.0,0.0,0.76659,0.8525803,3.607337,1.246582,-0.2802132,-3.562998,0.07470173,-0.2650598,0.02986291,0.96087,9.171389,329.2393,1.032426,0.333145,-0.07487567,-0.9398974,0,0,0,0.6983257,-0.4060099,-2.63233,0.005733699,0.04787759,1.086382,0.857703,0.01778791,0.5138377,-0.09698961,0.9870557,0.1277264,-0.5049144,-0.1593882,0.848326,moving,-28.12701,-7.688449,0.3023924,2.523431,-30.546075164017658,3.0306261415862785
05/11/2023 12:33:41.093191,2416,True,True,True,True,Eyes,1.254825,-0.282305,-3.549205,-0.4705768,-0.1180786,0.8744227,0.0,0.0,0.0,0.0,0.0,0.0,0.0,0.7712027,0.8509177,3.606759,1.246509,-0.2803562,-3.563024,0.07446617,-0.2656369,0.02997364,0.9607256,9.149281,329.1719,1.046469,0.3330764,-0.07486706,-0.9399223,0,0,0,0.6938936,-0.4059653,-2.632469,0.003217727,0.04802728,1.088475,0.8570773,0.01803097,0.5148722,-0.09715478,0.9871128,0.1271589,-0.5059442,-0.1590073,0.8477837,moving,-28.28724,-7.690478,0.1693761,2.52645,-30.707474433225286,3.0275061679533435
05/11/2023 12:33:41.113352,2417,True,True,True,True,Eyes,1.254597,-0.2822761,-3.549282,-0.4729522,-0.1179435,0.8731583,0.0,0.0,0.0,0.0,0.0,0.0,0.0,0.7750192,0.8510711,3.605896,1.246497,-0.2803231,-3.563022,0.07450255,-0.2661328,0.03000961,0.9605845,9.154953,329.1125,1.044594,0.3330086,-0.07485849,-0.9399471,0,0,0,0.6892098,-0.4059182,-2.632617,0.0002612472,0.04856367,1.090706,0.8565455,0.01799838,0.5157576,-0.09730866,0.9870976,0.1271589,-0.5068144,-0.159105,0.8472454,moving,-28.44249,-7.692776,0.01372355,2.54941,-30.863868305243336,3.024147397547119
05/11/2023 12:33:41.123025,2418,True,True,True,True,Eyes,1.254389,-0.2822414,-3.549348,-0.4752432,-0.1178004,0.8719329,0.0,0.0,0.0,0.0,0.0,0.0,0.0,0.7772747,0.8513784,3.605212,1.246412,-0.280337,-3.562924,0.07455478,-0.2664315,0.0299816,0.9604983,9.160208,329.0762,1.036988,0.3329415,-0.07485003,-0.9399715,0,0,0,0.6845523,-0.4058713,-2.632763,-0.00309661,0.04912513,1.092805,0.8562307,0.01786708,0.5162845,-0.09732203,0.9870853,0.1272434,-0.5073434,-0.1591956,0.8469117,moving,-28.5924,-7.694221,-0.1623549,2.573899,-31.014857324444762,3.021686748052338
05/11/2023 12:33:41.143241,2419,True,True,True,True,Eyes,1.254186,-0.2822089,-3.549408,-0.4774494,-0.1176496,0.8707472,0.0,0.0,0.0,0.0,0.0,0.0,0.0,0.7791855,0.8514038,3.604728,1.246429,-0.2801673,-3.562865,0.07459805,-0.2667123,0.02983348,0.9604216,9.16076,329.0411,1.016437,0.3328757,-0.07484151,-0.9399955,0,0,0,0.6803266,-0.4058288,-2.632895,-0.0061813,0.04938496,1.094819,0.855949,0.01751299,0.5167636,-0.09709786,0.9870902,0.1273772,-0.5078615,-0.159205,0.8465993,moving,-28.7369,-7.694826,-0.3234859,2.58274,-31.16037143767597,3.0201115411637485
05/11/2023 12:33:41.163229,2420,True,True,True,True,Eyes,1.254011,-0.2821802,-3.549453,-0.4796229,-0.117524,0.8695688,0.0,0.0,0.0,0.0,0.0,0.0,0.0,0.7800552,0.8503289,3.604695,1.24635,-0.2801891,-3.56279,0.0744611,-0.2668368,0.0297322,0.9604008,9.142608,329.0259,1.008186,0.3328113,-0.07483301,-0.940019,0,0,0,0.6758817,-0.4057841,-2.633035,-0.009750903,0.04949383,1.096863,0.8558282,0.01737173,0.5169684,-0.09684757,0.9871431,0.1271577,-0.5081128,-0.1588923,0.8465074,moving,-28.87955,-7.697,-0.5093349,2.583608,-31.304074533717817,3.016962164951096
05/11/2023 12:33:41.173264,2421,True,True,True,True,Eyes,1.253842,-0.2821563,-3.549492,-0.4816987,-0.1174368,0.8684325,0.0,0.0,0.0,0.0,0.0,0.0,0.0,0.7803332,0.8502228,3.604615,1.246363,-0.2802623,-3.562735,0.07444282,-0.2668877,0.02966909,0.9603901,9.138697,329.0193,1.001228,0.3327488,-0.07482464,-0.9400418,0,0,0,0.6713905,-0.4057389,-2.633176,-0.0135867,0.04994333,1.098971,0.8557813,0.01725204,0.51705,-0.09672354,0.987156,0.1271517,-0.5082154,-0.1588249,0.8464584,moving,-29.01608,-7.701302,-0.7083177,2.602046,-31.44168565804651,3.011701853369667
05/11/2023 12:33:41.193396,2422,True,True,True,True,Eyes,1.253695,-0.2821311,-3.549515,-0.4837471,-0.1174193,0.8672954,0.0,0.0,0.0,0.0,0.0,0.0,0.0,0.7796142,0.8535124,3.603897,1.246344,-0.280347,-3.562638,0.07487336,-0.2667936,0.02972709,0.9603809,9.188085,329.0294,0.9952816,0.3326882,-0.07481651,-0.9400638,0,0,0,0.6666277,-0.405691,-2.633326,-0.01795417,0.05145176,1.101106,0.855875,0.0171472,0.5168985,-0.09705012,0.9870205,0.1279519,-0.5079954,-0.1596759,0.8464303,moving,-29.15125,-7.710141,-0.9341583,2.675334,-31.578076955556575,3.0018629934595342
05/11/2023 12:33:41.213482,2423,True,True,True,True,Eyes,1.253551,-0.2821068,-3.549536,-0.4857092,-0.1174261,0.8661972,0.0,0.0,0.0,0.0,0.0,0.0,0.0,0.7785196,0.8568516,3.603191,1.246324,-0.2802913,-3.562498,0.07532918,-0.2666534,0.02978369,0.9603825,9.240184,329.0449,0.9888508,0.3326301,-0.07480859,-0.9400851,0,0,0,0.662173,-0.4056462,-2.633466,-0.02217931,0.05284011,1.10307,0.8560178,0.0170339,0.5166657,-0.09738103,0.9868769,0.1288058,-0.5076914,-0.1605735,0.8464429,moving,-29.28098,-7.720243,-1.151885,2.74253,-31.70903245121191,2.9907833144688833
05/11/2023 12:33:41.233186,2424,True,True,True,True,Eyes,1.253431,-0.2820732,-3.549538,-0.4876735,-0.1175034,0.8650824,0.0,0.0,0.0,0.0,0.0,0.0,0.0,0.7785323,0.8590196,3.602595,1.246277,-0.280284,-3.562437,0.0756203,-0.2666438,0.02987207,0.9603595,9.275147,329.0457,0.9897947,0.3325742,-0.07480088,-0.9401054,0,0,0,0.6574609,-0.4055988,-2.633613,-0.0262818,0.05398193,1.105222,0.8560175,0.01704847,0.5166656,-0.0977032,0.9867784,0.1293149,-0.5076298,-0.1611757,0.8463653,moving,-29.41129,-7.735101,-1.362217,2.796253,-31.840728685218146,2.974890708920446
05/11/2023 12:33:41.243275,2425,True,True,True,True,Eyes,1.253313,-0.2820401,-3.549539,-0.4895802,-0.117543,0.8639992,0.0,0.0,0.0,0.0,0.0,0.0,0.0,0.7784078,0.8587877,3.602536,1.246129,-0.2800396,-3.562364,0.07563241,-0.2666364,0.02974119,0.9603647,9.272466,329.0454,0.9749,0.3325212,-0.07479312,-0.9401248,0,0,0,0.6530343,-0.4055543,-2.633752,-0.03006712,0.05411572,1.10725,0.856041,0.01679207,0.5166352,-0.09745748,0.9867904,0.1294092,-0.5076376,-0.1611295,0.8463695,moving,-29.53781,-7.747258,-1.555471,2.798046,-31.968519824307343,2.9617545064744295
05/11/2023 12:33:41.263205,2426,True,True,True,True,Eyes,1.253207,-0.2820018,-3.549525,-0.4915637,-0.117539,0.8628729,0.0,0.0,0.0,0.0,0.0,0.0,0.0,0.7806369,0.8555614,3.60273,1.246054,-0.2800285,-3.562299,0.07521262,-0.2669368,0.02963708,0.9603175,9.223057,329.0101,0.9733635,0.3324706,-0.07478534,-0.9401433,0,0,0,0.6483239,-0.4055069,-2.6339,-0.03348255,0.05361012,1.109484,0.8557327,0.01676795,0.5171464,-0.09707604,0.9869294,0.1286335,-0.50823,-0.1602784,0.8461756,moving,-29.66942,-7.756984,-1.728575,2.766372,-32.10135586236056,2.9510424873085146
05/11/2023 12:33:41.283141,2427,True,True,True,True,Eyes,1.253103,-0.2819479,-3.549506,-0.4935044,-0.1174999,0.8617698,0.0,0.0,0.0,0.0,0.0,0.0,0.0,0.7833281,0.8527745,3.602587,1.246023,-0.2798652,-3.562102,0.07489453,-0.2673572,0.02924772,0.9602373,9.176261,328.9577,0.9357572,0.3324228,-0.07477743,-0.9401609,0,0,0,0.6438992,-0.4054624,-2.634039,-0.03645676,0.05293305,1.111529,0.8553295,0.01612232,0.5178336,-0.09621667,0.9870708,0.1281939,-0.5090716,-0.1594722,0.8458219,moving,-29.79821,-7.764238,-1.878556,2.72647,-32.231271026553685,2.942848848951858
05/11/2023 12:33:41.293488,2428,True,True,True,True,Eyes,1.253023,-0.2818695,-3.549458,-0.4955022,-0.1172803,0.8606526,0.0,0.0,0.0,0.0,0.0,0.0,0.0,0.7861569,0.8502319,3.602383,1.246005,-0.2794278,-3.561951,0.07466854,-0.2678511,0.02849077,0.96014,9.128375,328.893,0.8536731,0.3323774,-0.07476899,-0.9401776,0,0,0,0.639522,-0.4054184,-2.634177,-0.03918099,0.05192722,1.113655,0.8548882,0.01471017,0.5186037,-0.09471036,0.9872258,0.128122,-0.5100943,-0.1586471,0.8453608,moving,-29.93026,-7.759846,-2.014968,2.669639,-32.364084791849585,2.946409400809431
05/11/2023 12:33:41.313232,2429,True,True,True,True,Eyes,1.252943,-0.2817882,-3.549404,-0.4974979,-0.1168749,0.8595557,0.0,0.0,0.0,0.0,0.0,0.0,0.0,0.7889279,0.8346218,3.60494,1.24586,-0.2787882,-3.56156,0.07277563,-0.2684903,0.02657604,0.9601618,8.860169,328.8085,0.6932886,0.3323352,-0.07475948,-0.9401933,0,0,0,0.6346956,-0.4053698,-2.634328,-0.04204419,0.0463632,1.115969,0.8544134,0.01195549,0.5194563,-0.09011368,0.9879948,0.1254819,-0.5117199,-0.1540236,0.8452334,moving,-30.06161,-7.743094,-2.157602,2.378999,-32.49578638111408,2.962472511881952
05/11/2023 12:33:41.323376,2430,True,True,True,True,Eyes,1.252874,-0.2817197,-3.549336,-0.4995883,-0.1164363,0.8584021,0.0,0.0,0.0,0.0,0.0,0.0,0.0,0.793656,0.8196955,3.607145,1.245808,-0.2786384,-3.561405,0.07093249,-0.269427,0.02429399,0.9600977,8.586079,328.6858,0.4883074,0.3322958,-0.07474893,-0.9402081,0,0,0,0.6301962,-0.4053245,-2.63447,-0.04382962,0.04110426,1.118314,0.8536378,0.008426963,0.520799,-0.08487147,0.9887567,0.1231133,-0.5139061,-0.1492951,0.8447553,moving,-30.19932,-7.724629,-2.244421,2.10499,-32.63383527085373,2.980225328250139
05/11/2023 12:33:41.343560,2431,True,True,True,True,Eyes,1.252804,-0.2816724,-3.549263,-0.5016451,-0.1159689,0.8572651,0.0,0.0,0.0,0.0,0.0,0.0,0.0,0.7966435,0.8134126,3.607649,1.245781,-0.2788528,-3.561135,0.07021207,-0.2701702,0.02191241,0.959999,8.432678,328.5815,0.2394136,0.3322593,-0.07473779,-0.9402218,0,0,0,0.6255878,-0.4052782,-2.634614,-0.04612043,0.03849572,1.120471,0.8530559,0.00413337,0.5218033,-0.08001021,0.9891802,0.1229669,-0.5156491,-0.1466472,0.8441567,moving,-30.33486,-7.704074,-2.357058,1.967722,-32.769630348722565,3.0001059298274555
05/11/2023 12:33:41.363290,2432,True,True,True,True,Eyes,1.252735,-0.2816419,-3.549195,-0.5037245,-0.115646,0.8560885,0.0,0.0,0.0,0.0,0.0,0.0,0.0,0.799646,0.8127235,3.606974,1.245708,-0.2792841,-3.560959,0.07018039,-0.2708268,0.02012354,0.9598556,8.373534,328.4894,0.03578512,0.3322255,-0.07472672,-0.9402347,0,0,0,0.6213645,-0.4052357,-2.634747,-0.04816523,0.03793298,1.122399,0.8524957,0.0006179046,0.5227339,-0.07664484,0.9893395,0.1238261,-0.5170848,-0.1456261,0.843455,moving,-30.47266,-7.693314,-2.457213,1.935652,-32.908023798490426,3.010067186777272
05/11/2023 12:33:41.373298,2433,True,True,True,True,Eyes,1.252667,-0.2816128,-3.549134,-0.5057634,-0.1154352,0.8549141,0.0,0.0,0.0,0.0,0.0,0.0,0.0,0.8023897,0.819756,3.604818,1.245702,-0.2796007,-3.560982,0.0711619,-0.2713658,0.01901601,0.9596536,8.447444,328.4118,359.877,0.332194,-0.07471611,-0.9402467,0,0,0,0.6166434,-0.4051882,-2.634895,-0.05084559,0.03995833,1.124696,0.851998,-0.002124258,0.5235407,-0.07511938,0.9891488,0.126261,-0.5181279,-0.1469021,0.8425931,moving,-30.60837,-7.689885,-2.588482,2.034755,-33.0445544834157,3.0126295919712334
05/11/2023 12:33:41.398258,2434,True,True,True,True,Eyes,1.252597,-0.2815751,-3.549078,-0.5078372,-0.1153403,0.8536966,0.0,0.0,0.0,0.0,0.0,0.0,0.0,0.8064182,0.8307484,3.601499,1.245675,-0.2795578,-3.561094,0.0727037,-0.2720201,0.01831875,0.9593663,8.595929,328.3203,359.7448,0.3321646,-0.07470596,-0.9402579,0,0,0,0.6121958,-0.4051435,-2.635035,-0.05294394,0.04310372,1.126939,0.8513389,-0.004404963,0.5245976,-0.07470252,0.9887572,0.1295328,-0.5192702,-0.1494651,0.8414385,moving,-30.74708,-7.694464,-2.689795,2.19041,-33.184369735696365,3.0070746548890135
05/11/2023 12:33:41.413495,2435,True,True,True,True,Eyes,1.252525,-0.2815301,-3.549023,-0.509889,-0.1152046,0.8524911,0.0,0.0,0.0,0.0,0.0,0.0,0.0,0.8120334,0.8331356,3.599701,1.245687,-0.2792771,-3.561127,0.07310657,-0.2728468,0.01777535,0.9591112,8.623135,328.2148,359.6641,0.3321369,-0.07469597,-0.9402685,0,0,0,0.6077375,-0.4050986,-2.635175,-0.05479997,0.04367421,1.129286,0.8504773,-0.00579671,0.5259798,-0.07399087,0.988679,0.1305347,-0.5207818,-0.1499345,0.8404201,moving,-30.88434,-7.696256,-2.778167,2.214763,-33.32263315809999,3.004347478343705
05/11/2023 12:33:41.423069,2436,True,True,True,True,Eyes,1.252429,-0.2814834,-3.54898,-0.5119568,-0.1151061,0.8512643,0.0,0.0,0.0,0.0,0.0,0.0,0.0,0.817894,0.8297805,3.599051,1.245612,-0.2790524,-3.561071,0.072731,-0.2736963,0.01714966,0.958909,8.561587,328.1099,359.5989,0.3321108,-0.07468595,-0.9402785,0,0,0,0.603195,-0.405053,-2.635317,-0.05668333,0.04254986,1.131624,0.8495925,-0.006922484,0.5273943,-0.07270233,0.9888321,0.1300972,-0.522405,-0.1488724,0.8396011,moving,-31.02302,-7.700701,-2.867563,2.153347,-33.46241378761573,2.99892823623229
05/11/2023 12:33:41.443150,2437,True,True,True,True,Eyes,1.252337,-0.2814417,-3.54894,-0.513992,-0.1149711,0.8500552,0.0,0.0,0.0,0.0,0.0,0.0,0.0,0.8230752,0.8258871,3.598646,1.245603,-0.2789464,-3.560963,0.07226558,-0.2744658,0.0165153,0.9587353,8.489775,328.015,359.5365,0.3320854,-0.07467585,-0.9402883,0,0,0,0.603195,-0.405053,-2.635317,-0.05490294,0.04097884,1.131688,0.8487915,-0.008001261,0.5286672,-0.07133647,0.9890099,0.1295014,-0.5238933,-0.1476329,0.8388924,static,-31.15956,-7.702593,-2.777483,2.073796,-33.599955552143754,2.996104744674142
05/11/2023 12:33:41.463199,2438,True,True,True,True,Eyes,1.252247,-0.2814007,-3.548903,-0.5160248,-0.114844,0.8488399,0.0,0.0,0.0,0.0,0.0,0.0,0.0,0.8283585,0.8224849,3.598273,1.245636,-0.2790304,-3.561006,0.07181412,-0.275183,0.01629695,0.9585674,8.432645,327.9295,359.5204,0.3320608,-0.07466578,-0.9402978,0,0,0,0.603195,-0.405053,-2.635317,-0.05323181,0.03995177,1.131849,0.8480174,-0.008280606,0.5299037,-0.07076751,0.9891543,0.1287081,-0.5252222,-0.1466466,0.8382341,static,-31.29616,-7.705058,-2.692684,2.021575,-33.737576614369054,2.9927014605009177
05/11/2023 12:33:41.482984,2439,True,True,True,True,Eyes,1.252164,-0.2813611,-3.548869,-0.5180112,-0.1147208,0.8476459,0.0,0.0,0.0,0.0,0.0,0.0,0.0,0.8335654,0.8191119,3.597873,1.24568,-0.2790017,-3.561026,0.07136643,-0.2758529,0.01635615,0.9584074,8.384765,327.8517,359.5354,0.3320368,-0.07465579,-0.9403071,0,0,0,0.603195,-0.405053,-2.635317,-0.05171272,0.03901993,1.131996,0.8472754,-0.008021561,0.5310934,-0.07072496,0.9892786,0.1277724,-0.5264242,-0.14582,0.8376241,static,-31.42983,-7.707608,-2.615612,1.974205,-33.87225031934055,2.9892317638891015
05/11/2023 12:33:41.493740,2440,True,True,True,True,Eyes,1.252067,-0.2813217,-3.548851,-0.5199962,-0.1147135,0.8464306,0.0,0.0,0.0,0.0,0.0,0.0,0.0,0.8379184,0.8185183,3.597075,1.245746,-0.2789981,-3.561082,0.07127892,-0.2763919,0.01660458,0.9582543,8.382762,327.7892,359.5611,0.3320136,-0.07464585,-0.9403161,0,0,0,0.603195,-0.405053,-2.635317,-0.05049342,0.03902914,1.132134,0.8466637,-0.007579012,0.5320745,-0.07122464,0.9892872,0.1274279,-0.5273402,-0.1457854,0.8370537,static,-31.56407,-7.718054,-2.553711,1.97443,-34.00775818174959,2.9777741765925096
05/11/2023 12:33:41.513510,2441,True,True,True,True,Eyes,1.251978,-0.2812839,-3.548837,-0.521907,-0.1147239,0.8452523,0.0,0.0,0.0,0.0,0.0,0.0,0.0,0.8408774,0.8198781,3.596153,1.245866,-0.2789471,-3.561123,0.07145033,-0.2767358,0.01702551,0.9581349,8.414955,327.7502,359.5992,0.3319906,-0.07463598,-0.940325,0,0,0,0.603195,-0.405053,-2.635317,-0.04978389,0.03967273,1.132251,0.8462549,-0.00692025,0.5327333,-0.07217119,0.9892099,0.127495,-0.5278674,-0.1463412,0.8366244,static,-31.69355,-7.729373,-2.517613,2.006755,-34.13850206717716,2.9654655872581
05/11/2023 12:33:41.523371,2442,True,True,True,True,Eyes,1.251881,-0.2812419,-3.548837,-0.5237862,-0.1148337,0.8440742,0.0,0.0,0.0,0.0,0.0,0.0,0.0,0.8423156,0.8208227,3.595748,1.245947,-0.2789504,-3.561243,0.07155614,-0.2768715,0.01741851,0.9580807,8.439122,327.7362,359.6382,0.3319679,-0.07462617,-0.9403338,0,0,0,0.603195,-0.405053,-2.635317,-0.04948997,0.0402121,1.132389,0.8460775,-0.006247039,0.5330233,-0.07300038,0.9891526,0.1274677,-0.5280377,-0.1467585,0.8364438,static,-31.82147,-7.747353,-2.502465,2.033768,-34.26789475240194,2.9464320871050447
05/11/2023 12:33:41.543285,2443,True,True,True,True,Eyes,1.251787,-0.2811966,-3.548843,-0.5255989,-0.1149312,0.8429333,0.0,0.0,0.0,0.0,0.0,0.0,0.0,0.8420663,0.8214343,3.595765,1.24604,-0.2787907,-3.561323,0.07163778,-0.2767927,0.01778276,0.9580907,8.459788,327.748,359.6766,0.3319452,-0.0746163,-0.9403425,0,0,0,0.603195,-0.405053,-2.635317,-0.04973286,0.04050995,1.132503,0.8461391,-0.005582637,0.5329329,-0.07373263,0.9891036,0.1274267,-0.5278372,-0.1471153,0.8365077,static,-31.94501,-7.764213,-2.514477,2.048613,-34.39284038993478,2.928560285773516
05/11/2023 12:33:41.563664,2444,True,True,True,True,Eyes,1.251686,-0.2811553,-3.548864,-0.5274,-0.1150412,0.8417926,0.0,0.0,0.0,0.0,0.0,0.0,0.0,0.8437786,0.81999,3.595873,1.246053,-0.278676,-3.561508,0.07144224,-0.2769614,0.01806496,0.9580513,8.44716,327.7309,359.7127,0.3319226,-0.07460628,-0.9403514,0,0,0,0.603195,-0.405053,-2.635317,-0.04927996,0.04020665,1.132706,0.8459321,-0.004959174,0.5332676,-0.07418779,0.9891393,0.1268841,-0.5281052,-0.1468972,0.8363768,static,-32.06797,-7.781959,-2.491163,2.032924,-34.51723123773511,2.909796467118822
05/11/2023 12:33:41.573425,2445,True,True,True,True,Eyes,1.251593,-0.281115,-3.548891,-0.5291373,-0.1151773,0.8406831,0.0,0.0,0.0,0.0,0.0,0.0,0.0,0.8451,0.8192971,3.595891,1.246109,-0.2787143,-3.561657,0.07133567,-0.2771098,0.01819708,0.9580137,8.439575,327.7145,359.7295,0.3318997,-0.0745962,-0.9403602,0,0,0,0.603195,-0.405053,-2.635317,-0.04891482,0.04013562,1.132873,0.8457581,-0.004669521,0.5335461,-0.07440174,0.9891602,0.1265959,-0.5283537,-0.1467663,0.8362428,static,-32.18686,-7.801209,-2.472363,2.029037,-34.63757365227063,2.8895390062048776
05/11/2023 12:33:41.593424,2446,True,True,True,True,Eyes,1.251492,-0.2810748,-3.548928,-0.5308457,-0.1153442,0.8395823,0.0,0.0,0.0,0.0,0.0,0.0,0.0,0.8465843,0.8218372,3.595183,1.246238,-0.2786934,-3.561837,0.07166851,-0.2772818,0.0184243,0.9579348,8.483521,327.6939,359.7424,0.3318767,-0.07458608,-0.9403692,0,0,0,0.603195,-0.405053,-2.635317,-0.04851705,0.04103178,1.133081,0.8455508,-0.004446184,0.5338766,-0.07504329,0.9890484,0.1270901,-0.5285949,-0.147525,0.8359569,static,-32.30409,-7.822485,-2.451833,2.073922,-34.75631141860697,2.867244010705127
05/11/2023 12:33:41.613293,2447,True,True,True,True,Eyes,1.251397,-0.2810393,-3.548973,-0.532483,-0.1155085,0.8385223,0.0,0.0,0.0,0.0,0.0,0.0,0.0,0.8469042,0.8212951,3.595314,1.246274,-0.2786378,-3.561912,0.07159551,-0.2773045,0.01853739,0.9579316,8.479073,327.6924,359.7571,0.3318534,-0.0745759,-0.9403782,0,0,0,0.603195,-0.405053,-2.635317,-0.04846615,0.0409138,1.133175,0.8455172,-0.004192421,0.5339319,-0.07522261,0.9890609,0.1268862,-0.5286232,-0.1474482,0.8359525,static,-32.41659,-7.843276,-2.449061,2.067792,-34.8702706575012,2.845470963405967
05/11/2023 12:33:41.633265,2448,True,True,True,True,Eyes,1.251314,-0.2810044,-3.549018,-0.5343487,-0.1157038,0.8373076,0.0,0.0,0.0,0.0,0.0,0.0,0.0,0.8474277,0.8211399,3.595492,1.246311,-0.27872,-3.562161,0.07154159,-0.2773101,0.01887481,0.9579273,8.483908,327.6945,359.7963,0.3318298,-0.07456579,-0.9403874,0,0,0,0.603195,-0.405053,-2.635317,-0.04837927,0.04115778,1.133386,0.8454857,-0.00351702,0.5339866,-0.0758398,0.9890511,0.1265949,-0.5285852,-0.1475316,0.8359618,static,-32.54499,-7.867625,-2.444222,2.079726,-35.00035655420202,2.819994208325305
05/11/2023 12:33:41.643071,2449,True,True,True,True,Eyes,1.251238,-0.2809683,-3.549069,-0.5361425,-0.1159254,0.8361295,0.0,0.0,0.0,0.0,0.0,0.0,0.0,0.8480011,0.8234394,3.594972,1.246348,-0.2786829,-3.562293,0.07183563,-0.2773317,0.01925682,0.9578913,8.528569,327.6933,359.8289,0.3318062,-0.07455574,-0.9403964,0,0,0,0.603195,-0.405053,-2.635317,-0.04829624,0.04205195,1.13349,0.8454326,-0.002952708,0.5340739,-0.07673648,0.9889376,0.1269404,-0.5285406,-0.1483025,0.8358535,static,-32.66878,-7.893466,-2.439808,2.124672,-35.125849906891766,2.793039545324426
05/11/2023 12:33:41.663017,2450,True,True,True,True,Eyes,1.251175,-0.2809339,-3.54912,-0.5381103,-0.1161602,0.8348318,0.0,0.0,0.0,0.0,0.0,0.0,0.0,0.8492733,0.825882,3.594334,1.246431,-0.2786179,-3.562494,0.07215122,-0.2774417,0.01966641,0.9578276,8.576479,327.6817,359.8632,0.3317828,-0.0745457,-0.9404055,0,0,0,0.603195,-0.405053,-2.635317,-0.04800603,0.0429984,1.133685,0.8452787,-0.002361439,0.5343204,-0.07770957,0.9888149,0.1273043,-0.5286446,-0.1491294,0.8356407,static,-32.80474,-7.921391,-2.424747,2.172073,-35.26366567465192,2.7638964888049795
05/11/2023 12:33:41.673370,2451,True,True,True,True,Eyes,1.251117,-0.2808975,-3.549174,-0.5399881,-0.1163956,0.8335856,0.0,0.0,0.0,0.0,0.0,0.0,0.0,0.8497713,0.8263215,3.594301,1.246506,-0.2786144,-3.562656,0.07218827,-0.2774495,0.02004734,0.9578146,8.59275,327.6834,359.9042,0.3317599,-0.07453571,-0.9404144,0,0,0,0.603195,-0.405053,-2.635317,-0.04798755,0.04337727,1.133847,0.8452398,-0.001653925,0.5343847,-0.07846045,0.9887739,0.1271617,-0.5285959,-0.1494102,0.8356214,static,-32.93475,-7.948955,-2.423471,2.190881,-35.395478608037244,2.7351581314842903
05/11/2023 12:33:41.693582,2452,True,True,True,True,Eyes,1.251075,-0.280858,-3.549223,-0.5419316,-0.116635,0.8322898,0.0,0.0,0.0,0.0,0.0,0.0,0.0,0.849558,0.8262964,3.594489,1.246564,-0.2785344,-3.562774,0.07216862,-0.2773542,0.02049211,0.9578342,8.604807,327.6984,359.955,0.3317374,-0.07452568,-0.9404231,0,0,0,0.603195,-0.405053,-2.635317,-0.04822931,0.04359682,1.133966,0.8453094,-0.0007764472,0.5342765,-0.07928865,0.9887435,0.126884,-0.528361,-0.1496183,0.8357327,static,-33.06949,-7.977335,-2.435409,2.201727,-35.532080977938165,2.7055631332255796
05/11/2023 12:33:41.713356,2453,True,True,True,True,Eyes,1.25104,-0.2808166,-3.549273,-0.5437694,-0.1168499,0.8310602,0.0,0.0,0.0,0.0,0.0,0.0,0.0,0.8486247,0.8263149,3.594797,1.246642,-0.278426,-3.562848,0.0721586,-0.2771725,0.02091664,0.9578785,8.617271,327.7236,0.004081866,0.3317159,-0.07451556,-0.9404315,0,0,0,0.603195,-0.405053,-2.635317,-0.04871306,0.04379012,1.134055,0.8454758,7.043549e-05,0.5340139,-0.08007198,0.9887113,0.1266433,-0.5279766,-0.1498334,0.835937,static,-33.19704,-8.003515,-2.459614,2.211306,-35.66137137252094,2.678240618343839
05/11/2023 12:33:41.722924,2454,True,True,True,True,Eyes,1.251024,-0.280771,-3.549314,-0.5456099,-0.1170058,0.829831,0.0,0.0,0.0,0.0,0.0,0.0,0.0,0.8462191,0.824246,3.59596,1.246739,-0.278351,-3.562943,0.07186535,-0.2768133,0.02119606,0.9579983,8.593804,327.7703,0.04780614,0.3316953,-0.07450528,-0.9404395,0,0,0,0.603195,-0.405053,-2.635317,-0.04963249,0.04330312,1.134175,0.8458503,0.0008250013,0.5334197,-0.08039813,0.9887722,0.1259591,-0.5273266,-0.1494285,0.8364196,static,-33.32473,-8.025776,-2.505715,2.186507,-35.79067356820506,2.6548798915735876
05/11/2023 12:33:41.743263,2455,True,True,True,True,Eyes,1.25101,-0.2807267,-3.549358,-0.5473346,-0.1171356,0.8286761,0.0,0.0,0.0,0.0,0.0,0.0,0.0,0.8424169,0.8217775,3.597482,1.246814,-0.2782224,-3.562991,0.07153282,-0.2762975,0.02128907,0.9581699,8.560022,327.8347,0.0734947,0.331676,-0.07449477,-0.9404472,0,0,0,0.603195,-0.405053,-2.635317,-0.05091867,0.04253489,1.134244,0.846413,0.001268429,0.5325255,-0.08032577,0.9888597,0.1253169,-0.5264341,-0.1488454,0.8370855,static,-33.44448,-8.045611,-2.570406,2.147623,-35.911901180008726,2.63402517014911
05/11/2023 12:33:41.763073,2456,True,True,True,True,Eyes,1.251027,-0.2806765,-3.549389,-0.5490659,-0.1172172,0.8275185,0.0,0.0,0.0,0.0,0.0,0.0,0.0,0.8386359,0.8190686,3.599084,1.246839,-0.2782267,-3.563085,0.07113379,-0.2757328,0.02166939,0.9583538,8.527993,327.9073,0.1336045,0.331658,-0.07448407,-0.9404544,0,0,0,0.603195,-0.405053,-2.635317,-0.05227691,0.04196564,1.134293,0.8470038,0.002306049,0.5315819,-0.08076172,0.9889409,0.1243928,-0.5254162,-0.1482926,0.8378229,static,-33.56463,-8.062257,-2.638761,2.118816,-36.03342644102434,2.616392359175986
05/11/2023 12:33:41.773172,2457,True,True,True,True,Eyes,1.251046,-0.280626,-3.549421,-0.5506977,-0.1172594,0.8264273,0.0,0.0,0.0,0.0,0.0,0.0,0.0,0.8356613,0.8151559,3.600783,1.246877,-0.2780646,-3.563205,0.07060345,-0.275293,0.0219041,0.958514,8.476798,327.9644,0.1805922,0.331642,-0.07447305,-0.9404609,0,0,0,0.603195,-0.405053,-2.635317,-0.0533382,0.0408482,1.134422,0.8474679,0.003117494,0.5308374,-0.08086404,0.9890707,0.1232887,-0.5246515,-0.1474089,0.8384578,static,-33.67788,-8.075626,-2.691947,2.062212,-36.14789622626298,2.602119113339702
05/11/2023 12:33:41.793037,2458,True,True,True,True,Eyes,1.251074,-0.2805743,-3.549451,-0.5522928,-0.1172515,0.8253635,0.0,0.0,0.0,0.0,0.0,0.0,0.0,0.8326236,0.8114263,3.602409,1.24695,-0.2780191,-3.563263,0.07009052,-0.2748737,0.02200108,0.9586698,8.423129,328.0178,0.211495,0.3316279,-0.07446172,-0.9404668,0,0,0,0.603195,-0.405053,-2.635317,-0.05440316,0.03977899,1.134504,0.8479208,0.003651464,0.5301104,-0.08071563,0.9892065,0.1222923,-0.5239422,-0.1464824,0.8390635,static,-33.7885,-8.085365,-2.745416,2.008133,-36.25959827958123,2.5915339004858424
05/11/2023 12:33:41.813728,2459,True,True,True,True,Eyes,1.251102,-0.2805262,-3.549482,-0.5537854,-0.1172354,0.824365,0.0,0.0,0.0,0.0,0.0,0.0,0.0,0.8294371,0.8089712,3.603752,1.247014,-0.2779591,-3.563302,0.06975126,-0.2744371,0.02210935,0.9588172,8.388973,328.0726,0.2382067,0.3316155,-0.07445009,-0.940472,0,0,0,0.603195,-0.405053,-2.635317,-0.05550051,0.03907549,1.134551,0.8483909,0.004112994,0.5293543,-0.08068231,0.9892918,0.1216221,-0.5231857,-0.1458926,0.8396381,static,-33.89211,-8.093932,-2.80059,1.972566,-36.36420347674629,2.582180502171477
05/11/2023 12:33:41.823867,2460,True,True,True,True,Eyes,1.251151,-0.2804732,-3.549504,-0.5552665,-0.1171745,0.8233768,0.0,0.0,0.0,0.0,0.0,0.0,0.0,0.8256611,0.8078628,3.604962,1.247052,-0.2780051,-3.563381,0.0695734,-0.2739089,0.02229573,0.9589768,8.37507,328.1382,0.2692188,0.3316049,-0.07443829,-0.9404767,0,0,0,0.603195,-0.405053,-2.635317,-0.05676278,0.03888498,1.134575,0.8489537,0.004648635,0.5284469,-0.08087572,0.9893249,0.1212245,-0.5222421,-0.1456525,0.8402669,static,-33.99482,-8.099363,-2.864119,1.962913,-36.46779912577023,2.5760040908063733
05/11/2023 12:33:41.863336,2461,True,True,True,True,Eyes,1.251196,-0.2804182,-3.54953,-0.556662,-0.1170948,0.8224452,0.0,0.0,0.0,0.0,0.0,0.0,0.0,0.8226421,0.8069084,3.605936,1.247052,-0.2778559,-3.563463,0.06945196,-0.2734959,0.02235211,0.9591021,8.363307,328.1888,0.2829721,0.3315963,-0.0744262,-0.9404806,0,0,0,0.603195,-0.405053,-2.635317,-0.05770811,0.0385256,1.134624,0.8494008,0.004886247,0.5277259,-0.08086558,0.9893536,0.1209966,-0.5215163,-0.1454495,0.8407528,static,-34.09163,-8.102971,-2.911612,1.944703,-36.56539409993631,2.571710355783811
05/11/2023 12:33:41.863336,2462,True,True,True,True,Eyes,1.251223,-0.2803632,-3.54956,-0.5577046,-0.1169773,0.8217554,0.0,0.0,0.0,0.0,0.0,0.0,0.0,0.8199455,0.8048515,3.607107,1.247001,-0.2777564,-3.563587,0.06917972,-0.2731248,0.02233368,0.9592279,8.33253,328.2344,0.2928244,0.3315894,-0.07441378,-0.940484,0,0,0,0.603195,-0.405053,-2.635317,-0.05849448,0.03783621,1.13469,0.8498081,0.005056773,0.527068,-0.08063558,0.9894307,0.1205185,-0.5208879,-0.144918,0.841234,static,-34.16374,-8.101654,-2.951045,1.909818,-36.63795681797752,2.572561253431264
05/11/2023 12:33:41.873147,2463,True,True,True,True,Eyes,1.251253,-0.2803113,-3.549593,-0.5586796,-0.1168445,0.8211118,0.0,0.0,0.0,0.0,0.0,0.0,0.0,0.8178241,0.8006808,3.608419,1.246956,-0.2777209,-3.563507,0.06862234,-0.2728491,0.02224575,0.9593485,8.268084,328.2693,0.3031388,0.3315837,-0.07440109,-0.9404871,0,0,0,0.603195,-0.405053,-2.635317,-0.05918407,0.03652052,1.134611,0.850117,0.005235757,0.5265679,-0.08012994,0.9895922,0.119526,-0.5204616,-0.143805,0.8416886,static,-34.23114,-8.098835,-2.985981,1.843583,-36.705727627967825,2.574962311892463
05/11/2023 12:33:41.893035,2464,True,True,True,True,Eyes,1.251287,-0.2802617,-3.549621,-0.5594319,-0.1166395,0.8206285,0.0,0.0,0.0,0.0,0.0,0.0,0.0,0.8151232,0.7986735,3.609628,1.247025,-0.2777505,-3.563636,0.06833366,-0.2724784,0.02231085,0.959473,8.238099,328.3155,0.3227223,0.331579,-0.07438821,-0.9404898,0,0,0,0.603195,-0.405053,-2.635317,-0.0600757,0.03599542,1.134722,0.8505155,0.005574415,0.5259205,-0.08005221,0.9896654,0.1189702,-0.5198222,-0.1432871,0.842172,static,-34.2827,-8.089515,-3.030587,1.816916,-36.75733519778107,2.584042511093541
05/11/2023 12:33:41.913400,2465,True,True,True,True,Eyes,1.251322,-0.2802144,-3.549647,-0.5601207,-0.1164411,0.8201867,0.0,0.0,0.0,0.0,0.0,0.0,0.0,0.8120034,0.7965981,3.610728,1.247027,-0.2777802,-3.563571,0.06803576,-0.2720515,0.0224248,0.9596126,8.208591,328.3688,0.3484807,0.3315754,-0.07437525,-0.9404921,0,0,0,0.603195,-0.405053,-2.635317,-0.06114835,0.03545821,1.134626,0.8509703,0.006019787,0.5251793,-0.08005669,0.9897365,0.1183745,-0.5190767,-0.1427773,0.8427183,static,-34.32989,-8.080227,-3.084854,1.789968,-36.804543756234054,2.593119490375873
05/11/2023 12:33:41.933437,2466,True,True,True,True,Eyes,1.251361,-0.280168,-3.549674,-0.56067,-0.1162743,0.8198351,0.0,0.0,0.0,0.0,0.0,0.0,0.0,0.8085964,0.7960979,3.611608,1.247069,-0.2777911,-3.56356,0.06794643,-0.27158,0.02261642,0.959748,8.204534,328.4272,0.3766436,0.3315728,-0.07436226,-0.9404941,0,0,0,0.603195,-0.405053,-2.635317,-0.06232145,0.03541935,1.134577,0.8514655,0.006506341,0.5243703,-0.08031792,0.9897436,0.1181386,-0.5182234,-0.1427073,0.8432551,static,-34.3675,-8.072224,-3.144053,1.788085,-36.84214875431458,2.6009610086913213
05/11/2023 12:33:41.942995,2467,True,True,True,True,Eyes,1.251396,-0.2801207,-3.549702,-0.5611725,-0.1161278,0.8195119,0.0,0.0,0.0,0.0,0.0,0.0,0.0,0.8054106,0.7969673,3.61222,1.247103,-0.2777982,-3.563642,0.06803857,-0.2711265,0.02285841,0.9598639,8.222093,328.483,0.4045328,0.3315711,-0.07434928,-0.9404957,0,0,0,0.603195,-0.405053,-2.635317,-0.06338778,0.03581568,1.134591,0.8519358,0.006987799,0.5235996,-0.08077604,0.9896965,0.1182205,-0.5173786,-0.1430106,0.8437224,static,-34.40195,-8.065319,-3.197699,1.808058,-36.876608199098534,2.607713346760434
05/11/2023 12:33:41.963248,2468,True,True,True,True,Eyes,1.251417,-0.2800701,-3.549736,-0.5616233,-0.1159637,0.8192263,0.0,0.0,0.0,0.0,0.0,0.0,0.0,0.8032497,0.7981082,3.612488,1.247051,-0.2777115,-3.563705,0.06818523,-0.2708043,0.02307129,0.9599393,8.24481,328.5226,0.4263583,0.3315703,-0.07433628,-0.940497,0,0,0,0.603195,-0.405053,-2.635317,-0.06407374,0.0362066,1.134572,0.8522655,0.007364376,0.5230576,-0.08122377,0.989637,0.1184117,-0.516765,-0.143403,0.8440316,static,-34.43272,-8.056847,-3.232285,1.82781,-36.90731068006394,2.6160747032527443
05/11/2023 12:33:41.973145,2469,True,True,True,True,Eyes,1.251439,-0.2800209,-3.549772,-0.5620599,-0.1157831,0.8189523,0.0,0.0,0.0,0.0,0.0,0.0,0.0,0.8030828,0.7958283,3.61303,1.246976,-0.2775862,-3.563743,0.06789517,-0.2707708,0.02304312,0.9599701,8.21184,328.5276,0.4326316,0.3315698,-0.07432315,-0.9404982,0,0,0,0.603195,-0.405053,-2.635317,-0.06409049,0.03543518,1.134598,0.8523043,0.007473355,0.5229927,-0.08100946,0.9897185,0.1178758,-0.5167347,-0.1428335,0.8441468,static,-34.46243,-8.04712,-3.233053,1.78885,-36.936904505931835,2.6257121284858513
05/11/2023 12:33:41.994876,2470,True,True,True,True,Eyes,1.251453,-0.2799765,-3.549806,-0.5625041,-0.1155812,0.8186759,0.0,0.0,0.0,0.0,0.0,0.0,0.0,0.8033735,0.7936749,3.61354,1.247032,-0.2775757,-3.563827,0.06760792,-0.270813,0.02298595,0.9599799,8.178309,328.5233,0.4349422,0.3315696,-0.07430997,-0.9404993,0,0,0,0.603195,-0.405053,-2.635317,-0.06401303,0.03477784,1.134724,0.8522639,0.007513897,0.5230582,-0.08075032,0.9898016,0.1173547,-0.516842,-0.1422543,0.8441789,static,-34.49257,-8.035947,-3.228796,1.755492,-36.966883633079505,2.636808818702441
05/11/2023 12:33:42.013310,2471,True,True,True,True,Eyes,1.251465,-0.2799323,-3.549841,-0.5629373,-0.1153839,0.8184059,0.0,0.0,0.0,0.0,0.0,0.0,0.0,0.8037529,0.7921379,3.613679,1.246967,-0.2775311,-3.563738,0.06740827,-0.270856,0.0230039,0.9599813,8.156814,328.519,0.442841,0.3315695,-0.07429686,-0.9405004,0,0,0,0.603195,-0.405053,-2.635317,-0.06391931,0.03430097,1.134639,0.8522157,0.007650769,0.5231345,-0.08068249,0.9898539,0.1169598,-0.516932,-0.1418828,0.8441864,static,-34.52198,-8.025019,-3.224319,1.731566,-36.996135812449886,2.6476626429170054
05/11/2023 12:33:42.022946,2472,True,True,True,True,Eyes,1.251472,-0.2798887,-3.549873,-0.5633608,-0.1151762,0.8181437,0.0,0.0,0.0,0.0,0.0,0.0,0.0,0.8051124,0.7919574,3.613474,1.246957,-0.2776142,-3.563794,0.06737177,-0.2710203,0.02306538,0.959936,8.154771,328.4999,0.4494131,0.3315694,-0.07428383,-0.9405015,0,0,0,0.603195,-0.405053,-2.635317,-0.06350088,0.034356,1.134692,0.852032,0.007764344,0.5234321,-0.0808008,0.989858,0.1168428,-0.5172163,-0.1418475,0.8440181,static,-34.55068,-8.013294,-3.203109,1.734262,-37.02464683948602,2.6593270926503614
05/11/2023 12:33:42.043227,2473,True,True,True,True,Eyes,1.25148,-0.2798505,-3.549903,-0.5637663,-0.1149689,0.8178934,0.0,0.0,0.0,0.0,0.0,0.0,0.0,0.8056688,0.7912109,3.613431,1.246916,-0.2775885,-3.563726,0.06728219,-0.2711035,0.02298467,0.9599208,8.142386,328.4897,0.442552,0.3315693,-0.07427089,-0.9405025,0,0,0,0.603195,-0.405053,-2.635317,-0.06330654,0.03406652,1.134636,0.8519491,0.007646049,0.5235687,-0.0806078,0.9898896,0.1167087,-0.5173829,-0.1416336,0.8439519,static,-34.57813,-8.001472,-3.193484,1.719743,-37.05189606948494,2.6710979589513517
05/11/2023 12:33:42.063002,2474,True,True,True,True,Eyes,1.251479,-0.2798162,-3.549935,-0.5641367,-0.1148185,0.8176592,1.125729,0.6164144,-0.4090707,-2.629472,0.8811832,-0.2678116,0.3896063,-0.04909655,0.0295693,1.133297,1.246946,-0.2776787,-3.563717,0.06717738,-0.2710848,0.02298319,0.9599334,8.130742,328.4924,0.4458428,0.3315691,-0.07425817,-0.9405036,0,0,0,0.603195,-0.405053,-2.635317,-0.0633882,0.03393032,1.134635,0.8519696,0.007703134,0.5235346,-0.08054619,0.989918,0.1165108,-0.5173588,-0.1414324,0.8440005,static,-34.60339,-7.993402,-3.197596,1.712873,-37.07706389021472,2.6790895686697223
05/11/2023 12:33:42.083630,2475,True,True,True,True,Eyes,1.251478,-0.279786,-3.549964,-0.5644695,-0.1146979,0.8174464,1.123586,0.6172482,-0.408659,-2.631493,0.9366212,-0.2403356,0.2549109,-0.04983786,0.03012986,1.13102,1.246957,-0.277732,-3.563653,0.06736279,-0.2709279,0.02299649,0.9599644,8.151586,328.5106,0.4428319,0.3315687,-0.07424576,-0.9405047,0,0,0,0.603195,-0.405053,-2.635317,-0.06378686,0.03438587,1.134547,0.8521385,0.007650709,0.5232605,-0.08065256,0.9898668,0.116871,-0.517064,-0.1417925,0.8441206,static,-34.62616,-7.98717,-3.217915,1.73599,-37.099785156176615,2.685239275233421
05/11/2023 12:33:42.093221,2476,True,True,True,True,Eyes,1.251459,-0.2797571,-3.549997,-0.5647839,-0.114616,0.8172407,1.1223,0.6176023,-0.4083907,-2.632808,0.9604682,-0.2225103,0.1673019,-0.05095878,0.03094465,1.129583,1.246944,-0.277798,-3.563607,0.06760221,-0.2706187,0.02321664,0.9600295,8.184777,328.5483,0.462421,0.3315681,-0.07423375,-0.9405059,0,0,0,0.603195,-0.405053,-2.635317,-0.06452557,0.03512353,1.134429,0.8524531,0.007988473,0.5227428,-0.08116616,0.9897819,0.1172345,-0.5164648,-0.1423659,0.844391,static,-34.64782,-7.98352,-3.255437,1.773392,-37.12147388259827,2.688785577166332
05/11/2023 12:33:42.113274,2477,True,True,True,True,Eyes,1.25144,-0.2797258,-3.55003,-0.5650771,-0.1145397,0.8170487,1.121339,0.6177969,-0.4081637,-2.633842,0.9733086,-0.2073487,0.09837139,-0.05202144,0.03174549,1.128434,1.246913,-0.2777903,-3.563515,0.0678599,-0.2703333,0.02346805,0.9600856,8.22096,328.5834,0.4847294,0.3315669,-0.07422213,-0.9405072,0,0,0,0.603195,-0.405053,-2.635317,-0.06521788,0.03584427,1.134276,0.8527383,0.008373085,0.5222713,-0.08175225,0.9896885,0.1176142,-0.5159011,-0.142991,0.8446299,static,-34.66803,-7.980125,-3.290733,1.810002,-37.141711037153705,2.6920837021519564
05/11/2023 12:33:42.123094,2478,True,True,True,True,Eyes,1.251429,-0.2796908,-3.550055,-0.5651261,-0.1143895,0.8170359,1.121096,0.6178687,-0.4079325,-2.634079,0.9779361,-0.1919041,0.08254537,-0.05232289,0.03191444,1.128151,1.246868,-0.2777034,-3.56353,0.06783667,-0.270217,0.02362421,0.9601161,8.223187,328.5986,0.5038155,0.3315651,-0.07421079,-0.9405088,0,0,0,0.603195,-0.405053,-2.635317,-0.06545904,0.03582232,1.134259,0.8528494,0.008702711,0.5220845,-0.0820252,0.9896802,0.1174948,-0.5156741,-0.1430295,0.844762,static,-34.67078,-7.969922,-3.302923,1.808922,-37.14414368769539,2.7023821942535964
05/11/2023 12:33:42.142915,2479,True,True,True,True,Eyes,1.251418,-0.279659,-3.550078,-0.5651702,-0.1142523,0.8170245,1.120901,0.6179181,-0.4077246,-2.634274,0.9815514,-0.1781104,0.06952357,-0.05220723,0.031372,1.127917,1.246818,-0.2775877,-3.563497,0.06761301,-0.270283,0.02345903,0.9601173,8.193347,328.5903,0.491901,0.331563,-0.07419963,-0.9405104,0,0,0,0.603195,-0.405053,-2.635317,-0.06528476,0.03509541,1.13425,0.8527936,0.008497554,0.5221791,-0.08159614,0.9897563,0.1171517,-0.5158345,-0.142514,0.8447511,static,-34.67324,-7.96059,-3.294177,1.772253,-37.14631304936312,2.7118019027944946
05/11/2023 12:33:42.162916,2480,True,True,True,True,Eyes,1.25141,-0.2796398,-3.550097,-0.5650741,-0.1141289,0.8171083,1.121061,0.6179276,-0.4075854,-2.634068,0.9821224,-0.1688174,0.08328325,-0.05214164,0.03177284,1.128048,1.246792,-0.2776336,-3.56351,0.06768962,-0.2702473,0.02350126,0.960121,8.203115,328.5946,0.4944992,0.3315607,-0.07418871,-0.9405121,0,0,0,0.603195,-0.405053,-2.635317,-0.0653367,0.03533662,1.13423,0.8528282,0.008542233,0.5221217,-0.08171397,0.9897316,0.1172781,-0.5157585,-0.1426827,0.8447691,static,-34.66593,-7.9513,-3.296849,1.784457,-37.13864657673842,2.721244284487115
05/11/2023 12:33:42.173648,2481,True,True,True,True,Eyes,1.251407,-0.2796151,-3.550115,-0.5649875,-0.114043,0.81718,1.121231,0.6179255,-0.4074836,-2.633868,0.9820397,-0.1620461,0.09663954,-0.05183923,0.03236112,1.128103,1.246775,-0.2779289,-3.563446,0.06761574,-0.2703571,0.02397734,0.9600835,8.209809,328.5852,0.5487786,0.3315583,-0.07417835,-0.9405137,0,0,0,0.603195,-0.405053,-2.635317,-0.06513363,0.03581412,1.134131,0.8526642,0.009479697,0.5223733,-0.08260129,0.9897064,0.1168686,-0.5158883,-0.1427984,0.8446703,static,-34.65947,-7.9447,-3.286911,1.808712,-37.13192460901511,2.727960988319385
05/11/2023 12:33:42.193070,2482,True,True,True,True,Eyes,1.251439,-0.2795843,-3.550107,-0.5648032,-0.11393,0.8173233,1.121742,0.6178757,-0.4073845,-2.633281,0.9784845,-0.1553949,0.1357223,-0.05137867,0.03330528,1.128701,1.246884,-0.277767,-3.563476,0.06797404,-0.2704685,0.02418902,0.9600214,8.256091,328.572,0.5601087,0.331556,-0.07416835,-0.9405153,0,0,0,0.603195,-0.405053,-2.635317,-0.06493598,0.036595,1.134222,0.8525233,0.009674275,0.5225996,-0.0832136,0.9895889,0.1174283,-0.5160227,-0.1435978,0.8444526,static,-34.64603,-7.935556,-3.276695,1.847973,-37.118090773267,2.737296613117847
05/11/2023 12:33:42.213510,2483,True,True,True,True,Eyes,1.25147,-0.2795565,-3.550093,-0.5646244,-0.1137693,0.8174691,1.122296,0.6177946,-0.4072393,-2.632651,0.9732201,-0.1457466,0.1777654,-0.05097097,0.03384654,1.129166,1.246899,-0.2776042,-3.56334,0.06821243,-0.2705581,0.0241611,0.95998,8.28164,328.5601,0.5487508,0.3315547,-0.07415852,-0.9405166,0,0,0,0.603195,-0.405053,-2.635317,-0.06478956,0.03691177,1.134136,0.852429,0.009477489,0.522757,-0.0832992,0.9895266,0.1178912,-0.5161647,-0.1440391,0.8442907,static,-34.63277,-7.923112,-3.269572,1.8641,-37.10432941478021,2.749967853573123
05/11/2023 12:33:42.223099,2484,True,True,True,True,Eyes,1.251521,-0.2795402,-3.550065,-0.5643718,-0.1135753,0.8176706,1.123246,0.6175925,-0.4071132,-2.63162,0.9593972,-0.1372848,0.2463938,-0.05042928,0.03243031,1.129898,1.246337,-0.2772595,-3.56333,0.06769574,-0.2704414,0.02391073,0.9600558,8.216634,328.5743,0.5381432,0.3315544,-0.07414895,-0.9405175,0,0,0,0.603195,-0.405053,-2.635317,-0.06461722,0.03522469,1.133911,0.8525795,0.009295816,0.5225149,-0.08252674,0.9896912,0.1170505,-0.5160403,-0.1429163,0.8445575,static,-34.61417,-7.907845,-3.261539,1.779309,-37.08509827636261,2.765529192863532
05/11/2023 12:33:42.242973,2485,True,True,True,True,Eyes,1.251548,-0.2795118,-3.550043,-0.5641019,-0.1134119,0.8178794,1.124517,0.6172056,-0.4070453,-2.630324,0.933628,-0.1327649,0.3327344,-0.05043903,0.03293965,1.131079,1.24636,-0.2775244,-3.563254,0.06782826,-0.2702963,0.02351383,0.9600971,8.218866,328.5883,0.4911284,0.3315555,-0.07413992,-0.9405178,0,0,0,0.603195,-0.405053,-2.635317,-0.06497744,0.0354709,1.133803,0.852774,0.008483665,0.5222112,-0.08181857,0.9896929,0.117532,-0.5158315,-0.1429548,0.8446785,static,-34.59453,-7.894619,-3.279991,1.791907,-37.06488724977343,2.779033696358212
05/11/2023 12:33:42.263121,2486,True,True,True,True,Eyes,1.251593,-0.2794905,-3.550012,-0.5637829,-0.1132578,0.8181207,0.0,0.0,0.0,0.0,0.0,0.0,0.0,0.7972913,0.7976799,3.613151,1.246344,-0.2775881,-3.5632,0.06813315,-0.2699522,0.02323543,0.960179,8.243769,328.6263,0.4536016,0.3315574,-0.07413107,-0.9405178,0,0,0,0.603195,-0.405053,-2.635317,-0.06575853,0.0359761,1.133682,0.8531719,0.00783496,0.521571,-0.08140573,0.989636,0.1182951,-0.5152386,-0.143385,0.8449674,static,-34.57148,-7.881737,-3.319686,1.817606,-37.04125409958782,2.7922130983427937
05/11/2023 12:33:42.273768,2487,True,True,True,True,Eyes,1.251641,-0.2794727,-3.549992,-0.5634567,-0.1131664,0.8183581,0.0,0.0,0.0,0.0,0.0,0.0,0.0,0.7958801,0.7988125,3.613264,1.246345,-0.277752,-3.56324,0.06824388,-0.2697283,0.02349621,0.9602278,8.264006,328.6546,0.4810605,0.3315605,-0.07412257,-0.9405175,0,0,0,0.603195,-0.405053,-2.635317,-0.06627452,0.03657512,1.133648,0.8533891,0.008308807,0.5212082,-0.08193804,0.9895814,0.1183842,-0.5147943,-0.1437345,0.8451788,static,-34.54823,-7.873196,-3.345776,1.847904,-37.01756264373994,2.8010044043060525
05/11/2023 12:33:42.293181,2488,True,True,True,True,Eyes,1.251697,-0.2794533,-3.549966,-0.5631709,-0.1130612,0.8185693,0.0,0.0,0.0,0.0,0.0,0.0,0.0,0.7942569,0.8038749,3.612763,1.246443,-0.2778106,-3.56347,0.06889319,-0.2694784,0.02378788,0.9602445,8.344764,328.6842,0.4953533,0.3315645,-0.07411446,-0.9405167,0,0,0,0.603195,-0.405053,-2.635317,-0.06679583,0.03828302,1.133798,0.8536311,0.008553902,0.5208078,-0.08281481,0.9893757,0.119488,-0.5142525,-0.1451293,0.8452703,static,-34.52774,-7.863963,-3.371588,1.933874,-36.99662737006871,2.8104770280651206
05/11/2023 12:33:42.313479,2489,True,True,True,True,Eyes,1.251753,-0.2794309,-3.549944,-0.562874,-0.1129513,0.8187886,0.0,0.0,0.0,0.0,0.0,0.0,0.0,0.7925614,0.8070529,3.612393,1.246459,-0.2777568,-3.563434,0.06931099,-0.2692312,0.02403067,0.9602776,8.398389,328.714,0.5114631,0.3315697,-0.07410666,-0.9405155,0,0,0,0.603195,-0.405053,-2.635317,-0.06739441,0.03930679,1.133713,0.8538741,0.008830868,0.5204046,-0.0834736,0.989237,0.120176,-0.5137423,-0.1460552,0.8454211,static,-34.50647,-7.85434,-3.401985,1.985697,-36.97489387633246,2.82034920345299
05/11/2023 12:33:42.324334,2490,True,True,True,True,Eyes,1.251788,-0.2794128,-3.549933,-0.5626856,-0.1128945,0.818926,0.0,0.0,0.0,0.0,0.0,0.0,0.0,0.7901202,0.8060564,3.613216,1.246497,-0.2776646,-3.563494,0.06917728,-0.268901,0.02408285,0.9603785,8.385029,328.7545,0.5243468,0.3315759,-0.07409906,-0.9405139,0,0,0,0.603195,-0.405053,-2.635317,-0.06818807,0.03897709,1.133759,0.8542245,0.00905362,0.5198254,-0.08346098,0.989269,0.1199209,-0.5131615,-0.1458245,0.8458135,static,-34.49303,-7.849138,-3.441814,1.968976,-36.96118996072856,2.8256988500914524
05/11/2023 12:33:42.343335,2491,True,True,True,True,Eyes,1.251822,-0.279395,-3.549922,-0.5624896,-0.1128424,0.8190678,0.0,0.0,0.0,0.0,0.0,0.0,0.0,0.7881647,0.8057266,3.613723,1.246467,-0.2777476,-3.563505,0.06911281,-0.2686306,0.02413888,0.9604574,8.379478,328.7876,0.5349655,0.3315824,-0.07409174,-0.9405122,0,0,0,0.603195,-0.405053,-2.635317,-0.06880149,0.03896116,1.133705,0.8545098,0.009237101,0.5193532,-0.08350036,0.9892815,0.1197909,-0.5126799,-0.1457287,0.846122,static,-34.47908,-7.844219,-3.472867,1.968265,-36.94698186336943,2.8307657399328026
05/11/2023 12:33:42.363163,2492,True,True,True,True,Eyes,1.251862,-0.2793743,-3.54991,-0.5624151,-0.1128047,0.8191241,0.0,0.0,0.0,0.0,0.0,0.0,0.0,0.7865734,0.8058918,3.614017,1.246446,-0.2777373,-3.563497,0.06912956,-0.2684131,0.0241857,0.9605159,8.382656,328.814,0.5415632,0.3315891,-0.07408468,-0.9405103,0,0,0,0.603195,-0.405053,-2.635317,-0.06930107,0.03901923,1.133655,0.854739,0.009350947,0.518974,-0.08357205,0.9892723,0.1198166,-0.5122861,-0.1457836,0.846351,static,-34.47371,-7.841099,-3.498176,1.971284,-36.941472088531754,2.8339563522166955
05/11/2023 12:33:42.373050,2493,True,True,True,True,Eyes,1.2519,-0.2793509,-3.549902,-0.5623403,-0.1127497,0.8191832,0.0,0.0,0.0,0.0,0.0,0.0,0.0,0.7865216,0.8039474,3.614508,1.246437,-0.2776647,-3.563554,0.06886514,-0.268374,0.0243485,0.9605416,8.358397,328.8209,0.5682458,0.3315962,-0.07407777,-0.9405084,0,0,0,0.603195,-0.405053,-2.635317,-0.06938797,0.03850574,1.133716,0.8547651,0.009812258,0.5189223,-0.08373871,0.9893295,0.1192267,-0.5122153,-0.1453647,0.8464659,static,-34.46822,-7.836765,-3.502362,1.945256,-36.93580147716059,2.838375308359577
05/11/2023 12:33:42.393261,2494,True,True,True,True,Eyes,1.251937,-0.2793273,-3.549896,-0.5623448,-0.1126944,0.8191876,0.0,0.0,0.0,0.0,0.0,0.0,0.0,0.7862792,0.8018371,3.615116,1.246452,-0.277585,-3.563642,0.06858181,-0.2683192,0.0244494,0.9605746,8.330122,328.8294,0.5887657,0.3316036,-0.07407093,-0.9405063,0,0,0,0.603195,-0.405053,-2.635317,-0.0695143,0.03790437,1.133819,0.854814,0.01016731,0.5188349,-0.08377459,0.9893975,0.1186354,-0.5121277,-0.1448764,0.8466026,static,-34.46829,-7.832931,-3.508406,1.914725,-36.93574559807901,2.842251614911749
05/11/2023 12:33:42.413484,2495,True,True,True,True,Eyes,1.251974,-0.2793003,-3.549893,-0.5623401,-0.1126184,0.8192013,0.0,0.0,0.0,0.0,0.0,0.0,0.0,0.7864531,0.799254,3.615694,1.24647,-0.2775712,-3.563681,0.06822316,-0.268311,0.02462461,0.960598,8.295829,328.8331,0.619481,0.3316112,-0.07406414,-0.9405041,0,0,0,0.603195,-0.405053,-2.635317,-0.06956899,0.0372556,1.133881,0.8548056,0.01069864,0.518838,-0.08391875,0.9894785,0.117856,-0.5121181,-0.1442842,0.8467095,static,-34.46762,-7.827581,-3.510968,1.881874,-36.93489466351155,2.8476657683927886
05/11/2023 12:33:42.425002,2496,True,True,True,True,Eyes,1.25201,-0.2792793,-3.549889,-0.5623533,-0.1125438,0.8192024,0.0,0.0,0.0,0.0,0.0,0.0,0.0,0.7854204,0.7968755,3.616494,1.246513,-0.2774706,-3.563725,0.06790952,-0.268169,0.02465007,0.9606591,8.261808,328.8515,0.6332969,0.3316189,-0.0740573,-0.940502,0,0,0,0.603195,-0.405053,-2.635317,-0.0699442,0.03650901,1.133954,0.8549555,0.01093819,0.518586,-0.08378309,0.9895613,0.117255,-0.5118901,-0.1436966,0.8469474,static,-34.46821,-7.822453,-3.529629,1.84407,-36.935319714523004,2.8528470440926412
05/11/2023 12:33:42.443233,2497,True,True,True,True,Eyes,1.252046,-0.2792562,-3.549891,-0.5623541,-0.1124838,0.8192102,0.0,0.0,0.0,0.0,0.0,0.0,0.0,0.7839572,0.7956946,3.617081,1.246535,-0.2776043,-3.563717,0.06772143,-0.2679623,0.02475163,0.9607276,8.243982,328.8777,0.6522231,0.3316268,-0.07405058,-0.9404997,0,0,0,0.603195,-0.405053,-2.635317,-0.0704743,0.03631392,1.133918,0.8551671,0.01126556,0.51823,-0.08385273,0.9896023,0.1168587,-0.5115252,-0.1433887,0.8472199,static,-34.468,-7.81826,-3.556424,1.834281,-36.93497007711948,2.8570882226657517
05/11/2023 12:33:42.463023,2498,True,True,True,True,Eyes,1.252062,-0.2792327,-3.549899,-0.5623935,-0.1124159,0.8191924,0.0,0.0,0.0,0.0,0.0,0.0,0.0,0.7831777,0.7961,3.617301,1.246594,-0.2775365,-3.563844,0.067759,-0.26781,0.02509017,0.9607586,8.258468,328.8983,0.6900297,0.3316347,-0.07404388,-0.9404975,0,0,0,0.603195,-0.405053,-2.635317,-0.07083809,0.03660087,1.134031,0.8552966,0.01191811,0.5180017,-0.08450427,0.9895584,0.1167613,-0.5112014,-0.1436389,0.8473729,static,-34.47045,-7.813766,-3.574379,1.848581,-36.937288820432165,2.861616023671326
05/11/2023 12:33:42.483191,2499,True,True,True,True,Eyes,1.252082,-0.279209,-3.549912,-0.5624334,-0.1123268,0.8191773,0.0,0.0,0.0,0.0,0.0,0.0,0.0,0.7822663,0.7931489,3.618023,1.24655,-0.2775033,-3.563737,0.06736285,-0.267684,0.02511216,0.960821,8.215201,328.9151,0.7058483,0.3316422,-0.07403722,-0.9404954,0,0,0,0.603195,-0.405053,-2.635317,-0.07118627,0.03571635,1.133929,0.8554293,0.01219265,0.5177762,-0.08432049,0.9896633,0.116003,-0.5110096,-0.1428915,0.847615,static,-34.47284,-7.807788,-3.592224,1.804098,-36.93949824137702,2.8676447806871437
05/11/2023 12:33:42.493156,2500,True,True,True,True,Eyes,1.25208,-0.2791834,-3.549931,-0.5624616,-0.1122537,0.819168,0.0,0.0,0.0,0.0,0.0,0.0,0.0,0.7822671,0.7909543,3.618678,1.246685,-0.2774764,-3.563869,0.06707152,-0.2676977,0.02503254,0.9608397,8.180511,328.9139,0.705907,0.3316492,-0.07403056,-0.9404934,0,0,0,0.603195,-0.405053,-2.635317,-0.07121909,0.03502975,1.134136,0.8554226,0.01219473,0.5177871,-0.0840143,0.9897496,0.1154876,-0.5110712,-0.1422923,0.8476787,static,-34.47448,-7.802858,-3.593223,1.769117,-36.94098704215727,2.8726188465373568
05/11/2023 12:33:42.513479,2501,True,True,True,True,Eyes,1.252083,-0.2791636,-3.549955,-0.5624779,-0.1121496,0.819171,0.0,0.0,0.0,0.0,0.0,0.0,0.0,0.7795469,0.7909362,3.619138,1.246681,-0.2773938,-3.563744,0.06708564,-0.2673737,0.02485771,0.9609334,8.176458,328.9514,0.6888005,0.3316555,-0.07402386,-0.9404917,0,0,0,0.603195,-0.405053,-2.635317,-0.07203114,0.03483385,1.133995,0.8557869,0.01189934,0.5171917,-0.08364708,0.9897632,0.1156371,-0.5105214,-0.1422223,0.8480217,static,-34.47517,-7.795686,-3.634535,1.759448,-36.94144541517748,2.879866258975106
05/11/2023 12:33:42.523213,2502,True,True,True,True,Eyes,1.252074,-0.2791452,-3.549987,-0.5625076,-0.112054,0.8191637,0.0,0.0,0.0,0.0,0.0,0.0,0.0,0.7782618,0.7877847,3.62029,1.246784,-0.2775234,-3.563889,0.06663545,-0.2672001,0.02485836,0.961013,8.126514,328.9739,0.704289,0.331661,-0.07401726,-0.9404903,0,0,0,0.603195,-0.405053,-2.635317,-0.07248771,0.03401993,1.134154,0.8559723,0.01216842,0.5168785,-0.08338843,0.9898835,0.1147908,-0.5102526,-0.1413594,0.8483276,static,-34.47681,-7.78919,-3.656998,1.718122,-36.94288260384564,2.8864237956012087
05/11/2023 12:33:42.543085,2503,True,True,True,True,Eyes,1.252067,-0.2791283,-3.550019,-0.5625221,-0.1119721,0.8191649,0.0,0.0,0.0,0.0,0.0,0.0,0.0,0.7762703,0.7869077,3.620925,1.246797,-0.2775344,-3.563901,0.06650543,-0.2669283,0.02492212,0.9610959,8.113878,329.0074,0.7177131,0.3316654,-0.07401078,-0.9404892,0,0,0,0.603195,-0.405053,-2.635317,-0.07314706,0.03380231,1.134134,0.8562564,0.01240073,0.5164023,-0.08340946,0.9899118,0.1145314,-0.5097725,-0.141141,0.8486526,static,-34.47746,-7.783552,-3.690235,1.707167,-36.94335125912053,2.892120360965862
05/11/2023 12:33:42.563405,2504,True,True,True,True,Eyes,1.252032,-0.2791116,-3.550067,-0.5625323,-0.1118511,0.8191744,0.0,0.0,0.0,0.0,0.0,0.0,0.0,0.7746861,0.7880055,3.621099,1.246858,-0.27755,-3.563952,0.06664781,-0.26673,0.02488967,0.9611419,8.128499,329.0304,0.7113921,0.331669,-0.07400446,-0.9404885,0,0,0,0.603195,-0.405053,-2.635317,-0.07362476,0.03411146,1.134168,0.8564712,0.01229108,0.5160485,-0.08339897,0.9898772,0.1148384,-0.5094131,-0.1413936,0.8488263,static,-34.47764,-7.775153,-3.714155,1.722719,-36.943255683917265,2.90061186262923
05/11/2023 12:33:42.573250,2505,True,True,True,True,Eyes,1.252002,-0.2790951,-3.550115,-0.5625222,-0.1117228,0.8191989,0.0,0.0,0.0,0.0,0.0,0.0,0.0,0.7724911,0.7873812,3.6217,1.246931,-0.2775176,-3.563926,0.06656292,-0.2664541,0.02486587,0.9612249,8.118165,329.0636,0.7137114,0.331671,-0.07399826,-0.9404882,0,0,0,0.603195,-0.405053,-2.635317,-0.07435629,0.03388288,1.134151,0.8567678,0.01233147,0.5155548,-0.08327531,0.9899021,0.1147127,-0.5089343,-0.1412151,0.8491432,static,-34.47635,-7.766117,-3.751013,1.711209,-36.94165900077593,2.9097572721211513
05/11/2023 12:33:42.593536,2506,True,True,True,True,Eyes,1.251965,-0.2790812,-3.550164,-0.5625356,-0.1116218,0.8192034,0.0,0.0,0.0,0.0,0.0,0.0,0.0,0.7700063,0.7865186,3.622506,1.247029,-0.27751,-3.563983,0.06644677,-0.2661512,0.02473903,0.9613202,8.101193,329.0994,0.7057527,0.3316717,-0.07399217,-0.9404884,0,0,0,0.603195,-0.405053,-2.635317,-0.07512346,0.03354597,1.134214,0.857103,0.01219448,0.5150008,-0.08293404,0.9899456,0.1145846,-0.5084254,-0.1409219,0.8494967,static,-34.47685,-7.759139,-3.78939,1.694109,-36.941932460415785,2.9168097870651497
05/11/2023 12:33:42.613540,2507,True,True,True,True,Eyes,1.25193,-0.2790676,-3.55021,-0.5625314,-0.1115189,0.8192202,0.0,0.0,0.0,0.0,0.0,0.0,0.0,0.7673963,0.7868765,3.622912,1.247044,-0.2775501,-3.563903,0.06648383,-0.2658165,0.02473615,0.9614102,8.104965,329.1393,0.707131,0.3316711,-0.07398626,-0.9404891,0,0,0,0.603195,-0.405053,-2.635317,-0.07596195,0.03365641,1.134093,0.8574594,0.01221817,0.5144064,-0.08290815,0.9899361,0.1146859,-0.5078282,-0.140987,0.849843,static,-34.4761,-7.751915,-3.831966,1.699864,-36.940939212287475,2.9241193808664434
05/11/2023 12:33:42.623133,2508,True,True,True,True,Eyes,1.251895,-0.2790515,-3.550254,-0.5625136,-0.1113781,0.8192517,0.0,0.0,0.0,0.0,0.0,0.0,0.0,0.7652758,0.7865815,3.62339,1.247056,-0.2775441,-3.563864,0.06644729,-0.2655585,0.02461583,0.9614871,8.097054,329.1695,0.697054,0.3316694,-0.07398053,-0.9404902,0,0,0,0.603195,-0.405053,-2.635317,-0.07659295,0.03347853,1.134032,0.8577455,0.01204431,0.5139335,-0.08262689,0.9899576,0.1147025,-0.5073909,-0.1408503,0.8501269,static,-34.47422,-7.741954,-3.863912,1.690977,-36.93871798380872,2.934204043781415
05/11/2023 12:33:42.643031,2509,True,True,True,True,Eyes,1.251866,-0.2790375,-3.550292,-0.5624678,-0.1112316,0.819303,0.0,0.0,0.0,0.0,0.0,0.0,0.0,0.7624985,0.7854676,3.62421,1.247134,-0.2774653,-3.563836,0.06631286,-0.2652317,0.02441204,0.961592,8.075709,329.2076,0.6812752,0.3316666,-0.07397488,-0.9404916,0,0,0,0.603195,-0.405053,-2.635317,-0.07744029,0.03296183,1.134019,0.8581124,0.0117723,0.5133269,-0.08212539,0.9900133,0.1145821,-0.5068516,-0.1404815,0.8505095,static,-34.47037,-7.731418,-3.906569,1.664912,-36.93449425073595,2.944883256596304
05/11/2023 12:33:42.663645,2510,True,True,True,True,Eyes,1.25184,-0.2790239,-3.550327,-0.5624233,-0.111094,0.8193523,0.0,0.0,0.0,0.0,0.0,0.0,0.0,0.7589692,0.7847096,3.62502,1.247211,-0.2775023,-3.56371,0.06620528,-0.264801,0.02429143,0.961721,8.059813,329.2587,0.6747905,0.3316631,-0.07396938,-0.9404933,0,0,0,0.603195,-0.405053,-2.635317,-0.07858348,0.03266905,1.133886,0.8585807,0.01166071,0.5125458,-0.0817856,0.9900535,0.1144772,-0.5061129,-0.1402068,0.8509946,static,-34.46666,-7.721509,-3.964521,1.650326,-36.93043214549602,2.9549275409535927
05/11/2023 12:33:42.673427,2511,True,True,True,True,Eyes,1.251812,-0.2790124,-3.550357,-0.5623551,-0.1109652,0.8194165,0.0,0.0,0.0,0.0,0.0,0.0,0.0,0.7565515,0.7833931,3.6258,1.247233,-0.2775034,-3.563692,0.06603148,-0.2645075,0.0241316,0.9618177,8.035491,329.2933,0.6647987,0.3316591,-0.07396402,-0.9404951,0,0,0,0.603195,-0.405053,-2.635317,-0.07930383,0.03217607,1.133847,0.8589069,0.01148875,0.5120029,-0.08135204,0.990115,0.1142545,-0.5056291,-0.1397865,0.8513512,static,-34.46132,-7.712064,-4.000881,1.625491,-36.92474411817936,2.9645135168499994
05/11/2023 12:33:42.693037,2512,True,True,True,True,Eyes,1.251777,-0.2790045,-3.550392,-0.5622993,-0.1108653,0.8194684,0.0,0.0,0.0,0.0,0.0,0.0,0.0,0.7536831,0.7838475,3.626159,1.247145,-0.2775393,-3.563577,0.06608471,-0.2641329,0.02410557,0.9619178,8.040336,329.3378,0.6634241,0.3316546,-0.07395885,-0.9404972,0,0,0,0.603195,-0.405053,-2.635317,-0.08016029,0.03228674,1.133636,0.8593054,0.01146485,0.5113343,-0.08128545,0.9901035,0.114402,-0.5049623,-0.1398703,0.8517332,static,-34.45697,-7.704727,-4.044698,1.631383,-36.920122377464445,2.971961374402941
05/11/2023 12:33:42.713208,2513,True,True,True,True,Eyes,1.251745,-0.2790012,-3.550424,-0.5622285,-0.1107808,0.8195284,0.0,0.0,0.0,0.0,0.0,0.0,0.0,0.7521493,0.7838953,3.626533,1.247192,-0.2776138,-3.563622,0.06607573,-0.2639334,0.02410764,0.9619731,8.039268,329.3618,0.665608,0.3316494,-0.07395396,-0.9404994,0,0,0,0.603195,-0.405053,-2.635317,-0.08064684,0.03235215,1.133654,0.859516,0.01150263,0.5109794,-0.08126099,0.9901057,0.1144005,-0.5046077,-0.1398518,0.8519464,static,-34.45164,-7.698364,-4.069101,1.63466,-36.91454599527661,2.9784308998876394
05/11/2023 12:33:42.723093,2514,True,True,True,True,Eyes,1.251716,-0.2789982,-3.550452,-0.5621883,-0.1106834,0.8195691,0.0,0.0,0.0,0.0,0.0,0.0,0.0,0.7502847,0.7850808,3.626612,1.247212,-0.2777218,-3.563556,0.06621521,-0.2636926,0.02413918,0.9620286,8.055514,329.3903,0.6668857,0.3316438,-0.07394943,-0.9405017,0,0,0,0.603195,-0.405053,-2.635317,-0.08125407,0.03277712,1.133544,0.8597671,0.01152424,0.5105563,-0.08136608,0.9900657,0.1146712,-0.5041628,-0.1401325,0.8521636,static,-34.44841,-7.691303,-4.100032,1.656282,-36.91106105665534,2.9855922106723085
05/11/2023 12:33:42.748205,2515,True,True,True,True,Eyes,1.251685,-0.2789952,-3.550479,-0.562145,-0.1105983,0.8196103,0.0,0.0,0.0,0.0,0.0,0.0,0.0,0.7488217,0.7870907,3.62644,1.247203,-0.2777201,-3.563519,0.06647921,-0.2634962,0.02420547,0.9620626,8.086642,329.4133,0.667868,0.3316377,-0.07394523,-0.9405042,0,0,0,0.603195,-0.405053,-2.635317,-0.08171037,0.03338841,1.133458,0.8599678,0.01154033,0.5102179,-0.08160838,0.9899892,0.1151582,-0.5037813,-0.1406704,0.8523006,static,-34.445,-7.685078,-4.123287,1.68728,-36.90742243244314,2.99190939493924
05/11/2023 12:33:42.764112,2516,True,True,True,True,Eyes,1.251661,-0.2789911,-3.550496,-0.5621386,-0.1104117,0.8196399,0.0,0.0,0.0,0.0,0.0,0.0,0.0,0.7485276,0.7876761,3.626348,1.247148,-0.2777173,-3.563512,0.06655073,-0.2634366,0.02431965,0.9620711,8.097987,329.4211,0.6789023,0.3316314,-0.07394135,-0.9405067,0,0,0,0.603195,-0.405053,-2.635317,-0.08180958,0.03362066,1.133407,0.8600194,0.01173065,0.5101265,-0.08185825,0.9899591,0.1152397,-0.5036525,-0.1408664,0.8523443,static,-34.44374,-7.671996,-4.128461,1.699086,-36.90572260793613,3.0051457428212895
05/11/2023 12:33:42.773270,2517,True,True,True,True,Eyes,1.25164,-0.2789896,-3.550512,-0.5621344,-0.1102371,0.8196662,0.0,0.0,0.0,0.0,0.0,0.0,0.0,0.7474785,0.7875065,3.626444,1.247105,-0.2776971,-3.563369,0.06653083,-0.2633041,0.02431389,0.9621089,8.095513,329.437,0.6799906,0.331625,-0.07393774,-0.9405093,0,0,0,0.603195,-0.405053,-2.635317,-0.08215779,0.03353385,1.133246,0.8601596,0.01174953,0.5098897,-0.08182088,0.989965,0.1152159,-0.5034192,-0.1408237,0.8524892,static,-34.44268,-7.65976,-4.146561,1.694943,-36.90425204185343,3.017525318963143
05/11/2023 12:33:42.798975,2518,True,True,True,True,Eyes,1.251621,-0.2789888,-3.550524,-0.5621457,-0.1100905,0.8196782,0.0,0.0,0.0,0.0,0.0,0.0,0.0,0.7476969,0.7879855,3.626329,1.247144,-0.2777542,-3.563386,0.06658738,-0.2633356,0.0243215,0.9620962,8.102033,329.433,0.6788473,0.3316185,-0.07393442,-0.9405118,0,0,0,0.603195,-0.405053,-2.635317,-0.08210406,0.03372263,1.133273,0.8601256,0.01172958,0.5099474,-0.08186892,0.9899492,0.1153175,-0.5034695,-0.1409364,0.8524409,static,-34.44283,-7.649588,-4.143759,1.704438,-36.90406782584457,3.0278098007835768
05/11/2023 12:33:42.814889,2519,True,True,True,True,Eyes,1.251602,-0.2789866,-3.550537,-0.5621573,-0.1099448,0.8196898,0.0,0.0,0.0,0.0,0.0,0.0,0.0,0.7475754,0.7892586,3.626015,1.24712,-0.277775,-3.56333,0.06675375,-0.2633153,0.02437571,0.9620889,8.122097,329.4352,0.679984,0.3316122,-0.07393141,-0.9405143,0,0,0,0.603195,-0.405053,-2.635317,-0.08215043,0.0341334,1.133196,0.8601418,0.01174864,0.5099197,-0.08205777,0.9898995,0.1156091,-0.503411,-0.1412831,0.8524181,static,-34.443,-7.639474,-4.146374,1.725305,-36.903905658997296,3.038035502187741
05/11/2023 12:33:42.823069,2520,True,True,True,True,Eyes,1.251583,-0.2789847,-3.550548,-0.5621959,-0.1097791,0.8196855,0.0,0.0,0.0,0.0,0.0,0.0,0.0,0.7477179,0.788684,3.626122,1.247097,-0.2777412,-3.563352,0.06667949,-0.263326,0.02439587,0.9620906,8.114487,329.4344,0.6844015,0.331606,-0.07392863,-0.9405167,0,0,0,0.603195,-0.405053,-2.635317,-0.08210126,0.03395625,1.133214,0.8601285,0.01182519,0.5099403,-0.08205897,0.9899174,0.1154553,-0.5034335,-0.1411515,0.8524265,static,-34.44497,-7.628137,-4.143836,1.71633,-36.90551556877704,3.0494858462101755
05/11/2023 12:33:42.843422,2521,True,True,True,True,Eyes,1.251564,-0.2789838,-3.55056,-0.5622342,-0.1096156,0.8196812,0.0,0.0,0.0,0.0,0.0,0.0,0.0,0.7482549,0.7876893,3.626203,1.247062,-0.2777556,-3.563337,0.0665402,-0.2633814,0.02446855,0.9620832,8.10129,329.4288,0.6962709,0.3315998,-0.07392607,-0.940519,0,0,0,0.603195,-0.405053,-2.635317,-0.08196518,0.03372187,1.133197,0.860063,0.01203065,0.5100459,-0.08213246,0.9899474,0.1151453,-0.5035334,-0.1409236,0.8524053,static,-34.44693,-7.61695,-4.137052,1.704515,-36.90712035344474,3.060784583461891
05/11/2023 12:33:42.863519,2522,True,True,True,True,Eyes,1.25154,-0.2789826,-3.550575,-0.5622755,-0.1094405,0.8196762,0.0,0.0,0.0,0.0,0.0,0.0,0.0,0.7482826,0.7874664,3.62627,1.247042,-0.2777773,-3.563368,0.06651305,-0.2633931,0.02437869,0.9620841,8.09557,329.4268,0.686995,0.3315938,-0.07392374,-0.9405214,0,0,0,0.603195,-0.405053,-2.635317,-0.08190033,0.03361864,1.133216,0.8600596,0.01187055,0.5100556,-0.08194686,0.9899634,0.1151399,-0.5035696,-0.1408247,0.8524002,static,-34.44906,-7.604969,-4.133722,1.699271,-36.9088701391353,3.07288504534172
05/11/2023 12:33:42.873872,2523,True,True,True,True,Eyes,1.251517,-0.2789807,-3.550589,-0.5623064,-0.1092713,0.8196775,0.0,0.0,0.0,0.0,0.0,0.0,0.0,0.7485663,0.7871506,3.626257,1.247058,-0.2777743,-3.563339,0.06646764,-0.2634246,0.0244412,0.962077,8.092453,329.4237,0.6950715,0.3315876,-0.07392159,-0.9405237,0,0,0,0.603195,-0.405053,-2.635317,-0.08186281,0.03356362,1.133206,0.8600202,0.0120102,0.5101186,-0.08204705,0.9899694,0.1150171,-0.5036204,-0.1407708,0.852379,static,-34.45049,-7.593333,-4.131868,1.696506,-36.90992647924403,3.0846413255631324
05/11/2023 12:33:42.893258,2524,True,True,True,True,Eyes,1.251516,-0.2789772,-3.55059,-0.5623227,-0.1090822,0.8196915,0.0,0.0,0.0,0.0,0.0,0.0,0.0,0.7476012,0.7869936,3.626509,1.247083,-0.2777535,-3.563352,0.06644435,-0.2632959,0.02446735,0.9621132,8.090569,329.4394,0.6997835,0.3315814,-0.0739196,-0.9405261,0,0,0,0.603195,-0.405053,-2.635317,-0.08218449,0.0335165,1.133211,0.8601533,0.01209166,0.5098923,-0.08206976,0.989973,0.1149697,-0.5033895,-0.1407383,0.8525209,static,-34.4508,-7.580218,-4.148031,1.694119,-36.90980636887416,3.097900573589473
05/11/2023 12:33:42.913343,2525,True,True,True,True,Eyes,1.251514,-0.2789733,-3.55059,-0.5623239,-0.1088881,0.8197166,0.0,0.0,0.0,0.0,0.0,0.0,0.0,0.7461004,0.7856978,3.627039,1.247074,-0.2777376,-3.563294,0.06626475,-0.2630919,0.02451934,0.9621801,8.072087,329.4648,0.7127699,0.3315757,-0.07391772,-0.9405283,0,0,0,0.603195,-0.405053,-2.635317,-0.08270299,0.0331477,1.133134,0.860363,0.01231661,0.509533,-0.08205148,0.9900156,0.1146156,-0.5030339,-0.1404189,0.8527833,static,-34.45004,-7.566663,-4.174393,1.675603,-36.90859439531551,3.1116118646421063
05/11/2023 12:33:42.923726,2526,True,True,True,True,Eyes,1.251508,-0.278969,-3.55059,-0.5623057,-0.1087033,0.8197535,0.0,0.0,0.0,0.0,0.0,0.0,0.0,0.7444103,0.7845473,3.627603,1.24707,-0.2777275,-3.563264,0.06610833,-0.2628732,0.02449321,0.9622513,8.053799,329.4913,0.7164658,0.3315706,-0.07391592,-0.9405302,0,0,0,0.603195,-0.405053,-2.635317,-0.08323908,0.0327786,1.133079,0.8605955,0.01238103,0.5091385,-0.08189347,0.9900596,0.1143485,-0.5026616,-0.1401029,0.8530548,static,-34.44797,-7.553633,-4.201557,1.657035,-36.90608071174392,3.1248010330912512
05/11/2023 12:33:42.943059,2527,True,True,True,True,Eyes,1.251504,-0.2789647,-3.550592,-0.5622675,-0.1085158,0.8198047,0.0,0.0,0.0,0.0,0.0,0.0,0.0,0.7421403,0.7834483,3.628248,1.247044,-0.2777223,-3.563215,0.06595665,-0.2625761,0.02447407,0.9623433,8.036186,329.5273,0.7214462,0.3315659,-0.07391419,-0.940532,0,0,0,0.603195,-0.405053,-2.635317,-0.08394957,0.03242634,1.132983,0.8609096,0.01246764,0.5086052,-0.0817422,0.9901015,0.1140933,-0.5021483,-0.1397985,0.853407,moving,-34.44449,-7.540287,-4.237648,1.639377,-36.90213691253419,3.138319128143098
05/11/2023 12:33:42.963191,2528,True,True,True,True,Eyes,1.251507,-0.2789605,-3.550591,-0.5622246,-0.1083472,0.8198563,0.0,0.0,0.0,0.0,0.0,0.0,0.0,0.7397119,0.7826427,3.628958,1.247064,-0.2777184,-3.563249,0.06584542,-0.2622651,0.02440926,0.9624374,8.021667,329.5644,0.7202173,0.3315615,-0.07391252,-0.9405336,0,0,0,0.6065458,-0.4028184,-2.634907,-0.08156222,0.03412664,1.131334,0.8612424,0.01244684,0.5080419,-0.08152267,0.9901372,0.1139408,-0.501613,-0.1395476,0.8537628,moving,-34.44077,-7.528234,-4.12354,1.727801,-36.897994076700016,3.150531398296648
05/11/2023 12:33:42.983229,2529,True,True,True,True,Eyes,1.251513,-0.2789552,-3.550596,-0.5621585,-0.108188,0.8199226,1.114745,0.6248498,-0.3995572,-2.636591,0.9880646,0.06293077,-0.1405989,-0.06745955,0.03560288,1.120247,1.247087,-0.2776679,-3.563271,0.06584913,-0.2619027,0.02436396,0.962537,8.02044,329.6074,0.7181006,0.3315577,-0.07391091,-0.9405351,0,0,0,0.6100199,-0.4005018,-2.634481,-0.0791783,0.03611532,1.129611,0.8616268,0.0124103,0.5073907,-0.08139455,0.9901406,0.1140025,-0.5009733,-0.1395264,0.8541418,moving,-34.43547,-7.516701,-4.009501,1.831207,-36.8922775084377,3.1622284018599176
05/11/2023 12:33:42.993355,2530,True,True,True,True,Eyes,1.251529,-0.2789461,-3.550595,-0.5620856,-0.1080152,0.8199954,1.110882,0.6271185,-0.3989383,-2.639676,0.9273871,-0.03727265,-0.3722419,-0.06789032,0.03574665,1.116468,1.247141,-0.2776262,-3.563388,0.06586163,-0.2615417,0.02445106,0.9626321,8.024179,329.6512,0.730451,0.3315543,-0.0739093,-0.9405364,0,0,0,0.6132032,-0.398379,-2.634091,-0.07704771,0.03807162,1.128125,0.8619962,0.01262362,0.5067576,-0.08152586,0.9901288,0.1140111,-0.500316,-0.1395909,0.8545164,moving,-34.42963,-7.504175,-3.907072,1.932868,-36.88598449770375,3.1749330840988392
05/11/2023 12:33:43.013456,2531,True,True,True,True,Eyes,1.251547,-0.2789368,-3.550596,-0.5619951,-0.1078264,0.8200822,1.10794,0.6288905,-0.3984019,-2.641995,0.8175809,-0.1537459,-0.5549088,-0.06842104,0.03513571,1.113491,1.24713,-0.2776038,-3.563388,0.06555259,-0.2611599,0.02437122,0.9627588,7.987222,329.6974,0.7340983,0.3315517,-0.07390761,-0.9405375,0,0,0,0.616627,-0.3960958,-2.633671,-0.07475555,0.03935931,1.126414,0.8624032,0.01268779,0.5060631,-0.08116661,0.9902178,0.1134931,-0.4996727,-0.1389522,0.8549967,moving,-34.4225,-7.490419,-3.79692,2.001222,-36.87835207339866,3.1888900897015846
05/11/2023 12:33:43.033330,2532,True,True,True,True,Eyes,1.251583,-0.278926,-3.550589,-0.5619286,-0.1075264,0.8201672,1.105969,0.6301073,-0.3978469,-2.643509,0.6833517,-0.260212,-0.6821439,-0.06888047,0.03478031,1.111563,1.24718,-0.2776103,-3.56345,0.06525102,-0.2608487,0.02434934,0.9628642,7.952884,329.7354,0.74336,0.3315498,-0.07390583,-0.9405383,0,0,0,0.6198553,-0.3939431,-2.633276,-0.07250193,0.04063185,1.124894,0.8627301,0.01284893,0.5055013,-0.08093151,0.9902989,0.1129528,-0.499146,-0.1383587,0.8554005,moving,-34.41657,-7.469052,-3.687741,2.068659,-36.87167706243259,3.210535004922999
05/11/2023 12:33:43.043535,2533,True,True,True,True,Eyes,1.251617,-0.2789102,-3.550582,-0.5618418,-0.1072185,0.820267,1.104739,0.6309291,-0.3973587,-2.644401,0.5212691,-0.3721336,-0.7679812,-0.06939366,0.0346201,1.110317,1.247203,-0.2775889,-3.563465,0.06502942,-0.2605236,0.0243599,0.9629669,7.928373,329.7751,0.7539164,0.3315489,-0.07390393,-0.9405387,0,0,0,0.6231071,-0.3917746,-2.632877,-0.07025307,0.0420793,1.123309,0.8630682,0.01303217,0.5049192,-0.08079894,0.9903556,0.1125497,-0.4985828,-0.137935,0.8557973,moving,-34.40919,-7.447008,-3.578685,2.145304,-36.86351976281329,3.2328741408747286
05/11/2023 12:33:43.063258,2534,True,True,True,True,Eyes,1.251662,-0.2788965,-3.550576,-0.5617328,-0.1068807,0.8203858,1.104557,0.6311956,-0.3969524,-2.644413,0.5388642,-0.3449559,-0.7685251,-0.06997606,0.03431032,1.110072,1.247187,-0.2774531,-3.563438,0.06486959,-0.2601686,0.0240602,0.9630812,7.901402,329.816,0.7282754,0.331549,-0.07390179,-0.9405388,0,0,0,0.626779,-0.389326,-2.632427,-0.06764984,0.04356504,1.121485,0.8634669,0.01258979,0.5042484,-0.08009788,0.9904261,0.1124299,-0.4980053,-0.1374688,0.8562085,moving,-34.40014,-7.422747,-3.451994,2.224585,-36.85360790571392,3.2574661451241402
05/11/2023 12:33:43.083163,2535,True,True,True,True,Eyes,1.251705,-0.2788879,-3.550574,-0.5616198,-0.1065558,0.8205053,1.105408,0.6308863,-0.3966755,-2.643581,0.05584264,-0.6352826,-0.7702581,-0.07069865,0.03438262,1.110995,1.247233,-0.2775092,-3.563584,0.06465052,-0.2597809,0.0241511,0.9631984,7.879521,329.8637,0.7481862,0.3315503,-0.0738995,-0.9405385,0,0,0,0.6300486,-0.3871457,-2.632026,-0.06548068,0.04518268,1.120003,0.8638612,0.01293465,0.5035639,-0.08011454,0.9904741,0.1119946,-0.4973184,-0.1370905,0.8566684,moving,-34.39088,-7.399364,-3.345973,2.310148,-36.843513540853685,3.281171754316687
05/11/2023 12:33:43.093265,2536,True,True,True,True,Eyes,1.251754,-0.2788745,-3.550576,-0.5615082,-0.1062809,0.8206174,1.111042,0.6278951,-0.3969571,-2.638836,-0.3611234,-0.7991315,-0.4806026,-0.07116631,0.0349865,1.116649,1.247267,-0.2776337,-3.563679,0.0644711,-0.2596749,0.02464468,0.9632264,7.874272,329.8805,0.8094425,0.3315524,-0.07389718,-0.940538,0,0,0,0.6333123,-0.3849693,-2.631626,-0.06268889,0.04722464,1.118491,0.8639231,0.01399377,0.5034292,-0.08095988,0.9904722,0.1114013,-0.4970738,-0.1369998,0.8568249,moving,-34.38192,-7.379491,-3.207942,2.417691,-36.833836922342044,3.301326204616201
05/11/2023 12:33:43.113100,2537,True,True,True,True,Eyes,1.251804,-0.2788582,-3.550579,-0.5613891,-0.1060198,0.8207326,0.0,0.0,0.0,0.0,0.0,0.0,0.0,0.7182703,0.7735974,3.635836,1.24737,-0.2775109,-3.563807,0.06457054,-0.2594126,0.0245543,0.9632928,7.882386,329.9109,0.7985464,0.3315555,-0.0738947,-0.9405371,0,0,0,0.6366981,-0.3827115,-2.631211,-0.06014743,0.04928481,1.116994,0.8642044,0.01380514,0.5029514,-0.08080676,0.9904555,0.1116613,-0.4966095,-0.13714,0.8570715,moving,-34.37251,-7.360541,-3.082263,2.526407,-36.82373762795346,3.320550358030993
05/11/2023 12:33:43.133340,2538,True,True,True,True,Eyes,1.251872,-0.2788469,-3.550578,-0.5612836,-0.105769,0.8208371,0.0,0.0,0.0,0.0,0.0,0.0,0.0,0.7171119,0.7734981,3.636091,1.247422,-0.277427,-3.563802,0.06455337,-0.2592446,0.02471262,0.9633352,7.885059,329.9322,0.8180879,0.3315594,-0.073892,-0.9405359,0,0,0,0.6400992,-0.3804435,-2.630795,-0.05741012,0.0512977,1.11536,0.8643631,0.01414285,0.5026693,-0.08108328,0.9904443,0.1115598,-0.4962882,-0.1371862,0.8572502,moving,-34.36409,-7.342391,-2.946544,2.633295,-36.81466151119943,3.338958985551149
05/11/2023 12:33:43.143091,2539,True,True,True,True,Eyes,1.251939,-0.278836,-3.55058,-0.5611769,-0.1055259,0.8209413,0.0,0.0,0.0,0.0,0.0,0.0,0.0,0.7162123,0.7702484,3.637135,1.247616,-0.2775586,-3.563903,0.06410069,-0.2591546,0.02458067,0.9633929,7.830832,329.9434,0.8176838,0.3315645,-0.07388924,-0.9405343,0,0,0,0.6435236,-0.3781599,-2.630375,-0.0545564,0.05243313,1.113911,0.8644693,0.01413771,0.5024868,-0.08058567,0.9905738,0.1107679,-0.4961842,-0.1362487,0.8574599,moving,-34.35563,-7.324776,-2.803956,2.694993,-36.80556275173202,3.3568269111483486
05/11/2023 12:33:43.163052,2540,True,True,True,True,Eyes,1.252016,-0.2788244,-3.55058,-0.5610517,-0.1053071,0.8210551,0.0,0.0,0.0,0.0,0.0,0.0,0.0,0.7152172,0.7706573,3.63732,1.247633,-0.2775476,-3.563976,0.06417545,-0.2590647,0.02427644,0.9634199,7.829988,329.9518,0.7822779,0.3315708,-0.07388642,-0.9405323,0,0,0,0.6466724,-0.3760602,-2.629989,-0.05178413,0.05425353,1.112459,0.8645922,0.01352561,0.5022921,-0.080028,0.9905844,0.1110775,-0.4960603,-0.1362341,0.8575339,moving,-34.34597,-7.308755,-2.665151,2.792046,-36.79530827108496,3.3730910546227504
05/11/2023 12:33:43.183400,2541,True,True,True,True,Eyes,1.252109,-0.2788143,-3.550586,-0.5609298,-0.1050734,0.8211683,0.0,0.0,0.0,0.0,0.0,0.0,0.0,0.7146579,0.7721853,3.637191,1.247706,-0.2775263,-3.564038,0.06437774,-0.2589909,0.0243279,0.9634247,7.853907,329.9603,0.7825596,0.3315782,-0.07388352,-0.9405299,0,0,0,0.6500733,-0.3737923,-2.629572,-0.04879412,0.05673111,1.110883,0.8646637,0.0135297,0.502169,-0.08022272,0.9905273,0.1114448,-0.4959042,-0.1366476,0.8575584,moving,-34.33649,-7.291714,-2.515029,2.92347,-36.78520141177045,3.3903853773752743
05/11/2023 12:33:43.198129,2542,True,True,True,True,Eyes,1.2522,-0.2788031,-3.550594,-0.560808,-0.1048545,0.8212794,0.0,0.0,0.0,0.0,0.0,0.0,0.0,0.7157538,0.770304,3.637715,1.247902,-0.2775816,-3.564313,0.06410637,-0.2591223,0.02442077,0.9634053,7.826671,329.9461,0.7999594,0.331587,-0.07388057,-0.9405271,0,0,0,0.6534333,-0.3715517,-2.62916,-0.0453985,0.05831207,1.109628,0.8645185,0.01383142,0.5024107,-0.08027698,0.990588,0.1108649,-0.4961486,-0.1361768,0.857492,moving,-34.32709,-7.275716,-2.342852,3.008185,-36.77520947798031,3.406624530698198
05/11/2023 12:33:43.213174,2543,True,True,True,True,Eyes,1.252298,-0.2787896,-3.550607,-0.5606834,-0.1046361,0.8213924,0.0,0.0,0.0,0.0,0.0,0.0,0.0,0.7160347,0.7712803,3.637556,1.247978,-0.2775311,-3.564396,0.06424219,-0.2591611,0.02444153,0.9633853,7.84239,329.9412,0.797887,0.331597,-0.07387755,-0.9405238,0,0,0,0.6569144,-0.3692304,-2.628734,-0.04206967,0.06064627,1.108053,0.8644763,0.01379507,0.5024843,-0.08039137,0.9905511,0.1111114,-0.4962036,-0.1364485,0.8574169,moving,-34.31749,-7.259736,-2.174317,3.132804,-36.765016761413904,3.4228468167125516
05/11/2023 12:33:43.223735,2544,True,True,True,True,Eyes,1.252404,-0.2787677,-3.550612,-0.5605068,-0.1043285,0.821552,0.0,0.0,0.0,0.0,0.0,0.0,0.0,0.7149137,0.7705376,3.638132,1.248255,-0.2774629,-3.564506,0.06414695,-0.2590432,0.02439872,0.9634244,7.830451,329.9553,0.7969341,0.3316083,-0.07387439,-0.9405201,0,0,0,0.6603669,-0.366928,-2.628311,-0.03930163,0.06243452,1.106632,0.8646027,0.01377899,0.5022672,-0.08024631,0.9905798,0.1109608,-0.4960069,-0.1362421,0.8575636,moving,-34.3039,-7.237226,-2.033983,3.229118,-36.750591378012935,3.4456985568316467
05/11/2023 12:33:43.243210,2545,True,True,True,True,Eyes,1.252524,-0.2787396,-3.550618,-0.5602661,-0.1039631,0.8217624,0.0,0.0,0.0,0.0,0.0,0.0,0.0,0.7091004,0.7656064,3.640228,1.248457,-0.2772579,-3.564368,0.06351018,-0.2583371,0.02417253,0.963662,7.75249,330.0401,0.7965103,0.3316208,-0.07387089,-0.9405159,0,0,0,0.6634787,-0.3648529,-2.627929,-0.0382933,0.06259169,1.105172,0.8653553,0.01377422,0.5009696,-0.07940236,0.9907643,0.1099153,-0.4948289,-0.134894,0.8584569,moving,-34.28562,-7.210319,-1.984457,3.241498,-36.73129881096723,3.473027621921146
05/11/2023 12:33:43.263118,2546,True,True,True,True,Eyes,1.252643,-0.278705,-3.550624,-0.5598501,-0.1035169,0.8221022,0.0,0.0,0.0,0.0,0.0,0.0,0.0,0.700454,0.7590079,3.643404,1.248862,-0.277102,-3.564363,0.06262261,-0.2572553,0.02405847,0.9640121,7.649706,330.1714,0.8189283,0.331635,-0.0738669,-0.9405113,0,0,0,0.6668928,-0.3625763,-2.627511,-0.0379799,0.06255782,1.103779,0.8664818,0.01416531,0.4990077,-0.07860531,0.9909992,0.1083596,-0.4929813,-0.1331162,0.8597962,moving,-34.25479,-7.17676,-1.970711,3.243827,-36.69915066260925,3.5071665761964432
05/11/2023 12:33:43.273080,2547,True,True,True,True,Eyes,1.252773,-0.2786675,-3.550633,-0.5593554,-0.1030245,0.8225007,0.0,0.0,0.0,0.0,0.0,0.0,0.0,0.689698,0.7531824,3.646677,1.249025,-0.276935,-3.564332,0.06183916,-0.2558748,0.02393231,0.9644333,7.55783,330.3377,0.839028,0.3316504,-0.07386232,-0.9405062,0,0,0,0.6702083,-0.3603653,-2.627105,-0.03823119,0.06265348,1.102269,0.8679107,0.01451607,0.4965082,-0.0778084,0.9912063,0.1070321,-0.4905883,-0.1315268,0.8614081,moving,-34.21832,-7.139554,-1.986456,3.253219,-36.66120351296105,3.545030822360805
05/11/2023 12:33:43.293563,2548,True,True,True,True,Eyes,1.252898,-0.2786261,-3.550651,-0.5586686,-0.1023996,0.8230454,0.0,0.0,0.0,0.0,0.0,0.0,0.0,0.6784912,0.7473037,3.65015,1.249346,-0.2768465,-3.564394,0.06103399,-0.254446,0.02381603,0.9648653,7.463752,330.5097,0.8609661,0.3316674,-0.07385711,-0.9405006,0,0,0,0.6735863,-0.3581127,-2.626691,-0.03861505,0.06285249,1.100886,0.8693801,0.01489882,0.4939193,-0.07701822,0.9914153,0.1056594,-0.488105,-0.1298989,0.8630642,moving,-34.16796,-7.092041,-2.008903,3.267622,-36.6089311014542,3.593409668494151
05/11/2023 12:33:43.313276,2549,True,True,True,True,Eyes,1.253036,-0.2785728,-3.550669,-0.557875,-0.1017425,0.823665,0.0,0.0,0.0,0.0,0.0,0.0,0.0,0.6650798,0.742092,3.653785,1.249671,-0.2767306,-3.564396,0.06030351,-0.2527093,0.02388384,0.9653658,7.382992,330.7193,0.9033325,0.3316855,-0.07385121,-0.9404947,0,0,0,0.6769375,-0.355878,-2.62628,-0.03974357,0.06328565,1.099439,0.8711352,0.01563477,0.4907944,-0.0765918,0.9915861,0.1043585,-0.4850332,-0.1285012,0.865003,moving,-34.1101,-7.041744,-2.070281,3.294411,-36.549015334371084,3.644653580220096
05/11/2023 12:33:43.323060,2550,True,True,True,True,Eyes,1.253176,-0.2785153,-3.550692,-0.5569102,-0.1009287,0.8244176,0.0,0.0,0.0,0.0,0.0,0.0,0.0,0.649527,0.7367041,3.6578,1.250065,-0.2764102,-3.564415,0.05958325,-0.250722,0.02379361,0.9659308,7.298449,330.9575,0.9293616,0.3317049,-0.07384438,-0.9404883,0,0,0,0.6804556,-0.353532,-2.625849,-0.04132694,0.06355138,1.097981,0.8731446,0.01608829,0.4871957,-0.07584363,0.9917674,0.1031754,-0.4815249,-0.1270378,0.8671765,moving,-34.03979,-6.979663,-2.15554,3.312596,-36.476175533909036,3.7078959685440314
05/11/2023 12:33:43.343194,2551,True,True,True,True,Eyes,1.253326,-0.2784591,-3.550719,-0.5558431,-0.100096,0.8252389,0.0,0.0,0.0,0.0,0.0,0.0,0.0,0.6335852,0.7299194,3.662073,1.250426,-0.2762764,-3.56442,0.05866085,-0.248697,0.0235733,0.9665159,7.187599,331.1996,0.9465808,0.3317255,-0.07383658,-0.9404817,0,0,0,0.6838512,-0.3512676,-2.625432,-0.04308322,0.06342232,1.096563,0.8751882,0.01639039,0.4835049,-0.07474551,0.9920064,0.1016681,-0.4779736,-0.1251185,0.8694174,moving,-33.9624,-6.915814,-2.249955,3.310149,-36.39614875276328,3.7729732872928334
05/11/2023 12:33:43.363518,2552,True,True,True,True,Eyes,1.253472,-0.2783968,-3.550758,-0.5544306,-0.09905571,0.826314,0.0,0.0,0.0,0.0,0.0,0.0,0.0,0.6174878,0.7253746,3.665927,1.250737,-0.276269,-3.564521,0.05800998,-0.2466225,0.02350811,0.9670882,7.111278,331.4477,0.9732935,0.3317474,-0.07382794,-0.9404746,0,0,0,0.6871206,-0.3490874,-2.625032,-0.0449501,0.06402451,1.095211,0.8772494,0.01685569,0.4797388,-0.07408196,0.9921644,0.1006063,-0.474284,-0.1237968,0.8716244,moving,-33.86037,-6.835804,-2.350238,3.345624,-36.29077981304204,3.8545561909193635
05/11/2023 12:33:43.373532,2553,True,True,True,True,Eyes,1.253626,-0.278329,-3.550798,-0.5529411,-0.09796795,0.8274409,0.0,0.0,0.0,0.0,0.0,0.0,0.0,0.6026778,0.7235866,3.668969,1.251121,-0.2760841,-3.564633,0.05771034,-0.2446576,0.02397569,0.9675936,7.089059,331.6851,1.048502,0.3317703,-0.07381835,-0.9404673,0,0,0,0.6905709,-0.3467866,-2.624609,-0.04641992,0.06564103,1.093799,0.8791356,0.01815891,0.4762256,-0.074636,0.9921894,0.09994864,-0.470691,-0.123412,0.8736243,moving,-33.75301,-6.752313,-2.430127,3.434313,-36.17992947587564,3.939694467555425
05/11/2023 12:33:43.398075,2554,True,True,True,True,Eyes,1.253778,-0.2782508,-3.550852,-0.5511918,-0.09669204,0.8287571,0.0,0.0,0.0,0.0,0.0,0.0,0.0,0.5874571,0.7151529,3.673218,1.251393,-0.2759126,-3.564683,0.05655602,-0.2426882,0.02395882,0.9681581,6.957862,331.9217,1.093351,0.3317942,-0.07380776,-0.9404597,0,0,0,0.6939124,-0.3445583,-2.6242,-0.04797089,0.06509389,1.092459,0.8810569,0.01894089,0.472631,-0.07384279,0.9924548,0.09788126,-0.4672109,-0.1211394,0.8758078,moving,-33.62718,-6.654678,-2.514295,3.409922,-36.05001590645483,4.039257688171547
05/11/2023 12:33:43.413492,2555,True,True,True,True,Eyes,1.253938,-0.2781724,-3.550903,-0.5493786,-0.09539974,0.8301097,0.0,0.0,0.0,0.0,0.0,0.0,0.0,0.5736797,0.7090698,3.676862,1.251886,-0.2756102,-3.564831,0.05575132,-0.2409514,0.0237884,0.9686427,6.861509,332.1287,1.109134,0.3318189,-0.07379598,-0.9404519,0,0,0,0.6971874,-0.3423744,-2.623798,-0.04918227,0.06504224,1.091348,0.882753,0.0192182,0.469444,-0.07295164,0.9926518,0.0965425,-0.4641391,-0.1194699,0.8776684,moving,-33.49717,-6.555913,-2.580323,3.410683,-35.915856335781754,4.139991385667312
05/11/2023 12:33:43.423040,2556,True,True,True,True,Eyes,1.254099,-0.2780861,-3.550959,-0.5474123,-0.09400553,0.8315665,0.0,0.0,0.0,0.0,0.0,0.0,0.0,0.5586594,0.7027647,3.680444,1.252177,-0.275546,-3.564796,0.05486518,-0.23901,0.02384554,0.9691726,6.762053,332.3613,1.153688,0.3318446,-0.07378311,-0.9404438,0,0,0,0.7006171,-0.3400873,-2.623378,-0.05059958,0.06526652,1.089877,0.8846112,0.01999423,0.4659005,-0.07244755,0.9928424,0.094949,-0.4606673,-0.1177463,0.8797281,moving,-33.35653,-6.449696,-2.658154,3.427024,-35.77074802723749,4.248331095746552
05/11/2023 12:33:43.443023,2557,True,True,True,True,Eyes,1.25427,-0.2779943,-3.551021,-0.5453966,-0.09259962,0.8330474,0.0,0.0,0.0,0.0,0.0,0.0,0.0,0.54456,0.6946122,3.684251,1.252593,-0.2753046,-3.564821,0.05377689,-0.2372297,0.02367057,0.9696751,6.633789,332.5735,1.17625,0.331871,-0.07376906,-0.9404356,0,0,0,0.7039381,-0.3378727,-2.622971,-0.05184492,0.06469907,1.088644,0.8863236,0.02039056,0.4626175,-0.07142048,0.9930955,0.09306151,-0.4575257,-0.115523,0.8816602,moving,-33.21279,-6.342827,-2.72656,3.401139,-35.622496901831866,4.357350749064251
05/11/2023 12:33:43.463072,2558,True,True,True,True,Eyes,1.254436,-0.2779016,-3.551095,-0.5432719,-0.09114408,0.8345947,0.0,0.0,0.0,0.0,0.0,0.0,0.0,0.5297936,0.6889175,3.687738,1.252955,-0.2750941,-3.564986,0.05304,-0.2353857,0.02322697,0.9701757,6.537348,332.7908,1.15919,0.3318984,-0.07375375,-0.9404271,0,0,0,0.7072746,-0.3356478,-2.622562,-0.05308333,0.06475654,1.087468,0.8881081,0.02009877,0.459195,-0.0700382,0.9932946,0.09198164,-0.4542671,-0.1138508,0.8835607,moving,-33.06175,-6.232435,-2.7946,3.407825,-35.46677944096161,4.469981378980062
05/11/2023 12:33:43.483046,2559,True,True,True,True,Eyes,1.254611,-0.2778057,-3.551174,-0.5411026,-0.08967711,0.8361614,0.0,0.0,0.0,0.0,0.0,0.0,0.0,0.515223,0.6840227,3.691014,1.253446,-0.2749924,-3.565133,0.0523699,-0.233548,0.02306288,0.97066,6.455951,333.0088,1.171224,0.3319264,-0.0737373,-0.9404185,0,0,0,0.7107692,-0.3333174,-2.622134,-0.0542582,0.06534194,1.086248,0.8898469,0.02031066,0.455807,-0.06923421,0.993451,0.09089417,-0.4509759,-0.1124393,0.8854254,moving,-32.908,-6.121491,-2.859554,3.442412,-35.308315142259545,4.583188236169044
05/11/2023 12:33:43.493502,2560,True,True,True,True,Eyes,1.254799,-0.2777055,-3.551257,-0.5389335,-0.08818246,0.8377198,0.0,0.0,0.0,0.0,0.0,0.0,0.0,0.5006915,0.6777643,3.694424,1.253785,-0.2748403,-3.565292,0.05152475,-0.2316964,0.02289967,0.9711527,6.354998,333.2285,1.187788,0.3319552,-0.0737197,-0.9404098,0,0,0,0.7140133,-0.3311541,-2.621736,-0.05556169,0.06535558,1.085111,0.8915848,0.02060194,0.452385,-0.06835435,0.9936416,0.08946526,-0.4476654,-0.1106884,0.8873239,moving,-32.75455,-6.009103,-2.931197,3.446728,-35.15010531634078,4.697853202807112
05/11/2023 12:33:43.513240,2561,True,True,True,True,Eyes,1.254997,-0.2775991,-3.551339,-0.5367156,-0.0866638,0.8393008,0.0,0.0,0.0,0.0,0.0,0.0,0.0,0.4870546,0.6715487,3.697697,1.254228,-0.274671,-3.565477,0.05068389,-0.2299661,0.02279114,0.9716107,6.256083,333.434,1.209188,0.3319848,-0.07370096,-0.9404008,0,0,0,0.7173903,-0.3289021,-2.621322,-0.05653682,0.06548657,1.084011,0.8931923,0.02097707,0.4491853,-0.06759938,0.9938234,0.08800764,-0.4445648,-0.1089724,0.8890935,moving,-32.59808,-5.895306,-2.985568,3.457113,-34.98880827481827,4.813963024605636
05/11/2023 12:33:43.523054,2562,True,True,True,True,Eyes,1.2552,-0.2774865,-3.551428,-0.5344943,-0.08509889,0.8408769,0.0,0.0,0.0,0.0,0.0,0.0,0.0,0.4719038,0.6636775,3.701238,1.254609,-0.2744408,-3.565524,0.04961927,-0.2280287,0.02276013,0.9721228,6.133878,333.6646,1.246084,0.3320156,-0.073681,-0.9403915,0,0,0,0.7208021,-0.326627,-2.620904,-0.05794397,0.06515047,1.082764,0.8949698,0.02162205,0.4456025,-0.06688052,0.9940398,0.08609213,-0.4410852,-0.106852,0.8910817,moving,-32.44164,-5.778804,-3.063253,3.443365,-34.82745228850882,4.932807824187349
05/11/2023 12:33:43.548330,2563,True,True,True,True,Eyes,1.255412,-0.2773675,-3.551522,-0.5322311,-0.0835047,0.8424708,0.0,0.0,0.0,0.0,0.0,0.0,0.0,0.4567106,0.6541953,3.705097,1.255069,-0.2742188,-3.565656,0.04833348,-0.2260878,0.02274665,0.9726412,5.987283,333.8958,1.290196,0.3320474,-0.07365979,-0.9403819,0,0,0,0.7240561,-0.3244571,-2.620505,-0.05954203,0.06429432,1.081726,0.8967338,0.02239343,0.4420035,-0.06610388,0.9942929,0.08373679,-0.4376058,-0.1043077,0.8930964,moving,-32.28266,-5.6606,-3.150585,3.401477,-34.66348273236879,5.053390547315438
05/11/2023 12:33:43.563361,2564,True,True,True,True,Eyes,1.255633,-0.2772399,-3.551619,-0.5299968,-0.08182847,0.8440424,0.0,0.0,0.0,0.0,0.0,0.0,0.0,0.4422562,0.6454053,3.708695,1.25545,-0.2739735,-3.565858,0.04713536,-0.2242203,0.02282705,0.9731302,5.85287,334.1183,1.341533,0.3320803,-0.07363726,-0.9403721,0,0,0,0.727417,-0.3222159,-2.620093,-0.06075445,0.06372344,1.080678,0.8984084,0.02328997,0.4385431,-0.06556479,0.9945143,0.08150111,-0.4342392,-0.1019743,0.895007,moving,-32.12581,-5.537423,-3.217716,3.374607,-34.501493931064594,5.178987548927797
05/11/2023 12:33:43.583391,2565,True,True,True,True,Eyes,1.255863,-0.2771052,-3.551718,-0.5277204,-0.08011353,0.8456317,0.0,0.0,0.0,0.0,0.0,0.0,0.0,0.4275662,0.63512,3.71248,1.255926,-0.2736817,-3.566012,0.04576433,-0.2223611,0.02270752,0.973625,5.693861,334.3387,1.374264,0.3321145,-0.0736133,-0.9403619,0,0,0,0.7308213,-0.3199458,-2.619676,-0.06201673,0.06265902,1.079655,0.9000798,0.02386481,0.4350709,-0.06456962,0.99478,0.07901604,-0.4309141,-0.09921313,0.8969224,moving,-31.96642,-5.41194,-3.287529,3.321501,-34.33687165334251,5.3069332124956246
05/11/2023 12:33:43.593772,2566,True,True,True,True,Eyes,1.256098,-0.2769668,-3.551816,-0.5254735,-0.07832937,0.8471966,0.0,0.0,0.0,0.0,0.0,0.0,0.0,0.412703,0.6253468,3.716023,1.256309,-0.2734005,-3.566111,0.04447584,-0.2204869,0.02247194,0.9741163,5.541047,334.5598,1.391355,0.3321499,-0.07358786,-0.9403514,0,0,0,0.7342104,-0.3176858,-2.619261,-0.06325713,0.06169332,1.078548,0.901761,0.02416789,0.4315587,-0.06339325,0.9950338,0.07673974,-0.4275608,-0.09655881,0.8988149,moving,-31.80925,-5.282386,-3.356567,3.27377,-34.174350477714036,5.438980491482089
05/11/2023 12:33:43.613288,2567,True,True,True,True,Eyes,1.25634,-0.2768277,-3.551917,-0.5231842,-0.07652732,0.8487767,0.0,0.0,0.0,0.0,0.0,0.0,0.0,0.3972136,0.6150939,3.719576,1.256689,-0.2732064,-3.566154,0.04311243,-0.2185347,0.02222988,0.974623,5.379535,334.79,1.40943,0.3321865,-0.07356098,-0.9403405,0,0,0,0.7376585,-0.3153864,-2.618838,-0.06462431,0.06069418,1.077367,0.9034969,0.02448838,0.4278946,-0.06217462,0.9952943,0.0743207,-0.424061,-0.0937527,0.9007678,moving,-31.6496,-5.151966,-3.432692,3.224387,-34.00930369788677,5.571919967291257
05/11/2023 12:33:43.623033,2568,True,True,True,True,Eyes,1.2566,-0.2766846,-3.55202,-0.5209789,-0.07475795,0.8502895,0.0,0.0,0.0,0.0,0.0,0.0,0.0,0.3825377,0.606904,3.722727,1.257048,-0.2730779,-3.566317,0.04200223,-0.2166635,0.02213214,0.9750913,5.25005,335.0109,1.436336,0.3322245,-0.0735328,-0.9403293,0,0,0,0.7410367,-0.3131336,-2.618424,-0.06578049,0.06034172,1.076293,0.9051342,0.024961,0.4243926,-0.06136241,0.995492,0.07232157,-0.4206742,-0.09150247,0.9025854,moving,-31.49612,-5.024558,-3.497434,3.208895,-33.85056863751693,5.7017727016778466
05/11/2023 12:33:43.643187,2569,True,True,True,True,Eyes,1.256868,-0.2765398,-3.552125,-0.5187311,-0.07297647,0.8518173,0.0,0.0,0.0,0.0,0.0,0.0,0.0,0.3682145,0.6000484,3.725605,1.257557,-0.2728652,-3.566493,0.04109131,-0.214865,0.02196646,0.9755317,5.141252,335.2225,1.449829,0.3322639,-0.0735033,-0.9403177,0,0,0,0.7442868,-0.3109663,-2.618026,-0.06701896,0.06021242,1.075346,0.906701,0.02519979,0.4210205,-0.06051613,0.9956579,0.07073211,-0.41741,-0.0896114,0.9042891,moving,-31.34016,-4.896659,-3.566241,3.204846,-33.689320332170546,5.832138449272224
05/11/2023 12:33:43.663525,2570,True,True,True,True,Eyes,1.257155,-0.2763943,-3.552231,-0.5165481,-0.07125525,0.8532882,0.0,0.0,0.0,0.0,0.0,0.0,0.0,0.3536441,0.5925053,3.728514,1.257981,-0.2727009,-3.56666,0.04008176,-0.2130243,0.02180546,0.9759809,5.021425,335.439,1.466064,0.332305,-0.07347258,-0.9403055,0,0,0,0.7475751,-0.3087735,-2.617623,-0.06823322,0.05995233,1.074354,0.9082903,0.02548665,0.4175632,-0.0596402,0.995836,0.0689479,-0.4140672,-0.08752825,0.9060283,moving,-31.18911,-4.773504,-3.634027,3.193972,-33.533172160490054,5.957674533802422
05/11/2023 12:33:43.683362,2571,True,True,True,True,Eyes,1.257448,-0.276247,-3.55234,-0.5143164,-0.06953684,0.8547767,0.0,0.0,0.0,0.0,0.0,0.0,0.0,0.3384541,0.5861042,3.731256,1.2585,-0.2725661,-3.566823,0.03921868,-0.2111134,0.02166003,0.9764343,4.918256,335.6635,1.480409,0.332348,-0.07344072,-0.9402928,0,0,0,0.7510293,-0.3064701,-2.6172,-0.06951201,0.06014692,1.073317,0.909924,0.02574001,0.4139757,-0.05885837,0.9959855,0.06744348,-0.4105778,-0.08573437,0.9077861,moving,-31.03518,-4.650821,-3.705512,3.207405,-33.374139730277854,6.082752555027193
05/11/2023 12:33:43.693163,2572,True,True,True,True,Eyes,1.257734,-0.2760928,-3.552457,-0.5119137,-0.06775302,0.8563608,0.0,0.0,0.0,0.0,0.0,0.0,0.0,0.3234487,0.5801373,3.73379,1.258865,-0.272391,-3.566991,0.03841886,-0.2092066,0.02153392,0.9768793,4.822618,335.8874,1.494987,0.3323928,-0.07340778,-0.9402796,0,0,0,0.754465,-0.304179,-2.616779,-0.0706453,0.06042726,1.072237,0.9115378,0.02599712,0.4103937,-0.05814702,0.9961206,0.0660511,-0.4070845,-0.08407123,0.9095132,moving,-30.87005,-4.523668,-3.769536,3.225564,-33.20368292107574,6.21242512121872
05/11/2023 12:33:43.713074,2573,True,True,True,True,Eyes,1.258025,-0.2759367,-3.552574,-0.5094764,-0.06594528,0.8579539,0.0,0.0,0.0,0.0,0.0,0.0,0.0,0.309171,0.5723683,3.736465,1.259299,-0.2720752,-3.567142,0.03741079,-0.2074155,0.021307,0.9773051,4.701368,336.0973,1.502235,0.3324389,-0.07337369,-0.940266,0,0,0,0.7578785,-0.3019027,-2.61636,-0.07162294,0.06006798,1.071242,0.9130497,0.02612774,0.4070106,-0.05716604,0.9962929,0.0642847,-0.4038222,-0.0819623,0.9111585,moving,-30.70299,-4.395308,-3.825087,3.209397,-33.03124305307417,6.343331021394849
05/11/2023 12:33:43.733304,2574,True,True,True,True,Eyes,1.258338,-0.2757803,-3.552685,-0.5068898,-0.06401997,0.8596302,0.0,0.0,0.0,0.0,0.0,0.0,0.0,0.2946453,0.5636994,3.739187,1.259663,-0.2718937,-3.56727,0.03626842,-0.2055877,0.02105286,0.9777399,4.564342,336.3112,1.509305,0.3324864,-0.07333849,-0.9402519,0,0,0,0.761196,-0.2996905,-2.615954,-0.07271484,0.05949,1.070241,0.914581,0.02625577,0.4035495,-0.05608112,0.9964828,0.06226573,-0.4004954,-0.07957856,0.9128367,moving,-30.52617,-4.259174,-3.886842,3.181546,-32.84871982043163,6.482162725738615
05/11/2023 12:33:43.743033,2575,True,True,True,True,Eyes,1.258656,-0.2756243,-3.552798,-0.5042881,-0.06209683,0.8612999,0.0,0.0,0.0,0.0,0.0,0.0,0.0,0.2807829,0.5560325,3.741621,1.260084,-0.2717075,-3.567366,0.03524882,-0.2038426,0.02091078,0.9781455,4.443843,336.5156,1.525231,0.3325357,-0.0733023,-0.9402373,0,0,0,0.7643828,-0.2975653,-2.615563,-0.07380021,0.05914976,1.069286,0.9160219,0.02653714,0.4002496,-0.05527798,0.9966405,0.06043193,-0.3973013,-0.07748195,0.9144114,moving,-30.34883,-4.123699,-3.94819,3.166207,-32.66569472941306,6.620331545189291
05/11/2023 12:33:43.763196,2576,True,True,True,True,Eyes,1.25898,-0.2754611,-3.552912,-0.501577,-0.06009866,0.863023,0.0,0.0,0.0,0.0,0.0,0.0,0.0,0.2678156,0.5493117,3.743819,1.260466,-0.2715782,-3.567509,0.03435953,-0.2022144,0.02070611,0.9785193,4.336679,336.7059,1.530158,0.3325867,-0.07326521,-0.9402221,0,0,0,0.7679725,-0.2951716,-2.615123,-0.07416937,0.05934913,1.068233,0.9173612,0.02662668,0.3971643,-0.05441864,0.9967813,0.05886876,-0.3943185,-0.07561705,0.9158575,moving,-30.16456,-3.983497,-3.971777,3.179983,-32.475536167222025,6.763326306446892
05/11/2023 12:33:43.773093,2577,True,True,True,True,Eyes,1.259308,-0.2753032,-3.553028,-0.4988431,-0.05809714,0.8647429,0.0,0.0,0.0,0.0,0.0,0.0,0.0,0.2537495,0.5419874,3.746111,1.260938,-0.271314,-3.56762,0.03341973,-0.2004674,0.02039754,0.9789177,4.221269,336.9096,1.52471,0.3326394,-0.07322711,-0.9402064,0,0,0,0.7714087,-0.2928801,-2.614702,-0.07504603,0.05916526,1.067251,0.9187935,0.02653589,0.3938456,-0.05333415,0.9969342,0.05725224,-0.3911189,-0.07360841,0.9173918,moving,-29.9793,-3.8436,-4.022255,3.173062,-32.284390845904646,6.906019265880508
05/11/2023 12:33:43.794367,2578,True,True,True,True,Eyes,1.25964,-0.2751398,-3.553147,-0.4960423,-0.05608641,0.866485,0.0,0.0,0.0,0.0,0.0,0.0,0.0,0.2395669,0.5344658,3.748385,1.261334,-0.2713068,-3.567754,0.03238267,-0.1986649,0.02035793,0.9793208,4.101,337.1208,1.551566,0.3326937,-0.07318825,-0.9401902,0,0,0,0.7745165,-0.2908077,-2.614321,-0.07626319,0.05899143,1.066353,0.9202356,0.0270073,0.3904317,-0.05274048,0.9970738,0.05533722,-0.3877947,-0.07151484,0.9189672,moving,-29.79013,-3.703512,-4.090701,3.166417,-32.08930232845308,7.048931426190341
05/11/2023 12:33:43.813615,2579,True,True,True,True,Eyes,1.259977,-0.2749736,-3.553263,-0.4932176,-0.05406653,0.8682241,0.0,0.0,0.0,0.0,0.0,0.0,0.0,0.2250811,0.5275809,3.750527,1.261714,-0.2710301,-3.567923,0.0314849,-0.1968347,0.02018844,0.979723,3.993341,337.3344,1.560336,0.3327495,-0.07314856,-0.9401735,0,0,0,0.7778463,-0.2885873,-2.613913,-0.07729441,0.0589039,1.065424,0.9216971,0.02716353,0.3869582,-0.05195281,0.9972022,0.05374539,-0.3844157,-0.06964053,0.9205297,moving,-29.59989,-3.563353,-4.149427,3.164481,-31.893134109287423,7.1919225128493895
05/11/2023 12:33:43.843090,2580,True,True,True,True,Eyes,1.260304,-0.2748076,-3.553387,-0.4903924,-0.05203427,0.869947,0.0,0.0,0.0,0.0,0.0,0.0,0.0,0.2102234,0.5194241,3.752688,1.26214,-0.2708127,-3.567958,0.03042048,-0.1949767,0.01993954,0.9801333,3.86511,337.551,1.563584,0.3328067,-0.07310802,-0.9401563,0,0,0,0.7813666,-0.2862397,-2.613482,-0.0782924,0.05860498,1.06435,0.923173,0.02722424,0.3834194,-0.05094938,0.9973541,0.05185676,-0.3809932,-0.06740774,0.9221174,moving,-29.41012,-3.422963,-4.207036,3.151623,-31.69743151048538,7.335144042878605
05/11/2023 12:33:43.853245,2581,True,True,True,True,Eyes,1.26064,-0.2746433,-3.553512,-0.4876142,-0.05003465,0.8716244,0.0,0.0,0.0,0.0,0.0,0.0,0.0,0.1959052,0.5113774,3.75483,1.262532,-0.2706618,-3.568107,0.02933649,-0.1931595,0.01987477,0.9805275,3.738822,337.7632,1.587366,0.3328651,-0.07306674,-0.9401389,0,0,0,0.784667,-0.2840389,-2.613077,-0.0793229,0.05830789,1.06345,0.9245889,0.02764227,0.3799624,-0.05030875,0.9974887,0.04985245,-0.3776302,-0.06520845,0.9236575,moving,-29.22403,-3.285397,-4.265804,3.138329,-31.505527303614848,7.4754855310074255
05/11/2023 12:33:43.863738,2582,True,True,True,True,Eyes,1.26098,-0.2744795,-3.553635,-0.4848056,-0.04803044,0.8733021,0.0,0.0,0.0,0.0,0.0,0.0,0.0,0.1808206,0.5041944,3.75687,1.262997,-0.2705533,-3.56828,0.0283895,-0.1912707,0.01961637,0.9809306,3.623527,337.983,1.586136,0.3329245,-0.07302482,-0.9401211,0,0,0,0.787891,-0.281889,-2.612682,-0.08064124,0.05818766,1.062606,0.9260614,0.02762443,0.3763604,-0.04934475,0.9976185,0.04819217,-0.3741328,-0.06320032,0.9252191,moving,-29.03644,-3.148019,-4.33986,3.134351,-31.31211897269234,7.615646923037726
05/11/2023 12:33:43.882958,2583,True,True,True,True,Eyes,1.261322,-0.2743158,-3.553761,-0.4819686,-0.0460334,0.8749784,0.0,0.0,0.0,0.0,0.0,0.0,0.0,0.1655122,0.4965795,3.758757,1.263376,-0.2704215,-3.568332,0.02738432,-0.1893449,0.01939205,0.9813371,3.502384,338.207,1.5897,0.3329851,-0.07298235,-0.9401029,0,0,0,0.7924051,-0.2788788,-2.612129,-0.0807187,0.05874175,1.061246,0.9275449,0.02769012,0.3726845,-0.04843045,0.9977481,0.04640292,-0.3705603,-0.06109007,0.9267972,moving,-28.84751,-3.011606,-4.349559,3.168184,-31.11739322684148,7.754841483715445
05/11/2023 12:33:43.893192,2584,True,True,True,True,Eyes,1.26165,-0.2741555,-3.553892,-0.4791825,-0.0441456,0.8766044,0.0,0.0,0.0,0.0,0.0,0.0,0.0,0.1504141,0.4900568,3.760505,1.263725,-0.2702754,-3.568491,0.02652792,-0.1874374,0.01917097,0.9817312,3.398101,338.4289,1.589911,0.3330467,-0.07293937,-0.9400844,0,0,0,0.7946066,-0.2774107,-2.611859,-0.08296958,0.05815618,1.060661,0.9289994,0.02769683,0.3690433,-0.04758612,0.9978575,0.04489985,-0.3670091,-0.05927328,0.928327,moving,-28.66256,-2.882967,-4.47282,3.138392,-30.92693107868415,7.886148778518455
05/11/2023 12:33:43.913483,2585,True,True,True,True,Eyes,1.261981,-0.273996,-3.554025,-0.4763752,-0.04226826,0.8782255,0.0,0.0,0.0,0.0,0.0,0.0,0.0,0.1351283,0.4848149,3.761981,1.264072,-0.2701869,-3.568602,0.02584526,-0.185513,0.01889351,0.9821202,3.312182,338.6525,1.579741,0.3331089,-0.07289602,-0.9400657,0,0,0,0.7980316,-0.2751268,-2.611439,-0.08404866,0.05871659,1.059655,0.9304559,0.02752213,0.3653687,-0.04670066,0.9979501,0.04375632,-0.3634154,-0.05777628,0.9298339,moving,-28.4767,-2.755472,-4.535037,3.171576,-30.735590373507954,8.016305377954398
05/11/2023 12:33:43.923096,2586,True,True,True,True,Eyes,1.262328,-0.2738358,-3.554152,-0.4738826,-0.04039098,0.8796612,0.0,0.0,0.0,0.0,0.0,0.0,0.0,0.1208911,0.4790567,3.763466,1.264449,-0.2700612,-3.568756,0.02509803,-0.1837246,0.01863452,0.9824807,3.219648,338.8601,1.572231,0.3331716,-0.07285236,-0.9400469,0,0,0,0.8014147,-0.2728708,-2.611025,-0.08488199,0.05909491,1.058754,0.931796,0.02739386,0.3619471,-0.04583837,0.9980457,0.04246942,-0.3600764,-0.0561639,0.9312307,moving,-28.31181,-2.628976,-4.583688,3.194679,-30.56539686888594,8.145312014246656
05/11/2023 12:33:43.943148,2587,True,True,True,True,Eyes,1.262678,-0.2736722,-3.554282,-0.4713565,-0.03851343,0.8811015,0.0,0.0,0.0,0.0,0.0,0.0,0.0,0.1060463,0.4733272,3.764833,1.264815,-0.2699077,-3.568843,0.02436409,-0.1818626,0.01834073,0.982851,3.127813,339.0762,1.560422,0.3332353,-0.0728084,-0.9400278,0,0,0,0.8047466,-0.2706488,-2.610616,-0.08593625,0.05942344,1.057802,0.9331792,0.02719058,0.3583814,-0.04491425,0.99814,0.04122155,-0.3565939,-0.05456352,0.9326648,moving,-28.14512,-2.502837,-4.644531,3.215287,-30.393402746073015,8.273969669282025
05/11/2023 12:33:43.963164,2588,True,True,True,True,Eyes,1.263031,-0.273508,-3.554413,-0.4691112,-0.03656426,0.8823818,0.0,0.0,0.0,0.0,0.0,0.0,0.0,0.09166932,0.4664378,3.76632,1.265173,-0.2696777,-3.568998,0.02347581,-0.1800507,0.01811159,0.9832104,3.020044,339.2864,1.558587,0.3332998,-0.07276408,-0.9400083,0,0,0,0.8078653,-0.2685692,-2.610234,-0.0870567,0.05926616,1.057009,0.9345074,0.02716134,0.3549058,-0.04406868,0.9982417,0.03964129,-0.3532051,-0.05268532,0.9340613,moving,-27.99699,-2.372873,-4.70833,3.209195,-30.239970253751082,8.40637124793059
05/11/2023 12:33:43.973197,2589,True,True,True,True,Eyes,1.263386,-0.2733467,-3.554545,-0.4668443,-0.03462572,0.8836614,0.0,0.0,0.0,0.0,0.0,0.0,0.0,0.07839978,0.4590883,3.767791,1.26547,-0.2695227,-3.569188,0.02252236,-0.178376,0.01785888,0.9835426,2.904684,339.4805,1.554619,0.3333653,-0.0727194,-0.9399886,0,0,0,0.8114818,-0.2661575,-2.609791,-0.08731195,0.05934794,1.056131,0.9357262,0.02709503,0.3516851,-0.04316482,0.9983476,0.03793221,-0.3500762,-0.05067458,0.9353495,moving,-27.8478,-2.243952,-4.725979,3.21628,-30.085504843645552,8.537725258127743
05/11/2023 12:33:43.993222,2590,True,True,True,True,Eyes,1.26373,-0.2731878,-3.554679,-0.4647775,-0.03273102,0.8848222,0.0,0.0,0.0,0.0,0.0,0.0,0.0,0.06647706,0.4529085,3.768996,1.265812,-0.2694492,-3.569312,0.02167922,-0.1768611,0.01784725,0.9838352,2.806927,339.6565,1.574804,0.3334315,-0.07267449,-0.9399686,0,0,0,0.8146508,-0.2640443,-2.609403,-0.08770558,0.05958731,1.055348,0.9368033,0.02744909,0.3487781,-0.04278593,0.998423,0.0363446,-0.3472304,-0.04897053,0.9365004,moving,-27.71195,-2.118499,-4.750697,3.231616,-29.944585512090796,8.665483633474283
05/11/2023 12:33:44.013193,2591,True,True,True,True,Eyes,1.264078,-0.2730295,-3.554815,-0.4626791,-0.03085701,0.8859886,0.0,0.0,0.0,0.0,0.0,0.0,0.0,0.05516946,0.4455204,3.770242,1.266173,-0.2693681,-3.569384,0.02065585,-0.1754194,0.01795831,0.9841133,2.691361,339.8241,1.611953,0.3334981,-0.07262943,-0.9399484,0,0,0,0.8180208,-0.261797,-2.608989,-0.08776623,0.05964217,1.054512,0.937811,0.02809914,0.346007,-0.04259288,0.9985017,0.03435491,-0.3445232,-0.04695585,0.9376028,moving,-27.57437,-1.994678,-4.757717,3.237144,-29.801978065307374,8.791603336546485
05/11/2023 12:33:44.022897,2592,True,True,True,True,Eyes,1.264444,-0.2728661,-3.554942,-0.460766,-0.02904569,0.8870462,0.0,0.0,0.0,0.0,0.0,0.0,0.0,0.04283333,0.4405475,3.771275,1.266586,-0.2692331,-3.569552,0.02000193,-0.1738696,0.01782376,0.9844044,2.612332,340.0038,1.613971,0.3335653,-0.07258425,-0.9399281,0,0,0,0.8215132,-0.2594681,-2.608562,-0.08795768,0.06035249,1.053712,0.9389033,0.02813611,0.3430289,-0.04204702,0.9985645,0.03318196,-0.3416029,-0.045578,0.9387386,moving,-27.4491,-1.875439,-4.771651,3.278095,-29.671916325706725,8.913007844193162
05/11/2023 12:33:44.046304,2593,True,True,True,True,Eyes,1.264809,-0.2727068,-3.555065,-0.4588118,-0.02720604,0.8881168,0.0,0.0,0.0,0.0,0.0,0.0,0.0,0.03018188,0.4342631,3.772247,1.266965,-0.2689772,-3.569565,0.01920736,-0.1722927,0.01757826,0.9847017,2.515191,340.1862,1.606045,0.3336333,-0.07253882,-0.9399074,0,0,0,0.8247091,-0.2573369,-2.60817,-0.08853605,0.06040529,1.052862,0.9400125,0.02800011,0.3399891,-0.04123726,0.9986442,0.03176983,-0.3386385,-0.04388425,0.9398926,moving,-27.32142,-1.754616,-4.806741,3.2836,-29.539375799723054,9.03603009216384
05/11/2023 12:33:44.064928,2594,True,True,True,True,Eyes,1.265154,-0.2725474,-3.555197,-0.4569325,-0.02543536,0.8891376,0.0,0.0,0.0,0.0,0.0,0.0,0.0,0.01720011,0.4252622,3.773457,1.267249,-0.2689308,-3.569576,0.01807589,-0.1706915,0.01700452,0.9850121,2.373583,340.3703,1.567348,0.3337022,-0.0724933,-0.9398865,0,0,0,0.8282114,-0.2550015,-2.607741,-0.08879587,0.05999625,1.051947,0.9411505,0.02732852,0.3368811,-0.03967012,0.9987682,0.02980488,-0.3356517,-0.041415,0.9410753,moving,-27.19887,-1.6386,-4.824956,3.264245,-29.41215899737545,9.15415750736759
05/11/2023 12:33:44.073113,2595,True,True,True,True,Eyes,1.265502,-0.2723934,-3.555323,-0.4550053,-0.02367803,0.8901739,0.0,0.0,0.0,0.0,0.0,0.0,0.0,0.00425303,0.4205055,3.774276,1.267569,-0.2687446,-3.56974,0.01758136,-0.1691169,0.01615843,0.9853068,2.29883,340.5512,1.485059,0.3337714,-0.07244769,-0.9398655,0,0,0,0.8314945,-0.2528121,-2.607338,-0.0892095,0.06047653,1.051198,0.9422768,0.02589541,0.3338322,-0.03778863,0.9988596,0.02918073,-0.3326959,-0.04011139,0.9421808,moving,-27.07349,-1.523671,-4.850761,3.292658,-29.282128549625348,9.271204664761216
05/11/2023 12:33:44.093165,2596,True,True,True,True,Eyes,1.265855,-0.2722476,-3.555447,-0.4531535,-0.02198245,0.8911614,0.0,0.0,0.0,0.0,0.0,0.0,0.0,-0.009148479,0.4155787,3.774914,1.267928,-0.2687251,-3.569722,0.01697349,-0.1674563,0.01572033,0.9856082,2.219239,340.743,1.451029,0.3338408,-0.07240213,-0.9398443,0,0,0,0.834957,-0.2505032,-2.606914,-0.08968401,0.06122556,1.050239,0.9434226,0.02530354,0.3306262,-0.03667281,0.9989296,0.02819348,-0.3295589,-0.03872335,0.9433406,moving,-26.95323,-1.413039,-4.880868,3.336383,-29.15739494816812,9.383872745779447
05/11/2023 12:33:44.113209,2597,True,True,True,True,Eyes,1.26621,-0.2721069,-3.555575,-0.4512481,-0.02035873,0.8921663,0.0,0.0,0.0,0.0,0.0,0.0,0.0,-0.02318132,0.4121085,3.775439,1.268288,-0.2687846,-3.569806,0.01649609,-0.1656795,0.01559296,0.9859185,2.160245,340.9489,1.449659,0.3339107,-0.07235686,-0.939823,0,0,0,0.8383044,-0.248271,-2.606504,-0.09045056,0.06242015,1.049371,0.9446144,0.02528065,0.3272073,-0.0362129,0.9989694,0.02736073,-0.3261785,-0.03769446,0.9445564,moving,-26.82979,-1.30723,-4.926433,3.404136,-29.029618424086706,9.491685222660339
05/11/2023 12:33:44.133188,2598,True,True,True,True,Eyes,1.266562,-0.2719686,-3.555706,-0.4493659,-0.01878721,0.8931502,0.0,0.0,0.0,0.0,0.0,0.0,0.0,-0.0366739,0.412857,3.775571,1.268656,-0.2687616,-3.570016,0.01658642,-0.1639626,0.01552908,0.9862049,2.166732,341.1485,1.444501,0.3339809,-0.07231196,-0.9398015,0,0,0,0.8417209,-0.2459927,-2.606085,-0.09096694,0.06477103,1.048563,0.9457502,0.02519061,0.3239165,-0.03606882,0.9989675,0.02762284,-0.3228862,-0.03780759,0.9456823,moving,-26.70809,-1.205026,-4.958219,3.534739,-28.903712684693247,9.595840879563474
05/11/2023 12:33:44.143221,2599,True,True,True,True,Eyes,1.266912,-0.2718291,-3.555833,-0.4474253,-0.01723084,0.8941553,0.0,0.0,0.0,0.0,0.0,0.0,0.0,-0.05142558,0.4123424,3.775673,1.268954,-0.2686721,-3.570147,0.01653394,-0.1620861,0.01535775,0.9865187,2.154865,341.3661,1.430206,0.3340513,-0.07226746,-0.9397798,0,0,0,0.8450443,-0.2437765,-2.605678,-0.09188586,0.0666487,1.04768,0.9469845,0.02494157,0.3203097,-0.03566125,0.9989815,0.02764351,-0.319294,-0.03760062,0.9469095,moving,-26.58287,-1.103983,-5.012251,3.639995,-28.774300991518473,9.69884605368187
05/11/2023 12:33:44.163443,2600,True,True,True,True,Eyes,1.267257,-0.2716913,-3.555963,-0.4455101,-0.01573342,0.8951386,0.0,0.0,0.0,0.0,0.0,0.0,0.0,-0.06573403,0.4081026,3.776021,1.269222,-0.2685087,-3.57018,0.01601276,-0.1602781,0.0150732,0.986827,2.088059,341.5751,1.411489,0.334122,-0.07222329,-0.9397581,0,0,0,0.8485335,-0.2414497,-2.60525,-0.09251139,0.06754033,1.046748,0.9481674,0.02461628,0.3168163,-0.03488226,0.9990328,0.02677183,-0.3158508,-0.03643545,0.948109,moving,-26.45951,-1.006957,-5.050669,3.691835,-28.646894487308522,9.797777011321289
05/11/2023 12:33:44.173050,2601,True,True,True,True,Eyes,1.267605,-0.2715514,-3.556093,-0.4435375,-0.01425525,0.8961424,0.0,0.0,0.0,0.0,0.0,0.0,0.0,-0.08007681,0.4059373,3.776204,1.269571,-0.2684135,-3.570302,0.01572091,-0.1584507,0.01501119,0.9871277,2.051292,341.787,1.413616,0.3341927,-0.07217947,-0.9397363,0,0,0,0.851916,-0.2391941,-2.604836,-0.09329903,0.0690226,1.045919,0.9493361,0.02465394,0.3132941,-0.03461789,0.999055,0.02628003,-0.3123501,-0.03579416,0.9492925,moving,-26.33269,-0.9113472,-5.097459,3.775606,-28.516050852985643,9.895299039035082
05/11/2023 12:33:44.193156,2602,True,True,True,True,Eyes,1.267936,-0.2714116,-3.55623,-0.4415939,-0.01276353,0.8971243,0.0,0.0,0.0,0.0,0.0,0.0,0.0,-0.09439194,0.4022978,3.776495,1.26992,-0.2682333,-3.570438,0.01526511,-0.1566377,0.01482594,0.987427,1.993777,341.9968,1.404559,0.3342634,-0.07213589,-0.9397145,0,0,0,0.8549961,-0.2371401,-2.604458,-0.09436914,0.06983198,1.045209,0.9504896,0.02449688,0.3097891,-0.03406125,0.9990944,0.02550175,-0.3088838,-0.03479095,0.9504632,moving,-26.20792,-0.815101,-5.159093,3.822335,-28.38725034843283,9.993450898196604
05/11/2023 12:33:44.213379,2603,True,True,True,True,Eyes,1.268268,-0.2712716,-3.556366,-0.4395879,-0.01126847,0.8981289,0.0,0.0,0.0,0.0,0.0,0.0,0.0,-0.1081425,0.3953561,3.777081,1.270247,-0.2680975,-3.570566,0.01433256,-0.1548822,0.01478904,0.9877183,1.885038,342.1996,1.420422,0.3343339,-0.07209254,-0.9396927,0,0,0,0.8583756,-0.2348866,-2.604044,-0.09498096,0.06998152,1.044503,0.9515855,0.02477508,0.3063839,-0.03365452,0.9991518,0.02373195,-0.305536,-0.03289418,0.9516122,moving,-26.07937,-0.7188301,-5.195849,3.833077,-28.254643023061227,10.091652936162365
05/11/2023 12:33:44.223321,2604,True,True,True,True,Eyes,1.268608,-0.2711283,-3.5565,-0.4372178,-0.009572828,0.8993047,0.0,0.0,0.0,0.0,0.0,0.0,0.0,-0.1230698,0.3895738,3.777441,1.27058,-0.2679715,-3.570685,0.0135545,-0.1529746,0.01474275,0.9880273,1.793362,342.4202,1.432414,0.334404,-0.0720494,-0.9396711,0,0,0,0.8619694,-0.23249,-2.603604,-0.09570023,0.070592,1.043708,0.9527628,0.02498549,0.3026859,-0.03327947,0.9991978,0.0222739,-0.3018865,-0.03129497,0.9528301,moving,-25.92777,-0.6098732,-5.238946,3.869352,-28.09840900725751,10.202836189476649
05/11/2023 12:33:44.243251,2605,True,True,True,True,Eyes,1.268948,-0.2709818,-3.556631,-0.4348013,-0.007879689,0.9004919,0.0,0.0,0.0,0.0,0.0,0.0,0.0,-0.1379298,0.3827667,3.777809,1.270963,-0.2677794,-3.570759,0.01263966,-0.1510804,0.01473647,0.9883309,1.686866,342.639,1.450928,0.3344741,-0.07200635,-0.9396495,0,0,0,0.8652259,-0.2303185,-2.603204,-0.09678432,0.07066637,1.042989,0.9539151,0.0253098,0.2990073,-0.03294822,0.9992462,0.02053155,-0.2982623,-0.02943712,0.9540299,moving,-25.77351,-0.5013497,-5.301587,3.876076,-27.939510974366975,10.313598943263495
05/11/2023 12:33:44.263522,2606,True,True,True,True,Eyes,1.269277,-0.2708415,-3.556763,-0.4321673,-0.006100235,0.9017728,0.0,0.0,0.0,0.0,0.0,0.0,0.0,-0.1528291,0.3767358,3.777967,1.271262,-0.2675728,-3.570801,0.01185375,-0.1491817,0.01461385,0.988631,1.592925,342.8581,1.453662,0.3345441,-0.07196332,-0.9396278,0,0,0,0.8685906,-0.2280747,-2.602792,-0.09770483,0.07099704,1.042189,0.9550626,0.02535867,0.2953177,-0.03243212,0.9992918,0.01907773,-0.2946247,-0.0277982,0.9552086,moving,-25.60569,-0.3875836,-5.355802,3.897137,-27.76678686216939,10.429753196737813
05/11/2023 12:33:44.283078,2607,True,True,True,True,Eyes,1.26961,-0.2707021,-3.556897,-0.4294937,-0.004361617,0.9030593,0.0,0.0,0.0,0.0,0.0,0.0,0.0,-0.1681668,0.3689417,3.778251,1.271621,-0.2675913,-3.570848,0.01083241,-0.1472466,0.01432201,0.9889369,1.46939,343.0809,1.440873,0.3346138,-0.07192045,-0.9396062,0,0,0,0.8720445,-0.2257715,-2.602369,-0.0986785,0.0710514,1.04143,0.9562266,0.02513705,0.2915455,-0.0315172,0.9993551,0.01720741,-0.2909249,-0.02564288,0.9564022,moving,-25.43569,-0.2767264,-5.41278,3.902947,-27.591963622676218,10.542980632836226
05/11/2023 12:33:44.293392,2608,True,True,True,True,Eyes,1.269934,-0.2705613,-3.557029,-0.4266941,-0.002552476,0.9043924,0.0,0.0,0.0,0.0,0.0,0.0,0.0,-0.1832603,0.3663248,3.7781,1.272009,-0.2674798,-3.571031,0.01046826,-0.145315,0.01432545,0.9892265,1.425343,343.3044,1.450177,0.3346834,-0.07187776,-0.9395847,0,0,0,0.8752481,-0.2236352,-2.601976,-0.09983948,0.07230473,1.040775,0.9573566,0.02529984,0.2877989,-0.03138462,0.9993704,0.01654756,-0.287199,-0.02487437,0.9575479,moving,-25.25803,-0.1617061,-5.479503,3.974067,-27.4092904745159,10.660468686993408
05/11/2023 12:33:44.313529,2609,True,True,True,True,Eyes,1.270262,-0.2704222,-3.557163,-0.4238755,-0.0007570058,0.9057201,0.0,0.0,0.0,0.0,0.0,0.0,0.0,-0.1986121,0.3591817,3.778083,1.272314,-0.2673209,-3.571012,0.009546509,-0.1433672,0.01410004,0.9895231,1.314248,343.5287,1.442513,0.3347526,-0.0718352,-0.9395633,0,0,0,0.8788013,-0.2212657,-2.601541,-0.1006912,0.07248314,1.039931,0.9584941,0.02516732,0.2839995,-0.03064195,0.9994201,0.01485001,-0.2834611,-0.02293595,0.9587094,moving,-25.07952,-0.04788812,-5.530421,3.987066,-27.22580110424863,10.776746675096247
05/11/2023 12:33:44.323697,2610,True,True,True,True,Eyes,1.2706,-0.2702796,-3.557288,-0.4209604,0.001069716,0.9070784,0.0,0.0,0.0,0.0,0.0,0.0,0.0,-0.2122802,0.3539185,3.778119,1.27268,-0.2672275,-3.571187,0.008898646,-0.1416498,0.01374197,0.9897816,1.232443,343.7264,1.414652,0.3348215,-0.0717928,-0.939542,0,0,0,0.8820168,-0.2191215,-2.601147,-0.1014097,0.07300352,1.039374,0.959493,0.02468212,0.2806493,-0.02972408,0.999464,0.01372233,-0.2801602,-0.02150853,0.9597123,moving,-24.89525,0.06756876,-5.572602,4.017743,-27.036458089890935,10.894720252212148
05/11/2023 12:33:44.343495,2611,True,True,True,True,Eyes,1.270937,-0.2701373,-3.557411,-0.4180096,0.002913958,0.9084379,0.0,0.0,0.0,0.0,0.0,0.0,0.0,-0.2290807,0.3480601,3.77774,1.27302,-0.2670215,-3.571144,0.008222334,-0.1395431,0.01318873,0.9900941,1.143847,343.9689,1.365269,0.3348905,-0.07175045,-0.9395207,0,0,0,0.885481,-0.2168114,-2.600722,-0.1027569,0.0734245,1.038497,0.9607075,0.02382143,0.2765385,-0.02841091,0.9995169,0.01260097,-0.2761047,-0.01996256,0.9609202,moving,-24.7091,0.1837846,-5.650894,4.044236,-26.845197127207676,11.013473791464877
05/11/2023 12:33:44.363212,2612,True,True,True,True,Eyes,1.27127,-0.2699944,-3.557537,-0.4150423,0.004778922,0.9097896,0.0,0.0,0.0,0.0,0.0,0.0,0.0,-0.2448512,0.3397416,3.777632,1.273258,-0.2669034,-3.571198,0.007136645,-0.1375256,0.01297143,0.9903877,1.014411,344.2009,1.360001,0.3349595,-0.07170817,-0.9394993,0,0,0,0.8887409,-0.2146375,-2.600322,-0.1039494,0.07313785,1.0378,0.9618369,0.02373055,0.2725925,-0.02765644,0.9995616,0.01056828,-0.2722222,-0.0177039,0.9620715,moving,-24.52228,0.3009592,-5.719852,4.031192,-26.653229956119844,11.13320125417954
05/11/2023 12:33:44.373104,2613,True,True,True,True,Eyes,1.271601,-0.2698551,-3.55766,-0.4120669,0.006620633,0.9111296,0.0,0.0,0.0,0.0,0.0,0.0,0.0,-0.2597507,0.3321181,3.777548,1.273543,-0.266765,-3.571354,0.00616688,-0.1356307,0.01266741,0.9906593,0.8969867,344.4188,1.34246,0.3350285,-0.07166594,-0.9394779,0,0,0,0.892341,-0.2122369,-2.599881,-0.1045642,0.0732435,1.037183,0.9628877,0.02342534,0.2688838,-0.02677101,0.999603,0.008782376,-0.2685713,-0.01565473,0.9631326,moving,-24.33531,0.4163268,-5.756854,4.039392,-26.46117130799005,11.251102557577166
05/11/2023 12:33:44.393042,2614,True,True,True,True,Eyes,1.27193,-0.2697112,-3.557781,-0.4091211,0.008469732,0.9124408,0.0,0.0,0.0,0.0,0.0,0.0,0.0,-0.2727026,0.3275268,3.777169,1.273775,-0.2667201,-3.571414,0.005584524,-0.133981,0.01242466,0.9908903,0.824895,344.6087,1.325307,0.3350975,-0.07162383,-0.9394565,0,0,0,0.8954281,-0.2101782,-2.599503,-0.1051421,0.0739237,1.036549,0.9637895,0.02312651,0.2656596,-0.02611939,0.9996289,0.007737963,-0.2653821,-0.01439663,0.9640358,moving,-24.15056,0.5318329,-5.791972,4.079262,-26.271343368997776,11.369129104218342
05/11/2023 12:33:44.414188,2615,True,True,True,True,Eyes,1.272258,-0.2695706,-3.557901,-0.4061738,0.01031543,0.9137376,0.0,0.0,0.0,0.0,0.0,0.0,0.0,-0.285818,0.3211054,3.776864,1.27408,-0.2664813,-3.571444,0.004802287,-0.132328,0.01208438,0.9911208,0.7286783,344.7987,1.299868,0.3351663,-0.07158174,-0.9394352,0,0,0,0.8987866,-0.2079386,-2.599091,-0.1055462,0.074136,1.035908,0.9646866,0.0226832,0.2624221,-0.02522511,0.9996618,0.006321089,-0.26219,-0.01271749,0.9649325,moving,-23.96606,0.6467999,-5.817654,4.093462,-26.08178491764707,11.48660886961353
05/11/2023 12:33:44.423298,2616,True,True,True,True,Eyes,1.272578,-0.2694302,-3.55802,-0.403324,0.01219344,0.914976,0.0,0.0,0.0,0.0,0.0,0.0,0.0,-0.2980122,0.3146584,3.776623,1.274324,-0.2664345,-3.571528,0.003971945,-0.130777,0.01184191,0.9913331,0.6286815,344.9769,1.285884,0.335235,-0.07153975,-0.9394138,0,0,0,0.9022194,-0.2056494,-2.598671,-0.1055675,0.07453723,1.03533,0.9655143,0.02243968,0.2593812,-0.02451744,0.999688,0.004777743,-0.259193,-0.01097234,0.9657632,moving,-23.78802,0.7635081,-5.822048,4.117831,-25.8986735253675,11.605806188159754
05/11/2023 12:33:44.449385,2617,True,True,True,True,Eyes,1.272895,-0.2692852,-3.558136,-0.4004644,0.01407444,0.9162042,0.0,0.0,0.0,0.0,0.0,0.0,0.0,-0.3109172,0.3096137,3.776133,1.274613,-0.2663083,-3.571575,0.003368623,-0.129149,0.01147117,0.9915532,0.55253,345.1642,1.253701,0.3353034,-0.07149786,-0.9393926,0,0,0,0.9056631,-0.203353,-2.598249,-0.1058079,0.07526962,1.034694,0.9663779,0.02187844,0.2561935,-0.02361866,0.9997141,0.003717357,-0.2560389,-0.009643318,0.9666184,moving,-23.6097,0.8800905,-5.838779,4.160698,-25.715284352768492,11.724878170149553
05/11/2023 12:33:44.463651,2618,True,True,True,True,Eyes,1.27321,-0.2691422,-3.558252,-0.3977967,0.01608144,0.9173326,0.0,0.0,0.0,0.0,0.0,0.0,0.0,-0.3235691,0.3022417,3.775731,1.274813,-0.2660632,-3.571589,0.002479064,-0.1275474,0.01105253,0.9917678,0.4432879,345.348,1.219995,0.3353715,-0.07145594,-0.9393715,0,0,0,0.9089434,-0.2011655,-2.597847,-0.106089,0.07517615,1.034089,0.967219,0.02129069,0.2530496,-0.02255548,0.9997433,0.002097868,-0.25294,-0.007736754,0.967451,moving,-23.44373,1.00433,-5.857577,4.157969,-25.54407778720416,11.851610333163029
05/11/2023 12:33:44.483392,2619,True,True,True,True,Eyes,1.27352,-0.2689947,-3.558363,-0.3951056,0.01808011,0.9184578,0.0,0.0,0.0,0.0,0.0,0.0,0.0,-0.3367453,0.2945943,3.775372,1.275104,-0.2660007,-3.57169,0.001466809,-0.1258628,0.01091151,0.9919866,0.3241134,345.5414,1.219303,0.3354394,-0.07141405,-0.9393504,0,0,0,0.9124188,-0.198848,-2.597421,-0.1063642,0.07528093,1.033572,0.968079,0.02127891,0.2497405,-0.02201737,0.9997576,0.0001634037,-0.2496764,-0.005656816,0.9683128,moving,-23.27659,1.127739,-5.875588,4.165823,-25.371720543486546,11.977510531867935
05/11/2023 12:33:44.493091,2620,True,True,True,True,Eyes,1.273833,-0.2688444,-3.558472,-0.3925527,0.02015334,0.9195086,0.0,0.0,0.0,0.0,0.0,0.0,0.0,-0.3499675,0.2878239,3.774682,1.275252,-0.2657615,-3.571645,0.0006106254,-0.1241631,0.01070907,0.992204,0.2217966,345.7367,1.209012,0.3355068,-0.0713721,-0.9393295,0,0,0,0.9157503,-0.1966264,-2.597013,-0.1067234,0.0754026,1.032886,0.9689377,0.02109952,0.2464032,-0.02140279,0.9997699,-0.001447612,-0.2463771,-0.003871071,0.9691663,moving,-23.1184,1.25558,-5.899175,4.175291,-25.208228807088666,12.107832500976683
05/11/2023 12:33:44.513320,2621,True,True,True,True,Eyes,1.274141,-0.268697,-3.558579,-0.3899819,0.02223309,0.920554,0.0,0.0,0.0,0.0,0.0,0.0,0.0,-0.3629249,0.280287,3.774169,1.275485,-0.2655781,-3.571727,-0.000364978,-0.1225009,0.01054578,0.9924123,0.1065312,345.9274,1.204502,0.3355741,-0.07133,-0.9393087,0,0,0,0.9190848,-0.1944028,-2.596604,-0.1070415,0.07536177,1.032383,0.9697646,0.02102094,0.2431352,-0.0208421,0.9997773,-0.003308153,-0.2431506,-0.001859318,0.9699868,moving,-22.95938,1.383531,-5.919499,4.175067,-25.043897734840307,12.238271231324664
05/11/2023 12:33:44.523664,2622,True,True,True,True,Eyes,1.274461,-0.268549,-3.558684,-0.3875421,0.02432116,0.9215311,0.0,0.0,0.0,0.0,0.0,0.0,0.0,-0.3751114,0.2720186,3.773671,1.275638,-0.2655206,-3.571771,-0.001464495,-0.1209272,0.01042396,0.9926056,359.9779,346.1078,1.206048,0.335641,-0.07128786,-0.939288,0,0,0,0.9223189,-0.1922461,-2.596207,-0.1071964,0.07514882,1.031886,0.9705359,0.02104795,0.2400356,-0.02033957,0.9997784,-0.005428412,-0.2400966,0.000386251,0.970749,moving,-22.80877,1.511806,-5.93084,4.165307,-24.88802384582047,12.36898150243297
05/11/2023 12:33:44.543279,2623,True,True,True,True,Eyes,1.274773,-0.2683993,-3.558787,-0.3850814,0.02639079,0.9225052,0.0,0.0,0.0,0.0,0.0,0.0,0.0,-0.3865792,0.2654936,3.77314,1.27587,-0.2653936,-3.571868,-0.002302921,-0.1194607,0.01023445,0.9927835,359.8781,346.276,1.195932,0.3357079,-0.07124566,-0.9392673,0,0,0,0.9256778,-0.1900063,-2.595796,-0.1070746,0.07544441,1.031444,0.9712488,0.0208714,0.23715,-0.01977096,0.9997799,-0.007017831,-0.2372443,0.002127377,0.9714477,moving,-22.65712,1.638656,-5.926667,4.183419,-24.73114976654665,12.498257810030312
05/11/2023 12:33:44.563224,2624,True,True,True,True,Eyes,1.275091,-0.2682514,-3.558885,-0.3827565,0.02844582,0.9234113,0.0,0.0,0.0,0.0,0.0,0.0,0.0,-0.3985179,0.2593988,3.772387,1.275995,-0.2652151,-3.571905,-0.003074724,-0.1179202,0.01003651,0.9929677,359.7858,346.4529,1.183652,0.3357747,-0.07120338,-0.9392467,0,0,0,0.9290276,-0.1877725,-2.595385,-0.107025,0.07581538,1.030908,0.9719882,0.02065701,0.2341202,-0.01920672,0.9997796,-0.008473219,-0.2342437,0.003739187,0.9721707,moving,-22.51414,1.764447,-5.926998,4.206092,-24.583040240137613,12.62640549565974
05/11/2023 12:33:44.573868,2625,True,True,True,True,Eyes,1.275406,-0.2681016,-3.55898,-0.3803966,0.03047845,0.9243211,0.0,0.0,0.0,0.0,0.0,0.0,0.0,-0.4112304,0.2530882,3.771549,1.276242,-0.2651307,-3.571926,-0.003908813,-0.1162871,0.009922601,0.9931585,359.6874,346.6403,1.181455,0.3358415,-0.07116107,-0.939226,0,0,0,0.9324988,-0.1854577,-2.59496,-0.1071491,0.07627748,1.030375,0.9727577,0.02061852,0.2309054,-0.01880034,0.9997725,-0.01007188,-0.2310606,0.005456401,0.9729241,moving,-22.36921,1.88858,-5.936876,4.23382,-24.43302194178515,12.752889685806302
05/11/2023 12:33:44.593267,2626,True,True,True,True,Eyes,1.275718,-0.2679539,-3.559077,-0.3780776,0.03250657,0.925203,0.0,0.0,0.0,0.0,0.0,0.0,0.0,-0.4242449,0.2475221,3.770525,1.276441,-0.2649467,-3.57192,-0.004636688,-0.1146059,0.009840661,0.9933515,359.6014,346.8333,1.181165,0.3359083,-0.07111869,-0.9392053,0,0,0,0.9357418,-0.1832951,-2.594562,-0.1075572,0.07672333,1.029813,0.9735373,0.02061325,0.2275966,-0.01848769,0.9997633,-0.01146732,-0.2277792,0.006956126,0.9736879,moving,-22.22703,2.012233,-5.962551,4.260789,-24.285788383497625,12.87887018523277
05/11/2023 12:33:44.613575,2627,True,True,True,True,Eyes,1.276026,-0.2678064,-3.55917,-0.3757117,0.03450917,0.9260939,0.0,0.0,0.0,0.0,0.0,0.0,0.0,-0.4375714,0.2420578,3.769525,1.276683,-0.2648656,-3.572018,-0.005370845,-0.1128832,0.009782471,0.9935457,359.515,347.0311,1.183354,0.335975,-0.0710763,-0.9391847,0,0,0,0.9391556,-0.1810186,-2.594144,-0.1078861,0.077382,1.029351,0.9743234,0.02065122,0.2242041,-0.01822611,0.9997509,-0.01288091,-0.2244143,0.008463806,0.9744571,moving,-22.08215,2.134033,-5.983314,4.299151,-24.135897319991216,13.002995014340165
05/11/2023 12:33:44.623647,2628,True,True,True,True,Eyes,1.276339,-0.2676623,-3.559265,-0.3734199,0.03647442,0.9269451,0.0,0.0,0.0,0.0,0.0,0.0,0.0,-0.4517167,0.2369848,3.768228,1.27686,-0.2647378,-3.572016,-0.006054357,-0.1110441,0.009754215,0.9937491,359.4347,347.2423,1.187947,0.3360416,-0.07103393,-0.939164,0,0,0,0.9426979,-0.1786565,-2.59371,-0.1082758,0.07819632,1.028746,0.9751481,0.02073109,0.2205819,-0.01804188,0.9997364,-0.01419932,-0.2208181,0.009866726,0.9752651,moving,-21.94205,2.253373,-6.008281,4.34677,-23.990900219835446,13.124600528165507
05/11/2023 12:33:44.643746,2629,True,True,True,True,Eyes,1.276646,-0.2675186,-3.55936,-0.3710846,0.03840182,0.9278046,0.0,0.0,0.0,0.0,0.0,0.0,0.0,-0.4655111,0.2314569,3.767102,1.277131,-0.2646908,-3.572143,-0.006804629,-0.1092605,0.009702669,0.9939426,359.3464,347.447,1.190468,0.3361081,-0.07099165,-0.9391434,0,0,0,0.9458826,-0.1765328,-2.59332,-0.1089771,0.07871401,1.028358,0.975936,0.02077474,0.2170652,-0.01780084,0.9997191,-0.01564706,-0.2173293,0.01140658,0.9760317,moving,-21.79943,2.370119,-6.049168,4.377077,-23.843451274700996,13.243599904694252
05/11/2023 12:33:44.663423,2630,True,True,True,True,Eyes,1.276941,-0.2673772,-3.559458,-0.3687909,0.04035481,0.928636,0.0,0.0,0.0,0.0,0.0,0.0,0.0,-0.4791097,0.2277485,3.76575,1.277296,-0.2645626,-3.572228,-0.007254397,-0.1075011,0.009470735,0.9941335,359.2902,347.6493,1.168435,0.3361744,-0.07094947,-0.9391229,0,0,0,0.949186,-0.1743299,-2.592915,-0.1094426,0.07975423,1.027869,0.9767076,0.02039006,0.2136035,-0.01727063,0.9997153,-0.0164599,-0.2138783,0.01238745,0.9767818,moving,-21.6596,2.488281,-6.077688,4.436796,-23.698764856607603,13.364012476158928
05/11/2023 12:33:44.673085,2631,True,True,True,True,Eyes,1.277232,-0.2672322,-3.559557,-0.3664677,0.04227644,0.9294698,0.0,0.0,0.0,0.0,0.0,0.0,0.0,-0.4922147,0.2239326,3.764435,1.277498,-0.2644791,-3.572316,-0.007737558,-0.1058066,0.009296753,0.9943133,359.2311,347.8441,1.153267,0.3362403,-0.07090743,-0.9391025,0,0,0,0.9526424,-0.172025,-2.592491,-0.1096414,0.08089667,1.02741,0.9774371,0.02012514,0.210266,-0.0168504,0.9997074,-0.01735443,-0.2105537,0.0134198,0.9774902,moving,-21.51813,2.604274,-6.091342,4.502094,-23.552498640900332,13.482242784335483
05/11/2023 12:33:44.693064,2632,True,True,True,True,Eyes,1.277512,-0.2670881,-3.559656,-0.3641994,0.0441675,0.9302731,0.0,0.0,0.0,0.0,0.0,0.0,0.0,-0.504359,0.2195213,3.763226,1.277671,-0.2642561,-3.572417,-0.008273359,-0.1042366,0.009092247,0.9944766,359.1657,348.0245,1.135157,0.3363057,-0.07086544,-0.9390822,0,0,0,0.9559695,-0.1698064,-2.592083,-0.1096902,0.08169413,1.027015,0.9781042,0.01980883,0.2071712,-0.01635928,0.9996978,-0.01835081,-0.2074721,0.01455983,0.9781325,moving,-21.38021,2.718248,-6.096353,4.548027,-23.409873391581847,13.598407898216545
05/11/2023 12:33:44.713457,2633,True,True,True,True,Eyes,1.277794,-0.2669467,-3.55976,-0.3618877,0.04603644,0.9310843,0.0,0.0,0.0,0.0,0.0,0.0,0.0,-0.5168384,0.2137805,3.761987,1.277913,-0.2641421,-3.57247,-0.008992832,-0.1026347,0.008840184,0.9946392,359.0789,348.2083,1.113559,0.3363703,-0.07082352,-0.9390622,0,0,0,0.9592618,-0.1676109,-2.59168,-0.1099216,0.08219059,1.026629,0.978776,0.01943154,0.20401,-0.01573963,0.999682,-0.01970386,-0.204328,0.01607463,0.9787705,moving,-21.23978,2.830622,-6.111401,4.577262,-23.264773605907195,13.712971897494363
05/11/2023 12:33:44.732834,2634,True,True,True,True,Eyes,1.278078,-0.2668049,-3.559861,-0.3595882,0.04786746,0.9318826,0.0,0.0,0.0,0.0,0.0,0.0,0.0,-0.5303723,0.2089143,3.760638,1.278178,-0.264073,-3.572655,-0.009622403,-0.1008856,0.008676209,0.9948137,359.0033,348.4091,1.100539,0.3364343,-0.07078172,-0.9390425,0,0,0,0.962902,-0.1651834,-2.591234,-0.1100804,0.08317927,1.026319,0.9794937,0.01920395,0.2005579,-0.0153209,0.9996643,-0.02089561,-0.2008918,0.01739439,0.979459,moving,-21.10025,2.940494,-6.121998,4.633481,-23.120662473048597,13.824999982921206
05/11/2023 12:33:44.743458,2635,True,True,True,True,Eyes,1.278363,-0.266661,-3.559961,-0.3572505,0.04968073,0.9326864,0.0,0.0,0.0,0.0,0.0,0.0,0.0,-0.544479,0.2050065,3.758953,1.278408,-0.2639356,-3.572705,-0.01011785,-0.09905738,0.008528567,0.9949937,358.9431,348.6192,1.087509,0.3364978,-0.07074003,-0.9390229,0,0,0,0.9659655,-0.1631406,-2.590858,-0.1109772,0.08400824,1.02588,0.9802298,0.01897624,0.1969504,-0.01496725,0.9996498,-0.02182403,-0.1972955,0.01844476,0.9801705,moving,-20.95853,3.049051,-6.174108,4.681447,-22.97438961245524,13.935712999684231
05/11/2023 12:33:44.763419,2636,True,True,True,True,Eyes,1.278653,-0.266519,-3.560057,-0.3549681,0.05150963,0.9334583,0.0,0.0,0.0,0.0,0.0,0.0,0.0,-0.5576141,0.1998617,3.757408,1.278651,-0.263753,-3.572741,-0.01079401,-0.09735418,0.00846281,0.9951553,358.8634,348.8145,1.085765,0.3365608,-0.07069837,-0.9390035,0,0,0,0.9694423,-0.1608221,-2.590432,-0.1111958,0.08472854,1.025472,0.9809011,0.0189453,0.1935823,-0.01474194,0.9996238,-0.02313121,-0.1939477,0.01983565,0.9808114,moving,-20.82041,3.158464,-6.188619,4.723274,-22.831713308218212,14.047267563156549
05/11/2023 12:33:44.783187,2637,True,True,True,True,Eyes,1.278943,-0.2663791,-3.560154,-0.3526438,0.05331455,0.9342376,0.0,0.0,0.0,0.0,0.0,0.0,0.0,-0.5712694,0.1947791,3.755712,1.278904,-0.2636718,-3.57275,-0.01147141,-0.09558391,0.008376285,0.99532,358.7833,349.0175,1.081315,0.3366237,-0.07065681,-0.938984,0,0,0,0.9727305,-0.1586293,-2.590029,-0.1117579,0.08541936,1.025051,0.9815871,0.01886713,0.190081,-0.0144812,0.9995965,-0.02443673,-0.1904654,0.02123418,0.9814642,moving,-20.67986,3.266181,-6.222192,4.763555,-22.686646181993495,14.15712340761823
05/11/2023 12:33:44.799384,2638,True,True,True,True,Eyes,1.279221,-0.2662415,-3.560251,-0.3500228,0.05518835,0.9351141,0.0,0.0,0.0,0.0,0.0,0.0,0.0,-0.5846397,0.1903221,3.754055,1.279145,-0.2635936,-3.57285,-0.01205237,-0.093849,0.008244646,0.9954794,358.7137,349.2167,1.070443,0.3366863,-0.07061537,-0.9389647,0,0,0,0.9761258,-0.1563652,-2.589613,-0.112115,0.08635608,1.024718,0.9822488,0.01867696,0.1866508,-0.01415255,0.9995735,-0.02554327,-0.1870483,0.02244826,0.9820942,moving,-20.52139,3.377552,-6.243932,4.817107,-22.523415336209986,14.270793499266778
05/11/2023 12:33:44.814009,2639,True,True,True,True,Eyes,1.279501,-0.2661043,-3.56035,-0.347354,0.05703155,0.9359981,0.0,0.0,0.0,0.0,0.0,0.0,0.0,-0.5986982,0.1854293,3.752206,1.279434,-0.2635169,-3.572881,-0.01268485,-0.0920321,0.00807738,0.9956424,358.6378,349.4252,1.0557,0.3367484,-0.07057413,-0.9389455,0,0,0,0.9795725,-0.1540668,-2.589191,-0.1126552,0.08721383,1.024327,0.9829297,0.01841919,0.1830572,-0.01374954,0.9995477,-0.0267459,-0.183467,0.02377239,0.9827384,moving,-20.36016,3.486794,-6.276147,4.866572,-22.35747566878949,14.382329241507158
05/11/2023 12:33:44.823661,2640,True,True,True,True,Eyes,1.279786,-0.2659699,-3.560449,-0.344573,0.05897363,0.9369053,0.0,0.0,0.0,0.0,0.0,0.0,0.0,-0.6139336,0.1813893,3.750128,1.279727,-0.263395,-3.572981,-0.01318416,-0.09005916,0.007861113,0.9958181,358.5765,349.6519,1.033486,0.3368101,-0.07053307,-0.9389265,0,0,0,0.9828168,-0.1519033,-2.588793,-0.1137223,0.08814625,1.023968,0.9836551,0.01803119,0.1791578,-0.01328177,0.9995288,-0.02767399,-0.1795724,0.02484212,0.983431,moving,-20.1924,3.601739,-6.337327,4.920067,-22.184773115298647,14.499675147099659
05/11/2023 12:33:44.843300,2641,True,True,True,True,Eyes,1.28007,-0.2658312,-3.560545,-0.3417572,0.06089485,0.9378133,0.0,0.0,0.0,0.0,0.0,0.0,0.0,-0.6284886,0.1769954,3.748127,1.279972,-0.263344,-3.573108,-0.01377263,-0.08816031,0.007771274,0.9959809,358.5065,349.8698,1.026484,0.3368715,-0.07049225,-0.9389074,0,0,0,0.9863294,-0.149561,-2.588363,-0.1142823,0.08919322,1.02366,0.9843348,0.01790848,0.1753979,-0.01305168,0.9994998,-0.02880479,-0.175826,0.02606432,0.9840761,moving,-20.02271,3.71516,-6.37017,4.979702,-22.01017751110421,14.615492918803865
05/11/2023 12:33:44.863370,2642,True,True,True,True,Eyes,1.280358,-0.2656955,-3.56064,-0.3388994,0.06288284,0.9387188,0.0,0.0,0.0,0.0,0.0,0.0,0.0,-0.6429657,0.1716418,3.745963,1.280213,-0.2631126,-3.573085,-0.01443084,-0.08628268,0.007540924,0.9961376,358.4271,350.0853,1.0039,0.3369327,-0.07045152,-0.9388885,0,0,0,0.9895304,-0.1474264,-2.58797,-0.1151693,0.08966391,1.023243,0.9849969,0.01751386,0.1716812,-0.01253333,0.9994698,-0.03005151,-0.1721165,0.02744891,0.9846941,moving,-19.85077,3.8324,-6.421803,5.007878,-21.833190560377346,14.735187298373015
05/11/2023 12:33:44.873194,2643,True,True,True,True,Eyes,1.280646,-0.2655615,-3.560732,-0.3360155,0.06482693,0.9396228,0.0,0.0,0.0,0.0,0.0,0.0,0.0,-0.6568248,0.1679722,3.743868,1.280454,-0.2630658,-3.573153,-0.01491744,-0.08447517,0.007438719,0.9962863,358.3687,350.2928,0.9941041,0.3369938,-0.07041096,-0.9388697,0,0,0,0.9930324,-0.1450911,-2.587541,-0.1155593,0.09090983,1.022908,0.9856172,0.01734249,0.1681009,-0.01230188,0.9994442,-0.03098086,-0.1685448,0.02846731,0.9852828,moving,-19.6774,3.946725,-6.445451,5.078756,-21.654859843469275,14.851943691869245
05/11/2023 12:33:44.893328,2644,True,True,True,True,Eyes,1.280921,-0.2654296,-3.560827,-0.3331475,0.06678589,0.9405065,0.0,0.0,0.0,0.0,0.0,0.0,0.0,-0.6706761,0.1647562,3.741635,1.280715,-0.2629767,-3.573149,-0.01531963,-0.08267529,0.007271601,0.9964324,358.3194,350.4996,0.9758945,0.3370548,-0.0703706,-0.9388508,0,0,0,0.9961244,-0.1430292,-2.587162,-0.1163956,0.09199409,1.022516,0.9862238,0.01702443,0.1645378,-0.01195821,0.9994248,-0.03173231,-0.1649835,0.02932758,0.9858602,moving,-19.50523,4.061788,-6.494171,5.140966,-21.477713059725488,14.969438317689956
05/11/2023 12:33:44.913158,2645,True,True,True,True,Eyes,1.281195,-0.265299,-3.560924,-0.3302707,0.06869098,0.9413835,0.0,0.0,0.0,0.0,0.0,0.0,0.0,-0.6835498,0.1603789,3.739655,1.280908,-0.2628943,-3.573254,-0.01587438,-0.08099444,0.007088334,0.996563,358.2527,350.6925,0.9572955,0.3371155,-0.07033049,-0.938832,0,0,0,0.9995305,-0.1407578,-2.586745,-0.1165859,0.09296888,1.02228,0.9867793,0.01669941,0.1612071,-0.01155647,0.9993955,-0.03278786,-0.1616571,0.0304914,0.9863758,moving,-19.33268,4.173369,-6.506184,5.196338,-21.30029842104397,15.08341463091103
05/11/2023 12:33:44.923150,2646,True,True,True,True,Eyes,1.281468,-0.2651755,-3.56102,-0.3274387,0.07060004,0.9422312,0.0,0.0,0.0,0.0,0.0,0.0,0.0,-0.6956279,0.1582292,3.737708,1.281108,-0.2628004,-3.573387,-0.01616439,-0.07940916,0.007059505,0.9966861,358.2178,350.8745,0.9538741,0.3371757,-0.07029062,-0.9388134,0,0,0,1.003077,-0.1383931,-2.58631,-0.1164064,0.09461666,1.022055,0.9872887,0.01663942,0.1580637,-0.01150502,0.9993778,-0.03334281,-0.1585202,0.03110046,0.9868658,moving,-19.16306,4.285084,-6.497667,5.289075,-21.125829524677883,15.197506903229712
05/11/2023 12:33:44.943229,2647,True,True,True,True,Eyes,1.281739,-0.2650568,-3.561116,-0.3246395,0.07244691,0.9430591,0.0,0.0,0.0,0.0,0.0,0.0,0.0,-0.7050584,0.1535515,3.736245,1.281239,-0.2628859,-3.573448,-0.01689367,-0.07815364,0.007303095,0.9967715,358.1355,351.0175,0.9860373,0.3372356,-0.07025116,-0.9387949,0,0,0,1.006404,-0.1361742,-2.585902,-0.1156503,0.09551523,1.021929,0.9876773,0.01719964,0.1555559,-0.01191843,0.9993225,-0.03481977,-0.1560494,0.03253672,0.9872132,moving,-18.99556,4.392901,-6.456618,5.339674,-20.95362368410806,15.307643553113454
05/11/2023 12:33:44.963229,2648,True,True,True,True,Eyes,1.282029,-0.2649293,-3.561209,-0.3219549,0.07423818,0.9438399,0.0,0.0,0.0,0.0,0.0,0.0,0.0,-0.7129636,0.1525454,3.734959,1.281471,-0.2628919,-3.573545,-0.01711228,-0.07711245,0.00755428,0.996847,358.1117,351.1365,1.014743,0.3372951,-0.0702122,-0.9387764,0,0,0,1.009613,-0.1340346,-2.585509,-0.1146697,0.09728453,1.021818,0.9879932,0.01770006,0.1534801,-0.01242178,0.9993002,-0.0352817,-0.1539971,0.03295158,0.9875217,moving,-18.83512,4.497368,-6.403016,5.438583,-20.78863682605894,15.414345756646032
05/11/2023 12:33:44.973396,2649,True,True,True,True,Eyes,1.282313,-0.2647996,-3.561296,-0.3193073,0.07604681,0.944595,0.0,0.0,0.0,0.0,0.0,0.0,0.0,-0.7200081,0.1519731,3.733734,1.281718,-0.2625721,-3.573588,-0.01714337,-0.07620688,0.007500609,0.9969164,358.1067,351.2407,1.007165,0.3373547,-0.07017345,-0.9387578,0,0,0,1.012887,-0.1318511,-2.585108,-0.1134422,0.09903012,1.021653,0.9882725,0.01756785,0.1516866,-0.01234207,0.9992997,-0.03532422,-0.152201,0.03303782,0.9877973,moving,-18.67711,4.602802,-6.33605,5.536456,-20.626064816325545,15.52200954624185
05/11/2023 12:33:44.993184,2650,True,True,True,True,Eyes,1.282602,-0.2646683,-3.56139,-0.3166914,0.07792401,0.9453224,0.0,0.0,0.0,0.0,0.0,0.0,0.0,-0.7269384,0.1436501,3.732701,1.281862,-0.2624099,-3.573529,-0.01828212,-0.07530168,0.007553759,0.9969647,357.9761,351.3431,1.021416,0.3374143,-0.07013485,-0.9387393,0,0,0,1.016234,-0.1296194,-2.584698,-0.1120234,0.09878497,1.021602,0.9885452,0.01781501,0.14987,-0.01230831,0.9992175,-0.03759088,-0.1504224,0.03531564,0.9879909,moving,-18.52131,4.712303,-6.257747,5.52311,-20.465583971716512,15.633770973306328
05/11/2023 12:33:45.013302,2651,True,True,True,True,Eyes,1.282886,-0.2645437,-3.561481,-0.314091,0.07976228,0.9460365,0.0,0.0,0.0,0.0,0.0,0.0,0.0,-0.7347954,0.137267,3.731704,1.282044,-0.2622686,-3.573788,-0.01907145,-0.07428803,0.007286777,0.9970279,357.8826,351.4592,0.9956022,0.337474,-0.07009632,-0.9387207,0,0,0,1.019633,-0.1273523,-2.584281,-0.1108385,0.09917136,1.021796,0.9888564,0.0173638,0.1478565,-0.01169668,0.9991664,-0.03911217,-0.1484124,0.03694689,0.9882352,moving,-18.36654,4.819327,-6.190911,5.543535,-20.306221850387686,15.743020898649274
05/11/2023 12:33:45.025152,2652,True,True,True,True,Eyes,1.283169,-0.2644243,-3.561567,-0.3114786,0.08167638,0.9467365,0.0,0.0,0.0,0.0,0.0,0.0,0.0,-0.7434589,0.1341489,3.730144,1.282162,-0.2623148,-3.573787,-0.01953061,-0.07314343,0.007333829,0.9971033,357.8294,351.5901,1.002429,0.3375337,-0.07005804,-0.9387021,0,0,0,1.023026,-0.1250897,-2.583865,-0.1098261,0.1005375,1.021645,0.9891925,0.01748224,0.1455766,-0.0117681,0.9991296,-0.0400209,-0.1461496,0.03787521,0.9885372,moving,-18.21133,4.930785,-6.135694,5.620241,-20.14627056637338,15.856757224765872
05/11/2023 12:33:45.048281,2653,True,True,True,True,Eyes,1.283448,-0.2643095,-3.561654,-0.3088827,0.08354038,0.9474241,0.0,0.0,0.0,0.0,0.0,0.0,0.0,-0.7522849,0.1304338,3.728525,1.282274,-0.2623571,-3.573764,-0.02018551,-0.07195427,0.007790437,0.9971733,357.7571,351.7249,1.057501,0.3375934,-0.07002014,-0.9386835,0,0,0,1.026422,-0.1228251,-2.583449,-0.1087976,0.101656,1.021509,0.9895238,0.0184417,0.1431872,-0.01263196,0.9990637,-0.04137801,-0.1438162,0.0391358,0.9888303,moving,-18.0572,5.039098,-6.079466,5.683105,-19.987510365538583,15.967306263371995
05/11/2023 12:33:45.063418,2654,True,True,True,True,Eyes,1.283733,-0.2641936,-3.561743,-0.3062665,0.08541985,0.9481056,0.0,0.0,0.0,0.0,0.0,0.0,0.0,-0.7610106,0.1284975,3.726963,1.282439,-0.2623663,-3.573851,-0.02059544,-0.07078207,0.008252421,0.9972451,357.7128,351.858,1.111058,0.337653,-0.06998269,-0.9386649,0,0,0,1.029793,-0.1205777,-2.583036,-0.1077932,0.1032132,1.021458,0.9898436,0.01937495,0.1408342,-0.0135438,0.9990155,-0.04224564,-0.1415141,0.03990915,0.9891315,moving,-17.90201,5.14818,-6.024054,5.769866,-19.8276575271583,16.078639948753988
05/11/2023 12:33:45.073036,2655,True,True,True,True,Eyes,1.284015,-0.2640844,-3.561833,-0.3036436,0.08724956,0.9487824,0.0,0.0,0.0,0.0,0.0,0.0,0.0,-0.7709205,0.1272442,3.725193,1.28273,-0.26225,-3.573989,-0.02085214,-0.06947528,0.008549802,0.9973292,357.6843,352.0071,1.144138,0.3377126,-0.06994561,-0.9386462,0,0,0,1.033184,-0.1183159,-2.58262,-0.1071989,0.104909,1.021423,0.9902002,0.01995135,0.1382229,-0.01415652,0.9989842,-0.04278089,-0.138936,0.04040489,0.9894767,moving,-17.74649,5.254115,-5.99129,5.864211,-19.667576136939836,16.18679372552276
05/11/2023 12:33:45.093140,2656,True,True,True,True,Eyes,1.284294,-0.2639766,-3.561925,-0.300987,0.08906556,0.9494599,0.0,0.0,0.0,0.0,0.0,0.0,0.0,-0.7819157,0.125454,3.723104,1.28292,-0.2623122,-3.574065,-0.02121451,-0.06800922,0.00886307,0.9974198,357.6437,352.1744,1.179424,0.3377721,-0.06990906,-0.9386275,0,0,0,1.036523,-0.1160896,-2.582211,-0.1068825,0.1065429,1.021319,0.9905924,0.02056596,0.1352914,-0.01479484,0.9989428,-0.04352508,-0.1360435,0.041114,0.9898494,moving,-17.58907,5.359037,-5.974341,5.955493,-19.505615060920427,16.293935869250095
05/11/2023 12:33:45.113543,2657,True,True,True,True,Eyes,1.284567,-0.2638637,-3.56202,-0.2983324,0.09084232,0.9501292,0.0,0.0,0.0,0.0,0.0,0.0,0.0,-0.7933335,0.1240863,3.720895,1.283043,-0.2622616,-3.574193,-0.02149708,-0.06647743,0.009146333,0.9975145,357.6117,352.3493,1.210388,0.3378315,-0.069873,-0.9386089,0,0,0,1.039865,-0.1138612,-2.581802,-0.1066314,0.1082129,1.021233,0.9909942,0.02110534,0.1322312,-0.01538906,0.9989085,-0.04410334,-0.1330176,0.04167124,0.9902372,moving,-17.43184,5.461476,-5.960902,6.048657,-19.343927126649227,16.398566045038827
05/11/2023 12:33:45.123273,2658,True,True,True,True,Eyes,1.284842,-0.263748,-3.562114,-0.2955863,0.09266471,0.9508112,0.0,0.0,0.0,0.0,0.0,0.0,0.0,-0.8034384,0.1211055,3.718979,1.283131,-0.262034,-3.574339,-0.02192672,-0.0651266,0.009263639,0.9975931,357.5618,352.5036,1.223819,0.3378905,-0.06983725,-0.9385903,0,0,0,1.043386,-0.111513,-2.58137,-0.1058359,0.1094585,1.021244,0.9913454,0.02133871,0.1295335,-0.01562666,0.9988669,-0.0449545,-0.1303459,0.04254126,0.9905555,moving,-17.26932,5.566386,-5.916687,6.117694,-19.176831357641895,16.505730059266593
05/11/2023 12:33:45.143335,2659,True,True,True,True,Eyes,1.285113,-0.2636349,-3.562207,-0.2928443,0.09446907,0.9514819,0.0,0.0,0.0,0.0,0.0,0.0,0.0,-0.8139231,0.1155503,3.716991,1.283382,-0.2618769,-3.574381,-0.02271001,-0.06375127,0.009346458,0.9976636,357.4712,352.6602,1.235727,0.3379494,-0.06980171,-0.9385717,0,0,0,1.046668,-0.1093245,-2.580968,-0.1055167,0.1098983,1.021256,0.9916968,0.02154483,0.1267801,-0.01575366,0.9987938,-0.0465056,-0.1276291,0.04412221,0.9908401,moving,-17.10716,5.6701,-5.898902,6.142016,-19.010137483148128,16.611682330242953
05/11/2023 12:33:45.163174,2660,True,True,True,True,Eyes,1.285374,-0.2635229,-3.562307,-0.2900788,0.09628761,0.9521465,0.0,0.0,0.0,0.0,0.0,0.0,0.0,-0.8242273,0.1107981,3.714972,1.283514,-0.2618421,-3.574447,-0.0234144,-0.06237996,0.009477384,0.9977329,357.3898,352.8163,1.252336,0.338008,-0.06976644,-0.9385532,0,0,0,1.050003,-0.1071003,-2.580559,-0.1049978,0.110666,1.021281,0.9920378,0.02183297,0.1240332,-0.01599061,0.9987239,-0.04790502,-0.1249209,0.04554024,0.9911211,moving,-16.94377,5.774512,-5.869953,6.184445,-18.84218214150554,16.718348589376625
05/11/2023 12:33:45.173101,2661,True,True,True,True,Eyes,1.285633,-0.2634076,-3.562407,-0.2873071,0.09810816,0.9528009,0.0,0.0,0.0,0.0,0.0,0.0,0.0,-0.8346575,0.1066674,3.713043,1.283685,-0.2617661,-3.574682,-0.02401001,-0.06099629,0.009545393,0.9978036,357.3204,352.9742,1.260721,0.3380661,-0.06973141,-0.9385349,0,0,0,1.053412,-0.1048271,-2.580142,-0.104464,0.1116303,1.021466,0.9923767,0.0219779,0.1212662,-0.01611981,0.9986648,-0.04907902,-0.122183,0.04675008,0.9914059,moving,-16.78013,5.878923,-5.839262,6.236787,-18.673975112797194,16.82501550423517
05/11/2023 12:33:45.193314,2662,True,True,True,True,Eyes,1.285878,-0.2632985,-3.56251,-0.2844176,0.1000085,0.9534699,0.0,0.0,0.0,0.0,0.0,0.0,0.0,-0.8460932,0.099925,3.710751,1.283865,-0.261592,-3.574744,-0.02495413,-0.05948314,0.009615376,0.997871,357.211,353.1463,1.271199,0.3381236,-0.06969655,-0.9385168,0,0,0,1.056685,-0.1026446,-2.57974,-0.1043664,0.1117138,1.021535,0.9927386,0.02215851,0.1182331,-0.01622111,0.9985697,-0.0509459,-0.1191929,0.0486581,0.9916781,moving,-16.60971,5.987799,-5.833453,6.240994,-18.498794279907194,16.936242437819644
05/11/2023 12:33:45.213519,2663,True,True,True,True,Eyes,1.286122,-0.2631912,-3.562617,-0.2814971,0.1018774,0.9541386,0.0,0.0,0.0,0.0,0.0,0.0,0.0,-0.8587339,0.09341085,3.708232,1.284048,-0.2616471,-3.574899,-0.02589346,-0.05780632,0.00965791,0.9979454,357.1017,353.3373,1.277702,0.3381803,-0.06966197,-0.938499,0,0,0,1.060056,-0.1003966,-2.579327,-0.1044961,0.1120881,1.021692,0.9931303,0.02226974,0.1148749,-0.01628252,0.9984726,-0.05279708,-0.1158752,0.05056392,0.9919759,moving,-16.43751,6.094621,-5.839763,6.260788,-18.321888896028575,17.0454043245447
05/11/2023 12:33:45.223535,2664,True,True,True,True,Eyes,1.286358,-0.2630826,-3.562726,-0.2780936,0.104056,0.9549012,0.0,0.0,0.0,0.0,0.0,0.0,0.0,-0.873093,0.08991708,3.705174,1.284257,-0.2615998,-3.575044,-0.02647526,-0.05588697,0.009919597,0.9980367,357.0343,353.5561,1.305884,0.3382362,-0.06962772,-0.9384814,0,0,0,1.063432,-0.09814506,-2.578913,-0.1050814,0.1131658,1.021719,0.9935565,0.02275949,0.1110293,-0.016841,0.9984013,-0.05395532,-0.1120797,0.05173782,0.9923514,moving,-16.23702,6.21901,-5.872091,6.32033,-18.115919902384825,17.172517818379596
05/11/2023 12:33:45.243392,2665,True,True,True,True,Eyes,1.286593,-0.2629749,-3.562835,-0.2746827,0.1062376,0.9556479,0.0,0.0,0.0,0.0,0.0,0.0,0.0,-0.8872527,0.08505011,3.702087,1.284401,-0.2614976,-3.575169,-0.0272916,-0.05397778,0.01035751,0.9981155,356.9411,353.7728,1.355514,0.3382911,-0.0695937,-0.9384641,0,0,0,1.066782,-0.09591138,-2.578503,-0.1055629,0.1137493,1.021782,0.9939582,0.02362227,0.1071867,-0.01772971,0.9982958,-0.05559848,-0.1083174,0.05336217,0.9926831,moving,-16.03628,6.343419,-5.898449,6.352265,-17.90969852955888,17.299653202221805
05/11/2023 12:33:45.263383,2666,True,True,True,True,Eyes,1.286811,-0.2628632,-3.562949,-0.2709686,0.1085846,0.9564441,0.0,0.0,0.0,0.0,0.0,0.0,0.0,-0.9011911,0.07725517,3.69903,1.28456,-0.2614345,-3.575262,-0.02843212,-0.05211656,0.01051319,0.9981809,356.809,353.9841,1.374594,0.3383452,-0.06955993,-0.9384471,0,0,0,1.070143,-0.09367046,-2.578091,-0.1060344,0.1136276,1.021917,0.9943467,0.0239517,0.1034457,-0.01802456,0.9981622,-0.05785661,-0.1046413,0.05566496,0.992951,moving,-15.81787,6.477029,-5.923828,6.344691,-17.68538233958241,17.43621005040154
05/11/2023 12:33:45.283107,2667,True,True,True,True,Eyes,1.287029,-0.2627509,-3.563065,-0.2672492,0.1109081,0.9572237,0.0,0.0,0.0,0.0,0.0,0.0,0.0,-0.9154102,0.07460985,3.695813,1.284793,-0.2612367,-3.575421,-0.02875738,-0.05023414,0.01036163,0.9982696,356.7683,354.2003,1.353117,0.3383981,-0.06952628,-0.9384305,0,0,0,1.073517,-0.09141993,-2.577677,-0.1066871,0.1149354,1.021947,0.9947383,0.0235766,0.09969848,-0.01779819,0.9981313,-0.05845625,-0.1008904,0.05637422,0.9932991,moving,-15.59931,6.609066,-5.959857,6.416928,-17.46096696040931,17.571177349839957
05/11/2023 12:33:45.293607,2668,True,True,True,True,Eyes,1.28722,-0.2626421,-3.563185,-0.2633736,0.1133587,0.9580105,0.0,0.0,0.0,0.0,0.0,0.0,0.0,-0.9301177,0.06851226,3.692427,1.284953,-0.2611251,-3.575547,-0.02962723,-0.048269,0.01040002,0.9983408,356.6663,354.4244,1.356073,0.3384499,-0.06949273,-0.9384143,0,0,0,1.07682,-0.08921726,-2.577273,-0.1074595,0.1152391,1.022055,0.9951239,0.02362568,0.09576157,-0.01790537,0.9980282,-0.06016014,-0.09699406,0.05815215,0.9935846,moving,-15.37184,6.748271,-6.002063,6.433064,-17.227344037178888,17.71345202532828
05/11/2023 12:33:45.313362,2669,True,True,True,True,Eyes,1.287411,-0.262536,-3.563308,-0.2594984,0.1157536,0.9587814,0.0,0.0,0.0,0.0,0.0,0.0,0.0,-0.9454552,0.06166188,3.688873,1.285149,-0.261121,-3.575707,-0.03065917,-0.04621591,0.01057342,0.998405,356.5462,354.6579,1.37469,0.3385,-0.06945935,-0.9383988,0,0,0,1.080416,-0.08681977,-2.576832,-0.108106,0.115549,1.022257,0.9955046,0.02394699,0.09163602,-0.01827923,0.9978964,-0.06219785,-0.09293272,0.06024321,0.9938482,moving,-15.14451,6.883996,-6.036722,6.448955,-16.993976770744133,17.852206943416718
05/11/2023 12:33:45.333188,2670,True,True,True,True,Eyes,1.287596,-0.2624286,-3.563434,-0.2555503,0.1181704,0.9595467,0.0,0.0,0.0,0.0,0.0,0.0,0.0,-0.9601696,0.05838302,3.685357,1.285315,-0.2610909,-3.57589,-0.03118534,-0.04423883,0.01070832,0.9984769,356.4839,354.8836,1.386048,0.3385486,-0.0694262,-0.9383837,0,0,0,1.083727,-0.08461177,-2.576426,-0.1088641,0.1166607,1.022374,0.9958566,0.02414322,0.08767501,-0.01862481,0.9978256,-0.06322312,-0.08901078,0.06132823,0.9941407,moving,-14.91309,7.020755,-6.078047,6.509732,-16.756457286226542,17.992034667302157
05/11/2023 12:33:45.343295,2671,True,True,True,True,Eyes,1.287784,-0.2623198,-3.56356,-0.251596,0.1205584,0.9602944,0.0,0.0,0.0,0.0,0.0,0.0,0.0,-0.9749388,0.05565612,3.68174,1.285532,-0.2609653,-3.576047,-0.03162971,-0.04225854,0.01086093,0.998547,356.4311,355.1098,1.39878,0.3385956,-0.06939323,-0.9383692,0,0,0,1.087056,-0.08239153,-2.576018,-0.1096601,0.1178615,1.022459,0.9961925,0.02436354,0.0837072,-0.01901704,0.9977632,-0.06408543,-0.08508132,0.06224956,0.9944276,moving,-14.68144,7.155655,-6.121648,6.575612,-16.518767488071564,18.129984185144608
05/11/2023 12:33:45.363566,2672,True,True,True,True,Eyes,1.287965,-0.2622148,-3.563692,-0.2476058,0.122954,0.9610274,0.0,0.0,0.0,0.0,0.0,0.0,0.0,-0.9906018,0.0498827,3.677799,1.285755,-0.2608423,-3.576141,-0.03246817,-0.0401642,0.01091954,0.9986058,356.3324,355.3487,1.401987,0.3386413,-0.06936036,-0.9383551,0,0,0,1.090427,-0.08014394,-2.575605,-0.1106896,0.1182665,1.022564,0.9965352,0.02441674,0.07950732,-0.01920051,0.9976532,-0.06572296,-0.08092547,0.06396867,0.9946653,moving,-14.44786,7.290823,-6.178045,6.597334,-16.27912557860963,18.268217561199904
05/11/2023 12:33:45.373066,2673,True,True,True,True,Eyes,1.288145,-0.2621112,-3.563825,-0.2436163,0.1252913,0.9617449,0.0,0.0,0.0,0.0,0.0,0.0,0.0,-1.006687,0.04626366,3.67374,1.285895,-0.2608456,-3.576361,-0.03305975,-0.03799053,0.01107488,0.9986697,356.2622,355.5967,1.414474,0.3386857,-0.0693277,-0.9383415,0,0,0,1.094021,-0.07774708,-2.575165,-0.1115248,0.1194627,1.022754,0.9968681,0.02463221,0.0751477,-0.01960838,0.9975688,-0.06687302,-0.07661223,0.06519006,0.9949276,moving,-14.21441,7.422403,-6.22315,6.662236,-16.039732816598423,18.402822041649472
05/11/2023 12:33:45.393126,2674,True,True,True,True,Eyes,1.288323,-0.2620097,-3.563965,-0.2396756,0.1276061,0.9624304,0.0,0.0,0.0,0.0,0.0,0.0,0.0,-1.02173,0.04356714,3.669825,1.286027,-0.2607903,-3.57653,-0.03352944,-0.03595323,0.01127479,0.9987273,356.2064,355.8292,1.431776,0.3387287,-0.06929525,-0.9383284,0,0,0,1.096915,-0.07581694,-2.57481,-0.1127823,0.1204127,1.02284,0.9971605,0.02493185,0.07105886,-0.02010989,0.9974973,-0.06778426,-0.07257101,0.06616279,0.9951663,moving,-13.98401,7.552646,-6.292234,6.714176,-15.80345510362313,18.536054270166908
05/11/2023 12:33:45.413459,2675,True,True,True,True,Eyes,1.288502,-0.2619055,-3.564109,-0.2357355,0.1298827,0.9630988,0.0,0.0,0.0,0.0,0.0,0.0,0.0,-1.035857,0.0395738,3.666234,1.286242,-0.2607556,-3.57679,-0.03415075,-0.03405447,0.01138826,0.9987714,356.1329,356.0457,1.440093,0.3387705,-0.06926303,-0.9383157,0,0,0,1.100275,-0.07357653,-2.574398,-0.1133859,0.1213336,1.023147,0.9974212,0.0250745,0.06724741,-0.02042256,0.9974081,-0.06899323,-0.06880308,0.06744195,0.9953481,moving,-13.75375,7.680523,-6.323756,6.763041,-15.567396332313965,18.666893169409832
05/11/2023 12:33:45.423645,2676,True,True,True,True,Eyes,1.288672,-0.2617984,-3.564252,-0.23186,0.1321409,0.9637322,0.0,0.0,0.0,0.0,0.0,0.0,0.0,-1.050617,0.03493768,3.662311,1.286395,-0.2605989,-3.576984,-0.03481248,-0.03206556,0.01139238,0.9988145,356.0543,356.273,1.435391,0.3388111,-0.06923096,-0.9383034,0,0,0,1.103646,-0.07132843,-2.573985,-0.1141443,0.1220298,1.023381,0.997684,0.02499031,0.0632619,-0.02052518,0.9973167,-0.070273,-0.06484828,0.0688118,0.9955198,moving,-13.52745,7.807353,-6.364268,6.799945,-15.335359313128365,18.796646984601985
05/11/2023 12:33:45.443698,2677,True,True,True,True,Eyes,1.288841,-0.2616898,-3.5644,-0.2279864,0.1343976,0.9643441,0.0,0.0,0.0,0.0,0.0,0.0,0.0,-1.065751,0.02936065,3.658165,1.28657,-0.2604438,-3.577117,-0.03564943,-0.03002274,0.01152774,0.9988468,355.9559,356.5057,1.445858,0.3388505,-0.06919894,-0.9382915,0,0,0,1.107181,-0.0689712,-2.573552,-0.1148329,0.122517,1.023615,0.9979315,0.02516948,0.05915432,-0.0208883,0.9971925,-0.07190882,-0.06079815,0.07052444,0.9956555,moving,-13.30141,7.934027,-6.400888,6.825293,-15.103589224203844,18.92624132585391
05/11/2023 12:33:45.468559,2678,True,True,True,True,Eyes,1.28902,-0.2615784,-3.564552,-0.2241715,0.1365877,0.9649305,0.0,0.0,0.0,0.0,0.0,0.0,0.0,-1.080324,0.02184758,3.654196,1.286703,-0.2603237,-3.577338,-0.03676576,-0.02805028,0.01168899,0.9988618,355.8256,356.7296,1.460143,0.3388887,-0.06916692,-0.93828,0,0,0,1.110428,-0.06680587,-2.573154,-0.1156234,0.1222808,1.024005,0.9981531,0.02541395,0.05517721,-0.02128879,0.9970232,-0.07410358,-0.05689623,0.07279205,0.9957229,moving,-13.07889,8.056799,-6.442149,6.809687,-14.875491955039884,19.051866665511042
05/11/2023 12:33:45.473218,2679,True,True,True,True,Eyes,1.289198,-0.261464,-3.564706,-0.2203686,0.138769,0.9654951,0.0,0.0,0.0,0.0,0.0,0.0,0.0,-1.094267,0.01613164,3.650336,1.286903,-0.2601755,-3.577544,-0.03765304,-0.0261662,0.01191928,0.9988772,355.7219,356.9435,1.481507,0.3389261,-0.06913482,-0.9382689,0,0,0,1.114011,-0.06441662,-2.572715,-0.1159342,0.1227128,1.0244,0.9983465,0.02578226,0.05137604,-0.02184131,0.9968804,-0.07584529,-0.05317123,0.07459777,0.9957951,moving,-12.85718,8.179016,-6.456847,6.830909,-14.648228550401564,19.176925412723072
05/11/2023 12:33:45.493538,2680,True,True,True,True,Eyes,1.289372,-0.261346,-3.564862,-0.2165911,0.1408969,0.9660416,0.0,0.0,0.0,0.0,0.0,0.0,0.0,-1.107552,0.00933522,3.646574,1.287025,-0.2600076,-3.57774,-0.03863763,-0.0243677,0.01200121,0.9988841,355.6066,357.1481,1.486124,0.3389626,-0.06910256,-0.9382581,0,0,0,1.117171,-0.06230995,-2.572328,-0.1164791,0.1226081,1.024787,0.9985244,0.02585865,0.04775362,-0.02209261,0.9967262,-0.07777392,-0.04960841,0.07660415,0.9958267,moving,-12.63701,8.298063,-6.48451,6.822577,-14.42262021773446,19.298768526455596
05/11/2023 12:33:45.513429,2681,True,True,True,True,Eyes,1.289542,-0.2612253,-3.565026,-0.2128399,0.1430433,0.9665598,0.0,0.0,0.0,0.0,0.0,0.0,0.0,-1.120975,0.0009642541,3.642741,1.28729,-0.2598277,-3.577922,-0.03981992,-0.02257311,0.01202229,0.9988796,355.4685,357.3521,1.483914,0.3389983,-0.06907006,-0.9382476,0,0,0,1.120614,-0.06001369,-2.571906,-0.1168955,0.1222508,1.025264,0.9986919,0.02581535,0.04413818,-0.02221991,0.9965397,-0.08009336,-0.04605308,0.07900784,0.9958096,moving,-12.41854,8.418227,-6.504497,6.799756,-14.198686767225047,19.42172976699038
05/11/2023 12:33:45.523249,2682,True,True,True,True,Eyes,1.289716,-0.2610976,-3.565193,-0.2094336,0.1454106,0.9669505,0.0,0.0,0.0,0.0,0.0,0.0,0.0,-1.132686,-0.0082919,3.639434,1.287344,-0.2596678,-3.578246,-0.04112044,-0.02098385,0.01204101,0.9988613,355.317,357.5324,1.482217,0.3390332,-0.06903727,-0.9382374,0,0,0,1.123891,-0.05782833,-2.571504,-0.1168525,0.1215383,1.025944,0.9988294,0.02578033,0.04092965,-0.02232887,0.9963283,-0.08265257,-0.04291017,0.08164191,0.9957376,moving,-12.22103,8.55209,-6.497848,6.756051,-13.995406032872804,19.558403086448834
05/11/2023 12:33:45.543226,2683,True,True,True,True,Eyes,1.289888,-0.2609682,-3.565364,-0.2060901,0.1478191,0.9673036,0.0,0.0,0.0,0.0,0.0,0.0,0.0,-1.141799,-0.02002722,3.636757,1.287368,-0.2594206,-3.578476,-0.04271758,-0.01975392,0.01197907,0.9988201,355.132,357.6714,1.473254,0.3390672,-0.06900402,-0.9382275,0,0,0,1.127176,-0.0556376,-2.571101,-0.1160792,0.1201034,1.02669,0.9989325,0.02561756,0.03843779,-0.0222422,0.9960634,-0.08580762,-0.04048466,0.08486108,0.9955699,moving,-12.02739,8.688472,-6.450557,6.6722,-13.795938903471551,19.697597705322526
05/11/2023 12:33:45.563197,2684,True,True,True,True,Eyes,1.290063,-0.2608372,-3.565539,-0.2030544,0.1503797,0.9675509,0.0,0.0,0.0,0.0,0.0,0.0,0.0,-1.148778,-0.03255138,3.63471,1.287454,-0.2592341,-3.578705,-0.04442898,-0.01882608,0.01192819,0.9987639,354.9342,357.7754,1.466917,0.3391005,-0.06897032,-0.938218,0,0,0,1.130786,-0.05323041,-2.570659,-0.1144189,0.1186877,1.027599,0.9990066,0.02549975,0.0365457,-0.02215405,0.9957676,-0.08919725,-0.03866553,0.08829901,0.9953433,moving,-11.85233,8.834398,-6.353479,6.58847,-13.614865055784506,19.846318917375463
05/11/2023 12:33:45.573135,2685,True,True,True,True,Eyes,1.290237,-0.2607008,-3.565718,-0.200102,0.1529571,0.967762,0.0,0.0,0.0,0.0,0.0,0.0,0.0,-1.152929,-0.04535443,3.633549,1.287493,-0.2591086,-3.578995,-0.04618298,-0.01828004,0.01189595,0.998695,354.7322,357.8354,1.464482,0.3391332,-0.06893615,-0.9382087,0,0,0,1.134025,-0.05107033,-2.570262,-0.1123042,0.1169896,1.028628,0.9990487,0.02544931,0.03541359,-0.0220724,0.9954513,-0.09268032,-0.03761116,0.09181049,0.995066,moving,-11.6823,8.981437,-6.230793,6.488574,-13.438819132802248,19.996132008748088
05/11/2023 12:33:45.593213,2686,True,True,True,True,Eyes,1.290431,-0.2605573,-3.5659,-0.197428,0.1556181,0.9678869,0.0,0.0,0.0,0.0,0.0,0.0,0.0,-1.156559,-0.05676386,3.632509,1.287614,-0.2589124,-3.579244,-0.04771566,-0.01781647,0.01181137,0.9986323,354.5556,357.8866,1.455773,0.3391652,-0.06890141,-0.9381997,0,0,0,1.137415,-0.04881017,-2.569847,-0.1099674,0.1157536,1.029609,0.9990861,0.02529068,0.03445702,-0.02189019,0.9951674,-0.09572165,-0.03671136,0.0948799,0.9948116,moving,-11.52894,9.133919,-6.096366,6.414536,-13.27937851100774,20.151337676259473
05/11/2023 12:33:45.613677,2687,True,True,True,True,Eyes,1.290619,-0.2604114,-3.566084,-0.1948304,0.1582978,0.9679788,0.0,0.0,0.0,0.0,0.0,0.0,0.0,-1.159114,-0.0697493,3.631756,1.28775,-0.2586442,-3.579505,-0.04940313,-0.01750915,0.01158167,0.9985583,354.3611,357.9204,1.431446,0.3391971,-0.06886596,-0.9381908,0,0,0,1.140689,-0.04662641,-2.569445,-0.1074966,0.1140071,1.030653,0.9991186,0.02485996,0.03382347,-0.02139994,0.9948504,-0.09906937,-0.03611215,0.09825823,0.9945055,moving,-11.38018,9.287615,-5.954387,6.312186,-13.124529526726768,20.307740216913132
05/11/2023 12:33:45.623350,2688,True,True,True,True,Eyes,1.290812,-0.2602642,-3.566272,-0.1924135,0.1609376,0.9680269,0.0,0.0,0.0,0.0,0.0,0.0,0.0,-1.161716,-0.0821158,3.630901,1.287807,-0.2584629,-3.579737,-0.0509657,-0.01718652,0.01119845,0.9984899,354.1806,357.9572,1.388977,0.3392287,-0.06882981,-0.9381821,0,0,0,1.144084,-0.04436249,-2.569029,-0.1049032,0.1126404,1.031665,0.9991584,0.02411492,0.03317966,-0.02061123,0.9945542,-0.1021624,-0.0354626,0.1013925,0.9942142,moving,-11.24209,9.43927,-5.806068,6.231048,-12.980491220183307,20.46200784505649
05/11/2023 12:33:45.643466,2689,True,True,True,True,Eyes,1.291002,-0.2601168,-3.566465,-0.190062,0.1635951,0.968046,0.0,0.0,0.0,0.0,0.0,0.0,0.0,-1.163654,-0.09350684,3.630311,1.28793,-0.2583109,-3.580014,-0.05241519,-0.01696006,0.01087784,0.9984221,354.0134,357.9828,1.353918,0.3392602,-0.06879298,-0.9381734,0,0,0,1.147623,-0.04200265,-2.568595,-0.10201,0.1116334,1.032751,0.9991881,0.02349928,0.03272627,-0.01994342,0.9942687,-0.1050339,-0.03500692,0.104296,0.99393,moving,-11.10792,9.59208,-5.641091,6.16933,-12.840361817206615,20.617417222036856
05/11/2023 12:33:45.663256,2690,True,True,True,True,Eyes,1.291195,-0.2599638,-3.566661,-0.1877663,0.1661703,0.9680554,0.0,0.0,0.0,0.0,0.0,0.0,0.0,-1.166448,-0.1055712,3.629413,1.288053,-0.2581828,-3.580313,-0.0539625,-0.01661568,0.0105526,0.998349,353.8348,358.022,1.317725,0.3392914,-0.06875554,-0.9381648,0,0,0,1.15077,-0.03990395,-2.56821,-0.09976034,0.1101996,1.033803,0.9992251,0.02286361,0.03203759,-0.01927711,0.9939534,-0.1080975,-0.03431537,0.1073961,0.993624,moving,-10.97692,9.74011,-5.511883,6.084543,-12.703581763016349,20.767972135819036
05/11/2023 12:33:45.673163,2691,True,True,True,True,Eyes,1.291387,-0.2598126,-3.566858,-0.1854909,0.168747,0.9680483,0.0,0.0,0.0,0.0,0.0,0.0,0.0,-1.1714,-0.1158818,3.627811,1.288281,-0.2579096,-3.580563,-0.05523812,-0.01598652,0.0101735,0.9982935,353.6869,358.0949,1.272822,0.3393225,-0.06871739,-0.9381564,0,0,0,1.154237,-0.03759211,-2.567785,-0.0978955,0.109387,1.034736,0.9992819,0.02207841,0.03079453,-0.01854616,0.9936905,-0.110613,-0.03304239,0.1099624,0.9933864,moving,-10.84715,9.888257,-5.404619,6.034602,-12.568036315265237,20.918637153833657
05/11/2023 12:33:45.693543,2692,True,True,True,True,Eyes,1.291582,-0.2596642,-3.567055,-0.1832148,0.1711853,0.9680537,0.0,0.0,0.0,0.0,0.0,0.0,0.0,-1.177941,-0.1259901,3.625622,1.288456,-0.2578196,-3.580776,-0.05652972,-0.01512887,0.009829002,0.998238,353.5369,358.194,1.230251,0.3393533,-0.06867865,-0.938148,0,0,0,1.157467,-0.03543807,-2.567389,-0.09667684,0.1085912,1.035581,0.999349,0.02133382,0.02909316,-0.0179129,0.9934155,-0.1131576,-0.03131569,0.1125628,0.993151,moving,-10.71709,10.0282,-5.333402,5.986169,-12.432469259111405,21.061008579092384
05/11/2023 12:33:45.713537,2693,True,True,True,True,Eyes,1.291777,-0.259519,-3.567256,-0.1809429,0.1735866,0.9680533,0.0,0.0,0.0,0.0,0.0,0.0,0.0,-1.185287,-0.1353094,3.623137,1.288631,-0.2577537,-3.580967,-0.05773162,-0.01415736,0.009521064,0.9981863,353.3973,358.3062,1.190696,0.3393841,-0.06863944,-0.9381397,0,0,0,1.160867,-0.03317134,-2.566972,-0.09550981,0.1081241,1.036404,0.9994178,0.02064225,0.02716403,-0.01737294,0.9931528,-0.1155234,-0.0293627,0.1149842,0.9929332,moving,-10.58723,10.16596,-5.265222,5.955907,-12.297175526128932,21.2011713166292
05/11/2023 12:33:45.733035,2694,True,True,True,True,Eyes,1.29197,-0.2593741,-3.567459,-0.1786073,0.1758385,0.9680807,0.0,0.0,0.0,0.0,0.0,0.0,0.0,-1.19295,-0.1415337,3.620723,1.288807,-0.2576894,-3.581253,-0.0584404,-0.01313971,0.009024385,0.9981637,353.3139,358.4257,1.127957,0.3394147,-0.0685999,-0.9381316,0,0,0,1.164378,-0.03082998,-2.566542,-0.09438352,0.1087004,1.037238,0.9994918,0.01955141,0.02517638,-0.01647985,0.9930066,-0.1169033,-0.02728594,0.116429,0.9928241,moving,-10.45331,10.29475,-5.199314,5.982642,-12.158089492557968,21.332291052247616
05/11/2023 12:33:45.743709,2695,True,True,True,True,Eyes,1.292167,-0.2592328,-3.567661,-0.176263,0.178057,0.968105,0.0,0.0,0.0,0.0,0.0,0.0,0.0,-1.201101,-0.147126,3.61811,1.289005,-0.2575442,-3.581501,-0.0590318,-0.01205701,0.008467711,0.9981475,353.244,358.5534,1.057493,0.3394451,-0.06856006,-0.9381235,0,0,0,1.167715,-0.02860435,-2.566133,-0.09361652,0.1093258,1.037969,0.9995658,0.01832754,0.02306962,-0.01548055,0.9928871,-0.1180491,-0.02506908,0.1176407,0.9927397,moving,-10.31882,10.42155,-5.153677,6.012604,-12.018495123605723,21.461402387305302
05/11/2023 12:33:45.763627,2696,True,True,True,True,Eyes,1.292372,-0.2590936,-3.567866,-0.1738346,0.1801301,0.9681605,0.0,0.0,0.0,0.0,0.0,0.0,0.0,-1.210244,-0.1529217,3.615063,1.289267,-0.2574915,-3.581655,-0.05968671,-0.01084415,0.007963162,0.9981266,353.1669,358.6958,0.9920669,0.3394755,-0.06852005,-0.9381154,0,0,0,1.171078,-0.0263619,-2.565721,-0.09314623,0.1099556,1.038626,0.999638,0.01719099,0.02069707,-0.01460198,0.9927482,-0.1193225,-0.02259825,0.1189771,0.9926398,moving,-10.17908,10.5396,-5.1247,6.043191,-11.873903016008564,21.581701109186433
05/11/2023 12:33:45.773101,2697,True,True,True,True,Eyes,1.292584,-0.2589612,-3.568068,-0.1713657,0.1821514,0.9682224,0.0,0.0,0.0,0.0,0.0,0.0,0.0,-1.220479,-0.1579568,3.611763,1.289609,-0.2573952,-3.5819,-0.06017229,-0.009491148,0.007286434,0.9981164,353.1091,358.8559,0.9054123,0.3395059,-0.06847993,-0.9381073,0,0,0,1.174446,-0.02411564,-2.565308,-0.09310083,0.1108576,1.039319,0.9997137,0.01568762,0.01806966,-0.01340321,0.9926524,-0.1202562,-0.01982342,0.1199796,0.9925784,moving,-10.03684,10.65451,-5.11882,6.088361,-11.7268971960622,21.698841469077152
05/11/2023 12:33:45.793015,2698,True,True,True,True,Eyes,1.292801,-0.2588338,-3.568264,-0.1687967,0.1840339,0.9683177,0.0,0.0,0.0,0.0,0.0,0.0,0.0,-1.232627,-0.1616414,3.6077,1.289931,-0.2574161,-3.582011,-0.06046702,-0.007868398,0.006529734,0.9981179,353.0731,359.0478,0.8072833,0.3395367,-0.06843989,-0.9380991,0,0,0,1.177663,-0.02197071,-2.564914,-0.09377925,0.1121855,1.039782,0.9997909,0.01398644,0.01491751,-0.01208333,0.9926022,-0.1208092,-0.01649684,0.1206037,0.9925637,moving,-9.888412,10.76103,-5.153637,6.15801,-11.573937319088735,21.807539486199826
05/11/2023 12:33:45.813659,2699,True,True,True,True,Eyes,1.293023,-0.2587108,-3.56846,-0.1661836,0.1858373,0.9684253,0.0,0.0,0.0,0.0,0.0,0.0,0.0,-1.245789,-0.1652086,3.603137,1.290182,-0.2573878,-3.582047,-0.06072044,-0.006093563,0.005712047,0.99812,353.0419,359.2578,0.7009004,0.3395678,-0.06840005,-0.9380907,0,0,0,1.181025,-0.01972898,-2.564502,-0.09458441,0.1136448,1.04016,0.9998605,0.01214262,0.01147054,-0.01066261,0.9925608,-0.1212822,-0.01285789,0.1211429,0.9925517,moving,-9.737226,10.8628,-5.195764,6.235235,-11.418357016962457,21.91145289990009
05/11/2023 12:33:45.833472,2700,True,True,True,True,Eyes,1.29327,-0.2585956,-3.568653,-0.1632749,0.1875421,0.9685914,0.0,0.0,0.0,0.0,0.0,0.0,0.0,-1.258711,-0.1657081,3.598905,1.290465,-0.2573578,-3.582233,-0.06057716,-0.004349977,0.004995037,0.9981415,353.0568,359.4638,0.6059765,0.3395994,-0.06836051,-0.9380822,0,0,0,1.184379,-0.01749241,-2.564091,-0.09533396,0.1159277,1.040613,0.9999123,0.01049853,0.008078615,-0.009444489,0.9926109,-0.1209726,-0.009288955,0.1208857,0.992623,moving,-9.568364,10.95821,-5.234443,6.356728,-11.245188714691274,22.00905321465847
05/11/2023 12:33:45.843240,2701,True,True,True,True,Eyes,1.293524,-0.2584867,-3.568842,-0.1603384,0.1891882,0.9687618,0.0,0.0,0.0,0.0,0.0,0.0,0.0,-1.272685,-0.1660798,3.594171,1.290859,-0.2574062,-3.582289,-0.0604077,-0.002474086,0.004215232,0.9981619,353.0749,359.6855,0.5029439,0.3396321,-0.06832144,-0.9380733,0,0,0,1.187902,-0.01514283,-2.563659,-0.09632845,0.118461,1.040955,0.9999523,0.008713874,0.004429812,-0.008116059,0.9926663,-0.1206142,-0.005448341,0.1205725,0.9926895,moving,-9.397752,11.05014,-5.287012,6.49235,-11.070373065836757,22.1031463736387
05/11/2023 12:33:45.863582,2702,True,True,True,True,Eyes,1.293774,-0.258389,-3.569025,-0.156825,0.1908451,0.9690119,0.0,0.0,0.0,0.0,0.0,0.0,0.0,-1.285346,-0.1680349,3.589811,1.291272,-0.2574337,-3.582378,-0.06043913,-0.0007822064,0.003412475,0.9981658,353.0703,359.8861,0.3986563,0.3396659,-0.06828296,-0.9380639,0,0,0,1.192586,-0.01201943,-2.563085,-0.09581779,0.1212888,1.041649,0.9999755,0.006906982,0.001149049,-0.006717879,0.9926709,-0.1206619,-0.001974037,0.1206512,0.992693,moving,-9.193045,11.1417,-5.255654,6.641564,-10.86124003458562,22.19709273404115
05/11/2023 12:33:45.873038,2703,True,True,True,True,Eyes,1.294036,-0.2583028,-3.569203,-0.1532521,0.1923959,0.9692769,0.0,0.0,0.0,0.0,0.0,0.0,0.0,-1.300417,-0.1674544,3.584666,1.291885,-0.2575648,-3.582408,-0.06002875,0.001217272,0.002306512,0.9981933,353.1168,0.1242668,0.2573113,0.3397006,-0.06824531,-0.938054,0,0,0,1.194452,-0.01077512,-2.562856,-0.09909111,0.1232934,1.041568,0.9999865,0.004458546,-0.00270706,-0.004750832,0.9927825,-0.119835,0.002153232,0.1198462,0.9927901,moving,-8.984643,11.22695,-5.434564,6.750856,-10.648594545897458,22.284683334653806
05/11/2023 12:33:45.893065,2704,True,True,True,True,Eyes,1.294297,-0.2582231,-3.569375,-0.149276,0.1939679,0.969584,0.0,0.0,0.0,0.0,0.0,0.0,0.0,-1.317695,-0.1656582,3.57867,1.292416,-0.2577218,-3.58244,-0.05940649,0.003537527,0.001067757,0.9982271,353.1881,0.4002116,0.09875446,0.3397365,-0.06820872,-0.9380437,0,0,0,1.197738,-0.008583505,-2.562454,-0.1015818,0.1266558,1.041655,0.9999727,0.001711423,-0.007189371,-0.00255203,0.9929395,-0.1185948,0.006935645,0.1186099,0.9929168,moving,-8.752467,11.31283,-5.569846,6.932612,-10.41199072634423,22.373069477472406
05/11/2023 12:33:45.913365,2705,True,True,True,True,Eyes,1.294572,-0.2581463,-3.569541,-0.1452267,0.1954641,0.9698984,0.0,0.0,0.0,0.0,0.0,0.0,0.0,-1.336816,-0.1600408,3.572042,1.292977,-0.2577491,-3.58245,-0.05832306,0.006118048,7.642937e-05,0.9982791,353.313,0.7041672,359.9676,0.3397735,-0.06817325,-0.9380329,0,0,0,1.201094,-0.006345981,-2.562042,-0.1044904,0.1309515,1.041543,0.9999252,-0.0005610509,-0.01222395,-0.000866242,0.9931968,-0.1164444,0.01220612,0.1164463,0.993122,moving,-8.515855,11.39422,-5.728899,7.166105,-10.171068367778508,22.456945105614768
05/11/2023 12:33:45.923637,2706,True,True,True,True,Eyes,1.294832,-0.258072,-3.569706,-0.1409051,0.1970059,0.9702239,0.0,0.0,0.0,0.0,0.0,0.0,0.0,-1.357409,-0.1602346,3.564461,1.293532,-0.2577226,-3.582453,-0.05808121,0.008911196,-0.0008048361,0.9982718,353.3417,1.031754,359.8476,0.3398118,-0.06813888,-0.9380215,0,0,0,1.204528,-0.004056175,-2.561622,-0.1077273,0.1335119,1.041602,0.9998399,-0.002642036,-0.0176981,0.0005717444,0.9932519,-0.115976,0.01788508,0.1159473,0.9930944,moving,-8.263265,11.47797,-5.904805,7.304311,-9.913980298354154,22.543313596350437
05/11/2023 12:33:45.943219,2707,True,True,True,True,Eyes,1.295106,-0.2579895,-3.569868,-0.136485,0.1985227,0.9705465,0.0,0.0,0.0,0.0,0.0,0.0,0.0,-1.37947,-0.1610445,3.556312,1.294201,-0.2576856,-3.582579,-0.05792452,0.0119008,-0.001675595,0.9982487,353.3614,1.381863,359.7275,0.339851,-0.06810557,-0.9380097,0,0,0,1.208003,-0.001738325,-2.561196,-0.1114509,0.135899,1.041765,0.9997111,-0.004724017,-0.0235658,0.001966625,0.9932839,-0.115686,0.02395403,0.1156062,0.9930062,moving,-8.004836,11.56023,-6.106436,7.432307,-9.65106216336648,22.6282143958664
05/11/2023 12:33:45.963428,2708,True,True,True,True,Eyes,1.295369,-0.257908,-3.570021,-0.1319304,0.2002257,0.9708264,0.0,0.0,0.0,0.0,0.0,0.0,0.0,-1.403395,-0.1663027,3.546925,1.294748,-0.2573982,-3.582629,-0.0583181,0.01517747,-0.002649013,0.9981792,353.3189,1.766016,359.5928,0.3398914,-0.068073,-0.9379975,0,0,0,1.211128,0.0003452358,-2.560813,-0.1160444,0.1366466,1.041822,0.9995253,-0.007058621,-0.02999069,0.003518136,0.993184,-0.1165042,0.03060864,0.1163434,0.9927373,moving,-7.738799,11.65343,-6.355745,7.472324,-9.380123124908007,22.724227971902977
05/11/2023 12:33:45.983454,2709,True,True,True,True,Eyes,1.29564,-0.2578295,-3.570165,-0.1272957,0.2019125,0.9710959,0.0,0.0,0.0,0.0,0.0,0.0,0.0,-1.42702,-0.1765969,3.537097,1.295259,-0.2574016,-3.582551,-0.05951613,0.0184313,-0.003459957,0.9980513,353.1845,2.147224,359.4749,0.3399326,-0.06804114,-0.9379848,0,0,0,1.214775,0.002777546,-2.560366,-0.1199806,0.1363842,1.042132,0.9992966,-0.009100346,-0.0363789,0.004712509,0.9928917,-0.1189278,0.0372026,0.1186727,0.9922363,moving,-7.468015,11.74572,-6.567548,7.455948,-9.104434418352575,22.819353046440575
05/11/2023 12:33:45.994736,2710,True,True,True,True,Eyes,1.295899,-0.2577657,-3.570306,-0.1226953,0.2036231,0.9713308,0.0,0.0,0.0,0.0,0.0,0.0,0.0,-1.450067,-0.1825726,3.527456,1.295689,-0.2573922,-3.582445,-0.06013227,0.0216244,-0.004198215,0.9979473,353.1174,2.520788,359.3663,0.3399747,-0.06801,-0.9379718,0,0,0,1.217848,0.004826693,-2.559989,-0.1242569,0.1369651,1.04213,0.9990295,-0.01097984,-0.04265512,0.005778546,0.9927329,-0.1201992,0.04366491,0.1198361,0.991833,moving,-7.199286,11.83965,-6.799481,7.48736,-8.830760799393168,22.916122715557428
05/11/2023 12:33:46.013344,2711,True,True,True,True,Eyes,1.296167,-0.2577059,-3.570444,-0.1180638,0.2052739,0.9715573,0.0,0.0,0.0,0.0,0.0,0.0,0.0,-1.471427,-0.1828821,3.51879,1.29599,-0.2576445,-3.582521,-0.06021151,0.02460669,-0.00433937,0.9978729,353.1106,2.865538,359.3292,0.3400176,-0.06797992,-0.9379584,0,0,0,1.221302,0.00713004,-2.559566,-0.127373,0.1392755,1.042353,0.9987514,-0.01162349,-0.04858614,0.005697069,0.9927115,-0.1203804,0.04963126,0.1199533,0.9915382,moving,-6.928622,11.93019,-6.966869,7.610582,-8.555250594819569,23.009477466455785
05/11/2023 12:33:46.026536,2712,True,True,True,True,Eyes,1.296432,-0.2576497,-3.570586,-0.1135577,0.2068786,0.971754,0.0,0.0,0.0,0.0,0.0,0.0,0.0,-1.491144,-0.1829489,3.510669,1.296417,-0.2576831,-3.582553,-0.06032345,0.02734761,-0.004223402,0.9977953,353.0992,3.180755,359.3232,0.3400612,-0.0679509,-0.9379447,0,0,0,1.224895,0.009525773,-2.559126,-0.1298776,0.1414504,1.042613,0.9984685,-0.01172758,-0.05406509,0.005128776,0.9926865,-0.1206119,0.05508417,0.1201499,0.9912264,moving,-6.66527,12.01839,-7.100716,7.726094,-8.2871798190453,23.10041735865625
05/11/2023 12:33:46.053511,2713,True,True,True,True,Eyes,1.296711,-0.257599,-3.570723,-0.1090009,0.2084471,0.9719406,0.0,0.0,0.0,0.0,0.0,0.0,0.0,-1.51067,-0.1828587,3.502712,1.296852,-0.2577209,-3.58278,-0.06036296,0.03006318,-0.004228475,0.9977148,353.0966,3.493841,359.3036,0.3401056,-0.06792291,-0.9379307,0,0,0,1.22817,0.01170949,-2.558724,-0.1327163,0.1435192,1.042971,0.9981567,-0.01206703,-0.05947848,0.004808218,0.9926769,-0.1207043,0.06049946,0.1201958,0.990905,moving,-6.398851,12.10457,-7.251822,7.835048,-8.016087517031028,23.189335164416047
05/11/2023 12:33:46.063227,2714,True,True,True,True,Eyes,1.297,-0.2575547,-3.570864,-0.1048742,0.2101945,0.9720184,0.0,0.0,0.0,0.0,0.0,0.0,0.0,-1.532167,-0.1839542,3.493499,1.297413,-0.2578125,-3.582759,-0.06072438,0.03305472,-0.003889207,0.9975996,353.0559,3.836751,359.3204,0.3401508,-0.06789599,-0.9379162,0,0,0,1.231391,0.01385779,-2.558329,-0.1361517,0.1450307,1.043096,0.9977845,-0.0117742,-0.06547841,0.003745288,0.9925949,-0.1214143,0.06642309,0.1209001,0.9904399,moving,-6.158008,12.20207,-7.436578,7.915584,-7.770374096597031,23.289528730952334
05/11/2023 12:33:46.083330,2715,True,True,True,True,Eyes,1.297295,-0.2575041,-3.571005,-0.1007098,0.2118916,0.9720902,0.0,0.0,0.0,0.0,0.0,0.0,0.0,-1.552435,-0.1847428,3.484848,1.297776,-0.2579424,-3.582959,-0.06093812,0.03590085,-0.003815294,0.9974885,353.0331,4.164633,359.3081,0.3401971,-0.06787019,-0.9379013,0,0,0,1.235577,0.01664907,-2.557817,-0.1382733,0.1474353,1.043709,0.9973931,-0.01198688,-0.07115638,0.003235962,0.9925439,-0.1218441,0.07208636,0.1212962,0.9899954,moving,-5.914813,12.29672,-7.546747,8.040452,-7.522386424269314,23.38685618403342
05/11/2023 12:33:46.103075,2716,True,True,True,True,Eyes,1.297576,-0.2574598,-3.571147,-0.09696539,0.2137077,0.9720734,0.0,0.0,0.0,0.0,0.0,0.0,0.0,-1.570676,-0.186495,3.476789,1.298157,-0.2577418,-3.583046,-0.06118265,0.03846095,-0.003880529,0.9973777,353.0071,4.460602,359.2815,0.3402444,-0.06784524,-0.9378859,0,0,0,1.238108,0.01833701,-2.557506,-0.1414979,0.1483539,1.043804,0.9970114,-0.01244699,-0.07624534,0.003034421,0.9924832,-0.1223429,0.07719502,0.1217459,0.9895549,moving,-5.696473,12.39907,-7.719948,8.089167,-7.299170980665631,23.491803819347005
05/11/2023 12:33:46.113485,2717,True,True,True,True,Eyes,1.297859,-0.2574156,-3.57129,-0.09321044,0.2154685,0.972052,0.0,0.0,0.0,0.0,0.0,0.0,0.0,-1.5838,-0.1898392,3.470942,1.298362,-0.2578192,-3.583251,-0.06164089,0.0403146,-0.00402895,0.9972758,352.9566,4.676022,359.2491,0.3402923,-0.06782122,-0.9378702,0,0,0,1.241693,0.02072781,-2.557067,-0.1421105,0.1497489,1.044622,0.996717,-0.013006,-0.07991283,0.003065894,0.9923683,-0.1232708,0.08090623,0.1226211,0.9891503,moving,-5.477367,12.4983,-7.746966,8.157901,-7.075287095638457,23.59360175430843
05/11/2023 12:33:46.133451,2718,True,True,True,True,Eyes,1.298154,-0.2573733,-3.571437,-0.08990771,0.217296,0.9719563,0.0,0.0,0.0,0.0,0.0,0.0,0.0,-1.596634,-0.191218,3.465216,1.298633,-0.2578414,-3.583378,-0.061844,0.04212037,-0.004104484,0.9971882,352.9351,4.885118,359.2266,0.3403409,-0.06779804,-0.9378543,0,0,0,1.24571,0.02340655,-2.556575,-0.1422344,0.1519285,1.045425,0.9964181,-0.01339567,-0.08349619,0.002976102,0.992317,-0.123686,0.08451155,0.1229945,0.9888024,moving,-5.284924,12.60214,-7.747758,8.268737,-6.878097718537838,23.699883343630738
05/11/2023 12:33:46.143646,2719,True,True,True,True,Eyes,1.298442,-0.2573385,-3.571578,-0.08666799,0.2190391,0.9718593,0.0,0.0,0.0,0.0,0.0,0.0,0.0,-1.606084,-0.1923647,3.460998,1.298796,-0.2578611,-3.583525,-0.06199089,0.04345611,-0.004211356,0.9971214,352.9198,5.040166,359.204,0.3403902,-0.06777565,-0.937838,0,0,0,1.248123,0.02501561,-2.556279,-0.1428664,0.1531708,1.045921,0.9961877,-0.01378623,-0.08613991,0.003010701,0.9922788,-0.1239909,0.08718416,0.1232589,0.9885374,moving,-5.096014,12.70119,-7.77812,8.331504,-6.684623517277284,23.80129793788032
05/11/2023 12:33:46.163296,2720,True,True,True,True,Eyes,1.298722,-0.2573104,-3.571723,-0.08385894,0.2207302,0.9717232,0.0,0.0,0.0,0.0,0.0,0.0,0.0,-1.612801,-0.1900348,3.458076,1.298899,-0.25801,-3.583548,-0.06188832,0.04441193,-0.00375918,0.9970874,352.93,5.147073,359.2498,0.3404401,-0.06775418,-0.9378215,0,0,0,1.251531,0.02728794,-2.555861,-0.1414259,0.1558334,1.046658,0.9960269,-0.01299362,-0.08809986,0.001999304,0.9923114,-0.12375,0.08903045,0.1230822,0.9883949,moving,-4.93236,12.79776,-7.695275,8.468366,-6.516660815345228,23.900036469485386
05/11/2023 12:33:46.173097,2721,True,True,True,True,Eyes,1.298996,-0.2572898,-3.571869,-0.08115878,0.2222879,0.9715973,0.0,0.0,0.0,0.0,0.0,0.0,0.0,-1.615592,-0.1852457,3.45726,1.298914,-0.2581639,-3.583751,-0.06145127,0.04481214,-0.003240296,0.9970984,352.9777,5.188971,359.309,0.3404903,-0.06773371,-0.9378048,0,0,0,1.254945,0.02956461,-2.555443,-0.1387197,0.1591938,1.047642,0.9959628,-0.01196931,-0.08896596,0.0009542622,0.9924265,-0.1228363,0.08976245,0.1222555,0.9884313,moving,-4.774906,12.88669,-7.542737,8.640251,-6.355192568554881,23.991008428255917
05/11/2023 12:33:46.193253,2722,True,True,True,True,Eyes,1.299304,-0.257261,-3.572024,-0.07881761,0.2238179,0.9714388,0.0,0.0,0.0,0.0,0.0,0.0,0.0,-1.616571,-0.1781244,3.457424,1.299055,-0.2583136,-3.583928,-0.06066288,0.04493282,-0.002758339,0.9971427,353.0657,5.198487,359.3678,0.3405407,-0.06771435,-0.9377878,0,0,0,1.25817,0.0317152,-2.555048,-0.1357482,0.1631597,1.048491,0.9959469,-0.01095242,-0.08927421,4.940788e-05,0.9926248,-0.1212269,0.08994353,0.1207312,0.9886021,moving,-4.638529,12.97444,-7.37705,8.845073,-6.214985223873453,24.08064669116615
05/11/2023 12:33:46.213308,2723,True,True,True,True,Eyes,1.299612,-0.2572302,-3.572172,-0.07651557,0.2253244,0.9712746,0.0,0.0,0.0,0.0,0.0,0.0,0.0,-1.619107,-0.1711484,3.456964,1.299346,-0.2580824,-3.584201,-0.05977867,0.04525508,-0.00243616,0.9971824,353.1656,5.232323,359.4074,0.3405919,-0.06769572,-0.9377706,0,0,0,1.261682,0.0340568,-2.554617,-0.1331353,0.1670941,1.049362,0.9958921,-0.01026917,-0.08996386,-0.000551986,0.9928411,-0.119441,0.09054638,0.119,0.988757,moving,-4.504374,13.06092,-7.230636,9.04748,-6.07705702332847,24.168985970327256
05/11/2023 12:33:46.233492,2724,True,True,True,True,Eyes,1.299953,-0.2572032,-3.572327,-0.07445564,0.2269197,0.9710633,0.0,0.0,0.0,0.0,0.0,0.0,0.0,-1.624605,-0.1738111,3.454312,1.299635,-0.2580168,-3.584159,-0.06029223,0.04601204,-0.002126381,0.9971175,353.1055,5.318118,359.4351,0.3406439,-0.06767772,-0.937753,0,0,0,1.265027,0.03628772,-2.554207,-0.1315848,0.1681677,1.050247,0.9957567,-0.00978884,-0.09150242,-0.001307833,0.9927206,-0.1204325,0.09201523,0.1200412,0.9884955,moving,-4.384538,13.15295,-7.141342,9.097097,-5.9533634223704865,24.262841694702544
05/11/2023 12:33:46.243329,2725,True,True,True,True,Eyes,1.300284,-0.2571789,-3.572481,-0.07240465,0.2284405,0.9708617,0.0,0.0,0.0,0.0,0.0,0.0,0.0,-1.630896,-0.1769403,3.451485,1.29984,-0.2580938,-3.584366,-0.06072314,0.04688829,-0.002221936,0.9970503,353.0571,5.420383,359.4156,0.3406973,-0.06766035,-0.9377348,0,0,0,1.268268,0.03844904,-2.55381,-0.130514,0.1693902,1.05131,0.9955931,-0.01012517,-0.09323011,-0.001263644,0.9926155,-0.1212964,0.0937698,0.1208797,0.9882283,moving,-4.265093,13.24065,-7.076726,9.152998,-5.830206219349032,24.352316505268764
05/11/2023 12:33:46.263675,2726,True,True,True,True,Eyes,1.30065,-0.2571562,-3.57264,-0.07056374,0.2299787,0.9706341,0.0,0.0,0.0,0.0,0.0,0.0,0.0,-1.637213,-0.1762564,3.448687,1.29994,-0.2581291,-3.584481,-0.06057917,0.04778377,-0.002392089,0.9970163,353.0751,5.524679,359.3905,0.3407517,-0.06764363,-0.9377163,0,0,0,1.271971,0.04091817,-2.553356,-0.1289479,0.1720852,1.05223,0.9954219,-0.0105593,-0.09499255,-0.001019497,0.992649,-0.1210254,0.09557219,0.1205682,0.9880937,moving,-4.158008,13.32966,-6.986606,9.288116,-5.719450879415191,24.443033519990784
05/11/2023 12:33:46.273108,2727,True,True,True,True,Eyes,1.301007,-0.2571347,-3.572799,-0.06874642,0.2314596,0.9704124,0.0,0.0,0.0,0.0,0.0,0.0,0.0,-1.641989,-0.174897,3.446592,1.299928,-0.2581448,-3.584587,-0.06040748,0.04847465,-0.002380751,0.9969932,353.0952,5.604074,359.388,0.3408079,-0.0676275,-0.9376971,0,0,0,1.275074,0.04298783,-2.552976,-0.1273463,0.1744617,1.053027,0.9952891,-0.01060365,-0.09637016,-0.001109277,0.9926905,-0.1206825,0.09694542,0.1202209,0.9880023,moving,-4.052205,13.41535,-6.895499,9.407107,-5.610095780077028,24.530384948008713
05/11/2023 12:33:46.293187,2728,True,True,True,True,Eyes,1.301407,-0.257114,-3.572964,-0.06702732,0.2329496,0.9701762,0.0,0.0,0.0,0.0,0.0,0.0,0.0,-1.646188,-0.1757905,3.444738,1.30004,-0.2581474,-3.584733,-0.06045172,0.04906217,-0.002605248,0.9969613,353.0917,5.673462,359.3578,0.3408655,-0.06761194,-0.9376773,0,0,0,1.278342,0.04516662,-2.552575,-0.1256158,0.1764329,1.053998,0.9951723,-0.01112645,-0.09751118,-0.0007371213,0.9926776,-0.1207917,0.09814115,0.1202804,0.987877,moving,-3.952158,13.50172,-6.796467,9.50286,-5.506513871174365,24.618385584042688
05/11/2023 12:33:46.313672,2729,True,True,True,True,Eyes,1.3018,-0.2570892,-3.573126,-0.06529456,0.2344248,0.9699389,0.0,0.0,0.0,0.0,0.0,0.0,0.0,-1.651523,-0.1752866,3.44243,1.30025,-0.2581601,-3.584868,-0.06026136,0.04979929,-0.002928323,0.9969355,353.1159,5.760468,359.3167,0.3409251,-0.06759688,-0.9376566,0,0,0,1.281785,0.04746243,-2.552154,-0.1241689,0.1790152,1.054884,0.9950229,-0.01184064,-0.09894041,-0.0001632486,0.99272,-0.120445,0.09964627,0.1198617,0.9877772,moving,-3.851239,13.58727,-6.71331,9.631411,-5.402080988328416,24.705562885986943
05/11/2023 12:33:46.323361,2730,True,True,True,True,Eyes,1.302223,-0.2570695,-3.573295,-0.06353771,0.2360051,0.9696724,0.0,0.0,0.0,0.0,0.0,0.0,0.0,-1.658572,-0.1800854,3.438924,1.300456,-0.2580399,-3.584929,-0.06081776,0.05078921,-0.003234353,0.9968507,353.0546,5.877584,359.2712,0.3409866,-0.06758217,-0.9376354,0,0,0,1.28515,0.04970653,-2.551741,-0.1233251,0.1798433,1.055872,0.99482,-0.0126261,-0.1008651,0.0002705625,0.9925815,-0.121581,0.1016519,0.1209239,0.9874433,moving,-3.748942,13.67905,-6.661922,9.666238,-5.296055296833094,24.799048879569416
05/11/2023 12:33:46.343679,2731,True,True,True,True,Eyes,1.302632,-0.257052,-3.573463,-0.06175121,0.2375487,0.9694108,0.0,0.0,0.0,0.0,0.0,0.0,0.0,-1.667042,-0.1853815,3.43478,1.300571,-0.2581141,-3.585109,-0.06141858,0.05199698,-0.003673888,0.9967502,352.9892,6.020916,359.2085,0.3410503,-0.06756788,-0.9376132,0,0,0,1.288587,0.05199834,-2.55132,-0.1228633,0.1807833,1.057003,0.9945657,-0.01371106,-0.1032047,0.0009367372,0.9924285,-0.12282,0.1041073,0.1220559,0.9870481,moving,-3.644802,13.7687,-6.63016,9.705611,-5.188244125705555,24.89039339846724
05/11/2023 12:33:46.363178,2732,True,True,True,True,Eyes,1.303049,-0.2570331,-3.573631,-0.05990856,0.2391559,0.9691313,0.0,0.0,0.0,0.0,0.0,0.0,0.0,-1.67533,-0.1885905,3.430717,1.30064,-0.2581436,-3.585222,-0.06173349,0.05318716,-0.004074744,0.9966663,352.9565,6.161584,359.1519,0.3411157,-0.06755404,-0.9375905,0,0,0,1.291965,0.05425121,-2.550906,-0.122352,0.1822634,1.057963,0.9943091,-0.01468918,-0.1055166,0.001555461,0.9923448,-0.1234888,0.1065228,0.1226219,0.9867202,moving,-3.537339,13.86212,-6.596874,9.774832,-5.07696284064234,24.98557213282502
05/11/2023 12:33:46.373135,2733,True,True,True,True,Eyes,1.303453,-0.2570117,-3.573798,-0.05805619,0.2407402,0.9688517,0.0,0.0,0.0,0.0,0.0,0.0,0.0,-1.682608,-0.1920301,3.427024,1.300607,-0.2580993,-3.585295,-0.06216203,0.05424938,-0.004253989,0.9965816,352.9095,6.286153,359.121,0.3411828,-0.06754056,-0.937567,0,0,0,1.295389,0.05653464,-2.550486,-0.121321,0.1834923,1.058992,0.9940778,-0.0152234,-0.107599,0.00173439,0.9922356,-0.1243606,0.1086567,0.1234375,0.9863858,moving,-3.429216,13.95424,-6.535465,9.830081,-4.965059860020388,25.079440764550746
05/11/2023 12:33:46.393275,2734,True,True,True,True,Eyes,1.303865,-0.2569917,-3.573966,-0.05613386,0.24232,0.9685711,0.0,0.0,0.0,0.0,0.0,0.0,0.0,-1.689707,-0.1963241,3.42343,1.300708,-0.2580211,-3.585402,-0.06268416,0.05526716,-0.004483854,0.996492,352.852,6.406164,359.0838,0.3412512,-0.06752735,-0.937543,0,0,0,1.298662,0.0587168,-2.550085,-0.1205134,0.1843782,1.060043,0.9938509,-0.015865,-0.1095844,0.002007498,0.9921012,-0.1254241,0.1107087,0.1244329,0.9860325,moving,-3.316885,14.04611,-6.485958,9.867012,-4.848928167441381,25.17308466414392
05/11/2023 12:33:46.413330,2735,True,True,True,True,Eyes,1.304267,-0.2569724,-3.574129,-0.05416078,0.2438996,0.9682869,0.0,0.0,0.0,0.0,0.0,0.0,0.0,-1.699374,-0.2011139,3.418548,1.300943,-0.2580305,-3.585492,-0.06324142,0.05664047,-0.004844824,0.9963779,352.7917,6.568295,359.0287,0.3413209,-0.0675144,-0.9375185,0,0,0,1.302027,0.06096073,-2.549673,-0.1205673,0.1853201,1.061037,0.9935368,-0.0168186,-0.1122578,0.002490503,0.9919541,-0.1265735,0.1134834,0.1254759,0.9855847,moving,-3.201483,14.138,-6.482803,9.907311,-4.729703686932991,25.266769262831662
05/11/2023 12:33:46.423801,2736,True,True,True,True,Eyes,1.304684,-0.2569503,-3.574292,-0.05164791,0.2456376,0.9679849,0.0,0.0,0.0,0.0,0.0,0.0,0.0,-1.710332,-0.2072728,3.412795,1.301105,-0.2580338,-3.585514,-0.06403669,0.05821796,-0.005115876,0.9962348,352.704,6.753897,358.9805,0.3413916,-0.06750174,-0.9374937,0,0,0,1.305412,0.06321844,-2.549258,-0.1209161,0.1857781,1.062033,0.993169,-0.0176494,-0.1153423,0.002737056,0.9917462,-0.1281868,0.1166527,0.1269955,0.9850199,moving,-3.054184,14.23892,-6.495352,9.922178,-4.578065141971946,25.369797277002835
05/11/2023 12:33:46.443268,2737,True,True,True,True,Eyes,1.305088,-0.2569302,-3.574452,-0.04909366,0.2473278,0.9676873,0.0,0.0,0.0,0.0,0.0,0.0,0.0,-1.722091,-0.2114923,3.406644,1.301113,-0.2579459,-3.585543,-0.06457075,0.05993656,-0.005330564,0.9960973,352.6461,6.954998,358.9393,0.3414635,-0.06748924,-0.9374684,0,0,0,1.308789,0.06546991,-2.548844,-0.1213918,0.1867018,1.062925,0.9927584,-0.01835982,-0.1187169,0.002879224,0.9916044,-0.1292765,0.1200937,0.1279985,0.9844764,moving,-2.904296,14.3371,-6.515266,9.962333,-4.4239100891628755,25.470071985115872
05/11/2023 12:33:46.463323,2738,True,True,True,True,Eyes,1.305467,-0.2569076,-3.574613,-0.0460642,0.2491883,0.9673589,0.0,0.0,0.0,0.0,0.0,0.0,0.0,-1.734549,-0.2131839,3.400241,1.301189,-0.2579778,-3.58554,-0.06485383,0.06175021,-0.005338826,0.9959681,352.6156,7.165131,358.9228,0.3415362,-0.06747697,-0.9374428,0,0,0,1.312035,0.06763468,-2.548446,-0.1221554,0.1882228,1.063652,0.9923168,-0.01864408,-0.12231,0.002625124,0.991531,-0.129844,0.123695,0.1285253,0.9839618,moving,-2.726281,14.44516,-6.551447,10.03512,-4.241108895621133,25.5805244550046
05/11/2023 12:33:46.484361,2739,True,True,True,True,Eyes,1.30584,-0.2568841,-3.574772,-0.04301473,0.2509882,0.967034,0.0,0.0,0.0,0.0,0.0,0.0,0.0,-1.745861,-0.2144752,3.394583,1.301203,-0.257919,-3.585745,-0.06509101,0.06340432,-0.005276164,0.995849,352.5898,7.356259,358.9159,0.3416091,-0.06746483,-0.9374171,0,0,0,1.315565,0.06998859,-2.548014,-0.1222413,0.1899156,1.064709,0.9919041,-0.01876262,-0.1255954,0.002254423,0.9914707,-0.1303107,0.1269691,0.1289726,0.9834861,moving,-2.5469,14.54976,-6.549558,10.11367,-4.057046338293906,25.687487431911805
05/11/2023 12:33:46.493443,2740,True,True,True,True,Eyes,1.306209,-0.25686,-3.574934,-0.03970404,0.2528917,0.9666796,0.0,0.0,0.0,0.0,0.0,0.0,0.0,-1.758433,-0.2154031,3.388155,1.301413,-0.2578776,-3.585792,-0.06527767,0.06522014,-0.005232915,0.9957197,352.57,7.566146,358.9058,0.341682,-0.0674528,-0.9373914,0,0,0,1.318778,0.0721312,-2.54762,-0.1231631,0.191544,1.065434,0.9914379,-0.01893587,-0.1291988,0.001906197,0.9914229,-0.1306791,0.1305651,0.1293139,0.9829704,moving,-2.351964,14.66052,-6.594064,10.19177,-3.857118740269382,25.80078284501385
05/11/2023 12:33:46.513794,2741,True,True,True,True,Eyes,1.306571,-0.256837,-3.575097,-0.03634811,0.2547463,0.9663245,0.0,0.0,0.0,0.0,0.0,0.0,0.0,-1.773078,-0.2172202,3.380675,1.30161,-0.2578586,-3.585984,-0.06559867,0.06734408,-0.005192316,0.9955575,352.5353,7.811994,358.892,0.3417548,-0.06744086,-0.9373657,0,0,0,1.322375,0.07453009,-2.547179,-0.1243826,0.193132,1.066423,0.9908757,-0.01917386,-0.1334086,0.001503133,0.9913397,-0.1313138,0.134771,0.1299151,0.9823232,moving,-2.154154,14.76853,-6.652655,10.26516,-3.6543880031491005,25.911316740739238
05/11/2023 12:33:46.533137,2742,True,True,True,True,Eyes,1.306924,-0.2568134,-3.575258,-0.032855,0.2566764,0.9659389,0.0,0.0,0.0,0.0,0.0,0.0,0.0,-1.788847,-0.2190675,3.372417,1.301787,-0.2578672,-3.586087,-0.06595495,0.06964277,-0.005106287,0.9953762,352.4964,8.077845,358.8816,0.3418273,-0.06742902,-0.9373401,0,0,0,1.325501,0.07661458,-2.546796,-0.1263791,0.1943795,1.067151,0.9902477,-0.01935193,-0.137968,0.0009787823,0.9912478,-0.1320112,0.1393151,0.1305888,0.9815997,moving,-1.948081,14.88116,-6.753891,10.32314,-3.443185150188178,26.026577272357223
05/11/2023 12:33:46.543339,2743,True,True,True,True,Eyes,1.30727,-0.2567902,-3.575421,-0.02932261,0.2585649,0.9655487,0.0,0.0,0.0,0.0,0.0,0.0,0.0,-1.805027,-0.220646,3.363813,1.301927,-0.2578465,-3.58616,-0.06621648,0.07201298,-0.005145916,0.99519,352.4695,8.352775,358.8568,0.3418995,-0.06741727,-0.9373146,0,0,0,1.329021,0.07896195,-2.546365,-0.128179,0.1960446,1.067935,0.9895753,-0.01977921,-0.1426517,0.0007054371,0.9911779,-0.1325371,0.1440146,0.1310548,0.980859,moving,-1.739473,14.99152,-6.844188,10.40217,-3.229504670679134,26.13955938133477
05/11/2023 12:33:46.563599,2744,True,True,True,True,Eyes,1.307596,-0.256768,-3.575585,-0.02573497,0.2604474,0.965145,0.0,0.0,0.0,0.0,0.0,0.0,0.0,-1.820835,-0.2232788,3.355307,1.302077,-0.2578394,-3.586292,-0.06668445,0.07433204,-0.00506274,0.9949887,352.4178,8.621418,358.8446,0.341971,-0.06740561,-0.9372894,0,0,0,1.332377,0.08119996,-2.545953,-0.1299964,0.1971751,1.068828,0.9888982,-0.01998832,-0.1472438,0.0001611575,0.9910551,-0.1334532,0.1485943,0.1319479,0.9800559,moving,-1.527393,15.10173,-6.934554,10.45229,-3.0123332471701447,26.252412966512203
05/11/2023 12:33:46.573145,2745,True,True,True,True,Eyes,1.307915,-0.2567479,-3.575748,-0.02212123,0.262269,0.9647412,0.0,0.0,0.0,0.0,0.0,0.0,0.0,-1.836672,-0.2246419,3.346795,1.302168,-0.2578687,-3.586464,-0.06700595,0.07666744,-0.004914988,0.9947906,352.3824,8.891204,358.8407,0.3420416,-0.06739407,-0.9372644,0,0,0,1.335659,0.08338845,-2.545551,-0.1318391,0.1986072,1.069697,0.9881959,-0.02005311,-0.1518774,-0.00049558,0.990972,-0.1340674,0.1531947,0.1325601,0.9792646,moving,-1.313545,15.20855,-7.026215,10.51816,-2.7934933870227776,26.36185051999452
05/11/2023 12:33:46.593195,2746,True,True,True,True,Eyes,1.308212,-0.2567291,-3.575908,-0.01856635,0.2640145,0.96434,0.0,0.0,0.0,0.0,0.0,0.0,0.0,-1.851661,-0.2251066,3.338625,1.302274,-0.2578985,-3.586545,-0.06720337,0.07888146,-0.004757359,0.9946049,352.361,9.146647,358.84,0.3421111,-0.0673827,-0.9372399,0,0,0,1.339103,0.08568519,-2.545129,-0.1332694,0.2004229,1.070525,0.9875101,-0.02006558,-0.1562723,-0.001138814,0.9909222,-0.1344321,0.1575512,0.132931,0.9785228,moving,-1.102974,15.3111,-7.096227,10.60411,-2.578093803289721,26.466948586569778
05/11/2023 12:33:46.613647,2747,True,True,True,True,Eyes,1.308495,-0.2567113,-3.576068,-0.01503431,0.2656787,0.9639444,0.0,0.0,0.0,0.0,0.0,0.0,0.0,-1.864562,-0.2239979,3.331568,1.302233,-0.257928,-3.58661,-0.06715807,0.08080944,-0.004623469,0.9944538,352.3672,9.368633,358.8409,0.3421792,-0.06737153,-0.9372158,0,0,0,1.342413,0.08789218,-2.544723,-0.1340873,0.2026747,1.071297,0.9868969,-0.02004966,-0.1601015,-0.001658357,0.9909369,-0.1343184,0.1613435,0.1328239,0.9779192,moving,-0.89355,15.40907,-7.134241,10.71296,-2.364000058326291,26.56740790961067
05/11/2023 12:33:46.623314,2748,True,True,True,True,Eyes,1.308756,-0.256691,-3.576225,-0.01161027,0.2672848,0.9635476,0.0,0.0,0.0,0.0,0.0,0.0,0.0,-1.875139,-0.222063,3.325894,1.302186,-0.2579361,-3.586754,-0.06702968,0.08239232,-0.004383183,0.9943336,352.3814,9.549696,358.8575,0.3422458,-0.06736058,-0.9371923,0,0,0,1.345689,0.0900769,-2.544322,-0.1341578,0.2050622,1.072204,0.9863846,-0.01976215,-0.1632633,-0.002328769,0.9909756,-0.134022,0.1644385,0.1325774,0.977437,moving,-0.6903523,15.50383,-7.131975,10.82724,-2.156281245838968,26.664579906898663
05/11/2023 12:33:46.644725,2749,True,True,True,True,Eyes,1.309013,-0.2566645,-3.576382,-0.008221984,0.2688555,0.9631454,0.0,0.0,0.0,0.0,0.0,0.0,0.0,-1.884559,-0.2210378,3.320793,1.302283,-0.2578809,-3.586871,-0.06703649,0.08378492,-0.004105595,0.994218,352.3796,9.708799,358.8787,0.3423104,-0.06734978,-0.9371694,0,0,0,1.349211,0.09242528,-2.54389,-0.1337149,0.2072572,1.073262,0.9859264,-0.01939701,-0.1660505,-0.003069582,0.9909785,-0.1339858,0.1671514,0.1326098,0.9769724,moving,-0.4890991,15.59672,-7.101742,10.92983,-1.9505819430173978,26.75984807689177
05/11/2023 12:33:46.663349,2750,True,True,True,True,Eyes,1.309253,-0.256633,-3.576538,-0.005028212,0.2704654,0.9627166,0.0,0.0,0.0,0.0,0.0,0.0,0.0,-1.894085,-0.2223022,3.315443,1.302392,-0.2577177,-3.58699,-0.06743559,0.08519556,-0.003661861,0.9940729,352.3311,9.869703,358.9147,0.3423731,-0.06733895,-0.9371473,0,0,0,1.35246,0.09459185,-2.543492,-0.1335069,0.2083303,1.074379,0.9854566,-0.01877074,-0.1688873,-0.004210111,0.990878,-0.1346957,0.1698751,0.1334478,0.9763883,moving,-0.2992498,15.69217,-7.083504,10.9739,-1.7562806278174117,26.857628771244134
05/11/2023 12:33:46.673291,2751,True,True,True,True,Eyes,1.30948,-0.2566069,-3.576694,-0.001897097,0.2720539,0.9622802,0.0,0.0,0.0,0.0,0.0,0.0,0.0,-1.903086,-0.2246182,3.310229,1.302356,-0.2576087,-3.587104,-0.0680899,0.08655155,-0.003011431,0.9939134,352.2512,10.02331,358.9723,0.3424339,-0.06732798,-0.9371259,0,0,0,1.355839,0.09684528,-2.543078,-0.1328146,0.2089966,1.075718,0.9849995,-0.01777277,-0.1716394,-0.005800367,0.9907094,-0.1358722,0.1724595,0.1348296,0.9757452,moving,-0.1129562,15.78655,-7.038461,10.99477,-1.5655947411509947,26.954303820630926
05/11/2023 12:33:46.693509,2752,True,True,True,True,Eyes,1.309707,-0.2565811,-3.576854,0.0009085536,0.2737787,0.9617923,0.0,0.0,0.0,0.0,0.0,0.0,0.0,-1.910387,-0.2264354,3.30604,1.302307,-0.257633,-3.587252,-0.06863653,0.08765353,-0.002467147,0.9937806,352.1843,10.14804,359.0205,0.3424925,-0.06731704,-0.9371052,0,0,0,1.359144,0.09904915,-2.542673,-0.1317072,0.2099595,1.077111,0.9846215,-0.01693607,-0.1738781,-0.007128862,0.9905659,-0.1368518,0.1745554,0.1359868,0.9752118,moving,0.05412423,15.88925,-6.971416,11.03026,-1.3939800029697507,27.059263586201244
05/11/2023 12:33:46.713290,2753,True,True,True,True,Eyes,1.309924,-0.2565547,-3.577011,0.00363158,0.2754321,0.9613136,0.0,0.0,0.0,0.0,0.0,0.0,0.0,-1.914904,-0.2253339,3.303634,1.302203,-0.2577434,-3.587404,-0.06877939,0.08834473,-0.001889188,0.9937108,352.1628,10.22394,359.08,0.3425492,-0.06730612,-0.9370853,0,0,0,1.362367,0.1011987,-2.542278,-0.1297145,0.2118273,1.078449,0.9843833,-0.01590721,-0.1753183,-0.00839798,0.9905316,-0.1370274,0.1758381,0.1363598,0.9749292,moving,0.2164468,15.98787,-6.858521,11.11249,-1.2272903276539373,27.160066110892075
05/11/2023 12:33:46.733205,2754,True,True,True,True,Eyes,1.310145,-0.2565221,-3.577168,0.006096375,0.2772141,0.9607888,0.0,0.0,0.0,0.0,0.0,0.0,0.0,-1.918339,-0.2234964,3.301845,1.302178,-0.2577183,-3.587488,-0.06878354,0.08886383,-0.001333147,0.9936651,352.157,10.27975,359.1397,0.3426039,-0.0672952,-0.9370661,0,0,0,1.365775,0.1034714,-2.54186,-0.1272472,0.2139812,1.079751,0.9842029,-0.01487414,-0.1764184,-0.009575335,0.9905341,-0.1369326,0.1767852,0.1364587,0.9747441,moving,0.363547,16.09431,-6.721231,11.20944,-1.075670022704308,27.2686743823709
05/11/2023 12:33:46.743391,2755,True,True,True,True,Eyes,1.310356,-0.2564894,-3.577326,0.008384347,0.2790494,0.9602402,0.0,0.0,0.0,0.0,0.0,0.0,0.0,-1.920827,-0.2254079,3.300325,1.30218,-0.2575668,-3.58755,-0.06918042,0.08923755,-0.001048588,0.9936044,352.109,10.32173,359.1653,0.3426569,-0.06728414,-0.9370475,0,0,0,1.369037,0.1056462,-2.541461,-0.1248045,0.2150414,1.081147,0.9840711,-0.01443074,-0.1771885,-0.01026322,0.9904259,-0.1376631,0.1774787,0.1372888,0.9745015,moving,0.500266,16.20406,-6.584913,11.24938,-0.9343932506589145,27.380560364316345
05/11/2023 12:33:46.763356,2756,True,True,True,True,Eyes,1.310557,-0.2564524,-3.577487,0.01059697,0.2808408,0.9596958,0.0,0.0,0.0,0.0,0.0,0.0,0.0,-1.922345,-0.2274714,3.299465,1.302103,-0.2575707,-3.58773,-0.06955476,0.08947311,-0.0008931429,0.9935573,352.0648,10.34865,359.1773,0.3427082,-0.06727294,-0.9370296,0,0,0,1.372399,0.1078885,-2.541048,-0.1219897,0.2163398,1.082756,0.9839876,-0.01422134,-0.1776691,-0.01067178,0.9903226,-0.1383731,0.1779176,0.1380534,0.9743134,moving,0.6326345,16.31134,-6.428175,11.29918,-0.7975783165427408,27.48991978311855
05/11/2023 12:33:46.783361,2757,True,True,True,True,Eyes,1.310747,-0.2564125,-3.577639,0.0127377,0.2826233,0.9591464,0.0,0.0,0.0,0.0,0.0,0.0,0.0,-1.922826,-0.2306535,3.299148,1.302057,-0.2574168,-3.587927,-0.06996977,0.08954777,-0.0009368536,0.9935212,352.0178,10.3586,359.1673,0.3427577,-0.06726151,-0.9370123,0,0,0,1.376387,0.1105478,-2.54056,-0.1183844,0.2177736,1.084648,0.9839606,-0.01439284,-0.1778041,-0.0106697,0.9902067,-0.1392007,0.1780663,0.1388651,0.9741708,moving,0.7608576,16.4182,-6.228915,11.35279,-0.6649511455001009,27.598826876715034
05/11/2023 12:33:46.793164,2758,True,True,True,True,Eyes,1.310944,-0.2563769,-3.577794,0.01473974,0.2844232,0.9585856,0.0,0.0,0.0,0.0,0.0,0.0,0.0,-1.923997,-0.2369883,3.297936,1.301973,-0.2573166,-3.587891,-0.07080436,0.08973867,-0.001090553,0.9934447,351.9241,10.3839,359.1392,0.3428054,-0.06724982,-0.9369957,0,0,0,1.379112,0.1123648,-2.540226,-0.1162397,0.2175697,1.085988,0.9838916,-0.01487459,-0.1781464,-0.01054097,0.9899711,-0.1408762,0.1784552,0.1404847,0.9738674,moving,0.880942,16.52622,-6.109448,11.32881,-0.540480438290162,27.708852646643493
05/11/2023 12:33:46.813012,2759,True,True,True,True,Eyes,1.31113,-0.2563468,-3.577943,0.01664038,0.2861819,0.9580308,0.0,0.0,0.0,0.0,0.0,0.0,0.0,-1.923663,-0.2404076,3.297971,1.301875,-0.2574002,-3.588001,-0.07141054,0.08970013,-0.0008661623,0.9934052,351.8524,10.37904,359.1589,0.3428515,-0.067238,-0.9369797,0,0,0,1.382645,0.1147207,-2.539793,-0.1126171,0.2185474,1.087793,0.9839063,-0.01453197,-0.1780934,-0.01109017,0.9897996,-0.1420346,0.1783409,0.1417238,0.9737088,moving,0.9950906,16.63188,-5.910662,11.36,-0.42206415065173264,27.816452510595468
05/11/2023 12:33:46.833221,2760,True,True,True,True,Eyes,1.311311,-0.2563137,-3.578093,0.01845223,0.2879035,0.9574816,0.0,0.0,0.0,0.0,0.0,0.0,0.0,-1.922193,-0.2426731,3.298661,1.301795,-0.2575164,-3.588021,-0.07184426,0.08948991,-0.000656362,0.9933931,351.8004,10.35397,359.1801,0.3428962,-0.06722621,-0.9369643,0,0,0,1.386371,0.1172059,-2.539336,-0.1084399,0.2200648,1.089551,0.9839823,-0.01416272,-0.177703,-0.01155462,0.9896759,-0.1428566,0.1778916,0.1426217,0.9736599,moving,1.104046,16.73542,-5.683764,11.41883,-0.3089466635242446,27.921874097388365
05/11/2023 12:33:46.845354,2761,True,True,True,True,Eyes,1.311485,-0.2562762,-3.578238,0.02017957,0.289571,0.9569438,0.0,0.0,0.0,0.0,0.0,0.0,0.0,-1.920151,-0.2440594,3.299897,1.301797,-0.2574151,-3.588165,-0.07193627,0.08917902,-0.0008288201,0.9934142,351.7914,10.31955,359.1619,0.3429393,-0.06721438,-0.9369493,0,0,0,1.38947,0.1192722,-2.538956,-0.1049524,0.2216946,1.090988,0.9840928,-0.01447713,-0.1770642,-0.01118369,0.989649,-0.1430728,0.1773026,0.1427772,0.9737446,moving,1.208047,16.8358,-5.49491,11.48641,-0.2009218101840995,28.024067396668386
05/11/2023 12:33:46.863502,2762,True,True,True,True,Eyes,1.311644,-0.2562347,-3.578378,0.02189214,0.2912479,0.9563971,0.0,0.0,0.0,0.0,0.0,0.0,0.0,-1.918883,-0.2461781,3.300508,1.301786,-0.2572737,-3.588207,-0.07214767,0.08898955,-0.0009725336,0.9934157,351.7686,10.29926,359.1447,0.3429809,-0.06720242,-0.936935,0,0,0,1.392631,0.1213801,-2.538569,-0.101624,0.2230777,1.092374,0.9841598,-0.01477304,-0.1766669,-0.01090852,0.9895875,-0.1435183,0.1769475,0.1431721,0.9737512,moving,1.311284,16.93686,-5.314952,11.54189,-0.09364380184664833,28.126943188247896
05/11/2023 12:33:46.873050,2763,True,True,True,True,Eyes,1.311794,-0.2561923,-3.578514,0.0235528,0.2928859,0.9558573,0.0,0.0,0.0,0.0,0.0,0.0,0.0,-1.917012,-0.2531028,3.301076,1.3017,-0.2571507,-3.588252,-0.07295252,0.08872185,-0.001330346,0.9933804,351.6799,10.2731,359.0973,0.3430208,-0.06719024,-0.9369213,0,0,0,1.395879,0.1235458,-2.538171,-0.09813115,0.223227,1.09408,0.9842533,-0.01558804,-0.176075,-0.01030188,0.9893523,-0.1451752,0.1764632,0.1447031,0.9736127,moving,1.411511,17.03568,-5.125309,11.53188,0.010529671651521522,28.227533920451542
05/11/2023 12:33:46.893269,2764,True,True,True,True,Eyes,1.31194,-0.2561525,-3.578645,0.02543469,0.2945417,0.9553,0.0,0.0,0.0,0.0,0.0,0.0,0.0,-1.91756,-0.2573373,3.300461,1.301656,-0.2570794,-3.5883,-0.07332663,0.08881196,-0.001821289,0.9933441,351.6422,10.28855,359.0362,0.3430591,-0.06717787,-0.9369082,0,0,0,1.399244,0.1257902,-2.537758,-0.09540274,0.2244521,1.095569,0.9842182,-0.0166429,-0.1761746,-0.009406229,0.9892398,-0.1460006,0.1767088,0.1453536,0.9734713,moving,1.52513,17.13577,-4.976795,11.57812,0.12822913994407958,28.329498112655532
05/11/2023 12:33:46.913524,2765,True,True,True,True,Eyes,1.312076,-0.2561188,-3.578776,0.02726796,0.2961409,0.9547549,0.0,0.0,0.0,0.0,0.0,0.0,0.0,-1.919837,-0.2603489,3.2989,1.301705,-0.2571165,-3.58828,-0.07370448,0.0891495,-0.001978833,0.9932855,351.601,10.32996,359.0112,0.3430958,-0.06716539,-0.9368957,0,0,0,1.402631,0.1280487,-2.537343,-0.09307019,0.2257998,1.096977,0.9840969,-0.01707252,-0.1768101,-0.009210343,0.9891275,-0.146772,0.1773935,0.1460664,0.97324,moving,1.635932,17.23257,-4.849498,11.63121,0.2429837954333549,28.42811681819416
05/11/2023 12:33:46.923522,2766,True,True,True,True,Eyes,1.312176,-0.2560821,-3.578902,0.02951696,0.2977651,0.9541827,0.0,0.0,0.0,0.0,0.0,0.0,0.0,-1.922307,-0.2607413,3.297536,1.301597,-0.2572339,-3.588407,-0.07384905,0.08953325,-0.001846714,0.9932406,351.5834,10.37373,359.0215,0.343131,-0.06715298,-0.9368837,0,0,0,1.406124,0.130378,-2.536915,-0.09042451,0.2277813,1.098519,0.9839608,-0.01689235,-0.1775833,-0.009555426,0.9890859,-0.1470304,0.1781288,0.146369,0.9730603,moving,1.771839,17.33121,-4.70569,11.71445,0.3830768182841977,28.52876343954494
05/11/2023 12:33:46.943452,2767,True,True,True,True,Eyes,1.312274,-0.2560455,-3.579026,0.03170609,0.2993403,0.9536195,0.0,0.0,0.0,0.0,0.0,0.0,0.0,-1.92537,-0.2590485,3.296066,1.301624,-0.257163,-3.588572,-0.07372042,0.08998489,-0.001601415,0.9932097,351.596,10.42373,359.0473,0.3431638,-0.06714059,-0.9368725,0,0,0,1.409551,0.1326629,-2.536495,-0.08804128,0.2301292,1.099894,0.9838004,-0.01644853,-0.1785116,-0.01008637,0.9891254,-0.1467279,0.1789838,0.1461515,0.972936,moving,1.904278,17.42703,-4.576497,11.81744,0.5195850396153112,28.626535477135793
05/11/2023 12:33:46.964301,2768,True,True,True,True,Eyes,1.31235,-0.2560053,-3.579146,0.03424084,0.3009397,0.9530282,0.0,0.0,0.0,0.0,0.0,0.0,0.0,-1.928441,-0.2598775,3.294286,1.301669,-0.2571375,-3.588633,-0.07395114,0.09043892,-0.001385255,0.9931515,351.5678,10.47517,359.0658,0.3431947,-0.06712823,-0.9368621,0,0,0,1.412811,0.1348367,-2.536096,-0.08585927,0.2316344,1.101274,0.9836378,-0.01612766,-0.1794342,-0.01062459,0.9890586,-0.14714,0.179844,0.1466388,0.9727041,moving,2.057664,17.52466,-4.457969,11.87806,0.6772440321363971,28.72627737228179
05/11/2023 12:33:46.973209,2769,True,True,True,True,Eyes,1.312429,-0.2559596,-3.57927,0.03674374,0.3024986,0.9524413,0.0,0.0,0.0,0.0,0.0,0.0,0.0,-1.93288,-0.2621717,3.291679,1.301805,-0.2570481,-3.588752,-0.0742942,0.09108544,-0.00137382,0.993067,351.5291,10.55094,359.0579,0.3432232,-0.06711581,-0.9368526,0,0,0,1.416286,0.1371542,-2.53567,-0.08412567,0.2329576,1.102786,0.9834031,-0.01626283,-0.1807037,-0.01080565,0.9889569,-0.1478085,0.181112,0.1473079,0.9723676,moving,2.209289,17.62003,-4.36234,11.92806,0.8330554238979779,28.823722312664174
05/11/2023 12:33:46.993525,2770,True,True,True,True,Eyes,1.312502,-0.2559089,-3.579388,0.03947489,0.3041258,0.9518136,0.0,0.0,0.0,0.0,0.0,0.0,0.0,-1.938757,-0.2649179,3.288245,1.301914,-0.2568673,-3.588949,-0.07461911,0.09195235,-0.001525304,0.9929624,351.4943,10.65364,359.0294,0.3432497,-0.06710318,-0.9368438,0,0,0,1.419572,0.1393456,-2.535267,-0.08314274,0.2341021,1.104246,0.9830849,-0.01675194,-0.1823828,-0.01069367,0.9888594,-0.1484685,0.1828381,0.1479075,0.9719535,moving,2.374887,17.71985,-4.305888,11.96959,1.0030826139935933,28.925760063933257
05/11/2023 12:33:47.014396,2771,True,True,True,True,Eyes,1.312576,-0.2558561,-3.579507,0.04221381,0.3057647,0.9511708,0.0,0.0,0.0,0.0,0.0,0.0,0.0,-1.947309,-0.2710465,3.282814,1.302173,-0.2567263,-3.588981,-0.07543181,0.09320781,-0.001727174,0.9927836,351.4048,10.80319,358.9864,0.3432743,-0.06709027,-0.9368357,0,0,0,1.423054,0.1416676,-2.53484,-0.08300409,0.2343494,1.105772,0.9826186,-0.01749109,-0.1848098,-0.01063224,0.9886141,-0.1500969,0.1853309,0.1494529,0.9712446,moving,2.54117,17.82059,-4.29282,11.9658,1.1738298382459886,29.028732646258707
05/11/2023 12:33:47.032946,2772,True,True,True,True,Eyes,1.312631,-0.2558038,-3.579621,0.04513426,0.3074744,0.9504853,0.0,0.0,0.0,0.0,0.0,0.0,0.0,-1.957309,-0.2783309,3.276381,1.302263,-0.2566336,-3.589074,-0.07645118,0.09470832,-0.001875705,0.9925634,351.2914,10.98144,358.9447,0.3432971,-0.06707703,-0.9368283,0,0,0,1.426296,0.1438292,-2.534443,-0.08345971,0.2340134,1.107372,0.9820536,-0.01820464,-0.1877212,-0.01075761,0.9883034,-0.1521206,0.1882948,0.15141,0.9703711,moving,2.718676,17.92598,-4.310082,11.93237,1.3560305321571535,29.136481935039136
05/11/2023 12:33:47.043641,2773,True,True,True,True,Eyes,1.312684,-0.255755,-3.579736,0.04803375,0.3091672,0.9497939,0.0,0.0,0.0,0.0,0.0,0.0,0.0,-1.967632,-0.2836615,3.269849,1.302359,-0.2566237,-3.589144,-0.07733118,0.09625743,-0.001754145,0.9923464,351.191,11.16273,358.9349,0.343318,-0.06706353,-0.9368216,0,0,0,1.429637,0.1460575,-2.534034,-0.08376133,0.2341176,1.108956,0.9814629,-0.01836884,-0.1907701,-0.01140596,0.9880337,-0.1538163,0.1913127,0.1531409,0.9695088,moving,2.895142,18.03058,-4.319445,11.92097,1.5371580340082933,29.24342547611176
05/11/2023 12:33:47.063460,2774,True,True,True,True,Eyes,1.312719,-0.2557028,-3.579849,0.05102678,0.3108386,0.949092,0.0,0.0,0.0,0.0,0.0,0.0,0.0,-1.976214,-0.2876493,3.264456,1.302343,-0.2566708,-3.589271,-0.07802211,0.09755885,-0.001620619,0.9921656,351.1119,11.31471,358.9306,0.3433371,-0.06704988,-0.9368156,0,0,0,1.433096,0.1483637,-2.53361,-0.08330269,0.234758,1.110639,0.9809593,-0.01843934,-0.1933361,-0.01200765,0.9878199,-0.1551379,0.1938419,0.1545055,0.9687896,moving,3.077475,18.13422,-4.2894,11.93505,1.7241612617661715,29.34943742549778
05/11/2023 12:33:47.082930,2775,True,True,True,True,Eyes,1.312761,-0.2556538,-3.579966,0.05400701,0.3124745,0.9483896,0.0,0.0,0.0,0.0,0.0,0.0,0.0,-1.984309,-0.2904088,3.259531,1.302483,-0.2565551,-3.58944,-0.07836569,0.09876585,-0.001787127,0.9920186,351.0758,11.45743,358.8965,0.3433542,-0.06703604,-0.9368103,0,0,0,1.436451,0.1506011,-2.533199,-0.08307306,0.2359562,1.112112,0.9804842,-0.01902543,-0.195675,-0.01193398,0.9877113,-0.1558335,0.1962352,0.1551274,0.9682083,moving,3.259246,18.23597,-4.271973,11.97878,1.9105363324307172,29.453534542315722
05/11/2023 12:33:47.093667,2776,True,True,True,True,Eyes,1.312806,-0.2555957,-3.580085,0.05702167,0.3140577,0.94769,0.0,0.0,0.0,0.0,0.0,0.0,0.0,-1.99385,-0.2928436,3.253742,1.302694,-0.256589,-3.589594,-0.07879438,0.1001822,-0.001739498,0.9918427,351.0278,11.62289,358.884,0.3433696,-0.06702209,-0.9368057,0,0,0,1.439862,0.1528759,-2.53278,-0.08319484,0.2371342,1.113632,0.979921,-0.01923821,-0.1984559,-0.01233698,0.9875768,-0.1566518,0.1990042,0.1559547,0.9675099,moving,3.443285,18.33483,-4.272394,12.02089,2.0990997587439875,29.554724539354133
05/11/2023 12:33:47.113704,2777,True,True,True,True,Eyes,1.31286,-0.2555335,-3.580204,0.06004878,0.3156758,0.9469651,0.0,0.0,0.0,0.0,0.0,0.0,0.0,-2.004186,-0.2955611,3.247471,1.302955,-0.2563249,-3.589818,-0.07922483,0.1017135,-0.001692145,0.9916527,350.9798,11.80178,358.8703,0.3433835,-0.06700779,-0.9368016,0,0,0,1.443128,0.1550537,-2.53238,-0.08377095,0.2379075,1.115095,0.9793031,-0.01947251,-0.2014608,-0.01276043,0.9874411,-0.1574713,0.201997,0.1567828,0.9667556,moving,3.628372,18.43608,-4.296245,12.04358,2.288797164839611,29.65833818753085
05/11/2023 12:33:47.123349,2778,True,True,True,True,Eyes,1.31291,-0.255484,-3.580319,0.06310721,0.3172929,0.9462255,0.0,0.0,0.0,0.0,0.0,0.0,0.0,-2.015996,-0.3041751,3.239491,1.303195,-0.2561836,-3.589864,-0.08052626,0.1034838,-0.001680355,0.9913647,350.8329,12.01155,358.8393,0.3433963,-0.06699308,-0.9367979,0,0,0,1.446552,0.157337,-2.531961,-0.08475792,0.2369691,1.116858,0.9785766,-0.01999801,-0.2049097,-0.01333463,0.9870254,-0.1600095,0.2054509,0.159314,0.9656132,moving,3.815612,18.53758,-4.339838,11.97907,2.4806706232606457,29.762218979964917
05/11/2023 12:33:47.143254,2779,True,True,True,True,Eyes,1.312962,-0.2554303,-3.580437,0.06618454,0.3188341,0.9454969,0.0,0.0,0.0,0.0,0.0,0.0,0.0,-2.02713,-0.3157759,3.231597,1.303408,-0.256472,-3.589922,-0.08227912,0.1051591,-0.00175776,0.9910442,350.6355,12.21279,358.7927,0.343408,-0.06697834,-0.9367947,0,0,0,1.449973,0.1596186,-2.531541,-0.08562438,0.2354319,1.118938,0.9778769,-0.02078883,-0.2081454,-0.01382076,0.9864541,-0.1634542,0.2087239,0.1627148,0.9643434,moving,4.004159,18.63479,-4.375911,11.88209,2.6737186844630134,29.861770626299165
05/11/2023 12:33:47.163651,2780,True,True,True,True,Eyes,1.31302,-0.2553805,-3.580554,0.06947575,0.3203904,0.9447344,0.0,0.0,0.0,0.0,0.0,0.0,0.0,-2.038113,-0.3166253,3.224781,1.303471,-0.2562988,-3.590075,-0.08216582,0.1068367,-0.002318346,0.9908731,350.6575,12.41291,358.7137,0.3434189,-0.06696344,-0.9367918,0,0,0,1.453129,0.161723,-2.531155,-0.08681394,0.2374826,1.120053,0.9771611,-0.02215101,-0.2113421,-0.01296227,0.9864869,-0.1633271,0.2121041,0.1623364,0.9636694,moving,4.205959,18.73348,-4.432065,11.97102,2.88015970529106,29.962907148672173
05/11/2023 12:33:47.183583,2781,True,True,True,True,Eyes,1.313088,-0.2553258,-3.58068,0.07278558,0.3219352,0.9439597,0.0,0.0,0.0,0.0,0.0,0.0,0.0,-2.050035,-0.317438,3.217335,1.303736,-0.2563537,-3.590154,-0.08232129,0.1086272,-0.002395605,0.9906653,350.643,12.62262,358.6857,0.343429,-0.06694851,-0.9367892,0,0,0,1.456628,0.1640562,-2.530726,-0.08783117,0.2393482,1.121386,0.9763888,-0.02263114,-0.214832,-0.01313818,0.9864349,-0.1636261,0.2156208,0.1625852,0.9628466,moving,4.409162,18.83182,-4.478477,12.0484,3.0880018436178958,30.06369912087511
05/11/2023 12:33:47.193725,2782,True,True,True,True,Eyes,1.313163,-0.2552689,-3.58081,0.07625122,0.3235834,0.9431223,0.0,0.0,0.0,0.0,0.0,0.0,0.0,-2.063118,-0.3219716,3.208942,1.303997,-0.256184,-3.590458,-0.08300556,0.1105959,-0.002438799,0.9903903,350.568,12.85467,358.6529,0.3434386,-0.0669334,-0.9367867,0,0,0,1.459925,0.1662551,-2.530322,-0.08949554,0.2396283,1.123043,0.9755252,-0.02319088,-0.2186614,-0.01352943,0.9862083,-0.1649552,0.2194711,0.1638763,0.9617573,moving,4.622297,18.93699,-4.556283,12.04481,3.306069417679864,30.171463512506662
05/11/2023 12:33:47.213592,2783,True,True,True,True,Eyes,1.313239,-0.2552221,-3.580942,0.07972614,0.325207,0.942276,0.0,0.0,0.0,0.0,0.0,0.0,0.0,-2.07688,-0.3266102,3.199882,1.304226,-0.2560996,-3.590648,-0.08376952,0.1126814,-0.002394559,0.9900908,350.4831,13.09994,358.6277,0.3434479,-0.06691806,-0.9367844,0,0,0,1.463423,0.1685877,-2.529893,-0.09113881,0.2399423,1.124734,0.9745944,-0.02362019,-0.2227284,-0.01413687,0.9859539,-0.1664185,0.2235308,0.1653392,0.9605711,moving,4.836287,19.04105,-4.632638,12.04253,3.5249612909249732,30.278111221371695
05/11/2023 12:33:47.223933,2784,True,True,True,True,Eyes,1.313307,-0.2551756,-3.581078,0.08328491,0.3268584,0.9413964,0.0,0.0,0.0,0.0,0.0,0.0,0.0,-2.089984,-0.3290541,3.191273,1.304319,-0.2563034,-3.590765,-0.08432434,0.1146886,-0.002210759,0.9898137,350.42,13.33415,358.6217,0.343457,-0.06690278,-0.9367821,0,0,0,1.466706,0.1707769,-2.529491,-0.09257278,0.2408748,1.126268,0.9736832,-0.02371856,-0.2266678,-0.0149656,0.985769,-0.1674379,0.2274135,0.1664236,0.9594719,moving,5.055769,19.1473,-4.698821,12.07197,3.749455127508144,30.387009980593653
05/11/2023 12:33:47.243242,2785,True,True,True,True,Eyes,1.313377,-0.2551344,-3.581222,0.08681671,0.3283985,0.940541,0.0,0.0,0.0,0.0,0.0,0.0,0.0,-2.101604,-0.3299073,3.183891,1.304425,-0.2562785,-3.591036,-0.08446614,0.1164666,-0.002300007,0.9895939,350.4076,13.54282,358.5921,0.3434656,-0.06688755,-0.93678,0,0,0,1.470021,0.172987,-2.529084,-0.09367535,0.2425315,1.127757,0.9728605,-0.02422711,-0.2301207,-0.01512282,0.9857204,-0.1677101,0.2308978,0.1666386,0.958602,moving,5.273747,19.24711,-4.748285,12.13698,3.972222367385551,30.48938686524492
05/11/2023 12:33:47.263187,2786,True,True,True,True,Eyes,1.313482,-0.2550912,-3.581381,0.09029502,0.3299054,0.9396857,0.0,0.0,0.0,0.0,0.0,0.0,0.0,-2.111216,-0.326006,3.178319,1.304516,-0.2563512,-3.591343,-0.08390406,0.1179337,-0.002406944,0.9894676,350.4753,13.71279,358.5734,0.3434738,-0.06687249,-0.9367781,0,0,0,1.473348,0.1752058,-2.528677,-0.09404179,0.2458896,1.129026,0.9721717,-0.02455341,-0.2329792,-0.01502705,0.9859086,-0.1666084,0.2337871,0.1654729,0.9581035,moving,5.488738,19.34518,-4.76144,12.28654,4.191924709628845,30.589984422026617
05/11/2023 12:33:47.273094,2787,True,True,True,True,Eyes,1.313593,-0.2550428,-3.58155,0.09375697,0.3313826,0.9388264,0.0,0.0,0.0,0.0,0.0,0.0,0.0,-2.121456,-0.325192,3.172008,1.304716,-0.2562368,-3.591659,-0.08377334,0.1194866,-0.002506543,0.9892921,350.4938,13.89431,358.5487,0.3434823,-0.06685749,-0.9367761,0,0,0,1.476709,0.1774471,-2.528265,-0.09470814,0.2481036,1.130463,0.9714334,-0.02497899,-0.2359943,-0.01506017,0.9859515,-0.1663516,0.2368342,0.1651536,0.9574099,moving,5.703,19.44178,-4.788955,12.3785,4.410844588131902,30.689090718412313
05/11/2023 12:33:47.293459,2788,True,True,True,True,Eyes,1.31371,-0.2549875,-3.581724,0.0972008,0.3328387,0.9379608,0.0,0.0,0.0,0.0,0.0,0.0,0.0,-2.132144,-0.327972,3.165017,1.304939,-0.2560645,-3.592005,-0.08420538,0.1211088,-0.002522013,0.9890581,350.4471,14.08534,358.5249,0.3434911,-0.06684239,-0.936774,0,0,0,1.480011,0.1796488,-2.52786,-0.09560955,0.2489289,1.132163,0.9706526,-0.02538486,-0.2391426,-0.0154072,0.9858062,-0.1671789,0.2399921,0.1659571,0.9564842,moving,5.916438,19.53741,-4.827092,12.40032,4.628902828248714,30.787210699140385
05/11/2023 12:33:47.314007,2789,True,True,True,True,Eyes,1.313826,-0.2549395,-3.581901,0.1006227,0.3343137,0.937075,0.0,0.0,0.0,0.0,0.0,0.0,0.0,-2.143325,-0.3328576,3.157283,1.305119,-0.2558555,-3.592252,-0.08493812,0.1228236,-0.002556834,0.9887838,350.3666,14.28862,358.4934,0.3435003,-0.06682701,-0.9367717,0,0,0,1.483485,0.1819657,-2.527434,-0.09653959,0.2491513,1.133994,0.9698157,-0.02592112,-0.2424575,-0.01580849,0.985558,-0.1685989,0.2433262,0.1673428,0.9553998,moving,6.128909,19.63452,-4.865992,12.39164,4.846036193044391,30.886820743705577
05/11/2023 12:33:47.333048,2790,True,True,True,True,Eyes,1.313939,-0.2548919,-3.582079,0.1039659,0.3357872,0.9361827,0.0,0.0,0.0,0.0,0.0,0.0,0.0,-2.153402,-0.3393549,3.149986,1.305171,-0.2559945,-3.592452,-0.08598606,0.1243891,-0.002528714,0.9884977,350.2491,14.47529,358.4656,0.3435098,-0.06681155,-0.9367694,0,0,0,1.486865,0.18422,-2.52702,-0.09709163,0.2489337,1.136025,0.9690419,-0.02639071,-0.2454817,-0.01639219,0.9852,-0.1706231,0.2463514,0.1693649,0.9542676,moving,6.336901,19.73174,-4.884978,12.3597,5.058663367267707,30.986512151621223
05/11/2023 12:33:47.343600,2791,True,True,True,True,Eyes,1.31405,-0.2548456,-3.582258,0.1072804,0.3372194,0.9352935,0.0,0.0,0.0,0.0,0.0,0.0,0.0,-2.163762,-0.3433929,3.142714,1.305316,-0.2559665,-3.592641,-0.08653808,0.125991,-0.002724019,0.988246,350.1915,14.66651,358.4188,0.3435194,-0.06679604,-0.9367669,0,0,0,1.49026,0.1864837,-2.526604,-0.09792243,0.249711,1.137742,0.9682377,-0.02719003,-0.2485486,-0.01642203,0.9850075,-0.1717282,0.2494916,0.1703554,0.9532748,moving,6.543366,19.82673,-4.919174,12.37897,5.2696795394114595,31.083938499663248
05/11/2023 12:33:47.363460,2792,True,True,True,True,Eyes,1.314164,-0.2548003,-3.582445,0.1104437,0.3386089,0.934423,0.0,0.0,0.0,0.0,0.0,0.0,0.0,-2.173017,-0.3442405,3.136462,1.305361,-0.2559543,-3.592828,-0.08679085,0.1274289,-0.002580357,0.9880399,350.1629,14.83413,358.417,0.3435292,-0.06678052,-0.9367645,0,0,0,1.493629,0.1887299,-2.526191,-0.09806475,0.2511388,1.139392,0.9675104,-0.02721831,-0.2513617,-0.01702033,0.9849213,-0.1721633,0.2522575,0.170848,0.9524584,moving,6.740774,19.91911,-4.919187,12.43008,5.47149037835059,31.178665341973986
05/11/2023 12:33:47.373525,2793,True,True,True,True,Eyes,1.314276,-0.2547594,-3.582642,0.1135733,0.3399718,0.9335526,0.0,0.0,0.0,0.0,0.0,0.0,0.0,-2.181667,-0.3467849,3.130551,1.305442,-0.2559381,-3.593132,-0.08716655,0.1287696,-0.002669574,0.9878327,350.1235,14.99324,358.3875,0.3435391,-0.066765,-0.936762,0,0,0,1.496994,0.1909739,-2.525779,-0.09823735,0.2522797,1.141214,0.9668226,-0.02772299,-0.2539403,-0.01717462,0.9847897,-0.1728994,0.2548711,0.1715244,0.9516408,moving,6.936353,20.01011,-4.919973,12.46547,5.67141415165864,31.271984593679104
05/11/2023 12:33:47.393546,2794,True,True,True,True,Eyes,1.3144,-0.2547137,-3.582844,0.1165343,0.3413217,0.9326946,0.0,0.0,0.0,0.0,0.0,0.0,0.0,-2.189524,-0.3496028,3.12525,1.305509,-0.2560025,-3.593541,-0.08758822,0.1299851,-0.002755523,0.987636,350.0788,15.13795,358.3587,0.343549,-0.06674957,-0.9367595,0,0,0,1.50028,0.1931656,-2.525376,-0.09822777,0.2533258,1.143172,0.9661925,-0.02821324,-0.2562733,-0.01732742,0.9846414,-0.1737269,0.2572387,0.1722942,0.9508644,moving,7.12184,20.10021,-4.911115,12.49478,5.861146828917463,31.364326516048873
05/11/2023 12:33:47.414059,2795,True,True,True,True,Eyes,1.314523,-0.2546648,-3.58305,0.1194602,0.3426769,0.9318272,0.0,0.0,0.0,0.0,0.0,0.0,0.0,-2.197351,-0.3534182,3.119629,1.305647,-0.2558388,-3.593769,-0.08810111,0.1311971,-0.00289477,0.9874297,350.0245,15.28323,358.3223,0.3435591,-0.0667341,-0.9367568,0,0,0,1.503571,0.1953601,-2.524973,-0.09827766,0.2539744,1.144953,0.9655579,-0.02883398,-0.2585857,-0.01740045,0.9844596,-0.1747469,0.2596058,0.1732277,0.950051,moving,7.305468,20.19086,-4.905987,12.50688,6.049025842939507,31.457212179458715
05/11/2023 12:33:47.423628,2796,True,True,True,True,Eyes,1.314636,-0.2546105,-3.583258,0.1222772,0.3440123,0.9309694,0.0,0.0,0.0,0.0,0.0,0.0,0.0,-2.204471,-0.3590396,3.114284,1.30572,-0.2557238,-3.594033,-0.08892073,0.1323074,-0.002960155,0.9872078,349.934,15.41737,358.2904,0.3435692,-0.06671849,-0.9367542,0,0,0,1.506965,0.1976234,-2.524557,-0.09793654,0.2540092,1.147035,0.964972,-0.02937432,-0.2607033,-0.01768517,0.9841686,-0.1763498,0.2617562,0.1747832,0.9491757,moving,7.482625,20.28031,-4.88021,12.48655,6.230349786357488,31.54884130974831
05/11/2023 12:33:47.443244,2797,True,True,True,True,Eyes,1.314745,-0.2545609,-3.583467,0.1250663,0.3453622,0.9300987,0.0,0.0,0.0,0.0,0.0,0.0,0.0,-2.211968,-0.366648,3.108462,1.305818,-0.2555645,-3.594342,-0.08997028,0.1334781,-0.003139023,0.9869545,349.8192,15.56089,358.2409,0.3435793,-0.06670262,-0.9367516,0,0,0,1.510296,0.1998449,-2.524148,-0.09793468,0.2534277,1.14922,0.9643475,-0.03021426,-0.2629087,-0.01782197,0.983791,-0.1784311,0.2640384,0.1767551,0.9481779,moving,7.658374,20.37086,-4.870886,12.43592,6.4102922963206925,31.641573324100175
05/11/2023 12:33:47.463306,2798,True,True,True,True,Eyes,1.314881,-0.2545143,-3.583686,0.1277104,0.3467525,0.9292216,0.0,0.0,0.0,0.0,0.0,0.0,0.0,-2.219074,-0.3729469,3.102878,1.305837,-0.2556379,-3.594533,-0.09090653,0.1346019,-0.003233024,0.9867157,349.716,15.69772,358.2031,0.3435891,-0.06668665,-0.9367491,0,0,0,1.513722,0.2021293,-2.523729,-0.09758091,0.2533986,1.151372,0.9637437,-0.03085254,-0.2650399,-0.01809224,0.9834511,-0.1802682,0.2662155,0.1785275,0.9472367,moving,7.825594,20.46379,-4.844347,12.41201,6.581725565819925,31.73665502314297
05/11/2023 12:33:47.483309,2799,True,True,True,True,Eyes,1.315012,-0.2544715,-3.583906,0.1303144,0.3481269,0.9283458,0.0,0.0,0.0,0.0,0.0,0.0,0.0,-2.225267,-0.3790402,3.097956,1.305902,-0.2556574,-3.594729,-0.09178206,0.1355762,-0.003359027,0.986501,349.62,15.81721,358.164,0.3435993,-0.06667062,-0.9367465,0,0,0,1.517209,0.2044544,-2.523301,-0.09690359,0.2534946,1.153542,0.9632156,-0.03151428,-0.2668754,-0.01825955,0.9831295,-0.181997,0.2681086,0.1801754,0.9463903,moving,7.990552,20.55589,-4.801871,12.39393,6.750853917466355,31.830882380510484
05/11/2023 12:33:47.493467,2800,True,True,True,True,Eyes,1.315154,-0.2544183,-3.584137,0.1327794,0.3495375,0.927466,0.0,0.0,0.0,0.0,0.0,0.0,0.0,-2.230762,-0.3828246,3.093802,1.305907,-0.2557107,-3.594953,-0.09234469,0.136445,-0.003431042,0.9863284,349.5587,15.92241,358.1372,0.3436096,-0.06665464,-0.9367439,0,0,0,1.520369,0.2065614,-2.522914,-0.09617645,0.2541333,1.155476,0.962742,-0.03196821,-0.2685254,-0.01843167,0.9829213,-0.1831006,0.2697928,0.181228,0.9457104,moving,8.147312,20.6501,-4.758068,12.40404,6.911797407320147,31.92718861731687
05/11/2023 12:33:47.513120,2801,True,True,True,True,Eyes,1.315288,-0.2543635,-3.584365,0.1351693,0.3509896,0.926572,0.0,0.0,0.0,0.0,0.0,0.0,0.0,-2.234821,-0.3868005,3.090725,1.305827,-0.2554002,-3.595304,-0.0928328,0.1370972,-0.003572834,0.9861917,349.5066,16.00266,358.1058,0.3436203,-0.06663842,-0.9367411,0,0,0,1.523885,0.2089062,-2.522483,-0.09462352,0.2547915,1.157671,0.9623832,-0.03250122,-0.2697448,-0.01840722,0.9827386,-0.1840815,0.2710715,0.1821222,0.9451728,moving,8.299822,20.74691,-4.672748,12.41233,7.068547347378962,32.02609552353992
05/11/2023 12:33:47.532940,2802,True,True,True,True,Eyes,1.31544,-0.2543118,-3.584598,0.1374018,0.352431,0.9256961,0.0,0.0,0.0,0.0,0.0,0.0,0.0,-2.236791,-0.3962756,3.088193,1.305771,-0.2553232,-3.595411,-0.09417853,0.137429,-0.003679732,0.9860174,349.3557,16.04934,358.0675,0.3436311,-0.06662194,-0.9367383,0,0,0,1.52721,0.2111233,-2.522076,-0.0925366,0.2536054,1.160076,0.9621995,-0.03314227,-0.2703216,-0.01862915,0.9822338,-0.1867347,0.2717078,0.1847119,0.9444874,moving,8.442816,20.84283,-4.560696,12.33148,7.215686483902365,32.12403905248492
05/11/2023 12:33:47.543181,2803,True,True,True,True,Eyes,1.315593,-0.2542651,-3.584829,0.1395938,0.3538458,0.9248279,0.0,0.0,0.0,0.0,0.0,0.0,0.0,-2.238533,-0.4028132,3.086397,1.305885,-0.2553468,-3.595636,-0.09520311,0.1376845,-0.003588419,0.9858837,349.238,16.08348,358.058,0.3436424,-0.06660529,-0.9367354,0,0,0,1.530501,0.213318,-2.521672,-0.09033655,0.2531939,1.162424,0.9620603,-0.0332915,-0.2707984,-0.01914045,0.9818469,-0.1887065,0.2721649,0.1867302,0.9439587,moving,8.583448,20.93721,-4.443748,12.28798,7.360396614436048,32.22040965202459
05/11/2023 12:33:47.563464,2804,True,True,True,True,Eyes,1.315757,-0.2542208,-3.585065,0.1417065,0.3552269,0.9239768,0.0,0.0,0.0,0.0,0.0,0.0,0.0,-2.242355,-0.4065525,3.083365,1.306042,-0.2554174,-3.595774,-0.09566051,0.1382746,-0.003835773,0.9857559,349.191,16.15764,358.0154,0.3436541,-0.06658863,-0.9367322,0,0,0,1.533933,0.2156067,-2.521252,-0.0889906,0.2542939,1.164394,0.9617309,-0.0340171,-0.2718761,-0.01889256,0.9816687,-0.1896566,0.2733438,0.187535,0.9434584,moving,8.719278,21.02947,-4.370424,12.3195,7.50020183595184,32.31460458274086
05/11/2023 12:33:47.583442,2805,True,True,True,True,Eyes,1.315911,-0.2541724,-3.585298,0.1437567,0.3566094,0.9231272,0.0,0.0,0.0,0.0,0.0,0.0,0.0,-2.245285,-0.4099118,3.081046,1.30603,-0.2554204,-3.596001,-0.09614968,0.1387394,-0.003881333,0.9856427,349.137,16.21516,357.9967,0.3436666,-0.06657199,-0.9367289,0,0,0,1.537223,0.2178008,-2.520849,-0.08720663,0.2551174,1.16647,0.9614727,-0.03433071,-0.2727485,-0.01902828,0.9814803,-0.1906155,0.2742413,0.1884615,0.9430133,moving,8.851458,21.12183,-4.275544,12.33684,7.636335240914532,32.408876292622516
05/11/2023 12:33:47.593371,2806,True,True,True,True,Eyes,1.316062,-0.25413,-3.585532,0.1457098,0.3579774,0.9222911,0.0,0.0,0.0,0.0,0.0,0.0,0.0,-2.246784,-0.4160811,3.07921,1.305928,-0.2552794,-3.59612,-0.09694621,0.1390035,-0.004080184,0.9855268,349.05,16.25244,357.9574,0.3436793,-0.06655529,-0.9367254,0,0,0,1.54077,0.220166,-2.520414,-0.08475389,0.2552791,1.168757,0.9613227,-0.03499398,-0.2731923,-0.01890946,0.9811695,-0.1922205,0.2747745,0.1899518,0.9425589,moving,8.977772,21.21319,-4.147617,12.32101,7.766529329315658,32.502097734497674
05/11/2023 12:33:47.613442,2807,True,True,True,True,Eyes,1.316207,-0.2540896,-3.585761,0.1475953,0.3593119,0.921472,0.0,0.0,0.0,0.0,0.0,0.0,0.0,-2.246918,-0.4201405,3.078796,1.305855,-0.2553802,-3.596341,-0.09752475,0.1390333,-0.00414073,0.9854653,348.9852,16.25965,357.9402,0.3436924,-0.06653869,-0.9367217,0,0,0,1.544028,0.2223384,-2.520015,-0.08196837,0.2559751,1.170973,0.9613052,-0.03527947,-0.2732174,-0.01895729,0.9809436,-0.1933659,0.2748327,0.1910631,0.9423173,moving,9.099961,21.30243,-4.004186,12.33091,7.892500166523014,32.593148021463676
05/11/2023 12:33:47.626050,2808,True,True,True,True,Eyes,1.316365,-0.2540487,-3.585994,0.1494398,0.3605929,0.920674,0.0,0.0,0.0,0.0,0.0,0.0,0.0,-2.247716,-0.4225117,3.077982,1.305829,-0.2553905,-3.59643,-0.09783954,0.1391667,-0.004219302,0.9854149,348.9509,16.27782,357.9243,0.3437056,-0.06652224,-0.936718,0,0,0,1.547415,0.2245971,-2.519599,-0.07929976,0.2573067,1.172954,0.9612297,-0.03554752,-0.2734481,-0.01891648,0.9808192,-0.1939994,0.2750994,0.1916507,0.9421201,moving,9.219595,21.38839,-3.867705,12.37279,8.015790323091162,32.68086468021885
05/11/2023 12:33:47.643676,2809,True,True,True,True,Eyes,1.31652,-0.2540048,-3.586224,0.1512369,0.3618609,0.9198827,0.0,0.0,0.0,0.0,0.0,0.0,0.0,-2.248706,-0.4254024,3.077106,1.305854,-0.255319,-3.596635,-0.09823208,0.1393175,-0.004269568,0.9853543,348.9073,16.29817,357.9102,0.3437191,-0.06650589,-0.9367142,0,0,0,1.550722,0.2268026,-2.519194,-0.076811,0.2582976,1.175016,0.9611449,-0.03578497,-0.2737154,-0.01895682,0.9806645,-0.1947764,0.275393,0.1923971,0.9418822,moving,9.336411,21.47355,-3.740114,12.39784,8.136216725211627,32.76775362484419
05/11/2023 12:33:47.663533,2810,True,True,True,True,Eyes,1.316679,-0.2539588,-3.586458,0.1533492,0.3632188,0.9189974,0.0,0.0,0.0,0.0,0.0,0.0,0.0,-2.251107,-0.4289914,3.074996,1.305912,-0.2552114,-3.596745,-0.09876493,0.1396926,-0.004266326,0.9852479,348.8473,16.34503,357.8972,0.343733,-0.06648958,-0.9367103,0,0,0,1.553961,0.2289622,-2.518797,-0.07488264,0.2588804,1.176987,0.9609356,-0.03600024,-0.2744209,-0.01918668,0.9804546,-0.1958078,0.2761064,0.1934239,0.9414629,moving,9.473419,21.56561,-3.640385,12.40479,8.277201459893798,32.8617541786433
05/11/2023 12:33:47.683362,2811,True,True,True,True,Eyes,1.316826,-0.2539168,-3.586683,0.155421,0.364565,0.9181158,0.0,0.0,0.0,0.0,0.0,0.0,0.0,-2.254083,-0.4339165,3.07242,1.305932,-0.2551164,-3.596999,-0.09950431,0.1401608,-0.004251435,0.9851072,348.7639,16.40384,357.8808,0.3437472,-0.06647323,-0.9367063,0,0,0,1.557397,0.2312539,-2.518376,-0.07300951,0.2590699,1.179309,0.9606738,-0.03626943,-0.2753006,-0.01951696,0.9801617,-0.1972366,0.2769927,0.194853,0.9409077,moving,9.608092,21.65702,-3.542586,12.38989,8.415813706902924,32.955081912172986
05/11/2023 12:33:47.693533,2812,True,True,True,True,Eyes,1.31697,-0.2538791,-3.586907,0.1576638,0.3659868,0.9171673,0.0,0.0,0.0,0.0,0.0,0.0,0.0,-2.257765,-0.4376561,3.069117,1.305791,-0.2551795,-3.596988,-0.1001008,0.1407765,-0.004246286,0.9849588,348.6971,16.47936,357.864,0.3437615,-0.06645697,-0.9367022,0,0,0,1.560854,0.2335593,-2.517952,-0.07123642,0.2598062,1.181383,0.9603279,-0.03654851,-0.2764679,-0.01981885,0.9799237,-0.198386,0.2781681,0.1959948,0.9403236,moving,9.753983,21.75399,-3.45071,12.40288,8.56590438088299,33.05410647105889
05/11/2023 12:33:47.713117,2813,True,True,True,True,Eyes,1.317109,-0.2538491,-3.587122,0.159824,0.3673389,0.9162524,0.0,0.0,0.0,0.0,0.0,0.0,0.0,-2.25995,-0.438661,3.067485,1.305719,-0.2552503,-3.597111,-0.1003374,0.1411286,-0.004126669,0.9848849,348.669,16.52069,357.8696,0.3437758,-0.0664409,-0.9366981,0,0,0,1.564241,0.2358175,-2.517537,-0.06890163,0.261317,1.183396,0.9601314,-0.03644954,-0.2771626,-0.02019236,0.9798307,-0.1988064,0.2788189,0.1964768,0.9400303,moving,9.894681,21.84657,-3.332207,12.4522,8.71062164123616,33.1486574293036
05/11/2023 12:33:47.733060,2814,True,True,True,True,Eyes,1.317245,-0.2538214,-3.587334,0.1620973,0.3686538,0.9153244,0.0,0.0,0.0,0.0,0.0,0.0,0.0,-2.260688,-0.4373774,3.067139,1.305714,-0.2554059,-3.597114,-0.1001964,0.1412432,-0.004087015,0.984883,348.6846,16.53294,357.8752,0.3437901,-0.06642523,-0.936694,0,0,0,1.56763,0.2380778,-2.517122,-0.06607026,0.263856,1.185126,0.9600673,-0.0363546,-0.2773971,-0.02025368,0.9798879,-0.1985181,0.2790351,0.196209,0.9400221,moving,10.04255,21.93748,-3.190912,12.55159,8.862504199012127,33.24156756933636
05/11/2023 12:33:47.743283,2815,True,True,True,True,Eyes,1.317379,-0.2537943,-3.587543,0.1643222,0.3699174,0.9144174,0.0,0.0,0.0,0.0,0.0,0.0,0.0,-2.26247,-0.4348604,3.066412,1.305845,-0.2554272,-3.597261,-0.09974422,0.1415038,-0.004258364,0.9848908,348.7396,16.56295,357.8604,0.3438044,-0.06640998,-0.9366898,0,0,0,1.570747,0.2401558,-2.51674,-0.06412017,0.2668516,1.186583,0.9599171,-0.03661641,-0.277882,-0.01984031,0.9800659,-0.1976794,0.279581,0.1952691,0.9400555,moving,10.18741,22.02524,-3.093122,12.67443,9.011253237116264,33.33127250442193
05/11/2023 12:33:47.763607,2816,True,True,True,True,Eyes,1.31752,-0.2537687,-3.587754,0.1666438,0.3711595,0.9134935,0.0,0.0,0.0,0.0,0.0,0.0,0.0,-2.265633,-0.4360783,3.064082,1.305921,-0.2554052,-3.597387,-0.09981183,0.142003,-0.004504195,0.984811,348.737,16.62468,357.8251,0.3438185,-0.06639513,-0.9366856,0,0,0,1.574167,0.2424365,-2.516321,-0.06250602,0.2687665,1.188429,0.9596297,-0.03721871,-0.2787929,-0.01947558,0.9800346,-0.1978708,0.2805912,0.1953124,0.9397455,moving,10.33848,22.11229,-3.010726,12.74323,9.166231600481122,33.42030092385848
05/11/2023 12:33:47.773246,2817,True,True,True,True,Eyes,1.317655,-0.2537492,-3.587958,0.1689371,0.3723448,0.9125896,0.0,0.0,0.0,0.0,0.0,0.0,0.0,-2.269138,-0.439486,3.061169,1.305915,-0.2553977,-3.597534,-0.1000805,0.1425807,-0.00499135,0.9846978,348.7159,16.69947,357.7577,0.3438327,-0.06638068,-0.9366814,0,0,0,1.5776,0.244726,-2.5159,-0.0612036,0.2702698,1.19041,0.9592917,-0.03836902,-0.2797986,-0.01870914,0.9799179,-0.1985214,0.2817968,0.1956747,0.9393093,moving,10.48778,22.1959,-2.943207,12.79154,9.319314410812964,33.505839164082104
05/11/2023 12:33:47.793230,2818,True,True,True,True,Eyes,1.317763,-0.2537349,-3.588153,0.1712616,0.3734702,0.911696,0.0,0.0,0.0,0.0,0.0,0.0,0.0,-2.273649,-0.4402842,3.057685,1.305869,-0.2555091,-3.597526,-0.1000495,0.1433252,-0.005369789,0.9845909,348.7274,16.79097,357.7061,0.3438469,-0.06636675,-0.9366772,0,0,0,1.580796,0.2468576,-2.515508,-0.06032199,0.272463,1.191991,0.9588581,-0.03925332,-0.2811589,-0.01810514,0.9799225,-0.1985549,0.2833079,0.1954764,0.938896,moving,10.639,22.27614,-2.897042,12.87536,9.474219362716099,33.58798260920048
05/11/2023 12:33:47.813515,2819,True,True,True,True,Eyes,1.317862,-0.2537213,-3.588351,0.1735186,0.3745313,0.9108335,0.0,0.0,0.0,0.0,0.0,0.0,0.0,-2.277155,-0.4388334,3.05539,1.30578,-0.255646,-3.597638,-0.09998448,0.1438866,-0.005170893,0.9845168,348.7328,16.85434,357.7236,0.3438606,-0.06635347,-0.9366732,0,0,0,1.584114,0.2490697,-2.515102,-0.0584496,0.2746902,1.193826,0.9585398,-0.03895451,-0.2822835,-0.01859119,0.9799528,-0.1983608,0.2843515,0.1953847,0.9385995,moving,10.78591,22.35228,-2.802957,12.95779,9.624649533914502,33.66595157643087
05/11/2023 12:33:47.823360,2820,True,True,True,True,Eyes,1.317954,-0.2537114,-3.588555,0.1757814,0.3755481,0.9099805,0.0,0.0,0.0,0.0,0.0,0.0,0.0,-2.279787,-0.4361957,3.054046,1.305646,-0.2556475,-3.597893,-0.09973228,0.1443061,-0.004935006,0.9844822,348.7585,16.89957,357.7503,0.3438735,-0.06634078,-0.9366693,0,0,0,1.587638,0.2514196,-2.51467,-0.05600256,0.277324,1.19581,0.9583028,-0.03850079,-0.2831492,-0.0190671,0.9800582,-0.1977936,0.2851178,0.194945,0.9384585,moving,10.93319,22.42589,-2.681334,13.05682,9.77536886719522,33.7413647851901
05/11/2023 12:33:47.844547,2821,True,True,True,True,Eyes,1.318044,-0.2537014,-3.588763,0.1780034,0.3765198,0.9091466,0.0,0.0,0.0,0.0,0.0,0.0,0.0,-2.283655,-0.4325788,3.052126,1.305664,-0.2557385,-3.598266,-0.09944374,0.1448881,-0.004529786,0.9844279,348.7858,16.96184,357.7953,0.3438855,-0.06632872,-0.9366658,0,0,0,1.590818,0.2535405,-2.51428,-0.05429202,0.2798548,1.19768,0.9579738,-0.03773491,-0.2843628,-0.01989793,0.9801809,-0.1971029,0.2861646,0.1944777,0.9382368,moving,11.0779,22.49672,-2.595498,13.152,9.9234088955983,33.81394984387887
05/11/2023 12:33:47.863336,2822,True,True,True,True,Eyes,1.318126,-0.2536817,-3.588975,0.1802824,0.3775622,0.9082648,0.0,0.0,0.0,0.0,0.0,0.0,0.0,-2.28837,-0.4304781,3.049196,1.305673,-0.2557859,-3.598519,-0.09936459,0.1456176,-0.004163177,0.9843297,348.7902,17.04307,357.8304,0.3438966,-0.06631722,-0.9366625,0,0,0,1.594109,0.255735,-2.513877,-0.05283979,0.2819322,1.199591,0.9575563,-0.03713435,-0.2858442,-0.0207426,0.9802187,-0.1968275,0.2874989,0.1944025,0.9378444,moving,11.22678,22.57247,-2.522144,13.22583,10.075809766992155,33.89153759517346
05/11/2023 12:33:47.873042,2823,True,True,True,True,Eyes,1.318214,-0.2536626,-3.589183,0.1825423,0.3786529,0.9073589,0.0,0.0,0.0,0.0,0.0,0.0,0.0,-2.294847,-0.4343433,3.044232,1.305772,-0.2555034,-3.598889,-0.099995,0.1466313,-0.004057677,0.9841159,348.7189,17.1646,357.8196,0.3439068,-0.06630596,-0.9366596,0,0,0,1.597413,0.2579381,-2.513472,-0.05244228,0.2820176,1.201882,0.9569656,-0.03731124,-0.2877929,-0.02133835,0.979969,-0.1980033,0.2894159,0.1956234,0.9370006,moving,11.37492,22.65143,-2.498428,13.20536,10.22757134205832,33.97236622424343
05/11/2023 12:33:47.893485,2824,True,True,True,True,Eyes,1.318295,-0.2536465,-3.589391,0.1848655,0.3798015,0.906408,0.0,0.0,0.0,0.0,0.0,0.0,0.0,-2.301555,-0.4418911,3.038243,1.305997,-0.2555124,-3.598948,-0.1012261,0.147683,-0.003956062,0.9838331,348.5793,17.29418,357.7968,0.3439162,-0.06629494,-0.9366569,0,0,0,1.600844,0.260226,-2.513052,-0.0521405,0.2810757,1.204313,0.9563482,-0.03768295,-0.2897899,-0.02211453,0.9794753,-0.2003476,0.2913917,0.1980106,0.9358861,moving,11.5276,22.73458,-2.479061,13.13715,10.384042246464341,34.05746186879966
05/11/2023 12:33:47.913744,2825,True,True,True,True,Eyes,1.318374,-0.2536395,-3.589604,0.1871734,0.3808804,0.9054812,0.0,0.0,0.0,0.0,0.0,0.0,0.0,-2.308041,-0.4469242,3.032879,1.306035,-0.255585,-3.59918,-0.1019349,0.1487271,-0.00413692,0.9836019,348.5042,17.42316,357.7508,0.3439248,-0.06628422,-0.9366545,0,0,0,1.604232,0.2624854,-2.512636,-0.05191013,0.2814536,1.206642,0.9557263,-0.03845911,-0.291733,-0.02218279,0.9791843,-0.2017572,0.2934197,0.1992961,0.9349791,moving,11.6792,22.81351,-2.463365,13.12969,10.539286637920434,34.13828323281601
05/11/2023 12:33:47.923551,2826,True,True,True,True,Eyes,1.318443,-0.2536262,-3.589815,0.1895606,0.3819222,0.9045453,0.0,0.0,0.0,0.0,0.0,0.0,0.0,-2.314559,-0.4448899,3.028531,1.306547,-0.2556445,-3.599263,-0.1016469,0.1496971,-0.004216939,0.9834841,348.5406,17.5365,357.7354,0.3439326,-0.06627399,-0.9366524,0,0,0,1.607601,0.2647318,-2.512223,-0.05174878,0.2842291,1.208145,0.9551459,-0.03872707,-0.2935922,-0.0221379,0.9793003,-0.2011987,0.2953067,0.1986736,0.9345173,moving,11.83588,22.89072,-2.452665,13.23871,10.699589292624982,34.21739927901088
05/11/2023 12:33:47.943420,2827,True,True,True,True,Eyes,1.318547,-0.2535938,-3.590024,0.1919612,0.3829257,0.9036143,0.0,0.0,0.0,0.0,0.0,0.0,0.0,-2.321211,-0.4440579,3.023858,1.306642,-0.2556028,-3.599483,-0.1014195,0.1507571,-0.004485157,0.9833444,348.5736,17.66287,357.6963,0.3439394,-0.06626407,-0.9366506,0,0,0,1.611017,0.2670097,-2.511805,-0.05156329,0.2867979,1.209917,0.9545044,-0.03940033,-0.2955825,-0.02175851,0.9793879,-0.200813,0.2974021,0.1981083,0.9339728,moving,11.99345,22.96583,-2.44031,13.33523,10.860718858969262,34.29439783105923
05/11/2023 12:33:47.963881,2828,True,True,True,True,Eyes,1.31866,-0.2535616,-3.590246,0.1943911,0.3839425,0.9026629,0.0,0.0,0.0,0.0,0.0,0.0,0.0,-2.330725,-0.4449429,3.01692,1.307049,-0.2552497,-3.599797,-0.101507,0.1522291,-0.00459669,0.9831082,348.5692,17.83787,357.6645,0.3439462,-0.06625389,-0.9366488,0,0,0,1.611143,0.2670941,-2.511789,-0.05551797,0.2862359,1.209985,0.9536104,-0.03994273,-0.2983821,-0.02186655,0.9793503,-0.2009843,0.3002485,0.1981853,0.9330453,moving,12.1532,23.0422,-2.627072,13.30931,11.024084950906754,34.3726849752576
05/11/2023 12:33:47.973199,2829,True,True,True,True,Eyes,1.318775,-0.2535254,-3.590462,0.1968401,0.3850116,0.9016763,0.0,0.0,0.0,0.0,0.0,0.0,0.0,-2.34057,-0.4498358,3.00908,1.307133,-0.2551065,-3.600209,-0.1022589,0.1538063,-0.004646061,0.9827845,348.4883,18.02866,357.626,0.343953,-0.06624347,-0.936647,0,0,0,1.611143,0.2670941,-2.511789,-0.05959523,0.2841456,1.210571,0.9526441,-0.04058827,-0.3013667,-0.02232398,0.9790431,-0.2024261,0.3032671,0.1995678,0.9317735,static,12.31473,23.12226,-2.81834,13.20936,11.189364904159701,34.45471515442077
05/11/2023 12:33:47.993042,2830,True,True,True,True,Eyes,1.318899,-0.2534864,-3.59069,0.1992581,0.3861121,0.900674,0.0,0.0,0.0,0.0,0.0,0.0,0.0,-2.350519,-0.4581646,3.000159,1.307288,-0.2549848,-3.600248,-0.1035504,0.1554171,-0.0046804,0.9823955,348.3461,18.2268,357.5783,0.3439601,-0.06623273,-0.9366452,0,0,0,1.611143,0.2670941,-2.511789,-0.06376168,0.2808382,1.211074,0.9516472,-0.04138301,-0.3043928,-0.022991,0.9785108,-0.2049097,0.3063314,0.202,0.9302457,static,12.47474,23.20444,-3.013774,13.05567,11.353184270471765,34.53887885031601
05/11/2023 12:33:48.013453,2831,True,True,True,True,Eyes,1.319024,-0.253445,-3.590909,0.2016595,0.3872903,0.899633,0.0,0.0,0.0,0.0,0.0,0.0,0.0,-2.358525,-0.4632587,2.993534,1.307299,-0.2548787,-3.600625,-0.1044558,0.1567056,-0.004496085,0.9820959,348.243,18.38225,357.5665,0.3439673,-0.06622162,-0.9366434,0,0,0,1.611143,0.2670941,-2.511789,-0.06690937,0.2783655,1.211766,0.9508463,-0.04156877,-0.3068605,-0.02390643,0.9781376,-0.2065802,0.3087391,0.203762,0.9290647,static,12.63443,23.29178,-3.160459,12.93747,11.51685149805158,34.628257979144585
05/11/2023 12:33:48.033208,2832,True,True,True,True,Eyes,1.319142,-0.253404,-3.591136,0.2040776,0.3885356,0.8985502,0.0,0.0,0.0,0.0,0.0,0.0,0.0,-2.365957,-0.4734949,2.986048,1.307449,-0.2548041,-3.600567,-0.1061229,0.1579135,-0.004355076,0.9817243,348.0539,18.53376,357.5356,0.343975,-0.06621011,-0.9366414,0,0,0,1.611143,0.2670941,-2.511789,-0.06999287,0.2741786,1.212424,0.9500888,-0.04206744,-0.3091306,-0.02496551,0.977438,-0.2097423,0.3109793,0.2069914,0.9276025,static,12.79588,23.38379,-3.304002,12.74259,11.682444748112419,34.722370942767775
05/11/2023 12:33:48.043595,2833,True,True,True,True,Eyes,1.319263,-0.2533502,-3.591368,0.2064805,0.3897988,0.8974534,0.0,0.0,0.0,0.0,0.0,0.0,0.0,-2.371439,-0.4811888,2.980982,1.307427,-0.254791,-3.601005,-0.1073098,0.1588065,-0.004353716,0.9814512,347.9213,18.64688,357.5015,0.3439826,-0.06619825,-0.9366394,0,0,0,1.611143,0.2670941,-2.511789,-0.07237598,0.271153,1.213357,0.9495232,-0.0426289,-0.3107872,-0.02553706,0.9769313,-0.2120214,0.312656,0.2092558,0.9265302,static,12.95678,23.47718,-3.413612,12.5971,11.847529696059018,34.81787563495526
05/11/2023 12:33:48.063519,2834,True,True,True,True,Eyes,1.319383,-0.253287,-3.591603,0.2089548,0.3912491,0.8962489,0.0,0.0,0.0,0.0,0.0,0.0,0.0,-2.37887,-0.487152,2.974488,1.307636,-0.2544414,-3.601286,-0.1082558,0.1599875,-0.004273018,0.9811557,347.8153,18.79162,357.4773,0.3439904,-0.06618574,-0.9366374,0,0,0,1.611143,0.2670941,-2.511789,-0.07551408,0.2683907,1.21383,0.9487715,-0.04302414,-0.3130201,-0.02625416,0.9765248,-0.2137989,0.3148704,0.2110644,0.9253694,static,13.12372,23.58322,-3.559862,12.46809,12.019113117541336,34.9262117262686
05/11/2023 12:33:48.083053,2835,True,True,True,True,Eyes,1.319506,-0.2532183,-3.591837,0.2114049,0.3927962,0.8949968,0.0,0.0,0.0,0.0,0.0,0.0,0.0,-2.386741,-0.4975929,2.966797,1.307752,-0.254206,-3.601552,-0.1101144,0.1612486,-0.003803605,0.9807442,347.5984,18.94748,357.4782,0.3439983,-0.06617238,-0.9366355,0,0,0,1.611143,0.2670941,-2.511789,-0.07856184,0.2634203,1.214833,0.9479688,-0.04297233,-0.3154497,-0.02805088,0.9757207,-0.2172149,0.317125,0.2147616,0.9237474,static,13.29009,23.69571,-3.700098,12.23442,12.190335195992242,35.041065975269404
05/11/2023 12:33:48.093113,2836,True,True,True,True,Eyes,1.319619,-0.2531483,-3.592073,0.213854,0.3944435,0.8936895,0.0,0.0,0.0,0.0,0.0,0.0,0.0,-2.395502,-0.5080556,2.958256,1.307967,-0.2540465,-3.601737,-0.1121654,0.1626326,-0.003044189,0.9802859,347.3545,19.11585,357.5064,0.3440062,-0.06615813,-0.9366336,0,0,0,1.611143,0.2670941,-2.511789,-0.08177891,0.2579988,1.215828,0.9470828,-0.04245183,-0.3181699,-0.03051513,0.9748194,-0.2208984,0.3195358,0.218918,0.9219392,static,13.45745,23.815,-3.848027,11.98046,12.362778199633581,35.16280268800352
05/11/2023 12:33:48.113451,2837,True,True,True,True,Eyes,1.319733,-0.2530676,-3.592308,0.2162907,0.3961285,0.8923568,0.0,0.0,0.0,0.0,0.0,0.0,0.0,-2.403921,-0.5124793,2.951087,1.308065,-0.2540038,-3.602059,-0.1133652,0.1639567,-0.002209184,0.9799294,347.2055,19.27043,357.5607,0.344014,-0.06614304,-0.9366317,0,0,0,1.611143,0.2670941,-2.511789,-0.08463925,0.2547188,1.21657,0.9462266,-0.04150366,-0.3208311,-0.03284428,0.9742869,-0.2229043,0.3218329,0.2214554,0.9205331,static,13.62468,23.93705,-3.979772,11.82545,12.535181272738315,35.28732932536519
05/11/2023 12:33:48.123313,2838,True,True,True,True,Eyes,1.319838,-0.2529879,-3.592544,0.2186983,0.3978477,0.8910041,0.0,0.0,0.0,0.0,0.0,0.0,0.0,-2.411977,-0.5210198,2.943206,1.30818,-0.2536896,-3.602203,-0.114793,0.1652693,-0.002014442,0.979543,347.0428,19.4334,357.5364,0.3440217,-0.06612691,-0.93663,0,0,0,1.611143,0.2670941,-2.511789,-0.08795139,0.250806,1.217113,0.945364,-0.04188999,-0.3233144,-0.03399706,0.973637,-0.2255552,0.3242394,0.2242235,0.9190173,static,13.7907,24.06153,-4.13314,11.64374,12.70644610868858,35.414305004846604
05/11/2023 12:33:48.143233,2839,True,True,True,True,Eyes,1.319941,-0.2529046,-3.592785,0.2211008,0.3995633,0.8896424,0.0,0.0,0.0,0.0,0.0,0.0,0.0,-2.420363,-0.5284226,2.93542,1.308329,-0.2536753,-3.6025,-0.1161757,0.1666144,-0.001674995,0.9791527,346.8824,19.59828,357.5287,0.3440291,-0.06610989,-0.9366285,0,0,0,1.611143,0.2670941,-2.511789,-0.09132344,0.2472258,1.21782,0.9444737,-0.04199324,-0.3258926,-0.03543294,0.9730008,-0.2280657,0.326671,0.2269494,0.9174857,static,13.95682,24.18619,-4.288541,11.47549,12.877817565074993,35.54146335921565
05/11/2023 12:33:48.163307,2840,True,True,True,True,Eyes,1.320029,-0.2528121,-3.593028,0.2234692,0.4012743,0.8882796,0.0,0.0,0.0,0.0,0.0,0.0,0.0,-2.429014,-0.5328399,2.927878,1.308362,-0.2535237,-3.602833,-0.1170681,0.1680196,-0.001380564,0.9788069,346.7788,19.76754,357.5248,0.3440362,-0.06609195,-0.9366271,0,0,0,1.611143,0.2670941,-2.511789,-0.09471381,0.2447075,1.218296,0.943535,-0.04204208,-0.3285941,-0.03663686,0.9725863,-0.2296381,0.3292406,0.2287103,0.916129,static,14.12116,24.31075,-4.445397,11.35733,13.047393479100219,35.66850872976003
05/11/2023 12:33:48.173085,2841,True,True,True,True,Eyes,1.320115,-0.2527185,-3.593264,0.2257936,0.4030307,0.8868954,0.0,0.0,0.0,0.0,0.0,0.0,0.0,-2.436166,-0.542224,2.920594,1.30833,-0.253242,-3.603182,-0.1185395,0.1692098,-0.001329477,0.9784246,346.6138,19.91887,357.4833,0.3440426,-0.06607297,-0.9366261,0,0,0,1.611143,0.2670941,-2.511789,-0.09779128,0.2406963,1.219051,0.9427325,-0.04271768,-0.3308029,-0.03751451,0.9718933,-0.2324139,0.3314333,0.231514,0.9146329,static,14.28343,24.43841,-4.586399,11.16914,13.214987320899926,35.798674883078206
05/11/2023 12:33:48.193581,2842,True,True,True,True,Eyes,1.320186,-0.2526274,-3.593502,0.2280556,0.4046902,0.88556,0.0,0.0,0.0,0.0,0.0,0.0,0.0,-2.441551,-0.5512043,2.914433,1.308348,-0.2531482,-3.603202,-0.1201062,0.1701036,-0.001043111,0.9780788,346.4324,20.03289,357.4706,0.3440484,-0.06605303,-0.9366254,0,0,0,1.611143,0.2670941,-2.511789,-0.09994066,0.2366658,1.219639,0.9421273,-0.04290148,-0.3324988,-0.03882051,0.9711468,-0.2353016,0.333,0.2345919,0.9132786,static,14.44141,24.55983,-4.684511,10.98153,13.3780559896352,35.92250281736308
05/11/2023 12:33:48.213591,2843,True,True,True,True,Eyes,1.320255,-0.2525333,-3.593734,0.2302544,0.4063171,0.884245,0.0,0.0,0.0,0.0,0.0,0.0,0.0,-2.444906,-0.5558234,2.91111,1.308246,-0.2531354,-3.603537,-0.120876,0.170664,-0.0009605787,0.9778866,346.3448,20.10417,357.4557,0.3440533,-0.06603228,-0.9366251,0,0,0,1.611143,0.2670941,-2.511789,-0.1013388,0.2346447,1.220234,0.9417458,-0.04313704,-0.3335477,-0.03937969,0.9707761,-0.2367339,0.3340122,0.2360782,0.9125256,static,14.5955,24.67913,-4.747441,10.88482,13.537138023998962,36.044161163607114
05/11/2023 12:33:48.223631,2844,True,True,True,True,Eyes,1.320318,-0.2524438,-3.593963,0.2323192,0.407778,0.8830317,0.0,0.0,0.0,0.0,0.0,0.0,0.0,-2.447715,-0.5586484,2.908303,1.308277,-0.2529791,-3.603615,-0.1213724,0.1711231,-0.0008512368,0.9777448,346.2874,20.16104,357.4511,0.3440574,-0.06601076,-0.9366251,0,0,0,1.611143,0.2670941,-2.511789,-0.1024722,0.2332184,1.220408,0.9414322,-0.04320385,-0.3344229,-0.03987468,0.970536,-0.2376339,0.3348362,0.2370512,0.9119712,static,14.74007,24.78717,-4.799612,10.81872,13.686263453614519,36.15437041500518
05/11/2023 12:33:48.243306,2845,True,True,True,True,Eyes,1.320375,-0.2523574,-3.594183,0.2342958,0.4091643,0.8818674,0.0,0.0,0.0,0.0,0.0,0.0,0.0,-2.448894,-0.5606778,2.907107,1.308235,-0.2530026,-3.603779,-0.121799,0.1713099,-0.0006607514,0.9776593,346.2356,20.18393,357.4613,0.3440607,-0.06598866,-0.9366254,0,0,0,1.611143,0.2670941,-2.511789,-0.1028501,0.2321047,1.220756,0.9413049,-0.04302274,-0.3348045,-0.04043878,0.9703291,-0.2383823,0.3351263,0.2379295,0.9116358,static,14.8787,24.89012,-4.815861,10.76526,13.829240259624243,36.259393275706564
05/11/2023 12:33:48.263523,2846,True,True,True,True,Eyes,1.320418,-0.2522713,-3.594392,0.23614,0.4103485,0.8808247,1.229117,1.610662,0.2520949,-2.511755,-0.0320603,-0.9994833,0.002271865,-0.1024032,0.2179965,1.217018,1.308139,-0.2529901,-3.603776,-0.1216107,0.1712651,-0.0006006091,0.9776905,346.2557,20.17636,357.4729,0.3440632,-0.06596614,-0.9366261,0,0,0,1.611143,0.2670941,-2.511789,-0.1025811,0.2325408,1.220711,0.9413358,-0.04282974,-0.3347425,-0.0404809,0.970421,-0.2380009,0.3350346,0.2375895,0.9117582,static,15.00751,24.97933,-4.803501,10.7854,13.961876661200911,36.3504573736646
05/11/2023 12:33:48.283605,2847,True,True,True,True,Eyes,1.320455,-0.2521867,-3.594598,0.2378678,0.4114707,0.8798357,1.226663,1.612238,0.2525493,-2.515336,0.07294987,-0.9689484,-0.2362572,-0.09862244,0.220111,1.214344,1.308034,-0.2529073,-3.603811,-0.1212185,0.1708473,-0.000631734,0.9778123,346.2998,20.12414,357.4837,0.3440647,-0.06594329,-0.9366271,0,0,0,1.611143,0.2670941,-2.511789,-0.1014583,0.233431,1.220657,0.9416216,-0.04265514,-0.3339601,-0.04018428,0.9706113,-0.2372738,0.3342664,0.236842,0.9122345,static,15.12852,25.06397,-4.751372,10.82618,14.086508780317091,36.4368484806093
05/11/2023 12:33:48.293473,2848,True,True,True,True,Eyes,1.320461,-0.2521019,-3.594791,0.2390979,0.4123153,0.8791065,1.225778,1.613542,0.253305,-2.517202,0.1598702,-0.9188785,-0.360699,-0.0953432,0.2215705,1.21346,1.307907,-0.2528564,-3.603966,-0.1210541,0.1702641,-0.0006673005,0.9779344,346.3177,20.05407,357.4914,0.3440652,-0.06592017,-0.9366286,0,0,0,1.611143,0.2670941,-2.511789,-0.09999132,0.2337683,1.220862,0.9420193,-0.0425275,-0.3328527,-0.03991719,0.9706909,-0.2369933,0.3331758,0.2365388,0.912712,static,15.21517,25.12734,-4.6822,10.83968,14.175843484293337,36.50150319676629
05/11/2023 12:33:48.313922,2849,True,True,True,True,Eyes,1.320464,-0.2520179,-3.594979,0.2402149,0.4131264,0.878421,1.225399,1.614824,0.2542268,-2.518562,0.2453796,-0.8578432,-0.4515462,-0.09147024,0.2239218,1.212952,1.307748,-0.2527782,-3.604108,-0.1205387,0.169371,-0.0007383196,0.978153,346.3753,19.94505,357.5068,0.3440642,-0.06589685,-0.9366306,0,0,0,1.611143,0.2670941,-2.511789,-0.09772649,0.2349612,1.22095,0.9426258,-0.0422759,-0.3311635,-0.03938714,0.9709397,-0.2360607,0.3315195,0.2355605,0.9135678,static,15.2943,25.18787,-4.576276,10.89291,14.257512849447556,36.56323608922703
05/11/2023 12:33:48.323426,2850,True,True,True,True,Eyes,1.320449,-0.2519327,-3.59515,0.2409268,0.4137588,0.8779281,1.225245,1.615644,0.2550233,-2.519473,0.3000298,-0.8047306,-0.5122409,-0.0883292,0.2247779,1.212796,1.307674,-0.2527142,-3.604166,-0.1205745,0.1684629,-0.00090053,0.9783054,346.3722,19.83961,357.5003,0.3440619,-0.06587338,-0.9366331,0,0,0,1.611143,0.2670941,-2.511789,-0.0956167,0.2348577,1.22118,0.9432389,-0.04238664,-0.3293992,-0.03886267,0.970922,-0.2362207,0.3298335,0.2356139,0.9141641,static,15.3457,25.23404,-4.477046,10.88622,14.310788153758311,36.610263886666544
05/11/2023 12:33:48.343612,2851,True,True,True,True,Eyes,1.32043,-0.2518497,-3.595315,0.2415494,0.4143803,0.8774638,1.225216,1.61638,0.2558554,-2.520233,0.3491085,-0.7491896,-0.562884,-0.0850724,0.225477,1.212691,1.307582,-0.2526011,-3.60412,-0.1206703,0.1674628,-0.001086613,0.978465,346.3624,19.72404,357.491,0.3440581,-0.06584977,-0.9366361,0,0,0,1.611143,0.2670941,-2.511789,-0.09325853,0.2345918,1.221347,0.9439101,-0.04254198,-0.3274507,-0.03828913,0.970875,-0.2365072,0.3279752,0.2357794,0.9147899,static,15.39124,25.27892,-4.366467,10.87274,14.358120624989537,36.655948220775834
05/11/2023 12:33:48.363281,2852,True,True,True,True,Eyes,1.320404,-0.251765,-3.595468,0.2419058,0.4149148,0.877113,1.225152,1.616775,0.2565687,-2.520871,0.3754766,-0.7017366,-0.6054612,-0.08253199,0.2258102,1.21269,1.30748,-0.2525758,-3.604165,-0.1208869,0.1665974,-0.00126743,0.9785857,346.3392,19.6253,357.4779,0.3440529,-0.06582613,-0.9366397,0,0,0,1.611143,0.2670941,-2.511789,-0.09125948,0.2340884,1.22165,0.9444874,-0.04275945,-0.3257533,-0.0377983,0.9707695,-0.2370186,0.3263662,0.236174,0.9152634,static,15.41874,25.3163,-4.272166,10.84734,14.387041794867288,36.6939286004407
05/11/2023 12:33:48.373311,2853,True,True,True,True,Eyes,1.320375,-0.2516801,-3.595612,0.2421873,0.4154634,0.8767756,1.225086,1.617075,0.2572984,-2.521486,0.3953214,-0.6527984,-0.6462007,-0.08015752,0.2257256,1.212574,1.307332,-0.2524419,-3.604047,-0.1212343,0.1658495,-0.00127403,0.9786699,346.2979,19.53916,357.4806,0.3440464,-0.06580242,-0.9366438,0,0,0,1.611143,0.2670941,-2.511789,-0.08932635,0.2331519,1.221846,0.9449847,-0.04270699,-0.3243149,-0.03771957,0.9706013,-0.2377192,0.3249327,0.236874,0.9155924,static,15.44148,25.35411,-4.181324,10.80327,14.41118438740238,36.73231203989965
05/11/2023 12:33:48.393221,2854,True,True,True,True,Eyes,1.320357,-0.2515976,-3.59575,0.2422849,0.4159895,0.8764992,1.224955,1.617145,0.2579709,-2.522077,0.4000551,-0.6080759,-0.6857111,-0.07803032,0.2252974,1.212524,1.307257,-0.2523659,-3.604014,-0.1216912,0.1651422,-0.001027508,0.9787331,346.2393,19.45523,357.5096,0.3440387,-0.06577867,-0.9366482,0,0,0,1.611143,0.2670941,-2.511789,-0.08741322,0.2319253,1.222174,0.945454,-0.04220403,-0.3230102,-0.0381814,0.9703804,-0.2385458,0.3235104,0.237867,0.9158386,static,15.45205,25.38917,-4.090983,10.74494,14.42298261488837,36.76783365573993
05/11/2023 12:33:48.413886,2855,True,True,True,True,Eyes,1.320338,-0.2515244,-3.595881,0.2423292,0.4165057,0.8762418,1.224842,1.617153,0.2586291,-2.522623,0.4005343,-0.5641451,-0.7220199,-0.07606366,0.2245268,1.212486,1.307083,-0.2523116,-3.60388,-0.1223024,0.1644965,-0.0008459147,0.9787657,346.1646,19.3806,357.5273,0.3440302,-0.06575494,-0.936653,0,0,0,1.611143,0.2670941,-2.511789,-0.08558941,0.2303737,1.222497,0.9458803,-0.04189255,-0.3218002,-0.03858073,0.9700828,-0.2396891,0.3222141,0.2391325,0.915966,static,15.45906,25.42323,-4.004855,10.67196,14.431163391311204,36.80232037888573
05/11/2023 12:33:48.423534,2856,True,True,True,True,Eyes,1.320336,-0.251447,-3.596005,0.242319,0.416946,0.8760351,1.224756,1.617118,0.2592099,-2.523076,0.3981049,-0.5253199,-0.7520314,-0.07440329,0.2250182,1.212391,1.307046,-0.2524706,-3.603862,-0.1224272,0.1639121,-0.0006290866,0.9788483,346.1448,19.30916,357.5581,0.3440211,-0.06573149,-0.936658,0,0,0,1.611143,0.2670941,-2.511789,-0.08400327,0.2301911,1.222702,0.9462648,-0.04136616,-0.3207363,-0.03890304,0.9700224,-0.2398815,0.3210443,0.239469,0.9162888,static,15.46191,25.45196,-3.930214,10.66195,14.434979880794556,36.831389902015324
05/11/2023 12:33:48.443306,2857,True,True,True,True,Eyes,1.320333,-0.2513664,-3.596123,0.2422832,0.4173913,0.8758329,1.224694,1.617055,0.2598102,-2.523495,0.3941129,-0.4855566,-0.7803267,-0.07335088,0.2255129,1.211976,1.306961,-0.2522477,-3.603662,-0.1224268,0.1635934,-0.0005088049,0.9789018,346.1417,19.26966,357.5766,0.3440119,-0.06570818,-0.936663,0,0,0,1.611143,0.2670941,-2.511789,-0.0829933,0.2300017,1.222555,0.9464739,-0.04105257,-0.320159,-0.03906028,0.9700228,-0.2398541,0.3204082,0.2395212,0.9164978,static,15.46313,25.48083,-3.883572,10.65463,14.437159769833167,36.86059011896252
05/11/2023 12:33:48.463626,2858,True,True,True,True,Eyes,1.320356,-0.2512882,-3.596244,0.242202,0.4178391,0.8756419,1.224636,1.616965,0.2604127,-2.523901,0.3879385,-0.4452031,-0.8070303,-0.07252163,0.2253231,1.211849,1.306916,-0.2521011,-3.603626,-0.122703,0.163357,-0.0002114806,0.9789068,346.104,19.23955,357.6087,0.3440026,-0.06568491,-0.9366681,0,0,0,1.611143,0.2670941,-2.511789,-0.08217648,0.229124,1.222692,0.9466289,-0.04050284,-0.3197706,-0.03967476,0.9698879,-0.2402987,0.3198745,0.2401605,0.916517,static,15.46141,25.50956,-3.845037,10.61374,14.436374817283683,36.889629171504104
05/11/2023 12:33:48.483359,2859,True,True,True,True,Eyes,1.320411,-0.2512269,-3.596399,0.2420674,0.4183101,0.8754542,1.22465,1.616858,0.2610565,-2.524274,0.3810313,-0.4025335,-0.8323352,-0.07245815,0.2252475,1.212717,1.307866,-0.2526338,-3.604697,-0.1231384,0.1628328,-2.446592e-05,0.9789395,346.0496,19.17788,357.629,0.3439938,-0.06566175,-0.9366729,0,0,0,1.611143,0.2670941,-2.511789,-0.08209285,0.2283211,1.223794,0.946971,-0.04014983,-0.3188007,-0.04005403,0.9696739,-0.2410981,0.3188128,0.2410821,0.9166449,static,15.45639,25.53943,-3.837686,10.56807,14.432304732457263,36.919798939403435
05/11/2023 12:33:48.493082,2860,True,True,True,True,Eyes,1.320525,-0.2511897,-3.596583,0.2419304,0.4187501,0.8752816,1.224759,1.616832,0.2616784,-2.524574,0.379134,-0.3609305,-0.8520485,-0.07183769,0.2247334,1.213645,1.308687,-0.2529893,-3.605668,-0.1236896,0.1621189,2.970982e-05,0.9789886,345.9841,19.09634,357.6344,0.3439858,-0.06563903,-0.9366775,0,0,0,1.611143,0.2670941,-2.511789,-0.08150277,0.2271157,1.224872,0.947435,-0.04004667,-0.3174324,-0.04016302,0.9694018,-0.2421718,0.3174177,0.2421911,0.9168367,static,15.45096,25.56727,-3.806838,10.50448,14.427754922202274,36.94791332631554
05/11/2023 12:33:48.513534,2861,True,True,True,True,Eyes,1.320635,-0.251158,-3.596756,0.241777,0.4191566,0.8751294,1.224886,1.616784,0.2622611,-2.524823,0.3760114,-0.322172,-0.8688042,-0.07062191,0.2248001,1.21335,1.308764,-0.252896,-3.605321,-0.1239488,0.161548,-0.0001925497,0.9790502,345.9575,19.03348,357.6118,0.3439797,-0.06561725,-0.9366812,0,0,0,1.611143,0.2670941,-2.511789,-0.08028594,0.2265444,1.224691,0.9478045,-0.04042437,-0.3162793,-0.03967031,0.9692733,-0.2427663,0.3163748,0.2426419,0.9170779,static,15.44418,25.59281,-3.750721,10.48016,14.421770020589664,36.97369305256445
05/11/2023 12:33:48.528873,2862,True,True,True,True,Eyes,1.320761,-0.251128,-3.596917,0.2416564,0.4194608,0.875017,1.225043,1.6168,0.2627295,-2.524984,0.3770272,-0.2908779,-0.8793409,-0.06976259,0.225963,1.213208,1.308741,-0.2529872,-3.605232,-0.1237577,0.1611363,-0.000515277,0.979142,345.9844,18.98765,357.5844,0.3439754,-0.06559649,-0.9366843,0,0,0,1.611143,0.2670941,-2.511789,-0.07946631,0.227214,1.224584,0.9480697,-0.04089277,-0.3154231,-0.03887465,0.9693676,-0.2425187,0.3156782,0.2421866,0.9174383,static,15.43873,25.61187,-3.712859,10.51134,14.416910702142667,36.99292935375549
05/11/2023 12:33:48.543697,2863,True,True,True,True,Eyes,1.320882,-0.2510982,-3.597068,0.241517,0.4197348,0.8749241,1.225186,1.616785,0.2631551,-2.525123,0.3760318,-0.2625267,-0.8886393,-0.06868321,0.2272802,1.212769,1.308666,-0.2529418,-3.604886,-0.1234452,0.1607098,-0.0007430094,0.9792514,346.0232,18.93785,357.5706,0.343973,-0.0655767,-0.9366865,0,0,0,1.611143,0.2670941,-2.511789,-0.07839012,0.2280881,1.224181,0.9483437,-0.04113287,-0.314567,-0.0382225,0.9695215,-0.2420066,0.3149339,0.2415289,0.9178673,static,15.43182,25.62883,-3.663918,10.55427,14.410512127112833,37.010032492116906
05/11/2023 12:33:48.563403,2864,True,True,True,True,Eyes,1.321028,-0.2510708,-3.59721,0.2414459,0.4199189,0.8748554,1.225401,1.616896,0.2634984,-2.525161,0.383669,-0.239808,-0.8917904,-0.06773022,0.2282345,1.212702,1.308658,-0.252913,-3.604806,-0.1232032,0.1603504,-0.0008359369,0.9793406,346.0516,18.8947,357.57,0.3439724,-0.06555781,-0.9366881,0,0,0,1.611143,0.2670941,-2.511789,-0.07753229,0.2287085,1.224039,0.9485741,-0.04114869,-0.3138693,-0.03787402,0.9696406,-0.2415839,0.3142813,0.2410477,0.9182175,static,15.42864,25.64038,-3.624352,10.58354,14.407690912456724,37.02169014472769
05/11/2023 12:33:48.583309,2865,True,True,True,True,Eyes,1.321167,-0.2510411,-3.597342,0.2414035,0.4200584,0.8748001,1.225597,1.61703,0.2637814,-2.52519,0.392308,-0.2207497,-0.8929524,-0.0674248,0.2294955,1.21234,1.308852,-0.2528942,-3.604566,-0.1228453,0.1601727,-0.001073131,0.9794146,346.0964,18.87426,357.5524,0.3439741,-0.06553978,-0.9366887,0,0,0,1.611143,0.2670941,-2.511789,-0.07734826,0.2296984,1.223595,0.9486871,-0.04145501,-0.3134873,-0.03725085,0.9698158,-0.2409767,0.3140146,0.2402892,0.9185075,static,15.42699,25.64922,-3.617078,10.63206,14.406320908366114,37.03061776506085
05/11/2023 12:33:48.593600,2866,True,True,True,True,Eyes,1.321285,-0.2509941,-3.597426,0.2415548,0.4200733,0.8747512,1.225907,1.617409,0.2639768,-2.525062,0.4175641,-0.2077592,-0.8845769,-0.06774154,0.2307998,1.212227,1.30882,-0.252791,-3.604449,-0.122376,0.1603707,-0.001452099,0.9794404,346.1575,18.89953,357.5152,0.3439776,-0.06552249,-0.9366887,0,0,0,1.611143,0.2670941,-2.511789,-0.07798088,0.2308639,1.223195,0.9485582,-0.04209552,-0.3137916,-0.03640655,0.970044,-0.2401857,0.3145024,0.2392542,0.9186107,static,15.43702,25.65126,-3.647773,10.68819,14.416487149885084,37.03274739919902
05/11/2023 12:33:48.613636,2867,True,True,True,True,Eyes,1.321398,-0.2509482,-3.597508,0.241741,0.4200603,0.8747061,1.226255,1.617834,0.2641531,-2.524895,0.4459023,-0.1960023,-0.8733581,-0.06777126,0.2314546,1.211325,1.308119,-0.2522982,-3.603239,-0.1220639,0.1609718,-0.001512281,0.9793806,346.1956,18.96943,357.5059,0.3439828,-0.06550551,-0.9366879,0,0,0,1.611143,0.2670941,-2.511789,-0.07836732,0.2314113,1.22195,0.9481716,-0.04225989,-0.3149362,-0.03633551,0.9701962,-0.2395809,0.3156745,0.2386072,0.918377,static,15.44911,25.65173,-3.669524,10.7236,14.42867582045537,37.033303253037005
05/11/2023 12:33:48.623256,2868,True,True,True,True,Eyes,1.321523,-0.2509041,-3.597583,0.242061,0.4199496,0.8746707,1.226765,1.618475,0.2642753,-2.524568,0.4887857,-0.187921,-0.8519239,-0.06849441,0.2323134,1.211633,1.308116,-0.2522655,-3.603261,-0.1217127,0.1614505,-0.001674848,0.9793453,346.2399,19.02588,357.4874,0.3439895,-0.06548885,-0.9366866,0,0,0,1.611143,0.2670941,-2.511789,-0.07959977,0.2322595,1.221716,0.9478619,-0.04258165,-0.3158238,-0.03602063,0.9703664,-0.2389383,0.3166392,0.2378567,0.9182395,static,15.46918,25.64674,-3.727785,10.76401,14.448719443905611,37.028391400289145
05/11/2023 12:33:48.643675,2869,True,True,True,True,Eyes,1.321642,-0.2508637,-3.597657,0.2423927,0.4198075,0.874647,1.227316,1.619135,0.2643727,-2.524189,0.5327498,-0.1814236,-0.8265974,-0.0691734,0.2337244,1.211659,1.308144,-0.2522334,-3.603046,-0.1211274,0.1619871,-0.001694955,0.9793292,346.3083,19.08555,357.4893,0.3439977,-0.06547251,-0.9366847,0,0,0,1.611143,0.2670941,-2.511789,-0.08079034,0.2337045,1.221149,0.9475147,-0.04256196,-0.3168667,-0.03592229,0.9706506,-0.2377962,0.3176879,0.236698,0.9181767,static,15.48976,25.63978,-3.78513,10.8343,14.469211649089976,37.0214909700552
05/11/2023 12:33:48.663250,2870,True,True,True,True,Eyes,1.321761,-0.2508222,-3.597724,0.2428279,0.4195985,0.8746266,1.22806,1.619969,0.2644699,-2.52363,0.5884029,-0.1749599,-0.7894118,-0.06922191,0.2348794,1.212221,1.308134,-0.2522861,-3.603056,-0.120593,0.1624256,-0.001270551,0.979323,346.362,19.128,357.5428,0.3440073,-0.06545656,-0.9366823,0,0,0,1.611143,0.2670941,-2.511789,-0.08145416,0.2349496,1.2209,0.9472327,-0.04166332,-0.3178278,-0.0366862,0.9709115,-0.2366117,0.3184407,0.2357862,0.9181505,static,15.51657,25.62917,-3.816916,10.89281,14.495856420834569,37.01094135798179
05/11/2023 12:33:48.673090,2871,True,True,True,True,Eyes,1.321881,-0.2507841,-3.597789,0.2432671,0.4193617,0.8746182,1.228898,1.620832,0.2645688,-2.522972,0.6454732,-0.168236,-0.7450241,-0.06922612,0.2361161,1.212684,1.308216,-0.2522156,-3.602949,-0.1199993,0.1627735,-0.001020257,0.9793385,346.4256,19.16165,357.5789,0.3440182,-0.06544097,-0.9366794,0,0,0,1.611143,0.2670941,-2.511789,-0.08206767,0.2362958,1.220453,0.9470075,-0.04106377,-0.3185759,-0.03706706,0.9711983,-0.235372,0.3190657,0.2347077,0.9182099,static,15.54343,25.61678,-3.846984,10.95764,14.522492871475654,36.99859222105915
05/11/2023 12:33:48.693434,2872,True,True,True,True,Eyes,1.322001,-0.2507489,-3.597849,0.2437513,0.4191021,0.8746077,1.230026,1.621822,0.2647575,-2.522058,0.7119864,-0.1557952,-0.6846921,-0.06929922,0.2372689,1.213592,1.30836,-0.2522479,-3.602961,-0.1195101,0.1630314,-0.001039204,0.9793555,346.4822,19.18898,357.583,0.3440301,-0.06542577,-0.9366761,0,0,0,1.611143,0.2670941,-2.511789,-0.08278263,0.2375258,1.220155,0.9468395,-0.04100327,-0.3190829,-0.03693227,0.9714326,-0.2344245,0.3195796,0.2337468,0.9182763,static,15.57304,25.60321,-3.881341,11.01591,14.551859352024541,36.98506825538791
05/11/2023 12:33:48.713377,2873,True,True,True,True,Eyes,1.322118,-0.2507166,-3.597906,0.2442379,0.418819,0.8746077,1.231398,1.622872,0.2650163,-2.520916,0.7816184,-0.138475,-0.608192,-0.0696311,0.2384275,1.214645,1.308433,-0.2522643,-3.602862,-0.1190501,0.1633618,-0.001278194,0.9793561,346.5399,19.22805,357.5602,0.3440431,-0.06541101,-0.9366723,0,0,0,1.611143,0.2670941,-2.511789,-0.08373713,0.2387414,1.219753,0.9466226,-0.04140008,-0.3196744,-0.03639285,0.9716509,-0.2336024,0.3202831,0.2327672,0.9182799,static,15.60262,25.58813,-3.927246,11.07446,14.581145859702355,36.970017243668195
05/11/2023 12:33:48.724056,2874,True,True,True,True,Eyes,1.322215,-0.2506831,-3.597956,0.2446983,0.4185626,0.8746017,1.233226,1.623983,0.2654991,-2.519375,0.8560959,-0.1063463,-0.5057571,-0.0697042,0.2396337,1.216269,1.308459,-0.252284,-3.60286,-0.1186303,0.1635105,-0.001652337,0.9793818,346.5952,19.24761,357.5236,0.3440571,-0.06539673,-0.9366682,0,0,0,1.611143,0.2670941,-2.511789,-0.08435124,0.2398737,1.219488,0.9465231,-0.04203115,-0.3198864,-0.03555809,0.9718482,-0.2329091,0.3206705,0.2318284,0.9183823,static,15.6307,25.57461,-3.956811,11.12803,14.608973461602632,36.95653363449944
05/11/2023 12:33:48.744105,2875,True,True,True,True,Eyes,1.322311,-0.2506457,-3.598008,0.245133,0.4183037,0.8746039,0.0,0.0,0.0,0.0,0.0,0.0,0.0,-2.400625,-0.5461798,2.948738,1.308421,-0.2522199,-3.602886,-0.1182449,0.1633699,-0.001967348,0.9794512,346.6448,19.2323,357.4971,0.3440715,-0.06538288,-0.9366639,0,0,0,1.611143,0.2670941,-2.511789,-0.08417636,0.2408264,1.219318,0.9466128,-0.04248917,-0.3195605,-0.0347815,0.9720286,-0.2322731,0.320491,0.2309875,0.9186568,static,15.65706,25.56076,-3.949183,11.17264,14.635058353624428,36.94270487560703
05/11/2023 12:33:48.763431,2876,True,True,True,True,Eyes,1.322397,-0.2506073,-3.598048,0.24553,0.4180709,0.8746037,0.0,0.0,0.0,0.0,0.0,0.0,0.0,-2.399768,-0.5457995,2.9496,1.308484,-0.2520845,-3.60295,-0.1180849,0.1632223,-0.002094354,0.9794948,346.665,19.21531,357.4878,0.3440862,-0.0653693,-0.9366595,0,0,0,1.611143,0.2670941,-2.511789,-0.08397359,0.2411092,1.21926,0.9467081,-0.04265098,-0.3192562,-0.03444535,0.9721031,-0.2320107,0.3202454,0.2306433,0.9188289,static,15.68117,25.54835,-3.939888,11.18595,14.658925224846532,36.930317179865256
05/11/2023 12:33:48.773479,2877,True,True,True,True,Eyes,1.322484,-0.2505659,-3.59809,0.2459039,0.4178748,0.8745924,0.0,0.0,0.0,0.0,0.0,0.0,0.0,-2.398579,-0.5480628,2.950022,1.308563,-0.2520383,-3.602821,-0.1184319,0.1630229,-0.002056119,0.9794863,346.6244,19.19367,357.4879,0.3441011,-0.06535597,-0.9366549,0,0,0,1.611143,0.2670941,-2.511789,-0.08354032,0.2402441,1.219306,0.9468386,-0.04264211,-0.3188704,-0.03458635,0.9719393,-0.2326752,0.3198445,0.2313344,0.9187949,static,15.70407,25.53818,-3.919476,11.14641,14.68164759690823,36.920186406545
05/11/2023 12:33:48.794155,2878,True,True,True,True,Eyes,1.322534,-0.2505252,-3.598112,0.2463117,0.417715,0.874554,0.0,0.0,0.0,0.0,0.0,0.0,0.0,-2.397522,-0.5520787,2.950261,1.308655,-0.251923,-3.602902,-0.1188429,0.1628542,-0.002345675,0.9794639,346.5828,19.18045,357.4485,0.3441162,-0.06534278,-0.9366503,0,0,0,1.611143,0.2670941,-2.511789,-0.0835132,0.2391819,1.219517,0.946946,-0.04330314,-0.318462,-0.03411313,0.9717417,-0.2335687,0.3195771,0.2320407,0.9187098,static,15.72948,25.53063,-3.917529,11.09648,14.70698358777373,36.91272159823468
05/11/2023 12:33:48.813410,2879,True,True,True,True,Eyes,1.322585,-0.2504847,-3.598135,0.246703,0.4175824,0.8745071,0.0,0.0,0.0,0.0,0.0,0.0,0.0,-2.397482,-0.5534041,2.949892,1.308685,-0.2519374,-3.602764,-0.1189307,0.1628643,-0.002558083,0.9794511,346.5769,19.18509,357.422,0.3441308,-0.0653298,-0.9366458,0,0,0,1.611143,0.2670941,-2.511789,-0.08369473,0.2390633,1.219403,0.9469373,-0.04375016,-0.3184268,-0.03372809,0.9716979,-0.2338068,0.3196437,0.2321403,0.9186614,static,15.75404,25.52476,-3.926384,11.09212,14.731519099874367,36.90694986512319
05/11/2023 12:33:48.823862,2880,True,True,True,True,Eyes,1.32262,-0.2504422,-3.598154,0.2470545,0.4174857,0.874454,0.0,0.0,0.0,0.0,0.0,0.0,0.0,-2.397516,-0.5555687,2.94955,1.308754,-0.2519069,-3.602817,-0.1192251,0.1628634,-0.00260296,0.9794152,346.5443,19.18773,357.4109,0.3441449,-0.06531699,-0.9366415,0,0,0,1.611143,0.2670941,-2.511789,-0.0838424,0.2383122,1.219557,0.9469374,-0.04393358,-0.3184011,-0.03373606,0.9715572,-0.2343896,0.3196425,0.2326939,0.9185218,static,15.77628,25.52095,-3.932794,11.05677,14.753786543482791,36.90324564534559
05/11/2023 12:33:48.843340,2881,True,True,True,True,Eyes,1.322659,-0.2504016,-3.59817,0.2473928,0.4174325,0.8743837,0.0,0.0,0.0,0.0,0.0,0.0,0.0,-2.39683,-0.5554996,2.950219,1.308802,-0.2518381,-3.602885,-0.1192226,0.1627366,-0.002552409,0.9794368,346.5432,19.172,357.4185,0.3441583,-0.06530432,-0.9366375,0,0,0,1.611143,0.2670941,-2.511789,-0.08356377,0.23823,1.219612,0.9470206,-0.04380359,-0.3181717,-0.03380389,0.9715589,-0.2343727,0.3193889,0.2327112,0.9186056,static,15.79801,25.5199,-3.91959,11.05256,14.775631442118618,36.90232881653616
05/11/2023 12:33:48.863421,2882,True,True,True,True,Eyes,1.322675,-0.250365,-3.598183,0.2477467,0.4174175,0.8742908,0.0,0.0,0.0,0.0,0.0,0.0,0.0,-2.397226,-0.5589468,2.949237,1.308961,-0.2518517,-3.602819,-0.1197654,0.1627857,-0.002524503,0.9793625,346.4811,19.18142,357.41,0.3441711,-0.06529181,-0.9366337,0,0,0,1.611143,0.2670941,-2.511789,-0.08385569,0.2369251,1.219753,0.9469889,-0.04393697,-0.3182476,-0.03404736,0.9712997,-0.2354093,0.319457,0.2337655,0.9183142,static,15.82108,25.52147,-3.932786,10.99226,14.798911909847432,36.90407015173275
05/11/2023 12:33:48.883316,2883,True,True,True,True,Eyes,1.322696,-0.2503296,-3.598201,0.2481218,0.4173831,0.8742007,0.0,0.0,0.0,0.0,0.0,0.0,0.0,-2.397127,-0.5606042,2.949337,1.30908,-0.2519399,-3.603044,-0.1198277,0.1627609,-0.00286415,0.9793581,346.4805,19.18345,357.3699,0.3441829,-0.06527957,-0.9366302,0,0,0,1.611143,0.2670941,-2.511789,-0.08424875,0.2368886,1.219943,0.9470014,-0.04461656,-0.3181159,-0.03339645,0.9712663,-0.2356407,0.3194887,0.233776,0.9183004,static,15.84538,25.52193,-3.950551,10.98895,14.823394256794904,36.9046973044846
05/11/2023 12:33:48.893515,2884,True,True,True,True,Eyes,1.322691,-0.250289,-3.598205,0.2485276,0.417337,0.8741075,0.0,0.0,0.0,0.0,0.0,0.0,0.0,-2.39901,-0.5608479,2.947941,1.309224,-0.2519197,-3.603141,-0.1196146,0.1630709,-0.003333991,0.979331,346.5146,19.22488,357.3157,0.3441939,-0.0652676,-0.936627,0,0,0,1.611143,0.2670941,-2.511789,-0.08548957,0.2374703,1.219786,0.9467935,-0.0455415,-0.3186033,-0.03248118,0.9713624,-0.235372,0.3201985,0.2331973,0.9182004,static,15.87159,25.52184,-4.009059,11.01665,14.849781617863984,36.90478105624015
05/11/2023 12:33:48.913663,2885,True,True,True,True,Eyes,1.322686,-0.2502438,-3.59822,0.2489241,0.417325,0.8740004,0.0,0.0,0.0,0.0,0.0,0.0,0.0,-2.400526,-0.5621624,2.946391,1.30926,-0.2517906,-3.603084,-0.1197592,0.1633274,-0.003428882,0.9792703,346.5007,19.25763,357.2982,0.3442037,-0.06525577,-0.9366242,0,0,0,1.611143,0.2670941,-2.511789,-0.08620366,0.2370174,1.219709,0.9466248,-0.04583549,-0.319062,-0.03240428,0.971292,-0.2356732,0.3207045,0.2334331,0.9179639,static,15.89749,25.52393,-4.042691,10.99683,14.87592869438234,36.90706706181106
05/11/2023 12:33:48.923561,2886,True,True,True,True,Eyes,1.322678,-0.2501924,-3.598234,0.2493144,0.4173514,0.8738765,0.0,0.0,0.0,0.0,0.0,0.0,0.0,-2.400958,-0.5659062,2.945625,1.309265,-0.2516382,-3.603341,-0.1202206,0.1634009,-0.003563066,0.9792011,346.451,19.27159,357.2722,0.3442122,-0.06524393,-0.9366218,0,0,0,1.611143,0.2670941,-2.511789,-0.08661544,0.2357047,1.220098,0.9465749,-0.04626621,-0.3191479,-0.03231038,0.9710686,-0.2366046,0.3208613,0.2342758,0.9176943,static,15.92329,25.5285,-4.060647,10.934,14.902056818547662,36.91186006826949
05/11/2023 12:33:48.943276,2887,True,True,True,True,Eyes,1.322679,-0.2501402,-3.598253,0.2497091,0.4174504,0.8737165,0.0,0.0,0.0,0.0,0.0,0.0,0.0,-2.401018,-0.5718738,2.944621,1.309463,-0.2514696,-3.603441,-0.1210917,0.1633884,-0.003561713,0.9790957,346.352,19.27667,357.2547,0.3442197,-0.06523193,-0.9366199,0,0,0,1.611143,0.2670941,-2.511789,-0.08689925,0.2333856,1.220493,0.9465831,-0.04654448,-0.3190832,-0.03259545,0.9706482,-0.2382847,0.3208084,0.2359569,0.917282,static,15.94999,25.53787,-4.072594,10.82555,14.92924933284293,36.92151262577111
05/11/2023 12:33:48.963301,2888,True,True,True,True,Eyes,1.322678,-0.2500911,-3.598269,0.2501324,0.4175578,0.8735441,0.0,0.0,0.0,0.0,0.0,0.0,0.0,-2.402646,-0.5795248,2.942052,1.309686,-0.2514045,-3.603575,-0.1221344,0.1636449,-0.003762935,0.9789226,346.238,19.31777,357.2063,0.3442262,-0.06521974,-0.9366184,0,0,0,1.611143,0.2670941,-2.511789,-0.08803815,0.2307734,1.220944,0.9464124,-0.04734057,-0.3194721,-0.03260609,0.9701381,-0.2403518,0.3213105,0.2378886,0.9166071,static,15.97864,25.548,-4.124266,10.70333,14.95843031134663,36.93194666373883
05/11/2023 12:33:48.973131,2889,True,True,True,True,Eyes,1.322681,-0.2500449,-3.598293,0.2505762,0.4176733,0.8733616,0.0,0.0,0.0,0.0,0.0,0.0,0.0,-2.404941,-0.5846178,2.939278,1.309888,-0.2514483,-3.603587,-0.1227264,0.1640254,-0.004130764,0.9787833,346.179,19.37251,357.1461,0.3442321,-0.06520747,-0.9366171,0,0,0,1.611143,0.2670941,-2.511789,-0.0894945,0.229433,1.221071,0.9461572,-0.04834674,-0.3200766,-0.03217424,0.9698423,-0.2416003,0.3221045,0.2388901,0.9160678,static,16.00872,25.55883,-4.191816,10.64151,14.989074198933961,36.94309804568143
05/11/2023 12:33:48.993535,2890,True,True,True,True,Eyes,1.322661,-0.2499963,-3.598306,0.2510991,0.4177298,0.8731844,0.0,0.0,0.0,0.0,0.0,0.0,0.0,-2.407167,-0.5876354,2.937171,1.309968,-0.2514608,-3.603817,-0.1229583,0.1644018,-0.00455874,0.9786892,346.162,19.42484,357.0865,0.3442372,-0.0651952,-0.9366161,0,0,0,1.611143,0.2670941,-2.511789,-0.09089544,0.2289031,1.221258,0.9459025,-0.04935232,-0.3206754,-0.03150595,0.969721,-0.2421749,0.3229176,0.2391771,0.9157066,static,16.0435,25.56636,-4.256546,10.61591,15.024341661810704,36.95094394917899
05/11/2023 12:33:49.013590,2891,True,True,True,True,Eyes,1.322645,-0.2499477,-3.598327,0.2516237,0.4178219,0.8729893,0.0,0.0,0.0,0.0,0.0,0.0,0.0,-2.409117,-0.5903556,2.935,1.31,-0.2513882,-3.603789,-0.1232467,0.1647424,-0.004797398,0.9785946,346.1349,19.47082,357.0481,0.3442412,-0.06518287,-0.9366155,0,0,0,1.611143,0.2670941,-2.511789,-0.09194389,0.2281712,1.221253,0.9456738,-0.04999731,-0.3212495,-0.03121848,0.9695745,-0.2427977,0.3236146,0.2396363,0.9153404,static,16.07869,25.57627,-4.305479,10.58277,15.06010038539011,36.96119913837102
05/11/2023 12:33:49.023443,2892,True,True,True,True,Eyes,1.322619,-0.249901,-3.598348,0.2521525,0.4178512,0.8728228,0.0,0.0,0.0,0.0,0.0,0.0,0.0,-2.410762,-0.5947146,2.933044,1.310102,-0.251343,-3.603979,-0.1238011,0.1650116,-0.004987586,0.9784783,346.0764,19.50981,357.0107,0.3442444,-0.0651705,-0.9366152,0,0,0,1.611143,0.2670941,-2.511789,-0.09295189,0.2267517,1.221567,0.9454926,-0.05061774,-0.3216857,-0.03109676,0.9692968,-0.2439194,0.3241556,0.2406274,0.9148889,static,16.11364,25.58209,-4.351385,10.51576,15.095482659829527,36.967317098063766
05/11/2023 12:33:49.043555,2893,True,True,True,True,Eyes,1.322595,-0.2498539,-3.598376,0.2526813,0.4178919,0.8726503,0.0,0.0,0.0,0.0,0.0,0.0,0.0,-2.41218,-0.5979385,2.931512,1.310239,-0.2513604,-3.604164,-0.1240358,0.1652522,-0.005453723,0.9784054,346.0596,19.54667,356.9485,0.3442465,-0.06515814,-0.9366153,0,0,0,1.611143,0.2670941,-2.511789,-0.0940955,0.2262425,1.221713,0.9453239,-0.05166628,-0.3220144,-0.03032247,0.9691708,-0.244517,0.3247202,0.240912,0.9146137,static,16.1487,25.58867,-4.404188,10.49145,15.131000739103103,36.97420426997712
05/11/2023 12:33:49.063240,2894,True,True,True,True,Eyes,1.322559,-0.2498078,-3.598398,0.2531779,0.4179047,0.8725002,0.0,0.0,0.0,0.0,0.0,0.0,0.0,-2.413188,-0.6007576,2.930357,1.310262,-0.2512955,-3.604364,-0.1242593,0.1654345,-0.005801357,0.9783442,346.0416,19.57491,356.901,0.3442476,-0.06514576,-0.9366158,0,0,0,1.611143,0.2670941,-2.511789,-0.09490177,0.2256492,1.221905,0.9451955,-0.05246502,-0.3222621,-0.02976212,0.9690519,-0.2450563,0.3251456,0.2412173,0.914382,static,16.18142,25.5932,-4.441078,10.46293,15.164095155206796,36.97900296945441
05/11/2023 12:33:49.078373,2895,True,True,True,True,Eyes,1.322526,-0.2497666,-3.598425,0.2536549,0.4179163,0.8723561,0.0,0.0,0.0,0.0,0.0,0.0,0.0,-2.413863,-0.6028363,2.929365,1.31029,-0.251292,-3.604347,-0.1245127,0.1655562,-0.005922419,0.9782907,346.0156,19.59309,356.8799,0.3442476,-0.06513342,-0.9366166,0,0,0,1.611143,0.2670941,-2.511789,-0.09533352,0.2250487,1.221958,0.9451121,-0.05281538,-0.3224493,-0.02963999,0.968923,-0.2455801,0.325399,0.2416582,0.9141755,static,16.21284,25.59751,-4.461009,10.43526,15.195873376443645,36.98357054676214
05/11/2023 12:33:49.093564,2896,True,True,True,True,Eyes,1.322469,-0.2497252,-3.598448,0.2541177,0.4178766,0.8722404,0.0,0.0,0.0,0.0,0.0,0.0,0.0,-2.41359,-0.6034988,2.929673,1.310297,-0.2513643,-3.604518,-0.1245239,0.1655121,-0.006081297,0.9782959,346.0173,19.59012,356.862,0.3442467,-0.06512121,-0.9366178,0,0,0,1.611143,0.2670941,-2.511789,-0.0954133,0.2250854,1.222128,0.9451375,-0.05311903,-0.322325,-0.0293218,0.9689137,-0.2456554,0.325354,0.2416293,0.9141991,static,16.24291,25.59834,-4.46411,10.43551,15.22617761597022,36.98461029896505
05/11/2023 12:33:49.113731,2897,True,True,True,True,Eyes,1.322415,-0.2496875,-3.598473,0.2545589,0.4178269,0.8721356,0.0,0.0,0.0,0.0,0.0,0.0,0.0,-2.413202,-0.6040093,2.930093,1.31032,-0.2513433,-3.604679,-0.1244333,0.1654545,-0.006354497,0.9783152,346.0327,19.58629,356.8332,0.3442444,-0.06510915,-0.9366195,0,0,0,1.611143,0.2670941,-2.511789,-0.0955407,0.2253105,1.222205,0.9451689,-0.05360951,-0.322152,-0.02874271,0.968952,-0.2455728,0.3253148,0.2413673,0.9142823,static,16.27146,25.59837,-4.469764,10.44507,15.254925031412048,36.984830991485225
05/11/2023 12:33:49.127459,2898,True,True,True,True,Eyes,1.32236,-0.2496503,-3.598492,0.2549107,0.4177504,0.8720695,0.0,0.0,0.0,0.0,0.0,0.0,0.0,-2.412785,-0.6032907,2.930695,1.310322,-0.2513905,-3.604764,-0.1242834,0.1653826,-0.006426146,0.9783461,346.051,19.57749,356.8291,0.3442409,-0.06509731,-0.9366217,0,0,0,1.611143,0.2670941,-2.511789,-0.0954369,0.2257233,1.222233,0.9452146,-0.0536826,-0.3220055,-0.02853462,0.9690247,-0.2453098,0.3252001,0.2410587,0.9144045,static,16.29393,25.59598,-4.464828,10.46355,15.277470857697148,36.98256414719347
05/11/2023 12:33:49.143302,2899,True,True,True,True,Eyes,1.322308,-0.2496112,-3.598513,0.2552285,0.4176653,0.8720173,0.0,0.0,0.0,0.0,0.0,0.0,0.0,-2.41182,-0.6028321,2.931399,1.310254,-0.2513585,-3.604642,-0.1242216,0.1652372,-0.006395358,0.9783787,346.0569,19.55929,356.8361,0.3442363,-0.06508569,-0.9366241,0,0,0,1.611143,0.2670941,-2.511789,-0.0949519,0.2258719,1.222137,0.9453115,-0.05356624,-0.3217402,-0.02853791,0.9690561,-0.2451851,0.3249181,0.2409581,0.9145314,static,16.31409,25.59277,-4.442574,10.47108,15.29766376546416,36.9794527527483
05/11/2023 12:33:49.163247,2900,True,True,True,True,Eyes,1.32224,-0.2495732,-3.598526,0.2555194,0.4175425,0.8719909,0.0,0.0,0.0,0.0,0.0,0.0,0.0,-2.410089,-0.6022372,2.933052,1.310291,-0.251269,-3.604721,-0.1240634,0.1649431,-0.006454496,0.978448,346.0751,19.52386,356.8369,0.3442308,-0.06507422,-0.9366269,0,0,0,1.611143,0.2670941,-2.511789,-0.09432814,0.2261818,1.222152,0.9455042,-0.05355757,-0.321175,-0.02829602,0.9691333,-0.2449084,0.324378,0.2406499,0.9148041,static,16.33216,25.58688,-4.413452,10.48501,15.315663966591591,36.973617524275184
05/11/2023 12:33:49.173604,2901,True,True,True,True,Eyes,1.322178,-0.2495344,-3.598538,0.2557868,0.4174531,0.8719553,0.0,0.0,0.0,0.0,0.0,0.0,0.0,-2.408689,-0.6016428,2.9344,1.310334,-0.2512801,-3.604767,-0.1239614,0.1647001,-0.006448569,0.9785019,346.0858,19.49408,356.8432,0.3442243,-0.06506293,-0.9366301,0,0,0,1.611143,0.2670941,-2.511789,-0.09378356,0.226443,1.222181,0.9456646,-0.05345278,-0.32072,-0.02821304,0.969184,-0.2447171,0.3239174,0.2404688,0.9150149,static,16.34898,25.58301,-4.38797,10.49661,15.332472142611119,36.96981649713517
05/11/2023 12:33:49.193606,2902,True,True,True,True,Eyes,1.322101,-0.2495006,-3.598546,0.2560168,0.4173207,0.8719512,0.0,0.0,0.0,0.0,0.0,0.0,0.0,-2.407816,-0.6044143,2.934538,1.310415,-0.2512269,-3.604734,-0.1243539,0.1645542,-0.00646572,0.9784765,346.041,19.4802,356.8351,0.3442169,-0.06505178,-0.9366336,0,0,0,1.611143,0.2670941,-2.511789,-0.09355193,0.2254459,1.222311,0.9457602,-0.05357903,-0.3204168,-0.0282728,0.9689886,-0.2454826,0.323633,0.2412268,0.914916,static,16.36296,25.57604,-4.37671,10.45032,15.346318609591117,36.96286194967496
05/11/2023 12:33:49.213445,2903,True,True,True,True,Eyes,1.32203,-0.2494656,-3.59855,0.2562403,0.4171923,0.8719469,0.0,0.0,0.0,0.0,0.0,0.0,0.0,-2.406624,-0.604704,2.935564,1.310411,-0.2513248,-3.604817,-0.1242921,0.1643652,-0.006650351,0.978515,346.0511,19.45977,356.8178,0.3442084,-0.0650409,-0.9366375,0,0,0,1.611143,0.2670941,-2.511789,-0.09325752,0.2257209,1.222399,0.9458797,-0.05387351,-0.3200144,-0.02784364,0.9690145,-0.2454294,0.3233207,0.2410571,0.9150711,static,16.37655,25.56928,-4.362676,10.46205,15.359779314498633,36.95611714470445
05/11/2023 12:33:49.223782,2904,True,True,True,True,Eyes,1.321948,-0.2494358,-3.598545,0.2564273,0.4170142,0.8719772,0.0,0.0,0.0,0.0,0.0,0.0,0.0,-2.406442,-0.605477,2.935465,1.310478,-0.251259,-3.604724,-0.1242971,0.1643439,-0.006834605,0.9785166,346.054,19.4598,356.7968,0.3441992,-0.06503024,-0.9366416,0,0,0,1.611143,0.2670941,-2.511789,-0.09337437,0.2257102,1.222265,0.9458888,-0.05423048,-0.3199273,-0.02747939,0.969007,-0.2455,0.3233254,0.2410071,0.9150826,static,16.38733,25.55898,-4.368598,10.46268,15.370294015282033,36.94577411066465
05/11/2023 12:33:49.243632,2905,True,True,True,True,Eyes,1.321868,-0.2494069,-3.59854,0.256604,0.4168276,0.8720144,0.0,0.0,0.0,0.0,0.0,0.0,0.0,-2.405908,-0.6055619,2.935734,1.310403,-0.251363,-3.604621,-0.1243301,0.1642719,-0.006823771,0.9785245,346.0498,19.45137,356.7984,0.344189,-0.06501992,-0.9366461,0,0,0,1.611143,0.2670941,-2.511789,-0.0930984,0.225754,1.222249,0.9459364,-0.05420232,-0.3197913,-0.02749342,0.968991,-0.245562,0.3231848,0.2410782,0.9151135,static,16.39735,25.54805,-4.355795,10.46481,15.380022723700089,36.934788980833005
05/11/2023 12:33:49.263382,2906,True,True,True,True,Eyes,1.321788,-0.2493812,-3.598529,0.2567568,0.4165832,0.8720862,0.0,0.0,0.0,0.0,0.0,0.0,0.0,-2.405307,-0.6048092,2.936371,1.310402,-0.251349,-3.604614,-0.1241312,0.1641795,-0.006961234,0.9785643,346.0748,19.44065,356.788,0.344178,-0.06500994,-0.9366508,0,0,0,1.611143,0.2670941,-2.511789,-0.09295389,0.2262658,1.222153,0.9459933,-0.05438361,-0.3195922,-0.02713555,0.969086,-0.2452264,0.3230486,0.2406548,0.9152731,static,16.40532,25.53315,-4.3494,10.48881,15.38755648495784,36.91977589203908
05/11/2023 12:33:49.273871,2907,True,True,True,True,Eyes,1.321712,-0.2493566,-3.598518,0.2569086,0.4163429,0.8721563,0.0,0.0,0.0,0.0,0.0,0.0,0.0,-2.405266,-0.6036259,2.936596,1.310469,-0.2513959,-3.604544,-0.1239062,0.1641685,-0.007059618,0.9785941,346.1023,19.43884,356.7815,0.3441665,-0.06500036,-0.9366557,0,0,0,1.611143,0.2670941,-2.511789,-0.09301999,0.2269057,1.22197,0.9459978,-0.05449996,-0.319559,-0.02686596,0.9691948,-0.2448256,0.323058,0.2401897,0.915392,static,16.41324,25.5185,-4.353128,10.51935,15.395048141692348,36.905015258945525
05/11/2023 12:33:49.293455,2908,True,True,True,True,Eyes,1.321626,-0.2493292,-3.598499,0.2570799,0.4160543,0.8722435,0.0,0.0,0.0,0.0,0.0,0.0,0.0,-2.405365,-0.6037327,2.936494,1.310499,-0.2513959,-3.604534,-0.1238458,0.1641896,-0.00719822,0.9785971,346.1119,19.44275,356.7665,0.3441544,-0.06499116,-0.9366608,0,0,0,1.611143,0.2670941,-2.511789,-0.0931938,0.2270866,1.221907,0.94598,-0.0547567,-0.319568,-0.02658007,0.9692208,-0.244754,0.3231339,0.2400265,0.915408,static,16.42204,25.50083,-4.361456,10.52808,15.403326319973745,36.88720680122828
05/11/2023 12:33:49.313422,2909,True,True,True,True,Eyes,1.321545,-0.249304,-3.598474,0.2572684,0.4157647,0.872326,0.0,0.0,0.0,0.0,0.0,0.0,0.0,-2.406035,-0.6045251,2.935694,1.310524,-0.251305,-3.60446,-0.1237667,0.1643254,-0.007546371,0.9785817,346.1281,19.46297,356.726,0.3441418,-0.06498225,-0.9366661,0,0,0,1.611143,0.2670941,-2.511789,-0.09376726,0.227281,1.221716,0.9458804,-0.05544551,-0.3197437,-0.02590654,0.9692497,-0.2447118,0.3234796,0.2397515,0.9153579,static,16.43196,25.48323,-4.388874,10.53851,15.412734511016035,36.869476592080176
05/11/2023 12:33:49.323658,2910,True,True,True,True,Eyes,1.321471,-0.2492846,-3.598445,0.2575156,0.4154702,0.8723934,0.0,0.0,0.0,0.0,0.0,0.0,0.0,-2.407791,-0.6035447,2.934271,1.310565,-0.2513278,-3.604292,-0.123609,0.1646193,-0.00761393,0.9785517,346.1483,19.49749,356.7173,0.3441288,-0.06497367,-0.9366714,0,0,0,1.611143,0.2670941,-2.511789,-0.09449396,0.2277338,1.221425,0.945685,-0.05559812,-0.3202947,-0.02579562,0.9693257,-0.2444225,0.3240594,0.2394089,0.9152426,static,16.4457,25.46574,-4.423801,10.56149,15.425992609391988,36.851883080070245
05/11/2023 12:33:49.343710,2911,True,True,True,True,Eyes,1.321401,-0.2492671,-3.598414,0.2577601,0.4151712,0.8724635,0.0,0.0,0.0,0.0,0.0,0.0,0.0,-2.408917,-0.6028987,2.933347,1.310602,-0.2514409,-3.604164,-0.1236834,0.1647887,-0.007367308,0.9785157,346.1356,19.51487,356.7417,0.3441156,-0.06496552,-0.9366769,0,0,0,1.611143,0.2670941,-2.511789,-0.09472397,0.2276321,1.22135,0.9455807,-0.05518133,-0.3206743,-0.02634522,0.9692963,-0.2444804,0.3243192,0.2396242,0.9150941,static,16.45922,25.44795,-4.434797,10.55751,15.439019306769309,36.83398475431294
05/11/2023 12:33:49.363599,2912,True,True,True,True,Eyes,1.321337,-0.2492516,-3.598378,0.2580076,0.4148455,0.8725452,0.0,0.0,0.0,0.0,0.0,0.0,0.0,-2.409585,-0.6010591,2.933046,1.310615,-0.2514642,-3.604051,-0.1234553,0.1648938,-0.007305501,0.9785272,346.1607,19.52462,356.7521,0.3441025,-0.06495783,-0.9366822,0,0,0,1.611143,0.2670941,-2.511789,-0.09488255,0.2282255,1.221133,0.9455134,-0.05501129,-0.3209022,-0.02641677,0.9694108,-0.244018,0.3245099,0.2391995,0.9151377,static,16.4727,25.42842,-4.442978,10.58625,15.451948382151636,36.81432674988143
05/11/2023 12:33:49.373821,2913,True,True,True,True,Eyes,1.321273,-0.2492435,-3.598337,0.2582511,0.4144908,0.8726417,0.0,0.0,0.0,0.0,0.0,0.0,0.0,-2.410183,-0.5992942,2.932627,1.310524,-0.25147,-3.603849,-0.1231048,0.1650235,-0.007483043,0.9785482,346.2044,19.53955,356.7371,0.3440894,-0.0649506,-0.9366875,0,0,0,1.611143,0.2670941,-2.511789,-0.0951387,0.229172,1.220781,0.9454225,-0.0552754,-0.3211245,-0.02598532,0.9695784,-0.2433976,0.3248093,0.2384581,0.915225,static,16.48568,25.40697,-4.456207,10.63215,15.464310738268724,36.792723991579194
05/11/2023 12:33:49.393638,2914,True,True,True,True,Eyes,1.321206,-0.2492382,-3.59829,0.2584439,0.4140913,0.8727744,0.0,0.0,0.0,0.0,0.0,0.0,0.0,-2.410446,-0.5952611,2.932997,1.310446,-0.2516289,-3.603674,-0.1225281,0.1650756,-0.007484886,0.9786117,346.2702,19.54102,356.7483,0.3440766,-0.06494398,-0.9366927,0,0,0,1.611143,0.2670941,-2.511789,-0.09508151,0.2307821,1.220412,0.945388,-0.0551024,-0.3212556,-0.02580321,0.9698617,-0.2422861,0.324924,0.2373438,0.9154738,static,16.49495,25.38219,-4.454879,10.70829,15.472827819340916,36.767729346259756
05/11/2023 12:33:49.414232,2915,True,True,True,True,Eyes,1.321137,-0.2492341,-3.598243,0.2586183,0.413655,0.8729296,0.0,0.0,0.0,0.0,0.0,0.0,0.0,-2.409767,-0.5907907,2.934167,1.310251,-0.251673,-3.603505,-0.1218548,0.1649897,-0.007494873,0.9787102,346.3466,19.52545,356.7624,0.3440639,-0.06493801,-0.9366978,0,0,0,1.611143,0.2670941,-2.511789,-0.09457374,0.2325213,1.220036,0.9454445,-0.05488019,-0.3211276,-0.02553895,0.9701904,-0.2409942,0.3247807,0.2360479,0.9158596,static,16.5027,25.35486,-4.432543,10.79035,15.479730399957889,36.740146117721295
05/11/2023 12:33:49.423379,2916,True,True,True,True,Eyes,1.321073,-0.2492318,-3.598194,0.2587797,0.4132006,0.8730971,0.0,0.0,0.0,0.0,0.0,0.0,0.0,-2.408667,-0.5859896,2.935898,1.310135,-0.2516842,-3.603437,-0.1211275,0.1648148,-0.007488218,0.97883,346.4285,19.49869,356.7809,0.3440513,-0.06493264,-0.9367028,0,0,0,1.611143,0.2670941,-2.511789,-0.09393862,0.2343384,1.21971,0.94556,-0.05458657,-0.3208372,-0.0252678,0.9705441,-0.2395947,0.3244654,0.234658,0.9163285,static,16.50945,25.32625,-4.404065,10.8755,15.485583914334898,36.71126194158586
05/11/2023 12:33:49.443210,2917,True,True,True,True,Eyes,1.321012,-0.2492306,-3.598138,0.2589255,0.4127377,0.8732727,0.0,0.0,0.0,0.0,0.0,0.0,0.0,-2.408177,-0.5799114,2.937382,1.310132,-0.2517111,-3.603335,-0.1204215,0.1646999,-0.007117477,0.9789392,346.5011,19.47446,356.84,0.3440389,-0.06492785,-0.9367077,0,0,0,1.611143,0.2670941,-2.511789,-0.09326971,0.2360469,1.219353,0.9456465,-0.05360197,-0.3207482,-0.02573166,0.970896,-0.2381151,0.3241766,0.2334261,0.9167452,static,16.5151,25.29697,-4.374103,10.95602,15.49030777879731,36.68169295644792
05/11/2023 12:33:49.463702,2918,True,True,True,True,Eyes,1.320935,-0.2492323,-3.598075,0.259147,0.4122528,0.8734361,0.0,0.0,0.0,0.0,0.0,0.0,0.0,-2.408072,-0.5759387,2.937995,1.31015,-0.2517361,-3.603119,-0.1200171,0.1646608,-0.006789916,0.9789978,346.5406,19.46225,356.8867,0.3440268,-0.06492364,-0.9367124,0,0,0,1.611143,0.2670941,-2.511789,-0.09283191,0.2370458,1.219005,0.9456815,-0.05281882,-0.3207752,-0.02622957,0.9710996,-0.237229,0.3240349,0.2327568,0.9169655,static,16.52553,25.26682,-4.354887,11.00431,15.499815856716852,36.65127613609155
05/11/2023 12:33:49.483318,2919,True,True,True,True,Eyes,1.320858,-0.249238,-3.598009,0.2593516,0.4117529,0.8736111,0.0,0.0,0.0,0.0,0.0,0.0,0.0,-2.407563,-0.5726942,2.938923,1.310094,-0.251825,-3.603033,-0.1195862,0.1645756,-0.006705942,0.9790655,346.5876,19.44763,356.9065,0.3440147,-0.06492005,-0.9367171,0,0,0,1.611143,0.2670941,-2.511789,-0.0924398,0.2381935,1.218786,0.9457398,-0.05249305,-0.3206566,-0.02623083,0.9713084,-0.2363727,0.3238644,0.2319582,0.9172281,moving,16.53474,25.23558,-4.33734,11.05822,15.508059616781521,36.619749020981004
05/11/2023 12:33:49.493600,2920,True,True,True,True,Eyes,1.320767,-0.2492425,-3.597931,0.259598,0.4112316,0.8737835,0.0,0.0,0.0,0.0,0.0,0.0,0.0,-2.406738,-0.5695516,2.94005,1.310041,-0.2519184,-3.602915,-0.1191162,0.1644451,-0.006716764,0.9791446,346.6408,19.4286,356.9169,0.3440026,-0.0649171,-0.9367217,0,0,0,1.611115,0.264147,-2.51185,-0.0918529,0.236623,1.217771,0.9458255,-0.0523295,-0.3204308,-0.02602277,0.9715325,-0.235473,0.3236311,0.2310549,0.9175383,moving,16.5465,25.20324,-4.313487,10.99603,15.518834667369136,36.58712663612143
05/11/2023 12:33:49.513435,2921,True,True,True,True,Eyes,1.320679,-0.2492484,-3.597849,0.2598288,0.4107006,0.8739646,0.0,0.0,0.0,0.0,0.0,0.0,0.0,-2.405223,-0.5669311,2.941513,1.309992,-0.2519107,-3.602703,-0.1186555,0.1642124,-0.006819197,0.9792389,346.6944,19.39874,356.9178,0.3439902,-0.06491475,-0.9367264,0,0,0,1.611086,0.2609904,-2.511915,-0.09104905,0.2347741,1.216608,0.9459756,-0.05232462,-0.319988,-0.02561413,0.9717488,-0.2346236,0.3232245,0.2301445,0.9179104,moving,16.55716,25.17016,-4.279949,10.92235,15.528477760987334,36.55374866131788
05/11/2023 12:33:49.523404,2922,True,True,True,True,Eyes,1.320582,-0.2492561,-3.597761,0.2600851,0.4101906,0.8741277,0.0,0.0,0.0,0.0,0.0,0.0,0.0,-2.404232,-0.5649923,2.942497,1.309999,-0.2519391,-3.602536,-0.1182597,0.1640614,-0.007004357,0.9793109,346.7425,19.38015,356.9068,0.3439778,-0.06491297,-0.9367311,0,0,0,1.611058,0.2581031,-2.511974,-0.09059319,0.2330649,1.215557,0.9460696,-0.05252258,-0.3196774,-0.02508482,0.9719312,-0.2339243,0.3229908,0.2293278,0.918197,moving,16.56968,25.13865,-4.262267,10.85389,15.54004539552549,36.52197060351145
05/11/2023 12:33:49.548593,2923,True,True,True,True,Eyes,1.32049,-0.2492628,-3.597671,0.2603501,0.4096832,0.8742868,0.0,0.0,0.0,0.0,0.0,0.0,0.0,-2.403553,-0.565429,2.94278,1.309944,-0.2520042,-3.602398,-0.1182229,0.1639771,-0.007202132,0.9793279,346.7502,19.37245,356.8859,0.3439651,-0.06491175,-0.9367359,0,0,0,1.61103,0.2551026,-2.512036,-0.09029078,0.230395,1.214687,0.9461193,-0.05287819,-0.3194717,-0.0246652,0.971943,-0.23392,0.3228775,0.229196,0.9182698,moving,16.58278,25.10738,-4.251122,10.73996,15.552204930420812,36.4904390903829
05/11/2023 12:33:49.563846,2924,True,True,True,True,Eyes,1.320389,-0.2492691,-3.597574,0.2606474,0.4092285,0.8744112,0.0,0.0,0.0,0.0,0.0,0.0,0.0,-2.40425,-0.5653174,2.94206,1.309957,-0.2519778,-3.602254,-0.1180246,0.1641169,-0.007540775,0.9793258,346.7798,19.39186,356.8491,0.3439523,-0.06491103,-0.9367406,0,0,0,1.611001,0.2520281,-2.512099,-0.09066334,0.2279827,1.213628,0.9460176,-0.05350941,-0.3196678,-0.02396991,0.9720266,-0.2336443,0.3232278,0.228694,0.9182717,moving,16.59844,25.07981,-4.272311,10.63915,15.56706402268473,36.46266592445149
05/11/2023 12:33:49.573611,2925,True,True,True,True,Eyes,1.320293,-0.2492742,-3.597479,0.2609487,0.4088063,0.8745189,0.0,0.0,0.0,0.0,0.0,0.0,0.0,-2.405231,-0.5648256,2.941219,1.309986,-0.2519961,-3.602133,-0.1178497,0.1642912,-0.007750368,0.979316,346.8043,19.41385,356.8262,0.3439392,-0.06491075,-0.9367455,0,0,0,1.610973,0.2489766,-2.512162,-0.09104848,0.2255432,1.212619,0.9458966,-0.05390346,-0.3199592,-0.02354322,0.9721028,-0.2333709,0.3236127,0.2282776,0.9182397,moving,16.61464,25.05441,-4.293947,10.53642,15.582538348899172,36.43709056816843
05/11/2023 12:33:49.593644,2926,True,True,True,True,Eyes,1.320191,-0.2492876,-3.597381,0.2612584,0.4084559,0.8745901,0.0,0.0,0.0,0.0,0.0,0.0,0.0,-2.406428,-0.5663338,2.939874,1.310013,-0.2519741,-3.602064,-0.1180581,0.1644963,-0.007804235,0.979256,346.7823,19.4405,356.8128,0.3439261,-0.06491085,-0.9367503,0,0,0,1.610943,0.2458326,-2.512226,-0.09143895,0.2219924,1.211807,0.9457601,-0.05412491,-0.3203252,-0.02355554,0.9720028,-0.2337857,0.3240106,0.2286507,0.9180065,moving,16.63199,25.03378,-4.315175,10.38099,15.59932779652946,36.416346095120524
05/11/2023 12:33:49.613527,2927,True,True,True,True,Eyes,1.320095,-0.2492998,-3.597286,0.2615886,0.4080878,0.8746632,0.0,0.0,0.0,0.0,0.0,0.0,0.0,-2.409172,-0.5676287,2.937316,1.310045,-0.2522109,-3.601987,-0.1182503,0.1649587,-0.00792492,0.9791541,346.7644,19.4984,356.7886,0.3439128,-0.0649115,-0.9367551,0,0,0,1.610917,0.2430471,-2.512284,-0.09252274,0.2190844,1.211074,0.9454516,-0.05453227,-0.3211657,-0.0234934,0.9719081,-0.2341852,0.3249142,0.228956,0.917611,moving,16.65053,25.01214,-4.368755,10.25397,15.617282143967211,36.39458828855754
05/11/2023 12:33:49.623840,2928,True,True,True,True,Eyes,1.320004,-0.2493066,-3.597178,0.2619095,0.4077961,0.8747032,0.0,0.0,0.0,0.0,0.0,0.0,0.0,-2.411831,-0.5645221,2.935697,1.310059,-0.2521855,-3.601954,-0.1178209,0.1653879,-0.007897681,0.9791336,346.814,19.54551,356.7948,0.3438993,-0.0649126,-0.9367599,0,0,0,1.610888,0.2400495,-2.512345,-0.09332997,0.2171898,1.210025,0.9451689,-0.05443807,-0.3220127,-0.02350652,0.9721117,-0.2333371,0.3257348,0.2281124,0.9175302,moving,16.6691,24.99545,-4.410528,10.17578,15.63542983954141,36.37783590573721
05/11/2023 12:33:49.643840,2929,True,True,True,True,Eyes,1.319911,-0.2493206,-3.597077,0.2622181,0.407514,0.8747423,0.0,0.0,0.0,0.0,0.0,0.0,0.0,-2.414613,-0.5670036,2.93242,1.310056,-0.252075,-3.601548,-0.1182792,0.1658738,-0.007797561,0.9789971,346.7616,19.60546,356.7901,0.343886,-0.064914,-0.9367647,0,0,0,1.61086,0.2369694,-2.512409,-0.09416339,0.2130399,1.208974,0.9448501,-0.0545064,-0.3229353,-0.02397125,0.9718985,-0.2341767,0.3266245,0.2290031,0.9169918,moving,16.68695,24.97928,-4.453605,9.993798,15.652869719568928,36.36160452357841
05/11/2023 12:33:49.663642,2930,True,True,True,True,Eyes,1.319825,-0.24934,-3.596974,0.2625279,0.4072385,0.8747776,0.0,0.0,0.0,0.0,0.0,0.0,0.0,-2.414458,-0.5668368,2.932578,1.309919,-0.2522579,-3.601583,-0.1182555,0.1658683,-0.007838584,0.9790004,346.7651,19.60514,356.7859,0.3438728,-0.06491583,-0.9367694,0,0,0,1.610832,0.2340447,-2.512469,-0.09391582,0.2104449,1.208347,0.9448525,-0.05457761,-0.3229163,-0.0238817,0.9719084,-0.2341446,0.3266241,0.2289439,0.9170067,moving,16.70493,24.96357,-4.44424,9.879504,15.670455654654711,36.34583914009879
05/11/2023 12:33:49.673945,2931,True,True,True,True,Eyes,1.319741,-0.2493617,-3.596867,0.2628167,0.4069264,0.8748361,0.0,0.0,0.0,0.0,0.0,0.0,0.0,-2.415371,-0.5637259,2.932186,1.309893,-0.252397,-3.601388,-0.1177395,0.1660326,-0.007986513,0.9790336,346.8271,19.62242,356.7774,0.3438597,-0.0649182,-0.936774,0,0,0,1.610803,0.230942,-2.512532,-0.09411711,0.2089032,1.207174,0.9447387,-0.05473534,-0.3232224,-0.02345908,0.9721472,-0.233194,0.3269837,0.2278899,0.9171411,moving,16.72123,24.9453,-4.458036,9.81788,15.686265658890862,36.32747399503314
05/11/2023 12:33:49.693562,2932,True,True,True,True,Eyes,1.319643,-0.2493806,-3.59675,0.2630965,0.4066072,0.8749005,0.0,0.0,0.0,0.0,0.0,0.0,0.0,-2.415258,-0.5577309,2.933204,1.30986,-0.2524672,-3.601215,-0.117043,0.1659916,-0.007644959,0.9791269,346.8994,19.60763,356.8319,0.3438469,-0.0649211,-0.9367785,0,0,0,1.610775,0.2279727,-2.512594,-0.09347594,0.2077582,1.206055,0.9447767,-0.05382708,-0.323264,-0.02388554,0.9724849,-0.2317379,0.3268431,0.2266619,0.9174955,moving,16.73686,24.9265,-4.431881,9.773997,15.70138358576279,36.3085684698835
05/11/2023 12:33:49.713418,2933,True,True,True,True,Eyes,1.31955,-0.2493993,-3.59663,0.2633502,0.406262,0.8749846,0.0,0.0,0.0,0.0,0.0,0.0,0.0,-2.414505,-0.5549721,2.934137,1.309932,-0.2524537,-3.601018,-0.1167625,0.1658449,-0.007399601,0.9791871,346.9259,19.5849,356.868,0.3438342,-0.06492446,-0.936783,0,0,0,1.610748,0.225078,-2.512653,-0.09278455,0.2056254,1.205062,0.9448814,-0.05322013,-0.3230584,-0.02423776,0.9726235,-0.2311191,0.3265144,0.2262104,0.917724,moving,16.75059,24.9058,-4.40284,9.683387,15.714525820395393,36.287729079454635
05/11/2023 12:33:49.733329,2934,True,True,True,True,Eyes,1.319443,-0.2494254,-3.596501,0.2635724,0.405891,0.8750898,0.0,0.0,0.0,0.0,0.0,0.0,0.0,-2.413239,-0.55134,2.935649,1.30995,-0.2524559,-3.600838,-0.1162246,0.1656303,-0.007371809,0.9792877,346.9858,19.55492,356.8853,0.3438216,-0.0649282,-0.9367874,0,0,0,1.610718,0.2219459,-2.512717,-0.09200245,0.2039455,1.203938,0.9450245,-0.05293888,-0.3226859,-0.0240624,0.972875,-0.2300766,0.326113,0.2251927,0.9181169,moving,16.76202,24.88319,-4.369933,9.61456,15.72528928117154,36.264943045173595
05/11/2023 12:33:49.743474,2935,True,True,True,True,Eyes,1.319339,-0.2494549,-3.596368,0.2637534,0.4054733,0.8752289,0.0,0.0,0.0,0.0,0.0,0.0,0.0,-2.411286,-0.5461608,2.937994,1.309902,-0.2526824,-3.600654,-0.1155466,0.1653008,-0.007225727,0.9794246,347.0589,19.50878,356.9207,0.3438088,-0.06493252,-0.9367918,0,0,0,1.61069,0.2189904,-2.512778,-0.09081128,0.2029695,1.202904,0.9452468,-0.05235399,-0.3221295,-0.02404577,0.9731935,-0.2287271,0.3254692,0.2239495,0.9186493,moving,16.77037,24.8572,-4.317261,9.577469,15.732840153466158,36.238718766600606
05/11/2023 12:33:49.763357,2936,True,True,True,True,Eyes,1.319235,-0.2494841,-3.596227,0.2638835,0.4050164,0.8754012,0.0,0.0,0.0,0.0,0.0,0.0,0.0,-2.408461,-0.5405225,2.94109,1.3099,-0.2527784,-3.600435,-0.1146931,0.1648291,-0.007221766,0.9796044,347.1543,19.44632,356.9451,0.343796,-0.06493744,-0.9367961,0,0,0,1.61066,0.215784,-2.512844,-0.08937818,0.2020907,1.201679,0.9455584,-0.05195847,-0.3212781,-0.02366058,0.9735867,-0.2270885,0.3245912,0.222327,0.9193537,moving,16.77506,24.82827,-4.2537,9.546313,15.736608948311739,36.209497285346174
05/11/2023 12:33:49.773924,2937,True,True,True,True,Eyes,1.319137,-0.2495167,-3.596079,0.2639793,0.4045073,0.8756076,0.0,0.0,0.0,0.0,0.0,0.0,0.0,-2.405476,-0.534955,2.944294,1.309977,-0.2528006,-3.600196,-0.1137849,0.1643256,-0.007313767,0.9797942,347.2576,19.38097,356.96,0.3437833,-0.0649429,-0.9368004,0,0,0,1.610634,0.2129911,-2.512902,-0.08801714,0.201697,1.200474,0.9458872,-0.05172753,-0.3203461,-0.02306358,0.973999,-0.2253753,0.3236749,0.220568,0.9201002,moving,16.77708,24.79568,-4.193347,9.537444,15.737568747295354,36.17655716971913
05/11/2023 12:33:49.793476,2938,True,True,True,True,Eyes,1.319047,-0.2495524,-3.595932,0.2637541,0.4036483,0.8760718,0.0,0.0,0.0,0.0,0.0,0.0,0.0,-2.40258,-0.5291479,2.947348,1.310018,-0.2528952,-3.599882,-0.1128289,0.1638483,-0.007453676,0.9799836,347.3674,19.31902,356.9698,0.3437708,-0.06494896,-0.9368045,0,0,0,1.610607,0.2100921,-2.512961,-0.0866887,0.2014077,1.199178,0.9461964,-0.0515826,-0.3194552,-0.02236468,0.9744281,-0.2235835,0.3228192,0.2186984,0.9208468,moving,16.75518,24.73779,-4.134725,9.534119,15.713610138886134,36.117875312347586
05/11/2023 12:33:49.813924,2939,True,True,True,True,Eyes,1.318962,-0.2495918,-3.59578,0.2635195,0.4027425,0.8765591,0.0,0.0,0.0,0.0,0.0,0.0,0.0,-2.399173,-0.5245351,2.950756,1.310008,-0.2529647,-3.599725,-0.1119013,0.1633017,-0.007840375,0.9801782,347.4785,19.25219,356.9514,0.3437587,-0.06495562,-0.9368085,0,0,0,1.610577,0.2069786,-2.513025,-0.08535555,0.2008349,1.197992,0.9465422,-0.05191725,-0.3183747,-0.02117739,0.9748333,-0.221927,0.3218842,0.2168056,0.9216214,moving,16.73233,24.67682,-4.075372,9.51674,15.688593483974914,36.05607275940369
05/11/2023 12:33:49.843809,2940,True,True,True,True,Eyes,1.318903,-0.2496382,-3.595638,0.2630394,0.4015873,0.8772331,0.0,0.0,0.0,0.0,0.0,0.0,0.0,-2.396643,-0.5188617,2.953518,1.310055,-0.2530699,-3.599458,-0.1108321,0.1628937,-0.008226762,0.9803644,347.6061,19.20072,356.9341,0.3437471,-0.06496293,-0.9368122,0,0,0,1.610549,0.2039556,-2.513087,-0.08436295,0.2007399,1.196644,0.9467959,-0.05223815,-0.3175668,-0.01997726,0.9752972,-0.2199918,0.321214,0.2146315,0.9223638,moving,16.69143,24.59776,-4.032659,9.522838,15.644806434473141,35.9758580400549
05/11/2023 12:33:49.853348,2941,True,True,True,True,Eyes,1.318858,-0.2496878,-3.595493,0.2625107,0.4002638,0.877996,0.0,0.0,0.0,0.0,0.0,0.0,0.0,-2.394079,-0.513963,2.95634,1.310055,-0.2532146,-3.599355,-0.1099078,0.1624781,-0.008563957,0.9805344,347.7162,19.14883,356.9194,0.3437365,-0.06497098,-0.9368156,0,0,0,1.610521,0.2009651,-2.513149,-0.08334506,0.200315,1.195547,0.947055,-0.05250974,-0.3167483,-0.01892071,0.9756939,-0.2183197,0.3205132,0.2127539,0.9230423,moving,16.64606,24.50746,-3.987806,9.511612,15.59614818385998,35.884248119986154
05/11/2023 12:33:49.863505,2942,True,True,True,True,Eyes,1.318816,-0.24974,-3.595342,0.2619966,0.3989378,0.8787527,0.0,0.0,0.0,0.0,0.0,0.0,0.0,-2.392699,-0.5107857,2.957743,1.310177,-0.2532984,-3.599088,-0.1093296,0.1622454,-0.008758752,0.980636,347.7849,19.11941,356.9117,0.3437271,-0.06497976,-0.9368184,0,0,0,1.610493,0.1980614,-2.513209,-0.0827617,0.1990792,1.19439,0.9471994,-0.05265474,-0.3162921,-0.01829816,0.9759406,-0.2172672,0.3201225,0.2115829,0.923447,moving,16.60174,24.41719,-3.963806,9.46299,15.548548146084046,35.79267553550757
05/11/2023 12:33:49.873550,2943,True,True,True,True,Eyes,1.318778,-0.2497968,-3.595188,0.2615052,0.3975858,0.8795115,0.0,0.0,0.0,0.0,0.0,0.0,0.0,-2.391541,-0.5068218,2.95906,1.31022,-0.2533997,-3.598817,-0.1086074,0.162062,-0.009008835,0.9807442,347.8711,19.09541,356.8999,0.3437189,-0.06498928,-0.9368207,0,0,0,1.610456,0.1940819,-2.51329,-0.0821889,0.1971669,1.192946,0.9473096,-0.05287299,-0.3159258,-0.01753154,0.9762465,-0.2159522,0.3198395,0.2101122,0.9238807,moving,16.5588,24.32549,-3.941208,9.384855,15.502290473004669,35.699666198694885
05/11/2023 12:33:49.893461,2944,True,True,True,True,Eyes,1.318764,-0.249859,-3.595033,0.2609673,0.3961139,0.8803352,0.0,0.0,0.0,0.0,0.0,0.0,0.0,-2.391135,-0.5004772,2.960222,1.310258,-0.2535474,-3.59859,-0.1075628,0.1619919,-0.009216861,0.980869,347.9934,19.08195,356.898,0.3437119,-0.0649996,-0.9368226,0,0,0,1.610437,0.1920694,-2.513332,-0.08194035,0.1979554,1.191876,0.9473473,-0.05292967,-0.3158029,-0.01676754,0.9766906,-0.2139961,0.3197685,0.2080239,0.9243777,moving,16.51198,24.22575,-3.932844,9.430019,15.451861123432918,35.598501295182466
05/11/2023 12:33:49.913575,2945,True,True,True,True,Eyes,1.318753,-0.2499285,-3.594873,0.2604719,0.3946495,0.8811391,0.0,0.0,0.0,0.0,0.0,0.0,0.0,-2.391394,-0.4951507,2.960579,1.310387,-0.2536729,-3.598264,-0.1066716,0.1620258,-0.009434065,0.9809587,348.0988,19.08201,356.8907,0.3437066,-0.06501075,-0.9368238,0,0,0,1.610409,0.1891276,-2.513392,-0.08196253,0.1974673,1.190513,0.9473172,-0.05307595,-0.3158686,-0.01605824,0.9770644,-0.2123379,0.319894,0.2062237,0.9247376,moving,16.46811,24.12692,-3.938392,9.417756,15.404432061853212,35.49827621310685
05/11/2023 12:33:49.923786,2946,True,True,True,True,Eyes,1.318769,-0.2499978,-3.594716,0.2599477,0.3930902,0.8819906,0.0,0.0,0.0,0.0,0.0,0.0,0.0,-2.392846,-0.4906634,2.959851,1.310434,-0.2539031,-3.597983,-0.106006,0.1622624,-0.009516808,0.9809909,348.1768,19.10606,356.8917,0.3437028,-0.06502285,-0.9368243,0,0,0,1.61038,0.1860585,-2.513455,-0.08233005,0.1963645,1.189284,0.9471607,-0.05307337,-0.3163381,-0.01572976,0.9773443,-0.2110702,0.3203735,0.2048934,0.9248673,moving,16.42174,24.02183,-3.960073,9.375607,15.354279483420088,35.39170462374108
05/11/2023 12:33:49.943757,2947,True,True,True,True,Eyes,1.318793,-0.2500687,-3.59455,0.2594789,0.3915522,0.8828123,0.0,0.0,0.0,0.0,0.0,0.0,0.0,-2.395026,-0.4860346,2.95854,1.310568,-0.2538965,-3.597678,-0.1052813,0.1626086,-0.009615952,0.9810107,348.262,19.1428,356.8907,0.3437011,-0.06503578,-0.936824,0,0,0,1.610353,0.1831293,-2.513515,-0.08303016,0.1953087,1.187953,0.946932,-0.053106,-0.3170167,-0.01537258,0.9776467,-0.2096915,0.3210662,0.2034369,0.9249486,moving,16.37928,23.91864,-3.9981,9.336352,15.308126426216651,35.287080301379234
05/11/2023 12:33:49.963345,2948,True,True,True,True,Eyes,1.318837,-0.2501457,-3.594383,0.2590374,0.3899536,0.8836491,0.0,0.0,0.0,0.0,0.0,0.0,0.0,-2.397613,-0.4827192,2.956631,1.31075,-0.2539964,-3.597312,-0.1047641,0.1630217,-0.009734008,0.9809963,348.3242,19.18916,356.8827,0.3437014,-0.0650495,-0.936823,0,0,0,1.610325,0.1801284,-2.513577,-0.08394396,0.1938043,1.186627,0.9466584,-0.05325569,-0.3178078,-0.01505958,0.9778594,-0.2087201,0.3218869,0.2023727,0.9248968,moving,16.33824,23.81183,-4.046457,9.275857,15.263283831055658,35.17880506107318
05/11/2023 12:33:49.973450,2949,True,True,True,True,Eyes,1.318881,-0.2502236,-3.59421,0.2586654,0.3883561,0.8844613,0.0,0.0,0.0,0.0,0.0,0.0,0.0,-2.401235,-0.4789239,2.953971,1.310899,-0.2541607,-3.596969,-0.1042195,0.1636062,-0.009802456,0.9809563,348.3892,19.25496,356.8788,0.343704,-0.06506409,-0.936821,0,0,0,1.610295,0.1769568,-2.513643,-0.08519676,0.1922351,1.185278,0.9462739,-0.05333349,-0.3189379,-0.01487037,0.9780844,-0.2076771,0.3230243,0.2012621,0.9247426,moving,16.30184,23.70569,-4.111301,9.212342,15.223135241344538,35.071238232807175
05/11/2023 12:33:49.993257,2950,True,True,True,True,Eyes,1.318947,-0.2503051,-3.594038,0.2583454,0.3867199,0.8852714,0.0,0.0,0.0,0.0,0.0,0.0,0.0,-2.40502,-0.4736852,2.95139,1.310938,-0.2542455,-3.596665,-0.1034121,0.1642325,-0.009931509,0.9809358,348.4853,19.32446,356.873,0.3437088,-0.06507949,-0.9368182,0,0,0,1.610268,0.174087,-2.513701,-0.08648175,0.1915057,1.183944,0.9458581,-0.0534516,-0.3201489,-0.01448291,0.9784147,-0.2061434,0.3242571,0.1996191,0.9246673,moving,16.26863,23.59752,-4.177777,9.188143,15.186131694545816,34.96164002664297
05/11/2023 12:33:50.014042,2951,True,True,True,True,Eyes,1.319015,-0.2503905,-3.593861,0.2580807,0.3850894,0.886059,0.0,0.0,0.0,0.0,0.0,0.0,0.0,-2.408927,-0.4683062,2.948694,1.311055,-0.254346,-3.596315,-0.1026573,0.1648644,-0.00993636,0.9809091,348.573,19.39361,356.8804,0.3437161,-0.0650957,-0.9368144,0,0,0,1.610238,0.1709103,-2.513767,-0.08774826,0.1903476,1.182511,0.945442,-0.05334239,-0.3213939,-0.01435573,0.9787255,-0.2046712,0.3254741,0.1981186,0.9245625,moving,16.23915,23.49021,-4.243856,9.1444,15.152912154316704,34.852936284769555
05/11/2023 12:33:50.033588,2952,True,True,True,True,Eyes,1.3191,-0.2504847,-3.593685,0.2578545,0.3834026,0.886856,0.0,0.0,0.0,0.0,0.0,0.0,0.0,-2.412175,-0.4630168,2.946604,1.311172,-0.2545112,-3.59604,-0.101884,0.1653857,-0.01000002,0.9809014,348.6636,19.45026,356.8828,0.3437256,-0.06511275,-0.9368098,0,0,0,1.61021,0.1680022,-2.513827,-0.08883178,0.1895577,1.18123,0.9450951,-0.05331837,-0.3224165,-0.01408225,0.9790393,-0.2031839,0.3264919,0.1965685,0.9245344,moving,16.21186,23.37963,-4.300708,9.116807,15.121789909077071,34.74094066365322
05/11/2023 12:33:50.043987,2953,True,True,True,True,Eyes,1.319189,-0.2505759,-3.593499,0.2576617,0.3817003,0.887646,0.0,0.0,0.0,0.0,0.0,0.0,0.0,-2.414297,-0.456511,2.94552,1.311245,-0.2547508,-3.5957,-0.1009388,0.1657269,-0.01005039,0.9809408,348.7729,19.4843,356.8924,0.3437376,-0.06513077,-0.9368042,0,0,0,1.610182,0.1649724,-2.513889,-0.0894044,0.189144,1.179863,0.9448671,-0.05317421,-0.3231076,-0.01373884,0.9794207,-0.2013611,0.3271655,0.1946987,0.9246919,moving,16.18671,23.26838,-4.333321,9.1076,15.092800305429707,34.62828183631448
05/11/2023 12:33:50.063433,2954,True,True,True,True,Eyes,1.31929,-0.2506678,-3.593312,0.2574715,0.3799549,0.8884495,0.0,0.0,0.0,0.0,0.0,0.0,0.0,-2.415994,-0.4494012,2.944816,1.311396,-0.2547488,-3.595312,-0.09984731,0.1659892,-0.01013099,0.9810073,348.899,19.50838,356.9025,0.3437519,-0.06514961,-0.9367976,0,0,0,1.610152,0.1618328,-2.513953,-0.0898394,0.1887482,1.178319,0.9446899,-0.05302431,-0.3236502,-0.01327,0.9798558,-0.1992652,0.3276964,0.1925386,0.9249562,moving,16.16152,23.15449,-4.360007,9.100571,15.063683417653968,34.51295328962574
05/11/2023 12:33:50.084181,2955,True,True,True,True,Eyes,1.319396,-0.2507703,-3.593117,0.2573029,0.3782237,0.8892368,0.0,0.0,0.0,0.0,0.0,0.0,0.0,-2.417118,-0.4435401,2.94443,1.311529,-0.2548011,-3.594971,-0.09893139,0.1661608,-0.01023685,0.9810702,349.0055,19.5233,356.9072,0.3437686,-0.06516918,-0.9367901,0,0,0,1.610124,0.1588852,-2.514014,-0.09010142,0.1881726,1.176961,0.9445716,-0.05296317,-0.3240053,-0.0127909,0.9802155,-0.1975192,0.3280563,0.1907153,0.9252064,moving,16.13793,23.04176,-4.3777,9.083579,15.036215769223906,34.39880835229205
05/11/2023 12:33:50.093564,2956,True,True,True,True,Eyes,1.319511,-0.2508762,-3.592922,0.2571213,0.3764225,0.8900533,0.0,0.0,0.0,0.0,0.0,0.0,0.0,-2.418195,-0.4384744,2.943983,1.311748,-0.2551442,-3.594604,-0.09820598,0.1663112,-0.01029306,0.981117,349.0893,19.53655,356.9139,0.3437877,-0.0651897,-0.9367817,0,0,0,1.610094,0.1556465,-2.514081,-0.09037212,0.1871407,1.175628,0.9444693,-0.05286289,-0.3243198,-0.01246811,0.9804993,-0.1961268,0.3283631,0.1892794,0.9253924,moving,16.11311,22.92454,-4.395759,9.04466,15.007361677189694,34.280115122087
05/11/2023 12:33:50.113874,2957,True,True,True,True,Eyes,1.319623,-0.2509807,-3.592721,0.2569546,0.374607,0.8908669,0.0,0.0,0.0,0.0,0.0,0.0,0.0,-2.418605,-0.4313827,2.944359,1.311808,-0.2552715,-3.594299,-0.09708264,0.1663716,-0.01044561,0.9812168,349.2198,19.53748,356.9188,0.3438091,-0.06521117,-0.9367723,0,0,0,1.610067,0.1528293,-2.514138,-0.09034026,0.1872535,1.17432,0.9444227,-0.05280241,-0.3244652,-0.01180478,0.9809317,-0.1939939,0.3285215,0.1870425,0.9257909,moving,16.08925,22.80661,-4.399093,9.059941,14.979450789918962,34.16071037172812
05/11/2023 12:33:50.123345,2958,True,True,True,True,Eyes,1.319743,-0.2510893,-3.592515,0.2567753,0.3727219,0.891709,0.0,0.0,0.0,0.0,0.0,0.0,0.0,-2.418578,-0.424747,2.944928,1.311839,-0.2553229,-3.593942,-0.09596114,0.1663716,-0.01069366,0.9813246,349.3517,19.53232,356.9134,0.3438326,-0.06523346,-0.9367622,0,0,0,1.610039,0.1498229,-2.5142,-0.09016666,0.18713,1.172929,0.9444124,-0.0529183,-0.3244766,-0.01094251,0.9813542,-0.1918962,0.3285813,0.1847797,0.926224,moving,16.06421,22.68424,-4.395858,9.064623,14.950205450945118,34.036808219689455
05/11/2023 12:33:50.143368,2959,True,True,True,True,Eyes,1.319859,-0.2512012,-3.592304,0.2565889,0.3708213,0.8925546,0.0,0.0,0.0,0.0,0.0,0.0,0.0,-2.418469,-0.4176239,2.945607,1.311882,-0.2554857,-3.593563,-0.09487476,0.1663496,-0.01077907,0.9814329,349.4764,19.5232,356.9261,0.3438581,-0.0652566,-0.9367512,0,0,0,1.610011,0.146832,-2.514262,-0.08985946,0.1870139,1.171573,0.9444233,-0.05272264,-0.3244767,-0.01040689,0.9817652,-0.1898126,0.3285673,0.1826402,0.9266532,moving,16.03872,22.56096,-4.385989,9.069403,14.920477024216007,33.9119829150258
05/11/2023 12:33:50.163260,2960,True,True,True,True,Eyes,1.319965,-0.2513076,-3.592082,0.256371,0.3688883,0.8934178,0.0,0.0,0.0,0.0,0.0,0.0,0.0,-2.41761,-0.4081931,2.947232,1.311913,-0.2556655,-3.59321,-0.09363937,0.1661869,-0.01050771,0.981582,349.6106,19.49295,356.984,0.3438854,-0.06528059,-0.9367395,0,0,0,1.609983,0.1438589,-2.514323,-0.08900192,0.1872025,1.170255,0.9445431,-0.05175162,-0.3242842,-0.01049491,0.9822425,-0.1873219,0.32822,0.180337,0.9272272,moving,16.01112,22.43551,-4.34917,9.088449,14.888552561787671,33.78494933269998
05/11/2023 12:33:50.173152,2961,True,True,True,True,Eyes,1.320073,-0.2514171,-3.591859,0.2561357,0.3669746,0.894273,0.0,0.0,0.0,0.0,0.0,0.0,0.0,-2.415968,-0.4006814,2.949193,1.312021,-0.2556356,-3.592831,-0.09264553,0.1658913,-0.01025654,0.981729,349.7174,19.44906,357.0361,0.3439143,-0.06530525,-0.9367272,0,0,0,1.609954,0.1408154,-2.514385,-0.08791941,0.1865587,1.168952,0.9447498,-0.05087645,-0.3238201,-0.01059988,0.9826232,-0.1853085,0.327621,0.1785026,0.9277938,moving,15.98266,22.31133,-4.30124,9.067639,14.855804039043884,33.65919418481208
05/11/2023 12:33:50.193296,2962,True,True,True,True,Eyes,1.32019,-0.2515299,-3.591635,0.2558891,0.365004,0.8951496,0.0,0.0,0.0,0.0,0.0,0.0,0.0,-2.413919,-0.3955064,2.951371,1.312181,-0.2558109,-3.592599,-0.0918796,0.1655249,-0.01026458,0.9818628,349.8033,19.40103,357.0546,0.3439445,-0.06533057,-0.9367144,0,0,0,1.609927,0.1379449,-2.514445,-0.08696121,0.1857788,1.16792,0.9449923,-0.05057352,-0.3231591,-0.0102599,0.9829055,-0.1838244,0.3269315,0.1770282,0.9283193,moving,15.95321,22.18355,-4.258282,9.038203,14.8219400564728,33.529792273371505
05/11/2023 12:33:50.213704,2963,True,True,True,True,Eyes,1.3203,-0.2516456,-3.591403,0.2556409,0.3630247,0.896025,0.0,0.0,0.0,0.0,0.0,0.0,0.0,-2.412904,-0.3895306,2.952644,1.312312,-0.2559616,-3.592251,-0.09084355,0.1653464,-0.01055047,0.9819861,349.9257,19.37612,357.0447,0.3439763,-0.06535658,-0.9367009,0,0,0,1.609899,0.1349069,-2.514507,-0.08650857,0.1855115,1.166607,0.9450985,-0.05076216,-0.3228189,-0.009320477,0.9832723,-0.1819032,0.3266527,0.1749252,0.928816,moving,15.92374,22.05534,-4.240951,9.03541,14.788041764391652,33.39995543136867
05/11/2023 12:33:50.223569,2964,True,True,True,True,Eyes,1.320403,-0.2517638,-3.591167,0.2553641,0.3609987,0.896922,0.0,0.0,0.0,0.0,0.0,0.0,0.0,-2.411371,-0.3825434,2.954301,1.312235,-0.2561251,-3.59185,-0.08970498,0.1651126,-0.01075085,0.982128,350.0579,19.34323,357.0472,0.3440092,-0.0653833,-0.9366869,0,0,0,1.609869,0.1317748,-2.514571,-0.08565339,0.185391,1.165279,0.9452445,-0.05074025,-0.3223945,-0.008505427,0.9836748,-0.1797537,0.3262522,0.1726533,0.9293817,moving,15.89227,21.9241,-4.203944,9.039756,14.752029849605352,33.267041450707836
05/11/2023 12:33:50.243703,2965,True,True,True,True,Eyes,1.320502,-0.2518851,-3.590935,0.2550634,0.3589561,0.897827,0.0,0.0,0.0,0.0,0.0,0.0,0.0,-2.409076,-0.3744911,2.9568,1.312189,-0.2562771,-3.591524,-0.08843844,0.1647387,-0.01087875,0.9823042,350.2027,19.29243,357.0618,0.3440432,-0.06541073,-0.9366724,0,0,0,1.609842,0.1289119,-2.51463,-0.08449075,0.1857941,1.164049,0.9454856,-0.05051095,-0.3217229,-0.007765993,0.9841206,-0.1773312,0.3255713,0.1701626,0.9300796,moving,15.8593,21.7918,-4.151449,9.068501,14.714472679275447,33.13304564307509
05/11/2023 12:33:50.263746,2966,True,True,True,True,Eyes,1.320584,-0.2520041,-3.590696,0.254763,0.3568915,0.8987349,0.0,0.0,0.0,0.0,0.0,0.0,0.0,-2.406259,-0.365482,2.960071,1.312181,-0.2564546,-3.591391,-0.08713385,0.1642554,-0.01081104,0.9825025,350.3478,19.22681,357.1005,0.3440779,-0.06543889,-0.9366577,0,0,0,1.609813,0.1257797,-2.514695,-0.08304751,0.1859701,1.162962,0.9458066,-0.04986817,-0.3208787,-0.007380657,0.9845816,-0.17477,0.3246467,0.1676669,0.9308557,moving,15.82636,21.65824,-4.084577,9.085287,14.676904188361645,32.99777597852198
05/11/2023 12:33:50.273612,2967,True,True,True,True,Eyes,1.320665,-0.2521269,-3.590456,0.2544386,0.3548253,0.8996444,0.0,0.0,0.0,0.0,0.0,0.0,0.0,-2.403327,-0.3573406,2.963173,1.312227,-0.2565209,-3.591146,-0.08598408,0.163753,-0.01067614,0.982689,350.474,19.15944,357.1438,0.3441129,-0.06546766,-0.9366428,0,0,0,1.609785,0.122779,-2.514756,-0.08155274,0.1858052,1.16183,0.946142,-0.04914296,-0.3200005,-0.007177639,0.9849855,-0.1724878,0.3236724,0.1654947,0.9315834,moving,15.79203,21.52458,-4.015198,9.086062,14.637932838323598,32.86239593047884
05/11/2023 12:33:50.293346,2968,True,True,True,True,Eyes,1.320735,-0.2522551,-3.590215,0.2541496,0.3526882,0.9005659,0.0,0.0,0.0,0.0,0.0,0.0,0.0,-2.400384,-0.3497398,2.966197,1.312277,-0.256718,-3.590893,-0.0848675,0.1632522,-0.01066223,0.9828696,350.5988,19.09373,357.1724,0.3441483,-0.06549707,-0.9366278,0,0,0,1.609756,0.1196952,-2.51482,-0.0801416,0.1856328,1.160703,0.9464701,-0.04866876,-0.3191015,-0.006750459,0.9853677,-0.1703086,0.322721,0.1633461,0.9322924,moving,15.75965,21.38678,-3.949761,9.086441,14.600788458656679,32.72284269700026
05/11/2023 12:33:50.313864,2969,True,True,True,True,Eyes,1.320803,-0.2523809,-3.589971,0.2538473,0.3505526,0.9014846,0.0,0.0,0.0,0.0,0.0,0.0,0.0,-2.397556,-0.3416775,2.969223,1.312323,-0.25697,-3.590693,-0.08363824,0.1627692,-0.01073976,0.9830542,350.7382,19.03036,357.1924,0.3441837,-0.06552722,-0.9366127,0,0,0,1.609729,0.1168697,-2.514878,-0.07884562,0.1860352,1.159638,0.9467817,-0.04834297,-0.3182252,-0.006111921,0.9857786,-0.167938,0.3218183,0.1609456,0.9330217,moving,15.72659,21.24914,-3.889646,9.114037,14.562964673793514,32.58344671461387
05/11/2023 12:33:50.333193,2970,True,True,True,True,Eyes,1.320803,-0.2523809,-3.589971,0.2538473,0.3505526,0.9014846,0.0,0.0,0.0,0.0,0.0,0.0,0.0,-2.395164,-0.3351164,2.97157,1.312364,-0.2570185,-3.590401,-0.08254731,0.162371,-0.01092909,0.9832102,350.8643,18.97887,357.1961,0.3442191,-0.06555798,-0.9365975,0,0,0,1.609701,0.1138706,-2.51494,-0.07776901,0.1857766,1.158458,0.9470324,-0.04829776,-0.3174853,-0.005315403,0.986133,-0.1658718,0.3210939,0.1587736,0.9336432,moving,15.72659,21.24914,-3.840589,9.110692,14.562964673793514,32.58344671461387
05/11/2023 12:33:50.343800,2971,True,True,True,True,Eyes,1.320803,-0.2523809,-3.589971,0.2538473,0.3505526,0.9014846,0.0,0.0,0.0,0.0,0.0,0.0,0.0,-2.393576,-0.3293594,2.973202,1.312426,-0.2570738,-3.590135,-0.08157829,0.1621027,-0.0111261,0.9833331,350.9771,18.94342,357.1951,0.344251,-0.06558566,-0.9365838,0,0,0,1.609671,0.1107586,-2.515003,-0.07702926,0.1851187,1.157307,0.9471979,-0.04832944,-0.3169866,-0.004566791,0.9864424,-0.1640444,0.3206171,0.1568301,0.9341354,moving,15.72659,21.24914,-3.807936,9.087844,14.562964673793514,32.58344671461387
05/11/2023 12:33:50.363283,2972,True,True,True,True,Eyes,1.320843,-0.2525132,-3.589699,0.2539533,0.347956,0.9024602,0.0,0.0,0.0,0.0,0.0,0.0,0.0,-2.391734,-0.3241138,2.975006,1.312378,-0.2572317,-3.58993,-0.0807724,0.1618049,-0.0111923,0.983448,351.0688,18.90438,357.2061,0.3442796,-0.06561057,-0.9365715,0,0,0,1.609643,0.1077444,-2.515065,-0.0760856,0.1842385,1.156363,0.9473879,-0.04815282,-0.3164453,-0.004124645,0.9867011,-0.1624928,0.3200614,0.1552489,0.93459,moving,15.71666,21.08484,-3.764483,9.052608,14.547551367214409,32.41724752494468
05/11/2023 12:33:50.373137,2973,True,True,True,True,Eyes,1.320884,-0.2526388,-3.589432,0.2540364,0.3453946,0.9034203,0.0,0.0,0.0,0.0,0.0,0.0,0.0,-2.389908,-0.3190467,2.976776,1.312389,-0.2573032,-3.589718,-0.07991114,0.1615038,-0.01138266,0.9835657,351.1691,18.86572,357.2039,0.3443086,-0.06563683,-0.936559,0,0,0,1.609614,0.1046691,-2.515129,-0.07524633,0.1833671,1.155346,0.947574,-0.04820308,-0.3158799,-0.003420718,0.9869692,-0.1608724,0.3195183,0.153519,0.9350615,moving,15.70567,20.9228,-3.726345,9.018302,14.531145252647628,32.25332648095183
05/11/2023 12:33:50.393466,2974,True,True,True,True,Eyes,1.320936,-0.2527595,-3.589171,0.2542776,0.3427547,0.9043573,0.0,0.0,0.0,0.0,0.0,0.0,0.0,-2.388278,-0.3136765,2.978491,1.312441,-0.2572527,-3.589568,-0.07903357,0.1612242,-0.01148837,0.9836811,351.2697,18.82881,357.2115,0.3443378,-0.06566413,-0.9365464,0,0,0,1.609587,0.1018249,-2.515187,-0.07447359,0.1826077,1.154398,0.9477496,-0.04808602,-0.3153704,-0.00288245,0.9872435,-0.159192,0.3190022,0.1517832,0.9355209,moving,15.70436,20.75689,-3.691204,8.988817,14.524358190224119,32.08555680369241
05/11/2023 12:33:50.414040,2975,True,True,True,True,Eyes,1.320986,-0.2528884,-3.588912,0.2545074,0.3401996,0.905257,0.0,0.0,0.0,0.0,0.0,0.0,0.0,-2.387052,-0.3116949,2.979455,1.312493,-0.2572376,-3.589362,-0.07868631,0.1610211,-0.01157074,0.9837412,351.31,18.80373,357.2106,0.3443673,-0.06569224,-0.9365336,0,0,0,1.609559,0.09884409,-2.515248,-0.07387727,0.1805219,1.153567,0.9478766,-0.04810555,-0.3149852,-0.002575073,0.9873492,-0.1585402,0.3186271,0.1510877,0.9357614,moving,15.703,20.59645,-3.664359,8.894094,14.517701063650991,31.923317818053
05/11/2023 12:33:50.423497,2976,True,True,True,True,Eyes,1.321038,-0.2530121,-3.588661,0.2548618,0.3375918,0.9061331,0.0,0.0,0.0,0.0,0.0,0.0,0.0,-2.387088,-0.3093729,2.979421,1.312501,-0.2575635,-3.58913,-0.07843729,0.1610296,-0.01149056,0.9837607,351.3368,18.80262,357.2245,0.3443972,-0.06572127,-0.9365205,0,0,0,1.609531,0.0958161,-2.515311,-0.07365087,0.1784566,1.152788,0.9478749,-0.04786937,-0.3150266,-0.002653522,0.9874311,-0.1580277,0.3186317,0.1506264,0.9358341,moving,15.70934,20.43354,-3.655621,8.799788,14.518715507729974,31.758632616277083
05/11/2023 12:33:50.443716,2977,True,True,True,True,Eyes,1.32109,-0.2531265,-3.588399,0.2552162,0.3350748,0.9069672,0.0,0.0,0.0,0.0,0.0,0.0,0.0,-2.386564,-0.3031936,2.980433,1.312553,-0.2575401,-3.589077,-0.0774002,0.1609264,-0.01167865,0.9838575,351.4575,18.78621,357.2242,0.3444273,-0.06575099,-0.9365073,0,0,0,1.609502,0.09274643,-2.515374,-0.07334277,0.177858,1.151827,0.9479326,-0.04789174,-0.3148494,-0.001931211,0.9877456,-0.1560604,0.3184652,0.1485427,0.9362238,moving,15.71635,20.27652,-3.6434,8.777933,14.520598683656447,31.599907592387684
05/11/2023 12:33:50.463674,2978,True,True,True,True,Eyes,1.321126,-0.2532415,-3.588139,0.2557139,0.3325365,0.9077609,0.0,0.0,0.0,0.0,0.0,0.0,0.0,-2.387652,-0.3023612,2.978998,1.312617,-0.2574303,-3.588524,-0.07726306,0.1611239,-0.01170614,0.9838357,351.4741,18.80877,357.222,0.3444577,-0.06578109,-0.9364941,0,0,0,1.609474,0.08977367,-2.515435,-0.07354912,0.1752221,1.150688,0.9478042,-0.04793167,-0.3152299,-0.001864024,0.9877868,-0.1558006,0.3188477,0.148256,0.936139,moving,15.73239,20.1191,-3.657228,8.658256,14.531560803667778,31.440838313723997
05/11/2023 12:33:50.483336,2979,True,True,True,True,Eyes,1.321163,-0.2533532,-3.587886,0.2561994,0.3300329,0.9085374,0.0,0.0,0.0,0.0,0.0,0.0,0.0,-2.38749,-0.2996626,2.979305,1.312604,-0.2575656,-3.588439,-0.07676388,0.1610988,-0.01191272,0.9838763,351.5345,18.80472,357.2083,0.3444881,-0.06581157,-0.9364807,0,0,0,1.609445,0.08669349,-2.515498,-0.07339835,0.1735324,1.149925,0.9478105,-0.04817441,-0.3151737,-0.001291862,0.9879308,-0.1548906,0.3188315,0.1472141,0.9363089,moving,15.74798,19.96393,-3.652166,8.581611,14.542143982969945,31.28404113636369
05/11/2023 12:33:50.493514,2980,True,True,True,True,Eyes,1.321198,-0.2534608,-3.58763,0.2567191,0.327561,0.9092849,0.0,0.0,0.0,0.0,0.0,0.0,0.0,-2.387687,-0.2953946,2.979499,1.312648,-0.257582,-3.58836,-0.07594665,0.1611222,-0.01223793,0.9839319,351.6332,18.80548,357.1869,0.3445183,-0.0658423,-0.9364675,0,0,0,1.609417,0.08370848,-2.515559,-0.07345492,0.1725717,1.149032,0.9477798,-0.04855596,-0.3152077,-0.0003908072,0.9881647,-0.1533963,0.3189254,0.1455091,0.9365435,moving,15.766,19.81106,-3.657806,8.541338,14.55524968413202,31.12958582059328
05/11/2023 12:33:50.513561,2981,True,True,True,True,Eyes,1.321228,-0.253572,-3.587385,0.2572092,0.3251655,0.9100059,0.0,0.0,0.0,0.0,0.0,0.0,0.0,-2.388138,-0.2929413,2.979067,1.312733,-0.2575928,-3.588068,-0.07570018,0.1611907,-0.0120405,0.9839422,351.6577,18.81051,357.2136,0.3445484,-0.06587314,-0.9364542,0,0,0,1.609388,0.08065543,-2.515622,-0.07334584,0.1701386,1.148142,0.9477452,-0.04809863,-0.3153817,-0.0007100194,0.988249,-0.1528508,0.3190276,0.1450876,0.9365741,moving,15.78271,19.66295,-3.655215,8.429093,14.56719325209769,30.979934874384153
05/11/2023 12:33:50.523510,2982,True,True,True,True,Eyes,1.321265,-0.2536828,-3.587139,0.2577413,0.3227727,0.910707,0.0,0.0,0.0,0.0,0.0,0.0,0.0,-2.387759,-0.2900135,2.979654,1.312656,-0.257793,-3.58808,-0.07540742,0.1611298,-0.01182925,0.9839773,351.6867,18.80005,357.2438,0.3445781,-0.06590416,-0.9364411,0,0,0,1.609361,0.07779635,-2.515681,-0.07289186,0.1681456,1.147653,0.9477945,-0.04758019,-0.3153121,-0.001021348,0.9883475,-0.1522104,0.3188802,0.1445863,0.9367018,moving,15.80217,19.51534,-3.634195,8.335251,14.581922219286811,30.83080784202125
05/11/2023 12:33:50.543346,2983,True,True,True,True,Eyes,1.321303,-0.2537946,-3.5869,0.2582493,0.3204247,0.9113919,0.0,0.0,0.0,0.0,0.0,0.0,0.0,-2.387711,-0.2849914,2.979905,1.312768,-0.2578697,-3.587807,-0.07461951,0.1611078,-0.01192208,0.9840397,351.7776,18.79384,357.2487,0.3446078,-0.06593534,-0.936428,0,0,0,1.609333,0.07480788,-2.515743,-0.07273453,0.1671476,1.146612,0.9478043,-0.04750717,-0.3152938,-0.0005799776,0.9885796,-0.1506986,0.3188522,0.1430156,0.9369524,moving,15.82045,19.37051,-3.629654,8.293881,14.595554690998393,30.68448395651108
05/11/2023 12:33:50.564207,2984,True,True,True,True,Eyes,1.321322,-0.2539064,-3.586657,0.2588181,0.3180674,0.9120561,0.0,0.0,0.0,0.0,0.0,0.0,0.0,-2.387437,-0.2809358,2.980426,1.312816,-0.2579931,-3.587712,-0.07398251,0.1610512,-0.01200742,0.9840961,351.8512,18.78437,357.2518,0.3446373,-0.06596667,-0.9364148,0,0,0,1.609304,0.07176153,-2.515805,-0.07249647,0.1657634,1.145816,0.9478368,-0.04746284,-0.3152029,-0.000197025,0.9887648,-0.1494794,0.3187563,0.1417442,0.9371783,moving,15.84258,19.22553,-3.620313,8.231782,14.613058707385724,30.538034067525142
05/11/2023 12:33:50.573610,2985,True,True,True,True,Eyes,1.321341,-0.2540136,-3.586416,0.2593619,0.3157392,0.9127103,0.0,0.0,0.0,0.0,0.0,0.0,0.0,-2.387526,-0.2754418,2.980715,1.31285,-0.2581122,-3.587564,-0.07310676,0.1610563,-0.01213833,0.9841592,351.9529,18.78119,357.2538,0.3446663,-0.06599815,-0.936402,0,0,0,1.609275,0.0686719,-2.515869,-0.07237908,0.1648922,1.144883,0.9478271,-0.0474407,-0.3152351,0.0003435033,0.9890161,-0.1478073,0.3187847,0.1399874,0.9374325,moving,15.86339,19.08234,-3.617403,8.195686,14.629292636735544,30.3933853471951
05/11/2023 12:33:50.593556,2986,True,True,True,True,Eyes,1.321356,-0.2541187,-3.586177,0.2598887,0.3134407,0.9133525,0.0,0.0,0.0,0.0,0.0,0.0,0.0,-2.387094,-0.2707296,2.981293,1.312887,-0.2580913,-3.587386,-0.07229184,0.1609795,-0.01232955,0.9842294,352.0486,18.76925,357.2484,0.3446948,-0.06602965,-0.9363893,0,0,0,1.609247,0.06564704,-2.515931,-0.07209653,0.1638259,1.143947,0.9478672,-0.04754522,-0.3150988,0.0009952098,0.9892438,-0.1462731,0.3186641,0.1383339,0.937719,moving,15.88337,18.94099,-3.606259,8.149974,14.64475149819055,30.250591620423396
05/11/2023 12:33:50.613539,2987,True,True,True,True,Eyes,1.321369,-0.2542243,-3.585939,0.2603903,0.3111829,0.9139814,0.0,0.0,0.0,0.0,0.0,0.0,0.0,-2.386306,-0.2669473,2.982096,1.31294,-0.2581379,-3.587223,-0.07171831,0.1608411,-0.01235324,0.9842938,352.1136,18.75014,357.2578,0.3447227,-0.06606112,-0.9363768,0,0,0,1.60922,0.06277781,-2.51599,-0.0716337,0.1623886,1.143157,0.9479551,-0.04738893,-0.3148578,0.001247937,0.9894078,-0.1451575,0.3184016,0.1372099,0.9379733,moving,15.90208,18.80215,-3.585641,8.084935,14.659014346319482,30.110327428224455
05/11/2023 12:33:50.623528,2988,True,True,True,True,Eyes,1.32137,-0.2543302,-3.585698,0.26095,0.3089298,0.9145859,0.0,0.0,0.0,0.0,0.0,0.0,0.0,-2.38564,-0.2635649,2.982709,1.312925,-0.2582398,-3.587038,-0.07109201,0.1607364,-0.01259503,0.9843532,352.1888,18.73636,357.2432,0.3447501,-0.06609255,-0.9363645,0,0,0,1.609192,0.05978769,-2.516051,-0.07127798,0.1610564,1.142325,0.9480104,-0.04765007,-0.314652,0.001941778,0.9895746,-0.1440082,0.3182336,0.1359103,0.9382195,moving,15.92453,18.664,-3.570472,8.025234,14.67706566697157,29.970785870419444
05/11/2023 12:33:50.643700,2989,True,True,True,True,Eyes,1.321367,-0.2544347,-3.585458,0.2614799,0.306711,0.9151812,0.0,0.0,0.0,0.0,0.0,0.0,0.0,-2.384772,-0.2595403,2.983533,1.312926,-0.2583486,-3.586843,-0.07041233,0.1605943,-0.01276101,0.9844232,352.2684,18.71734,357.2385,0.3447767,-0.06612398,-0.9363524,0,0,0,1.609163,0.0567048,-2.516115,-0.07080534,0.1597453,1.141465,0.9480933,-0.0477401,-0.3143884,0.002508831,0.9897585,-0.1427297,0.3179825,0.1345323,0.9385031,moving,15.94537,18.52791,-3.549523,7.966664,14.693563803998687,29.83331655989089
05/11/2023 12:33:50.663432,2990,True,True,True,True,Eyes,1.32136,-0.2545402,-3.585214,0.2619644,0.3044987,0.9157812,0.0,0.0,0.0,0.0,0.0,0.0,0.0,-2.383809,-0.2556246,2.984362,1.312838,-0.2584051,-3.58664,-0.06972008,0.1604515,-0.01296522,0.984493,352.3502,18.69847,357.2297,0.3448026,-0.06615538,-0.9363407,0,0,0,1.609135,0.05376749,-2.516175,-0.0702655,0.1585627,1.14064,0.9481745,-0.04790171,-0.3141189,0.003154943,0.989942,-0.1414384,0.3177347,0.1331173,0.9387889,moving,15.96348,18.39205,-3.52507,7.914086,14.70732073869022,29.696061612970315
05/11/2023 12:33:50.673323,2991,True,True,True,True,Eyes,1.321352,-0.2546453,-3.58497,0.2624133,0.3023131,0.9163766,0.0,0.0,0.0,0.0,0.0,0.0,0.0,-2.382941,-0.2505463,2.985152,1.312861,-0.2585129,-3.586346,-0.06895343,0.1603081,-0.01300855,0.9845697,352.4375,18.67796,357.2406,0.3448277,-0.06618679,-0.9363292,0,0,0,1.609107,0.05073933,-2.516237,-0.06971994,0.1574848,1.139679,0.9482642,-0.04772324,-0.313875,0.003508062,0.9901524,-0.1399497,0.317463,0.1316082,0.9390935,moving,15.97958,18.25775,-3.50071,7.867504,14.719105258755901,29.560370668163085
05/11/2023 12:33:50.693636,2992,True,True,True,True,Eyes,1.321357,-0.2547554,-3.58473,0.2625786,0.2999973,0.9170901,0.0,0.0,0.0,0.0,0.0,0.0,0.0,-2.381554,-0.2452694,2.986416,1.312829,-0.2585945,-3.586118,-0.0681599,0.160084,-0.01303383,0.9846612,352.5272,18.64777,357.2546,0.3448522,-0.06621819,-0.936318,0,0,0,1.609077,0.04764219,-2.516301,-0.06894633,0.1563618,1.138793,0.9484065,-0.04749043,-0.3134802,0.003845195,0.9903687,-0.1384018,0.3170338,0.1300558,0.9394547,moving,15.97733,18.11389,-3.464648,7.818098,14.71209845131124,29.4148907199875
05/11/2023 12:33:50.713848,2993,True,True,True,True,Eyes,1.321365,-0.25487,-3.584492,0.2627319,0.2976948,0.9177961,0.0,0.0,0.0,0.0,0.0,0.0,0.0,-2.380486,-0.2385511,2.987568,1.312879,-0.2587647,-3.585885,-0.06718416,0.1598964,-0.01302446,0.9847589,352.637,18.6207,357.2758,0.3448762,-0.0662497,-0.936307,0,0,0,1.60905,0.04476392,-2.51636,-0.06832248,0.155945,1.137868,0.948527,-0.04713691,-0.3131687,0.004166896,0.9906332,-0.1364855,0.3166688,0.1281552,0.9398388,moving,15.9745,17.9709,-3.436159,7.803782,14.704536326807238,29.270286610634177
05/11/2023 12:33:50.723500,2994,True,True,True,True,Eyes,1.321371,-0.2549857,-3.584251,0.2626369,0.2953122,0.9185928,0.0,0.0,0.0,0.0,0.0,0.0,0.0,-2.38003,-0.2315978,2.988296,1.312928,-0.2589714,-3.5857,-0.06616266,0.1598069,-0.01304648,0.9848423,352.7528,18.60513,357.2934,0.3449,-0.06628142,-0.9362959,0,0,0,1.60902,0.04158805,-2.516426,-0.06793991,0.1553671,1.136926,0.9485832,-0.04684394,-0.3130427,0.004550956,0.9909046,-0.1344894,0.3164954,0.1261497,0.9401686,moving,15.95588,17.82173,-3.41979,7.781582,14.680871885625171,29.11932827509158
05/11/2023 12:33:50.743366,2995,True,True,True,True,Eyes,1.321377,-0.2551033,-3.58401,0.2625415,0.2929442,0.9193779,0.0,0.0,0.0,0.0,0.0,0.0,0.0,-2.379901,-0.2240753,2.98868,1.312977,-0.2590707,-3.585431,-0.06505773,0.1597751,-0.01304237,0.9849212,352.8778,18.59576,357.3152,0.3449235,-0.06631337,-0.936285,0,0,0,1.608993,0.0386881,-2.516485,-0.06765547,0.1551439,1.135907,0.9486037,-0.04648061,-0.3130346,0.004902198,0.9911947,-0.1323211,0.3164286,0.1239858,0.9404789,moving,15.93745,17.6736,-3.408553,7.777423,14.657433027904114,28.969422808937384
05/11/2023 12:33:50.763599,2996,True,True,True,True,Eyes,1.32138,-0.2552221,-3.583765,0.2623419,0.2904696,0.9202196,0.0,0.0,0.0,0.0,0.0,0.0,0.0,-2.379539,-0.2167969,2.989207,1.312966,-0.2592155,-3.585177,-0.06401549,0.1597142,-0.01300189,0.9849998,352.9949,18.58314,357.34,0.3449467,-0.06634557,-0.9362742,0,0,0,1.608964,0.03559442,-2.516549,-0.0672341,0.1546194,1.13493,0.9486446,-0.04606209,-0.3129723,0.005165347,0.9914659,-0.1302637,0.3163016,0.1219573,0.9407868,moving,15.91212,17.51843,-3.390282,7.758041,14.626814673730637,28.812352796465202
05/11/2023 12:33:50.783459,2997,True,True,True,True,Eyes,1.321382,-0.2553437,-3.583519,0.2621457,0.2879984,0.9210519,0.0,0.0,0.0,0.0,0.0,0.0,0.0,-2.379369,-0.209594,2.989536,1.312985,-0.2593237,-3.584894,-0.06292068,0.1596819,-0.01306789,0.9850746,353.12,18.57437,357.3535,0.3449697,-0.06637803,-0.9362634,0,0,0,1.608936,0.03262226,-2.51661,-0.06694821,0.1543208,1.133911,0.9486619,-0.04584027,-0.3129526,0.00565111,0.9917404,-0.1281365,0.3162416,0.1197897,0.9410854,moving,15.88718,17.36364,-3.378926,7.750112,14.596601526805971,28.655669623724112
05/11/2023 12:33:50.793517,2998,True,True,True,True,Eyes,1.321384,-0.255464,-3.583276,0.2619191,0.2855475,0.9218791,0.0,0.0,0.0,0.0,0.0,0.0,0.0,-2.378891,-0.2012056,2.990166,1.312944,-0.2594929,-3.584625,-0.06169054,0.1596052,-0.01307249,0.9851649,353.2592,18.55942,357.3769,0.3449924,-0.06641082,-0.9362527,0,0,0,1.608909,0.02975603,-2.516669,-0.0664838,0.1544762,1.13292,0.9487106,-0.04544937,-0.312862,0.006064847,0.9920468,-0.1257236,0.3160878,0.1173778,0.9414409,moving,15.86061,17.21011,-3.358469,7.764524,14.56478869231366,28.500249639863835
05/11/2023 12:33:50.813500,2999,True,True,True,True,Eyes,1.321388,-0.2555795,-3.583028,0.2617,0.2831194,0.9226898,0.0,0.0,0.0,0.0,0.0,0.0,0.0,-2.377865,-0.1935477,2.991268,1.31292,-0.2595402,-3.584449,-0.06057087,0.1594337,-0.01303614,0.9852626,353.3849,18.53377,357.4034,0.3450149,-0.06644385,-0.936242,0,0,0,1.608879,0.02660474,-2.516734,-0.06581974,0.1539576,1.132012,0.948822,-0.0450021,-0.3125888,0.006373961,0.9923224,-0.1235132,0.3157473,0.1151996,0.9418241,moving,15.83478,17.05818,-3.327661,7.744908,14.533773681773004,28.346452440062166
05/11/2023 12:33:50.833057,3000,True,True,True,True,Eyes,1.321393,-0.2557011,-3.582775,0.261453,0.2807344,0.9234883,0.0,0.0,0.0,0.0,0.0,0.0,0.0,-2.377803,-0.1866877,2.991329,1.312963,-0.2595265,-3.58408,-0.05960238,0.159423,-0.01293926,0.9853246,353.4927,18.52729,357.4328,0.3450373,-0.06647698,-0.9362314,0,0,0,1.608851,0.02360639,-2.516795,-0.06551027,0.1531866,1.130952,0.9488338,-0.04450271,-0.3126243,0.006494758,0.9925603,-0.121581,0.3157091,0.1133297,0.9420637,moving,15.80759,16.90893,-3.315147,7.713727,14.501477641545167,28.19535607132814
05/11/2023 12:33:50.843866,3001,True,True,True,True,Eyes,1.3214,-0.2558303,-3.582525,0.2612155,0.2783605,0.9242737,0.0,0.0,0.0,0.0,0.0,0.0,0.0,-2.378113,-0.179348,2.991139,1.313031,-0.2597594,-3.583709,-0.05861704,0.1594681,-0.01281135,0.9853781,353.602,18.52713,357.4656,0.3450596,-0.06651037,-0.9362208,0,0,0,1.608823,0.02060052,-2.516857,-0.06534919,0.1526777,1.129906,0.9488117,-0.04394313,-0.3127708,0.006552944,0.9927998,-0.1196059,0.3157747,0.1114339,0.942268,moving,15.7812,16.76056,-3.310067,7.695437,14.470016108367963,28.04515485416356
05/11/2023 12:33:50.863226,3002,True,True,True,True,Eyes,1.321388,-0.2559606,-3.582264,0.2609942,0.2759759,0.925051,0.0,0.0,0.0,0.0,0.0,0.0,0.0,-2.378159,-0.171925,2.991366,1.313067,-0.2600025,-3.583535,-0.05757518,0.1594643,-0.01275671,0.9854409,353.719,18.52153,357.4915,0.3450818,-0.06654418,-0.9362102,0,0,0,1.608794,0.0175955,-2.516919,-0.06514019,0.1522996,1.129048,0.9488168,-0.04350434,-0.3128163,0.006779604,0.9930447,-0.1175423,0.3157541,0.1094054,0.9425125,moving,15.7559,16.61173,-3.302009,7.682374,14.43963691384805,27.89449577269997
05/11/2023 12:33:50.873570,3003,True,True,True,True,Eyes,1.321375,-0.2560945,-3.582,0.2607829,0.2735837,0.9258208,0.0,0.0,0.0,0.0,0.0,0.0,0.0,-2.378364,-0.1623033,2.991344,1.313057,-0.2601932,-3.583194,-0.05620077,0.1594992,-0.01270043,0.9855152,353.8736,18.51901,357.5236,0.3451037,-0.06657844,-0.9361997,0,0,0,1.608763,0.01429934,-2.516987,-0.06489623,0.152344,1.127904,0.9487975,-0.04296089,-0.3129501,0.00710499,0.9933603,-0.1148248,0.3158052,0.106722,0.942803,moving,15.73134,16.46262,-3.292999,7.692288,14.40999358237894,27.743558501438873
05/11/2023 12:33:50.893404,3004,True,True,True,True,Eyes,1.32137,-0.2562316,-3.581737,0.260575,0.2711027,0.9266089,0.0,0.0,0.0,0.0,0.0,0.0,0.0,-2.378383,-0.1526994,2.991406,1.312982,-0.2603949,-3.582849,-0.05486567,0.1595151,-0.01258083,0.9855895,354.0226,18.5142,357.5622,0.3451253,-0.0666132,-0.9361892,0,0,0,1.608739,0.01167425,-2.51704,-0.06455091,0.1529576,1.126889,0.9487933,-0.04230288,-0.3130523,0.007295263,0.993663,-0.1121637,0.3158133,0.1041364,0.9430894,moving,15.7067,16.30816,-3.278457,7.729771,14.380093375598262,27.58721101053633
05/11/2023 12:33:50.913292,3005,True,True,True,True,Eyes,1.321365,-0.2563649,-3.581474,0.2603636,0.2686225,0.9273903,0.0,0.0,0.0,0.0,0.0,0.0,0.0,-2.377641,-0.1436096,2.992059,1.31297,-0.2605626,-3.582518,-0.05364206,0.159398,-0.01238545,0.9856782,354.1572,18.49409,357.6081,0.3451467,-0.06664848,-0.9361789,0,0,0,1.608711,0.00869237,-2.517102,-0.06392732,0.1529143,1.125879,0.9488778,-0.04151701,-0.3129015,0.007315255,0.9939383,-0.1096961,0.315559,0.1017992,0.9434296,moving,15.68202,16.15388,-3.249762,7.734459,14.350158826040472,27.431045261067958
05/11/2023 12:33:50.923444,3006,True,True,True,True,Eyes,1.321365,-0.2563649,-3.581474,0.2603636,0.2686225,0.9273903,0.0,0.0,0.0,0.0,0.0,0.0,0.0,-2.376619,-0.1352127,2.99296,1.312978,-0.2605847,-3.582261,-0.0523795,0.1592272,-0.01240238,0.9857735,354.3,18.46887,357.6309,0.345168,-0.06668413,-0.9361685,0,0,0,1.608682,0.005652803,-2.517164,-0.06330758,0.1527949,1.1249,0.9489858,-0.04113236,-0.3126245,0.007771404,0.9942051,-0.1072182,0.3152231,0.09931903,0.9438062,moving,15.68202,16.15388,-3.221118,7.735137,14.350158826040472,27.431045261067958
05/11/2023 12:33:50.943611,3007,True,True,True,True,Eyes,1.321365,-0.2563649,-3.581474,0.2603636,0.2686225,0.9273903,0.0,0.0,0.0,0.0,0.0,0.0,0.0,-2.376127,-0.1281406,2.993186,1.312995,-0.2606633,-3.581852,-0.05130182,0.1591516,-0.01246573,0.9858416,354.423,18.45586,357.6443,0.3451872,-0.06671622,-0.9361592,0,0,0,1.608654,0.002627745,-2.517226,-0.06289595,0.15235,1.123832,0.9490308,-0.04090799,-0.3125175,0.008248935,0.9944255,-0.1051188,0.3150755,0.09718305,0.9440778,moving,15.68202,16.15388,-3.203254,7.720129,14.350158826040472,27.431045261067958
05/11/2023 12:33:50.963233,3008,True,True,True,True,Eyes,1.321365,-0.2563649,-3.581474,0.2603636,0.2686225,0.9273903,0.0,0.0,0.0,0.0,0.0,0.0,0.0,-2.375093,-0.1181164,2.99396,1.31293,-0.2609052,-3.581475,-0.05002715,0.1589996,-0.01213134,0.9859357,354.5608,18.43111,357.707,0.3452044,-0.06674511,-0.9361508,0,0,0,1.608626,-0.0003314578,-2.517287,-0.06208035,0.1524778,1.12282,0.9491439,-0.03983004,-0.3123131,0.008012845,0.9947002,-0.1025049,0.3147406,0.09478935,0.9444328,moving,15.68202,16.15388,-3.164642,7.733398,14.350158826040472,27.431045261067958
05/11/2023 12:33:50.973685,3009,True,True,True,True,Eyes,1.321365,-0.2563649,-3.581474,0.2603636,0.2686225,0.9273903,0.0,0.0,0.0,0.0,0.0,0.0,0.0,-2.371766,-0.1093735,2.996495,1.312825,-0.2610599,-3.58114,-0.04899444,0.1584805,-0.01167243,0.9860768,354.6681,18.36412,357.7812,0.3452199,-0.0667711,-0.9361432,0,0,0,1.608596,-0.003497765,-2.517352,-0.06036294,0.1517472,1.121958,0.9494954,-0.03854915,-0.311404,0.007490504,0.9949266,-0.1003243,0.3136916,0.09292486,0.944967,moving,15.68202,16.15388,-3.079624,7.702633,14.350158826040472,27.431045261067958
05/11/2023 12:33:50.993417,3010,True,True,True,True,Eyes,1.321365,-0.2563649,-3.581474,0.2603636,0.2686225,0.9273903,0.0,0.0,0.0,0.0,0.0,0.0,0.0,-2.369071,-0.1023425,2.998524,1.312724,-0.2612919,-3.580866,-0.04794873,0.1580545,-0.0117175,0.986196,354.7863,18.31064,357.7977,0.3452339,-0.0667945,-0.9361364,0,0,0,1.60857,-0.006307926,-2.51741,-0.05910712,0.1515809,1.121164,0.949763,-0.03826853,-0.3106216,0.00795449,0.9951273,-0.09827769,0.312869,0.09086968,0.9454395,moving,15.68202,16.15388,-3.017807,7.699678,14.350158826040472,27.431045261067958
05/11/2023 12:33:51.013428,3011,True,True,True,True,Eyes,1.321365,-0.2563649,-3.581474,0.2603636,0.2686225,0.9273903,0.0,0.0,0.0,0.0,0.0,0.0,0.0,-2.366502,-0.09416847,3.000391,1.312744,-0.2613946,-3.580492,-0.04680611,0.1576388,-0.01159833,0.9863188,354.9126,18.25726,357.8346,0.3452465,-0.06681556,-0.9361303,0,0,0,1.608542,-0.009216749,-2.51747,-0.05788103,0.1513701,1.120198,0.950031,-0.03763621,-0.3098784,0.008122375,0.9953493,-0.09598818,0.31205,0.08867481,0.9459184,moving,15.68202,16.15388,-2.957864,7.695653,14.350158826040472,27.431045261067958
05/11/2023 12:33:51.023080,3012,True,True,True,True,Eyes,1.321365,-0.2563649,-3.581474,0.2603636,0.2686225,0.9273903,0.0,0.0,0.0,0.0,0.0,0.0,0.0,-2.364715,-0.08858071,3.001487,1.312683,-0.2614994,-3.580101,-0.04608599,0.1573704,-0.01142088,0.9863977,354.9904,18.22243,357.8694,0.3452578,-0.0668345,-0.9361248,0,0,0,1.608513,-0.01231674,-2.517534,-0.0568943,0.1500072,1.119338,0.9502082,-0.03703619,-0.3094069,0.00802591,0.9954913,-0.09451285,0.3115123,0.08732361,0.9462213,moving,15.68202,16.15388,-2.909755,7.632965,14.350158826040472,27.431045261067958
05/11/2023 12:33:51.043340,3013,True,True,True,True,Eyes,1.321365,-0.2563649,-3.581474,0.2603636,0.2686225,0.9273903,0.0,0.0,0.0,0.0,0.0,0.0,0.0,-2.362313,-0.08111835,3.003184,1.3126,-0.2616317,-3.579783,-0.0450934,0.1569991,-0.01123188,0.9865049,355.0985,18.17464,357.9109,0.345268,-0.06685156,-0.9361199,0,0,0,1.608486,-0.0151923,-2.517593,-0.05567446,0.1494936,1.118518,0.9504502,-0.03631985,-0.3087478,0.008001361,0.9956809,-0.0924965,0.3107737,0.08544291,0.9466357,moving,15.68202,16.15388,-2.849558,7.612653,14.350158826040472,27.431045261067958
05/11/2023 12:33:51.063223,3014,True,True,True,True,Eyes,1.321365,-0.2563649,-3.581474,0.2603636,0.2686225,0.9273903,0.0,0.0,0.0,0.0,0.0,0.0,0.0,-2.36101,-0.07011959,3.004005,1.312422,-0.2618661,-3.579428,-0.04373713,0.1568282,-0.01077901,0.9865983,355.2435,18.14773,357.988,0.3452772,-0.0668669,-0.9361154,0,0,0,1.608457,-0.01824735,-2.517656,-0.05468681,0.1496426,1.117571,0.9505775,-0.03498752,-0.3085098,0.007550671,0.9959418,-0.08968285,0.3103956,0.08292103,0.946984,moving,15.68202,16.15388,-2.801456,7.626531,14.350158826040472,27.431045261067958
05/11/2023 12:33:51.073281,3015,True,True,True,True,Eyes,1.321365,-0.2563649,-3.581474,0.2603636,0.2686225,0.9273903,0.0,0.0,0.0,0.0,0.0,0.0,0.0,-2.360022,-0.05963588,3.004591,1.312448,-0.2620024,-3.579059,-0.04255134,0.1566865,-0.01013233,0.9866793,355.3658,18.1242,358.0838,0.3452854,-0.06688072,-0.9361114,0,0,0,1.608429,-0.02124094,-2.517717,-0.05388775,0.1493216,1.116609,0.9506934,-0.03332916,-0.3083363,0.006660286,0.9961734,-0.08714426,0.3100609,0.08079386,0.9472775,moving,15.68202,16.15388,-2.762961,7.616846,14.350158826040472,27.431045261067958
05/11/2023 12:33:51.093387,3016,True,True,True,True,Eyes,1.321365,-0.2563649,-3.581474,0.2603636,0.2686225,0.9273903,0.0,0.0,0.0,0.0,0.0,0.0,0.0,-2.35928,-0.04972413,3.005266,1.312521,-0.2622302,-3.578942,-0.04136561,0.1565628,-0.009658063,0.9867542,355.4913,18.10374,358.1598,0.3452929,-0.06689315,-0.9361078,0,0,0,1.608401,-0.02424985,-2.517779,-0.05332679,0.1490911,1.115874,0.9507896,-0.03201289,-0.3081789,0.006107638,0.9963912,-0.08465955,0.3097769,0.07861118,0.947554,moving,15.68202,16.15388,-2.736042,7.610177,14.350158826040472,27.431045261067958
05/11/2023 12:33:51.113258,3017,True,True,True,True,Eyes,1.321365,-0.2563649,-3.581474,0.2603636,0.2686225,0.9273903,0.0,0.0,0.0,0.0,0.0,0.0,0.0,-2.359562,-0.03863174,3.004854,1.312576,-0.2624229,-3.57861,-0.03990947,0.1566169,-0.009351686,0.9868085,355.6507,18.10402,358.2209,0.3452995,-0.06690434,-0.9361045,0,0,0,1.608372,-0.02727945,-2.517841,-0.05313957,0.1494551,1.114835,0.9507673,-0.03095764,-0.3083554,0.005955648,0.9966395,-0.08169528,0.3098482,0.07583676,0.9477568,moving,15.68202,16.15388,-2.728987,7.635565,14.350158826040472,27.431045261067958
05/11/2023 12:33:51.123299,3018,True,True,True,True,Eyes,1.321132,-0.256575,-3.580973,0.2609309,0.2632259,0.9287773,0.0,0.0,0.0,0.0,0.0,0.0,0.0,-2.359905,-0.0299333,3.004302,1.312537,-0.2625089,-3.578298,-0.03870353,0.1566933,-0.009210603,0.9868458,355.7848,18.10853,358.2585,0.3453056,-0.06691442,-0.9361016,0,0,0,1.608344,-0.03030292,-2.517904,-0.05299282,0.1491973,1.113907,0.9507247,-0.03030806,-0.3085513,0.006049722,0.9968345,-0.07927531,0.3099772,0.07350236,0.9478985,moving,15.69219,15.82332,-2.723726,7.628824,14.349504224591572,27.09686524113651
05/11/2023 12:33:51.143736,3019,True,True,True,True,Eyes,1.320907,-0.2567877,-3.580486,0.2614978,0.2579334,0.9301018,0.0,0.0,0.0,0.0,0.0,0.0,0.0,-2.361033,-0.02281785,3.003167,1.312595,-0.2626957,-3.578002,-0.03773696,0.1568831,-0.009093716,0.9868541,355.8925,18.12716,358.2886,0.3453097,-0.06692991,-0.9360989,0,0,0,1.608315,-0.0333121,-2.517965,-0.05322203,0.1485206,1.113038,0.95061,-0.02978892,-0.308955,0.006107761,0.9969864,-0.07733504,0.3103278,0.07162844,0.9479272,moving,15.70331,15.49962,-2.737622,7.600485,14.350032250604867,26.769628087615757
05/11/2023 12:33:51.163394,3020,True,True,True,True,Eyes,1.32065,-0.2569975,-3.579992,0.2621258,0.2530439,0.9312674,0.0,0.0,0.0,0.0,0.0,0.0,0.0,-2.362944,-0.01396054,3.0015,1.312546,-0.2629436,-3.577819,-0.03640808,0.1572052,-0.009175107,0.986852,356.045,18.16092,358.3023,0.3453123,-0.06695032,-0.9360965,0,0,0,1.608286,-0.03638996,-2.518029,-0.05374265,0.1486726,1.112183,0.9504046,-0.02955603,-0.3096085,0.006661865,0.9971805,-0.07474352,0.3109446,0.06897403,0.9479219,moving,15.72043,15.20138,-2.76648,7.613953,14.35744066598191,26.46817497880542
05/11/2023 12:33:51.183138,3021,True,True,True,True,Eyes,1.320403,-0.257204,-3.579508,0.2627574,0.2482444,0.9323805,0.0,0.0,0.0,0.0,0.0,0.0,0.0,-2.365309,-0.005479068,2.999404,1.312576,-0.263098,-3.577578,-0.03518596,0.1575977,-0.009142089,0.986834,356.1833,18.20282,358.3268,0.3453127,-0.06697512,-0.9360945,0,0,0,1.608257,-0.03948982,-2.518092,-0.05443701,0.1484436,1.111278,0.9501587,-0.0291339,-0.3104023,0.00695299,0.9973568,-0.07232696,0.3116889,0.06656387,0.9478498,moving,15.73855,14.90902,-2.804447,7.608486,14.366049754058425,26.1726741366017
05/11/2023 12:33:51.193431,3022,True,True,True,True,Eyes,1.320112,-0.2574152,-3.579018,0.2634705,0.2438884,0.9333283,0.0,0.0,0.0,0.0,0.0,0.0,0.0,-2.367717,0.003698349,2.997213,1.312559,-0.263202,-3.577331,-0.03389471,0.1580087,-0.009031834,0.9868147,356.3282,18.24648,358.3614,0.3453114,-0.06700376,-0.936093,0,0,0,1.60823,-0.04241127,-2.518152,-0.05509877,0.1484733,1.110383,0.9499034,-0.0285368,-0.3112383,0.007114171,0.9975392,-0.06974979,0.3124628,0.06404136,0.9477688,moving,15.76391,14.64452,-2.840768,7.61605,14.382866861838481,25.90539238197452
05/11/2023 12:33:51.213441,3023,True,True,True,True,Eyes,1.319834,-0.2576279,-3.578536,0.2641821,0.2396241,0.9342313,0.0,0.0,0.0,0.0,0.0,0.0,0.0,-2.370676,0.01178934,2.994517,1.312626,-0.2633232,-3.577017,-0.03274625,0.1585005,-0.008963224,0.9867751,356.4577,18.30018,358.3884,0.3453075,-0.06703603,-0.9360921,0,0,0,1.608202,-0.0454028,-2.518214,-0.05602139,0.1481434,1.109429,0.9495945,-0.02806996,-0.3122216,0.00730878,0.9976947,-0.06746771,0.3133956,0.06178501,0.9476106,moving,15.78985,14.38586,-2.890736,7.605783,14.400460434361202,25.644019647341313
05/11/2023 12:33:51.223263,3024,True,True,True,True,Eyes,1.319834,-0.2576279,-3.578536,0.2641821,0.2396241,0.9342313,0.0,0.0,0.0,0.0,0.0,0.0,0.0,-2.373097,0.01916689,2.99241,1.312553,-0.2637638,-3.576885,-0.03180083,0.1589197,-0.008802938,0.98674,356.5625,18.34579,358.4225,0.3453015,-0.06707156,-0.9360917,0,0,0,1.60817,-0.04877479,-2.518283,-0.05667967,0.1472706,1.108759,0.949334,-0.02747998,-0.3130651,0.007264865,0.9978225,-0.06555622,0.3141848,0.05996038,0.9474664,moving,15.78985,14.38586,-2.926409,7.56601,14.400460434361202,25.644019647341313
05/11/2023 12:33:51.243641,3025,True,True,True,True,Eyes,1.319834,-0.2576279,-3.578536,0.2641821,0.2396241,0.9342313,0.0,0.0,0.0,0.0,0.0,0.0,0.0,-2.375943,0.03113458,2.989853,1.312579,-0.2638309,-3.576706,-0.03008262,0.1593949,-0.00869357,0.9867184,356.7556,18.39611,358.4649,0.3452962,-0.06710355,-0.9360914,0,0,0,1.608146,-0.05132738,-2.518336,-0.05754313,0.1485586,1.107828,0.9490353,-0.02674624,-0.3140328,0.007566173,0.9980389,-0.06213756,0.3150788,0.05659471,0.9473765,moving,15.78985,14.38586,-2.973402,7.637741,14.400460434361202,25.644019647341313
05/11/2023 12:33:51.263320,3026,True,True,True,True,Eyes,1.315638,-0.263243,-3.567218,0.277572,0.1408874,0.9503182,0.0,0.0,0.0,0.0,0.0,0.0,0.0,-2.377745,0.03817318,2.988017,1.312581,-0.263899,-3.576432,-0.0291523,0.1597129,-0.008496305,0.9866964,356.8578,18.43007,358.5034,0.3452913,-0.06713233,-0.9360911,0,0,0,1.608117,-0.05434113,-2.518398,-0.0579915,0.1476355,1.107038,0.9488392,-0.02607854,-0.3146809,0.007454548,0.998156,-0.06024287,0.3156717,0.05481499,0.9472839,moving,16.2822,8.432839,-2.998664,7.596196,14.699998623514302,19.627867676601134
05/11/2023 12:33:51.273180,3027,True,True,True,True,Eyes,1.315634,-0.263256,-3.56722,0.2775838,0.1407935,0.9503286,0.0,0.0,0.0,0.0,0.0,0.0,0.0,-2.377542,0.04434414,2.98791,1.312582,-0.2641268,-3.576261,-0.02832854,0.1596909,-0.008376843,0.9867251,356.9487,18.4251,358.5322,0.3452825,-0.06732619,-0.9360802,0,0,0,1.608088,-0.05747546,-2.518462,-0.05774817,0.1465359,1.106418,0.9488573,-0.0255789,-0.3146675,0.00748366,0.9982547,-0.05858037,0.3156166,0.05322954,0.9473926,moving,16.28268,8.427212,-2.987775,7.544445,14.700296471710269,19.62218110047665
05/11/2023 12:33:51.293494,3028,True,True,True,True,Eyes,1.315693,-0.2632793,-3.567232,0.277515,0.1410503,0.9503106,0.0,0.0,0.0,0.0,0.0,0.0,0.0,-2.37815,0.05087864,2.987346,1.312475,-0.2644297,-3.576298,-0.0271826,0.1597868,-0.008752479,0.9867384,357.0854,18.43451,358.5105,0.3452744,-0.06750099,-0.9360705,0,0,0,1.608061,-0.06035234,-2.518521,-0.05790204,0.1465801,1.105926,0.9487832,-0.02595965,-0.3148597,0.008585975,0.998369,-0.05644128,0.3158113,0.05084716,0.9474586,moving,16.27916,8.442519,-2.99705,7.550013,14.69725674074987,19.637635400372336
05/11/2023 12:33:51.313285,3029,True,True,True,True,Eyes,1.315747,-0.263307,-3.567235,0.2774451,0.1412145,0.9503066,0.0,0.0,0.0,0.0,0.0,0.0,0.0,-2.378266,0.05766553,2.986839,1.31252,-0.2646323,-3.576024,-0.02624766,0.1598151,-0.008661225,0.9867601,357.1895,18.43528,358.538,0.3452684,-0.06765887,-0.9360613,0,0,0,1.608032,-0.06339693,-2.518584,-0.05778888,0.1457968,1.105172,0.9487683,-0.02548265,-0.3149436,0.008703554,0.9984721,-0.05456867,0.315853,0.04903189,0.9475404,moving,16.27534,8.452239,-2.993241,7.515194,14.693730809828596,19.647438369726505
05/11/2023 12:33:51.333740,3030,True,True,True,True,Eyes,1.315842,-0.2633382,-3.56724,0.2773126,0.141637,0.9502824,0.0,0.0,0.0,0.0,0.0,0.0,0.0,-2.377867,0.06548506,2.986702,1.312472,-0.2647502,-3.575787,-0.02518062,0.1597746,-0.008505049,0.9867957,357.3073,18.42766,358.5755,0.3452642,-0.06780165,-0.9360524,0,0,0,1.608001,-0.0666684,-2.518651,-0.05741397,0.1449759,1.104444,0.9487995,-0.02483194,-0.3149015,0.008739049,0.9985873,-0.05241403,0.3157581,0.04697847,0.9476761,moving,16.26837,8.477371,-2.975814,7.47823,14.687541154164192,19.672804277372684
05/11/2023 12:33:51.343659,3031,True,True,True,True,Eyes,1.315932,-0.2633716,-3.567238,0.2771802,0.1419779,0.9502702,0.0,0.0,0.0,0.0,0.0,0.0,0.0,-2.377133,0.07286334,2.986825,1.312557,-0.2648157,-3.575508,-0.02417665,0.1596614,-0.008339771,0.9868405,357.4177,18.41181,358.613,0.3452626,-0.06793089,-0.9360436,0,0,0,1.607976,-0.06940045,-2.518707,-0.05700257,0.1444999,1.103702,0.9488775,-0.0241802,-0.3147174,0.008739892,0.9986919,-0.05038008,0.3155239,0.04505392,0.9478475,moving,16.26121,8.497584,-2.956511,7.458905,14.68099807124389,19.693195040317775
05/11/2023 12:33:51.363351,3032,True,True,True,True,Eyes,1.316038,-0.2634157,-3.567237,0.2770182,0.1424364,0.9502488,0.0,0.0,0.0,0.0,0.0,0.0,0.0,-2.376644,0.07876469,2.986838,1.312538,-0.2648906,-3.575321,-0.02334413,0.1595963,-0.00826592,0.9868718,357.5105,18.40223,358.6369,0.3452632,-0.06804803,-0.9360348,0,0,0,1.607944,-0.07271204,-2.518775,-0.05665573,0.1430929,1.103087,0.9489214,-0.02376607,-0.3146162,0.008863529,0.9987735,-0.04871374,0.315388,0.0434369,0.9479681,moving,16.25255,8.524814,-2.94019,7.391159,14.673175933948128,19.720671085778083
05/11/2023 12:33:51.373058,3033,True,True,True,True,Eyes,1.316142,-0.2634629,-3.567228,0.2768703,0.1427913,0.9502386,0.0,0.0,0.0,0.0,0.0,0.0,0.0,-2.376182,0.08651939,2.986855,1.312571,-0.2651561,-3.575175,-0.02226711,0.1595252,-0.008181827,0.9869088,357.6307,18.39147,358.6664,0.3452661,-0.06815454,-0.936026,0,0,0,1.607917,-0.07560434,-2.518835,-0.056362,0.1428249,1.102469,0.9489696,-0.02325376,-0.3145093,0.009045102,0.9988745,-0.04656163,0.315238,0.0413408,0.9481117,moving,16.2445,8.545831,-2.926609,7.38156,14.665763225916026,19.741868884296544
05/11/2023 12:33:51.393482,3034,True,True,True,True,Eyes,1.316237,-0.2635094,-3.567213,0.2767493,0.1431856,0.9502146,0.0,0.0,0.0,0.0,0.0,0.0,0.0,-2.376661,0.0938506,2.986005,1.312601,-0.2652596,-3.57495,-0.0211835,0.1596114,-0.00818126,0.9869188,357.7534,18.39923,358.6862,0.3452713,-0.06825159,-0.936017,0,0,0,1.607891,-0.07837377,-2.518892,-0.05641818,0.14255,1.101761,0.9489146,-0.02291073,-0.3147004,0.009386221,0.9989687,-0.04442443,0.3153936,0.03920114,0.9481509,moving,16.23816,8.569296,-2.931399,7.372186,14.660152963848683,19.765553394920463
05/11/2023 12:33:51.413508,3035,True,True,True,True,Eyes,1.316331,-0.2635618,-3.56719,0.2766245,0.1435124,0.9502016,0.0,0.0,0.0,0.0,0.0,0.0,0.0,-2.37578,0.1003345,2.986343,1.312572,-0.2652701,-3.574832,-0.02033579,0.1594885,-0.00795961,0.9869583,357.845,18.38277,358.7271,0.3452782,-0.06834011,-0.9360081,0,0,0,1.607862,-0.08142927,-2.518955,-0.05591646,0.1413245,1.10126,0.9490002,-0.02219825,-0.3144931,0.009224958,0.9990462,-0.04268007,0.3151406,0.0376022,0.9482998,moving,16.23143,8.588674,-2.906697,7.312794,14.654015319500916,19.785102709385303
05/11/2023 12:33:51.423455,3036,True,True,True,True,Eyes,1.316431,-0.2636205,-3.567165,0.2764782,0.1438687,0.9501904,0.0,0.0,0.0,0.0,0.0,0.0,0.0,-2.375157,0.1060186,2.986438,1.312619,-0.2654575,-3.574631,-0.01964632,0.1594016,-0.007718322,0.9869882,357.9185,18.37084,358.7673,0.3452867,-0.06842113,-0.9359991,0,0,0,1.607834,-0.0844126,-2.519016,-0.05554914,0.1399967,1.100712,0.9490631,-0.02149909,-0.3143516,0.008972477,0.9991089,-0.04124199,0.3149582,0.03632074,0.9484103,moving,16.22348,8.609781,-2.889069,7.248384,14.646706265691622,19.80639217872382
05/11/2023 12:33:51.443552,3037,True,True,True,True,Eyes,1.31652,-0.2636835,-3.567137,0.2763213,0.1441261,0.9501969,0.0,0.0,0.0,0.0,0.0,0.0,0.0,-2.373916,0.1124862,2.986996,1.312636,-0.2656421,-3.574451,-0.01876845,0.1592101,-0.007601228,0.9870371,358.0154,18.34672,358.797,0.3452969,-0.06849555,-0.9359899,0,0,0,1.607805,-0.08754107,-2.51908,-0.05496022,0.1389638,1.100145,0.9491888,-0.02098164,-0.3140071,0.009029136,0.99918,-0.03947069,0.3145778,0.03462992,0.9485998,moving,16.21465,8.624896,-2.859961,7.199138,14.638313673506504,19.82161693205236
05/11/2023 12:33:51.463287,3038,True,True,True,True,Eyes,1.316608,-0.263748,-3.567103,0.2759241,0.1442628,0.9502915,0.0,0.0,0.0,0.0,0.0,0.0,0.0,-2.372405,0.1201534,2.98773,1.312481,-0.265792,-3.574356,-0.01768056,0.1589948,-0.007527336,0.9870924,358.1369,18.31962,358.8257,0.3453083,-0.06856417,-0.9359807,0,0,0,1.607777,-0.09048308,-2.519141,-0.05419332,0.1385497,1.099673,0.9493279,-0.02048259,-0.313619,0.009238118,0.9992615,-0.0372983,0.3141514,0.03251107,0.9488161,moving,16.19104,8.632109,-2.821329,7.180957,14.614778959990437,19.82875298223191
05/11/2023 12:33:51.483062,3039,True,True,True,True,Eyes,1.316692,-0.2638131,-3.567063,0.2755222,0.144336,0.9503971,0.0,0.0,0.0,0.0,0.0,0.0,0.0,-2.371306,0.1271231,2.988094,1.312481,-0.2658654,-3.574166,-0.01668708,0.1588289,-0.007452316,0.9871371,358.2478,18.29847,358.8527,0.3453208,-0.06862761,-0.9359714,0,0,0,1.607748,-0.0935988,-2.519205,-0.05365443,0.1376777,1.099076,0.9494357,-0.02001369,-0.313323,0.009412134,0.999332,-0.03531215,0.3138204,0.03057759,0.9489899,moving,16.16699,8.635474,-2.794834,7.140069,14.59067439713352,19.831995169233387
05/11/2023 12:33:51.493540,3040,True,True,True,True,Eyes,1.316787,-0.2638867,-3.567023,0.2749464,0.144272,0.9505736,1.096735,1.618331,-0.1056586,-2.524496,0.7071969,-0.6150026,-0.3487753,-0.0409933,0.1276063,1.096662,1.312462,-0.2659352,-3.573966,-0.01592735,0.1585743,-0.007287272,0.9871918,358.3304,18.26736,358.8857,0.3453344,-0.06868643,-0.9359621,0,0,0,1.607721,-0.09643184,-2.519263,-0.05288473,0.1365516,1.098574,0.9496021,-0.01943921,-0.3128543,0.009336533,0.9993864,-0.03375785,0.3133185,0.02913555,0.949201,moving,16.13213,8.630126,-2.756059,7.085465,14.555398298043693,19.82635507539451
05/11/2023 12:33:51.513531,3041,True,True,True,True,Eyes,1.316874,-0.2639642,-3.566979,0.2743671,0.1441243,0.9507633,1.091343,1.616302,-0.1066752,-2.52937,0.5740176,-0.4716012,-0.6693998,-0.04060328,0.1289292,1.091012,1.312453,-0.2661778,-3.57379,-0.01501611,0.1582817,-0.007150247,0.987254,358.4307,18.2317,358.9182,0.345349,-0.06874129,-0.9359527,0,0,0,1.607691,-0.09960052,-2.519328,-0.05205184,0.1355989,1.098047,0.9497916,-0.01887177,-0.3123136,0.009364668,0.9994468,-0.03191293,0.3127431,0.02738592,0.9494429,moving,16.09685,8.619725,-2.714018,7.039869,14.519532772914102,19.81560280837879
05/11/2023 12:33:51.523665,3042,True,True,True,True,Eyes,1.316995,-0.2640468,-3.566942,0.2736277,0.1438535,0.9510174,1.088724,1.6149,-0.10743,-2.531547,0.4824802,-0.3313132,-0.8108295,-0.04025787,0.1307671,1.088135,1.312333,-0.2663293,-3.573642,-0.01389148,0.1579519,-0.006924738,0.9873248,358.5535,18.19136,358.9647,0.3453646,-0.06879272,-0.9359432,0,0,0,1.607664,-0.1024614,-2.519387,-0.05101189,0.135306,1.09755,0.9500065,-0.0180623,-0.3117073,0.00928556,0.9995181,-0.02961835,0.3120921,0.02524325,0.9497164,moving,16.05164,8.60151,-2.661076,7.027961,14.473411395210404,19.796883157463967
05/11/2023 12:33:51.543667,3043,True,True,True,True,Eyes,1.317111,-0.2641268,-3.566902,0.2728929,0.1435045,0.9512812,1.086972,1.613738,-0.1081415,-2.532886,0.4067299,-0.1795241,-0.8957354,-0.04002729,0.1326374,1.086047,1.312348,-0.2664873,-3.573455,-0.01277068,0.157593,-0.006786912,0.9873983,358.6775,18.14786,359.0011,0.3453816,-0.06884114,-0.9359334,0,0,0,1.607636,-0.1054483,-2.519449,-0.05005196,0.1349046,1.096975,0.9502367,-0.01742791,-0.3110407,0.009377631,0.9995817,-0.02735863,0.3113874,0.02308035,0.9500027,moving,16.00653,8.57861,-2.612438,7.01096,14.427236297632964,19.773426906005938
05/11/2023 12:33:51.563351,3044,True,True,True,True,Eyes,1.317261,-0.2642121,-3.566871,0.2720891,0.1430816,0.9515751,1.086362,1.612848,-0.1087737,-2.533116,0.3474365,-0.2216825,-0.9111228,-0.0399707,0.1344554,1.085131,1.312352,-0.266488,-3.573315,-0.01163528,0.1572572,-0.006761224,0.9874662,358.8051,18.10727,359.025,0.3453999,-0.0688868,-0.9359233,0,0,0,1.607608,-0.108441,-2.51951,-0.04918003,0.1343956,1.096439,0.9504489,-0.01701242,-0.3104149,0.009693498,0.9996378,-0.02510538,0.3107295,0.02085238,0.9502696,moving,15.95711,8.551101,-2.568241,6.988148,14.37656964376646,19.745281498099928
05/11/2023 12:33:51.573259,3045,True,True,True,True,Eyes,1.317404,-0.2643003,-3.566834,0.2712865,0.1425878,0.9518784,1.085219,1.611809,-0.1095613,-2.533837,0.2819011,0.1306539,-0.9505057,-0.03951126,0.1358155,1.083758,1.312253,-0.2666576,-3.573127,-0.01070867,0.1568073,-0.006611285,0.9875491,358.9069,18.05367,359.0592,0.3454201,-0.06893009,-0.9359127,0,0,0,1.607579,-0.111522,-2.519573,-0.04791668,0.1334832,1.095968,0.9507355,-0.01641633,-0.3095681,0.009699542,0.9996833,-0.02322406,0.3098513,0.01907727,0.9505937,moving,15.90762,8.519347,-2.503426,6.944121,14.325692601897538,19.712843264946336
05/11/2023 12:33:51.593167,3046,True,True,True,True,Eyes,1.317538,-0.2643943,-3.566792,0.2704411,0.1420143,0.9522046,1.085026,1.610973,-0.1103051,-2.533625,0.2281291,0.2796531,-0.9326045,-0.03935999,0.1376137,1.083244,1.312256,-0.2667978,-3.572943,-0.00958416,0.1564001,-0.006545314,0.9876256,359.0326,18.00495,359.0873,0.3454418,-0.06897132,-0.9359017,0,0,0,1.607551,-0.1145004,-2.519634,-0.04686832,0.133092,1.095419,0.9509923,-0.01592656,-0.3088041,0.00993071,0.9997306,-0.0209785,0.309055,0.01688375,0.9508943,moving,15.85538,8.482718,-2.449949,6.92741,14.271885969879007,19.675457309105834
05/11/2023 12:33:51.614166,3047,True,True,True,True,Eyes,1.317666,-0.2644927,-3.566743,0.2695976,0.1413649,0.9525403,1.085282,1.610256,-0.1110718,-2.532968,0.1821285,0.4297852,-0.8843721,-0.03891361,0.1393834,1.083257,1.312129,-0.2670039,-3.572773,-0.008487057,0.1559039,-0.006454832,0.9877147,359.1547,17.94598,359.1177,0.3454647,-0.06901087,-0.9358903,0,0,0,1.607523,-0.1175214,-2.519697,-0.04550028,0.1326585,1.094944,0.9513046,-0.0153974,-0.3078675,0.01010473,0.9997727,-0.01877825,0.3080867,0.01475292,0.9512439,moving,15.80311,8.441557,-2.37955,6.908026,14.217899766137089,19.633488592858786
05/11/2023 12:33:51.623304,3048,True,True,True,True,Eyes,1.317775,-0.2645966,-3.566687,0.2687937,0.140618,0.952878,1.086076,1.609705,-0.1118747,-2.531788,0.147338,0.5795394,-0.8015146,-0.03874698,0.1414537,1.083685,1.312133,-0.2671895,-3.572562,-0.007226243,0.1554796,-0.006413636,0.9877919,359.2963,17.89532,359.1452,0.3454886,-0.06904904,-0.9358787,0,0,0,1.607494,-0.1205723,-2.519759,-0.04441518,0.132539,1.094344,0.9515699,-0.01491774,-0.3070703,0.01042361,0.9998133,-0.01627043,0.3072557,0.01228167,0.9515477,moving,15.75303,8.394656,-2.324137,6.905612,14.165929451307461,19.585730441291908
05/11/2023 12:33:51.643724,3049,True,True,True,True,Eyes,1.317878,-0.2647001,-3.566623,0.2679906,0.1397946,0.9532253,1.087518,1.609323,-0.1126709,-2.529973,0.1238128,0.7255124,-0.6769801,-0.03852552,0.143557,1.084844,1.312008,-0.2674001,-3.572394,-0.005956235,0.155073,-0.006313444,0.9878649,359.4379,17.84677,359.1794,0.3455131,-0.06908613,-0.935867,0,0,0,1.607466,-0.1235513,-2.519821,-0.04324681,0.1325191,1.093831,0.951825,-0.01432096,-0.3063071,0.01062636,0.9998494,-0.013726,0.3064575,0.009809822,0.9518338,moving,15.70284,8.3432,-2.264124,6.907792,14.113698256314573,19.53336573932146
05/11/2023 12:33:51.663424,3050,True,True,True,True,Eyes,1.317984,-0.264812,-3.566561,0.2671719,0.1389181,0.9535832,1.085568,1.608017,-0.114007,-2.531382,0.03672665,0.6361923,-0.7706558,-0.03826472,0.1452205,1.082525,1.311993,-0.2674741,-3.572167,-0.004615117,0.154637,-0.006409666,0.98794,359.5911,17.79493,359.1925,0.345538,-0.06912225,-0.9358551,0,0,0,1.607438,-0.1265269,-2.519882,-0.04215291,0.132568,1.09321,0.9520926,-0.01409206,-0.3054849,0.01123739,0.9998752,-0.01110126,0.3056032,0.007136572,0.9521322,moving,15.65164,8.28855,-2.208166,6.914208,14.060344844810446,19.477764669908257
05/11/2023 12:33:51.673531,3051,True,True,True,True,Eyes,1.318085,-0.2649299,-3.566493,0.2663572,0.1379734,0.9539482,0.0,0.0,0.0,0.0,0.0,0.0,0.0,-2.341605,0.221751,3.00332,1.311875,-0.2677513,-3.572046,-0.003318787,0.1542444,-0.006466796,0.9880061,359.7386,17.74823,359.2092,0.3455633,-0.06915773,-0.9358431,0,0,0,1.607409,-0.1295845,-2.519945,-0.04108396,0.1326275,1.092734,0.9523337,-0.01380228,-0.304746,0.01175466,0.9998944,-0.008552897,0.3048318,0.004563027,0.9523953,moving,15.60056,8.229849,-2.153158,6.920263,14.006978746359536,19.41806820640062
05/11/2023 12:33:51.693075,3052,True,True,True,True,Eyes,1.318185,-0.2650512,-3.566418,0.2656103,0.136921,0.954308,0.0,0.0,0.0,0.0,0.0,0.0,0.0,-2.33919,0.2315609,3.004211,1.311877,-0.2679944,-3.571816,-0.00198889,0.15388,-0.006277542,0.9880677,359.8855,17.70482,359.2542,0.3455889,-0.06919279,-0.9358311,0,0,0,1.607381,-0.1325466,-2.520005,-0.04009345,0.1327549,1.092128,0.9525631,-0.01301737,-0.3040627,0.01179317,0.9999132,-0.005862291,0.3041126,0.00199834,0.952634,moving,15.55336,8.164887,-2.102459,6.930656,13.957312993101548,19.35206676325428
05/11/2023 12:33:51.714257,3053,True,True,True,True,Eyes,1.31828,-0.2651807,-3.566338,0.2648653,0.1357837,0.9546775,0.0,0.0,0.0,0.0,0.0,0.0,0.0,-2.336773,0.2413191,3.005026,1.311859,-0.2681688,-3.571559,-0.0006446975,0.1535192,-0.006109416,0.9881266,0.03447714,17.66197,359.2969,0.3456148,-0.06922758,-0.935819,0,0,0,1.607353,-0.1355588,-2.520067,-0.03909108,0.1327972,1.091501,0.9527891,-0.0122717,-0.3033849,0.01187581,0.9999245,-0.003149911,0.3034007,-0.0006017397,0.9528629,moving,15.50612,8.094882,-2.051118,6.936784,13.907440757819048,19.280965792153562
05/11/2023 12:33:51.723715,3054,True,True,True,True,Eyes,1.318375,-0.2653159,-3.566256,0.2642331,0.1345788,0.9550233,0.0,0.0,0.0,0.0,0.0,0.0,0.0,-2.334308,0.2524991,3.005819,1.311848,-0.2684675,-3.571369,0.0009692938,0.1531377,-0.006076247,0.9881858,0.2163888,17.61667,359.3289,0.3456409,-0.06926234,-0.9358068,0,0,0,1.607324,-0.1385913,-2.52013,-0.03810221,0.1335599,1.090866,0.9530239,-0.01171205,-0.3026687,0.01230579,0.9999243,5.467975e-05,0.3026451,-0.003776689,0.9530958,moving,15.46555,8.021119,-2.000437,6.980253,13.86416055688245,19.206109368043165
05/11/2023 12:33:51.743239,3055,True,True,True,True,Eyes,1.318466,-0.2654487,-3.566167,0.2636085,0.1332906,0.9553764,0.0,0.0,0.0,0.0,0.0,0.0,0.0,-2.332209,0.2635298,3.006237,1.311784,-0.2687047,-3.571152,0.002620441,0.1528192,-0.006133297,0.9882317,0.404155,17.57879,359.3513,0.3456672,-0.06929724,-0.9357944,0,0,0,1.607296,-0.1415878,-2.520191,-0.03721976,0.1343976,1.090209,0.9532173,-0.01132133,-0.3020738,0.01292314,0.999911,0.003304634,0.3020095,-0.007053777,0.9532788,moving,15.42531,7.942431,-1.95532,7.027789,13.821050308591653,19.12627519940669
05/11/2023 12:33:51.763885,3056,True,True,True,True,Eyes,1.318559,-0.2655789,-3.566068,0.2630862,0.1319866,0.9557015,0.0,0.0,0.0,0.0,0.0,0.0,0.0,-2.33049,0.273847,3.006363,1.31176,-0.2687506,-3.570918,0.004266503,0.1525473,-0.006321743,0.9882669,0.5936874,17.54634,359.3586,0.3456937,-0.06933221,-0.9357821,0,0,0,1.607268,-0.1445911,-2.520253,-0.0365065,0.1350558,1.089525,0.9533787,-0.01119345,-0.3015688,0.01379683,0.9998837,0.006504158,0.301461,-0.01036162,0.9534223,moving,15.3912,7.863061,-1.919081,7.066253,13.784089757975925,19.045792294095808
05/11/2023 12:33:51.773470,3057,True,True,True,True,Eyes,1.31865,-0.2657147,-3.56596,0.2625553,0.1306322,0.9560334,0.0,0.0,0.0,0.0,0.0,0.0,0.0,-2.328414,0.2839468,3.006526,1.311737,-0.2687921,-3.570495,0.005669026,0.1522575,-0.006128251,0.9883057,0.748969,17.51228,359.4048,0.3457204,-0.06936719,-0.9357696,0,0,0,1.607239,-0.1476421,-2.520316,-0.03560761,0.1350306,1.088749,0.9535602,-0.01038687,-0.3010234,0.01383947,0.9998606,0.009339315,0.3008845,-0.0130716,0.953571,moving,15.35653,7.780697,-1.873195,7.069931,13.746466678476772,18.962278252989584
05/11/2023 12:33:51.793088,3058,True,True,True,True,Eyes,1.318745,-0.2658546,-3.565852,0.2623911,0.1292092,0.9562719,0.0,0.0,0.0,0.0,0.0,0.0,0.0,-2.325957,0.2957481,3.006955,1.311788,-0.2690506,-3.570174,0.007034528,0.1519308,-0.005465043,0.9883511,0.8918895,17.4745,359.5034,0.3457474,-0.06940235,-0.935757,0,0,0,1.607212,-0.1505658,-2.520376,-0.03461695,0.1351432,1.088085,0.9537743,-0.008665238,-0.3003988,0.01294028,0.9998413,0.01224455,0.300245,-0.01556578,0.9537351,moving,15.34373,7.695066,-1.822226,7.080042,13.73075639310481,18.875606582996014
05/11/2023 12:33:51.814190,3059,True,True,True,True,Eyes,1.31884,-0.2659938,-3.565735,0.262203,0.1277422,0.9565204,0.0,0.0,0.0,0.0,0.0,0.0,0.0,-2.322268,0.3066764,3.0086,1.311844,-0.2692719,-3.570044,0.008382274,0.1513763,-0.005000459,0.9884281,1.036219,17.41042,359.5789,0.3457747,-0.06943777,-0.9357443,0,0,0,1.607183,-0.1535733,-2.520438,-0.03324279,0.135149,1.087618,0.9541204,-0.007347432,-0.299333,0.01242294,0.9998094,0.01505665,0.2991654,-0.01808445,0.9540299,moving,15.32946,7.606775,-1.750687,7.083349,13.71347832591051,18.78623543596595
05/11/2023 12:33:51.823688,3060,True,True,True,True,Eyes,1.318943,-0.266136,-3.56561,0.2623525,0.1262464,0.9566781,0.0,0.0,0.0,0.0,0.0,0.0,0.0,-2.319675,0.3142447,3.009451,1.31195,-0.2693723,-3.569687,0.009634097,0.1509409,-0.005239653,0.988482,1.181982,17.35956,359.573,0.3458023,-0.06947343,-0.9357315,0,0,0,1.607155,-0.1566142,-2.5205,-0.03229094,0.134971,1.086919,0.9543788,-0.007450247,-0.2985056,0.01326696,0.9997594,0.01746451,0.2983037,-0.02062801,0.9542481,moving,15.33538,7.517506,-1.701682,7.07862,13.71649693497685,18.696009995392444
05/11/2023 12:33:51.863449,3061,True,True,True,True,Eyes,1.319038,-0.2662854,-3.565482,0.2624705,0.1246739,0.956852,0.0,0.0,0.0,0.0,0.0,0.0,0.0,-2.317591,0.3209011,3.009927,1.311993,-0.2695597,-3.569297,0.01083546,0.1505823,-0.005658162,0.9885219,1.325153,17.3174,359.5459,0.3458306,-0.06950938,-0.9357184,0,0,0,1.607126,-0.1595978,-2.520562,-0.03148645,0.1348727,1.086213,0.9545859,-0.007923177,-0.2978305,0.01444969,0.9997011,0.01971814,0.2975852,-0.02312622,0.9544151,moving,15.33929,7.423584,-1.660389,7.078067,13.71733836182323,18.601066242800353
05/11/2023 12:33:51.873182,3062,True,True,True,True,Eyes,1.319128,-0.2664372,-3.565346,0.2628044,0.1230834,0.9569662,0.0,0.0,0.0,0.0,0.0,0.0,0.0,-2.315167,0.3305312,3.010487,1.311895,-0.2698463,-3.569088,0.01250895,0.1501771,-0.006151796,0.9885609,1.523069,17.26966,359.5182,0.3458592,-0.0695458,-0.9357051,0,0,0,1.607098,-0.1626481,-2.520624,-0.03050599,0.1358492,1.0856,0.954818,-0.008405734,-0.2970723,0.01591997,0.9996114,0.02288401,0.2967644,-0.02657944,0.9545808,moving,15.35614,7.329052,-1.609621,7.132774,13.731188712760346,18.505591962631314
05/11/2023 12:33:51.873182,3063,True,True,True,True,Eyes,1.319215,-0.2665912,-3.565201,0.2630916,0.1214434,0.9570969,0.0,0.0,0.0,0.0,0.0,0.0,0.0,-2.311781,0.34225,3.011314,1.311805,-0.2700292,-3.568716,0.01430692,0.1496572,-0.006275957,0.9886146,1.728678,17.20921,359.5341,0.3458881,-0.06958272,-0.9356917,0,0,0,1.607068,-0.1658119,-2.520689,-0.0291391,0.1367727,1.084825,0.9551267,-0.008126736,-0.2960861,0.01669127,0.9995118,0.02640958,0.2957269,-0.03016654,0.9547961,moving,15.37012,7.231461,-1.538632,7.185831,13.742048499530062,18.407005419524893
05/11/2023 12:33:51.893143,3064,True,True,True,True,Eyes,1.319296,-0.2667502,-3.565053,0.2635509,0.1197676,0.9571816,0.0,0.0,0.0,0.0,0.0,0.0,0.0,-2.308894,0.3523015,3.012005,1.311841,-0.2702137,-3.568381,0.01574968,0.1492133,-0.006209229,0.9886602,1.890827,17.15799,359.5656,0.3459172,-0.06962015,-0.9356781,0,0,0,1.607028,-0.1700962,-2.520777,-0.02803129,0.1357551,1.084166,0.9553937,-0.007577509,-0.295238,0.01697776,0.9994268,0.02928917,0.2948469,-0.03299517,0.9549747,moving,15.39439,7.13208,-1.481062,7.137209,13.763210087786865,18.306677515459388
05/11/2023 12:33:51.914774,3065,True,True,True,True,Eyes,1.319376,-0.2669104,-3.564902,0.2639559,0.1180439,0.9572842,0.0,0.0,0.0,0.0,0.0,0.0,0.0,-2.305209,0.3635851,3.013331,1.311888,-0.2704794,-3.568212,0.01725658,0.1486498,-0.005949323,0.9887216,2.056938,17.09341,359.6197,0.3459465,-0.0696582,-0.9356645,0,0,0,1.607014,-0.1715651,-2.520808,-0.02669007,0.1377233,1.083632,0.9557357,-0.006634074,-0.2941517,0.01689482,0.9993337,0.03235516,0.2937411,-0.03589262,0.9552109,moving,15.41535,7.029725,-1.410921,7.243126,13.780940886058303,18.203320363031672
05/11/2023 12:33:51.923490,3066,True,True,True,True,Eyes,1.319439,-0.2670727,-3.564738,0.2645286,0.1162657,0.9573437,0.0,0.0,0.0,0.0,0.0,0.0,0.0,-2.302181,0.3741593,3.014142,1.311967,-0.2706444,-3.567993,0.01873195,0.1481819,-0.005795059,0.9887658,2.221367,17.03989,359.6612,0.3459759,-0.06969683,-0.9356507,0,0,0,1.606985,-0.1746481,-2.520871,-0.02559546,0.1379313,1.083068,0.9560171,-0.005908441,-0.2932515,0.01701138,0.999231,0.03532558,0.2928172,-0.03876047,0.9553825,moving,15.44628,6.924442,-1.353783,7.257688,13.808613778066757,18.097069020160227
05/11/2023 12:33:51.943016,3067,True,True,True,True,Eyes,1.319502,-0.2672411,-3.564575,0.26506,0.1144138,0.9574198,0.0,0.0,0.0,0.0,0.0,0.0,0.0,-2.300523,0.3848,3.013729,1.312072,-0.2708419,-3.567654,0.02026956,0.1479314,-0.005736324,0.9887733,2.394582,17.01153,359.6934,0.3460051,-0.06973609,-0.935637,0,0,0,1.606955,-0.1777865,-2.520936,-0.0249919,0.1382665,1.082355,0.9561668,-0.005346839,-0.2927737,0.01734086,0.9991125,0.03838684,0.2923086,-0.04178117,0.9554109,moving,15.47466,6.814659,-1.322742,7.279878,13.83357081516678,17.986250471721732
05/11/2023 12:33:51.963257,3068,True,True,True,True,Eyes,1.319558,-0.2674048,-3.564402,0.2657245,0.1125561,0.9574558,0.0,0.0,0.0,0.0,0.0,0.0,0.0,-2.29882,0.3972053,3.013306,1.312131,-0.2711246,-3.567515,0.02210193,0.1476663,-0.005755702,0.9887736,2.60255,16.98155,359.7216,0.346034,-0.06977605,-0.9356233,0,0,0,1.60693,-0.1805068,-2.520992,-0.02438623,0.1397651,1.081758,0.9563231,-0.004854753,-0.2922714,0.01790959,0.9989567,0.04200775,0.2917626,-0.04540744,0.9554123,moving,15.51103,6.704775,-1.291409,7.361938,13.866569495473033,17.87538307001886
05/11/2023 12:33:51.973274,3069,True,True,True,True,Eyes,1.319613,-0.2675726,-3.564229,0.2663515,0.1106486,0.9575039,0.0,0.0,0.0,0.0,0.0,0.0,0.0,-2.297677,0.4088756,3.012181,1.312154,-0.2711506,-3.567137,0.02396176,0.1474918,-0.005949235,0.9887551,2.816623,16.96179,359.7306,0.3460627,-0.06981655,-0.9356096,0,0,0,1.6069,-0.1836718,-2.521057,-0.02391401,0.1406555,1.080951,0.9564216,-0.004696345,-0.2919517,0.018833,0.9987808,0.04562969,0.2913815,-0.04913954,0.955344,moving,15.54512,6.591829,-1.267355,7.413783,13.897171571993992,17.76140430574928
05/11/2023 12:33:51.993230,3070,True,True,True,True,Eyes,1.319657,-0.2677397,-3.564052,0.2670273,0.1087607,0.957532,0.0,0.0,0.0,0.0,0.0,0.0,0.0,-2.296647,0.4183432,3.011514,1.312211,-0.2713889,-3.566969,0.02549559,0.1473088,-0.006213143,0.9887425,2.994932,16.94072,359.726,0.3460913,-0.06985766,-0.935596,0,0,0,1.606873,-0.1865295,-2.521115,-0.02354324,0.1413907,1.080412,0.9565231,-0.004774948,-0.2916177,0.01979784,0.9986227,0.04858664,0.2909841,-0.05224764,0.9553002,moving,15.58221,6.480136,-1.248333,7.455776,13.930835585080338,17.64871252290586
05/11/2023 12:33:52.015079,3071,True,True,True,True,Eyes,1.319704,-0.2679043,-3.563875,0.267672,0.1068342,0.9575689,0.0,0.0,0.0,0.0,0.0,0.0,0.0,-2.295683,0.4283632,3.010661,1.312236,-0.2715164,-3.566799,0.02714609,0.1471392,-0.006506361,0.9887219,3.186975,16.92121,359.7201,0.3461193,-0.06989928,-0.9355825,0,0,0,1.606843,-0.1896675,-2.52118,-0.023175,0.1419918,1.079867,0.9566154,-0.004877453,-0.2913127,0.02085447,0.9984415,0.05176518,0.2906062,-0.05559454,0.9552263,moving,15.61742,6.366058,-1.229434,7.490851,13.962528058935161,17.53359659732508
05/11/2023 12:33:52.023873,3072,True,True,True,True,Eyes,1.319756,-0.268066,-3.5637,0.2683404,0.1049398,0.9575912,0.0,0.0,0.0,0.0,0.0,0.0,0.0,-2.295268,0.4375609,3.009469,1.312382,-0.2715949,-3.566582,0.02857602,0.1470622,-0.006604845,0.9886925,3.350757,16.91294,359.7328,0.3461471,-0.06994132,-0.9355691,0,0,0,1.606815,-0.1926677,-2.521242,-0.02307284,0.1421485,1.079314,0.9566582,-0.004655419,-0.2911759,0.02146522,0.9982796,0.05456313,0.2904209,-0.05844842,0.9551123,moving,15.65417,6.253931,-1.224644,7.502824,13.995835429049434,17.420463705686252
05/11/2023 12:33:52.043142,3073,True,True,True,True,Eyes,1.319814,-0.2682315,-3.563525,0.2689934,0.103047,0.9576136,0.0,0.0,0.0,0.0,0.0,0.0,0.0,-2.29454,0.4439422,3.008962,1.312477,-0.2716847,-3.566433,0.02952176,0.1469455,-0.00660084,0.9886821,3.457904,16.90012,359.7488,0.3461746,-0.06998365,-0.9355558,0,0,0,1.606788,-0.1955805,-2.521302,-0.02284306,0.1413421,1.078986,0.9567269,-0.004376084,-0.2909544,0.02172844,0.9981698,0.05643534,0.2901749,-0.06031519,0.955071,moving,15.69004,6.141857,-1.21282,7.462986,14.028258491450435,17.30737853790991
05/11/2023 12:33:52.063293,3074,True,True,True,True,Eyes,1.31989,-0.2683926,-3.563358,0.2697203,0.1011734,0.957609,0.0,0.0,0.0,0.0,0.0,0.0,0.0,-2.295491,0.4497638,3.007264,1.312673,-0.2719223,-3.566252,0.03043898,0.1470741,-0.006726689,0.9886342,3.564071,16.91532,359.7505,0.3462021,-0.07002633,-0.9355424,0,0,0,1.60676,-0.1985512,-2.521363,-0.02326772,0.1405935,1.07859,0.956648,-0.004346897,-0.2912144,0.02225404,0.9980564,0.05820739,0.2903954,-0.06216468,0.9548854,moving,15.73042,6.031046,-1.235813,7.426595,14.0652642089391,17.195600531085127
05/11/2023 12:33:52.073257,3075,True,True,True,True,Eyes,1.319971,-0.268549,-3.563188,0.2704531,0.09932327,0.9575959,0.0,0.0,0.0,0.0,0.0,0.0,0.0,-2.296299,0.4585069,3.005243,1.312795,-0.2719668,-3.566133,0.03183647,0.1471906,-0.006871867,0.9885718,3.725029,16.92949,359.758,0.34623,-0.07006919,-0.9355289,0,0,0,1.606731,-0.2015791,-2.521425,-0.02360916,0.1406328,1.078162,0.9565754,-0.004214609,-0.2914545,0.02295873,0.9978784,0.06092233,0.2905794,-0.06496823,0.9546428,moving,15.77123,5.921628,-1.254439,7.431562,14.102748795259386,17.08523393203085
05/11/2023 12:33:52.096424,3076,True,True,True,True,Eyes,1.320051,-0.2687018,-3.563022,0.2712562,0.09754065,0.9575521,0.0,0.0,0.0,0.0,0.0,0.0,0.0,-2.299172,0.4617517,3.002338,1.313007,-0.2719961,-3.565876,0.03245339,0.1476219,-0.007084392,0.988486,3.798688,16.9793,359.746,0.3462583,-0.0701121,-0.9355152,0,0,0,1.606704,-0.2045348,-2.521486,-0.02471158,0.1390631,1.07778,0.9563152,-0.004423979,-0.2923042,0.02358731,0.9977932,0.0620678,0.2913846,-0.06625105,0.9543091,moving,15.81641,5.816349,-1.31346,7.352098,14.1447698604492,16.979081646012006
05/11/2023 12:33:52.115631,3077,True,True,True,True,Eyes,1.320135,-0.2688523,-3.562854,0.2720777,0.09578529,0.9574962,0.0,0.0,0.0,0.0,0.0,0.0,0.0,-2.301305,0.4653601,3.000145,1.313139,-0.2720652,-3.565821,0.03305838,0.1479469,-0.007194549,0.9884166,3.869243,17.01713,359.745,0.3462869,-0.07015495,-0.9355015,0,0,0,1.606675,-0.2076079,-2.521549,-0.02554196,0.1373768,1.077636,0.95612,-0.004440655,-0.2929419,0.02400419,0.9977108,0.06322207,0.2919906,-0.06747971,0.9540377,moving,15.86278,5.712707,-1.357762,7.264871,14.18804306507655,16.874592557221234
05/11/2023 12:33:52.123275,3078,True,True,True,True,Eyes,1.32022,-0.268996,-3.562684,0.2729633,0.09407382,0.9574138,0.0,0.0,0.0,0.0,0.0,0.0,0.0,-2.305402,0.4679103,2.996433,1.313316,-0.2721468,-3.565609,0.03357797,0.1485798,-0.007424328,0.9883024,3.932235,17.0902,359.7303,0.346316,-0.07019768,-0.9354875,0,0,0,1.606645,-0.2107111,-2.521612,-0.02706736,0.135509,1.077335,0.9557378,-0.004696943,-0.2941822,0.02465298,0.9976348,0.06416417,0.293185,-0.06857659,0.9535931,moving,15.91311,5.61177,-1.439218,7.169108,14.235392666068739,16.772865049637314
05/11/2023 12:33:52.143348,3079,True,True,True,True,Eyes,1.320307,-0.2691374,-3.562516,0.2738401,0.09239148,0.9573272,0.0,0.0,0.0,0.0,0.0,0.0,0.0,-2.308191,0.4703759,2.993665,1.313469,-0.2721362,-3.565357,0.03393723,0.1490365,-0.007369649,0.9882218,3.972157,17.14375,359.7444,0.3463454,-0.07024013,-0.9354734,0,0,0,1.606618,-0.2136537,-2.521673,-0.02811804,0.1332893,1.077068,0.9554676,-0.00444992,-0.2950625,0.02468147,0.9975879,0.06487832,0.294062,-0.06927171,0.9532728,moving,15.96299,5.512533,-1.495429,7.054598,14.282345199492477,16.672853507388222
05/11/2023 12:33:52.163523,3080,True,True,True,True,Eyes,1.320399,-0.2692833,-3.562359,0.2743684,0.09075333,0.9573326,0.0,0.0,0.0,0.0,0.0,0.0,0.0,-2.310295,0.474423,2.99132,1.313571,-0.2722155,-3.565244,0.03445641,0.1493976,-0.007203417,0.9881504,4.028265,17.18681,359.7737,0.3463752,-0.07028226,-0.9354592,0,0,0,1.60659,-0.2166242,-2.521734,-0.02893004,0.1314548,1.076915,0.9552569,-0.003940709,-0.295751,0.02453153,0.9975218,0.06594389,0.2947582,-0.07024858,0.9529862,moving,15.99213,5.415349,-1.538813,6.959441,14.308482702373913,16.5747795845734
05/11/2023 12:33:52.173383,3081,True,True,True,True,Eyes,1.320493,-0.2694269,-3.562205,0.2748726,0.08911571,0.9573418,0.0,0.0,0.0,0.0,0.0,0.0,0.0,-2.310603,0.4807466,2.990129,1.313625,-0.2724662,-3.565253,0.0353409,0.1494572,-0.007137812,0.9881107,4.127435,17.19488,359.7965,0.3464054,-0.0703242,-0.9354449,0,0,0,1.606561,-0.2196823,-2.521797,-0.02908918,0.1305236,1.076808,0.9552232,-0.003541993,-0.295865,0.0246698,0.9974002,0.06770784,0.294856,-0.07197504,0.9528271,moving,16.01987,5.318145,-1.547428,6.911304,14.33320991396423,16.47667610409783
05/11/2023 12:33:52.193500,3082,True,True,True,True,Eyes,1.320576,-0.2695674,-3.562049,0.2751938,0.08746924,0.9574015,0.0,0.0,0.0,0.0,0.0,0.0,0.0,-2.310393,0.4858945,2.989416,1.313745,-0.2725411,-3.565167,0.03615056,0.1494079,-0.007212707,0.9880884,4.220508,17.1897,359.8017,0.3464361,-0.07036591,-0.9354305,0,0,0,1.606533,-0.2226452,-2.521858,-0.02907372,0.1293816,1.076626,0.9552505,-0.003451221,-0.2957779,0.02505594,0.9972823,0.06928462,0.2947349,-0.07359517,0.9527408,moving,16.03667,5.220113,-1.546866,6.85256,14.346894568155678,16.37766244348
05/11/2023 12:33:52.216220,3083,True,True,True,True,Eyes,1.32066,-0.2697096,-3.561896,0.2755,0.08582424,0.9574622,0.0,0.0,0.0,0.0,0.0,0.0,0.0,-2.310162,0.4904347,2.988785,1.313863,-0.2725956,-3.565061,0.03693311,0.149342,-0.007398971,0.988068,4.312414,17.18212,359.7937,0.3464667,-0.07040734,-0.935416,0,0,0,1.606505,-0.2256716,-2.52192,-0.02903473,0.1281261,1.076441,0.9552844,-0.003590041,-0.2956667,0.0256527,0.9971624,0.07077488,0.2945736,-0.07519479,0.9526657,moving,16.05263,5.122144,-1.545059,6.787839,14.359735519416903,16.278706884988704
05/11/2023 12:33:52.223640,3084,True,True,True,True,Eyes,1.320747,-0.2698484,-3.561747,0.2756714,0.08418207,0.9575588,0.0,0.0,0.0,0.0,0.0,0.0,0.0,-2.310044,0.4949709,2.988091,1.313965,-0.2727661,-3.56498,0.037715,0.1492923,-0.007616111,0.9880443,4.404781,17.17628,359.7823,0.3464975,-0.07044855,-0.9354014,0,0,0,1.606476,-0.2287083,-2.521982,-0.02902785,0.1269845,1.076281,0.9553076,-0.00378899,-0.2955893,0.02631123,0.9970391,0.07225412,0.2944404,-0.07680224,0.9525787,moving,16.06057,5.024139,-1.544923,6.728911,14.364500105833196,16.179661451322062
05/11/2023 12:33:52.243524,3085,True,True,True,True,Eyes,1.320833,-0.2699876,-3.561602,0.2758226,0.08253463,0.9576586,0.0,0.0,0.0,0.0,0.0,0.0,0.0,-2.309492,0.4999141,2.98756,1.313978,-0.2728066,-3.564859,0.03863214,0.1491756,-0.00793334,0.9880239,4.514184,17.16237,359.7614,0.3465284,-0.07048947,-0.9353869,0,0,0,1.606448,-0.2316769,-2.522043,-0.02879286,0.1260969,1.076088,0.9553674,-0.004150712,-0.2953911,0.0272026,0.9968892,0.07397203,0.2941652,-0.07870587,0.9525084,moving,16.06733,4.925795,-1.532696,6.683488,14.368065401000825,16.080265367988353
05/11/2023 12:33:52.263265,3086,True,True,True,True,Eyes,1.320929,-0.2701286,-3.561466,0.2758102,0.08092293,0.9577996,0.0,0.0,0.0,0.0,0.0,0.0,0.0,-2.308444,0.5050967,2.987494,1.314042,-0.2729388,-3.564822,0.03950119,0.1489797,-0.008129247,0.9880177,4.616037,17.13972,359.7532,0.3465593,-0.07053012,-0.9353724,0,0,0,1.606419,-0.2347321,-2.522106,-0.02843797,0.1250845,1.075986,0.9554779,-0.004293926,-0.2950314,0.02783343,0.9967471,0.07563355,0.293747,-0.08047792,0.9524894,moving,16.06441,4.829358,-1.513958,6.630934,14.361946947616472,15.982733018091665
05/11/2023 12:33:52.273620,3087,True,True,True,True,Eyes,1.321026,-0.2702688,-3.561334,0.2757856,0.07930922,0.9579417,0.0,0.0,0.0,0.0,0.0,0.0,0.0,-2.307767,0.5101601,2.987153,1.314118,-0.2731135,-3.564777,0.04032372,0.148848,-0.008281711,0.9880029,4.71189,17.12466,359.7493,0.3465904,-0.07057057,-0.9353577,0,0,0,1.606391,-0.2377719,-2.522169,-0.02822548,0.1240177,1.075884,0.9555514,-0.004360504,-0.2947924,0.02836892,0.9966108,0.07721446,0.2934566,-0.08214533,0.9524365,moving,16.06079,4.732797,-1.502792,6.575489,14.355119591383007,15.885070617545669
05/11/2023 12:33:52.293335,3088,True,True,True,True,Eyes,1.321137,-0.2704051,-3.561206,0.2756526,0.07763467,0.9581172,0.0,0.0,0.0,0.0,0.0,0.0,0.0,-2.306813,0.5152823,2.987048,1.314226,-0.2732196,-3.56476,0.04114626,0.1486681,-0.008402445,0.9879951,4.807194,17.10417,359.7488,0.3466217,-0.07061081,-0.9353431,0,0,0,1.606363,-0.24072,-2.522229,-0.02794206,0.1229673,1.075811,0.9556544,-0.004368871,-0.2944582,0.02883742,0.9964728,0.07880625,0.2930753,-0.08380295,0.9524095,moving,16.05066,4.632463,-1.48781,6.520723,14.341613095478236,15.783549718669482
05/11/2023 12:33:52.316864,3089,True,True,True,True,Eyes,1.321247,-0.2705422,-3.561082,0.2755184,0.07594986,0.9582908,0.0,0.0,0.0,0.0,0.0,0.0,0.0,-2.306277,0.5203872,2.986423,1.314337,-0.2732477,-3.564588,0.04201895,0.1485561,-0.008589507,0.9879736,4.909337,17.09131,359.7419,0.3466535,-0.07065074,-0.9353284,0,0,0,1.606334,-0.2437738,-2.522292,-0.02777356,0.1218456,1.075589,0.9557146,-0.004488064,-0.2942609,0.02945676,0.9963213,0.08047519,0.2928172,-0.08557928,0.9523309,moving,16.04048,4.531536,-1.479146,6.463066,14.32803671151862,15.681428870727338
05/11/2023 12:33:52.323781,3090,True,True,True,True,Eyes,1.321344,-0.2706781,-3.560958,0.2753589,0.07417034,0.9584759,0.0,0.0,0.0,0.0,0.0,0.0,0.0,-2.305809,0.5259167,2.985829,1.314412,-0.2733839,-3.564561,0.04296257,0.1484487,-0.008820597,0.9879473,5.020276,17.07885,359.7312,0.3466855,-0.07069041,-0.9353135,0,0,0,1.606306,-0.2467971,-2.522354,-0.02762982,0.1210381,1.075495,0.9557704,-0.004673095,-0.2940768,0.03018403,0.9961528,0.08227067,0.2925609,-0.08750829,0.9522344,moving,16.02874,4.424936,-1.471624,6.421147,14.312702624297165,15.573561331720164
05/11/2023 12:33:52.343601,3091,True,True,True,True,Eyes,1.321439,-0.2708144,-3.560839,0.2751835,0.07237637,0.9586636,0.0,0.0,0.0,0.0,0.0,0.0,0.0,-2.304596,0.5324215,2.985573,1.314418,-0.2734734,-3.564519,0.04399473,0.1482459,-0.00893799,0.9879311,5.139304,17.05599,359.7344,0.3467176,-0.07072981,-0.9352986,0,0,0,1.606277,-0.2497944,-2.522416,-0.02719051,0.1203707,1.075404,0.9558866,-0.004616163,-0.2936998,0.03070431,0.9959692,0.08427748,0.2921269,-0.08957756,0.9521753,moving,16.01608,4.317477,-1.448358,6.386574,14.296413896530153,15.464819075323007
05/11/2023 12:33:52.363705,3092,True,True,True,True,Eyes,1.321529,-0.270948,-3.560721,0.2749725,0.07047382,0.9588658,0.0,0.0,0.0,0.0,0.0,0.0,0.0,-2.302845,0.5393254,2.985706,1.314477,-0.2735998,-3.564506,0.04506246,0.1479489,-0.009026344,0.9879267,5.261856,17.02239,359.741,0.3467496,-0.07076897,-0.9352838,0,0,0,1.606249,-0.2528442,-2.522479,-0.02660128,0.1197577,1.075328,0.9560593,-0.00450085,-0.2931388,0.03116862,0.9957758,0.08636592,0.2915118,-0.09170768,0.952161,moving,16.00122,4.203514,-1.417084,6.354755,14.277695674204205,15.349485589754341
05/11/2023 12:33:52.383215,3093,True,True,True,True,Eyes,1.321617,-0.2710857,-3.560608,0.274746,0.06856275,0.9590693,0.0,0.0,0.0,0.0,0.0,0.0,0.0,-2.301332,0.5453367,2.985752,1.314588,-0.2736432,-3.564437,0.04610714,0.1476618,-0.009292069,0.9879189,5.384812,16.98902,359.727,0.3467814,-0.07080787,-0.9352691,0,0,0,1.60622,-0.2558864,-2.522541,-0.02609181,0.1190613,1.0752,0.9562193,-0.004743093,-0.2926127,0.03197615,0.9955755,0.08835607,0.290899,-0.09384441,0.9521403,moving,15.9855,4.089053,-1.39012,6.318852,14.25809512194966,15.233642814273798
05/11/2023 12:33:52.393694,3094,True,True,True,True,Eyes,1.321698,-0.2712204,-3.560497,0.274501,0.06657322,0.9592795,0.0,0.0,0.0,0.0,0.0,0.0,0.0,-2.299551,0.5514849,2.986095,1.31465,-0.2738581,-3.564482,0.04714016,0.1473331,-0.009552071,0.9879168,5.506334,16.9508,359.7132,0.3468129,-0.07084661,-0.9352545,0,0,0,1.606192,-0.2589238,-2.522604,-0.02547809,0.1185264,1.075189,0.9564034,-0.004982693,-0.2920062,0.03276391,0.9953731,0.09032644,0.290205,-0.09595579,0.9521415,moving,15.96865,3.969915,-1.357449,6.290756,14.237202650968277,15.11306332644508
05/11/2023 12:33:52.417150,3095,True,True,True,True,Eyes,1.321775,-0.2713545,-3.560391,0.2742448,0.06458169,0.959489,0.0,0.0,0.0,0.0,0.0,0.0,0.0,-2.298793,0.5569178,2.985653,1.314694,-0.2738941,-3.564448,0.04817344,0.1471604,-0.009947405,0.9878888,5.630216,16.92997,359.6848,0.346844,-0.07088514,-0.93524,0,0,0,1.606164,-0.2618617,-2.522664,-0.02518138,0.1179421,1.075113,0.9564897,-0.005475414,-0.2917147,0.03383231,0.9951607,0.09225226,0.2897978,-0.09810773,0.9520462,moving,15.95119,3.850681,-1.34174,6.260428,14.215692819168227,14.992382700420855
05/11/2023 12:33:52.423297,3096,True,True,True,True,Eyes,1.321852,-0.2714862,-3.560284,0.2739635,0.0625525,0.9597037,0.0,0.0,0.0,0.0,0.0,0.0,0.0,-2.297194,0.5627412,2.985824,1.3147,-0.2739921,-3.564466,0.04916908,0.1468723,-0.01019472,0.9878801,5.747287,16.89645,359.6718,0.3468745,-0.07092346,-0.9352258,0,0,0,1.606135,-0.2649378,-2.522727,-0.02459091,0.1171694,1.075129,0.9566492,-0.00569917,-0.291187,0.03458548,0.9949569,0.09415167,0.289182,-0.100141,0.9520218,moving,15.93228,3.729205,-1.310271,6.219648,14.192649119560796,14.869425394046731
05/11/2023 12:33:52.443550,3097,True,True,True,True,Eyes,1.321928,-0.2716155,-3.560178,0.2736589,0.06052234,0.9599208,0.0,0.0,0.0,0.0,0.0,0.0,0.0,-2.294784,0.5691864,2.986205,1.314619,-0.2740461,-3.564281,0.05011082,0.1465114,-0.01016374,0.9878867,5.853536,16.85596,359.6891,0.3469047,-0.07096151,-0.9352117,0,0,0,1.606107,-0.2679363,-2.522789,-0.02366465,0.1162252,1.075006,0.9568623,-0.005397635,-0.2904919,0.03476486,0.9947712,0.09602943,0.2884547,-0.1019858,0.9520466,moving,15.91205,3.607683,-1.261077,6.170614,14.16827482216375,14.74641277334987
05/11/2023 12:33:52.463324,3098,True,True,True,True,Eyes,1.322005,-0.2717464,-3.560081,0.273353,0.05841586,0.9601384,0.0,0.0,0.0,0.0,0.0,0.0,0.0,-2.29209,0.5755603,2.986974,1.314656,-0.274101,-3.564198,0.05112813,0.1460591,-0.01029667,0.9879002,5.971101,16.80404,359.6884,0.3469343,-0.07099928,-0.9351978,0,0,0,1.60608,-0.2707563,-2.522847,-0.02270311,0.1156718,1.074921,0.9571214,-0.005408715,-0.2896366,0.03527963,0.9945598,0.09801113,0.2875308,-0.1040268,0.9521053,moving,15.89174,3.481645,-1.209948,6.141939,14.1436711363654,14.618833237371131
05/11/2023 12:33:52.483208,3099,True,True,True,True,Eyes,1.322079,-0.2718806,-3.559985,0.273025,0.05629101,0.9603586,0.0,0.0,0.0,0.0,0.0,0.0,0.0,-2.289001,0.5826283,2.988111,1.314693,-0.27424,-3.56429,0.05222989,0.1455351,-0.01042502,0.9879186,6.098159,16.74394,359.6891,0.3469636,-0.07103682,-0.9351841,0,0,0,1.60605,-0.2739495,-2.522913,-0.02163601,0.1150275,1.075014,0.9574217,-0.005395568,-0.2886427,0.0358007,0.9943267,0.1001633,0.2864647,-0.1062321,0.9521831,moving,15.87018,3.35453,-1.152993,6.107459,14.117773354762372,14.490156351644444
05/11/2023 12:33:52.493779,3100,True,True,True,True,Eyes,1.322137,-0.2720124,-3.559888,0.272726,0.05411748,0.9605685,0.0,0.0,0.0,0.0,0.0,0.0,0.0,-2.286314,0.5904654,2.98858,1.314708,-0.2744286,-3.564229,0.05349494,0.1450768,-0.01064262,0.9879161,6.245281,16.69119,359.6826,0.3469923,-0.07107423,-0.9351706,0,0,0,1.606023,-0.276857,-2.522972,-0.02065963,0.1150758,1.074903,0.9576789,-0.005506281,-0.2877861,0.03654978,0.9940501,0.102609,0.2855088,-0.108785,0.952182,moving,15.85038,3.224579,-1.101089,6.11064,14.09355421344796,14.358623561476204
05/11/2023 12:33:52.513580,3101,True,True,True,True,Eyes,1.322189,-0.2721479,-3.559797,0.2724,0.05192476,0.9607821,0.0,0.0,0.0,0.0,0.0,0.0,0.0,-2.283507,0.5985265,2.989088,1.314664,-0.2744723,-3.564212,0.05484543,0.1445986,-0.01091736,0.987909,6.40305,16.6359,359.6708,0.3470203,-0.07111147,-0.9351574,0,0,0,1.605994,-0.2799617,-2.523036,-0.01960284,0.1149892,1.074869,0.9579441,-0.005709567,-0.286898,0.03743185,0.9937456,0.1052073,0.2845029,-0.1115219,0.9521664,moving,15.82904,3.093498,-1.044812,6.106265,14.067747234331334,14.225937896693601
05/11/2023 12:33:52.523368,3102,True,True,True,True,Eyes,1.322261,-0.2722917,-3.559715,0.2722882,0.04914336,0.96096,0.0,0.0,0.0,0.0,0.0,0.0,0.0,-2.280417,0.6068796,2.989811,1.314606,-0.2746724,-3.564259,0.05615955,0.1440865,-0.01109408,0.9879081,6.555058,16.57723,359.6692,0.3470474,-0.07114866,-0.9351445,0,0,0,1.605966,-0.2829046,-2.523097,-0.01846659,0.1151233,1.074887,0.958232,-0.005736195,-0.2859344,0.03810352,0.9934461,0.1077639,0.2834423,-0.1141579,0.9521704,moving,15.82009,2.927548,-0.9842465,6.11323,14.053266289667183,14.058076833293004
05/11/2023 12:33:52.543192,3103,True,True,True,True,Eyes,1.322327,-0.2724372,-3.559636,0.2721421,0.04634481,0.9611403,0.0,0.0,0.0,0.0,0.0,0.0,0.0,-2.277653,0.6161751,2.98992,1.314558,-0.2749645,-3.564173,0.05755028,0.1436481,-0.01116609,0.9878911,6.714078,16.52795,359.6811,0.347074,-0.07118598,-0.9351318,0,0,0,1.605936,-0.286064,-2.523162,-0.01745322,0.1152533,1.074775,0.9584811,-0.005527782,-0.2851025,0.03859572,0.9931266,0.1104988,0.282532,-0.1169148,0.9521064,moving,15.80921,2.760582,-0.9303418,6.12071,14.03680858116744,13.889175566762336
05/11/2023 12:33:52.563842,3104,True,True,True,True,Eyes,1.322402,-0.2725837,-3.559557,0.2721688,0.04313965,0.961282,0.0,0.0,0.0,0.0,0.0,0.0,0.0,-2.274515,0.6267876,2.990089,1.314473,-0.2751218,-3.564181,0.05915605,0.1431525,-0.01123594,0.9878672,6.897502,16.47245,359.6963,0.3471,-0.07122348,-0.9351193,0,0,0,1.60591,-0.2888028,-2.523218,-0.01630998,0.1161395,1.074697,0.9587622,-0.00526256,-0.2841608,0.03913592,0.9927486,0.1136597,0.2815021,-0.1200936,0.9520158,moving,15.80847,2.569551,-0.8694743,6.16786,14.02976750433936,13.696008432417848
05/11/2023 12:33:52.583187,3105,True,True,True,True,Eyes,1.322471,-0.2727266,-3.559483,0.2721402,0.03995553,0.9614277,0.0,0.0,0.0,0.0,0.0,0.0,0.0,-2.27088,0.6388234,2.990037,1.314397,-0.2752373,-3.563976,0.06095205,0.1425955,-0.01124493,0.9878386,7.10156,16.41061,359.7209,0.3471258,-0.07126112,-0.9351069,0,0,0,1.605881,-0.2918696,-2.523281,-0.0149765,0.1170226,1.074415,0.9590802,-0.004833377,-0.2830934,0.03959933,0.9923168,0.1172146,0.2803518,-0.1236285,0.9519027,moving,15.80461,2.379759,-0.7986068,6.216013,14.019625796486066,13.504073318059891
05/11/2023 12:33:52.598703,3106,True,True,True,True,Eyes,1.322547,-0.272871,-3.559417,0.2722604,0.03654794,0.9615293,0.0,0.0,0.0,0.0,0.0,0.0,0.0,-2.266621,0.6475413,2.991398,1.314307,-0.2752711,-3.56401,0.06228671,0.1419122,-0.0113285,0.9878528,7.25442,16.33282,359.7283,0.3471511,-0.07129883,-0.9350946,0,0,0,1.605853,-0.294894,-2.523343,-0.01342645,0.1169324,1.074485,0.9594652,-0.004703283,-0.2817879,0.04006026,0.9919841,0.1198449,0.2789655,-0.1262755,0.9519626,moving,15.80966,2.176777,-0.7159145,6.210857,14.018020675232979,13.298860459665274
05/11/2023 12:33:52.614099,3107,True,True,True,True,Eyes,1.322618,-0.2730129,-3.559352,0.2723438,0.0331867,0.9616275,0.0,0.0,0.0,0.0,0.0,0.0,0.0,-2.263366,0.655215,2.992239,1.314283,-0.2754011,-3.564049,0.06346005,0.1413797,-0.01142145,0.9878533,7.38916,16.27227,359.733,0.3471761,-0.07133661,-0.9350824,0,0,0,1.605824,-0.297999,-2.523407,-0.01227152,0.1165134,1.074577,0.9597626,-0.004621507,-0.2807745,0.04050937,0.9916847,0.1221489,0.2778753,-0.128608,0.9519692,moving,15.81273,1.976549,-0.6542813,6.188247,14.014512697520512,13.09641912403964
05/11/2023 12:33:52.623407,3108,True,True,True,True,Eyes,1.322683,-0.2731597,-3.559283,0.2725441,0.02969405,0.961685,0.0,0.0,0.0,0.0,0.0,0.0,0.0,-2.260973,0.6621472,2.992472,1.314216,-0.275463,-3.564026,0.06456726,0.1409892,-0.01156714,0.9878358,7.517289,16.22776,359.7315,0.3472007,-0.07137439,-0.9350705,0,0,0,1.605795,-0.3010368,-2.523469,-0.01137179,0.1159616,1.074642,0.9599766,-0.004646306,-0.2800419,0.04105943,0.9913946,0.124302,0.2770545,-0.1308254,0.9519063,moving,15.82287,1.768566,-0.6062778,6.158799,14.017867773361685,12.886183410657365
05/11/2023 12:33:52.643159,3109,True,True,True,True,Eyes,1.322741,-0.273304,-3.559216,0.2726985,0.02624308,0.9617416,0.0,0.0,0.0,0.0,0.0,0.0,0.0,-2.258486,0.6687311,2.992635,1.314142,-0.2756892,-3.563825,0.065427,0.1406384,-0.01139513,0.9878312,7.612163,16.18979,359.7624,0.3472248,-0.07141231,-0.9350586,0,0,0,1.605769,-0.30384,-2.523527,-0.01047206,0.1151661,1.074563,0.960182,-0.004109824,-0.2793451,0.04091602,0.9911789,0.1260565,0.2763629,-0.1324668,0.9518803,moving,15.8305,1.563044,-0.5583533,6.117312,14.01877668962097,12.678419417458178
05/11/2023 12:33:52.663532,3110,True,True,True,True,Eyes,1.322812,-0.2734438,-3.559153,0.2729236,0.02278581,0.9617658,0.0,0.0,0.0,0.0,0.0,0.0,0.0,-2.255463,0.6770272,2.993028,1.314036,-0.2757569,-3.563841,0.06665675,0.1401732,-0.01139622,0.987815,7.751911,16.13797,359.7787,0.3472483,-0.07145029,-0.935047,0,0,0,1.605741,-0.3068402,-2.523589,-0.009373158,0.1148861,1.074661,0.9604432,-0.003827739,-0.2784497,0.0412017,0.990854,0.1284942,0.2754112,-0.134884,0.9518167,moving,15.84254,1.357177,-0.4997193,6.102004,14.024114576613469,12.47033597911732
05/11/2023 12:33:52.683066,3111,True,True,True,True,Eyes,1.322877,-0.273582,-3.559088,0.2731073,0.01941701,0.9617876,0.0,0.0,0.0,0.0,0.0,0.0,0.0,-2.253265,0.6823111,2.993257,1.313953,-0.2757416,-3.563683,0.06762987,0.1397932,-0.01172794,0.9877989,7.867828,16.09306,359.7535,0.3472717,-0.07148818,-0.9350354,0,0,0,1.605712,-0.3098896,-2.523652,-0.008459598,0.1139982,1.074657,0.9606406,-0.004261304,-0.2777615,0.04207809,0.9905773,0.1303304,0.2745888,-0.1368884,0.9517681,moving,15.85232,1.156556,-0.4510177,6.055218,14.027349811871614,12.267541998154178
05/11/2023 12:33:52.693472,3112,True,True,True,True,Eyes,1.322941,-0.2737229,-3.559027,0.2733669,0.0161158,0.9617748,0.0,0.0,0.0,0.0,0.0,0.0,0.0,-2.250943,0.6856411,2.994114,1.313859,-0.2758304,-3.563602,0.06822157,0.1394056,-0.01193964,0.9878105,7.938427,16.04741,359.7358,0.3472945,-0.07152597,-0.935024,0,0,0,1.605682,-0.3130155,-2.523716,-0.007524073,0.1123002,1.074821,0.960847,-0.004567255,-0.2770417,0.04260913,0.9904065,0.131451,0.2737836,-0.1381088,0.9518238,moving,15.86683,0.959976,-0.4010813,5.964774,14.035480772956637,12.068865637217337
05/11/2023 12:33:52.715747,3113,True,True,True,True,Eyes,1.322995,-0.2738663,-3.558965,0.2735785,0.01287389,0.9617636,0.0,0.0,0.0,0.0,0.0,0.0,0.0,-2.248976,0.6901082,2.99446,1.313727,-0.2759953,-3.56355,0.06905051,0.1390615,-0.01228685,0.9877971,8.038185,16.0062,359.7067,0.3473171,-0.07156372,-0.9350128,0,0,0,1.605655,-0.3158742,-2.523775,-0.006668687,0.1114946,1.074928,0.9610219,-0.005069294,-0.2764259,0.04347836,0.9901621,0.1329985,0.2730322,-0.139833,0.9517879,moving,15.87867,0.7668987,-0.3554497,5.921709,14.041038805916111,11.873713251184054
05/11/2023 12:33:52.733319,3114,True,True,True,True,Eyes,1.323047,-0.274009,-3.558898,0.2738466,0.009677824,0.9617246,0.0,0.0,0.0,0.0,0.0,0.0,0.0,-2.246065,0.6957387,2.995181,1.313538,-0.276181,-3.563469,0.06994146,0.1386041,-0.01244069,0.9877968,8.141864,15.95341,359.6996,0.347339,-0.07160152,-0.9350017,0,0,0,1.605626,-0.3190334,-2.523839,-0.00548932,0.1104885,1.075055,0.9612683,-0.005189391,-0.2755656,0.04396609,0.9899068,0.1347272,0.2720852,-0.1416246,0.9517941,moving,15.89406,0.5765473,-0.2925544,5.867955,14.050261103222242,11.681340845839285
05/11/2023 12:33:52.749190,3115,True,True,True,True,Eyes,1.323093,-0.2741537,-3.558832,0.2740691,0.006522357,0.9616879,0.0,0.0,0.0,0.0,0.0,0.0,0.0,-2.242873,0.702183,2.995776,1.313432,-0.2762777,-3.563254,0.0708271,0.1381359,-0.01232957,0.9878007,8.240726,15.90147,359.7227,0.3473605,-0.07163936,-0.9349909,0,0,0,1.605599,-0.3218544,-2.523897,-0.004311025,0.109621,1.075019,0.9615329,-0.004790775,-0.274648,0.04392584,0.9896631,0.1365198,0.271155,-0.1433324,0.951804,moving,15.9069,0.3885853,-0.2297654,5.822392,14.056994605955198,11.491367495185079
05/11/2023 12:33:52.763775,3116,True,True,True,True,Eyes,1.323138,-0.2742974,-3.558762,0.2743627,0.003338716,0.9616205,0.0,0.0,0.0,0.0,0.0,0.0,0.0,-2.240009,0.710259,2.995946,1.31336,-0.2764542,-3.563209,0.07194233,0.137713,-0.01220726,0.9877806,8.365578,15.85542,359.7509,0.3473813,-0.07167728,-0.9349802,0,0,0,1.605569,-0.3250433,-2.523963,-0.003315777,0.1089755,1.075124,0.9617722,-0.004301399,-0.2738168,0.04393097,0.9893506,0.1387643,0.2703039,-0.1454887,0.9517189,moving,15.92413,0.1989283,-0.1767046,5.787782,14.068092448619401,11.299709505025007
05/11/2023 12:33:52.783218,3117,True,True,True,True,Eyes,1.323178,-0.2744398,-3.558692,0.2746265,0.0002227605,0.961551,0.0,0.0,0.0,0.0,0.0,0.0,0.0,-2.237903,0.7177314,2.995539,1.313386,-0.2765416,-3.563025,0.07296299,0.1374117,-0.01203716,0.9877498,8.478974,15.82384,359.7841,0.3474016,-0.07171527,-0.9349697,0,0,0,1.60554,-0.3281788,-2.524028,-0.002639234,0.1080553,1.075106,0.9619462,-0.003727462,-0.2732134,0.04383134,0.989063,0.1408302,0.2697003,-0.1474464,0.9515889,moving,15.93975,0.01327359,-0.1406528,5.739335,14.077701121508694,11.112087720923837
05/11/2023 12:33:52.793320,3118,True,True,True,True,Eyes,1.32322,-0.2745847,-3.558625,0.2749486,-0.002831644,0.9614547,0.0,0.0,0.0,0.0,0.0,0.0,0.0,-2.23641,0.7231649,2.995249,1.313303,-0.2766408,-3.562964,0.07372352,0.1372045,-0.01195943,0.9877231,8.564265,15.80196,359.8033,0.3474213,-0.07175326,-0.9349595,0,0,0,1.605514,-0.3308526,-2.524082,-0.002100825,0.1070982,1.075234,0.9620638,-0.003394815,-0.2728035,0.04385561,0.9888436,0.1423551,0.2692767,-0.1489186,0.9514795,moving,15.95902,-0.1687451,-0.1119462,5.688161,14.091104742421708,10.928166857841278
05/11/2023 12:33:52.813338,3119,True,True,True,True,Eyes,1.323259,-0.2747342,-3.558556,0.2752428,-0.00585995,0.9613569,0.0,0.0,0.0,0.0,0.0,0.0,0.0,-2.234774,0.7307392,2.994527,1.313175,-0.2768108,-3.56291,0.07484931,0.1369697,-0.01197527,0.9876708,8.692617,15.77691,359.8174,0.3474404,-0.07179134,-0.9349495,0,0,0,1.605486,-0.3338943,-2.524145,-0.001473814,0.1066575,1.075341,0.9621918,-0.003151083,-0.2723546,0.04415943,0.9885083,0.1445724,0.2687692,-0.1511334,0.9512737,moving,15.97676,-0.349242,-0.07852697,5.664344,14.103017991831992,10.745774561001468
05/11/2023 12:33:52.823196,3120,True,True,True,True,Eyes,1.323299,-0.2748761,-3.558485,0.2755675,-0.008821198,0.9612412,0.0,0.0,0.0,0.0,0.0,0.0,0.0,-2.233636,0.7385165,2.993283,1.313113,-0.2770485,-3.56276,0.07604538,0.1367977,-0.01207019,0.9876021,8.830246,15.75871,359.824,0.347459,-0.07182962,-0.9349396,0,0,0,1.605458,-0.3368536,-2.524206,-0.001027852,0.1065227,1.075308,0.9622813,-0.003035414,-0.2720392,0.04464676,0.9881428,0.1469028,0.2683677,-0.1535075,0.9510069,moving,15.99647,-0.5257818,-0.05476717,5.657405,14.117045212837757,10.5673966458056
05/11/2023 12:33:52.848607,3121,True,True,True,True,Eyes,1.323335,-0.2750173,-3.558413,0.2758637,-0.01174217,0.961125,0.0,0.0,0.0,0.0,0.0,0.0,0.0,-2.232006,0.7445993,2.992712,1.312999,-0.276974,-3.562573,0.0770233,0.1365544,-0.01215857,0.987559,8.942936,15.73175,359.8272,0.3474773,-0.07186787,-0.9349299,0,0,0,1.60543,-0.3398733,-2.524268,-0.0003610253,0.1055494,1.075364,0.9624101,-0.002978877,-0.271584,0.04505035,0.9878392,0.1488095,0.2678379,-0.1554507,0.9508406,moving,16.01463,-0.699954,-0.01923555,5.605751,14.12958980088227,10.39140240961754
05/11/2023 12:33:52.864360,3122,True,True,True,True,Eyes,1.323362,-0.2751582,-3.558339,0.2758861,-0.01472634,0.9610775,0.0,0.0,0.0,0.0,0.0,0.0,0.0,-2.230814,0.7511036,2.991865,1.312943,-0.2770826,-3.562493,0.07800479,0.1363791,-0.01218278,0.9875058,9.055047,15.71335,359.8384,0.347495,-0.07190609,-0.9349204,0,0,0,1.605401,-0.3428712,-2.52433,7.340312e-05,0.1047809,1.075483,0.9625046,-0.002784678,-0.2712509,0.04533757,0.9875337,0.1507374,0.2674496,-0.1573833,0.950632,moving,16.01661,-0.8778595,0.003910513,5.564585,14.125720027169267,10.211525343040535
05/11/2023 12:33:52.873147,3123,True,True,True,True,Eyes,1.323389,-0.275303,-3.558263,0.2759068,-0.01764038,0.9610225,0.0,0.0,0.0,0.0,0.0,0.0,0.0,-2.22999,0.7554302,2.991396,1.313034,-0.2772011,-3.562455,0.07870524,0.1362199,-0.01230172,0.9874708,9.136654,15.69533,359.8344,0.3475122,-0.07194429,-0.9349111,0,0,0,1.605373,-0.3458647,-2.524391,0.0003210902,0.1034545,1.075663,0.9625856,-0.002852746,-0.2709626,0.04573762,0.9873083,0.1520868,0.2670898,-0.1587897,0.9504993,moving,16.01862,-1.051594,0.01710305,5.493662,14.12201792736837,10.035866009443447
05/11/2023 12:33:52.893625,3124,True,True,True,True,Eyes,1.323397,-0.27545,-3.558185,0.2757618,-0.02066901,0.9610038,0.0,0.0,0.0,0.0,0.0,0.0,0.0,-2.230155,0.7591948,2.990208,1.313055,-0.2774275,-3.562335,0.07930906,0.1362368,-0.01240968,0.9874187,9.207117,15.69776,359.8318,0.3475288,-0.07198257,-0.934902,0,0,0,1.605345,-0.348845,-2.524452,0.0002759993,0.1020287,1.07579,0.9625711,-0.002897483,-0.2710138,0.04611672,0.9871122,0.1532412,0.267077,-0.1600038,0.9502993,moving,16.01093,-1.232112,0.01469952,5.417767,14.108325520557868,9.853282822051739
05/11/2023 12:33:52.913344,3125,True,True,True,True,Eyes,1.323405,-0.2755976,-3.558105,0.2756321,-0.02363754,0.9609725,0.0,0.0,0.0,0.0,0.0,0.0,0.0,-2.230865,0.7656884,2.987993,1.313007,-0.2776045,-3.562315,0.08036674,0.1363457,-0.01256637,0.9873162,9.330057,15.71159,359.8317,0.3475445,-0.07202099,-0.9348931,0,0,0,1.605316,-0.3519193,-2.524516,5.871058e-05,0.101465,1.075965,0.9625039,-0.002898646,-0.2712525,0.04672928,0.9867665,0.155268,0.2672128,-0.1621215,0.9499021,moving,16.00428,-1.40905,0.003126374,5.387142,14.095798258420887,9.674326508462816
05/11/2023 12:33:52.924009,3126,True,True,True,True,Eyes,1.323416,-0.2757436,-3.558015,0.2753768,-0.02662272,0.9609677,0.0,0.0,0.0,0.0,0.0,0.0,0.0,-2.231836,0.7702874,2.985924,1.313008,-0.2777545,-3.562168,0.08111981,0.1364994,-0.01267638,0.9872319,9.417586,15.73036,359.8325,0.3475594,-0.07205956,-0.9348846,0,0,0,1.605287,-0.35503,-2.52458,-0.0002616346,0.1001523,1.076084,0.9624144,-0.002883448,-0.2715697,0.04717466,0.9865177,0.1567075,0.2674565,-0.1636288,0.9495749,moving,15.99029,-1.58692,-0.01393066,5.31726,14.075849779601691,9.494378857564785
05/11/2023 12:33:52.943545,3127,True,True,True,True,Eyes,1.323426,-0.275886,-3.557923,0.2751416,-0.02957227,0.9609488,0.0,0.0,0.0,0.0,0.0,0.0,0.0,-2.232491,0.7742287,2.984114,1.313128,-0.2778486,-3.561864,0.08174848,0.1365994,-0.01272398,0.9871656,9.489959,15.74315,359.838,0.3475737,-0.07209826,-0.9348763,0,0,0,1.605259,-0.3580311,-2.524641,-0.0005313158,0.09857894,1.07605,0.9623574,-0.002787759,-0.2717728,0.04745493,0.9863105,0.1579224,0.2676121,-0.1648747,0.9493156,moving,15.97763,-1.762666,-0.02829066,5.234364,14.05731045394325,9.316587770469527
05/11/2023 12:33:52.964065,3128,True,True,True,True,Eyes,1.323438,-0.2760307,-3.557823,0.2748942,-0.03249962,0.960925,0.0,0.0,0.0,0.0,0.0,0.0,0.0,-2.233866,0.7789907,2.981667,1.313146,-0.2778808,-3.561706,0.08274014,0.1367587,-0.01318759,0.9870549,9.61025,15.75986,359.8022,0.3475875,-0.07213695,-0.9348682,0,0,0,1.605231,-0.3609367,-2.524701,-0.0008898377,0.09796627,1.076101,0.9622463,-0.003402879,-0.272159,0.04866461,0.9859604,0.1597311,0.2677944,-0.1669451,0.9489022,moving,15.96437,-1.937073,-0.0473784,5.201765,14.03821113089087,9.14014662115376
05/11/2023 12:33:52.983585,3129,True,True,True,True,Eyes,1.32345,-0.2761775,-3.557721,0.2746754,-0.03537546,0.9608861,0.0,0.0,0.0,0.0,0.0,0.0,0.0,-2.235534,0.7825702,2.979288,1.313323,-0.2780626,-3.561468,0.08341911,0.1369774,-0.01343898,0.986964,9.691608,15.78472,359.7864,0.347601,-0.07217573,-0.9348602,0,0,0,1.605201,-0.3641123,-2.524766,-0.001495004,0.09648189,1.076121,0.9621131,-0.003674515,-0.2726257,0.04938066,0.9857213,0.1609816,0.2681414,-0.168345,0.9485568,moving,15.95292,-2.108418,-0.07959823,5.123274,14.021035177979268,8.96681370066808
05/11/2023 12:33:52.993191,3130,True,True,True,True,Eyes,1.323451,-0.2763245,-3.557617,0.2743919,-0.03825339,0.9608568,0.0,0.0,0.0,0.0,0.0,0.0,0.0,-2.237106,0.7879249,2.976507,1.313349,-0.2782448,-3.561286,0.08424287,0.1372432,-0.01345775,0.9868569,9.7858,15.81769,359.8001,0.3476141,-0.07221464,-0.9348523,0,0,0,1.605174,-0.3669735,-2.524825,-0.002074122,0.09556718,1.076173,0.9619663,-0.003438222,-0.2731462,0.04968526,0.985444,0.1625773,0.2686113,-0.1699653,0.9481349,moving,15.93775,-2.279841,-0.1104268,5.074715,14.000111060397112,8.79337710679851
05/11/2023 12:33:53.013567,3131,True,True,True,True,Eyes,1.323455,-0.2764723,-3.557511,0.2741363,-0.04109241,0.9608126,0.0,0.0,0.0,0.0,0.0,0.0,0.0,-2.238112,0.7938657,2.974082,1.313293,-0.2783769,-3.561222,0.08517937,0.1374182,-0.01351969,0.9867514,9.893503,15.83995,359.8098,0.3476268,-0.07225369,-0.9348446,0,0,0,1.605145,-0.3701195,-2.52489,-0.002412885,0.09460004,1.076394,0.9618669,-0.003270747,-0.2734984,0.05009153,0.9851234,0.164386,0.268892,-0.1718174,0.9477215,moving,15.92436,-2.448956,-0.1284362,5.022598,13.98105525627671,8.622286129878226
05/11/2023 12:33:53.023895,3132,True,True,True,True,Eyes,1.323463,-0.2766234,-3.5574,0.2738392,-0.04393342,0.9607716,0.0,0.0,0.0,0.0,0.0,0.0,0.0,-2.239609,0.7998343,2.971164,1.313361,-0.2785274,-3.561025,0.08613079,0.1376588,-0.01358964,0.9866342,10.00305,15.86988,359.8195,0.3476391,-0.07229288,-0.934837,0,0,0,1.605117,-0.3730269,-2.52495,-0.002978116,0.09389388,1.07642,0.9617307,-0.003102687,-0.2739787,0.05052932,0.9847936,0.1662177,0.2692967,-0.1737006,0.9472631,moving,15.90862,-2.618154,-0.158519,4.985173,13.95963054842587,8.451095558301398
05/11/2023 12:33:53.043254,3133,True,True,True,True,Eyes,1.323472,-0.2767805,-3.557285,0.27357,-0.04674777,0.9607154,0.0,0.0,0.0,0.0,0.0,0.0,0.0,-2.240832,0.8063359,2.968254,1.313425,-0.2787373,-3.560795,0.08710679,0.1378728,-0.01357207,0.9865189,10.11401,15.89769,359.8394,0.3476512,-0.07233229,-0.9348294,0,0,0,1.60509,-0.375951,-2.52501,-0.003474414,0.09325203,1.076411,0.9616138,-0.002758882,-0.2743926,0.0507975,0.9844564,0.1681225,0.2696637,-0.1756074,0.946807,moving,15.89465,-2.785777,-0.1849373,4.951304,13.940039927076096,8.281509359425986
05/11/2023 12:33:53.063785,3134,True,True,True,True,Eyes,1.323495,-0.2769447,-3.557173,0.2732628,-0.049608,0.9606594,0.0,0.0,0.0,0.0,0.0,0.0,0.0,-2.242245,0.8134174,2.965065,1.313494,-0.2790196,-3.56059,0.08819757,0.1381061,-0.01361827,0.9863888,10.23906,15.92748,359.8542,0.3476632,-0.07237207,-0.9348218,0,0,0,1.605061,-0.3789747,-2.525072,-0.004030019,0.09285206,1.076412,0.9614826,-0.002504582,-0.2748547,0.05122705,0.9840715,0.1702326,0.2700503,-0.1777557,0.9462959,moving,15.87858,-2.956101,-0.2145108,4.930171,13.91824583816935,8.109178025564944
05/11/2023 12:33:53.083522,3135,True,True,True,True,Eyes,1.32352,-0.2771104,-3.55706,0.2729832,-0.05246651,0.960587,0.0,0.0,0.0,0.0,0.0,0.0,0.0,-2.243732,0.8205115,2.961957,1.313683,-0.2793244,-3.560474,0.08935978,0.1383051,-0.01380083,0.9862536,10.37444,15.95214,359.8541,0.3476754,-0.07241235,-0.9348142,0,0,0,1.605033,-0.3820323,-2.525135,-0.004652858,0.09264365,1.076456,0.9613625,-0.002504416,-0.2752742,0.05194006,0.9836487,0.1724454,0.2703413,-0.1800802,0.945773,moving,15.86428,-3.126344,-0.247653,4.91896,13.898236596622251,7.9369403968834895
05/11/2023 12:33:53.093902,3136,True,True,True,True,Eyes,1.323542,-0.2772792,-3.556944,0.2727429,-0.05533167,0.9604945,0.0,0.0,0.0,0.0,0.0,0.0,0.0,-2.245522,0.8281274,2.95834,1.313769,-0.2794986,-3.560313,0.09073164,0.1385397,-0.01417437,0.9860902,10.53677,15.97961,359.836,0.3476878,-0.07245312,-0.9348065,0,0,0,1.605003,-0.3852359,-2.525201,-0.005246848,0.09266572,1.076494,0.9612117,-0.002814552,-0.2757975,0.05309429,0.9831337,0.1750117,0.2706532,-0.1828666,0.9451491,moving,15.85248,-3.297022,-0.2792582,4.91995,13.880730218614131,7.764279584020553
05/11/2023 12:33:53.113768,3137,True,True,True,True,Eyes,1.323569,-0.2774494,-3.556824,0.27253,-0.05818518,0.9603864,0.0,0.0,0.0,0.0,0.0,0.0,0.0,-2.247615,0.8351144,2.954658,1.313824,-0.2797099,-3.560171,0.09197313,0.1388369,-0.01448855,0.9859287,10.68334,16.01466,359.8233,0.3477003,-0.07249441,-0.9347986,0,0,0,1.604975,-0.3881361,-2.52526,-0.005949259,0.09273297,1.076537,0.9610288,-0.003030823,-0.2764316,0.05410788,0.982662,0.1773348,0.2711014,-0.185381,0.9445305,moving,15.84241,-3.467037,-0.3166301,4.92331,13.864987594274787,7.592300702606567
05/11/2023 12:33:53.123469,3138,True,True,True,True,Eyes,1.323596,-0.2776199,-3.556701,0.2723201,-0.0609975,0.9602714,0.0,0.0,0.0,0.0,0.0,0.0,0.0,-2.249527,0.8423161,2.950963,1.313969,-0.2798876,-3.559944,0.09323519,0.1391009,-0.01476673,0.9857688,10.8317,16.04628,359.8148,0.3477131,-0.07253622,-0.9347906,0,0,0,1.604946,-0.3911996,-2.525323,-0.00664264,0.0926207,1.076511,0.9608658,-0.003174976,-0.2769961,0.05505135,0.9821783,0.1797086,0.271489,-0.1879248,0.9439163,moving,15.83263,-3.634608,-0.3535407,4.917497,13.84961751433401,7.422795020787701
05/11/2023 12:33:53.143514,3139,True,True,True,True,Eyes,1.323627,-0.2777917,-3.556573,0.272141,-0.06379842,0.9601401,0.0,0.0,0.0,0.0,0.0,0.0,0.0,-2.251855,0.8488722,2.94712,1.31404,-0.2800345,-3.559752,0.09445041,0.1394278,-0.0151237,0.9856015,10.97603,16.08432,359.7972,0.3477262,-0.07257851,-0.9347824,0,0,0,1.604918,-0.3941619,-2.525384,-0.007408708,0.09251111,1.076541,0.9606623,-0.003473847,-0.2776974,0.0561499,0.9817007,0.1819636,0.2719836,-0.1903983,0.943278,moving,15.82479,-3.801544,-0.394301,4.911572,13.836221710059974,7.253944358221398
05/11/2023 12:33:53.163430,3140,True,True,True,True,Eyes,1.32366,-0.2779716,-3.556445,0.2719538,-0.06658496,0.960004,0.0,0.0,0.0,0.0,0.0,0.0,0.0,-2.254079,0.8560233,2.943108,1.314165,-0.2802128,-3.559492,0.09569406,0.1397531,-0.01536844,0.9854317,11.12181,16.12349,359.7932,0.3477397,-0.07262127,-0.9347741,0,0,0,1.604892,-0.3969996,-2.525442,-0.008207619,0.09256906,1.076468,0.9604657,-0.003542013,-0.2783756,0.05703619,0.9812129,0.1843043,0.2724929,-0.1928955,0.9426234,moving,15.81658,-3.967627,-0.436848,4.914964,13.822481473261753,7.085953745000342
05/11/2023 12:33:53.174193,3141,True,True,True,True,Eyes,1.323694,-0.2781557,-3.556317,0.2717925,-0.06937866,0.9598519,0.0,0.0,0.0,0.0,0.0,0.0,0.0,-2.25612,0.8628985,2.939409,1.31426,-0.2805611,-3.559326,0.09682288,0.1400623,-0.01553446,0.9852749,11.25325,16.16133,359.7962,0.3477536,-0.07266467,-0.9347656,0,0,0,1.604864,-0.4000007,-2.525504,-0.008966178,0.09238373,1.076517,0.9602825,-0.003488968,-0.2790079,0.05773389,0.980768,0.1864427,0.2729915,-0.1951459,0.9420158,moving,15.81005,-4.134183,-0.4771985,4.90495,13.81041720592366,6.917496056287882
05/11/2023 12:33:53.193535,3142,True,True,True,True,Eyes,1.323727,-0.2783427,-3.556183,0.2716166,-0.07212094,0.9596995,0.0,0.0,0.0,0.0,0.0,0.0,0.0,-2.257952,0.871663,2.935308,1.31429,-0.2808189,-3.559208,0.09829003,0.140337,-0.01576418,0.9850869,11.4243,16.19549,359.7971,0.3477678,-0.07270875,-0.9347568,0,0,0,1.604835,-0.4030263,-2.525566,-0.009612769,0.09284335,1.076594,0.960114,-0.003470713,-0.2795873,0.05864563,0.9801811,0.1892238,0.2733894,-0.198073,0.9412891,moving,15.80271,-4.297672,-0.5115732,4.928884,13.797638447667834,6.752134183272254
05/11/2023 12:33:53.219450,3143,True,True,True,True,Eyes,1.323759,-0.2785303,-3.556049,0.2714634,-0.07486922,0.9595323,0.0,0.0,0.0,0.0,0.0,0.0,0.0,-2.259949,0.8803433,2.930956,1.31444,-0.2810494,-3.558952,0.09973811,0.1406325,-0.0159605,0.9848961,11.59266,16.23247,359.8019,0.3477824,-0.07275352,-0.9347479,0,0,0,1.604807,-0.4060278,-2.525628,-0.01038101,0.09321775,1.076519,0.9599355,-0.003386032,-0.2802005,0.05949171,0.9795951,0.1919742,0.273833,-0.2009525,0.9405496,moving,15.79685,-4.461566,-0.5524935,4.949001,13.786336523992158,6.586372659889113
05/11/2023 12:33:53.243403,3144,True,True,True,True,Eyes,1.323805,-0.2787149,-3.555915,0.2712895,-0.07757507,0.9593665,0.0,0.0,0.0,0.0,0.0,0.0,0.0,-2.261521,0.8889029,2.927032,1.314454,-0.2812275,-3.558829,0.1011725,0.1408716,-0.01616497,0.9847123,11.75961,16.26276,359.8051,0.3477973,-0.07279895,-0.9347389,0,0,0,1.604778,-0.4090937,-2.525691,-0.01093334,0.09348568,1.07664,0.9597878,-0.003331029,-0.2807069,0.06034034,0.9790056,0.1946972,0.274165,-0.203806,0.9398386,moving,15.78983,-4.62292,-0.581822,4.962601,13.773950332538611,6.423171739195655
05/11/2023 12:33:53.253560,3145,True,True,True,True,Eyes,1.323847,-0.2789026,-3.555779,0.2710993,-0.08021764,0.9592029,0.0,0.0,0.0,0.0,0.0,0.0,0.0,-2.263129,0.8956558,2.923505,1.314606,-0.2813225,-3.558582,0.1022853,0.1411182,-0.0162601,0.9845604,11.88813,16.29424,359.8156,0.3478128,-0.07284486,-0.9347295,0,0,0,1.60475,-0.4121009,-2.525753,-0.01159066,0.09297758,1.076681,0.9596425,-0.003149441,-0.2812051,0.06088674,0.9785466,0.196823,0.2745524,-0.2060014,0.9392468,moving,15.78187,-4.780492,-0.6167752,4.935573,13.760742320672088,6.263788744179921
05/11/2023 12:33:53.263207,3146,True,True,True,True,Eyes,1.32389,-0.2790928,-3.55564,0.2709295,-0.08285721,0.9590265,0.0,0.0,0.0,0.0,0.0,0.0,0.0,-2.26443,0.9024179,2.920224,1.31464,-0.2815193,-3.558395,0.1033621,0.1413361,-0.01632301,0.9844155,12.012,16.32266,359.829,0.3478287,-0.07289132,-0.93472,0,0,0,1.604721,-0.4151465,-2.525815,-0.01208997,0.09246533,1.076814,0.9595153,-0.00291967,-0.2816412,0.06135482,0.9780996,0.1988884,0.2748925,-0.2081165,0.9386808,moving,15.77523,-4.937933,-0.6432635,4.907913,13.748867708018892,6.104547011772971
05/11/2023 12:33:53.283605,3147,True,True,True,True,Eyes,1.323931,-0.2792854,-3.555501,0.2707696,-0.08548993,0.9588405,0.0,0.0,0.0,0.0,0.0,0.0,0.0,-2.265354,0.9110159,2.916689,1.31471,-0.2818015,-3.558227,0.1046933,0.1414932,-0.01636144,0.9842517,12.1645,16.34515,359.8487,0.3478451,-0.07293831,-0.9347102,0,0,0,1.604689,-0.4184937,-2.525884,-0.01250893,0.09228295,1.076955,0.9594239,-0.00258076,-0.2819558,0.06183433,0.9775432,0.201459,0.2751041,-0.2107191,0.9380379,moving,15.76929,-5.095002,-0.6654657,4.897641,13.737710171780458,5.94568609677933
05/11/2023 12:33:53.293653,3148,True,True,True,True,Eyes,1.323987,-0.2794767,-3.555366,0.2705507,-0.08814993,0.9586616,0.0,0.0,0.0,0.0,0.0,0.0,0.0,-2.265691,0.9191073,2.913712,1.314717,-0.2820345,-3.558063,0.1059389,0.1415656,-0.01638479,0.9841077,12.30698,16.35763,359.8678,0.3478619,-0.07298586,-0.9347003,0,0,0,1.604666,-0.4209939,-2.525936,-0.01268113,0.09270291,1.076992,0.9593815,-0.00225421,-0.2821031,0.06224338,0.977017,0.2038714,0.27516,-0.2131495,0.9374723,moving,15.75998,-5.253633,-0.6746024,4.919652,13.723107969342461,5.78522328607669
05/11/2023 12:33:53.313534,3149,True,True,True,True,Eyes,1.324042,-0.2796695,-3.555227,0.2703528,-0.09079719,0.9584702,0.0,0.0,0.0,0.0,0.0,0.0,0.0,-2.266237,0.9263553,2.910848,1.314825,-0.2821798,-3.557894,0.1071096,0.1416416,-0.01648012,0.9839683,12.44214,16.36948,359.8774,0.3478793,-0.07303386,-0.93469,0,0,0,1.604638,-0.4239904,-2.525997,-0.01295245,0.09240402,1.077129,0.9593321,-0.00208947,-0.2822721,0.0627742,0.9765119,0.2061164,0.2752113,-0.2154535,0.9369304,moving,15.75201,-5.411558,-0.688947,4.903246,13.709878254527121,5.625483286209533
05/11/2023 12:33:53.323344,3150,True,True,True,True,Eyes,1.3241,-0.2798634,-3.555085,0.2701356,-0.09338464,0.9582828,0.0,0.0,0.0,0.0,0.0,0.0,0.0,-2.267183,0.9342973,2.907353,1.314872,-0.2823938,-3.557681,0.1083023,0.1418264,-0.01642289,0.9838121,12.5773,16.39619,359.9064,0.3478973,-0.07308233,-0.9346795,0,0,0,1.604609,-0.4270618,-2.526061,-0.01340017,0.09209797,1.077245,0.9592311,-0.00159382,-0.2826184,0.06303434,0.9760018,0.2084398,0.2755038,-0.2177566,0.9363117,moving,15.74291,-5.565898,-0.7126825,4.886564,13.695628919369396,5.469360747398035
05/11/2023 12:33:53.343773,3151,True,True,True,True,Eyes,1.324156,-0.2800607,-3.554941,0.2699411,-0.09596457,0.9580828,0.0,0.0,0.0,0.0,0.0,0.0,0.0,-2.268481,0.9415392,2.903723,1.314956,-0.2826078,-3.557405,0.1093482,0.1420825,-0.01628238,0.9836619,12.69435,16.43192,359.9436,0.3479159,-0.07313123,-0.9346688,0,0,0,1.604581,-0.42999,-2.526121,-0.01402006,0.09157902,1.077297,0.9590949,-0.0009597886,-0.2830832,0.06310562,0.9755558,0.2104963,0.2759614,-0.2197501,0.9357111,moving,15.73525,-5.719847,-0.7456113,4.858927,13.682842378097117,5.313643171937963
05/11/2023 12:33:53.363911,3152,True,True,True,True,Eyes,1.324156,-0.2800607,-3.554941,0.2699411,-0.09596457,0.9580828,0.0,0.0,0.0,0.0,0.0,0.0,0.0,-2.269553,0.9495822,2.900082,1.314956,-0.2828708,-3.557236,0.1105666,0.1422902,-0.016252,0.9834961,12.83291,16.46131,359.9705,0.3479351,-0.07318063,-0.9346578,0,0,0,1.604553,-0.4330133,-2.526183,-0.01448774,0.09144606,1.077454,0.9589787,-0.0005024762,-0.2834776,0.06343263,0.9750218,0.2128585,0.2762899,-0.2221085,0.9350571,moving,15.73525,-5.719847,-0.7703683,4.851202,13.682842378097117,5.313643171937963
05/11/2023 12:33:53.383592,3153,True,True,True,True,Eyes,1.324156,-0.2800607,-3.554941,0.2699411,-0.09596457,0.9580828,0.0,0.0,0.0,0.0,0.0,0.0,0.0,-2.270969,0.9586885,2.895842,1.31512,-0.2830918,-3.55705,0.1120063,0.1425168,-0.01629924,0.9832996,12.99801,16.49288,359.9924,0.3479523,-0.07322509,-0.9346479,0,0,0,1.604524,-0.4360766,-2.526246,-0.01515716,0.09171873,1.077532,0.9588466,-0.0001285154,-0.2839247,0.06397964,0.9743779,0.2156256,0.2766222,-0.2249173,0.9342871,moving,15.73525,-5.719847,-0.8059014,4.865249,13.682842378097117,5.313643171937963
05/11/2023 12:33:53.393858,3154,True,True,True,True,Eyes,1.324196,-0.2802804,-3.554779,0.2701913,-0.09938391,0.9576635,0.0,0.0,0.0,0.0,0.0,0.0,0.0,-2.272029,0.9680762,2.891669,1.315117,-0.2833368,-3.556856,0.1134672,0.1427186,-0.01631583,0.9831025,13.16505,16.52213,0.01809489,0.3479678,-0.0732651,-0.934639,0,0,0,1.604496,-0.4389932,-2.526306,-0.01561382,0.09220636,1.077616,0.9587303,0.0003075088,-0.2843168,0.06446806,0.9737179,0.2184427,0.2769115,-0.227757,0.9335131,moving,15.75567,-5.924802,-0.8301132,4.890607,13.696647977911804,5.106537782005802
05/11/2023 12:33:53.413665,3155,True,True,True,True,Eyes,1.324234,-0.2805013,-3.554615,0.2704333,-0.1027663,0.9572382,0.0,0.0,0.0,0.0,0.0,0.0,0.0,-2.272775,0.9764854,2.888148,1.315162,-0.2835378,-3.556738,0.1147595,0.1428617,-0.0163022,0.9829318,13.31234,16.5443,0.04366192,0.347984,-0.07330711,-0.9346297,0,0,0,1.604468,-0.4420716,-2.526369,-0.01600602,0.09213717,1.077842,0.9586495,0.0007415607,-0.2845883,0.06483736,0.973129,0.2209435,0.277105,-0.2302594,0.9328417,moving,15.77574,-6.127641,-0.8507832,4.885936,13.710170908664718,4.901569665184419
05/11/2023 12:33:53.423769,3156,True,True,True,True,Eyes,1.32426,-0.2807228,-3.554447,0.2708936,-0.1064973,0.9567,0.0,0.0,0.0,0.0,0.0,0.0,0.0,-2.272958,0.9848799,2.884938,1.315141,-0.2837742,-3.556554,0.1160343,0.1429275,-0.0162777,0.9827731,13.45748,16.55752,0.06918775,0.3480006,-0.07335097,-0.9346201,0,0,0,1.604438,-0.4452106,-2.526434,-0.0161491,0.09199499,1.078044,0.9586135,0.001174399,-0.2847082,0.06516355,0.9725422,0.2234176,0.2771531,-0.2327238,0.9322156,moving,15.80969,-6.351864,-0.8582271,4.877526,13.736964562843076,4.675071527149275
05/11/2023 12:33:53.443391,3157,True,True,True,True,Eyes,1.324282,-0.2809444,-3.554278,0.2713324,-0.1101682,0.9561599,0.0,0.0,0.0,0.0,0.0,0.0,0.0,-2.272794,0.993435,2.88182,1.315088,-0.283965,-3.556304,0.1173832,0.1429285,-0.01633113,0.9826118,13.61241,16.56243,0.0860997,0.3480175,-0.07339653,-0.9346102,0,0,0,1.604411,-0.4480974,-2.526493,-0.01610047,0.09222592,1.078144,0.9586095,0.001460507,-0.2847205,0.06564914,0.971909,0.2260159,0.2770526,-0.2353526,0.9315852,moving,15.84251,-6.572603,-0.8555629,4.889256,13.762735267928525,4.452088723382838
05/11/2023 12:33:53.463218,3158,True,True,True,True,Eyes,1.3243,-0.2811638,-3.554108,0.2719018,-0.1140088,0.9555477,0.0,0.0,0.0,0.0,0.0,0.0,0.0,-2.272902,1.000255,2.879165,1.315038,-0.2841702,-3.556137,0.1185034,0.1429501,-0.01646403,0.9824719,13.74255,16.56781,0.09020294,0.3480344,-0.07344362,-0.9346002,0,0,0,1.604383,-0.4510343,-2.526553,-0.01610857,0.09197137,1.078373,0.9585884,0.001529262,-0.284791,0.06623105,0.9713718,0.2281455,0.2769869,-0.2375597,0.9310444,moving,15.88374,-6.803937,-0.8558121,4.874798,13.796624645384743,4.218448792432594
05/11/2023 12:33:53.483341,3159,True,True,True,True,Eyes,1.324315,-0.2813914,-3.553936,0.2724397,-0.1177759,0.9549373,0.0,0.0,0.0,0.0,0.0,0.0,0.0,-2.273366,1.008665,2.875597,1.315036,-0.2842984,-3.555913,0.1198429,0.143049,-0.01650587,0.9822945,13.89623,16.58456,0.1097581,0.3480515,-0.07349204,-0.93459,0,0,0,1.604354,-0.4540992,-2.526616,-0.01633364,0.09194972,1.078549,0.9585291,0.001859571,-0.2849887,0.06671406,0.9707305,0.2307197,0.2770763,-0.2401643,0.9303493,moving,15.92323,-7.030991,-0.8676263,4.872866,13.828903111399361,3.989125008980902
05/11/2023 12:33:53.493672,3160,True,True,True,True,Eyes,1.324318,-0.2816164,-3.55376,0.2730761,-0.1216067,0.9542753,0.0,0.0,0.0,0.0,0.0,0.0,0.0,-2.271916,1.017856,2.873256,1.314973,-0.284716,-3.555702,0.1209455,0.1429501,-0.01602417,0.9821815,14.01419,16.58427,0.1831281,0.3480684,-0.07354186,-0.9345798,0,0,0,1.604326,-0.4571455,-2.526679,-0.01610029,0.09157898,1.078749,0.958617,0.003101047,-0.2846819,0.06605563,0.9702308,0.2329996,0.2769297,-0.2421622,0.9298749,moving,15.96904,-7.262265,-0.8550739,4.852415,13.867405977164921,3.7555762846722995
05/11/2023 12:33:53.513376,3161,True,True,True,True,Eyes,1.324321,-0.2818405,-3.55358,0.2736673,-0.1253691,0.9536188,0.0,0.0,0.0,0.0,0.0,0.0,0.0,-2.27064,1.026551,2.870945,1.314979,-0.2848356,-3.555507,0.1223047,0.1427591,-0.01606166,0.9820405,14.17015,16.56706,0.1993723,0.3480852,-0.07359291,-0.9345695,0,0,0,1.604296,-0.4602784,-2.526743,-0.0157145,0.09153445,1.078988,0.9587237,0.003373816,-0.2843192,0.0664666,0.9695672,0.2356305,0.2764615,-0.2448023,0.9293228,moving,16.0123,-7.489537,-0.8344032,4.849,13.90347319630874,3.526057205714027
05/11/2023 12:33:53.533100,3162,True,True,True,True,Eyes,1.324323,-0.2820691,-3.5534,0.2742849,-0.1291138,0.9529414,0.0,0.0,0.0,0.0,0.0,0.0,0.0,-2.269578,1.032912,2.86917,1.314974,-0.28502,-3.555226,0.1233691,0.1425751,-0.01623456,0.9819311,14.29469,16.54751,0.1948971,0.3481017,-0.07364503,-0.9345593,0,0,0,1.60427,-0.4630764,-2.526801,-0.0152815,0.09126389,1.079116,0.9588175,0.003296268,-0.2840036,0.06706116,0.9690331,0.2376505,0.2759923,-0.2469091,0.9289048,moving,16.05739,-7.716002,-0.8113183,4.83416,13.94140960307215,3.297366331465307
05/11/2023 12:33:53.543377,3163,True,True,True,True,Eyes,1.32432,-0.2823045,-3.553222,0.2748592,-0.132839,0.9522637,0.0,0.0,0.0,0.0,0.0,0.0,0.0,-2.26857,1.039224,2.867515,1.314995,-0.2853238,-3.555055,0.1243481,0.1424121,-0.01630574,0.9818303,14.4078,16.53152,0.2010376,0.3481179,-0.07369825,-0.934549,0,0,0,1.604241,-0.4661298,-2.526864,-0.01495662,0.0906733,1.079392,0.9589059,0.003398407,-0.2837041,0.06743627,0.9685433,0.2395332,0.2755938,-0.2488218,0.9285127,moving,16.10013,-7.941405,-0.7938698,4.801805,13.977014842930377,3.069733636530919
05/11/2023 12:33:53.563851,3164,True,True,True,True,Eyes,1.324306,-0.2825447,-3.553046,0.2754312,-0.1365576,0.9515722,0.0,0.0,0.0,0.0,0.0,0.0,0.0,-2.267588,1.049221,2.864438,1.314864,-0.2856944,-3.554903,0.1259847,0.1422517,-0.01653339,0.9816411,14.59869,16.51658,0.2003207,0.3481339,-0.07375263,-0.9345388,0,0,0,1.604213,-0.4690786,-2.526924,-0.01451644,0.09172916,1.079568,0.9589822,0.003383378,-0.2834462,0.0683028,0.9677089,0.2426397,0.2751144,-0.2520473,0.9277846,moving,16.14301,-8.16661,-0.7703828,4.856664,14.012767571671205,2.8423020839986677
05/11/2023 12:33:53.583686,3165,True,True,True,True,Eyes,1.324289,-0.2827882,-3.552871,0.2759456,-0.1402705,0.9508828,0.0,0.0,0.0,0.0,0.0,0.0,0.0,-2.265726,1.062224,2.860942,1.314737,-0.2860007,-3.554785,0.1280066,0.1419837,-0.01660578,0.9814169,14.83114,16.49295,0.2225806,0.3481493,-0.07380819,-0.9345286,0,0,0,1.604185,-0.4721064,-2.526987,-0.01388779,0.09344517,1.07975,0.9591297,0.003755334,-0.2829418,0.06894411,0.9666771,0.2465402,0.2744392,-0.2559712,0.9269099,moving,16.1827,-8.391528,-0.7369003,4.946244,14.045317811834655,2.6151394639224854
05/11/2023 12:33:53.593563,3166,True,True,True,True,Eyes,1.324278,-0.2830329,-3.552698,0.2764404,-0.1439124,0.9501947,0.0,0.0,0.0,0.0,0.0,0.0,0.0,-2.262643,1.075343,2.858296,1.31463,-0.2862975,-3.554653,0.1298739,0.1415736,-0.01639109,0.9812346,15.04125,16.45617,0.2732921,0.348164,-0.07386489,-0.9345187,0,0,0,1.604156,-0.4751381,-2.527049,-0.01298332,0.09473108,1.07996,0.9593765,0.004606408,-0.2820914,0.06894044,0.9657282,0.2502323,0.2735763,-0.2595145,0.9261793,moving,16.22131,-8.612321,-0.6887788,5.012994,14.076916572940489,2.3921406626836745
05/11/2023 12:33:53.614804,3167,True,True,True,True,Eyes,1.324265,-0.2832807,-3.552526,0.2768756,-0.1475423,0.9495111,0.0,0.0,0.0,0.0,0.0,0.0,0.0,-2.259814,1.087635,2.85576,1.314727,-0.2865319,-3.554499,0.1316955,0.1411454,-0.01630314,0.9810548,15.24833,16.41529,0.3080905,0.3481784,-0.07392264,-0.9345087,0,0,0,1.604126,-0.4783499,-2.527115,-0.01221916,0.09570274,1.080165,0.9596244,0.00518787,-0.2812369,0.06916498,0.964781,0.2537987,0.2726487,-0.2630032,0.9254686,moving,16.25658,-8.832421,-0.64812,5.063191,14.10517519437269,2.1698203232326367
05/11/2023 12:33:53.633546,3168,True,True,True,True,Eyes,1.324242,-0.2835294,-3.552352,0.2768972,-0.1512946,0.9489141,0.0,0.0,0.0,0.0,0.0,0.0,0.0,-2.256976,1.098634,2.853605,1.314687,-0.2868275,-3.554339,0.1333983,0.1406972,-0.01638409,0.9808878,15.44468,16.369,0.3207319,0.3481923,-0.07398143,-0.9344989,0,0,0,1.604097,-0.4814063,-2.527178,-0.01125637,0.09668672,1.080372,0.9598717,0.005395652,-0.2803876,0.06967945,0.9638729,0.2570872,0.2716452,-0.266308,0.9248183,moving,16.26747,-9.058972,-0.5969414,5.113997,14.108673467515287,1.940814460195865
05/11/2023 12:33:53.643690,3169,True,True,True,True,Eyes,1.324216,-0.2837805,-3.552181,0.2768733,-0.1550259,0.9483186,0.0,0.0,0.0,0.0,0.0,0.0,0.0,-2.253969,1.109064,2.851732,1.314625,-0.2870457,-3.554172,0.1350353,0.1402179,-0.01648964,0.9807307,15.63396,16.31833,0.3287174,0.3482056,-0.07404117,-0.9344893,0,0,0,1.604071,-0.4841892,-2.527235,-0.01019567,0.09772839,1.080551,0.9601341,0.005524917,-0.2794852,0.07021251,0.9629872,0.2602422,0.2705785,-0.2694907,0.9242089,moving,16.27582,-9.284277,-0.5406055,5.167948,14.109655330793087,1.7130515624041163
05/11/2023 12:33:53.683416,3170,True,True,True,True,Eyes,1.324174,-0.2840319,-3.552009,0.2765548,-0.1588907,0.9477717,0.0,0.0,0.0,0.0,0.0,0.0,0.0,-2.251064,1.119,2.849982,1.314523,-0.2873256,-3.554057,0.1366599,0.1397267,-0.01673177,0.9805716,15.82413,16.26405,0.3201981,0.3482182,-0.07410184,-0.9344797,0,0,0,1.604043,-0.487176,-2.527296,-0.009074241,0.098664,1.080825,0.960393,0.005376694,-0.2785972,0.07100347,0.9620882,0.2633339,0.269451,-0.2726854,0.9236011,moving,16.26697,-9.516945,-0.4810248,5.215838,14.093076187232837,1.4777288393026993
05/11/2023 12:33:53.693683,3171,True,True,True,True,Eyes,1.324125,-0.2842797,-3.551831,0.2760374,-0.1627053,0.9472753,0.0,0.0,0.0,0.0,0.0,0.0,0.0,-2.248061,1.128519,2.848512,1.314498,-0.287519,-3.553981,0.1383064,0.1391708,-0.01711643,0.9804131,16.01917,16.19984,0.2941242,0.3482299,-0.07416337,-0.9344705,0,0,0,1.604015,-0.4901755,-2.527358,-0.007882923,0.09960131,1.081139,0.9606771,0.004934081,-0.2776244,0.07205875,0.9611568,0.2664306,0.2681551,-0.275959,0.9230056,moving,16.2462,-9.746101,-0.417754,5.263588,14.064610781179658,1.2458778202547567
05/11/2023 12:33:53.713423,3172,True,True,True,True,Eyes,1.324076,-0.2845266,-3.551654,0.275502,-0.1664597,0.9467787,0.0,0.0,0.0,0.0,0.0,0.0,0.0,-2.24466,1.13496,2.848323,1.314508,-0.2876345,-3.553717,0.1393478,0.1385982,-0.0172624,0.9803443,16.14103,16.1344,0.2851449,0.3482407,-0.07422558,-0.9344615,0,0,0,1.603981,-0.4937546,-2.527432,-0.006634533,0.09847495,1.081573,0.9609851,0.004780517,-0.2765589,0.07247292,0.9605684,0.2684325,0.266937,-0.2780026,0.9227454,moving,16.22441,-9.971653,-0.3514565,5.202315,14.035237137795095,1.0176642076600118
05/11/2023 12:33:53.719739,3173,True,True,True,True,Eyes,1.324048,-0.2847721,-3.551487,0.2748393,-0.1700954,0.9463249,0.0,0.0,0.0,0.0,0.0,0.0,0.0,-2.241978,1.142578,2.847207,1.314451,-0.287842,-3.553576,0.1405325,0.1381685,-0.01734228,0.9802343,16.27822,16.08777,0.2886152,0.3482507,-0.0742884,-0.9344528,0,0,0,1.60393,-0.4991473,-2.527543,-0.005697697,0.09601673,1.082562,0.9612174,0.004835329,-0.2757494,0.07283333,0.9598998,0.2707172,0.2660008,-0.2803018,0.9223202,moving,16.19478,-10.18972,-0.3015541,5.068527,13.99821624454396,0.7969668266251304
05/11/2023 12:33:53.724189,3174,True,True,True,True,Eyes,1.324019,-0.2850145,-3.551323,0.2741707,-0.1736642,0.9458706,0.0,0.0,0.0,0.0,0.0,0.0,0.0,-2.239409,1.149596,2.846345,1.314457,-0.2880473,-3.55351,0.1416351,0.1377362,-0.01744871,0.9801345,16.40646,16.03998,0.2874347,0.3482602,-0.07435168,-0.9344442,0,0,0,1.60391,-0.5012512,-2.527586,-0.004802376,0.09658331,1.082778,0.9614486,0.004812396,-0.2749428,0.07322072,0.9592701,0.2728363,0.2650574,-0.2824495,0.9219365,moving,16.1648,-10.40378,-0.2541186,5.097266,13.960975005669072,0.5803188152765113
05/11/2023 12:33:53.753710,3175,True,True,True,True,Eyes,1.323989,-0.2852559,-3.551163,0.2734945,-0.1771737,0.9454154,0.0,0.0,0.0,0.0,0.0,0.0,0.0,-2.237427,1.15561,2.845323,1.31442,-0.2881972,-3.553395,0.1426314,0.1373943,-0.01761423,0.9800352,16.52345,16.00145,0.2789996,0.3482693,-0.07441528,-0.9344357,0,0,0,1.603892,-0.503198,-2.527626,-0.004036516,0.09702677,1.082955,0.9616251,0.004668343,-0.2743271,0.0737186,0.9586921,0.2747274,0.2642777,-0.2844078,0.9215581,moving,16.13437,-10.61429,-0.2135586,5.119716,13.923397671388797,0.36725740842963717
05/11/2023 12:33:53.763659,3176,True,True,True,True,Eyes,1.323965,-0.2854898,-3.550993,0.2727767,-0.1805428,0.9449853,0.0,0.0,0.0,0.0,0.0,0.0,0.0,-2.234885,1.162771,2.844471,1.314355,-0.2887817,-3.553426,0.1436351,0.1369991,-0.01761003,0.9799441,16.63859,15.95942,0.2895559,0.3482781,-0.07447917,-0.9344273,0,0,0,1.603875,-0.5050638,-2.527664,-0.003184199,0.09797446,1.083134,0.9618422,0.004842094,-0.2735618,0.07386944,0.9581177,0.2766835,0.2634442,-0.2863338,0.9212004,moving,16.10116,-10.81621,-0.1684378,5.168603,13.883304319029394,0.16286329853637227
05/11/2023 12:33:53.773755,3177,True,True,True,True,Eyes,1.323936,-0.2857195,-3.550832,0.2720346,-0.1838386,0.9445637,0.0,0.0,0.0,0.0,0.0,0.0,0.0,-2.233194,1.166775,2.843656,1.314407,-0.2888368,-3.552999,0.1442351,0.1367486,-0.01757187,0.9798915,16.70687,15.9332,0.2997534,0.3482867,-0.07454311,-0.934419,0,0,0,1.603845,-0.5082425,-2.52773,-0.002632529,0.09612882,1.08344,0.9619821,0.005010827,-0.2730665,0.07388492,0.957775,0.2778635,0.2629285,-0.2874753,0.9209922,moving,16.06642,-11.01367,-0.1392162,5.070322,13.841817432474953,-0.037031255542991914
05/11/2023 12:33:53.793688,3178,True,True,True,True,Eyes,1.323923,-0.2859476,-3.550673,0.2712853,-0.18696,0.9441664,0.0,0.0,0.0,0.0,0.0,0.0,0.0,-2.229602,1.171661,2.844329,1.314297,-0.288568,-3.552953,0.1450924,0.1361422,-0.01774927,0.9798462,16.80823,15.86211,0.282703,0.348295,-0.07460699,-0.9344109,0,0,0,1.603818,-0.511046,-2.527787,-0.001234978,0.09507513,1.084086,0.9623005,0.004723287,-0.2719474,0.07428951,0.9572663,0.2795036,0.2616463,-0.2891693,0.920827,moving,16.03083,-11.20059,-0.06527067,5.012058,13.799822074379843,-0.22627388954846062
05/11/2023 12:33:53.813575,3179,True,True,True,True,Eyes,1.323908,-0.2861744,-3.55052,0.2705225,-0.1899995,0.9437784,0.0,0.0,0.0,0.0,0.0,0.0,0.0,-2.228627,1.174493,2.843702,1.314292,-0.2887543,-3.55276,0.1457659,0.1358838,-0.01822305,0.9797735,16.89313,15.82658,0.2338608,0.3483034,-0.07467075,-0.9344026,0,0,0,1.60379,-0.5140382,-2.527849,-0.0006140769,0.09392002,1.08452,0.9624071,0.003905505,-0.2715832,0.07532337,0.9568405,0.2806826,0.260958,-0.2905875,0.9205759,moving,15.9943,-11.38252,-0.03244201,4.949497,13.757044709046344,-0.4104771210580189
05/11/2023 12:33:53.823416,3180,True,True,True,True,Eyes,1.32391,-0.2863997,-3.550371,0.2697763,-0.1929201,0.9433995,0.0,0.0,0.0,0.0,0.0,0.0,0.0,-2.225538,1.17825,2.844515,1.314239,-0.2889399,-3.552724,0.1463215,0.1353739,-0.01829018,0.9797599,16.95808,15.76727,0.2262007,0.3483118,-0.07473437,-0.9343944,0,0,0,1.603761,-0.5171114,-2.527912,0.0005202293,0.09235701,1.085171,0.9626787,0.003776273,-0.2706204,0.07545619,0.956511,0.2817678,0.2599154,-0.2916719,0.9205279,moving,15.95851,-11.55733,0.02746751,4.864621,13.715247095415913,-0.5874759856974059
05/11/2023 12:33:53.843266,3181,True,True,True,True,Eyes,1.323911,-0.2866227,-3.550227,0.2690212,-0.1957908,0.9430237,0.0,0.0,0.0,0.0,0.0,0.0,0.0,-2.223542,1.184067,2.843501,1.31425,-0.2891267,-3.552577,0.1472232,0.1350479,-0.01834641,0.9796687,17.06253,15.73191,0.2288017,0.3483205,-0.07479779,-0.9343861,0,0,0,1.603733,-0.5200506,-2.527972,0.001197547,0.09163928,1.085607,0.962851,0.003817563,-0.2700065,0.07571119,0.9559774,0.2835046,0.2592024,-0.2934152,0.9201748,moving,15.92213,-11.72913,0.06320368,4.825067,13.672954625886806,-0.7614352036939849
05/11/2023 12:33:53.863263,3182,True,True,True,True,Eyes,1.323916,-0.2868374,-3.550082,0.2683112,-0.198513,0.9426567,0.0,0.0,0.0,0.0,0.0,0.0,0.0,-2.220575,1.190166,2.843228,1.314227,-0.289282,-3.552536,0.1480971,0.1345869,-0.01829992,0.9796014,17.16221,15.68201,0.2404984,0.3483294,-0.07486097,-0.9343777,0,0,0,1.603705,-0.5231003,-2.528035,0.002162576,0.09072806,1.086202,0.963103,0.004010577,-0.2691033,0.07571709,0.9554648,0.2852263,0.2582626,-0.295078,0.9199073,moving,15.8881,-11.89209,0.1140729,4.774705,13.633319672645941,-0.9264401312584933
05/11/2023 12:33:53.883553,3183,True,True,True,True,Eyes,1.32392,-0.2870496,-3.549939,0.2676051,-0.2011754,0.942293,0.0,0.0,0.0,0.0,0.0,0.0,0.0,-2.218469,1.193544,2.843274,1.314285,-0.2892954,-3.552368,0.1486687,0.1342157,-0.01841714,0.9795635,17.22979,15.63846,0.229503,0.3483386,-0.07492372,-0.9343693,0,0,0,1.603677,-0.5260989,-2.528097,0.002926558,0.08908217,1.086743,0.9632939,0.003825823,-0.2684217,0.07598887,0.9551169,0.2863172,0.2574695,-0.2962046,0.9197676,moving,15.8542,-12.05147,0.154295,4.686153,13.5939336031924,-1.0878242524677209
05/11/2023 12:33:53.893626,3184,True,True,True,True,Eyes,1.323929,-0.2872559,-3.549797,0.2669334,-0.203743,0.9419317,0.0,0.0,0.0,0.0,0.0,0.0,0.0,-2.217169,1.196886,2.842745,1.314291,-0.2894345,-3.552244,0.1492809,0.1339605,-0.01863236,0.9795012,17.30353,15.60728,0.2097212,0.3483481,-0.07498601,-0.9343607,0,0,0,1.603648,-0.5290979,-2.528158,0.003486335,0.08769256,1.087298,0.9634148,0.003494661,-0.2679919,0.07649633,0.9547361,0.2874496,0.2568661,-0.2974336,0.9195396,moving,15.82216,-12.20524,0.1837138,4.61103,13.556605224679775,-1.2435233852018062
05/11/2023 12:33:53.913480,3185,True,True,True,True,Eyes,1.323941,-0.2874584,-3.549655,0.2662576,-0.2062637,0.9415743,0.0,0.0,0.0,0.0,0.0,0.0,0.0,-2.215227,1.200415,2.84257,1.314235,-0.2894931,-3.5521,0.1499321,0.1336069,-0.01886068,0.9794457,17.38197,15.56425,0.1871922,0.3483579,-0.07504773,-0.9343521,0,0,0,1.603619,-0.5322182,-2.528222,0.004328907,0.08619915,1.087904,0.963587,0.003117919,-0.267377,0.07700994,0.9543293,0.2886609,0.2560658,-0.2987405,0.9193391,moving,15.7898,-12.35618,0.2279859,4.530319,13.519047915467365,-1.3963630791965702
05/11/2023 12:33:53.923538,3186,True,True,True,True,Eyes,1.323939,-0.2876578,-3.54951,0.2656494,-0.2086616,0.9412176,0.0,0.0,0.0,0.0,0.0,0.0,0.0,-2.213538,1.204203,2.842142,1.314327,-0.2895902,-3.551943,0.1506275,0.1332703,-0.01909715,0.9793804,17.46562,15.52329,0.1646748,0.348368,-0.07510883,-0.9343434,0,0,0,1.603591,-0.5352047,-2.528284,0.004994184,0.08495718,1.08841,0.9637487,0.002741612,-0.2667978,0.07755512,0.9538933,0.2899531,0.2552916,-0.3001334,0.9191007,moving,15.7612,-12.49992,0.2629006,4.463243,13.485513772478136,-1.5418973778919636
05/11/2023 12:33:53.943264,3187,True,True,True,True,Eyes,1.323937,-0.2878513,-3.54937,0.265031,-0.2110001,0.9408706,0.0,0.0,0.0,0.0,0.0,0.0,0.0,-2.211867,1.206623,2.84225,1.314294,-0.2897049,-3.551814,0.1511483,0.1329311,-0.01941998,0.9793397,17.53055,15.47955,0.1290132,0.3483783,-0.0751693,-0.9343348,0,0,0,1.603563,-0.5381714,-2.528345,0.005805194,0.08341619,1.088995,0.9639043,0.002147116,-0.26624,0.07822215,0.953554,0.2908881,0.2544988,-0.3012142,0.918967,moving,15.73184,-12.64005,0.3054284,4.38026,13.451333378729714,-1.683786469639891
05/11/2023 12:33:53.963506,3188,True,True,True,True,Eyes,1.323944,-0.2880414,-3.549235,0.2644541,-0.2132168,0.9405332,0.0,0.0,0.0,0.0,0.0,0.0,0.0,-2.209829,1.208863,2.842857,1.314284,-0.289745,-3.551793,0.1515958,0.1325417,-0.01966244,0.9793186,17.58578,15.4308,0.1006114,0.3483885,-0.07522906,-0.9343261,0,0,0,1.603534,-0.5411927,-2.528407,0.006670535,0.08159795,1.089729,0.9640921,0.001673931,-0.2655625,0.07869707,0.9532642,0.2917089,0.2536395,-0.3021332,0.9189029,moving,15.70464,-12.77294,0.3507192,4.282268,13.419566461369971,-1.8183403878757556
05/11/2023 12:33:53.983724,3189,True,True,True,True,Eyes,1.323947,-0.2882302,-3.549103,0.2638721,-0.2153758,0.9402046,0.0,0.0,0.0,0.0,0.0,0.0,0.0,-2.208511,1.210577,2.84304,1.314239,-0.2898595,-3.551712,0.1520275,0.1322497,-0.02002237,0.9792838,17.641,15.39152,0.05988361,0.3483989,-0.07528806,-0.9343175,0,0,0,1.603505,-0.5443054,-2.528471,0.007392883,0.07975236,1.090424,0.9642183,0.0009960161,-0.2651079,0.07942634,0.9529735,0.2924602,0.2529321,-0.303052,0.9187953,moving,15.67698,-12.90233,0.3884494,4.183099,13.387451731907595,-1.949358326100441
05/11/2023 12:33:53.993487,3190,True,True,True,True,Eyes,1.323962,-0.2884169,-3.548976,0.2633293,-0.2174274,0.9398845,0.0,0.0,0.0,0.0,0.0,0.0,0.0,-2.206854,1.212399,2.843399,1.314127,-0.2900053,-3.551619,0.1524026,0.1319413,-0.02026478,0.9792621,17.68789,15.35206,0.03171298,0.3484093,-0.07534635,-0.9343089,0,0,0,1.603478,-0.547178,-2.52853,0.008206964,0.07801051,1.091064,0.9643616,0.0005273299,-0.2645871,0.07990545,0.9527256,0.2931366,0.2522335,-0.3038316,0.9187298,moving,15.65138,-13.02535,0.4309698,4.089661,13.357621117428822,-2.0739214635521446
05/11/2023 12:33:54.013644,3191,True,True,True,True,Eyes,1.323974,-0.2885982,-3.548852,0.2627717,-0.2194443,0.9395717,0.0,0.0,0.0,0.0,0.0,0.0,0.0,-2.204834,1.215075,2.843713,1.31407,-0.2901567,-3.55154,0.1529087,0.131564,-0.02051274,0.9792288,17.7499,15.30485,0.003683056,0.34842,-0.07540392,-0.9343003,0,0,0,1.603448,-0.550388,-2.528596,0.009109646,0.07623971,1.091778,0.9645403,6.122242e-05,-0.2639357,0.0804079,0.9523963,0.2940677,0.2513894,-0.3048626,0.9186197,moving,15.62481,-13.14622,0.4780571,3.994525,13.326884688799035,-2.196317082443981
05/11/2023 12:33:54.033511,3192,True,True,True,True,Eyes,1.323995,-0.2887756,-3.548735,0.2622124,-0.2213417,0.939283,0.0,0.0,0.0,0.0,0.0,0.0,0.0,-2.202845,1.2177,2.84403,1.314042,-0.2901903,-3.551466,0.1534784,0.1311622,-0.02086103,0.9791862,17.82076,15.25314,359.9643,0.3484308,-0.0754607,-0.9342917,0,0,0,1.603419,-0.5534141,-2.528658,0.01005271,0.07470481,1.092465,0.9647226,-0.0005925174,-0.2632679,0.08111481,0.9520184,0.2950956,0.250461,-0.3060403,0.9184817,moving,15.59773,-13.25982,0.5272131,3.911904,13.295874355442823,-2.311364995425585
05/11/2023 12:33:54.043504,3193,True,True,True,True,Eyes,1.324012,-0.2889505,-3.548618,0.2616393,-0.2231951,0.9390041,0.0,0.0,0.0,0.0,0.0,0.0,0.0,-2.200446,1.220457,2.844622,1.313974,-0.2902868,-3.551416,0.1539538,0.1307421,-0.02102912,0.9791643,17.87798,15.20201,359.9443,0.3484419,-0.07551665,-0.934283,0,0,0,1.603393,-0.5562661,-2.528717,0.01104397,0.07314634,1.093138,0.9649285,-0.0009254162,-0.262511,0.08143841,0.951712,0.2959934,0.249561,-0.3069909,0.9184095,moving,15.56969,-13.37071,0.5788392,3.828189,13.263986733175095,-2.4236790756404663
05/11/2023 12:33:54.063907,3194,True,True,True,True,Eyes,1.324024,-0.28912,-3.548504,0.2611277,-0.2250042,0.9387148,0.0,0.0,0.0,0.0,0.0,0.0,0.0,-2.197783,1.223122,2.845385,1.313889,-0.2903929,-3.551318,0.1543612,0.1303059,-0.02110522,0.9791567,17.92597,15.15026,359.9336,0.3484532,-0.07557179,-0.9342743,0,0,0,1.603364,-0.5592533,-2.528778,0.01208973,0.07127801,1.093821,0.9651499,-0.001102295,-0.2616953,0.08155898,0.9514544,0.2967874,0.248664,-0.3077879,0.918386,moving,15.54528,-13.47915,0.6332502,3.728365,13.235834832569825,-2.533491619789798
05/11/2023 12:33:54.083875,3195,True,True,True,True,Eyes,1.324033,-0.2892839,-3.548389,0.2605937,-0.2267655,0.9384392,0.0,0.0,0.0,0.0,0.0,0.0,0.0,-2.195072,1.225408,2.846384,1.313807,-0.2904358,-3.551256,0.1547579,0.129839,-0.02126157,0.9791526,17.97393,15.0933,359.9127,0.3484645,-0.07562606,-0.9342657,0,0,0,1.603337,-0.5621924,-2.528839,0.01320705,0.06940882,1.094543,0.9653795,-0.001449435,-0.2608452,0.08182385,0.9511959,0.2975419,0.2476836,-0.3085842,0.9183837,moving,15.51936,-13.58461,0.6913125,3.628468,13.206260757640964,-2.640300986108267
05/11/2023 12:33:54.093823,3196,True,True,True,True,Eyes,1.324034,-0.2894468,-3.548273,0.2601067,-0.2284628,0.9381627,0.0,0.0,0.0,0.0,0.0,0.0,0.0,-2.192138,1.226966,2.847795,1.313745,-0.2904544,-3.551135,0.1550579,0.1293259,-0.02144998,0.9791689,18.01126,15.02969,359.8855,0.3484757,-0.0756794,-0.9342571,0,0,0,1.603306,-0.5654604,-2.528906,0.01443806,0.06698188,1.095323,0.9656295,-0.001900336,-0.2599157,0.08211231,0.9509939,0.2981076,0.2466117,-0.3092038,0.9184637,moving,15.4961,-13.68636,0.7552041,3.499431,13.179487257669424,-2.7433412269140565
05/11/2023 12:33:54.120273,3197,True,True,True,True,Eyes,1.324031,-0.2896047,-3.548158,0.2595938,-0.2301219,0.9378992,0.0,0.0,0.0,0.0,0.0,0.0,0.0,-2.189381,1.228521,2.8491,1.313652,-0.2905959,-3.551041,0.1553199,0.1288547,-0.02159997,0.9791864,18.0436,14.97162,359.863,0.3484867,-0.07573188,-0.9342488,0,0,0,1.603279,-0.5683524,-2.528965,0.0155957,0.06494814,1.095997,0.9658598,-0.002273397,-0.2590553,0.08232818,0.9508184,0.2986076,0.2456357,-0.3097407,0.9185444,moving,15.47114,-13.78569,0.8152463,3.391347,13.151081819717746,-2.843945804250291
05/11/2023 12:33:54.133690,3198,True,True,True,True,Eyes,1.32401,-0.28976,-3.548042,0.2591485,-0.2317449,0.9376227,0.0,0.0,0.0,0.0,0.0,0.0,0.0,-2.186298,1.230349,2.850531,1.313544,-0.2906672,-3.550958,0.1556675,0.1283153,-0.02182104,0.979197,18.08685,14.90444,359.8321,0.3484974,-0.07578348,-0.9342406,0,0,0,1.60325,-0.5714042,-2.529028,0.01692724,0.06291115,1.096741,0.966118,-0.002785168,-0.2580855,0.08268324,0.950583,0.2992583,0.2444982,-0.3104582,0.9186056,moving,15.45021,-13.88311,0.8842406,3.282999,13.126797058186382,-2.942592202916561
05/11/2023 12:33:54.143951,3199,True,True,True,True,Eyes,1.323984,-0.2899157,-3.547925,0.2586683,-0.2333327,0.9373615,0.0,0.0,0.0,0.0,0.0,0.0,0.0,-2.182633,1.232686,2.852215,1.313439,-0.2907562,-3.550898,0.1560183,0.1277084,-0.02192402,0.9792182,18.12865,14.83131,359.8139,0.3485075,-0.0758342,-0.9342328,0,0,0,1.603221,-0.5745302,-2.529092,0.01837438,0.06079662,1.097522,0.9664199,-0.003087119,-0.2569498,0.08278646,0.9503553,0.2999521,0.2432676,-0.3111517,0.9186978,moving,15.42704,-13.97826,0.9591393,3.170628,13.100331699734838,-3.0389582120225977
05/11/2023 12:33:54.163563,3200,True,True,True,True,Eyes,1.323936,-0.2900753,-3.547809,0.258235,-0.2349179,0.937085,0.0,0.0,0.0,0.0,0.0,0.0,0.0,-2.17876,1.235079,2.853958,1.313295,-0.2908709,-3.550794,0.1563976,0.1270639,-0.02207385,0.9792382,18.17441,14.75291,359.7898,0.3485168,-0.07588416,-0.9342253,0,0,0,1.603194,-0.5773242,-2.52915,0.0199621,0.05909374,1.098164,0.9667351,-0.003486148,-0.2557561,0.08297608,0.9501051,0.3006915,0.241947,-0.3119106,0.9187891,moving,15.40675,-14.07345,1.041391,3.080196,13.07676483763903,-3.1353454649096744
05/11/2023 12:33:54.183173,3201,True,True,True,True,Eyes,1.323888,-0.2902363,-3.547697,0.2577506,-0.2365108,0.9368176,0.0,0.0,0.0,0.0,0.0,0.0,0.0,-2.17449,1.238598,2.855556,1.31304,-0.2911203,-3.550761,0.1569519,0.1263582,-0.02227354,0.9792362,18.24101,14.66702,359.7612,0.348525,-0.07593357,-0.9342182,0,0,0,1.603166,-0.5803447,-2.529212,0.02177361,0.05773535,1.098899,0.967075,-0.003957786,-0.2544609,0.08328645,0.94974,0.3017571,0.2404774,-0.3130149,0.9187994,moving,15.3834,-14.16893,1.135111,3.007513,13.050107364654863,-3.23204635575129
05/11/2023 12:33:54.193891,3202,True,True,True,True,Eyes,1.323844,-0.290396,-3.547588,0.2572649,-0.2380851,0.9365523,0.0,0.0,0.0,0.0,0.0,0.0,0.0,-2.169487,1.244582,2.856735,1.312987,-0.2912962,-3.550747,0.1578546,0.1255224,-0.02239701,0.9791959,18.34656,14.56846,359.7444,0.3485321,-0.07598249,-0.9342116,0,0,0,1.603139,-0.5832232,-2.529271,0.02362904,0.05717653,1.099543,0.9674851,-0.004233552,-0.2528929,0.0834907,0.9491605,0.3035185,0.238751,-0.3147638,0.9186521,moving,15.35992,-14.26328,1.231089,2.976714,13.023356239714744,-3.3276055067448382
05/11/2023 12:33:54.213375,3203,True,True,True,True,Eyes,1.323797,-0.2905541,-3.547475,0.2567238,-0.239658,0.9362996,0.0,0.0,0.0,0.0,0.0,0.0,0.0,-2.164627,1.25043,2.857703,1.312835,-0.2914117,-3.550661,0.1588423,0.1246859,-0.02269176,0.9791362,18.46439,14.46691,359.7085,0.3485382,-0.07603093,-0.9342054,0,0,0,1.60311,-0.5862482,-2.529333,0.02563435,0.05665326,1.100196,0.967877,-0.004825847,-0.2513778,0.08404746,0.9485084,0.3053978,0.2369602,-0.3167152,0.9184451,moving,15.33309,-14.35734,1.334739,2.947773,12.993241624255871,-3.422893758617356
05/11/2023 12:33:54.233875,3204,True,True,True,True,Eyes,1.323759,-0.2907131,-3.547367,0.2561914,-0.2412215,0.9360439,0.0,0.0,0.0,0.0,0.0,0.0,0.0,-2.159375,1.254907,2.859436,1.31273,-0.2915141,-3.550468,0.159603,0.1237838,-0.02297233,0.9791204,18.55582,14.35658,359.6692,0.3485436,-0.07607891,-0.9341995,0,0,0,1.603081,-0.5893561,-2.529397,0.02778286,0.05550006,1.100795,0.9682996,-0.005472806,-0.2497314,0.08449789,0.9479983,0.3068539,0.2350656,-0.3182283,0.9184089,moving,15.30676,-14.45088,1.445776,2.886305,12.963647586965864,-3.5176528754481584
05/11/2023 12:33:54.243352,3205,True,True,True,True,Eyes,1.323721,-0.2908738,-3.547263,0.2555988,-0.2428019,0.9357973,0.0,0.0,0.0,0.0,0.0,0.0,0.0,-2.154299,1.258969,2.861305,1.312566,-0.291687,-3.550375,0.1603305,0.1228933,-0.02334004,0.9791051,18.64463,14.24572,359.6192,0.3485484,-0.07612649,-0.9341938,0,0,0,1.603053,-0.5923447,-2.529459,0.02996424,0.05452192,1.101443,0.9687049,-0.006297638,-0.248135,0.08511175,0.9474988,0.3082241,0.2331665,-0.3196974,0.9183828,moving,15.27685,-14.54523,1.55832,2.833853,12.93042222301674,-3.6132548986257067
05/11/2023 12:33:54.263520,3206,True,True,True,True,Eyes,1.323678,-0.2910341,-3.547159,0.2550863,-0.2444557,0.9355065,0.0,0.0,0.0,0.0,0.0,0.0,0.0,-2.149433,1.263615,2.862924,1.312549,-0.2918589,-3.550374,0.1612773,0.1219495,-0.02395123,0.9790529,18.76211,14.12461,359.5423,0.3485526,-0.07617374,-0.9341884,0,0,0,1.603024,-0.5953792,-2.529521,0.03214261,0.0540857,1.102126,0.9691093,-0.007563681,-0.2465155,0.08623438,0.9468319,0.3099562,0.2310644,-0.3216396,0.918236,moving,15.25216,-14.64441,1.670511,2.809477,12.902293586379532,-3.7137060022842956
05/11/2023 12:33:54.283483,3207,True,True,True,True,Eyes,1.323631,-0.2911915,-3.54705,0.2545233,-0.2461071,0.9352268,0.0,0.0,0.0,0.0,0.0,0.0,0.0,-2.144896,1.268773,2.863889,1.312418,-0.2919877,-3.550285,0.1623297,0.1210781,-0.02457559,0.9789715,18.89188,14.0122,359.4666,0.3485561,-0.07622068,-0.9341833,0,0,0,1.602997,-0.5983373,-2.529582,0.03429064,0.05390805,1.102742,0.9694723,-0.008808481,-0.2450427,0.08742675,0.9460903,0.3118811,0.2290853,-0.3237834,0.9179783,moving,15.2244,-14.74327,1.781084,2.798703,12.871084374387868,-3.813854005225739
05/11/2023 12:33:54.293989,3208,True,True,True,True,Eyes,1.323573,-0.2913429,-3.546934,0.2540318,-0.2477437,0.9349283,0.0,0.0,0.0,0.0,0.0,0.0,0.0,-2.139746,1.273717,2.865223,1.312282,-0.2920573,-3.550069,0.1631312,0.120218,-0.02478225,0.9789392,18.98675,13.90802,359.4366,0.348559,-0.07626729,-0.9341784,0,0,0,1.602968,-0.6013765,-2.529644,0.0363723,0.05286369,1.103324,0.9698669,-0.009298047,-0.2434576,0.08774322,0.9455481,0.3134324,0.2272866,-0.3253495,0.9178717,moving,15.20099,-14.84152,1.888134,2.74312,12.844275195143053,-3.9133561990876835
05/11/2023 12:33:54.313379,3209,True,True,True,True,Eyes,1.323516,-0.2914869,-3.546814,0.2535102,-0.2493453,0.934644,0.0,0.0,0.0,0.0,0.0,0.0,0.0,-2.135591,1.275599,2.867169,1.312179,-0.2920516,-3.549852,0.1636057,0.1194485,-0.02524104,0.9789425,19.04745,13.80835,359.3736,0.3485612,-0.07631347,-0.9341738,0,0,0,1.602939,-0.6043988,-2.529706,0.03831701,0.05112809,1.103955,0.9701899,-0.01033412,-0.2421256,0.08850396,0.9451921,0.3142912,0.2256072,-0.3263512,0.9179304,moving,15.17562,-14.93754,1.987872,2.651676,12.81556602708754,-4.010616582734727
05/11/2023 12:33:54.323368,3210,True,True,True,True,Eyes,1.323464,-0.2916268,-3.54669,0.2530782,-0.2508214,0.9343661,0.0,0.0,0.0,0.0,0.0,0.0,0.0,-2.132652,1.276622,2.868604,1.312142,-0.2920069,-3.54963,0.1639514,0.1188769,-0.025661,0.9789432,19.09281,13.73268,359.3172,0.3485627,-0.07635906,-0.9341695,0,0,0,1.60291,-0.6074906,-2.52977,0.03976895,0.04898611,1.104631,0.9704196,-0.01126123,-0.2411619,0.08922143,0.9449229,0.3148973,0.2243332,-0.3270993,0.9179764,moving,15.15525,-15.02624,2.061874,2.539183,12.792132511523768,-4.100441964594966
05/11/2023 12:33:54.343525,3211,True,True,True,True,Eyes,1.323409,-0.2917675,-3.546575,0.252631,-0.2522485,0.9341029,0.0,0.0,0.0,0.0,0.0,0.0,0.0,-2.129713,1.276165,2.870651,1.312057,-0.2920464,-3.549384,0.1639207,0.1183752,-0.02583547,0.9790044,19.09133,13.66868,359.2859,0.3485639,-0.07640404,-0.9341654,0,0,0,1.602882,-0.6104753,-2.529831,0.0410894,0.04610434,1.105283,0.9706396,-0.01177779,-0.2402497,0.0893944,0.9449251,0.3148417,0.2233098,-0.3270748,0.9182346,moving,15.13377,-15.1119,2.129017,2.388578,12.767681551149842,-4.187200832236066
05/11/2023 12:33:54.363575,3212,True,True,True,True,Eyes,1.323353,-0.2919076,-3.54646,0.2522923,-0.2535496,0.9338422,0.0,0.0,0.0,0.0,0.0,0.0,0.0,-2.127632,1.276589,2.872097,1.311963,-0.2922013,-3.549479,0.1640293,0.1179931,-0.02604529,0.979027,19.10647,13.61896,359.2548,0.3485645,-0.07644845,-0.9341615,0,0,0,1.602856,-0.6132978,-2.529889,0.04206939,0.04391629,1.106159,0.9707986,-0.01228942,-0.2395813,0.08970676,0.944832,0.3150319,0.2224925,-0.3273246,0.918344,moving,15.11843,-15.1903,2.178021,2.27354,12.749652109100074,-4.266577766490556
05/11/2023 12:33:54.383481,3213,True,True,True,True,Eyes,1.323292,-0.2920489,-3.546345,0.2519559,-0.254801,0.9335923,0.0,0.0,0.0,0.0,0.0,0.0,0.0,-2.125889,1.278571,2.872326,1.311855,-0.2923324,-3.549364,0.1642513,0.1177549,-0.02595383,0.9790208,19.13064,13.59294,359.264,0.3485647,-0.07649235,-0.9341579,0,0,0,1.602827,-0.6163015,-2.529951,0.04270668,0.04161328,1.106918,0.9709204,-0.01213591,-0.2390948,0.08950146,0.9446958,0.3154984,0.2220431,-0.3277232,0.9183106,moving,15.10305,-15.26568,2.209468,2.152953,12.731681924782977,-4.342901275400575
05/11/2023 12:33:54.393732,3214,True,True,True,True,Eyes,1.323226,-0.2921914,-3.546232,0.251744,-0.2560543,0.9333066,0.0,0.0,0.0,0.0,0.0,0.0,0.0,-2.123886,1.280848,2.872592,1.311671,-0.2925066,-3.549254,0.1643439,0.1175667,-0.02554686,0.9790385,19.1356,13.57868,359.3098,0.3485644,-0.07653581,-0.9341545,0,0,0,1.602798,-0.619455,-2.530016,0.04322742,0.03881884,1.107755,0.9710509,-0.01137998,-0.2386016,0.08866546,0.9446768,0.3157912,0.2218077,-0.327805,0.9183383,moving,15.09534,-15.34171,2.234693,2.006983,12.72141308814044,-4.419830895995119
05/11/2023 12:33:54.413363,3215,True,True,True,True,Eyes,1.323164,-0.292329,-3.546124,0.2515393,-0.2572877,0.9330225,0.0,0.0,0.0,0.0,0.0,0.0,0.0,-2.122602,1.285364,2.87146,1.31157,-0.2926864,-3.549225,0.1648193,0.1174737,-0.02517115,0.9789796,19.18525,13.57683,359.3593,0.3485634,-0.07657892,-0.9341513,0,0,0,1.60277,-0.6224506,-2.530077,0.04340628,0.03705928,1.108578,0.9711327,-0.0105602,-0.2383061,0.08800797,0.944402,0.3167956,0.2217114,-0.3286234,0.918069,moving,15.08801,-15.41658,2.242266,1.91466,12.711565097128034,-4.495585041614792
05/11/2023 12:33:54.433742,3216,True,True,True,True,Eyes,1.323089,-0.2924585,-3.546014,0.2515098,-0.2585465,0.9326824,0.0,0.0,0.0,0.0,0.0,0.0,0.0,-2.12153,1.289936,2.870193,1.31161,-0.2927088,-3.549201,0.1652826,0.1174177,-0.02470278,0.9789202,19.23224,13.58127,359.4205,0.3485619,-0.07662158,-0.9341484,0,0,0,1.602741,-0.6254877,-2.53014,0.04333724,0.03504258,1.10945,0.9712058,-0.009549909,-0.2380509,0.08717827,0.9441429,0.3177958,0.2217192,-0.3293979,0.9177896,moving,15.09157,-15.49377,2.236946,1.809118,12.712605567958773,-4.573612460521126
05/11/2023 12:33:54.443780,3217,True,True,True,True,Eyes,1.323012,-0.2925839,-3.545907,0.2514962,-0.2597552,0.9323503,0.0,0.0,0.0,0.0,0.0,0.0,0.0,-2.121181,1.292461,2.869217,1.311565,-0.2926533,-3.549145,0.1655081,0.1174632,-0.02435187,0.9788855,19.25347,13.59468,359.4663,0.3485596,-0.07666361,-0.9341457,0,0,0,1.602712,-0.6285254,-2.530202,0.04318586,0.03246379,1.110361,0.9712188,-0.008793164,-0.2380268,0.0865576,0.9440281,0.318306,0.2219051,-0.3297478,0.9176189,moving,15.09592,-15.56797,2.227313,1.674688,12.714540018263014,-4.648611254726662
05/11/2023 12:33:54.463571,3218,True,True,True,True,Eyes,1.322934,-0.2927102,-3.545805,0.2515809,-0.2609913,0.9319822,0.0,0.0,0.0,0.0,0.0,0.0,0.0,-2.121903,1.293069,2.868301,1.311446,-0.2926813,-3.549098,0.165538,0.1176417,-0.02419813,0.9788626,19.25489,13.61937,359.4887,0.3485567,-0.07670499,-0.9341434,0,0,0,1.602685,-0.6313802,-2.530261,0.04287945,0.02978241,1.111234,0.9711498,-0.008424962,-0.2383215,0.08632162,0.9440233,0.3183844,0.2222987,-0.3297713,0.9175152,moving,15.10646,-15.64432,2.20979,1.535229,12.722636196812672,-4.725742763012981
05/11/2023 12:33:54.483210,3219,True,True,True,True,Eyes,1.322858,-0.2928334,-3.545711,0.2516713,-0.2622097,0.9316157,0.0,0.0,0.0,0.0,0.0,0.0,0.0,-2.122594,1.295093,2.866892,1.31138,-0.2928345,-3.549123,0.1657763,0.1178027,-0.02405542,0.9788066,19.28051,13.64263,359.5124,0.3485531,-0.07674579,-0.9341415,0,0,0,1.602656,-0.6344754,-2.530325,0.0425269,0.0274775,1.112181,0.9710878,-0.008033448,-0.2385876,0.08614897,0.9438791,0.3188581,0.2226364,-0.3301933,0.9172816,moving,15.11732,-15.71963,2.189775,1.41526,12.731088853235654,-4.801820535132688
05/11/2023 12:33:54.493778,3220,True,True,True,True,Eyes,1.322776,-0.2929542,-3.545623,0.2518223,-0.2634346,0.9312291,0.0,0.0,0.0,0.0,0.0,0.0,0.0,-2.123614,1.297253,2.865277,1.311335,-0.2928769,-3.549231,0.1661761,0.1179513,-0.02414514,0.9787186,19.32798,13.66048,359.5105,0.3485487,-0.07678597,-0.9341397,0,0,0,1.602656,-0.6344754,-2.530325,0.042206,0.02848053,1.112266,0.971009,-0.008061228,-0.2389069,0.08646399,0.943605,0.3195835,0.2228575,-0.3309753,0.916946,static,15.13196,-15.79563,2.173101,1.466788,12.743324775447727,-4.878570801860366
05/11/2023 12:33:54.513360,3221,True,True,True,True,Eyes,1.322698,-0.2930696,-3.545542,0.2519608,-0.2646387,0.9308502,0.0,0.0,0.0,0.0,0.0,0.0,0.0,-2.124053,1.300339,2.863578,1.311222,-0.2929338,-3.549288,0.1667271,0.1180122,-0.02425906,0.9786147,19.39318,13.66794,359.5062,0.3485436,-0.07682551,-0.9341384,0,0,0,1.602656,-0.6344754,-2.530325,0.04215004,0.02983153,1.112297,0.9709693,-0.008128894,-0.2390661,0.08683218,0.9432272,0.3205974,0.2228876,-0.3320488,0.9165504,static,15.14578,-15.87033,2.170162,1.536291,12.754777901285909,-4.95401203275995
05/11/2023 12:33:54.533199,3222,True,True,True,True,Eyes,1.322603,-0.2931794,-3.545462,0.2521272,-0.2658116,0.9304709,0.0,0.0,0.0,0.0,0.0,0.0,0.0,-2.123908,1.302185,2.862946,1.311208,-0.2929126,-3.549375,0.1670775,0.11796,-0.02437261,0.9785584,19.43517,13.66088,359.4967,0.3485377,-0.07686434,-0.9341373,0,0,0,1.602656,-0.6344754,-2.530325,0.04226136,0.03066248,1.11236,0.9709828,-0.008283126,-0.2390057,0.08711694,0.9429821,0.3212402,0.2227172,-0.3327401,0.9163411,static,15.16122,-15.94327,2.175764,1.578972,12.767920178827252,-5.027662827170133
05/11/2023 12:33:54.543657,3223,True,True,True,True,Eyes,1.322511,-0.2932763,-3.545384,0.2522809,-0.2669395,0.9301063,0.0,0.0,0.0,0.0,0.0,0.0,0.0,-2.123729,1.302034,2.863145,1.311105,-0.2928888,-3.549413,0.1671043,0.1179193,-0.02447302,0.9785562,19.43964,13.65408,359.4843,0.3485309,-0.07690237,-0.9341367,0,0,0,1.602656,-0.6344754,-2.530325,0.04247053,0.03075653,1.112419,0.9709922,-0.00848678,-0.2389605,0.0873061,0.9429544,0.3212702,0.2226023,-0.3328136,0.9163424,static,15.17571,-16.01342,2.186407,1.58373,12.780197872892103,-5.098498829633829
05/11/2023 12:33:54.563505,3224,True,True,True,True,Eyes,1.3224,-0.2933705,-3.545299,0.2524702,-0.267987,0.9297536,0.0,0.0,0.0,0.0,0.0,0.0,0.0,-2.123082,1.302411,2.863398,1.311091,-0.2926759,-3.549391,0.1671464,0.1178373,-0.02439789,0.9785609,19.44342,13.64587,359.4922,0.3485232,-0.07693936,-0.9341366,0,0,0,1.602656,-0.6344754,-2.530325,0.04264696,0.03061661,1.112465,0.9710382,-0.008357484,-0.2387779,0.08714178,0.9429337,0.3213758,0.2224658,-0.3328757,0.916353,static,15.19206,-16.07881,2.195391,1.576464,12.794505243660787,-5.164509326482861
05/11/2023 12:33:54.583329,3225,True,True,True,True,Eyes,1.322292,-0.2934684,-3.545235,0.2526245,-0.2689654,0.9294292,0.0,0.0,0.0,0.0,0.0,0.0,0.0,-2.122742,1.2996,2.86479,1.311058,-0.292719,-3.54929,0.1666157,0.1178242,-0.02425753,0.9786564,19.38021,13.64481,359.5009,0.3485144,-0.07697535,-0.9341369,0,0,0,1.602656,-0.6344754,-2.530325,0.04273781,0.02939379,1.112397,0.9710581,-0.008216848,-0.2387021,0.08674227,0.9433016,0.3204027,0.2225354,-0.3318353,0.9167134,static,15.20598,-16.1398,2.200198,1.513622,12.806510910673634,-5.226086937668629
05/11/2023 12:33:54.593573,3226,True,True,True,True,Eyes,1.322184,-0.2935668,-3.545171,0.2527971,-0.269942,0.929099,0.0,0.0,0.0,0.0,0.0,0.0,0.0,-2.120773,1.297687,2.867671,1.311019,-0.2929054,-3.549738,0.1662559,0.1174703,-0.02432969,0.9787584,19.33948,13.59915,359.4799,0.3485044,-0.0770105,-0.9341378,0,0,0,1.602656,-0.6344754,-2.530325,0.04350804,0.02893791,1.112743,0.9712176,-0.008565504,-0.2380401,0.08668604,0.9435341,0.3197327,0.2218602,-0.3311647,0.9171194,static,15.22104,-16.20078,2.239113,1.489694,12.819664750573713,-5.287646836313147
05/11/2023 12:33:54.613420,3227,True,True,True,True,Eyes,1.322078,-0.2936615,-3.545114,0.2529393,-0.2708804,0.9287871,0.0,0.0,0.0,0.0,0.0,0.0,0.0,-2.121435,1.297415,2.867244,1.311002,-0.2930137,-3.549687,0.166417,0.117481,-0.02472258,0.9787198,19.36349,13.59327,359.4357,0.3484935,-0.07704492,-0.9341391,0,0,0,1.602656,-0.6344754,-2.530325,0.04361762,0.02952427,1.112647,0.9711741,-0.009291292,-0.2381905,0.08749462,0.9433884,0.3199422,0.2217335,-0.33156,0.9170072,static,15.23409,-16.25931,2.244941,1.519996,12.830875508402071,-5.346742803731576
05/11/2023 12:33:54.633799,3228,True,True,True,True,Eyes,1.321972,-0.293748,-3.545061,0.2530898,-0.2718263,0.9284698,0.0,0.0,0.0,0.0,0.0,0.0,0.0,-2.119494,1.297953,2.868577,1.310951,-0.2930186,-3.549819,0.1664392,0.1171768,-0.02468767,0.9787533,19.3654,13.55738,359.4339,0.3484816,-0.07707856,-0.9341407,0,0,0,1.602656,-0.6344754,-2.530325,0.04429774,0.02961141,1.112751,0.9713202,-0.00932067,-0.2375923,0.08733189,0.9433771,0.3200201,0.2211563,-0.3315914,0.9171352,static,15.2477,-16.31835,2.279696,1.524338,12.842633310541219,-5.406350727052448
05/11/2023 12:33:54.643230,3229,True,True,True,True,Eyes,1.321871,-0.2938299,-3.545012,0.2532178,-0.2727247,0.9281713,0.0,0.0,0.0,0.0,0.0,0.0,0.0,-2.118726,1.297263,2.869453,1.310884,-0.2929066,-3.549851,0.1663734,0.1170388,-0.02477204,0.978779,19.35887,13.53878,359.4201,0.3484688,-0.07711128,-0.9341428,0,0,0,1.602656,-0.6344754,-2.530325,0.04469465,0.02940461,1.112822,0.9713766,-0.009548435,-0.237353,0.08743697,0.9434125,0.3198869,0.2208674,-0.331484,0.9172437,static,15.25973,-16.37438,2.299954,1.513601,12.852899445487923,-5.46292560457999
05/11/2023 12:33:54.663287,3230,True,True,True,True,Eyes,1.321754,-0.2939077,-3.54496,0.2533695,-0.2735739,0.92788,0.0,0.0,0.0,0.0,0.0,0.0,0.0,-2.117424,1.29676,2.870746,1.310933,-0.2928793,-3.54992,0.166255,0.1168218,-0.02474778,0.9788255,19.34476,13.51261,359.4168,0.3484553,-0.07714304,-0.9341452,0,0,0,1.602656,-0.6344754,-2.530325,0.0451158,0.0291228,1.112871,0.9714805,-0.009603092,-0.2369252,0.08729195,0.9434936,0.3196872,0.2204674,-0.3312515,0.9174238,static,15.27301,-16.4275,2.321501,1.499036,12.86452008811762,-5.5165496828498775
05/11/2023 12:33:54.683216,3231,True,True,True,True,Eyes,1.321643,-0.2939814,-3.544915,0.25351,-0.2743647,0.9276081,0.0,0.0,0.0,0.0,0.0,0.0,0.0,-2.116395,1.294273,2.872665,1.310961,-0.292866,-3.549942,0.16578,0.1166754,-0.02463575,0.9789265,19.2883,13.49521,359.4204,0.3484409,-0.07717384,-0.9341481,0,0,0,1.602656,-0.6344754,-2.530325,0.04541795,0.02801424,1.112904,0.9715599,-0.009548306,-0.2366014,0.08691805,0.9438202,0.318824,0.220265,-0.3303216,0.9178077,static,15.28535,-16.47698,2.336962,1.441957,12.875314230308858,-5.566499419637555
05/11/2023 12:33:54.703241,3232,True,True,True,True,Eyes,1.321526,-0.2940579,-3.544874,0.2536781,-0.2751259,0.9273366,0.0,0.0,0.0,0.0,0.0,0.0,0.0,-2.11655,1.291348,2.874035,1.310974,-0.2928415,-3.550074,0.1654304,0.1166322,-0.02486358,0.978985,19.25103,13.48403,359.3875,0.3484256,-0.07720366,-0.9341513,0,0,0,1.602656,-0.6344754,-2.530325,0.0455732,0.02733362,1.11304,0.9715575,-0.01009311,-0.2365888,0.08727118,0.9440292,0.318108,0.220136,-0.3297075,0.9180594,static,15.29928,-16.52478,2.344655,1.406766,12.887764681166335,-5.614739812466091
05/11/2023 12:33:54.713249,3233,True,True,True,True,Eyes,1.321417,-0.2941294,-3.544837,0.2538317,-0.2758541,0.9270782,0.0,0.0,0.0,0.0,0.0,0.0,0.0,-2.11667,1.290666,2.874398,1.310971,-0.2929751,-3.550183,0.1653751,0.1166091,-0.0250121,0.9789934,19.24665,13.47807,359.3685,0.3484095,-0.07723266,-0.9341549,0,0,0,1.602656,-0.6344754,-2.530325,0.04565173,0.02742398,1.113093,0.9715534,-0.01040488,-0.2365918,0.08754183,0.9440509,0.3179689,0.2200463,-0.3296355,0.9181069,static,15.31217,-16.57049,2.348578,1.411347,12.89923685879061,-5.660873822839871
05/11/2023 12:33:54.723314,3234,True,True,True,True,Eyes,1.321315,-0.2941964,-3.544804,0.2539965,-0.2765607,0.9268225,0.0,0.0,0.0,0.0,0.0,0.0,0.0,-2.116787,1.28934,2.875021,1.311066,-0.2929259,-3.550244,0.1653039,0.1165432,-0.02527101,0.9790065,19.24192,13.46469,359.3354,0.3483927,-0.07726078,-0.9341589,0,0,0,1.602656,-0.6344754,-2.530325,0.04577735,0.02732232,1.113136,0.9715582,-0.01095089,-0.2365479,0.08801104,0.944072,0.3177768,0.2198383,-0.3295575,0.9181847,static,15.32568,-16.61492,2.354942,1.406063,12.911375488218862,-5.705709419276079
05/11/2023 12:33:54.743186,3235,True,True,True,True,Eyes,1.32122,-0.2942527,-3.544771,0.2541602,-0.2772055,0.926585,0.0,0.0,0.0,0.0,0.0,0.0,0.0,-2.117426,1.287252,2.875542,1.311056,-0.292876,-3.550297,0.1651261,0.1165769,-0.02553732,0.9790255,19.22505,13.46275,359.3019,0.3483755,-0.07728798,-0.934163,0,0,0,1.602656,-0.6344754,-2.530325,0.04579864,0.02699208,1.113211,0.9715154,-0.01150359,-0.2366973,0.08850317,0.9441624,0.3173712,0.2198298,-0.3292795,0.9182864,static,15.33884,-16.65555,2.35588,1.388982,12.923286949732692,-5.746704955381457
05/11/2023 12:33:54.763153,3236,True,True,True,True,Eyes,1.321138,-0.2943085,-3.544743,0.2546161,-0.2778845,0.9262564,0.0,0.0,0.0,0.0,0.0,0.0,0.0,-2.118345,1.283328,2.876595,1.311121,-0.2926815,-3.550269,0.16466,0.1166599,-0.02575246,0.9790885,19.17424,13.46664,359.2715,0.3483581,-0.07731406,-0.9341674,0,0,0,1.602656,-0.6344754,-2.530325,0.04567096,0.02583113,1.113261,0.9714546,-0.01200941,-0.2369216,0.08884633,0.9444478,0.316425,0.21996,-0.3284421,0.9185551,static,15.37025,-16.69967,2.349214,1.329203,12.953458949813356,-5.7911077446700325
05/11/2023 12:33:54.773437,3237,True,True,True,True,Eyes,1.321064,-0.294366,-3.544718,0.2550735,-0.278515,0.9259411,0.0,0.0,0.0,0.0,0.0,0.0,0.0,-2.11947,1.279323,2.877574,1.311122,-0.2927194,-3.550285,0.1640864,0.1168148,-0.02584915,0.9791638,19.10947,13.48113,359.255,0.3483407,-0.07733911,-0.9341718,0,0,0,1.602656,-0.6344754,-2.530325,0.04540734,0.02462682,1.113301,0.9713723,-0.01228567,-0.2372446,0.08895655,0.9448149,0.3152958,0.2202787,-0.3273741,0.9188599,static,15.40155,-16.74083,2.335583,1.267207,12.983617748544505,-5.832518244719253
05/11/2023 12:33:54.793716,3238,True,True,True,True,Eyes,1.320973,-0.294425,-3.544692,0.2559779,-0.2793514,0.9254394,0.0,0.0,0.0,0.0,0.0,0.0,0.0,-2.12124,1.277302,2.87728,1.311237,-0.2928244,-3.550325,0.163804,0.1170698,-0.02589601,0.9791794,19.07771,13.5098,359.2506,0.3483234,-0.07736327,-0.9341762,0,0,0,1.602656,-0.6344754,-2.530325,0.04475985,0.02411547,1.113313,0.9712481,-0.0123607,-0.2377484,0.08906668,0.9449952,0.3147238,0.2207809,-0.3268503,0.9189258,static,15.46152,-16.79687,2.302291,1.24089,13.042153385652474,-5.888783592674407
05/11/2023 12:33:54.813385,3239,True,True,True,True,Eyes,1.320889,-0.2944776,-3.544666,0.2568627,-0.280162,0.924949,0.0,0.0,0.0,0.0,0.0,0.0,0.0,-2.122729,1.277356,2.876254,1.311229,-0.2929041,-3.5504,0.1638187,0.1173139,-0.02588321,0.9791481,19.07942,13.53951,359.2573,0.348306,-0.07738666,-0.9341807,0,0,0,1.602656,-0.6344754,-2.530325,0.04420191,0.02424362,1.113379,0.971135,-0.01225055,-0.2382157,0.08912341,0.944987,0.3147326,0.2212551,-0.3268785,0.9188018,static,15.52023,-16.85127,2.273488,1.247408,13.099474404839716,-5.94339904536815
05/11/2023 12:33:54.829132,3240,True,True,True,True,Eyes,1.320786,-0.2945307,-3.544637,0.2580597,-0.2811571,0.9243137,0.0,0.0,0.0,0.0,0.0,0.0,0.0,-2.124109,1.277807,2.874999,1.311283,-0.2928058,-3.550358,0.163926,0.1175363,-0.02586752,0.9791039,19.09175,13.56703,359.2652,0.3482886,-0.07740921,-0.9341853,0,0,0,1.602656,-0.6344754,-2.530325,0.04365125,0.02436662,1.113376,0.9710322,-0.01211947,-0.2386412,0.08918848,0.9449183,0.3149204,0.2216798,-0.3270819,0.918627,static,15.59923,-16.91867,2.245201,1.253738,13.17679656811093,-6.0110242459689225
05/11/2023 12:33:54.843493,3241,True,True,True,True,Eyes,1.320693,-0.2945808,-3.544606,0.2592173,-0.2821119,0.9236987,0.0,0.0,0.0,0.0,0.0,0.0,0.0,-2.124957,1.27894,2.873895,1.31125,-0.2928487,-3.55039,0.1640887,0.1176925,-0.02581633,0.9790592,19.10994,13.58749,359.2767,0.3482707,-0.07743102,-0.9341902,0,0,0,1.602656,-0.6344754,-2.530325,0.04329786,0.02476496,1.113405,0.970964,-0.01192743,-0.2389282,0.08917544,0.9448169,0.3152283,0.2219835,-0.3273818,0.9184468,static,15.6757,-16.98348,2.226984,1.274194,13.251656685770813,-6.076047420573573
05/11/2023 12:33:54.863343,3242,True,True,True,True,Eyes,1.320581,-0.2946254,-3.544572,0.2605484,-0.2831611,0.9230029,0.0,0.0,0.0,0.0,0.0,0.0,0.0,-2.125449,1.279506,2.873247,1.311394,-0.2928317,-3.550312,0.1641186,0.1177905,-0.02567046,0.9790463,19.11146,13.6023,359.2965,0.3482527,-0.07745208,-0.9341952,0,0,0,1.602656,-0.6344754,-2.530325,0.04291092,0.02472633,1.113317,0.9709328,-0.01160189,-0.2390708,0.08892835,0.9448123,0.3153119,0.2222188,-0.3274068,0.918381,static,15.76349,-17.05509,2.207276,1.272307,13.337690572206172,-6.147870981682118
05/11/2023 12:33:54.883335,3243,True,True,True,True,Eyes,1.320477,-0.2946687,-3.544538,0.2618226,-0.2841526,0.9223374,0.0,0.0,0.0,0.0,0.0,0.0,0.0,-2.12507,1.27801,2.874212,1.311371,-0.292728,-3.550344,0.1638691,0.1177387,-0.02563749,0.9790951,19.08218,13.59571,359.2957,0.3482341,-0.07747235,-0.9342005,0,0,0,1.602656,-0.6344754,-2.530325,0.04305507,0.02407202,1.113393,0.9709607,-0.01161561,-0.2389571,0.08879054,0.9449793,0.3148498,0.2221524,-0.3269239,0.918569,static,15.84758,-17.12296,2.214533,1.238566,13.420122264934264,-6.215937488046055
05/11/2023 12:33:54.894179,3244,True,True,True,True,Eyes,1.320359,-0.2947139,-3.544503,0.2631455,-0.2852421,0.9216244,0.0,0.0,0.0,0.0,0.0,0.0,0.0,-2.125003,1.276613,2.874904,1.311469,-0.2927429,-3.550324,0.1636666,0.1177006,-0.02568222,0.9791324,19.05939,13.58943,359.2868,0.3482153,-0.07749186,-0.9342058,0,0,0,1.602656,-0.6344754,-2.530325,0.04308249,0.02363527,1.113353,0.970974,-0.01176529,-0.2388955,0.08881989,0.9451073,0.3144569,0.2220823,-0.3265482,0.9187196,static,15.93529,-17.19726,2.216021,1.216144,13.50598694414116,-6.29048159302091
05/11/2023 12:33:54.913586,3245,True,True,True,True,Eyes,1.32025,-0.2947549,-3.544464,0.2644098,-0.2862854,0.9209387,0.0,0.0,0.0,0.0,0.0,0.0,0.0,-2.124423,1.276098,2.87562,1.311452,-0.2928157,-3.550372,0.1636038,0.1175848,-0.02576668,0.9791546,19.05322,13.57357,359.2735,0.3481959,-0.07751077,-0.9342115,0,0,0,1.602656,-0.6344754,-2.530325,0.04337659,0.02361038,1.113368,0.9710198,-0.0119845,-0.2386984,0.08893375,0.9451398,0.3143272,0.2218363,-0.3264463,0.9188152,static,16.01925,-17.26851,2.231103,1.214848,13.588176344667124,-6.36196667447884
05/11/2023 12:33:54.923285,3246,True,True,True,True,Eyes,1.320135,-0.2947982,-3.544425,0.2656666,-0.2873795,0.920236,0.0,0.0,0.0,0.0,0.0,0.0,0.0,-2.124514,1.275135,2.875833,1.311581,-0.2927551,-3.55021,0.163551,0.1175452,-0.02592318,0.9791641,19.04925,13.56552,359.2534,0.3481762,-0.07752901,-0.9342173,0,0,0,1.602656,-0.6344754,-2.530325,0.04343185,0.0234288,1.113207,0.9710222,-0.01231682,-0.2386715,0.08921534,0.9451581,0.3141922,0.2217124,-0.3263808,0.9188684,static,16.10311,-17.34301,2.234267,1.205682,13.670157943924185,-6.436738680685188
05/11/2023 12:33:54.943661,3247,True,True,True,True,Eyes,1.320027,-0.2948408,-3.544388,0.2668708,-0.2884324,0.9195579,0.0,0.0,0.0,0.0,0.0,0.0,0.0,-2.124277,1.274868,2.876198,1.311576,-0.2928312,-3.550264,0.1635305,0.1174846,-0.02600219,0.9791726,19.04793,13.5566,359.2425,0.3481561,-0.07754671,-0.9342234,0,0,0,1.602656,-0.6344754,-2.530325,0.04358399,0.02350047,1.113226,0.9710425,-0.01249664,-0.2385797,0.0893459,0.9451633,0.3141395,0.2215711,-0.3263589,0.9189103,static,16.1836,-17.41478,2.242046,1.209348,13.74883633239998,-6.508772699733278
05/11/2023 12:33:54.963465,3248,True,True,True,True,Eyes,1.319908,-0.2948817,-3.544348,0.2680553,-0.289555,0.9188603,0.0,0.0,0.0,0.0,0.0,0.0,0.0,-2.12424,1.275057,2.87616,1.311578,-0.2929268,-3.550271,0.1635522,0.1174746,-0.02601547,0.9791698,19.05061,13.55523,359.241,0.3481358,-0.0775639,-0.9342295,0,0,0,1.602656,-0.6344754,-2.530325,0.04360346,0.02364594,1.113199,0.9710459,-0.01252064,-0.238565,0.0893736,0.9451477,0.3141785,0.2215455,-0.3264031,0.9189008,static,16.26333,-17.49089,2.243102,1.216861,13.826606454605049,-6.5852002044701266
05/11/2023 12:33:54.973781,3249,True,True,True,True,Eyes,1.319802,-0.2949218,-3.544308,0.2691969,-0.2906315,0.9181865,0.0,0.0,0.0,0.0,0.0,0.0,0.0,-2.124851,1.275817,2.875422,1.311678,-0.2929065,-3.550276,0.1637185,0.1175436,-0.0260748,0.9791323,19.07066,13.56301,359.2378,0.3481151,-0.07758062,-0.9342358,0,0,0,1.602656,-0.6344754,-2.530325,0.04335442,0.02401167,1.113186,0.9710072,-0.01257323,-0.2387193,0.08954947,0.9450327,0.3144743,0.2216436,-0.326734,0.9187595,static,16.34025,-17.56403,2.23033,1.235692,13.901645128784132,-6.658643310721317
05/11/2023 12:33:54.993940,3250,True,True,True,True,Eyes,1.319714,-0.2949626,-3.544272,0.2699191,-0.2916788,0.9176422,0.0,0.0,0.0,0.0,0.0,0.0,0.0,-2.125647,1.275358,2.875062,1.31189,-0.2928568,-3.550221,0.163717,0.1176189,-0.02616426,0.979121,19.07178,13.57031,359.2286,0.3480943,-0.07759686,-0.9342422,0,0,0,1.602656,-0.6344754,-2.530325,0.04302305,0.02395692,1.11311,0.9709625,-0.01272354,-0.2388933,0.08974837,0.9450243,0.3144427,0.2217592,-0.3267523,0.9187251,static,16.39094,-17.63321,2.21345,1.232959,13.950403851465785,-6.728257127172611
05/11/2023 12:33:55.013409,3251,True,True,True,True,Eyes,1.319631,-0.2950029,-3.544237,0.2706203,-0.292678,0.9171174,0.0,0.0,0.0,0.0,0.0,0.0,0.0,-2.126588,1.275273,2.874376,1.311943,-0.2928989,-3.550176,0.1637427,0.1177535,-0.02621236,0.9790993,19.07551,13.58568,359.226,0.3480738,-0.07761268,-0.9342485,0,0,0,1.602656,-0.6344754,-2.530325,0.04269645,0.02405223,1.113052,0.970894,-0.01276645,-0.2391689,0.08989155,0.9450024,0.3144676,0.2220006,-0.3268139,0.9186449,static,16.44012,-17.69935,2.196778,1.237927,13.997742377299401,-6.7948070964146545
05/11/2023 12:33:55.033642,3252,True,True,True,True,Eyes,1.31953,-0.2950411,-3.544197,0.270999,-0.293666,0.9166896,0.0,0.0,0.0,0.0,0.0,0.0,0.0,-2.127584,1.274144,2.874166,1.311961,-0.2929267,-3.550189,0.1636445,0.1178788,-0.0263417,0.9790972,19.06606,13.59784,359.2118,0.3480538,-0.0776281,-0.9342547,0,0,0,1.602656,-0.6344754,-2.530325,0.04244708,0.0239079,1.113063,0.9708214,-0.01300172,-0.2394509,0.09016259,0.9450532,0.3142375,0.2222082,-0.326658,0.9186502,static,16.46914,-17.76312,2.183938,1.230488,14.024860310708185,-6.859095042508947
05/11/2023 12:33:55.043536,3253,True,True,True,True,Eyes,1.319438,-0.2950769,-3.544153,0.2713763,-0.2946235,0.9162706,0.0,0.0,0.0,0.0,0.0,0.0,0.0,-2.129463,1.273836,2.872877,1.311987,-0.292898,-3.550154,0.1637465,0.1181295,-0.02654891,0.9790443,19.08088,13.62435,359.1937,0.3480337,-0.07764313,-0.9342609,0,0,0,1.602656,-0.6344754,-2.530325,0.0419279,0.02416816,1.113047,0.9706812,-0.01329854,-0.2400025,0.0906717,0.9449645,0.3143578,0.2226134,-0.3269026,0.918465,static,16.49796,-17.82501,2.157283,1.243898,14.051838828998866,-6.9214833482520675
05/11/2023 12:33:55.063231,3254,True,True,True,True,Eyes,1.319326,-0.2951109,-3.544104,0.2715142,-0.2955751,0.9159232,0.0,0.0,0.0,0.0,0.0,0.0,0.0,-2.130296,1.275125,2.871571,1.312102,-0.2928773,-3.550019,0.1638958,0.1182938,-0.02639086,0.9790037,19.09607,13.64784,359.218,0.3480138,-0.07765774,-0.9342671,0,0,0,1.602656,-0.6344754,-2.530325,0.04142095,0.02437255,1.112914,0.9706202,-0.01289778,-0.2402708,0.0904492,0.9448833,0.3146655,0.2229694,-0.327153,0.9182895,static,16.51181,-17.88527,2.131478,1.254563,14.063798073691052,-6.982323282060861
05/11/2023 12:33:55.083207,3255,True,True,True,True,Eyes,1.319219,-0.2951482,-3.544057,0.2716513,-0.2964875,0.9155876,0.0,0.0,0.0,0.0,0.0,0.0,0.0,-2.129833,1.274852,2.87202,1.312103,-0.2928595,-3.550008,0.163762,0.1182595,-0.02622942,0.9790345,19.07837,13.64637,359.2345,0.3479937,-0.07767195,-0.9342734,0,0,0,1.602656,-0.6344754,-2.530325,0.04146197,0.02399656,1.112916,0.9706534,-0.01262617,-0.2401511,0.09009185,0.9449881,0.3144536,0.2229696,-0.3268611,0.9183934,static,16.52542,-17.9431,2.133583,1.235214,14.075595754920636,-7.0407077062509416
05/11/2023 12:33:55.093738,3256,True,True,True,True,Eyes,1.319103,-0.2951889,-3.544009,0.2716258,-0.2973518,0.9153149,0.0,0.0,0.0,0.0,0.0,0.0,0.0,-2.131342,1.27282,2.871825,1.312113,-0.292973,-3.550013,0.1636752,0.1183925,-0.02666065,0.9790214,19.07442,13.65356,359.1848,0.3479736,-0.07768589,-0.9342798,0,0,0,1.602656,-0.6344754,-2.530325,0.04129657,0.02406383,1.112888,0.9705449,-0.01344684,-0.240545,0.09095857,0.9449992,0.3141703,0.2230903,-0.326796,0.9183872,static,16.52861,-17.99706,2.125132,1.238706,14.077029292736858,-7.095248431142743
05/11/2023 12:33:55.113205,3257,True,True,True,True,Eyes,1.318994,-0.2952331,-3.543962,0.2715948,-0.2981943,0.91505,0.0,0.0,0.0,0.0,0.0,0.0,0.0,-2.131674,1.271413,2.872221,1.312116,-0.2930898,-3.550019,0.1635389,0.1183964,-0.0268512,0.9790385,19.06132,13.64976,359.1603,0.3479531,-0.07769968,-0.9342862,0,0,0,1.602656,-0.6344754,-2.530325,0.04135449,0.0239388,1.112857,0.9705226,-0.01385188,-0.2406117,0.09130155,0.9450681,0.3138635,0.2230469,-0.3265799,0.9184747,static,16.53134,-18.04963,2.12817,1.232307,14.078045477226626,-7.148386715829968
05/11/2023 12:33:55.133408,3258,True,True,True,True,Eyes,1.318902,-0.2952794,-3.543921,0.2714142,-0.2989987,0.9148411,0.0,0.0,0.0,0.0,0.0,0.0,0.0,-2.131515,1.27214,2.872024,1.312169,-0.2932137,-3.549993,0.1636899,0.1183361,-0.02695758,0.9790176,19.08016,13.64098,359.1486,0.3479325,-0.07771341,-0.9342927,0,0,0,1.602656,-0.6344754,-2.530325,0.04145946,0.02441785,1.112767,0.9705397,-0.01404304,-0.2405315,0.09152472,0.9449577,0.3141305,0.2228808,-0.3268907,0.9184044,static,16.52452,-18.09901,2.133738,1.25706,14.069551092595765,-7.198363086760786
05/11/2023 12:33:55.143765,3259,True,True,True,True,Eyes,1.31882,-0.2953233,-3.54388,0.2712394,-0.2997989,0.914631,0.0,0.0,0.0,0.0,0.0,0.0,0.0,-2.132083,1.274401,2.870603,1.312129,-0.2932939,-3.550005,0.1641954,0.1183647,-0.0272361,0.9789218,19.14236,13.64089,359.1233,0.3479122,-0.07772712,-0.9342992,0,0,0,1.602656,-0.6344754,-2.530325,0.04146725,0.02572706,1.112734,0.970496,-0.01445415,-0.2406836,0.09219389,0.9445962,0.3150213,0.2227955,-0.3279165,0.9180593,static,16.51804,-18.14817,2.134202,1.324476,14.061406297940822,-7.24811473634578
05/11/2023 12:33:55.163494,3260,True,True,True,True,Eyes,1.318766,-0.2953647,-3.543848,0.2709472,-0.3005245,0.9144794,0.0,0.0,0.0,0.0,0.0,0.0,0.0,-2.131629,1.277714,2.869466,1.312272,-0.2932771,-3.549953,0.1646029,0.1183291,-0.02701155,0.9788639,19.18626,13.64261,359.1551,0.3478923,-0.07774076,-0.9343054,0,0,0,1.602656,-0.6344754,-2.530325,0.04131046,0.02651104,1.112641,0.9705372,-0.01392663,-0.2405485,0.0918359,0.9443524,0.3158553,0.2227638,-0.3286403,0.9178082,static,16.50381,-18.19202,2.126317,1.364935,14.045633189138814,-7.292548819260201
05/11/2023 12:33:55.183260,3261,True,True,True,True,Eyes,1.318713,-0.2954052,-3.543824,0.2706624,-0.301227,0.9143326,0.0,0.0,0.0,0.0,0.0,0.0,0.0,-2.130973,1.280031,2.868934,1.312234,-0.2932526,-3.549979,0.1648565,0.1182802,-0.0268089,0.9788327,19.21269,13.64173,359.1818,0.3478734,-0.07775421,-0.9343113,0,0,0,1.602656,-0.6344754,-2.530325,0.04136313,0.02699366,1.11267,0.9705822,-0.01348433,-0.2403924,0.09148139,0.9442073,0.3163919,0.2227139,-0.3290758,0.9176642,static,16.4899,-18.23448,2.128972,1.389738,14.030228093484224,-7.335575261300757
05/11/2023 12:33:55.193817,3262,True,True,True,True,Eyes,1.318691,-0.295447,-3.543808,0.2702995,-0.3018886,0.9142218,0.0,0.0,0.0,0.0,0.0,0.0,0.0,-2.130744,1.280508,2.869081,1.312215,-0.2932687,-3.550138,0.1649329,0.118232,-0.02683923,0.978825,19.22189,13.63561,359.1783,0.3478554,-0.07776747,-0.9343169,0,0,0,1.602656,-0.6344754,-2.530325,0.04145186,0.02724221,1.112806,0.9706017,-0.0135411,-0.2403103,0.09154253,0.9441535,0.3165344,0.2226036,-0.3292274,0.9176366,static,16.47088,-18.27393,2.133273,1.402358,14.009777043902856,-7.375592193910272
05/11/2023 12:33:55.213537,3263,True,True,True,True,Eyes,1.318665,-0.295486,-3.543794,0.2699402,-0.3025097,0.9141226,0.0,0.0,0.0,0.0,0.0,0.0,0.0,-2.130635,1.28002,2.869352,1.312209,-0.2933443,-3.550111,0.1648276,0.1182232,-0.02680985,0.9788444,19.20932,13.63472,359.1801,0.3478387,-0.07778054,-0.9343221,0,0,0,1.602656,-0.6344754,-2.530325,0.04148354,0.02706021,1.112763,0.9706091,-0.01351248,-0.2402822,0.09145823,0.9442262,0.316342,0.2226062,-0.3290202,0.9177103,static,16.45186,-18.31088,2.134984,1.393046,13.98940838913644,-7.413081235753683
05/11/2023 12:33:55.233744,3264,True,True,True,True,Eyes,1.318644,-0.2955232,-3.543783,0.2695538,-0.3031343,0.9140298,1.103195,1.616014,-0.6299393,-2.53543,0.8903793,0.30235,-0.3403076,0.05606847,0.03055418,1.109646,1.312082,-0.2933168,-3.550172,0.1646454,0.1180771,-0.02682108,0.9788924,19.18833,13.61619,359.1732,0.3478232,-0.07779337,-0.9343268,0,0,0,1.602656,-0.6344754,-2.530325,0.04193872,0.02666301,1.112853,0.9706768,-0.01362816,-0.2400016,0.09139163,0.944345,0.3160065,0.2223377,-0.3286743,0.9178994,static,16.43116,-18.34789,2.158214,1.372495,13.967346198335344,-7.450642148417021
05/11/2023 12:33:55.243724,3265,True,True,True,True,Eyes,1.31863,-0.2955569,-3.543774,0.2691697,-0.3037274,0.913946,1.100918,1.614964,-0.629936,-2.537594,0.8206424,0.3026894,-0.4846909,0.0560364,0.02967191,1.107442,1.312022,-0.2933113,-3.550193,0.1645743,0.1179083,-0.02694093,0.9789215,19.18163,13.59319,359.1545,0.3478089,-0.07780593,-0.9343311,0,0,0,1.602656,-0.6344754,-2.530325,0.04241014,0.02655417,1.112874,0.9707437,-0.01393675,-0.2397135,0.09155547,0.9443789,0.3158575,0.2219783,-0.3285638,0.9180258,static,16.41043,-18.38295,2.182409,1.366869,13.945318069087074,-7.486231506308538
05/11/2023 12:33:55.263492,3266,True,True,True,True,Eyes,1.318611,-0.2955877,-3.543765,0.2687969,-0.3042612,0.9138781,1.099542,1.614165,-0.6301357,-2.538918,0.7670253,0.2892384,-0.5727245,0.05582871,0.02875775,1.106107,1.312161,-0.293262,-3.550217,0.1644863,0.1177412,-0.02697487,0.9789553,19.17179,13.57205,359.1458,0.3477957,-0.07781814,-0.9343349,0,0,0,1.602656,-0.6344754,-2.530325,0.04266024,0.0263184,1.112871,0.9708187,-0.01408075,-0.2394008,0.09154802,0.9444332,0.3156974,0.2216528,-0.3284016,0.9181625,static,16.39007,-18.41436,2.195272,1.354741,13.923782781903675,-7.518127676697386
05/11/2023 12:33:55.283290,3267,True,True,True,True,Eyes,1.318595,-0.2956147,-3.54376,0.2684355,-0.3047514,0.9138211,1.098562,1.613488,-0.6304028,-2.539871,0.7220412,0.2714787,-0.6363613,0.05569315,0.02762398,1.105241,1.312114,-0.2932276,-3.550271,0.1642733,0.1176213,-0.02688049,0.9790082,19.1458,13.55864,359.1516,0.3477834,-0.07782997,-0.9343385,0,0,0,1.602656,-0.6344754,-2.530325,0.04295123,0.02579847,1.112944,0.9708854,-0.01398838,-0.2391358,0.0912765,0.9445835,0.3153263,0.2214729,-0.3279732,0.9183591,static,16.37018,-18.44309,2.210088,1.327901,13.902809055606417,-7.547310814448348
05/11/2023 12:33:55.294203,3268,True,True,True,True,Eyes,1.318595,-0.2956402,-3.543759,0.2680366,-0.3051878,0.9137925,1.097722,1.612825,-0.6306516,-2.540669,0.6778705,0.2549037,-0.6895764,0.05534746,0.02639028,1.10451,1.312158,-0.2931688,-3.550326,0.1639975,0.1175485,-0.02678966,0.9790658,19.11267,13.55061,359.157,0.347772,-0.07784136,-0.9343418,0,0,0,1.602656,-0.6344754,-2.530325,0.0430562,0.02510875,1.113013,0.9709293,-0.01390236,-0.2389622,0.09101299,0.9447742,0.3148305,0.2213885,-0.3274268,0.9185743,static,16.34764,-18.46825,2.215347,1.292332,13.879284756853918,-7.57290179312583
05/11/2023 12:33:55.313458,3269,True,True,True,True,Eyes,1.318598,-0.2956648,-3.543757,0.2676592,-0.3055971,0.9137664,1.097052,1.612234,-0.6309209,-2.541308,0.6385305,0.2369664,-0.732206,0.05493991,0.02519834,1.103926,1.31215,-0.2931646,-3.550355,0.1636925,0.117553,-0.02675084,0.9791172,19.07694,13.55075,359.1573,0.3477618,-0.07785227,-0.9343448,0,0,0,1.602656,-0.6344754,-2.530325,0.04306546,0.0244205,1.113058,0.9709314,-0.01389933,-0.2389542,0.09086952,0.9449784,0.3142589,0.2214386,-0.3268375,0.9187722,static,16.32629,-18.49183,2.215733,1.256868,13.857010718937183,-7.596887210484706
05/11/2023 12:33:55.333547,3270,True,True,True,True,Eyes,1.318594,-0.2956861,-3.543758,0.2672395,-0.3060052,0.9137527,1.096402,1.611596,-0.6311909,-2.541918,0.5958162,0.2189122,-0.7727098,0.05426407,0.02440667,1.10329,1.312222,-0.2931691,-3.550336,0.1635679,0.1176209,-0.02674212,0.9791301,19.0625,13.55862,359.158,0.3477526,-0.07786273,-0.9343473,0,0,0,1.602656,-0.6344754,-2.530325,0.04285863,0.02413109,1.113034,0.9709004,-0.01389,-0.2390807,0.09084605,0.9450608,0.3140177,0.2215841,-0.3265994,0.9188217,static,16.30228,-18.5151,2.205148,1.242004,13.832068596925561,-7.620576905004366
05/11/2023 12:33:55.343825,3271,True,True,True,True,Eyes,1.318594,-0.2957053,-3.543754,0.2668386,-0.3063653,0.9137492,1.095867,1.611013,-0.6314411,-2.542406,0.5571366,0.2022891,-0.8054054,0.05398133,0.02427539,1.102909,1.312148,-0.2931053,-3.550433,0.1637362,0.1175479,-0.0266428,0.9791135,19.0805,13.55243,359.1707,0.3477443,-0.07787271,-0.9343495,0,0,0,1.602656,-0.6344754,-2.530325,0.04302259,0.02444836,1.113149,0.9709453,-0.01367897,-0.2389103,0.09066634,0.9449613,0.314369,0.2214607,-0.3268962,0.9187459,static,16.27918,-18.53546,2.213348,1.258198,13.808138643364735,-7.641318067224766
05/11/2023 12:33:55.363692,3272,True,True,True,True,Eyes,1.318605,-0.2957236,-3.543762,0.2664202,-0.3066846,0.9137641,1.095386,1.610438,-0.6316618,-2.542837,0.518756,0.1875603,-0.8340943,0.05350146,0.02288222,1.102332,1.312236,-0.2930832,-3.55029,0.1633543,0.1175245,-0.02642828,0.9791858,19.03347,13.55236,359.1902,0.3477368,-0.0778822,-0.9343516,0,0,0,1.602656,-0.6344754,-2.530325,0.04299508,0.02344617,1.113024,0.9709791,-0.0133601,-0.2387911,0.09015267,0.9452338,0.3136965,0.2215224,-0.3261204,0.9190066,static,16.25475,-18.55318,2.212182,1.206774,13.782956548202527,-7.65939864460405
05/11/2023 12:33:55.383617,3273,True,True,True,True,Eyes,1.318615,-0.2957387,-3.543773,0.2660104,-0.3069881,0.9137816,1.094973,1.609889,-0.6318823,-2.543207,0.4821718,0.1728741,-0.8588509,0.05397835,0.0222885,1.102145,1.31214,-0.2930726,-3.550524,0.163213,0.1171371,-0.02648423,0.9792543,19.0176,13.50408,359.1738,0.3477302,-0.0778912,-0.9343533,0,0,0,1.602656,-0.6344754,-2.530325,0.04392305,0.02322343,1.113236,0.971155,-0.01363298,-0.2380592,0.0901062,0.9453202,0.3134495,0.220769,-0.3258586,0.9192808,static,16.23077,-18.56995,2.25945,1.195085,13.758258859112624,-7.676515623106081
05/11/2023 12:33:55.393495,3274,True,True,True,True,Eyes,1.318641,-0.2957563,-3.543792,0.2655842,-0.3072654,0.9138123,1.094593,1.609348,-0.6320869,-2.54354,0.44598,0.1591889,-0.8807728,0.05379148,0.02183238,1.101874,1.312099,-0.2930102,-3.550598,0.1631024,0.1170983,-0.02693063,0.9792653,19.0109,13.49023,359.1184,0.3477244,-0.07789966,-0.9343547,0,0,0,1.602656,-0.6344754,-2.530325,0.04418144,0.02310401,1.113326,0.9711255,-0.01454644,-0.2381255,0.09094248,0.9453447,0.3131339,0.2205557,-0.325748,0.9193712,static,16.20562,-18.58499,2.272544,1.188845,13.732440137523849,-7.691891102201897
05/11/2023 12:33:55.413518,3275,True,True,True,True,Eyes,1.318666,-0.2957689,-3.543809,0.2651641,-0.3075323,0.9138446,1.09426,1.608825,-0.6322892,-2.543826,0.411137,0.1457075,-0.8998532,0.05399519,0.02134103,1.101615,1.312054,-0.2930833,-3.550698,0.1629977,0.1168062,-0.0268336,0.9793203,18.99724,13.45657,359.1226,0.3477196,-0.07790769,-0.9343559,0,0,0,1.602656,-0.6344754,-2.530325,0.04482868,0.02294064,1.113384,0.9712726,-0.01447909,-0.2375289,0.09063565,0.9454234,0.3129852,0.2200337,-0.3255225,0.9195761,static,16.18078,-18.59941,2.305681,1.18038,13.706953982678545,-7.706637597455053
05/11/2023 12:33:55.423431,3276,True,True,True,True,Eyes,1.318709,-0.2957808,-3.543837,0.2647294,-0.3077359,0.913902,1.093955,1.608312,-0.6324303,-2.544069,0.3769521,0.1363183,-0.9161465,0.05386856,0.02099171,1.101307,1.312065,-0.2929765,-3.550662,0.1630109,0.1166598,-0.02680989,0.9793362,18.9983,13.43946,359.1227,0.3477157,-0.07791518,-0.9343567,0,0,0,1.602656,-0.6344754,-2.530325,0.04514441,0.02284861,1.11337,0.9713435,-0.01447816,-0.2372389,0.09054542,0.9454174,0.3130296,0.2197577,-0.3255402,0.9196359,static,16.15469,-18.6098,2.32193,1.17566,13.680342048156554,-7.717317467199152
05/11/2023 12:33:55.443735,3277,True,True,True,True,Eyes,1.318757,-0.2957873,-3.543868,0.2643022,-0.3079095,0.9139673,1.093686,1.607821,-0.6325436,-2.544274,0.3442964,0.1287833,-0.9299865,0.05399065,0.02061191,1.101178,1.31202,-0.2929685,-3.550815,0.162926,0.116409,-0.0267534,0.9793816,18.98752,13.41006,359.1231,0.347713,-0.07792217,-0.9343571,0,0,0,1.602656,-0.6344754,-2.530325,0.04569924,0.02268386,1.113505,0.9714665,-0.01447147,-0.2367352,0.09033567,0.9454787,0.3129049,0.2192999,-0.3253622,0.9198081,static,16.12888,-18.61833,2.35015,1.167044,13.654073341803404,-7.726114719306345
05/11/2023 12:33:55.463352,3278,True,True,True,True,Eyes,1.318813,-0.2957934,-3.543901,0.2638888,-0.3080781,0.9140299,1.093458,1.607365,-0.6326638,-2.544448,0.3139479,0.1207957,-0.9417246,0.05375013,0.0196701,1.101056,1.312181,-0.2928466,-3.550923,0.1626317,0.116272,-0.02678748,0.9794459,18.95389,13.39182,359.1122,0.3477114,-0.07792852,-0.9343572,0,0,0,1.602656,-0.6344754,-2.530325,0.04586259,0.02194321,1.113608,0.9715266,-0.01465475,-0.2364773,0.09029281,0.9456667,0.3123485,0.2190513,-0.3248071,0.9200635,static,16.10391,-18.62663,2.358325,1.128845,13.628657995052789,-7.7346738047422825
05/11/2023 12:33:55.483254,3279,True,True,True,True,Eyes,1.318867,-0.2957979,-3.543937,0.263483,-0.3082266,0.914097,1.093248,1.606919,-0.6327659,-2.544603,0.2842269,0.1139737,-0.9519586,0.05351245,0.01885557,1.100898,1.312164,-0.2928427,-3.550967,0.1623371,0.1162197,-0.02681039,0.9795004,18.92016,13.38399,359.1043,0.3477109,-0.0779343,-0.9343569,0,0,0,1.602656,-0.6344754,-2.530325,0.04602101,0.02130571,1.113659,0.9715484,-0.01478806,-0.2363791,0.09025511,0.9458557,0.3117867,0.2189698,-0.3242502,0.9202793,static,16.07931,-18.63372,2.366353,1.096007,13.603655073027655,-7.742006924063276
05/11/2023 12:33:55.493800,3280,True,True,True,True,Eyes,1.31892,-0.2958008,-3.543975,0.263112,-0.3083609,0.9141585,1.093081,1.606522,-0.6328644,-2.544725,0.2577754,0.1074183,-0.9602152,0.05343354,0.01830506,1.100805,1.312158,-0.292813,-3.551043,0.1621577,0.1161024,-0.02685264,0.9795428,18.89992,13.3684,359.0944,0.3477114,-0.07793951,-0.9343563,0,0,0,1.602656,-0.6344754,-2.530325,0.0463006,0.02091724,1.113736,0.9715984,-0.01495281,-0.2361633,0.09026042,0.9459676,0.3114456,0.2187458,-0.3239162,0.9204502,static,16.05681,-18.64011,2.380549,1.075954,13.580789669749603,-7.748618232167825
05/11/2023 12:33:55.513707,3281,True,True,True,True,Eyes,1.318975,-0.2958006,-3.544012,0.2627476,-0.3084674,0.9142273,1.092918,1.606136,-0.6329303,-2.544837,0.2319582,0.10298,-0.9672592,0.0534223,0.0178155,1.100722,1.31211,-0.2927712,-3.551117,0.1619813,0.1159871,-0.02696959,0.9795825,18.88105,13.35161,359.0758,0.3477128,-0.07794416,-0.9343554,0,0,0,1.602656,-0.6344754,-2.530325,0.0466402,0.02055362,1.113821,0.9716393,-0.0152624,-0.2359749,0.09041335,0.9460694,0.3110919,0.2185006,-0.3236044,0.9206181,static,16.03458,-18.6448,2.397805,1.057173,13.558252152571287,-7.753508774319748
05/11/2023 12:33:55.523250,3282,True,True,True,True,Eyes,1.319022,-0.295798,-3.54405,0.2623914,-0.3085641,0.9142969,1.092778,1.605758,-0.6329902,-2.544926,0.2067639,0.09899937,-0.9733692,0.05323763,0.01698634,1.100605,1.312238,-0.2927011,-3.551159,0.1616682,0.1158842,-0.02709031,0.979643,18.84644,13.33576,359.055,0.347715,-0.07794823,-0.9343542,0,0,0,1.602656,-0.6344754,-2.530325,0.04680383,0.01983365,1.113854,0.9716739,-0.01560809,-0.2358095,0.09054723,0.946259,0.3104755,0.218291,-0.3230329,0.9208685,static,16.0128,-18.64891,2.406137,1.02012,13.536186847032667,-7.757809845427808
05/11/2023 12:33:55.543481,3283,True,True,True,True,Eyes,1.319069,-0.2957968,-3.544092,0.2620484,-0.308639,0.9143701,1.092651,1.605396,-0.6330314,-2.545005,0.1826309,0.09624174,-0.9784597,0.05314222,0.01612937,1.100564,1.312214,-0.2926424,-3.551239,0.1613177,0.1158098,-0.02719858,0.9797066,18.80739,13.32346,359.0358,0.3477177,-0.07795173,-0.9343529,0,0,0,1.602656,-0.6344754,-2.530325,0.04704274,0.01906204,1.113955,0.9716967,-0.01592892,-0.2356944,0.09065758,0.9464737,0.3097883,0.218144,-0.3223878,0.9211294,static,15.99172,-18.65174,2.418186,0.9803522,13.5148685437056,-7.760811969196308
05/11/2023 12:33:55.563551,3284,True,True,True,True,Eyes,1.319143,-0.2957923,-3.544136,0.2617446,-0.3086984,0.914437,1.092568,1.605117,-0.6330663,-2.545052,0.1640378,0.09395392,-0.9819695,0.05290632,0.01561019,1.10058,1.312236,-0.2926765,-3.55137,0.1610641,0.1158022,-0.02731088,0.979746,18.77963,13.31947,359.0188,0.347721,-0.07795472,-0.9343514,0,0,0,1.602656,-0.6344754,-2.530325,0.0470673,0.01860765,1.114065,0.971688,-0.01621231,-0.2357111,0.09081861,0.9466249,0.3092786,0.2181158,-0.3219292,0.9212964,static,15.97302,-18.65381,2.419207,0.9568923,13.495971663027692,-7.763029745463058
05/11/2023 12:33:55.583639,3285,True,True,True,True,Eyes,1.31921,-0.295788,-3.544184,0.2614526,-0.3087467,0.9145042,1.092488,1.604844,-0.6330901,-2.545099,0.1458579,0.09234937,-0.9849858,0.05240865,0.01511058,1.100458,1.312315,-0.2925837,-3.551312,0.1609022,0.1159054,-0.02739773,0.979758,18.76223,13.32963,359.0083,0.3477252,-0.07795716,-0.9343497,0,0,0,1.602656,-0.6344754,-2.530325,0.04682004,0.0181644,1.114038,0.9716306,-0.01638741,-0.2359352,0.09098516,0.9467196,0.3089394,0.2183018,-0.3216416,0.9213528,static,15.95499,-18.65525,2.406573,0.9341253,13.477770155506608,-7.7646060260151835
05/11/2023 12:33:55.593801,3286,True,True,True,True,Eyes,1.319296,-0.2957832,-3.544236,0.2612099,-0.3088028,0.9145547,1.09244,1.604652,-0.6331319,-2.545139,0.1329742,0.08951654,-0.9870687,0.05231884,0.01483768,1.100522,1.312235,-0.2925892,-3.551434,0.1607881,0.115893,-0.02739203,0.9797785,18.74897,13.32785,359.0072,0.3477301,-0.07795911,-0.9343476,0,0,0,1.602656,-0.6344754,-2.530325,0.04690681,0.01795787,1.114169,0.971637,-0.01640782,-0.2359076,0.09094467,0.9467938,0.3087243,0.2182904,-0.3214224,0.921432,static,15.9401,-18.65745,2.410743,0.9233973,13.46270520345918,-7.766929849332559
05/11/2023 12:33:55.623619,3287,True,True,True,True,Eyes,1.319381,-0.2957755,-3.544291,0.2609389,-0.3089035,0.914598,1.092419,1.604436,-0.6332276,-2.545167,0.1186405,0.08317713,-0.9894474,0.05205528,0.01429209,1.100517,1.312229,-0.2925658,-3.551455,0.1606028,0.1159284,-0.02738253,0.9798049,18.7275,13.33164,359.0064,0.3477361,-0.07796057,-0.9343452,0,0,0,1.602656,-0.6344754,-2.530325,0.04684429,0.01752579,1.114207,0.9716216,-0.01642223,-0.2359699,0.09089591,0.946914,0.3083699,0.218379,-0.3210675,0.9215348,static,15.92368,-18.66229,2.407453,0.9011534,13.446012715942251,-7.7719333266117765
05/11/2023 12:33:55.643511,3288,True,True,True,True,Eyes,1.319465,-0.2957689,-3.544349,0.2606761,-0.3089874,0.9146446,1.092391,1.604225,-0.6333039,-2.545199,0.1045575,0.07808241,-0.9914488,0.05210364,0.01417503,1.100601,1.312134,-0.2925743,-3.551591,0.160576,0.1158395,-0.0273402,0.979821,18.72375,13.32167,359.0093,0.347743,-0.07796152,-0.9343426,0,0,0,1.602656,-0.6344754,-2.530325,0.04709153,0.01750973,1.114344,0.9716675,-0.01637493,-0.2357842,0.09077907,0.9469357,0.3083373,0.2182235,-0.3210056,0.9215931,static,15.90769,-18.66612,2.419847,0.9002169,13.429786474371289,-7.775912668985853
05/11/2023 12:33:55.658311,3289,True,True,True,True,Eyes,1.319548,-0.2957613,-3.544405,0.2604246,-0.3090477,0.9146959,1.092362,1.604026,-0.6333532,-2.545226,0.09124777,0.07477932,-0.9930166,0.05200243,0.01359642,1.100613,1.312191,-0.2925092,-3.551653,0.1603706,0.1157761,-0.02732576,0.9798625,18.6998,13.31362,359.0069,0.3477507,-0.07796203,-0.9343397,0,0,0,1.602656,-0.6344754,-2.530325,0.047179,0.01699838,1.114409,0.9716985,-0.01641679,-0.2356538,0.09068514,0.9470691,0.307955,0.2181248,-0.3206097,0.9217544,static,15.89227,-18.66853,2.424195,0.8738802,13.414180954709206,-7.778452368915691
05/11/2023 12:33:55.663486,3290,True,True,True,True,Eyes,1.319627,-0.295751,-3.544456,0.2601809,-0.3090926,0.9147501,1.092337,1.603832,-0.6333845,-2.54524,0.07838981,0.07271618,-0.9942672,0.05209209,0.0129393,1.10058,1.312161,-0.2924762,-3.551654,0.1601152,0.1156702,-0.02728606,0.9799179,18.66969,13.30077,359.006,0.347759,-0.07796213,-0.9343366,0,0,0,1.602656,-0.6344754,-2.530325,0.0474558,0.01638594,1.114425,0.9717517,-0.01643507,-0.2354325,0.09051732,0.9472371,0.3074871,0.2179568,-0.3201118,0.921967,static,15.87725,-18.67003,2.438366,0.8423876,13.39900817879765,-7.780069249596771
05/11/2023 12:33:55.673747,3291,True,True,True,True,Eyes,1.319702,-0.2957402,-3.544507,0.2599402,-0.3091301,0.9148058,1.092304,1.603636,-0.6334044,-2.54526,0.06525369,0.07136675,-0.9953133,0.05194631,0.01238641,1.100469,1.312189,-0.2924138,-3.551574,0.1599272,0.1156529,-0.02725869,0.9799513,18.64762,13.29856,359.0063,0.3477679,-0.0779618,-0.9343333,0,0,0,1.602656,-0.6344754,-2.530325,0.04749678,0.01587072,1.11437,0.9717627,-0.01643228,-0.2353873,0.09041648,0.9473605,0.3071367,0.2179497,-0.3197469,0.9220954,static,15.86239,-18.67108,2.440589,0.8159442,13.38401133476794,-7.7812300431359915
05/11/2023 12:33:55.693715,3292,True,True,True,True,Eyes,1.319788,-0.2957293,-3.544559,0.2596926,-0.309129,0.9148766,1.092274,1.603443,-0.6333827,-2.545263,0.05243922,0.07284506,-0.9959637,0.05206931,0.01226783,1.100481,1.312122,-0.292381,-3.551628,0.1598806,0.115534,-0.02723104,0.9799738,18.64175,13.28464,359.0066,0.3477772,-0.07796105,-0.9343299,0,0,0,1.602656,-0.6344754,-2.530325,0.04781012,0.01574877,1.114435,0.9718207,-0.01642809,-0.2351481,0.0903147,0.9473933,0.3070654,0.2177332,-0.3196499,0.9221802,static,15.84688,-18.66967,2.456526,0.8096279,13.368441095174578,-7.779907726052436
05/11/2023 12:33:55.713651,3293,True,True,True,True,Eyes,1.31987,-0.2957183,-3.544608,0.2594549,-0.3091066,0.9149515,1.092229,1.603254,-0.6333336,-2.545271,0.03985784,0.07610416,-0.9963029,0.05196455,0.01192778,1.100408,1.312203,-0.2923703,-3.551638,0.1597273,0.1154625,-0.02719031,0.9800083,18.62345,13.2763,359.0079,0.3477872,-0.07795993,-0.9343262,0,0,0,1.602656,-0.6344754,-2.530325,0.04788987,0.01537755,1.114428,0.9718583,-0.01640844,-0.2349945,0.0901785,0.9474958,0.3067893,0.2176224,-0.3193471,0.9223112,static,15.83187,-18.66699,2.460635,0.7905517,13.35341615219457,-7.777297906697335
05/11/2023 12:33:55.733371,3294,True,True,True,True,Eyes,1.319954,-0.2957038,-3.544654,0.2592237,-0.309094,0.9150213,1.09219,1.603076,-0.6332933,-2.545276,0.02796656,0.07878307,-0.9964994,0.05184458,0.01132271,1.100356,1.312205,-0.2923601,-3.551636,0.159462,0.1154375,-0.0271061,0.9800568,18.59169,13.27399,359.0137,0.3477977,-0.07795849,-0.9343225,0,0,0,1.602656,-0.6344754,-2.530325,0.04794373,0.01474458,1.114435,0.9718789,-0.01631525,-0.2349153,0.08994682,0.9476742,0.3063056,0.2176258,-0.3188218,0.9224921,static,15.81732,-18.66496,2.463384,0.7580103,13.33883295140624,-7.775342271880046
05/11/2023 12:33:55.743570,3295,True,True,True,True,Eyes,1.320036,-0.2956903,-3.544698,0.2590078,-0.3090777,0.915088,1.092156,1.602913,-0.6332515,-2.545279,0.01707185,0.08155799,-0.9965224,0.05159448,0.01095015,1.100257,1.312291,-0.2922601,-3.551564,0.1593303,0.1154624,-0.02715452,0.980074,18.57717,13.2756,359.0066,0.3478086,-0.07795666,-0.9343186,0,0,0,1.602656,-0.6344754,-2.530325,0.04785188,0.01434371,1.114387,0.9718622,-0.01643356,-0.2349764,0.09002019,0.947753,0.3060404,0.2176702,-0.3185817,0.9225646,static,15.80371,-18.66278,2.458776,0.7374358,13.325201161595837,-7.773228696143548
05/11/2023 12:33:55.763290,3296,True,True,True,True,Eyes,1.320109,-0.2956774,-3.544739,0.2587994,-0.3090716,0.9151489,1.092134,1.602752,-0.633225,-2.545274,0.006380994,0.08335025,-0.9964999,0.05126838,0.01085544,1.100239,1.312295,-0.2922728,-3.551583,0.1592692,0.1155426,-0.02718369,0.9800736,18.57059,13.28447,359.0039,0.34782,-0.07795452,-0.9343145,0,0,0,1.602656,-0.6344754,-2.530325,0.04768088,0.01423487,1.114408,0.971822,-0.01647927,-0.2351396,0.0900888,0.9477887,0.3059093,0.2178215,-0.3184728,0.9225664,static,15.79063,-18.66128,2.449955,0.7318271,13.312080606845965,-7.771799172907329
05/11/2023 12:33:55.783202,3297,True,True,True,True,Eyes,1.320179,-0.2956658,-3.544778,0.2586095,-0.3090713,0.9152027,1.092111,1.60261,-0.6332062,-2.545275,-0.003122474,0.08459282,-0.9964107,0.05094904,0.01054433,1.100203,1.312341,-0.2922738,-3.551587,0.1591296,0.1156079,-0.02716633,0.9800891,18.55433,13.29216,359.0053,0.3478316,-0.07795213,-0.9343104,0,0,0,1.602656,-0.6344754,-2.530325,0.04749835,0.01391479,1.114411,0.9717936,-0.01645756,-0.235258,0.09004411,0.9478796,0.3056411,0.2179661,-0.3182036,0.9226251,static,15.77874,-18.66024,2.440581,0.7153715,13.30014307876285,-7.770826847217638
05/11/2023 12:33:55.793814,3298,True,True,True,True,Eyes,1.320255,-0.2956527,-3.544816,0.2583781,-0.3090858,0.9152632,1.092086,1.602426,-0.633201,-2.54527,-0.01535311,0.08494671,-0.9962673,0.05045655,0.01071262,1.10017,1.312351,-0.2922945,-3.551587,0.1591968,0.1157477,-0.02719872,0.9800608,18.56265,13.30858,359.0051,0.3478434,-0.07794955,-0.9343063,0,0,0,1.602656,-0.6344754,-2.530325,0.0471812,0.01409492,1.114413,0.9717254,-0.01645946,-0.2355395,0.09016615,0.9478332,0.3057487,0.2182198,-0.3183415,0.9225177,static,15.76433,-18.6599,2.424299,0.7246291,13.285645142292873,-7.770579133104778
05/11/2023 12:33:55.813453,3299,True,True,True,True,Eyes,1.320327,-0.2956403,-3.544851,0.2581553,-0.309091,0.9153243,1.092058,1.602248,-0.6331857,-2.545263,-0.0272438,0.08597534,-0.9959247,0.05024138,0.01079997,1.100094,1.312347,-0.2922385,-3.551523,0.1592456,0.1157942,-0.02734136,0.9800435,18.57025,13.31159,358.9898,0.3478554,-0.07794675,-0.934302,0,0,0,1.602656,-0.6344754,-2.530325,0.04713941,0.01418301,1.114374,0.9716883,-0.01671201,-0.2356746,0.09047087,0.9477865,0.3058033,0.2182586,-0.3184672,0.9224651,static,15.75041,-18.65904,2.422238,0.7291834,13.271657715190816,-7.769802350625451
05/11/2023 12:33:55.823241,3300,True,True,True,True,Eyes,1.320403,-0.2956255,-3.544885,0.2579281,-0.3091078,0.9153827,1.092033,1.602069,-0.6331813,-2.545257,-0.03918776,0.08626711,-0.995501,0.05013189,0.01053551,1.100026,1.31233,-0.2922438,-3.551486,0.1591198,0.1157923,-0.02741767,0.9800619,18.55676,13.30949,358.979,0.3478676,-0.07794379,-0.9342977,0,0,0,1.602656,-0.6344754,-2.530325,0.04720533,0.01392484,1.114342,0.9716808,-0.01689232,-0.2356927,0.09059174,0.9478583,0.305545,0.2182419,-0.318244,0.922546,static,15.73629,-18.65887,2.42569,0.7159315,13.25744617110089,-7.7697245995025135
05/11/2023 12:33:55.843593,3301,True,True,True,True,Eyes,1.320475,-0.2956145,-3.544917,0.2577102,-0.3091282,0.9154372,1.092006,1.601896,-0.6331844,-2.545254,-0.05068835,0.08604308,-0.9950013,0.04983805,0.01054865,1.100012,1.312442,-0.2921651,-3.551506,0.1591488,0.1158156,-0.02754303,0.9800509,18.56182,13.30998,358.965,0.34788,-0.07794062,-0.9342934,0,0,0,1.602656,-0.6344754,-2.530325,0.04707897,0.01395619,1.114361,0.9716563,-0.01712332,-0.2357772,0.09085097,0.9478261,0.3055681,0.2182434,-0.3183277,0.9225168,static,15.72276,-18.65899,2.419164,0.7175312,13.243819128468308,-7.769936149868855
05/11/2023 12:33:55.863861,3302,True,True,True,True,Eyes,1.320551,-0.2956071,-3.544952,0.2574553,-0.3091276,0.9155091,1.091979,1.601687,-0.6331677,-2.545236,-0.06462939,0.08717656,-0.9940941,0.04962529,0.01074007,1.099912,1.312441,-0.2922483,-3.551463,0.1592295,0.1157964,-0.02739169,0.9800444,18.56908,13.31085,358.9837,0.3478926,-0.07793736,-0.9342889,0,0,0,1.602656,-0.6344754,-2.530325,0.04707485,0.01414773,1.114295,0.9716818,-0.01681372,-0.2356943,0.09056655,0.9477913,0.3057603,0.2182481,-0.3184477,0.9224743,static,15.70681,-18.65759,2.419097,0.7274212,13.227805532054015,-7.768626878059244
05/11/2023 12:33:55.883768,3303,True,True,True,True,Eyes,1.320625,-0.2955965,-3.544983,0.2571958,-0.309134,0.9155799,1.091942,1.601468,-0.6331531,-2.545223,-0.07923031,0.08812902,-0.9929531,0.04982844,0.0109075,1.09989,1.312395,-0.292325,-3.551519,0.1593027,0.1155802,-0.02715389,0.9800646,18.57409,13.28967,359.0086,0.3479054,-0.07793412,-0.9342844,0,0,0,1.602656,-0.6344754,-2.530325,0.04750131,0.01431978,1.114314,0.9718078,-0.01640066,-0.2352035,0.09004961,0.9477707,0.3059769,0.2179008,-0.3185308,0.9225277,static,15.6906,-18.65661,2.440944,0.7362538,13.211516304486182,-7.767744025454775
05/11/2023 12:33:55.893756,3304,True,True,True,True,Eyes,1.320698,-0.2955868,-3.545007,0.256914,-0.309152,0.9156529,1.091907,1.601224,-0.633152,-2.545199,-0.09546132,0.08821411,-0.9915167,0.05000417,0.0110065,1.099824,1.312398,-0.292231,-3.551472,0.1593354,0.1154508,-0.02755164,0.9800633,18.58308,13.26664,358.9594,0.3479184,-0.07793081,-0.9342799,0,0,0,1.602656,-0.6344754,-2.530325,0.04792203,0.01443332,1.11428,0.971824,-0.01721388,-0.2350782,0.09079553,0.9477062,0.3059559,0.2175184,-0.3186794,0.9225667,static,15.67307,-18.65623,2.462613,0.7421138,13.19387822043774,-7.7674766677668075
05/11/2023 12:33:55.913438,3305,True,True,True,True,Eyes,1.320765,-0.2955812,-3.545031,0.2566233,-0.3091882,0.9157222,1.091878,1.600967,-0.633177,-2.545174,-0.1126411,0.08654891,-0.9898592,0.05003385,0.01069373,1.09961,1.312483,-0.2922401,-3.551305,0.1592037,0.1153336,-0.02773605,0.9800934,18.57022,13.24858,358.9334,0.3479316,-0.07792748,-0.9342752,0,0,0,1.602656,-0.6344754,-2.530325,0.04821067,0.01415619,1.114093,0.9718578,-0.01764478,-0.2349067,0.09109088,0.9477698,0.3056711,0.217244,-0.3184667,0.9227047,static,15.65508,-18.65695,2.477842,0.7279884,13.175740717827154,-7.768324649077297
05/11/2023 12:33:55.933340,3306,True,True,True,True,Eyes,1.320833,-0.2955728,-3.545047,0.2562989,-0.3093201,0.9157685,1.091866,1.600677,-0.633309,-2.54515,-0.1319032,0.07774343,-0.9882092,0.05034152,0.01120952,1.099613,1.312404,-0.2923229,-3.551349,0.1594093,0.115127,-0.02803276,0.980076,18.59769,13.21877,358.897,0.3479448,-0.07792424,-0.9342706,0,0,0,1.602656,-0.6344754,-2.530325,0.04880793,0.01482236,1.114093,0.9719199,-0.01824383,-0.2346038,0.09165308,0.9476057,0.3060118,0.216729,-0.3189211,0.9226689,static,15.6355,-18.66348,2.508499,0.7622423,13.155810790316025,-7.77505804989255
05/11/2023 12:33:55.943616,3307,True,True,True,True,Eyes,1.320897,-0.2955665,-3.545066,0.2559762,-0.3094643,0.9158101,1.091871,1.60039,-0.6334617,-2.545119,-0.151076,0.06757534,-0.9862097,0.05027409,0.01210615,1.099458,1.31244,-0.2922325,-3.551165,0.1598944,0.1150653,-0.02840747,0.9799933,18.65859,13.20577,358.8581,0.3479582,-0.07792102,-0.9342659,0,0,0,1.602656,-0.6344754,-2.530325,0.04902489,0.01589528,1.113919,0.9719061,-0.01888167,-0.2346108,0.09247485,0.9472536,0.3068534,0.216442,-0.3199283,0.9223875,static,15.6161,-18.67079,2.52003,0.8175377,13.13603639403968,-7.782578952472374
05/11/2023 12:33:55.963344,3308,True,True,True,True,Eyes,1.320956,-0.2955589,-3.545083,0.2556794,-0.3096637,0.9158255,1.091906,1.600134,-0.6336826,-2.545088,-0.1682124,0.05286097,-0.9843324,0.05031756,0.01245514,1.09954,1.3124,-0.2922796,-3.551233,0.1601699,0.1148855,-0.02811937,0.9799777,18.68632,13.19062,358.8925,0.3479715,-0.07791788,-0.9342613,0,0,0,1.602656,-0.6344754,-2.530325,0.04932705,0.01647529,1.113955,0.9720213,-0.01831031,-0.2341782,0.09191509,0.9471098,0.3074647,0.2161627,-0.3203867,0.9222939,static,15.59863,-18.68169,2.535458,0.8473373,13.118086957391862,-7.793717037869605
05/11/2023 12:33:55.983225,3309,True,True,True,True,Eyes,1.321013,-0.2955543,-3.545106,0.2553914,-0.3098402,0.9158462,1.091943,1.599886,-0.633882,-2.545055,-0.1847076,0.03954899,-0.9819974,0.05116868,0.01208988,1.099212,1.311247,-0.2917259,-3.550364,0.1604411,0.1149516,-0.02791322,0.9799315,18.71494,13.20344,358.9219,0.3479847,-0.07791478,-0.9342566,0,0,0,1.602656,-0.6344754,-2.530325,0.05042183,0.01631916,1.113584,0.972014,-0.01782016,-0.2342462,0.09159201,0.946959,0.3080253,0.2163325,-0.3208599,0.9220896,static,15.58157,-18.69121,2.592518,0.839588,13.100595823520727,-7.803456993878807
05/11/2023 12:33:55.993751,3310,True,True,True,True,Eyes,1.321013,-0.2955241,-3.545091,0.2551529,-0.3099938,0.9158608,1.091953,1.599628,-0.6340228,-2.545014,-0.2018383,0.0301534,-0.9789546,0.05098128,0.01167604,1.099355,1.311247,-0.2919094,-3.550555,0.1602657,0.1148583,-0.02759297,0.9799802,18.69032,13.1978,358.9556,0.3479977,-0.07791179,-0.934252,0,0,0,1.602656,-0.6344754,-2.530325,0.05049647,0.01604378,1.113703,0.9720924,-0.01726544,-0.2339621,0.09089682,0.9471071,0.3077758,0.2162733,-0.320453,0.922245,static,15.56749,-18.69956,2.596074,0.8253346,13.086143753105233,-7.811994027785779
05/11/2023 12:33:56.013695,3311,True,True,True,True,Eyes,1.32101,-0.2955016,-3.545081,0.2549102,-0.3101377,0.9158796,1.091977,1.599366,-0.6341647,-2.544961,-0.2192765,0.0207034,-0.9754431,0.05088818,0.01108423,1.099422,1.311242,-0.2917811,-3.550546,0.1601259,0.1147832,-0.02754186,0.9800133,18.67343,13.18928,358.9583,0.3480096,-0.07790832,-0.9342479,0,0,0,1.602656,-0.6344754,-2.530325,0.0506701,0.01558971,1.113733,0.9721326,-0.01722325,-0.2337984,0.09074229,0.9472023,0.3075284,0.2161577,-0.3201738,0.9223691,moving,15.5531,-18.70727,2.604916,0.8019572,13.071400642933009,-7.8198859885892915
05/11/2023 12:33:56.033267,3312,True,True,True,True,Eyes,1.320995,-0.2954737,-3.545065,0.2546766,-0.3102891,0.9158933,1.091356,1.598938,-0.6341097,-2.545499,-0.02961518,-0.1285709,-0.991258,0.05101708,0.01097339,1.098876,1.311206,-0.2918346,-3.550641,0.1601051,0.1145984,-0.02755132,0.980038,18.67096,13.16683,358.9532,0.3480203,-0.07790464,-0.9342442,0,0,0,1.599382,-0.6321813,-2.530632,0.04794492,0.01741174,1.112068,0.9722163,-0.0173071,-0.2334438,0.09069825,0.9472145,0.3075036,0.2157993,-0.3201329,0.9224671,moving,15.53931,-18.71551,2.468681,0.8970112,13.05724419311684,-7.828309861720381
05/11/2023 12:33:56.043567,3313,True,True,True,True,Eyes,1.320978,-0.2954463,-3.545053,0.2544282,-0.3104252,0.9159163,1.091844,1.598773,-0.6343821,-2.545015,0.1754327,-0.2979718,-0.9383157,0.05142918,0.01041141,1.099351,1.311248,-0.2916812,-3.550606,0.159967,0.1142903,-0.02762086,0.9800947,18.65562,13.12801,358.937,0.3480297,-0.07790064,-0.934241,0,0,0,1.596141,-0.6299112,-2.530936,0.04551253,0.01873365,1.110345,0.9723496,-0.01757675,-0.2328675,0.09070747,0.9472952,0.307252,0.2151938,-0.3198792,0.9226966,moving,15.52452,-18.7227,2.347214,0.966598,13.042115469028241,-7.835678688254436
05/11/2023 12:33:56.063692,3314,True,True,True,True,Eyes,1.320951,-0.2954192,-3.545039,0.2542322,-0.3105069,0.915943,1.091762,1.598512,-0.6344188,-2.545048,0.1580343,-0.3004661,-0.940609,0.05193076,0.01008835,1.099329,1.311194,-0.2916656,-3.550677,0.1598458,0.1139702,-0.0276184,0.9801517,18.64125,13.0892,358.9294,0.348038,-0.07789636,-0.9342383,0,0,0,1.592881,-0.6276272,-2.531243,0.04312825,0.02025142,1.108691,0.972496,-0.01770511,-0.2322456,0.09057576,0.9473732,0.3070509,0.2145869,-0.3196416,0.9229202,moving,15.5127,-18.72679,2.227692,1.046453,13.030079348391476,-7.839893127690075
05/11/2023 12:33:56.083441,3315,True,True,True,True,Eyes,1.320925,-0.2953902,-3.545028,0.254038,-0.3105639,0.9159775,0.0,0.0,0.0,0.0,0.0,0.0,0.0,-2.10357,1.246933,2.903843,1.311278,-0.2916505,-3.550724,0.1596532,0.1137503,-0.02756033,0.9802104,18.61802,13.06325,358.9293,0.3480449,-0.07789184,-0.934236,0,0,0,1.589516,-0.6252702,-2.531559,0.04028209,0.02162957,1.106945,0.9726027,-0.01770864,-0.2317986,0.09035102,0.9475026,0.3067175,0.2141982,-0.3192574,0.9231435,moving,15.50087,-18.72932,2.084093,1.11941,13.018084573318294,-7.842530229962911
05/11/2023 12:33:56.093729,3316,True,True,True,True,Eyes,1.320903,-0.2953602,-3.545017,0.253897,-0.3105842,0.9160097,0.0,0.0,0.0,0.0,0.0,0.0,0.0,-2.10279,1.245597,2.905055,1.311277,-0.2915839,-3.550791,0.159385,0.1136448,-0.02746738,0.9802688,18.58573,13.05149,358.9346,0.3480506,-0.07788705,-0.9342343,0,0,0,1.586045,-0.6228387,-2.531884,0.03715639,0.02285266,1.105213,0.9726608,-0.01762427,-0.2315607,0.09007738,0.9476839,0.3062372,0.2140491,-0.3187233,0.9233626,moving,15.49216,-18.72985,1.925514,1.184545,13.009297179992576,-7.843124216945704
05/11/2023 12:33:56.116225,3317,True,True,True,True,Eyes,1.32088,-0.2953339,-3.545011,0.2537635,-0.3105927,0.9160439,0.0,0.0,0.0,0.0,0.0,0.0,0.0,-2.10297,1.243892,2.905599,1.311283,-0.2915285,-3.550747,0.1591355,0.1136713,-0.02748083,0.9803058,18.55716,13.05359,358.9301,0.3480554,-0.07788199,-0.934233,0,0,0,1.58274,-0.6205234,-2.532195,0.03394774,0.02403978,1.10347,0.9726473,-0.01770095,-0.2316116,0.09005751,0.9478413,0.3057555,0.2141189,-0.3182506,0.9235094,moving,15.48385,-18.72968,1.762122,1.248027,13.00093560925293,-7.843007727504098
05/11/2023 12:33:56.133230,3318,True,True,True,True,Eyes,1.320859,-0.2952965,-3.544999,0.2536227,-0.3105984,0.9160808,0.0,0.0,0.0,0.0,0.0,0.0,0.0,-2.102791,1.243565,2.906026,1.311242,-0.2915967,-3.550885,0.1590068,0.1136703,-0.02737204,0.9803298,18.54087,13.05512,358.9413,0.3480593,-0.07787678,-0.9342321,0,0,0,1.579305,-0.618117,-2.532517,0.03062771,0.02570358,1.101793,0.9726597,-0.01751858,-0.2315734,0.08981594,0.9479352,0.3055354,0.214164,-0.3179809,0.9235919,moving,15.47508,-18.72929,1.592301,1.336403,12.992118124413432,-7.842671850736448
05/11/2023 12:33:56.143552,3319,True,True,True,True,Eyes,1.320839,-0.295265,-3.544987,0.253501,-0.3105585,0.9161281,0.0,0.0,0.0,0.0,0.0,0.0,0.0,-2.102662,1.243357,2.906186,1.311507,-0.2912939,-3.550794,0.1590536,0.1135961,-0.02743569,0.9803292,18.54703,13.04516,358.9329,0.3480624,-0.07787114,-0.9342313,0,0,0,1.576171,-0.6159214,-2.532812,0.02755359,0.02719897,1.1001,0.9726864,-0.01765627,-0.2314507,0.08992775,0.9478985,0.3056165,0.2139957,-0.3180829,0.9235958,moving,15.46725,-18.72616,1.434756,1.416298,12.98433741158015,-7.839559138215904
05/11/2023 12:33:56.163545,3320,True,True,True,True,Eyes,1.320807,-0.2952331,-3.544991,0.253383,-0.3105123,0.9161764,0.0,0.0,0.0,0.0,0.0,0.0,0.0,-2.102992,1.240655,2.907103,1.311503,-0.2914133,-3.550787,0.1584933,0.1137076,-0.02720257,0.9804134,18.47943,13.06114,358.9551,0.3480648,-0.07786529,-0.9342309,0,0,0,1.572953,-0.6136672,-2.533114,0.02420005,0.02775726,1.098411,0.9726612,-0.01729574,-0.2315837,0.08938331,0.9482798,0.3045917,0.214338,-0.3169643,0.9239009,moving,15.45962,-18.72265,1.26213,1.447578,12.976770598777684,-7.836060852793963
05/11/2023 12:33:56.183524,3321,True,True,True,True,Eyes,1.320778,-0.2952045,-3.544992,0.2532852,-0.3104501,0.9162245,0.0,0.0,0.0,0.0,0.0,0.0,0.0,-2.102014,1.239147,2.908945,1.311398,-0.2913746,-3.551231,0.1583023,0.1135089,-0.02736433,0.9804628,18.45932,13.03359,358.9295,0.3480663,-0.0778592,-0.9342309,0,0,0,1.569595,-0.6113145,-2.533429,0.02146365,0.02933049,1.097099,0.9727339,-0.01772195,-0.2312463,0.08959687,0.9483832,0.3042069,0.2139189,-0.3166313,0.9241121,moving,15.45317,-18.71824,1.120791,1.531414,12.97042156662036,-7.831644659017044
05/11/2023 12:33:56.193801,3322,True,True,True,True,Eyes,1.320734,-0.2951777,-3.544987,0.2532089,-0.3103247,0.9162881,0.0,0.0,0.0,0.0,0.0,0.0,0.0,-2.103936,1.23622,2.908725,1.311423,-0.2914227,-3.551156,0.1580221,0.1137462,-0.02765648,0.9804724,18.43111,13.05562,358.8957,0.3480669,-0.07785299,-0.9342311,0,0,0,1.566165,-0.6089115,-2.533751,0.01773982,0.03069076,1.095239,0.9725938,-0.01828398,-0.2317908,0.09018166,0.9485283,0.303581,0.2143094,-0.3161643,0.9241816,moving,15.44771,-18.71,0.9279508,1.605121,12.96519557461331,-7.823349135736962
05/11/2023 12:33:56.213516,3323,True,True,True,True,Eyes,1.32069,-0.29515,-3.544986,0.2531383,-0.3102066,0.9163476,0.0,0.0,0.0,0.0,0.0,0.0,0.0,-2.103803,1.23531,2.909234,1.311522,-0.2914497,-3.551138,0.1577853,0.1137511,-0.02748885,0.9805147,18.40159,13.05862,358.9124,0.3480666,-0.07784674,-0.9342318,0,0,0,1.562875,-0.6066067,-2.53406,0.01444253,0.03192949,1.093491,0.9726102,-0.01800994,-0.2317438,0.08980294,0.9486963,0.3031679,0.2143945,-0.3156754,0.924329,moving,15.44266,-18.70225,0.7567033,1.672539,12.96036625406136,-7.8155463453618985
05/11/2023 12:33:56.233550,3324,True,True,True,True,Eyes,1.320627,-0.2951222,-3.544978,0.2530692,-0.3101062,0.9164006,0.0,0.0,0.0,0.0,0.0,0.0,0.0,-2.104048,1.235344,2.909119,1.311462,-0.2914019,-3.551228,0.1578116,0.1137906,-0.02751484,0.9805051,18.40501,13.06296,358.9105,0.3480652,-0.07784042,-0.9342328,0,0,0,1.559581,-0.6042994,-2.534369,0.01122648,0.03378028,1.09188,0.9725893,-0.01804193,-0.2318288,0.08987182,0.9486769,0.3032083,0.2144602,-0.315732,0.9242944,moving,15.43779,-18.69561,0.5890819,1.772035,12.955681588628618,-7.808864738332542
05/11/2023 12:33:56.243324,3325,True,True,True,True,Eyes,1.320563,-0.2950951,-3.544975,0.2529932,-0.3100015,0.9164571,0.0,0.0,0.0,0.0,0.0,0.0,0.0,-2.104041,1.235121,2.909261,1.31155,-0.2913726,-3.551232,0.157801,0.1137655,-0.02755559,0.9805086,18.40429,13.05913,358.905,0.3480627,-0.07783405,-0.9342343,0,0,0,1.556278,-0.6019857,-2.53468,0.008024827,0.03553811,1.090148,0.9725962,-0.01813239,-0.2317926,0.08994158,0.9486791,0.3031806,0.2143994,-0.3157201,0.9243126,moving,15.43247,-18.68866,0.4217594,1.867143,12.950554044110314,-7.80187267323431
05/11/2023 12:33:56.263277,3326,True,True,True,True,Eyes,1.320498,-0.2950673,-3.544971,0.2528685,-0.3099226,0.9165181,0.0,0.0,0.0,0.0,0.0,0.0,0.0,-2.103211,1.234487,2.910222,1.311461,-0.2913647,-3.55134,0.1576897,0.1136368,-0.02757261,0.9805409,18.39154,13.04301,358.899,0.348059,-0.07782768,-0.9342362,0,0,0,1.552877,-0.5996026,-2.534999,0.005102903,0.03719282,1.0885,0.9726529,-0.01823345,-0.2315468,0.08991082,0.9487475,0.3029758,0.2141551,-0.3155089,0.9244413,moving,15.42425,-18.68308,0.2686014,1.956971,12.942461394958746,-7.796285228097627
05/11/2023 12:33:56.283174,3327,True,True,True,True,Eyes,1.320432,-0.2950402,-3.544971,0.2527222,-0.3098412,0.916586,0.0,0.0,0.0,0.0,0.0,0.0,0.0,-2.102429,1.233708,2.911145,1.311473,-0.2913201,-3.551363,0.1576111,0.1134819,-0.02767715,0.9805685,18.38367,13.0222,358.8825,0.3480542,-0.07782126,-0.9342386,0,0,0,1.549654,-0.597345,-2.535302,0.002352268,0.03877515,1.086854,0.9727117,-0.01850666,-0.2312781,0.0900507,0.9487855,0.3028152,0.2138292,-0.3153786,0.9245612,moving,15.41466,-18.67722,0.1240045,2.043246,12.932998548296696,-7.790423793704004
05/11/2023 12:33:56.294210,3328,True,True,True,True,Eyes,1.320365,-0.2950119,-3.544969,0.2525415,-0.3097528,0.9166657,0.0,0.0,0.0,0.0,0.0,0.0,0.0,-2.100599,1.232786,2.912913,1.311393,-0.2913087,-3.55144,0.1575122,0.1131559,-0.02783891,0.9806175,18.37402,12.97972,358.8557,0.3480483,-0.07781482,-0.9342412,0,0,0,1.546357,-0.5950356,-2.535611,-7.554889e-06,0.04042783,1.085234,0.9728414,-0.01895176,-0.2306953,0.09024554,0.9488298,0.3026182,0.2131555,-0.3152188,0.9247712,moving,15.40289,-18.67075,-0.0003988663,2.133433,12.92136080736302,-7.783960089167369
05/11/2023 12:33:56.313427,3329,True,True,True,True,Eyes,1.320297,-0.2949811,-3.544967,0.2523442,-0.3096469,0.9167558,0.0,0.0,0.0,0.0,0.0,0.0,0.0,-2.098867,1.230536,2.915161,1.311462,-0.2912531,-3.55146,0.1572174,0.1128234,-0.02800686,0.9806983,18.34182,12.93573,358.8254,0.3480415,-0.07780834,-0.9342443,0,0,0,1.542895,-0.5926102,-2.535936,-0.002628505,0.04167143,1.083477,0.9729729,-0.01945696,-0.2300978,0.09040818,0.9489966,0.302046,0.2124851,-0.3146853,0.9251071,moving,15.38999,-18.66311,-0.1389988,2.202559,12.908623852695719,-7.77632086605513
05/11/2023 12:33:56.333273,3330,True,True,True,True,Eyes,1.320244,-0.2949443,-3.544967,0.2518857,-0.3094893,0.9169351,0.0,0.0,0.0,0.0,0.0,0.0,0.0,-2.097132,1.2283,2.917303,1.311355,-0.2911662,-3.551466,0.1569202,0.1125241,-0.02815381,0.9807761,18.30909,12.89616,358.7983,0.3480339,-0.07780176,-0.9342477,0,0,0,1.539622,-0.5903175,-2.536244,-0.004970714,0.04278308,1.081859,0.9730913,-0.01991056,-0.2295578,0.09053978,0.9491669,0.3014711,0.2118862,-0.3141431,0.9254288,moving,15.36048,-18.65087,-0.2632497,2.264633,12.87931422611475,-7.764141071518985
05/11/2023 12:33:56.353211,3331,True,True,True,True,Eyes,1.320184,-0.2949021,-3.544967,0.2513831,-0.3092765,0.9171448,0.0,0.0,0.0,0.0,0.0,0.0,0.0,-2.093905,1.224751,2.920966,1.311242,-0.2909915,-3.551403,0.1563721,0.1120037,-0.02823799,0.9809209,18.24632,12.83052,358.771,0.3480258,-0.07779489,-0.9342512,0,0,0,1.536426,-0.5880781,-2.536544,-0.006734684,0.04319501,1.080276,0.9733155,-0.02036997,-0.2285648,0.09042697,0.9495007,0.3004518,0.2109022,-0.3131028,0.9260058,moving,15.32794,-18.63496,-0.3571902,2.289761,12.847074708435148,-7.7482705359381185
05/11/2023 12:33:56.363530,3332,True,True,True,True,Eyes,1.320128,-0.2948604,-3.544969,0.2504571,-0.3087355,0.9175803,0.0,0.0,0.0,0.0,0.0,0.0,0.0,-2.088582,1.219846,2.926727,1.311017,-0.2908317,-3.55142,0.1555595,0.1111639,-0.02830962,0.9811435,18.15245,12.72616,358.7357,0.3480172,-0.07778766,-0.9342551,0,0,0,1.532984,-0.585667,-2.536867,-0.007938817,0.04322305,1.078695,0.9736823,-0.02096639,-0.2269432,0.09013681,0.9499996,0.2989584,0.2093278,-0.3115464,0.9268876,moving,15.2672,-18.59639,-0.4216692,2.294601,12.787187998687369,-7.709675222650574
05/11/2023 12:33:56.383486,3333,True,True,True,True,Eyes,1.320069,-0.2948186,-3.544973,0.2494793,-0.308172,0.918036,0.0,0.0,0.0,0.0,0.0,0.0,0.0,-2.082124,1.215174,2.933183,1.3108,-0.2908776,-3.551429,0.1546383,0.1101865,-0.02819479,0.9814025,18.04346,12.6086,358.7186,0.3480081,-0.07778009,-0.9342591,0,0,0,1.529562,-0.5832698,-2.537188,-0.008879229,0.04316333,1.077075,0.9741279,-0.02126277,-0.2249946,0.08941898,0.9505841,0.2973116,0.2075546,-0.3097383,0.9278919,moving,15.20317,-18.55619,-0.4723262,2.294876,12.724042374847333,-7.6694536607398796
05/11/2023 12:33:56.393827,3334,True,True,True,True,Eyes,1.320013,-0.2947748,-3.544979,0.2481785,-0.307407,0.9186449,0.0,0.0,0.0,0.0,0.0,0.0,0.0,-2.074598,1.212591,2.93963,1.3107,-0.2908401,-3.551511,0.1540731,0.1090008,-0.02815015,0.9816252,17.97614,12.4659,358.6941,0.3479986,-0.07777222,-0.9342633,0,0,0,1.526374,-0.5810363,-2.537488,-0.009294942,0.04370785,1.075628,0.9746528,-0.02167761,-0.2226701,0.08885396,0.950938,0.2963473,0.2053214,-0.3086208,0.9287606,moving,15.11797,-18.50183,-0.495104,2.326918,12.640047783634111,-7.615055277028439
05/11/2023 12:33:56.413543,3335,True,True,True,True,Eyes,1.319948,-0.2947241,-3.544985,0.2468231,-0.3066381,0.9192668,0.0,0.0,0.0,0.0,0.0,0.0,0.0,-2.066499,1.211727,2.945659,1.310609,-0.2907284,-3.551533,0.1537386,0.1077472,-0.02801663,0.9818198,17.93421,12.31742,358.6819,0.3479887,-0.07776403,-0.9342676,0,0,0,1.523101,-0.578744,-2.537795,-0.009688184,0.04469559,1.074095,0.9752112,-0.02188477,-0.220191,0.08814438,0.951159,0.2958499,0.2029621,-0.3079247,0.92951,moving,15.02944,-18.44705,-0.5167859,2.382836,12.55271412403441,-7.560254410525637
05/11/2023 12:33:56.433332,3336,True,True,True,True,Eyes,1.319864,-0.2946711,-3.544985,0.2452324,-0.3057292,0.919995,0.0,0.0,0.0,0.0,0.0,0.0,0.0,-2.057274,1.210228,2.952652,1.310362,-0.2905174,-3.551582,0.1533111,0.106334,-0.02790527,0.9820439,17.8816,12.14928,358.6631,0.3479783,-0.07775535,-0.9342723,0,0,0,1.51968,-0.5763472,-2.538116,-0.009728208,0.04550555,1.072595,0.9758288,-0.02220404,-0.2174057,0.08741277,0.951434,0.2951818,0.2002929,-0.307051,0.9303776,moving,14.92563,-18.38248,-0.5196464,2.429355,12.450317994682848,-7.4956562035606
05/11/2023 12:33:56.443408,3337,True,True,True,True,Eyes,1.319771,-0.2946128,-3.544986,0.2435726,-0.304781,0.9207503,0.0,0.0,0.0,0.0,0.0,0.0,0.0,-2.047158,1.207605,2.960548,1.310068,-0.2904392,-3.551531,0.1526854,0.1047888,-0.02780831,0.9823102,17.80611,11.9647,358.6378,0.347967,-0.07774622,-0.9342772,0,0,0,1.51644,-0.574077,-2.53842,-0.009232998,0.0459013,1.071093,0.976492,-0.02263334,-0.2143619,0.08663219,0.9518277,0.2941409,0.1973782,-0.3057969,0.931413,moving,14.81744,-18.31525,-0.4938868,2.453888,12.343599398599553,-7.4283975245787275
05/11/2023 12:33:56.463423,3338,True,True,True,True,Eyes,1.319677,-0.2945483,-3.544987,0.2416902,-0.3036894,0.9216065,0.0,0.0,0.0,0.0,0.0,0.0,0.0,-2.035328,1.203423,2.970323,1.309774,-0.2902669,-3.551597,0.1517344,0.1030004,-0.02758788,0.9826528,17.69125,11.75271,358.619,0.3479547,-0.07773653,-0.9342827,0,0,0,1.513161,-0.57178,-2.538728,-0.008286506,0.04554835,1.069755,0.9772597,-0.02296121,-0.2107993,0.085476,0.9524312,0.2925213,0.1940551,-0.3038876,0.9327351,moving,14.69484,-18.23818,-0.4438142,2.438085,12.222695966343096,-7.351285146572781
05/11/2023 12:33:56.483229,3339,True,True,True,True,Eyes,1.31957,-0.2944826,-3.544988,0.2397198,-0.3025734,0.9224879,0.0,0.0,0.0,0.0,0.0,0.0,0.0,-2.022667,1.199728,2.98037,1.309592,-0.2900851,-3.551613,0.1509105,0.1010412,-0.02748241,0.982986,17.59217,11.51874,358.5854,0.3479415,-0.07772619,-0.9342884,0,0,0,1.509714,-0.5693654,-2.539052,-0.007232949,0.04556668,1.068268,0.9780708,-0.0235333,-0.2069389,0.08452601,0.9529415,0.2911322,0.1903494,-0.3022395,0.9340334,moving,14.56683,-18.15934,-0.387928,2.442455,12.096403648303228,-7.2724190932132124
05/11/2023 12:33:56.493812,3340,True,True,True,True,Eyes,1.319466,-0.2944142,-3.54499,0.2375113,-0.3013541,0.9234577,0.0,0.0,0.0,0.0,0.0,0.0,0.0,-2.008673,1.195825,2.991251,1.309231,-0.2899995,-3.551642,0.150043,0.09889277,-0.02742131,0.983339,17.48822,11.26154,358.5429,0.3479272,-0.07771523,-0.9342946,0,0,0,1.506501,-0.5671145,-2.539354,-0.005375147,0.04549375,1.066928,0.9789366,-0.02425255,-0.2027189,0.08360521,0.9534703,0.2896626,0.1862615,-0.3005097,0.9354146,moving,14.42373,-18.07318,-0.2886517,2.441609,11.955158761652324,-7.18625198863862
05/11/2023 12:33:56.513728,3341,True,True,True,True,Eyes,1.319352,-0.2943431,-3.544994,0.235208,-0.3001389,0.9244425,0.0,0.0,0.0,0.0,0.0,0.0,0.0,-1.99349,1.192393,3.00269,1.309014,-0.2898952,-3.551675,0.1492366,0.09653982,-0.02736292,0.9836971,17.39097,10.98031,358.4977,0.347912,-0.07770365,-0.9343013,0,0,0,1.503053,-0.5646992,-2.539677,-0.003468663,0.04566827,1.065462,0.9798626,-0.02501911,-0.1980989,0.08264818,0.9539595,0.2883239,0.1817647,-0.2988903,0.936817,moving,14.27501,-17.98707,-0.1865284,2.454332,11.808253560972835,-7.100172913368322
05/11/2023 12:33:56.533346,3342,True,True,True,True,Eyes,1.319246,-0.2942659,-3.544994,0.2328219,-0.2988658,0.9254583,0.0,0.0,0.0,0.0,0.0,0.0,0.0,-1.978486,1.189663,3.013644,1.308701,-0.2897593,-3.551773,0.1486557,0.09418387,-0.02752307,0.9840089,17.32201,10.69552,358.4295,0.3478956,-0.07769144,-0.9343084,0,0,0,1.499822,-0.5624356,-2.539981,-0.001245782,0.04625368,1.064172,0.9807438,-0.02616395,-0.1935385,0.08216783,0.9542879,0.2873726,0.1771726,-0.2977415,0.9380618,moving,14.12113,-17.89725,-0.06707373,2.488764,11.65627513291002,-7.010376852628717
05/11/2023 12:33:56.543547,3343,True,True,True,True,Eyes,1.319131,-0.2941861,-3.544994,0.2303648,-0.297583,0.9264861,0.0,0.0,0.0,0.0,0.0,0.0,0.0,-1.964444,1.18593,3.02406,1.308525,-0.2895568,-3.551665,0.1479452,0.09197825,-0.02765932,0.9843208,17.23786,10.42912,358.3659,0.3478785,-0.07767851,-0.9343158,0,0,0,1.496562,-0.5601518,-2.540287,0.0005272776,0.04643989,1.062689,0.9815499,-0.0272358,-0.1892563,0.08166677,0.9546943,0.286163,0.1728881,-0.2963392,0.9393045,moving,13.96307,-17.80677,0.02842861,2.502253,11.500109698282447,-6.91994129898022
05/11/2023 12:33:56.563289,3344,True,True,True,True,Eyes,1.319028,-0.2941026,-3.545003,0.227871,-0.2962728,0.9275221,0.0,0.0,0.0,0.0,0.0,0.0,0.0,-1.950528,1.181979,3.034496,1.308219,-0.2894191,-3.551704,0.1471696,0.08982434,-0.02775425,0.9846331,17.14567,10.16979,358.3079,0.3478605,-0.07766485,-0.9343237,0,0,0,1.493301,-0.5578675,-2.540593,0.002271146,0.04659766,1.061362,0.9823226,-0.02821667,-0.1850572,0.08109432,0.9551417,0.2848301,0.1687189,-0.2948021,0.9405454,moving,13.8029,-17.71473,0.1226037,2.51388,11.341871161019563,-6.827942409970852
05/11/2023 12:33:56.583218,3345,True,True,True,True,Eyes,1.318915,-0.2940165,-3.545016,0.2253206,-0.2949603,0.9285629,0.0,0.0,0.0,0.0,0.0,0.0,0.0,-1.936389,1.179459,3.044639,1.308052,-0.2892689,-3.551883,0.1465203,0.08765778,-0.02766307,0.9849278,17.06602,9.912666,358.2733,0.3478419,-0.07765044,-0.9343318,0,0,0,1.489923,-0.5555009,-2.54091,0.003702432,0.04707646,1.06009,0.9831017,-0.02880497,-0.1807795,0.08017952,0.9555331,0.283774,0.1645668,-0.2934735,0.9416959,moving,13.63949,-17.62258,0.2001083,2.542719,11.180373957621667,-6.735853896547887
05/11/2023 12:33:56.603565,3346,True,True,True,True,Eyes,1.318801,-0.2939214,-3.545031,0.2227644,-0.2935757,0.9296179,0.0,0.0,0.0,0.0,0.0,0.0,0.0,-1.922884,1.176649,3.054293,1.307728,-0.2891271,-3.552034,0.1458416,0.08562105,-0.02757424,0.9852101,16.98319,9.671124,358.2409,0.3478224,-0.07763525,-0.9343404,0,0,0,1.486644,-0.5532043,-2.541218,0.005110353,0.04745165,1.058876,0.9838174,-0.02935863,-0.1767524,0.07930706,0.9559398,0.2826473,0.1606665,-0.292091,0.9427986,moving,13.47569,-17.52625,0.2765191,2.565892,11.018621835117433,-6.639541350098639
05/11/2023 12:33:56.623588,3347,True,True,True,True,Eyes,1.318679,-0.2938209,-3.545049,0.2201758,-0.2921643,0.9306787,0.0,0.0,0.0,0.0,0.0,0.0,0.0,-1.910477,1.172464,3.063648,1.307508,-0.2888441,-3.552115,0.1450932,0.08370152,-0.02769135,0.9854824,16.89442,9.440059,358.1859,0.3478022,-0.07761915,-0.9343492,0,0,0,1.48316,-0.5507632,-2.541545,0.006017596,0.04767513,1.057543,0.9844545,-0.03028963,-0.1730084,0.0788677,0.9563624,0.2813379,0.1569371,-0.2906091,0.9438841,moving,13.31007,-17.42843,0.3260191,2.581206,10.85508629815053,-6.5417343156477905
05/11/2023 12:33:56.633402,3348,True,True,True,True,Eyes,1.318554,-0.2937132,-3.545072,0.217692,-0.2906666,0.9317312,0.0,0.0,0.0,0.0,0.0,0.0,0.0,-1.898944,1.166544,3.07307,1.307222,-0.2886257,-3.552244,0.1440514,0.08194878,-0.02774355,0.985781,16.77136,9.229923,358.1393,0.3477811,-0.07760208,-0.9343585,0,0,0,1.479532,-0.548222,-2.541886,0.006484792,0.04742396,1.056226,0.9850294,-0.03108846,-0.1695601,0.07830781,0.9569589,0.2794591,0.1535741,-0.2885533,0.9450672,moving,13.15082,-17.32604,0.351768,2.570822,10.69811520510868,-6.439263824743978
05/11/2023 12:33:56.643600,3349,True,True,True,True,Eyes,1.318422,-0.293603,-3.545097,0.2151854,-0.2891335,0.93279,0.0,0.0,0.0,0.0,0.0,0.0,0.0,-1.888399,1.159205,3.082351,1.306921,-0.288376,-3.552393,0.1427843,0.0803718,-0.02773312,0.9860952,16.62196,9.041853,358.1016,0.3477592,-0.07758394,-0.9343681,0,0,0,1.476678,-0.5462227,-2.542154,0.007355571,0.04622193,1.055317,0.9855425,-0.03174333,-0.1664282,0.07764664,0.9576871,0.2771398,0.1505888,-0.2860557,0.9463061,moving,12.99031,-17.22168,0.3993457,2.5079,10.539940370261673,-6.3348097569976325
05/11/2023 12:33:56.663976,3350,True,True,True,True,Eyes,1.318259,-0.2934899,-3.545117,0.2128358,-0.2874657,0.9338439,0.0,0.0,0.0,0.0,0.0,0.0,0.0,-1.877472,1.152656,3.091454,1.306619,-0.2882259,-3.552503,0.1415849,0.07875773,-0.02764035,0.9864011,16.47953,8.851102,358.0741,0.3477362,-0.07756477,-0.9343783,0,0,0,1.472455,-0.5432639,-2.542551,0.006919518,0.04601984,1.053747,0.9860665,-0.03222712,-0.1632003,0.07683075,0.9583794,0.2749653,0.1475465,-0.2836728,0.9475018,moving,12.83918,-17.10997,0.376232,2.500664,10.39145231145903,-6.222861149016982
05/11/2023 12:33:56.683464,3351,True,True,True,True,Eyes,1.318088,-0.2933699,-3.545141,0.2104612,-0.2857839,0.9348977,0.0,0.0,0.0,0.0,0.0,0.0,0.0,-1.866744,1.145108,3.100718,1.306401,-0.2880943,-3.552573,0.1402073,0.07718275,-0.02748104,0.9867268,16.316,8.666264,358.054,0.3477117,-0.07754463,-0.9343891,0,0,0,1.469673,-0.5413156,-2.542812,0.007747918,0.04461522,1.05278,0.9865752,-0.03258937,-0.1600226,0.07587571,0.9591734,0.2724505,0.1446105,-0.2809348,0.9487695,moving,12.68675,-16.99759,0.4216598,2.426656,10.241677390343666,-6.110243734093153
05/11/2023 12:33:56.693861,3352,True,True,True,True,Eyes,1.317901,-0.2932481,-3.545162,0.2082295,-0.2841046,0.9359087,0.0,0.0,0.0,0.0,0.0,0.0,0.0,-1.85628,1.139259,3.109129,1.306047,-0.2878209,-3.552713,0.139191,0.07563306,-0.02748211,0.9869906,16.19561,8.482148,358.0191,0.3476855,-0.07752343,-0.9344006,0,0,0,1.466763,-0.5392764,-2.543085,0.008520827,0.04397887,1.051856,0.9870487,-0.03319426,-0.1569487,0.07530402,0.9597412,0.2706033,0.1416477,-0.2789175,0.949811,moving,12.54338,-16.8862,0.464129,2.394185,10.10099217453968,-5.998566956138671
05/11/2023 12:33:56.713433,3353,True,True,True,True,Eyes,1.317707,-0.2931194,-3.545189,0.2059557,-0.2823907,0.93693,0.0,0.0,0.0,0.0,0.0,0.0,0.0,-1.845573,1.134201,3.117317,1.305853,-0.2876773,-3.552774,0.1381591,0.07408205,-0.02722412,0.9872604,16.0712,8.302377,358.015,0.3476575,-0.07750126,-0.9344128,0,0,0,1.463374,-0.5369027,-2.543403,0.008613259,0.04363345,1.050608,0.9875414,-0.03328436,-0.1537991,0.0742248,0.9603418,0.2687644,0.138754,-0.2768317,0.9508478,moving,12.39757,-16.77281,0.4697205,2.378219,9.957916087156553,-5.884884134331639
05/11/2023 12:33:56.723354,3354,True,True,True,True,Eyes,1.317529,-0.2929865,-3.545223,0.2033317,-0.2805735,0.9380484,0.0,0.0,0.0,0.0,0.0,0.0,0.0,-1.833069,1.128232,3.126892,1.305506,-0.2874058,-3.552964,0.1369065,0.07231609,-0.02680678,0.9875771,15.91962,8.099882,358.0247,0.3476277,-0.07747801,-0.9344258,0,0,0,1.459929,-0.534489,-2.543727,0.009213343,0.04276459,1.049544,0.9881036,-0.03314643,-0.1501755,0.0727486,0.961076,0.2665343,0.1354953,-0.2742886,0.952054,moving,12.23025,-16.65211,0.5029539,2.333277,9.793422931375076,-5.763953178381406
05/11/2023 12:33:56.743578,3355,True,True,True,True,Eyes,1.317343,-0.2928536,-3.545257,0.2006793,-0.278709,0.9391747,0.0,0.0,0.0,0.0,0.0,0.0,0.0,-1.821245,1.121942,3.136094,1.305208,-0.2871829,-3.553129,0.1357544,0.07058467,-0.02669557,0.9878643,15.78227,7.896688,358.0003,0.3475965,-0.07745367,-0.9344394,0,0,0,1.45676,-0.5322689,-2.544024,0.01001494,0.04204743,1.048551,0.9886103,-0.03357883,-0.1467042,0.07190754,0.9617162,0.2644452,0.1322081,-0.2719823,0.9531772,moving,12.06137,-16.52876,0.5472276,2.296359,9.627446381149694,-5.640353059557668
05/11/2023 12:33:56.763204,3356,True,True,True,True,Eyes,1.317166,-0.2927247,-3.545303,0.1977717,-0.2767581,0.9403676,0.0,0.0,0.0,0.0,0.0,0.0,0.0,-1.809172,1.11334,3.146055,1.304861,-0.287073,-3.553198,0.1342473,0.0688291,-0.02660305,0.9881967,15.60403,7.690553,357.9712,0.3475639,-0.07742836,-0.9344536,0,0,0,1.453606,-0.5300601,-2.544321,0.01096398,0.04067129,1.047486,0.9891096,-0.03409785,-0.1431761,0.07105833,0.9625399,0.2616633,0.1288906,-0.2689876,0.9544804,moving,11.87696,-16.3996,0.5996895,2.223536,9.446024468603373,-5.510981669252526
05/11/2023 12:33:56.783329,3357,True,True,True,True,Eyes,1.31698,-0.2925962,-3.545349,0.1948431,-0.274833,0.9415429,0.0,0.0,0.0,0.0,0.0,0.0,0.0,-1.796859,1.107239,3.15545,1.304554,-0.2870475,-3.553489,0.1331631,0.06699585,-0.02664917,0.9884682,15.47546,7.473328,357.9282,0.3475302,-0.07740223,-0.9344683,0,0,0,1.450277,-0.5277279,-2.544633,0.01181407,0.04045853,1.046507,0.9896028,-0.03484095,-0.1395439,0.07052644,0.9631149,0.2596841,0.1253491,-0.2668257,0.9555583,moving,11.69177,-16.27234,0.6467875,2.213983,9.263754569523812,-5.383536676598911
05/11/2023 12:33:56.793393,3358,True,True,True,True,Eyes,1.3168,-0.2924666,-3.545396,0.1917637,-0.2728713,0.9427449,0.0,0.0,0.0,0.0,0.0,0.0,0.0,-1.785078,1.103817,3.163265,1.304173,-0.2869338,-3.553584,0.1325289,0.0652526,-0.02672192,0.9886679,15.39913,7.26648,357.8873,0.3474953,-0.07737539,-0.9344835,0,0,0,1.446963,-0.5254061,-2.544944,0.01256138,0.04106049,1.045356,0.9900561,-0.0355425,-0.1361091,0.07013392,0.9634441,0.2585667,0.1219435,-0.2655414,0.9563564,moving,11.49767,-16.14274,0.6884543,2.249363,9.072590490347153,-5.253784985833548
05/11/2023 12:33:56.813385,3359,True,True,True,True,Eyes,1.316609,-0.2923333,-3.545447,0.188651,-0.2709173,0.9439357,0.0,0.0,0.0,0.0,0.0,0.0,0.0,-1.771637,1.101606,3.171548,1.303905,-0.2867884,-3.553665,0.1318519,0.06334186,-0.02632522,0.9888934,15.31407,7.047436,357.8988,0.3474593,-0.07734787,-0.9344991,0,0,0,1.443645,-0.5230818,-2.545256,0.01345071,0.04146478,1.044199,0.9905896,-0.03536218,-0.1322187,0.06876916,0.9638441,0.25744,0.1183346,-0.26411,0.9572058,moving,11.30199,-16.01392,0.7380072,2.274,8.879809833438586,-5.124832531676276
05/11/2023 12:33:56.833226,3360,True,True,True,True,Eyes,1.316411,-0.292199,-3.545503,0.185498,-0.2689802,0.9451138,0.0,0.0,0.0,0.0,0.0,0.0,0.0,-1.757095,1.098459,3.180714,1.303482,-0.28658,-3.553836,0.1310128,0.06129987,-0.02589253,0.9891449,15.20989,6.813632,357.9118,0.3474222,-0.07731966,-0.9345152,0,0,0,1.440248,-0.5207016,-2.545575,0.01467519,0.04155339,1.043152,0.9911438,-0.03516079,-0.1280534,0.06728508,0.9643304,0.2560069,0.1144844,-0.2623557,0.9581559,moving,11.10432,-15.8864,0.8059909,2.281141,8.684982639837763,-4.997207849091591
05/11/2023 12:33:56.853556,3361,True,True,True,True,Eyes,1.316205,-0.2920631,-3.545561,0.1823045,-0.2670529,0.9462811,0.0,0.0,0.0,0.0,0.0,0.0,0.0,-1.741456,1.096184,3.190206,1.303159,-0.2864365,-3.554072,0.130309,0.05906684,-0.02551694,0.9893834,15.12143,6.556498,357.9164,0.3473838,-0.07729078,-0.9345319,0,0,0,1.436983,-0.5184145,-2.545882,0.01631605,0.0419433,1.042183,0.99172,-0.0350982,-0.1235297,0.06588596,0.9647369,0.2548367,0.1102293,-0.2608655,0.9590613,moving,10.90464,-15.75976,0.8969293,2.30466,8.488102614271709,-4.87048638578128
05/11/2023 12:33:56.869444,3362,True,True,True,True,Eyes,1.315989,-0.2919299,-3.545621,0.1791197,-0.2651413,0.9474261,0.0,0.0,0.0,0.0,0.0,0.0,0.0,-1.726444,1.092681,3.199546,1.302779,-0.2862775,-3.554218,0.1294973,0.05691896,-0.02527355,0.9896222,15.02164,6.30754,357.9066,0.3473441,-0.07726125,-0.934549,0,0,0,1.433579,-0.5160299,-2.546201,0.0177333,0.04217936,1.041105,0.9922429,-0.03528082,-0.1192022,0.06476422,0.9651834,0.2534297,0.1061108,-0.2591838,0.9599813,moving,10.70594,-15.63451,0.9758337,2.320015,8.292163519681358,-4.745163895562692
05/11/2023 12:33:56.883206,3363,True,True,True,True,Eyes,1.315763,-0.2917936,-3.545685,0.1758901,-0.2632501,0.9485579,0.0,0.0,0.0,0.0,0.0,0.0,0.0,-1.711459,1.089304,3.208786,1.302485,-0.2862236,-3.554376,0.1287003,0.05476326,-0.02504664,0.9898537,14.92368,6.057567,357.8952,0.3473029,-0.07723124,-0.9345669,0,0,0,1.43027,-0.5137121,-2.546512,0.01916677,0.04249835,1.040047,0.9927473,-0.03548891,-0.1148622,0.0636811,0.9656178,0.2520456,0.1019682,-0.2575321,0.9608744,moving,10.50498,-15.51075,1.05577,2.339916,8.093899768767244,-4.621363096846588
05/11/2023 12:33:56.893542,3364,True,True,True,True,Eyes,1.31554,-0.2916493,-3.545747,0.1726724,-0.2613707,0.9496681,0.0,0.0,0.0,0.0,0.0,0.0,0.0,-1.695986,1.086691,3.217922,1.30206,-0.2860234,-3.554592,0.1280372,0.05255613,-0.02482313,0.9900647,14.84112,5.801569,357.8838,0.3472602,-0.07720069,-0.9345853,0,0,0,1.426522,-0.5110862,-2.546864,0.02037631,0.04324661,1.038929,0.9932433,-0.03569474,-0.1104245,0.0626113,0.9659806,0.2509211,0.09771136,-0.2561395,0.9616886,moving,10.30517,-15.38814,1.123587,2.383626,7.896756028347173,-4.498717460229461
05/11/2023 12:33:56.913588,3365,True,True,True,True,Eyes,1.315307,-0.2915012,-3.545809,0.1694092,-0.2594654,0.9507777,0.0,0.0,0.0,0.0,0.0,0.0,0.0,-1.680742,1.08224,3.227265,1.301695,-0.2856959,-3.554622,0.127123,0.0503905,-0.02458256,0.9903012,14.7296,5.551042,357.8741,0.3472161,-0.07716946,-0.9346042,0,0,0,1.423621,-0.5090541,-2.547136,0.0223251,0.04279813,1.038004,0.993713,-0.03587669,-0.1060535,0.06149985,0.9664708,0.2493027,0.09355351,-0.2542576,0.9626011,moving,10.10291,-15.26423,1.232111,2.361035,7.697188276998832,-4.374773655849536
05/11/2023 12:33:56.923108,3366,True,True,True,True,Eyes,1.315079,-0.2913506,-3.545874,0.1661473,-0.2575607,0.9518706,0.0,0.0,0.0,0.0,0.0,0.0,0.0,-1.664772,1.075737,3.237624,1.301252,-0.2854728,-3.554734,0.1258801,0.0481361,-0.0243439,0.990578,14.58001,5.290504,357.8617,0.3471706,-0.07713751,-0.9346238,0,0,0,1.420209,-0.5066636,-2.547457,0.0240192,0.04210231,1.036984,0.9941806,-0.03611031,-0.1014939,0.06034782,0.9671232,0.2470445,0.08923627,-0.2517317,0.9636742,moving,9.901127,-15.14075,1.32688,2.324974,7.498086635547496,-4.251261468272091
05/11/2023 12:33:56.943522,3367,True,True,True,True,Eyes,1.314841,-0.2911977,-3.545938,0.1628336,-0.255637,0.9529611,0.0,0.0,0.0,0.0,0.0,0.0,0.0,-1.648081,1.068955,3.248402,1.300875,-0.2852721,-3.554897,0.1246127,0.04575814,-0.02416464,0.9908553,14.42767,5.014837,357.8411,0.3471239,-0.07710484,-0.9346438,0,0,0,1.416968,-0.5043933,-2.547761,0.02607355,0.04130431,1.036064,0.9946445,-0.03648323,-0.09670182,0.05929141,0.9677755,0.2447347,0.08465693,-0.2491577,0.9647558,moving,9.696553,-15.01637,1.441599,2.282976,7.296204453885199,-4.126857849080359
05/11/2023 12:33:56.963448,3368,True,True,True,True,Eyes,1.314607,-0.2910503,-3.546006,0.1595863,-0.2538163,0.9539965,0.0,0.0,0.0,0.0,0.0,0.0,0.0,-1.631672,1.062503,3.258674,1.300451,-0.2850784,-3.554966,0.1234403,0.04341964,-0.02406602,0.9911095,14.28678,4.742799,357.8128,0.3470759,-0.07707148,-0.9346644,0,0,0,1.413667,-0.5020811,-2.548071,0.02804133,0.0407446,1.035035,0.9950712,-0.03698466,-0.09200865,0.05842358,0.9683666,0.2425957,0.0801258,-0.2467755,0.9657545,moving,9.496614,-14.89874,1.551886,2.254308,7.098766695461526,-4.009248630980007
05/11/2023 12:33:56.983934,3369,True,True,True,True,Eyes,1.314364,-0.2909005,-3.546077,0.1562836,-0.2520169,0.9550198,0.0,0.0,0.0,0.0,0.0,0.0,0.0,-1.615005,1.057803,3.268602,1.300119,-0.2850648,-3.55519,0.1224451,0.04105435,-0.02383919,0.9913393,14.16568,4.469549,357.8005,0.3470268,-0.07703763,-0.9346854,0,0,0,1.410204,-0.499655,-2.548396,0.02974602,0.04084602,1.034044,0.9954925,-0.03721163,-0.08723555,0.05731924,0.9688778,0.2408118,0.07555959,-0.2447266,0.9666435,moving,9.293754,-14.7826,1.647755,2.262078,6.898338732971487,-3.8931655116159867
05/11/2023 12:33:56.993691,3370,True,True,True,True,Eyes,1.31414,-0.2907539,-3.546148,0.1530647,-0.250145,0.9560328,0.0,0.0,0.0,0.0,0.0,0.0,0.0,-1.598238,1.055529,3.277564,1.299732,-0.2848693,-3.555345,0.1218386,0.03868635,-0.02359966,0.991515,14.0894,4.195883,357.7918,0.3469765,-0.07700326,-0.9347069,0,0,0,1.407061,-0.4974534,-2.548691,0.03181807,0.04137787,1.033121,0.9958928,-0.03737184,-0.08246687,0.0562258,0.9691968,0.2397836,0.07096548,-0.2434356,0.9673175,moving,9.096091,-14.66268,1.764039,2.293548,6.703268107293878,-3.7732255702875985
05/11/2023 12:33:57.013551,3371,True,True,True,True,Eyes,1.31391,-0.2906019,-3.546222,0.1498012,-0.2482811,0.9570351,0.0,0.0,0.0,0.0,0.0,0.0,0.0,-1.582121,1.05071,3.286917,1.299477,-0.2847996,-3.555443,0.1207576,0.03645029,-0.0231402,0.9917427,13.95784,3.941595,357.8094,0.3469255,-0.07696852,-0.9347287,0,0,0,1.403505,-0.494962,-2.549025,0.03304891,0.04124273,1.032024,0.9962718,-0.03709495,-0.07788731,0.05470154,0.9697643,0.2378339,0.06670991,-0.2412077,0.968178,moving,8.896115,-14.54348,1.834178,2.288491,6.505844838250489,-3.654029083484547
05/11/2023 12:33:57.023309,3372,True,True,True,True,Eyes,1.313666,-0.2904551,-3.546297,0.14676,-0.2465054,0.9579648,0.0,0.0,0.0,0.0,0.0,0.0,0.0,-1.566413,1.046752,3.295742,1.299151,-0.2845297,-3.55563,0.1199515,0.0342341,-0.02295029,0.9919238,13.85921,3.685559,357.7972,0.3468738,-0.07693329,-0.9347509,0,0,0,1.400205,-0.4926502,-2.549335,0.03459435,0.04140089,1.031137,0.9966027,-0.03731703,-0.07342106,0.05374274,0.9701698,0.2363941,0.06240938,-0.2395368,0.9688793,moving,8.709978,-14.4304,1.921535,2.299231,6.322154080330831,-3.540928601402216
05/11/2023 12:33:57.043585,3373,True,True,True,True,Eyes,1.313419,-0.2903092,-3.546374,0.1437156,-0.2447247,0.9588825,0.0,0.0,0.0,0.0,0.0,0.0,0.0,-1.5541,1.041736,3.303183,1.298798,-0.2845179,-3.555788,0.119051,0.03249887,-0.02290196,0.9920919,13.75128,3.484165,357.7754,0.346821,-0.07689777,-0.9347733,0,0,0,1.39693,-0.4903561,-2.549642,0.03521653,0.04160415,1.030222,0.9968386,-0.03770364,-0.06993673,0.05317973,0.9706047,0.2347304,0.05903074,-0.2377075,0.9695414,moving,8.523944,-14.31732,1.957804,2.312557,6.138567031060928,-3.4278274325648397
05/11/2023 12:33:57.063966,3374,True,True,True,True,Eyes,1.313176,-0.2901644,-3.546451,0.1408139,-0.2429674,0.9597595,0.0,0.0,0.0,0.0,0.0,0.0,0.0,-1.542206,1.037354,3.310168,1.298497,-0.2844127,-3.555943,0.118135,0.03088177,-0.02253446,0.9922614,13.64076,3.301241,357.793,0.3467672,-0.076862,-0.9347962,0,0,0,1.393792,-0.4881575,-2.549937,0.03563102,0.04155523,1.02939,0.997077,-0.03742371,-0.0666098,0.05201659,0.9710726,0.2330499,0.05596136,-0.2358335,0.9701809,moving,8.346766,-14.20622,1.98243,2.311707,5.963831655216361,-3.31666930561523
05/11/2023 12:33:57.083288,3375,True,True,True,True,Eyes,1.312931,-0.2900223,-3.54653,0.1379174,-0.2412268,0.9606188,0.0,0.0,0.0,0.0,0.0,0.0,0.0,-1.531592,1.034328,3.316109,1.298342,-0.2842923,-3.556075,0.1174903,0.02940533,-0.02229317,0.9923882,13.56233,3.132683,357.7988,0.3467126,-0.07682603,-0.9348194,0,0,0,1.390435,-0.485806,-2.550252,0.03539496,0.04219224,1.028463,0.9972767,-0.03733727,-0.06360146,0.05115663,0.9713981,0.2318809,0.05312454,-0.234503,0.9706627,moving,8.170207,-14.09641,1.971079,2.349216,5.789677022425902,-3.206811443103126
05/11/2023 12:33:57.093944,3376,True,True,True,True,Eyes,1.312703,-0.289879,-3.546609,0.1352081,-0.2395394,0.9614259,0.0,0.0,0.0,0.0,0.0,0.0,0.0,-1.521168,1.031487,3.321825,1.29807,-0.284227,-3.556215,0.1168558,0.02798138,-0.02201853,0.9925105,13.48516,2.970768,357.8095,0.3466572,-0.07678996,-0.9348429,0,0,0,1.386851,-0.4832954,-2.550589,0.03492372,0.04304942,1.027483,0.9974644,-0.03716767,-0.0606896,0.05024682,0.9717198,0.2307291,0.05039762,-0.2331935,0.9711235,moving,8.00517,-13.99041,1.94671,2.399172,5.62699809238874,-3.100729262898655
05/11/2023 12:33:57.113572,3377,True,True,True,True,Eyes,1.312474,-0.2897379,-3.546693,0.1325238,-0.2378767,0.9622121,0.0,0.0,0.0,0.0,0.0,0.0,0.0,-1.512572,1.028155,3.326828,1.297985,-0.2840421,-3.556306,0.1162273,0.02678193,-0.02184132,0.9926213,13.4095,2.833821,357.8122,0.3466015,-0.07675375,-0.9348665,0,0,0,1.383669,-0.4810658,-2.550888,0.0342342,0.04354955,1.026625,0.9976114,-0.03713474,-0.05824574,0.0495859,0.9720283,0.2295694,0.0480915,-0.2319092,0.9715479,moving,7.84191,-13.88616,1.909898,2.429038,5.466050711909417,-2.99640475803902
05/11/2023 12:33:57.133483,3378,True,True,True,True,Eyes,1.312232,-0.2895986,-3.546778,0.1300249,-0.236324,0.9629353,0.0,0.0,0.0,0.0,0.0,0.0,0.0,-1.504806,1.02566,3.331249,1.297752,-0.2839648,-3.556522,0.1157216,0.02571891,-0.02168531,0.9927118,13.3484,2.712391,357.8147,0.3465454,-0.07671747,-0.9348903,0,0,0,1.380245,-0.4786675,-2.551209,0.03315073,0.04459348,1.025807,0.9977366,-0.03710206,-0.05608185,0.04900699,0.9722765,0.2286409,0.04604402,-0.2308718,0.9718941,moving,7.690122,-13.78903,1.850968,2.489173,5.316419599443654,-2.899203196237581
05/11/2023 12:33:57.143579,3379,True,True,True,True,Eyes,1.311992,-0.2894581,-3.546864,0.1275696,-0.2347694,0.9636437,0.0,0.0,0.0,0.0,0.0,0.0,0.0,-1.497827,1.022953,3.335366,1.297603,-0.2838747,-3.556716,0.1152108,0.02475295,-0.02156609,0.9927984,13.28706,2.601852,357.8143,0.3464887,-0.07668116,-0.9349144,0,0,0,1.377126,-0.4764825,-2.551502,0.03210048,0.04542516,1.025077,0.9978444,-0.03711794,-0.05411866,0.04852517,0.9725228,0.2276946,0.04418008,-0.2298299,0.9722275,moving,7.541114,-13.69205,1.793641,2.537339,5.169582669952297,-2.802134772163363
05/11/2023 12:33:57.163373,3380,True,True,True,True,Eyes,1.311771,-0.2893235,-3.54696,0.1252615,-0.2332024,0.9643269,0.0,0.0,0.0,0.0,0.0,0.0,0.0,-1.492579,1.017866,3.339285,1.297421,-0.2837197,-3.556806,0.1144227,0.02403136,-0.02155185,0.9929076,13.19455,2.518963,357.8045,0.3464314,-0.07664482,-0.9349385,0,0,0,1.373748,-0.4741158,-2.551819,0.03035254,0.04576722,1.024236,0.997916,-0.0372985,-0.05265387,0.04829744,0.9728859,0.2261865,0.04278979,-0.2282582,0.9726598,moving,7.401009,-13.59479,1.697425,2.558517,5.031719222163442,-2.704723863350692
05/11/2023 12:33:57.203234,3381,True,True,True,True,Eyes,1.311552,-0.289187,-3.547057,0.1230156,-0.2316273,0.9649954,0.0,0.0,0.0,0.0,0.0,0.0,0.0,-1.487906,1.014187,3.342847,1.297396,-0.283719,-3.557153,0.1137504,0.02339728,-0.02136941,0.993004,13.11517,2.448417,357.8159,0.3463741,-0.07660855,-0.9349627,0,0,0,1.370443,-0.4718004,-2.55213,0.02829445,0.04648539,1.023631,0.9979918,-0.03711691,-0.05132874,0.04776271,0.9732084,0.2249093,0.04160562,-0.2269092,0.9730269,moving,7.264761,-13.49733,1.583324,2.600145,4.89774590248509,-2.607085006633854
05/11/2023 12:33:57.213349,3382,True,True,True,True,Eyes,1.311368,-0.2890487,-3.547162,0.1205122,-0.2300094,0.9656979,0.0,0.0,0.0,0.0,0.0,0.0,0.0,-1.484539,1.009018,3.345988,1.297236,-0.2835522,-3.557301,0.1128842,0.02298787,-0.02113749,0.9931173,13.01383,2.405121,357.8358,0.3463166,-0.0765723,-0.9349869,0,0,0,1.367025,-0.4694061,-2.552451,0.02581443,0.0466664,1.022884,0.9980496,-0.03679409,-0.05043148,0.04717396,0.9736207,0.2232427,0.04088712,-0.2251863,0.9734574,moving,7.113333,-13.39706,1.445661,2.612159,4.748580754741003,-2.5067060137212813
05/11/2023 12:33:57.223587,3383,True,True,True,True,Eyes,1.311182,-0.2889085,-3.54727,0.1177057,-0.2282074,0.9664713,0.0,0.0,0.0,0.0,0.0,0.0,0.0,-1.484505,1.00199,3.348384,1.297297,-0.2833735,-3.557547,0.1118093,0.02301841,-0.02098928,0.9932413,12.88962,2.41245,357.8513,0.3462598,-0.07653598,-0.935011,0,0,0,1.363845,-0.4671787,-2.552749,0.02247527,0.04627144,1.022343,0.9980592,-0.03654748,-0.05041927,0.04684218,0.9741163,0.2211409,0.04103208,-0.2230735,0.9739377,moving,6.943804,-13.28559,1.259393,2.591451,4.581559199173505,-2.395122759041641
05/11/2023 12:33:57.233388,3384,True,True,True,True,Eyes,1.310997,-0.2887701,-3.547376,0.1149716,-0.2264113,0.9672226,0.0,0.0,0.0,0.0,0.0,0.0,0.0,-1.479863,0.9968653,3.352071,1.297116,-0.2832044,-3.557724,0.1109912,0.02240151,-0.02089037,0.9933493,12.79375,2.34306,357.8532,0.3462036,-0.07649955,-0.9350348,0,0,0,1.35656,-0.4620754,-2.553433,0.01651352,0.04896708,1.020518,0.9981235,-0.03653013,-0.04914234,0.0464756,0.974489,0.2195702,0.03986774,-0.2214421,0.9743582,moving,6.778812,-13.1748,0.9270514,2.747092,4.419083447206051,-2.2841968400906953
05/11/2023 12:33:57.243604,3385,True,True,True,True,Eyes,1.310812,-0.2886312,-3.547487,0.1123003,-0.224631,0.9679512,0.0,0.0,0.0,0.0,0.0,0.0,0.0,-1.475876,0.9919393,3.355323,1.296926,-0.2831255,-3.557832,0.1101858,0.02188726,-0.02075807,0.9934531,12.69949,2.286094,357.8604,0.3461478,-0.07646306,-0.9350585,0,0,0,1.354615,-0.4607129,-2.553616,0.01578714,0.04847486,1.020155,0.9981801,-0.03642101,-0.04806243,0.04606767,0.9748564,0.2180201,0.03891345,-0.2198375,0.9747601,moving,6.617786,-13.06528,0.8865946,2.720486,4.260559125128232,-2.174528646245859
05/11/2023 12:33:57.263626,3386,True,True,True,True,Eyes,1.310612,-0.2884956,-3.547599,0.1094231,-0.2227551,0.9687139,0.0,0.0,0.0,0.0,0.0,0.0,0.0,-1.471284,0.988006,3.358643,1.296754,-0.2829849,-3.558042,0.1095112,0.02128742,-0.02058666,0.9935444,12.62006,2.21943,357.8714,0.3460925,-0.0764265,-0.935082,0,0,0,1.352613,-0.4593098,-2.553804,0.01514442,0.04824975,1.019876,0.9982461,-0.0362451,-0.04680892,0.04556994,0.975167,0.216732,0.03779105,-0.2184849,0.9751083,moving,6.444645,-12.95001,0.8507376,2.70861,4.090025958777358,-2.0591270807010567
05/11/2023 12:33:57.283211,3387,True,True,True,True,Eyes,1.310412,-0.288358,-3.547714,0.1065856,-0.2208949,0.969456,0.0,0.0,0.0,0.0,0.0,0.0,0.0,-1.465275,0.9850674,3.362227,1.296477,-0.2829564,-3.558235,0.1088944,0.02052332,-0.02026164,0.9936348,12.54664,2.135476,357.8984,0.3460373,-0.07638997,-0.9351054,0,0,0,1.350662,-0.4579434,-2.553987,0.01496838,0.04821727,1.01957,0.9983366,-0.0357956,-0.04519813,0.0447351,0.975463,0.2155709,0.03637261,-0.2172342,0.9754416,moving,6.274115,-12.83596,0.8411033,2.707603,3.9220815476840807,-1.9449417169430454
05/11/2023 12:33:57.293744,3388,True,True,True,True,Eyes,1.310215,-0.288219,-3.54783,0.1035551,-0.2190454,0.9702039,0.0,0.0,0.0,0.0,0.0,0.0,0.0,-1.45798,0.9812472,3.366627,1.296273,-0.2827872,-3.558432,0.1081804,0.0195553,-0.01999426,0.9937379,12.46175,2.027152,357.916,0.345982,-0.07635341,-0.9351288,0,0,0,1.347303,-0.4555904,-2.554302,0.01371629,0.04873183,1.01891,0.9984356,-0.03550709,-0.04319164,0.04396909,0.9757945,0.2142238,0.0345397,-0.2157878,0.9758292,moving,6.092421,-12.7225,0.7712535,2.738221,3.7428768820371037,-1.8314273716519018
05/11/2023 12:33:57.313751,3389,True,True,True,True,Eyes,1.310014,-0.288081,-3.547943,0.1005334,-0.2172018,0.9709358,0.0,0.0,0.0,0.0,0.0,0.0,0.0,-1.4494,0.9775048,3.371449,1.295977,-0.2826305,-3.558583,0.107442,0.01842751,-0.01966157,0.9938461,12.37366,1.90107,357.9394,0.3459268,-0.07631678,-0.9351522,0,0,0,1.34397,-0.4532555,-2.554615,0.01290118,0.04919337,1.018224,0.9985477,-0.03512138,-0.04085318,0.04304093,0.9761393,0.212837,0.03240326,-0.2142863,0.9762332,moving,5.911498,-12.60966,0.7259147,2.765975,3.564428087029042,-1.7185348026091862
05/11/2023 12:33:57.333287,3390,True,True,True,True,Eyes,1.309815,-0.28794,-3.548058,0.09736308,-0.215323,0.9716771,0.0,0.0,0.0,0.0,0.0,0.0,0.0,-1.438651,0.9733936,3.377219,1.295702,-0.2825344,-3.558672,0.1066219,0.01698727,-0.01931955,0.9939669,12.27556,1.738824,357.96,0.3458716,-0.07628012,-0.9351757,0,0,0,1.340423,-0.4507701,-2.554949,0.0124824,0.04968196,1.017418,0.9986764,-0.03478354,-0.03788933,0.0420284,0.9765171,0.2113008,0.02964978,-0.2126136,0.9766864,moving,5.721999,-12.49479,0.7029095,2.795613,3.3774111929184647,-1.6036467669564605
05/11/2023 12:33:57.343588,3391,True,True,True,True,Eyes,1.30961,-0.2877978,-3.548173,0.09418221,-0.2134561,0.9724023,0.0,0.0,0.0,0.0,0.0,0.0,0.0,-1.426649,0.9688063,3.383667,1.295373,-0.2823372,-3.55885,0.1057694,0.01536159,-0.01906453,0.9940893,12.17358,1.553966,357.9684,0.3458163,-0.07624336,-0.935199,0,0,0,1.33712,-0.4484568,-2.555259,0.01275558,0.04989183,1.0168,0.9988012,-0.03465412,-0.03457446,0.04115326,0.9768988,0.2097026,0.02650869,-0.2108741,0.9771538,moving,5.532138,-12.38087,0.718728,2.809107,3.1899984981839182,-1.4897217434388033
05/11/2023 12:33:57.363507,3392,True,True,True,True,Eyes,1.309428,-0.287657,-3.548291,0.09085692,-0.2116492,0.9731134,0.0,0.0,0.0,0.0,0.0,0.0,0.0,-1.413899,0.9647704,3.390197,1.295051,-0.2821789,-3.559009,0.1050082,0.01361904,-0.0188602,0.9941993,12.08203,1.354761,357.9698,0.345761,-0.07620647,-0.9352224,0,0,0,1.334,-0.4462712,-2.555552,0.01344344,0.0502198,1.016203,0.9989177,-0.03464137,-0.03104103,0.04036181,0.9772352,0.2082843,0.02311913,-0.2093118,0.9775756,moving,5.334086,-12.27056,0.7579271,2.829203,2.9942194704807923,-1.379501607882455
05/11/2023 12:33:57.383367,3393,True,True,True,True,Eyes,1.309236,-0.2875138,-3.548405,0.08749886,-0.2098507,0.9738104,0.0,0.0,0.0,0.0,0.0,0.0,0.0,-1.39935,0.9605445,3.397447,1.294681,-0.2820788,-3.559172,0.1041295,0.01166026,-0.01847609,0.9943237,11.97635,1.13285,357.9898,0.3457061,-0.07616948,-0.9352458,0,0,0,1.33064,-0.4439168,-2.555867,0.01435237,0.05051976,1.015553,0.9990454,-0.03431408,-0.02703597,0.0391708,0.9776313,0.2066461,0.01934034,-0.2075078,0.9780421,moving,5.134356,-12.16095,0.8096828,2.847893,2.7967278274305514,-1.270000469847112
05/11/2023 12:33:57.393819,3394,True,True,True,True,Eyes,1.309236,-0.2875138,-3.548405,0.08749886,-0.2098507,0.9738104,0.0,0.0,0.0,0.0,0.0,0.0,0.0,-1.383693,0.9570138,3.404773,1.294283,-0.2818956,-3.55926,0.1033602,0.009549169,-0.01808955,0.9944337,11.88308,0.8930811,358.0087,0.3456513,-0.07613236,-0.9352691,0,0,0,1.32724,-0.4415355,-2.556186,0.01555669,0.05098113,1.014833,0.9991632,-0.0340037,-0.02273151,0.03795171,0.9779789,0.2052242,0.01525255,-0.2059151,0.978451,moving,5.134356,-12.16095,0.8782363,2.875893,2.7967278274305514,-1.270000469847112
05/11/2023 12:33:57.413620,3395,True,True,True,True,Eyes,1.309236,-0.2875138,-3.548405,0.08749886,-0.2098507,0.9738104,0.0,0.0,0.0,0.0,0.0,0.0,0.0,-1.36664,0.9524163,3.412968,1.293893,-0.281693,-3.559444,0.1024624,0.00722721,-0.01779378,0.9945515,11.77479,0.6279689,358.0148,0.345602,-0.07609895,-0.93529,0,0,0,1.323972,-0.4392459,-2.556493,0.01732464,0.05111581,1.014261,0.9992623,-0.03391262,-0.01802205,0.03687469,0.9783697,0.203551,0.01072928,-0.2040654,0.9788985,moving,5.134356,-12.16095,0.9785768,2.8851,2.7967278274305514,-1.270000469847112
05/11/2023 12:33:57.433600,3396,True,True,True,True,Eyes,1.309236,-0.2875138,-3.548405,0.08749886,-0.2098507,0.9738104,0.0,0.0,0.0,0.0,0.0,0.0,0.0,-1.34971,0.9472723,3.421089,1.29364,-0.2814955,-3.559515,0.1014854,0.004912883,-0.01747796,0.9946714,11.65751,0.3642327,358.0238,0.3455576,-0.07606888,-0.9353089,0,0,0,1.320576,-0.4368669,-2.556812,0.01880817,0.05115011,1.013563,0.9993408,-0.03377248,-0.01332092,0.03576683,0.9787905,0.2017175,0.006225891,-0.202061,0.9793531,moving,5.134356,-12.16095,1.063087,2.889018,2.7967278274305514,-1.270000469847112
05/11/2023 12:33:57.443383,3397,True,True,True,True,Eyes,1.309236,-0.2875138,-3.548405,0.08749886,-0.2098507,0.9738104,0.0,0.0,0.0,0.0,0.0,0.0,0.0,-1.332292,0.9421301,3.429281,1.293254,-0.2813267,-3.559624,0.1005219,0.002544082,-0.01720855,0.9947829,11.54178,0.09367911,358.0274,0.3455177,-0.07604182,-0.9353259,0,0,0,1.317358,-0.4346123,-2.557114,0.02071557,0.05114962,1.012946,0.9993948,-0.03372606,-0.008521286,0.03474901,0.9791985,0.1999073,0.001601947,-0.2000824,0.9797778,moving,5.134356,-12.16095,1.171582,2.890748,2.7967278274305514,-1.270000469847112
05/11/2023 12:33:57.463357,3398,True,True,True,True,Eyes,1.309236,-0.2875138,-3.548405,0.08749886,-0.2098507,0.9738104,0.0,0.0,0.0,0.0,0.0,0.0,0.0,-1.313779,0.9364964,3.437894,1.292856,-0.2810687,-3.55973,0.09951097,2.022646e-05,-0.01698004,0.9948917,11.42037,359.8048,358.0249,0.3454818,-0.07601746,-0.9353411,0,0,0,1.314037,-0.4322862,-2.557426,0.02285009,0.05104099,1.012325,0.9994234,-0.03378258,-0.003419646,0.03379063,0.9796185,0.1980045,-0.003339154,-0.1980059,0.9801951,moving,5.134356,-12.16095,1.293055,2.886385,2.7967278274305514,-1.270000469847112
05/11/2023 12:33:57.483653,3399,True,True,True,True,Eyes,1.309236,-0.2875138,-3.548405,0.08749886,-0.2098507,0.9738104,0.0,0.0,0.0,0.0,0.0,0.0,0.0,-1.295394,0.930614,3.446407,1.292463,-0.2809126,-3.559837,0.0984716,-0.002488073,-0.01679629,0.994995,11.29578,359.5174,358.0181,0.3454494,-0.07599554,-0.9353549,0,0,0,1.310663,-0.4299223,-2.557743,0.02489013,0.05101521,1.011685,0.9994234,-0.03391446,0.001643326,0.03293444,0.9800425,0.1960411,-0.008259155,-0.1958739,0.9805943,moving,5.134356,-12.16095,1.409344,2.886752,2.7967278274305514,-1.270000469847112
05/11/2023 12:33:57.493453,3400,True,True,True,True,Eyes,1.309236,-0.2875138,-3.548405,0.08749886,-0.2098507,0.9738104,0.0,0.0,0.0,0.0,0.0,0.0,0.0,-1.276676,0.9251482,3.454787,1.292111,-0.2807324,-3.559914,0.09748399,-0.005038551,-0.01657266,0.9950863,11.17714,359.2256,358.0159,0.3454203,-0.07597581,-0.9353673,0,0,0,1.307414,-0.4276462,-2.558048,0.02709287,0.05098826,1.011049,0.9994,-0.03396481,0.006796448,0.03200009,0.9804444,0.194177,-0.01325872,-0.193843,0.980943,moving,5.134356,-12.16095,1.534976,2.88704,2.7967278274305514,-1.270000469847112
05/11/2023 12:33:57.513260,3401,True,True,True,True,Eyes,1.309236,-0.2875138,-3.548405,0.08749886,-0.2098507,0.9738104,0.0,0.0,0.0,0.0,0.0,0.0,0.0,-1.258293,0.9194878,3.463045,1.291719,-0.2805739,-3.560081,0.09644719,-0.007519299,-0.01628569,0.9951766,11.05312,358.9428,358.0226,0.3453941,-0.07595806,-0.9353784,0,0,0,1.303951,-0.4252202,-2.558373,0.02896673,0.05103742,1.010469,0.9993565,-0.0338647,0.01182464,0.03096384,0.9808654,0.1922089,-0.01810748,-0.191719,0.9812828,moving,5.134356,-12.16095,1.642027,2.891476,2.7967278274305514,-1.270000469847112
05/11/2023 12:33:57.533072,3402,True,True,True,True,Eyes,1.309236,-0.2875138,-3.548405,0.08749886,-0.2098507,0.9738104,0.0,0.0,0.0,0.0,0.0,0.0,0.0,-1.238888,0.9129475,3.471641,1.2913,-0.2802783,-3.56014,0.09529586,-0.01012933,-0.01597646,0.9952694,10.91581,358.6457,358.0313,0.3453705,-0.07594208,-0.9353884,0,0,0,1.300629,-0.4228929,-2.558685,0.03127542,0.05061714,1.00985,0.9992843,-0.03373233,0.01711784,0.0298712,0.9813269,0.1900137,-0.0232078,-0.1893664,0.9816322,moving,5.134356,-12.16095,1.773905,2.86946,2.7967278274305514,-1.270000469847112
05/11/2023 12:33:57.543469,3403,True,True,True,True,Eyes,1.309236,-0.2875138,-3.548405,0.08749886,-0.2098507,0.9738104,0.0,0.0,0.0,0.0,0.0,0.0,0.0,-1.219656,0.9042318,3.480715,1.290843,-0.2800366,-3.560319,0.09391772,-0.01274157,-0.01592197,0.9953712,10.75211,358.3461,358.0115,0.3453493,-0.07592769,-0.9353974,0,0,0,1.297476,-0.4206846,-2.558981,0.03382654,0.04972132,1.0094,0.9991683,-0.03408985,0.02237447,0.02930321,0.9818519,0.1873717,-0.02835589,-0.1865602,0.9820343,moving,5.134356,-12.16095,1.919352,2.820014,2.7967278274305514,-1.270000469847112
05/11/2023 12:33:57.563502,3404,True,True,True,True,Eyes,1.309236,-0.2875138,-3.548405,0.08749886,-0.2098507,0.9738104,0.0,0.0,0.0,0.0,0.0,0.0,0.0,-1.201445,0.897425,3.488681,1.290457,-0.2797737,-3.560363,0.09277875,-0.01519461,-0.0157159,0.9954469,10.61654,358.0662,358.0113,0.3453302,-0.07591475,-0.9354056,0,0,0,1.294217,-0.4184017,-2.559287,0.03584936,0.0493235,1.008794,0.9990443,-0.03410815,0.02733464,0.02846921,0.9822903,0.1851902,-0.03316704,-0.184235,0.9823225,moving,5.134356,-12.16095,2.035254,2.799164,2.7967278274305514,-1.270000469847112
05/11/2023 12:33:57.583728,3405,True,True,True,True,Eyes,1.309236,-0.2875138,-3.548405,0.08749886,-0.2098507,0.9738104,0.0,0.0,0.0,0.0,0.0,0.0,0.0,-1.18131,0.8905609,3.49734,1.290063,-0.2796376,-3.560551,0.09144299,-0.0178354,-0.01505158,0.9955369,10.45905,357.77,358.0635,0.345313,-0.0759031,-0.9354129,0,0,0,1.290766,-0.4159834,-2.559611,0.03802238,0.04879318,1.008288,0.9989107,-0.03323065,0.03275888,0.02670696,0.9828233,0.1826066,-0.03826433,-0.1815328,0.9826402,moving,5.134356,-12.16095,2.159592,2.770503,2.7967278274305514,-1.270000469847112
05/11/2023 12:33:57.593830,3406,True,True,True,True,Eyes,1.308429,-0.2872296,-3.548549,0.08251239,-0.2078892,0.974666,0.0,0.0,0.0,0.0,0.0,0.0,0.0,-1.163202,0.8820266,3.505473,1.289676,-0.2793678,-3.560623,0.09006651,-0.02025947,-0.01483974,0.9956192,10.29653,357.4943,358.0663,0.3452975,-0.07589261,-0.9354194,0,0,0,1.287445,-0.4136574,-2.559923,0.0399247,0.0479617,1.007743,0.9987387,-0.03319886,0.0376683,0.02590006,0.9833356,0.1799452,-0.04301455,-0.1787426,0.9829552,moving,4.838956,-12.04035,2.268755,2.724834,2.503270173325671,-1.1500246060946804
05/11/2023 12:33:57.613844,3407,True,True,True,True,Eyes,1.307639,-0.2869502,-3.548683,0.07756873,-0.205901,0.9754936,0.0,0.0,0.0,0.0,0.0,0.0,0.0,-1.145779,0.8753563,3.512992,1.289396,-0.2791182,-3.56086,0.08894803,-0.02259699,-0.01459735,0.995673,10.16401,357.2284,358.0736,0.3452638,-0.07587601,-0.9354332,0,0,0,1.284078,-0.4112989,-2.560239,0.04149123,0.04773031,1.007344,0.9985526,-0.03308829,0.04240162,0.02504845,0.9837503,0.177786,-0.04759524,-0.1764666,0.9831553,moving,4.546446,-11.91868,2.358608,2.712779,2.2127576676753113,-1.0289475359478892
05/11/2023 12:33:57.633056,3408,True,True,True,True,Eyes,1.30694,-0.2866789,-3.548822,0.07278131,-0.2036744,0.9763297,0.0,0.0,0.0,0.0,0.0,0.0,0.0,-1.130864,0.8674669,3.519534,1.289032,-0.2789781,-3.560764,0.08766796,-0.02456808,-0.01435247,0.9957433,10.01374,357.0056,358.086,0.3452142,-0.07585404,-0.9354533,0,0,0,1.280518,-0.4088047,-2.560574,0.04218864,0.04734388,1.006621,0.9983808,-0.03289042,0.04641049,0.02427509,0.9842167,0.1752948,-0.0514435,-0.1738843,0.9834215,moving,4.263276,-11.78361,2.399927,2.692778,1.932091058317706,-0.8942586966137984
05/11/2023 12:33:57.643484,3409,True,True,True,True,Eyes,1.306256,-0.2864105,-3.548959,0.06804727,-0.2014957,0.9771229,0.0,0.0,0.0,0.0,0.0,0.0,0.0,-1.11725,0.8609446,3.525607,1.288677,-0.2788313,-3.561031,0.08667405,-0.02639914,-0.01436819,0.9957833,9.895893,356.7956,358.0692,0.3451523,-0.07582738,-0.9354783,0,0,0,1.27748,-0.4066761,-2.560859,0.04315934,0.04726511,1.006338,0.9981933,-0.03319144,0.05008496,0.02403896,0.9845623,0.1733757,-0.05506635,-0.1718585,0.9835814,moving,3.983672,-11.65182,2.455768,2.689059,1.6549068813806298,-0.7628626735716626
05/11/2023 12:33:57.663661,3410,True,True,True,True,Eyes,1.30555,-0.2861519,-3.549099,0.06357372,-0.1991423,0.9779063,0.0,0.0,0.0,0.0,0.0,0.0,0.0,-1.104452,0.8583786,3.530266,1.288388,-0.2786444,-3.561154,0.08621608,-0.02811379,-0.01425421,0.9957778,9.840303,356.5992,358.0669,0.3450798,-0.07579656,-0.9355075,0,0,0,1.274246,-0.404411,-2.561162,0.04359807,0.04832549,1.005865,0.9980128,-0.03323577,0.05353229,0.02354033,0.9847272,0.1725056,-0.05844806,-0.1709026,0.9835529,moving,3.719566,-11.51041,2.481867,2.750588,1.3936443873993452,-0.6216359935633058
05/11/2023 12:33:57.683607,3411,True,True,True,True,Eyes,1.304863,-0.2859053,-3.549244,0.05917581,-0.1968452,0.9786471,0.0,0.0,0.0,0.0,0.0,0.0,0.0,-1.093374,0.8557846,3.534374,1.288105,-0.2786261,-3.56129,0.0856249,-0.02953242,-0.01378737,0.9957942,9.771261,356.4409,358.1092,0.344997,-0.07576227,-0.9355407,0,0,0,1.271001,-0.402138,-2.561467,0.04339429,0.04927655,1.005426,0.9978755,-0.03251619,0.05645534,0.02240136,0.9849566,0.1713439,-0.06117751,-0.1697152,0.9835924,moving,3.460288,-11.37273,2.471358,2.805856,1.1371201774514255,-0.4841487357685974
05/11/2023 12:33:57.698186,3412,True,True,True,True,Eyes,1.287394,-0.2799011,-3.552978,-0.04084706,-0.1332377,0.990242,0.0,0.0,0.0,0.0,0.0,0.0,0.0,-1.083121,0.8545558,3.538039,1.28788,-0.2786742,-3.561579,0.08519959,-0.03083514,-0.01325288,0.9957985,9.721889,356.2963,358.1599,0.3449056,-0.07572515,-0.9355775,0,0,0,1.267569,-0.3997335,-2.56179,0.04270666,0.05077593,1.005109,0.9977471,-0.03164868,0.05915289,0.02114011,0.9851308,0.1705005,-0.06366944,-0.1688659,0.9835805,moving,-2.362087,-7.663161,2.43301,2.892,-4.60305361347973,3.2279845234803313
05/11/2023 12:33:57.713996,3413,True,True,True,True,Eyes,1.287385,-0.2798992,-3.552974,-0.04088751,-0.1332032,0.990245,0.0,0.0,0.0,0.0,0.0,0.0,0.0,-1.075915,0.8552347,3.540222,1.287699,-0.2785879,-3.5618,0.08508224,-0.03172351,-0.01270855,0.9957877,9.708835,356.199,358.2147,0.3443892,-0.07553918,-0.9357827,0,0,0,1.263896,-0.39716,-2.562135,0.04089057,0.05290587,1.004731,0.9976642,-0.03070826,0.06101721,0.01991183,0.985199,0.170254,-0.0653423,-0.1686414,0.9835093,moving,-2.364417,-7.661178,2.330539,3.014225,-4.605334288533191,3.2299741111033926
05/11/2023 12:33:57.733716,3414,True,True,True,True,Eyes,1.287355,-0.279887,-3.552983,-0.04082761,-0.1328243,0.9902984,0.0,0.0,0.0,0.0,0.0,0.0,0.0,-1.070993,0.8538673,3.541883,1.28747,-0.278546,-3.561726,0.08465004,-0.03226676,-0.01204473,0.9958153,9.660764,356.1436,358.288,0.3439246,-0.07537192,-0.935967,0,0,0,1.260862,-0.3950346,-2.562419,0.03906667,0.05397312,1.004217,0.9976276,-0.02945141,0.06222429,0.01852588,0.9853786,0.1693689,-0.06630264,-0.1678143,0.9835865,moving,-2.36083,-7.639237,2.227834,3.076487,-4.600999479779517,3.2521838080342658
05/11/2023 12:33:57.745068,3415,True,True,True,True,Eyes,1.287317,-0.2798668,-3.552996,-0.04079179,-0.1324046,0.9903561,0.0,0.0,0.0,0.0,0.0,0.0,0.0,-1.066411,0.8508238,3.544188,1.287286,-0.2782921,-3.562001,0.08402851,-0.03277346,-0.01145512,0.9958584,9.590784,356.0921,358.354,0.3435062,-0.07522123,-0.9361328,0,0,0,1.257693,-0.3928147,-2.562717,0.03702708,0.05460393,1.004095,0.9975893,-0.02832316,0.06335034,0.01730754,0.985616,0.1681118,-0.06720057,-0.1666101,0.9837303,moving,-2.358623,-7.61494,2.111887,3.11275,-4.597976516682937,3.2767665880389965
05/11/2023 12:33:57.763764,3416,True,True,True,True,Eyes,1.287278,-0.2798341,-3.553015,-0.04067181,-0.1316705,0.9904588,0.0,0.0,0.0,0.0,0.0,0.0,0.0,-1.063336,0.8470343,3.54602,1.28705,-0.2780939,-3.562102,0.08332448,-0.0330729,-0.01091949,0.9959137,9.511508,356.0642,358.4161,0.3431274,-0.07508469,-0.9362817,0,0,0,1.254173,-0.3903488,-2.563047,0.03425775,0.0553295,1.003771,0.9975739,-0.02726129,0.06405578,0.01623817,0.9858756,0.1666902,-0.06769522,-0.1652457,0.9839264,moving,-2.35145,-7.572437,1.954691,3.155044,-4.589353355035611,3.3197915906866333
05/11/2023 12:33:57.773524,3417,True,True,True,True,Eyes,1.287235,-0.2797968,-3.553038,-0.0405833,-0.1308827,0.9905668,0.0,0.0,0.0,0.0,0.0,0.0,0.0,-1.060264,0.8422514,3.548176,1.286864,-0.2777591,-3.562293,0.08250032,-0.03337738,-0.01039326,0.9959777,9.418425,356.0358,358.4776,0.3427854,-0.07496094,-0.9364163,0,0,0,1.250724,-0.3879329,-2.563371,0.03153814,0.05565345,1.003592,0.9975559,-0.0262102,0.06477136,0.01519563,0.9861714,0.1650308,-0.06820114,-0.1636432,0.9841593,moving,-2.346083,-7.52684,1.799943,3.174044,-4.5824466470163525,3.365933069396748
05/11/2023 12:33:57.793620,3418,True,True,True,True,Eyes,1.287215,-0.27975,-3.553065,-0.04052017,-0.1298115,0.9907104,0.0,0.0,0.0,0.0,0.0,0.0,0.0,-1.0567,0.8363804,3.550674,1.286728,-0.2776322,-3.562398,0.08145806,-0.03373982,-0.009759881,0.9960577,9.300665,356.0021,358.5519,0.3424765,-0.07484857,-0.9365379,0,0,0,1.247568,-0.3857216,-2.563668,0.02917273,0.05554524,1.003366,0.9975327,-0.02493957,0.06562356,0.01394605,0.9865386,0.1629325,-0.06880365,-0.1616153,0.9844524,moving,-2.342098,-7.464867,1.665397,3.168596,-4.57639172829213,3.4286240292620054
05/11/2023 12:33:57.813679,3419,True,True,True,True,Eyes,1.287191,-0.2796967,-3.553092,-0.04047965,-0.128686,0.9908589,0.0,0.0,0.0,0.0,0.0,0.0,0.0,-1.053575,0.8295892,3.553275,1.286576,-0.2773574,-3.562555,0.08038699,-0.03407472,-0.009367575,0.9961371,9.17872,355.9692,358.5987,0.3421977,-0.07474617,-0.9366477,0,0,0,1.244339,-0.3834595,-2.563971,0.02671598,0.05529466,1.003216,0.9975024,-0.02414111,0.06638012,0.01318445,0.9869004,0.1607913,-0.06939225,-0.1595145,0.9847537,moving,-2.339409,-7.399766,1.525446,3.154803,-4.571538633778187,3.4944692449417714
05/11/2023 12:33:57.826057,3420,True,True,True,True,Eyes,1.287198,-0.2796373,-3.553123,-0.04054911,-0.1273468,0.9910291,0.0,0.0,0.0,0.0,0.0,0.0,0.0,-1.051311,0.8210968,3.555882,1.28644,-0.2771677,-3.562583,0.07916965,-0.03433769,-0.009278033,0.9962264,9.038877,355.9421,358.6119,0.3419462,-0.07465258,-0.9367469,0,0,0,1.24098,-0.3811064,-2.564286,0.02397409,0.05489802,1.002934,0.9974697,-0.02392305,0.06694714,0.01304904,0.9872922,0.1583789,-0.0698853,-0.1571046,0.9851062,moving,-2.343017,-7.322356,1.369335,3.133095,-4.572620184109756,3.5727187981943356
05/11/2023 12:33:57.843464,3421,True,True,True,True,Eyes,1.287197,-0.2795722,-3.553156,-0.04066473,-0.1259666,0.9912007,0.0,0.0,0.0,0.0,0.0,0.0,0.0,-1.048301,0.8142741,3.558419,1.286247,-0.2769573,-3.562749,0.0781082,-0.03466159,-0.008948985,0.9963021,8.917859,355.9098,358.6516,0.3417197,-0.07456673,-0.9368363,0,0,0,1.23753,-0.3786896,-2.56461,0.02131545,0.05488877,1.002765,0.997437,-0.02324649,0.06766886,0.01241707,0.9876381,0.1562591,-0.0704648,-0.1550183,0.9853954,moving,-2.349284,-7.2426,1.217734,3.133097,-4.576301709318814,3.6533227951935654
05/11/2023 12:33:57.863659,3422,True,True,True,True,Eyes,1.287217,-0.2795072,-3.553194,-0.04091547,-0.1244377,0.9913834,0.0,0.0,0.0,0.0,0.0,0.0,0.0,-1.042977,0.8069578,3.561647,1.286074,-0.2767792,-3.562825,0.07692432,-0.0352901,-0.008496101,0.996376,8.782931,355.8435,358.7036,0.3415156,-0.07448769,-0.936917,0,0,0,1.234276,-0.37641,-2.564916,0.01943924,0.05453581,1.002537,0.9973649,-0.02235995,0.06901729,0.01150129,0.988021,0.1538907,-0.07163152,-0.1526914,0.9856746,moving,-2.363318,-7.154309,1.110829,3.113696,-4.587522376325263,3.742505224603728
05/11/2023 12:33:57.873835,3423,True,True,True,True,Eyes,1.287229,-0.279438,-3.553236,-0.04122605,-0.1229049,0.9915618,0.0,0.0,0.0,0.0,0.0,0.0,0.0,-1.036536,0.7982891,3.565609,1.28586,-0.2767239,-3.563036,0.07557186,-0.03608523,-0.008185259,0.9964536,8.627911,355.7569,358.7385,0.3413321,-0.07441477,-0.9369897,0,0,0,1.230836,-0.3740007,-2.565239,0.01776633,0.05411531,1.00242,0.9972617,-0.02176652,0.07067737,0.0108584,0.9884438,0.1511984,-0.07315167,-0.1500169,0.9859735,moving,-2.380809,-7.065823,1.015371,3.090093,-4.602217401023568,3.8318617798606613
05/11/2023 12:33:57.893605,3424,True,True,True,True,Eyes,1.287263,-0.2793631,-3.553279,-0.04170001,-0.1212883,0.991741,0.0,0.0,0.0,0.0,0.0,0.0,0.0,-1.02998,0.7924757,3.568865,1.285674,-0.276567,-3.563176,0.0747655,-0.03696416,-0.008264271,0.9964816,8.533864,355.6561,358.7254,0.3411669,-0.07434725,-0.9370553,0,0,0,1.22765,-0.3717683,-2.565538,0.01649739,0.05450361,1.002232,0.9971307,-0.02199767,0.07243244,0.0109431,0.9886836,0.1496159,-0.07490397,-0.1483939,0.9860875,moving,-2.407713,-6.972554,0.9430406,3.112807,-4.626232550293438,3.9259919343210496
05/11/2023 12:33:57.913420,3425,True,True,True,True,Eyes,1.287287,-0.2792896,-3.553324,-0.04223291,-0.1196556,0.9919168,0.0,0.0,0.0,0.0,0.0,0.0,0.0,-1.022679,0.784597,3.572719,1.285486,-0.2763542,-3.563277,0.073668,-0.0379383,-0.008325808,0.9965262,8.406338,355.5451,358.7151,0.3410188,-0.07428441,-0.9371144,0,0,0,1.224376,-0.3694752,-2.565845,0.01533535,0.05430737,1.002043,0.9969828,-0.02218345,0.07438633,0.01100409,0.9890074,0.1474559,-0.07683972,-0.1461925,0.9862674,moving,-2.438014,-6.878392,0.8767908,3.102203,-4.653638639817146,4.021002401781591
05/11/2023 12:33:57.926441,3426,True,True,True,True,Eyes,1.287329,-0.2792153,-3.553373,-0.04292055,-0.1180639,0.992078,0.0,0.0,0.0,0.0,0.0,0.0,0.0,-1.015152,0.777913,3.576359,1.28528,-0.2763325,-3.563386,0.07266466,-0.03892071,-0.008237947,0.9965627,8.290291,355.4343,358.7217,0.3408856,-0.07422583,-0.9371676,0,0,0,1.22093,-0.3670606,-2.566169,0.01402025,0.054616,1.001816,0.9968346,-0.02207558,0.07637665,0.01076294,0.989304,0.145471,-0.07877107,-0.1441885,0.9864101,moving,-2.477259,-6.786663,0.8017926,3.120504,-4.690130451541877,4.113493091607388
05/11/2023 12:33:57.943329,3427,True,True,True,True,Eyes,1.287361,-0.2791328,-3.553424,-0.04369711,-0.1164775,0.9922315,0.0,0.0,0.0,0.0,0.0,0.0,0.0,-1.005587,0.7741073,3.579993,1.285038,-0.2762143,-3.563591,0.07205099,-0.04017349,-0.008086279,0.9965588,8.218956,355.2919,358.7318,0.3407664,-0.07417104,-0.9372154,0,0,0,1.21764,-0.3647562,-2.566478,0.0134452,0.05553234,1.001675,0.9966414,-0.02190598,0.07890522,0.01032782,0.9894865,0.1442558,-0.08123572,-0.1429564,0.9863895,moving,-2.521632,-6.695278,0.7690192,3.173201,-4.7317968819188305,4.205601752596964
05/11/2023 12:33:57.963347,3428,True,True,True,True,Eyes,1.287405,-0.2790474,-3.553477,-0.04467661,-0.1149317,0.9923682,0.0,0.0,0.0,0.0,0.0,0.0,0.0,-0.9946263,0.7692702,3.584103,1.284864,-0.2759489,-3.563682,0.07133105,-0.04163524,-0.008001371,0.9965512,8.134876,355.1251,358.7331,0.3406595,-0.07411944,-0.9372584,0,0,0,1.214395,-0.3624829,-2.566782,0.01326678,0.05604593,1.001472,0.9964049,-0.02188732,0.0818418,0.01000778,0.9896958,0.1428363,-0.08412478,-0.1415038,0.9863567,moving,-2.577727,-6.606313,0.7589687,3.203134,-4.785345718946879,4.295185258600085
05/11/2023 12:33:57.983160,3429,True,True,True,True,Eyes,1.287436,-0.2789549,-3.553526,-0.04574115,-0.1133803,0.9924982,0.0,0.0,0.0,0.0,0.0,0.0,0.0,-0.9836667,0.7632321,3.588452,1.284652,-0.2757861,-3.563807,0.07044017,-0.04309286,-0.007953312,0.996553,8.031025,354.9589,358.7314,0.3405639,-0.07407064,-0.9372972,0,0,0,1.2111,-0.3601747,-2.567092,0.0130705,0.05635695,1.001312,0.9961595,-0.02192273,0.08476817,0.009780859,0.9899498,0.1410802,-0.08700911,-0.1397093,0.9863623,moving,-2.638717,-6.517064,0.7478607,3.221385,-4.843813873987569,4.385023295460694
05/11/2023 12:33:57.993677,3430,True,True,True,True,Eyes,1.287499,-0.2788604,-3.553579,-0.04698109,-0.1118492,0.992614,0.0,0.0,0.0,0.0,0.0,0.0,0.0,-0.972054,0.7572567,3.592773,1.284396,-0.2755334,-3.563811,0.06961086,-0.04465189,-0.008029629,0.9965421,7.933475,354.7798,358.7145,0.3404783,-0.07402418,-0.9373321,0,0,0,1.207841,-0.3578916,-2.567398,0.01315193,0.05665839,1.001049,0.9958835,-0.02222024,0.08787706,0.009787214,0.9901797,0.1394574,-0.09011286,-0.1380232,0.986321,moving,-2.709825,-6.429054,0.752717,3.239429,-4.912510476696852,4.4735410476424216
05/11/2023 12:33:58.013358,3431,True,True,True,True,Eyes,1.287547,-0.27876,-3.553635,-0.04832416,-0.1102911,0.9927238,0.0,0.0,0.0,0.0,0.0,0.0,0.0,-0.958732,0.7507424,3.597824,1.284119,-0.2753808,-3.564032,0.06863007,-0.04641323,-0.007939196,0.9965304,7.819163,354.579,358.7163,0.3404023,-0.07397975,-0.9373633,0,0,0,1.204516,-0.3555619,-2.56771,0.01360746,0.05684694,1.001003,0.9955655,-0.02219399,0.09141464,0.009452614,0.9904538,0.1375208,-0.09359411,-0.1360469,0.9862714,moving,-2.786865,-6.339536,0.7788208,3.250335,-4.9871301915755915,4.563544071777579
05/11/2023 12:33:58.033545,3432,True,True,True,True,Eyes,1.287635,-0.2786457,-3.553684,-0.04981817,-0.1086889,0.9928266,0.0,0.0,0.0,0.0,0.0,0.0,0.0,-0.9441615,0.7429512,3.602804,1.283319,-0.2753778,-3.563828,0.06746887,-0.04828128,-0.007891366,0.9965213,7.68382,354.366,358.7139,0.3403346,-0.07393699,-0.9373914,0,0,0,1.201203,-0.3532414,-2.568021,0.01477135,0.05676177,1.000499,0.9952133,-0.02224279,0.0951618,0.009212861,0.9907714,0.1352303,-0.09729148,-0.1337063,0.9862337,moving,-2.872585,-6.247531,0.8458525,3.247108,-5.070407659314524,4.656003967532222
05/11/2023 12:33:58.045400,3433,True,True,True,True,Eyes,1.287687,-0.2785375,-3.55372,-0.05139779,-0.1070322,0.9929262,0.0,0.0,0.0,0.0,0.0,0.0,0.0,-0.92992,0.7337588,3.608263,1.283098,-0.2749229,-3.563817,0.06619157,-0.05018358,-0.007905673,0.9965129,7.534781,354.1489,358.7053,0.3402754,-0.07389536,-0.9374163,0,0,0,1.197798,-0.350856,-2.568341,0.01536424,0.05607899,1.000316,0.9948382,-0.02239967,0.09897058,0.009112749,0.9911124,0.1327149,-0.1010637,-0.131128,0.9862005,moving,-2.963212,-6.152426,0.8799587,3.208714,-5.158523718107672,4.751565730293
05/11/2023 12:33:58.063222,3434,True,True,True,True,Eyes,1.287763,-0.2784228,-3.553756,-0.05307076,-0.1053122,0.9930221,0.0,0.0,0.0,0.0,0.0,0.0,0.0,-0.9162482,0.7242783,3.613739,1.282845,-0.2746719,-3.563996,0.06484436,-0.05199695,-0.00791194,0.9965085,7.377901,353.9423,358.6993,0.3402232,-0.07385496,-0.9374385,0,0,0,1.194434,-0.3484992,-2.568657,0.0158664,0.05545735,1.000319,0.9944674,-0.02251204,0.1026047,0.00902521,0.9914652,0.1300587,-0.1046569,-0.1284131,0.986183,moving,-3.059188,-6.053714,0.9087111,3.173209,-5.251906699288426,4.850739069261349
05/11/2023 12:33:58.075571,3435,True,True,True,True,Eyes,1.287823,-0.2783045,-3.553795,-0.05482978,-0.1035703,0.9931097,0.0,0.0,0.0,0.0,0.0,0.0,0.0,-0.9014732,0.7144344,3.619365,1.282548,-0.2744916,-3.564071,0.06342182,-0.05394647,-0.007868579,0.9964967,7.212537,353.7205,358.699,0.3401776,-0.07381547,-0.9374582,0,0,0,1.19131,-0.346311,-2.56895,0.01691967,0.05458812,1.000241,0.9940557,-0.02252479,0.1065169,0.008839258,0.9918315,0.1272482,-0.108513,-0.1255503,0.9861349,moving,-3.160103,-5.95379,0.9691,3.123817,-5.350222716250679,4.951104998768477
05/11/2023 12:33:58.093702,3436,True,True,True,True,Eyes,1.287898,-0.2781826,-3.553832,-0.05666146,-0.1018323,0.9931866,0.0,0.0,0.0,0.0,0.0,0.0,0.0,-0.8868845,0.7068115,3.624495,1.282268,-0.2743088,-3.564218,0.06230016,-0.05586836,-0.007784289,0.9964622,7.082,353.5016,358.7023,0.3401378,-0.07377671,-0.9374758,0,0,0,1.188045,-0.3440238,-2.569257,0.01775955,0.05442811,1.000204,0.9936363,-0.02247471,0.1103715,0.008552282,0.9921162,0.1250293,-0.1123114,-0.1232897,0.9859948,moving,-3.265195,-5.85413,1.017233,3.114793,-5.452753172261005,5.051176132759914
05/11/2023 12:33:58.113542,3437,True,True,True,True,Eyes,1.287959,-0.2780569,-3.553872,-0.05857365,-0.1000607,0.9932557,0.0,0.0,0.0,0.0,0.0,0.0,0.0,-0.8717664,0.6975545,3.629921,1.281989,-0.2741038,-3.564303,0.06092311,-0.05784329,-0.007592744,0.9964361,6.922899,353.278,358.7198,0.3401035,-0.07373852,-0.9374914,0,0,0,1.184754,-0.3417184,-2.569566,0.01867458,0.05375587,1.000145,0.9931931,-0.02217935,0.1143491,0.008083381,0.9924614,0.1222903,-0.1161994,-0.1205336,0.9858851,moving,-3.374902,-5.752576,1.069695,3.076577,-5.559867957596623,5.153131626169135
05/11/2023 12:33:58.129290,3438,True,True,True,True,Eyes,1.288016,-0.2779273,-3.553915,-0.0604878,-0.0982888,0.993318,0.0,0.0,0.0,0.0,0.0,0.0,0.0,-0.8569596,0.689005,3.635134,1.281752,-0.2739119,-3.564462,0.05963845,-0.05977631,-0.007375146,0.9964014,6.774726,353.0591,358.7405,0.3400738,-0.07370073,-0.9375052,0,0,0,1.181355,-0.3393368,-2.569885,0.01936063,0.05336794,1.00016,0.9927449,-0.02182714,0.1182427,0.007567277,0.9927777,0.1197294,-0.1200021,-0.1179659,0.9857401,moving,-3.484706,-5.651021,1.108966,3.054372,-5.667080377343502,5.255087483984765
05/11/2023 12:33:58.143512,3439,True,True,True,True,Eyes,1.288058,-0.2777931,-3.553956,-0.06248518,-0.0964815,0.9933715,0.0,0.0,0.0,0.0,0.0,0.0,0.0,-0.8416044,0.681217,3.640227,1.28149,-0.2736987,-3.564615,0.05847061,-0.06178279,-0.007178565,0.9963497,6.639809,352.8313,358.758,0.3400481,-0.0736632,-0.9375175,0,0,0,1.177954,-0.3369544,-2.570204,0.02021811,0.05319551,1.000167,0.9922627,-0.02152968,0.1222751,0.007079768,0.9930593,0.1174014,-0.123954,-0.1156273,0.9855282,moving,-3.599285,-5.54747,1.158061,3.0445,-5.779034865522377,5.35902977235748
05/11/2023 12:33:58.163794,3440,True,True,True,True,Eyes,1.28807,-0.2776573,-3.554001,-0.06446568,-0.09467283,0.993419,0.0,0.0,0.0,0.0,0.0,0.0,0.0,-0.8261853,0.6723318,3.645332,1.281231,-0.2734782,-3.564648,0.05714523,-0.06379104,-0.006945669,0.9963017,6.487221,352.6039,358.7814,0.3400257,-0.07362581,-0.9375286,0,0,0,1.174631,-0.334627,-2.570516,0.02114559,0.05263884,1.000091,0.991765,-0.02113067,0.1263164,0.006549257,0.9933724,0.1147539,-0.127904,-0.1129816,0.9853302,moving,-3.712874,-5.443847,1.211263,3.012929,-5.889990169436816,5.46305146483374
05/11/2023 12:33:58.173784,3441,True,True,True,True,Eyes,1.288071,-0.277522,-3.554045,-0.06652477,-0.09284885,0.9934553,0.0,0.0,0.0,0.0,0.0,0.0,0.0,-0.8103211,0.6638868,3.650472,1.280955,-0.2733225,-3.564795,0.05589445,-0.06586397,-0.006789263,0.9962388,6.342646,352.3683,358.7956,0.3400055,-0.07358851,-0.9375389,0,0,0,1.171429,-0.3323838,-2.570817,0.02235679,0.05222476,1.000125,0.9912317,-0.02089032,0.1304735,0.006164593,0.9936594,0.1122628,-0.1319915,-0.1104741,0.9850755,moving,-3.830979,-5.339384,1.280577,2.98917,-6.005464859201155,5.567892418065739
05/11/2023 12:33:58.193413,3442,True,True,True,True,Eyes,1.288036,-0.2773834,-3.554094,-0.06849918,-0.09109521,0.9934835,0.0,0.0,0.0,0.0,0.0,0.0,0.0,-0.7951979,0.6566195,3.655089,1.280741,-0.273222,-3.564859,0.05480554,-0.06784646,-0.006630771,0.9961673,6.216822,352.1429,358.8099,0.3399871,-0.0735513,-0.9375485,0,0,0,1.168028,-0.3300008,-2.571136,0.02310863,0.05231605,1.00007,0.9907058,-0.02064744,0.134446,0.00577399,0.9939048,0.1100907,-0.1358997,-0.1082912,0.9847865,moving,-3.944214,-5.238956,1.323698,2.994549,-6.116169028135572,5.668685826446666
05/11/2023 12:33:58.213594,3443,True,True,True,True,Eyes,1.287991,-0.2772409,-3.55414,-0.07054944,-0.08932771,0.9935005,0.0,0.0,0.0,0.0,0.0,0.0,0.0,-0.7802686,0.6502242,3.659471,1.280484,-0.2730212,-3.564991,0.05386183,-0.06979879,-0.006500825,0.9960847,6.10751,351.9204,358.8204,0.3399694,-0.07351411,-0.9375579,0,0,0,1.164677,-0.3276532,-2.571451,0.02390601,0.05257081,1.00009,0.9901717,-0.02046973,0.1383507,0.005431765,0.9941133,0.1082094,-0.1397513,-0.1063944,0.984454,moving,-4.061811,-5.137768,1.369329,3.009044,-6.231240160019382,5.770218629877625
05/11/2023 12:33:58.233484,3444,True,True,True,True,Eyes,1.287916,-0.2770918,-3.554192,-0.07252819,-0.08755397,0.993516,0.0,0.0,0.0,0.0,0.0,0.0,0.0,-0.7654061,0.6430342,3.663773,1.280228,-0.272801,-3.564991,0.05282025,-0.07174352,-0.006390088,0.996003,5.986917,351.6989,358.83,0.3399521,-0.07347684,-0.9375671,0,0,0,1.16118,-0.3252034,-2.571779,0.02452361,0.05269593,1.000005,0.9896241,-0.02030811,0.1422385,0.005150072,0.9943383,0.1061351,-0.1435886,-0.1043014,0.9841258,moving,-4.175273,-5.036202,1.40481,3.016449,-6.342135384615535,5.87216122060717
05/11/2023 12:33:58.243643,3445,True,True,True,True,Eyes,1.28783,-0.2769427,-3.554246,-0.07459711,-0.08575656,0.9935196,0.0,0.0,0.0,0.0,0.0,0.0,0.0,-0.749822,0.6341736,3.668583,1.279947,-0.2725148,-3.565162,0.05156971,-0.07378004,-0.00633508,0.9959201,5.841901,351.4668,358.8349,0.3399345,-0.07343934,-0.9375765,0,0,0,1.158072,-0.3230265,-2.572071,0.0257777,0.05208777,1.000128,0.9890327,-0.0202281,0.1463047,0.005008835,0.9946008,0.1036534,-0.1476115,-0.1017838,0.9837942,moving,-4.293921,-4.933311,1.476437,2.981334,-6.458208620130944,5.9754090156595145
05/11/2023 12:33:58.263386,3446,True,True,True,True,Eyes,1.287733,-0.2767933,-3.554299,-0.07663493,-0.08400103,0.9935144,0.0,0.0,0.0,0.0,0.0,0.0,0.0,-0.7335435,0.6259683,3.673288,1.279612,-0.2723866,-3.5653,0.05039974,-0.07590728,-0.00631798,0.9958203,5.705715,351.2239,358.8348,0.3399163,-0.07340165,-0.9375861,0,0,0,1.154703,-0.3206662,-2.572388,0.02699394,0.05197259,1.000189,0.9883963,-0.02023456,0.1505432,0.004931732,0.9948399,0.1013373,-0.1518169,-0.099419,0.9833959,moving,-4.410787,-4.832829,1.54597,2.974571,-6.572566990961261,6.076232816698701
05/11/2023 12:33:58.273893,3447,True,True,True,True,Eyes,1.28763,-0.276642,-3.554354,-0.07875641,-0.08223213,0.9934965,0.0,0.0,0.0,0.0,0.0,0.0,0.0,-0.7176588,0.6181158,3.677702,1.279325,-0.2722376,-3.565362,0.04929215,-0.07799058,-0.006324598,0.9957148,5.576536,350.9859,358.8322,0.3398973,-0.07336377,-0.937596,0,0,0,1.151428,-0.318372,-2.572695,0.02815948,0.05188729,1.000194,0.9877549,-0.02028364,0.1546892,0.004906345,0.9950606,0.09914835,-0.1559362,-0.09717531,0.9829755,moving,-4.532471,-4.731611,1.61268,2.969684,-6.691752253054382,6.177768704645291
05/11/2023 12:33:58.294049,3448,True,True,True,True,Eyes,1.287502,-0.276487,-3.554411,-0.08084969,-0.08052228,0.9934684,0.0,0.0,0.0,0.0,0.0,0.0,0.0,-0.7018744,0.6107792,3.682019,1.279104,-0.2720572,-3.565505,0.04826153,-0.08006605,-0.006332622,0.9956005,5.456174,350.7486,358.8293,0.3398774,-0.07332567,-0.9376062,0,0,0,1.148102,-0.3160419,-2.573008,0.0292075,0.05196816,1.000296,0.9870987,-0.02033774,0.1588163,0.004881304,0.9952614,0.09711243,-0.1600388,-0.09508433,0.9825206,moving,-4.652549,-4.63379,1.672495,2.974001,-6.809432423789951,6.2758804026636055
05/11/2023 12:33:58.313442,3449,True,True,True,True,Eyes,1.287365,-0.276328,-3.554469,-0.08302475,-0.07877865,0.9934288,0.0,0.0,0.0,0.0,0.0,0.0,0.0,-0.6862558,0.6031646,3.686172,1.278819,-0.2718305,-3.565578,0.0472074,-0.08211157,-0.00636027,0.9954842,5.332992,350.5146,358.8251,0.3398561,-0.07328729,-0.9376169,0,0,0,1.144793,-0.3137237,-2.573318,0.03026731,0.05193616,1.000342,0.9864345,-0.02041564,0.162881,0.004910548,0.995462,0.09503293,-0.164082,-0.09294393,0.9820583,moving,-4.777331,-4.534052,1.733068,2.972038,-6.931785778146945,6.375899123285052
05/11/2023 12:33:58.333341,3450,True,True,True,True,Eyes,1.28721,-0.2761693,-3.554528,-0.08521188,-0.07702851,0.9933808,0.0,0.0,0.0,0.0,0.0,0.0,0.0,-0.6703075,0.5940595,3.690576,1.278535,-0.2715974,-3.565691,0.04594336,-0.08419246,-0.006367119,0.9953695,5.185994,350.2772,358.8256,0.3398334,-0.07324857,-0.9376282,0,0,0,1.141326,-0.3112953,-2.573644,0.03124961,0.05159272,1.000461,0.9857422,-0.02041144,0.1670201,0.004939103,0.9956974,0.09253338,-0.1681903,-0.09038913,0.9816017,moving,-4.902812,-4.433944,1.789064,2.952067,-7.054830747257529,6.476287311140098
05/11/2023 12:33:58.343587,3451,True,True,True,True,Eyes,1.287047,-0.2760087,-3.554585,-0.0874782,-0.07525874,0.9933195,0.0,0.0,0.0,0.0,0.0,0.0,0.0,-0.6542423,0.5851504,3.694813,1.278247,-0.2714639,-3.565735,0.04466358,-0.08627421,-0.006253863,0.9952502,5.038423,350.0403,358.8406,0.339809,-0.07320955,-0.9376402,0,0,0,1.137906,-0.3088995,-2.573965,0.03227529,0.05129266,1.000516,0.9850353,-0.02015495,0.1711702,0.004741686,0.9959321,0.08998196,-0.1722875,-0.08782378,0.9811239,moving,-5.032856,-4.332731,1.847643,2.934768,-7.1824336917320775,6.577762402798429
05/11/2023 12:33:58.363590,3452,True,True,True,True,Eyes,1.286857,-0.275845,-3.554644,-0.09006879,-0.07330582,0.993234,0.0,0.0,0.0,0.0,0.0,0.0,0.0,-0.6381547,0.5771438,3.698823,1.27791,-0.2712779,-3.565808,0.04355972,-0.08837013,-0.006301238,0.9951149,4.909387,349.8005,358.836,0.3397828,-0.07317021,-0.9376528,0,0,0,1.134703,-0.3066557,-2.574266,0.03360225,0.05113064,1.000586,0.984302,-0.02023966,0.1753279,0.004842155,0.9961257,0.08780752,-0.1764258,-0.08558015,0.9805865,moving,-5.181544,-4.221072,1.923417,2.925309,-7.328464630197659,6.68967572390284
05/11/2023 12:33:58.374074,3453,True,True,True,True,Eyes,1.28666,-0.2756828,-3.5547,-0.09271568,-0.07132542,0.9931347,0.0,0.0,0.0,0.0,0.0,0.0,0.0,-0.6229339,0.5684394,3.702665,1.277578,-0.2710679,-3.565839,0.04238342,-0.09035484,-0.00641061,0.9949867,4.771573,349.5735,358.8261,0.3397544,-0.07313054,-0.9376662,0,0,0,1.131377,-0.3043256,-2.574578,0.03457078,0.0508724,1.000648,0.9835899,-0.02041604,0.1792603,0.005097849,0.9963251,0.08550034,-0.1803471,-0.08318342,0.9800793,moving,-5.33348,-4.107843,1.97869,2.91038,-7.477714171267077,6.803154904288052
05/11/2023 12:33:58.394010,3454,True,True,True,True,Eyes,1.286442,-0.2755263,-3.554758,-0.09554394,-0.06922445,0.9930153,0.0,0.0,0.0,0.0,0.0,0.0,0.0,-0.6072611,0.5593507,3.706575,1.277261,-0.2709687,-3.565883,0.04106809,-0.09236758,-0.006243877,0.9948581,4.620778,349.3448,358.8497,0.3397239,-0.0730906,-0.9376804,0,0,0,1.128149,-0.3020642,-2.574881,0.03568941,0.05041224,1.000735,0.9828585,-0.02001026,0.1832724,0.004836824,0.9965488,0.08286731,-0.1842981,-0.08056038,0.9795633,moving,-5.495852,-3.987715,2.042485,2.88385,-7.637244136273577,6.9235404697433545
05/11/2023 12:33:58.413691,3455,True,True,True,True,Eyes,1.286221,-0.2753699,-3.554811,-0.09841492,-0.06716283,0.9928764,0.0,0.0,0.0,0.0,0.0,0.0,0.0,-0.5914888,0.5521504,3.71013,1.276916,-0.2709776,-3.565929,0.03994367,-0.09436829,-0.005857776,0.9947184,4.494296,349.1179,358.8969,0.3396909,-0.07305058,-0.9376954,0,0,0,1.124872,-0.2997684,-2.575189,0.03676417,0.05050236,1.000805,0.9821206,-0.01919251,0.1872718,0.004114843,0.9967403,0.08057099,-0.1882077,-0.07835983,0.9789983,moving,-5.660726,-3.869861,2.103792,2.888794,-7.799368261600728,7.041609983610936
05/11/2023 12:33:58.433867,3456,True,True,True,True,Eyes,1.285971,-0.2752102,-3.554866,-0.1013244,-0.06504996,0.9927245,0.0,0.0,0.0,0.0,0.0,0.0,0.0,-0.5762072,0.548815,3.712884,1.276655,-0.2708373,-3.565883,0.03937741,-0.09632486,-0.005480538,0.9945557,4.431675,348.895,358.9375,0.3396558,-0.07301051,-0.9377113,0,0,0,1.121511,-0.2974139,-2.575505,0.03756571,0.05161118,1.000775,0.981383,-0.01848745,0.1911692,0.003315353,0.9968388,0.07938186,-0.1920325,-0.07727022,0.9783419,moving,-5.827826,-3.749044,2.14968,2.952197,-7.963636047684029,7.162660711704465
05/11/2023 12:33:58.443618,3457,True,True,True,True,Eyes,1.285718,-0.2750547,-3.55492,-0.1042676,-0.06294052,0.9925557,0.0,0.0,0.0,0.0,0.0,0.0,0.0,-0.5612576,0.5433384,3.715882,1.276349,-0.2706245,-3.565908,0.03856126,-0.09823745,-0.005228437,0.9944019,4.339348,348.6769,358.9671,0.3396179,-0.07297032,-0.9377281,0,0,0,1.118189,-0.2950865,-2.575816,0.03838025,0.05211371,1.000853,0.9806441,-0.01797466,0.1949718,0.002822017,0.9969714,0.07771806,-0.1957782,-0.07566354,0.9777249,moving,-5.996904,-3.628415,2.196077,2.98066,-8.129901638684757,7.28350815404847
05/11/2023 12:33:58.463446,3458,True,True,True,True,Eyes,1.285455,-0.2749003,-3.554976,-0.1072936,-0.06086721,0.9923625,0.0,0.0,0.0,0.0,0.0,0.0,0.0,-0.5465219,0.5364449,3.719015,1.276065,-0.270608,-3.565945,0.03754684,-0.1001285,-0.005057707,0.994253,4.223617,348.4613,358.9901,0.3395776,-0.07293015,-0.9377458,0,0,0,1.114787,-0.2927032,-2.576136,0.03905311,0.05246269,1.000971,0.9798974,-0.0175763,0.1987263,0.002538262,0.9971293,0.07567497,-0.1994859,-0.07364927,0.977129,moving,-6.170815,-3.509877,2.234274,3.000228,-8.301102396206456,7.402209044408692
05/11/2023 12:33:58.483446,3459,True,True,True,True,Eyes,1.285186,-0.274754,-3.55503,-0.1103379,-0.05885122,0.9921502,0.0,0.0,0.0,0.0,0.0,0.0,0.0,-0.5323399,0.5342921,3.721355,1.275689,-0.2704871,-3.566061,0.03723869,-0.1019582,-0.005050283,0.9940786,4.186692,348.2508,358.9869,0.3395348,-0.07289001,-0.9377644,0,0,0,1.111542,-0.2904305,-2.576441,0.03985886,0.05399838,1.001093,0.979158,-0.01763433,0.2023327,0.002447177,0.9971755,0.07506622,-0.203085,-0.07300655,0.9764356,moving,-6.345837,-3.394628,2.280048,3.08751,-8.47353019613193,7.517576834057048
05/11/2023 12:33:58.493487,3460,True,True,True,True,Eyes,1.284919,-0.2746109,-3.555082,-0.1133809,-0.0568628,0.991923,0.0,0.0,0.0,0.0,0.0,0.0,0.0,-0.5184816,0.5328223,3.723408,1.275323,-0.2705268,-3.56607,0.03690904,-0.1037074,-0.004654407,0.993912,4.152034,348.0511,359.0287,0.3394897,-0.07285012,-0.9377838,0,0,0,1.108274,-0.2881407,-2.576747,0.04046023,0.05570847,1.001117,0.9784463,-0.01690762,0.2058084,0.001596664,0.9972321,0.07433405,-0.2064955,-0.07240327,0.975765,moving,-6.520846,-3.280937,2.314355,3.185014,-8.645996255064851,7.631369328857788
05/11/2023 12:33:58.513839,3461,True,True,True,True,Eyes,1.284648,-0.2744698,-3.555137,-0.1164477,-0.05493776,0.9916762,0.0,0.0,0.0,0.0,0.0,0.0,0.0,-0.5037042,0.5310952,3.725621,1.275008,-0.2704735,-3.566123,0.03648318,-0.10555,-0.003956062,0.9937367,4.110154,347.842,359.1059,0.3394425,-0.07281054,-0.937804,0,0,0,1.104903,-0.2857797,-2.577064,0.04112636,0.05724965,1.001218,0.9776871,-0.01556417,0.2094893,0.0001609649,0.9973066,0.07334448,-0.2100666,-0.07167424,0.9750564,moving,-6.697295,-3.170881,2.352177,3.272608,-8.8200320233951,7.741476669248998
05/11/2023 12:33:58.533877,3462,True,True,True,True,Eyes,1.284377,-0.2743322,-3.555194,-0.1194427,-0.05306718,0.9914219,0.0,0.0,0.0,0.0,0.0,0.0,0.0,-0.4892607,0.5303664,3.727653,1.274707,-0.2703888,-3.566241,0.03626006,-0.1073753,-0.003501193,0.9935509,4.08869,347.6335,359.153,0.3393933,-0.07277129,-0.9378248,0,0,0,1.101521,-0.2834099,-2.577382,0.04174118,0.05915032,1.001381,0.9769166,-0.0147441,0.2131118,-0.0008296464,0.9973459,0.07280432,-0.2136196,-0.07130056,0.9743115,moving,-6.869666,-3.063909,2.386913,3.380462,-8.990063376942832,7.848492793756976
05/11/2023 12:33:58.543613,3463,True,True,True,True,Eyes,1.284105,-0.2741996,-3.555253,-0.1224378,-0.05123986,0.9911526,0.0,0.0,0.0,0.0,0.0,0.0,0.0,-0.4760194,0.5289276,3.729607,1.274456,-0.2703491,-3.56637,0.035972,-0.1090601,-0.00319028,0.9933789,4.058318,347.4406,359.1852,0.3393423,-0.07273243,-0.9378464,0,0,0,1.098093,-0.2810084,-2.577703,0.04197997,0.06098017,1.001598,0.9761914,-0.01418454,0.2164465,-0.001507906,0.9973916,0.07216351,-0.2169056,-0.07077179,0.9736238,moving,-7.042111,-2.959399,2.400033,3.484032,-9.160250382031336,7.953018958041661
05/11/2023 12:33:58.564005,3464,True,True,True,True,Eyes,1.283809,-0.2740695,-3.555316,-0.1252697,-0.04949488,0.9908873,0.0,0.0,0.0,0.0,0.0,0.0,0.0,-0.4640065,0.5267314,3.731454,1.274188,-0.2703463,-3.566491,0.0355559,-0.1105672,-0.002782211,0.9932287,4.014851,347.2689,359.2309,0.3392897,-0.07269405,-0.9378684,0,0,0,1.094972,-0.2788219,-2.577996,0.04219565,0.06239031,1.001817,0.9755343,-0.01338938,0.2194391,-0.00233589,0.997456,0.07124551,-0.2198348,-0.07001504,0.9730213,moving,-7.205208,-2.859551,2.411821,3.563614,-9.321178721845389,8.052893439646864
05/11/2023 12:33:58.573834,3465,True,True,True,True,Eyes,1.283517,-0.2739379,-3.555378,-0.1280853,-0.04778916,0.9906111,0.0,0.0,0.0,0.0,0.0,0.0,0.0,-0.4530097,0.5257502,3.73293,1.273936,-0.2702956,-3.56657,0.03531388,-0.1119436,-0.002365894,0.9930841,3.991565,347.1119,359.276,0.3392349,-0.07265617,-0.9378912,0,0,0,1.09162,-0.2764738,-2.578311,0.04189606,0.06426121,1.002022,0.9749261,-0.01260539,0.2221716,-0.00320726,0.9974946,0.070669,-0.2225058,-0.06960962,0.9724431,moving,-7.367429,-2.761928,2.394228,3.66944,-9.48129836608178,8.150523939221893
05/11/2023 12:33:58.593426,3466,True,True,True,True,Eyes,1.283211,-0.2738039,-3.555441,-0.1308261,-0.04604529,0.9903355,0.0,0.0,0.0,0.0,0.0,0.0,0.0,-0.4433443,0.5232608,3.73437,1.273744,-0.2701334,-3.566578,0.03491968,-0.1131658,-0.002097309,0.9929602,3.94926,346.9724,359.3069,0.3391784,-0.07261869,-0.9379145,0,0,0,1.088352,-0.2741847,-2.578618,0.04129468,0.06563332,1.002216,0.9743782,-0.01206852,0.2245918,-0.003738337,0.9975524,0.06982239,-0.2248847,-0.068873,0.9719483,moving,-7.525362,-2.662029,2.359444,3.746845,-9.637025496232512,8.25048442089642
05/11/2023 12:33:58.613789,3467,True,True,True,True,Eyes,1.28291,-0.2736766,-3.555506,-0.133525,-0.04432268,0.9900538,0.0,0.0,0.0,0.0,0.0,0.0,0.0,-0.4346976,0.5196651,3.735838,1.273551,-0.2699698,-3.566607,0.03435176,-0.1142386,-0.001720927,0.9928577,3.888764,346.8508,359.353,0.33912,-0.07258154,-0.9379385,0,0,0,1.084995,-0.2718327,-2.578933,0.04031932,0.06673735,1.002485,0.9738931,-0.01126587,0.2267272,-0.004431326,0.997634,0.06860602,-0.2269637,-0.06781963,0.971539,moving,-7.680932,-2.563303,2.303159,3.808669,-9.790412028366612,8.34927457158442
05/11/2023 12:33:58.629447,3468,True,True,True,True,Eyes,1.282607,-0.2735465,-3.555571,-0.1361273,-0.04261726,0.9897743,0.0,0.0,0.0,0.0,0.0,0.0,0.0,-0.4277768,0.5156837,3.737247,1.273383,-0.2700152,-3.566725,0.03372992,-0.1150938,-0.001450428,0.9927809,3.820963,346.754,359.3888,0.3390599,-0.07254484,-0.9379631,0,0,0,1.081459,-0.269356,-2.579265,0.0387173,0.06805771,1.002886,0.9735027,-0.01064412,0.2284279,-0.004884293,0.9977204,0.0673067,-0.2286236,-0.06663896,0.9712314,moving,-7.830968,-2.465493,2.210857,3.882247,-9.93825667551677,8.447175401177564
05/11/2023 12:33:58.645563,3469,True,True,True,True,Eyes,1.282309,-0.2734194,-3.555639,-0.1386735,-0.04094338,0.9894915,0.0,0.0,0.0,0.0,0.0,0.0,0.0,-0.4223277,0.5126654,3.738244,1.273208,-0.2698404,-3.566761,0.03328099,-0.1157611,-0.00121547,0.9927187,3.772553,346.6784,359.419,0.3389983,-0.07250846,-0.9379882,0,0,0,1.078232,-0.2670951,-2.579568,0.03703536,0.06927989,1.003196,0.9731958,-0.01011853,0.2297555,-0.005292049,0.9977818,0.06635872,-0.2299173,-0.0657959,0.9709834,moving,-7.977827,-2.369445,2.114251,3.950529,-10.082960536471603,8.543315756084816
05/11/2023 12:33:58.663471,3470,True,True,True,True,Eyes,1.281997,-0.2732926,-3.555711,-0.1411017,-0.03933418,0.9892133,0.0,0.0,0.0,0.0,0.0,0.0,0.0,-0.4173555,0.509494,3.7393,1.273033,-0.2697938,-3.566894,0.03281717,-0.1163727,-0.001080896,0.9926627,3.721179,346.6089,359.4382,0.3389353,-0.07247246,-0.9380137,0,0,0,1.075104,-0.2649038,-2.579862,0.03535579,0.07052273,1.003598,0.9729125,-0.009783977,0.2309668,-0.005492115,0.9978437,0.06540433,-0.2311087,-0.06490117,0.9707608,moving,-8.117926,-2.277058,2.017641,4.019561,-10.220978546953196,8.635799340221338
05/11/2023 12:33:58.673303,3471,True,True,True,True,Eyes,1.281695,-0.2731698,-3.555784,-0.1434721,-0.03774234,0.9889344,0.0,0.0,0.0,0.0,0.0,0.0,0.0,-0.4134969,0.5082628,3.739931,1.272914,-0.269697,-3.56698,0.03257807,-0.1168271,-0.0007356238,0.9926176,3.698331,346.558,359.4791,0.3388709,-0.07243681,-0.9380397,0,0,0,1.071702,-0.2625211,-2.580181,0.03303593,0.07238945,1.003981,0.9727018,-0.009072388,0.2318813,-0.006151615,0.9978763,0.06484701,-0.2319772,-0.06450325,0.9705802,moving,-8.254736,-2.185612,1.884635,4.124029,-10.355715942211623,8.727353355762327
05/11/2023 12:33:58.693597,3472,True,True,True,True,Eyes,1.281398,-0.2730487,-3.555861,-0.1457674,-0.03613707,0.9886587,0.0,0.0,0.0,0.0,0.0,0.0,0.0,-0.4093876,0.504298,3.741,1.272854,-0.2696788,-3.567087,0.03197097,-0.1173237,-0.0004569024,0.9925789,3.632706,346.5024,359.5172,0.3388053,-0.07240155,-0.9380661,0,0,0,1.068373,-0.2601885,-2.580494,0.0308229,0.07354172,1.004445,0.9724699,-0.00840893,0.2328769,-0.006594884,0.9979553,0.06357463,-0.2329354,-0.06336021,0.970426,moving,-8.387236,-2.093322,1.757655,4.18751,-10.48608586777231,8.819789524257532
05/11/2023 12:33:58.713593,3473,True,True,True,True,Eyes,1.281112,-0.2729296,-3.555946,-0.1479882,-0.03456133,0.988385,0.0,0.0,0.0,0.0,0.0,0.0,0.0,-0.4061545,0.4992779,3.742118,1.27281,-0.2696158,-3.567205,0.03126405,-0.1177213,-0.0003376594,0.9925545,3.553644,346.4578,359.539,0.3387388,-0.07236671,-0.9380928,0,0,0,1.065136,-0.2579212,-2.580798,0.02848011,0.07435853,1.00495,0.9722832,-0.008031175,0.2336684,-0.006690594,0.9980449,0.06214203,-0.2337106,-0.06198304,0.9703285,moving,-8.515484,-2.002673,1.623319,4.231735,-10.612228623126816,8.910594735569008
05/11/2023 12:33:58.729208,3474,True,True,True,True,Eyes,1.280842,-0.2728078,-3.556028,-0.1501942,-0.03292964,0.988108,0.0,0.0,0.0,0.0,0.0,0.0,0.0,-0.4043818,0.4958991,3.74305,1.272798,-0.2695514,-3.567519,0.03084883,-0.1179568,-0.0005148576,0.9925393,3.503867,346.4305,359.5236,0.3386716,-0.07233225,-0.9381198,0,0,0,1.061727,-0.2555328,-2.581118,0.02562426,0.07583667,1.005647,0.9721718,-0.008299692,0.2341217,-0.006255626,0.9980962,0.06135882,-0.2341853,-0.06111589,0.9702691,moving,-8.642906,-1.90873,1.459602,4.312559,-10.737431132114907,9.004736203129333
05/11/2023 12:33:58.743919,3475,True,True,True,True,Eyes,1.280578,-0.2726896,-3.556113,-0.1523313,-0.03128882,0.9878341,0.0,0.0,0.0,0.0,0.0,0.0,0.0,-0.4033766,0.4889926,3.744086,1.272756,-0.2693825,-3.567566,0.0299808,-0.1180939,-0.000737023,0.9925495,3.401975,346.4151,359.5096,0.3386042,-0.07229806,-0.9381467,0,0,0,1.058504,-0.2532749,-2.581421,0.02272263,0.07614428,1.006147,0.9721066,-0.008544158,0.2343838,-0.005618031,0.9982013,0.05968893,-0.2344722,-0.05934078,0.97031,moving,-8.766381,-1.814189,1.293737,4.327842,-10.858639776529433,9.099508658881012
05/11/2023 12:33:58.763636,3476,True,True,True,True,Eyes,1.280338,-0.2725741,-3.556197,-0.1544436,-0.0296658,0.9875562,0.0,0.0,0.0,0.0,0.0,0.0,0.0,-0.4012846,0.4820616,3.745311,1.272652,-0.2693654,-3.567711,0.02906078,-0.1183513,-0.0008430926,0.9925461,3.29568,346.3862,359.5092,0.3385367,-0.07226422,-0.9381737,0,0,0,1.055077,-0.2508746,-2.581743,0.01995614,0.07666774,1.006747,0.9719845,-0.00855238,0.2348893,-0.005205147,0.9983096,0.05788788,-0.2349873,-0.05748875,0.9702969,moving,-8.888471,-1.720626,1.135592,4.354895,-10.978486124864386,9.193301438286738
05/11/2023 12:33:58.773808,3477,True,True,True,True,Eyes,1.280108,-0.2724573,-3.556282,-0.1564941,-0.02806751,0.98728,0.0,0.0,0.0,0.0,0.0,0.0,0.0,-0.3990592,0.4785433,3.746136,1.272638,-0.2693295,-3.567862,0.02861477,-0.1186466,-0.0009802682,0.9925237,3.242899,346.3522,359.4987,0.3384697,-0.07223073,-0.9382004,0,0,0,1.051663,-0.2484825,-2.582063,0.01718369,0.0781076,1.007307,0.9718441,-0.008735965,0.2354629,-0.004844207,0.9983605,0.05703428,-0.2355751,-0.05656905,0.9702083,moving,-9.007039,-1.62843,0.9773162,4.4339,-11.094831294990582,9.285735450043648
05/11/2023 12:33:58.794289,3478,True,True,True,True,Eyes,1.279896,-0.2723383,-3.55637,-0.1585771,-0.02642275,0.986993,0.0,0.0,0.0,0.0,0.0,0.0,0.0,-0.3968441,0.4745437,3.746968,1.272662,-0.2691865,-3.567957,0.02813194,-0.1189521,-0.001177506,0.9925007,3.185097,346.3169,359.4818,0.3384034,-0.07219751,-0.9382269,0,0,0,1.048447,-0.2462298,-2.582365,0.01457603,0.07921024,1.007821,0.971698,-0.009030058,0.2360539,-0.004355357,0.9984144,0.05612207,-0.2361864,-0.05556181,0.970118,moving,-9.127527,-1.533497,0.8286062,4.493954,-11.213019469055213,9.380924194963816
05/11/2023 12:33:58.814347,3479,True,True,True,True,Eyes,1.279688,-0.2722214,-3.556461,-0.1606236,-0.02477648,0.9867047,0.0,0.0,0.0,0.0,0.0,0.0,0.0,-0.3936962,0.4679472,3.74832,1.272662,-0.2690333,-3.568168,0.02731275,-0.1193767,-0.001450388,0.9924724,3.087903,346.268,359.4606,0.3383382,-0.07216448,-0.9382529,0,0,0,1.045169,-0.2439335,-2.582673,0.01219714,0.07965998,1.008509,0.9714942,-0.009399949,0.2368768,-0.003642071,0.9985038,0.05456058,-0.2370353,-0.05386801,0.9700064,moving,-9.245958,-1.438414,0.6929147,4.516297,-11.329131547076125,9.476278328428315
05/11/2023 12:33:58.829317,3480,True,True,True,True,Eyes,1.279487,-0.2721018,-3.556557,-0.1627436,-0.0231244,0.9863974,0.0,0.0,0.0,0.0,0.0,0.0,0.0,-0.3890471,0.4613978,3.749752,1.272551,-0.2689801,-3.568353,0.02650586,-0.1199942,-0.00181371,0.992419,2.990741,346.1967,359.4285,0.3382739,-0.07213165,-0.9382786,0,0,0,1.041754,-0.2415413,-2.582994,0.01016565,0.08030583,1.009159,0.9711962,-0.009961021,0.238073,-0.00276118,0.9985884,0.0530451,-0.2382653,-0.05217456,0.9697977,moving,-9.368706,-1.342956,0.577143,4.549839,-11.449577967243668,9.57198286180348
05/11/2023 12:33:58.843714,3481,True,True,True,True,Eyes,1.279289,-0.2719796,-3.556658,-0.1648659,-0.02144757,0.9860827,0.0,0.0,0.0,0.0,0.0,0.0,0.0,-0.3826366,0.4533707,3.751589,1.272475,-0.2688193,-3.568602,0.02552727,-0.1208505,-0.00225166,0.99234,2.872824,346.0977,359.3897,0.3382106,-0.07209892,-0.9383039,0,0,0,1.038442,-0.2392206,-2.583305,0.008699805,0.08041282,1.00991,0.9707802,-0.01063879,0.2397345,-0.00170114,0.9986866,0.05120769,-0.2399644,-0.05011923,0.9694871,moving,-9.491651,-1.246003,0.4935588,4.552503,-11.570173470690529,9.669197760354407
05/11/2023 12:33:58.863847,3482,True,True,True,True,Eyes,1.279333,-0.2718457,-3.556711,-0.1691609,-0.01878121,0.9854094,0.0,0.0,0.0,0.0,0.0,0.0,0.0,-0.3740716,0.4446166,3.75365,1.272384,-0.2686517,-3.568805,0.02442535,-0.1219775,-0.002584975,0.9922289,2.742104,345.968,359.3639,0.3381482,-0.0720662,-0.9383289,0,0,0,1.035231,-0.2369714,-2.583606,0.007908314,0.08021361,1.010627,0.9702296,-0.01108846,0.241933,-0.0008289156,0.9987935,0.04910169,-0.2421856,-0.04784046,0.9690498,moving,-9.740769,-1.091885,0.4483395,4.538062,-11.815926016488902,9.82337414756567
05/11/2023 12:33:58.879386,3483,True,True,True,True,Eyes,1.279373,-0.2717113,-3.556769,-0.1733985,-0.01611065,0.9847199,0.0,0.0,0.0,0.0,0.0,0.0,0.0,-0.3641579,0.4352521,3.755833,1.272298,-0.2684529,-3.568968,0.02325184,-0.1232852,-0.002954299,0.9920945,2.602559,345.8175,359.335,0.3380928,-0.07203311,-0.9383515,0,0,0,1.03169,-0.2344904,-2.583939,0.007140011,0.08005708,1.011369,0.969584,-0.0115951,0.2444837,0.0001286732,0.9989012,0.04686449,-0.2447585,-0.04540761,0.9685202,moving,-9.986784,-0.9373122,0.4044869,4.525932,-12.05853922408864,9.978031097994332
05/11/2023 12:33:58.893590,3484,True,True,True,True,Eyes,1.279353,-0.2715773,-3.556839,-0.1775511,-0.01339715,0.9840204,0.0,0.0,0.0,0.0,0.0,0.0,0.0,-0.3526849,0.4248714,3.758287,1.272279,-0.2683261,-3.569165,0.02192272,-0.1247994,-0.003295483,0.9919343,2.44551,345.6434,359.3112,0.3380434,-0.07199968,-0.9383718,0,0,0,1.028644,-0.2323569,-2.584225,0.007241979,0.07932112,1.012133,0.9688286,-0.01200969,0.247441,0.001065923,0.9990171,0.04431434,-0.24773,-0.04266924,0.9678891,moving,-10.22808,-0.7800172,0.4099537,4.481125,-12.296311246455328,10.135472082169587
05/11/2023 12:33:58.913891,3485,True,True,True,True,Eyes,1.279328,-0.2714444,-3.556917,-0.1816558,-0.01069486,0.983304,0.0,0.0,0.0,0.0,0.0,0.0,0.0,-0.3416476,0.4161997,3.760329,1.27223,-0.2682286,-3.569245,0.02079368,-0.1262455,-0.003503857,0.991775,2.313121,345.4773,359.3004,0.337998,-0.07196596,-0.9383907,0,0,0,1.025305,-0.2300177,-2.584538,0.006927311,0.0792428,1.012794,0.9680996,-0.01220029,0.2502686,0.001699857,0.9991107,0.04213,-0.25056,-0.04036061,0.9672594,moving,-10.46683,-0.6231505,0.3918859,4.473811,-12.531533867980574,10.292496963616749
05/11/2023 12:33:58.929197,3486,True,True,True,True,Eyes,1.2793,-0.271313,-3.556998,-0.1857347,-0.007992277,0.9825674,0.0,0.0,0.0,0.0,0.0,0.0,0.0,-0.3296201,0.4072107,3.762655,1.272117,-0.2681428,-3.569575,0.0196073,-0.1277991,-0.003661985,0.9915995,2.17485,345.2989,359.2962,0.337956,-0.071932,-0.9384085,0,0,0,1.021939,-0.2276598,-2.584854,0.006941274,0.07910036,1.013705,0.967308,-0.01227403,0.2533074,0.002250855,0.9992043,0.03982118,-0.2535946,-0.03794918,0.9665659,moving,-10.70432,-0.4660378,0.3923228,4.461804,-12.765479712936688,10.449778990596453
05/11/2023 12:33:58.943712,3487,True,True,True,True,Eyes,1.279267,-0.2711781,-3.557083,-0.1897757,-0.005320379,0.9818131,0.0,0.0,0.0,0.0,0.0,0.0,0.0,-0.3172966,0.3993875,3.76468,1.272059,-0.2680594,-3.569736,0.01856919,-0.1294009,-0.003771333,0.9914114,2.054115,345.1147,359.2957,0.337917,-0.07189786,-0.9384252,0,0,0,1.018683,-0.2253789,-2.58516,0.007075667,0.07918529,1.014441,0.9664824,-0.01228362,0.2564389,0.002672147,0.9992819,0.03779544,-0.256719,-0.03584338,0.9658212,moving,-10.93985,-0.310479,0.3996284,4.463348,-12.99750328622835,10.605502850140043
05/11/2023 12:33:58.963659,3488,True,True,True,True,Eyes,1.27864,-0.2677476,-3.559176,-0.2887682,0.06049448,0.9554859,0.0,0.0,0.0,0.0,0.0,0.0,0.0,-0.3045938,0.3921445,3.766615,1.271937,-0.2678563,-3.569926,0.01762754,-0.1310439,-0.00388776,0.9912123,1.944209,344.9257,359.2933,0.3378804,-0.07186347,-0.938441,0,0,0,1.01537,-0.2230581,-2.585471,0.007311523,0.07938205,1.015199,0.9656247,-0.01232715,0.2596474,0.003087232,0.9993483,0.03596419,-0.2599216,-0.03392632,0.9650336,moving,-16.81594,3.62272,0.4126404,4.471064,-18.78439126045997,14.543402848108144
05/11/2023 12:33:58.983368,3489,True,True,True,True,Eyes,1.278635,-0.2677413,-3.559184,-0.2888999,0.06057869,0.9554408,0.0,0.0,0.0,0.0,0.0,0.0,0.0,-0.2918158,0.3835561,3.768636,1.271901,-0.2676702,-3.570086,0.01649095,-0.1327,-0.003951079,0.9910113,1.812958,344.7354,359.3002,0.3378175,-0.07173919,-0.938473,0,0,0,1.012004,-0.2207001,-2.585787,0.007447496,0.07924968,1.016002,0.9647502,-0.01220782,0.2628841,0.003454427,0.9994249,0.03373405,-0.2631447,-0.03163682,0.9642375,moving,-16.82392,3.627921,0.4199818,4.460125,-18.792254749442755,14.54860866521063
05/11/2023 12:33:58.993560,3490,True,True,True,True,Eyes,1.278636,-0.267733,-3.559193,-0.2891651,0.06072002,0.9553517,0.0,0.0,0.0,0.0,0.0,0.0,0.0,-0.2784184,0.3756638,3.770627,1.271815,-0.267531,-3.570319,0.01545189,-0.1344327,-0.004060125,0.9907939,1.692056,344.5361,359.3007,0.3377608,-0.07162715,-0.938502,0,0,0,1.008877,-0.218509,-2.586081,0.008043543,0.07918499,1.016824,0.9638227,-0.01219997,0.2662647,0.003891014,0.9994895,0.0317109,-0.2665156,-0.02952765,0.9633782,moving,-16.83997,3.6367,0.4532265,4.452913,-18.808125837330707,14.557378592653011
05/11/2023 12:33:59.013347,3491,True,True,True,True,Eyes,1.27863,-0.2677204,-3.559208,-0.2895405,0.06092848,0.9552246,0.0,0.0,0.0,0.0,0.0,0.0,0.0,-0.266125,0.3680128,3.772335,1.271776,-0.2674824,-3.570407,0.01442286,-0.1360255,-0.004108644,0.9905919,1.573343,344.3529,359.3085,0.3377096,-0.07152609,-0.9385281,0,0,0,1.004971,-0.215773,-2.586447,0.007506043,0.07977708,1.017652,0.9629604,-0.01206373,0.269373,0.004216227,0.9995502,0.02969209,-0.26961,-0.02745656,0.9625781,moving,-16.86271,3.649636,0.4225972,4.482439,-18.83059594695399,14.570307291120848
05/11/2023 12:33:59.029324,3492,True,True,True,True,Eyes,1.278597,-0.2676999,-3.559234,-0.2899671,0.06109487,0.9550846,0.0,0.0,0.0,0.0,0.0,0.0,0.0,-0.253801,0.3612108,3.773999,1.271676,-0.2673824,-3.570616,0.0135256,-0.1376152,-0.004204743,0.9903845,1.468871,344.1698,359.3093,0.3376634,-0.07143478,-0.9385517,0,0,0,1.002234,-0.2138555,-2.586704,0.008214355,0.07976311,1.018389,0.9620888,-0.01205128,0.2724701,0.004605969,0.9995987,0.02794836,-0.2726976,-0.02563382,0.9617583,moving,-16.88848,3.66011,0.4621391,4.478423,-18.856198045678013,14.580726320162297
05/11/2023 12:33:59.043721,3493,True,True,True,True,Eyes,1.27856,-0.2676785,-3.559265,-0.2904927,0.06132342,0.9549102,0.0,0.0,0.0,0.0,0.0,0.0,0.0,-0.2414147,0.3541149,3.775589,1.271646,-0.2671824,-3.570753,0.01261642,-0.1392282,-0.004366301,0.9901704,1.361991,343.9839,359.3031,0.3376207,-0.07135203,-0.9385733,0,0,0,0.9988538,-0.2114877,-2.587022,0.008241355,0.08004873,1.0192,0.9611929,-0.01215989,0.2756091,0.00513364,0.9996435,0.02620064,-0.2758294,-0.02376899,0.9609127,moving,-16.92026,3.674434,0.4632896,4.490836,-18.88772460575624,14.594998229159938
05/11/2023 12:33:59.063669,3494,True,True,True,True,Eyes,1.278518,-0.2676506,-3.559304,-0.2910658,0.06152869,0.9547225,0.0,0.0,0.0,0.0,0.0,0.0,0.0,-0.2295835,0.3477661,3.77706,1.27158,-0.2671563,-3.57093,0.01175798,-0.1407518,-0.004394327,0.9899654,1.263071,343.8084,359.3117,0.3375813,-0.07127697,-0.9385932,0,0,0,0.9954581,-0.2091088,-2.587341,0.008135825,0.0806554,1.020043,0.9603392,-0.01201038,0.2785754,0.005390549,0.9996849,0.02451701,-0.2787821,-0.02204297,0.9601014,moving,-16.95486,3.687423,0.4569792,4.521004,-18.92213456653274,14.607901442068743
05/11/2023 12:33:59.073572,3495,True,True,True,True,Eyes,1.278472,-0.2676206,-3.559348,-0.291727,0.06179159,0.9545037,1.003832,0.9856267,-0.2055922,-2.601187,-0.426955,0.07449817,-0.9011989,-0.002020329,0.08193859,1.00976,1.27157,-0.2669791,-3.571135,0.01091194,-0.1422648,-0.004379847,0.9897588,1.16629,343.6342,359.3252,0.3375445,-0.07120864,-0.9386117,0,0,0,0.992034,-0.2067101,-2.587662,0.007947803,0.08116553,1.020951,0.9594831,-0.01177475,0.28152,0.005565213,0.9997235,0.02284658,-0.2817112,-0.02035418,0.9592834,moving,-16.99484,3.703982,0.4460218,4.545451,-18.96184388242304,14.624378611708515
05/11/2023 12:33:59.093739,3496,True,True,True,True,Eyes,1.27842,-0.2675863,-3.559401,-0.2924031,0.06203569,0.9542809,1.002719,0.9852223,-0.2053819,-2.602525,-0.2339417,-0.06566089,-0.970031,0.0003611147,0.08042634,1.008878,1.271467,-0.266914,-3.571329,0.0100945,-0.1437247,-0.004431267,0.9895564,1.071745,343.4659,359.3311,0.3375099,-0.07114631,-0.9386289,0,0,0,0.9887318,-0.2043968,-2.587972,0.007852018,0.08174102,1.021809,0.9586472,-0.01167163,0.2843579,0.005868317,0.999757,0.02125192,-0.2845368,-0.01870439,0.9584827,moving,-17.03569,3.719439,0.4402766,4.573715,-19.00246550363017,14.639735686352074
05/11/2023 12:33:59.113459,3497,True,True,True,True,Eyes,1.278369,-0.2675463,-3.559455,-0.2931533,0.06233729,0.954031,1.002587,0.9844572,-0.2050477,-2.602956,-0.06443258,-0.1978771,-0.9781069,0.002547532,0.07912622,1.009023,1.271484,-0.2667836,-3.571563,0.009338517,-0.145182,-0.004439555,0.989351,0.9849086,343.2978,359.3412,0.3374771,-0.07108925,-0.9386449,0,0,0,0.9854237,-0.2020794,-2.588283,0.007652968,0.08238982,1.022746,0.9578049,-0.01149613,0.2871891,0.006072985,0.9997862,0.01976723,-0.2873549,-0.01718906,0.9576699,moving,-17.08107,3.738446,0.4287229,4.605657,-19.047531291029124,14.658652161996487
05/11/2023 12:33:59.130647,3498,True,True,True,True,Eyes,1.278303,-0.267502,-3.559518,-0.2938679,0.06263459,0.9537917,1.003213,0.9834912,-0.2046662,-2.602661,0.1031803,-0.3349425,-0.9365721,0.00450027,0.07768288,1.009813,1.271461,-0.2666221,-3.571687,0.00851839,-0.1465202,-0.004586198,0.9891605,0.8885881,343.1434,359.337,0.3374461,-0.07103679,-0.9386601,0,0,0,0.9819432,-0.1996411,-2.58861,0.007032484,0.08295247,1.02363,0.9570216,-0.0115692,0.2897859,0.006576738,0.9998128,0.01819605,-0.2899421,-0.01550817,0.9569185,moving,-17.12432,3.757164,0.3936241,4.632987,-19.09046194866695,14.67729061529601
05/11/2023 12:33:59.143676,3499,True,True,True,True,Eyes,1.278236,-0.2674513,-3.559585,-0.2946542,0.06300561,0.9535246,1.004457,0.9822687,-0.2041649,-2.60181,0.2374294,-0.452623,-0.8595113,0.006328642,0.07615387,1.011268,1.271479,-0.2664851,-3.571849,0.007581904,-0.1478497,-0.004740296,0.9889694,0.7789509,342.9901,359.3343,0.3374161,-0.07098833,-0.9386746,0,0,0,0.9787062,-0.1973735,-2.588914,0.006613523,0.08313027,1.024549,0.956236,-0.01161798,0.2923658,0.007134052,0.9998401,0.01639825,-0.2925096,-0.01359484,0.956166,moving,-17.17198,3.780412,0.3698425,4.638728,-19.137683648117758,14.700480202879671
05/11/2023 12:33:59.163777,3500,True,True,True,True,Eyes,1.278156,-0.2673997,-3.559657,-0.2953846,0.06338289,0.9532736,1.004382,0.9814767,-0.203739,-2.602206,0.1847438,-0.4244824,-0.8863885,0.008320212,0.07425283,1.011413,1.2714,-0.2662955,-3.572037,0.006548884,-0.1491892,-0.005006473,0.9887744,0.6564471,342.8356,359.3207,0.337387,-0.07094332,-0.9386885,0,0,0,0.9754681,-0.1951051,-2.589218,0.006308138,0.08302546,1.025496,0.955435,-0.01185459,0.2949633,0.0079465,0.9998641,0.01444456,-0.2950944,-0.01145691,0.9553994,moving,-17.2163,3.803981,0.3524392,4.628642,-19.18153178855799,14.724016641170293
05/11/2023 12:33:59.173636,3501,True,True,True,True,Eyes,1.278078,-0.2673483,-3.559735,-0.2961755,0.06380765,0.9529998,1.009283,0.979153,-0.2029483,-2.597889,0.4735993,-0.6825476,-0.556626,0.01001877,0.07287914,1.01648,1.271425,-0.2662362,-3.572166,0.005517039,-0.1504773,-0.00531934,0.9885837,0.5332729,342.6871,359.3022,0.3373583,-0.07090138,-0.9387019,0,0,0,0.9720488,-0.1927097,-2.589539,0.005595773,0.08315799,1.02647,0.9546565,-0.01217761,0.2974601,0.008856849,0.9998825,0.01250899,-0.2975775,-0.009307231,0.9546523,moving,-17.26432,3.830495,0.3123432,4.631618,-19.229008324256647,14.750506264941896
05/11/2023 12:33:59.193585,3502,True,True,True,True,Eyes,1.277971,-0.2672949,-3.559822,-0.2966355,0.0642568,0.9528266,1.013548,0.977317,-0.2021675,-2.594087,0.5613005,-0.7775927,-0.2833576,0.01190865,0.07210034,1.020937,1.271437,-0.2661991,-3.572374,0.004786447,-0.151683,-0.005648328,0.9884016,0.4439523,342.5478,359.277,0.3373301,-0.0708622,-0.938715,0,0,0,0.9688953,-0.1905006,-2.589835,0.00500226,0.08373171,1.027428,0.9539208,-0.01261768,0.2997933,0.009713588,0.9998903,0.01117537,-0.2999015,-0.007748352,0.9539387,moving,-17.2925,3.858076,0.278955,4.659106,-19.256473192769178,14.778207076183076
05/11/2023 12:33:59.213743,3503,True,True,True,True,Eyes,1.277864,-0.267239,-3.559911,-0.2971488,0.06475652,0.9526328,0.0,0.0,0.0,0.0,0.0,0.0,0.0,-0.1370322,0.288518,3.787859,1.271462,-0.2661054,-3.57246,0.004157734,-0.1527668,-0.006001655,0.9882353,0.3657749,342.4225,359.2475,0.3373015,-0.07082545,-0.9387281,0,0,0,0.9655932,-0.1881873,-2.590145,0.003956616,0.08454359,1.028303,0.9532526,-0.01313242,0.3018892,0.01059177,0.9998934,0.01005135,-0.301989,-0.006383932,0.95329,moving,-17.32394,3.888777,0.2204567,4.700094,-19.28711766166142,14.80904095896975
05/11/2023 12:33:59.229534,3504,True,True,True,True,Eyes,1.27775,-0.2671784,-3.560006,-0.2975087,0.06536794,0.9524787,0.0,0.0,0.0,0.0,0.0,0.0,0.0,-0.1295123,0.2819776,3.78873,1.271371,-0.2660027,-3.572621,0.003344426,-0.1537367,-0.006306716,0.988086,0.2675731,342.3107,359.227,0.3372726,-0.07079082,-0.9387411,0,0,0,0.9620934,-0.1857356,-2.590474,0.002629042,0.08511812,1.029299,0.9526505,-0.01349148,0.3037681,0.01143483,0.9998981,0.008548308,-0.3038525,-0.004670014,0.9527077,moving,-17.3463,3.926013,0.146345,4.727333,-19.308404279247384,14.846543289343558
05/11/2023 12:33:59.243929,3505,True,True,True,True,Eyes,1.277637,-0.2671208,-3.560103,-0.2979479,0.06603847,0.9522951,0.0,0.0,0.0,0.0,0.0,0.0,0.0,-0.1206354,0.2750587,3.789683,1.271347,-0.2658404,-3.572802,0.002454476,-0.1548774,-0.006439842,0.9879097,0.1635699,342.1791,359.2274,0.3372431,-0.07075797,-0.9387541,0,0,0,0.9588765,-0.183482,-2.590776,0.001913905,0.08533359,1.030297,0.951943,-0.01348425,0.3059781,0.01196368,0.999905,0.006844372,-0.3060413,-0.002854829,0.952014,moving,-17.37352,3.966919,0.106434,4.734675,-19.334463378505305,14.887724159191837
05/11/2023 12:33:59.263624,3506,True,True,True,True,Eyes,1.277515,-0.267059,-3.560202,-0.2983205,0.06671056,0.9521316,0.0,0.0,0.0,0.0,0.0,0.0,0.0,-0.1109425,0.2673119,3.790661,1.271303,-0.2658713,-3.57295,0.001409154,-0.1561138,-0.006477566,0.9877168,0.0436144,342.0365,359.2416,0.3372132,-0.07072679,-0.9387673,0,0,0,0.9555517,-0.1811529,-2.591088,0.001325399,0.08552859,1.031316,0.9511731,-0.01323598,0.3083742,0.01235603,0.9999121,0.004806166,-0.3084107,-0.000761215,0.9512531,moving,-17.39674,4.007847,0.07363382,4.740779,-19.35649423231,14.928953944577769
05/11/2023 12:33:59.273737,3507,True,True,True,True,Eyes,1.277396,-0.266992,-3.560304,-0.298757,0.06742118,0.9519446,0.0,0.0,0.0,0.0,0.0,0.0,0.0,-0.1020507,0.2630205,3.791265,1.271337,-0.2657151,-3.573008,0.0008847078,-0.1572783,-0.0066814,0.9875314,359.9797,341.9018,359.2279,0.3371826,-0.07069702,-0.9387805,0,0,0,0.9521842,-0.1787938,-2.591404,0.0004017651,0.08656882,1.032213,0.9504378,-0.01347447,0.3106225,0.01291789,0.9999092,0.003849032,-0.3106462,0.0003543239,0.9505255,moving,-17.42387,4.051191,0.02230105,4.794016,-19.382382360935857,14.972600613578381
05/11/2023 12:33:59.293256,3508,True,True,True,True,Eyes,1.277261,-0.266923,-3.560411,-0.2991579,0.06823444,0.9517609,0.0,0.0,0.0,0.0,0.0,0.0,0.0,-0.09383273,0.256696,3.792072,1.271292,-0.2655349,-3.573208,0.0001143146,-0.1583424,-0.007009759,0.9873595,359.8857,341.779,359.2048,0.3371515,-0.07066835,-0.9387939,0,0,0,0.9488484,-0.1764569,-2.591717,-0.0005867183,0.08701794,1.033275,0.9497571,-0.0138785,0.3126802,0.0138061,0.9999017,0.002445623,-0.3126833,0.001994145,0.9498553,moving,-17.449,4.100681,-0.03253392,4.813844,-19.406054169959205,15.02247518428785
05/11/2023 12:33:59.313513,3509,True,True,True,True,Eyes,1.277131,-0.2668519,-3.560517,-0.2996096,0.06906705,0.9515586,0.0,0.0,0.0,0.0,0.0,0.0,0.0,-0.08574545,0.2493997,3.792815,1.2713,-0.2654319,-3.573282,-0.0007758603,-0.1594056,-0.007451226,0.9871848,359.7761,341.6563,359.1712,0.3371195,-0.07064065,-0.9388075,0,0,0,0.9456682,-0.1742291,-2.592016,-0.001525551,0.08714943,1.034233,0.9490687,-0.01446412,0.3147373,0.01495883,0.9998877,0.0008437005,-0.3147141,0.00390737,0.9491785,moving,-17.47723,4.151423,-0.08451439,4.816638,-19.432806043952837,15.073595053366333
05/11/2023 12:33:59.329484,3510,True,True,True,True,Eyes,1.27698,-0.2667841,-3.56063,-0.2999946,0.06992213,0.9513749,0.0,0.0,0.0,0.0,0.0,0.0,0.0,-0.07872868,0.2443599,3.793393,1.271284,-0.2653144,-3.573399,-0.001339147,-0.1603372,-0.008012871,0.987029,359.7013,341.5487,359.1183,0.3370869,-0.07061374,-0.9388213,0,0,0,0.9423602,-0.1719117,-2.592327,-0.002862215,0.08797363,1.035215,0.9484556,-0.01538844,0.3165363,0.0162473,0.999868,-7.403002e-05,-0.3164935,0.005213075,0.9485804,moving,-17.50149,4.203446,-0.1584138,4.857382,-19.455518384867283,15.126036683746534
05/11/2023 12:33:59.343786,3511,True,True,True,True,Eyes,1.276826,-0.2667195,-3.560746,-0.3004482,0.07079221,0.9511673,0.0,0.0,0.0,0.0,0.0,0.0,0.0,-0.07126188,0.2389285,3.793953,1.271214,-0.2653413,-3.573493,-0.00203336,-0.1612987,-0.008257367,0.986869,359.6174,341.4377,359.1037,0.337053,-0.07058764,-0.9388354,0,0,0,0.9389083,-0.1694935,-2.592651,-0.004172891,0.08887638,1.036219,0.9478291,-0.01564192,0.3183949,0.01695384,0.9998553,-0.001349515,-0.3183278,0.006677125,0.9479572,moving,-17.52993,4.256486,-0.230731,4.902256,-19.482405966366905,15.179478789837031
05/11/2023 12:33:59.363682,3512,True,True,True,True,Eyes,1.276665,-0.2666564,-3.560865,-0.3009171,0.07163317,0.9509562,0.0,0.0,0.0,0.0,0.0,0.0,0.0,-0.06238699,0.2344248,3.79452,1.271,-0.2653655,-3.573705,-0.002646348,-0.1624075,-0.008272113,0.9866857,359.5468,341.3095,359.1139,0.337018,-0.07056235,-0.9388498,0,0,0,0.9356756,-0.1672288,-2.592954,-0.004742593,0.08987332,1.03723,0.9471108,-0.01546438,0.320534,0.01718352,0.9998491,-0.002535321,-0.3204465,0.007909133,0.9472337,moving,-17.55926,4.307813,-0.2619753,4.952163,-19.510246128078023,15.23118285107758
05/11/2023 12:33:59.373368,3513,True,True,True,True,Eyes,1.276508,-0.2665899,-3.560987,-0.3014473,0.07247683,0.9507242,0.0,0.0,0.0,0.0,0.0,0.0,0.0,-0.05324125,0.2313491,3.794941,1.270972,-0.2653479,-3.573815,-0.003060016,-0.1635828,-0.008300034,0.98649,359.4985,341.1733,359.119,0.3369818,-0.07053783,-0.9388646,0,0,0,0.9322836,-0.1648526,-2.593273,-0.005544841,0.09133697,1.038219,0.9463435,-0.01537467,0.3227963,0.01737693,0.9998435,-0.003321866,-0.3226947,0.008752837,0.9464626,moving,-17.59233,4.359414,-0.3059981,5.027634,-19.54184299087165,15.28313903260361
05/11/2023 12:33:59.393577,3514,True,True,True,True,Eyes,1.276351,-0.2665277,-3.561111,-0.3020592,0.07327933,0.9504685,0.0,0.0,0.0,0.0,0.0,0.0,0.0,-0.04494596,0.2279283,3.795439,1.270941,-0.265119,-3.574038,-0.003472134,-0.1646478,-0.008430583,0.9863104,359.4485,341.0499,359.1126,0.3369446,-0.0705139,-0.9388798,0,0,0,0.9290637,-0.162597,-2.593575,-0.006380677,0.09243503,1.039285,0.94564,-0.01548698,0.3248461,0.0177737,0.9998337,-0.00407305,-0.3247291,0.009625357,0.9457581,moving,-17.63027,4.408675,-0.3517624,5.08257,-19.57842048127332,15.332696637527139
05/11/2023 12:33:59.413397,3515,True,True,True,True,Eyes,1.276194,-0.2664571,-3.561234,-0.302727,0.07409354,0.9501928,0.0,0.0,0.0,0.0,0.0,0.0,0.0,-0.03665936,0.2238934,3.795884,1.270913,-0.2651678,-3.574167,-0.004014729,-0.1657099,-0.008499082,0.9861298,359.3849,340.9269,359.1157,0.3369064,-0.07049062,-0.9388953,0,0,0,0.9257408,-0.1602691,-2.593887,-0.00733909,0.09363419,1.040325,0.944936,-0.01543183,0.3268911,0.01809296,0.9998233,-0.005101322,-0.3267547,0.01073485,0.9450482,moving,-17.67164,4.458751,-0.404193,5.143036,-19.61842470969019,15.383055465230605
05/11/2023 12:33:59.429197,3516,True,True,True,True,Eyes,1.276021,-0.2663843,-3.561361,-0.3034243,0.07485829,0.9499105,0.0,0.0,0.0,0.0,0.0,0.0,0.0,-0.02823603,0.2195218,3.796247,1.270776,-0.2649919,-3.574267,-0.00455422,-0.1667832,-0.008671296,0.985945,359.3197,340.8027,359.1072,0.3368674,-0.0704677,-0.938911,0,0,0,0.9223799,-0.1579147,-2.594203,-0.008230686,0.09460363,1.041323,0.9442164,-0.01557971,0.328957,0.01861797,0.9998081,-0.006087967,-0.328799,0.01187287,0.9443252,moving,-17.71474,4.505918,-0.4528602,5.19104,-19.66026671527758,15.430461304420845
05/11/2023 12:33:59.444034,3517,True,True,True,True,Eyes,1.275853,-0.2663096,-3.561487,-0.304175,0.07565359,0.9496074,0.0,0.0,0.0,0.0,0.0,0.0,0.0,-0.02019262,0.2143903,3.796644,1.270631,-0.2648833,-3.574383,-0.005208667,-0.1678012,-0.008816934,0.9857677,359.2421,340.6849,359.1041,0.3368272,-0.07044504,-0.9389271,0,0,0,0.9190661,-0.1555933,-2.594514,-0.00916481,0.0953784,1.042355,0.94353,-0.01563486,0.3309179,0.01913094,0.9997903,-0.007310087,-0.3307342,0.01322806,0.9436312,moving,-17.76112,4.555036,-0.503755,5.228166,-19.705346986662036,15.479818040083849
05/11/2023 12:33:59.463654,3518,True,True,True,True,Eyes,1.275676,-0.2662308,-3.561621,-0.3049608,0.07646803,0.94929,0.0,0.0,0.0,0.0,0.0,0.0,0.0,-0.01173687,0.2086106,3.797097,1.270588,-0.2647755,-3.574508,-0.005978151,-0.1688731,-0.008801502,0.9855804,359.1545,340.5608,359.1215,0.3367861,-0.07042257,-0.9389435,0,0,0,0.9157872,-0.1532963,-2.594822,-0.01000151,0.09594983,1.04345,0.9428089,-0.01533008,0.3329812,0.01936827,0.9997736,-0.008811224,-0.3327707,0.01475657,0.9428923,moving,-17.80969,4.605395,-0.5491653,5.253822,-19.752591424667777,15.530415018843993
05/11/2023 12:33:59.473831,3519,True,True,True,True,Eyes,1.275501,-0.2661493,-3.561753,-0.3057896,0.07731456,0.9489548,0.0,0.0,0.0,0.0,0.0,0.0,0.0,-0.003820777,0.2019456,3.797627,1.270504,-0.2646202,-3.574712,-0.00684437,-0.1698689,-0.008867987,0.9854031,359.0545,340.4455,359.1317,0.3367439,-0.07040016,-0.9389603,0,0,0,0.9123525,-0.1508901,-2.595145,-0.01109201,0.09634721,1.044679,0.9421319,-0.01515179,0.3349,0.01980237,0.9997489,-0.01047614,-0.3346572,0.01650172,0.9421955,moving,-17.86093,4.657793,-0.6083223,5.269291,-19.802457031315335,15.583055943021954
05/11/2023 12:33:59.493687,3520,True,True,True,True,Eyes,1.275342,-0.2660643,-3.561885,-0.3069959,0.07841079,0.9484752,0.0,0.0,0.0,0.0,0.0,0.0,0.0,0.00399971,0.1957871,3.79802,1.270425,-0.2644885,-3.574825,-0.007666175,-0.1708507,-0.008816129,0.9852277,358.9619,340.3317,359.1546,0.3367008,-0.07037774,-0.9389775,0,0,0,0.9091647,-0.1486569,-2.595444,-0.01197758,0.09673387,1.045759,0.9414647,-0.01475224,0.3367889,0.01999133,0.999727,-0.01209337,-0.3365186,0.01811834,0.9415025,moving,-17.93537,4.725916,-0.6562073,5.284882,-19.87516399277417,15.651442613545047
05/11/2023 12:33:59.513646,3521,True,True,True,True,Eyes,1.275186,-0.2659766,-3.562016,-0.3082374,0.07955167,0.9479774,0.0,0.0,0.0,0.0,0.0,0.0,0.0,0.01318944,0.1874262,3.798573,1.270272,-0.2643514,-3.575051,-0.008743488,-0.1720039,-0.008990197,0.9850166,358.8358,340.1983,359.1574,0.3366572,-0.0703552,-0.9389948,0,0,0,0.9057735,-0.1462812,-2.595762,-0.01261869,0.09664152,1.047047,0.9406676,-0.01470316,0.3390105,0.02071881,0.9996855,-0.01413226,-0.3386961,0.02031766,0.9406765,moving,-18.01208,4.796866,-0.6904776,5.273407,-19.950063399991265,15.722672687665323
05/11/2023 12:33:59.529361,3522,True,True,True,True,Eyes,1.275043,-0.2658879,-3.562145,-0.3097316,0.08088158,0.9473777,0.0,0.0,0.0,0.0,0.0,0.0,0.0,0.02208269,0.1789896,3.799025,1.270222,-0.2642204,-3.57517,-0.009840921,-0.1731318,-0.009107262,0.9848075,358.7086,340.0677,359.1672,0.3366134,-0.07033248,-0.9390123,0,0,0,0.9025114,-0.143996,-2.596069,-0.01330054,0.09644221,1.048249,0.9398849,-0.01453025,0.3411821,0.02134535,0.9996405,-0.01622931,-0.3408237,0.02253634,0.9398571,moving,-18.10442,4.879747,-0.7269492,5.256593,-20.04030712207384,15.805862654266278
05/11/2023 12:33:59.543834,3523,True,True,True,True,Eyes,1.274905,-0.265799,-3.562275,-0.3112567,0.0822466,0.9467602,0.0,0.0,0.0,0.0,0.0,0.0,0.0,0.03162873,0.1707193,3.799485,1.270068,-0.264137,-3.575386,-0.01093872,-0.174322,-0.009129308,0.9845858,358.5833,339.9296,359.1882,0.3365695,-0.07030956,-0.9390297,0,0,0,0.8989989,-0.1415354,-2.596398,-0.0139392,0.09649432,1.049588,0.939057,-0.01416346,0.3434695,0.02179089,0.999594,-0.01835733,-0.3430701,0.02472309,0.9389844,moving,-18.19879,4.964913,-0.7608798,5.252745,-20.13251950188782,15.891349577952258
05/11/2023 12:33:59.563537,3524,True,True,True,True,Eyes,1.274762,-0.2656985,-3.562408,-0.312865,0.08380783,0.9460929,0.0,0.0,0.0,0.0,0.0,0.0,0.0,0.04128182,0.1623499,3.799899,1.270045,-0.2640629,-3.575549,-0.01203895,-0.1755475,-0.009219783,0.9843542,358.4564,339.7874,359.2019,0.3365258,-0.07028648,-0.9390471,0,0,0,0.8958507,-0.13933,-2.596694,-0.01429328,0.09627039,1.05084,0.9381961,-0.01392425,0.3458239,0.02237788,0.9995401,-0.02046415,-0.3453799,0.02693819,0.9380763,moving,-18.29862,5.062223,-0.7792759,5.234415,-20.22982920596582,15.989079579138675
05/11/2023 12:33:59.573370,3525,True,True,True,True,Eyes,1.274622,-0.2655876,-3.562543,-0.314489,0.08544856,0.9454075,0.0,0.0,0.0,0.0,0.0,0.0,0.0,0.05025458,0.1533131,3.800272,1.269978,-0.2637138,-3.575711,-0.01313908,-0.1766943,-0.009621176,0.9841311,358.3232,339.6547,359.1806,0.336482,-0.07026292,-0.9390646,0,0,0,0.8924972,-0.1369807,-2.597009,-0.01503071,0.09578212,1.052145,0.9373732,-0.0142938,0.3480335,0.02358019,0.9994696,-0.02246113,-0.3475279,0.02926116,0.937213,moving,-18.39966,5.164519,-0.8184591,5.201588,-20.32819290673949,16.091843137964094
05/11/2023 12:33:59.593668,3526,True,True,True,True,Eyes,1.27448,-0.2654708,-3.562683,-0.3162233,0.08733206,0.9446566,0.0,0.0,0.0,0.0,0.0,0.0,0.0,0.05930054,0.1395992,3.800791,1.269936,-0.2633861,-3.575878,-0.01484565,-0.1778466,-0.01014486,0.983894,358.1191,339.5218,359.1583,0.3364383,-0.07023866,-0.939082,0,0,0,0.8891098,-0.1346077,-2.597327,-0.01579472,0.09402635,1.053605,0.9365354,-0.01468244,0.3502657,0.02524343,0.9993533,-0.02560463,-0.3496633,0.03282155,0.9363004,moving,-18.50794,5.281894,-0.8588636,5.099708,-20.433349446833013,16.209805649855344
05/11/2023 12:33:59.613543,3527,True,True,True,True,Eyes,1.274343,-0.2653557,-3.562826,-0.3179658,0.08927671,0.9438895,0.0,0.0,0.0,0.0,0.0,0.0,0.0,0.06834066,0.1235865,3.801393,1.269835,-0.2631793,-3.576141,-0.01689082,-0.1789741,-0.01056866,0.9836521,357.8789,339.3915,359.1545,0.3363946,-0.0702136,-0.9390996,0,0,0,0.8858216,-0.1323042,-2.597636,-0.01637915,0.09165173,1.055177,0.9357132,-0.01474573,0.3524534,0.0268378,0.9992059,-0.02944634,-0.3517394,0.03701241,0.935366,moving,-18.61701,5.403181,-0.8893111,4.964201,-20.539172490794925,16.331718537872863
05/11/2023 12:33:59.633938,3528,True,True,True,True,Eyes,1.274217,-0.2652352,-3.562973,-0.3197891,0.09127816,0.9430817,0.0,0.0,0.0,0.0,0.0,0.0,0.0,0.07719886,0.1106523,3.801817,1.269819,-0.2631331,-3.576358,-0.0185427,-0.1800977,-0.01101798,0.9834123,357.6824,339.2616,359.1403,0.3363509,-0.07018787,-0.9391171,0,0,0,0.8824279,-0.1299268,-2.597955,-0.01719362,0.09030043,1.056712,0.9348869,-0.01499144,0.3546292,0.02834942,0.9990696,-0.0325016,-0.3538119,0.04043885,0.934442,moving,-18.73126,5.528273,-0.9321697,4.884297,-20.65008576873909,16.457444337858313
05/11/2023 12:33:59.643855,3529,True,True,True,True,Eyes,1.274097,-0.2651103,-3.563125,-0.3216164,0.09333018,0.9422591,0.0,0.0,0.0,0.0,0.0,0.0,0.0,0.08599174,0.09998842,3.802183,1.269774,-0.2629168,-3.576665,-0.01990056,-0.1812008,-0.011273,0.9831802,357.5231,339.1336,359.1423,0.3363075,-0.07016137,-0.9391347,0,0,0,0.8791455,-0.1276273,-2.598263,-0.01785132,0.08938242,1.058233,0.9340784,-0.01495479,0.3567547,0.02937878,0.9989538,-0.03504632,-0.3558574,0.04321702,0.9335405,moving,-18.84605,5.656661,-0.9664299,4.82796,-20.761434132610376,16.58649930856644
05/11/2023 12:33:59.663548,3530,True,True,True,True,Eyes,1.273986,-0.2649819,-3.563277,-0.3235021,0.09540987,0.941405,0.0,0.0,0.0,0.0,0.0,0.0,0.0,0.0947454,0.08740729,3.802551,1.269793,-0.2627132,-3.576957,-0.02150858,-0.1823032,-0.01156746,0.9829391,357.3347,339.0056,359.1454,0.3362644,-0.07013406,-0.9391521,0,0,0,0.8757495,-0.1252483,-2.598582,-0.01867139,0.08800771,1.059854,0.9332635,-0.01489805,0.3588834,0.03058239,0.9988071,-0.03806567,-0.3578882,0.04650082,0.9326059,moving,-18.96464,5.787074,-1.009272,4.746812,-20.87654190104145,16.717576534201157
05/11/2023 12:33:59.683571,3531,True,True,True,True,Eyes,1.273879,-0.2648527,-3.563432,-0.3253829,0.09752747,0.9405394,0.0,0.0,0.0,0.0,0.0,0.0,0.0,0.1029367,0.07359838,3.802815,1.269684,-0.2625405,-3.577204,-0.02326947,-0.1833192,-0.01195229,0.9827054,357.1273,338.8879,359.1418,0.3362219,-0.07010591,-0.9391695,0,0,0,0.8724958,-0.1229689,-2.598887,-0.01943746,0.08620632,1.061383,0.9325024,-0.01495967,0.3608538,0.03202263,0.9986314,-0.04135189,-0.3597413,0.05011622,0.9317052,moving,-19.08324,5.920022,-1.04916,4.643414,-20.991576189931116,16.851216974397456
05/11/2023 12:33:59.693619,3532,True,True,True,True,Eyes,1.273785,-0.2647224,-3.563591,-0.3272978,0.09957849,0.9396597,0.0,0.0,0.0,0.0,0.0,0.0,0.0,0.1110775,0.0619927,3.803013,1.269684,-0.2624177,-3.577447,-0.02475662,-0.1843431,-0.01225355,0.9824738,356.9525,338.769,359.1422,0.3361799,-0.07007699,-0.9391867,0,0,0,0.8693588,-0.1207713,-2.599182,-0.02016935,0.08496878,1.062874,0.9317349,-0.01495015,0.3628313,0.033205,0.9984739,-0.04412774,-0.3616178,0.05316317,0.9308094,moving,-19.204,6.049224,-1.087128,4.570646,-21.108908800216085,16.98105522121641
05/11/2023 12:33:59.714426,3533,True,True,True,True,Eyes,1.273692,-0.2645906,-3.563753,-0.3292085,0.1016506,0.9387699,0.0,0.0,0.0,0.0,0.0,0.0,0.0,0.1197985,0.05059581,3.80321,1.269555,-0.2622875,-3.577815,-0.0262027,-0.1854234,-0.01263465,0.9822281,356.7806,338.6436,359.1333,0.3361387,-0.07004733,-0.9392037,0,0,0,0.8660159,-0.1184295,-2.599495,-0.02082714,0.08390326,1.064506,0.9309171,-0.01510304,0.3649183,0.03453741,0.9983075,-0.04678852,-0.363594,0.05615956,0.9298632,moving,-19.32479,6.179944,-1.120853,4.506677,-21.226221586772247,17.112428203282796
05/11/2023 12:33:59.729953,3534,True,True,True,True,Eyes,1.273613,-0.2644605,-3.563917,-0.3311942,0.1036041,0.9378574,0.0,0.0,0.0,0.0,0.0,0.0,0.0,0.1282305,0.04075532,3.80329,1.26953,-0.2621415,-3.578085,-0.02742984,-0.1864889,-0.01308018,0.981987,356.6319,338.5201,359.1127,0.3360981,-0.07001694,-0.9392204,0,0,0,0.8625136,-0.115976,-2.599824,-0.02182701,0.08334778,1.066113,0.9301016,-0.01545841,0.366977,0.03591986,0.998153,-0.04899288,-0.3655418,0.05875012,0.928939,moving,-19.45012,6.303845,-1.172879,4.470242,-21.348330349055672,17.236875839933283
05/11/2023 12:33:59.747988,3535,True,True,True,True,Eyes,1.273553,-0.2643297,-3.564078,-0.3332188,0.1054317,0.9369362,0.0,0.0,0.0,0.0,0.0,0.0,0.0,0.1364765,0.03323802,3.803356,1.269492,-0.262065,-3.578403,-0.02837112,-0.1875282,-0.01343656,0.9817575,356.5173,338.3996,359.0963,0.3360585,-0.06998596,-0.9392369,0,0,0,0.8594404,-0.1138231,-2.600113,-0.02243054,0.08320053,1.067587,0.9293053,-0.01574212,0.3689768,0.03702366,0.9980291,-0.05066765,-0.3674519,0.06074658,0.9280565,moving,-19.57779,6.420377,-1.203636,4.456238,-21.473038077717284,17.353856663753728
05/11/2023 12:33:59.763476,3536,True,True,True,True,Eyes,1.273493,-0.2642003,-3.564247,-0.3352534,0.1072771,0.9360005,0.0,0.0,0.0,0.0,0.0,0.0,0.0,0.1451221,0.02419554,3.803319,1.269426,-0.2618827,-3.578667,-0.02953962,-0.1886045,-0.01354835,0.9815153,356.3824,338.2737,359.1128,0.3360202,-0.0699544,-0.939253,0,0,0,0.8559804,-0.1113992,-2.600438,-0.02324599,0.08283734,1.069164,0.9284896,-0.01545321,0.3710369,0.03773843,0.9978877,-0.05287662,-0.3694361,0.06309774,0.9271115,moving,-19.70633,6.538267,-1.24554,4.430346,-21.598577035197806,17.472204837091805
05/11/2023 12:33:59.773299,3537,True,True,True,True,Eyes,1.273429,-0.2640793,-3.564424,-0.3372941,0.1091033,0.9350557,0.0,0.0,0.0,0.0,0.0,0.0,0.0,0.1553533,0.01549534,3.803299,1.269357,-0.2617583,-3.57906,-0.03069433,-0.1898744,-0.01350571,0.9812356,356.2522,338.1245,359.1474,0.335983,-0.06992235,-0.9392687,0,0,0,0.8522546,-0.1087891,-2.600788,-0.02380896,0.08279758,1.070966,0.9275306,-0.01484843,0.3734522,0.03816071,0.9977509,-0.05510795,-0.371794,0.06536552,0.9260111,moving,-19.83543,6.655238,-1.273549,4.420806,-21.724710133865344,17.589620023970415
05/11/2023 12:33:59.793602,3538,True,True,True,True,Eyes,1.273382,-0.2639558,-3.564597,-0.3393394,0.1107561,0.934121,0.0,0.0,0.0,0.0,0.0,0.0,0.0,0.1650113,0.01042439,3.803236,1.269232,-0.2618532,-3.579445,-0.03138857,-0.1910746,-0.01350723,0.9809806,356.1729,337.9838,359.167,0.3359466,-0.06989007,-0.9392841,0,0,0,0.8494905,-0.1068527,-2.601047,-0.02357563,0.0832776,1.072371,0.9266161,-0.01450554,0.3757288,0.03849576,0.9976646,-0.05642137,-0.3740329,0.06674492,0.9250106,moving,-19.96463,6.761831,-1.259422,4.440534,-21.851285957898185,17.696540763948285
05/11/2023 12:33:59.813228,3539,True,True,True,True,Eyes,1.273332,-0.2638304,-3.564775,-0.3413952,0.1124001,0.933175,0.0,0.0,0.0,0.0,0.0,0.0,0.0,0.1747057,0.005409151,3.803031,1.269124,-0.2617804,-3.579719,-0.0320904,-0.1922786,-0.01326231,0.9807258,356.0984,337.8416,359.2148,0.3359114,-0.0698575,-0.9392991,0,0,0,0.8462167,-0.1045593,-2.601355,-0.02381933,0.08402955,1.073843,0.9257061,-0.01367279,0.3779964,0.03835398,0.9975886,-0.05784365,-0.376294,0.06804389,0.9239983,moving,-20.09468,6.868139,-1.270692,4.474349,-21.978727023020433,17.803167656982797
05/11/2023 12:33:59.829691,3540,True,True,True,True,Eyes,1.273489,-0.263714,-3.564886,-0.345547,0.1143373,0.9314098,0.0,0.0,0.0,0.0,0.0,0.0,0.0,0.1847049,-0.0002534986,3.802806,1.269048,-0.2616252,-3.580016,-0.03285133,-0.1935264,-0.01311884,0.9804572,356.015,337.6945,359.2528,0.3358771,-0.06982462,-0.9393138,0,0,0,0.8429376,-0.1022622,-2.601663,-0.02400154,0.08452801,1.07537,0.9247509,-0.01300971,0.3803507,0.03844012,0.9974974,-0.05934098,-0.3786268,0.06949633,0.9229366,moving,-20.35453,6.998461,-1.278591,4.494415,-22.23606967280189,17.93321101285055
05/11/2023 12:33:59.843730,3541,True,True,True,True,Eyes,1.273636,-0.2635928,-3.564998,-0.3496245,0.1162511,0.9296495,0.0,0.0,0.0,0.0,0.0,0.0,0.0,0.195573,-0.003170073,3.802626,1.268952,-0.2616532,-3.580436,-0.03330159,-0.1948781,-0.01276944,0.9801789,355.9711,337.5347,359.3077,0.335849,-0.0697917,-0.9393263,0,0,0,0.8396168,-0.09993588,-2.601974,-0.02389982,0.08597877,1.076988,0.923719,-0.01205316,0.3828813,0.03801216,0.9974559,-0.06030605,-0.3811803,0.07025998,0.921827,moving,-20.61038,7.127743,-1.271262,4.56439,-22.48941907844752,18.062229436258512
05/11/2023 12:33:59.863425,3542,True,True,True,True,Eyes,1.273742,-0.263475,-3.565131,-0.3536608,0.1182094,0.9278743,0.0,0.0,0.0,0.0,0.0,0.0,0.0,0.2059438,-0.008867964,3.802205,1.268896,-0.2614391,-3.580616,-0.03406653,-0.1961803,-0.01257393,0.9798952,355.8885,337.3808,359.3523,0.3358264,-0.0697586,-0.9393368,0,0,0,0.8362159,-0.09755339,-2.602294,-0.02411038,0.08651849,1.078479,0.9227104,-0.01127591,0.385329,0.03800864,0.9973627,-0.06182975,-0.3836156,0.07169677,0.9207056,moving,-20.86443,7.260264,-1.280685,4.586598,-22.74084934920041,18.194534996487562
05/11/2023 12:33:59.873667,3543,True,True,True,True,Eyes,1.273841,-0.2633557,-3.565266,-0.3576261,0.1201477,0.9261037,0.0,0.0,0.0,0.0,0.0,0.0,0.0,0.2166754,-0.01640444,3.801932,1.268824,-0.2614391,-3.581011,-0.03511721,-0.1975085,-0.01226623,0.9795952,355.7765,337.2229,359.4163,0.3358074,-0.06972544,-0.9393461,0,0,0,0.8328412,-0.09518928,-2.602611,-0.02408445,0.08668987,1.080228,0.9216798,-0.01015998,0.3878183,0.03790377,0.9972327,-0.06395593,-0.3860953,0.07364666,0.9195144,moving,-21.11467,7.391962,-1.277239,4.588238,-22.98847053116554,18.326033778345618
05/11/2023 12:33:59.893514,3544,True,True,True,True,Eyes,1.273859,-0.2632332,-3.565429,-0.3614471,0.1220665,0.9243678,0.0,0.0,0.0,0.0,0.0,0.0,0.0,0.2268647,-0.02259935,3.801468,1.268772,-0.2613074,-3.581211,-0.03597103,-0.1987827,-0.01196868,0.9793101,355.6866,337.0715,359.4748,0.3357917,-0.06969216,-0.9393542,0,0,0,0.8295014,-0.09284961,-2.602924,-0.0242407,0.08712547,1.081759,0.9206843,-0.009141257,0.3902009,0.03774293,0.9971257,-0.06569525,-0.3884788,0.07521191,0.9183831,moving,-21.35654,7.522616,-1.283703,4.604693,-23.22769853481264,18.456532720201718
05/11/2023 12:33:59.913318,3545,True,True,True,True,Eyes,1.273873,-0.2631129,-3.565594,-0.3651982,0.123973,0.9226381,0.0,0.0,0.0,0.0,0.0,0.0,0.0,0.2374045,-0.03008641,3.800911,1.268673,-0.2611486,-3.581405,-0.03697985,-0.2000968,-0.01175661,0.9790074,355.5774,336.9154,359.5276,0.3357766,-0.06965871,-0.939362,0,0,0,0.8262663,-0.09058335,-2.603228,-0.02416682,0.08709561,1.083271,0.9196461,-0.008220525,0.3926619,0.03781872,0.9969886,-0.06770219,-0.3909229,0.07711202,0.9171875,moving,-21.59463,7.65288,-1.278006,4.596725,-23.46313338529285,18.58666251434178
05/11/2023 12:33:59.930207,3546,True,True,True,True,Eyes,1.273899,-0.2629944,-3.565759,-0.3688565,0.1258104,0.9209325,0.0,0.0,0.0,0.0,0.0,0.0,0.0,0.2469364,-0.03661504,3.80042,1.268647,-0.2610999,-3.581602,-0.03785738,-0.2012951,-0.01166512,0.9787294,355.4804,336.7733,359.5636,0.3357621,-0.06962516,-0.9393697,0,0,0,0.8229436,-0.08825558,-2.60354,-0.02452856,0.08744638,1.084843,0.9186885,-0.007592979,0.3949099,0.03807499,0.9968615,-0.06940798,-0.3931435,0.07880048,0.9160942,moving,-21.82734,7.779131,-1.295251,4.608502,-23.69328348102048,18.71277040950712
05/11/2023 12:33:59.943665,3547,True,True,True,True,Eyes,1.273922,-0.262874,-3.565923,-0.372447,0.1276271,0.9192359,0.0,0.0,0.0,0.0,0.0,0.0,0.0,0.2560446,-0.04120615,3.80007,1.268535,-0.2610329,-3.581964,-0.03847676,-0.2024239,-0.01155195,0.9784737,355.4129,336.6396,359.5959,0.3357484,-0.06959157,-0.9393771,0,0,0,0.8195809,-0.08589986,-2.603856,-0.0249427,0.0883508,1.086507,0.9177822,-0.007029324,0.3970219,0.03818379,0.9967722,-0.0706202,-0.395244,0.07997376,0.9150882,moving,-22.05633,7.904437,-1.315095,4.648854,-23.919719128035823,18.837947565154856
05/11/2023 12:33:59.963725,3548,True,True,True,True,Eyes,1.273942,-0.2627563,-3.566087,-0.3759346,0.1293539,0.9175733,0.0,0.0,0.0,0.0,0.0,0.0,0.0,0.2650263,-0.04675873,3.799541,1.268514,-0.2608849,-3.582143,-0.03921597,-0.2035541,-0.01142077,0.9782114,355.3326,336.5053,359.6333,0.3357352,-0.06955788,-0.9393843,0,0,0,0.8162357,-0.08355645,-2.60417,-0.02546966,0.08892448,1.088061,0.9168707,-0.006378709,0.3991335,0.03830899,0.9966634,-0.07207354,-0.397342,0.08137251,0.9140558,moving,-22.27917,8.024334,-1.340952,4.672256,-24.140140731890313,18.95769638161812
05/11/2023 12:33:59.973379,3549,True,True,True,True,Eyes,1.273961,-0.2626446,-3.566248,-0.3793462,0.1310636,0.9159251,0.0,0.0,0.0,0.0,0.0,0.0,0.0,0.2730668,-0.05432001,3.799016,1.268399,-0.2608491,-3.58234,-0.04021823,-0.2045496,-0.01141201,0.977963,355.2198,336.3869,359.6626,0.3357226,-0.06952418,-0.9393913,0,0,0,0.8127466,-0.08111219,-2.604497,-0.02634206,0.08908537,1.089711,0.9160584,-0.005867805,0.4010018,0.0387743,0.9965045,-0.07399524,-0.3991659,0.08333254,0.913084,moving,-22.49773,8.143411,-1.384766,4.673614,-24.356279914438737,19.07664458691594
05/11/2023 12:33:59.993569,3550,True,True,True,True,Eyes,1.273971,-0.2625331,-3.566412,-0.3826348,0.1326789,0.9143232,0.0,0.0,0.0,0.0,0.0,0.0,0.0,0.2804914,-0.05951017,3.798518,1.26841,-0.2608953,-3.582462,-0.04092108,-0.2054888,-0.01137213,0.9777375,355.1416,336.2753,359.6883,0.3357104,-0.06949063,-0.9393981,0,0,0,0.8096069,-0.0789127,-2.604792,-0.02715898,0.0897433,1.091175,0.9152901,-0.005420264,0.4027589,0.03905555,0.9963923,-0.07534645,-0.4008974,0.08469383,0.9121996,moving,-22.7088,8.256651,-1.425778,4.701689,-24.56506994049171,19.189740612613257
05/11/2023 12:34:00.013568,3551,True,True,True,True,Eyes,1.273977,-0.2624219,-3.566573,-0.3858508,0.1342925,0.9127347,0.0,0.0,0.0,0.0,0.0,0.0,0.0,0.2873911,-0.06424493,3.798086,1.268268,-0.2607958,-3.58269,-0.04152295,-0.2063417,-0.01148548,0.9775311,355.0711,336.1746,359.6941,0.3356984,-0.06945722,-0.9394049,0,0,0,0.806126,-0.07647421,-2.605119,-0.0283519,0.09061531,1.092785,0.9145823,-0.005318996,0.4043647,0.03959066,0.9962879,-0.07644007,-0.4024571,0.08591981,0.9113979,moving,-22.9158,8.369988,-1.486185,4.740206,-24.769758767640383,19.30296185729794
05/11/2023 12:34:00.030333,3552,True,True,True,True,Eyes,1.273984,-0.2623185,-3.566732,-0.3889649,0.1357776,0.9111919,0.0,0.0,0.0,0.0,0.0,0.0,0.0,0.2945889,-0.07046494,3.797484,1.268172,-0.260708,-3.582794,-0.04232299,-0.2072418,-0.01160813,0.9773051,354.9781,336.0681,359.7039,0.3356864,-0.06942397,-0.9394116,0,0,0,0.8028922,-0.07420883,-2.605423,-0.02927667,0.09091145,1.094257,0.9138322,-0.005147187,0.4060594,0.04023156,0.996148,-0.07791357,-0.4040942,0.08753632,0.9105193,moving,-23.11642,8.475336,-1.532573,4.749256,-24.96828700065545,19.408147513058218
05/11/2023 12:34:00.044650,3553,True,True,True,True,Eyes,1.273987,-0.2622134,-3.566888,-0.3920197,0.137252,0.9096606,0.0,0.0,0.0,0.0,0.0,0.0,0.0,0.302494,-0.07592157,3.79691,1.267992,-0.2608025,-3.583012,-0.04306911,-0.2082142,-0.01155368,0.9770662,354.8954,335.9522,359.733,0.3356746,-0.06939105,-0.9394183,0,0,0,0.7996138,-0.07191215,-2.605731,-0.02991161,0.09161529,1.095832,0.9130267,-0.004642221,0.4078734,0.04051263,0.9960232,-0.07935146,-0.4058829,0.08897403,0.9095837,moving,-23.31371,8.580216,-1.563546,4.77901,-25.16347774726448,19.51288215052442
05/11/2023 12:34:00.063475,3554,True,True,True,True,Eyes,1.273995,-0.2621121,-3.567039,-0.3947803,0.1387494,0.9082385,0.0,0.0,0.0,0.0,0.0,0.0,0.0,0.3101473,-0.08089794,3.796269,1.267929,-0.2606709,-3.583127,-0.04371241,-0.2091764,-0.01157271,0.976832,354.8225,335.838,359.7513,0.3356627,-0.0693584,-0.9394249,0,0,0,0.7964481,-0.06969445,-2.606028,-0.03063062,0.0922005,1.097293,0.9122226,-0.004321981,0.4096722,0.0408964,0.9959105,-0.08055788,-0.4076487,0.09024083,0.9086689,moving,-23.49294,8.685784,-1.598981,4.80302,-25.340461564309926,19.61843287902604
05/11/2023 12:34:00.073286,3555,True,True,True,True,Eyes,1.274,-0.2620094,-3.567185,-0.3974918,0.1402229,0.9068284,0.0,0.0,0.0,0.0,0.0,0.0,0.0,0.3175844,-0.08519284,3.79566,1.267762,-0.2606771,-3.583292,-0.04430766,-0.2100931,-0.01140429,0.9766103,354.7596,335.7282,359.7896,0.3356511,-0.0693261,-0.9394315,0,0,0,0.7931435,-0.06737944,-2.606338,-0.03141552,0.0932135,1.098812,0.9114617,-0.003657619,0.4113688,0.04089256,0.9958135,-0.08175072,-0.4093476,0.09133456,0.9077954,moving,-23.66937,8.79003,-1.637665,4.848857,-25.51466968746832,19.722665527959784
05/11/2023 12:34:00.093661,3556,True,True,True,True,Eyes,1.273981,-0.2619075,-3.567338,-0.399719,0.1417512,0.905611,0.0,0.0,0.0,0.0,0.0,0.0,0.0,0.3245708,-0.0890391,3.794975,1.267698,-0.2605542,-3.583317,-0.04481966,-0.2109737,-0.01129201,0.9763983,354.7047,335.623,359.8193,0.3356396,-0.06929407,-0.939438,0,0,0,0.7897372,-0.0649932,-2.606658,-0.03254372,0.09431956,1.100272,0.9107252,-0.003139473,0.4130009,0.04096254,0.9957274,-0.08275905,-0.4109764,0.09228832,0.9069626,moving,-23.81572,8.896067,-1.694194,4.899638,-25.65853182973232,19.828909716982185
05/11/2023 12:34:00.113362,3557,True,True,True,True,Eyes,1.273959,-0.2618138,-3.567488,-0.4019251,0.1432489,0.9043981,0.0,0.0,0.0,0.0,0.0,0.0,0.0,0.3314297,-0.09356818,3.79438,1.267449,-0.260489,-3.583523,-0.04540937,-0.2118082,-0.01132578,0.9761901,354.6376,335.5238,359.8345,0.3356275,-0.06926233,-0.9394446,0,0,0,0.7863606,-0.06262781,-2.606975,-0.03353199,0.09521028,1.101841,0.910018,-0.002876082,0.4145587,0.04134838,0.9956194,-0.08385856,-0.4125015,0.09345414,0.9061506,moving,-23.96092,9.000388,-1.743128,4.938673,-25.80129261568839,19.933426429436164
05/11/2023 12:34:00.129719,3558,True,True,True,True,Eyes,1.273927,-0.2617232,-3.567633,-0.4038235,0.1447637,0.9033107,0.0,0.0,0.0,0.0,0.0,0.0,0.0,0.3388319,-0.09683959,3.793699,1.267369,-0.2606113,-3.583601,-0.04590572,-0.212734,-0.01098596,0.9759695,354.5901,335.4121,359.8899,0.335615,-0.06923107,-0.9394514,0,0,0,0.7828752,-0.06018616,-2.607302,-0.03452161,0.09676176,1.103407,0.9092472,-0.001912517,0.4162523,0.04097534,0.9955439,-0.08493097,-0.4142351,0.09427933,0.9052739,moving,-24.08695,9.10475,-1.791992,5.011652,-25.92475015895385,20.038112415747747
05/11/2023 12:34:00.143714,3559,True,True,True,True,Eyes,1.273894,-0.2616322,-3.567774,-0.4057161,0.146211,0.9022288,0.0,0.0,0.0,0.0,0.0,0.0,0.0,0.3459277,-0.1000585,3.792929,1.267223,-0.2606115,-3.583604,-0.04637672,-0.2136175,-0.01066668,0.9757576,354.5451,335.3055,359.9423,0.3356019,-0.06920034,-0.9394584,0,0,0,0.7797146,-0.057972,-2.607599,-0.0352678,0.09802899,1.104744,0.9085076,-0.001002429,0.4178672,0.04062995,0.9954708,-0.08594769,-0.4158885,0.09506205,0.9044335,moving,-24.21259,9.20506,-1.828488,5.070837,-26.047948564498448,20.138703797040264
05/11/2023 12:34:00.163604,3560,True,True,True,True,Eyes,1.273842,-0.2615377,-3.567915,-0.4074158,0.1476625,0.9012259,0.0,0.0,0.0,0.0,0.0,0.0,0.0,0.3534161,-0.09970348,3.792303,1.267178,-0.2605161,-3.583684,-0.04634932,-0.2145685,-0.01044163,0.9755527,354.5537,335.1924,359.9722,0.3355881,-0.06917007,-0.9394655,0,0,0,0.7763959,-0.05564713,-2.607911,-0.03613523,0.1003145,1.106166,0.9077027,-0.0004825143,0.4196136,0.04026292,0.9954854,-0.08595153,-0.4176777,0.0949133,0.9036242,moving,-24.32623,9.30502,-1.871021,5.18179,-26.15907594418058,20.239021283922256
05/11/2023 12:34:00.174155,3561,True,True,True,True,Eyes,1.273789,-0.2614467,-3.568053,-0.4091099,0.1491215,0.9002177,0.0,0.0,0.0,0.0,0.0,0.0,0.0,0.3602661,-0.1033048,3.79152,1.266996,-0.2603457,-3.583717,-0.04681416,-0.2154197,-0.01038748,0.9753436,354.5029,335.0909,-0.005373176,0.3355734,-0.06914014,-0.939473,0,0,0,0.7730258,-0.05328621,-2.608227,-0.03717199,0.1014191,1.107607,0.9069729,-9.334928e-05,0.4211889,0.04043211,0.9954011,-0.08684443,-0.4192438,0.0957951,0.9028057,moving,-24.43974,9.405665,-1.922161,5.231757,-26.27004985327111,20.340032279652384
05/11/2023 12:34:00.193852,3562,True,True,True,True,Eyes,1.27372,-0.2613592,-3.568193,-0.4106348,0.1505579,0.8992838,0.0,0.0,0.0,0.0,0.0,0.0,0.0,0.3675674,-0.1096159,3.790662,1.266925,-0.2603571,-3.583763,-0.04763516,-0.2163395,-0.01053893,0.9750985,354.4072,334.9813,0.003324626,0.3355579,-0.06911062,-0.9394807,0,0,0,0.7698002,-0.05102653,-2.60853,-0.03803408,0.1017206,1.10916,0.9061723,5.774581e-05,0.4229086,0.04116371,0.9952397,-0.08833796,-0.4209006,0.09745792,0.9018562,moving,-24.54259,9.504302,-1.963953,5.239913,-26.370356600067367,20.43908394933277
05/11/2023 12:34:00.213570,3563,True,True,True,True,Eyes,1.273649,-0.2612751,-3.568327,-0.4121418,0.1519629,0.8983577,0.0,0.0,0.0,0.0,0.0,0.0,0.0,0.3729826,-0.11155,3.790135,1.266761,-0.2603537,-3.583883,-0.04786993,-0.2170108,-0.01072801,0.9749358,354.3762,334.9026,359.9919,0.3355411,-0.06908156,-0.9394889,0,0,0,0.7664811,-0.04870141,-2.608842,-0.03949153,0.1033038,1.110654,0.9055825,-0.0001416503,0.4241702,0.04169481,0.9951867,-0.08868402,-0.422116,0.09799639,0.9012296,moving,-24.64436,9.601056,-2.03641,5.313893,-26.469637976135957,20.536238812614826
05/11/2023 12:34:00.233497,3564,True,True,True,True,Eyes,1.273573,-0.2611939,-3.568455,-0.4135109,0.1533439,0.8974934,0.0,0.0,0.0,0.0,0.0,0.0,0.0,0.3779466,-0.1141211,3.789534,1.266659,-0.2603609,-3.583884,-0.04821386,-0.2176328,-0.01073099,0.9747801,354.3376,334.8285,0.003749714,0.3355234,-0.06905302,-0.9394974,0,0,0,0.7629703,-0.04624198,-2.609171,-0.04127711,0.1049002,1.112162,0.9050416,6.512433e-05,0.4253231,0.04190655,0.9951205,-0.08932498,-0.4232535,0.09866665,0.9006227,moving,-24.73741,9.695817,-2.125516,5.388252,-26.560205042925134,20.63143658219377
05/11/2023 12:34:00.243675,3565,True,True,True,True,Eyes,1.273498,-0.2611194,-3.56858,-0.4148596,0.1546671,0.8966435,0.0,0.0,0.0,0.0,0.0,0.0,0.0,0.3825384,-0.1180726,3.788885,1.266408,-0.2603626,-3.583901,-0.04874425,-0.2181855,-0.01069568,0.9746305,354.2791,334.7618,0.02429432,0.3355046,-0.06902503,-0.9395061,0,0,0,0.7598276,-0.04404036,-2.609467,-0.04269788,0.1058698,1.113512,0.9045614,0.0004219029,0.4263432,0.04211926,0.9950192,-0.09034798,-0.4242579,0.09968255,0.9000382,moving,-24.82907,9.786962,-2.195944,5.431204,-26.649491722243,20.722987278427993
05/11/2023 12:34:00.263701,3566,True,True,True,True,Eyes,1.273414,-0.2610454,-3.568704,-0.4161243,0.1559493,0.895835,0.0,0.0,0.0,0.0,0.0,0.0,0.0,0.3862759,-0.1178456,3.788557,1.266375,-0.2604489,-3.583953,-0.04873843,-0.2186587,-0.01060466,0.9745258,354.282,334.7056,0.03714833,0.3354849,-0.06899772,-0.9395151,0,0,0,0.7563654,-0.04161493,-2.609792,-0.04481295,0.1083118,1.115011,0.9041519,0.0006451316,0.4272107,0.04198319,0.9950243,-0.0903561,-0.4251433,0.09963131,0.8996259,moving,-24.91533,9.875237,-2.301513,5.548285,-26.733435838296984,20.81167196069625
05/11/2023 12:34:00.273881,3567,True,True,True,True,Eyes,1.273329,-0.2609737,-3.568822,-0.4173598,0.1572199,0.8950378,0.0,0.0,0.0,0.0,0.0,0.0,0.0,0.3891249,-0.1186173,3.788233,1.266214,-0.2603951,-3.584005,-0.0488512,-0.2190001,-0.01047114,0.9744449,354.2728,334.6644,0.05699246,0.3354643,-0.06897104,-0.9395245,0,0,0,0.7531215,-0.03934244,-2.610096,-0.04687685,0.110245,1.116367,0.9038586,0.0009897402,0.4278302,0.04180394,0.9950078,-0.09061924,-0.4257841,0.09979197,0.899305,moving,-24.99983,9.962783,-2.404468,5.639865,-26.815631871712313,20.89963124486063
05/11/2023 12:34:00.293447,3568,True,True,True,True,Eyes,1.273234,-0.2609034,-3.568947,-0.418549,0.1584644,0.8942627,0.0,0.0,0.0,0.0,0.0,0.0,0.0,0.391683,-0.1226776,3.78777,1.266133,-0.260391,-3.58396,-0.04940197,-0.219313,-0.01036553,0.9743479,354.2138,334.6255,0.08464077,0.3354428,-0.068945,-0.939534,0,0,0,0.7498673,-0.03706281,-2.610402,-0.04909226,0.1112775,1.117778,0.9035887,0.001469732,0.4283986,0.04186825,0.994904,-0.09172282,-0.4263503,0.100816,0.8989224,moving,-25.08138,10.04857,-2.514786,5.685199,-26.89491558184004,20.98583157427992
05/11/2023 12:34:00.313470,3569,True,True,True,True,Eyes,1.273137,-0.2608385,-3.569064,-0.4197132,0.1596773,0.893501,0.0,0.0,0.0,0.0,0.0,0.0,0.0,0.3948725,-0.1252913,3.787525,1.265984,-0.2603658,-3.584196,-0.04974261,-0.2196887,-0.0103732,0.9742458,354.1755,334.5803,0.09466553,0.3354203,-0.06891957,-0.9395439,0,0,0,0.7465246,-0.0347211,-2.610716,-0.05112156,0.1127112,1.11942,0.9032586,0.001643695,0.4290936,0.04206787,0.9948362,-0.09236532,-0.4270297,0.1014808,0.8985251,moving,-25.16132,10.13235,-2.614762,5.749573,-26.972644361572726,21.070013247706996
05/11/2023 12:34:00.330067,3570,True,True,True,True,Eyes,1.273025,-0.260772,-3.569183,-0.4208595,0.1609135,0.8927397,0.0,0.0,0.0,0.0,0.0,0.0,0.0,0.3973355,-0.1273217,3.787102,1.265846,-0.2604415,-3.584135,-0.05005554,-0.2199847,-0.01010275,0.9741659,354.1474,334.5431,0.1347399,0.3353967,-0.06889484,-0.9395542,0,0,0,0.7431616,-0.03236518,-2.611032,-0.05339542,0.1145111,1.120797,0.9030094,0.002339392,0.4296145,0.04170642,0.9947848,-0.09307991,-0.4275917,0.1019697,0.8982024,moving,-25.24035,10.21768,-2.727543,5.833633,-27.049405795633945,21.15576828085656
05/11/2023 12:34:00.343717,3571,True,True,True,True,Eyes,1.272913,-0.260705,-3.569297,-0.4219998,0.1621248,0.8919819,0.0,0.0,0.0,0.0,0.0,0.0,0.0,0.4010619,-0.1318212,3.786518,1.265648,-0.2603627,-3.584172,-0.05068306,-0.2204259,-0.009753283,0.9740372,354.0861,334.4874,0.1925997,0.335372,-0.06887071,-0.9395647,0,0,0,0.7396927,-0.02993509,-2.611357,-0.05528054,0.1155875,1.122354,0.9026346,0.003343602,0.4303947,0.04134384,0.9946722,-0.09443462,-0.4284175,0.1030341,0.8976873,moving,-25.31899,10.30151,-2.819774,5.879972,-27.125823983347203,21.240009179881103
05/11/2023 12:34:00.363457,3572,True,True,True,True,Eyes,1.272802,-0.2606311,-3.569407,-0.4231887,0.163296,0.8912047,0.0,0.0,0.0,0.0,0.0,0.0,0.0,0.4052838,-0.1346786,3.785949,1.265559,-0.2602963,-3.584189,-0.05109327,-0.2209481,-0.00941775,0.9739008,354.0488,334.4228,0.2439063,0.3353463,-0.06884711,-0.9395757,0,0,0,0.7364251,-0.02764597,-2.611664,-0.05691776,0.1170033,1.123826,0.9021865,0.004234013,0.4313254,0.04092183,0.9946016,-0.09535789,-0.4294007,0.1036812,0.8971429,moving,-25.40072,10.38316,-2.89935,5.943743,-27.20542527883177,21.32202515550619
05/11/2023 12:34:00.373653,3573,True,True,True,True,Eyes,1.272691,-0.2605622,-3.56951,-0.4243708,0.1644783,0.8904248,0.0,0.0,0.0,0.0,0.0,0.0,0.0,0.4100394,-0.137031,3.785316,1.265449,-0.260074,-3.584205,-0.05140387,-0.2215396,-0.009188607,0.9737524,354.0201,334.3508,0.2811992,0.3353196,-0.06882381,-0.9395869,0,0,0,0.7331191,-0.02533,-2.611974,-0.05845392,0.1184425,1.125285,0.9016715,0.004881127,0.4323941,0.04067084,0.9945464,-0.09603798,-0.4305048,0.1041805,0.8965557,moving,-25.48217,10.46564,-2.973607,6.008574,-27.284717292811237,21.40488225777255
05/11/2023 12:34:00.393633,3574,True,True,True,True,Eyes,1.272573,-0.2605021,-3.569617,-0.4259863,0.1658544,0.8893975,0.0,0.0,0.0,0.0,0.0,0.0,0.0,0.4148449,-0.142661,3.784529,1.265386,-0.2601409,-3.584165,-0.0521521,-0.2221445,-0.009246569,0.973574,353.935,334.2775,0.2976672,0.3352923,-0.06880093,-0.9395983,0,0,0,0.7298977,-0.0230733,-2.612277,-0.05999503,0.1189883,1.126835,0.9011326,0.005166169,0.4335127,0.04117505,0.9943893,-0.09743971,-0.4315839,0.105656,0.895864,moving,-25.59258,10.56316,-3.047669,6.027817,-27.392672867126848,21.502754059371693
05/11/2023 12:34:00.413895,3575,True,True,True,True,Eyes,1.272457,-0.2604419,-3.569721,-0.4275917,0.1671814,0.8883781,0.0,0.0,0.0,0.0,0.0,0.0,0.0,0.4193509,-0.1432628,3.784093,1.265204,-0.2603188,-3.584304,-0.05228444,-0.2226908,-0.008998951,0.9734445,353.9267,334.2112,0.3322666,0.3352641,-0.06877866,-0.9396099,0,0,0,0.7265858,-0.02075318,-2.612588,-0.06152207,0.1212197,1.128385,0.9006557,0.005766565,0.4344952,0.04080648,0.9943707,-0.09778404,-0.4326132,0.1058,0.8953503,moving,-25.70231,10.65769,-3.120803,6.131629,-27.500042307176727,21.59760703753139
05/11/2023 12:34:00.429775,3576,True,True,True,True,Eyes,1.272346,-0.2603794,-3.569817,-0.4295323,0.1686783,0.8871582,0.0,0.0,0.0,0.0,0.0,0.0,0.0,0.4253812,-0.1440816,3.7834,1.265132,-0.2602597,-3.584345,-0.05239804,-0.2234538,-0.008902121,0.9732644,353.9168,334.1202,0.3508428,0.3352351,-0.06875693,-0.9396219,0,0,0,0.723237,-0.01840723,-2.612902,-0.06277671,0.1231896,1.129924,0.8999783,0.006088845,0.4358921,0.04074531,0.9943504,-0.09801588,-0.4340263,0.1059727,0.8946458,moving,-25.83471,10.76534,-3.179991,6.22208,-27.629805310984885,21.705575233646037
05/11/2023 12:34:00.443659,3577,True,True,True,True,Eyes,1.272235,-0.260316,-3.569908,-0.4314412,0.1701419,0.8859516,0.0,0.0,0.0,0.0,0.0,0.0,0.0,0.4320865,-0.1480457,3.782432,1.264982,-0.2601674,-3.584347,-0.05289767,-0.2242951,-0.009032728,0.9730426,353.8578,334.0201,0.3544588,0.3352056,-0.06873564,-0.939634,0,0,0,0.7198913,-0.01606336,-2.613217,-0.0638313,0.1241452,1.131511,0.8992202,0.006150916,0.4374531,0.04130784,0.9942405,-0.09889137,-0.4355418,0.1069954,0.893787,moving,-25.96518,10.87097,-3.228773,6.261238,-27.75769161122073,21.811513762344394
05/11/2023 12:34:00.463762,3578,True,True,True,True,Eyes,1.272098,-0.2602518,-3.57001,-0.4334868,0.1716977,0.884652,0.0,0.0,0.0,0.0,0.0,0.0,0.0,0.4377182,-0.1505344,3.781619,1.264893,-0.2600901,-3.584313,-0.05319377,-0.2250109,-0.009258109,0.9728592,353.8192,333.9359,0.341446,0.3351758,-0.06871472,-0.9396461,0,0,0,0.7165933,-0.01375304,-2.613526,-0.06525132,0.1254666,1.133023,0.8985688,0.005924681,0.4387927,0.04195202,0.9941694,-0.09933374,-0.4368229,0.1076664,0.8930811,moving,-26.10523,10.9837,-3.29605,6.318971,-27.894989821489453,21.92456762593161
05/11/2023 12:34:00.483567,3579,True,True,True,True,Eyes,1.271961,-0.2602,-3.570103,-0.4355106,0.1732379,0.8833568,0.0,0.0,0.0,0.0,0.0,0.0,0.0,0.4444245,-0.1535589,3.780804,1.264582,-0.2597607,-3.58454,-0.05353611,-0.225823,-0.009393086,0.9726509,353.7777,333.8396,0.340453,0.335145,-0.06869414,-0.9396586,0,0,0,0.7131363,-0.01133127,-2.613851,-0.06624392,0.1265783,1.134741,0.8978315,0.005906986,0.4402997,0.04245175,0.9940913,-0.09990153,-0.4382882,0.1083862,0.8922757,moving,-26.24412,11.09564,-3.341022,6.364932,-28.03114608760984,22.03683041036541
05/11/2023 12:34:00.493582,3580,True,True,True,True,Eyes,1.271815,-0.2601425,-3.570205,-0.4376298,0.1748622,0.8819883,0.0,0.0,0.0,0.0,0.0,0.0,0.0,0.4514605,-0.1580318,3.779673,1.264478,-0.2600206,-3.584439,-0.05416595,-0.2267145,-0.009389253,0.9724086,353.7077,333.7322,0.3631552,0.3351133,-0.06867417,-0.9396713,0,0,0,0.7100408,-0.009162749,-2.614142,-0.0669547,0.1275172,1.13625,0.8970248,0.006300034,0.4419354,0.04282079,0.9939558,-0.1010855,-0.4399011,0.1096002,0.8913332,moving,-26.38994,11.21399,-3.372314,6.403306,-28.17406877248105,22.15552850077716
05/11/2023 12:34:00.513778,3581,True,True,True,True,Eyes,1.271673,-0.2600849,-3.570305,-0.4397268,0.1764285,0.8806324,0.0,0.0,0.0,0.0,0.0,0.0,0.0,0.4586178,-0.1606029,3.778816,1.264325,-0.2601163,-3.584606,-0.05451543,-0.2276048,-0.00942657,0.9721808,353.668,333.626,0.3739781,0.3350806,-0.0686546,-0.9396845,0,0,0,0.7065361,-0.006707554,-2.614471,-0.06792811,0.1291228,1.138077,0.8962144,0.006487288,0.4435737,0.0431446,0.9938784,-0.1017066,-0.4415181,0.1102888,0.8904483,moving,-26.53436,11.32882,-3.415745,6.472926,-28.31569783711911,22.270676655524838
05/11/2023 12:34:00.529700,3582,True,True,True,True,Eyes,1.271535,-0.2600245,-3.5704,-0.4419364,0.1780495,0.8791988,0.0,0.0,0.0,0.0,0.0,0.0,0.0,0.4658099,-0.1614313,3.777946,1.264279,-0.2600601,-3.584673,-0.05461911,-0.2285203,-0.009434387,0.97196,353.6566,333.5175,0.3818368,0.335047,-0.06863541,-0.9396979,0,0,0,0.7034705,-0.004559986,-2.614758,-0.06858373,0.1308469,1.139603,0.8953789,0.006623456,0.4452557,0.04330284,0.9938555,-0.1018633,-0.4431946,0.1104871,0.8895904,moving,-26.68676,11.44833,-3.444027,6.549901,-28.46520756181939,22.39050381493935
05/11/2023 12:34:00.543687,3583,True,True,True,True,Eyes,1.271398,-0.2599649,-3.57049,-0.444122,0.1796492,0.8777709,0.0,0.0,0.0,0.0,0.0,0.0,0.0,0.4734075,-0.1633647,3.776897,1.2641,-0.2599614,-3.584721,-0.05486751,-0.2294718,-0.009411545,0.971722,353.6299,333.404,0.3972397,0.3350129,-0.06861648,-0.9397114,0,0,0,0.7000887,-0.002190926,-2.615076,-0.069307,0.1324472,1.141237,0.8945082,0.006890279,0.4469984,0.0434719,0.993802,-0.1023125,-0.4449328,0.1109513,0.8886645,moving,-26.83785,11.56672,-3.475289,6.619898,-28.613435186472692,22.509207213748034
05/11/2023 12:34:00.563629,3584,True,True,True,True,Eyes,1.271263,-0.2599086,-3.570584,-0.4463579,0.1812819,0.8762999,0.0,0.0,0.0,0.0,0.0,0.0,0.0,0.481146,-0.1677162,3.775689,1.26399,-0.2599283,-3.584721,-0.05543112,-0.2304494,-0.009507356,0.9714578,353.5648,333.287,0.4080078,0.3349782,-0.0685978,-0.9397252,0,0,0,0.6968274,9.382686e-05,-2.615382,-0.06994244,0.1332625,1.142913,0.8936054,0.007076149,0.4487977,0.04402013,0.993674,-0.1033161,-0.4466897,0.1120799,0.887641,moving,-26.99278,11.68802,-3.501942,6.650598,-28.765433323125094,22.630827474113516
05/11/2023 12:34:00.573308,3585,True,True,True,True,Eyes,1.271129,-0.2598495,-3.570672,-0.4485705,0.1828837,0.874836,0.0,0.0,0.0,0.0,0.0,0.0,0.0,0.4900355,-0.1721278,3.774511,1.263888,-0.2599882,-3.584925,-0.05601559,-0.2315639,-0.009575387,0.9711586,353.4982,333.1535,0.423504,0.3349431,-0.06857944,-0.939739,0,0,0,0.6932929,0.002569849,-2.615714,-0.07040787,0.1342954,1.144942,0.892573,0.007343934,0.4508432,0.04454081,0.9935411,-0.1043654,-0.4486977,0.1132347,0.8864808,moving,-27.1464,11.80759,-3.518955,6.689909,-28.91616946406537,22.75070716852624
05/11/2023 12:34:00.593625,3586,True,True,True,True,Eyes,1.270987,-0.2597872,-3.570765,-0.4508102,0.1845237,0.8733391,0.0,0.0,0.0,0.0,0.0,0.0,0.0,0.4979041,-0.1757028,3.773257,1.263804,-0.2598701,-3.584901,-0.05646924,-0.2325638,-0.009642053,0.9708927,353.4462,333.0339,0.4350057,0.3349077,-0.0685613,-0.9397529,0,0,0,0.6901062,0.004802264,-2.616014,-0.07094306,0.1352312,1.146562,0.8916423,0.0075426,0.4526778,0.04498819,0.9934365,-0.1051663,-0.4504999,0.1141359,0.8854507,moving,-27.3024,11.93029,-3.54064,6.72667,-29.069198821322736,22.873735913469282
05/11/2023 12:34:00.613603,3587,True,True,True,True,Eyes,1.270847,-0.259717,-3.570858,-0.4530274,0.1861708,0.871841,0.0,0.0,0.0,0.0,0.0,0.0,0.0,0.5058022,-0.1814283,3.771994,1.263636,-0.2597681,-3.585029,-0.05720532,-0.2335458,-0.009725131,0.970613,353.3623,332.9155,0.4523178,0.3348717,-0.06854327,-0.9397671,0,0,0,0.6867856,0.007128464,-2.616325,-0.07146746,0.1356229,1.148423,0.8907236,0.007841438,0.4544777,0.04559879,0.9932659,-0.1065059,-0.4522524,0.115591,0.8843678,moving,-27.45737,12.05377,-3.56098,6.735147,-29.22116538490029,22.99756022788182
05/11/2023 12:34:00.630152,3588,True,True,True,True,Eyes,1.270702,-0.2596436,-3.570953,-0.4552587,0.1878956,0.8703073,0.0,0.0,0.0,0.0,0.0,0.0,0.0,0.5143207,-0.1886582,3.770543,1.263575,-0.2595233,-3.585128,-0.05809997,-0.2346213,-0.01001675,0.9702974,353.2551,332.7866,0.4514413,0.3348354,-0.06852513,-0.9397813,0,0,0,0.683263,0.009596172,-2.616656,-0.07212338,0.1355055,1.150461,0.889705,0.007824522,0.4564687,0.04670142,0.9930481,-0.1080482,-0.4541408,0.1174488,0.8831546,moving,-27.61411,12.18292,-3.587226,6.717556,-29.374727254805165,23.127105997033123
05/11/2023 12:34:00.643785,3589,True,True,True,True,Eyes,1.270559,-0.2595711,-3.571047,-0.4574803,0.1896568,0.868759,0.0,0.0,0.0,0.0,0.0,0.0,0.0,0.5235733,-0.1989806,3.768782,1.263402,-0.2594155,-3.585242,-0.05940727,-0.2357731,-0.01045046,0.9699345,353.0981,332.6479,0.446754,0.3347985,-0.06850681,-0.9397957,0,0,0,0.6800124,0.01187336,-2.616961,-0.07223922,0.13433,1.152495,0.8886037,0.007740747,0.4586105,0.04828579,0.9927231,-0.1103144,-0.4561272,0.1201702,0.8817637,moving,-27.77087,12.3149,-3.586648,6.648159,-29.528215991381416,23.259513205181165
05/11/2023 12:34:00.663427,3590,True,True,True,True,Eyes,1.270423,-0.2594998,-3.571137,-0.4597402,0.1914516,0.8671708,0.0,0.0,0.0,0.0,0.0,0.0,0.0,0.5337064,-0.209244,3.766845,1.263304,-0.2593943,-3.585321,-0.06073149,-0.2370472,-0.01076592,0.9695383,352.9424,332.4938,0.4570511,0.3347613,-0.06848834,-0.9398103,0,0,0,0.6768432,0.01409351,-2.617259,-0.07201368,0.1332177,1.154531,0.8873855,0.007916527,0.4609603,0.04966839,0.9923915,-0.1126589,-0.458345,0.1228671,0.8802406,moving,-27.9308,12.44989,-3.569189,6.582067,-29.684797334500708,23.394942857758217
05/11/2023 12:34:00.674112,3591,True,True,True,True,Eyes,1.270288,-0.259432,-3.57123,-0.4620005,0.1932427,0.8655708,0.0,0.0,0.0,0.0,0.0,0.0,0.0,0.5447621,-0.2175967,3.764877,1.263102,-0.259395,-3.585484,-0.06182014,-0.2384253,-0.01095071,0.9691294,352.8166,332.3272,0.4766462,0.3347239,-0.06846979,-0.9398251,0,0,0,0.6734036,0.01650306,-2.617582,-0.07162806,0.1328997,1.156679,0.8860669,0.008253654,0.4634838,0.05070428,0.9921167,-0.1146016,-0.460776,0.1250453,0.8786634,moving,-28.09117,12.58517,-3.543551,6.55441,-29.841812147063138,23.530662811953256
05/11/2023 12:34:00.693607,3592,True,True,True,True,Eyes,1.27014,-0.2593555,-3.571337,-0.4642497,0.1950622,0.8639578,0.0,0.0,0.0,0.0,0.0,0.0,0.0,0.5556151,-0.2245271,3.763015,1.26303,-0.259433,-3.585645,-0.06274164,-0.2397938,-0.01097053,0.9687323,352.7141,332.1612,0.5103409,0.3346863,-0.06845124,-0.9398398,0,0,0,0.6701553,0.01877863,-2.617887,-0.07114688,0.1329643,1.158756,0.8847573,0.008835089,0.4659685,0.05134512,0.9918863,-0.1162984,-0.4632153,0.126821,0.8771249,moving,-28.25146,12.72278,-3.513512,6.545913,-29.99866961725045,23.668739293744288
05/11/2023 12:34:00.713777,3593,True,True,True,True,Eyes,1.269996,-0.2592729,-3.571444,-0.4664857,0.1968926,0.8623365,0.0,0.0,0.0,0.0,0.0,0.0,0.0,0.5657527,-0.2326165,3.761238,1.262943,-0.2591855,-3.58593,-0.06377237,-0.2410603,-0.01103014,0.9683499,352.5983,332.0069,0.5421835,0.3346483,-0.06843245,-0.9398547,0,0,0,0.6669034,0.02105669,-2.618192,-0.07083216,0.1324591,1.160928,0.8835365,0.009383895,0.4682682,0.05210805,0.9916229,-0.1181901,-0.4654546,0.1288258,0.8756461,moving,-28.41142,12.86156,-3.491483,6.509163,-30.155156256233113,23.808001028697017
05/11/2023 12:34:00.730244,3594,True,True,True,True,Eyes,1.269844,-0.2591798,-3.571555,-0.4687069,0.1988047,0.8606919,0.0,0.0,0.0,0.0,0.0,0.0,0.0,0.5748539,-0.2417662,3.75936,1.26291,-0.2589895,-3.586039,-0.06497484,-0.2422081,-0.01083926,0.9679856,352.4703,331.864,0.606293,0.3346098,-0.06841328,-0.9398698,0,0,0,0.6633993,0.02351151,-2.618521,-0.07102621,0.131976,1.16312,0.8824355,0.01049037,0.4703165,0.05245937,0.9913216,-0.1205387,-0.4674993,0.1310401,0.874227,moving,-28.57138,13.00621,-3.494442,6.473507,-30.311449432190273,23.953198251168565
05/11/2023 12:34:00.743757,3595,True,True,True,True,Eyes,1.269692,-0.2590818,-3.571671,-0.4709156,0.2007913,0.8590235,0.0,0.0,0.0,0.0,0.0,0.0,0.0,0.583856,-0.2565387,3.757081,1.262669,-0.2586897,-3.586238,-0.06689229,-0.2433074,-0.01077351,0.96758,352.2593,331.7244,0.6766748,0.3345708,-0.06839349,-0.9398851,0,0,0,0.6602015,0.0257517,-2.618822,-0.07077745,0.1295008,1.165328,0.8813708,0.01170231,0.4722801,0.05339924,0.9908187,-0.1242047,-0.4693974,0.1346898,0.8726538,moving,-28.7315,13.15632,-3.475651,6.341156,-30.46772375868673,24.103915320269344
05/11/2023 12:34:00.764643,3596,True,True,True,True,Eyes,1.26955,-0.2589793,-3.571785,-0.4731217,0.2028772,0.8573195,0.0,0.0,0.0,0.0,0.0,0.0,0.0,0.5935942,-0.2722682,3.754614,1.262584,-0.2585207,-3.586455,-0.06894754,-0.2445175,-0.01075281,0.9671309,352.032,331.5707,0.7474419,0.3345312,-0.06837301,-0.9399007,0,0,0,0.656782,0.0281472,-2.619143,-0.0705834,0.1269331,1.167808,0.8801911,0.01291901,0.4744434,0.05451649,0.9902612,-0.1281041,-0.471478,0.1386211,0.8709149,moving,-28.89262,13.31364,-3.458804,6.203328,-30.624767338631578,24.26191615881485
05/11/2023 12:34:00.773530,3597,True,True,True,True,Eyes,1.269407,-0.2588729,-3.571901,-0.4753433,0.2050159,0.85558,0.0,0.0,0.0,0.0,0.0,0.0,0.0,0.6054584,-0.2869009,3.751806,1.262356,-0.2583665,-3.586732,-0.07087226,-0.2459845,-0.01060778,0.966621,351.823,331.3856,0.8312207,0.3344913,-0.06835178,-0.9399164,0,0,0,0.6533685,0.0305385,-2.619463,-0.06956795,0.1247346,1.170274,0.8787582,0.01435954,0.4770511,0.05537436,0.9897292,-0.1317945,-0.4740439,0.1422319,0.8689376,moving,-29.05568,13.47526,-3.401992,6.083947,-30.783622546878455,24.424252034480087
05/11/2023 12:34:00.793403,3598,True,True,True,True,Eyes,1.269289,-0.2587643,-3.572006,-0.4775528,0.2071693,0.8538292,0.0,0.0,0.0,0.0,0.0,0.0,0.0,0.6181896,-0.3011351,3.748692,1.26224,-0.25821,-3.586867,-0.07273483,-0.2475857,-0.01058631,0.966074,351.6178,331.1852,0.9012951,0.3344513,-0.06832978,-0.9399323,0,0,0,0.6501607,0.03278567,-2.619764,-0.06825009,0.1224454,1.172585,0.8771784,0.01556189,0.4799122,0.05647052,0.9891952,-0.1352924,-0.4768322,0.1457765,0.8668219,moving,-29.2186,13.63843,-3.331132,5.961421,-30.9422857071268,24.588156135873778
05/11/2023 12:34:00.813379,3599,True,True,True,True,Eyes,1.269172,-0.2586552,-3.572113,-0.4797646,0.2093119,0.8520649,0.0,0.0,0.0,0.0,0.0,0.0,0.0,0.6306225,-0.3133671,3.745785,1.262139,-0.258096,-3.587085,-0.07432214,-0.249147,-0.01073869,0.9655501,351.4383,330.9918,0.9443027,0.3344116,-0.06830703,-0.9399481,0,0,0,0.6469716,0.03501975,-2.620064,-0.06707218,0.120655,1.174913,0.875621,0.01629679,0.4827239,0.05777174,0.9887218,-0.1381724,-0.4795313,0.1488745,0.864804,moving,-29.38217,13.80156,-3.267294,5.863304,-31.101604657753754,24.752015457124134
05/11/2023 12:34:00.833538,3600,True,True,True,True,Eyes,1.269073,-0.2585457,-3.572209,-0.4818893,0.2113579,0.8503591,0.0,0.0,0.0,0.0,0.0,0.0,0.0,0.6416335,-0.3212534,3.743375,1.262073,-0.2579119,-3.587256,-0.07534067,-0.2505388,-0.01074064,0.9651108,351.3264,330.8201,0.9864868,0.3343724,-0.06828358,-0.9399637,0,0,0,0.6436705,0.03733231,-2.620374,-0.06645635,0.1202537,1.177104,0.8742299,0.0170197,0.4852137,0.05848334,0.9884169,-0.1400423,-0.4819769,0.1508061,0.8631082,moving,-29.53976,13.9581,-3.231345,5.833133,-31.255119658146533,24.909251130112903
05/11/2023 12:34:00.843488,3601,True,True,True,True,Eyes,1.268972,-0.2584384,-3.572313,-0.4840271,0.2133827,0.8486375,0.0,0.0,0.0,0.0,0.0,0.0,0.0,0.6520976,-0.3292554,3.740952,1.261816,-0.2578281,-3.587437,-0.07639919,-0.2518393,-0.01061256,0.9646905,351.2138,330.6579,1.043915,0.334334,-0.06825951,-0.9399791,0,0,0,0.6402293,0.03974302,-2.620697,-0.06594244,0.1200508,1.179299,0.8729287,0.01800496,0.4875154,0.0589563,0.9881011,-0.1420578,-0.4842722,0.1527485,0.8614803,moving,-29.69861,14.11395,-3.200455,5.812598,-31.40992606842758,25.06578070416907
05/11/2023 12:34:00.863829,3602,True,True,True,True,Eyes,1.26887,-0.2583285,-3.572419,-0.486054,0.2153585,0.8469783,0.0,0.0,0.0,0.0,0.0,0.0,0.0,0.6638123,-0.3360395,3.738519,1.261703,-0.2578887,-3.587714,-0.0773147,-0.2533127,-0.01046977,0.9642331,351.1178,330.4755,1.100683,0.3342963,-0.06823492,-0.9399942,0,0,0,0.6369835,0.0420168,-2.621002,-0.06490904,0.1201629,1.181566,0.8714461,0.01897899,0.4901239,0.05936018,0.9878256,-0.1437945,-0.486886,0.154403,0.8597103,moving,-29.85015,14.26611,-3.144369,5.8069,-31.55749379996314,25.21862785106022
05/11/2023 12:34:00.873520,3603,True,True,True,True,Eyes,1.268767,-0.2582192,-3.57253,-0.4881071,0.2173027,0.8452994,0.0,0.0,0.0,0.0,0.0,0.0,0.0,0.6759727,-0.3409368,3.736075,1.261474,-0.2577363,-3.587992,-0.07796191,-0.2548346,-0.01023454,0.9637824,351.0546,330.2878,1.160513,0.3342592,-0.06820979,-0.9400092,0,0,0,0.6335751,0.04440453,-2.621322,-0.06378895,0.1208425,1.183776,0.8699092,0.02000704,0.492806,0.05946252,0.9876344,-0.1450604,-0.4896144,0.1554928,0.8579625,moving,-30.00373,14.41696,-3.084456,5.828689,-31.707158741774954,25.370136781439484
05/11/2023 12:34:00.899253,3604,True,True,True,True,Eyes,1.26867,-0.2581175,-3.572638,-0.4900632,0.2191359,0.8436928,0.0,0.0,0.0,0.0,0.0,0.0,0.0,0.6884825,-0.3464037,3.73346,1.261376,-0.2576645,-3.588212,-0.07868967,-0.256419,-0.01005732,0.9633049,350.981,330.0925,1.217119,0.3342226,-0.06818419,-0.9400241,0,0,0,0.6302705,0.04671955,-2.621632,-0.06256211,0.1213038,1.185999,0.8682963,0.02097853,0.4956021,0.05973158,0.9874136,-0.1464465,-0.4924365,0.156762,0.8561145,moving,-30.15038,14.55995,-3.019586,5.839896,-31.850105053828607,25.513744229196472
05/11/2023 12:34:00.915169,3605,True,True,True,True,Eyes,1.268572,-0.2580186,-3.572751,-0.4920344,0.220876,0.8420901,0.0,0.0,0.0,0.0,0.0,0.0,0.0,0.6999924,-0.3494371,3.731194,1.261203,-0.2577604,-3.58843,-0.07911799,-0.2578682,-0.009884095,0.9628847,350.9405,329.915,1.263161,0.3341865,-0.06815836,-0.9400389,0,0,0,0.6270599,0.04896871,-2.621933,-0.06153691,0.1225514,1.188079,0.8668126,0.02176954,0.4981587,0.05983851,0.9872853,-0.1472654,-0.4950306,0.1574606,0.8544887,moving,-30.2978,14.69731,-2.965003,5.889282,-31.99401221667847,25.651653732954138
05/11/2023 12:34:00.931055,3606,True,True,True,True,Eyes,1.268462,-0.2579121,-3.572866,-0.4938844,0.2224996,0.8405784,0.0,0.0,0.0,0.0,0.0,0.0,0.0,0.710439,-0.3482372,3.729523,1.2611,-0.2577329,-3.588668,-0.07898007,-0.2591929,-0.009590573,0.9625432,350.9663,329.7548,1.304268,0.3341509,-0.06813239,-0.9400534,0,0,0,0.6235651,0.05141697,-2.622262,-0.06113741,0.1252324,1.190187,0.8654541,0.02247947,0.5004837,0.05940483,0.9873404,-0.1470718,-0.4974538,0.157015,0.8531623,moving,-30.43649,14.82607,-2.940579,6.006603,-32.129412754464916,25.780925499967267
05/11/2023 12:34:00.943513,3607,True,True,True,True,Eyes,1.268347,-0.2578023,-3.572984,-0.4957562,0.2240981,0.8390505,0.0,0.0,0.0,0.0,0.0,0.0,0.0,0.7214006,-0.3500847,3.727305,1.260764,-0.2574474,-3.588868,-0.07920453,-0.2605577,-0.009395815,0.9621581,350.9492,329.5883,1.345807,0.3341153,-0.06810611,-0.9400679,0,0,0,0.6203842,0.05364531,-2.622561,-0.06015953,0.1265767,1.192047,0.8640429,0.02319417,0.5028836,0.0593552,0.9872767,-0.1475183,-0.4999069,0.1573109,0.8516727,moving,-30.57688,14.95381,-2.88912,6.061203,-32.26655860549688,25.90915455275579
05/11/2023 12:34:00.964041,3608,True,True,True,True,Eyes,1.268229,-0.257694,-3.573103,-0.4975463,0.2255965,0.8375881,0.0,0.0,0.0,0.0,0.0,0.0,0.0,0.7326198,-0.3548701,3.724756,1.260565,-0.2572778,-3.589047,-0.07982814,-0.2619697,-0.009225072,0.9617246,350.8872,329.4138,1.397524,0.3340797,-0.06807944,-0.9400825,0,0,0,0.6172206,0.05586147,-2.622857,-0.05911961,0.1270875,1.194079,0.8625736,0.02408116,0.5053583,0.05956907,0.9870847,-0.148712,-0.5024126,0.1583788,0.8499987,moving,-30.71127,15.07436,-2.834436,6.0752,-32.39790014344837,26.03015339684935
05/11/2023 12:34:00.973890,3609,True,True,True,True,Eyes,1.268106,-0.2575958,-3.573223,-0.4993755,0.227059,0.8361031,0.0,0.0,0.0,0.0,0.0,0.0,0.0,0.7438428,-0.3600202,3.722196,1.260203,-0.2572231,-3.589343,-0.08050674,-0.2633549,-0.009144369,0.9612904,350.8165,329.2426,1.440866,0.334044,-0.06805248,-0.9400972,0,0,0,0.6138387,0.05823069,-2.623175,-0.05815354,0.1276494,1.196287,0.8611211,0.02482291,0.5077935,0.05998448,0.9868701,-0.1499643,-0.5048488,0.1595971,0.8483257,moving,-30.84841,15.19329,-2.783054,6.090678,-32.5320639935004,26.14949583203347
05/11/2023 12:34:00.993599,3610,True,True,True,True,Eyes,1.267972,-0.2574977,-3.573343,-0.5011455,0.2284521,0.8346633,0.0,0.0,0.0,0.0,0.0,0.0,0.0,0.7556769,-0.3640259,3.719528,1.259996,-0.2573953,-3.589513,-0.08111256,-0.2648546,-0.008383188,0.9608343,350.775,329.0524,1.559111,0.3340081,-0.06802551,-0.9401119,0,0,0,0.610495,0.06057307,-2.623489,-0.05676359,0.1290841,1.198446,0.8595635,0.02685636,0.5103228,0.05907578,0.9867009,-0.1514308,-0.5076028,0.1603121,0.8465455,moving,-30.9813,15.30728,-2.711749,6.1476,-32.662111415304246,26.263871492043855
05/11/2023 12:34:01.013807,3611,True,True,True,True,Eyes,1.267838,-0.2573959,-3.573467,-0.5029675,0.2298018,0.8331955,0.0,0.0,0.0,0.0,0.0,0.0,0.0,0.7685142,-0.3682694,3.716488,1.259686,-0.2573195,-3.589638,-0.08171061,-0.266476,-0.007717411,0.9603409,350.732,328.8482,1.667834,0.3339717,-0.06799854,-0.9401268,0,0,0,0.6072123,0.0628727,-2.623797,-0.05498481,0.1301868,1.200467,0.857862,0.02872514,0.5130767,0.05837052,0.9865276,-0.1528271,-0.5105543,0.1610531,0.8446279,moving,-31.11774,15.41927,-2.622477,6.189354,-32.79579917729629,26.376201169728564
05/11/2023 12:34:01.043407,3612,True,True,True,True,Eyes,1.267708,-0.2572827,-3.573585,-0.504752,0.231095,0.8317574,0.0,0.0,0.0,0.0,0.0,0.0,0.0,0.7817359,-0.3712893,3.713608,1.259569,-0.2571528,-3.589875,-0.08212896,-0.2681625,-0.007066776,0.9598407,350.7089,328.6373,1.76998,0.3339348,-0.06797148,-0.9401419,0,0,0,0.6070682,0.06297368,-2.623811,-0.05039513,0.1295332,1.200917,0.8560778,0.03048185,0.5159473,0.05761376,0.9864098,-0.1538713,-0.5136257,0.1614515,0.8426874,moving,-31.25147,15.52739,-2.402944,6.156236,-32.9268858414052,26.484635741499353
05/11/2023 12:34:01.053728,3613,True,True,True,True,Eyes,1.267564,-0.2571657,-3.573706,-0.506616,0.2324669,0.8302405,0.0,0.0,0.0,0.0,0.0,0.0,0.0,0.7952476,-0.3791271,3.710006,1.259276,-0.2568066,-3.590066,-0.0831535,-0.2698694,-0.006487945,0.9592779,350.6168,328.4201,1.883854,0.3338977,-0.06794404,-0.940157,0,0,0,0.6070682,0.06297368,-2.623811,-0.04545152,0.1271734,1.201268,0.8542569,0.03243368,0.5188383,0.05732864,0.9860868,-0.1560328,-0.5166804,0.1630364,0.8405121,static,-31.3917,15.64222,-2.166826,6.043164,-33.06429607844642,26.599811833175647
05/11/2023 12:34:01.063356,3614,True,True,True,True,Eyes,1.26741,-0.2570474,-3.57383,-0.5084639,0.2338314,0.8287264,0.0,0.0,0.0,0.0,0.0,0.0,0.0,0.8131912,-0.3933622,3.704678,1.258846,-0.25665,-3.590277,-0.08501923,-0.2721249,-0.00630752,0.958478,350.4208,328.1336,1.986488,0.33386,-0.06791616,-0.9401724,0,0,0,0.6070682,0.06297368,-2.623811,-0.03907466,0.1227429,1.201847,0.8518165,0.03418047,0.5227241,0.05836294,0.9854639,-0.1595452,-0.520579,0.166411,0.8374395,static,-31.53114,15.75681,-1.862154,5.831315,-33.20091879011505,26.71475051468293
05/11/2023 12:34:01.073895,3615,True,True,True,True,Eyes,1.26724,-0.2569316,-3.573951,-0.5104236,0.235223,0.8271263,0.0,0.0,0.0,0.0,0.0,0.0,0.0,0.8313882,-0.4022163,3.699798,1.258548,-0.2565321,-3.590507,-0.08618828,-0.2744325,-0.005983868,0.9577174,350.3068,327.8441,2.083915,0.3338215,-0.06788786,-0.9401882,0,0,0,0.6070682,0.06297368,-2.623811,-0.03270274,0.1200353,1.202303,0.849302,0.03584402,0.5266891,0.05876743,0.9850716,-0.1618037,-0.5246261,0.1683723,0.8345168,static,-31.67893,15.875,-1.558066,5.701391,-33.345830302040994,26.833273685061926
05/11/2023 12:34:01.093800,3616,True,True,True,True,Eyes,1.267052,-0.2568275,-3.574075,-0.5123549,0.2365768,0.8255447,0.0,0.0,0.0,0.0,0.0,0.0,0.0,0.8527194,-0.4116413,3.693788,1.25809,-0.2565143,-3.590552,-0.08744908,-0.2771417,-0.005671006,0.9568244,350.1837,327.505,2.187982,0.3337819,-0.06785925,-0.9402043,0,0,0,0.6070682,0.06297368,-2.623811,-0.02528262,0.1172177,1.202543,0.8463206,0.03761925,0.5313436,0.05932388,0.984641,-0.1642035,-0.52936,0.1704902,0.8310903,static,-31.82483,15.99074,-1.204426,5.567308,-33.48891955750659,26.949332124111876
05/11/2023 12:34:01.113985,3617,True,True,True,True,Eyes,1.266855,-0.2567287,-3.574194,-0.5143797,0.2378499,0.823918,0.0,0.0,0.0,0.0,0.0,0.0,0.0,0.8739489,-0.4182683,3.68808,1.257826,-0.2567042,-3.590633,-0.08835914,-0.2798557,-0.005471383,0.9559517,350.0961,327.1685,2.268633,0.333741,-0.06783068,-0.9402209,0,0,0,0.6070682,0.06297368,-2.623811,-0.01807928,0.1153077,1.202831,0.8433017,0.03899486,0.5360239,0.05991637,0.9843255,-0.1658717,-0.5340902,0.1719965,0.8277469,static,-31.97692,16.10245,-0.8611259,5.475847,-33.63837422120016,27.06127433126879
05/11/2023 12:34:01.130592,3618,True,True,True,True,Eyes,1.266641,-0.2566306,-3.574321,-0.5162907,0.2390406,0.8223768,0.0,0.0,0.0,0.0,0.0,0.0,0.0,0.8930124,-0.4165727,3.683629,1.257476,-0.2567351,-3.590677,-0.0881608,-0.2822877,-0.005139101,0.9552565,350.1346,326.8735,2.324255,0.3336986,-0.0678023,-0.940238,0,0,0,0.6070682,0.06297368,-2.623811,-0.01162148,0.1159168,1.202707,0.8405744,0.03995509,0.5402204,0.05959173,0.9844025,-0.1655309,-0.5384082,0.1713338,0.8250827,static,-32.12073,16.20758,-0.5536186,5.505162,-33.779708780862464,27.16661833703406
05/11/2023 12:34:01.146191,3619,True,True,True,True,Eyes,1.266422,-0.256536,-3.574446,-0.5182649,0.2402162,0.8207909,0.0,0.0,0.0,0.0,0.0,0.0,0.0,0.910609,-0.4164005,3.679398,1.257275,-0.2566401,-3.590816,-0.08813819,-0.2845394,-0.004890623,0.9545916,350.1508,326.5994,2.374508,0.3336544,-0.0677741,-0.9402557,0,0,0,0.6070682,0.06297368,-2.623811,-0.005696297,0.1159204,1.202727,0.8380268,0.04082048,0.5440999,0.05949467,0.9844155,-0.1654888,-0.5423758,0.1710551,0.8225379,static,-32.2692,16.31287,-0.2713595,5.505238,-33.92573012849796,27.272093057143124
05/11/2023 12:34:01.163540,3620,True,True,True,True,Eyes,1.266176,-0.2564388,-3.574584,-0.5200948,0.2413223,0.8193075,0.0,0.0,0.0,0.0,0.0,0.0,0.0,0.9268285,-0.4203332,3.674864,1.256961,-0.2566459,-3.590891,-0.08866423,-0.2866037,-0.004771362,0.9539257,350.1021,326.3444,2.42722,0.3336086,-0.06774616,-0.9402739,0,0,0,0.6070682,0.06297368,-2.623811,-0.0001470447,0.1146897,1.20275,0.8356712,0.04171994,0.5476432,0.05992604,0.9842318,-0.1664232,-0.5459511,0.1718932,0.819994,static,-32.4073,16.41203,-0.007004812,5.447037,-34.06151216163756,27.37143853132512
05/11/2023 12:34:01.173337,3621,True,True,True,True,Eyes,1.265924,-0.2563406,-3.574713,-0.5219715,0.2424195,0.8177888,0.0,0.0,0.0,0.0,0.0,0.0,0.0,0.9423349,-0.4233455,3.670603,1.256753,-0.2564618,-3.591009,-0.08903632,-0.2885828,-0.004799333,0.9532941,350.0653,326.102,2.457674,0.3335605,-0.06771839,-0.940293,0,0,0,0.6070682,0.06297368,-2.623811,0.005036652,0.1135167,1.202784,0.8333939,0.04223834,0.5510631,0.06053904,0.984099,-0.1669856,-0.5493538,0.1725256,0.8175851,static,-32.54894,16.51156,0.2399243,5.391505,-34.200846355879825,27.471134530302958
05/11/2023 12:34:01.193852,3622,True,True,True,True,Eyes,1.265669,-0.2562469,-3.574836,-0.5236959,0.2434768,0.8163711,0.0,0.0,0.0,0.0,0.0,0.0,0.0,0.9565858,-0.4272516,3.666292,1.256414,-0.2563544,-3.590961,-0.08953997,-0.2903973,-0.004849736,0.9526955,350.013,325.8784,2.488659,0.3335103,-0.06769075,-0.9403128,0,0,0,0.6070682,0.06297368,-2.623811,0.009843171,0.1121435,1.202634,0.8312918,0.04276367,0.5541887,0.06124495,0.9839181,-0.1677919,-0.5524518,0.1734253,0.8153041,static,-32.67987,16.60683,0.4689372,5.327325,-34.32953726507239,27.566594412605188
05/11/2023 12:34:01.213985,3623,True,True,True,True,Eyes,1.265412,-0.2561585,-3.574945,-0.5254255,0.2444828,0.8149578,0.0,0.0,0.0,0.0,0.0,0.0,0.0,0.968082,-0.4309224,3.662705,1.256236,-0.2563694,-3.590881,-0.09002864,-0.2918746,-0.004883392,0.9521976,349.962,325.6954,2.517621,0.3334583,-0.06766337,-0.9403332,0,0,0,0.6070682,0.06297368,-2.623811,0.0136736,0.11095,1.20255,0.8295708,0.04325423,0.5567239,0.06185405,0.983742,-0.1685994,-0.5549653,0.1743008,0.8134081,static,-32.81098,16.69895,0.651454,5.271317,-34.458513230148846,27.65886795238767
05/11/2023 12:34:01.230650,3624,True,True,True,True,Eyes,1.265151,-0.2560735,-3.575056,-0.526926,0.2453855,0.8137168,0.0,0.0,0.0,0.0,0.0,0.0,0.0,0.9765447,-0.4303438,3.660229,1.255994,-0.2564104,-3.590661,-0.08996988,-0.2929642,-0.004788742,0.9518691,349.9746,325.563,2.537626,0.3334045,-0.06763639,-0.9403542,0,0,0,0.6070682,0.06297368,-2.623811,0.01649266,0.1111858,1.202196,0.8282982,0.04359939,0.5585887,0.06183241,0.983765,-0.1684732,-0.5568653,0.1740849,0.8121548,static,-32.92526,16.78128,0.7859788,5.284002,-34.57086606132663,27.741354486371243
05/11/2023 12:34:01.243771,3625,True,True,True,True,Eyes,1.264893,-0.2559947,-3.575157,-0.5283909,0.2462566,0.8125027,0.0,0.0,0.0,0.0,0.0,0.0,0.0,0.9830482,-0.4280894,3.65875,1.255883,-0.2563859,-3.590699,-0.08967481,-0.293795,-0.004698434,0.9516413,350.0123,325.464,2.546077,0.3333492,-0.06760984,-0.9403757,0,0,0,0.6070682,0.06297368,-2.623811,0.01866597,0.1118641,1.202065,0.8273248,0.04374958,0.5600175,0.06163447,0.9838727,-0.1679157,-0.5583322,0.1734372,0.8112859,static,-33.03696,16.86122,0.8896316,5.316628,-34.68069991130316,27.821441558996213
05/11/2023 12:34:01.263430,3626,True,True,True,True,Eyes,1.264631,-0.2559254,-3.575258,-0.5295723,0.246992,0.8115098,0.0,0.0,0.0,0.0,0.0,0.0,0.0,0.98645,-0.4281524,3.65762,1.255697,-0.2564526,-3.590549,-0.0896899,-0.2942228,-0.004897362,0.9515067,350.005,325.4137,2.529146,0.3332926,-0.06758387,-0.9403977,0,0,0,0.6070682,0.06297368,-2.623811,0.01971912,0.1117758,1.201854,0.826818,0.04345787,0.5607883,0.06209735,0.9838634,-0.1677992,-0.5590313,0.1735629,0.8107774,static,-33.12753,16.92821,0.9399823,5.313386,-34.76968519001985,27.888575042250245
05/11/2023 12:34:01.273869,3627,True,True,True,True,Eyes,1.264374,-0.2558627,-3.575343,-0.5306886,0.2476633,0.8105754,0.0,0.0,0.0,0.0,0.0,0.0,0.0,0.9868906,-0.4241497,3.657921,1.255685,-0.2565873,-3.590496,-0.089196,-0.2942891,-0.004519355,0.9515344,350.0723,325.4067,2.554261,0.3332347,-0.06755867,-0.94042,0,0,0,0.6070682,0.06297368,-2.623811,0.01995981,0.1133133,1.201692,0.826747,0.04389818,0.5608586,0.06109947,0.9840473,-0.1670861,-0.5592462,0.1724061,0.810876,static,-33.21301,16.99002,0.9515809,5.386764,-34.85371617111103,27.950504673537765
05/11/2023 12:34:01.293547,3628,True,True,True,True,Eyes,1.264126,-0.2558065,-3.575425,-0.5315666,0.2481882,0.8098392,0.0,0.0,0.0,0.0,0.0,0.0,0.0,0.9840844,-0.4214065,3.658631,1.255557,-0.2566773,-3.590164,-0.08887052,-0.2939432,-0.004089957,0.9516739,350.1217,325.4478,2.58665,0.333176,-0.06753435,-0.9404426,0,0,0,0.6070682,0.06297368,-2.623811,0.01916111,0.1145255,1.201279,0.8271614,0.04446115,0.5602029,0.06003036,0.9841706,-0.166747,-0.558749,0.1715559,0.8113989,static,-33.28031,17.03852,0.913824,5.44591,-34.919880742075144,27.99909702998608
05/11/2023 12:34:01.314048,3629,True,True,True,True,Eyes,1.263887,-0.2557468,-3.575492,-0.5323311,0.2486374,0.809199,0.0,0.0,0.0,0.0,0.0,0.0,0.0,0.9790454,-0.4152044,3.660675,1.25568,-0.2567514,-3.590099,-0.08807755,-0.2933123,-0.003735781,0.9519435,350.2191,325.5281,2.591405,0.3331167,-0.06751101,-0.9404653,0,0,0,0.6070682,0.06297368,-2.623811,0.01749784,0.1167106,1.201127,0.827908,0.04455594,0.5590914,0.05878094,0.9844568,-0.1654982,-0.5577752,0.1698812,0.8124207,static,-33.33889,17.08029,0.834617,5.549866,-34.977487125455205,28.040942445307653
05/11/2023 12:34:01.330732,3630,True,True,True,True,Eyes,1.263645,-0.2556919,-3.575559,-0.5328237,0.2490299,0.808754,0.0,0.0,0.0,0.0,0.0,0.0,0.0,0.9693698,-0.4103038,3.663471,1.255617,-0.2565944,-3.589795,-0.08743291,-0.2920782,-0.003384396,0.9523835,350.2984,325.6801,2.594982,0.3330572,-0.06748846,-0.940488,0,0,0,0.6070682,0.06297368,-2.623811,0.01437068,0.1184051,1.200683,0.8293578,0.044628,0.5569327,0.05752097,0.984688,-0.1645623,-0.5557491,0.1685163,0.8140916,static,-33.37772,17.11454,0.6857264,5.632001,-35.015455470568064,28.075315648818155
05/11/2023 12:34:01.343439,3631,True,True,True,True,Eyes,1.263416,-0.2556411,-3.575621,-0.5332204,0.2493922,0.8083808,0.0,0.0,0.0,0.0,0.0,0.0,0.0,0.9590697,-0.4103902,3.666018,1.255607,-0.2566344,-3.589639,-0.08746035,-0.2907553,-0.003202466,0.9527863,350.298,325.8386,2.602468,0.3329974,-0.06746677,-0.9405107,0,0,0,0.6070682,0.06297368,-2.623811,0.01109582,0.1186019,1.200578,0.8309022,0.0447566,0.5546156,0.05696166,0.9846809,-0.1647998,-0.5534953,0.1685243,0.8156241,static,-33.40946,17.14543,0.5295165,5.641792,-35.04639577444071,28.106338639889323
05/11/2023 12:34:01.363495,3632,True,True,True,True,Eyes,1.263172,-0.255596,-3.575691,-0.533462,0.2496799,0.8081325,0.0,0.0,0.0,0.0,0.0,0.0,0.0,0.9501207,-0.4090795,3.668492,1.255656,-0.2566801,-3.589617,-0.08730249,-0.2896046,-0.003007809,0.9531519,350.3187,325.9776,2.606729,0.3329378,-0.06744594,-0.9405333,0,0,0,0.6070682,0.06297368,-2.623811,0.008254111,0.119208,1.200561,0.8322403,0.04483261,0.5525994,0.0563002,0.9847385,-0.1646829,-0.5515491,0.1681672,0.8170149,static,-33.42948,17.16901,0.3939143,5.670515,-35.065776366042236,28.130048221750204
05/11/2023 12:34:01.373555,3633,True,True,True,True,Eyes,1.262943,-0.2555533,-3.575751,-0.5336293,0.2499353,0.8079432,0.0,0.0,0.0,0.0,0.0,0.0,0.0,0.9426457,-0.4052695,3.670716,1.255654,-0.256725,-3.589485,-0.08681257,-0.2886438,-0.00296197,0.9534881,350.3715,326.0976,2.585077,0.3328779,-0.06742604,-0.9405559,0,0,0,0.6070682,0.06297368,-2.623811,0.005755365,0.1204907,1.200352,0.8333519,0.04446742,0.5509512,0.05576423,0.9849096,-0.1638396,-0.5499226,0.1672594,0.8182966,static,-33.44392,17.18933,0.2747157,5.732118,-35.07964600955396,28.150498638840066
05/11/2023 12:34:01.393705,3634,True,True,True,True,Eyes,1.262693,-0.255522,-3.57582,-0.5336801,0.2501958,0.8078289,0.0,0.0,0.0,0.0,0.0,0.0,0.0,0.9354135,-0.4025942,3.672737,1.255747,-0.2567294,-3.589327,-0.08645675,-0.2877234,-0.003144113,0.9537981,350.402,326.2134,2.543319,0.3328182,-0.06740705,-0.9405785,0,0,0,0.6070682,0.06297368,-2.623811,0.003181458,0.1212637,1.200208,0.8344107,0.04375356,0.5494037,0.05574896,0.9850307,-0.1631153,-0.5483164,0.1667338,0.819481,static,-33.45015,17.20848,0.1518767,5.769333,-35.0852877282615,28.1698207434294
05/11/2023 12:34:01.413906,3635,True,True,True,True,Eyes,1.262457,-0.255493,-3.575886,-0.5336719,0.2504076,0.8077687,0.0,0.0,0.0,0.0,0.0,0.0,0.0,0.9270943,-0.3997058,3.674981,1.255766,-0.2569187,-3.589122,-0.08610348,-0.2866588,-0.003206766,0.9541503,350.436,326.3456,2.513497,0.332758,-0.06738917,-0.940601,0,0,0,0.6070682,0.06297368,-2.623811,0.0003483891,0.1223134,1.200002,0.8356329,0.04324517,0.5475835,0.05548412,0.9851518,-0.1624728,-0.546479,0.1661498,0.8208258,static,-33.45171,17.22339,0.01663433,5.819924,-35.08636705853288,28.184886682619894
05/11/2023 12:34:01.430944,3636,True,True,True,True,Eyes,1.262217,-0.2554634,-3.575954,-0.5336693,0.2506308,0.8077012,0.0,0.0,0.0,0.0,0.0,0.0,0.0,0.9204729,-0.3955164,3.677088,1.255833,-0.2569309,-3.589088,-0.08555223,-0.2858083,-0.003262113,0.9544547,350.4925,326.4534,2.479983,0.3326978,-0.06737234,-0.9406235,0,0,0,0.6070682,0.06297368,-2.623811,-0.001931608,0.1236075,1.19988,0.836606,0.04267598,0.5461402,0.05513014,0.9853404,-0.1614468,-0.545024,0.1651761,0.8219889,static,-33.45378,17.23919,-0.09223662,5.881669,-35.08793056509844,28.200849150485514
05/11/2023 12:34:01.443752,3637,True,True,True,True,Eyes,1.261986,-0.2554366,-3.57602,-0.533633,0.2508548,0.8076556,0.0,0.0,0.0,0.0,0.0,0.0,0.0,0.9158262,-0.3926659,3.678503,1.255834,-0.2568583,-3.589041,-0.08516086,-0.2852063,-0.003442396,0.9546693,350.5281,326.5309,2.440661,0.3326375,-0.06735646,-0.9406459,0,0,0,0.6070682,0.06297368,-2.623811,-0.003584266,0.1243542,1.199742,0.8372911,0.04200411,0.5451415,0.0551495,0.9854716,-0.1606373,-0.5439689,0.1645645,0.8228101,static,-33.45348,17.2546,-0.1711723,5.917621,-35.087120619430664,28.216433069425225
05/11/2023 12:34:01.463687,3638,True,True,True,True,Eyes,1.261762,-0.2554081,-3.576078,-0.533666,0.2511424,0.8075445,0.0,0.0,0.0,0.0,0.0,0.0,0.0,0.9124488,-0.3931421,3.679294,1.255802,-0.2568994,-3.589051,-0.08521931,-0.2847608,-0.003651452,0.9547963,350.5136,326.5859,2.415027,0.3325773,-0.06734148,-0.9406683,0,0,0,0.6070682,0.06297368,-2.623811,-0.004735887,0.1241389,1.199763,0.8377959,0.04156145,0.5443994,0.05550702,0.9854487,-0.1606546,-0.5431547,0.1648137,0.823298,static,-33.45873,17.27544,-0.2261655,5.907349,-35.09171989675047,28.237470562346683
05/11/2023 12:34:01.483582,3639,True,True,True,True,Eyes,1.261546,-0.2553836,-3.576128,-0.5336921,0.2514312,0.8074373,0.0,0.0,0.0,0.0,0.0,0.0,0.0,0.910459,-0.3937752,3.679579,1.255728,-0.2568333,-3.588938,-0.08528411,-0.2844987,-0.003926772,0.9548674,350.4967,326.6194,2.384091,0.3325174,-0.06732729,-0.9406905,0,0,0,0.6070682,0.06297368,-2.623811,-0.00549829,0.1237695,1.199649,0.8380901,0.04102734,0.5439869,0.05602553,0.9854224,-0.1606357,-0.5426472,0.1651043,0.8235742,static,-33.46352,17.29628,-0.262599,5.890444,-35.095856009226715,28.258511122329516
05/11/2023 12:34:01.493669,3640,True,True,True,True,Eyes,1.261335,-0.2553633,-3.57617,-0.5338048,0.2517639,0.8072591,0.0,0.0,0.0,0.0,0.0,0.0,0.0,0.910102,-0.3946432,3.679425,1.25572,-0.2569061,-3.588784,-0.08540326,-0.2844593,-0.004092973,0.9548678,350.478,326.6246,2.369316,0.332458,-0.06731392,-0.9407124,0,0,0,0.6070682,0.06297368,-2.623811,-0.005725563,0.1234785,1.199569,0.8381324,0.040771,0.5439411,0.05640399,0.9853791,-0.1607691,-0.5425429,0.1654262,0.8235785,static,-33.47491,17.32139,-0.2734717,5.877088,-35.106496799984114,28.28382531407766
05/11/2023 12:34:01.513678,3641,True,True,True,True,Eyes,1.26113,-0.2553456,-3.576209,-0.533937,0.252062,0.8070787,0.0,0.0,0.0,0.0,0.0,0.0,0.0,0.9107592,-0.3964,3.67891,1.255604,-0.2569977,-3.58865,-0.08564405,-0.2845388,-0.004219719,0.954822,350.4475,326.6141,2.364233,0.3323993,-0.06730141,-0.940734,0,0,0,0.6070682,0.06297368,-2.623811,-0.005522549,0.1229495,1.199478,0.8380397,0.04067995,0.5440906,0.05679627,0.9852946,-0.1611483,-0.542645,0.165951,0.8234056,static,-33.48732,17.34432,-0.2637952,5.852524,-35.118236456716765,28.306928384202532
05/11/2023 12:34:01.533558,3642,True,True,True,True,Eyes,1.260914,-0.2553301,-3.576249,-0.5341588,0.2523461,0.8068431,0.0,0.0,0.0,0.0,0.0,0.0,0.0,0.9147482,-0.3941323,3.678858,1.255595,-0.2568587,-3.589374,-0.08530921,-0.2850029,-0.004291465,0.9547133,350.4832,326.5613,2.349599,0.3323413,-0.06728975,-0.9407553,0,0,0,0.6070682,0.06297368,-2.623811,-0.004057705,0.1233952,1.199979,0.8375099,0.04043249,0.5449241,0.05682097,0.9854078,-0.1604455,-0.5434598,0.1653378,0.8229914,static,-33.50597,17.36746,-0.1937439,5.871153,-35.136252124075966,28.330202191797454
05/11/2023 12:34:01.544100,3643,True,True,True,True,Eyes,1.260709,-0.2553085,-3.57631,-0.5344089,0.2526029,0.8065971,0.0,0.0,0.0,0.0,0.0,0.0,0.0,0.9176042,-0.3907814,3.678309,1.255495,-0.256873,-3.589207,-0.08487313,-0.2853729,-0.004323403,0.9546416,350.531,326.5204,2.334961,0.3322838,-0.0672789,-0.9407764,0,0,0,0.6070682,0.06297368,-2.623811,-0.003224611,0.1244065,1.199693,0.8370873,0.04018638,0.5455914,0.05669557,0.9855557,-0.1595793,-0.5441237,0.1645144,0.8227177,static,-33.52636,17.38905,-0.1540029,5.920335,-35.15607084758524,28.351897105624367
05/11/2023 12:34:01.563480,3644,True,True,True,True,Eyes,1.260508,-0.2552904,-3.576366,-0.5347394,0.2528389,0.8063041,0.0,0.0,0.0,0.0,0.0,0.0,0.0,0.9206822,-0.3893712,3.677522,1.255548,-0.2568783,-3.589017,-0.08469011,-0.28579,-0.004366959,0.9545326,350.5507,326.4718,2.328084,0.3322267,-0.06726859,-0.9407973,0,0,0,0.6070682,0.06297368,-2.623811,-0.002385437,0.1248099,1.19953,0.83661,0.04007037,0.5463315,0.05674399,0.9856171,-0.1591829,-0.5448521,0.164175,0.8223033,static,-33.55226,17.41026,-0.1139408,5.940197,-35.18145000442825,28.373171041993576
05/11/2023 12:34:01.573579,3645,True,True,True,True,Eyes,1.260311,-0.2552741,-3.576411,-0.5350699,0.2530297,0.8060249,0.0,0.0,0.0,0.0,0.0,0.0,0.0,0.9223477,-0.3850645,3.677419,1.25552,-0.2569349,-3.588881,-0.08413802,-0.2860133,-0.004279706,0.9545151,350.6149,326.4485,2.321184,0.3321702,-0.06725886,-0.940818,0,0,0,0.6070682,0.06297368,-2.623811,-0.001922011,0.1262111,1.199274,0.8363562,0.0399591,0.5467281,0.05629927,0.985805,-0.1581739,-0.5452878,0.1630701,0.8222344,static,-33.57772,17.42827,-0.09182473,6.007669,-35.20649159939273,28.39121221189305
05/11/2023 12:34:01.594008,3646,True,True,True,True,Eyes,1.260133,-0.2552589,-3.576438,-0.5350559,0.2532339,0.8059701,0.0,0.0,0.0,0.0,0.0,0.0,0.0,0.9234216,-0.3815239,3.677292,1.255444,-0.2569525,-3.588674,-0.08368325,-0.2861601,-0.004196487,0.9545114,350.668,326.4337,2.316374,0.3321144,-0.06724972,-0.9408384,0,0,0,0.6070682,0.06297368,-2.623811,-0.001636565,0.1273641,1.19895,0.8361897,0.03988241,0.5469882,0.05590479,0.985959,-0.1573515,-0.5455836,0.162155,0.8222191,static,-33.57882,17.44259,-0.0782086,6.063771,-35.20712720999687,28.405684635924114
05/11/2023 12:34:01.613696,3647,True,True,True,True,Eyes,1.259961,-0.2552453,-3.576463,-0.5350582,0.2534073,0.8059141,0.0,0.0,0.0,0.0,0.0,0.0,0.0,0.923548,-0.3796978,3.677224,1.255359,-0.2569862,-3.588471,-0.08346147,-0.2861845,-0.003992618,0.9545245,350.6992,326.4308,2.331636,0.3320597,-0.06724116,-0.9408583,0,0,0,0.6070682,0.06297368,-2.623811,-0.001556337,0.1280847,1.198673,0.836165,0.04014865,0.5470067,0.05539286,0.9860365,-0.1570468,-0.5456737,0.1616172,0.8222653,static,-33.58077,17.45495,-0.07439186,6.099224,-35.20868326621644,28.418169526198536
05/11/2023 12:34:01.631113,3648,True,True,True,True,Eyes,1.259793,-0.2552342,-3.576481,-0.5348527,0.2535831,0.8059952,0.0,0.0,0.0,0.0,0.0,0.0,0.0,0.9250208,-0.3775793,3.67706,1.255356,-0.2570056,-3.588458,-0.08318971,-0.2863773,-0.003902453,0.9544907,350.7326,326.409,2.334256,0.3320063,-0.06723315,-0.9408777,0,0,0,0.6070682,0.06297368,-2.623811,-0.001083314,0.1287849,1.198591,0.8359457,0.04019757,0.5473381,0.05509699,0.9861285,-0.1565724,-0.5460395,0.1610427,0.8221351,static,-33.56797,17.46467,-0.05178523,6.132725,-35.19547484996359,28.428083309813687
05/11/2023 12:34:01.643647,3649,True,True,True,True,Eyes,1.259632,-0.2552253,-3.576494,-0.5346603,0.2537281,0.8060772,0.0,0.0,0.0,0.0,0.0,0.0,0.0,0.9254957,-0.3754375,3.676955,1.255327,-0.2570543,-3.588254,-0.08291682,-0.286449,-0.003943607,0.9544927,350.7614,326.4028,2.321111,0.3319542,-0.06722572,-0.9408966,0,0,0,0.6070682,0.06297368,-2.623811,-0.001047671,0.1294631,1.198351,0.8358628,0.0399746,0.5474811,0.05503117,0.9862185,-0.1560277,-0.5461731,0.1605463,0.8221435,static,-33.55579,17.47238,-0.0500914,6.165999,-35.18295694480068,28.43596053538755
05/11/2023 12:34:01.664497,3650,True,True,True,True,Eyes,1.259477,-0.2552159,-3.576503,-0.5343152,0.2538823,0.8062574,0.0,0.0,0.0,0.0,0.0,0.0,0.0,0.925779,-0.3730103,3.677046,1.255349,-0.2570931,-3.588157,-0.08260549,-0.286495,-0.003919587,0.954506,350.7965,326.3995,2.313617,0.3319034,-0.06721888,-0.940915,0,0,0,0.6070682,0.06297368,-2.623811,-0.001037836,0.1302469,1.198211,0.8358105,0.03984959,0.54757,0.05481467,0.9863219,-0.155449,-0.5462749,0.1599407,0.8221938,static,-33.53285,17.47869,-0.04962699,6.203759,-35.15965115091503,28.442493884698465
05/11/2023 12:34:01.673412,3651,True,True,True,True,Eyes,1.259329,-0.2552066,-3.576506,-0.5339757,0.2540194,0.8064392,0.0,0.0,0.0,0.0,0.0,0.0,0.0,0.9254066,-0.3712787,3.677183,1.255355,-0.2570746,-3.588022,-0.08237541,-0.2864563,-0.003977032,0.9545373,350.8199,326.4064,2.299052,0.331854,-0.06721255,-0.9409329,0,0,0,0.6070682,0.06297368,-2.623811,-0.001272321,0.1307416,1.198046,0.835854,0.03960146,0.5475216,0.05478636,0.986397,-0.1549823,-0.5462112,0.1595393,0.8223141,static,-33.51014,17.48385,-0.06084789,6.227989,-35.13661484106604,28.447862870726286
05/11/2023 12:34:01.693633,3652,True,True,True,True,Eyes,1.259195,-0.2551974,-3.576498,-0.5335223,0.2541875,0.8066862,0.0,0.0,0.0,0.0,0.0,0.0,0.0,0.9245533,-0.3698853,3.677437,1.255389,-0.2570629,-3.587906,-0.08218632,-0.2863556,-0.004117883,0.9545832,350.8357,326.4212,2.276056,0.331806,-0.06720669,-0.9409503,0,0,0,0.6070682,0.06297368,-2.623811,-0.001703382,0.1310895,1.19793,0.8359671,0.0392073,0.5473773,0.05493075,0.9864569,-0.154549,-0.5460237,0.1592657,0.8224917,static,-33.47966,17.48969,-0.08147096,6.24503,-35.10573266149148,28.453971249709625
05/11/2023 12:34:01.713694,3653,True,True,True,True,Eyes,1.259067,-0.2551922,-3.576487,-0.5330672,0.2543355,0.8069404,0.0,0.0,0.0,0.0,0.0,0.0,0.0,0.922565,-0.3687167,3.677878,1.255402,-0.2570675,-3.587722,-0.08202893,-0.2861098,-0.004289583,0.9546696,350.8467,326.4535,2.249326,0.3317598,-0.06720126,-0.940967,0,0,0,0.6070682,0.06297368,-2.623811,-0.002520561,0.1313778,1.197756,0.8362456,0.03874829,0.5469844,0.05512883,0.9865057,-0.1541665,-0.5455769,0.1590756,0.8228249,static,-33.44887,17.49407,-0.1205732,6.259555,-35.07458646765947,28.458605407418222
05/11/2023 12:34:01.731036,3654,True,True,True,True,Eyes,1.258965,-0.2551878,-3.576457,-0.5325543,0.2545131,0.807223,0.0,0.0,0.0,0.0,0.0,0.0,0.0,0.920319,-0.3671069,3.678542,1.255394,-0.2571538,-3.587657,-0.08182703,-0.2858213,-0.004344529,0.9547732,350.8665,326.4903,2.233604,0.3317153,-0.06719634,-0.940983,0,0,0,0.6070682,0.06297368,-2.623811,-0.003312528,0.1319142,1.197663,0.8365746,0.03847973,0.5465,0.05507189,0.986571,-0.153769,-0.5450779,0.158736,0.8232211,static,-33.41429,17.49978,-0.1584699,6.285398,-35.039580364226964,28.464609672933108
05/11/2023 12:34:01.743527,3655,True,True,True,True,Eyes,1.25887,-0.2551884,-3.576427,-0.5320347,0.254672,0.8075155,0.0,0.0,0.0,0.0,0.0,0.0,0.0,0.9176296,-0.3664341,3.679102,1.255396,-0.257198,-3.58747,-0.08174115,-0.285484,-0.004489088,0.9548807,350.8703,326.5329,2.21144,0.3316731,-0.06719191,-0.9409982,0,0,0,0.6070682,0.06297368,-2.623811,-0.004324615,0.1321005,1.197501,0.8369575,0.03809849,0.5459402,0.05524466,0.9865965,-0.153543,-0.5444724,0.1586692,0.8236345,static,-33.37904,17.50408,-0.2069152,6.295045,-35.00394612180663,28.46919267529747
05/11/2023 12:34:01.763711,3656,True,True,True,True,Eyes,1.258788,-0.255189,-3.576387,-0.5315121,0.254795,0.8078207,0.0,0.0,0.0,0.0,0.0,0.0,0.0,0.9146301,-0.3648464,3.680012,1.255467,-0.2573128,-3.587442,-0.08154084,-0.2851026,-0.004620139,0.9550112,350.8872,326.5815,2.186478,0.3316331,-0.06718804,-0.9410126,0,0,0,0.6070682,0.06297368,-2.623811,-0.005424023,0.1326026,1.197488,0.8373903,0.03767044,0.5453058,0.05531958,0.9866595,-0.1531104,-0.5437989,0.1583792,0.8241351,static,-33.34324,17.50582,-0.2595195,6.318845,-34.9678424676247,28.471190784655946
05/11/2023 12:34:01.773547,3657,True,True,True,True,Eyes,1.258708,-0.2551859,-3.576348,-0.5309938,0.2549127,0.8081244,0.0,0.0,0.0,0.0,0.0,0.0,0.0,0.9119298,-0.3623554,3.680793,1.255473,-0.257323,-3.587301,-0.08121967,-0.2847642,-0.004562411,0.9551398,350.9236,326.6243,2.178764,0.3315956,-0.06718469,-0.9410261,0,0,0,0.6070682,0.06297368,-2.623811,-0.006361604,0.1334292,1.197283,0.837777,0.03754143,0.5447204,0.05497239,0.9867651,-0.1525538,-0.5432382,0.1577507,0.8246254,static,-33.30769,17.50723,-0.3044306,6.358991,-34.932001409582035,28.472853545552113
05/11/2023 12:34:01.793704,3658,True,True,True,True,Eyes,1.258639,-0.2551818,-3.576301,-0.5305008,0.2550665,0.8083997,0.0,0.0,0.0,0.0,0.0,0.0,0.0,0.9103441,-0.3620675,3.681168,1.255435,-0.257226,-3.587274,-0.08116194,-0.2845548,-0.00473006,0.9552063,350.924,326.6514,2.156247,0.3315602,-0.06718169,-0.9410388,0,0,0,0.6070682,0.06297368,-2.623811,-0.006948233,0.1333659,1.197219,0.8380124,0.03715367,0.5443848,0.05522639,0.9867808,-0.1523609,-0.5428492,0.1577447,0.8248827,static,-33.27432,17.51154,-0.3325205,6.356338,-34.89825977216049,28.477434124533055
05/11/2023 12:34:01.813462,3659,True,True,True,True,Eyes,1.258576,-0.2551877,-3.576248,-0.5300322,0.2552097,0.8086618,0.0,0.0,0.0,0.0,0.0,0.0,0.0,0.9090459,-0.3635565,3.681221,1.255418,-0.2572196,-3.587156,-0.0813555,-0.2843918,-0.004810778,0.955238,350.8997,326.6702,2.152278,0.3315272,-0.06717902,-0.9410506,0,0,0,0.6070682,0.06297368,-2.623811,-0.007408798,0.1328849,1.197164,0.8381964,0.03708279,0.5441064,0.05546454,0.9867162,-0.1526914,-0.5425408,0.158164,0.8250052,static,-33.24258,17.51544,-0.3545775,6.333887,-34.86617286204298,28.48158926136305
05/11/2023 12:34:01.831227,3660,True,True,True,True,Eyes,1.258518,-0.2551973,-3.576191,-0.5297218,0.2553335,0.8088261,0.0,0.0,0.0,0.0,0.0,0.0,0.0,0.9091684,-0.3631501,3.6811,1.255483,-0.2574641,-3.586982,-0.08134442,-0.284428,-0.004650565,0.9552289,350.9063,326.6647,2.169992,0.3314964,-0.06717689,-0.9410617,0,0,0,0.6070682,0.06297368,-2.623811,-0.007389426,0.1332845,1.19708,0.8381582,0.03738855,0.5441442,0.05515796,0.9867229,-0.1527596,-0.5426311,0.1580506,0.8249676,static,-33.22186,17.52008,-0.3536752,6.35322,-34.845157381703984,28.48641917773731
05/11/2023 12:34:01.843486,3661,True,True,True,True,Eyes,1.258465,-0.2552019,-3.576134,-0.529422,0.2554041,0.8090001,0.0,0.0,0.0,0.0,0.0,0.0,0.0,0.9089757,-0.3575119,3.681569,1.255542,-0.2575526,-3.586821,-0.08061445,-0.2844203,-0.004701452,0.9552928,350.9849,326.6715,2.139661,0.3314677,-0.06717535,-0.9410719,0,0,0,0.6070682,0.06297368,-2.623811,-0.00767076,0.1350361,1.196808,0.8381659,0.03687425,0.5441675,0.05483931,0.9869584,-0.1513464,-0.5426514,0.1566952,0.8252128,static,-33.20134,17.52108,-0.3672235,6.437469,-34.8244632442345,28.487567151651174
05/11/2023 12:34:01.863832,3662,True,True,True,True,Eyes,1.258409,-0.2552057,-3.576074,-0.5294604,0.2554719,0.8089536,0.0,0.0,0.0,0.0,0.0,0.0,0.0,0.9083438,-0.3526814,3.682145,1.25562,-0.2574206,-3.586756,-0.07996224,-0.2843529,-0.004705382,0.9553677,351.0564,326.6845,2.116603,0.3314413,-0.06717421,-0.9410813,0,0,0,0.6070682,0.06297368,-2.623811,-0.008039773,0.1364107,1.196605,0.8382426,0.03648425,0.5440755,0.05446573,0.9871678,-0.1501107,-0.5425707,0.1554627,0.8254989,static,-33.20476,17.5264,-0.3849541,6.503532,-34.8277314379922,28.49292370026688
05/11/2023 12:34:01.873388,3663,True,True,True,True,Eyes,1.258358,-0.2552128,-3.576018,-0.5294846,0.2555192,0.8089226,0.0,0.0,0.0,0.0,0.0,0.0,0.0,0.9081082,-0.3532631,3.681953,1.255598,-0.2574034,-3.586565,-0.08002575,-0.2843295,-0.005014151,0.9553679,351.0392,326.6893,2.084338,0.3314165,-0.06717342,-0.94109,0,0,0,0.6070682,0.06297368,-2.623811,-0.008312166,0.1360635,1.196472,0.8382632,0.03592665,0.544081,0.05508808,0.9871415,-0.1500567,-0.542476,0.1557594,0.8255053,static,-33.20697,17.53007,-0.3980404,6.487837,-34.82983568741317,28.49661990868188
05/11/2023 12:34:01.897153,3664,True,True,True,True,Eyes,1.2583,-0.2552238,-3.57596,-0.5297366,0.2554879,0.8087676,0.0,0.0,0.0,0.0,0.0,0.0,0.0,0.907331,-0.3503768,3.682478,1.255672,-0.2574781,-3.586593,-0.07962992,-0.2842289,-0.005529258,0.955428,351.0656,326.7084,2.013033,0.3313936,-0.06717302,-0.9410981,0,0,0,0.6070682,0.06297368,-2.623811,-0.008893669,0.1366835,1.19648,0.8383668,0.03470062,0.544001,0.05583186,0.987257,-0.1490182,-0.5422398,0.1553044,0.8257461,static,-33.22449,17.53121,-0.4258829,6.517107,-34.84743865463692,28.497655811837994
05/11/2023 12:34:01.913441,3665,True,True,True,True,Eyes,1.258241,-0.2552395,-3.5759,-0.5299728,0.2554183,0.8086349,0.0,0.0,0.0,0.0,0.0,0.0,0.0,0.9062574,-0.3460731,3.682925,1.255605,-0.2575641,-3.58638,-0.07907622,-0.2840975,-0.005592621,0.9555126,351.1241,326.7288,1.986161,0.331372,-0.06717308,-0.9411057,0,0,0,0.6070682,0.06297368,-2.623811,-0.009384215,0.1380371,1.196136,0.8385146,0.03424308,0.543802,0.05561836,0.9874313,-0.147939,-0.542033,0.1542944,0.8260711,static,-33.24051,17.52943,-0.4495016,6.582958,-34.86362753886246,28.49574913986638
05/11/2023 12:34:01.930774,3666,True,True,True,True,Eyes,1.258168,-0.2552624,-3.575847,-0.5303444,0.2552615,0.8084407,0.0,0.0,0.0,0.0,0.0,0.0,0.0,0.9050497,-0.3422237,3.68345,1.255531,-0.2576817,-3.586262,-0.07859653,-0.283944,-0.005405941,0.955599,351.1827,326.7493,1.989275,0.3313517,-0.06717367,-0.9411128,0,0,0,0.6070682,0.06297368,-2.623811,-0.009747863,0.1394132,1.19587,0.8386931,0.03430221,0.543523,0.05496586,0.9875867,-0.1471436,-0.5418235,0.1532835,0.8263967,static,-33.26524,17.52328,-0.467023,6.649462,-34.88873037484949,28.48936564069523
05/11/2023 12:34:01.943726,3667,True,True,True,True,Eyes,1.258102,-0.2552893,-3.575794,-0.5306969,0.2550307,0.8082823,0.0,0.0,0.0,0.0,0.0,0.0,0.0,0.9039601,-0.334852,3.684296,1.255524,-0.2578459,-3.586151,-0.07765492,-0.2838126,-0.005303879,0.9557155,351.2895,326.7711,1.967748,0.3313321,-0.06717494,-0.9411196,0,0,0,0.6070682,0.06297368,-2.623811,-0.01021427,0.1418302,1.195532,0.8388447,0.03394089,0.5433118,0.05421688,0.9878832,-0.1454214,-0.5416644,0.1514426,0.8268403,static,-33.28785,17.51162,-0.489506,6.765578,-34.91188022320787,28.477424805428
05/11/2023 12:34:01.963913,3668,True,True,True,True,Eyes,1.258031,-0.2553174,-3.575741,-0.531172,0.254766,0.8080535,0.0,0.0,0.0,0.0,0.0,0.0,0.0,0.9024789,-0.3269266,3.685358,1.255604,-0.2579467,-3.586103,-0.07663648,-0.283637,-0.005076435,0.9558511,351.4087,326.7978,1.957172,0.3313134,-0.06717692,-0.941126,0,0,0,0.6070682,0.06297368,-2.623811,-0.01078385,0.1444355,1.195247,0.8390486,0.03376924,0.5430074,0.0531785,0.9882022,-0.1436264,-0.5414512,0.1493858,0.8273538,static,-33.31882,17.49921,-0.5169244,6.890303,-34.94347230760255,28.464669862424213
05/11/2023 12:34:01.984239,3669,True,True,True,True,Eyes,1.257962,-0.255349,-3.575688,-0.5316278,0.2544602,0.8078502,0.0,0.0,0.0,0.0,0.0,0.0,0.0,0.9014804,-0.3217577,3.685921,1.255563,-0.2579861,-3.585974,-0.07596847,-0.2835146,-0.004987794,0.9559411,351.4848,326.8165,1.943509,0.3312953,-0.06717955,-0.9411322,0,0,0,0.6070682,0.06297368,-2.623811,-0.01117843,0.1460942,1.194927,0.8391892,0.03354027,0.5428044,0.05261242,0.9884079,-0.1424145,-0.5412887,0.148071,0.8276965,static,-33.34801,17.48361,-0.5359811,6.970501,-34.97337728121251,28.448701198996883
05/11/2023 12:34:01.993845,3670,True,True,True,True,Eyes,1.257902,-0.2553799,-3.575629,-0.532186,0.2541356,0.8075848,0.0,0.0,0.0,0.0,0.0,0.0,0.0,0.900817,-0.3166394,3.686458,1.255544,-0.2580856,-3.585903,-0.07531703,-0.2834341,-0.004833076,0.9560173,351.5615,326.8296,1.938111,0.3312778,-0.06718288,-0.9411381,0,0,0,0.6070682,0.06297368,-2.623811,-0.01142174,0.1478088,1.194673,0.8392835,0.03345383,0.5426639,0.05193585,0.988608,-0.1412691,-0.5412078,0.1467485,0.8279849,static,-33.38427,17.46806,-0.547763,7.05298,-35.01039924919579,28.432735953985055
05/11/2023 12:34:02.013608,3671,True,True,True,True,Eyes,1.257847,-0.2554091,-3.575571,-0.5327243,0.2537936,0.8073374,0.0,0.0,0.0,0.0,0.0,0.0,0.0,0.9004085,-0.3117299,3.686899,1.255535,-0.2580972,-3.585826,-0.07468086,-0.2833883,-0.004696388,0.9560814,351.6359,326.8385,1.931556,0.3312611,-0.06718682,-0.9411438,0,0,0,0.6070682,0.06297368,-2.623811,-0.0115996,0.1493872,1.194411,0.8393381,0.0333471,0.5425861,0.05130763,0.9888015,-0.1401402,-0.5411832,0.1454638,0.8282276,static,-33.41896,17.451,-0.5564144,7.12907,-35.0458901818986,28.41525433096432
05/11/2023 12:34:02.031450,3672,True,True,True,True,Eyes,1.257782,-0.2554375,-3.575515,-0.5333005,0.2534681,0.8070592,0.0,0.0,0.0,0.0,0.0,0.0,0.0,0.900221,-0.3089082,3.68717,1.255588,-0.2580774,-3.585797,-0.07431395,-0.2833739,-0.004560134,0.9561151,351.6807,326.8417,1.934238,0.3312452,-0.06719127,-0.941149,0,0,0,0.6070682,0.06297368,-2.623811,-0.01168793,0.1503056,1.194295,0.8393569,0.03339725,0.5425539,0.05083729,0.9889132,-0.1395209,-0.5411983,0.1446898,0.8283533,static,-33.45652,17.43562,-0.5607058,7.173136,-35.084215491157586,28.399452314742433
05/11/2023 12:34:02.043755,3673,True,True,True,True,Eyes,1.25772,-0.2554679,-3.575458,-0.5338572,0.2531412,0.8067937,0.0,0.0,0.0,0.0,0.0,0.0,0.0,0.8999459,-0.3074338,3.687166,1.255522,-0.2580764,-3.58562,-0.07412852,-0.2833448,-0.004458144,0.9561386,351.7044,326.8457,1.939069,0.3312299,-0.06719614,-0.9411541,0,0,0,0.6070682,0.06297368,-2.623811,-0.01178092,0.1508299,1.19405,0.8393918,0.03348264,0.5424946,0.05053306,0.9889702,-0.1392279,-0.5411727,0.1442806,0.8284414,static,-33.4927,17.41988,-0.565282,7.199353,-35.12116317073923,28.383295483434356
05/11/2023 12:34:02.063612,3674,True,True,True,True,Eyes,1.257654,-0.2554936,-3.575401,-0.5344386,0.2528949,0.806486,0.0,0.0,0.0,0.0,0.0,0.0,0.0,0.9000823,-0.3060734,3.687206,1.255544,-0.25815,-3.585566,-0.07396446,-0.2833693,-0.00436727,0.9561445,351.7255,326.8433,1.943854,0.3312151,-0.06720145,-0.9411589,0,0,0,0.6070682,0.06297368,-2.623811,-0.01174802,0.1513475,1.193972,0.8393655,0.03356703,0.54253,0.05027,0.9890203,-0.1389663,-0.5412379,0.1439165,0.8284622,static,-33.53146,17.41019,-0.56374,7.224262,-35.160509205513044,28.373238945566467
05/11/2023 12:34:02.073672,3675,True,True,True,True,Eyes,1.257592,-0.2555242,-3.575342,-0.5349959,0.2526696,0.806187,0.0,0.0,0.0,0.0,0.0,0.0,0.0,0.9000833,-0.3049841,3.687143,1.255499,-0.2580594,-3.585432,-0.07380991,-0.2833745,-0.004412984,0.9561546,351.741,326.844,1.933679,0.3312007,-0.06720704,-0.9411635,0,0,0,0.6070682,0.06297368,-2.623811,-0.01181757,0.1516005,1.193783,0.8393588,0.03339271,0.5425512,0.05027069,0.9890652,-0.1386463,-0.5412483,0.1436484,0.8285019,static,-33.56876,17.40168,-0.5671678,7.237349,-35.19834630499592,28.36438530672628
05/11/2023 12:34:02.093782,3676,True,True,True,True,Eyes,1.257518,-0.2555577,-3.575294,-0.5355693,0.2524823,0.8058649,0.0,0.0,0.0,0.0,0.0,0.0,0.0,0.9002889,-0.3056411,3.686953,1.255519,-0.2582069,-3.585326,-0.07390913,-0.2834088,-0.004581233,0.956136,351.7246,326.8404,1.918681,0.3311867,-0.06721301,-0.941168,0,0,0,0.6070682,0.06297368,-2.623811,-0.01186526,0.1514135,1.193771,0.839317,0.03313243,0.5426319,0.05065355,0.989033,-0.1387376,-0.5412774,0.1439311,0.8284338,static,-33.60759,17.39608,-0.5694616,7.228585,-35.237628023459116,28.35846393142501
05/11/2023 12:34:02.114079,3677,True,True,True,True,Eyes,1.257444,-0.2555925,-3.575247,-0.5361252,0.2523029,0.8055514,0.0,0.0,0.0,0.0,0.0,0.0,0.0,0.9013774,-0.301901,3.686993,1.255549,-0.2582915,-3.585306,-0.07344116,-0.2835571,-0.004321202,0.9561293,351.7849,326.8239,1.933091,0.3311728,-0.06721938,-0.9411725,0,0,0,0.6070682,0.06297368,-2.623811,-0.01148301,0.1527455,1.193629,0.8391533,0.03338627,0.5428693,0.04991278,0.9891754,-0.1379879,-0.5415999,0.1428891,0.8284035,static,-33.64528,17.39083,-0.5511831,7.292356,-35.27575036334023,28.352904061809188
05/11/2023 12:34:02.131245,3678,True,True,True,True,Eyes,1.257362,-0.2556251,-3.575207,-0.5367109,0.2521447,0.8052109,0.0,0.0,0.0,0.0,0.0,0.0,0.0,0.9023496,-0.3015309,3.686757,1.255484,-0.2583531,-3.585295,-0.0733923,-0.2836756,-0.004504686,0.9560971,351.7845,326.8112,1.912189,0.3311588,-0.06722615,-0.9411769,0,0,0,0.6070682,0.06297368,-2.623811,-0.01123297,0.1527895,1.193598,0.8390158,0.03302537,0.5431039,0.05025304,0.9891865,-0.1377846,-0.5417815,0.1428961,0.8282834,static,-33.68532,17.38749,-0.5391958,7.294622,-35.3161759218053,28.349259832055555
05/11/2023 12:34:02.149335,3679,True,True,True,True,Eyes,1.25728,-0.255651,-3.575165,-0.5372678,0.2519882,0.8048884,0.0,0.0,0.0,0.0,0.0,0.0,0.0,0.9038148,-0.2979604,3.686633,1.255531,-0.2583109,-3.585226,-0.07290565,-0.2838757,-0.004767242,0.9560736,351.8299,326.7923,1.868607,0.3311447,-0.06723321,-0.9411814,0,0,0,0.6070682,0.06297368,-2.623811,-0.01101375,0.153677,1.193444,0.8387837,0.03227661,0.5435072,0.05050795,0.9893241,-0.1366997,-0.542117,0.1421129,0.8281987,static,-33.72335,17.38389,-0.5287415,7.337467,-35.354586220340764,28.345366103386954
05/11/2023 12:34:02.163499,3680,True,True,True,True,Eyes,1.257191,-0.2556814,-3.575121,-0.5378519,0.2518978,0.8045264,0.0,0.0,0.0,0.0,0.0,0.0,0.0,0.9035416,-0.2971339,3.686663,1.255488,-0.2581727,-3.585144,-0.07276949,-0.2838411,-0.00499761,0.9560931,351.8372,326.799,1.838283,0.3311304,-0.06724036,-0.9411859,0,0,0,0.6070682,0.06297368,-2.623811,-0.01123917,0.1537054,1.193312,0.8388184,0.0317536,0.5434844,0.05086632,0.9893592,-0.1363118,-0.5420297,0.1419859,0.8282776,static,-33.76401,17.38537,-0.5396227,7.339611,-35.39547718726133,28.346591513165055
05/11/2023 12:34:02.173657,3681,True,True,True,True,Eyes,1.257106,-0.2557189,-3.57508,-0.5384177,0.2517795,0.8041849,0.0,0.0,0.0,0.0,0.0,0.0,0.0,0.903957,-0.2998013,3.686126,1.255346,-0.2583171,-3.584958,-0.07314067,-0.2838905,-0.005057111,0.9560499,351.7945,326.791,1.844537,0.3311158,-0.06724773,-0.9411905,0,0,0,0.6070682,0.06297368,-2.623811,-0.01106709,0.1529877,1.193217,0.8387613,0.03185817,0.5435665,0.05119757,0.9892498,-0.1369809,-0.542087,0.1427236,0.8281133,static,-33.80309,17.38464,-0.5314032,7.306288,-35.43485012064866,28.34559280219498
05/11/2023 12:34:02.193671,3682,True,True,True,True,Eyes,1.257035,-0.255755,-3.575031,-0.5389484,0.2516309,0.8038759,0.0,0.0,0.0,0.0,0.0,0.0,0.0,0.9041514,-0.29662,3.686397,1.255378,-0.258515,-3.584996,-0.07275245,-0.2839177,-0.004946261,0.956072,351.8409,326.7896,1.844049,0.331101,-0.06725544,-0.9411952,0,0,0,0.6070682,0.06297368,-2.623811,-0.01100731,0.1541416,1.193171,0.8387325,0.03185345,0.5436111,0.05076937,0.9893652,-0.1363045,-0.5421717,0.1419218,0.8281957,static,-33.83938,17.38127,-0.5285535,7.361078,-35.471500867496346,28.34194324096989
05/11/2023 12:34:02.213603,3683,True,True,True,True,Eyes,1.256967,-0.255789,-3.574979,-0.5394552,0.2514687,0.8035867,0.0,0.0,0.0,0.0,0.0,0.0,0.0,0.9045399,-0.2921115,3.686571,1.255381,-0.2585216,-3.5849,-0.07217194,-0.2839782,-0.00474145,0.9560989,351.9117,326.7846,1.847805,0.3310863,-0.06726347,-0.9411998,0,0,0,0.6070682,0.06297368,-2.623811,-0.01090509,0.15563,1.192905,0.8386678,0.03192393,0.5437069,0.05005711,0.9895374,-0.1353141,-0.5423381,0.1407,0.8282952,static,-33.87383,17.37662,-0.5237617,7.433,-35.50634114111501,28.33701166791805
05/11/2023 12:34:02.231583,3684,True,True,True,True,Eyes,1.256918,-0.2558248,-3.574916,-0.5397085,0.2513531,0.8034528,0.0,0.0,0.0,0.0,0.0,0.0,0.0,0.9041308,-0.2900105,3.68672,1.255373,-0.2585002,-3.584785,-0.0718925,-0.2839333,-0.004790252,0.9561331,351.9407,326.7923,1.832687,0.331072,-0.06727171,-0.9412042,0,0,0,0.6070682,0.06297368,-2.623811,-0.01113695,0.1562318,1.192721,0.8387179,0.03166511,0.5436447,0.04998558,0.989617,-0.1347574,-0.5422671,0.1401978,0.8284268,static,-33.89069,17.37183,-0.5349799,7.462559,-35.523475007977304,28.332055814743267
05/11/2023 12:34:02.243519,3685,True,True,True,True,Eyes,1.256872,-0.2558615,-3.574856,-0.5399532,0.2512038,0.8033351,0.0,0.0,0.0,0.0,0.0,0.0,0.0,0.9041684,-0.2870898,3.686872,1.255362,-0.2585904,-3.584713,-0.0715195,-0.2839428,-0.004830321,0.9561581,351.9804,326.7938,1.815875,0.3310584,-0.0672802,-0.9412084,0,0,0,0.6070682,0.06297368,-2.623811,-0.01121545,0.1571561,1.192559,0.8387063,0.0313778,0.5436793,0.049852,0.9897232,-0.1340248,-0.5422975,0.1395109,0.8285228,static,-33.9066,17.36452,-0.5388238,7.507213,-35.5397353927231,28.324558181824745
05/11/2023 12:34:02.263473,3686,True,True,True,True,Eyes,1.256836,-0.2558956,-3.57479,-0.5400066,0.2510592,0.8033444,0.0,0.0,0.0,0.0,0.0,0.0,0.0,0.9040252,-0.283146,3.687256,1.255394,-0.2586401,-3.584743,-0.07100714,-0.2839275,-0.00481686,0.9562009,352.0372,326.7989,1.80012,0.3310456,-0.06728892,-0.9412122,0,0,0,0.6070682,0.06297368,-2.623811,-0.01133341,0.1583813,1.192451,0.838724,0.03110998,0.5436674,0.04953352,0.9898696,-0.1330589,-0.5422993,0.1385294,0.8286864,static,-33.90892,17.35494,-0.5445398,7.565746,-35.542387091473735,28.314855835751647
05/11/2023 12:34:02.273814,3687,True,True,True,True,Eyes,1.2568,-0.255929,-3.574726,-0.5400506,0.2509109,0.8033611,0.0,0.0,0.0,0.0,0.0,0.0,0.0,0.9029324,-0.2803974,3.687614,1.255374,-0.2586191,-3.584629,-0.07064348,-0.2837931,-0.004844631,0.9562675,352.0761,326.8177,1.783788,0.3310337,-0.0672978,-0.9412158,0,0,0,0.6070682,0.06297368,-2.623811,-0.01177782,0.1591941,1.19223,0.838876,0.03083074,0.5434487,0.04936179,0.989972,-0.1323584,-0.5420797,0.1378579,0.8289419,static,-33.91053,17.34497,-0.5659961,7.605511,-35.54433675894825,28.304763872661596
05/11/2023 12:34:02.293649,3688,True,True,True,True,Eyes,1.256766,-0.2559623,-3.574659,-0.5399642,0.2507741,0.8034619,0.0,0.0,0.0,0.0,0.0,0.0,0.0,0.9020793,-0.2793362,3.687907,1.255364,-0.2586312,-3.584634,-0.07050369,-0.2836815,-0.004877088,0.9563107,352.0902,326.8322,1.774608,0.3310227,-0.06730679,-0.9412191,0,0,0,0.6070682,0.06297368,-2.623811,-0.01207703,0.1595071,1.192187,0.8390021,0.03067317,0.543263,0.04932921,0.9900109,-0.1320798,-0.5418876,0.137614,0.8291081,static,-33.90295,17.33403,-0.5803949,7.620554,-35.53706516754055,28.29375236250654
05/11/2023 12:34:02.313953,3689,True,True,True,True,Eyes,1.256735,-0.2559988,-3.574597,-0.5398756,0.2506273,0.8035672,0.0,0.0,0.0,0.0,0.0,0.0,0.0,0.9003733,-0.2783521,3.688251,1.255311,-0.2586693,-3.584499,-0.07038171,-0.2834646,-0.004874727,0.9563842,352.1033,326.8591,1.768998,0.3310125,-0.0673159,-0.941222,0,0,0,0.6070682,0.06297368,-2.623811,-0.01265597,0.1598544,1.192007,0.8392482,0.03057721,0.5428882,0.04922565,0.9900453,-0.1318603,-0.5415157,0.1373875,0.8293886,static,-33.89513,17.32236,-0.6083073,7.638092,-35.52957598419609,28.282004308453722
05/11/2023 12:34:02.331471,3690,True,True,True,True,Eyes,1.256709,-0.256034,-3.574528,-0.5397227,0.2504923,0.803712,0.0,0.0,0.0,0.0,0.0,0.0,0.0,0.8995934,-0.2767363,3.688645,1.255331,-0.2587778,-3.584569,-0.07018372,-0.2833612,-0.004835966,0.9564295,352.1262,326.8725,1.765831,0.3310031,-0.06732517,-0.9412246,0,0,0,0.6070682,0.06297368,-2.623811,-0.01289731,0.1604354,1.192023,0.8393661,0.03052416,0.5427088,0.0490252,0.9901017,-0.1315109,-0.5413512,0.1369922,0.8295614,static,-33.88284,17.31065,-0.6198982,7.665424,-35.51758736514531,28.270245611984176
05/11/2023 12:34:02.343795,3691,True,True,True,True,Eyes,1.256684,-0.2560707,-3.57446,-0.5395671,0.2503177,0.803871,0.0,0.0,0.0,0.0,0.0,0.0,0.0,0.8978702,-0.2740507,3.689093,1.255281,-0.2587855,-3.584408,-0.06983591,-0.2831452,-0.004802727,0.9565191,352.1651,326.9005,1.756143,0.3309945,-0.06733456,-0.941227,0,0,0,0.6070682,0.06297368,-2.623811,-0.01350969,0.1612931,1.191746,0.8396115,0.0303596,0.5423384,0.0487352,0.9901997,-0.130879,-0.5409967,0.1363185,0.8299035,static,-33.86995,17.29609,-0.6494802,7.707687,-35.505088548126736,28.2556091205561
05/11/2023 12:34:02.363822,3692,True,True,True,True,Eyes,1.256676,-0.25611,-3.574382,-0.5393879,0.2501213,0.8040522,0.0,0.0,0.0,0.0,0.0,0.0,0.0,0.8963645,-0.2695589,3.689765,1.255259,-0.2588482,-3.584385,-0.06925881,-0.2829516,-0.004695476,0.9566188,352.2318,326.9267,1.74722,0.3309868,-0.06734411,-0.941229,0,0,0,0.6070682,0.06297368,-2.623811,-0.01401389,0.1627602,1.191527,0.8398327,0.03021022,0.5420042,0.04817735,0.9903624,-0.1298514,-0.5407034,0.1351658,0.8302832,static,-33.85517,17.27966,-0.6738409,7.77835,-35.49074835905075,28.239094368456716
05/11/2023 12:34:02.373457,3693,True,True,True,True,Eyes,1.256667,-0.2561502,-3.574304,-0.5392066,0.2498919,0.8042451,0.0,0.0,0.0,0.0,0.0,0.0,0.0,0.8950162,-0.2654643,3.690324,1.255224,-0.2589597,-3.584322,-0.06874445,-0.2827796,-0.004522209,0.9567077,352.2938,326.9495,1.747888,0.3309803,-0.06735386,-0.9412305,0,0,0,0.6070682,0.06297368,-2.623811,-0.01443386,0.1641834,1.191287,0.8400305,0.03022619,0.5416966,0.04753192,0.9905075,-0.1289791,-0.540453,0.1340942,0.8306198,static,-33.8399,17.26086,-0.6941724,7.84708,-35.475992909012916,28.22018644299818
05/11/2023 12:34:02.393469,3694,True,True,True,True,Eyes,1.256659,-0.25619,-3.574226,-0.5389913,0.2496513,0.8044642,0.0,0.0,0.0,0.0,0.0,0.0,0.0,0.8933575,-0.2615799,3.690921,1.255183,-0.259012,-3.584248,-0.0682513,-0.2825675,-0.004327735,0.9568066,352.354,326.9767,1.751307,0.3309748,-0.06736383,-0.9412318,0,0,0,0.6070682,0.06297368,-2.623811,-0.01494133,0.1655173,1.191028,0.8402738,0.03028959,0.5413156,0.04685281,0.9906461,-0.1281608,-0.5401341,0.1330523,0.8309948,static,-33.8221,17.24081,-0.7187322,7.911726,-35.45873124974293,28.200031440994145
05/11/2023 12:34:02.413978,3695,True,True,True,True,Eyes,1.25665,-0.2562293,-3.574152,-0.5387763,0.2493922,0.8046886,0.0,0.0,0.0,0.0,0.0,0.0,0.0,0.8917873,-0.2573154,3.691528,1.255189,-0.2590343,-3.58417,-0.06770765,-0.2823725,-0.004063022,0.9569038,352.4221,327.0018,1.760982,0.3309703,-0.06737398,-0.9412327,0,0,0,0.6070682,0.06297368,-2.623811,-0.015423,0.1669835,1.190764,0.8404985,0.03046172,0.5409569,0.04601341,0.9907983,-0.1272849,-0.5398566,0.131874,0.8313628,static,-33.80415,17.21946,-0.7420642,7.982662,-35.44136140376253,28.178562935920446
05/11/2023 12:34:02.431848,3696,True,True,True,True,Eyes,1.256654,-0.256268,-3.574071,-0.5385661,0.2491351,0.8049089,0.0,0.0,0.0,0.0,0.0,0.0,0.0,0.8903477,-0.254803,3.692053,1.255168,-0.2590567,-3.584179,-0.067391,-0.2821842,-0.003843601,0.9569827,352.4638,327.0249,1.77325,0.3309666,-0.06738427,-0.9412332,0,0,0,0.6070682,0.06297368,-2.623811,-0.01580435,0.1678896,1.190633,0.8407146,0.03067683,0.5406088,0.04538986,0.9908874,-0.1268148,-0.5395727,0.1311532,0.8316611,static,-33.78656,17.19833,-0.7604939,8.026284,-35.4243467838725,28.15731448492526
05/11/2023 12:34:02.443770,3697,True,True,True,True,Eyes,1.256657,-0.2563053,-3.573992,-0.5383665,0.2488709,0.8051241,0.0,0.0,0.0,0.0,0.0,0.0,0.0,0.8897744,-0.2535427,3.692212,1.255129,-0.2590966,-3.584122,-0.06723858,-0.28211,-0.003704901,0.9570158,352.4849,327.0339,1.782949,0.3309641,-0.06739468,-0.9412333,0,0,0,0.6070682,0.06297368,-2.623811,-0.01593959,0.1683865,1.190504,0.8408004,0.03084605,0.5404657,0.04502865,0.9909305,-0.1266064,-0.5394693,0.1307871,0.8317858,static,-33.76966,17.17684,-0.7670841,8.050589,-35.40803877610118,28.135697417067693
05/11/2023 12:34:02.463785,3698,True,True,True,True,Eyes,1.256671,-0.2563452,-3.573903,-0.5382059,0.2485954,0.8053166,0.0,0.0,0.0,0.0,0.0,0.0,0.0,0.8898708,-0.2517712,3.692266,1.255122,-0.2590936,-3.58408,-0.06700627,-0.2821257,-0.003698478,0.9570274,352.5107,327.0334,1.776092,0.3309624,-0.06740516,-0.9412332,0,0,0,0.6070682,0.06297368,-2.623811,-0.01595068,0.1689229,1.19039,0.8407828,0.0307293,0.5404998,0.04488748,0.990993,-0.1261668,-0.5395085,0.1303405,0.8318304,static,-33.75544,17.15508,-0.7676914,8.076664,-35.394438105623706,28.113789468041123
05/11/2023 12:34:02.483837,3699,True,True,True,True,Eyes,1.256685,-0.2563851,-3.573817,-0.5380478,0.2482915,0.8055159,0.0,0.0,0.0,0.0,0.0,0.0,0.0,0.889577,-0.2488258,3.692396,1.255101,-0.2592009,-3.583935,-0.06664018,-0.2820965,-0.003603511,0.957062,352.5541,327.0385,1.774243,0.330962,-0.06741578,-0.9412325,0,0,0,0.6070682,0.06297368,-2.623811,-0.01608938,0.1699512,1.190142,0.8408172,0.03070035,0.5404479,0.04449549,0.9910922,-0.1255245,-0.5394874,0.1295906,0.8319613,static,-33.74111,17.13134,-0.7745272,8.12684,-35.380791935029244,28.089880162955506
05/11/2023 12:34:02.493642,3700,True,True,True,True,Eyes,1.256718,-0.2564221,-3.573719,-0.5379596,0.2480274,0.8056563,0.0,0.0,0.0,0.0,0.0,0.0,0.0,0.8886617,-0.2449016,3.692858,1.255144,-0.2592325,-3.583896,-0.06613265,-0.2819872,-0.003521983,0.9571298,352.6124,327.0542,1.765613,0.3309627,-0.06742652,-0.9412315,0,0,0,0.6070682,0.06297368,-2.623811,-0.01645148,0.1712041,1.189958,0.8409417,0.03055512,0.5402624,0.0440391,0.9912282,-0.1246087,-0.5393307,0.1285813,0.8322194,static,-33.73216,17.11138,-0.7920783,8.187194,-35.37243819838414,28.069757157425208
05/11/2023 12:34:02.513702,3701,True,True,True,True,Eyes,1.256748,-0.2564563,-3.573624,-0.5378742,0.2477648,0.8057939,0.0,0.0,0.0,0.0,0.0,0.0,0.0,0.8881571,-0.241844,3.693096,1.255122,-0.2592113,-3.583818,-0.06573011,-0.2819265,-0.003503089,0.9571754,352.6572,327.0638,1.753925,0.3309648,-0.0674373,-0.94123,0,0,0,0.6070682,0.06297368,-2.623811,-0.01667601,0.172127,1.189741,0.8410103,0.03035598,0.5401667,0.04376826,0.9913346,-0.1238552,-0.5392457,0.1278057,0.8323939,static,-33.72345,17.09157,-0.8030336,8.232204,-35.36432116927287,28.04978422513495
05/11/2023 12:34:02.531921,3702,True,True,True,True,Eyes,1.256801,-0.2564899,-3.573514,-0.5378562,0.2475749,0.8058645,0.0,0.0,0.0,0.0,0.0,0.0,0.0,0.8881278,-0.2408503,3.69313,1.255072,-0.2591758,-3.583798,-0.06559291,-0.2819194,-0.003552098,0.9571868,352.6707,327.0658,1.74392,0.3309681,-0.06744803,-0.941228,0,0,0,0.6070682,0.06297368,-2.623811,-0.01670748,0.1723749,1.189653,0.8410175,0.03018379,0.5401651,0.04378387,0.9913698,-0.1235665,-0.5392332,0.1275721,0.8324379,static,-33.72024,17.07782,-0.8046089,8.2445,-35.36154225565107,28.035902228675724
05/11/2023 12:34:02.544083,3703,True,True,True,True,Eyes,1.256855,-0.2565295,-3.573408,-0.5378411,0.2473669,0.8059384,0.0,0.0,0.0,0.0,0.0,0.0,0.0,0.8882711,-0.2401979,3.69302,1.255053,-0.2592224,-3.583681,-0.06551015,-0.2819445,-0.003652425,0.9571846,352.6766,327.0639,1.730291,0.3309733,-0.06745873,-0.9412255,0,0,0,0.6070682,0.06297368,-2.623811,-0.0167529,0.1725534,1.189533,0.8409879,0.02994837,0.5402245,0.04393255,0.9913902,-0.123351,-0.5392674,0.1274702,0.8324314,moving,-33.71707,17.06284,-0.806877,8.253742,-35.35884415548202,28.02077624325859
05/11/2023 12:34:02.563631,3704,True,True,True,True,Eyes,1.256917,-0.2565672,-3.573296,-0.5378677,0.2471904,0.8059748,0.0,0.0,0.0,0.0,0.0,0.0,0.0,0.8882132,-0.2374864,3.69325,1.255126,-0.259396,-3.583684,-0.06517802,-0.2819454,-0.003606502,0.9572073,352.7146,327.0655,1.724398,0.3309801,-0.06746954,-0.9412223,0,0,0,0.6114367,0.06292973,-2.623674,-0.01308656,0.1736412,1.187235,0.8409874,0.02984895,0.5402306,0.04365763,0.9914776,-0.1227441,-0.5392903,0.1268114,0.8325171,moving,-33.71719,17.05064,-0.6315296,8.3209,-35.35936706779035,28.008439336217016
05/11/2023 12:34:02.573554,3705,True,True,True,True,Eyes,1.256977,-0.256603,-3.573188,-0.5378837,0.2470098,0.8060194,0.0,0.0,0.0,0.0,0.0,0.0,0.0,0.8877438,-0.2349276,3.693419,1.255153,-0.2593932,-3.583563,-0.06484224,-0.2818976,-0.003619507,0.9572441,352.7511,327.0734,1.711505,0.3309885,-0.06748042,-0.9412186,0,0,0,0.6162283,0.06288154,-2.623523,-0.009239435,0.1745513,1.184571,0.8410413,0.02962824,0.540159,0.04348724,0.9915648,-0.122099,-0.5392202,0.1261804,0.8326584,moving,-33.71651,17.03802,-0.4468873,8.38244,-35.35909831835182,27.995683077546513
05/11/2023 12:34:02.593670,3706,True,True,True,True,Eyes,1.257056,-0.2566379,-3.573072,-0.5379105,0.2468519,0.8060499,0.0,0.0,0.0,0.0,0.0,0.0,0.0,0.886768,-0.2335162,3.69374,1.255169,-0.2593752,-3.583557,-0.06464711,-0.2817746,-0.003759995,0.957293,352.7678,327.0902,1.688604,0.3309984,-0.06749129,-0.9412144,0,0,0,0.6205369,0.0628382,-2.623388,-0.005958438,0.1750138,1.182302,0.8411778,0.02923299,0.5399679,0.04363066,0.9916132,-0.1216535,-0.5389956,0.1258914,0.8328476,moving,-33.71682,17.02715,-0.2887506,8.420231,-35.359768703836586,27.984689741562807
05/11/2023 12:34:02.614146,3707,True,True,True,True,Eyes,1.257132,-0.2566735,-3.572962,-0.5379331,0.2466916,0.8060839,0.0,0.0,0.0,0.0,0.0,0.0,0.0,0.8861151,-0.2316671,3.694004,1.25518,-0.2594047,-3.583541,-0.06440491,-0.2816937,-0.003819249,0.9573328,352.7924,327.1017,1.673452,0.33101,-0.06750214,-0.9412095,0,0,0,0.6252877,0.06279041,-2.623239,-0.002163112,0.1756988,1.179779,0.8412682,0.02897232,0.5398411,0.04359749,0.9916749,-0.1211622,-0.5388572,0.1254656,0.8330014,moving,-33.71682,17.01606,-0.105051,8.470524,-35.36013420723571,27.97347601812435
05/11/2023 12:34:02.631566,3708,True,True,True,True,Eyes,1.257226,-0.2567072,-3.57284,-0.5379866,0.2465536,0.8060905,0.0,0.0,0.0,0.0,0.0,0.0,0.0,0.8858083,-0.2306174,3.694185,1.255173,-0.2594529,-3.583584,-0.06426949,-0.2816508,-0.003878388,0.9573542,352.8053,327.108,1.662127,0.3310232,-0.06751297,-0.9412041,0,0,0,0.6297745,0.06274528,-2.623098,0.001563311,0.1761448,1.177471,0.8413156,0.02877712,0.5397776,0.04362908,0.9917088,-0.1208726,-0.5387806,0.125242,0.8330846,moving,-33.71923,17.00696,0.0760707,8.508121,-35.362860705390396,27.964258427001123
05/11/2023 12:34:02.643627,3709,True,True,True,True,Eyes,1.257315,-0.2567383,-3.572722,-0.5380294,0.2464215,0.8061022,0.0,0.0,0.0,0.0,0.0,0.0,0.0,0.8855815,-0.2298249,3.694216,1.255167,-0.2594601,-3.58351,-0.06416865,-0.2816263,-0.00385348,0.9573684,352.8171,327.1114,1.661368,0.3310382,-0.06752376,-0.941198,0,0,0,0.6343234,0.06269953,-2.622955,0.005369127,0.1765422,1.175033,0.8413436,0.02876475,0.5397347,0.04352155,0.9917351,-0.1206956,-0.5387456,0.1250366,0.833138,moving,-33.72095,16.99814,0.2618022,8.544463,-35.36488322806045,27.95532856023576
05/11/2023 12:34:02.663768,3710,True,True,True,True,Eyes,1.257407,-0.256771,-3.572604,-0.5380919,0.2462972,0.8060985,0.0,0.0,0.0,0.0,0.0,0.0,0.0,0.8848776,-0.2295412,3.69436,1.255135,-0.2594261,-3.583479,-0.06411858,-0.2815346,-0.004028671,0.9573979,352.8168,327.1238,1.639668,0.3310548,-0.06753442,-0.9411914,0,0,0,0.6387448,0.06265505,-2.622816,0.008858085,0.1766486,1.172716,0.841444,0.02838911,0.539598,0.04381728,0.9917451,-0.1205056,-0.5385647,0.1250424,0.8332541,moving,-33.72415,16.99013,0.432774,8.566176,-35.368369237350635,27.94720786214202
05/11/2023 12:34:02.673827,3711,True,True,True,True,Eyes,1.257495,-0.2568075,-3.572485,-0.5381556,0.2461711,0.8060945,0.0,0.0,0.0,0.0,0.0,0.0,0.0,0.8843231,-0.2284906,3.694532,1.25516,-0.2595088,-3.583438,-0.06400623,-0.2814677,-0.003742866,0.9574263,352.8383,327.1307,1.667044,0.3310728,-0.06754503,-0.9411843,0,0,0,0.6433325,0.06260891,-2.622672,0.01271367,0.1773098,1.170284,0.8415238,0.02886434,0.5394484,0.04319842,0.9917784,-0.1204555,-0.5384901,0.1246695,0.8333583,moving,-33.72741,16.98201,0.6224225,8.615365,-35.37191928481836,27.938975536803085
05/11/2023 12:34:02.693600,3712,True,True,True,True,Eyes,1.257601,-0.2568441,-3.572361,-0.5382743,0.2460246,0.80606,0.0,0.0,0.0,0.0,0.0,0.0,0.0,0.8843583,-0.2280351,3.694429,1.255134,-0.2596371,-3.583312,-0.06397517,-0.2814772,-0.003547652,0.9574264,352.8481,327.1285,1.687663,0.3310921,-0.06755567,-0.9411767,0,0,0,0.6478213,0.06256375,-2.622531,0.01663655,0.1777776,1.167844,0.8415159,0.02922188,0.5394414,0.04280835,0.9917892,-0.1205059,-0.5385335,0.1245002,0.8333555,moving,-33.73439,16.97317,0.8161531,8.655522,-35.379238655945116,27.929990375731524
05/11/2023 12:34:02.713497,3713,True,True,True,True,Eyes,1.257704,-0.2568679,-3.572241,-0.5383883,0.2458757,0.8060293,0.0,0.0,0.0,0.0,0.0,0.0,0.0,0.884376,-0.222401,3.694797,1.255232,-0.2596845,-3.583303,-0.0632527,-0.2814931,-0.003298414,0.9574706,352.9358,327.1293,1.691514,0.3311129,-0.06756636,-0.9411686,0,0,0,0.6522957,0.06251875,-2.622391,0.02044052,0.1797326,1.165323,0.8415015,0.02929413,0.53946,0.04192666,0.9919764,-0.1192682,-0.5386254,0.1229822,0.8335214,moving,-33.74099,16.9641,1.004902,8.767873,-35.386182992958865,27.920775182368875
05/11/2023 12:34:02.731370,3714,True,True,True,True,Eyes,1.257829,-0.2568922,-3.572111,-0.5385285,0.2458048,0.8059572,0.0,0.0,0.0,0.0,0.0,0.0,0.0,0.8845139,-0.2215334,3.694798,1.255244,-0.2593916,-3.583302,-0.06309202,-0.2815149,-0.003461371,0.9574742,352.9482,327.1286,1.668378,0.3311349,-0.06757674,-0.9411601,0,0,0,0.6571109,0.06247031,-2.622239,0.0245021,0.1798392,1.16278,0.8414748,0.02889434,0.5395232,0.04215103,0.9920148,-0.1188691,-0.5386497,0.1227668,0.8335376,moving,-33.75025,16.96092,1.207158,8.791885,-35.39561150884053,27.91749796403541
05/11/2023 12:34:02.744063,3715,True,True,True,True,Eyes,1.257951,-0.2569143,-3.571984,-0.5386461,0.2457278,0.8059021,0.0,0.0,0.0,0.0,0.0,0.0,0.0,0.8846121,-0.225398,3.694568,1.255298,-0.2594603,-3.583307,-0.06358515,-0.2815324,-0.003926264,0.9574346,352.8788,327.1266,1.633389,0.3311588,-0.06758686,-0.941151,0,0,0,0.6613914,0.06242725,-2.622105,0.0280242,0.1786381,1.160839,0.8414481,0.02828428,0.5395971,0.04332084,0.991883,-0.1195465,-0.5385985,0.123968,0.8333928,moving,-33.75784,16.957,1.382928,8.748449,-35.40338292382924,27.913483624801465
05/11/2023 12:34:02.763865,3716,True,True,True,True,Eyes,1.258082,-0.2569387,-3.571846,-0.538762,0.2456772,0.8058401,0.0,0.0,0.0,0.0,0.0,0.0,0.0,0.8832608,-0.2235449,3.694963,1.255337,-0.2594113,-3.583254,-0.06331096,-0.2813687,-0.004405013,0.9574989,352.8932,327.1508,1.570237,0.3311842,-0.0675967,-0.9411413,0,0,0,0.6659473,0.06238142,-2.621962,0.03120553,0.1790658,1.158436,0.8416245,0.02719185,0.5393782,0.04406304,0.9919447,-0.1187615,-0.5382626,0.1237192,0.8336468,moving,-33.76557,16.95494,1.54304,8.786977,-35.411234000288886,27.911349102844046
05/11/2023 12:34:02.773531,3717,True,True,True,True,Eyes,1.25821,-0.2569662,-3.571712,-0.5388578,0.2456171,0.8057944,0.0,0.0,0.0,0.0,0.0,0.0,0.0,0.8813566,-0.2238515,3.695234,1.255235,-0.2595113,-3.583112,-0.06336578,-0.2811201,-0.004425851,0.9575682,352.8861,327.1805,1.567883,0.3312112,-0.06760634,-0.9411311,0,0,0,0.6709271,0.06233133,-2.621806,0.0348978,0.1792095,1.155757,0.8419037,0.02715068,0.5389443,0.0441029,0.9919303,-0.1188657,-0.5378225,0.1238425,0.8339125,moving,-33.77179,16.95193,1.729507,8.813987,-35.41759599783521,27.908264050357843
05/11/2023 12:34:02.793552,3718,True,True,True,True,Eyes,1.258345,-0.2569997,-3.571585,-0.5389375,0.2455111,0.8057734,0.0,0.0,0.0,0.0,0.0,0.0,0.0,0.8792614,-0.2228226,3.695755,1.255269,-0.2596141,-3.58305,-0.06325176,-0.2808563,-0.004281697,0.9576538,352.9029,327.2119,1.5781,0.3312396,-0.06761589,-0.9411204,0,0,0,0.6749626,0.06229074,-2.621679,0.03772914,0.1797857,1.153632,0.8422028,0.02732855,0.5384679,0.04373008,0.9919618,-0.1187415,-0.5373846,0.1235517,0.8342378,moving,-33.77639,16.94545,1.873171,8.857903,-35.42244121363124,27.90168108687834
05/11/2023 12:34:02.813384,3719,True,True,True,True,Eyes,1.258479,-0.2570284,-3.571458,-0.5389929,0.2453745,0.8057779,0.0,0.0,0.0,0.0,0.0,0.0,0.0,0.8771145,-0.2168176,3.696825,1.255384,-0.2597863,-3.583208,-0.06249794,-0.2805819,-0.003957486,0.957785,352.9959,327.2471,1.587149,0.3312694,-0.06762549,-0.9411093,0,0,0,0.6793931,0.06224617,-2.62154,0.04091865,0.1819449,1.151302,0.8425162,0.02749074,0.5379689,0.04265243,0.9921567,-0.1174984,-0.5369796,0.12194,0.8347356,moving,-33.77896,16.93648,2.035503,8.980411,-35.42532452807069,27.89259387927099
05/11/2023 12:34:02.831537,3720,True,True,True,True,Eyes,1.258617,-0.2570537,-3.571335,-0.5390131,0.2452206,0.8058112,0.0,0.0,0.0,0.0,0.0,0.0,0.0,0.8742499,-0.2133984,3.697623,1.255466,-0.2596906,-3.583104,-0.0620394,-0.2802295,-0.003905069,0.9579183,353.0475,327.2917,1.575328,0.3313003,-0.06763503,-0.9410977,0,0,0,0.6840694,0.06219914,-2.621393,0.04393059,0.1830579,1.148718,0.8429124,0.02728906,0.5373583,0.042252,0.9922718,-0.1166687,-0.5363894,0.121046,0.8352451,moving,-33.77886,16.9258,2.190103,9.054428,-35.42557583071069,27.881795396670647
05/11/2023 12:34:02.843829,3721,True,True,True,True,Eyes,1.258757,-0.2570798,-3.571214,-0.5389892,0.2450588,0.8058764,0.0,0.0,0.0,0.0,0.0,0.0,0.0,0.8707799,-0.2123787,3.698543,1.255616,-0.2596287,-3.5831,-0.06188537,-0.2797987,-0.004108559,0.9580533,353.0572,327.3455,1.544659,0.3313324,-0.06764439,-0.9410857,0,0,0,0.6885411,0.06215416,-2.621253,0.04650292,0.1833613,1.14651,0.8433915,0.02675846,0.5366328,0.04250333,0.9923066,-0.1162798,-0.5356157,0.1208781,0.8357657,moving,-33.77554,16.91398,2.322668,9.086369,-35.42262255148134,27.86986566531058
05/11/2023 12:34:02.863643,3722,True,True,True,True,Eyes,1.258887,-0.2571017,-3.571102,-0.5384076,0.2450895,0.8062558,0.0,0.0,0.0,0.0,0.0,0.0,0.0,0.8660008,-0.2102767,3.699782,1.255786,-0.2596602,-3.583035,-0.06159694,-0.2792059,-0.00439878,0.9582434,353.0787,327.42,1.498849,0.3313656,-0.06765363,-0.9410734,0,0,0,0.6930674,0.06210863,-2.62111,0.04863501,0.1840231,1.144228,0.8440495,0.02596625,0.5356362,0.04282666,0.9923729,-0.1155934,-0.5345525,0.1205061,0.8364998,moving,-33.7345,16.90847,2.433873,9.136492,-35.38148179056648,27.864567829276915
05/11/2023 12:34:02.873524,3723,True,True,True,True,Eyes,1.25902,-0.257125,-3.570992,-0.5377765,0.245129,0.8066648,0.0,0.0,0.0,0.0,0.0,0.0,0.0,0.8597796,-0.2081481,3.701241,1.255926,-0.2596674,-3.58287,-0.06131066,-0.2784293,-0.004547221,0.9584871,353.1042,327.5157,1.467489,0.3313994,-0.06766262,-0.9410608,0,0,0,0.6977476,0.06206155,-2.620964,0.05051413,0.1847563,1.141775,0.8449129,0.02542447,0.5342994,0.04285828,0.9924406,-0.1149988,-0.5331842,0.1200631,0.8374363,moving,-33.69007,16.90295,2.533215,9.191645,-35.33692803570981,27.859282484589013
05/11/2023 12:34:02.893595,3724,True,True,True,True,Eyes,1.259165,-0.2571443,-3.570883,-0.5367225,0.2453385,0.807303,0.0,0.0,0.0,0.0,0.0,0.0,0.0,0.8507875,-0.2090772,3.703303,1.256063,-0.2596313,-3.582862,-0.06141589,-0.2772808,-0.004730565,0.9588124,353.0851,327.654,1.442318,0.3314338,-0.06767143,-0.9410481,0,0,0,0.7020164,0.06201861,-2.620829,0.05130196,0.1845355,1.139846,0.8461859,0.02498745,0.5323016,0.04313035,0.9924114,-0.1151492,-0.5311395,0.120396,0.8386869,moving,-33.61731,16.90397,2.577018,9.19612,-35.26363382293401,27.860798993120792
05/11/2023 12:34:02.913515,3725,True,True,True,True,Eyes,1.259315,-0.2571605,-3.570777,-0.5356182,0.2455434,0.8079737,0.0,0.0,0.0,0.0,0.0,0.0,0.0,0.8416411,-0.2089938,3.705461,1.256326,-0.2595673,-3.582841,-0.06138735,-0.2761278,-0.004844794,0.9591462,353.0828,327.7931,1.420405,0.3314691,-0.06767997,-0.9410351,0,0,0,0.7066314,0.06197219,-2.620685,0.05228856,0.1846286,1.13775,0.84746,0.02460777,0.5302887,0.04319524,0.9924162,-0.1150833,-0.529099,0.1204345,0.8399701,moving,-33.54101,16.90404,2.63134,9.217337,-35.186806564652606,27.861378506198985
05/11/2023 12:34:02.931492,3726,True,True,True,True,Eyes,1.259464,-0.257176,-3.570678,-0.5341664,0.2458569,0.8088391,0.0,0.0,0.0,0.0,0.0,0.0,0.0,0.831267,-0.2090213,3.70782,1.256587,-0.2595048,-3.582774,-0.06137177,-0.2748191,-0.004994981,0.9595223,353.0779,327.951,1.393799,0.3315052,-0.06768817,-0.9410218,0,0,0,0.7112494,0.06192574,-2.620539,0.05288792,0.1846848,1.13565,0.848899,0.02414668,0.5280033,0.04331786,0.9924171,-0.1150297,-0.5267771,0.1205206,0.8414159,moving,-33.44122,16.90731,2.666374,9.236852,-35.08622222758327,27.865350339613663
05/11/2023 12:34:02.943601,3727,True,True,True,True,Eyes,1.259621,-0.257195,-3.570582,-0.5326499,0.2461558,0.8097477,0.0,0.0,0.0,0.0,0.0,0.0,0.0,0.8190322,-0.2099334,3.710509,1.256782,-0.2595063,-3.582725,-0.06147098,-0.2732615,-0.005301454,0.959959,353.055,328.1389,1.351735,0.331542,-0.06769603,-0.9410083,0,0,0,0.715894,0.06187902,-2.620394,0.05295038,0.1844765,1.13362,0.8506001,0.02341694,0.5252914,0.04377365,0.9923864,-0.1151219,-0.5239879,0.1209166,0.8430989,moving,-33.33681,16.90878,2.674292,9.242848,-34.98104542874313,27.86753289564098
05/11/2023 12:34:02.963557,3728,True,True,True,True,Eyes,1.259775,-0.2572125,-3.5705,-0.530829,0.2465401,0.8108259,0.0,0.0,0.0,0.0,0.0,0.0,0.0,0.8050873,-0.2093074,3.713658,1.257116,-0.2596054,-3.582665,-0.06139312,-0.2714986,-0.005375073,0.9604638,353.0588,328.351,1.328296,0.3315796,-0.06770367,-0.9409945,0,0,0,0.7203618,0.06183408,-2.620253,0.05236435,0.1848724,1.1317,0.8525193,0.02301117,0.5221892,0.04366142,0.992404,-0.1150131,-0.5208692,0.1208504,0.8450388,moving,-33.21184,16.91244,2.649216,9.277781,-34.8550949972978,27.872066968287818
05/11/2023 12:34:02.974142,3729,True,True,True,True,Eyes,1.259939,-0.2572286,-3.570418,-0.5289299,0.246929,0.8119477,0.0,0.0,0.0,0.0,0.0,0.0,0.0,0.7903789,-0.2089612,3.716966,1.257487,-0.2595926,-3.582672,-0.06134798,-0.2696365,-0.005262638,0.9609916,353.0647,328.5734,1.325822,0.3316177,-0.06771106,-0.9409806,0,0,0,0.7249147,0.06178828,-2.620111,0.05173504,0.1851743,1.129813,0.854537,0.02296861,0.5188825,0.04319801,0.9924175,-0.1150718,-0.5175911,0.1207478,0.8470652,moving,-33.08157,16.91553,2.621789,9.307919,-34.72382688736829,27.87606001972104
05/11/2023 12:34:02.993564,3730,True,True,True,True,Eyes,1.260106,-0.2572357,-3.570343,-0.5267771,0.2473929,0.8132051,0.0,0.0,0.0,0.0,0.0,0.0,0.0,0.7735422,-0.2105731,3.720435,1.257833,-0.259571,-3.582572,-0.06154667,-0.2675036,-0.005374094,0.9615743,353.0364,328.8282,1.3042,0.3316565,-0.06771816,-0.9409664,0,0,0,0.7293506,0.06174366,-2.619971,0.0502885,0.184829,1.128028,0.8568259,0.02259273,0.5151107,0.04326309,0.9923663,-0.1154882,-0.5137877,0.1212386,0.8493077,moving,-32.93432,16.92079,2.552607,9.30531,-34.57539043473118,27.882360494909125
05/11/2023 12:34:03.013903,3731,True,True,True,True,Eyes,1.260284,-0.2572366,-3.570269,-0.5245319,0.2478936,0.814503,0.0,0.0,0.0,0.0,0.0,0.0,0.0,0.7555162,-0.211156,3.724147,1.258209,-0.259369,-3.582499,-0.06158043,-0.2652216,-0.005558225,0.962203,353.024,329.102,1.268201,0.331696,-0.06772477,-0.940952,0,0,0,0.734049,0.0616964,-2.619824,0.0486702,0.184638,1.126104,0.8592533,0.02196863,0.5110784,0.04336119,0.9923539,-0.1155574,-0.5097094,0.1214541,0.8517308,moving,-32.78114,16.9276,2.474782,9.311462,-34.42093209834716,27.890267800793836
05/11/2023 12:34:03.033660,3732,True,True,True,True,Eyes,1.260433,-0.257239,-3.570223,-0.5219975,0.2484956,0.8159465,0.0,0.0,0.0,0.0,0.0,0.0,0.0,0.7361486,-0.2161864,3.727772,1.258574,-0.2592258,-3.58242,-0.06220018,-0.2627622,-0.005835773,0.962836,352.9437,329.3945,1.238466,0.3317363,-0.06773077,-0.9409373,0,0,0,0.7385776,0.06165085,-2.619681,0.04656562,0.1831693,1.124502,0.861844,0.02144992,0.5067197,0.04392549,0.9921941,-0.1167103,-0.5052678,0.122844,0.8541744,moving,-32.60887,16.93806,2.371263,9.251614,-34.247132124525244,27.90199311024412
05/11/2023 12:34:03.047446,3733,True,True,True,True,Eyes,1.260595,-0.2572438,-3.570182,-0.5193968,0.2490836,0.8174254,0.0,0.0,0.0,0.0,0.0,0.0,0.0,0.7166692,-0.2211906,3.731446,1.258879,-0.2592671,-3.58249,-0.062843,-0.2602715,-0.006042884,0.9634692,352.8631,329.69,1.216638,0.3317764,-0.06773622,-0.9409228,0,0,0,0.7431002,0.06160536,-2.619539,0.04457575,0.1818573,1.123032,0.8644444,0.02106823,0.5022869,0.04435676,0.9920285,-0.117949,-0.5007678,0.1242402,0.856619,moving,-32.43211,16.94688,2.27301,9.198301,-34.068865310076674,27.912090060537867
05/11/2023 12:34:03.063638,3734,True,True,True,True,Eyes,1.260747,-0.2572431,-3.570153,-0.516647,0.2497501,0.8189632,0.0,0.0,0.0,0.0,0.0,0.0,0.0,0.697853,-0.221982,3.735169,1.259308,-0.2593307,-3.582548,-0.06295511,-0.257885,-0.005962795,0.9641039,352.8501,329.9738,1.211164,0.3318167,-0.06774122,-0.9409083,0,0,0,0.747853,0.06155755,-2.61939,0.04299864,0.1818781,1.121294,0.8669195,0.02097285,0.4980067,0.04396787,0.9920022,-0.1183151,-0.4965051,0.124466,0.8590639,moving,-32.24598,16.95955,2.196065,9.213351,-33.881037141125624,27.92614243731812
05/11/2023 12:34:03.073793,3735,True,True,True,True,Eyes,1.260909,-0.2572378,-3.570125,-0.5138401,0.2504431,0.820516,0.0,0.0,0.0,0.0,0.0,0.0,0.0,0.6791347,-0.2250647,3.738474,1.259654,-0.2592084,-3.582478,-0.06333928,-0.2555099,-0.00599405,0.9647109,352.8036,330.2554,1.201451,0.3318567,-0.06774566,-0.9408938,0,0,0,0.7522839,0.06151298,-2.619251,0.0411745,0.1810711,1.119648,0.8693576,0.02080257,0.4937456,0.04393267,0.9919044,-0.1191451,-0.4922269,0.1252713,0.8614057,moving,-32.05645,16.97357,2.106075,9.18642,-33.689741086652475,27.94158254469615
05/11/2023 12:34:03.093627,3736,True,True,True,True,Eyes,1.261067,-0.2572324,-3.57011,-0.510986,0.2511678,0.8220755,0.0,0.0,0.0,0.0,0.0,0.0,0.0,0.6613446,-0.2299767,3.741441,1.260027,-0.2590992,-3.582436,-0.06394649,-0.2532555,-0.00626504,0.9652633,352.7255,330.5229,1.172322,0.3318968,-0.06774946,-0.9408794,0,0,0,0.7568523,0.06146703,-2.619108,0.03967506,0.1796695,1.118076,0.8716448,0.02029478,0.4897178,0.04448443,0.9917432,-0.1202771,-0.4881152,0.1266237,0.863545,moving,-31.86427,16.98942,2.032295,9.129115,-33.4957164869238,27.958890737055498
05/11/2023 12:34:03.131718,3737,True,True,True,True,Eyes,1.261236,-0.2572247,-3.570096,-0.5080978,0.2518876,0.823644,0.0,0.0,0.0,0.0,0.0,0.0,0.0,0.6447564,-0.2321351,3.744407,1.26039,-0.2590991,-3.582522,-0.06420857,-0.2511495,-0.006464445,0.9657947,352.688,330.7738,1.141826,0.3319366,-0.06775268,-0.9408651,0,0,0,0.7613708,0.06142157,-2.618966,0.03854826,0.1791497,1.116518,0.8737643,0.01976525,0.4859479,0.04473856,0.991671,-0.1207775,-0.4842876,0.1272717,0.8656024,moving,-31.67002,17.00473,1.977375,9.115634,-33.299625442679094,27.975666706785553
05/11/2023 12:34:03.133324,3738,True,True,True,True,Eyes,1.261407,-0.2572197,-3.570086,-0.5052043,0.2526037,0.8252029,0.0,0.0,0.0,0.0,0.0,0.0,0.0,0.6290908,-0.2340927,3.747043,1.260764,-0.2590325,-3.582494,-0.06442357,-0.2491723,-0.006818339,0.96629,352.6516,331.0106,1.09355,0.3319766,-0.0677553,-0.9408508,0,0,0,0.7660545,0.06137446,-2.618819,0.03773114,0.1786094,1.114783,0.8757334,0.01892815,0.4824239,0.04528213,0.9916062,-0.1211058,-0.4806669,0.1279016,0.8675255,moving,-31.47573,17.01992,1.938502,9.102506,-33.103498078181715,27.99232160445983
05/11/2023 12:34:03.143756,3739,True,True,True,True,Eyes,1.261591,-0.2572163,-3.570076,-0.5022621,0.2533105,0.8267809,0.0,0.0,0.0,0.0,0.0,0.0,0.0,0.6117731,-0.237287,3.749781,1.261239,-0.2591018,-3.582397,-0.06480534,-0.2469966,-0.007319559,0.9668192,352.5925,331.2711,1.031972,0.3320166,-0.06775744,-0.9408365,0,0,0,0.7706537,0.0613282,-2.618674,0.03623965,0.1777759,1.113191,0.8778782,0.01786002,0.4785509,0.04616679,0.9914934,-0.1216943,-0.4766535,0.1289259,0.8695859,moving,-31.27831,17.03411,1.864591,9.073481,-32.90425213691387,28.007986215180054
05/11/2023 12:34:03.163613,3740,True,True,True,True,Eyes,1.261769,-0.2572068,-3.57007,-0.4993375,0.254014,0.828335,0.0,0.0,0.0,0.0,0.0,0.0,0.0,0.5939611,-0.2388191,3.752673,1.26169,-0.2591338,-3.582369,-0.06498773,-0.2447518,-0.007517863,0.9673762,352.5642,331.5387,0.9977396,0.3320571,-0.06775918,-0.9408221,0,0,0,0.7772992,0.06126136,-2.618466,0.03661263,0.1775483,1.110646,0.88008,0.01726653,0.4745113,0.04635694,0.9914402,-0.1220551,-0.472557,0.1294152,0.8717462,moving,-31.08245,17.04848,1.888082,9.082482,-32.706570996167095,28.023822432696868
05/11/2023 12:34:03.173382,3741,True,True,True,True,Eyes,1.261957,-0.2571944,-3.570064,-0.4963711,0.2547152,0.8299011,0.0,0.0,0.0,0.0,0.0,0.0,0.0,0.5756058,-0.2386231,3.755537,1.261875,-0.2589867,-3.582306,-0.06492515,-0.2424117,-0.007664596,0.9679683,352.5647,331.8183,0.9614771,0.3320978,-0.0677604,-0.9408076,0,0,0,0.7796688,0.06123752,-2.618391,0.03316948,0.1775799,1.109758,0.8823556,0.01663906,0.4702889,0.04631541,0.991452,-0.121975,-0.4682984,0.1294069,0.8740426,moving,-30.88402,17.06242,1.712,9.091216,-32.50631634548508,28.03924098854046
05/11/2023 12:34:03.193585,3742,True,True,True,True,Eyes,1.262157,-0.2571886,-3.570059,-0.4934551,0.2554062,0.8314263,0.0,0.0,0.0,0.0,0.0,0.0,0.0,0.5587071,-0.2409135,3.758046,1.262241,-0.258904,-3.582292,-0.06518687,-0.2402746,-0.007917534,0.9684814,352.5264,332.0728,0.9240217,0.3321388,-0.06776107,-0.9407931,0,0,0,0.7840692,0.06119326,-2.618253,0.0318796,0.1769685,1.108218,0.8844109,0.01598953,0.4664352,0.04666146,0.991376,-0.1224598,-0.4643707,0.1300693,0.8760376,moving,-30.68931,17.07646,1.647747,9.072815,-32.3098039929628,28.054735856822706
05/11/2023 12:34:03.213735,3743,True,True,True,True,Eyes,1.262367,-0.2571813,-3.570052,-0.4905007,0.2560741,0.8329676,0.0,0.0,0.0,0.0,0.0,0.0,0.0,0.5421911,-0.2417387,3.760582,1.262615,-0.2590574,-3.582329,-0.06530198,-0.2381855,-0.007994172,0.968989,352.5095,332.321,0.9024369,0.3321805,-0.06776141,-0.9407784,0,0,0,0.7886059,0.06114762,-2.618111,0.0309234,0.1769906,1.106639,0.8864075,0.01561545,0.4626423,0.0466005,0.9913435,-0.1227456,-0.4605542,0.130362,0.8780066,moving,-30.4921,17.08868,1.60063,9.086661,-32.11083442362903,28.06840708943905
05/11/2023 12:34:03.232247,3744,True,True,True,True,Eyes,1.262577,-0.2571712,-3.57005,-0.4875725,0.2567073,0.8344905,0.0,0.0,0.0,0.0,0.0,0.0,0.0,0.5256178,-0.2418272,3.762998,1.263031,-0.2590078,-3.582258,-0.06527161,-0.2361026,-0.008301849,0.969498,352.5026,332.5705,0.8509483,0.332223,-0.06776142,-0.9407634,0,0,0,0.7932777,0.06110063,-2.617964,0.02989805,0.1770343,1.104882,0.8883733,0.01472434,0.4588857,0.04691884,0.9913414,-0.1226412,-0.4567182,0.1304816,0.8799904,moving,-30.29671,17.09903,1.550042,9.103075,-31.91375900738921,28.080175324867334
05/11/2023 12:34:03.244027,3745,True,True,True,True,Eyes,1.262799,-0.2571635,-3.570049,-0.4845987,0.2573291,0.8360298,0.0,0.0,0.0,0.0,0.0,0.0,0.0,0.5081475,-0.2430845,3.7654,1.263439,-0.2589218,-3.582208,-0.06539158,-0.2339009,-0.008586051,0.970021,352.4796,332.8333,0.8052546,0.3322662,-0.06776104,-0.9407482,0,0,0,0.7978131,0.06105501,-2.617821,0.02854943,0.1767225,1.103263,0.8904333,0.013933,0.4549004,0.04724759,0.9913005,-0.1228458,-0.4526546,0.130879,0.8820286,moving,-30.09842,17.10831,1.482327,9.100422,-31.713798903855526,28.090880958869437
05/11/2023 12:34:03.263416,3746,True,True,True,True,Eyes,1.263018,-0.2571519,-3.570052,-0.4815286,0.2579626,0.8376071,0.0,0.0,0.0,0.0,0.0,0.0,0.0,0.4905678,-0.2441621,3.767837,1.263903,-0.2589668,-3.582227,-0.06551582,-0.2316874,-0.008744402,0.9705422,352.4597,333.0963,0.7736031,0.3323102,-0.06776036,-0.9407326,0,0,0,0.8022105,0.06101077,-2.617683,0.02711213,0.1765744,1.101807,0.892489,0.01338476,0.4508705,0.047332,0.9912624,-0.1231198,-0.448579,0.1312237,0.8840573,moving,-29.89399,17.11756,1.409592,9.104746,-31.507657545278086,28.10159719678418
05/11/2023 12:34:03.273564,3747,True,True,True,True,Eyes,1.263247,-0.257141,-3.570048,-0.4783989,0.258605,0.8392008,0.0,0.0,0.0,0.0,0.0,0.0,0.0,0.4729577,-0.2455143,3.770078,1.264186,-0.2588591,-3.582217,-0.06564154,-0.2294515,-0.009051587,0.9710621,352.4358,333.363,0.7250351,0.332355,-0.06775932,-0.9407169,0,0,0,0.8068349,0.06096426,-2.617538,0.02592224,0.1762241,1.100152,0.8945402,0.0125438,0.4468116,0.0477024,0.9912184,-0.1233302,-0.444435,0.1316378,0.8860864,moving,-29.68595,17.12701,1.349777,9.100422,-31.29787475797354,28.112539735724475
05/11/2023 12:34:03.293626,3748,True,True,True,True,Eyes,1.263472,-0.257131,-3.570052,-0.4749529,0.2593525,0.8409257,0.0,0.0,0.0,0.0,0.0,0.0,0.0,0.4535534,-0.2485636,3.772214,1.26461,-0.2588641,-3.582017,-0.06601162,-0.2270091,-0.009316695,0.9716082,352.3857,333.6527,0.6859436,0.3324007,-0.06775796,-0.9407008,0,0,0,0.8113618,0.06091873,-2.617396,0.02404746,0.1754943,1.09855,0.89676,0.01186613,0.4423579,0.04807483,0.9911113,-0.1240449,-0.4398979,0.1325048,0.8882186,moving,-29.45766,17.14045,1.254015,9.076359,-31.0675711466264,28.127651805703223
05/11/2023 12:34:03.313671,3749,True,True,True,True,Eyes,1.263705,-0.2571189,-3.570058,-0.4714649,0.2600896,0.8426591,0.0,0.0,0.0,0.0,0.0,0.0,0.0,0.4334588,-0.2507274,3.774587,1.264968,-0.2588809,-3.582052,-0.06629888,-0.2244578,-0.009254051,0.9721819,352.3533,333.9532,0.6804006,0.3324471,-0.06775634,-0.9406846,0,0,0,0.815851,0.06087357,-2.617255,0.02222568,0.1750775,1.097104,0.8990662,0.01176936,0.4376546,0.04775584,0.9910377,-0.1247549,-0.4352005,0.1330634,0.8904463,moving,-29.22686,17.15302,1.160568,9.066899,-30.834768939637122,28.141900905182435
05/11/2023 12:34:03.332496,3750,True,True,True,True,Eyes,1.263937,-0.2571026,-3.570068,-0.4677846,0.26082,0.8444823,0.0,0.0,0.0,0.0,0.0,0.0,0.0,0.4141254,-0.252609,3.776779,1.265358,-0.2588224,-3.582073,-0.06653178,-0.2220098,-0.009264114,0.9727279,352.3253,334.242,0.665941,0.3324942,-0.06775441,-0.940668,0,0,0,0.8204356,0.06082745,-2.617111,0.02066144,0.1746725,1.095603,0.9012516,0.0115185,0.433143,0.04756434,0.9909754,-0.1253212,-0.4306776,0.1335481,0.8925703,moving,-28.98341,17.16341,1.080385,9.058457,-30.589301547728375,28.154030028101403
05/11/2023 12:34:03.343479,3751,True,True,True,True,Eyes,1.264181,-0.2570859,-3.570075,-0.4640594,0.2615516,0.8463094,0.0,0.0,0.0,0.0,0.0,0.0,0.0,0.3956653,-0.2563177,3.778609,1.265806,-0.2587082,-3.582031,-0.0669836,-0.2196827,-0.009416101,0.9732236,352.2693,334.5166,0.6419648,0.332542,-0.06775209,-0.9406514,0,0,0,0.8251511,0.06078002,-2.616963,0.01938415,0.1736868,1.094103,0.9033017,0.01110233,0.4288622,0.04775821,0.990849,-0.1262429,-0.4263393,0.1345171,0.8945054,moving,-28.73742,17.17375,1.014999,9.020329,-30.341278328275358,28.16612552871786
05/11/2023 12:34:03.363685,3752,True,True,True,True,Eyes,1.264439,-0.2570662,-3.570079,-0.460214,0.2623025,0.8481748,0.0,0.0,0.0,0.0,0.0,0.0,0.0,0.3754829,-0.2591113,3.780549,1.266303,-0.2586822,-3.581932,-0.06731249,-0.2171434,-0.009680789,0.9737681,352.2242,334.8174,0.6002166,0.3325907,-0.06774941,-0.9406344,0,0,0,0.8295384,0.06073589,-2.616825,0.01721659,0.1729995,1.092702,0.90551,0.01037924,0.4241979,0.04808661,0.9907506,-0.1268893,-0.4215914,0.1352977,0.8966355,moving,-28.48397,17.1845,0.9026769,8.996552,-30.08573027056613,28.17868534315443
05/11/2023 12:34:03.373721,3753,True,True,True,True,Eyes,1.264705,-0.2570457,-3.570082,-0.4563236,0.2630655,0.8500384,0.0,0.0,0.0,0.0,0.0,0.0,0.0,0.3542516,-0.2612261,3.782529,1.266648,-0.2585938,-3.581898,-0.067545,-0.2144487,-0.009923821,0.9743465,352.1905,335.1368,0.5570127,0.3326406,-0.06774632,-0.940617,0,0,0,0.8342223,0.06068878,-2.616678,0.01516148,0.1724783,1.091148,0.9078266,0.009631386,0.4192353,0.04830835,0.9906784,-0.1273682,-0.416554,0.1358808,0.8988989,moving,-28.22811,17.19598,0.7960725,8.98245,-29.82773157254268,28.191999370429297
05/11/2023 12:34:03.393284,3754,True,True,True,True,Eyes,1.264968,-0.2570268,-3.57009,-0.452372,0.2638482,0.8519059,0.0,0.0,0.0,0.0,0.0,0.0,0.0,0.3337692,-0.2652193,3.784218,1.267056,-0.2585593,-3.581866,-0.06802057,-0.2118548,-0.01025895,0.9748771,352.1274,335.4438,0.5100795,0.3326916,-0.06774284,-0.9405991,0,0,0,0.838513,0.06064562,-2.616544,0.01291758,0.1714327,1.089877,0.9100246,0.00881854,0.4144605,0.0488234,0.9905359,-0.1282766,-0.4116692,0.1369702,0.9009815,moving,-27.96883,17.20854,0.6790563,8.93912,-29.56625375003525,28.206428249449694
05/11/2023 12:34:03.413633,3755,True,True,True,True,Eyes,1.265243,-0.2570004,-3.570094,-0.4483722,0.2646365,0.853774,0.0,0.0,0.0,0.0,0.0,0.0,0.0,0.3141563,-0.2676009,3.785875,1.267457,-0.2585717,-3.581877,-0.06828549,-0.2093714,-0.01060902,0.9753913,352.088,335.7386,0.4568854,0.3327437,-0.06773905,-0.940581,0,0,0,0.8430726,0.06059975,-2.6164,0.01117516,0.1708829,1.088482,0.9121022,0.007898158,0.4098869,0.04928994,0.9904491,-0.1287677,-0.4069891,0.1376526,0.9030014,moving,-27.70688,17.22139,0.5882199,8.922154,-29.30207799987641,28.221168166089985
05/11/2023 12:34:03.432209,3756,True,True,True,True,Eyes,1.265515,-0.2569795,-3.570104,-0.4443721,0.2654232,0.8556191,0.0,0.0,0.0,0.0,0.0,0.0,0.0,0.2930623,-0.2712302,3.787344,1.267939,-0.2583676,-3.581759,-0.06867001,-0.2067116,-0.01109058,0.975926,352.0321,336.0546,0.390092,0.332797,-0.06773476,-0.9405624,0,0,0,0.8476344,0.06055386,-2.616257,0.008890599,0.1698216,1.087034,0.9142947,0.006742605,0.4049937,0.05003694,0.9903228,-0.1294486,-0.4019473,0.1386188,0.9051095,moving,-27.44544,17.23451,0.4685986,8.879251,-29.03840685992585,28.236177694495403
05/11/2023 12:34:03.443686,3757,True,True,True,True,Eyes,1.265796,-0.2569571,-3.570111,-0.4402972,0.2662035,0.8574812,0.0,0.0,0.0,0.0,0.0,0.0,0.0,0.2702574,-0.2747998,3.788938,1.268391,-0.2584778,-3.581756,-0.0691224,-0.2038214,-0.01128633,0.9764996,351.9755,336.3953,0.354991,0.3328513,-0.06773018,-0.9405435,0,0,0,0.8523009,0.06050692,-2.616111,0.006438971,0.1690439,1.085696,0.9166589,0.006135057,0.3996233,0.05021944,0.9901894,-0.1303952,-0.3965028,0.1395968,0.9073579,moving,-27.17947,17.24686,0.3398017,8.849945,-28.77019993074925,28.25043883643188
05/11/2023 12:34:03.463882,3758,True,True,True,True,Eyes,1.266079,-0.2569347,-3.570119,-0.4362781,0.2669497,0.8593016,0.0,0.0,0.0,0.0,0.0,0.0,0.0,0.2457961,-0.2771112,3.790464,1.268804,-0.2584198,-3.581645,-0.06937193,-0.20072,-0.01159413,0.9771205,351.9392,336.7624,0.3003886,0.3329066,-0.06772529,-0.9405242,0,0,0,0.8566572,0.06046311,-2.615974,0.003172427,0.1684909,1.084285,0.9191542,0.005190945,0.3938639,0.05050639,0.9901062,-0.1309151,-0.3906466,0.1402238,0.909798,moving,-26.91747,17.25787,0.167637,8.832755,-28.50603447916948,28.263318558844546
05/11/2023 12:34:03.483833,3759,True,True,True,True,Eyes,1.266371,-0.2569155,-3.570127,-0.4321942,0.2676709,0.8611391,0.0,0.0,0.0,0.0,0.0,0.0,0.0,0.2221704,-0.2789587,3.791924,1.269147,-0.258397,-3.581671,-0.06957449,-0.1977113,-0.01181264,0.9777168,351.9105,337.1179,0.2553594,0.332963,-0.06772013,-0.9405046,0,0,0,0.8614557,0.06041484,-2.615823,0.000697583,0.1681125,1.082799,0.9215414,0.004412503,0.3882551,0.05061015,0.9900397,-0.1313773,-0.3849676,0.1407193,0.9121392,moving,-26.65146,17.26699,0.03691226,8.825134,-28.23789372889,28.2743139326122
05/11/2023 12:34:03.493664,3760,True,True,True,True,Eyes,1.266667,-0.2568965,-3.570138,-0.4281809,0.2683384,0.8629343,0.0,0.0,0.0,0.0,0.0,0.0,0.0,0.1983284,-0.2792513,3.793325,1.269568,-0.2584475,-3.581625,-0.069598,-0.1946895,-0.01191124,0.9783201,351.9049,337.4744,0.2195673,0.3330206,-0.06771479,-0.9404846,0,0,0,0.8657751,0.06037139,-2.615688,-0.002295375,0.1682266,1.081399,0.9239083,0.003793976,0.3825952,0.050406,0.9900285,-0.1315402,-0.3792792,0.1408162,0.9145043,moving,-26.39023,17.27362,-0.1216157,8.842278,-27.97464793069895,28.282759656408604
05/11/2023 12:34:03.513714,3761,True,True,True,True,Eyes,1.266971,-0.2568801,-3.570148,-0.4240974,0.2689723,0.8647516,0.0,0.0,0.0,0.0,0.0,0.0,0.0,0.1739064,-0.2785542,3.794751,1.270018,-0.258431,-3.581653,-0.06948699,-0.1915937,-0.0119616,0.9789384,351.9157,337.8394,0.1856034,0.3330792,-0.06770929,-0.9404643,0,0,0,0.8704908,0.06032396,-2.615539,-0.005047351,0.1685822,1.079887,0.9262975,0.003207196,0.3767792,0.05004589,0.9900569,-0.1314634,-0.3734545,0.1406305,0.9169268,moving,-26.12457,17.27778,-0.2677963,8.872882,-27.70702305976549,28.28873736126264
05/11/2023 12:34:03.532713,3762,True,True,True,True,Eyes,1.267283,-0.2568581,-3.570159,-0.4202558,0.2696339,0.8664194,0.0,0.0,0.0,0.0,0.0,0.0,0.0,0.1492494,-0.2776974,3.795969,1.270445,-0.2584695,-3.58161,-0.06937671,-0.1884679,-0.01192645,0.9795532,351.9283,338.2072,0.1611872,0.333139,-0.06770372,-0.9404435,0,0,0,0.8748206,0.0602804,-2.615403,-0.008168459,0.1690215,1.078444,0.9286752,0.00278537,0.3708835,0.04951576,0.9900892,-0.1314208,-0.3675739,0.1404119,0.9193335,moving,-25.87565,17.2864,-0.4339672,8.907348,-27.45610636926765,28.29911320887947
05/11/2023 12:34:03.544216,3763,True,True,True,True,Eyes,1.2676,-0.256833,-3.57017,-0.4163404,0.2702837,0.8681056,0.0,0.0,0.0,0.0,0.0,0.0,0.0,0.1247501,-0.2769738,3.797062,1.270756,-0.2583109,-3.581677,-0.06924647,-0.1853424,-0.01196499,0.9801582,351.9417,338.5752,0.1280857,0.3332001,-0.06769792,-0.9404222,0,0,0,0.8795952,0.06023238,-2.615253,-0.01073724,0.169281,1.076885,0.9310101,0.00221344,0.3649867,0.04912377,0.9901235,-0.1313097,-0.3616726,0.1401802,0.9217063,moving,-25.62221,17.29392,-0.5712572,8.933511,-27.200674834460287,28.308406921770978
05/11/2023 12:34:03.563916,3764,True,True,True,True,Eyes,1.26793,-0.2568066,-3.570176,-0.4126638,0.2710301,0.8696271,0.0,0.0,0.0,0.0,0.0,0.0,0.0,0.1010408,-0.2783742,3.797762,1.271121,-0.2582057,-3.58166,-0.06938133,-0.1823246,-0.0121668,0.9807121,351.9219,338.9308,0.08307724,0.3332624,-0.06769183,-0.9404006,0,0,0,0.8840335,0.06018773,-2.615114,-0.01349646,0.1689577,1.075496,0.9332195,0.001435584,0.359304,0.04916409,0.9900764,-0.1316496,-0.3559274,0.1405228,0.923888,moving,-25.38572,17.3103,-0.7189701,8.928053,-26.962017910034113,28.32654646499344
05/11/2023 12:34:03.573318,3765,True,True,True,True,Eyes,1.268264,-0.2567957,-3.570184,-0.4089119,0.271779,0.8711643,0.0,0.0,0.0,0.0,0.0,0.0,0.0,0.07758009,-0.2804896,3.79837,1.271764,-0.2578621,-3.58168,-0.06961212,-0.1793696,-0.01215183,0.9812407,351.8959,339.2769,0.06509925,0.3333261,-0.06768546,-0.9403784,0,0,0,0.8885219,0.06014258,-2.614973,-0.01618582,0.1682688,1.074219,0.9353578,0.001124847,0.3537013,0.04882034,0.990013,-0.1322531,-0.3503176,0.1409718,0.9259614,moving,-25.14468,17.32647,-0.8632403,8.902635,-26.71878660234146,28.344504002629062
05/11/2023 12:34:03.593677,3766,True,True,True,True,Eyes,1.26863,-0.2567784,-3.570195,-0.4053407,0.2725502,0.8725911,0.0,0.0,0.0,0.0,0.0,0.0,0.0,0.05394256,-0.2831632,3.798741,1.272105,-0.2582307,-3.581702,-0.07003653,-0.1763525,-0.0119999,0.981759,351.8509,339.6285,0.06599535,0.3333912,-0.06767922,-0.9403558,0,0,0,0.8932391,0.06009514,-2.614825,-0.01840106,0.167955,1.072928,0.9375116,0.001140205,0.3479521,0.04826425,0.9899018,-0.1332855,-0.3445903,0.1417504,0.9279894,moving,-24.91606,17.34597,-0.9825448,8.896821,-26.48795099553162,28.365745880108015
05/11/2023 12:34:03.613558,3767,True,True,True,True,Eyes,1.269002,-0.2567512,-3.570204,-0.4016864,0.2732821,0.8740509,0.0,0.0,0.0,0.0,0.0,0.0,0.0,0.0300312,-0.2814893,3.79937,1.272572,-0.258357,-3.581782,-0.06986745,-0.1733189,-0.01174734,0.9823142,351.8748,339.9828,0.06595344,0.3334583,-0.06767292,-0.9403324,0,0,0,0.897669,0.06005058,-2.614686,-0.02102178,0.1686701,1.071596,0.9396452,0.00113955,0.3421488,0.04729785,0.9899611,-0.1331915,-0.3388658,0.1413357,0.9301581,moving,-24.68203,17.36245,-1.123842,8.945015,-26.251767700345845,28.383970136850287
05/11/2023 12:34:03.632119,3768,True,True,True,True,Eyes,1.269402,-0.2567191,-3.570202,-0.3982002,0.274134,0.8753783,0.0,0.0,0.0,0.0,0.0,0.0,0.0,0.005667329,-0.2807007,3.799581,1.272998,-0.2580865,-3.581691,-0.06974886,-0.1702271,-0.01161467,0.9828647,351.8907,340.3445,0.05295538,0.3335273,-0.0676663,-0.9403084,0,0,0,0.9022387,0.06000461,-2.614542,-0.0236868,0.1688625,1.070021,0.9417757,0.000915003,0.3362407,0.04657759,0.9900004,-0.1331531,-0.3330002,0.1410616,0.9323156,moving,-24.46028,17.3885,-1.268136,8.968018,-26.02763348537151,28.411789282241564
05/11/2023 12:34:03.643914,3769,True,True,True,True,Eyes,1.269801,-0.2566841,-3.570205,-0.3946329,0.274986,0.8767255,0.0,0.0,0.0,0.0,0.0,0.0,0.0,-0.01790798,-0.2864335,3.799175,1.273335,-0.2579485,-3.581644,-0.07046998,-0.1672121,-0.01175647,0.9833291,351.8062,340.6968,0.02581268,0.3335989,-0.06765927,-0.9402835,0,0,0,0.9067307,0.05995943,-2.614402,-0.02618092,0.1672991,1.068807,0.9438038,0.0004459156,0.330506,0.04668782,0.9897915,-0.1346587,-0.3271921,0.142522,0.9341482,moving,-24.23353,17.41409,-1.403206,8.896254,-25.79848003056955,28.43917663335552
05/11/2023 12:34:03.663908,3770,True,True,True,True,Eyes,1.270208,-0.2566517,-3.570203,-0.3912044,0.2758043,0.878004,0.0,0.0,0.0,0.0,0.0,0.0,0.0,-0.04011881,-0.2897661,3.798913,1.273666,-0.2578368,-3.581705,-0.07080935,-0.1643689,-0.01225681,0.9837779,351.7582,341.0328,359.9515,0.3336726,-0.06765178,-0.9402579,0,0,0,0.9111995,0.05991448,-2.614261,-0.02848229,0.1664034,1.067611,0.9456652,-0.0008382446,0.3251408,0.04739366,0.9896716,-0.135292,-0.3216692,0.1433506,0.9359378,moving,-24.01589,17.43888,-1.528204,8.859132,-25.57852561977122,28.465694318274046
05/11/2023 12:34:03.684080,3771,True,True,True,True,Eyes,1.270614,-0.2566264,-3.5702,-0.3877017,0.2766103,0.8793033,0.0,0.0,0.0,0.0,0.0,0.0,0.0,-0.06195593,-0.2911378,3.798555,1.273922,-0.2578593,-3.581654,-0.07090569,-0.1615708,-0.01275523,0.9842279,351.7382,341.3641,359.8729,0.3337485,-0.06764395,-0.9402316,0,0,0,0.9158434,0.05986776,-2.614115,-0.03049305,0.1661777,1.066188,0.9474644,-0.002195531,0.3198538,0.04802069,0.9896194,-0.135453,-0.3162361,0.1436965,0.9377345,moving,-23.7936,17.46248,-1.638216,8.858928,-25.353928436464393,28.49103973117789
05/11/2023 12:34:03.693613,3772,True,True,True,True,Eyes,1.271025,-0.256609,-3.570203,-0.3843436,0.2773671,0.8805382,0.0,0.0,0.0,0.0,0.0,0.0,0.0,-0.08390164,-0.2928765,3.798074,1.274248,-0.2580031,-3.581606,-0.07112756,-0.1587662,-0.0129101,0.9846663,351.7106,341.693,359.8356,0.3338263,-0.067636,-0.9402045,0,0,0,0.9204095,0.05982183,-2.613972,-0.0324634,0.165942,1.064866,0.9492533,-0.002838989,0.3144999,0.04800958,0.9895484,-0.1359745,-0.3108268,0.1441732,0.9394684,moving,-23.58065,17.48428,-1.746172,8.857368,-25.13879483750894,28.514502788049175
05/11/2023 12:34:03.713323,3773,True,True,True,True,Eyes,1.271436,-0.2565949,-3.570211,-0.3809153,0.2780393,0.881815,0.0,0.0,0.0,0.0,0.0,0.0,0.0,-0.10627,-0.2894631,3.798037,1.274536,-0.2581597,-3.581771,-0.07068744,-0.155901,-0.01291563,0.9851556,351.761,342.0292,359.8027,0.333906,-0.06762815,-0.9401768,0,0,0,0.9250312,0.05977535,-2.613827,-0.03438774,0.1671408,1.063501,0.9510561,-0.003407326,0.3089993,0.04748828,0.9896729,-0.1352491,-0.3053474,0.1433033,0.9413964,moving,-23.36277,17.50025,-1.851984,8.931604,-24.91888946439503,28.532103674550807
05/11/2023 12:34:03.723525,3774,True,True,True,True,Eyes,1.271839,-0.2565788,-3.570219,-0.3775628,0.2786677,0.8830576,0.0,0.0,0.0,0.0,0.0,0.0,0.0,-0.1282263,-0.2839106,3.797981,1.27488,-0.2582077,-3.581859,-0.06995937,-0.1531016,-0.0128631,0.9856472,351.8451,342.3577,359.7722,0.3339872,-0.06762045,-0.9401485,0,0,0,0.9293079,0.05973233,-2.613693,-0.03656548,0.1688502,1.062076,0.9527889,-0.003935174,0.3036081,0.04677875,0.9898804,-0.1339718,-0.3000086,0.1418492,0.9433311,moving,-23.14976,17.5142,-1.971818,9.033359,-24.703954172352844,28.547629554467996
05/11/2023 12:34:03.743702,3775,True,True,True,True,Eyes,1.27224,-0.2565638,-3.57023,-0.374143,0.2792553,0.8843266,0.0,0.0,0.0,0.0,0.0,0.0,0.0,-0.1509714,-0.282948,3.797235,1.275101,-0.2581365,-3.581805,-0.06985453,-0.1501816,-0.01269721,0.9861059,351.8606,342.6978,359.765,0.3340697,-0.06761284,-0.9401197,0,0,0,0.9337208,0.05968794,-2.613554,-0.03865758,0.1692075,1.060631,0.9545686,-0.00405987,0.2979637,0.04602331,0.9899183,-0.1339541,-0.2944159,0.1415817,0.9451317,moving,-22.93236,17.52523,-2.087376,9.064281,-24.484694913838737,28.56023212840393
05/11/2023 12:34:03.763876,3776,True,True,True,True,Eyes,1.272647,-0.2565468,-3.570244,-0.3708535,0.2798021,0.8855386,0.0,0.0,0.0,0.0,0.0,0.0,0.0,-0.1724893,-0.281223,3.79662,1.275399,-0.258143,-3.581883,-0.06966101,-0.1474247,-0.01250856,0.9865379,351.8865,343.0186,359.7603,0.3341532,-0.06760535,-0.9400905,0,0,0,0.938255,0.05964233,-2.613412,-0.04030257,0.169815,1.059305,0.9562191,-0.004140832,0.2926227,0.04521983,0.9899818,-0.1337583,-0.2891373,0.1411346,0.9468266,moving,-22.72338,17.53488,-2.178837,9.107476,-24.27395906765996,28.571383166078757
05/11/2023 12:34:03.773555,3777,True,True,True,True,Eyes,1.273053,-0.2565264,-3.57026,-0.3674922,0.2803347,0.8867705,0.0,0.0,0.0,0.0,0.0,0.0,0.0,-0.1940669,-0.2797227,3.795895,1.275789,-0.2580712,-3.581967,-0.06947187,-0.1446691,-0.01240077,0.9869605,351.9105,343.3398,359.7467,0.3342377,-0.06759789,-0.940061,0,0,0,0.942921,0.05959539,-2.613265,-0.04192621,0.1702994,1.057987,0.9578341,-0.004377271,0.2872883,0.044579,0.9900398,-0.133544,-0.2838423,0.14072,0.9484891,moving,-22.50992,17.5433,-2.269345,9.144206,-24.058752936905833,28.58132035200744
05/11/2023 12:34:03.793604,3778,True,True,True,True,Eyes,1.273456,-0.2565044,-3.57028,-0.3642463,0.2808262,0.8879534,0.0,0.0,0.0,0.0,0.0,0.0,0.0,-0.2156048,-0.2803703,3.794801,1.276121,-0.2579712,-3.581979,-0.06957679,-0.141909,-0.01225536,0.9873555,351.9017,343.6604,359.7422,0.3343232,-0.06759038,-0.9400311,0,0,0,0.9474155,0.05955018,-2.613124,-0.04362792,0.1701609,1.056735,0.9594232,-0.004453635,0.2819347,0.04394794,0.9900177,-0.1339158,-0.2785239,0.1408723,0.9500418,moving,-22.30387,17.5502,-2.364147,9.147539,-23.85105788370101,28.5896711739921
05/11/2023 12:34:03.813467,3779,True,True,True,True,Eyes,1.273857,-0.2564813,-3.570302,-0.3609199,0.2813208,0.8891543,0.0,0.0,0.0,0.0,0.0,0.0,0.0,-0.23819,-0.2814877,3.793528,1.276392,-0.2579103,-3.582057,-0.06974372,-0.1390001,-0.01214479,0.9877588,351.8853,343.9985,359.7336,0.3344094,-0.06758276,-0.940001,0,0,0,0.9519696,0.05950437,-2.612981,-0.04550445,0.169912,1.055542,0.961063,-0.004603472,0.2762911,0.04338099,0.9899766,-0.1344037,-0.272903,0.1411562,0.9516296,moving,-22.09291,17.55693,-2.468494,9.144529,-23.63842465207857,28.597882836951076
05/11/2023 12:34:03.832343,3780,True,True,True,True,Eyes,1.274243,-0.2564525,-3.570325,-0.3576861,0.2818534,0.8902917,0.0,0.0,0.0,0.0,0.0,0.0,0.0,-0.2604862,-0.2834643,3.792055,1.276696,-0.2578685,-3.582099,-0.07005905,-0.1361312,-0.01189566,0.988139,351.8541,344.3303,359.7433,0.3344961,-0.06757503,-0.9399707,0,0,0,0.9565009,0.0594588,-2.612839,-0.04726571,0.1694264,1.054395,0.9626536,-0.004434686,0.2706998,0.04258357,0.9899004,-0.1352174,-0.2673662,0.1416949,0.9531201,moving,-21.88843,17.56703,-2.566699,9.128594,-23.432204935259307,28.609458891102527
05/11/2023 12:34:03.843781,3781,True,True,True,True,Eyes,1.274629,-0.256424,-3.570351,-0.3543873,0.2823816,0.8914428,0.0,0.0,0.0,0.0,0.0,0.0,0.0,-0.2818903,-0.2868227,3.790279,1.276896,-0.2577138,-3.582047,-0.07051602,-0.1333643,-0.01180342,0.9884847,351.8042,344.6511,359.738,0.3345831,-0.06756705,-0.9399403,0,0,0,0.9611297,0.05941224,-2.612693,-0.04869109,0.1684925,1.053168,0.9641493,-0.004526367,0.2653218,0.04214365,0.9897764,-0.1362597,-0.2619925,0.1425563,0.9544829,moving,-21.67997,17.5766,-2.647069,9.08951,-23.22199530336386,28.620525569159984
05/11/2023 12:34:03.863365,3782,True,True,True,True,Eyes,1.274998,-0.2563901,-3.570384,-0.3507319,0.2830014,0.892691,0.0,0.0,0.0,0.0,0.0,0.0,0.0,-0.3023014,-0.2882398,3.788753,1.277187,-0.2576958,-3.582108,-0.07074463,-0.1307354,-0.01163925,0.9888216,351.7814,344.9556,359.7383,0.3346701,-0.06755885,-0.9399099,0,0,0,0.965704,0.05936623,-2.61255,-0.04991055,0.168173,1.052055,0.9655455,-0.004520632,0.2601948,0.04151595,0.9897195,-0.1368643,-0.2569011,0.1429509,0.9558069,moving,-21.44951,17.58968,-2.716132,9.082001,-22.98951862706454,28.635288091397076
05/11/2023 12:34:03.873687,3783,True,True,True,True,Eyes,1.275367,-0.2563579,-3.570411,-0.3470141,0.2836724,0.8939301,0.0,0.0,0.0,0.0,0.0,0.0,0.0,-0.3218964,-0.288216,3.78731,1.277499,-0.2575413,-3.582188,-0.07078849,-0.128216,-0.01135497,0.9891517,351.7813,345.2467,359.7504,0.3347569,-0.06755031,-0.9398797,0,0,0,0.9702486,0.05932051,-2.612407,-0.05089103,0.1681398,1.050913,0.9668635,-0.004311151,0.2552576,0.040616,0.9897201,-0.1371293,-0.2520424,0.1429528,0.9570993,moving,-21.21568,17.60588,-2.772412,9.089943,-22.753545936116986,28.653227890868596
05/11/2023 12:34:03.893608,3784,True,True,True,True,Eyes,1.275742,-0.2563284,-3.570448,-0.3430837,0.2844462,0.8952006,0.0,0.0,0.0,0.0,0.0,0.0,0.0,-0.3429793,-0.295449,3.784866,1.277797,-0.2575617,-3.582043,-0.07176148,-0.1254941,-0.01141728,0.9894298,351.6702,345.5623,359.7347,0.3348433,-0.06754151,-0.9398494,0,0,0,0.9746604,0.05927613,-2.612268,-0.05254297,0.1662486,1.049924,0.9682418,-0.0045819,0.2499738,0.04060447,0.9894398,-0.1391403,-0.2466965,0.1448715,0.958203,moving,-20.96922,17.62743,-2.864951,8.997709,-22.504680024669213,28.67666158741691
05/11/2023 12:34:03.913877,3785,True,True,True,True,Eyes,1.276113,-0.256298,-3.570481,-0.3391019,0.2851973,0.8964778,0.0,0.0,0.0,0.0,0.0,0.0,0.0,-0.3628358,-0.2967623,3.783279,1.278176,-0.2575955,-3.582294,-0.07187952,-0.1229352,-0.01172182,0.9897389,351.6531,345.8625,359.6797,0.3349296,-0.06753253,-0.9398193,0,0,0,0.9791565,0.05923091,-2.612127,-0.05392833,0.1659998,1.049071,0.9694991,-0.005530038,0.2450326,0.04087613,0.9893919,-0.1394018,-0.2416624,0.1451659,0.9594405,moving,-20.71964,17.64747,-2.942744,8.991646,-22.25272241379416,28.698589240619636
05/11/2023 12:34:03.923765,3786,True,True,True,True,Eyes,1.276473,-0.2562644,-3.570513,-0.3350129,0.2859855,0.8977631,0.0,0.0,0.0,0.0,0.0,0.0,0.0,-0.3837153,-0.2975878,3.781144,1.278381,-0.2575363,-3.582215,-0.07194391,-0.1202302,-0.0119484,0.9900637,351.6436,346.1791,359.6317,0.3350157,-0.06752338,-0.9397893,0,0,0,0.9837856,0.05918435,-2.611982,-0.05535658,0.1658553,1.047797,0.9708039,-0.006359693,0.2397902,0.040959,0.9893627,-0.139585,-0.2363518,0.1453312,0.9607375,moving,-20.46377,17.66945,-3.024205,8.994697,-21.994367588746968,28.722520475787412
05/11/2023 12:34:03.943772,3787,True,True,True,True,Eyes,1.276834,-0.2562298,-3.570549,-0.3308958,0.2867553,0.8990436,0.0,0.0,0.0,0.0,0.0,0.0,0.0,-0.4031733,-0.3019326,3.778767,1.278553,-0.257435,-3.582154,-0.07253928,-0.1177001,-0.01189235,0.9903249,351.5773,346.472,359.6248,0.3351013,-0.06751399,-0.9397594,0,0,0,0.9885275,0.05913665,-2.611833,-0.05608107,0.1646724,1.046705,0.9720105,-0.006478819,0.234848,0.04063034,0.9891933,-0.1408754,-0.2313974,0.1464744,0.9617695,moving,-20.2063,17.69039,-3.066899,8.940745,-21.734436031791255,28.745410776436046
05/11/2023 12:34:03.963780,3788,True,True,True,True,Eyes,1.277187,-0.2561951,-3.570587,-0.3267668,0.2875195,0.9003088,0.0,0.0,0.0,0.0,0.0,0.0,0.0,-0.4226353,-0.3031679,3.776745,1.278886,-0.2573788,-3.582253,-0.07270534,-0.1151874,-0.01189745,0.990608,351.5593,346.7641,359.6049,0.3351865,-0.06750437,-0.9397298,0,0,0,0.9929121,0.05909254,-2.611696,-0.05729187,0.1643615,1.045763,0.9731807,-0.006821929,0.2299411,0.04032088,0.9891447,-0.1413041,-0.2264811,0.1467858,0.9628916,moving,-19.94835,17.71122,-3.1358,8.932049,-21.474024797761935,28.768193050302845
05/11/2023 12:34:03.973735,3789,True,True,True,True,Eyes,1.27754,-0.256162,-3.570626,-0.3225917,0.2882845,0.901569,0.0,0.0,0.0,0.0,0.0,0.0,0.0,-0.4428493,-0.3029674,3.774557,1.279175,-0.2573363,-3.582272,-0.07269014,-0.1125732,-0.01187073,0.9909101,351.5624,347.0679,359.5853,0.3352711,-0.06749452,-0.9397003,0,0,0,0.9976046,0.05904534,-2.611548,-0.05837616,0.16447,1.044617,0.9743727,-0.007159729,0.2248256,0.03989157,0.9891505,-0.1413861,-0.221374,0.1467314,0.9640868,moving,-19.68779,17.73212,-3.198523,8.947495,-21.21098329963059,28.79106350735063
05/11/2023 12:34:03.993612,3790,True,True,True,True,Eyes,1.277895,-0.2561266,-3.570669,-0.3184231,0.289004,0.9028198,0.0,0.0,0.0,0.0,0.0,0.0,0.0,-0.4642324,-0.3058156,3.77188,1.27947,-0.2573465,-3.582296,-0.07309536,-0.1097992,-0.01183992,0.9911919,351.5178,347.3896,359.5702,0.3353552,-0.06748451,-0.939671,0,0,0,1.002082,0.05900031,-2.611408,-0.05996142,0.1637542,1.043663,0.9756079,-0.007419628,0.2193951,0.03952288,0.9890338,-0.142303,-0.2159333,0.1475031,0.9652023,moving,-19.42767,17.75052,-3.288192,8.917194,-20.94846722355588,28.81140313992143
05/11/2023 12:34:04.013735,3791,True,True,True,True,Eyes,1.278248,-0.2560893,-3.570712,-0.3142183,0.2897097,0.9040659,0.0,0.0,0.0,0.0,0.0,0.0,0.0,-0.4846281,-0.3075081,3.769369,1.279723,-0.2572536,-3.582415,-0.07329686,-0.1071453,-0.01194733,0.991466,351.4946,347.6986,359.5375,0.3354388,-0.0674743,-0.9396418,0,0,0,1.006564,0.05895522,-2.611267,-0.06130107,0.1632962,1.042741,0.9767543,-0.007983916,0.2142133,0.03939759,0.9889697,-0.1427825,-0.2107105,0.1479029,0.9662949,moving,-19.16548,17.76816,-3.364454,8.900392,-20.68389195370886,28.830988095475515
05/11/2023 12:34:04.032549,3792,True,True,True,True,Eyes,1.278593,-0.256052,-3.570756,-0.3100463,0.2903871,0.9052881,0.0,0.0,0.0,0.0,0.0,0.0,0.0,-0.5048092,-0.3090207,3.76667,1.279985,-0.2571679,-3.582407,-0.0734711,-0.1045219,-0.01208108,0.9917315,351.4743,348.0044,359.5015,0.335522,-0.06746385,-0.9396129,0,0,0,1.011067,0.05890993,-2.611125,-0.06259774,0.16291,1.041706,0.9778584,-0.008603698,0.2090905,0.03932105,0.9889121,-0.1432017,-0.2055401,0.1482527,0.9673544,moving,-18.90549,17.78456,-3.438859,8.888363,-20.42157268789842,28.849304548655212
05/11/2023 12:34:04.043758,3793,True,True,True,True,Eyes,1.278939,-0.2560159,-3.570802,-0.3058335,0.2910582,0.9065048,0.0,0.0,0.0,0.0,0.0,0.0,0.0,-0.5241026,-0.3107196,3.764024,1.280253,-0.25713,-3.582448,-0.07368474,-0.1020123,-0.01217617,0.9919758,351.4501,348.2965,359.4714,0.3356045,-0.06745318,-0.9395841,0,0,0,1.015707,0.05886326,-2.61098,-0.06348895,0.1624978,1.040746,0.9788905,-0.009123433,0.2041819,0.03919043,0.9888446,-0.1437027,-0.2005931,0.1486712,0.9683281,moving,-18.64319,17.80065,-3.490907,8.874281,-20.15693774602625,28.867322945362034
05/11/2023 12:34:04.063783,3794,True,True,True,True,Eyes,1.2793,-0.2559785,-3.570844,-0.3016848,0.2916781,0.9076949,0.0,0.0,0.0,0.0,0.0,0.0,0.0,-0.5446231,-0.312782,3.761073,1.280577,-0.2571232,-3.582475,-0.07393119,-0.09934496,-0.0123589,0.9922258,351.4213,348.6076,359.4301,0.3356865,-0.06744236,-0.9395556,0,0,0,1.020202,0.05881804,-2.610839,-0.06493463,0.1620148,1.03982,0.9799557,-0.009836248,0.1989727,0.03921501,0.9887629,-0.1442573,-0.1953178,0.1491685,0.9693295,moving,-18.38493,17.81426,-3.573364,8.85607,-19.89645233539315,28.88280673762897
05/11/2023 12:34:04.083151,3795,True,True,True,True,Eyes,1.279662,-0.2559415,-3.570884,-0.2974714,0.2922817,0.9088906,0.0,0.0,0.0,0.0,0.0,0.0,0.0,-0.566076,-0.3138557,3.757905,1.280927,-0.2570454,-3.582451,-0.07403486,-0.09655809,-0.01254566,0.9924909,351.409,348.9327,359.3854,0.3357685,-0.06743135,-0.9395272,0,0,0,1.024863,0.05877116,-2.610692,-0.06650017,0.1617641,1.038765,0.9810383,-0.01060558,0.1935237,0.03920024,0.9887229,-0.1445351,-0.1898084,0.1493806,0.9703908,moving,-18.12279,17.82679,-3.66299,8.851422,-19.63209582455262,28.897224351080897
05/11/2023 12:34:04.093431,3796,True,True,True,True,Eyes,1.280013,-0.255906,-3.570921,-0.2932661,0.2928296,0.9100801,0.0,0.0,0.0,0.0,0.0,0.0,0.0,-0.5889492,-0.314665,3.754394,1.281243,-0.2570104,-3.582417,-0.07410942,-0.09357654,-0.01273374,0.9927685,351.4003,349.2804,359.3386,0.3358503,-0.0674202,-0.9394987,0,0,0,1.029315,0.05872637,-2.610552,-0.06863147,0.1616117,1.037713,0.9821626,-0.01141351,0.187687,0.03915312,0.9886913,-0.1447638,-0.1839123,0.1495301,0.9715025,moving,-17.86113,17.83623,-3.783874,8.852039,-19.368324456148834,28.908514291134043
05/11/2023 12:34:04.113683,3797,True,True,True,True,Eyes,1.280365,-0.2558731,-3.570962,-0.2889872,0.2933417,0.9112831,0.0,0.0,0.0,0.0,0.0,0.0,0.0,-0.6126938,-0.3155398,3.750487,1.281506,-0.257001,-3.58229,-0.07420699,-0.09047146,-0.01289017,0.9930469,351.3896,349.642,359.2945,0.3359319,-0.06740896,-0.9394704,0,0,0,1.033842,0.05868083,-2.61041,-0.07087828,0.1614634,1.036556,0.9832975,-0.01217386,0.1815979,0.03902831,0.9886543,-0.1450496,-0.1777717,0.1497144,0.9726164,moving,-17.59493,17.84335,-3.911717,8.853761,-19.100058314503336,28.917488619118505
05/11/2023 12:34:04.132589,3798,True,True,True,True,Eyes,1.280719,-0.255841,-3.570996,-0.2848117,0.2937687,0.9124595,0.0,0.0,0.0,0.0,0.0,0.0,0.0,-0.6368631,-0.314027,3.746769,1.281805,-0.2570175,-3.582373,-0.07400034,-0.08731037,-0.01296977,0.9933442,351.4148,350.0096,359.2557,0.3360131,-0.0673977,-0.9394421,0,0,0,1.038379,0.0586352,-2.610268,-0.07320179,0.1619584,1.035516,0.9844174,-0.0128449,0.175378,0.03868889,0.9887115,-0.1447508,-0.1715389,0.1492804,0.9738017,moving,-17.33504,17.8461,-4.043577,8.889249,-18.838289612391996,28.922002121962777
05/11/2023 12:34:04.143791,3799,True,True,True,True,Eyes,1.281072,-0.2558074,-3.571033,-0.2805772,0.2941633,0.9136435,0.0,0.0,0.0,0.0,0.0,0.0,0.0,-0.6605135,-0.3110935,3.74286,1.282016,-0.2569991,-3.58224,-0.07361763,-0.08421002,-0.01298465,0.9936401,351.4608,350.3696,359.2233,0.3360943,-0.06738646,-0.9394138,0,0,0,1.043398,0.05858471,-2.61011,-0.07483973,0.1628453,1.034142,0.9854801,-0.01340545,0.1692607,0.03820281,0.9888237,-0.144112,-0.1654371,0.1484857,0.9749782,moving,-17.07157,17.84686,-4.139219,8.948832,-18.5729818658143,28.92452729349575
05/11/2023 12:34:04.163381,3800,True,True,True,True,Eyes,1.281435,-0.2557746,-3.571069,-0.2764534,0.2944942,0.9147932,0.0,0.0,0.0,0.0,0.0,0.0,0.0,-0.6830123,-0.3095582,3.739078,1.282288,-0.2569157,-3.582285,-0.07340188,-0.08126006,-0.01303469,0.993901,351.4874,350.7122,359.19,0.3361753,-0.0673752,-0.9393857,0,0,0,1.047429,0.05854416,-2.609984,-0.07717223,0.1632592,1.033167,0.9864538,-0.0139811,0.1634424,0.03783967,0.9888845,-0.14379,-0.1596154,0.1480268,0.976018,moving,-16.81498,17.84463,-4.271766,8.979531,-18.314699998486894,28.92398323510233
05/11/2023 12:34:04.183133,3801,True,True,True,True,Eyes,1.281798,-0.2557436,-3.571105,-0.2722709,0.2948026,0.9159476,0.0,0.0,0.0,0.0,0.0,0.0,0.0,-0.7055021,-0.3082324,3.735122,1.282587,-0.2568892,-3.582297,-0.07323489,-0.0783117,-0.01304023,0.9941498,351.5089,351.0541,359.1624,0.3362564,-0.06736393,-0.9393575,0,0,0,1.052056,0.05849762,-2.609838,-0.07890841,0.1636586,1.032123,0.9873945,-0.01445759,0.1576171,0.03739819,0.9889332,-0.1435705,-0.1537971,0.1476553,0.9770078,moving,-16.5549,17.84105,-4.371902,9.010094,-18.052948612829027,28.922097385356516
05/11/2023 12:34:04.193800,3802,True,True,True,True,Eyes,1.282165,-0.2557162,-3.571139,-0.2683409,0.2950692,0.9170209,0.0,0.0,0.0,0.0,0.0,0.0,0.0,-0.7278473,-0.3070884,3.731035,1.28289,-0.2568929,-3.582302,-0.07310759,-0.0753793,-0.01300756,0.9943864,351.5263,351.3937,359.1399,0.3363375,-0.06735269,-0.9393293,0,0,0,1.056558,0.05845233,-2.609697,-0.08071002,0.1640141,1.031123,0.9882976,-0.01484748,0.1518142,0.03689067,0.9889722,-0.1434334,-0.1480104,0.1473554,0.9779465,moving,-16.31066,17.83658,-4.475639,9.037957,-17.807175540425526,28.919205992906274
05/11/2023 12:34:04.213810,3803,True,True,True,True,Eyes,1.282532,-0.2556873,-3.571172,-0.2643417,0.2953121,0.9181036,0.0,0.0,0.0,0.0,0.0,0.0,0.0,-0.750286,-0.3049945,3.726816,1.283214,-0.2569373,-3.582242,-0.07287786,-0.07243654,-0.01290481,0.9946232,351.5561,351.7339,359.1246,0.3364188,-0.06734159,-0.939301,0,0,0,1.0611,0.05840665,-2.609554,-0.08248724,0.1646484,1.030041,0.9891729,-0.01511281,0.1459751,0.03622889,0.9890446,-0.1431025,-0.1422132,0.1468416,0.9788835,moving,-16.06224,17.83062,-4.578563,9.081699,-17.557242816535833,28.914835847812792
05/11/2023 12:34:04.233875,3804,True,True,True,True,Eyes,1.282881,-0.2556615,-3.571207,-0.2606335,0.2955987,0.9190711,0.0,0.0,0.0,0.0,0.0,0.0,0.0,-0.7726364,-0.3037041,3.722417,1.283516,-0.2568627,-3.582206,-0.07268427,-0.06949531,-0.01300797,0.9948459,351.58,352.0754,359.086,0.3365003,-0.06733056,-0.9392726,0,0,0,1.065709,0.05836029,-2.60941,-0.08425134,0.1650217,1.028984,0.9900023,-0.01577942,0.1401652,0.03598428,0.9890956,-0.1428113,-0.1363833,0.1464273,0.9797748,moving,-15.83247,17.82923,-4.680834,9.111139,-17.325937788690812,28.914962337703578
05/11/2023 12:34:04.243670,3805,True,True,True,True,Eyes,1.28323,-0.255632,-3.57124,-0.2568564,0.2958745,0.9200452,0.0,0.0,0.0,0.0,0.0,0.0,0.0,-0.7946786,-0.3016857,3.718051,1.283858,-0.2569067,-3.582197,-0.07244619,-0.06659815,-0.0129701,0.9950618,351.6104,352.4106,359.0639,0.3365815,-0.0673197,-0.9392443,0,0,0,1.070105,0.05831607,-2.609272,-0.08610115,0.1656352,1.028004,0.9907929,-0.01616254,0.1344178,0.03546167,0.9891666,-0.1424493,-0.1306593,0.1459045,0.9806324,moving,-15.59857,17.82711,-4.787673,9.153013,-17.09049840534059,28.914378220367794
05/11/2023 12:34:04.263823,3806,True,True,True,True,Eyes,1.283569,-0.2556062,-3.571272,-0.253294,0.2962273,0.9209188,0.0,0.0,0.0,0.0,0.0,0.0,0.0,-0.81613,-0.301672,3.713449,1.284127,-0.2567826,-3.582159,-0.07244073,-0.06376292,-0.0129991,0.9952476,351.6135,352.7391,359.0364,0.3366625,-0.06730889,-0.939216,0,0,0,1.074894,0.0582679,-2.609121,-0.08737212,0.1655986,1.027025,0.9915306,-0.01663658,0.1288031,0.03511271,0.9891667,-0.1425352,-0.1250364,0.1458506,0.9813733,moving,-15.37864,17.83116,-4.862616,9.159596,-16.8689217865102,28.91993979212231
05/11/2023 12:34:04.273723,3807,True,True,True,True,Eyes,1.283911,-0.255583,-3.5713,-0.2496614,0.2965577,0.9218041,0.0,0.0,0.0,0.0,0.0,0.0,0.0,-0.8366621,-0.3019728,3.708892,1.284426,-0.256848,-3.582087,-0.07249869,-0.06105102,-0.01304569,0.9954128,351.6091,353.0533,359.0085,0.336743,-0.06729823,-0.9391879,0,0,0,1.079326,0.05822332,-2.608982,-0.08878173,0.1656092,1.026139,0.9922051,-0.01711946,0.1234335,0.03482393,0.9891475,-0.1427393,-0.1196503,0.1459251,0.9820334,moving,-15.15442,17.83373,-4.944927,9.167949,-16.643074429803946,28.92403345622437
05/11/2023 12:34:04.293786,3808,True,True,True,True,Eyes,1.284247,-0.2555614,-3.571327,-0.2461989,0.2969094,0.9226217,0.0,0.0,0.0,0.0,0.0,0.0,0.0,-0.8577405,-0.3009063,3.704193,1.284758,-0.2568779,-3.581999,-0.07237481,-0.05826898,-0.01306261,0.9955883,351.626,353.3754,358.9821,0.3368232,-0.06728777,-0.9391599,0,0,0,1.083982,0.05817649,-2.608836,-0.09013183,0.1659686,1.025157,0.9928682,-0.01757556,0.1179146,0.03444438,0.9891825,-0.1425887,-0.114133,0.1456333,0.9827332,moving,-14.94107,17.83872,-5.024526,9.196153,-16.428092101546344,28.930501642594237
05/11/2023 12:34:04.313924,3809,True,True,True,True,Eyes,1.284582,-0.2555384,-3.571353,-0.242654,0.297247,0.9234518,0.0,0.0,0.0,0.0,0.0,0.0,0.0,-0.8796086,-0.2998377,3.699219,1.285136,-0.2568907,-3.581936,-0.07223701,-0.05538214,-0.01311945,0.9957623,351.6445,353.7099,358.9502,0.3369029,-0.06727755,-0.939132,0,0,0,1.088355,0.0581325,-2.608699,-0.09202945,0.1663137,1.024219,0.9935214,-0.01812642,0.1121903,0.03412898,0.9892194,-0.1424086,-0.1083995,0.1453149,0.9834293,moving,-14.72269,17.84268,-5.134426,9.22324,-16.2080791130761,28.935961875617853
05/11/2023 12:34:04.332891,3810,True,True,True,True,Eyes,1.284902,-0.2555172,-3.57138,-0.2392168,0.2975939,0.9242366,0.0,0.0,0.0,0.0,0.0,0.0,0.0,-0.9012853,-0.2996745,3.694046,1.285407,-0.2568313,-3.58188,-0.07221615,-0.05250055,-0.01316852,0.9959192,351.6497,354.0436,358.9201,0.3369824,-0.06726751,-0.9391043,0,0,0,1.093036,0.05808541,-2.608552,-0.09348108,0.1663578,1.023296,0.9941405,-0.0186468,0.1064746,0.03381235,0.9892228,-0.1424602,-0.1026706,0.1452256,0.9840571,moving,-14.51121,17.84798,-5.219652,9.233828,-15.994969433638559,28.942731052171467
05/11/2023 12:34:04.343525,3811,True,True,True,True,Eyes,1.285222,-0.2554985,-3.571407,-0.2357209,0.2979102,0.9250325,0.0,0.0,0.0,0.0,0.0,0.0,0.0,-0.9215243,-0.2988805,3.689215,1.28568,-0.2568523,-3.581884,-0.07212199,-0.0498092,-0.01320183,0.9960639,351.6632,354.3552,358.893,0.3370611,-0.06725769,-0.9390767,0,0,0,1.097613,0.05803937,-2.608408,-0.09463915,0.1666235,1.022478,0.9946895,-0.01911506,0.1011306,0.03348441,0.9892483,-0.1423611,-0.09732199,0.1449914,0.9846349,moving,-14.29611,17.85135,-5.288149,9.255586,-15.778278457055299,28.947572833493172
05/11/2023 12:34:04.364004,3812,True,True,True,True,Eyes,1.285542,-0.2554808,-3.571429,-0.2323152,0.2982754,0.9257761,0.0,0.0,0.0,0.0,0.0,0.0,0.0,-0.9408838,-0.2969781,3.684555,1.285951,-0.2568883,-3.581862,-0.07189745,-0.04723512,-0.01317032,0.996206,351.692,354.6525,358.8738,0.3371392,-0.06724812,-0.9390494,0,0,0,1.10198,0.05799545,-2.608271,-0.09573995,0.1671869,1.021646,0.9951907,-0.01944854,0.09600563,0.03303288,0.9893147,-0.1420051,-0.09221797,0.1444935,0.9851992,moving,-14.08698,17.8584,-5.353636,9.29377,-15.567477269469867,28.956095864899957
05/11/2023 12:34:04.373772,3813,True,True,True,True,Eyes,1.285865,-0.2554615,-3.571451,-0.2288541,0.2986174,0.9265276,0.0,0.0,0.0,0.0,0.0,0.0,0.0,-0.9602877,-0.296027,3.679637,1.286313,-0.2568931,-3.581748,-0.07177032,-0.04466253,-0.01323797,0.9963329,351.7092,354.9504,358.8438,0.3372167,-0.06723882,-0.9390222,0,0,0,1.106577,0.05794921,-2.608126,-0.09674301,0.1675045,1.020761,0.99566,-0.01996796,0.09089767,0.03278974,0.9893476,-0.1418318,-0.08709729,0.1441967,0.9857086,moving,-13.87446,17.86399,-5.41406,9.319052,-15.35331087693529,28.963165211008164
05/11/2023 12:34:04.393759,3814,True,True,True,True,Eyes,1.286183,-0.2554477,-3.571471,-0.2254734,0.2989548,0.9272474,0.0,0.0,0.0,0.0,0.0,0.0,0.0,-0.9788643,-0.295274,3.674877,1.286666,-0.256828,-3.581705,-0.07163506,-0.04219538,-0.01338107,0.9964483,351.727,355.2368,358.8059,0.3372939,-0.06722971,-0.9389951,0,0,0,1.111185,0.05790285,-2.607982,-0.09753539,0.1677372,1.019969,0.996081,-0.02062174,0.08600814,0.03271241,0.9893788,-0.141632,-0.08217392,0.1438905,0.9861759,moving,-13.66703,17.8699,-5.462345,9.33888,-15.144258957546489,28.97052418943357
05/11/2023 12:34:04.413668,3815,True,True,True,True,Eyes,1.286498,-0.2554366,-3.571491,-0.2220562,0.2992548,0.927975,0.0,0.0,0.0,0.0,0.0,0.0,0.0,-0.9970325,-0.2934141,3.670171,1.286867,-0.2569416,-3.581658,-0.07138979,-0.03976213,-0.01346757,0.9965646,351.7577,355.5186,358.7746,0.3373705,-0.06722093,-0.9389682,0,0,0,1.115586,0.05785859,-2.607844,-0.0982924,0.168387,1.019184,0.9964752,-0.02116539,0.08117396,0.03251982,0.9894443,-0.1412181,-0.07732818,0.1433601,0.9866449,moving,-13.45732,17.87355,-5.508698,9.381516,-14.932985836454456,28.975613156562787
05/11/2023 12:34:04.423330,3816,True,True,True,True,Eyes,1.286827,-0.2554264,-3.571511,-0.2187904,0.2995417,0.9286579,0.0,0.0,0.0,0.0,0.0,0.0,0.0,-1.013638,-0.2910571,3.665845,1.287085,-0.2569832,-3.581616,-0.07106486,-0.03754074,-0.01355098,0.9966729,351.7974,355.7758,358.7451,0.3374467,-0.06721252,-0.9389414,0,0,0,1.120175,0.05781243,-2.607699,-0.09844603,0.1691303,1.018416,0.9968141,-0.02167613,0.07675767,0.03234744,0.9895323,-0.1406394,-0.07290567,0.1426743,0.987081,moving,-13.25704,17.87728,-5.521389,9.429162,-14.731204958021486,28.980720141438336
05/11/2023 12:34:04.443476,3817,True,True,True,True,Eyes,1.287157,-0.2554142,-3.571528,-0.215474,0.2997864,0.9293541,0.0,0.0,0.0,0.0,0.0,0.0,0.0,-1.02999,-0.2886961,3.661584,1.28734,-0.2569834,-3.581639,-0.07074559,-0.03535559,-0.01359043,0.996775,351.8366,356.0284,358.7212,0.3375228,-0.06720445,-0.9389147,0,0,0,1.124674,0.05776717,-2.607558,-0.09862244,0.1698195,1.017741,0.9971306,-0.0220907,0.07240605,0.0320957,0.9896207,-0.1400739,-0.06856021,0.1419959,0.9874901,moving,-13.05359,17.8784,-5.53487,9.473063,-14.526318289875087,28.98320914440746
05/11/2023 12:34:04.463845,3818,True,True,True,True,Eyes,1.287502,-0.2554009,-3.571541,-0.2122902,0.3000185,0.9300117,0.0,0.0,0.0,0.0,0.0,0.0,0.0,-1.047876,-0.2855407,3.656776,1.287641,-0.2569129,-3.581558,-0.07034834,-0.03296775,-0.01351291,0.9968861,351.8856,356.3033,358.7091,0.3375988,-0.06719664,-0.9388879,0,0,0,1.129161,0.05772204,-2.607417,-0.09921263,0.1706373,1.016908,0.9974611,-0.02230321,0.0676314,0.03158012,0.9897371,-0.1393675,-0.06382896,0.1411495,0.9879285,moving,-12.85838,17.87952,-5.572314,9.525497,-14.32972831370912,28.98564320697282
05/11/2023 12:34:04.483414,3819,True,True,True,True,Eyes,1.287847,-0.2553919,-3.571555,-0.2090328,0.3002337,0.9306799,0.0,0.0,0.0,0.0,0.0,0.0,0.0,-1.068157,-0.2859312,3.650896,1.288058,-0.2568744,-3.581435,-0.07045278,-0.03025904,-0.01342015,0.9969658,351.8775,356.6155,358.6979,0.3376751,-0.06718905,-0.938861,0,0,0,1.133897,0.0576744,-2.607269,-0.1002806,0.1704727,1.016164,0.9978086,-0.0224952,0.06222542,0.03102253,0.9897127,-0.1396658,-0.05844347,0.1412902,0.9882416,moving,-12.65869,17.8795,-5.636007,9.523312,-14.12866508675446,28.986954421859625
05/11/2023 12:34:04.494085,3820,True,True,True,True,Eyes,1.288192,-0.2553811,-3.571564,-0.2058865,0.3004561,0.9313092,0.0,0.0,0.0,0.0,0.0,0.0,0.0,-1.088714,-0.2839455,3.645075,1.288351,-0.256969,-3.581426,-0.07040813,-0.02749646,-0.01283852,0.9970566,351.888,356.9298,358.7423,0.3377517,-0.06718174,-0.938834,0,0,0,1.138312,0.05762999,-2.60713,-0.1014159,0.170849,1.015511,0.9981582,-0.0217295,0.05663893,0.0294734,0.9897557,-0.1396957,-0.05302317,0.1411078,0.9885733,moving,-12.466,17.88058,-5.703043,9.549977,-13.934613766744205,28.989331236010415
05/11/2023 12:34:04.513896,3821,True,True,True,True,Eyes,1.288542,-0.2553729,-3.571576,-0.2026813,0.3006568,0.9319474,0.0,0.0,0.0,0.0,0.0,0.0,0.0,-1.107527,-0.2817974,3.639505,1.288562,-0.2569211,-3.581288,-0.07026186,-0.02495672,-0.01244979,0.9971386,351.9091,357.2198,358.766,0.3378286,-0.06717466,-0.9388068,0,0,0,1.142962,0.05758322,-2.606984,-0.1018827,0.1712605,1.014727,0.9984443,-0.02132131,0.05152011,0.02833534,0.9898165,-0.1395002,-0.04802113,0.140743,0.9888809,moving,-12.26971,17.88029,-5.733514,9.579815,-13.736982830751582,28.9903467691104
05/11/2023 12:34:04.523696,3822,True,True,True,True,Eyes,1.288886,-0.2553589,-3.571585,-0.1995603,0.3008713,0.9325515,0.0,0.0,0.0,0.0,0.0,0.0,0.0,-1.125557,-0.2802549,3.634248,1.288954,-0.256971,-3.581305,-0.07008854,-0.02254181,-0.01242441,0.9972087,351.9321,357.4984,358.7488,0.3379058,-0.06716785,-0.9387795,0,0,0,1.147496,0.05753762,-2.606842,-0.1025639,0.1716991,1.014152,0.998675,-0.02161961,0.0466994,0.0279393,0.9898665,-0.1392256,-0.04321617,0.1403459,0.9891589,moving,-12.07877,17.88138,-5.774843,9.609233,-13.544693221327819,28.99272202665598
05/11/2023 12:34:04.543662,3823,True,True,True,True,Eyes,1.289228,-0.2553454,-3.571592,-0.1963726,0.3011048,0.9331525,0.0,0.0,0.0,0.0,0.0,0.0,0.0,-1.143658,-0.2797164,3.628662,1.289252,-0.2568199,-3.581236,-0.07004485,-0.0200991,-0.01235249,0.9972649,351.9404,357.7798,358.7371,0.3379833,-0.06716113,-0.9387521,0,0,0,1.152107,0.05749122,-2.606697,-0.1030967,0.1717003,1.013517,0.9988869,-0.02182174,0.04181872,0.02745309,0.9898823,-0.13921,-0.0383578,0.1402031,0.9893795,moving,-11.88392,17.88358,-5.808245,9.615207,-13.34843012743589,28.9962457377234
05/11/2023 12:34:04.563637,3824,True,True,True,True,Eyes,1.289576,-0.2553332,-3.5716,-0.1932627,0.3013351,0.9337274,0.0,0.0,0.0,0.0,0.0,0.0,0.0,-1.161623,-0.2824209,3.622724,1.289517,-0.2568184,-3.581124,-0.07037948,-0.01766073,-0.01255422,0.9972851,351.9047,358.0633,358.6946,0.3380609,-0.06715451,-0.9387246,0,0,0,1.156373,0.05744832,-2.606563,-0.1040549,0.1710159,1.013008,0.999061,-0.02255437,0.03699268,0.02752618,0.9897783,-0.1399334,-0.03345845,0.1408202,0.9894696,moving,-11.69395,17.88607,-5.864779,9.582311,-13.157071050607625,29.000030146599016
05/11/2023 12:34:04.574151,3825,True,True,True,True,Eyes,1.289922,-0.2553238,-3.571606,-0.1900952,0.3015285,0.9343149,0.0,0.0,0.0,0.0,0.0,0.0,0.0,-1.17933,-0.2813519,3.61718,1.289723,-0.2568288,-3.581148,-0.07020966,-0.01525176,-0.01269888,0.9973349,351.9271,358.3424,358.658,0.3381388,-0.06714801,-0.938697,0,0,0,1.160957,0.05740221,-2.606419,-0.1045597,0.1713659,1.012482,0.9992122,-0.02318843,0.03220538,0.02747171,0.9898186,-0.1396577,-0.02863905,0.1404324,0.989676,moving,-11.50039,17.88628,-5.896073,9.606458,-12.962172418310574,29.001533055509714
05/11/2023 12:34:04.593796,3826,True,True,True,True,Eyes,1.290258,-0.2553191,-3.571614,-0.1869864,0.301694,0.9348887,0.0,0.0,0.0,0.0,0.0,0.0,0.0,-1.197199,-0.2780851,3.61155,1.289986,-0.2568774,-3.581042,-0.06986293,-0.01282997,-0.01249358,0.9973959,351.9705,358.62,358.6615,0.3382169,-0.06714171,-0.9386693,0,0,0,1.165475,0.05735676,-2.606277,-0.1050509,0.1722097,1.011791,0.9993586,-0.02312941,0.0273388,0.02671477,0.9899262,-0.1390414,-0.02384744,0.1396826,0.9899092,moving,-11.31045,17.88519,-5.927591,9.659341,-12.770961537260161,29.001697324782526
05/11/2023 12:34:04.613806,3827,True,True,True,True,Eyes,1.290595,-0.2553177,-3.571626,-0.1838298,0.3017956,0.9354817,0.0,0.0,0.0,0.0,0.0,0.0,0.0,-1.214785,-0.275074,3.606006,1.290214,-0.2569889,-3.581055,-0.06960485,-0.01043767,-0.01215563,0.997446,352.0038,358.8931,358.6809,0.338295,-0.0671357,-0.9386417,0,0,0,1.17009,0.05731034,-2.606132,-0.105277,0.1729488,1.011283,0.9994866,-0.02279614,0.0225142,0.02570219,0.9900149,-0.1386004,-0.01912984,0.1391079,0.9900925,moving,-11.11743,17.88021,-5.943218,9.704791,-12.576777671850099,28.99794873199943
05/11/2023 12:34:04.623509,3828,True,True,True,True,Eyes,1.290925,-0.2553182,-3.571639,-0.180701,0.3018731,0.9360662,0.0,0.0,0.0,0.0,0.0,0.0,0.0,-1.231585,-0.2691822,3.600958,1.290524,-0.2570544,-3.58115,-0.06885839,-0.008165561,-0.01204679,0.9975204,352.0926,359.1536,358.6747,0.338373,-0.06713003,-0.938614,0,0,0,1.17495,0.05726145,-2.605979,-0.1052211,0.1745639,1.010725,0.9995764,-0.0229093,0.01794967,0.02515837,0.9902269,-0.1371785,-0.01463158,0.137572,0.9903837,moving,-10.92615,17.87406,-5.943347,9.798975,-12.384384338578231,28.993005484844765
05/11/2023 12:34:04.643503,3829,True,True,True,True,Eyes,1.291255,-0.2553172,-3.57165,-0.1775221,0.3019277,0.9366566,0.0,0.0,0.0,0.0,0.0,0.0,0.0,-1.24879,-0.2628453,3.595589,1.290796,-0.2570891,-3.581142,-0.06809182,-0.005829487,-0.01181521,0.9975922,352.1839,359.4204,358.6825,0.3384507,-0.06712472,-0.9385863,0,0,0,1.179094,0.05721977,-2.60585,-0.1059105,0.1762199,1.010046,0.9996529,-0.02277964,0.01323994,0.02436741,0.9904478,-0.135718,-0.01002186,0.1359935,0.990659,moving,-10.73183,17.86653,-5.985996,9.896623,-12.188975571756291,28.986687111262388
05/11/2023 12:34:04.664076,3830,True,True,True,True,Eyes,1.291591,-0.2553173,-3.571664,-0.174397,0.3019839,0.9372253,0.0,0.0,0.0,0.0,0.0,0.0,0.0,-1.265682,-0.260597,3.589862,1.291094,-0.257046,-3.581058,-0.0678357,-0.003529544,-0.01172075,0.9976215,352.2164,359.6847,358.6752,0.3385283,-0.0671197,-0.9385587,0,0,0,1.18365,0.05717395,-2.605706,-0.1061898,0.1767458,1.009492,0.9997003,-0.02290688,0.008632467,0.0238646,0.9905219,-0.135266,-0.005452127,0.1354314,0.9907717,moving,-10.54093,17.85949,-6.00494,9.930912,-11.996994185474536,28.980841401335596
05/11/2023 12:34:04.673894,3831,True,True,True,True,Eyes,1.291926,-0.2553166,-3.571678,-0.1712307,0.3020243,0.937796,0.0,0.0,0.0,0.0,0.0,0.0,0.0,-1.281888,-0.2591844,3.584348,1.291305,-0.2570673,-3.581118,-0.0677068,-0.001307713,-0.01161239,0.9976369,352.2342,359.94,358.6703,0.3386058,-0.06711496,-0.938531,0,0,0,1.18825,0.05712767,-2.605562,-0.1061713,0.1770617,1.009171,0.9997269,-0.02299281,0.00418172,0.02334697,0.9905619,-0.1350632,-0.001036769,0.135124,0.9908282,moving,-10.34756,17.85155,-6.005795,9.95141,-11.802555467492224,28.974102119519078
05/11/2023 12:34:04.693601,3832,True,True,True,True,Eyes,1.292274,-0.2553123,-3.571692,-0.1681163,0.3020741,0.9383433,0.0,0.0,0.0,0.0,0.0,0.0,0.0,-1.297541,-0.2577917,3.578873,1.291555,-0.2570411,-3.581092,-0.06752058,0.0008352995,-0.01165567,0.9976495,352.2585,0.1873848,358.6486,0.3386832,-0.06711046,-0.9385034,0,0,0,1.192981,0.05708008,-2.605413,-0.1059778,0.1774242,1.008775,0.9997269,-0.02336935,-9.267768e-05,0.02314375,0.9906102,-0.1347432,0.003240669,0.1347043,0.9908805,moving,-10.15751,17.84455,-5.997262,9.975209,-11.611428610973936,28.96829118844853
05/11/2023 12:34:04.713567,3833,True,True,True,True,Eyes,1.292624,-0.2553061,-3.571706,-0.1649703,0.302132,0.9388829,0.0,0.0,0.0,0.0,0.0,0.0,0.0,-1.312922,-0.2569489,3.573337,1.291777,-0.2569373,-3.581036,-0.06742145,0.002948561,-0.01164113,0.9976524,352.2727,0.4309428,358.6339,0.3387608,-0.06710606,-0.9384757,0,0,0,1.197287,0.05703677,-2.605278,-0.1060893,0.1775453,1.008382,0.9997116,-0.02362519,-0.004313554,0.02283001,0.9906377,-0.134595,0.007453002,0.1344577,0.9908913,moving,-9.965661,17.83815,-6.005852,9.985696,-11.418470602409677,28.963098946038823
05/11/2023 12:34:04.732939,3834,True,True,True,True,Eyes,1.292979,-0.2552994,-3.57172,-0.1618603,0.3022341,0.9393913,0.0,0.0,0.0,0.0,0.0,0.0,0.0,-1.32771,-0.2577501,3.567931,1.292112,-0.2568847,-3.581039,-0.06755716,0.004969097,-0.01162435,0.9976353,352.2599,0.6641252,358.6199,0.3388387,-0.06710171,-0.938448,0,0,0,1.20207,0.05698866,-2.605128,-0.1056473,0.1772351,1.008193,0.9996803,-0.02386513,-0.008344078,0.02252234,0.9906018,-0.1349103,0.01148531,0.1346793,0.9908227,moving,-9.776262,17.83475,-5.982125,9.97043,-11.227880576299516,28.96092383711287
05/11/2023 12:34:04.743636,3835,True,True,True,True,Eyes,1.293331,-0.2552953,-3.571729,-0.1587021,0.3023602,0.9398893,0.0,0.0,0.0,0.0,0.0,0.0,0.0,-1.343337,-0.2578129,3.56212,1.29236,-0.2568606,-3.580999,-0.06756753,0.007121054,-0.01168799,0.9976209,352.2618,0.9129189,358.5958,0.338917,-0.06709738,-0.93842,0,0,0,1.206359,0.05694552,-2.604993,-0.1059149,0.1771911,1.00789,0.9996254,-0.02428267,-0.01262876,0.02235806,0.9905961,-0.13498,0.01578768,0.1346471,0.9907678,moving,-9.584098,17.83286,-5.998954,9.970937,-11.034456760259244,28.96029400991552
05/11/2023 12:34:04.763651,3836,True,True,True,True,Eyes,1.293677,-0.2552899,-3.571743,-0.1555889,0.3025057,0.9403629,0.0,0.0,0.0,0.0,0.0,0.0,0.0,-1.359209,-0.2603911,3.55583,1.29258,-0.2569199,-3.58084,-0.06792066,0.009319311,-0.01181479,0.9975772,352.2245,1.168103,358.5635,0.3389955,-0.06709315,-0.9383919,0,0,0,1.21104,0.05689843,-2.604846,-0.105878,0.1765424,1.007629,0.9995471,-0.02483827,-0.01698853,0.02230637,0.9904944,-0.1357324,0.0201984,0.135292,0.9905999,moving,-9.39483,17.83248,-5.998421,9.937685,-10.843899102505034,28.96117171958928
05/11/2023 12:34:04.783647,3837,True,True,True,True,Eyes,1.294024,-0.2552849,-3.571747,-0.152432,0.3026676,0.9408277,0.0,0.0,0.0,0.0,0.0,0.0,0.0,-1.374149,-0.2568574,3.55051,1.292774,-0.2568805,-3.58094,-0.06749938,0.01138302,-0.01167238,0.9975861,352.2757,1.404417,358.5645,0.3390741,-0.06708897,-0.9383638,0,0,0,1.215601,0.05685256,-2.604703,-0.1055542,0.177378,1.007381,0.9994684,-0.02482509,-0.02113533,0.0217517,0.9906152,-0.1349386,0.02428685,0.1344071,0.9906285,moving,-9.203037,17.83316,-5.98167,9.986182,-10.650764137110132,28.963138090447814
05/11/2023 12:34:04.794160,3838,True,True,True,True,Eyes,1.294368,-0.2552823,-3.571757,-0.1486198,0.3028868,0.941367,0.0,0.0,0.0,0.0,0.0,0.0,0.0,-1.390204,-0.258315,3.543965,1.293091,-0.2568897,-3.580642,-0.06780581,0.01359939,-0.01149602,0.9975396,352.2434,1.659277,358.567,0.3391529,-0.06708486,-0.9383356,0,0,0,1.219967,0.05680864,-2.604566,-0.1058124,0.1768418,1.00698,0.9993658,-0.0247797,-0.02557287,0.02109123,0.9905404,-0.1355907,0.02869086,0.1349653,0.9904349,moving,-8.97161,17.83569,-5.998563,9.960482,-10.417661513878322,28.967239361148334
05/11/2023 12:34:04.815646,3839,True,True,True,True,Eyes,1.294711,-0.2552762,-3.571759,-0.1447624,0.303079,0.9419061,0.0,0.0,0.0,0.0,0.0,0.0,0.0,-1.405696,-0.2581452,3.538087,1.293369,-0.2569504,-3.580761,-0.06782897,0.01574138,-0.01146592,0.9975069,352.2438,1.906241,358.5536,0.3392317,-0.06708088,-0.9383074,0,0,0,1.224883,0.05675919,-2.604412,-0.1054229,0.1768484,1.006962,0.9992415,-0.0250101,-0.02984884,0.02073922,0.9905355,-0.1356807,0.03295972,0.1349588,0.9903029,moving,-8.737472,17.83672,-5.976749,9.961023,-10.181878675598716,28.969841973048727
05/11/2023 12:34:04.834022,3840,True,True,True,True,Eyes,1.295056,-0.2552697,-3.571762,-0.1404216,0.303314,0.9424874,0.0,0.0,0.0,0.0,0.0,0.0,0.0,-1.423763,-0.2566328,3.530849,1.293658,-0.2568498,-3.580549,-0.0675768,0.01824874,-0.011637,0.9974794,352.2768,2.196452,358.5149,0.3393106,-0.06707692,-0.9382792,0,0,0,1.229345,0.0567143,-2.604272,-0.1063119,0.1772513,1.006408,0.9990631,-0.02568172,-0.0348327,0.02074895,0.9905959,-0.1352376,0.03797827,0.1343882,0.9902008,moving,-8.474186,17.83937,-6.030078,9.988651,-9.916693904478336,28.974277003176333
05/11/2023 12:34:04.850019,3841,True,True,True,True,Eyes,1.295393,-0.255266,-3.57177,-0.136091,0.3035282,0.9430534,0.0,0.0,0.0,0.0,0.0,0.0,0.0,-1.440302,-0.256655,3.524118,1.293816,-0.2568339,-3.580478,-0.06764594,0.0205652,-0.01154756,0.9974307,352.2721,2.463178,358.507,0.3393896,-0.06707298,-0.9382508,0,0,0,1.233967,0.05666781,-2.604126,-0.1064055,0.1771199,1.006198,0.9988875,-0.02581808,-0.03946241,0.02025347,0.9905813,-0.1354192,0.04258699,0.1344693,0.9900022,moving,-8.211601,17.84113,-6.036596,9.983436,-9.652244288858473,28.977807430256366
05/11/2023 12:34:04.863772,3842,True,True,True,True,Eyes,1.295722,-0.2552662,-3.571777,-0.1314415,0.3037622,0.9436375,0.0,0.0,0.0,0.0,0.0,0.0,0.0,-1.45538,-0.2552776,3.51819,1.293957,-0.256896,-3.580592,-0.06752129,0.02267766,-0.01146462,0.9973942,352.2893,2.706067,358.5005,0.3394684,-0.06706912,-0.9382226,0,0,0,1.238195,0.05662528,-2.603994,-0.1064866,0.1774292,1.006145,0.9987085,-0.02593193,-0.04368892,0.01980703,0.9906189,-0.1352107,0.04678534,0.1341707,0.9898532,moving,-7.929841,17.84366,-6.041477,10.00103,-9.368462369819488,28.98224429747902
05/11/2023 12:34:04.873713,3843,True,True,True,True,Eyes,1.296055,-0.2552656,-3.571782,-0.1268059,0.3039623,0.9442072,0.0,0.0,0.0,0.0,0.0,0.0,0.0,-1.469323,-0.2518956,3.512691,1.29419,-0.2569949,-3.580557,-0.06721674,0.02461718,-0.01113379,0.9973726,352.3263,2.926738,358.5245,0.339547,-0.06706545,-0.9381944,0,0,0,1.242858,0.05657838,-2.603847,-0.1057581,0.178199,1.005975,0.99854,-0.02551845,-0.04760825,0.01889971,0.9907159,-0.1346284,0.05060176,0.1335321,0.9897518,moving,-7.648985,17.84458,-6.001455,10.0452,-9.085643732646952,28.98504717560595
05/11/2023 12:34:04.893648,3844,True,True,True,True,Eyes,1.296374,-0.2552674,-3.571783,-0.121938,0.3041921,0.9447743,0.0,0.0,0.0,0.0,0.0,0.0,0.0,-1.485332,-0.2493879,3.506177,1.294566,-0.2569686,-3.580468,-0.06692503,0.02683562,-0.01105566,0.9973358,352.3628,3.181572,358.5174,0.3396253,-0.06706192,-0.9381663,0,0,0,1.247293,0.05653377,-2.603708,-0.1060714,0.1787741,1.005667,0.9983152,-0.02564435,-0.05204845,0.01846045,0.9907976,-0.1340868,0.05500805,0.1329001,0.9896017,moving,-7.354269,17.84717,-6.020937,10.07998,-8.788814697625313,28.989631096657362
05/11/2023 12:34:04.913462,3845,True,True,True,True,Eyes,1.296691,-0.2552707,-3.571785,-0.1170776,0.3043797,0.9453284,0.0,0.0,0.0,0.0,0.0,0.0,0.0,-1.502601,-0.2470268,3.49897,1.294816,-0.2570317,-3.580364,-0.06666873,0.0292557,-0.01098167,0.9972858,352.3956,3.459765,358.5082,0.3397033,-0.06705859,-0.9381384,0,0,0,1.251778,0.05648866,-2.603567,-0.106613,0.1793652,1.005357,0.998047,-0.02580461,-0.05688832,0.01800286,0.9908693,-0.1336181,0.05981686,0.132333,0.9893988,moving,-7.06005,17.84768,-6.053305,10.11568,-8.492554634496782,28.992108498831588
05/11/2023 12:34:04.924127,3846,True,True,True,True,Eyes,1.297019,-0.2552736,-3.571786,-0.1121354,0.3045466,0.9458736,0.0,0.0,0.0,0.0,0.0,0.0,0.0,-1.519691,-0.243774,3.491858,1.295041,-0.2570639,-3.580328,-0.06626283,0.03165699,-0.01095392,0.9972398,352.4457,3.735833,358.4946,0.3397807,-0.06705549,-0.9381105,0,0,0,1.256631,0.05643984,-2.603415,-0.1067516,0.1802112,1.005111,0.9977557,-0.02604272,-0.06168754,0.01765199,0.9909785,-0.1328534,0.06459089,0.1314663,0.9892141,moving,-6.760985,17.8472,-6.062591,10.16483,-8.191447858775994,28.993617167087265
05/11/2023 12:34:04.943752,3847,True,True,True,True,Eyes,1.29735,-0.2552765,-3.571789,-0.1072197,0.3046893,0.9463976,0.0,0.0,0.0,0.0,0.0,0.0,0.0,-1.535443,-0.2402796,3.485179,1.295189,-0.2570428,-3.580253,-0.06586125,0.03388316,-0.01080649,0.9971948,352.4945,3.99078,358.4964,0.3398581,-0.06705258,-0.9380827,0,0,0,1.260827,0.05639764,-2.603283,-0.1070583,0.1810175,1.004821,0.9974703,-0.02601552,-0.06615277,0.01708917,0.991091,-0.1320853,0.06899969,0.1306207,0.9890285,moving,-6.46362,17.84578,-6.081612,10.21224,-7.892083759666642,28.99416401362285
05/11/2023 12:34:04.963712,3848,True,True,True,True,Eyes,1.297692,-0.2552825,-3.571792,-0.1022739,0.3047926,0.9469116,0.0,0.0,0.0,0.0,0.0,0.0,0.0,-1.551265,-0.2383724,3.47843,1.29557,-0.2570409,-3.580244,-0.06566963,0.0360921,-0.01069663,0.9971312,352.5194,4.244451,358.4932,0.3399354,-0.06704984,-0.9380549,0,0,0,1.265276,0.05635288,-2.603143,-0.1073349,0.1813986,1.004705,0.9971659,-0.02607219,-0.0705722,0.01659157,0.9911461,-0.1317346,0.07338198,0.1301903,0.9887697,moving,-6.164496,17.84236,-6.097905,10.23444,-7.591014474322651,28.992700275721543
05/11/2023 12:34:04.973502,3849,True,True,True,True,Eyes,1.298031,-0.2552863,-3.571795,-0.09733729,0.3048767,0.9474047,0.0,0.0,0.0,0.0,0.0,0.0,0.0,-1.567575,-0.2357356,3.471335,1.295819,-0.257113,-3.580191,-0.06542695,0.03839352,-0.01049154,0.9970633,352.5498,4.507978,358.5006,0.3400128,-0.06704731,-0.9380271,0,0,0,1.269996,0.0563054,-2.602995,-0.1073472,0.181974,1.004576,0.9968318,-0.0259454,-0.07518867,0.01589752,0.9912185,-0.1312752,0.07793438,0.129664,0.9884905,moving,-5.866043,17.83828,-6.099379,10.26751,-7.290642557753358,28.99056470074889
05/11/2023 12:34:04.993583,3850,True,True,True,True,Eyes,1.298363,-0.2552921,-3.571795,-0.09238474,0.3049736,0.9478693,0.0,0.0,0.0,0.0,0.0,0.0,0.0,-1.5844,-0.2345692,3.463791,1.296049,-0.2570583,-3.580136,-0.06525669,0.04077866,-0.01058129,0.9969788,352.5734,4.783534,358.4732,0.3400904,-0.06704493,-0.9379991,0,0,0,1.274336,0.05626175,-2.602859,-0.1080283,0.1822331,1.004406,0.9964502,-0.02642081,-0.0799299,0.01577649,0.9912592,-0.1309821,0.0826919,0.1292561,0.9881573,moving,-5.56679,17.8354,-6.138813,10.28352,-6.989425587597119,28.98964784736375
05/11/2023 12:34:05.013665,3851,True,True,True,True,Eyes,1.298695,-0.2553012,-3.571796,-0.08744656,0.3050409,0.948316,0.0,0.0,0.0,0.0,0.0,0.0,0.0,-1.601095,-0.2325375,3.456233,1.296247,-0.2571117,-3.58005,-0.06503452,0.04315377,-0.01053621,0.9968938,352.6023,5.056817,358.4618,0.3401679,-0.06704274,-0.9379712,0,0,0,1.278901,0.05621583,-2.602715,-0.1083684,0.1827256,1.004254,0.9960535,-0.02661993,-0.08466902,0.01539399,0.9913189,-0.1305744,0.08740988,0.1287556,0.9878165,moving,-5.268486,17.83121,-6.158916,10.31224,-6.6892073215337975,28.987400051736206
05/11/2023 12:34:05.023837,3852,True,True,True,True,Eyes,1.299005,-0.2553081,-3.571795,-0.08275109,0.3050881,0.9487221,0.0,0.0,0.0,0.0,0.0,0.0,0.0,-1.618023,-0.2294286,3.448635,1.29655,-0.2571949,-3.580018,-0.06473157,0.04555073,-0.01032568,0.9968092,352.6396,5.331222,358.4699,0.3402453,-0.0670408,-0.9379432,0,0,0,1.283401,0.05617056,-2.602574,-0.1088463,0.1834208,1.00413,0.995637,-0.0264826,-0.08947398,0.01468832,0.9914064,-0.1299907,0.09214756,0.1281093,0.9874699,moving,-4.984936,17.82665,-6.186628,10.35188,-6.403856758820479,28.98467975561544
05/11/2023 12:34:05.043605,3853,True,True,True,True,Eyes,1.299314,-0.2553212,-3.571792,-0.07806324,0.3051089,0.9491126,0.0,0.0,0.0,0.0,0.0,0.0,0.0,-1.635236,-0.2265957,3.440715,1.29676,-0.2571673,-3.579964,-0.06450646,0.04800925,-0.009990836,0.9967117,352.6674,5.612007,358.4915,0.3403222,-0.06703906,-0.9379154,0,0,0,1.287908,0.05612523,-2.602433,-0.1092824,0.183864,1.004017,0.9951906,-0.02610978,-0.09441379,0.01372216,0.9914782,-0.129548,0.09699169,0.1276294,0.9870681,moving,-4.701918,17.82091,-6.211918,10.3775,-6.119080746670205,28.980762747929912
05/11/2023 12:34:05.063601,3854,True,True,True,True,Eyes,1.299622,-0.2553304,-3.571791,-0.0736561,0.3051256,0.9494594,0.0,0.0,0.0,0.0,0.0,0.0,0.0,-1.652064,-0.2229266,3.43295,1.297016,-0.2573302,-3.579901,-0.06421606,0.05040981,-0.009594102,0.9966158,352.702,5.885529,358.5212,0.3403986,-0.06703765,-0.9378878,0,0,0,1.292414,0.05607991,-2.602291,-0.1096243,0.1846322,1.003923,0.9947336,-0.02559751,-0.09924624,0.01264903,0.9915685,-0.1289648,0.1017106,0.1270302,0.9866703,moving,-4.435943,17.81573,-6.231775,10.42086,-5.851446535535571,28.977298353152054
05/11/2023 12:34:05.073481,3855,True,True,True,True,Eyes,1.299933,-0.2553403,-3.571789,-0.06924151,0.3051226,0.9497925,0.0,0.0,0.0,0.0,0.0,0.0,0.0,-1.668941,-0.219378,3.425051,1.297212,-0.2572509,-3.579878,-0.06388116,0.05283178,-0.009266183,0.996515,352.742,6.161959,358.5433,0.3404744,-0.06703644,-0.9378604,0,0,0,1.297126,0.0560325,-2.602143,-0.1097791,0.1852321,1.003867,0.9942459,-0.02521769,-0.1041114,0.01171787,0.9916667,-0.1282962,0.1064792,0.126338,0.986256,moving,-4.169585,17.80971,-6.240851,10.45454,-5.583454373982485,28.97298714073876
05/11/2023 12:34:05.093951,3856,True,True,True,True,Eyes,1.300251,-0.2553503,-3.571788,-0.06507672,0.3051304,0.9500844,0.0,0.0,0.0,0.0,0.0,0.0,0.0,-1.686046,-0.2163938,3.416886,1.297566,-0.2572749,-3.579779,-0.06365598,0.05527179,-0.008910021,0.9964003,352.7691,6.440544,358.568,0.3405499,-0.06703542,-0.937833,0,0,0,1.301863,0.05598486,-2.601995,-0.1100854,0.1857187,1.003794,0.9937313,-0.02479265,-0.1090113,0.01071913,0.991737,-0.1278386,0.11128,0.1258687,0.9857858,moving,-3.918396,17.80501,-6.258578,10.48214,-5.330692072123803,28.96990951496737
05/11/2023 12:34:05.113559,3857,True,True,True,True,Eyes,1.300569,-0.2553669,-3.57179,-0.06089971,0.3051117,0.9503673,0.0,0.0,0.0,0.0,0.0,0.0,0.0,-1.702615,-0.2134951,3.408868,1.297729,-0.2572886,-3.579743,-0.06344625,0.05766627,-0.008542923,0.9962812,352.7941,6.713864,358.5942,0.3406253,-0.06703458,-0.9378057,0,0,0,1.306377,0.05593945,-2.601853,-0.1103368,0.1861555,1.003807,0.9932033,-0.02433973,-0.1138196,0.00970489,0.9918032,-0.1274059,0.1159877,0.1254353,0.9852983,moving,-3.666511,17.79902,-6.272677,10.50612,-5.077271497443714,28.96553213815788
05/11/2023 12:34:05.124132,3858,True,True,True,True,Eyes,1.300886,-0.2553841,-3.571792,-0.05686302,0.3051209,0.9506145,0.0,0.0,0.0,0.0,0.0,0.0,0.0,-1.719335,-0.2093791,3.400842,1.298015,-0.2574632,-3.579742,-0.06312422,0.06006878,-0.008089009,0.9961635,352.8312,6.987269,358.6313,0.3407004,-0.06703407,-0.9377785,0,0,0,1.310976,0.0558932,-2.601708,-0.1106096,0.1869768,1.00385,0.9926526,-0.02369954,-0.1186554,0.00853236,0.9918998,-0.1267359,0.1206979,0.1247923,0.9848142,moving,-3.423189,17.79519,-6.287794,10.55099,-4.8324016478945335,28.96328176495606
05/11/2023 12:34:05.143851,3859,True,True,True,True,Eyes,1.301203,-0.2554041,-3.571789,-0.05280315,0.3051129,0.9508511,0.0,0.0,0.0,0.0,0.0,0.0,0.0,-1.736482,-0.2044255,3.392448,1.298217,-0.2574988,-3.579691,-0.06273947,0.06255369,-0.00746916,0.9960397,352.8742,7.268911,358.6875,0.3407754,-0.06703386,-0.9377512,0,0,0,1.315435,0.05584835,-2.601568,-0.1110096,0.1878047,1.0038,0.9920625,-0.02272833,-0.1236747,0.007029989,0.992016,-0.1259164,0.1255491,0.1240475,0.9843016,moving,-3.178514,17.7906,-6.310661,10.59717,-4.586194537600951,28.960271934122304
05/11/2023 12:34:05.165544,3860,True,True,True,True,Eyes,1.301514,-0.2554234,-3.571786,-0.04886563,0.3050926,0.9510681,0.0,0.0,0.0,0.0,0.0,0.0,0.0,-1.753854,-0.2006982,3.383669,1.298494,-0.2575951,-3.579534,-0.06253603,0.06507063,-0.006867226,0.9958956,352.8963,7.554847,358.7402,0.3408503,-0.06703401,-0.937724,0,0,0,1.319907,0.05580335,-2.601428,-0.1115371,0.1883306,1.003722,0.9914373,-0.0218166,-0.1287482,0.005539562,0.9920841,-0.1254524,0.130466,0.123665,0.9837101,moving,-2.941256,17.78569,-6.340888,10.62697,-4.347466003506168,28.956889080239574
05/11/2023 12:34:05.173949,3861,True,True,True,True,Eyes,1.301825,-0.2554446,-3.571784,-0.04490598,0.3050254,0.9512849,0.0,0.0,0.0,0.0,0.0,0.0,0.0,-1.770569,-0.195852,3.375235,1.298656,-0.2575997,-3.579473,-0.06211789,0.06751126,-0.006359428,0.9957626,352.9434,7.832219,358.7845,0.3409248,-0.06703446,-0.9376969,0,0,0,1.324571,0.05575644,-2.601281,-0.1116648,0.1891721,1.003726,0.9908035,-0.02105227,-0.1336603,0.004277645,0.9922019,-0.124568,0.1352404,0.1228507,0.9831672,moving,-2.702676,17.77822,-6.348065,10.67332,-4.107490746216683,28.95092648068004
05/11/2023 12:34:05.213688,3862,True,True,True,True,Eyes,1.302152,-0.2554629,-3.571783,-0.04103012,0.3049588,0.9514813,0.0,0.0,0.0,0.0,0.0,0.0,0.0,-1.787529,-0.1890632,3.366765,1.298921,-0.2576684,-3.579458,-0.0615091,0.06997839,-0.005678123,0.9956342,353.0106,8.111085,358.8503,0.3409992,-0.06703524,-0.9376698,0,0,0,1.329084,0.05571105,-2.60114,-0.1120168,0.1904663,1.003692,0.9901416,-0.01991528,-0.1386473,0.002698052,0.9923688,-0.1232758,0.1400443,0.1216865,0.9826393,moving,-2.469199,17.77115,-6.368127,10.74501,-3.8726404148801263,28.945334319264393
05/11/2023 12:34:05.223650,3863,True,True,True,True,Eyes,1.302496,-0.2554837,-3.571783,-0.03720334,0.3048844,0.9516624,0.0,0.0,0.0,0.0,0.0,0.0,0.0,-1.805124,-0.1844053,3.357526,1.299101,-0.2576121,-3.579306,-0.06116305,0.0725635,-0.00507015,0.9954737,353.0481,8.404742,358.9049,0.3410736,-0.06703623,-0.9376426,0,0,0,1.333627,0.05566535,-2.600997,-0.1125124,0.1911087,1.003614,0.9894177,-0.01897081,-0.1438499,0.001217993,0.9924667,-0.1225082,0.1450903,0.1210366,0.9819872,moving,-2.238724,17.76392,-6.396564,10.78122,-3.6408180108560533,28.939560356930485
05/11/2023 12:34:05.223650,3864,True,True,True,True,Eyes,1.302834,-0.2555032,-3.571782,-0.03333973,0.3047867,0.9518369,0.0,0.0,0.0,0.0,0.0,0.0,0.0,-1.823257,-0.1791585,3.348,1.29936,-0.257701,-3.579207,-0.06084485,0.07522503,-0.004266042,0.9952995,353.0804,8.706008,358.9815,0.3411486,-0.06703745,-0.9376153,0,0,0,1.338115,0.05562021,-2.600856,-0.1132071,0.1918408,1.003605,0.988646,-0.01764609,-0.1492237,-0.0006621333,0.9925594,-0.1217595,0.150262,0.1204759,0.9812782,moving,-2.006063,17.75553,-6.43579,10.82164,-3.4068327981390762,28.93262802849016
05/11/2023 12:34:05.243680,3865,True,True,True,True,Eyes,1.303172,-0.2555277,-3.571777,-0.02942735,0.3046499,0.9520097,0.0,0.0,0.0,0.0,0.0,0.0,0.0,-1.840667,-0.1745581,3.338663,1.299513,-0.2576896,-3.579114,-0.06050446,0.07780094,-0.003688925,0.9951245,353.1169,8.998986,359.0329,0.341224,-0.06703886,-0.9375877,0,0,0,1.344807,0.0555529,-2.600646,-0.111577,0.1924589,1.004033,0.9878668,-0.01675649,-0.1543968,-0.002072727,0.9926512,-0.1209929,0.1552896,0.1198449,0.9805725,moving,-1.770493,17.74505,-6.341197,10.85117,-3.1699874532918786,28.923601779198805
05/11/2023 12:34:05.264075,3866,True,True,True,True,Eyes,1.303509,-0.2555573,-3.571772,-0.02552879,0.3044793,0.9521769,0.0,0.0,0.0,0.0,0.0,0.0,0.0,-1.859243,-0.1682974,3.328657,1.299812,-0.2578343,-3.578977,-0.05994026,0.08053697,-0.003143757,0.9949428,353.179,9.310304,359.0818,0.3412996,-0.06704057,-0.9375601,0,0,0,1.347299,0.05552783,-2.600568,-0.1145465,0.1937484,1.003531,0.9870078,-0.01591053,-0.1598825,-0.003399098,0.9927945,-0.1197806,0.1606362,0.1187679,0.9798419,moving,-1.535788,17.73281,-6.511755,10.92746,-2.9340710656763336,28.912790127399212
05/11/2023 12:34:05.274142,3867,True,True,True,True,Eyes,1.30384,-0.255592,-3.571765,-0.02159253,0.3042496,0.9523476,0.0,0.0,0.0,0.0,0.0,0.0,0.0,-1.877598,-0.1600873,3.318678,1.299959,-0.2579893,-3.578851,-0.05916802,0.08327273,-0.002446918,0.9947658,353.2632,9.620246,359.1506,0.3413755,-0.06704269,-0.9375323,0,0,0,1.351666,0.0554839,-2.600431,-0.1154409,0.1954418,1.003355,0.9861193,-0.01472238,-0.1653841,-0.004985944,0.9929863,-0.1181241,0.1659632,0.1173091,0.9791296,moving,-1.298842,17.71729,-6.563299,11.02252,-2.696006361765754,28.898676824837402
05/11/2023 12:34:05.293904,3868,True,True,True,True,Eyes,1.304179,-0.2556233,-3.571762,-0.01771054,0.304033,0.9524968,0.0,0.0,0.0,0.0,0.0,0.0,0.0,-1.895377,-0.1510419,3.308947,1.300122,-0.2581463,-3.578748,-0.05830548,0.08592942,-0.001685221,0.9945923,353.3565,9.920573,359.2286,0.3414515,-0.06704531,-0.9375044,0,0,0,1.35647,0.05543558,-2.60028,-0.115735,0.1973059,1.003287,0.9852266,-0.01337253,-0.1707329,-0.006668095,0.9931952,-0.11627,0.171126,0.1156907,0.9784332,moving,-1.065224,17.70287,-6.580315,11.12578,-2.4612563010917987,28.88565360469039
05/11/2023 12:34:05.313795,3869,True,True,True,True,Eyes,1.304515,-0.2556603,-3.571758,-0.01380103,0.3037815,0.9526418,0.0,0.0,0.0,0.0,0.0,0.0,0.0,-1.911929,-0.1426806,3.299735,1.300232,-0.2580978,-3.578668,-0.05748108,0.08841753,-0.000985397,0.9944231,353.4456,10.20204,359.3007,0.3415278,-0.0670483,-0.9374764,0,0,0,1.360752,0.0553925,-2.600145,-0.1161887,0.1988853,1.00319,0.9843628,-0.01212447,-0.1757356,-0.008204867,0.9933899,-0.1144953,0.1759622,0.1141468,0.9777565,moving,-0.8299924,17.68661,-6.606518,11.21365,-2.22494218128082,28.870780615657424
05/11/2023 12:34:05.323437,3870,True,True,True,True,Eyes,1.304872,-0.2556946,-3.57176,-0.009959936,0.303551,0.9527632,0.0,0.0,0.0,0.0,0.0,0.0,0.0,-1.928807,-0.1355486,3.290246,1.30048,-0.2582744,-3.578608,-0.05690765,0.09094328,-0.0002043266,0.9942288,353.5047,10.48794,359.3797,0.3416043,-0.06705175,-0.9374483,0,0,0,1.365538,0.05534437,-2.599995,-0.1163384,0.2001659,1.00333,0.9834585,-0.01075703,-0.1808136,-0.009944441,0.9935229,-0.1131956,0.1808601,0.1131213,0.9769817,moving,-0.5989332,17.67192,-6.61404,11.28247,-1.992777424033231,28.85746732244539
05/11/2023 12:34:05.344134,3871,True,True,True,True,Eyes,1.305225,-0.2557292,-3.571762,-0.006093049,0.3033015,0.9528751,0.0,0.0,0.0,0.0,0.0,0.0,0.0,-1.945189,-0.1302467,3.280746,1.300559,-0.2582492,-3.578529,-0.05649027,0.09342498,0.000403188,0.9940224,353.5474,10.77025,359.4376,0.3416813,-0.06705554,-0.9374199,0,0,0,1.370013,0.05529935,-2.599855,-0.1166333,0.200922,1.003478,0.9825432,-0.009753647,-0.1857786,-0.01135676,0.9936174,-0.1122298,0.1856875,0.1123805,0.9761612,moving,-0.3663662,17.65635,-6.629692,11.32237,-1.759123495953697,28.843274264977477
05/11/2023 12:34:05.363777,3872,True,True,True,True,Eyes,1.30561,-0.2557667,-3.571769,-0.002309787,0.303107,0.9529537,0.0,0.0,0.0,0.0,0.0,0.0,0.0,-1.961183,-0.1256426,3.271397,1.300786,-0.2582917,-3.57845,-0.05611233,0.09583076,0.0008588288,0.9938144,353.587,11.04491,359.4783,0.3417588,-0.06705964,-0.9373913,0,0,0,1.37446,0.05525462,-2.599715,-0.1170355,0.2016556,1.003643,0.9816315,-0.009047544,-0.1905724,-0.01246161,0.9937013,-0.1113659,0.1903796,0.1116951,0.9753357,moving,-0.1388743,17.64436,-6.651263,11.36081,-1.5304615956678291,28.83266730873188
05/11/2023 12:34:05.374224,3873,True,True,True,True,Eyes,1.305983,-0.2558095,-3.571775,0.001461697,0.3028919,0.9530238,0.0,0.0,0.0,0.0,0.0,0.0,0.0,-1.976103,-0.1197511,3.262472,1.300818,-0.2584016,-3.578289,-0.05564392,0.09811508,0.001497647,0.9936172,353.6345,11.30428,359.5421,0.3418373,-0.06706405,-0.9373624,0,0,0,1.379106,0.05520788,-2.599569,-0.1167021,0.2026415,1.003837,0.9807424,-0.007942838,-0.1951443,-0.01389519,0.9938031,-0.1102836,0.194811,0.1108714,0.9745544,moving,0.08787712,17.6314,-6.631214,11.41275,-1.3025772391426953,28.821074593700327
05/11/2023 12:34:05.393972,3874,True,True,True,True,Eyes,1.306381,-0.2558468,-3.571787,0.005100143,0.3026863,0.9530765,0.0,0.0,0.0,0.0,0.0,0.0,0.0,-1.988995,-0.114058,3.254794,1.300895,-0.258586,-3.578212,-0.05527649,0.1000899,0.002281349,0.9934392,353.6683,11.5272,359.6234,0.3419166,-0.06706892,-0.9373332,0,0,0,1.383508,0.05516361,-2.599431,-0.1159863,0.2034903,1.004198,0.9799536,-0.006532473,-0.1991186,-0.015598,0.9938787,-0.109371,0.1986142,0.1102843,0.9738531,moving,0.3066007,17.61926,-6.588549,11.45528,-1.0827489294177957,28.810257501018345
05/11/2023 12:34:05.413936,3875,True,True,True,True,Eyes,1.306775,-0.2558848,-3.571799,0.008731162,0.3024656,0.9531204,0.0,0.0,0.0,0.0,0.0,0.0,0.0,-2.000542,-0.1090034,3.247785,1.300965,-0.2584918,-3.578104,-0.05483498,0.1018617,0.002808112,0.9932823,353.7132,11.7282,359.6776,0.3419971,-0.06707401,-0.9373035,0,0,0,1.388039,0.05511803,-2.599289,-0.1148576,0.2041949,1.004552,0.9792326,-0.005592669,-0.2026628,-0.01674966,0.9939705,-0.1083611,0.2020468,0.1095053,0.9732347,moving,0.5248495,17.60645,-6.522708,11.48995,-0.8634207480346712,28.798759768003656
05/11/2023 12:34:05.423869,3876,True,True,True,True,Eyes,1.307187,-0.2559225,-3.571813,0.01226065,0.3023218,0.9531271,0.0,0.0,0.0,0.0,0.0,0.0,0.0,-2.012621,-0.1057879,3.240491,1.301265,-0.2585486,-3.578055,-0.05452858,0.1036754,0.003011309,0.9931107,353.7463,11.93633,359.6931,0.3420784,-0.06707932,-0.9372734,0,0,0,1.39268,0.05507135,-2.599143,-0.1141237,0.2047582,1.005004,0.9784847,-0.005325416,-0.2062507,-0.01728767,0.9940351,-0.1076814,0.2055939,0.1089302,0.9725561,moving,0.7369897,17.59847,-6.478497,11.51575,-0.6500840076156222,28.79210519070753
05/11/2023 12:34:05.443512,3877,True,True,True,True,Eyes,1.307581,-0.2559642,-3.571822,0.01577992,0.3021626,0.9531258,0.0,0.0,0.0,0.0,0.0,0.0,0.0,-2.024733,-0.1062272,3.232732,1.301313,-0.2585863,-3.577862,-0.05476876,0.1055381,0.003242331,0.9929006,353.7167,12.15089,359.7048,0.3421611,-0.06708482,-0.9372429,0,0,0,1.39735,0.05502437,-2.598996,-0.1132071,0.2042028,1.005603,0.9777024,-0.005121756,-0.2099328,-0.01799901,0.9939798,-0.1080755,0.2092226,0.1094442,0.9717242,moving,0.9485007,17.58981,-6.423106,11.47869,-0.4374032075418335,28.78475883191647
05/11/2023 12:34:05.463748,3878,True,True,True,True,Eyes,1.307958,-0.2560073,-3.571826,0.01959794,0.3021255,0.9530667,0.0,0.0,0.0,0.0,0.0,0.0,0.0,-2.035414,-0.104118,3.225926,1.301281,-0.2587132,-3.57772,-0.05449228,0.1071911,0.003161647,0.992739,353.7498,12.3423,359.6885,0.3422445,-0.0670906,-0.937212,0,0,0,1.401633,0.05498129,-2.598862,-0.1123153,0.2047807,1.006026,0.9770001,-0.005404796,-0.2131702,-0.01795956,0.9940412,-0.1075154,0.212481,0.108871,0.9710813,moving,1.178009,17.5888,-6.370267,11.5056,-0.20634915620572025,28.785267816312487
05/11/2023 12:34:05.483459,3879,True,True,True,True,Eyes,1.308318,-0.256057,-3.571828,0.02333628,0.3020667,0.9530011,0.0,0.0,0.0,0.0,0.0,0.0,0.0,-2.044255,-0.09943751,3.220278,1.301203,-0.2588045,-3.577562,-0.05397068,0.108579,0.003373919,0.992616,353.8071,12.50081,359.7106,0.3423282,-0.0670967,-0.937181,0,0,0,1.406333,0.05493401,-2.598714,-0.1102781,0.2058066,1.006533,0.9763985,-0.005022147,-0.2159186,-0.01841817,0.9941516,-0.1064116,0.2151902,0.107877,0.9705956,moving,1.40273,17.58672,-6.25252,11.55602,0.01984939307217548,28.784662944019477
05/11/2023 12:34:05.493847,3880,True,True,True,True,Eyes,1.30866,-0.2561066,-3.57183,0.02722901,0.3021331,0.9528769,0.0,0.0,0.0,0.0,0.0,0.0,0.0,-2.051048,-0.09516662,3.21599,1.301177,-0.2590206,-3.57747,-0.05368737,0.1096496,0.003934143,0.9925116,353.8326,12.6209,359.7715,0.3424119,-0.06710326,-0.93715,0,0,0,1.41075,0.05488959,-2.598576,-0.1077868,0.2064682,1.00724,0.975923,-0.00396423,-0.2180794,-0.01958296,0.9942044,-0.1057079,0.2172345,0.1074334,0.9701893,moving,1.636815,17.5925,-6.108088,11.58425,0.2557354168551682,28.79206819499667
05/11/2023 12:34:05.513990,3881,True,True,True,True,Eyes,1.308995,-0.2561528,-3.571832,0.03100798,0.302152,0.9527553,0.0,0.0,0.0,0.0,0.0,0.0,0.0,-2.055807,-0.08833149,3.213095,1.301087,-0.259088,-3.577453,-0.05299666,0.1104178,0.004491047,0.9924612,353.9045,12.7054,359.8393,0.342495,-0.06711025,-0.9371191,0,0,0,1.415375,0.05484306,-2.59843,-0.1044176,0.2077821,1.00798,0.9755755,-0.002789169,-0.2196467,-0.02061792,0.9943423,-0.1042025,0.2186947,0.106186,0.9699985,moving,1.864067,17.59564,-5.914234,11.64764,0.48465442002640025,28.796758434128378
05/11/2023 12:34:05.523605,3882,True,True,True,True,Eyes,1.309311,-0.2561946,-3.57183,0.03490049,0.3022473,0.9525905,0.0,0.0,0.0,0.0,0.0,0.0,0.0,-2.059871,-0.08313629,3.210682,1.30125,-0.259057,-3.577443,-0.05244242,0.1110363,0.004875246,0.9924198,353.9629,12.77389,359.8865,0.3425775,-0.06711754,-0.9370884,0,0,0,1.420048,0.05479606,-2.598284,-0.101052,0.2087184,1.008759,0.9752944,-0.001969443,-0.2209006,-0.0213226,0.994452,-0.1030071,0.2198779,0.1051724,0.9698414,moving,2.098233,17.6037,-5.720494,11.68989,0.7206971451683009,28.806469661553763
05/11/2023 12:34:05.544034,3883,True,True,True,True,Eyes,1.309618,-0.2562409,-3.57183,0.03870586,0.302333,0.9524162,0.0,0.0,0.0,0.0,0.0,0.0,0.0,-2.065624,-0.08067727,3.206981,1.301319,-0.2590151,-3.577362,-0.05228553,0.1119304,0.005238426,0.9923258,353.9762,12.87504,359.9246,0.3426591,-0.06712501,-0.937058,0,0,0,1.424526,0.05475102,-2.598143,-0.0983602,0.2088465,1.009558,0.9748883,-0.001308231,-0.2226907,-0.02210113,0.9944776,-0.1025959,0.2215951,0.1049412,0.9694756,moving,2.3272,17.61141,-5.564704,11.68787,0.9514935654236965,28.815792319810832
05/11/2023 12:34:05.564022,3884,True,True,True,True,Eyes,1.309909,-0.2562841,-3.571829,0.04256507,0.3024659,0.9522094,0.0,0.0,0.0,0.0,0.0,0.0,0.0,-2.072245,-0.07799155,3.202854,1.301418,-0.2591845,-3.577386,-0.05222461,0.1129565,0.005793703,0.9922097,353.976,12.99048,359.9827,0.3427396,-0.06713275,-0.9370281,0,0,0,1.428966,0.05470635,-2.598004,-0.09593345,0.2089694,1.010502,0.9744145,-0.0003010835,-0.2247583,-0.02329536,0.994478,-0.1023266,0.223548,0.1049444,0.9690268,moving,2.559496,17.62226,-5.423203,11.68393,1.1857453774019695,28.82831220505995
05/11/2023 12:34:05.574138,3885,True,True,True,True,Eyes,1.310193,-0.2563246,-3.571824,0.04634083,0.3025879,0.9519942,0.0,0.0,0.0,0.0,0.0,0.0,0.0,-2.078609,-0.07629487,3.198707,1.301378,-0.2591789,-3.577347,-0.05224945,0.1139648,0.006279599,0.9920902,353.9669,13.10441,0.03172591,0.3428188,-0.06714068,-0.9369985,0,0,0,1.433524,0.05466051,-2.59786,-0.09325513,0.2087371,1.011476,0.9739452,0.0005506541,-0.226783,-0.02436906,0.9944612,-0.102241,0.2254706,0.1051036,0.968564,moving,2.786824,17.63267,-5.267613,11.66037,1.4149805075822788,28.840354057271387
05/11/2023 12:34:05.593700,3886,True,True,True,True,Eyes,1.310469,-0.2563629,-3.571822,0.05013012,0.3027675,0.9517452,0.0,0.0,0.0,0.0,0.0,0.0,0.0,-2.085275,-0.07404363,3.194313,1.301497,-0.2591695,-3.577209,-0.05218832,0.1150014,0.006748847,0.9919707,353.9676,13.22161,0.0798461,0.3428966,-0.0671487,-0.9369695,0,0,0,1.438214,0.05461333,-2.597713,-0.09064519,0.2086782,1.012325,0.9734583,0.001385861,-0.2288603,-0.02539277,0.9944617,-0.1019863,0.2274515,0.1050908,0.9681021,moving,3.015085,17.64682,-5.116712,11.64766,1.6452783195341216,28.856183854869492
05/11/2023 12:34:05.613759,3887,True,True,True,True,Eyes,1.31074,-0.2563975,-3.571822,0.05384231,0.3029355,0.9514889,0.0,0.0,0.0,0.0,0.0,0.0,0.0,-2.091851,-0.07113412,3.190116,1.301501,-0.2591847,-3.577242,-0.05211057,0.1160416,0.007374546,0.9918491,353.968,13.3383,0.1460471,0.3429731,-0.06715675,-0.9369409,0,0,0,1.44267,0.05456851,-2.597573,-0.0881173,0.2086495,1.013322,0.9729599,0.002534885,-0.2309601,-0.02672286,0.9944602,-0.1016601,0.2294229,0.1050831,0.9676377,moving,3.238767,17.66046,-4.969874,11.63496,1.8709488189900254,28.87146743215558
05/11/2023 12:34:05.623499,3888,True,True,True,True,Eyes,1.310998,-0.2564261,-3.571822,0.05759763,0.3031373,0.9512047,0.0,0.0,0.0,0.0,0.0,0.0,0.0,-2.098931,-0.06876153,3.185551,1.301633,-0.2591439,-3.577229,-0.05205606,0.1171409,0.007896862,0.9917188,353.9671,13.46249,0.1997593,0.3430481,-0.06716474,-0.9369129,0,0,0,1.447468,0.05452025,-2.597423,-0.0855538,0.2085101,1.014336,0.9724313,0.003467143,-0.2331638,-0.02785872,0.9944556,-0.1013999,0.2315195,0.1051,0.9671363,moving,3.46516,17.67645,-4.821179,11.61608,2.099426421508749,28.889145302421348
05/11/2023 12:34:05.643581,3889,True,True,True,True,Eyes,1.311254,-0.2564569,-3.571826,0.06128966,0.3033749,0.9508981,0.0,0.0,0.0,0.0,0.0,0.0,0.0,-2.105666,-0.06889945,3.181117,1.301669,-0.25906,-3.577238,-0.05235315,0.1181974,0.008401087,0.9915736,353.9262,13.58227,0.246875,0.3431216,-0.06717253,-0.9368855,0,0,0,1.451677,0.0544779,-2.597291,-0.08342505,0.2076233,1.0154,0.9719176,0.004284581,-0.2352824,-0.0290366,0.9943771,-0.101838,0.2335231,0.10581,0.9665771,moving,3.687869,17.69479,-4.696858,11.55622,2.3242721288846067,28.909174826846165
05/11/2023 12:34:05.663823,3890,True,True,True,True,Eyes,1.311481,-0.2564851,-3.571829,0.06509988,0.3036352,0.9505617,0.0,0.0,0.0,0.0,0.0,0.0,0.0,-2.113795,-0.07127792,3.175848,1.301872,-0.25916,-3.577316,-0.05292962,0.1194366,0.008738874,0.9913915,353.8556,13.72457,0.2699148,0.3431936,-0.06718017,-0.9368586,0,0,0,1.456184,0.05443257,-2.597149,-0.0816727,0.2063424,1.016677,0.9713171,0.004683821,-0.237742,-0.02997076,0.9942442,-0.1028605,0.2358918,0.1070354,0.9658667,moving,3.917824,17.71489,-4.592879,11.47278,2.5564716953764766,28.931032299254493
05/11/2023 12:34:05.673836,3891,True,True,True,True,Eyes,1.311712,-0.2565095,-3.571831,0.0688807,0.3039407,0.9501976,0.0,0.0,0.0,0.0,0.0,0.0,0.0,-2.123642,-0.06791559,3.169482,1.30202,-0.2591512,-3.577383,-0.05280056,0.1209727,0.009355125,0.9912064,353.8613,13.89878,0.3325551,0.3432635,-0.06718764,-0.9368324,0,0,0,1.460961,0.05438453,-2.596999,-0.08001158,0.2063543,1.017711,0.9705562,0.005770868,-0.2408058,-0.03132058,0.9942492,-0.1024091,0.23883,0.1069359,0.9651554,moving,4.146172,17.73797,-4.495301,11.46209,2.787151420175567,28.95589230274379
05/11/2023 12:34:05.693961,3892,True,True,True,True,Eyes,1.311912,-0.2565348,-3.571836,0.07276195,0.3042748,0.9498013,0.0,0.0,0.0,0.0,0.0,0.0,0.0,-2.13532,-0.06999046,3.161614,1.302321,-0.2591095,-3.577306,-0.05349772,0.1227713,0.0100063,0.9909416,353.7721,14.10419,0.3858957,0.3433318,-0.06719486,-0.9368069,0,0,0,1.465439,0.05433948,-2.596858,-0.07934402,0.2046703,1.018798,0.9696541,0.00669535,-0.244389,-0.0329673,0.9940757,-0.1035693,0.2422478,0.1084832,0.9641304,moving,4.380733,17.76319,-4.453206,11.35916,3.0241574209647046,28.982957606060012
05/11/2023 12:34:05.713658,3893,True,True,True,True,Eyes,1.312115,-0.2565611,-3.571843,0.07664207,0.3045799,0.9493982,0.0,0.0,0.0,0.0,0.0,0.0,0.0,-2.146029,-0.07034472,3.154626,1.302404,-0.2591788,-3.577516,-0.05382701,0.1244411,0.01041295,0.9907112,353.7282,14.29576,0.4170842,0.3433979,-0.0672019,-0.9367822,0,0,0,1.469871,0.0542949,-2.596719,-0.07842191,0.2038264,1.020087,0.968812,0.007235862,-0.2476913,-0.03402903,0.9939885,-0.1040624,0.2454494,0.1092456,0.9632341,moving,4.615308,17.78695,-4.396118,11.29961,3.261129399503237,29.00854671451417
05/11/2023 12:34:05.724077,3894,True,True,True,True,Eyes,1.312283,-0.2565887,-3.571847,0.08064387,0.3049087,0.9489611,0.0,0.0,0.0,0.0,0.0,0.0,0.0,-2.158898,-0.06830007,3.146009,1.30266,-0.2592229,-3.577535,-0.05360627,0.1264312,0.01040633,0.9904713,353.7526,14.52645,0.4068894,0.343462,-0.06720877,-0.9367582,0,0,0,1.474557,0.05424776,-2.596572,-0.0782022,0.2041394,1.020938,0.9678137,0.007059324,-0.2515686,-0.03416934,0.9940362,-0.1035596,0.2493373,0.1088223,0.962283,moving,4.857395,17.81262,-4.380213,11.30733,3.5057280109518745,29.03611721795939
05/11/2023 12:34:05.743459,3895,True,True,True,True,Eyes,1.312448,-0.2566186,-3.571858,0.08461432,0.3052227,0.9485143,0.0,0.0,0.0,0.0,0.0,0.0,0.0,-2.171049,-0.06673646,3.13781,1.302755,-0.2592949,-3.577618,-0.05369008,0.1283445,0.0108557,0.9902159,353.7356,14.74583,0.4448302,0.3435234,-0.06721558,-0.9367352,0,0,0,1.478856,0.05420452,-2.596437,-0.07786103,0.2038107,1.021963,0.9668197,0.007717316,-0.2553432,-0.03528062,0.9939991,-0.103543,0.2530118,0.1091161,0.9612901,moving,5.097703,17.83767,-4.356818,11.27856,3.7485149487979097,29.063048942968127
05/11/2023 12:34:05.763618,3896,True,True,True,True,Eyes,1.312577,-0.2566479,-3.571863,0.08865555,0.3055089,0.948053,0.0,0.0,0.0,0.0,0.0,0.0,0.0,-2.182813,-0.06312528,3.12992,1.302823,-0.2593958,-3.577768,-0.0536214,0.1302141,0.01158767,0.989967,353.7317,14.95829,0.5175194,0.3435825,-0.06722236,-0.936713,0,0,0,1.483452,0.05415829,-2.596293,-0.07698938,0.203762,1.023127,0.9658201,0.008978295,-0.259058,-0.03690734,0.9939809,-0.1031491,0.2565726,0.1091846,0.9603381,moving,5.34238,17.86147,-4.303345,11.26343,3.9956597483702696,29.088745853009346
05/11/2023 12:34:05.773840,3897,True,True,True,True,Eyes,1.312722,-0.2566745,-3.571874,0.09270374,0.3057742,0.9475802,0.0,0.0,0.0,0.0,0.0,0.0,0.0,-2.194123,-0.05632716,3.122318,1.303019,-0.2594177,-3.577857,-0.05310164,0.1320088,0.01237652,0.9897479,353.778,15.16128,0.6040002,0.3436385,-0.06722915,-0.936692,0,0,0,1.488051,0.05411202,-2.596148,-0.07600889,0.2045543,1.024046,0.964841,0.01047949,-0.2626252,-0.03851902,0.994054,-0.1018468,0.2599964,0.1083821,0.9595078,moving,5.587584,17.88435,-4.244943,11.29622,4.243304852460639,29.113516013034168
05/11/2023 12:34:05.793808,3898,True,True,True,True,Eyes,1.312881,-0.2567067,-3.571895,0.09682716,0.306009,0.9470919,0.0,0.0,0.0,0.0,0.0,0.0,0.0,-2.209261,-0.05227706,3.112018,1.303522,-0.2593869,-3.577956,-0.05291219,0.134359,0.0129841,0.989434,353.7887,15.43034,0.6613864,0.3436922,-0.06723584,-0.9366718,0,0,0,1.492424,0.05406805,-2.596011,-0.0768126,0.2046649,1.024874,0.9635581,0.01147536,-0.2672527,-0.03991227,0.9940634,-0.1012172,0.2645047,0.1081953,0.9582959,moving,5.837426,17.90585,-4.28621,11.29327,4.495574384492436,29.136921701335787
05/11/2023 12:34:05.813767,3899,True,True,True,True,Eyes,1.313046,-0.2567427,-3.571924,0.1010115,0.3061857,0.9465976,0.0,0.0,0.0,0.0,0.0,0.0,0.0,-2.227292,-0.04722095,3.099522,1.303845,-0.2595637,-3.578088,-0.05269313,0.1372111,0.01371815,0.9890442,353.8002,15.75702,0.7305474,0.343744,-0.06724258,-0.9366523,0,0,0,1.497045,0.05402156,-2.595866,-0.07818289,0.2050084,1.025808,0.9619699,0.01267554,-0.2728615,-0.04159587,0.9940705,-0.1004671,0.26997,0.1079962,0.9567931,moving,6.090986,17.92428,-4.358425,11.30171,4.7514863158836125,29.15724792963356
05/11/2023 12:34:05.823529,3900,True,True,True,True,Eyes,1.31321,-0.2567784,-3.571961,0.1052942,0.306265,0.9461051,0.0,0.0,0.0,0.0,0.0,0.0,0.0,-2.24653,-0.03905338,3.086049,1.304137,-0.259691,-3.578254,-0.05195231,0.1402777,0.01432799,0.9886445,353.8723,16.10903,0.7926617,0.3437941,-0.06724942,-0.9366334,0,0,0,1.501806,0.05397367,-2.595716,-0.07986572,0.2063802,1.026581,0.9602338,0.01375508,-0.2788582,-0.04290606,0.9941913,-0.09870493,0.2758807,0.1067445,0.9552463,moving,6.350446,17.93736,-4.448524,11.36702,5.013162514929599,29.17220381008776
05/11/2023 12:34:05.843654,3901,True,True,True,True,Eyes,1.31338,-0.2568149,-3.572006,0.1096258,0.3063082,0.945599,0.0,0.0,0.0,0.0,0.0,0.0,0.0,-2.2657,-0.03050208,3.072413,1.304375,-0.2597114,-3.578436,-0.05112531,0.1433554,0.01490919,0.9882374,353.9543,16.46264,0.8532965,0.3438427,-0.06725637,-0.9366151,0,0,0,1.506278,0.05392869,-2.595576,-0.08182083,0.2078373,1.027258,0.958454,0.01480945,-0.2848628,-0.04412581,0.9943278,-0.09677328,0.2818139,0.1053225,0.9536709,moving,6.612932,17.94871,-4.553982,11.43783,5.2778285159302385,29.185430566061637
05/11/2023 12:34:05.863793,3902,True,True,True,True,Eyes,1.313554,-0.2568518,-3.572063,0.1139916,0.3062897,0.9450887,0.0,0.0,0.0,0.0,0.0,0.0,0.0,-2.284144,-0.0246698,3.059142,1.304681,-0.2597657,-3.578631,-0.05060674,0.1463048,0.01530956,0.9878258,354.0039,16.80284,0.8894531,0.34389,-0.06726339,-0.9365972,0,0,0,1.510777,0.05388343,-2.595435,-0.08369514,0.2087133,1.028086,0.9567211,0.01543834,-0.2905968,-0.04505436,0.9944092,-0.09550155,0.2874977,0.104461,0.9520677,moving,6.877489,17.95677,-4.654114,11.47575,5.544471334030552,29.195344426231028
05/11/2023 12:34:05.879514,3903,True,True,True,True,Eyes,1.313737,-0.2568832,-3.572128,0.1184228,0.3062618,0.9445526,0.0,0.0,0.0,0.0,0.0,0.0,0.0,-2.302027,-0.02067342,3.046159,1.304933,-0.2597993,-3.578895,-0.05019584,0.1491662,0.01541647,0.987417,354.0461,17.13475,0.8912045,0.3439361,-0.06727047,-0.9365798,0,0,0,1.515401,0.05383692,-2.595289,-0.08541782,0.2093677,1.029084,0.9550236,0.01546993,-0.2961261,-0.04542001,0.9944854,-0.0945292,0.2930307,0.1037277,0.9504597,moving,7.14614,17.96477,-4.744886,11.4999,5.815234341763062,29.20522491386827
05/11/2023 12:34:05.893884,3904,True,True,True,True,Eyes,1.313916,-0.2569109,-3.572199,0.1229052,0.3062057,0.943998,0.0,0.0,0.0,0.0,0.0,0.0,0.0,-2.321224,-0.01977661,3.03194,1.305323,-0.2596874,-3.579082,-0.05002306,0.1522138,0.01513353,0.986965,354.0679,17.49093,0.8435944,0.3439812,-0.06727744,-0.9365627,0,0,0,1.519911,0.05379156,-2.595148,-0.08798572,0.2094658,1.029964,0.9532039,0.01464413,-0.3019735,-0.04510093,0.9945374,-0.09413495,0.2989453,0.1033491,0.9486573,moving,7.417978,17.97157,-4.882698,11.49558,6.089166726846244,29.213913263339087
05/11/2023 12:34:05.918591,3905,True,True,True,True,Eyes,1.3141,-0.2569462,-3.572278,0.1274448,0.3061741,0.9434062,0.0,0.0,0.0,0.0,0.0,0.0,0.0,-2.340586,-0.02121392,3.017406,1.305631,-0.2596088,-3.57931,-0.05021037,0.1553052,0.01486423,0.9864777,354.0489,17.85262,0.7909936,0.3440253,-0.06728421,-0.936546,0,0,0,1.524261,0.0537478,-2.595011,-0.09077828,0.2088538,1.031007,0.9513187,0.0137306,-0.3079028,-0.04492232,0.994516,-0.09444584,0.3049175,0.1036798,0.9467185,moving,7.693513,17.98038,-5.031813,11.4516,6.3668877930708,29.224658686824775
05/11/2023 12:34:05.923771,3906,True,True,True,True,Eyes,1.314271,-0.25698,-3.572358,0.1319511,0.3060812,0.9428166,0.0,0.0,0.0,0.0,0.0,0.0,0.0,-2.359472,-0.0227595,3.002985,1.305884,-0.2598217,-3.579484,-0.05046527,0.1583428,0.0146139,0.9859854,354.0222,18.20825,0.7395227,0.3440686,-0.06729098,-0.9365296,0,0,0,1.528864,0.0537015,-2.594867,-0.09316882,0.2083746,1.032175,0.949428,0.01283656,-0.3137225,-0.04479982,0.9944794,-0.09488805,0.3107725,0.1041441,0.9447616,moving,7.967032,17.98579,-5.157799,11.41341,6.642466932076081,29.231952737138702
05/11/2023 12:34:05.943682,3907,True,True,True,True,Eyes,1.314446,-0.2570139,-3.572446,0.1364611,0.3059995,0.942201,0.0,0.0,0.0,0.0,0.0,0.0,0.0,-2.375666,-0.02492046,2.990459,1.306057,-0.259796,-3.579662,-0.05061679,0.160953,0.01411097,0.9855623,354.0123,18.51557,0.6637194,0.3441108,-0.06729773,-0.9365137,0,0,0,1.533453,0.05365534,-2.594723,-0.09475254,0.207895,1.033377,0.94779,0.01152063,-0.3186869,-0.04410833,0.9944776,-0.0952296,0.3158298,0.1043144,0.9430641,moving,8.240976,17.99229,-5.238925,11.37494,6.9185099192609325,29.240351781524662
05/11/2023 12:34:05.963736,3908,True,True,True,True,Eyes,1.314601,-0.2570461,-3.572534,0.1408715,0.3059138,0.9415795,0.0,0.0,0.0,0.0,0.0,0.0,0.0,-2.389839,-0.02715099,2.979488,1.306286,-0.259822,-3.579878,-0.05074197,0.1632262,0.01355808,0.9851898,354.007,18.784,0.5847425,0.344152,-0.06730442,-0.936498,0,0,0,1.537848,0.05361113,-2.594585,-0.095924,0.2075324,1.034598,0.9463469,0.01014973,-0.3229934,-0.04327939,0.9944828,-0.09555487,0.3202415,0.104407,0.9415649,moving,8.509019,17.99869,-5.297102,11.34256,7.1886080112142885,29.248610365216557
05/11/2023 12:34:05.973668,3909,True,True,True,True,Eyes,1.314765,-0.2570805,-3.572631,0.1452718,0.3058537,0.9409302,0.0,0.0,0.0,0.0,0.0,0.0,0.0,-2.402799,-0.03067929,2.969386,1.306467,-0.259787,-3.580124,-0.05095083,0.1653034,0.01284341,0.9848422,353.9957,19.03074,0.4869852,0.344192,-0.06731106,-0.9364828,0,0,0,1.542274,0.05356661,-2.594446,-0.0967316,0.2069514,1.03594,0.9450197,0.008452768,-0.3269042,-0.04214214,0.9944781,-0.09611094,0.3242867,0.1046032,0.9401576,moving,8.776692,18.00699,-5.334564,11.29735,7.458396177591965,29.258787678906547
05/11/2023 12:34:05.994039,3910,True,True,True,True,Eyes,1.314925,-0.2571117,-3.572731,0.1495659,0.30581,0.9402714,0.0,0.0,0.0,0.0,0.0,0.0,0.0,-2.415381,-0.035485,2.959574,1.306813,-0.2598621,-3.580379,-0.05130768,0.1672921,0.01203084,0.984498,353.97,19.26809,0.3757609,0.3442309,-0.06731766,-0.9364681,0,0,0,1.546793,0.05352115,-2.594304,-0.09750521,0.2061896,1.037363,0.9437372,0.006521933,-0.3306319,-0.04085541,0.9944456,-0.09699927,0.3281629,0.1050499,0.9387618,moving,9.038133,18.01638,-5.369647,11.24178,7.721945391358705,29.27002560095646
05/11/2023 12:34:06.013852,3911,True,True,True,True,Eyes,1.315082,-0.2571423,-3.572834,0.1537943,0.3057985,0.9395927,0.0,0.0,0.0,0.0,0.0,0.0,0.0,-2.426418,-0.04080251,2.950731,1.306976,-0.2598007,-3.580544,-0.05179565,0.1690663,0.01136897,0.9841771,353.9269,19.4799,0.2802813,0.3442687,-0.06732415,-0.9364537,0,0,0,1.551656,0.05347223,-2.594151,-0.09726246,0.2049773,1.038992,0.9425746,0.004864358,-0.3339601,-0.03989195,0.9943759,-0.09810795,0.3316047,0.1057964,0.9374676,moving,9.29585,18.02792,-5.348005,11.16026,7.981815843193598,29.28341267920313
05/11/2023 12:34:06.023790,3912,True,True,True,True,Eyes,1.315237,-0.2571698,-3.572941,0.1578404,0.305795,0.9389227,0.0,0.0,0.0,0.0,0.0,0.0,0.0,-2.434589,-0.04493445,2.944172,1.307039,-0.2598128,-3.580717,-0.05225286,0.1703919,0.01098306,0.9839286,353.8824,19.6378,0.2193268,0.3443055,-0.06733053,-0.9364398,0,0,0,1.556273,0.0534258,-2.594006,-0.09609041,0.2038612,1.040692,0.941692,0.003806169,-0.3364547,-0.03942002,0.994298,-0.09908333,0.3341591,0.106569,0.9364725,moving,9.542651,18.03976,-5.275342,11.08333,8.230705079292399,29.29703032164181
05/11/2023 12:34:06.043586,3913,True,True,True,True,Eyes,1.315396,-0.2571945,-3.573047,0.1617812,0.3058482,0.9382343,0.0,0.0,0.0,0.0,0.0,0.0,0.0,-2.440456,-0.05035648,2.93953,1.307248,-0.2597532,-3.580898,-0.05281382,0.1713053,0.01048635,0.9837456,353.8286,19.74851,0.1462197,0.3443413,-0.06733672,-0.9364262,0,0,0,1.560773,0.05338053,-2.593865,-0.09438092,0.2024828,1.042427,0.941089,0.002537222,-0.3381494,-0.03872638,0.9942015,-0.100318,0.335934,0.1075035,0.9357303,moving,9.783394,18.05507,-5.173432,10.99235,8.473608999780584,29.314116284599045
05/11/2023 12:34:06.063445,3914,True,True,True,True,Eyes,1.315554,-0.2572212,-3.573152,0.1655482,0.3059277,0.9375511,0.0,0.0,0.0,0.0,0.0,0.0,0.0,-2.444817,-0.05787417,2.935977,1.307478,-0.2597131,-3.58099,-0.05364903,0.1719635,0.009928019,0.9835914,353.7451,19.83045,0.06218512,0.3443763,-0.06734265,-0.9364129,0,0,0,1.564948,0.05333854,-2.593734,-0.09249474,0.2005873,1.044115,0.94066,0.00107887,-0.3393489,-0.03798158,0.9940464,-0.1021229,0.3372185,0.108952,0.9351007,moving,10.01379,18.07177,-5.062431,10.87473,8.70614054344589,29.33253876594387
05/11/2023 12:34:06.074191,3915,True,True,True,True,Eyes,1.315714,-0.2572503,-3.57326,0.169228,0.306022,0.9368631,0.0,0.0,0.0,0.0,0.0,0.0,0.0,-2.450003,-0.06362957,2.931733,1.307695,-0.2597698,-3.581072,-0.05426153,0.1727698,0.009409169,0.9834214,353.6861,19.92912,359.986,0.3444105,-0.06734843,-0.9363999,0,0,0,1.569435,0.0532934,-2.593593,-0.09057233,0.1992359,1.045816,0.9401241,-0.0002431476,-0.3408321,-0.03725586,0.9939343,-0.1034727,0.3387899,0.1099751,0.9344126,moving,10.23908,18.08939,-4.949718,10.78603,8.933561278639493,29.351857466709372
05/11/2023 12:34:06.093960,3916,True,True,True,True,Eyes,1.31586,-0.2572773,-3.573365,0.1727426,0.3060289,0.9362192,0.0,0.0,0.0,0.0,0.0,0.0,0.0,-2.454695,-0.06747061,2.928035,1.307887,-0.25985,-3.581254,-0.05457818,0.173497,0.008881449,0.9832808,353.6609,20.01805,359.9151,0.344444,-0.06735411,-0.9363872,0,0,0,1.574136,0.05324611,-2.593445,-0.0882737,0.1985102,1.047609,0.9396398,-0.001472388,-0.3421621,-0.03640422,0.9938847,-0.1042496,0.3402232,0.1104132,0.93384,moving,10.45412,18.1014,-4.816483,10.7297,9.150476598897543,29.36543523846726
05/11/2023 12:34:06.113801,3917,True,True,True,True,Eyes,1.316009,-0.2572976,-3.573473,0.1761724,0.3060638,0.9355685,0.0,0.0,0.0,0.0,0.0,0.0,0.0,-2.458495,-0.0711444,2.925001,1.308027,-0.2597991,-3.581404,-0.0548441,0.1740865,0.008353959,0.9831665,353.6414,20.0908,359.8462,0.3444767,-0.06735966,-0.9363748,0,0,0,1.578734,0.05319987,-2.593301,-0.08571956,0.1977715,1.049351,0.9392482,-0.002668567,-0.3432283,-0.0355219,0.9938447,-0.1049331,0.3413956,0.1107504,0.9333721,moving,10.66421,18.1151,-4.670019,10.67336,9.36246356158167,29.380688860135635
05/11/2023 12:34:06.123482,3918,True,True,True,True,Eyes,1.31614,-0.2573186,-3.573575,0.1794906,0.3060666,0.9349365,0.0,0.0,0.0,0.0,0.0,0.0,0.0,-2.462732,-0.07575125,2.921581,1.308226,-0.2596599,-3.581556,-0.0552877,0.1747414,0.007909022,0.9830292,353.6003,20.17117,359.7825,0.3445086,-0.06736492,-0.9363626,0,0,0,1.583401,0.05315292,-2.593154,-0.08327651,0.1965594,1.051161,0.9388058,-0.003772503,-0.3444263,-0.0348717,0.9937614,-0.1059348,0.3426772,0.1114629,0.9328174,moving,10.86751,18.1267,-4.529702,10.59157,9.567544596778138,29.39377378106757
05/11/2023 12:34:06.143668,3919,True,True,True,True,Eyes,1.316274,-0.2573388,-3.573682,0.1827308,0.3061197,0.9342912,0.0,0.0,0.0,0.0,0.0,0.0,0.0,-2.467261,-0.08048621,2.91795,1.308454,-0.2596839,-3.581731,-0.0559559,0.1754464,0.007774326,0.9828667,353.5277,20.25613,359.749,0.3445395,-0.06736995,-0.9363509,0,0,0,1.587724,0.05310943,-2.593019,-0.08116642,0.1949899,1.052984,0.9383163,-0.00435227,-0.3457509,-0.03491677,0.993617,-0.1072664,0.3440108,0.1127223,0.932175,moving,11.06634,18.14134,-4.407775,10.4911,9.768225070046222,29.40990281333556
05/11/2023 12:34:06.163906,3920,True,True,True,True,Eyes,1.316399,-0.25736,-3.573782,0.1859333,0.306115,0.9336608,0.0,0.0,0.0,0.0,0.0,0.0,0.0,-2.471872,-0.0855957,2.914216,1.308641,-0.2596921,-3.581921,-0.05665978,0.1761708,0.007606359,0.9826982,353.4518,20.34374,359.7108,0.3445694,-0.06737474,-0.9363396,0,0,0,1.592272,0.05306368,-2.592876,-0.07888013,0.1933208,1.05493,0.937812,-0.005014087,-0.3471074,-0.0349131,0.9934636,-0.1086789,0.3453835,0.1140389,0.9315071,moving,11.26278,18.15252,-4.276211,10.38449,9.96638506546405,29.42251730939916
05/11/2023 12:34:06.173740,3921,True,True,True,True,Eyes,1.316526,-0.257383,-3.573887,0.189078,0.3061259,0.9330254,0.0,0.0,0.0,0.0,0.0,0.0,0.0,-2.476983,-0.08867633,2.909979,1.308879,-0.2597177,-3.581992,-0.05697581,0.1769802,0.007283754,0.982537,353.4229,20.44131,359.6624,0.3445984,-0.06737937,-0.9363286,0,0,0,1.596801,0.05301813,-2.592734,-0.076841,0.1925361,1.056579,0.9372499,-0.005854065,-0.3486091,-0.03448029,0.9934014,-0.1093835,0.3469492,0.1145398,0.9308635,moving,11.45588,18.16468,-4.159582,10.32746,10.161214380133,29.436100469110485
05/11/2023 12:34:06.193439,3922,True,True,True,True,Eyes,1.316646,-0.2574039,-3.573991,0.1922024,0.3060866,0.9323997,0.0,0.0,0.0,0.0,0.0,0.0,0.0,-2.482466,-0.09107861,2.905539,1.309056,-0.2597833,-3.582175,-0.05722547,0.1778594,0.007012432,0.9823657,353.4006,20.54658,359.6205,0.3446265,-0.06738389,-0.9363179,0,0,0,1.601347,0.0529724,-2.592591,-0.07488808,0.1919065,1.058343,0.9366338,-0.006578622,-0.3502484,-0.03413371,0.9933522,-0.1099382,0.3486433,0.1149271,0.9301826,moving,11.64765,18.17389,-4.047488,10.27762,10.354607318394336,29.44669184990991
05/11/2023 12:34:06.213659,3923,True,True,True,True,Eyes,1.31677,-0.2574272,-3.574098,0.1952917,0.3060628,0.9317654,0.0,0.0,0.0,0.0,0.0,0.0,0.0,-2.488494,-0.09268609,2.900742,1.309326,-0.2596314,-3.582423,-0.05734547,0.1788161,0.006777196,0.9821866,353.3922,20.66039,359.585,0.3446537,-0.06738825,-0.9363076,0,0,0,1.606024,0.05292536,-2.592444,-0.07306322,0.1913181,1.060112,0.9359577,-0.007195648,-0.3520389,-0.03382153,0.9933311,-0.1102242,0.3504843,0.1150716,0.9294726,moving,11.83745,18.18412,-3.942606,10.23004,10.54605031995359,29.458301475118194
05/11/2023 12:34:06.223845,3924,True,True,True,True,Eyes,1.316909,-0.2574405,-3.574212,0.1988332,0.3060135,0.9310323,0.0,0.0,0.0,0.0,0.0,0.0,0.0,-2.495596,-0.09441525,2.894865,1.309553,-0.2597089,-3.582566,-0.05755822,0.1799698,0.006594259,0.9819646,353.3725,20.79722,359.552,0.3446801,-0.06739254,-0.9362976,0,0,0,1.610563,0.0528797,-2.592302,-0.071702,0.1907664,1.061795,0.9351348,-0.007766824,-0.3542071,-0.03366814,0.9932871,-0.1106667,0.3526889,0.1154138,0.9285958,moving,12.05511,18.19476,-3.863263,10.18533,10.765558513701192,29.47051143165104
05/11/2023 12:34:06.243846,3925,True,True,True,True,Eyes,1.317053,-0.2574524,-3.574331,0.2023408,0.3060164,0.9302753,0.0,0.0,0.0,0.0,0.0,0.0,0.0,-2.503994,-0.09828779,2.88781,1.309854,-0.2595748,-3.582736,-0.05811715,0.1813312,0.006487545,0.9816819,353.3123,20.95894,359.5189,0.3447061,-0.06739646,-0.9362878,0,0,0,1.615654,0.0528285,-2.592142,-0.07035899,0.189225,1.063781,0.9341539,-0.008339493,-0.3567731,-0.03381431,0.9931606,-0.1117523,0.355265,0.1164579,0.9274828,moving,12.27107,18.20875,-3.784059,10.08626,10.983465420339815,29.486097427018436
05/11/2023 12:34:06.263984,3926,True,True,True,True,Eyes,1.317211,-0.2574654,-3.574453,0.2062114,0.3059755,0.9294385,0.0,0.0,0.0,0.0,0.0,0.0,0.0,-2.512838,-0.1028098,2.880341,1.310112,-0.2595587,-3.582949,-0.05880162,0.1827748,0.006391088,0.9813741,353.2378,21.13072,359.4836,0.3447318,-0.06740002,-0.936278,0,0,0,1.619778,0.05278701,-2.592012,-0.07007918,0.1875679,1.065512,0.9331051,-0.008950805,-0.3594924,-0.034039,0.9930031,-0.1130765,0.3579892,0.117749,0.9262715,moving,12.50939,18.22179,-3.762949,9.983803,11.223854855866536,29.500871909747627
05/11/2023 12:34:06.273466,3927,True,True,True,True,Eyes,1.317376,-0.2574783,-3.574579,0.210058,0.305957,0.9285828,0.0,0.0,0.0,0.0,0.0,0.0,0.0,-2.52228,-0.1075201,2.872153,1.310407,-0.2595842,-3.583039,-0.05942927,0.1843226,0.006126328,0.9810484,353.1734,21.31577,359.4294,0.3447576,-0.06740326,-0.9362683,0,0,0,1.624238,0.05274214,-2.591872,-0.0697909,0.1861113,1.067213,0.9319753,-0.009887867,-0.3623869,-0.03392876,0.9928613,-0.1143475,0.3609305,0.1188644,0.9249867,moving,12.74654,18.23643,-3.741559,9.892336,11.463118974364011,29.517256441563198
05/11/2023 12:34:06.294137,3928,True,True,True,True,Eyes,1.317569,-0.2574966,-3.57472,0.2141908,0.3058446,0.9276752,0.0,0.0,0.0,0.0,0.0,0.0,0.0,-2.532543,-0.1102797,2.863381,1.310732,-0.2595951,-3.583222,-0.05975192,0.1860076,0.005842958,0.9807124,353.1441,21.5162,359.3786,0.3447835,-0.06740621,-0.9362585,0,0,0,1.628794,0.05269632,-2.591729,-0.06976065,0.1852782,1.068902,0.9307341,-0.0107681,-0.3655382,-0.03368914,0.9927911,-0.1150252,0.3641417,0.1193725,0.9236618,moving,13.00118,18.24683,-3.734045,9.833657,11.719853684111856,29.529470285646937
05/11/2023 12:34:06.313842,3929,True,True,True,True,Eyes,1.317773,-0.2575095,-3.574867,0.2183375,0.3057474,0.9267402,0.0,0.0,0.0,0.0,0.0,0.0,0.0,-2.544177,-0.1124655,2.853475,1.311127,-0.2597158,-3.583476,-0.06006602,0.1879193,0.005649778,0.9803298,353.1141,21.74269,359.3364,0.34481,-0.06740899,-0.9362485,0,0,0,1.633344,0.05265055,-2.591586,-0.07028326,0.1845413,1.070629,0.9293088,-0.01149783,-0.3691244,-0.03365242,0.9927203,-0.1156456,0.367767,0.1198924,0.9221568,moving,13.25698,18.2586,-3.755889,9.779811,11.977801527128157,29.543077148199192
05/11/2023 12:34:06.324027,3930,True,True,True,True,Eyes,1.317997,-0.2575235,-3.575018,0.2227431,0.3056486,0.9257237,0.0,0.0,0.0,0.0,0.0,0.0,0.0,-2.558067,-0.1146695,2.841439,1.311566,-0.2595938,-3.583718,-0.06026058,0.1902183,0.005285261,0.9798764,353.1017,22.0155,359.2747,0.3448374,-0.06741146,-0.9362383,0,0,0,1.637895,0.05260478,-2.591443,-0.07176191,0.1838641,1.0722,0.9275782,-0.01256752,-0.3734178,-0.03328313,0.9926814,-0.1160851,0.3721438,0.1201065,0.9203714,moving,13.52905,18.27181,-3.829074,9.730614,12.252178768698847,29.558248556460047
05/11/2023 12:34:06.343942,3931,True,True,True,True,Eyes,1.318225,-0.2575431,-3.575174,0.2271679,0.3055584,0.9246777,0.0,0.0,0.0,0.0,0.0,0.0,0.0,-2.57255,-0.1203554,2.828339,1.311933,-0.2596109,-3.583774,-0.06096977,0.1926468,0.004845211,0.9793602,353.0335,22.30597,359.1918,0.3448659,-0.06741367,-0.9362276,0,0,0,1.642586,0.05255759,-2.591296,-0.0733653,0.1822559,1.073868,0.9257275,-0.01400085,-0.377932,-0.03298167,0.9925184,-0.1175559,0.3767504,0.1212896,0.9183398,moving,13.80265,18.28607,-3.908301,9.632398,12.52813114263673,29.574491880155506
05/11/2023 12:34:06.363898,3932,True,True,True,True,Eyes,1.318467,-0.2575657,-3.575334,0.231741,0.3053564,0.923609,0.0,0.0,0.0,0.0,0.0,0.0,0.0,-2.586815,-0.124181,2.815549,1.312213,-0.2597494,-3.583989,-0.06116607,0.1950486,0.004004668,0.9788762,353.0323,22.59436,359.0752,0.3448955,-0.06741577,-0.9362165,0,0,0,1.646985,0.05251334,-2.591158,-0.07531947,0.181965,1.075411,0.92388,-0.01602056,-0.3823467,-0.03170086,0.9924853,-0.1181858,0.381367,0.1213102,0.9164295,moving,14.08521,18.29452,-4.006331,9.603775,12.812913676673288,29.584920126732086
05/11/2023 12:34:06.373491,3933,True,True,True,True,Eyes,1.318713,-0.2575905,-3.575497,0.2363112,0.3051253,0.9225267,0.0,0.0,0.0,0.0,0.0,0.0,0.0,-2.600728,-0.1239363,2.802967,1.312496,-0.2597935,-3.58408,-0.06064528,0.1974103,0.003037964,0.9784387,353.1151,22.87627,358.9612,0.3449263,-0.06741783,-0.936205,0,0,0,1.651721,0.0524657,-2.591009,-0.07683805,0.1831556,1.076716,0.9220399,-0.01799908,-0.3866762,-0.02988892,0.9926258,-0.1174759,0.3859392,0.1198748,0.9147027,moving,14.36775,18.30161,-4.081897,9.653932,13.09763125032862,29.593973067381413
05/11/2023 12:34:06.393547,3934,True,True,True,True,Eyes,1.318979,-0.2576174,-3.57567,0.2409193,0.3047479,0.9214589,0.0,0.0,0.0,0.0,0.0,0.0,0.0,-2.613857,-0.1235051,2.791127,1.312808,-0.2598485,-3.584258,-0.06027908,0.1996374,0.00238837,0.9780111,353.1736,23.14087,358.8807,0.3449584,-0.06741992,-0.936193,0,0,0,1.656056,0.0524221,-2.590873,-0.07837126,0.183953,1.078037,0.9202784,-0.01939621,-0.3907831,-0.02873962,0.9927214,-0.1169536,0.3902073,0.1188608,0.9130227,moving,14.65223,18.30025,-4.15798,9.683512,13.384023676893158,29.59449467223926
05/11/2023 12:34:06.414011,3935,True,True,True,True,Eyes,1.319249,-0.2576477,-3.575846,0.2455242,0.3043674,0.9203686,0.0,0.0,0.0,0.0,0.0,0.0,0.0,-2.627737,-0.123914,2.778514,1.313213,-0.2598915,-3.58447,-0.06011925,0.2019889,0.001865764,0.9775391,353.2065,23.42014,358.809,0.3449919,-0.06742205,-0.9361805,0,0,0,1.660599,0.0523764,-2.59073,-0.08006275,0.1842514,1.079512,0.9183941,-0.02063912,-0.3951284,-0.02793455,0.9927644,-0.1167841,0.3946797,0.1182915,0.9111724,moving,14.9368,18.29913,-4.241613,9.685921,13.670514632568457,29.595259554687885
05/11/2023 12:34:06.424075,3936,True,True,True,True,Eyes,1.319534,-0.257686,-3.576025,0.2501484,0.3038615,0.9192899,0.0,0.0,0.0,0.0,0.0,0.0,0.0,-2.641279,-0.1241741,2.76609,1.313578,-0.2599861,-3.584682,-0.05997849,0.2042974,0.001405561,0.9770687,353.236,23.69411,358.7444,0.3450267,-0.0674243,-0.9361675,0,0,0,1.665111,0.05233102,-2.590589,-0.08164322,0.1845453,1.081026,0.9165211,-0.02176024,-0.3993938,-0.02725356,0.9928012,-0.1166319,0.3990566,0.1177805,0.9093303,moving,15.22222,18.29075,-4.318998,9.687755,13.957622161781641,29.58868910974774
05/11/2023 12:34:06.443792,3937,True,True,True,True,Eyes,1.319817,-0.2577333,-3.576207,0.2547466,0.3033092,0.918209,0.0,0.0,0.0,0.0,0.0,0.0,0.0,-2.65405,-0.1243603,2.754027,1.313855,-0.2601852,-3.584717,-0.05973014,0.2065025,0.0007708857,0.9766209,353.2818,23.95665,358.6635,0.3450631,-0.06742685,-0.9361539,0,0,0,1.669758,0.05228427,-2.590443,-0.08282065,0.1852411,1.082456,0.9147123,-0.02316312,-0.4034414,-0.02617457,0.9928634,-0.116349,0.4032573,0.1169858,0.9075781,moving,15.50607,18.27978,-4.375279,9.71098,14.24306352821784,29.57948930196009
05/11/2023 12:34:06.463793,3938,True,True,True,True,Eyes,1.320104,-0.25778,-3.576392,0.2592907,0.3026351,0.9171589,0.0,0.0,0.0,0.0,0.0,0.0,0.0,-2.665114,-0.1223022,2.743778,1.314047,-0.2604162,-3.584909,-0.05902039,0.2084139,-2.772209e-05,0.9762583,353.3833,24.1837,358.5777,0.3451008,-0.0674299,-0.9361398,0,0,0,1.674139,0.05224021,-2.590305,-0.08363178,0.187011,1.08383,0.9131272,-0.02465547,-0.4069284,-0.02454721,0.9930332,-0.1152499,0.4069349,0.1152267,0.9061605,moving,15.78617,18.26135,-4.41238,9.789782,14.524483228171048,29.562721264908642
05/11/2023 12:34:06.473784,3939,True,True,True,True,Eyes,1.32039,-0.2578228,-3.576575,0.2637791,0.3019619,0.9161002,0.0,0.0,0.0,0.0,0.0,0.0,0.0,-2.674371,-0.1208546,2.735124,1.314281,-0.2604057,-3.585055,-0.05824229,0.2100034,-0.001001459,0.975964,353.4965,24.37353,358.4764,0.3451398,-0.06743339,-0.9361252,0,0,0,1.678906,0.05219225,-2.590156,-0.08349919,0.1887463,1.08531,0.9117951,-0.02641693,-0.4097948,-0.02250738,0.9932137,-0.1141054,0.4100281,0.1132641,0.9050128,moving,16.06306,18.24308,-4.399431,9.865644,14.802676116288387,29.54609361011185
05/11/2023 12:34:06.493721,3940,True,True,True,True,Eyes,1.320701,-0.2578711,-3.576768,0.2678199,0.301282,0.9151511,0.0,0.0,0.0,0.0,0.0,0.0,0.0,-2.683005,-0.1236179,2.72682,1.314547,-0.2603322,-3.585183,-0.05811513,0.2114814,-0.001945758,0.9756509,353.5361,24.5528,358.3635,0.3451799,-0.06743716,-0.9361101,0,0,0,1.683203,0.05214904,-2.590021,-0.08363262,0.1890355,1.086817,0.9105437,-0.02837729,-0.4124378,-0.02078377,0.9932377,-0.1142231,0.4128901,0.1125772,0.9037966,moving,16.31217,18.22235,-4.400347,9.867031,15.05281679887669,29.52679328696426
05/11/2023 12:34:06.513505,3941,True,True,True,True,Eyes,1.32101,-0.2579187,-3.576959,0.2718028,0.3006068,0.9141985,0.0,0.0,0.0,0.0,0.0,0.0,0.0,-2.690888,-0.125391,2.719217,1.314831,-0.2604668,-3.585264,-0.05799009,0.2128315,-0.002684637,0.975363,353.5705,24.71576,358.2745,0.3452214,-0.06744131,-0.9360945,0,0,0,1.687893,0.05210185,-2.589873,-0.08304518,0.189468,1.088523,0.9093911,-0.02992123,-0.4148645,-0.01944724,0.9932599,-0.1142655,0.4154872,0.11198,0.9026798,moving,16.55788,18.2019,-4.362736,9.873964,15.299543317362252,29.5077534179984
05/11/2023 12:34:06.524000,3942,True,True,True,True,Eyes,1.321314,-0.2579631,-3.577145,0.2754226,0.2999373,0.9133345,0.0,0.0,0.0,0.0,0.0,0.0,0.0,-2.697939,-0.1277464,2.712393,1.315072,-0.2604747,-3.585388,-0.05787704,0.2140393,-0.003503227,0.9751028,353.6056,24.86247,358.1774,0.3452643,-0.06744578,-0.9360784,0,0,0,1.692317,0.05205735,-2.589735,-0.08241019,0.1897867,1.090187,0.9083498,-0.03160793,-0.417015,-0.0179439,0.9932759,-0.1143718,0.4178261,0.1113724,0.9016749,moving,16.78106,18.18008,-4.322923,9.875449,15.52353967495534,29.487178045560597
05/11/2023 12:34:06.544170,3943,True,True,True,True,Eyes,1.32161,-0.2580135,-3.577325,0.2789656,0.2992953,0.9124695,0.0,0.0,0.0,0.0,0.0,0.0,0.0,-2.703333,-0.132406,2.706923,1.315251,-0.2604246,-3.585425,-0.05806125,0.2149687,-0.004385281,0.9748838,353.6086,24.97815,358.0675,0.3453083,-0.06745047,-0.9360618,0,0,0,1.696999,0.05201026,-2.589587,-0.08090675,0.1894387,1.092065,0.9075385,-0.03351298,-0.4186296,-0.01641242,0.9932193,-0.1150913,0.4196481,0.1113205,0.9008347,moving,16.99975,18.15979,-4.237075,9.841073,15.743065566549914,29.468119805085625
05/11/2023 12:34:06.563705,3944,True,True,True,True,Eyes,1.32188,-0.2580656,-3.577492,0.2822359,0.2986653,0.9116699,0.0,0.0,0.0,0.0,0.0,0.0,0.0,-2.707687,-0.1365601,2.702479,1.315385,-0.2606012,-3.585451,-0.05824752,0.2157208,-0.005184524,0.9747026,353.6091,25.07249,357.968,0.3453532,-0.06745552,-0.9360449,0,0,0,1.70137,0.05196629,-2.58945,-0.079218,0.189309,1.093886,0.9068753,-0.03523714,-0.4199233,-0.01502366,0.9931607,-0.1157848,0.4211312,0.1113112,0.9001435,moving,17.20155,18.13892,-4.142065,9.818416,15.945566137747727,29.44836247946025
05/11/2023 12:34:06.573638,3945,True,True,True,True,Eyes,1.322146,-0.2581075,-3.577649,0.2854013,0.2980494,0.9108857,0.0,0.0,0.0,0.0,0.0,0.0,0.0,-2.709565,-0.1368409,2.700758,1.315483,-0.2607779,-3.585534,-0.05788291,0.2160281,-0.005880952,0.9746522,353.6679,25.11106,357.897,0.3453984,-0.06746098,-0.9360279,0,0,0,1.706094,0.05191877,-2.589302,-0.07611898,0.1903513,1.095814,0.9065946,-0.03647243,-0.4204237,-0.0135449,0.9932299,-0.1153723,0.4217853,0.1102905,0.8999628,moving,17.39697,18.11853,-3.973579,9.854388,16.14165863374574,29.42904797005421
05/11/2023 12:34:06.593681,3946,True,True,True,True,Eyes,1.322383,-0.2581597,-3.57779,0.2883323,0.2975011,0.9101415,0.0,0.0,0.0,0.0,0.0,0.0,0.0,-2.710595,-0.1409351,2.699438,1.315639,-0.2605533,-3.585436,-0.05792344,0.2161897,-0.006768674,0.9746083,353.6859,25.13555,357.7952,0.3454438,-0.06746657,-0.9360107,0,0,0,1.710585,0.0518736,-2.589161,-0.07300499,0.1902206,1.097563,0.9064324,-0.03823851,-0.4206164,-0.01185129,0.9931981,-0.115832,0.4221846,0.1099787,0.8998138,moving,17.57817,18.1012,-3.805456,9.832371,16.32353414605044,29.412732786744254
05/11/2023 12:34:06.613479,3947,True,True,True,True,Eyes,1.322618,-0.2582127,-3.577927,0.2911817,0.2969532,0.909413,0.0,0.0,0.0,0.0,0.0,0.0,0.0,-2.711349,-0.1448973,2.698665,1.315785,-0.2607831,-3.585513,-0.05832265,0.2162937,-0.007163743,0.9745586,353.6513,25.15218,357.74,0.3454889,-0.06747258,-0.9359936,0,0,0,1.715011,0.05182907,-2.589022,-0.06969032,0.1895886,1.099683,0.9063314,-0.03919261,-0.4207461,-0.01126667,0.9930943,-0.1167766,0.4224174,0.1105787,0.899631,moving,17.75436,18.08356,-3.626163,9.781807,16.500354972123574,29.39607074068041
05/11/2023 12:34:06.624240,3948,True,True,True,True,Eyes,1.32283,-0.2582661,-3.57804,0.2938354,0.296463,0.9087192,0.0,0.0,0.0,0.0,0.0,0.0,0.0,-2.713229,-0.1471947,2.696798,1.315957,-0.2608373,-3.585557,-0.05819535,0.2165953,-0.007947125,0.9744931,353.6859,25.1917,357.6533,0.3455337,-0.06747899,-0.9359766,0,0,0,1.71974,0.05178151,-2.588873,-0.06669632,0.1900598,1.101625,0.9060466,-0.04069851,-0.4212162,-0.00972084,0.9931002,-0.1168645,0.4230662,0.1099793,0.8993996,moving,17.91867,18.06854,-3.464662,9.788691,16.66530041243759,29.381978713945685
05/11/2023 12:34:06.643740,3949,True,True,True,True,Eyes,1.323034,-0.258324,-3.57815,0.2963891,0.2959618,0.9080529,0.0,0.0,0.0,0.0,0.0,0.0,0.0,-2.715024,-0.148023,2.69466,1.316031,-0.2609061,-3.58531,-0.0580804,0.2169226,-0.008366804,0.9744236,353.7101,25.23215,357.6069,0.3455779,-0.06748584,-0.9359598,0,0,0,1.724284,0.05173581,-2.588731,-0.06353521,0.1904385,1.103305,0.9057492,-0.04150352,-0.421777,-0.008892279,0.9931133,-0.1168197,0.4237208,0.1095599,0.8991426,moving,18.07672,18.05235,-3.29581,9.793175,16.823904222585313,29.366661895627622
05/11/2023 12:34:06.663853,3950,True,True,True,True,Eyes,1.32323,-0.2583864,-3.578258,0.2991458,0.2954583,0.9073127,0.0,0.0,0.0,0.0,0.0,0.0,0.0,-2.715803,-0.1444766,2.694115,1.316068,-0.2610708,-3.58532,-0.05767398,0.2170538,-0.008188146,0.9744201,353.7514,25.24446,357.6365,0.3456214,-0.0674932,-0.9359432,0,0,0,1.728711,0.05169127,-2.588592,-0.05979294,0.1913204,1.105162,0.9056413,-0.0409941,-0.4220587,-0.009079329,0.9932133,-0.1159519,0.4239476,0.1088428,0.8991228,moving,18.24766,18.03738,-3.096872,9.821428,16.995526925823576,29.352664632397165
05/11/2023 12:34:06.673552,3951,True,True,True,True,Eyes,1.323427,-0.2584461,-3.578364,0.3018089,0.2949401,0.9065989,0.0,0.0,0.0,0.0,0.0,0.0,0.0,-2.715508,-0.1407154,2.694856,1.316164,-0.2612327,-3.585458,-0.0571187,0.2169694,-0.008176154,0.9744716,353.813,25.23158,357.6525,0.3456642,-0.06750116,-0.9359269,0,0,0,1.733306,0.05164505,-2.588447,-0.05559447,0.1925765,1.107137,0.9057149,-0.04072087,-0.421927,-0.008851159,0.9933412,-0.1148691,0.423795,0.1077732,0.8993235,moving,18.41272,18.02105,-2.874671,9.867358,17.161184351325595,29.33725299154454
05/11/2023 12:34:06.693588,3952,True,True,True,True,Eyes,1.323631,-0.2585059,-3.578471,0.3047631,0.2944964,0.9057546,0.0,0.0,0.0,0.0,0.0,0.0,0.0,-2.71674,-0.1390422,2.693884,1.316383,-0.2612202,-3.585515,-0.05672511,0.2171477,-0.00838987,0.9744531,353.8629,25.2518,357.6375,0.3457063,-0.06750958,-0.9359107,0,0,0,1.737928,0.05159856,-2.588302,-0.05216238,0.193392,1.108994,0.9055529,-0.04098652,-0.4222487,-0.008284384,0.9934238,-0.1141956,0.4241523,0.1069082,0.8992583,moving,18.59677,18.01138,-2.692966,9.89206,17.346181929613238,29.328702267987417
05/11/2023 12:34:06.713685,3953,True,True,True,True,Eyes,1.32383,-0.2585659,-3.578578,0.3076394,0.2940518,0.9049262,0.0,0.0,0.0,0.0,0.0,0.0,0.0,-2.71946,-0.1378332,2.691343,1.316581,-0.2612659,-3.585547,-0.05649785,0.2176027,-0.008482796,0.974364,353.8918,25.3048,357.6299,0.3457479,-0.06751841,-0.9358947,0,0,0,1.74232,0.05155439,-2.588164,-0.04948592,0.193855,1.11079,0.9051542,-0.04111883,-0.42309,-0.008057508,0.9934721,-0.1137907,0.4250071,0.1064072,0.8989141,moving,18.77602,18.00135,-2.550853,9.899558,17.526334618592905,29.319755524041277
05/11/2023 12:34:06.723916,3954,True,True,True,True,Eyes,1.324024,-0.2586297,-3.578684,0.3107745,0.2936533,0.9039839,0.0,0.0,0.0,0.0,0.0,0.0,0.0,-2.7224,-0.137424,2.688567,1.316668,-0.2613253,-3.585643,-0.05632254,0.2181103,-0.008691493,0.9742589,353.9179,25.36492,357.6078,0.3457889,-0.06752761,-0.9358788,0,0,0,1.746952,0.05150779,-2.588019,-0.04670939,0.1942493,1.112811,0.9047047,-0.04150458,-0.4240126,-0.007633518,0.9935045,-0.1135369,0.4259707,0.1059541,0.8985114,moving,18.97211,17.99605,-2.403536,9.901634,17.723599059357426,29.315703830541036
05/11/2023 12:34:06.743718,3955,True,True,True,True,Eyes,1.324221,-0.2586926,-3.578791,0.3138483,0.2932493,0.9030526,0.0,0.0,0.0,0.0,0.0,0.0,0.0,-2.725483,-0.1380919,2.685627,1.316819,-0.2614769,-3.585741,-0.05621077,0.2186319,-0.009083776,0.9741448,353.9416,25.42806,357.5634,0.3458295,-0.06753727,-0.9358632,0,0,0,1.751394,0.05146311,-2.587879,-0.04430079,0.1946763,1.114743,0.9042352,-0.04227676,-0.424937,-0.006881108,0.9935157,-0.1134869,0.4269795,0.1055428,0.8980808,moving,19.16446,17.99023,-2.275784,9.906113,17.917080630446208,29.31110139921896
05/11/2023 12:34:06.763681,3956,True,True,True,True,Eyes,1.324421,-0.2587494,-3.5789,0.3171737,0.2928622,0.9020159,0.0,0.0,0.0,0.0,0.0,0.0,0.0,-2.729988,-0.138983,2.681295,1.317073,-0.2615036,-3.585865,-0.05605603,0.2193936,-0.009575571,0.9739778,353.9732,25.51983,357.5074,0.3458695,-0.0675473,-0.9358477,0,0,0,1.755916,0.05141763,-2.587738,-0.04251456,0.195105,1.116641,0.9035496,-0.04324945,-0.4262953,-0.005943874,0.9935321,-0.1133963,0.4284424,0.104993,0.8974484,moving,19.37308,17.98733,-2.180404,9.910949,18.12704037781983,29.30956002493902
05/11/2023 12:34:06.773902,3957,True,True,True,True,Eyes,1.324622,-0.2588066,-3.579011,0.3204723,0.2925218,0.9009598,0.0,0.0,0.0,0.0,0.0,0.0,0.0,-2.735847,-0.1426612,2.675336,1.317248,-0.2613955,-3.585968,-0.05613684,0.2204187,-0.01035102,0.9737337,353.9866,25.6455,357.412,0.3459092,-0.0675575,-0.9358323,0,0,0,1.760464,0.05137188,-2.587595,-0.0413909,0.1949927,1.118605,0.902617,-0.0449055,-0.4280961,-0.004588943,0.993483,-0.1138878,0.4304204,0.1047616,0.8965285,moving,19.58052,17.98747,-2.119106,9.888312,18.335912198776676,29.311084698151493
05/11/2023 12:34:06.793518,3958,True,True,True,True,Eyes,1.324827,-0.258864,-3.57912,0.3239904,0.29219,0.8998084,0.0,0.0,0.0,0.0,0.0,0.0,0.0,-2.743273,-0.1491604,2.667624,1.317455,-0.2614545,-3.586079,-0.05673477,0.221731,-0.011054,0.9733933,353.9412,25.8075,357.3094,0.3459485,-0.06756786,-0.9358171,0,0,0,1.764903,0.05132722,-2.587455,-0.04107565,0.1938692,1.120723,0.9014264,-0.0466795,-0.4304087,-0.003639933,0.993318,-0.1153525,0.4329172,0.1055484,0.895233,moving,19.80223,17.98989,-2.09901,9.814236,18.5592273427563,29.315009953320526
05/11/2023 12:34:06.813646,3959,True,True,True,True,Eyes,1.325034,-0.2589203,-3.579231,0.3274933,0.2918727,0.8986425,0.0,0.0,0.0,0.0,0.0,0.0,0.0,-2.751061,-0.1537985,2.659346,1.317636,-0.2615,-3.586023,-0.05697218,0.2231279,-0.01186967,0.9730505,353.9396,25.97825,357.2031,0.3459877,-0.06757838,-0.9358018,0,0,0,1.769371,0.05128228,-2.587315,-0.04086754,0.1935932,1.122571,0.9001461,-0.04852374,-0.4328769,-0.002324592,0.9932266,-0.1161705,0.4355819,0.1055767,0.8939362,moving,20.02331,17.99343,-2.084949,9.784708,18.78194506515335,29.320063503012197
05/11/2023 12:34:06.823980,3960,True,True,True,True,Eyes,1.325227,-0.2589784,-3.579341,0.3311605,0.2915414,0.8974053,0.0,0.0,0.0,0.0,0.0,0.0,0.0,-2.759686,-0.1584818,2.650426,1.317866,-0.2615106,-3.586165,-0.0572088,0.2246602,-0.01268593,0.9726737,353.9388,26.16507,357.0958,0.3460268,-0.067589,-0.9357866,0,0,0,1.773863,0.0512371,-2.587174,-0.04108858,0.1932587,1.124585,0.8987338,-0.05038362,-0.4355905,-0.001026533,0.9931324,-0.116991,0.4384935,0.1055909,0.8925099,moving,20.25507,17.9975,-2.092466,9.750974,19.015433734662714,29.325724174710373
05/11/2023 12:34:06.843767,3961,True,True,True,True,Eyes,1.325423,-0.2590377,-3.579455,0.3348228,0.2912346,0.8961452,0.0,0.0,0.0,0.0,0.0,0.0,0.0,-2.769185,-0.1632174,2.640573,1.318022,-0.2616236,-3.586365,-0.05757954,0.2263675,-0.01333581,0.9722471,353.9195,26.37249,357.0024,0.3460654,-0.06759977,-0.9357715,0,0,0,1.778483,0.05119062,-2.587029,-0.04150277,0.1926434,1.126817,0.8971598,-0.05199968,-0.4386345,-0.000136854,0.9930135,-0.1180007,0.4417059,0.1059255,0.8908848,moving,20.48698,18.00344,-2.109357,9.701632,19.249135067507865,29.33327670883031
05/11/2023 12:34:06.863655,3962,True,True,True,True,Eyes,1.32564,-0.2590978,-3.579579,0.3385523,0.29094,0.8948386,0.0,0.0,0.0,0.0,0.0,0.0,0.0,-2.779491,-0.1667691,2.629827,1.318265,-0.2617021,-3.586511,-0.05788573,0.2282203,-0.01379939,0.9717894,353.9033,26.59581,356.9307,0.3461037,-0.06761069,-0.9357566,0,0,0,1.783233,0.05114284,-2.58688,-0.04210377,0.1920545,1.129014,0.8954502,-0.05324159,-0.4419664,0.0003988099,0.9929177,-0.1188041,0.4451616,0.1062069,0.8891296,moving,20.72358,18.01097,-2.135714,9.654066,19.487611071099522,29.342468252168466
05/11/2023 12:34:06.873840,3963,True,True,True,True,Eyes,1.325856,-0.2591598,-3.57971,0.3422684,0.2906633,0.893514,0.0,0.0,0.0,0.0,0.0,0.0,0.0,-2.789291,-0.1707888,2.619393,1.318487,-0.2617431,-3.586588,-0.05825579,0.2299967,-0.01426607,0.9713416,353.8801,26.81064,356.8572,0.346142,-0.06762175,-0.9357417,0,0,0,1.787859,0.05109632,-2.586735,-0.04261473,0.1913019,1.131138,0.893796,-0.05451172,-0.4451485,0.0009171665,0.9928055,-0.1197348,0.4484729,0.1066102,0.8874156,moving,20.95978,18.01989,-2.157552,9.59922,19.72573013417042,29.35306263576269
05/11/2023 12:34:06.893450,3964,True,True,True,True,Eyes,1.326092,-0.2592175,-3.579853,0.3460233,0.2904065,0.8921502,0.0,0.0,0.0,0.0,0.0,0.0,0.0,-2.799237,-0.1734839,2.609026,1.318697,-0.2618437,-3.586826,-0.05848063,0.2317929,-0.01464813,0.9708953,353.8711,27.02658,356.797,0.3461803,-0.06763296,-0.9357267,0,0,0,1.792073,0.05105393,-2.586602,-0.04355821,0.1908793,1.133183,0.8921149,-0.05555439,-0.44838,0.001332807,0.9927309,-0.1203478,0.4518065,0.1067665,0.8857041,moving,21.19894,18.03074,-2.201298,9.561444,19.966893171118798,29.36562828690154
05/11/2023 12:34:06.913565,3965,True,True,True,True,Eyes,1.326328,-0.259271,-3.580002,0.3497663,0.2901893,0.8907602,0.0,0.0,0.0,0.0,0.0,0.0,0.0,-2.809488,-0.1767181,2.598166,1.318992,-0.2617604,-3.587013,-0.05869874,0.233645,-0.01512683,0.9704307,353.8658,27.24974,356.7257,0.346219,-0.06764417,-0.9357116,0,0,0,1.796751,0.05100686,-2.586455,-0.04433125,0.1903286,1.135342,0.8903624,-0.05678842,-0.4516967,0.001929755,0.9926513,-0.1209947,0.4552484,0.1068575,0.8839289,moving,21.43797,18.04442,-2.236069,9.516566,20.20801858458539,29.38105464360941
05/11/2023 12:34:06.923529,3966,True,True,True,True,Eyes,1.326579,-0.2593177,-3.580164,0.3535239,0.2899661,0.8893483,0.0,0.0,0.0,0.0,0.0,0.0,0.0,-2.819667,-0.1813942,2.58722,1.319207,-0.2617084,-3.587246,-0.05923338,0.235505,-0.01547518,0.969943,353.822,27.47526,356.6602,0.3462579,-0.06765527,-0.9356964,0,0,0,1.801377,0.05096034,-2.58631,-0.04510048,0.1890381,1.137697,0.8885958,-0.0579196,-0.4550196,0.002120572,0.9925039,-0.122195,0.4586862,0.107617,0.8820576,moving,21.67826,18.05821,-2.270126,9.433995,20.450416292343185,29.396600628592147
05/11/2023 12:34:06.943642,3967,True,True,True,True,Eyes,1.326831,-0.2593647,-3.580333,0.3572445,0.2897934,0.8879167,0.0,0.0,0.0,0.0,0.0,0.0,0.0,-2.829111,-0.1868675,2.576836,1.319397,-0.2615587,-3.58743,-0.05985634,0.2372456,-0.01585322,0.9694744,353.7691,27.68756,356.5894,0.3462973,-0.06766604,-0.935681,0,0,0,1.805907,0.05091477,-2.586168,-0.04566804,0.1874778,1.140011,0.8869264,-0.05913989,-0.4581092,0.002337286,0.9923318,-0.1235806,0.4619049,0.1085361,0.8802635,moving,21.9169,18.07536,-2.294003,9.338856,20.691263386575983,29.415533097348735
05/11/2023 12:34:06.963561,3968,True,True,True,True,Eyes,1.32711,-0.2594151,-3.580513,0.3608965,0.2896258,0.8864935,0.0,0.0,0.0,0.0,0.0,0.0,0.0,-2.83816,-0.1899654,2.567186,1.319675,-0.2616204,-3.587715,-0.06045199,0.2388888,-0.01575978,0.9690353,353.706,27.88561,356.5724,0.3463371,-0.06767652,-0.9356654,0,0,0,1.810387,0.0508697,-2.586027,-0.04596531,0.1859656,1.142424,0.8853676,-0.05942617,-0.4610778,0.00166097,0.9921944,-0.1246899,0.4648887,0.1096305,0.8785554,moving,22.15151,18.0927,-2.304048,9.245608,20.92805901603304,29.434630815678894
05/11/2023 12:34:06.974367,3969,True,True,True,True,Eyes,1.327386,-0.2594694,-3.580702,0.3645354,0.2894477,0.8850616,0.0,0.0,0.0,0.0,0.0,0.0,0.0,-2.847255,-0.1936232,2.557237,1.320096,-0.2617167,-3.587849,-0.06094312,0.2405352,-0.01596665,0.9685938,353.6629,28.08523,356.5247,0.3463778,-0.0676868,-0.9356496,0,0,0,1.814969,0.05082362,-2.585883,-0.04640192,0.1848708,1.144634,0.8837758,-0.06024832,-0.4640157,0.001612464,0.992062,-0.1257393,0.4679079,0.1103772,0.8768575,moving,22.38557,18.10965,-2.321423,9.174663,21.16428800784687,29.453330515910938
05/11/2023 12:34:06.994130,3970,True,True,True,True,Eyes,1.327657,-0.2595141,-3.580895,0.3680968,0.2891599,0.8836805,0.0,0.0,0.0,0.0,0.0,0.0,0.0,-2.856283,-0.1970429,2.547543,1.320289,-0.2618392,-3.588235,-0.06097297,0.2421875,-0.01679787,0.968166,353.6889,28.28618,356.4202,0.3464192,-0.06769698,-0.9356336,0,0,0,1.819532,0.05077772,-2.58574,-0.0470776,0.1850949,1.146949,0.8821261,-0.06206003,-0.4669071,0.002992461,0.9920002,-0.1262004,0.4710039,0.1099274,0.875255,moving,22.61415,18.11924,-2.35044,9.167366,21.39475672640645,29.464551567692048
05/11/2023 12:34:07.013715,3971,True,True,True,True,Eyes,1.327928,-0.2595527,-3.581093,0.3716389,0.2889343,0.8822707,0.0,0.0,0.0,0.0,0.0,0.0,0.0,-2.864748,-0.2019576,2.538045,1.320476,-0.2616226,-3.588473,-0.06094711,0.2437599,-0.01797682,0.9677518,353.7308,28.47928,356.2792,0.3464609,-0.06770682,-0.9356174,0,0,0,1.823978,0.050733,-2.5856,-0.04776329,0.1853002,1.149007,0.8805159,-0.06450712,-0.4696069,0.005081283,0.9919246,-0.1267274,0.4739894,0.1091993,0.8737331,moving,22.84229,18.13307,-2.380369,9.161209,21.624922159330524,29.4800569885016
05/11/2023 12:34:07.023436,3972,True,True,True,True,Eyes,1.328184,-0.2595946,-3.581289,0.3750523,0.2886861,0.8809064,0.0,0.0,0.0,0.0,0.0,0.0,0.0,-2.873202,-0.2110223,2.528242,1.320717,-0.2615042,-3.588753,-0.06187506,0.2453395,-0.01873559,0.9672793,353.6554,28.67764,356.1574,0.346503,-0.06771619,-0.9356012,0,0,0,1.828712,0.05068538,-2.585452,-0.04817364,0.1832495,1.151622,0.878915,-0.06660588,-0.472305,0.005884309,0.9916409,-0.128894,0.4769421,0.1105077,0.87196,moving,23.06223,18.14474,-2.395349,9.041272,21.846759986357824,29.493323637986464
05/11/2023 12:34:07.043596,3973,True,True,True,True,Eyes,1.328442,-0.2596359,-3.581491,0.3784518,0.2884634,0.8795244,0.0,0.0,0.0,0.0,0.0,0.0,0.0,-2.880913,-0.2194856,2.519215,1.320901,-0.2616358,-3.589017,-0.06283287,0.2467913,-0.01936486,0.9668357,353.5728,28.86061,356.0497,0.3465451,-0.06772523,-0.9355849,0,0,0,1.833291,0.05063932,-2.585308,-0.0483287,0.1813285,1.154243,0.8774381,-0.06845848,-0.4747798,0.006432061,0.991354,-0.1310563,0.4796468,0.11194,0.8702922,moving,23.2818,18.15828,-2.397602,8.928049,22.06828689907168,29.50847868278023
05/11/2023 12:34:07.064157,3974,True,True,True,True,Eyes,1.328706,-0.2596756,-3.581694,0.3817585,0.2881715,0.87819,0.0,0.0,0.0,0.0,0.0,0.0,0.0,-2.889001,-0.2265631,2.509889,1.321191,-0.2616419,-3.589318,-0.06333498,0.2482972,-0.02030956,0.9663978,353.5505,29.04873,355.9196,0.3465872,-0.06773394,-0.9355687,0,0,0,1.837861,0.05059336,-2.585165,-0.04885805,0.1804546,1.156638,0.875872,-0.07070603,-0.4773352,0.007802433,0.9911524,-0.1324992,0.4824804,0.1123279,0.8686743,moving,23.49509,18.16686,-2.418819,8.8676,22.28332713347786,29.518576520238742
05/11/2023 12:34:07.083360,3975,True,True,True,True,Eyes,1.328969,-0.2597176,-3.581903,0.3850621,0.2879227,0.8768282,0.0,0.0,0.0,0.0,0.0,0.0,0.0,-2.896969,-0.2344076,2.500479,1.321609,-0.2616255,-3.589523,-0.06399725,0.2497779,-0.02119233,0.9659535,353.5089,29.23489,355.7917,0.3466294,-0.06774231,-0.9355525,0,0,0,1.842179,0.05054992,-2.585029,-0.04960567,0.1791815,1.158831,0.8743237,-0.07291184,-0.4798353,0.008971419,0.9909105,-0.1342235,0.4852603,0.11305,0.8670306,moving,23.70885,18.17854,-2.451144,8.789617,22.49894277109911,29.53181207598385
05/11/2023 12:34:07.093875,3976,True,True,True,True,Eyes,1.329226,-0.2597611,-3.582112,0.3882657,0.2875749,0.8755286,0.0,0.0,0.0,0.0,0.0,0.0,0.0,-2.905283,-0.2434504,2.490537,1.321856,-0.261704,-3.589836,-0.06474445,0.2513572,-0.02224698,0.9654704,353.4636,29.43467,355.6414,0.3466716,-0.06775043,-0.9355363,0,0,0,1.846923,0.0505022,-2.58488,-0.05024061,0.1778688,1.16144,0.8726493,-0.07550555,-0.482475,0.01040962,0.9906265,-0.1362016,0.4882365,0.1138338,0.8652555,moving,23.91558,18.18321,-2.476909,8.706917,22.707249006593393,29.537912553321952
05/11/2023 12:34:07.113840,3977,True,True,True,True,Eyes,1.329479,-0.2598026,-3.582328,0.391448,0.2872391,0.874221,0.0,0.0,0.0,0.0,0.0,0.0,0.0,-2.912304,-0.2502282,2.482047,1.322002,-0.2617545,-3.590053,-0.06502478,0.2527103,-0.02344235,0.9650698,353.4737,29.6049,355.4907,0.3467137,-0.06775837,-0.9355201,0,0,0,1.85141,0.05045706,-2.584739,-0.05047271,0.1776983,1.163736,0.8711759,-0.07811187,-0.4847175,0.01238214,0.9904445,-0.1373551,0.4908149,0.1136587,0.8638186,moving,24.1213,18.18876,-2.483434,8.681798,22.914567296166886,29.54489611400975
05/11/2023 12:34:07.123564,3978,True,True,True,True,Eyes,1.329729,-0.2598406,-3.58254,0.3945194,0.2868426,0.8729694,0.0,0.0,0.0,0.0,0.0,0.0,0.0,-2.918753,-0.2572122,2.474316,1.32217,-0.2617205,-3.590389,-0.06534736,0.2539456,-0.02459358,0.964695,353.4777,29.76126,355.3445,0.3467555,-0.06776608,-0.935504,0,0,0,1.855837,0.05041253,-2.5846,-0.05054289,0.177327,1.166121,0.8698136,-0.08063996,-0.4867459,0.01426126,0.9902498,-0.1385714,0.4931744,0.1135897,0.8624827,moving,24.31955,18.18963,-2.481803,8.646481,23.114209948339287,29.547097656773676
05/11/2023 12:34:07.143358,3979,True,True,True,True,Eyes,1.329981,-0.2598762,-3.582756,0.3975668,0.2864853,0.8717034,0.0,0.0,0.0,0.0,0.0,0.0,0.0,-2.924915,-0.2651904,2.466577,1.322461,-0.2616645,-3.590555,-0.06600858,0.2551304,-0.02548186,0.9643143,353.4365,29.91299,355.2175,0.3467971,-0.0677735,-0.935488,0,0,0,1.860431,0.05036633,-2.584456,-0.05027637,0.1760612,1.168539,0.8685184,-0.08282663,-0.4886877,0.01546346,0.9899871,-0.1403084,0.4954158,0.1143036,0.8611028,moving,24.5168,18.19311,-2.46363,8.568179,23.31293174060378,29.55193164997269
05/11/2023 12:34:07.163722,3980,True,True,True,True,Eyes,1.33024,-0.2599144,-3.582971,0.4005249,0.2860265,0.870499,0.0,0.0,0.0,0.0,0.0,0.0,0.0,-2.931222,-0.2726841,2.458831,1.322762,-0.2616249,-3.590839,-0.06660187,0.2563339,-0.02635589,0.9639308,353.4029,30.06647,355.094,0.3468384,-0.06778059,-0.9354721,0,0,0,1.864868,0.05032169,-2.584316,-0.05025491,0.1749438,1.17096,0.8671966,-0.08495513,-0.4906656,0.01666586,0.9897391,-0.141911,0.497687,0.1148874,0.8597143,moving,24.70761,18.18937,-2.457495,8.497256,23.504931268832742,29.549422155779936
05/11/2023 12:34:07.175335,3981,True,True,True,True,Eyes,1.330493,-0.2599543,-3.583189,0.4034586,0.2855962,0.8692848,0.0,0.0,0.0,0.0,0.0,0.0,0.0,-2.937842,-0.2796347,2.450501,1.323109,-0.261691,-3.590957,-0.0670322,0.2576098,-0.02736775,0.9635325,353.3921,30.22814,354.9595,0.3468798,-0.06778745,-0.9354563,0,0,0,1.869683,0.05027326,-2.584165,-0.05012494,0.1743939,1.173358,0.8657764,-0.08727574,-0.4927618,0.01820312,0.9895154,-0.1432758,0.5000999,0.115075,0.8582877,moving,24.89729,18.1875,-2.446145,8.453876,23.695854653876268,29.54879598957729
05/11/2023 12:34:07.193855,3982,True,True,True,True,Eyes,1.330739,-0.2599895,-3.5834,0.4062664,0.285092,0.8681418,0.0,0.0,0.0,0.0,0.0,0.0,0.0,-2.943405,-0.2868612,2.443447,1.323241,-0.2617528,-3.591222,-0.06748605,0.258708,-0.02839616,0.9631768,353.3785,30.36907,354.8237,0.3469208,-0.06779414,-0.9354406,0,0,0,1.873963,0.05023021,-2.584031,-0.04993156,0.1737978,1.17574,0.8645277,-0.0896194,-0.4945304,0.01978268,0.9892786,-0.1446946,0.5021957,0.1153094,0.8570316,moving,25.0783,18.17984,-2.431788,8.408568,23.877857562107202,29.54225742092094
05/11/2023 12:34:07.213636,3983,True,True,True,True,Eyes,1.330978,-0.2600239,-3.583611,0.4090151,0.2846182,0.8670058,0.0,0.0,0.0,0.0,0.0,0.0,0.0,-2.947993,-0.291949,2.437432,1.323371,-0.2616494,-3.591267,-0.06759819,0.2596289,-0.02938779,0.9628913,353.401,30.48569,354.7037,0.3469617,-0.06780057,-0.935425,0,0,0,1.878515,0.05018442,-2.583888,-0.04892629,0.1738649,1.177971,0.8634583,-0.09169538,-0.4960157,0.0214936,0.9891337,-0.1454393,0.503962,0.1149196,0.8560466,moving,25.25587,18.17383,-2.378378,8.396062,24.056451183390195,29.53736432388516
05/11/2023 12:34:07.223365,3984,True,True,True,True,Eyes,1.33121,-0.2600534,-3.583816,0.4116651,0.2841135,0.8659166,0.0,0.0,0.0,0.0,0.0,0.0,0.0,-2.951176,-0.2969615,2.433372,1.323465,-0.2616512,-3.591504,-0.06794654,0.2602578,-0.03003627,0.962677,353.3856,30.56763,354.6165,0.3470021,-0.06780677,-0.9354095,0,0,0,1.883277,0.05013652,-2.583738,-0.04695863,0.1733287,1.180655,0.8627273,-0.09319768,-0.4970066,0.02246322,0.9889622,-0.1464555,0.50517,0.1151868,0.8552983,moving,25.42687,18.16504,-2.277646,8.351776,24.2283379794167,29.52961640668001
05/11/2023 12:34:07.243650,3985,True,True,True,True,Eyes,1.331442,-0.2600786,-3.58402,0.4142506,0.2836654,0.8648297,0.0,0.0,0.0,0.0,0.0,0.0,0.0,-2.953596,-0.3043999,2.429781,1.323663,-0.2615656,-3.591618,-0.068713,0.2607492,-0.03062174,0.9624712,353.3214,30.63674,354.5241,0.3470421,-0.06781262,-0.9353943,0,0,0,1.8876,0.05009304,-2.583603,-0.04505202,0.1717386,1.183101,0.8621444,-0.09477881,-0.4977189,0.02311138,0.9886817,-0.1482377,0.5061353,0.1162994,0.8545768,moving,25.59427,18.15957,-2.180748,8.259354,24.396709427416496,29.525201525323222
05/11/2023 12:34:07.263729,3986,True,True,True,True,Eyes,1.331672,-0.2601073,-3.584214,0.416727,0.2832057,0.8637899,0.0,0.0,0.0,0.0,0.0,0.0,0.0,-2.955563,-0.3134404,2.426594,1.323879,-0.2614762,-3.591787,-0.06948119,0.2611611,-0.0315609,0.962274,353.2675,30.69869,354.3929,0.3470816,-0.06781806,-0.9353792,0,0,0,1.89221,0.05004666,-2.583458,-0.0429357,0.1703337,1.185713,0.8615976,-0.09703203,-0.4982313,0.0244489,0.9883525,-0.1502048,0.5070029,0.1172349,0.8539345,moving,25.75453,18.15246,-2.073823,8.174899,24.557837700541434,29.51908074149732
05/11/2023 12:34:07.283601,3987,True,True,True,True,Eyes,1.3319,-0.2601385,-3.584408,0.4191591,0.2827778,0.8627528,0.0,0.0,0.0,0.0,0.0,0.0,0.0,-2.958039,-0.3228414,2.422599,1.324213,-0.2615885,-3.59183,-0.07045846,0.2616684,-0.03233746,0.9620394,353.1861,30.77321,354.2725,0.3471208,-0.06782324,-0.9353643,0,0,0,1.896675,0.05000176,-2.583318,-0.04116553,0.1685658,1.188187,0.8609679,-0.09909332,-0.4989137,0.02534632,0.9879798,-0.152491,0.5080274,0.1186442,0.8531305,moving,25.9123,18.14719,-1.984257,8.074558,24.71651948481434,29.51480388313869
05/11/2023 12:34:07.313936,3988,True,True,True,True,Eyes,1.332107,-0.2601738,-3.584582,0.4215292,0.2822652,0.8617653,0.0,0.0,0.0,0.0,0.0,0.0,0.0,-2.961006,-0.3292493,2.418453,1.324412,-0.2616647,-3.591983,-0.07089774,0.2622678,-0.0331878,0.9618148,353.1672,30.85415,354.1599,0.3471597,-0.06782825,-0.9353495,0,0,0,1.90122,0.04995603,-2.583175,-0.03949797,0.1680313,1.190678,0.8602284,-0.1010294,-0.4998001,0.02665264,0.9877442,-0.1537892,0.5092119,0.1189728,0.8523782,moving,26.06539,18.13585,-1.899958,8.032675,24.87028901563329,29.504358101984227
05/11/2023 12:34:07.323358,3989,True,True,True,True,Eyes,1.332301,-0.2602111,-3.584747,0.4238411,0.2816331,0.8608376,0.0,0.0,0.0,0.0,0.0,0.0,0.0,-2.964267,-0.3320809,2.414249,1.324603,-0.2618239,-3.592023,-0.07066842,0.2629145,-0.03419479,0.9616199,353.2273,30.93517,354.0508,0.3471979,-0.06783327,-0.935335,0,0,0,1.905845,0.04990952,-2.58303,-0.03787667,0.1692405,1.192899,0.8594134,-0.1029243,-0.5008146,0.02860526,0.9876734,-0.1538929,0.5104805,0.1179317,0.8517639,moving,26.21374,18.11611,-1.818631,8.07485,25.01900908822507,29.48538700378843
05/11/2023 12:34:07.323358,3990,True,True,True,True,Eyes,1.332496,-0.2602526,-3.584912,0.4261213,0.2810068,0.8599162,0.0,0.0,0.0,0.0,0.0,0.0,0.0,-2.967166,-0.3309401,2.411142,1.32483,-0.261925,-3.592133,-0.0702011,0.2634376,-0.03462274,0.9614956,353.2952,30.99553,354.0143,0.3472353,-0.06783836,-0.9353208,0,0,0,1.910411,0.04986358,-2.582886,-0.03575808,0.1706417,1.195114,0.8588037,-0.1035664,-0.501727,0.02959201,0.9877461,-0.153238,0.5114492,0.1167542,0.8513449,moving,26.36017,18.09656,-1.713791,8.125922,25.165802213040926,29.46659522364338
05/11/2023 12:34:07.343610,3991,True,True,True,True,Eyes,1.332694,-0.2602993,-3.585078,0.4283842,0.2803461,0.8590071,0.0,0.0,0.0,0.0,0.0,0.0,0.0,-2.970822,-0.3336816,2.406653,1.325052,-0.2620493,-3.592307,-0.07016547,0.2641416,-0.03532322,0.9612795,353.325,31.08334,353.9328,0.347272,-0.06784362,-0.9353068,0,0,0,1.916933,0.04979798,-2.582682,-0.0326367,0.1712184,1.198555,0.857963,-0.1049782,-0.5028709,0.03084373,0.9876581,-0.1535579,0.5127847,0.1162366,0.850612,moving,26.50529,18.07464,-1.559781,8.129924,25.311198214648144,29.445398268594662
05/11/2023 12:34:07.363335,3992,True,True,True,True,Eyes,1.33288,-0.2603429,-3.585227,0.4306161,0.2795577,0.8581476,0.0,0.0,0.0,0.0,0.0,0.0,0.0,-2.975356,-0.3334217,2.40146,1.325288,-0.262196,-3.592463,-0.06961467,0.264998,-0.0360776,0.9610559,353.4145,31.18447,353.8607,0.3473082,-0.06784917,-0.935293,0,0,0,1.919481,0.04977235,-2.582602,-0.03325605,0.1729778,1.199659,0.856949,-0.1062407,-0.5043326,0.03244969,0.9877043,-0.1529282,0.5143787,0.1146862,0.8498598,moving,26.64737,18.04399,-1.587904,8.204879,25.45324557807362,29.41535364971552
05/11/2023 12:34:07.373994,3993,True,True,True,True,Eyes,1.33307,-0.2603877,-3.585377,0.4328426,0.2787623,0.8572857,0.0,0.0,0.0,0.0,0.0,0.0,0.0,-2.979949,-0.3343223,2.395715,1.325568,-0.2621742,-3.592415,-0.06917274,0.2658937,-0.03690701,0.9608089,353.4946,31.29176,353.7767,0.3473437,-0.06785493,-0.9352793,0,0,0,1.924028,0.04972661,-2.582459,-0.03226209,0.1744262,1.201659,0.8558767,-0.1077064,-0.5058402,0.03413597,0.987706,-0.1525503,0.516052,0.1132969,0.8490313,moving,26.78916,18.0129,-1.537905,8.259059,25.594986444784197,29.38486218847937
05/11/2023 12:34:07.393788,3994,True,True,True,True,Eyes,1.333244,-0.2604342,-3.585519,0.4350301,0.2778287,0.8564812,0.0,0.0,0.0,0.0,0.0,0.0,0.0,-2.984941,-0.3368591,2.389521,1.325828,-0.2622265,-3.592571,-0.0689467,0.2668685,-0.03780952,0.9605197,353.5539,31.411,353.6772,0.3473787,-0.06786092,-0.9352658,0,0,0,1.928482,0.04968181,-2.582319,-0.03169674,0.1754523,1.203869,0.8547033,-0.109433,-0.5074512,0.03583417,0.9876336,-0.1526297,0.5178785,0.112269,0.8480551,moving,26.92725,17.97223,-1.508196,8.291927,25.73268611821345,29.344659179986003
05/11/2023 12:34:07.413592,3995,True,True,True,True,Eyes,1.333417,-0.2604787,-3.585656,0.4372156,0.276908,0.855666,0.0,0.0,0.0,0.0,0.0,0.0,0.0,-2.990019,-0.3393532,2.383218,1.326027,-0.2623288,-3.592762,-0.06865945,0.2678708,-0.03879494,0.9602219,353.6229,31.53331,353.5705,0.347413,-0.06786718,-0.9352527,0,0,0,1.933025,0.04963611,-2.582176,-0.03114903,0.176724,1.206172,0.8534804,-0.1112872,-0.5091034,0.03771979,0.9875616,-0.1526407,0.519758,0.1110726,0.8470623,moving,27.06546,17.93246,-1.479318,8.335466,25.87053627938745,29.305367012271404
05/11/2023 12:34:07.423827,3996,True,True,True,True,Eyes,1.333577,-0.2605191,-3.585781,0.4393305,0.275962,0.8548881,0.0,0.0,0.0,0.0,0.0,0.0,0.0,-2.995071,-0.342409,2.376508,1.326161,-0.262308,-3.592767,-0.06859697,0.2689047,-0.03957135,0.9599057,353.661,31.66047,353.4797,0.3474466,-0.06787363,-0.9352397,0,0,0,1.937562,0.04959047,-2.582034,-0.0304355,0.1772612,1.20844,0.8522487,-0.1128616,-0.5108173,0.03907742,0.9874572,-0.1529751,0.5216753,0.1104114,0.8459694,moving,27.19882,17.89033,-1.442734,8.344976,26.003425291396773,29.263656178178667
05/11/2023 12:34:07.443629,3997,True,True,True,True,Eyes,1.333737,-0.2605568,-3.585905,0.4414035,0.2750524,0.8541131,0.0,0.0,0.0,0.0,0.0,0.0,0.0,-2.99819,-0.3445597,2.372214,1.326236,-0.26226,-3.592713,-0.06856422,0.2695559,-0.04009468,0.9597036,353.6854,31.7408,353.4185,0.3474794,-0.06788018,-0.9352271,0,0,0,1.942273,0.04954309,-2.581886,-0.02841932,0.1776299,1.21084,0.8514641,-0.1139218,-0.5118893,0.03999424,0.9873828,-0.1532182,0.5228856,0.1099871,0.8452772,moving,27.32981,17.85026,-1.344528,8.345748,26.133995890909148,29.224012524043594
05/11/2023 12:34:07.463600,3998,True,True,True,True,Eyes,1.333912,-0.2605987,-3.586032,0.4435353,0.2741963,0.8532836,0.0,0.0,0.0,0.0,0.0,0.0,0.0,-3.000808,-0.3473596,2.368691,1.326382,-0.2622232,-3.592792,-0.06869929,0.270085,-0.04052549,0.9595272,353.6877,31.80779,353.3629,0.3475116,-0.06788675,-0.9352147,0,0,0,1.946599,0.04949958,-2.58175,-0.02651697,0.1775495,1.213186,0.8508235,-0.1148799,-0.5127397,0.04066132,0.9872761,-0.1537283,0.5238759,0.109947,0.844669,moving,27.46533,17.81442,-1.252132,8.326121,26.269267069277475,29.188676264971797
05/11/2023 12:34:07.473979,3999,True,True,True,True,Eyes,1.334083,-0.2606432,-3.586149,0.4456407,0.2733571,0.8524554,0.0,0.0,0.0,0.0,0.0,0.0,0.0,-3.004063,-0.3507808,2.364365,1.326706,-0.2623336,-3.592867,-0.06906817,0.2707157,-0.04080389,0.9593111,353.6603,31.88851,353.3159,0.3475434,-0.06789343,-0.9352024,0,0,0,1.951286,0.04945243,-2.581603,-0.02466714,0.1769634,1.215747,0.8500962,-0.1156829,-0.5137646,0.04089157,0.9871292,-0.1546082,0.5250376,0.1104232,0.8438852,moving,27.59935,17.7795,-1.162355,8.281775,26.40305824879563,29.154260268414834
05/11/2023 12:34:07.493831,4000,True,True,True,True,Eyes,1.334251,-0.2606781,-3.586254,0.4478576,0.2725468,0.8515526,0.0,0.0,0.0,0.0,0.0,0.0,0.0,-3.008197,-0.3498518,2.359087,1.326794,-0.2624345,-3.592726,-0.06890833,0.2715444,-0.04085493,0.9590862,353.6852,31.98609,353.31,0.347575,-0.0679003,-0.9351901,0,0,0,1.95571,0.04940793,-2.581464,-0.02308089,0.1774855,1.217948,0.849189,-0.1157901,-0.5152385,0.04094344,0.987165,-0.1543659,0.5264993,0.1099902,0.8430306,moving,27.74126,17.74772,-1.085661,8.291065,26.544897200148647,29.123071909430216
05/11/2023 12:34:07.513897,4001,True,True,True,True,Eyes,1.334411,-0.2607163,-3.58635,0.4499765,0.2717766,0.8506813,0.0,0.0,0.0,0.0,0.0,0.0,0.0,-3.00945,-0.3449761,2.35774,1.326752,-0.2622152,-3.592452,-0.06824809,0.2717887,-0.0406465,0.959073,353.753,32.00719,353.353,0.3476064,-0.06790711,-0.935178,0,0,0,1.960333,0.04936142,-2.581319,-0.01949191,0.1788299,1.220056,0.8489575,-0.115064,-0.5157823,0.04086781,0.9873801,-0.1530043,0.5268784,0.1088153,0.8429462,moving,27.87706,17.7177,-0.9152933,8.338757,26.680642120072697,29.09362244696884
05/11/2023 12:34:07.523783,4002,True,True,True,True,Eyes,1.334561,-0.2607633,-3.586442,0.4521703,0.2710187,0.8497593,0.0,0.0,0.0,0.0,0.0,0.0,0.0,-3.01077,-0.3421353,2.356243,1.32672,-0.2623673,-3.592305,-0.06820701,0.272041,-0.04011571,0.9590268,353.7424,32.03396,353.4115,0.3476374,-0.06791397,-0.9351659,0,0,0,1.965064,0.04931384,-2.58117,-0.01580715,0.1788551,1.222613,0.8487688,-0.1140543,-0.5163169,0.03983385,0.9874771,-0.1526509,0.5272616,0.1089984,0.842683,moving,28.01815,17.68934,-0.7407352,8.322717,26.821768145854904,29.065886775181976
05/11/2023 12:34:07.543794,4003,True,True,True,True,Eyes,1.334709,-0.2608056,-3.586527,0.4542847,0.2702412,0.8488787,0.0,0.0,0.0,0.0,0.0,0.0,0.0,-3.010122,-0.3356114,2.358501,1.326932,-0.2626416,-3.592529,-0.06754561,0.2717772,-0.03962588,0.9591688,353.7979,31.99292,353.489,0.3476679,-0.06792112,-0.9351541,0,0,0,1.969422,0.04927,-2.581033,-0.01154119,0.1804853,1.224948,0.849134,-0.1127305,-0.5160073,0.0393011,0.9877347,-0.1511141,0.5267135,0.1080364,0.8431495,moving,28.15384,17.65891,-0.5398121,8.381721,26.957388796218886,29.036022005207236
05/11/2023 12:34:07.563750,4004,True,True,True,True,Eyes,1.334859,-0.2608413,-3.586598,0.4564266,0.2694918,0.8479675,0.0,0.0,0.0,0.0,0.0,0.0,0.0,-3.011227,-0.3305993,2.357712,1.327025,-0.2625651,-3.592444,-0.06685599,0.2719475,-0.03945033,0.9591761,353.8693,32.00526,353.5298,0.3476981,-0.06792843,-0.9351423,0,0,0,1.969514,0.04926908,-2.581031,-0.01179105,0.1819178,1.224646,0.8489766,-0.1120422,-0.516416,0.03931697,0.9879479,-0.1497101,0.5269659,0.1067965,0.8431497,moving,28.29178,17.63073,-0.5516344,8.449345,27.095349082129424,29.00844733885264
05/11/2023 12:34:07.574137,4005,True,True,True,True,Eyes,1.335002,-0.2608798,-3.586664,0.4584791,0.268765,0.8470905,0.0,0.0,0.0,0.0,0.0,0.0,0.0,-3.012705,-0.3272631,2.355871,1.327144,-0.2624344,-3.592137,-0.06668667,0.2722251,-0.03892851,0.9591304,353.8733,32.03386,353.5913,0.347728,-0.06793571,-0.9351307,0,0,0,1.969514,0.04926908,-2.581031,-0.01212662,0.1818594,1.224301,0.8487561,-0.1109826,-0.5170067,0.03836746,0.988075,-0.1491171,0.5273908,0.1067278,0.8428928,static,28.42401,17.6032,-0.5674923,8.449013,27.22758150535104,28.981491852531036
05/11/2023 12:34:07.593958,4006,True,True,True,True,Eyes,1.335137,-0.2609158,-3.586717,0.4605608,0.2680258,0.8461949,0.0,0.0,0.0,0.0,0.0,0.0,0.0,-3.013315,-0.3233725,2.355534,1.327113,-0.2625477,-3.592076,-0.06646573,0.2723178,-0.03839891,0.9591408,353.8814,32.03983,353.6565,0.3477577,-0.06794307,-0.9351191,0,0,0,1.969514,0.04926908,-2.581031,-0.0120182,0.1821541,1.224254,0.8487371,-0.1098595,-0.5172777,0.03746033,0.9882156,-0.1484134,0.5274865,0.1065866,0.8428507,static,28.55825,17.5752,-0.5624408,8.46283,27.36182226733782,28.954074524470098
05/11/2023 12:34:07.613645,4007,True,True,True,True,Eyes,1.335269,-0.2609503,-3.586761,0.4625612,0.2672948,0.8453346,0.0,0.0,0.0,0.0,0.0,0.0,0.0,-3.013729,-0.3189409,2.355503,1.327255,-0.2625481,-3.591954,-0.06590534,0.2723489,-0.03819016,0.9591789,353.9366,32.03681,353.6977,0.347787,-0.06795046,-0.9351076,0,0,0,1.969514,0.04926908,-2.581031,-0.01201189,0.1833557,1.2239,0.8487352,-0.1091609,-0.5174288,0.0373639,0.988396,-0.1472321,0.5274964,0.1056279,0.8429652,static,28.68717,17.54696,-0.5623078,8.520268,27.490698517318492,28.926379047664067
05/11/2023 12:34:07.623619,4008,True,True,True,True,Eyes,1.335399,-0.2609817,-3.586795,0.4645728,0.2666038,0.8444492,0.0,0.0,0.0,0.0,0.0,0.0,0.0,-3.014241,-0.3163119,2.354963,1.327339,-0.2625431,-3.591768,-0.06559689,0.2724339,-0.03803689,0.959182,353.9663,32.04308,353.7241,0.347816,-0.06795786,-0.9350963,0,0,0,1.969514,0.04926908,-2.581031,-0.01210058,0.1839952,1.223603,0.8486659,-0.1087102,-0.5176373,0.03722696,0.9885005,-0.1465638,0.5276176,0.1051136,0.8429536,static,28.81735,17.52159,-0.5665966,8.551589,27.620938025466067,28.901593990538686
05/11/2023 12:34:07.643876,4009,True,True,True,True,Eyes,1.335521,-0.2610157,-3.58682,0.4664904,0.2659081,0.8436111,0.0,0.0,0.0,0.0,0.0,0.0,0.0,-3.014071,-0.3154616,2.354973,1.327336,-0.2624905,-3.591562,-0.06537136,0.2724164,-0.03815291,0.9591977,353.9947,32.03937,353.7188,0.3478447,-0.06796519,-0.9350851,0,0,0,1.969514,0.04926908,-2.581031,-0.01199198,0.1845831,1.223334,0.8486674,-0.1088088,-0.5176141,0.0375759,0.9885418,-0.1461951,0.5275905,0.1046211,0.8430318,static,28.94122,17.49497,-0.5616355,8.580369,27.744782922808533,28.875502915949216
05/11/2023 12:34:07.663553,4010,True,True,True,True,Eyes,1.335656,-0.2610462,-3.586849,0.4684092,0.2652463,0.8427557,0.0,0.0,0.0,0.0,0.0,0.0,0.0,-3.013008,-0.3136971,2.356274,1.327299,-0.2625792,-3.591375,-0.0649905,0.2722113,-0.03830771,0.9592758,354.0401,32.01193,353.7153,0.3478732,-0.06797255,-0.9350739,0,0,0,1.969514,0.04926908,-2.581031,-0.0114218,0.1857266,1.223054,0.8488671,-0.1088776,-0.5172721,0.03811301,0.9886175,-0.1455432,0.5272307,0.103832,0.8433544,static,29.0656,17.47071,-0.5350558,8.634671,27.86921910970461,28.851801570680568
05/11/2023 12:34:07.673904,4011,True,True,True,True,Eyes,1.335792,-0.2610823,-3.586876,0.4702529,0.2646041,0.8419304,0.0,0.0,0.0,0.0,0.0,0.0,0.0,-3.012403,-0.3143912,2.356764,1.327351,-0.2624772,-3.591238,-0.06501693,0.2721023,-0.0384053,0.959301,354.0396,31.99969,353.7043,0.3479017,-0.06797983,-0.9350628,0,0,0,1.969514,0.04926908,-2.581031,-0.01116359,0.1856586,1.222901,0.8489707,-0.109067,-0.517062,0.03830197,0.9885957,-0.1456419,0.52705,0.1038413,0.8434662,static,29.18517,17.44703,-0.5230262,8.632622,27.98883131894219,28.828654625275707
05/11/2023 12:34:07.693867,4012,True,True,True,True,Eyes,1.335923,-0.2611182,-3.586899,0.472165,0.2640211,0.8410429,0.0,0.0,0.0,0.0,0.0,0.0,0.0,-3.012699,-0.314284,2.356515,1.3275,-0.2626455,-3.591246,-0.06496521,0.2721336,-0.03848819,0.9592922,354.0481,32.00335,353.6966,0.3479301,-0.06798719,-0.9350517,0,0,0,1.969514,0.04926908,-2.581031,-0.0114336,0.1859887,1.222819,0.848924,-0.1092013,-0.5171104,0.03848442,0.9885964,-0.1455891,0.527112,0.1036934,0.8434457,static,29.31004,17.42817,-0.5357113,8.648308,28.113938849884967,28.81041679114897
05/11/2023 12:34:07.713919,4013,True,True,True,True,Eyes,1.336046,-0.2611508,-3.586908,0.4740267,0.263453,0.8401732,0.0,0.0,0.0,0.0,0.0,0.0,0.0,-3.014441,-0.313013,2.354317,1.327541,-0.262682,-3.591138,-0.06473614,0.2724814,-0.03853653,0.9592071,354.0771,32.04288,353.6966,0.3479585,-0.06799462,-0.9350406,0,0,0,1.969514,0.04926908,-2.581031,-0.01230508,0.1865632,1.222621,0.8485376,-0.1092078,-0.5177428,0.03865023,0.9886483,-0.1451917,0.5277216,0.1031897,0.8431262,static,29.43174,17.40985,-0.5766343,8.675997,28.235872368207545,28.792703845374316
05/11/2023 12:34:07.723533,4014,True,True,True,True,Eyes,1.336161,-0.261184,-3.586914,0.4759313,0.262887,0.8392733,0.0,0.0,0.0,0.0,0.0,0.0,0.0,-3.016234,-0.3122422,2.351607,1.327464,-0.2626337,-3.590833,-0.06464563,0.2728859,-0.03849495,0.9590999,354.0884,32.09007,353.7016,0.3479868,-0.06800207,-0.9350296,0,0,0,1.969514,0.04926908,-2.581031,-0.01306671,0.1866942,1.222369,0.8481029,-0.1091227,-0.5184726,0.03855922,0.9886782,-0.1450127,0.5284267,0.1029938,0.8427085,static,29.5565,17.39221,-0.612449,8.683759,28.360909351009603,28.77569888851372
05/11/2023 12:34:07.743627,4015,True,True,True,True,Eyes,1.336272,-0.2612163,-3.586916,0.477765,0.2623038,0.8384136,0.0,0.0,0.0,0.0,0.0,0.0,0.0,-3.017646,-0.3098539,2.349862,1.327316,-0.2626727,-3.590721,-0.06428706,0.2731897,-0.03847497,0.9590383,354.1292,32.12272,353.7137,0.3480148,-0.06800956,-0.9350186,0,0,0,1.969514,0.04926908,-2.581031,-0.01362067,0.1875473,1.222228,0.8477741,-0.108923,-0.5190518,0.0386728,0.9887737,-0.1443294,0.5289456,0.1022856,0.8424692,static,29.6764,17.37267,-0.6384854,8.723824,28.480990276492,28.756740330500698
05/11/2023 12:34:07.763811,4016,True,True,True,True,Eyes,1.336381,-0.2612443,-3.58692,0.4798257,0.2616888,0.8374284,0.0,0.0,0.0,0.0,0.0,0.0,0.0,-3.018458,-0.3052734,2.349245,1.327307,-0.2626812,-3.590611,-0.06370917,0.2733268,-0.0382606,0.9590464,354.1868,32.13232,353.7554,0.3480425,-0.06801707,-0.9350078,0,0,0,1.969514,0.04926908,-2.581031,-0.01375318,0.1887821,1.221952,0.8476573,-0.1082142,-0.5193908,0.03856053,0.9889545,-0.1431154,0.5291411,0.1012848,0.8424673,static,29.81164,17.35356,-0.6448418,8.782321,28.61653091453546,28.738318849528774
05/11/2023 12:34:07.774243,4017,True,True,True,True,Eyes,1.33649,-0.2612732,-3.586918,0.4818003,0.2610875,0.8364818,0.0,0.0,0.0,0.0,0.0,0.0,0.0,-3.019055,-0.3022815,2.348736,1.327249,-0.2625989,-3.590554,-0.06351805,0.2734365,-0.03784666,0.9590442,354.1954,32.14143,353.8067,0.3480699,-0.06802447,-0.934997,0,0,0,1.969514,0.04926908,-2.581031,-0.01370507,0.1888842,1.2219,0.8476002,-0.1073295,-0.5196674,0.03785694,0.9890662,-0.1425305,0.5292832,0.1011359,0.8423959,static,29.94126,17.33449,-0.642614,8.787366,28.746414204763667,28.719900343320138
05/11/2023 12:34:07.794091,4018,True,True,True,True,Eyes,1.336594,-0.2613014,-3.586919,0.4838682,0.2604973,0.8354715,0.0,0.0,0.0,0.0,0.0,0.0,0.0,-3.019347,-0.2997607,2.348523,1.327338,-0.2626504,-3.590412,-0.06331177,0.2734715,-0.03758734,0.959058,354.2101,32.14228,353.8419,0.3480971,-0.06803183,-0.9349864,0,0,0,1.969514,0.04926908,-2.581031,-0.01364756,0.1892696,1.221689,0.8476011,-0.1067248,-0.5197906,0.03746895,0.9891576,-0.1419974,0.5293095,0.1008812,0.8424099,static,30.07753,17.31731,-0.6400275,8.806506,28.88305553810182,28.70343726157012
05/11/2023 12:34:07.813897,4019,True,True,True,True,Eyes,1.336693,-0.2613278,-3.586914,0.485841,0.2599151,0.8345074,0.0,0.0,0.0,0.0,0.0,0.0,0.0,-3.018792,-0.2976137,2.349422,1.327183,-0.2626524,-3.590413,-0.06309128,0.2733656,-0.03741503,0.9591095,354.2282,32.12662,353.8688,0.3481239,-0.0680391,-0.9349759,0,0,0,1.969514,0.04926908,-2.581031,-0.01314431,0.1897024,1.221711,0.8477427,-0.1062642,-0.5196538,0.03727625,0.9892392,-0.1414788,0.5290961,0.1005669,0.8425816,static,30.20749,17.29968,-0.6164182,8.82618,29.01332862697565,28.68647708740117
05/11/2023 12:34:07.823747,4020,True,True,True,True,Eyes,1.336785,-0.2613504,-3.58691,0.4878387,0.2593727,0.8335102,0.0,0.0,0.0,0.0,0.0,0.0,0.0,-3.018147,-0.2959649,2.35024,1.327185,-0.2626362,-3.590271,-0.06287321,0.2732349,-0.03734829,0.9591636,354.2492,32.10858,353.8841,0.3481503,-0.06804629,-0.9349655,0,0,0,1.969514,0.04926908,-2.581031,-0.01269275,0.1901961,1.221516,0.8478956,-0.1060045,-0.5194575,0.0372879,0.9893041,-0.1410211,0.5288504,0.1002017,0.8427793,static,30.33968,17.28516,-0.5953379,8.850169,29.145949557610486,28.672676477925403
05/11/2023 12:34:07.843803,4021,True,True,True,True,Eyes,1.336868,-0.261375,-3.586897,0.4897369,0.2588453,0.8325604,0.0,0.0,0.0,0.0,0.0,0.0,0.0,-3.017146,-0.2957196,2.351428,1.327067,-0.2625585,-3.590236,-0.06280006,0.2730541,-0.03737707,0.9592188,354.257,32.08643,353.8843,0.3481762,-0.0680533,-0.9349554,0,0,0,1.969514,0.04926908,-2.581031,-0.01212347,0.1903438,1.221512,0.8480889,-0.1060012,-0.5191426,0.03740996,0.9893182,-0.1408899,0.5285318,0.1000661,0.8429952,static,30.46531,17.27061,-0.56864,8.856965,29.271964366086223,28.658801794798226
05/11/2023 12:34:07.863673,4022,True,True,True,True,Eyes,1.336956,-0.2613971,-3.58689,0.4916328,0.2583502,0.8315963,0.0,0.0,0.0,0.0,0.0,0.0,0.0,-3.01596,-0.2940435,2.352774,1.326908,-0.2626369,-3.590036,-0.06266629,0.2728447,-0.03721181,0.9592936,354.2652,32.0593,353.9082,0.3482015,-0.06806021,-0.9349455,0,0,0,1.969514,0.04926908,-2.581031,-0.01126969,0.1906935,1.221404,0.8483421,-0.1055904,-0.5188125,0.03719776,0.9893764,-0.1405368,0.5281402,0.09992465,0.8432574,static,30.59123,17.25834,-0.5286435,8.873752,29.39834631386067,28.64723448163191
05/11/2023 12:34:07.874266,4023,True,True,True,True,Eyes,1.337038,-0.2614197,-3.586882,0.4934335,0.2578847,0.8306737,0.0,0.0,0.0,0.0,0.0,0.0,0.0,-3.01449,-0.2929301,2.35463,1.32681,-0.2625622,-3.589969,-0.06252373,0.2725609,-0.03714395,0.9593862,354.2769,32.0237,353.922,0.3482263,-0.06806696,-0.9349357,0,0,0,1.969514,0.04926908,-2.581031,-0.0103848,0.1909634,1.221347,0.8486618,-0.1053538,-0.5183375,0.03718773,0.9894222,-0.1402168,0.527627,0.09972084,0.8436027,static,30.71099,17.24709,-0.4871595,8.886519,29.518559497336184,28.636657475945846
05/11/2023 12:34:07.893840,4024,True,True,True,True,Eyes,1.337116,-0.2614393,-3.586876,0.4952286,0.2574967,0.8297254,0.0,0.0,0.0,0.0,0.0,0.0,0.0,-3.013387,-0.292766,2.355943,1.326726,-0.2626009,-3.58992,-0.06261674,0.2723531,-0.0369883,0.9594451,354.2604,31.99899,353.9375,0.3482506,-0.06807359,-0.9349262,0,0,0,1.969514,0.04926908,-2.581031,-0.009690762,0.1907203,1.221404,0.8489113,-0.1050842,-0.5179834,0.03686875,0.989422,-0.1403024,0.5272478,0.1000069,0.843806,static,30.83122,17.24119,-0.454582,8.874978,29.639422239360208,28.63149329023587
05/11/2023 12:34:07.913641,4025,True,True,True,True,Eyes,1.337187,-0.2614571,-3.586863,0.4969301,0.2571356,0.8288196,0.0,0.0,0.0,0.0,0.0,0.0,0.0,-3.01243,-0.2930203,2.357003,1.326598,-0.2625448,-3.589884,-0.06282808,0.2721853,-0.0367425,0.9594883,354.2283,31.97972,353.9588,0.3482743,-0.06808002,-0.9349169,0,0,0,1.969514,0.04926908,-2.581031,-0.00901413,0.1900406,1.221538,0.8491303,-0.1047098,-0.5177004,0.03630623,0.9894053,-0.1405672,0.5269342,0.1005641,0.8439355,static,30.94537,17.23615,-0.4227965,8.842891,29.75419149422472,28.627158160399095
05/11/2023 12:34:07.933273,4026,True,True,True,True,Eyes,1.337264,-0.2614718,-3.586858,0.4984136,0.2568453,0.8280184,0.0,0.0,0.0,0.0,0.0,0.0,0.0,-3.011035,-0.2929082,2.35843,1.326461,-0.2625263,-3.589694,-0.06293195,0.2719437,-0.03657495,0.9595564,354.2101,31.951,353.9754,0.3482973,-0.06808624,-0.9349078,0,0,0,1.969514,0.04926908,-2.581031,-0.008105874,0.1897332,1.221503,0.8494178,-0.1044194,-0.5172871,0.03596357,0.9894037,-0.1406662,0.5264941,0.1008809,0.8441724,static,31.04523,17.23351,-0.3802081,8.829062,29.854651531558147,28.625154526769418
05/11/2023 12:34:07.944427,4027,True,True,True,True,Eyes,1.337333,-0.2614922,-3.586854,0.4998119,0.2565747,0.8272591,0.0,0.0,0.0,0.0,0.0,0.0,0.0,-3.00918,-0.292987,2.360624,1.326327,-0.2624317,-3.589643,-0.06303963,0.271596,-0.03642179,0.9596537,354.1913,31.90972,353.991,0.3483198,-0.06809219,-0.934899,0,0,0,1.969514,0.04926908,-2.581031,-0.007004857,0.1893449,1.221575,0.8498182,-0.1041472,-0.5166841,0.03566197,0.9893989,-0.1407765,0.5258682,0.1012084,0.8445233,static,31.13946,17.23129,-0.3285467,8.810768,29.949456676287248,28.623538040624233
05/11/2023 12:34:07.963861,4028,True,True,True,True,Eyes,1.337402,-0.2615074,-3.586851,0.5010488,0.2563425,0.8265826,0.0,0.0,0.0,0.0,0.0,0.0,0.0,-3.007579,-0.2924344,2.362703,1.32619,-0.2625919,-3.589663,-0.06309162,0.2712847,-0.0362592,0.9597445,354.1784,31.87221,354.0092,0.3483416,-0.06809804,-0.9348904,0,0,0,1.969514,0.04926908,-2.581031,-0.006048083,0.1893189,1.221713,0.8501798,-0.1038307,-0.5161527,0.03536753,0.9894094,-0.1407768,0.5253033,0.1014305,0.8448481,static,31.22295,17.22988,-0.28364,8.808598,30.033474624719183,28.622668981871687
05/11/2023 12:34:07.983404,4029,True,True,True,True,Eyes,1.337465,-0.261525,-3.586844,0.5022125,0.2561421,0.8259381,0.0,0.0,0.0,0.0,0.0,0.0,0.0,-3.006193,-0.2928151,2.364267,1.326122,-0.2624784,-3.589597,-0.06321125,0.271026,-0.03615321,0.9598137,354.1603,31.84191,354.0186,0.3483629,-0.06810366,-0.934882,0,0,0,1.969514,0.04926908,-2.581031,-0.005243957,0.1889018,1.221734,0.8504757,-0.1036645,-0.5156984,0.03513691,0.9893946,-0.1409389,0.5248395,0.1017451,0.8450985,static,31.30174,17.22984,-0.2459249,8.789345,30.112805389064555,28.623153869892743
05/11/2023 12:34:07.993675,4030,True,True,True,True,Eyes,1.337517,-0.2615432,-3.586836,0.5032464,0.2559776,0.8253596,0.0,0.0,0.0,0.0,0.0,0.0,0.0,-3.004723,-0.293314,2.365894,1.326055,-0.2625616,-3.589496,-0.06344666,0.2707514,-0.03595793,0.959883,354.1266,31.81034,354.0343,0.3483835,-0.06810914,-0.934874,0,0,0,1.969514,0.04926908,-2.581031,-0.004361928,0.1883552,1.221796,0.8508015,-0.1033874,-0.5152164,0.03467428,0.9893631,-0.141274,0.5243421,0.1023314,0.8453365,static,31.37191,17.23079,-0.2045506,8.763872,30.183489475340224,28.624582328594023
05/11/2023 12:34:08.013519,4031,True,True,True,True,Eyes,1.337565,-0.2615587,-3.586823,0.5042248,0.2558164,0.8248123,1.226676,1.956085,0.0522452,-2.575045,-0.895219,0.1984095,0.3990195,-0.01838118,0.1901837,1.220202,1.32592,-0.2626145,-3.589519,-0.06336302,0.2705055,-0.03581552,0.9599631,354.1298,31.77946,354.0543,0.3484034,-0.06811453,-0.9348662,0,0,0,1.969514,0.04926908,-2.581031,-0.003564537,0.1885462,1.221871,0.851088,-0.1030433,-0.5148119,0.03448306,0.9894047,-0.1410289,0.5238895,0.1022757,0.8456238,static,31.43831,17.23133,-0.1671471,8.772089,30.25036411090918,28.625571076641442
05/11/2023 12:34:08.023537,4032,True,True,True,True,Eyes,1.337627,-0.261577,-3.586822,0.505119,0.2556974,0.824302,1.221475,1.954617,0.05075082,-2.579958,-0.9925453,0.09872387,0.07146739,-0.01633799,0.1894693,1.215018,1.325863,-0.2625665,-3.589381,-0.06327171,0.2703442,-0.03567455,0.9600198,354.1344,31.75861,354.0738,0.3484224,-0.06811977,-0.9348587,0,0,0,1.969514,0.04926908,-2.581031,-0.002952278,0.188665,1.221759,0.8512827,-0.1027068,-0.5145571,0.03428629,0.989448,-0.140773,0.5235859,0.1021954,0.8458214,static,31.4993,17.23382,-0.1384501,8.778319,30.311855793121403,28.628495508177647
05/11/2023 12:34:08.043762,4033,True,True,True,True,Eyes,1.337682,-0.2615942,-3.586813,0.5059766,0.2555712,0.8238149,1.219244,1.954592,0.05000949,-2.582381,-0.9947163,0.04935622,-0.09001842,-0.01474613,0.1890557,1.212913,1.325806,-0.2626039,-3.589367,-0.06326773,0.2702763,-0.03554677,0.960044,354.1304,31.7498,354.0885,0.348441,-0.06812493,-0.9348514,0,0,0,1.969514,0.04926908,-2.581031,-0.002660692,0.1886411,1.221791,0.8513743,-0.1024524,-0.5144563,0.03405339,0.9894673,-0.1406945,0.5234521,0.1022647,0.8458959,static,31.55772,17.2354,-0.1247727,8.777,30.370729801777564,28.630482651936433
05/11/2023 12:34:08.063813,4034,True,True,True,True,Eyes,1.337745,-0.2616061,-3.586813,0.5067726,0.2554865,0.8233519,1.217718,1.954851,0.0495044,-2.584202,-0.977273,0.01568167,-0.2114036,-0.0133267,0.1892074,1.211281,1.325709,-0.2625909,-3.589168,-0.06313283,0.2702529,-0.03562523,0.9600565,354.1476,31.74615,354.0843,0.348459,-0.06812999,-0.9348443,0,0,0,1.969514,0.04926908,-2.581031,-0.002450168,0.1890317,1.221615,0.8513884,-0.1025281,-0.5144179,0.03428079,0.9894902,-0.1404778,0.5234143,0.1019665,0.8459553,static,31.61227,17.23914,-0.1149168,8.796138,30.425778373587306,28.634628089996443
05/11/2023 12:34:08.074185,4035,True,True,True,True,Eyes,1.337807,-0.2616206,-3.586809,0.5075397,0.2554098,0.8229029,1.216548,1.955254,0.04909784,-2.585708,-0.9501387,-0.0114081,-0.3116188,-0.0119822,0.1889545,1.210212,1.325607,-0.2624385,-3.589177,-0.0631133,0.2702107,-0.03565985,0.9600684,354.1505,31.74111,354.0813,0.3484767,-0.06813482,-0.9348374,0,0,0,1.969514,0.04926908,-2.581031,-0.002263904,0.188957,1.221649,0.8514291,-0.1025796,-0.5143402,0.03436401,0.9894902,-0.1404575,0.5233426,0.1019148,0.8460058,static,31.66494,17.24312,-0.1061778,8.792476,30.478941920721233,28.63900367062351
05/11/2023 12:34:08.093736,4036,True,True,True,True,Eyes,1.33787,-0.2616335,-3.586805,0.5082657,0.2553547,0.8224719,1.215652,1.955745,0.04878888,-2.586966,-0.9178508,-0.03201186,-0.3956327,-0.01103216,0.1887757,1.20928,1.325676,-0.2625214,-3.589072,-0.06313083,0.2703014,-0.03548668,0.9600481,354.1437,31.7512,354.0994,0.348494,-0.06813952,-0.9348306,0,0,0,1.969514,0.04926908,-2.581031,-0.002412498,0.1888858,1.221558,0.8513557,-0.1022666,-0.5145242,0.03400914,0.9895104,-0.1404015,0.5234853,0.1020331,0.8459033,static,31.71496,17.24812,-0.1131553,8.78986,30.529470852688668,28.64439296174262
05/11/2023 12:34:08.113729,4037,True,True,True,True,Eyes,1.337932,-0.2616515,-3.586798,0.5089584,0.2553245,0.8220528,1.214934,1.956283,0.04855087,-2.588058,-0.8821249,-0.04788782,-0.4685749,-0.009826779,0.1884423,1.208618,1.325662,-0.2624979,-3.589023,-0.06313895,0.2703325,-0.03511964,0.9600524,354.1315,31.75307,354.1396,0.3485111,-0.06814404,-0.9348239,0,0,0,1.969514,0.04926908,-2.581031,-0.002252519,0.188608,1.221563,0.851374,-0.1015704,-0.5146318,0.03329637,0.9895602,-0.1402214,0.5235015,0.1022454,0.8458677,static,31.76293,17.25447,-0.1056513,8.777102,30.577980173662013,28.65113364544974
05/11/2023 12:34:08.123768,4038,True,True,True,True,Eyes,1.337983,-0.2616678,-3.586787,0.5096375,0.2552869,0.8216435,1.214342,1.956857,0.04833791,-2.589031,-0.8436605,-0.06206794,-0.5332773,-0.008718789,0.1878367,1.2081,1.325698,-0.2626439,-3.588928,-0.06340472,0.2703185,-0.03497963,0.9600438,354.0978,31.75316,354.1466,0.3485279,-0.06814855,-0.9348173,0,0,0,1.969514,0.04926908,-2.581031,-0.002154291,0.188049,1.221588,0.8514087,-0.1014429,-0.5145994,0.03288503,0.9895125,-0.1406539,0.5234709,0.1028313,0.8458155,static,31.80992,17.26016,-0.101042,8.751312,30.62548099991139,28.657200431820367
05/11/2023 12:34:08.144136,4039,True,True,True,True,Eyes,1.338028,-0.261684,-3.586765,0.5102918,0.2552328,0.8212543,1.213863,1.957452,0.04813358,-2.589875,-0.8041059,-0.07570257,-0.5896464,-0.007756174,0.1882447,1.207631,1.325606,-0.2626283,-3.588908,-0.06330726,0.2702717,-0.035372,0.9600492,354.1205,31.74871,354.1066,0.3485443,-0.06815302,-0.9348109,0,0,0,1.969514,0.04926908,-2.581031,-0.002153218,0.1885304,1.221542,0.851404,-0.102138,-0.5144696,0.03369738,0.989482,-0.1406763,0.5234268,0.1024361,0.8458907,static,31.85503,17.26442,-0.1009954,8.773693,30.671041761748555,28.661808729726296
05/11/2023 12:34:08.163765,4040,True,True,True,True,Eyes,1.338059,-0.2617016,-3.586733,0.5109033,0.2551535,0.8208985,1.213481,1.95803,0.04792231,-2.590589,-0.7655126,-0.0897753,-0.6371272,-0.00671953,0.188759,1.207022,1.325527,-0.262637,-3.588622,-0.06314641,0.2702395,-0.03564493,0.9600587,354.1466,31.74478,354.0818,0.3485603,-0.06815748,-0.9348046,0,0,0,1.969514,0.04926908,-2.581031,-0.001996875,0.1891427,1.221256,0.8514001,-0.1025718,-0.5143898,0.03431315,0.989484,-0.1405139,0.5233932,0.1019832,0.8459663,static,31.89693,17.26641,-0.0936842,8.803768,30.713295623989723,28.66410030006222
05/11/2023 12:34:08.180832,4041,True,True,True,True,Eyes,1.338085,-0.2617248,-3.586702,0.5114824,0.2550292,0.8205765,1.213168,1.958599,0.04766852,-2.591205,-0.7273098,-0.1066573,-0.6779709,-0.004995406,0.1890747,1.206686,1.325408,-0.262711,-3.588501,-0.06300937,0.2699414,-0.0356586,0.9601511,354.1603,31.70798,354.0865,0.3485756,-0.06816198,-0.9347986,0,0,0,1.969514,0.04926908,-2.581031,-0.00109154,0.1896077,1.221167,0.8517202,-0.102493,-0.5138753,0.03445761,0.9895166,-0.1402485,0.5228626,0.1017456,0.846323,static,31.93614,17.26487,-0.05121382,8.825707,30.752724637297398,28.662804552994874
05/11/2023 12:34:08.196485,4042,True,True,True,True,Eyes,1.338108,-0.261743,-3.586666,0.5120165,0.2548554,0.8202974,1.212929,1.959148,0.04737857,-2.591703,-0.6911781,-0.1260555,-0.711606,-0.003830731,0.1905699,1.206321,1.325337,-0.2628611,-3.588486,-0.06240293,0.2697746,-0.03582575,0.9602313,354.2313,31.68326,354.0884,0.3485903,-0.06816667,-0.9347928,0,0,0,1.969514,0.04926908,-2.581031,-0.000675559,0.1913197,1.220964,0.8518763,-0.1024715,-0.5136208,0.03513256,0.9896448,-0.1391723,0.5225633,0.1005127,0.8466551,static,31.97175,17.25932,-0.03170174,8.905584,30.78839672098092,28.65743006604968
05/11/2023 12:34:08.213855,4043,True,True,True,True,Eyes,1.338128,-0.2617643,-3.586629,0.5125131,0.2546864,0.8200397,1.212729,1.959667,0.04710117,-2.592144,-0.656221,-0.1444776,-0.7406081,-0.002682745,0.1916511,1.205875,1.32534,-0.2627616,-3.588379,-0.06179489,0.2696566,-0.03571576,0.9603079,354.2941,31.66296,354.1208,0.3486043,-0.0681714,-0.9347873,0,0,0,1.969514,0.04926908,-2.581031,-0.0002205968,0.1926112,1.220645,0.8520194,-0.101923,-0.5134926,0.03526943,0.9898116,-0.1379462,0.5223207,0.09942226,0.8469334,static,32.0048,17.25365,-0.01035458,8.967029,30.821487236670876,28.651917171484406
05/11/2023 12:34:08.223616,4044,True,True,True,True,Eyes,1.338151,-0.261788,-3.586594,0.5129484,0.2544903,0.8198284,1.212575,1.960139,0.04680058,-2.592491,-0.6245389,-0.1644478,-0.7634842,-0.001441956,0.1916545,1.205788,1.325284,-0.2628638,-3.588345,-0.06164027,0.2695134,-0.03532675,0.9603723,354.2981,31.64247,354.1697,0.3486176,-0.06817626,-0.934782,0,0,0,1.969514,0.04926908,-2.581031,0.0004153848,0.1928477,1.220636,0.8522291,-0.1010794,-0.5133113,0.03462791,0.989905,-0.1374373,0.5220214,0.09935316,0.8471261,static,32.0333,17.24533,0.01949787,8.977926,30.849909109426022,28.643694375469543
05/11/2023 12:34:08.243525,4045,True,True,True,True,Eyes,1.338171,-0.2618111,-3.586551,0.513355,0.2542675,0.8196431,1.212454,1.960591,0.04647642,-2.592772,-0.5945123,-0.1860653,-0.7822627,-0.0003433824,0.1922137,1.205584,1.325256,-0.2629293,-3.58826,-0.06129358,0.2693564,-0.03520569,0.9604431,354.3315,31.61994,354.1952,0.3486305,-0.0681813,-0.9347768,0,0,0,1.969514,0.04926908,-2.581031,0.000957489,0.1936822,1.220464,0.8524154,-0.1006458,-0.5130872,0.03460649,0.9900073,-0.1367037,0.5217186,0.09877224,0.8473806,static,32.05954,17.23479,0.04495016,9.017385,30.875982266571448,28.633211743848495
05/11/2023 12:34:08.263982,4046,True,True,True,True,Eyes,1.338191,-0.2618336,-3.586508,0.5137528,0.254043,0.8194634,1.212361,1.961045,0.04615825,-2.593022,-0.5643448,-0.2072953,-0.7990893,0.0008095503,0.1931204,1.205215,1.32523,-0.262936,-3.58803,-0.0608157,0.2691803,-0.0352051,0.9605229,354.3831,31.59456,354.2115,0.3486428,-0.06818649,-0.9347718,0,0,0,1.969514,0.04926908,-2.581031,0.001568258,0.1948677,1.2201,0.8526052,-0.1003714,-0.5128255,0.03488984,0.9901242,-0.1357827,0.5213896,0.0978767,0.8476869,static,32.08517,17.22403,0.0736452,9.074327,30.901433976115385,28.622502590649937
05/11/2023 12:34:08.283418,4047,True,True,True,True,Eyes,1.338213,-0.261855,-3.586464,0.5141132,0.2538148,0.8193081,1.212287,1.961466,0.04584131,-2.593227,-0.5361997,-0.2283704,-0.8126112,0.002080977,0.1932053,1.205149,1.325179,-0.2629367,-3.58797,-0.06064463,0.2689295,-0.03507611,0.9606087,354.3964,31.56245,354.2328,0.3486548,-0.0681918,-0.934767,0,0,0,1.969514,0.04926908,-2.581031,0.002352417,0.195228,1.220019,0.8528932,-0.1000071,-0.5124176,0.03477057,0.9901838,-0.1353775,0.5209264,0.09764551,0.8479983,static,32.10814,17.21254,0.1104764,9.09142,30.924183325321415,28.611037557731905
05/11/2023 12:34:08.293696,4048,True,True,True,True,Eyes,1.338245,-0.2618777,-3.586422,0.5144617,0.2535982,0.8191563,1.212241,1.961896,0.04554448,-2.593407,-0.5077446,-0.2482708,-0.8249588,0.003313661,0.1934264,1.205027,1.325265,-0.2629324,-3.58792,-0.06045544,0.2686155,-0.03507227,0.9607086,354.4153,31.52326,354.2411,0.3486664,-0.06819721,-0.9347623,0,0,0,1.969514,0.04926908,-2.581031,0.00310576,0.1957097,1.219853,0.8532314,-0.09986699,-0.5118817,0.03490992,0.9902302,-0.135002,0.520363,0.09731822,0.8483818,static,32.1304,17.20172,0.1458754,9.114697,30.946239871470617,28.600245265596634
05/11/2023 12:34:08.313921,4049,True,True,True,True,Eyes,1.338273,-0.2618993,-3.58638,0.5147808,0.2533754,0.8190249,1.2122,1.962291,0.04524237,-2.593558,-0.4812066,-0.268256,-0.8345531,0.004456818,0.1933895,1.204917,1.325294,-0.2629544,-3.587788,-0.06037943,0.268358,-0.03504241,0.9607863,354.4211,31.49172,354.2483,0.3486779,-0.0682027,-0.9347576,0,0,0,1.969514,0.04926908,-2.581031,0.003813446,0.1959402,1.219696,0.853512,-0.09974314,-0.5114377,0.03492993,0.9902527,-0.1348313,0.5199011,0.09721563,0.8486767,static,32.15055,17.1901,0.1791378,9.12641,30.966145534279185,28.588629979939032
05/11/2023 12:34:08.323469,4050,True,True,True,True,Eyes,1.338305,-0.2619163,-3.586336,0.5151088,0.253159,0.8188855,1.212181,1.96271,0.04495829,-2.593698,-0.4532248,-0.2871737,-0.8438712,0.005561709,0.1936647,1.204889,1.325242,-0.2629492,-3.587741,-0.06017166,0.2681271,-0.0350554,0.9608634,354.4431,31.46237,354.2548,0.3486893,-0.06820826,-0.9347529,0,0,0,1.969514,0.04926908,-2.581031,0.004466951,0.1964696,1.219595,0.853758,-0.09963419,-0.5110483,0.03509962,0.990301,-0.1344321,0.5194856,0.09683488,0.8489745,static,32.17139,17.17903,0.2098535,9.15139,30.98676407121239,28.577575430842032
05/11/2023 12:34:08.343714,4051,True,True,True,True,Eyes,1.338335,-0.2619322,-3.586291,0.5154098,0.252963,0.8187566,1.212185,1.963107,0.04470584,-2.593807,-0.4270376,-0.3041447,-0.8515485,0.006506324,0.1934441,1.204834,1.325262,-0.2628429,-3.587615,-0.06014726,0.2679357,-0.03506954,0.9609179,354.445,31.4394,354.2551,0.3487006,-0.06821376,-0.9347483,0,0,0,1.969514,0.04926908,-2.581031,0.004998267,0.1964715,1.219451,0.8539612,-0.09962908,-0.5107096,0.03516671,0.9903049,-0.1343859,0.519147,0.09680038,0.8491855,static,32.19054,17.16906,0.2348417,9.152538,31.00571723450411,28.567621885565334
05/11/2023 12:34:08.363854,4052,True,True,True,True,Eyes,1.338362,-0.2619534,-3.586241,0.5157104,0.2527706,0.8186268,1.212198,1.963505,0.04445457,-2.593904,-0.4006067,-0.3209623,-0.8581943,0.007445514,0.1928992,1.204957,1.32523,-0.2628354,-3.587567,-0.06028799,0.2677483,-0.03503877,0.9609623,354.4275,31.41817,354.2551,0.3487118,-0.06821918,-0.9347437,0,0,0,1.969514,0.04926908,-2.581031,0.005528688,0.1961444,1.219477,0.8541663,-0.09962589,-0.5103671,0.03505786,0.9902753,-0.1346321,0.5188167,0.09710582,0.8493524,static,32.20971,17.15933,0.2597576,9.137373,31.02469844529997,28.557911151152677
05/11/2023 12:34:08.374289,4053,True,True,True,True,Eyes,1.338384,-0.26197,-3.586194,0.515979,0.2525363,0.8185298,1.212219,1.963863,0.0441592,-2.593956,-0.3766239,-0.3405656,-0.8614925,0.008237898,0.1929707,1.204919,1.325235,-0.2629904,-3.58741,-0.06019953,0.2676184,-0.03495972,0.9610069,354.434,31.4015,354.2675,0.348723,-0.06822467,-0.9347392,0,0,0,1.969514,0.04926908,-2.581031,0.005963326,0.1964912,1.219326,0.8543164,-0.09941406,-0.5101571,0.03497206,0.9903077,-0.134416,0.5185753,0.09699257,0.8495128,static,32.22622,17.14626,0.2802126,9.154362,31.040891275571106,28.544805419060715
05/11/2023 12:34:08.393660,4054,True,True,True,True,Eyes,1.338409,-0.2619837,-3.586136,0.5162814,0.2523237,0.8184048,1.212255,1.964273,0.04389694,-2.594021,-0.3493097,-0.3580877,-0.8658845,0.009529352,0.1942619,1.204845,1.325136,-0.2628874,-3.587432,-0.05953838,0.2672939,-0.03504323,0.9611354,354.5075,31.35729,354.2811,0.3487339,-0.06823011,-0.9347347,0,0,0,1.969514,0.04926908,-2.581031,0.006855011,0.1980389,1.219115,0.8546519,-0.09919106,-0.5096384,0.03553408,0.9904543,-0.1331826,0.517984,0.0957152,0.8500183,static,32.24532,17.13514,0.3221672,9.226804,31.059756193243217,28.53368871065537
05/11/2023 12:34:08.413810,4055,True,True,True,True,Eyes,1.338431,-0.2620051,-3.586084,0.5165406,0.2521292,0.8183011,1.2123,1.964633,0.04365113,-2.594058,-0.3253199,-0.3744544,-0.8683035,0.01002097,0.1931862,1.204818,1.325387,-0.2628571,-3.587248,-0.05988253,0.2671974,-0.03496794,0.9611436,354.4667,31.3485,354.279,0.3487448,-0.06823543,-0.9347302,0,0,0,1.969514,0.04926908,-2.581031,0.006998956,0.197179,1.218961,0.8547656,-0.09921933,-0.5094422,0.03521752,0.9903827,-0.1337981,0.517818,0.09642471,0.8500393,static,32.26157,17.12475,0.3289738,9.188564,31.07577556193135,28.52329114390825
05/11/2023 12:34:08.424015,4056,True,True,True,True,Eyes,1.338454,-0.2620268,-3.586026,0.5168142,0.2519337,0.8181885,1.212356,1.965017,0.04340664,-2.59409,-0.2996882,-0.3906987,-0.8703686,0.01145202,0.1929653,1.205102,1.325347,-0.2630675,-3.587335,-0.05998109,0.2667604,-0.03493611,0.96126,354.4522,31.29714,354.282,0.3487555,-0.06824086,-0.9347259,0,0,0,1.969514,0.04926908,-2.581031,0.00807339,0.1971799,1.219101,0.8552367,-0.09916653,-0.5086613,0.03516421,0.9903635,-0.133954,0.5170432,0.09667569,0.8504823,static,32.27883,17.11446,0.3794306,9.187567,31.092815175307756,28.513001426991757
05/11/2023 12:34:08.444147,4057,True,True,True,True,Eyes,1.33847,-0.2620546,-3.585969,0.5170605,0.2517256,0.818097,1.212425,1.965367,0.04314378,-2.594088,-0.2763383,-0.4081726,-0.870076,0.01184446,0.1939607,1.204889,1.325372,-0.263078,-3.58714,-0.05959923,0.2666701,-0.03540745,0.9612916,354.5084,31.28527,354.2423,0.3487661,-0.06824639,-0.9347215,0,0,0,1.969514,0.04926908,-2.581031,0.008140326,0.1984349,1.218726,0.8552667,-0.09986043,-0.508475,0.0362871,0.9903885,-0.1334687,0.516916,0.09570025,0.8506699,static,32.29405,17.10295,0.3826942,9.247838,31.10776054462125,28.50146449763095
05/11/2023 12:34:08.463457,4058,True,True,True,True,Eyes,1.338486,-0.2620726,-3.585913,0.5173193,0.2515673,0.8179821,1.212503,1.965737,0.04295364,-2.594107,-0.2516969,-0.4209076,-0.8714847,0.01295054,0.1946732,1.204984,1.325218,-0.2632545,-3.587093,-0.05925849,0.2664655,-0.03522956,0.9613759,354.5392,31.25697,354.274,0.3487766,-0.06825217,-0.9347171,0,0,0,1.969514,0.04926908,-2.581031,0.008909225,0.1993298,1.218663,0.8555101,-0.09931839,-0.5081717,0.03615701,0.9904947,-0.1327143,0.5165223,0.09516444,0.8509691,static,32.31063,17.09509,0.4188623,9.289291,31.124195567293377,28.493627356622294
05/11/2023 12:34:08.483737,4059,True,True,True,True,Eyes,1.338503,-0.2620941,-3.585854,0.5175595,0.251413,0.8178775,1.21258,1.966086,0.04276451,-2.594112,-0.2284478,-0.4334616,-0.8717353,0.01351261,0.1946616,1.205037,1.325244,-0.2630379,-3.587085,-0.05910223,0.2663721,-0.03523342,0.9614112,354.556,31.24446,354.2791,0.3487868,-0.06825792,-0.9347129,0,0,0,1.969514,0.04926908,-2.581031,0.009154677,0.1994967,1.218557,0.855609,-0.09923396,-0.5080215,0.03626123,0.9905311,-0.1324135,0.5163509,0.09487268,0.8511057,static,32.32596,17.08727,0.4304389,9.297724,31.139373308164167,28.48582232745999
05/11/2023 12:34:08.493884,4060,True,True,True,True,Eyes,1.338518,-0.2621178,-3.585797,0.5178016,0.2512601,0.8177713,1.212682,1.966447,0.04258078,-2.5941,-0.2044672,-0.4459202,-0.8714059,0.01413655,0.1947106,1.205086,1.325294,-0.2631459,-3.586974,-0.05899407,0.2663061,-0.03499338,0.9614449,354.5601,31.23447,354.3094,0.3487969,-0.06826374,-0.9347087,0,0,0,1.969514,0.04926908,-2.581031,0.00946182,0.1997198,1.218428,0.855713,-0.09870937,-0.5079485,0.03586746,0.9905904,-0.132077,0.516206,0.0948012,0.8512016,static,32.34143,17.07957,0.444927,9.308911,31.154695967199316,28.478139570507917
05/11/2023 12:34:08.513687,4061,True,True,True,True,Eyes,1.338532,-0.2621413,-3.58574,0.5180266,0.2510894,0.8176812,1.212787,1.966788,0.04237679,-2.594066,-0.1817925,-0.4596217,-0.8693097,0.0145359,0.1948727,1.205234,1.325271,-0.2632298,-3.586959,-0.05886986,0.2662811,-0.03496227,0.9614605,354.5727,31.23023,354.317,0.3488068,-0.06826968,-0.9347046,0,0,0,1.969514,0.04926908,-2.581031,0.009567976,0.2000798,1.21839,0.855744,-0.09858155,-0.5079211,0.03587783,0.990624,-0.1318217,0.516154,0.0945825,0.8512574,static,32.35554,17.07041,0.4499328,9.325683,31.16860115073372,28.468971457514805
05/11/2023 12:34:08.523526,4062,True,True,True,True,Eyes,1.338542,-0.2621615,-3.585683,0.5182546,0.2509225,0.8175879,1.2129,1.967133,0.0421823,-2.594031,-0.1587651,-0.472551,-0.8668849,0.01519334,0.1954846,1.205265,1.325235,-0.2632414,-3.586903,-0.05855134,0.2661589,-0.03499679,0.9615126,354.6082,31.21302,354.3239,0.3488164,-0.06827573,-0.9347005,0,0,0,1.969514,0.04926908,-2.581031,0.009932458,0.2008855,1.218229,0.8558694,-0.09846762,-0.507732,0.03613178,0.990694,-0.1312251,0.5159284,0.09396628,0.8514624,static,32.3699,17.06156,0.4671332,9.363782,31.182768271248875,28.460118469857875
05/11/2023 12:34:08.543830,4063,True,True,True,True,Eyes,1.338554,-0.2621835,-3.58563,0.5184525,0.2507614,0.8175119,1.213011,1.967442,0.04199299,-2.593978,-0.1381278,-0.4851972,-0.8634259,0.01599538,0.1960608,1.205312,1.325209,-0.2631832,-3.586891,-0.05826633,0.2659186,-0.03518279,0.9615897,354.6439,31.18276,354.3136,0.3488258,-0.06828178,-0.9346966,0,0,0,1.969514,0.04926908,-2.581031,0.01048249,0.2016523,1.218088,0.856099,-0.09865101,-0.507309,0.03667462,0.9907344,-0.1307681,0.5155089,0.09334509,0.8517848,static,32.38219,17.05273,0.4930578,9.399963,31.19485180912649,28.451271903550886
05/11/2023 12:34:08.564328,4064,True,True,True,True,Eyes,1.338557,-0.2622016,-3.585572,0.518641,0.2505962,0.817443,1.213123,1.967732,0.04180238,-2.593914,-0.1187996,-0.497896,-0.8590612,0.01692861,0.1960343,1.205481,1.325258,-0.2632466,-3.586925,-0.05825203,0.2656002,-0.03522841,0.9616768,354.645,31.14493,354.3108,0.348835,-0.06828788,-0.9346927,0,0,0,1.969514,0.04926908,-2.581031,0.01118922,0.201813,1.218073,0.856431,-0.09870019,-0.5067388,0.0368132,0.9907313,-0.1307526,0.5149474,0.0933259,0.8521265,static,32.3938,17.0435,0.5263046,9.407433,31.2062374853693,28.442016340804507
05/11/2023 12:34:08.573580,4065,True,True,True,True,Eyes,1.338559,-0.262223,-3.585517,0.5187964,0.2504399,0.8173922,1.213219,1.967973,0.04161534,-2.593842,-0.1027176,-0.5101631,-0.8539221,0.01793569,0.1959298,1.205597,1.325235,-0.2631952,-3.586895,-0.05824416,0.2652639,-0.03532869,0.9617664,354.647,31.10528,354.3018,0.3488438,-0.06829393,-0.934689,0,0,0,1.969514,0.04926908,-2.581031,0.0120154,0.2018942,1.218025,0.8567739,-0.09885602,-0.5061284,0.03705572,0.990719,-0.1307774,0.5143592,0.09329171,0.8524854,static,32.40317,17.03448,0.565185,9.411511,31.215374671364415,28.432958185627086
05/11/2023 12:34:08.593934,4066,True,True,True,True,Eyes,1.338565,-0.2622462,-3.585462,0.5189192,0.2503074,0.817355,1.213302,1.968171,0.0414522,-2.593764,-0.08953911,-0.5210612,-0.8488098,0.01900369,0.1958833,1.205764,1.325214,-0.2632937,-3.586908,-0.05828046,0.2648734,-0.0354127,0.9618688,354.6432,31.05948,354.2935,0.3488523,-0.06830002,-0.9346854,0,0,0,1.969514,0.04926908,-2.581031,0.01294541,0.202011,1.218044,0.8571761,-0.09899861,-0.5054191,0.03725085,0.9906986,-0.1308761,0.5136746,0.09335655,0.852891,static,32.41049,17.02673,0.6089184,9.416713,31.222489609731362,28.425170530533162
05/11/2023 12:34:08.613691,4067,True,True,True,True,Eyes,1.338569,-0.2622688,-3.585412,0.5190136,0.2501674,0.8173378,1.213371,1.968325,0.04127696,-2.593678,-0.07919971,-0.532518,-0.8427052,0.01990807,0.1959724,1.205773,1.325225,-0.2633505,-3.586812,-0.05826726,0.2645244,-0.03559914,0.9619588,354.6484,31.0187,354.2752,0.3488605,-0.06830619,-0.9346819,0,0,0,1.969514,0.04926908,-2.581031,0.0137496,0.2022788,1.21792,0.8575191,-0.09931602,-0.5047745,0.03766358,0.9906752,-0.1309351,0.5130715,0.09326772,0.8532636,static,32.41575,17.01808,0.646808,9.429915,31.22750071296982,28.416459099662497
05/11/2023 12:34:08.624224,4068,True,True,True,True,Eyes,1.338571,-0.2622904,-3.585363,0.5191039,0.2500356,0.8173208,1.213449,1.968477,0.04111502,-2.593586,-0.06907102,-0.5433608,-0.8366531,0.02086705,0.196295,1.205895,1.325187,-0.2633513,-3.586877,-0.0581487,0.2641243,-0.0358527,0.9620664,354.6668,30.97122,354.253,0.3488683,-0.06831241,-0.9346785,0,0,0,1.969514,0.04926908,-2.581031,0.01461488,0.2027701,1.217902,0.8579059,-0.09970233,-0.5040407,0.03826838,0.9906666,-0.130825,0.5123799,0.09294667,0.8537141,static,32.4208,17.00998,0.6875188,9.452542,31.232318498247672,28.408302404580176
05/11/2023 12:34:08.643785,4069,True,True,True,True,Eyes,1.338571,-0.262314,-3.585313,0.5191747,0.2499007,0.8173171,1.213527,1.968604,0.04094729,-2.593476,-0.06066491,-0.5548174,-0.8297575,0.02163398,0.1966489,1.205957,1.325149,-0.2633488,-3.586875,-0.05795262,0.2638478,-0.03591314,0.9621518,354.6887,30.93685,354.254,0.3488759,-0.06831866,-0.9346752,0,0,0,1.969514,0.04926908,-2.581031,0.01531816,0.2033045,1.217823,0.8581893,-0.09968913,-0.5035607,0.03852645,0.9907035,-0.1304697,0.5118858,0.09256724,0.8540517,static,32.42445,17.00139,0.7206464,9.477616,31.235710502009205,28.399640908373087
05/11/2023 12:34:08.664098,4070,True,True,True,True,Eyes,1.338572,-0.262336,-3.585266,0.5192355,0.2497582,0.8173221,1.213594,1.968713,0.04076913,-2.593369,-0.05338418,-0.5665182,-0.8223183,0.02235162,0.1968667,1.205994,1.325103,-0.2634209,-3.586803,-0.05779178,0.2636378,-0.03579764,0.9622234,354.7017,30.90988,354.273,0.3488831,-0.06832497,-0.9346721,0,0,0,1.969514,0.04926908,-2.581031,0.01598614,0.2037138,1.217729,0.8584274,-0.09936284,-0.5032191,0.03841847,0.9907573,-0.1300924,0.5114944,0.09234199,0.8543105,static,32.42733,16.99216,0.7521263,9.497066,31.238306115025175,28.39032713813583
05/11/2023 12:34:08.674135,4071,True,True,True,True,Eyes,1.338572,-0.2623567,-3.585221,0.5192723,0.2496171,0.8173418,1.21366,1.968792,0.04059356,-2.593246,-0.04811279,-0.5783665,-0.814357,0.02330476,0.1973558,1.206019,1.325046,-0.2634007,-3.586801,-0.05747375,0.2633179,-0.03567333,0.9623348,354.731,30.86842,354.2984,0.3488899,-0.0683313,-0.934669,0,0,0,1.969514,0.04926908,-2.581031,0.01692575,0.2043989,1.217625,0.8587823,-0.0989271,-0.5026993,0.03839164,0.9908484,-0.1294048,0.5109003,0.09183113,0.854721,static,32.42855,16.98273,0.796396,9.529216,31.23922371549873,28.380800068546236
05/11/2023 12:34:08.693891,4072,True,True,True,True,Eyes,1.338568,-0.2623759,-3.585176,0.5193105,0.2495182,0.8173476,1.213697,1.968853,0.04046363,-2.593164,-0.04400935,-0.5867813,-0.8085487,0.02410996,0.1974201,1.206046,1.325055,-0.2633922,-3.586793,-0.05736515,0.2630298,-0.03555633,0.9624242,354.7378,30.83263,354.3164,0.3488965,-0.06833761,-0.9346661,0,0,0,1.969514,0.04926908,-2.581031,0.01771551,0.2046039,1.217566,0.8591022,-0.09861801,-0.5022129,0.03826305,0.99089,-0.129124,0.5103717,0.09171447,0.8550491,static,32.43027,16.97627,0.8335917,9.539054,31.240742641059796,28.374279466949144
05/11/2023 12:34:08.713552,4073,True,True,True,True,Eyes,1.338565,-0.2623934,-3.585132,0.519328,0.2494279,0.8173641,1.213728,1.968888,0.04034427,-2.593074,-0.04173883,-0.5948674,-0.8027394,0.02508193,0.1970843,1.206197,1.324993,-0.2633908,-3.586819,-0.05741775,0.2626911,-0.03537069,0.9625204,354.7243,30.7919,354.3372,0.3489027,-0.06834386,-0.9346634,0,0,0,1.969514,0.04926908,-2.581031,0.01870173,0.2043966,1.217639,0.8594847,-0.09825627,-0.5016291,0.03792377,0.9909042,-0.1291146,0.5097527,0.0919484,0.8553932,static,32.43062,16.97016,0.8799371,9.529003,31.240893676165207,28.36810363555043
05/11/2023 12:34:08.724008,4074,True,True,True,True,Eyes,1.338568,-0.2624117,-3.585091,0.5193635,0.249375,0.8173577,1.213753,1.968947,0.040268,-2.59302,-0.03777329,-0.599943,-0.7991506,0.02579725,0.196911,1.206202,1.325027,-0.2633684,-3.586768,-0.05746418,0.2624146,-0.03536588,0.9625933,354.7174,30.75938,354.3378,0.3489085,-0.06835002,-0.9346607,0,0,0,1.969514,0.04926908,-2.581031,0.01939154,0.2043026,1.217579,0.8597757,-0.09824479,-0.5011324,0.03792705,0.9908942,-0.1291903,0.5092615,0.09206823,0.855673,static,32.4326,16.96689,0.9124331,9.525166,31.242779526334786,28.36481035612732
05/11/2023 12:34:08.743630,4075,True,True,True,True,Eyes,1.338574,-0.2624304,-3.58505,0.5193905,0.2493163,0.8173585,1.213776,1.968997,0.04018387,-2.59296,-0.03441133,-0.6055333,-0.7950757,0.02640116,0.1966944,1.206266,1.325021,-0.2633939,-3.586739,-0.05754528,0.2621836,-0.03536911,0.9626513,354.7072,30.73261,354.3362,0.3489142,-0.06835611,-0.9346582,0,0,0,1.969514,0.04926908,-2.581031,0.01997918,0.2041733,1.217577,0.8600177,-0.09827107,-0.5007119,0.03792138,0.9908751,-0.1293384,0.5088533,0.09224568,0.8558967,static,32.43392,16.96312,0.9400803,9.519264,31.243984356678858,28.361007097984672
05/11/2023 12:34:08.763630,4076,True,True,True,True,Eyes,1.338579,-0.2624504,-3.585008,0.5194399,0.2492458,0.8173486,1.213821,1.969086,0.04008934,-2.592893,-0.0285037,-0.6117458,-0.7905407,0.02669418,0.1968961,1.206225,1.325087,-0.2634186,-3.586679,-0.05744516,0.2620689,-0.03540536,0.9626871,354.7187,30.71826,354.3359,0.3489198,-0.06836213,-0.9346556,0,0,0,1.969514,0.04926908,-2.581031,0.02022225,0.2044763,1.217443,0.8601327,-0.09827773,-0.500513,0.03805938,0.990893,-0.1291607,0.5086485,0.09204613,0.8560399,static,32.43671,16.95878,0.9516197,9.534157,31.246650514744346,28.3566372820087
05/11/2023 12:34:08.773948,4077,True,True,True,True,Eyes,1.338586,-0.2624764,-3.584971,0.5194803,0.2491698,0.817346,1.213876,1.96917,0.0399847,-2.592815,-0.02288661,-0.6186994,-0.7852944,0.02719152,0.1973629,1.206188,1.325068,-0.2634661,-3.586611,-0.05726202,0.2618846,-0.03551354,0.9627442,354.7411,30.69525,354.3306,0.3489253,-0.06836814,-0.9346532,0,0,0,1.969514,0.04926908,-2.581031,0.02067924,0.2050576,1.217304,0.8603105,-0.09837298,-0.5001885,0.03838883,0.9909196,-0.1288582,0.5083228,0.09165645,0.8562751,static,32.4388,16.95396,0.9732314,9.561831,31.248596036939077,28.35177744373832
05/11/2023 12:34:08.793869,4078,True,True,True,True,Eyes,1.338598,-0.2625036,-3.584939,0.5195216,0.2490866,0.8173453,1.21394,1.969266,0.0398725,-2.592731,-0.01648937,-0.626091,-0.7795756,0.02741843,0.197684,1.206322,1.3251,-0.2636328,-3.586701,-0.0571743,0.2617577,-0.03561362,0.9627803,354.7531,30.67985,354.3229,0.3489307,-0.06837428,-0.9346507,0,0,0,1.969514,0.04926908,-2.581031,0.02085608,0.2054987,1.217327,0.8604292,-0.0985078,-0.4999578,0.03864457,0.9909256,-0.1287368,0.5081025,0.09144829,0.8564281,static,32.44088,16.94864,0.9815344,9.581841,31.250515011369863,28.34641196063948
05/11/2023 12:34:08.814031,4079,True,True,True,True,Eyes,1.338612,-0.2625283,-3.584905,0.5195655,0.2489955,0.817345,1.214022,1.969376,0.03975779,-2.59263,-0.009154823,-0.6340562,-0.7732328,0.02748853,0.1983663,1.2063,1.325113,-0.2636652,-3.586674,-0.05688671,0.2617261,-0.03575981,0.9628004,354.7891,30.67428,354.3158,0.3489361,-0.06838056,-0.9346482,0,0,0,1.969514,0.04926908,-2.581031,0.02087015,0.2063094,1.217169,0.8604414,-0.09863658,-0.4999114,0.03908164,0.9909703,-0.1282596,0.5080484,0.09082255,0.8565267,static,32.44308,16.9428,0.9823243,9.620171,31.252537673290504,28.34052147636425
05/11/2023 12:34:08.823569,4080,True,True,True,True,Eyes,1.338632,-0.2625538,-3.584874,0.5196268,0.2488953,0.8173367,1.214115,1.969518,0.03963369,-2.592533,0.0003098379,-0.642141,-0.7665865,0.02743798,0.1985431,1.206309,1.325153,-0.2636251,-3.586607,-0.05678475,0.2617504,-0.03591609,0.9627941,354.8052,30.67702,354.3015,0.3489415,-0.0683869,-0.9346457,0,0,0,1.969514,0.04926908,-2.581031,0.02073032,0.2066172,1.217032,0.8603935,-0.09888644,-0.4999444,0.03943273,0.990971,-0.1281461,0.5081024,0.09054191,0.8565245,static,32.44641,16.93653,0.9758538,9.635318,31.25568393780999,28.334203729180196
05/11/2023 12:34:08.843665,4081,True,True,True,True,Eyes,1.338651,-0.2625849,-3.584844,0.519694,0.2487727,0.8173312,1.214245,1.969687,0.03948599,-2.592404,0.01155303,-0.6520753,-0.7580663,0.0273096,0.1983567,1.206463,1.325161,-0.2636499,-3.586557,-0.0568561,0.2618091,-0.03608093,0.9627677,354.8027,30.68539,354.2806,0.3489471,-0.0683933,-0.9346431,0,0,0,1.969514,0.04926908,-2.581031,0.02050257,0.2065842,1.217002,0.8603083,-0.09924598,-0.5000198,0.03970421,0.9909311,-0.128371,0.5082254,0.09058578,0.8564468,static,32.44994,16.92878,0.9651578,9.634031,31.25898280061798,28.32639080416755
05/11/2023 12:34:08.863923,4082,True,True,True,True,Eyes,1.338672,-0.2626159,-3.584814,0.519779,0.24861,0.8173267,1.214421,1.969903,0.03930143,-2.592235,0.02591315,-0.6644354,-0.7468963,0.02714151,0.1991207,1.20656,1.325185,-0.2638065,-3.586539,-0.05657639,0.2618678,-0.03632054,0.9627593,354.8412,30.69104,354.2625,0.3489528,-0.06839991,-0.9346405,0,0,0,1.969514,0.04926908,-2.581031,0.02021092,0.2075488,1.216856,0.8602122,-0.09956691,-0.5001214,0.0403048,0.9909599,-0.1279612,0.5083409,0.08991653,0.8564488,static,32.45433,16.91843,0.9515459,9.679314,31.26306188969987,28.315954606829415
05/11/2023 12:34:08.874330,4083,True,True,True,True,Eyes,1.338695,-0.2626493,-3.584782,0.5198649,0.2484282,0.8173274,1.214619,1.970133,0.03909642,-2.592041,0.04124653,-0.6780515,-0.7338561,0.02717996,0.2001882,1.206578,1.325186,-0.2638195,-3.586491,-0.05611038,0.2618599,-0.03659506,0.9627782,354.9009,30.68731,354.2465,0.3489587,-0.0684067,-0.9346378,0,0,0,1.969514,0.04926908,-2.581031,0.02012551,0.2088435,1.216599,0.8601804,-0.09985197,-0.5001193,0.04107973,0.9910249,-0.1272092,0.5083327,0.08887815,0.8565621,static,32.45859,16.90675,0.9477254,9.740559,31.266966250327897,28.304172704825497
05/11/2023 12:34:08.893780,4084,True,True,True,True,Eyes,1.338721,-0.2626836,-3.584754,0.5199383,0.2482271,0.8173417,1.214844,1.970365,0.03887355,-2.591811,0.05671778,-0.6930079,-0.7186954,0.02714258,0.2008306,1.206627,1.325269,-0.2638997,-3.586396,-0.05581297,0.2618771,-0.03675368,0.9627848,354.9387,30.68749,354.2381,0.3489647,-0.06841372,-0.9346351,0,0,0,1.969514,0.04926908,-2.581031,0.01997888,0.2097317,1.216347,0.8601392,-0.100004,-0.5001597,0.0415395,0.9910681,-0.1267216,0.5083651,0.08822186,0.8566107,static,32.4618,16.89356,0.9410169,9.783175,31.269763620388233,28.290856955897883
05/11/2023 12:34:08.913690,4085,True,True,True,True,Eyes,1.338746,-0.2627243,-3.584725,0.5200172,0.248014,0.8173562,1.215094,1.970616,0.038636,-2.59156,0.07344855,-0.7086394,-0.7017375,0.02727479,0.2011081,1.206881,1.325246,-0.2639395,-3.586394,-0.05565371,0.2618407,-0.03693043,0.9627971,354.9614,30.68258,354.2236,0.3489709,-0.06842095,-0.9346322,0,0,0,1.969514,0.04926908,-2.581031,0.01999521,0.210268,1.216275,0.8601512,-0.1002578,-0.5000883,0.04196822,0.9910776,-0.1265063,0.5083096,0.08782668,0.8566843,static,32.46527,16.8796,0.9418415,9.808272,31.272797401670196,28.27676435017074
05/11/2023 12:34:08.924249,4086,True,True,True,True,Eyes,1.338773,-0.2627656,-3.584698,0.5200932,0.2477717,0.8173813,1.215398,1.970893,0.03837562,-2.591254,0.09196281,-0.726079,-0.6814338,0.02711433,0.2016154,1.207126,1.325258,-0.2641237,-3.586335,-0.05546535,0.2618987,-0.03718596,0.9627823,354.9903,30.68899,354.2008,0.3489774,-0.06842856,-0.9346293,0,0,0,1.969514,0.04926908,-2.581031,0.01971757,0.2110619,1.216134,0.8600525,-0.1006566,-0.5001779,0.04255136,0.9910816,-0.12628,0.508428,0.08732422,0.8566653,static,32.46827,16.86356,0.9288735,9.8457,31.275289396821613,28.26056540558957
05/11/2023 12:34:08.944060,4087,True,True,True,True,Eyes,1.338799,-0.2628056,-3.584676,0.5201706,0.2475191,0.8174087,1.215734,1.971189,0.03811175,-2.590924,0.1116092,-0.74354,-0.6593115,0.02706069,0.2022903,1.207377,1.325238,-0.2641579,-3.58631,-0.05513203,0.2619329,-0.03742045,0.9627832,355.0344,30.69121,354.1849,0.348984,-0.0684365,-0.9346262,0,0,0,1.969514,0.04926908,-2.581031,0.0195452,0.212032,1.215967,0.8599817,-0.1009373,-0.5002431,0.04317377,0.9911203,-0.1257637,0.5084953,0.08655709,0.8567033,static,32.47127,16.84681,0.9208811,9.891397,31.27775799184557,28.243648540030833
05/11/2023 12:34:08.963754,4088,True,True,True,True,Eyes,1.338825,-0.2628425,-3.584653,0.5202283,0.2472471,0.8174542,1.216105,1.971478,0.03783599,-2.590543,0.1309078,-0.762115,-0.6340694,0.02696377,0.202585,1.207797,1.325246,-0.2641619,-3.586395,-0.0549038,0.2619635,-0.03754586,0.962783,355.0636,30.69341,354.178,0.3489907,-0.06844471,-0.9346231,0,0,0,1.969514,0.04926908,-2.581031,0.01936054,0.2126387,1.215931,0.8599309,-0.1010626,-0.5003051,0.04353144,0.9911518,-0.1253922,0.5085507,0.08604961,0.8567215,static,32.4727,16.82846,0.9122092,9.91942,31.278593052439277,28.225103356367953
05/11/2023 12:34:08.973909,4089,True,True,True,True,Eyes,1.338853,-0.2628802,-3.584629,0.5202847,0.2469901,0.8174961,1.216485,1.971771,0.03757948,-2.590158,0.1504738,-0.7792263,-0.6084111,0.02690661,0.2023641,1.208199,1.325212,-0.2641196,-3.58633,-0.05484288,0.2620581,-0.03750478,0.9627624,355.0697,30.70395,354.1839,0.3489975,-0.06845307,-0.93462,0,0,0,1.969514,0.04926908,-2.581031,0.01921737,0.2127091,1.215874,0.8598379,-0.1009604,-0.5004855,0.04347235,0.9911713,-0.1252582,0.5087129,0.08594445,0.8566356,static,32.47417,16.81114,0.9055069,9.923095,31.27950233490052,28.207599930401706
05/11/2023 12:34:08.994058,4090,True,True,True,True,Eyes,1.338877,-0.2629148,-3.584605,0.5203043,0.2467704,0.8175499,1.216789,1.971978,0.03735274,-2.589819,0.1641572,-0.7938765,-0.585502,0.02687043,0.2020384,1.208525,1.325274,-0.2641835,-3.586274,-0.05481346,0.2621357,-0.03722025,0.9627539,355.0647,30.71168,354.216,0.3490044,-0.0684616,-0.9346167,0,0,0,1.969514,0.04926908,-2.581031,0.01915532,0.2126452,1.215824,0.859799,-0.100405,-0.5006641,0.04293076,0.9912203,-0.1250573,0.5088247,0.08603021,0.8565606,static,32.47345,16.79598,0.9026208,9.920573,31.278277739074454,28.19226600017822
05/11/2023 12:34:09.013873,4091,True,True,True,True,Eyes,1.338899,-0.262953,-3.584582,0.5203111,0.2465595,0.8176092,1.217137,1.972189,0.03714368,-2.58944,0.1783949,-0.8085501,-0.5607334,0.02752644,0.201258,1.209007,1.32524,-0.2641615,-3.58625,-0.05491449,0.2619894,-0.03677736,0.9628049,355.0392,30.69319,354.2627,0.3490114,-0.06847019,-0.9346135,0,0,0,1.969514,0.04926908,-2.581031,0.01980972,0.2121138,1.215899,0.860018,-0.09959288,-0.5004501,0.04204481,0.9912636,-0.1250144,0.5085286,0.08647333,0.8566919,static,32.47191,16.78129,0.9333944,9.895679,31.276242991795947,28.177401846048483
05/11/2023 12:34:09.023905,4092,True,True,True,True,Eyes,1.338924,-0.262997,-3.584558,0.5202926,0.2463555,0.8176824,1.217443,1.97235,0.0369269,-2.589076,0.1890726,-0.8226335,-0.5362142,0.0279429,0.2011692,1.20939,1.325213,-0.264283,-3.586251,-0.05493332,0.2617966,-0.03686893,0.9628529,355.0388,30.67082,354.253,0.3490184,-0.06847895,-0.9346102,0,0,0,1.969514,0.04926908,-2.581031,0.02024817,0.2122771,1.21591,0.8602065,-0.09976142,-0.5000924,0.04223601,0.991246,-0.1250897,0.5081938,0.08648108,0.8568898,static,32.46866,16.76677,0.9540409,9.903059,31.27249208240289,28.16269818702356
05/11/2023 12:34:09.043658,4093,True,True,True,True,Eyes,1.338941,-0.2630432,-3.584536,0.5202641,0.246117,0.8177724,1.21783,1.972534,0.03668547,-2.588628,0.2012751,-0.8385504,-0.5062819,0.02822483,0.2010884,1.209776,1.325194,-0.2644549,-3.586153,-0.05496742,0.2616577,-0.03699304,0.9628838,355.038,30.65515,354.2389,0.3490254,-0.06848799,-0.934607,0,0,0,1.969514,0.04926908,-2.581031,0.02057028,0.2124819,1.215841,0.8603336,-0.1000053,-0.4998251,0.04247471,0.9912202,-0.1252135,0.5079588,0.08649546,0.8570277,static,32.46439,16.74971,0.9692694,9.912971,31.267630442181243,28.145419390105047
05/11/2023 12:34:09.063970,4094,True,True,True,True,Eyes,1.338948,-0.2630775,-3.584511,0.5201943,0.2458741,0.8178899,1.218196,1.972646,0.03644535,-2.588161,0.2087864,-0.854733,-0.4752259,0.02864701,0.2023296,1.210115,1.325116,-0.2647226,-3.586228,-0.05444156,0.2614464,-0.03702964,0.9629698,355.0959,30.62565,354.2522,0.3490323,-0.06849736,-0.9346037,0,0,0,1.969514,0.04926908,-2.581031,0.02111048,0.2140223,1.215734,0.8605492,-0.09978394,-0.499498,0.04284975,0.9913298,-0.1242137,0.5075618,0.08548862,0.8573638,static,32.45718,16.73183,0.9948058,9.984256,31.259781548981834,28.127291842492546
05/11/2023 12:34:09.074024,4095,True,True,True,True,Eyes,1.338957,-0.2631185,-3.584489,0.5201031,0.2456394,0.8180183,1.218557,1.972733,0.03620705,-2.587687,0.2144549,-0.8702438,-0.4434916,0.02892387,0.2035819,1.210243,1.325064,-0.264475,-3.586229,-0.05377661,0.2612515,-0.03734726,0.9630477,355.1777,30.59817,354.2385,0.3490388,-0.06850672,-0.9346006,0,0,0,1.969514,0.04926908,-2.581031,0.02152365,0.2155714,1.215418,0.8607057,-0.1000328,-0.4991784,0.04383594,0.9914265,-0.1230929,0.5072121,0.08406483,0.8577115,static,32.44855,16.71427,1.014536,10.05762,31.250513432584235,28.109478397013003
05/11/2023 12:34:09.094090,4096,True,True,True,True,Eyes,1.338963,-0.2631525,-3.584469,0.5199624,0.2454282,0.8181712,1.218861,1.972725,0.03599036,-2.587232,0.2140547,-0.8850641,-0.4133306,0.02948976,0.203579,1.210596,1.325059,-0.2645144,-3.586273,-0.05354873,0.2610383,-0.03687565,0.9631364,355.1874,30.56884,354.2989,0.349045,-0.06851623,-0.9345976,0,0,0,1.969514,0.04926908,-2.581031,0.02231616,0.2158481,1.215404,0.8609984,-0.0989891,-0.4988817,0.04307602,0.9915454,-0.1224014,0.5067803,0.08389756,0.8579831,moving,32.43669,16.69776,1.051896,10.07038,31.238027699303004,28.092705129550346
05/11/2023 12:34:09.113630,4097,True,True,True,True,Eyes,1.33897,-0.2631902,-3.584445,0.5197985,0.2452385,0.8183322,1.216975,1.971552,0.03525886,-2.588556,0.3684329,-0.7782577,-0.5085,0.03017235,0.2025315,1.20888,1.324997,-0.264397,-3.5863,-0.05355961,0.260776,-0.03640067,0.963225,355.1703,30.5357,354.3525,0.3490509,-0.06852571,-0.9345946,0,0,0,1.966023,0.04693636,-2.580926,0.02046257,0.2129457,1.213613,0.8613417,-0.09805818,-0.4984727,0.04218994,0.9916127,-0.1221647,0.5062712,0.08419506,0.8582545,moving,32.4234,16.68247,0.9659652,9.952053,31.224142336156035,28.077155938221193
05/11/2023 12:34:09.123479,4098,True,True,True,True,Eyes,1.338975,-0.2632291,-3.584425,0.5195892,0.2450519,0.818521,1.217125,1.97138,0.0350298,-2.588182,0.5996343,-0.6318532,-0.4911215,0.03089166,0.2020804,1.209047,1.325021,-0.2645301,-3.586215,-0.05364446,0.260414,-0.0361653,0.9633271,355.1517,30.49236,354.3778,0.3490566,-0.06853525,-0.9345918,0,0,0,1.962387,0.04450614,-2.580817,0.01854968,0.210202,1.211625,0.8617532,-0.09761756,-0.4978476,0.04173849,0.9916287,-0.1221902,0.505608,0.0845184,0.8586136,moving,32.40698,16.66685,0.8771154,9.842146,31.207094562197035,28.061252195958517
05/11/2023 12:34:09.143719,4099,True,True,True,True,Eyes,1.338982,-0.2632689,-3.584409,0.5193715,0.2448635,0.8187156,0.0,0.0,0.0,0.0,0.0,0.0,0.0,-2.951483,-0.2307209,2.433612,1.32499,-0.2646028,-3.586271,-0.05359314,0.2600988,-0.03614619,0.9634157,355.1549,30.45437,354.3831,0.3490619,-0.06854488,-0.9345891,0,0,0,1.959232,0.04239732,-2.580722,0.01677775,0.2081803,1.209967,0.8620842,-0.09752662,-0.4972921,0.04176858,0.9916425,-0.1220681,0.5050408,0.08446179,0.8589528,moving,32.38996,16.65101,0.7944289,9.762415,31.189435409437493,28.045121998793583
05/11/2023 12:34:09.163507,4100,True,True,True,True,Eyes,1.338983,-0.2633036,-3.584392,0.5191419,0.2446838,0.8189149,0.0,0.0,0.0,0.0,0.0,0.0,0.0,-2.95035,-0.2298529,2.435228,1.325024,-0.2646601,-3.586363,-0.05345612,0.2598527,-0.03615291,0.9634895,355.1688,30.424,354.3878,0.349067,-0.0685546,-0.9345865,0,0,0,1.955983,0.0402261,-2.580625,0.01467419,0.2062775,1.208226,0.8623391,-0.09744733,-0.4968655,0.04188447,0.9916708,-0.1217977,0.5045958,0.08421996,0.8592381,moving,32.37219,16.63563,0.6958361,9.688551,31.171036257252872,28.029451932886065
05/11/2023 12:34:09.174238,4101,True,True,True,True,Eyes,1.338983,-0.263339,-3.584373,0.5189038,0.244515,0.8191161,0.0,0.0,0.0,0.0,0.0,0.0,0.0,-2.94952,-0.2305433,2.436202,1.325011,-0.2645837,-3.586396,-0.05349632,0.2596928,-0.0362336,0.9635273,355.1659,30.40568,354.3784,0.3490717,-0.06856428,-0.9345841,0,0,0,1.952505,0.03790144,-2.58052,0.01220119,0.2037128,1.206394,0.8624935,-0.09760933,-0.4965655,0.04203889,0.9916506,-0.1219095,0.504319,0.08427112,0.8593956,moving,32.35395,16.62093,0.5794566,9.584603,31.15218628281339,28.01446631953031
05/11/2023 12:34:09.193624,4102,True,True,True,True,Eyes,1.338977,-0.2633713,-3.584353,0.5186733,0.2443525,0.8193105,0.0,0.0,0.0,0.0,0.0,0.0,0.0,-2.948083,-0.2310302,2.437764,1.324955,-0.2646378,-3.586325,-0.05354783,0.2594279,-0.03628467,0.963594,355.1602,30.37486,354.3725,0.3490761,-0.06857394,-0.9345818,0,0,0,1.949013,0.03556719,-2.580415,0.01006746,0.2012488,1.204501,0.8627611,-0.09771097,-0.4960805,0.04214375,0.9916321,-0.1220232,0.5038523,0.08437022,0.8596596,moving,32.3363,16.60677,0.4788786,9.4854,31.13394816490983,28.000030664419622
05/11/2023 12:34:09.213697,4103,True,True,True,True,Eyes,1.338973,-0.2634003,-3.584334,0.5184384,0.2442002,0.8195046,0.0,0.0,0.0,0.0,0.0,0.0,0.0,-2.94677,-0.2320547,2.439279,1.324939,-0.2646015,-3.586349,-0.05354095,0.2591753,-0.0365162,0.9636536,355.1664,30.34578,354.3483,0.3490801,-0.06858351,-0.9345796,0,0,0,1.945756,0.03339053,-2.580318,0.007926285,0.1990965,1.202751,0.8629895,-0.09813092,-0.4956002,0.04262495,0.9915999,-0.122118,0.5034205,0.08426165,0.8599231,moving,32.31844,16.59327,0.3775811,9.399182,31.115520354417527,27.986260972290992
05/11/2023 12:34:09.224089,4104,True,True,True,True,Eyes,1.338956,-0.2634287,-3.584311,0.518199,0.2440726,0.8196942,0.0,0.0,0.0,0.0,0.0,0.0,0.0,-2.945618,-0.2331939,2.440598,1.324959,-0.2645495,-3.586371,-0.05361744,0.2589504,-0.03665241,0.9637046,355.1608,30.32029,354.332,0.3490837,-0.06859291,-0.9345775,0,0,0,1.942221,0.03102775,-2.580212,0.005509853,0.1964706,1.200876,0.8632025,-0.09841271,-0.4951731,0.04287568,0.9915635,-0.1223251,0.5030339,0.08436042,0.8601397,moving,32.30049,16.58146,0.2628824,9.291618,31.097057623611597,27.97419953424303
05/11/2023 12:34:09.243933,4105,True,True,True,True,Eyes,1.338943,-0.2634585,-3.584292,0.5179551,0.2439721,0.8198782,0.0,0.0,0.0,0.0,0.0,0.0,0.0,-2.944031,-0.2343596,2.442438,1.324896,-0.264598,-3.586416,-0.05377762,0.2586513,-0.03669893,0.9637742,355.1427,30.2863,354.3234,0.3490867,-0.06860215,-0.9345757,0,0,0,1.938878,0.02879372,-2.580111,0.003526747,0.1938396,1.199215,0.8635054,-0.09855825,-0.4946157,0.04291965,0.9915223,-0.1226434,0.50251,0.08467451,0.8604149,moving,32.2825,16.57149,0.1684995,9.1818,31.078615260185693,27.963998357097935
05/11/2023 12:34:09.263945,4106,True,True,True,True,Eyes,1.33892,-0.2634856,-3.584275,0.5177122,0.2438539,0.8200668,0.0,0.0,0.0,0.0,0.0,0.0,0.0,-2.942971,-0.2365916,2.443647,1.324967,-0.2646617,-3.586486,-0.05408583,0.2584383,-0.03677858,0.9638111,355.1098,30.26396,354.3062,0.3490893,-0.06861129,-0.9345741,0,0,0,1.935593,0.02659843,-2.580013,0.001223028,0.1909232,1.197594,0.8637139,-0.09885091,-0.4941931,0.04293949,0.9914441,-0.123267,0.5021499,0.08524705,0.8605687,moving,32.26442,16.5603,0.05851257,9.057999,31.060042068881565,27.952562969181752
05/11/2023 12:34:09.273730,4107,True,True,True,True,Eyes,1.338905,-0.2635061,-3.584254,0.5174825,0.2437534,0.8202416,0.0,0.0,0.0,0.0,0.0,0.0,0.0,-2.942222,-0.2350103,2.444906,1.324935,-0.2646435,-3.586638,-0.05379566,0.2582696,-0.0368233,0.9638708,355.1422,30.24165,354.3109,0.3490913,-0.06862025,-0.9345727,0,0,0,1.932267,0.02437527,-2.579913,-0.001121104,0.1892477,1.195853,0.8638818,-0.09877337,-0.4939151,0.04319824,0.9915001,-0.1227248,0.5018389,0.08468345,0.8608057,moving,32.24743,16.55051,-0.05371436,8.992667,31.042612517977048,27.94255046769654
05/11/2023 12:34:09.293863,4108,True,True,True,True,Eyes,1.338879,-0.2635327,-3.584234,0.5172597,0.2436633,0.8204089,0.0,0.0,0.0,0.0,0.0,0.0,0.0,-2.942381,-0.2370257,2.444476,1.325095,-0.2645082,-3.586559,-0.05401074,0.2582973,-0.0369448,0.9638467,355.1222,30.2473,354.2908,0.3490928,-0.0686289,-0.9345715,0,0,0,1.928878,0.0221105,-2.579811,-0.004100561,0.1862849,1.193955,0.8638352,-0.0991199,-0.4939272,0.04331659,0.9914358,-0.1232016,0.5019089,0.08503066,0.8607306,moving,32.23102,16.54153,-0.1967779,8.867985,31.025793653447508,27.933360869983893
05/11/2023 12:34:09.313793,4109,True,True,True,True,Eyes,1.338855,-0.2635587,-3.58421,0.5170519,0.2435467,0.8205745,0.0,0.0,0.0,0.0,0.0,0.0,0.0,-2.941459,-0.2379761,2.445618,1.325031,-0.2647093,-3.586654,-0.05428668,0.2581223,-0.03681197,0.9638832,355.0867,30.22826,354.298,0.3490938,-0.06863742,-0.9345705,0,0,0,1.925516,0.01986337,-2.57971,-0.006359398,0.1833941,1.192403,0.8640355,-0.09899009,-0.4936027,0.04293968,0.9913957,-0.123656,0.5015963,0.08564805,0.8608517,moving,32.21542,16.5309,-0.3055705,8.743695,31.009735981216814,27.922508265060642
05/11/2023 12:34:09.323938,4110,True,True,True,True,Eyes,1.33882,-0.2635899,-3.584185,0.5168252,0.2434258,0.8207531,0.0,0.0,0.0,0.0,0.0,0.0,0.0,-2.941058,-0.2393943,2.445826,1.325014,-0.2647014,-3.586568,-0.05406911,0.2580628,-0.0374408,0.9638871,355.1292,30.22211,354.2351,0.3490943,-0.06864582,-0.9345697,0,0,0,1.921971,0.01749384,-2.579604,-0.009345055,0.1817642,1.190312,0.8640036,-0.1000838,-0.493438,0.04427095,0.9913495,-0.1235572,0.5015356,0.08490887,0.8609603,moving,32.19847,16.51974,-0.4498158,8.682168,30.99230155315749,27.911110746136597
05/11/2023 12:34:09.344364,4111,True,True,True,True,Eyes,1.338786,-0.2636155,-3.584154,0.5165843,0.2432997,0.820942,0.0,0.0,0.0,0.0,0.0,0.0,0.0,-2.939542,-0.2378795,2.447802,1.3249,-0.2648698,-3.586602,-0.05374033,0.2577663,-0.03760132,0.9639786,355.1686,30.18477,354.2288,0.3490941,-0.06865425,-0.9345692,0,0,0,1.918556,0.01521182,-2.579501,-0.01139605,0.1803939,1.188468,0.8642855,-0.1001986,-0.4929209,0.04478886,0.9913962,-0.1229938,0.5010038,0.08422434,0.8613371,moving,32.18048,16.50806,-0.5493844,8.630873,30.973802831678157,27.899180491707483
05/11/2023 12:34:09.363914,4112,True,True,True,True,Eyes,1.338751,-0.2636444,-3.584124,0.516279,0.2431592,0.8211758,0.0,0.0,0.0,0.0,0.0,0.0,0.0,-2.937672,-0.2375331,2.449867,1.324912,-0.2647537,-3.586461,-0.05361025,0.2574083,-0.0376848,0.9640782,355.1833,30.14151,354.2253,0.3490934,-0.06866258,-0.9345688,0,0,0,1.915284,0.01302473,-2.579403,-0.01314771,0.1783603,1.186541,0.8646417,-0.1002616,-0.4922828,0.04506275,0.9914116,-0.1227697,0.500364,0.08396819,0.8617339,moving,32.15787,16.4946,-0.6348518,8.548674,30.950593659053006,27.88541957508865
05/11/2023 12:34:09.373899,4113,True,True,True,True,Eyes,1.338717,-0.2636744,-3.58409,0.5159381,0.2429841,0.8214418,0.0,0.0,0.0,0.0,0.0,0.0,0.0,-2.934412,-0.2354072,2.453908,1.324821,-0.2648549,-3.586441,-0.05328066,0.2567676,-0.03769514,0.964267,355.2162,30.06267,354.2374,0.3490923,-0.0686709,-0.9345686,0,0,0,1.911908,0.01076862,-2.579302,-0.01424688,0.1769077,1.184682,0.8652989,-0.1000578,-0.4911682,0.04533485,0.9914805,-0.1221113,0.4992019,0.08339578,0.8624631,moving,32.13246,16.47832,-0.6890008,8.49318,30.924472280811393,27.868788528616417
05/11/2023 12:34:09.413969,4114,True,True,True,True,Eyes,1.338682,-0.2637087,-3.584056,0.5155486,0.2427345,0.8217601,0.0,0.0,0.0,0.0,0.0,0.0,0.0,-2.930717,-0.2326549,2.458434,1.324819,-0.2649006,-3.586337,-0.05274346,0.2560306,-0.03784795,0.9644864,355.2758,29.97128,354.2403,0.3490908,-0.06867924,-0.9345686,0,0,0,1.908597,0.008555228,-2.579203,-0.01515836,0.1760193,1.182659,0.8660317,-0.1000155,-0.4898837,0.04599979,0.9915713,-0.1211212,0.4978686,0.08236022,0.8633329,moving,32.10297,16.45628,-0.7343305,8.465396,30.894052994129694,27.846306018318177
05/11/2023 12:34:09.423557,4115,True,True,True,True,Eyes,1.338651,-0.263748,-3.584021,0.5150278,0.2423654,0.8221955,0.0,0.0,0.0,0.0,0.0,0.0,0.0,-2.926089,-0.2300168,2.464109,1.324698,-0.2650177,-3.586318,-0.05227093,0.2551242,-0.03795114,0.9647484,355.3257,29.86014,354.2475,0.3490888,-0.06868772,-0.9345687,0,0,0,1.905181,0.006272068,-2.5791,-0.01567465,0.1749616,1.180758,0.8669428,-0.09989774,-0.4882936,0.04655543,0.9916549,-0.1202211,0.4962286,0.08149207,0.8643588,moving,32.06326,16.42438,-0.7605613,8.428607,30.85301842772987,27.813785364735686
05/11/2023 12:34:09.423557,4116,True,True,True,True,Eyes,1.338618,-0.2637894,-3.583981,0.5144724,0.2419579,0.8226631,0.0,0.0,0.0,0.0,0.0,0.0,0.0,-2.919496,-0.2274381,2.471924,1.324622,-0.2651318,-3.586178,-0.05159133,0.2538383,-0.03836776,0.9651076,355.4055,29.70362,354.2278,0.3490867,-0.06869645,-0.9345689,0,0,0,1.901782,0.004000867,-2.578998,-0.01538986,0.1746185,1.178656,0.8681881,-0.1002497,-0.4860036,0.04786631,0.9917325,-0.1190608,0.4939214,0.08010394,0.8658089,moving,32.02081,16.38942,-0.7480755,8.427098,30.80912415861704,27.778152303837725
05/11/2023 12:34:09.444239,4117,True,True,True,True,Eyes,1.338585,-0.2638323,-3.583935,0.5138636,0.2415239,0.823171,0.0,0.0,0.0,0.0,0.0,0.0,0.0,-2.91503,-0.2242484,2.477271,1.324541,-0.2652092,-3.586058,-0.05090563,0.2529657,-0.03864683,0.9653619,355.4843,29.59557,354.2215,0.3490843,-0.06870547,-0.9345691,0,0,0,1.897006,0.0008084064,-2.578855,-0.01717401,0.1731295,1.175871,0.8690295,-0.1003711,-0.4844722,0.04886158,0.9918301,-0.1178374,0.4923416,0.07873207,0.8668339,moving,31.97443,16.35204,-0.8367656,8.375776,30.76119309255111,27.740046041305984
05/11/2023 12:34:09.464025,4118,True,True,True,True,Eyes,1.338534,-0.2638746,-3.583877,0.5129334,0.2408454,0.8239496,0.0,0.0,0.0,0.0,0.0,0.0,0.0,-2.9091,-0.2218243,2.484246,1.324535,-0.2652753,-3.585914,-0.05034553,0.251805,-0.0389213,0.9656836,355.5474,29.45442,354.213,0.3490817,-0.0687148,-0.9345694,0,0,0,1.895159,-0.0004257267,-2.578799,-0.0159322,0.173463,1.174604,0.8701587,-0.1005258,-0.4824089,0.04981682,0.9919009,-0.1168369,0.490247,0.07763455,0.8681191,moving,31.9035,16.29396,-0.7771063,8.4006,30.687860891092193,27.680845155498794
05/11/2023 12:34:09.483754,4119,True,True,True,True,Eyes,1.33848,-0.2639169,-3.583815,0.5119739,0.2401521,0.8247482,0.0,0.0,0.0,0.0,0.0,0.0,0.0,-2.903563,-0.2205606,2.490635,1.32444,-0.2653234,-3.585812,-0.04998831,0.2507434,-0.03916677,0.9659684,355.5877,29.32663,354.2012,0.3490787,-0.06872442,-0.9345697,0,0,0,1.891677,-0.002753143,-2.578695,-0.01620513,0.1721112,1.172647,0.8711874,-0.1007362,-0.4805048,0.05059924,0.9919342,-0.1162159,0.4883363,0.07693264,0.8692577,moving,31.83052,16.23462,-0.7917358,8.349772,30.612423058452364,27.6203565443198
05/11/2023 12:34:09.494058,4120,True,True,True,True,Eyes,1.338417,-0.2639562,-3.583743,0.5108235,0.2392888,0.825712,0.0,0.0,0.0,0.0,0.0,0.0,0.0,-2.898284,-0.2182999,2.496771,1.324326,-0.2653541,-3.585711,-0.04944805,0.2497298,-0.0394454,0.9662474,355.6495,29.20319,354.1907,0.3490752,-0.06873432,-0.9345703,0,0,0,1.88833,-0.004990183,-2.578594,-0.01648381,0.1712643,1.170713,0.8721582,-0.1009253,-0.4787005,0.05153074,0.991998,-0.1152595,0.4865025,0.07585672,0.8703799,moving,31.74284,16.16142,-0.8066796,8.322796,30.521727291566187,27.545755294119992
05/11/2023 12:34:09.513674,4121,True,True,True,True,Eyes,1.338357,-0.2639925,-3.583664,0.5096691,0.2384633,0.8266636,0.0,0.0,0.0,0.0,0.0,0.0,0.0,-2.893899,-0.2161172,2.501804,1.324294,-0.2653229,-3.585558,-0.04915489,0.2488861,-0.03937232,0.966483,355.6749,29.10057,354.2113,0.3490713,-0.0687444,-0.934571,0,0,0,1.884785,-0.007359233,-2.578488,-0.01722074,0.1694361,1.168709,0.873011,-0.1005733,-0.4772177,0.05163741,0.9920672,-0.1146132,0.4849591,0.07541628,0.871279,moving,31.65539,16.09099,-0.8441827,8.249104,30.43135440055675,27.473956480419723
05/11/2023 12:34:09.523742,4122,True,True,True,True,Eyes,1.338282,-0.2640356,-3.583574,0.5084031,0.2375191,0.8277143,0.0,0.0,0.0,0.0,0.0,0.0,0.0,-2.890267,-0.2157384,2.505704,1.324304,-0.2652918,-3.585328,-0.04914565,0.2482025,-0.03930314,0.966662,355.6698,29.01926,354.2223,0.349067,-0.06875458,-0.9345719,0,0,0,1.881426,-0.009604366,-2.578387,-0.01820493,0.1670844,1.166808,0.8737016,-0.1003818,-0.4759926,0.05158955,0.99208,-0.1145247,0.483719,0.07550418,0.8719605,moving,31.5593,16.01125,-0.8938752,8.149231,30.33197522723811,27.392686194092818
05/11/2023 12:34:09.543625,4123,True,True,True,True,Eyes,1.338209,-0.2640769,-3.583478,0.5071436,0.2365738,0.828757,0.0,0.0,0.0,0.0,0.0,0.0,0.0,-2.887228,-0.2116478,2.509338,1.324208,-0.2655134,-3.585197,-0.04868305,0.2476141,-0.03909362,0.9668449,355.7115,28.94502,354.2617,0.3490622,-0.06876507,-0.9345729,0,0,0,1.878053,-0.01185842,-2.578286,-0.01933831,0.1659099,1.164927,0.8743179,-0.09970414,-0.4750024,0.05148571,0.9922033,-0.1134982,0.4826152,0.07477766,0.8726344,moving,31.46383,15.93172,-0.9510481,8.105603,30.233227240742657,27.311632384455596
05/11/2023 12:34:09.563896,4124,True,True,True,True,Eyes,1.338131,-0.2641178,-3.583378,0.5057767,0.2355178,0.8298923,0.0,0.0,0.0,0.0,0.0,0.0,0.0,-2.884162,-0.2073877,2.512899,1.324196,-0.2655082,-3.584979,-0.04810489,0.2470159,-0.03896241,0.9670321,355.7683,28.86905,354.2958,0.349057,-0.06877579,-0.9345741,0,0,0,1.87485,-0.01399914,-2.57819,-0.02036005,0.164941,1.162962,0.8749302,-0.09912113,-0.473996,0.05159045,0.9923357,-0.1122866,0.4814931,0.07378927,0.8733382,moving,31.36016,15.84358,-1.002978,8.072327,30.125939069727863,27.221817845317126
05/11/2023 12:34:09.574438,4125,True,True,True,True,Eyes,1.338055,-0.2641605,-3.583274,0.5044266,0.2344771,0.831008,0.0,0.0,0.0,0.0,0.0,0.0,0.0,-2.880893,-0.2046272,2.516685,1.324127,-0.2655323,-3.584871,-0.04777482,0.2463898,-0.03882121,0.9672139,355.7972,28.79176,354.3239,0.3490513,-0.06878671,-0.9345754,0,0,0,1.871337,-0.01634694,-2.578084,-0.02158174,0.1632036,1.161056,0.87557,-0.09863929,-0.4729138,0.05155437,0.992421,-0.1115472,0.4803325,0.07328664,0.8740193,moving,31.25799,15.75694,-1.064893,8.001346,30.02021065574411,27.13353004192541
05/11/2023 12:34:09.593629,4126,True,True,True,True,Eyes,1.337972,-0.2642068,-3.583167,0.5030137,0.2333328,0.8321857,0.0,0.0,0.0,0.0,0.0,0.0,0.0,-2.878312,-0.2015675,2.51967,1.324131,-0.2656154,-3.584714,-0.04737442,0.2458857,-0.03872629,0.9673656,355.836,28.72857,354.3482,0.3490453,-0.06879787,-0.9345767,0,0,0,1.867921,-0.01863025,-2.577982,-0.02308637,0.1617637,1.159102,0.876081,-0.09822233,-0.4720534,0.05162756,0.9925119,-0.1107012,0.4793919,0.07261229,0.8745918,moving,31.15082,15.66273,-1.141035,7.944857,29.90919834978712,27.03755444767028
05/11/2023 12:34:09.613927,4127,True,True,True,True,Eyes,1.337894,-0.2642529,-3.583059,0.5016305,0.2321981,0.8333371,0.0,0.0,0.0,0.0,0.0,0.0,0.0,-2.875884,-0.1990022,2.52252,1.324038,-0.2657416,-3.58465,-0.04706519,0.2454225,-0.03862112,0.9675026,355.8646,28.67093,354.3708,0.3490389,-0.06880935,-0.9345783,0,0,0,1.864661,-0.02080888,-2.577884,-0.02452493,0.1602567,1.157394,0.8765523,-0.09783379,-0.4712584,0.05163036,0.9925866,-0.1100284,0.4785292,0.07211441,0.8751053,moving,31.046,15.56978,-1.213904,7.883247,29.800593739039442,26.94286857904438
05/11/2023 12:34:09.623840,4128,True,True,True,True,Eyes,1.337801,-0.2642969,-3.582939,0.5002377,0.230991,0.8345091,0.0,0.0,0.0,0.0,0.0,0.0,0.0,-2.87403,-0.1963028,2.524694,1.324096,-0.2657765,-3.584521,-0.04659523,0.2450485,-0.03869716,0.967617,355.9167,28.62327,354.3775,0.3490323,-0.06882111,-0.9345799,0,0,0,1.86104,-0.02322901,-2.577775,-0.02664655,0.1588426,1.155307,0.8769075,-0.09772424,-0.47062,0.05205188,0.9926628,-0.109138,0.4778324,0.07120732,0.8755602,moving,30.94014,15.47202,-1.321263,7.828485,29.6907834453693,26.843312114358774
05/11/2023 12:34:09.643802,4129,True,True,True,True,Eyes,1.33771,-0.2643476,-3.582814,0.4988686,0.229806,0.835655,0.0,0.0,0.0,0.0,0.0,0.0,0.0,-2.872145,-0.1943145,2.52677,1.324057,-0.2657919,-3.584378,-0.0463241,0.2446932,-0.03864484,0.9677221,355.9432,28.57893,354.3927,0.3490251,-0.0688331,-0.9345817,0,0,0,1.857879,-0.02534177,-2.577681,-0.02829033,0.157228,1.153561,0.8772636,-0.09746532,-0.4700096,0.05212456,0.9927213,-0.10857,0.4771703,0.07074545,0.8759586,moving,30.83632,15.37631,-1.40486,7.761474,29.583094750840623,26.745842121851815
05/11/2023 12:34:09.663828,4130,True,True,True,True,Eyes,1.337602,-0.2643999,-3.58268,0.4974765,0.2285318,0.8368336,0.0,0.0,0.0,0.0,0.0,0.0,0.0,-2.869936,-0.1913487,2.529184,1.324,-0.2659973,-3.584158,-0.04594656,0.2442776,-0.03856862,0.9678481,355.9805,28.52656,354.4138,0.3490176,-0.06884547,-0.9345836,0,0,0,1.854576,-0.02754965,-2.577581,-0.02986705,0.1559423,1.151675,0.8776819,-0.09710456,-0.469303,0.05220971,0.9928027,-0.1077815,0.4763914,0.0700957,0.8764347,moving,30.73042,15.27452,-1.485552,7.711225,29.47311136152498,26.642210430550254
05/11/2023 12:34:09.683735,4131,True,True,True,True,Eyes,1.337499,-0.2644528,-3.582544,0.4961001,0.2272562,0.8379971,0.0,0.0,0.0,0.0,0.0,0.0,0.0,-2.867362,-0.1876802,2.532151,1.323895,-0.2661004,-3.58403,-0.04536301,0.2437871,-0.03860665,0.9679978,356.0435,28.46417,354.4283,0.3490096,-0.06885825,-0.9345857,0,0,0,1.851199,-0.02980657,-2.57748,-0.03136906,0.1550214,1.149787,0.8781548,-0.09686012,-0.468468,0.05262448,0.9929034,-0.1066462,0.4754733,0.06899896,0.8770202,moving,30.62583,15.17309,-1.562784,7.678668,29.364458849986775,26.538951489976398
05/11/2023 12:34:09.693803,4132,True,True,True,True,Eyes,1.337374,-0.2645019,-3.582397,0.4946909,0.2259012,0.8391957,0.0,0.0,0.0,0.0,0.0,0.0,0.0,-2.864532,-0.183493,2.535446,1.323915,-0.266157,-3.583868,-0.04466692,0.2432264,-0.03867923,0.9681684,356.1196,28.3928,354.4424,0.3490011,-0.06887142,-0.9345879,0,0,0,1.847666,-0.03216776,-2.577374,-0.03294352,0.1542124,1.147705,0.8786897,-0.09662434,-0.4675129,0.05316766,0.9930176,-0.1053058,0.4744236,0.06767456,0.8776916,moving,30.51859,15.06619,-1.644156,7.652761,29.25295782634246,26.430143855465772
05/11/2023 12:34:09.714093,4133,True,True,True,True,Eyes,1.33725,-0.264555,-3.582247,0.4932904,0.2245806,0.8403738,0.0,0.0,0.0,0.0,0.0,0.0,0.0,-2.860999,-0.179538,2.539553,1.323802,-0.2661439,-3.583796,-0.04401372,0.2425494,-0.03872869,0.9683661,356.1896,28.30797,354.4582,0.3489918,-0.06888488,-0.9345903,0,0,0,1.84435,-0.03438375,-2.577275,-0.03397813,0.1533891,1.1459,0.8793398,-0.09635808,-0.4663441,0.05365608,0.9931257,-0.10403,0.4731624,0.06645554,0.8784652,moving,30.41248,14.96202,-1.698432,7.624238,29.1426845523431,26.324104211974678
05/11/2023 12:34:09.723612,4134,True,True,True,True,Eyes,1.33711,-0.2646129,-3.58209,0.4918357,0.2232109,0.8415905,0.0,0.0,0.0,0.0,0.0,0.0,0.0,-2.857599,-0.1770136,2.543217,1.323698,-0.2662909,-3.583584,-0.04370676,0.2419201,-0.03864251,0.9685408,356.2177,28.23097,354.479,0.3489818,-0.0688987,-0.934593,0,0,0,1.840909,-0.03668361,-2.577171,-0.03513998,0.1517989,1.144035,0.8799629,-0.09600078,-0.465241,0.05370661,0.993193,-0.1033604,0.4719968,0.06596676,0.8791288,moving,30.30253,14.85427,-1.759335,7.558276,29.02842686940503,26.214419025611562
05/11/2023 12:34:09.743968,4135,True,True,True,True,Eyes,1.336971,-0.2646737,-3.58193,0.4903784,0.2218296,0.8428053,0.0,0.0,0.0,0.0,0.0,0.0,0.0,-2.853503,-0.1732956,2.547836,1.323531,-0.2664664,-3.583468,-0.04311664,0.2411502,-0.03870239,0.9687567,356.2805,28.13577,354.4921,0.3489709,-0.06891299,-0.9345961,0,0,0,1.837347,-0.03906465,-2.577065,-0.03612977,0.1508595,1.142148,0.8806974,-0.09578157,-0.4638943,0.05419123,0.9932862,-0.1022052,0.4705692,0.06487291,0.8799751,moving,30.19259,14.74603,-1.811843,7.524302,28.914163105884178,26.104238439333535
05/11/2023 12:34:09.763982,4136,True,True,True,True,Eyes,1.3368,-0.2647274,-3.581755,0.4888332,0.2204117,0.8440739,0.0,0.0,0.0,0.0,0.0,0.0,0.0,-2.84901,-0.1677111,2.552862,1.323401,-0.2665837,-3.583243,-0.04221911,0.2402973,-0.03877209,0.9690055,356.3772,28.02856,354.5129,0.3489592,-0.06892779,-0.9345993,0,0,0,1.834328,-0.04108221,-2.576974,-0.03645772,0.1509597,1.140332,0.8815078,-0.09543101,-0.462425,0.05485046,0.9934285,-0.1004547,0.4689727,0.06318743,0.8809495,moving,30.07666,14.63476,-1.831188,7.541093,28.793768268080278,25.990954110973867
05/11/2023 12:34:09.774060,4137,True,True,True,True,Eyes,1.336628,-0.2647822,-3.581579,0.4872603,0.2190334,0.8453413,0.0,0.0,0.0,0.0,0.0,0.0,0.0,-2.84323,-0.1636465,2.559287,1.323191,-0.2665137,-3.58313,-0.04161684,0.2392203,-0.03872058,0.9693,356.4366,27.89676,354.5396,0.3489462,-0.06894291,-0.934603,0,0,0,1.830914,-0.04336422,-2.576871,-0.03651571,0.1498848,1.138568,0.8825488,-0.09497491,-0.4605295,0.05515254,0.9935375,-0.09920391,0.4669753,0.06215291,0.8820834,moving,29.95943,14.52625,-1.836939,7.49948,28.67215545002896,25.88045190623783
05/11/2023 12:34:09.793937,4138,True,True,True,True,Eyes,1.336441,-0.264839,-3.581396,0.485145,0.2176435,0.8469154,0.0,0.0,0.0,0.0,0.0,0.0,0.0,-2.8368,-0.160233,2.566297,1.323003,-0.2665976,-3.582956,-0.04127645,0.2380308,-0.03847369,0.9696172,356.4609,27.75305,354.5809,0.3489321,-0.06895834,-0.9346072,0,0,0,1.827597,-0.04558073,-2.576772,-0.03616819,0.1483728,1.136903,0.8837223,-0.09425963,-0.4584213,0.05495936,0.9936321,-0.09836055,0.4647735,0.06172886,0.8832753,moving,29.80571,14.41222,-1.822131,7.435431,28.51361964957016,25.764124820712908
05/11/2023 12:34:09.813605,4139,True,True,True,True,Eyes,1.336252,-0.2649,-3.581211,0.4829973,0.2162674,0.8484939,0.0,0.0,0.0,0.0,0.0,0.0,0.0,-2.829499,-0.1568692,2.574221,1.32274,-0.2667201,-3.582806,-0.04100576,0.236692,-0.03814687,0.9699693,356.4746,27.59203,354.6298,0.3489166,-0.06897413,-0.9346119,0,0,0,1.824279,-0.0477981,-2.576672,-0.0354031,0.1467226,1.135338,0.8850434,-0.09341405,-0.4560394,0.05459112,0.9937267,-0.09760677,0.4622963,0.06149053,0.8845909,moving,29.6503,14.2993,-1.786068,7.363666,28.35341880504913,25.648908850571345
05/11/2023 12:34:09.823877,4140,True,True,True,True,Eyes,1.336053,-0.2649619,-3.581021,0.480437,0.2148859,0.8502966,0.0,0.0,0.0,0.0,0.0,0.0,0.0,-2.820854,-0.1525756,2.583547,1.322534,-0.2668747,-3.582582,-0.0403804,0.2350888,-0.03814212,0.9703855,356.5352,27.3984,354.6534,0.3488998,-0.06899036,-0.9346169,0,0,0,1.820863,-0.05008125,-2.57657,-0.03426471,0.1460016,1.133535,0.8865569,-0.09301108,-0.4531731,0.05503915,0.9938292,-0.09630269,0.4593339,0.06043555,0.8862054,moving,29.46744,14.18276,-1.731421,7.339403,28.16545979423619,25.529849471046674
05/11/2023 12:34:09.843744,4141,True,True,True,True,Eyes,1.335856,-0.265019,-3.580828,0.4778683,0.2135327,0.8520831,0.0,0.0,0.0,0.0,0.0,0.0,0.0,-2.812252,-0.1486042,2.59282,1.32232,-0.2669563,-3.582424,-0.0398089,0.2334978,-0.03811617,0.9707941,356.5893,27.20665,354.6776,0.3488818,-0.06900702,-0.9346225,0,0,0,1.817456,-0.05235867,-2.576468,-0.03316861,0.145073,1.131819,0.8880519,-0.09259648,-0.4503218,0.05541532,0.9939248,-0.09509257,0.4563913,0.05949241,0.8877881,moving,29.28474,14.06864,-1.678605,7.304164,27.977741642419275,25.413238156587553
05/11/2023 12:34:09.863535,4142,True,True,True,True,Eyes,1.335648,-0.2650752,-3.58063,0.4750765,0.2121961,0.8539761,0.0,0.0,0.0,0.0,0.0,0.0,0.0,-2.804141,-0.1458989,2.601314,1.322172,-0.2668951,-3.582171,-0.03939515,0.2320095,-0.03811947,0.9711677,356.6273,27.02831,354.6936,0.3488626,-0.06902394,-0.9346283,0,0,0,1.814086,-0.05461081,-2.576366,-0.03230691,0.1436843,1.130043,0.889437,-0.0923209,-0.4476368,0.05576071,0.9939899,-0.09420675,0.4536436,0.05883043,0.8892393,moving,29.08768,13.95426,-1.637588,7.246242,27.775556123381534,25.296268195833665
05/11/2023 12:34:09.883744,4143,True,True,True,True,Eyes,1.335433,-0.265131,-3.580426,0.4722359,0.2109156,0.8558668,0.0,0.0,0.0,0.0,0.0,0.0,0.0,-2.795975,-0.1432349,2.609787,1.321887,-0.2669316,-3.581947,-0.03909033,0.2305379,-0.03799406,0.9715353,356.6499,26.8524,354.721,0.3488423,-0.0690411,-0.9346347,0,0,0,1.810616,-0.05693038,-2.576262,-0.0314306,0.1420202,1.128362,0.8908175,-0.09184872,-0.444981,0.05580152,0.9940568,-0.0934734,0.4509218,0.05843713,0.8906485,moving,28.8883,13.84384,-1.595565,7.173752,27.57116515591094,25.183286945395924
05/11/2023 12:34:09.893778,4144,True,True,True,True,Eyes,1.3352,-0.2651795,-3.580216,0.4691857,0.2096149,0.8578615,0.0,0.0,0.0,0.0,0.0,0.0,0.0,-2.784374,-0.1399516,2.621794,1.321576,-0.267092,-3.581652,-0.03895552,0.2284456,-0.0375089,0.9720536,356.6407,26.60355,354.786,0.3488207,-0.06905848,-0.9346414,0,0,0,1.807301,-0.05914551,-2.576163,-0.02882582,0.1401238,1.126815,0.8928114,-0.09071977,-0.4412003,0.0551229,0.9941511,-0.0928712,0.447045,0.05859622,0.8925902,moving,28.67534,13.73094,-1.465402,7.088561,27.353019021097715,25.067707482332395
05/11/2023 12:34:09.913632,4145,True,True,True,True,Eyes,1.334961,-0.26523,-3.579994,0.4660509,0.2083641,0.8598726,0.0,0.0,0.0,0.0,0.0,0.0,0.0,-2.770737,-0.1366396,2.635873,1.321145,-0.2669707,-3.58145,-0.03850542,0.2259917,-0.03743266,0.9726479,356.6758,26.31138,354.8149,0.3487978,-0.06907587,-0.9346488,0,0,0,1.803989,-0.06135945,-2.576063,-0.02547073,0.1388635,1.125293,0.8950531,-0.09022141,-0.436738,0.05541378,0.9942322,-0.09182338,0.4425035,0.05798549,0.8948901,moving,28.45769,13.62134,-1.296655,7.034856,27.130259379796023,24.955433564389157
05/11/2023 12:34:09.923655,4146,True,True,True,True,Eyes,1.334697,-0.2652841,-3.579768,0.4626999,0.2071489,0.8619734,0.0,0.0,0.0,0.0,0.0,0.0,0.0,-2.754989,-0.1359464,2.651568,1.320762,-0.2669626,-3.581002,-0.03834001,0.223183,-0.03758651,0.9732969,356.6833,25.98032,354.8116,0.3487734,-0.06909336,-0.9346565,0,0,0,1.800428,-0.06373899,-2.575957,-0.02156255,0.1370673,1.123497,0.8975531,-0.09027934,-0.4315645,0.05605198,0.9942346,-0.09140976,0.4373288,0.05785507,0.8974387,moving,28.22652,13.51303,-1.099506,6.955744,26.893929235338334,24.84437389314691
05/11/2023 12:34:09.944025,4147,True,True,True,True,Eyes,1.334424,-0.2653338,-3.579538,0.4592181,0.2059369,0.864123,0.0,0.0,0.0,0.0,0.0,0.0,0.0,-2.736129,-0.1357336,2.670478,1.320146,-0.2671093,-3.580802,-0.03829446,0.219841,-0.03771963,0.9740538,356.674,25.58759,354.8093,0.3487474,-0.06911106,-0.9346649,0,0,0,1.797244,-0.06586736,-2.575861,-0.01603958,0.135467,1.122239,0.9004943,-0.09031928,-0.4253851,0.0566445,0.9942216,-0.09118638,0.4311629,0.05801709,0.9004069,moving,27.98737,13.40463,-0.8188435,6.882954,26.649561221511497,24.733170010989745
05/11/2023 12:34:09.963751,4148,True,True,True,True,Eyes,1.334147,-0.2653822,-3.579297,0.4556478,0.2047279,0.8662976,0.0,0.0,0.0,0.0,0.0,0.0,0.0,-2.715488,-0.1334442,2.69099,1.31968,-0.2670387,-3.580537,-0.03760976,0.2161565,-0.03830151,0.974882,356.7455,25.15197,354.774,0.3487196,-0.06912885,-0.934674,0,0,0,1.793765,-0.06819271,-2.575757,-0.01026493,0.1350778,1.120504,0.9036187,-0.09093808,-0.4185731,0.05841972,0.994237,-0.08988838,0.4243351,0.05677191,0.9037237,moving,27.74309,13.29648,-0.5248719,6.873892,26.40003615228028,24.622184713507348
05/11/2023 12:34:09.983703,4149,True,True,True,True,Eyes,1.33386,-0.2654394,-3.579055,0.451957,0.2035446,0.868507,0.0,0.0,0.0,0.0,0.0,0.0,0.0,-2.695599,-0.1317038,2.710208,1.319321,-0.267029,-3.580072,-0.03723367,0.2126393,-0.03856049,0.9756595,356.7751,24.73747,354.766,0.3486903,-0.06914669,-0.9346836,0,0,0,1.790357,-0.07047001,-2.575654,-0.004738927,0.1339662,1.118658,0.9065952,-0.09107848,-0.4120556,0.05940912,0.9942535,-0.08905371,0.4177985,0.05625581,0.9067964,moving,27.49174,13.18988,-0.2427184,6.829001,26.143443525564706,24.512719568900106
05/11/2023 12:34:09.993667,4150,True,True,True,True,Eyes,1.333578,-0.2654986,-3.578812,0.4482147,0.2023177,0.8707302,0.0,0.0,0.0,0.0,0.0,0.0,0.0,-2.675901,-0.1253935,2.729441,1.31883,-0.2672991,-3.57984,-0.03667554,0.2091697,-0.03806221,0.9764498,356.8069,24.32543,354.8471,0.3486593,-0.06916483,-0.9346938,0,0,0,1.786904,-0.07277782,-2.575551,0.0008798242,0.1331233,1.117052,0.9095986,-0.0896745,-0.4056955,0.05898885,0.9944124,-0.08754657,0.4112793,0.05570072,0.9098059,moving,27.23747,13.0808,0.04512787,6.796101,25.88382907331615,24.40072728748068
05/11/2023 12:34:10.013790,4151,True,True,True,True,Eyes,1.333289,-0.2655619,-3.578568,0.4443798,0.2010904,0.8729773,0.0,0.0,0.0,0.0,0.0,0.0,0.0,-2.6569,-0.1177338,2.747656,1.318425,-0.2673565,-3.579507,-0.03574838,0.2058291,-0.03776461,0.9772053,356.8861,23.92707,354.9138,0.3486269,-0.06918328,-0.9347044,0,0,0,1.78341,-0.0751134,-2.575446,0.006044269,0.1329201,1.115169,0.9124164,-0.08852366,-0.3995746,0.05909143,0.9945918,-0.08541312,0.4049747,0.0543209,0.9127129,moving,26.97789,12.97181,0.3105428,6.797174,25.618871053978005,24.28879060557253
05/11/2023 12:34:10.023868,4152,True,True,True,True,Eyes,1.333,-0.2656256,-3.57832,0.4406066,0.1998271,0.8751771,0.0,0.0,0.0,0.0,0.0,0.0,0.0,-2.638663,-0.1103878,2.765012,1.318025,-0.2675128,-3.579284,-0.03489821,0.202637,-0.03744298,0.9779154,356.9573,23.54694,354.9803,0.3485933,-0.06920213,-0.9347156,0,0,0,1.78012,-0.07731202,-2.575347,0.01097155,0.1327508,1.113487,0.9150725,-0.08737547,-0.3937103,0.05908879,0.9947603,-0.08342966,0.3989371,0.05308032,0.9154407,moving,26.7229,12.86172,0.5645355,6.798757,25.358498360556005,24.175772255665787
05/11/2023 12:34:10.043688,4153,True,True,True,True,Eyes,1.332706,-0.2656891,-3.57807,0.4367813,0.1985456,0.8773834,0.0,0.0,0.0,0.0,0.0,0.0,0.0,-2.621951,-0.101763,2.780557,1.317639,-0.2675513,-3.578928,-0.03383692,0.1997328,-0.03711343,0.9785625,357.0538,23.19952,355.0511,0.3485584,-0.06922135,-0.9347271,0,0,0,1.776737,-0.07957316,-2.575246,0.01518831,0.1328242,1.11158,0.9174588,-0.0861523,-0.3883903,0.05911894,0.9949554,-0.08104862,0.3934136,0.05139755,0.9179237,moving,26.46516,12.75087,0.7828239,6.81404,25.09533169884981,24.061967091273154
05/11/2023 12:34:10.064033,4154,True,True,True,True,Eyes,1.33241,-0.2657537,-3.577822,0.4332196,0.1972095,0.8794482,0.0,0.0,0.0,0.0,0.0,0.0,0.0,-2.606589,-0.09392278,2.794763,1.317267,-0.2675971,-3.57869,-0.032801,0.1970701,-0.03693421,0.9791442,357.1526,22.88129,355.1032,0.3485223,-0.06924091,-0.9347391,0,0,0,1.773444,-0.08177407,-2.575147,0.01880082,0.1329427,1.109819,0.9195985,-0.08525603,-0.3834971,0.05939964,0.9951199,-0.07879107,0.3883431,0.04967656,0.920175,moving,26.22504,12.63905,0.9705227,6.830783,24.849874295224247,23.94729858704897
05/11/2023 12:34:10.074068,4155,True,True,True,True,Eyes,1.332113,-0.2658169,-3.577577,0.4296376,0.1958693,0.8815025,0.0,0.0,0.0,0.0,0.0,0.0,0.0,-2.59197,-0.08676773,2.808211,1.316963,-0.2676659,-3.578526,-0.03188059,0.194538,-0.03674185,0.979688,357.239,22.57928,355.1531,0.3484852,-0.0692608,-0.9347515,0,0,0,1.769907,-0.08413769,-2.575041,0.02179855,0.1326202,1.108044,0.92161,-0.08439505,-0.3788303,0.05958711,0.9952673,-0.07676143,0.3835157,0.0481707,0.9222773,moving,25.98425,12.52756,1.127034,6.825182,24.6037531580508,23.832959297164347
05/11/2023 12:34:10.093865,4156,True,True,True,True,Eyes,1.331784,-0.2658717,-3.577317,0.4282399,0.1941531,0.8825617,0.0,0.0,0.0,0.0,0.0,0.0,0.0,-2.579723,-0.08006534,2.819344,1.316657,-0.2676851,-3.578385,-0.03102171,0.1924316,-0.03654043,0.9801391,357.3206,22.3276,355.201,0.348447,-0.06928094,-0.9347643,0,0,0,1.766459,-0.08644243,-2.574937,0.02389756,0.1321263,1.106368,0.9232698,-0.08356851,-0.3749523,0.05969029,0.9954049,-0.07487425,0.3794865,0.04674813,0.9240155,moving,25.88376,12.40677,1.237397,6.810209,24.498590789453928,23.710151707349134
05/11/2023 12:34:10.113804,4157,True,True,True,True,Eyes,1.331459,-0.2659221,-3.577059,0.426794,0.1925082,0.8836218,0.0,0.0,0.0,0.0,0.0,0.0,0.0,-2.569294,-0.07556438,2.828639,1.31646,-0.2675785,-3.5782,-0.0305441,0.1906502,-0.03622597,0.9805139,357.3586,22.11601,355.2519,0.3484072,-0.06930115,-0.9347776,0,0,0,1.763296,-0.0885561,-2.574842,0.02547261,0.1307995,1.104844,0.9246804,-0.0826866,-0.3716573,0.05939365,0.9955095,-0.07371081,0.3760832,0.04608486,0.9254392,moving,25.78078,12.29056,1.320743,6.751667,24.391072236722216,23.59195861128086
05/11/2023 12:34:10.123465,4158,True,True,True,True,Eyes,1.331163,-0.2659749,-3.576811,0.4253813,0.19096,0.8846384,0.0,0.0,0.0,0.0,0.0,0.0,0.0,-2.561225,-0.07377833,2.835662,1.31626,-0.2675264,-3.578014,-0.03046332,0.1892962,-0.03594241,0.980789,357.3549,21.95681,355.2893,0.3483661,-0.06932129,-0.9347914,0,0,0,1.759722,-0.09094492,-2.574735,0.02570909,0.1283445,1.103302,0.9257502,-0.08203701,-0.3691294,0.05897063,0.9955602,-0.07336371,0.3735091,0.04614867,0.9264778,moving,25.68073,12.18109,1.334862,6.635261,24.286725979089113,23.48060024456547
05/11/2023 12:34:10.143691,4159,True,True,True,True,Eyes,1.330871,-0.2660286,-3.576566,0.4239776,0.1894349,0.8856395,0.0,0.0,0.0,0.0,0.0,0.0,0.0,-2.554969,-0.0717508,2.840986,1.316121,-0.2675978,-3.577769,-0.03024872,0.1882442,-0.03584068,0.9810019,357.3718,21.83255,355.3083,0.3483243,-0.0693414,-0.9348055,0,0,0,1.756608,-0.09302627,-2.574642,0.02555811,0.1266926,1.101846,0.9265592,-0.08170785,-0.3671675,0.05893126,0.9956009,-0.0728417,0.371504,0.04585451,0.9272983,moving,25.58159,12.07342,1.328779,6.559186,24.183355306608973,23.37106802664918
05/11/2023 12:34:10.163581,4160,True,True,True,True,Eyes,1.330592,-0.2660757,-3.576328,0.4226822,0.1879381,0.8865771,0.0,0.0,0.0,0.0,0.0,0.0,0.0,-2.551234,-0.06818825,2.844167,1.315929,-0.2676641,-3.577627,-0.02972584,0.1876195,-0.03584643,0.9811374,357.4277,21.75666,355.3208,0.3482821,-0.06936149,-0.9348197,0,0,0,1.753227,-0.09528571,-2.57454,0.02417994,0.12551,1.100359,0.9270279,-0.08149484,-0.3660298,0.05918625,0.9956629,-0.07178125,0.3702921,0.04487929,0.9278306,moving,25.48982,11.96848,1.258849,6.507192,24.087495315564787,23.264345405106724
05/11/2023 12:34:10.174355,4161,True,True,True,True,Eyes,1.33032,-0.2661341,-3.576089,0.4214202,0.1865297,0.8874749,0.0,0.0,0.0,0.0,0.0,0.0,0.0,-2.548086,-0.06432846,2.846905,1.315899,-0.2675419,-3.57751,-0.02925721,0.1870765,-0.03563461,0.9812627,357.4733,21.69015,355.3563,0.3482397,-0.06938139,-0.934834,0,0,0,1.74975,-0.0976101,-2.574436,0.02245688,0.1238326,1.098828,0.9274651,-0.08088049,-0.3650573,0.05898714,0.9957484,-0.07075082,0.3692276,0.04408522,0.9282928,moving,25.40085,11.86967,1.170798,6.429828,23.99465662087205,23.163839840792
05/11/2023 12:34:10.193914,4162,True,True,True,True,Eyes,1.330056,-0.2661998,-3.575856,0.4202763,0.1851144,0.8883133,0.0,0.0,0.0,0.0,0.0,0.0,0.0,-2.546962,-0.06368712,2.847579,1.315795,-0.2678827,-3.577247,-0.02952126,0.1869269,-0.03513062,0.9813016,357.432,21.67296,355.4077,0.3481973,-0.06940138,-0.9348483,0,0,0,1.746499,-0.09978282,-2.574338,0.02024582,0.1210553,1.097509,0.9276484,-0.07998408,-0.364789,0.05791082,0.9957887,-0.07107224,0.3689374,0.04480481,0.9283737,moving,25.31964,11.77133,1.056819,6.294288,23.90964680593951,23.0638612599332
05/11/2023 12:34:10.213826,4163,True,True,True,True,Eyes,1.329797,-0.2662657,-3.575625,0.419173,0.1836509,0.8891379,0.0,0.0,0.0,0.0,0.0,0.0,0.0,-2.54538,-0.05880746,2.849009,1.315736,-0.2681113,-3.577181,-0.028763,0.186638,-0.03522133,0.9813758,357.5179,21.63522,355.4148,0.3481549,-0.06942166,-0.9348626,0,0,0,1.743091,-0.1020607,-2.574236,0.01788899,0.120512,1.09602,0.9278515,-0.07986725,-0.3642978,0.05839419,0.9958643,-0.0696019,0.3683501,0.04330734,0.9286779,moving,25.24095,11.67029,0.9350858,6.274707,23.827085342445493,22.961169359209315
05/11/2023 12:34:10.223813,4164,True,True,True,True,Eyes,1.329539,-0.2663336,-3.575396,0.4181852,0.18213,0.8899156,0.0,0.0,0.0,0.0,0.0,0.0,0.0,-2.544696,-0.05297886,2.849448,1.315634,-0.2681542,-3.576988,-0.02752943,0.1864977,-0.03581278,0.9814165,357.6687,21.61331,355.3752,0.3481129,-0.06944218,-0.9348767,0,0,0,1.739481,-0.1044733,-2.574128,0.0149557,0.1208685,1.094227,0.9278722,-0.08056285,-0.364092,0.06002615,0.9959192,-0.06739367,0.3680356,0.04067767,0.9289215,moving,25.16957,11.56643,0.7830598,6.303347,23.751791231092554,22.85567473730702
05/11/2023 12:34:10.243649,4165,True,True,True,True,Eyes,1.329283,-0.2664017,-3.575171,0.4172121,0.1805882,0.8906862,0.0,0.0,0.0,0.0,0.0,0.0,0.0,-2.543033,-0.04688902,2.85093,1.315592,-0.2682604,-3.576909,-0.02647341,0.1861817,-0.03606237,0.9814964,357.7914,21.57112,355.3708,0.3480709,-0.06946296,-0.9348908,0,0,0,1.736349,-0.1065664,-2.574034,0.01284355,0.1211011,1.092753,0.9280717,-0.08064792,-0.3635639,0.06093246,0.9959973,-0.06539541,0.3673827,0.03853879,0.9292711,moving,25.09917,11.46145,0.6733885,6.32383,23.677446949355343,22.749054154515743
05/11/2023 12:34:10.263831,4166,True,True,True,True,Eyes,1.329021,-0.2664692,-3.574945,0.416289,0.1790059,0.8914372,0.0,0.0,0.0,0.0,0.0,0.0,0.0,-2.541047,-0.04050791,2.852574,1.315411,-0.2683136,-3.576792,-0.02543153,0.1858373,-0.03620568,0.9815839,357.91,21.52551,355.3779,0.3480292,-0.069484,-0.9349048,0,0,0,1.732876,-0.1088873,-2.57393,0.01067007,0.1209642,1.091183,0.9283073,-0.08053008,-0.3629884,0.06162557,0.9960847,-0.06338309,0.3666714,0.03646963,0.9296355,moving,25.03193,11.35433,0.5602454,6.325755,23.606213878755824,22.640290766606817
05/11/2023 12:34:10.273652,4167,True,True,True,True,Eyes,1.328761,-0.266539,-3.574724,0.4153441,0.1774441,0.89219,0.0,0.0,0.0,0.0,0.0,0.0,0.0,-2.537453,-0.03468871,2.854828,1.31571,-0.2686007,-3.575846,-0.02455134,0.1851943,-0.03629874,0.9817244,358.008,21.44592,355.3877,0.3479875,-0.06950522,-0.9349187,0,0,0,1.729643,-0.111048,-2.573833,0.00922212,0.1209108,1.088802,0.9287709,-0.08036424,-0.3618372,0.06217717,0.9961593,-0.06164993,0.3654019,0.03476065,0.9302006,moving,24.96354,11.24855,0.4852817,6.336694,23.533867059668196,22.53287466049509
05/11/2023 12:34:10.293606,4168,True,True,True,True,Eyes,1.328517,-0.2666103,-3.574507,0.4143368,0.1758072,0.892982,0.0,0.0,0.0,0.0,0.0,0.0,0.0,-2.532875,-0.03048474,2.858799,1.315553,-0.2687215,-3.575783,-0.02396145,0.1844144,-0.03627577,0.9818866,358.0702,21.35178,355.4045,0.3479458,-0.06952669,-0.9349326,0,0,0,1.725968,-0.1135046,-2.573722,0.00783807,0.119681,1.087325,0.9293507,-0.08007506,-0.3604097,0.0623997,0.9962198,-0.06043439,0.3638866,0.03367529,0.9308343,moving,24.89094,11.13775,0.4130143,6.281217,23.45711582659341,22.420354479445912
05/11/2023 12:34:10.313642,4169,True,True,True,True,Eyes,1.328278,-0.2666773,-3.574296,0.4133058,0.1741821,0.893778,0.0,0.0,0.0,0.0,0.0,0.0,0.0,-2.528363,-0.02594151,2.862622,1.315533,-0.2687953,-3.575614,-0.0232358,0.1836251,-0.03638188,0.982048,358.1504,21.25608,355.4096,0.3479044,-0.06954839,-0.9349464,0,0,0,1.722849,-0.1155891,-2.573628,0.00683558,0.1191495,1.085869,0.9299163,-0.07999086,-0.3589666,0.06292415,0.9962729,-0.05899859,0.362348,0.03227608,0.9314838,moving,24.81703,11.02775,0.3606741,6.261864,23.379071946935326,22.30863448898449
05/11/2023 12:34:10.323892,4170,True,True,True,True,Eyes,1.328043,-0.2667446,-3.574084,0.4122231,0.1725565,0.8945929,0.0,0.0,0.0,0.0,0.0,0.0,0.0,-2.523346,-0.02161866,2.866961,1.315424,-0.2687474,-3.575562,-0.02252944,0.1827594,-0.03648501,0.9822222,358.228,21.15162,355.4146,0.3478635,-0.06957018,-0.93496,0,0,0,1.719333,-0.1179392,-2.573523,0.005695283,0.1181655,1.084422,0.9305357,-0.0799077,-0.3573768,0.06343783,0.9963225,-0.0575938,0.3606647,0.03092188,0.9321828,moving,24.73997,10.9176,0.3009093,6.218777,23.297851451290008,22.196741822374214
05/11/2023 12:34:10.344636,4171,True,True,True,True,Eyes,1.327811,-0.2668165,-3.573877,0.4110998,0.1709543,0.895417,0.0,0.0,0.0,0.0,0.0,0.0,0.0,-2.518332,-0.01844291,2.871102,1.31539,-0.2688174,-3.575339,-0.022103,0.1819044,-0.03644412,0.982392,358.2712,21.04968,355.4297,0.347823,-0.06959205,-0.9349734,0,0,0,1.715941,-0.1202058,-2.573421,0.004668921,0.1167371,1.082921,0.9311653,-0.07964609,-0.3557918,0.06356355,0.9963665,-0.05668631,0.3590139,0.03016893,0.9328445,moving,24.66059,10.80892,0.2470244,6.152634,23.214343441976148,22.08632008687704
05/11/2023 12:34:10.363632,4172,True,True,True,True,Eyes,1.327595,-0.2668824,-3.573677,0.4098847,0.1693629,0.896276,0.0,0.0,0.0,0.0,0.0,0.0,0.0,-2.51167,-0.01482014,2.876826,1.315213,-0.2689944,-3.575289,-0.02154246,0.1807716,-0.03655311,0.9826096,358.3313,20.91496,355.4312,0.3477829,-0.06961411,-0.9349867,0,0,0,1.712704,-0.1223695,-2.573324,0.004399389,0.1158945,1.081656,0.931971,-0.0796234,-0.3536808,0.06404635,0.9963996,-0.05555118,0.3568306,0.02912012,0.9337151,moving,24.57555,10.7006,0.2330362,6.115649,23.125148356179565,21.976224629460226
05/11/2023 12:34:10.383606,4173,True,True,True,True,Eyes,1.327385,-0.2669477,-3.573479,0.4086383,0.167812,0.8971365,0.0,0.0,0.0,0.0,0.0,0.0,0.0,-2.505139,-0.01258619,2.882362,1.315185,-0.2688788,-3.575177,-0.02107657,0.1796474,-0.03678376,0.9828172,358.3833,20.78198,355.4167,0.3477435,-0.06963616,-0.9349997,0,0,0,1.709224,-0.1246951,-2.57322,0.003763855,0.1144199,1.080216,0.9327475,-0.07987612,-0.3515706,0.06473072,0.9964055,-0.05464505,0.3546717,0.02821262,0.9345651,moving,24.48887,10.59491,0.1996379,6.046405,23.034388666372983,21.8687775783888
05/11/2023 12:34:10.394320,4174,True,True,True,True,Eyes,1.327172,-0.267009,-3.57328,0.407329,0.1662189,0.898028,0.0,0.0,0.0,0.0,0.0,0.0,0.0,-2.4988,-0.01083574,2.887699,1.315116,-0.2689275,-3.575062,-0.02076533,0.1785692,-0.03692011,0.9830152,358.4162,20.65502,355.4095,0.3477049,-0.06965818,-0.9350124,0,0,0,1.705848,-0.1269517,-2.573118,0.003171355,0.1128145,1.07888,0.9334999,-0.08000216,-0.3495391,0.06516997,0.9964114,-0.05401086,0.3526057,0.02763969,0.9353637,moving,24.39817,10.48639,0.1684197,5.969513,22.939488047655125,21.75844215152074
05/11/2023 12:34:10.413820,4175,True,True,True,True,Eyes,1.326962,-0.2670722,-3.573084,0.4059897,0.1646522,0.8989227,0.0,0.0,0.0,0.0,0.0,0.0,0.0,-2.492081,-0.008050293,2.893344,1.31511,-0.2689016,-3.574933,-0.02032278,0.177417,-0.03699685,0.9832301,358.4622,20.51872,355.4118,0.3476669,-0.06968006,-0.9350249,0,0,0,1.702423,-0.1292406,-2.573016,0.00265637,0.111355,1.077473,0.9343089,-0.07996405,-0.3473797,0.0655416,0.9964364,-0.05309168,0.3503873,0.02683621,0.9362204,moving,24.30585,10.37959,0.141255,5.90047,22.843012970816524,21.6498351121097
05/11/2023 12:34:10.424151,4176,True,True,True,True,Eyes,1.326752,-0.2671377,-3.572886,0.404568,0.163079,0.89985,0.0,0.0,0.0,0.0,0.0,0.0,0.0,-2.485593,-0.004534662,2.898775,1.314979,-0.269003,-3.574851,-0.01980616,0.1763196,-0.0370442,0.9834364,358.5163,20.3884,355.4188,0.3476295,-0.06970187,-0.9350372,0,0,0,1.698923,-0.1315801,-2.572911,0.002043486,0.1101105,1.076129,0.9350783,-0.07984564,-0.3453308,0.06587679,0.9964709,-0.05201944,0.3482656,0.02589297,0.9370382,moving,24.20844,10.27217,0.1088001,5.842226,22.74139244038173,21.540567218087794
05/11/2023 12:34:10.444182,4177,True,True,True,True,Eyes,1.326546,-0.2672033,-3.572691,0.4031166,0.1615256,0.900781,0.0,0.0,0.0,0.0,0.0,0.0,0.0,-2.478611,-0.0006645471,2.904476,1.314904,-0.2691202,-3.574646,-0.01932004,0.1751425,-0.03695765,0.9836596,358.5638,20.24883,355.4402,0.3475926,-0.06972368,-0.9350493,0,0,0,1.695759,-0.1336948,-2.572816,0.001924962,0.1090203,1.074786,0.9359185,-0.07947502,-0.3431331,0.06593998,0.9965218,-0.0509544,0.3459892,0.02506298,0.9379037,moving,24.10942,10.16608,0.1026177,5.791955,22.638194667036004,21.43263342723865
05/11/2023 12:34:10.463682,4178,True,True,True,True,Eyes,1.326337,-0.2672661,-3.572492,0.4016011,0.1599409,0.9017403,0.0,0.0,0.0,0.0,0.0,0.0,0.0,-2.471828,0.003400847,2.910066,1.314804,-0.26918,-3.57453,-0.01872426,0.1739942,-0.03699167,0.9838736,358.6264,20.11226,355.45,0.3475563,-0.06974548,-0.9350612,0,0,0,1.692461,-0.1358986,-2.572717,0.001577824,0.1080447,1.073472,0.9367152,-0.07930608,-0.3409913,0.06627443,0.9965621,-0.04971728,0.3437619,0.02397193,0.9387508,moving,24.00639,10.0579,0.08421515,5.747453,22.530890422445175,21.322559582934883
05/11/2023 12:34:10.483484,4179,True,True,True,True,Eyes,1.32613,-0.2673295,-3.572297,0.4000477,0.1583728,0.902707,0.0,0.0,0.0,0.0,0.0,0.0,0.0,-2.464511,0.009383485,2.916004,1.314747,-0.2691714,-3.574349,-0.01785943,0.1727478,-0.03697704,0.9841098,358.7178,19.96291,355.4707,0.3475204,-0.06976721,-0.9350728,0,0,0,1.688953,-0.1382436,-2.572611,0.001238614,0.1074016,1.071967,0.9375818,-0.07894928,-0.3386847,0.06660858,0.9966275,-0.04792668,0.3413263,0.02237588,0.9396785,moving,23.90122,9.950821,0.06620293,5.721435,22.42146774112817,21.21358475322159
05/11/2023 12:34:10.493683,4180,True,True,True,True,Eyes,1.325914,-0.2673939,-3.572097,0.3984421,0.156757,0.9036986,0.0,0.0,0.0,0.0,0.0,0.0,0.0,-2.456776,0.01404834,2.922357,1.3146,-0.2692401,-3.574276,-0.01720261,0.1714467,-0.0369729,0.9843491,358.7859,19.80834,355.4859,0.347485,-0.06978889,-0.9350844,0,0,0,1.685671,-0.140437,-2.572513,0.00125894,0.106569,1.070727,0.9384781,-0.07868715,-0.3362546,0.06688982,0.9966741,-0.04654451,0.3387987,0.02118899,0.9406202,moving,23.79276,9.840696,0.06736723,5.683908,22.30863203445702,21.101508005242515
05/11/2023 12:34:10.513786,4181,True,True,True,True,Eyes,1.325699,-0.2674621,-3.571898,0.3967882,0.1551398,0.9047047,0.0,0.0,0.0,0.0,0.0,0.0,0.0,-2.448619,0.01891625,2.928874,1.314507,-0.2693352,-3.574064,-0.01650185,0.1700736,-0.0370042,0.9845982,358.8593,19.64529,355.4978,0.3474498,-0.06981055,-0.9350958,0,0,0,1.682266,-0.1427127,-2.572411,0.001300633,0.1057837,1.069297,0.9394114,-0.07848158,-0.3336869,0.06725546,0.9967168,-0.04508225,0.3361295,0.0199085,0.9416054,moving,23.68144,9.730502,0.06969135,5.649791,22.19291437661809,20.989342418357573
05/11/2023 12:34:10.523653,4182,True,True,True,True,Eyes,1.325486,-0.2675312,-3.571699,0.3946704,0.1533594,0.9059339,0.0,0.0,0.0,0.0,0.0,0.0,0.0,-2.439765,0.02520767,2.936009,1.314338,-0.2694809,-3.573952,-0.01559647,0.168585,-0.03703797,0.9848676,358.9553,19.46789,355.5134,0.3474149,-0.0698323,-0.9351072,0,0,0,1.678639,-0.1451369,-2.572302,0.001410186,0.1053239,1.067888,0.9404145,-0.07821366,-0.3309125,0.06769634,0.9967698,-0.04320901,0.3332232,0.01823282,0.9426717,moving,23.54037,9.608125,0.07566117,5.632766,22.04684050954925,20.864659555330572
05/11/2023 12:34:10.544508,4183,True,True,True,True,Eyes,1.325277,-0.2675993,-3.571501,0.3925177,0.1515847,0.907167,0.0,0.0,0.0,0.0,0.0,0.0,0.0,-2.43012,0.03184672,2.943644,1.314246,-0.2695373,-3.573743,-0.01458741,0.1669557,-0.03714665,0.9851565,359.0638,19.27379,355.5222,0.3473802,-0.06985416,-0.9351185,0,0,0,1.675402,-0.1473004,-2.572205,0.002107471,0.1053128,1.066471,0.9414918,-0.07806142,-0.3278712,0.06831961,0.9968146,-0.04114545,0.3300387,0.01633807,0.943826,moving,23.39742,9.4863,0.1132231,5.639611,21.898891900677484,20.740522315638245
05/11/2023 12:34:10.564100,4184,True,True,True,True,Eyes,1.32506,-0.2676655,-3.571297,0.3901098,0.149742,0.9085107,0.0,0.0,0.0,0.0,0.0,0.0,0.0,-2.420793,0.03785831,2.951033,1.314143,-0.269568,-3.573601,-0.01369638,0.1653868,-0.03720819,0.9854314,359.1585,19.08735,355.5338,0.3473457,-0.06987607,-0.9351296,0,0,0,1.672167,-0.1494621,-2.572108,0.002674252,0.1050011,1.065159,0.9425255,-0.07786264,-0.3249355,0.06880185,0.9968559,-0.03930117,0.326974,0.0146862,0.9449192,moving,23.23844,9.359421,0.1438499,5.629909,21.734636434529577,20.61116781155176
05/11/2023 12:34:10.574311,4185,True,True,True,True,Eyes,1.324845,-0.2677311,-3.571096,0.3876761,0.1479237,0.9098493,0.0,0.0,0.0,0.0,0.0,0.0,0.0,-2.411337,0.04300156,2.958308,1.313947,-0.2695815,-3.573353,-0.01303272,0.1638334,-0.03710198,0.985704,359.2244,18.90374,355.5597,0.3473114,-0.069898,-0.9351407,0,0,0,1.66874,-0.1517524,-2.572005,0.003199279,0.1039993,1.063782,0.9435641,-0.07741351,-0.3220154,0.06887273,0.9969072,-0.03784989,0.3239495,0.01353572,0.9459775,moving,23.07829,9.234378,0.172314,5.583703,21.569263429422946,20.483661989439973
05/11/2023 12:34:10.593942,4186,True,True,True,True,Eyes,1.324635,-0.2677997,-3.570891,0.3850903,0.1460524,0.9112487,0.0,0.0,0.0,0.0,0.0,0.0,0.0,-2.401782,0.04776457,2.965795,1.313803,-0.269622,-3.573234,-0.01234989,0.1622459,-0.037138,0.985974,359.2951,18.71628,355.5696,0.3472773,-0.06991994,-0.9351518,0,0,0,1.665329,-0.1540325,-2.571903,0.003672689,0.1031176,1.06252,0.9445941,-0.07724162,-0.3190232,0.06922675,0.9969365,-0.03640431,0.3208578,0.01230236,0.9470475,moving,22.90874,9.105766,0.1980468,5.543195,21.3943081245882,20.352484675738047
05/11/2023 12:34:10.613710,4187,True,True,True,True,Eyes,1.324426,-0.2678741,-3.570688,0.3824924,0.1441896,0.9126385,0.0,0.0,0.0,0.0,0.0,0.0,0.0,-2.392705,0.0519166,2.972694,1.313761,-0.2697412,-3.572942,-0.01181501,0.1607412,-0.03709413,0.9862285,359.348,18.53913,355.5856,0.3472434,-0.06994196,-0.9351627,0,0,0,1.662039,-0.1562316,-2.571804,0.004047096,0.1020552,1.061144,0.9455726,-0.07696488,-0.3161786,0.06936825,0.9969689,-0.03522971,0.3179317,0.01137949,0.9480453,moving,22.73886,8.978066,0.2185192,5.493507,21.21905060695068,20.22222733630444
05/11/2023 12:34:10.623602,4188,True,True,True,True,Eyes,1.324214,-0.2679475,-3.57048,0.3797863,0.1423148,0.9140617,0.0,0.0,0.0,0.0,0.0,0.0,0.0,-2.383784,0.05880524,2.979511,1.313607,-0.2699434,-3.572806,-0.01090002,0.1592629,-0.03701624,0.9864818,359.4434,18.36333,355.6122,0.3472098,-0.0699642,-0.9351736,0,0,0,1.65838,-0.1586766,-2.571694,0.004064381,0.1015848,1.059782,0.9465303,-0.07650363,-0.313413,0.06955976,0.997022,-0.03329598,0.3150268,0.009714723,0.949033,moving,22.56255,8.849611,0.2197346,5.475327,21.03729396707005,20.091163701675463
05/11/2023 12:34:10.643898,4189,True,True,True,True,Eyes,1.324004,-0.2680244,-3.570271,0.3770687,0.140452,0.9154738,0.0,0.0,0.0,0.0,0.0,0.0,0.0,-2.374606,0.06603842,2.9863,1.313459,-0.2699709,-3.57254,-0.009880463,0.1577479,-0.0369905,0.9867369,359.5515,18.18293,355.6345,0.3471764,-0.06998661,-0.9351843,0,0,0,1.655131,-0.1608481,-2.571596,0.004552811,0.1014812,1.058403,0.9474946,-0.07611702,-0.3105804,0.06988253,0.9970682,-0.03116918,0.3120423,0.007828485,0.950036,moving,22.38596,8.722312,0.2464612,5.476861,20.855293500125335,19.961267096829815
05/11/2023 12:34:10.663933,4190,True,True,True,True,Eyes,1.323795,-0.2681035,-3.570059,0.3743025,0.1385321,0.9169005,0.0,0.0,0.0,0.0,0.0,0.0,0.0,-2.365339,0.07307047,2.993178,1.313303,-0.2701222,-3.572332,-0.008995992,0.1562283,-0.036814,0.9869938,359.6416,18.00265,355.6711,0.3471432,-0.07000928,-0.935195,0,0,0,1.651908,-0.1630027,-2.5715,0.005085647,0.1011815,1.057132,0.9484749,-0.07548123,-0.3077303,0.0698595,0.9971276,-0.02926075,0.309055,0.006255202,0.9510236,moving,22.20656,8.591686,0.2756362,5.467307,20.670354049094733,19.82798763920814
05/11/2023 12:34:10.674004,4191,True,True,True,True,Eyes,1.323587,-0.268189,-3.569846,0.3715226,0.1365989,0.9183201,0.0,0.0,0.0,0.0,0.0,0.0,0.0,-2.355671,0.08132563,3.000116,1.313089,-0.2702144,-3.572013,-0.00788339,0.1546517,-0.03670743,0.9872554,359.7587,17.8149,355.7035,0.3471102,-0.07003225,-0.9352055,0,0,0,1.648455,-0.1653104,-2.571396,0.005589426,0.1011613,1.055673,0.9494708,-0.07491758,-0.3047826,0.07004087,0.9971809,-0.02691957,0.3059401,0.004212107,0.9520414,moving,22.02666,8.460634,0.3033588,5.473737,20.484897117940314,19.694274095237557
05/11/2023 12:34:10.693915,4192,True,True,True,True,Eyes,1.323366,-0.2682742,-3.569625,0.3687155,0.1345892,0.9197471,0.0,0.0,0.0,0.0,0.0,0.0,0.0,-2.346058,0.09051184,3.007076,1.312924,-0.2704392,-3.571803,-0.006660074,0.1530701,-0.03658537,0.9875155,359.8881,17.62622,355.7392,0.3470775,-0.07005565,-0.9352158,0,0,0,1.644981,-0.1676322,-2.571292,0.00598368,0.1014725,1.054287,0.9504621,-0.07429615,-0.3018308,0.07021832,0.9972343,-0.0243541,0.3028054,0.0019536,0.9530504,moving,21.84525,8.325168,0.3251827,5.497642,20.297774321557604,19.556087239367997
05/11/2023 12:34:10.713617,4193,True,True,True,True,Eyes,1.323145,-0.2683626,-3.569405,0.3658913,0.1325621,0.9211681,0.0,0.0,0.0,0.0,0.0,0.0,0.0,-2.336237,0.09942964,3.014107,1.312842,-0.2705146,-3.571554,-0.005415503,0.1514453,-0.03653767,0.9877753,0.02110283,17.43259,355.7664,0.3470449,-0.07007945,-0.9352262,0,0,0,1.641721,-0.1698108,-2.571194,0.006580979,0.1018553,1.052903,0.9514587,-0.07382232,-0.2987921,0.07054171,0.9972713,-0.02176552,0.2995836,-0.0003683154,0.95407,moving,21.66316,8.189016,0.3581122,5.525464,20.10994423757326,19.417202196355397
05/11/2023 12:34:10.724262,4194,True,True,True,True,Eyes,1.322924,-0.2684497,-3.569178,0.363115,0.1304681,0.9225647,0.0,0.0,0.0,0.0,0.0,0.0,0.0,-2.326147,0.1085014,3.021296,1.312636,-0.2706606,-3.57137,-0.004117098,0.14979,-0.03657155,0.9880327,0.1616001,17.23533,355.7849,0.3470122,-0.0701037,-0.9352365,0,0,0,1.638294,-0.1721011,-2.571091,0.007152855,0.1023284,1.051572,0.9524509,-0.07350118,-0.2956936,0.07103438,0.9972911,-0.01909176,0.2962959,-0.002820448,0.955092,moving,21.48425,8.04933,0.3897234,5.557951,19.925199558979685,19.274764929684462
05/11/2023 12:34:10.744474,4195,True,True,True,True,Eyes,1.322702,-0.2685452,-3.568949,0.360322,0.1283563,0.923955,0.0,0.0,0.0,0.0,0.0,0.0,0.0,-2.316242,0.1160187,3.028101,1.312482,-0.2706848,-3.570987,-0.00298168,0.1481719,-0.03670065,0.988276,0.285481,17.04315,355.7892,0.3469795,-0.07012833,-0.9352468,0,0,0,1.635018,-0.174291,-2.570993,0.007777959,0.1024751,1.050118,0.9533963,-0.07342433,-0.2926505,0.07165714,0.9972883,-0.01676945,0.2930883,-0.004982563,0.9560724,moving,21.30468,7.908943,0.4243675,5.573525,19.739767236017492,19.131614441876394
05/11/2023 12:34:10.763915,4196,True,True,True,True,Eyes,1.322476,-0.2686338,-3.568711,0.3575712,0.1261945,0.9253204,0.0,0.0,0.0,0.0,0.0,0.0,0.0,-2.306324,0.1266316,3.034876,1.312263,-0.270962,-3.57074,-0.001604604,0.1465637,-0.03649905,0.9885265,0.4312398,16.85134,355.8348,0.3469469,-0.07015352,-0.935257,0,0,0,1.631542,-0.1766142,-2.570889,0.008254707,0.1031159,1.048733,0.9543738,-0.07263088,-0.289647,0.07169019,0.9973305,-0.01387126,0.2898813,-0.007526483,0.957033,moving,21.12801,7.766043,0.4509726,5.615514,19.55717204206198,18.985942254091942
05/11/2023 12:34:10.773619,4197,True,True,True,True,Eyes,1.322252,-0.2687194,-3.56847,0.3547984,0.1240534,0.9266762,0.0,0.0,0.0,0.0,0.0,0.0,0.0,-2.29565,0.1372121,3.041945,1.312084,-0.27086,-3.570342,-0.0002183703,0.144845,-0.03622937,0.9887909,0.5766024,16.64692,355.8876,0.3469143,-0.07017905,-0.9352672,0,0,0,1.628188,-0.1788557,-2.570788,0.00911355,0.1034683,1.047237,0.9554147,-0.0717098,-0.286427,0.07158329,0.9973748,-0.01092713,0.2864586,-0.01006344,0.9580397,moving,20.95045,7.62481,0.4986023,5.642582,19.373735665684777,18.841949729773322
05/11/2023 12:34:10.794292,4198,True,True,True,True,Eyes,1.322037,-0.2688076,-3.56823,0.3520622,0.1219338,0.9280003,0.0,0.0,0.0,0.0,0.0,0.0,0.0,-2.285255,0.144089,3.049034,1.311932,-0.2708616,-3.570046,0.0006878327,0.1431717,-0.03612149,0.9890383,0.6705899,16.44974,355.9137,0.3468818,-0.07020482,-0.9352773,0,0,0,1.624738,-0.1811617,-2.570684,0.009700418,0.1029007,1.045913,0.9563942,-0.07125411,-0.2832543,0.07164803,0.9973896,-0.008982562,0.2831548,-0.01170373,0.9590028,moving,20.77561,7.485452,0.5313795,5.618881,19.19309979927641,18.699871259196545
05/11/2023 12:34:10.813864,4199,True,True,True,True,Eyes,1.321819,-0.2689006,-3.567987,0.3493168,0.1198446,0.9293089,0.0,0.0,0.0,0.0,0.0,0.0,0.0,-2.275786,0.1506438,3.055377,1.311761,-0.2709756,-3.569745,0.00149062,0.1416611,-0.03593409,0.9892617,0.7523239,16.27195,355.9469,0.3468496,-0.07023088,-0.9352873,0,0,0,1.62143,-0.1833726,-2.570585,0.01009673,0.1022979,1.044664,0.9572817,-0.07067411,-0.280387,0.07151876,0.997413,-0.007231699,0.2801727,-0.01313015,0.9598598,moving,20.60068,7.348361,0.5537492,5.592811,19.012448029277714,18.560084479889248
05/11/2023 12:34:10.823922,4200,True,True,True,True,Eyes,1.321598,-0.2689972,-3.567733,0.3466627,0.1177468,0.93057,0.0,0.0,0.0,0.0,0.0,0.0,0.0,-2.266562,0.1574631,3.061385,1.31152,-0.2712019,-3.56939,0.002291393,0.140208,-0.03569942,0.9894757,0.8334103,16.10094,355.9853,0.3468175,-0.07025731,-0.9352972,0,0,0,1.617862,-0.1857571,-2.570478,0.01020843,0.101595,1.043333,0.9581346,-0.07000487,-0.2776284,0.07128995,0.9974406,-0.005476132,0.2773012,-0.01454524,0.9606729,moving,20.43173,7.211421,0.560589,5.561664,18.83782237889222,18.4204902569821
05/11/2023 12:34:10.844256,4201,True,True,True,True,Eyes,1.321372,-0.2690973,-3.567478,0.3439817,0.1156167,0.9318312,0.0,0.0,0.0,0.0,0.0,0.0,0.0,-2.255947,0.1674789,3.068132,1.311274,-0.271333,-3.568994,0.003506637,0.1385323,-0.03533862,0.9897211,0.9587325,15.90285,356.0441,0.3467857,-0.0702842,-0.935307,0,0,0,1.614378,-0.1880853,-2.570374,0.01088539,0.1016887,1.041915,0.95912,-0.0689792,-0.2744644,0.07092232,0.9974778,-0.002849892,0.2739687,-0.01673226,0.961593,moving,20.26142,7.072814,0.598575,5.574293,18.661772430715317,18.27920136867848
05/11/2023 12:34:10.863739,4202,True,True,True,True,Eyes,1.321129,-0.2691987,-3.567209,0.341358,0.1134617,0.9330601,0.0,0.0,0.0,0.0,0.0,0.0,0.0,-2.245434,0.1806484,3.074638,1.310958,-0.2714971,-3.568709,0.005110882,0.1368805,-0.0348359,0.9899617,1.12627,15.70647,356.1246,0.3467539,-0.0703116,-0.9353167,0,0,0,1.611344,-0.1901132,-2.570282,0.01195902,0.1029022,1.040663,0.9601004,-0.06757324,-0.271369,0.07037156,0.9975207,0.0005824463,0.2706568,-0.01965586,0.9624752,moving,20.09494,6.933226,0.6583989,5.647132,18.489546501575767,18.136946072657945
05/11/2023 12:34:10.874204,4203,True,True,True,True,Eyes,1.320884,-0.2693066,-3.56694,0.3386909,0.1112601,0.9342963,0.0,0.0,0.0,0.0,0.0,0.0,0.0,-2.233812,0.1948826,3.081592,1.310704,-0.2716348,-3.568245,0.006684544,0.1350763,-0.03398303,0.9902297,1.284626,15.49331,356.2437,0.3467219,-0.07033952,-0.9353265,0,0,0,1.607806,-0.192478,-2.570176,0.01293904,0.1035489,1.039128,0.961199,-0.06549615,-0.2679674,0.06910785,0.9976009,0.004057864,0.2670588,-0.02241907,0.9634194,moving,19.92604,6.791054,0.7134002,5.690728,18.31479875932628,17.99206181333172
05/11/2023 12:34:10.894355,4204,True,True,True,True,Eyes,1.320641,-0.2694166,-3.566673,0.3360902,0.1090223,0.9354985,0.0,0.0,0.0,0.0,0.0,0.0,0.0,-2.222091,0.2111644,3.088596,1.310439,-0.2718786,-3.567987,0.008552131,0.1332478,-0.03313911,0.9904917,1.476851,15.2768,356.3656,0.3466897,-0.07036809,-0.9353362,0,0,0,1.604505,-0.194684,-2.570077,0.01410994,0.105082,1.037794,0.9622936,-0.06336892,-0.2645286,0.06792713,0.9976573,0.0081102,0.2633949,-0.02577306,0.9643437,moving,19.76149,6.647225,0.7789502,5.781788,18.144376334205447,17.845531071738286
05/11/2023 12:34:10.913959,4205,True,True,True,True,Eyes,1.320398,-0.269526,-3.566406,0.333455,0.1067681,0.9367007,0.0,0.0,0.0,0.0,0.0,0.0,0.0,-2.210911,0.2257634,3.094456,1.30985,-0.271985,-3.567222,0.01028912,0.1315787,-0.03247465,0.9907203,1.657983,15.07932,356.4646,0.3466573,-0.07039729,-0.9353461,0,0,0,1.601241,-0.1968656,-2.569979,0.01539302,0.1062927,1.036103,0.9632649,-0.06163893,-0.2613837,0.06705424,0.9976791,0.01184134,0.2600471,-0.02893323,0.9651623,moving,19.59516,6.50269,0.8511603,5.85742,17.97213839422028,17.698274585598487
05/11/2023 12:34:10.923704,4206,True,True,True,True,Eyes,1.320142,-0.2696346,-3.566112,0.3309048,0.1045371,0.9378561,0.0,0.0,0.0,0.0,0.0,0.0,0.0,-2.19987,0.2388569,3.100971,1.309627,-0.2720609,-3.566981,0.01178492,0.1298685,-0.03176662,0.9909523,1.81128,14.87828,356.5644,0.3466247,-0.07042704,-0.9353559,0,0,0,1.597718,-0.19922,-2.569874,0.0160397,0.1067552,1.034829,0.9642501,-0.05989742,-0.2581358,0.06601937,0.997704,0.01510561,0.2566383,-0.03160755,0.9659906,moving,19.43443,6.360157,0.8880049,5.88992,17.805604964533323,17.55307977252266
05/11/2023 12:34:10.949634,4207,True,True,True,True,Eyes,1.319884,-0.2697442,-3.565819,0.3283214,0.102283,0.9390119,0.0,0.0,0.0,0.0,0.0,0.0,0.0,-2.189557,0.2506149,3.106774,1.309426,-0.2721609,-3.566559,0.01310294,0.1282865,-0.03109356,0.9911631,1.945684,14.69284,356.6572,0.3465919,-0.07045732,-0.9353658,0,0,0,1.594508,-0.2013655,-2.569777,0.01672226,0.107103,1.033492,0.9651516,-0.05827571,-0.2551204,0.06499943,0.997723,0.01799652,0.2534907,-0.03395205,0.9667418,moving,19.27195,6.216502,0.9269847,5.916565,17.637272515887666,17.406738773902735
05/11/2023 12:34:10.963706,4208,True,True,True,True,Eyes,1.319632,-0.2698489,-3.565523,0.325759,0.1000889,0.9401401,0.0,0.0,0.0,0.0,0.0,0.0,0.0,-2.178656,0.2635166,3.112967,1.309145,-0.2722751,-3.566308,0.01465075,0.1266071,-0.03054629,0.9913743,2.108015,14.49552,356.7384,0.3465589,-0.07048813,-0.9353757,0,0,0,1.591071,-0.2036626,-2.569674,0.01738352,0.1078182,1.03225,0.9660751,-0.05685584,-0.2519251,0.06427539,0.9977046,0.021314,0.2501349,-0.03678351,0.967512,moving,19.11123,6.076918,0.964793,5.962904,17.470846347925367,17.26452592744986
05/11/2023 12:34:10.983859,4209,True,True,True,True,Eyes,1.319376,-0.2699516,-3.565232,0.3231569,0.0978871,0.9412692,0.0,0.0,0.0,0.0,0.0,0.0,0.0,-2.16717,0.2757036,3.119409,1.308965,-0.2722414,-3.565929,0.01611275,0.1248332,-0.03000057,0.9915932,2.260603,14.2878,356.8175,0.3465258,-0.07051925,-0.9353856,0,0,0,1.587534,-0.2060264,-2.569568,0.01808307,0.1081314,1.030874,0.9670333,-0.05547392,-0.2485343,0.06351954,0.9976807,0.02446445,0.2466007,-0.03944472,0.9683141,moving,18.94839,5.937121,1.00495,5.988025,17.30227857412404,17.12208356955129
05/11/2023 12:34:10.998582,4210,True,True,True,True,Eyes,1.319115,-0.2700518,-3.564941,0.3206023,0.09569398,0.9423677,0.0,0.0,0.0,0.0,0.0,0.0,0.0,-2.155553,0.2869415,3.126103,1.308644,-0.2722763,-3.565751,0.01744079,0.1230569,-0.02949203,0.9918079,2.398772,14.08033,356.8898,0.3464924,-0.07055061,-0.9353956,0,0,0,1.584292,-0.2081934,-2.569471,0.01913211,0.108477,1.029821,0.9679744,-0.05420844,-0.2451264,0.06279328,0.9976521,0.02733744,0.2430689,-0.04185423,0.9691056,moving,18.78879,5.7983,1.064324,6.013126,17.137005258765342,16.98064970298793
05/11/2023 12:34:11.014034,4211,True,True,True,True,Eyes,1.31885,-0.2701549,-3.564651,0.3180073,0.09353479,0.943463,0.0,0.0,0.0,0.0,0.0,0.0,0.0,-2.143987,0.2983294,3.132567,1.308298,-0.2723107,-3.56551,0.01871088,0.121314,-0.0288261,0.9920192,2.528545,13.87747,356.9789,0.3464588,-0.07058213,-0.9354057,0,0,0,1.580835,-0.2105042,-2.569367,0.0199701,0.1084976,1.028701,0.968904,-0.0526523,-0.2417703,0.06173187,0.9976379,0.03012908,0.2396128,-0.04411711,0.9698656,moving,18.6271,5.661795,1.112139,6.020752,16.96970389456527,16.841543739303606
05/11/2023 12:34:11.023890,4212,True,True,True,True,Eyes,1.318594,-0.2702583,-3.564365,0.3154439,0.09137242,0.944535,0.0,0.0,0.0,0.0,0.0,0.0,0.0,-2.132157,0.3071629,3.139325,1.307974,-0.2724765,-3.565216,0.01953849,0.1195479,-0.02807433,0.9922392,2.607064,13.67344,357.0712,0.3464249,-0.07061386,-0.9354158,0,0,0,1.577406,-0.2127958,-2.569264,0.02088739,0.107742,1.027634,0.9698403,-0.05104132,-0.2383372,0.06038446,0.9976601,0.03206125,0.2361431,-0.04548616,0.9706531,moving,18.46764,5.525486,1.164418,5.985294,16.804654332729903,16.70265083083549
05/11/2023 12:34:11.043842,4213,True,True,True,True,Eyes,1.318334,-0.2703577,-3.564078,0.3128206,0.0891946,0.9456149,0.0,0.0,0.0,0.0,0.0,0.0,0.0,-2.119005,0.3213464,3.14631,1.307517,-0.2725541,-3.564944,0.02111753,0.1175937,-0.02722893,0.9924638,2.769649,13.44646,357.1834,0.3463908,-0.07064579,-0.935426,0,0,0,1.574161,-0.2149643,-2.569167,0.02247368,0.1085517,1.026499,0.9708606,-0.04908088,-0.234565,0.05901403,0.9976252,0.03551287,0.232265,-0.04832067,0.9714516,moving,18.30483,5.388449,1.254206,6.036562,16.636207729207122,16.562999464368446
05/11/2023 12:34:11.063965,4214,True,True,True,True,Eyes,1.318086,-0.2704476,-3.563783,0.310236,0.08704361,0.9466664,0.0,0.0,0.0,0.0,0.0,0.0,0.0,-2.105519,0.3341778,3.153551,1.307195,-0.2725424,-3.56465,0.02255781,0.1155702,-0.02647838,0.9926901,2.917963,13.21186,357.2822,0.3463564,-0.07067778,-0.9354363,0,0,0,1.570981,-0.2170901,-2.569071,0.0241178,0.1090553,1.025359,0.9718848,-0.04735563,-0.2306453,0.05778366,0.9975801,0.03866561,0.2282561,-0.05090605,0.9722694,moving,18.1447,5.253432,1.347424,6.071048,16.470526139348664,16.42540850260669
05/11/2023 12:34:11.073723,4215,True,True,True,True,Eyes,1.317833,-0.2705425,-3.56349,0.3075982,0.08488242,0.9477227,0.0,0.0,0.0,0.0,0.0,0.0,0.0,-2.091408,0.342557,3.161311,1.306998,-0.2723954,-3.564095,0.02331196,0.1134661,-0.02563446,0.9929374,2.987147,12.96991,357.3819,0.3463222,-0.0707096,-0.9354466,0,0,0,1.567555,-0.2193796,-2.568968,0.02566579,0.1078111,1.024059,0.9729367,-0.0456166,-0.2265247,0.05619707,0.9975989,0.04047736,0.2241343,-0.05211192,0.973164,moving,17.98165,5.118018,1.435693,6.009862,16.30189137531702,16.287396642619065
05/11/2023 12:34:11.094523,4216,True,True,True,True,Eyes,1.317578,-0.2706313,-3.563205,0.3050523,0.08271112,0.948737,0.0,0.0,0.0,0.0,0.0,0.0,0.0,-2.078313,0.3544915,3.16824,1.306639,-0.272595,-3.563872,0.02465561,0.1115104,-0.02500755,0.9931426,3.127053,12.7435,357.4644,0.346288,-0.07074139,-0.9354568,0,0,0,1.56416,-0.2216488,-2.568866,0.02693185,0.1082072,1.022993,0.9738801,-0.04417341,-0.2227247,0.05517084,0.9975334,0.04339586,0.2202584,-0.05455028,0.973915,moving,17.82442,4.982462,1.508051,6.03802,16.139111973411126,16.149280003429844
05/11/2023 12:34:11.114042,4217,True,True,True,True,Eyes,1.317317,-0.2707165,-3.562919,0.3024454,0.08056927,0.9497555,0.0,0.0,0.0,0.0,0.0,0.0,0.0,-2.064209,0.3681757,3.175624,1.306303,-0.2725252,-3.563762,0.02623644,0.1094045,-0.02427007,0.9933547,3.292576,12.49995,357.5615,0.3462537,-0.07077299,-0.9354671,0,0,0,1.560632,-0.2240062,-2.568761,0.02834511,0.1086979,1.021982,0.9748832,-0.0424768,-0.2186285,0.05395834,0.9974452,0.04681366,0.2160815,-0.05743467,0.9746846,moving,17.66385,4.848883,1.588715,6.071145,15.973034749808546,16.013140150725874
05/11/2023 12:34:11.123689,4218,True,True,True,True,Eyes,1.317062,-0.2708002,-3.562643,0.2995415,0.07846399,0.9508513,0.0,0.0,0.0,0.0,0.0,0.0,0.0,-2.050369,0.3779288,3.182974,1.305948,-0.272518,-3.563482,0.02712868,0.1073845,-0.0233259,0.9935737,3.37773,12.26845,357.6734,0.3462192,-0.07080432,-0.9354775,0,0,0,1.557058,-0.2263954,-2.568653,0.02963199,0.1077532,1.020969,0.9758489,-0.04052559,-0.2146544,0.05217839,0.9974399,0.04889899,0.2121232,-0.05891835,0.9754652,moving,17.48571,4.717344,1.662451,6.024701,15.789333877110865,15.878945908477576
05/11/2023 12:34:11.143657,4219,True,True,True,True,Eyes,1.316801,-0.270888,-3.562367,0.2965677,0.07638197,0.9519523,0.0,0.0,0.0,0.0,0.0,0.0,0.0,-2.034723,0.3868828,3.191647,1.305565,-0.2725601,-3.563369,0.02786777,0.1050951,-0.02234265,0.9938205,3.444826,12.00646,357.7866,0.3461845,-0.07083534,-0.935488,0,0,0,1.553834,-0.22855,-2.568557,0.03179407,0.1068093,1.020199,0.9769117,-0.03855162,-0.2101366,0.05026669,0.9974484,0.05069492,0.207646,-0.06008733,0.9763568,moving,17.30371,4.587424,1.785021,5.976784,15.601799806129756,15.74636299164396
05/11/2023 12:34:11.163723,4220,True,True,True,True,Eyes,1.31656,-0.2709712,-3.5621,0.2932541,0.07435212,0.9531389,0.0,0.0,0.0,0.0,0.0,0.0,0.0,-2.018906,0.3965834,3.200101,1.305187,-0.2727399,-3.563145,0.02878066,0.1027717,-0.02152268,0.9940555,3.534124,11.73993,357.8828,0.3461496,-0.07086621,-0.9354986,0,0,0,1.55064,-0.2306847,-2.568461,0.03402202,0.106416,1.01928,0.9779495,-0.0368738,-0.2055605,0.04870515,0.9974169,0.05279531,0.2030828,-0.061643,0.9772193,moving,17.10166,4.460475,1.911737,5.960269,15.394175707247749,15.616650536325988
05/11/2023 12:34:11.174222,4221,True,True,True,True,Eyes,1.316314,-0.2710533,-3.561835,0.2898932,0.07232856,0.954322,0.0,0.0,0.0,0.0,0.0,0.0,0.0,-2.002477,0.4059026,3.208848,1.304824,-0.2726846,-3.562927,0.0298077,0.1003324,-0.02098215,0.9942861,3.639878,11.45909,357.9475,0.3461148,-0.0708968,-0.9355091,0,0,0,1.547141,-0.2330232,-2.568356,0.03612852,0.1058815,1.018306,0.9789864,-0.03574315,-0.2007691,0.04770587,0.9973425,0.05506438,0.1982674,-0.06348514,0.9780898,moving,16.89714,4.33419,2.031948,5.936173,15.184086498594654,15.48759302000942
05/11/2023 12:34:11.198549,4222,True,True,True,True,Eyes,1.316091,-0.2711338,-3.561576,0.286338,0.07031704,0.9555448,0.0,0.0,0.0,0.0,0.0,0.0,0.0,-1.987351,0.4143965,3.216826,1.304497,-0.2727261,-3.562747,0.03082171,0.09807131,-0.02067796,0.9944871,3.74749,11.1981,357.9852,0.3460799,-0.07092708,-0.9355198,0,0,0,1.54389,-0.235196,-2.568258,0.03801292,0.1056519,1.017407,0.9799089,-0.03508247,-0.196336,0.04717337,0.997245,0.05724776,0.1937866,-0.06535942,0.9788641,moving,16.68134,4.20872,2.139721,5.928588,14.962666543182868,15.35928438640367
05/11/2023 12:34:11.213914,4223,True,True,True,True,Eyes,1.315862,-0.2712147,-3.56132,0.2827637,0.06834018,0.9567519,0.0,0.0,0.0,0.0,0.0,0.0,0.0,-1.972552,0.4212156,3.224615,1.304135,-0.2727433,-3.562495,0.0315833,0.09587917,-0.02034873,0.9946837,3.826353,10.94559,358.0228,0.3460456,-0.07095705,-0.9355302,0,0,0,1.540589,-0.2374023,-2.568159,0.03975783,0.1048402,1.016509,0.9807862,-0.03442473,-0.1920243,0.04653746,0.9971769,0.05892875,0.1894536,-0.06673282,0.9796193,moving,16.46481,4.085662,2.239819,5.888523,14.74059105981941,15.233409794516012
05/11/2023 12:34:11.223990,4224,True,True,True,True,Eyes,1.315646,-0.2712944,-3.56107,0.2791456,0.06639574,0.9579506,0.0,0.0,0.0,0.0,0.0,0.0,0.0,-1.958945,0.4272617,3.231802,1.303827,-0.2728292,-3.562325,0.03222256,0.09386696,-0.0200091,0.9948621,3.891678,10.7141,358.0607,0.3460115,-0.07098673,-0.9355405,0,0,0,1.537059,-0.2397615,-2.568053,0.04083742,0.1036809,1.015702,0.9815773,-0.03376331,-0.1880588,0.04586185,0.9971227,0.06035762,0.1854798,-0.06787039,0.9803014,moving,16.24605,3.96484,2.302401,5.828457,14.516343927767236,15.109781279549416
05/11/2023 12:34:11.243811,4225,True,True,True,True,Eyes,1.315421,-0.2713737,-3.560825,0.2755075,0.06448383,0.9591337,0.0,0.0,0.0,0.0,0.0,0.0,0.0,-1.945753,0.4334705,3.238599,1.303483,-0.2728626,-3.562142,0.03289696,0.09192862,-0.01967059,0.9950277,3.96134,10.49116,358.0988,0.3459779,-0.0710161,-0.9355507,0,0,0,1.533741,-0.2419788,-2.567954,0.04200016,0.10269,1.014926,0.9823244,-0.03309722,-0.1842373,0.04519391,0.9970617,0.06185019,0.1816489,-0.06908336,0.9809338,moving,16.02651,3.846283,2.36969,5.777517,14.291386078943527,14.988437832947628
05/11/2023 12:34:11.263755,4226,True,True,True,True,Eyes,1.315196,-0.2714537,-3.560579,0.2718926,0.06261622,0.9602882,0.0,0.0,0.0,0.0,0.0,0.0,0.0,-1.93175,0.4390337,3.245955,1.303061,-0.2729352,-3.562046,0.03351505,0.08986973,-0.0194352,0.9951998,4.025566,10.25405,358.1238,0.3459445,-0.07104518,-0.9355608,0,0,0,1.530346,-0.244248,-2.567852,0.04337159,0.1016105,1.014247,0.9830915,-0.03265983,-0.1801794,0.04470778,0.9969981,0.06321506,0.1775739,-0.07020161,0.9816003,moving,15.80875,3.730727,2.44861,5.720982,14.06831938342428,14.870140734615493
05/11/2023 12:34:11.273997,4227,True,True,True,True,Eyes,1.314966,-0.2715358,-3.560339,0.2682452,0.06075669,0.9614328,0.0,0.0,0.0,0.0,0.0,0.0,0.0,-1.91749,0.4452938,3.253102,1.302694,-0.2730194,-3.561765,0.03428146,0.08776142,-0.01929946,0.9953644,4.107763,10.01073,358.1383,0.3459113,-0.07107402,-0.935571,0,0,0,1.527001,-0.2464839,-2.567751,0.04484563,0.1008902,1.013356,0.9838509,-0.03240281,-0.1760324,0.04443717,0.9969046,0.0648576,0.173386,-0.07163258,0.9822454,moving,15.5894,3.615936,2.533946,5.68566,13.843676961367809,14.75260656949347
05/11/2023 12:34:11.293781,4228,True,True,True,True,Eyes,1.31472,-0.2716132,-3.560102,0.2646587,0.05888891,0.9625424,0.0,0.0,0.0,0.0,0.0,0.0,0.0,-1.902527,0.452105,3.260734,1.30235,-0.2731324,-3.561696,0.03515677,0.08553186,-0.01924635,0.9955289,4.203063,9.753007,358.1436,0.345878,-0.07110269,-0.9355811,0,0,0,1.523565,-0.2487803,-2.567648,0.04639705,0.100391,1.012634,0.9846277,-0.03230654,-0.1716522,0.04433463,0.9967872,0.06670681,0.1689456,-0.07329152,0.9828966,moving,15.37401,3.501026,2.623353,5.661713,13.623017862493214,14.6349784801689
05/11/2023 12:34:11.313871,4229,True,True,True,True,Eyes,1.314471,-0.2716908,-3.559869,0.2610752,0.05705843,0.9636307,0.0,0.0,0.0,0.0,0.0,0.0,0.0,-1.889464,0.4585075,3.267174,1.302043,-0.2730904,-3.561577,0.03602413,0.083588,-0.01923439,0.9956633,4.298426,9.52807,358.145,0.3458443,-0.0711311,-0.9355914,0,0,0,1.52017,-0.2510493,-2.567546,0.04737045,0.09974711,1.011913,0.9852862,-0.03227959,-0.1678368,0.04432432,0.9966646,0.06852028,0.1650652,-0.07495134,0.9834306,moving,15.15916,3.388637,2.680217,5.629617,13.402985565801158,14.519903116356229
05/11/2023 12:34:11.323840,4230,True,True,True,True,Eyes,1.314217,-0.2717676,-3.559639,0.2576305,0.05523537,0.9646634,0.0,0.0,0.0,0.0,0.0,0.0,0.0,-1.87752,0.4637313,3.273116,1.301766,-0.2731714,-3.561489,0.03654741,0.08185103,-0.01888113,0.9957953,4.351692,9.328863,358.1827,0.3458102,-0.07115926,-0.9356019,0,0,0,1.516818,-0.2532895,-2.567446,0.04797423,0.09846946,1.011319,0.9858878,-0.03162059,-0.1643939,0.04358637,0.9966156,0.06969661,0.1616336,-0.07587837,0.9839294,moving,14.95287,3.277103,2.715921,5.561209,13.19160034174656,14.405749365197238
05/11/2023 12:34:11.344092,4231,True,True,True,True,Eyes,1.31396,-0.2718425,-3.559416,0.2542059,0.0534376,0.9656727,0.0,0.0,0.0,0.0,0.0,0.0,0.0,-1.867302,0.4685858,3.278035,1.301534,-0.273231,-3.561356,0.03702446,0.08037508,-0.01851469,0.9959048,4.400166,9.159886,358.2225,0.3457755,-0.07118718,-0.9356126,0,0,0,1.513417,-0.255563,-2.567344,0.04795697,0.09702799,1.010719,0.9863941,-0.03092605,-0.1614628,0.04282942,0.9965728,0.07076943,0.1587209,-0.07672191,0.984338,moving,14.74809,3.167356,2.716555,5.483535,12.981794402448699,14.2934126183202
05/11/2023 12:34:11.363739,4232,True,True,True,True,Eyes,1.313692,-0.2719126,-3.559189,0.2512973,0.05161553,0.9665327,0.0,0.0,0.0,0.0,0.0,0.0,0.0,-1.857227,0.4745293,3.282746,1.301222,-0.273252,-3.561327,0.03767058,0.07893025,-0.01815682,0.9960027,4.468226,8.994327,358.2629,0.3457402,-0.07121484,-0.9356235,0,0,0,1.510115,-0.2577693,-2.567245,0.04802555,0.09597257,1.010226,0.9868807,-0.03022179,-0.1585974,0.04211518,0.9965025,0.07217374,0.1558615,-0.07790623,0.9847019,moving,14.57415,3.05685,2.721758,5.426874,12.803015630205964,14.180514030269183
05/11/2023 12:34:11.373611,4233,True,True,True,True,Eyes,1.313424,-0.2719838,-3.558968,0.248397,0.04982844,0.9673759,0.0,0.0,0.0,0.0,0.0,0.0,0.0,-1.847903,0.4785585,3.28702,1.300988,-0.2732126,-3.561046,0.03806087,0.0775968,-0.01781531,0.9960989,4.5075,8.841837,358.2994,0.345704,-0.07124213,-0.9356348,0,0,0,1.506643,-0.2600903,-2.567141,0.04766534,0.09420441,1.009538,0.9873227,-0.02958482,-0.1559443,0.04139843,0.9964679,0.07305995,0.153232,-0.0785896,0.9850603,moving,14.40095,2.948635,2.703212,5.33108,12.625057455841738,14.069936935284527
05/11/2023 12:34:11.393898,4234,True,True,True,True,Eyes,1.313158,-0.2720551,-3.55875,0.2458627,0.04801995,0.9681145,0.0,0.0,0.0,0.0,0.0,0.0,0.0,-1.838547,0.484175,3.291298,1.300747,-0.2733045,-3.560996,0.0385997,0.07626897,-0.01733817,0.9961891,4.562696,8.690502,358.3527,0.3456672,-0.07126912,-0.9356464,0,0,0,1.50338,-0.2622707,-2.567043,0.04746948,0.09299856,1.00907,0.9877649,-0.02865626,-0.1532951,0.0404321,0.996419,0.07426047,0.1506182,-0.07954992,0.9853863,moving,14.24961,2.83963,2.693368,5.265655,12.469083643586405,13.958706778908333
05/11/2023 12:34:11.413527,4235,True,True,True,True,Eyes,1.312892,-0.2721285,-3.558539,0.2433384,0.04623579,0.9688389,0.0,0.0,0.0,0.0,0.0,0.0,0.0,-1.83031,0.4898722,3.294816,1.300533,-0.2733734,-3.560857,0.03921313,0.07509707,-0.0169741,0.9962603,4.62779,8.556599,358.3942,0.3456296,-0.07129583,-0.9356582,0,0,0,1.499893,-0.2646015,-2.566938,0.04670574,0.0917806,1.00851,0.9881446,-0.02793166,-0.1509637,0.03971083,0.9963484,0.07558357,0.1483012,-0.08068238,0.9856455,moving,14.09905,2.732247,2.651567,5.199945,12.313948655560889,13.849121918730479
05/11/2023 12:34:11.423580,4236,True,True,True,True,Eyes,1.312631,-0.2721977,-3.558334,0.2411391,0.04442796,0.9694731,0.0,0.0,0.0,0.0,0.0,0.0,0.0,-1.822372,0.4959603,3.298201,1.300313,-0.2734894,-3.560833,0.03986884,0.07397166,-0.01659093,0.996325,4.697738,8.428151,358.4383,0.3455914,-0.07132233,-0.9356703,0,0,0,1.496411,-0.2669288,-2.566833,0.04583499,0.09070383,1.00807,0.9885058,-0.0271616,-0.1487226,0.03895826,0.9962705,0.07699011,0.1460767,-0.08189914,0.9858773,moving,13.96785,2.623853,2.603335,5.141499,12.178273545705844,13.738643862805544
05/11/2023 12:34:11.443789,4237,True,True,True,True,Eyes,1.312377,-0.2722665,-3.558132,0.2389677,0.04265628,0.9700901,0.0,0.0,0.0,0.0,0.0,0.0,0.0,-1.815869,0.5007667,3.300932,1.300216,-0.273446,-3.560754,0.04044302,0.07303018,-0.01637013,0.996375,4.760098,8.320247,358.4639,0.3455527,-0.07134853,-0.9356826,0,0,0,1.493089,-0.2691491,-2.566734,0.04462071,0.08944584,1.007622,0.9887972,-0.02671445,-0.146855,0.0385287,0.9961928,0.07820181,0.1442068,-0.08298386,0.9860619,moving,13.83847,2.517757,2.535582,5.072805,12.044506694937079,13.63050157896782
05/11/2023 12:34:11.463818,4238,True,True,True,True,Eyes,1.312103,-0.2723315,-3.557927,0.2370863,0.04090681,0.970627,0.0,0.0,0.0,0.0,0.0,0.0,0.0,-1.810667,0.5054787,3.302922,1.30011,-0.2735025,-3.560649,0.04094186,0.07230041,-0.01602915,0.9964134,4.813226,8.237395,358.5035,0.3455136,-0.07137442,-0.9356951,0,0,0,1.489847,-0.2713159,-2.566637,0.04307421,0.0881598,1.007193,0.9890314,-0.02602308,-0.1453947,0.03786354,0.9961336,0.0792722,0.1427696,-0.08390785,0.9861928,moving,13.72635,2.413287,2.448852,5.002359,11.928172184190702,13.524118516761177
05/11/2023 12:34:11.473649,4239,True,True,True,True,Eyes,1.311837,-0.2723991,-3.557726,0.235257,0.03920317,0.9711422,0.0,0.0,0.0,0.0,0.0,0.0,0.0,-1.807621,0.509729,3.303729,1.300053,-0.2734815,-3.560479,0.04137614,0.07189544,-0.01564201,0.9964309,4.859126,8.192267,358.5495,0.3454738,-0.07139997,-0.9357078,0,0,0,1.486463,-0.2735773,-2.566535,0.04069777,0.08654653,1.006741,0.9891727,-0.02522285,-0.144572,0.03712187,0.9960867,0.08020774,0.1419832,-0.0847061,0.9862381,moving,13.61744,2.311667,2.314936,4.913467,11.815163688637396,13.420638652782277
05/11/2023 12:34:11.493786,4240,True,True,True,True,Eyes,1.31156,-0.2724643,-3.557524,0.2336326,0.03747782,0.9716024,0.0,0.0,0.0,0.0,0.0,0.0,0.0,-1.805524,0.5136572,3.304159,1.299978,-0.2736101,-3.560396,0.04172991,0.07163821,-0.01521961,0.9964413,4.895772,8.164429,358.5995,0.3454334,-0.07142527,-0.9357207,0,0,0,1.483037,-0.2758673,-2.566432,0.03798221,0.08489186,1.006395,0.9892727,-0.02435198,-0.1440367,0.0363098,0.996054,0.08098219,0.1414963,-0.08534341,0.9862532,moving,13.52071,2.208987,2.161366,4.821623,11.71438405723615,13.316168173569732
05/11/2023 12:34:11.513952,4241,True,True,True,True,Eyes,1.311288,-0.272536,-3.557329,0.2320642,0.03577084,0.9720424,0.0,0.0,0.0,0.0,0.0,0.0,0.0,-1.804729,0.5184964,3.303702,1.300003,-0.2736176,-3.560261,0.04234429,0.07153602,-0.01502421,0.9964256,4.964323,8.15319,358.6263,0.3453924,-0.07145027,-0.935734,0,0,0,1.479679,-0.2781114,-2.566331,0.03490312,0.08372965,1.005967,0.9893137,-0.02388272,-0.143833,0.03599929,0.9959624,0.08223632,0.1412882,-0.08653541,0.9861791,moving,13.42739,2.107515,1.987142,4.757932,11.617077700132464,13.212941907434693
05/11/2023 12:34:11.543762,4242,True,True,True,True,Eyes,1.31101,-0.2726116,-3.557132,0.2305972,0.03400591,0.9724549,0.0,0.0,0.0,0.0,0.0,0.0,0.0,-1.803825,0.5245503,3.303157,1.299875,-0.2738386,-3.560214,0.0430254,0.07145744,-0.01465615,0.9964075,5.03914,8.14553,358.6736,0.3453507,-0.07147517,-0.9357474,0,0,0,1.47621,-0.28043,-2.566227,0.03181192,0.08281441,1.005623,0.989358,-0.02305802,-0.1436626,0.03535596,0.995868,0.08364709,0.1411403,-0.08783624,0.9860853,moving,13.34009,2.002768,1.811893,4.707763,11.525724823991359,13.106444242894915
05/11/2023 12:34:11.554216,4243,True,True,True,True,Eyes,1.310725,-0.2726813,-3.556938,0.2291178,0.03217547,0.9728668,0.0,0.0,0.0,0.0,0.0,0.0,0.0,-1.802437,0.5321121,3.302532,1.299841,-0.2739948,-3.560054,0.04398682,0.07128049,-0.01440231,0.9963819,5.14684,8.125859,358.7096,0.3453085,-0.07150009,-0.9357612,0,0,0,1.472716,-0.2827649,-2.566122,0.02880155,0.08239579,1.005109,0.9894233,-0.0224296,-0.1433122,0.0349712,0.9957155,0.08560212,0.1407782,-0.08970854,0.9859685,moving,13.25212,1.894243,1.64137,4.686455,11.433572823142441,12.996121962587825
05/11/2023 12:34:11.563912,4244,True,True,True,True,Eyes,1.310447,-0.2727518,-3.556746,0.2276687,0.03036476,0.9732651,0.0,0.0,0.0,0.0,0.0,0.0,0.0,-1.80057,0.5396575,3.302187,1.29973,-0.2739052,-3.559972,0.04499323,0.07103853,-0.01418136,0.9963574,5.259891,8.098575,358.7417,0.3452654,-0.07152487,-0.9357752,0,0,0,1.469595,-0.2848509,-2.566029,0.02635096,0.08210219,1.00472,0.9895048,-0.0218669,-0.1428356,0.03465191,0.995549,0.08764383,0.1402834,-0.09167352,0.9858583,moving,13.16604,1.786983,1.502362,4.671632,11.343365517448897,12.887091396630124
05/11/2023 12:34:11.573787,4245,True,True,True,True,Eyes,1.310176,-0.2728283,-3.556556,0.2262516,0.02856883,0.9736498,0.0,0.0,0.0,0.0,0.0,0.0,0.0,-1.797991,0.5454103,3.302463,1.299619,-0.2739885,-3.559834,0.04569758,0.07069612,-0.01393284,0.9963532,5.338052,8.060072,358.774,0.3452218,-0.07154953,-0.9357893,0,0,0,1.465172,-0.2878068,-2.565896,0.02284004,0.08046277,1.004249,0.9896159,-0.02130277,-0.14215,0.03422534,0.9954352,0.08909187,0.1396032,-0.09303186,0.9858276,moving,13.08193,1.680691,1.302876,4.580885,11.255173668814285,12.779052765000772
05/11/2023 12:34:11.594009,4246,True,True,True,True,Eyes,1.3099,-0.2729099,-3.556373,0.2247993,0.02667302,0.9740399,0.0,0.0,0.0,0.0,0.0,0.0,0.0,-1.795652,0.5516327,3.302511,1.299517,-0.2741951,-3.559679,0.04645416,0.07038877,-0.01368396,0.9963435,5.422254,8.025635,358.8069,0.3451778,-0.07157425,-0.9358037,0,0,0,1.462524,-0.2895772,-2.565817,0.0209841,0.08028679,1.003835,0.9897164,-0.02072814,-0.1415341,0.03380755,0.9953095,0.09064218,0.1389914,-0.09449497,0.9857749,moving,12.99578,1.568591,1.197533,4.572786,11.164736365152363,12.665127735793153
05/11/2023 12:34:11.613931,4247,True,True,True,True,Eyes,1.309629,-0.2729946,-3.556192,0.2233433,0.02479122,0.9744245,0.0,0.0,0.0,0.0,0.0,0.0,0.0,-1.791749,0.5615276,3.302959,1.299347,-0.2743823,-3.559723,0.0475876,0.06989219,-0.0130977,0.9963327,5.5467,7.971154,358.8804,0.3451333,-0.07159913,-0.9358183,0,0,0,1.45938,-0.291678,-2.565722,0.01907608,0.0804672,1.003548,0.9898871,-0.01944733,-0.1405183,0.03275133,0.9951278,0.09299531,0.1380252,-0.09665701,0.985701,moving,12.90951,1.457399,1.088984,4.584324,11.074208161675866,12.552120036408816
05/11/2023 12:34:11.623552,4248,True,True,True,True,Eyes,1.309358,-0.2730789,-3.556012,0.2218228,0.02284537,0.9748193,0.0,0.0,0.0,0.0,0.0,0.0,0.0,-1.786163,0.5691159,3.304501,1.29922,-0.2745294,-3.559587,0.04842812,0.06913206,-0.01260886,0.9963517,5.638188,7.88598,358.9388,0.3450885,-0.07162424,-0.9358329,0,0,0,1.455726,-0.2941206,-2.565613,0.0171774,0.07967567,1.003105,0.9901236,-0.01842985,-0.1389809,0.03182159,0.9949914,0.09475951,0.1365384,-0.09824622,0.985751,moving,12.81952,1.342509,0.9810505,4.541415,10.979812485836765,12.435348277811265
05/11/2023 12:34:11.644571,4249,True,True,True,True,Eyes,1.309094,-0.2731632,-3.555827,0.2202844,0.02090324,0.9752117,0.0,0.0,0.0,0.0,0.0,0.0,0.0,-1.780115,0.5766315,3.30625,1.29907,-0.2745803,-3.559442,0.04938874,0.06827489,-0.0123845,0.9963664,5.745485,7.788173,358.9672,0.3450433,-0.07164954,-0.9358476,0,0,0,1.452522,-0.2962615,-2.565516,0.0159201,0.07939308,1.00267,0.9903703,-0.01793497,-0.1372769,0.03142301,0.9948148,0.09672745,0.1348303,-0.1001097,0.9857986,moving,12.72857,1.227922,0.909649,4.527328,10.88446019135831,12.318876498750825
05/11/2023 12:34:11.663981,4250,True,True,True,True,Eyes,1.308827,-0.2732463,-3.555639,0.2186603,0.01895859,0.9756168,0.0,0.0,0.0,0.0,0.0,0.0,0.0,-1.773247,0.5844087,3.308232,1.299013,-0.2746532,-3.559139,0.05035791,0.06729247,-0.01210502,0.9963882,5.853269,7.67629,359.0009,0.3449981,-0.07167502,-0.9358623,0,0,0,1.449175,-0.2984987,-2.565416,0.01470298,0.07902573,1.002069,0.9906504,-0.01734518,-0.135318,0.03090001,0.9946351,0.09872289,0.1328797,-0.1019812,0.9858716,moving,12.63267,1.113255,0.840619,4.509161,10.784121203776946,12.202290822938469
05/11/2023 12:34:11.673919,4251,True,True,True,True,Eyes,1.308558,-0.2733371,-3.555453,0.2170121,0.01700186,0.9760208,0.0,0.0,0.0,0.0,0.0,0.0,0.0,-1.765937,0.5890291,3.311013,1.298821,-0.2746907,-3.558919,0.05090818,0.06625359,-0.01191579,0.9964321,5.913795,7.5575,359.0207,0.3449527,-0.07170063,-0.935877,0,0,0,1.445634,-0.3008653,-2.56531,0.01353158,0.07768114,1.001639,0.990937,-0.01700086,-0.1332476,0.03049226,0.9945327,0.09987415,0.1308212,-0.103032,0.9860377,moving,12.53544,0.9979669,0.7739865,4.43464,10.68242259550179,12.08506825013629
05/11/2023 12:34:11.693879,4252,True,True,True,True,Eyes,1.30828,-0.2734331,-3.555266,0.2148813,0.0149271,0.9765261,0.0,0.0,0.0,0.0,0.0,0.0,0.0,-1.758049,0.5980542,3.313357,1.298541,-0.2749488,-3.558783,0.05206459,0.06513844,-0.01172465,0.9964482,6.04369,7.429835,359.0445,0.3449071,-0.07172657,-0.9358919,0,0,0,1.442382,-0.3030391,-2.565212,0.01285326,0.07798092,1.001207,0.9912391,-0.01658319,-0.131035,0.03014881,0.9943036,0.1022319,0.1285933,-0.1052868,0.9860925,moving,12.40997,0.8757507,0.7355093,4.453599,10.55206135754496,11.960651994429124
05/11/2023 12:34:11.713772,4253,True,True,True,True,Eyes,1.307999,-0.2735362,-3.555084,0.2127124,0.01284709,0.9770304,0.0,0.0,0.0,0.0,0.0,0.0,0.0,-1.74904,0.6081313,3.316029,1.298306,-0.2751431,-3.55861,0.0532437,0.06389067,-0.01122868,0.9964724,6.173903,7.288797,359.1024,0.3448612,-0.07175294,-0.9359068,0,0,0,1.439067,-0.3052547,-2.565113,0.01235381,0.07817064,1.000747,0.9915838,-0.01557459,-0.1285263,0.02918169,0.9940781,0.1046769,0.1261348,-0.1075465,0.9861662,moving,12.28238,0.7533457,0.7072567,4.466434,10.419559311330916,11.83603069725888
05/11/2023 12:34:11.723823,4254,True,True,True,True,Eyes,1.307712,-0.2736445,-3.554903,0.2101705,0.01066076,0.9776067,0.0,0.0,0.0,0.0,0.0,0.0,0.0,-1.737811,0.6190459,3.319771,1.297996,-0.2754007,-3.558574,0.05442819,0.06235142,-0.01051742,0.9965137,6.303117,7.115619,359.1829,0.3448148,-0.07177988,-0.9359218,0,0,0,1.435392,-0.3077109,-2.565002,0.01214825,0.07817738,1.000423,0.9920034,-0.01417415,-0.125413,0.02774885,0.9938539,0.1071653,0.1231232,-0.1097884,0.9862998,moving,12.13304,0.6247833,0.6957148,4.46826,10.264954687923439,11.705038287584504
05/11/2023 12:34:11.744179,4255,True,True,True,True,Eyes,1.307433,-0.2737509,-3.554717,0.2075981,0.008460199,0.9781777,0.0,0.0,0.0,0.0,0.0,0.0,0.0,-1.726822,0.6315205,3.322934,1.297785,-0.2756001,-3.55843,0.05593441,0.06081437,-0.00999121,0.9965307,6.470746,6.941678,359.244,0.3447679,-0.07180747,-0.9359369,0,0,0,1.43235,-0.3097435,-2.564911,0.01245925,0.07922301,0.9999608,0.9924036,-0.01310986,-0.1223245,0.02671632,0.993543,0.1102655,0.1200891,-0.1126959,0.9863459,moving,11.98207,0.4955353,0.7138534,4.52986,10.108686254007525,11.573341761081126
05/11/2023 12:34:11.764069,4256,True,True,True,True,Eyes,1.307137,-0.2738609,-3.554529,0.2048135,0.006188712,0.9787815,0.0,0.0,0.0,0.0,0.0,0.0,0.0,-1.715131,0.6426585,3.326523,1.297695,-0.2756423,-3.558153,0.05726128,0.05916364,-0.009450174,0.9965599,6.61786,6.754863,359.3044,0.3447207,-0.07183561,-0.9359522,0,0,0,1.428949,-0.3120164,-2.564809,0.01254079,0.07949062,0.9994034,0.9928207,-0.01205976,-0.1190025,0.0256109,0.9932637,0.1130103,0.1168379,-0.1152468,0.9864417,moving,11.81881,0.3622691,0.7189259,4.547622,9.939910832189417,11.43750026242829
05/11/2023 12:34:11.773996,4257,True,True,True,True,Eyes,1.306838,-0.2739757,-3.554341,0.2019988,0.003914228,0.9793779,0.0,0.0,0.0,0.0,0.0,0.0,0.0,-1.703819,0.6536084,3.329935,1.297462,-0.27581,-3.557976,0.05857221,0.05758306,-0.008974056,0.9965807,6.763845,6.57583,359.3572,0.3446728,-0.07186434,-0.9359676,0,0,0,1.425526,-0.3143046,-2.564706,0.01257858,0.07986178,0.9989648,0.9932073,-0.01114121,-0.1158236,0.02463228,0.9929775,0.1157103,0.1137211,-0.1177774,0.9865069,moving,11.65396,0.2289898,0.7214085,4.570763,9.769534039271885,11.301634916263524
05/11/2023 12:34:11.793719,4258,True,True,True,True,Eyes,1.30653,-0.2740884,-3.554156,0.1990044,0.001619819,0.9799973,0.0,0.0,0.0,0.0,0.0,0.0,0.0,-1.690963,0.6646017,3.33401,1.29711,-0.2760216,-3.557807,0.0598025,0.05581783,-0.008327713,0.9966137,6.899584,6.376762,359.4273,0.3446243,-0.07189373,-0.9359832,0,0,0,1.422093,-0.3165987,-2.564603,0.01309874,0.08009435,0.9985667,0.99363,-0.009922934,-0.1122536,0.02327511,0.9927086,0.1182703,0.1102616,-0.1201297,0.9866161,moving,11.47876,0.09470302,0.7515365,4.585838,9.588702832922811,11.164681841462206
05/11/2023 12:34:11.813883,4259,True,True,True,True,Eyes,1.30622,-0.2742009,-3.553971,0.1959669,-0.0006667554,0.9806103,0.0,0.0,0.0,0.0,0.0,0.0,0.0,-1.676941,0.6758358,3.33861,1.296791,-0.2760566,-3.557714,0.06116092,0.05385481,-0.007851531,0.9966431,7.051239,6.15384,359.4768,0.344575,-0.07192367,-0.935999,0,0,0,1.418859,-0.3187603,-2.564506,0.01415968,0.08057888,0.9982449,0.994076,-0.009062726,-0.1083085,0.02223796,0.9923954,0.1210655,0.1063876,-0.1227569,0.986718,moving,11.30122,-0.03895764,0.8126618,4.614941,9.405536162768724,11.028346269839616
05/11/2023 12:34:11.823926,4260,True,True,True,True,Eyes,1.305907,-0.2743158,-3.55379,0.192772,-0.002947587,0.9812391,0.0,0.0,0.0,0.0,0.0,0.0,0.0,-1.662318,0.685527,3.343638,1.296483,-0.2761439,-3.557533,0.06225356,0.0518179,-0.007298733,0.9966877,7.172156,5.922963,359.5324,0.344525,-0.07195409,-0.9360151,0,0,0,1.415456,-0.3210349,-2.564404,0.01519936,0.08045113,0.9978838,0.9945233,-0.008097417,-0.1042013,0.02100081,0.9921424,0.1233383,0.1023838,-0.1248511,0.9868788,moving,11.11465,-0.1721128,0.8726387,4.609316,9.213294025590963,10.89246162998164
05/11/2023 12:34:11.843984,4261,True,True,True,True,Eyes,1.305589,-0.2744245,-3.553611,0.1895284,-0.005225152,0.9818613,0.0,0.0,0.0,0.0,0.0,0.0,0.0,-1.64683,0.6949446,3.349161,1.296159,-0.2762985,-3.557458,0.06321889,0.04968323,-0.00657405,0.9967406,7.277721,5.682107,359.6059,0.3444742,-0.07198501,-0.9360314,0,0,0,1.411947,-0.3233801,-2.564299,0.01633734,0.08005843,0.997654,0.9949767,-0.006823408,-0.0998738,0.01938708,0.9919203,0.1253724,0.09821137,-0.1266789,0.9870699,moving,10.92542,-0.3049069,0.9381781,4.587965,9.018385487150024,10.75692434260389
05/11/2023 12:34:11.863786,4262,True,True,True,True,Eyes,1.305254,-0.274532,-3.553431,0.1862084,-0.007472617,0.9824818,0.0,0.0,0.0,0.0,0.0,0.0,0.0,-1.630811,0.7050824,3.354573,1.29575,-0.2762413,-3.557326,0.06436045,0.04747609,-0.005943179,0.9967791,7.404335,5.432369,359.6685,0.3444225,-0.07201622,-0.936048,0,0,0,1.408706,-0.3255458,-2.564202,0.01796724,0.07999974,0.9973783,0.9954214,-0.00573691,-0.09541134,0.01795924,0.9916449,0.1277419,0.09388132,-0.1288706,0.9872075,moving,10.7319,-0.4357751,1.032041,4.585878,8.81922090677241,10.623305837475638
05/11/2023 12:34:11.874348,4263,True,True,True,True,Eyes,1.304911,-0.2746382,-3.553254,0.1828226,-0.009693846,0.9830981,0.0,0.0,0.0,0.0,0.0,0.0,0.0,-1.613431,0.7123473,3.361134,1.295369,-0.2763051,-3.557174,0.06505174,0.04507342,-0.005287257,0.9968495,7.479429,5.160165,359.7297,0.3443696,-0.07204766,-0.9360651,0,0,0,1.405267,-0.3278443,-2.564098,0.0197626,0.07902507,0.9971453,0.9958808,-0.004676991,-0.09055071,0.01640541,0.9914806,0.1292169,0.08917493,-0.1301702,0.9874733,moving,10.53471,-0.5649471,1.135406,4.531295,8.61641697968125,10.491377985858621
05/11/2023 12:34:11.894845,4264,True,True,True,True,Eyes,1.304556,-0.2747415,-3.553076,0.1793737,-0.01184265,0.9837097,0.0,0.0,0.0,0.0,0.0,0.0,0.0,-1.595213,0.7210262,3.367712,1.294894,-0.2763669,-3.557097,0.06589224,0.04258634,-0.00450058,0.9969075,7.571324,4.879344,359.8057,0.3443155,-0.07207928,-0.9360825,0,0,0,1.401809,-0.3301559,-2.563995,0.02179124,0.0783298,0.9969786,0.9963323,-0.003361103,-0.08550237,0.01458554,0.9912759,0.1309936,0.08431616,-0.1317603,0.9876892,moving,10.33402,-0.689737,1.252131,4.49234,8.410233397186035,10.363857785955524
05/11/2023 12:34:11.913934,4265,True,True,True,True,Eyes,1.304192,-0.274856,-3.552909,0.1758471,-0.013934,0.9843189,0.0,0.0,0.0,0.0,0.0,0.0,0.0,-1.576804,0.727684,3.374629,1.294548,-0.2763911,-3.556924,0.0664029,0.04007565,-0.003602726,0.9969813,7.625278,4.596587,359.8924,0.3442599,-0.072111,-0.9361005,0,0,0,1.398555,-0.3323306,-2.563897,0.02394693,0.07705078,0.996764,0.996762,-0.001861423,-0.08038781,0.01250598,0.9911553,0.1321161,0.07943088,-0.1326937,0.9879692,moving,10.12895,-0.8110241,1.376247,4.420226,8.199755124899102,10.23985026060433
05/11/2023 12:34:11.923535,4266,True,True,True,True,Eyes,1.303816,-0.2749715,-3.552745,0.172316,-0.01602878,0.9849113,0.0,0.0,0.0,0.0,0.0,0.0,0.0,-1.556739,0.7344226,3.382406,1.294005,-0.2767706,-3.557026,0.06680888,0.03737619,-0.002563648,0.9970623,7.667084,4.293148,359.9932,0.3442029,-0.07214308,-0.9361191,0,0,0,1.394866,-0.3347957,-2.563786,0.02621609,0.07564716,0.9968223,0.9971929,-0.0001181107,-0.07487532,0.01010635,0.99106,0.1330336,0.07419022,-0.1334169,0.9882792,moving,9.923793,-0.9323686,1.506512,4.339762,7.9891873622589795,10.115784114806493
05/11/2023 12:34:11.944207,4267,True,True,True,True,Eyes,1.303424,-0.2750888,-3.552589,0.1687138,-0.01809619,0.985499,0.0,0.0,0.0,0.0,0.0,0.0,0.0,-1.537505,0.7436056,3.388959,1.293589,-0.276891,-3.556947,0.06776639,0.03473724,-0.001886333,0.9970946,7.774237,3.994298,0.05472376,0.3441441,-0.07217553,-0.9361382,0,0,0,1.391657,-0.3369405,-2.56369,0.02871442,0.0754306,0.9966286,0.9975795,0.0009463317,-0.0695283,0.00846974,0.9908083,0.1350079,0.06901698,-0.13527,0.9884021,moving,9.714652,-1.051974,1.650324,4.328224,7.774665506450592,9.993449907522674
05/11/2023 12:34:11.964175,4268,True,True,True,True,Eyes,1.303046,-0.2752064,-3.552434,0.1651403,-0.02009069,0.9860655,0.0,0.0,0.0,0.0,0.0,0.0,0.0,-1.517923,0.7508209,3.395987,1.292868,-0.2770428,-3.557006,0.06848885,0.03207647,-0.001345431,0.9971353,7.855289,3.691774,0.09893899,0.3440833,-0.07220834,-0.9361579,0,0,0,1.388386,-0.3391266,-2.563592,0.03148437,0.07477482,0.9966275,0.9979386,0.001710607,-0.06415344,0.007076913,0.990615,0.136499,0.06378486,-0.1366716,0.9885607,moving,9.507321,-1.167217,1.809424,4.29074,7.562109879269935,9.875538836729843
05/11/2023 12:34:11.974198,4269,True,True,True,True,Eyes,1.302657,-0.2753239,-3.552287,0.1615187,-0.02207071,0.9866228,0.0,0.0,0.0,0.0,0.0,0.0,0.0,-1.500124,0.7561318,3.402466,1.292595,-0.2771612,-3.556861,0.06887448,0.02964613,-0.0006080092,0.9971846,7.89726,3.417248,0.1660789,0.3440211,-0.07224148,-0.9361783,0,0,0,1.384953,-0.3414214,-2.563489,0.03319481,0.0732537,0.996484,0.9982415,0.002871129,-0.05920909,0.005296318,0.9905119,0.1373251,0.05904157,-0.1373972,0.9887548,moving,9.29734,-1.28149,1.907928,4.204374,7.346917989026489,9.758590918613733
05/11/2023 12:34:11.993793,4270,True,True,True,True,Eyes,1.302268,-0.2754382,-3.552143,0.1580014,-0.02407626,0.9871453,0.0,0.0,0.0,0.0,0.0,0.0,0.0,-1.482389,0.7640209,3.40827,1.291979,-0.2772647,-3.556884,0.06970537,0.02725445,-4.243751e-05,0.9971952,7.99126,3.146148,0.2149373,0.3439572,-0.0722749,-0.9361991,0,0,0,1.381645,-0.3436325,-2.56339,0.0352778,0.07273845,0.996464,0.9985144,0.003714926,-0.05436193,0.003884199,0.9902824,0.1390174,0.0543501,-0.139022,0.9887967,moving,9.093569,-1.397155,2.027595,4.174991,7.137932946738243,9.640276876247615
05/11/2023 12:34:12.013702,4271,True,True,True,True,Eyes,1.301874,-0.2755553,-3.552007,0.1544578,-0.02604784,0.9876559,0.0,0.0,0.0,0.0,0.0,0.0,0.0,-1.466306,0.7709165,3.413492,1.291659,-0.2772888,-3.556827,0.07045818,0.02504717,0.0004095529,0.9972003,8.076854,2.895405,0.2515243,0.3438917,-0.07230849,-0.9362206,0,0,0,1.378224,-0.3459187,-2.563287,0.03658369,0.07192086,0.9964014,0.9987449,0.004346367,-0.04989636,0.002712743,0.990071,0.1405423,0.05001179,-0.1405013,0.9888166,moving,8.888392,-1.510734,2.102717,4.128484,6.927600981270427,9.524062731396969
05/11/2023 12:34:12.030409,4272,True,True,True,True,Eyes,1.301482,-0.2756732,-3.551878,0.1510066,-0.02807361,0.988134,0.0,0.0,0.0,0.0,0.0,0.0,0.0,-1.450961,0.776622,3.418656,1.291203,-0.2774624,-3.556887,0.07104192,0.02296041,0.0008060262,0.9972088,8.143349,2.658032,0.2818654,0.3438248,-0.0723423,-0.9362426,0,0,0,1.374883,-0.3481519,-2.563187,0.03785677,0.0709941,0.9964774,0.9989443,0.004869855,-0.04567812,0.00165475,0.9899048,0.1417243,0.04590717,-0.1416502,0.9888518,moving,8.688715,-1.627377,2.175654,4.075156,6.722705873238327,9.404787075009384
05/11/2023 12:34:12.044240,4273,True,True,True,True,Eyes,1.301088,-0.2757876,-3.551757,0.147548,-0.03007541,0.9885975,0.0,0.0,0.0,0.0,0.0,0.0,0.0,-1.435743,0.7837601,3.423354,1.290844,-0.2775853,-3.556917,0.07184483,0.02088179,0.001195367,0.9971965,8.235196,2.421695,0.3117267,0.3437564,-0.07237631,-0.9362651,0,0,0,1.371388,-0.3504876,-2.563082,0.03886147,0.07035329,0.9965193,0.9991251,0.00538453,-0.04147474,0.0006164655,0.9896737,0.1433367,0.04181826,-0.1432369,0.9888046,moving,8.488723,-1.742532,2.233244,4.038326,6.517542639370252,9.2870139189355
05/11/2023 12:34:12.063597,4274,True,True,True,True,Eyes,1.300694,-0.2758999,-3.551641,0.1442046,-0.03198951,0.9890307,0.0,0.0,0.0,0.0,0.0,0.0,0.0,-1.422456,0.7897094,3.427462,1.290435,-0.2776057,-3.556998,0.07255688,0.01906784,0.001433719,0.997181,8.317013,2.214612,0.3257949,0.3436867,-0.07241039,-0.9362881,0,0,0,1.368338,-0.3525261,-2.56299,0.03983053,0.06975349,0.9966349,0.9992687,0.005626361,-0.03782013,-9.234867e-05,0.9894668,0.1447593,0.03823623,-0.14465,0.9887438,moving,8.295501,-1.852546,2.288609,4.003547,6.319365420440846,9.174484256575449
05/11/2023 12:34:12.073584,4275,True,True,True,True,Eyes,1.300303,-0.2760116,-3.551527,0.1408533,-0.03386133,0.9894512,0.0,0.0,0.0,0.0,0.0,0.0,0.0,-1.409013,0.7939202,3.431909,1.290114,-0.2776636,-3.556984,0.07295257,0.01724566,0.001832226,0.9971847,8.362248,2.007712,0.3573372,0.3436157,-0.07244448,-0.9363115,0,0,0,1.364913,-0.3548155,-2.562887,0.04035219,0.06828301,0.9967368,0.9993985,0.006170365,-0.03412688,-0.001137905,0.9893491,0.1455576,0.03466154,-0.1454312,0.988761,moving,8.101902,-1.96003,2.318314,3.919014,6.120891991268467,9.064510306013876
05/11/2023 12:34:12.093720,4276,True,True,True,True,Eyes,1.299928,-0.2761261,-3.551424,0.1376301,-0.0356651,0.9898413,0.0,0.0,0.0,0.0,0.0,0.0,0.0,-1.395959,0.7983052,3.436082,1.289827,-0.2777932,-3.556941,0.07337688,0.01547314,0.002203758,0.9971819,8.410944,1.806348,0.3860796,0.3435435,-0.07247855,-0.9363353,0,0,0,1.361576,-0.3570451,-2.562787,0.04082858,0.06700236,0.9968022,0.9995115,0.006665836,-0.03053565,-0.002124355,0.9892219,0.1464084,0.03118247,-0.146272,0.9887528,moving,7.915804,-2.063539,2.345499,3.845483,5.930102177442298,8.9586057148734
05/11/2023 12:34:12.113673,4277,True,True,True,True,Eyes,1.299556,-0.2762412,-3.551324,0.1344289,-0.03746181,0.9902149,0.0,0.0,0.0,0.0,0.0,0.0,0.0,-1.38496,0.8027124,3.439511,1.289454,-0.2779713,-3.557069,0.07383607,0.01399613,0.002488554,0.9971691,8.463797,1.638419,0.4072194,0.3434707,-0.07251264,-0.9363594,0,0,0,1.358098,-0.3593699,-2.562683,0.04065344,0.0657879,0.997076,0.9995959,0.007029857,-0.02754553,-0.002896179,0.9890841,0.1473238,0.02828051,-0.1471844,0.9887047,moving,7.731055,-2.166581,2.334808,3.774952,5.7406860362153305,8.853182328218892
05/11/2023 12:34:12.123642,4278,True,True,True,True,Eyes,1.299194,-0.2763574,-3.551229,0.1313556,-0.03931593,0.9905554,0.0,0.0,0.0,0.0,0.0,0.0,0.0,-1.375141,0.8093104,3.44177,1.289188,-0.2780507,-3.55703,0.07465856,0.01266635,0.002706932,0.9971251,8.558506,1.487168,0.4223706,0.3433972,-0.07254678,-0.9363837,0,0,0,1.354617,-0.3616963,-2.562578,0.04007964,0.06518853,0.9971734,0.9996645,0.007289603,-0.02485568,-0.003506997,0.9888375,0.1489564,0.02566407,-0.1488193,0.9885314,moving,7.55381,-2.272922,2.301665,3.740293,5.558716795021278,8.744473170014984
05/11/2023 12:34:12.144037,4279,True,True,True,True,Eyes,1.298831,-0.2764753,-3.551142,0.1283173,-0.04115366,0.9908789,0.0,0.0,0.0,0.0,0.0,0.0,0.0,-1.366155,0.8153245,3.443848,1.288879,-0.2781829,-3.557053,0.07533522,0.01148604,0.003074457,0.9970875,8.636253,1.354392,0.4556077,0.3433234,-0.07258096,-0.9364081,0,0,0,1.351357,-0.3638753,-2.562481,0.03946625,0.06449335,0.997348,0.9997172,0.007861611,-0.02244194,-0.004400399,0.9886303,0.1503022,0.0233684,-0.150161,0.9883854,moving,7.378654,-2.378269,2.26608,3.699871,5.378883686523505,8.63678302963884
05/11/2023 12:34:12.164069,4280,True,True,True,True,Eyes,1.298477,-0.2765954,-3.551057,0.1253932,-0.04304452,0.9911729,0.0,0.0,0.0,0.0,0.0,0.0,0.0,-1.357643,0.8219005,3.445642,1.288535,-0.2783305,-3.557158,0.07606862,0.0103898,0.003502748,0.9970424,8.720501,1.23193,0.4965101,0.3432492,-0.07261521,-0.9364327,0,0,0,1.347984,-0.3661293,-2.562379,0.03860296,0.06386583,0.9976267,0.9997596,0.008565452,-0.02018524,-0.005404101,0.9884026,0.1517601,0.02125104,-0.1516145,0.9882112,moving,7.210182,-2.486671,2.215943,3.662949,5.20567987811492,8.526048372481792
05/11/2023 12:34:12.173746,4281,True,True,True,True,Eyes,1.298128,-0.2767163,-3.550977,0.1225093,-0.04493811,0.9914495,0.0,0.0,0.0,0.0,0.0,0.0,0.0,-1.349777,0.8298007,3.446714,1.288323,-0.2784888,-3.557101,0.07698547,0.009374999,0.003963158,0.9969803,8.82585,1.119338,0.5419028,0.3431748,-0.07264957,-0.9364572,0,0,0,1.344525,-0.3684413,-2.562276,0.03736037,0.0635391,0.9977452,0.9997928,0.009345858,-0.01808316,-0.006458905,0.9881151,0.1535803,0.01930359,-0.1534317,0.9879708,moving,7.044098,-2.595193,2.144427,3.643829,5.034876544421392,8.415208298617022
05/11/2023 12:34:12.193703,4282,True,True,True,True,Eyes,1.297777,-0.2768398,-3.550899,0.1197934,-0.04690165,0.9916903,0.0,0.0,0.0,0.0,0.0,0.0,0.0,-1.342225,0.838285,3.447587,1.288098,-0.2786099,-3.557152,0.07797962,0.008413797,0.004455168,0.9969096,8.940129,1.013344,0.5913251,0.3431003,-0.07268404,-0.9364818,0,0,0,1.341268,-0.3706184,-2.562178,0.03622258,0.06348205,0.9979595,0.9998187,0.01019501,-0.01608077,-0.00757059,0.9877987,0.1555522,0.01747042,-0.1554023,0.9876968,moving,6.887797,-2.707766,2.078732,3.639787,4.873790006136291,8.300337258949263
05/11/2023 12:34:12.213606,4283,True,True,True,True,Eyes,1.29743,-0.2769614,-3.550826,0.1171189,-0.04885978,0.9919152,0.0,0.0,0.0,0.0,0.0,0.0,0.0,-1.335848,0.8470103,3.447809,1.287889,-0.2787769,-3.557095,0.07898983,0.007628297,0.004999707,0.9968337,9.0562,0.9282368,0.6482527,0.3430257,-0.07271868,-0.9365065,0,0,0,1.337768,-0.3729574,-2.562073,0.0344714,0.06333397,0.9981124,0.9998336,0.01117287,-0.01441843,-0.008762637,0.9874712,0.1575557,0.01599814,-0.1574032,0.9874048,moving,6.733935,-2.819997,1.978015,3.630764,4.7151705200128795,8.185828296831119
05/11/2023 12:34:12.224062,4284,True,True,True,True,Eyes,1.297084,-0.2770833,-3.550755,0.114557,-0.05084174,0.9921148,0.0,0.0,0.0,0.0,0.0,0.0,0.0,-1.329093,0.8548551,3.448463,1.287618,-0.278836,-3.557169,0.07991824,0.006783973,0.005456083,0.9967634,9.163083,0.8355279,0.6942003,0.3429509,-0.0727534,-0.9365311,0,0,0,1.334157,-0.3753708,-2.561965,0.03278577,0.06287702,0.9984425,0.9998484,0.01196118,-0.01265195,-0.009792522,0.9871666,0.1593932,0.01439611,-0.1592451,0.9871341,moving,6.586627,-2.933603,1.88074,3.603449,4.5631048088819925,8.069972693748682
05/11/2023 12:34:12.243934,4285,True,True,True,True,Eyes,1.296742,-0.2772028,-3.550682,0.1120356,-0.05280063,0.9923004,0.0,0.0,0.0,0.0,0.0,0.0,0.0,-1.323317,0.8621296,3.448746,1.287409,-0.2789473,-3.557113,0.08077572,0.006066209,0.005880507,0.9966965,9.261835,0.757164,0.7374142,0.3428761,-0.07278821,-0.9365558,0,0,0,1.331031,-0.37746,-2.561871,0.03127513,0.06263376,0.9986056,0.9998573,0.01270217,-0.01114233,-0.01074216,0.9868814,0.1610891,0.01304234,-0.1609464,0.9868769,moving,6.441699,-3.045855,1.793849,3.58896,4.413480097408299,7.955502065014024
05/11/2023 12:34:12.263846,4286,True,True,True,True,Eyes,1.296404,-0.2773213,-3.550612,0.109537,-0.05478572,0.9924717,0.0,0.0,0.0,0.0,0.0,0.0,0.0,-1.317099,0.8683905,3.449383,1.287188,-0.2789956,-3.557022,0.0814921,0.005289007,0.00631564,0.99664,9.344473,0.6719486,0.7810663,0.3428014,-0.07282303,-0.9365805,0,0,0,1.327595,-0.3797566,-2.561768,0.02957805,0.06184368,0.998808,0.9998643,0.01345086,-0.009513124,-0.01172681,0.9866383,0.1625034,0.01157182,-0.1623698,0.9866621,moving,6.298125,-3.159594,1.696224,3.543087,4.265169693146913,7.839536874680164
05/11/2023 12:34:12.273799,4287,True,True,True,True,Eyes,1.29607,-0.277439,-3.550542,0.1070652,-0.05672998,0.9926322,0.0,0.0,0.0,0.0,0.0,0.0,0.0,-1.30995,0.873497,3.450689,1.286951,-0.2790773,-3.556979,0.08197549,0.004407188,0.006909055,0.9966008,9.400393,0.5759554,0.8417616,0.3427268,-0.07285783,-0.936605,0,0,0,1.324173,-0.3820435,-2.561665,0.02810865,0.06063022,0.9990851,0.9998657,0.0144937,-0.007651666,-0.01304858,0.9864646,0.1634545,0.009917158,-0.1633327,0.9865212,moving,6.156118,-3.270956,1.611557,3.472778,4.118515410983999,7.72598565089797
05/11/2023 12:34:12.293578,4288,True,True,True,True,Eyes,1.29574,-0.27756,-3.550471,0.1045472,-0.05869064,0.9927866,0.0,0.0,0.0,0.0,0.0,0.0,0.0,-1.302784,0.878077,3.4521,1.2867,-0.2791698,-3.556926,0.08246493,0.003488672,0.007279005,0.9965613,9.457266,0.4736253,0.8761533,0.3426524,-0.07289258,-0.9366295,0,0,0,1.320763,-0.384323,-2.561563,0.02674547,0.0594648,0.999357,0.9998697,0.01508334,-0.005752825,-0.01393256,0.9862931,0.1644135,0.008153877,-0.1643119,0.9863747,moving,6.011478,-3.383222,1.533022,3.405259,3.9691802195666197,7.611502786222141
05/11/2023 12:34:12.314169,4289,True,True,True,True,Eyes,1.295414,-0.2776801,-3.550401,0.1020521,-0.06063002,0.9929296,0.0,0.0,0.0,0.0,0.0,0.0,0.0,-1.295747,0.8848746,3.45286,1.286514,-0.2793497,-3.556832,0.08322079,0.002602267,0.007765237,0.9964975,9.544769,0.3764195,0.9243664,0.3425782,-0.07292739,-0.936654,0,0,0,1.317524,-0.3864877,-2.561465,0.02542543,0.05902286,0.9995321,0.9998658,0.0159092,-0.003893847,-0.01504295,0.986028,0.165899,0.006478764,-0.1658182,0.9861351,moving,5.868188,-3.494242,1.457138,3.37942,3.821245381852873,7.498288823462525
05/11/2023 12:34:12.324103,4290,True,True,True,True,Eyes,1.295112,-0.2777989,-3.55033,0.09901218,-0.06267361,0.9931105,0.0,0.0,0.0,0.0,0.0,0.0,0.0,-1.287946,0.8914748,3.453938,1.286295,-0.2794385,-3.556765,0.08394573,0.00161895,0.008288069,0.9964346,9.628897,0.2683652,0.9757226,0.3425044,-0.0729622,-0.9366782,0,0,0,1.31403,-0.3888224,-2.56136,0.02406875,0.05827304,0.9997952,0.9998574,0.01678884,-0.001834861,-0.01624523,0.9857689,0.1673197,0.004617853,-0.167266,0.985901,moving,5.693521,-3.611056,1.379054,3.335709,3.641526709184194,7.379007014139985
05/11/2023 12:34:12.344000,4291,True,True,True,True,Eyes,1.294811,-0.2779208,-3.550262,0.09599868,-0.06468651,0.9932774,0.0,0.0,0.0,0.0,0.0,0.0,0.0,-1.279887,0.8967125,3.455386,1.286046,-0.279523,-3.556663,0.0845078,0.00058833,0.008723977,0.9963846,9.69447,0.1538531,1.016343,0.3424314,-0.07299698,-0.9367022,0,0,0,1.310628,-0.3910964,-2.561258,0.0229286,0.05725316,1.00004,0.9998471,0.01748431,0.0003020828,-0.01728543,0.9855646,0.1684148,0.002646894,-0.1683943,0.9857162,moving,5.5204,-3.726087,1.31343,3.276657,3.463423437123967,7.261538404505064
05/11/2023 12:34:12.363651,4292,True,True,True,True,Eyes,1.294497,-0.2780451,-3.550193,0.09257346,-0.06680084,0.9934626,0.0,0.0,0.0,0.0,0.0,0.0,0.0,-1.270606,0.9025933,3.457184,1.285767,-0.2797111,-3.556656,0.08514354,-0.0006098483,0.009157847,0.9963266,9.768787,0.02001408,1.054962,0.3423592,-0.07303181,-0.9367259,0,0,0,1.307317,-0.3933093,-2.561159,0.02224762,0.05655875,1.000345,0.9998316,0.01814456,0.002774679,-0.01835226,0.9853334,0.1696503,0.0003442462,-0.1696727,0.9855004,moving,5.323599,-3.846802,1.274046,3.236016,3.2612899115696665,7.13816449543876
05/11/2023 12:34:12.373983,4293,True,True,True,True,Eyes,1.294186,-0.2781656,-3.550122,0.08917771,-0.06889801,0.9936299,0.0,0.0,0.0,0.0,0.0,0.0,0.0,-1.260352,0.9100567,3.458806,1.285513,-0.2798614,-3.556566,0.08601422,-0.001946966,0.009587216,0.9962459,9.870389,359.8703,1.091521,0.3422875,-0.07306674,-0.9367493,0,0,0,1.303961,-0.3955526,-2.561058,0.0217761,0.05625884,1.00056,0.9998086,0.01876751,0.005528586,-0.01943738,0.9850193,0.1713453,-0.002230039,-0.1714199,0.9851955,moving,5.128523,-3.966524,1.246783,3.218201,3.0609259813992464,7.01580616606491
05/11/2023 12:34:12.393648,4294,True,True,True,True,Eyes,1.293885,-0.2782875,-3.550048,0.08546765,-0.07105596,0.993804,0.0,0.0,0.0,0.0,0.0,0.0,0.0,-1.249942,0.9172386,3.460474,1.285306,-0.2798811,-3.556434,0.0868479,-0.003303806,0.01006196,0.9961653,9.96789,359.7188,1.132888,0.3422162,-0.07310169,-0.9367727,0,0,0,1.300559,-0.3978263,-2.560956,0.02124509,0.05572446,1.000781,0.9997757,0.01947289,0.008329993,-0.0206206,0.9847124,0.1729633,-0.004834554,-0.1730962,0.984893,moving,4.915372,-4.08963,1.216121,3.186994,2.842251163895374,6.889905568240598
05/11/2023 12:34:12.414171,4295,True,True,True,True,Eyes,1.293588,-0.2784061,-3.549977,0.08180808,-0.07319726,0.9939566,0.0,0.0,0.0,0.0,0.0,0.0,0.0,-1.239678,0.9235261,3.462289,1.285112,-0.2800173,-3.556294,0.08755371,-0.004648759,0.01049276,0.9960937,10.05078,359.568,1.169065,0.3421455,-0.07313667,-0.9367958,0,0,0,1.297232,-0.4000496,-2.560856,0.02075381,0.05510172,1.000991,0.9997366,0.02008951,0.01109856,-0.02171757,0.9844485,0.1743259,-0.007423839,-0.174521,0.9846255,moving,4.705151,-4.211791,1.187758,3.150789,2.6265576503090617,6.764980048973327
05/11/2023 12:34:12.423649,4296,True,True,True,True,Eyes,1.293301,-0.2785233,-3.549906,0.07795966,-0.0753641,0.9941039,0.0,0.0,0.0,0.0,0.0,0.0,0.0,-1.230187,0.9307376,3.463677,1.284907,-0.2800426,-3.556302,0.08841337,-0.005882293,0.01090875,0.9960067,10.15135,359.4302,1.204405,0.3420755,-0.07317159,-0.9368186,0,0,0,1.29386,-0.402303,-2.560755,0.02000688,0.05468471,1.001374,0.9996928,0.02069023,0.01364657,-0.02277052,0.9841281,0.1759923,-0.009788647,-0.176249,0.9842969,moving,4.484075,-4.335363,1.144585,3.1258,2.3998879496610845,6.638555412176743
05/11/2023 12:34:12.443889,4297,True,True,True,True,Eyes,1.293018,-0.2786467,-3.549833,0.07417335,-0.0774757,0.9942313,0.0,0.0,0.0,0.0,0.0,0.0,0.0,-1.220966,0.937337,3.465006,1.284757,-0.2801124,-3.556201,0.08909713,-0.007042981,0.01156592,0.9959309,10.23187,359.3032,1.268329,0.3420063,-0.07320642,-0.9368411,0,0,0,1.290365,-0.4046391,-2.56065,0.01891182,0.05386469,1.001698,0.9996333,0.02178269,0.01608962,-0.02429273,0.9838558,0.1773063,-0.01196766,-0.1776321,0.9840242,moving,4.266574,-4.455782,1.081602,3.078023,2.1769217616923227,6.515342787615277
05/11/2023 12:34:12.463659,4298,True,True,True,True,Eyes,1.292739,-0.278764,-3.549761,0.07031164,-0.07961573,0.9943428,0.0,0.0,0.0,0.0,0.0,0.0,0.0,-1.211502,0.9423654,3.466816,1.284583,-0.2803808,-3.556099,0.08947321,-0.008208279,0.0123768,0.9958785,10.27728,359.1769,1.350056,0.341938,-0.07324132,-0.9368634,0,0,0,1.287053,-0.4068527,-2.560551,0.01801818,0.05274048,1.002003,0.9995589,0.02318273,0.01856368,-0.02612041,0.9836827,0.1780057,-0.01413411,-0.1784121,0.9838543,moving,4.044748,-4.577832,1.03019,3.012985,1.949547062936654,6.3904521300735535
05/11/2023 12:34:12.483889,4299,True,True,True,True,Eyes,1.292464,-0.2788802,-3.549688,0.0665138,-0.08169245,0.9944357,0.0,0.0,0.0,0.0,0.0,0.0,0.0,-1.203031,0.9496972,3.467644,1.284414,-0.2803333,-3.556045,0.09030554,-0.009266423,0.01297136,0.9957867,10.37503,359.0615,1.407404,0.3418705,-0.07327613,-0.9368853,0,0,0,1.283618,-0.4091487,-2.560448,0.01679806,0.05216967,1.002399,0.9994918,0.02415978,0.02079753,-0.02750702,0.9833533,0.1796097,-0.01611199,-0.1800905,0.9835181,moving,3.826585,-4.696278,0.9600649,2.97926,1.7259793463331512,6.269230103003331
05/11/2023 12:34:12.493583,4300,True,True,True,True,Eyes,1.292195,-0.2789934,-3.549616,0.06264101,-0.08375408,0.9945156,0.0,0.0,0.0,0.0,0.0,0.0,0.0,-1.194097,0.952984,3.469678,1.284251,-0.2804458,-3.555947,0.09055956,-0.01040889,0.01349248,0.9957453,10.40642,358.9347,1.455626,0.3418039,-0.07331082,-0.9369069,0,0,0,1.280382,-0.4113111,-2.560351,0.01593445,0.05071484,1.00276,0.9994192,0.02498489,0.02317296,-0.02875539,0.9832339,0.1800676,-0.01828547,-0.1806294,0.9833813,moving,3.604097,-4.81386,0.9103874,2.895281,1.4980853489680634,6.1488528779374265
05/11/2023 12:34:12.514065,4301,True,True,True,True,Eyes,1.291926,-0.2791011,-3.549546,0.05883287,-0.08580454,0.9945734,0.0,0.0,0.0,0.0,0.0,0.0,0.0,-1.185058,0.9557001,3.471888,1.284052,-0.2804818,-3.555879,0.09079149,-0.0115852,0.01387438,0.9957059,10.43528,358.8026,1.487292,0.3417382,-0.07334533,-0.9369282,0,0,0,1.276846,-0.4136747,-2.560245,0.01487736,0.04896231,1.003226,0.9993466,0.02552593,0.02559025,-0.02973328,0.9831288,0.1804818,-0.02055155,-0.1811247,0.9832454,moving,3.385323,-4.930852,0.8496071,2.794097,1.2739503494510673,6.029096998279165
05/11/2023 12:34:12.524039,4302,True,True,True,True,Eyes,1.29167,-0.2792131,-3.549479,0.05504734,-0.08785516,0.9946111,0.0,0.0,0.0,0.0,0.0,0.0,0.0,-1.176688,0.962062,3.47288,1.283795,-0.2804171,-3.555881,0.09168173,-0.01271135,0.01391745,0.9956099,10.53944,358.6735,1.479397,0.3416733,-0.07337952,-0.9369491,0,0,0,1.273454,-0.4159417,-2.560143,0.01397041,0.04854494,1.003701,0.9992895,0.02538192,0.02786304,-0.03004351,0.9828016,0.1822047,-0.02275914,-0.1829123,0.9828658,moving,3.167837,-5.047902,0.7974425,2.769006,1.0511102999363544,5.909291059326978
05/11/2023 12:34:12.544170,4303,True,True,True,True,Eyes,1.29141,-0.279326,-3.549416,0.05130289,-0.08987735,0.9946306,0.0,0.0,0.0,0.0,0.0,0.0,0.0,-1.167309,0.9682214,3.474235,1.283569,-0.2806203,-3.555851,0.09238319,-0.0139222,0.01430557,0.9955234,10.62252,358.538,1.510634,0.3416095,-0.07341353,-0.9369698,0,0,0,1.270308,-0.4180443,-2.560048,0.01342457,0.04816033,1.004084,0.999203,0.02591071,0.03036293,-0.03105542,0.9825214,0.183541,-0.02507656,-0.1843376,0.9825431,moving,2.95269,-5.163369,0.7659972,2.746057,0.8306775153600019,5.791101376148229
05/11/2023 12:34:12.563737,4304,True,True,True,True,Eyes,1.291167,-0.2794402,-3.549358,0.04755083,-0.09187688,0.9946343,0.0,0.0,0.0,0.0,0.0,0.0,0.0,-1.156411,0.9741263,3.476189,1.283261,-0.2807469,-3.555914,0.09302804,-0.01532069,0.01476924,0.9954361,10.69958,358.3815,1.548491,0.3415464,-0.07344738,-0.9369901,0,0,0,1.266924,-0.4203063,-2.559947,0.01308745,0.0474533,1.004625,0.9990943,0.02655317,0.03324945,-0.03225419,0.9822553,0.1847544,-0.02775363,-0.1856595,0.9822221,moving,2.737076,-5.277579,0.7463614,2.704347,0.6098159458923758,5.674179602712632
05/11/2023 12:34:12.574062,4305,True,True,True,True,Eyes,1.290923,-0.2795533,-3.549302,0.04380757,-0.09384515,0.9946225,0.0,0.0,0.0,0.0,0.0,0.0,0.0,-1.14426,0.9822854,3.477899,1.282998,-0.2808866,-3.555984,0.09396347,-0.01688064,0.01531951,0.9953147,10.81064,358.2076,1.593992,0.3414844,-0.07348112,-0.93701,0,0,0,1.263461,-0.4226206,-2.559843,0.01295182,0.04730238,1.005167,0.9989607,0.02732314,0.03648203,-0.03366779,0.9818724,0.1865292,-0.03072414,-0.1875636,0.9817719,moving,2.521929,-5.390045,0.7382293,2.694307,0.38948206805189,5.5590243996095206
05/11/2023 12:34:12.593599,4306,True,True,True,True,Eyes,1.290684,-0.2796637,-3.54925,0.04007044,-0.09579071,0.9945947,0.0,0.0,0.0,0.0,0.0,0.0,0.0,-1.130648,0.987659,3.480721,1.282772,-0.2809635,-3.555954,0.09453699,-0.01866989,0.01578352,0.9952212,10.88042,358.0056,1.627228,0.3414232,-0.07351472,-0.9370297,0,0,0,1.260146,-0.4248357,-2.559743,0.01338253,0.04643202,1.00564,0.9988046,0.02788619,0.0401456,-0.03494617,0.9816273,0.1875811,-0.03417709,-0.1887598,0.9814284,moving,2.307096,-5.501263,0.7624169,2.64356,0.16950548205276839,5.445133213179615
05/11/2023 12:34:12.614138,4307,True,True,True,True,Eyes,1.290441,-0.2797717,-3.5492,0.0363447,-0.09771403,0.9945507,0.0,0.0,0.0,0.0,0.0,0.0,0.0,-1.116422,0.9918817,3.484089,1.282512,-0.2810012,-3.556024,0.0949901,-0.02056173,0.01612436,0.9951352,10.93639,357.7901,1.645009,0.341363,-0.07354812,-0.9370491,0,0,0,1.256676,-0.4271553,-2.559639,0.01390758,0.04520117,1.006267,0.9986345,0.02818552,0.04398672,-0.03599816,0.9814338,0.1883929,-0.0378601,-0.1897191,0.9811082,moving,2.092876,-5.611269,0.7918324,2.571977,-0.04981394144200557,5.332471635385777
05/11/2023 12:34:12.624316,4308,True,True,True,True,Eyes,1.290187,-0.2798797,-3.549155,0.03264661,-0.09963905,0.9944879,0.0,0.0,0.0,0.0,0.0,0.0,0.0,-1.103315,0.997296,3.486605,1.282197,-0.2810414,-3.556024,0.09565566,-0.02230403,0.01636023,0.9950302,11.01642,357.5911,1.651604,0.3413035,-0.07358126,-0.9370682,0,0,0,1.253191,-0.4294841,-2.559535,0.01418876,0.04438637,1.006825,0.9984698,0.02829082,0.04751626,-0.03682484,0.9811647,0.1896307,-0.04125647,-0.1910903,0.980705,moving,1.880205,-5.721446,0.8073915,2.524278,-0.2675793434754128,5.21964747785934
05/11/2023 12:34:12.643870,4309,True,True,True,True,Eyes,1.289929,-0.2799819,-3.549111,0.02894014,-0.1015225,0.9944122,0.0,0.0,0.0,0.0,0.0,0.0,0.0,-1.088965,1.001642,3.48986,1.281903,-0.2811292,-3.556114,0.09611054,-0.02419769,0.01673288,0.9949359,11.07288,357.3757,1.672607,0.3412443,-0.07361418,-0.9370871,0,0,0,1.249826,-0.4317336,-2.559434,0.01486041,0.04328509,1.007466,0.998269,0.02864498,0.05136671,-0.03794759,0.9809656,0.1904379,-0.04493388,-0.1920574,0.9803544,moving,1.666995,-5.829302,0.845068,2.460161,-0.48581095853366896,5.109166620324331
05/11/2023 12:34:12.664251,4310,True,True,True,True,Eyes,1.289637,-0.2800842,-3.549072,0.02528646,-0.1034168,0.9943167,0.0,0.0,0.0,0.0,0.0,0.0,0.0,-1.073851,1.005623,3.493228,1.281555,-0.2810831,-3.556077,0.09651076,-0.02617633,0.01718065,0.9948394,11.12352,357.1512,1.701312,0.3411853,-0.07364674,-0.937106,0,0,0,1.246478,-0.433971,-2.559333,0.01575669,0.0419303,1.008016,0.9980392,0.02913137,0.05539872,-0.03923656,0.980781,0.191126,-0.04876626,-0.1929249,0.9800009,moving,1.456775,-5.937862,0.8955393,2.381951,-0.7010552044886247,4.997993844648522
05/11/2023 12:34:12.673644,4311,True,True,True,True,Eyes,1.289346,-0.2801829,-3.549036,0.02161788,-0.1052714,0.9942085,0.0,0.0,0.0,0.0,0.0,0.0,0.0,-1.058244,1.01052,3.496565,1.281273,-0.2811488,-3.556163,0.09701851,-0.02822477,0.01764453,0.9947259,11.18688,356.9189,1.730602,0.3411256,-0.07367899,-0.9371252,0,0,0,1.243065,-0.4362522,-2.559231,0.01667463,0.04089203,1.008683,0.997784,0.0296263,0.05957551,-0.0405796,0.9805521,0.1920176,-0.05272813,-0.1940097,0.9795815,moving,1.245632,-6.044219,0.9470757,2.321502,-0.9171561944600648,4.889042492190484
05/11/2023 12:34:12.694032,4312,True,True,True,True,Eyes,1.289065,-0.2802832,-3.549002,0.01798426,-0.1071208,0.9940833,0.0,0.0,0.0,0.0,0.0,0.0,0.0,-1.042665,1.014671,3.499974,1.281029,-0.2811526,-3.556183,0.09742182,-0.03026836,0.01813767,0.9946175,11.23847,356.6873,1.763416,0.3410653,-0.07371087,-0.9371446,0,0,0,1.239762,-0.4384597,-2.559132,0.01764448,0.03964341,1.009295,0.9975097,0.03018248,0.06374488,-0.04197768,0.98036,0.1926969,-0.05667687,-0.1948929,0.9791856,moving,1.036442,-6.150366,1.001542,2.249325,-1.1312838264420753,4.780316504232593
05/11/2023 12:34:12.713714,4313,True,True,True,True,Eyes,1.288781,-0.2803788,-3.548968,0.01434394,-0.1089421,0.9939445,0.0,0.0,0.0,0.0,0.0,0.0,0.0,-1.027998,1.017373,3.503484,1.280729,-0.2812963,-3.556238,0.09762511,-0.0321895,0.0185572,0.9945295,11.26674,356.4689,1.789534,0.3410048,-0.07374245,-0.9371642,0,0,0,1.236436,-0.4406823,-2.559032,0.01840918,0.03812334,1.009948,0.9972389,0.03062636,0.06765011,-0.04319638,0.9802499,0.1929874,-0.06040352,-0.1953768,0.9788663,moving,0.8267969,-6.254984,1.044264,2.161766,-1.3458192968863654,4.673133539876749
05/11/2023 12:34:12.724051,4314,True,True,True,True,Eyes,1.288493,-0.2804722,-3.54894,0.01075083,-0.1107636,0.9937886,0.0,0.0,0.0,0.0,0.0,0.0,0.0,-1.013034,1.02231,3.506227,1.280384,-0.2812726,-3.556189,0.09815104,-0.03412578,0.01905742,0.9944037,11.33261,356.25,1.823634,0.3409439,-0.07377363,-0.9371839,0,0,0,1.232962,-0.4430041,-2.558928,0.0190915,0.03698899,1.010546,0.9969444,0.03120258,0.07161061,-0.04460051,0.9800064,0.1939028,-0.06412859,-0.1965042,0.9784036,moving,0.619803,-6.359706,1.082318,2.09626,-1.5576887544478548,4.5658630922065955
05/11/2023 12:34:12.744069,4315,True,True,True,True,Eyes,1.288201,-0.2805685,-3.548913,0.007137728,-0.1125283,0.9936229,0.0,0.0,0.0,0.0,0.0,0.0,0.0,-0.9959379,1.026002,3.51005,1.280043,-0.2813022,-3.556315,0.09846687,-0.03634684,0.0196134,0.994283,11.37524,355.9983,1.861448,0.3408825,-0.07380439,-0.9372038,0,0,0,1.229738,-0.4451594,-2.558831,0.0205976,0.03566149,1.011266,0.9965884,0.03184461,0.07614062,-0.04616045,0.9798391,0.1943821,-0.06841554,-0.1972336,0.9779664,moving,0.4115794,-6.461248,1.166847,2.019653,-1.7706915662571943,4.461799922535772
05/11/2023 12:34:12.763552,4316,True,True,True,True,Eyes,1.287906,-0.2806597,-3.548887,0.003610861,-0.1143719,0.9934314,0.0,0.0,0.0,0.0,0.0,0.0,0.0,-0.9798028,1.028589,3.51373,1.279676,-0.2814677,-3.556334,0.09860912,-0.03842802,0.02018153,0.9941792,11.3979,355.7628,1.902813,0.3408207,-0.07383485,-0.937224,0,0,0,1.226306,-0.4474531,-2.558728,0.02162468,0.03397737,1.011926,0.996232,0.03254942,0.08038884,-0.04770683,0.9797379,0.1945192,-0.07242849,-0.1976213,0.977599,moving,0.2082541,-6.567444,1.224215,1.923094,-1.978915763486116,4.353063490951138
05/11/2023 12:34:12.773927,4317,True,True,True,True,Eyes,1.287612,-0.280751,-3.548854,8.705854e-05,-0.1161576,0.9932308,0.0,0.0,0.0,0.0,0.0,0.0,0.0,-0.9653165,1.033433,3.516197,1.279412,-0.2814144,-3.556315,0.09924943,-0.04037005,0.02031026,0.9940358,11.47585,355.5389,1.892541,0.3407582,-0.0738649,-0.9372443,0,0,0,1.223039,-0.4496368,-2.55863,0.02250694,0.03318079,1.012543,0.9959155,0.03236485,0.08429012,-0.04839166,0.9794741,0.1956751,-0.07622699,-0.1989549,0.9770396,moving,0.005022082,-6.670397,1.273368,1.876896,-2.186939154372088,4.24760686122834
05/11/2023 12:34:12.793600,4318,True,True,True,True,Eyes,1.287317,-0.2808436,-3.548825,-0.003299868,-0.1179411,0.9930151,0.0,0.0,0.0,0.0,0.0,0.0,0.0,-0.9520584,1.035393,3.518974,1.279181,-0.2815053,-3.556133,0.09940584,-0.04211709,0.0206225,0.9939415,11.49862,355.3393,1.907722,0.3406954,-0.07389461,-0.9372648,0,0,0,1.219704,-0.4518654,-2.55853,0.02284046,0.03148842,1.013044,0.9956018,0.03262174,0.08782383,-0.04936848,0.9793864,0.19587,-0.07962384,-0.1993443,0.9766893,moving,-0.1903977,-6.773327,1.291593,1.78035,-2.3870958023021642,4.142225576377301
05/11/2023 12:34:12.813613,4319,True,True,True,True,Eyes,1.287017,-0.2809361,-3.548798,-0.006678474,-0.1196915,0.9927887,0.0,0.0,0.0,0.0,0.0,0.0,0.0,-0.9389643,1.037248,3.521904,1.27889,-0.2816209,-3.556189,0.09950456,-0.04380802,0.02104622,0.9938495,11.51527,355.1475,1.936714,0.3406321,-0.07392402,-0.9372855,0,0,0,1.216259,-0.4541676,-2.558426,0.02301306,0.02969174,1.013811,0.9952759,0.03311535,0.09126555,-0.05055174,0.9793118,0.1959411,-0.08288877,-0.1996291,0.9763594,moving,-0.385422,-6.874454,1.300365,1.677556,-2.5867948241380803,4.038670043232796
05/11/2023 12:34:12.824028,4320,True,True,True,True,Eyes,1.286705,-0.2810303,-3.548773,-0.009897565,-0.1214684,0.992546,0.0,0.0,0.0,0.0,0.0,0.0,0.0,-0.9263841,1.041232,3.523964,1.278517,-0.2817031,-3.556221,0.09994534,-0.04542884,0.02137583,0.9937255,11.5708,354.963,1.953907,0.3405684,-0.07395317,-0.9373064,0,0,0,1.212931,-0.4563923,-2.558327,0.02327059,0.02862246,1.01452,0.9949586,0.0334026,0.09456042,-0.0515642,0.979108,0.1966943,-0.08601476,-0.2005786,0.9758943,moving,-0.5713286,-6.977197,1.313994,1.616046,-2.777366675342819,3.933541273987289
05/11/2023 12:34:12.844249,4321,True,True,True,True,Eyes,1.286395,-0.2811284,-3.548747,-0.01309528,-0.1232116,0.992294,0.0,0.0,0.0,0.0,0.0,0.0,0.0,-0.9144005,1.044789,3.525952,1.278275,-0.2818086,-3.556212,0.1003158,-0.04697989,0.02173204,0.9936083,11.61832,354.7869,1.975194,0.3405038,-0.07398213,-0.9373275,0,0,0,1.20952,-0.4586717,-2.558224,0.02316523,0.02739112,1.015235,0.9946412,0.03376063,0.09771933,-0.05261192,0.9789289,0.1973072,-0.08899906,-0.2013911,0.9754593,moving,-0.7560873,-7.0781,1.307126,1.54547,-2.9667220863030326,3.8302806859972733
05/11/2023 12:34:12.863689,4322,True,True,True,True,Eyes,1.286074,-0.2812272,-3.548721,-0.01611637,-0.1250251,0.9920227,0.0,0.0,0.0,0.0,0.0,0.0,0.0,-0.9035259,1.048963,3.527391,1.278015,-0.2819943,-3.556167,0.1007472,-0.04836081,0.02215244,0.9934891,11.67295,354.6314,2.005519,0.3404386,-0.07401104,-0.9373489,0,0,0,1.206175,-0.4609073,-2.558124,0.02279413,0.02640915,1.015896,0.994341,0.03427199,0.1005555,-0.05376086,0.9787185,0.1980398,-0.09162828,-0.2023251,0.9750224,moving,-0.9307436,-7.183144,1.285356,1.489121,-3.1460420705659065,3.7229002577440866
05/11/2023 12:34:12.873764,4323,True,True,True,True,Eyes,1.285757,-0.281325,-3.548694,-0.01911529,-0.126803,0.9917437,0.0,0.0,0.0,0.0,0.0,0.0,0.0,-0.8939266,1.054582,3.528033,1.277792,-0.2820763,-3.556114,0.1014186,-0.04957722,0.02251972,0.9933525,11.75468,354.4946,2.030235,0.3403726,-0.0740399,-0.9373706,0,0,0,1.202688,-0.4632379,-2.558019,0.02192495,0.0257404,1.016616,0.9940699,0.03468393,0.1030632,-0.05479614,0.9784143,0.1992559,-0.09392747,-0.2037218,0.9745128,moving,-1.104207,-7.286225,1.235483,1.450401,-3.324096251155097,3.6175126830106974
05/11/2023 12:34:12.893435,4324,True,True,True,True,Eyes,1.285423,-0.2814254,-3.548666,-0.02196882,-0.1286781,0.991443,0.0,0.0,0.0,0.0,0.0,0.0,0.0,-0.8840255,1.058405,3.529268,1.277567,-0.2821433,-3.556076,0.101849,-0.05084564,0.02284248,0.993237,11.80862,354.351,2.05025,0.340306,-0.07406871,-0.9373925,0,0,0,1.199412,-0.4654273,-2.557921,0.0213738,0.02469414,1.017324,0.9937859,0.03501884,0.1056565,-0.05573315,0.97821,0.1999976,-0.09635058,-0.2046434,0.974083,moving,-1.269377,-7.395009,1.203598,1.390504,-3.4939879314186646,3.50641378031124
05/11/2023 12:34:12.913725,4325,True,True,True,True,Eyes,1.285091,-0.281529,-3.548636,-0.02479754,-0.1305305,0.9911342,0.0,0.0,0.0,0.0,0.0,0.0,0.0,-0.875336,1.063065,3.52987,1.277333,-0.2822617,-3.555988,0.1023977,-0.05194488,0.02315849,0.9931164,11.87584,354.2271,2.070747,0.3402383,-0.07409755,-0.9374148,0,0,0,1.195977,-0.4677236,-2.557818,0.0203319,0.0238459,1.018026,0.9935309,0.03536008,0.1079174,-0.05663623,0.9779568,0.2009798,-0.09843186,-0.2057916,0.9736329,moving,-1.433204,-7.502568,1.144153,1.341832,-3.662486998255707,3.3965624985728855
05/11/2023 12:34:12.923983,4326,True,True,True,True,Eyes,1.28477,-0.2816336,-3.548603,-0.02754083,-0.1324605,0.9908056,0.0,0.0,0.0,0.0,0.0,0.0,0.0,-0.8662335,1.068256,3.530384,1.277076,-0.2824357,-3.555903,0.1030238,-0.05310149,0.02344533,0.9929838,11.95198,354.0963,2.086573,0.3401699,-0.07412651,-0.9374374,0,0,0,1.192554,-0.470011,-2.557715,0.01945523,0.02321871,1.01872,0.9932611,0.03562022,0.1102887,-0.05750309,0.9776728,0.202112,-0.100627,-0.2070919,0.9731327,moving,-1.592206,-7.614702,1.094086,1.305662,-3.8262786511471214,3.282117347539364
05/11/2023 12:34:12.943671,4327,True,True,True,True,Eyes,1.284452,-0.2817407,-3.548566,-0.03025788,-0.1343718,0.990469,0.0,0.0,0.0,0.0,0.0,0.0,0.0,-0.8579689,1.073417,3.530657,1.276856,-0.2825453,-3.555795,0.1036737,-0.05415851,0.02367436,0.9928536,12.03036,353.9763,2.096588,0.340101,-0.0741556,-0.9374601,0,0,0,1.189078,-0.4723345,-2.557611,0.01829215,0.0225478,1.019438,0.9930127,0.03578072,0.1124517,-0.05823997,0.9773826,0.2033013,-0.1026341,-0.2084299,0.9726373,moving,-1.749787,-7.725852,1.027969,1.267053,-3.988607096824784,3.1686766488640234
05/11/2023 12:34:12.963926,4328,True,True,True,True,Eyes,1.284127,-0.2818477,-3.54853,-0.03288422,-0.1363279,0.9901178,0.0,0.0,0.0,0.0,0.0,0.0,0.0,-0.8494517,1.079063,3.530789,1.276619,-0.2827029,-3.555663,0.1043829,-0.05524385,0.02391903,0.9927136,12.11575,353.8533,2.107563,0.3400318,-0.07418487,-0.937483,0,0,0,1.18577,-0.474545,-2.557512,0.01737545,0.02214381,1.020084,0.992752,0.03595647,0.1146761,-0.05902251,0.9770642,0.2046018,-0.1046892,-0.2098874,0.9721047,moving,-1.902233,-7.839679,0.9758452,1.243572,-4.145853441583947,3.0525633224958106
05/11/2023 12:34:12.975218,4329,True,True,True,True,Eyes,1.283804,-0.2819569,-3.548489,-0.03548134,-0.1382742,0.9897582,0.0,0.0,0.0,0.0,0.0,0.0,0.0,-0.8412431,1.084187,3.531062,1.276384,-0.2827724,-3.55562,0.1050587,-0.05630606,0.02406008,0.9925792,12.19665,353.7316,2.10678,0.3399621,-0.07421431,-0.9375058,0,0,0,1.182303,-0.4768625,-2.557408,0.01627273,0.02150656,1.020894,0.9925015,0.03593218,0.1168319,-0.05959394,0.9767675,0.2058487,-0.106721,-0.2112676,0.9715846,moving,-2.053088,-7.953033,0.9131998,1.206838,-4.301482251013433,2.936938881092388
05/11/2023 12:34:12.994629,4330,True,True,True,True,Eyes,1.283503,-0.2820708,-3.548446,-0.03807981,-0.1402812,0.9893791,0.0,0.0,0.0,0.0,0.0,0.0,0.0,-0.8334818,1.090585,3.530697,1.27614,-0.2829216,-3.555462,0.105897,-0.05729591,0.02424393,0.992429,12.29638,353.619,2.110724,0.3398921,-0.07424396,-0.9375288,0,0,0,1.178974,-0.4790875,-2.557307,0.0151658,0.0213488,1.021543,0.9922588,0.03598583,0.118859,-0.06025568,0.9763961,0.2074123,-0.1085895,-0.2129686,0.971006,moving,-2.204146,-8.070008,0.8505492,1.197227,-4.457434797752121,2.817651689195813
05/11/2023 12:34:13.013770,4331,True,True,True,True,Eyes,1.283202,-0.2821826,-3.548396,-0.04065479,-0.1422775,0.9889916,0.0,0.0,0.0,0.0,0.0,0.0,0.0,-0.8252598,1.097416,3.530393,1.2759,-0.2831455,-3.555412,0.1067749,-0.05834082,0.02445713,0.9922689,12.40101,353.5003,2.116946,0.3398224,-0.07427393,-0.9375517,0,0,0,1.175584,-0.481353,-2.557206,0.0141212,0.02133805,1.022307,0.9919964,0.03607743,0.1210024,-0.06099478,0.9760019,0.2090452,-0.1105567,-0.2147526,0.9703909,moving,-2.353951,-8.186469,0.7913806,1.19573,-4.612108783358181,2.6988925860492348
05/11/2023 12:34:13.023958,4332,True,True,True,True,Eyes,1.282903,-0.2822981,-3.548348,-0.04324144,-0.1443291,0.9885845,0.0,0.0,0.0,0.0,0.0,0.0,0.0,-0.817063,1.103746,3.53,1.2756,-0.2831895,-3.555193,0.1076294,-0.05938901,0.02461339,0.9921104,12.50261,353.3804,2.116423,0.339753,-0.07430413,-0.9375745,0,0,0,1.172125,-0.4836648,-2.557102,0.01305593,0.02102353,1.022972,0.9917343,0.03605439,0.1231392,-0.0616224,0.9756202,0.210637,-0.1125426,-0.2164841,0.9697777,moving,-2.504565,-8.306257,0.731212,1.177344,-4.767706985980601,2.576763971843615
05/11/2023 12:34:13.043767,4333,True,True,True,True,Eyes,1.282605,-0.2824112,-3.548292,-0.04581567,-0.1463649,0.9881691,0.0,0.0,0.0,0.0,0.0,0.0,0.0,-0.807366,1.10877,3.530473,1.275487,-0.2834525,-3.55503,0.1082471,-0.06065938,0.02482082,0.9919612,12.5778,353.235,2.120318,0.3396838,-0.07433464,-0.9375972,0,0,0,1.168739,-0.4859277,-2.557,0.01232677,0.02050297,1.023661,0.9914087,0.03611018,0.125717,-0.06237498,0.975333,0.2117426,-0.1149699,-0.217765,0.969206,moving,-2.654572,-8.425237,0.6899137,1.147427,-4.922667382381337,2.455456419121111
05/11/2023 12:34:13.063985,4334,True,True,True,True,Eyes,1.28233,-0.2825321,-3.548229,-0.04848765,-0.1484336,0.987733,0.0,0.0,0.0,0.0,0.0,0.0,0.0,-0.7980205,1.114953,3.530333,1.27524,-0.2834959,-3.5548,0.1090481,-0.06185047,0.02508793,0.9917932,12.67436,353.0997,2.130789,0.339615,-0.07436537,-0.9376197,0,0,0,1.165418,-0.4881475,-2.556901,0.01162072,0.02017482,1.024307,0.9910902,0.03627472,0.1281573,-0.06325341,0.9749582,0.2132028,-0.1172142,-0.2194096,0.9685661,moving,-2.810385,-8.54629,0.6499907,1.128356,-5.083542046392534,2.3320140277267782
05/11/2023 12:34:13.083979,4335,True,True,True,True,Eyes,1.282051,-0.2826555,-3.548162,-0.05116045,-0.1505054,0.9872845,0.0,0.0,0.0,0.0,0.0,0.0,0.0,-0.7876032,1.121844,3.530331,1.274986,-0.283718,-3.554715,0.1099272,-0.06318734,0.02533262,0.9916056,12.78013,352.9471,2.135981,0.3395471,-0.07439651,-0.9376418,0,0,0,1.162107,-0.4903605,-2.556802,0.011266,0.02021547,1.025056,0.9907312,0.03634791,0.1308833,-0.06413194,0.9745485,0.2148075,-0.1197443,-0.2212103,0.9678467,moving,-2.966377,-8.667653,0.6296909,1.129803,-5.244607158897737,2.2082569843905233
05/11/2023 12:34:13.103899,4336,True,True,True,True,Eyes,1.281787,-0.282784,-3.548093,-0.0538967,-0.1526339,0.986812,0.0,0.0,0.0,0.0,0.0,0.0,0.0,-0.7768031,1.129481,3.530048,1.274645,-0.2838699,-3.554587,0.1108989,-0.06454525,0.02567056,0.9914013,12.89731,352.7932,2.150844,0.3394799,-0.07442809,-0.9376636,0,0,0,1.158774,-0.4925879,-2.556701,0.01100304,0.02036646,1.025782,0.9903498,0.03658366,0.1336742,-0.06521564,0.9740849,0.2165768,-0.1222868,-0.2232044,0.9670706,moving,-3.126217,-8.792476,0.6145588,1.137433,-5.409660780431288,2.080975683598819
05/11/2023 12:34:13.123723,4337,True,True,True,True,Eyes,1.281536,-0.2829151,-3.548016,-0.0566663,-0.1548309,0.9863145,0.0,0.0,0.0,0.0,0.0,0.0,0.0,-0.7650446,1.138066,3.529661,1.27436,-0.2841278,-3.554473,0.1119546,-0.06601378,0.02613515,0.9911738,13.02542,352.628,2.178093,0.3394137,-0.07446019,-0.937685,0,0,0,1.154868,-0.4951985,-2.556584,0.01032276,0.02048659,1.026686,0.9899184,0.03702787,0.1367141,-0.06659004,0.9735662,0.2184823,-0.1250103,-0.2253834,0.9662167,moving,-3.288175,-8.921444,0.5760577,1.143134,-5.57698358460863,1.949489018099536
05/11/2023 12:34:13.123723,4338,True,True,True,True,Eyes,1.281283,-0.2830495,-3.547938,-0.05943989,-0.1570265,0.985804,0.0,0.0,0.0,0.0,0.0,0.0,0.0,-0.7518715,1.147755,3.529046,1.274059,-0.2843132,-3.55426,0.1131823,-0.06767312,0.02659912,0.9909101,13.17389,352.4404,2.201078,0.3393489,-0.07449284,-0.9377059,0,0,0,1.151886,-0.4971914,-2.556495,0.01098156,0.02140246,1.027229,0.9894257,0.03739586,0.140137,-0.06803346,0.9729645,0.2207069,-0.1280949,-0.2279071,0.9652202,moving,-3.450521,-9.05048,0.6124954,1.193593,-5.744699299401687,1.8179310069718184
05/11/2023 12:34:13.143616,4339,True,True,True,True,Eyes,1.281025,-0.2831889,-3.547854,-0.06221988,-0.1592386,0.9852775,0.0,0.0,0.0,0.0,0.0,0.0,0.0,-0.7399294,1.155937,3.528694,1.273776,-0.284507,-3.554141,0.1142231,-0.06918705,0.02695607,0.9906764,13.2998,352.2683,2.214478,0.3392852,-0.07452607,-0.9377263,0,0,0,1.146984,-0.500468,-2.556348,0.009410605,0.02085906,1.028486,0.988973,0.03760397,0.1432419,-0.06921499,0.9724529,0.2225862,-0.1309259,-0.2300462,0.9643325,moving,-3.613407,-9.180644,0.5242392,1.161875,-5.912995905986395,1.6852288110670806
05/11/2023 12:34:13.173865,4340,True,True,True,True,Eyes,1.280781,-0.2833335,-3.547764,-0.06503723,-0.1614849,0.9847298,0.0,0.0,0.0,0.0,0.0,0.0,0.0,-0.7275126,1.16578,3.527723,1.27342,-0.284749,-3.553937,0.1154883,-0.07074542,0.02735309,0.9904088,13.45205,352.0916,2.229848,0.3392224,-0.07455997,-0.9377463,0,0,0,1.145336,-0.5015694,-2.556298,0.0112905,0.02268061,1.02862,0.9884938,0.03784093,0.1464517,-0.07052201,0.9718285,0.2248911,-0.1338159,-0.2326315,0.9633151,moving,-3.778656,-9.312989,0.6288739,1.263142,-6.0837436514714724,1.5503055278970557
05/11/2023 12:34:13.203897,4341,True,True,True,True,Eyes,1.280559,-0.283478,-3.547666,-0.06783928,-0.1637266,0.9841704,0.0,0.0,0.0,0.0,0.0,0.0,0.0,-0.7147524,1.175386,3.526897,1.273122,-0.2849821,-3.55378,0.1167207,-0.07235751,0.02774809,0.9901368,13.60073,351.9083,2.244022,0.3391609,-0.07459462,-0.9377658,0,0,0,1.142011,-0.5037913,-2.556198,0.01153939,0.02348268,1.029345,0.9879888,0.03805757,0.1497652,-0.07184003,0.9712126,0.2271233,-0.1368101,-0.2351544,0.9622814,moving,-3.943185,-9.445228,0.6422828,1.306874,-6.253762949748204,1.4154942279133191
05/11/2023 12:34:13.213960,4342,True,True,True,True,Eyes,1.280331,-0.2836302,-3.547567,-0.07065476,-0.1659907,0.9835929,0.0,0.0,0.0,0.0,0.0,0.0,0.0,-0.69948,1.18924,3.524936,1.272717,-0.2851574,-3.553535,0.1185233,-0.07425406,0.02832707,0.9897658,13.81734,351.6944,2.270604,0.339101,-0.07462993,-0.9377846,0,0,0,1.138134,-0.5063822,-2.556082,0.01191778,0.02508816,1.030143,0.9873678,0.03847265,0.1537031,-0.07367598,0.9702996,0.2304138,-0.1402734,-0.2388274,0.9608771,moving,-4.10869,-9.578954,0.6628287,1.395109,-6.424813971433307,1.2791728309977675
05/11/2023 12:34:13.225386,4343,True,True,True,True,Eyes,1.280122,-0.2837889,-3.547463,-0.07347825,-0.1682549,0.9830011,0.0,0.0,0.0,0.0,0.0,0.0,0.0,-0.6860478,1.199888,3.523741,1.272397,-0.2854735,-3.5534,0.1198742,-0.07593259,0.0288042,0.989462,13.98077,351.5043,2.29135,0.3390425,-0.07466604,-0.9378029,0,0,0,1.130222,-0.5116708,-2.555845,0.007710665,0.02364972,1.032413,0.9868091,0.0387966,0.1571706,-0.07520604,0.969601,0.2328476,-0.1433591,-0.2415963,0.9597288,moving,-4.274847,-9.712877,0.4279106,1.312258,-6.5965279716515814,1.1426478890637206
05/11/2023 12:34:13.243719,4344,True,True,True,True,Eyes,1.279889,-0.2839657,-3.547349,-0.07644854,-0.1706664,0.9823586,0.0,0.0,0.0,0.0,0.0,0.0,0.0,-0.671663,1.210839,3.522528,1.272079,-0.2857955,-3.553252,0.121248,-0.07772297,0.02936187,0.9891391,14.14794,351.3021,2.319155,0.3389858,-0.07470305,-0.9378204,0,0,0,1.12826,-0.512982,-2.555786,0.009722397,0.02565148,1.032708,0.986194,0.03923843,0.1608778,-0.07693347,0.9688736,0.2352981,-0.1466375,-0.2444265,0.9585161,moving,-4.44987,-9.855699,0.5393936,1.422881,-6.777462263372879,0.9970655528844006
05/11/2023 12:34:13.263699,4345,True,True,True,True,Eyes,1.279677,-0.2841405,-3.547225,-0.0799808,-0.1733693,0.9816038,0.0,0.0,0.0,0.0,0.0,0.0,0.0,-0.6434891,1.23313,3.519481,1.271312,-0.2863615,-3.552913,0.1240873,-0.08121049,0.0304273,0.9884744,14.49267,350.9077,2.36776,0.33893,-0.07474137,-0.9378375,0,0,0,1.125059,-0.5151215,-2.55569,0.01443009,0.03015833,1.032986,0.9849581,0.03999884,0.1681002,-0.08030759,0.9673531,0.2403721,-0.1529977,-0.2502562,0.9560145,moving,-4.658154,-10.01619,0.8003301,1.672292,-6.992468727518567,0.8333953273865511
05/11/2023 12:34:13.283433,4346,True,True,True,True,Eyes,1.279459,-0.2843173,-3.547099,-0.0835053,-0.1760794,0.9808277,0.0,0.0,0.0,0.0,0.0,0.0,0.0,-0.6288371,1.24383,3.517967,1.270897,-0.2864945,-3.552658,0.1255025,-0.0830536,0.03084149,0.9881297,14.6639,350.6967,2.37583,0.3388758,-0.07478083,-0.9378539,0,0,0,1.121676,-0.5173824,-2.555588,0.01523507,0.03122145,1.033691,0.9843018,0.04010391,0.1718768,-0.08179766,0.9665958,0.2429025,-0.1563941,-0.2531485,0.9547024,moving,-4.866289,-10.1774,0.844393,1.730027,-7.2073488632789235,0.6689990739655549
05/11/2023 12:34:13.313710,4347,True,True,True,True,Eyes,1.27928,-0.2844929,-3.546961,-0.08737767,-0.1789581,0.9799689,0.0,0.0,0.0,0.0,0.0,0.0,0.0,-0.6141609,1.254709,3.516411,1.270589,-0.2866997,-3.55247,0.1268813,-0.08486945,0.03144788,0.9877802,14.83282,350.4918,2.406541,0.3388229,-0.07482138,-0.9378698,0,0,0,1.118139,-0.5197464,-2.555482,0.01570414,0.03225724,1.034529,0.9836164,0.04059049,0.175645,-0.08366387,0.9658244,0.2453237,-0.1596844,-0.2559996,0.9533966,moving,-5.095231,-10.3491,0.8696826,1.785939,-7.443524881813502,0.4938570597029539
05/11/2023 12:34:13.323827,4348,True,True,True,True,Eyes,1.27912,-0.2846627,-3.546814,-0.09141935,-0.1819134,0.9790557,0.0,0.0,0.0,0.0,0.0,0.0,0.0,-0.598533,1.263805,3.515476,1.270187,-0.2868844,-3.55223,0.1279549,-0.08675756,0.03227517,0.9874508,14.96913,350.2816,2.464323,0.3387721,-0.07486286,-0.9378849,0,0,0,1.114716,-0.522034,-2.555379,0.01645686,0.03272176,1.035295,0.9828629,0.04153817,0.1795972,-0.0859424,0.9651717,0.2470981,-0.1630781,-0.2582985,0.9522013,moving,-5.334527,-10.52581,0.9106859,1.810299,-7.6902912560578995,0.31358011679403575
05/11/2023 12:34:13.333750,4349,True,True,True,True,Eyes,1.27895,-0.2848322,-3.546661,-0.09543651,-0.1847986,0.9781316,0.0,0.0,0.0,0.0,0.0,0.0,0.0,-0.5831562,1.271246,3.515014,1.269849,-0.2869299,-3.551987,0.1288838,-0.08868065,0.03283117,0.9871409,15.08644,350.063,2.490671,0.3387238,-0.07490505,-0.937899,0,0,0,1.111468,-0.5242046,-2.555282,0.01743425,0.03281666,1.036062,0.9821157,0.04195895,0.1835434,-0.08767696,0.9646221,0.24863,-0.1666178,-0.2602759,0.9510494,moving,-5.572722,-10.69879,0.9640496,1.814205,-7.93582612225411,0.137082127852878
05/11/2023 12:34:13.343842,4350,True,True,True,True,Eyes,1.278773,-0.2850051,-3.546503,-0.09942415,-0.1876128,0.9771982,0.0,0.0,0.0,0.0,0.0,0.0,0.0,-0.5687948,1.275801,3.515284,1.269486,-0.287082,-3.551677,0.1294318,-0.09050369,0.03321991,0.9868906,15.15809,349.8536,2.502313,0.3386775,-0.07494787,-0.9379123,0,0,0,1.106627,-0.5274404,-2.555137,0.01662585,0.03131336,1.037367,0.981411,0.04214071,0.1872339,-0.08899695,0.9642876,0.2494571,-0.170035,-0.2614832,0.950113,moving,-5.809515,-10.868,0.918199,1.728972,-8.179825091176589,-0.03559445394331995
05/11/2023 12:34:13.363834,4351,True,True,True,True,Eyes,1.278604,-0.2851771,-3.546344,-0.1033914,-0.1904289,0.9762413,0.0,0.0,0.0,0.0,0.0,0.0,0.0,-0.5551432,1.280092,3.515576,1.269168,-0.2873297,-3.551443,0.12994,-0.09224438,0.03355874,0.9866512,15.22452,349.653,2.509541,0.3386329,-0.07499138,-0.9379249,0,0,0,1.103854,-0.5292936,-2.555053,0.01770757,0.03097843,1.037976,0.9807296,0.04224906,0.1907473,-0.09019399,0.9639788,0.2502197,-0.1733048,-0.2626021,0.9492131,moving,-6.045524,-11.03771,0.9773548,1.709487,-8.423051145067802,-0.2087713865533516
05/11/2023 12:34:13.383923,4352,True,True,True,True,Eyes,1.278428,-0.2853578,-3.54618,-0.1073109,-0.1932313,0.9752672,0.0,0.0,0.0,0.0,0.0,0.0,0.0,-0.5419737,1.287129,3.514796,1.268661,-0.2874859,-3.551349,0.1309069,-0.09393033,0.03369036,0.9863598,15.34151,349.4555,2.488363,0.33859,-0.07503547,-0.9379369,0,0,0,1.101307,-0.5309958,-2.554977,0.01919834,0.03162648,1.038601,0.9800841,0.04186937,0.1941188,-0.09105389,0.9634567,0.2519135,-0.1764776,-0.2645717,0.948081,moving,-6.279126,-11.20697,1.058981,1.744176,-8.663838807504348,-0.38147725009346445
05/11/2023 12:34:13.404085,4353,True,True,True,True,Eyes,1.274086,-0.2898765,-3.542103,-0.2031813,-0.2616553,0.9435326,0.0,0.0,0.0,0.0,0.0,0.0,0.0,-0.5302519,1.296267,3.512889,1.268333,-0.2878566,-3.551103,0.1321345,-0.0954286,0.03388308,0.9860457,15.48868,349.2809,2.474198,0.3385485,-0.07508033,-0.9379483,0,0,0,1.097968,-0.5332276,-2.554877,0.01932481,0.0325961,1.039356,0.9794907,0.04160172,0.1971482,-0.09203934,0.9627848,0.2541143,-0.1792397,-0.267048,0.9468678,moving,-12.15255,-15.49947,1.065181,1.796311,-14.719144418183806,-4.761026895259603
05/11/2023 12:34:13.413734,4354,True,True,True,True,Eyes,1.274084,-0.2898851,-3.542097,-0.2032544,-0.2616558,0.9435167,0.0,0.0,0.0,0.0,0.0,0.0,0.0,-0.5171711,1.30622,3.510928,1.267955,-0.2880302,-3.551003,0.1333905,-0.09699938,0.03452734,0.9857009,15.6443,349.1046,2.511088,0.3384405,-0.07525028,-0.9379735,0,0,0,1.094631,-0.535458,-2.554777,0.01959124,0.0335509,1.040298,0.978798,0.04218966,0.200436,-0.09394484,0.9620297,0.256268,-0.1820135,-0.2696645,0.9455962,moving,-12.157,-15.49975,1.078886,1.84722,-14.723634262824552,-4.7613396895104465
05/11/2023 12:34:13.423917,4355,True,True,True,True,Eyes,1.274066,-0.2898988,-3.542084,-0.2034395,-0.2617362,0.9434546,0.0,0.0,0.0,0.0,0.0,0.0,0.0,-0.5046035,1.315307,3.509181,1.267615,-0.2882429,-3.550927,0.1345352,-0.09852017,0.03510234,0.985374,15.78638,348.9332,2.541411,0.3383433,-0.07540348,-0.9379961,0,0,0,1.090539,-0.538193,-2.554654,0.01897727,0.03391376,1.041576,0.9781232,0.04266899,0.2036034,-0.0956867,0.9613362,0.2582183,-0.1847134,-0.2720515,0.9443882,moving,-12.16852,-15.50525,1.0438,1.864894,-14.735414790108535,-4.76697785908075
05/11/2023 12:34:13.443970,4356,True,True,True,True,Eyes,1.274037,-0.289923,-3.542063,-0.2037229,-0.2618806,0.9433534,0.0,0.0,0.0,0.0,0.0,0.0,0.0,-0.4916644,1.322716,3.507925,1.267249,-0.2883671,-3.550742,0.1354751,-0.1001092,0.03560684,0.9850669,15.9044,348.7525,2.564166,0.3382554,-0.07554175,-0.9380166,0,0,0,1.08725,-0.5403909,-2.554555,0.01930873,0.03415994,1.04248,0.9774206,0.04302564,0.2068762,-0.09727485,0.9607574,0.2597748,-0.1875809,-0.2740331,0.9432493,moving,-12.18623,-15.51498,1.061107,1.876794,-14.753567317205688,-4.776934491805376
05/11/2023 12:34:13.463662,4357,True,True,True,True,Eyes,1.274015,-0.2899553,-3.542037,-0.2040389,-0.2620299,0.9432436,0.0,0.0,0.0,0.0,0.0,0.0,0.0,-0.4798821,1.329079,3.506901,1.266972,-0.2886351,-3.550572,0.1362574,-0.1015644,0.03605912,0.9847937,16.00346,348.5869,2.584417,0.3381759,-0.0756669,-0.9380351,0,0,0,1.084559,-0.5421892,-2.554474,0.01988208,0.03455169,1.043161,0.9767688,0.04334379,0.2098666,-0.09869937,0.9602673,0.2610461,-0.1902133,-0.2756954,0.9422372,moving,-12.20595,-15.52511,1.091894,1.897063,-14.773756856463606,-4.7873089887772835
05/11/2023 12:34:13.483956,4358,True,True,True,True,Eyes,1.273982,-0.2899946,-3.542007,-0.204434,-0.2622679,0.9430919,0.0,0.0,0.0,0.0,0.0,0.0,0.0,-0.4686422,1.336702,3.505364,1.266629,-0.2888715,-3.550517,0.1372359,-0.1029425,0.03645994,0.9844999,16.12441,348.4293,2.597394,0.338104,-0.07578044,-0.9380519,0,0,0,1.08095,-0.5446011,-2.554366,0.0194992,0.034859,1.044316,0.9761471,0.04353481,0.2127009,-0.1000444,0.9596739,0.262711,-0.1926864,-0.2777241,0.9411383,moving,-12.23078,-15.54091,1.069687,1.911808,-14.799278424445816,-4.803450813058085
05/11/2023 12:34:13.493716,4359,True,True,True,True,Eyes,1.273946,-0.2900328,-3.541968,-0.2048076,-0.262441,0.9429626,0.0,0.0,0.0,0.0,0.0,0.0,0.0,-0.4582582,1.345377,3.503215,1.266349,-0.2890633,-3.550403,0.1383882,-0.1042241,0.03680668,0.9841908,16.26456,348.2821,2.603305,0.3380387,-0.07588375,-0.9380671,0,0,0,1.077799,-0.5467073,-2.554271,0.01933043,0.03572609,1.045255,0.9755653,0.04360282,0.2153399,-0.1012963,0.9589879,0.2647285,-0.1949655,-0.280073,0.9399721,moving,-12.25408,-15.5527,1.059479,1.957567,-14.823127304599932,-4.815527699237215
05/11/2023 12:34:13.513675,4360,True,True,True,True,Eyes,1.273901,-0.2900778,-3.541927,-0.2052447,-0.2626771,0.9428018,0.0,0.0,0.0,0.0,0.0,0.0,0.0,-0.4485139,1.352198,3.501535,1.265986,-0.2890765,-3.55022,0.1392939,-0.105405,0.03719022,0.9839228,16.37656,348.1475,2.617783,0.3379794,-0.07597783,-0.9380808,0,0,0,1.074299,-0.5490465,-2.554167,0.01863286,0.03571282,1.046341,0.9750134,0.04382005,0.2177814,-0.1025491,0.9584282,0.2662688,-0.1970599,-0.281949,0.938974,moving,-12.28148,-15.56854,1.020195,1.954813,-14.851237872742594,-4.831727105308824
05/11/2023 12:34:13.523667,4361,True,True,True,True,Eyes,1.273851,-0.2901238,-3.54188,-0.2056345,-0.2628698,0.9426632,0.0,0.0,0.0,0.0,0.0,0.0,0.0,-0.4388462,1.35888,3.500026,1.265726,-0.2892785,-3.550152,0.1400968,-0.106534,0.0377927,0.9836642,16.47929,348.0228,2.659868,0.3379253,-0.0760638,-0.9380933,0,0,0,1.070937,-0.5512934,-2.554065,0.01784441,0.03583291,1.047464,0.9744444,0.0445005,0.2201767,-0.1042008,0.9578892,0.267564,-0.1989981,-0.2836688,0.9380468,moving,-12.30585,-15.58159,0.9759864,1.95928,-14.876205641584788,-4.845085182685532
05/11/2023 12:34:13.543833,4362,True,True,True,True,Eyes,1.273793,-0.2901756,-3.541831,-0.2060849,-0.2631032,0.9424998,1.040508,1.05936,-0.5639365,-2.561153,-0.542657,-0.6897205,-0.479384,0.006941825,0.02454898,1.046426,1.265406,-0.28935,-3.549993,0.1407954,-0.1076176,0.038281,0.9834276,16.56862,347.9016,2.690336,0.3378758,-0.07614251,-0.9381047,0,0,0,1.067499,-0.5535915,-2.553962,0.0169335,0.03552596,1.04858,0.973906,0.04498907,0.2224478,-0.1055973,0.9574225,0.2686846,-0.2008886,-0.2851635,0.9371902,moving,-12.33405,-15.59732,0.9251885,1.940444,-14.90511808843136,-4.861178695583213
05/11/2023 12:34:13.563532,4363,True,True,True,True,Eyes,1.273726,-0.2902282,-3.541779,-0.2064521,-0.263309,0.9423618,0.0,0.0,0.0,0.0,0.0,0.0,0.0,-0.4208352,1.369082,3.49785,1.265163,-0.2895361,-3.549926,0.141345,-0.1086808,0.03870589,0.9832152,16.64005,347.7819,2.715308,0.3378302,-0.07621484,-0.9381153,0,0,0,1.064284,-0.5557399,-2.553866,0.01615505,0.03516139,1.049693,0.9733806,0.04538945,0.224655,-0.1068354,0.9570469,0.2695319,-0.2027714,-0.2863582,0.9364201,moving,-12.3571,-15.6111,0.8817275,1.91851,-14.928780834834502,-4.875266115930984
05/11/2023 12:34:13.583952,4364,True,True,True,True,Eyes,1.273654,-0.2902877,-3.541726,-0.206864,-0.2635799,0.9421958,1.03348,1.059865,-0.5626923,-2.567985,-0.06662646,-0.3110837,-0.9480443,0.01044226,0.02638593,1.039119,1.26487,-0.2896047,-3.549805,0.1419138,-0.1095601,0.03901298,0.9830236,16.71179,347.6819,2.729246,0.3377881,-0.07628147,-0.9381251,0,0,0,1.060864,-0.5580258,-2.553763,0.01484837,0.03458883,1.050881,0.9729491,0.04560517,0.2264733,-0.1077975,0.9566769,0.2704606,-0.2043274,-0.2875577,0.9357142,moving,-12.38311,-15.629,0.8095042,1.885161,-14.95555973297303,-4.893539236134496
05/11/2023 12:34:13.593702,4365,True,True,True,True,Eyes,1.273548,-0.2903534,-3.541667,-0.2071839,-0.2638314,0.9420551,1.033248,1.059475,-0.5629568,-2.56829,0.1311035,-0.1791896,-0.97504,0.01196119,0.02813441,1.038774,1.264678,-0.2898216,-3.549756,0.1427726,-0.1104413,0.03956874,0.9827783,16.8201,347.5858,2.76876,0.3377489,-0.07634315,-0.9381342,0,0,0,1.057509,-0.5602685,-2.553663,0.01351342,0.03489663,1.052075,0.972474,0.04623858,0.2283774,-0.1093106,0.9561006,0.2718875,-0.20578,-0.2893676,0.9348375,moving,-12.40346,-15.6454,0.7358973,1.899766,-14.976590252886517,-4.910257883688383
05/11/2023 12:34:13.613993,4366,True,True,True,True,Eyes,1.273438,-0.2904213,-3.541611,-0.207546,-0.2641422,0.9418883,1.033978,1.05884,-0.5635384,-2.567719,0.3234891,-0.06114104,-0.9442545,0.01299441,0.02874565,1.039155,1.264388,-0.2900097,-3.549437,0.1431639,-0.1111119,0.04002489,0.9826273,16.8728,347.5135,2.805864,0.3377115,-0.07640058,-0.938143,0,0,0,1.053988,-0.5626214,-2.553557,0.01157576,0.03401673,1.053125,0.9721043,0.04684467,0.2298233,-0.1104735,0.9558042,0.272459,-0.2069028,-0.290248,0.9343165,moving,-12.4266,-15.66557,0.6297597,1.850054,-15.000554219645196,-4.930807192911551
05/11/2023 12:34:13.634000,4367,True,True,True,True,Eyes,1.273301,-0.2904913,-3.541547,-0.2078282,-0.2644503,0.9417397,1.035509,1.058093,-0.564332,-2.566367,0.5073359,0.04224754,-0.8607122,0.01438956,0.03029954,1.040671,1.264214,-0.2901163,-3.549445,0.1439927,-0.1119154,0.04042346,0.9823986,16.9756,347.4239,2.828343,0.3376758,-0.07645424,-0.9381515,0,0,0,1.05048,-0.5649659,-2.553452,0.009952649,0.03408119,1.054498,0.9716818,0.04719391,0.2315325,-0.1116539,0.9552641,0.2738684,-0.2082497,-0.2919644,0.9334821,moving,-12.44487,-15.6853,0.5407577,1.851145,-15.019600178855192,-4.950879122514458
05/11/2023 12:34:13.643705,4368,True,True,True,True,Eyes,1.273164,-0.2905735,-3.541486,-0.2081437,-0.2648072,0.9415696,1.037716,1.05717,-0.5653681,-2.564404,0.6653067,0.1196973,-0.7369121,0.01510262,0.03134474,1.04255,1.26402,-0.2902084,-3.549098,0.1446546,-0.1124368,0.04071876,0.9822297,17.0571,347.3663,2.845625,0.3376408,-0.07650459,-0.9381601,0,0,0,1.047193,-0.5671631,-2.553353,0.007896513,0.03379261,1.055472,0.9714,0.04746137,0.2326577,-0.1125193,0.9548341,0.2750115,-0.2090971,-0.2933246,0.932866,moving,-12.46535,-15.70812,0.4286504,1.833789,-15.040973183065788,-4.974090260333925
05/11/2023 12:34:13.663848,4369,True,True,True,True,Eyes,1.273015,-0.2906602,-3.541429,-0.208469,-0.265207,0.9413851,1.037396,1.05675,-0.5657848,-2.56484,0.6368859,0.09184846,-0.7654674,0.01610373,0.0327718,1.042146,1.263882,-0.2905749,-3.549095,0.1453716,-0.1131097,0.04117434,0.9820275,17.14748,347.2933,2.878312,0.3376066,-0.07655229,-0.9381685,0,0,0,1.043913,-0.569355,-2.553255,0.006180242,0.03402475,1.056696,0.9710217,0.0479828,0.2341249,-0.1137545,0.9543436,0.2762032,-0.2101826,-0.2948321,0.9321466,moving,-12.4866,-15.73359,0.335099,1.84424,-15.063208823453154,-4.999986096359509
05/11/2023 12:34:13.683741,4370,True,True,True,True,Eyes,1.272866,-0.2907543,-3.541368,-0.2088071,-0.2656918,0.9411734,1.045502,1.054558,-0.5685357,-2.557369,0.9371507,0.2065412,-0.2812287,0.01686379,0.03540081,1.050174,1.263651,-0.2907526,-3.549096,0.1466637,-0.1135815,0.04161372,0.9817624,17.30337,347.2436,2.905391,0.3375728,-0.07659771,-0.938177,0,0,0,1.040505,-0.5716329,-2.553152,0.004064217,0.03523871,1.057985,0.9707351,0.048393,0.2352265,-0.1150261,0.9535161,0.2785248,-0.2108137,-0.297431,0.931178,moving,-12.50893,-15.76429,0.2200988,1.907667,-15.086704264295694,-5.031177480794497
05/11/2023 12:34:13.694050,4371,True,True,True,True,Eyes,1.272718,-0.2908582,-3.541306,-0.2091538,-0.2662152,0.9409486,0.0,0.0,0.0,0.0,0.0,0.0,0.0,-0.373288,1.420556,3.481241,1.263529,-0.2910085,-3.548967,0.1479017,-0.1140442,0.04207842,0.9815032,17.45337,347.1954,2.936193,0.3375393,-0.07664128,-0.9381855,0,0,0,1.037183,-0.5738532,-2.553053,0.001872599,0.03645065,1.059126,0.9704466,0.04886553,0.2363164,-0.1163349,0.952709,0.2807344,-0.2114226,-0.2999296,0.930238,moving,-12.53195,-15.79738,0.1013023,1.971102,-15.110973221846677,-5.064790129393945
05/11/2023 12:34:13.713674,4372,True,True,True,True,Eyes,1.272572,-0.2909779,-3.541244,-0.2095064,-0.2668594,0.9406875,0.0,0.0,0.0,0.0,0.0,0.0,0.0,-0.3690835,1.42885,3.478142,1.26336,-0.2913493,-3.548851,0.1489847,-0.1144901,0.0424411,0.9812719,17.58421,347.1476,2.957115,0.3375061,-0.07668346,-0.938194,0,0,0,1.033807,-0.5761097,-2.552951,-0.0003477037,0.03736973,1.060284,0.9701816,0.04917796,0.237338,-0.1174071,0.9520046,0.2826709,-0.2120457,-0.3021072,0.9293911,moving,-12.55578,-15.83787,-0.01878926,2.018555,-15.136301640926634,-5.105890735356109
05/11/2023 12:34:13.734425,4373,True,True,True,True,Eyes,1.272412,-0.2911122,-3.541187,-0.2098208,-0.2676314,0.9403981,0.0,0.0,0.0,0.0,0.0,0.0,0.0,-0.3656455,1.441951,3.473048,1.263263,-0.291817,-3.548801,0.1507837,-0.1148709,0.04262784,0.9809444,17.79513,347.1037,2.949251,0.3374732,-0.07672479,-0.9382025,0,0,0,1.030013,-0.5786449,-2.552838,-0.003040865,0.03971702,1.061618,0.9699751,0.04898974,0.2382191,-0.1182724,0.9508942,0.2860275,-0.2125088,-0.3056143,0.9281378,moving,-12.57777,-15.88602,-0.1641158,2.142539,-15.160029858345329,-5.154724530380122
05/11/2023 12:34:13.753667,4374,True,True,True,True,Eyes,1.272253,-0.291252,-3.541129,-0.2101354,-0.2685659,0.9400615,0.0,0.0,0.0,0.0,0.0,0.0,0.0,-0.3623478,1.458834,3.4663,1.263093,-0.2922617,-3.548789,0.1531312,-0.1152081,0.04283875,0.9805319,18.06952,347.0647,2.93789,0.3374402,-0.07676575,-0.938211,0,0,0,1.026962,-0.5806845,-2.552746,-0.004945815,0.04361162,1.062602,0.9697838,0.04872561,0.2390503,-0.1192934,0.9494313,0.2904293,-0.2128105,-0.3101708,0.9265558,moving,-12.60039,-15.94409,-0.2666778,2.350232,-15.184719352849424,-5.21359319650464
05/11/2023 12:34:13.773763,4375,True,True,True,True,Eyes,1.272084,-0.2913946,-3.541073,-0.2104494,-0.269557,0.9397075,0.0,0.0,0.0,0.0,0.0,0.0,0.0,-0.35888,1.476317,3.459124,1.26295,-0.2924916,-3.548697,0.1555825,-0.1155521,0.04313862,0.9800924,18.35719,347.0262,2.935392,0.3374072,-0.0768065,-0.9382196,0,0,0,1.023473,-0.5830164,-2.552641,-0.007331789,0.04731941,1.063761,0.9695735,0.04860387,0.2399267,-0.1205154,0.9478663,0.295001,-0.2130803,-0.31494,0.9248835,moving,-12.62322,-16.00565,-0.3948948,2.547015,-15.209735315335077,-5.275992198318832
05/11/2023 12:34:13.794020,4376,True,True,True,True,Eyes,1.271902,-0.2915334,-3.541017,-0.2108331,-0.2704164,0.9393744,0.0,0.0,0.0,0.0,0.0,0.0,0.0,-0.3539921,1.489999,3.453623,1.262711,-0.2926799,-3.548636,0.1574498,-0.1160366,0.04362426,0.9797153,18.58046,346.975,2.959493,0.3373739,-0.07684717,-0.9382282,0,0,0,1.019886,-0.5854138,-2.552534,-0.009525552,0.04974869,1.065041,0.9692649,0.04893884,0.2411029,-0.1220186,0.9466129,0.298388,-0.2136284,-0.318636,0.9234901,moving,-12.64983,-16.05945,-0.5124304,2.674376,-15.238301531073136,-5.330569830438499
05/11/2023 12:34:13.803585,4377,True,True,True,True,Eyes,1.271718,-0.2916703,-3.540959,-0.2112419,-0.2713114,0.9390244,0.0,0.0,0.0,0.0,0.0,0.0,0.0,-0.3485252,1.498825,3.450177,1.262511,-0.2927147,-3.548528,0.158649,-0.1166317,0.04404949,0.9794322,18.72625,346.9102,2.982704,0.33734,-0.07688766,-0.9382371,0,0,0,1.01702,-0.5873293,-2.552448,-0.01088671,0.050946,1.06608,0.9689133,0.04927996,0.2424425,-0.123294,0.9457802,0.3004967,-0.2144889,-0.3210469,0.9224551,moving,-12.67814,-16.11554,-0.585079,2.735978,-15.268654916622703,-5.38747434529196
05/11/2023 12:34:13.813683,4378,True,True,True,True,Eyes,1.271535,-0.2918074,-3.540898,-0.2116765,-0.2722311,0.9386604,0.0,0.0,0.0,0.0,0.0,0.0,0.0,-0.3429919,1.505136,3.447792,1.262264,-0.2927938,-3.548424,0.1594936,-0.1172521,0.04440391,0.9792049,18.83032,346.8414,3.001471,0.3373056,-0.07692794,-0.9382462,0,0,0,1.012483,-0.5903616,-2.552311,-0.01383188,0.05057544,1.067908,0.9685605,0.04955913,0.2437919,-0.124363,0.9451802,0.3019409,-0.2154633,-0.3227667,0.9216275,moving,-12.70815,-16.17326,-0.7420714,2.711465,-15.300773719752627,-5.44603837971696
05/11/2023 12:34:13.833880,4379,True,True,True,True,Eyes,1.271341,-0.291941,-3.540831,-0.21208,-0.2730924,0.938319,0.0,0.0,0.0,0.0,0.0,0.0,0.0,-0.3375063,1.510663,3.445744,1.262124,-0.2929274,-3.548296,0.1602196,-0.1178854,0.04474448,0.9789948,18.92061,346.7709,3.01977,0.3372708,-0.07696804,-0.9382555,0,0,0,1.009254,-0.5925194,-2.552215,-0.01556359,0.05066553,1.069143,0.9682019,0.04983415,0.2451562,-0.1253843,0.9446553,0.3031587,-0.2164804,-0.3242576,0.9208654,moving,-12.73606,-16.22734,-0.8339999,2.713155,-15.33065810783309,-5.500907803384578
05/11/2023 12:34:13.843761,4380,True,True,True,True,Eyes,1.271148,-0.2920695,-3.540765,-0.212518,-0.2739478,0.9379705,0.0,0.0,0.0,0.0,0.0,0.0,0.0,-0.3314512,1.514157,3.444481,1.261971,-0.2929737,-3.548039,0.1606549,-0.1185878,0.04514587,0.9788201,18.97842,346.6937,3.047625,0.3372353,-0.07700792,-0.938265,0,0,0,1.006859,-0.5941201,-2.552143,-0.01639178,0.05044392,1.069938,0.9677976,0.05027596,0.246658,-0.1264828,0.9443037,0.303797,-0.2176464,-0.325212,0.9202539,moving,-12.76609,-16.28121,-0.8777206,2.699301,-15.362670160549884,-5.555579019380264
05/11/2023 12:34:13.864170,4381,True,True,True,True,Eyes,1.270947,-0.2921958,-3.540692,-0.2129813,-0.2746454,0.9376613,0.0,0.0,0.0,0.0,0.0,0.0,0.0,-0.3257552,1.5166,3.443812,1.261797,-0.2929743,-3.547967,0.1609828,-0.1192886,0.04533571,0.9786724,19.02101,346.6126,3.051732,0.3371994,-0.07704746,-0.9382746,0,0,0,1.00357,-0.5963182,-2.552044,-0.01800966,0.04949984,1.071348,0.9674298,0.05033078,0.2480855,-0.1271444,0.9440585,0.3042827,-0.2188924,-0.3259148,0.9197096,moving,-12.79709,-16.32555,-0.9630675,2.645374,-15.395344797923956,-5.600620383274528
05/11/2023 12:34:13.883712,4382,True,True,True,True,Eyes,1.27075,-0.292327,-3.54062,-0.213473,-0.2753309,0.9373485,0.0,0.0,0.0,0.0,0.0,0.0,0.0,-0.3204873,1.518395,3.443203,1.261628,-0.2930588,-3.547717,0.1611918,-0.1199152,0.04561757,0.9785482,19.05093,346.5424,3.069796,0.3371628,-0.07708665,-0.9382846,0,0,0,1.000061,-0.5986634,-2.551939,-0.02008653,0.04825386,1.072685,0.9670788,0.05061929,0.249392,-0.1279367,0.9438725,0.3045274,-0.2199793,-0.3264084,0.9192751,moving,-12.82979,-16.36929,-1.072765,2.575667,-15.42971135670345,-5.645066388176968
05/11/2023 12:34:13.893986,4383,True,True,True,True,Eyes,1.270556,-0.2924521,-3.540542,-0.2140018,-0.2759076,0.9370583,0.0,0.0,0.0,0.0,0.0,0.0,0.0,-0.314855,1.52007,3.442902,1.261525,-0.2933075,-3.547654,0.1613369,-0.1205755,0.0459679,0.9784267,19.07454,346.4696,3.096133,0.3371257,-0.07712565,-0.9382946,0,0,0,0.9968233,-0.6008275,-2.551841,-0.02185272,0.04724962,1.074042,0.966697,0.05104587,0.2507813,-0.128859,0.9437147,0.3046274,-0.221116,-0.3267978,0.918864,moving,-12.86437,-16.40655,-1.165592,2.51895,-15.465757282700652,-5.682972635160141
05/11/2023 12:34:13.913813,4384,True,True,True,True,Eyes,1.270366,-0.2925754,-3.540462,-0.2145428,-0.2764708,0.9367685,0.0,0.0,0.0,0.0,0.0,0.0,0.0,-0.3106593,1.521867,3.442225,1.26139,-0.2933121,-3.547445,0.1615823,-0.1210919,0.04612296,0.9783152,19.10662,346.4101,3.100807,0.3370884,-0.07716434,-0.9383048,0,0,0,0.9934355,-0.6030917,-2.55174,-0.02403399,0.04605842,1.075403,0.9664189,0.05111296,0.2518374,-0.1293782,0.9435277,0.3049865,-0.2220268,-0.327327,0.9184558,moving,-12.89966,-16.44304,-1.28028,2.452421,-15.502492715962095,-5.720105025729911
05/11/2023 12:34:13.923877,4385,True,True,True,True,Eyes,1.270194,-0.2926949,-3.540377,-0.2151514,-0.276961,0.9364842,0.0,0.0,0.0,0.0,0.0,0.0,0.0,-0.3072302,1.522647,3.442014,1.261263,-0.2933875,-3.547315,0.1616896,-0.1215332,0.04616557,0.9782408,19.12099,346.3576,3.095479,0.3370509,-0.07720269,-0.9383152,0,0,0,0.9899898,-0.6053946,-2.551636,-0.02640778,0.04460299,1.07686,0.9661969,0.0510208,0.2527064,-0.1296234,0.9434504,0.3051214,-0.2228484,-0.327564,0.9181724,moving,-12.93882,-16.47535,-1.40478,2.371806,-15.542987011059477,-5.753036586259444
05/11/2023 12:34:13.943587,4386,True,True,True,True,Eyes,1.270025,-0.2928196,-3.540294,-0.2157561,-0.2774449,0.9362017,0.0,0.0,0.0,0.0,0.0,0.0,0.0,-0.303946,1.522575,3.44221,1.261132,-0.2934704,-3.547231,0.1616703,-0.1219555,0.04620385,0.9781895,19.12063,346.3075,3.091724,0.3370138,-0.07724064,-0.9383254,0,0,0,0.9866211,-0.607646,-2.551535,-0.02874351,0.04293346,1.078333,0.9659841,0.05095907,0.2535308,-0.1298254,0.9434559,0.3050187,-0.2236516,-0.327558,0.9179792,moving,-12.97774,-16.50728,-1.526886,2.280007,-15.583227130922255,-5.785582307186598
05/11/2023 12:34:13.964233,4387,True,True,True,True,Eyes,1.269874,-0.2929386,-3.540208,-0.2169221,-0.2779579,0.93578,0.0,0.0,0.0,0.0,0.0,0.0,0.0,-0.301196,1.52403,3.44172,1.261011,-0.2937223,-3.547169,0.1618101,-0.1222564,0.0464181,0.9781188,19.14068,346.2753,3.109174,0.336977,-0.07727835,-0.9383355,0,0,0,0.9832653,-0.6098889,-2.551435,-0.03134669,0.04184872,1.079748,0.9657974,0.05124018,0.2541845,-0.1303695,0.9433257,0.3051891,-0.2241408,-0.3278888,0.9177417,moving,-13.05116,-16.54317,-1.662914,2.21955,-15.658335127439502,-5.822362236690378
05/11/2023 12:34:13.983614,4388,True,True,True,True,Eyes,1.269724,-0.2930555,-3.540121,-0.2180625,-0.2784923,0.935356,0.0,0.0,0.0,0.0,0.0,0.0,0.0,-0.2973077,1.526999,3.440652,1.260864,-0.2937494,-3.547131,0.1622045,-0.1227071,0.04662643,0.9779871,19.19054,346.2245,3.119388,0.3369409,-0.07731569,-0.9383454,0,0,0,0.9798399,-0.6121783,-2.551332,-0.03363799,0.04106832,1.081282,0.9655379,0.05139281,0.2551379,-0.1310074,0.9430313,0.3058251,-0.2248858,-0.3287106,0.9172654,moving,-13.12315,-16.58034,-1.781861,2.175114,-15.73204547156657,-5.860426911706046
05/11/2023 12:34:13.993706,4389,True,True,True,True,Eyes,1.269571,-0.2931686,-3.540038,-0.2195576,-0.2789591,0.934867,0.0,0.0,0.0,0.0,0.0,0.0,0.0,-0.2947071,1.530717,3.439058,1.260769,-0.2938105,-3.546999,0.1627339,-0.1230244,0.04670461,0.9778556,19.25373,346.187,3.114964,0.3369057,-0.07735265,-0.938355,0,0,0,0.9764569,-0.6144392,-2.55123,-0.0361957,0.04057613,1.082698,0.9653674,0.05130025,0.255801,-0.1313812,0.9426727,0.3067688,-0.2253993,-0.3297521,0.9167654,moving,-13.21664,-16.61481,-1.914743,2.146262,-15.82731475132981,-5.895904816475966
05/11/2023 12:34:14.013850,4390,True,True,True,True,Eyes,1.269418,-0.2932794,-3.539956,-0.2210112,-0.2794164,0.9343878,0.0,0.0,0.0,0.0,0.0,0.0,0.0,-0.2915552,1.532015,3.438711,1.260685,-0.2938396,-3.546991,0.1629132,-0.1234239,0.04676506,0.9777725,19.27654,346.1398,3.111518,0.3368709,-0.07738917,-0.9383645,0,0,0,0.9729946,-0.6167533,-2.551126,-0.03867526,0.03928894,1.084318,0.9651592,0.05123642,0.2565982,-0.1316659,0.9425446,0.3070403,-0.2261236,-0.330128,0.9164517,moving,-13.30762,-16.6486,-2.04275,2.075135,-15.920034350665656,-5.9306783994704375
05/11/2023 12:34:14.023497,4391,True,True,True,True,Eyes,1.269259,-0.2933862,-3.53988,-0.2226953,-0.2798541,0.9338568,0.0,0.0,0.0,0.0,0.0,0.0,0.0,-0.2897757,1.5328,3.438399,1.260564,-0.2938919,-3.54692,0.163042,-0.1236659,0.04670524,0.9777232,19.29134,346.1092,3.097676,0.3368367,-0.07742521,-0.9383738,0,0,0,0.96951,-0.6190823,-2.551022,-0.04147016,0.03784397,1.085874,0.9650508,0.0510041,0.2570519,-0.1316551,0.9424718,0.3072682,-0.2265923,-0.3303716,0.916248,moving,-13.41273,-16.68219,-2.187095,1.996016,-16.026974574154593,-5.965343963328028
05/11/2023 12:34:14.043643,4392,True,True,True,True,Eyes,1.269103,-0.293489,-3.539805,-0.2243266,-0.2802919,0.9333349,0.0,0.0,0.0,0.0,0.0,0.0,0.0,-0.2871956,1.533944,3.438072,1.260417,-0.2939138,-3.546938,0.16319,-0.1239682,0.0468067,0.9776555,19.3108,346.0746,3.101498,0.3368026,-0.07746073,-0.9383831,0,0,0,0.9661968,-0.6212966,-2.550922,-0.04395759,0.03657764,1.087438,0.9648821,0.05106091,0.2576731,-0.1319824,0.9423563,0.3074821,-0.2271195,-0.3306923,0.9160019,moving,-13.51466,-16.71566,-2.314811,1.926504,-16.130708963991232,-5.999866985700216
05/11/2023 12:34:14.063714,4393,True,True,True,True,Eyes,1.26895,-0.2935843,-3.539732,-0.2260991,-0.2807063,0.9327825,0.0,0.0,0.0,0.0,0.0,0.0,0.0,-0.2851529,1.535561,3.43746,1.260337,-0.2939178,-3.546908,0.1634007,-0.1241961,0.04694974,0.9775845,19.33786,346.0496,3.110909,0.3367689,-0.07749565,-0.9383923,0,0,0,0.9629641,-0.6234572,-2.550825,-0.04660678,0.03548589,1.088933,0.9647421,0.0512072,0.2581676,-0.1323821,0.9421918,0.3078141,-0.2274811,-0.331138,0.9157511,moving,-13.62525,-16.74834,-2.450786,1.86648,-16.243136898686554,-6.033648935354449
05/11/2023 12:34:14.083741,4394,True,True,True,True,Eyes,1.268801,-0.2936766,-3.539662,-0.2278225,-0.2810966,0.9322454,0.0,0.0,0.0,0.0,0.0,0.0,0.0,-0.2829462,1.534472,3.438044,1.260228,-0.2938605,-3.546869,0.1632326,-0.1244569,0.04706179,0.9775739,19.32087,346.0206,3.121208,0.3367355,-0.07752985,-0.9384015,0,0,0,0.9594883,-0.6257802,-2.550721,-0.04944645,0.03337491,1.090581,0.9645913,0.05138191,0.2586957,-0.1326436,0.9422807,0.3074295,-0.2279676,-0.3308581,0.9157312,moving,-13.73281,-16.77945,-2.595987,1.752868,-16.35246224275111,-6.065823167007647
05/11/2023 12:34:14.094285,4395,True,True,True,True,Eyes,1.26866,-0.2937646,-3.539592,-0.2296593,-0.2814629,0.9316841,0.0,0.0,0.0,0.0,0.0,0.0,0.0,-0.2806261,1.533853,3.438529,1.260154,-0.2938826,-3.546912,0.1631306,-0.1247485,0.04711597,0.9775512,19.31081,345.9867,3.123085,0.3367025,-0.07756329,-0.9384106,0,0,0,0.9562076,-0.6279728,-2.550623,-0.05200838,0.03158566,1.092195,0.9644358,0.05141596,0.2592682,-0.1328171,0.942337,0.3071818,-0.228524,-0.3306924,0.9156524,moving,-13.8473,-16.80963,-2.726264,1.6565,-16.468734615000862,-6.097103229242212
05/11/2023 12:34:14.113886,4396,True,True,True,True,Eyes,1.268523,-0.2938508,-3.539526,-0.2314432,-0.2817973,0.9311414,0.0,0.0,0.0,0.0,0.0,0.0,0.0,-0.2790801,1.532363,3.439213,1.260014,-0.293906,-3.546856,0.1629212,-0.12495,0.04709819,0.9775613,19.28703,345.9623,3.119759,0.33667,-0.07759595,-0.9384196,0,0,0,0.9562076,-0.6279728,-2.550623,-0.05147181,0.03109995,1.092137,0.9643385,0.05136873,0.2596391,-0.1327967,0.9424769,0.3067611,-0.2289459,-0.3303007,0.9156884,static,-13.95849,-16.83773,-2.698321,1.631126,-16.58161573045202,-6.126258083527773
05/11/2023 12:34:14.133965,4397,True,True,True,True,Eyes,1.2684,-0.2939306,-3.539455,-0.2332936,-0.2820858,0.9305922,0.0,0.0,0.0,0.0,0.0,0.0,0.0,-0.2770473,1.530888,3.440058,1.259965,-0.2939526,-3.546893,0.1626969,-0.1252152,0.04712268,0.9775636,19.26234,345.9312,3.120374,0.336638,-0.07762784,-0.9384285,0,0,0,0.9562076,-0.6279728,-2.550623,-0.0508721,0.03065789,1.092184,0.9642012,0.05138656,0.2601451,-0.1328751,0.9426184,0.3062921,-0.2294782,-0.3298939,0.9157017,static,-14.07364,-16.86337,-2.666815,1.607886,-16.69840301458033,-6.1529518966974095
05/11/2023 12:34:14.143743,4398,True,True,True,True,Eyes,1.268278,-0.2940111,-3.53939,-0.235095,-0.2823508,0.9300583,0.0,0.0,0.0,0.0,0.0,0.0,0.0,-0.2759851,1.530037,3.44039,1.259912,-0.2939107,-3.546788,0.1625917,-0.1253654,0.04709594,0.9775631,19.25031,345.9128,3.115598,0.3366068,-0.07765886,-0.9384372,0,0,0,0.9562076,-0.6279728,-2.550623,-0.05053112,0.03033313,1.092111,0.964131,0.05131176,0.2604199,-0.1328452,0.9426919,0.3060789,-0.2297903,-0.3296957,0.915695,static,-14.18576,-16.88745,-2.649142,1.590969,-16.812088037657134,-6.178048103429067
05/11/2023 12:34:14.163416,4399,True,True,True,True,Eyes,1.268171,-0.2940859,-3.539322,-0.2369061,-0.2826423,0.92951,0.0,0.0,0.0,0.0,0.0,0.0,0.0,-0.2733904,1.529067,3.441059,1.259826,-0.2940108,-3.54684,0.1624309,-0.1256958,0.04713789,0.9775454,19.23341,345.874,3.116087,0.3365764,-0.07768911,-0.9384456,0,0,0,0.9562076,-0.6279728,-2.550623,-0.0497431,0.03008413,1.092147,0.9639572,0.05132509,0.2610599,-0.1329926,0.9427885,0.3057171,-0.2304333,-0.3294172,0.9156336,static,-14.29867,-16.91329,-2.607801,1.577863,-16.92662650195848,-6.204929212604597
05/11/2023 12:34:14.183759,4400,True,True,True,True,Eyes,1.268066,-0.2941609,-3.539257,-0.2386608,-0.2829145,0.9289781,0.0,0.0,0.0,0.0,0.0,0.0,0.0,-0.2720804,1.528605,3.441293,1.259711,-0.2939814,-3.54681,0.1623782,-0.1258669,0.04711454,0.9775332,19.22753,345.853,3.110559,0.336547,-0.07771851,-0.9384537,0,0,0,0.9562076,-0.6279728,-2.550623,-0.04926918,0.0299007,1.092122,0.9638755,0.05123596,0.2613789,-0.1329881,0.9428271,0.3055998,-0.2307774,-0.3293204,0.9155817,static,-14.40808,-16.93779,-2.583047,1.568282,-17.037596722307526,-6.230432035992948
05/11/2023 12:34:14.194032,4401,True,True,True,True,Eyes,1.267975,-0.2942314,-3.539189,-0.2404071,-0.283196,0.9284419,0.0,0.0,0.0,0.0,0.0,0.0,0.0,-0.2695742,1.528085,3.441706,1.259653,-0.294067,-3.546809,0.1622268,-0.1261178,0.04743648,0.9775105,19.21549,345.8293,3.145817,0.3365186,-0.07774715,-0.9384615,0,0,0,0.9562076,-0.6279728,-2.550623,-0.04877512,0.02975777,1.092106,0.9636881,0.05181993,0.2619539,-0.1336587,0.9428645,0.3051916,-0.231172,-0.3291219,0.9155536,static,-14.5171,-16.96291,-2.557218,1.560813,-17.148194693333735,-6.2565591759566495
05/11/2023 12:34:14.213839,4402,True,True,True,True,Eyes,1.267886,-0.2942948,-3.539119,-0.2420994,-0.2834738,0.9279173,0.0,0.0,0.0,0.0,0.0,0.0,0.0,-0.2661783,1.527002,3.442376,1.259618,-0.2940595,-3.54675,0.161982,-0.1264625,0.0478893,0.9774845,19.19488,345.7971,3.196028,0.3364914,-0.07777498,-0.9384689,0,0,0,0.9562076,-0.6279728,-2.550623,-0.04816814,0.0293549,1.092082,0.9634277,0.05265279,0.2627446,-0.1345914,0.9429368,0.3045574,-0.2317158,-0.3287822,0.9155381,static,-14.62284,-16.98763,-2.525492,1.539726,-17.255476914478898,-6.2822599839166635
05/11/2023 12:34:14.233644,4403,True,True,True,True,Eyes,1.26782,-0.2943515,-3.539039,-0.2437926,-0.2837468,0.9273904,0.0,0.0,0.0,0.0,0.0,0.0,0.0,-0.2644798,1.527536,3.44212,1.259557,-0.2939546,-3.546633,0.1620813,-0.1266857,0.04790147,0.9774385,19.20722,345.7703,3.191524,0.3364653,-0.0778019,-0.938476,0,0,0,0.9562076,-0.6279728,-2.550623,-0.04764873,0.02942428,1.092012,0.9633123,0.05257472,0.2631828,-0.1347082,0.9428703,0.304712,-0.2321271,-0.3289858,0.9153608,static,-14.72868,-17.01215,-2.498452,1.543462,-17.362853232048334,-6.307759227367864
05/11/2023 12:34:14.243595,4404,True,True,True,True,Eyes,1.267754,-0.2944126,-3.538961,-0.2454377,-0.2839874,0.9268827,0.0,0.0,0.0,0.0,0.0,0.0,0.0,-0.263469,1.525429,3.442912,1.259523,-0.2938902,-3.546438,0.1617789,-0.1268123,0.04797182,0.9774686,19.17378,345.7569,3.201573,0.336441,-0.07782781,-0.9384826,0,0,0,0.9562076,-0.6279728,-2.550623,-0.0474575,0.02866158,1.091873,0.9632347,0.0527508,0.2634317,-0.134813,0.9430526,0.3041008,-0.2323883,-0.3284344,0.9154925,static,-14.83147,-17.03453,-2.488755,1.503665,-17.467088035367297,-6.331074260372855
05/11/2023 12:34:14.263609,4405,True,True,True,True,Eyes,1.267688,-0.2944723,-3.538892,-0.2470568,-0.2843005,0.9263564,0.0,0.0,0.0,0.0,0.0,0.0,0.0,-0.2614572,1.523659,3.443817,1.259465,-0.2940612,-3.546413,0.1614897,-0.1270657,0.04803512,0.9774804,19.14217,345.728,3.208027,0.3364181,-0.07785295,-0.9384887,0,0,0,0.9562076,-0.6279728,-2.550623,-0.04690626,0.02819002,1.091818,0.9630938,0.05286715,0.2639229,-0.1349464,0.9432275,0.3034987,-0.2328942,-0.3279132,0.9155508,static,-14.93306,-17.06134,-2.460007,1.479011,-17.570260586184702,-6.35886071478572
05/11/2023 12:34:14.283912,4406,True,True,True,True,Eyes,1.267622,-0.294542,-3.538825,-0.2486194,-0.2846442,0.9258326,0.0,0.0,0.0,0.0,0.0,0.0,0.0,-0.2608977,1.527019,3.442479,1.259406,-0.2940737,-3.546539,0.1620171,-0.1271732,0.04783663,0.977389,19.20048,345.7103,3.174792,0.3363965,-0.07787732,-0.9384944,0,0,0,0.9562076,-0.6279728,-2.550623,-0.04644905,0.02930146,1.091902,0.9630772,0.05230153,0.264096,-0.1347184,0.9429243,0.3045404,-0.2330946,-0.3288745,0.9151549,static,-15.03137,-17.08987,-2.435869,1.537177,-17.670187257924134,-6.388364488564555
05/11/2023 12:34:14.293903,4407,True,True,True,True,Eyes,1.267567,-0.2946061,-3.538761,-0.2501664,-0.2850647,0.9252864,0.0,0.0,0.0,0.0,0.0,0.0,0.0,-0.2590977,1.531208,3.440747,1.259351,-0.2943733,-3.546527,0.1625497,-0.1273492,0.04803512,0.9772679,19.26536,345.6922,3.187213,0.3363761,-0.07790127,-0.9384997,0,0,0,0.9562076,-0.6279728,-2.550623,-0.04597995,0.03080404,1.091763,0.9629496,0.05248519,0.2645248,-0.1352875,0.9425404,0.3054748,-0.2332924,-0.3299437,0.9147195,static,-15.12914,-17.12316,-2.411605,1.616169,-17.769727094140087,-6.422677765898708
05/11/2023 12:34:14.313991,4408,True,True,True,True,Eyes,1.267513,-0.2946718,-3.5387,-0.2516519,-0.2855132,0.9247451,0.0,0.0,0.0,0.0,0.0,0.0,0.0,-0.2576931,1.534925,3.43926,1.259402,-0.2943056,-3.546576,0.1630596,-0.1274866,0.04823041,0.9771554,19.32746,345.6786,3.200354,0.3363568,-0.07792468,-0.9385047,0,0,0,0.9562076,-0.6279728,-2.550623,-0.04570062,0.03194425,1.091822,0.962842,0.05268138,0.2648773,-0.135833,0.9421707,0.3063717,-0.2334196,-0.3309667,0.9143174,static,-15.22332,-17.15797,-2.396843,1.675867,-17.865702326863513,-6.458504064404885
05/11/2023 12:34:14.333833,4409,True,True,True,True,Eyes,1.267466,-0.2947284,-3.538637,-0.2531002,-0.285949,0.924215,0.0,0.0,0.0,0.0,0.0,0.0,0.0,-0.2566188,1.539109,3.437462,1.259393,-0.2943993,-3.546564,0.163614,-0.1275656,0.04844852,0.9770416,19.39484,345.6726,3.216768,0.3363387,-0.07794763,-0.9385093,0,0,0,0.9562076,-0.6279728,-2.550623,-0.04549904,0.03331792,1.091747,0.9627596,0.05292939,0.2651275,-0.1364155,0.9417664,0.3073547,-0.23342,-0.3320762,0.9139149,static,-15.3152,-17.19189,-2.386446,1.74801,-17.95933240281498,-6.49341509849145
05/11/2023 12:34:14.343535,4410,True,True,True,True,Eyes,1.267419,-0.2947839,-3.538578,-0.2545023,-0.2863465,0.9237068,0.0,0.0,0.0,0.0,0.0,0.0,0.0,-0.2564808,1.538919,3.437473,1.259352,-0.2942477,-3.546509,0.1636085,-0.1275794,0.04845865,0.9770402,19.39439,345.6711,3.217766,0.3363218,-0.07796994,-0.9385135,0,0,0,0.9562076,-0.6279728,-2.550623,-0.04545523,0.03314397,1.091739,0.9627506,0.05294595,0.265157,-0.1364383,0.9417681,0.3073394,-0.233444,-0.3320687,0.9139115,static,-15.40409,-17.22329,-2.384169,1.738902,-18.049868853309782,-6.52575808278684
05/11/2023 12:34:14.363736,4411,True,True,True,True,Eyes,1.267388,-0.2948361,-3.538519,-0.2558536,-0.2867706,0.9232017,0.0,0.0,0.0,0.0,0.0,0.0,0.0,-0.255375,1.537119,3.438376,1.25931,-0.294282,-3.546536,0.1633389,-0.1277226,0.04847589,0.9770657,19.36401,345.6546,3.220704,0.3363059,-0.07799163,-0.9385173,0,0,0,0.9562076,-0.6279728,-2.550623,-0.04513711,0.03259107,1.091772,0.9626741,0.05300412,0.2654228,-0.1364524,0.941941,0.3068027,-0.2337508,-0.3315686,0.9140147,static,-15.49003,-17.25616,-2.367431,1.70986,-18.137483455676374,-6.559567797654758
05/11/2023 12:34:14.373668,4412,True,True,True,True,Eyes,1.267357,-0.2948876,-3.538459,-0.2571542,-0.2871672,0.9227171,0.0,0.0,0.0,0.0,0.0,0.0,0.0,-0.254314,1.536354,3.438816,1.25928,-0.2942744,-3.546566,0.1632376,-0.1278736,0.04843765,0.9770648,19.35227,345.6358,3.214496,0.3362914,-0.07801266,-0.9385208,0,0,0,0.9562076,-0.6279728,-2.550623,-0.04477628,0.03234649,1.091815,0.9626043,0.05290586,0.2656953,-0.136401,0.9420145,0.3065997,-0.2340679,-0.3313752,0.9140036,static,-15.57274,-17.28714,-2.348434,1.696969,-18.22178354485694,-6.591444890998627
05/11/2023 12:34:14.393752,4413,True,True,True,True,Eyes,1.267332,-0.2949354,-3.538403,-0.2584184,-0.2875843,0.9222338,0.0,0.0,0.0,0.0,0.0,0.0,0.0,-0.2540596,1.535462,3.439157,1.259257,-0.2943136,-3.546497,0.1631094,-0.1279135,0.04842187,0.9770817,19.33738,345.6309,3.21363,0.336278,-0.07803309,-0.9385239,0,0,0,0.9562076,-0.6279728,-2.550623,-0.04469743,0.03207156,1.091745,0.9625869,0.05289646,0.26576,-0.136352,0.9421013,0.3063549,-0.2341677,-0.3311301,0.9140669,static,-15.65336,-17.31928,-2.344453,1.682661,-18.30401748583369,-6.624480990531286
05/11/2023 12:34:14.413934,4414,True,True,True,True,Eyes,1.267308,-0.29498,-3.538348,-0.2596356,-0.2879703,0.9217713,0.0,0.0,0.0,0.0,0.0,0.0,0.0,-0.2531685,1.533944,3.43997,1.25931,-0.2942808,-3.546549,0.1628659,-0.128013,0.04853833,0.9771037,19.31131,345.6216,3.228903,0.3362658,-0.07805286,-0.9385267,0,0,0,0.9562076,-0.6279728,-2.550623,-0.04458651,0.03157282,1.091836,0.9625134,0.05315608,0.2659743,-0.1365518,0.9422374,0.3058466,-0.2343534,-0.3307007,0.9141747,static,-15.73095,-17.34931,-2.338446,1.65637,-18.38313103889965,-6.655363347657424
05/11/2023 12:34:14.433602,4415,True,True,True,True,Eyes,1.26727,-0.2950171,-3.538297,-0.2607922,-0.2883249,0.9213339,0.0,0.0,0.0,0.0,0.0,0.0,0.0,-0.2527712,1.53266,3.440523,1.259285,-0.294251,-3.546514,0.1626766,-0.1280572,0.04857998,0.9771273,19.29024,345.6174,3.235645,0.3362547,-0.07807194,-0.9385291,0,0,0,0.9562076,-0.6279728,-2.550623,-0.04451638,0.03113148,1.091821,0.9624827,0.05327379,0.2660621,-0.1366015,0.9423526,0.3054695,-0.2344508,-0.3303536,0.9142753,static,-15.80466,-17.37714,-2.334804,1.633252,-18.45826538976096,-6.683995290913444
05/11/2023 12:34:14.443609,4416,True,True,True,True,Eyes,1.267233,-0.2950562,-3.538248,-0.2619062,-0.2886343,0.920921,0.0,0.0,0.0,0.0,0.0,0.0,0.0,-0.2526839,1.530991,3.441234,1.259288,-0.2940816,-3.546489,0.1624755,-0.1280968,0.04849578,0.9771597,19.26595,345.6112,3.227704,0.3362442,-0.07809023,-0.9385313,0,0,0,0.9562076,-0.6279728,-2.550623,-0.04445451,0.03049159,1.091872,0.9624788,0.05315105,0.2661008,-0.1364014,0.9424998,0.3051047,-0.2345833,-0.3299533,0.9143858,static,-15.87554,-17.40199,-2.331455,1.599625,-18.530452055334813,-6.709595119281282
05/11/2023 12:34:14.463488,4417,True,True,True,True,Eyes,1.267189,-0.2950946,-3.538203,-0.2629517,-0.288932,0.9205295,0.0,0.0,0.0,0.0,0.0,0.0,0.0,-0.2528833,1.528306,3.442383,1.259274,-0.2941741,-3.546458,0.162099,-0.1281069,0.04837001,0.9772273,19.22071,345.6081,3.217935,0.3362343,-0.07810783,-0.9385334,0,0,0,0.9562076,-0.6279728,-2.550623,-0.04444118,0.02969688,1.091834,0.9624979,0.05300499,0.2660605,-0.136069,0.9427686,0.304422,-0.2346976,-0.329208,0.914625,static,-15.94213,-17.42581,-2.330838,1.558009,-18.59828525863859,-6.734124852972393
05/11/2023 12:34:14.483747,4418,True,True,True,True,Eyes,1.267147,-0.295135,-3.538162,-0.2639658,-0.2892011,0.9201548,0.0,0.0,0.0,0.0,0.0,0.0,0.0,-0.2538513,1.528706,3.442173,1.259324,-0.2941746,-3.546478,0.1621284,-0.12795,0.04848786,0.9772371,19.22531,345.6293,3.234715,0.3362247,-0.07812481,-0.9385355,0,0,0,0.9562076,-0.6279728,-2.550623,-0.04485543,0.02982688,1.091845,0.9625555,0.0532796,0.2657974,-0.1362569,0.9427266,0.3044678,-0.2343524,-0.3292838,0.9146864,static,-16.00666,-17.44773,-2.352515,1.564809,-18.6639816688879,-6.75671965458033
05/11/2023 12:34:14.493640,4419,True,True,True,True,Eyes,1.267103,-0.2951764,-3.538126,-0.2649314,-0.2894569,0.9197968,0.0,0.0,0.0,0.0,0.0,0.0,0.0,-0.2523846,1.52733,3.442917,1.259314,-0.2942677,-3.546498,0.1618764,-0.1281005,0.04867902,0.9772495,19.19953,345.6154,3.257944,0.3362154,-0.07814127,-0.9385374,0,0,0,0.9562076,-0.6279728,-2.550623,-0.04459721,0.02943641,1.091854,0.9624413,0.05367019,0.2661322,-0.136616,0.9428527,0.3039157,-0.2346123,-0.3288589,0.9147726,static,-16.06812,-17.46861,-2.338969,1.544322,-18.72655268100341,-6.7782423843286495
05/11/2023 12:34:14.513856,4420,True,True,True,True,Eyes,1.267061,-0.2952162,-3.538091,-0.2658558,-0.2897379,0.9194415,0.0,0.0,0.0,0.0,0.0,0.0,0.0,-0.2529429,1.525997,3.44355,1.259295,-0.2943289,-3.54658,0.1616798,-0.128035,0.04862856,0.9772933,19.17591,345.6226,3.256089,0.3362062,-0.07815727,-0.9385394,0,0,0,0.9562076,-0.6279728,-2.550623,-0.04471134,0.02907112,1.09191,0.9624847,0.05364738,0.26598,-0.1364501,0.9429898,0.3035649,-0.2345309,-0.3284695,0.9149333,static,-16.12719,-17.49088,-2.344828,1.525089,-18.786763061209676,-6.801154685958828
05/11/2023 12:34:14.544153,4421,True,True,True,True,Eyes,1.267025,-0.2952524,-3.538052,-0.2667405,-0.290034,0.9190919,0.0,0.0,0.0,0.0,0.0,0.0,0.0,-0.2537273,1.529134,3.442096,1.259287,-0.2943181,-3.546579,0.162201,-0.1279974,0.04832997,0.9772267,19.23154,345.6204,3.213957,0.3361973,-0.07817282,-0.9385413,0,0,0,0.9562076,-0.6279728,-2.550623,-0.04462656,0.03008375,1.091886,0.9625618,0.05293604,0.2658432,-0.1359813,0.94271,0.3046421,-0.2344865,-0.3293865,0.914615,static,-16.18388,-17.51391,-2.340438,1.578219,-18.844602114814272,-6.824819597673045
05/11/2023 12:34:14.553674,4422,True,True,True,True,Eyes,1.266981,-0.2952874,-3.538023,-0.2676099,-0.2903304,0.9187454,0.0,0.0,0.0,0.0,0.0,0.0,0.0,-0.2547116,1.528104,3.442376,1.259353,-0.294265,-3.546459,0.1620792,-0.1279019,0.04824189,0.9772637,19.21589,345.6303,3.207183,0.3361887,-0.07818787,-0.9385431,0,0,0,0.9562076,-0.6279728,-2.550623,-0.04492632,0.02971044,1.091809,0.9626277,0.05282963,0.2656257,-0.1357506,0.9428061,0.3044477,-0.2343497,-0.3291286,0.9147429,static,-16.23965,-17.53693,-2.356307,1.558756,-18.901514509152477,-6.848468263701456
05/11/2023 12:34:14.563904,4423,True,True,True,True,Eyes,1.266939,-0.2953234,-3.537994,-0.2684427,-0.2906258,0.918409,0.0,0.0,0.0,0.0,0.0,0.0,0.0,-0.2545027,1.528461,3.442364,1.259374,-0.2942508,-3.546579,0.1621047,-0.1279001,0.04835028,0.9772544,19.22041,345.6327,3.21973,0.3361801,-0.07820243,-0.938545,0,0,0,0.9562076,-0.6279728,-2.550623,-0.044946,0.02983409,1.091925,0.9626077,0.05303462,0.2656574,-0.1359674,0.9427686,0.3044671,-0.2343062,-0.3292031,0.9147272,static,-16.29316,-17.55971,-2.357088,1.565073,-18.956143444574394,-6.871859183610425
05/11/2023 12:34:14.583717,4424,True,True,True,True,Eyes,1.266899,-0.2953581,-3.537967,-0.2692375,-0.2909009,0.9180893,0.0,0.0,0.0,0.0,0.0,0.0,0.0,-0.2544848,1.52951,3.441902,1.259381,-0.2943085,-3.546575,0.1622435,-0.1278932,0.04838039,0.9772307,19.23684,345.6339,3.22147,0.3361716,-0.07821656,-0.9385469,0,0,0,0.9562076,-0.6279728,-2.550623,-0.0449542,0.03020272,1.091895,0.9626054,0.05305794,0.2656611,-0.1360573,0.9426727,0.3047236,-0.2342634,-0.3294737,0.9146408,static,-16.34422,-17.58105,-2.357583,1.584445,-19.008258064350848,-6.893777703002538
05/11/2023 12:34:14.593853,4425,True,True,True,True,Eyes,1.266863,-0.2953853,-3.53794,-0.269996,-0.2911527,0.9177866,0.0,0.0,0.0,0.0,0.0,0.0,0.0,-0.25495,1.528803,3.442185,1.259387,-0.294316,-3.546576,0.1621357,-0.1278292,0.04839225,0.9772564,19.22437,345.642,3.225719,0.3361633,-0.07823028,-0.9385487,0,0,0,0.9562076,-0.6279728,-2.550623,-0.04511803,0.02998331,1.091894,0.9626358,0.05313189,0.2655361,-0.1360346,0.9427404,0.3045245,-0.2341516,-0.3292683,0.9147434,static,-16.39292,-17.60077,-2.366166,1.572941,-19.057943055263692,-6.914042413819857
05/11/2023 12:34:14.613728,4426,True,True,True,True,Eyes,1.266827,-0.2954141,-3.537917,-0.2707168,-0.2913945,0.9174975,0.0,0.0,0.0,0.0,0.0,0.0,0.0,-0.2560009,1.527254,3.442796,1.259439,-0.2941611,-3.546572,0.1619494,-0.1277231,0.04829302,0.977306,19.20108,345.6531,3.218752,0.3361551,-0.07824342,-0.9385506,0,0,0,0.9562076,-0.6279728,-2.550623,-0.04540683,0.02940258,1.091956,0.9627092,0.05302476,0.2652912,-0.1357635,0.9428804,0.3042119,-0.2340071,-0.3288845,0.9149184,static,-16.43922,-17.6197,-2.38116,1.542404,-19.105185497187705,-6.933492309095733
05/11/2023 12:34:14.623542,4427,True,True,True,True,Eyes,1.266788,-0.2954392,-3.537891,-0.2714367,-0.2916124,0.9172155,0.0,0.0,0.0,0.0,0.0,0.0,0.0,-0.2566749,1.527373,3.442744,1.259408,-0.294228,-3.546626,0.1619564,-0.1276276,0.04828328,0.9773179,19.20144,345.6645,3.219443,0.336147,-0.07825607,-0.9385524,0,0,0,0.9562076,-0.6279728,-2.550623,-0.04556437,0.02949387,1.091967,0.9627599,0.053036,0.265105,-0.1357164,0.9428778,0.3042412,-0.2338258,-0.3288903,0.9149626,static,-16.48536,-17.63714,-2.389387,1.547174,-19.152217730986848,-6.951434514671053
05/11/2023 12:34:14.643927,4428,True,True,True,True,Eyes,1.266752,-0.2954633,-3.537869,-0.2721293,-0.2917952,0.9169521,0.0,0.0,0.0,0.0,0.0,0.0,0.0,-0.2573196,1.525763,3.443291,1.259475,-0.2941536,-3.546493,0.1617409,-0.1275643,0.04825649,0.977363,19.17599,345.6719,3.220613,0.3361391,-0.0782682,-0.9385543,0,0,0,0.9562076,-0.6279728,-2.550623,-0.04582958,0.02891478,1.091892,0.9627973,0.05306347,0.2649634,-0.135593,0.9430224,0.3038476,-0.2337432,-0.3284708,0.9151344,static,-16.52962,-17.65226,-2.403444,1.516916,-19.19728056781966,-6.9670183026689365
05/11/2023 12:34:14.664048,4429,True,True,True,True,Eyes,1.26672,-0.2954838,-3.537845,-0.272785,-0.2919676,0.9167024,0.0,0.0,0.0,0.0,0.0,0.0,0.0,-0.2575731,1.523432,3.444374,1.25949,-0.2941619,-3.546555,0.1614117,-0.1275535,0.04818413,0.9774225,19.13693,345.6723,3.216921,0.3361312,-0.07827982,-0.9385561,0,0,0,0.9562076,-0.6279728,-2.550623,-0.04587813,0.02819759,1.091967,0.9628168,0.05301524,0.2649023,-0.1353697,0.9432491,0.3032427,-0.2337923,-0.327827,0.9153528,static,-16.57154,-17.66656,-2.405822,1.479206,-19.239960279731534,-6.981757340487675
05/11/2023 12:34:14.683757,4430,True,True,True,True,Eyes,1.26669,-0.2955052,-3.537822,-0.2734115,-0.2921137,0.9164692,0.0,0.0,0.0,0.0,0.0,0.0,0.0,-0.2587054,1.521835,3.444937,1.259513,-0.2940963,-3.546496,0.1612162,-0.1274427,0.04805137,0.9774756,19.1121,345.6833,3.206183,0.3361236,-0.07829089,-0.9385579,0,0,0,0.9562076,-0.6279728,-2.550623,-0.04615118,0.02764806,1.091942,0.9628989,0.05284642,0.2646377,-0.1350298,0.9434008,0.3029222,-0.2336511,-0.3274174,0.9155353,static,-16.61149,-17.67907,-2.420179,1.450424,-19.280597443169327,-6.994673273494165
05/11/2023 12:34:14.693813,4431,True,True,True,True,Eyes,1.266651,-0.2955246,-3.537802,-0.2739947,-0.2922512,0.9162512,0.0,0.0,0.0,0.0,0.0,0.0,0.0,-0.2596129,1.520143,3.44564,1.259521,-0.2941422,-3.546514,0.160996,-0.1273661,0.04788509,0.9775301,19.08405,345.6896,3.191125,0.3361163,-0.07830148,-0.9385597,0,0,0,0.9562076,-0.6279728,-2.550623,-0.04630326,0.0271565,1.091952,0.9629698,0.05260738,0.264427,-0.1346291,0.9435747,0.302559,-0.2335897,-0.3269547,0.9157164,static,-16.64871,-17.69081,-2.428122,1.424634,-19.318460446345547,-7.006792413802181
05/11/2023 12:34:14.713691,4432,True,True,True,True,Eyes,1.266613,-0.2955461,-3.537783,-0.2745459,-0.2923776,0.9160458,0.0,0.0,0.0,0.0,0.0,0.0,0.0,-0.2611501,1.51943,3.445803,1.259519,-0.2940911,-3.546484,0.1609303,-0.1271992,0.04773179,0.9775703,19.07371,345.7068,3.177236,0.3361089,-0.07831159,-0.9385616,0,0,0,0.9562076,-0.6279728,-2.550623,-0.04664145,0.02690366,1.091932,0.963084,0.05238194,0.2640553,-0.1342628,0.9436462,0.3024985,-0.2333293,-0.3267843,0.9158436,static,-16.68388,-17.70171,-2.445881,1.411402,-19.354231660669782,-7.0180485143871
05/11/2023 12:34:14.733953,4433,True,True,True,True,Eyes,1.26658,-0.295567,-3.537766,-0.2750815,-0.2924861,0.9158505,0.0,0.0,0.0,0.0,0.0,0.0,0.0,-0.2619025,1.519045,3.445932,1.259509,-0.2941658,-3.546497,0.1608557,-0.1270882,0.04776108,0.9775956,19.06517,345.7209,3.184016,0.3361014,-0.07832132,-0.9385634,0,0,0,0.9562076,-0.6279728,-2.550623,-0.04688555,0.02683017,1.09191,0.9631349,0.05249633,0.2638469,-0.1342678,0.9436886,0.3023639,-0.2331164,-0.3266434,0.915948,static,-16.71797,-17.71141,-2.458716,1.407576,-19.38887589498055,-7.028084026477579
05/11/2023 12:34:14.744112,4434,True,True,True,True,Eyes,1.266547,-0.2955902,-3.53775,-0.275592,-0.292596,0.9156619,0.0,0.0,0.0,0.0,0.0,0.0,0.0,-0.2629375,1.519433,3.445735,1.259533,-0.2941693,-3.54654,0.160919,-0.1269621,0.04770724,0.9776042,19.07128,345.735,3.179279,0.3360941,-0.07833069,-0.9385653,0,0,0,0.9562076,-0.6279728,-2.550623,-0.04714757,0.02697235,1.091939,0.9632092,0.05241633,0.2635914,-0.1341388,0.9436582,0.3025162,-0.2328834,-0.3267443,0.9159714,static,-16.75052,-17.72106,-2.472372,1.414994,-19.42196788604916,-7.038058712764656
05/11/2023 12:34:14.764126,4435,True,True,True,True,Eyes,1.266529,-0.2956093,-3.537731,-0.2760988,-0.2927217,0.915469,0.0,0.0,0.0,0.0,0.0,0.0,0.0,-0.2632378,1.520039,3.445455,1.259513,-0.2942463,-3.54655,0.1609978,-0.1269186,0.04769931,0.9775972,19.08011,345.7399,3.178103,0.3360868,-0.07833978,-0.938567,0,0,0,0.9562076,-0.6279728,-2.550623,-0.04720248,0.02721602,1.091911,0.9632329,0.05239419,0.2635095,-0.1341286,0.943609,0.3026741,-0.2327915,-0.3268898,0.9159427,static,-16.78293,-17.73171,-2.475311,1.427808,-19.454951871830495,-7.049043621904705
05/11/2023 12:34:14.783982,4436,True,True,True,True,Eyes,1.26651,-0.2956333,-3.537713,-0.2765824,-0.2928433,0.915284,0.0,0.0,0.0,0.0,0.0,0.0,0.0,-0.2640884,1.520519,3.445151,1.259528,-0.2941803,-3.546524,0.161089,-0.1268206,0.04763908,0.9775977,19.08945,345.7504,3.171646,0.33608,-0.07834852,-0.9385687,0,0,0,0.9562076,-0.6279728,-2.550623,-0.04741043,0.02732766,1.0919,0.963294,0.05228489,0.2633074,-0.1340025,0.9435617,0.3028773,-0.2326109,-0.3270437,0.9159337,static,-16.81388,-17.74197,-2.486228,1.433678,-19.486452959082413,-7.059624445499146
05/11/2023 12:34:14.793892,4437,True,True,True,True,Eyes,1.266487,-0.2956528,-3.537695,-0.2770329,-0.2929811,0.9151037,0.0,0.0,0.0,0.0,0.0,0.0,0.0,-0.2641616,1.520747,3.445042,1.259487,-0.2943224,-3.546525,0.1610919,-0.1267905,0.04769211,0.9775987,19.09045,345.7551,3.17851,0.3360736,-0.07835706,-0.9385703,0,0,0,0.9562076,-0.6279728,-2.550623,-0.04744415,0.02748463,1.091841,0.9632992,0.05239762,0.2632661,-0.1340973,0.9435497,0.3028727,-0.2325349,-0.3270603,0.9159471,static,-16.84284,-17.75307,-2.48813,1.441988,-19.515978039603674,-7.0710413720167935
05/11/2023 12:34:14.814116,4438,True,True,True,True,Eyes,1.266462,-0.295674,-3.53768,-0.2774725,-0.2931249,0.9149244,0.0,0.0,0.0,0.0,0.0,0.0,0.0,-0.2637076,1.520886,3.444971,1.259435,-0.2942245,-3.546508,0.1611292,-0.1268473,0.04768744,0.9775854,19.09486,345.7481,3.176278,0.3360674,-0.07836532,-0.9385719,0,0,0,0.9562076,-0.6279728,-2.550623,-0.04727283,0.02745721,1.091848,0.9632713,0.05235947,0.2633758,-0.1341147,0.9435266,0.3029369,-0.2326405,-0.327133,0.9158943,static,-16.87117,-17.7645,-2.479138,1.440539,-19.544879661780847,-7.082787779574982
05/11/2023 12:34:14.833611,4439,True,True,True,True,Eyes,1.266452,-0.2956913,-3.53766,-0.2779311,-0.2932907,0.9147322,0.0,0.0,0.0,0.0,0.0,0.0,0.0,-0.262772,1.52197,3.444594,1.259394,-0.2942816,-3.546547,0.161273,-0.1269564,0.04772107,0.9775457,19.11228,345.7354,3.176026,0.3360613,-0.07837335,-0.9385734,0,0,0,0.9562076,-0.6279728,-2.550623,-0.04697135,0.02783942,1.091859,0.9632095,0.05234979,0.2636037,-0.1342483,0.9434274,0.3031864,-0.2328192,-0.3274204,0.9157462,static,-16.90081,-17.77742,-2.463323,1.46057,-19.575149404191798,-7.096049544487169
05/11/2023 12:34:14.843925,4440,True,True,True,True,Eyes,1.266441,-0.2957088,-3.53764,-0.2783753,-0.2934476,0.9145468,0.0,0.0,0.0,0.0,0.0,0.0,0.0,-0.261836,1.52188,3.444658,1.259448,-0.2942219,-3.546487,0.1612579,-0.1270768,0.04778512,0.9775296,19.11185,345.7221,3.181403,0.3360558,-0.07838108,-0.9385747,0,0,0,0.9562076,-0.6279728,-2.550623,-0.04679982,0.02775896,1.091847,0.9631361,0.05243848,0.263854,-0.134407,0.943425,0.3031239,-0.2330311,-0.3274134,0.9156948,static,-16.92952,-17.7897,-2.454366,1.456366,-19.604461655042037,-7.1086579685652325
05/11/2023 12:34:14.863897,4441,True,True,True,True,Eyes,1.266432,-0.2957252,-3.537621,-0.2787909,-0.2936377,0.9143591,0.0,0.0,0.0,0.0,0.0,0.0,0.0,-0.2614512,1.521675,3.444735,1.259414,-0.2942468,-3.546456,0.1612287,-0.1271278,0.04777839,0.9775282,19.10856,345.7159,3.179982,0.3360507,-0.07838856,-0.9385759,0,0,0,0.9562076,-0.6279728,-2.550623,-0.04666531,0.02769998,1.091808,0.9631115,0.05241613,0.2639484,-0.1344027,0.943445,0.3030633,-0.2331355,-0.3273591,0.9156877,static,-16.95663,-17.80392,-2.447407,1.453324,-19.632226836117148,-7.123217367838237
05/11/2023 12:34:14.883756,4442,True,True,True,True,Eyes,1.266423,-0.2957432,-3.537602,-0.2791836,-0.2938316,0.9141769,0.0,0.0,0.0,0.0,0.0,0.0,0.0,-0.261402,1.521866,3.44471,1.259451,-0.2942305,-3.546497,0.1612599,-0.1271417,0.0477621,0.9775219,19.11196,345.7138,3.177325,0.3360461,-0.07839575,-0.9385769,0,0,0,0.9562076,-0.6279728,-2.550623,-0.04665151,0.02776334,1.091861,0.9631075,0.05237129,0.2639719,-0.1343827,0.9434281,0.303125,-0.2331634,-0.3274153,0.9156604,static,-16.98233,-17.81826,-2.446567,1.456577,-19.658576271209824,-7.137888704658138
05/11/2023 12:34:14.893641,4443,True,True,True,True,Eyes,1.266411,-0.295755,-3.537585,-0.2795422,-0.2939942,0.9140151,0.0,0.0,0.0,0.0,0.0,0.0,0.0,-0.2617213,1.522954,3.444154,1.259435,-0.2942873,-3.546449,0.1613989,-0.1270789,0.04782572,0.977504,19.12872,345.7224,3.184181,0.3360418,-0.07840275,-0.9385779,0,0,0,0.9562076,-0.6279728,-2.550623,-0.04678081,0.02813074,1.09178,0.9631273,0.05247886,0.2638783,-0.1345205,0.9433261,0.3033809,-0.2330022,-0.3276915,0.9156027,static,-17.00572,-17.83046,-2.453521,1.475953,-19.68252928332212,-7.150380765000136
05/11/2023 12:34:14.913884,4444,True,True,True,True,Eyes,1.266402,-0.2957677,-3.53757,-0.2798814,-0.2941496,0.9138613,0.0,0.0,0.0,0.0,0.0,0.0,0.0,-0.2620162,1.521846,3.444616,1.259487,-0.2941388,-3.546439,0.1612606,-0.1270538,0.047808,0.977531,19.11243,345.7253,3.184547,0.3360379,-0.0784094,-0.9385787,0,0,0,0.9562076,-0.6279728,-2.550623,-0.04691112,0.02768692,1.091836,0.9631434,0.05249006,0.263817,-0.1344451,0.9434189,0.3031262,-0.2329789,-0.3274229,0.9157047,static,-17.02786,-17.84209,-2.460221,1.452603,-19.70520490929821,-7.162288131841553
05/11/2023 12:34:14.934049,4445,True,True,True,True,Eyes,1.2664,-0.2957777,-3.537556,-0.2802335,-0.2942992,0.9137052,1.084522,0.9624802,-0.6149518,-2.546622,0.4182698,0.8682602,0.2667852,-0.03930959,0.04039282,1.089835,1.259547,-0.294175,-3.546507,0.1612579,-0.1269868,0.04778655,0.9775413,19.11159,345.733,3.183397,0.3360342,-0.07841576,-0.9385795,0,0,0,0.9562076,-0.6279728,-2.550623,-0.04708946,0.02773851,1.091895,0.9631816,0.0524714,0.2636815,-0.1343819,0.9434247,0.303136,-0.2328577,-0.327409,0.9157405,static,-17.05079,-17.85345,-2.469429,1.45523,-19.728667071909108,-7.17392775382476
05/11/2023 12:34:14.943768,4446,True,True,True,True,Eyes,1.266399,-0.2957846,-3.537539,-0.2805634,-0.2944304,0.9135616,1.082808,0.9626026,-0.6145962,-2.548327,0.4262368,0.8915818,0.1529843,-0.03976309,0.04003063,1.088154,1.259534,-0.2941267,-3.546523,0.1612262,-0.1268997,0.04763427,0.9775651,19.10545,345.7405,3.167531,0.336031,-0.07842177,-0.9385802,0,0,0,0.9562076,-0.6279728,-2.550623,-0.04722621,0.02757165,1.091919,0.9632548,0.05221207,0.2634653,-0.1340503,0.9434742,0.3031287,-0.2327458,-0.3273077,0.9158051,static,-17.07221,-17.86353,-2.476537,1.446448,-19.75056665943174,-7.184263027773383
05/11/2023 12:34:14.966377,4447,True,True,True,True,Eyes,1.266395,-0.295793,-3.537526,-0.2808691,-0.2945777,0.9134203,1.081701,0.9625787,-0.6144379,-2.549478,0.4246436,0.9021416,0.07627828,-0.04040955,0.03942201,1.087037,1.259569,-0.2940599,-3.54647,0.1610788,-0.1267742,0.04757214,0.9776087,19.08715,345.7547,3.164783,0.3360282,-0.0784274,-0.9385806,0,0,0,0.9562076,-0.6279728,-2.550623,-0.04755443,0.0271568,1.091896,0.9633303,0.0521726,0.2631968,-0.1338551,0.943581,0.3028822,-0.2325454,-0.3270058,0.9159639,static,-17.09222,-17.87449,-2.493778,1.424723,-19.77107554899569,-7.1954787180618105
05/11/2023 12:34:14.973799,4448,True,True,True,True,Eyes,1.266392,-0.2957993,-3.537513,-0.2811546,-0.2947005,0.9132928,1.080933,0.962483,-0.6143509,-2.550305,0.4183269,0.9080498,0.02116964,-0.04103658,0.03873852,1.086294,1.259566,-0.2940983,-3.546498,0.1608348,-0.1266205,0.04744012,0.9776753,19.05661,345.771,3.155669,0.3360257,-0.07843271,-0.9385811,0,0,0,0.9562076,-0.6279728,-2.550623,-0.04787479,0.02662429,1.091909,0.9634333,0.05203211,0.2628475,-0.133492,0.9437633,0.3024746,-0.2323275,-0.3265021,0.9161988,static,-17.11083,-17.88381,-2.510528,1.396781,-19.790120755428433,-7.205026777473051
05/11/2023 12:34:14.993916,4449,True,True,True,True,Eyes,1.266393,-0.2958084,-3.537502,-0.2814046,-0.2948114,0.91318,1.080324,0.9623851,-0.6143004,-2.550972,0.4116249,0.9110566,-0.02325838,-0.04162392,0.03805956,1.085732,1.259596,-0.2940578,-3.546515,0.1606179,-0.1264846,0.04732179,0.9777342,19.02946,345.7854,3.147432,0.3360234,-0.07843769,-0.9385815,0,0,0,0.9562076,-0.6279728,-2.550623,-0.04819402,0.02608183,1.091944,0.9635246,0.05190491,0.262538,-0.1331677,0.9439251,0.3021123,-0.2321351,-0.3260542,0.916407,static,-17.12715,-17.89218,-2.527166,1.368289,-19.8068288964146,-7.2135989697615415
05/11/2023 12:34:15.013665,4450,True,True,True,True,Eyes,1.266396,-0.2958123,-3.53749,-0.2816259,-0.2949258,0.9130749,1.079832,0.9622872,-0.6142826,-2.551523,0.4051313,0.9122891,-0.05997591,-0.04234692,0.03767055,1.085243,1.25958,-0.2941368,-3.546555,0.1604882,-0.1262344,0.0471441,0.9777965,19.01114,345.8123,3.133216,0.3360215,-0.07844242,-0.9385818,0,0,0,0.9562076,-0.6279728,-2.550623,-0.04867743,0.02582496,1.091936,0.9636846,0.0516764,0.2619953,-0.1327129,0.9440419,0.3019472,-0.231731,-0.3257521,0.9166168,static,-17.14169,-17.9006,-2.552499,1.354828,-19.821746438728482,-7.222209851671341
05/11/2023 12:34:15.023740,4451,True,True,True,True,Eyes,1.266402,-0.2958187,-3.53748,-0.2818353,-0.2950488,0.9129704,1.079367,0.9621983,-0.6142846,-2.55205,0.399116,0.9119554,-0.09509909,-0.04312311,0.03764158,1.084764,1.259615,-0.2940197,-3.546517,0.1605544,-0.1260258,0.04737177,0.9778015,19.02137,345.8418,3.163516,0.33602,-0.07844681,-0.9385819,0,0,0,0.9562076,-0.6279728,-2.550623,-0.04923724,0.025949,1.091919,0.9637468,0.05217242,0.2616678,-0.1331084,0.9439564,0.3020405,-0.2312448,-0.3259207,0.9166796,static,-17.15553,-17.90951,-2.581854,1.361354,-19.835975314359786,-7.231311532903984
05/11/2023 12:34:15.044175,4452,True,True,True,True,Eyes,1.266409,-0.295815,-3.537473,-0.2820351,-0.2951612,0.9128724,1.079014,0.9620895,-0.614298,-2.552472,0.3921122,0.9116225,-0.1232577,-0.04319492,0.03736204,1.084448,1.259571,-0.2941009,-3.546588,0.1603822,-0.1261152,0.04772006,0.9778013,19.0068,345.8381,3.205467,0.3360189,-0.07845095,-0.938582,0,0,0,0.9562076,-0.6279728,-2.550623,-0.04910167,0.02579746,1.091957,0.9636355,0.05286821,0.2619381,-0.1337747,0.9440006,0.3016075,-0.2313243,-0.3256803,0.916745,static,-17.16872,-17.9177,-2.574666,1.35336,-19.849525988222837,-7.239680847704918
05/11/2023 12:34:15.063853,4453,True,True,True,True,Eyes,1.266421,-0.2958088,-3.537464,-0.2822669,-0.2952053,0.9127866,1.078762,0.9619217,-0.6142652,-2.552784,0.380749,0.913395,-0.1440131,-0.04352057,0.03696001,1.084358,1.259607,-0.2938491,-3.546669,0.160357,-0.126058,0.04745156,0.9778258,18.99985,345.8397,3.175107,0.3360181,-0.07845458,-0.938582,0,0,0,0.9562076,-0.6279728,-2.550623,-0.04917958,0.0254322,1.092123,0.9637154,0.05237016,0.261744,-0.1332273,0.944068,0.301639,-0.2313072,-0.3255656,0.9167901,static,-17.18352,-17.92178,-2.578354,1.334002,-19.864562281962584,-7.243905044801178
05/11/2023 12:34:15.073912,4454,True,True,True,True,Eyes,1.266431,-0.2957987,-3.537459,-0.2825056,-0.2951961,0.9127156,1.07864,0.9617094,-0.6142091,-2.552967,0.3666101,0.9171628,-0.1562352,-0.04372652,0.03594527,1.084226,1.259622,-0.2937916,-3.546613,0.1599332,-0.1261036,0.04731573,0.977896,18.94918,345.8322,3.164024,0.3360177,-0.0784577,-0.9385819,0,0,0,0.9562076,-0.6279728,-2.550623,-0.04913336,0.02438363,1.092119,0.9637182,0.05220342,0.2617671,-0.132876,0.9443651,0.3008628,-0.2314976,-0.3247295,0.9170386,static,-17.19845,-17.92257,-2.575943,1.279024,-19.87962103853817,-7.244803404427461
05/11/2023 12:34:15.093617,4455,True,True,True,True,Eyes,1.266437,-0.2957924,-3.537459,-0.2827416,-0.2952068,0.912639,1.078487,0.9615036,-0.6141691,-2.55319,0.3529215,0.9198814,-0.1710687,-0.04368344,0.03441438,1.084233,1.259614,-0.2936987,-3.546709,0.1592972,-0.1262414,0.04708885,0.977993,18.87304,345.8122,3.143294,0.3360176,-0.07846024,-0.9385817,0,0,0,0.9562076,-0.6279728,-2.550623,-0.04883096,0.02284247,1.092281,0.9636915,0.05188535,0.2619286,-0.1323249,0.9448141,0.2996939,-0.2319241,-0.3234722,0.9173751,static,-17.21333,-17.92458,-2.559732,1.198031,-19.894669659778714,-7.246935041371362
05/11/2023 12:34:15.113893,4456,True,True,True,True,Eyes,1.266446,-0.2957858,-3.537458,-0.2829615,-0.2952193,0.9125668,1.078369,0.9613096,-0.6141411,-2.553374,0.3401889,0.9222876,-0.1834584,-0.04370244,0.03416428,1.084208,1.259632,-0.2937661,-3.546827,0.1592056,-0.1262905,0.04669631,0.9780203,18.857,345.7988,3.097046,0.3360177,-0.07846235,-0.9385815,0,0,0,0.9562076,-0.6279728,-2.550623,-0.04860599,0.0225895,1.092387,0.9637403,0.05112757,0.2618979,-0.1315522,0.9449461,0.299618,-0.2321607,-0.3232072,0.9174086,static,-17.2272,-17.92662,-2.547706,1.184652,-19.90870232086138,-7.249090278804488
05/11/2023 12:34:15.123739,4457,True,True,True,True,Eyes,1.266461,-0.2957786,-3.537462,-0.2831842,-0.2952364,0.9124923,1.078228,0.9611236,-0.6141106,-2.553587,0.3276499,0.9239085,-0.1975823,-0.04423057,0.03421456,1.084017,1.259735,-0.2937506,-3.546774,0.1592556,-0.1261924,0.04660459,0.9780293,18.86113,345.8087,3.087421,0.336018,-0.07846408,-0.9385812,0,0,0,0.9562076,-0.6279728,-2.550623,-0.04889932,0.02265006,1.092358,0.963807,0.0509676,0.2616839,-0.131355,0.9449313,0.299751,-0.2319957,-0.3232756,0.9174263,static,-17.24128,-17.92896,-2.563129,1.187859,-19.92295631414173,-7.251550263309731
05/11/2023 12:34:15.143946,4458,True,True,True,True,Eyes,1.266477,-0.2957671,-3.537471,-0.2833838,-0.2952595,0.9124228,1.078116,0.9609566,-0.6140911,-2.553773,0.316468,0.9250752,-0.2099618,-0.04469827,0.03387332,1.084027,1.25976,-0.2937397,-3.546926,0.1590636,-0.1260939,0.0467304,0.9780672,18.8405,345.8233,3.107015,0.3360186,-0.07846543,-0.9385809,0,0,0,0.9562076,-0.6279728,-2.550623,-0.04916355,0.02232245,1.092502,0.9638332,0.05129706,0.2615227,-0.1315248,0.9450301,0.299365,-0.2317903,-0.3229347,0.9175982,static,-17.25395,-17.93155,-2.576623,1.170528,-19.935798845970027,-7.254253635681728
05/11/2023 12:34:15.163730,4459,True,True,True,True,Eyes,1.266488,-0.2957518,-3.537485,-0.2835774,-0.2952575,0.9123634,1.078066,0.9607728,-0.6140589,-2.553897,0.3042333,0.9272701,-0.2182027,-0.04531707,0.03403968,1.084113,1.259832,-0.2936234,-3.547072,0.1591513,-0.1259181,0.04675087,0.9780746,18.85034,345.8448,3.111717,0.3360195,-0.07846631,-0.9385805,0,0,0,0.9562076,-0.6279728,-2.550623,-0.04957704,0.02247259,1.092669,0.9639179,0.0513716,0.2611956,-0.1315318,0.9449704,0.2995502,-0.2314337,-0.3230973,0.917631,static,-17.2661,-17.93253,-2.597866,1.178218,-19.948064737888252,-7.255325579287483
05/11/2023 12:34:15.183345,4460,True,True,True,True,Eyes,1.266499,-0.2957324,-3.537502,-0.2837605,-0.2951984,0.9123255,1.078125,0.9605697,-0.6139932,-2.553901,0.2906724,0.9315553,-0.2184362,-0.04578897,0.03339913,1.084252,1.259834,-0.2935119,-3.547151,0.1588658,-0.1257908,0.04666259,0.9781416,18.81575,345.8588,3.107799,0.3360204,-0.07846666,-0.9385802,0,0,0,0.9562076,-0.6279728,-2.550623,-0.04985617,0.02173877,1.092778,0.9639986,0.05131754,0.2609085,-0.1312529,0.9451686,0.2990471,-0.2312562,-0.3225259,0.9178767,static,-17.27726,-17.92987,-2.612212,1.139642,-19.959213851662135,-7.252710313088311
05/11/2023 12:34:15.193613,4461,True,True,True,True,Eyes,1.266515,-0.2957133,-3.537523,-0.2839452,-0.2951224,0.9122927,1.078234,0.9603556,-0.6139242,-2.553858,0.276507,0.9364986,-0.2156716,-0.04627204,0.03182101,1.084481,1.259855,-0.2934048,-3.547246,0.1581383,-0.1256893,0.04655144,0.9782779,18.72997,345.87,3.106845,0.3360213,-0.07846642,-0.9385798,0,0,0,0.9562076,-0.6279728,-2.550623,-0.05014873,0.02004173,1.092923,0.9640703,0.05132791,0.2606412,-0.130833,0.9456505,0.2977043,-0.2311949,-0.3211083,0.918389,static,-17.28842,-17.92615,-2.627173,1.050558,-19.97032803003448,-7.2490232212043
05/11/2023 12:34:15.213758,4462,True,True,True,True,Eyes,1.266533,-0.2956884,-3.537548,-0.2841272,-0.2950212,0.9122688,1.078389,0.9601328,-0.6138362,-2.553767,0.2616013,0.9421499,-0.209567,-0.04662544,0.03109244,1.084751,1.25986,-0.2934048,-3.547403,0.1577173,-0.1256206,0.04653573,0.9783553,18.68099,345.8786,3.112244,0.3360224,-0.07846566,-0.9385795,0,0,0,0.9562076,-0.6279728,-2.550623,-0.05031773,0.01916689,1.093075,0.9641078,0.0514319,0.260482,-0.130682,0.9459194,0.2969154,-0.2311241,-0.3202987,0.9186894,static,-17.29926,-17.92084,-2.635648,1.004569,-19.981067603674212,-7.243726257185138
05/11/2023 12:34:15.224204,4463,True,True,True,True,Eyes,1.266557,-0.2956583,-3.537573,-0.284313,-0.294915,0.9122452,1.07858,0.9599025,-0.6137477,-2.553643,0.246255,0.9480678,-0.2013102,-0.04681529,0.03033453,1.085092,1.25992,-0.2932481,-3.547528,0.1573524,-0.1256526,0.0465013,0.9784117,18.63855,345.8746,3.112641,0.3360236,-0.07846425,-0.9385792,0,0,0,0.9562076,-0.6279728,-2.550623,-0.05032247,0.01825249,1.093269,0.9640981,0.05145132,0.2605142,-0.1305383,0.9461557,0.2962249,-0.2312458,-0.319597,0.9189032,static,-17.31032,-17.91523,-2.635429,0.9564838,-19.99201880355698,-7.238127413129483
05/11/2023 12:34:15.243960,4464,True,True,True,True,Eyes,1.266583,-0.2956226,-3.537601,-0.2844906,-0.2947726,0.9122359,1.078862,0.9596572,-0.6136416,-2.553425,0.2299022,0.9551305,-0.1867374,-0.04714367,0.02915028,1.085438,1.259946,-0.2931097,-3.547575,0.1567696,-0.1256259,0.04648662,0.9785094,18.57108,345.8784,3.119591,0.3360251,-0.07846212,-0.9385788,0,0,0,0.9562076,-0.6279728,-2.550623,-0.05047891,0.01686203,1.093376,0.9641143,0.05158654,0.2604275,-0.1303638,0.9465246,0.2951212,-0.2312768,-0.3184808,0.9192829,static,-17.32065,-17.9073,-2.64335,0.8835446,-20.00215851858234,-7.23017781914983
05/11/2023 12:34:15.264036,4465,True,True,True,True,Eyes,1.266587,-0.2955853,-3.53764,-0.2846416,-0.2946471,0.9122292,1.079143,0.9594184,-0.6135517,-2.553214,0.2140511,0.9614239,-0.1727604,-0.04753238,0.02808198,1.085876,1.260023,-0.29295,-3.547712,0.1562331,-0.1255861,0.0465277,0.9785984,18.5097,345.8847,3.132745,0.3360268,-0.07845919,-0.9385785,0,0,0,0.9562076,-0.6279728,-2.550623,-0.05070065,0.0156078,1.09358,0.9641266,0.05182245,0.2603351,-0.1303053,0.9468528,0.2940924,-0.2312584,-0.3174653,0.9196388,static,-17.32941,-17.90029,-2.654451,0.8176818,-20.010747753150895,-7.2231480209582735
05/11/2023 12:34:15.284069,4466,True,True,True,True,Eyes,1.266595,-0.2955436,-3.53768,-0.2847934,-0.2944687,0.9122394,1.079533,0.959151,-0.6134322,-2.552887,0.1961289,0.9688964,-0.1509075,-0.04773456,0.02728975,1.086392,1.260031,-0.2928377,-3.547855,0.1557993,-0.1255758,0.0464426,0.9786728,18.45847,345.8849,3.128935,0.3360281,-0.07845549,-0.9385783,0,0,0,0.9562076,-0.6279728,-2.550623,-0.0507358,0.01456463,1.09376,0.9641476,0.05177497,0.2602668,-0.1300335,0.9471394,0.2932889,-0.2313239,-0.3166171,0.9199146,static,-17.33792,-17.88995,-2.655853,0.7629123,-20.01897551780226,-7.212749405385086
05/11/2023 12:34:15.293693,4467,True,True,True,True,Eyes,1.2666,-0.2955034,-3.537724,-0.2849303,-0.2942942,0.912253,1.079975,0.9588825,-0.6133339,-2.552513,0.1783107,0.9758731,-0.1260047,-0.04798077,0.02578411,1.086939,1.26012,-0.2927013,-3.547929,0.1550698,-0.1255938,0.04627596,0.9787943,18.37209,345.8806,3.119063,0.3360292,-0.07845097,-0.9385783,0,0,0,0.9562076,-0.6279728,-2.550623,-0.05082378,0.01281026,1.093911,0.9641695,0.05163769,0.260213,-0.1295409,0.9476238,0.2919388,-0.2315089,-0.3151867,0.9203591,static,-17.34551,-17.87978,-2.660083,0.6709321,-20.02628255561391,-7.20251655226124
05/11/2023 12:34:15.314002,4468,True,True,True,True,Eyes,1.266608,-0.2954555,-3.537772,-0.2850748,-0.2940915,0.9122733,1.080526,0.958577,-0.6132289,-2.552037,0.1579566,0.9829342,-0.09428679,-0.04852211,0.02490658,1.087542,1.260154,-0.292699,-3.548046,0.1545188,-0.1254561,0.04627148,0.9788993,18.3081,345.8979,3.128901,0.33603,-0.07844576,-0.9385785,0,0,0,0.9562076,-0.6279728,-2.550623,-0.05120307,0.01164788,1.094024,0.9642395,0.05181959,0.2599173,-0.1293609,0.9479657,0.2909067,-0.231318,-0.3141268,0.9207694,static,-17.35342,-17.86788,-2.679631,0.6099949,-20.03385477784392,-7.190536532335162
05/11/2023 12:34:15.334076,4469,True,True,True,True,Eyes,1.266623,-0.2954091,-3.537819,-0.2852532,-0.2939007,0.912279,1.08108,0.9582415,-0.6131393,-2.551572,0.1355673,0.9887452,-0.06328223,-0.04851006,0.023994,1.088287,1.260219,-0.2924739,-3.548207,0.1540477,-0.1256014,0.0463016,0.9789534,18.25473,345.8816,3.136242,0.3360305,-0.07843971,-0.9385788,0,0,0,0.9562076,-0.6279728,-2.550623,-0.05099478,0.0104664,1.094279,0.9641609,0.05195702,0.260181,-0.1293514,0.9482509,0.2899799,-0.2316504,-0.3132421,0.9209872,static,-17.36352,-17.85691,-2.668126,0.5479975,-20.043662718352515,-7.17951148965323
05/11/2023 12:34:15.343819,4470,True,True,True,True,Eyes,1.266645,-0.2953537,-3.537869,-0.2854332,-0.293684,0.9122925,1.081807,0.9578614,-0.6130631,-2.550945,0.1102147,0.9936759,-0.02146693,-0.04892568,0.02243263,1.089032,1.260278,-0.2924803,-3.54827,0.1531873,-0.1255657,0.04622717,0.9790966,18.15444,345.8856,3.140146,0.3360309,-0.07843294,-0.9385792,0,0,0,0.9562076,-0.6279728,-2.550623,-0.05121264,0.008592516,1.094357,0.9641926,0.05205157,0.2600447,-0.1289919,0.9487934,0.2883613,-0.231719,-0.3115794,0.9215338,static,-17.37358,-17.84434,-2.679316,0.4498574,-20.053377650975747,-7.166868330180002
05/11/2023 12:34:15.363960,4471,True,True,True,True,Eyes,1.266667,-0.2952904,-3.537918,-0.2855679,-0.2934567,0.9123235,1.082767,0.9574636,-0.6130356,-2.550084,0.08373025,0.995842,0.03589064,-0.04910508,0.02160731,1.090169,1.260453,-0.2922126,-3.548392,0.15281,-0.1256057,0.04588544,0.9791666,18.10623,345.875,3.104251,0.3360314,-0.07842527,-0.9385797,0,0,0,0.9562076,-0.6279728,-2.550623,-0.05122493,0.007436693,1.094607,0.9642355,0.05147136,0.2600012,-0.1282465,0.9490873,0.2877259,-0.2319542,-0.3107798,0.9217446,static,-17.38073,-17.83083,-2.679348,0.3892581,-20.06013158207294,-7.153255281281755
05/11/2023 12:34:15.373840,4472,True,True,True,True,Eyes,1.26669,-0.2952287,-3.537969,-0.2856945,-0.2931541,0.9123812,1.084404,0.956882,-0.6131264,-2.548579,0.04495285,0.9896542,0.1362492,-0.04980792,0.01962373,1.091834,1.260481,-0.2919615,-3.548403,0.1518874,-0.1253807,0.0454377,0.9793598,17.99288,345.8949,3.068515,0.3360321,-0.07841659,-0.9385802,0,0,0,0.9562076,-0.6279728,-2.550623,-0.0517444,0.005024493,1.094691,0.9644302,0.0509122,0.2593885,-0.1270872,0.9497312,0.2861107,-0.2317829,-0.3088988,0.9224198,static,-17.38694,-17.81256,-2.706271,0.2629785,-20.06578216615344,-7.1348228608916
05/11/2023 12:34:15.393716,4473,True,True,True,True,Eyes,1.266701,-0.2951682,-3.538028,-0.2857746,-0.2928402,0.9124569,0.0,0.0,0.0,0.0,0.0,0.0,0.0,-0.2816917,1.445101,3.47828,1.260533,-0.291957,-3.548508,0.1508071,-0.1252528,0.04530549,0.9795492,17.8662,345.9093,3.0704,0.3360328,-0.07840704,-0.9385807,0,0,0,0.9562076,-0.6279728,-2.550623,-0.05215763,0.002651572,1.094792,0.9645183,0.05097989,0.2590472,-0.1265359,0.9504093,0.2840966,-0.2317177,-0.3067952,0.9231379,static,-17.39016,-17.7933,-2.7276,0.1387694,-20.068389550404035,-7.115369459859121
05/11/2023 12:34:15.413496,4474,True,True,True,True,Eyes,1.266719,-0.2951076,-3.538089,-0.2858368,-0.2925119,0.9125426,0.0,0.0,0.0,0.0,0.0,0.0,0.0,-0.2836251,1.440294,3.480311,1.260586,-0.2918979,-3.548686,0.1501677,-0.1250692,0.04503039,0.9796835,17.78809,345.9271,3.050279,0.3360333,-0.07839672,-0.9385814,0,0,0,0.9562076,-0.6279728,-2.550623,-0.05257012,0.001155943,1.09497,0.9646599,0.05066834,0.2585807,-0.1257938,0.9508439,0.2829698,-0.2315323,-0.3054975,0.9236147,static,-17.39219,-17.77305,-2.748693,0.06048626,-20.06976611899519,-7.094907079728841
05/11/2023 12:34:15.433761,4475,True,True,True,True,Eyes,1.266735,-0.2950462,-3.538153,-0.2858383,-0.292188,0.9126459,0.0,0.0,0.0,0.0,0.0,0.0,0.0,-0.2856533,1.437886,3.481303,1.260787,-0.2918423,-3.548779,0.1498341,-0.1248429,0.04494851,0.9797673,17.74782,345.9531,3.049494,0.3360336,-0.07838571,-0.9385822,0,0,0,0.9562076,-0.6279728,-2.550623,-0.0532579,0.0004029274,1.095094,0.9647878,0.05066672,0.2581035,-0.1254896,0.9510587,0.282382,-0.2311642,-0.304828,0.923928,static,-17.39042,-17.75272,-2.784281,0.02108133,-20.067313906592368,-7.074338470500077
05/11/2023 12:34:15.444194,4476,True,True,True,True,Eyes,1.266757,-0.2949775,-3.53822,-0.2858137,-0.2918412,0.9127647,0.0,0.0,0.0,0.0,0.0,0.0,0.0,-0.2888905,1.434722,3.482468,1.260873,-0.2917517,-3.54888,0.1494231,-0.12447,0.04473956,0.9798869,17.69638,345.9945,3.037496,0.3360339,-0.07837404,-0.9385831,0,0,0,0.9562076,-0.6279728,-2.550623,-0.05412418,-0.0006087422,1.095195,0.9650112,0.05048205,0.2573032,-0.1248768,0.9513422,0.281698,-0.2305627,-0.3039729,0.92436,static,-17.38689,-17.73081,-2.829236,-0.0318467,-20.063037511699804,-7.052160499463614
05/11/2023 12:34:15.463991,4477,True,True,True,True,Eyes,1.266774,-0.2949038,-3.53829,-0.285756,-0.2914687,0.9129017,0.0,0.0,0.0,0.0,0.0,0.0,0.0,-0.2924519,1.431338,3.483761,1.261022,-0.2915114,-3.549041,0.1490032,-0.124067,0.04450325,0.9800127,17.64346,346.039,3.022915,0.3360341,-0.07836158,-0.9385841,0,0,0,0.9562076,-0.6279728,-2.550623,-0.05510068,-0.001767665,1.095408,0.9652537,0.05025474,0.2564366,-0.1242002,0.951635,0.2810073,-0.2299121,-0.3030929,0.9248108,static,-17.38114,-17.70709,-2.879638,-0.09245842,-20.05646618915094,-7.028137533607591
05/11/2023 12:34:15.483885,4478,True,True,True,True,Eyes,1.266799,-0.2948234,-3.538358,-0.2856649,-0.2910435,0.9130659,0.0,0.0,0.0,0.0,0.0,0.0,0.0,-0.2966723,1.426311,3.485549,1.261129,-0.2913069,-3.549102,0.1483466,-0.1235776,0.0442597,0.9801852,17.56295,346.0941,3.0123,0.3360341,-0.07834827,-0.9385852,0,0,0,0.9562076,-0.6279728,-2.550623,-0.05628034,-0.003443003,1.095492,0.9655393,0.05010075,0.2553894,-0.12343,0.9520687,0.2798753,-0.2291263,-0.3017534,0.9254438,static,-17.37299,-17.67989,-2.940957,-0.1800734,-20.047363660792364,-7.000579741745799
05/11/2023 12:34:15.493693,4479,True,True,True,True,Eyes,1.266815,-0.2947486,-3.53843,-0.2855504,-0.29063,0.9132334,0.0,0.0,0.0,0.0,0.0,0.0,0.0,-0.3016765,1.420039,3.487773,1.26131,-0.2910784,-3.549148,0.1475256,-0.1230095,0.04395442,0.9803944,17.46242,346.1575,2.998028,0.3360342,-0.07833403,-0.9385863,0,0,0,0.9562076,-0.6279728,-2.550623,-0.05770881,-0.005517364,1.095572,0.9658734,0.04989121,0.2541644,-0.1224794,0.9526084,0.278453,-0.2282268,-0.3000802,0.9262097,static,-17.36346,-17.6533,-3.015246,-0.2885425,-20.036891742237927,-6.973629554046809
05/11/2023 12:34:15.513677,4480,True,True,True,True,Eyes,1.266838,-0.2946699,-3.538504,-0.2854022,-0.2901801,0.9134227,0.0,0.0,0.0,0.0,0.0,0.0,0.0,-0.3064659,1.414091,3.489889,1.261434,-0.2911208,-3.549216,0.146696,-0.1224389,0.04373719,0.9805999,17.36216,346.2229,2.994191,0.3360341,-0.07831908,-0.9385875,0,0,0,0.9562076,-0.6279728,-2.550623,-0.05909728,-0.007319033,1.095571,0.9661915,0.04985477,0.2529593,-0.1217,0.9531347,0.27699,-0.227295,-0.2984105,0.9269779,static,-17.3516,-17.62424,-3.087657,-0.3827626,-20.02399238698564,-6.94416627493829
05/11/2023 12:34:15.524054,4481,True,True,True,True,Eyes,1.266851,-0.2945909,-3.538582,-0.2852165,-0.2897417,0.9136199,0.0,0.0,0.0,0.0,0.0,0.0,0.0,-0.3115353,1.409212,3.491585,1.261624,-0.2909579,-3.549331,0.1460618,-0.1218532,0.04344893,0.9807803,17.28338,346.2885,2.979491,0.3360341,-0.0783034,-0.9385889,0,0,0,0.9562076,-0.6279728,-2.550623,-0.06053048,-0.008897275,1.095689,0.9665281,0.0496315,0.2517148,-0.1208239,0.9535563,0.2759203,-0.2263299,-0.2970979,0.9276355,static,-17.33747,-17.59569,-3.162048,-0.4652463,-20.008824222460603,-6.915203550264923
05/11/2023 12:34:15.544430,4482,True,True,True,True,Eyes,1.266871,-0.2945091,-3.538659,-0.2849973,-0.289282,0.913834,0.0,0.0,0.0,0.0,0.0,0.0,0.0,-0.3172706,1.404508,3.493083,1.261717,-0.2908468,-3.549424,0.1454733,-0.1211917,0.04304579,0.9809675,17.20808,346.3611,2.951921,0.3360337,-0.07828704,-0.9385903,0,0,0,0.9562076,-0.6279728,-2.550623,-0.06199279,-0.01038828,1.095739,0.9669193,0.04919273,0.2502942,-0.1197134,0.9539691,0.2749757,-0.2252461,-0.2958428,0.9283002,static,-17.32113,-17.56563,-3.238129,-0.5431834,-19.99138108645802,-6.884699244339181
05/11/2023 12:34:15.563960,4483,True,True,True,True,Eyes,1.266881,-0.2944294,-3.538738,-0.2847422,-0.2888184,0.91406,0.0,0.0,0.0,0.0,0.0,0.0,0.0,-0.3223302,1.400931,3.494156,1.261866,-0.2907073,-3.549481,0.1450193,-0.120591,0.04279761,0.9811196,17.15061,346.429,2.93962,0.3360333,-0.07827,-0.9385919,0,0,0,0.9562076,-0.6279728,-2.550623,-0.06341921,-0.01155731,1.095782,0.9672524,0.04900312,0.2490413,-0.1189552,0.9542755,0.2742404,-0.2242154,-0.2948844,0.9288545,static,-17.30253,-17.53514,-3.312343,-0.6042815,-19.971648229533223,-6.853745072595778
05/11/2023 12:34:15.583924,4484,True,True,True,True,Eyes,1.266895,-0.2943455,-3.538821,-0.2844678,-0.2883369,0.9142975,0.0,0.0,0.0,0.0,0.0,0.0,0.0,-0.3270069,1.39684,3.495429,1.261936,-0.290658,-3.549529,0.1444851,-0.1200365,0.04253203,0.9812779,17.08385,346.4912,2.925444,0.3360325,-0.0782524,-0.9385937,0,0,0,0.9562076,-0.6279728,-2.550623,-0.06466973,-0.01283613,1.095773,0.9675645,0.04878449,0.2478689,-0.1181585,0.9546302,0.2733492,-0.2232879,-0.2937708,0.9294306,static,-17.28262,-17.50342,-3.377532,-0.6711447,-19.950555821435387,-6.8215384441380635
05/11/2023 12:34:15.593848,4485,True,True,True,True,Eyes,1.266933,-0.2942664,-3.538899,-0.2842515,-0.2878512,0.9145178,0.0,0.0,0.0,0.0,0.0,0.0,0.0,-0.3309087,1.393426,3.496623,1.26204,-0.2904789,-3.549702,0.1440617,-0.1195857,0.04227027,0.9814066,17.03022,346.5409,2.908324,0.3360315,-0.07823418,-0.9385956,0,0,0,0.9562076,-0.6279728,-2.550623,-0.06568928,-0.01396185,1.09594,0.9678249,0.04851319,0.2469034,-0.1174241,0.9549189,0.2726564,-0.2225453,-0.2928761,0.929891,static,-17.26635,-17.47178,-3.430133,-0.7298864,-19.933131093516387,-6.789436977974869
05/11/2023 12:34:15.613965,4486,True,True,True,True,Eyes,1.266975,-0.2941877,-3.53898,-0.2840236,-0.2873581,0.9147436,0.0,0.0,0.0,0.0,0.0,0.0,0.0,-0.3343405,1.390633,3.49752,1.26211,-0.2905461,-3.549782,0.1436679,-0.1191615,0.04214809,0.9815211,16.98199,346.5898,2.906729,0.3360309,-0.07821552,-0.9385974,0,0,0,0.9562076,-0.6279728,-2.550623,-0.06667049,-0.01476219,1.095942,0.9680481,0.0484991,0.2460297,-0.1169778,0.9551662,0.2719813,-0.2218084,-0.292071,0.9303201,static,-17.24932,-17.43962,-3.481238,-0.7717196,-19.914923998603896,-6.756804643213535
05/11/2023 12:34:15.633969,4487,True,True,True,True,Eyes,1.267004,-0.2941094,-3.539062,-0.2838021,-0.286949,0.9149408,0.0,0.0,0.0,0.0,0.0,0.0,0.0,-0.336749,1.388243,3.498429,1.262236,-0.2904843,-3.549931,0.1433358,-0.1188679,0.04208115,0.9816082,16.94199,346.624,2.908464,0.3360308,-0.07819646,-0.9385991,0,0,0,0.9562076,-0.6279728,-2.550623,-0.06742114,-0.015508,1.096076,0.9681992,0.04853837,0.2454268,-0.1166904,0.955368,0.271395,-0.2212998,-0.2914033,0.9306506,moving,-17.23317,-17.41277,-3.519907,-0.8106039,-19.89777796476171,-6.72954741586117
05/11/2023 12:34:15.643877,4488,True,True,True,True,Eyes,1.267038,-0.2940328,-3.539146,-0.2835847,-0.2865351,0.9151379,0.0,0.0,0.0,0.0,0.0,0.0,0.0,-0.3390564,1.387361,3.49859,1.262264,-0.2903911,-3.549961,0.1432302,-0.1185745,0.0420201,0.9816616,16.92815,346.6581,2.907877,0.3360307,-0.07817706,-0.9386007,0,0,0,0.9572967,-0.6250145,-2.55039,-0.06682293,-0.01306772,1.09521,0.9683487,0.04853212,0.2448372,-0.1164659,0.9554389,0.2712422,-0.220763,-0.2911722,0.9308503,moving,-17.21726,-17.38565,-3.491504,-0.6836037,-19.88086468350223,-6.702018776512002
05/11/2023 12:34:15.663952,4489,True,True,True,True,Eyes,1.267057,-0.2939619,-3.539231,-0.2834322,-0.2862093,0.915287,0.0,0.0,0.0,0.0,0.0,0.0,0.0,-0.339623,1.385487,3.499466,1.262388,-0.290359,-3.550105,0.1429464,-0.1185028,0.04206415,0.9817097,16.89587,346.6677,2.918071,0.3360307,-0.0781574,-0.9386023,0,0,0,0.9583906,-0.622043,-2.550156,-0.06585538,-0.01086849,1.094474,0.9683754,0.04871047,0.2446965,-0.1164686,0.9555939,0.2706942,-0.2206448,-0.2906331,0.9310468,moving,-17.20592,-17.36441,-3.443383,-0.5689476,-19.86874663688036,-6.68046620683273
05/11/2023 12:34:15.683755,4490,True,True,True,True,Eyes,1.267077,-0.2938845,-3.539312,-0.2832927,-0.2858842,0.9154319,0.0,0.0,0.0,0.0,0.0,0.0,0.0,-0.3399872,1.383958,3.500072,1.262418,-0.2903988,-3.550127,0.1427248,-0.1184659,0.04203734,0.9817476,16.8699,346.6718,2.918484,0.3360305,-0.07813766,-0.938604,0,0,0,0.959523,-0.6189669,-2.549914,-0.06467251,-0.008439809,1.093561,0.9683973,0.04872405,0.2446068,-0.1163562,0.955725,0.2702796,-0.2206077,-0.2901995,0.9311909,moving,-17.19538,-17.34329,-3.384495,-0.4421846,-19.857438049285385,-6.659040309930013
05/11/2023 12:34:15.694145,4491,True,True,True,True,Eyes,1.267095,-0.2938143,-3.539393,-0.2832352,-0.2856241,0.9155309,1.077258,0.9619778,-0.6015052,-2.55313,0.09185244,0.968906,-0.2297483,-0.06214815,0.00651288,1.08502,1.262473,-0.2901651,-3.550097,0.142601,-0.118516,0.04181718,0.981769,16.85284,346.6622,2.893317,0.3360302,-0.07811768,-0.9386057,0,0,0,0.9605997,-0.6160423,-2.549683,-0.06334177,-0.006291449,1.092749,0.9684106,0.0483086,0.244637,-0.1159106,0.9558325,0.2700905,-0.2207843,-0.2899145,0.9312378,moving,-17.19035,-17.32669,-3.317469,-0.3298742,-19.851826340837697,-6.64222157759367
05/11/2023 12:34:15.713864,4492,True,True,True,True,Eyes,1.267116,-0.2937409,-3.539472,-0.2831883,-0.2853666,0.9156257,1.073175,0.9632051,-0.5999892,-2.556846,0.0979986,0.8642662,-0.4933966,-0.06160307,0.006711066,1.080927,1.26253,-0.2902557,-3.55018,0.1425208,-0.1186088,0.04170284,0.9817743,16.84234,346.6492,2.879278,0.3360297,-0.07809767,-0.9386076,0,0,0,0.9617344,-0.6129599,-2.549441,-0.06183828,-0.003518403,1.091906,0.9683856,0.0480771,0.2447813,-0.115694,0.9558975,0.2699538,-0.2210072,-0.2897392,0.9312395,moving,-17.186,-17.31032,-3.24139,-0.1846212,-19.846906891177397,-6.625639945124629
05/11/2023 12:34:15.733915,4493,True,True,True,True,Eyes,1.267156,-0.2936727,-3.539546,-0.2832148,-0.2851409,0.9156877,1.070505,0.9639727,-0.5989175,-2.559298,0.07557353,0.7360016,-0.6727482,-0.06128757,0.006629199,1.07825,1.262617,-0.2901029,-3.55019,0.1424459,-0.1186911,0.04155209,0.9817816,16.83193,346.6369,2.861076,0.3360291,-0.07807757,-0.9386094,0,0,0,0.9628389,-0.6099594,-2.549205,-0.06044129,-0.001072168,1.091097,0.9683717,0.04777602,0.2448953,-0.1154043,0.9559652,0.2698379,-0.2212196,-0.2895653,0.9312431,moving,-17.18641,-17.29635,-3.170657,-0.05630177,-19.84685928979028,-6.611516825208749
05/11/2023 12:34:15.749432,4494,True,True,True,True,Eyes,1.267196,-0.2936025,-3.539616,-0.2832444,-0.2849228,0.9157465,1.068651,0.964507,-0.5980855,-2.561002,0.03942468,0.5964909,-0.8016511,-0.06102955,0.007067561,1.076343,1.262655,-0.2901819,-3.55024,0.1424954,-0.1187421,0.04146719,0.9817719,16.83662,346.6293,2.849532,0.336029,-0.07805751,-0.9386111,0,0,0,0.9639154,-0.6070352,-2.548974,-0.05908181,0.00182724,1.090267,0.9683616,0.04758225,0.2449731,-0.115263,0.9559512,0.2699481,-0.2213375,-0.2896437,0.9311908,moving,-17.18707,-17.28286,-3.101838,0.09602517,-19.847079228231316,-6.597880727201151
05/11/2023 12:34:15.763934,4495,True,True,True,True,Eyes,1.267241,-0.2935348,-3.53968,-0.2833006,-0.2847367,0.915787,1.06884,0.9644377,-0.5978727,-2.56085,0.03480453,0.6104692,-0.7912748,-0.06100696,0.00716272,1.076476,1.26272,-0.2900628,-3.550221,0.1424848,-0.1187894,0.04141218,0.98177,16.8348,346.6227,2.842365,0.3360293,-0.07803744,-0.9386127,0,0,0,0.965008,-0.6040673,-2.548741,-0.05778137,0.004444093,1.08942,0.9683482,0.04746312,0.2450489,-0.1151658,0.9559662,0.2699359,-0.2214465,-0.2896132,0.9311743,moving,-17.18956,-17.27153,-3.036047,0.2337265,-19.84921294636579,-6.586440928385716
05/11/2023 12:34:15.773952,4496,True,True,True,True,Eyes,1.267286,-0.2934667,-3.539742,-0.2833566,-0.2845496,0.9158279,1.066601,0.9650578,-0.5969678,-2.562919,-0.0722742,0.2676488,-0.9608021,-0.06095876,0.007162243,1.07411,1.262746,-0.2900562,-3.550171,0.142401,-0.1187568,0.04130699,0.9817905,16.82365,346.6249,2.83167,0.3360301,-0.07801744,-0.9386141,0,0,0,0.9661427,-0.600985,-2.548498,-0.05656563,0.007087916,1.088462,0.9683811,0.04728746,0.2449528,-0.1149318,0.9560314,0.2698049,-0.2214242,-0.2894268,0.9312376,moving,-17.19204,-17.26013,-2.974894,0.373097,-19.851334288644495,-6.574930281953588
05/11/2023 12:34:15.793577,4497,True,True,True,True,Eyes,1.267348,-0.2934042,-3.539801,-0.2834342,-0.2844021,0.9158496,1.066484,0.9650697,-0.5967146,-2.563062,-0.1378578,0.1044492,-0.9849292,-0.0610114,0.007064641,1.07395,1.262822,-0.2899799,-3.550178,0.1423147,-0.1187599,0.0411714,0.9818084,16.8119,346.6223,2.816802,0.3360315,-0.07799748,-0.9386153,0,0,0,0.9671379,-0.5982816,-2.548285,-0.05546319,0.00931412,1.087706,0.968402,0.0470423,0.2449175,-0.1146474,0.9561028,0.2696725,-0.2214803,-0.2892306,0.9312853,moving,-17.19608,-17.25133,-2.919039,0.4906166,-19.85511205447851,-6.566059043256786
05/11/2023 12:34:15.813685,4498,True,True,True,True,Eyes,1.267408,-0.2933455,-3.539852,-0.2835006,-0.2842584,0.9158736,1.066999,0.9649134,-0.5966488,-2.562616,-0.2219452,-0.09143055,-0.970763,-0.06105909,0.007409662,1.074418,1.262862,-0.2900715,-3.550236,0.1423372,-0.11876,0.04114009,0.9818064,16.81407,346.6217,2.812819,0.3360337,-0.07797772,-0.9386162,0,0,0,0.968244,-0.5952768,-2.548049,-0.0542015,0.01226899,1.08685,0.9684071,0.04697527,0.2449101,-0.1145911,0.9560952,0.2697236,-0.2214871,-0.2892668,0.9312724,moving,-17.19945,-17.2427,-2.854991,0.6467605,-19.85822081349648,-6.557355233890515
05/11/2023 12:34:15.824302,4499,True,True,True,True,Eyes,1.267476,-0.2932898,-3.539901,-0.2835614,-0.2841564,0.9158865,1.068569,0.9644707,-0.5969304,-2.561213,-0.3251939,-0.3103703,-0.8932632,-0.06145109,0.007519752,1.075771,1.262898,-0.2901021,-3.550108,0.1423409,-0.1186328,0.04098392,0.9818278,16.81202,346.6342,2.796634,0.3360367,-0.07795825,-0.9386167,0,0,0,0.9693493,-0.5922742,-2.547812,-0.05323057,0.0150297,1.085826,0.9684932,0.04670571,0.2446212,-0.1142509,0.9561188,0.2697845,-0.2212865,-0.2892326,0.9313307,moving,-17.20269,-17.23665,-2.806572,0.7930218,-19.861283709551167,-6.551259341016653
05/11/2023 12:34:15.844074,4500,True,True,True,True,Eyes,1.267545,-0.2932311,-3.539944,-0.2836011,-0.2840699,0.9159011,1.072633,0.9633453,-0.5979339,-2.557518,-0.4745311,-0.5791247,-0.6628989,-0.06195636,0.008036703,1.079751,1.262964,-0.2901191,-3.550113,0.1425115,-0.1185103,0.04086813,0.9818226,16.82974,346.6467,2.782911,0.3360406,-0.07793912,-0.9386169,0,0,0,0.9704641,-0.589246,-2.547574,-0.05222741,0.01821753,1.084923,0.9685702,0.04647234,0.2443605,-0.1140287,0.9560406,0.2701556,-0.2210637,-0.2895287,0.9312915,moving,-17.2047,-17.23146,-2.756049,0.9619941,-19.863136486905702,-6.54602484151091
05/11/2023 12:34:15.864399,4501,True,True,True,True,Eyes,1.267626,-0.2931725,-3.539985,-0.2836318,-0.2839471,0.9159296,1.072249,0.9635023,-0.5976344,-2.55788,-0.4640584,-0.5591554,-0.6870189,-0.06250469,0.008414716,1.079259,1.263084,-0.2899837,-3.55004,0.1426997,-0.1182502,0.04068893,0.9818342,16.84825,346.6744,2.763924,0.3360455,-0.07792022,-0.9386167,0,0,0,0.9715739,-0.5862312,-2.547337,-0.05158852,0.02125156,1.083993,0.9687226,0.04615102,0.2438167,-0.1136481,0.9559624,0.270592,-0.2205915,-0.2898379,0.9313074,moving,-17.20595,-17.22395,-2.724718,1.123133,-19.864147572999975,-6.538439392055434
05/11/2023 12:34:15.883605,4502,True,True,True,True,Eyes,1.267706,-0.2931175,-3.54002,-0.2836399,-0.2838072,0.9159705,0.0,0.0,0.0,0.0,0.0,0.0,0.0,-0.3473588,1.380183,3.500986,1.263136,-0.2899488,-3.550054,0.1425526,-0.1179151,0.04058205,0.9819002,16.82894,346.7127,2.759195,0.3360515,-0.07790153,-0.9386161,0,0,0,0.9726902,-0.5831991,-2.547098,-0.05107377,0.02371898,1.083099,0.9688982,0.04607682,0.243132,-0.1133132,0.9560637,0.2703742,-0.2199917,-0.2895152,0.9315495,moving,-17.20569,-17.21524,-2.699794,1.25453,-19.863598720640063,-6.5296304870698805
05/11/2023 12:34:15.893817,4503,True,True,True,True,Eyes,1.267792,-0.2930577,-3.540055,-0.2836285,-0.2836154,0.9160334,0.0,0.0,0.0,0.0,0.0,0.0,0.0,-0.3490013,1.378303,3.501499,1.263173,-0.2899866,-3.549975,0.1422251,-0.1176494,0.04081271,0.9819699,16.79359,346.7487,2.795321,0.3360585,-0.07788314,-0.9386151,0,0,0,0.9737942,-0.5802,-2.546862,-0.05053246,0.0259313,1.082116,0.9689859,0.04668832,0.2426655,-0.1136191,0.9562126,0.2697183,-0.2194472,-0.2889247,0.9318613,moving,-17.20393,-17.20318,-2.673647,1.372746,-19.86142913908604,-6.517424207170652
05/11/2023 12:34:15.913814,4504,True,True,True,True,Eyes,1.26788,-0.2929914,-3.540082,-0.2836016,-0.2834156,0.9161035,0.0,0.0,0.0,0.0,0.0,0.0,0.0,-0.3503481,1.377747,3.501657,1.263251,-0.2898245,-3.550032,0.1421789,-0.1174943,0.04073938,0.9819983,16.78685,346.7659,2.790024,0.3360665,-0.07786489,-0.9386138,0,0,0,0.9748841,-0.5772395,-2.546629,-0.04967442,0.02844974,1.081344,0.9690707,0.04660159,0.2423431,-0.1134224,0.956251,0.2696655,-0.2191739,-0.2888121,0.9319605,moving,-17.20115,-17.19053,-2.630186,1.507082,-19.858213094659085,-6.5046145441754
05/11/2023 12:34:15.933831,4505,True,True,True,True,Eyes,1.267952,-0.2929284,-3.540112,-0.2835372,-0.2830801,0.9162272,0.0,0.0,0.0,0.0,0.0,0.0,0.0,-0.3533862,1.375991,3.501905,1.263385,-0.2896,-3.549869,0.1420572,-0.1172129,0.0402989,0.9820677,16.76619,346.7921,2.74473,0.3360757,-0.07784659,-0.938612,0,0,0,0.9759803,-0.5742617,-2.546394,-0.04911454,0.03058106,1.080392,0.9692743,0.04585061,0.2416715,-0.1124544,0.9563915,0.2695725,-0.2187725,-0.2884668,0.9321617,moving,-17.1953,-17.1692,-2.602869,1.621354,-19.851619853543852,-6.483007575139304
05/11/2023 12:34:15.944007,4506,True,True,True,True,Eyes,1.268023,-0.292868,-3.540146,-0.2834558,-0.2827201,0.9163635,0.0,0.0,0.0,0.0,0.0,0.0,0.0,-0.356047,1.369524,3.5042,1.263491,-0.2896032,-3.54986,0.141205,-0.1169646,0.03992964,0.9822353,16.66251,346.8163,2.716775,0.3360855,-0.07782836,-0.93861,0,0,0,0.9770654,-0.571314,-2.546162,-0.048526,0.03139359,1.079569,0.9694498,0.04540864,0.24105,-0.1114726,0.9569335,0.2680523,-0.2184969,-0.2867337,0.9327609,moving,-17.18824,-17.14625,-2.57368,1.665677,-19.843754895673925,-6.459754465181845
05/11/2023 12:34:15.963866,4507,True,True,True,True,Eyes,1.268101,-0.2928097,-3.540178,-0.2832744,-0.282208,0.9165775,0.0,0.0,0.0,0.0,0.0,0.0,0.0,-0.3599221,1.365982,3.50532,1.263531,-0.2896048,-3.549977,0.1408286,-0.1165939,0.03929949,0.9823588,16.60982,346.8502,2.654032,0.3360956,-0.07781025,-0.9386079,0,0,0,0.9782054,-0.5682173,-2.545918,-0.04793175,0.03331,1.078778,0.9697229,0.04437289,0.240143,-0.1100519,0.9572457,0.2675242,-0.2180051,-0.2858525,0.9331464,moving,-17.17411,-17.11325,-2.544065,1.768589,-19.82844006837827,-6.426292094944813
05/11/2023 12:34:15.984105,4508,True,True,True,True,Eyes,1.26818,-0.2927498,-3.540206,-0.2830705,-0.2816846,0.9168015,0.0,0.0,0.0,0.0,0.0,0.0,0.0,-0.3640476,1.36463,3.505479,1.26359,-0.2896121,-3.550013,0.1407142,-0.1161332,0.03891442,0.9824451,16.59032,346.8987,2.618243,0.3361064,-0.07779229,-0.9386055,0,0,0,0.9793275,-0.5651693,-2.545678,-0.0476201,0.03582445,1.077903,0.9699975,0.04377939,0.2391406,-0.1091457,0.9573703,0.2674494,-0.2172374,-0.2855264,0.9334252,moving,-17.15853,-17.07943,-2.529596,1.903543,-19.81163823944599,-6.391990908625633
05/11/2023 12:34:15.993909,4509,True,True,True,True,Eyes,1.268274,-0.2926875,-3.540237,-0.2824857,-0.2809173,0.9172171,0.0,0.0,0.0,0.0,0.0,0.0,0.0,-0.3671927,1.361719,3.506242,1.263689,-0.2895237,-3.549945,0.1403008,-0.1157228,0.03893563,0.9825518,16.54193,346.9484,2.63321,0.3361177,-0.07777444,-0.9386029,0,0,0,0.9804152,-0.5622146,-2.545446,-0.04743229,0.03763776,1.077013,0.9701844,0.04404054,0.2383327,-0.1089845,0.9575994,0.2666941,-0.2164819,-0.2847171,0.9338478,moving,-17.11785,-17.02833,-2.521711,2.001469,-19.768994207175467,-6.340049586460442
05/11/2023 12:34:16.013847,4510,True,True,True,True,Eyes,1.26837,-0.2926222,-3.540271,-0.2818928,-0.2801615,0.9176307,0.0,0.0,0.0,0.0,0.0,0.0,0.0,-0.370465,1.360014,3.506774,1.263776,-0.2894555,-3.550131,0.1400621,-0.1152975,0.03889604,0.9826375,16.51281,346.9986,2.638989,0.33613,-0.07775661,-0.9386,0,0,0,0.9815135,-0.5592312,-2.545211,-0.04715791,0.03991958,1.076335,0.9703872,0.04414379,0.237487,-0.108739,0.9577394,0.2662913,-0.2156955,-0.2842298,0.9341782,moving,-17.07677,-16.97793,-2.508719,2.124037,-19.725970493415254,-6.2888134066998695
05/11/2023 12:34:16.033914,4511,True,True,True,True,Eyes,1.268471,-0.2925534,-3.540306,-0.2810225,-0.2790884,0.9182245,0.0,0.0,0.0,0.0,0.0,0.0,0.0,-0.3739973,1.358204,3.507215,1.263889,-0.2893203,-3.550215,0.1398386,-0.1148616,0.03877997,0.9827249,16.48441,347.0488,2.635736,0.336143,-0.07773872,-0.9385968,0,0,0,0.9826355,-0.5561833,-2.544971,-0.04691269,0.04218063,1.075572,0.9706059,0.0440959,0.2366006,-0.1083443,0.9578826,0.2659371,-0.2149089,-0.2837544,0.9345039,moving,-17.01673,-16.90631,-2.497458,2.245813,-19.663156965869973,-6.215994073847725
05/11/2023 12:34:16.044223,4512,True,True,True,True,Eyes,1.268571,-0.2924818,-3.540349,-0.2801597,-0.2780107,0.9188148,0.0,0.0,0.0,0.0,0.0,0.0,0.0,-0.3781117,1.353387,3.50875,1.263972,-0.289211,-3.550308,0.1391918,-0.1143609,0.03860697,0.9828818,16.40639,347.1062,2.63229,0.3361568,-0.07772066,-0.9385934,0,0,0,0.9837248,-0.5532243,-2.544738,-0.04684643,0.04345718,1.074862,0.9708622,0.04405598,0.235554,-0.1077284,0.9582703,0.2647879,-0.2140589,-0.2824484,0.9350945,moving,-16.95721,-16.83452,-2.49558,2.315234,-19.600861413126523,-6.143006311536347
05/11/2023 12:34:16.063670,4513,True,True,True,True,Eyes,1.268679,-0.2924052,-3.540394,-0.2791791,-0.2766739,0.9195166,0.0,0.0,0.0,0.0,0.0,0.0,0.0,-0.381555,1.349019,3.510313,1.264042,-0.2890812,-3.550544,0.1386163,-0.1139524,0.03839851,0.9830189,16.33637,347.1519,2.622118,0.3361713,-0.07770237,-0.9385897,0,0,0,0.9848046,-0.5502912,-2.544507,-0.04653347,0.04486634,1.074308,0.9710808,0.04390161,0.2346799,-0.1070842,0.9586222,0.2637736,-0.2133893,-0.281276,0.9356008,moving,-16.88908,-16.74605,-2.480207,2.391456,-19.52934688456225,-6.053095054645581
05/11/2023 12:34:16.083639,4514,True,True,True,True,Eyes,1.268786,-0.2923247,-3.54044,-0.2782119,-0.2753271,0.9202136,0.0,0.0,0.0,0.0,0.0,0.0,0.0,-0.3848362,1.34502,3.511642,1.264121,-0.288933,-3.550679,0.1380968,-0.1135654,0.03820715,0.9831442,16.27311,347.1953,2.612825,0.3361866,-0.07768372,-0.9385858,0,0,0,0.9859177,-0.5472676,-2.544269,-0.04616606,0.04644457,1.073642,0.9712862,0.04376026,0.2338548,-0.1064923,0.958939,0.2628601,-0.2127497,-0.2802161,0.9360644,moving,-16.82185,-16.65714,-2.462173,2.477008,-19.458724046595783,-5.9627448897522335
05/11/2023 12:34:16.099182,4515,True,True,True,True,Eyes,1.268896,-0.2922394,-3.540492,-0.2771306,-0.2738058,0.9209935,0.0,0.0,0.0,0.0,0.0,0.0,0.0,-0.3880352,1.339203,3.513599,1.264195,-0.2887679,-3.550751,0.1373049,-0.113178,0.03808614,0.9833044,16.17941,347.2401,2.615194,0.3362025,-0.07766466,-0.9385816,0,0,0,0.9870752,-0.5441232,-2.544021,-0.04580261,0.0475463,1.072916,0.9714804,0.04382076,0.2330357,-0.1059803,0.9593936,0.261404,-0.212118,-0.2786461,0.9366762,moving,-16.74675,-16.5569,-2.444463,2.537404,-19.379803648982566,-5.8608858504872785
05/11/2023 12:34:16.114158,4516,True,True,True,True,Eyes,1.269006,-0.2921483,-3.540549,-0.2760665,-0.2722843,0.9217638,0.0,0.0,0.0,0.0,0.0,0.0,0.0,-0.3911512,1.333473,3.515673,1.264289,-0.2886189,-3.550969,0.1365002,-0.112782,0.03804313,0.9834637,16.08524,347.2872,2.626949,0.336219,-0.07764508,-0.9385774,0,0,0,0.9881443,-0.5412191,-2.543793,-0.04555875,0.04847986,1.0724,0.9716659,0.04403852,0.2322199,-0.1056176,0.9598408,0.2599048,-0.2114483,-0.2770672,0.9372959,moving,-16.67286,-16.45687,-2.432634,2.588402,-19.30210849744841,-5.759247221751597
05/11/2023 12:34:16.133894,4517,True,True,True,True,Eyes,1.269119,-0.2920486,-3.540608,-0.2749427,-0.270647,0.9225816,0.0,0.0,0.0,0.0,0.0,0.0,0.0,-0.3942852,1.327864,3.517638,1.264378,-0.2883987,-3.551146,0.135738,-0.1123976,0.03794206,0.983617,15.99524,347.3319,2.631082,0.3362361,-0.07762487,-0.9385729,0,0,0,0.9893223,-0.5380191,-2.543541,-0.04515715,0.04968505,1.071787,0.9718544,0.04412767,0.2314127,-0.1051541,0.9602712,0.2584991,-0.210812,-0.2755575,0.937884,moving,-16.59482,-16.34949,-2.412593,2.654173,-19.21999255276524,-5.650148923935934
05/11/2023 12:34:16.143876,4518,True,True,True,True,Eyes,1.269233,-0.2919474,-3.540673,-0.2738413,-0.2690028,0.9233896,0.0,0.0,0.0,0.0,0.0,0.0,0.0,-0.3973709,1.321652,3.519794,1.264487,-0.2881392,-3.551291,0.1349157,-0.1120435,0.03775634,0.9837777,15.89736,347.3717,2.625453,0.3362537,-0.07760387,-0.9385684,0,0,0,0.9903095,-0.5353375,-2.54333,-0.04492603,0.05020228,1.07132,0.9720414,0.04405483,0.2306396,-0.1045206,0.9607444,0.2569934,-0.2102639,-0.2739149,0.938488,moving,-16.5183,-16.24195,-2.401303,2.682929,-19.13940179255787,-5.540898975748828
05/11/2023 12:34:16.164389,4519,True,True,True,True,Eyes,1.269368,-0.2918428,-3.540741,-0.2727267,-0.2672401,0.9242309,0.0,0.0,0.0,0.0,0.0,0.0,0.0,-0.4003552,1.315107,3.522146,1.264628,-0.2880154,-3.551488,0.1340155,-0.1116963,0.03761302,0.9839457,15.79108,347.4113,2.625585,0.3362717,-0.07758209,-0.9385637,0,0,0,0.9914186,-0.5323247,-2.543093,-0.04457065,0.05102856,1.070794,0.9722183,0.04408024,0.2298877,-0.1039564,0.9612502,0.2553255,-0.2097248,-0.2721305,0.9391275,moving,-16.44054,-16.12715,-2.383499,2.728359,-19.057323226490446,-5.424299765046278
05/11/2023 12:34:16.183656,4520,True,True,True,True,Eyes,1.269502,-0.2917279,-3.54081,-0.2716378,-0.2654774,0.9250592,0.0,0.0,0.0,0.0,0.0,0.0,0.0,-0.4042304,1.309102,3.524224,1.26474,-0.2879005,-3.551739,0.1331803,-0.1112129,0.03751033,0.9841178,15.69244,347.4677,2.631828,0.3362906,-0.07755952,-0.9385588,0,0,0,0.9925133,-0.5293509,-2.542859,-0.04448302,0.0519971,1.07031,0.9724493,0.04420644,0.2288845,-0.1034519,0.9617119,0.2537868,-0.2089019,-0.2704734,0.9397894,moving,-16.36454,-16.01264,-2.379894,2.78132,-18.97702632718825,-5.308005524516119
05/11/2023 12:34:16.193933,4521,True,True,True,True,Eyes,1.269647,-0.2916085,-3.540882,-0.2708183,-0.2635212,0.9258586,0.0,0.0,0.0,0.0,0.0,0.0,0.0,-0.4067406,1.302515,3.526472,1.264857,-0.2875543,-3.551821,0.1323004,-0.1109214,0.0374118,0.9842731,15.58924,347.5014,2.635891,0.3363103,-0.07753595,-0.9385537,0,0,0,0.9936357,-0.5263022,-2.542619,-0.04401085,0.05267335,1.069739,0.9725936,0.04429698,0.228253,-0.1029967,0.9621939,0.2521398,-0.2084546,-0.2687389,0.9403861,moving,-16.30446,-15.8876,-2.355917,2.818937,-18.912411912033292,-5.181169955072782
05/11/2023 12:34:16.213804,4522,True,True,True,True,Eyes,1.269795,-0.2914825,-3.540961,-0.2700039,-0.2615699,0.9266494,0.0,0.0,0.0,0.0,0.0,0.0,0.0,-0.4102045,1.293469,3.529675,1.26501,-0.2873961,-3.552053,0.1310384,-0.1105065,0.03730453,0.9844927,15.44168,347.5498,2.645545,0.3363309,-0.07751135,-0.9385483,0,0,0,0.9947274,-0.5233366,-2.542385,-0.04386647,0.05268207,1.069323,0.9727934,0.04449089,0.2273623,-0.1024132,0.9628747,0.2497678,-0.207809,-0.2662574,0.9412345,moving,-16.24489,-15.76305,-2.349109,2.820498,-18.848327155110383,-5.0548332526572075
05/11/2023 12:34:16.233842,4523,True,True,True,True,Eyes,1.269965,-0.2913516,-3.541038,-0.2693993,-0.2594453,0.9274223,0.0,0.0,0.0,0.0,0.0,0.0,0.0,-0.4143186,1.286568,3.531971,1.265209,-0.2871213,-3.552259,0.1301733,-0.1100758,0.03688482,0.9846715,15.33582,347.5948,2.613875,0.3363523,-0.07748564,-0.9385428,0,0,0,0.9958669,-0.5202411,-2.542141,-0.04366452,0.05344534,1.068861,0.9730457,0.04398101,0.2263797,-0.1012967,0.9633889,0.2482355,-0.2071741,-0.264476,0.9418765,moving,-16.19762,-15.6289,-2.339314,2.862527,-18.79631062726302,-4.918871460253936
05/11/2023 12:34:16.244312,4524,True,True,True,True,Eyes,1.270135,-0.2912179,-3.541124,-0.2687892,-0.2573217,0.9281906,0.0,0.0,0.0,0.0,0.0,0.0,0.0,-0.4195243,1.276545,3.535205,1.265356,-0.2869538,-3.552432,0.1288352,-0.1094832,0.03652373,0.9849269,15.17595,347.6603,2.597314,0.3363751,-0.07745878,-0.9385368,0,0,0,0.9969189,-0.5173833,-2.541916,-0.04391952,0.05309433,1.068434,0.9733589,0.04373581,0.225077,-0.100157,0.964135,0.245789,-0.2062548,-0.261784,0.9428298,moving,-16.15017,-15.49494,-2.353901,2.844894,-18.744119123004545,-4.7831005873944346
05/11/2023 12:34:16.273927,4525,True,True,True,True,Eyes,1.270331,-0.2910751,-3.541204,-0.2682835,-0.2551093,0.9289473,0.0,0.0,0.0,0.0,0.0,0.0,0.0,-0.423028,1.268967,3.537826,1.265498,-0.2867725,-3.552706,0.127778,-0.1090483,0.03645859,0.9851154,15.05247,347.7114,2.609347,0.3363989,-0.07743081,-0.9385306,0,0,0,0.9980431,-0.5143296,-2.541676,-0.04374765,0.05363357,1.068038,0.9735585,0.04396389,0.2241674,-0.09969974,0.9646872,0.2438006,-0.205533,-0.2597035,0.9435625,moving,-16.10892,-15.35611,-2.345567,2.874801,-18.698009770233767,-4.642446721975871
05/11/2023 12:34:16.283727,4526,True,True,True,True,Eyes,1.270527,-0.2909273,-3.541288,-0.2677588,-0.2528967,0.9297034,0.0,0.0,0.0,0.0,0.0,0.0,0.0,-0.4276615,1.262786,3.539605,1.265655,-0.286489,-3.552797,0.1269669,-0.1084903,0.0362804,0.9852883,14.95558,347.7752,2.606981,0.3364243,-0.07740158,-0.9385239,0,0,0,0.9991251,-0.5113903,-2.541445,-0.04390433,0.05441655,1.067504,0.9738271,0.04394396,0.2230013,-0.09904266,0.9651263,0.2423258,-0.2045757,-0.2580701,0.9442185,moving,-16.06664,-15.21733,-2.355135,2.918155,-18.650864978861726,-4.501836546822156
05/11/2023 12:34:16.313940,4527,True,True,True,True,Eyes,1.270748,-0.2907731,-3.541372,-0.2672856,-0.2506065,0.9304595,0.0,0.0,0.0,0.0,0.0,0.0,0.0,-0.4325104,1.254644,3.54212,1.265838,-0.2862387,-3.552961,0.1258782,-0.1079163,0.03606242,0.985499,14.82628,347.8403,2.60342,0.3364512,-0.07737108,-0.9385167,0,0,0,1.000454,-0.5077814,-2.54116,-0.04384147,0.05528586,1.066898,0.9741071,0.04391031,0.2217818,-0.0982476,0.9657084,0.2403224,-0.203624,-0.2558892,0.9450174,moving,-16.02734,-15.07412,-2.353101,2.966372,-18.606574686559846,-4.35676681845459
05/11/2023 12:34:16.323683,4528,True,True,True,True,Eyes,1.270978,-0.2906171,-3.541464,-0.2668549,-0.2482599,0.9312118,0.0,0.0,0.0,0.0,0.0,0.0,0.0,-0.4383571,1.244713,3.545136,1.266043,-0.2860092,-3.553138,0.124549,-0.1072294,0.03576803,0.9857536,14.66814,347.9178,2.595361,0.3364801,-0.07733927,-0.938509,0,0,0,1.001428,-0.5051334,-2.540952,-0.04445332,0.05473991,1.066576,0.974445,0.04380631,0.2203132,-0.09722754,0.9664165,0.2378784,-0.2024937,-0.25322,0.9459788,moving,-15.99057,-14.92778,-2.386622,2.938014,-18.564728642589266,-4.208549039685414
05/11/2023 12:34:16.323683,4529,True,True,True,True,Eyes,1.271207,-0.2904594,-3.54156,-0.2663943,-0.2459263,0.9319627,0.0,0.0,0.0,0.0,0.0,0.0,0.0,-0.4446468,1.236277,3.547705,1.266238,-0.2858462,-3.553482,0.1234403,-0.1064918,0.03538468,0.9859868,14.53417,347.9997,2.574854,0.3365108,-0.0773062,-0.9385008,0,0,0,1.002585,-0.5019928,-2.540705,-0.04488297,0.05520917,1.066249,0.9748149,0.04348688,0.2187348,-0.0960684,0.9670208,0.2358846,-0.2012632,-0.2509573,0.946844,moving,-15.95217,-14.78225,-2.4104,2.964063,-18.521268079984345,-4.06113942945915
05/11/2023 12:34:16.343674,4530,True,True,True,True,Eyes,1.271437,-0.2902966,-3.541659,-0.2659018,-0.2435896,0.9327167,0.0,0.0,0.0,0.0,0.0,0.0,0.0,-0.4502847,1.228885,3.549811,1.266446,-0.2856593,-3.553673,0.1224651,-0.1058237,0.03510859,0.9861903,14.41706,348.0749,2.564091,0.3365431,-0.07727193,-0.938492,0,0,0,1.00403,-0.4980665,-2.540395,-0.04488569,0.05668637,1.06559,0.9751375,0.04332809,0.2173237,-0.09516689,0.9675394,0.234117,-0.2001254,-0.2489783,0.9476073,moving,-15.91196,-14.63653,-2.412037,3.045104,-18.47597880240206,-3.913525631314908
05/11/2023 12:34:16.363611,4531,True,True,True,True,Eyes,1.271676,-0.2901309,-3.541761,-0.2654117,-0.2412603,0.9334614,0.0,0.0,0.0,0.0,0.0,0.0,0.0,-0.4565795,1.219917,3.552313,1.266669,-0.2853885,-3.553828,0.1213052,-0.1050963,0.03471927,0.986425,14.27728,348.1555,2.542982,0.3365768,-0.07723645,-0.9384828,0,0,0,1.004579,-0.4965761,-2.540278,-0.04606318,0.05533458,1.065547,0.9754987,0.04299844,0.2157626,-0.0939934,0.9681593,0.2320193,-0.1989161,-0.2466148,0.9484796,moving,-15.87208,-14.49142,-2.475333,2.972739,-18.43104189958588,-3.766530838800753
05/11/2023 12:34:16.373826,4532,True,True,True,True,Eyes,1.271917,-0.2899611,-3.541867,-0.2648792,-0.2389368,0.9342099,0.0,0.0,0.0,0.0,0.0,0.0,0.0,-0.4640292,1.21154,3.554481,1.266881,-0.2851866,-3.554035,0.120216,-0.1042054,0.03434227,0.9866662,14.1454,348.2556,2.524698,0.3366121,-0.0771998,-0.9384731,0,0,0,1.00569,-0.4935581,-2.540041,-0.04692139,0.05567585,1.06514,0.9759237,0.04271437,0.2138889,-0.09282304,0.9687374,0.2300689,-0.197375,-0.2443835,0.9493786,moving,-15.82977,-14.34662,-2.522355,2.992181,-18.3836684950966,-3.6198333026565113
05/11/2023 12:34:16.393758,4533,True,True,True,True,Eyes,1.272157,-0.2897896,-3.541979,-0.2643479,-0.2366311,0.934947,0.0,0.0,0.0,0.0,0.0,0.0,0.0,-0.4713201,1.203436,3.556519,1.267119,-0.2849323,-3.554216,0.1191716,-0.1033364,0.03397915,0.9868968,14.01894,348.3531,2.50698,0.3366487,-0.07716198,-0.9384631,0,0,0,1.006817,-0.4904962,-2.5398,-0.04774494,0.0561059,1.064719,0.976334,0.0424383,0.2120634,-0.09169736,0.969287,0.2281976,-0.195866,-0.2422427,0.9502395,moving,-15.78778,-14.20306,-2.56758,3.016439,-18.336658160065845,-3.474391733940168
05/11/2023 12:34:16.413839,4534,True,True,True,True,Eyes,1.272398,-0.2896124,-3.542093,-0.2637707,-0.2343264,0.9356902,0.0,0.0,0.0,0.0,0.0,0.0,0.0,-0.4791647,1.194885,3.558647,1.267346,-0.2847373,-3.554445,0.118054,-0.1023891,0.03361951,0.9871421,13.88398,348.46,2.49141,0.3366865,-0.07712303,-0.9384527,0,0,0,1.007913,-0.4875179,-2.539565,-0.04875512,0.05637448,1.064354,0.9767724,0.0421996,0.210083,-0.09054933,0.969866,0.2261875,-0.1942073,-0.2399566,0.9511595,moving,-15.74312,-14.05952,-2.622728,3.031889,-18.286960114340722,-3.3289525860589304
05/11/2023 12:34:16.433862,4535,True,True,True,True,Eyes,1.272657,-0.2894349,-3.542211,-0.2631995,-0.2320641,0.9364146,0.0,0.0,0.0,0.0,0.0,0.0,0.0,-0.4868466,1.186404,3.560644,1.267573,-0.2844391,-3.55459,0.1169542,-0.1014572,0.03330217,0.98738,13.75166,348.5656,2.480106,0.3367253,-0.07708294,-0.9384421,0,0,0,1.009021,-0.4845086,-2.539328,-0.04974519,0.05660744,1.063934,0.9771948,0.0420321,0.2081432,-0.08949547,0.9704254,0.224199,-0.1925639,-0.2377139,0.9520563,moving,-15.69916,-13.91873,-2.676967,3.045596,-18.23805751897835,-3.1862987852877236
05/11/2023 12:34:16.443875,4536,True,True,True,True,Eyes,1.272915,-0.2892548,-3.542331,-0.2625799,-0.229804,0.9371456,0.0,0.0,0.0,0.0,0.0,0.0,0.0,-0.4945005,1.178798,3.562479,1.267809,-0.2842954,-3.554882,0.1159447,-0.1005161,0.03302173,0.9876048,13.63014,348.6726,2.471985,0.3367655,-0.07704177,-0.938431,0,0,0,1.010109,-0.4815525,-2.539095,-0.05074587,0.05717877,1.063625,0.9776121,0.04191622,0.2061977,-0.08853344,0.9709328,0.2223765,-0.190883,-0.2356534,0.9529067,moving,-15.6524,-13.77803,-2.731529,3.077168,-18.18633862556412,-3.043717319514858
05/11/2023 12:34:16.463601,4537,True,True,True,True,Eyes,1.273183,-0.2890724,-3.542457,-0.2619936,-0.2275747,0.9378535,0.0,0.0,0.0,0.0,0.0,0.0,0.0,-0.5024664,1.170669,3.564275,1.268017,-0.2840655,-3.555058,0.1148804,-0.09953553,0.0327302,0.9878381,13.50216,348.7841,2.463497,0.3368068,-0.07699958,-0.9384197,0,0,0,1.011293,-0.478338,-2.538842,-0.05172662,0.05776919,1.06317,0.9780428,0.0417949,0.2041701,-0.08753363,0.9714625,0.2204509,-0.1891298,-0.2334821,0.9537904,moving,-15.60795,-13.63948,-2.785427,3.110208,-18.137016484709534,-2.9033252417829676
05/11/2023 12:34:16.483767,4538,True,True,True,True,Eyes,1.273451,-0.2888836,-3.542586,-0.2613669,-0.2253389,0.9385679,0.0,0.0,0.0,0.0,0.0,0.0,0.0,-0.5098491,1.161555,3.566542,1.268243,-0.283862,-3.555329,0.1136748,-0.09863793,0.03242344,0.9880777,13.35803,348.8857,2.453386,0.3368494,-0.07695638,-0.938408,0,0,0,1.012308,-0.4755793,-2.538625,-0.05272676,0.05766658,1.062939,0.9784386,0.04164846,0.2022953,-0.08649903,0.9720535,0.2182426,-0.1875524,-0.2310354,0.9546972,moving,-15.56114,-13.5005,-2.839813,3.105369,-18.085303934923253,-2.762482631480946
05/11/2023 12:34:16.493782,4539,True,True,True,True,Eyes,1.273721,-0.2886925,-3.542718,-0.260762,-0.2231479,0.9392594,0.0,0.0,0.0,0.0,0.0,0.0,0.0,-0.5172503,1.152604,3.56861,1.268499,-0.2835345,-3.555494,0.1125172,-0.09774756,0.03210123,0.9883092,13.21931,348.9861,2.440604,0.336893,-0.07691211,-0.938396,0,0,0,1.01341,-0.4725871,-2.53839,-0.05366421,0.05774543,1.06259,0.9788299,0.0414553,0.2004335,-0.08544841,0.9726188,0.2161278,-0.1859857,-0.2286791,0.9555706,moving,-15.51599,-13.36448,-2.891164,3.110623,-18.0353603615551,-2.624644111937048
05/11/2023 12:34:16.513797,4540,True,True,True,True,Eyes,1.27399,-0.288499,-3.54285,-0.2601129,-0.220936,0.939962,0.0,0.0,0.0,0.0,0.0,0.0,0.0,-0.524551,1.143317,3.570834,1.268741,-0.2833059,-3.55573,0.1112917,-0.09686202,0.03180326,0.9885447,13.07314,349.0861,2.431066,0.3369376,-0.07686678,-0.9383836,0,0,0,1.014582,-0.4694034,-2.538139,-0.05448784,0.05798443,1.062257,0.9792126,0.04131802,0.1985837,-0.08443777,0.9732054,0.2138725,-0.184426,-0.2261946,0.9564639,moving,-15.4682,-13.22714,-2.93638,3.12445,-17.982715120274612,-2.485453263803361
05/11/2023 12:34:16.534161,4541,True,True,True,True,Eyes,1.274262,-0.2883016,-3.542988,-0.2594922,-0.2187634,0.9406415,0.0,0.0,0.0,0.0,0.0,0.0,0.0,-0.5324221,1.13325,3.573022,1.268973,-0.2830743,-3.555811,0.1099649,-0.09590574,0.03149172,0.9887964,12.91505,349.1943,2.421708,0.3369831,-0.07682046,-0.9383711,0,0,0,1.015695,-0.4663793,-2.537901,-0.05555591,0.0578195,1.06182,0.9796208,0.04118527,0.1965885,-0.08337033,0.973832,0.2114253,-0.1827365,-0.2235062,0.9574196,moving,-15.42244,-13.09244,-2.995066,3.116862,-17.932200854510974,-2.348945403393884
05/11/2023 12:34:16.553807,4542,True,True,True,True,Eyes,1.274533,-0.2881052,-3.543129,-0.2588359,-0.2165807,0.9413271,0.0,0.0,0.0,0.0,0.0,0.0,0.0,-0.5394776,1.123038,3.575536,1.269209,-0.282799,-3.556099,0.1086224,-0.09505744,0.03116739,0.9890369,12.75535,349.2896,2.409315,0.3370294,-0.07677314,-0.9383583,0,0,0,1.016791,-0.463403,-2.537667,-0.05637884,0.05757207,1.061623,0.9799854,0.04100066,0.1948016,-0.0823021,0.9744595,0.2089376,-0.1812597,-0.2207884,0.9583306,moving,-15.37461,-12.95713,-3.039909,3.104122,-17.879582242616436,-2.211806935861288
05/11/2023 12:34:16.563763,4543,True,True,True,True,Eyes,1.274782,-0.2879091,-3.543275,-0.2581652,-0.2144314,0.9420031,0.0,0.0,0.0,0.0,0.0,0.0,0.0,-0.546411,1.11411,3.57755,1.269417,-0.2826427,-3.556313,0.1074428,-0.09421575,0.03086813,0.9892557,12.61468,349.3843,2.397798,0.3370764,-0.07672492,-0.9383454,0,0,0,1.017869,-0.4604734,-2.537436,-0.05717868,0.05773273,1.061323,0.9803411,0.04082734,0.19304,-0.08131857,0.9750064,0.2067603,-0.1797738,-0.2183934,0.9591588,moving,-15.32616,-12.82392,-3.083822,3.113646,-17.826408576707735,-2.0767877627068927
05/11/2023 12:34:16.573791,4544,True,True,True,True,Eyes,1.275031,-0.2877107,-3.543426,-0.2574674,-0.2122754,0.9426821,0.0,0.0,0.0,0.0,0.0,0.0,0.0,-0.5524561,1.105494,3.579518,1.269621,-0.2824318,-3.556482,0.1063237,-0.09349879,0.03054553,0.9894547,12.48106,349.4641,2.381119,0.3371234,-0.07667591,-0.9383324,0,0,0,1.018966,-0.4574937,-2.537201,-0.0576925,0.05799742,1.060998,0.9806499,0.04056456,0.191521,-0.08032911,0.9755245,0.204693,-0.1785302,-0.2161168,0.9599065,moving,-15.27618,-12.69033,-3.112433,3.12885,-17.771681860242253,-1.9413741488432148
05/11/2023 12:34:16.593703,4545,True,True,True,True,Eyes,1.27527,-0.2875123,-3.54358,-0.2567791,-0.2101796,0.9433392,0.0,0.0,0.0,0.0,0.0,0.0,0.0,-0.5588099,1.096837,3.581516,1.26985,-0.2821928,-3.556744,0.1052063,-0.09274469,0.03020131,0.9896556,12.34736,349.548,2.362202,0.3371705,-0.07662612,-0.9383196,0,0,0,1.020323,-0.4538074,-2.536911,-0.05799635,0.05893552,1.06063,0.9809726,0.04026314,0.1899253,-0.07929243,0.976039,0.2026339,-0.1772159,-0.2138379,0.9606602,moving,-15.22712,-12.56056,-3.129875,3.180456,-17.71800737274115,-1.809829286192901
05/11/2023 12:34:16.623694,4546,True,True,True,True,Eyes,1.27551,-0.287312,-3.543737,-0.256065,-0.2080706,0.9440007,0.0,0.0,0.0,0.0,0.0,0.0,0.0,-0.5650985,1.087294,3.583677,1.270022,-0.2819884,-3.556938,0.1039791,-0.09200713,0.02979125,0.9898665,12.20047,349.6291,2.336357,0.3372172,-0.07657564,-0.9383069,0,0,0,1.02111,-0.4516707,-2.536743,-0.05886869,0.05814631,1.060519,0.9812943,0.03984509,0.1883449,-0.07811234,0.9766017,0.2003688,-0.1759542,-0.2113328,0.9614461,moving,-15.17658,-12.43002,-3.17719,3.138281,-17.662817325096867,-1.6774959652500296
05/11/2023 12:34:16.643805,4547,True,True,True,True,Eyes,1.275733,-0.287111,-3.543897,-0.2553381,-0.206006,0.9446502,0.0,0.0,0.0,0.0,0.0,0.0,0.0,-0.5715199,1.078175,3.585665,1.270239,-0.2817568,-3.557133,0.1028131,-0.09125382,0.02939356,0.9900699,12.06076,349.7122,2.31133,0.3372638,-0.07652447,-0.9382943,0,0,0,1.022292,-0.4484595,-2.53649,-0.05936973,0.05850512,1.060204,0.9816175,0.03943918,0.1867394,-0.07696753,0.977131,0.1982198,-0.1746512,-0.2089489,0.9622044,moving,-15.12555,-12.30225,-3.205125,3.158543,-17.60722519966114,-1.5479602801888888
05/11/2023 12:34:16.653871,4548,True,True,True,True,Eyes,1.275936,-0.2869095,-3.544064,-0.2543911,-0.203785,0.9453871,0.0,0.0,0.0,0.0,0.0,0.0,0.0,-0.5768423,1.069404,3.587653,1.270379,-0.281525,-3.557318,0.1016795,-0.09062353,0.02907271,0.9902543,11.9259,349.7818,2.293205,0.3373097,-0.07647268,-0.938282,0,0,0,1.023318,-0.4456713,-2.536271,-0.0597166,0.05853912,1.059965,0.9818843,0.03914963,0.1853928,-0.07600785,0.9776321,0.1961078,-0.1735685,-0.2066465,0.9628973,moving,-15.06079,-12.16439,-3.224535,3.161085,-17.537476065051866,-1.4081304828812158
05/11/2023 12:34:16.663891,4549,True,True,True,True,Eyes,1.276138,-0.2867068,-3.54423,-0.2534349,-0.2015597,0.9461207,0.0,0.0,0.0,0.0,0.0,0.0,0.0,-0.5821422,1.059843,3.589934,1.270592,-0.2813043,-3.557562,0.1004349,-0.09000794,0.02873773,0.9904473,11.77823,349.8495,2.27421,0.3373546,-0.07642031,-0.9382702,0,0,0,1.02497,-0.4411847,-2.535918,-0.05939414,0.06000417,1.059491,0.9821454,0.03884653,0.1840687,-0.07500627,0.978174,0.1937776,-0.1725237,-0.2041241,0.9636229,moving,-14.99563,-12.02639,-3.208593,3.241478,-17.467319564295067,-1.268156456680753
05/11/2023 12:34:16.674101,4550,True,True,True,True,Eyes,1.27634,-0.286503,-3.5444,-0.2524728,-0.1993224,0.9468516,0.0,0.0,0.0,0.0,0.0,0.0,0.0,-0.5876777,1.051127,3.591781,1.270753,-0.2810875,-3.55771,0.09930677,-0.08934932,0.02842782,0.9906296,11.64413,349.9225,2.25732,0.3373984,-0.0763674,-0.9382587,0,0,0,1.026054,-0.438241,-2.535686,-0.05976555,0.06021863,1.059203,0.9824171,0.03857687,0.1826703,-0.07406884,0.97866,0.1916724,-0.171378,-0.2018324,0.9643097,moving,-14.93023,-11.8878,-3.229491,3.253921,-17.396901967139215,-1.1275842480535534
05/11/2023 12:34:16.693796,4551,True,True,True,True,Eyes,1.27653,-0.2863012,-3.544571,-0.2513701,-0.1969758,0.9476358,0.0,0.0,0.0,0.0,0.0,0.0,0.0,-0.5930175,1.041684,3.593936,1.27095,-0.2808719,-3.557942,0.0980818,-0.08872605,0.02808901,0.9908172,11.49876,349.9911,2.237448,0.3374414,-0.07631395,-0.9382476,0,0,0,1.026989,-0.4356998,-2.535486,-0.06025349,0.05985133,1.0591,0.9826774,0.03825732,0.1813326,-0.07306696,0.9791819,0.1893778,-0.1703126,-0.1993467,0.9650153,moving,-14.85616,-11.74231,-3.256117,3.234431,-17.31752730987293,-0.9799772534725015
05/11/2023 12:34:16.713853,4552,True,True,True,True,Eyes,1.276719,-0.2861025,-3.544749,-0.2502715,-0.1946384,0.9484093,0.0,0.0,0.0,0.0,0.0,0.0,0.0,-0.5980535,1.032521,3.595958,1.271087,-0.2807218,-3.55812,0.09688964,-0.08813539,0.02775334,0.9909967,11.3573,350.0559,2.217077,0.3374831,-0.07626008,-0.938237,0,0,0,1.027712,-0.4337348,-2.535331,-0.06085743,0.05904673,1.059033,0.9829238,0.03792812,0.1800618,-0.07208574,0.9796843,0.1871425,-0.1693057,-0.1969267,0.9656891,moving,-14.78255,-11.59756,-3.288891,3.191241,-17.23864020631544,-0.8331215816195936
05/11/2023 12:34:16.723867,4553,True,True,True,True,Eyes,1.276896,-0.2859039,-3.544928,-0.2491014,-0.1922779,0.9491984,0.0,0.0,0.0,0.0,0.0,0.0,0.0,-0.6027278,1.024733,3.597755,1.27126,-0.2806104,-3.558421,0.09586906,-0.08758251,0.02747264,0.9911528,11.23619,350.1169,2.200833,0.3375238,-0.07620591,-0.9382267,0,0,0,1.028841,-0.4306683,-2.535089,-0.06092903,0.05975094,1.058872,0.9831491,0.03766626,0.1788828,-0.07125206,0.9801088,0.1852295,-0.1683477,-0.194854,0.9662769,moving,-14.70474,-11.45138,-3.293252,3.229712,-17.155477076526008,-0.6847919526446145
05/11/2023 12:34:16.743755,4554,True,True,True,True,Eyes,1.277072,-0.285701,-3.545107,-0.2479368,-0.1899395,0.9499739,0.0,0.0,0.0,0.0,0.0,0.0,0.0,-0.6072652,1.01845,3.598988,1.271389,-0.2804119,-3.558604,0.0950615,-0.08703228,0.02725076,0.991285,11.14015,350.1784,2.189202,0.3375631,-0.07615148,-0.9382169,0,0,0,1.029945,-0.4276701,-2.534853,-0.06099766,0.06074786,1.058601,0.9833655,0.03747971,0.1777286,-0.07057339,0.9804414,0.1837227,-0.1673666,-0.1932095,0.9667774,moving,-14.62751,-11.30673,-3.297795,3.284319,-17.07294836281826,-0.5380132599828364
05/11/2023 12:34:16.763899,4555,True,True,True,True,Eyes,1.27723,-0.2855011,-3.545289,-0.2467576,-0.1875636,0.9507526,0.0,0.0,0.0,0.0,0.0,0.0,0.0,-0.6119739,1.011587,3.600322,1.271547,-0.280118,-3.55877,0.09419721,-0.08647154,0.0269864,0.9914239,11.03717,350.2406,2.17321,0.3376013,-0.07609669,-0.9382076,0,0,0,1.031014,-0.424767,-2.534625,-0.06116258,0.06142694,1.058367,0.9835888,0.03721917,0.176544,-0.06980067,0.9807973,0.1821116,-0.1663758,-0.1914458,0.9672991,moving,-14.54948,-11.15996,-3.307422,3.321685,-16.989544274231662,-0.38908558193161547
05/11/2023 12:34:16.773784,4556,True,True,True,True,Eyes,1.277387,-0.2853011,-3.545472,-0.2455857,-0.1851902,0.951521,0.0,0.0,0.0,0.0,0.0,0.0,0.0,-0.6162047,1.002797,3.602283,1.271662,-0.2799883,-3.558966,0.09302215,-0.08595966,0.02678748,0.9915847,10.89933,350.2977,2.167095,0.3376381,-0.07604168,-0.9381989,0,0,0,1.032109,-0.4217921,-2.534391,-0.06116618,0.06170465,1.058158,0.9837868,0.0371318,0.1754562,-0.06911641,0.9812586,0.1798734,-0.1654889,-0.189084,0.9679156,moving,-14.47209,-11.01353,-3.308266,3.337324,-16.90679579460051,-0.24050596424041082
05/11/2023 12:34:16.793804,4557,True,True,True,True,Eyes,1.277523,-0.2850996,-3.545651,-0.244405,-0.1828467,0.952278,0.0,0.0,0.0,0.0,0.0,0.0,0.0,-0.6208324,0.9941646,3.604105,1.271781,-0.2798031,-3.559165,0.09190058,-0.08540981,0.02650065,0.9917446,10.76671,350.3582,2.150582,0.3376733,-0.07598646,-0.9381906,0,0,0,1.033211,-0.4187985,-2.534155,-0.06123917,0.06203544,1.057961,0.9840058,0.03686532,0.1742803,-0.06826216,0.981704,0.177757,-0.1645386,-0.1868106,0.9685189,moving,-14.39444,-10.86907,-3.312822,3.355799,-16.823850453258913,-0.09391659091647142
05/11/2023 12:34:16.813768,4558,True,True,True,True,Eyes,1.277658,-0.2849016,-3.545832,-0.2432419,-0.1805023,0.9530228,0.0,0.0,0.0,0.0,0.0,0.0,0.0,-0.6254022,0.9868191,3.60535,1.271818,-0.2795596,-3.559187,0.09092943,-0.08482905,0.02638297,0.991887,10.65294,350.4243,2.152435,0.3377069,-0.07593103,-0.9381831,0,0,0,1.034352,-0.4157,-2.533911,-0.06128898,0.06274578,1.057555,0.984216,0.03691093,0.1730797,-0.06776475,0.9820716,0.1759073,-0.1634837,-0.1848595,0.9690717,moving,-14.31803,-10.72477,-3.31678,3.395435,-16.742158916502923,0.05250272966777558
05/11/2023 12:34:16.823738,4559,True,True,True,True,Eyes,1.277771,-0.2847047,-3.546014,-0.2420669,-0.1782153,0.953752,0.0,0.0,0.0,0.0,0.0,0.0,0.0,-0.6283544,0.978499,3.607346,1.271937,-0.2794741,-3.559397,0.08971743,-0.08442342,0.02655911,0.9920273,10.51475,350.4729,2.188512,0.3377389,-0.07587551,-0.938176,0,0,0,1.035478,-0.4126413,-2.53367,-0.06105709,0.06319059,1.057374,0.9843346,0.03754622,0.1722663,-0.06784322,0.9824908,0.1735198,-0.162735,-0.1824887,0.9696469,moving,-14.24124,-10.58406,-3.304821,3.420031,-16.66020308426521,0.19529453277128717
05/11/2023 12:34:16.844116,4560,True,True,True,True,Eyes,1.277885,-0.2845053,-3.546191,-0.2409089,-0.1759212,0.9544708,0.0,0.0,0.0,0.0,0.0,0.0,0.0,-0.6318703,0.9733779,3.608263,1.272018,-0.2792925,-3.55953,0.08901023,-0.08395976,0.02658546,0.9921297,10.43288,350.5268,2.203073,0.337769,-0.07581994,-0.9381697,0,0,0,1.03657,-0.4096743,-2.533437,-0.06092353,0.06445533,1.057088,0.984488,0.03780589,0.1713307,-0.06769899,0.9827408,0.1721552,-0.1618652,-0.1810836,0.9700559,moving,-14.16562,-10.44314,-3.298498,3.489255,-16.579418380573856,0.33829087769522026
05/11/2023 12:34:16.864150,4561,True,True,True,True,Eyes,1.277978,-0.2843138,-3.546373,-0.2397531,-0.1736532,0.9551769,0.0,0.0,0.0,0.0,0.0,0.0,0.0,-0.6354748,0.964181,3.610189,1.272145,-0.2790513,-3.559594,0.08779743,-0.08353666,0.02639464,0.9922786,10.29107,350.5734,2.196666,0.3377974,-0.07576428,-0.9381639,0,0,0,1.037695,-0.4066187,-2.533196,-0.06074616,0.06460928,1.05682,0.98465,0.03771305,0.170418,-0.06705027,0.9831899,0.1698292,-0.1611485,-0.1786488,0.9706265,moving,-14.09036,-10.30396,-3.289749,3.498454,-16.499053500507802,0.47952541033703966
05/11/2023 12:34:16.874325,4562,True,True,True,True,Eyes,1.278069,-0.284124,-3.546552,-0.2385951,-0.1714373,0.955867,0.0,0.0,0.0,0.0,0.0,0.0,0.0,-0.6391809,0.9566556,3.611778,1.272198,-0.2790445,-3.559822,0.08679825,-0.08309126,0.02615167,0.9924102,10.17323,350.6222,2.182392,0.3378237,-0.07570874,-0.938159,0,0,0,1.038797,-0.4036232,-2.53296,-0.06051517,0.06539439,1.056646,0.9848239,0.03748203,0.169461,-0.06633073,0.9835643,0.167933,-0.1603814,-0.1766249,0.9711238,moving,-14.01527,-10.16804,-3.277804,3.54144,-16.41896723289655,0.617462439940649
05/11/2023 12:34:16.893792,4563,True,True,True,True,Eyes,1.278159,-0.2839387,-3.546728,-0.2374372,-0.1692801,0.9565395,0.0,0.0,0.0,0.0,0.0,0.0,0.0,-0.6445367,0.9527651,3.611959,1.272267,-0.2788944,-3.559914,0.08638731,-0.08245733,0.02570173,0.9925107,10.12052,350.6912,2.140676,0.3378482,-0.07565337,-0.9381546,0,0,0,1.039895,-0.4006405,-2.532726,-0.06069084,0.06718675,1.056285,0.9850804,0.03677196,0.1681202,-0.06526502,0.9837533,0.167242,-0.159239,-0.1757192,0.971476,moving,-13.94049,-10.03581,-3.288421,3.63949,-16.339314712861523,0.7516662358408173
05/11/2023 12:34:16.913923,4564,True,True,True,True,Eyes,1.278247,-0.2837568,-3.546904,-0.236286,-0.1671556,0.957198,0.0,0.0,0.0,0.0,0.0,0.0,0.0,-0.6482542,0.9480283,3.61266,1.272275,-0.2788335,-3.560038,0.08571861,-0.08195542,0.0257301,0.9926095,10.04303,350.7495,2.155168,0.3378709,-0.07559827,-0.9381509,0,0,0,1.040966,-0.3977322,-2.532496,-0.06058477,0.06859453,1.055986,0.9852425,0.03702967,0.1671105,-0.06513009,0.9839806,0.1659528,-0.1582883,-0.1743876,0.9718713,moving,-13.86635,-9.905682,-3.283614,3.716586,-16.260375873647522,0.8837403139690156
05/11/2023 12:34:16.933878,4565,True,True,True,True,Eyes,1.278321,-0.2835765,-3.547079,-0.2351324,-0.1651084,0.9578371,0.0,0.0,0.0,0.0,0.0,0.0,0.0,-0.6519399,0.9433832,3.613377,1.27232,-0.2787474,-3.560195,0.08503523,-0.08144312,0.02587076,0.9927068,9.964857,350.8101,2.182791,0.3378921,-0.07554351,-0.9381477,0,0,0,1.042133,-0.3945622,-2.532247,-0.06042935,0.0702438,1.055694,0.9853954,0.03751309,0.1660981,-0.06521523,0.9841994,0.1646161,-0.1572984,-0.1730441,0.9722721,moving,-13.79239,-9.78032,-3.276112,3.806736,-16.181775350325793,1.0109940209862547
05/11/2023 12:34:16.963768,4566,True,True,True,True,Eyes,1.278396,-0.2833983,-3.54725,-0.2339974,-0.1630899,0.9584607,0.0,0.0,0.0,0.0,0.0,0.0,0.0,-0.6543697,0.9405053,3.613787,1.272346,-0.2786041,-3.560297,0.08463258,-0.08111138,0.02592615,0.9927669,9.91847,350.8489,2.196151,0.3379115,-0.07548911,-0.9381451,0,0,0,1.043236,-0.3915665,-2.532011,-0.05993441,0.07221655,1.055375,0.9854975,0.03774792,0.1654378,-0.06520658,0.9843303,0.163835,-0.156661,-0.1722466,0.9725165,moving,-13.71974,-9.656856,-3.250317,3.914497,-16.10455639407165,1.1363198188764692
05/11/2023 12:34:16.974085,4567,True,True,True,True,Eyes,1.278471,-0.2832215,-3.547419,-0.2328978,-0.1611041,0.9590642,0.0,0.0,0.0,0.0,0.0,0.0,0.0,-0.6572087,0.935702,3.614638,1.272435,-0.2784877,-3.560396,0.08397329,-0.0807472,0.02591455,0.9928529,9.84197,350.8907,2.204341,0.3379295,-0.07543509,-0.938143,0,0,0,1.044359,-0.388515,-2.531771,-0.05955824,0.07371625,1.055089,0.9856166,0.03789746,0.1646925,-0.06501989,0.9845538,0.1625612,-0.1559879,-0.1709313,0.9728567,moving,-13.64942,-9.535551,-3.230834,3.996607,-16.029754624600386,1.2594469949684566
05/11/2023 12:34:16.983894,4568,True,True,True,True,Eyes,1.278545,-0.2830464,-3.547591,-0.2318199,-0.1591434,0.9596525,0.0,0.0,0.0,0.0,0.0,0.0,0.0,-0.6598885,0.9315972,3.615315,1.27246,-0.2783595,-3.560504,0.08345098,-0.08041779,0.0257659,0.9929276,9.780006,350.9272,2.195085,0.3379461,-0.07538147,-0.9381413,0,0,0,1.045369,-0.3857728,-2.531555,-0.05916083,0.07514808,1.054845,0.9857382,0.03774545,0.1639985,-0.06458922,0.9847441,0.1615774,-0.1553977,-0.1698656,0.9731378,moving,-13.58057,-9.415921,-3.210063,4.074917,-15.95648817339436,1.380870682985801
05/11/2023 12:34:16.994134,4569,True,True,True,True,Eyes,1.278611,-0.2828706,-3.547755,-0.2306907,-0.157156,0.9602519,0.0,0.0,0.0,0.0,0.0,0.0,0.0,-0.6623266,0.9265898,3.6164,1.272509,-0.2782322,-3.560745,0.0827901,-0.08011726,0.02565027,0.9930102,9.702527,350.9605,2.190542,0.3379615,-0.07532823,-0.93814,0,0,0,1.047023,-0.3812799,-2.531201,-0.0579893,0.07802748,1.054501,0.9858465,0.03767613,0.1633617,-0.06420779,0.9849757,0.1603128,-0.1548673,-0.1685329,0.973454,moving,-13.50872,-9.294696,-3.14765,4.231873,-15.88014851401226,1.5039271678861077
05/11/2023 12:34:17.013920,4570,True,True,True,True,Eyes,1.278677,-0.2826974,-3.547918,-0.2295854,-0.1551794,0.9608381,0.0,0.0,0.0,0.0,0.0,0.0,0.0,-0.6651794,0.9207726,3.617312,1.272486,-0.2780392,-3.560717,0.08204273,-0.07976543,0.02549266,0.9931046,9.614652,350.9994,2.182369,0.3379756,-0.07527534,-0.9381392,0,0,0,1.047716,-0.3793965,-2.531053,-0.05798614,0.07806211,1.054299,0.9859751,0.03754541,0.1626138,-0.0637221,0.9852382,0.1588871,-0.1542479,-0.1670209,0.9738129,moving,-13.43845,-9.174289,-3.148079,4.23455,-15.805426684763255,1.626145992238671
05/11/2023 12:34:17.023858,4571,True,True,True,True,Eyes,1.278735,-0.282523,-3.54808,-0.228484,-0.1531805,0.9614212,0.0,0.0,0.0,0.0,0.0,0.0,0.0,-0.6673305,0.9146681,3.618626,1.272555,-0.2779458,-3.560864,0.08117358,-0.07947777,0.02557152,0.9931971,9.515094,351.0329,2.201887,0.3379886,-0.07522284,-0.9381387,0,0,0,1.048699,-0.3767259,-2.530843,-0.05758779,0.07880664,1.054175,0.9860588,0.03789213,0.1620256,-0.06369811,0.9855139,0.157178,-0.1537227,-0.1653074,0.9741882,moving,-13.36848,-9.052686,-3.126862,4.275289,-15.730967501863192,1.7495721592763243
05/11/2023 12:34:17.044259,4572,True,True,True,True,Eyes,1.278795,-0.2823493,-3.54824,-0.2273999,-0.1511983,0.9619919,0.0,0.0,0.0,0.0,0.0,0.0,0.0,-0.6699433,0.9087843,3.619723,1.272542,-0.2777462,-3.560983,0.08037943,-0.07913485,0.02554593,0.9932897,9.423073,351.0719,2.209158,0.3380004,-0.07517067,-0.9381387,0,0,0,1.049757,-0.3738522,-2.530617,-0.05714573,0.07976475,1.053991,0.9861702,0.03802738,0.1613144,-0.06347064,0.9857731,0.1556369,-0.1531009,-0.1637232,0.9745536,moving,-13.2997,-8.932223,-3.103448,4.327825,-15.657744078311456,1.8718376737702052
05/11/2023 12:34:17.063581,4573,True,True,True,True,Eyes,1.278859,-0.2821724,-3.548395,-0.2265707,-0.1490852,0.9625171,0.0,0.0,0.0,0.0,0.0,0.0,0.0,-0.6727115,0.9030424,3.620761,1.272616,-0.277605,-3.561084,0.07958855,-0.07877742,0.02555113,0.9933816,9.331671,351.1128,2.220029,0.3380112,-0.07511882,-0.9381389,0,0,0,1.050859,-0.3708589,-2.530381,-0.0567701,0.0809165,1.053779,0.9862825,0.03822448,0.1605792,-0.0633036,0.9860256,0.1540979,-0.1524449,-0.1621493,0.9749196,moving,-13.24594,-8.804631,-3.083706,4.390952,-15.599409036727991,2.001211575351306
05/11/2023 12:34:17.083768,4574,True,True,True,True,Eyes,1.278923,-0.281998,-3.548549,-0.2257446,-0.1469881,0.9630337,0.0,0.0,0.0,0.0,0.0,0.0,0.0,-0.6749089,0.8962845,3.622087,1.27268,-0.2773732,-3.561137,0.07869252,-0.07851299,0.02547118,0.993476,9.227669,351.142,2.221041,0.3380212,-0.07506716,-0.9381394,0,0,0,1.051971,-0.3678389,-2.530143,-0.05619244,0.0817503,1.053567,0.9863738,0.03825325,0.1600103,-0.06296678,0.9863174,0.1523586,-0.1519927,-0.1603579,0.9752864,moving,-13.19251,-8.678095,-3.053001,4.436907,-15.541441069145616,2.129515495589642
05/11/2023 12:34:17.093907,4575,True,True,True,True,Eyes,1.278973,-0.2818233,-3.5487,-0.2250621,-0.144778,0.963528,0.0,0.0,0.0,0.0,0.0,0.0,0.0,-0.6782053,0.8899555,3.623174,1.272737,-0.2772716,-3.561269,0.07785611,-0.07810773,0.02531923,0.9935777,9.129559,351.187,2.214483,0.3380306,-0.07501576,-0.9381402,0,0,0,1.053107,-0.3647521,-2.5299,-0.05585919,0.0828997,1.053385,0.9865162,0.0381509,0.1591547,-0.06247556,0.9865947,0.1507569,-0.1512697,-0.1586674,0.9756752,moving,-13.14749,-8.545232,-3.035455,4.499813,-15.491732438362092,2.2641609278958867
05/11/2023 12:34:17.118506,4576,True,True,True,True,Eyes,1.279025,-0.2816478,-3.548846,-0.2243733,-0.1425563,0.9640199,0.0,0.0,0.0,0.0,0.0,0.0,0.0,-0.6798994,0.8853526,3.62404,1.272824,-0.277092,-3.561308,0.07722432,-0.07789222,0.02535451,0.993643,9.05698,351.2118,2.225961,0.3380391,-0.07496459,-0.9381413,0,0,0,1.054256,-0.3616317,-2.529655,-0.05514425,0.08446956,1.053116,0.9865799,0.03835632,0.1587101,-0.06241701,0.9867871,0.1495169,-0.1508781,-0.1574166,0.9759384,moving,-13.10219,-8.411763,-2.997438,4.585829,-15.441721908648908,2.399420987830757
05/11/2023 12:34:17.143701,4577,True,True,True,True,Eyes,1.279056,-0.2814741,-3.549,-0.2237567,-0.14024,0.9645028,0.0,0.0,0.0,0.0,0.0,0.0,0.0,-0.6836415,0.8761679,3.625586,1.272913,-0.2769187,-3.561308,0.07598174,-0.07742748,0.0252727,0.9937773,8.912819,351.2638,2.231366,0.3380468,-0.07491362,-0.9381426,0,0,0,1.055373,-0.3585976,-2.529416,-0.05503373,0.08465116,1.052902,0.9867325,0.03846471,0.1577318,-0.06199702,0.9871761,0.1471042,-0.1500508,-0.1549315,0.9764636,moving,-13.0611,-8.272908,-2.992048,4.596575,-15.395772832745132,2.5400990653530293
05/11/2023 12:34:17.153810,4578,True,True,True,True,Eyes,1.279072,-0.2813034,-3.549151,-0.223154,-0.137858,0.9649857,0.0,0.0,0.0,0.0,0.0,0.0,0.0,-0.686147,0.86988,3.626921,1.272967,-0.2767854,-3.561599,0.07518543,-0.07714377,0.02500364,0.9938667,8.818583,351.2936,2.209654,0.3380533,-0.07486288,-0.9381443,0,0,0,1.056408,-0.3557853,-2.529194,-0.05452828,0.08557594,1.052949,0.9868473,0.03810039,0.157101,-0.06130073,0.987444,0.1455908,-0.1495814,-0.1533063,0.976792,moving,-13.02083,-8.130272,-2.964485,4.646366,-15.35052478460089,2.6845948574996843
05/11/2023 12:34:17.183687,4579,True,True,True,True,Eyes,1.279088,-0.2811347,-3.549298,-0.2225351,-0.1354931,0.9654635,0.0,0.0,0.0,0.0,0.0,0.0,0.0,-0.6917177,0.8623424,3.627711,1.273047,-0.2766874,-3.561628,0.07422629,-0.0764636,0.02468622,0.9939992,8.704412,351.3688,2.187196,0.3380584,-0.07481244,-0.9381465,0,0,0,1.057452,-0.3529499,-2.528971,-0.05493063,0.08618084,1.052727,0.9870878,0.03772494,0.1556742,-0.06042738,0.9877621,0.1437866,-0.1483448,-0.1513369,0.9772875,moving,-12.97973,-7.988713,-2.986949,4.680048,-15.304476521664315,2.8280071683498242
05/11/2023 12:34:17.193905,4580,True,True,True,True,Eyes,1.279096,-0.2809654,-3.549447,-0.2219397,-0.1331035,0.9659328,0.0,0.0,0.0,0.0,0.0,0.0,0.0,-0.6953933,0.8553137,3.628719,1.273067,-0.2765437,-3.561679,0.07325662,-0.07597867,0.02469733,0.994108,8.592328,351.4242,2.200857,0.3380622,-0.07476232,-0.9381492,0,0,0,1.058981,-0.3487953,-2.528644,-0.05430663,0.08809219,1.052381,0.9872346,0.03797175,0.1546805,-0.0602355,0.9880471,0.141897,-0.1474435,-0.1494029,0.9777215,moving,-12.94009,-7.845826,-2.954047,4.784932,-15.259854535540319,2.9727525601888196
05/11/2023 12:34:17.213658,4581,True,True,True,True,Eyes,1.279106,-0.2807968,-3.549592,-0.2213274,-0.1307361,0.9663965,0.0,0.0,0.0,0.0,0.0,0.0,0.0,-0.6997654,0.851016,3.629052,1.27317,-0.2764114,-3.561819,0.07265159,-0.07539648,0.02475552,0.9941954,8.522203,351.4916,2.217645,0.3380646,-0.07471249,-0.9381523,0,0,0,1.059851,-0.346433,-2.528458,-0.05467615,0.08906222,1.052293,0.9874051,0.03826829,0.1535147,-0.06017898,0.9882178,0.1407268,-0.1463206,-0.1481927,0.9780742,moving,-12.89961,-7.704318,-2.974359,4.837774,-15.214432219116691,3.1161091682020006
05/11/2023 12:34:17.223984,4582,True,True,True,True,Eyes,1.279096,-0.2806282,-3.549741,-0.2206858,-0.1283237,0.9668665,0.0,0.0,0.0,0.0,0.0,0.0,0.0,-0.703953,0.8443223,3.629865,1.273243,-0.2762704,-3.561864,0.07174628,-0.07485938,0.02469955,0.994303,8.4168,351.5525,2.223275,0.338066,-0.07466294,-0.9381557,0,0,0,1.061434,-0.3421317,-2.528119,-0.05415049,0.09124279,1.051937,0.987572,0.03837591,0.15241,-0.05985944,0.9884848,0.1389771,-0.1453216,-0.1463731,0.9784971,moving,-12.85741,-7.560182,-2.946809,4.957306,-15.167191455500681,3.2621345631310463
05/11/2023 12:34:17.233798,4583,True,True,True,True,Eyes,1.279089,-0.2804614,-3.549888,-0.2200211,-0.1259506,0.9673299,0.0,0.0,0.0,0.0,0.0,0.0,0.0,-0.7091469,0.8385869,3.630377,1.27336,-0.276098,-3.562033,0.07100563,-0.07420448,0.02453587,0.9944093,8.329095,351.6262,2.21603,0.3380659,-0.07461364,-0.9381596,0,0,0,1.062275,-0.3398468,-2.527939,-0.05473089,0.09176191,1.051929,0.9877834,0.03825954,0.1510636,-0.05933528,0.9887124,0.137576,-0.1440949,-0.1448587,0.9789038,moving,-12.81403,-7.418429,-2.978361,4.985408,-15.118841112110525,3.405758240261017
05/11/2023 12:34:17.243600,4584,True,True,True,True,Eyes,1.279088,-0.280295,-3.550036,-0.2193412,-0.1235993,0.9677876,0.0,0.0,0.0,0.0,0.0,0.0,0.0,-0.714029,0.8333901,3.630724,1.273441,-0.2759864,-3.562122,0.07030998,-0.07357365,0.02445988,0.9945075,8.247349,351.6979,2.218212,0.3380645,-0.07456461,-0.9381641,0,0,0,1.063511,-0.3364892,-2.527675,-0.05478501,0.09349464,1.051698,0.9879773,0.03830514,0.1497786,-0.05899699,0.9889165,0.1362484,-0.1428995,-0.1434468,0.9792868,moving,-12.76989,-7.27803,-2.981954,5.080169,-15.06977016488016,3.5480178790708568
05/11/2023 12:34:17.263774,4585,True,True,True,True,Eyes,1.279076,-0.2801289,-3.550185,-0.2186878,-0.1211902,0.96824,0.0,0.0,0.0,0.0,0.0,0.0,0.0,-0.718333,0.8267351,3.631571,1.273547,-0.2758433,-3.562273,0.06940562,-0.0730214,0.02441453,0.9946129,8.142121,351.7605,2.224847,0.338062,-0.07451585,-0.9381688,0,0,0,1.064384,-0.3341196,-2.527488,-0.05510785,0.09380923,1.051707,0.9881436,0.03842982,0.148645,-0.0587022,0.9891736,0.1344979,-0.141867,-0.141629,0.9797015,moving,-12.72734,-7.134352,-2.99947,5.097131,-15.022192087961098,3.693582498045206
05/11/2023 12:34:17.273895,4586,True,True,True,True,Eyes,1.279071,-0.2799593,-3.550333,-0.2180083,-0.1187991,0.9686894,0.0,0.0,0.0,0.0,0.0,0.0,0.0,-0.7225146,0.8199776,3.632451,1.273639,-0.2756975,-3.562433,0.06850445,-0.07249299,0.02430817,0.9947167,8.036815,351.8198,2.224119,0.3380585,-0.07446733,-0.938174,0,0,0,1.065158,-0.3320162,-2.527323,-0.05547664,0.09385103,1.051762,0.9883078,0.0384273,0.1475504,-0.05829168,0.9894325,0.1327607,-0.1408895,-0.1398094,0.9801038,moving,-12.68338,-6.991782,-3.019347,5.099124,-14.97323082749048,3.8380361570418833
05/11/2023 12:34:17.293715,4587,True,True,True,True,Eyes,1.279061,-0.2797889,-3.55048,-0.2173517,-0.116338,0.9691356,0.0,0.0,0.0,0.0,0.0,0.0,0.0,-0.7281505,0.8124572,3.633138,1.273761,-0.2754548,-3.562532,0.06757375,-0.07180896,0.02397313,0.9948379,7.925932,351.8952,2.198429,0.338054,-0.07441894,-0.9381795,0,0,0,1.066255,-0.3290362,-2.527088,-0.05586793,0.09453124,1.051673,0.9885375,0.03799395,0.1461165,-0.05740356,0.9897181,0.1310069,-0.1396366,-0.1378928,0.9805545,moving,-12.64077,-6.845207,-3.04086,5.136316,-14.92549685865417,3.986530495887483
05/11/2023 12:34:17.313925,4588,True,True,True,True,Eyes,1.279056,-0.2796184,-3.550626,-0.2166667,-0.1138882,0.9695798,0.0,0.0,0.0,0.0,0.0,0.0,0.0,-0.7333953,0.8037308,3.634142,1.273847,-0.275286,-3.562635,0.06645656,-0.07116951,0.02367023,0.9949664,7.794085,351.9656,2.177408,0.3380486,-0.07437064,-0.9381853,0,0,0,1.067412,-0.3258924,-2.526841,-0.05606683,0.09506148,1.051601,0.9887493,0.03764279,0.1447686,-0.05656152,0.9900465,0.1288749,-0.1384764,-0.1356133,0.9810368,moving,-12.59662,-6.699347,-3.051873,5.165321,-14.87623585938908,4.134312125962056
05/11/2023 12:34:17.325096,4589,True,True,True,True,Eyes,1.279045,-0.279449,-3.550771,-0.2159615,-0.1114298,0.9700227,0.0,0.0,0.0,0.0,0.0,0.0,0.0,-0.739078,0.7956878,3.6349,1.273959,-0.2751296,-3.56275,0.06539306,-0.07045089,0.02351019,0.9950918,7.669395,352.0463,2.172876,0.3380425,-0.07432243,-0.9381913,0,0,0,1.068479,-0.3229952,-2.526613,-0.05654907,0.09551918,1.051557,0.988968,0.03757558,0.143285,-0.05600358,0.990342,0.1268316,-0.1371354,-0.1334568,0.9815209,moving,-12.55137,-6.553037,-3.078203,5.190274,-14.825852460953115,4.282556110651732
05/11/2023 12:34:17.343913,4590,True,True,True,True,Eyes,1.279039,-0.2792757,-3.550917,-0.2152383,-0.1089859,0.970461,0.0,0.0,0.0,0.0,0.0,0.0,0.0,-0.744269,0.7872144,3.635779,1.274029,-0.2750087,-3.562829,0.06423016,-0.06977537,0.02347898,0.995216,7.534449,352.1228,2.183434,0.3380357,-0.07427434,-0.9381976,0,0,0,1.069684,-0.319721,-2.526355,-0.05674335,0.09619993,1.051456,0.9891602,0.03776995,0.1418992,-0.05569668,0.9906464,0.1245692,-0.135867,-0.1311222,0.9820118,moving,-12.50519,-6.407656,-3.089054,5.227559,-14.774563281942303,4.429866931930717
05/11/2023 12:34:17.363963,4591,True,True,True,True,Eyes,1.279022,-0.2791048,-3.551064,-0.2142246,-0.106394,0.9709728,0.0,0.0,0.0,0.0,0.0,0.0,0.0,-0.7491722,0.7793252,3.636668,1.27414,-0.2747568,-3.56301,0.06321515,-0.06916797,0.02326999,0.9953281,7.415205,352.1902,2.171717,0.3380283,-0.07422623,-0.938204,0,0,0,1.070708,-0.3169401,-2.526136,-0.05703345,0.09654392,1.051521,0.9893486,0.03757764,0.1406317,-0.05506749,0.9909247,0.1226206,-0.1347476,-0.1290587,0.9824393,moving,-12.44178,-6.253215,-3.104623,5.245823,-14.705626960090205,4.586453710797143
05/11/2023 12:34:17.373509,4592,True,True,True,True,Eyes,1.279013,-0.2789315,-3.551211,-0.2131844,-0.1038271,0.9714795,0.0,0.0,0.0,0.0,0.0,0.0,0.0,-0.7552837,0.7715894,3.63721,1.27433,-0.2746595,-3.563109,0.06219327,-0.06840384,0.02308677,0.9954497,7.295054,352.276,2.164035,0.3380201,-0.07417818,-0.9382108,0,0,0,1.071834,-0.313881,-2.525895,-0.05762176,0.0973065,1.05146,0.9895759,0.03745491,0.1390568,-0.05447194,0.991198,0.1206621,-0.1333135,-0.126979,0.9829058,moving,-12.37698,-6.100341,-3.136768,5.287333,-14.635342719976471,4.741465275590743
05/11/2023 12:34:17.393711,4593,True,True,True,True,Eyes,1.278956,-0.2787609,-3.551358,-0.2119182,-0.1011049,0.9720434,0.0,0.0,0.0,0.0,0.0,0.0,0.0,-0.7620716,0.7643046,3.637498,1.274486,-0.2744454,-3.563239,0.06124155,-0.06753789,0.02293351,0.9955713,7.182975,352.3738,2.159842,0.3380114,-0.07413013,-0.9382177,0,0,0,1.072901,-0.3109837,-2.525667,-0.05845562,0.09795511,1.051435,0.9898254,0.03739164,0.1372866,-0.05393614,0.991447,0.1188429,-0.1316686,-0.1250384,0.9833763,moving,-12.29879,-5.93814,-3.182143,5.322499,-14.55126895681891,4.905997173410649
05/11/2023 12:34:17.413697,4594,True,True,True,True,Eyes,1.278908,-0.2785877,-3.55151,-0.2106389,-0.09841398,0.9725975,0.0,0.0,0.0,0.0,0.0,0.0,0.0,-0.7694655,0.754612,3.638009,1.274528,-0.2743249,-3.563278,0.05991307,-0.06656467,0.02288644,0.9957187,7.028324,352.4842,2.171194,0.3380012,-0.07408216,-0.9382252,0,0,0,1.074015,-0.3079577,-2.525429,-0.05936794,0.09804875,1.051346,0.9900907,0.03760073,0.1353018,-0.0535531,0.9917732,0.1162663,-0.129817,-0.12236,0.9839591,moving,-12.22003,-5.777908,-3.231974,5.328004,-14.466686166163623,5.068541904952262
05/11/2023 12:34:17.424025,4595,True,True,True,True,Eyes,1.278848,-0.2784159,-3.551658,-0.2092195,-0.09565237,0.9731792,0.0,0.0,0.0,0.0,0.0,0.0,0.0,-0.7757525,0.747596,3.638386,1.274679,-0.2741079,-3.56351,0.05895589,-0.06574198,0.02288292,0.9958307,6.916857,352.5779,2.18353,0.3379897,-0.0740342,-0.9382331,0,0,0,1.075135,-0.3049158,-2.525189,-0.06002124,0.09887525,1.051426,0.9903087,0.03782327,0.1336339,-0.05332678,0.9920012,0.1144114,-0.1282376,-0.1204289,0.9844044,moving,-12.13309,-5.613488,-3.267215,5.372249,-14.373729068539575,5.235375899457536
05/11/2023 12:34:17.443817,4596,True,True,True,True,Eyes,1.278796,-0.2782396,-3.551805,-0.2077835,-0.09290145,0.9737532,0.0,0.0,0.0,0.0,0.0,0.0,0.0,-0.7831576,0.7389699,3.638637,1.274894,-0.2739685,-3.563521,0.05778526,-0.0647925,0.02281076,0.9959631,6.780147,352.6855,2.190178,0.3379768,-0.07398628,-0.9382416,0,0,0,1.076274,-0.3018196,-2.524946,-0.06102423,0.09935017,1.051318,0.9905632,0.03794923,0.1316981,-0.05292543,0.992281,0.112148,-0.1264256,-0.1180599,0.9849256,moving,-12.04536,-5.44984,-3.322032,5.398453,-14.280001979159563,5.40143454863877
05/11/2023 12:34:17.463855,4597,True,True,True,True,Eyes,1.278739,-0.2780658,-3.551954,-0.206296,-0.09007899,0.9743345,0.0,0.0,0.0,0.0,0.0,0.0,0.0,-0.7905573,0.7297581,3.639055,1.275056,-0.2737069,-3.563645,0.05656707,-0.06384493,0.02267403,0.9960974,6.637534,352.7923,2.189467,0.3379628,-0.0739383,-0.9382504,0,0,0,1.077326,-0.2989617,-2.524721,-0.0620658,0.09936394,1.051367,0.9908195,0.03794805,0.1297567,-0.05239413,0.9925721,0.1097974,-0.1246263,-0.1155879,0.985448,moving,-11.95469,-5.282084,-3.378446,5.398947,-14.183179271141167,5.571666630449574
05/11/2023 12:34:17.483874,4598,True,True,True,True,Eyes,1.278691,-0.2778904,-3.5521,-0.2047913,-0.0872778,0.9749067,0.0,0.0,0.0,0.0,0.0,0.0,0.0,-0.7977091,0.7207408,3.63946,1.275217,-0.2736078,-3.563767,0.05531595,-0.06291134,0.02266972,0.9962271,6.492138,352.8982,2.203851,0.3379478,-0.07389031,-0.9382595,0,0,0,1.078454,-0.2958994,-2.52448,-0.06297614,0.0997048,1.051391,0.9910565,0.03820837,0.127856,-0.05212837,0.9928524,0.1073621,-0.12284,-0.1130669,0.9859646,moving,-11.8632,-5.115724,-3.427802,5.417233,-14.085576930709777,5.7404926054268595
05/11/2023 12:34:17.493786,4599,True,True,True,True,Eyes,1.278636,-0.2777172,-3.552243,-0.2032671,-0.08444843,0.9754747,0.0,0.0,0.0,0.0,0.0,0.0,0.0,-0.8053998,0.7122913,3.639564,1.275369,-0.2734114,-3.563865,0.05420632,-0.06192629,0.02249567,0.9963538,6.361636,353.0091,2.197823,0.3379321,-0.07384227,-0.938269,0,0,0,1.079518,-0.2930075,-2.524252,-0.06407243,0.1000329,1.051392,0.9913182,0.0381137,0.1258398,-0.05154088,0.9931113,0.1052312,-0.1209622,-0.1108035,0.9864536,moving,-11.77072,-4.947852,-3.487326,5.434949,-13.986927946600536,5.910854049588968
05/11/2023 12:34:17.515826,4600,True,True,True,True,Eyes,1.27859,-0.2775385,-3.552382,-0.2017288,-0.08164823,0.9760324,0.0,0.0,0.0,0.0,0.0,0.0,0.0,-0.8127898,0.7044274,3.639542,1.275574,-0.2732978,-3.563893,0.05315671,-0.06098321,0.02236079,0.9964715,6.238397,353.1155,2.195383,0.3379155,-0.07379427,-0.9382787,0,0,0,1.080701,-0.2897961,-2.523999,-0.06500058,0.1008877,1.051296,0.9915621,0.03808046,0.1239133,-0.05104712,0.9933487,0.103211,-0.1191588,-0.1086656,0.9869108,moving,-11.67761,-4.781842,-3.538036,5.481607,-13.887705995689801,6.079336921249059
05/11/2023 12:34:17.519377,4601,True,True,True,True,Eyes,1.278526,-0.2773608,-3.552517,-0.2001425,-0.07889595,0.9765851,0.0,0.0,0.0,0.0,0.0,0.0,0.0,-0.8203627,0.6965065,3.639467,1.27577,-0.2730058,-3.563947,0.05214784,-0.06002512,0.02214233,0.9965878,6.119244,353.2231,2.182937,0.3378985,-0.07374614,-0.9382886,0,0,0,1.081708,-0.2870599,-2.523784,-0.06615753,0.101165,1.051278,0.9918134,0.03787319,0.12195,-0.05039391,0.9935806,0.1012816,-0.1173313,-0.106598,0.9873552,moving,-11.58189,-4.618757,-3.600908,5.496676,-13.785952489665364,6.244879562952343
05/11/2023 12:34:17.543678,4602,True,True,True,True,Eyes,1.278473,-0.2771839,-3.552648,-0.1985416,-0.07615484,0.9771293,0.0,0.0,0.0,0.0,0.0,0.0,0.0,-0.8285604,0.6891395,3.63902,1.275927,-0.2728432,-3.563911,0.05118553,-0.05896995,0.02197142,0.9967046,6.005562,353.3423,2.17602,0.3378807,-0.07369796,-0.9382988,0,0,0,1.082826,-0.2840239,-2.523545,-0.06735816,0.1019684,1.051114,0.9920796,0.0377612,0.1198005,-0.04983484,0.9937946,0.09944237,-0.115302,-0.104625,0.9878052,moving,-11.48549,-4.456471,-3.666651,5.540918,-13.683540638559377,6.409618824683591
05/11/2023 12:34:17.563861,4603,True,True,True,True,Eyes,1.278427,-0.277012,-3.552774,-0.1969605,-0.07345112,0.9776562,0.0,0.0,0.0,0.0,0.0,0.0,0.0,-0.8363794,0.6801698,3.638994,1.276122,-0.2727096,-3.563928,0.04997626,-0.05796425,0.02186616,0.9968272,5.86416,353.4557,2.177691,0.3378624,-0.07364974,-0.9383091,0,0,0,1.083901,-0.2811018,-2.523315,-0.06853475,0.102195,1.051073,0.992324,0.03779989,0.1177463,-0.04938723,0.9940485,0.09710047,-0.1133751,-0.1021703,0.988285,moving,-11.39045,-4.296549,-3.730664,5.553369,-13.582576056919217,6.571958645072779
05/11/2023 12:34:17.574093,4604,True,True,True,True,Eyes,1.27839,-0.2768411,-3.552897,-0.1953501,-0.07078661,0.9781756,0.0,0.0,0.0,0.0,0.0,0.0,0.0,-0.8447524,0.6733119,3.638408,1.276259,-0.2726766,-3.563955,0.04903811,-0.05686627,0.0217908,0.9969388,5.753814,353.5803,2.18136,0.337844,-0.07360163,-0.9383196,0,0,0,1.085008,-0.2780952,-2.523078,-0.06979369,0.103182,1.050959,0.9925827,0.03787095,0.1155215,-0.0490254,0.9942408,0.09529765,-0.1112472,-0.1002543,0.9887229,moving,-11.29388,-4.139049,-3.799407,5.607269,-13.480150772830875,6.731859646200594
05/11/2023 12:34:17.594355,4605,True,True,True,True,Eyes,1.27836,-0.276675,-3.553018,-0.1938091,-0.0681619,0.9786685,0.0,0.0,0.0,0.0,0.0,0.0,0.0,-0.8537498,0.6670884,3.63753,1.276431,-0.2725458,-3.563981,0.04820777,-0.05568974,0.02169256,0.9970477,5.655507,353.714,2.18195,0.3378256,-0.07355364,-0.9383299,0,0,0,1.086186,-0.2748961,-2.522826,-0.07117669,0.1044854,1.050819,0.9928562,0.03788768,0.1131422,-0.04862639,0.9944109,0.09371479,-0.1089592,-0.098547,0.9891493,moving,-11.20155,-3.98408,-3.874983,5.678393,-13.382078076854768,6.8891731404119545
05/11/2023 12:34:17.613938,4606,True,True,True,True,Eyes,1.278336,-0.2765122,-3.553138,-0.1922533,-0.06560167,0.9791502,0.0,0.0,0.0,0.0,0.0,0.0,0.0,-0.8615355,0.6623528,3.636694,1.276571,-0.2725145,-3.564071,0.04755095,-0.0546601,0.02166352,0.997137,5.577833,353.8313,2.188401,0.3378074,-0.07350589,-0.9383402,0,0,0,1.087242,-0.2720268,-2.5226,-0.07232768,0.1059446,1.050739,0.993086,0.03800471,0.1110674,-0.04840127,0.9945392,0.09246136,-0.106947,-0.09719788,0.9895024,moving,-11.10854,-3.833007,-3.937748,5.757599,-13.283449106493878,7.0425517035702265
05/11/2023 12:34:17.623583,4607,True,True,True,True,Eyes,1.278307,-0.2763452,-3.553258,-0.1907678,-0.06311138,0.9796044,0.0,0.0,0.0,0.0,0.0,0.0,0.0,-0.8687606,0.6588773,3.635737,1.276678,-0.2724375,-3.564172,0.04706408,-0.05369411,0.02167639,0.9972121,5.52002,353.9418,2.198156,0.3377896,-0.07345843,-0.9383503,0,0,0,1.088383,-0.2689266,-2.522356,-0.07320546,0.1079498,1.050636,0.9932942,0.03817777,0.1091292,-0.04828603,0.9946302,0.09153794,-0.1050485,-0.09619352,0.9898039,moving,-11.01984,-3.686208,-3.985773,5.866391,-13.189300651516842,7.191579847643182
05/11/2023 12:34:17.643743,4608,True,True,True,True,Eyes,1.278284,-0.2761778,-3.553375,-0.1892967,-0.06065413,0.9800448,0.0,0.0,0.0,0.0,0.0,0.0,0.0,-0.8740402,0.6550205,3.635264,1.276801,-0.2721746,-3.564245,0.04656968,-0.05300465,0.02163021,0.9972731,5.461588,354.0201,2.199546,0.337772,-0.07341114,-0.9383603,0,0,0,1.089425,-0.2660973,-2.522133,-0.07364446,0.1094616,1.050589,0.9934453,0.03820565,0.1077349,-0.04807929,0.9947268,0.0905924,-0.1037056,-0.0951784,0.9900436,moving,-10.93212,-3.541469,-4.009774,5.948224,-13.09620683236014,7.3385184755506305
05/11/2023 12:34:17.664011,4609,True,True,True,True,Eyes,1.278277,-0.2760136,-3.553489,-0.1879605,-0.05815932,0.9804531,0.0,0.0,0.0,0.0,0.0,0.0,0.0,-0.8784988,0.6489967,3.635346,1.27692,-0.2720118,-3.564293,0.04575048,-0.05242651,0.02161804,0.9973421,5.366399,354.0853,2.20602,0.3377547,-0.07336398,-0.9383702,0,0,0,1.090526,-0.2631051,-2.521898,-0.07378409,0.1105566,1.050591,0.9935682,0.0383241,0.1065524,-0.04791825,0.9948791,0.08899102,-0.1025963,-0.09352446,0.9903167,moving,-10.85238,-3.39474,-4.017345,6.00728,-13.011082330086548,7.487416097660573
05/11/2023 12:34:17.674545,4610,True,True,True,True,Eyes,1.278273,-0.2758487,-3.553598,-0.1866428,-0.05568037,0.9808487,0.0,0.0,0.0,0.0,0.0,0.0,0.0,-0.8825843,0.6424676,3.635617,1.277002,-0.2719628,-3.56437,0.0448606,-0.05190087,0.02155501,0.9974114,5.262932,354.144,2.20667,0.3377382,-0.07331703,-0.9383799,0,0,0,1.091637,-0.2600881,-2.52166,-0.07376681,0.1116274,1.050639,0.9936834,0.03834181,0.105467,-0.04765503,0.9950458,0.08725149,-0.1015991,-0.09172639,0.9905877,moving,-10.77384,-3.249054,-4.016226,6.064763,-12.927200459043409,7.63525108271322
05/11/2023 12:34:17.693865,4611,True,True,True,True,Eyes,1.278274,-0.2756833,-3.553706,-0.1855642,-0.05319003,0.9811915,0.0,0.0,0.0,0.0,0.0,0.0,0.0,-0.8862349,0.6346164,3.636126,1.277086,-0.2717969,-3.56437,0.04383612,-0.05145242,0.02138597,0.9974837,5.143608,354.193,2.195401,0.3377224,-0.07327024,-0.9383892,0,0,0,1.092783,-0.2569759,-2.521415,-0.07358259,0.1123579,1.050668,0.9937906,0.03815335,0.1045208,-0.04717525,0.9952421,0.08525091,-0.1007709,-0.08965235,0.9908621,moving,-10.70936,-3.102946,-4.006117,6.103984,-12.857461413887165,7.783419030329512
05/11/2023 12:34:17.713936,4612,True,True,True,True,Eyes,1.278276,-0.2755198,-3.553814,-0.1845137,-0.05073065,0.9815198,0.0,0.0,0.0,0.0,0.0,0.0,0.0,-0.8884418,0.6272463,3.636957,1.277183,-0.2716395,-3.56444,0.04290736,-0.05121232,0.02112079,0.9975422,5.035162,354.2177,2.17141,0.3377074,-0.07322358,-0.9383982,0,0,0,1.093864,-0.2540398,-2.521184,-0.07304636,0.1130994,1.050796,0.9938625,0.03774298,0.1039854,-0.04653252,0.9954258,0.08344051,-0.1003604,-0.08776709,0.9910725,moving,-10.64665,-2.958746,-3.976534,6.143214,-12.789567430221334,7.92964589019434
05/11/2023 12:34:17.723850,4613,True,True,True,True,Eyes,1.278295,-0.2753592,-3.55392,-0.1836705,-0.04817585,0.9818066,0.0,0.0,0.0,0.0,0.0,0.0,0.0,-0.8900927,0.6208013,3.637761,1.277211,-0.2715374,-3.564543,0.04207015,-0.05102322,0.02095716,0.9975909,4.937913,354.2372,2.15827,0.3376932,-0.07317711,-0.938407,0,0,0,1.094983,-0.250998,-2.520945,-0.07226885,0.1142157,1.050932,0.9939149,0.03752023,0.1035639,-0.04610644,0.9955818,0.08179898,-0.1000372,-0.08607618,0.9912534,moving,-10.59607,-2.809169,-3.933834,6.202585,-12.733709687336374,8.081228860443966
05/11/2023 12:34:17.743566,4614,True,True,True,True,Eyes,1.278313,-0.2751971,-3.554027,-0.1829058,-0.04565747,0.9820697,0.0,0.0,0.0,0.0,0.0,0.0,0.0,-0.888649,0.6158915,3.639005,1.277128,-0.2714896,-3.564634,0.04134221,-0.05119622,0.02113052,0.9976088,4.855916,354.2169,2.181403,0.33768,-0.07313085,-0.9384153,0,0,0,1.096044,-0.2481171,-2.520718,-0.07062928,0.1155234,1.051077,0.9938649,0.03792685,0.1038948,-0.04639311,0.9956887,0.08032309,-0.1004004,-0.08465031,0.9913395,moving,-10.55019,-2.661825,-3.844327,6.272174,-12.682657875945276,8.230522581295082
05/11/2023 12:34:17.763754,4615,True,True,True,True,Eyes,1.278366,-0.2750365,-3.554135,-0.1823715,-0.04306423,0.9822862,0.0,0.0,0.0,0.0,0.0,0.0,0.0,-0.8846595,0.6095557,3.641175,1.277128,-0.2713055,-3.564783,0.04052452,-0.05176584,0.02101304,0.9976155,4.762825,354.1495,2.169796,0.3376679,-0.07308477,-0.9384233,0,0,0,1.097134,-0.2451565,-2.520485,-0.06824486,0.1165072,1.051384,0.9937575,0.0377303,0.1049879,-0.04612144,0.9958324,0.07868025,-0.1015817,-0.08303129,0.9913561,moving,-10.51779,-2.510287,-3.713834,6.323331,-12.645040582689342,8.383967213462087
05/11/2023 12:34:17.774145,4616,True,True,True,True,Eyes,1.278422,-0.2748758,-3.554242,-0.1818888,-0.04050017,0.9824847,0.0,0.0,0.0,0.0,0.0,0.0,0.0,-0.8813301,0.6023815,3.643426,1.27733,-0.2712355,-3.564971,0.03965534,-0.05230675,0.02061923,0.9976305,4.662131,354.084,2.127024,0.3376573,-0.07303885,-0.9384307,0,0,0,1.098239,-0.2421545,-2.520248,-0.06614105,0.1174835,1.051754,0.9936777,0.03699224,0.1060009,-0.04528921,0.9960046,0.07696569,-0.1027303,-0.08127978,0.9913829,moving,-10.4885,-2.360521,-3.598387,6.373656,-12.610613087972801,8.535599340652173
05/11/2023 12:34:17.794194,4617,True,True,True,True,Eyes,1.278499,-0.274715,-3.554345,-0.1815266,-0.03787117,0.9826566,0.0,0.0,0.0,0.0,0.0,0.0,0.0,-0.8789058,0.5950981,3.645324,1.277426,-0.2710842,-3.565066,0.03874809,-0.05269678,0.02034193,0.9976512,4.557416,354.0363,2.098658,0.3376483,-0.07299307,-0.9384375,0,0,0,1.099349,-0.2391377,-2.520011,-0.06424312,0.1183363,1.052018,0.9936185,0.03650451,0.1067224,-0.04467211,0.9961696,0.07517026,-0.1035696,-0.07945807,0.9914432,moving,-10.46629,-2.207063,-3.494517,6.417943,-12.58319262366411,8.69091745085057
05/11/2023 12:34:17.813934,4618,True,True,True,True,Eyes,1.278578,-0.2745571,-3.55445,-0.1811763,-0.03530473,0.9828167,0.0,0.0,0.0,0.0,0.0,0.0,0.0,-0.8782218,0.586715,3.646879,1.277443,-0.2709708,-3.565102,0.03772642,-0.05285885,0.01991628,0.9976904,4.438218,354.0141,2.055052,0.3376413,-0.07294741,-0.9384436,0,0,0,1.100471,-0.236092,-2.519771,-0.06277023,0.1189807,1.052215,0.9936186,0.03575221,0.1069763,-0.0437289,0.9963601,0.07317305,-0.1039708,-0.07738405,0.9915653,moving,-10.44487,-2.057294,-3.413954,6.4514,-12.55668917641918,8.842500138089965
05/11/2023 12:34:17.823729,4619,True,True,True,True,Eyes,1.278679,-0.2744026,-3.554556,-0.1808535,-0.03273413,0.9829652,0.0,0.0,0.0,0.0,0.0,0.0,0.0,-0.8786915,0.5824896,3.647618,1.277535,-0.2708898,-3.565253,0.03722727,-0.0528447,0.01965115,0.9977151,4.379446,354.0138,2.027621,0.3376361,-0.07290192,-0.938449,0,0,0,1.101631,-0.2329398,-2.519523,-0.06164666,0.1209147,1.052385,0.9936426,0.03527797,0.106911,-0.04314703,0.9964559,0.0722075,-0.1039848,-0.07636134,0.9916432,moving,-10.42513,-1.907326,-3.352445,6.554311,-12.531870729106098,8.9942728439928
05/11/2023 12:34:17.843759,4620,True,True,True,True,Eyes,1.278781,-0.2742513,-3.554665,-0.1805249,-0.03022925,0.9831058,0.0,0.0,0.0,0.0,0.0,0.0,0.0,-0.8796773,0.5790403,3.648118,1.277546,-0.2708662,-3.565444,0.03671191,-0.05270139,0.01977257,0.9977394,4.320869,354.03,2.045186,0.3376329,-0.07285667,-0.9384536,0,0,0,1.102696,-0.2300475,-2.519295,-0.06075347,0.1227105,1.052576,0.9936633,0.03558621,0.1066163,-0.04332529,0.9965226,0.07117376,-0.1037127,-0.07534193,0.9917496,moving,-10.40515,-1.761217,-3.30338,6.649587,-12.506937815206646,9.142145097915003
05/11/2023 12:34:17.863965,4621,True,True,True,True,Eyes,1.278904,-0.2741044,-3.554782,-0.180158,-0.027747,0.9832462,0.0,0.0,0.0,0.0,0.0,0.0,0.0,-0.8815055,0.5757594,3.648413,1.27764,-0.2707993,-3.565638,0.0362466,-0.05246309,0.01982013,0.997768,4.267383,354.0568,2.054377,0.3376317,-0.07281172,-0.9384575,0,0,0,1.103787,-0.2270837,-2.519062,-0.06012482,0.1246275,1.052763,0.9937096,0.03574857,0.1061288,-0.04335501,0.9965867,0.07025176,-0.1032552,-0.07441105,0.9918676,moving,-10.383,-1.616446,-3.268695,6.751335,-12.479864069206627,9.288678893227845
05/11/2023 12:34:17.874131,4622,True,True,True,True,Eyes,1.279027,-0.2739603,-3.554899,-0.1797672,-0.02532616,0.9833831,0.0,0.0,0.0,0.0,0.0,0.0,0.0,-0.8844481,0.574291,3.648298,1.277764,-0.2707948,-3.565968,0.03603957,-0.05207871,0.01980755,0.997796,4.242812,354.1006,2.055772,0.3376325,-0.0727671,-0.9384607,0,0,0,1.104879,-0.2241174,-2.518828,-0.05981962,0.1271525,1.053007,0.993791,0.03577399,0.1053556,-0.04328156,0.9966176,0.06985718,-0.1025001,-0.07398338,0.9919779,moving,-10.35956,-1.475276,-3.251386,6.885235,-12.451610129375887,9.431580115788083
05/11/2023 12:34:17.893913,4623,True,True,True,True,Eyes,1.279155,-0.2738143,-3.555019,-0.1793333,-0.02284533,0.9835231,0.0,0.0,0.0,0.0,0.0,0.0,0.0,-0.8882035,0.5708445,3.648075,1.277877,-0.2707263,-3.566084,0.03557996,-0.05159387,0.01975455,0.9978386,4.188875,354.1554,2.054382,0.3376353,-0.07272287,-0.9384632,0,0,0,1.105997,-0.2210799,-2.518589,-0.05972808,0.1291325,1.053096,0.9938957,0.03575229,0.1043704,-0.04309513,0.9966876,0.06896769,-0.101559,-0.07304455,0.9921442,moving,-10.33366,-1.330631,-3.246148,6.990812,-12.42076473571937,9.578011508624044
05/11/2023 12:34:17.913941,4624,True,True,True,True,Eyes,1.279281,-0.2736676,-3.555145,-0.17888,-0.02040623,0.9836593,0.0,0.0,0.0,0.0,0.0,0.0,0.0,-0.8921973,0.5657451,3.648078,1.277915,-0.2705639,-3.56627,0.0349311,-0.05107952,0.01960887,0.9978909,4.112674,354.2128,2.043505,0.3376399,-0.07267895,-0.9384649,0,0,0,1.107069,-0.2181692,-2.51836,-0.05969713,0.130478,1.05331,0.9940128,0.03556651,0.1033135,-0.04270356,0.9967906,0.06771163,-0.1005737,-0.07171807,0.9923413,moving,-10.3067,-1.188443,-3.243812,7.061504,-12.38893302678659,9.721965557991284
05/11/2023 12:34:17.924278,4625,True,True,True,True,Eyes,1.279426,-0.2735153,-3.555274,-0.1781749,-0.0177752,0.9838383,0.0,0.0,0.0,0.0,0.0,0.0,0.0,-0.8958153,0.5603959,3.648308,1.277983,-0.2704132,-3.566555,0.03422727,-0.05061225,0.01952365,0.9979408,4.030635,354.265,2.039604,0.3376459,-0.07263525,-0.9384661,0,0,0,1.108163,-0.2151975,-2.518126,-0.05955154,0.1317999,1.053648,0.9941145,0.03550227,0.1023525,-0.04243154,0.9968946,0.0663373,-0.09967957,-0.07028985,0.9925339,moving,-10.26511,-1.035062,-3.234882,7.130046,-12.342001764002665,9.877335025783315
05/11/2023 12:34:17.943655,4626,True,True,True,True,Eyes,1.279569,-0.2733623,-3.555409,-0.1774656,-0.01516266,0.9840102,0.0,0.0,0.0,0.0,0.0,0.0,0.0,-0.8998028,0.5542384,3.648535,1.278106,-0.2701805,-3.566803,0.03344725,-0.05011378,0.01935588,0.9979957,3.939347,354.3204,2.02671,0.3376538,-0.0725916,-0.9384667,0,0,0,1.109296,-0.2121192,-2.517884,-0.05950957,0.1329671,1.053982,0.9942279,0.03528183,0.1013215,-0.0419865,0.9970133,0.06482043,-0.09873187,-0.06870042,0.9927398,moving,-10.22336,-0.8828038,-3.231584,7.190274,-12.294946405562875,10.031570234078428
05/11/2023 12:34:17.964007,4627,True,True,True,True,Eyes,1.27972,-0.2732066,-3.555543,-0.176558,-0.01230748,0.9842132,0.0,0.0,0.0,0.0,0.0,0.0,0.0,-0.9030859,0.5463775,3.64917,1.278186,-0.2700318,-3.567052,0.03236255,-0.04968637,0.01937962,0.9980524,3.814409,354.3678,2.037095,0.3376633,-0.07254796,-0.9384667,0,0,0,1.110353,-0.2092471,-2.517658,-0.05932799,0.1334128,1.054406,0.9943114,0.03546779,0.1004335,-0.0418997,0.9971542,0.06267323,-0.09792485,-0.06652484,0.9929678,moving,-10.17012,-0.71644,-3.220451,7.211252,-12.235857103514128,10.200145018628833
05/11/2023 12:34:17.973770,4628,True,True,True,True,Eyes,1.27987,-0.2730473,-3.555678,-0.1756535,-0.009468159,0.9844066,0.0,0.0,0.0,0.0,0.0,0.0,0.0,-0.9068207,0.537852,3.649688,1.278325,-0.2698605,-3.567197,0.03121089,-0.0492165,0.01933068,0.9981132,3.68131,354.4197,2.039569,0.3376743,-0.07250426,-0.9384661,0,0,0,1.111495,-0.2061452,-2.517414,-0.05922917,0.1339021,1.054751,0.9944081,0.03551623,0.09945393,-0.0416606,0.9973044,0.06040123,-0.09704062,-0.06420679,0.9932072,moving,-10.11715,-0.5510617,-3.214049,7.235075,-12.177072139127006,10.367721508407563
05/11/2023 12:34:17.993582,4629,True,True,True,True,Eyes,1.280015,-0.2728934,-3.555817,-0.1746241,-0.00644581,0.9846141,0.0,0.0,0.0,0.0,0.0,0.0,0.0,-0.9102833,0.5286303,3.650322,1.278441,-0.2696359,-3.567324,0.02999928,-0.04879272,0.01918799,0.9981739,3.540925,354.4658,2.031337,0.3376866,-0.07246041,-0.938465,0,0,0,1.112519,-0.2033637,-2.517195,-0.05916639,0.1338706,1.055117,0.9945021,0.03537842,0.09855849,-0.0412334,0.9974637,0.05801653,-0.096256,-0.06176147,0.9934387,moving,-10.05699,-0.3750834,-3.209537,7.230907,-12.110698352843505,10.546064194537385
05/11/2023 12:34:18.013636,4630,True,True,True,True,Eyes,1.280159,-0.2727388,-3.555957,-0.1736005,-0.003474781,0.9848101,0.0,0.0,0.0,0.0,0.0,0.0,0.0,-0.9136509,0.5201008,3.650959,1.278466,-0.2696525,-3.567574,0.02887083,-0.04837304,0.01897723,0.9982318,3.409708,354.5114,2.01473,0.3377001,-0.07241657,-0.9384636,0,0,0,1.113641,-0.2003165,-2.516955,-0.0588869,0.1345039,1.055564,0.9945998,0.03509419,0.09767079,-0.04068048,0.9976127,0.05580358,-0.09547923,-0.05947553,0.9936531,moving,-9.997284,-0.2021603,-3.193057,7.261707,-12.044882383178459,10.721314568863535
05/11/2023 12:34:18.023813,4631,True,True,True,True,Eyes,1.280314,-0.2725771,-3.556094,-0.1725291,-0.0003944069,0.9850043,0.0,0.0,0.0,0.0,0.0,0.0,0.0,-0.9171345,0.5136806,3.651175,1.278563,-0.2694944,-3.567734,0.02801252,-0.04792794,0.01892159,0.9982787,3.310234,354.5608,2.014448,0.3377145,-0.07237271,-0.9384618,0,0,0,1.114803,-0.1971599,-2.516706,-0.05866423,0.1356716,1.05587,0.9946897,0.03509286,0.09675095,-0.04046319,0.9977145,0.05411486,-0.0946308,-0.05774235,0.9938364,moving,-9.9349,-0.02294188,-3.180088,7.321966,-11.976162507929189,10.902948351339987
05/11/2023 12:34:18.043888,4632,True,True,True,True,Eyes,1.280467,-0.2724175,-3.556233,-0.1714768,0.002674058,0.9851846,0.0,0.0,0.0,0.0,0.0,0.0,0.0,-0.9196148,0.5046984,3.651921,1.27863,-0.2692106,-3.567852,0.02680716,-0.04761719,0.01890244,0.9983269,3.171496,354.5944,2.019673,0.3377301,-0.07232865,-0.9384596,0,0,0,1.115818,-0.1944022,-2.516489,-0.05830052,0.1355891,1.05626,0.9947506,0.03518866,0.09608848,-0.04029459,0.9978482,0.05172445,-0.0940616,-0.05532478,0.994028,moving,-9.873727,0.1555159,-3.159248,7.31489,-11.908687033591432,11.083804933511061
05/11/2023 12:34:18.063919,4633,True,True,True,True,Eyes,1.280623,-0.2722608,-3.556379,-0.1703749,0.005777655,0.9853624,0.0,0.0,0.0,0.0,0.0,0.0,0.0,-0.9221753,0.4944459,3.652863,1.278731,-0.2691233,-3.568013,0.02542633,-0.04731133,0.01879095,0.9983797,3.012184,354.6268,2.015146,0.3377466,-0.07228445,-0.9384571,0,0,0,1.11692,-0.1914096,-2.516253,-0.05787924,0.1355469,1.056739,0.9948171,0.03511511,0.0954249,-0.03992692,0.9980008,0.04899221,-0.09351376,-0.05254831,0.9942303,moving,-9.809783,0.335949,-3.135046,7.309362,-11.83835639206088,11.266677348668399
05/11/2023 12:34:18.073820,4634,True,True,True,True,Eyes,1.280778,-0.2721055,-3.556529,-0.1692881,0.00883609,0.985527,0.0,0.0,0.0,0.0,0.0,0.0,0.0,-0.9254679,0.4863123,3.653481,1.278854,-0.2690655,-3.56834,0.02442175,-0.04693283,0.01838945,0.9984303,2.894264,354.6673,1.975536,0.337764,-0.0722402,-0.9384542,0,0,0,1.118013,-0.1884387,-2.51602,-0.05768068,0.136253,1.057288,0.9949183,0.03442881,0.0946165,-0.03901353,0.9981309,0.04704069,-0.0928201,-0.05049296,0.9944018,moving,-9.746813,0.5136917,-3.122694,7.34325,-11.769095121746636,11.446822854729795
05/11/2023 12:34:18.093612,4635,True,True,True,True,Eyes,1.280934,-0.2719519,-3.556678,-0.1681634,0.01186372,0.9856877,0.0,0.0,0.0,0.0,0.0,0.0,0.0,-0.9284005,0.4788763,3.653976,1.278976,-0.2689571,-3.568568,0.02345438,-0.04657935,0.01821093,0.9984732,2.781866,354.7057,1.961136,0.3377821,-0.07219594,-0.9384511,0,0,0,1.119118,-0.1854382,-2.515783,-0.0573782,0.1370577,1.057737,0.9949974,0.03418127,0.09387071,-0.03855123,0.9982365,0.04514064,-0.09216222,-0.04853364,0.9945605,moving,-9.681741,0.6895779,-3.105034,7.383041,-11.697778575862891,11.625105164245259
05/11/2023 12:34:18.113903,4636,True,True,True,True,Eyes,1.281089,-0.2717928,-3.556833,-0.1670646,0.01483317,0.9858343,0.0,0.0,0.0,0.0,0.0,0.0,0.0,-0.9311741,0.4715754,3.654407,1.279037,-0.2688765,-3.568743,0.02246442,-0.04622638,0.0181583,0.9985133,2.667557,354.7444,1.961204,0.3378009,-0.0721517,-0.9384477,0,0,0,1.120215,-0.1824579,-2.515549,-0.05699863,0.1378439,1.058141,0.9950668,0.0341857,0.09313114,-0.0383395,0.9983312,0.04318327,-0.09149948,-0.04654084,0.9947169,moving,-9.618261,0.8620248,-3.08336,7.422123,-11.628178335284751,11.799899189176605
05/11/2023 12:34:18.123856,4637,True,True,True,True,Eyes,1.281255,-0.2716362,-3.55699,-0.1659912,0.01775985,0.9859673,0.0,0.0,0.0,0.0,0.0,0.0,0.0,-0.933087,0.4654192,3.654978,1.279131,-0.268594,-3.569007,0.02169422,-0.04600339,0.01799993,0.9985436,2.578112,354.7683,1.947619,0.3378202,-0.07210734,-0.9384442,0,0,0,1.121378,-0.1793,-2.5153,-0.05632192,0.1390449,1.058608,0.9951194,0.03395142,0.09265377,-0.03794345,0.9984107,0.04166913,-0.09109178,-0.04498136,0.9948261,moving,-9.556341,1.031935,-3.045478,7.482786,-11.560232432025197,11.97211781256682
05/11/2023 12:34:18.148641,4638,True,True,True,True,Eyes,1.281421,-0.2714767,-3.557152,-0.1649356,0.02065145,0.9860881,0.0,0.0,0.0,0.0,0.0,0.0,0.0,-0.9350616,0.458936,3.655586,1.279254,-0.2685328,-3.569268,0.02083038,-0.04576986,0.01789956,0.9985746,2.478235,354.7933,1.941149,0.3378403,-0.07206291,-0.9384404,0,0,0,1.122437,-0.1764227,-2.515074,-0.05579355,0.1400046,1.059097,0.9951694,0.03384129,0.09215493,-0.0376549,0.9984914,0.03996284,-0.09066351,-0.04323989,0.9949424,moving,-9.495536,1.199759,-3.01557,7.530406,-11.493477956896431,12.142219527380462
05/11/2023 12:34:18.164020,4639,True,True,True,True,Eyes,1.281587,-0.271315,-3.557321,-0.1638488,0.0235281,0.9862048,0.0,0.0,0.0,0.0,0.0,0.0,0.0,-0.9376363,0.4509082,3.65622,1.279387,-0.268316,-3.569537,0.01983333,-0.04547841,0.01760383,0.9986133,2.361991,354.8244,1.913073,0.337861,-0.07201836,-0.9384363,0,0,0,1.123536,-0.1734373,-2.514838,-0.05541003,0.1405956,1.059643,0.9952436,0.03335486,0.09152896,-0.03696281,0.9985934,0.03801047,-0.09013239,-0.04121284,0.9950767,moving,-9.433,1.366659,-2.99334,7.557975,-11.42501102544732,12.311398475252252
05/11/2023 12:34:18.173898,4640,True,True,True,True,Eyes,1.281752,-0.2711539,-3.557494,-0.1627692,0.02638239,0.9863113,0.0,0.0,0.0,0.0,0.0,0.0,0.0,-0.940953,0.4434116,3.656631,1.279461,-0.2681247,-3.56988,0.01890908,-0.04507646,0.0172961,0.9986548,2.253829,354.8682,1.883445,0.3378822,-0.07197361,-0.9384322,0,0,0,1.124677,-0.1703375,-2.514595,-0.05515137,0.1414795,1.060231,0.9953379,0.03284096,0.09068576,-0.03625038,0.9986866,0.03620799,-0.08937755,-0.03932658,0.9952211,moving,-9.370957,1.532213,-2.977743,7.600769,-11.357084847253276,12.47921311964588
05/11/2023 12:34:18.193848,4641,True,True,True,True,Eyes,1.281924,-0.2709863,-3.55767,-0.1616465,0.0292237,0.986416,0.0,0.0,0.0,0.0,0.0,0.0,0.0,-0.9445686,0.4345551,3.65705,1.279574,-0.2679954,-3.570144,0.01777549,-0.04463783,0.01702959,0.9987,2.121866,354.9161,1.859588,0.3379038,-0.07192869,-0.9384279,0,0,0,1.125741,-0.1674479,-2.514367,-0.05509904,0.1417823,1.060802,0.9954349,0.03242797,0.08976501,-0.03560182,0.9987881,0.03398444,-0.08855417,-0.03702509,0.995383,moving,-9.30649,1.696957,-2.973324,7.612791,-11.286744687629689,12.64622488951123
05/11/2023 12:34:18.213875,4642,True,True,True,True,Eyes,1.282092,-0.2708185,-3.557849,-0.1605221,0.03206382,0.9865113,0.0,0.0,0.0,0.0,0.0,0.0,0.0,-0.9488656,0.4241463,3.657428,1.279671,-0.2677073,-3.570406,0.01645605,-0.04410888,0.01673833,0.9987509,1.968361,354.974,1.833894,0.3379259,-0.07188344,-0.9384234,0,0,0,1.126897,-0.1643056,-2.51412,-0.05513778,0.141779,1.061429,0.9955485,0.03198313,0.08865847,-0.03488657,0.9988981,0.03139438,-0.08755667,-0.03434761,0.9955672,moving,-9.241996,1.861585,-2.973657,7.608179,-11.21638116536296,12.813119545268199
05/11/2023 12:34:18.224244,4643,True,True,True,True,Eyes,1.282262,-0.2706462,-3.558033,-0.159355,0.03483219,0.9866067,0.0,0.0,0.0,0.0,0.0,0.0,0.0,-0.9534616,0.4135984,3.657705,1.279736,-0.2675543,-3.570665,0.01506775,-0.04352465,0.01654752,0.9988018,1.807399,355.0383,1.819994,0.3379483,-0.07183789,-0.9384187,0,0,0,1.128037,-0.1612099,-2.513876,-0.05525623,0.1417378,1.062065,0.9956636,0.03174374,0.08744365,-0.03436702,0.9989983,0.02865894,-0.08644632,-0.03153984,0.9957572,moving,-9.175077,2.02199,-2.978252,7.601489,-11.14371514018797,12.975760256690524
05/11/2023 12:34:18.243573,4644,True,True,True,True,Eyes,1.282428,-0.270475,-3.558222,-0.1581771,0.03761194,0.9866942,0.0,0.0,0.0,0.0,0.0,0.0,0.0,-0.9588287,0.4024411,3.657857,1.27983,-0.2673073,-3.570968,0.01362804,-0.04284587,0.01628853,0.998856,1.640068,355.1133,1.798514,0.337971,-0.07179195,-0.938414,0,0,0,1.129139,-0.1582155,-2.51364,-0.05566563,0.1413827,1.062762,0.9957978,0.03137198,0.08603767,-0.0337076,0.9990979,0.0258291,-0.08514973,-0.02862068,0.995957,moving,-9.107605,2.183009,-2.998315,7.577752,-11.070472074154049,13.13902550522618
05/11/2023 12:34:18.263775,4645,True,True,True,True,Eyes,1.28258,-0.2703046,-3.558412,-0.156994,0.04034952,0.9867749,0.0,0.0,0.0,0.0,0.0,0.0,0.0,-0.9644691,0.3911873,3.657874,1.279894,-0.2671817,-3.57124,0.01211311,-0.0421118,0.0161753,0.9989085,1.464761,355.1949,1.793955,0.3379938,-0.07174566,-0.9384093,0,0,0,1.130231,-0.1552507,-2.513407,-0.0561391,0.1409869,1.063443,0.9959299,0.03129507,0.08452353,-0.03333549,0.9991832,0.02283743,-0.0837398,-0.02556211,0.9961598,moving,-9.039883,2.341537,-3.021837,7.552,-10.99705938629007,13.299773630283667
05/11/2023 12:34:18.274345,4646,True,True,True,True,Eyes,1.282732,-0.2701345,-3.558609,-0.1557992,0.04306336,0.9868496,0.0,0.0,0.0,0.0,0.0,0.0,0.0,-0.9706459,0.3822173,3.657439,1.279988,-0.2670393,-3.571473,0.0108962,-0.04129951,0.01612443,0.9989573,1.323739,355.2859,1.795003,0.3380165,-0.07169911,-0.9384047,0,0,0,1.131318,-0.1522983,-2.513174,-0.05679748,0.1412067,1.064002,0.9960687,0.03131522,0.08286429,-0.03311525,0.9992425,0.02043782,-0.0821615,-0.02310154,0.9963512,moving,-8.97154,2.498643,-3.055606,7.559707,-10.923068292058018,13.459088031606246
05/11/2023 12:34:18.293581,4647,True,True,True,True,Eyes,1.282871,-0.2699584,-3.558809,-0.1545801,0.04583862,0.9869164,0.0,0.0,0.0,0.0,0.0,0.0,0.0,-0.9763804,0.3745362,3.657063,1.280101,-0.2668959,-3.571808,0.009823167,-0.04053667,0.01618545,0.9989988,1.199796,355.3717,1.807925,0.3380388,-0.0716523,-0.9384003,0,0,0,1.132384,-0.1494022,-2.512946,-0.05735204,0.1416965,1.064635,0.9961896,0.03154208,0.08131015,-0.03313488,0.9992831,0.01831445,-0.08067417,-0.02093887,0.9965206,moving,-8.901877,2.659266,-3.083552,7.58117,-10.847632203075271,13.62196747079123
05/11/2023 12:34:18.313818,4648,True,True,True,True,Eyes,1.283009,-0.2697837,-3.559016,-0.1533414,0.04861202,0.9869768,0.0,0.0,0.0,0.0,0.0,0.0,0.0,-0.9828125,0.365215,3.656549,1.280222,-0.2665879,-3.57206,0.008522032,-0.03967768,0.01631891,0.999043,1.049874,355.4681,1.830091,0.3380606,-0.07160512,-0.938396,0,0,0,1.133515,-0.14633,-2.512704,-0.05804735,0.1417258,1.065253,0.9963188,0.03193032,0.07955755,-0.03328286,0.9993221,0.01573276,-0.07900126,-0.01832275,0.9967061,moving,-8.83114,2.819737,-3.119053,7.578365,-10.771119734475553,13.78470037513919
05/11/2023 12:34:18.324793,4649,True,True,True,True,Eyes,1.283132,-0.2696043,-3.559225,-0.1520956,0.05152261,0.9870219,0.0,0.0,0.0,0.0,0.0,0.0,0.0,-0.989517,0.355546,3.656066,1.280336,-0.2664695,-3.57241,0.007151708,-0.03878168,0.01643244,0.9990872,0.8918397,355.5685,1.850062,0.3380819,-0.07155761,-0.9383919,0,0,0,1.13461,-0.1433555,-2.51247,-0.05884875,0.1416966,1.065985,0.9964519,0.03228016,0.07772759,-0.03338958,0.9993576,0.0130158,-0.07725751,-0.01556491,0.9968897,moving,-8.760117,2.988132,-3.159863,7.571685,-10.694058139563275,13.95544758897148
05/11/2023 12:34:18.343707,4650,True,True,True,True,Eyes,1.283253,-0.2694232,-3.559437,-0.1508323,0.05443228,0.9870597,0.0,0.0,0.0,0.0,0.0,0.0,0.0,-0.9964383,0.3460336,3.655355,1.280443,-0.2661967,-3.572654,0.005848814,-0.0378633,0.01646644,0.9991301,0.7411072,355.6715,1.86038,0.3381022,-0.07150971,-0.9383882,0,0,0,1.135747,-0.140267,-2.512227,-0.05967811,0.1417494,1.066605,0.9965905,0.03246133,0.07585335,-0.03334715,0.9993893,0.01044051,-0.07546811,-0.0129344,0.9970644,moving,-8.68814,3.15643,-3.202443,7.570122,-10.616039177959463,14.126103081460636
05/11/2023 12:34:18.363886,4651,True,True,True,True,Eyes,1.283367,-0.2692369,-3.559654,-0.1495608,0.05748041,0.9870804,0.0,0.0,0.0,0.0,0.0,0.0,0.0,-1.003005,0.3355432,3.654795,1.280505,-0.2659965,-3.572911,0.004406194,-0.03699011,0.01648436,0.99917,0.5743763,355.769,1.86915,0.3381217,-0.0714614,-0.9383849,0,0,0,1.136779,-0.1374616,-2.512006,-0.06048746,0.141289,1.067275,0.99672,0.03261539,0.07406408,-0.03326733,0.9994177,0.007585556,-0.07377355,-0.01002459,0.9972246,moving,-8.615826,3.332728,-3.24375,7.541134,-10.537417234355887,14.304850071357173
05/11/2023 12:34:18.374048,4652,True,True,True,True,Eyes,1.28348,-0.2690498,-3.559874,-0.1482808,0.06052602,0.9870914,0.0,0.0,0.0,0.0,0.0,0.0,0.0,-1.008669,0.3248863,3.654537,1.280575,-0.2657165,-3.573251,0.002957592,-0.03624215,0.01648831,0.9992028,0.4071249,355.8521,1.876014,0.3381402,-0.07141258,-0.938382,0,0,0,1.137914,-0.1343786,-2.511764,-0.0609251,0.1410007,1.068066,0.9968293,0.03273595,0.07252404,-0.03316471,0.9994388,0.004715323,-0.07232897,-0.007105611,0.9973556,moving,-8.543089,3.508844,-3.264754,7.520413,-10.458375378814777,14.483415851168898
05/11/2023 12:34:18.393932,4653,True,True,True,True,Eyes,1.28361,-0.2688611,-3.560095,-0.1470969,0.06368335,0.9870699,0.0,0.0,0.0,0.0,0.0,0.0,0.0,-1.014525,0.3140541,3.654128,1.280662,-0.2655338,-3.573505,0.001461254,-0.03546894,0.01652225,0.9992332,0.2344733,355.938,1.886276,0.3381577,-0.07136327,-0.9383794,0,0,0,1.139011,-0.1314011,-2.511529,-0.06147458,0.1406074,1.068784,0.9969379,0.0329155,0.07093176,-0.03312282,0.9994498,0.001748214,-0.07083518,-0.00409232,0.9974796,moving,-8.476056,3.691468,-3.291925,7.494694,-10.384862277151626,14.668524204661907
05/11/2023 12:34:18.413850,4654,True,True,True,True,Eyes,1.283741,-0.2686704,-3.56032,-0.1459019,0.06681469,0.9870402,0.0,0.0,0.0,0.0,0.0,0.0,0.0,-1.020485,0.3037373,3.653638,1.280812,-0.2653568,-3.573769,3.017049e-06,-0.03468128,0.01665595,0.9992597,0.06653923,356.0256,1.90756,0.3381748,-0.07131348,-0.938377,0,0,0,1.140093,-0.1284601,-2.511298,-0.06210436,0.1402839,1.06951,0.9970396,0.03328702,0.06931129,-0.03328744,0.9994451,-0.001149269,-0.06931109,-0.001161328,0.9975944,moving,-8.408433,3.872556,-3.323323,7.472627,-10.310805739606902,14.852083355907808
05/11/2023 12:34:18.424072,4655,True,True,True,True,Eyes,1.283858,-0.2684795,-3.560546,-0.1447438,0.06996544,0.9869925,0.0,0.0,0.0,0.0,0.0,0.0,0.0,-1.026266,0.2946743,3.653098,1.280948,-0.2651391,-3.57408,-0.001257673,-0.03391831,0.01673162,0.9992839,359.921,356.1106,1.921179,0.3381915,-0.07126318,-0.9383748,0,0,0,1.141192,-0.1254742,-2.511063,-0.06265856,0.1403692,1.07024,0.9971392,0.03352459,0.06774594,-0.03335396,0.999437,-0.00364856,-0.06783011,0.001378527,0.9976959,moving,-8.343032,4.054772,-3.350628,7.472074,-10.238949313092121,15.036768276227432
05/11/2023 12:34:18.444091,4656,True,True,True,True,Eyes,1.283976,-0.2682864,-3.560776,-0.1435707,0.07308903,0.9869374,0.0,0.0,0.0,0.0,0.0,0.0,0.0,-1.032406,0.2851915,3.652382,1.281113,-0.2649612,-3.574302,-0.002533461,-0.03312363,0.01665208,0.9993094,359.7731,356.1993,1.916859,0.3382075,-0.07121245,-0.9383729,0,0,0,1.142311,-0.1224344,-2.510823,-0.06333865,0.140484,1.070897,0.9972511,0.03344899,0.06611713,-0.03311333,0.9994326,-0.006166576,-0.06628588,0.003960267,0.9977928,moving,-8.276814,4.235388,-3.38484,7.473586,-10.166322998221531,15.219840793824451
05/11/2023 12:34:18.463789,4657,True,True,True,True,Eyes,1.284086,-0.2680915,-3.561009,-0.1424346,0.07619442,0.9868671,0.0,0.0,0.0,0.0,0.0,0.0,0.0,-1.03829,0.2758121,3.651785,1.281214,-0.2647313,-3.574641,-0.003756074,-0.0323613,0.01647609,0.9993335,359.631,356.2844,1.901079,0.3382228,-0.07116124,-0.9383712,0,0,0,1.143403,-0.1194685,-2.51059,-0.06393835,0.1405618,1.071658,0.9973626,0.03317332,0.06455569,-0.03268711,0.9994288,-0.008573516,-0.06480323,0.006440765,0.9978773,moving,-8.212788,4.414956,-3.414391,7.472424,-10.095938304424978,15.401839004398113
05/11/2023 12:34:18.474056,4658,True,True,True,True,Eyes,1.284197,-0.2679009,-3.561241,-0.1412836,0.07927121,0.9867903,0.0,0.0,0.0,0.0,0.0,0.0,0.0,-1.044467,0.2652756,3.651044,1.281264,-0.2645178,-3.574884,-0.005132336,-0.03155634,0.01627152,0.9993563,359.4711,356.3741,1.882356,0.3382373,-0.07110957,-0.9383699,0,0,0,1.144506,-0.1164725,-2.510354,-0.06458577,0.1403492,1.072369,0.9974788,0.03284601,0.06290504,-0.03219817,0.9994177,-0.011285,-0.06323908,0.009231126,0.9979557,moving,-8.147942,4.592844,-3.446601,7.456361,-10.024783338266408,15.582143939747226
05/11/2023 12:34:18.493631,4659,True,True,True,True,Eyes,1.284317,-0.2677091,-3.561474,-0.1401598,0.08229608,0.9867029,0.0,0.0,0.0,0.0,0.0,0.0,0.0,-1.050352,0.2566442,3.650243,1.281386,-0.2644507,-3.575121,-0.00632926,-0.03078225,0.01626664,0.9993737,359.3326,356.4605,1.885646,0.3382512,-0.07105759,-0.9383689,0,0,0,1.145587,-0.1135369,-2.510123,-0.06519874,0.1406448,1.073036,0.9975757,0.03290256,0.06132003,-0.03212325,0.9993907,-0.01365204,-0.06173185,0.01164914,0.9980248,moving,-8.084698,4.767726,-3.477074,7.467292,-9.955340465545065,15.759398657864555
05/11/2023 12:34:18.513766,4660,True,True,True,True,Eyes,1.284437,-0.2675202,-3.56171,-0.1390118,0.08527661,0.9866122,0.0,0.0,0.0,0.0,0.0,0.0,0.0,-1.056348,0.2486246,3.649332,1.281525,-0.264262,-3.575356,-0.0073916,-0.03000168,0.01615747,0.999392,359.209,356.548,1.87631,0.3382646,-0.0710053,-0.938368,0,0,0,1.146719,-0.1104623,-2.509881,-0.06581895,0.1412219,1.073681,0.9976777,0.03273882,0.05972801,-0.03185177,0.9993686,-0.01574371,-0.06020573,0.01380471,0.9980905,moving,-8.020076,4.940012,-3.507966,7.493136,-9.884595670829054,15.934037602059433
05/11/2023 12:34:18.524299,4661,True,True,True,True,Eyes,1.284564,-0.2673335,-3.561942,-0.1378873,0.08819628,0.9865133,0.0,0.0,0.0,0.0,0.0,0.0,0.0,-1.062898,0.2414111,3.648237,1.281645,-0.2641539,-3.57565,-0.008334514,-0.02914456,0.01598527,0.9994127,359.0988,356.6447,1.859093,0.3382777,-0.0709528,-0.9383672,0,0,0,1.147861,-0.107358,-2.509636,-0.06658541,0.1421514,1.07435,0.9977902,0.03243759,0.05798843,-0.03146596,0.99935,-0.01759101,-0.05852135,0.01572747,0.9981623,moving,-7.956818,5.108776,-3.546508,7.537247,-9.815340338377535,16.10510615923929
05/11/2023 12:34:18.543915,4662,True,True,True,True,Eyes,1.28469,-0.2671488,-3.562173,-0.1367329,0.09104009,0.9864157,0.0,0.0,0.0,0.0,0.0,0.0,0.0,-1.069635,0.236063,3.646763,1.281746,-0.2640455,-3.575771,-0.009075811,-0.02824449,0.0159837,0.9994321,359.0123,356.7464,1.860534,0.3382906,-0.07090017,-0.9383665,0,0,0,1.148896,-0.1045483,-2.509415,-0.06749855,0.1432578,1.074767,0.9978936,0.03246192,0.05616676,-0.03143655,0.9993243,-0.01904421,-0.05674702,0.01723841,0.9982398,moving,-7.891816,5.273109,-3.593626,7.592319,-9.744475043610858,16.27170591098842
05/11/2023 12:34:18.563811,4663,True,True,True,True,Eyes,1.284814,-0.2669697,-3.562406,-0.1356192,0.09375769,0.9863149,0.0,0.0,0.0,0.0,0.0,0.0,0.0,-1.076669,0.2323434,3.645174,1.281847,-0.2639139,-3.57599,-0.009577988,-0.02730202,0.01594688,0.9994543,358.9529,356.8535,1.856981,0.3383033,-0.07084749,-0.9383659,0,0,0,1.149999,-0.1015502,-2.509179,-0.06842923,0.1450316,1.075228,0.9980006,0.03239934,0.05426876,-0.03135335,0.9993079,-0.02001628,-0.05487972,0.01827475,0.9983257,moving,-7.829129,5.430139,-3.641483,7.681947,-9.676181367996875,16.430905752911848
05/11/2023 12:34:18.573655,4664,True,True,True,True,Eyes,1.284937,-0.2667906,-3.562637,-0.1344787,0.09640447,0.9862158,0.0,0.0,0.0,0.0,0.0,0.0,0.0,-1.082619,0.2285848,3.643928,1.281916,-0.2638842,-3.576253,-0.01012265,-0.02649749,0.01598903,0.9994698,358.8891,356.9446,1.862651,0.3383158,-0.0707949,-0.9383654,0,0,0,1.151141,-0.09844929,-2.508935,-0.06896092,0.1469249,1.075776,0.9980845,0.03249755,0.05264317,-0.03142465,0.9992838,-0.02108191,-0.05329058,0.01938723,0.9983908,moving,-7.764863,5.583034,-3.667835,7.777093,-9.60643410973727,16.58593499152968
05/11/2023 12:34:18.594025,4665,True,True,True,True,Eyes,1.285063,-0.2666107,-3.56287,-0.1333872,0.09894715,0.9861122,0.0,0.0,0.0,0.0,0.0,0.0,0.0,-1.089355,0.2250704,3.642329,1.282038,-0.2637125,-3.576415,-0.0105858,-0.02559924,0.01593736,0.9994892,358.8343,357.0468,1.857116,0.3383281,-0.07074238,-0.9383649,0,0,0,1.152215,-0.09553085,-2.508705,-0.06986003,0.1486593,1.07618,0.9981814,0.03240041,0.05083491,-0.03131646,0.9992679,-0.02197675,-0.05150975,0.02034481,0.9984652,moving,-7.703403,5.729917,-3.714134,7.864841,-9.539710300074425,16.734866449358787
05/11/2023 12:34:18.613755,4666,True,True,True,True,Eyes,1.28519,-0.2664288,-3.563098,-0.1322695,0.1014468,0.9860088,0.0,0.0,0.0,0.0,0.0,0.0,0.0,-1.095289,0.2208,3.641107,1.28218,-0.2635291,-3.576679,-0.01116094,-0.02481194,0.01592008,0.9995031,358.7668,357.136,1.855887,0.3383403,-0.07068993,-0.9383645,0,0,0,1.153296,-0.09259595,-2.508474,-0.07052276,0.1501577,1.076741,0.9982619,0.03237818,0.04924386,-0.03127048,0.999244,-0.02310081,-0.04995459,0.02152078,0.9985196,moving,-7.640409,5.874281,-3.747321,7.939027,-9.471524957361837,16.881261032434896
05/11/2023 12:34:18.624619,4667,True,True,True,True,Eyes,1.285325,-0.266246,-3.563325,-0.1311946,0.1038807,0.985899,0.0,0.0,0.0,0.0,0.0,0.0,0.0,-1.101979,0.2154268,3.639561,1.282295,-0.2633108,-3.576808,-0.01189084,-0.02391915,0.01591592,0.9995165,358.6816,357.2369,1.856357,0.3383524,-0.07063748,-0.9383641,0,0,0,1.154412,-0.08956481,-2.508235,-0.07135639,0.1513911,1.077209,0.9983491,0.0323853,0.04743666,-0.03124762,0.9992106,-0.02453158,-0.04819367,0.0230088,0.9985729,moving,-7.579878,6.014862,-3.789845,7.999958,-9.405944240156508,17.023813989090325
05/11/2023 12:34:18.644157,4668,True,True,True,True,Eyes,1.285461,-0.2660613,-3.563547,-0.1301055,0.106307,0.9857846,0.0,0.0,0.0,0.0,0.0,0.0,0.0,-1.108224,0.208546,3.638237,1.28236,-0.2631326,-3.576973,-0.01295035,-0.02305975,0.01626348,0.999518,358.5595,357.3329,1.897926,0.3383647,-0.070585,-0.9383636,0,0,0,1.155539,-0.08650355,-2.507994,-0.07194507,0.152048,1.077823,0.9984075,0.03310853,0.04567602,-0.03191401,0.9991356,-0.02663828,-0.04651849,0.02513816,0.9986011,moving,-7.518538,6.154991,-3.81885,8.029704,-9.3395638539371,17.165915297122744
05/11/2023 12:34:18.664200,4669,True,True,True,True,Eyes,1.285611,-0.2658806,-3.563766,-0.129066,0.1086769,0.9856628,0.0,0.0,0.0,0.0,0.0,0.0,0.0,-1.113971,0.2006425,3.637083,1.282493,-0.2629259,-3.5771,-0.01409013,-0.02229217,0.01643902,0.9995171,358.428,357.4184,1.919938,0.3383771,-0.07053247,-0.9383631,0,0,0,1.156607,-0.08360239,-2.507766,-0.07252993,0.1523099,1.078434,0.9984657,0.03349036,0.04409955,-0.03223395,0.9990624,-0.02889957,-0.04502606,0.02743373,0.998609,moving,-7.460056,6.291885,-3.847626,8.038857,-9.276167749918928,17.30472645871815
05/11/2023 12:34:18.674001,4670,True,True,True,True,Eyes,1.285762,-0.2656985,-3.563978,-0.1280075,0.1110339,0.9855382,0.0,0.0,0.0,0.0,0.0,0.0,0.0,-1.119985,0.1934541,3.635813,1.282677,-0.2628545,-3.577231,-0.01504597,-0.02151332,0.01629857,0.9995224,358.3166,357.506,1.905051,0.3383901,-0.07047998,-0.9383624,0,0,0,1.157746,-0.08050813,-2.507523,-0.07321072,0.1532321,1.079024,0.9985431,0.03322894,0.04251565,-0.03193418,0.9990159,-0.03077884,-0.04349656,0.02937629,0.9986216,moving,-7.400485,6.428022,-3.881513,8.082526,-9.211700102627582,17.442779435924002
05/11/2023 12:34:18.693839,4671,True,True,True,True,Eyes,1.285917,-0.2655171,-3.56418,-0.1270214,0.113429,0.985393,0.0,0.0,0.0,0.0,0.0,0.0,0.0,-1.125914,0.1859555,3.634436,1.282823,-0.2626529,-3.577257,-0.01607224,-0.02073368,0.0162937,0.999523,358.1975,357.5933,1.90571,0.3384037,-0.0704275,-0.9383614,0,0,0,1.158859,-0.07748351,-2.507284,-0.07384975,0.1538303,1.079527,0.9986092,0.03323833,0.04092383,-0.03190538,0.9989524,-0.03280481,-0.04197134,0.03145349,0.9986236,moving,-7.345169,6.566438,-3.913472,8.109932,-9.15144161902593,17.583108468034524
05/11/2023 12:34:18.713975,4672,True,True,True,True,Eyes,1.286069,-0.265338,-3.564382,-0.1260258,0.1157916,0.9852461,0.0,0.0,0.0,0.0,0.0,0.0,0.0,-1.13164,0.1758059,3.633121,1.282837,-0.2625079,-3.57722,-0.01740154,-0.01998235,0.01607416,0.9995196,358.0433,357.6772,1.882361,0.3384179,-0.07037508,-0.9383602,0,0,0,1.159917,-0.07461055,-2.507058,-0.07444098,0.1536362,1.080054,0.9986847,0.03282833,0.03938608,-0.03143744,0.9988776,-0.03542875,-0.04050494,0.03414396,0.9985958,moving,-7.289294,6.702972,-3.942784,8.095934,-9.090682316268026,17.721538231122643
05/11/2023 12:34:18.724512,4673,True,True,True,True,Eyes,1.286189,-0.2651681,-3.564579,-0.1250312,0.1180962,0.9850992,0.0,0.0,0.0,0.0,0.0,0.0,0.0,-1.136083,0.1692672,3.632261,1.282918,-0.2623894,-3.57742,-0.01816443,-0.01941902,0.01566015,0.9995238,357.9539,357.7412,1.83557,0.3384327,-0.07032276,-0.9383588,0,0,0,1.161056,-0.07151495,-2.506814,-0.07464834,0.1548573,1.080706,0.9987553,0.03201085,0.03825062,-0.0305999,0.9988496,-0.03691978,-0.03938845,0.03570335,0.9985859,moving,-7.233441,6.836137,-3.951354,8.154556,-9.030056200124836,17.85656126192881
05/11/2023 12:34:18.744685,4674,True,True,True,True,Eyes,1.286309,-0.265003,-3.564771,-0.1240369,0.1203506,0.9849521,0.0,0.0,0.0,0.0,0.0,0.0,0.0,-1.140671,0.1649489,3.631109,1.282983,-0.2624123,-3.577483,-0.01875043,-0.01880935,0.01557442,0.999526,357.8855,357.8102,1.825817,0.3384473,-0.07027081,-0.9383574,0,0,0,1.162114,-0.06864204,-2.506588,-0.0749142,0.15645,1.081149,0.9988073,0.03183943,0.03701682,-0.0304287,0.9988117,-0.03806897,-0.03818493,0.03689719,0.9985892,moving,-7.177587,6.966396,-3.963764,8.233957,-8.969524852834452,17.988645879175976
05/11/2023 12:34:18.764102,4675,True,True,True,True,Eyes,1.286412,-0.2648448,-3.564961,-0.1230579,0.1224899,0.9848111,0.0,0.0,0.0,0.0,0.0,0.0,0.0,-1.144521,0.1613788,3.630168,1.283063,-0.2623736,-3.577569,-0.01928814,-0.01829005,0.0156852,0.9995236,357.8232,357.8684,1.838604,0.3384617,-0.07021933,-0.938356,0,0,0,1.163237,-0.0655902,-2.506348,-0.07485922,0.1582941,1.081635,0.9988388,0.03206103,0.0359576,-0.03064991,0.9987639,-0.03913167,-0.03716775,0.03798414,0.9985869,moving,-7.122525,7.089986,-3.959088,8.325965,-8.910010750987444,18.113981814335887
05/11/2023 12:34:18.775634,4676,True,True,True,True,Eyes,1.286517,-0.2646901,-3.565149,-0.1220843,0.1245499,0.9846739,0.0,0.0,0.0,0.0,0.0,0.0,0.0,-1.148155,0.160125,3.629218,1.283118,-0.2623637,-3.577694,-0.01949929,-0.01779358,0.01576922,0.9995272,357.7982,357.9247,1.847608,0.3384756,-0.07016846,-0.9383548,0,0,0,1.164363,-0.06253403,-2.506108,-0.07472524,0.1608676,1.082068,0.9988694,0.03221746,0.03495536,-0.03082961,0.9987422,-0.03954132,-0.03618532,0.03841896,0.9986063,moving,-7.067723,7.208973,-3.95045,8.456046,-8.85091014329835,18.234661663460813
05/11/2023 12:34:18.794357,4677,True,True,True,True,Eyes,1.286615,-0.2645401,-3.565331,-0.1211733,0.1265538,0.9845309,0.0,0.0,0.0,0.0,0.0,0.0,0.0,-1.151408,0.1597033,3.628389,1.283256,-0.2622941,-3.577836,-0.0195815,-0.01736019,0.01584033,0.999532,357.7881,357.9741,1.854978,0.338489,-0.07011823,-0.9383537,0,0,0,1.165499,-0.05944645,-2.505864,-0.07452817,0.1636876,1.082492,0.9988954,0.03234571,0.03408378,-0.03098596,0.9987313,-0.03969465,-0.03532449,0.03859469,0.9986303,moving,-7.016516,7.32476,-3.938525,8.598763,-8.795534734912884,18.352081842653718
05/11/2023 12:34:18.814127,4678,True,True,True,True,Eyes,1.286712,-0.2643891,-3.565511,-0.1202682,0.1285104,0.9843885,0.0,0.0,0.0,0.0,0.0,0.0,0.0,-1.155268,0.1578769,3.627342,1.283409,-0.262245,-3.577886,-0.01987381,-0.01684676,0.01594142,0.9995335,357.7539,358.0322,1.86603,0.3385019,-0.07006872,-0.9383527,0,0,0,1.16653,-0.0566449,-2.505644,-0.07463218,0.1658045,1.082854,0.9989241,0.03253759,0.03304416,-0.03119835,0.9987018,-0.0402662,-0.03431143,0.03919195,0.9986424,moving,-6.96562,7.43781,-3.942689,8.705404,-8.740562672080284,18.4667324134357
05/11/2023 12:34:18.823693,4679,True,True,True,True,Eyes,1.286801,-0.26424,-3.56569,-0.1194404,0.1304237,0.9842376,0.0,0.0,0.0,0.0,0.0,0.0,0.0,-1.158233,0.1548191,3.626661,1.283495,-0.262076,-3.578002,-0.02028931,-0.01645461,0.01596042,0.9995314,357.7056,358.0763,1.868157,0.3385144,-0.07001984,-0.9383519,0,0,0,1.167699,-0.05347211,-2.505394,-0.07429253,0.1678752,1.083379,0.998949,0.03257357,0.03224615,-0.03123816,0.9986672,-0.04108484,-0.03354146,0.04003435,0.9986352,moving,-6.919197,7.548425,-3.922905,8.808226,-8.690174636461096,18.57889099477338
05/11/2023 12:34:18.844435,4680,True,True,True,True,Eyes,1.286892,-0.2640949,-3.565866,-0.1186259,0.1323103,0.9840842,0.0,0.0,0.0,0.0,0.0,0.0,0.0,-1.160872,0.1502522,3.626144,1.283491,-0.2619722,-3.578147,-0.02090797,-0.01610014,0.01593881,0.9995248,357.634,358.1158,1.866079,0.3385264,-0.06997158,-0.9383512,0,0,0,1.168724,-0.05068693,-2.505175,-0.07395652,0.169176,1.083971,0.9989734,0.0325357,0.03151848,-0.03118922,0.9986176,-0.0423093,-0.03285148,0.04128283,0.9986073,moving,-6.873525,7.65751,-3.903094,8.870629,-8.640593193419788,18.689497499651136
05/11/2023 12:34:18.863901,4681,True,True,True,True,Eyes,1.286979,-0.2639471,-3.566037,-0.117721,0.1343023,0.9839231,0.0,0.0,0.0,0.0,0.0,0.0,0.0,-1.162971,0.1458005,3.625813,1.283609,-0.2619347,-3.57827,-0.02154534,-0.0158323,0.01599647,0.9995146,357.5606,358.1451,1.873291,0.3385379,-0.06992398,-0.9383506,0,0,0,1.169847,-0.04763476,-2.504935,-0.07341717,0.1707795,1.084602,0.9989868,0.03265964,0.03095993,-0.0312952,0.9985598,-0.04357627,-0.03233853,0.04256323,0.9985703,moving,-6.822694,7.772654,-3.87247,8.948226,-8.585617563896342,18.806264998349704
05/11/2023 12:34:18.874465,4682,True,True,True,True,Eyes,1.287066,-0.2638019,-3.566206,-0.1168268,0.1362783,0.983758,0.0,0.0,0.0,0.0,0.0,0.0,0.0,-1.165237,0.1410196,3.625348,1.283739,-0.2617339,-3.578312,-0.02219155,-0.01554706,0.01600908,0.9995047,357.486,358.1765,1.875271,0.3385489,-0.06987693,-0.9383502,0,0,0,1.170969,-0.04458704,-2.504694,-0.07295478,0.1721914,1.085151,0.9990039,0.03269232,0.03036818,-0.03131226,0.9985024,-0.0448589,-0.03178925,0.04386332,0.9985316,moving,-6.772481,7.886894,-3.84621,9.016497,-8.531293980236512,18.922114291216964
05/11/2023 12:34:18.894167,4683,True,True,True,True,Eyes,1.287159,-0.2636559,-3.566369,-0.1158393,0.138404,0.9835779,0.0,0.0,0.0,0.0,0.0,0.0,0.0,-1.167744,0.1350519,3.624896,1.283803,-0.2616624,-3.578424,-0.02299386,-0.01522571,0.01594338,0.9994925,357.3933,358.212,1.868432,0.3385595,-0.06983044,-0.9383498,0,0,0,1.172063,-0.04161522,-2.504461,-0.07256481,0.1733001,1.08582,0.999028,0.03257077,0.02970276,-0.03117038,0.9984342,-0.04644989,-0.03116916,0.0454789,0.9984789,moving,-6.716975,8.009777,-3.823362,9.068095,-8.471356124881119,19.0467382992492
05/11/2023 12:34:18.913987,4684,True,True,True,True,Eyes,1.287253,-0.2635178,-3.566528,-0.1148564,0.1405118,0.9833943,0.0,0.0,0.0,0.0,0.0,0.0,0.0,-1.170548,0.1282952,3.624297,1.283901,-0.2615236,-3.578459,-0.02386857,-0.01487467,0.01579187,0.9994798,357.2922,358.2509,1.851748,0.33857,-0.06978443,-0.9383495,0,0,0,1.173108,-0.03877772,-2.504237,-0.07236853,0.1740415,1.086423,0.9990587,0.03227739,0.02897999,-0.03085724,0.9983618,-0.04818209,-0.03048771,0.04724249,0.9984181,moving,-6.661728,8.131639,-3.810941,9.10127,-8.411712701512684,19.170328189803648
05/11/2023 12:34:18.933854,4685,True,True,True,True,Eyes,1.287346,-0.2633738,-3.566684,-0.1138443,0.1426924,0.983198,0.0,0.0,0.0,0.0,0.0,0.0,0.0,-1.174,0.1222502,3.623481,1.284013,-0.2615885,-3.578507,-0.02471587,-0.01442735,0.0157605,0.9994662,357.1942,358.3007,1.848454,0.3385803,-0.06973909,-0.9383491,0,0,0,1.174293,-0.03555914,-2.503984,-0.07218689,0.1754434,1.087077,0.9990869,0.03221734,0.02806022,-0.03079101,0.9982814,-0.0498601,-0.02961836,0.04895058,0.9983619,moving,-6.604857,8.257734,-3.799124,9.167914,-8.35029459396976,19.29820913306343
05/11/2023 12:34:18.944825,4686,True,True,True,True,Eyes,1.287441,-0.2632334,-3.566833,-0.1128399,0.1448749,0.9829947,0.0,0.0,0.0,0.0,0.0,0.0,0.0,-1.176052,0.1174901,3.623096,1.284105,-0.2613241,-3.578619,-0.02538214,-0.01416076,0.01586879,0.9994516,357.1176,358.3297,1.861302,0.3385906,-0.06969418,-0.9383487,0,0,0,1.175372,-0.03262846,-2.503753,-0.07165668,0.1766388,1.087716,0.9990953,0.03243904,0.02750043,-0.03100132,0.9982078,-0.05118585,-0.02911156,0.050287,0.9983104,moving,-6.548431,8.383965,-3.769093,9.223983,-8.289320065791049,19.42622462653239
05/11/2023 12:34:18.963589,4687,True,True,True,True,Eyes,1.287541,-0.2630943,-3.566982,-0.1118316,0.1470694,0.982784,0.0,0.0,0.0,0.0,0.0,0.0,0.0,-1.17942,0.109293,3.622249,1.284254,-0.2612886,-3.578559,-0.02650778,-0.01373636,0.01581729,0.9994291,356.9877,358.3763,1.856107,0.3386008,-0.06964978,-0.9383483,0,0,0,1.176627,-0.02921891,-2.503485,-0.07140999,0.1775216,1.088399,0.9991222,0.03234476,0.02661848,-0.03088828,0.9980943,-0.05341983,-0.0282956,0.05255074,0.9982173,moving,-6.491801,8.51091,-3.753804,9.263571,-8.228116602113865,19.554963445779194
05/11/2023 12:34:18.974016,4688,True,True,True,True,Eyes,1.287642,-0.262952,-3.567126,-0.1108043,0.1492347,0.9825739,0.0,0.0,0.0,0.0,0.0,0.0,0.0,-1.182572,0.1021985,3.621629,1.284388,-0.2612017,-3.57872,-0.02738704,-0.0133489,0.01551949,0.9994155,356.8857,358.42,1.822253,0.3386113,-0.06960586,-0.9383478,0,0,0,1.177487,-0.02688254,-2.503301,-0.07159108,0.1777766,1.089096,0.9991619,0.03175201,0.02583213,-0.03028966,0.9980182,-0.05515639,-0.02753226,0.05432772,0.9981435,moving,-6.43403,8.636161,-3.760893,9.270808,-8.165820118975226,19.681996973888594
05/11/2023 12:34:18.993970,4689,True,True,True,True,Eyes,1.287742,-0.2628138,-3.567266,-0.1097681,0.1514134,0.9823568,0.0,0.0,0.0,0.0,0.0,0.0,0.0,-1.188041,0.09627952,3.620048,1.284482,-0.2609903,-3.578749,-0.02810512,-0.01263199,0.01525148,0.9994088,356.8017,358.5017,1.79042,0.3386219,-0.06956229,-0.9383472,0,0,0,1.1786,-0.02385824,-2.503063,-0.07216355,0.1789564,1.089638,0.9992156,0.03119498,0.02439175,-0.02977488,0.997955,-0.05656231,-0.02610633,0.05579169,0.9981011,moving,-6.375758,8.762204,-3.788999,9.326694,-8.10299308623176,19.80983467822259
05/11/2023 12:34:19.014091,4690,True,True,True,True,Eyes,1.287844,-0.2626788,-3.567411,-0.1087249,0.1535737,0.9821375,0.0,0.0,0.0,0.0,0.0,0.0,0.0,-1.192691,0.08953065,3.618768,1.284547,-0.2609754,-3.578804,-0.02910723,-0.012004,0.01540507,0.9993855,356.6859,358.5714,1.807567,0.3386328,-0.06951916,-0.9383464,0,0,0,1.179702,-0.02086513,-2.502827,-0.07235245,0.1797476,1.090334,0.9992371,0.03149002,0.02309645,-0.0300924,0.9978309,-0.05854854,-0.02489004,0.05780885,0.9980173,moving,-6.317055,8.887191,-3.796471,9.361326,-8.039766891737308,19.936607475200134
05/11/2023 12:34:19.023650,4691,True,True,True,True,Eyes,1.287948,-0.2625427,-3.567553,-0.1076551,0.1557344,0.9819151,0.0,0.0,0.0,0.0,0.0,0.0,0.0,-1.197527,0.08350971,3.617584,1.284676,-0.2609336,-3.579033,-0.02998177,-0.01136055,0.01549268,0.999366,356.5847,358.6432,1.816766,0.3386438,-0.0694765,-0.9383457,0,0,0,1.180802,-0.01787786,-2.502592,-0.07266314,0.1807626,1.091163,0.9992618,0.03164693,0.02177768,-0.0302845,0.9977221,-0.06027751,-0.02363567,0.0595735,0.9979441,moving,-6.2568,9.0122,-3.809838,9.406223,-7.974977294261491,20.0634128656148
05/11/2023 12:34:19.044975,4692,True,True,True,True,Eyes,1.288051,-0.2624018,-3.567693,-0.106565,0.1578875,0.9816901,0.0,0.0,0.0,0.0,0.0,0.0,0.0,-1.202932,0.07905531,3.615987,1.284802,-0.2607905,-3.579096,-0.03065403,-0.01063194,0.01565324,0.999351,356.5065,358.725,1.833632,0.338655,-0.06943424,-0.9383448,0,0,0,1.181901,-0.01489181,-2.502357,-0.07312624,0.1821401,1.091742,0.9992839,0.03193799,0.0202904,-0.03063434,0.9976307,-0.06160112,-0.02220974,0.06093542,0.9978946,moving,-6.195347,9.136769,-3.832019,9.47167,-7.908995955919638,20.189781334949256
05/11/2023 12:34:19.063542,4693,True,True,True,True,Eyes,1.288169,-0.2622606,-3.567833,-0.1056692,0.1602432,0.9814051,0.0,0.0,0.0,0.0,0.0,0.0,0.0,-1.209083,0.07198255,3.614195,1.28486,-0.2605506,-3.579206,-0.03165175,-0.009799633,0.01573514,0.9993271,356.3907,358.8183,1.841412,0.3386663,-0.06939221,-0.9383438,0,0,0,1.183041,-0.01179509,-2.502113,-0.07374792,0.1828028,1.092484,0.9993127,0.03206945,0.01858999,-0.03082875,0.9975011,-0.0635693,-0.02058217,0.0629525,0.9978042,moving,-6.145436,9.273387,-3.861881,9.499166,-7.85423891758082,20.32825627004964
05/11/2023 12:34:19.074346,4694,True,True,True,True,Eyes,1.288284,-0.2621225,-3.567978,-0.1047511,0.1625714,0.9811207,0.0,0.0,0.0,0.0,0.0,0.0,0.0,-1.215006,0.06530096,3.612454,1.284952,-0.260456,-3.5793,-0.0326324,-0.009000485,0.01586653,0.999301,356.2769,358.9077,1.854793,0.3386782,-0.06935038,-0.9383426,0,0,0,1.18416,-0.008755812,-2.501874,-0.0743305,0.1835977,1.093218,0.9993345,0.03229829,0.01695286,-0.03112346,0.9973668,-0.06550478,-0.01902391,0.06493356,0.9977082,moving,-6.094198,9.40841,-3.889689,9.533427,-7.798198317248256,20.465127258646557
05/11/2023 12:34:19.094387,4695,True,True,True,True,Eyes,1.288422,-0.2619831,-3.56812,-0.1039357,0.1651336,0.9807795,0.0,0.0,0.0,0.0,0.0,0.0,0.0,-1.220671,0.05953771,3.610914,1.284994,-0.2604063,-3.579561,-0.03348294,-0.008228187,0.0159777,0.9992778,356.1781,358.9942,1.865635,0.3386905,-0.0693088,-0.9383412,0,0,0,1.185261,-0.005764203,-2.501638,-0.07482373,0.1846555,1.09408,0.999354,0.03248332,0.01537453,-0.03138132,0.9972472,-0.06718044,-0.01751445,0.06665457,0.9976224,moving,-6.049204,9.557237,-3.912346,9.579926,-7.747989725016844,20.61591461687322
05/11/2023 12:34:19.113850,4696,True,True,True,True,Eyes,1.288559,-0.2618419,-3.568262,-0.1030921,0.1676731,0.9804376,0.0,0.0,0.0,0.0,0.0,0.0,0.0,-1.226799,0.05318092,3.609012,1.285091,-0.2602947,-3.579612,-0.03443865,-0.007397864,0.01616646,0.9992487,356.0672,359.0869,1.885121,0.3387037,-0.06926741,-0.9383395,0,0,0,1.186395,-0.002683901,-2.501396,-0.07543854,0.1855367,1.094778,0.9993678,0.03281817,0.01367111,-0.03179908,0.9971053,-0.06906474,-0.01589811,0.06858635,0.9975185,moving,-6.002538,9.70476,-3.941884,9.618768,-7.696140606402553,20.765394575377627
05/11/2023 12:34:19.123738,4697,True,True,True,True,Eyes,1.288695,-0.2616763,-3.568412,-0.1023068,0.1702972,0.9800674,0.0,0.0,0.0,0.0,0.0,0.0,0.0,-1.232843,0.04557517,3.607175,1.285166,-0.2607514,-3.579671,-0.03561078,-0.006581807,0.01625195,0.999212,355.9314,359.1779,1.892841,0.3387176,-0.06922613,-0.9383375,0,0,0,1.187538,0.0004197778,-2.501151,-0.07602512,0.1865118,1.095619,0.9993851,0.03294706,0.01199575,-0.03200952,0.9969355,-0.07137937,-0.01431073,0.0709515,0.9973771,moving,-5.95938,9.857332,-3.969398,9.661084,-7.647657218592235,20.919956472396517
05/11/2023 12:34:19.145182,4698,True,True,True,True,Eyes,1.288829,-0.2615327,-3.568561,-0.1014877,0.1729288,0.9796917,0.0,0.0,0.0,0.0,0.0,0.0,0.0,-1.239524,0.03845191,3.60525,1.285279,-0.2600403,-3.579967,-0.03656758,-0.005682457,0.01637321,0.999181,355.82,359.2788,1.90392,0.3387322,-0.06918431,-0.9383354,0,0,0,1.18857,0.003224055,-2.500931,-0.07696635,0.1864916,1.096484,0.9993992,0.03313519,0.01015815,-0.03230401,0.9967895,-0.07326134,-0.01255306,0.07288917,0.9972611,moving,-5.914259,10.01036,-4.015222,9.652584,-7.59718229634175,21.07499254504219
05/11/2023 12:34:19.163750,4699,True,True,True,True,Eyes,1.288957,-0.2613872,-3.568712,-0.1006961,0.175638,0.9792913,0.0,0.0,0.0,0.0,0.0,0.0,0.0,-1.246049,0.02951941,3.603313,1.285362,-0.2598267,-3.580183,-0.03785181,-0.00480285,0.01651262,0.9991354,355.6712,359.3767,1.917229,0.3387472,-0.06914258,-0.938333,0,0,0,1.189655,0.006170784,-2.500699,-0.07776578,0.1863919,1.097457,0.9994085,0.03336028,0.008347329,-0.0326331,0.9965892,-0.07579679,-0.01084746,0.07547955,0.9970884,moving,-5.870834,10.16802,-4.053204,9.639129,-7.548262381618756,21.23470098557737
05/11/2023 12:34:19.179869,4700,True,True,True,True,Eyes,1.289084,-0.261241,-3.568865,-0.09986434,0.178342,0.9788877,0.0,0.0,0.0,0.0,0.0,0.0,0.0,-1.252877,0.02003536,3.601214,1.285428,-0.2596754,-3.580375,-0.03920805,-0.003881594,0.01660765,0.9990855,355.514,359.4794,1.925054,0.3387626,-0.06910088,-0.9383305,0,0,0,1.190751,0.009148165,-2.500464,-0.07865008,0.1862176,1.098442,0.9994182,0.03348931,0.006453781,-0.03288055,0.9963738,-0.07847332,-0.009058395,0.07821546,0.9968953,moving,-5.825058,10.32538,-4.095474,9.621804,-7.496985179170887,21.39412175457125
05/11/2023 12:34:19.193987,4701,True,True,True,True,Eyes,1.289214,-0.2610968,-3.56902,-0.09906567,0.1810894,0.9784644,0.0,0.0,0.0,0.0,0.0,0.0,0.0,-1.259951,0.01079226,3.598986,1.285518,-0.2595368,-3.580556,-0.04051963,-0.002930253,0.01666011,0.9990356,355.3618,359.5858,1.927547,0.3387782,-0.06905919,-0.9383279,0,0,0,1.191863,0.01216898,-2.500226,-0.07962567,0.186188,1.09941,0.9994277,0.03352555,0.00450473,-0.03305061,0.9961612,-0.08105874,-0.007204975,0.08086347,0.9966992,moving,-5.781271,10.48538,-4.142462,9.611995,-7.447623652306811,21.556198714507453
05/11/2023 12:34:19.213866,4702,True,True,True,True,Eyes,1.289342,-0.2609519,-3.569184,-0.09823261,0.1838071,0.9780415,0.0,0.0,0.0,0.0,0.0,0.0,0.0,-1.2666,0.003422558,3.596874,1.285575,-0.2594703,-3.580749,-0.04157402,-0.002029403,0.01669654,0.9989939,355.2392,359.687,1.92804,0.338794,-0.06901754,-0.9383253,0,0,0,1.192965,0.01516236,-2.499991,-0.08046816,0.1867583,1.100311,0.9994342,0.03352822,0.002666438,-0.03319073,0.9959857,-0.08313215,-0.005443006,0.08299661,0.9965349,moving,-5.735444,10.64367,-4.18272,9.633135,-7.39626444810295,21.716560198910088
05/11/2023 12:34:19.223652,4703,True,True,True,True,Eyes,1.289475,-0.2607987,-3.569347,-0.09741168,0.1865694,0.9776006,0.0,0.0,0.0,0.0,0.0,0.0,0.0,-1.273078,-0.003787994,3.594959,1.28566,-0.2593273,-3.581104,-0.04259706,-0.001155245,0.01674261,0.9989514,355.1202,359.7852,1.929546,0.3388099,-0.06897593,-0.9383226,0,0,0,1.194111,0.01827427,-2.499746,-0.08123099,0.1874212,1.101387,0.9994367,0.03354852,0.0008816947,-0.03335168,0.9958104,-0.08514348,-0.003734438,0.0850661,0.9963683,moving,-5.690377,10.80464,-4.218118,9.657418,-7.345582145529442,21.8796265148952
05/11/2023 12:34:19.249652,4704,True,True,True,True,Eyes,1.289607,-0.2606447,-3.569513,-0.09655094,0.1893427,0.9771526,0.0,0.0,0.0,0.0,0.0,0.0,0.0,-1.28019,-0.01330772,3.592581,1.285775,-0.259008,-3.581256,-0.04391381,-0.0002034642,0.01676397,0.9988947,354.9673,359.8919,1.927704,0.3388261,-0.0689341,-0.9383199,0,0,0,1.195148,0.02109192,-2.499524,-0.0823432,0.1869874,1.102302,0.9994379,0.03350875,-0.001065861,-0.03347301,0.9955811,-0.08773736,-0.001878817,0.08772371,0.996143,moving,-5.642991,10.96629,-4.272124,9.627639,-7.292542476626628,22.043395879158535
05/11/2023 12:34:19.263823,4705,True,True,True,True,Eyes,1.289734,-0.2604884,-3.569682,-0.09569877,0.1921288,0.9766925,0.0,0.0,0.0,0.0,0.0,0.0,0.0,-1.287349,-0.02434507,3.590174,1.285852,-0.258859,-3.581451,-0.04546079,0.0007570179,0.01677147,0.9988251,354.7881,-0.000726758,1.923982,0.3388425,-0.06889206,-0.9383171,0,0,0,1.196262,0.02411809,-2.499286,-0.08336487,0.186407,1.103397,0.9994363,0.0334347,-0.003037144,-0.03357236,0.995304,-0.09078934,-1.263153e-05,0.09084014,0.9958655,moving,-5.59612,11.12877,-4.320653,9.588958,-7.239993995894027,22.20800106938098
05/11/2023 12:34:19.274166,4706,True,True,True,True,Eyes,1.289856,-0.2603333,-3.56986,-0.09482574,0.1949152,0.9762255,0.0,0.0,0.0,0.0,0.0,0.0,0.0,-1.293729,-0.03500673,3.588021,1.285892,-0.2586783,-3.581679,-0.04695006,0.001615412,0.01678482,0.998755,354.6156,0.0949976,1.921148,0.3388588,-0.06884978,-0.9383143,0,0,0,1.197365,0.02711387,-2.49905,-0.08413783,0.185879,1.104523,0.9994313,0.03337615,-0.004802897,-0.03367952,0.9950279,-0.09372898,0.001650705,0.09383744,0.9955862,moving,-5.548025,11.29131,-4.356136,9.55274,-7.18621111644994,22.372675090032082
05/11/2023 12:34:19.294278,4707,True,True,True,True,Eyes,1.289987,-0.260169,-3.570041,-0.09384168,0.1978058,0.975739,0.0,0.0,0.0,0.0,0.0,0.0,0.0,-1.299098,-0.04531702,3.586361,1.285911,-0.2585765,-3.582076,-0.04837511,0.00233535,0.01674258,0.9986862,354.4507,0.175271,1.912408,0.3388749,-0.0688073,-0.9383116,0,0,0,1.198485,0.03015796,-2.49881,-0.08459301,0.1855808,1.105839,0.9994284,0.03321522,-0.00628441,-0.03366711,0.9947591,-0.09654491,0.003044714,0.09670131,0.9953088,moving,-5.493524,11.45993,-4.374418,9.526547,-7.1257777789291605,22.543539653189768
05/11/2023 12:34:19.314046,4708,True,True,True,True,Eyes,1.290112,-0.2600059,-3.570231,-0.09284521,0.2007172,0.9752396,0.0,0.0,0.0,0.0,0.0,0.0,0.0,-1.304645,-0.05819437,3.5844,1.286003,-0.2582371,-3.582307,-0.05009235,0.003060867,0.0166013,0.998602,354.2524,0.2562542,1.891993,0.3388911,-0.06876437,-0.9383089,0,0,0,1.199556,0.03306655,-2.498581,-0.08525612,0.1842631,1.107055,0.9994301,0.03284952,-0.007776372,-0.03346282,0.9944303,-0.099943,0.00444998,0.1001463,0.9949628,moving,-5.438309,11.62983,-4.40375,9.449934,-7.064583342875502,22.71570325703236
05/11/2023 12:34:19.323695,4709,True,True,True,True,Eyes,1.290247,-0.2598391,-3.570427,-0.09179979,0.2037221,0.9747154,0.0,0.0,0.0,0.0,0.0,0.0,0.0,-1.309756,-0.07085499,3.582678,1.285995,-0.2581296,-3.582687,-0.05183696,0.003743454,0.01654079,0.9985116,354.051,0.3318653,1.880842,0.3389071,-0.06872108,-0.9383063,0,0,0,1.200713,0.03620896,-2.498334,-0.08559076,0.1833283,1.108511,0.9994248,0.03264424,-0.009190612,-0.03342044,0.9940787,-0.1033958,0.005760917,0.1036434,0.9945979,moving,-5.380311,11.80527,-4.415184,9.390719,-7.0004041726083255,22.893487222533963
05/11/2023 12:34:19.345932,4710,True,True,True,True,Eyes,1.29038,-0.2596706,-3.570633,-0.09075955,0.2067259,0.9741802,0.0,0.0,0.0,0.0,0.0,0.0,0.0,-1.314156,-0.08246544,3.581144,1.286052,-0.2579248,-3.583008,-0.05338648,0.004318031,0.01638832,0.9984301,353.8722,0.3960414,1.859548,0.3389231,-0.06867734,-0.9383038,0,0,0,1.201814,0.03920014,-2.498098,-0.08585643,0.1825636,1.109823,0.9994255,0.03226413,-0.01037233,-0.03318622,0.9937626,-0.1064638,0.006872676,0.1067469,0.9942625,moving,-5.3226,11.98072,-4.423617,9.341375,-6.936513647349071,23.07127938601903
05/11/2023 12:34:19.363949,4711,True,True,True,True,Eyes,1.290514,-0.2594986,-3.570845,-0.08970471,0.2098117,0.973618,0.0,0.0,0.0,0.0,0.0,0.0,0.0,-1.317794,-0.0938319,3.579967,1.286112,-0.2577403,-3.583439,-0.05491411,0.004787842,0.01627594,0.998347,353.6961,0.4480335,1.843336,0.338939,-0.06863314,-0.9383013,0,0,0,1.202866,0.04205925,-2.497873,-0.08593105,0.1817222,1.111241,0.9994243,0.03197223,-0.01134741,-0.03302391,0.9934391,-0.1094908,0.007772298,0.1098025,0.993923,moving,-5.264109,12.16109,-4.421819,9.287418,-6.871675602620117,23.25405163920109
05/11/2023 12:34:19.373943,4712,True,True,True,True,Eyes,1.290646,-0.2593273,-3.571068,-0.08866692,0.2129029,0.9730419,0.0,0.0,0.0,0.0,0.0,0.0,0.0,-1.320814,-0.1056526,3.578859,1.286181,-0.2575248,-3.583764,-0.05649105,0.005169037,0.01614072,0.9982592,353.5145,0.4899531,1.824894,0.3389547,-0.06858842,-0.9382988,0,0,0,1.203983,0.04509328,-2.497634,-0.08576477,0.1809075,1.112622,0.9994255,0.03164123,-0.01214369,-0.03280925,0.9930965,-0.1126185,0.008496465,0.1129523,0.9935641,moving,-5.206609,12.34189,-4.40784,9.235223,-6.807821204156851,23.437252082077915
05/11/2023 12:34:19.393996,4713,True,True,True,True,Eyes,1.290785,-0.2591533,-3.571293,-0.0875976,0.2160179,0.972452,0.0,0.0,0.0,0.0,0.0,0.0,0.0,-1.323308,-0.1181207,3.57804,1.286238,-0.2573968,-3.584244,-0.05814749,0.005476545,0.01595689,0.9981655,353.3239,0.5236484,1.801187,0.3389701,-0.06854324,-0.9382965,0,0,0,1.205088,0.04809361,-2.497398,-0.08546662,0.1799329,1.11421,0.9994307,0.03121833,-0.0127887,-0.03249212,0.9927285,-0.1159068,0.00907729,0.1162564,0.9931778,moving,-5.14726,12.52417,-4.386343,9.173454,-6.74205630666801,23.621961364541498
05/11/2023 12:34:19.413978,4714,True,True,True,True,Eyes,1.29092,-0.2589802,-3.571529,-0.08654734,0.2191239,0.971851,0.0,0.0,0.0,0.0,0.0,0.0,0.0,-1.325755,-0.128865,3.577067,1.286334,-0.2571816,-3.584528,-0.05952066,0.005774868,0.01567891,0.9980872,353.1659,0.5575162,1.766677,0.3389855,-0.06849757,-0.9382942,0,0,0,1.206178,0.05105548,-2.497165,-0.08524005,0.1794687,1.115491,0.9994416,0.03061039,-0.01339408,-0.03198529,0.9924229,-0.1186325,0.009661204,0.1189947,0.9928479,moving,-5.089001,12.70605,-4.369756,9.139859,-6.677402091652799,23.80625891688055
05/11/2023 12:34:19.423964,4715,True,True,True,True,Eyes,1.291055,-0.2588069,-3.571768,-0.085471,0.2221863,0.9712507,0.0,0.0,0.0,0.0,0.0,0.0,0.0,-1.327843,-0.1404248,3.576334,1.286375,-0.2570505,-3.584999,-0.06100447,0.006029409,0.01537462,0.9980009,352.9953,0.5864477,1.729298,0.3390006,-0.06845146,-0.9382921,0,0,0,1.207305,0.05411625,-2.496924,-0.08484233,0.1789005,1.117041,0.9994546,0.02995213,-0.01391055,-0.03142342,0.9920841,-0.1215796,0.01015887,0.1219504,0.9924842,moving,-5.029129,12.88544,-4.343433,9.09898,-6.611205844280507,23.988049444733946
05/11/2023 12:34:19.449599,4716,True,True,True,True,Eyes,1.291188,-0.2586353,-3.572016,-0.08441676,0.2252212,0.9706437,0.0,0.0,0.0,0.0,0.0,0.0,0.0,-1.329774,-0.1520709,3.57548,1.286464,-0.2568899,-3.585317,-0.06249935,0.006256159,0.0150745,0.9979116,352.8235,0.6122518,1.692499,0.3390154,-0.06840494,-0.9382902,0,0,0,1.20841,0.05711717,-2.496688,-0.08445553,0.1782329,1.118439,0.9994673,0.02930401,-0.01437048,-0.03086803,0.9917331,-0.124549,0.01060189,0.1249263,0.9921094,moving,-4.9705,13.06334,-4.318321,9.054441,-6.546310256175654,24.168325061957503
05/11/2023 12:34:19.464183,4717,True,True,True,True,Eyes,1.291315,-0.2584639,-3.572271,-0.08335101,0.2281237,0.9700578,0.0,0.0,0.0,0.0,0.0,0.0,0.0,-1.331468,-0.1618496,3.574913,1.286533,-0.2567762,-3.585792,-0.0637184,0.006456803,0.01472412,0.9978384,352.6834,0.6359776,1.65013,0.3390299,-0.0683581,-0.9382884,0,0,0,1.209472,0.06000361,-2.49646,-0.08405416,0.1780842,1.119889,0.999483,0.02856176,-0.01476209,-0.03020743,0.9914463,-0.1269712,0.0110093,0.1273515,0.9917966,moving,-4.911006,13.23351,-4.292333,9.035495,-6.480798481556706,24.34079020834114
05/11/2023 12:34:19.483780,4718,True,True,True,True,Eyes,1.291439,-0.2582946,-3.572531,-0.08230169,0.231007,0.9694649,0.0,0.0,0.0,0.0,0.0,0.0,0.0,-1.333361,-0.1707006,3.57422,1.286627,-0.2566184,-3.586193,-0.0648625,0.006686534,0.01453368,0.9977661,352.5518,0.6620851,1.625953,0.3390439,-0.06831096,-0.9382868,0,0,0,1.210594,0.06305107,-2.496221,-0.08359907,0.1782467,1.121271,0.9994881,0.02813501,-0.01522858,-0.02986983,0.9911633,-0.1292409,0.01145781,0.1296296,0.9914963,moving,-4.852429,13.40268,-4.263937,9.032641,-6.416242973910587,24.51223808429816
05/11/2023 12:34:19.493861,4719,True,True,True,True,Eyes,1.291563,-0.2581233,-3.572797,-0.08123004,0.2337991,0.9688858,0.0,0.0,0.0,0.0,0.0,0.0,0.0,-1.335672,-0.180391,3.573285,1.286667,-0.2565124,-3.586588,-0.06611188,0.006980351,0.0142851,0.9976856,352.4081,0.6959335,1.594462,0.3390572,-0.06826359,-0.9382854,0,0,0,1.211689,0.06602449,-2.495986,-0.08329479,0.17814,1.122672,0.9994944,0.0275811,-0.01581722,-0.02942704,0.9908503,-0.1317183,0.01203956,0.1321172,0.991161,moving,-4.792391,13.56653,-4.243191,9.016241,-6.350391750612311,24.67831634995853
05/11/2023 12:34:19.513980,4720,True,True,True,True,Eyes,1.291686,-0.2579518,-3.573064,-0.08017312,0.236573,0.9683003,0.0,0.0,0.0,0.0,0.0,0.0,0.0,-1.338187,-0.1894581,3.572278,1.286768,-0.2563096,-3.586968,-0.06729852,0.007296981,0.01413587,0.997606,352.2714,0.7318246,1.574196,0.33907,-0.06821597,-0.9382843,0,0,0,1.212823,0.06910479,-2.495744,-0.08301234,0.1781962,1.124049,0.9994939,0.0272219,-0.01646167,-0.02918621,0.9905422,-0.1340685,0.01265638,0.1344811,0.9908353,moving,-4.733167,13.72942,-4.223692,9.008168,-6.285391767320073,24.84341847819958
05/11/2023 12:34:19.523994,4721,True,True,True,True,Eyes,1.291806,-0.2577798,-3.573337,-0.079117,0.2392179,0.9677372,0.0,0.0,0.0,0.0,0.0,0.0,0.0,-1.34085,-0.1986466,3.571091,1.286836,-0.2561551,-3.587265,-0.06850934,0.0076392,0.0139815,0.9975233,352.1319,0.7707355,1.55303,0.3390823,-0.0681681,-0.9382833,0,0,0,1.213933,0.0721217,-2.495507,-0.08278252,0.1781892,1.12535,0.9994923,0.02684703,-0.01715629,-0.02894045,0.990222,-0.1364657,0.01332483,0.1368929,0.9904962,moving,-4.673801,13.88478,-4.207191,8.997581,-6.2204969802370185,25.00090754624163
05/11/2023 12:34:19.549320,4722,True,True,True,True,Eyes,1.291924,-0.2576136,-3.573611,-0.07809503,0.241851,0.9671656,0.0,0.0,0.0,0.0,0.0,0.0,0.0,-1.343295,-0.2078826,3.57007,1.286894,-0.2559837,-3.587677,-0.06974307,0.007952712,0.01388721,0.9974367,351.9898,0.8058805,1.538918,0.3390939,-0.06811999,-0.9382826,0,0,0,1.215006,0.07503457,-2.495277,-0.08249542,0.1779989,1.126761,0.9994878,0.02659393,-0.01780173,-0.02881252,0.9898861,-0.1389077,0.01392758,0.1393495,0.9901453,moving,-4.616406,14.03957,-4.187419,8.977055,-6.1576055398384515,25.157807113497768
05/11/2023 12:34:19.565040,4723,True,True,True,True,Eyes,1.292035,-0.2574436,-3.573885,-0.07706687,0.2444183,0.9666025,0.0,0.0,0.0,0.0,0.0,0.0,0.0,-1.344772,-0.2161616,3.569334,1.286968,-0.2559737,-3.587963,-0.07098805,0.008133516,0.01413564,0.9973438,351.8463,0.8229151,1.565377,0.3391049,-0.06807182,-0.9382821,0,0,0,1.21608,0.07795306,-2.495047,-0.08174472,0.178004,1.128108,0.999468,0.02704143,-0.01823075,-0.02935096,0.9895217,-0.1413691,0.0142169,0.1418289,0.9897891,moving,-4.558529,14.19055,-4.14451,8.966763,-6.0943543529322195,25.31085738897327
05/11/2023 12:34:19.574072,4724,True,True,True,True,Eyes,1.29215,-0.257272,-3.574165,-0.07605202,0.2469835,0.9660307,0.0,0.0,0.0,0.0,0.0,0.0,0.0,-1.346061,-0.2253026,3.568632,1.287122,-0.2557222,-3.588272,-0.07220856,0.008272589,0.0140837,0.9972559,351.7059,0.8376225,1.557473,0.3391152,-0.06802351,-0.9382819,0,0,0,1.217189,0.08096478,-2.49481,-0.08110666,0.1778639,1.129466,0.9994664,0.0268954,-0.0185337,-0.02928481,0.9891752,-0.1437878,0.01446584,0.1442538,0.989435,moving,-4.5014,14.3415,-4.107344,8.94922,-6.031857301074613,25.463872342451086
05/11/2023 12:34:19.594019,4725,True,True,True,True,Eyes,1.292274,-0.2570995,-3.574439,-0.07502481,0.2495318,0.9654559,0.0,0.0,0.0,0.0,0.0,0.0,0.0,-1.348514,-0.2356673,3.567489,1.287348,-0.2555255,-3.588656,-0.07349811,0.008561241,0.01371966,0.9971643,351.5576,0.8721977,1.512153,0.3391249,-0.06797501,-0.9382819,0,0,0,1.218341,0.08409392,-2.494564,-0.08099296,0.1776831,1.130933,0.999477,0.02610304,-0.01909067,-0.02861998,0.9888196,-0.1463444,0.01505719,0.1468143,0.9890495,moving,-4.443479,14.49154,-4.096304,8.928862,-5.968592791894634,25.615972424369623
05/11/2023 12:34:19.614109,4726,True,True,True,True,Eyes,1.292394,-0.2569283,-3.574716,-0.07399583,0.2520979,0.9648685,0.0,0.0,0.0,0.0,0.0,0.0,0.0,-1.351937,-0.2494859,3.565439,1.287522,-0.255349,-3.58879,-0.0752532,0.008987903,0.01327554,0.9970357,351.3557,0.9229279,1.455943,0.3391343,-0.06792632,-0.938282,0,0,0,1.219384,0.08692805,-2.494341,-0.08130732,0.1762036,1.132236,0.999486,0.02511964,-0.01992057,-0.02782511,0.9883214,-0.1498216,0.01592446,0.1502989,0.9885123,moving,-4.385433,14.64272,-4.107435,8.845674,-5.9051648506672,25.769226057918097
05/11/2023 12:34:19.624219,4727,True,True,True,True,Eyes,1.292494,-0.2567556,-3.574986,-0.07294459,0.2546256,0.9642846,0.0,0.0,0.0,0.0,0.0,0.0,0.0,-1.355245,-0.2619258,3.563609,1.287537,-0.2552268,-3.58911,-0.07677594,0.009425,0.01271218,0.9969229,351.1807,0.9764532,1.385824,0.3391434,-0.06787749,-0.9382823,0,0,0,1.22051,0.08998578,-2.4941,-0.08145803,0.1754661,1.133705,0.9994991,0.0238989,-0.02074398,-0.02679335,0.9878877,-0.1528398,0.01684001,0.153319,0.9880332,moving,-4.325976,14.7917,-4.109705,8.797989,-5.840388709063282,25.920264555469785
05/11/2023 12:34:19.646873,4728,True,True,True,True,Eyes,1.292593,-0.2565902,-3.575258,-0.07190187,0.2571605,0.9636901,0.0,0.0,0.0,0.0,0.0,0.0,0.0,-1.359621,-0.2726376,3.561319,1.287621,-0.2550068,-3.589275,-0.07807911,0.0100069,0.01221818,0.9968221,351.0306,1.046599,1.322404,0.3391517,-0.06782853,-0.9382828,0,0,0,1.221626,0.09301745,-2.493861,-0.0819729,0.1751413,1.134906,0.9995012,0.02279605,-0.02185816,-0.02592137,0.9875088,-0.1554174,0.01804222,0.1559065,0.9876071,moving,-4.266989,14.94121,-4.13123,8.772807,-5.77606833340311,26.071835832127267
05/11/2023 12:34:19.663889,4729,True,True,True,True,Eyes,1.292671,-0.2564302,-3.57553,-0.07081923,0.2596404,0.9631051,0.0,0.0,0.0,0.0,0.0,0.0,0.0,-1.363116,-0.2825315,3.559525,1.287678,-0.2550387,-3.589564,-0.07949321,0.01047028,0.01226238,0.996705,350.8674,1.098137,1.322033,0.3391593,-0.06777962,-0.9382836,0,0,0,1.222691,0.09591251,-2.493634,-0.08196841,0.1747244,1.136313,0.99948,0.02277931,-0.0228211,-0.02610857,0.9870609,-0.1582058,0.018922,0.1587193,0.9871423,moving,-4.205516,15.08751,-4.125908,8.741581,-5.709350648769881,26.22017787250754
05/11/2023 12:34:19.674091,4730,True,True,True,True,Eyes,1.292753,-0.2562709,-3.575804,-0.0697455,0.2620875,0.9625205,0.0,0.0,0.0,0.0,0.0,0.0,0.0,-1.366521,-0.2890162,3.558034,1.287784,-0.254996,-3.589861,-0.08042729,0.01091965,0.01232333,0.9966245,350.7594,1.148481,1.324043,0.3391658,-0.06773093,-0.9382848,0,0,0,1.223814,0.09896066,-2.493393,-0.08190169,0.1754722,1.137594,0.9994578,0.02280698,-0.02374784,-0.02631993,0.9867592,-0.1600424,0.01978332,0.1605807,0.9868245,moving,-4.144485,15.23195,-4.117934,8.768681,-5.643139306880838,26.366636215111896
05/11/2023 12:34:19.693675,4731,True,True,True,True,Eyes,1.292835,-0.2561126,-3.576071,-0.06877751,0.264535,0.9619204,0.0,0.0,0.0,0.0,0.0,0.0,0.0,-1.370081,-0.295202,3.556522,1.287953,-0.254867,-3.590171,-0.08129968,0.01138219,0.01236011,0.9965481,350.6584,1.20066,1.323098,0.3391714,-0.06768245,-0.9382863,0,0,0,1.224923,0.1019751,-2.493156,-0.08195565,0.1762358,1.138848,0.9994353,0.02278415,-0.02469555,-0.02648562,0.9864752,-0.1617567,0.02067605,0.1623194,0.9865217,moving,-4.089701,15.37664,-4.116116,8.796694,-5.583209705461969,26.51330569476589
05/11/2023 12:34:19.714018,4732,True,True,True,True,Eyes,1.29292,-0.2559569,-3.576341,-0.0678082,0.2669635,0.9613181,0.0,0.0,0.0,0.0,0.0,0.0,0.0,-1.374409,-0.3037156,3.554308,1.288106,-0.2547356,-3.590298,-0.08244902,0.01195262,0.01224328,0.9964485,350.5257,1.266508,1.302949,0.3391762,-0.0676342,-0.938288,0,0,0,1.225999,0.1048986,-2.492926,-0.08235914,0.176284,1.139983,0.9994144,0.02242863,-0.02583923,-0.02637055,0.9861045,-0.1640197,0.02180145,0.1646051,0.9861186,moving,-4.034772,15.52027,-4.132207,8.790441,-5.523169041830908,26.658904315526136
05/11/2023 12:34:19.723980,4733,True,True,True,True,Eyes,1.292994,-0.2558048,-3.576609,-0.06691617,0.2693621,0.9607114,0.0,0.0,0.0,0.0,0.0,0.0,0.0,-1.37808,-0.3114758,3.552582,1.288216,-0.2546571,-3.590628,-0.08347056,0.01243857,0.01206765,0.9963596,350.4079,1.323357,1.276796,0.3391803,-0.0675862,-0.9382901,0,0,0,1.227152,0.108029,-2.49268,-0.08248497,0.1768259,1.141355,0.9993993,0.02197092,-0.02680117,-0.02612394,0.9857741,-0.1660332,0.02277199,0.1666336,0.9857559,moving,-3.984373,15.66231,-4.133543,8.806611,-5.467741948131203,26.80286499387212
05/11/2023 12:34:19.747411,4734,True,True,True,True,Eyes,1.293066,-0.2556553,-3.576875,-0.06603458,0.2717219,0.9601076,0.0,0.0,0.0,0.0,0.0,0.0,0.0,-1.381277,-0.3201737,3.550805,1.288279,-0.2545903,-3.590846,-0.08463167,0.01286371,0.01191082,0.9962581,350.274,1.372907,1.253128,0.3391836,-0.06753854,-0.9382923,0,0,0,1.228188,0.1108433,-2.492458,-0.08254503,0.1767675,1.142605,0.9993853,0.02155514,-0.02764723,-0.02590985,0.9853912,-0.1683235,0.0236151,0.1689364,0.985344,moving,-3.93451,15.80215,-4.13203,8.794264,-5.412927049599421,26.944597554550676
05/11/2023 12:34:19.764075,4735,True,True,True,True,Eyes,1.293126,-0.2555042,-3.577143,-0.06518926,0.2739824,0.9595228,0.0,0.0,0.0,0.0,0.0,0.0,0.0,-1.383537,-0.3258521,3.549654,1.288288,-0.2545127,-3.591091,-0.08538134,0.01317019,0.01180157,0.9961914,350.1876,1.408726,1.236536,0.3391861,-0.06749126,-0.9382948,0,0,0,1.229335,0.1139602,-2.492213,-0.08212943,0.1779256,1.143843,0.9993745,0.02126426,-0.02825531,-0.02576221,0.9851415,-0.1698014,0.02422478,0.1704231,0.9850731,moving,-3.88666,15.93618,-4.106863,8.841541,-5.360330486248245,27.08044187536152
05/11/2023 12:34:19.774076,4736,True,True,True,True,Eyes,1.293188,-0.2553526,-3.577406,-0.06435735,0.2762318,0.9589338,0.0,0.0,0.0,0.0,0.0,0.0,0.0,-1.385111,-0.3315287,3.548826,1.28834,-0.2543144,-3.591394,-0.08609062,0.01337465,0.01164426,0.9961296,350.106,1.43328,1.215391,0.3391876,-0.06744428,-0.9382976,0,0,0,1.230409,0.1168759,-2.491983,-0.08163719,0.1788418,1.145074,0.9993711,0.02089551,-0.0286507,-0.02550124,0.9849057,-0.1712033,0.02464085,0.1718263,0.9848191,moving,-3.839559,16.06965,-4.077959,8.876945,-5.308506532526556,27.215714954664733
05/11/2023 12:34:19.793664,4737,True,True,True,True,Eyes,1.29324,-0.2551994,-3.577665,-0.06355561,0.2785025,0.9583303,0.0,0.0,0.0,0.0,0.0,0.0,0.0,-1.387143,-0.3393026,3.547495,1.288462,-0.2541673,-3.591556,-0.08713169,0.01363017,0.01155622,0.9960366,349.9861,1.462769,1.201293,0.3391882,-0.06739757,-0.9383007,0,0,0,1.231485,0.1198001,-2.491753,-0.08129656,0.1790869,1.146291,0.9993613,0.02064559,-0.02916612,-0.02539606,0.984549,-0.1732577,0.02513847,0.1738877,0.9844446,moving,-3.794249,16.20451,-4.056703,8.879631,-5.258440089537386,27.35238159969711
05/11/2023 12:34:19.813868,4738,True,True,True,True,Eyes,1.293295,-0.2550547,-3.577924,-0.06276789,0.2807721,0.9577198,0.0,0.0,0.0,0.0,0.0,0.0,0.0,-1.389207,-0.3487426,3.54596,1.288536,-0.2539802,-3.591729,-0.08835576,0.01389604,0.01134828,0.9959275,349.8452,1.494563,1.172879,0.3391879,-0.06735108,-0.9383041,0,0,0,1.232586,0.1227913,-2.491517,-0.08098076,0.1789125,1.1476,0.9993562,0.02014853,-0.02968427,-0.02505971,0.984129,-0.1756764,0.02567353,0.1763072,0.9840003,moving,-3.749739,16.33941,-4.036405,8.861166,-5.2091778323069455,27.48908335696197
05/11/2023 12:34:19.824161,4739,True,True,True,True,Eyes,1.293329,-0.2549134,-3.578179,-0.06199846,0.2829249,0.9571362,0.0,0.0,0.0,0.0,0.0,0.0,0.0,-1.390789,-0.3576371,3.544784,1.288676,-0.254053,-3.592,-0.08952619,0.01408685,0.01111942,0.9958228,349.7108,1.518003,1.142806,0.3391869,-0.067305,-0.9383078,0,0,0,1.233669,0.1257327,-2.491286,-0.0805915,0.1790435,1.149035,0.9993558,0.01962367,-0.03004696,-0.02466823,0.9837229,-0.1779912,0.02606505,0.1786177,0.9835732,moving,-3.706155,16.46743,-4.012064,8.856647,-5.161074696574955,27.6188221847106
05/11/2023 12:34:19.847469,4740,True,True,True,True,Eyes,1.293362,-0.2547709,-3.57843,-0.06124822,0.2850598,0.9565509,0.0,0.0,0.0,0.0,0.0,0.0,0.0,-1.392291,-0.3622788,3.543917,1.288729,-0.2539842,-3.592177,-0.09010584,0.01428486,0.0109466,0.9957696,349.6441,1.542278,1.119899,0.3391847,-0.0672594,-0.9383119,0,0,0,1.234782,0.1287565,-2.491048,-0.08005166,0.1804962,1.150174,0.9993522,0.0192263,-0.03042156,-0.02437489,0.9835222,-0.1791366,0.02647615,0.1797621,0.9833538,moving,-3.663664,16.59447,-3.981343,8.918659,-5.114104379553948,27.747562791674383
05/11/2023 12:34:19.863696,4741,True,True,True,True,Eyes,1.293375,-0.2546289,-3.578679,-0.06053201,0.2871518,0.9559706,0.0,0.0,0.0,0.0,0.0,0.0,0.0,-1.39345,-0.3689679,3.542955,1.288744,-0.253826,-3.592365,-0.09100513,0.01443501,0.01090281,0.9956862,349.5405,1.559396,1.111992,0.3391815,-0.06721421,-0.9383163,0,0,0,1.235897,0.1317835,-2.490809,-0.07930443,0.1811343,1.151439,0.9993455,0.01908424,-0.0307299,-0.02433888,0.9831985,-0.1809103,0.02676105,0.1815398,0.9830194,moving,-3.623129,16.71907,-3.939977,8.940001,-5.06918393733759,27.873823135572078
05/11/2023 12:34:19.873991,4742,True,True,True,True,Eyes,1.293389,-0.2544933,-3.57893,-0.05982931,0.2892114,0.9553937,0.0,0.0,0.0,0.0,0.0,0.0,0.0,-1.393826,-0.3781605,3.542048,1.288766,-0.2536962,-3.592572,-0.09218649,0.01447391,0.01068073,0.9955793,349.4049,1.565305,1.084159,0.3391769,-0.06716941,-0.9383211,0,0,0,1.237024,0.1348447,-2.490568,-0.07841222,0.181146,1.152862,0.9993529,0.01859843,-0.0307891,-0.02393562,0.9827752,-0.1832487,0.02685062,0.1838671,0.9825844,moving,-3.583336,16.84182,-3.890995,8.929714,-5.025071572314574,27.998207892999506
05/11/2023 12:34:19.894163,4743,True,True,True,True,Eyes,1.29339,-0.2543565,-3.579171,-0.05914842,0.291225,0.9548243,0.0,0.0,0.0,0.0,0.0,0.0,0.0,-1.394815,-0.3836637,3.541391,1.288802,-0.2537235,-3.592878,-0.09285177,0.01460384,0.01039592,0.9955186,349.3287,1.582938,1.048756,0.3391711,-0.06712513,-0.9383264,0,0,0,1.238107,0.1377869,-2.490337,-0.07780714,0.1823683,1.154182,0.9993573,0.01798669,-0.03100735,-0.02341065,0.982541,-0.1845677,0.02714623,0.185175,0.9823306,moving,-3.544767,16.9619,-3.856659,8.978877,-4.982279626189854,28.119884702038465
05/11/2023 12:34:19.913725,4744,True,True,True,True,Eyes,1.293392,-0.2542197,-3.579406,-0.05848976,0.2932486,0.9542454,0.0,0.0,0.0,0.0,0.0,0.0,0.0,-1.396626,-0.3903564,3.539974,1.288808,-0.2535569,-3.592916,-0.09371815,0.0148502,0.01024309,0.9954354,349.2289,1.612556,1.027082,0.339164,-0.06708131,-0.9383321,0,0,0,1.239176,0.1406915,-2.490108,-0.07737875,0.1829634,1.155256,0.9993491,0.0176092,-0.03148476,-0.02317613,0.9822239,-0.1862765,0.02764491,0.1868849,0.9819927,moving,-3.507514,17.08269,-3.831933,8.999461,-4.94078933414233,28.242270657592453
05/11/2023 12:34:19.924316,4745,True,True,True,True,Eyes,1.293371,-0.2540818,-3.579641,-0.05783562,0.2952017,0.9536828,0.0,0.0,0.0,0.0,0.0,0.0,0.0,-1.397573,-0.3987212,3.53876,1.288827,-0.2534398,-3.593008,-0.09492376,0.01496543,0.01037318,0.995318,349.0899,1.623609,1.039166,0.3391557,-0.06703791,-0.9383382,0,0,0,1.240334,0.1438375,-2.489861,-0.07642173,0.1830648,1.156616,0.9993368,0.01780808,-0.03176005,-0.02349037,0.9817637,-0.1886481,0.02782141,0.1892691,0.9815311,moving,-3.470424,17.19932,-3.78024,8.993951,-4.899600268522323,28.360449116105105
05/11/2023 12:34:19.948022,4746,True,True,True,True,Eyes,1.29335,-0.2539447,-3.579873,-0.0571977,0.2971448,0.9531177,0.0,0.0,0.0,0.0,0.0,0.0,0.0,-1.397795,-0.4047369,3.53826,1.28883,-0.2532741,-3.593285,-0.09574483,0.01498566,0.01039608,0.9952389,348.9953,1.62509,1.040403,0.3391459,-0.06699488,-0.9383448,0,0,0,1.241461,0.1468999,-2.489619,-0.0753229,0.1838764,1.158005,0.9993346,0.01782357,-0.03181937,-0.02356276,0.9814497,-0.1902663,0.02783789,0.1908895,0.9812167,moving,-3.434268,17.31544,-3.721583,9.022511,-4.859368437453028,28.478105657433375
05/11/2023 12:34:19.964079,4747,True,True,True,True,Eyes,1.293319,-0.2538101,-3.580096,-0.05652919,0.2990486,0.952562,0.0,0.0,0.0,0.0,0.0,0.0,0.0,-1.398973,-0.4111379,3.537199,1.288828,-0.2531705,-3.593433,-0.09665003,0.01514036,0.01045101,0.9951484,348.8908,1.641776,1.043718,0.3391348,-0.06695221,-0.9383519,0,0,0,1.242505,0.1497346,-2.489396,-0.07458909,0.1843633,1.159234,0.9993231,0.01787398,-0.03215399,-0.02372725,0.9810991,-0.1920458,0.02811362,0.1926787,0.9808591,moving,-3.396199,17.42923,-3.681533,9.036578,-4.817287236730083,28.593418959542444
05/11/2023 12:34:19.974302,4748,True,True,True,True,Eyes,1.29329,-0.2536809,-3.580318,-0.05586955,0.3009368,0.9520062,0.0,0.0,0.0,0.0,0.0,0.0,0.0,-1.400683,-0.4190162,3.535649,1.28885,-0.2531031,-3.593481,-0.097775,0.0153642,0.0105107,0.9950345,348.761,1.666286,1.046438,0.3391222,-0.06690995,-0.9383594,0,0,0,1.243691,0.1529552,-2.489143,-0.07389081,0.1847607,1.160555,0.9993069,0.01791255,-0.03263118,-0.02392149,0.9806592,-0.194256,0.02852045,0.194902,0.980408,moving,-3.358615,17.54216,-3.643018,9.045592,-4.775722716669415,28.707859433478472
05/11/2023 12:34:19.999401,4749,True,True,True,True,Eyes,1.29327,-0.2535525,-3.580536,-0.0552401,0.3027613,0.9514643,0.0,0.0,0.0,0.0,0.0,0.0,0.0,-1.402463,-0.4247611,3.534477,1.288899,-0.2531172,-3.593679,-0.09857702,0.01559894,0.01048389,0.9949521,348.6685,1.693306,1.039411,0.3391085,-0.0668682,-0.9383674,0,0,0,1.244764,0.1558707,-2.488913,-0.07340531,0.1856577,1.161839,0.9992935,0.01778654,-0.03310733,-0.02393733,0.9803453,-0.1958317,0.02897345,0.1964858,0.9800785,moving,-3.322748,17.65136,-3.615159,9.078906,-4.7360099427952775,28.81851684625151
05/11/2023 12:34:20.013692,4750,True,True,True,True,Eyes,1.293251,-0.253428,-3.580751,-0.05461825,0.3045715,0.9509222,0.0,0.0,0.0,0.0,0.0,0.0,0.0,-1.403797,-0.4297982,3.533446,1.288885,-0.2530158,-3.593796,-0.09927221,0.01578039,0.01047994,0.9948801,348.5882,1.713958,1.035782,0.3390939,-0.06682692,-0.9383755,0,0,0,1.245827,0.1587586,-2.488686,-0.07273018,0.1866761,1.162989,0.9992822,0.01771946,-0.03347993,-0.02398567,0.9800705,-0.1971971,0.02931846,0.1978586,0.979792,moving,-3.287294,17.75978,-3.578463,9.118994,-4.696738717582521,28.928382803417808
05/11/2023 12:34:20.024078,4751,True,True,True,True,Eyes,1.293236,-0.2533022,-3.580965,-0.05385883,0.3065395,0.950333,0.0,0.0,0.0,0.0,0.0,0.0,0.0,-1.405395,-0.4355045,3.532245,1.288881,-0.2529944,-3.59393,-0.1000469,0.0159985,0.01040461,0.9947997,348.4989,1.739668,1.023265,0.3390786,-0.06678619,-0.938384,0,0,0,1.246922,0.1617332,-2.488451,-0.07216081,0.1876575,1.164225,0.9992716,0.01749981,-0.03391251,-0.02390221,0.9797648,-0.1987203,0.02974872,0.1993861,0.9794693,moving,-3.24369,17.87763,-3.546761,9.156556,-4.648950626355859,29.047838304880397
05/11/2023 12:34:20.048373,4752,True,True,True,True,Eyes,1.293224,-0.253171,-3.581175,-0.05309939,0.3084961,0.9497424,0.0,0.0,0.0,0.0,0.0,0.0,0.0,-1.407273,-0.4410543,3.530989,1.288866,-0.2528552,-3.594123,-0.1007979,0.01625664,0.01036692,0.9947201,348.4123,1.769637,1.014648,0.3390628,-0.06674591,-0.9383926,0,0,0,1.248074,0.1648635,-2.488205,-0.07159373,0.1887172,1.165533,0.9992565,0.0173471,-0.03443153,-0.02390164,0.9794647,-0.2001943,0.03025167,0.2008685,0.9791511,moving,-3.200033,17.99488,-3.51502,9.197224,-4.601128945239767,29.166687465937933
05/11/2023 12:34:20.063991,4753,True,True,True,True,Eyes,1.29322,-0.2530416,-3.581379,-0.05220389,0.3105721,0.9491153,0.0,0.0,0.0,0.0,0.0,0.0,0.0,-1.410163,-0.4476671,3.529116,1.288903,-0.2526035,-3.594238,-0.1016866,0.01664884,0.01031606,0.9946237,348.3096,1.815305,1.002626,0.3390467,-0.06670589,-0.9384013,0,0,0,1.249128,0.1677241,-2.48798,-0.07150182,0.1891031,1.166701,0.9992328,0.01713527,-0.03521668,-0.02390712,0.9791068,-0.2019363,0.03102066,0.2026233,0.9787653,moving,-3.148249,18.11927,-3.507013,9.20664,-4.544889030002441,29.292810469996944
05/11/2023 12:34:20.073960,4754,True,True,True,True,Eyes,1.293217,-0.2529194,-3.581584,-0.05132087,0.312627,0.9484885,0.0,0.0,0.0,0.0,0.0,0.0,0.0,-1.412919,-0.4559402,3.526984,1.288865,-0.2525449,-3.594285,-0.102887,0.01702726,0.01040138,0.994493,348.1708,1.857571,1.00601,0.3390304,-0.06666617,-0.93841,0,0,0,1.250219,0.17069,-2.487746,-0.07118537,0.1890669,1.168005,0.9992037,0.01718442,-0.03600731,-0.02419195,0.9786122,-0.2042865,0.03172665,0.2049949,0.9782487,moving,-3.097143,18.2425,-3.487642,9.194808,-4.489370010663469,29.417756012158712
05/11/2023 12:34:20.094360,4755,True,True,True,True,Eyes,1.293223,-0.2527982,-3.581787,-0.05032345,0.3146909,0.9478593,0.0,0.0,0.0,0.0,0.0,0.0,0.0,-1.41535,-0.46156,3.525515,1.288877,-0.2526088,-3.594508,-0.1037154,0.01735655,0.01045995,0.9944006,348.0749,1.89469,1.007422,0.3390141,-0.0666269,-0.9384187,0,0,0,1.251367,0.173807,-2.487501,-0.07075883,0.1901244,1.169422,0.9991786,0.01720248,-0.03668845,-0.02440305,0.9782674,-0.2059062,0.03234902,0.2066324,0.9778837,moving,-3.039076,18.36625,-3.462604,9.234339,-4.4268249608636925,29.543273768239462
05/11/2023 12:34:20.114026,4756,True,True,True,True,Eyes,1.293227,-0.2526791,-3.581988,-0.04935437,0.3167261,0.9472321,0.0,0.0,0.0,0.0,0.0,0.0,0.0,-1.417719,-0.4652448,3.524183,1.288823,-0.2525284,-3.594636,-0.104275,0.01768794,0.01056986,0.9943351,348.0099,1.931605,1.015201,0.3389978,-0.06658806,-0.9384273,0,0,0,1.252422,0.1766747,-2.487275,-0.07032463,0.1914552,1.17055,0.9991508,0.01733114,-0.03737982,-0.02470878,0.97803,-0.2069947,0.03297114,0.2077425,0.9776278,moving,-2.98263,18.48839,-3.438099,9.289049,-4.365965125958274,29.667152754609255
05/11/2023 12:34:20.124218,4757,True,True,True,True,Eyes,1.293234,-0.2525643,-3.582183,-0.04830038,0.3187152,0.9466192,0.0,0.0,0.0,0.0,0.0,0.0,0.0,-1.419175,-0.4700731,3.523097,1.288766,-0.2524724,-3.594798,-0.1050064,0.01788821,0.01072081,0.9942529,347.9251,1.952626,1.029029,0.3389817,-0.06654967,-0.9384358,0,0,0,1.253593,0.1798534,-2.487025,-0.0694488,0.19269,1.171901,0.9991301,0.01756163,-0.03782232,-0.02507514,0.9777175,-0.2084222,0.0333193,0.2091893,0.9773073,moving,-2.920932,18.60775,-3.391477,9.337321,-4.29990877982965,29.788255744287003
05/11/2023 12:34:20.148595,4758,True,True,True,True,Eyes,1.293239,-0.2524536,-3.582385,-0.04729009,0.3206441,0.9460185,0.0,0.0,0.0,0.0,0.0,0.0,0.0,-1.419948,-0.4742413,3.522243,1.288683,-0.2524772,-3.594844,-0.1056433,0.01799827,0.01084772,0.994182,347.8514,1.963478,1.041317,0.3389659,-0.0665118,-0.9384443,0,0,0,1.25466,0.1827516,-2.486797,-0.0684549,0.1939541,1.17305,0.9991167,0.01776642,-0.03807909,-0.02537201,0.9774436,-0.2096669,0.03349514,0.2104479,0.9770311,moving,-2.86175,18.72361,-3.339784,9.388441,-4.236501096760254,29.905802911399988
05/11/2023 12:34:20.164043,4759,True,True,True,True,Eyes,1.293262,-0.2523416,-3.582583,-0.04626063,0.3225346,0.9454266,0.0,0.0,0.0,0.0,0.0,0.0,0.0,-1.420068,-0.4759814,3.522307,1.288633,-0.2524691,-3.595203,-0.1059237,0.01801391,0.01097337,0.9941506,347.8188,1.963557,1.055265,0.3389501,-0.0664745,-0.9384526,0,0,0,1.255728,0.1856527,-2.486568,-0.06727387,0.1959793,1.174381,0.9991102,0.01800216,-0.03814177,-0.02563456,0.9773195,-0.2102128,0.03349241,0.2110035,0.9769113,moving,-2.801303,18.8372,-3.278579,9.474146,-4.171894524863023,30.02106318811612
05/11/2023 12:34:20.173847,4760,True,True,True,True,Eyes,1.293283,-0.2522314,-3.582782,-0.04527732,0.32442,0.9448289,0.0,0.0,0.0,0.0,0.0,0.0,0.0,-1.420135,-0.4798325,3.521811,1.288562,-0.2523465,-3.595289,-0.1065209,0.01802042,0.01117601,0.9940844,347.7496,1.961389,1.077738,0.3389348,-0.06643768,-0.9384607,0,0,0,1.256855,0.1887141,-2.486327,-0.06594355,0.1973564,1.175601,0.9991007,0.01838069,-0.03820859,-0.0260589,0.9770567,-0.2113788,0.03344668,0.2121843,0.9766572,moving,-2.743583,18.95061,-3.210554,9.529781,-4.110039647410751,30.13612327435717
05/11/2023 12:34:20.193905,4761,True,True,True,True,Eyes,1.293317,-0.2521227,-3.582975,-0.04427801,0.3262273,0.9442538,0.0,0.0,0.0,0.0,0.0,0.0,0.0,-1.420079,-0.486428,3.521117,1.28855,-0.2522976,-3.595481,-0.1074729,0.01799954,0.01128331,0.993981,347.6397,1.956953,1.088818,0.33892,-0.06640133,-0.9384686,0,0,0,1.257947,0.191681,-2.486094,-0.06472168,0.1978418,1.177057,0.9990974,0.01856186,-0.03820769,-0.02629971,0.9766445,-0.2132458,0.03335709,0.2140582,0.9762512,moving,-2.684751,19.05936,-3.147297,9.541188,-4.047218703228227,30.246478786497686
05/11/2023 12:34:20.213902,4762,True,True,True,True,Eyes,1.293348,-0.2520146,-3.583169,-0.04332511,0.3279927,0.9436863,0.0,0.0,0.0,0.0,0.0,0.0,0.0,-1.420313,-0.4897672,3.520588,1.288516,-0.2522439,-3.595525,-0.1080111,0.01802485,0.0114881,0.99392,347.5773,1.956936,1.111428,0.3389059,-0.06636544,-0.9384763,0,0,0,1.259022,0.1946022,-2.485864,-0.06351557,0.1992961,1.178192,0.9990862,0.01894273,-0.0383122,-0.02673026,0.9764032,-0.2142945,0.03334883,0.2151228,0.9760174,moving,-2.628632,19.16568,-3.085792,9.60094,-3.9872095125027913,30.354359099818954
05/11/2023 12:34:20.224133,4763,True,True,True,True,Eyes,1.293387,-0.2519063,-3.583357,-0.04235511,0.3296567,0.9431503,0.0,0.0,0.0,0.0,0.0,0.0,0.0,-1.419954,-0.4926716,3.520517,1.288458,-0.252157,-3.595737,-0.1084346,0.01797345,0.01158702,0.9938736,347.5283,1.949377,1.122875,0.3388924,-0.06632999,-0.9384837,0,0,0,1.260133,0.1976188,-2.485626,-0.06214325,0.2010294,1.179479,0.9990854,0.01913418,-0.03823954,-0.02692995,0.9762154,-0.215124,0.03321381,0.215957,0.9758378,moving,-2.571318,19.26591,-3.015955,9.672495,-3.926197813833396,30.456089438926035
05/11/2023 12:34:20.249110,4764,True,True,True,True,Eyes,1.293426,-0.2518033,-3.583545,-0.04143383,0.3312794,0.9426225,0.0,0.0,0.0,0.0,0.0,0.0,0.0,-1.419437,-0.4956716,3.520313,1.288403,-0.2520585,-3.595773,-0.1088646,0.01790089,0.01166072,0.993827,347.4787,1.939657,1.131646,0.3388796,-0.06629493,-0.9384908,0,0,0,1.261267,0.2007011,-2.485384,-0.06070921,0.2028314,1.18062,0.9990872,0.01927993,-0.03811966,-0.02707502,0.9760251,-0.2159676,0.0330419,0.2168026,0.9756562,moving,-2.516868,19.36374,-2.943639,9.748288,-3.868148918777611,30.555373907106834
05/11/2023 12:34:20.264123,4765,True,True,True,True,Eyes,1.293482,-0.2517022,-3.583728,-0.04052456,0.3328102,0.9421226,0.0,0.0,0.0,0.0,0.0,0.0,0.0,-1.418758,-0.498044,3.520452,1.288416,-0.2520915,-3.595961,-0.1092185,0.0177964,0.0117344,0.9937891,347.4379,1.926257,1.140968,0.3388675,-0.06626037,-0.9384976,0,0,0,1.262337,0.2036079,-2.485155,-0.0593366,0.2047416,1.18186,0.9990911,0.01943565,-0.03793496,-0.02721042,0.9758673,-0.2166626,0.03280851,0.2174979,0.9755092,moving,-2.463009,19.45606,-2.874186,9.828197,-3.8108766880299534,30.64908296353201
05/11/2023 12:34:20.273803,4766,True,True,True,True,Eyes,1.293534,-0.2516086,-3.58391,-0.03965608,0.3343018,0.9416314,0.0,0.0,0.0,0.0,0.0,0.0,0.0,-1.418549,-0.5000983,3.520262,1.288386,-0.2520487,-3.595991,-0.1094921,0.01776837,0.01171803,0.9937598,347.4064,1.922992,1.138945,0.3388564,-0.06622629,-0.938504,0,0,0,1.263484,0.2067233,-2.48491,-0.05806814,0.2069946,1.182952,0.9990939,0.01939882,-0.03788104,-0.0271808,0.9757483,-0.2172012,0.03274892,0.2180341,0.9753915,moving,-2.411543,19.54608,-2.81025,9.92521,-3.7560897245786995,30.740450405065694
05/11/2023 12:34:20.293750,4767,True,True,True,True,Eyes,1.293592,-0.2515144,-3.584088,-0.03875257,0.335648,0.9411901,0.0,0.0,0.0,0.0,0.0,0.0,0.0,-1.4184,-0.5019585,3.520211,1.288354,-0.2521422,-3.596147,-0.1098002,0.01774442,0.01182565,0.9937249,347.3707,1.918579,1.151284,0.3388462,-0.06619286,-0.93851,0,0,0,1.264585,0.2097131,-2.484674,-0.05677619,0.2091593,1.184177,0.9990906,0.01960621,-0.03786306,-0.02739958,0.9756081,-0.2178028,0.03266922,0.2186421,0.9752581,moving,-2.357766,19.62729,-2.744985,10.01675,-3.699266220556453,30.822924968189255
05/11/2023 12:34:20.314112,4768,True,True,True,True,Eyes,1.293646,-0.2514226,-3.584266,-0.03789771,0.3369631,0.9407548,0.0,0.0,0.0,0.0,0.0,0.0,0.0,-1.418081,-0.503032,3.520253,1.288298,-0.2520438,-3.596239,-0.1099521,0.01770324,0.01187855,0.9937083,347.3531,1.912973,1.15773,0.3388369,-0.06615999,-0.9385157,0,0,0,1.265638,0.2125726,-2.484449,-0.05550118,0.2113932,1.185197,0.999091,0.01971461,-0.03779586,-0.02750064,0.9755388,-0.2180999,0.03257157,0.2189411,0.9751943,moving,-2.306877,19.7067,-2.681125,10.113,-3.645409910514502,30.90356019414981
05/11/2023 12:34:20.324238,4769,True,True,True,True,Eyes,1.293701,-0.2513332,-3.584437,-0.03705395,0.3382121,0.9403402,0.0,0.0,0.0,0.0,0.0,0.0,0.0,-1.417146,-0.5051736,3.520467,1.288256,-0.2520161,-3.596398,-0.110271,0.01757012,0.01197014,0.9936743,347.3164,1.896,1.169602,0.3388284,-0.0661277,-0.938521,0,0,0,1.266733,0.2155485,-2.484215,-0.05396355,0.2133915,1.186416,0.999096,0.01991388,-0.03755787,-0.02766378,0.9753941,-0.2187263,0.03227803,0.2195676,0.9750631,moving,-2.256563,19.78213,-2.604276,10.19633,-3.5922637290724126,30.980167184183998
05/11/2023 12:34:20.349379,4770,True,True,True,True,Eyes,1.293753,-0.2512487,-3.584605,-0.03624696,0.3394274,0.9399337,0.0,0.0,0.0,0.0,0.0,0.0,0.0,-1.416971,-0.5078033,3.52013,1.288225,-0.2519961,-3.596382,-0.1106628,0.01754307,0.01204105,0.9936303,347.2711,1.891614,1.17757,0.3388206,-0.066096,-0.9385261,0,0,0,1.267893,0.2186993,-2.483967,-0.0526249,0.2154281,1.187542,0.9990945,0.02004597,-0.03752764,-0.02781142,0.9752175,-0.2194933,0.03219766,0.2203382,0.974892,moving,-2.208421,19.85558,-2.537352,10.28202,-3.541369747889482,31.05475760286772
05/11/2023 12:34:20.363781,4771,True,True,True,True,Eyes,1.293803,-0.2511678,-3.584768,-0.03534839,0.3408671,0.9394466,0.0,0.0,0.0,0.0,0.0,0.0,0.0,-1.416736,-0.5094149,3.520127,1.28822,-0.2520327,-3.596513,-0.1108888,0.01750748,0.01204335,0.9936057,347.2451,1.887251,1.177923,0.3388135,-0.06606496,-0.9385309,0,0,0,1.268943,0.2215508,-2.483742,-0.05145183,0.2175954,1.188662,0.9990969,0.02004991,-0.03746201,-0.02781544,0.9751173,-0.2199377,0.03212012,0.2207811,0.9747943,moving,-2.154842,19.94271,-2.478529,10.37365,-3.4845504952041835,31.143216891155536
05/11/2023 12:34:20.373999,4772,True,True,True,True,Eyes,1.293852,-0.2510851,-3.584924,-0.03448264,0.3422626,0.9389714,0.0,0.0,0.0,0.0,0.0,0.0,0.0,-1.416372,-0.5114527,3.519977,1.288175,-0.2520536,-3.596527,-0.111196,0.01745707,0.01210148,0.9935715,347.2096,1.880361,1.184855,0.3388069,-0.06603462,-0.9385354,0,0,0,1.270105,0.2247074,-2.483494,-0.05004641,0.2198679,1.1898,0.9990976,0.02016506,-0.03738096,-0.02792968,0.974978,-0.2205399,0.03199841,0.2213849,0.9746614,moving,-2.103176,20.0272,-2.408606,10.4698,-3.429744413064659,31.228993971819534
05/11/2023 12:34:20.393625,4773,True,True,True,True,Eyes,1.293905,-0.2510068,-3.585073,-0.03354082,0.3437834,0.9384497,0.0,0.0,0.0,0.0,0.0,0.0,0.0,-1.416596,-0.5130365,3.519667,1.288209,-0.2519282,-3.596534,-0.1113808,0.01748321,0.01204404,0.9935511,347.1884,1.884021,1.177497,0.3388009,-0.06600488,-0.9385397,0,0,0,1.271164,0.2275847,-2.483267,-0.04908399,0.2220258,1.190749,0.9990985,0.02003816,-0.03742388,-0.02782733,0.9748985,-0.2209039,0.03205798,0.2217462,0.9745773,moving,-2.046918,20.11936,-2.36046,10.56202,-3.370061950237943,31.322557238627503
05/11/2023 12:34:20.413640,4774,True,True,True,True,Eyes,1.293956,-0.2509378,-3.585222,-0.03263847,0.3452501,0.937943,0.0,0.0,0.0,0.0,0.0,0.0,0.0,-1.41671,-0.514901,3.519298,1.288175,-0.251973,-3.596493,-0.1116957,0.01749664,0.01216442,0.993514,347.1518,1.883761,1.190851,0.3387955,-0.0659758,-0.9385436,0,0,0,1.272248,0.2305282,-2.483036,-0.04787345,0.2241169,1.191775,0.9990918,0.02026243,-0.03748374,-0.02807963,0.9747521,-0.2215169,0.03204889,0.2223682,0.9744359,moving,-1.99297,20.2083,-2.300328,10.65026,-3.3128115049516706,31.4128491801466
05/11/2023 12:34:20.424099,4775,True,True,True,True,Eyes,1.294016,-0.2508709,-3.585364,-0.03171472,0.3467932,0.9374053,0.0,0.0,0.0,0.0,0.0,0.0,0.0,-1.416797,-0.5152516,3.519395,1.288172,-0.2521328,-3.596662,-0.1118024,0.01750396,0.01227201,0.9935006,347.1393,1.883116,1.203143,0.3387907,-0.06594756,-0.9385474,0,0,0,1.273352,0.2335293,-2.482799,-0.04666203,0.2268261,1.192959,0.999086,0.02047053,-0.03752447,-0.02829847,0.9746993,-0.2217219,0.03203632,0.2225811,0.9743876,moving,-1.937717,20.30196,-2.239956,10.76556,-3.2540915197311704,31.507922480551887
05/11/2023 12:34:20.449656,4776,True,True,True,True,Eyes,1.294075,-0.2508052,-3.585499,-0.03082107,0.3482796,0.9368838,0.0,0.0,0.0,0.0,0.0,0.0,0.0,-1.417326,-0.5154287,3.519106,1.288162,-0.2521285,-3.596617,-0.1118628,0.01757655,0.012354,0.9934914,347.1321,1.890466,1.211662,0.3387865,-0.06592014,-0.9385508,0,0,0,1.274505,0.2366593,-2.482553,-0.04555607,0.2296562,1.19391,0.9990768,0.02061486,-0.0376882,-0.02847951,0.9746681,-0.2218353,0.03216039,0.2227038,0.9743555,moving,-1.884205,20.39225,-2.185176,10.88821,-3.1972355809661193,31.599576576043905
05/11/2023 12:34:20.463754,4777,True,True,True,True,Eyes,1.294151,-0.2507388,-3.585629,-0.0299018,0.3498175,0.9363405,0.0,0.0,0.0,0.0,0.0,0.0,0.0,-1.417797,-0.5162028,3.518757,1.28819,-0.252093,-3.596565,-0.1119405,0.01764099,0.01227072,0.9934825,347.1232,1.899028,1.200956,0.3387831,-0.06589349,-0.9385539,0,0,0,1.275586,0.2395976,-2.482322,-0.04466309,0.2322273,1.194794,0.9990764,0.02043201,-0.03779921,-0.02833098,0.9746374,-0.221989,0.03230485,0.2228549,0.9743162,moving,-1.829105,20.48572,-2.1408,10.99921,-3.1386759104060467,31.694456736619678
05/11/2023 12:34:20.473922,4778,True,True,True,True,Eyes,1.294224,-0.2506772,-3.585756,-0.029017,0.3513053,0.9358112,0.0,0.0,0.0,0.0,0.0,0.0,0.0,-1.4184,-0.5176424,3.518271,1.288149,-0.2520315,-3.596554,-0.1121028,0.01773286,0.0121736,0.9934638,347.1046,1.910912,1.188126,0.3387807,-0.06586752,-0.9385566,0,0,0,1.276673,0.2425507,-2.482089,-0.04377734,0.2345732,1.195756,0.9990746,0.02021227,-0.03796329,-0.02816387,0.9745696,-0.2223084,0.03250451,0.2231719,0.974237,moving,-1.776019,20.57623,-2.096696,11.09885,-3.082241651817627,31.78633044613358
05/11/2023 12:34:20.494120,4779,True,True,True,True,Eyes,1.294312,-0.2506231,-3.585873,-0.02811781,0.3528102,0.9352723,0.0,0.0,0.0,0.0,0.0,0.0,0.0,-1.418946,-0.5184056,3.517968,1.288134,-0.2520888,-3.596583,-0.1122731,0.01780505,0.01231272,0.9934416,347.0846,1.917374,1.203132,0.3387792,-0.0658423,-0.9385589,0,0,0,1.277766,0.2455199,-2.481855,-0.04269134,0.2370304,1.196802,0.9990628,0.02046588,-0.03814132,-0.02846199,0.9744864,-0.222635,0.03261178,0.2235119,0.9741555,moving,-1.722008,20.66784,-2.042942,11.20264,-3.02483977542302,31.879322595044943
05/11/2023 12:34:20.513758,4780,True,True,True,True,Eyes,1.294396,-0.2505686,-3.585986,-0.02725263,0.3542511,0.9347531,0.0,0.0,0.0,0.0,0.0,0.0,0.0,-1.419316,-0.5192599,3.517564,1.288151,-0.252242,-3.596441,-0.1125446,0.01784148,0.01264219,0.9934062,347.0526,1.917047,1.240677,0.338779,-0.06581795,-0.9385607,0,0,0,1.278858,0.2484853,-2.481622,-0.04140843,0.239377,1.197756,0.9990437,0.02110173,-0.0382933,-0.02913358,0.9743478,-0.2231539,0.03260206,0.2240561,0.9740308,moving,-1.669979,20.75562,-1.980022,11.30192,-2.9695597642326392,31.968428800268615
05/11/2023 12:34:20.524508,4781,True,True,True,True,Eyes,1.294505,-0.2505096,-3.586095,-0.0263768,0.3557336,0.9342151,0.0,0.0,0.0,0.0,0.0,0.0,0.0,-1.419071,-0.5195406,3.51764,1.28816,-0.2521749,-3.59646,-0.1125049,0.0178121,0.01246236,0.9934134,347.0576,1.91603,1.220125,0.3387798,-0.06579439,-0.9385621,0,0,0,1.280014,0.2516255,-2.481375,-0.04027257,0.2423673,1.198721,0.9990548,0.02075265,-0.03819371,-0.02876844,0.9743747,-0.2230837,0.03258541,0.2239717,0.9740508,moving,-1.61727,20.84601,-1.924201,11.43044,-2.913509054391044,32.06017865736892
05/11/2023 12:34:20.549632,4782,True,True,True,True,Eyes,1.294609,-0.2504568,-3.586195,-0.02551749,0.3572176,0.9336725,0.0,0.0,0.0,0.0,0.0,0.0,0.0,-1.420395,-0.5223026,3.516689,1.28823,-0.2520294,-3.596439,-0.1127752,0.01799502,0.01217463,0.993383,347.0267,1.941005,1.183621,0.3387823,-0.0657714,-0.9385629,0,0,0,1.281102,0.2545812,-2.481142,-0.03985952,0.2443728,1.199702,0.9990559,0.02012935,-0.03849789,-0.02824693,0.9742671,-0.2236198,0.0330059,0.2244962,0.9739158,moving,-1.565517,20.93656,-1.902924,11.51333,-2.8584156486518375,32.15208392532462
05/11/2023 12:34:20.564216,4783,True,True,True,True,Eyes,1.294725,-0.2504033,-3.586287,-0.02459059,0.3588195,0.9330829,0.0,0.0,0.0,0.0,0.0,0.0,0.0,-1.421942,-0.5282133,3.515027,1.288193,-0.2521362,-3.596294,-0.1135894,0.01821377,0.01205059,0.9932878,346.9329,1.967606,1.164789,0.338786,-0.06574912,-0.938563,0,0,0,1.282157,0.2574468,-2.480916,-0.03935122,0.2452551,1.200866,0.999046,0.01980163,-0.03892067,-0.02807719,0.9739044,-0.2252149,0.03344539,0.2260928,0.9735314,moving,-1.509631,21.03438,-1.876855,11.54288,-2.798921203359305,32.251367856507855
05/11/2023 12:34:20.573795,4784,True,True,True,True,Eyes,1.294834,-0.250352,-3.586378,-0.02367982,0.3603668,0.9325101,0.0,0.0,0.0,0.0,0.0,0.0,0.0,-1.424814,-0.530121,3.513426,1.288141,-0.2520892,-3.596168,-0.1137674,0.0186345,0.01175831,0.993263,346.9124,2.020573,1.124676,0.3387914,-0.06572745,-0.9385626,0,0,0,1.283288,0.2605195,-2.480675,-0.03932526,0.2477165,1.201752,0.999029,0.0191182,-0.03969335,-0.0275982,0.9738374,-0.2255637,0.0343425,0.2264402,0.9734194,moving,-1.454635,21.12893,-1.874237,11.64721,-2.740430653769023,32.34733937247202
05/11/2023 12:34:20.594079,4785,True,True,True,True,Eyes,1.294943,-0.2502999,-3.586463,-0.02276992,0.3620879,0.9318658,0.0,0.0,0.0,0.0,0.0,0.0,0.0,-1.427824,-0.529956,3.51245,1.288459,-0.251837,-3.596288,-0.1138453,0.01900005,0.01207022,0.9932435,346.9024,2.059068,1.156082,0.338798,-0.06570641,-0.9385617,0,0,0,1.284441,0.2636517,-2.480428,-0.03906657,0.2502474,1.202805,0.9989866,0.01965119,-0.04049163,-0.02830346,0.9737871,-0.2256936,0.03499508,0.226611,0.9733565,moving,-1.39973,21.23425,-1.860288,11.75291,-2.681676773404549,32.45420043511183
05/11/2023 12:34:20.614389,4786,True,True,True,True,Eyes,1.295061,-0.2502435,-3.586549,-0.02187764,0.3637555,0.9312375,0.0,0.0,0.0,0.0,0.0,0.0,0.0,-1.431302,-0.5323282,3.51057,1.288427,-0.2518149,-3.596198,-0.1144001,0.01946976,0.01258664,0.9931643,346.8368,2.10663,1.209085,0.3388058,-0.06568591,-0.9385603,0,0,0,1.285486,0.2664899,-2.480204,-0.03866197,0.2516134,1.203863,0.998925,0.02054653,-0.04155316,-0.02945589,0.9735084,-0.2267461,0.03579351,0.2277263,0.973067,moving,-1.345807,21.33637,-1.839417,11.80517,-2.6240171146562212,32.55781925006173
05/11/2023 12:34:20.623922,4787,True,True,True,True,Eyes,1.295189,-0.2501853,-3.586632,-0.02096797,0.3655971,0.930537,0.0,0.0,0.0,0.0,0.0,0.0,0.0,-1.43407,-0.5329994,3.509352,1.288361,-0.251928,-3.596228,-0.1146882,0.01985089,0.01300329,0.9931181,346.8022,2.145349,1.252094,0.3388149,-0.06566579,-0.9385585,0,0,0,1.286592,0.2694935,-2.479968,-0.03801589,0.2538767,1.204998,0.9988738,0.02127427,-0.0424112,-0.03038092,0.9733551,-0.2272816,0.03644591,0.2283141,0.9729051,moving,-1.290838,21.44928,-1.806997,11.89744,-2.5649486433074933,32.67235541578903
05/11/2023 12:34:20.644009,4788,True,True,True,True,Eyes,1.295312,-0.2501288,-3.586711,-0.02004871,0.3673864,0.9298523,0.0,0.0,0.0,0.0,0.0,0.0,0.0,-1.437971,-0.532905,3.507722,1.288393,-0.2518729,-3.596174,-0.1147566,0.02039018,0.01315242,0.9930972,346.7933,2.206343,1.262098,0.3388253,-0.06564596,-0.9385561,0,0,0,1.286592,0.2694935,-2.479968,-0.03919346,0.2536927,1.204925,0.9988225,0.02144344,-0.04351752,-0.03080308,0.9733159,-0.2273926,0.03748021,0.2284653,0.9728304,static,-1.235173,21.55907,-1.863043,11.88976,-2.505282212141905,32.78374141443743
05/11/2023 12:34:20.664192,4789,True,True,True,True,Eyes,1.295422,-0.2500748,-3.58679,-0.01908446,0.3692759,0.9291239,0.0,0.0,0.0,0.0,0.0,0.0,0.0,-1.442526,-0.5344995,3.50559,1.288408,-0.2518589,-3.596151,-0.1150476,0.02102389,0.01323566,0.9930493,346.7587,2.279099,1.262653,0.338837,-0.06562643,-0.9385532,0,0,0,1.286592,0.2694935,-2.479968,-0.04063704,0.2530029,1.204996,0.9987656,0.02144984,-0.04480098,-0.03112483,0.9731777,-0.2279394,0.03871005,0.2290524,0.9726441,static,-1.176705,21.67511,-1.931499,11.85767,-2.442587509033458,32.90146582907292
05/11/2023 12:34:20.673745,4790,True,True,True,True,Eyes,1.295527,-0.2500218,-3.586866,-0.01811217,0.3711292,0.9284046,0.0,0.0,0.0,0.0,0.0,0.0,0.0,-1.447762,-0.537177,3.503044,1.288299,-0.2519068,-3.596209,-0.1155378,0.02176523,0.01341072,0.9929741,346.7008,2.363059,1.272008,0.3388494,-0.06560726,-0.9385501,0,0,0,1.286592,0.2694935,-2.479968,-0.04214957,0.2518741,1.205255,0.9986929,0.02160357,-0.04632352,-0.0316624,0.9729424,-0.2288683,0.04012574,0.2300359,0.9723546,static,-1.117637,21.78903,-2.002904,11.8038,-2.3793585486712625,33.017050592853586
05/11/2023 12:34:20.693670,4791,True,True,True,True,Eyes,1.295624,-0.2499641,-3.586944,-0.01713278,0.3730644,0.9276473,0.0,0.0,0.0,0.0,0.0,0.0,0.0,-1.452464,-0.5404701,3.500589,1.288303,-0.2518878,-3.596208,-0.1160734,0.02241806,0.01350738,0.9928957,346.638,2.437714,1.273221,0.3388624,-0.06558844,-0.9385467,0,0,0,1.286592,0.2694935,-2.479968,-0.04363012,0.2505821,1.205462,0.9986299,0.02161856,-0.04765328,-0.03202712,0.972689,-0.229892,0.04138189,0.2311032,0.9720488,static,-1.05808,21.90811,-2.072842,11.74297,-2.3154671610446926,33.13785618359509
05/11/2023 12:34:20.713817,4792,True,True,True,True,Eyes,1.295718,-0.2499062,-3.587019,-0.0161364,0.3749881,0.9268891,0.0,0.0,0.0,0.0,0.0,0.0,0.0,-1.457666,-0.5446662,3.497866,1.288333,-0.2517443,-3.596295,-0.116704,0.02313768,0.01356053,0.9928046,346.5642,2.520738,1.268122,0.3388757,-0.06556983,-0.9385433,0,0,0,1.286592,0.2694935,-2.479968,-0.04533923,0.2489195,1.205762,0.9985616,0.02152539,-0.04910753,-0.03232643,0.9723926,-0.2311011,0.04277726,0.2323561,0.9716896,static,-0.9973728,22.0266,-2.153429,11.66437,-2.250437105109513,33.25807286110273
05/11/2023 12:34:20.724174,4793,True,True,True,True,Eyes,1.295804,-0.2498481,-3.587094,-0.01515665,0.3770325,0.9260761,0.0,0.0,0.0,0.0,0.0,0.0,0.0,-1.463573,-0.5502366,3.494539,1.288364,-0.2516991,-3.5963,-0.1175955,0.02395016,0.01373103,0.9926778,346.4599,2.612861,1.274731,0.3388893,-0.06555139,-0.9385396,0,0,0,1.286592,0.2694935,-2.479968,-0.04718301,0.246745,1.206123,0.9984757,0.02162811,-0.050779,-0.03289383,0.9719655,-0.2328111,0.04432017,0.2341266,0.9711953,static,-0.9376494,22.15267,-2.240244,11.56186,-2.186147796732579,33.38594754390239
05/11/2023 12:34:20.749403,4794,True,True,True,True,Eyes,1.295885,-0.2497896,-3.58717,-0.01414971,0.37903,0.9252762,0.0,0.0,0.0,0.0,0.0,0.0,0.0,-1.469335,-0.556686,3.491136,1.28836,-0.2516686,-3.596341,-0.1185367,0.02475428,0.01370598,0.9925464,346.3503,2.706741,1.258274,0.3389029,-0.0655331,-0.9385359,0,0,0,1.286592,0.2694935,-2.479968,-0.04912986,0.2444469,1.206538,0.9983988,0.02133906,-0.05238886,-0.03307622,0.9715224,-0.2346279,0.04589021,0.235985,0.9706725,static,-0.876123,22.27596,-2.331779,11.45321,-2.120134706579104,33.511023233717225
05/11/2023 12:34:20.764225,4795,True,True,True,True,Eyes,1.295959,-0.2497324,-3.587241,-0.01317098,0.3810387,0.9244653,0.0,0.0,0.0,0.0,0.0,0.0,0.0,-1.475178,-0.5602034,3.488183,1.288338,-0.2516037,-3.596425,-0.1190079,0.0255841,0.01354402,0.9924713,346.2953,2.805919,1.226456,0.3389164,-0.06551496,-0.9385324,0,0,0,1.286592,0.2694935,-2.479968,-0.05120357,0.243243,1.206745,0.998324,0.02079469,-0.05400665,-0.03297353,0.9713074,-0.2355308,0.04755926,0.2369169,0.9703652,static,-0.8162455,22.40009,-2.429668,11.39637,-2.0557541763559772,33.63693730074794
05/11/2023 12:34:20.773724,4796,True,True,True,True,Eyes,1.296028,-0.249674,-3.587315,-0.01218477,0.3829834,0.9236749,0.0,0.0,0.0,0.0,0.0,0.0,0.0,-1.481003,-0.5655519,3.484772,1.288332,-0.2516157,-3.596351,-0.119894,0.02639118,0.01374897,0.9923406,346.1915,2.897075,1.236699,0.3389297,-0.06549698,-0.9385288,0,0,0,1.286592,0.2694935,-2.479968,-0.05296975,0.2411544,1.207025,0.998229,0.02095903,-0.05567492,-0.0336156,0.9708728,-0.2372256,0.04908124,0.2386771,0.9698579,static,-0.7557807,22.52037,-2.512788,11.2985,-1.9909091934682503,33.75896233183612
05/11/2023 12:34:20.794424,4797,True,True,True,True,Eyes,1.296089,-0.2496106,-3.587387,-0.0112043,0.3849971,0.9228498,0.0,0.0,0.0,0.0,0.0,0.0,0.0,-1.485853,-0.5665046,3.482686,1.288289,-0.2515314,-3.596502,-0.120126,0.02707245,0.0139373,0.9922916,346.1634,2.974109,1.248446,0.3389427,-0.06547911,-0.9385254,0,0,0,1.286592,0.2694935,-2.479968,-0.05439932,0.2405041,1.207194,0.9981456,0.02115552,-0.05707598,-0.03416394,0.970751,-0.2376453,0.05037906,0.2391546,0.9696737,static,-0.6955929,22.64506,-2.580152,11.26727,-1.9261977719131849,33.885444715331374
05/11/2023 12:34:20.813775,4798,True,True,True,True,Eyes,1.296147,-0.2495523,-3.58746,-0.01023184,0.3869904,0.922027,0.0,0.0,0.0,0.0,0.0,0.0,0.0,-1.490313,-0.5721844,3.47984,1.288327,-0.2513841,-3.596489,-0.1209817,0.02768431,0.01403083,0.9921695,346.0635,3.044025,1.248264,0.3389553,-0.06546124,-0.938522,0,0,0,1.286592,0.2694935,-2.479968,-0.05584591,0.2383103,1.207487,0.9980735,0.02114333,-0.05832999,-0.0345405,0.9703332,-0.2392918,0.0515401,0.2408455,0.969194,static,-0.6357918,22.76862,-2.648024,11.16444,-1.861912953347103,34.01078191386853
05/11/2023 12:34:20.824268,4799,True,True,True,True,Eyes,1.2962,-0.2494912,-3.587536,-0.009301126,0.3889126,0.9212276,0.0,0.0,0.0,0.0,0.0,0.0,0.0,-1.493395,-0.5778099,3.477706,1.288302,-0.2514595,-3.596606,-0.1218076,0.02811373,0.01402855,0.9920564,345.9677,3.093978,1.239449,0.3389674,-0.06544349,-0.9385189,0,0,0,1.286592,0.2694935,-2.479968,-0.05687774,0.23636,1.207963,0.9980257,0.02098529,-0.05919838,-0.03468316,0.9699322,-0.2408913,0.05236324,0.2424689,0.9687451,static,-0.5784642,22.88791,-2.695818,11.07108,-1.8002593830392297,34.131784982854754
05/11/2023 12:34:20.849725,4800,True,True,True,True,Eyes,1.296249,-0.2494291,-3.587609,-0.008375478,0.3908124,0.9204323,0.0,0.0,0.0,0.0,0.0,0.0,0.0,-1.497035,-0.5809108,3.475721,1.288292,-0.2513491,-3.596712,-0.1221205,0.02864202,0.01367204,0.9920078,345.9321,3.160932,1.18911,0.3389789,-0.06542576,-0.938516,0,0,0,1.286592,0.2694935,-2.479968,-0.05840154,0.2354706,1.208114,0.9979854,0.02012999,-0.06016548,-0.0341211,0.9697993,-0.2415059,0.05348693,0.2430722,0.9685324,static,-0.5213488,23.00591,-2.767586,11.02911,-1.7388619884119696,34.251482245356925
05/11/2023 12:34:20.863884,4801,True,True,True,True,Eyes,1.29628,-0.2493695,-3.587682,-0.007514584,0.3926689,0.9196492,0.0,0.0,0.0,0.0,0.0,0.0,0.0,-1.500194,-0.5860506,3.473471,1.288242,-0.2512747,-3.596711,-0.1228686,0.02908748,0.01368457,0.9919023,345.8452,3.212688,1.181859,0.3389898,-0.06540804,-0.9385133,0,0,0,1.286592,0.2694935,-2.479968,-0.05942771,0.2335919,1.208396,0.9979333,0.01999964,-0.06106668,-0.03429539,0.9694321,-0.2429512,0.05434106,0.2445434,0.9681144,static,-0.4681615,23.12136,-2.81548,10.94075,-1.681503762196001,34.36857486857378
05/11/2023 12:34:20.874052,4802,True,True,True,True,Eyes,1.296305,-0.2493125,-3.587759,-0.006684447,0.3944544,0.9188913,0.0,0.0,0.0,0.0,0.0,0.0,0.0,-1.502441,-0.590543,3.471835,1.288197,-0.251301,-3.596819,-0.1235695,0.0293981,0.01380534,0.9918043,345.7635,3.247087,1.189341,0.3389997,-0.06539042,-0.938511,0,0,0,1.286592,0.2694935,-2.479968,-0.06006259,0.2318983,1.208802,0.9978904,0.02011898,-0.06172616,-0.03464981,0.9690799,-0.2443018,0.05490249,0.2459253,0.9677327,static,-0.4167891,23.2325,-2.844558,10.85977,-1.6261149713249023,34.481297307219236
05/11/2023 12:34:20.894028,4803,True,True,True,True,Eyes,1.296325,-0.2492552,-3.587834,-0.005925083,0.3961801,0.9181536,0.0,0.0,0.0,0.0,0.0,0.0,0.0,-1.50294,-0.5907623,3.471698,1.288084,-0.2513067,-3.596971,-0.1236366,0.02947867,0.01389771,0.9917923,345.7553,3.255163,1.198786,0.3390087,-0.06537292,-0.938509,0,0,0,1.286592,0.2694935,-2.479968,-0.06008164,0.2317065,1.20898,0.9978758,0.02027799,-0.06190997,-0.03485657,0.9690417,-0.2444243,0.05503691,0.246063,0.96769,static,-0.3697394,23.34003,-2.845039,10.84943,-1.5751975991520086,34.590340649889285
05/11/2023 12:34:20.914055,4804,True,True,True,True,Eyes,1.29634,-0.2492012,-3.587912,-0.005211771,0.3978349,0.9174422,0.0,0.0,0.0,0.0,0.0,0.0,0.0,-1.502687,-0.5907687,3.471788,1.288012,-0.2512569,-3.596983,-0.1236598,0.02944878,0.01397894,0.9917892,345.7524,3.250455,1.20868,0.3390166,-0.06535555,-0.9385073,0,0,0,1.286592,0.2694935,-2.479968,-0.05988156,0.2315986,1.209,0.9978747,0.02044507,-0.06187123,-0.03501159,0.9690257,-0.2444655,0.0549567,0.2461122,0.9676821,static,-0.3254802,23.44324,-2.835533,10.84432,-1.5272323041236464,34.694997191587746
05/11/2023 12:34:20.924174,4805,True,True,True,True,Eyes,1.296357,-0.2491498,-3.587988,-0.004582226,0.3993591,0.9167832,0.0,0.0,0.0,0.0,0.0,0.0,0.0,-1.501149,-0.5908222,3.472565,1.287889,-0.2512828,-3.597142,-0.1236579,0.02924583,0.0139939,0.9917952,345.7528,3.226418,1.213416,0.3390235,-0.06533839,-0.9385061,0,0,0,1.286592,0.2694935,-2.479968,-0.05928064,0.2315777,1.209192,0.9978977,0.02052521,-0.06147266,-0.03499112,0.9690259,-0.2444681,0.05455083,0.2461051,0.9677068,static,-0.2863709,23.53838,-2.80668,10.84169,-1.4847183113577083,34.791459364807615
05/11/2023 12:34:20.943842,4806,True,True,True,True,Eyes,1.296368,-0.2490993,-3.588063,-0.004007304,0.4008114,0.9161518,0.0,0.0,0.0,0.0,0.0,0.0,0.0,-1.499191,-0.5893002,3.473679,1.287813,-0.2512909,-3.597178,-0.1233964,0.02898499,0.01391811,0.9918365,345.7836,3.197032,1.209141,0.3390295,-0.06532147,-0.9385051,0,0,0,1.286592,0.2694935,-2.479968,-0.05863877,0.2321982,1.20914,0.9979323,0.02045568,-0.06093163,-0.03476226,0.9691592,-0.2439714,0.05406184,0.245585,0.9678664,static,-0.2506136,23.62911,-2.776455,10.8705,-1.4457247251228214,34.88343998917318
05/11/2023 12:34:20.963961,4807,True,True,True,True,Eyes,1.296384,-0.2490493,-3.588139,-0.003531074,0.402141,0.9155709,0.0,0.0,0.0,0.0,0.0,0.0,0.0,-1.49618,-0.588732,3.475096,1.287661,-0.2512617,-3.597256,-0.1232701,0.0285813,0.01388371,0.9918644,345.7988,3.150221,1.211388,0.3390345,-0.06530479,-0.9385044,0,0,0,1.286592,0.2694935,-2.479968,-0.05756595,0.2324364,1.209206,0.9979807,0.02049507,-0.06012044,-0.03458795,0.9692235,-0.2437409,0.05327466,0.2453281,0.9679752,static,-0.220971,23.71225,-2.725589,10.88081,-1.4131380592612668,34.96770516725939
05/11/2023 12:34:20.973949,4808,True,True,True,True,Eyes,1.296393,-0.2490011,-3.588212,-0.003116572,0.4034137,0.9150125,0.0,0.0,0.0,0.0,0.0,0.0,0.0,-1.492362,-0.5888045,3.476739,1.287531,-0.2512242,-3.597319,-0.123255,0.02805573,0.01392299,0.9918807,345.8011,3.087986,1.223719,0.3390388,-0.06528835,-0.938504,0,0,0,1.286592,0.2694935,-2.479968,-0.05617862,0.2323983,1.20932,0.9980381,0.02070387,-0.05908803,-0.0345359,0.9692287,-0.2437272,0.05222372,0.2452897,0.9680422,static,-0.1951511,23.79188,-2.659748,10.87807,-1.3845160762579622,35.0483956987632
05/11/2023 12:34:20.993776,4809,True,True,True,True,Eyes,1.2964,-0.248952,-3.588286,-0.002751362,0.4045603,0.9145072,0.0,0.0,0.0,0.0,0.0,0.0,0.0,-1.488375,-0.5887505,3.478426,1.287405,-0.251221,-3.597334,-0.1232282,0.02750619,0.01396607,0.9918988,345.8047,3.022891,1.236877,0.3390423,-0.06527218,-0.9385039,0,0,0,1.286592,0.2694935,-2.479968,-0.05473233,0.2324324,1.209393,0.9980968,0.02092678,-0.05800875,-0.03448494,0.9692395,-0.2436915,0.05112468,0.2452281,0.9681164,static,-0.172378,23.86367,-2.591212,10.87899,-1.359220245666916,35.121138450210154
05/11/2023 12:34:21.013751,4810,True,True,True,True,Eyes,1.296401,-0.2489019,-3.588355,-0.002428293,0.4056758,0.9140137,0.0,0.0,0.0,0.0,0.0,0.0,0.0,-1.484968,-0.5890553,3.479879,1.287267,-0.2511485,-3.597436,-0.1232202,0.02704278,0.01394512,0.9919128,345.8062,2.968828,1.241212,0.339045,-0.06525623,-0.938504,0,0,0,1.286592,0.2694935,-2.479968,-0.05353108,0.2323333,1.209528,0.9981484,0.02100025,-0.05708481,-0.03432912,0.9692446,-0.2436931,0.05021153,0.2452016,0.968171,static,-0.1522194,23.93356,-2.534132,10.87327,-1.3366195231428593,35.191942572431465
05/11/2023 12:34:21.023692,4811,True,True,True,True,Eyes,1.296401,-0.2488555,-3.588426,-0.002148151,0.4067259,0.9135477,0.0,0.0,0.0,0.0,0.0,0.0,0.0,-1.482575,-0.5905621,3.480566,1.287141,-0.2510789,-3.59741,-0.1234376,0.02671464,0.01403392,0.9918935,345.7813,2.92891,1.255826,0.3390469,-0.06524046,-0.9385043,0,0,0,1.286592,0.2694935,-2.479968,-0.05257999,0.231728,1.209632,0.9981788,0.02124513,-0.05646078,-0.03443549,0.9691324,-0.244124,0.04953152,0.2456236,0.968099,static,-0.1347273,23.99938,-2.488952,10.8447,-1.3168377851500948,35.25861350953086
05/11/2023 12:34:21.043707,4812,True,True,True,True,Eyes,1.296395,-0.2488102,-3.588497,-0.001913333,0.4077403,0.913096,0.0,0.0,0.0,0.0,0.0,0.0,0.0,-1.480362,-0.591,3.48151,1.28702,-0.2511248,-3.597524,-0.123581,0.02640395,0.01429043,0.9918802,345.7644,2.888618,1.290071,0.3390481,-0.06522494,-0.938505,0,0,0,1.286592,0.2694935,-2.479968,-0.05155044,0.2313875,1.209866,0.9981972,0.02182274,-0.05591116,-0.03487485,0.969047,-0.2444005,0.04884706,0.2459098,0.9680611,static,-0.1200594,24.06301,-2.439804,10.8271,-1.2999718557787152,35.323051183895814
05/11/2023 12:34:21.063990,4813,True,True,True,True,Eyes,1.296388,-0.2487674,-3.588563,-0.001703727,0.4087147,0.9126606,0.0,0.0,0.0,0.0,0.0,0.0,0.0,-1.477986,-0.5909994,3.482531,1.286876,-0.2511172,-3.597588,-0.1236881,0.02607066,0.01463213,0.9918708,345.7515,2.844436,1.33475,0.3390484,-0.06520968,-0.9385059,0,0,0,1.286592,0.2694935,-2.479968,-0.05037597,0.2310961,1.210027,0.9982125,0.02257711,-0.05533709,-0.03547563,0.9689743,-0.2446023,0.04809781,0.2461282,0.9680431,static,-0.1069579,24.12416,-2.383966,10.81238,-1.2847648390441258,35.38497074661005
05/11/2023 12:34:21.073736,4814,True,True,True,True,Eyes,1.296377,-0.2487244,-3.588626,-0.0015136,0.4096479,0.9122425,0.0,0.0,0.0,0.0,0.0,0.0,0.0,-1.476178,-0.5901868,3.483386,1.286829,-0.2511299,-3.597556,-0.1236644,0.0258098,0.01490337,0.9918765,345.7538,2.809868,1.37045,0.3390481,-0.06519473,-0.9385071,0,0,0,1.286592,0.2694935,-2.479968,-0.04950897,0.2311707,1.210025,0.9982235,0.02318109,-0.0548863,-0.0359481,0.96897,-0.2445503,0.04751424,0.2460889,0.9680819,static,-0.09506554,24.18274,-2.342988,10.81581,-1.2708599831770269,35.444283575645876
05/11/2023 12:34:21.104241,4815,True,True,True,True,Eyes,1.296362,-0.2486842,-3.588687,-0.001312709,0.4105172,0.9118519,0.0,0.0,0.0,0.0,0.0,0.0,0.0,-1.47529,-0.5898972,3.483777,1.286741,-0.2510849,-3.597557,-0.1236437,0.0256927,0.01499193,0.9918808,345.7561,2.794844,1.382608,0.339047,-0.06518006,-0.9385086,0,0,0,1.286592,0.2694935,-2.479968,-0.04907916,0.231172,1.210024,0.9982303,0.02338694,-0.05467551,-0.0360939,0.9689749,-0.2445092,0.04726088,0.2460499,0.9681042,static,-0.08248337,24.23735,-2.322672,10.81588,-1.256391414317937,35.49958671347036
05/11/2023 12:34:21.114062,4816,True,True,True,True,Eyes,1.296343,-0.2486473,-3.588743,-0.001128638,0.4113395,0.9114815,0.0,0.0,0.0,0.0,0.0,0.0,0.0,-1.474379,-0.5897881,3.484188,1.28668,-0.2511056,-3.597584,-0.1236448,0.02556956,0.01505072,0.9918829,345.756,2.779533,1.391305,0.3390451,-0.06516573,-0.9385102,0,0,0,1.286592,0.2694935,-2.479968,-0.04868608,0.2311774,1.210073,0.9982394,0.02353401,-0.0544459,-0.03618018,0.9689708,-0.2445125,0.04700213,0.2460519,0.9681163,static,-0.0709462,24.28903,-2.303996,10.8157,-1.2430716018809456,35.551920195753624
05/11/2023 12:34:21.124058,4817,True,True,True,True,Eyes,1.296325,-0.2486102,-3.588792,-0.0009259582,0.4120815,0.9111465,0.0,0.0,0.0,0.0,0.0,0.0,0.0,-1.473804,-0.5882432,3.484587,1.286575,-0.2511484,-3.597517,-0.1234873,0.02549944,0.01519912,0.9919021,345.7739,2.76925,1.410137,0.3390426,-0.06515178,-0.9385121,0,0,0,1.286592,0.2694935,-2.479968,-0.04829092,0.2316174,1.20996,0.9982376,0.02385437,-0.05433967,-0.03644979,0.9690398,-0.2441994,0.04683208,0.2457497,0.9682013,static,-0.05822716,24.33567,-2.285528,10.83678,-1.2287278960133574,35.599165330399856
05/11/2023 12:34:21.143763,4818,True,True,True,True,Eyes,1.296306,-0.248577,-3.588838,-0.0007415413,0.4127823,0.9108294,0.0,0.0,0.0,0.0,0.0,0.0,0.0,-1.472956,-0.5884069,3.484793,1.286586,-0.2511004,-3.597395,-0.1235414,0.02537301,0.01530649,0.9918969,345.7675,2.752803,1.424445,0.3390396,-0.0651382,-0.9385142,0,0,0,1.286592,0.2694935,-2.479968,-0.04792189,0.2314669,1.209871,0.9982439,0.02409569,-0.05411679,-0.03663416,0.9690064,-0.244304,0.04655284,0.2458574,0.9681875,static,-0.0466467,24.37975,-2.268248,10.83069,-1.2156149759745176,35.643814313391296
05/11/2023 12:34:21.163763,4819,True,True,True,True,Eyes,1.296278,-0.2485415,-3.588879,-0.0005477786,0.4134366,0.9105328,0.0,0.0,0.0,0.0,0.0,0.0,0.0,-1.472114,-0.5871478,3.485351,1.286536,-0.2511605,-3.597398,-0.1233927,0.02525998,0.01537972,0.9919172,345.7846,2.738585,1.435058,0.339036,-0.06512505,-0.9385164,0,0,0,1.286592,0.2694935,-2.479968,-0.04754208,0.2318826,1.209835,0.9982508,0.02427702,-0.0539071,-0.03674461,0.9690754,-0.2440137,0.04631612,0.2455677,0.9682724,static,-0.03446927,24.4209,-2.250356,10.84999,-1.2019975454486604,35.68550458871709
05/11/2023 12:34:21.173993,4820,True,True,True,True,Eyes,1.296249,-0.2485059,-3.588917,-0.0003620505,0.414066,0.9102467,0.0,0.0,0.0,0.0,0.0,0.0,0.0,-1.472112,-0.5856287,3.485533,1.286537,-0.2510521,-3.597334,-0.1231252,0.02526836,0.0152728,0.9919519,345.8158,2.74134,1.423061,0.3390318,-0.06511223,-0.9385188,0,0,0,1.286592,0.2694935,-2.479968,-0.04762751,0.2324431,1.209618,0.9982565,0.02407742,-0.05389092,-0.0365221,0.9692138,-0.2434967,0.04636905,0.2450404,0.9684034,static,-0.02278939,24.46052,-2.2548,10.8775,-1.1889315137406775,35.72564447746709
05/11/2023 12:34:21.193670,4821,True,True,True,True,Eyes,1.296222,-0.2484758,-3.588951,-0.0001638889,0.4146265,0.9099916,1.222174,1.296021,0.2582698,-2.476783,0.6286031,-0.7481877,0.2123051,-0.03856983,0.2203611,1.210361,1.286458,-0.2510164,-3.5973,-0.1231476,0.0252631,0.01526648,0.9919493,345.8132,2.740798,1.422342,0.3390271,-0.06509973,-0.9385214,0,0,0,1.286592,0.2694935,-2.479968,-0.04754151,0.2323589,1.209591,0.9982574,0.02406497,-0.05387948,-0.03650933,0.9692032,-0.243541,0.04635936,0.2450837,0.9683929,static,-0.01031893,24.4958,-2.250783,10.87389,-1.1752125001661726,35.76140121905883
05/11/2023 12:34:21.214342,4822,True,True,True,True,Eyes,1.296194,-0.2484466,-3.588981,2.67744e-05,0.4151385,0.9097582,1.22003,1.296227,0.2580349,-2.479048,0.6423799,-0.7639303,0.06130771,-0.03813082,0.2210495,1.208045,1.286456,-0.2511092,-3.597246,-0.1230367,0.02522714,0.01529338,0.9919635,345.826,2.736275,1.426296,0.3390219,-0.06508766,-0.9385241,0,0,0,1.286592,0.2694935,-2.479968,-0.04742341,0.2327316,1.209514,0.9982594,0.02413321,-0.0538121,-0.03654867,0.9692561,-0.2433242,0.04628551,0.2448674,0.9684511,static,0.001686229,24.52804,-2.24534,10.89159,-1.162062181001598,35.79408094307307
05/11/2023 12:34:21.233618,4823,True,True,True,True,Eyes,1.296171,-0.248422,-3.589003,0.0002253532,0.4155656,0.9095632,1.219081,1.296446,0.258186,-2.480172,0.6569337,-0.7538262,-0.01357386,-0.03778376,0.222324,1.206782,1.286422,-0.2510956,-3.597182,-0.1226821,0.02521122,0.0152537,0.9920086,345.8671,2.735263,1.422755,0.3390164,-0.065076,-0.9385269,0,0,0,1.286592,0.2694935,-2.479968,-0.04735942,0.2335956,1.209285,0.9982635,0.02407767,-0.05376221,-0.03644953,0.9694328,-0.2426343,0.04627678,0.2441725,0.968627,static,0.01419559,24.55494,-2.242738,10.93308,-1.1485801862042457,35.82136445419019
05/11/2023 12:34:21.250332,4824,True,True,True,True,Eyes,1.296147,-0.2483968,-3.589021,0.0004160762,0.4159519,0.9093865,1.218434,1.296654,0.2584132,-2.480993,0.6707123,-0.738563,-0.06833544,-0.03757799,0.2236868,1.205761,1.286514,-0.2511698,-3.597027,-0.1223376,0.02521848,0.01529194,0.9920502,345.9067,2.735831,1.427988,0.3390107,-0.06506485,-0.9385297,0,0,0,1.286592,0.2694935,-2.479968,-0.04741019,0.2345496,1.208987,0.9982604,0.02417041,-0.05377755,-0.03651109,0.9695994,-0.2419589,0.04629443,0.2435015,0.9687951,static,0.02621482,24.57928,-2.245692,10.97928,-1.1356760668451051,35.84605613720226
05/11/2023 12:34:21.263797,4825,True,True,True,True,Eyes,1.296124,-0.2483746,-3.589035,0.0006080985,0.4162806,0.9092361,1.218047,1.296865,0.2586749,-2.481543,0.6847938,-0.7211396,-0.1049531,-0.03725871,0.2248183,1.205093,1.286475,-0.2511263,-3.596968,-0.1220158,0.02521713,0.01530756,0.9920897,345.9438,2.735702,1.430636,0.3390049,-0.06505414,-0.9385325,0,0,0,1.286592,0.2694935,-2.479968,-0.04733682,0.2353048,1.20877,0.9982595,0.02421916,-0.05377083,-0.03652671,0.9697556,-0.2413292,0.04629977,0.2428733,0.9689525,static,0.0383195,24.59999,-2.242622,11.01569,-1.1228055468531806,35.86707789256192
05/11/2023 12:34:21.273699,4826,True,True,True,True,Eyes,1.296102,-0.2483523,-3.589044,0.0007953524,0.4165852,0.9090964,1.21777,1.297071,0.2589527,-2.481974,0.6986946,-0.7028118,-0.1337221,-0.03714263,0.2259472,1.204559,1.286523,-0.2511666,-3.5969,-0.1217258,0.02525708,0.0153096,0.9921243,345.9772,2.740589,1.431018,0.3389991,-0.06504392,-0.9385353,0,0,0,1.286592,0.2694935,-2.479968,-0.04745606,0.2360707,1.20857,0.9982554,0.02422917,-0.05384348,-0.03652692,0.969897,-0.2407608,0.04638919,0.2423075,0.9690899,static,0.05012706,24.61919,-2.248637,11.05245,-1.1102839575432277,35.886570820843914
05/11/2023 12:34:21.293724,4827,True,True,True,True,Eyes,1.296076,-0.2483368,-3.589047,0.001004076,0.4168142,0.9089912,1.21771,1.297299,0.2592222,-2.48216,0.7138879,-0.6848447,-0.1461222,-0.03694907,0.2266086,1.204257,1.286508,-0.2511367,-3.596775,-0.121576,0.02526451,0.0152256,0.9921438,345.9947,2.742788,1.421439,0.3389933,-0.06503413,-0.9385381,0,0,0,1.286592,0.2694935,-2.479968,-0.04750822,0.2364337,1.208369,0.9982598,0.02406885,-0.0538342,-0.03635509,0.9699749,-0.2404725,0.04642992,0.2420111,0.9691619,static,0.06328917,24.63363,-2.25148,11.07082,-1.0965553785286495,35.90125967660286
05/11/2023 12:34:21.313734,4828,True,True,True,True,Eyes,1.296049,-0.2483208,-3.589047,0.001208699,0.4170032,0.9089042,1.217716,1.297521,0.2594704,-2.48226,0.7283355,-0.6679726,-0.1527743,-0.03679612,0.2278866,1.204005,1.286557,-0.2512724,-3.596682,-0.1212196,0.02527488,0.01517874,0.9921879,346.036,2.744956,1.416687,0.3389874,-0.06502493,-0.9385408,0,0,0,1.286592,0.2694935,-2.479968,-0.04758892,0.2374569,1.208138,0.9982616,0.02399269,-0.05383477,-0.03624793,0.9701508,-0.2397779,0.04647493,0.2413124,0.969334,static,0.07619427,24.64555,-2.255732,11.11962,-1.0831686317406843,35.91339870484903
05/11/2023 12:34:21.324237,4829,True,True,True,True,Eyes,1.296027,-0.248307,-3.589039,0.001382792,0.4171594,0.9088324,1.21775,1.297711,0.259689,-2.482308,0.7408819,-0.6532857,-0.1559224,-0.03662667,0.2291149,1.203731,1.286506,-0.2512376,-3.596594,-0.1207967,0.0252968,0.01510496,0.99224,346.085,2.748912,1.408784,0.3389815,-0.06501625,-0.9385435,0,0,0,1.286592,0.2694935,-2.479968,-0.04761851,0.2384708,1.20784,0.9982638,0.02386394,-0.05385024,-0.03608702,0.97036,-0.2389544,0.04655173,0.2404829,0.9695364,static,0.08717569,24.6554,-2.257689,11.16859,-1.0717870229600956,35.9234318133569
05/11/2023 12:34:21.350123,4830,True,True,True,True,Eyes,1.296003,-0.2482959,-3.589028,0.001542985,0.4172914,0.9087714,1.217824,1.297883,0.2598917,-2.482304,0.752497,-0.6399291,-0.155689,-0.03620886,0.2300661,1.203489,1.286486,-0.2512738,-3.596399,-0.1205154,0.02523969,0.01518704,0.9922744,346.1173,2.741268,1.419918,0.3389758,-0.0650081,-0.9385461,0,0,0,1.286592,0.2694935,-2.479968,-0.04737469,0.2392367,1.207534,0.9982647,0.02405587,-0.05374994,-0.03622295,0.9704908,-0.238402,0.04642885,0.2399352,0.969678,static,0.09728131,24.66373,-2.24671,11.20632,-1.0613373358139468,35.93192212486081
05/11/2023 12:34:21.364168,4831,True,True,True,True,Eyes,1.295978,-0.2482894,-3.589013,0.001707423,0.4173768,0.9087319,1.218003,1.298058,0.2600768,-2.482174,0.7643877,-0.6277559,-0.1470841,-0.03572563,0.2308595,1.203495,1.28642,-0.2513259,-3.596313,-0.1202742,0.02515862,0.01523615,0.9923049,346.1451,2.73126,1.427427,0.3389702,-0.06500052,-0.9385487,0,0,0,1.286592,0.2694935,-2.479968,-0.0470625,0.2398905,1.207359,0.9982698,0.02418596,-0.05359507,-0.03628968,0.970604,-0.2379306,0.04626501,0.2394639,0.9698024,static,0.1076533,24.66912,-2.232242,11.23776,-1.0507163423193524,35.937441412852344
05/11/2023 12:34:21.374094,4832,True,True,True,True,Eyes,1.295952,-0.2482769,-3.588995,0.001857889,0.4174284,0.9087079,1.218204,1.298215,0.2602361,-2.482004,0.774982,-0.6172367,-0.1357264,-0.03527913,0.2326178,1.203351,1.286437,-0.2514151,-3.596223,-0.1196367,0.02504142,0.0152316,0.992385,346.2188,2.718106,1.430133,0.3389647,-0.06499355,-0.9385511,0,0,0,1.286592,0.2694935,-2.479968,-0.04676664,0.241545,1.206996,0.9982818,0.02423947,-0.05334597,-0.03622296,0.9709101,-0.2366885,0.04605694,0.2382142,0.97012,static,0.1171433,24.67239,-2.21889,11.31659,-1.0410532778025723,35.94081116878408
05/11/2023 12:34:21.393846,4833,True,True,True,True,Eyes,1.295924,-0.2482638,-3.588973,0.002000868,0.4174972,0.908676,1.218345,1.298362,0.2603917,-2.481892,0.7845326,-0.6066771,-0.1282631,-0.03479905,0.2335864,1.20322,1.286373,-0.2512529,-3.596158,-0.1192251,0.02492435,0.01519996,0.992438,346.2666,2.705172,1.429095,0.3389593,-0.064987,-0.9385535,0,0,0,1.286592,0.2694935,-2.479968,-0.04643066,0.2423964,1.206708,0.9982955,0.02422681,-0.05309616,-0.03611324,0.9711087,-0.2358892,0.0458473,0.2374046,0.9703284,static,0.1261628,24.67673,-2.20349,11.35808,-1.0318286853895555,35.94525972489333
05/11/2023 12:34:21.414024,4834,True,True,True,True,Eyes,1.295894,-0.2482582,-3.588943,0.002119708,0.4175419,0.9086552,1.218482,1.298477,0.260509,-2.481764,0.7919851,-0.5987015,-0.1196501,-0.03438405,0.2327758,1.203422,1.286328,-0.2512445,-3.596013,-0.1196006,0.02482113,0.01524266,0.9923947,346.2233,2.69217,1.434635,0.3389539,-0.06498082,-0.9385558,0,0,0,1.286592,0.2694935,-2.479968,-0.04612535,0.2415043,1.206761,0.9983032,0.02431622,-0.05291079,-0.03619071,0.9709267,-0.2366253,0.04561866,0.2381387,0.9701592,static,0.1336592,24.67956,-2.188919,11.31688,-1.0241874385170262,35.948171279672934
05/11/2023 12:34:21.424375,4835,True,True,True,True,Eyes,1.295872,-0.2482547,-3.588902,0.00219202,0.4176612,0.9086002,1.218399,1.298543,0.2606235,-2.481864,0.7965653,-0.5911889,-0.1264099,-0.03361153,0.2338039,1.203095,1.28624,-0.2514214,-3.595817,-0.1193184,0.02469428,0.01562084,0.9924259,346.255,2.672206,1.4814,0.3389487,-0.06497517,-0.9385581,0,0,0,1.286592,0.2694935,-2.479968,-0.04541986,0.2424104,1.206501,0.9982924,0.02511209,-0.05274218,-0.03689801,0.9710382,-0.2360578,0.04528677,0.2376008,0.9703066,static,0.1382272,24.68708,-2.155934,11.36062,-1.0193401666410047,35.95580563235035
05/11/2023 12:34:21.449986,4836,True,True,True,True,Eyes,1.295853,-0.2482496,-3.588856,0.002245033,0.4177783,0.9085463,1.218249,1.298588,0.2607085,-2.482021,0.799219,-0.5852775,-0.1367453,-0.03260623,0.234925,1.202523,1.286237,-0.25146,-3.595504,-0.118946,0.02441498,0.01596425,0.9924722,346.2975,2.634991,1.526435,0.3389438,-0.06497008,-0.9385602,0,0,0,1.286592,0.2694935,-2.479968,-0.04446199,0.2434237,1.20606,0.9982982,0.02588002,-0.05226013,-0.03749628,0.971194,-0.2353217,0.0446646,0.2368808,0.9705115,static,0.1415785,24.69447,-2.11128,11.41092,-1.0157222503065977,35.96330042233059
05/11/2023 12:34:21.464175,4837,True,True,True,True,Eyes,1.295839,-0.248243,-3.588811,0.00233227,0.4179085,0.9084862,1.2182,1.29868,0.2608533,-2.482093,0.8053527,-0.5756488,-0.1415469,-0.03203166,0.2349785,1.202345,1.28627,-0.2514184,-3.595331,-0.118984,0.02415826,0.01583585,0.992476,346.2938,2.606691,1.514924,0.3389394,-0.06496544,-0.9385622,0,0,0,1.286592,0.2694935,-2.479968,-0.04398749,0.243319,1.20592,0.9983312,0.0256845,-0.05172141,-0.03718228,0.9711841,-0.2354124,0.04418456,0.2369427,0.9705184,static,0.1470897,24.70268,-2.089011,11.40743,-1.0099025481563166,35.97163876166877
05/11/2023 12:34:21.474128,4838,True,True,True,True,Eyes,1.295822,-0.248234,-3.588759,0.00241611,0.4180427,0.9084242,1.218137,1.298765,0.2609993,-2.482174,0.8111838,-0.5660092,-0.1470186,-0.03197412,0.2357624,1.202139,1.286373,-0.2513696,-3.595309,-0.1187082,0.0240691,0.0156287,0.9925144,346.3263,2.599413,1.492566,0.3389355,-0.06496118,-0.9385639,0,0,0,1.286592,0.2694935,-2.479968,-0.04402621,0.2439421,1.205752,0.9983529,0.02530901,-0.05148838,-0.03673781,0.9713282,-0.2348868,0.04406736,0.2363915,0.9706581,static,0.1523876,24.71115,-2.09114,11.43743,-1.0042890444694828,35.9802385794636
05/11/2023 12:34:21.494314,4839,True,True,True,True,Eyes,1.2958,-0.2482251,-3.588693,0.002536774,0.4181917,0.9083552,1.218162,1.29889,0.2612004,-2.482168,0.8201256,-0.553048,-0.1467375,-0.03179049,0.2356282,1.202062,1.286311,-0.2513039,-3.595122,-0.118832,0.02402852,0.01549163,0.9925028,346.3125,2.596472,1.4768,0.3389319,-0.0649572,-0.9385654,0,0,0,1.286592,0.2694935,-2.479968,-0.0439737,0.2436141,1.205619,0.9983653,0.02504026,-0.05137855,-0.03646168,0.971278,-0.2351376,0.04401495,0.2366266,0.9706032,static,0.1600101,24.72056,-2.088878,11.42368,-0.9963039668640581,35.98980438351447
05/11/2023 12:34:21.514072,4840,True,True,True,True,Eyes,1.295775,-0.2482235,-3.588623,0.00265131,0.4182733,0.9083174,1.218255,1.299005,0.2613399,-2.482061,0.8276487,-0.5436283,-0.1395205,-0.03153319,0.2356134,1.201838,1.286268,-0.2512961,-3.594699,-0.1189178,0.02394927,0.015358,0.9924965,346.303,2.58899,1.462068,0.3389288,-0.06495351,-0.9385668,0,0,0,1.286592,0.2694935,-2.479968,-0.04383164,0.2434893,1.205255,0.9983812,0.02478953,-0.05119181,-0.03618151,0.9712453,-0.2353154,0.04388645,0.2367867,0.97057,static,0.1672416,24.72571,-2.082764,11.42134,-0.9888529801403432,35.995060054697724
05/11/2023 12:34:21.524240,4841,True,True,True,True,Eyes,1.295742,-0.2482287,-3.588547,0.00277977,0.4183236,0.9082938,1.218436,1.299129,0.261472,-2.481849,0.8356873,-0.5347029,-0.1253777,-0.03120614,0.2379063,1.201585,1.286198,-0.2514585,-3.594555,-0.1180793,0.02393576,0.01542888,0.9925958,346.3996,2.587161,1.472504,0.338926,-0.06495026,-0.9385681,0,0,0,1.286592,0.2694935,-2.479968,-0.04361844,0.2457157,1.204747,0.998378,0.02497665,-0.05116074,-0.03628192,0.9716385,-0.2336714,0.04387341,0.2351486,0.9709687,static,0.1753492,24.72889,-2.073515,11.52773,-0.9805847928798322,35.9983295893757
05/11/2023 12:34:21.544215,4842,True,True,True,True,Eyes,1.295709,-0.2482403,-3.588473,0.002899039,0.4183072,0.908301,1.218754,1.299242,0.2615733,-2.481478,0.8432813,-0.5279697,-0.1006213,-0.03075306,0.2403177,1.201408,1.286213,-0.2516162,-3.594378,-0.1171661,0.02389558,0.01571266,0.9927005,346.5043,2.579352,1.508387,0.3389234,-0.06494763,-0.9385692,0,0,0,1.286592,0.2694935,-2.479968,-0.04325704,0.248132,1.204169,0.9983643,0.02559642,-0.0511243,-0.03679543,0.9720504,-0.2318708,0.04376033,0.2333727,0.9714022,static,0.1828712,24.72787,-2.057336,11.64344,-0.9730446578919034,35.997348363064134
05/11/2023 12:34:21.563819,4843,True,True,True,True,Eyes,1.295671,-0.2482563,-3.588397,0.00302701,0.4182535,0.9083253,1.219203,1.299362,0.2616795,-2.480964,0.8511025,-0.5207852,-0.06638922,-0.03042155,0.2425852,1.201515,1.286205,-0.2517689,-3.594342,-0.1162852,0.02387857,0.01588807,0.9928017,346.6055,2.575783,1.531172,0.3389209,-0.06494569,-0.9385703,0,0,0,1.286592,0.2694935,-2.479968,-0.04301843,0.2504285,1.203735,0.9983548,0.02599395,-0.05110846,-0.03710085,0.9724506,-0.2301375,0.04371828,0.231655,0.9718152,static,0.1909385,24.72449,-2.046735,11.75234,-0.9650332518936418,35.99398444367059
05/11/2023 12:34:21.573618,4844,True,True,True,True,Eyes,1.295635,-0.2482707,-3.588323,0.003153884,0.4181553,0.9083701,1.219875,1.299482,0.2618263,-2.480225,0.8593345,-0.5111269,-0.01713392,-0.03058277,0.2453187,1.201655,1.28627,-0.2518745,-3.594239,-0.1151975,0.02397843,0.01586344,0.9929265,346.7308,2.588854,1.529436,0.3389183,-0.06494451,-0.9385713,0,0,0,1.286592,0.2694935,-2.479968,-0.0432658,0.2531973,1.203098,0.9983468,0.02597796,-0.05127249,-0.03702698,0.9729558,-0.2280045,0.04396278,0.2295261,0.9723091,static,0.1989316,24.71831,-2.059583,11.88471,-0.9571888385911536,35.98778879188867
05/11/2023 12:34:21.593672,4845,True,True,True,True,Eyes,1.295597,-0.2482833,-3.588247,0.003277743,0.41805,0.9084181,1.220726,1.299599,0.2620412,-2.479317,0.8668566,-0.4966669,0.04337858,-0.03053597,0.2468386,1.202243,1.286246,-0.2518391,-3.594216,-0.1145571,0.02402593,0.01589347,0.9929989,346.8045,2.594625,1.533786,0.3389158,-0.06494395,-0.9385723,0,0,0,1.286592,0.2694935,-2.479968,-0.04329371,0.2547214,1.202738,0.9983404,0.0260597,-0.05135686,-0.03706907,0.9732481,-0.2267465,0.04407403,0.2282739,0.9725989,static,0.206733,24.71168,-2.061527,11.95768,-0.9495522752695127,35.98113684160437
05/11/2023 12:34:21.613847,4846,True,True,True,True,Eyes,1.29556,-0.2482907,-3.58817,0.003401041,0.4179195,0.9084777,0.0,0.0,0.0,0.0,0.0,0.0,0.0,-1.462546,-0.5190102,3.496698,1.286235,-0.2518072,-3.594092,-0.1141197,0.02409226,0.01591278,0.9930474,346.8548,2.602546,1.536165,0.3389133,-0.06494393,-0.9385732,0,0,0,1.286592,0.2694935,-2.479968,-0.0433916,0.2557805,1.202381,0.9983327,0.02610548,-0.05148143,-0.03710308,0.973447,-0.2258858,0.04421758,0.2274193,0.9727924,static,0.2144955,24.70346,-2.066797,12.00942,-0.9420072826858656,35.972876893426104
05/11/2023 12:34:21.624127,4847,True,True,True,True,Eyes,1.295532,-0.2483004,-3.588093,0.003510225,0.4177853,0.908539,0.0,0.0,0.0,0.0,0.0,0.0,0.0,-1.46268,-0.5163776,3.496931,1.286208,-0.2516843,-3.594013,-0.1137158,0.02412298,0.01585919,0.9930938,346.9015,2.607252,1.530431,0.3389108,-0.06494424,-0.938574,0,0,0,1.286592,0.2694935,-2.479968,-0.04345499,0.2566556,1.202065,0.9983332,0.02601299,-0.05151964,-0.03698565,0.9736344,-0.2250958,0.04430588,0.2266261,0.9729736,static,0.2213665,24.695,-2.070357,12.05238,-0.93536783360889,35.964368323635995
05/11/2023 12:34:21.644010,4848,True,True,True,True,Eyes,1.295503,-0.2483115,-3.588018,0.003614294,0.417654,0.9085989,0.0,0.0,0.0,0.0,0.0,0.0,0.0,-1.462434,-0.515684,3.497034,1.286222,-0.2517582,-3.593902,-0.1136455,0.02408701,0.01590028,0.9931021,346.9095,2.602565,1.53588,0.3389086,-0.06494492,-0.9385748,0,0,0,1.286592,0.2694935,-2.479968,-0.04334141,0.2569227,1.201942,0.9983341,0.02610646,-0.05145571,-0.03705597,0.9736637,-0.2249571,0.04422774,0.2264891,0.973009,static,0.2279143,24.68674,-2.065161,12.06575,-0.9290472165933297,35.956059830163184
05/11/2023 12:34:21.663960,4849,True,True,True,True,Eyes,1.295488,-0.2483185,-3.587945,0.0037058,0.4175576,0.9086429,0.0,0.0,0.0,0.0,0.0,0.0,0.0,-1.462494,-0.515227,3.497043,1.286191,-0.2518031,-3.593879,-0.1136147,0.02409855,0.01596843,0.9931043,346.9129,2.60303,1.543761,0.3389064,-0.06494596,-0.9385754,0,0,0,1.286592,0.2694935,-2.479968,-0.04327951,0.2570472,1.201915,0.9983286,0.02624073,-0.05149324,-0.03719253,0.9736734,-0.2248929,0.04423625,0.2264321,0.9730219,static,0.2336732,24.68066,-2.06226,12.07169,-0.9234490790058503,35.94995039742817
05/11/2023 12:34:21.673752,4850,True,True,True,True,Eyes,1.295474,-0.2483242,-3.587872,0.003797448,0.4174882,0.9086744,0.0,0.0,0.0,0.0,0.0,0.0,0.0,-1.462705,-0.5146788,3.496999,1.286255,-0.2517253,-3.593826,-0.113525,0.02412129,0.01595468,0.9931142,346.9232,2.605961,1.542059,0.3389048,-0.0649472,-0.9385759,0,0,0,1.286592,0.2694935,-2.479968,-0.04340171,0.2572035,1.201795,0.9983273,0.02621291,-0.05153289,-0.03716638,0.9737151,-0.2247168,0.04428787,0.2262562,0.9730605,static,0.2394438,24.6763,-2.068286,12.07999,-0.9177824732885762,35.94558023155027
05/11/2023 12:34:21.694275,4851,True,True,True,True,Eyes,1.295465,-0.2483371,-3.587797,0.003910661,0.4174539,0.9086897,0.0,0.0,0.0,0.0,0.0,0.0,0.0,-1.462971,-0.517113,3.496467,1.286257,-0.2517031,-3.593767,-0.1138422,0.02415639,0.01588567,0.9930781,346.8868,2.61068,1.532782,0.3389036,-0.06494858,-0.9385763,0,0,0,1.286592,0.2694935,-2.479968,-0.04355453,0.2564272,1.201891,0.9983283,0.02605139,-0.05159527,-0.03705145,0.9735752,-0.2253408,0.04436144,0.2268758,0.9729128,static,0.2465781,24.67415,-2.075396,12.04366,-0.9106699481697258,35.94345381361308
05/11/2023 12:34:21.714032,4852,True,True,True,True,Eyes,1.295456,-0.248346,-3.587733,0.004014397,0.417386,0.9087205,0.0,0.0,0.0,0.0,0.0,0.0,0.0,-1.46431,-0.5174863,3.495739,1.28632,-0.2519012,-3.59362,-0.1139411,0.02433695,0.01589441,0.9930623,346.8751,2.631577,1.531144,0.338903,-0.06495029,-0.9385764,0,0,0,1.286592,0.2694935,-2.479968,-0.04402428,0.2564239,1.201825,0.9983102,0.02602233,-0.05195827,-0.03711424,0.9735296,-0.2255275,0.04471416,0.2270748,0.9728502,static,0.2531103,24.66987,-2.097875,12.04415,-0.9042338659382401,35.93916961822653
05/11/2023 12:34:21.724362,4853,True,True,True,True,Eyes,1.295452,-0.2483512,-3.587661,0.004132664,0.4173851,0.9087203,0.0,0.0,0.0,0.0,0.0,0.0,0.0,-1.463952,-0.5139592,3.496567,1.28627,-0.2518082,-3.593799,-0.1134645,0.02429553,0.01600198,0.9931161,346.9298,2.625756,1.545395,0.3389027,-0.06495216,-0.9385764,0,0,0,1.286592,0.2694935,-2.479968,-0.04377844,0.2574455,1.201741,0.9983073,0.02627029,-0.05188787,-0.03729701,0.9737395,-0.2245893,0.04462525,0.2261444,0.9730711,static,0.2605671,24.66983,-2.086316,12.09155,-0.8967270807650256,35.939178890372666
05/11/2023 12:34:21.744066,4854,True,True,True,True,Eyes,1.295448,-0.2483601,-3.587595,0.004249263,0.4173802,0.908722,0.0,0.0,0.0,0.0,0.0,0.0,0.0,-1.464546,-0.5183644,3.495446,1.286371,-0.2517408,-3.593552,-0.1140449,0.0243617,0.01588969,0.9930498,346.8631,2.634434,1.530014,0.338903,-0.0649541,-0.9385762,0,0,0,1.286592,0.2694935,-2.479968,-0.0441429,0.2560346,1.201771,0.9983081,0.02600185,-0.05200903,-0.03711516,0.9734825,-0.2257303,0.04476048,0.2272787,0.9728006,static,0.2679181,24.66954,-2.103617,12.02693,-0.8893350629873267,35.93893466801808
05/11/2023 12:34:21.764020,4855,True,True,True,True,Eyes,1.295439,-0.2483697,-3.58753,0.004405284,0.4173847,0.9087192,0.0,0.0,0.0,0.0,0.0,0.0,0.0,-1.464111,-0.5186449,3.495669,1.286371,-0.2518348,-3.593625,-0.1139856,0.02431006,0.01561295,0.9930623,346.8707,2.632174,1.498504,0.3389037,-0.06495619,-0.9385757,0,0,0,1.286592,0.2694935,-2.479968,-0.04423721,0.2562441,1.201831,0.9983305,0.02546727,-0.05184211,-0.03655125,0.973527,-0.2256304,0.04472351,0.2271487,0.9728326,static,0.277756,24.66984,-2.108002,12.0359,-0.8794195899257584,35.939303609351526
05/11/2023 12:34:21.773906,4856,True,True,True,True,Eyes,1.295429,-0.248376,-3.587467,0.004557467,0.4173914,0.9087154,0.0,0.0,0.0,0.0,0.0,0.0,0.0,-1.464821,-0.5172418,3.495541,1.286366,-0.2518581,-3.593588,-0.1137584,0.02441849,0.01550778,0.9930873,346.8971,2.646473,1.485296,0.3389046,-0.06495842,-0.9385753,0,0,0,1.286592,0.2694935,-2.479968,-0.04455221,0.2568265,1.201671,0.9983265,0.02524554,-0.05202765,-0.03635677,0.9736371,-0.2251867,0.04497109,0.2267014,0.9729255,static,0.2873523,24.67028,-2.123281,12.06401,-0.8697427649854352,35.93981250169391
05/11/2023 12:34:21.794065,4857,True,True,True,True,Eyes,1.295416,-0.2483863,-3.587406,0.004748118,0.4174365,0.9086937,0.0,0.0,0.0,0.0,0.0,0.0,0.0,-1.465038,-0.5174951,3.495356,1.286318,-0.251785,-3.593555,-0.113792,0.02445509,0.01552084,0.9930824,346.8931,2.650546,1.48625,0.3389058,-0.06496071,-0.9385747,0,0,0,1.286592,0.2694935,-2.479968,-0.0445809,0.2566814,1.201639,0.9983221,0.02526135,-0.05210413,-0.03639253,0.973621,-0.2252506,0.04503954,0.2267689,0.9729066,static,0.2993799,24.67315,-2.124704,12.0577,-0.8575378247107046,35.942794714613825
05/11/2023 12:34:21.813727,4858,True,True,True,True,Eyes,1.295405,-0.2483985,-3.58735,0.004926562,0.4174404,0.9086909,0.0,0.0,0.0,0.0,0.0,0.0,0.0,-1.465491,-0.5166951,3.4953,1.286332,-0.2518971,-3.593557,-0.113748,0.02451383,0.01565018,0.993084,346.8977,2.655719,1.500683,0.338907,-0.06496314,-0.9385741,0,0,0,1.286592,0.2694935,-2.479968,-0.04462596,0.2569031,1.20164,0.9983083,0.02550709,-0.05224893,-0.03666069,0.9736329,-0.2251552,0.04512823,0.2266898,0.972921,static,0.310632,24.67341,-2.126848,12.0678,-0.8461997401362327,35.94313263890849
05/11/2023 12:34:21.833763,4859,True,True,True,True,Eyes,1.295411,-0.2484089,-3.587298,0.005107284,0.4174626,0.9086798,0.0,0.0,0.0,0.0,0.0,0.0,0.0,-1.465384,-0.512357,3.496044,1.286336,-0.2519518,-3.593611,-0.1132117,0.02450016,0.01583173,0.9931427,346.9591,2.652198,1.523362,0.3389083,-0.06496574,-0.9385735,0,0,0,1.286592,0.2694935,-2.479968,-0.0444264,0.2582459,1.201433,0.9982982,0.02589891,-0.05224898,-0.03699373,0.973865,-0.224095,0.04507964,0.2256465,0.9731657,static,0.3220306,24.67484,-2.117709,12.13104,-0.8346755868544882,35.944654592874066
05/11/2023 12:34:21.850906,4860,True,True,True,True,Eyes,1.295417,-0.2484172,-3.587251,0.00528686,0.4174694,0.9086756,0.0,0.0,0.0,0.0,0.0,0.0,0.0,-1.465733,-0.509727,3.496326,1.286391,-0.2519268,-3.593636,-0.1128523,0.02454596,0.01586331,0.9931819,347.0004,2.657474,1.5273,0.33891,-0.06496843,-0.9385727,0,0,0,1.286592,0.2694935,-2.479968,-0.04454513,0.2590902,1.201259,0.9982917,0.02597017,-0.05233762,-0.03705044,0.9740255,-0.223387,0.04517677,0.2249445,0.9733237,static,0.3333548,24.67529,-2.123671,12.17124,-0.8232586442192513,35.945185117595486
05/11/2023 12:34:21.863855,4861,True,True,True,True,Eyes,1.295433,-0.2484237,-3.587209,0.005447852,0.417526,0.9086486,0.0,0.0,0.0,0.0,0.0,0.0,0.0,-1.466289,-0.5083035,3.496367,1.286396,-0.2518817,-3.593703,-0.112654,0.02462585,0.01587794,0.9932021,347.0231,2.666808,1.528422,0.3389121,-0.06497114,-0.9385718,0,0,0,1.286592,0.2694935,-2.479968,-0.04471789,0.259515,1.201203,0.9982829,0.02599161,-0.05249432,-0.03708841,0.9741139,-0.2229943,0.04533948,0.2245583,0.9734053,static,0.3435159,24.67888,-2.131998,12.19114,-0.8129093159345957,35.948882918121136
05/11/2023 12:34:21.873616,4862,True,True,True,True,Eyes,1.295448,-0.2484306,-3.587172,0.005599606,0.4175925,0.9086171,0.0,0.0,0.0,0.0,0.0,0.0,0.0,-1.466275,-0.5097856,3.496228,1.286419,-0.2518583,-3.593765,-0.1128614,0.02461649,0.01588926,0.9931786,346.9991,2.665364,1.529371,0.3389147,-0.0649738,-0.9385706,0,0,0,1.286592,0.2694935,-2.479968,-0.0447259,0.2589773,1.201367,0.9982831,0.02600524,-0.05248371,-0.03711824,0.9740196,-0.2234008,0.04531058,0.2249654,0.9733126,static,0.3530967,24.6831,-2.13209,12.16503,-0.8031235166755342,35.953213877955235
05/11/2023 12:34:21.894106,4863,True,True,True,True,Eyes,1.295474,-0.2484335,-3.587133,0.005735457,0.4176982,0.9085677,0.0,0.0,0.0,0.0,0.0,0.0,0.0,-1.465971,-0.5110775,3.496222,1.286412,-0.2518809,-3.593819,-0.1130293,0.02457261,0.01585593,0.9931613,346.9799,2.660517,1.525659,0.3389177,-0.06497643,-0.9385693,0,0,0,1.286592,0.2694935,-2.479968,-0.0446547,0.2585782,1.201515,0.9982896,0.02594015,-0.05239349,-0.03704984,0.973946,-0.2237334,0.04522474,0.2252919,0.9732412,static,0.3616826,24.68979,-2.128437,12.14539,-0.7942580563455304,35.9600357603459
05/11/2023 12:34:21.913830,4864,True,True,True,True,Eyes,1.295498,-0.2484365,-3.587098,0.005863857,0.4178323,0.9085053,0.0,0.0,0.0,0.0,0.0,0.0,0.0,-1.46589,-0.5131994,3.495864,1.286449,-0.2517983,-3.593732,-0.1132633,0.0245574,0.01571148,0.9931372,346.9534,2.660444,1.508424,0.3389214,-0.06497892,-0.9385678,0,0,0,1.286592,0.2694935,-2.479968,-0.04478048,0.257948,1.20153,0.9983002,0.02564441,-0.05233679,-0.03677021,0.9738491,-0.2242003,0.04521866,0.2257437,0.9731367,static,0.3698048,24.69826,-2.134401,12.11652,-0.7858008212071994,35.96865440923083
05/11/2023 12:34:21.923999,4865,True,True,True,True,Eyes,1.29552,-0.2484383,-3.587063,0.00598619,0.4179853,0.9084341,0.0,0.0,0.0,0.0,0.0,0.0,0.0,-1.465719,-0.5164863,3.495497,1.286445,-0.2518121,-3.593778,-0.1137092,0.02452818,0.01567059,0.9930876,346.9021,2.657159,1.502968,0.3389255,-0.06498128,-0.9385661,0,0,0,1.286592,0.2694935,-2.479968,-0.04476769,0.2568698,1.201809,0.9983057,0.02554639,-0.05228104,-0.0367027,0.9736493,-0.2250776,0.04515348,0.2266151,0.9729372,static,0.3775491,24.70793,-2.133296,12.06464,-0.7776845365454839,35.97848392602589
05/11/2023 12:34:21.943953,4866,True,True,True,True,Eyes,1.29554,-0.2484411,-3.587032,0.006104767,0.4181382,0.9083629,0.0,0.0,0.0,0.0,0.0,0.0,0.0,-1.466062,-0.5188522,3.494983,1.286481,-0.2517936,-3.593747,-0.1140057,0.02457062,0.01557199,0.9930542,346.8681,2.663172,1.490163,0.33893,-0.06498349,-0.9385644,0,0,0,1.286592,0.2694935,-2.479968,-0.04499498,0.2561415,1.20192,0.9983076,0.02532528,-0.05235051,-0.03653004,0.9735205,-0.2256624,0.04524932,0.2271929,0.972798,static,0.3850577,24.71759,-2.143919,12.03035,-0.7698059031013518,35.988301759722304
05/11/2023 12:34:21.964066,4867,True,True,True,True,Eyes,1.295561,-0.2484445,-3.586998,0.006220937,0.4183012,0.9082872,0.0,0.0,0.0,0.0,0.0,0.0,0.0,-1.466162,-0.5194476,3.494918,1.286461,-0.2518189,-3.593816,-0.11409,0.02458624,0.01556773,0.9930441,346.8584,2.664977,1.489253,0.3389347,-0.0649856,-0.9385625,0,0,0,1.286592,0.2694935,-2.479968,-0.04502153,0.2559462,1.202035,0.9983063,0.0253088,-0.05238268,-0.03652898,0.9734822,-0.2258274,0.04527819,0.2273584,0.9727579,static,0.3924176,24.72789,-2.144979,12.02033,-0.762055899654676,35.998765741993914
05/11/2023 12:34:21.973881,4868,True,True,True,True,Eyes,1.295581,-0.2484462,-3.586971,0.006332588,0.4184524,0.9082167,0.0,0.0,0.0,0.0,0.0,0.0,0.0,-1.466972,-0.5210446,3.494215,1.286438,-0.2518461,-3.5937,-0.114323,0.02470217,0.01555165,0.9930148,346.8314,2.678537,1.485248,0.3389398,-0.06498762,-0.9385605,0,0,0,1.286592,0.2694935,-2.479968,-0.04528764,0.2554383,1.202037,0.998296,0.02523798,-0.05261505,-0.03653409,0.9733768,-0.2262806,0.04550341,0.2278172,0.9726401,static,0.3994914,24.73745,-2.15764,11.99715,-0.7546183534683231,36.00847956101994
05/11/2023 12:34:21.994037,4869,True,True,True,True,Eyes,1.295596,-0.2484504,-3.586943,0.006457531,0.4186215,0.9081379,0.0,0.0,0.0,0.0,0.0,0.0,0.0,-1.467132,-0.5204186,3.494368,1.286415,-0.2518069,-3.593835,-0.1142536,0.0247256,0.0156223,0.9930211,346.8392,2.680389,1.493358,0.338945,-0.06498951,-0.9385585,0,0,0,1.286592,0.2694935,-2.479968,-0.04526849,0.2555397,1.202124,0.9982892,0.02537656,-0.05267588,-0.03667651,0.9734041,-0.22614,0.04553627,0.2276851,0.9726695,static,0.4074085,24.74813,-2.156573,12.00092,-0.7462947924210006,36.01933149783277
05/11/2023 12:34:22.013978,4870,True,True,True,True,Eyes,1.295609,-0.2484517,-3.586919,0.006576491,0.4187954,0.9080569,0.0,0.0,0.0,0.0,0.0,0.0,0.0,-1.467269,-0.5203202,3.494289,1.286442,-0.2518733,-3.593785,-0.1143022,0.02473653,0.01575477,0.9930131,346.8332,2.679836,1.508578,0.3389503,-0.06499137,-0.9385565,0,0,0,1.286592,0.2694935,-2.479968,-0.045216,0.2555029,1.202117,0.9982798,0.02563452,-0.052729,-0.03694427,0.9733736,-0.2262277,0.04552577,0.2277865,0.9726462,static,0.4149504,24.75913,-2.154087,11.99932,-0.7383384662489008,36.0305045030084
05/11/2023 12:34:22.024195,4871,True,True,True,True,Eyes,1.295628,-0.2484506,-3.586897,0.006686711,0.4189714,0.9079748,0.0,0.0,0.0,0.0,0.0,0.0,0.0,-1.46716,-0.5215837,3.494212,1.286415,-0.2518071,-3.593863,-0.1144616,0.02472227,0.01573918,0.9929954,346.8149,2.678231,1.506563,0.3389556,-0.0649931,-0.9385545,0,0,0,1.286592,0.2694935,-2.479968,-0.0451823,0.2550328,1.202262,0.9982822,0.02559837,-0.05270126,-0.03691737,0.9733016,-0.2265414,0.04549513,0.2280979,0.9725747,static,0.4219428,24.77026,-2.152225,11.97648,-0.730931136158468,36.04180529469902
05/11/2023 12:34:22.043892,4872,True,True,True,True,Eyes,1.295645,-0.2484497,-3.586875,0.006787121,0.4191468,0.9078931,0.0,0.0,0.0,0.0,0.0,0.0,0.0,-1.466846,-0.5221293,3.49425,1.286405,-0.2517564,-3.593859,-0.1145301,0.02467798,0.01574223,0.9929884,346.807,2.672947,1.507354,0.3389609,-0.06499466,-0.9385524,0,0,0,1.286592,0.2694935,-2.479968,-0.04507182,0.2548164,1.202286,0.9982864,0.02561097,-0.05261581,-0.03691645,0.9732701,-0.2266771,0.04540396,0.2282311,0.9725477,static,0.4283171,24.78134,-2.146924,11.96637,-0.7241478065508762,36.05305140737728
05/11/2023 12:34:22.063776,4873,True,True,True,True,Eyes,1.29566,-0.2484495,-3.586852,0.006862116,0.4193212,0.907812,0.0,0.0,0.0,0.0,0.0,0.0,0.0,-1.466367,-0.5227374,3.494352,1.286363,-0.251759,-3.593865,-0.1146179,0.02461411,0.01575801,0.9929796,346.797,2.665183,1.509851,0.3389663,-0.06499606,-0.9385504,0,0,0,1.286592,0.2694935,-2.479968,-0.04487473,0.254601,1.202346,0.9982917,0.02565233,-0.05249491,-0.0369372,0.9732289,-0.2268507,0.04527031,0.2284022,0.9725138,static,0.4330883,24.79236,-2.137438,11.95597,-0.7189805838986771,36.06422616196828
05/11/2023 12:34:22.073833,4874,True,True,True,True,Eyes,1.295675,-0.2484485,-3.586829,0.006926835,0.4194993,0.9077293,0.0,0.0,0.0,0.0,0.0,0.0,0.0,-1.46594,-0.5233285,3.494375,1.286357,-0.251778,-3.5938,-0.1147337,0.02455051,0.01584052,0.9929666,346.7835,2.65652,1.520081,0.3389717,-0.06499734,-0.9385483,0,0,0,1.286592,0.2694935,-2.479968,-0.04465856,0.2543532,1.202354,0.9982927,0.02582468,-0.05239055,-0.03709177,0.9731705,-0.2270757,0.04512078,0.2286313,0.9724669,static,0.4372126,24.80362,-2.127136,11.94459,-0.7144568020775124,36.075639280851064
05/11/2023 12:34:22.094042,4875,True,True,True,True,Eyes,1.295699,-0.2484499,-3.586811,0.006978285,0.4196452,0.9076613,0.0,0.0,0.0,0.0,0.0,0.0,0.0,-1.46546,-0.5242412,3.494416,1.28635,-0.251763,-3.593782,-0.1148809,0.02447928,0.015904,0.9929503,346.7665,2.647189,1.528117,0.3389771,-0.06499849,-0.9385463,0,0,0,1.286592,0.2694935,-2.479968,-0.04444327,0.2539847,1.202416,0.9982957,0.02595936,-0.05226753,-0.03720816,0.9730989,-0.2273633,0.04495927,0.2289206,0.9724063,static,0.440493,24.81284,-2.116781,11.92718,-0.710849960537276,36.084984014144595
05/11/2023 12:34:22.114057,4876,True,True,True,True,Eyes,1.295724,-0.248452,-3.586792,0.007024157,0.4197765,0.9076003,0.0,0.0,0.0,0.0,0.0,0.0,0.0,-1.464454,-0.5237377,3.494988,1.286323,-0.2518259,-3.593859,-0.1147889,0.0243434,0.01585505,0.992965,346.7774,2.632049,1.524454,0.3389827,-0.06499959,-0.9385442,0,0,0,1.286592,0.2694935,-2.479968,-0.0441354,0.254243,1.202472,0.9983121,0.02589832,-0.05198426,-0.03707572,0.9731442,-0.2271908,0.04470432,0.2287347,0.9724619,static,0.4434182,24.82113,-2.102034,11.93842,-0.7076314136778437,36.09338600376834
05/11/2023 12:34:22.124116,4877,True,True,True,True,Eyes,1.295766,-0.2484521,-3.586775,0.007041133,0.4198793,0.9075526,0.0,0.0,0.0,0.0,0.0,0.0,0.0,-1.464207,-0.522824,3.495204,1.286382,-0.2518429,-3.593814,-0.1146703,0.02430153,0.01587715,0.9929794,346.7911,2.626967,1.527885,0.3389884,-0.06500065,-0.9385421,0,0,0,1.286592,0.2694935,-2.479968,-0.04406985,0.2545584,1.202373,0.9983147,0.02595804,-0.05190311,-0.03710469,0.9731973,-0.2269588,0.04462056,0.2285022,0.9725203,static,0.4445132,24.82763,-2.099087,11.95377,-0.7063146534552598,36.09996582069979
05/11/2023 12:34:22.151248,4878,True,True,True,True,Eyes,1.295807,-0.2484512,-3.586758,0.007059204,0.4199803,0.9075058,0.0,0.0,0.0,0.0,0.0,0.0,0.0,-1.464154,-0.5229802,3.495213,1.286379,-0.2518039,-3.593827,-0.1147138,0.0242911,0.01594996,0.9929736,346.7859,2.624719,1.536436,0.3389947,-0.0650016,-0.9385397,0,0,0,1.286592,0.2694935,-2.479968,-0.04399008,0.2544132,1.202402,0.9983112,0.02610273,-0.0519002,-0.03724883,0.9731727,-0.2270407,0.04458148,0.2285905,0.9725014,static,0.445677,24.83401,-2.095242,11.94686,-0.7049325748332771,36.10642475760018
